# idx stamp x y z qx qy qz qw yaw pcd_file
0 1778824266.375137568 -1.179666 -0.817061 -0.227886 0.225711681 0.024681815 -0.940482410 0.252859409 -2.598944122 keyframe_000000.pcd
1 1778824297.675761938 -1.612511 -1.090604 -0.312763 0.227700380 0.005275714 -0.934313743 0.274194335 -2.541921938 keyframe_000001.pcd
2 1778824298.873952389 -2.010671 -1.372731 -0.441249 0.231690511 0.028797722 -0.933072380 0.273616761 -2.551735090 keyframe_000002.pcd
3 1778824299.575707197 -2.449114 -1.657067 -0.544522 0.256397243 0.022867844 -0.925074012 0.279241092 -2.525133172 keyframe_000003.pcd
4 1778824307.775308371 -2.840935 -1.994285 -0.636883 0.239468237 0.033777793 -0.923499895 0.297761596 -2.495566397 keyframe_000004.pcd
5 1778824309.575466156 -3.271190 -2.354797 -0.710364 0.216025835 0.001813494 -0.921003747 0.324162995 -2.433525238 keyframe_000005.pcd
6 1778824309.775460720 -3.337769 -2.451605 -0.736282 0.218706653 0.031243906 -0.888432608 0.402341546 -2.262336895 keyframe_000006.pcd
7 1778824309.875548840 -3.353624 -2.509005 -0.737440 0.206321095 0.031557823 -0.863692253 0.458771623 -2.135610076 keyframe_000007.pcd
8 1778824309.975455761 -3.364135 -2.569253 -0.747601 0.208874995 0.022073441 -0.826736151 0.521911233 -1.977733966 keyframe_000008.pcd
9 1778824310.075444698 -3.368390 -2.632937 -0.754445 0.202712561 0.014425884 -0.793830491 0.573177688 -1.851566245 keyframe_000009.pcd
10 1778824310.275506735 -3.379100 -2.792964 -0.764971 0.185941357 0.046925651 -0.757266554 0.624316555 -1.732406239 keyframe_000010.pcd
11 1778824310.475535154 -3.385470 -3.005281 -0.761924 0.187035039 0.039832379 -0.722964540 0.663892725 -1.622102106 keyframe_000011.pcd
12 1778824311.075469732 -3.407796 -3.512673 -0.777013 0.182011981 0.037231351 -0.694285989 0.695307436 -1.535974298 keyframe_000012.pcd
13 1778824311.675520182 -3.395591 -4.053401 -0.782407 0.167374940 0.019729971 -0.687512798 0.706344470 -1.515005550 keyframe_000013.pcd
14 1778824312.175431252 -3.352177 -4.610713 -0.820920 0.176903007 0.040705882 -0.647898978 0.739780556 -1.405882056 keyframe_000014.pcd
15 1778824312.575309753 -3.234083 -5.081313 -0.780350 0.155740851 0.042347769 -0.608129373 0.777258078 -1.302003636 keyframe_000015.pcd
16 1778824313.075395823 -3.110922 -5.654796 -0.737432 0.155925578 0.050445091 -0.594264845 0.787395581 -1.266848134 keyframe_000016.pcd
17 1778824313.575515509 -2.956514 -6.224506 -0.689724 0.149853502 0.040366314 -0.590671437 0.791847045 -1.257673124 keyframe_000017.pcd
18 1778824313.975547314 -2.811559 -6.703851 -0.673310 0.156261923 0.051951150 -0.585097292 0.794068290 -1.243537216 keyframe_000018.pcd
19 1778824314.375414133 -2.690156 -7.205492 -0.659883 0.156288434 0.041795449 -0.584112134 0.795386749 -1.240467686 keyframe_000019.pcd
20 1778824314.775093079 -2.519142 -7.688891 -0.633662 0.158470706 0.043287395 -0.579901060 0.797952378 -1.229662794 keyframe_000020.pcd
21 1778824315.174387693 -2.370833 -8.162927 -0.575405 0.157391387 0.050118148 -0.576812119 0.800002439 -1.222329183 keyframe_000021.pcd
22 1778824315.575496912 -2.220778 -8.694507 -0.553455 0.150052961 0.045692458 -0.574879469 0.803062827 -1.218067440 keyframe_000022.pcd
23 1778824316.074275970 -2.032897 -9.160219 -0.543938 0.138476461 0.038084316 -0.574976829 0.805466015 -1.219211553 keyframe_000023.pcd
24 1778824316.875264645 -1.871580 -9.709363 -0.502004 0.139661312 0.032696279 -0.566736940 0.811316776 -1.198563079 keyframe_000024.pcd
25 1778824317.475283384 -1.662394 -10.224851 -0.487645 0.128236827 0.039155359 -0.561162492 0.816773428 -1.186047074 keyframe_000025.pcd
26 1778824318.073202372 -1.500954 -10.727099 -0.426489 0.136847647 0.017663521 -0.558267607 0.818106350 -1.178386692 keyframe_000026.pcd
27 1778824318.575284481 -1.320328 -11.193953 -0.394727 0.138758186 0.016851150 -0.554610258 0.820286332 -1.169359773 keyframe_000027.pcd
28 1778824319.174852610 -1.121854 -11.742720 -0.359048 0.144007582 0.030149979 -0.547088101 0.824043327 -1.150051931 keyframe_000028.pcd
29 1778824320.675228357 -0.897281 -12.203037 -0.325174 0.124608730 0.023360109 -0.537084671 0.833946657 -1.128036635 keyframe_000029.pcd
30 1778824322.875230551 -0.637754 -12.676393 -0.262655 0.113709879 0.001317305 -0.521314922 0.845753558 -1.092998678 keyframe_000030.pcd
31 1778824323.375238180 -0.414619 -13.246484 -0.200309 0.120703664 -0.010756929 -0.513189522 0.849677250 -1.075034609 keyframe_000031.pcd
32 1778824323.675176620 -0.205338 -13.752745 -0.167389 0.126335564 0.001883630 -0.512051523 0.849611096 -1.070329342 keyframe_000032.pcd
33 1778824323.975292683 0.073654 -14.362410 -0.109641 0.132978385 0.007518890 -0.505273109 0.852619083 -1.053336784 keyframe_000033.pcd
34 1778824324.175063610 0.290513 -14.831441 -0.069114 0.123054363 0.005985508 -0.520979602 0.844631311 -1.091081969 keyframe_000034.pcd
35 1778824324.375228643 0.491432 -15.356145 -0.027914 0.132910985 0.016597918 -0.570178639 0.810527914 -1.207946185 keyframe_000035.pcd
36 1778824324.575110435 0.708123 -15.921308 0.036579 0.132554854 0.027072846 -0.571870524 0.809110855 -1.211907439 keyframe_000036.pcd
37 1778824324.775238276 0.926549 -16.510264 0.070954 0.132370456 0.037579778 -0.576337082 0.805544158 -1.223163060 keyframe_000037.pcd
38 1778824324.975182295 1.103790 -17.058493 0.108408 0.138459898 0.048937586 -0.595007907 0.790189572 -1.270350479 keyframe_000038.pcd
39 1778824325.275055408 1.290022 -17.636774 0.164536 0.156715825 0.023310651 -0.597333509 0.786186646 -1.273716973 keyframe_000039.pcd
40 1778824327.573162079 1.471405 -18.112899 0.152437 0.140069719 0.040673696 -0.592593532 0.792186235 -1.263482706 keyframe_000040.pcd
41 1778824328.573288202 1.620317 -18.649508 0.207691 0.136794830 0.019845982 -0.589427668 0.795907240 -1.255408503 keyframe_000041.pcd
42 1778824329.075006723 1.775843 -19.233783 0.219097 0.158686301 0.029820997 -0.577399980 0.800336573 -1.223185977 keyframe_000042.pcd
43 1778824329.474215508 1.869729 -19.717750 0.239046 0.149607656 0.015431492 -0.654314213 0.741115598 -1.423441345 keyframe_000043.pcd
44 1778824329.675071478 1.850611 -19.983684 0.222229 0.210824259 0.022170991 -0.722897026 0.657633232 -1.619769976 keyframe_000044.pcd
45 1778824329.774924278 1.811531 -20.079967 0.218128 0.192418183 0.009928845 -0.756490141 0.624979461 -1.723306223 keyframe_000045.pcd
46 1778824330.075117350 1.644007 -20.426094 0.189308 0.217877558 0.016331063 -0.792967367 0.568740206 -1.851626573 keyframe_000046.pcd
47 1778824330.175101280 1.553384 -20.531880 0.187299 0.207890737 0.011211375 -0.824710629 0.525840399 -1.966673877 keyframe_000047.pcd
48 1778824330.275010586 1.486292 -20.631960 0.162432 0.199227554 0.003167664 -0.858198692 0.473068021 -2.098977135 keyframe_000048.pcd
49 1778824330.475119591 1.279597 -20.782858 0.107750 0.237197212 -0.007613116 -0.896149109 0.374961729 -2.302131868 keyframe_000049.pcd
50 1778824330.675220966 1.081798 -20.917065 0.053346 0.232219109 -0.010832927 -0.916480189 0.325608655 -2.417156062 keyframe_000050.pcd
51 1778824331.075098515 0.630824 -21.150617 -0.063213 0.240002122 0.009961123 -0.927968281 0.284911613 -2.514083812 keyframe_000051.pcd
52 1778824331.375157118 0.290547 -21.294128 -0.135414 0.247725073 0.014123133 -0.945410991 0.211260227 -2.679512999 keyframe_000052.pcd
53 1778824331.675062656 -0.057564 -21.428315 -0.249374 0.247565762 -0.015458550 -0.956727536 0.152133656 -2.796519642 keyframe_000053.pcd
54 1778824332.075017452 -0.556532 -21.542070 -0.319315 0.232061343 -0.004232223 -0.958760974 0.164033582 -2.780657399 keyframe_000054.pcd
55 1778824332.374952078 -0.937767 -21.688605 -0.390800 0.246820160 0.013657310 -0.946057791 0.209446754 -2.683686139 keyframe_000055.pcd
56 1778824332.775191545 -1.385047 -21.900827 -0.490679 0.245346706 0.019886217 -0.940234298 0.235306177 -2.628968729 keyframe_000056.pcd
57 1778824333.175001621 -1.808812 -22.200187 -0.591507 0.227168752 0.023988865 -0.916881436 0.327333659 -2.429296681 keyframe_000057.pcd
58 1778824333.274969339 -1.868568 -22.286145 -0.595736 0.207653758 0.016962273 -0.897063563 0.389703941 -2.293219084 keyframe_000058.pcd
59 1778824333.375222921 -1.936943 -22.370441 -0.608898 0.216303150 0.050879878 -0.872307325 0.435550360 -2.191025392 keyframe_000059.pcd
60 1778824333.575185776 -2.083363 -22.570230 -0.596034 0.208911492 0.034985285 -0.843712108 0.493236148 -2.051233640 keyframe_000060.pcd
61 1778824333.875210285 -2.232738 -22.898081 -0.628728 0.203535758 0.041853613 -0.819864908 0.533519449 -1.956061507 keyframe_000061.pcd
62 1778824334.273865938 -2.388354 -23.378257 -0.745043 0.213470247 0.041233271 -0.804628364 0.552542729 -1.900505189 keyframe_000062.pcd
63 1778824334.775113106 -2.589570 -23.949066 -0.804194 0.196763321 0.018567736 -0.805307545 0.558944713 -1.892631585 keyframe_000063.pcd
64 1778824335.174830198 -2.798637 -24.371824 -0.838846 0.198678014 0.023595451 -0.845912473 0.494370701 -2.052409785 keyframe_000064.pcd
65 1778824335.474784136 -3.015794 -24.658851 -0.902168 0.231394565 0.019512161 -0.864552737 0.445672969 -2.147756274 keyframe_000065.pcd
66 1778824335.775088310 -3.290981 -24.946209 -0.920360 0.232779176 0.016666252 -0.889943298 0.391837999 -2.273887824 keyframe_000066.pcd
67 1778824335.874963522 -3.405410 -25.037065 -0.943061 0.239494305 0.007737989 -0.911513898 0.334252920 -2.400496701 keyframe_000067.pcd
68 1778824335.975105286 -3.512327 -25.102134 -0.966358 0.226392330 0.021109300 -0.938769249 0.258869091 -2.583641540 keyframe_000068.pcd
69 1778824336.073091269 -3.620161 -25.129949 -1.005052 0.241110124 -0.008237354 -0.950804320 0.194342994 -2.708650316 keyframe_000069.pcd
70 1778824336.171884537 -3.728511 -25.140573 -1.021905 0.247286783 -0.025425435 -0.957904315 0.143604034 -2.810323974 keyframe_000070.pcd
71 1778824336.271356821 -3.842032 -25.147145 -1.064603 0.249353573 -0.022163565 -0.962785224 0.101863554 -2.903810049 keyframe_000071.pcd
72 1778824336.474881411 -4.069731 -25.173304 -1.128081 0.239094579 -0.010615728 -0.969516675 0.052521467 -3.020708899 keyframe_000072.pcd
73 1778824336.871680498 -4.534400 -25.192594 -1.204050 0.226154212 0.004812077 -0.973960757 0.015217101 -3.110991661 keyframe_000073.pcd
74 1778824337.374948025 -5.143068 -25.193767 -1.363994 0.242123950 0.006685532 -0.968154731 0.063306500 -3.005996184 keyframe_000074.pcd
75 1778824337.773062706 -5.644957 -25.311240 -1.455760 0.248294776 0.020648675 -0.962445711 0.107803473 -2.914454946 keyframe_000075.pcd
76 1778824338.273697853 -6.232069 -25.470366 -1.567696 0.244465740 0.010566439 -0.961072111 0.128316993 -2.864032190 keyframe_000076.pcd
77 1778824338.673215389 -6.697076 -25.626068 -1.667393 0.240376780 0.002939379 -0.961049618 0.136359800 -2.843102738 keyframe_000077.pcd
78 1778824339.175116062 -7.278487 -25.794915 -1.777627 0.236888130 0.018008554 -0.962199307 0.133162307 -2.858732207 keyframe_000078.pcd
79 1778824339.573985338 -7.778153 -25.913669 -1.915210 0.238053550 0.010864236 -0.961717325 0.135322812 -2.850026747 keyframe_000079.pcd
80 1778824339.975021124 -8.267210 -26.050086 -2.008181 0.230721021 0.011490810 -0.959864225 0.159048553 -2.799645751 keyframe_000080.pcd
81 1778824340.475005388 -8.819336 -26.311258 -2.158947 0.251264595 0.017792519 -0.948215696 0.193485203 -2.720297623 keyframe_000081.pcd
82 1778824340.975121737 -9.405448 -26.535894 -2.248212 0.245127380 0.019358274 -0.949374219 0.195515773 -2.718503520 keyframe_000082.pcd
83 1778824341.375199318 -9.876584 -26.734133 -2.353881 0.256169489 0.014549236 -0.946407182 0.196160543 -2.710855328 keyframe_000083.pcd
84 1778824341.775167465 -10.315405 -26.954758 -2.468853 0.249656573 0.017342699 -0.946995177 0.201422344 -2.702687762 keyframe_000084.pcd
85 1778824342.175040960 -10.757874 -27.168507 -2.568922 0.251065373 0.023044950 -0.945469910 0.206208044 -2.694393360 keyframe_000085.pcd
86 1778824342.575062752 -11.226572 -27.369624 -2.692428 0.243740848 0.021480454 -0.946154730 0.211943901 -2.683091842 keyframe_000086.pcd
87 1778824342.975718975 -11.685073 -27.575619 -2.771153 0.233599748 0.010499193 -0.948172814 0.215149341 -2.673994017 keyframe_000087.pcd
88 1778824343.374848604 -12.131658 -27.794720 -2.850897 0.227787620 0.011276961 -0.950132279 0.212683527 -2.681785854 keyframe_000088.pcd
89 1778824343.775197506 -12.581825 -28.028269 -2.949166 0.231047653 0.016455481 -0.948154724 0.217597834 -2.672190490 keyframe_000089.pcd
90 1778824344.175106764 -13.060134 -28.215523 -3.046036 0.233864879 0.012145728 -0.947900690 0.215972176 -2.672844847 keyframe_000090.pcd
91 1778824344.675188065 -13.629437 -28.472649 -3.167186 0.255538563 0.032006734 -0.942675638 0.212222180 -2.684026450 keyframe_000091.pcd
92 1778824345.075021267 -14.066908 -28.732352 -3.282230 0.251055051 0.021060912 -0.944231268 0.212026205 -2.680179689 keyframe_000092.pcd
93 1778824345.475035191 -14.529519 -28.948654 -3.381383 0.246329988 0.015141303 -0.944800368 0.215509958 -2.670953477 keyframe_000093.pcd
94 1778824345.874926805 -14.986356 -29.149465 -3.465959 0.241756027 0.026154847 -0.945738539 0.215519285 -2.678048168 keyframe_000094.pcd
95 1778824346.273195505 -15.443387 -29.386750 -3.631529 0.238792163 0.023335759 -0.946199257 0.217119116 -2.674018341 keyframe_000095.pcd
96 1778824346.472574234 -15.662584 -29.492103 -3.678025 0.220074429 0.029054787 -0.958600073 0.178350680 -2.767944981 keyframe_000096.pcd
97 1778824346.973275900 -16.259684 -29.646753 -3.785590 0.256648179 0.007220228 -0.956530340 0.138308674 -2.837050956 keyframe_000097.pcd
98 1778824347.375025988 -16.751918 -29.792315 -3.914305 0.246769168 0.018508443 -0.960018378 0.130870657 -2.862185118 keyframe_000098.pcd
99 1778824347.774366379 -17.251196 -29.905164 -4.059119 0.245955526 0.021009080 -0.961421130 0.121383314 -2.884817058 keyframe_000099.pcd
100 1778824348.175123930 -17.736473 -30.036214 -4.171120 0.251823588 0.021786683 -0.959323472 0.125732643 -2.874511869 keyframe_000100.pcd
101 1778824348.574761391 -18.204980 -30.176871 -4.275918 0.255732366 0.018008187 -0.957825599 0.129795164 -2.862501950 keyframe_000101.pcd
102 1778824349.075095177 -18.784495 -30.339226 -4.375630 0.244043639 0.019608682 -0.959627304 0.138468914 -2.846410689 keyframe_000102.pcd
103 1778824349.574986935 -19.357372 -30.508143 -4.505643 0.236605989 0.014108821 -0.961578294 0.138512569 -2.844954900 keyframe_000103.pcd
104 1778824349.975068331 -19.826319 -30.647716 -4.619392 0.244664598 0.010121113 -0.958919514 0.143213700 -2.830651912 keyframe_000104.pcd
105 1778824350.475508928 -20.399972 -30.811886 -4.749109 0.239410994 0.018745341 -0.959992230 0.144034396 -2.834548372 keyframe_000105.pcd
106 1778824350.875094175 -20.870480 -30.957701 -4.835600 0.231782986 0.012748029 -0.961313552 0.148291570 -2.823726439 keyframe_000106.pcd
107 1778824351.275207281 -21.349136 -31.089537 -4.938201 0.231775522 0.018736085 -0.961600472 0.145786143 -2.832237683 keyframe_000107.pcd
108 1778824351.675200224 -21.826955 -31.234317 -5.064709 0.233809905 0.013551474 -0.960819221 0.148242068 -2.823788004 keyframe_000108.pcd
109 1778824352.075547218 -22.291587 -31.408665 -5.201024 0.241249778 0.014545360 -0.958645132 0.150288017 -2.818068838 keyframe_000109.pcd
110 1778824352.475173473 -22.763471 -31.588970 -5.299512 0.247094730 0.015911567 -0.956444378 0.154612960 -2.807746724 keyframe_000110.pcd
111 1778824352.874778748 -23.234480 -31.747328 -5.367618 0.251810081 0.028002867 -0.954433740 0.157682462 -2.806343829 keyframe_000111.pcd
112 1778824353.275020838 -23.725424 -31.888772 -5.464890 0.247122569 0.033492853 -0.954699583 0.162349532 -2.799922197 keyframe_000112.pcd
113 1778824353.475050926 -23.929379 -31.998815 -5.528616 0.242611695 0.061697435 -0.939316955 0.234556282 -2.652801583 keyframe_000113.pcd
114 1778824353.575447559 -24.008848 -32.085458 -5.560454 0.246650826 0.055121410 -0.922821158 0.290733745 -2.518757876 keyframe_000114.pcd
115 1778824353.675110817 -24.092418 -32.195998 -5.604177 0.221701203 0.048399104 -0.902507966 0.366040264 -2.351856626 keyframe_000115.pcd
116 1778824353.775097132 -24.145303 -32.303029 -5.626204 0.198081095 0.047859145 -0.871643794 0.445769535 -2.175660809 keyframe_000116.pcd
117 1778824353.875410557 -24.176900 -32.419775 -5.647835 0.209221758 0.075091013 -0.825676095 0.518504178 -1.997268021 keyframe_000117.pcd
118 1778824353.975163937 -24.199964 -32.548833 -5.642376 0.201965755 0.069282239 -0.786847632 0.579034204 -1.844384240 keyframe_000118.pcd
119 1778824354.075561523 -24.219715 -32.669016 -5.623399 0.190823045 0.049693969 -0.755881893 0.624307327 -1.729113676 keyframe_000119.pcd
120 1778824354.274943113 -24.224714 -32.923315 -5.646436 0.185520346 0.069601615 -0.715455095 0.669971509 -1.606629158 keyframe_000120.pcd
121 1778824354.474932194 -24.203742 -33.168527 -5.654971 0.172231296 0.041026561 -0.688204016 0.703582571 -1.519092575 keyframe_000121.pcd
122 1778824354.675036430 -24.177243 -33.394577 -5.633002 0.164491492 0.049294896 -0.634367127 0.753718057 -1.371063023 keyframe_000122.pcd
123 1778824354.875104189 -24.148969 -33.612894 -5.581691 0.143264450 0.031257532 -0.586920808 0.796255128 -1.248540186 keyframe_000123.pcd
124 1778824355.275239706 -23.951895 -34.064638 -5.613762 0.142692792 0.037642611 -0.542151489 0.827220384 -1.138121284 keyframe_000124.pcd
125 1778824355.675359249 -23.767349 -34.534506 -5.574954 0.128273672 0.036365578 -0.534341270 0.834687257 -1.120862594 keyframe_000125.pcd
126 1778824356.074787855 -23.533871 -34.985197 -5.541628 0.111002145 0.037118260 -0.487422024 0.865286386 -1.012167123 keyframe_000126.pcd
127 1778824356.174254417 -23.457465 -35.054905 -5.513516 0.098175629 0.021754777 -0.431602535 0.896441592 -0.887510236 keyframe_000127.pcd
128 1778824356.272939920 -23.374434 -35.110977 -5.503150 0.068545747 0.003320409 -0.367134639 0.927632800 -0.750173618 keyframe_000128.pcd
129 1778824356.372484207 -23.287479 -35.166008 -5.487088 0.047118906 0.049998149 -0.305125715 0.949830665 -0.617962970 keyframe_000129.pcd
130 1778824356.471363306 -23.201259 -35.203384 -5.463064 0.019881001 0.043119999 -0.222007599 0.973888103 -0.447345609 keyframe_000130.pcd
131 1778824356.575317860 -23.139227 -35.226848 -5.404459 -0.000311058 0.029594641 -0.120136039 0.992316176 -0.241187150 keyframe_000131.pcd
132 1778824356.675047636 -23.074308 -35.209264 -5.367193 -0.023114667 0.003143095 -0.018770571 0.999551649 -0.037679080 keyframe_000132.pcd
133 1778824356.774739981 -22.986426 -35.172447 -5.355425 -0.063755304 0.039869625 0.045553788 0.996127766 0.086090226 keyframe_000133.pcd
134 1778824356.874269962 -22.890175 -35.132448 -5.320196 -0.068769467 0.009705534 0.112203609 0.991255221 0.223088845 keyframe_000134.pcd
135 1778824356.972824812 -22.762120 -35.089133 -5.297604 -0.063928008 0.017213447 0.159131674 0.985035034 0.317043669 keyframe_000135.pcd
136 1778824357.171229362 -22.521189 -34.979557 -5.253090 -0.084681103 0.026983205 0.205130929 0.974690884 0.408055322 keyframe_000136.pcd
137 1778824357.474930048 -22.190950 -34.789928 -5.217247 -0.069816145 0.012835085 0.250450746 0.965523376 0.503737897 keyframe_000137.pcd
138 1778824357.974144936 -21.684921 -34.453784 -5.124758 -0.074643741 0.024101583 0.266897757 0.960527466 0.536379009 keyframe_000138.pcd
139 1778824358.172519445 -21.466217 -34.371379 -5.060655 -0.048316876 0.010282430 0.193347201 0.979886019 0.387859865 keyframe_000139.pcd
140 1778824358.375016689 -21.201569 -34.344045 -5.007342 -0.017969470 0.032138686 0.110874261 0.993152104 0.221384534 keyframe_000140.pcd
141 1778824358.574314356 -20.946323 -34.322228 -4.955866 -0.010486743 0.011212833 0.064492595 0.997800083 0.128858754 keyframe_000141.pcd
142 1778824358.974161148 -20.449145 -34.252532 -4.845705 -0.015600822 0.015238618 0.023560587 0.999484516 0.046661047 keyframe_000142.pcd
143 1778824359.275148630 -20.082039 -34.185663 -4.747824 -0.034135441 0.041038970 0.088396109 0.994654062 0.174600034 keyframe_000143.pcd
144 1778824359.575168848 -19.738870 -34.076694 -4.621145 -0.040447318 0.002543575 0.137150362 0.989720831 0.274754521 keyframe_000144.pcd
145 1778824359.975408792 -19.273543 -33.906862 -4.500113 -0.040860221 0.012824884 0.155352116 0.986930436 0.310795797 keyframe_000145.pcd
146 1778824360.375354528 -18.792398 -33.689565 -4.451068 -0.045505376 0.027575177 0.162128122 0.985334127 0.323356135 keyframe_000146.pcd
147 1778824360.875253916 -18.205254 -33.495925 -4.300834 -0.043242659 0.015027319 0.168403623 0.984654494 0.337004591 keyframe_000147.pcd
148 1778824361.275340080 -17.726607 -33.332898 -4.197944 -0.047950396 0.021684158 0.164176233 0.985026254 0.327742887 keyframe_000148.pcd
149 1778824361.675325155 -17.248122 -33.187649 -4.096234 -0.046828814 0.017155319 0.163418726 0.985295426 0.326586512 keyframe_000149.pcd
150 1778824362.175327301 -16.689528 -32.973367 -3.973137 -0.054935103 0.033745330 0.159121200 0.985151679 0.316147701 keyframe_000150.pcd
151 1778824362.575192213 -16.232619 -32.795931 -3.845349 -0.047977204 0.029987971 0.165033827 0.984663773 0.328935070 keyframe_000151.pcd
152 1778824362.976220131 -15.738846 -32.600677 -3.758324 -0.047716795 0.030118302 0.171169857 0.983624357 0.341411214 keyframe_000152.pcd
153 1778824363.476277113 -15.164065 -32.380950 -3.626545 -0.048958095 0.029226101 0.165771256 0.984514515 0.330410023 keyframe_000153.pcd
154 1778824363.876229763 -14.688061 -32.201849 -3.510546 -0.050267919 0.030177679 0.166696688 0.984263510 0.332132914 keyframe_000154.pcd
155 1778824364.376257896 -14.145020 -31.988773 -3.379594 -0.045369066 0.014171089 0.171871171 0.983972118 0.344011249 keyframe_000155.pcd
156 1778824364.775189400 -13.679422 -31.803516 -3.277012 -0.056413926 0.024810238 0.166719617 0.984076466 0.332151008 keyframe_000156.pcd
157 1778824365.175179958 -13.201052 -31.612630 -3.169973 -0.056123232 0.033224555 0.171010188 0.983108248 0.340234170 keyframe_000157.pcd
158 1778824365.575199127 -12.726382 -31.390495 -2.990396 -0.049917255 0.029452797 0.177516344 0.982409664 0.354199316 keyframe_000158.pcd
159 1778824365.974502563 -12.256955 -31.216956 -2.950768 -0.049074302 0.032613860 0.179208430 0.982045003 0.357516460 keyframe_000159.pcd
160 1778824366.374078274 -11.782440 -31.051510 -2.860581 -0.050547873 0.045110960 0.179175022 0.981481648 0.356658884 keyframe_000160.pcd
161 1778824366.774752140 -11.325148 -30.862079 -2.737932 -0.050223564 0.040285284 0.181630890 0.981256801 0.361937447 keyframe_000161.pcd
162 1778824367.172519207 -10.870832 -30.649016 -2.641360 -0.043431025 0.037038311 0.189313591 0.980256229 0.378365722 keyframe_000162.pcd
163 1778824367.571061134 -10.399601 -30.426842 -2.564931 -0.056410333 0.039748892 0.186589466 0.980011363 0.371503733 keyframe_000163.pcd
164 1778824367.974512815 -9.951205 -30.206426 -2.456635 -0.100221992 0.029982358 0.252691006 0.961875182 0.504016788 keyframe_000164.pcd
165 1778824368.068441153 -9.864837 -30.138668 -2.414047 -0.101026419 0.027534941 0.302183795 0.947481105 0.607399673 keyframe_000165.pcd
166 1778824368.272701979 -9.672023 -29.959044 -2.354622 -0.103004573 0.001740645 0.383472746 0.917788473 0.783726490 keyframe_000166.pcd
167 1778824368.675228119 -9.343433 -29.537825 -2.302837 -0.120475774 0.017251230 0.428843721 0.895143031 0.879732112 keyframe_000167.pcd
168 1778824368.874522448 -9.177625 -29.365107 -2.252011 -0.102593083 0.001563803 0.373479471 0.921946473 0.762210186 keyframe_000168.pcd
169 1778824369.073895216 -8.917958 -29.218009 -2.225075 -0.070100150 0.038711786 0.310502669 0.947193465 0.627108495 keyframe_000169.pcd
170 1778824369.276086092 -8.710173 -29.081744 -2.193706 -0.064275119 0.012750462 0.265294764 0.961938056 0.534757004 keyframe_000170.pcd
171 1778824369.675119400 -8.233911 -28.817532 -2.094326 -0.065785322 0.024914425 0.235167113 0.969405999 0.471356053 keyframe_000171.pcd
172 1778824370.076090097 -7.783053 -28.563374 -1.984147 -0.058772706 0.017192980 0.183401449 0.981128982 0.366562409 keyframe_000172.pcd
173 1778824370.375821829 -7.399319 -28.461957 -1.918894 -0.028546753 0.038928266 0.131492938 0.990141041 0.262089593 keyframe_000173.pcd
174 1778824370.575148344 -7.165647 -28.415666 -1.854609 -0.015056862 0.024972600 0.082367207 0.996175338 0.164314040 keyframe_000174.pcd
175 1778824370.774736404 -6.919029 -28.407449 -1.846677 0.001885389 0.034836397 0.021862692 0.999152087 0.043940118 keyframe_000175.pcd
176 1778824371.175046206 -6.378245 -28.450975 -1.719232 -0.002690805 0.038999810 -0.019724322 0.999040903 -0.039751673 keyframe_000176.pcd
177 1778824371.375137091 -6.119748 -28.453643 -1.642922 -0.034859322 0.027867074 0.062891003 0.997022054 0.124004628 keyframe_000177.pcd
178 1778824371.475097418 -6.006596 -28.419873 -1.592221 -0.046252783 0.017447192 0.107904720 0.992931441 0.214523762 keyframe_000178.pcd
179 1778824371.675158978 -5.751605 -28.320926 -1.516098 -0.072864015 0.023372208 0.158789059 0.984342730 0.315131707 keyframe_000179.pcd
180 1778824372.075061560 -5.278912 -28.077177 -1.418972 -0.072943517 0.024389183 0.204230079 0.975896760 0.407423974 keyframe_000180.pcd
181 1778824372.575137377 -4.674892 -27.812924 -1.354832 -0.030850739 0.041004956 0.169201606 0.984244706 0.338341929 keyframe_000181.pcd
182 1778824373.076055527 -4.103839 -27.621688 -1.198489 -0.026060010 0.026063415 0.133083504 0.990419283 0.265829174 keyframe_000182.pcd
183 1778824373.475081682 -3.598984 -27.508862 -1.054500 -0.025632369 0.023613535 0.126232044 0.991388347 0.252095592 keyframe_000183.pcd
184 1778824373.876077890 -3.069978 -27.393771 -0.920199 -0.033175257 0.025319953 0.123659261 0.991446766 0.246426176 keyframe_000184.pcd
185 1778824374.275945902 -2.567548 -27.283214 -0.815940 -0.030393393 0.027322684 0.128091822 0.990919875 0.255450914 keyframe_000185.pcd
186 1778824374.676161766 -2.059448 -27.144758 -0.723348 -0.034189779 0.029730555 0.123469855 0.991313446 0.245781873 keyframe_000186.pcd
187 1778824375.076005936 -1.558539 -27.002292 -0.649865 -0.032805678 0.035859407 0.118235680 0.991795450 0.235063031 keyframe_000187.pcd
188 1778824375.475255013 -1.088641 -26.885913 -0.519554 -0.023015287 0.040098481 0.123571994 0.991257974 0.246513824 keyframe_000188.pcd
189 1778824375.875951290 -0.569013 -26.761993 -0.413669 -0.023517202 0.037753096 0.123332647 0.991368097 0.246028408 keyframe_000189.pcd
190 1778824376.373571396 -0.061007 -26.593876 -0.184939 -0.020189052 0.036472529 0.128214643 0.990869902 0.256169143 keyframe_000190.pcd
191 1778824377.074263334 0.347640 -26.487472 -0.151035 -0.048268242 0.047772673 0.085488719 0.994021945 0.167006813 keyframe_000191.pcd
192 1778824377.775721312 -0.195154 -26.593757 -0.367603 -0.027732413 0.030261404 0.107689288 0.993336890 0.214368245 keyframe_000192.pcd
193 1778824378.272146225 -0.719524 -26.773702 -0.450562 -0.035622128 0.022217389 0.108284549 0.993233058 0.215471767 keyframe_000193.pcd
194 1778824378.675498009 -0.854647 -26.778418 -0.463473 -0.054996804 0.017133366 0.182762921 0.981468040 0.365465079 keyframe_000194.pcd
195 1778824378.774305344 -0.860168 -26.766649 -0.471676 -0.059677747 0.020933160 0.234847675 0.969972649 0.471433956 keyframe_000195.pcd
196 1778824378.974596739 -0.840933 -26.732091 -0.496033 -0.066979065 0.022903110 0.305105750 0.949684018 0.616892025 keyframe_000196.pcd
197 1778824379.375630617 -0.658218 -26.536395 -0.466277 -0.093956773 0.007101111 0.357548977 0.929128854 0.727810492 keyframe_000197.pcd
198 1778824379.875498056 -0.273040 -26.174722 -0.385175 -0.084070964 0.007695082 0.307413633 0.947823674 0.622090406 keyframe_000198.pcd
199 1778824380.375941038 0.229307 -25.852873 -0.244079 -0.075022917 0.021166074 0.264667285 0.961184055 0.531995728 keyframe_000199.pcd
200 1778824380.575839758 0.435634 -25.755883 -0.162364 -0.050411655 0.032996716 0.221109705 0.973386039 0.443088142 keyframe_000200.pcd
201 1778824380.775878906 0.662907 -25.680544 -0.118152 -0.057264944 0.018850427 0.177216230 0.982323671 0.353921063 keyframe_000201.pcd
202 1778824381.276000261 1.194192 -25.504433 0.030814 -0.043760848 0.016077510 0.156349336 0.986600926 0.312479246 keyframe_000202.pcd
203 1778824381.775981903 1.655327 -25.303432 0.164918 -0.054370252 0.006850661 0.211530055 0.975833992 0.425047820 keyframe_000203.pcd
204 1778824382.175973654 2.027226 -25.080928 0.210351 -0.085234555 0.013836176 0.259383142 0.961906449 0.521171778 keyframe_000204.pcd
205 1778824386.275832415 2.471664 -24.764801 0.282408 -0.086367811 0.013580759 0.275568563 0.957297306 0.554695805 keyframe_000205.pcd
206 1778824386.573791981 2.493850 -24.703849 0.279669 -0.120737603 0.005032210 0.354770593 0.927111069 0.720275050 keyframe_000206.pcd
207 1778824386.774551868 2.539501 -24.633162 0.276110 -0.108111325 0.009643155 0.420829102 0.900623016 0.863943255 keyframe_000207.pcd
208 1778824387.175603151 2.685992 -24.365074 0.327592 -0.124518469 -0.010740045 0.463157387 0.877419533 0.960127293 keyframe_000208.pcd
209 1778824387.773871899 2.966003 -23.852542 0.392579 -0.135685946 0.005746025 0.470739519 0.871757198 0.973871020 keyframe_000209.pcd
210 1778824387.973780870 3.107347 -23.701356 0.427421 -0.104043028 0.014313274 0.405537618 0.908025010 0.830113348 keyframe_000210.pcd
211 1778824388.174405575 3.276710 -23.578911 0.454295 -0.100586819 0.007754890 0.352270827 0.930444742 0.715996020 keyframe_000211.pcd
212 1778824388.475366116 3.480129 -23.420847 0.521209 -0.066840442 0.013446875 0.294148843 0.953324706 0.594656698 keyframe_000212.pcd
213 1778824388.575787544 3.563428 -23.387094 0.536782 -0.066059756 -0.003038549 0.243514705 0.967640152 0.491369479 keyframe_000213.pcd
214 1778824388.775418758 3.724594 -23.350448 0.575334 -0.039592163 0.013737739 0.181319614 0.982530881 0.363470935 keyframe_000214.pcd
215 1778824388.974058867 3.901403 -23.315171 0.617087 -0.030135013 0.028109929 0.135342029 0.989941538 0.270082528 keyframe_000215.pcd
216 1778824389.575742483 4.393062 -23.170975 0.690617 -0.038466408 0.015058550 0.098800242 0.994249510 0.196709638 keyframe_000216.pcd
217 1778824390.375686407 4.892319 -23.049599 0.783797 -0.044680901 0.008760476 0.104395257 0.993493081 0.208224395 keyframe_000217.pcd
218 1778824391.475714207 5.374594 -22.922842 0.879324 -0.038120035 0.001955315 0.117157463 0.992379549 0.234543846 keyframe_000218.pcd
219 1778824394.975509644 5.863657 -22.893360 1.010047 -0.006038487 -0.010015426 0.125347111 0.992044016 0.251505727 keyframe_000219.pcd
220 1778824395.475663662 6.515993 -22.842475 1.145858 -0.013747678 -0.015363169 0.106007188 0.994151623 0.212881806 keyframe_000220.pcd
221 1778824395.774246693 7.059049 -22.780158 1.258870 -0.018079632 -0.002222652 0.118709439 0.992761933 0.238021938 keyframe_000221.pcd
222 1778824396.175456762 7.560952 -22.681613 1.394158 -0.025561490 0.022533915 0.131778341 0.990693344 0.263328473 keyframe_000222.pcd
223 1778824398.273449898 8.050109 -22.583836 1.477222 -0.012901762 0.035701799 0.146826996 0.988433488 0.294372717 keyframe_000223.pcd
224 1778824398.875409365 8.268377 -22.601976 1.463341 -0.074259488 0.118464638 0.101504906 0.984961122 0.189395485 keyframe_000224.pcd
225 1778824402.675349951 8.766255 -22.512595 1.640713 -0.034057888 -0.005551876 0.101724059 0.994213987 0.204064181 keyframe_000225.pcd
226 1778824403.275381088 9.253217 -22.408704 1.760271 -0.043258837 0.019785327 0.131968352 0.990111897 0.262968397 keyframe_000226.pcd
227 1778824403.475411415 9.293862 -22.349648 1.730915 -0.068049113 0.027050773 0.205250532 0.975966082 0.409612189 keyframe_000227.pcd
228 1778824403.675282478 9.302251 -22.317636 1.721488 -0.084898935 0.006330649 0.247937632 0.965027992 0.498563610 keyframe_000228.pcd
229 1778824403.975206375 9.394247 -22.217554 1.754040 -0.069063883 0.003502845 0.293829412 0.953353128 0.594855201 keyframe_000229.pcd
230 1778824404.575399399 9.846380 -21.879747 1.914383 -0.087166981 0.022134766 0.307030157 0.947441002 0.619439517 keyframe_000230.pcd
231 1778824404.875160456 10.121184 -21.733197 2.021689 -0.069316093 0.003079592 0.235809168 0.969319262 0.474690865 keyframe_000231.pcd
232 1778824405.175461054 10.421253 -21.618600 2.055451 -0.046605683 0.030256535 0.187662466 0.980660620 0.375060758 keyframe_000232.pcd
233 1778824406.075402498 11.003441 -21.391318 2.097748 -0.049230768 0.006411131 0.158382041 0.986128976 0.317153573 keyframe_000233.pcd
234 1778824406.673404694 11.547538 -21.215217 2.273704 -0.046216793 0.013491542 0.167636716 0.984672493 0.335433792 keyframe_000234.pcd
235 1778824407.275216103 12.080896 -21.016220 2.404514 -0.050791456 0.009602616 0.168987811 0.984261722 0.338313830 keyframe_000235.pcd
236 1778824407.771507502 12.593632 -20.801874 2.501062 -0.054177149 0.029399217 0.169779926 0.983552388 0.338162940 keyframe_000236.pcd
237 1778824408.273838997 13.148703 -20.631803 2.712086 -0.064281163 0.030215240 0.164328880 0.983845003 0.326263631 keyframe_000237.pcd
238 1778824408.875221014 13.665630 -20.385949 2.766244 -0.056423744 0.018102471 0.175577988 0.982680534 0.350703727 keyframe_000238.pcd
239 1778824409.575311422 14.183949 -20.168803 2.879637 -0.046239861 0.007124666 0.191265264 0.980422722 0.383933498 keyframe_000239.pcd
240 1778824410.274973392 14.636612 -19.940626 2.905688 -0.052476104 0.003815466 0.195633656 0.979264608 0.392937802 keyframe_000240.pcd
241 1778824411.075298309 15.110160 -19.755830 3.064253 -0.061230919 0.008097368 0.201839529 0.977469187 0.404888388 keyframe_000241.pcd
242 1778824411.675164700 15.465844 -19.530173 3.128720 -0.075982824 0.000046372 0.244881598 0.966571059 0.493502756 keyframe_000242.pcd
243 1778824412.375082493 15.875316 -19.249694 3.205183 -0.081506786 0.003098876 0.275843576 0.957735539 0.556892060 keyframe_000243.pcd
244 1778824412.975181103 16.219675 -19.055948 3.285328 -0.069612805 0.011148439 0.227482157 0.971226873 0.456655560 keyframe_000244.pcd
245 1778824413.775121689 16.671348 -18.791031 3.372562 -0.051163692 0.000664566 0.207887147 0.976813580 0.418258232 keyframe_000245.pcd
246 1778824414.675025463 17.169301 -18.603431 3.484671 -0.057961283 0.009814195 0.204266291 0.977148634 0.409799534 keyframe_000246.pcd
247 1778824415.475138903 17.652835 -18.328095 3.607982 -0.065901407 0.002172727 0.212021342 0.975038068 0.426169008 keyframe_000247.pcd
248 1778824416.173151016 18.100781 -18.110761 3.716175 -0.062644778 0.005419980 0.225371766 0.972241648 0.453241321 keyframe_000248.pcd
249 1778824416.773960829 18.546537 -17.864205 3.835704 -0.059445662 0.006197085 0.232794050 0.970687766 0.468513005 keyframe_000249.pcd
250 1778824417.275088310 19.036260 -17.612487 3.937908 -0.046384274 0.011830161 0.207283457 0.977109060 0.416259664 keyframe_000250.pcd
251 1778824417.375010490 19.142844 -17.582446 3.960649 -0.037426751 0.020626282 0.162417732 0.985796265 0.324804155 keyframe_000251.pcd
252 1778824417.474057198 19.233573 -17.570006 4.014702 -0.037718861 0.013440679 0.114603952 0.992603934 0.228626737 keyframe_000252.pcd
253 1778824417.772780418 19.542309 -17.566902 4.081671 0.001069194 0.010559310 0.060401366 0.998117745 0.120918855 keyframe_000253.pcd
254 1778824418.275006771 20.057314 -17.545941 4.186966 -0.020577278 0.018344437 0.037385372 0.998920613 0.074056723 keyframe_000254.pcd
255 1778824418.572939157 20.398605 -17.478234 4.273200 -0.030095079 0.008552842 0.118637218 0.992444631 0.237254893 keyframe_000255.pcd
256 1778824418.874988556 20.722110 -17.349280 4.360615 -0.057510138 -0.000080259 0.168255448 0.984064369 0.337594822 keyframe_000256.pcd
257 1778824419.273698807 21.179701 -17.123834 4.444842 -0.069348092 0.004215783 0.195244328 0.978290714 0.391596948 keyframe_000257.pcd
258 1778824419.775178432 21.749306 -16.874791 4.572734 -0.063107065 0.021175006 0.213433823 0.974687191 0.427234056 keyframe_000258.pcd
259 1778824420.175015926 22.184168 -16.653643 4.688089 -0.066581583 0.017831922 0.216056206 0.973944881 0.432702246 keyframe_000259.pcd
260 1778824420.575026751 22.629178 -16.441083 4.795457 -0.058254321 0.017138198 0.219462327 0.973729430 0.440219519 keyframe_000260.pcd
261 1778824421.075094938 23.082151 -16.189835 4.879230 -0.074877787 0.006345376 0.222418041 0.972051063 0.446601969 keyframe_000261.pcd
262 1778824421.675067663 23.505289 -15.933854 4.974248 -0.065013332 0.002478139 0.238812255 0.968883808 0.481081232 keyframe_000262.pcd
263 1778824422.275050879 23.944948 -15.703433 5.093629 -0.055853451 0.005984857 0.217116967 0.974527986 0.436507885 keyframe_000263.pcd
264 1778824422.483216286 24.144598 -15.653511 5.130321 -0.053250974 0.012650434 0.152211773 0.986831230 0.303981210 keyframe_000264.pcd
265 1778824422.975146294 24.579575 -15.550386 5.211203 -0.034371559 0.013865945 0.104054481 0.993880776 0.207492138 keyframe_000265.pcd
266 1778824423.575097322 25.120843 -15.443744 5.344084 -0.034217402 0.009225831 0.101128962 0.994241915 0.201894750 keyframe_000266.pcd
267 1778824424.075002193 25.642104 -15.312352 5.454184 -0.039024939 0.015736994 0.103315758 0.993758147 0.205719583 keyframe_000267.pcd
268 1778824424.375177860 25.941166 -15.252485 5.552490 -0.058571524 0.024519942 0.149915400 0.986657753 0.297987681 keyframe_000268.pcd
269 1778824424.575140953 26.117292 -15.183816 5.579386 -0.064696819 0.006622956 0.204179744 0.976770746 0.409690285 keyframe_000269.pcd
270 1778824425.075030565 26.512070 -14.894913 5.662757 -0.066873962 0.004189921 0.255104602 0.964589011 0.514408697 keyframe_000270.pcd
271 1778824425.574740410 26.924998 -14.619976 5.778229 -0.068332295 0.006088309 0.269137086 0.960655432 0.543192601 keyframe_000271.pcd
272 1778824426.074797392 27.357686 -14.362389 5.873927 -0.064936135 0.008586169 0.275385127 0.959099895 0.556066233 keyframe_000272.pcd
273 1778824426.574652433 27.801601 -14.070147 5.964814 -0.070523017 0.010642815 0.235279521 0.969307372 0.472681072 keyframe_000273.pcd
274 1778824426.775100470 27.989322 -13.975243 6.013200 -0.054892070 0.002093946 0.185236516 0.981157433 0.371883761 keyframe_000274.pcd
275 1778824427.275144100 28.495849 -13.807874 6.137140 -0.044809113 0.006655972 0.143747525 0.988577003 0.287661635 keyframe_000275.pcd
276 1778824427.772411108 28.999573 -13.666535 6.180411 -0.047157744 0.013320357 0.136384500 0.989443269 0.272188500 keyframe_000276.pcd
277 1778824428.373684406 29.541127 -13.487243 6.334277 -0.031787807 0.007747530 0.146394799 0.988685023 0.293257110 keyframe_000277.pcd
278 1778824428.975188017 30.111097 -13.310140 6.469645 -0.047562256 0.008963414 0.151109677 0.987331431 0.302273281 keyframe_000278.pcd
279 1778824429.574586153 30.643252 -13.119612 6.588244 -0.056150874 0.010857043 0.149292456 0.987137765 0.298136664 keyframe_000279.pcd
280 1778824430.175164461 31.157789 -12.926209 6.693602 -0.053952084 0.009818505 0.160707626 0.985477462 0.321405880 keyframe_000280.pcd
281 1778824430.775061607 31.683412 -12.717938 6.807133 -0.050894726 0.012328957 0.172997401 0.983529167 0.346213552 keyframe_000281.pcd
282 1778824431.375077009 32.208712 -12.540777 6.973035 -0.047033214 0.008802881 0.178371789 0.982799008 0.357552424 keyframe_000282.pcd
283 1778824431.675149202 32.437037 -12.478210 7.036810 -0.047939468 0.005711104 0.126052956 0.990848042 0.251977359 keyframe_000283.pcd
284 1778824432.075557232 32.778496 -12.410737 7.054466 -0.026011154 0.020198541 0.080202541 0.996234406 0.159583606 keyframe_000284.pcd
285 1778824432.675059557 33.309545 -12.310539 7.175092 -0.029733316 0.009786416 0.072403168 0.996884114 0.144314376 keyframe_000285.pcd
286 1778824433.275188684 33.861355 -12.196846 7.261203 -0.033608552 0.017939031 0.075407114 0.996424821 0.149752666 keyframe_000286.pcd
287 1778824433.775049925 34.377395 -12.124388 7.398169 -0.031551492 0.022324602 0.082082965 0.995875746 0.163001067 keyframe_000287.pcd
288 1778824434.375083208 34.936522 -12.024817 7.505511 -0.026082045 0.012666800 0.087886603 0.995708403 0.175332578 keyframe_000288.pcd
289 1778824434.974833250 35.466860 -11.991449 7.676249 -0.017268883 0.018036880 0.033110156 0.999139717 0.065632864 keyframe_000289.pcd
290 1778824435.274748802 35.729608 -12.002469 7.699562 0.010630528 0.019911562 -0.030917207 0.999267055 -0.061454695 keyframe_000290.pcd
291 1778824435.775089264 36.230368 -12.050681 7.806990 0.011708354 0.022561240 -0.064273412 0.997608557 -0.128200396 keyframe_000291.pcd
292 1778824436.275174379 36.762013 -12.145822 7.935422 0.014250174 0.011210622 -0.070155110 0.997371302 -0.140121406 keyframe_000292.pcd
293 1778824436.774899006 37.275794 -12.193037 8.056895 0.013312072 0.018185700 -0.065872580 0.997573492 -0.131414047 keyframe_000293.pcd
294 1778824437.271275043 37.816347 -12.286945 8.162570 0.013762547 0.005988580 -0.064678086 0.997793302 -0.129277837 keyframe_000294.pcd
295 1778824437.774438381 38.327437 -12.320970 8.270986 -0.001952589 0.009046916 -0.041180360 0.999108862 -0.082429185 keyframe_000295.pcd
296 1778824438.370472908 38.901191 -12.359320 8.409878 -0.015079257 0.023005438 -0.037933701 0.998901597 -0.076629772 keyframe_000296.pcd
297 1778824438.872661829 39.437966 -12.394695 8.528256 -0.011243416 0.016388638 -0.031183446 0.999316062 -0.062766200 keyframe_000297.pcd
298 1778824439.272864580 39.952928 -12.393875 8.639433 -0.019388266 0.025598690 -0.031465877 0.998988839 -0.063984135 keyframe_000298.pcd
299 1778824439.474712849 40.199686 -12.431598 8.706346 0.012667707 0.018422535 -0.078359320 0.996674449 -0.156485397 keyframe_000299.pcd
300 1778824439.674589396 40.428011 -12.525252 8.758057 0.024573088 0.010259919 -0.142833401 0.989388456 -0.286124655 keyframe_000300.pcd
301 1778824440.075051546 40.888040 -12.736200 8.849007 0.037238582 0.030213381 -0.188746246 0.980854370 -0.377941840 keyframe_000301.pcd
302 1778824440.474609137 41.350447 -12.917712 8.937785 0.040881205 0.029158297 -0.199258734 0.978659531 -0.399194452 keyframe_000302.pcd
303 1778824440.975145817 41.897757 -13.174923 9.068682 0.032159070 0.014189197 -0.193009354 0.980567106 -0.387538638 keyframe_000303.pcd
304 1778824441.175475597 42.151154 -13.239654 9.135400 0.011648891 0.004342526 -0.125611538 0.992001607 -0.251780916 keyframe_000304.pcd
305 1778824441.375083685 42.416575 -13.224494 9.169444 -0.032062980 0.031891892 -0.022206202 0.998730072 -0.046508116 keyframe_000305.pcd
306 1778824441.475453854 42.532303 -13.199861 9.196251 -0.032837040 0.018528109 0.045433685 0.998255588 0.089683811 keyframe_000306.pcd
307 1778824441.575376749 42.626107 -13.169473 9.225167 -0.051913736 -0.003877313 0.088784219 0.994689546 0.177966177 keyframe_000307.pcd
308 1778824441.775430202 42.847780 -13.078881 9.240539 -0.065236164 0.020987223 0.144323004 0.987154826 0.286622271 keyframe_000308.pcd
309 1778824442.175342798 43.280793 -12.859035 9.329490 -0.070429482 0.002775743 0.187337146 0.979763633 0.375660585 keyframe_000309.pcd
310 1778824442.575327396 43.729551 -12.706219 9.457846 -0.056142956 0.001717912 0.137619112 0.988891297 0.275508321 keyframe_000310.pcd
311 1778824442.775074005 43.980652 -12.694621 9.510999 -0.008243411 0.021858410 0.064998502 0.997611874 0.129819821 keyframe_000311.pcd
312 1778824442.975301027 44.201130 -12.707909 9.573195 -0.009561993 0.017905182 0.005748098 0.999777441 0.011158648 keyframe_000312.pcd
313 1778824443.475393057 44.767740 -12.724343 9.694629 -0.006207030 0.010807988 -0.036279779 0.999263948 -0.072720651 keyframe_000313.pcd
314 1778824444.075333595 45.320540 -12.779335 9.802891 -0.012676045 0.011968991 -0.034639159 0.999247812 -0.069604300 keyframe_000314.pcd
315 1778824444.775136948 45.821915 -12.786324 9.889624 0.000987091 0.011131615 -0.028529344 0.999530484 -0.057055065 keyframe_000315.pcd
316 1778824445.374576807 46.325612 -12.785702 10.003379 -0.001718592 0.017418109 -0.019862587 0.999649505 -0.039805674 keyframe_000316.pcd
317 1778824446.076191902 46.890089 -12.840048 10.138676 -0.013654260 0.010581872 -0.031655256 0.999349553 -0.063614286 keyframe_000317.pcd
318 1778824446.670516253 47.411583 -12.808334 10.244094 -0.035337718 0.022162024 0.051552361 0.997798800 0.101602454 keyframe_000318.pcd
319 1778824446.775331020 47.474380 -12.766647 10.273183 -0.051854166 0.017097167 0.119066109 0.991383929 0.236764182 keyframe_000319.pcd
320 1778824446.874830246 47.513990 -12.718761 10.273299 -0.084691271 0.015767937 0.194433640 0.977125540 0.387711023 keyframe_000320.pcd
321 1778824446.974309683 47.540288 -12.666781 10.284311 -0.098651365 -0.002310846 0.277223993 0.955724555 0.559812296 keyframe_000321.pcd
322 1778824447.072891474 47.546901 -12.612681 10.286580 -0.133124305 -0.002729977 0.354917248 0.925367070 0.721125760 keyframe_000322.pcd
323 1778824447.173190594 47.539883 -12.556946 10.292614 -0.148790224 0.000723300 0.450144290 0.880472069 0.926979189 keyframe_000323.pcd
324 1778824447.272656202 47.526822 -12.504491 10.310479 -0.158047247 -0.000475408 0.538629144 0.827586543 1.130820439 keyframe_000324.pcd
325 1778824447.375294447 47.504282 -12.460691 10.302903 -0.164192019 -0.008345700 0.633616403 0.755977238 1.368628138 keyframe_000325.pcd
326 1778824447.475092411 47.463930 -12.427192 10.293080 -0.191803565 0.007813725 0.698200402 0.689685825 1.544856103 keyframe_000326.pcd
327 1778824447.574353695 47.423667 -12.396820 10.282770 -0.211013782 0.003558476 0.756791822 0.618649060 1.725186118 keyframe_000327.pcd
328 1778824447.774131536 47.310506 -12.327846 10.230197 -0.233995093 -0.014325273 0.874350755 0.424913920 2.185594950 keyframe_000328.pcd
329 1778824447.872836351 47.247926 -12.320367 10.206655 -0.229443048 -0.035497123 0.920310898 0.314839154 2.433944337 keyframe_000329.pcd
330 1778824447.968430996 47.176873 -12.313516 10.194383 -0.239083651 -0.045545226 0.942673954 0.228320953 2.616947092 keyframe_000330.pcd
331 1778824448.072678804 47.112523 -12.330776 10.180422 -0.244037838 -0.037383976 0.963074853 0.107400181 2.884953139 keyframe_000331.pcd
332 1778824448.172351122 47.065489 -12.332645 10.169873 -0.236822569 -0.024215843 0.970966663 0.023503244 3.077274346 keyframe_000332.pcd
333 1778824448.271280050 47.018172 -12.349302 10.161067 -0.217643041 -0.017240588 0.975252133 -0.034893336 -3.074620367 keyframe_000333.pcd
334 1778824448.470522881 46.931904 -12.401200 10.147600 -0.221869188 -0.020634320 0.969084203 -0.105943836 -2.922029355 keyframe_000334.pcd
335 1778824448.674372673 46.833613 -12.449307 10.112094 -0.221093093 -0.005024393 0.962785335 -0.155360865 -2.806953541 keyframe_000335.pcd
336 1778824448.972651005 46.649649 -12.452928 10.097580 -0.210087519 -0.011564979 0.974936920 -0.072301369 -2.991695308 keyframe_000336.pcd
337 1778824449.072414875 46.581560 -12.426297 10.087553 -0.224194365 -0.009983637 0.974448262 -0.009370048 -3.126265562 keyframe_000337.pcd
338 1778824449.175102949 46.514376 -12.404233 10.067437 -0.232993908 -0.000564954 0.970439587 0.062932727 3.003921078 keyframe_000338.pcd
339 1778824449.274882078 46.460490 -12.371793 10.046739 -0.220162994 -0.017049360 0.964564184 0.144407445 2.820917368 keyframe_000339.pcd
340 1778824449.374986410 46.421742 -12.321893 10.040299 -0.216168362 0.012945457 0.951005430 0.220663379 2.668568892 keyframe_000340.pcd
341 1778824449.475239277 46.387894 -12.264329 10.028732 -0.213768700 0.014449940 0.926182419 0.310290619 2.470475117 keyframe_000341.pcd
342 1778824449.575239897 46.379955 -12.197693 10.021648 -0.214080422 0.008355867 0.892990424 0.395812903 2.272947574 keyframe_000342.pcd
343 1778824449.674738169 46.375113 -12.134744 10.017657 -0.214823133 0.005298673 0.850828977 0.479492438 2.073984340 keyframe_000343.pcd
344 1778824449.774519920 46.379251 -12.061553 10.001021 -0.204089190 0.001254260 0.801740582 0.561745555 1.877981585 keyframe_000344.pcd
345 1778824449.874070883 46.387328 -12.000292 10.010962 -0.179453116 0.009207784 0.762994140 0.620928126 1.743271629 keyframe_000345.pcd
346 1778824449.972254276 46.401100 -11.935335 10.022912 -0.159017346 0.014594426 0.723706258 0.671378983 1.620312697 keyframe_000346.pcd
347 1778824450.075222492 46.416701 -11.857014 10.023302 -0.163049178 0.021289155 0.689979830 0.704903945 1.522222661 keyframe_000347.pcd
348 1778824450.276199102 46.439438 -11.703833 10.021836 -0.146456631 0.005072868 0.654123242 0.742056269 1.423119260 keyframe_000348.pcd
349 1778824450.674743414 46.509065 -11.350632 10.059032 -0.160640480 0.002349017 0.618222517 0.769408888 1.327851860 keyframe_000349.pcd
350 1778824451.275205135 46.588192 -10.781859 10.061909 -0.158001819 -0.000480490 0.613871643 0.773431833 1.317026449 keyframe_000350.pcd
351 1778824451.875163555 46.715187 -10.228747 10.095102 -0.154298297 0.005160758 0.619209908 0.769899014 1.330630305 keyframe_000351.pcd
352 1778824452.475192070 46.819714 -9.670488 10.117538 -0.149156365 0.005591975 0.611742441 0.776847665 1.311701723 keyframe_000352.pcd
353 1778824452.676138878 46.901580 -9.481872 10.139788 -0.141055359 -0.006607008 0.546409930 0.825527662 1.151648879 keyframe_000353.pcd
354 1778824452.775057793 46.943231 -9.404379 10.139509 -0.117753688 -0.010636335 0.499503130 0.858206013 1.043431025 keyframe_000354.pcd
355 1778824452.876211643 47.009032 -9.327760 10.143268 -0.104003572 0.016874256 0.450609499 0.886481582 0.929891449 keyframe_000355.pcd
356 1778824452.976092339 47.092722 -9.270571 10.178196 -0.084527777 0.015167747 0.376783752 0.922311769 0.768960165 keyframe_000356.pcd
357 1778824453.075166464 47.172606 -9.237380 10.198958 -0.064146470 0.016059406 0.317761527 0.945862008 0.644224736 keyframe_000357.pcd
358 1778824453.275077820 47.337452 -9.159776 10.227794 -0.055455446 0.012562176 0.248803582 0.966883480 0.501090167 keyframe_000358.pcd
359 1778824453.475099802 47.507321 -9.119052 10.280367 -0.036102762 0.014003328 0.200155799 0.978998546 0.401974761 keyframe_000359.pcd
360 1778824453.574819326 47.604864 -9.105559 10.302165 -0.032558174 0.019208387 0.151362811 0.987755184 0.302710773 keyframe_000360.pcd
361 1778824453.675137520 47.691188 -9.089259 10.315363 -0.024811233 0.012896135 0.104751805 0.994105202 0.209251197 keyframe_000361.pcd
362 1778824453.876094103 47.876106 -9.086121 10.353363 0.005566845 0.011622100 0.054048831 0.998455137 0.108299263 keyframe_000362.pcd
363 1778824454.175039768 48.152892 -9.096400 10.432948 -0.000398872 0.009221601 0.003280400 0.999952020 0.006554290 keyframe_000363.pcd
364 1778824454.674169302 48.648663 -9.123378 10.501307 -0.011392891 0.013204306 -0.017342948 0.999697489 -0.034995248 keyframe_000364.pcd
365 1778824455.274927855 49.224666 -9.120465 10.671372 -0.008643052 0.022059879 -0.003446554 0.999713349 -0.007279591 keyframe_000365.pcd
366 1778824455.474442720 49.390546 -9.105426 10.719489 -0.015400139 -0.003351692 0.046009035 0.998816685 0.092144035 keyframe_000366.pcd
367 1778824455.876138687 49.753051 -8.999076 10.779723 -0.034993786 0.011714757 0.099939379 0.994308966 0.199329565 keyframe_000367.pcd
368 1778824456.472411394 50.298178 -8.844127 10.905255 -0.048575759 0.008671952 0.143585542 0.988406994 0.287062659 keyframe_000368.pcd
369 1778824456.974932909 50.744772 -8.656220 10.966992 -0.064453260 0.012173855 0.196221587 0.978363257 0.392873686 keyframe_000369.pcd
370 1778824457.575162888 51.229278 -8.383591 11.095307 -0.080646965 0.010445902 0.225620569 0.970815281 0.452360062 keyframe_000370.pcd
371 1778824458.172668695 51.732686 -8.106425 11.218350 -0.074301222 0.007225610 0.242543979 0.967263944 0.487842435 keyframe_000371.pcd
372 1778824458.774499416 52.179800 -7.824637 11.280525 -0.079110022 0.004239759 0.250864957 0.964774793 0.505151957 keyframe_000372.pcd
373 1778824459.476057291 52.633045 -7.525697 11.400408 -0.064737977 -0.000824266 0.266037035 0.961786157 0.537656756 keyframe_000373.pcd
374 1778824460.073732376 53.024774 -7.199486 11.469897 -0.086253527 0.008945039 0.312104976 0.946081814 0.631667082 keyframe_000374.pcd
375 1778824460.774521112 53.438952 -6.852103 11.587362 -0.094757732 0.002717004 0.321041525 0.942308829 0.650827673 keyframe_000375.pcd
376 1778824461.476020575 53.842932 -6.464878 11.658372 -0.097949293 0.006052893 0.347140546 0.932664323 0.705463933 keyframe_000376.pcd
377 1778824461.674691916 53.931671 -6.355939 11.673832 -0.095935941 -0.002639555 0.394198084 0.914000656 0.808013041 keyframe_000377.pcd
378 1778824462.076009035 54.102456 -6.065060 11.718849 -0.116496440 -0.004050293 0.437879240 0.891444864 0.902971147 keyframe_000378.pcd
379 1778824462.775887012 54.419852 -5.606685 11.767328 -0.114670693 0.001026334 0.458315388 0.881360644 0.948090537 keyframe_000379.pcd
380 1778824463.475016594 54.694325 -5.127632 11.845181 -0.128589156 -0.003527445 0.461615944 0.877703314 0.955177168 keyframe_000380.pcd
381 1778824464.076029778 54.938162 -4.692945 11.887333 -0.128464782 -0.006165182 0.469862885 0.873319907 0.974250837 keyframe_000381.pcd
382 1778824464.775898695 55.212910 -4.205429 11.970216 -0.111525749 -0.005802896 0.449575353 0.886233793 0.929638655 keyframe_000382.pcd
383 1778824464.875827551 55.268968 -4.151282 11.991452 -0.099466500 0.001118006 0.406120557 0.908389376 0.833295905 keyframe_000383.pcd
384 1778824464.975942612 55.344326 -4.097905 12.021819 -0.087809245 0.000690129 0.360137657 0.928757196 0.734527487 keyframe_000384.pcd
385 1778824465.175850391 55.501078 -4.005063 12.033194 -0.076525672 0.021834895 0.299287763 0.950838521 0.604045531 keyframe_000385.pcd
386 1778824465.875818968 55.929446 -3.707778 12.108097 -0.078487592 -0.003126717 0.359417013 0.929865223 0.733895925 keyframe_000386.pcd
387 1778824465.975504875 55.960930 -3.642194 12.114210 -0.094538920 -0.013399818 0.407816735 0.908057458 0.839355401 keyframe_000387.pcd
388 1778824466.075720787 55.972376 -3.554817 12.129900 -0.128557305 -0.001693160 0.452258773 0.882571331 0.933844771 keyframe_000388.pcd
389 1778824466.175674677 55.981808 -3.468666 12.149421 -0.142088923 -0.007054427 0.518961154 0.842876203 1.086531071 keyframe_000389.pcd
390 1778824466.275501251 55.985077 -3.404505 12.155352 -0.162081025 -0.013157422 0.585553964 0.794155639 1.246667229 keyframe_000390.pcd
391 1778824466.375586748 55.968968 -3.359876 12.143257 -0.183612885 -0.018289961 0.647519057 0.739371934 1.405583206 keyframe_000391.pcd
392 1778824466.475785971 55.956256 -3.321627 12.126142 -0.177868270 -0.014936652 0.693670255 0.697826162 1.532602899 keyframe_000392.pcd
393 1778824466.675817251 55.927395 -3.266828 12.117393 -0.188254954 -0.029073190 0.740755952 0.644201398 1.673126260 keyframe_000393.pcd
394 1778824466.874248266 55.882368 -3.172551 12.097571 -0.186925560 -0.025906106 0.772733242 0.606028914 1.774604540 keyframe_000394.pcd
395 1778824467.575045586 55.711589 -2.632514 12.076384 -0.181889725 -0.012265294 0.775870572 0.603978929 1.784388432 keyframe_000395.pcd
396 1778824468.175756693 55.576010 -2.113797 12.074056 -0.187715890 -0.002273104 0.761784589 0.620033723 1.739087650 keyframe_000396.pcd
397 1778824471.174693346 55.432544 -1.684324 12.041963 -0.179840299 -0.017808636 0.791515221 0.583818444 1.836873197 keyframe_000397.pcd
398 1778824471.375790358 55.400119 -1.693430 12.041511 -0.189754098 -0.020721447 0.840667637 0.506795746 2.019754971 keyframe_000398.pcd
399 1778824471.575717688 55.375410 -1.724584 12.036449 -0.190728128 -0.014457072 0.874070476 0.446558593 2.162583336 keyframe_000399.pcd
400 1778824471.775825739 55.361276 -1.737419 12.020593 -0.209531158 -0.013539449 0.892250290 0.399753421 2.260086961 keyframe_000400.pcd
401 1778824472.175796986 55.364044 -1.724181 12.025842 -0.205353136 -0.013188842 0.870255076 0.447562561 2.151793784 keyframe_000401.pcd
402 1778824472.275721073 55.369626 -1.707042 12.031309 -0.205733121 -0.017540669 0.840998051 0.500088479 2.025910270 keyframe_000402.pcd
403 1778824472.375849724 55.379802 -1.688240 12.035378 -0.203434681 -0.018416895 0.801569203 0.561927008 1.875534074 keyframe_000403.pcd
404 1778824472.475749731 55.403031 -1.673598 12.044504 -0.193845438 -0.017707755 0.752667719 0.628968748 1.710026113 keyframe_000404.pcd
405 1778824472.575733423 55.437121 -1.667296 12.056362 -0.175162252 -0.018746862 0.692200738 0.699874902 1.528776561 keyframe_000405.pcd
406 1778824472.675695419 55.466775 -1.663375 12.058910 -0.159858721 -0.016354551 0.620143904 0.767853669 1.334770606 keyframe_000406.pcd
407 1778824472.875718355 55.520857 -1.689303 12.068272 -0.093041907 0.010650765 0.504716518 0.858190539 1.054789092 keyframe_000407.pcd
408 1778824473.075827837 55.547435 -1.686737 12.065216 -0.087495869 0.009806920 0.436642300 0.895316592 0.900467619 keyframe_000408.pcd
409 1778824473.375629663 55.591250 -1.676989 12.068302 -0.076241223 0.003590419 0.391884634 0.916842854 0.803270792 keyframe_000409.pcd
410 1778824474.375698805 55.960848 -1.248581 12.187882 -0.105670938 -0.002927421 0.450683523 0.886402530 0.932068996 keyframe_000410.pcd
411 1778824474.875591516 56.127639 -0.919293 12.230256 -0.117224004 0.003036916 0.492159688 0.862570665 1.024728039 keyframe_000411.pcd
412 1778824475.375622272 56.267714 -0.601967 12.235794 -0.135431931 -0.009468577 0.541769083 0.829490687 1.141332350 keyframe_000412.pcd
413 1778824475.775724411 56.346482 -0.345916 12.245628 -0.136762322 -0.005475996 0.581700539 0.801804567 1.237770740 keyframe_000413.pcd
414 1778824476.575683117 56.461277 0.180232 12.289166 -0.140870515 -0.010467603 0.596373296 0.790180245 1.274660698 keyframe_000414.pcd
415 1778824477.373964548 56.578708 0.719394 12.318650 -0.141701638 -0.007542404 0.607330649 0.781673359 1.301947984 keyframe_000415.pcd
416 1778824477.972542048 56.720569 1.290096 12.403391 -0.127292791 0.002036463 0.610682603 0.781574793 1.310481056 keyframe_000416.pcd
417 1778824478.475329399 56.855068 1.888317 12.435389 -0.150001972 -0.000014669 0.605816685 0.781335749 1.296909058 keyframe_000417.pcd
418 1778824478.975500584 56.955463 2.502720 12.458889 -0.181009361 -0.001203957 0.647647694 0.740126088 1.404380804 keyframe_000418.pcd
419 1778824479.074437141 56.954018 2.628030 12.460760 -0.175939768 -0.012461836 0.683442045 0.708376222 1.503552847 keyframe_000419.pcd
420 1778824479.275554657 56.900294 2.857909 12.449225 -0.165492753 -0.021744771 0.726871758 0.666180727 1.629796689 keyframe_000420.pcd
421 1778824479.775574684 56.799323 3.473654 12.442799 -0.188904269 0.004984362 0.752951131 0.630360950 1.711224867 keyframe_000421.pcd
422 1778824480.275486708 56.650970 3.958753 12.452015 -0.185372298 -0.018424011 0.763520583 0.618331615 1.744218258 keyframe_000422.pcd
423 1778824480.875242233 56.602812 4.367168 12.422693 -0.164079839 -0.008546033 0.714459932 0.680111592 1.592393034 keyframe_000423.pcd
424 1778824481.275493383 56.652941 4.648796 12.437690 -0.139434668 0.004897419 0.676553458 0.723055605 1.484519365 keyframe_000424.pcd
425 1778824482.075608253 56.666745 5.203268 12.445908 -0.152352415 -0.005110925 0.658262040 0.737193127 1.434488800 keyframe_000425.pcd
426 1778824482.675580740 56.693013 5.747032 12.475766 -0.152631430 -0.006947590 0.664021585 0.731936276 1.450199296 keyframe_000426.pcd
427 1778824483.275593281 56.745070 6.337373 12.506674 -0.161441827 -0.004300984 0.667373574 0.727001066 1.458903534 keyframe_000427.pcd
428 1778824483.875422001 56.772287 6.932190 12.511926 -0.149430978 -0.007066497 0.673327637 0.724051338 1.475746135 keyframe_000428.pcd
429 1778824484.475468636 56.795916 7.527146 12.535497 -0.169563175 0.001644080 0.674136231 0.718878271 1.477052521 keyframe_000429.pcd
430 1778824485.075496912 56.779727 8.104733 12.565814 -0.178021020 -0.010876899 0.709420607 0.681845006 1.577788689 keyframe_000430.pcd
431 1778824485.675075054 56.675729 8.697507 12.515796 -0.179729720 -0.012091511 0.736071243 0.652495324 1.657523069 keyframe_000431.pcd
432 1778824486.174026012 56.593917 9.192446 12.534957 -0.178894623 -0.010935928 0.743849759 0.643866955 1.681451692 keyframe_000432.pcd
433 1778824486.673739195 56.584267 9.651191 12.566214 -0.164608230 -0.005190366 0.707540222 0.687214687 1.572110477 keyframe_000433.pcd
434 1778824487.071534872 56.580591 10.016780 12.559302 -0.150485411 -0.004541721 0.675006966 0.722287415 1.480217298 keyframe_000434.pcd
435 1778824487.573648453 56.580879 10.542576 12.579997 -0.152698583 -0.018457476 0.668472109 0.727658920 1.463280710 keyframe_000435.pcd
436 1778824488.075414181 56.618475 11.125027 12.580921 -0.163708167 -0.001957957 0.664663077 0.728984771 1.451291797 keyframe_000436.pcd
437 1778824488.573204279 56.659728 11.694050 12.630873 -0.158401539 0.010901263 0.670587559 0.724639525 1.467504133 keyframe_000437.pcd
438 1778824488.975437164 56.679152 12.250780 12.635660 -0.161177252 -0.000182339 0.682802755 0.712602455 1.501485783 keyframe_000438.pcd
439 1778824489.373425722 56.655813 12.755304 12.633418 -0.171048069 -0.002605621 0.708507339 0.684655475 1.574893768 keyframe_000439.pcd
440 1778824489.875378370 56.579853 13.345379 12.675808 -0.168461527 -0.012239234 0.752650432 0.636386865 1.708438369 keyframe_000440.pcd
441 1778824490.175140142 56.455399 13.692622 12.639501 -0.185933739 -0.026875439 0.792023146 0.580866328 1.839427161 keyframe_000441.pcd
442 1778824490.675250769 56.220858 14.240459 12.586963 -0.190489884 -0.005978865 0.815410344 0.546611222 1.924378361 keyframe_000442.pcd
443 1778824491.174834728 56.001177 14.809385 12.556985 -0.168634608 -0.002389476 0.786929559 0.593547410 1.820587156 keyframe_000443.pcd
444 1778824491.675361872 55.867808 15.411414 12.567246 -0.165100002 -0.007573229 0.757907746 0.631078825 1.724880665 keyframe_000444.pcd
445 1778824492.075282335 55.743002 15.885809 12.469048 -0.171975205 -0.002011167 0.750506614 0.638091142 1.702047583 keyframe_000445.pcd
446 1778824492.573509932 55.690315 16.413824 12.484357 -0.191629473 -0.002710584 0.743301512 0.640916265 1.680447021 keyframe_000446.pcd
447 1778824493.275207281 55.595579 16.954045 12.472557 -0.178073638 -0.010281306 0.745333025 0.642388322 1.686022801 keyframe_000447.pcd
448 1778824493.675205231 55.478768 17.306728 12.413675 -0.184843850 -0.018832991 0.788358828 0.586488216 1.826661380 keyframe_000448.pcd
449 1778824493.975171328 55.331774 17.560930 12.423995 -0.207642791 -0.019651705 0.815601880 0.539714606 1.927573047 keyframe_000449.pcd
450 1778824494.475133419 55.105637 18.020486 12.401435 -0.193470689 -0.002374969 0.835409283 0.514446092 2.001949165 keyframe_000450.pcd
451 1778824494.974807501 54.866660 18.469811 12.323681 -0.197986399 -0.008941191 0.839510135 0.505909254 2.018590388 keyframe_000451.pcd
452 1778824495.475105762 54.603262 18.908828 12.267490 -0.193027039 -0.005227428 0.843954784 0.500453353 2.035581746 keyframe_000452.pcd
453 1778824495.973286629 54.333074 19.385248 12.210630 -0.197351336 -0.012242437 0.844862358 0.497101770 2.039625453 keyframe_000453.pcd
454 1778824496.575134039 54.042634 19.878190 12.146986 -0.208690907 -0.006215464 0.843490367 0.494907542 2.038526252 keyframe_000454.pcd
455 1778824497.175155163 53.739548 20.365444 12.090071 -0.207224019 -0.019423616 0.848128795 0.487194494 2.055472559 keyframe_000455.pcd
456 1778824497.773191214 53.420826 20.853662 12.010672 -0.214264593 -0.015609921 0.850225829 0.480586157 2.067195204 keyframe_000456.pcd
457 1778824498.275120497 53.149406 21.284529 11.965495 -0.206081293 -0.008869779 0.856142008 0.473785490 2.090360590 keyframe_000457.pcd
458 1778824498.875133991 52.861946 21.708006 11.922219 -0.199175096 -0.010696825 0.860021456 0.469657274 2.104166987 keyframe_000458.pcd
459 1778824499.473178625 52.551735 22.162429 11.827057 -0.205158197 -0.012449057 0.863539268 0.460494373 2.121676311 keyframe_000459.pcd
460 1778824499.875082731 52.339255 22.430108 11.787886 -0.194654343 -0.011537294 0.887810494 0.416856216 2.229738610 keyframe_000460.pcd
461 1778824499.975229740 52.277905 22.475233 11.772995 -0.190252527 -0.018022325 0.908088148 0.372632644 2.330908671 keyframe_000461.pcd
462 1778824500.174980640 52.125638 22.545368 11.750756 -0.219186047 -0.042786586 0.925297392 0.306515123 2.455726120 keyframe_000462.pcd
463 1778824500.373523951 51.961644 22.618190 11.722124 -0.221784966 -0.027178646 0.940855828 0.254682274 2.574783015 keyframe_000463.pcd
464 1778824500.575061321 51.786571 22.666780 11.679967 -0.242931275 -0.041875661 0.954801992 0.166084258 2.754036450 keyframe_000464.pcd
465 1778824500.675083637 51.693229 22.670120 11.662318 -0.235499760 -0.045891971 0.964351880 0.111620971 2.874028608 keyframe_000465.pcd
466 1778824500.775047064 51.595416 22.678491 11.631542 -0.231058569 -0.028095381 0.969977749 0.070468106 2.973721188 keyframe_000466.pcd
467 1778824500.975085974 51.417611 22.665183 11.578621 -0.230365641 -0.036572586 0.972213809 0.019860160 3.079564654 keyframe_000467.pcd
468 1778824501.375204325 51.063610 22.631680 11.514966 -0.221530390 -0.021304233 0.974624933 -0.024013680 -3.100126718 keyframe_000468.pcd
469 1778824501.575013161 50.881536 22.588681 11.481870 -0.226666343 -0.037759364 0.969275999 -0.087753276 -2.969806205 keyframe_000469.pcd
470 1778824501.674998283 50.791902 22.546095 11.462414 -0.225161922 -0.028754982 0.964197739 -0.137105726 -2.857458627 keyframe_000470.pcd
471 1778824501.875106573 50.630018 22.468458 11.436676 -0.210864362 -0.029846930 0.957385845 -0.195083895 -2.733553201 keyframe_000471.pcd
472 1778824502.175022840 50.386633 22.323859 11.364173 -0.220629931 -0.025904848 0.945266146 -0.239004780 -2.632155084 keyframe_000472.pcd
473 1778824502.575049877 50.056831 22.110288 11.339719 -0.209839069 -0.038515176 0.929553006 -0.300691463 -2.502901533 keyframe_000473.pcd
474 1778824502.675165176 49.993618 22.044388 11.328806 -0.208421626 -0.031806850 0.912608503 -0.350277704 -2.388381051 keyframe_000474.pcd
475 1778824502.875090122 49.891466 21.890240 11.293430 -0.195401596 -0.032490038 0.890244987 -0.410154211 -2.256587609 keyframe_000475.pcd
476 1778824503.175028801 49.736991 21.660472 11.239240 -0.190773154 -0.031516634 0.871006517 -0.451619257 -2.161317967 keyframe_000476.pcd
477 1778824503.775181770 49.464725 21.187354 11.169686 -0.187071209 -0.021047788 0.858642284 -0.476754425 -2.101098729 keyframe_000477.pcd
478 1778824504.374983311 49.160075 20.741998 11.102840 -0.184508791 -0.024899067 0.854886789 -0.484257288 -2.085352113 keyframe_000478.pcd
479 1778824504.974879742 48.904259 20.217528 11.053674 -0.188745768 -0.030713711 0.851432929 -0.488358137 -2.074346055 keyframe_000479.pcd
480 1778824505.575095654 48.626348 19.726852 10.993437 -0.190883014 -0.028178100 0.847199427 -0.494997779 -2.056512476 keyframe_000480.pcd
481 1778824505.975039959 48.494290 19.374211 10.953487 -0.178730565 -0.037727610 0.786550353 -0.589890290 -1.827628551 keyframe_000481.pcd
482 1778824506.075137377 48.500796 19.291022 10.931044 -0.159021603 -0.039332480 0.749137510 -0.641839603 -1.702266699 keyframe_000482.pcd
483 1778824506.175173044 48.514854 19.201234 10.920017 -0.145865995 -0.026603844 0.699610137 -0.698971389 -1.550520099 keyframe_000483.pcd
484 1778824506.275066137 48.543827 19.119345 10.929312 -0.115139772 -0.022272278 0.645093172 -0.755050712 -1.400418089 keyframe_000484.pcd
485 1778824506.374956846 48.591400 19.031915 10.926280 -0.114972348 -0.047843247 0.588431814 -0.798899482 -1.255659587 keyframe_000485.pcd
486 1778824506.475075722 48.636660 18.947406 10.961249 -0.094567331 -0.042947078 0.545205546 -0.831843424 -1.150447534 keyframe_000486.pcd
487 1778824506.673383713 48.711815 18.765839 11.021284 -0.089087426 -0.016288384 0.484433114 -0.870127966 -1.007899958 keyframe_000487.pcd
488 1778824506.973250389 48.880071 18.539696 11.060007 -0.078650626 -0.026493860 0.442882156 -0.892730391 -0.914107478 keyframe_000488.pcd
489 1778824507.174642086 49.024512 18.417409 11.101520 -0.068713123 -0.009516559 0.384819813 -0.920381254 -0.787813813 keyframe_000489.pcd
490 1778824507.273134232 49.092530 18.372748 11.111399 -0.052256746 -0.002527586 0.337390518 -0.939909827 -0.687332061 keyframe_000490.pcd
491 1778824507.471566677 49.247814 18.291107 11.152150 -0.027285168 -0.011292921 0.280867657 -0.959292108 -0.568799166 keyframe_000491.pcd
492 1778824507.674695015 49.407280 18.211281 11.181455 -0.035468454 -0.009959279 0.238318920 -0.970487967 -0.480438793 keyframe_000492.pcd
493 1778824508.272591591 49.902361 18.004112 11.262178 -0.032732156 -0.020321571 0.200847287 -0.978864652 -0.403265976 keyframe_000493.pcd
494 1778824508.874559879 50.400381 17.797334 11.383328 -0.023756800 -0.022813905 0.194002598 -0.980447924 -0.389675480 keyframe_000494.pcd
495 1778824509.475054502 50.876899 17.615883 11.486558 -0.022636484 -0.021908225 0.183888947 -0.982442097 -0.369130947 keyframe_000495.pcd
496 1778824510.175177097 51.448251 17.398136 11.609452 -0.025027970 -0.012196833 0.174724997 -0.984223559 -0.350652543 keyframe_000496.pcd
497 1778824510.775171757 51.931009 17.235826 11.699437 -0.030100802 -0.011309835 0.170258166 -0.984874706 -0.341459032 keyframe_000497.pcd
498 1778824511.575203180 52.412958 17.087600 11.787052 -0.016950478 -0.014803755 0.163478636 -0.986290153 -0.328018048 keyframe_000498.pcd
499 1778824512.675199747 52.890028 16.907132 11.891718 -0.033231830 -0.002091937 0.202264291 -0.978764745 -0.407004341 keyframe_000499.pcd
500 1778824512.775160313 52.967727 16.851934 11.909639 -0.040795745 -0.016949975 0.245951387 -0.968274920 -0.495623074 keyframe_000500.pcd
501 1778824512.875148773 53.016609 16.778753 11.946782 -0.068561798 -0.003773743 0.308719685 -0.948671279 -0.626048960 keyframe_000501.pcd
502 1778824512.975116014 53.075792 16.691669 11.962950 -0.099580048 0.002490647 0.384238552 -0.917844402 -0.786198833 keyframe_000502.pcd
503 1778824513.075231791 53.111697 16.612997 11.975193 -0.098324537 -0.001392365 0.468765859 -0.877831941 -0.972736969 keyframe_000503.pcd
504 1778824513.175098658 53.134612 16.502295 11.957328 -0.132858901 0.001303269 0.538786711 -0.831898849 -1.133329097 keyframe_000504.pcd
505 1778824513.275061846 53.139404 16.403949 11.942449 -0.155780973 -0.016332543 0.595357819 -0.788044798 -1.268961774 keyframe_000505.pcd
506 1778824513.375038624 53.108831 16.308760 11.935353 -0.159841610 -0.012460348 0.680484915 -0.715007468 -1.495027401 keyframe_000506.pcd
507 1778824513.475114107 53.063963 16.197928 11.930384 -0.174894070 0.001754977 0.750157814 -0.637708584 -1.701119414 keyframe_000507.pcd
508 1778824513.575047493 53.023285 16.128998 11.916378 -0.163838302 0.004142578 0.811469919 -0.560942440 -1.905412389 keyframe_000508.pcd
509 1778824513.675055981 52.971551 16.074719 11.895558 -0.203451102 -0.004629185 0.834482142 -0.512079851 -2.002413519 keyframe_000509.pcd
510 1778824513.775120735 52.900704 16.034543 11.905561 -0.198500521 0.010957518 0.862117201 -0.466080902 -2.112981744 keyframe_000510.pcd
511 1778824513.975204706 52.763703 15.932828 11.903649 -0.204131530 0.010879003 0.890498760 -0.406477458 -2.248469841 keyframe_000511.pcd
512 1778824514.375093222 52.508749 15.677539 11.836828 -0.211051962 -0.004352776 0.906575246 -0.365457858 -2.343166190 keyframe_000512.pcd
513 1778824514.975056410 52.129395 15.331570 11.721288 -0.213916957 -0.017037349 0.913565062 -0.345468004 -2.391625773 keyframe_000513.pcd
514 1778824515.475031853 51.694304 14.985259 11.667816 -0.209930184 -0.023176950 0.913028296 -0.348957703 -2.387693726 keyframe_000514.pcd
515 1778824515.675179958 51.540626 14.801792 11.651986 -0.195399018 -0.013492508 0.889216013 -0.413439305 -2.243674868 keyframe_000515.pcd
516 1778824515.774984837 51.487847 14.699072 11.647717 -0.170121918 -0.011602403 0.868439548 -0.465549855 -2.134503239 keyframe_000516.pcd
517 1778824515.874985218 51.457204 14.571188 11.625512 -0.184114104 -0.053369864 0.833181650 -0.518711859 -2.007308725 keyframe_000517.pcd
518 1778824515.974735022 51.426157 14.449917 11.619011 -0.169550502 -0.050998454 0.791878029 -0.584449290 -1.848912799 keyframe_000518.pcd
519 1778824516.074303865 51.418473 14.344301 11.651237 -0.143343313 -0.037312734 0.743591757 -0.652021283 -1.683604562 keyframe_000519.pcd
520 1778824516.174691200 51.433727 14.242760 11.655509 -0.109754611 -0.011565877 0.683383487 -0.721669706 -1.504107965 keyframe_000520.pcd
521 1778824516.275115728 51.478985 14.116614 11.644112 -0.108102409 -0.069814274 0.621351153 -0.772892348 -1.344065173 keyframe_000521.pcd
522 1778824516.374620199 51.522306 14.013902 11.648970 -0.085770558 -0.055203738 0.555614275 -0.825159824 -1.177529577 keyframe_000522.pcd
523 1778824516.475042105 51.577657 13.923222 11.672177 -0.084082812 -0.022909584 0.498923605 -0.862253134 -1.041459800 keyframe_000523.pcd
524 1778824516.675101280 51.732049 13.764311 11.673164 -0.071581109 -0.062408434 0.438866999 -0.893519496 -0.906577657 keyframe_000524.pcd
525 1778824516.873285770 51.874128 13.611608 11.708931 -0.057107646 -0.041612018 0.398160941 -0.914590084 -0.816807558 keyframe_000525.pcd
526 1778824517.375216484 52.027601 13.456870 11.688165 -0.083201204 -0.037364602 0.448785242 -0.888973145 -0.926796214 keyframe_000526.pcd
527 1778824517.574440002 52.026641 13.421451 11.674689 -0.090819911 -0.041373208 0.499055380 -0.860804117 -1.041268270 keyframe_000527.pcd
528 1778824517.872628927 52.010864 13.350608 11.690684 -0.115046080 -0.015376664 0.538659565 -0.834490162 -1.132949383 keyframe_000528.pcd
529 1778824518.874761343 52.208635 12.848383 11.720980 -0.111305595 -0.030104071 0.563107753 -0.818299742 -1.192124333 keyframe_000529.pcd
530 1778824519.673089027 52.401026 12.372265 11.729952 -0.112983304 -0.025317871 0.550670083 -0.826653639 -1.161698931 keyframe_000530.pcd
531 1778824520.475049257 52.602904 11.852066 11.779453 -0.109717420 -0.020983152 0.542846680 -0.832369676 -1.143178015 keyframe_000531.pcd
532 1778824521.075031042 52.814681 11.359883 11.810392 -0.118449422 -0.032717558 0.536127326 -0.835144769 -1.126136432 keyframe_000532.pcd
533 1778824521.575082302 53.025606 10.807678 11.876469 -0.126507523 -0.040860306 0.535351996 -0.834101026 -1.123512468 keyframe_000533.pcd
534 1778824522.275013924 53.233792 10.340034 11.886863 -0.093193684 -0.045265489 0.534237620 -0.838961345 -1.124324327 keyframe_000534.pcd
535 1778824522.875393391 53.500014 9.855886 11.933413 -0.114981151 -0.028494233 0.522790823 -0.844190245 -1.094720032 keyframe_000535.pcd
536 1778824523.375045776 53.729239 9.292217 11.964481 -0.116265405 -0.021247264 0.524236737 -0.843330749 -1.098259268 keyframe_000536.pcd
537 1778824525.075075626 53.981306 8.818781 12.002898 -0.106607001 -0.021176318 0.516768251 -0.849197907 -1.081447381 keyframe_000537.pcd
538 1778824525.575360060 54.293121 8.295205 12.012865 -0.120144512 -0.038104395 0.519825800 -0.844922771 -1.087085999 keyframe_000538.pcd
539 1778824526.174031734 54.508241 7.810686 12.064994 -0.118419507 -0.031745856 0.536644083 -0.834854568 -1.127381743 keyframe_000539.pcd
540 1778824527.774374485 54.707931 7.347067 12.080807 -0.085081854 -0.011668970 0.540572160 -0.836903013 -1.139666190 keyframe_000540.pcd
541 1778824527.972521544 54.703749 7.275701 12.074956 -0.106678495 -0.007141087 0.581004224 -0.806847442 -1.236834433 keyframe_000541.pcd
542 1778824528.171265364 54.670123 7.222126 12.070319 -0.110168050 0.007807052 0.615467747 -0.780385484 -1.324159708 keyframe_000542.pcd
543 1778824529.275024652 54.727271 6.690357 12.087180 -0.132468576 -0.011407642 0.642268980 -0.754859258 -1.391973288 keyframe_000543.pcd
544 1778824530.074964046 54.829109 6.196967 12.076288 -0.142492482 -0.017177336 0.636946828 -0.757429581 -1.377400918 keyframe_000544.pcd
545 1778824530.976420403 54.923639 5.663175 12.098540 -0.131538213 -0.019480790 0.630504080 -0.764710927 -1.361067737 keyframe_000545.pcd
546 1778824531.775120258 55.030722 5.151957 12.096286 -0.126500697 -0.025539722 0.621258693 -0.772905514 -1.337395669 keyframe_000546.pcd
547 1778824532.675170898 55.138420 4.639325 12.112910 -0.127377934 -0.012844983 0.615638727 -0.777559533 -1.322744201 keyframe_000547.pcd
548 1778824533.575343132 55.241677 4.107818 12.137804 -0.119281735 -0.023546259 0.612738086 -0.780877378 -1.315788782 keyframe_000548.pcd
549 1778824534.464591742 55.408906 3.627585 12.142547 -0.116226332 -0.026137249 0.604340769 -0.787769331 -1.294581610 keyframe_000549.pcd
550 1778824535.276321411 55.522650 3.099908 12.174758 -0.133410639 -0.008354674 0.594974254 -0.792551221 -1.269993601 keyframe_000550.pcd
551 1778824535.875157118 55.679395 2.577111 12.187183 -0.129379614 -0.028536879 0.591987255 -0.794982800 -1.262415175 keyframe_000551.pcd
552 1778824536.472547293 55.843672 2.063147 12.213568 -0.130905525 -0.029986805 0.616548714 -0.775778460 -1.325076708 keyframe_000552.pcd
553 1778824536.676312447 55.830216 1.872778 12.205673 -0.151746268 -0.025287693 0.680959476 -0.715980304 -1.497219387 keyframe_000553.pcd
554 1778824536.875107527 55.765584 1.720117 12.205679 -0.167516079 -0.014531109 0.733821835 -0.658204167 -1.651163886 keyframe_000554.pcd
555 1778824537.174084902 55.689414 1.466526 12.171769 -0.166838703 -0.025850849 0.768301426 -0.617421655 -1.761934328 keyframe_000555.pcd
556 1778824537.472532272 55.572176 1.216144 12.157259 -0.176152501 -0.024834193 0.804432073 -0.566782674 -1.886968954 keyframe_000556.pcd
557 1778824537.572078466 55.523015 1.141255 12.139356 -0.182644938 -0.024045623 0.831131451 -0.524674324 -1.988051535 keyframe_000557.pcd
558 1778824537.675153494 55.453223 1.069408 12.106774 -0.188269026 -0.024881490 0.864624859 -0.465144643 -2.128967188 keyframe_000558.pcd
559 1778824537.775122166 55.364717 1.020701 12.113116 -0.210341771 0.008975102 0.888151625 -0.408488039 -2.240743999 keyframe_000559.pcd
560 1778824537.876324415 55.263021 0.981075 12.092179 -0.217527417 -0.000035619 0.919669239 -0.326940840 -2.425879668 keyframe_000560.pcd
561 1778824537.975099802 55.168120 0.952602 12.062187 -0.217510502 -0.000098608 0.944036891 -0.247958708 -2.602419624 keyframe_000561.pcd
562 1778824538.074291945 55.085646 0.929284 12.025723 -0.213957246 -0.001751993 0.961343324 -0.173315435 -2.768082239 keyframe_000562.pcd
563 1778824538.174008369 55.004495 0.930285 11.992276 -0.214741773 -0.015542998 0.969316113 -0.118619806 -2.893003922 keyframe_000563.pcd
564 1778824538.375049591 54.881264 0.947748 11.979711 -0.217061179 0.014052147 0.974808581 -0.049347863 -3.028512940 keyframe_000564.pcd
565 1778824538.674376488 54.899918 0.967486 11.985773 -0.226546534 0.014195438 0.973886855 -0.004421707 -3.124828258 keyframe_000565.pcd
566 1778824539.474439383 55.045427 1.013336 12.015257 -0.221027663 -0.017358488 0.974669687 0.029401653 3.069554785 keyframe_000566.pcd
567 1778824542.376182556 54.628116 1.000420 11.951320 -0.230729635 -0.023628468 0.972199380 -0.032154263 -3.083755429 keyframe_000567.pcd
568 1778824542.475010157 54.552079 0.982320 11.943141 -0.239784078 -0.020661445 0.966513725 -0.089038863 -2.957089426 keyframe_000568.pcd
569 1778824542.575017691 54.495394 0.953821 11.926536 -0.231241101 -0.030389858 0.960386753 -0.152516538 -2.823336026 keyframe_000569.pcd
570 1778824542.774920940 54.406470 0.892874 11.896167 -0.226828816 -0.032973491 0.947090600 -0.224679398 -2.665406900 keyframe_000570.pcd
571 1778824543.071362019 54.353531 0.837395 11.880224 -0.214424871 -0.038662804 0.938471314 -0.267952896 -2.574969807 keyframe_000571.pcd
572 1778824543.576107264 54.202372 0.730626 11.842366 -0.202040556 -0.014201350 0.930570969 -0.304984600 -2.487140525 keyframe_000572.pcd
573 1778824544.776166916 53.800611 0.431586 11.743572 -0.204641526 -0.016334354 0.925490686 -0.318311207 -2.456998683 keyframe_000573.pcd
574 1778824545.474799871 53.534780 0.251375 11.696236 -0.200581753 -0.025102187 0.939245956 -0.277405614 -2.553032639 keyframe_000574.pcd
575 1778824546.476190090 53.075221 -0.062491 11.585149 -0.204229348 -0.022405208 0.940810289 -0.269563315 -2.568185032 keyframe_000575.pcd
576 1778824547.274588823 52.592564 -0.334835 11.494101 -0.214105261 -0.023241678 0.935850309 -0.278931821 -2.544161305 keyframe_000576.pcd
577 1778824547.976044416 52.115312 -0.640066 11.399219 -0.217161090 -0.026468794 0.950391107 -0.221127128 -2.673129623 keyframe_000577.pcd
578 1778824548.373661041 51.834537 -0.736639 11.327162 -0.211841591 -0.003312792 0.961613378 -0.174390015 -2.766967121 keyframe_000578.pcd
579 1778824549.074431658 51.340623 -0.922811 11.200181 -0.221095216 -0.018383484 0.962270706 -0.157524731 -2.808451925 keyframe_000579.pcd
580 1778824549.674506664 50.871372 -1.086788 11.104824 -0.216672664 -0.028119684 0.962587586 -0.160272830 -2.807826832 keyframe_000580.pcd
581 1778824550.375807047 50.362647 -1.277813 10.987172 -0.214537118 -0.024084362 0.961588444 -0.169532982 -2.786141725 keyframe_000581.pcd
582 1778824551.076011896 49.849223 -1.481788 10.880026 -0.210360865 -0.010511313 0.961540723 -0.176287427 -2.766318333 keyframe_000582.pcd
583 1778824551.875926495 49.320429 -1.658475 10.770516 -0.219520177 -0.021176318 0.958974297 -0.178131281 -2.764903675 keyframe_000583.pcd
584 1778824552.576013803 48.855037 -1.859863 10.666922 -0.214176413 -0.028205445 0.958362259 -0.186747686 -2.750379874 keyframe_000584.pcd
585 1778824553.275972128 48.413189 -2.081114 10.541018 -0.213674633 -0.025844063 0.956558664 -0.196648820 -2.727714681 keyframe_000585.pcd
586 1778824553.675949097 48.140222 -2.174506 10.507873 -0.215490983 -0.020452928 0.964777912 -0.149495466 -2.828036900 keyframe_000586.pcd
587 1778824553.875963449 47.998023 -2.197176 10.463776 -0.217617736 -0.020097540 0.970336325 -0.103373236 -2.927843703 keyframe_000587.pcd
588 1778824554.275995731 47.657458 -2.221490 10.446865 -0.221724503 -0.012325920 0.973130107 -0.060861410 -3.015913681 keyframe_000588.pcd
589 1778824554.975864172 47.116255 -2.278999 10.290640 -0.226121896 -0.021780326 0.972109278 -0.058292860 -3.025959490 keyframe_000589.pcd
590 1778824555.175692797 46.979383 -2.315404 10.259888 -0.215778224 0.003276697 0.971218939 -0.100810689 -2.922686606 keyframe_000590.pcd
591 1778824555.575849056 46.708801 -2.438250 10.202515 -0.220206010 -0.012035141 0.963623025 -0.150980576 -2.819981871 keyframe_000591.pcd
592 1778824556.274401426 46.236127 -2.605264 10.094830 -0.214829558 -0.007844069 0.961002498 -0.173956691 -2.769145304 keyframe_000592.pcd
593 1778824556.974087238 45.754577 -2.807644 9.961398 -0.218425514 -0.021438437 0.958933882 -0.179656613 -2.761926856 keyframe_000593.pcd
594 1778824557.574281931 45.287710 -2.993517 9.886167 -0.226908574 -0.025601044 0.956376663 -0.182210770 -2.756262672 keyframe_000594.pcd
595 1778824558.269754887 44.792205 -3.198586 9.742425 -0.212178220 -0.028723385 0.958807346 -0.186665056 -2.751221822 keyframe_000595.pcd
596 1778824558.973815441 44.285352 -3.409315 9.629541 -0.213731284 -0.024346581 0.956756669 -0.195813328 -2.728874450 keyframe_000596.pcd
597 1778824559.675825357 43.764992 -3.617067 9.562596 -0.209522138 -0.010642220 0.957053647 -0.200088815 -2.714675329 keyframe_000597.pcd
598 1778824560.375702620 43.290910 -3.835485 9.447426 -0.217944095 -0.022672780 0.966681891 -0.132334569 -2.866054446 keyframe_000598.pcd
599 1778824560.575600147 43.135670 -3.864928 9.388456 -0.217504206 -0.032368511 0.972097045 -0.081679466 -2.980759022 keyframe_000599.pcd
600 1778824561.275715351 42.592068 -3.931220 9.270257 -0.217740085 -0.006968177 0.971705986 -0.091258847 -2.947863364 keyframe_000600.pcd
601 1778824561.575825930 42.381979 -4.011681 9.232612 -0.212150663 -0.036675836 0.965749787 -0.144825167 -2.846169304 keyframe_000601.pcd
602 1778824562.275823355 41.964230 -4.174691 9.129248 -0.215104394 -0.019941144 0.959329575 -0.181711908 -2.757509983 keyframe_000602.pcd
603 1778824562.975729942 41.467142 -4.381529 9.031117 -0.214641992 -0.003119795 0.956539841 -0.197359100 -2.715992670 keyframe_000603.pcd
604 1778824563.575814962 41.010678 -4.571545 8.950417 -0.209121914 -0.006538097 0.955984685 -0.205714753 -2.700775189 keyframe_000604.pcd
605 1778824564.375708580 40.435176 -4.845924 8.825023 -0.211942790 -0.021536162 0.954638885 -0.208040974 -2.701249770 keyframe_000605.pcd
606 1778824565.075643778 39.916276 -5.053456 8.709172 -0.214359199 -0.025023201 0.951425757 -0.219574595 -2.676711013 keyframe_000606.pcd
607 1778824565.575146675 39.558605 -5.237752 8.636504 -0.205690867 -0.023576964 0.962457897 -0.175528321 -2.774614694 keyframe_000607.pcd
608 1778824566.175644636 39.098627 -5.417672 8.474489 -0.215436841 -0.023254410 0.966035673 -0.140788063 -2.848303705 keyframe_000608.pcd
609 1778824566.772112131 38.601931 -5.520491 8.415570 -0.215662172 -0.024111683 0.966060946 -0.140123883 -2.850111128 keyframe_000609.pcd
610 1778824567.473405123 38.103830 -5.745316 8.283143 -0.214493767 -0.020080840 0.960222731 -0.177655538 -2.766589316 keyframe_000610.pcd
611 1778824568.174088717 37.597072 -5.962953 8.178302 -0.220569835 -0.031842466 0.954900004 -0.196216688 -2.729745821 keyframe_000611.pcd
612 1778824568.873731375 37.104668 -6.202140 8.055551 -0.216423532 -0.021667955 0.953857966 -0.206993561 -2.702421067 keyframe_000612.pcd
613 1778824569.575536251 36.608709 -6.425995 7.955508 -0.212014130 -0.009346453 0.953177935 -0.215440195 -2.679799768 keyframe_000613.pcd
614 1778824570.272411346 36.115464 -6.659849 7.824306 -0.224553099 -0.023095922 0.956773011 -0.183379087 -2.753056993 keyframe_000614.pcd
615 1778824570.975228786 35.608539 -6.819584 7.759139 -0.210315860 -0.021544215 0.961575007 -0.175147342 -2.773620223 keyframe_000615.pcd
616 1778824571.675547361 35.097022 -7.041193 7.626066 -0.217340236 -0.015628403 0.957874684 -0.187069677 -2.743293385 keyframe_000616.pcd
617 1778824572.375433683 34.602286 -7.232480 7.509661 -0.213202699 -0.011743588 0.958065106 -0.191096705 -2.733824438 keyframe_000617.pcd
618 1778824572.975579977 34.122741 -7.462606 7.431197 -0.211717765 -0.018670466 0.957099512 -0.196945489 -2.724407231 keyframe_000618.pcd
619 1778824573.475521564 33.669470 -7.663723 7.329264 -0.216353462 -0.015472209 0.954910469 -0.202725888 -2.709103548 keyframe_000619.pcd
620 1778824574.075215340 33.173572 -7.846330 7.218359 -0.226812547 -0.021896469 0.957777140 -0.175327020 -2.769717090 keyframe_000620.pcd
621 1778824574.675410509 32.719661 -8.025319 7.095514 -0.219193007 -0.026264182 0.958923089 -0.178132331 -2.767319738 keyframe_000621.pcd
622 1778824575.375470400 32.259971 -8.259330 6.970235 -0.216422298 -0.022429183 0.957988644 -0.186858445 -2.747035406 keyframe_000622.pcd
623 1778824575.773843288 31.955078 -8.314965 6.927766 -0.222120476 -0.019242495 0.965288208 -0.136054754 -2.855638149 keyframe_000623.pcd
624 1778824576.475311518 31.446393 -8.432951 6.796061 -0.218966628 -0.029849251 0.969297959 -0.107815140 -2.922716481 keyframe_000624.pcd
625 1778824577.075294018 30.956369 -8.604649 6.731074 -0.218139747 -0.020110561 0.963451890 -0.154178702 -2.817166351 keyframe_000625.pcd
626 1778824577.673361301 30.493786 -8.777696 6.639825 -0.219750555 -0.007097952 0.960867921 -0.168499709 -2.779508072 keyframe_000626.pcd
627 1778824578.375277996 29.980372 -8.952601 6.464672 -0.221936392 -0.020279580 0.959406687 -0.172834561 -2.775570491 keyframe_000627.pcd
628 1778824579.073596954 29.486594 -9.169351 6.372523 -0.209876407 -0.031813799 0.960112835 -0.181997584 -2.763270237 keyframe_000628.pcd
629 1778824579.775331736 28.968456 -9.395759 6.242453 -0.216587443 -0.024020766 0.957110119 -0.190926956 -2.738777270 keyframe_000629.pcd
630 1778824580.475447178 28.457644 -9.606931 6.142321 -0.213604565 -0.010285598 0.956825639 -0.196855259 -2.720481613 keyframe_000630.pcd
631 1778824581.174795389 27.984192 -9.818473 6.057617 -0.218062826 -0.020206879 0.954409104 -0.202838724 -2.710485157 keyframe_000631.pcd
632 1778824581.775286198 27.543594 -10.034124 5.925256 -0.216410171 -0.031312782 0.953136168 -0.209087525 -2.702088893 keyframe_000632.pcd
633 1778824582.375246763 27.076407 -10.269821 5.836634 -0.216186672 -0.020854774 0.951327694 -0.218641303 -2.676443974 keyframe_000633.pcd
634 1778824582.875495672 26.722144 -10.417890 5.741279 -0.218856701 -0.027503151 0.962082486 -0.160445042 -2.806765249 keyframe_000634.pcd
635 1778824583.575224638 26.216805 -10.564102 5.621140 -0.220573602 -0.025009012 0.967415988 -0.121770858 -2.889818952 keyframe_000635.pcd
636 1778824584.175283670 25.735010 -10.682839 5.517889 -0.220554348 -0.017681163 0.967338880 -0.123687699 -2.882133145 keyframe_000636.pcd
637 1778824584.875335455 25.191620 -10.834049 5.382342 -0.224006276 -0.018074950 0.966085324 -0.127175595 -2.874168936 keyframe_000637.pcd
638 1778824585.574965715 24.650578 -10.999188 5.288940 -0.224193987 -0.028093626 0.965363645 -0.130463934 -2.871830975 keyframe_000638.pcd
639 1778824586.275172710 24.140037 -11.095505 5.189158 -0.219830587 -0.027805085 0.964681569 -0.142445994 -2.846126484 keyframe_000639.pcd
640 1778824586.874832392 23.689064 -11.283947 5.067741 -0.215644382 -0.018014683 0.964344343 -0.152358001 -2.820652553 keyframe_000640.pcd
641 1778824587.473128557 23.189989 -11.476138 4.958249 -0.213785709 -0.010707036 0.963899011 -0.158365803 -2.804639633 keyframe_000641.pcd
642 1778824588.171206474 22.693955 -11.646876 4.833804 -0.225787642 -0.021619573 0.960417905 -0.161709564 -2.799822729 keyframe_000642.pcd
643 1778824588.875232220 22.167680 -11.853738 4.738959 -0.217834557 -0.026173499 0.961019941 -0.168237112 -2.789272449 keyframe_000643.pcd
644 1778824589.475115776 21.675566 -12.050489 4.590053 -0.217170145 -0.035309585 0.958450878 -0.181555160 -2.764388866 keyframe_000644.pcd
645 1778824589.875033379 21.388905 -12.191193 4.546079 -0.217049701 -0.030513535 0.949949502 -0.222607939 -2.671665863 keyframe_000645.pcd
646 1778824590.575042248 20.938504 -12.475883 4.422821 -0.217136188 -0.033350181 0.944217338 -0.245343146 -2.622370960 keyframe_000646.pcd
647 1778824591.175218105 20.505363 -12.722571 4.352633 -0.209996042 -0.015841840 0.943650585 -0.255292524 -2.595277992 keyframe_000647.pcd
648 1778824591.775146961 20.030223 -12.989663 4.249713 -0.210974053 -0.014891464 0.941274826 -0.263191747 -2.577045399 keyframe_000648.pcd
649 1778824592.475046873 19.586449 -13.283127 4.123435 -0.221652232 -0.022437895 0.937129812 -0.268615981 -2.564124141 keyframe_000649.pcd
650 1778824593.075074434 19.145388 -13.569055 4.040830 -0.215649440 -0.026058331 0.937236877 -0.272769719 -2.558532715 keyframe_000650.pcd
651 1778824593.675093174 18.692647 -13.832019 3.987086 -0.211181808 -0.031129697 0.948261914 -0.235016018 -2.646089795 keyframe_000651.pcd
652 1778824594.275063038 18.245099 -14.074516 3.800815 -0.216772245 -0.020343160 0.947240891 -0.235224667 -2.639365395 keyframe_000652.pcd
653 1778824594.875026703 17.792697 -14.322773 3.714493 -0.215826731 -0.021259842 0.945242478 -0.243892390 -2.620834635 keyframe_000653.pcd
654 1778824595.475066423 17.359096 -14.575560 3.599886 -0.211994682 -0.014426102 0.944186972 -0.251716315 -2.601941812 keyframe_000654.pcd
655 1778824596.173480749 16.873792 -14.866410 3.506818 -0.216476001 -0.030011887 0.943033925 -0.250847449 -2.608872794 keyframe_000655.pcd
656 1778824596.875091791 16.406238 -15.173716 3.394112 -0.208302881 -0.032258013 0.941998226 -0.261167901 -2.589407269 keyframe_000656.pcd
657 1778824597.364817619 15.995754 -15.367137 3.310407 -0.211240875 -0.027252289 0.956438045 -0.199651874 -2.722315979 keyframe_000657.pcd
658 1778824597.575128555 15.807851 -15.428661 3.261438 -0.223497713 -0.012268000 0.963254618 -0.148454737 -2.824922799 keyframe_000658.pcd
659 1778824597.871492386 15.539900 -15.469810 3.215507 -0.222982319 -0.005111245 0.969625856 -0.100391537 -2.926432963 keyframe_000659.pcd
660 1778824598.374761105 15.153631 -15.603073 3.120235 -0.229275645 -0.026625447 0.961932123 -0.146322775 -2.835469097 keyframe_000660.pcd
661 1778824598.673345804 14.930258 -15.727674 3.078326 -0.214174360 -0.025521568 0.956555075 -0.196164169 -2.728517340 keyframe_000661.pcd
662 1778824599.375099897 14.403635 -15.925715 2.948077 -0.221039616 -0.029294303 0.950378532 -0.216942339 -2.682581808 keyframe_000662.pcd
663 1778824600.074817181 13.915535 -16.227963 2.850661 -0.213613302 -0.029985791 0.949696479 -0.227039220 -2.662571280 keyframe_000663.pcd
664 1778824600.674821854 13.496146 -16.485764 2.731724 -0.209071289 -0.024246944 0.948844024 -0.235364187 -2.643042733 keyframe_000664.pcd
665 1778824601.275043011 13.002149 -16.699670 2.645979 -0.213096712 -0.027753603 0.951707511 -0.219254059 -2.678943662 keyframe_000665.pcd
666 1778824601.875052691 12.507805 -16.906966 2.533346 -0.211904435 -0.016370313 0.956824895 -0.198279204 -2.720444718 keyframe_000666.pcd
667 1778824602.375032902 12.052748 -17.100457 2.420926 -0.212632684 -0.013286934 0.961286430 -0.174754679 -2.770335585 keyframe_000667.pcd
668 1778824603.075191259 11.568884 -17.265096 2.330817 -0.220408586 -0.025931362 0.961638093 -0.161244527 -2.803983559 keyframe_000668.pcd
669 1778824603.775156736 11.055856 -17.472668 2.214192 -0.215458077 -0.032367255 0.961937397 -0.164944302 -2.799782164 keyframe_000669.pcd
670 1778824604.374891043 10.569313 -17.645898 2.101038 -0.213900448 -0.031787930 0.961113082 -0.171749149 -2.784908137 keyframe_000670.pcd
671 1778824605.075041056 10.041452 -17.861622 2.003780 -0.214126146 -0.016327675 0.959334385 -0.183196446 -2.752884349 keyframe_000671.pcd
672 1778824605.775097847 9.569175 -18.094723 1.859065 -0.216427664 -0.018373822 0.957926062 -0.187614310 -2.743556220 keyframe_000672.pcd
673 1778824606.375137568 9.100758 -18.276404 1.792249 -0.222824638 -0.024393900 0.955442520 -0.192051319 -2.734947117 keyframe_000673.pcd
674 1778824606.974764109 8.599356 -18.471491 1.698018 -0.217237065 -0.030143745 0.955654827 -0.196528023 -2.729063124 keyframe_000674.pcd
675 1778824607.675019026 8.090970 -18.718755 1.586317 -0.216924409 -0.029300522 0.956272036 -0.193982146 -2.734360496 keyframe_000675.pcd
676 1778824607.972921848 7.847817 -18.794610 1.527504 -0.219210119 -0.027875055 0.965457616 -0.138063377 -2.855829115 keyframe_000676.pcd
677 1778824608.374432087 7.514533 -18.875746 1.437555 -0.224534970 -0.023322459 0.970359971 -0.086264929 -2.965941935 keyframe_000677.pcd
678 1778824608.474162340 7.416372 -18.880538 1.421078 -0.219671686 -0.019347592 0.974608373 -0.038839931 -3.067095212 keyframe_000678.pcd
679 1778824608.672395468 7.236848 -18.882667 1.359161 -0.222577544 -0.024615212 0.974417293 0.019085793 3.088151940 keyframe_000679.pcd
680 1778824609.075043678 6.886031 -18.830361 1.302325 -0.218364165 -0.011240347 0.973439174 0.067874296 2.989712551 keyframe_000680.pcd
681 1778824609.674582243 6.376523 -18.748823 1.191493 -0.220390236 -0.015486921 0.972443046 0.074450132 2.973178138 keyframe_000681.pcd
682 1778824610.375090837 5.801243 -18.638030 1.085033 -0.213812985 -0.011643209 0.974181722 0.071543108 2.982245070 keyframe_000682.pcd
683 1778824610.975113869 5.243297 -18.559681 0.941359 -0.230854053 -0.023574271 0.970057936 0.071681665 2.973398398 keyframe_000683.pcd
684 1778824611.375088453 4.888854 -18.444261 0.896321 -0.218586393 -0.006904617 0.964081072 0.150731554 2.812192357 keyframe_000684.pcd
685 1778824611.575177431 4.739932 -18.366593 0.855049 -0.220914592 -0.009689410 0.953279494 0.205818039 2.689903347 keyframe_000685.pcd
686 1778824611.875042677 4.516624 -18.257975 0.772939 -0.210945768 0.000372660 0.944684456 0.251143429 2.597965268 keyframe_000686.pcd
687 1778824612.075009584 4.389525 -18.122626 0.773791 -0.209501720 -0.011947353 0.916041688 0.341809765 2.392307180 keyframe_000687.pcd
688 1778824612.175160170 4.338876 -18.047325 0.761281 -0.200528942 -0.005300533 0.897874105 0.391895572 2.285418007 keyframe_000688.pcd
689 1778824612.375160694 4.255106 -17.884657 0.750654 -0.183998706 0.010540907 0.876586717 0.444554939 2.176466638 keyframe_000689.pcd
690 1778824612.575207472 4.181032 -17.722443 0.718765 -0.194771285 0.010273942 0.855419421 0.479808511 2.087087470 keyframe_000690.pcd
691 1778824613.175053596 3.882151 -17.265171 0.653927 -0.191927483 -0.001630409 0.842018347 0.504149072 2.028001182 keyframe_000691.pcd
692 1778824613.775024652 3.623819 -16.754116 0.615781 -0.201836246 -0.007870601 0.843439676 0.497804878 2.035817184 keyframe_000692.pcd
693 1778824614.475152731 3.341253 -16.207756 0.575517 -0.187694226 -0.006476662 0.851707872 0.489206124 2.065549735 keyframe_000693.pcd
694 1778824615.075156927 3.079334 -15.760587 0.478859 -0.205790875 -0.012132648 0.849089115 0.486364667 2.059851618 keyframe_000694.pcd
695 1778824615.675090075 2.760509 -15.324428 0.462697 -0.202630899 -0.013328889 0.852846409 0.481057234 2.074367698 keyframe_000695.pcd
696 1778824616.272508860 2.480354 -14.862996 0.382857 -0.202379282 -0.011491911 0.856166306 0.475278675 2.088651108 keyframe_000696.pcd
697 1778824616.874774218 2.176488 -14.403866 0.301964 -0.197930524 -0.015044028 0.859063118 0.471813251 2.098950556 keyframe_000697.pcd
698 1778824617.474951744 1.900593 -13.963053 0.284830 -0.191023513 -0.005111943 0.862380373 0.468811239 2.112238432 keyframe_000698.pcd
699 1778824617.874332905 1.726991 -13.614499 0.234360 -0.198707445 -0.004624273 0.831667249 0.518481972 1.988318911 keyframe_000699.pcd
700 1778824618.172350168 1.643813 -13.335477 0.201417 -0.194315343 0.000014236 0.806077833 0.558999172 1.891674675 keyframe_000700.pcd
701 1778824618.674664736 1.451439 -12.868059 0.169601 -0.194692317 -0.011930929 0.795926228 0.573109060 1.854427441 keyframe_000701.pcd
702 1778824619.275080919 1.247445 -12.302451 0.117012 -0.198967726 -0.009671259 0.796177287 0.571331811 1.856116622 keyframe_000702.pcd
703 1778824619.773061037 1.081057 -11.825348 0.076309 -0.195682828 -0.008531017 0.799247262 0.568189464 1.866536887 keyframe_000703.pcd
704 1778824620.275099754 0.869482 -11.325686 0.033988 -0.192101382 -0.003013050 0.800717078 0.567397693 1.871676187 keyframe_000704.pcd
705 1778824620.774101496 0.703010 -10.723487 0.068166 -0.183111726 0.001090478 0.774210981 0.605859937 1.779712908 keyframe_000705.pcd
706 1778824621.175270557 0.613754 -10.224979 0.034900 -0.174067607 0.002401293 0.748684405 0.639661132 1.696639457 keyframe_000706.pcd
707 1778824621.575869322 0.518311 -9.707394 0.009648 -0.169533655 -0.005246304 0.744088778 0.646190921 1.681806208 keyframe_000707.pcd
708 1778824622.075303555 0.426383 -9.100536 0.014576 -0.183479411 -0.002496304 0.736963007 0.650549460 1.660411259 keyframe_000708.pcd
709 1778824622.475173235 0.364642 -8.563114 0.017321 -0.173261130 -0.008016550 0.738869803 0.651143402 1.665831321 keyframe_000709.pcd
710 1778824622.875318766 0.303138 -8.052453 0.008621 -0.174846202 -0.009039509 0.740166070 0.649231301 1.669880836 keyframe_000710.pcd
711 1778824623.275197506 0.199695 -7.558319 -0.035799 -0.170467411 -0.011879142 0.742454701 0.647735104 1.676788076 keyframe_000711.pcd
712 1778824623.675181627 0.153623 -7.054468 -0.024414 -0.166330413 -0.001706244 0.743532989 0.647680459 1.680027972 keyframe_000712.pcd
713 1778824624.076112747 0.072480 -6.529933 -0.041305 -0.176257805 -0.008191909 0.741807768 0.646983241 1.675003791 keyframe_000713.pcd
714 1778824624.475028515 -0.034613 -6.032130 -0.049831 -0.186988989 -0.004266712 0.770147790 0.609827266 1.766259366 keyframe_000714.pcd
715 1778824624.876111031 -0.221009 -5.554116 -0.099475 -0.187571728 -0.003777868 0.796727822 0.574480071 1.856771830 keyframe_000715.pcd
716 1778824625.374556541 -0.419372 -4.988454 -0.137720 -0.183223487 -0.015072811 0.805033462 0.564024015 1.884710609 keyframe_000716.pcd
717 1778824625.774990559 -0.593983 -4.513226 -0.160924 -0.191268020 -0.012944235 0.806306113 0.559570767 1.890714105 keyframe_000717.pcd
718 1778824626.174444914 -0.787909 -4.047077 -0.198132 -0.185308538 -0.006769383 0.810025920 0.556302912 1.903585678 keyframe_000718.pcd
719 1778824626.574952126 -0.978501 -3.576888 -0.203746 -0.185025586 -0.000459247 0.811443605 0.554368647 1.909385715 keyframe_000719.pcd
720 1778824627.074550629 -1.225778 -3.037106 -0.238557 -0.202147891 -0.015915409 0.807121076 0.554471368 1.895439569 keyframe_000720.pcd
721 1778824627.475169182 -1.383014 -2.552812 -0.277497 -0.179997874 -0.014647536 0.813447816 0.552891369 1.914498221 keyframe_000721.pcd
722 1778824627.874961138 -1.564949 -2.068902 -0.357307 -0.191451117 -0.007033663 0.811062135 0.552698119 1.908470537 keyframe_000722.pcd
723 1778824628.375105381 -1.800419 -1.496451 -0.423426 -0.204222988 -0.008882167 0.806305494 0.555054528 1.893391094 keyframe_000723.pcd
724 1778824628.674557924 -1.904402 -1.143041 -0.455579 -0.181503697 -0.004146531 0.777655110 0.601906757 1.790645004 keyframe_000724.pcd
725 1778824628.775051594 -1.913623 -1.011723 -0.469356 -0.174422073 0.006756706 0.736568717 0.653450697 1.659246914 keyframe_000725.pcd
726 1778824628.874768734 -1.899050 -0.901755 -0.458882 -0.165670564 -0.010152969 0.684763925 0.709611547 1.507314507 keyframe_000726.pcd
727 1778824628.974155664 -1.864896 -0.796895 -0.471539 -0.143060471 -0.008010051 0.626935196 0.765781823 1.352235216 keyframe_000727.pcd
728 1778824629.074116945 -1.829307 -0.723729 -0.446868 -0.124738389 -0.002601753 0.564177138 0.816172606 1.195198903 keyframe_000728.pcd
729 1778824629.173648357 -1.783203 -0.675135 -0.426804 -0.106411140 0.006451396 0.477058641 0.872381856 0.990532044 keyframe_000729.pcd
730 1778824629.272592068 -1.735392 -0.664618 -0.405714 -0.084188388 0.001658970 0.385221959 0.918974214 0.788613155 keyframe_000730.pcd
731 1778824629.374859095 -1.682047 -0.664624 -0.401832 -0.068248223 0.015365662 0.284982983 0.955976347 0.575251976 keyframe_000731.pcd
732 1778824629.475183487 -1.632523 -0.678674 -0.406564 -0.052146125 0.021863350 0.175288864 0.982891952 0.350049121 keyframe_000732.pcd
733 1778824629.576054096 -1.613945 -0.701004 -0.393800 -0.029859700 0.022899853 0.082316660 0.995895558 0.163525800 keyframe_000733.pcd
734 1778824629.674631596 -1.597007 -0.734530 -0.385058 -0.015521767 0.022128084 -0.035489319 0.999004470 -0.071723010 keyframe_000734.pcd
735 1778824629.775062799 -1.597395 -0.786477 -0.376173 0.015406471 0.006132236 -0.149735398 0.988587046 -0.300403281 keyframe_000735.pcd
736 1778824629.876012325 -1.597908 -0.838278 -0.390141 0.053713781 0.027049527 -0.257958845 0.964282317 -0.519181780 keyframe_000736.pcd
737 1778824629.975673437 -1.610204 -0.885344 -0.388485 0.084677276 0.019114614 -0.363179904 0.927666291 -0.739282091 keyframe_000737.pcd
738 1778824630.074625015 -1.628432 -0.912057 -0.391655 0.110151208 0.016160741 -0.460470457 0.880665941 -0.951663469 keyframe_000738.pcd
739 1778824630.174350023 -1.656628 -0.940745 -0.390878 0.124900526 0.017535440 -0.548949627 0.826284863 -1.156788012 keyframe_000739.pcd
740 1778824630.275268793 -1.678292 -0.954941 -0.401836 0.139321872 0.024134040 -0.606959003 0.782053535 -1.299655848 keyframe_000740.pcd
741 1778824630.375148058 -1.693758 -0.967981 -0.409358 0.141158831 0.026877153 -0.652617712 0.743936774 -1.419651775 keyframe_000741.pcd
742 1778824630.574706078 -1.695355 -0.977431 -0.414866 0.144418148 0.028553692 -0.687426695 0.711176929 -1.515918491 keyframe_000742.pcd
743 1778824631.275943995 -1.668463 -0.959372 -0.387998 0.139414354 0.014633787 -0.646703208 0.749749592 -1.403452071 keyframe_000743.pcd
744 1778824634.375944376 -1.644654 -0.950765 -0.384560 0.116367995 0.016105214 -0.583626612 0.803479365 -1.242441989 keyframe_000744.pcd
745 1778824634.475113869 -1.620337 -0.941785 -0.380707 0.103727506 0.016866008 -0.531073761 0.840783446 -1.115652891 keyframe_000745.pcd
746 1778824634.575250149 -1.600776 -0.928259 -0.377800 0.085377801 0.014466259 -0.464563429 0.881295739 -0.962963979 keyframe_000746.pcd
747 1778824634.675853491 -1.583654 -0.917937 -0.380168 0.085765085 0.005527257 -0.389609882 0.916961253 -0.797610407 keyframe_000747.pcd
748 1778824634.775094986 -1.562000 -0.894493 -0.386323 0.065980007 0.020573259 -0.307962518 0.948884855 -0.623133621 keyframe_000748.pcd
749 1778824634.875857115 -1.536076 -0.863054 -0.391715 0.045124266 0.017391875 -0.211732350 0.976130491 -0.425051995 keyframe_000749.pcd
750 1778824634.975896835 -1.531361 -0.838570 -0.380701 0.019919663 0.012987314 -0.125290311 0.991835105 -0.250754180 keyframe_000750.pcd
751 1778824635.174994946 -1.533687 -0.808419 -0.374330 0.001834145 0.003666298 -0.015925322 0.999864780 -0.031839137 keyframe_000751.pcd
752 1778824635.475622177 -1.536065 -0.810002 -0.373767 -0.015508870 0.011502120 -0.075520907 0.996957255 -0.151550471 keyframe_000752.pcd
753 1778824635.575586319 -1.536517 -0.827663 -0.367088 -0.005211762 0.010456943 -0.133229451 0.991016349 -0.267398754 keyframe_000753.pcd
754 1778824635.674565315 -1.541003 -0.853900 -0.365755 0.014481316 0.006375583 -0.204045658 0.978833496 -0.410792843 keyframe_000754.pcd
755 1778824635.775866508 -1.546280 -0.880052 -0.373305 0.034852480 0.008026750 -0.288786551 0.956725250 -0.585201320 keyframe_000755.pcd
756 1778824635.875158072 -1.548119 -0.925113 -0.384400 0.088042522 0.027993308 -0.363577098 0.926971727 -0.739154814 keyframe_000756.pcd
757 1778824635.975004196 -1.562211 -0.969395 -0.392191 0.115864654 0.019916718 -0.445753752 0.887401994 -0.917657071 keyframe_000757.pcd
758 1778824636.075031996 -1.576044 -0.997428 -0.379317 0.120493730 0.022210089 -0.533982216 0.836570957 -1.121024639 keyframe_000758.pcd
759 1778824636.175353289 -1.602023 -1.019045 -0.383113 0.149736887 0.017600394 -0.617507814 0.771980046 -1.326101077 keyframe_000759.pcd
760 1778824636.274471998 -1.635247 -1.023442 -0.387772 0.162485057 0.019671051 -0.693358208 0.701759255 -1.531783345 keyframe_000760.pcd
761 1778824636.375848055 -1.672930 -1.025231 -0.410457 0.181926530 0.029931595 -0.764403780 0.617813644 -1.751341948 keyframe_000761.pcd
762 1778824636.475843668 -1.705530 -1.020218 -0.405385 0.188946612 0.027757220 -0.824609012 0.532492903 -1.965544363 keyframe_000762.pcd
763 1778824636.575518131 -1.737201 -1.013186 -0.400932 0.197640666 0.034748811 -0.877997896 0.434569191 -2.198878313 keyframe_000763.pcd
764 1778824636.675847054 -1.758825 -0.998380 -0.400243 0.201889157 0.034129542 -0.914563364 0.348783307 -2.395419413 keyframe_000764.pcd
765 1778824636.775784492 -1.780681 -0.979539 -0.416997 0.218546979 0.022995657 -0.931023863 0.291381166 -2.514391769 keyframe_000765.pcd
766 1778824636.874665976 -1.796216 -0.970404 -0.423526 0.217271787 0.023742754 -0.943332225 0.249706960 -2.608484941 keyframe_000766.pcd
