# .PCD v0.7 - Point Cloud Data file format
VERSION 0.7
FIELDS x y z
SIZE 4 4 4
TYPE F F F
COUNT 1 1 1
WIDTH 6874
HEIGHT 1
VIEWPOINT 0 0 0 1 0 0 0
POINTS 6874
DATA ascii
300.092194 -339.116486 -1.84119999
300.088989 -338.88385 -1.87199998
300.182007 -334.976501 -1.65649998
300.103455 -334.792603 -1.51064992
300.142487 -334.653198 -0.983900011
300.118103 -324.089294 0.723766685
300.129089 -323.85611 0.72390002
300.141388 -323.790894 0.752600014
300.087311 -323.577911 0.804199994
300.0047 -323.181305 0.731000006
300.241608 -335.212799 -1.31330001
300.218903 -335.193512 -1.38039994
300.212402 -334.622101 -1.21280003
300.359192 -325.420776 0.571049988
300.233704 -324.834198 0.74879998
300.210999 -324.720795 0.729399979
300.256287 -324.468994 0.734000027
300.245514 -324.579498 0.810299993
300.342712 -321.778107 0.883599997
300.422699 -335.459808 -1.7723
300.543304 -326.572388 0.582199991
300.583588 -326.485504 0.644500017
300.519714 -326.3172 0.559499979
300.583893 -326.310455 0.726899981
300.468201 -326.061615 0.582799971
300.535095 -326.182312 0.727599978
300.501312 -326.139496 0.828599989
300.428497 -325.880493 0.8125
300.761383 -327.524048 0.658375025
300.735535 -327.354614 0.72360003
300.699707 -327.066833 0.645699978
300.695404 -327.145905 0.826099992
300.641998 -326.841095 0.594799995
300.644012 -326.954803 0.625199974
300.674438 -320.867432 -0.653900027
300.711914 -320.656403 -0.77670002
300.7453 -320.099792 -1.36010003
300.938599 -334.588196 -1.41429996
300.967896 -328.729492 0.693849981
300.932098 -328.573914 0.561800003
300.956207 -328.009491 -0.969799995
300.94339 -328.022186 -0.523999989
300.871399 -328.107513 0.564100027
300.868774 -328.056519 0.678600013
300.910522 -327.855438 -1.26900005
300.957001 -327.909119 -0.878749967
300.912262 -327.829651 -0.643599987
300.924866 -327.912659 0.138549998
300.881195 -327.864655 0.237049997
300.878693 -327.887543 0.485399991
300.908752 -327.84375 0.706749976
300.888367 -327.780518 -0.327749997
300.84079 -327.746399 0.0705000013
300.815491 -327.792999 0.695500016
300.915588 -321.724792 0.835099995
300.987915 -321.020111 -1.07780004
300.916565 -320.86792 -1.09105003
300.822296 -320.913086 -0.89410001
301.124603 -334.416809 -1.27339995
301.192902 -329.818115 0.657999992
301.196014 -329.78891 0.61650002
301.109802 -329.451355 0.565150023
301.149109 -329.51416 0.696799994
301.12439 -329.318848 0.708899975
301.05835 -329.10083 0.678974986
301.049438 -328.913574 0.662033319
301.029388 -328.769409 0.573199987
301.030487 -320.954498 -1.53410006
301.051086 -320.855408 -1.14189994
301.303192 -339.630402 -0.283600003
301.310303 -339.508087 -0.0974999964
301.311493 -339.583496 0.00999999978
301.370789 -337.311707 -1.73860002
301.233765 -334.909973 -1.45449996
301.307892 -334.849091 -1.30260003
301.359497 -334.852203 -0.99879998
301.388397 -334.474701 -1.08150005
301.372711 -330.989288 0.562699974
301.370392 -330.89679 0.644299984
301.30481 -330.662964 0.520599961
301.368195 -330.701233 0.680100024
301.331177 -330.534363 0.558499992
301.296204 -330.462097 0.604700029
301.258698 -330.299652 0.497900009
301.246094 -330.222198 0.758400023
301.222992 -330.078125 0.53610003
301.272614 -330.144989 0.661599994
301.231659 -329.906189 0.67324996
301.211914 -329.799011 0.707700014
301.452301 -339.785095 -0.493800014
301.523712 -339.663208 -0.316900015
301.437103 -339.687805 -0.116300002
301.4375 -334.917511 -1.63320005
301.546814 -334.839111 -1.50080001
301.505554 -334.764709 -1.73235011
301.571899 -334.780212 -1.51999998
301.421814 -334.53009 -1.12609994
301.566376 -332.089783 0.509850025
301.579803 -331.909363 0.51699996
301.544495 -331.885498 0.625899971
301.500244 -331.635956 0.498133332
301.552338 -331.729614 0.645750046
301.502319 -331.486115 0.530400038
301.513824 -331.512787 0.654666662
301.523285 -331.29599 0.597299993
301.498047 -331.328857 0.634549975
301.415497 -331.098694 0.577099979
301.400787 -330.675201 0.598200023
301.412689 -330.74881 0.822300017
301.547607 -320.626587 -0.921999991
301.750397 -339.881012 -0.241799995
301.760315 -333.275085 0.672500014
301.752502 -333.024414 0.424899995
301.730286 -333.011414 0.682200015
301.746002 -332.922791 0.49970001
301.7948 -332.83371 0.663200021
301.71225 -332.628448 0.57644999
301.735291 -332.759003 0.622699976
301.678894 -332.5242 0.469999999
301.685852 -332.44751 0.69204998
301.68396 -332.32486 0.553499997
301.615692 -332.145691 0.437400013
301.655212 -332.146301 0.649250031
301.676697 -320.649902 -1.4289
301.745605 -320.634094 -1.28859997
301.995209 -334.029205 -0.345299989
301.993652 -334.080078 -0.0667999983
301.997009 -334.008209 0.164499998
301.968292 -334.053955 0.332866669
301.983704 -334.089172 0.557449996
301.993225 -333.891693 -0.480050027
301.982086 -333.884003 -0.0683000013
301.945007 -333.941406 0.0339000002
301.952606 -333.940399 0.279150009
301.89093 -333.693176 0.509333313
301.846802 -333.469208 0.540799975
301.827606 -333.365692 0.453700006
301.818665 -333.348755 0.617599964
301.816589 -333.015686 0.632399976
301.970886 -327.788788 0.660300016
301.98761 -321.416412 0.776600003
301.99881 -321.345886 -0.147799999
301.934601 -320.700195 -1.35689998
301.936707 -320.423218 -0.941799998
301.919403 -320.593811 -0.633099973
302.176086 -334.361603 -1.06099999
302.003815 -334.221313 0.535000026
302.139313 -334.126312 -0.641700029
302.016815 -334.063202 -0.532599986
302.019409 -333.960205 -0.54430002
302.028961 -333.941864 -0.265066683
302.023712 -333.934387 -0.183400005
302.015594 -333.983002 0.2324
302.192688 -323.191711 -1.1128
302.075714 -321.410797 -0.0395000018
302.07901 -321.448303 0.106899999
302.066589 -321.466003 0.2421
302.043884 -321.480835 0.45539999
302.054993 -321.423706 0.684499979
302.013885 -321.455811 0.91049999
302.112396 -321.377411 -1.11609995
302.11499 -321.345001 -0.907700002
302.1474 -320.62561 -1.15509999
302.004486 -320.487488 -0.822899997
302.061157 -320.525543 -0.708949983
302.024902 -320.394196 -0.766099989
302.301514 -334.845886 -0.975600004
302.243896 -334.652496 -0.929899991
302.218109 -334.303009 -1.20889997
302.2117 -334.167694 -1.05289996
302.234589 -320.681702 -1.18910003
302.344604 -320.602203 -0.795799971
302.524109 -337.783691 -1.76320004
302.549805 -337.34201 -1.85500002
302.563507 -335.09201 -1.72119999
302.595001 -334.726593 -1.32739997
302.533691 -334.737213 -1.07599998
302.503998 -334.330109 -1.34949994
302.623108 -334.625488 -1.27059996
302.646149 -334.51947 -1.75090003
302.615509 -334.236786 -1.15180004
302.606598 -325.316803 -1.16779995
302.975403 -339.89209 -1.86319995
302.971588 -320.479187 -1.40380001
302.837189 -320.4758 -1.05700004
302.841797 -320.351898 -0.989799976
303.073303 -337.793304 -1.77629995
303.053192 -336.511597 -1.74619997
303.126709 -333.8396 0.621900022
303.155487 -327.605804 0.0190999992
303.197906 -327.606293 0.441799998
303.15451 -327.509308 -0.856400013
303.18399 -327.400299 -0.538200021
303.158997 -327.484558 -0.0971999988
303.150208 -327.513794 0.0411999971
303.166992 -327.420502 0.33829999
303.145752 -327.463013 0.472000003
303.131531 -327.516907 0.677900016
303.112213 -321.692108 0.904699981
303.082611 -320.487 -1.37660003
303.173889 -320.412415 -1.17050004
303.131287 -320.484314 -0.922399998
303.039703 -320.261688 -0.693099976
303.081787 -320.173706 -0.599699974
303.390503 -339.6521 -1.80400002
303.398895 -339.734985 -1.79089999
303.233887 -339.405914 -0.0397000015
303.260315 -333.974213 -0.962499976
303.230042 -327.461792 -1.14205003
303.238464 -327.520508 -0.920099974
303.212585 -327.496704 -0.564300001
303.399811 -320.887512 -0.585699975
303.226501 -320.443787 -0.922100008
303.295197 -320.339203 -0.968500018
303.347961 -320.387634 -0.618499994
303.278503 -320.390686 -0.531799972
303.339508 -320.194397 -0.467700005
303.505402 -339.696014 0.360500008
303.506012 -339.690491 0.492199987
303.506897 -334.236115 -1.47819996
303.504913 -334.368713 -1.34459996
303.47464 -334.079559 -1.30550003
303.522705 -334.032593 -1.12300003
303.583191 -333.988098 -1.28269994
303.44751 -329.4487 0.703299999
303.447845 -320.430542 -1.24755001
303.518829 -320.479126 -1.08940005
303.429199 -320.414215 -0.962100029
303.44165 -320.361053 -1.3046
303.484009 -320.250397 -0.963999987
303.543915 -320.343597 -0.578100026
303.675964 -339.662903 0.719600022
303.661652 -339.671753 0.915300012
303.774506 -338.024994 -1.74489999
303.782501 -334.601715 -0.969299972
303.744293 -334.515015 -0.901000023
303.750946 -334.350586 -0.906599998
303.708405 -320.674988 -1.13380003
303.615509 -320.556 -1.04229999
303.614288 -320.535309 -0.635900021
303.757812 -320.352386 -0.773899972
303.967987 -339.954102 -1.56990004
303.957458 -339.754578 -1.71850002
303.931 -339.627197 0.851199985
303.846985 -339.469788 1.13950002
303.831696 -339.435303 1.34030008
303.865204 -339.097992 -0.266600013
303.888092 -334.334686 -1.65380001
303.950684 -334.282532 -1.48629999
303.969604 -334.39859 -1.102
303.985413 -334.139801 -1.40509999
303.964386 -334.016693 -0.986999989
303.945587 -320.427002 -0.734799981
303.850098 -320.299408 -1.30840003
303.862854 -320.275299 -0.902549982
303.912811 -320.180115 -1.34060001
304.160797 -339.809113 -1.84920001
304.134094 -339.923615 -1.71210003
304.014893 -339.617004 -1.67400002
304.081085 -339.783691 0.934800029
304.199402 -339.437714 0.653500021
304.183105 -339.430695 1.19729996
304.026886 -339.446899 1.29079998
304.162201 -339.264709 -0.591000021
304.143799 -339.370911 0.453399986
304.148163 -339.339294 0.709300041
304.113495 -339.254028 1.15265
304.035187 -339.216309 1.34930003
304.093292 -339.178406 1.12695003
304.171997 -339.176086 1.26760006
304.138184 -339.078491 1.75675011
304.149109 -339.043304 2.02320004
304.038513 -334.632111 -1.07260001
304.024811 -334.469513 -1.21449995
304.103516 -334.422546 -1.10654998
304.001587 -334.253998 -1.58609998
304.0755 -334.385803 -1.14390004
304.178192 -326.921204 -1.14530003
304.112091 -320.430573 -0.912466645
304.0737 -320.428009 -0.769299984
304.179199 -320.281311 -1.36759996
304.187195 -320.226501 -1.14349997
304.006714 -320.376892 -0.922200024
304.136505 -320.333801 -0.749300003
304.232697 -339.768097 0.698499978
304.334106 -339.553192 0.472299993
304.234314 -339.441101 0.963800013
304.215393 -339.269897 -0.717299998
304.274689 -339.357391 -0.510999978
304.256805 -339.30249 0.0186000001
304.306549 -339.344238 0.99575001
304.257599 -339.284485 1.37170005
304.28891 -339.13327 1.68400002
304.252808 -339.09729 1.84903336
304.303986 -338.899689 0.277399987
304.376312 -338.652588 -0.0405000001
304.30661 -338.707825 0.146066666
304.281586 -338.784912 0.320199996
304.317902 -338.470276 0.0442666672
304.365387 -338.417297 0.218700007
304.223389 -333.621887 -0.0438000001
304.340393 -333.664001 0.0595999993
304.266357 -333.670929 0.366333336
304.231689 -333.653992 0.591499984
304.298798 -333.639496 0.612900019
304.290985 -333.490295 -1.09829998
304.276367 -333.509155 -0.314274997
304.271606 -333.511108 -0.185499996
304.25824 -333.502747 0.0502500013
304.258118 -333.539429 0.320133328
304.363892 -321.079498 -0.361299992
304.332275 -321.0513 -0.121250004
304.380493 -321.134796 0.136800006
304.310791 -321.043243 0.349950016
304.312195 -321.035431 0.644533336
304.307739 -321.035095 0.938449979
304.345215 -321.031311 1.06789994
304.372192 -320.926208 -0.649500012
304.229004 -320.997894 -0.281100005
304.32309 -320.997498 0.241799995
304.286499 -320.966614 0.717800021
304.252258 -320.438354 -0.912649989
304.358307 -320.334991 -1.41649997
304.245392 -320.256714 -1.30260003
304.378998 -320.210297 -1.17649996
304.289398 -320.210205 -0.665700018
304.448608 -339.659607 -1.71710002
304.466705 -339.611206 0.578299999
304.420013 -339.456787 0.549399972
304.481689 -339.266541 0.899450004
304.465851 -339.277893 1.505
304.559906 -339.199097 0.406300008
304.576172 -338.916748 -0.0473500006
304.523987 -338.802795 0.0584999993
304.527496 -338.967285 0.3125
304.478912 -338.661011 -0.1919
304.443604 -338.750946 0.0585500002
304.449707 -338.598389 -0.418199986
304.568573 -338.442932 -0.342999995
304.416687 -338.563904 -0.0434999987
304.409698 -338.561707 0.00630000001
304.530914 -338.396301 -0.202000007
304.433014 -335.836212 -1.64429998
304.567902 -333.777496 -0.910700023
304.435089 -321.044403 0.923799992
304.52951 -320.821899 -1.04219997
304.597595 -320.251587 -1.31040001
304.440399 -320.217712 -1.18970001
304.589111 -320.230713 -0.866999984
304.467407 -320.189209 -1.29400003
304.493713 -320.188904 -0.9102
304.643707 -339.488495 0.426099986
304.644501 -339.418091 0.608200014
304.728821 -339.447754 1.04404998
304.726746 -339.326294 0.471150011
304.610718 -339.325745 0.650699973
304.709564 -339.248566 0.881933331
304.640076 -339.281311 1.11400008
304.757294 -339.087616 0.253133327
304.764313 -339.153107 0.891099989
304.665039 -339.125 1.25685
304.771606 -339.161987 1.59309995
304.739319 -338.953735 -0.2491
304.750885 -338.801697 -0.188700005
304.655365 -338.924713 0.0292333346
304.702759 -338.679688 -0.502300024
304.667389 -338.77301 -0.204799995
304.609589 -338.665802 -0.163399994
304.606415 -338.584015 -0.344999999
304.607605 -338.475891 -0.187199995
304.654694 -333.822815 -0.730400026
304.700714 -333.775208 -0.825800002
304.75 -320.804413 -0.791999996
304.730194 -320.622894 -1.11269999
304.697815 -320.671692 -0.869300008
304.725098 -320.476105 -0.915600002
304.726044 -320.306305 -1.28433335
304.63501 -320.322296 -1.04709995
304.620697 -320.20459 -0.478100002
304.67749 -320.193604 -0.905399978
304.659302 -320.100708 -0.647800028
304.951813 -339.651886 -1.90139997
304.950592 -339.616302 -0.478199989
304.959991 -339.639099 -0.39289999
304.859985 -339.618805 1.01880002
304.948853 -339.667847 1.22994995
304.939606 -339.517395 -1.71959996
304.930115 -339.496796 -0.532299995
304.8396 -339.405792 0.643700004
304.803711 -339.417908 0.949500024
304.984192 -339.42511 1.18659997
304.888367 -339.521088 1.27199996
304.832306 -339.425507 1.44760001
304.98819 -339.304504 -0.410600007
304.939026 -339.237061 0.0457499996
304.885376 -339.285614 0.301066667
304.8927 -339.375702 1.13039994
304.834534 -339.371399 1.25847495
304.812805 -339.294495 1.41999996
304.894592 -339.115143 -0.483550012
304.98819 -339.10199 -0.364199996
304.90625 -339.049133 -0.104800001
304.864075 -339.0755 0.0615000017
304.839294 -339.033295 0.559599996
304.804688 -338.874603 -0.212500006
304.835388 -333.729004 -0.90109998
304.924896 -320.944305 0.996599972
304.950897 -320.528992 -1.11650002
304.858093 -320.573608 -0.971800029
304.811188 -320.492889 -0.562399983
305.133698 -339.727295 -1.60870004
305.121002 -339.618011 0.395799994
305.161499 -339.622009 1.29939997
305.125854 -339.641479 1.43540001
305.079498 -339.573792 -1.68060005
305.069702 -339.469788 -0.379700005
305.120239 -339.569214 0.908050001
305.041687 -339.520508 1.17990005
305.131653 -339.558746 1.30536664
305.018402 -339.377686 -0.462500006
305.032776 -339.308899 0.1175
305.141998 -339.305878 0.2315
305.13269 -339.095612 -0.373600006
305.077606 -339.050507 -0.131200001
305.120514 -338.991608 -0.129700005
305.195312 -334.800598 -1.6056
305.141907 -334.095795 -1.4576
305.043091 -333.682007 -1.13049996
305.0047 -333.776611 -0.930899978
305.237 -339.815186 -1.653
305.287292 -339.879089 0.960900009
305.296814 -339.806213 1.38250005
305.396698 -339.847412 1.43009996
305.238403 -339.743896 1.18610001
305.348633 -339.697968 1.51530004
305.302002 -339.672546 1.65175009
305.310394 -339.64801 1.81719995
305.293915 -339.574402 -1.73969996
305.33371 -339.59671 0.173800007
305.220306 -339.550507 0.837100029
305.25824 -339.517426 1.67369998
305.339813 -339.274292 -1.70570004
305.258209 -339.383911 0.619099975
305.306152 -334.496033 -1.63300002
305.254089 -333.666199 -1.33360004
305.268311 -329.408813 -1.18529999
305.371094 -327.04361 -0.868300021
305.382812 -327.114197 0.300199986
305.395905 -327.159393 0.470600009
305.358795 -320.1091 -1.24539995
305.286011 -320.14209 -0.645200014
305.41391 -339.844208 1.32739997
305.426086 -339.954895 1.47130001
305.49704 -339.880859 1.73679996
305.553406 -339.843903 1.98259997
305.444458 -339.733765 1.64580011
305.506714 -339.747375 1.95965993
305.524109 -339.552002 0.213
305.511902 -339.428192 0.4366
305.5896 -339.493195 0.667200029
305.426086 -339.422791 0.849600017
305.480286 -339.588593 1.91589999
305.571686 -339.366302 -1.73230004
305.542114 -339.248535 -0.1162
305.570099 -339.351593 0.2359
305.455902 -339.33551 0.423900008
305.512207 -339.067108 -0.296000004
305.476807 -339.086609 -0.131099999
305.464905 -335.20929 -1.63460004
305.558685 -334.871002 -1.61010003
305.52951 -334.613098 -1.62660003
305.40979 -334.580292 -1.61520004
305.441895 -334.233093 -1.67719996
305.560303 -333.412415 0.601800025
305.534607 -329.852997 -1.18719995
305.55011 -328.229889 0.847299993
305.469513 -327.233185 -0.411500007
305.506805 -327.092804 -1.12870002
305.472504 -327.064697 -0.980499983
305.440826 -327.061005 -0.645466685
305.411407 -327.041107 -0.4472
305.441589 -327.068298 -0.070600003
305.429688 -327.083374 0.0858500004
305.424194 -327.088409 0.319400012
305.407806 -327.121613 0.783999979
305.667297 -339.904358 1.67105007
305.650024 -339.880127 1.87115002
305.647491 -339.857391 2.00740004
305.671692 -339.789093 1.82560003
305.702759 -339.439148 0.739499986
305.745209 -339.557007 0.84740001
305.62851 -339.278687 -0.202000007
305.715088 -339.283844 -0.132050008
305.688721 -339.2836 0.517133355
305.79361 -339.181885 -0.367500007
305.685699 -339.127411 0.0288999993
305.641205 -339.189697 0.303900003
305.77533 -339.163849 0.68629998
305.681091 -335.235199 -1.63789999
305.765594 -333.699005 -1.35839999
305.780487 -333.625214 -1.15649998
305.734497 -331.069702 -1.22899997
305.685394 -320.854492 0.93900001
305.694092 -320.846497 1.04910004
305.617188 -320.016205 -1.2967
305.799194 -320.118103 -1.01699996
305.73645 -320.149414 -0.828449965
305.730713 -320.113312 -0.717199981
305.686707 -320.09259 -0.407099992
305.919495 -339.615997 0.48179999
305.831787 -339.766815 1.07179999
305.981018 -339.519562 -1.73539996
305.865295 -339.340393 -1.7119
305.986908 -339.357697 -0.529900014
305.908447 -339.34491 -0.113350004
305.871094 -339.235687 0.161799997
305.844391 -339.243713 0.396200001
305.907349 -339.331909 0.528450012
305.933655 -339.073151 0.816850007
305.958527 -339.160461 1.07179999
305.9375 -339.051086 1.22130001
305.801605 -338.902496 -1.70560002
305.847107 -338.893677 0.529250026
305.970886 -335.141388 -1.66149998
305.883514 -334.580109 -1.62940001
305.824493 -334.120605 -1.30799997
305.822388 -333.585205 -1.16910005
305.920898 -324.06131 0.996599972
305.9823 -320.393188 -1.03770006
305.802704 -320.080414 -1.03059995
305.89624 -320.130615 -0.924600005
305.851929 -320.183502 -0.629899979
306.038513 -339.699402 1.09669995
306.14151 -339.458801 -0.470699996
306.155212 -339.4711 -0.170499995
306.132904 -339.509674 0.742033362
306.127197 -339.502106 1.02470005
306.032837 -339.351196 -0.436150014
306.112793 -339.358093 -0.28915
306.118408 -339.334015 -0.124633335
306.138519 -339.289764 0.0812000036
306.068604 -339.212097 0.4542
306.138428 -339.269897 0.756700039
306.141235 -339.264343 0.912899971
306.037598 -339.29129 1.07710004
306.02771 -339.038086 -0.0996999964
306.093506 -339.06665 0.113000005
306.106384 -339.076752 0.295366675
306.134399 -339.037415 0.464249998
306.069 -339.143555 0.71797502
306.077301 -339.051697 0.806299984
306.01886 -339.174072 1.24664998
306.114685 -338.968506 0.404100001
306.107086 -338.072601 -1.66059995
306.134888 -335.04599 -1.6063
306.124786 -334.100586 -1.23810005
306.017792 -321.482208 -0.978699982
306.122406 -321.352295 -0.950699985
306.109406 -320.261292 -1.22010005
306.070099 -320.184113 -1.23629999
306.0896 -320.166504 -1.08959997
306.141388 -320.103302 -0.998000026
306.264801 -339.786804 -1.73029995
306.237915 -339.677094 -0.0643000007
306.300415 -339.719208 0.580299973
306.36441 -339.733612 0.603799999
306.352295 -339.651886 0.826799989
306.256805 -339.673889 1.48829997
306.23941 -339.456207 0.0254999995
306.397095 -339.4086 0.264999986
306.290527 -339.519958 0.538900018
306.309601 -339.523621 0.673033297
306.212463 -339.440857 0.889325023
306.350098 -339.256592 -1.70200002
306.325073 -339.354736 0.073300004
306.329041 -339.321747 0.261799991
306.26535 -339.255737 0.507750034
306.240295 -339.3013 0.655900002
306.269592 -339.381287 0.931650043
306.217285 -339.371002 1.2105
306.277802 -339.111511 0.173099995
306.297699 -339.077087 0.257050008
306.364594 -339.116699 0.400099993
306.226898 -338.722687 -1.7234
306.385803 -337.426392 -1.63979995
306.38559 -336.373108 -1.63390005
306.370392 -335.404602 -1.60109997
306.218414 -334.068512 -1.25629997
306.365601 -334.075897 -1.14875007
306.37439 -334.175293 -0.88410002
306.249298 -333.971741 -1.3348
306.275391 -333.862213 -0.933200002
306.284088 -333.706604 -1.18770003
306.248108 -333.580688 -0.881600022
306.291199 -333.576385 -0.787500024
306.260712 -327.023407 0.845000029
306.326813 -320.767212 1.0007
306.532898 -339.818787 1.30569994
306.434296 -339.991913 1.48950005
306.4888 -339.702057 -0.169750005
306.572113 -339.588196 -0.230299994
306.576599 -339.462006 0.0975999981
306.446198 -339.481598 0.322600007
306.429291 -339.580414 0.407499999
306.456512 -339.533295 0.993300021
306.549408 -339.479797 1.17040002
306.549988 -339.496399 1.20019996
306.429993 -339.29129 -0.225199997
306.502899 -339.254089 -0.0461999997
306.581482 -339.307312 0.0731000006
306.577911 -339.390411 0.358399987
306.460205 -334.016876 -1.15243328
306.444336 -334.071259 -0.900849998
306.517303 -333.933777 -1.11559999
306.463013 -333.739807 -1.00479996
306.584808 -333.216492 -0.483399987
306.536438 -333.291992 -0.0444499999
306.57843 -333.282196 0.0864500031
306.502197 -333.287109 0.311500013
306.567749 -333.239899 0.511449993
306.497101 -333.212494 0.722199976
306.574493 -333.161407 -1.26730001
306.544312 -333.115509 -1.05410004
306.569397 -333.117401 -0.518899977
306.563141 -333.174438 -0.273166656
306.508331 -333.141418 -0.105149999
306.525238 -333.121765 0.0615000017
306.559692 -333.160797 0.340999991
306.534973 -333.179321 0.521733344
306.494141 -333.136597 0.668349981
306.582794 -321.098206 0.878700018
306.561554 -320.65686 0.289099991
306.596497 -320.676605 0.75
306.570068 -320.681702 0.905399978
306.585815 -320.722351 1.02250004
306.57019 -320.588715 -0.115900002
306.597595 -320.534485 0.0764999986
306.583588 -320.535492 0.230599999
306.566589 -320.584503 1.05980003
306.66571 -339.958191 -0.356900007
306.708496 -339.658722 -0.237966672
306.724609 -339.612701 0.0766000003
306.758514 -339.623993 0.600799978
306.7258 -339.488708 -0.391400009
306.685059 -339.484192 -0.0601499975
306.687653 -339.421692 0.0784000009
306.679688 -339.443787 0.299950004
306.658813 -339.551697 0.572300017
306.723206 -339.543091 0.742900014
306.7677 -339.49939 0.932900012
306.653015 -339.244385 -1.69340003
306.604401 -339.331696 -0.280999988
306.702393 -339.338501 -0.150399998
306.664673 -339.340088 0.115400001
306.654907 -339.384613 0.320600003
306.671295 -339.189911 -1.699
306.655609 -338.427307 -1.66550004
306.664886 -333.936188 -1.09089994
306.771454 -333.681396 -1.22195005
306.609314 -333.229889 -0.430799991
306.602692 -333.215088 0.217199996
306.721497 -327.661194 -1.09800005
306.696838 -326.916138 0.907250047
306.771729 -322.043884 0.962000012
306.743591 -322.184998 1.06140006
306.772156 -321.888184 0.980700016
306.754395 -321.870697 1.04700005
306.751648 -321.637695 0.934749961
306.744141 -321.685791 1.04929996
306.690002 -321.582306 0.891900003
306.721313 -321.443909 1.01789999
306.656647 -321.279907 0.977750003
306.693359 -321.330902 1.02810001
306.639709 -321.111694 1.08229995
306.612396 -320.892242 0.924350023
306.632904 -320.85199 1.00909996
306.648926 -320.648041 -0.08715
306.662292 -320.678253 0.0597499982
306.606995 -320.66571 0.461199999
306.606995 -320.662201 0.718099952
306.607788 -320.63501 0.970700026
306.658142 -320.718872 1.07419991
306.623901 -320.570007 -0.484299988
306.617889 -320.533203 0.0115999999
306.622406 -320.573792 0.370299995
306.627014 -320.595306 0.694700003
306.901794 -339.854309 0.00419999985
306.841003 -339.871613 0.81370002
306.924988 -339.510803 -0.1065
306.910004 -339.416412 0.339599997
306.98761 -339.420593 0.516499996
306.809692 -339.598602 0.728600025
306.822601 -339.507202 0.837800026
306.820709 -339.574188 1.00800002
306.963196 -339.369385 0.246900007
306.889282 -339.33551 0.473574996
306.911713 -339.174133 -1.69980001
306.850586 -337.687714 -1.65699995
306.855011 -336.364807 -1.6875
306.911896 -335.83139 -1.60479999
306.810791 -335.086792 -1.57869995
306.993713 -326.884399 0.883400023
306.9729 -323.183685 0.901600003
306.991211 -323.184509 1.00460005
306.964111 -322.891602 0.976400018
306.896606 -322.724091 0.94630003
306.901947 -322.44696 0.908349991
306.893616 -322.500397 1.03453338
306.836792 -322.247375 0.973899961
306.806213 -322.047211 0.963999987
306.834808 -322.186188 1.01900005
306.813202 -321.926086 0.96329999
306.89502 -320.596375 1.06920004
307.187012 -339.668915 0.0221999995
307.043701 -339.4086 0.195999995
307.101074 -339.53775 0.288549989
307.140503 -339.462494 0.497399986
307.066406 -339.567627 0.683050036
307.079315 -339.206604 -1.65279996
307.074585 -339.359619 0.138850003
307.084686 -339.390503 0.295300007
307.148193 -339.389587 0.5176
307.15271 -339.163605 -1.78610003
307.167999 -337.160706 -1.60759997
307.073792 -336.335297 -1.59319997
307.151428 -333.833771 -1.11206663
307.076996 -333.507019 -1.0162667
307.151703 -333.441315 -0.936500013
307.150299 -330.616791 -1.21500003
307.094696 -330.364197 0.802999973
307.041687 -329.89209 0.859300017
307.180206 -328.178314 -1.10409999
307.188385 -324.253815 0.88410002
307.14798 -324.141144 0.919399977
307.135529 -323.892639 0.91960001
307.143311 -323.912598 1.03779995
307.103821 -323.710205 0.950600028
307.040771 -323.476044 0.880200028
307.059509 -323.287842 0.941949964
307.037903 -323.362915 1.01209998
307.010803 -323.177887 0.992999971
307.007996 -320.308807 -0.61559999
307.165955 -320.077545 -0.446049988
307.211304 -339.858795 0.298099995
307.228607 -339.644806 0.254099995
307.36969 -339.745514 0.458299994
307.319794 -339.519257 0.130449995
307.386902 -337.921997 -1.63269997
307.280609 -335.549988 -1.57620001
307.249207 -334.9841 -1.57299995
307.364014 -333.469696 -0.849900007
307.273407 -333.369385 -1.08229995
307.266602 -333.38324 -0.866850019
307.23111 -326.280396 -1.04100001
307.23761 -325.520203 -0.998099983
307.376801 -325.149811 0.890200019
307.274292 -324.721558 0.936500013
307.243439 -324.528137 0.906333327
307.227295 -324.383514 0.885399997
307.236206 -320.535095 1.07490003
307.247589 -320.230499 -0.515900016
307.316986 -320.138489 -1.08050001
307.368896 -320.142914 -0.951200008
307.269653 -320.176788 -0.443849981
307.417114 -339.545593 0.0848999992
307.456696 -337.0448 -1.602
307.577789 -335.037689 -1.54550004
307.534485 -334.967499 -1.62380004
307.478912 -334.982513 -1.59449995
307.494904 -334.715607 -1.54575002
307.521606 -334.416809 -1.55049992
307.431793 -333.943512 -1.00010002
307.492065 -333.847443 -0.925166667
307.549438 -333.727997 -1.28910005
307.4729 -333.756989 -1.06389999
307.558655 -333.743683 -0.839733362
307.551727 -333.50647 -0.934033334
307.429688 -333.518555 -0.769950032
307.470215 -333.21701 -1.39670002
307.563904 -333.335602 -1.11749995
307.574493 -333.113586 0.771099985
307.552002 -326.323059 0.912700057
307.548706 -326.194794 1.00100005
307.498901 -325.914093 0.845600009
307.445068 -325.446838 0.894800007
307.414307 -325.328796 0.946500003
307.489288 -320.073608 -1.06099999
307.708008 -339.846313 0.912999988
307.672363 -339.623047 0.136099994
307.676514 -339.54361 0.218899995
307.748901 -339.083344 -1.61800003
307.734863 -339.178406 -1.58614993
307.685303 -338.832611 -1.63100004
307.675812 -338.500793 -1.63419998
307.678192 -337.958893 -1.61290002
307.656494 -336.262085 -1.57599998
307.636993 -335.916595 -1.58159995
307.746002 -335.777893 -1.55949998
307.744659 -334.464325 -1.53466666
307.719788 -333.739502 -1.10140002
307.756897 -333.671997 -0.761300027
307.765198 -333.557404 -1.26359999
307.612213 -333.389893 -0.880500019
307.66861 -332.968994 0.664300025
307.771088 -327.45462 0.933425009
307.763 -327.322815 -1.074
307.725311 -327.11615 0.91415
307.689667 -326.844025 0.853399992
307.72699 -326.681946 -0.910950005
307.74353 -326.67215 -0.691349983
307.715332 -326.712097 -0.557150006
307.711212 -326.7052 -0.342500001
307.713806 -326.773712 -0.176699996
307.709595 -326.727997 0.122500002
307.708191 -326.72876 0.348500013
307.68457 -326.720154 0.882449985
307.608612 -326.568207 0.840300024
307.688385 -320.688202 1.12600005
307.701599 -320.484802 1.06894994
307.701385 -320.059906 -1.23099995
307.6633 -320.089355 -1.08490002
307.923187 -339.786499 0.697099984
307.821686 -339.287811 -1.55069995
307.930389 -339.024292 -1.65680003
307.891602 -339.044495 -1.57050002
307.934998 -337.662201 -1.6142
307.820312 -336.791199 -1.57550001
307.835205 -335.233887 -1.56529999
307.833313 -334.920807 -1.55120003
307.865387 -333.492889 -1.18799996
307.927612 -332.993713 0.818400025
307.979614 -328.61261 0.998099983
307.981628 -328.526611 0.928200006
307.935394 -328.410095 1.00220001
307.929535 -328.245667 0.865133345
307.92569 -328.065002 -1.12380004
307.888763 -328.087982 0.911316633
307.868866 -327.943115 0.890533328
307.832458 -327.69751 0.870299995
307.817505 -327.546692 0.907000005
307.897003 -321.910187 1.08599997
308.03421 -339.918396 -1.6128
308.138885 -339.631714 -0.1831
308.137207 -339.466553 -0.31022501
308.194489 -339.220703 0.468600005
308.047607 -339.001312 0.161599994
308.067383 -339.078094 0.497000009
308.134613 -338.955444 0.342766672
308.162659 -338.645569 -0.296700001
308.131287 -338.661102 -0.159199998
308.061188 -338.57901 -0.0313999988
308.093811 -337.290985 -1.62899995
308.061005 -335.591888 -1.55599999
308.058105 -333.944611 -1.45869994
308.053406 -332.366791 -1.19089997
308.194 -329.987793 0.753000021
308.184998 -329.610809 0.888899982
308.1633 -329.493896 0.771899998
308.148529 -329.481232 0.843183339
308.078308 -329.311401 0.739899993
308.103546 -329.325989 0.879599988
308.024597 -329.124115 0.771200001
308.104309 -329.104614 0.855250001
308.054779 -328.908142 0.869300008
308.021301 -328.761414 0.87349999
308.023804 -328.584503 0.91049999
308.157501 -327.983307 -1.06519997
308.001709 -324.786591 -0.974799991
308.187714 -320.367798 1.08159995
308.371796 -339.428802 0.607200027
308.301788 -339.382385 1.13900006
308.281891 -339.09198 -1.56544995
308.216095 -339.089691 0.486000001
308.289307 -339.037994 0.798300028
308.357208 -338.927887 -1.6724
308.252991 -338.854309 -0.439099997
308.221893 -338.921112 -0.370799989
308.298615 -338.885712 0.139699996
308.312805 -338.856659 0.254099995
308.303192 -338.792786 -0.378699988
308.395203 -338.661591 0.160099998
308.251648 -338.694244 0.246500015
308.366394 -334.752899 -1.54760003
308.254395 -334.532104 -1.55089998
308.23761 -334.313599 -1.54990005
308.3974 -333.889404 -1.53610003
308.322906 -332.944794 0.752600014
308.363098 -331.635986 -1.13269997
308.359009 -330.746399 0.818499982
308.342224 -330.486755 0.855733335
308.311401 -330.3508 0.763249993
308.284363 -330.27063 0.860766649
308.26886 -330.070435 0.788749993
308.260956 -330.136932 0.90062499
308.232239 -329.883209 0.900049984
308.210205 -329.763702 0.835999966
308.205414 -329.559814 0.895799994
308.235291 -327.981598 -1.02100003
308.350006 -320.343811 1.14989996
308.427795 -339.754608 -1.59329998
308.476715 -339.445892 0.892199993
308.502197 -339.172211 -1.60950005
308.515686 -339.105194 0.617900014
308.540802 -338.837799 0.114399999
308.53949 -338.91449 0.353100002
308.413391 -338.681488 -0.2245
308.594513 -338.741486 -0.0285
308.468933 -338.70816 0.181950003
308.56131 -338.299286 1.13569999
308.431702 -335.273895 -1.53419995
308.542297 -334.655304 -1.53849995
308.516449 -334.528961 -1.51749992
308.435303 -333.213287 -1.11800003
308.525513 -333.082092 -0.972199976
308.598907 -332.289795 0.711600006
308.552094 -331.897186 0.771700025
308.581726 -331.836639 0.824499965
308.560791 -331.685608 0.766799986
308.53772 -331.644104 0.840950012
308.503113 -331.47403 0.77336663
308.530365 -331.488831 0.876049995
308.479919 -331.283386 0.717499971
308.493164 -331.292816 0.839699984
308.437286 -331.153992 0.743200004
308.469208 -331.125549 0.853874981
308.416199 -330.894501 0.839333355
308.598602 -325.300812 -0.132699996
308.591187 -325.30011 0.916700006
308.599304 -325.151611 -0.133900002
308.560394 -325.025299 0.0584999993
308.59201 -325.110107 0.656000018
308.59021 -325.163208 0.851999998
308.562622 -324.932953 0.0955749974
308.469238 -324.936554 0.370400012
308.581696 -324.955109 0.536599994
308.542786 -324.927307 0.652899981
308.51178 -324.931519 0.863550007
308.454407 -324.776886 0.962899983
308.772186 -339.858398 -0.958199978
308.750214 -339.739288 -1.55700004
308.729187 -339.42569 0.786300004
308.74469 -339.485809 0.800000012
308.717285 -339.471191 1.25650001
308.797394 -339.266388 0.398400009
308.797211 -338.827515 -1.65859997
308.763702 -338.969299 0.153899997
308.715912 -338.919403 0.413199991
308.690491 -338.768311 -1.625
308.666901 -338.705597 -0.163200006
308.64563 -338.661316 0.0778000057
308.761353 -338.523315 -0.268350005
308.682861 -338.499084 -0.093249999
308.725098 -338.423615 1.16859996
308.681305 -338.502899 1.31099999
308.649841 -338.356781 -0.100366667
308.798096 -337.563995 -1.57819998
308.710693 -337.178192 -1.56990004
308.755127 -336.901978 -1.58054996
308.653748 -334.946594 -1.53119993
308.709015 -334.388611 -1.52349997
308.708801 -333.869507 -1.52129996
308.635162 -333.364868 -1.11415005
308.730896 -332.906891 -0.946099997
308.783508 -332.80661 0.146200001
308.765198 -332.808655 0.500400007
308.784912 -332.811188 0.727400005
308.786285 -332.798889 -1.00899994
308.785004 -332.79071 0.139400005
308.713501 -332.797211 0.504899979
308.759705 -332.699005 0.71603334
308.757568 -332.667511 0.815349996
308.691406 -332.414093 0.757700026
308.663605 -332.335602 0.770449996
308.685486 -332.33844 0.840199947
308.617645 -332.16629 0.719799995
308.610107 -332.148682 0.850950003
308.61496 -331.94104 0.741933346
308.678192 -331.997589 0.811800003
308.75589 -329.642395 -1.10409999
308.786102 -326.481812 1.05229998
308.795807 -326.023285 0.0784000009
308.77182 -326.02243 0.356566668
308.773743 -326.056152 0.731000006
308.774994 -326.108185 0.812399983
308.76886 -325.882141 -0.0177999996
308.77829 -325.917023 0.325199991
308.780396 -325.885345 0.557250023
308.753021 -325.899719 0.687399983
308.757721 -325.900452 0.885900021
308.7388 -325.749603 -0.994300008
308.753998 -325.645203 -0.232700005
308.667694 -325.751251 -0.0307500008
308.66861 -325.720795 0.159799993
308.750885 -325.685211 0.292199999
308.732147 -325.708588 0.536949992
308.744751 -325.749542 0.694149971
308.703613 -325.710083 0.930366635
308.654541 -325.517456 -0.0725250021
308.673859 -325.491577 0.12015
308.710938 -325.491455 0.297049999
308.68634 -325.529297 0.527750015
308.675629 -325.509247 0.668379962
308.662079 -325.48053 0.910299957
308.658905 -325.289886 -0.0619750023
308.653107 -325.31781 0.125200003
308.711578 -325.366669 0.294633329
308.697571 -325.243042 0.43900001
308.633759 -325.242828 0.738299966
308.622681 -325.281097 0.866333306
308.641235 -325.071228 -0.0520000011
308.640503 -325.0961 0.0474999994
308.630005 -325.145599 0.277399987
308.644714 -325.114594 0.49575001
308.707001 -325.076599 0.626600027
308.611206 -325.171814 0.824500024
308.631012 -324.993988 -0.0403000005
308.622498 -324.993011 0.180399999
308.609406 -324.967499 0.385399997
308.622192 -324.932709 0.970000029
308.779694 -320.250885 0.816600025
308.756104 -320.263489 1.01349998
308.83609 -339.878357 -0.854499996
308.861847 -339.854065 -0.712450027
308.968506 -339.884705 -0.396400005
308.87149 -339.776215 -0.611100018
308.89682 -339.729614 -0.551200032
308.876831 -339.7659 -0.269600004
308.880188 -339.540558 -0.484925002
308.863525 -339.519348 -0.369499981
308.828491 -339.443115 0.522000015
308.860992 -339.401489 1.2263
308.950897 -339.573608 1.44369996
308.88324 -338.871216 -0.28974998
308.807495 -338.988098 -0.163800001
308.81601 -338.8862 0.241899997
308.862152 -338.703308 -0.275099993
308.867798 -338.696686 -0.144624993
308.963989 -338.75589 0.137799993
308.829498 -338.613708 1.29250002
308.900513 -338.701813 1.44410002
308.858002 -338.596893 -1.61230004
308.869598 -338.587585 -0.427899987
308.815796 -338.592285 -0.229699999
308.921509 -338.563599 -0.0900500044
308.907104 -337.233398 -1.57710004
308.984314 -335.884705 -1.55270004
308.956909 -335.324341 -1.52390003
308.996704 -334.753906 -1.50999999
308.9711 -334.407501 -1.53349996
308.909912 -334.364807 -1.50279999
308.923492 -333.689697 -1.46619999
308.83551 -333.602112 -1.00230002
308.850464 -333.668457 -0.899399996
308.924194 -333.64212 -0.738499999
308.974304 -333.420013 -1.40250003
308.833313 -333.512695 -1.11559999
308.877075 -333.584045 -0.932099998
308.804291 -333.574585 -0.655399978
308.950989 -333.264801 -1.04890001
308.993805 -333.176208 -0.830600023
308.916901 -333.116394 -0.798900008
308.822357 -332.806213 -0.0649999976
308.834106 -332.842804 0.0710000023
308.858063 -332.933899 0.286000013
308.823547 -332.869507 0.55614996
308.816101 -332.742401 -0.649200022
308.822632 -332.733246 -0.50029999
308.825562 -332.733459 -0.25819999
308.806793 -332.784485 -0.138699993
308.813843 -332.746765 0.0720750019
308.805176 -332.762726 0.302066684
308.812988 -332.777191 0.567300022
308.821289 -332.766693 0.73635
308.85199 -329.791107 -1.13399994
308.824188 -326.672607 0.999499977
308.864105 -326.539215 0.978699982
308.865387 -326.502991 1.00779998
308.837891 -326.082336 0.121550001
308.81131 -326.166107 0.655399978
308.820496 -325.815491 -0.0764999986
308.85611 -325.903534 0.103133336
308.802704 -325.910004 0.3829
308.822388 -325.889587 0.680899978
308.99411 -325.942108 0.959999979
308.803986 -325.731903 -0.135199994
308.845276 -325.721985 0.135250002
308.800995 -325.750305 0.890699983
308.80481 -325.271606 -0.00609999988
308.953247 -321.097504 1.12125003
308.881805 -320.201202 -0.791299999
308.871246 -320.236328 -0.0979666635
308.879089 -320.254089 0.0571000017
308.852631 -320.271149 0.275700003
308.867615 -320.25824 0.496699989
308.83313 -320.216431 0.615050018
308.860687 -320.258423 0.87286669
308.880585 -320.298279 1.08026671
308.884003 -320.258606 1.23989999
308.858795 -320.082001 -0.710099995
308.845459 -320.146393 -0.122649997
309.04599 -339.883392 -0.476099998
309.067444 -339.726349 -0.276600003
309.197998 -339.5177 -1.59239995
309.056488 -339.535614 -0.115599997
309.065613 -339.220886 1.25969994
309.167114 -339.087891 -1.56130004
309.149109 -338.816193 -1.57749999
309.043884 -338.871948 0.277649999
309.128204 -338.97641 0.415399998
309.154785 -338.837494 2.55270004
309.187805 -338.713409 2.50950003
309.107208 -338.4216 -0.0485000014
309.032501 -338.490387 1.24880004
309.178314 -338.523499 2.54809999
309.107086 -337.587585 -1.57130003
309.16861 -337.273712 -1.6322
309.043488 -336.099213 -1.53849995
309.179199 -334.812714 -1.49800003
309.041412 -334.463501 -1.49679995
309.096985 -334.360901 -1.5036
309.058594 -333.893707 -1.53349996
309.007385 -333.680511 -0.704100013
309.113495 -327.286804 -1.04939997
309.143311 -326.457489 0.978900015
309.061005 -326.298615 -1.03250003
309.126404 -322.123291 1.03279996
309.098389 -320.187012 1.11860001
309.342285 -339.679108 -0.0945999995
309.394989 -339.468201 -1.54630005
309.323395 -339.427307 -0.150999993
309.327209 -339.376007 -0.109399997
309.213501 -339.311005 0.226899996
309.266388 -339.057098 -1.56930006
309.264709 -339.132111 -0.168099999
309.331482 -338.910461 -0.274949998
309.326385 -338.923889 -0.199599996
309.385101 -338.875488 2.18199992
309.375397 -338.937286 2.32550001
309.286804 -338.815491 2.44309998
309.37851 -338.742188 -1.58759999
309.220795 -338.71109 -0.211199999
309.384888 -338.688141 -0.13319999
309.389099 -338.690094 0.0339000002
309.236542 -338.7034 2.35599995
309.269592 -338.690491 2.45079994
309.232086 -338.564789 -0.055399999
309.3815 -338.214905 0.5449
309.395111 -338.2771 0.606999993
309.296692 -337.914001 0.799700022
309.345947 -337.95755 1.0223
309.368805 -337.816895 1.9102
309.389099 -337.713715 2.06539989
309.378693 -337.519806 1.3549
309.3862 -337.536987 1.43529999
309.385986 -336.873108 -1.54999995
309.308105 -335.302887 -1.51409996
309.244995 -334.518188 -1.49129999
309.314209 -334.35791 -1.53299999
309.362 -333.488312 -1.5036
309.230896 -332.738007 0.731400013
309.298096 -332.743164 0.811149955
309.219513 -329.062103 0.933399975
309.261993 -324.903198 -0.992699981
309.273712 -320.166901 1.21819997
309.5271 -339.869659 -0.058600001
309.5383 -339.886414 0.0255999994
309.528442 -339.766357 -0.0632333308
309.449707 -339.589905 -1.55630004
309.406189 -339.582214 -0.234699994
309.476593 -339.440308 -0.152700007
309.514252 -339.499481 0.129600003
309.577301 -339.215607 0.450300008
309.536407 -339.263214 2.51469994
309.502686 -339.077087 2.03189993
309.551605 -339.119385 2.52979994
309.454193 -339.043488 2.9684999
309.538513 -339.013306 3.05739999
309.462646 -338.854614 -1.55084991
309.473206 -338.866791 0.1043
309.429199 -338.751587 -1.58080006
309.436401 -338.718506 -0.134200007
309.446289 -338.740601 0.0141000003
309.562195 -338.726501 1.65960002
309.478607 -338.707306 2.02419996
309.418091 -338.518951 1.68639994
309.443909 -338.584412 2.00259995
309.456299 -338.241913 0.469833314
309.46521 -338.26239 0.638199985
309.594513 -338.267792 0.821399987
309.47879 -338.235413 1.05519998
309.523651 -338.353882 1.28259993
309.553589 -338.389191 1.53260005
309.576996 -338.183105 0.459100008
309.491699 -338.061249 0.98029995
309.450348 -338.113251 1.07859993
309.525452 -338.030579 1.35986674
309.500519 -338.110168 1.67277145
309.497406 -338.030609 1.91480005
309.456604 -337.849609 1.47640002
309.467224 -337.984802 1.68685007
309.465942 -337.937103 1.86655998
309.441589 -337.701202 1.38170004
309.405212 -337.787109 1.98339999
309.428406 -337.759399 2.0467
309.433105 -337.577698 1.3944
309.416504 -337.558594 1.41299999
309.434692 -336.8508 -1.54770005
309.533997 -336.298035 -1.53544998
309.473602 -336.102997 -1.59850001
309.480499 -335.673889 -1.53359997
309.498413 -335.394714 -1.52460003
309.565796 -334.520325 -1.50810003
309.509308 -334.389313 -1.49339998
309.490509 -334.052795 -1.5381
309.401306 -326.565094 -1.00390005
309.546692 -325.667908 -0.969900012
309.502594 -324.725189 -0.970499992
309.503815 -324.020386 -0.948099971
309.413513 -320.129089 1.17480004
309.7117 -339.808594 0.101099998
309.719788 -339.643311 0.0922000036
309.732391 -339.502808 0.0935000032
309.619995 -339.2435 -1.5819
309.713409 -339.291504 2.18860006
309.654999 -339.056396 -0.0294000003
309.716705 -339.195709 0.000899999985
309.722656 -338.938751 -0.248199999
309.719513 -338.943115 0.0548
309.692444 -338.785858 1.26364994
309.7276 -338.640686 1.92820001
309.758606 -338.608612 2.05769992
309.62149 -338.452087 0.469500005
309.694305 -338.565613 1.0668
309.684204 -338.401611 1.4727
309.631897 -338.470703 1.76725006
309.6875 -338.496338 1.83999991
309.687256 -338.33136 0.687450051
309.702728 -338.283508 0.88182497
309.622986 -338.313202 1.13769996
309.796814 -338.174805 0.0187999997
309.750092 -337.94101 -1.62650001
309.765198 -337.849701 2.56220007
309.76239 -337.833801 2.73650002
309.722687 -337.723389 -1.58229995
309.739594 -337.776093 2.72740006
309.632385 -336.187805 -1.5158
309.725189 -335.465515 -1.50339997
309.617706 -335.207092 -1.50539994
309.653015 -334.718506 -1.50606668
309.717896 -334.355591 -1.48329997
309.762604 -333.515015 -0.754199982
309.692261 -332.972778 -1.05540001
309.775696 -332.6698 0.862299979
309.647614 -331.617889 0.891600013
309.791107 -331.146698 -1.13549995
309.746094 -330.258606 -1.04939997
309.752686 -328.459198 -1.04349995
309.657806 -326.376892 1.02250004
309.739502 -322.279907 -0.857500017
309.711212 -321.500397 -0.869799972
309.744141 -320.106354 1.1487999
309.933167 -339.955505 -0.0703499988
309.985687 -339.702515 2.99860001
309.954895 -339.524292 -1.48689997
309.906097 -339.08551 0.120200001
309.93399 -338.674286 -1.54009998
309.903076 -338.658875 1.57310009
309.988708 -338.6427 1.81710005
309.81131 -338.635803 2.08410001
309.991486 -338.586792 -1.54690003
309.983398 -338.526611 1.39460003
309.850586 -338.257904 -0.148000002
309.870697 -338.279602 0.653699994
309.932312 -338.303345 0.868399978
309.89209 -338.152008 -1.60309994
309.948486 -338.03421 -1.56439996
309.914215 -338.146301 0.0286999997
309.881409 -338.133148 2.31365013
309.875214 -338.056091 2.4842
309.888489 -337.92569 -1.61570001
309.850464 -337.941528 2.54870009
309.872711 -337.661713 -1.5431
309.85611 -336.67981 -1.53359997
309.869385 -336.375793 -1.56120002
309.851318 -336.047791 -1.50870001
309.869812 -335.878815 -1.51750004
309.900269 -335.543243 -1.51394999
309.813995 -335.092804 -1.52999997
309.859589 -334.836609 -1.47809994
309.903198 -334.719177 -1.50724995
309.946686 -334.366913 -1.48580003
309.87085 -333.845093 -1.48664999
309.952087 -333.595093 -1.47090006
309.939728 -333.442047 -0.714399993
309.978699 -333.393311 -0.800800025
309.876801 -333.372589 -0.63349998
309.928101 -332.609009 0.894400001
309.893982 -332.556641 0.882099986
309.806396 -331.658905 -1.12080002
309.955597 -329.181885 -1.08630002
309.923401 -328.547913 -1.09290004
309.957092 -326.408905 0.183899999
309.982178 -326.246643 -0.904349983
309.974396 -326.22467 -0.687600017
309.980591 -326.28009 -0.50849998
309.976837 -326.28064 -0.0523666665
309.9823 -326.349304 0.1928
309.966156 -326.322205 0.340550005
309.947205 -326.294983 0.495066673
309.951111 -326.3349 0.707000017
309.937225 -326.30722 0.898233354
309.979797 -326.190796 -0.783900023
309.848694 -322.166687 -0.887300014
309.984802 -320.245087 1.13940001
309.90799 -320.0513 1.16610003
310.039093 -339.927307 -0.0582666695
310.185699 -339.910492 0.121799998
310.134308 -339.256409 0.219699994
310.197693 -338.952515 0.0781000033
310.049011 -338.660614 -1.66149998
310.089172 -338.654175 -1.57054996
310.13089 -338.740112 -0.0392000005
310.046021 -338.258972 0.135199994
310.062561 -338.31366 0.357450008
310.084991 -338.310791 0.67019999
310.17569 -338.3508 2.05839992
310.145813 -338.243011 2.27789998
310.178589 -338.17981 -1.55009997
310.179291 -338.094299 0.556599975
310.124756 -338.1633 0.741699994
310.186707 -338.106903 0.814300001
310.065186 -338.05191 1.35590005
310.190796 -338.068695 3.20889997
310.171906 -337.942291 3.37739992
310.178497 -337.922302 3.62789989
310.198212 -337.574097 0.805100024
310.181396 -337.338043 1.05900002
310.182587 -337.060699 -1.53040004
310.032501 -335.691498 -1.4993
310.171265 -335.282898 -1.49000001
310.089813 -335.037292 -1.48660004
310.117676 -334.871216 -1.49269998
310.037415 -334.642487 -1.51789999
310.058624 -334.355804 -1.47433341
310.143494 -333.988403 -1.49090004
310.045685 -333.41629 -1.00240004
310.049194 -333.306885 -0.806100011
310.061584 -333.325043 -0.712724984
310.145386 -328.882996 -1.04859996
310.021515 -327.601715 -1.01909995
310.006012 -326.435089 -0.269499987
310.006195 -326.2966 -0.735000014
310.000488 -326.317688 -0.3662
310.009094 -326.352295 -0.0403999984
310.126556 -326.352295 0.983399987
310.032104 -325.96991 -1.00670004
310.064331 -320.037842 1.16579998
310.20401 -339.980804 -1.47819996
310.304688 -339.897003 0.0377999991
310.293457 -339.780945 0.127599999
310.344788 -339.463196 -1.54200006
310.363098 -339.4375 0.264699996
310.35495 -339.155853 0.0375000015
310.342499 -339.11261 0.277099997
310.209015 -338.986389 -1.52629995
310.31131 -338.826294 1.82309997
310.296204 -338.812988 2.01469994
310.20639 -338.781708 1.58510005
310.268311 -338.779907 1.83770001
310.216888 -338.697998 2.07360005
310.281097 -338.583099 -1.58749998
310.279907 -338.470398 2.11915016
310.362793 -338.444153 2.66534996
310.285767 -338.279358 -0.0735666677
310.271301 -338.296814 0.103100002
310.321869 -338.273132 0.236179993
310.233093 -338.255707 0.464999974
310.220703 -338.286591 1.27810001
310.349609 -338.251282 2.18865013
310.377991 -338.293915 2.59850001
310.336975 -338.315155 2.75318003
310.316559 -338.312561 2.84397507
310.354797 -338.264954 3.07805014
310.298615 -338.146912 0.781000018
310.238708 -338.071198 2.51180005
310.224091 -338.166809 2.86809993
310.319733 -338.167328 3.16160011
310.293091 -338.107391 3.29398012
310.289307 -337.828186 0.907700002
310.308685 -337.858002 1.16069996
310.358307 -337.865143 1.27065003
310.350311 -337.97699 1.57959998
310.241699 -337.964966 3.52579999
310.379486 -337.734406 0.650699973
310.339752 -337.684387 1.05139995
310.320801 -337.649414 2.47250009
310.235687 -337.410004 1.05229998
310.334015 -337.127197 -1.53009999
310.257904 -336.359314 -1.51569998
310.288208 -336.077911 -1.49600005
310.373901 -335.9151 -1.50039995
310.278412 -335.599609 -1.47930002
310.262787 -335.153107 -1.47459996
310.346008 -334.679291 -1.47319996
310.243774 -334.496765 -1.51224995
310.312653 -334.320374 -1.48605001
310.340302 -334.133209 -1.51600003
310.21051 -333.826904 -1.42060006
310.276703 -333.697388 -1.4835
310.349792 -333.287506 -0.88410002
310.253754 -333.155151 -0.639074981
310.341156 -333.159149 -0.549950004
310.347198 -332.912201 -1.03340006
310.258972 -332.902344 -0.931499958
310.330597 -332.512207 0.786499977
310.25769 -332.537201 0.886300027
310.347198 -329.72229 -1.11660004
310.292389 -328.571411 0.977299988
310.243286 -326.323914 -1.0043
310.220612 -326.28299 1.06939995
310.285309 -326.179901 -0.99000001
310.378204 -325.849487 -0.9824
310.215302 -325.564392 -0.969600022
310.311615 -322.192413 1.13520002
310.558807 -339.976807 -1.48950005
310.420013 -339.805115 0.126599997
310.456085 -339.832703 0.386999995
310.579285 -339.631348 -1.46864998
310.544312 -339.51886 -1.52384996
310.558594 -339.400604 2.63800001
310.541595 -338.977203 -1.52980006
310.599792 -338.706207 2.99589992
310.503693 -338.517517 -1.56014991
310.559509 -338.514496 1.66159999
310.483704 -338.469788 2.24950004
310.472046 -338.513428 2.58503342
310.5466 -338.572113 2.95020008
310.405212 -338.398499 2.71210003
310.470612 -338.322998 2.9993999
310.447113 -338.186096 0.116899997
310.53653 -338.043457 2.31123328
310.53949 -338.107483 2.5
310.425842 -338.027893 2.70149994
310.547394 -337.888794 0.383399993
310.401611 -337.806702 0.566600025
310.551422 -337.86731 0.649666667
310.427307 -337.928833 0.903650045
310.50116 -337.965332 1.49000001
310.443695 -337.845093 2.36039996
310.530304 -337.630005 -1.56729996
310.501801 -337.773102 0.289999992
310.495239 -337.741638 0.507066667
310.463593 -337.741608 0.949999988
310.561432 -337.732452 1.08889997
310.5047 -337.677795 1.28802502
310.567413 -337.709106 1.44640005
310.414215 -337.547913 -1.48510003
310.578003 -337.412689 0.516099989
310.564789 -337.549194 0.764500022
310.527802 -337.578003 0.858799994
310.553894 -337.389801 0.371600002
310.427002 -336.627014 -1.46749997
310.510986 -336.411102 -1.53820002
310.474609 -335.581787 -1.48399997
310.579102 -335.051605 -1.51520002
310.461884 -334.519836 -1.47492504
310.571411 -334.354614 -1.45809996
310.49469 -333.995605 -1.47739995
310.570496 -333.480896 -1.45599997
310.4646 -332.516602 0.867799997
310.452393 -328.679108 -1.00020003
310.452301 -328.596802 -1.07710004
310.488586 -328.248901 -1.05400002
310.433807 -327.942108 -1.06690001
310.478088 -326.780792 -0.987800002
310.552185 -326.213379 1.01125002
310.525696 -323.476013 1.04729998
310.498108 -323.167786 1.10950005
310.541595 -322.3367 -0.854550004
310.731506 -339.993713 -0.120499998
310.721924 -339.955566 0.0869499967
310.729004 -339.696838 -1.48959994
310.700592 -339.791901 -0.0383000001
310.724182 -339.535461 -1.52445006
310.688965 -339.485657 0.266750008
310.798187 -339.055786 -1.46360004
310.756195 -339.005402 0.41080001
310.754456 -339.03241 3.38094997
310.779694 -338.869995 2.77220011
310.672211 -338.986115 3.32019997
310.631714 -338.631104 0.0886000022
310.729309 -338.6362 2.95519996
310.672852 -338.513702 -1.53285003
310.654907 -338.476105 2.12190008
310.72879 -338.493896 2.5381
310.618286 -338.280487 -1.5438
310.684113 -338.333893 -0.00240000011
310.750946 -338.295959 0.166899994
310.768311 -338.23941 0.820599973
310.630615 -338.29599 2.41149998
310.638397 -338.207306 2.90869999
310.65271 -338.07373 0.0680999979
310.658691 -338.019196 0.703199983
310.726593 -338.091888 1.00750005
310.632812 -338.038391 2.06699991
310.767944 -338.09964 2.32154989
310.786896 -337.905396 -1.63979995
310.795685 -337.955811 -1.55830002
310.70285 -337.868744 0.0899000019
310.72644 -337.889587 0.508374989
310.733307 -337.912903 0.703400016
310.66571 -337.939087 1.58399999
310.627808 -337.985504 2.2816
310.687653 -337.67511 -1.56420004
310.761841 -337.704071 -0.101899996
310.668304 -337.716583 0.14598
310.641052 -337.78241 0.282233328
310.683105 -337.790009 0.536800027
310.673584 -337.700989 1.117975
310.638428 -337.693939 1.2906667
310.674652 -337.739136 1.50105
310.629791 -337.565002 -1.5826
310.672363 -337.407532 0.172800004
310.722382 -337.436981 0.266900003
310.645447 -337.314636 0.157399997
310.654388 -337.353851 0.305599988
310.625793 -337.037994 -1.56990004
310.694885 -336.822388 -1.5381
310.673401 -336.645813 -1.55299997
310.739716 -336.502441 -1.53759992
310.706543 -336.017365 -1.50826669
310.673401 -335.414215 -1.50059998
310.781403 -334.891296 -1.47529995
310.675842 -334.676544 -1.47522497
310.771393 -334.529907 -1.43509996
310.624786 -334.263092 -1.45220006
310.798889 -332.771393 -1.11160004
310.775696 -332.724609 -0.926299989
310.74411 -332.493011 0.90109998
310.636414 -330.193909 0.908299983
310.740387 -329.834503 -1.05639994
310.786499 -328.547211 -1.02199996
310.627594 -326.274597 -1.00329995
310.647095 -326.272614 1.02989995
310.731812 -326.145294 0.887700021
310.713501 -326.160614 1.02209997
310.621887 -322.497803 -0.868200004
310.701996 -321.530609 -0.846300006
310.851501 -339.859344 -1.48670006
310.899719 -339.895996 -0.0681250021
310.837097 -339.665009 -1.50489998
310.932007 -339.666199 0.131400004
310.832886 -339.750092 0.289600015
310.940186 -339.262299 0.356900007
310.880615 -339.121399 3.29080009
310.920197 -338.874207 2.58920002
310.870911 -338.890411 2.71749997
310.88031 -338.671204 2.96429992
310.884399 -338.404907 -1.60259998
310.911804 -338.467712 -1.53369999
310.865509 -338.292389 0.188999996
310.94339 -338.247589 0.397899985
310.932129 -338.232666 1.08089995
310.870514 -338.210907 1.38970006
310.955902 -338.145203 0.73299998
310.845947 -338.137268 0.956966639
310.929016 -338.052856 2.24895
310.851105 -337.809814 -0.217600003
310.845093 -337.813293 -0.0432999991
310.827209 -337.873291 0.1708
310.865875 -337.907593 0.333700001
310.903168 -337.874481 0.491600007
310.86084 -337.956635 0.711066663
310.887207 -337.815399 1.15970004
310.959808 -337.800507 1.44459999
310.843292 -337.901703 1.62639999
310.992798 -337.922089 1.88429999
310.976318 -337.910034 2.02509999
310.998413 -337.957001 2.33319998
310.847687 -337.740997 -0.236499995
310.833191 -337.750427 -0.132650003
310.808105 -337.641113 0.191599995
310.889465 -337.678253 1.13980007
310.926514 -337.748199 1.38339996
310.816803 -337.732391 1.40600002
310.802704 -337.759308 1.66190004
310.988892 -337.794098 2.1566
310.937592 -336.804504 -1.49899995
310.872803 -336.746185 -1.50730002
310.89151 -336.3284 -1.48969996
310.917297 -336.075897 -1.49380004
310.988892 -335.675201 -1.50179994
310.964508 -335.035095 -1.48039997
310.952209 -334.809387 -1.51170003
310.868408 -334.309021 -1.454
310.817108 -333.717499 -1.44739997
310.927307 -333.533295 -1.44749999
310.95459 -332.762695 -0.977699995
310.863251 -332.626587 -0.678200006
310.985596 -332.3573 -0.406800002
310.983063 -332.38092 0.854400039
310.994904 -330.279602 -1.08070004
310.894806 -327.231903 -0.978200018
310.975006 -326.746094 -1.05420005
310.932709 -326.161804 1.08399999
310.934204 -325.630402 -0.952700019
310.86731 -325.595886 -0.97240001
310.998688 -324.902405 -0.928600013
310.877289 -323.523102 -0.897700012
310.856415 -322.237091 -0.866299987
310.949585 -321.915894 -0.831799984
310.919189 -320.991486 -0.828700006
311.150208 -339.963989 -1.46870005
311.0849 -339.67569 -1.54429996
311.012085 -339.280212 0.3838
311.176208 -339.208008 3.28449988
311.04129 -339.102295 2.78990006
311.153503 -339.038605 2.87579989
311.191498 -338.63559 0.326400012
311.004791 -338.447205 2.56439996
311.100708 -338.395203 0.588500023
311.074036 -338.272888 1.07725
311.199799 -338.202209 2.41030002
311.15329 -338.213409 2.79250002
311.144012 -338.365814 2.80780005
311.123779 -338.071777 -1.54754996
311.151489 -338.003601 0.4366
311.08313 -338.09494 0.651499987
311.085266 -338.091125 0.846449971
311.094513 -338.04599 1.097
311.156403 -338.11322 2.12128019
311.197205 -338.109314 2.43910003
311.182709 -338.131714 2.87849998
311.114075 -337.881653 0.226150006
311.058441 -337.91626 0.513149977
311.026794 -337.940704 0.614000022
311.055389 -337.855286 1.52020001
311.10791 -337.928101 1.72940004
311.089813 -337.927795 1.84819996
311.072662 -337.942291 2.05360007
311.117493 -337.946106 2.35439992
311.024506 -337.665894 -1.57360005
311.06488 -337.727478 1.14056671
311.037964 -337.697174 1.23746669
311.153809 -337.714294 1.51767504
311.031006 -337.723541 1.6789
311.030609 -337.780212 1.96270001
311.013 -337.754944 2.05380011
311.072113 -337.4664 -1.51279998
311.177795 -337.491791 1.65349996
311.009613 -337.485199 1.98220003
311.039459 -337.486786 2.05139995
311.047394 -337.326385 -1.57290006
311.141144 -337.260803 1.91680002
311.039093 -337.145599 -1.58850002
311.145752 -337.103027 1.90531993
311.044189 -336.991608 1.96280003
311.132446 -336.862427 2.06476665
311.184814 -336.674194 -1.52719998
311.173798 -336.350494 -1.48389995
311.182892 -335.668915 -1.50240004
311.132202 -335.44809 -1.49689996
311.055603 -335.250305 -1.46809995
311.0784 -334.953308 -1.46860003
311.086121 -334.675049 -1.45729995
311.047607 -334.501526 -1.44519997
311.100098 -334.301331 -1.44064999
311.16391 -333.808502 -1.43420005
311.140686 -333.292999 -1.43480003
311.12851 -333.153503 -1.42480004
311.045593 -333.178406 -0.854600012
311.093079 -333.171936 -0.760149956
311.077911 -332.605499 -0.782700002
311.124786 -332.417114 -0.322600007
311.135376 -332.422729 -0.141249999
311.076385 -332.400909 0.166600004
311.12381 -332.433197 0.328299999
311.110168 -332.446899 0.506900012
311.066345 -332.473572 0.684099972
311.06131 -332.456451 0.860360026
311.105896 -332.300903 -1.07969999
311.163208 -332.352295 -0.963199973
311.101837 -332.326202 -0.276899993
311.091827 -332.334076 -0.121057145
311.07309 -332.317352 0.0605333298
311.076385 -332.329376 0.281199992
311.070374 -332.360229 0.497299999
311.057312 -332.374359 0.714100003
311.048279 -332.368805 0.865249991
311.186493 -330.990509 -1.13240004
311.033508 -327.467896 -1.02789998
311.130798 -327.389404 -1.03579998
311.122192 -326.96759 -1.00139999
311.182312 -326.435608 -0.996299982
311.030487 -326.126587 -0.994499981
311.120911 -326.105408 1.06019998
311.167908 -325.8927 -0.978600025
311.1828 -324.62149 -0.901000023
311.145691 -324.293793 -0.914099991
311.119507 -320.61731 -0.833299994
311.194 -320.028992 1.1803
311.339447 -339.918701 -1.08369994
311.330811 -339.958801 -0.971300006
311.360413 -339.778107 -1.36759996
311.293091 -339.721008 0.255100012
311.275085 -339.313995 -1.48459995
311.31369 -339.101807 2.90289998
311.26001 -338.708099 -1.47399998
311.203613 -338.662201 0.675899982
311.238892 -338.657104 2.04500008
311.296295 -338.495697 -1.48405004
311.302307 -338.469696 0.1558
311.327576 -338.470825 0.2271
311.20401 -338.40451 0.953499973
311.229492 -338.473785 2.59789991
311.276398 -338.420197 2.77130008
311.325409 -338.268188 0.496199995
311.3815 -338.311584 2.11940002
311.375 -338.329895 2.38779998
311.296997 -338.319305 2.47280002
311.25354 -338.276337 2.86863995
311.295715 -338.111084 0.679199994
311.267609 -338.194611 0.924799979
311.29303 -338.106873 1.12076664
311.338867 -338.092896 1.38909996
311.268005 -338.024414 1.46689999
311.366913 -338.120209 1.61839998
311.253601 -338.131317 2.09697485
311.290344 -338.134338 2.27850008
311.312286 -338.048798 2.48180008
311.236908 -338.176086 2.95040011
311.252991 -338.040222 3.04043341
311.318909 -337.849915 -1.57739997
311.333984 -337.823853 0.112599999
311.220886 -337.913605 0.292199999
311.209991 -337.816406 1.35800004
311.23349 -337.9198 1.50189996
311.298187 -337.890015 2.3987999
311.30835 -337.893768 2.46862006
311.239655 -337.966492 3.13635015
311.335999 -337.733887 0.0699333325
311.343109 -337.694122 0.315120012
311.347809 -337.761688 0.455199987
311.269012 -337.664307 0.759000003
311.321289 -337.796906 2.52620006
311.252014 -337.528687 -1.50390005
311.384003 -337.406097 1.73259997
311.300476 -337.2901 1.68323338
311.215088 -337.210999 1.80480003
311.316986 -337.09549 -1.50320005
311.203003 -336.881104 2.06270003
311.252869 -336.683136 -1.51394999
311.210388 -336.115509 -1.46940005
311.226013 -335.71814 -1.4734
311.353302 -335.380096 -1.47000003
311.271667 -335.080841 -1.47373331
311.340393 -334.866699 -1.43920004
311.393494 -334.77771 -1.43040001
311.359741 -334.473511 -1.43065
311.396301 -334.234589 -1.42879999
311.2005 -334.014313 -1.43359995
311.274506 -333.72641 -1.45630002
311.200287 -333.105194 -0.585600019
311.325104 -332.546692 -0.889699996
311.397003 -332.524292 -0.524200022
311.26825 -332.336243 0.886049986
311.383392 -327.570312 -0.971400023
311.280792 -327.044586 -0.992600024
311.355896 -326.444489 -0.947300017
311.320892 -326.140106 1.05710006
311.36441 -325.809296 -0.93870002
311.331848 -325.747131 -0.966449976
311.228607 -322.451904 -0.833299994
311.373901 -322.082092 -0.851499975
311.386169 -321.256958 1.14619994
311.357391 -321.120239 1.13073325
311.376801 -321.047394 1.20910001
311.338928 -320.901917 1.15097499
311.288055 -320.698914 1.18085003
311.304199 -320.703979 1.20875001
311.256897 -320.500305 1.20159996
311.223999 -320.274353 1.14863336
311.247986 -320.378601 1.20120001
311.539459 -339.84906 -1.46381998
311.491058 -339.907959 -1.33230007
311.433716 -339.949188 -1.14750004
311.582886 -339.922913 0.1523
311.599304 -339.747009 -0.0579000004
311.444611 -339.329803 3.02719998
311.533112 -339.184021 2.8822
311.446594 -339.134003 3.08940005
311.481201 -338.849487 2.7737
311.501495 -338.810822 3.04056668
311.465424 -338.658447 2.68519998
311.51709 -338.679596 3.14219999
311.412506 -338.439209 2.04189992
311.524811 -338.575897 2.61490011
311.555389 -338.373596 2.10185003
311.421204 -338.288086 2.34130001
311.438599 -338.052002 0.294
311.465515 -338.001709 0.423900008
311.429413 -338.088013 0.657899976
311.503662 -338.039703 1.76815009
311.479004 -338.184387 1.86399996
311.408203 -338.169495 2.00099993
311.458893 -338.178101 2.26929998
311.536102 -338.157593 2.47359991
311.463104 -337.896393 0.351599991
311.459747 -337.882812 0.528366685
311.566406 -337.902313 1.65170002
311.525208 -337.905212 2.32780004
311.461304 -337.65329 -1.54970002
311.411102 -337.791901 0.0645999983
311.507599 -337.760803 0.912599981
311.524109 -337.602905 1.1846
311.53241 -337.552307 1.09089994
311.422607 -337.421814 1.7198
311.447906 -337.266205 -1.54680002
311.575409 -337.275391 0.0983000025
311.468811 -337.27121 1.80340004
311.477051 -337.116699 -1.51845002
311.558136 -337.095032 1.29489994
311.433594 -336.965302 -1.51409996
311.559631 -336.972107 1.30019999
311.573792 -336.733398 -1.47350001
311.4216 -335.997894 -1.51189995
311.517609 -335.652008 -1.53310001
311.411591 -335.491699 -1.449
311.467468 -335.324158 -1.46624994
311.537323 -335.095184 -1.47373331
311.517395 -334.913696 -1.44616663
311.502899 -334.252197 -1.42795002
311.586487 -334.066498 -1.44959998
311.479401 -333.362091 -1.44630003
311.404602 -333.223297 -0.883000016
311.5289 -333.071503 -0.70055002
311.496399 -332.674805 -0.961300015
311.43811 -332.344269 0.925633311
311.411194 -329.173798 -1.04429996
311.412201 -328.88681 -1.01129997
311.464508 -328.752289 -0.997500002
311.430847 -326.052795 1.04844999
311.460297 -323.871796 -0.885800004
311.435211 -323.325897 -0.871999979
311.588928 -322.479919 1.08794999
311.558167 -322.251801 1.10883331
311.594208 -322.391388 1.20650005
311.548889 -322.090088 1.12059999
311.406311 -321.817505 -0.837800026
311.542297 -321.932007 1.15550005
311.466797 -321.664368 1.11307502
311.416199 -321.372986 1.14479995
311.430603 -321.334503 1.23080003
311.553711 -320.86441 -0.819599986
311.573395 -320.777588 -0.802100003
311.703125 -339.945953 -0.0191500001
311.727112 -339.934021 0.144349992
311.625702 -339.794189 -0.070600003
311.792206 -339.467987 2.84489989
311.740814 -339.251312 -1.51660001
311.733795 -339.276001 0.888300002
311.702148 -339.116608 3.16839981
311.722687 -339.051788 3.2177999
311.73819 -338.866699 2.58829999
311.658875 -338.951202 3.26894999
311.752197 -338.789001 -1.4691
311.714691 -338.6297 2.35240006
311.700104 -338.673706 2.56349993
311.625885 -338.737091 2.73950005
311.776703 -338.56131 -1.45350003
311.674133 -338.462738 2.12170005
311.667786 -338.472229 2.33839989
311.667847 -338.548706 2.5009501
311.777527 -338.362732 -1.4892
311.63324 -338.330017 2.34420013
311.733643 -338.339752 2.47475004
311.782959 -338.176636 0.0852999985
311.697998 -338.118195 0.834599972
311.607605 -338.099396 1.01240003
311.604309 -338.174988 1.38890004
311.644501 -338.155609 1.96150005
311.632202 -338.155701 2.37709999
311.692444 -337.887512 0.557550013
311.768585 -337.949402 1.44480002
311.689392 -337.901428 1.661075
311.624908 -337.708313 -1.59549999
311.622803 -337.756012 0.395099998
311.74231 -337.617615 0.445800006
311.754211 -337.641205 0.882600009
311.707703 -337.607208 1.12800002
311.7453 -337.714111 1.46755004
311.652496 -337.414795 0.137500003
311.786102 -337.440704 0.252999991
311.670044 -337.520752 0.557099998
311.679504 -337.569489 0.69749999
311.666504 -337.509399 0.922966659
311.707092 -337.519775 1.0388
311.715057 -337.575195 1.26534998
311.754791 -337.581787 1.4425
311.641693 -337.38739 0.237299994
311.677826 -337.276886 1.08264995
311.635895 -337.100891 -1.54170001
311.791809 -336.907593 -1.48670006
311.68158 -336.098206 -1.45440006
311.614288 -335.88501 -1.45850003
311.71521 -335.577789 -1.47689998
311.747192 -335.289124 -1.47219992
311.65155 -335.054016 -1.44054997
311.687347 -334.90802 -1.46495008
311.738037 -334.519318 -1.4508667
311.698212 -334.312439 -1.43379998
311.677002 -334.0914 -1.46959996
311.614685 -333.741211 -1.43560004
311.629395 -333.075104 -1.41820002
311.628998 -333.058289 -1.00049996
311.642914 -333.100403 -0.99089998
311.695312 -332.958893 -1.05089998
311.608185 -332.967285 -0.643700004
311.754913 -332.871796 -0.551699996
311.654388 -332.631989 -0.70389998
311.683594 -332.284302 0.922666669
311.744049 -329.309998 -1.01800001
311.661804 -329.105164 -1.01655006
311.693787 -327.297913 -0.989400029
311.777588 -327.190704 -0.983299971
311.672974 -326.033203 1.09283328
311.781799 -325.981812 1.09519994
311.733765 -325.710693 -0.947849989
311.738892 -324.253113 -0.88319999
311.797607 -323.661407 1.06089997
311.685608 -323.450806 -0.887000024
311.759399 -323.310394 1.09619999
311.738098 -323.095764 1.08805001
311.695404 -322.893494 1.1681
311.645111 -322.675995 1.12386668
311.7771 -322.409912 -0.850899994
311.61969 -322.529602 1.11027503
311.79129 -322.197113 -0.83160001
311.703308 -321.616608 -0.294699997
311.750061 -321.497498 -0.308499992
311.752502 -321.059204 -1.09370005
311.649994 -320.999908 -0.851400018
311.697266 -320.710754 -0.824550033
311.782104 -320.461487 -0.456099987
311.774109 -320.292114 -1.03429997
311.780701 -320.213287 -0.906499982
311.78299 -320.246613 -0.399599999
311.779236 -320.023346 -0.729550004
311.83844 -339.901001 0.100000001
311.94751 -339.856995 3.35630012
311.956909 -339.852997 3.51419997
311.877136 -339.212585 3.14219999
311.888641 -339.064209 -1.50215006
311.859863 -339.134033 3.08419991
311.91449 -338.869781 3.32896662
311.881409 -338.63681 2.28259993
311.977814 -338.6586 2.52870011
311.859802 -338.672089 2.74539995
311.872681 -338.331787 -1.50530005
311.894287 -338.216736 0.247700006
311.807587 -338.395203 0.818400025
311.812714 -338.276703 1.89390004
311.836304 -338.151794 -0.0496999994
311.91394 -338.13681 0.310033321
311.858002 -338.121613 1.89909995
311.959503 -337.817108 -1.50349998
311.8974 -337.871887 0.308800012
311.915009 -337.898895 0.459899992
311.827789 -337.806885 1.35440004
311.931305 -337.988403 1.86360002
311.881714 -337.828003 2.02060008
311.897095 -337.608612 0.673699975
311.896973 -337.692413 1.2833333
311.896027 -337.647095 1.50542498
311.858521 -337.694824 1.64845002
311.873627 -337.490112 0.308466673
311.898956 -337.492218 0.508899987
311.867706 -337.414795 0.626399994
311.808411 -337.444702 0.879299998
311.835144 -337.482513 1.07646668
311.873291 -337.525238 1.25917506
311.921814 -337.504913 1.52269995
311.880188 -337.354095 -1.51989996
311.978851 -337.252686 0.307850003
311.888214 -337.301086 0.744933307
311.895569 -337.330383 0.912799954
311.90625 -337.33255 1.08990002
311.839111 -337.385895 1.3513
311.846436 -337.357147 1.46029997
311.913788 -337.1008 -1.51259995
311.994202 -337.078094 0.63440001
311.912292 -336.879089 -1.46529996
311.820709 -336.672211 -1.47969997
311.853394 -336.510101 -1.49909997
311.824799 -336.342499 -1.45930004
311.956207 -336.029785 -1.48740005
311.837891 -335.604401 -1.47500002
311.962097 -335.311401 -1.43599999
311.851257 -335.08313 -1.46010005
311.859589 -334.97641 -1.46280003
311.868805 -334.363586 -1.42139995
311.846802 -333.933685 -1.41429996
311.915802 -333.046387 -1.0072
311.940918 -333.049896 -0.860350013
311.919464 -333.135315 -0.661275029
311.926849 -332.939423 -0.624899983
311.928009 -332.926086 -0.594399989
311.949493 -332.694214 -0.837400019
311.910797 -332.247009 0.916800022
311.997498 -332.174896 0.940100014
311.962189 -331.572815 -1.07140005
311.813904 -328.940002 -1.05089998
311.859985 -328.434601 -0.994499981
311.850708 -327.510101 -1.01380002
311.968201 -327.168304 -0.948700011
311.925415 -326.743103 -0.967400014
311.938507 -326.440613 -0.955900013
311.877289 -326.305084 -0.94326663
311.958893 -325.990204 1.05069995
311.827209 -325.586395 -0.943000019
311.979095 -324.635498 1.07219994
311.979309 -324.496307 1.07120001
311.935455 -324.281982 1.10619998
311.845795 -324.150085 -0.890600026
311.909943 -324.110565 1.10600007
311.874695 -323.91153 1.10543334
311.826691 -323.631104 -0.890600026
311.825378 -323.685638 1.07606661
311.81601 -323.426392 -0.8398
311.80899 -323.510651 1.07895005
311.853485 -322.555786 -0.814599991
311.914612 -322.2323 -1.09249997
311.936188 -322.289703 -0.935500026
311.844513 -322.259003 -0.67809999
311.913788 -322.282196 -0.352299988
311.933899 -322.177094 -1.06630003
311.876282 -322.11264 -0.925225019
311.889313 -322.197205 -0.499300003
311.872192 -321.743103 -1.06099999
311.940491 -321.629395 -0.88380003
311.810608 -321.61969 -0.447600007
311.803192 -321.669006 -0.335299999
311.922089 -321.412109 -0.4102
311.973694 -321.272705 -0.766700029
311.977509 -321.002686 -1.0697
311.972046 -321.020599 -0.934899986
311.960999 -321.019714 -0.338200003
311.906403 -320.924927 -1.05483329
311.895905 -320.983795 -0.980400026
311.945068 -320.911682 -0.67900002
311.958862 -320.819336 -0.443199992
311.904846 -320.888 -0.34285
311.879608 -320.634888 -1.08089995
311.914856 -320.674408 -0.491675019
311.808105 -320.220886 -0.601199985
311.849701 -320.248108 -0.488999993
311.954773 -320.101868 -0.483533323
312.084961 -339.847595 3.27820015
312.088745 -339.598816 3.0625
312.118195 -339.292999 -1.48269999
312.121704 -338.783813 2.41070008
312.036407 -338.442902 -1.47259998
312.049133 -338.451355 2.55119991
312.089783 -338.299072 -1.50454998
312.161407 -338.239594 -0.109700002
312.032288 -338.215088 0.108449996
312.025757 -338.102783 -0.00394999981
312.044708 -338.032501 0.0702999979
312.129486 -338.006989 0.744300008
312.079102 -338.101196 0.841899991
312.046875 -338.022888 1.52555001
312.170197 -338.073395 2.08879995
312.135803 -338.141388 2.65210009
312.053589 -337.871613 -1.52069998
312.120209 -337.961609 0.00549999997
312.162689 -337.828705 0.374599993
312.102509 -337.888733 0.703800023
312.015198 -337.891907 1.07729995
312.148499 -337.888214 1.27079999
312.042206 -337.808105 1.62220001
312.170013 -337.963287 1.93449998
312.175903 -337.60611 -0.0250000004
312.133484 -337.686462 0.149650007
312.110901 -337.696259 0.287375003
312.148407 -337.680786 0.550733328
312.005798 -337.738892 0.627699971
312.143799 -337.711609 0.883899987
312.197601 -337.692413 1.19760001
312.077606 -337.710297 1.32570004
312.060394 -337.635193 1.63560009
312.190491 -337.697693 1.86440003
312.073181 -337.533508 0.129474998
312.060699 -337.509644 0.323166668
312.079895 -337.452393 0.479900002
312.089233 -337.41925 0.770049989
312.11969 -337.426392 0.806200027
312.067902 -337.223297 -1.47609997
312.075623 -337.300781 0.538699985
312.081421 -337.283936 0.715799987
312.022339 -337.322449 0.887250006
312.064911 -337.177795 -1.48469996
312.029388 -337.093079 0.527366638
312.061493 -337.1427 0.611000001
312.095093 -336.959503 -1.47800004
312.176392 -336.515106 -1.44490004
312.080994 -336.368408 -1.45580006
312.018494 -335.502747 -1.44819999
312.076111 -335.34256 -1.45144999
312.104187 -335.012085 -1.41709995
312.191589 -334.905487 -1.45599997
312.0242 -334.617493 -1.42359996
312.031891 -334.449188 -1.42340004
312.119232 -334.347443 -1.41610003
312.153687 -333.851074 -1.42110002
312.022003 -333.07251 -1.03209996
312.1203 -332.969116 -1.38065004
312.046204 -332.988403 -0.756449997
312.068909 -332.221893 0.938499987
312.159698 -332.090576 0.937849998
312.151398 -331.969086 0.983900011
312.15387 -331.320618 -1.04445004
312.070496 -327.169067 -0.948249996
312.019714 -326.901306 -0.967999995
312.164246 -325.901733 0.824699998
312.171021 -325.521545 1.05122495
312.116608 -325.287994 1.07219994
312.055206 -325.05899 -0.891300023
312.096588 -325.096527 1.06033337
312.073303 -324.945007 1.0792501
312.038696 -324.671814 -0.889400005
312.028076 -324.756287 1.06297493
312.047699 -324.491913 -0.891499996
312.039093 -324.207703 -0.888300002
312.069397 -323.800293 -0.883400023
312.08429 -323.820312 -0.649500012
312.025696 -323.606201 -0.858299971
312.170685 -323.418793 -1.1142
312.198212 -323.367096 -1.03419995
312.074219 -323.301941 -0.866349995
312.1362 -323.154694 -0.994799972
312.157898 -322.357208 -1.00039995
312.077606 -322.337799 -0.966600001
312.174988 -322.317566 -0.689849973
312.184509 -322.258789 -0.504100025
312.177399 -322.20871 -0.396499991
312.009003 -322.162292 -1.0776
312.00531 -322.1745 -0.986100018
312.051514 -322.133606 -0.718500018
312.119263 -322.159698 -0.523150027
312.066498 -322.109802 -0.382400006
312.113922 -321.518402 -0.928300023
312.115936 -321.464783 -0.661249995
312.120056 -321.230774 -0.870800018
312.115662 -321.325897 -0.706733346
312.12262 -321.092468 -1.06107998
312.185089 -321.170013 -0.906799972
312.114288 -321.083649 -0.700700045
312.119354 -321.078094 -0.40504998
312.103394 -321.071594 -0.259900004
312.118195 -320.958496 -0.930499971
312.183105 -320.990814 -0.708800018
312.020294 -320.885986 -0.458350003
312.098969 -320.919495 -0.337099999
312.139801 -320.721313 -0.432900012
312.019196 -320.779999 -0.366299987
312.043213 -320.227112 -0.422899991
312.032104 -320.081512 -0.806800008
312.139008 -320.036102 -0.635399997
312.020111 -320.148285 -0.537999988
312.050201 -320.06369 -0.386399984
312.329193 -339.661438 -1.48664999
312.360596 -339.414886 -1.45369995
312.369598 -339.448486 1.93050003
312.388702 -339.149597 -1.47490001
312.232086 -338.932404 2.3512001
312.340057 -338.91333 3.17110014
312.376556 -338.741638 2.92269993
312.396515 -338.787292 3.00279999
312.262909 -338.536499 -1.4619
312.393311 -338.412201 0.194199994
312.305664 -338.261353 -1.47189999
312.359497 -338.266296 -0.00700000022
312.326599 -338.260895 0.0522999987
312.222809 -338.297699 2.23059988
312.344147 -338.066742 2.10673332
312.205292 -337.808807 0.510999978
312.212219 -337.882263 0.712499976
312.314697 -337.85199 1.25979996
312.377197 -337.891998 1.98819995
312.388306 -337.854401 2.37459993
312.399414 -337.832001 2.50410008
312.259613 -337.649811 0.0326000005
312.318329 -337.718201 0.34920001
312.29715 -337.718109 0.509559989
312.333893 -337.696594 0.665799975
312.370697 -337.639343 1.17659998
312.362305 -337.620392 1.34689999
312.275299 -337.777496 1.56690001
312.341705 -337.789886 1.75670004
312.321533 -337.688354 1.87619996
312.206909 -337.528992 -0.0261000004
312.239502 -337.569763 0.113250002
312.289398 -337.483154 0.659449995
312.30249 -337.505402 0.91109997
312.329895 -337.480713 1.24389994
312.208099 -337.594513 1.90869999
312.313049 -337.531189 2.08615017
312.228607 -337.361694 -1.51380002
312.298035 -337.326874 0.569966674
312.249786 -337.266907 0.662533343
312.234802 -337.380188 1.84280002
312.366791 -337.131195 1.15989995
312.227295 -336.822998 -1.49450004
312.273499 -336.764404 -1.45239997
312.343262 -335.924133 -1.47589993
312.375275 -335.69931 -1.45484996
312.353912 -335.5112 -1.42869997
312.306885 -335.218201 -1.44799995
312.2901 -335.155396 -1.43369997
312.224731 -334.480011 -1.42906666
312.306335 -334.365906 -1.43429995
312.300903 -334.157104 -1.43369997
312.381409 -333.939514 -1.40830004
312.382111 -333.463287 -1.41330004
312.310394 -333.114014 -1.42270005
312.334808 -332.934296 -0.973800004
312.270264 -332.163269 0.921674967
312.387604 -329.968994 -1.05780005
312.397614 -328.979492 -1.00689995
312.231201 -328.590393 -0.988399982
312.248199 -328.293488 -1.01800001
312.350098 -327.287994 -0.944800019
312.373535 -326.678375 0.974600017
312.396301 -326.750397 1.05239999
312.342804 -326.477905 -0.935800016
312.368896 -326.537109 1.03610003
312.333588 -326.372803 0.997200012
312.30603 -326.293427 1.04662502
312.264313 -326.049194 0.964699984
312.298096 -326.058197 1.06029999
312.290894 -325.861694 -0.69422859
312.284912 -325.88208 -0.508200049
312.301941 -325.88678 -0.317299992
312.297394 -325.884583 -0.0652666688
312.273956 -325.888947 0.0945800021
312.25116 -325.885895 0.281199992
312.239014 -325.921204 0.542549968
312.260071 -325.904663 0.69386667
312.252899 -325.903564 0.940166652
312.244843 -325.885284 1.06190002
312.331757 -325.733704 -0.885649979
312.217499 -325.719391 1.06120002
312.326538 -325.136536 -0.902700007
312.20929 -324.773712 -0.889500022
312.229492 -324.509705 -0.889999986
312.395905 -324.492493 -0.684700012
312.34491 -324.013306 -0.933300018
312.338501 -323.835785 -1.23389995
312.248413 -323.885498 -0.632150054
312.345093 -323.815796 -0.470899999
312.291595 -323.699677 -1.03729999
312.250153 -323.717316 -0.91930002
312.343689 -323.726593 -0.730799973
312.309265 -323.558472 -0.311450005
312.297241 -323.097748 -1.09139991
312.26889 -323.013885 -0.965600014
312.324707 -323.190735 -0.464250028
312.312012 -322.868408 -1.06529999
312.283691 -322.894104 -0.861400008
312.364197 -322.831787 -0.638100028
312.346802 -322.959045 -0.487650037
312.356689 -322.884491 -0.3653
312.334808 -322.786713 -1.06229997
312.349182 -322.717438 -0.90896666
312.339722 -322.605835 -0.727499962
312.3414 -322.673615 -0.58099997
312.369598 -322.680237 -0.336250007
312.386505 -322.444946 -1.02670002
312.367889 -322.560211 -0.976100028
312.368408 -322.557312 -0.754700005
312.305908 -322.522003 -0.4903
312.319 -322.488098 -0.273000002
312.329071 -322.270386 -1.12846673
312.302917 -322.330933 -0.878560007
312.266449 -322.338501 -0.744666696
312.268005 -322.261597 -0.449900001
312.313416 -322.297211 -0.331099987
312.334015 -322.040802 -1.16600001
312.37561 -322.199097 -0.299299985
312.253998 -321.539093 -0.624100029
312.283508 -321.210205 -0.961899996
312.228241 -321.245361 -0.718400002
312.275513 -321.260284 -0.522599995
312.321899 -321.289215 -0.351700008
312.255493 -321.056091 -0.939499974
312.341492 -321.007812 -0.65140003
312.30072 -321.120148 -0.456900001
312.302307 -321.064026 -0.308533341
312.363495 -320.878204 -1.08739996
312.257538 -320.893005 -0.493000001
312.220612 -320.81131 -0.353700012
312.317413 -320.626801 -1.06439996
312.210876 -320.74292 -0.51030004
312.266449 -320.361633 -1.08800006
312.212189 -320.00769 -0.327699989
312.454102 -338.802612 2.94989991
312.471497 -338.6875 2.57680011
312.569702 -338.641388 3.00440001
312.494904 -338.441986 2.6967001
312.475189 -338.483307 2.94129992
312.543243 -338.473267 3.08790016
312.406006 -338.246399 -1.59539998
312.5047 -338.309204 -0.164800003
312.507935 -338.29834 0.133466661
312.557709 -338.321289 2.56025004
312.552856 -338.310669 2.73434997
312.5466 -338.147888 -0.134450004
312.569702 -338.145386 0.0610000007
312.580811 -338.057495 0.921199977
312.558289 -338.072388 2.58419991
312.555023 -338.086853 2.71133327
312.454163 -337.818298 0.293166667
312.492706 -337.832764 0.474575013
312.440613 -337.937012 0.949750006
312.456207 -337.806488 1.26779997
312.412415 -337.994904 1.55180001
312.488708 -337.869019 1.8826499
312.446411 -337.829987 2.4302001
312.565399 -337.67041 -1.47889996
312.411987 -337.601715 0.161400005
312.439423 -337.777985 0.310275018
312.523407 -337.744598 0.537800014
312.466095 -337.712769 0.731899977
312.575012 -337.646393 0.85769999
312.498138 -337.6828 1.98296666
312.497192 -337.676117 2.10657144
312.445068 -337.699402 2.36849999
312.450592 -337.777405 2.45000005
312.472992 -337.573608 1.19770002
312.429199 -337.436249 1.25056672
312.451843 -337.525848 1.72119999
312.546661 -337.559204 1.91997504
312.486572 -337.482391 2.08379984
312.456146 -337.303833 -1.48699999
312.543152 -337.212219 0.703449965
312.584412 -337.309204 0.8204
312.57196 -337.272827 1.04495001
312.509888 -337.260742 1.2938
312.568695 -337.235413 1.57599998
312.551147 -337.273895 1.67556667
312.566895 -337.253113 1.83920002
312.593292 -337.060913 -1.60549998
312.566101 -337.085907 -1.48710001
312.503784 -337.111206 0.659999967
312.55719 -337.184814 1.03369999
312.591492 -337.108398 1.32319999
312.526703 -337.157013 1.84239995
312.585114 -336.873291 -1.44169998
312.565887 -336.973907 0.578700006
312.457397 -336.790985 -1.44640005
312.549896 -336.085205 -1.43665004
312.451599 -335.888397 -1.45109999
312.502594 -335.695129 -1.42689991
312.567902 -335.274292 -1.43439996
312.481201 -335.120392 -1.44159997
312.448792 -334.818787 -1.40480006
312.462402 -334.661987 -1.47309995
312.502808 -334.071991 -1.45000005
312.483795 -333.841492 -1.36140001
312.599304 -333.563293 -1.40079999
312.566498 -333.015198 -1.39830005
312.51889 -332.857605 -1.23730004
312.485413 -332.149872 0.96132499
312.558594 -327.643402 0.961899996
312.576477 -327.730499 1.00964999
312.529938 -327.451508 0.974300027
312.551697 -327.504913 1.01289999
312.50116 -327.329224 1.04353333
312.492889 -327.144714 0.977800012
312.467041 -327.095642 1.03410006
312.560486 -326.828888 -0.948199987
312.437103 -326.951508 0.971700013
312.445007 -326.910706 1.03209996
312.562408 -326.133698 -0.91960001
312.583801 -325.67099 -1.04295003
312.543396 -325.563904 -1.01119995
312.587006 -325.236298 -1.0187
312.505249 -325.093933 -1.03139997
312.550354 -324.888092 -1.02180004
312.542908 -324.376709 -1.00639999
312.51709 -324.271088 -0.931500018
312.503845 -324.246002 -0.639549971
312.48996 -324.312317 -0.476300001
312.519989 -324.324402 -0.373199999
312.522705 -324.085754 -0.727966666
312.572266 -324.131256 -0.482933342
312.480133 -324.10257 -0.319833338
312.585907 -323.848114 -1.04480004
312.530914 -323.920837 -0.860849977
312.543243 -323.960022 -0.733749986
312.560455 -323.911621 -0.515249968
312.54129 -323.803589 -0.328000009
312.449188 -323.725708 -1.22189999
312.511017 -323.71637 -1.1413666
312.527527 -323.732635 -0.940750003
312.520874 -323.54599 -0.421649992
312.555786 -322.822113 -1.06099999
312.582703 -322.856995 -0.534649968
312.480835 -322.845398 -0.378049999
312.518555 -322.625061 -0.905400038
312.424591 -322.768799 -0.756699979
312.516235 -322.699524 -0.456375003
312.482056 -322.675537 -0.31400001
312.465393 -322.5737 -1.07650006
312.470062 -322.537506 -0.943966627
312.468903 -322.45993 -0.350233346
312.437317 -322.356812 -1.09300005
312.542297 -322.233398 -0.610499978
312.483337 -322.288757 -0.501924992
312.539398 -322.379395 -0.277099997
312.501251 -322.09906 -1.1015501
312.489502 -322.178955 -0.507149994
312.440491 -322.153198 -0.352800012
312.487091 -321.819397 -1.09630001
312.541046 -321.541382 -1.0898
312.466064 -321.2966 -1.10015011
312.446411 -321.201904 -0.411900014
312.487396 -321.161896 -1.09399998
312.432709 -320.562195 -1.07500005
312.680511 -339.805786 -1.35689998
312.7677 -339.889191 0.925499976
312.725006 -339.691193 -1.47780001
312.663605 -339.531311 -1.45720005
312.78421 -339.14389 2.7328999
312.639374 -338.698547 0.556100011
312.717285 -338.499786 -1.42369998
312.63562 -338.506592 2.99179983
312.650391 -338.446259 3.13427997
312.65741 -338.273102 -1.43780005
312.67984 -338.270966 0.0727000013
312.679321 -338.221863 0.3028
312.602509 -338.28241 2.82949996
312.651093 -338.39859 3.14750004
312.643097 -338.35849 3.26049995
312.728241 -338.13562 -1.46039999
312.749359 -338.129852 -0.0786666647
312.671295 -338.018188 0.221399993
312.756897 -338.036591 0.771600008
312.752899 -338.155396 0.812399983
312.790985 -338.038605 1.95290005
312.671387 -338.133118 2.33519983
312.610687 -338.190887 2.45849991
312.611908 -338.126312 2.69959998
312.6492 -338.071411 2.94109988
312.702332 -337.875977 0.357249975
312.661285 -337.878204 0.467799991
312.677063 -337.88031 0.682550013
312.756104 -337.897339 0.868800044
312.653809 -337.861511 1.92079997
312.774261 -337.87146 2.11689997
312.703369 -337.910858 2.29706669
312.742096 -337.695801 0.537999988
312.746582 -337.737305 0.742933333
312.7211 -337.778107 0.802200019
312.645813 -337.724091 1.29320002
312.741608 -337.743011 1.53970003
312.743408 -337.650208 1.71360004
312.688904 -337.790009 2.11409998
312.763794 -337.684845 2.26125002
312.686523 -337.522583 0.914950013
312.705872 -337.456909 1.10466671
312.795593 -337.42749 1.41270006
312.706787 -337.505676 1.70280004
312.631195 -337.385101 -1.46340001
312.625214 -337.252289 0.699199975
312.703186 -337.323273 1.03900003
312.719452 -337.269592 1.32863998
312.733429 -337.271484 1.48089993
312.766998 -337.256805 1.74909997
312.794403 -337.274811 1.82879996
312.734558 -337.075409 -1.45965004
312.69281 -337.017914 0.354400009
312.723175 -337.061584 0.692857146
312.690979 -337.117218 1.34350002
312.766663 -337.019592 1.43863332
312.740295 -336.942932 0.771149993
312.647034 -336.101746 -1.42254996
312.766998 -335.688385 -1.42579997
312.701843 -335.473114 -1.42304993
312.727356 -335.338257 -1.43875003
312.682983 -334.656067 -1.42394996
312.707764 -334.499023 -1.40706658
312.720795 -334.407898 -1.39670002
312.692841 -334.35379 -1.41079998
312.671051 -334.329071 -1.39775002
312.63031 -333.989502 -1.41250002
312.784302 -333.4086 -1.39629996
312.747711 -332.863586 -1.38110006
312.712708 -332.13559 0.942399979
312.782196 -328.756287 0.961000025
312.755005 -328.756592 1.03139997
312.728088 -328.442993 0.992500007
312.759491 -328.516205 1.03799999
312.690613 -328.320801 0.990800023
312.709961 -328.290527 1.05349994
312.680786 -328.178009 0.991100013
312.659485 -328.043915 1.03489995
312.608795 -327.953796 0.996299982
312.630707 -327.921814 1.07720006
312.765015 -327.42511 -0.596199989
312.770691 -327.299988 -0.699000001
312.792511 -327.179596 -0.829699993
312.623291 -326.68161 -0.951099992
312.738098 -326.520599 -1.05429995
312.750214 -326.499207 -0.986699998
312.78656 -326.306213 -1.04205
312.667999 -326.365997 -0.906599998
312.667114 -326.056305 -0.961300015
312.697906 -325.920593 -1.03600001
312.744659 -325.711395 -1.07819998
312.697205 -325.200195 -1.10220003
312.723053 -325.097107 -1.05340004
312.742004 -324.945587 -1.07420003
312.65094 -324.552612 -1.11119998
312.602905 -324.232605 -0.989899993
312.789398 -324.284088 -0.740100026
312.783691 -324.21109 -0.434799999
312.752289 -324.17511 -1.21000004
312.703613 -324.064209 -1.06134999
312.684143 -324.129761 -0.894439995
312.678955 -324.043945 -0.712100029
312.733582 -324.061584 -0.469399989
312.737976 -324.085449 -0.379099995
312.717346 -323.930664 -1.10100007
312.660553 -323.874725 -0.95134002
312.6875 -323.88031 -0.554800034
312.70932 -323.688477 -1.12899995
312.775085 -323.754211 -0.933099985
312.653046 -323.687866 -0.491699994
312.601013 -323.729492 -0.338150024
312.617615 -323.319397 -1.12609994
312.606689 -323.002808 -0.429899991
312.745087 -322.637787 -1.10420001
312.625061 -322.72995 -0.714150012
312.625366 -322.742737 -0.542850018
312.754639 -322.421539 -1.09955001
312.668152 -322.04718 -1.11919999
312.698303 -321.921814 -1.11510003
312.718689 -321.039703 -1.03299999
312.675415 -320.862305 -1.12409997
312.739899 -320.34021 -1.05999994
312.963806 -339.81311 -1.45319998
312.926697 -339.64209 -1.43200004
312.987091 -338.826202 -0.0189999994
312.919006 -338.966797 1.73430002
312.967163 -338.962585 2.92624998
312.924194 -338.889435 3.09299994
312.925995 -338.783508 2.87989998
312.938416 -338.731445 3.15429997
312.953705 -338.787201 3.2105
312.958496 -338.428406 -1.4461
312.837311 -338.442902 0.0886000022
312.857788 -338.5672 0.601999998
312.833008 -338.447388 2.42980003
312.853394 -338.216705 -0.276499987
312.881958 -338.2547 -0.148400009
312.934357 -338.285309 0.0964333341
312.838898 -338.269501 0.267699987
312.857788 -338.219513 0.479099989
312.877014 -338.153625 -0.0601000041
312.851105 -338.154877 0.0570666678
312.822815 -338.0289 0.742799997
312.898895 -338.011505 2.17199993
312.813599 -337.9198 -1.47640002
312.823608 -337.886597 0.575299978
312.855011 -337.848785 1.00600004
312.8414 -337.916504 1.34430003
312.895844 -337.89505 1.67799997
312.943542 -337.975464 1.89275002
312.926331 -337.862762 2.12491655
312.881195 -337.847839 2.23740005
312.812805 -337.778595 0.583500028
312.965698 -337.694885 0.611699998
312.976288 -337.701996 0.939499974
312.911865 -337.730804 1.68694997
312.847748 -337.713684 2.10505009
312.9198 -337.741882 2.32753325
312.933685 -337.786102 2.45420003
312.983002 -337.580292 0.00650000013
312.972168 -337.521698 0.297100008
312.844788 -337.513489 0.756200016
312.995087 -337.59079 1.26830006
312.834625 -337.455811 1.52286673
312.835114 -337.475311 1.63409996
312.812592 -337.565308 2.22849989
312.831512 -337.589813 2.43889999
312.897003 -337.249115 0.746999979
312.911072 -337.272614 0.94532001
312.888458 -337.297211 1.07472503
312.901184 -337.311859 1.2881
312.893585 -337.304504 1.4780333
312.829834 -337.30661 1.68870008
312.807007 -337.187408 0.693700016
312.827301 -337.181824 0.875149965
312.891632 -337.180359 1.28014994
312.812408 -337.188812 1.46790004
312.805695 -337.173492 1.67110002
312.863495 -336.722992 -1.43830001
312.94519 -336.596008 -1.42980003
312.825409 -336.330109 -1.4461
312.964203 -335.803497 -1.40649998
312.888611 -335.707214 -1.41330004
312.855103 -335.593414 -1.40400004
312.883209 -335.305786 -1.44120002
312.959015 -334.219299 -1.38880002
312.901947 -333.9375 -1.40509999
312.952301 -333.958313 -1.37880003
312.8414 -333.39151 -1.36140001
312.820496 -333.102386 -1.40030003
312.958191 -333.123291 -1.3822
312.901489 -332.816895 -1.35169995
312.903168 -332.070312 0.973150015
312.937195 -331.420013 -1.04400003
312.971405 -329.808807 1.02180004
312.955688 -329.65979 0.935599983
312.982605 -329.747803 1.03540003
312.950592 -329.509399 1.01980007
312.877045 -329.25589 0.946133316
312.916656 -329.356201 1.03270006
312.814301 -329.118408 0.953000009
312.85498 -329.08139 1.01130009
312.903687 -328.877197 -0.992999971
312.832977 -328.900696 1.04146671
312.970795 -328.781311 -1.05299997
312.823212 -328.643311 -0.963
312.934601 -328.231201 -0.987200022
312.9133 -327.427307 -1.04999995
312.847595 -327.409088 -0.739000022
312.997192 -327.419891 -0.413199991
312.865692 -327.260498 -1.21370006
312.929108 -327.266693 -1.08609998
312.943207 -327.306885 -0.994899988
312.912415 -327.385895 -0.718200028
312.896729 -327.30777 -0.537533343
312.889343 -327.156616 -1.04929996
312.956512 -327.168243 -0.485700011
312.873596 -326.911926 -1.06360006
312.846802 -326.690796 -1.05419993
312.902161 -326.437286 -1.08829999
312.872406 -326.105591 -1.08290005
312.846954 -325.90332 -1.10173333
312.84671 -325.645813 -1.12849998
312.829895 -325.57019 -1.1487
312.817688 -325.307007 -1.10689998
312.98941 -324.861206 -1.17219996
312.905914 -324.791687 -1.14979994
312.916687 -324.274292 -1.04900002
312.801514 -324.278198 -0.884599984
312.825104 -324.237488 -0.421700001
312.881714 -324.079315 -1.15260005
312.812408 -324.16098 -0.917733312
312.848999 -324.035889 -0.523899972
312.853363 -323.930908 -1.05949998
312.821899 -323.820587 -0.975000024
312.906189 -323.753479 -1.15324998
312.92218 -323.483948 -1.1279
312.84259 -323.309998 -1.14174998
312.883301 -323.037018 -1.10883331
312.916046 -321.675049 -1.1010499
312.872498 -321.202087 -1.06770003
312.816711 -321.1875 -1.07290006
312.853302 -320.530579 -1.05980003
312.834808 -320.028503 -1.04690003
313.186096 -339.769196 0.980799973
313.107513 -339.452393 -1.43120003
313.169586 -339.562805 0.389099985
313.107697 -339.071991 -1.44630003
313.133728 -338.847717 0.0520499982
313.044708 -338.958008 0.726199985
313.077087 -338.872498 2.98830009
313.178009 -338.835114 3.27069998
313.171814 -338.750793 0.277099997
313.194 -338.760498 0.531499982
313.184143 -338.658813 2.50979996
313.039856 -338.781097 3.17369986
313.061584 -338.705872 3.31352496
313.068237 -338.459717 -1.42394996
313.115295 -338.596313 0.51789999
313.051788 -338.484711 1.51460004
313.187592 -338.580505 2.52900004
313.174591 -338.595245 2.69895005
313.125519 -338.215759 -0.0494499989
313.110291 -338.397888 1.58469999
313.081909 -338.220795 2.24819994
313.179688 -338.268097 2.66939998
313.077271 -338.134369 -1.45270002
313.1586 -338.100525 0.123400003
313.121185 -338.030212 0.244100004
313.086304 -338.153015 1.54320002
313.020508 -338.037201 1.85409999
313.115509 -338.068787 2.04940009
313.103027 -338.121979 2.55062485
313.10495 -338.087585 2.64472508
313.112396 -337.932007 -1.45020008
313.176514 -337.849701 0.166299999
313.093811 -337.889404 1.16690004
313.1875 -337.816498 1.58229995
313.01001 -337.907196 1.76259995
313.086304 -337.924286 1.93139994
313.035248 -337.933777 2.11899996
313.055786 -337.685913 -1.44130003
313.111786 -337.624512 0.104699999
313.084534 -337.67215 0.56129998
313.1008 -337.648193 0.708866656
313.153656 -337.659546 0.920000017
313.058197 -337.767487 1.0711
313.093536 -337.618286 1.4217
313.087494 -337.644287 1.68739998
313.036438 -337.753693 2.32139993
313.046814 -337.730896 2.40109992
313.039429 -337.527802 -1.46265006
313.114075 -337.494934 0.120020002
313.110199 -337.514587 0.272833347
313.040649 -337.562988 0.520500004
313.042511 -337.562195 0.642499983
313.064514 -337.530029 0.910650015
313.12149 -337.480499 1.09434998
313.193207 -337.547211 1.23930001
313.089355 -337.470459 1.44050002
313.102539 -337.440918 1.72955
313.111786 -337.500183 1.87940001
313.034698 -337.345001 0.3222
313.033112 -337.315186 0.982900023
313.060913 -337.271484 1.13707495
313.022308 -337.215515 1.273
313.143951 -337.346741 2.06745005
313.054108 -337.143494 -1.44560003
313.082062 -336.27356 -1.44130003
313.178192 -335.848907 -1.42729998
313.113007 -335.679901 -1.40620005
313.090881 -335.542664 -1.42110002
313.044586 -335.581696 -1.39849997
313.148804 -335.288788 -1.44430006
313.059326 -335.150299 -1.42250001
313.106812 -335.042908 -1.39234996
313.191498 -334.887085 -1.38349998
313.122314 -334.725098 -1.40040004
313.125366 -334.761292 -1.38
313.19931 -334.551605 -1.41079998
313.050049 -334.488037 -1.39374995
313.104492 -334.328186 -1.38689995
313.123199 -334.048309 -1.41480005
313.069794 -333.666199 -1.3829
313.069397 -333.562408 -1.42700005
313.01651 -333.481628 -1.38820004
313.105408 -333.117889 -1.37269998
313.011597 -332.904297 -1.3664
313.11261 -332.433594 -0.909600019
313.11731 -332.332489 -0.958999991
313.031189 -332.061523 0.96934998
313.172699 -330.813477 0.969900012
313.154419 -330.6633 0.97876668
313.186493 -330.740112 1.02670002
313.097748 -330.479004 0.95905
313.125183 -330.487 1.01090002
313.078033 -330.326385 0.957333326
313.086487 -330.325104 1.0388
313.037659 -330.042694 1.03289998
313.007507 -329.673492 1.02049994
313.178986 -329.041992 -0.467999995
313.148285 -328.812592 -1.24769998
313.00769 -328.993713 -1.00020003
313.134033 -328.741699 -1.09555006
313.107605 -328.630707 -0.966400027
313.106079 -328.528931 -1.21475005
313.111786 -328.492035 -1.09412003
313.080292 -328.2547 -1.09570003
313.14801 -328.183899 -1.19190001
313.01535 -327.518951 -0.878849983
313.1138 -327.438995 -0.714600027
313.178406 -327.415497 -0.527999997
313.136108 -327.335999 -1.31819999
313.113434 -327.340118 -0.929740012
313.082092 -327.315979 -0.661650002
313.05481 -327.29541 -0.525250018
313.041199 -327.109589 -1.19490004
313.085754 -326.7276 -1.13874996
313.1138 -326.589111 -1.18910003
313.119019 -325.88855 -1.15779996
313.168396 -325.489594 -1.16729999
313.174591 -325.223206 -1.17030001
313.10199 -325.114502 -1.1566999
313.108185 -324.95401 -1.13859999
313.006012 -324.600708 -1.16820002
313.12561 -324.502808 -1.13034999
313.001801 -324.362915 -1.15289998
313.09964 -323.783844 -1.11984992
313.179596 -323.307495 -1.12720001
313.194702 -322.676788 -1.10309994
313.147491 -322.540009 -1.07550001
313.11673 -322.295593 -1.08866668
313.090088 -321.698303 -1.07939994
313.169891 -321.244385 -1.03980005
313.011719 -320.923584 -1.06419992
313.004211 -320.53949 -1.07700002
313.196198 -320.257294 -1.02600002
313.371613 -339.623291 0.359299988
313.381104 -339.441711 0.0333000012
313.316406 -339.471802 0.652700007
313.322693 -339.156006 0.195199996
313.317261 -339.087769 0.250950009
313.313904 -339.138885 0.492300004
313.219055 -338.872314 -1.44659996
313.235718 -338.940948 0.338450015
313.28949 -338.814789 2.38439989
313.301544 -338.693878 -1.42069995
313.385712 -338.781708 -0.138600007
313.294922 -338.685852 0.185200006
313.302246 -338.713867 0.29003334
313.307983 -338.657623 0.475266665
313.394806 -338.690491 2.55760002
313.336914 -338.685242 2.70407987
313.33429 -338.706299 2.85599995
313.288086 -338.499878 -1.44505
313.321686 -338.535004 -0.0208000001
313.295532 -338.477661 0.0780500025
313.335693 -338.517914 0.350899994
313.337708 -338.524902 0.419499993
313.235107 -338.578094 0.671999991
313.281189 -338.47821 2.29209995
313.240692 -338.23999 -1.41919994
313.293091 -338.305481 -0.121600002
313.2258 -338.244995 0.0432000011
313.333801 -338.278412 2.53379989
313.376892 -338.178894 -1.4346
313.277008 -338.108551 0.42750001
313.272247 -338.09491 2.30063319
313.247253 -338.155914 2.54489994
313.275757 -338.107605 2.69375706
313.259857 -338.056458 2.90303349
313.37851 -337.998291 -0.00609999988
313.28302 -337.911591 0.138424993
313.304962 -337.975586 0.298999995
313.244293 -337.914215 1.80550003
313.296295 -337.852692 2.18169999
313.221313 -337.937897 2.20819998
313.265594 -337.680603 -1.477
313.247864 -337.700195 0.106033333
313.284485 -337.657684 0.236566663
313.243896 -337.749298 0.547100008
313.30838 -337.678589 0.87252003
313.395905 -337.666931 1.09669995
313.349365 -337.697815 1.22804999
313.362 -337.606995 1.46169996
313.360504 -337.611298 1.75904989
313.323822 -337.719086 1.83586669
313.335297 -337.746399 2.11105013
313.311462 -337.674103 2.29337502
313.312958 -337.653931 2.4832499
313.218079 -337.562286 0.275200009
313.329956 -337.554688 0.425449997
313.27951 -337.576935 0.723433375
313.391907 -337.514587 0.981899977
313.299286 -337.599091 1.04750001
313.282166 -337.552002 1.34085011
313.248657 -337.439941 1.44705009
313.261536 -337.558441 1.68385005
313.288757 -337.499359 1.87133336
313.272491 -337.526703 2.00289989
313.215393 -337.582001 2.45050001
313.364685 -337.321014 0.91170001
313.308044 -337.325592 1.17206669
313.274658 -337.359344 1.28492498
313.203796 -337.337006 1.95850003
313.282654 -336.688904 -1.44234991
313.348145 -336.452332 -1.42560005
313.348633 -336.302917 -1.42269993
313.256989 -336.182098 -1.43159997
313.365295 -336.001495 -1.39569998
313.303894 -335.946106 -1.43620002
313.342987 -335.580994 -1.41550004
313.205414 -335.565002 -1.39040005
313.361511 -335.327698 -1.47510004
313.302124 -335.1185 -1.41735005
313.348572 -335.092224 -1.39560008
313.357178 -334.908813 -1.40923333
313.314087 -334.652405 -1.42620003
313.230164 -334.436829 -1.37845004
313.270233 -334.324799 -1.37909997
313.32901 -334.123199 -1.37829995
313.380798 -333.613098 -1.37059999
313.281189 -333.489899 -1.38429999
313.373993 -332.955902 -1.36090004
313.293884 -332.839661 -0.633700013
313.273499 -332.790314 -0.800999999
313.284088 -332.774902 -0.495499998
313.2547 -332.561798 -0.80309999
313.376892 -332.396606 -0.869000018
313.381592 -332.006195 0.744899988
313.349915 -332.012207 0.867900014
313.386414 -331.932587 -0.32159999
313.393982 -331.926544 -0.108666666
313.395325 -331.962097 0.0912500024
313.3909 -331.95459 0.260749996
313.320587 -331.916565 0.483200014
313.393585 -331.972992 0.695299983
313.337067 -331.90036 0.902285695
313.388855 -331.901245 1.0088501
313.31839 -331.686646 0.957019985
313.276367 -331.460876 0.938850045
313.297485 -331.470886 1.01289999
313.267731 -331.308716 0.952583313
313.314911 -331.398407 1.03380001
313.222687 -331.118988 -1.00750005
313.234009 -331.103821 0.98453331
313.25589 -331.158508 1.01209998
313.208008 -330.997192 -0.990999997
313.209045 -330.920166 0.963566661
313.372375 -330.047211 -1.14286673
313.355408 -329.924194 -1.25139999
313.340698 -329.924469 -1.09656668
313.30545 -329.716797 -1.14976668
313.383514 -329.122314 -0.962400019
313.350952 -329.094391 -0.417249978
313.348724 -328.868317 -1.26201999
313.307556 -328.918854 -1.13260007
313.275391 -328.944305 -0.897300005
313.337189 -328.909241 -0.558499992
313.394409 -328.721588 -1.03530002
313.396912 -328.737213 -0.775900006
313.279938 -328.34201 -1.245
313.205902 -328.085693 -0.559800029
313.341797 -327.938202 -1.12720001
313.262939 -327.93457 -0.868749976
313.303619 -327.855896 -0.535633326
313.322906 -327.693542 -1.09925008
313.280792 -327.632812 -0.989300013
313.271301 -327.636292 -0.675700009
313.289978 -327.7211 -0.505200028
313.381195 -327.600494 -0.381399989
313.338501 -327.505066 -1.07934999
313.334106 -327.486755 -0.938899994
313.28244 -327.512177 -0.761399984
313.251923 -327.509888 -0.52639997
313.311157 -327.522034 -0.351999998
313.265656 -327.318878 -1.10815001
313.217651 -327.354706 -0.847800016
313.32309 -327.290344 -0.698700011
313.345215 -327.341888 -0.344500005
313.386414 -327.000397 -1.21930003
313.278931 -326.97406 -1.22189999
313.294495 -326.616394 -1.19420004
313.269104 -326.459412 -1.19019997
313.221588 -326.391113 -1.18840003
313.290405 -326.018188 -1.17330003
313.347229 -325.937073 -1.18155003
313.223511 -325.539001 -1.15699995
313.317627 -324.733154 -1.15614998
313.288391 -324.192108 -1.11580002
313.361511 -323.897858 -1.11319995
313.302887 -323.710052 -1.12160003
313.302887 -323.052094 -1.09829998
313.374115 -322.973114 -1.06219995
313.354004 -322.649292 -1.08539999
313.24649 -322.58374 -1.08115005
313.206512 -322.338287 -1.10839999
313.22937 -321.872925 -1.08545005
313.26651 -321.209595 -0.986100018
313.343201 -320.935699 -1.05719995
313.263489 -320.186615 -1.03639996
313.489807 -339.5979 -1.42349994
313.593506 -339.501495 -0.0456000008
313.520874 -339.463104 0.0580499992
313.536652 -339.459961 0.249600008
313.437408 -339.292511 -1.42270005
313.496185 -339.3862 0.113399997
313.591888 -339.361786 0.213200003
313.599487 -339.154785 -0.226799995
313.456085 -339.095093 0.198400006
313.427704 -339.1539 0.235799998
313.49411 -338.843201 -0.2051
313.519867 -338.872681 -0.0401000008
313.444397 -338.893494 0.0953999981
313.51059 -338.879608 1.32770002
313.596405 -338.87439 2.94749999
313.563751 -338.850555 3.13433337
313.407593 -338.747894 -0.296099991
313.457581 -338.749268 0.0504000001
313.528503 -338.75061 0.475899994
313.483032 -338.651733 2.44250011
313.425964 -338.652039 2.69435
313.530579 -338.695557 2.94300008
313.593292 -338.694794 3.05320001
313.555817 -338.74942 3.29593325
313.43689 -338.5979 0.0183000006
313.436218 -338.465027 0.423949987
313.558197 -338.467499 2.58229995
313.567841 -338.493164 2.66114998
313.46225 -338.489258 2.8585
313.440247 -338.334167 0.456266671
313.478394 -338.308807 1.35290003
313.420685 -338.231812 1.45299995
313.450073 -338.361084 2.85045004
313.569397 -338.015198 -1.42840004
313.523499 -338.010193 0.176300004
313.567169 -338.076385 0.317019999
313.511688 -338.004303 1.30569994
313.544006 -338.082306 2.16190004
313.505676 -337.90799 0.0740500018
313.479767 -337.901489 0.27759999
313.528198 -337.849701 0.461199999
313.421295 -337.878113 1.33000004
313.47702 -337.839447 1.9497
313.519409 -337.860962 2.08080006
313.405212 -337.8396 2.20379996
313.4263 -337.679901 0.2403
313.467529 -337.628845 0.524320006
313.458099 -337.606415 0.762799978
313.45401 -337.693604 0.923500001
313.52359 -337.707001 1.12635005
313.531189 -337.76651 1.20350003
313.510101 -337.661194 1.59230006
313.579712 -337.625397 1.63380003
313.509003 -337.713135 1.95076668
313.433197 -337.774506 2.11590004
313.483063 -337.53894 0.344399989
313.499725 -337.514435 0.503000021
313.528442 -337.535767 0.746200025
313.432587 -337.555908 0.961499989
313.5672 -337.459595 1.33179998
313.491028 -337.476868 1.55816662
313.497375 -337.48761 1.73327994
313.504913 -337.596497 1.83350003
313.527893 -337.31781 -1.42750001
313.512146 -337.261292 0.964400053
313.539093 -337.314911 1.07210004
313.415588 -337.325012 1.37380004
313.594299 -337.025696 -1.41910005
313.522003 -337.11264 0.908866644
313.497192 -336.871521 -1.41680002
313.511292 -336.531982 -1.42550004
313.418793 -336.303101 -1.42569995
313.570587 -336.195587 -1.39020002
313.564209 -335.667999 -1.38010001
313.454102 -335.29599 -1.40269995
313.448608 -335.0784 -1.35220003
313.553101 -334.862396 -1.37720001
313.496002 -334.694946 -1.38839996
313.577606 -334.501099 -1.37680006
313.553406 -334.292511 -1.37739992
313.457092 -333.814911 -1.39540005
313.557892 -333.648804 -1.3484
313.558197 -333.449036 -1.36785007
313.452942 -333.257538 -1.36766672
313.406097 -333.082703 -1.30840003
313.502441 -332.734497 -1.33535004
313.47879 -332.683838 -0.886099994
313.480286 -332.669495 -0.548349977
313.497925 -332.560974 -0.722149968
313.481201 -332.472198 -0.510399997
313.583008 -332.210297 -0.499500006
313.443512 -332.051514 -0.651899993
313.422913 -332.016815 0.40169999
313.410614 -332.034607 0.677100003
313.412994 -332.036987 0.826200008
313.539001 -331.934998 -0.699100018
313.410278 -331.944031 -0.314133346
313.408813 -331.930511 -0.134399995
313.440796 -331.970001 0.0992000028
313.416992 -331.925964 0.297399998
313.419128 -331.957794 0.496950001
313.417847 -331.977905 0.703799963
313.470795 -331.230286 -0.787999988
313.548401 -331.039795 -1.0359
313.4711 -330.125 -1.29299998
313.415161 -330.187317 -1.12945008
313.550507 -330.111115 -0.813600004
313.569214 -330.145386 -0.588999987
313.485199 -329.826172 -1.25510001
313.589111 -329.811798 -0.739600003
313.558502 -329.534302 -1.26769996
313.588013 -329.490906 -1.09679997
313.583496 -329.454987 -0.963100016
313.583008 -329.449799 -0.68264997
313.584412 -329.269287 -1.14359999
313.5961 -329.098602 -1.00119996
313.433289 -329.062103 -0.904200017
313.482147 -329.074097 -0.672166646
313.478638 -329.093018 -0.534025013
313.52829 -328.886841 -1.24230003
313.472382 -328.91748 -1.12177503
313.462463 -328.953003 -0.892199993
313.468048 -328.924316 -0.780499995
313.416107 -328.968689 -0.596199989
313.549194 -328.734802 -1.29589999
313.491486 -328.375793 -1.21850002
313.455994 -328.003296 -0.930999994
313.494385 -327.933289 -0.908100009
313.492188 -327.70459 -0.88865
313.478516 -327.694489 -0.644450009
313.472992 -327.703979 -0.510725021
313.457397 -327.543396 -1.10710001
313.401703 -327.594513 -0.88319999
313.566467 -327.444336 -0.646299958
313.444397 -327.537933 -0.502266645
313.481598 -327.500397 -0.332800001
313.467316 -327.350769 -0.934749961
313.439545 -327.350769 -0.747249961
313.51889 -327.097687 -1.20410001
313.492859 -326.51413 -1.17799997
313.405701 -325.774994 -1.16289997
313.566406 -324.980194 -1.12650001
313.585602 -324.636902 -1.12479997
313.574341 -324.517609 -1.1243999
313.451385 -324.113708 -1.11189997
313.528198 -323.96521 -1.11310005
313.481506 -323.7789 -1.09459996
313.530396 -323.531189 -1.10259998
313.462097 -323.235413 -1.06519997
313.532196 -322.819092 -1.08309996
313.443146 -322.647766 -1.10459995
313.531799 -322.599701 -1.10090005
313.402405 -322.344604 -1.08270001
313.569 -322.156708 -1.08770001
313.52417 -321.95874 -1.06824994
313.547363 -321.668396 -1.06384993
313.472504 -321.467896 -1.05340004
313.469666 -321.136597 -1.05044997
313.562805 -320.981812 -1.04439998
313.503235 -320.639252 -1.03674996
313.615387 -339.609589 -0.242699996
313.763214 -339.618286 0.196199998
313.703491 -339.650787 0.206400007
313.663666 -339.470001 -0.0605999976
313.69989 -339.426453 0.104999997
313.744385 -339.447601 0.239999995
313.619904 -339.229095 -1.4131
313.758911 -339.298798 -0.025799999
313.765503 -339.198608 -0.126399994
313.6698 -339.047699 3.24510002
313.713013 -338.886108 -0.778699994
313.725861 -338.847931 -0.445299983
313.721863 -338.838562 -0.353625
313.684601 -338.969116 -0.177549988
313.616333 -338.928162 0.0839333385
313.638062 -338.876587 0.337149978
313.624207 -338.93631 2.94330001
313.669495 -338.816162 3.09115005
313.687958 -338.87323 3.29069996
313.626495 -338.761414 -0.258700013
313.710663 -338.692902 0.516640007
313.737 -338.650085 2.55320001
313.787506 -338.619812 2.7420001
313.694885 -338.625702 2.82719994
313.761139 -338.689941 3.12817502
313.660004 -338.655792 3.24510002
313.749603 -338.593414 0.553900003
313.668335 -338.554749 2.70365
313.701294 -338.527496 2.99559999
313.726013 -338.488556 3.11845016
313.668121 -338.496521 3.28094006
313.642609 -338.226288 0.475699991
313.748688 -338.247406 2.14700007
313.725403 -338.371399 2.49519992
313.727814 -338.28949 2.64599991
313.701691 -338.399109 3.28730011
313.637604 -338.119995 -1.39680004
313.669312 -338.067413 1.16550004
313.654785 -338.116699 1.24080002
313.609314 -338.058594 1.9691
313.699951 -337.940643 -1.42737997
313.601288 -337.928314 0.0784000009
313.748291 -337.935089 0.285400003
313.630798 -337.851898 1.18099999
313.732697 -337.801697 1.33179998
313.763306 -337.941589 1.99129999
313.663605 -337.837006 2.14219999
313.604004 -337.620789 0.342999995
313.745605 -337.736694 1.33599997
313.733398 -337.606201 1.50279999
313.67981 -337.6008 1.9957
313.668182 -337.738831 2.08729982
313.61499 -337.719208 2.47729993
313.769714 -337.497986 -1.45899999
313.715485 -337.531738 0.500999987
313.713928 -337.495392 0.696433365
313.721436 -337.502502 0.8653
313.744873 -337.468506 1.10879993
313.749084 -337.447205 1.32200003
313.723633 -337.499146 1.45453334
313.654572 -337.503906 1.69994998
313.703857 -337.480164 1.85946667
313.672424 -337.454254 2.04830003
313.710114 -337.383698 -1.43210006
313.73291 -337.326813 0.889100015
313.724335 -337.344727 1.09380007
313.688538 -337.326111 1.50785005
313.746796 -337.312592 2.08694983
313.648193 -337.199493 -1.45000005
313.607208 -337.191498 0.935100019
313.633392 -337.156006 1.01049995
313.717346 -337.071747 1.30885005
313.677551 -337.129486 1.46833336
313.706909 -336.741302 -1.44959998
313.762512 -336.605591 -1.39300001
313.776794 -336.303314 -1.398
313.775909 -335.87439 -1.40970004
313.651794 -335.404388 -1.39900005
313.6745 -335.371307 -1.41579998
313.752197 -335.23291 -1.39119995
313.726593 -335.077393 -1.38004994
313.720734 -334.906647 -1.37670004
313.684601 -334.665802 -1.38679993
313.672638 -334.465454 -1.36790001
313.757507 -334.224091 -1.40919995
313.70993 -334.328674 -1.36704993
313.705505 -334.144714 -1.36039996
313.731506 -333.697632 -1.36919999
313.748993 -333.229187 -1.35790002
313.676788 -333.101105 -1.39629996
313.616699 -332.845001 -1.37510002
313.619202 -332.822113 -0.74879998
313.631195 -332.621887 -1.32270002
313.791687 -332.687195 -1.18640006
313.75528 -332.66925 -0.695433319
313.733063 -332.496155 -1.26853335
313.700562 -332.458618 -1.08906674
313.753082 -332.550507 -0.660933316
313.698151 -332.334534 -1.27810001
313.777313 -332.365295 -0.612999976
313.670898 -332.381409 -0.57130003
313.689026 -332.163513 -0.47755
313.731689 -331.60611 -0.6426
313.621399 -331.439392 -1.27569997
313.662781 -331.441742 -1.08837497
313.7164 -331.452026 -0.739449978
313.635651 -331.247162 -1.30124998
313.632904 -331.387695 -1.12295008
313.781799 -331.342194 -0.747099996
313.637207 -330.95639 -1.04120004
313.718292 -330.823608 -0.6778
313.736847 -330.832581 -0.559650004
313.743103 -330.713196 -1.03750002
313.786804 -330.672089 -0.798399985
313.744904 -330.521301 -0.519066691
313.726501 -330.255188 -1.06029999
313.683014 -330.227814 -0.987100005
313.721069 -330.277222 -0.706550002
313.775848 -330.127136 -1.27974999
313.69635 -330.124756 -1.08498335
313.737213 -330.182892 -0.951799989
313.680298 -330.116913 -0.689599991
313.73111 -330.120026 -0.522575021
313.678009 -329.942413 -1.3082
313.600891 -329.926758 -0.729550004
313.601898 -329.962006 -0.574400008
313.632507 -329.612091 -1.25339997
313.620209 -329.706604 -0.994899988
313.757507 -329.449585 -1.33050001
313.676788 -329.404297 -1.02950001
313.681946 -329.423218 -0.485300004
313.764465 -329.305786 -0.842149973
313.637878 -329.21225 -0.647499979
313.697144 -329.278076 -0.483949989
313.624786 -329.110809 -1.17900002
313.673859 -329.111298 -0.929849982
313.657288 -329.027313 -0.736599982
313.697144 -328.863342 -0.890749991
313.687714 -328.762695 -0.925199986
313.765198 -328.273712 -1.21599996
313.758392 -327.922791 -1.21749997
313.718201 -327.520691 -1.21586668
313.671021 -327.306091 -1.22640002
313.644653 -326.101288 -1.16285002
313.767395 -325.475586 -1.13689995
313.716919 -324.899475 -1.13370001
313.743988 -323.927795 -1.11769998
313.747559 -323.706146 -1.09095001
313.650787 -323.434387 -1.09650004
313.679291 -323.124512 -1.08829999
313.736938 -322.559387 -1.08220005
313.677307 -322.245514 -1.05379999
313.740692 -321.670624 -1.06426668
313.699707 -321.07782 -1.05289996
313.669006 -320.815796 -1.02849996
313.794006 -320.60321 -1.03890002
313.842285 -339.475281 0.0714333355
313.973907 -339.454498 0.231199995
313.914398 -339.292542 -0.110333331
313.889038 -339.328491 0.10565
313.911987 -339.380707 2.99110007
313.953308 -339.012024 -1.29079998
313.993195 -339.122589 -0.747099996
313.82309 -339.011292 -0.399500012
313.852692 -339.163605 -0.0872000009
313.941498 -339.07489 0.345499992
313.803589 -339.066803 0.902199984
313.832031 -339.026733 3.33745003
313.912964 -338.926941 -1.32934999
313.945984 -338.977112 -1.05130005
313.932983 -338.936188 -0.911433339
313.915924 -338.939362 -0.736150026
313.865417 -338.951965 -0.511725008
313.875305 -338.948608 -0.289299995
313.843323 -338.880432 3.14412498
313.809906 -338.840607 3.23909998
313.848206 -338.621704 2.70090008
313.972687 -338.464691 0.540000021
313.944519 -338.539185 2.57889986
313.87149 -338.494385 2.75640011
313.962097 -338.372192 -1.38730001
313.945831 -338.341644 1.14806664
313.967712 -338.357697 1.20190001
313.902191 -338.226501 2.43540001
313.86731 -338.042297 -1.35529995
313.830811 -338.085114 0.684899986
313.964386 -338.195007 1.14390004
313.998291 -338.058197 2.34319997
313.898865 -337.953003 -1.44190001
313.883453 -337.876495 1.47169995
313.852905 -337.991608 1.93490005
313.901947 -337.849854 2.1645999
313.887207 -337.604889 0.436800003
313.891785 -337.638367 1.33244991
313.941345 -337.738342 1.50075006
313.937988 -337.626099 1.77890003
313.84552 -337.661438 2.02514982
313.989655 -337.50061 0.317566663
313.896423 -337.512054 0.474766672
313.938904 -337.52829 0.630999982
313.821289 -337.582001 0.908900023
313.981506 -337.563812 1.1961
313.925903 -337.504211 1.31208575
313.924011 -337.517914 1.51719999
313.829468 -337.461548 1.70860004
313.897888 -337.504547 1.87448335
313.919006 -337.309509 -1.44780004
313.92749 -337.249908 0.49149999
313.833649 -337.327393 1.06445003
313.894714 -337.319061 1.33738577
313.936768 -337.343018 1.4971
313.853638 -337.348907 2.06570005
313.864685 -337.117584 1.17883337
313.873169 -337.120605 1.28740001
313.897797 -337.083099 1.51049995
313.845551 -336.720886 -1.41549993
313.936005 -336.710907 -1.39900005
313.839203 -336.230011 -1.37660003
313.971893 -336.156708 -1.41410005
313.9216 -336.012512 -1.38010001
313.889587 -335.858704 -1.39619994
313.94339 -335.767212 -1.36769998
313.922913 -335.496277 -1.3684001
313.814301 -335.230408 -1.36960006
313.888611 -335.045197 -1.37150002
313.932312 -334.869171 -1.36353338
313.947174 -334.720612 -1.37443328
313.891449 -334.257111 -1.37950003
313.855896 -333.906311 -1.34070003
313.851196 -333.610199 -1.37759995
313.949799 -333.460388 -1.38409996
313.921997 -333.372498 -1.34909999
313.865387 -332.748749 -1.31856668
313.866943 -332.739197 -0.740750015
313.835999 -332.601898 -0.545000017
313.81485 -332.496796 -1.26123333
313.873596 -332.422913 -0.743900001
313.820068 -332.271454 -1.05844998
313.879791 -332.314514 -0.678833365
313.893799 -332.1987 -0.655799985
313.995697 -331.989288 -1.10399997
313.928894 -331.865997 -0.947899997
313.901337 -331.970398 -0.687333345
313.961151 -331.70636 -0.928600013
313.938568 -331.720154 -0.706120014
313.93631 -331.668304 -0.452699989
313.897003 -331.46051 -1.23769999
313.919922 -331.479675 -1.08077502
313.936493 -331.586304 -0.906199992
313.89563 -331.545746 -0.744949996
313.862091 -331.497314 -0.537100017
313.979401 -331.357788 -1.29050004
313.80191 -331.375702 -0.808799982
313.915649 -331.312561 -0.54549998
313.934387 -331.029114 -1.18299997
313.825409 -330.827515 -1.06560004
313.937897 -330.828491 -0.701300025
313.913208 -330.9823 -0.541899979
313.855103 -330.672485 -1.21650004
313.842896 -330.754211 -0.871900022
313.939484 -330.679962 -0.706633329
313.960907 -330.655029 -0.579100013
313.945312 -330.597809 -1.27849996
313.879852 -330.540039 -1.16299999
313.89856 -330.476715 -0.699100018
313.937469 -330.481201 -0.487399995
313.900208 -330.335297 -1.20490003
313.918945 -330.218384 -1.08469999
313.937317 -330.301758 -0.934300005
313.919525 -330.263519 -0.73269999
313.910828 -330.307953 -0.528800011
313.829712 -330.143646 -1.22574997
313.816986 -330.191193 -1.07669997
313.908722 -330.111176 -0.693974972
313.884857 -330.154999 -0.546900034
313.995789 -330.089905 -0.381500006
313.895905 -329.999512 -0.788299978
313.931396 -329.544617 -1.27250004
313.979095 -329.458191 -0.564599991
313.808685 -329.264496 -1.10979998
313.800598 -329.341797 -0.518700004
313.842102 -329.011597 -1.24779999
313.899597 -329.029694 -0.726300001
313.916443 -328.954895 -1.22294998
313.958313 -328.594513 -1.21759999
313.822815 -328.268311 -1.23679996
313.89325 -327.539154 -1.20755005
313.901611 -326.680603 -1.16390002
313.904114 -326.552307 -1.20290005
313.954803 -326.007202 -1.15369999
313.812897 -325.864899 -1.15630007
313.900513 -325.754608 -1.15869999
313.870514 -325.5578 -1.14349997
313.815796 -325.229095 -1.13960004
313.981506 -325.063812 -1.15390003
313.909912 -323.92099 -1.09360003
313.949799 -323.714813 -1.09449995
313.967102 -323.555908 -1.0898
313.8573 -323.351746 -1.09165001
313.805206 -322.910004 -1.04890001
313.815369 -322.793274 -1.07924998
313.914612 -322.462891 -1.0596
313.985413 -322.371704 -1.04910004
313.810211 -322.162903 -1.06239998
313.865295 -321.571899 -1.02330005
313.842499 -321.118103 -1.04200006
313.94751 -320.682709 -1.00699997
313.964478 -320.476593 -1.02289999
313.895813 -320.288361 -1.01964998
313.909698 -320.05658 -1.01746666
314.056488 -339.480896 -0.0120999999
314.020813 -339.228607 -0.310799986
314.010712 -339.239807 -0.00340000005
314.170166 -339.268066 0.165849999
314.174103 -339.372314 0.287400007
314.103943 -339.057678 -1.27688003
314.110565 -339.04071 -1.08174002
314.091309 -339.101898 -0.928600013
314.160889 -339.117004 -0.790499985
314.137604 -339.14032 -0.482975006
314.049103 -338.961609 -1.39380002
314.01651 -338.990387 -0.936600029
314.008698 -338.951599 -0.745100021
314.141998 -338.625488 2.81159997
314.068726 -338.444794 0.574550033
314.133911 -338.466003 2.7033
314.039215 -338.398499 0.523800015
314.140594 -338.34314 0.725399971
314.136841 -338.219757 2.57360005
314.179443 -338.273315 2.74020004
314.149597 -338.016205 -1.28269994
314.170288 -338.140594 1.77709997
314.119873 -338.124298 1.8872
314.12851 -338.164001 2.56649995
314.075897 -337.911987 -1.42130005
314.063202 -337.995514 -1.39269996
314.191895 -337.837189 0.354400009
314.098236 -337.828278 0.459100008
314.077301 -337.89679 0.643000007
314.156799 -337.836304 1.90559995
314.132385 -337.835297 2.03399992
314.173492 -337.857605 2.30640006
314.185516 -337.918701 2.50279999
314.070404 -337.779297 0.547800004
314.095795 -337.642303 0.615400016
314.117249 -337.691315 1.27393329
314.057922 -337.658844 1.51524997
314.167786 -337.609009 1.70220006
314.106018 -337.704865 1.8721
314.125702 -337.658478 2.06422496
314.181702 -337.743835 2.29879999
314.077698 -337.461914 0.340200007
314.140259 -337.46698 0.546849966
314.102631 -337.426575 0.633966684
314.11615 -337.531372 0.947633326
314.120972 -337.524078 1.10019994
314.122375 -337.545319 1.46635997
314.108032 -337.548187 1.6789
314.096466 -337.570312 1.91732502
314.075806 -337.528412 2.10039997
314.106598 -337.360596 -1.41100001
314.123779 -337.251434 0.465650022
314.124847 -337.288452 0.703400016
314.105408 -337.268738 0.890200019
314.002991 -337.181793 -1.40699995
314.163208 -337.151306 0.37470001
314.124634 -337.09256 0.485280007
314.153107 -337.178192 0.675100029
314.074097 -337.180908 0.92750001
314.07431 -337.137085 1.01479995
314.125427 -337.149841 1.49915004
314.118011 -336.972595 1.53120005
314.011688 -336.692413 -1.40320003
314.189514 -336.774689 -1.38540006
314.015686 -336.574005 -1.38979995
314.126099 -336.320496 -1.403
314.003906 -336.01001 -1.40709996
314.065704 -335.758423 -1.39369988
314.136108 -334.9245 -1.36539996
314.083374 -334.694611 -1.36393332
314.12381 -334.342529 -1.35885
314.196014 -333.875305 -1.32169998
314.118591 -333.660614 -1.35420001
314.083099 -333.560791 -1.3714
314.189301 -333.208893 -1.35259998
314.072296 -333.156677 -1.35420001
314.111542 -332.488464 -1.35835004
314.185699 -332.307404 -0.862900019
314.017487 -332.013885 -0.811100006
314.152802 -331.927979 -1.22605002
314.078674 -331.892639 -1.03649998
314.135742 -331.936646 -0.962800026
314.153381 -331.902435 -0.684099972
314.112061 -331.878082 -0.554440022
314.110199 -331.70697 -1.31815004
314.110077 -331.694458 -1.14754999
314.048706 -331.740479 -0.87379998
314.05542 -331.720673 -0.690474987
314.019989 -331.715393 -0.453700006
314.069489 -331.546051 -1.25275004
314.115082 -331.512634 -1.05382001
314.104248 -331.496826 -0.983049989
314.067078 -331.521759 -0.686066687
314.198608 -331.354492 -1.28330004
314.031097 -331.394714 -1.06589997
314.015015 -331.378113 -0.971800029
314.101807 -331.336914 -0.686200023
314.121887 -331.151093 -1.33539999
314.174805 -331.004486 -0.973200023
314.140717 -330.834991 -0.84983331
314.003387 -330.841003 -0.692099988
314.062805 -330.625 -0.640600026
314.05481 -330.536591 -1.26489997
314.083496 -330.478912 -1.03830004
314.106201 -330.500397 -0.674600005
314.005402 -330.008514 -1.3096
314.013 -330.118195 -0.814800024
314.037415 -330.122192 -0.654699981
314.06485 -329.945679 -1.25674999
314.095886 -329.737488 -1.22549999
314.048553 -329.465851 -1.25220001
314.042358 -329.365112 -1.25825
314.080505 -328.463104 -1.22409999
314.094238 -328.230194 -1.21340001
314.015198 -328.037292 -1.23650002
314.147003 -327.625305 -1.19060004
314.084167 -327.549347 -1.18989992
314.123993 -327.071594 -1.1961
314.10321 -326.832397 -1.14859998
314.080292 -326.772186 -1.14979994
314.059143 -326.557434 -1.14380002
314.055603 -325.559052 -1.13995004
314.098999 -325.131561 -1.11835003
314.152313 -324.727203 -1.09889996
314.113159 -324.451813 -1.10536671
314.185303 -324.019196 -1.10029995
314.175903 -323.822296 -1.097
314.140106 -322.987701 -1.06350005
314.066101 -322.798096 -1.06949997
314.132812 -322.102356 -1.05285001
314.075287 -321.853088 -1.04279995
314.153687 -321.646698 -1.04585004
314.072601 -321.433014 -1.04705
314.09491 -321.107117 -1.03734994
314.096405 -320.864594 -1.02349997
314.015503 -320.273987 -1.00469995
314.281494 -339.264099 -0.313499987
314.238708 -339.111115 -1.16349995
314.235901 -339.087708 -0.995000005
314.250122 -339.101532 -0.455349982
314.311279 -339.078522 -0.336775005
314.263885 -339.022095 -0.182899997
314.290192 -339.099731 0.0937999934
314.2341 -339.184814 0.319700003
314.325287 -338.978912 -0.207300007
314.36795 -338.93219 -0.0706499964
314.376587 -338.843414 2.84890008
314.373596 -338.770111 -0.0242999997
314.378113 -338.760315 2.93169999
314.297211 -338.415985 0.810100019
314.285278 -338.251953 0.915433347
314.201508 -338.20871 2.49970007
314.207611 -338.227509 2.6637001
314.265106 -338.093414 -1.40769994
314.345886 -338.097107 0.524299979
314.352905 -338.179504 0.784399986
314.209198 -338.130798 1.82490003
314.313354 -338.134247 2.51270008
314.256622 -337.905609 -1.42816663
314.316956 -337.920715 -1.38863337
314.242889 -337.8927 0.361999989
314.228302 -337.925995 2.33349991
314.372131 -337.66449 -1.42219996
314.3349 -337.67749 0.269499987
314.337433 -337.671112 0.473625004
314.318146 -337.708679 0.868499994
314.322815 -337.620087 1.29859996
314.295166 -337.666138 1.51292503
314.285431 -337.66156 1.75479996
314.301086 -337.65448 1.9027667
314.275848 -337.694458 2.09184003
314.289978 -337.685577 2.32665706
314.304108 -337.717804 2.48180008
314.279297 -337.543304 -1.4267
314.379791 -337.512695 0.590499997
314.293335 -337.482544 0.713840008
314.289368 -337.461151 0.907299995
314.333984 -337.513123 1.06344998
314.308594 -337.536621 1.29025006
314.298767 -337.510498 1.50635993
314.311523 -337.522766 1.71653998
314.261871 -337.522156 1.85430002
314.28714 -337.536316 2.47403336
314.333008 -337.364899 0.56279999
314.265503 -337.288513 0.708266675
314.204834 -337.331696 0.901749969
314.325592 -337.290588 1.19649994
314.3927 -337.2052 1.34309995
314.317657 -337.253296 1.51742005
314.274902 -337.364502 1.73409998
314.281708 -337.029907 -1.38399994
314.251099 -337.124023 0.36255002
314.25296 -337.144897 0.489374995
314.223907 -337.179108 0.615499973
314.31604 -337.096283 1.52167499
314.322693 -336.802887 -1.38699996
314.247406 -336.559601 -1.41330004
314.261414 -336.469788 -1.37769997
314.290527 -335.847778 -1.36520004
314.279541 -335.742126 -1.37407506
314.231598 -335.445801 -1.35979998
314.350494 -335.31311 -1.36269999
314.278687 -335.08197 -1.36625004
314.299377 -334.882599 -1.35599995
314.317505 -334.752808 -1.38384998
314.268494 -334.540894 -1.36213338
314.22583 -334.245056 -1.36284995
314.205688 -334.13089 -1.35409999
314.221313 -333.650696 -1.35329998
314.279907 -333.427185 -1.38440001
314.295441 -332.880798 -1.35689998
314.271698 -332.731506 -1.34560001
314.310364 -332.532593 -1.33735001
314.244385 -332.269196 -0.792500019
314.383911 -332.108887 -1.33870006
314.224915 -332.116058 -0.839424968
314.202393 -332.064087 -0.778400004
314.365204 -331.947113 -1.31529999
314.237091 -331.850708 -0.871800005
314.278809 -331.873108 -0.723899961
314.274689 -331.893707 -0.575200021
314.22641 -331.679199 -1.22979999
314.252106 -331.686707 -0.66930002
314.218109 -331.740601 -0.54369998
314.232422 -331.465057 -1.04995
314.262299 -331.032288 -1.26890004
314.276001 -331.107697 -1.14279997
314.297394 -330.922211 -1.15980005
314.287903 -330.514587 -1.26849997
314.240295 -330.311188 -1.25950003
314.299194 -330.084503 -1.24759996
314.2724 -329.954315 -1.25213337
314.33609 -329.399902 -1.24899995
314.311401 -329.158386 -1.2493
314.348816 -328.457275 -1.20235002
314.360596 -328.150208 -1.18600011
314.349792 -327.879089 -1.16419995
314.279297 -327.655609 -1.17879999
314.311462 -327.497131 -1.17575002
314.25769 -327.308411 -1.19790006
314.332031 -326.288879 -1.14170003
314.241699 -326.087097 -1.12590003
314.272614 -325.894989 -1.13660002
314.208191 -325.450592 -1.15579998
314.216797 -325.062286 -1.11039996
314.33551 -324.849396 -1.10510004
314.304688 -324.200806 -1.09539998
314.371704 -323.483307 -1.06620002
314.224396 -323.095398 -1.0898
314.296387 -322.901184 -1.06009996
314.348694 -322.687958 -1.06056666
314.246002 -322.466431 -1.05404997
314.31189 -322.06485 -1.04780006
314.347351 -321.309875 -1.02590001
314.298004 -320.695068 -1.01859999
314.313965 -320.473816 -1.01100004
314.49231 -339.495209 -1.39289999
314.557007 -339.289307 -1.41460001
314.456207 -339.190491 -1.34800005
314.419586 -339.047485 -0.261000007
314.420013 -339.003815 -0.00579999993
314.454498 -339.016296 0.111000001
314.528687 -338.880951 -0.0830666646
314.565094 -338.711487 -0.0914999992
314.482391 -338.743591 0.0505000018
314.559906 -338.611908 0.944899976
314.499695 -338.643707 2.70009995
314.443787 -338.627991 2.84599996
314.487915 -338.512909 -1.37650001
314.591492 -338.446686 0.643400013
314.487823 -338.517609 0.912633359
314.504791 -338.5401 1.32920003
314.531738 -338.52243 2.87280011
314.415985 -338.202087 0.221300006
314.473938 -338.30957 0.699266672
314.456787 -338.283691 0.83805716
314.548187 -338.239594 2.56890011
314.491791 -338.283203 2.64969993
314.460693 -338.196106 -1.37709999
314.513367 -338.016693 0.361100018
314.56781 -338.052887 0.497799993
314.545197 -338.13501 0.723233342
314.545288 -338.131287 0.869199991
314.49585 -338.015259 2.19013333
314.514984 -338.116272 2.33751988
314.466461 -338.087524 2.49458003
314.472046 -337.902924 -1.36723328
314.523376 -337.996185 0.068400003
314.561249 -337.923096 0.319000006
314.564392 -337.965515 0.462049991
314.493896 -337.844086 0.91079998
314.52179 -337.833588 1.46803331
314.521729 -337.898071 1.67346668
314.533173 -337.885468 2.09316659
314.533997 -337.883179 2.24699998
314.533997 -337.725952 0.447149992
314.513733 -337.648987 0.704874992
314.476105 -337.747894 0.847800016
314.420105 -337.616821 1.26890004
314.471893 -337.633148 1.51215005
314.476318 -337.686127 1.687675
314.490448 -337.645935 1.91372001
314.495178 -337.746765 2.05746675
314.410706 -337.781586 2.37240005
314.400513 -337.605499 2.41939998
314.524902 -337.587006 -1.40460002
314.434021 -337.5672 0.478049994
314.479675 -337.50766 0.703155577
314.466675 -337.523773 0.894580007
314.526886 -337.499817 1.08348
314.548004 -337.537537 1.47589993
314.504395 -337.479614 1.69394994
314.463196 -337.565002 1.89559996
314.564789 -337.309692 -1.40020001
314.465088 -337.288696 -1.38450003
314.513519 -337.311371 1.3451333
314.429626 -337.350464 1.45420003
314.55249 -337.024597 -1.40240002
314.543701 -336.947693 -1.39530003
314.532288 -336.758392 -1.39989996
314.439209 -336.251312 -1.37800002
314.464386 -336.171906 -1.39300001
314.519745 -335.909241 -1.38085008
314.414398 -335.590607 -1.37679994
314.590607 -335.365814 -1.36210001
314.474701 -334.912048 -1.35115004
314.494629 -334.68335 -1.36704993
314.575592 -334.250397 -1.33819997
314.533295 -334.069153 -1.35699999
314.576111 -333.656067 -1.33669996
314.544586 -333.471893 -1.34070003
314.523102 -333.325653 -1.3424499
314.493164 -333.076202 -1.33064997
314.441162 -332.899506 -1.33590007
314.420288 -332.5867 -1.41600001
314.497498 -332.562103 -1.33739996
314.463715 -332.364014 -1.33589995
314.422607 -331.936615 -1.26300001
314.516907 -331.735291 -1.29789996
314.464386 -331.404114 -1.27450001
314.449097 -331.293488 -1.2845
314.484711 -330.68811 -1.27570009
314.531097 -329.546112 -1.23570001
314.55069 -329.374115 -1.21560001
314.486298 -328.869812 -1.2335
314.474915 -328.607208 -1.18809998
314.490814 -328.335693 -1.22399998
314.510712 -327.040588 -1.16750002
314.492645 -326.678955 -1.13249993
314.46106 -326.487915 -1.15320003
314.523254 -326.33255 -1.14300001
314.427612 -326.136108 -1.13039994
314.403687 -325.939911 -1.14989996
314.417511 -325.676697 -1.13150001
314.473114 -325.367615 -1.10819995
314.591705 -325.106293 -1.1056
314.468353 -324.894836 -1.11144996
314.419891 -324.728699 -1.12520003
314.478088 -324.419159 -1.09724998
314.515259 -324.375122 -1.09124994
314.508911 -323.911438 -1.08525002
314.461212 -323.746185 -1.07609999
314.451202 -323.5047 -1.07799995
314.405914 -323.326599 -1.06949997
314.55896 -322.516418 -1.05830002
314.473602 -322.278107 -1.05569994
314.541687 -322.176514 -1.04250002
314.534546 -321.770142 -1.03129995
314.570801 -321.513214 -1.0302
314.545471 -321.24118 -1.0224334
314.537659 -321.054871 -1.01905
314.460114 -320.809509 -1.00250006
314.473602 -320.736603 -1.00740004
314.504089 -320.519531 -1.00964999
314.63269 -339.326996 1.14900005
314.72937 -338.878143 -0.0816999972
314.659698 -338.881561 0.127749994
314.629913 -338.810303 0.224299997
314.772308 -338.777405 0.121799998
314.700317 -338.682953 0.724650025
314.702911 -338.678986 0.842999995
314.664398 -338.415009 -1.4188
314.60791 -338.593292 0.870899975
314.754791 -338.439606 2.57179999
314.719696 -338.275085 -1.2895
314.686737 -338.350861 0.69113332
314.654114 -338.387085 1.21370006
314.769409 -338.303162 2.34144998
314.677429 -338.336182 2.5007
314.768402 -338.339203 2.75609994
314.797699 -338.021393 0.159500003
314.685303 -338.101044 0.488728553
314.66571 -338.089813 0.7148
314.751709 -338.047699 1.73440003
314.736389 -338.05661 1.99460006
314.698425 -338.108246 2.17210007
314.709198 -338.120941 2.34240007
314.747345 -337.953705 0.0678000003
314.706787 -337.983337 0.286466658
314.629852 -337.950104 0.522599995
314.725891 -337.934998 0.616299987
314.662903 -337.830597 1.45910001
314.695129 -337.805115 1.6803
314.668274 -337.93988 2.14004993
314.604401 -337.741211 -1.39339995
314.652191 -337.635437 0.897199988
314.667206 -337.770905 1.07959998
314.638489 -337.658386 1.31529999
314.683105 -337.661591 1.52170002
314.618103 -337.781189 2.06389999
314.785309 -337.770294 2.27169991
314.64859 -337.45636 0.69295001
314.70517 -337.443695 1.2572
314.734192 -337.58609 1.51279998
314.775696 -337.499512 1.65129995
314.785706 -337.594299 2.06170011
314.699402 -337.364197 1.0582
314.754395 -337.32959 1.31149995
314.612701 -337.343414 1.47169995
314.756897 -337.239105 1.77590001
314.799591 -337.290497 1.83229995
314.703186 -337.091309 -1.38829994
314.651001 -336.961914 -1.39380002
314.632996 -336.684509 -1.36800003
314.661438 -336.447449 -1.36094999
314.689911 -336.301208 -1.32270002
314.736755 -336.095947 -1.35084999
314.67691 -335.954895 -1.34070003
314.783386 -335.649414 -1.34590006
314.735352 -335.503479 -1.35354996
314.727203 -335.278412 -1.34210002
314.702881 -335.079224 -1.35536671
314.718933 -334.903687 -1.34537995
314.738983 -334.672913 -1.33667505
314.703857 -334.54187 -1.34154999
314.663086 -334.269562 -1.33813334
314.77179 -334.038605 -1.30480003
314.667114 -333.897766 -1.32025003
314.711304 -333.742188 -1.33420002
314.684631 -332.937836 -1.34485006
314.766113 -332.242798 -1.30340004
314.610901 -331.868713 -1.28400004
314.645203 -331.774292 -1.29610002
314.601715 -331.053314 -1.30190003
314.761902 -330.676788 -1.25419998
314.734406 -330.582794 -1.25
314.716431 -330.324799 -1.25244999
314.696594 -329.934204 -1.23459995
314.750885 -328.752289 -1.18270004
314.608398 -328.405304 -1.17739999
314.767609 -328.045685 -1.17579997
314.727692 -327.764587 -1.17610002
314.646912 -327.440887 -1.16270006
314.730499 -327.217896 -1.14135003
314.725403 -327.104156 -1.15295005
314.796997 -326.765808 -1.12670004
314.702698 -326.566315 -1.14540005
314.787811 -326.090607 -1.1164
314.725311 -325.990997 -1.10759997
314.779205 -325.67691 -1.11759996
314.746399 -325.512085 -1.10109997
314.739014 -325.352386 -1.10160005
314.658844 -324.938782 -1.09584999
314.643494 -324.785309 -1.10669994
314.75531 -324.365906 -1.07079995
314.68399 -324.150391 -1.10169995
314.693787 -323.977295 -1.07140005
314.682098 -323.178009 -1.08159995
314.737701 -322.923889 -1.04530001
314.704712 -322.702606 -1.06659997
314.686523 -322.3255 -1.03799999
314.694 -322.100891 -1.02250004
314.778412 -321.998199 -1.03840005
314.634613 -321.719879 -1.0199666
314.756805 -320.554901 -1.01020002
314.75177 -320.312653 -0.990849972
314.71051 -320.105835 -0.986150026
314.968201 -339.77179 -1.37750006
314.879913 -339.143707 0.145099998
314.952454 -338.885864 -0.0141000003
314.869751 -338.833313 0.108400002
314.94989 -338.855988 0.691100001
314.91629 -338.71701 -1.37510002
314.911835 -338.764374 -0.0779500008
314.943115 -338.738403 0.0603
314.853088 -338.504089 0.61680001
314.886902 -338.497101 1.54980004
314.881653 -338.509796 2.50947499
314.815033 -338.555298 2.68136668
314.974213 -338.320709 1.10029995
314.905334 -338.306519 2.32210016
314.878601 -338.04361 -0.159999996
314.925964 -338.09201 0.319050014
314.880829 -338.143707 0.480800003
314.916321 -337.846985 -1.3355999
314.928253 -337.94455 -0.0859000012
314.845093 -337.912842 0.0735333338
314.833038 -337.887207 0.260900021
314.844299 -337.871338 1.7845
314.967377 -337.899231 1.87709999
314.925751 -337.859344 2.09969997
314.940308 -337.928314 2.43860006
314.929749 -337.758942 -1.36629999
314.831207 -337.779297 1.01530004
314.908386 -337.619598 1.79809999
314.895203 -337.740997 1.89602506
314.990295 -337.505493 -1.38039994
314.939362 -337.526672 0.734466672
314.916412 -337.402496 1.20500004
314.849915 -337.491516 1.51684999
314.957703 -337.547028 1.87083328
314.916016 -337.546143 2.10010004
314.880798 -337.270111 -1.40120006
314.927094 -337.372894 -1.39470005
314.850311 -337.385315 0.947700024
314.938477 -337.274872 1.13750005
314.933411 -337.32486 1.32451427
314.931396 -337.281891 1.44190001
314.844513 -337.25354 1.89203334
314.89093 -337.143066 -1.38073337
314.972107 -337.139404 0.921000004
314.937408 -337.167664 1.02076662
314.936401 -337.091064 1.72313333
314.941589 -336.984741 -1.38466668
314.854431 -336.473572 -1.37103331
314.925812 -336.370514 -1.34959996
314.978394 -336.015106 -1.36360002
314.902466 -335.709595 -1.3513
314.865906 -335.530823 -1.35109997
314.861206 -335.207489 -1.33589995
314.8591 -335.12381 -1.34679997
314.816406 -334.832397 -1.33700001
314.873169 -334.693695 -1.33913338
314.918213 -334.494202 -1.33490002
314.896484 -334.368652 -1.32590008
314.850098 -334.179596 -1.34259999
314.90451 -333.878754 -1.33640003
314.928406 -333.519531 -1.30034995
314.927094 -333.056 -1.34420002
314.953003 -332.984192 -1.34630001
314.959503 -332.770142 -1.30219996
314.875458 -332.509583 -1.31079996
314.914581 -331.93161 -1.28987503
314.918518 -331.720886 -1.27480006
314.911652 -331.48349 -1.2655499
314.832306 -331.208893 -1.26520002
314.911713 -331.175507 -1.28629994
314.920013 -330.212006 -1.24049997
314.935089 -329.19519 -1.21990001
314.969086 -329.006195 -1.17330003
314.95929 -328.712891 -1.20420003
314.942688 -328.716064 -1.19169998
314.822998 -328.440399 -1.19869995
314.878754 -328.067871 -1.17309999
314.934448 -327.737549 -1.16534996
314.8591 -327.351898 -1.14890003
314.893311 -327.188385 -1.13890004
314.960388 -326.691589 -1.12329996
314.885895 -326.438995 -1.11150002
314.856873 -326.302673 -1.1338501
314.867188 -325.940613 -1.12090003
314.879395 -325.70697 -1.10886669
314.879852 -325.23526 -1.09259999
314.990509 -325.198608 -1.08840001
314.82901 -324.688995 -1.06760001
314.825287 -324.424988 -1.08870006
314.853394 -324.074799 -1.07159996
314.891998 -323.956299 -1.09290004
314.959412 -323.532715 -1.05813336
314.857788 -323.314697 -1.07299995
314.874908 -322.886108 -1.038975
314.863708 -322.648895 -1.04594994
314.913208 -322.339111 -1.04460001
314.850098 -321.695496 -1.01839995
314.924194 -321.44455 -1.02454996
314.895203 -321.173798 -1.00829995
314.941986 -321.119995 -1
314.835114 -320.843506 -0.987299979
314.908936 -320.626587 -0.994300008
314.948395 -320.575714 -1.00320005
314.838043 -320.528809 -0.979349971
314.804199 -320.127106 -0.986000001
315.025238 -338.881714 -0.115150005
315.018097 -338.778992 -1.36319995
315.008301 -338.76181 0.0220999997
315.136108 -338.641296 0.967499971
315.140594 -338.62381 1.03719997
315.189545 -338.4841 0.556249976
315.188812 -338.489197 0.873399973
315.135742 -338.482513 2.72755003
315.164886 -338.423798 2.86380005
315.109314 -338.238495 0.211099997
315.147369 -338.275848 0.450016648
315.174011 -338.324402 2.68840003
315.000885 -338.015015 -0.140200004
315.036316 -338.051453 0.181099996
315.003235 -338.097748 0.300150007
315.045593 -338.114197 0.4375
315.104889 -338.037689 0.609700024
315.194794 -338.103485 2.44770002
315.09079 -337.90271 0.356700003
315.147949 -337.888153 0.487666667
315.109406 -337.902405 0.88440001
315.173706 -337.832794 1.19319999
315.105591 -337.990601 1.33749998
315.180695 -337.863312 1.47909999
315.07309 -337.822113 1.7227
315.083557 -337.855957 2.06303334
315.029388 -337.983887 2.28180003
315.144714 -337.761658 -1.33205009
315.108307 -337.718597 0.599600017
315.173889 -337.632599 0.68870002
315.146118 -337.613525 0.896000028
315.144043 -337.637695 1.09995008
315.077698 -337.72641 1.64769995
315.069672 -337.742645 1.85963333
315.079529 -337.732788 2.10473752
315.058289 -337.726715 2.28629994
315.159393 -337.642609 2.48629999
315.122101 -337.539886 0.576099992
315.132629 -337.511353 0.763999999
315.098267 -337.506653 0.831666648
315.052399 -337.516052 1.06225002
315.159607 -337.548615 1.33050001
315.03125 -337.451782 1.65649998
315.042786 -337.539307 1.86580002
315.12204 -337.55127 2.36241674
315.097412 -337.204712 -1.40419996
315.146973 -337.287994 0.856166661
315.096558 -337.278381 1.09025002
315.071594 -337.281616 1.34706664
315.110474 -337.349548 1.44784999
315.062408 -337.391388 1.65919995
315.187805 -337.063385 -1.35769999
315.060516 -337.191895 0.976500034
315.006592 -337.187897 1.05040002
315.135406 -337.098969 1.55054998
315.089111 -337.063904 1.64209998
315.179901 -336.976196 -1.35119998
315.068054 -336.582947 -1.36934996
315.106598 -335.867493 -1.32730007
315.128204 -335.668213 -1.32931995
315.07959 -335.498199 -1.31799996
315.131805 -335.302887 -1.3247
315.047729 -335.192383 -1.34404993
315.154755 -334.9216 -1.32484996
315.109131 -334.677094 -1.31634998
315.084106 -334.511139 -1.31279993
315.120056 -334.233795 -1.31906664
315.112701 -333.773651 -1.31699991
315.09201 -333.599609 -1.33879995
315.045929 -333.110046 -1.31163335
315.170898 -332.912506 -1.31640005
315.110107 -331.890594 -1.27030003
315.12384 -331.717896 -1.28114998
315.031891 -330.612915 -1.2277
315.055786 -330.282898 -1.20700002
315.061768 -329.73114 -1.22749996
315.12561 -329.649109 -1.19860005
315.09375 -329.512756 -1.22009993
315.077881 -329.340881 -1.18799996
315.171692 -329.185486 -1.17970002
315.082611 -328.838287 -1.19009995
315.111389 -328.223999 -1.20940006
315.07959 -328.381104 -1.1796
315.141907 -327.800598 -1.14310002
315.1651 -327.649506 -1.15425003
315.040405 -327.441498 -1.15699995
315.119446 -327.322601 -1.14660001
315.148346 -327.09082 -1.13380003
315.069702 -326.689941 -1.13
315.017212 -326.551208 -1.12035
315.130707 -326.047394 -1.10140002
315.169891 -325.622406 -1.08850002
315.1745 -325.235809 -1.0948
315.193359 -324.926605 -1.08209991
315.136566 -324.616516 -1.07146668
315.1716 -324.521393 -1.05990005
315.081207 -324.25766 -1.07229996
315.070801 -324.192291 -1.06550002
315.049103 -323.884094 -1.06270003
315.090698 -323.642303 -1.06270003
315.074585 -323.488586 -1.0713501
315.016693 -323.332703 -1.04939997
315.177795 -323.156891 -1.04649997
315.154114 -322.712189 -1.03299999
315.02359 -322.489197 -1.02849996
315.171112 -322.263092 -1.01419997
315.182739 -322.048096 -1.02275002
315.121094 -321.967285 -1.01709998
315.184204 -321.760895 -1.02339995
315.145386 -321.299713 -1.0194
315.009796 -320.720398 -0.981599987
315.122681 -320.110352 -0.980849981
315.367493 -339.993896 -1.35319996
315.285889 -339.290588 1.08360004
315.318787 -338.814606 -1.26730001
315.302399 -338.457489 -1.45420003
315.254944 -338.417236 0.565750003
315.279114 -338.502899 0.970200002
315.205688 -338.287109 0.310299993
315.240967 -338.303284 0.503966689
315.375244 -338.313965 0.691774964
315.389801 -338.228088 2.30739999
315.355499 -338.222198 2.48569989
315.265808 -338.278687 2.89989996
315.292114 -338.069214 -1.40349996
315.365997 -338.049805 -0.0057000001
315.323181 -338.121307 0.100220002
315.291168 -338.135925 0.312599987
315.341431 -338.067902 0.526449978
315.351227 -338.095642 0.689433336
315.344604 -338.163513 1.26145005
315.296692 -338.036804 2.16260004
315.276489 -338.00589 2.31360006
315.250061 -338.079498 2.46340013
315.358887 -338.105652 2.66805005
315.388092 -337.842804 -1.34329998
315.38559 -337.926605 0.218899995
315.286957 -337.91864 0.535139978
315.255951 -337.884155 0.666700006
315.355835 -337.861267 0.879899979
315.232208 -337.874573 1.35313332
315.384003 -337.84729 1.65359998
315.319397 -337.923248 1.88575006
315.208801 -337.885101 2.16529989
315.217987 -337.877991 2.51780009
315.263184 -337.911957 2.70305014
315.226715 -337.720612 -1.36380005
315.330872 -337.722351 0.707750022
315.385193 -337.785492 0.920799971
315.305115 -337.713348 1.31145
315.233002 -337.739288 1.70140004
315.216003 -337.783691 1.81470001
315.200806 -337.763794 2.20580006
315.255737 -337.493286 0.939199984
315.366913 -337.51709 1.12520003
315.334106 -337.426453 1.36514997
315.389191 -337.514801 1.4598
315.256897 -337.580292 1.71459997
315.299713 -337.242004 0.99879998
315.361603 -337.364197 1.01160002
315.212463 -337.358398 1.2931
315.222107 -337.142792 -1.36670005
315.354492 -336.868805 -1.35000002
315.301605 -336.656097 -1.33850002
315.263397 -336.575897 -1.34870005
315.26709 -336.302094 -1.33029997
315.297089 -336.150391 -1.3448
315.221191 -335.871399 -1.36650002
315.299408 -335.760101 -1.32819998
315.284119 -335.518005 -1.33924997
315.265839 -335.277618 -1.32472491
315.3284 -335.061584 -1.32075
315.291504 -334.866577 -1.31599998
315.269958 -334.721069 -1.31684995
315.284088 -334.48291 -1.35669994
315.245087 -334.253754 -1.31760001
315.303528 -333.643982 -1.31069994
315.269714 -333.402405 -1.30130005
315.328308 -333.037109 -1.28649998
315.362091 -332.56189 -1.27590001
315.334351 -331.930145 -1.26355004
315.228607 -331.641907 -1.26209998
315.3302 -331.313995 -1.23510003
315.311768 -330.922974 -1.24217498
315.218414 -330.6474 -1.24059999
315.298584 -330.26239 -1.21464992
315.327515 -330.033295 -1.20669997
315.242188 -329.968903 -1.19659996
315.394409 -329.515594 -1.23239994
315.372894 -328.847198 -1.18900001
315.390991 -328.636597 -1.15680003
315.245911 -328.480743 -1.16495001
315.342651 -328.266205 -1.16199994
315.338013 -327.509888 -1.15009999
315.242401 -326.993591 -1.12450004
315.313202 -326.388885 -1.0984
315.364563 -325.890869 -1.09714997
315.335571 -325.442383 -1.09015
315.231842 -325.277527 -1.07749999
315.369598 -325.049194 -1.08860004
315.220703 -324.850494 -1.08749998
315.200195 -324.006195 -1.08200002
315.348938 -323.876953 -1.0553
315.379608 -323.700806 -1.06519997
315.32489 -323.461243 -1.04594994
315.338806 -323.240173 -1.04295003
315.391388 -323.188904 -1.05009997
315.397186 -322.957794 -1.05309999
315.264404 -322.494385 -1.02773333
315.201294 -322.316315 -1.02950001
315.219788 -322.180389 -1.0316
315.321106 -321.932709 -1.01400006
315.241211 -321.669586 -1.01359999
315.251312 -321.395813 -0.996699989
315.382294 -320.684387 -0.983500004
315.362488 -320.423187 -0.970399976
315.381012 -320.288086 -0.975899994
315.493896 -339.955811 -1.43449998
315.50531 -339.799713 -1.34280002
315.478699 -339.441315 -1.3448
315.47229 -339.353394 -1.33539999
315.549713 -339.164093 -1.33449996
315.410797 -339.062805 0.922299981
315.503906 -338.831085 2.69160008
315.509308 -338.673096 -1.32850003
315.56601 -338.718414 2.4842999
315.424011 -338.259491 0.488900006
315.51593 -338.238831 0.616333365
315.595398 -338.223206 1.8829
315.538696 -338.255096 2.74060011
315.490112 -338.065308 -0.051099997
315.489929 -338.054871 0.0381333344
315.453247 -338.085632 0.261749983
315.532776 -338.155334 0.481833339
315.473633 -338.125 0.702425003
315.574005 -338.012512 0.826399982
315.440887 -338.033203 2.31830001
315.508087 -337.916779 -1.34183335
315.57431 -337.881012 0.162499994
315.426208 -337.81131 0.62529999
315.512695 -337.917114 0.816500008
315.531403 -337.803314 1.31739998
315.570312 -337.811401 1.51259995
315.563812 -337.889404 2.32410002
315.422394 -337.682312 -1.30809999
315.463593 -337.711212 0.639800012
315.565094 -337.685913 0.92990005
315.539398 -337.638947 1.04030001
315.53302 -337.665771 1.30634999
315.4758 -337.774414 1.54100001
315.499054 -337.683868 1.86837137
315.544586 -337.713593 2.02489996
315.434814 -337.434387 -1.38339996
315.494843 -337.571442 0.738425016
315.529419 -337.476929 0.825224996
315.557709 -337.543945 1.07566667
315.533295 -337.412994 1.25010002
315.576111 -337.4646 1.79530001
315.555756 -337.55722 1.9059
315.547913 -337.440186 2.17059994
315.50235 -337.374817 0.859600008
315.594788 -337.381409 1.15100002
315.495117 -337.26001 1.31252003
315.516785 -337.29718 1.47259998
315.583801 -337.275787 1.60599995
315.552612 -337.389099 1.92900002
315.596497 -337.233704 2.02060008
315.580811 -337.195496 1.77390003
315.590698 -337.07486 1.95015001
315.52533 -336.873718 -1.35574996
315.411011 -336.656799 -1.352
315.559998 -336.291595 -1.33870006
315.594177 -335.892151 -1.34369993
315.536499 -335.618591 -1.33469999
315.551514 -335.467987 -1.33220005
315.447632 -335.245178 -1.31850004
315.569305 -335.197906 -1.31379998
315.528595 -334.670807 -1.34150004
315.526611 -334.095703 -1.29359996
315.417999 -333.89621 -1.30990005
315.543396 -333.778412 -1.2938
315.570435 -333.51181 -1.29980004
315.50293 -333.086914 -1.28909993
315.482605 -332.9039 -1.28119993
315.505371 -332.665009 -1.27680004
315.489319 -332.499756 -1.27710009
315.478607 -332.292114 -1.26670003
315.431488 -331.232513 -1.23160005
315.466095 -331.041046 -1.22653329
315.42099 -330.910889 -1.22689998
315.41391 -330.674988 -1.21430004
315.562103 -330.419312 -1.20519996
315.458588 -330.096588 -1.25259995
315.577209 -329.67569 -1.20249999
315.41449 -329.724609 -1.18690002
315.51181 -329.273987 -1.17096663
315.403015 -329.039398 -1.19799995
315.516907 -328.933594 -1.16939998
315.597595 -328.696991 -1.15219998
315.4263 -328.436707 -1.17260003
315.549988 -327.981201 -1.13810003
315.519745 -327.13385 -1.11699998
315.588501 -326.716095 -1.09070003
315.461487 -326.497101 -1.09969997
315.430756 -326.260406 -1.11073339
315.524811 -326.091858 -1.09720004
315.446991 -325.980713 -1.08800006
315.442902 -325.366089 -1.08369994
315.546021 -324.684143 -1.06729996
315.458496 -324.442596 -1.07079995
315.55658 -324.311554 -1.05209994
315.520264 -324.120758 -1.05524993
315.496399 -323.919708 -1.05129993
315.508514 -323.733307 -1.03999996
315.424988 -323.572906 -1.04009998
315.479797 -323.263489 -1.02859998
315.498413 -323.106598 -1.04054999
315.459015 -322.925812 -1.02760005
315.40451 -322.152008 -1.02569997
315.52829 -321.652191 -1.01919997
315.559814 -321.051605 -0.996299982
315.566559 -320.894989 -0.988299966
315.571899 -320.774811 -0.983799994
315.521729 -320.484589 -0.968800008
315.490692 -320.164886 -0.964999974
315.755798 -339.747711 -1.33389997
315.609192 -339.552612 -1.33829999
315.698364 -339.317749 -1.33964992
315.731201 -338.919312 -1.33393335
315.666412 -338.82489 2.80570006
315.781006 -338.717102 -1.3319
315.777802 -338.77179 2.2895
315.754333 -338.687317 2.7342999
315.614014 -338.453705 -1.33870006
315.72229 -338.51059 1.83220005
315.752991 -338.558685 2.19980001
315.7966 -338.227509 0.398200005
315.643097 -338.229126 0.56615001
315.696014 -338.280792 0.699699998
315.651489 -338.32431 0.851400018
315.677338 -338.216797 1.89830005
315.716309 -338.091003 -0.143000007
315.672699 -338.030396 0.152899995
315.716309 -338.118408 0.329339981
315.676544 -338.093109 1.89807498
315.631805 -338.024109 2.16549993
315.691711 -337.888 -1.31559992
315.720398 -337.940887 0.471500009
315.728088 -337.841919 0.888149977
315.72345 -337.816406 1.08730006
315.640259 -337.847229 1.24189997
315.703888 -337.812286 1.64300001
315.693817 -337.867035 1.94524002
315.651794 -337.820892 2.07179999
315.722473 -337.905731 2.27023339
315.786987 -337.706696 -1.42139995
315.732697 -337.657227 -1.29974997
315.744354 -337.659546 0.0854000002
315.679901 -337.605499 0.201499999
315.764008 -337.685699 0.783200026
315.719147 -337.740631 0.889940023
315.688538 -337.734253 1.07875001
315.69278 -337.716797 1.23307502
315.759399 -337.733582 1.45270002
315.678589 -337.786987 1.69194996
315.68988 -337.707306 1.93990004
315.709595 -337.709198 2.12275004
315.644409 -337.723511 2.31049991
315.755005 -337.516083 -0.128800005
315.743713 -337.575562 0.0476499982
315.777588 -337.437408 0.57980001
315.701691 -337.540039 0.689899981
315.658203 -337.474915 0.910566688
315.677124 -337.549835 1.05656672
315.621704 -337.480316 1.69834995
315.611389 -337.457489 1.81910002
315.645294 -337.423187 2.0690999
315.755157 -337.329254 1.06130004
315.660248 -337.230164 1.31964004
315.756592 -337.313232 1.51765001
315.68689 -337.371948 1.67509997
315.763214 -337.163208 1.34089994
315.680298 -337.197388 1.43019998
315.636322 -337.166809 1.85046661
315.638885 -336.72229 -1.33399999
315.700562 -336.422699 -1.33249998
315.752258 -336.246033 -1.30605006
315.682312 -336.107147 -1.31042504
315.741608 -335.875397 -1.31340003
315.727295 -335.677551 -1.30645001
315.740143 -335.465698 -1.30317497
315.716339 -335.297211 -1.31153333
315.702728 -335.160065 -1.29826665
315.731506 -334.823151 -1.29745007
315.739227 -334.714355 -1.29804003
315.677887 -334.495789 -1.30365002
315.752014 -334.335297 -1.28750002
315.679749 -334.111847 -1.30332005
315.625092 -333.904907 -1.29100001
315.621582 -333.701233 -1.28900003
315.6604 -333.557709 -1.30369997
315.798096 -333.247009 -1.24660003
315.613708 -332.73941 -1.29820001
315.648102 -332.281494 -1.25929999
315.752686 -331.92511 -1.25320005
315.686615 -331.590698 -1.23319995
315.772705 -331.266388 -1.22819996
315.610413 -331.099487 -1.22300005
315.630676 -330.70813 -1.23134995
315.749207 -330.5448 -1.19819999
315.661621 -330.316345 -1.20230007
315.729584 -330.112976 -1.18996668
315.729431 -329.855499 -1.17205
315.795502 -329.623901 -1.17620003
315.667908 -328.928497 -1.16120005
315.713257 -328.276123 -1.15584993
315.715302 -327.932587 -1.14209998
315.721008 -327.64679 -1.13129997
315.696594 -327.319702 -1.12160003
315.681061 -327.064301 -1.12703335
315.639893 -326.732788 -1.10304999
315.687012 -326.344299 -1.09420002
315.764771 -325.684875 -1.0716666
315.74527 -325.305023 -1.06833339
315.639679 -325.071014 -1.06174004
315.723907 -324.706207 -1.03709996
315.636108 -324.328003 -1.06099999
315.651123 -324.13385 -1.05515003
315.657288 -323.644989 -1.03750002
315.769897 -323.437103 -1.02830005
315.700806 -323.362305 -1.03209996
315.792297 -322.608398 -1.01269996
315.723694 -322.403595 -1.02289999
315.691406 -322.101807 -1.00179994
315.760803 -321.900635 -1.00773335
315.719482 -321.73996 -1.00359988
315.639099 -321.737305 -0.984000027
315.722961 -321.521301 -1.00460005
315.708496 -321.49469 -0.99940002
315.65387 -321.272217 -0.994850039
315.657013 -321.154388 -0.992399991
315.795288 -320.122711 -0.944400012
315.949341 -339.980225 -1.29680002
315.865417 -339.708954 -1.33229995
315.960388 -339.341614 -1.3326
315.817413 -339.188507 -1.34389997
315.902771 -338.951935 -1.32493329
315.985413 -338.919708 1.89820004
315.933533 -338.656433 -1.32505
315.983002 -338.680786 2.51629996
315.960602 -338.420898 1.8326
315.976501 -338.594696 2.40860009
315.931213 -338.320404 0.595399976
315.869385 -338.299469 0.648500025
315.967194 -338.205505 1.51960003
315.954712 -338.313995 1.76470006
315.878418 -338.363342 1.91366005
315.899231 -338.314056 2.04509997
315.859497 -338.102386 0.393400013
315.923218 -338.166077 0.523400009
315.806213 -338.037811 2.09559989
315.828705 -338.142212 2.2033999
315.868164 -337.94873 0.35345
315.943115 -337.861572 0.458649993
315.856079 -337.871918 0.937966645
315.949585 -337.822113 1.11539996
315.90625 -337.884827 1.29990005
315.983612 -337.825104 1.62469995
315.915649 -337.863922 2.27410007
315.842255 -337.930756 2.50899982
315.820801 -337.671112 -1.4375
315.84201 -337.684204 -1.1882
315.950287 -337.640198 -0.0306000002
315.949341 -337.651917 0.14683333
315.854614 -337.643494 0.202299997
315.910706 -337.627289 0.779999971
315.82489 -337.758514 0.924000025
315.873932 -337.750275 1.50802004
315.863098 -337.708893 1.64020002
315.892578 -337.475861 -0.251450002
315.90097 -337.491425 -0.0861124992
315.933716 -337.540375 0.115133338
315.968903 -337.501129 0.262566656
315.980042 -337.570435 0.685449958
315.970123 -337.532043 0.894400001
315.841187 -337.328613 0.914300025
315.978699 -337.261597 1.01810002
315.914185 -337.261353 1.33969998
315.906189 -337.218689 1.45550001
315.997711 -337.138 0.975899994
315.925568 -337.102966 1.1209166
315.929535 -337.172943 1.29115713
315.984314 -336.440308 -1.32920003
315.955048 -336.302795 -1.33493328
315.850861 -335.905945 -1.30443335
315.835602 -335.631287 -1.30789995
315.934998 -335.475708 -1.296
315.895599 -335.117249 -1.29487503
315.855835 -334.881256 -1.33470011
315.853088 -334.67691 -1.29470003
315.890564 -334.54599 -1.28290009
315.860107 -334.322449 -1.28049994
315.812988 -333.992493 -1.28260005
315.924347 -333.674133 -1.27460003
315.852173 -333.498749 -1.27725005
315.910461 -333.216095 -1.28269994
315.996613 -332.670898 -1.24600005
315.839294 -332.587006 -1.27069998
315.906403 -332.239624 -1.24779999
315.864105 -332.188202 -1.25520003
315.90979 -331.917786 -1.22230005
315.880798 -331.694092 -1.23144996
315.911133 -331.348694 -1.23325002
315.940002 -330.920288 -1.2155
315.903198 -330.694214 -1.18219995
315.998688 -330.558502 -1.19019997
315.913757 -330.319031 -1.17743337
315.993896 -329.706299 -1.17379999
315.928589 -329.419708 -1.16190004
315.849213 -329.208099 -1.11800003
315.93512 -329.040558 -1.16109991
315.963898 -328.859009 -1.12240005
315.93335 -328.664703 -1.15109992
315.917908 -328.460999 -1.12179995
315.926819 -328.346313 -1.15219998
315.870667 -327.878479 -1.12150002
315.842834 -327.347809 -1.11385
315.913513 -326.785095 -1.08710003
315.926941 -326.508911 -1.08535004
315.850006 -326.103577 -1.08649993
315.871979 -325.922394 -1.08336663
315.864197 -325.541809 -1.0625
315.840515 -325.36319 -1.07000005
315.873199 -324.877502 -1.05270004
315.972412 -324.395386 -1.04540002
315.9823 -324.105804 -1.03410006
315.864807 -323.845306 -1.03139997
315.931946 -323.682556 -1.0402
315.948364 -323.496033 -1.03629994
315.906677 -323.121429 -1.02859998
315.90155 -322.890625 -1.01475
315.922852 -322.697083 -1.01784992
315.866425 -322.506653 -1.01250005
315.900208 -322.235687 -1.01979995
315.961487 -321.558197 -0.970000029
315.950684 -320.656067 -0.965600014
315.86319 -320.5401 -0.994099975
315.907806 -320.303253 -0.960433304
315.825653 -320.104065 -0.954200029
316.019287 -339.904785 -1.32570004
316.136902 -339.689819 -1.33490002
316.102997 -339.530487 -1.34029996
316.100311 -338.677185 -0.0315000005
316.074188 -338.633392 2.44679999
316.093811 -338.402588 -1.31710005
316.020508 -338.563202 -0.190699995
316.01181 -338.483612 0.894299984
316.080627 -338.455139 2.26383328
316.13031 -338.320801 2.25329995
316.163208 -338.054871 1.09060001
316.020294 -338.1539 1.54929996
316.085602 -338.189087 1.80089998
316.1987 -337.887299 -1.3003
316.082886 -337.853607 0.512820005
316.082855 -337.814514 0.996600032
316.113708 -337.894104 1.07840002
316.020203 -337.841705 1.35469997
316.026093 -337.849609 2.46289992
316.089996 -337.6297 -1.45809996
316.137543 -337.74942 -1.28546667
316.029114 -337.648285 0.150600001
316.04422 -337.711761 0.302919984
316.147186 -337.700989 0.710200012
316.095795 -337.64859 0.886619985
316.006012 -337.7547 1.41960001
316.073914 -337.522705 -1.44589996
316.147522 -337.517639 -1.29079998
316.058502 -337.466217 -0.100000001
316.099121 -337.526001 0.058699999
316.077576 -337.49469 0.301400006
316.164886 -337.570587 0.43599999
316.102448 -337.48819 0.681679964
316.101624 -337.484283 1.07775712
316.08609 -337.447845 1.25600004
316.172211 -337.318298 0.181600004
316.077698 -337.33313 0.768949986
316.104706 -337.283264 0.89367497
316.134155 -337.309875 1.11545002
316.061371 -337.260193 1.28936005
316.101349 -337.283295 1.51250005
316.102905 -337.100403 -1.33679998
316.027893 -337.1138 0.865700006
316.022003 -337.152313 1.01846671
316.114502 -337.163788 1.46220005
316.153198 -335.850006 -1.29610002
316.10437 -335.711395 -1.28896666
316.114075 -335.490662 -1.27610004
316.135803 -335.364899 -1.28970003
316.152466 -334.677612 -1.2888
316.07666 -334.522705 -1.30605006
316.188812 -334.280609 -1.29120004
316.1539 -334.149292 -1.268525
316.188049 -333.956482 -1.28574991
316.146088 -333.723907 -1.26670003
316.088257 -333.471375 -1.26679993
316.102112 -333.383789 -1.26689994
316.080383 -333.088104 -1.25440001
316.048309 -332.834412 -1.24010003
316.19339 -332.636597 -1.24310005
316.196594 -332.432709 -1.23870003
316.113403 -332.149597 -1.21990001
316.153595 -330.854614 -1.1868
316.106995 -330.572296 -1.18359995
316.17691 -330.02359 -1.16840005
316.182098 -329.857208 -1.14639997
316.097748 -329.483551 -1.14802504
316.105896 -329.311401 -1.16489995
316.023499 -329.1604 -1.14690006
316.125092 -328.757202 -1.16190004
316.15509 -328.27771 -1.12890005
316.082611 -328.1026 -1.12530005
316.162628 -327.685486 -1.11443329
316.07782 -327.425476 -1.09514999
316.131775 -327.214355 -1.09940004
316.112244 -327.071442 -1.09774995
316.062012 -326.831116 -1.10245001
316.004211 -326.641998 -1.08879995
316.136108 -326.549103 -1.09070003
316.021515 -326.3685 -1.08089995
316.060303 -325.813202 -1.06819999
316.067902 -325.463104 -1.03530002
316.076691 -325.1409 -1.0517
316.117065 -324.839905 -1.03655005
316.09021 -324.512695 -1.03680003
316.102356 -324.319794 -1.0483501
316.143311 -324.184296 -1.02349997
316.004395 -323.830688 -1.051
316.023987 -323.729614 -1.0299499
316.121552 -323.439758 -1.02165008
316.016693 -323.340393 -1.02789998
316.052368 -322.995667 -1.01989996
316.180511 -322.07489 -1.00100005
316.101013 -321.892609 -1.00680006
316.144958 -321.453308 -0.984549999
316.085327 -321.241608 -0.982933342
316.104645 -321.117981 -0.968299985
316.318054 -339.715393 -1.32389998
316.2854 -339.505798 -1.32149994
316.33725 -338.869568 -1.29524994
316.295166 -338.708984 -1.31362498
316.375092 -338.60379 0.273999989
316.311829 -338.437531 -1.28980005
316.318237 -338.545715 0.12105
316.381195 -338.422394 2.2887001
316.269775 -338.441711 2.52699995
316.355652 -338.338257 -1.32095003
316.375793 -338.380066 2.11884999
316.350006 -338.123291 1.82140005
316.354889 -337.939087 0.895099998
316.366699 -337.99881 1.08229995
316.318756 -337.655945 -1.31645
316.396912 -337.66629 0.177399993
316.212708 -337.64801 0.495800018
316.29483 -337.624268 0.719900012
316.364594 -337.658203 0.802299976
316.223694 -337.716888 1.06550002
316.294403 -337.510437 -1.32254004
316.333618 -337.463531 -0.244100004
316.291321 -337.455505 -0.0779599994
316.279053 -337.471924 0.0650625005
316.342102 -337.562927 0.296149999
316.306702 -337.507111 0.535300016
316.259735 -337.538971 0.683799982
316.238586 -337.590515 0.805100024
316.281403 -337.279297 -1.32609999
316.399292 -337.279694 -0.0147000002
316.234497 -337.207092 0.150199994
316.3349 -337.256897 0.871500015
316.286926 -337.320282 1.09031248
316.339691 -337.337646 1.24762499
316.28894 -337.25296 1.47473335
316.379608 -337.02829 -1.3118
316.348511 -337.145203 1.29499996
316.295868 -337.116577 1.5266
316.348633 -336.89624 -1.29550004
316.303497 -336.862701 1.66485
316.2854 -336.453094 -1.27884996
316.31311 -336.0495 -1.27380002
316.335327 -335.870209 -1.29173338
316.347992 -335.693207 -1.28419995
316.276428 -335.424011 -1.28610003
316.326111 -335.336212 -1.28496671
316.279816 -335.069824 -1.28138328
316.301514 -334.909363 -1.28235006
316.253571 -334.672089 -1.2766
316.245514 -334.594299 -1.2723
316.334503 -334.267487 -1.27100003
316.243652 -334.126038 -1.26353335
316.2836 -333.871307 -1.26119995
316.337738 -333.546509 -1.26545
316.274475 -333.288635 -1.2471
316.27829 -332.522614 -1.2378
316.325348 -332.152649 -1.23009992
316.345886 -331.818207 -1.21420002
316.344391 -331.586792 -1.199
316.308105 -331.264313 -1.18809998
316.304077 -331.101379 -1.19169998
316.270905 -330.917114 -1.17320001
316.255096 -330.342896 -1.14890003
316.246094 -330.146729 -1.16234994
316.230591 -329.686951 -1.14405
316.230591 -329.497406 -1.15600002
316.308228 -329.252441 -1.14912498
316.366547 -328.868439 -1.12520003
316.281952 -328.654053 -1.10459995
316.377563 -328.528503 -1.11470008
316.377441 -328.361603 -1.1096499
316.304108 -328.173615 -1.10409999
316.282654 -327.872772 -1.11453331
316.351562 -327.71637 -1.11343336
316.334412 -327.144897 -1.08490002
316.344086 -326.372101 -1.03419995
316.302704 -326.063293 -1.07920003
316.341766 -325.708771 -1.0546
316.290833 -325.509369 -1.05246663
316.377197 -325.323395 -1.05579996
316.28656 -325.090363 -1.04585004
316.252563 -324.842651 -1.03974998
316.247711 -324.575287 -1.03690004
316.235687 -324.386688 -1.04799998
316.223389 -324.102295 -1.03629994
316.242493 -323.605194 -1.01909995
316.211395 -323.67511 -0.992900014
316.374603 -323.090454 -1.01119995
316.340271 -322.894318 -1.01300001
316.27774 -322.713135 -1.00635004
316.371094 -322.798798 -0.99940002
316.266907 -322.521393 -1.00380003
316.249054 -322.334106 -1.00440001
316.351105 -322.365814 -0.990800023
316.22641 -322.0578 -1.00139999
316.293823 -322.178711 -0.99364996
316.352509 -321.929504 -0.984399974
316.396301 -320.385986 -0.938899994
316.217773 -320.07254 -0.93720001
316.465027 -339.65863 -1.3154
316.593811 -339.293793 -1.30470002
316.455109 -339.173492 -1.31229997
316.513824 -338.88266 -1.30256665
316.454315 -338.65451 -1.30900002
316.576508 -338.745789 -0.113799997
316.415009 -338.659393 0.417400002
316.481201 -338.679199 1.09720004
316.478333 -338.545502 0.128849998
316.542969 -338.446838 0.33069998
316.454712 -338.505402 0.972599983
316.465515 -338.281952 -1.2723
316.467102 -338.267303 -1.18359995
316.426086 -338.21759 0.357300013
316.518799 -338.266235 0.903800011
316.423401 -338.297089 1.98899996
316.413086 -338.399109 2.2119
316.455292 -338.041107 0.373600006
316.562256 -338.122131 0.899850011
316.427246 -338.050903 1.06512499
316.487793 -338.17569 1.27859998
316.514221 -337.922394 -1.28849995
316.480103 -337.832794 0.265599996
316.59491 -337.965912 0.787199974
316.473633 -337.89798 0.901833355
316.476105 -337.936798 1.08169997
316.440094 -337.866486 2.11030006
316.520264 -337.709564 -1.29896665
316.529907 -337.651886 -0.00579999993
316.481506 -337.688904 0.177200004
316.412689 -337.617889 0.253500015
316.466248 -337.667236 0.492266685
316.446289 -337.632904 0.625999987
316.554108 -337.704163 0.89443332
316.5 -337.653107 1.11809993
316.513245 -337.696686 1.93145001
316.505035 -337.484436 -1.30515003
316.496185 -337.583588 -1.14999998
316.493652 -337.512085 -0.170249999
316.486938 -337.538574 0.0840249956
316.457306 -337.4935 0.296450019
316.515015 -337.478516 0.507624984
316.51059 -337.448029 1.09689999
316.507874 -337.42804 1.23045003
316.590912 -337.568512 1.73959994
316.582794 -337.588409 1.82809997
316.59549 -337.377197 -1.31789994
316.548615 -337.332794 0.3574
316.510498 -337.290833 0.523949981
316.46814 -337.353821 1.16464996
316.478271 -337.293976 1.25426662
316.504547 -337.308838 1.47313333
316.44809 -337.319092 1.61715007
316.508911 -337.146088 -1.32190001
316.4758 -337.031311 0.258599997
316.402893 -337.07431 1.53530002
316.560242 -336.875153 -1.30034995
316.571594 -336.826599 0.246600002
316.501282 -336.959381 1.62693334
316.43631 -336.862091 1.83669996
316.519379 -336.746429 -1.31873333
316.597504 -336.730713 0.200000003
316.539703 -336.526794 -1.31050003
316.491608 -336.169586 -1.31920004
316.560089 -335.516693 -1.25549996
316.490356 -335.300232 -1.26863325
316.548889 -335.128387 -1.25209999
316.567108 -334.810394 -1.29369998
316.532288 -334.6521 -1.20469999
316.465454 -334.538513 -1.31784999
316.594299 -334.236694 -1.26999998
316.409302 -333.622589 -1.27320004
316.57959 -333.448395 -1.24199998
316.487366 -333.36377 -1.25154996
316.449799 -333.071655 -1.23749995
316.543762 -332.861206 -1.23125005
316.56485 -332.675446 -1.23580003
316.457001 -332.529907 -1.21340001
316.589386 -332.551697 -1.19579995
316.435059 -332.329895 -1.2200501
316.501709 -331.93161 -1.23360002
316.54541 -331.41861 -1.19990003
316.509186 -330.762604 -1.17610002
316.438904 -330.387604 -1.16489995
316.57959 -329.608704 -1.11849999
316.538208 -329.48175 -1.14925003
316.584595 -329.313293 -1.1286
316.540436 -329.106293 -1.12170005
316.454834 -328.928955 -1.12380004
316.456909 -328.707611 -1.07889998
316.51651 -328.518982 -1.10366666
316.457794 -328.011902 -1.10930002
316.458099 -327.617004 -1.10389996
316.424591 -327.459686 -1.07700002
316.583191 -326.991211 -1.07739997
316.532227 -326.686676 -1.07165003
316.508545 -326.44223 -1.07303333
316.51181 -326.14621 -1.05760002
316.47937 -325.897949 -1.05879998
316.458496 -325.791992 -1.06060004
316.413696 -325.518005 -1.03989995
316.592804 -324.873505 -1.01520002
316.492615 -324.225952 -1.03859997
316.568298 -324.052124 -1.01250005
316.518066 -323.891113 -1.01912498
316.479095 -323.679688 -1.02160001
316.502014 -323.519714 -1.00816667
316.432587 -323.248413 -1.01240003
316.531708 -323.027893 -1.00399995
316.557495 -323.1875 -0.997300029
316.536987 -322.8992 -1.00779998
316.49649 -322.533112 -1.00310004
316.593506 -321.718109 -0.978200018
316.590698 -321.500458 -0.9648
316.539032 -321.281982 -0.946033359
316.514801 -321.122314 -0.954699993
316.537903 -320.941437 -0.950166643
316.464233 -320.711853 -0.949800014
316.441162 -320.524261 -0.944066703
316.573486 -320.218506 -0.952300012
316.703369 -339.299896 -1.29526663
316.719452 -339.111359 -1.30535007
316.64389 -338.973297 -1.29709995
316.770264 -338.823547 -0.223800004
316.714447 -338.826569 -0.0403000005
316.740417 -338.815155 0.0728500038
316.691345 -338.687134 -1.30165005
316.745483 -338.731842 -0.475666672
316.752167 -338.775726 -0.317266673
316.656982 -338.694244 -0.0976166651
316.658966 -338.734894 0.0590250008
316.733704 -338.544495 -1.30359995
316.715027 -338.284088 -1.2986666
316.668091 -338.252411 0.382950008
316.776855 -338.259033 0.434949994
316.675751 -338.263123 0.887799978
316.607391 -338.367889 1.02540004
316.719299 -338.10791 0.17035
316.671265 -338.02301 0.926550031
316.669891 -338.190613 1.0115
316.796509 -338.000092 1.85549998
316.695709 -337.810913 -1.26950002
316.700195 -337.88501 0.126800001
316.790405 -337.864502 0.299400002
316.769806 -337.893005 0.417899996
316.681213 -337.866852 0.733649969
316.706512 -337.875427 0.847100019
316.794403 -337.981415 1.54760003
316.687073 -337.876038 1.73385
316.717926 -337.891479 1.87864995
316.617004 -337.960785 2.08669996
316.687103 -337.711304 -1.28269994
316.631042 -337.734955 0.139833331
316.622803 -337.759094 0.242599994
316.604401 -337.737915 0.704100013
316.706085 -337.609711 1.11759996
316.681091 -337.626709 1.20050001
316.675415 -337.795197 1.76359999
316.748901 -337.780609 1.97399998
316.67337 -337.475922 -1.29407501
316.687195 -337.474396 0.314300001
316.747894 -337.450806 0.737200022
316.698792 -337.544586 0.975700021
316.644287 -337.49939 1.14160001
316.672882 -337.439575 1.29166663
316.674896 -337.519714 1.53320003
316.616211 -337.541595 1.69169998
316.716705 -337.247589 -1.31260002
316.731354 -337.308472 0.500266671
316.62619 -337.395905 1.15919995
316.673462 -337.348206 1.35525
316.719299 -337.287842 1.43935001
316.639587 -337.07431 -1.30669999
316.765289 -337.00769 0.360100001
316.699921 -337.080627 0.477933317
316.734314 -337.024811 0.648100019
316.60611 -337.11499 1.39769995
316.6586 -337.026398 1.60689998
316.666412 -336.899414 -1.30009997
316.632812 -336.8974 0.161799997
316.66861 -336.901978 0.297166675
316.631714 -336.998688 0.515299976
316.679565 -336.745117 -1.29795003
316.64035 -336.776978 0.150150001
316.703949 -336.75 0.268299997
316.73349 -336.407501 0.975300014
316.67749 -336.400909 1.02600002
316.680542 -336.321899 -1.30425
316.728882 -336.353302 1.0302
316.737976 -336.142334 -1.28454995
316.791595 -335.889313 -1.27820003
316.7388 -335.067047 -1.27075005
316.674622 -334.8862 -1.26106
316.750763 -334.664307 -1.26055002
316.719696 -334.490509 -1.25036669
316.703644 -334.283661 -1.25076663
316.684814 -334.102417 -1.25899994
316.664978 -333.888489 -1.24594998
316.634949 -333.73465 -1.23300004
316.630249 -333.524536 -1.24915004
316.692841 -333.347717 -1.21425009
316.610199 -332.611694 -1.22090006
316.722412 -332.2034 -1.20580006
316.705261 -332.022034 -1.21169996
316.703796 -331.945892 -1.23049998
316.771912 -331.888062 -1.18980002
316.670685 -331.629486 -1.20060003
316.730652 -331.750946 -1.17779994
316.634766 -331.305298 -1.18210006
316.750305 -331.093445 -1.1685667
316.62381 -330.91391 -1.19350004
316.672974 -330.468231 -1.16670001
316.709808 -330.3237 -1.14310002
316.724487 -330.050903 -1.12559998
316.600189 -329.959686 -1.148
316.649994 -329.727905 -1.13390005
316.703369 -329.520966 -1.12479997
316.620514 -329.349213 -1.11459994
316.664795 -329.048309 -1.11590004
316.657013 -328.666504 -1.12779999
316.728943 -328.311462 -1.11590004
316.729187 -327.692352 -1.07999992
316.671783 -327.438599 -1.09146667
316.726837 -327.263489 -1.07430005
316.634705 -327.025574 -1.07124996
316.790588 -326.641998 -1.03359997
316.606903 -326.157196 -1.06070006
316.760406 -325.677399 -1.03320003
316.7836 -325.400696 -1.03750002
316.762848 -325.289856 -1.03579998
316.752075 -325.055481 -1.02495003
316.674377 -324.888153 -1.03049994
316.704376 -324.721466 -1.0326333
316.645874 -324.469299 -1.02445006
316.619995 -324.165314 -1.03390002
316.717712 -323.812988 -1.01240003
316.635193 -323.676208 -1.0223
316.670593 -323.722412 -0.989899993
316.631287 -323.44751 -0.99849999
316.603485 -322.86969 -1.00179994
316.733704 -322.691284 -0.987600029
316.727112 -322.470856 -0.981400013
316.742279 -322.295776 -0.978833318
316.633301 -321.819489 -0.966400027
316.723541 -321.708527 -0.965366662
316.683594 -321.276703 -0.952199996
316.611908 -321.108887 -0.952899992
316.767792 -320.123047 -0.914849997
316.947296 -339.92569 -1.28410006
316.967194 -339.416412 -1.31589997
316.946503 -339.068787 -1.26010001
316.924103 -338.840729 -0.281019986
316.828888 -338.869934 -0.077624999
316.985809 -338.927307 0.0240000002
316.96051 -338.643402 -1.2385
316.897583 -338.648956 -1.14240003
316.982208 -338.628601 -0.917200029
316.924286 -338.620422 -0.710600019
316.849945 -338.719452 -0.48646
316.84668 -338.769836 -0.310449988
316.838989 -338.737 -0.108199999
316.926605 -338.606995 0.977900028
316.907074 -338.529694 -1.2919333
316.984863 -338.580048 -1.12255001
316.992401 -338.583588 -0.588699996
316.909302 -338.516235 -0.0370499976
316.879639 -338.322083 0.0886500031
316.843292 -338.223389 0.445199996
316.901794 -338.30069 1.94869995
316.950897 -338.033813 -1.28345001
316.829407 -338.198486 0.365799993
316.905212 -338.177612 0.890299976
316.851349 -338.048645 1.82969999
316.993896 -338.124695 2.06399989
316.984802 -337.891785 -1.28460002
316.976593 -337.952301 0.179000005
316.931885 -337.881592 0.305000007
316.907379 -337.925018 1.72166669
316.964569 -337.885437 1.87806666
316.916504 -337.844391 2.00589991
316.838379 -337.671753 0.129700005
316.959686 -337.622894 0.617999971
316.933075 -337.634735 1.16770005
316.945404 -337.705414 1.36059999
316.93811 -337.746796 1.53289998
316.900269 -337.451721 -1.29707503
316.962891 -337.460297 -0.0957000032
316.959686 -337.405396 0.0255999994
316.842499 -337.458099 0.514699996
316.92453 -337.457275 0.653949976
316.885376 -337.526855 0.926100016
316.830505 -337.520599 1.00880003
316.854614 -337.484711 1.36500001
316.927002 -337.460266 1.46175003
316.979889 -337.389191 -1.2809
316.898193 -337.303711 0.162400007
316.922455 -337.273346 0.346866667
316.871216 -337.286163 0.514774978
316.824005 -337.234314 1.3915
316.901611 -337.087555 -1.36559999
316.934906 -337.153809 -0.0873999968
316.884552 -337.081848 0.341399997
316.930664 -337.111603 0.504999995
316.946167 -336.90094 -1.29250002
316.873901 -336.920807 0.57889998
316.962189 -336.966888 0.719600022
316.959686 -336.795288 -1.29460001
316.945709 -336.779785 0.512000024
316.929871 -336.439362 -1.28399992
316.932007 -336.541565 0.754499972
316.85083 -336.456543 0.899479985
316.878662 -336.267944 -1.27709997
316.955688 -336.361145 0.779299974
316.907318 -336.320709 0.899619997
316.943726 -335.941284 -1.27814996
316.881195 -335.741699 -1.29649997
316.962097 -335.470093 -1.25750005
316.886383 -335.322449 -1.30023336
316.909302 -335.095215 -1.26349998
316.880066 -334.863007 -1.23574996
316.800201 -334.785614 -1.25559998
316.996307 -334.58609 -1.27219999
316.870483 -334.313599 -1.24440002
316.903992 -333.491089 -1.23629999
316.932098 -333.242615 -1.2407999
316.957336 -333.123413 -1.21329999
316.985504 -332.954102 -1.19389999
316.871887 -332.6203 -1.20369995
316.943451 -332.670105 -1.19414997
316.947205 -332.498505 -1.19780004
316.860992 -332.332886 -1.19669998
316.830597 -332.177307 -1.17589998
316.821686 -331.932312 -1.204
316.866302 -331.728516 -1.19335008
316.847992 -331.575195 -1.17509997
316.918304 -331.087891 -1.17200005
316.934601 -330.817413 -1.15470004
316.878448 -330.356079 -1.14513338
316.960999 -328.640198 -1.0848
316.941467 -328.427734 -1.09593332
316.925293 -328.25647 -1.09133339
316.87146 -328.139069 -1.0869
316.909668 -327.745453 -1.08353329
316.822052 -327.46936 -1.08625007
316.966888 -326.688599 -1.06009996
316.994293 -326.426788 -1.04779994
316.983856 -326.353485 -1.05139995
316.972687 -326.183594 -1.05359995
316.825745 -325.620422 -1.03929996
316.810394 -324.433899 -1.03050005
316.926575 -323.8302 -1.01289999
316.924408 -323.583008 -1.00524998
316.880219 -323.461914 -0.983433306
316.923615 -323.290985 -1.00189996
316.9375 -323.348785 -0.989000022
316.952301 -323.09021 -0.982299984
316.881348 -322.908875 -0.989899993
316.941895 -322.4263 -0.975700021
316.952087 -322.369904 -0.974600017
316.839905 -322.178406 -0.966099977
316.934692 -321.294098 -0.944599986
316.960632 -321.10022 -0.939050019
316.916565 -320.440674 -0.92385
316.932037 -320.320129 -0.919749975
316.895386 -320.152008 -0.922500014
317.129211 -339.685699 -1.27750003
317.117737 -339.30542 -1.28920007
317.153809 -339.044006 0.92809999
317.133698 -338.846802 -1.26810002
317.17688 -338.803772 0.741100013
317.11142 -338.619385 -1.23689997
317.10907 -338.628876 -1.08812499
317.081818 -338.659698 -0.897674978
317.082092 -338.629852 -0.724624991
317.015015 -338.623901 -0.475800008
317.031494 -338.644196 -0.174999997
317.08905 -338.546173 -1.28339994
317.006897 -338.571991 -0.719200015
317.128448 -338.53302 -0.507174969
317.143555 -338.547607 -0.326324999
317.181396 -338.434052 -0.147799999
317.172302 -338.368713 -0.0533999987
317.126312 -338.239105 1.91799998
317.146698 -338.283936 2.0783999
317.180206 -338.069092 0.190899998
317.125671 -338.037842 0.242200017
317.196503 -338.182495 0.570299983
317.167694 -338.022095 1.59239995
317.043518 -338.025543 1.69914997
317.103577 -338.130493 1.84380007
317.045288 -338.1008 2.04209995
317.173615 -338.193298 2.25609994
317.151611 -338.118805 2.40179992
317.113892 -337.939331 0.312833339
317.137756 -337.926605 0.495249987
317.015106 -337.982513 0.628600001
317.15744 -337.849487 1.33686662
317.099243 -337.937988 1.57280004
317.083527 -337.89801 1.72056246
317.16391 -337.857513 1.95019996
317.065887 -337.819611 2.1019001
317.06781 -337.678467 -1.27760005
317.078705 -337.648285 0.342799991
317.183807 -337.762024 0.456900001
317.007111 -337.668213 0.702700019
317.1008 -337.633698 1.14750004
317.140411 -337.63031 1.27859998
317.081696 -337.770508 1.72214997
317.186462 -337.678314 2.22434998
317.082397 -337.455627 -1.27900004
317.069977 -337.419647 0.142266661
317.116516 -337.505493 0.262524992
317.130432 -337.520477 0.466940016
317.046997 -337.598907 1.22019994
317.091675 -337.311951 -1.29449999
317.03949 -337.356689 -0.202099994
317.025604 -337.331909 -0.0291000009
317.107727 -337.349915 0.0790714324
317.072083 -337.334534 0.371224999
317.07782 -337.322937 0.477999985
317.103088 -337.350494 0.629500031
317.062622 -337.13092 -1.29299998
317.005005 -337.160797 0.346199989
317.158997 -337.088074 0.519850016
317.014709 -337.1922 0.622699976
317.064392 -336.823456 -1.29159999
317.076202 -336.869904 0.3935
317.086914 -336.808197 0.588199973
317.091003 -336.863403 0.661499977
317.1828 -336.841187 1.24740005
317.101074 -336.671753 -1.28422499
317.100891 -336.722687 0.706279993
317.134155 -336.520386 -1.28627503
317.052795 -336.451538 0.778650045
317.119629 -336.468811 0.820749998
317.085907 -336.593903 1.03460002
317.044495 -336.273499 -1.27390003
317.14859 -336.327332 0.962266684
317.037964 -336.089417 -1.2905333
317.074646 -335.918427 -1.27873993
317.019012 -335.742615 -1.27359998
317.192413 -335.540009 -1.22239995
317.094208 -335.141693 -1.2076
317.167389 -334.655487 -1.25769997
317.137604 -334.506165 -1.22826672
317.080383 -334.29068 -1.22857499
317.127106 -334.111023 -1.23091424
317.069305 -333.81131 -1.22290003
317.097626 -333.562408 -1.23526669
317.077972 -333.345367 -1.23503339
317.082611 -333.231415 -1.19939995
317.171112 -333.196198 -1.1961
317.035614 -332.920593 -1.21519995
317.130249 -332.707581 -1.21239996
317.021088 -332.519897 -1.19640005
317.046265 -331.883301 -1.18429995
317.108765 -331.705963 -1.17447996
317.065979 -331.467651 -1.1572001
317.191223 -331.248962 -1.14184999
317.020996 -331.113007 -1.15799999
317.184204 -330.564087 -1.12559998
317.19101 -330.268311 -1.11329997
317.016693 -330.144501 -1.1494
317.132904 -329.82901 -1.10099995
317.196289 -329.648499 -1.0948
317.137695 -329.441315 -1.10710001
317.088623 -329.306641 -1.09987497
317.084473 -329.14325 -1.09625006
317.031189 -328.919678 -1.1049
317.089355 -328.661163 -1.08303332
317.104797 -328.536011 -1.08299994
317.091492 -327.624695 -1.03939998
317.114105 -327.586304 -1.06289995
317.117676 -327.2677 -1.07483339
317.192505 -327.07489 -1.06500006
317.101624 -326.905762 -1.06413329
317.095215 -326.654785 -1.06889999
317.023438 -326.520416 -1.05283332
317.168396 -325.079803 -1.02830005
317.16272 -324.913849 -1.02550006
317.158447 -324.748199 -1.02060008
317.147308 -324.440094 -0.989400029
317.093353 -324.314026 -1.01549995
317.062408 -324.162903 -1.0158
317.076996 -323.911804 -0.996500015
317.112915 -323.742004 -0.980700016
317.143005 -323.273407 -0.981299996
317.146912 -322.998505 -0.972599983
317.004211 -322.563904 -0.97299999
317.041809 -322.036011 -0.957300007
317.098602 -321.937683 -0.952899992
317.130737 -321.109802 -0.929199994
317.064789 -320.873108 -0.922299981
317.357391 -339.652588 -1.30639994
317.263367 -339.46698 -1.28474998
317.398102 -339.306213 -1.26590002
317.285187 -339.068298 -1.27390003
317.352112 -339.019989 0.754100025
317.244202 -339.069214 0.816100001
317.308899 -338.976898 -1.27550006
317.378387 -338.975708 0.68599999
317.268524 -338.902039 0.840200007
317.282043 -338.732056 -1.28135002
317.218597 -338.651306 -0.307000011
317.34082 -338.760071 0.721849978
317.376587 -338.777496 1.13979995
317.210785 -338.5354 -1.25689995
317.280731 -338.503998 -0.30886668
317.307648 -338.442749 -0.179000005
317.32431 -338.56601 0.244650006
317.272888 -338.557892 0.886600018
317.3974 -338.42569 1.04770005
317.261719 -338.379852 -0.0536666662
317.287781 -338.29187 0.0625666678
317.314789 -338.336395 0.863999963
317.319 -338.37851 1.98119998
317.201904 -338.238007 2.22099996
317.294006 -338.023407 -1.26970005
317.309692 -338.179413 0.136500001
317.246796 -338.06781 0.320800006
317.225586 -338.086395 2.38890004
317.250702 -338.054993 2.56920004
317.326202 -337.935913 -1.26095009
317.270447 -337.842712 0.476866663
317.275299 -337.859863 1.49084997
317.270233 -337.87677 1.75970006
317.252289 -337.928986 2.1408
317.394012 -337.639099 0.139300004
317.307556 -337.666046 0.363550007
317.2435 -337.76239 0.522350013
317.20929 -337.660797 1.06130004
317.236786 -337.721405 1.58790004
317.355103 -337.697144 1.88505995
317.2966 -337.642914 2.09859991
317.329315 -337.660095 2.24819994
317.263092 -337.588989 -1.31490004
317.204803 -337.52951 0.39410001
317.204803 -337.487915 1.13409996
317.373596 -337.445007 1.27160001
317.303986 -337.506012 1.50440001
317.239899 -337.553497 1.69270003
317.353455 -337.55481 2.10529995
317.310089 -337.500793 2.24341989
317.288666 -337.313995 -1.30823338
317.37619 -337.370209 -1.07729995
317.246033 -337.331543 -0.0307999998
317.289978 -337.322998 0.131480008
317.343597 -337.270508 0.282999992
317.296051 -337.296814 0.567749977
317.383698 -337.267609 1.25880003
317.395203 -337.058105 -1.28349996
317.331207 -337.096405 -1.19319999
317.367615 -337.124939 0.994000018
317.380798 -336.912292 -1.27574992
317.239899 -336.814392 0.535000026
317.388885 -336.920197 0.758300006
317.386292 -336.997498 0.827199996
317.312561 -336.921997 1.30446661
317.272186 -336.971191 1.42330003
317.210602 -336.678802 -1.27769995
317.305817 -336.651917 0.699024975
317.382599 -336.71701 0.85799998
317.395905 -336.757599 1.09539998
317.337708 -336.77951 1.29779994
317.372009 -336.548889 0.324000001
317.363068 -336.56189 0.507250011
317.350342 -336.593018 0.760850012
317.346069 -336.490662 0.905050039
317.386597 -336.294891 -1.26540005
317.244263 -336.3414 0.945899963
317.270782 -336.252594 1.10651994
317.28891 -336.110748 -1.26239991
317.325348 -335.883331 -1.2640667
317.321472 -335.719757 -1.2592001
317.33667 -335.534607 -1.24689996
317.366974 -335.305695 -1.23699999
317.353485 -335.131317 -1.24436665
317.346619 -334.917236 -1.24504995
317.315002 -334.791809 -1.24259996
317.266998 -334.209808 -1.20739996
317.318024 -333.926666 -1.22163332
317.313202 -332.973022 -1.17550004
317.332275 -332.677063 -1.18860006
317.399414 -331.925201 -1.148
317.351288 -331.610992 -1.17270005
317.275787 -331.428986 -1.11689997
317.334198 -331.202515 -1.15279996
317.338898 -330.928467 -1.13534999
317.242004 -330.735199 -1.13680005
317.386688 -330.483398 -1.12129998
317.320221 -330.26474 -1.12206662
317.298279 -330.042175 -1.11205006
317.334167 -329.891846 -1.10650003
317.30188 -329.738708 -1.09925008
317.277405 -329.532898 -1.09990001
317.298309 -329.384796 -1.0934
317.22171 -329.195007 -1.09360003
317.394989 -328.669586 -1.06509995
317.303589 -328.410797 -1.06439996
317.330688 -328.090546 -1.07016671
317.329407 -327.8591 -1.0711
317.263 -327.688507 -1.06959999
317.276367 -327.550293 -1.07459998
317.203796 -326.923004 -1.06840003
317.321899 -326.037201 -1.03320003
317.341675 -325.879608 -1.03903329
317.33902 -325.635773 -1.02960002
317.341003 -325.529755 -1.02524996
317.280396 -325.298492 -1.02160001
317.250641 -325.073944 -1.02326667
317.295105 -324.941589 -1.00600004
317.388092 -324.777191 -1.03740001
317.279205 -324.726898 -0.999100029
317.213989 -324.323395 -1.01390004
317.358093 -323.907898 -0.99940002
317.36911 -323.700592 -0.995000005
317.366028 -323.442505 -0.967999995
317.235992 -323.388702 -0.978100002
317.29895 -323.096832 -0.977500021
317.393311 -322.833099 -0.971300006
317.306641 -322.687805 -0.964450002
317.240204 -322.523499 -0.949699998
317.223694 -322.368713 -0.961399972
317.247101 -322.101837 -0.955799997
317.306 -321.967285 -0.951900005
317.263855 -321.699493 -0.944499969
317.318115 -320.759003 -0.934899986
317.378998 -320.292297 -0.9023
317.202698 -320.047607 -0.891799986
317.463348 -339.829346 -1.25990009
317.437988 -339.525391 -1.27754998
317.513092 -339.258606 -1.27026665
317.425293 -339.028412 0.813199997
317.522888 -338.876312 -1.27409995
317.479797 -338.9823 0.634500027
317.467529 -338.776611 0.910849988
317.531403 -338.760712 1.13250005
317.544495 -338.570007 -1.25549996
317.470703 -338.44809 0.348100007
317.546753 -338.462646 0.463349998
317.4133 -338.528687 0.729600012
317.597687 -338.443604 0.954400003
317.477203 -338.404999 1.90240002
317.523407 -338.421906 2.34980011
317.413788 -338.293701 -0.0590999983
317.43985 -338.305298 0.105250001
317.452362 -338.362671 0.279249996
317.527954 -338.29895 0.496749997
317.576691 -338.29541 0.602599978
317.454315 -338.200714 1.84850001
317.486786 -338.367188 2.1170001
317.438995 -338.303986 2.20810008
317.491821 -338.09491 -1.25722504
317.512482 -338.055084 0.505249977
317.583405 -338.137085 0.605099976
317.568115 -338.031616 1.10826671
317.511292 -338.087097 1.90530002
317.400085 -338.131592 2.03480005
317.498688 -337.818512 -1.24549997
317.424805 -337.942596 0.194499999
317.532257 -337.879456 0.367300004
317.554901 -337.855194 0.722899973
317.513092 -337.847504 0.910399973
317.483826 -337.968903 1.06809998
317.487946 -337.890137 1.89674997
317.412994 -337.765411 -1.25810003
317.489197 -337.746765 0.630550027
317.554108 -337.713196 0.960799992
317.462402 -337.671509 1.15279996
317.543091 -337.787506 1.21140003
317.443207 -337.78009 1.45529997
317.523987 -337.448792 -1.24960005
317.470337 -337.463287 0.443500012
317.44989 -337.440491 0.634850025
317.486908 -337.494476 1.09948337
317.598602 -337.424805 1.26600003
317.452606 -337.433685 1.76129997
317.432312 -337.471588 1.87020004
317.429291 -337.442413 2.33159995
317.513 -337.284058 -1.25549996
317.43158 -337.262024 0.143900007
317.448853 -337.31073 0.292516679
317.496613 -337.37851 0.433299989
317.505005 -337.393005 1.32070005
317.511505 -337.33313 1.72434998
317.510651 -337.280579 1.85165
317.566315 -337.093231 -1.27509999
317.481323 -337.066223 -0.0830000043
317.498749 -337.124298 0.104716666
317.462585 -337.061493 0.539399981
317.503998 -337.08606 0.669888914
317.494263 -337.12146 1.0632
317.518799 -337.086365 1.32220006
317.490723 -336.871674 -1.27321672
317.489685 -336.822876 0.58494997
317.484772 -336.8367 0.904533327
317.436554 -336.90155 1.09445
317.537872 -336.868896 1.3010143
317.575897 -336.917297 1.40030003
317.485413 -336.721893 -1.26789999
317.449707 -336.717102 0.553650022
317.506195 -336.721375 0.698799968
317.506866 -336.72934 0.904024959
317.526825 -336.734039 1.33544993
317.448486 -336.791901 1.45179999
317.520569 -336.432861 -1.26606667
317.442505 -336.545471 0.362599999
317.528687 -336.519012 0.564700007
317.509857 -336.537933 0.70284003
317.449127 -336.304321 -1.27524996
317.580505 -336.071808 -1.27190006
317.557617 -335.920837 -1.26055002
317.421631 -335.702881 -1.24723327
317.447937 -335.557556 -1.25465
317.419128 -335.301697 -1.25105
317.484833 -335.127075 -1.24199998
317.484253 -334.904907 -1.23385
317.429504 -334.8172 -1.19159997
317.538605 -334.733948 -1.23989999
317.531403 -334.545013 -1.22839999
317.448486 -334.298889 -1.22884989
317.467804 -334.069611 -1.1997
317.530304 -333.806305 -1.18019998
317.506012 -333.309601 -1.21159995
317.53595 -333.126556 -1.21025002
317.516113 -333.122375 -1.18620002
317.558899 -332.784698 -1.17420006
317.524719 -332.443298 -1.16689992
317.569794 -332.315399 -1.17205
317.492493 -332.13739 -1.17140007
317.527802 -331.970215 -1.15830004
317.497345 -331.729401 -1.14499998
317.486267 -331.505402 -1.15815997
317.478424 -331.30777 -1.14906669
317.438812 -331.086914 -1.14020002
317.515076 -330.913513 -1.10949993
317.46701 -330.759308 -1.09780002
317.545624 -329.531799 -1.0951333
317.52475 -329.238586 -1.09864998
317.553009 -329.119812 -1.07579994
317.503143 -328.894836 -1.09185004
317.454895 -328.734344 -1.08840001
317.562805 -328.555908 -1.06449997
317.44104 -328.28952 -1.06503332
317.486694 -327.85321 -1.07934999
317.544403 -327.253998 -1.03059995
317.452576 -326.889313 -1.05554998
317.536102 -326.655823 -1.04499996
317.495972 -326.470551 -1.03780007
317.432343 -326.377136 -1.04110003
317.479401 -326.183014 -1.05079997
317.414398 -325.76239 -1.03485
317.560303 -324.922394 -1.02219999
317.543793 -324.643372 -1.00769997
317.528687 -324.441498 -1.00395
317.422913 -324.255096 -0.987600029
317.402588 -324.036896 -1.00530005
317.5466 -324.131653 -0.987433314
317.48468 -323.895203 -0.982733309
317.465607 -323.469086 -0.988600016
317.50531 -323.371704 -0.982200027
317.438934 -323.068481 -0.967766702
317.498535 -322.907806 -0.961799979
317.503296 -322.606293 -0.969299972
317.518402 -322.5159 -0.957450032
317.481812 -322.249878 -0.95055002
317.451294 -321.686005 -0.911300004
317.453186 -321.416687 -0.930800021
317.581299 -321.309204 -0.927850008
317.536713 -321.138214 -0.919200003
317.573151 -320.863007 -0.903566658
317.460205 -320.740997 -0.908999979
317.479004 -320.546814 -0.891600013
317.462891 -320.370697 -0.90170002
317.436005 -320.03421 -0.892199993
317.724396 -339.650604 -1.27349997
317.684845 -339.581665 -1.27555001
317.751587 -339.427002 2.21339989
317.785614 -339.044312 -1.26320004
317.778809 -339.060303 0.896499991
317.694092 -338.853302 0.655499995
317.732971 -338.747864 0.709075034
317.692413 -338.71109 1.10350001
317.767487 -338.669403 2.04830003
317.721191 -338.493744 -1.25215006
317.636047 -338.451843 0.535049975
317.741547 -338.522095 0.681066692
317.696289 -338.413696 0.829100013
317.657715 -338.284698 0.551199973
317.659149 -338.305908 0.700450003
317.72467 -338.3284 0.875699997
317.618652 -338.125214 -1.255
317.675201 -338.155914 0.573599994
317.629791 -338.12439 0.662899971
317.695038 -338.058716 0.908200026
317.683472 -338.04361 1.05197501
317.604187 -338.001709 1.98020005
317.684814 -337.8573 -1.25240004
317.68277 -337.882507 0.914028585
317.653015 -337.82309 1.03680003
317.742401 -337.744751 -1.24479997
317.788391 -337.732208 0.706900001
317.688904 -337.783081 0.920899987
317.672607 -337.720215 1.05745006
317.686249 -337.66156 1.69145
317.623688 -337.497101 -1.24619997
317.665497 -337.5159 0.579200029
317.772095 -337.422791 1.57449996
317.74469 -337.427612 1.60249996
317.681335 -337.316895 -1.24286664
317.660706 -337.248199 0.273799986
317.662903 -337.391388 0.422300011
317.769897 -337.235413 1.06659997
317.675964 -337.027802 -1.27056658
317.61731 -337.037903 0.0581
317.782593 -337.044098 0.956099987
317.785797 -337.094055 1.08179998
317.7435 -336.843811 -1.26230001
317.663757 -336.854095 0.930950046
317.745605 -336.904694 1.16795003
317.668335 -336.89563 1.24450004
317.656586 -336.866821 1.51933336
317.720703 -336.845306 1.69413328
317.760803 -336.840515 1.84230006
317.705383 -336.712555 -1.26025009
317.70285 -336.748199 0.775699973
317.613098 -336.797089 1.00639999
317.60141 -336.710785 1.42159998
317.675781 -336.500061 -1.27235007
317.691895 -336.500427 0.763200045
317.679932 -336.497711 0.872500002
317.705292 -336.168396 -1.24489999
317.641449 -335.914124 -1.24623334
317.764191 -335.778015 -1.21080005
317.761414 -335.402313 -1.23080003
317.764893 -335.42511 -1.18299997
317.712402 -335.229797 -1.21959996
317.740265 -335.105743 -1.22899997
317.712708 -334.878082 -1.22172499
317.613708 -334.835693 -1.19360006
317.776978 -334.718262 -1.21385002
317.735291 -334.787903 -1.19599998
317.747864 -334.447998 -1.2063334
317.717987 -334.564911 -1.17390001
317.698242 -334.275085 -1.21476674
317.653015 -334.218689 -1.19350004
317.747986 -334.090698 -1.2033
317.736511 -334.034607 -1.18295002
317.629303 -333.859711 -1.20029998
317.704102 -333.931213 -1.19729996
317.78479 -333.737793 -1.19379997
317.639587 -333.586914 -1.21080005
317.695709 -333.318665 -1.18840003
317.685303 -333.117004 -1.19099998
317.641052 -332.846649 -1.18054998
317.626007 -332.654236 -1.15004992
317.647949 -332.414948 -1.15059996
317.655701 -332.236786 -1.16980004
317.690186 -332.155212 -1.15409994
317.79361 -331.631287 -1.15499997
317.645813 -331.339111 -1.14349997
317.734802 -330.49353 -1.11584997
317.748352 -330.065643 -1.09599996
317.664948 -329.913513 -1.09780002
317.652893 -329.677948 -1.07710004
317.616608 -329.403809 -1.08179998
317.618042 -329.294373 -1.08069992
317.75531 -328.525604 -1.04050004
317.664215 -328.318298 -1.05630004
317.704224 -327.927338 -1.06050003
317.743652 -327.762451 -1.06490004
317.715912 -327.476196 -1.05296004
317.698151 -327.269989 -1.05239999
317.639893 -327.079041 -1.04429996
317.612915 -326.917114 -1.04059994
317.678009 -326.538391 -1.03209996
317.749176 -325.452698 -1.02246666
317.663269 -325.318787 -1.01539993
317.735352 -325.108826 -1.00755
317.654663 -324.848755 -1.00289989
317.703339 -324.89386 -0.987299979
317.708496 -324.540497 -1.00059998
317.606415 -324.2229 -0.987500012
317.727692 -324.109985 -0.977699995
317.764191 -323.985901 -0.972800016
317.719696 -323.446106 -0.970200002
317.706299 -323.3284 -0.955299973
317.619507 -322.997986 -0.956499994
317.738953 -322.48996 -0.929149985
317.785614 -322.365387 -0.950500011
317.678497 -322.129211 -0.943599999
317.691498 -321.622711 -0.925999999
317.729614 -321.505066 -0.928850055
317.674591 -321.326111 -0.917500019
317.636292 -320.894897 -0.909699976
317.611908 -320.628296 -0.909600019
317.673187 -320.563507 -0.892499983
317.75061 -320.161285 -0.89139998
317.931091 -339.994415 0.684866667
317.867188 -339.991913 1.03869998
317.974487 -339.693512 -1.29939997
317.899841 -339.443481 -1.26430011
317.85498 -339.312103 -1.25415003
317.826599 -339.309113 2.42199993
317.847107 -339.033997 -1.26329994
317.906616 -338.897217 0.66900003
317.892487 -338.605499 -1.24650002
317.945007 -338.619293 0.556500018
317.836334 -338.660461 0.663325012
317.919434 -338.783356 2.23734999
317.884888 -338.458099 -1.2349
317.845764 -338.516541 0.649500012
317.812195 -338.459503 0.813300014
317.896637 -338.17804 -1.23395002
317.838196 -338.133514 0.816200018
317.904663 -338.045593 1.05369997
317.880768 -337.925598 -1.24126673
317.91626 -337.88092 0.862474978
317.817596 -337.890747 1.48994994
317.902893 -337.616638 0.551450014
317.941467 -337.703827 0.711459994
317.884491 -337.69342 0.929899991
317.861206 -337.761749 1.5225333
317.943787 -337.709106 1.63063335
317.959106 -337.786591 1.82319999
317.9263 -337.616852 2.08439994
317.827209 -337.46759 -1.23599994
317.875397 -337.553375 0.516550004
317.920258 -337.573364 0.659533322
317.9841 -337.434601 1.11590004
317.840332 -337.523071 1.68435001
317.867096 -337.50769 1.80270004
317.919891 -337.568115 2.26370001
317.874207 -337.272614 -1.22566664
317.963104 -337.386292 0.742799997
317.971527 -337.319702 0.851125002
317.962555 -337.335541 1.08574998
317.887604 -337.179291 -1.26040006
317.984985 -337.107849 0.94385004
317.816498 -337.110291 1.10140002
317.936523 -336.894043 -1.25895
317.883026 -336.891846 1.08764005
317.926605 -336.66861 -1.24610007
317.856628 -336.768585 1.05683327
317.963898 -336.592346 -1.24860001
317.865997 -336.587097 -1.19289994
317.923584 -336.271179 -1.23930001
317.899384 -335.902496 -1.23258567
317.916046 -335.691895 -1.2279501
317.86853 -335.538574 -1.22676671
317.972504 -335.478699 -1.15149999
317.86438 -335.254028 -1.23010004
317.851685 -335.095551 -1.21522498
317.811401 -334.823608 -1.21730006
317.831238 -334.468201 -1.20630002
317.888397 -334.414917 -1.18025005
317.838409 -334.096405 -1.18309999
317.9487 -333.99411 -1.21019995
317.863129 -333.849365 -1.18563342
317.970306 -333.606506 -1.11399996
317.947021 -333.051453 -1.17130005
317.987396 -332.980103 -1.16770005
317.98645 -332.667664 -1.16759992
317.933533 -332.453735 -1.15635002
317.886993 -332.219788 -1.15260005
317.910309 -332.089905 -1.12940001
317.887634 -331.910553 -1.13209999
317.846313 -331.704895 -1.14139998
317.863098 -331.557312 -1.13789999
317.8927 -331.343323 -1.13765001
317.973511 -331.12561 -1.10699999
317.837494 -330.953735 -1.11010003
317.916504 -330.798798 -1.1063
317.975586 -330.569092 -1.10839999
317.850403 -330.110901 -1.12979996
317.96521 -329.229706 -1.06669998
317.946411 -328.69931 -1.04900002
317.897003 -328.539001 -1.04540002
317.882904 -328.300903 -1.05110002
317.869934 -328.099152 -1.05347502
317.830902 -327.913818 -1.04684997
317.951599 -327.782196 -1.01310003
317.877991 -327.419006 -1.0711
317.97171 -326.897491 -1.03659999
317.931305 -326.729614 -1.01769996
317.944702 -326.493896 -1.03349996
317.904358 -326.259552 -1.02063334
317.875305 -326.074707 -1.02419996
317.845886 -325.905304 -1.02820003
317.891296 -325.557587 -1.01890004
317.854706 -325.585114 -0.996699989
317.896606 -325.326691 -1.00329995
317.900513 -324.315887 -0.977699995
317.997803 -323.842712 -0.947799981
317.897186 -323.484711 -0.946200013
317.966003 -323.327911 -0.974699974
317.876526 -323.098175 -0.9551
317.905823 -322.67868 -0.949266672
317.901245 -322.522522 -0.945800006
317.891998 -322.335205 -0.945500016
317.857513 -322.140503 -0.936699986
317.861511 -321.90799 -0.93779999
317.895599 -321.713806 -0.923699975
317.953888 -320.8703 -0.893299997
317.958679 -320.476196 -0.899950027
317.894196 -320.222412 -0.894500017
318.044952 -339.901703 -1.24865007
318.103943 -339.990662 0.70994997
318.057587 -339.989197 0.847299993
318.13031 -339.639343 -1.23924994
318.118713 -339.585114 -1.11740005
318.098602 -339.302429 -1.25150001
318.049805 -338.806 -1.23599994
318.120697 -338.805603 0.583400011
318.100006 -338.841309 2.46860003
318.165009 -338.734497 0.553600013
318.188232 -338.654419 0.673699975
318.050995 -338.793091 2.41170001
318.043701 -338.529205 -1.24520004
318.101257 -338.565125 0.709900022
318.135803 -338.446503 0.816600025
318.115051 -338.250244 0.770799994
318.18866 -338.389648 0.870000005
318.120911 -338.030304 -1.20220006
318.136902 -338.035889 0.998399973
318.079102 -338.02771 1.08609998
318.017609 -337.920502 -1.22940004
318.083588 -337.823212 0.76700002
318.099915 -337.83078 0.855024993
318.189789 -337.863312 1.18210006
318.153198 -337.895508 1.5541501
318.127014 -337.83139 1.98290002
318.061157 -337.744049 -1.22930002
318.000793 -337.624298 0.50910002
318.058411 -337.7612 0.607900023
318.102478 -337.732849 0.848419964
318.163361 -337.622955 1.21289992
318.083679 -337.736206 1.52974999
318.066956 -337.727234 1.75159991
318.01886 -337.726379 1.88676667
318.017761 -337.695526 2.08380008
318.085083 -337.522034 0.742150009
318.127502 -337.496857 0.954050004
318.091064 -337.460999 1.06340003
318.062134 -337.416687 1.29684997
318.101013 -337.5 1.71939993
318.095795 -337.271057 -1.23845005
318.034912 -337.228455 -1.16779995
318.02359 -337.340302 0.777800024
318.070831 -337.322784 0.933933318
318.031311 -337.291107 1.06640005
318.108612 -337.367706 1.22950006
318.11203 -337.098328 -1.25390005
318.043304 -337.058502 1.04499996
318.056488 -337.190002 1.33229995
318.105316 -336.961456 -1.25007498
318.011414 -336.917786 1.19379997
318.055206 -336.919586 1.22780001
318.117065 -336.665619 -1.25099993
318.071198 -336.641815 1.01769996
318.049561 -336.504852 -1.24624991
318.02417 -336.275452 -1.24020004
318.016418 -336.093323 -1.24180007
318.061676 -335.900146 -1.22702503
318.013794 -335.479614 -1.25460005
318.038391 -334.987305 -1.19739997
318.17749 -334.414795 -1.21730006
318.140808 -334.348511 -1.21159995
318.057007 -334.35199 -1.19229996
318.120483 -334.111969 -1.18403327
318.128998 -333.891846 -1.17788005
318.113831 -333.761749 -1.17234993
318.084351 -333.506775 -1.16884995
318.049744 -333.315125 -1.17363334
318.0448 -333.080811 -1.17369998
318.034149 -332.913391 -1.15945005
318.096588 -332.658386 -1.17770004
318.127136 -332.334106 -1.12265003
318.093414 -331.676605 -1.09449995
318.003387 -331.543488 -1.09249997
318.041626 -331.118164 -1.09334993
318.155762 -329.901245 -1.07445002
318.131836 -329.685059 -1.06834996
318.13269 -329.469666 -1.05430007
318.091949 -329.316254 -1.06649995
318.062378 -329.106689 -1.05920005
318.072113 -328.889496 -1.0747
318.037201 -328.787994 -1.06060004
318.01889 -328.372711 -1.04289997
318.134003 -327.704193 -1.04503334
318.066101 -327.492706 -1.04069996
318.111603 -327.328705 -1.04620004
318.137085 -327.075745 -1.02792501
318.102234 -326.850037 -1.02579999
318.04245 -326.704956 -1.01994991
318.019592 -326.560608 -1.01419997
318.052185 -325.989014 -0.987999976
318.15329 -325.648499 -1
318.168915 -325.214508 -1.00380003
318.075897 -325.054413 -0.992600024
318.13446 -324.907318 -0.976700008
318.16626 -324.788086 -0.979249954
318.058685 -324.409485 -0.926599979
318.078796 -324.263306 -0.980799973
318.088806 -324.110138 -0.967599988
318.036896 -323.782196 -0.964399993
318.096497 -323.333069 -0.952299953
318.183472 -323.109009 -0.948899984
318.107513 -322.856812 -0.93599999
318.088806 -322.75 -0.941900015
318.092285 -322.470215 -0.891300023
318.078705 -322.025635 -0.932100058
318.153992 -321.711487 -0.915700018
318.069244 -321.113831 -0.902859986
318.112488 -320.866394 -0.897499979
318.036316 -320.718628 -0.898550034
318.040985 -320.234894 -0.894999981
318.375702 -339.911499 -1.24339998
318.302277 -339.97699 0.678550005
318.281097 -339.5495 -1.23730004
318.224487 -339.309296 -1.2464
318.321655 -339.014282 0.456950009
318.289398 -338.844604 0.370499998
318.30249 -338.854523 0.515450001
318.308502 -338.882385 0.609799981
318.283386 -338.842987 2.15420008
318.259705 -338.801086 2.38779998
318.28186 -338.689911 -1.23159993
318.2677 -338.764496 0.452899992
318.279114 -338.731628 0.64289999
318.275604 -338.78302 2.31404996
318.309204 -338.772308 2.43260002
318.293396 -338.519501 -1.21749997
318.309906 -338.478394 0.771600008
318.22229 -338.432983 0.918500006
318.381683 -338.506927 1.49856663
318.233063 -338.309143 0.923475027
318.362671 -338.235809 1.13575006
318.271576 -338.251801 1.5025667
318.257996 -338.085602 -1.22430003
318.355652 -338.024963 0.520099998
318.347778 -338.085083 0.766049981
318.331543 -338.056641 0.910485685
318.279449 -338.120972 1.10696673
318.293701 -338.166595 1.27714992
318.260956 -338.114502 1.43639994
318.296143 -338.119232 1.72856665
318.324585 -338.0672 1.81260002
318.218445 -337.889832 -1.21780002
318.312988 -337.880249 0.501249969
318.267609 -337.92514 0.898899972
318.217896 -337.966888 1.03600001
318.21701 -337.918396 1.64250004
318.235809 -337.82309 2.09220004
318.286591 -337.707794 -1.20369995
318.252136 -337.727295 1.30585003
318.310486 -337.605988 1.89680004
318.225708 -337.497711 -1.2026
318.256897 -337.456696 -1.18910003
318.226593 -337.588104 1.24539995
318.229309 -337.215912 -1.20200002
318.287537 -337.284119 -1.18729997
318.329285 -337.1409 -1.22220004
318.28241 -337.168793 -1.18630004
318.224304 -336.951996 -1.24399996
318.273163 -336.676575 -1.2421
318.255096 -336.565308 -1.24059999
318.340973 -336.120697 -1.2493
318.308899 -335.886353 -1.21498001
318.358246 -335.711151 -1.21994996
318.317291 -335.502716 -1.20527995
318.335297 -335.588989 -1.16799998
318.394409 -335.255005 -1.20169997
318.241486 -335.377808 -1.19920003
318.311188 -335.07309 -1.20290005
318.300201 -335.090942 -1.19238329
318.273773 -334.864319 -1.1853143
318.213409 -334.623596 -1.21300006
318.269562 -334.69165 -1.18816662
318.295654 -334.497803 -1.22619998
318.222748 -334.321472 -1.19149995
318.209412 -334.073486 -1.18099999
318.304504 -333.411011 -1.17760003
318.237793 -333.253204 -1.22220004
318.390503 -333.29361 -1.18669999
318.289795 -333.069885 -1.17200005
318.351318 -332.874451 -1.14506662
318.389801 -332.711609 -1.14160001
318.378693 -332.526093 -1.11544991
318.297852 -332.298035 -1.13739991
318.374237 -332.115906 -1.12246668
318.340302 -331.97171 -1.12189996
318.321899 -331.502167 -1.11643338
318.304382 -331.279114 -1.11144996
318.245117 -331.157471 -1.11265004
318.339935 -330.87442 -1.08609998
318.366211 -330.756287 -1.08069992
318.301544 -330.47168 -1.0765667
318.29364 -330.315491 -1.08353329
318.201843 -330.107239 -1.05719995
318.215515 -329.946991 -1.08930004
318.309509 -329.786102 -1.05599999
318.249451 -329.507019 -1.05979991
318.302704 -329.195312 -1.04840004
318.339996 -328.784485 -1.04289997
318.330841 -328.27951 -1.05675006
318.290436 -328.096985 -1.03892004
318.259308 -327.840607 -1.03789997
318.21051 -327.457489 -1.02600002
318.265167 -327.362549 -1.03199995
318.380188 -326.425903 -1.00539994
318.38739 -326.256592 -0.997600019
318.380859 -326.085663 -1.00874996
318.240814 -326.195892 -0.999199986
318.355103 -325.824097 -1.00829995
318.341797 -325.827515 -0.98119998
318.246796 -325.733795 -1.00899994
318.265106 -325.425812 -1.00049996
318.286011 -325.509094 -0.996399999
318.216614 -325.225189 -0.9727
318.277039 -325.109192 -0.983850002
318.307007 -324.878998 -0.991400003
318.261505 -324.789093 -0.926400006
318.287659 -324.509155 -0.970466673
318.261047 -324.323853 -0.962199986
318.254608 -324.022614 -0.972500026
318.253113 -323.696289 -0.965499997
318.266388 -323.442505 -0.95569998
318.323792 -323.234802 -0.959500015
318.319092 -323.084961 -0.933400035
318.340912 -322.737793 -0.937600017
318.366211 -322.491638 -0.937250018
318.228699 -322.325012 -0.936100006
318.348389 -321.82019 -0.922200024
318.241577 -321.698853 -0.91293335
318.223785 -321.375397 -0.91079998
318.357208 -320.800293 -0.902499974
318.392487 -320.462189 -0.89230001
318.325195 -320.285889 -0.852599978
318.35965 -320.139709 -0.877449989
318.506042 -339.892029 -1.22329998
318.435638 -339.899811 0.853399992
318.471893 -339.643707 -1.22090006
318.518188 -339.49231 -1.23020005
318.591705 -339.184998 -1.22780001
318.548004 -339.018677 0.393350005
318.460297 -339.046082 2.08743334
318.481171 -338.911102 0.39623335
318.504547 -338.895691 0.447466671
318.474091 -338.838745 0.63046664
318.574005 -338.932709 1.99059999
318.529205 -338.991913 2.19079995
318.466309 -338.739594 -1.2306
318.443909 -338.61261 0.399300009
318.504456 -338.71521 0.542074978
318.542419 -338.684967 0.69873333
318.580109 -338.49939 -1.21239996
318.409912 -338.407104 0.923099995
318.401489 -338.235504 0.785099983
318.536804 -338.271606 0.977999985
318.512177 -338.2659 1.13080001
318.491119 -338.262848 1.30543339
318.475433 -338.316528 1.47353339
318.462799 -338.255798 1.6322
318.472107 -338.01239 -1.21379995
318.537811 -338.05481 0.490399987
318.421997 -338.096252 0.699200034
318.458405 -338.114899 0.958500028
318.517944 -338.091614 1.05918336
318.451904 -338.188354 1.26839995
318.552185 -338.026215 1.52880001
318.480133 -338.073334 1.65181994
318.599091 -337.985901 0.0302000009
318.588013 -337.964813 0.262499988
318.459839 -337.979736 0.522300005
318.561462 -337.896454 0.69204998
318.483215 -337.966644 0.86462003
318.432709 -337.949005 1.46270001
318.56427 -337.914001 1.77964997
318.585052 -337.907898 1.90875006
318.592896 -337.803986 2.12700009
318.506104 -337.697815 -1.18550003
318.523499 -337.791809 0.809099972
318.556305 -337.459808 -1.20599997
318.47345 -337.457275 -1.17024994
318.405701 -337.345795 -1.20060003
318.541168 -337.072235 -1.23577774
318.53009 -336.921448 -1.22267497
318.54483 -336.660828 -1.23000002
318.537811 -336.450806 -1.2464
318.510101 -336.318909 -1.22425008
318.446411 -336.16626 -1.21995997
318.506409 -335.878998 -1.21095002
318.586212 -335.669495 -1.20379996
318.404114 -335.575897 -1.20599997
318.588104 -334.086792 -1.16320002
318.57901 -333.93161 -1.16229999
318.538696 -333.647614 -1.16949999
318.563995 -333.520325 -1.15614998
318.541473 -333.277344 -1.13996661
318.482361 -333.122955 -1.14555001
318.460815 -332.931213 -1.14199996
318.482391 -332.769012 -1.1408
318.438202 -332.485809 -1.12549996
318.438995 -332.334412 -1.13139999
318.44989 -331.9375 -1.10710001
318.545563 -331.731659 -1.09533334
318.439392 -331.470215 -1.06770003
318.412811 -331.329315 -1.10210001
318.473755 -331.121643 -1.09130001
318.548096 -330.32959 -1.08159995
318.514404 -329.66571 -1.05885005
318.555115 -329.58429 -1.07770002
318.519257 -329.259766 -1.05306673
318.51001 -329.118286 -1.04289997
318.461792 -328.887085 -1.04664993
318.486633 -328.640015 -1.0347333
318.450409 -328.549194 -1.0302
318.440613 -328.126404 -1.02499998
318.500092 -327.919861 -1.03119993
318.597595 -327.5495 -1.02769995
318.533295 -327.37851 -0.985400021
318.575714 -326.994293 -1.00320005
318.528809 -326.660828 -1.00929999
318.498901 -326.5802 -0.993099988
318.411407 -326.272003 -1.03009999
318.519958 -326.255615 -0.99666667
318.564606 -326.037109 -1.00109994
318.422302 -325.665497 -0.985499978
318.471863 -325.31189 -0.977150023
318.565857 -324.784485 -0.968900025
318.577698 -324.568298 -0.962899983
318.57135 -324.300232 -0.954249978
318.561005 -324.122009 -0.952899992
318.504913 -323.890198 -0.928799987
318.556946 -323.700409 -0.942499995
318.449341 -323.361237 -0.940599978
318.471191 -323.183899 -0.940800011
318.462189 -322.846069 -0.932749987
318.48761 -322.699951 -0.928599954
318.580109 -322.595093 -0.924499989
318.497375 -322.246704 -0.923799992
318.464905 -321.443909 -0.89319998
318.52179 -321.315796 -0.903500021
318.483948 -321.101257 -0.896525025
318.537598 -320.832001 -0.894200027
318.504578 -320.749634 -0.890799999
318.484894 -320.48761 -0.880500019
318.459839 -320.136963 -0.873000026
318.740112 -339.923706 4.34679985
318.795105 -339.904297 7.80740023
318.619385 -339.855103 8.08990002
318.694489 -339.630615 -1.22570002
318.705994 -339.274414 -1.2234
318.608795 -339.022614 0.346300006
318.745789 -338.995789 -1.21370006
318.615479 -338.966705 0.32706666
318.702301 -338.713715 -1.22916663
318.722687 -338.693909 -1.19980001
318.779999 -338.547791 -1.21609998
318.72879 -338.447388 0.352580011
318.670105 -338.450897 0.457499981
318.690399 -338.490906 1.20150006
318.749786 -338.418396 1.55589998
318.609985 -338.320709 -1.20829999
318.705322 -338.303894 0.336600006
318.726562 -338.311035 0.430500001
318.703278 -338.27359 1.14593327
318.703735 -338.285095 1.33210003
318.632782 -338.312408 1.48528004
318.697388 -338.088196 -1.20220006
318.741791 -338.011993 -0.253899992
318.733582 -338.102295 -0.0765857175
318.7034 -338.102844 0.078842856
318.673279 -338.065704 0.289200008
318.67041 -338.08609 0.44690001
318.646606 -338.002106 0.639500022
318.687988 -338.149994 1.10742497
318.73703 -338.103363 1.34399998
318.733795 -338.074799 1.58039999
318.703735 -338.028442 1.65839994
318.657501 -338.020813 1.87709999
318.645691 -338.062714 2.09240007
318.702393 -337.917206 -1.21046674
318.708588 -337.844299 -1.19760001
318.735016 -337.978882 -0.294566691
318.632507 -337.956085 -0.0377000012
318.685089 -337.986877 0.0920000002
318.730499 -337.932068 0.263700008
318.678253 -337.890472 0.514487505
318.688568 -337.847168 0.723839998
318.681122 -337.899261 0.927416682
318.711884 -337.954865 1.72305
318.732086 -337.834503 1.9309001
318.766602 -337.898407 2.09564996
318.648468 -337.68338 -1.20783329
318.753998 -337.763702 0.478300005
318.732758 -337.729645 0.670000017
318.685791 -337.762634 2.14900017
318.694611 -337.553589 -1.19729996
318.720825 -337.074249 -1.24238002
318.61499 -336.839447 -1.2335
318.658997 -336.605408 -1.2227
318.603149 -335.877502 -1.21805
318.759003 -335.543304 -1.20379996
318.785339 -335.473022 -1.18974996
318.744843 -335.030609 -1.18405008
318.73349 -334.882385 -1.17694998
318.686096 -334.662994 -1.20739996
318.728333 -334.684662 -1.16919994
318.64151 -334.507202 -1.18869996
318.697723 -334.337799 -1.16723335
318.659576 -334.115906 -1.14670002
318.663757 -333.875916 -1.15623331
318.646698 -333.695099 -1.15929997
318.607605 -333.457306 -1.14489996
318.721497 -333.368805 -1.1645
318.784851 -332.724487 -1.12339997
318.794891 -332.412598 -1.12479997
318.735962 -332.294159 -1.11520004
318.799896 -331.930206 -1.06309998
318.69873 -331.675476 -1.10529995
318.649597 -331.386414 -1.12049997
318.675812 -330.922394 -1.08029997
318.768707 -330.645599 -1.0704
318.625397 -330.489594 -1.08060002
318.7341 -330.345093 -1.06560004
318.757599 -330.199188 -1.06930006
318.676453 -329.935211 -1.04694998
318.679504 -329.727905 -1.04970002
318.713074 -329.530151 -1.0402
318.602386 -329.266602 -1.04270005
318.603577 -329.079712 -1.04830003
318.764099 -328.206787 -1.01929998
318.729492 -328.024902 -1.01820004
318.683899 -327.942596 -1.02219999
318.618103 -327.643311 -1.03069997
318.686737 -327.474335 -1.00892496
318.729095 -327.266602 -1.00339997
318.638397 -327.10199 -1.00569999
318.681396 -326.949585 -1.01339996
318.634094 -326.861115 -0.997699976
318.780487 -326.095306 -0.995299995
318.627014 -325.781189 -0.956399977
318.739288 -325.470673 -0.96903336
318.706757 -325.169525 -0.97086668
318.7211 -324.90683 -0.964466691
318.670929 -324.701508 -0.944866657
318.636597 -324.51416 -0.955500007
318.683014 -324.030212 -0.926199973
318.799896 -323.957794 -0.953700006
318.621002 -323.408813 -0.925400019
318.709808 -322.9664 -0.920799971
318.627197 -322.781097 -0.939100027
318.683502 -322.257599 -0.920899987
318.77005 -322.112244 -0.917899966
318.687042 -321.946899 -0.914350033
318.625488 -321.683807 -0.905399978
318.716705 -321.311005 -0.897700012
318.665314 -321.009491 -0.881600022
318.754486 -320.543915 -0.867299974
318.953491 -339.876007 -1.21440005
318.856354 -339.961151 3.93305016
318.889496 -339.932098 4.01859999
318.868256 -339.853394 4.25064993
318.989594 -339.961212 4.52409983
318.845093 -339.992889 7.45979977
318.946106 -339.951416 7.7048502
318.970825 -339.887146 7.87549973
318.962708 -339.921387 8.16810036
318.836639 -339.487793 -1.21245003
318.87323 -339.327759 -1.22679996
318.853607 -338.9245 -1.20879996
318.88092 -338.68985 -1.20569992
318.802307 -338.233185 -1.19949996
318.897003 -338.324799 -0.0248000007
318.995392 -338.200897 0.135399997
318.897705 -338.336212 0.281800002
318.910614 -338.378906 0.407299995
318.976501 -338.262604 1.11109996
318.892426 -338.345978 1.51187503
318.85321 -338.31955 1.72189999
318.821503 -338.112091 -1.21070004
318.867615 -338.090393 -0.2852
318.890259 -338.111938 -0.088057138
318.878967 -338.083191 0.0493500009
318.918793 -338.061005 0.334800005
318.946045 -338.116333 0.88654995
318.925507 -338.088501 1.0597167
318.92691 -338.134033 1.28474998
318.849609 -337.995087 -0.257200003
318.886902 -337.952881 0.120640002
318.943542 -337.905975 0.277816653
318.90213 -337.828278 0.457574993
318.85614 -337.865173 0.685599983
318.866058 -337.922638 0.927760005
318.853088 -337.987213 1.00559998
318.842896 -337.92981 1.47070003
318.837036 -337.859863 1.7426666
318.944397 -337.884491 1.875
318.899506 -337.853699 2.04430008
318.92511 -337.760895 -1.21870005
318.8396 -337.790588 0.381999999
318.869568 -337.752472 0.546599984
318.963928 -337.723907 0.677000046
318.900604 -337.763306 1.09930003
318.848389 -337.670685 2.27060008
318.81369 -337.470612 -1.21329999
318.996704 -337.23941 -1.18640006
318.848389 -337.054901 -1.27509999
318.956085 -336.911591 -1.22000003
318.975006 -336.905212 -1.15139997
318.899292 -336.626007 -1.21210003
318.893829 -336.504822 -1.22343338
318.920654 -336.317261 -1.21140003
318.918335 -336.07135 -1.20044994
318.978699 -336.162109 -1.19710004
318.888794 -335.990906 -1.19630003
318.887085 -335.755096 -1.20943332
318.887604 -335.776611 -1.18690002
318.863464 -335.471741 -1.17982507
318.911865 -335.332703 -1.18669999
318.826202 -335.060303 -1.16900003
318.838837 -334.929993 -1.18033326
318.808807 -334.677795 -1.17760003
318.960815 -333.774536 -1.12424994
318.961487 -333.586609 -1.17620003
318.953552 -333.369049 -1.13374996
318.943085 -332.918671 -1.11739993
318.901703 -332.754395 -1.11724997
318.869324 -332.476959 -1.11194992
318.934387 -332.302795 -1.10529995
318.86145 -332.096771 -1.08956671
318.862183 -331.867432 -1.09595001
318.938202 -331.749695 -1.09879994
318.869934 -331.487457 -1.09319997
318.847809 -331.201996 -1.09739995
318.889313 -330.808014 -1.08430004
318.914062 -330.702148 -1.04014993
318.9646 -330.571503 -1.06770003
318.934296 -330.174408 -1.046
318.984406 -329.051392 -1.04470003
318.819092 -328.754089 -1.01680005
318.862061 -328.520752 -1.01849997
318.901154 -328.248718 -1.02294993
318.902802 -328.300598 -0.996200025
318.903809 -328.061493 -1.01989996
318.806213 -327.667908 -1.02219999
318.872894 -327.479309 -1.00950003
318.865387 -326.844696 -1.00090003
318.947205 -326.461212 -0.996100008
318.89566 -326.273132 -0.987949967
318.974365 -326.041321 -0.976150036
318.920441 -325.842896 -0.966000021
318.955536 -325.669342 -0.967166662
318.816315 -325.468811 -0.963800013
318.84259 -325.201813 -0.9745
318.848938 -325.157715 -0.965849996
318.8703 -324.924591 -0.948499978
318.997101 -324.496094 -0.88380003
318.850189 -323.627289 -0.949000001
318.917847 -323.206909 -0.927150011
318.964691 -323.112915 -0.931900024
318.865356 -322.924805 -0.919950008
318.890747 -322.708435 -0.917449951
318.913208 -321.729614 -0.901499987
318.885712 -321.50531 -0.894500017
318.994598 -321.283997 -0.889299989
318.915375 -321.07486 -0.885699987
318.988495 -320.946289 -0.890999973
318.997803 -320.632294 -0.880200028
318.9216 -320.221985 -0.86680001
318.873596 -320.066345 -0.865249991
319.127899 -339.898407 -1.2184
319.050781 -339.983795 3.93729997
319.114532 -339.88623 4.11870003
319.168518 -339.938995 4.30620003
319.187103 -339.933594 4.48239994
319.178894 -339.984802 7.3908
319.052307 -339.996307 7.45469999
319.140808 -339.899811 7.6500001
319.081909 -339.914795 11.1828003
319.014893 -339.684509 -1.21459997
319.137695 -339.408905 -1.21080005
319.12561 -339.221588 -1.18089998
319.029114 -338.891205 0.205500007
319.11499 -338.716919 0.125057146
319.107208 -338.423798 -1.20369995
319.179504 -338.488586 0.0970000029
319.042908 -338.493805 1.42420006
319.035004 -338.380005 -1.23909998
319.057098 -338.206512 -0.407299995
319.145599 -338.224152 -0.1171
319.173798 -338.31311 0.291700006
319.080688 -338.201111 0.959299982
319.020996 -338.217407 1.26709998
319.097046 -338.36499 1.53189993
319.124603 -338.35083 1.67333996
319.1651 -338.383301 1.86000001
319.048157 -338.162018 -0.086666666
319.130432 -338.138519 0.0271666665
319.062073 -338.107025 0.870666623
319.042419 -338.099121 1.13967502
319.039886 -338.164001 1.55149996
319.172363 -337.863708 -1.16974998
319.1427 -337.95285 0.102449998
319.110229 -337.846161 0.268250018
319.105957 -337.909576 0.498757154
319.019501 -337.878906 0.648500025
319.025604 -337.846313 1.98339999
319.084351 -337.673096 -1.19054997
319.158997 -337.698608 0.139599994
319.096008 -337.764709 0.333366662
319.071075 -337.672974 0.512966692
319.046295 -337.769104 0.733399987
319.011993 -337.7659 1.01090002
319.086029 -337.544769 -1.19066668
319.111908 -337.498657 0.342800021
319.09314 -337.515686 0.471650004
319.059326 -337.53244 0.659983337
319.058685 -337.263489 -1.17190003
319.135193 -337.265991 0.3398
319.135864 -337.355133 0.506985724
319.062653 -337.346558 0.743950009
319.115784 -337.222778 0.824100018
319.082703 -337.016693 -1.24290001
319.087463 -337.108124 -1.17519999
319.182098 -337.157318 0.739566684
319.084961 -336.943176 -1.21019995
319.081299 -336.979095 -1.18089998
319.042511 -336.751801 -1.20340002
319.101501 -336.797485 -1.1997
319.044586 -336.544922 -1.21324992
319.118408 -335.878815 -1.18309999
319.077637 -335.716003 -1.18190002
319.151489 -335.553986 -1.12479997
319.063538 -335.087952 -1.17853332
319.113159 -334.921753 -1.16429996
319.115784 -334.728546 -1.16144991
319.132751 -334.300171 -1.15248001
319.177795 -334.071594 -1.13170004
319.066711 -333.899628 -1.13742006
319.074554 -333.683411 -1.12479997
319.100128 -333.502136 -1.12173331
319.091553 -333.289673 -1.12489998
319.090393 -333.186615 -1.12549996
319.130859 -332.725647 -1.12049997
319.177307 -332.568115 -1.08990002
319.108002 -332.103699 -1.10479999
319.104248 -331.509796 -1.06544995
319.112793 -331.351013 -1.09469998
319.03299 -331.010803 -1.05620003
319.109802 -330.878906 -1.06700003
319.097748 -330.654602 -1.0661
319.152405 -330.477386 -1.04779994
319.14032 -329.896973 -1.04909992
319.145844 -329.567871 -1.01845002
319.125366 -329.283081 -1.02843332
319.198608 -329.105988 -1.01310003
319.108124 -328.918121 -1.01246667
319.062073 -328.73764 -1.02083337
319.044006 -328.358826 -1.02224994
319.094604 -328.114594 -1.01779997
319.175903 -328.088593 -0.999899983
319.148193 -327.454407 -0.979399979
319.154602 -327.227905 -0.9824
319.113464 -327.067871 -0.998700023
319.124817 -326.89975 -0.983200014
319.18689 -326.769501 -0.967299998
319.061493 -326.284668 -0.976400018
319.191101 -326.172302 -0.934800029
319.143097 -325.397095 -0.963500023
319.190796 -325.05957 -0.950649977
319.15506 -324.959106 -0.913650036
319.016907 -324.629211 -0.932399988
319.077789 -324.476898 -0.968999982
319.116699 -324.313965 -0.929049969
319.063568 -324.095032 -0.934599996
319.067657 -323.711945 -0.934966683
319.046387 -323.253815 -0.921800017
319.1698 -322.926514 -0.901499987
319.116028 -322.512695 -0.908850014
319.09613 -321.693359 -0.896000028
319.039795 -320.858612 -0.882300019
319.156006 -320.49115 -0.886099994
319.039398 -320.392212 -0.860099971
319.306702 -339.832611 -1.20280004
319.321838 -339.892853 -1.15312505
319.392395 -339.858612 -0.833899975
319.312195 -339.868713 1.14619994
319.394714 -339.999603 3.7039001
319.370239 -339.873352 4.12660027
319.275787 -339.884705 4.28760004
319.229492 -339.905701 4.43279982
319.266693 -339.963593 7.33129978
319.301575 -339.703735 -1.20670009
319.376709 -339.776001 4.24760008
319.315491 -339.21109 -1.18910003
319.322113 -339.078613 -1.21000004
319.362091 -339.104614 -1.15746665
319.275604 -338.966797 -1.2349
319.237488 -338.607697 -1.20679998
319.3927 -338.649597 -1.18229997
319.239685 -338.673584 0.0317000002
319.287994 -338.506592 -1.1925
319.348297 -338.532166 -0.0769000053
319.310577 -338.502106 0.0484666675
319.395599 -338.212585 -0.0577000007
319.333282 -338.347229 0.0896666646
319.303284 -338.283936 0.226883337
319.250885 -338.307312 0.408899993
319.260315 -338.19519 -1.18490005
319.233948 -338.170532 -0.042750001
319.237549 -338.09137 0.0668499991
319.261108 -338.105408 0.272249997
319.218506 -338.089752 0.421649992
319.3414 -337.921356 -1.17175007
319.207703 -337.989105 0.186700001
319.368713 -337.993896 0.450599998
319.336304 -337.887848 0.942300022
319.353027 -337.917603 1.07634997
319.247894 -337.798187 -1.17190003
319.37561 -337.750793 0.422399998
319.316559 -337.526794 0.542866707
319.388 -337.538391 0.698199987
319.307922 -337.377533 -1.17956674
319.312622 -337.338654 0.563139975
319.285095 -337.274231 0.694374979
319.252289 -337.204498 0.912100017
319.263916 -337.105286 -1.14357495
319.352203 -337.003296 -0.976599991
319.250214 -337.114502 0.740400016
319.283112 -336.96756 -1.25553334
319.279388 -336.98761 -1.13569999
319.395905 -336.428894 -1.18799996
319.353638 -336.098145 -1.17875004
319.350403 -335.81601 -1.16779995
319.298523 -335.697754 -1.17631996
319.353119 -335.433929 -1.16324997
319.315918 -335.282043 -1.16750002
319.303894 -335.013 -1.1631
319.281342 -334.930054 -1.16112506
319.308594 -334.715088 -1.1336
319.24176 -334.51123 -1.13995004
319.212402 -333.882202 -1.09549999
319.302185 -333.263611 -1.13530004
319.330292 -333.001099 -1.11450005
319.347717 -332.806763 -1.08745003
319.289307 -332.457031 -1.07029998
319.3974 -332.299591 -1.0783
319.352112 -331.807709 -1.08790004
319.288513 -331.509338 -1.07045007
319.379211 -331.251709 -1.06270003
319.342712 -330.871185 -1.06260002
319.393707 -330.608307 -1.03600001
319.246277 -330.541382 -1.0539
319.332306 -330.227692 -1.03299999
319.26355 -330.105347 -1.02279997
319.243103 -329.953705 -1.04779994
319.26709 -329.656494 -1.03460002
319.377502 -329.394287 -1.02509999
319.272003 -329.110046 -1.00545001
319.285797 -328.993805 -1.03359997
319.237671 -328.775055 -1.0065999
319.299408 -328.461578 -1.01405001
319.287811 -328.494202 -0.969799995
319.24881 -328.372192 -1.023
319.346802 -327.915009 -1.00179994
319.295715 -327.901672 -0.993049979
319.270996 -327.737152 -0.990833342
319.230499 -327.404785 -1.00510001
319.236603 -327.462189 -0.981700003
319.31131 -327.283264 -0.986999989
319.352203 -326.975311 -0.958500028
319.227386 -326.73941 -0.959100008
319.391998 -326.533508 -0.984099984
319.309387 -326.097412 -0.967499971
319.286591 -325.985413 -0.994400024
319.303986 -325.628693 -0.954900026
319.305908 -325.412994 -0.952000022
319.362122 -325.324493 -0.92536664
319.323364 -325.124512 -0.950900018
319.202606 -324.846802 -0.953599989
319.246887 -324.309601 -0.909300029
319.252502 -324.087311 -0.918049991
319.389191 -323.446899 -0.930000007
319.372009 -323.134155 -0.913400054
319.259583 -322.711243 -0.908200026
319.29776 -322.494202 -0.905900002
319.347992 -322.02951 -0.904200017
319.221497 -321.821198 -0.897899985
319.27771 -321.672424 -0.890799999
319.390015 -320.559387 -0.87440002
319.350494 -320.279114 -0.867399991
319.39151 -320.004089 -0.854300022
319.426117 -339.928375 -1.13806665
319.450714 -339.9646 -0.855700016
319.572296 -339.926514 -0.785399973
319.474915 -339.99469 -0.588500023
319.481079 -339.914124 1.17785001
319.480408 -339.87384 4.16079998
319.482605 -339.942902 4.32480001
319.441101 -339.925293 4.51955032
319.446503 -339.795105 0.670899987
319.524994 -339.787506 1.14830005
319.460205 -339.798798 4.26200008
319.484497 -339.775299 7.69490004
319.457031 -339.236481 -1.14929998
319.458557 -339.102661 -1.15093338
319.410187 -338.962006 -1.20869994
319.51413 -338.721619 -1.11817503
319.553284 -338.562195 -1.05659997
319.403595 -338.244507 -1.18169999
319.452606 -338.28479 -0.299299985
319.458588 -338.275726 -0.0698750019
319.454315 -338.277405 0.0130000003
319.513702 -338.265991 0.2359
319.48291 -338.180603 -1.15699995
319.534912 -338.018402 -0.411000013
319.541687 -338.061218 -0.312650025
319.485443 -338.130768 -0.111150004
319.490356 -338.155701 0.117375001
319.506104 -338.134064 0.312562495
319.531799 -338.085266 0.480800003
319.493805 -338.016998 0.683300018
319.413605 -337.854401 -1.18470001
319.559723 -337.957123 -0.51788336
319.462097 -337.996796 -0.393099993
319.553253 -337.95578 0.541599989
319.464996 -337.853424 0.686325014
319.485413 -337.966736 0.947999954
319.443176 -337.911652 1.05470002
319.542389 -337.687195 -1.16489995
319.49762 -337.757935 0.533200026
319.483826 -337.679108 0.697000027
319.542389 -337.766205 0.860700011
319.577789 -337.791412 1.09889996
319.413239 -337.500977 0.569749951
319.428802 -337.412109 0.720700026
319.52594 -337.283905 -1.16050005
319.439148 -337.260834 0.691600025
319.550629 -337.096954 -1.13443327
319.501862 -336.890625 -1.25999999
319.470825 -336.910553 -1.16953337
319.510193 -336.685791 -1.20039999
319.502686 -336.793091 -1.19449997
319.423706 -336.422607 -1.23020005
319.484283 -336.517883 -1.18980002
319.46048 -336.09552 -1.17509997
319.522278 -335.876678 -1.17323327
319.455139 -335.661713 -1.16250002
319.44342 -335.31189 -1.16205001
319.560211 -334.632385 -1.13269997
319.557709 -334.531494 -1.13069999
319.505676 -334.351715 -1.12913334
319.592163 -334.088348 -1.10650003
319.516296 -333.856598 -1.11919999
319.588684 -333.731262 -1.11214995
319.478241 -333.503296 -1.10025001
319.518158 -333.309235 -1.09850001
319.484802 -332.886597 -1.07765007
319.498352 -332.733307 -1.09975004
319.493347 -332.521667 -1.08525002
319.556885 -332.287903 -1.07029998
319.467468 -332.107849 -1.07805002
319.434174 -331.917114 -1.07453334
319.506012 -331.754395 -1.07169998
319.4953 -331.493347 -1.06704998
319.485168 -331.268402 -1.02874994
319.486115 -331.185486 -1.05830002
319.557953 -330.85495 -1.05935001
319.464905 -330.68869 -1.04770005
319.549103 -329.924286 -1.03540003
319.496094 -329.600311 -1.04530001
319.562988 -329.530792 -1.01400006
319.586792 -329.310394 -0.977100015
319.497406 -329.134796 -1.00139999
319.468689 -328.831299 -1.02129996
319.528381 -328.66214 -0.990149975
319.470398 -328.498718 -1.00475001
319.436188 -328.288696 -0.998899996
319.422485 -328.144012 -0.997500002
319.51709 -327.550812 -0.988399982
319.42981 -327.033508 -0.99059999
319.588104 -326.846191 -0.972500026
319.526489 -326.694092 -0.970600009
319.540314 -326.531311 -0.979499996
319.485413 -326.260803 -0.959900022
319.497986 -326.059143 -0.948850036
319.504883 -325.950195 -0.962650001
319.486572 -325.6828 -0.958700001
319.537292 -325.509247 -0.92719996
319.572998 -325.341095 -0.953000009
319.522797 -324.469147 -0.894833326
319.596313 -324.313599 -0.952799976
319.551514 -324.049011 -0.934000015
319.518524 -323.664734 -0.912325025
319.574341 -323.480774 -0.903650045
319.486389 -323.292603 -0.899999976
319.482391 -323.123169 -0.914649963
319.530426 -322.898193 -0.902733326
319.445007 -322.737 -0.900300026
319.594208 -322.10025 -0.879649997
319.552185 -321.887512 -0.887499988
319.47641 -321.473389 -0.899999976
319.575317 -321.113403 -0.88045001
319.511322 -320.91217 -0.864125013
319.529999 -320.77829 -0.874300003
319.506561 -320.5 -0.853799999
319.509003 -320.30719 -0.853200018
319.461609 -320.098785 -0.850600004
319.689911 -339.979858 -1.13595009
319.619385 -339.998688 -0.864700019
319.614502 -339.953705 -0.602299988
319.788391 -339.992188 1.46309996
319.667114 -339.657898 -1.16690004
319.795593 -339.210297 -1.16149998
319.706116 -338.749664 -1.12693334
319.685577 -338.446198 -1.15066671
319.719269 -338.280884 -1.09736669
319.648712 -338.309204 -0.992399991
319.606995 -338.161407 -1.0783
319.786591 -338.054504 -0.91109997
319.670807 -338.183685 -0.0219999999
319.656525 -338.139465 0.096450001
319.668457 -338.122955 0.277683318
319.688599 -338.074188 0.435699999
319.668335 -337.900726 -1.15945995
319.707977 -337.910583 -0.694033325
319.603088 -337.931091 -0.574299991
319.655304 -337.929688 -0.340999991
319.619385 -337.848602 0.947600007
319.749939 -337.632385 -1.16065001
319.627502 -337.781708 0.4375
319.63147 -337.741852 0.662233353
319.768097 -337.778595 0.8222
319.616791 -337.431702 -1.09099996
319.721405 -337.348175 -1.09836662
319.768982 -337.380951 -0.935799956
319.779266 -337.278687 -0.659449995
319.779358 -337.289429 -0.537400007
319.767487 -337.301147 -0.316833347
319.772491 -337.210999 -0.166299999
319.728027 -337.131897 -1.12901998
319.714508 -337.091309 -0.961499989
319.767609 -337.19989 -0.271800011
319.643463 -336.909149 -1.16600001
319.65979 -336.474945 -1.17993331
319.701965 -336.375702 -1.18159997
319.799896 -335.762207 -1.15610003
319.712433 -335.472839 -1.15092504
319.751038 -335.312531 -1.14520001
319.724976 -335.078827 -1.14160001
319.72403 -334.888702 -1.13407505
319.68866 -334.67804 -1.13494992
319.666107 -334.488922 -1.11796665
319.654785 -334.309082 -1.12054992
319.604095 -334.073212 -1.12
319.708923 -333.906189 -1.10670006
319.669128 -333.672241 -1.09879994
319.712738 -333.46933 -1.09853327
319.712799 -333.184387 -1.08870006
319.650146 -332.955048 -1.09105003
319.684967 -332.676208 -1.06297505
319.765808 -332.532806 -1.10739994
319.711395 -331.912201 -1.04470003
319.687744 -331.348999 -1.05480003
319.706604 -330.94751 -1.02160001
319.750702 -330.649689 -1.04610002
319.789001 -330.555206 -1.05929995
319.7854 -330.230591 -1.03030002
319.640869 -330.097595 -1.02765
319.776215 -329.837494 -0.986800015
319.754639 -329.491852 -0.982500017
319.62439 -329.346405 -1.00919998
319.663513 -329.172485 -1.00405002
319.718109 -329.163513 -0.994300008
319.705048 -328.811707 -0.993950009
319.691406 -328.740906 -0.988200009
319.721497 -328.297089 -1.00740004
319.740906 -328.021606 -0.983799994
319.673615 -327.800812 -0.975799978
319.715118 -327.669952 -0.982633352
319.6987 -327.290985 -0.987299979
319.652222 -327.172974 -0.96934998
319.624908 -326.921143 -0.975899994
319.763702 -326.625702 -0.952099979
319.693909 -326.574799 -0.968200028
319.70816 -326.111359 -0.940899968
319.763702 -325.6492 -0.947899997
319.682312 -325.439789 -0.925700009
319.770294 -325.291901 -0.943700016
319.751099 -325.095886 -0.942900002
319.717834 -324.896545 -0.939450026
319.736115 -324.788086 -0.93629998
319.614288 -324.481995 -0.927699983
319.631592 -324.068512 -0.88319999
319.653259 -323.485229 -0.912199974
319.792511 -322.719513 -0.8926
319.661194 -322.252991 -0.898999989
319.719482 -321.893738 -0.898200035
319.674438 -321.727478 -0.87804997
319.791504 -321.264404 -0.878899992
319.765411 -321.012909 -0.867600024
319.704224 -320.889893 -0.862900019
319.700806 -320.695007 2.57539988
319.703308 -320.672607 2.68289995
319.627869 -320.5177 2.56439996
319.741394 -320.285706 -0.862200022
319.799591 -320.082092 -0.856700003
319.956207 -339.982086 -1.04069996
319.924255 -339.97702 -0.884024978
319.88501 -339.985687 -0.715699971
319.985352 -339.974701 -0.510599971
319.890869 -339.959167 -0.321950018
319.973785 -339.999908 -0.199900001
319.973389 -339.999603 0.229200006
319.924805 -339.685303 -1.18480003
319.872406 -338.259308 -1.09529996
319.89447 -338.07196 -1.07975996
319.836792 -338.067505 -0.953000009
319.983887 -338.000214 -0.761399984
319.818909 -338.002991 -0.40110001
319.970551 -337.94754 -1.13433337
319.88327 -337.977631 -0.860679984
319.908844 -337.925415 -0.706049979
319.874512 -337.246765 -1.06564999
319.826508 -337.242859 -0.874324977
319.843262 -337.235687 -0.688199997
319.823303 -337.247925 -0.513819993
319.871277 -337.258728 -0.301699996
319.903015 -337.284912 -0.174199998
319.960632 -337.16629 -1.100775
319.916534 -337.164429 -0.920933366
319.951721 -337.192444 -0.760550022
319.93335 -337.153595 -0.534479976
319.991302 -337.17099 -0.289799988
319.878784 -337.164642 -0.158050001
319.880188 -336.859192 -1.17770004
319.949402 -336.723694 -1.15740001
319.868347 -336.562012 -1.18404996
319.899414 -336.310394 -1.17079997
319.887024 -336.03653 -1.15907502
319.88736 -335.902039 -1.15412498
319.903229 -335.690033 -1.15081668
319.876709 -335.582886 -1.14260006
319.868622 -335.330261 -1.1383667
319.860687 -335.141418 -1.13555002
319.828735 -334.881165 -1.13135004
319.94931 -334.706909 -1.12810004
319.827698 -334.321503 -1.12189996
319.979706 -334.120392 -1.07099998
319.897461 -333.72998 -1.05200005
319.892761 -333.513245 -1.10459995
319.826996 -332.906891 -1.06570005
319.887878 -332.706329 -1.08056664
319.900269 -332.234772 -1.06336665
319.865356 -331.897675 -1.06057501
319.861298 -331.623047 -1.05575001
319.808289 -331.441589 -1.05659997
319.915466 -331.306488 -1.06019998
319.824097 -331.133392 -1.02709997
319.976715 -331.081787 -0.986299992
319.902222 -330.711517 -1.04035997
319.995697 -330.550995 -0.959299982
319.804504 -329.942291 -1.02869999
319.898071 -328.703705 -0.984400034
319.964203 -328.424713 -1.00619996
319.936188 -328.560303 -0.975499988
319.889862 -328.321899 -0.965499997
319.881104 -328.150085 -0.997900009
319.831604 -327.911987 -0.978399992
319.985992 -327.723602 -0.955600023
319.837311 -327.441895 -0.984600008
319.994293 -326.671509 -0.961099982
319.940063 -326.124298 -0.950450003
319.940918 -325.927551 -0.940750003
319.883087 -325.66391 -0.947099984
319.910156 -325.537537 -0.935850024
319.85611 -325.228912 -0.929099977
319.888092 -324.951996 -0.924499989
319.875793 -324.725494 -0.905900002
319.806091 -324.024811 -0.917400002
319.877197 -323.908508 -0.918799996
319.884491 -323.752289 -0.925800025
319.905487 -323.555786 -0.908999979
319.805206 -323.389191 -0.92019999
319.916107 -323.054199 -0.897499979
319.906921 -322.924805 -0.890399992
319.813599 -322.64389 -0.892799973
319.803894 -322.577911 -0.871200025
319.937592 -322.330597 -0.894999981
319.980713 -321.631592 -0.870000005
319.959198 -321.462402 -0.862800002
319.919586 -321.049896 -0.876900017
319.954193 -320.814087 -0.865499973
319.880188 -320.868408 2.54229999
319.949982 -320.881104 2.68551683
319.942596 -320.65329 2.56730008
319.917725 -320.730499 2.70392489
319.885712 -320.71286 2.81367135
319.990204 -320.57019 2.329
319.845978 -320.553802 2.6614666
319.96051 -320.383301 4.39510012
319.922485 -320.156342 -0.850749969
319.934387 -320.066193 2.55690002
319.970093 -320.064087 4.56309986
