# .PCD v0.7 - Point Cloud Data file format
VERSION 0.7
FIELDS x y z
SIZE 4 4 4
TYPE F F F
COUNT 1 1 1
WIDTH 7853
HEIGHT 1
VIEWPOINT 0 0 0 1 0 0 0
POINTS 7853
DATA ascii
260.043701 -199.995102 9.55669975
260.087097 -199.740799 7.50500011
260.112976 -199.472305 7.5237999
260.050293 -199.188507 4.88399982
260.045807 -198.476898 4.87989998
260.19519 -198.294296 4.9060998
260.306091 -199.892227 9.4958334
260.292999 -199.928192 9.80990028
260.214508 -199.982498 10.158
260.330811 -199.8246 14.3291998
260.376495 -199.922607 14.6894999
260.301605 -199.402298 7.57749987
260.294434 -198.903427 4.87562513
260.551208 -199.949005 4.65980005
260.411102 -199.8806 9.62709999
260.555298 -199.878296 9.90749931
260.505707 -199.975906 10.0592003
260.531494 -199.710098 3.61080003
260.553894 -199.728394 3.90300012
260.576202 -199.710007 4.14219999
260.556396 -199.799805 9.4406004
260.430908 -199.404907 7.6085
260.528992 -199.307404 7.55940008
260.505249 -198.917099 4.87554979
260.57666 -198.765839 4.83115005
260.6828 -199.964798 4.65700006
260.673401 -199.844635 9.71990013
260.794891 -199.866501 9.98830032
260.673279 -199.682053 3.89584994
260.698669 -199.687454 4.10117483
260.792114 -199.727707 4.25579977
260.796814 -199.293198 4.90430021
260.642059 -199.072571 4.88426685
260.691986 -198.688095 4.84009981
260.936798 -199.912903 4.60389996
260.865814 -199.831802 9.37530041
260.84671 -199.858902 9.53369999
260.915527 -199.702652 3.53384995
260.921356 -199.692657 3.71720004
260.903717 -199.700928 3.88520002
260.900146 -199.699158 4.10593987
260.877686 -199.694305 4.31850004
260.942108 -199.732361 4.48904991
260.868195 -199.685898 4.61009979
260.828796 -199.797302 9.76169968
260.919189 -199.752808 9.98130035
260.866486 -198.238205 4.90969992
261.165894 -199.908432 3.94986677
261.050293 -199.766098 3.74650002
261.0112 -199.727295 3.84809995
261.116241 -199.769394 4.06200027
261.110901 -199.756958 4.3828001
261.073547 -199.741501 4.48436689
261.08844 -199.727509 4.72959995
261.077698 -199.672607 9.76340008
261.175842 -199.748322 10.0826502
261.055511 -198.878799 4.87720013
261.223541 -199.855148 4.09910011
261.205109 -199.883392 4.27460003
261.231598 -199.970703 4.58269978
261.21579 -199.733505 4.44750023
261.229614 -198.590698 4.93139982
261.252808 -198.103806 4.9217
261.9599 -199.807693 20.4069996
262.020508 -199.986404 13.6032
262.123901 -199.9879 20.3369999
262.120087 -199.848907 20.6830006
262.095306 -199.482193 20.7525005
262.361206 -199.997604 1.56879997
262.308807 -199.992706 1.79219997
262.299103 -199.950195 2.00209999
262.354187 -199.979095 2.72059989
262.466614 -199.978104 1.49189997
262.501984 -199.971024 1.90820003
262.514771 -199.93631 2.00979996
262.508453 -199.9617 2.3506999
262.455597 -199.986496 2.44210005
262.598785 -199.994995 2.77180004
262.493896 -199.992401 2.83960009
262.562012 -199.971802 3.33380008
262.508698 -199.992096 4.07110023
262.709595 -199.957458 1.66365004
262.674072 -199.951782 1.87874007
262.6604 -199.972595 2.18219995
262.758667 -199.929123 2.31920004
262.680206 -199.962494 2.49206662
262.672943 -199.957581 2.72484994
262.654358 -199.974457 2.91646671
262.73465 -199.983795 3.06616664
262.769897 -199.96759 3.3241334
262.717468 -199.970657 3.86766672
262.745544 -199.986649 4.09490013
262.71106 -199.985596 4.37410021
262.734589 -199.990906 5.99529982
262.688507 -199.974396 6.00629997
262.799713 -199.928604 6.70849991
262.945892 -199.910095 1.5668
262.897675 -199.927139 1.70009995
262.91925 -199.914658 1.94910002
262.933167 -199.903198 2.08967495
262.884125 -199.955734 2.31083345
262.882599 -199.95871 2.51233339
262.869934 -199.966797 2.77055001
262.915253 -199.963699 2.97935009
262.854248 -199.972839 3.36000013
262.896515 -199.878448 3.50035
262.945587 -199.872894 3.87140012
262.959991 -199.901611 4.08545017
262.868408 -199.915131 4.31080008
262.883606 -199.9133 4.47773314
262.959106 -199.988205 4.66989994
262.974915 -199.994598 5.59259987
262.945892 -199.9655 5.96360016
262.878235 -199.889603 6.07314968
262.953918 -199.962708 6.52600002
262.983398 -199.906052 6.69159985
262.921997 -199.881805 6.93580008
262.865997 -199.941208 7.11356688
262.928192 -199.883606 7.23689985
262.831787 -199.828506 11.8255997
262.834595 -199.964996 14.1665001
262.926392 -199.949905 14.3037004
262.885193 -199.950806 14.5640001
262.903015 -199.983902 15.1563997
262.957489 -199.876205 15.6459999
262.974792 -199.9729 17.2553005
262.939911 -199.718094 3.5559001
262.879211 -199.793701 14.7091999
263.187408 -199.871597 1.55920005
263.111389 -199.858871 1.68997502
263.065399 -199.875046 1.87906671
263.125366 -199.9375 2.12590003
263.033112 -199.951385 2.92015004
263.083527 -199.961502 3.10840011
263.155029 -199.882843 3.27584982
263.057495 -199.896698 3.4731667
263.0802 -199.833862 3.93805003
263.06665 -199.871765 4.0644002
263.143982 -199.967804 4.32567501
263.116119 -199.915726 4.51310015
263.090332 -199.934448 4.72079992
263.140594 -199.964706 4.8217001
263.198914 -199.931 5.65290022
263.129425 -199.97168 5.87622499
263.128387 -199.941406 7.30109978
263.11319 -199.985107 10.0078001
263.014404 -199.748306 3.97210002
263.364685 -199.883301 1.58369994
263.286011 -199.86998 1.70054996
263.259521 -199.8508 1.85380006
263.330536 -199.875305 2.06186676
263.243195 -199.9245 2.97530007
263.27179 -199.841049 3.16589999
263.25296 -199.877365 3.29566669
263.298187 -199.843796 3.40879989
263.284607 -199.976303 3.70190001
263.338715 -199.854034 3.92922497
263.32373 -199.980194 4.09249973
263.313477 -199.877609 4.31216669
263.298492 -199.933807 4.46430016
263.270844 -199.906082 4.69250011
263.22229 -199.947693 4.8204999
263.349396 -199.969894 5.56080008
263.257324 -199.974213 5.75759983
263.31366 -199.951202 5.82884979
263.266296 -199.938049 7.34600019
263.264191 -199.992706 7.45629978
263.274445 -199.981506 10.0389996
263.207886 -199.9375 12.6173
263.327911 -199.962494 15.2774
263.563507 -199.854599 1.57650006
263.401611 -199.871796 1.77479994
263.493591 -199.810699 1.95239997
263.476013 -199.849304 2.09549999
263.555389 -199.830597 2.23090005
263.504272 -199.888947 3.10587502
263.480896 -199.857895 3.31660008
263.410889 -199.895203 3.50349998
263.552368 -199.85376 3.70556664
263.439362 -199.841629 3.92173338
263.449036 -199.858917 4.06330013
263.49115 -199.857315 4.30982018
263.510559 -199.895645 4.51844978
263.508209 -199.917557 4.7452426
263.446503 -199.950195 4.82579994
263.534332 -199.917801 5.72660017
263.483582 -199.936981 5.87535
263.546204 -199.866898 6.11740017
263.563629 -199.847931 6.29683352
263.532043 -199.872803 6.67619991
263.5513 -199.879944 6.8913002
263.593933 -199.86615 7.09854984
263.411285 -199.857697 7.26599979
263.597595 -199.989502 7.42490005
263.547394 -199.869995 9.06795025
263.57251 -199.964401 9.41590023
263.549194 -199.862106 9.93729973
263.442993 -199.992905 12.5507002
263.474396 -199.989105 18.0485992
263.566498 -199.783051 3.28174996
263.456604 -199.784607 3.56419992
263.480194 -199.753906 3.64330006
263.460785 -199.754501 3.85840011
263.510254 -199.782593 4.1006999
263.463989 -199.766098 4.26849985
263.455597 -199.750305 4.54729986
263.545288 -199.785004 6.79780006
263.585907 -199.793594 7.01469994
263.754333 -199.881653 1.56870008
263.702271 -199.836151 1.68665004
263.640564 -199.814453 1.90260005
263.69342 -199.809601 2.04909992
263.747711 -199.837311 2.85739994
263.679169 -199.877075 3.08244991
263.651672 -199.818848 3.23705006
263.654907 -199.900497 3.48110008
263.722595 -199.887802 3.65464997
263.72937 -199.864365 4.31853342
263.631287 -199.821411 4.46220016
263.707642 -199.863297 4.71262503
263.731567 -199.923798 5.47830009
263.667297 -199.936707 5.72730017
263.686798 -199.875504 5.93860006
263.6409 -199.820099 6.28464985
263.680054 -199.818939 6.73035002
263.722595 -199.863876 7.36672497
263.728333 -199.907944 7.51184988
263.600098 -199.869797 7.63219976
263.610413 -199.888702 10.0439997
263.7099 -199.866501 12.6525002
263.71991 -199.767303 1.7277
263.748962 -199.796799 1.83474994
263.797485 -199.764694 3.33459997
263.67511 -199.759399 3.46502495
263.700043 -199.769867 3.74623322
263.665924 -199.766815 3.88023996
263.728943 -199.786804 4.27995014
263.68335 -199.766403 4.6409502
263.736633 -199.764297 6.30004978
263.732452 -199.797058 6.52780008
263.724121 -199.760529 6.74100018
263.67511 -199.749893 6.89900017
263.731201 -199.686203 7.23495007
263.625488 -199.537903 10.0962
263.821838 -199.822205 2.57609987
263.917175 -199.840439 2.66915989
263.893707 -199.882965 2.88153338
263.852478 -199.858231 3.1030333
263.922607 -199.858093 3.30130005
263.878296 -199.860413 3.73315001
263.806396 -199.808502 4.1809001
263.851501 -199.973206 4.25610018
263.905579 -199.906128 4.77236652
263.896271 -199.910233 4.81944036
263.844666 -199.931946 5.49429989
263.882507 -199.885895 5.65150023
263.893219 -199.878265 5.86967993
263.89563 -199.853928 7.37196684
263.991089 -199.822296 7.45620012
263.840393 -199.964401 8.28439999
263.907013 -199.932007 8.42640018
263.9151 -199.919907 15.4124002
263.95459 -199.754089 1.69095004
263.868683 -199.759476 1.90536666
263.910919 -199.758392 2.03710008
263.924438 -199.795837 2.48554993
263.878387 -199.779099 3.24950004
263.854858 -199.701401 3.46000004
263.935425 -199.716202 3.68183351
263.93045 -199.72171 3.88210011
263.989105 -199.731506 4.13430023
263.979492 -199.749603 4.3270998
263.872406 -199.654495 6.34619999
263.892578 -199.657578 6.47493982
263.895447 -199.690552 6.71969986
263.938721 -199.715729 6.94922495
263.965393 -199.599304 3.4151001
263.892944 -199.283508 10.1615
264.036011 -199.948593 1.52400005
264.141205 -199.821594 3.13520002
264.029694 -199.889206 3.54640007
264.167999 -199.876495 4.39760017
264.106995 -199.819733 4.71543312
264.009888 -199.893005 4.86260033
264.198395 -199.800705 5.12659979
264.198151 -199.906036 5.31729984
264.038513 -199.868805 5.47084999
264.11084 -199.882675 5.71817493
264.052277 -199.870438 5.8725667
264.138855 -199.932343 7.47770023
264.032898 -199.924301 8.5309
264.156403 -199.869797 8.70020008
264.15506 -199.808289 9.9720993
264.068909 -199.879089 10.0645504
264.181793 -199.914001 12.4361
264.019104 -199.862305 15.3996
264.08725 -199.931793 18.1229
264.078003 -199.7267 1.55139995
264.082336 -199.764801 1.62820005
264.106049 -199.770966 2.1157999
264.023651 -199.767761 2.29029989
264.077881 -199.785828 2.47713327
264.110107 -199.7901 2.83570004
264.021606 -199.77356 3.13325
264.074402 -199.726456 3.34541988
264.136688 -199.657333 3.50510001
264.139709 -199.760605 3.61240005
264.02771 -199.744995 3.93869996
264.121948 -199.674072 4.11369991
264.032135 -199.71785 4.32630014
264.133942 -199.713303 4.58444977
264.049316 -199.78186 4.6654501
264.14209 -199.680801 6.38119984
264.165039 -199.7229 6.49679995
264.125732 -199.694809 6.73596668
264.120605 -199.671967 6.93672466
264.159668 -199.656494 7.03874969
264.07309 -199.727982 7.25982475
264.159912 -199.764496 8.90869999
264.183502 -199.719498 9.48509979
264.144989 -199.750504 9.76119995
264.198914 -199.771698 10.0303001
264.136292 -199.5233 3.5848999
264.176605 -199.594101 4.00950003
264.173492 -199.5952 6.95609999
264.122986 -199.266602 9.49940014
264.326263 -199.820099 3.66120005
264.322388 -199.829498 3.98110008
264.329102 -199.872009 4.30869961
264.288757 -199.846497 4.51659966
264.217499 -199.903595 4.77040005
264.279236 -199.870056 4.85860014
264.352905 -199.822098 5.10370016
264.337097 -199.809402 5.24836683
264.312103 -199.832962 5.5244832
264.294037 -199.853561 5.74420023
264.29007 -199.850311 5.91392517
264.303223 -199.807251 6.08279991
264.342499 -199.825699 6.48509979
264.333893 -199.811798 6.66930008
264.338806 -199.851227 6.86703348
264.376556 -199.87265 7.0703001
264.276245 -199.910797 7.27355003
264.359924 -199.857864 7.48883343
264.314697 -199.900497 7.6473999
264.301605 -199.919693 8.33889961
264.200104 -199.912994 8.5156002
264.3078 -199.847 8.88549995
264.296906 -199.918793 9.04259968
264.310699 -199.916702 9.32684994
264.320709 -199.838699 9.75010014
264.348389 -199.968399 9.80729961
264.289642 -199.706772 1.71089995
264.287231 -199.718353 1.92720008
264.25177 -199.745148 2.04579997
264.334503 -199.737839 2.53836656
264.269653 -199.784058 2.69580007
264.348572 -199.744751 3.10564995
264.264618 -199.71402 3.3204
264.306641 -199.768372 3.49315
264.266876 -199.727859 3.70334291
264.298279 -199.748795 3.89279985
264.289429 -199.730621 4.10610008
264.268066 -199.749496 4.32955027
264.292908 -199.737305 4.49154997
264.294403 -199.772644 4.65485001
264.288788 -199.798706 5.19640017
264.362213 -199.796799 5.24779987
264.386505 -199.788895 5.45979977
264.205505 -199.786804 5.99440002
264.319214 -199.787445 6.14379978
264.25174 -199.71463 6.32620001
264.365295 -199.798706 6.56669998
264.25943 -199.711334 6.69805002
264.236633 -199.733597 6.87963343
264.355499 -199.794907 7.00019979
264.209991 -199.773605 9.3093996
264.277405 -199.729004 11.9383001
264.246399 -199.594696 3.6091001
264.488037 -199.821136 2.73379993
264.47049 -199.813293 2.82949996
264.56897 -199.837189 3.26789999
264.555298 -199.897507 3.5374999
264.551239 -199.842361 3.66646671
264.513092 -199.8246 3.95659995
264.4729 -199.822113 4.12520027
264.523376 -199.834 4.32649994
264.520355 -199.845062 4.51949978
264.540009 -199.892273 4.70226002
264.530914 -199.917999 4.88431978
264.527466 -199.866348 5.52487469
264.46579 -199.831894 5.66989994
264.537292 -199.85202 5.91742516
264.575989 -199.930206 6.0085001
264.436401 -199.844452 6.25294971
264.473694 -199.809006 6.55270004
264.528992 -199.875381 6.65164995
264.4422 -199.835236 6.8810997
264.569885 -199.905594 7.37879992
264.481812 -199.910202 7.48920012
264.571686 -199.933197 7.77869987
264.468597 -199.874603 7.99919987
264.5737 -199.819107 8.15470028
264.476929 -199.854996 8.30150032
264.491241 -199.855255 8.46479988
264.440247 -199.871353 8.97945023
264.499603 -199.827301 9.15750027
264.414307 -199.927094 9.49720001
264.531494 -199.946198 9.75360012
264.496399 -199.940201 10.724
264.500702 -199.753204 1.56439996
264.490662 -199.688675 1.68260002
264.418854 -199.750793 1.89999998
264.462891 -199.741028 2.10897994
264.565704 -199.763794 2.25220013
264.427551 -199.766602 2.49145007
264.539246 -199.760254 2.74560022
264.541901 -199.785599 2.95650005
264.47876 -199.739624 3.08879995
264.444885 -199.733536 3.28883338
264.479065 -199.77533 3.499475
264.49057 -199.778503 3.71000004
264.467224 -199.786438 3.86899996
264.495392 -199.760193 4.04129982
264.453857 -199.780365 4.33146667
264.512299 -199.794907 4.55179977
264.499603 -199.799393 4.93839979
264.485107 -199.776749 5.82534981
264.446899 -199.792801 6.15329981
264.502686 -199.786301 6.20970011
264.783508 -199.804306 1.56930006
264.792511 -199.893051 1.72125006
264.646088 -199.811203 2.01270008
264.699188 -199.855499 2.79310012
264.708405 -199.919006 2.95420003
264.709045 -199.868958 3.31444979
264.758514 -199.969299 3.40860009
264.681793 -199.811096 3.89470005
264.63089 -199.857193 4.18300009
264.650269 -199.854065 4.46653318
264.66983 -199.8918 4.70005035
264.66687 -199.896393 4.93225002
264.720886 -199.848602 5.33970022
264.685913 -199.883759 5.57015038
264.617798 -199.865494 5.71183348
264.709473 -199.880203 5.96729994
264.679932 -199.912109 6.1545496
264.674438 -199.852371 6.27027512
264.626343 -199.901871 6.44803333
264.696228 -199.875702 6.69229984
264.685181 -199.910126 6.95109987
264.682983 -199.851959 7.0928669
264.617004 -199.910599 7.37150002
264.681824 -199.90065 7.72399998
264.660187 -199.914597 8.1697998
264.628387 -199.920105 8.26780033
264.697388 -199.848206 8.70409966
264.691406 -199.918701 8.83349991
264.731445 -199.835693 9.54475021
264.719116 -199.94931 9.68090057
264.769165 -199.882751 10.3059502
264.616089 -199.8862 10.8358002
264.674316 -199.726364 1.68559992
264.700195 -199.717392 1.92676663
264.693878 -199.736191 2.13271999
264.699615 -199.714844 2.30180001
264.749939 -199.69957 2.70176673
264.688293 -199.7323 2.94199991
264.759003 -199.717896 3.07080007
264.760864 -199.758835 3.2967999
264.691376 -199.743927 3.46236658
264.700745 -199.7379 3.78980017
264.760406 -199.779388 3.90299988
264.647614 -199.765198 4.11980009
264.745911 -199.77417 4.49527502
264.798401 -199.767593 5.39629984
264.691406 -199.777451 5.89785004
264.769409 -199.763107 6.17689991
264.689392 -199.794495 6.36549997
264.798187 -199.754303 6.4756999
264.773499 -199.779495 6.89970016
264.798004 -199.768402 7.3203001
264.927185 -199.92334 1.52939999
264.899231 -199.915985 1.6840167
264.90509 -199.90683 1.86696672
264.891815 -199.893738 2.08536673
264.898254 -199.948563 2.3203001
264.933655 -199.915009 2.47670007
264.891388 -199.866898 2.6764667
264.875916 -199.851959 2.92579985
264.910858 -199.927795 3.11683321
264.900452 -199.875305 3.28092504
264.954041 -199.878601 3.50549984
264.965393 -199.905594 3.68269992
264.910583 -199.941986 3.97235012
264.990692 -199.988098 4.12050009
264.982941 -199.856201 4.27285004
264.850494 -199.801498 4.59149981
264.971405 -199.968796 4.7020998
264.890472 -199.928619 4.89627504
264.92865 -199.906204 5.04145002
264.918091 -199.912125 5.31890011
264.899506 -199.936462 5.46847486
264.896118 -199.878937 5.72066689
264.917664 -199.951324 5.91944027
264.893311 -199.906769 6.10290003
264.862915 -199.873505 6.27939987
264.828491 -199.844803 6.54320002
264.971497 -199.917496 6.77810001
264.927704 -199.816193 6.82715034
264.911682 -199.92691 7.16125011
264.995605 -199.965897 7.35440016
264.891052 -199.884644 7.63905001
264.852203 -199.806396 7.98990011
264.896606 -199.849701 8.33180046
264.864502 -199.982407 8.81389999
264.932098 -199.813507 9.19939995
264.860931 -199.703461 1.66913331
264.882202 -199.726929 1.89765
264.835663 -199.719971 2.07046676
264.86731 -199.669098 2.46659994
264.908691 -199.725403 2.72429991
264.848877 -199.709412 2.88619995
264.857056 -199.667053 3.11525011
264.840332 -199.739502 3.21504998
264.868652 -199.712646 3.49699998
264.8508 -199.748993 3.68589997
264.917114 -199.741745 3.94954991
264.893799 -199.759247 4.07474995
264.908905 -199.753998 4.34414959
264.923676 -199.766327 4.48686647
264.907043 -199.733307 4.66965008
264.878815 -199.788696 5.33459997
264.870209 -199.751205 5.52610016
264.883392 -199.728195 5.67679977
264.899048 -199.765106 5.85196686
264.956451 -199.759903 6.06876659
264.90451 -199.779404 6.25093317
264.879913 -199.789902 6.52950001
264.908173 -199.771027 6.69656658
264.998413 -199.788895 6.85220003
264.878113 -199.778198 7.0637002
264.806091 -199.777603 7.63009977
264.830414 -199.797302 8.60439968
265.002289 -199.960007 3.52160001
265.04483 -199.897064 3.93643332
265.044189 -199.845703 4.13800001
265.048828 -199.918121 4.32445002
265.048187 -199.883698 4.46360016
265.059021 -199.899414 4.62615013
265.012482 -199.872238 5.91489983
265.046936 -199.966553 6.14884996
265.076813 -199.838806 6.41699982
265.006409 -199.880905 7.20690012
265.035004 -199.765594 3.68449998
265.046509 -199.712296 6.82600021
265.002106 -199.775208 9.66390038
265.475647 -199.644745 4.52009964
265.911407 -199.793198 18.0501995
266.115601 -199.963699 3.90860009
266.131409 -199.948807 4.10230017
266.34549 -199.528793 4.73850012
266.514587 -199.829407 15.5183001
266.782196 -199.979095 15.6204996
266.625 -199.604904 10.3118
266.76239 -199.6064 15.4744997
266.976501 -199.929596 15.5284004
266.964111 -199.626099 7.45760012
266.917908 -199.764603 10.2294998
266.901703 -199.7267 15.5848999
266.9086 -199.731598 15.6426001
266.864807 -199.546402 15.3245001
267.154205 -199.957596 10.1738005
267.102509 -199.920105 18.2856998
267.163391 -199.773193 4.76399994
267.185699 -199.653 15.5462999
267.117981 -199.462097 15.0902004
267.110413 -199.383804 15.1877003
267.260406 -199.999405 4.50419998
267.388214 -199.954895 4.85780001
267.391296 -199.824997 7.3744998
267.310211 -199.843094 7.48000002
267.39151 -199.776398 15.5839996
267.237488 -199.707306 15.6205997
267.362305 -199.650497 17.1651001
267.355591 -199.410797 9.51019955
267.384186 -199.405701 12.2756996
267.226593 -199.541702 12.5536003
267.334198 -199.576706 12.7791996
267.281097 -199.560394 12.8801003
267.310089 -199.507996 15.6229
267.583099 -199.828598 14.6027002
267.573212 -199.856796 17.9491005
267.495087 -199.756699 4.78789997
267.573914 -199.692307 12.6957998
267.462708 -199.705994 12.934
267.542297 -199.796005 14.6905003
267.590607 -199.719193 15.6164999
267.571808 -199.470901 10.0778999
267.466492 -199.528198 12.7887001
267.547607 -199.573196 14.5977001
267.486389 -199.499298 15.1730003
267.543457 -199.545502 15.3171005
267.519012 -199.501495 15.5757999
267.570587 -197.434799 5.78709984
267.738007 -199.875107 6.78599977
267.715088 -199.9431 6.81010008
267.644409 -199.819397 7.4545002
267.787689 -199.898102 9.94960022
267.796814 -199.984802 11.5354004
267.762909 -199.902695 12.6681004
267.627594 -199.886505 14.7219
267.787415 -199.859299 15.3675003
267.790192 -199.893005 15.5132999
267.732697 -199.903702 16.2257996
267.749817 -199.835495 17.8929672
267.78479 -199.647202 4.7118001
267.60321 -199.782394 4.86170006
267.769897 -199.639496 6.60150003
267.778656 -199.745346 6.91390038
267.73349 -199.753006 9.29969978
267.770996 -199.666794 9.96990013
267.799103 -199.707001 10.1006002
267.732239 -199.749298 12.7553749
267.705597 -199.626694 14.4705
267.775787 -199.621201 15.3361998
267.716949 -199.707794 15.5295
267.609009 -199.673004 15.8905001
267.772705 -199.760605 16.0643997
267.746094 -199.774796 16.3118
267.637909 -199.699799 16.9137993
267.705994 -199.654404 17.8297997
267.715515 -199.674103 18.9757996
267.713806 -199.634201 19.1044998
267.787903 -199.608597 19.4643993
267.681488 -199.604996 19.7849998
267.7388 -199.628601 20.1987991
267.721954 -199.71991 20.5293007
267.617889 -199.745193 21.5415001
267.75061 -199.455399 3.50209999
267.733887 -199.466797 3.70830011
267.799194 -199.501602 4.5474
267.746887 -199.437607 6.37820005
267.725708 -199.423492 6.86490011
267.652893 -199.589706 7.06769991
267.765991 -199.505203 7.28399992
267.750702 -199.481598 9.12919998
267.732391 -199.496506 9.34739971
267.750793 -199.453506 9.64540005
267.670013 -199.476898 9.88160038
267.710388 -199.5383 10.1085997
267.778412 -199.429398 11.7559004
267.670593 -199.557709 12.1161995
267.708099 -199.469604 12.2741003
267.768646 -199.53685 12.4456997
267.761597 -199.500397 12.6824999
267.761597 -199.583603 12.882
267.663605 -199.569901 14.3656998
267.755798 -199.496796 14.7669001
267.769989 -199.578598 14.9167004
267.738098 -199.579407 15.2567997
267.754486 -199.500107 15.7646999
267.684601 -199.514893 17.0974503
267.684113 -199.587906 19.2674007
267.774536 -199.555099 19.7095509
267.739899 -199.549103 19.9584007
267.717194 -199.551697 20.4922009
267.712463 -199.555496 21.2666016
267.769867 -199.289032 3.74616671
267.761719 -199.306702 3.97215009
267.714996 -199.308105 4.08685017
267.717224 -199.338043 4.30964994
267.750397 -199.317795 4.6500001
267.780304 -199.321594 6.20959997
267.7836 -199.349106 6.5776
267.627686 -199.383606 7.4527998
267.748505 -199.363495 9.39799976
267.788391 -199.251801 9.45810032
267.716888 -199.289795 9.67599964
267.79541 -199.376404 15.6267996
267.671997 -198.430206 11.5328999
267.617798 -197.422806 5.78910017
267.937805 -199.909897 2.85579991
267.936707 -199.8871 3.01099992
267.945709 -199.972397 3.38059998
267.86084 -199.862976 3.91922498
267.860596 -199.824295 4.06559992
267.856628 -199.945557 4.69859982
267.952454 -199.860291 4.93104982
267.963104 -199.928406 5.06770039
267.905884 -199.946259 5.32485008
267.927612 -199.928604 5.77759981
267.935181 -199.923645 5.94400024
267.895569 -199.892746 6.51055002
267.863098 -199.876099 6.86929989
267.828369 -199.812347 7.08424997
267.826294 -199.801804 7.34880018
267.958679 -199.949554 7.48445034
267.926453 -199.928741 7.77839994
267.897064 -199.893906 8.28513336
267.906799 -199.954697 8.4861002
267.895508 -199.934906 8.68999958
267.847839 -199.816132 9.6590662
267.873901 -199.900604 10.0897999
267.922363 -199.887848 10.34515
267.916138 -199.973404 10.4870501
267.958374 -199.865662 10.7515497
267.888397 -199.901505 10.9709997
267.940918 -199.843506 11.0715332
267.937988 -199.891541 11.3264999
267.929352 -199.850052 11.5012999
267.931 -199.975204 11.6604004
267.863159 -199.90564 11.8804665
267.908813 -199.894592 12.1837502
267.809509 -199.996902 12.3980999
267.889008 -199.920105 12.4693003
267.853058 -199.854553 12.7370996
267.897308 -199.9384 12.9006996
267.94751 -199.866394 13.2055998
267.925598 -199.934296 13.4752998
267.947693 -199.865005 13.6723003
267.924316 -199.881592 13.8361492
267.934235 -199.985336 15.9176664
267.802094 -199.818497 16.1819992
267.906097 -199.935303 16.5709991
267.96582 -199.873703 16.6814003
267.917603 -199.862793 18.1121483
267.873413 -199.849594 18.7744999
267.887573 -199.971298 18.9466
267.92334 -199.859253 19.1124001
267.947815 -199.965897 19.2875004
267.901306 -199.7612 3.34559989
267.857513 -199.670593 4.78329992
267.891907 -199.710297 4.97200012
267.903198 -199.673599 5.18050003
267.906006 -199.766006 5.30004978
267.909088 -199.660706 5.61530018
267.815308 -199.789902 6.41230011
267.826904 -199.770798 6.72970009
267.827698 -199.794998 6.94010019
267.809204 -199.613907 7.44540024
267.917786 -199.697403 7.69150019
267.905762 -199.646912 7.8777504
267.8508 -199.606995 8.00030041
267.873108 -199.74765 8.36215019
267.890991 -199.708801 8.49060059
267.816589 -199.656906 10.1541996
267.892212 -199.672165 10.2580338
267.945709 -199.617798 10.5388002
267.868988 -199.740494 10.7311001
267.923615 -199.730392 10.8196001
267.88855 -199.611694 11.0889502
267.897644 -199.706375 11.272975
267.867096 -199.678497 11.4990997
267.857513 -199.681305 11.6154003
267.885803 -199.7948 12.2924004
267.838715 -199.779007 12.6073999
267.85556 -199.676544 12.8474503
267.910706 -199.7845 13.0602999
267.882996 -199.708405 13.2025003
267.936798 -199.734406 13.5075998
267.83609 -199.688202 13.7213001
267.916565 -199.727249 13.9224997
267.926086 -199.670898 14.0063
267.915894 -199.7444 15.7014332
267.860199 -199.703308 15.9106998
267.861298 -199.759201 16.4445992
267.933533 -199.625793 17.2751999
267.836304 -199.737854 17.7358017
267.88559 -199.733597 17.8062992
267.908081 -199.631332 18.1425667
267.900177 -199.724884 18.3414001
267.915985 -199.708893 18.5765991
267.922455 -199.690506 18.6263008
267.874695 -199.712311 19.1022491
267.850555 -199.665405 20.5074005
267.824097 -199.680801 20.8570004
267.908905 -199.676804 21.5178337
267.872711 -199.420807 2.87069988
267.973297 -199.411194 3.80180001
267.841614 -199.501694 4.60309982
267.934509 -199.469894 4.85489988
267.869995 -199.528351 5.15120029
267.856506 -199.556793 5.35080004
267.853882 -199.485077 5.4824748
267.889709 -199.471603 5.72819996
267.857513 -199.517456 5.92889977
267.863892 -199.528702 7.33643341
267.900146 -199.5121 7.52199984
267.901764 -199.539703 7.72143316
267.886108 -199.541046 8.10477448
267.874573 -199.49556 8.30581665
267.89151 -199.490295 8.4822998
267.959503 -199.535004 8.66989994
267.845398 -199.401596 9.00800037
267.861511 -199.444504 9.78590012
267.841705 -199.4487 9.95965004
267.912659 -199.482605 10.2262497
267.891998 -199.546097 10.4942999
267.911987 -199.551453 10.7009506
267.986298 -199.455902 10.9168997
267.848511 -199.528503 11.0601997
267.85437 -199.552002 11.2721996
267.998413 -199.430099 11.5818005
267.935455 -199.436859 11.77215
267.922455 -199.490662 11.8334503
267.96991 -199.502808 12.0537996
267.871704 -199.546509 12.53825
267.945007 -199.573593 12.9940004
267.92926 -199.503494 13.3629246
267.937408 -199.488693 13.5247002
267.96759 -199.598907 13.6240997
267.903687 -199.498749 13.9389
267.989288 -199.577393 14.0066996
267.981506 -199.489395 14.4675999
267.833801 -199.556595 14.9572001
267.913208 -199.528 15.2849503
267.97171 -199.471695 15.5577002
267.919189 -199.530502 16.0277996
267.81369 -199.458893 16.2205009
267.923309 -199.575714 16.4977398
267.934113 -199.455307 16.7880993
267.934875 -199.501709 17.3251991
267.861633 -199.555298 17.6318493
267.854492 -199.550598 17.905899
267.846313 -199.556396 18.1865005
267.886749 -199.450836 18.3120995
267.972595 -199.592896 18.4740009
267.921906 -199.554001 19.1399002
267.960785 -199.506699 20.0601997
267.937805 -199.574707 20.3556995
267.930603 -199.433807 20.6688995
267.896667 -199.535446 20.8764496
267.80661 -199.533997 21.1021996
267.942596 -199.462296 21.2553997
267.849091 -199.569199 21.4428997
267.972107 -199.324097 2.74379992
267.925385 -199.296234 2.95713329
267.905273 -199.357697 3.10949993
267.922241 -199.29129 3.29879999
267.948914 -199.286896 3.44930005
267.920441 -199.264999 3.90455008
267.935333 -199.286407 4.29126692
267.868164 -199.311569 4.48203325
267.844543 -199.31665 4.65889978
267.843903 -199.295502 4.98659992
267.960205 -199.284302 5.17679977
267.898132 -199.324875 5.27055979
267.921692 -199.296356 5.52460003
267.945007 -199.291 5.70499992
267.94101 -199.264999 5.9440999
267.956299 -199.271805 6.16720009
267.84967 -199.319031 6.46556664
267.885681 -199.337799 6.72494984
267.910828 -199.308655 6.84105015
267.816315 -199.373001 7.15479994
267.983795 -199.3423 7.21759987
267.921631 -199.374527 7.50596666
267.972687 -199.328094 7.62540007
267.987915 -199.395905 8.17660046
267.889893 -199.332092 8.25880051
267.954498 -199.374496 8.55080032
267.86441 -199.340897 8.63640022
267.968414 -199.3992 9.35990047
267.83139 -199.383606 9.50510025
267.828186 -199.388107 9.84179974
267.869202 -199.335205 10.9744501
267.876312 -199.371597 11.2327003
267.993988 -199.299103 14.9973001
267.910278 -199.380341 16.9460983
267.883514 -199.350006 19.7644997
267.886108 -199.393494 20.7798996
267.807312 -197.809998 5.99580002
267.826202 -197.957199 8.8508997
267.859497 -197.277908 5.73623323
268.184814 -199.867905 1.95739996
268.196594 -199.882996 2.4770999
268.038696 -199.910294 3.37010002
268.061005 -199.914642 3.66940022
268.053192 -199.9207 3.98149991
268.117798 -199.885254 5.97755003
268.090149 -199.876648 7.69820023
268.026154 -199.910645 8.5753994
268.075409 -199.925812 8.64204979
268.145721 -199.926147 8.91292477
268.048706 -199.854294 9.05760002
268.000092 -199.8983 10.2229996
268.029388 -199.999802 11.1440001
268.009186 -199.919403 13.9089003
268.035797 -199.947693 16.7406006
268.041107 -199.916107 18.3668995
268.026886 -199.900208 18.5809994
268.031708 -199.999207 19.1793995
268.18219 -199.863098 21.5970001
268.060608 -199.748505 4.05159998
268.0224 -199.777893 4.25979996
268.06897 -199.647644 5.93624973
268.072296 -199.740631 8.56096649
268.061493 -199.755005 11.3238001
268.048615 -199.617493 13.5193996
268.07959 -199.691406 16.0841999
268.168091 -199.671295 16.6632004
268.127197 -199.672501 18.3505993
268.129791 -199.612198 19.1427002
268.194 -199.708694 19.2738991
268.065491 -199.659393 21.508234
268.025513 -199.440796 2.67560005
268.006989 -199.478897 3.05110002
268.080505 -199.412003 4.97349977
268.128998 -199.403503 7.79309988
268.199707 -199.400406 7.83669996
268.151794 -199.414505 8.76439953
268.114685 -199.400803 9.05290031
268.092499 -199.400894 9.36439991
268.060669 -199.431854 9.66069984
268.187103 -199.424606 10.3662004
268.099548 -199.414337 10.7040501
268.098206 -199.444 11.1829004
268.188904 -199.451004 11.3334999
268.189087 -199.446106 11.5841999
268.142609 -199.441696 11.8673
268.109894 -199.461899 12.0916004
268.098236 -199.474548 12.3856506
268.064301 -199.437653 12.5018501
268.137787 -199.526596 12.6413002
268.112793 -199.498199 12.8551998
268.176392 -199.441101 13.2601995
268.172791 -199.490402 13.5925999
268.063385 -199.450302 13.7690001
268.040192 -199.446503 13.9504995
268.064911 -199.497101 14.0081997
268.175507 -199.467804 14.2468996
268.076202 -199.493958 14.9099007
268.040588 -199.490952 15.1416502
268.17981 -199.432602 15.2641001
268.064514 -199.548706 15.4979
268.088196 -199.483047 15.77075
268.187103 -199.5009 16.2583008
268.122589 -199.533707 16.4631996
268.075348 -199.566711 16.6925011
268.088715 -199.587296 17.1560993
268.186493 -199.570404 17.2740993
268.069702 -199.524139 17.6889496
268.065887 -199.534393 18.1693993
268.090454 -199.477509 19.1480503
268.12381 -199.588593 19.3414993
268.082001 -199.411499 20.8717499
268.071014 -199.516006 21.3495998
268.041809 -199.560806 21.4426003
268.068787 -199.229294 2.15919995
268.136688 -199.268204 2.38490009
268.102783 -199.268799 2.46005011
268.154724 -199.244202 2.68869996
268.144989 -199.234344 2.98670006
268.017395 -199.230606 3.16039991
268.085754 -199.302948 3.30835009
268.11615 -199.265594 3.52899981
268.105713 -199.28598 3.66879988
268.087982 -199.285034 3.91183329
268.100189 -199.265503 4.07259989
268.139099 -199.269897 4.33269978
268.14856 -199.317505 4.47154999
268.133453 -199.277374 4.73696661
268.001099 -199.260895 5.20109987
268.145203 -199.312897 5.45120001
268.1828 -199.306747 5.70090008
268.099365 -199.281372 6.09659958
268.154846 -199.328751 6.26640034
268.160095 -199.319199 6.48944998
268.178772 -199.302948 6.71294975
268.092682 -199.344574 6.87243319
268.080139 -199.353241 7.31719971
268.104187 -199.324722 7.50907516
268.164093 -199.316895 7.60470009
268.104187 -199.319794 7.83790016
268.09256 -199.373734 8.13026619
268.136902 -199.374039 8.28680038
268.155579 -199.33696 8.43066692
268.088104 -199.348495 8.72649956
268.144989 -199.360992 8.91479969
268.1073 -199.360504 9.1303997
268.116608 -199.389893 9.29459953
268.154846 -199.386444 9.53384972
268.088104 -199.382904 11.2205
268.104309 -199.3936 11.7234001
268.051605 -199.329697 12.2557001
268.156494 -199.378006 12.8142004
268.003815 -199.334198 13.8802996
268.019501 -199.294601 15.4184999
268.010406 -199.374695 16.9633007
268.000214 -199.397003 21.5058002
268.128815 -199.193405 1.97010005
268.196686 -199.058807 10.5437002
268.025299 -198.007996 8.91399956
268.1409 -197.910904 8.83600044
268.010193 -197.432999 5.82690001
268.040985 -197.367706 5.75150013
268.256439 -199.941101 1.55474997
268.213074 -199.924454 9.07544994
268.249786 -199.828293 21.5872002
268.253387 -199.763794 16.8470001
268.339294 -199.601395 18.1352005
268.250702 -199.667206 18.2362003
268.318359 -199.715103 21.5422993
268.200104 -199.475494 10.8632002
268.240417 -199.443542 11.3468494
268.225006 -199.427704 11.9980001
268.274994 -199.481598 12.1042004
268.29303 -199.423706 12.4328995
268.261292 -199.522995 13.7130003
268.301697 -199.4552 14.0580997
268.319794 -199.515793 14.3050003
268.385406 -199.485397 14.4005003
268.283508 -199.519196 14.9125996
268.295593 -199.504196 15.0091
268.223389 -199.487595 15.3182001
268.285797 -199.409805 15.6334
268.257599 -199.531097 16.1557007
268.2724 -199.481445 16.3411503
268.274292 -199.510452 16.5034504
268.361603 -199.510193 16.7560005
268.228333 -199.535202 17.0806503
268.374786 -199.415405 17.2005997
268.300842 -199.525452 17.4972496
268.293701 -199.406097 17.7639999
268.324402 -199.513397 17.9247017
268.334961 -199.494293 18.3283005
268.285889 -199.513367 18.5176334
268.227783 -199.554108 18.8753014
268.339111 -199.501053 19.1530743
268.31369 -199.558807 19.3174
268.261719 -199.449951 20.8901501
268.231049 -199.432587 21.4949493
268.280792 -199.209198 3.24769998
268.255676 -199.205963 3.56573319
268.289459 -199.227997 3.91984987
268.225189 -199.2099 4.02190018
268.231628 -199.259277 4.36385012
268.279541 -199.217819 4.4744668
268.2789 -199.22641 4.72074986
268.24881 -199.220901 5.18470001
268.323303 -199.229004 5.5618
268.340607 -199.247101 5.80999994
268.265991 -199.274796 6.1164999
268.332031 -199.245087 6.30437136
268.323608 -199.269196 6.49819994
268.31781 -199.247696 6.65070009
268.309296 -199.299896 6.87969971
268.252106 -199.266205 7.09810019
268.27948 -199.274261 7.36314964
268.253204 -199.232498 7.42309999
268.287598 -199.245163 7.75316668
268.309113 -199.213699 7.92019987
268.271667 -199.2733 8.09500027
268.337311 -199.306274 8.3231802
268.363708 -199.264999 8.50059986
268.2948 -199.360962 8.66526699
268.303894 -199.342606 9.13829994
268.297913 -199.258698 9.3685503
268.29599 -199.395294 9.61600018
268.34198 -199.321655 9.95680046
268.271149 -199.287109 10.1520004
268.203308 -199.389603 10.2016001
268.286194 -199.343597 10.4253998
268.330139 -199.286346 10.7376499
268.319763 -199.324997 10.8637333
268.34491 -199.399994 11.3938999
268.253693 -199.258804 11.6288004
268.338654 -199.388092 11.9684505
268.285095 -199.372498 12.7072001
268.319275 -199.344604 12.8857498
268.372009 -199.394501 13.8580999
268.349915 -199.379807 15.8586998
268.255798 -199.3302 20.5366001
268.305511 -199.382004 20.8204002
268.329315 -199.142593 1.71340001
268.336914 -199.159836 1.86823332
268.371307 -199.178696 2.25200009
268.279297 -199.185394 2.55200005
268.352783 -199.167297 2.7082665
268.351593 -199.178894 2.88549995
268.386688 -199.183105 3.15019989
268.2388 -199.189102 3.3763001
268.317017 -199.183746 3.46834993
268.314789 -199.164398 4.05679989
268.373108 -199.190002 4.49650002
268.352814 -199.156097 4.67670012
268.321838 -199.129639 4.91880035
268.390503 -199.191803 5.25829983
268.344666 -199.192703 5.4295001
268.364105 -199.156998 7.37680006
268.345093 -199.163895 8.68739986
268.343994 -199.101105 10.7348995
268.301788 -199.034897 12.9994001
268.260803 -199.137802 13.4677
268.274292 -198.991394 10.8247004
268.253967 -197.508545 5.89914989
268.382507 -197.384506 5.79020023
268.40329 -199.884506 1.51189995
268.503693 -199.627197 15.1295996
268.43219 -199.673492 18.9883003
268.55719 -199.732101 21.5000992
268.540192 -199.408997 1.5223
268.59079 -199.410706 11.5297003
268.467499 -199.425003 11.8021002
268.570099 -199.412399 12.0472002
268.564514 -199.406601 13.5713997
268.497406 -199.460098 13.7600002
268.400299 -199.4823 14.1117001
268.562012 -199.401596 14.5080996
268.47821 -199.406204 14.7278996
268.40741 -199.476898 15.0888996
268.566711 -199.458801 15.2489996
268.549194 -199.4133 15.6306
268.417114 -199.453598 16.3598995
268.440491 -199.539001 16.4624996
268.416107 -199.575897 16.6966
268.505096 -199.440002 17.1499996
268.471893 -199.429703 17.3868008
268.501892 -199.526398 17.6448994
268.429138 -199.549103 17.8815994
268.539001 -199.498505 18.1180992
268.413086 -199.594696 19.0921993
268.437897 -199.565598 19.2073994
268.469788 -199.460693 20.3477001
268.480896 -199.487305 21.4937992
268.417297 -199.200897 4.00769997
268.408386 -199.218704 4.26620007
268.473511 -199.226791 5.52756691
268.402191 -199.242401 5.61299992
268.549622 -199.229095 5.84035015
268.498108 -199.239899 6.15770006
268.589508 -199.201599 6.26719999
268.584015 -199.234207 6.50549984
268.527496 -199.242493 6.65080023
268.505188 -199.239105 6.82019997
268.471313 -199.2556 8.13059998
268.490601 -199.283401 8.3281498
268.486847 -199.312134 8.70580006
268.502411 -199.331604 8.84309959
268.50647 -199.32547 9.05443287
268.590698 -199.248703 9.4399004
268.467041 -199.324127 9.69317532
268.570892 -199.367996 9.81579971
268.575592 -199.298798 10.7469997
268.562408 -199.329498 11.0558996
268.51709 -199.349594 11.5511999
268.444305 -199.344406 13.3333998
268.533051 -199.2724 13.4764996
268.584686 -199.304306 13.8341999
268.473694 -199.384995 14.0504999
268.441498 -199.389893 14.2332001
268.571106 -199.339706 15.3256998
268.44281 -199.368256 16.1317005
268.489594 -199.358994 16.5541
268.436005 -199.320602 20.368
268.486115 -199.126099 1.62329996
268.456909 -199.140503 1.83430004
268.51236 -199.135834 2.08170009
268.477692 -199.142105 2.31590009
268.483093 -199.152954 2.5467
268.425995 -199.144104 2.64359999
268.492645 -199.152008 2.98434997
268.508789 -199.147247 3.04190016
268.530792 -199.149704 3.24710011
268.505005 -199.154327 3.48773336
268.47522 -199.167374 3.67846656
268.538208 -199.168701 3.95449996
268.456604 -199.174438 4.11209965
268.528595 -199.192505 4.29500008
268.498108 -199.158508 4.48147488
268.406403 -199.196304 4.69799995
268.411896 -199.150803 4.9994998
268.423798 -199.178406 5.48250008
268.529785 -199.197098 6.00360012
268.514893 -199.169907 6.52029991
268.561401 -199.166702 7.9059
268.562408 -199.189896 8.0394001
268.507385 -199.072998 11.6752996
268.589996 -199.149506 15.0230999
268.483002 -197.720596 8.75080013
268.437897 -194.289093 7.58839989
268.783813 -199.404099 11.6448002
268.657715 -199.409393 13.5225
268.778015 -199.407898 14.0337
268.675293 -199.471893 14.8344002
268.781708 -199.4254 15.0160999
268.793396 -199.4095 16.1560001
268.778809 -199.455399 16.2663002
268.710602 -199.420898 16.7240009
268.714905 -199.478302 16.9421997
268.640503 -199.413696 17.1625004
268.706146 -199.475204 17.8558998
268.688171 -199.46109 18.2551498
268.626465 -199.504547 18.71035
268.766693 -199.443695 19.3078003
268.694214 -199.469498 21.2355003
268.708771 -199.500793 21.5137329
268.668793 -199.245407 1.49790001
268.618195 -199.2155 5.47849989
268.729187 -199.220596 5.76319981
268.673889 -199.205399 5.95359993
268.610504 -199.205002 6.09200001
268.677002 -199.211594 6.24900007
268.627502 -199.218994 6.5927
268.660797 -199.234894 6.70870018
268.601288 -199.283203 6.94910002
268.748108 -199.240295 7.19829988
268.684601 -199.237244 8.11604977
268.787811 -199.236893 8.37380028
268.671631 -199.266357 8.68599987
268.618286 -199.279602 8.98040009
268.644714 -199.301605 9.08279991
268.654205 -199.263 9.24429989
268.729401 -199.297607 9.48779964
268.605499 -199.2686 9.7336998
268.700317 -199.3367 9.8545332
268.688049 -199.261292 10.7661991
268.681793 -199.331802 10.8100996
268.722412 -199.316498 11.0999498
268.67099 -199.357697 11.2676001
268.712494 -199.355896 11.7545996
268.65271 -199.395905 11.9525995
268.642609 -199.339996 12.0952997
268.728394 -199.354004 13.4981003
268.775513 -199.366699 14.0650997
268.763306 -199.303696 14.3913002
268.726715 -199.374802 14.6133003
268.638306 -199.267807 15.0981998
268.687897 -199.346497 15.2615004
268.629456 -199.318146 16.1227989
268.712402 -199.386002 16.9095993
268.724213 -199.342896 17.8855
268.759888 -199.285095 18.4108009
268.708069 -199.275757 21.5107994
268.691254 -199.10849 1.72815001
268.622711 -199.117096 1.98249996
268.649811 -199.110703 2.1803
268.615601 -199.131699 2.34750009
268.707794 -199.1035 2.42269993
268.660706 -199.122192 2.6178
268.766113 -199.115295 2.80200005
268.649994 -199.126694 3.24309993
268.733612 -199.113693 3.546
268.70697 -199.126755 3.71304989
268.67749 -199.145203 3.91639996
268.64621 -199.148895 4.26440001
268.705078 -199.145844 4.5
268.605713 -199.063507 4.76900005
268.689758 -199.118301 4.89424992
268.691895 -199.125595 5.34395027
268.720612 -199.185898 5.65920019
268.783508 -199.191498 6.42070007
268.70929 -199.189407 6.66470003
268.753601 -199.1884 7.1099
268.738312 -199.183594 7.29629993
268.747101 -199.189697 8.09200001
268.782349 -199.172699 10.7316494
268.667786 -199.1185 20.6086998
268.697571 -198.89093 8.12695026
268.785797 -198.976303 20.1835995
268.736694 -198.227707 11.5941
268.645294 -197.832703 8.86680031
268.656403 -197.608597 6.00899982
268.660614 -197.703705 8.72920036
268.709595 -197.360001 5.82889986
268.605804 -194.820602 7.59240007
268.949005 -199.810196 1.56930006
268.80191 -199.767807 21.5951004
268.894012 -199.427994 14.9568996
268.89151 -199.432007 15.0408497
268.856812 -199.417801 17.1996002
268.940704 -199.421005 17.5746002
268.928711 -199.440994 17.7451
268.898499 -199.488907 17.8015003
268.957397 -199.461502 18.3132992
268.866516 -199.461945 18.4740982
268.863586 -199.436493 18.6700001
268.933838 -199.236115 1.53964996
268.888916 -199.204147 6.70510006
268.877502 -199.227798 7.04834986
268.897858 -199.218842 7.28950024
268.894592 -199.235291 8.15270042
268.867859 -199.223602 8.33535004
268.94989 -199.233307 8.59440041
268.915649 -199.268555 8.85409927
268.915192 -199.286499 9.1573
268.845795 -199.277206 9.3501997
268.904968 -199.255051 9.46579933
268.900909 -199.275101 9.71460056
268.832947 -199.307449 9.87580013
268.959106 -199.222702 10.3794003
268.898987 -199.326706 10.8432999
268.880127 -199.285706 11.1217499
268.850891 -199.305298 11.5716
268.812592 -199.316895 11.7687998
268.827393 -199.341293 12.1276999
268.854797 -199.375305 12.5460997
268.965302 -199.310104 13.5101004
268.898193 -199.254105 13.7351999
268.933472 -199.348755 14.0508003
268.831207 -199.283005 15.1375999
268.878387 -199.2276 15.2108002
268.863403 -199.392197 16.5237999
268.880737 -199.343277 16.9299335
268.856934 -199.308563 17.0753498
268.944305 -199.311203 17.3934002
268.996002 -199.352997 17.4524002
268.843292 -199.364502 18.0492001
268.828705 -199.376297 18.2886009
268.927887 -199.081894 1.66729999
268.946686 -199.079193 1.98189998
268.944611 -199.070404 2.03579998
268.935699 -199.082397 2.21989989
268.8992 -199.092896 2.54054999
268.955017 -199.071442 2.69799995
268.91449 -199.083099 3.04754996
268.894989 -199.09584 3.36443329
268.8815 -199.113159 3.49927998
268.970764 -199.084442 3.67205
268.952423 -199.108322 3.88705993
268.939392 -199.122604 4.13259983
268.936462 -199.123108 4.28130007
268.899963 -199.124969 4.5043335
268.875793 -199.092697 4.68160009
268.875061 -199.085495 4.94855022
268.949341 -199.063507 5.06375027
268.929565 -199.055695 5.28903341
268.903259 -199.142395 5.49927139
268.836487 -199.193802 5.61959982
268.835632 -199.159927 5.83606672
268.985413 -199.156998 6.00330019
268.956421 -199.177795 6.22095013
268.931885 -199.1604 6.45879984
268.82959 -199.180695 6.72955036
268.957611 -199.164734 7.07940006
268.9552 -199.1483 7.24230003
268.951935 -199.141327 7.4772501
268.954193 -199.145294 8.01585007
268.853485 -199.119797 10.6892996
268.890808 -199.181198 13.4371996
268.948486 -199.033997 20.0363007
268.882874 -198.913849 8.10890007
268.86911 -198.861603 10.8612003
268.941803 -198.257401 11.6051998
268.925751 -197.908844 8.89724922
269.036102 -199.643906 19.4032993
269.060608 -199.655594 21.5625992
269.128815 -199.587708 1.53069997
269.173706 -199.415298 15.0692997
269.122589 -199.420395 16.3006001
269.098785 -199.505997 17.6543007
269.183197 -199.456894 18.1741009
269.129395 -199.446396 18.2978001
269.145508 -199.411194 18.4962997
269.056 -199.417099 18.7994003
269.156097 -199.460907 18.9279995
269.042755 -199.514343 19.385849
269.172211 -199.541 21.3640995
269.188904 -199.450394 21.5067997
269.003693 -199.2379 1.51090002
269.01709 -199.208405 7.1329999
269.150909 -199.222107 7.28569984
269.086914 -199.206696 8.14999962
269.065491 -199.203003 8.31710052
269.115112 -199.206787 8.70734978
269.121307 -199.236404 8.90540028
269.065125 -199.223694 9.17099953
269.091858 -199.257095 9.23614979
269.038361 -199.275436 9.56239986
269.108765 -199.23317 9.7128334
269.027161 -199.284943 9.82390022
269.077271 -199.259598 10.8894005
269.066711 -199.266098 11.2687998
269.02829 -199.290497 11.9204998
269.067291 -199.3116 12.0670004
269.111115 -199.259094 13.4482002
269.083557 -199.341736 14.0643501
269.151489 -199.223206 14.4896002
269.137512 -199.337708 14.9282999
269.021912 -199.215698 15.9372997
269.075012 -199.246597 16.0583
269.049011 -199.338699 16.9682999
269.188995 -199.252106 18.3064003
269.157806 -199.397995 18.4421997
269.024994 -199.251907 18.6473007
269.178986 -199.353394 18.9157009
269.085205 -199.370499 20.8929996
269.016998 -199.331406 21.4491501
269.03009 -199.060394 1.71729994
269.169006 -199.062607 1.99880004
269.133698 -199.048248 2.09975004
269.061005 -199.056198 2.25279999
269.139343 -199.066956 2.48885012
269.134705 -199.061493 2.73029995
269.106354 -199.071198 2.94309998
269.114044 -199.067993 3.11469984
269.061493 -199.07724 3.31869984
269.113037 -199.0802 3.48024988
269.128571 -199.077469 3.64213324
269.089142 -199.087296 3.94238329
269.0578 -199.100998 4.18604994
269.184448 -199.089355 4.25290012
269.179321 -199.061401 4.54650021
269.0224 -199.011002 4.73950005
269.008911 -199.083603 4.89559984
269.00885 -199.07045 5.09969997
269.081879 -199.016708 5.27160025
269.139709 -199.120071 5.47790003
269.117737 -199.138428 5.66467524
269.0784 -199.138 5.88780022
269.089996 -199.158371 6.318367
269.077179 -199.157867 6.51590014
269.092712 -199.198456 6.72535038
269.081604 -199.179657 6.89305019
269.170807 -199.158905 7.07870007
269.024506 -199.155701 7.30439997
269.028992 -199.126495 7.40199995
269.146149 -199.090698 8.06270027
269.16748 -199.193649 8.26315022
269.126526 -199.098404 10.7129002
269.082001 -199.170898 15.9115
269.187012 -199.177795 21.281601
269.159912 -198.976105 5.12949991
269.079102 -198.964996 8.02600002
269.015289 -194.160095 7.34929991
269.222687 -199.855194 1.53349996
269.315552 -199.730301 1.53063333
269.217712 -199.414093 18.8027992
269.220001 -199.470993 19.4489994
269.2724 -199.555298 21.5268993
269.200012 -199.218796 8.41940022
269.280487 -199.213501 8.79269981
269.258606 -199.216965 9.13096619
269.338104 -199.203293 9.84300041
269.211212 -199.267807 10.9132996
269.264709 -199.272202 11.5321999
269.379303 -199.223801 11.8559999
269.298309 -199.310593 12.4408998
269.299103 -199.292892 13.6519003
269.364563 -199.298248 14.5274
269.298798 -199.376007 14.6226997
269.226288 -199.382294 16.1460991
269.246796 -199.301193 16.2565994
269.257294 -199.334106 17.1958008
269.223114 -199.341293 17.3862
269.272797 -199.3703 18.5482006
269.300415 -199.351303 18.9715996
269.38681 -199.3423 21.3740005
269.315613 -199.038605 1.58210003
269.284271 -199.018509 1.68606663
269.274109 -199.017059 1.87424994
269.297241 -199.017395 2.08519983
269.283875 -199.029404 2.29683328
269.29071 -199.025391 2.48891997
269.339996 -199.019806 2.69980001
269.268951 -199.038651 2.90404987
269.296753 -199.039948 3.1157999
269.302307 -199.028305 3.35560012
269.337006 -199.04303 3.47523332
269.312866 -199.057297 3.72853327
269.257202 -199.067001 3.96499991
269.235809 -199.091904 4.07359982
269.346802 -199.060654 4.34759998
269.286926 -199.087021 4.48225021
269.278687 -199.004593 4.67320013
269.215302 -199.022598 4.86065006
269.241699 -199.0354 5.3888998
269.296692 -199.115204 5.51504993
269.264709 -199.114105 5.67670012
269.275299 -199.126831 5.8993001
269.318726 -199.121887 6.11330032
269.222412 -199.117996 6.31099987
269.317963 -199.110504 6.44606686
269.268402 -199.120804 6.72429991
269.255188 -199.157196 6.97079992
269.277313 -199.143295 7.0498333
269.342896 -199.082108 7.99370003
269.259857 -199.133392 8.11499977
269.324768 -199.175629 8.2663002
269.285919 -199.174042 8.46915054
269.272003 -199.191956 8.8729496
269.347839 -199.179352 9.08555031
269.342896 -199.084793 10.7228003
269.246094 -199.188599 13.4165001
269.357391 -198.969803 4.62340021
269.334351 -198.967163 5.27400017
269.561096 -199.733994 1.50370002
269.538086 -199.483398 1.47899997
269.497894 -199.417099 15.2236004
269.440704 -199.492905 15.4259005
269.412903 -199.401001 18.5090008
269.555389 -199.550705 19.4400005
269.5672 -199.475403 21.4244003
269.579803 -199.552902 21.6289005
269.500092 -199.227295 9.96710014
269.493805 -199.210007 10.8509998
269.522095 -199.245605 11.3099995
269.548492 -199.229797 13.5370998
269.489197 -199.292099 17.2840996
269.43869 -199.327805 18.6317997
269.513214 -199.391006 19.4241009
269.518402 -199.292297 19.8780003
269.526703 -199.278 20.7516003
269.471802 -199.26239 21.4742508
269.410309 -199.001205 1.85150003
269.469238 -199.011108 2.25620008
269.411896 -199.016296 2.91020012
269.52951 -199.000397 3.05730009
269.473206 -199.013077 3.29879999
269.54361 -199.008698 3.45300007
269.493408 -199.022705 3.62280011
269.461121 -199.043945 3.93670011
269.51651 -199.046951 4.26010036
269.423798 -199.021103 4.53459978
269.479645 -199.059235 5.4866333
269.509399 -199.085144 5.63380003
269.509613 -199.088303 5.89803314
269.488831 -199.093658 6.1385498
269.544037 -199.074738 6.32439995
269.567108 -199.130493 6.52799988
269.527924 -199.096695 6.71140003
269.502197 -199.121506 6.86845016
269.558899 -199.127151 7.24740028
269.581787 -199.0224 7.86950016
269.595398 -199.007706 8.05580044
269.494049 -199.183701 8.35095024
269.544434 -199.147263 8.68293381
269.581909 -199.171906 8.87919998
269.577789 -199.186905 9.32419968
269.423492 -199.166397 9.49730015
269.493164 -199.185104 9.71920013
269.408386 -198.998398 1.71920002
269.454895 -198.993301 1.94354999
269.582214 -198.980499 2.05870008
269.551392 -198.993896 2.29084992
269.429688 -198.998398 2.59559989
269.529999 -198.994003 2.75690007
269.536591 -198.991898 3.00510001
269.463989 -198.996704 4.07609987
269.543304 -198.877808 4.90829992
269.460938 -198.977036 5.13156652
269.477234 -198.93866 5.33279991
269.58139 -198.995407 7.33640003
269.495789 -198.999298 8.03610039
269.752289 -199.998505 1.5007
269.652496 -199.514496 21.4412994
269.74884 -199.22699 11.3254499
269.615997 -199.202194 11.4026003
269.782898 -199.201096 11.9382
269.752411 -199.223602 14.7110004
269.686157 -199.2341 15.0909996
269.739594 -199.202896 16.1756992
269.618195 -199.316803 16.4664001
269.64679 -199.308105 17.0827007
269.795197 -199.119995 1.56739998
269.7565 -199.008102 1.61870003
269.623291 -199.093704 2.1730001
269.786102 -199.099304 2.81890011
269.643097 -199.023499 3.07240009
269.7052 -199.027344 3.25559998
269.679688 -199.014252 3.56905007
269.693787 -199.039597 3.8761251
269.67749 -199.026352 4.07594967
269.756348 -199.046402 4.2982502
269.688904 -199.038406 4.48339987
269.789215 -199.020203 4.6473999
269.793213 -199.030106 4.96640015
269.753815 -199.062302 5.09819984
269.679474 -199.053436 5.48290014
269.629913 -199.064697 5.6486001
269.650757 -199.069244 6.14319992
269.728546 -199.101135 6.30055714
269.755371 -199.076324 6.53530025
269.718903 -199.077148 6.69365025
269.683807 -199.087967 6.85213327
269.607086 -199.094101 7.0163002
269.654694 -199.081497 7.38460016
269.690796 -199.013458 7.55665016
269.766235 -199.090698 7.6413002
269.606689 -199.089096 8.18109989
269.759216 -199.10434 8.53880024
269.761292 -199.12854 8.8491497
269.6828 -199.139542 9.1269331
269.742493 -199.138794 9.30309963
269.673767 -199.1474 9.4524498
269.6922 -199.161606 9.67819977
269.686646 -199.1698 9.89260006
269.689392 -199.068893 10.0065002
269.661987 -199.117203 10.4224997
269.665802 -199.102631 10.6768999
269.606293 -199.193405 10.8922997
269.640381 -198.972992 1.58640003
269.697083 -198.963699 1.69000006
269.748901 -198.96814 1.82080007
269.767212 -198.982193 2.03060007
269.777557 -198.979706 2.31340003
269.750183 -198.981247 2.47755003
269.709259 -198.984558 2.64380002
269.643005 -198.985001 3.13380003
269.66217 -198.98996 3.33144999
269.662994 -198.992798 3.57909989
269.745605 -198.992996 4.1171999
269.617401 -198.992996 4.70340014
269.707153 -198.962418 4.91001987
269.650696 -198.956497 5.19140005
269.672302 -198.830093 5.22139978
269.702911 -198.997101 7.49009991
269.614502 -198.9254 7.71385002
269.678894 -198.993851 7.90980005
269.605194 -198.970993 10.2264004
269.678986 -198.794006 8.08220005
269.809296 -199.877594 1.53489995
269.83139 -199.642303 1.52839994
269.999207 -199.770996 1.82079995
269.931213 -199.465942 1.58875
269.973511 -199.509369 1.66443336
269.989807 -199.500595 1.83050001
269.970367 -199.50444 2.11786675
269.991486 -199.413605 2.26060009
269.991394 -199.545502 2.60050011
269.954193 -199.283295 1.54964995
269.946991 -199.302994 1.78369999
269.998901 -199.311707 1.90639997
269.968933 -199.277298 2.06005001
269.873505 -199.270401 17.3073997
269.835693 -199.209595 17.6525002
269.831787 -199.307693 18.6919003
269.869965 -199.079895 1.56406665
269.988892 -199.166 1.78400004
269.970398 -199.175293 2.38549995
269.838531 -199.039169 2.49723339
269.900757 -199.113449 2.65674996
269.877289 -199.001205 2.89159989
269.936707 -199.002701 3.17639995
269.839691 -199.039566 3.30150008
269.829803 -199.025299 3.41890001
269.806702 -199.097595 3.69840002
269.819489 -199.021301 3.81929994
269.861786 -199.056564 4.0571332
269.869385 -199.052826 4.31687975
269.842224 -199.056198 4.49690008
269.903381 -199.028778 4.71552515
269.899078 -199.037628 4.88920021
269.891113 -199.007202 5.11696672
269.864594 -199.053894 5.22399998
269.808167 -199.088745 5.92799997
269.854889 -199.043594 6.08349991
269.868713 -199.073242 6.27659988
269.85376 -199.063339 6.44869995
269.90036 -199.091461 6.75472021
269.9245 -199.098297 7.13859987
269.936523 -199.097946 7.46014977
269.914154 -199.115295 7.67460012
269.848938 -199.097748 7.88885021
269.912994 -199.08432 8.08530045
269.922913 -199.106598 8.38759995
269.817413 -199.146103 8.69340038
269.848389 -199.119293 8.86079979
269.98288 -199.117401 9.10579967
269.901611 -199.137802 9.25360012
269.964752 -199.136444 9.45180035
269.849915 -199.137497 9.73770046
269.882294 -199.104797 9.95349979
269.9086 -199.127304 10.1141996
269.87085 -199.149506 10.2957497
269.834991 -199.153397 10.5537996
269.911499 -199.189697 10.8212004
269.891144 -198.969147 1.67024994
269.924744 -198.91655 1.91264999
269.893066 -198.962158 2.08300018
269.847046 -198.980347 2.27600002
269.866394 -198.961807 3.00810003
269.8461 -198.992294 3.2256
269.917908 -198.980469 3.48133326
269.938995 -198.994705 3.62199998
269.872894 -198.995407 3.94709992
269.823303 -198.985504 4.9124999
269.992706 -198.994095 5.64540005
270.01651 -199.997299 1.59850001
270.081238 -199.941391 1.70808005
270.085907 -199.90657 1.88629997
270.086456 -199.916306 2.18035007
270.034027 -199.90126 2.28553319
270.126465 -199.907928 2.52699995
270.109314 -199.903442 2.72975016
270.195709 -199.814697 5.89779997
270.17041 -199.879807 6.05805016
270.027405 -199.807297 6.36240005
270.055786 -199.941895 6.9460001
270.076172 -199.893997 7.48060036
270.028717 -199.689621 1.71757507
270.03833 -199.731903 1.87435007
270.018311 -199.699249 2.14604998
270.018188 -199.699097 2.28310013
270.021729 -199.68837 2.53399992
270.063202 -199.701843 2.6333499
270.179688 -199.721497 3.30749989
270.185791 -199.788101 3.57610011
270.194946 -199.744843 4.22980022
270.18869 -199.603195 5.1795001
270.126465 -199.700012 5.93457127
270.134399 -199.674194 6.08108759
270.119354 -199.70163 6.28526688
270.016113 -199.705994 7.3270998
270.071106 -199.690338 7.49429989
270.011963 -199.44545 1.88964999
270.031311 -199.494507 2.04089999
270.175415 -199.475403 3.56660008
270.173309 -199.497696 4.17689991
270.172607 -199.501999 4.34579992
270.079163 -199.501846 5.91397476
270.018799 -199.391098 2.4849999
270.188385 -199.208496 3.18889999
270.127899 -199.312805 3.20469999
270.116486 -199.339905 4.09380007
270.140442 -199.381653 5.94385004
270.094208 -199.272507 21.1601009
270.025513 -199.038101 1.64100003
270.050781 -199.085297 2.23184991
270.110748 -199.121246 2.97924995
270.115417 -199.112839 3.05486655
270.147675 -199.112869 3.27987504
270.164398 -199.093307 3.41050005
270.116913 -199.197998 4.11469984
270.048187 -199.013199 4.39099979
270.126495 -199.1427 4.54960012
270.125488 -199.009796 4.75979996
270.134338 -199.057755 4.88607979
270.067902 -199.005005 5.0461998
270.155487 -199.043961 5.27273321
270.05838 -199.021835 5.50349998
270.0354 -199.010101 5.78529978
270.117828 -199.093063 5.8579998
270.176941 -199.049301 6.36299992
270.069153 -199.028671 6.55609989
270.122894 -199.098999 6.7578001
270.024414 -199.065094 7.06229973
270.087799 -199.133896 7.3829999
270.052094 -199.058395 7.43330002
270.135193 -199.110962 7.61884975
270.077454 -199.102203 7.86705017
270.159485 -199.086761 8.10956669
270.068268 -199.073334 8.36006641
270.0979 -199.078247 8.50292492
270.1297 -199.0569 8.72770023
270.139648 -199.080841 9.2635498
270.096436 -199.123947 9.74704933
270.059204 -199.119263 10.3248501
270.122711 -199.111099 10.5421
270.023102 -199.1492 11.2788
270.058807 -199.1436 11.6303997
270.148712 -199.138107 20.468399
270.089905 -199.185898 21.5555992
270.044861 -198.92276 1.92173338
270.094513 -198.944397 2.9697001
270.089294 -198.946655 3.15110016
270.092194 -198.968201 3.29060006
270.076996 -198.957397 3.47989988
270.07901 -198.968826 3.70963335
270.164917 -198.942749 3.8970499
270.077606 -198.989105 4.24709988
270.071838 -198.98526 4.50446701
270.134033 -198.964554 4.69649982
270.095398 -198.976288 5.07969999
270.136688 -198.959198 5.4440999
270.123352 -198.986359 5.68480015
270.244812 -199.976151 1.88034999
270.316772 -199.89856 2.72513342
270.287872 -199.88472 2.90790009
270.326263 -199.931198 3.14549994
270.318115 -199.920395 3.28705001
270.318512 -199.959702 3.51719999
270.378235 -199.977905 3.71624994
270.322968 -199.859482 3.89575005
270.378448 -199.940186 4.08949995
270.288849 -199.910706 4.21609974
270.258911 -199.925507 4.40810013
270.363647 -199.863586 4.71638012
270.322784 -199.895248 4.90196228
270.35257 -199.893631 5.09969997
270.320465 -199.911469 5.32084274
270.346161 -199.867447 5.47613335
270.33371 -199.820709 5.76939964
270.326416 -199.887192 5.88708735
270.279114 -199.956604 6.0387001
270.341736 -199.854202 7.5244503
270.364136 -199.87561 7.70688343
270.380554 -199.893051 7.84380007
270.367096 -199.923706 8.85579967
270.393097 -199.964706 9.01089954
270.353485 -199.888306 9.24960041
270.386505 -199.8936 10.4637003
270.25351 -199.620804 2.6881001
270.292694 -199.771103 2.82629991
270.286957 -199.684509 3.11768341
270.25 -199.644348 3.22055006
270.3013 -199.72554 3.50150013
270.205414 -199.624207 4.02960014
270.215637 -199.721008 4.31664991
270.285553 -199.738892 4.51760006
270.339081 -199.685944 4.68482494
270.298676 -199.698837 4.88399982
270.315552 -199.684204 5.09639978
270.30426 -199.722672 5.29519987
270.318604 -199.660049 5.49300003
270.305664 -199.672668 5.77909994
270.259338 -199.704102 5.90182495
270.294098 -199.778503 6.18240023
270.252686 -199.636307 6.22860003
270.378998 -199.719147 7.55955029
270.325989 -199.661301 7.77810001
270.297607 -199.639694 7.99069977
270.2948 -199.626999 8.06120014
270.255951 -199.690796 8.36050034
270.311218 -199.710999 8.6104002
270.26709 -199.755707 8.89239979
270.33783 -199.760712 9.15390015
270.374512 -199.682297 10.5750999
270.24353 -199.496338 2.75005007
270.257355 -199.520203 2.91094995
270.269226 -199.495209 3.07846665
270.254333 -199.492706 3.30690002
270.331604 -199.543396 3.46259999
270.362793 -199.513199 3.67079997
270.302399 -199.462906 4.13810015
270.242157 -199.567673 4.49480009
270.311157 -199.467316 4.70539999
270.294739 -199.519028 4.9073
270.307587 -199.518707 5.13089991
270.314697 -199.4991 5.32324982
270.294891 -199.502701 5.40159988
270.284821 -199.496002 5.68190002
270.284271 -199.524963 5.8546834
270.317413 -199.465195 6.36240005
270.398804 -199.514008 6.79059982
270.390991 -199.569702 6.94729996
270.339386 -199.553497 7.16870022
270.384003 -199.535202 7.28840017
270.370941 -199.528 7.54460001
270.328094 -199.476501 7.73729992
270.304108 -199.586761 7.86275005
270.332092 -199.494446 8.11129951
270.271515 -199.452805 8.22379971
270.274689 -199.455597 9.19019985
270.36969 -199.577896 9.40380001
270.238007 -199.408005 9.69480038
270.22995 -199.341599 2.90035009
270.240662 -199.295303 3.05060005
270.237305 -199.307404 3.2850666
270.279816 -199.323303 3.50020003
270.281525 -199.355301 4.8597002
270.280518 -199.330673 5.05175018
270.252197 -199.355392 5.20629978
270.26709 -199.324432 5.56159973
270.270294 -199.386993 5.704
270.266388 -199.280502 5.85129976
270.340088 -199.291 7.37529993
270.307556 -199.291306 7.50943327
270.255371 -199.313461 7.73629999
270.290558 -199.277435 7.90126657
270.28241 -199.226196 8.12279987
270.219086 -199.240097 10.1156998
270.305298 -199.253006 10.7153997
270.254608 -199.353806 21.2989006
270.21051 -199.169907 2.99309993
270.246094 -199.163193 3.36170006
270.366486 -199.137207 3.43420005
270.270538 -199.064865 4.71453333
270.215393 -199.017395 4.96659994
270.240387 -199.043793 5.01539993
270.243195 -199.110291 5.29192495
270.225769 -199.127808 5.49160004
270.245392 -199.092346 5.68930006
270.235046 -199.066559 5.84445
270.334808 -199.10437 6.36539984
270.255005 -199.007996 6.45849991
270.281067 -199.05661 6.68064976
270.288696 -199.051102 7.06355
270.2883 -199.09201 7.42545033
270.257507 -199.088501 8.29710007
270.231689 -199.192307 8.56400013
270.208893 -199.177399 8.6534996
270.207611 -199.075394 8.93470001
270.269897 -199.160553 9.30550003
270.281738 -198.938797 3.47574997
270.241272 -198.926376 3.92603326
270.330444 -198.929749 4.16514969
270.3237 -198.932999 4.27049971
270.300903 -198.954742 4.43225002
270.286896 -198.962997 4.72770023
270.219055 -198.967743 5.31309986
270.315613 -198.992905 7.24370003
270.445801 -199.940903 3.30259991
270.44281 -199.998703 3.74900007
270.419006 -199.908798 3.94440007
270.496796 -199.910507 4.19040012
270.447205 -199.871704 4.38380003
270.424988 -199.968704 4.40859985
270.429474 -199.906296 4.69953346
270.544006 -199.956696 5.36780024
270.471588 -199.972 6.19630003
270.493744 -199.923218 6.30837488
270.497253 -199.937042 6.49819994
270.489807 -199.933517 6.71497488
270.524506 -199.873306 6.95959997
270.50177 -199.876892 7.12370014
270.489838 -199.847397 7.28006649
270.441986 -199.911667 7.63840008
270.414886 -199.936066 7.93330002
270.42276 -199.978699 8.07049942
270.410614 -199.913605 8.35910034
270.406433 -199.932556 8.51270008
270.420807 -199.889801 9.0078001
270.435089 -199.957001 12.6861
270.411591 -199.896805 12.8739004
270.586212 -199.942993 18.5002003
270.470093 -199.7509 3.477
270.442688 -199.778107 4.07310009
270.505402 -199.603607 4.78539991
270.466095 -199.722504 6.28125
270.566711 -199.722839 6.53085041
270.460297 -199.622192 6.78249979
270.455902 -199.609894 6.87729979
270.572906 -199.690399 7.07140017
270.489349 -199.749756 7.30294991
270.432953 -199.739105 7.48015022
270.426453 -199.765152 8.71635056
270.453888 -199.785797 9.40110016
270.473297 -199.670807 10.099
270.475159 -199.529892 4.75263309
270.452515 -199.534607 6.702075
270.444885 -199.531601 6.97739983
270.402313 -199.488907 7.18270016
270.480408 -199.488861 7.24639988
270.453491 -199.459396 7.42649984
270.542389 -199.253098 4.83979988
270.522308 -199.247803 6.56500006
270.585693 -199.1008 3.57240009
270.431396 -199.110901 4.83990002
270.531097 -198.885696 3.90684986
270.583649 -198.892609 4.06709957
270.519409 -198.902023 4.30942488
270.528931 -198.909775 4.49567509
270.468109 -198.910995 4.83529997
270.629791 -199.986298 1.73090005
270.601013 -199.996796 1.94270003
270.784698 -199.854553 7.44094992
270.6716 -199.953293 11.2867002
270.600098 -199.708801 6.64599991
270.753387 -199.514206 4.83029985
270.749969 -199.30867 4.86453342
270.617004 -199.388901 15.5560999
270.607697 -199.016693 4.73950005
270.76651 -199.096893 4.8421998
270.757904 -199.086395 20.8120995
270.738708 -198.881897 3.69749999
270.602295 -198.886597 3.89219999
270.694672 -198.863495 4.10836649
270.716492 -198.886505 4.22805023
270.618805 -198.890198 4.51049995
270.636902 -198.895432 4.69210005
270.728088 -197.496948 4.36490011
270.688812 -197.392502 4.29540014
270.649597 -197.233704 4.59229994
270.714996 -197.117493 4.6086998
270.627197 -196.963257 4.47819996
270.730408 -196.899399 4.65490007
270.922791 -199.951202 1.77139997
270.92099 -199.994904 1.88619995
270.883087 -199.997696 2.06859994
270.977997 -199.981201 2.70539999
270.897308 -199.986603 2.86229992
270.89621 -199.930893 3.49076009
270.923798 -199.805893 4.75670004
270.970703 -199.981995 7.6894002
270.985992 -199.998093 10.1128998
270.933197 -199.886795 12.5801001
270.882202 -199.986694 18.4759007
270.979797 -199.695099 4.73979998
270.973206 -199.632599 21.0884991
270.91449 -199.679001 21.3183002
270.872192 -199.537399 4.78739977
270.884399 -199.453568 4.83349991
270.971069 -199.475403 21.2901001
270.804901 -199.242493 4.8743
270.905304 -199.306305 21.2677002
270.871521 -199.105743 4.81640005
270.879517 -198.863998 3.71619987
270.857056 -198.841797 3.90389991
270.872955 -198.870087 4.1159997
270.939819 -198.853683 4.29110003
270.976715 -198.815796 4.50379992
270.972198 -198.859695 4.70979977
270.808685 -197.521194 4.66060019
271.066864 -199.961197 1.64329994
271.133911 -199.971558 1.91869998
271.133606 -199.959717 2.09872484
271.099243 -199.976379 2.27960014
271.083954 -199.981934 2.49594998
271.062195 -199.906403 2.71370006
271.115082 -199.987259 2.88709998
271.12204 -199.980713 3.08185005
271.018707 -199.985397 3.3605001
271.061035 -199.98555 4.74074984
271.108215 -199.989197 5.04164982
271.187103 -199.992203 5.27750015
271.058197 -199.973694 11.1100998
271.124207 -199.957596 11.8105001
271.08194 -199.478516 4.8578248
271.173096 -199.255402 3.6960001
271.18103 -199.330536 3.98245001
271.178009 -199.266495 4.09040022
271.161011 -199.294601 4.27540016
271.160217 -199.060638 3.7177
271.156952 -199.09024 3.85344982
271.174866 -199.086365 4.0539999
271.149139 -199.055344 4.32329988
271.099487 -199.195206 4.40450001
271.163391 -199.119904 4.80299997
271.119385 -198.9617 3.79320002
271.145508 -198.8452 3.97149992
271.164795 -198.932007 4.13460016
271.120087 -198.826004 4.6809001
271.064209 -198.795898 3.90490007
271.05661 -197.451599 4.67089987
271.053314 -196.759598 4.61999989
271.302582 -199.948059 1.51489997
271.309296 -199.941254 1.74944997
271.320496 -199.913696 1.86489999
271.268982 -199.942993 2.15890002
271.316498 -199.927032 2.30130005
271.291687 -199.950836 2.50854993
271.297546 -199.956924 2.71835995
271.348816 -199.931702 2.90159988
271.309143 -199.983002 3.08973336
271.325897 -199.973694 3.53110003
271.392303 -199.869995 3.60279989
271.318451 -199.988251 4.55725002
271.33197 -199.942261 4.71724987
271.368103 -199.98085 4.85745001
271.323608 -199.975403 5.31015015
271.345306 -199.963303 5.44210005
271.235687 -199.953796 6.8762002
271.294861 -199.871948 7.07929993
271.300171 -199.975601 7.28943348
271.289886 -199.985199 7.56610012
271.231812 -199.985397 7.80630016
271.305298 -199.943298 8.08329964
271.373901 -199.889801 9.35560036
271.261993 -199.896103 9.49370003
271.359894 -199.965698 9.75809956
271.33551 -199.96405 9.93295002
271.368988 -199.980896 10.4120998
271.258209 -199.977203 11.9273996
271.264252 -199.946747 12.1151505
271.265198 -199.973206 19.3887997
271.365906 -199.712494 4.78779984
271.343597 -199.619995 4.88579988
271.254303 -199.789795 7.06850004
271.395294 -199.605698 21.2441006
271.24823 -199.538498 4.84514999
271.343506 -199.570404 12.9252005
271.352814 -199.283493 3.75699997
271.314697 -199.261505 3.98860002
271.289795 -199.256638 4.05523348
271.305511 -199.241699 4.27972507
271.25238 -199.319748 4.83590031
271.228607 -199.349899 21.3553009
271.262207 -199.124405 3.76090002
271.305115 -199.129211 3.87045002
271.218597 -199.089294 4.08330011
271.269257 -199.11264 4.31509972
271.282715 -199.132874 4.83809996
271.279053 -198.814301 4.78195
271.2052 -198.823807 4.82520008
271.392212 -198.760696 4.67250013
271.217194 -197.397202 4.67469978
271.363403 -197.052704 4.65880013
271.580109 -199.893204 1.59529996
271.483093 -199.9216 1.6784333
271.474365 -199.919128 1.93235004
271.459412 -199.91423 2.12676668
271.560791 -199.909393 2.26390004
271.559113 -199.9151 2.43289995
271.529572 -199.92157 2.64989996
271.501526 -199.932343 2.91673756
271.505402 -199.967743 3.12092495
271.51535 -199.942078 3.29421997
271.491241 -199.91449 3.50899982
271.528809 -199.911469 3.68717504
271.501556 -199.921005 3.93636656
271.555756 -199.91629 4.09189987
271.508057 -199.920761 4.32356691
271.49823 -199.897171 4.52763319
271.511322 -199.936127 4.67740011
271.528931 -199.950119 4.93512011
271.532166 -199.973755 5.14300013
271.528564 -199.981659 5.31680012
271.528687 -199.955872 5.72370005
271.41861 -199.921494 6.37960005
271.471649 -199.908325 6.70112514
271.484802 -199.960297 6.80639982
271.523346 -199.847763 7.09439993
271.473114 -199.867126 7.28237534
271.534912 -199.984299 7.44515038
271.505615 -199.993393 7.63149977
271.543488 -199.975098 8.30280018
271.485016 -199.879349 9.50724983
271.462769 -199.898407 9.69449997
271.524078 -199.938797 10.0880327
271.589691 -199.987503 10.7326002
271.553406 -199.882599 11.4665003
271.465515 -199.900894 11.7002668
271.497101 -199.889206 11.9680996
271.510498 -199.954803 12.0600004
271.404114 -199.997498 12.2601004
271.498749 -199.896454 17.65485
271.563202 -199.834 18.3414001
271.567108 -199.785599 3.64120007
271.536285 -199.776794 7.01910019
271.446991 -199.689407 9.77509975
271.428833 -199.456848 4.85410023
271.491913 -199.588593 10.2070999
271.472992 -199.210999 3.70889997
271.580688 -199.223099 3.93059993
271.524689 -199.218704 4.0078001
271.489105 -199.206802 4.26879978
271.406311 -199.219803 21.2047005
271.406097 -199.191498 3.75929999
271.47699 -199.179001 3.95079994
271.53421 -199.182404 4.48729992
271.489685 -199.032898 4.89139986
271.540222 -198.846954 4.85144997
271.547913 -198.8909 21.0627003
271.509705 -198.730804 4.59549999
271.521118 -198.754303 4.62495041
271.49707 -198.762787 4.82964993
271.450409 -198.459106 4.59719992
271.520294 -198.121704 4.63129997
271.424255 -197.842407 4.66415024
271.412201 -197.337708 4.6789999
271.502686 -196.583603 4.6571002
271.620911 -199.951401 1.55620003
271.641266 -199.886993 1.7191
271.710815 -199.879028 1.90945005
271.70874 -199.910904 2.11319995
271.686859 -199.901733 2.34366655
271.700592 -199.904434 2.49533343
271.65094 -199.923096 2.73600006
271.680786 -199.906403 2.9643333
271.693939 -199.914597 3.09652519
271.728607 -199.867096 3.32279992
271.673767 -199.899765 3.4811666
271.666595 -199.891602 3.72804999
271.708435 -199.896454 3.93887496
271.723022 -199.901199 4.09726667
271.669403 -199.92984 4.33901644
271.706879 -199.914673 4.48842525
271.731506 -199.946671 4.72197485
271.756714 -199.963531 4.87669992
271.67511 -199.972748 5.13735008
271.686279 -199.944138 5.28060007
271.691284 -199.978668 5.47920036
271.737457 -199.957397 5.66046667
271.740784 -199.901901 6.10365009
271.696198 -199.831696 6.50169992
271.712799 -199.9039 6.71390009
271.602997 -199.917694 6.95170021
271.733124 -199.865402 7.11499977
271.653595 -199.876465 7.2807498
271.700287 -199.930099 7.45695019
271.73819 -199.981903 7.6624999
271.724396 -199.944794 7.93319988
271.645203 -199.949295 8.15649986
271.772888 -199.9133 8.28820038
271.797791 -199.954407 9.54599953
271.6492 -199.907593 9.73545074
271.627014 -199.845993 10.0459995
271.710785 -199.941803 10.4719
271.714813 -199.9776 10.6709003
271.667297 -199.989395 11.8986998
271.698486 -199.944794 12.1454
271.770203 -199.973007 12.3956003
271.786194 -199.938293 12.7290001
271.760193 -199.979004 13.0995998
271.654785 -199.900208 16.8850002
271.761688 -199.958893 17.9789009
271.748688 -199.774704 7.14400005
271.649353 -199.763351 7.28714991
271.603088 -199.708099 12.5544996
271.792694 -199.728302 18.5072002
271.642609 -199.591293 15.5045996
271.76059 -199.008499 3.72440004
271.624908 -199.006699 4.87290001
271.6745 -198.806503 4.01800013
271.720245 -198.860794 4.8713665
271.737549 -198.731323 4.74202013
271.778412 -198.755905 4.88719988
271.672699 -198.278 4.68779993
271.770203 -198.184097 4.63360023
271.634186 -197.720398 4.65719986
271.746185 -197.595901 4.63119984
271.914551 -199.851791 1.57239997
271.925354 -199.855301 1.72892499
271.914734 -199.87645 1.93024993
271.849396 -199.871826 2.13185
271.9263 -199.852219 2.32114005
271.896698 -199.848267 2.45536661
271.907928 -199.873657 2.75514984
271.891327 -199.857925 2.88330007
271.907623 -199.892273 3.10874009
271.902466 -199.909698 3.3210001
271.863892 -199.87767 3.47266006
271.927612 -199.877228 3.61689997
271.919067 -199.880936 3.88597155
271.870605 -199.893097 4.18330002
271.895111 -199.893631 4.24316692
271.885895 -199.893082 4.50259972
271.916382 -199.880035 4.63846684
271.888397 -199.921417 4.90560007
271.899109 -199.924759 5.13094997
271.899872 -199.949142 5.32458019
271.886505 -199.93898 5.53397512
271.919434 -199.944611 5.71879959
271.95459 -199.880997 5.80389977
271.894592 -199.870972 7.08032513
271.922241 -199.912842 7.2956748
271.919342 -199.948303 7.47572517
271.941284 -199.935028 7.66330004
271.927704 -199.9646 8.47469997
271.921204 -199.865204 9.21700001
271.916504 -199.935104 9.40789986
271.894104 -199.941345 9.70987511
271.878906 -199.904999 9.90304947
271.90744 -199.946915 10.0963001
271.840698 -199.929504 10.2902002
271.895905 -199.903793 10.7339001
271.874603 -199.951599 10.9039497
271.986786 -199.845093 11.3253002
271.968109 -199.914902 11.4420996
271.865601 -199.936905 11.7180996
271.962006 -199.930649 11.9512005
271.952789 -199.956497 12.0654001
271.925964 -199.839905 12.2765999
271.908295 -199.953094 12.4902
271.958588 -199.939301 12.7086
271.916809 -199.9328 13.5153999
271.967102 -199.944 18.3383999
271.816986 -199.906006 18.4146004
271.958893 -199.879196 19.3736
271.968994 -199.790802 1.78799999
271.936493 -199.760895 1.97140002
271.90799 -199.765594 6.93949986
271.914581 -199.748505 7.11945009
271.927185 -199.791748 9.89949989
271.986511 -199.167892 21.3309994
271.908386 -198.805695 4.87190008
271.826385 -198.734497 4.72389984
271.962402 -198.542297 4.57870007
271.826752 -198.358643 4.62660027
271.836792 -198.046097 4.63560009
272.134308 -199.889893 1.5546
272.097534 -199.841309 1.71500003
272.078186 -199.824005 1.95515001
272.101837 -199.83255 2.10984278
272.144043 -199.836945 2.29094982
272.091309 -199.836273 2.50337505
272.101898 -199.836792 2.6484499
272.073212 -199.855499 2.91566658
272.078644 -199.870605 3.10417509
272.058105 -199.878006 3.29375005
272.079803 -199.891129 3.55023336
272.122192 -199.839096 3.70052505
272.07431 -199.859695 3.86844993
272.063782 -199.885559 4.08190012
272.064148 -199.871246 4.30290031
272.077667 -199.84967 4.50180006
272.069366 -199.880997 4.75256681
272.098022 -199.892395 4.90129995
272.121063 -199.890335 5.11373997
272.117371 -199.893082 5.30957508
272.124664 -199.931396 5.50916004
272.104095 -199.923645 5.70501661
272.055878 -199.928497 5.87136698
272.128113 -199.867798 6.90999985
272.081207 -199.884796 7.13579988
272.10318 -199.903198 7.30380011
272.069702 -199.925064 7.50199986
272.109039 -199.971893 7.73729992
272.130371 -199.943848 7.92097521
272.138672 -199.940857 8.10000038
272.136292 -199.844604 8.38459969
272.120941 -199.934052 8.40374947
272.075592 -199.810699 9.03359985
272.05191 -199.916595 9.72679996
272.0383 -199.830093 9.99610043
272.130402 -199.961807 10.1243
272.044006 -199.818695 10.5636997
272.174347 -199.949799 10.6765499
272.17041 -199.873093 11.1850004
272.042694 -199.990707 11.7767
272.014191 -199.934998 12.0754004
272.127411 -199.827301 12.3027
272.085602 -199.969437 12.713933
272.13089 -199.998199 12.8446999
272.071594 -199.987396 13.5698996
272.074005 -199.910599 15.3366499
272.127594 -199.976593 15.4829502
272.154999 -199.981506 19.5184002
272.104797 -199.907501 19.6639996
272.150452 -199.751404 1.54795003
272.12851 -199.797897 1.61749995
272.194885 -199.788696 2.20079994
272.18399 -199.748398 3.65109992
272.061096 -199.767395 7.08169985
272.092407 -199.713806 7.30243301
272.115906 -199.718307 9.20460033
272.010498 -199.728699 9.81239986
272.121796 -199.783997 18.3794003
272.176392 -199.701736 18.4503326
272.123413 -199.287003 4.83330011
272.046112 -199.156311 4.85745001
272.088196 -198.962494 21.2129993
272.198212 -198.733398 4.53690004
272.09552 -198.678238 4.76956654
272.073212 -198.742294 4.85279989
272.231812 -199.835297 1.56400001
272.279449 -199.830109 1.65766668
272.3367 -199.805298 2.31789994
272.289032 -199.841095 2.47407508
272.302063 -199.820129 2.68793344
272.242126 -199.855347 2.93939996
272.2612 -199.836243 3.10360003
272.305664 -199.867203 3.2876749
272.307495 -199.877197 3.42199993
272.301544 -199.857254 3.67735004
272.280609 -199.832596 3.95469999
272.258698 -199.866135 4.1036334
272.213867 -199.868896 4.32240009
272.302399 -199.84967 4.71731663
272.300018 -199.859955 4.91004992
272.296661 -199.879822 5.11787128
272.329773 -199.887817 5.30800009
272.338379 -199.859879 5.48815012
272.221985 -199.989197 5.79899979
272.291107 -199.977402 5.8991003
272.298187 -199.916107 7.30166006
272.309387 -199.925934 7.51746655
272.250488 -199.966202 7.7901001
272.38269 -199.931503 7.86390018
272.298309 -199.892258 8.12263298
272.337036 -199.926651 8.33734989
272.319702 -199.934006 8.4951334
272.2948 -199.9711 8.63974953
272.242706 -199.811905 9.96730042
272.310577 -199.895065 10.3125334
272.273407 -199.942703 10.4005003
272.307495 -199.925903 10.6523666
272.281128 -199.90625 10.8320503
272.317657 -199.918854 11.0433998
272.282013 -199.910995 11.3403997
272.392395 -199.906296 12.5102997
272.221588 -199.969894 12.7236004
272.375092 -199.976898 12.9882002
272.249695 -199.989502 13.1398001
272.326691 -199.900803 15.3332005
272.382507 -199.925598 15.4172001
272.305908 -199.982101 19.5368004
272.267853 -199.772949 1.72199988
272.26886 -199.782455 1.9049499
272.327087 -199.799194 2.15549994
272.361786 -199.798996 2.37299991
272.345215 -199.794296 3.08195019
272.208008 -199.771896 7.28879976
272.273804 -199.6689 9.7524004
272.342804 -199.743896 9.9090004
272.219513 -199.721298 18.3817005
272.365509 -199.676804 18.4904003
272.2901 -199.2892 4.78709984
272.291901 -199.361908 4.84065008
272.352509 -199.388397 12.7390003
272.201294 -199.229996 12.9108
272.372009 -199.292801 21.2898006
272.367889 -199.040405 4.20900011
272.296204 -199.063095 4.85059977
272.21701 -198.955597 4.829
272.368988 -198.6035 3.77679992
272.291016 -198.623688 3.84389997
272.305389 -198.719208 4.16954994
272.271637 -198.68187 4.48306656
272.260498 -198.691299 4.73715019
272.265503 -198.708405 4.83934975
272.294617 -198.465942 4.48559999
272.234802 -198.209396 4.5170002
272.381989 -198.122192 4.61460018
272.371887 -197.969498 4.19920015
272.369904 -197.876251 4.26149988
272.339691 -197.543396 4.27850008
272.406891 -199.835403 1.5165
272.415497 -199.807404 2.54990005
272.423645 -199.810394 2.64549994
272.479401 -199.800995 2.94449997
272.476257 -199.833603 3.1473999
272.436157 -199.839661 3.36784983
272.553497 -199.907364 3.75336671
272.505829 -199.911362 3.87536669
272.48941 -199.933807 4.07420015
272.536499 -199.901001 4.39359999
272.457764 -199.905304 4.5848999
272.438904 -199.861359 4.704
272.529755 -199.82695 4.87809992
272.505219 -199.84343 5.11112499
272.491333 -199.865448 5.31474972
272.535522 -199.859726 5.47436666
272.501465 -199.870575 5.7440834
272.569244 -199.939774 5.83276653
272.563507 -199.907196 6.6262002
272.445892 -199.858398 7.33435011
272.460663 -199.900131 7.54483318
272.563995 -199.9328 7.75430012
272.469574 -199.905273 7.91674995
272.573303 -199.887894 8.06169987
272.506317 -199.914429 8.28890038
272.590302 -199.906693 8.55959988
272.411194 -199.927902 8.68420029
272.510895 -199.889206 10.1787996
272.571991 -199.929596 10.3957005
272.515015 -199.981293 10.5497999
272.559387 -199.985107 11.0539999
272.505402 -199.935852 11.5014496
272.56601 -199.999496 11.6820002
272.547607 -199.931961 11.8714333
272.584045 -199.838135 12.0944662
272.493774 -199.906128 12.6861
272.529999 -199.856705 12.9827995
272.483002 -199.936859 13.3101006
272.528687 -199.910995 13.4719
272.529694 -199.863602 14.9109001
272.4133 -199.961197 15.1476002
272.592896 -199.940994 15.2571001
272.552795 -199.917404 15.7721004
272.548401 -199.989807 16.1494999
272.43689 -199.956406 16.2656002
272.435303 -199.933701 17.8724003
272.55191 -199.868393 18.2936001
272.4758 -199.945648 19.6669006
272.570892 -199.740906 1.57490003
272.534821 -199.742172 1.72226667
272.539154 -199.776749 1.82570004
272.499969 -199.743927 2.14196658
272.463257 -199.751648 2.28340006
272.52594 -199.770447 2.55255008
272.490051 -199.778336 2.71726656
272.442291 -199.764496 2.92470002
272.496918 -199.783569 3.06213331
272.501495 -199.790451 3.35279989
272.481598 -199.765106 4.73289967
272.490204 -199.789902 5.3828001
272.411407 -199.786697 5.54680014
272.585785 -199.7854 5.79360008
272.530548 -199.779999 7.03329992
272.529602 -199.798904 7.27510023
272.420197 -199.799194 10.3641005
272.474304 -199.7854 10.8897495
272.56781 -199.780701 11.7210999
272.5672 -199.721893 12.2938004
272.448608 -199.798996 18.3421001
272.499115 -199.760895 19.3498001
272.541992 -199.4133 4.7887001
272.407501 -199.570908 12.7691002
272.498535 -199.289032 4.84079981
272.493713 -199.341095 13.0272999
272.460815 -199.074448 3.9124999
272.48175 -199.035095 4.08896685
272.545502 -199.005707 4.22170019
272.514709 -199.081696 4.83879995
272.530823 -198.948242 3.89445019
272.586304 -198.978897 4.19689989
272.500916 -198.917603 4.84644985
272.456177 -198.914062 12.8631001
272.59201 -198.8759 15.6750002
272.47522 -198.628555 3.86642504
272.518097 -198.618195 4.02440023
272.511658 -198.672455 4.5763998
272.495697 -198.676544 4.69330025
272.456207 -198.678207 12.3395996
272.504211 -198.735046 12.7790003
272.487488 -198.777603 12.8466997
272.686005 -199.840302 3.12989998
272.637604 -199.927994 3.70639992
272.687012 -199.892975 4.10802507
272.792999 -199.880203 4.3908
272.663605 -199.822449 4.7347002
272.664673 -199.807556 4.95125008
272.715332 -199.820679 5.06449986
272.712646 -199.835403 5.35314989
272.733826 -199.841125 5.4907999
272.681396 -199.864944 5.72301435
272.679688 -199.902893 5.8864665
272.712311 -199.8349 6.04040003
272.754913 -199.824997 6.91239977
272.602295 -199.824203 7.31419992
272.634613 -199.870193 7.44449997
272.713043 -199.861038 7.64133358
272.724854 -199.84935 7.87162495
272.68634 -199.892319 8.08606052
272.711639 -199.857162 8.2772665
272.678009 -199.888794 8.52270031
272.738586 -199.880493 9.78929996
272.626007 -199.929001 10.1143999
272.713989 -199.838608 10.2810669
272.728058 -199.892059 10.5250502
272.669037 -199.928848 10.70895
272.727997 -199.954803 11.2879
272.607086 -199.893402 11.9341002
272.745911 -199.837097 12.5613003
272.671997 -199.853088 12.6777
272.717621 -199.922333 12.9032669
272.648895 -199.9151 13.0396996
272.667297 -199.918503 13.3403997
272.758301 -199.930405 13.5046501
272.729095 -199.848999 13.6215
272.707642 -199.9198 13.8821507
272.7052 -199.927002 14.0029001
272.654663 -199.940338 14.257
272.6716 -199.956604 14.7137327
272.694031 -199.917099 14.90695
272.650909 -199.8927 15.0591002
272.749603 -199.912003 15.7818003
272.663086 -199.953705 15.8039999
272.671112 -199.950607 18.0042
272.627502 -199.843796 18.4372997
272.609985 -199.815094 19.4778996
272.740356 -199.75415 1.54404998
272.698761 -199.756927 1.91043329
272.692535 -199.713104 2.04349995
272.712006 -199.753632 2.29201651
272.69342 -199.75798 2.7042799
272.697205 -199.771194 2.87493324
272.733826 -199.75383 3.07923341
272.749268 -199.763611 3.29610014
272.699188 -199.748978 4.71689987
272.691193 -199.792603 4.8119998
272.713989 -199.768906 5.16830015
272.7323 -199.794907 5.25250006
272.610413 -199.791397 5.48659992
272.763855 -199.7453 7.09745026
272.780792 -199.664703 7.30760002
272.659607 -199.768295 7.4836998
272.692902 -199.724396 9.32110023
272.72049 -199.791107 9.56029987
272.714722 -199.696808 9.72249985
272.7258 -199.787003 10.1066999
272.619995 -199.7715 11.8353004
272.62561 -199.7789 12.3297005
272.676208 -199.769501 13.6571999
272.71521 -199.782501 15.1355
272.695312 -199.751205 18.4822006
272.799286 -199.738998 19.4158001
272.793396 -199.271301 4.26429987
272.749847 -199.143951 4.46494961
272.791809 -199.179199 4.6171999
272.635498 -199.152206 4.8203001
272.796387 -199.074707 15.6392002
272.67334 -198.925949 4.00710011
272.675537 -198.861359 4.89085007
272.686554 -198.661102 3.86105013
272.620697 -198.751404 4.35680008
272.774292 -198.605606 4.74639988
272.614502 -198.680405 4.84019995
272.777802 -198.761093 12.2974005
272.723999 -198.727097 12.7809
272.664215 -198.714798 15.0853004
272.736206 -198.794403 19.8546009
272.772339 -198.584351 3.88424993
272.671387 -198.575394 4.07079983
272.652313 -194.655701 4.82420015
272.8909 -199.803802 3.38439989
272.872101 -199.847 3.77410007
272.950897 -199.833603 4.25479984
272.860596 -199.800751 4.91759968
272.837006 -199.817245 5.32149982
272.924988 -199.902603 5.57590008
272.862427 -199.893204 5.71323347
272.915955 -199.909241 5.90117979
272.851593 -199.973404 6.29090023
272.981415 -199.826996 6.72809982
272.804413 -199.810303 7.36990023
272.857605 -199.829025 7.45596695
272.903809 -199.833603 7.78049994
272.898499 -199.879242 7.88115025
272.908142 -199.858337 8.08720016
272.882507 -199.855972 8.32086658
272.928284 -199.902847 8.55074978
272.961304 -199.853104 10.1618004
272.833496 -199.8228 10.3128996
272.86319 -199.809601 10.5777998
272.858093 -199.960999 10.9909
272.881195 -199.854202 11.1019497
272.918915 -199.955307 11.3518
272.823395 -199.874405 12.7215996
272.950897 -199.95575 12.8948002
272.916809 -199.960602 13.1047001
272.897156 -199.860336 13.5030336
272.929779 -199.938538 13.920433
272.848907 -199.917694 14.0568666
272.868805 -199.931 14.5916004
272.989288 -199.851395 14.6610003
272.876282 -199.926056 14.8804998
272.909973 -199.957855 15.3632002
272.82782 -199.944122 15.5009003
272.884094 -199.989441 16.2971992
272.945007 -199.979507 16.5911999
272.928802 -199.934601 18.1289997
272.880615 -199.916504 20.1082497
272.999908 -199.845993 20.3878994
272.892761 -199.729706 1.59590006
272.927155 -199.716354 1.69809997
272.997406 -199.719803 1.92869997
272.893005 -199.720993 2.12910008
272.926208 -199.731705 2.29439998
272.904816 -199.732269 2.50419998
272.907623 -199.722305 2.66403341
272.914001 -199.741119 2.92304993
272.923035 -199.765839 3.11386657
272.877411 -199.753952 3.29115987
272.941986 -199.699493 3.40319991
272.854187 -199.767303 4.13000011
272.93161 -199.769196 4.53849983
272.900391 -199.730255 4.71875
272.878784 -199.757706 4.87660027
272.975037 -199.770599 5.05254984
272.927063 -199.778046 5.30894995
272.889191 -199.76886 5.47459984
272.867615 -199.794586 5.68295002
272.974701 -199.704895 7.09800005
272.853607 -199.767105 7.36780024
272.92572 -199.764038 8.10090065
272.914398 -199.788406 8.20470047
272.924591 -199.637207 9.87240028
272.947052 -199.753998 10.07125
272.930511 -199.751404 10.3934002
272.947906 -199.781494 10.4745007
272.891388 -199.798294 10.6155996
272.832794 -199.757004 10.9958
272.997986 -199.789902 11.0618
272.851593 -199.767105 12.7273998
272.994202 -199.708496 14.9039001
272.968292 -199.723206 19.2889004
272.985413 -199.758301 19.6763
272.980591 -199.446701 4.08869982
272.985596 -199.569901 4.27390003
272.997314 -199.468399 4.53730011
272.947388 -199.571503 16.3101997
272.840393 -199.315536 4.11999989
272.832214 -199.333298 4.50509977
272.841309 -199.319 4.73309994
272.91333 -199.254807 4.84380007
272.981598 -199.273102 9.77120018
272.806488 -199.118805 4.49510002
272.889709 -199.138 4.68639994
272.882599 -199.113739 4.80449963
272.99939 -199.134995 15.4547005
272.930908 -199.146103 15.6932001
272.936096 -199.115494 17.8666992
272.986694 -199.167007 21.3689995
272.826904 -199.145203 21.4176998
272.860596 -198.972549 4.84870005
272.871796 -198.925537 15.6618004
272.992401 -198.960999 18.8694
272.988708 -198.941803 20.9253006
272.919189 -198.894302 21.1525002
272.893005 -198.672928 4.8427
272.887604 -198.705994 12.1308002
272.829193 -198.633301 12.5643997
272.888885 -198.633698 12.6987
272.909607 -198.607605 12.8041
272.907898 -198.7435 14.8818998
272.864502 -198.735397 15.1529999
272.813995 -198.699905 15.2035999
272.816803 -198.7117 15.4511995
272.880188 -198.779602 21.0382996
272.818298 -198.763199 21.2103996
272.904724 -198.562393 3.9375999
272.984985 -198.539795 4.15339994
272.85379 -198.582993 4.30149984
272.89502 -198.577408 4.46343327
272.863403 -198.572006 4.74170017
272.968109 -198.460602 11.7635002
272.854614 -196.031097 4.67770004
272.822205 -196.011993 4.85470009
272.838013 -195.578506 4.90939999
273.018799 -199.837204 4.39349985
273.074097 -199.818695 4.46010017
273.029205 -199.819901 4.92350006
273.117401 -199.823303 5.17159986
273.170105 -199.850403 5.47980022
273.085754 -199.843033 5.70291662
273.120544 -199.898926 5.91400003
273.189606 -199.908005 6.01219988
273.136292 -199.998901 6.28499985
273.110199 -199.952103 6.5697999
273.048492 -199.875702 7.75129986
273.102783 -199.874054 7.90934992
273.143494 -199.834732 8.1111002
273.1008 -199.829102 8.27700043
273.135986 -199.869156 8.45370007
273.079742 -199.878662 8.65719986
273.163513 -199.828796 9.04349995
273.083496 -199.817902 9.36639977
273.106812 -199.914001 10.1868
273.138702 -199.851196 10.3211498
273.074768 -199.910599 10.4893999
273.106384 -199.8806 10.7418995
273.097076 -199.891632 11.1032333
273.016205 -199.964401 11.2220001
273.073914 -199.872406 11.8761997
273.112061 -199.904144 12.5433006
273.130341 -199.8526 12.7379999
273.194885 -199.874298 12.8295002
273.095764 -199.8703 13.2290001
273.115662 -199.87796 13.54035
273.187805 -199.975601 13.7615004
273.129578 -199.930054 13.9172497
273.087189 -199.807205 14.0785999
273.095703 -199.916595 14.3842001
273.082855 -199.951553 14.4591999
273.140869 -199.858093 14.7235498
273.069763 -199.934097 14.8994999
273.107849 -199.86676 15.0728998
273.089691 -199.900208 15.2834501
273.147736 -199.8806 15.4680328
273.135376 -199.983398 15.6646996
273.142609 -199.945053 15.9050999
273.149292 -199.971893 16.0868988
273.002289 -199.835403 17.9500008
273.135162 -199.943161 18.0929661
273.140686 -199.960114 18.2519493
273.093811 -199.805801 19.3661003
273.074585 -199.863495 19.5611992
273.019989 -199.842407 19.6002998
273.075287 -199.947205 19.8985996
273.078125 -199.924255 20.2934494
273.126099 -199.678406 1.5345
273.127319 -199.69873 1.68893337
273.071075 -199.660202 1.91097498
273.080688 -199.686859 2.12459993
273.169891 -199.699997 2.29060006
273.06781 -199.710251 2.46815014
273.050232 -199.703751 2.70350003
273.154358 -199.678406 2.85734987
273.091797 -199.722824 3.12477493
273.083862 -199.709152 3.27060008
273.135223 -199.736969 3.4909668
273.123413 -199.693695 3.7265501
273.11264 -199.741165 3.93899989
273.102509 -199.762909 4.06489992
273.192902 -199.716507 4.36119986
273.009399 -199.7229 4.5763998
273.088013 -199.735382 4.7020669
273.134064 -199.727798 4.83909988
273.149475 -199.772003 5.06426668
273.090851 -199.771637 5.33991671
273.134827 -199.724701 5.56116676
273.049896 -199.775101 5.62069988
273.14801 -199.788498 6.17449999
273.152466 -199.713654 7.12453985
273.085449 -199.709183 7.30747986
273.098145 -199.756577 7.46512508
273.106506 -199.716507 7.86460018
273.045197 -199.762802 8.08390045
273.133453 -199.717743 8.92905045
273.18399 -199.788101 9.15480042
273.194275 -199.705597 9.50734997
273.088257 -199.717316 9.90852547
273.041351 -199.673203 10.0967999
273.199402 -199.7845 10.7890997
273.111908 -199.772797 11.7431002
273.184906 -199.778198 12.5988998
273.113831 -199.725296 12.6995506
273.008698 -199.797897 13.0866003
273.180298 -199.667892 15.0833998
273.001007 -199.763702 17.7348003
273.12149 -199.621597 17.9526005
273.099792 -199.750397 18.1180992
273.154694 -199.591507 4.0710001
273.150635 -199.443695 15.3497505
273.068848 -199.44545 18.0964012
273.098389 -199.4151 19.5969009
273.135895 -199.584106 19.8446007
273.011292 -199.224899 4.24860001
273.094299 -199.342712 4.75685024
273.088806 -199.344604 4.85599995
273.117096 -199.209 9.76420021
273.086914 -199.235397 12.4821997
273.140808 -199.259705 12.7089005
273.100311 -199.203903 15.1562004
273.182892 -199.25 15.4693003
273.175903 -199.382202 16.4482994
273.16571 -199.379654 18.1375504
273.1539 -199.202896 18.2714005
273.150513 -199.291702 19.3111
273.110809 -199.277603 19.6051998
273.183899 -199.284103 19.9074516
273.104401 -199.264404 21.3575344
273.154205 -199.053406 4.2249999
273.094452 -199.091492 4.75150013
273.001801 -199.153 4.83739996
273.181213 -199.079605 6.79890013
273.165894 -199.091202 8.91079998
273.179352 -199.125458 9.10835075
273.116394 -199.089905 9.48764992
273.159393 -199.067993 9.80580044
273.176697 -199.148102 10.7030001
273.156189 -199.148193 12.0426998
273.192413 -199.078506 12.3362999
273.144897 -199.167297 12.7434998
273.141205 -199.072403 15.3873997
273.164001 -199.155106 15.9503002
273.189819 -199.069946 16.1457005
273.082855 -199.141144 17.9232998
273.144104 -199.134598 18.0842991
273.168488 -199.065994 18.507
273.169891 -199.110703 18.7056999
273.145996 -199.0811 19.2886009
273.173615 -199.100494 19.6410007
273.157532 -199.133102 20.2406998
273.08139 -199.073105 21.3346996
273.158936 -199.10675 21.4482994
273.062897 -198.998993 4.80499983
273.167908 -198.8564 5.4078002
273.076599 -198.804794 7.03709984
273.112549 -198.873749 9.85180092
273.171051 -198.922302 10.1586494
273.17749 -198.817902 10.2165003
273.169586 -198.840393 10.5705996
273.164001 -198.810699 11.6013002
273.104614 -198.844498 12.7023001
273.137726 -198.919266 12.8475332
273.072601 -198.875504 13.1339998
273.153412 -198.846405 13.5799999
273.109314 -198.877304 14.5437002
273.025513 -198.866592 15.2976999
273.15271 -198.928497 15.6414003
273.197998 -198.834702 16.8502007
273.106567 -198.846146 17.4845505
273.029968 -198.855148 17.6689491
273.086792 -198.9366 17.9487
273.1362 -198.864197 18.0639
273.106689 -198.904694 18.2024994
273.100189 -198.834595 18.4897995
273.1409 -198.835205 18.8076
273.042297 -198.975296 19.5737991
273.102997 -198.801193 19.8066998
273.019104 -198.829193 21.1487999
273.143127 -198.884857 21.3485489
273.08551 -198.605698 3.97399998
273.170807 -198.725601 5.0690999
273.158905 -198.667007 5.61670017
273.059692 -198.614899 6.85360003
273.085297 -198.648102 7.17180014
273.095795 -198.668503 7.22800016
273.181091 -198.657501 8.38519955
273.180206 -198.610504 8.60630035
273.10025 -198.620605 9.16139984
273.118347 -198.66803 9.30793381
273.125702 -198.670197 9.74610043
273.0401 -198.7883 9.97270012
273.187012 -198.611099 10.0840998
273.163605 -198.603806 10.9337997
273.131805 -198.666504 11.4232998
273.108398 -198.772202 11.8715
273.196808 -198.6035 12.1653996
273.080017 -198.66774 12.2600336
273.114441 -198.630096 12.4874496
273.119446 -198.750793 12.7257004
273.13269 -198.755707 12.9765997
273.169891 -198.636597 13.2843494
273.146576 -198.717056 14.3240337
273.120361 -198.718948 14.6548996
273.132385 -198.747955 14.8784752
273.140198 -198.76828 15.1137753
273.105255 -198.756439 15.3359003
273.018799 -198.785797 15.4101
273.155151 -198.747253 15.7252998
273.197693 -198.750397 16.1075993
273.095001 -198.723999 17.4988995
273.115601 -198.750504 18.5970001
273.190491 -198.758408 18.9764996
273.07959 -198.695099 20.1404991
273.155914 -198.743103 20.2684994
273.112213 -198.490005 4.0552001
273.135986 -198.520096 4.36350012
273.147888 -198.594498 4.55149984
273.124512 -198.533493 4.67500019
273.199799 -198.593002 4.83059978
273.170654 -198.55246 5.09905005
273.195892 -198.576202 5.2349
273.044312 -198.580902 6.97149992
273.054443 -198.534149 7.18855
273.142212 -198.561996 7.33239985
273.092987 -198.559296 8.95170021
273.176788 -198.598999 9.38430023
273.152771 -198.585449 9.64249992
273.194214 -198.544296 10.7255001
273.098114 -198.507004 11.3563004
273.154388 -198.555603 12.5674
273.245392 -199.840103 5.29510021
273.25769 -199.814407 5.50930023
273.265411 -199.800995 5.60760021
273.255005 -199.896103 5.85984993
273.28421 -199.980804 6.00759983
273.291687 -199.969406 6.37029982
273.375 -199.977005 6.58729982
273.228302 -199.984497 6.69799995
273.252594 -199.822601 7.62200022
273.345398 -199.824005 7.9282999
273.268097 -199.815796 8.19110012
273.282806 -199.837555 8.51130009
273.276611 -199.893799 9.11289978
273.334503 -199.825195 10.2437
273.23822 -199.860001 10.5369501
273.270447 -199.852142 10.6118498
273.263611 -199.852295 10.9533997
273.267303 -199.838699 11.2566996
273.242096 -199.834106 12.1216002
273.236511 -199.807205 12.4916
273.266724 -199.895203 12.8280497
273.344971 -199.878143 13.0834255
273.256836 -199.901062 13.3662004
273.276794 -199.886063 13.5080671
273.265686 -199.836197 13.6300001
273.258087 -199.940399 13.8105001
273.3461 -199.927155 14.0831003
273.205414 -199.8405 14.5473003
273.316193 -199.841202 14.7059002
273.281982 -199.842102 14.8289499
273.296875 -199.850403 15.5039501
273.301819 -199.899597 15.6441002
273.270905 -199.900406 15.9020004
273.274506 -199.9599 16.1865997
273.24408 -199.891998 16.2887993
273.242004 -199.953506 18.1215992
273.340637 -199.88179 18.2978992
273.299103 -199.914352 18.7099495
273.362854 -199.847839 20.2896004
273.311127 -199.665894 1.53286672
273.297943 -199.647736 1.67126667
273.363708 -199.634506 1.91600001
273.304749 -199.649689 2.08538342
273.347595 -199.630402 2.32194996
273.272308 -199.682693 2.46023989
273.324585 -199.662048 2.69645
273.201813 -199.657898 2.94330001
273.318481 -199.703094 3.06463766
273.285217 -199.681793 3.28894997
273.361816 -199.722153 3.48864985
273.307343 -199.687714 3.71063995
273.339996 -199.706833 3.9429667
273.308502 -199.726898 4.11380005
273.224609 -199.636505 4.37869978
273.260437 -199.685211 4.51310015
273.313416 -199.729004 4.74953318
273.266815 -199.736938 4.92246008
273.271149 -199.769516 5.09418011
273.287292 -199.759125 5.26997519
273.292114 -199.724045 5.43847466
273.249512 -199.753372 5.68376637
273.323914 -199.731293 5.81010008
273.223999 -199.774902 6.78980017
273.200287 -199.683105 6.89890003
273.234894 -199.708298 7.02790022
273.233521 -199.67984 7.31540012
273.29776 -199.716003 7.5211401
273.330811 -199.731094 7.66330004
273.361511 -199.671799 7.90829992
273.222687 -199.763107 8.08440018
273.312469 -199.683304 8.27936649
273.325745 -199.654266 8.4878664
273.224121 -199.672501 8.73099995
273.261475 -199.656998 8.83396626
273.239655 -199.689301 9.11015034
273.248108 -199.694107 9.27219963
273.259003 -199.632599 9.55949974
273.237549 -199.659546 9.70524979
273.244598 -199.738098 9.88249969
273.315491 -199.683197 10.1203394
273.330292 -199.692795 10.3938999
273.322876 -199.72757 10.704567
273.384491 -199.724197 10.9768
273.373199 -199.709854 11.0727501
273.356171 -199.719101 11.2878332
273.294434 -199.705261 11.512167
273.335602 -199.689453 11.68155
273.229187 -199.761993 11.9384003
273.298889 -199.700165 12.0969334
273.250854 -199.713867 12.3109665
273.275818 -199.680969 12.4696999
273.289215 -199.7668 12.7320004
273.309418 -199.698242 12.859067
273.337097 -199.641907 13.0023003
273.322235 -199.714005 13.2572336
273.325745 -199.638748 13.5561008
273.308685 -199.785599 13.6002998
273.300507 -199.744293 13.8655996
273.259857 -199.699753 14.1142006
273.362396 -199.613342 14.3001003
273.339111 -199.743744 14.5237503
273.230652 -199.786896 14.7423
273.285278 -199.787109 15.3190002
273.31958 -199.7043 15.5332403
273.304291 -199.632797 15.8620005
273.271393 -199.7211 16.1585999
273.307892 -199.773407 16.3355503
273.310089 -199.782501 16.5688992
273.342957 -199.7491 16.7002983
273.302094 -199.781998 17.7563
273.338501 -199.666595 17.9097004
273.380707 -199.623505 18.1888008
273.287903 -199.700745 18.22645
273.393585 -199.600098 18.6187992
273.302094 -199.634094 18.8638992
273.281311 -199.695496 19.507
273.330688 -199.702301 19.8647003
273.316498 -199.640549 20.1142998
273.261841 -199.692963 20.3024254
273.349243 -199.58725 3.73629999
273.384613 -199.539703 3.91549993
273.276794 -199.581497 4.5855999
273.305176 -199.573914 4.72360039
273.331909 -199.469101 4.91709995
273.309814 -199.456299 5.23979998
273.341736 -199.479752 5.51637506
273.374512 -199.487793 5.79390001
273.226013 -199.574097 6.87440014
273.269409 -199.486511 7.05744982
273.2435 -199.494507 7.39429998
273.287201 -199.511566 7.47756672
273.334656 -199.473663 7.93136644
273.319702 -199.432404 8.07269955
273.352142 -199.511627 8.26113319
273.329773 -199.467407 8.52123356
273.330414 -199.572098 8.73260021
273.272186 -199.503494 8.9467001
273.283264 -199.540665 9.09119987
273.315704 -199.525101 9.21220016
273.291199 -199.542999 9.55060005
273.278992 -199.562103 9.68435001
273.302917 -199.475128 10.0888004
273.367615 -199.459396 10.2304001
273.356689 -199.456757 10.5192499
273.331909 -199.409698 10.6704998
273.306702 -199.419998 11.0157003
273.328247 -199.490402 11.2320995
273.286591 -199.539368 11.4925671
273.268188 -199.597107 11.7518997
273.308594 -199.560699 12.1032
273.27771 -199.556107 12.2321997
273.328613 -199.480606 12.7505999
273.328918 -199.49472 12.8617744
273.337006 -199.570099 13.1113997
273.247589 -199.594406 13.4577999
273.329224 -199.465271 13.6634331
273.228394 -199.527802 13.9467001
273.276398 -199.561203 14.1935997
273.258545 -199.512497 15.5343504
273.330322 -199.55014 15.6956501
273.391388 -199.577393 16.1042004
273.310364 -199.520172 16.2474327
273.292389 -199.550903 16.4116993
273.327667 -199.492966 16.6553669
273.221802 -199.558807 17.9775009
273.372986 -199.511108 18.2851982
273.274994 -199.513107 18.5569
273.218292 -199.450394 18.7858009
273.21701 -199.423401 18.9822998
273.383392 -199.593399 19.1669006
273.268707 -199.568695 19.2635994
273.248199 -199.539993 19.7859993
273.257294 -199.426697 20.1261005
273.321991 -199.512207 20.2262993
273.372314 -199.537796 21.4377003
273.395691 -199.395096 4.02510023
273.2341 -199.268707 5.20300007
273.245697 -199.325195 5.56990004
273.301636 -199.35434 5.71290016
273.317902 -199.320007 5.90150023
273.334808 -199.307266 7.52946663
273.292603 -199.266373 8.28546619
273.26239 -199.208603 8.48960018
273.300812 -199.260498 8.6960001
273.283295 -199.316101 8.81669998
273.330994 -199.389496 9.3760004
273.32489 -199.318329 9.45440006
273.264587 -199.34375 9.75154972
273.210114 -199.354797 10.0305004
273.290771 -199.275848 10.5669498
273.308807 -199.378296 10.7070999
273.272095 -199.275452 10.8692999
273.370209 -199.308395 11.0984001
273.294922 -199.297775 11.2912254
273.216095 -199.284302 11.9499998
273.201904 -199.218506 12.1752996
273.341003 -199.373093 12.8654003
273.278076 -199.370697 13.3274994
273.219604 -199.234604 13.4729996
273.332001 -199.268295 13.6876001
273.244385 -199.288605 15.5284996
273.266235 -199.334702 15.8860493
273.286011 -199.241699 16.3488998
273.325684 -199.3013 16.4836998
273.347504 -199.333435 16.6571999
273.209015 -199.389694 16.8507996
273.230804 -199.208206 17.9650002
273.272614 -199.332596 18.0886002
273.245697 -199.311203 18.9927998
273.276886 -199.388901 20.1830006
273.262695 -199.244904 20.4253998
273.375702 -199.345901 20.6637001
273.302917 -199.227402 21.423851
273.346191 -199.113998 3.7111001
273.272095 -199.171356 5.13599968
273.266785 -199.064392 5.49549961
273.270905 -199.060699 5.67439985
273.318756 -199.176361 5.90404987
273.225464 -199.158051 7.33465004
273.2453 -199.091888 7.55870008
273.311127 -199.101318 7.71067524
273.298492 -199.084961 8.43585014
273.271667 -199.138901 8.6651001
273.243591 -199.067444 8.85964966
273.313507 -199.070999 9.38389969
273.332886 -199.197403 9.69550037
273.258575 -199.113556 10.0719252
273.334106 -199.131195 10.2940998
273.301514 -199.087448 10.5559006
273.270294 -199.107605 10.9380999
273.283905 -199.179199 11.1480999
273.308441 -199.095642 11.2790003
273.314789 -199.130295 11.4842997
273.210602 -199.1987 11.9818001
273.214386 -199.104904 12.1513004
273.208496 -199.147003 12.5860996
273.218201 -199.066101 12.7811003
273.27887 -199.113403 12.9180002
273.259735 -199.084 13.0482664
273.248962 -199.071198 13.3474503
273.359009 -199.165298 13.4462996
273.282593 -199.172394 13.6968498
273.272491 -199.0233 13.8423996
273.287537 -199.099487 14.0563507
273.237549 -199.0457 15.7136002
273.306305 -199.083694 15.9567003
273.235199 -199.104156 16.3053017
273.258148 -199.176849 16.5251999
273.332794 -199.047607 18.7891998
273.320709 -199.194794 18.9570007
273.251312 -199.047897 19.2273006
273.31311 -199.166504 19.4790993
273.26239 -199.064499 19.8300991
273.218201 -199.192154 20.09935
273.259613 -199.101196 21.5839996
273.338409 -198.8125 3.78250003
273.208008 -198.987595 4.77260017
273.218201 -198.85376 5.079
273.328827 -198.86412 5.8668251
273.208008 -198.874802 7.34959984
273.256165 -198.895599 7.4861002
273.271912 -198.902695 7.60090017
273.273346 -198.875351 7.98379993
273.23941 -198.901505 8.08440018
273.238586 -198.9133 8.43799973
273.2742 -198.873444 8.69515038
273.253693 -198.918396 9.40130043
273.308014 -198.973999 9.60219955
273.248688 -198.987701 10.1651001
273.243896 -198.866394 10.4899006
273.26001 -198.881866 10.691433
273.233246 -198.931854 10.8228502
273.288391 -199 11.0717001
273.286743 -198.942657 11.3164005
273.263794 -198.964996 12.8619003
273.26239 -198.998795 13.7363005
273.236511 -198.827194 13.8652
273.247314 -198.804001 15.5158997
273.273895 -198.876038 15.6627998
273.262787 -198.843307 15.8250999
273.380707 -198.844299 16.3061008
273.242706 -198.878998 16.5634003
273.2547 -198.852707 16.9267006
273.276489 -198.829895 17.3955994
273.228302 -198.803802 17.4720993
273.240112 -198.882294 17.6917
273.295898 -198.844406 17.9200993
273.231293 -198.835999 18.1893997
273.306091 -198.84436 18.3311996
273.28595 -198.942459 18.5063
273.201813 -198.933701 18.7747993
273.290863 -198.835068 18.9367332
273.311523 -198.82695 19.1321487
273.294403 -198.928268 19.3476334
273.267456 -198.861542 19.4879494
273.390106 -198.830399 20.6975994
273.377106 -198.821594 21.0175991
273.361938 -198.904907 21.3064003
273.342407 -198.822006 21.4904003
273.390503 -198.621506 3.98079991
273.314209 -198.633804 4.16009998
273.338715 -198.605103 4.41660023
273.38501 -198.613098 4.78719997
273.217896 -198.703903 4.81619978
273.309448 -198.653046 5.7569499
273.204041 -198.709396 7.38710022
273.279846 -198.60379 7.50330019
273.273712 -198.639206 7.78669977
273.26709 -198.694794 7.85809994
273.270813 -198.795959 8.10760021
273.221008 -198.779205 8.31110001
273.256958 -198.671402 8.46940041
273.201508 -198.711304 8.75109959
273.37381 -198.696701 8.90950012
273.244812 -198.691345 9.12425041
273.269745 -198.606201 9.3342495
273.259003 -198.611404 9.5866003
273.394409 -198.755005 9.63990021
273.254791 -198.696594 9.9034996
273.201904 -198.660095 10.0769997
273.250885 -198.658798 10.7411003
273.234375 -198.666351 10.8701496
273.322571 -198.6828 11.2490997
273.211487 -198.646301 11.5265999
273.275146 -198.696106 11.7413502
273.214111 -198.634293 12.0748997
273.316681 -198.707428 12.536067
273.252258 -198.687561 12.9159508
273.255493 -198.686554 13.0476503
273.303986 -198.667999 13.3734999
273.317688 -198.654648 13.5295496
273.31073 -198.738159 13.7229996
273.256958 -198.701447 13.8457499
273.224396 -198.685806 14.0985003
273.259613 -198.680847 14.4790993
273.219604 -198.603104 14.6062002
273.335846 -198.77005 14.8257504
273.24353 -198.743469 15.3649998
273.375092 -198.774796 15.4729996
273.252197 -198.742706 16.0867004
273.284607 -198.679306 16.3873997
273.343292 -198.752594 16.5191994
273.342499 -198.776993 17.1424007
273.200287 -198.773804 17.3090992
273.23999 -198.767899 17.4654007
273.245392 -198.768295 18.7192001
273.269745 -198.754303 18.8991013
273.371704 -198.779663 19.2955494
273.242493 -198.776505 20.0972004
273.252197 -198.600204 20.3316002
273.293427 -198.677139 20.643034
273.316162 -198.73642 20.8780251
273.229492 -198.748703 21.3309002
273.348083 -198.71315 21.5004997
273.389893 -198.589294 3.57209992
273.255341 -198.501633 4.31823349
273.313995 -198.571198 4.75589991
273.22699 -198.524307 5.18009996
273.330658 -198.532196 5.2730999
273.339935 -198.57637 5.50129986
273.216309 -198.574203 5.77689981
273.252411 -198.599304 5.98839998
273.31781 -198.542999 8.02029991
273.283752 -198.5849 8.51669979
273.230896 -198.594101 8.70440006
273.287811 -198.543304 9.32450008
273.37439 -198.568497 9.57190037
273.227814 -198.488602 9.67259979
273.207214 -198.540894 10.0972004
273.247498 -198.587799 10.2297001
273.230713 -198.558365 10.5307999
273.30661 -198.578094 10.72785
273.292725 -198.513504 10.8803997
273.218903 -198.585693 11.7644997
273.329834 -198.512543 12.4400005
273.28894 -198.538406 12.7238503
273.253235 -198.557556 14.1129494
273.262207 -198.501495 19.9056492
273.261108 -198.541397 20.0224991
273.392487 -198.575607 20.6826992
273.326111 -198.566193 21.2654991
273.230011 -195.863495 4.91209984
273.329407 -195.600494 4.83169985
273.491394 -199.814301 3.06949997
273.468506 -199.816498 3.62789989
273.463013 -199.836395 4.7723999
273.461914 -199.803604 5.28679991
273.531433 -199.835602 5.74515009
273.520477 -199.916946 5.89282846
273.504333 -199.940872 6.06680012
273.487183 -199.982758 6.33776665
273.527191 -199.938217 6.453125
273.455597 -199.933594 6.60270023
273.525085 -199.829803 7.38999987
273.579193 -199.958603 7.47009993
273.401398 -199.896393 7.61399984
273.462402 -199.904007 15.6415005
273.441895 -199.812607 15.8429003
273.431885 -199.846497 16.6413002
273.500793 -199.947601 18.3617001
273.402008 -199.851303 18.5839996
273.488464 -199.90274 18.8993492
273.481689 -199.801605 20.3995991
273.48822 -199.68634 1.62906671
273.524323 -199.631592 1.90890002
273.463501 -199.644867 2.14163327
273.492126 -199.643372 2.34014988
273.493195 -199.643524 2.48883319
273.508148 -199.650146 2.69554996
273.498627 -199.670166 2.86573339
273.460083 -199.741455 3.10370016
273.515656 -199.672302 3.34660006
273.492645 -199.680206 3.4557333
273.478455 -199.737579 3.67311668
273.523865 -199.741745 3.85746002
273.493286 -199.668228 4.10494995
273.501709 -199.707123 4.28305006
273.460541 -199.72879 4.5198164
273.430603 -199.695953 4.67215014
273.453308 -199.723602 5.23269987
273.454498 -199.610504 5.72160006
273.485138 -199.739517 5.90385008
273.499512 -199.782898 7.49979973
273.400696 -199.777298 10.5951996
273.411011 -199.685806 10.7563
273.472992 -199.639206 11.3353004
273.446594 -199.718903 15.7278004
273.414215 -199.726303 16.2889996
273.436188 -199.780502 16.5200996
273.408203 -199.737595 16.6784992
273.475403 -199.796097 18.2327003
273.43811 -199.735397 18.9661999
273.432404 -199.581406 2.86080003
273.530945 -199.471695 3.47793341
273.515594 -199.504852 3.69002485
273.404999 -199.514008 3.98779988
273.486938 -199.411896 4.10344982
273.474487 -199.553604 4.36969995
273.427429 -199.517502 4.5640502
273.400208 -199.546402 4.78450012
273.443176 -199.502197 4.81459999
273.504089 -199.512665 5.86917496
273.573792 -199.567505 6.05660009
273.571014 -199.422104 6.40199995
273.401306 -199.5578 8.33160019
273.407715 -199.598602 13.8978996
273.423798 -199.581604 14.2031002
273.466309 -199.411697 16.2196007
273.572815 -199.416901 16.8124008
273.472687 -199.334702 3.48679996
273.401703 -199.368393 4.59670019
273.524414 -199.359665 5.90505028
273.595306 -199.276093 6.00530005
273.416199 -199.384506 12.8739996
273.436096 -199.367203 19.1375008
273.572052 -199.118011 6.3210001
273.496704 -199.076904 14.0363998
273.537689 -198.931595 6.06860018
273.490295 -198.832947 13.8511
273.480286 -198.824295 14.1538
273.448303 -198.800201 15.1499996
273.518188 -198.828003 15.7617998
273.479187 -198.875397 16.1564007
273.492615 -198.838593 16.2901497
273.468201 -198.835968 16.4545002
273.466095 -198.860703 16.9685001
273.404602 -198.813004 17.6935997
273.449188 -198.900299 17.8967991
273.507324 -198.856857 18.2947998
273.448212 -198.811005 18.6123009
273.438202 -198.840195 18.9641991
273.513397 -198.931198 19.3812008
273.415405 -198.944305 21.3848
273.548157 -198.909607 21.4918995
273.437683 -198.626343 4.30830002
273.423096 -198.619202 4.5310998
273.426697 -198.667496 4.63780022
273.433289 -198.751297 4.93540001
273.512024 -198.645691 5.07499981
273.41391 -198.649399 5.36170006
273.417114 -198.648499 5.59940004
273.598511 -198.749496 5.76690006
273.408112 -198.775894 5.97790003
273.494507 -198.693207 6.11180019
273.514587 -198.612396 6.2052002
273.423187 -198.6931 6.87849998
273.417511 -198.608597 7.14289999
273.504486 -198.621307 7.25930023
273.475037 -198.659149 7.51105022
273.456299 -198.676697 7.7425499
273.543213 -198.613403 7.98950005
273.506256 -198.638428 8.1213665
273.532196 -198.608795 8.33510017
273.474701 -198.679291 8.56225014
273.508606 -198.680298 8.92459965
273.538605 -198.605804 9.02630043
273.546234 -198.632263 9.2911005
273.537231 -198.654755 9.48451996
273.496307 -198.701904 9.77050018
273.416901 -198.758804 10.1245003
273.531708 -198.693405 10.2911997
273.408203 -198.672699 10.6362
273.476013 -198.630905 11.2995996
273.433502 -198.774002 11.8448
273.499084 -198.747437 12.0922499
273.554596 -198.664505 12.2841997
273.57019 -198.615799 12.5720997
273.55719 -198.640442 12.6451492
273.530792 -198.696304 12.9608002
273.565247 -198.704346 13.0755997
273.502289 -198.718307 13.5270996
273.532196 -198.6689 13.6420002
273.495605 -198.685394 13.8431997
273.546448 -198.665955 14.3008499
273.530212 -198.681305 14.5063
273.552094 -198.716156 14.6519499
273.524689 -198.71106 14.9260502
273.502258 -198.712006 15.8948498
273.563599 -198.636002 16.5198994
273.441528 -198.71344 16.7284508
273.585297 -198.776901 17.1002998
273.455688 -198.730194 17.4575005
273.53891 -198.753403 17.6147003
273.546906 -198.632004 17.8041
273.494873 -198.743927 18.1254997
273.508728 -198.736801 18.4454994
273.405701 -198.703598 18.7497997
273.488007 -198.775208 18.9020004
273.452393 -198.729797 19.1623001
273.592896 -198.782501 19.2823009
273.562805 -198.604797 20.7737999
273.578491 -198.758499 20.8666
273.485535 -198.73056 21.4725494
273.453979 -198.527008 3.75396657
273.516571 -198.505402 3.91293335
273.44928 -198.550095 4.15995026
273.523895 -198.473206 4.38149977
273.491699 -198.530914 4.55739975
273.47879 -198.472397 4.61409998
273.514587 -198.527893 4.96950006
273.502899 -198.476395 5.14870024
273.503967 -198.520676 5.26612473
273.523865 -198.533127 5.67420006
273.578186 -198.505753 6.10449982
273.502594 -198.526352 6.43309975
273.590515 -198.477097 6.7013998
273.49292 -198.543488 7.31285
273.581512 -198.5289 8.10420036
273.570099 -198.545502 9.00329971
273.548096 -198.571198 9.29539967
273.5065 -198.5681 9.52159977
273.578888 -198.483398 10.0829
273.562714 -198.571304 10.2229004
273.583496 -198.580002 11.1513996
273.564697 -198.523499 11.342
273.518921 -198.541855 11.4683495
273.541504 -198.51265 12.1567001
273.560913 -198.509506 12.2038002
273.486694 -198.496902 12.7203999
273.547791 -198.585495 13.2967997
273.5672 -198.479507 13.7898998
273.561951 -198.5746 13.93645
273.489197 -198.589294 14.5059996
273.562012 -198.553802 15.0902004
273.522491 -198.425903 19.9662991
273.497009 -198.495148 20.0027504
273.488159 -198.532349 20.3038998
273.457397 -198.546906 20.6870003
273.548004 -196.558899 4.83440018
273.565796 -195.7332 4.79650021
273.591003 -195.652298 4.87010002
273.666992 -199.992493 1.45480001
273.642395 -199.884293 3.64829993
273.664307 -199.850204 5.90360022
273.627869 -199.907959 6.08664989
273.617004 -199.936203 6.29370022
273.642212 -199.931137 6.8781333
273.67099 -199.945297 7.02909994
273.660553 -199.909393 7.31664991
273.694214 -199.966599 7.46700001
273.637878 -199.624298 1.71805
273.65155 -199.623993 1.90610003
273.691223 -199.624908 2.1099
273.731201 -199.604401 2.28730011
273.674774 -199.635239 2.54873347
273.712524 -199.654465 2.66636658
273.761993 -199.683395 2.89619994
273.763641 -199.750229 3.10623336
273.662598 -199.692352 3.36430001
273.67395 -199.69931 3.50839996
273.618103 -199.662323 3.71422505
273.719696 -199.681763 3.94320011
273.781738 -199.76033 4.10926676
273.664734 -199.72641 4.31270027
273.655396 -199.771637 5.89410019
273.67099 -199.763901 6.06459999
273.632904 -199.761002 6.29969978
273.664795 -199.67099 6.57725
273.645264 -199.64595 6.90880013
273.685089 -199.735992 7.42430019
273.69162 -199.559601 1.71233332
273.726074 -199.595856 1.87639999
273.699188 -199.584702 2.2980001
273.763397 -199.587296 2.8822999
273.676331 -199.512756 3.32789993
273.609406 -199.484894 3.40079999
273.657074 -199.542007 3.88084006
273.732788 -199.565903 5.24499989
273.606598 -199.594498 5.875
273.62323 -199.551498 6.24265003
273.677307 -199.549606 6.51709986
273.703674 -199.362152 3.54449987
273.612305 -199.250305 6.28340006
273.722504 -199.101303 16.3330994
273.621002 -199.089798 18.4848995
273.762695 -198.938507 5.67630005
273.776794 -198.928497 6.00640011
273.736938 -198.84436 7.08090019
273.600006 -198.816406 17.4526005
273.645691 -198.840637 18.3491001
273.621185 -198.823898 18.4997005
273.632111 -198.859802 19.2310009
273.688599 -198.854614 21.4747257
273.700287 -198.737793 4.86549997
273.628113 -198.753906 5.86679983
273.720612 -198.644104 6.73110008
273.707703 -198.606903 7.51140022
273.68219 -198.676392 8.29949951
273.764191 -198.613007 8.68470001
273.721985 -198.634003 9.73490047
273.688202 -198.641754 11.4820995
273.670105 -198.641998 11.8793001
273.644287 -198.602203 12.3722
273.74881 -198.613693 12.8246002
273.661591 -198.672501 13.1906004
273.792114 -198.600204 13.8063002
273.618896 -198.629196 14.3310003
273.671692 -198.612762 14.5168495
273.690857 -198.651138 14.920867
273.696503 -198.687637 15.079133
273.778503 -198.616302 15.2818003
273.605499 -198.706696 15.5504999
273.619812 -198.707367 15.6918335
273.651489 -198.767807 15.8668003
273.71991 -198.678101 16.0041008
273.637085 -198.788605 17.0067005
273.633087 -198.621902 17.2880993
273.667175 -198.659698 17.4391994
273.752777 -198.664963 17.9202995
273.666504 -198.765198 18.2168999
273.727203 -198.776093 18.4412003
273.701294 -198.720306 18.6357994
273.660034 -198.733902 18.9192257
273.690857 -198.667404 19.0592995
273.739685 -198.762405 19.3108006
273.702454 -198.635452 20.4699497
273.708588 -198.764404 20.7807007
273.747437 -198.63176 20.8894672
273.667206 -198.734924 21.3237343
273.714386 -198.714401 21.4200001
273.714355 -198.450958 3.75195003
273.702942 -198.434021 3.90672493
273.653687 -198.416702 4.00689983
273.716736 -198.437897 4.47814989
273.69809 -198.466141 4.6892333
273.759491 -198.446396 5.16870022
273.686707 -198.454697 5.26140022
273.691345 -198.457748 5.49960041
273.746124 -198.484665 5.68983316
273.684021 -198.456207 5.92955017
273.645386 -198.474594 6.0151
273.716797 -198.469101 6.24280024
273.663086 -198.502701 6.4847002
273.710632 -198.436905 6.69560003
273.74881 -198.451706 6.99779987
273.619019 -198.525543 7.03515005
273.716248 -198.557159 7.47480011
273.636963 -198.568451 7.71605015
273.67749 -198.532623 8.13630009
273.648712 -198.545502 8.32789993
273.69693 -198.561966 8.52993298
273.699341 -198.548157 8.87444973
273.655701 -198.543396 9.17099953
273.769592 -198.537399 9.29599953
273.704651 -198.506409 9.5
273.614685 -198.567795 9.72910023
273.620697 -198.420303 9.92329979
273.606995 -198.571793 10.1335001
273.733795 -198.580093 10.3470001
273.649689 -198.564758 10.9370337
273.735626 -198.511093 11.1250668
273.709839 -198.520996 11.3224001
273.705261 -198.5112 11.5502748
273.673584 -198.530853 11.9081993
273.652893 -198.518906 12.0606003
273.775696 -198.562607 12.4921999
273.719055 -198.572495 13.7105503
273.715607 -198.530304 14.0202999
273.6745 -198.580704 14.3088999
273.600891 -198.543793 14.5604
273.767212 -198.544693 14.6028004
273.709595 -198.580902 14.9622002
273.723907 -198.594498 18.7759991
273.743347 -198.546051 20.0886993
273.67041 -198.4617 20.5060997
273.705994 -198.544861 20.6647491
273.7995 -198.583099 20.8756008
273.759186 -198.586594 21.3486996
273.728912 -198.384201 3.77900004
273.795105 -198.352097 4.02390003
273.797913 -198.384003 4.21369982
273.796997 -198.363907 6.45599985
273.739746 -198.381348 8.53515053
273.758209 -198.372894 9.16639996
273.798401 -198.217102 12.0075998
273.751312 -198.384003 12.4420004
273.691315 -198.294601 17.9643002
273.792908 -198.345901 19.9477005
273.751801 -198.0103 9.30179977
273.780792 -198.0065 9.84910011
273.779907 -197.929794 6.29440022
273.782806 -197.930405 7.171
273.737915 -197.976593 7.21470022
273.671509 -196.272598 4.82509995
273.791809 -195.067093 4.84549999
273.838593 -199.661804 1.53989995
273.959198 -199.646255 2.92102504
273.879486 -199.683075 3.09640002
273.937714 -199.69931 3.49867487
273.864594 -199.677307 3.74909997
273.936462 -199.71698 4.10016012
273.940308 -199.654907 4.43240023
273.942993 -199.552094 1.5244
273.9505 -199.582504 1.90960002
273.89209 -199.582596 2.07984996
273.925781 -199.559296 2.25755
273.928986 -199.564514 2.48521256
273.834747 -199.576645 2.69110012
273.948395 -199.580505 2.93059993
273.992096 -199.538696 3.37199998
273.916718 -199.521271 3.91630006
273.968506 -199.410797 5.2638998
273.913971 -199.311874 3.51393342
273.900696 -199.377502 3.6026001
273.864685 -199.325607 4.06120014
273.952209 -199.008102 7.6894002
273.915253 -199.010742 10.1677494
273.912994 -199.062607 10.2473001
273.977478 -199.06073 12.9164667
273.914612 -199.054901 13.0425997
273.976501 -199.116196 13.5743999
273.920288 -199.072998 15.5664997
273.966736 -199.119095 15.6643496
273.862701 -199.113098 15.9794998
273.906006 -199.050201 16.0495987
273.812103 -199.062698 21.5725002
273.893188 -198.872604 4.87400007
273.800201 -198.8703 5.65100002
273.951294 -198.943298 7.56134987
273.934601 -198.838959 8.14179993
273.945892 -198.924103 9.72169971
273.945465 -198.912094 10.1660337
273.949799 -198.982391 10.50175
273.944794 -198.87851 10.7094498
273.95401 -198.856705 12.8772001
273.895752 -198.85495 15.5068998
273.850403 -198.846207 15.6896
273.846588 -198.849197 19.4510994
273.911713 -198.881393 21.4888
273.854614 -198.964096 21.6047993
273.897522 -198.740524 4.87127495
273.883392 -198.7771 5.02250004
273.963806 -198.648193 5.58059978
273.943665 -198.724609 7.49260044
273.983704 -198.6642 8.11940002
273.938995 -198.791 9.38430023
273.813293 -198.615799 10.0950003
273.819885 -198.629303 12.2554998
273.877136 -198.762802 12.8591995
273.816315 -198.672302 15.0621996
273.879059 -198.688995 15.5089664
273.955414 -198.745193 15.6552
273.865601 -198.686798 17.4778996
273.894409 -198.632935 18.0608749
273.912903 -198.608795 18.2579994
273.893707 -198.640945 18.6073494
273.954712 -198.685303 19.1362991
273.922394 -198.738007 19.2268009
273.93399 -198.718231 19.5113659
273.913605 -198.631302 20.7847004
273.916687 -198.621094 21.3738003
273.902191 -198.778198 21.5009003
273.949799 -198.431854 4.78369999
273.930756 -198.563095 4.84743357
273.890411 -198.456635 5.34013319
273.859253 -198.467377 5.54714966
273.94989 -198.582703 5.66419983
273.843903 -198.406204 5.91800022
273.835388 -198.434402 6.64389992
273.803497 -198.430695 6.80369997
273.800995 -198.473297 7.03840017
273.839355 -198.436646 7.30945015
273.8974 -198.488693 8.08460045
273.933411 -198.496948 8.35739994
273.895844 -198.505539 8.461133
273.809998 -198.553497 9.41399956
273.849121 -198.484711 9.8579998
273.927032 -198.490204 10.0968399
273.819092 -198.459259 10.8766994
273.822144 -198.516357 11.0404997
273.829193 -198.497696 11.2851
273.868286 -198.473206 11.5508003
273.849396 -198.501801 11.677
273.853271 -198.520599 11.8931255
273.867096 -198.417694 12.3367996
273.896362 -198.450745 12.5461998
273.929749 -198.511475 12.6647329
273.839966 -198.552795 13.8462505
273.82309 -198.550797 14.1585999
273.988098 -198.5271 14.2297001
273.847412 -198.514648 14.7112503
273.969299 -198.4384 14.8625002
273.859924 -198.564911 15.1329498
273.87027 -198.558868 15.2600336
273.9888 -198.589203 18.6700001
273.881104 -198.457199 20.120266
273.942719 -198.490295 20.2945499
273.884155 -198.526001 20.5461006
273.875885 -198.572495 20.8031006
273.875702 -198.508148 21.0723991
273.899597 -198.380997 3.7888
273.942749 -198.308899 3.87304997
273.902161 -198.317657 4.13189983
273.914795 -198.332001 4.34955025
273.964905 -198.376007 4.57009983
273.844299 -198.363403 6.28429985
273.881165 -198.37262 6.69517517
273.908325 -198.354294 7.21659994
273.837952 -198.297058 9.70440006
273.900269 -198.371796 9.94314957
273.885498 -198.377594 11.7040005
273.91571 -198.251297 11.9130001
273.871796 -198.313095 12.1157999
273.851013 -198.319794 12.3011332
273.839233 -198.269592 12.5410004
273.921387 -198.368195 12.6445999
273.988098 -198.363693 19.7544994
273.949493 -198.384796 20.1210003
273.938812 -198.003799 7.16270018
273.935089 -198.039398 7.3132
273.803986 -198.145294 9.55020046
273.866211 -198.199707 10.0188999
273.93161 -198.136795 12.0317001
273.993011 -198.021194 17.4662991
273.910889 -198.096527 17.7649002
273.809113 -197.982193 6.5454998
273.915009 -197.983597 6.71159983
273.878601 -197.977203 7.12010002
273.968903 -197.9133 7.46670008
273.803192 -195.826202 4.88999987
273.935303 -182.500595 21.3873997
274.1604 -199.863693 1.49419999
274.109436 -199.622299 2.94099998
274.157501 -199.677002 3.06904984
274.125214 -199.601303 3.34870005
274.120483 -199.689758 3.65004992
274.099152 -199.688705 4.10750008
274.013611 -199.639099 4.2191
274.129272 -199.654648 4.44509983
274.179596 -199.530197 1.51740003
274.077362 -199.565079 1.67972505
274.110657 -199.550354 1.84500003
274.073456 -199.567169 2.07979989
274.077515 -199.554092 2.25300002
274.098877 -199.552505 2.50349998
274.072876 -199.574661 2.66773319
274.141724 -199.512848 2.88775015
274.187012 -199.520798 3.1947999
274.126801 -199.476501 3.31515002
274.08725 -199.586395 3.71990013
274.108337 -199.511841 3.85356665
274.081512 -199.577499 4.08260012
274.137207 -199.3965 3.32319999
274.068359 -199.320068 3.47202492
274.026886 -199.352997 3.71239996
274.146393 -199.350906 3.93440008
274.075317 -199.318497 4.02830029
274.156952 -199.332794 5.24275017
274.015808 -199.003998 7.54069996
274.045288 -199.0504 7.66169977
274.073639 -199.035599 12.9378004
274.072906 -199.005997 15.4729004
274.121399 -199.032806 15.6132002
274.0047 -199.024506 16.1704998
274.124329 -199.053741 16.3346996
274.029694 -199.145996 21.6473007
274.084717 -198.814651 4.86884975
274.104553 -198.835052 5.09640026
274.125641 -198.806 5.44505024
274.046814 -198.932495 7.49965
274.046387 -198.837402 8.16819954
274.049713 -198.981094 8.82989979
274.081787 -198.8815 9.01109982
274.156189 -198.931107 10.0986004
274.162537 -198.927307 10.2674503
274.0784 -198.925095 10.698
274.185486 -198.840698 10.8067999
274.129395 -198.946152 12.7873001
274.087769 -198.887207 12.8906994
274.100159 -198.92569 15.5718498
274.041687 -198.977707 16.1959991
274.193512 -198.884705 16.2003994
274.066895 -198.867233 21.5176659
274.171448 -198.742859 4.82505035
274.192902 -198.759293 5.06559992
274.117676 -198.680206 7.48869991
274.076111 -198.621201 10.1568003
274.068298 -198.725403 12.7207003
274.084412 -198.780304 12.8388996
274 -198.781006 15.5630999
274.029907 -198.602798 18.1704006
274.097992 -198.604294 18.3174
274.044403 -198.668335 18.5604
274.147308 -198.607697 18.7527008
274.057281 -198.728485 18.855051
274.118347 -198.732635 19.0785332
274.1716 -198.714493 19.3983002
274.045105 -198.751999 19.4319992
274.021698 -198.632202 20.3759995
274.130096 -198.678406 21.3085327
274.158112 -198.701904 21.4729996
274.054352 -198.416702 4.66865015
274.149597 -198.587799 4.84420013
274.059448 -198.415894 5.50790024
274.041595 -198.430206 5.62270021
274.10437 -198.4272 5.85825014
274.104187 -198.500015 7.45255995
274.140808 -198.475327 8.43006706
274.065216 -198.463562 10.0735331
274.095215 -198.455795 12.7021999
274.167786 -198.542404 12.8009005
274.094055 -198.554016 13.7307997
274.143799 -198.497498 13.89645
274.046051 -198.461349 14.27635
274.026398 -198.535797 14.7785997
274.093658 -198.529205 14.8602009
274.074097 -198.481598 15.1805
274.071838 -198.537506 15.3197002
274.0802 -198.585846 15.4309006
274.014008 -198.562195 17.7942009
274.164093 -198.522095 18.1075993
274.124603 -198.590897 18.3166008
274.15036 -198.545898 18.500351
274.135193 -198.564102 19.5333004
274.114288 -198.549194 21.4407997
274.093323 -198.299194 3.82214999
274.152405 -198.263397 4.10179996
274.062988 -198.353699 4.22749996
274.118164 -198.36235 4.74475002
274.080505 -198.394302 5.3586998
274.110504 -198.262405 7.15409994
274.072968 -198.278641 7.3110857
274.156799 -198.312805 8.43910027
274.130066 -198.297836 10.0648336
274.019897 -198.215393 11.9230003
274.083588 -198.214706 12.3427
274.11084 -198.291656 12.4781246
274.102692 -198.207001 14.1261997
274.104004 -198.330811 14.4970503
274.066193 -198.3367 19.9319992
274.162201 -198.324707 20.0738487
274.105103 -198.395706 20.2709007
274.142395 -198.366806 20.8582993
274.101807 -198.178299 6.3130002
274.165405 -198.009201 6.72380018
274.151611 -198.090302 11.7278004
274.081085 -198.168304 12.2958002
274.010101 -198.190506 12.8634005
274.078186 -198.046143 17.7094498
274.158905 -198.193207 18.0044994
274.009399 -197.904205 6.79309988
274.015411 -197.911407 7.11980009
274.008911 -197.976303 9.34490013
274.194489 -197.886703 10.1128998
274.065002 -196.675507 4.72529984
274.151001 -196.302994 4.8599
274.134094 -185.021194 17.7723007
274.134888 -184.441895 20.4127007
274.144196 -183.903702 20.184
274.1521 -183.489105 20.0310993
274.125793 -183.427002 21.0825005
274.156189 -183.294601 19.2957993
274.187286 -183.323395 19.4573994
274.074707 -183.340195 20.1291008
274.195892 -183.140701 8.37119961
274.024109 -182.381195 21.3568001
274.319458 -199.614502 2.93099999
274.316406 -199.644196 3.06209993
274.334686 -199.696396 3.34459996
274.262299 -199.619797 3.64820004
274.224396 -199.697998 4.04160023
274.25293 -199.674042 4.23525
274.360413 -199.558197 1.50810003
274.22229 -199.524353 1.69727492
274.3703 -199.520844 1.87450004
274.355408 -199.521545 2.0999999
274.31134 -199.522247 2.33177495
274.204102 -199.547501 2.4065001
274.272797 -199.550293 2.72790003
274.261078 -199.556732 2.84432507
274.212097 -199.597504 3.15949988
274.294495 -199.490662 3.34819984
274.287964 -199.574158 3.50090003
274.302826 -199.52092 3.90219998
274.377411 -199.542892 4.31459999
274.316711 -199.399002 3.32270002
274.274139 -199.311005 3.48285007
274.294189 -199.379303 3.69390011
274.381104 -199.338699 3.98219991
274.314514 -199.297058 4.04939985
274.337341 -199.024292 12.9867992
274.273651 -199.053589 13.6332502
274.253906 -199.0504 15.585
274.296204 -199.002304 15.8571997
274.26001 -199.000397 16.0974007
274.286804 -199.172394 16.4545994
274.25769 -198.846497 4.87779999
274.226013 -198.801407 5.11030006
274.387512 -198.8405 5.66130018
274.226105 -198.820999 6.64599991
274.285095 -198.882401 7.58389997
274.37149 -198.933304 7.6401
274.3302 -198.834198 8.05230045
274.25769 -198.8013 8.87849998
274.302887 -198.899506 9.19219971
274.356598 -198.817505 9.30090046
274.224792 -198.871201 9.72290039
274.260986 -198.936493 10.1814003
274.306641 -198.902405 10.38095
274.266602 -198.905197 10.6604996
274.2547 -198.970306 10.9099998
274.301239 -198.906372 12.8916492
274.265594 -198.981796 13.1372004
274.232788 -198.991898 13.3146
274.298096 -198.911972 15.535533
274.212311 -198.839706 15.7508001
274.296265 -198.920197 16.1500511
274.360596 -198.990799 16.4179001
274.214905 -198.827896 21.5235004
274.294403 -198.774933 4.89677525
274.275696 -198.6987 5.04279995
274.332947 -198.765152 5.26060009
274.271606 -198.766495 5.6869998
274.308197 -198.718948 7.53165007
274.3526 -198.734802 7.99529982
274.340515 -198.688599 8.29500008
274.266205 -198.757996 8.44134998
274.355286 -198.740051 8.69305038
274.39209 -198.781097 9.08150005
274.350006 -198.7715 9.71220016
274.382599 -198.607895 9.90699959
274.32785 -198.763901 10.1671
274.306885 -198.789597 10.2772999
274.360748 -198.731949 10.4663506
274.302704 -198.753006 10.6160002
274.276489 -198.719513 12.724
274.281586 -198.699463 12.8711329
274.313293 -198.6203 15.5603333
274.283966 -198.642258 18.3125763
274.237152 -198.722366 18.4643326
274.230438 -198.671768 18.6796341
274.316101 -198.640198 19.1637001
274.243896 -198.721603 19.3792992
274.242889 -198.605606 21.1753998
274.213989 -198.733902 21.4407005
274.300812 -198.499603 5.76840019
274.253387 -198.435699 5.87949991
274.334839 -198.518204 7.46119976
274.319031 -198.471649 10.1234503
274.327606 -198.570999 10.2154999
274.257385 -198.505798 12.8430996
274.284119 -198.443649 14.4960499
274.295105 -198.453201 14.6962509
274.324097 -198.506012 15.0865002
274.312683 -198.4785 15.3228998
274.284973 -198.537201 15.4268999
274.360687 -198.407196 18.0534
274.322021 -198.586334 18.2695332
274.301819 -198.525208 20.8682003
274.283112 -198.483307 21.3840008
274.338989 -198.242371 3.71304989
274.293365 -198.264282 3.90857506
274.240692 -198.292206 4.19189978
274.298279 -198.274109 4.50955009
274.25946 -198.379486 4.71280003
274.236786 -198.398102 4.8506999
274.274811 -198.319397 5.7968998
274.273987 -198.267303 6.04440022
274.338013 -198.355331 7.32823324
274.265594 -198.355499 8.73910046
274.226288 -198.371796 9.8835001
274.268372 -198.285309 10.0342503
274.335266 -198.29155 11.4667501
274.274292 -198.280151 12.5716496
274.353149 -198.341354 12.6376495
274.230286 -198.382004 14.3669996
274.252808 -198.321396 19.7108994
274.270294 -198.293701 20.3815002
274.233337 -198.316498 20.7245502
274.233398 -198.378296 20.9078999
274.340515 -198.189194 4.1479001
274.238312 -198.094894 6.68109989
274.224915 -198.141998 11.4721003
274.326904 -198.199005 11.7501001
274.26709 -198.180206 11.9092503
274.218994 -198.056305 17.6853008
274.3862 -198.0867 17.8066998
274.372192 -197.918304 6.31949997
274.313599 -197.854996 6.56839991
274.355957 -197.877197 6.82954979
274.395203 -197.901199 7.00589991
274.300232 -197.956345 9.71755028
274.204712 -197.996506 10.0808001
274.234985 -197.928101 17.4524002
274.217102 -196.2724 4.83860016
274.297913 -195.294403 4.91029978
274.389496 -185.416595 19.0279007
274.365204 -185.540405 21.2980003
274.361694 -185.255798 22.4099998
274.309692 -185.014893 15.8677998
274.352203 -185.078003 21.4011993
274.356995 -184.837097 9.47500038
274.370209 -184.902893 20.0342007
274.358185 -184.819504 21.2131004
274.346893 -184.660797 20.9400997
274.360596 -184.507507 13.4260998
274.333496 -184.428802 17.7261009
274.322113 -184.550507 22.2800007
274.2789 -184.275696 11.8074999
274.382111 -184.255997 16.6394005
274.322113 -184.3423 18.9822998
274.208893 -184.030197 19.5268002
274.264313 -184.030106 22.0394001
274.298798 -183.910202 8.2215004
274.209015 -183.887497 17.5837994
274.27301 -183.897995 18.2147999
274.207092 -183.855499 19.7612
274.291992 -183.803604 20.1401005
274.23761 -183.725204 12.5405998
274.323212 -183.788696 16.4111004
274.275299 -183.723602 16.8038998
274.288788 -183.679092 19.9258995
274.311005 -183.617798 20.4444008
274.287109 -183.610901 20.7322998
274.300598 -183.565399 19.5830994
274.211304 -183.316299 15.0509996
274.227386 -183.071594 17.5632992
274.205688 -183.063293 20.6734009
274.243286 -182.984802 15.6348
274.276703 -182.494003 21.9363995
274.434509 -199.610504 2.98060012
274.461121 -199.638306 3.10951996
274.523712 -199.638901 3.48629999
274.432098 -199.627899 3.73049998
274.481415 -199.662079 4.0958252
274.468964 -199.509399 1.55406666
274.549683 -199.482529 1.65579998
274.537292 -199.463867 1.9095
274.488708 -199.502197 2.0007
274.424896 -199.510406 2.2744
274.440491 -199.496597 2.47580004
274.494629 -199.493851 2.68324995
274.47052 -199.523849 2.88429999
274.447296 -199.570602 3.23990011
274.5242 -199.412292 3.58089995
274.512085 -199.518494 3.72035003
274.48642 -199.492676 3.89171433
274.5961 -199.5802 4.12010002
274.437012 -199.371506 2.63540006
274.568298 -199.388702 3.33929992
274.556488 -199.259201 3.6638
274.51001 -199.365356 3.91025019
274.5979 -199.227005 4.13800001
274.427734 -199.085602 15.5732002
274.466187 -199.046707 15.9884996
274.408112 -199.017303 16.1672993
274.443512 -199.093994 16.4391994
274.468292 -198.816605 4.85200024
274.445312 -198.840805 5.49870014
274.556702 -198.810303 6.00820017
274.447601 -198.880997 7.52654982
274.484344 -198.868225 7.66540003
274.505615 -198.822006 7.86310005
274.468903 -198.809799 8.06949997
274.523804 -198.856506 8.70829964
274.463989 -198.905396 8.98349953
274.474701 -198.872803 9.42609978
274.58429 -198.824402 10.4792995
274.542664 -198.859955 10.7129498
274.424591 -198.925201 11.0012999
274.486206 -198.866394 12.7656002
274.488525 -198.91861 13.4421005
274.48056 -198.880234 15.5291328
274.460999 -198.901703 15.6063004
274.445557 -198.8871 15.9060993
274.530518 -198.88916 16.1134663
274.449799 -198.952698 16.3743
274.501709 -198.809097 19.2642002
274.573212 -198.800705 21.5809002
274.515503 -198.737671 4.86715031
274.511902 -198.748993 5.11910009
274.486267 -198.725098 5.2850666
274.46109 -198.773193 6.64359999
274.444336 -198.668793 7.52075005
274.506195 -198.669495 7.63310003
274.594604 -198.779907 7.95709991
274.486206 -198.715607 8.05385017
274.491608 -198.717194 10.2766857
274.52121 -198.735306 10.5496998
274.436005 -198.702698 10.6933002
274.428986 -198.790894 12.6351004
274.562195 -198.696442 12.8889332
274.531036 -198.717056 15.5655336
274.482208 -198.643005 18.7894001
274.474915 -198.628662 18.9148483
274.560699 -198.657303 19.1714001
274.552704 -198.678299 19.3841991
274.53479 -198.756042 19.5045509
274.497437 -198.68869 21.3895493
274.479523 -198.441727 4.858675
274.511719 -198.457397 7.47685003
274.411011 -198.410507 8.61250019
274.464905 -198.499634 10.1283331
274.584503 -198.465897 12.6092997
274.461487 -198.431595 14.2636995
274.43869 -198.406494 14.4172001
274.537292 -198.417694 15.3950996
274.438995 -198.517807 15.5389996
274.426605 -198.492706 18.0505009
274.523315 -198.543594 18.6882
274.46579 -198.550003 18.8579006
274.482697 -198.511093 19.7889996
274.529907 -198.432205 20.0792007
274.549896 -198.440796 20.4619007
274.462402 -198.409698 20.7224007
274.542511 -198.488907 21.0466003
274.502014 -198.511398 21.2714996
274.480988 -198.574905 21.4808006
274.596985 -198.309402 3.65879989
274.46759 -198.213699 3.82870007
274.428101 -198.215393 4.1086998
274.441101 -198.272797 4.24620008
274.427246 -198.277344 4.53730011
274.495453 -198.283173 4.64953327
274.546539 -198.331146 4.85659981
274.485596 -198.363998 5.73479986
274.564148 -198.309143 5.86114979
274.506226 -198.258362 6.12590027
274.533081 -198.308289 6.26754999
274.512939 -198.253693 6.4840498
274.450134 -198.312256 6.65859985
274.523804 -198.291595 6.9362998
274.487396 -198.301407 7.00059986
274.521057 -198.304108 7.2576251
274.493286 -198.347244 8.46630001
274.595398 -198.222 8.72200012
274.479553 -198.333344 8.87150002
274.524841 -198.323944 9.2869997
274.519287 -198.341644 9.69499969
274.543213 -198.285507 9.91539955
274.540497 -198.398697 10.0355997
274.514709 -198.306595 11.3663998
274.400604 -198.309494 11.4167995
274.501892 -198.385193 11.8541002
274.570587 -198.3302 12.1969004
274.559967 -198.282135 12.5098495
274.541412 -198.315201 14.8086004
274.526611 -198.327103 15.2788
274.51239 -198.395203 15.4473
274.595398 -198.246796 17.5058994
274.451385 -198.356506 17.9871006
274.473328 -198.258209 19.9521999
274.527893 -198.377808 20.2574997
274.425415 -198.252502 21.0946007
274.564209 -198.095993 6.04069996
274.545502 -198.136093 6.27489996
274.492188 -198.116699 6.80140018
274.510956 -198.183502 7.13719988
274.458191 -198.159698 9.69120026
274.552094 -198.075394 11.7688999
274.558289 -198.1026 12.0220003
274.511414 -198.096893 12.27425
274.479309 -198.160706 15.0410004
274.580811 -197.872803 6.36990023
274.446167 -197.895325 6.50633335
274.465881 -197.927353 6.94210005
274.414215 -197.946503 9.4052
274.57959 -197.7845 9.3380003
274.521698 -197.529694 7.53469992
274.4646 -196.371201 4.86339998
274.592987 -188.4104 18.0063992
274.483093 -187.621796 22.3498001
274.580811 -186.939301 23.0326004
274.571594 -186.664093 20.4211006
274.570801 -186.498795 16.8607006
274.5625 -186.437805 17.5065994
274.588104 -186.492798 19.3962002
274.583893 -186.290695 7.33059978
274.584991 -186.302399 9.21510029
274.582886 -186.381805 17.4986
274.570496 -186.249603 20.2581005
274.492798 -186.3853 21.0028
274.497101 -186.309402 21.4025993
274.58429 -186.135895 6.93039989
274.589905 -186.031998 10.2971001
274.577789 -186.013596 11.8945999
274.553711 -186.002197 15.2356005
274.590698 -186.104904 15.6497002
274.554596 -186.070908 17.2140007
274.53009 -186.087097 18.6000004
274.546997 -186.097305 19.2168999
274.501404 -186.063995 19.7656994
274.576385 -186.054794 20.1343994
274.477386 -186.053802 20.6226997
274.539703 -185.802704 9.31809998
274.561798 -185.833603 13.9994001
274.535004 -185.939194 16.1040993
274.531311 -185.956894 17.2005997
274.485596 -185.969406 18.1546001
274.549713 -185.869705 18.5438004
274.571198 -185.859802 19.6347008
274.581512 -185.822906 22.0198002
274.519592 -185.610992 8.3192997
274.517792 -185.641693 9.15219975
274.557709 -185.670502 11.0434999
274.5914 -185.774796 13.2616997
274.507874 -185.776352 17.2763004
274.545898 -185.771805 18.1735992
274.58139 -185.692505 18.8160992
274.4375 -185.761307 19.2467003
274.517822 -185.663651 20.116951
274.513489 -185.784195 22.5578003
274.523987 -185.426102 8.52400017
274.481995 -185.487305 9.91399956
274.58139 -185.534302 13.0881996
274.502991 -185.577606 17.3845005
274.477997 -185.5867 18.2728004
274.585205 -185.501205 19.8097
274.470093 -185.454102 20.0032997
274.5112 -185.486206 21.2973003
274.508789 -185.395004 15.8769999
274.572296 -185.390396 18.3728008
274.526703 -185.300598 18.5725002
274.496887 -185.336197 18.8153
274.576813 -185.253693 19.2616997
274.414612 -185.082901 16.6364994
274.498596 -185.057907 17.4027996
274.570404 -185.045197 19.2397003
274.503998 -184.888 18.8584003
274.440887 -184.929596 22.3062
274.412506 -184.250595 17.8038006
274.40271 -183.410599 16.7073994
274.639099 -199.712997 1.45439994
274.68515 -199.63266 3.16273332
274.665894 -199.606705 3.37579989
274.727173 -199.625198 4.10264969
274.75061 -199.678696 4.37869978
274.635559 -199.47464 1.53065002
274.684692 -199.458801 1.69219995
274.669495 -199.463394 1.86364996
274.703278 -199.469391 2.09555006
274.70871 -199.462723 2.31672001
274.695374 -199.472458 2.54703331
274.741394 -199.506302 2.6868
274.681488 -199.524612 2.90274286
274.698792 -199.512405 3.24920011
274.749634 -199.49231 3.55865002
274.672974 -199.489059 3.69007993
274.638885 -199.4785 3.91680002
274.728088 -199.56311 4.11909962
274.72345 -199.443604 4.35255003
274.636993 -199.388199 3.32150006
274.703949 -199.278702 3.43070006
274.665436 -199.310425 4.06743336
274.709595 -199.177704 4.13940001
274.790405 -199.031494 13.1087999
274.657654 -199.058762 15.7222004
274.784485 -199.040405 16.3899994
274.665497 -199.107697 16.5293007
274.737061 -198.826599 7.54484987
274.646698 -198.807999 8.00329971
274.770691 -198.813599 8.59290028
274.672302 -198.884506 9.59799957
274.632599 -198.846146 10.1371002
274.729126 -198.845932 10.3085003
274.646179 -198.821701 10.4988003
274.637085 -198.876602 10.8388004
274.69101 -198.846863 12.8766499
274.693298 -198.882401 13.0551004
274.633789 -198.930206 13.4536495
274.719788 -198.830505 15.5087004
274.728973 -198.923401 15.7240334
274.730896 -198.861298 15.9574003
274.709961 -198.887405 16.0801506
274.6698 -198.952499 16.3556004
274.669403 -198.990906 21.5900993
274.703064 -198.712082 4.85594988
274.723755 -198.728745 5.11000013
274.677307 -198.725601 5.27926636
274.742737 -198.751526 5.50005007
274.74881 -198.761948 5.70530033
274.748993 -198.750305 6.41830015
274.731506 -198.757507 6.63689995
274.612305 -198.656296 7.48320007
274.684021 -198.736008 7.67886686
274.68219 -198.740799 7.91629982
274.722198 -198.681488 8.08160019
274.67749 -198.779251 8.5407505
274.749115 -198.611099 8.61139965
274.69223 -198.681473 10.1316595
274.627594 -198.706055 10.2091999
274.786011 -198.728653 10.4960499
274.664093 -198.798706 10.7530003
274.714111 -198.769608 10.9179001
274.749786 -198.643295 15.5676003
274.635406 -198.647995 18.2674999
274.670685 -198.610107 18.5191002
274.648407 -198.613007 19.2509003
274.795502 -198.632004 19.5384998
274.680939 -198.747955 21.4786987
274.76709 -198.497696 4.78770018
274.678802 -198.434814 4.85440016
274.684296 -198.400406 7.45599985
274.638885 -198.593201 7.89970016
274.638 -198.566406 8.28479958
274.645264 -198.427643 8.59639931
274.724487 -198.446594 9.97410011
274.734802 -198.420853 10.0925503
274.790009 -198.493301 12.5986004
274.703949 -198.473999 12.7226505
274.682648 -198.453644 13.8857994
274.647614 -198.421402 14.8915997
274.682343 -198.462448 15.3129997
274.694031 -198.532898 15.4885006
274.734192 -198.440506 16.3838997
274.616089 -198.437302 17.9806004
274.715149 -198.508835 18.1240005
274.677155 -198.55043 18.2458668
274.748505 -198.579605 18.4804001
274.754791 -198.593994 19.1690998
274.721344 -198.579193 19.310051
274.689392 -198.412994 19.4008999
274.665894 -198.436005 20.3827
274.616089 -198.495499 20.4426003
274.634308 -198.498001 20.8495007
274.701508 -198.449402 21.3306999
274.626587 -198.251999 4.3915
274.760101 -198.331696 4.50369978
274.72464 -198.253952 4.61910009
274.719757 -198.313141 4.8373003
274.680908 -198.327499 5.86240005
274.619507 -198.230194 6.1736002
274.675415 -198.257996 6.58260012
274.640259 -198.288498 7.17105007
274.673737 -198.300964 7.35710001
274.757202 -198.383804 7.52440023
274.781891 -198.366302 8.39260006
274.614899 -198.270599 8.79090023
274.6203 -198.274506 8.87800026
274.736633 -198.234329 9.94709969
274.688293 -198.278793 10.0354996
274.671204 -198.243607 12.2409
274.78949 -198.219193 12.5515003
274.716034 -198.3517 12.6836395
274.799011 -198.334 14.1405001
274.74057 -198.290268 14.4898672
274.67569 -198.324493 14.6346998
274.650085 -198.293503 14.9896002
274.779785 -198.294098 15.0780001
274.674194 -198.383545 18.081749
274.725311 -198.356201 20.3892002
274.671814 -198.330002 20.4132996
274.614502 -198.390198 20.8518009
274.684998 -198.169495 4.5559001
274.716095 -198.069534 6.44560003
274.712708 -198.190094 6.64429998
274.746887 -198.184799 6.86819983
274.768311 -198.129501 7.16639996
274.693512 -198.175293 7.21600008
274.618713 -198.156494 9.80799961
274.789001 -198.157898 11.5
274.718506 -198.088028 11.7091999
274.677307 -198.093094 11.8543997
274.60379 -198.159195 12.2826004
274.796997 -198.075699 14.2945995
274.709412 -198.094894 15.6386995
274.714172 -197.963852 6.19320011
274.733948 -197.95015 6.29115009
274.688568 -197.902939 6.53213358
274.675476 -197.926926 6.69237995
274.716675 -197.84877 6.91170025
274.7164 -197.832657 7.14744997
274.7948 -197.801498 7.35160017
274.779388 -197.776001 6.88850021
274.687927 -197.786194 7.12244987
274.605408 -197.787598 9.59710026
274.730286 -197.336899 4.80459976
274.700012 -196.460907 4.89559984
274.763702 -195.569397 4.90220022
274.631287 -195.026794 4.91279984
274.694489 -194.914703 4.9224
274.7453 -189.514801 20.2215996
274.799896 -188.720901 21.0340004
274.756012 -188.779099 22.7133007
274.765198 -188.459106 19.7096996
274.694611 -188.495499 20.6758995
274.766205 -188.234604 18.9437008
274.789307 -188.240402 23.1716995
274.786804 -188.166107 15.2602997
274.799286 -188.154007 18.7574997
274.797607 -188.123199 20.2176991
274.775208 -188.194794 23.1198006
274.768799 -187.900803 14.5483999
274.789886 -187.984894 15.3768997
274.785706 -187.855896 17.4008007
274.75531 -187.806305 20.1662998
274.70752 -187.958145 20.3752499
274.788391 -187.895706 20.5916996
274.753815 -187.980896 22.8820992
274.76709 -187.623001 15.3027
274.74939 -187.709702 19.2814007
274.78421 -187.680695 21.4279995
274.649811 -187.746597 22.8505993
274.790497 -187.471603 6.80849981
274.713013 -187.411896 18.1123009
274.673889 -187.4496 19.5527992
274.719086 -187.3591 8.22350025
274.712219 -187.266754 10.8745003
274.757996 -187.305801 16.9398994
274.752686 -187.375 18.1903992
274.634094 -187.249603 18.3728008
274.669006 -187.373001 19.1704998
274.7948 -187.230499 19.4853001
274.724609 -187.258499 20.0807991
274.710114 -187.103806 8.17389965
274.637787 -187.032104 13.3337002
274.705414 -187.072098 14.6929998
274.736206 -187.145798 16.1149998
274.772186 -187.195099 16.5161991
274.711853 -187.050446 16.6687508
274.706512 -187.057404 17.094101
274.692688 -187.095352 17.8423996
274.663513 -187.183807 19.9494991
274.631287 -187.147293 20.3904991
274.644806 -187.172806 22.7406998
274.678802 -186.874603 9.26000023
274.682007 -186.863297 15.9716997
274.682007 -186.892899 17.7138004
274.730804 -186.926895 18.4013004
274.709106 -186.865005 18.6931992
274.719208 -186.781906 12.6967001
274.719604 -186.6073 15.2107
274.616608 -186.724594 16.3969002
274.712799 -186.760498 17.2047005
274.644012 -186.735504 17.7070007
274.635101 -186.616806 18.3237
274.668304 -186.688095 19.4986992
274.654388 -186.713104 19.6196003
274.6763 -186.695206 21.1609001
274.674591 -186.473694 8.32349968
274.650513 -186.471497 9.3512001
274.668915 -186.481201 13.0283003
274.746796 -186.513596 15.3268003
274.6008 -186.409302 16.4962006
274.615509 -186.549698 16.8589001
274.629395 -186.569199 18.6830006
274.672089 -186.437897 19.3176003
274.606903 -186.501801 19.5692005
274.736816 -186.480652 20.1257992
274.785706 -186.450195 22.6049004
274.613403 -186.472 22.8871002
274.638885 -186.221603 7.74959993
274.648712 -186.347794 9.82660007
274.669189 -186.360397 14.1471004
274.673309 -186.372406 14.5433998
274.619995 -186.257996 15.4403
274.645813 -186.341293 15.6244001
274.698486 -186.285004 19.7504997
274.619507 -186.230194 20.4123001
274.609192 -186.010406 9.56330013
274.634399 -186.158295 12.0254002
274.646606 -185.935699 15.4968004
274.736298 -185.996994 18.9036999
274.613495 -185.512207 19.3563995
274.61319 -185.271301 22.0428009
274.928406 -199.628998 3.2125001
274.921692 -199.602203 4.12610006
274.86554 -199.456635 1.51743329
274.933075 -199.428833 1.6902833
274.921082 -199.431229 1.89416671
274.916595 -199.439697 2.11023331
274.941711 -199.433807 2.39059997
274.885559 -199.446075 2.50826669
274.888397 -199.44545 2.727175
274.942291 -199.444702 2.97449994
274.961609 -199.484344 3.17595005
274.896606 -199.577148 3.49044991
274.88504 -199.513168 3.95366669
274.925598 -199.466003 4.17679977
274.998199 -199.466202 4.37370014
274.957886 -199.370544 1.8872
274.870392 -199.328339 3.3129499
274.801788 -199.344696 3.59450006
274.8526 -199.337296 3.7499001
274.864075 -199.371063 3.88695002
274.922791 -199.181793 3.47059989
274.863037 -199.015549 15.6175995
274.919495 -199.124298 16.4599991
274.940613 -198.813095 7.56969976
274.9953 -198.838898 10.1311998
274.813293 -198.861893 10.2041998
274.912292 -198.840302 10.5214996
274.973114 -198.810303 10.8648005
274.893951 -198.908691 12.8642502
274.931091 -198.889603 13.3463001
274.819397 -198.919403 13.5518999
274.822113 -198.830093 15.4763002
274.89502 -198.839951 15.7245502
274.925507 -198.990295 15.8723001
274.806885 -198.9086 16.0802002
274.803589 -198.942596 16.2667007
274.9599 -198.871506 16.448
274.860413 -198.900894 21.7336006
274.876709 -198.675964 4.89586687
274.851562 -198.720932 5.09590006
274.901794 -198.689453 5.26757526
274.88855 -198.722153 5.44789982
274.862701 -198.709305 6.75549984
274.923828 -198.65921 7.52570009
274.99231 -198.610992 7.7420001
274.852234 -198.721848 7.87295008
274.875641 -198.721802 8.06864929
274.883606 -198.746902 8.56970024
274.977203 -198.698349 10.1116505
274.947815 -198.7099 10.3843002
274.874908 -198.671494 10.5085001
274.937866 -198.665543 10.7037802
274.851807 -198.738998 12.8994999
274.905762 -198.750259 15.5478001
274.863892 -198.788406 15.8338003
274.979309 -198.737793 16.3054008
274.86969 -198.636993 16.4862995
274.900696 -198.611603 18.4694996
274.898895 -198.656693 18.6058006
274.953247 -198.613953 19.2242508
274.911713 -198.752701 19.6061993
274.847198 -198.772903 21.4144993
274.966705 -198.545105 4.91429996
274.893738 -198.496643 5.57369995
274.898865 -198.524353 7.50099993
274.935211 -198.485306 8.15270042
274.87851 -198.432205 8.57110023
274.981293 -198.422195 9.98840046
274.849915 -198.459702 10.1606998
274.993713 -198.403107 10.3606997
274.940094 -198.478699 10.6872997
274.827606 -198.4245 12.7868004
274.905853 -198.471344 12.8298502
274.812714 -198.424103 13.8226004
274.826385 -198.422806 15.1555004
274.884857 -198.496338 15.4987001
274.924713 -198.519897 16.2490997
274.891998 -198.503601 16.6818504
274.901062 -198.466705 18.1175003
274.924316 -198.495148 18.2266006
274.968109 -198.527298 18.5939999
274.906403 -198.49115 18.6749992
274.950897 -198.568802 18.9264488
274.862823 -198.523865 19.1239014
274.892609 -198.539093 19.4883995
274.830994 -198.429199 20.2752991
274.854187 -198.440506 20.9713993
274.849396 -198.324493 4.07700014
274.873413 -198.296982 4.7098999
274.913513 -198.342499 4.86539984
274.84433 -198.320572 5.71086645
274.895538 -198.307617 5.85667515
274.937347 -198.258453 7.32626009
274.938202 -198.35173 7.46293354
274.933716 -198.347504 8.28680038
274.972107 -198.366806 8.48929977
274.859406 -198.287628 9.95566654
274.894104 -198.326736 10.0766668
274.952148 -198.33815 10.7324505
274.9151 -198.355499 10.9547338
274.846863 -198.238205 11.1205997
274.934387 -198.271698 12.5633001
274.902588 -198.335266 12.7002335
274.985199 -198.309494 13.3844004
274.980499 -198.380798 13.8451996
274.85321 -198.227905 14.3664999
274.916595 -198.289993 14.4547005
274.923889 -198.267502 14.6639996
274.893188 -198.321701 14.9351997
274.94339 -198.283905 15.0409002
274.933807 -198.314407 15.3775997
274.978302 -198.3965 15.4400997
274.949005 -198.346603 17.9158001
274.830963 -198.31395 20.1154499
274.898376 -198.287506 20.303299
274.884796 -198.318146 20.7368011
274.835052 -198.350998 20.8431511
274.995697 -198.241592 21.2721004
274.864136 -198.37149 21.4563999
274.940491 -198.195694 4.67920017
274.879303 -198.022903 6.59089994
274.9375 -198.056503 7.13210011
274.936829 -198.068207 7.27054977
274.885864 -198.169647 9.94594955
274.8992 -198.000397 11.6856003
274.898987 -198.141296 12.1456003
274.851898 -198.133102 12.5515003
274.925659 -197.877991 6.3423996
274.889526 -197.913635 6.53389978
274.844696 -197.902206 6.73000002
274.86676 -197.863968 6.89960003
274.8638 -197.847107 7.21339989
274.868011 -197.980499 15.6620998
274.810913 -197.904694 17.4710999
274.911896 -197.9785 17.7022991
274.848206 -197.760101 7.40070009
274.829407 -197.006393 4.91039991
274.906097 -190.953293 19.4097996
274.859711 -190.645294 20.7929993
274.872406 -190.235901 20.9032993
274.878998 -189.965698 15.9705
274.991791 -189.650101 17.9011002
274.992615 -189.766098 19.2653999
274.996887 -189.638901 20.4176006
274.988403 -189.615494 22.5601997
274.971008 -189.619003 22.7702999
274.984497 -189.551193 15.0039997
274.9935 -189.554092 16.5160999
274.978699 -189.567307 17.2155991
274.994507 -189.269608 13.6325998
274.987213 -189.378006 15.0978003
274.996002 -189.267197 15.5916996
274.981995 -189.2742 16.9738007
274.995483 -189.270355 17.1729507
274.912109 -189.258194 20.7985001
274.921387 -189.367096 20.8281002
274.945496 -189.326904 22.2464008
274.935089 -189.150101 8.84309959
274.980011 -189.0784 17.6464005
274.959503 -189.098404 18.7164993
274.944214 -189.146698 19.4123001
274.875 -189.181107 20.093399
274.979706 -188.847794 7.73449993
274.946808 -188.854797 10.8983002
274.977509 -188.891296 13.0642996
274.930298 -188.929901 13.7994003
274.970215 -188.800903 14.7979002
274.969086 -188.916107 15.0901003
274.953491 -188.852005 20.2854004
274.95459 -188.637299 6.97949982
274.851105 -188.716797 7.55959988
274.829315 -188.701401 8.12829971
274.922485 -188.608902 9.17500019
274.946289 -188.791901 13.7311001
274.996399 -188.760193 14.8617001
274.999603 -188.680496 15.6517
274.976196 -188.707108 18.6942997
274.847687 -188.721695 18.8279991
274.997803 -188.668701 20.9741001
274.952606 -188.513596 9.40849972
274.907288 -188.519196 10.1801996
274.947601 -188.565994 10.9088001
274.943909 -188.507904 12.9509001
274.919434 -188.473801 14.7281494
274.979797 -188.541702 15.7074499
274.954895 -188.430756 16.507
274.851715 -188.400894 16.8090992
274.847412 -188.582504 17.4442005
274.877014 -188.489502 18.6154003
274.902496 -188.446899 18.8987007
274.82019 -188.435593 19.2311001
274.908997 -188.272293 8.6566
274.853088 -188.257797 11.6552
274.986908 -188.2099 11.9084997
274.973602 -188.382996 12.1375999
274.893097 -188.235001 13.6553001
274.898865 -188.331757 14.9426994
274.925171 -188.291901 16.3056507
274.919708 -188.322601 16.5911999
274.817993 -188.311798 16.6809998
274.859802 -188.377899 17.1830997
274.928619 -188.298035 18.1000996
274.854614 -188.238907 18.6196995
274.830902 -188.229401 18.8199997
274.832092 -188.218796 19.1721001
274.951202 -188.208496 19.2248001
274.858307 -188.384705 20.1968994
274.831512 -188.378906 20.7945995
274.802612 -188.094696 6.88910007
274.828796 -188.152893 7.34950018
274.830597 -188.160095 14.0117998
274.831604 -188.154602 17.2021008
274.915192 -188.065308 17.8726997
274.890411 -188.008102 18.9354992
274.833405 -188.027649 19.8824997
274.854492 -188.139801 20.8430004
274.835999 -188.188705 23.1467991
274.862091 -187.975998 7.45580006
274.927795 -187.988907 12.9291
274.816498 -187.9664 14.4717999
274.860901 -187.829803 14.8480997
274.823303 -187.871902 15.4715004
274.915497 -187.858902 16.9419994
274.804993 -187.876205 17.1588993
274.921997 -187.839401 17.6117001
274.836212 -187.924698 17.9794998
274.863007 -187.863998 18.4584007
274.838898 -187.9729 18.7479992
274.813599 -187.946304 19.6240997
274.858887 -187.962402 21.7896996
274.853699 -187.928406 23.2098999
274.808899 -187.671997 7.87249994
274.827209 -187.755203 9.38790035
274.881195 -187.774002 12.7132998
274.843689 -187.663406 13.6658001
274.827698 -187.712494 14.6916504
274.827698 -187.794601 15.5065002
274.836456 -187.698639 15.8600502
274.82959 -187.793701 16.1550999
274.840088 -187.704102 17.5492001
274.823395 -187.705795 17.7404995
274.825104 -187.686707 18.4391994
274.828186 -187.738907 19.7052002
274.85611 -187.707001 20.8411999
274.807587 -187.486206 9.24790001
274.841003 -187.528 15.1907997
274.859406 -187.465302 16.0832996
274.819702 -187.538605 16.4328003
274.877502 -187.582001 17.4850998
274.935913 -187.5905 18.375
274.870789 -187.533203 19.7490005
274.80249 -187.576904 22.7539997
274.818207 -187.217499 15.6625996
274.917297 -187.108902 20.3551006
274.845215 -186.972107 18.7819996
274.902191 -186.794998 19.5344009
274.832794 -186.411301 16.7514992
275.034088 -199.603607 4.10820007
275.12561 -199.403595 1.58759999
275.023193 -199.408295 1.65190005
275.123199 -199.422195 1.81459999
275.061249 -199.412598 2.31392002
275.088165 -199.426163 2.67400002
275.055725 -199.485184 2.90453339
275.165405 -199.518799 3.02819991
275.002106 -199.483597 3.48049998
275.11261 -199.447769 3.91243339
275.082916 -199.520691 4.11180019
275.114868 -199.367233 1.72039998
275.165985 -199.324799 2.23049998
275.022186 -199.363007 2.44210005
275.134277 -199.350037 2.64343333
275.126312 -199.377808 3.02040005
275.050812 -199.285507 3.28390002
275.094604 -199.324402 3.55999994
275.134613 -199.326797 3.79329991
275.070618 -199.292496 3.92983341
275.155212 -199.323105 4.09240007
275.097748 -199.092194 3.52349997
275.134888 -199.157593 4.07380009
275.059509 -199.058807 15.7235498
275.078705 -198.815094 10.8828001
275.095612 -198.885406 12.9333
275.077789 -198.806396 15.4754
275.191589 -198.852295 16.1662006
275.03125 -198.816498 21.5513
275.079926 -198.710464 4.90091991
275.1604 -198.700897 5.16029978
275.089783 -198.704956 5.24790001
275.108093 -198.69635 7.52034998
275.080292 -198.671097 7.93093348
275.102814 -198.688507 8.49419975
275.109192 -198.673553 10.1479254
275.004211 -198.660706 10.7209997
275.024414 -198.748199 10.8556995
275.036713 -198.674896 12.7985001
275.055267 -198.732498 12.8871202
275.147095 -198.714355 13.5211
275.107788 -198.631958 15.5547504
275.087097 -198.701797 16.1692009
275.046661 -198.664307 19.4379501
275.130188 -198.715927 21.5185337
275.077057 -198.579437 4.88840008
275.160889 -198.434402 5.44000006
275.062103 -198.499268 7.46549988
275.151398 -198.436203 10.1817999
275.08252 -198.523468 10.2555246
275.054108 -198.563507 10.5190001
275.010406 -198.588898 10.7687998
275.034393 -198.525696 10.8709002
275.033508 -198.462204 11.1140003
275.115387 -198.494507 12.7379999
275.134888 -198.506348 12.8533859
275.123199 -198.468201 13.7804003
275.082214 -198.519501 13.8753996
275.128113 -198.510956 15.5469751
275.168213 -198.471802 15.6143999
275.11731 -198.455994 16.0998001
275.188599 -198.481293 16.3038006
275.198303 -198.515198 16.7833004
275.0047 -198.446701 16.9013004
275.150696 -198.455597 17.1462994
275.034088 -198.411804 18.1303005
275.075714 -198.402496 18.2619991
275.105835 -198.523376 18.5302753
275.038208 -198.559006 18.8206997
275.025879 -198.515533 19.0889664
275.029785 -198.417892 20.7042007
275.044495 -198.474045 21.2262993
275.065125 -198.475464 21.4726505
275.003204 -198.277496 3.83209991
275.195312 -198.224396 4.18330002
275.072388 -198.232101 4.27689981
275.100403 -198.228195 4.52080011
275.085144 -198.248245 4.65059996
275.051697 -198.347046 4.81025028
275.120697 -198.2715 5.14340019
275.095001 -198.253326 5.33216667
275.126648 -198.284149 5.48530006
275.12619 -198.297546 5.68529987
275.085999 -198.261902 5.8354001
275.185089 -198.230698 6.21269989
275.149536 -198.244095 6.78555012
275.125 -198.229156 7.15324974
275.125763 -198.246994 7.29835033
275.070923 -198.309357 7.44439983
275.122314 -198.309998 7.88000011
275.11322 -198.308594 8.16880035
275.049011 -198.261307 8.2184
275.122864 -198.312775 8.54817486
275.105469 -198.224396 8.71234989
275.196198 -198.3358 8.8135004
275.174286 -198.205994 9.63990021
275.082214 -198.244629 9.94880009
275.175293 -198.271805 10.0087004
275.187805 -198.334595 10.7503004
275.107758 -198.29686 10.8725328
275.180603 -198.373199 11.2599001
275.095215 -198.211304 12.3240004
275.102814 -198.332596 13.2700996
275.032959 -198.390747 13.6676006
275.000885 -198.271698 14.4977999
275.195892 -198.362305 15.1520004
275.0896 -198.342804 15.3163004
275.06543 -198.370224 15.4786663
275.102814 -198.371506 16.4962006
275.042542 -198.29184 21.1283989
275.008087 -198.338104 21.2728004
275.027313 -198.347 21.4347992
275.158997 -198.133804 3.80150008
275.190186 -198.160599 4.07649994
275.169952 -198.149445 4.31505013
275.146667 -198.11615 4.47660017
275.068146 -198.065155 4.6505003
275.189697 -198.160995 5.37919998
275.14035 -198.18045 6.11149979
275.128326 -198.167404 6.32903337
275.109985 -198.17067 6.48460007
275.174103 -198.192093 6.75880003
275.126587 -198.112198 6.90619993
275.154236 -198.156204 7.11670017
275.111694 -198.0336 7.23059988
275.095093 -198.174698 7.83760023
275.13031 -198.194305 8.25249958
275.102692 -198.030197 9.7446003
275.121033 -198.154297 9.93754959
275.018005 -198.147507 11.1049995
275.014496 -198.189697 11.2833996
275.150787 -198.191299 12.5832005
275.088989 -198.168396 15.1224003
275.116394 -198.174698 15.2733002
275.123688 -197.835602 4.26100016
275.140594 -197.9422 4.43879986
275.171509 -197.861206 4.61129999
275.010895 -197.931702 6.27540016
275.075592 -197.917801 6.76149988
275.0914 -197.968292 6.8590498
275.181702 -197.905899 7.1967001
275.054932 -197.932709 7.25504971
275.086792 -197.725006 4.11019993
275.073914 -197.671295 4.2098999
275.165985 -197.288605 4.81479979
275.195007 -192.634903 17.2140007
275.108307 -191.617203 17.7702999
275.150696 -191.799194 17.9785995
275.198395 -191.444305 21.2198009
275.182312 -191.2668 16.0365009
275.177399 -191.067795 17.9447994
275.027008 -191.158997 20.0291004
275.185913 -191.085007 21.1301003
275.194702 -191.051102 21.2570992
275.135071 -190.911148 17.4560013
275.133698 -190.828705 20.3827
275.152588 -190.931107 21.6786995
275.143585 -190.631897 7.03170013
275.169708 -190.613495 13.3788004
275.176697 -190.630096 13.9910002
275.182587 -190.720795 16.3670006
275.196106 -190.704895 16.4085007
275.189301 -190.735001 17.5792007
275.157288 -190.719696 18.3026009
275.1987 -190.743103 19.7381992
275.062195 -190.709503 19.9902992
275.059387 -190.610703 20.4335003
275.164398 -190.400406 13.6385002
275.143097 -190.485001 17.4176006
275.170593 -190.500305 19.6051006
275.145691 -190.433502 20.9051991
275.078186 -190.562393 22.1336002
275.160004 -190.301804 12.4070997
275.156097 -190.394302 13.4980001
275.14035 -190.29715 14.1336002
275.138306 -190.253494 15.3627996
275.141602 -190.217102 17.2770996
275.134399 -190.348511 17.7019997
275.105988 -190.219604 18.0443993
275.1633 -190.268402 19.5816002
275.106506 -190.394653 19.6743507
275.091492 -190.361099 20.4605007
275.09259 -190.292603 21.1560993
275.112793 -190.3564 21.6776009
275.093292 -190.030594 6.28389978
275.189514 -190.112701 6.57350016
275.117706 -190.037903 7.98659992
275.168213 -190.041901 11.4457998
275.1716 -190.078995 11.9371004
275.197205 -190.172897 12.1185999
275.112091 -190.138901 12.3959999
275.067902 -190.127502 13.6155005
275.139008 -190.158707 14.8494997
275.13269 -190.188995 15.1164999
275.085388 -190.085297 15.2483997
275.199799 -190.050003 15.7736998
275.175598 -190.105896 16.5011005
275.196686 -190.070297 16.6392002
275.143616 -190.170151 17.0998993
275.085388 -190.1492 17.8213997
275.100098 -190.174957 18.2617493
275.197388 -190.016907 19.1005001
275.156494 -190.130295 20.3684998
275.071594 -190.033707 21.3666992
275.173798 -190.0634 21.4430008
275.066101 -189.975098 7.0374999
275.041901 -189.967102 9.59000015
275.116089 -189.912094 9.6736002
275.092102 -189.904602 11.5377998
275.13559 -189.815796 12.0257998
275.106201 -189.8246 12.3675003
275.194397 -189.942093 13.9422998
275.160492 -189.801407 15.1370001
275.119812 -189.923492 16.1306
275.133514 -189.850601 16.7112007
275.195099 -189.894501 16.8742008
275.098755 -189.89621 17.332901
275.089111 -189.943405 17.8274002
275.111603 -189.979095 18.0375004
275.044098 -189.912796 18.7171993
275.112488 -189.917694 19.3082008
275.130951 -189.941101 20.7441998
275.132904 -189.843002 21.0709991
275.089996 -189.918396 22.1425991
275.105896 -189.6185 6.92570019
275.114746 -189.711746 12.1406498
275.131897 -189.667999 13.0936499
275.141907 -189.644104 13.2596998
275.111694 -189.734802 13.6026001
275.147522 -189.690552 14.3587999
275.119995 -189.639297 15.0704002
275.105194 -189.654907 16.0683994
275.074585 -189.708801 16.424099
275.115295 -189.661697 16.9020996
275.143097 -189.770401 17.0970993
275.033112 -189.602005 17.2887993
275.078003 -189.719498 17.4710999
275.055115 -189.633102 17.7425003
275.122498 -189.714294 18.0123997
275.091309 -189.689407 18.9102993
275.078705 -189.736893 19.7192993
275.139008 -189.603607 20.2010002
275.051514 -189.729996 20.8740997
275.098206 -189.638901 21.2245007
275.038086 -189.575806 13.0407
275.064087 -189.544693 13.3302002
275.046692 -189.477966 15.4838333
275.088806 -189.507507 15.7832003
275.057098 -189.491394 16.2203007
275.007996 -189.502899 17.3668995
275.004089 -189.499298 18.2311001
275.044189 -189.436707 18.5531998
275.061005 -189.575394 19.4993
275.138916 -189.548355 21.1716499
275.015411 -189.305893 9.89500046
275.056885 -189.278 13.4568996
275.053406 -189.292007 13.7409
275.089264 -189.363647 15.2767
275.055206 -189.373398 15.7854996
275.071777 -189.304596 16.3680992
275.086487 -189.339005 16.5723991
275.005615 -189.397903 16.6695004
275.067108 -189.2164 18.9911995
275.067291 -189.307907 19.7546997
275.036987 -189.339401 20.5419006
275.078796 -189.327698 21.8572998
275.005707 -189.116196 6.68550014
275.031311 -189.049805 12.5734997
275.04071 -189.047394 13.2751999
275.023987 -189.049301 13.7068005
275.089386 -189.163895 13.8803997
275.023712 -189.103302 14.8646002
275.021088 -189.062607 15.2711
275.036011 -189.1194 16.1945
275.01889 -188.830093 10.2081003
275.003998 -188.990799 13.9913998
275.139801 -188.824203 15.0249996
275.069092 -188.877304 18.0729008
275.014801 -188.731705 14.5930004
275.087585 -188.687805 16.5417004
275.082306 -188.771606 19.4258003
275.105804 -188.628006 19.8617992
275.172211 -188.577606 18.5165997
275.055389 -188.312698 21.6226997
275.003601 -188.190796 13.0871
275.308685 -199.843094 1.4224
275.291748 -199.650055 3.14279985
275.208008 -199.405594 1.95869994
275.239807 -199.406204 2.5316
275.309875 -199.405106 2.70586658
275.258331 -199.469177 2.91960001
275.346802 -199.518341 3.04185009
275.371216 -199.463745 3.2744
275.279907 -199.486359 3.53754997
275.378601 -199.428299 3.96889997
275.386414 -199.514801 4.25330019
275.273651 -199.371399 1.50211668
275.2724 -199.361237 1.67820001
275.317932 -199.361816 1.86265004
275.226105 -199.334396 2.02940011
275.296356 -199.383163 2.29933333
275.327301 -199.388901 2.51729989
275.339905 -199.384399 2.70440006
275.231415 -199.372696 2.83069992
275.226715 -199.351105 3.2019999
275.256287 -199.323196 3.75900006
275.325928 -199.325424 3.91768003
275.30896 -199.355957 4.34753323
275.332458 -199.144196 4.07294989
275.337708 -199.157898 4.24989986
275.274963 -199.023849 15.7149506
275.272217 -198.812195 10.2551003
275.312378 -198.862549 12.8895493
275.339813 -198.883896 13.0775003
275.225098 -198.811295 13.5193005
275.306519 -198.892654 15.7000504
275.208008 -198.811493 18.9174995
275.369598 -198.872299 19.0851994
275.316467 -198.930252 19.3429489
275.242188 -198.815903 21.6252003
275.230652 -198.670837 4.87424994
275.225403 -198.665207 5.2125001
275.307739 -198.68161 5.69614983
275.394012 -198.633499 6.28630018
275.367065 -198.672653 6.88679981
275.273987 -198.712341 7.47300005
275.261505 -198.701553 7.64245033
275.256012 -198.702194 8.57479954
275.267914 -198.742798 8.60649967
275.211304 -198.712601 10.1227999
275.374908 -198.779907 10.3308001
275.272003 -198.751801 12.905467
275.345795 -198.781006 13.0228996
275.201813 -198.754898 13.3118
275.335205 -198.604004 17.0228004
275.229706 -198.664505 21.3936996
275.341736 -198.62384 21.5053997
275.242493 -198.452454 4.77670002
275.25 -198.487106 5.74609995
275.230774 -198.493851 7.48019981
275.394592 -198.505096 9.52760029
275.214691 -198.404602 10.1975002
275.261902 -198.505707 10.2258997
275.242096 -198.413803 12.2226
275.345398 -198.554504 12.7621002
275.28833 -198.471008 12.9607506
275.253387 -198.479904 13.0028
275.211792 -198.444107 13.3340998
275.296265 -198.446152 13.4564495
275.323608 -198.463806 14.4320002
275.214203 -198.416 14.8380003
275.347504 -198.409103 15.0004997
275.258179 -198.48291 15.4951
275.307495 -198.547195 15.8593998
275.298645 -198.457153 16.7765503
275.321503 -198.513397 16.9458008
275.32959 -198.487 17.0534
275.365387 -198.4608 17.3845005
275.378906 -198.464706 17.6219997
275.30658 -198.441208 18.0632
275.333374 -198.473251 18.2605743
275.279419 -198.479156 18.5672493
275.342041 -198.487793 18.737751
275.337219 -198.558044 18.8719482
275.34201 -198.524597 19.0548
275.210999 -198.587799 19.3974991
275.35141 -198.414795 20.5926991
275.302338 -198.470901 21.4665489
275.30069 -198.203293 3.76539993
275.313416 -198.214508 3.91524982
275.285736 -198.223145 4.07338333
275.39151 -198.226303 4.21150017
275.342499 -198.22995 4.47214985
275.223206 -198.234146 4.70734978
275.248108 -198.246246 5.30774975
275.316101 -198.253052 5.66024971
275.291229 -198.258514 5.89328337
275.311401 -198.246521 6.11101437
275.226013 -198.241302 6.2974
275.315979 -198.257996 6.44543362
275.266663 -198.242004 6.67826653
275.213104 -198.237198 6.83760023
275.359161 -198.285095 7.08277512
275.301697 -198.251801 7.28126669
275.266479 -198.30217 7.49130011
275.283051 -198.286591 7.88290024
275.398193 -198.279007 8.18959999
275.284393 -198.285095 8.24715042
275.250641 -198.325867 8.48920059
275.247345 -198.264648 8.68765068
275.298462 -198.290833 8.88123322
275.33548 -198.332336 9.0644331
275.315613 -198.331207 9.3654995
275.327484 -198.284042 9.52425957
275.308502 -198.298004 9.72259998
275.365814 -198.347305 9.92730045
275.296967 -198.345642 10.1033802
275.264282 -198.356689 10.20895
275.265991 -198.318604 10.5131998
275.25827 -198.291061 10.6983995
275.239807 -198.364807 10.8910007
275.32489 -198.342194 11.0841999
275.371613 -198.338196 11.3199005
275.268585 -198.269196 11.4821997
275.289124 -198.300903 11.7863503
275.275604 -198.315903 11.9392004
275.318909 -198.238495 12.0170002
275.309204 -198.274048 12.2944508
275.308258 -198.29335 12.5156002
275.298035 -198.350525 12.8554335
275.330597 -198.326797 13.1048002
275.377594 -198.358597 13.4406004
275.24585 -198.325836 13.8894005
275.336792 -198.383896 14.0228004
275.294983 -198.329605 14.5179996
275.3508 -198.350006 14.6283998
275.323975 -198.358337 15.2711
275.389099 -198.3694 15.9857998
275.312805 -198.364197 16.1665993
275.236511 -198.3759 16.4897003
275.257812 -198.376602 17.9883003
275.27475 -198.306244 20.4782486
275.272705 -198.375198 20.8596001
275.335297 -198.365906 21.2877007
275.299255 -198.183655 3.9456501
275.318848 -198.16597 4.12720013
275.2164 -198.126205 4.28719997
275.248779 -198.193298 4.49499989
275.209686 -198.193207 5.07079983
275.271698 -198.192001 5.20149994
275.3526 -198.166901 6.1651001
275.329803 -198.181793 6.39559984
275.272919 -198.179993 6.50166655
275.242706 -198.176895 6.79519987
275.316589 -198.197495 6.86469984
275.269592 -198.189194 8.29730034
275.36499 -198.1978 9.25409985
275.345337 -198.112198 9.66130066
275.341095 -198.185104 9.85750008
275.254089 -198.193802 10.6475
275.200104 -198.181595 12.0986004
275.314087 -198.129303 12.5290003
275.337311 -198.110992 15.1413002
275.366211 -198.141693 16.3288994
275.342804 -198.156601 19.9818993
275.210388 -198.146805 21.0955009
275.237488 -197.890198 6.96070004
275.200592 -197.930206 7.07999992
275.20636 -197.928589 7.38665009
275.314392 -197.297241 7.5394001
275.389313 -195.427597 19.8906994
275.359192 -195.083603 18.6012993
275.321289 -194.743896 4.87769985
275.35611 -194.713394 20.6385994
275.345795 -193.272293 14.8058996
275.388306 -193.193405 15.9138002
275.330109 -193.134598 18.2653008
275.388611 -192.759598 19.8931999
275.329712 -192.708893 20.8596992
275.351715 -192.735901 21.7966995
275.380493 -192.403305 21.2833996
275.394012 -192.204407 12.9632998
275.393188 -192.260605 15.7271004
275.392914 -192.383698 17.0179005
275.314392 -192.3284 17.7672997
275.397491 -192.392899 18.2395992
275.374603 -192.301697 20.1786003
275.299194 -192.328506 20.7588997
275.352905 -192.301498 20.8911991
275.368988 -192.189896 17.1406994
275.367493 -192.020294 17.6368008
275.246399 -192.026703 19.6688004
275.37561 -192.09549 20.0576
275.348114 -192.158401 20.7707005
275.393494 -191.813599 8.43169975
275.364685 -191.853302 11.3585997
275.395599 -191.945908 13.5670996
275.396393 -191.982193 15.1157999
275.381195 -191.907501 15.8196001
275.380615 -191.997299 17.9260998
275.35321 -191.860107 18.1406994
275.3414 -191.901001 19.7203007
275.353882 -191.929138 19.843399
275.286194 -191.825806 20.1888008
275.344849 -191.960358 20.949749
275.341095 -191.903702 21.1877003
275.369812 -191.967499 21.2905998
275.381897 -191.997604 21.6481991
275.256805 -191.938293 22.1224003
275.366486 -191.773697 5.76480007
275.366486 -191.620895 9.33670044
275.380188 -191.769394 9.42660046
275.361603 -191.702194 10.3140001
275.332886 -191.694305 10.7259998
275.377899 -191.777802 12.6118002
275.39679 -191.796005 12.8675003
275.373108 -191.660797 13.3638
275.371094 -191.652298 13.7412996
275.359497 -191.723907 13.9764996
275.343292 -191.795807 14.4976997
275.302002 -191.662094 14.7344999
275.381287 -191.6194 15.0077
275.387604 -191.733795 15.9188499
275.303833 -191.639999 17.2321014
275.329895 -191.713409 17.7003498
275.314209 -191.716293 18.5412998
275.298279 -191.700058 18.6711998
275.36731 -191.721603 19.5802002
275.358032 -191.708099 19.6539993
275.392609 -191.639801 22.2926998
275.315002 -191.527603 6.32649994
275.328613 -191.496399 10.1838999
275.388 -191.5867 11.8683996
275.397797 -191.546906 12.0233002
275.303101 -191.578094 12.3963003
275.343689 -191.494797 12.9829998
275.32251 -191.490295 13.0509996
275.389099 -191.4272 13.9281998
275.343811 -191.550095 14.5032997
275.348114 -191.417206 14.6262999
275.345215 -191.413803 14.8648005
275.320892 -191.417099 15.0319996
275.327301 -191.5513 15.3641005
275.380493 -191.422104 15.901
275.314819 -191.494797 16.8250751
275.284302 -191.442505 17.4209995
275.258606 -191.445496 18.7674007
275.322937 -191.48349 19.1680489
275.330994 -191.561798 19.309
275.280518 -191.49411 20.6736488
275.292786 -191.580795 20.8582001
275.219391 -191.438095 21.9272995
275.316803 -191.402802 22.2129993
275.302002 -191.368301 9.13160038
275.248291 -191.247894 10.8755999
275.283813 -191.381393 11.3332005
275.302399 -191.281601 12.8961
275.293213 -191.336853 13.4104996
275.327087 -191.301041 14.0342331
275.258392 -191.282394 14.3696003
275.329803 -191.30719 15.2924995
275.362793 -191.353302 16.6882
275.258301 -191.246506 17.0028
275.282806 -191.359299 17.2530003
275.332092 -191.373001 18.1846008
275.236206 -191.306503 18.9696999
275.336304 -191.393799 19.8719006
275.218109 -191.258698 20.5935993
275.316406 -191.346695 20.9675999
275.283203 -191.104706 8.16810036
275.248993 -191.080505 10.0427999
275.352997 -191.173294 10.6992998
275.308685 -191.041107 10.9417
275.212097 -191.065399 11.691
275.304504 -191.172607 13.3172998
275.348206 -191.131195 14.1707001
275.310394 -191.040207 14.2076998
275.272888 -191.038803 14.5857
275.283813 -191.160706 14.6823997
275.35199 -191.154404 14.8532
275.360199 -191.197998 15.0718002
275.278351 -191.107254 15.2609501
275.231812 -191.110306 15.4418001
275.21991 -191.097702 15.6911001
275.326599 -191.079895 16.0515003
275.328613 -191.017807 16.4437008
275.332489 -191.079407 16.9456997
275.320923 -191.16864 17.9159508
275.291412 -191.172302 18.1898003
275.32489 -191.100906 18.7301006
275.204407 -191.121094 19.2605991
275.307312 -191.105606 19.8313999
275.295197 -191.158997 20.5410995
275.203705 -191.193298 20.6142998
275.287415 -191.049896 22.2626991
275.230011 -190.908707 6.14219999
275.316101 -190.944 10.0509005
275.291809 -190.990005 12.0613003
275.321899 -190.840195 12.3736
275.25769 -190.940002 12.7068005
275.263397 -190.869507 13.6957998
275.278137 -190.901306 14.4192009
275.237305 -190.811707 14.6417999
275.29541 -190.834747 14.8169498
275.217987 -190.818207 15.1644001
275.203491 -190.953293 16.5664005
275.2453 -190.847504 16.7591
275.371185 -190.916794 16.9577007
275.26709 -190.964203 17.4232006
275.266174 -190.828445 18.0802002
275.290588 -190.877197 18.5500507
275.229187 -190.992096 19.6665001
275.335999 -190.989197 21.0639
275.251892 -190.960403 21.8488998
275.243988 -190.689194 8.78689957
275.214386 -190.779099 10.5981998
275.275299 -190.679199 10.7629004
275.241791 -190.704605 11.1784
275.26181 -190.667053 11.8448505
275.209808 -190.741501 12.8596001
275.272705 -190.768707 13.1099997
275.226013 -190.678894 13.2344999
275.244202 -190.662094 13.4853001
275.246613 -190.689896 14.4063997
275.220398 -190.620102 15.0156002
275.234558 -190.634857 15.4879494
275.304596 -190.623993 15.9474001
275.276611 -190.704697 16.8022995
275.350189 -190.6259 17.3435993
275.314819 -190.686752 18.2681999
275.313385 -190.601395 18.9720993
275.309814 -190.662704 19.8757992
275.231201 -190.746902 21.0599995
275.23999 -190.519806 13.2151003
275.244904 -190.520401 13.5153999
275.274597 -190.566299 13.7266998
275.293091 -190.558105 14.2832003
275.245392 -190.543701 18.2560997
275.245087 -190.425903 18.5219994
275.247986 -190.445999 18.6065006
275.282013 -190.532104 19.1646004
275.245087 -190.412094 19.5568008
275.278015 -190.441803 22.4804001
275.244812 -190.227402 13.4401999
275.213287 -190.237701 15.7117996
275.352112 -190.384003 17.625
275.247986 -190.295502 17.8848
275.257202 -190.377808 21.2395992
275.228302 -190.194702 11.8292999
275.207611 -190.127899 12.8456001
275.327789 -190.095001 13.3568001
275.20639 -190.024002 13.9041996
275.215302 -190.054398 19.8959999
275.236206 -190.107193 21.6068993
275.252991 -189.926804 14.9618998
275.295288 -189.760193 17.3691006
275.219513 -189.315308 20.2311993
275.44101 -199.445602 1.37639999
275.50589 -199.404694 2.31590009
275.502869 -199.452896 2.93849993
275.554382 -199.523026 3.09542513
275.554291 -199.456894 3.52069998
275.481995 -199.4646 4.15649986
275.425598 -199.520294 4.21589994
275.565308 -199.358795 1.36399996
275.490723 -199.354202 1.48000002
275.504395 -199.324493 1.71578336
275.486877 -199.340393 1.89240003
275.469666 -199.352448 2.04260015
275.484802 -199.339905 2.26913333
275.44458 -199.368774 2.48806667
275.473755 -199.361115 2.68335009
275.489044 -199.356277 2.87335014
275.497437 -199.284775 3.76316667
275.557495 -199.315598 3.89269996
275.545685 -199.2052 4.03200006
275.406311 -199.373398 4.24459982
275.557892 -199.192596 1.61689997
275.437012 -199.075104 3.4535501
275.448792 -199.183304 3.64219999
275.409088 -199.082001 4.09940004
275.428711 -199.174194 4.25290012
275.508789 -198.899536 19.1280003
275.552948 -198.857941 19.2482014
275.409912 -198.631958 6.11155033
275.411285 -198.666504 6.26289988
275.478302 -198.708405 6.47149992
275.401489 -198.721695 19.0280991
275.462311 -198.615402 21.5342999
275.411285 -198.718704 21.7334995
275.475006 -198.4272 5.79099989
275.402893 -198.422806 11.1999998
275.419189 -198.438202 13.4337997
275.480438 -198.423096 14.4999504
275.490845 -198.435059 15.1389503
275.489105 -198.451401 16.0814991
275.597198 -198.466293 16.2052994
275.434906 -198.4823 16.7439003
275.540985 -198.461105 17.3586998
275.491302 -198.450394 17.4960003
275.592712 -198.4888 17.9890995
275.489441 -198.477142 18.0793495
275.457367 -198.516739 18.3163662
275.567413 -198.417206 18.618
275.550201 -198.479095 19.0627003
275.583405 -198.421295 21.2161999
275.501038 -198.486816 21.4659996
275.432709 -198.208298 4.58080006
275.506744 -198.220154 4.73929977
275.450623 -198.229431 4.83663321
275.517761 -198.240906 5.02614975
275.468506 -198.216095 5.26079988
275.455811 -198.215225 5.5622797
275.467102 -198.2034 5.64830017
275.523712 -198.215637 5.91839981
275.549103 -198.242859 6.06540012
275.52533 -198.254486 6.28555012
275.519104 -198.261429 6.5041666
275.492126 -198.26088 6.72232008
275.434998 -198.302307 7.05319977
275.485474 -198.236359 7.24147511
275.493805 -198.270355 7.48449993
275.474854 -198.264801 7.71689987
275.473755 -198.257568 7.87973309
275.49176 -198.295013 8.07454967
275.451904 -198.308655 8.22354984
275.506592 -198.282593 8.50417519
275.493713 -198.285202 8.70470047
275.526703 -198.265701 9.03629971
275.447784 -198.295105 9.27486706
275.477234 -198.25769 9.48559952
275.49765 -198.286041 9.71943378
275.528656 -198.289703 9.91604996
275.446991 -198.295227 10.318367
275.495453 -198.283203 10.4587336
275.497192 -198.262207 10.7048998
275.539612 -198.227997 10.9834003
275.532593 -198.350403 11.0771503
275.469177 -198.248642 11.3268795
275.458008 -198.316742 11.5255499
275.498108 -198.347244 11.6213999
275.471741 -198.288452 11.9470005
275.48053 -198.288391 12.1142998
275.418396 -198.303101 12.5418997
275.503113 -198.331161 12.7036667
275.497955 -198.313263 12.9304667
275.532196 -198.36496 13.0297508
275.54834 -198.313934 13.3072662
275.426453 -198.375305 13.5242996
275.532227 -198.323105 13.6984501
275.486725 -198.33429 13.8571329
275.526489 -198.334503 14.0711498
275.521606 -198.33316 14.2502003
275.466888 -198.342941 14.4961338
275.522156 -198.369659 14.7252502
275.477966 -198.333649 14.88305
275.556 -198.3405 15.0405998
275.474091 -198.346893 15.3972998
275.419983 -198.341705 15.5183506
275.550842 -198.35704 15.6666994
275.515198 -198.314743 15.9053001
275.544312 -198.382996 16.2254009
275.492828 -198.362305 16.6955338
275.446198 -198.361603 17.0909004
275.501038 -198.34259 17.2752991
275.528412 -198.344604 17.7301998
275.513489 -198.366699 18.1104507
275.444794 -198.389893 18.7054996
275.448486 -198.327301 20.0575008
275.520599 -198.207596 20.2772999
275.453186 -198.285706 20.4470005
275.510315 -198.272308 20.801899
275.586609 -198.2742 21.2329998
275.571991 -198.310699 21.4979
275.485748 -198.159546 3.68319988
275.518463 -198.177811 3.9429667
275.484192 -198.165405 4.09243345
275.489136 -198.183502 4.63584995
275.455933 -198.17099 5.30784988
275.595398 -198.132904 5.58939981
275.5495 -198.151901 5.63999987
275.533905 -198.150894 5.90350008
275.451996 -198.183899 6.02299976
275.498291 -198.166306 6.2638998
275.409912 -198.174103 6.62179995
275.512909 -198.157898 7.09950018
275.433105 -198.188904 7.30189991
275.552185 -198.193405 7.49630022
275.42749 -198.188599 7.66890001
275.565796 -198.146194 8.56210041
275.589111 -198.155197 8.7354002
275.483002 -198.107544 8.91779995
275.441528 -198.181091 9.10034943
275.565918 -198.175247 9.4293499
275.553192 -198.186798 10.8979998
275.46579 -198.089005 13.9816999
275.446838 -198.149551 19.9642487
275.492615 -196.914093 4.7651
275.593109 -196.273499 20.3470001
275.576996 -195.505096 19.7712002
275.510895 -195.0755 20.4729004
275.592712 -194.427094 14.1153002
275.444794 -194.455704 18.9023991
275.450806 -194.0504 15.3724003
275.569397 -194.151199 15.8355999
275.568115 -194.006195 18.5827007
275.580597 -193.993393 13.7791004
275.590912 -193.931396 16.4694996
275.481689 -193.904297 17.9384995
275.525299 -193.9552 20.2670994
275.579407 -193.774094 12.4844999
275.553497 -193.7099 15.8809004
275.581512 -193.679398 16.1756001
275.553009 -193.640793 18.2509003
275.533386 -193.623993 18.4276009
275.593994 -193.681396 18.6476994
275.499603 -193.617996 20.9620991
275.562408 -193.405899 6.64729977
275.577911 -193.428406 9.83619976
275.596313 -193.435104 10.3245001
275.563507 -193.5979 12.592
275.594208 -193.548294 13.7870998
275.58609 -193.469406 14.0105
275.538788 -193.474701 16.9354
275.574707 -193.470505 17.8437996
275.474213 -193.446594 18.9461002
275.5047 -193.470093 19.3258991
275.504486 -193.418198 19.5639
275.50705 -193.448151 20.1000996
275.46051 -193.532196 20.2661991
275.585907 -193.238495 8.36730003
275.590088 -193.207001 8.51049995
275.579407 -193.248901 12.2658997
275.572906 -193.218094 14.1401997
275.577087 -193.320694 14.3718996
275.562408 -193.236298 14.9756002
275.55661 -193.332794 15.4040003
275.580994 -193.373093 16.8864994
275.599701 -193.265503 17.7425995
275.564697 -193.320694 17.8295002
275.540497 -193.207108 18.8857002
275.559387 -193.217697 20.2765999
275.533295 -193.205704 21.5305004
275.563812 -193.006897 7.99459982
275.529602 -193.145905 8.30679989
275.599701 -193.1586 8.62419987
275.546112 -193.009094 8.80020046
275.549286 -193.165894 9.75590038
275.530212 -193.078995 11.3994999
275.512329 -193.119812 12.4729004
275.541504 -193.057098 13.2409
275.528809 -193.150406 13.6680002
275.523285 -193.007095 14.1283998
275.541412 -193.001602 14.2326002
275.559509 -193.0569 14.8788996
275.47699 -193.043304 16.3157997
275.501801 -193.150055 16.6786995
275.549255 -193.057053 17.0802994
275.484802 -193.043304 17.7915001
275.563202 -193.110397 18.3754005
275.55011 -193.077393 19.5408001
275.581909 -193.062805 20.4671001
275.485504 -193.024704 20.6606998
275.561615 -192.982697 5.24230003
275.574799 -192.928802 9.11480045
275.497803 -192.944305 10.8972998
275.538696 -192.893051 11.7037497
275.564941 -192.835602 12.6219997
275.532013 -192.803406 13.3915005
275.576416 -192.906891 13.7068005
275.516144 -192.923096 14.4670506
275.5625 -192.927399 14.9006004
275.527344 -192.839401 15.6689501
275.550262 -192.946976 16.1784325
275.53949 -192.957108 16.2084007
275.536194 -192.968201 16.4267006
275.53009 -192.914001 16.9538002
275.540985 -192.863693 17.1987991
275.549713 -192.800598 17.4475994
275.439697 -192.955002 17.9965
275.501099 -192.926498 18.0324993
275.557098 -192.873596 18.4535999
275.420197 -192.826996 18.6392002
275.494385 -192.832306 19.0277996
275.589813 -192.902405 19.2175007
275.548767 -192.870148 20.2290001
275.508209 -192.844406 20.4363995
275.558502 -192.900208 21.3915997
275.541809 -192.785004 5.4460001
275.5242 -192.716599 8.18560028
275.497803 -192.724396 8.53450012
275.583313 -192.664093 10.6285
275.523804 -192.703598 11.1251001
275.556152 -192.762695 11.3313503
275.543579 -192.737701 11.4816494
275.564514 -192.601303 11.6339998
275.50769 -192.704498 13.3697004
275.51001 -192.791107 13.4778996
275.525696 -192.7724 13.6987
275.584991 -192.654404 13.8065004
275.490997 -192.608505 14.5688
275.493896 -192.769897 14.7320995
275.538635 -192.657547 14.9488506
275.438507 -192.684906 15.0553999
275.469086 -192.642395 15.5529003
275.567413 -192.691498 16.0279007
275.480896 -192.602905 17.4852009
275.475403 -192.770798 17.7154999
275.458313 -192.742996 18.0963993
275.470795 -192.7444 18.2723007
275.43689 -192.785202 19.2434006
275.424286 -192.606705 19.9661999
275.56131 -192.655502 20.4773998
275.561798 -192.617493 22.0272007
275.493286 -192.406006 5.80019999
275.496033 -192.572845 8.10000038
275.442108 -192.495102 9.50739956
275.438904 -192.402496 9.68519974
275.437805 -192.483902 10.1752005
275.556885 -192.528503 10.5068998
275.561005 -192.497604 10.6618996
275.464386 -192.557297 11.6677999
275.512695 -192.508133 12.0958672
275.504211 -192.481293 12.2602997
275.483612 -192.437393 12.7004004
275.513885 -192.485901 13.1358995
275.519348 -192.522339 13.3790503
275.506287 -192.545197 13.4460001
275.511292 -192.4785 13.6906004
275.533905 -192.516403 14.4081001
275.520935 -192.473053 14.9368496
275.450806 -192.5392 15.2653999
275.427795 -192.404297 15.4652004
275.407715 -192.562897 15.6883001
275.466309 -192.521362 15.8555498
275.5737 -192.471695 16.3050995
275.523407 -192.444504 17.0977001
275.523285 -192.524002 17.4643002
275.489197 -192.431107 18.3362999
275.470886 -192.582993 18.8696003
275.413086 -192.517502 19.0331993
275.419098 -192.493607 19.2289009
275.455994 -192.417694 19.4990005
275.509399 -192.437805 20.2192001
275.468689 -192.343994 7.69089985
275.430511 -192.346207 8.59539986
275.420013 -192.369293 9.1182003
275.458496 -192.385101 9.5635004
275.471893 -192.332794 9.94729996
275.441498 -192.208496 10.0515003
275.497406 -192.3694 10.9800997
275.429291 -192.307297 11.7156
275.449707 -192.229507 12.2536001
275.507385 -192.205795 12.5137997
275.453888 -192.210495 12.6814003
275.405609 -192.2267 13.3696003
275.508606 -192.394302 13.4904003
275.485199 -192.335205 13.9082003
275.495789 -192.293594 14.3577003
275.470398 -192.264801 16.1580009
275.536713 -192.399704 17.0228996
275.480835 -192.335907 17.5107498
275.410095 -192.257004 18.0653
275.520691 -192.389694 18.8460007
275.476959 -192.299347 19.0634003
275.527588 -192.2146 20.4113007
275.514099 -192.344391 21.0304489
275.430115 -192.349197 21.7840004
275.430908 -192.068298 8.6935997
275.440094 -192.115295 11.9338999
275.449188 -192.158203 12.4881001
275.427094 -192.022903 13.0340004
275.540192 -192.194504 13.3648005
275.506012 -192.086105 13.4329996
275.41925 -192.133636 13.6329498
275.442291 -192.009201 13.8767004
275.43045 -192.097198 14.5037994
275.477997 -192.082993 14.8410997
275.43158 -192.155945 16.0471497
275.57251 -192.1064 16.3120995
275.476562 -192.076492 16.4736328
275.551208 -192.163696 16.8479004
275.421387 -192.116501 18.1093006
275.465698 -192.120499 18.9132996
275.513885 -192.022598 20.3973999
275.422699 -191.810303 9.80130005
275.454803 -191.910599 10.6176004
275.489197 -191.832001 11.8697996
275.425598 -191.816406 12.7617998
275.445587 -191.815506 13.7212
275.424408 -191.906403 14.1000996
275.406189 -191.833405 14.7767
275.461761 -191.865845 14.8772001
275.493011 -191.972397 15.5291996
275.513397 -191.926697 15.9000998
275.448608 -191.879303 17.6065006
275.425507 -191.824493 17.9719009
275.441498 -191.969193 18.0144005
275.508698 -191.952499 19.0797997
275.422607 -191.791306 9.90670013
275.460602 -191.766006 10.9864998
275.425049 -191.782745 11.8821001
275.414703 -191.697906 12.8996
275.433289 -191.6633 13.0855999
275.414612 -191.6828 13.5865002
275.453796 -191.625504 14.0213003
275.45871 -191.752502 14.5225
275.435089 -191.748505 14.6997995
275.4664 -191.662201 15.3190002
275.521912 -191.619904 15.4350996
275.421997 -191.6521 15.7728004
275.403992 -191.6091 15.9394999
275.402893 -191.722305 17.2532005
275.44101 -191.716797 17.5132999
275.4263 -191.750397 18.3078003
275.429413 -191.645905 19.993
275.409485 -191.768097 21.1490002
275.423798 -191.440796 14.6835003
275.462402 -191.531494 15.4327002
275.411804 -191.531494 16.1994991
275.458008 -191.593399 17.3988991
275.444397 -191.473297 17.9808998
275.404388 -191.549301 19.7702007
275.422394 -191.504303 22.2276001
275.463409 -191.363007 17.7238998
275.417999 -191.259003 18.6427994
275.406311 -191.194702 14.9466
275.451385 -190.994598 15.4406004
275.405487 -190.263306 16.2642994
275.617493 -199.641205 1.32430005
275.72699 -199.412796 1.34449995
275.683655 -199.428162 2.91825008
275.682129 -199.45517 3.10396671
275.707886 -199.405899 3.30060005
275.697296 -199.446899 3.55710006
275.629486 -199.508102 4.11509991
275.727783 -199.29155 1.48777497
275.687195 -199.320999 1.68949997
275.66571 -199.351501 1.98619998
275.695648 -199.325272 2.11940002
275.699127 -199.344208 2.32448006
275.677399 -199.342773 2.4992249
275.708496 -199.343658 2.671525
275.729889 -199.353836 2.88663316
275.727936 -199.308899 3.26340008
275.63385 -199.305023 3.87426662
275.667816 -199.328674 4.28146648
275.705261 -199.050507 3.51464987
275.756714 -199.145706 3.97530007
275.620697 -198.8508 19.0207005
275.753601 -198.875061 19.2981987
275.653992 -198.61496 18.9087982
275.604401 -198.668396 19.0750008
275.607391 -198.616898 21.3875999
275.641327 -198.699066 21.5167007
275.674011 -198.403198 9.45370007
275.601715 -198.427399 13.5805998
275.605103 -198.410599 13.8337002
275.787506 -198.447403 14.6064997
275.790588 -198.4198 15.9487
275.702637 -198.421692 16.649601
275.621094 -198.404907 17.1592007
275.622803 -198.452301 17.2801514
275.705627 -198.420273 17.4763756
275.752899 -198.414902 17.8785
275.62439 -198.460693 18.1039009
275.622711 -198.445007 18.3617001
275.785797 -198.438004 18.4239998
275.699097 -198.454102 18.7087517
275.744476 -198.488052 18.8733501
275.762909 -198.558807 21.0622997
275.729614 -198.490707 21.3663006
275.754303 -198.565002 21.5550003
275.703094 -198.2099 5.30019999
275.65451 -198.218994 5.51009989
275.754639 -198.220001 5.84735012
275.659668 -198.223755 6.08809996
275.746399 -198.203293 6.50040007
275.725983 -198.25415 6.71757507
275.71048 -198.259857 6.9073
275.714294 -198.255249 7.10287476
275.684387 -198.231354 7.26809978
275.655609 -198.219894 7.46169996
275.639008 -198.208298 7.60659981
275.686218 -198.235031 7.85430002
275.646027 -198.240799 8.11789989
275.717346 -198.21521 8.29996681
275.689819 -198.266098 8.49113369
275.72641 -198.251694 8.64540005
275.671509 -198.255035 8.88010025
275.652344 -198.265396 9.12784958
275.737915 -198.289795 9.34155083
275.67749 -198.25 9.57940006
275.70108 -198.260864 9.67940044
275.714661 -198.286957 9.83679962
275.731934 -198.272339 10.1167002
275.687408 -198.340805 10.3073997
275.71283 -198.292435 10.5729332
275.611694 -198.211594 10.7329998
275.667297 -198.311005 11.2089005
275.71579 -198.266052 11.5409508
275.789429 -198.309906 11.7546501
275.637024 -198.323792 11.9209995
275.695007 -198.28363 12.0959663
275.624786 -198.273407 12.7375002
275.700317 -198.287491 13.0974998
275.705292 -198.285095 13.2727003
275.657349 -198.285202 13.5218506
275.717499 -198.303802 13.9073
275.6492 -198.30069 14.1233501
275.609802 -198.308899 14.4205999
275.69046 -198.30722 14.6751499
275.741364 -198.317139 14.9287663
275.610504 -198.32724 15.2790499
275.760834 -198.359726 15.8732662
275.707245 -198.34549 16.3373489
275.758209 -198.376007 16.7898998
275.746216 -198.321503 16.8806496
275.729889 -198.388306 17.0333996
275.739685 -198.391296 17.2068005
275.73526 -198.351105 17.4777985
275.669708 -198.2108 17.7831001
275.655792 -198.344406 18.0865002
275.672913 -198.392395 21.3553009
275.699402 -198.353043 21.4986496
275.728638 -198.126556 3.84175014
275.717438 -198.139542 4.08527136
275.683838 -198.149994 4.34159994
275.671692 -198.195297 4.75279999
275.650421 -198.177063 5.2857666
275.644714 -198.193893 5.52950001
275.631287 -198.181503 5.66309977
275.666809 -198.152893 5.84815025
275.755554 -198.156738 6.14716673
275.723816 -198.166626 6.26496649
275.627197 -198.12265 6.8217001
275.744171 -198.174728 7.04926682
275.784485 -198.190094 7.48950005
275.657104 -198.155701 7.77199984
275.682587 -198.159897 7.92619991
275.786407 -198.1754 8.16180038
275.774506 -198.096603 8.39299965
275.720886 -198.155502 8.92850018
275.713898 -198.153656 9.03845024
275.785492 -198.141693 9.26469994
275.669586 -198.143402 9.72959995
275.659607 -198.160797 10.0645504
275.739105 -198.1763 10.2149
275.780701 -198.129807 10.5602999
275.714691 -198.149399 10.6845999
275.716705 -198.1418 11.1595001
275.741913 -198.139404 11.2087002
275.7117 -198.186005 11.4871998
275.746185 -198.091507 20.1786003
275.667908 -197.0224 17.5403996
275.666412 -197.056 18.9738007
275.789886 -196.559402 20.5391006
275.779114 -196.342697 14.4303999
275.798492 -196.295395 21.2689991
275.7276 -196.128494 20.5900993
275.791992 -196.077698 20.7332001
275.734406 -195.939697 16.2401009
275.685303 -195.819397 20.3239994
275.786102 -195.850693 20.5580006
275.795288 -195.980301 20.6917
275.717102 -195.671295 21.6401005
275.796112 -195.531601 12.4997997
275.749603 -195.572403 20.3418007
275.794586 -195.365799 12.1779003
275.703003 -195.310303 16.094101
275.756805 -195.254852 16.8991013
275.798187 -195.280106 18.5676994
275.775726 -195.277435 20.6432991
275.729706 -195.101807 13.9923
275.787109 -195.117996 14.8674002
275.789886 -195.0215 15.3807001
275.799194 -195.069199 15.6175003
275.757599 -195.111099 16.3292007
275.763794 -195.028198 18.5020008
275.670502 -195.040894 19.1105003
275.765289 -195.093597 19.8644009
275.713287 -195.184906 20.7451992
275.685608 -194.822403 9.82499981
275.797302 -194.806 11.3023005
275.770813 -194.927505 12.0523005
275.710693 -194.825394 12.3338003
275.766602 -194.826904 12.6364002
275.77829 -194.872498 13.4694004
275.760986 -194.950104 14.7348003
275.789093 -194.828201 15.9672003
275.6763 -194.964996 16.0620995
275.750885 -194.886398 16.6327
275.609009 -194.851395 17.2639008
275.713196 -194.999893 18.3050003
275.742706 -194.813095 19.0902996
275.745392 -194.979202 19.7877007
275.743011 -194.972 20.4185009
275.70929 -194.842499 20.6989994
275.713287 -194.956406 20.8733997
275.727295 -194.993195 21.4759998
275.742798 -194.612396 7.07660007
275.766602 -194.703598 9.18830013
275.77771 -194.698105 9.85680008
275.780914 -194.746704 11.2932997
275.788788 -194.621201 11.9574003
275.796204 -194.602905 12.1962996
275.789093 -194.759796 12.5965996
275.781586 -194.667099 12.6406002
275.78891 -194.6203 14.4982004
275.746307 -194.673706 15.2744999
275.743591 -194.649597 15.8080997
275.753296 -194.613495 16.3885994
275.759094 -194.6008 16.8630009
275.765594 -194.794601 18.5585003
275.752686 -194.796204 18.6940002
275.786285 -194.694504 18.9529991
275.756714 -194.620697 19.2070999
275.781311 -194.769806 19.7658005
275.747131 -194.742905 19.8560505
275.656097 -194.674301 20.5102005
275.687408 -194.756302 20.6709003
275.7388 -194.724503 21.1425991
275.777008 -194.414993 7.64470005
275.762299 -194.454102 8.94009972
275.769653 -194.567444 9.63749981
275.735992 -194.4664 9.84290028
275.73999 -194.459595 10.8551998
275.771729 -194.540894 11.83605
275.742096 -194.442139 12.5205002
275.732391 -194.596893 12.9013996
275.770905 -194.506195 13.2643995
275.751404 -194.431595 13.4157
275.772705 -194.510193 14.2994003
275.722107 -194.404999 14.4103003
275.719513 -194.410095 14.7426004
275.740601 -194.553207 15.1145
275.727814 -194.472305 15.4401999
275.694702 -194.584503 15.6810999
275.754211 -194.460403 16.5287991
275.683105 -194.510193 16.8209
275.758911 -194.4142 17.8644009
275.717407 -194.401703 19.2630997
275.699585 -194.583099 19.5303993
275.742889 -194.538605 19.7441998
275.711945 -194.439499 20.2983513
275.715088 -194.401306 21.3145008
275.700012 -194.2677 5.57569981
275.797485 -194.359604 9.07689953
275.757812 -194.355194 9.52350044
275.769592 -194.244705 9.63119984
275.611786 -194.229904 10.0431004
275.763123 -194.263855 10.6936502
275.782715 -194.323395 11.2006998
275.745605 -194.280899 11.6231003
275.717255 -194.360291 11.9507504
275.714905 -194.362198 12.0710001
275.7164 -194.294647 12.5151997
275.729401 -194.3405 12.7902002
275.789093 -194.347504 12.8072996
275.722961 -194.351593 13.0573502
275.732208 -194.316605 14.1342001
275.724609 -194.294205 14.6473999
275.77179 -194.242203 14.8985004
275.720215 -194.252197 15.0948
275.721497 -194.393906 15.4696999
275.62851 -194.230606 15.8235998
275.756897 -194.355103 16.3188
275.699005 -194.245804 16.5951004
275.692108 -194.366699 17.7208004
275.689514 -194.308105 17.8218994
275.689209 -194.373505 18.5615997
275.71051 -194.25705 19.4301987
275.689606 -194.345749 20.1266499
275.701691 -194.315903 20.3064995
275.675415 -194.317398 20.5793991
275.747101 -194.221497 20.6849995
275.758301 -194.138306 7.57989979
275.729889 -194.165207 8.98089981
275.776733 -194.160797 9.5203495
275.699585 -194.162903 9.69120026
275.743286 -194.064301 9.83080006
275.693604 -194.172501 10.0839005
275.695007 -194.120804 10.3299999
275.757202 -194.059601 10.6044998
275.70929 -194.183395 10.8872995
275.771515 -194.165207 11.1561003
275.728699 -194.037201 11.5636997
275.650604 -194.024796 11.8094997
275.712311 -194.174301 12.6683998
275.692932 -194.112915 13.9440002
275.730713 -194.13504 14.0658503
275.692291 -194.039703 14.375
275.687012 -194.067993 14.5934
275.614807 -194.048492 15.1388998
275.716064 -194.088043 15.4922504
275.720215 -194.166641 15.6928663
275.695099 -194.080002 16.2537994
275.73819 -194.011993 16.8244991
275.625 -194.183807 17.6401997
275.723602 -194.1409 18.368
275.681396 -194.104294 18.7831001
275.679443 -194.113052 19.2996502
275.608398 -194.197601 19.5139008
275.693237 -194.181854 19.9034996
275.646698 -194.069901 20.0949001
275.634003 -194.091507 20.2977009
275.734802 -194.091003 20.7094002
275.632385 -193.839096 6.09670019
275.7005 -193.905899 7.23619986
275.673706 -193.944305 7.99539995
275.703094 -193.91861 8.70475006
275.7323 -193.933197 9.31159973
275.726501 -193.904907 10.1120005
275.6745 -193.964203 10.3514996
275.712036 -193.962296 10.7070007
275.727997 -193.803604 11.1555004
275.733093 -193.947403 11.4456997
275.692749 -193.922852 11.6568499
275.697266 -193.845551 11.97295
275.713898 -193.9263 12.3840008
275.729004 -193.859207 12.4026003
275.743896 -193.814194 12.7033997
275.715607 -193.907043 13.0859499
275.710693 -193.821503 13.6956997
275.662476 -193.830292 13.8866005
275.691193 -193.882736 14.1520004
275.730286 -193.934799 14.6248999
275.70871 -193.933594 15.1855001
275.663757 -193.863617 15.5008001
275.675598 -193.921097 15.8771
275.6922 -193.836594 16.1159
275.660492 -193.948395 16.2402992
275.648499 -193.837799 16.8469009
275.675659 -193.941986 18.3614006
275.639191 -193.856094 19.0888004
275.648407 -193.875702 20.3344002
275.680389 -193.843903 20.9067001
275.612396 -193.925095 21.2231007
275.678497 -193.787796 5.56459999
275.67981 -193.727005 6.75439978
275.670013 -193.615601 6.99259996
275.655609 -193.749802 9.4921999
275.662292 -193.652893 10.3703003
275.683807 -193.691498 10.4805002
275.658905 -193.791306 10.6451998
275.70639 -193.680801 11.2936001
275.687592 -193.747406 11.4713497
275.617004 -193.634903 11.8077002
275.670105 -193.622604 12.3549995
275.693909 -193.692596 12.4883003
275.683105 -193.783203 12.9947996
275.724518 -193.74733 13.1032667
275.687195 -193.781006 13.3774996
275.644592 -193.705597 13.6099005
275.66629 -193.781403 13.8442001
275.636108 -193.761398 14.0319996
275.602112 -193.639801 14.3434
275.66571 -193.664398 14.5073004
275.689941 -193.690491 14.9292002
275.605499 -193.731705 15.1583996
275.632324 -193.673706 15.2686005
275.728516 -193.724243 15.9172497
275.628906 -193.635696 16.2092991
275.661377 -193.731659 18.9771996
275.697296 -193.7397 19.1585999
275.612091 -193.612305 19.2915993
275.609314 -193.689194 19.4790001
275.641174 -193.665802 20.4940491
275.665802 -193.622498 21.9990997
275.655792 -193.583496 7.36219978
275.657715 -193.445404 9.70899963
275.664001 -193.492599 10.4839001
275.673096 -193.539597 11.6106005
275.693787 -193.442001 11.8860998
275.67334 -193.482086 12.1002007
275.658813 -193.560303 12.3589001
275.7742 -193.463394 12.5243998
275.645294 -193.538803 12.7923002
275.605896 -193.516403 13.8929996
275.747559 -193.498047 15.0883503
275.667419 -193.533447 15.2568502
275.681488 -193.418793 15.5367002
275.703888 -193.571793 15.6623001
275.609924 -193.509155 15.9099503
275.605103 -193.439301 16.1653004
275.724792 -193.489197 16.8824997
275.678101 -193.476395 17.2250004
275.63739 -193.490799 17.8924999
275.623596 -193.490997 18.4967995
275.678894 -193.487701 20.0242996
275.612701 -193.228607 5.95790005
275.605194 -193.220306 7.90799999
275.62439 -193.302505 8.30550003
275.618408 -193.358902 9.47539997
275.628601 -193.316498 10.9913998
275.647491 -193.379395 11.2997999
275.602509 -193.229294 11.5621004
275.631104 -193.352203 11.7264004
275.621887 -193.212494 11.8254995
275.64679 -193.293106 12.2648001
275.653595 -193.391602 12.4119997
275.642273 -193.338303 14.4741993
275.618988 -193.329498 15.2865
275.694489 -193.396606 15.6891003
275.657288 -193.247299 16.0897007
275.702515 -193.390793 18.7287998
275.618408 -193.212799 19.0645008
275.7948 -193.354004 19.5979004
275.63559 -193.324203 19.6431999
275.602203 -193.037704 10.6438999
275.654297 -193.020401 13.1204004
275.675293 -193.0112 13.8989
275.691986 -193.116058 17.6511497
275.63739 -193.193497 18.8533001
275.640594 -193.157593 19.6968002
275.640106 -193.187698 20.7791996
275.60199 -192.873596 13.0468998
275.624512 -192.908997 14.2726002
275.668915 -192.874496 14.9709997
275.643188 -192.943893 15.3709002
275.640503 -192.841904 15.8887997
275.607086 -192.968903 17.2798004
275.629791 -192.970993 17.5200005
275.612915 -192.862244 20.2599506
275.613403 -192.897598 20.5060005
275.661072 -192.896088 21.1469994
275.612488 -192.759293 9.75109959
275.633606 -192.513901 18.0807991
275.641113 -192.365906 14.6903
275.692902 -192.373596 19.0030994
275.627014 -192.361404 19.8964996
275.627014 -191.915802 19.0139008
275.856506 -199.713104 1.34109998
275.876465 -199.420303 2.95604992
275.884857 -199.494705 3.09426665
275.934387 -199.404297 3.76469994
275.995789 -199.422104 4.12610006
275.890961 -199.278168 1.48640001
275.90506 -199.281799 1.72044992
275.909607 -199.278107 1.83369994
275.902435 -199.296936 2.29640007
275.914398 -199.314133 2.52419996
275.877014 -199.333069 2.71727514
275.902802 -199.3508 2.92510009
275.824402 -199.365601 3.16409993
275.893829 -199.289963 3.28491998
275.94519 -199.382095 3.4749999
275.956909 -199.303299 3.76900005
275.87265 -199.287689 4.33734989
275.901611 -199.194794 3.32780004
275.945099 -199.093994 3.49909997
275.971313 -199.187393 3.75209999
275.944397 -199.165497 3.96760011
275.819489 -198.986801 3.51329994
275.904297 -198.883102 19.2537003
275.898285 -198.737595 18.9887009
275.877808 -198.744202 19.1141014
275.834808 -198.408707 15.3185997
275.856506 -198.414703 15.5790997
275.926086 -198.453506 17.3008003
275.917908 -198.4664 17.7269001
275.959412 -198.464706 18.7138996
275.842743 -198.534073 18.8941994
275.833588 -198.444199 19.1480999
275.920654 -198.409653 19.5231495
275.989685 -198.431396 19.8174
275.974091 -198.515198 20.9738007
275.812103 -198.511307 21.2817993
275.877502 -198.583298 21.5485001
275.841888 -198.202194 4.76329994
275.888092 -198.213898 6.34934998
275.9953 -198.203903 6.53609991
275.824493 -198.224457 6.74800014
275.912292 -198.233795 6.88940001
275.885895 -198.227798 7.20219994
275.982788 -198.212997 7.84299994
275.89035 -198.2379 8.13829994
275.84613 -198.24881 8.27785015
275.945587 -198.236694 8.42370033
275.996887 -198.241302 8.62969971
275.883698 -198.229233 8.93350029
275.876221 -198.236206 9.09562492
275.911072 -198.250656 9.49223328
275.878784 -198.229294 9.75584984
275.980591 -198.288803 9.87129974
275.924591 -198.269104 10.0598001
275.943115 -198.303497 10.2131004
275.906555 -198.261444 10.5025005
275.923706 -198.264893 10.6091003
275.884766 -198.298309 10.8764496
275.938202 -198.253998 11.1353998
275.976105 -198.276596 11.2061005
275.994507 -198.2267 11.5269003
275.859009 -198.238297 11.9162998
275.895905 -198.24823 12.1344004
275.996887 -198.320999 12.2645998
275.860291 -198.231903 12.5032997
275.905212 -198.221405 12.7988997
275.904968 -198.235596 12.9116993
275.878418 -198.279053 13.0225
275.881897 -198.292297 13.2434006
275.89679 -198.267059 13.49125
275.856415 -198.288193 13.6774998
275.81546 -198.26535 14.0788498
275.918793 -198.222595 14.3930998
275.908386 -198.285202 14.5217495
275.944702 -198.3815 14.8485003
275.962891 -198.267349 15.0860996
275.935699 -198.303802 15.3445997
275.889099 -198.350494 15.4775
275.908264 -198.268829 15.7187662
275.895874 -198.319626 15.8764668
275.880554 -198.299652 16.0536499
275.890015 -198.32785 16.3120003
275.960541 -198.271332 16.452467
275.970886 -198.240601 16.6728992
275.809448 -198.338547 16.9296989
275.889282 -198.250549 17.2699509
275.935089 -198.3629 17.5452995
275.950134 -198.295105 17.7635498
275.855194 -198.394302 17.9918995
275.864563 -198.3638 18.1189499
275.823395 -198.309799 18.4549999
275.912811 -198.297607 18.6851006
275.824402 -198.261398 19.4048996
275.899109 -198.377594 19.6920509
275.877411 -198.324005 20.3845997
275.969208 -198.390305 20.6671009
275.810699 -198.297501 21.4293995
275.921051 -198.084549 3.74020004
275.904785 -198.103394 3.9135251
275.901978 -198.110703 4.12759972
275.950897 -198.105301 4.28289986
275.898499 -198.117249 4.5081501
275.993713 -198.122299 4.67369986
275.876923 -198.154968 4.88455009
275.881989 -198.144257 5.17857504
275.893677 -198.136353 5.33607483
275.89035 -198.159592 5.48861408
275.900269 -198.172302 5.73750019
275.905304 -198.183289 5.97179985
275.883759 -198.159973 6.09420013
275.888397 -198.13765 6.30004978
275.845398 -198.186157 6.42819977
275.916656 -198.167252 6.70599985
275.915283 -198.178299 6.921
275.966705 -198.152405 7.16009998
275.815002 -198.180801 7.38679981
275.873352 -198.193939 7.54855013
275.839996 -198.160995 7.67110014
275.984589 -198.172302 7.83500004
275.945221 -198.16626 8.28756618
275.941711 -198.167007 8.72270012
275.956696 -198.151947 8.95320034
275.868011 -198.135406 9.06197548
275.867706 -198.181 9.29069996
275.891541 -198.10173 9.50476646
275.887238 -198.118774 9.97383308
275.980499 -198.171799 10.1425495
275.81369 -198.155197 10.3512001
275.888306 -198.178101 10.6578999
275.94809 -198.169403 10.9945002
275.903107 -198.16629 11.3223
275.948059 -198.190643 11.7043495
275.819305 -198.091705 11.8373003
275.902313 -198.184204 12.2503004
275.861694 -198.181595 14.375
275.855896 -198.020401 17.5529003
275.88031 -197.917007 18.9890003
275.977692 -197.542496 20.4731998
275.971008 -197.367096 13.0405998
275.993805 -197.360199 14.4658003
275.929077 -197.306351 19.9738007
275.933502 -197.397095 20.0181999
275.96814 -197.31604 20.5419006
275.878601 -197.081406 15.1752005
275.976807 -197.021393 19.8507004
275.856598 -196.950699 19.9647999
275.923492 -196.828949 20.3216
275.871765 -196.877991 20.5286503
275.959686 -196.716202 16.1445007
275.84549 -196.649002 18.2520008
275.954895 -196.75 18.6266003
275.979614 -196.790894 18.8465996
275.905396 -196.671997 19.9272995
275.901611 -196.712494 20.5116997
275.948212 -196.736252 20.7019997
275.962769 -196.724152 21.6040001
275.872406 -196.595703 12.6138
275.980499 -196.56546 16.6723003
275.950409 -196.550797 17.3479996
275.95871 -196.483002 17.6280003
275.95459 -196.596695 18.0291996
275.889313 -196.408707 18.3505993
275.995911 -196.475204 18.8276005
275.869293 -196.502396 20.6275997
275.803406 -196.511795 21.3302994
275.885895 -196.410995 21.5004997
275.98999 -196.201508 6.30719995
275.996002 -196.326904 7.98390007
275.991394 -196.348099 8.98200035
275.997192 -196.200302 10.4068003
275.998199 -196.280807 11.8402996
275.992889 -196.316803 13.2531004
275.963104 -196.354599 14.3816004
275.959015 -196.243805 14.5559998
275.940491 -196.218094 14.6829004
275.956512 -196.359299 15.0221004
275.947815 -196.307205 15.4537001
275.966614 -196.310791 15.9561996
275.981506 -196.355698 16.3300991
275.953491 -196.312302 17.1366997
275.97171 -196.287704 18.7327003
275.945892 -196.378906 18.8075008
275.876801 -196.2659 19.1072006
275.821289 -196.272598 20.4120998
275.925842 -196.339798 20.7274246
275.986908 -196.034897 5.35680008
275.985107 -196.0448 7.69019985
275.955505 -196.090393 10.3718004
275.8927 -196.059402 11.2040005
275.999115 -196.115204 12.2781
275.969757 -196.102356 13.0343494
275.963196 -196.098053 13.4906502
275.960205 -196.060303 13.9656
275.978088 -196.082306 14.2346001
275.901306 -196.192505 14.7732
275.939301 -196.165497 15.5492001
275.938904 -196.0802 16.6821003
275.967468 -196.096985 17.0907001
275.932007 -196.048706 17.3710003
275.899292 -196.139801 17.5417004
275.952301 -196.099197 17.6975994
275.839294 -196.105606 19.6592999
275.915009 -196.048798 20.8787994
275.981293 -195.899704 4.42689991
275.975525 -195.85965 6.73190022
275.981201 -195.819702 6.91650009
275.977386 -195.923096 7.44799995
275.958191 -195.89209 8.71490002
275.978912 -195.816406 8.97229958
275.916504 -195.907303 9.29399967
275.99469 -195.854095 9.50349998
275.920685 -195.921997 9.80210018
275.938995 -195.800598 10.7272997
275.962097 -195.986893 11.1445999
275.980194 -195.881561 11.4572496
275.889099 -195.958405 11.9561005
275.95459 -195.813797 12.7269001
275.973694 -195.9543 13.2179003
275.938507 -195.867996 13.5403004
275.913696 -195.895599 13.8806
275.827911 -195.949997 14.3676004
275.917664 -195.835602 14.4391499
275.87561 -195.845001 15.3480997
275.964783 -195.876953 15.8977499
275.876343 -195.90979 16.0911999
275.940125 -195.986908 16.2891006
275.928986 -195.869797 16.6917992
275.942139 -195.94339 17.5497513
275.937408 -195.917694 17.6963997
275.950897 -195.876495 18.6646996
275.9487 -195.869797 18.8005009
275.889008 -195.941605 19.4771996
275.931244 -195.932037 19.9124336
275.963409 -195.889496 21.1093998
275.902008 -195.955093 21.2577991
275.946503 -195.693695 5.98909998
275.987488 -195.6996 6.7947998
275.945496 -195.710693 7.12090015
275.89801 -195.6017 7.55009985
275.961487 -195.702454 8.69299984
275.915894 -195.657806 9.04570007
275.982971 -195.716095 9.42074966
275.979126 -195.727051 9.69950008
275.938293 -195.601898 9.91049957
275.931702 -195.681305 10.0749998
275.943512 -195.784805 10.4575996
275.976898 -195.789795 10.8001003
275.972046 -195.650604 11.1317005
275.969452 -195.702606 11.5205498
275.940399 -195.637894 11.7945995
275.95459 -195.708893 11.8132
275.901306 -195.760193 12.3325005
275.961182 -195.706253 12.43785
275.953003 -195.718353 12.8466501
275.998108 -195.698395 13.4233999
275.960693 -195.653503 13.7676001
275.949249 -195.620255 14.1160498
275.934601 -195.658401 14.21315
275.941559 -195.647095 14.4875498
275.933105 -195.657593 14.7282
275.81601 -195.715805 14.9118004
275.951599 -195.709793 15.0712996
275.85141 -195.714798 15.6824999
275.941803 -195.605698 15.8564997
275.911041 -195.668655 16.6959991
275.881195 -195.757095 17.3269997
275.966492 -195.708801 17.4307995
275.940094 -195.774506 17.7740993
275.916809 -195.735992 17.8862
275.9422 -195.669098 18.0716991
275.826111 -195.721802 18.7008991
275.905518 -195.662231 19.2980671
275.9039 -195.718399 19.4906006
275.921997 -195.602203 19.8834991
275.88559 -195.722595 20.9179001
275.902588 -195.4823 4.51160002
275.937408 -195.552307 7.1564002
275.942993 -195.438599 7.52040005
275.926819 -195.559494 7.64299965
275.936707 -195.446396 7.86560011
275.885742 -195.497803 8.43404961
275.905762 -195.463501 9.94859982
275.910034 -195.441254 10.4453001
275.984497 -195.561005 10.6911001
275.929504 -195.488007 10.8902998
275.979889 -195.546494 11.1493998
275.901917 -195.526596 11.3252506
275.935242 -195.494202 11.4800997
275.948486 -195.564499 12.1997004
275.933502 -195.592697 12.5654001
275.888611 -195.568695 12.7191
275.900238 -195.501587 12.8946495
275.922211 -195.520798 13.323
275.837708 -195.442902 13.5323
275.962311 -195.411499 13.9111004
275.932587 -195.461197 14.0026999
275.950378 -195.473801 14.6802502
275.95871 -195.536255 14.9071999
275.912842 -195.5159 15.3670502
275.867188 -195.426498 15.5432997
275.902802 -195.56955 16.0876503
275.888947 -195.446701 16.2910004
275.953949 -195.535858 16.4388008
275.873901 -195.487488 16.7137489
275.831787 -195.426193 16.9143009
275.928741 -195.560455 17.0859985
275.923401 -195.524094 17.3556995
275.977295 -195.443802 17.4629002
275.831543 -195.527847 17.9804001
275.982391 -195.578506 18.0079994
275.816986 -195.477798 18.2094002
275.939209 -195.547607 18.5160999
275.827698 -195.487503 19.0697994
275.92569 -195.579102 19.4510994
275.911133 -195.566803 20.1466484
275.91861 -195.412292 20.4682999
275.945404 -195.517899 21.2766991
275.894196 -195.322403 5.73600006
275.861206 -195.242798 5.85580015
275.911713 -195.3479 6.06029987
275.900299 -195.216095 6.71610022
275.917114 -195.371506 7.06349993
275.935913 -195.319 7.26660013
275.922211 -195.290604 7.70060015
275.914307 -195.200607 8.1704998
275.8638 -195.212906 9.15030003
275.936615 -195.389008 9.31649971
275.914795 -195.319199 9.4296999
275.904114 -195.383606 10.0445995
275.879089 -195.231903 10.3666
275.934601 -195.294128 10.914567
275.958008 -195.287903 11.3374996
275.953003 -195.388794 11.6759005
275.92569 -195.30304 11.9538498
275.941742 -195.312149 12.4709501
275.913635 -195.31105 12.6686001
275.910095 -195.232193 12.9612999
275.90329 -195.264206 13.0851002
275.912659 -195.355652 13.5550499
275.889038 -195.35585 13.7307501
275.94101 -195.311005 13.9013996
275.932648 -195.342834 14.5373001
275.889557 -195.299896 15.0533504
275.86261 -195.321503 15.2370005
275.875488 -195.267197 16.2122002
275.84259 -195.200195 16.4167004
275.963898 -195.381302 16.7805004
275.929352 -195.319763 16.8481331
275.988403 -195.318695 19.4011993
275.812195 -195.276596 20.7308998
275.857086 -195.360794 21.8799992
275.881958 -195.101654 6.52114964
275.83139 -195.034393 7.52540016
275.89444 -195.088654 8.06505013
275.877197 -195.136002 8.23519993
275.883606 -195.079803 8.90219975
275.845093 -195.096802 9.13609982
275.885406 -195.160507 9.35599995
275.934204 -195.041901 9.95479965
275.937103 -195.185699 10.0848999
275.850708 -195.143463 10.2596998
275.927094 -195.147507 11.5010996
275.884796 -195.134506 11.7865
275.880493 -195.134903 12.2608995
275.853394 -195.052307 12.6329002
275.829559 -195.045044 12.8836994
275.903259 -195.159698 13.5193501
275.886292 -195.050003 13.7649002
275.8797 -195.142502 13.8787003
275.873718 -195.0914 14.1068497
275.890991 -195.156952 14.3315001
275.949097 -195.026093 14.7938004
275.816895 -195.0625 15.3070002
275.820892 -195.190201 15.5311003
275.9086 -195.062897 15.6862001
275.970795 -195.035904 15.8600998
275.899445 -195.1073 16.0758667
275.919312 -195.127106 16.2240009
275.849792 -195.032806 16.4361
275.890686 -195.006195 16.8948994
275.92749 -195.162399 17.5170002
275.823914 -195.090057 18.2577
275.854401 -195.057297 18.9818993
275.805206 -195.118805 19.1634998
275.939514 -195.186493 19.2695007
275.82959 -195.095062 19.944149
275.840912 -195.199493 20.6842003
275.830597 -194.958694 7.5618
275.858215 -194.878052 7.90205002
275.821991 -194.973404 8.11929989
275.80191 -194.916702 9.13259983
275.860229 -194.958099 9.30179977
275.821289 -194.983597 9.71109962
275.841431 -194.895599 9.90749931
275.850006 -194.850906 10.2102003
275.821899 -194.843094 10.6452999
275.825012 -194.815002 10.9675999
275.836792 -194.861694 11.4965
275.857147 -194.838409 11.6851997
275.837402 -194.872406 12.0181999
275.856384 -194.9263 12.2516499
275.907837 -194.909805 12.7351494
275.828125 -194.90329 13.0592003
275.909393 -194.822403 13.2355003
275.841156 -194.865753 13.5333996
275.873505 -194.846207 14.0902004
275.914795 -194.905396 14.2670002
275.80481 -194.841095 14.5361996
275.879303 -194.932449 15.69625
275.808594 -194.929794 15.9823999
275.842499 -194.979004 16.6658001
275.901398 -194.8181 17.0352993
275.889893 -194.827896 17.2485008
275.826965 -194.942139 17.7241001
275.807709 -194.891495 17.9108009
275.895905 -194.907806 18.2234001
275.928894 -194.878494 18.4682999
275.827667 -194.896225 19.3178329
275.872406 -194.861496 19.9074993
275.81601 -194.639297 4.79290009
275.829407 -194.787292 7.07849979
275.855286 -194.798203 8.35429955
275.809814 -194.631607 8.51959991
275.826813 -194.617203 8.69950008
275.823608 -194.748901 8.91919994
275.880615 -194.689804 9.59230042
275.815308 -194.6297 10.1548004
275.837402 -194.684402 10.3365002
275.814514 -194.733597 11.2285004
275.84201 -194.616196 11.4566002
275.851807 -194.7034 11.7096996
275.868195 -194.611298 11.8875999
275.815887 -194.7854 12.1661997
275.832794 -194.651001 12.2837
275.849091 -194.657196 12.5686998
275.845001 -194.694305 12.8182001
275.852509 -194.701294 13.3041992
275.892303 -194.638901 13.6211996
275.802094 -194.792007 13.9277
275.879456 -194.742493 14.3054504
275.868286 -194.623199 15.5209999
275.850098 -194.689697 16.0153008
275.892303 -194.742203 16.4668999
275.906097 -194.767105 16.7012005
275.843506 -194.640503 16.8169003
275.902588 -194.600906 17.2751007
275.888489 -194.783798 17.6774006
275.838013 -194.636795 17.9580002
275.850494 -194.6427 18.2998009
275.912201 -194.712494 19.2837486
275.834198 -194.689407 20.7996998
275.819 -194.6586 21.4025993
275.838715 -194.502106 10.0391998
275.826599 -194.530701 10.9828997
275.830048 -194.565338 13.0529499
275.845612 -194.518402 13.3213997
275.834259 -194.569 13.7192001
275.936401 -194.453705 15.3027
275.825867 -194.482697 15.5584002
275.81189 -194.562897 15.7865
275.836395 -194.434906 15.9682999
275.804504 -194.531006 17.2686996
275.819305 -194.482605 17.8134995
275.839386 -194.453995 18.1033001
275.808685 -194.252701 10.0640001
275.855042 -194.326355 11.3022003
275.850403 -194.313599 13.5691996
275.810211 -194.316498 15.4175997
275.828888 -194.359207 16.6777992
275.90979 -194.205399 17.9678001
275.906708 -194.395203 19.9472008
275.81189 -194.065704 12.6054001
275.8797 -194.192505 14.4102001
275.818604 -194.135803 16.0105
275.845398 -194.062302 16.4846001
275.861908 -194.128296 19.0687008
275.820312 -194.176605 20.2546005
275.831604 -193.992004 17.7091007
275.812103 -193.832306 18.0175991
275.80661 -193.430801 13.1248999
276.198914 -199.707108 1.30809999
276.108398 -199.498596 1.30900002
276.042786 -199.412598 2.57119989
276.087799 -199.406158 2.98315001
276.114014 -199.285599 1.39219999
276.110199 -199.250366 1.47179997
276.028412 -199.225906 1.63129997
276.048584 -199.265244 1.90139997
276.152008 -199.256805 2.05826664
276.120972 -199.28685 2.29134989
276.093964 -199.269531 2.49736667
276.062622 -199.287384 2.6947
276.158508 -199.358398 2.98830009
276.062439 -199.38475 3.1413002
276.078461 -199.252655 3.25255013
276.080048 -199.348495 3.5069499
276.022308 -199.285202 3.62479997
276.06311 -199.236557 3.88879991
276.056976 -199.252228 4.30477476
276.044006 -199.176804 3.31855011
276.023987 -199.118347 3.46379995
276.147003 -199.037598 3.68700004
276.101227 -199.156403 3.9497335
276.1091 -198.9879 4.1388998
276.122101 -198.843994 19.2045994
276.102905 -198.847809 19.4328995
276.10199 -198.619705 18.9729996
276.097107 -198.645996 19.1332245
276.146698 -198.749207 19.3092995
276.026794 -198.416046 16.3393002
276.027008 -198.415497 16.5116997
276.040192 -198.460297 17.1506004
276.103882 -198.423859 18.3064327
276.060425 -198.44986 18.9355507
276.02829 -198.582901 19.0501003
276.095093 -198.439804 19.2695751
276.015503 -198.4254 19.4892998
276.066498 -198.457092 19.8253002
276.051514 -198.498093 20.0603008
276.119812 -198.488602 20.4848003
276.101288 -198.403305 21.2807007
276.162903 -198.201996 6.2881999
276.128662 -198.218414 6.89365005
276.17691 -198.220001 7.08669996
276.136993 -198.207596 7.69089985
276.080688 -198.211792 8.28686619
276.010803 -198.228897 8.58810043
276.164886 -198.223801 8.69099998
276.088867 -198.230148 8.95199966
276.119904 -198.215729 9.23102474
276.061493 -198.254395 9.70059967
276.091064 -198.220367 9.95543385
276.027802 -198.235107 10.1021996
276.078918 -198.226654 10.2519493
276.110077 -198.225235 10.5247002
276.059204 -198.236404 10.7383003
276.060608 -198.252441 11.0555992
276.059326 -198.238754 11.3388996
276.123657 -198.254242 11.7104998
276.120117 -198.262207 12.1271992
276.185699 -198.254807 12.2341003
276.149109 -198.217407 12.467
276.186096 -198.252304 12.7903004
276.106506 -198.238403 12.9155998
276.122314 -198.218704 13.0431995
276.081207 -198.231094 13.5518999
276.167389 -198.297501 13.8864002
276.109192 -198.280106 14.1415997
276.146515 -198.272369 14.2858667
276.121887 -198.236404 14.4047003
276.160797 -198.318497 14.6521997
276.102966 -198.276901 14.902833
276.094238 -198.31839 15.0128002
276.123596 -198.2771 15.3860998
276.032013 -198.240402 15.5193996
276.084045 -198.313126 15.6752253
276.127197 -198.34552 15.9040251
276.1651 -198.288406 16.0135002
276.164093 -198.353897 16.2444992
276.135193 -198.289398 16.6392994
276.1315 -198.298172 16.91045
276.14151 -198.303146 17.1562996
276.036011 -198.326096 17.3518009
276.153992 -198.347198 17.5585995
276.11087 -198.346634 17.7306004
276.082611 -198.344193 17.8957005
276.173492 -198.334839 18.1764984
276.117004 -198.302063 18.3366661
276.135742 -198.32196 18.4949341
276.14859 -198.330399 19.1015339
276.133331 -198.3349 19.3356667
276.118896 -198.276093 19.5037994
276.186798 -198.280899 20.0823002
276.109497 -198.372696 20.3656998
276.162781 -198.30426 20.4214993
276.088806 -198.368607 20.9020004
276.165253 -198.311554 21.2952995
276.161285 -198.315094 21.4283009
276.0896 -198.061096 3.65240002
276.056122 -198.085205 3.91473341
276.109253 -198.086853 4.08290005
276.158691 -198.07077 4.29820013
276.069397 -198.093811 4.70615005
276.048035 -198.134552 4.94219971
276.149139 -198.138306 5.10863304
276.081482 -198.118027 5.34520006
276.097809 -198.125397 5.54899979
276.064728 -198.113327 5.73072004
276.15033 -198.131973 5.91425991
276.092102 -198.156631 6.33043337
276.109375 -198.121246 6.52373314
276.100861 -198.14151 6.72741652
276.118469 -198.130432 6.87812853
276.087738 -198.120834 7.0583334
276.153412 -198.119873 7.31064987
276.081268 -198.146683 7.46490002
276.128876 -198.153366 7.73659992
276.1091 -198.169495 7.8973999
276.056824 -198.128845 8.16564941
276.107697 -198.175003 8.31064987
276.072021 -198.160126 8.48696709
276.120148 -198.167297 8.90986633
276.102509 -198.187698 9.3767004
276.093079 -198.164474 9.69803333
276.103455 -198.105804 10.0391502
276.129578 -198.151093 10.2459002
276.101044 -198.129974 10.4912195
276.101257 -198.13472 10.679575
276.068604 -198.171097 10.8191996
276.109467 -198.116241 11.1475668
276.079712 -198.193802 11.2634001
276.185699 -198.145203 11.4211006
276.123901 -198.144043 11.7265491
276.081787 -198.188995 11.9778996
276.106384 -198.075699 12.0741997
276.197815 -198.197098 12.7839003
276.149963 -198.109848 13.9560509
276.044403 -198.128296 14.1851997
276.181549 -198.179199 14.3400497
276.032593 -198.178207 14.4000998
276.043793 -198.155701 14.9344997
276.167297 -198.054138 15.3532
276.126892 -198.182907 16.4379005
276.195709 -198.012299 17.7763004
276.188995 -198.016693 18.0037003
276.168091 -198.185898 19.3512001
276.070404 -198.053207 19.6357994
276.155579 -198.072388 20.4657497
276.023285 -198.050598 21.2884007
276.187988 -197.923599 7.66590023
276.167786 -197.989105 12.4315996
276.193298 -197.847702 14.2972002
276.174805 -197.846298 17.4818993
276.191406 -197.869705 17.8999996
276.162109 -197.800507 18.3672009
276.114899 -197.986298 19.3745003
276.14679 -197.973297 19.6718006
276.19989 -197.645599 5.13089991
276.180298 -197.643494 11.4400997
276.191101 -197.624603 12.5946999
276.192688 -197.665894 12.7291002
276.146301 -197.605392 14.0040998
276.167694 -197.782806 16.184
276.199188 -197.798096 16.5937996
276.164703 -197.772202 16.8775997
276.138214 -197.730103 17.0872993
276.135803 -197.648895 18.5657997
276.197205 -197.650894 18.6583996
276.033112 -197.652893 20.3917999
276.076996 -197.716599 20.7238998
276.096893 -197.764603 20.8027
276.189087 -197.493896 8.46389961
276.191498 -197.403305 8.77099991
276.193787 -197.491104 9.35499954
276.18927 -197.493896 10.2278996
276.198486 -197.504303 11.0825996
276.194092 -197.560593 11.2693005
276.164093 -197.484207 11.6037998
276.154999 -197.525101 11.9801998
276.19989 -197.466797 12.0930004
276.166809 -197.476196 12.4250002
276.170471 -197.484955 12.8795004
276.19101 -197.562805 13.2320995
276.173309 -197.445404 13.9603004
276.170685 -197.423492 14.1574001
276.174805 -197.587204 14.7072001
276.18811 -197.492294 14.8312998
276.183777 -197.507355 15.3305998
276.134796 -197.539902 15.4869003
276.166962 -197.450348 16.7458496
276.131195 -197.538895 18.2915001
276.123413 -197.532898 18.9587002
276.178802 -197.463593 19.0496998
276.157196 -197.598099 20.9493999
276.18219 -197.298203 3.98309994
276.1651 -197.2229 5.15859985
276.193512 -197.3246 5.46750021
276.197998 -197.203598 5.95849991
276.178711 -197.352905 6.67180014
276.195007 -197.3815 7.59980011
276.170502 -197.358398 7.94680023
276.174286 -197.257706 8.9946003
276.138 -197.281799 9.08580017
276.191711 -197.260498 9.73659992
276.171814 -197.348801 10.1181002
276.159393 -197.279907 10.2880001
276.156006 -197.3853 11.0216999
276.096191 -197.381348 11.4454498
276.137695 -197.244293 11.6531
276.172607 -197.307098 11.8147001
276.169708 -197.216797 12.3478003
276.144806 -197.242294 12.4612999
276.1427 -197.369095 13.1396999
276.108704 -197.363068 13.3157663
276.157104 -197.209106 13.4630003
276.149506 -197.330093 13.6522999
276.163513 -197.327545 14.0690002
276.18219 -197.310455 14.3020496
276.083313 -197.347305 14.8477001
276.139709 -197.390396 15.4263
276.162994 -197.332397 15.9328003
276.085907 -197.323593 16.0123005
276.10379 -197.260406 16.4923
276.120422 -197.287109 16.6921005
276.137787 -197.303497 17.309866
276.065308 -197.3022 17.9549007
276.0896 -197.348007 18.3185005
276.172638 -197.356155 19.3027496
276.045807 -197.373505 20.3209
276.156097 -197.007202 5.33440018
276.182922 -197.133102 5.66090012
276.148376 -197.111099 6.71924973
276.189606 -197.021896 6.81339979
276.179291 -197.0849 7.04330015
276.189392 -197.097198 7.28396654
276.143799 -197.015701 7.57289982
276.127441 -197.111801 8.16889954
276.158539 -197.021545 8.92889977
276.154907 -197.13797 9.29026604
276.178741 -197.15625 9.72074986
276.139008 -197.051804 10.5095997
276.138611 -197.130402 10.6661997
276.14978 -197.101852 11.0506992
276.145538 -197.058716 11.3269405
276.14151 -197.107803 11.4754
276.184998 -197.099594 11.7482996
276.199402 -197.112793 12.6058998
276.131287 -197.090698 12.9625998
276.167786 -197.029694 13.1496
276.160645 -197.129761 13.3204994
276.143402 -197.161255 13.4730997
276.155243 -197.125351 13.6782999
276.156006 -197.096146 14.2534008
276.131744 -197.114441 14.4902
276.102997 -197.123093 14.8737001
276.026611 -197.084 15.4298
276.064911 -197.123901 16.1982994
276.036133 -197.069199 16.7451
276.190308 -197.027802 17.0296993
276.143494 -197.188797 17.3027992
276.115631 -197.132996 17.5198345
276.098907 -197.031494 17.6063004
276.027588 -197.022003 17.8885002
276.093567 -197.110443 18.2544003
276.063293 -197.079697 18.9057007
276.0448 -197.042496 20.0417004
276.126404 -196.990402 4.38430023
276.136993 -196.817596 6.9763999
276.129089 -196.819504 7.02680016
276.139893 -196.889099 7.59880018
276.122864 -196.904694 7.68630028
276.152893 -196.867294 7.86660004
276.149048 -196.910339 8.32765007
276.093292 -196.9561 8.46360016
276.025299 -196.975693 8.6182003
276.129883 -196.970505 8.94204998
276.179413 -196.902893 9.33189964
276.117096 -196.924957 9.50249958
276.156708 -196.92926 9.88759995
276.118195 -196.880005 10.0433664
276.120514 -196.881805 10.5184002
276.149109 -196.801895 10.6929998
276.140625 -196.834045 10.8983498
276.147095 -196.930099 11.6419334
276.169006 -196.949799 11.8085003
276.140778 -196.88533 12.0942669
276.115387 -196.934204 12.3645
276.058441 -196.95639 12.7033005
276.110901 -196.862198 12.8511
276.116302 -196.996307 13.0466003
276.018005 -196.873505 13.3582001
276.095642 -196.901154 13.87465
276.09845 -196.852203 14.0758495
276.189209 -196.830505 14.4359999
276.045197 -196.839493 14.7119999
276.129028 -196.865143 15.7021999
276.066467 -196.886139 16.2833004
276.14209 -196.832901 16.5083008
276.004791 -196.880203 16.9589005
276.136597 -196.998901 17.6483994
276.088715 -196.867004 18.5694008
276.02179 -196.896698 18.6513996
276.053192 -196.904297 19.1058006
276.134094 -196.923904 19.3264503
276.073914 -196.936905 20.7007008
276.032898 -196.993195 21.2546997
276.111603 -196.732895 5.32359982
276.114594 -196.727997 5.71350002
276.082092 -196.622101 5.9538002
276.107605 -196.645004 6.08879995
276.111694 -196.764313 6.33349991
276.139801 -196.782898 6.69320011
276.092987 -196.770599 7.16219997
276.153595 -196.783798 7.71829987
276.120697 -196.622604 7.92030001
276.105804 -196.722702 8.17350006
276.0849 -196.627502 8.35439968
276.128387 -196.711105 8.79179955
276.112061 -196.668762 8.85803318
276.142792 -196.716904 9.12899971
276.127411 -196.751007 9.44890022
276.115997 -196.769806 10.2910004
276.109344 -196.702255 10.4768505
276.018097 -196.601105 10.7545996
276.107697 -196.691696 10.8785
276.144104 -196.694702 11.0867004
276.09375 -196.742599 11.9484501
276.070801 -196.6418 12.1674004
276.095001 -196.735794 12.2781
276.106598 -196.694199 12.9409504
276.081909 -196.646194 13.0305004
276.076691 -196.649506 13.2825003
276.070709 -196.763306 13.5038004
276.072998 -196.7061 13.7233
276.165497 -196.787094 14.1697998
276.044617 -196.681503 14.2332497
276.048004 -196.737595 14.4335003
276.072998 -196.680298 14.7657003
276.060089 -196.752304 15.1679001
276.062805 -196.656296 15.4425001
276.08429 -196.644745 15.89995
276.035309 -196.621902 16.3915005
276.070099 -196.662292 16.4522991
276.086914 -196.685394 16.6587505
276.053894 -196.644699 17.3337994
276.057587 -196.631104 17.4759998
276.085388 -196.644257 18.0661011
276.1091 -196.752548 18.2454987
276.096985 -196.661896 19.0849991
276.117401 -196.712799 19.5865002
276.038757 -196.65506 20.7284508
276.161896 -196.648499 20.8486996
276.050812 -196.578003 4.42910004
276.082886 -196.460495 5.75960016
276.044189 -196.529694 6.27279997
276.039703 -196.404404 6.42770004
276.110413 -196.462097 7.06820011
276.053894 -196.411606 7.34490013
276.042999 -196.452805 7.76340008
276.080292 -196.421097 8.2802
276.011688 -196.479401 8.50030041
276.104492 -196.44635 10.2724495
276.068268 -196.4729 10.6951332
276.031586 -196.489594 10.8842001
276.114105 -196.460007 11.1274004
276.085297 -196.5065 11.3339005
276.05899 -196.581207 11.5481005
276.038086 -196.498795 12.0804996
276.036652 -196.480606 12.5616999
276.043915 -196.544601 12.6330004
276.103302 -196.524307 13.1000004
276.076263 -196.526535 13.3084002
276.067139 -196.457397 13.5079336
276.09201 -196.482758 13.68435
276.169403 -196.476395 14.3231001
276.051605 -196.551804 14.7229004
276.011108 -196.412994 14.8522997
276.017273 -196.490112 15.1241503
276.089386 -196.5289 15.7201004
276.09082 -196.532349 16.1230507
276.039307 -196.409897 16.3410492
276.037292 -196.501801 16.875
276.119598 -196.515396 17.0863991
276.0289 -196.404907 17.3316002
276.127106 -196.5522 18.5583992
276.088013 -196.509186 19.2370491
276.149811 -196.499695 19.4155998
276.046112 -196.401794 19.6909008
276.145294 -196.440201 21.7266998
276.04129 -196.352493 5.25110006
276.048065 -196.327408 6.09316683
276.034393 -196.345505 6.92030001
276.05899 -196.285797 7.52349997
276.06131 -196.3172 7.71420002
276.045105 -196.3423 8.13850021
276.068604 -196.289062 8.29080009
276.066986 -196.374802 8.49499989
276.061737 -196.295303 9.90946674
276.074402 -196.20694 10.3345499
276.087769 -196.349792 10.5423508
276.02301 -196.300995 10.6556997
276.047943 -196.278 11.1153498
276.011505 -196.328598 11.7672997
276.029114 -196.362793 11.8261995
276.044098 -196.371597 12.3105001
276.062378 -196.254852 12.4755001
276.056854 -196.256897 12.6771507
276.068176 -196.276199 13.0799503
276.055786 -196.202896 13.3514996
276.003052 -196.275055 13.6840496
276.050293 -196.373505 14.3789997
276.098999 -196.349396 14.5858002
276.070557 -196.237137 14.9528666
276.078491 -196.393707 15.1388998
276.002106 -196.276306 15.7117004
276.097443 -196.329651 15.8924503
276.056763 -196.262146 16.1151505
276.005493 -196.2798 16.4734001
276.041199 -196.303894 16.8560009
276.025208 -196.224396 17.0737
276.054382 -196.344055 17.2244987
276.13324 -196.306152 17.6958008
276.025208 -196.280807 18.2318993
276.03299 -196.342102 19.9195004
276.039703 -196.042099 6.45539999
276.032288 -196.091095 6.65199995
276.019104 -196.006195 7.29780006
276.038696 -196.110107 7.66379976
276.006195 -196.031403 8.02530003
276.014587 -196.139297 9.19709969
276.011993 -196.171799 9.44390011
276.022095 -196.085098 9.8409996
276.039368 -196.095551 10.0541
276.026306 -196.119797 10.3691998
276.010193 -196.153107 10.5448999
276.040497 -196.084564 10.7511005
276.054596 -196.169098 11.5639
276.103638 -196.089905 11.6961002
276.056396 -196.187805 11.8059998
276.034882 -196.031036 12.1163998
276.03421 -196.082001 12.6389999
276.077454 -196.088547 12.90205
276.059296 -196.128693 13.0049
276.037201 -196.132797 13.7278996
276.048004 -196.027298 14.2820997
276.027496 -196.138596 14.6134996
276.057587 -196.022995 15.8778
276.115692 -196.048294 17.0321007
276.076691 -196.161194 17.6567001
276.01651 -196.163406 19.3027992
276.047913 -196.128998 19.5858994
276.044006 -195.997101 6.34959984
276.001495 -195.946503 6.55539989
276.004486 -195.971603 9.88399982
276.024597 -195.800293 10.3785
276.026001 -195.955307 11.5237999
276.06665 -195.983643 11.9495506
276.030304 -195.996506 12.0438995
276.044006 -195.885895 12.2789001
276.007202 -195.992401 12.6086998
276.010986 -195.992996 14.9802999
276.028595 -195.827393 15.5225
276.087494 -195.951401 17.0746994
276.036194 -195.889801 17.3505497
276.010986 -195.929306 17.9629993
276.095093 -195.978806 18.4363995
276.062714 -195.998505 21.6828003
276.038605 -195.779694 8.30379963
276.026886 -195.653595 8.99269962
276.020111 -195.758606 9.09939957
276.015594 -195.692993 12.5670996
276.004913 -195.757401 13.9526997
276.014587 -195.787796 14.1822996
276.037201 -195.779495 14.7941999
276.010101 -195.648499 15.9095001
276.037994 -195.725693 16.9754009
276.030212 -195.638306 19.4029007
276.113007 -195.503998 13.3871002
276.046997 -195.582397 19.5739002
276.035095 -195.220505 12.9821997
276.035187 -195.323303 13.1464996
276.0513 -195.376495 13.7880001
276.007385 -195.264999 14.9555998
276.029785 -195.354507 16.7894001
276.031311 -195.355392 17.1441994
276.366699 -199.529099 1.3391
276.302612 -199.400543 3.02999997
276.293091 -199.402802 4.11149979
276.25589 -199.329498 1.33340001
276.298248 -199.225479 1.49265003
276.235657 -199.238495 1.75615001
276.332336 -199.217865 1.92113328
276.298004 -199.234192 2.16020012
276.295197 -199.250732 2.32106662
276.298492 -199.257675 2.45756006
276.319244 -199.243073 2.67347145
276.28009 -199.33374 2.91494989
276.346436 -199.338745 3.07212853
276.304688 -199.318359 3.4993
276.312836 -199.346161 4.08056688
276.231201 -199.236694 4.32250023
276.217102 -199.187393 1.57949996
276.276794 -199.194946 2.02699995
276.390808 -199.065704 3.29789996
276.296509 -199.032898 3.71420002
276.30127 -199.086792 3.91017509
276.295227 -199.146805 4.27803326
276.381989 -198.934799 4.02680016
276.217834 -198.447357 19.1068993
276.270508 -198.403595 20.7749996
276.253998 -198.206406 5.63609982
276.210907 -198.291702 10.3580999
276.25119 -198.2164 10.7343998
276.205109 -198.209793 11.8493004
276.238708 -198.201004 12.2557001
276.209534 -198.268753 12.5268497
276.274994 -198.241638 12.9307003
276.251831 -198.249756 13.4162502
276.221497 -198.211639 13.7505999
276.259857 -198.261169 13.8418665
276.271606 -198.239395 14.0886002
276.285095 -198.219803 14.3845997
276.249023 -198.231293 14.5375996
276.26358 -198.259338 14.6708336
276.262817 -198.251999 14.9111996
276.266907 -198.2155 15.0938339
276.298401 -198.336899 15.4528503
276.292053 -198.257996 15.6755505
276.204315 -198.298294 15.8888998
276.333099 -198.251648 16.1418991
276.34549 -198.203003 16.2364998
276.242035 -198.257263 16.743866
276.267151 -198.307449 17.0484505
276.254822 -198.289032 17.303133
276.23111 -198.332993 17.4307003
276.2677 -198.321503 17.7122002
276.28479 -198.203705 18.1826
276.286865 -198.3078 18.3480663
276.286621 -198.291992 18.5866337
276.242859 -198.254791 18.9020996
276.22995 -198.317688 19.09375
276.295197 -198.211395 19.3104
276.265808 -198.352203 19.5249004
276.249512 -198.267395 19.9202995
276.210388 -198.397507 20.6406002
276.236115 -198.343201 21.0470009
276.24295 -198.031555 3.74590015
276.204498 -198.082199 4.4698
276.201904 -198.106689 4.65579987
276.276642 -198.112305 4.84326649
276.222992 -198.089798 5.24060011
276.246033 -198.0802 5.47803354
276.25119 -198.123337 5.6984334
276.28302 -198.15271 5.92869997
276.241608 -198.123245 6.09185028
276.292053 -198.073303 6.25370026
276.3078 -198.066803 6.78789997
276.2901 -198.061508 6.91936684
276.229309 -198.116745 7.05999994
276.278503 -198.122467 7.6826334
276.237 -198.101288 7.84765005
276.263367 -198.0858 8.07617474
276.22876 -198.13295 8.26029968
276.234406 -198.149567 8.52366638
276.264496 -198.115326 8.66499996
276.275299 -198.047699 9.03919983
276.219208 -198.190598 9.28009987
276.252014 -198.135284 9.48392487
276.208405 -198.060059 9.71374989
276.219391 -198.169693 9.85639954
276.233612 -198.153503 10.0688
276.277496 -198.061203 10.3039999
276.288605 -198.122559 10.5589504
276.29541 -198.077194 10.6695004
276.256927 -198.080261 11.1648998
276.320862 -198.088776 11.2783251
276.252747 -198.042953 11.7174997
276.308411 -198.058548 11.941
276.226471 -198.117432 12.1051998
276.275269 -198.147736 12.2950001
276.240692 -198.137207 12.4567003
276.2659 -198.000397 12.8621998
276.334412 -198.063797 13.0221004
276.314514 -198.171753 13.9039993
276.299194 -198.028305 14.1238003
276.345337 -198.076447 14.2402496
276.355591 -198.115494 14.4692001
276.277069 -198.067108 14.8873997
276.354065 -198.094849 15.5122499
276.336853 -198.133698 15.6126499
276.292938 -198.087906 16.3060493
276.254089 -198.103638 16.5240498
276.263885 -198.163498 16.7929001
276.223297 -198.025208 16.8050003
276.259369 -198.078903 17.1583004
276.210785 -198.075104 17.2388992
276.255096 -198.152802 17.5377998
276.23111 -198.093338 17.9354
276.277008 -198.027893 18.3122997
276.218109 -198.198807 18.5736008
276.36441 -198.097595 19.2654991
276.269806 -198.143997 19.5969009
276.220001 -198.025208 19.9468002
276.352295 -198.127197 20.0046997
276.22644 -198.127106 20.5453491
276.31781 -198.11055 20.8736
276.244995 -198.131149 21.1088505
276.281891 -197.919998 3.75110006
276.253998 -197.831497 4.42670012
276.241791 -197.848206 5.16540003
276.26062 -197.883698 5.84350014
276.254303 -197.928436 6.10960007
276.262451 -197.901489 6.49279976
276.257294 -197.894257 6.9300499
276.243103 -197.9673 7.05700016
276.274048 -197.922607 7.31260014
276.253204 -197.970795 7.55060005
276.296204 -197.960495 7.75139999
276.253693 -197.827606 7.94770002
276.320007 -197.951599 8.16069984
276.300507 -197.881699 8.27169991
276.287109 -197.811295 9.01159954
276.258911 -197.928696 9.50389957
276.283691 -197.838165 9.72243309
276.306091 -197.976501 10.3221998
276.285614 -197.981094 10.4856005
276.339111 -197.901703 10.6039
276.2836 -197.924606 10.8868999
276.286591 -197.904999 11.1766005
276.296509 -197.899002 11.3437996
276.311707 -197.845795 11.4320498
276.268341 -197.873199 11.9615002
276.317657 -197.839447 12.2805004
276.310394 -197.962296 12.6070004
276.252563 -197.980743 13.3213005
276.202393 -197.907394 13.4278002
276.273407 -197.997696 13.9119997
276.230194 -197.939606 14.1384001
276.250183 -197.911057 14.6844006
276.320404 -197.916962 14.9281998
276.256409 -197.852402 15.1294003
276.255615 -197.936096 15.2557001
276.333405 -197.9431 15.9834995
276.218903 -197.955551 16.0865993
276.223999 -197.885651 16.7514992
276.209686 -197.997803 17.0405998
276.259094 -197.965607 17.8570004
276.251801 -197.883896 18.1499996
276.213501 -197.921402 18.3813992
276.350586 -197.977493 18.5583992
276.362305 -197.800995 18.7887993
276.280792 -197.847198 18.8630009
276.206299 -197.932907 19.1902008
276.231995 -197.896805 21.4953995
276.321259 -197.714371 4.85456657
276.244812 -197.701202 5.19399977
276.232056 -197.657318 5.68342495
276.215393 -197.652405 5.8684001
276.255707 -197.608093 6.35090017
276.246613 -197.759003 6.81349993
276.293488 -197.619705 7.23050022
276.332306 -197.791901 7.81160021
276.250641 -197.650497 8.09205055
276.247498 -197.646805 8.35680008
276.228302 -197.725647 8.51049995
276.228607 -197.623245 8.86114979
276.237122 -197.707092 9.33419991
276.250397 -197.697098 9.57359982
276.209503 -197.624695 9.63269997
276.265106 -197.6884 10.1507998
276.266602 -197.71965 10.4747496
276.253296 -197.759903 10.6385002
276.282288 -197.687256 11.0153503
276.23819 -197.650757 11.5659008
276.2258 -197.7397 11.9308004
276.21759 -197.711899 12.0689001
276.314087 -197.703857 12.5569
276.238708 -197.723541 12.8992004
276.333801 -197.694336 13.0731668
276.241913 -197.713699 13.4078999
276.230988 -197.729904 13.7507
276.255402 -197.787796 14.0859003
276.210297 -197.726395 14.2319002
276.254791 -197.714096 14.5306997
276.2771 -197.610992 14.9203997
276.251953 -197.743698 15.1426668
276.298004 -197.69754 15.3074503
276.251312 -197.674103 15.5270996
276.239014 -197.647705 15.9301996
276.254395 -197.688202 16.5781002
276.346985 -197.771103 16.6917992
276.345093 -197.734604 16.8181
276.265991 -197.734299 17.2159004
276.258118 -197.762405 17.5025997
276.226746 -197.71994 20.7539997
276.297913 -197.669098 20.9789009
276.24649 -197.774307 21.3299007
276.245911 -197.570206 5.72389984
276.250214 -197.496796 6.08760023
276.228302 -197.505402 6.21990013
276.241852 -197.492645 7.04730034
276.224213 -197.552994 7.3769002
276.205505 -197.5905 7.57989979
276.217041 -197.552856 7.70289993
276.210907 -197.498795 7.98260021
276.226715 -197.484695 8.02110004
276.241302 -197.504105 8.7585001
276.213806 -197.558105 8.96889973
276.204407 -197.440201 9.67459965
276.228455 -197.450592 10.1037998
276.202209 -197.564102 10.3109999
276.222504 -197.557037 10.5063496
276.259399 -197.559692 10.6609001
276.201691 -197.429398 10.8311996
276.217346 -197.533905 11.2662506
276.2883 -197.569199 11.4680004
276.271149 -197.567795 11.939867
276.277588 -197.438797 12.5397997
276.254486 -197.525101 12.6035004
276.287506 -197.442001 13.1389999
276.201599 -197.554398 13.2414999
276.30249 -197.569199 13.6091995
276.290985 -197.434799 14.1173
276.312286 -197.412003 14.2200003
276.260498 -197.417694 14.5685997
276.204193 -197.446793 14.9014997
276.2789 -197.548401 15.2065001
276.357086 -197.446594 16.3181
276.281921 -197.468872 16.4716988
276.358704 -197.561707 17.0447998
276.258209 -197.545105 17.2092991
276.220612 -197.554306 17.4085007
276.263 -197.570908 17.6296997
276.285309 -197.539703 18.3561001
276.220642 -197.522354 19.1161003
276.239014 -197.494095 21.5699997
276.292603 -197.423996 21.7542
276.321106 -197.314606 4.87639999
276.204315 -197.359802 5.24119997
276.204407 -197.298096 6.30849981
276.212891 -197.347 6.53989983
276.218811 -197.332504 6.96080017
276.215515 -197.313095 7.43889999
276.227997 -197.216904 8.2489996
276.262604 -197.331497 8.58150005
276.223694 -197.302704 8.66020012
276.231323 -197.383698 9.09669971
276.221588 -197.356293 9.82209969
276.245056 -197.324249 10.0699005
276.267578 -197.303101 10.9062996
276.220886 -197.215698 11.3834
276.204498 -197.343399 12.1507998
276.222504 -197.357498 12.5066996
276.233795 -197.368301 12.6890001
276.21582 -197.311203 13.4581003
276.217285 -197.212997 14.0676003
276.245544 -197.371597 14.8931999
276.223389 -197.239304 15.4602003
276.245911 -197.384903 16.0769997
276.238586 -197.376404 17.3409004
276.225006 -197.3367 17.9258995
276.316101 -197.380295 18.6278992
276.21051 -197.112396 7.85589981
276.200989 -197.1297 11.0948
276.242615 -197.076401 13.3923998
276.214233 -197.095947 14.3640995
276.204102 -197.187103 15.9182997
276.221802 -197.005295 17.4990005
276.230286 -197.153503 18.4931488
276.226105 -196.965195 9.23740005
276.201691 -196.955505 10.9275999
276.222992 -196.877304 11.7491999
276.202789 -196.993805 15.8868999
276.302094 -196.950897 17.0023003
276.21759 -196.881958 17.2270508
276.214111 -196.6418 10.8050003
276.203186 -196.764297 12.6255999
276.544159 -199.73233 1.30676663
276.458893 -199.450699 1.329
276.480804 -199.205093 1.65359998
276.489258 -199.210953 1.88030005
276.493561 -199.217194 2.05626655
276.470001 -199.213348 2.36035013
276.425201 -199.206604 2.4677999
276.516541 -199.222961 2.75006652
276.589111 -199.233398 2.89820004
276.476868 -199.341858 3.09089994
276.412903 -199.219894 3.22919989
276.544373 -199.2854 3.53775001
276.49411 -199.2556 3.98620009
276.525787 -199.302704 4.0965333
276.518555 -199.262299 4.21274996
276.522766 -199.180832 1.45510006
276.538757 -199.181702 1.64873338
276.414795 -199.196106 2.16910005
276.516602 -199.116898 2.30859995
276.513611 -199.185623 2.48930001
276.502014 -199.189896 2.64560008
276.510101 -199.036896 3.38709998
276.449524 -199.104401 3.69965005
276.547211 -199.066254 3.9309001
276.555695 -199.117294 4.09789991
276.460175 -199.129395 4.35913324
276.582855 -198.833038 3.49734998
276.552063 -198.839905 3.68846655
276.555786 -198.919632 3.9291749
276.494812 -198.926193 4.34569979
276.505707 -198.949799 4.48803329
276.514893 -198.753296 3.47589993
276.535797 -198.7258 3.68470001
276.485199 -198.337601 17.3812008
276.4133 -198.073303 19.7469997
276.453705 -197.724701 6.91970015
276.467712 -197.782394 16.2238007
276.768433 -199.692291 1.30565
276.609009 -199.3228 1.33870006
276.722687 -199.201904 2.76309991
276.669403 -199.278534 2.92635012
276.739746 -199.319931 3.02857494
276.697266 -199.26506 3.51793337
276.676208 -199.29541 4.08399963
276.717194 -199.269196 4.22130013
276.701385 -199.137421 1.47297502
276.726837 -199.133301 1.7306
276.776215 -199.1642 1.92260003
276.672974 -199.171326 2.10592866
276.675049 -199.179001 2.2998333
276.637909 -199.162903 2.47790003
276.665283 -199.166397 2.72965002
276.756439 -199.150696 2.90350008
276.735504 -199.160095 3.1092
276.746399 -199.027603 3.30719995
276.625214 -199.0858 3.79150009
276.649689 -199.1828 3.99499989
276.693909 -199.120102 4.30229998
276.752899 -198.958206 3.34780002
276.666901 -198.844299 3.59389997
276.971313 -199.6922 1.30379999
276.958984 -199.554306 1.35290003
276.856201 -199.362396 1.32519996
276.985107 -199.207001 2.09430003
276.909943 -199.238632 2.88489985
276.905273 -199.291107 3.0582428
276.881805 -199.220993 4.04610014
276.894714 -199.136688 1.55809999
276.91864 -199.141449 1.73909998
276.928101 -199.131439 1.94229996
276.862762 -199.136276 2.09130001
276.830322 -199.155243 2.31489992
276.852722 -199.154358 2.5237999
276.876587 -199.164795 2.69067502
276.952271 -199.087341 3.17350006
276.896301 -199.048798 3.28800011
276.868408 -199.093002 3.56329989
276.9758 -199.199097 3.64770007
276.902893 -199.048355 4.1408
276.906769 -199.140198 4.31540012
276.969788 -198.882599 3.61159992
276.922394 -198.439896 3.4999001
277.08667 -199.863495 1.31763327
277.017609 -199.626404 1.34860003
277.005188 -199.553406 1.48749995
277.099487 -199.251602 1.36389995
277.063202 -199.219604 2.78760004
277.112183 -199.240112 2.97075009
277.088165 -199.310074 3.0796001
277.062012 -199.215805 4.08160019
277.113892 -199.099106 1.39670002
277.10379 -199.099243 1.51125002
277.069672 -199.100327 1.67672503
277.107513 -199.105377 1.89238572
277.116028 -199.133759 2.14466667
277.152313 -199.119781 2.33192492
277.087402 -199.121338 2.56940007
277.181091 -199.101395 2.75239992
277.130554 -199.16394 2.8757
277.11554 -199.0345 3.08879995
277.136505 -199.151947 3.30819988
277.015625 -199.119995 3.49880004
277.171997 -199.068497 3.7177
277.057129 -199.091202 3.86884999
277.1828 -199.142105 4.16489983
277.127686 -199.073669 4.29335022
277.016296 -198.815704 3.27970004
277.146149 -198.955704 3.4296999
277.073792 -198.9814 3.75449991
277.18161 -198.967896 3.9532001
277.001801 -198.668304 3.5941999
277.104218 -198.502533 3.55110002
277.053345 -198.503387 3.64919996
277.28595 -199.95813 1.30043328
277.268005 -199.744095 1.37600005
277.309509 -199.358795 1.3312
277.247498 -199.227249 2.96390009
277.362793 -199.217194 3.04520011
277.319824 -199.208298 3.54944992
277.333313 -199.220001 4.11804962
277.209991 -199.082703 1.35790002
277.303711 -199.089401 1.5298667
277.353546 -199.06575 1.67569995
277.325653 -199.086456 2.10610008
277.378967 -199.08136 2.26600003
277.359192 -199.093826 2.49151993
277.317261 -199.098694 2.69829988
277.315948 -199.163635 2.92566681
277.208893 -199.074905 3.24679995
277.290222 -199.083344 3.68315005
277.325287 -199.071365 3.89960003
277.287659 -199.073944 4.12290001
277.263733 -199.042801 4.32905006
277.255005 -198.997498 1.61629999
277.241791 -198.912003 3.12590003
277.303986 -198.966095 3.37660003
277.324493 -198.932709 3.95669985
277.283936 -198.889404 4.04339981
277.568756 -199.895294 1.31554997
277.520386 -199.460495 1.33650005
277.427887 -199.389404 1.30929995
277.504333 -199.231339 3.03146672
277.412598 -199.203506 4.14279985
277.494293 -199.110504 1.31739998
277.508972 -199.048248 1.55145001
277.423218 -199.056 1.6516
277.476288 -199.043564 1.87096667
277.472778 -199.059906 2.14550018
277.48761 -199.069305 2.27819991
277.521088 -199.064697 2.40190005
277.495911 -199.083557 2.67435002
277.544159 -199.096649 2.86084986
277.417694 -199.142395 3.19070005
277.480804 -199.188202 3.4993
277.560608 -199.031494 3.96729994
277.597229 -199.111954 4.31369972
277.501312 -198.891296 3.46009994
277.515015 -198.8983 3.90869999
277.590851 -198.977692 4.31500006
277.547699 -198.767807 3.41499996
277.725494 -199.918701 1.31459999
277.60849 -199.619202 1.34290004
277.656799 -199.511398 1.33840001
277.646088 -199.214996 4.22879982
277.658295 -199.033493 1.39540005
277.684143 -199.023895 1.53390002
277.681732 -199.023026 1.69640005
277.659607 -199.037994 1.87489998
277.691803 -199.030502 2.12335014
277.637085 -199.023804 2.32620001
277.659851 -199.058105 2.52970004
277.724213 -199.047134 2.6786201
277.724792 -199.106064 2.89914012
277.773712 -199.1754 3.1487999
277.627106 -199.027802 3.42050004
277.708099 -199.022247 3.7104001
277.796906 -199.1082 4.03329992
277.71521 -199.003296 4.38530016
277.621796 -198.980499 1.51020002
277.747192 -198.924103 3.30839992
277.619904 -198.990997 3.99259996
277.622986 -198.971191 4.08300018
277.793488 -198.968002 4.35179996
277.711914 -198.699402 3.5387001
277.609314 -198.724197 4.01039982
277.865112 -199.935898 1.30080009
277.882996 -199.747192 1.31599998
277.893494 -199.381393 1.30990005
277.848206 -199.248901 3.12779999
277.904999 -199.027405 1.39069998
277.894653 -199.00589 1.45569992
277.815491 -199.046997 1.60469997
277.890411 -199.010498 1.90600002
277.888672 -199.011139 2.1157999
277.956787 -199.027435 2.31900001
277.855011 -199.021759 2.5048666
277.956116 -199.040802 2.66245008
277.906036 -199.060547 2.87878013
277.926788 -199.123459 3.05279994
277.862701 -199.165802 3.2658999
277.981415 -199.010895 3.54410005
277.944489 -199.128098 3.98189998
277.88855 -199.105743 4.09634972
277.885254 -198.986542 1.55572498
277.954742 -198.991089 1.69184995
277.928467 -198.995148 1.91604996
277.876007 -198.985992 2.3124001
277.927002 -198.951447 3.26555014
277.922668 -198.904099 3.4930501
277.844299 -198.884598 3.77749991
277.934937 -198.881256 3.8822
277.836792 -198.673203 3.47609997
278.023651 -199.776947 1.31895006
278.040649 -199.002045 2.30924988
278.041962 -199.013641 2.50326657
278.112305 -199.0056 2.67114997
278.094269 -199.068573 2.90187502
278.105194 -199.124802 3.13080001
278.014099 -199.130997 3.38879991
278.111328 -199.095001 3.51923323
278.075226 -198.965805 1.45879996
278.141205 -198.957062 1.69943333
278.124207 -198.955353 1.84494996
278.052307 -198.986801 2.13240004
278.090393 -198.959305 2.24609995
278.135284 -198.989304 2.51737499
278.110107 -198.984344 2.69654989
278.101318 -198.931351 2.89584994
278.096375 -198.95459 3.10389996
278.122009 -198.962097 3.34929991
278.120331 -198.878799 3.49356675
278.189941 -198.953461 3.68120003
278.104858 -198.859177 3.87168002
278.074554 -198.888748 4.1307497
278.184509 -198.836395 4.31459999
278.018097 -198.791702 3.6565001
278.089508 -198.661102 4.07700014
278.328003 -199.894348 1.31069994
278.2771 -199.074554 2.98024988
278.294281 -199.084763 3.06876659
278.293884 -199.034454 3.32590008
278.330261 -199.034454 4.09599972
278.286377 -198.917221 1.73014998
278.257202 -198.956802 1.94660008
278.325104 -198.951263 2.09936666
278.239594 -198.974594 2.36439991
278.329498 -198.884247 2.70475006
278.348755 -198.979248 2.87195015
278.293274 -198.84024 3.29795003
278.327515 -198.882401 3.86500001
278.213409 -198.808105 4.15759993
278.333618 -198.884598 4.32095003
278.419891 -199.073898 2.96409988
278.494141 -199.062775 3.07181668
278.417999 -199.115707 3.58159995
278.593689 -198.874603 1.37600005
278.542297 -198.899704 1.7378
278.504364 -198.911194 1.88119996
278.512268 -198.920929 2.10536671
278.569855 -198.902847 2.37769985
278.417297 -198.954605 2.57929993
278.595886 -198.900101 2.70169997
278.442505 -198.981903 2.95510006
278.514893 -198.832703 3.27679992
278.50119 -198.8797 3.71379995
278.492218 -198.844833 3.90820003
278.464081 -198.894592 4.34056664
278.575409 -198.622803 3.51950002
278.508392 -198.654907 3.99029994
278.457703 -198.748993 4.04230022
278.478607 -198.571594 4.07119989
278.627197 -199.373596 1.31490004
278.674744 -199.04274 2.96566653
278.741486 -199.076004 3.09050012
278.693298 -198.847794 1.36600006
278.662354 -198.891266 1.5146333
278.693481 -198.84024 1.65859997
278.677155 -198.868362 1.94483328
278.711609 -198.875992 2.12752008
278.778809 -198.919861 2.25600004
278.690063 -198.913971 2.46182489
278.624115 -198.928101 2.75500011
278.703674 -198.944168 2.88684988
278.647797 -198.930801 3.14840007
278.718689 -198.856003 3.2119
278.746216 -198.934875 3.49666667
278.756195 -198.854599 3.92910004
278.683807 -198.934799 4.1392498
278.703339 -198.890594 4.27385044
278.701111 -198.709595 3.89645004
278.672089 -198.5979 3.49690008
278.868988 -199.133408 1.31449997
278.968414 -199.029999 2.97659993
278.853302 -199.0401 3.0072999
278.88446 -198.812256 1.47549999
278.872192 -198.836136 1.64520001
278.912659 -198.845596 1.88253331
278.871002 -198.847198 2.02614999
278.87851 -198.878769 2.31677485
278.863281 -198.884598 2.52412009
278.868896 -198.865799 2.671
278.925354 -198.964325 2.91873336
278.922119 -198.896545 3.0402
278.954987 -198.85936 3.22020006
278.961609 -198.822601 3.48000002
278.875305 -198.911407 3.90280008
278.960388 -198.737 1.76409996
278.920502 -198.771606 3.71560001
278.997101 -198.778305 4.05219984
278.970215 -198.785995 4.29209995
279.035889 -199.590897 1.29589999
279.087402 -199.147995 1.27380002
279.127106 -198.833206 1.42439997
279.104614 -198.811295 1.63230002
279.068512 -198.832794 1.94230008
279.076721 -198.841675 2.13892508
279.086914 -198.855255 2.30800009
279.095062 -198.82753 2.50726652
279.098755 -198.84671 2.71146655
279.126984 -198.903595 2.88960004
279.083374 -198.946762 3.10780001
279.053009 -198.886002 3.58439994
279.1362 -198.827896 3.75079989
279.114594 -198.794998 1.33990002
279.093231 -198.759201 3.25906658
279.134399 -198.723328 3.65619993
279.146057 -198.728073 3.88026667
279.115906 -198.701401 4.04959965
279.16571 -198.727402 4.25790024
279.108734 -198.506134 3.50553346
279.313293 -199.464493 1.24080002
279.386902 -199.380295 1.21589994
279.376007 -199.026901 1.28989995
279.299713 -198.818802 1.3326
279.252014 -198.836594 1.61059999
279.276215 -198.827896 2.02690005
279.221985 -198.8293 2.31150007
279.278198 -198.819107 2.59019995
279.225586 -198.828094 2.78789997
279.316589 -198.952255 2.92510009
279.222687 -198.885803 3.19939995
279.371796 -198.843002 3.36940002
279.305634 -198.892868 3.49346662
279.356598 -198.752106 1.4174
279.3013 -198.744827 1.94036663
279.370514 -198.648102 2.17350006
279.294891 -198.772339 2.51975012
279.3591 -198.779251 2.67799997
279.356689 -198.685898 3.11299992
279.2724 -198.601196 3.34789991
279.246948 -198.783447 3.52029991
279.275879 -198.726303 3.68424988
279.332031 -198.73735 3.89219999
279.343597 -198.740906 4.35640001
279.240997 -198.515305 3.51839995
279.412506 -199.801407 1.20739996
279.533203 -199.760345 1.18554997
279.507812 -199.349747 1.21619999
279.450714 -199.031601 1.26300001
279.475311 -198.810699 2.64369988
279.441833 -198.899078 2.90747499
279.583405 -198.924103 3.13649988
279.484985 -198.822296 3.3599
279.450806 -198.830505 3.69729996
279.502197 -198.848846 4.04180002
279.459503 -198.752716 1.48238003
279.452759 -198.785934 1.72483325
279.527771 -198.773895 1.88380003
279.541504 -198.770767 2.3082335
279.509888 -198.788864 2.75650001
279.468109 -198.786102 2.92090011
279.497986 -198.720871 3.2823
279.546875 -198.69162 3.69894981
279.427002 -198.746201 3.95639992
279.564301 -198.711395 4.17854977
279.567108 -198.685303 4.23710012
279.455811 -198.761398 4.47049999
279.500153 -198.465759 3.50449991
279.46051 -198.411102 3.95469999
279.579498 -198.424957 4.02750015
279.796814 -199.949005 1.20990002
279.683746 -198.879501 2.96244001
279.740143 -198.84906 3.35136676
279.680695 -198.941605 3.86549997
279.683807 -198.865997 4.13679981
279.671112 -198.709305 1.3089
279.651306 -198.723297 1.50714993
279.624634 -198.730499 1.72469997
279.6828 -198.750931 1.8524667
279.708923 -198.736115 2.08220005
279.705688 -198.753418 2.51617503
279.714325 -198.749222 2.70454001
279.772095 -198.7854 2.98589993
279.676788 -198.767807 3.19320011
279.653412 -198.640701 3.51740003
279.713013 -198.699402 3.72744989
279.67807 -198.764008 3.88339996
279.687012 -198.753693 4.04759979
279.735199 -198.670807 4.31790018
279.67511 -198.469406 3.3678
279.640076 -198.42746 3.50356674
279.780487 -198.587006 3.84739995
279.604401 -198.470596 4.01030016
279.907806 -199.912949 1.21574998
279.997711 -199.766907 1.21010005
279.812622 -199.251892 1.21640003
279.923798 -199.108597 1.18560004
279.908478 -198.865463 2.93393326
279.90744 -198.864609 3.05626655
279.834503 -198.7099 1.36310005
279.908203 -198.686996 1.48465002
279.839294 -198.739395 1.98660004
279.915466 -198.714386 2.32172012
279.827209 -198.720093 2.49205017
279.963409 -198.713333 2.69619989
279.903564 -198.766617 2.87554002
279.834503 -198.680756 3.26324987
279.898895 -198.695404 3.72079992
279.803314 -198.664307 3.82859993
279.918915 -198.772095 4.14349985
279.851807 -198.506195 3.35725021
279.926605 -198.549103 3.68429995
279.839813 -198.408997 3.93779993
279.892303 -198.367706 3.95140004
