# .PCD v0.7 - Point Cloud Data file format
VERSION 0.7
FIELDS x y z
SIZE 4 4 4
TYPE F F F
COUNT 1 1 1
WIDTH 12865
HEIGHT 1
VIEWPOINT 0 0 0 1 0 0 0
POINTS 12865
DATA ascii
140.043198 -96.7501984 0.0803000033
140.118805 -96.4602966 0.317324996
140.010193 -96.3977966 0.179499999
140.0737 -96.0671997 0.0595999993
140.019501 -95.8786011 0.0733999982
140.154999 -95.4482498 0.033950001
140.065201 -94.8929977 0.0307999998
140.064148 -94.7049484 0.0165500008
140.117096 -94.5692978 -0.00249999994
140.107895 -94.3666992 -0.00469999993
140.033401 -93.5744019 -0.0671999976
140.109299 -93.2865982 -0.0722000003
140.102219 -93.1101608 -0.0673800036
140.035797 -92.5579987 -0.134800002
140.105545 -92.071579 -0.15482001
140.005203 -91.9448013 -0.210199997
140.145996 -91.9001007 -0.182899997
140.032135 -91.6652679 -0.185033336
140.041901 -91.2710495 -0.193199992
140.053696 -91.0334015 -0.203299999
140.059052 -91.0850983 -0.187400013
140.050201 -90.7396011 -0.202900007
140.188507 -90.4188004 -0.224800006
140.1147 -90.5767975 -0.193100005
140.08374 -90.1150513 -0.210449994
140.138901 -89.9888 -0.201100007
140.154999 -89.7425003 -0.2139
140.078003 -89.5248489 -0.216800004
140.145554 -89.0210495 -0.228500009
140.002304 -88.9255981 -0.234400004
140.105133 -88.7118988 -0.235200003
140.099457 -88.4831009 -0.224399999
140.072998 -88.2739563 -0.209699988
140.131897 -88.3088989 -0.1294
140.09613 -88.0895691 -0.143900007
140.112595 -87.9262009 -0.196700007
140.117401 -87.6493988 -0.202299997
140.123993 -87.3105011 -0.208900005
140.021545 -87.2609558 -0.113600001
140.084976 -86.9009781 -0.106200002
140.042847 -86.8538055 0.0969000012
140.081696 -86.834549 0.302100003
140.08075 -86.8302994 0.50120002
140.046707 -86.8307037 0.646200001
140.066055 -86.8303528 0.893849969
140.034393 -86.8059006 1.10029995
140.0457 -86.8365021 1.33500004
140.084747 -86.8529968 1.45144999
140.1642 -86.8068008 1.71290004
140.052994 -86.7934036 0.188099995
140.082199 -86.7966995 0.267699987
140.042404 -86.7922974 0.851499975
140.144653 -86.7933044 1.17754996
140.013596 -86.7954025 1.25559998
140.053802 -86.790802 1.58290005
140.0979 -86.7904968 1.72230005
140.082352 -86.7647552 1.90039992
140.053741 -86.7775955 2.05281997
140.184402 -86.7419968 2.20580006
140.192795 -83.8453979 3.71449995
140.025497 -83.8639984 3.81609988
140.153503 -83.8359985 5.5323
140.111038 -83.8245316 5.72730017
140.114899 -83.8676987 6.06850004
140.159058 -83.8352509 6.50195026
140.169403 -83.8244019 11.1805
140.156403 -83.8130035 11.9542999
140.0681 -83.7502975 4.93219995
140.037994 -83.6756973 5.39419985
140.048401 -83.7397995 5.52415991
140.113998 -83.7438965 5.61460018
140.082047 -83.7745056 5.98270035
140.063934 -83.7845688 6.28186655
140.176544 -83.6513062 6.65999985
140.096741 -83.713768 6.87650013
140.111847 -83.6555023 7.12234974
140.104248 -83.6800995 7.33069992
140.148026 -83.6569519 7.66944981
140.1996 -83.7245026 8.23880005
140.085938 -83.7946014 8.43149948
140.077499 -83.7696991 8.71000004
140.045502 -83.7360992 8.92385006
140.180801 -83.7397003 9.00899982
140.015396 -83.7058029 9.24470043
140.149002 -83.6457062 10.4728498
140.032196 -83.6953964 10.7510004
140.116196 -83.6704025 10.9632998
140.114334 -83.6966705 11.1040335
140.132599 -83.7470016 11.25
140.160202 -83.7531967 11.5875998
140.112396 -83.6919022 11.7722998
140.118637 -83.7394333 13.704833
140.111603 -83.7934036 13.8234997
140.121948 -83.550499 5.44470024
140.194107 -83.5245972 9.37209988
140.033295 -83.574501 10.8402996
140.190796 -83.5692978 12.2616997
140.110992 -83.5715027 12.5340996
140.198898 -83.5100021 12.8917999
140.102844 -83.4860992 13.5186996
140.160355 -83.3337021 5.45272493
140.08786 -83.1610489 5.45069981
140.151703 -83.1801987 10.8747997
140.112106 -82.7039032 4.58179998
140.178299 -82.6989975 4.75640011
140.077393 -82.7218018 4.89519978
140.185898 -82.7033005 5.4387002
140.179993 -82.5940018 5.4204998
140.160706 -82.5714035 14.927
140.122131 -82.5330658 16.4885998
140.110947 -82.3000488 16.5023994
140.013794 -82.197998 15.7790003
140.029495 -82.1629028 16.3262005
140.386444 -97.9840546 0.319099993
140.319061 -96.4891586 0.319580019
140.284943 -96.352951 0.138400003
140.25853 -96.3538971 0.281100005
140.352707 -95.8086014 0.0280000009
140.210205 -95.4496002 0.988200009
140.332993 -95.2444992 0.117200002
140.208206 -95.1854019 -0.0147000002
140.227707 -94.9451981 0.00340000005
140.255402 -94.5963974 -0.0313000008
140.251495 -94.3358459 -0.0200500004
140.256897 -94.2722015 0.00659999996
140.338654 -93.9754486 -0.0242999997
140.321793 -93.6065979 -0.0392999984
140.29953 -93.4530029 -0.0601333342
140.388306 -93.1657028 -0.0798000023
140.290955 -92.8766022 -0.0615000017
140.318649 -92.7550049 -0.0910000056
140.322296 -92.5259476 -0.101850003
140.310104 -92.2835388 -0.137419999
140.210297 -92.0046005 -0.172399998
140.276489 -91.6965027 -0.189549997
140.242493 -91.4218979 -0.213400006
140.274841 -91.5218964 -0.183400005
140.358353 -91.101593 -0.191949993
140.301239 -90.9756012 -0.18175
140.207306 -90.2412033 -0.234599993
140.248505 -90.1121979 -0.221300006
140.362656 -90.1764984 -0.178550005
140.308746 -89.8567963 -0.236750007
140.288498 -89.7443008 -0.224700004
140.388199 -89.7917023 -0.198200002
140.209793 -88.7197037 -0.277700007
140.349365 -88.5376358 -0.218566671
140.29953 -88.338768 -0.223299995
140.328598 -88.2344971 -0.198899999
140.267197 -88.0662003 -0.180700004
140.356796 -87.921402 -0.124700002
140.307297 -87.6843033 -0.211500004
140.363007 -87.6977005 -0.185599998
140.348663 -87.4959488 -0.204099998
140.3116 -87.5475998 -0.186499998
140.268097 -87.0397034 -0.187099993
140.259094 -86.8417969 -0.116149999
140.328201 -86.8293991 0.0803999975
140.241806 -86.822998 0.251899987
140.288055 -86.8379059 0.439850003
140.310593 -86.8191986 0.714649975
140.268997 -86.8126984 1.11699998
140.362305 -86.7875977 0.424899995
140.375641 -86.7617035 0.702049971
140.302048 -86.7759018 0.948099971
140.310745 -86.7893524 1.0905
140.324463 -86.7499008 1.47119999
140.304245 -86.7510071 1.88864994
140.282623 -86.7472992 2.11439991
140.361099 -86.7342987 2.2098
140.382401 -83.8600006 3.6796
140.3405 -83.8134003 3.8749001
140.2379 -83.8034973 5.50269985
140.280807 -83.8442993 5.78119993
140.337891 -83.8061981 5.96214962
140.259796 -83.8163986 6.37010002
140.3349 -83.8192978 6.54449987
140.389893 -83.8041 8.83889961
140.386795 -83.688797 3.98270011
140.298737 -83.7324066 4.27900028
140.3134 -83.7423019 4.56879997
140.347153 -83.6310501 4.65569973
140.32724 -83.669548 4.84514999
140.299271 -83.735733 5.04353333
140.282959 -83.6853485 5.36314964
140.359207 -83.7639008 5.47249985
140.324905 -83.7862015 5.93336678
140.32753 -83.7906647 6.07060003
140.312302 -83.7214966 6.43230009
140.362595 -83.7621002 6.69320011
140.328903 -83.6784058 6.87750006
140.247528 -83.6876678 7.08830023
140.353363 -83.6872025 7.32746649
140.389999 -83.6780014 7.46169996
140.345856 -83.6795502 7.68924999
140.28717 -83.7266693 8.35229969
140.250214 -83.7810059 8.47069931
140.306305 -83.7230988 8.78899956
140.2453 -83.7770004 8.84860039
140.339798 -83.7005005 9.04500008
140.207306 -83.7422028 9.31459999
140.233734 -83.659729 9.50457478
140.201508 -83.6468964 9.71360016
140.248199 -83.638298 9.91779995
140.242004 -83.6549988 10.1123505
140.203506 -83.6390991 10.3469
140.369507 -83.6414032 10.4804001
140.293198 -83.6272659 10.8918667
140.339203 -83.737999 11.2276001
140.359863 -83.7315521 11.4768
140.324203 -83.6921005 11.7021999
140.357254 -83.6183929 13.4960499
140.320007 -83.767601 13.6745996
140.256104 -83.543602 4.73640013
140.33316 -83.598053 6.68840027
140.231995 -83.5655975 8.05949974
140.317505 -83.5233002 9.73040009
140.263535 -83.4653625 10.121233
140.290894 -83.5602036 10.2300997
140.338501 -83.578598 10.4310999
140.357025 -83.5188675 10.8652334
140.362 -83.5779037 12.1412001
140.295959 -83.5245972 12.3360004
140.29985 -83.5457001 12.5109997
140.307953 -83.5109482 12.74755
140.301498 -83.478653 12.9216003
140.317703 -83.5701981 13.063633
140.338898 -83.5030975 13.3421669
140.343231 -83.5467682 13.484766
140.331604 -83.296463 5.44250011
140.287338 -83.3004303 13.4633665
140.302994 -83.1365967 4.6328001
140.298904 -82.8037033 13.4849005
140.284805 -82.6856995 4.89470005
140.275299 -82.7494965 5.50829983
140.366501 -82.6330032 16.7082996
140.285004 -82.5593033 5.04869986
140.304596 -82.4954987 10.74195
140.261536 -82.4307327 16.4268341
140.206497 -82.3865967 10.6452999
140.216995 -82.3259964 15.0382004
140.382797 -82.2248001 15.6703997
140.243149 -82.2902527 16.334301
140.265289 -82.2742462 16.4612999
140.375244 -82.1081543 15.6700497
140.353806 -81.9570007 5.16179991
140.524902 -97.8097 0.138699993
140.4767 -97.9033966 0.230199993
140.444458 -97.7702484 0.151549995
140.524902 -96.4682999 0.1479
140.5065 -96.4011993 0.208499998
140.440399 -96.3927002 0.218099996
140.440308 -96.1447983 0.0817999989
140.514099 -95.6166 0.0627000034
140.503693 -95.5353012 0.0588999987
140.461807 -95.4893036 0.986800015
140.582001 -95.5815964 1.0158
140.422897 -95.2608032 0.0186999999
140.468094 -95.1303024 -0.00829999987
140.570007 -94.8153 0.00209999993
140.522202 -94.7858963 -0.00730000017
140.546906 -94.527298 -0.00439999998
140.465195 -94.3386002 0.0326000005
140.554504 -94.1575012 -0.0291500017
140.5495 -93.9833984 -0.0159000009
140.470703 -93.3481445 -0.0758000016
140.587158 -92.9109039 -0.071800001
140.445587 -92.7385025 -0.105549999
140.5215 -92.4319992 -0.115599997
140.517059 -92.3844986 -0.115699999
140.406097 -92.0195007 -0.142399997
140.535507 -91.6743011 -0.185800001
140.563705 -91.5939026 -0.179199994
140.443207 -91.0738983 -0.230700001
140.455414 -91.0943985 -0.189649999
140.5811 -90.7020035 -0.200900003
140.5522 -90.6585007 -0.195999995
140.483551 -90.2131958 -0.209600002
140.480255 -89.6387024 -0.236099988
140.409195 -89.7507019 -0.172199994
140.517899 -89.4301987 -0.169799998
140.49646 -89.2982025 -0.215700001
140.514404 -88.990799 -0.212699994
140.513031 -88.6620712 -0.223000005
140.525406 -88.5875473 -0.261250019
140.508102 -88.1653976 -0.183200002
140.494095 -87.6866989 -0.194600001
140.593903 -87.4857025 -0.200399995
140.584106 -87.2330017 -0.210800007
140.402893 -87.0236969 -0.145600006
140.517258 -86.8819656 -0.111980006
140.506256 -86.8770828 0.0711200014
140.521393 -86.8134003 0.253899992
140.565308 -86.8016968 0.51819998
140.512405 -86.8014984 0.7421
140.502701 -86.7942047 0.3213
140.562607 -86.7901993 0.795400023
140.561996 -86.7751999 0.875100017
140.53093 -86.7836685 1.11736667
140.532806 -86.7829437 1.23315001
140.508301 -86.7480011 1.50569999
140.475098 -86.7738495 1.75174999
140.502716 -86.749176 1.97500002
140.441605 -86.7591476 2.10864997
140.447098 -83.821701 3.9145
140.431595 -83.805603 5.5545001
140.4823 -83.8211975 5.7505002
140.45575 -83.8662491 6.09624958
140.505951 -83.8078461 6.28530025
140.442902 -83.8249512 6.48565006
140.420593 -83.7054977 4.1487999
140.479797 -83.6772995 4.38399982
140.473648 -83.6567535 4.49524975
140.529907 -83.6781998 4.70749998
140.582001 -83.7306976 4.99209976
140.509155 -83.7649536 5.03550005
140.570694 -83.6495972 5.36639977
140.473206 -83.7493973 5.48904991
140.532394 -83.7690964 5.82910013
140.463501 -83.7930984 6.07789993
140.48175 -83.786499 6.28055
140.465546 -83.7716522 6.52390003
140.477631 -83.7062683 6.68093348
140.450928 -83.6816483 6.91282511
140.463593 -83.6981506 7.08820009
140.515747 -83.6545029 7.27645016
140.59935 -83.6573029 7.68954992
140.425903 -83.6914978 7.98820019
140.553299 -83.7698059 8.30699921
140.439194 -83.7639999 8.49699974
140.453049 -83.6771545 8.72654915
140.542404 -83.7942963 8.84589958
140.476105 -83.6952972 9.02540016
140.505493 -83.7122498 9.36269951
140.475204 -83.674057 10.51085
140.5271 -83.6934509 11.0752506
140.500305 -83.6964035 11.3246002
140.475998 -83.7492981 11.9699001
140.440994 -83.6846008 13.5593004
140.472198 -83.7690964 13.6784
140.565704 -83.490303 4.55730009
140.547348 -83.4543457 4.69779968
140.413803 -83.560997 9.69540024
140.43454 -83.5245743 10.3197498
140.497559 -83.4951019 10.7005005
140.51059 -83.5395508 10.9482002
140.4599 -83.5942993 11.7655001
140.533463 -83.5011673 12.9657335
140.487732 -83.5527496 13.0655251
140.539505 -83.5807037 13.4500999
140.558563 -83.3131332 4.52813339
140.509171 -83.3369522 5.49867487
140.487854 -83.3644485 12.8454494
140.501907 -83.3274994 13.4528999
140.539429 -83.0703354 5.4394331
140.519699 -82.9925003 5.43669987
140.532196 -82.7731018 10.8030005
140.467743 -82.6253967 15.1001501
140.582062 -82.4899521 10.7512503
140.444 -82.5771027 10.8366003
140.461105 -82.4182968 14.6808996
140.546906 -82.5486984 16.5223007
140.589005 -82.2111969 15.8003998
140.525604 -82.2929001 16.3929005
140.480255 -82.3051453 16.4433002
140.551193 -82.1789017 16.0053005
140.550003 -82.1884003 16.2607994
140.4879 -81.9694977 5.09019995
140.764496 -97.9320984 0.184699997
140.710144 -97.1071014 0.104249999
140.701157 -96.6364975 0.150999993
140.684738 -96.4550705 0.147433326
140.733307 -96.3647461 0.106600001
140.776306 -95.6080017 1.01789999
140.6978 -95.5914993 1.04330003
140.701202 -95.3448029 0.0322999991
140.726898 -95.1166992 0.0498999991
140.734604 -94.7412033 -0.0288999993
140.682846 -94.5041046 -0.0288500004
140.647705 -94.3392029 -0.0326999985
140.789307 -94.0699005 -0.0294000003
140.678299 -93.8135986 -0.0116999997
140.661301 -93.8495026 0.0337999985
140.733307 -93.6128006 -0.0854000002
140.778442 -93.5093994 -0.0596999973
140.797897 -93.2398987 -0.0847999975
140.621902 -93.033699 -0.0861999989
140.626694 -92.6038971 -0.149599999
140.721497 -92.4810028 -0.133900002
140.739044 -92.3242035 -0.147100002
140.654205 -92.1159973 -0.187999994
140.729599 -91.8636017 -0.178299993
140.644699 -91.6844482 -0.190549999
140.755905 -91.2263031 -0.194100007
140.770996 -91.1203003 -0.190899998
140.732803 -90.8009033 -0.212500006
140.708099 -90.707901 -0.200599998
140.714554 -90.701004 -0.182750002
140.658295 -90.4934998 -0.204999998
140.622101 -90.1688995 -0.205200002
140.659805 -89.7453461 -0.220349997
140.752808 -89.5217972 -0.229100004
140.6306 -89.2165985 -0.225700006
140.628403 -88.8497009 -0.218099996
140.713043 -88.6974182 -0.234760001
140.687302 -88.6009979 -0.166899994
140.781097 -88.5572968 -0.237100005
140.669495 -88.3554993 -0.181799993
140.702347 -88.1710052 -0.179850012
140.713501 -87.6966553 -0.186399996
140.707504 -87.1883011 -0.204799995
140.748901 -87.0379028 -0.195199996
140.689697 -86.8926697 -0.124599993
140.718903 -86.8152466 0.0888500065
140.736237 -86.8201523 0.305150002
140.748505 -86.8248978 0.422600001
140.608307 -86.7683029 0.442299992
140.758453 -86.7779999 0.704249978
140.678299 -86.7692032 0.911199987
140.674774 -86.7766037 1.07626665
140.665039 -86.779953 1.33185005
140.726151 -86.7539978 1.4849
140.738098 -86.7447968 1.66094995
140.696426 -86.7402954 1.870875
140.642853 -86.7426605 2.13369989
140.613205 -83.8743973 3.85619998
140.662506 -83.8347015 5.70864964
140.604401 -83.8454971 6.2954998
140.633804 -83.800499 6.47200012
140.730606 -83.8244019 8.45810032
140.624405 -83.7558975 3.90100002
140.731293 -83.7046967 4.08799982
140.709 -83.7009125 4.95258331
140.617401 -83.6560974 5.15689993
140.602203 -83.7706985 5.38850021
140.719208 -83.7513428 5.49604988
140.668396 -83.7689972 5.94610023
140.773697 -83.7692032 6.19000006
140.607697 -83.7909012 6.26900005
140.687042 -83.6952515 6.82530022
140.630707 -83.6763535 7.33984995
140.704697 -83.6256027 8.12950039
140.679245 -83.7652512 8.30579948
140.796799 -83.6850967 8.5053997
140.729996 -83.7210999 8.67310047
140.707596 -83.7370987 8.80099964
140.648956 -83.6921997 9.13160038
140.743256 -83.6235962 9.51504993
140.754745 -83.6293945 9.62520027
140.725693 -83.6071014 9.9545002
140.742706 -83.6601028 10.3386002
140.792007 -83.6498032 10.7816
140.743652 -83.657547 10.9118004
140.732407 -83.7005005 11.4057999
140.730759 -83.6777344 11.8651333
140.611298 -83.6144028 13.4969997
140.613007 -83.7655029 13.71
140.757401 -83.782402 13.8072004
140.747894 -83.5129013 4.39239979
140.685394 -83.5202484 4.48190022
140.749298 -83.5711975 4.63719988
140.680405 -83.5065994 4.93419981
140.639603 -83.4376984 5.47450018
140.611893 -83.5809021 7.36059999
140.698151 -83.5182953 10.1179504
140.607101 -83.4112015 10.7621002
140.651398 -83.5905685 10.8473663
140.653 -83.4737015 12.9378996
140.626343 -83.4644012 13.3346996
140.681458 -83.5178528 13.4951992
140.611496 -83.283699 4.4762001
140.760696 -83.3499985 5.37629986
140.643799 -83.3017654 5.47060013
140.796997 -82.6159973 5.38140011
140.724396 -82.7559509 10.8359003
140.699997 -82.5643005 5.32130003
140.757706 -82.5490036 15.1883001
140.699646 -82.5017471 16.52845
140.726303 -82.3069992 10.5396996
140.709396 -82.3379974 16.3400993
140.741333 -82.3245697 16.5319328
140.6259 -82.0526962 16.0891991
140.937897 -96.9209976 0.0974999964
140.902847 -96.7285004 0.262400001
140.8228 -96.526001 0.228200004
140.872299 -96.1343002 0.1087
140.980804 -95.9589996 0.0176999997
140.846802 -95.6629028 0.944000006
140.932098 -95.7053986 1.00129998
140.810898 -95.3067474 0.0363499969
140.889694 -95.0830002 0.00230000005
140.963303 -94.8623962 -0.00039999999
140.880005 -94.7171478 -0.0454000011
140.899506 -94.3098526 -0.0424499996
140.824905 -94.1526031 -0.0265999995
140.942902 -93.9008026 -0.0308999997
140.969894 -93.6158981 -0.0357000008
140.929901 -93.5312042 -0.0666999966
140.872406 -93.342598 -0.0122999996
140.872803 -93.1876984 -0.100199997
140.972794 -92.5835037 -0.142299995
140.971497 -92.251297 -0.171000004
140.890594 -92.0018005 -0.166500002
140.931107 -91.9327011 -0.161850005
140.843948 -91.2397995 -0.178449988
140.993896 -90.8212967 -0.200499997
140.812302 -90.8759003 -0.184699997
140.854294 -90.7789001 -0.201000005
140.854294 -90.7251968 -0.198400006
140.950699 -90.314003 -0.207399994
140.985107 -90.1389008 -0.2148
140.806503 -89.8376999 -0.215700001
140.815506 -89.7433014 -0.211899996
140.898697 -89.2201996 -0.214300007
140.937027 -88.6896744 -0.248699993
140.914093 -88.799202 -0.1928
140.813507 -88.5875015 -0.225600004
140.864304 -88.4344025 -0.184300005
140.830307 -88.2164001 -0.190500006
140.900208 -87.6635971 -0.178100005
140.926498 -87.532402 -0.191599995
140.948502 -87.322403 -0.185000002
140.839905 -87.137001 -0.195700005
140.835693 -86.8464966 -0.0192000009
140.921692 -86.8194504 0.127399996
140.957199 -86.8235016 0.324900001
140.865601 -86.8015976 0.4648
140.993301 -86.8040009 0.708700001
140.938705 -86.7949982 0.333099991
140.895355 -86.7570496 0.564149976
140.910599 -86.7710571 0.873149991
140.920853 -86.7644501 1.09864998
140.873795 -86.7748032 1.26020002
140.959702 -86.7514343 1.53316665
140.915268 -86.7173691 1.69566667
140.871765 -86.7403183 1.92481995
140.878143 -86.7201309 2.13400006
140.899597 -83.8482971 3.72169995
140.866592 -83.8227005 5.56790018
140.892639 -83.8117523 5.70180035
140.902603 -83.8434982 6.07219982
140.833496 -83.8106995 13.7601995
140.855392 -83.7651978 3.93199992
140.901306 -83.6966019 4.08479977
140.899139 -83.6755371 4.3234334
140.950104 -83.684845 4.48990011
140.906555 -83.6959991 4.65180016
140.843597 -83.7123032 4.86929989
140.947418 -83.6713562 5.10680008
140.915802 -83.6853485 5.26270008
140.894531 -83.7057343 5.51463318
140.987305 -83.6941986 5.69640017
140.885193 -83.7751007 6.1415
140.930893 -83.7114029 6.3355999
140.975204 -83.7649002 6.40030003
140.882751 -83.6287537 7.65229988
140.9617 -83.677803 8.17860031
140.929123 -83.7298508 8.2669754
140.813705 -83.7761002 8.49890041
140.868195 -83.7006989 8.8810997
140.972794 -83.6364975 9.12979984
140.857697 -83.634903 9.47700024
140.867706 -83.620697 9.65170002
140.873901 -83.62043 9.90603352
140.810303 -83.6135025 10.0501003
140.885605 -83.6006012 10.3846998
140.835495 -83.6723022 11.1149998
140.865494 -83.7363968 11.5725002
140.978394 -83.7011032 11.6819
140.935501 -83.6137009 12.5697002
140.843796 -83.6585007 13.5824003
140.913803 -83.7257996 13.7941999
140.832504 -83.4138031 5.47809982
140.846497 -83.4956055 7.62759972
140.923996 -83.5838013 8.11130047
140.853302 -83.5552979 9.34039974
140.960205 -83.5439987 9.4630003
140.948807 -83.5158005 9.89239979
140.961899 -83.520401 10.3169498
140.819397 -83.5893021 10.5388002
140.908905 -83.5269012 10.6931
140.907501 -83.5481033 12.6863003
140.89447 -83.5169983 13.0686255
140.896362 -83.5301971 13.4286003
140.978195 -83.384201 5.44850016
140.994598 -83.3223038 13.3938999
140.910004 -83.3276978 13.5882998
140.931107 -82.8861008 10.9110003
140.991104 -82.6499023 15.0019999
140.843704 -82.5335999 10.7926998
140.964096 -82.4029999 13.3268995
140.888397 -82.4906006 14.7117004
140.902603 -82.4469986 14.9659996
140.914993 -82.4046021 16.4001007
140.939606 -82.3318024 10.6850004
140.872101 -82.2658997 15.6946001
140.974304 -82.2517014 16.1434002
140.879944 -82.2464447 16.3764496
140.894257 -82.2835999 16.4626007
141.0867 -99.5549011 0.210899994
141.021301 -97.7469025 0.156900004
141.199707 -97.2182999 0.159099996
141.020294 -97.060997 0.28459999
141.071396 -96.8354034 0.262100011
141.08429 -96.6739273 0.119199999
141.138947 -96.6966019 0.223749995
141.099854 -96.5735474 0.0744000003
141.098648 -96.3159027 0.0672999993
141.115631 -96.0660019 0.0461666659
141.094208 -95.7554016 0.941249967
141.17395 -95.4784546 0.043750003
141.1194 -94.8729019 -0.00289999996
141.170151 -94.0771027 -0.0430000015
141.082794 -93.5587006 -0.0568999983
141.11795 -93.1444016 -0.0656500012
141.028595 -92.5223007 -0.136700004
141.125931 -92.2591324 -0.140900001
141.012207 -91.9290009 -0.179700002
141.073456 -91.5101013 -0.172600001
141.106705 -91.2991257 -0.176500008
141.107056 -91.1340485 -0.207900003
141.089493 -90.8358994 -0.172199994
141.150894 -90.7804031 -0.137999997
141.075607 -90.3377991 -0.211600006
141.175797 -90.3800964 -0.184100002
141.174805 -90.1706009 -0.231800005
141.060364 -89.8557663 -0.219733343
141.1026 -89.7396545 -0.215000004
141.185806 -89.4412003 -0.199399993
141.080597 -89.2737656 -0.225433335
141.088898 -89.1116028 -0.226600006
141.1427 -88.9117966 -0.236399993
141.117096 -88.75383 -0.215366662
141.122742 -88.6949463 -0.146449998
141.056671 -88.5800323 -0.177599996
141.069305 -88.2613525 -0.183050007
141.109604 -88.1551971 -0.180999994
141.104904 -87.8666 -0.194100007
141.088013 -87.7451477 -0.203600004
141.178299 -87.7990036 -0.192300007
141.170105 -87.5798035 -0.226799995
141.057007 -87.4682999 -0.190200001
141.127106 -87.3298035 -0.228699997
141.162399 -87.1729965 -0.203199998
141.168198 -86.8199005 -0.150199994
141.11377 -86.810997 0.0823666677
141.077606 -86.7991028 0.0320999995
141.106705 -86.7673035 0.240600005
141.108337 -86.7706223 0.744260013
141.164474 -86.7425003 0.915199995
141.13205 -86.7582016 1.04445004
141.185394 -86.7145004 1.39579999
141.055328 -86.7483368 1.49730003
141.060501 -86.7298965 1.67680001
141.11615 -86.7134552 1.9303
141.080139 -86.7210693 2.1194334
141.030502 -86.685997 2.34719992
141.136795 -84.2870026 3.80599999
141.139694 -83.8141022 3.54080009
141.155304 -83.8097992 6.02110004
141.160995 -83.8162003 6.35349989
141.027603 -83.7464981 3.97919989
141.119095 -83.6473007 4.07859993
141.094696 -83.6832504 4.50239992
141.020401 -83.6825027 4.78739977
141.151306 -83.6947021 4.86859989
141.042053 -83.7041931 5.0541501
141.136154 -83.6864777 5.46724987
141.177597 -83.7777023 5.91529989
141.053802 -83.7677994 6.06505013
141.058044 -83.7739487 6.31274986
141.0242 -83.7801971 6.5468998
141.034805 -83.6545486 7.7965498
141.124237 -83.6965408 8.28005981
141.071655 -83.7198029 8.51519966
141.071045 -83.6994019 8.6888504
141.152695 -83.7386017 9.06970024
141.15625 -83.6911926 9.25990009
141.057999 -83.6069031 10.3706999
141.08815 -83.6298981 10.8779001
141.045502 -83.6256561 11.0483999
141.009201 -83.7686996 11.2292995
141.0439 -83.6987 11.4000998
141.060699 -83.6221008 11.6683998
141.014999 -83.652298 13.5218
141.132797 -83.7685013 13.6473999
141.048645 -83.7314453 13.8850498
141.128372 -83.4857025 5.44086647
141.137497 -83.5866013 9.33679962
141.089752 -83.5729523 10.2591
141.143402 -83.5606003 10.4572001
141.118851 -83.4615479 10.8896503
141.162201 -83.5743027 12.9345999
141.088348 -83.4143982 13.3050003
141.083099 -83.5335541 13.4367504
141.101303 -83.2251968 5.45830011
141.082108 -82.8775024 10.8573999
141.166306 -82.7446976 10.8465004
141.091904 -82.4425964 10.7131004
141.100998 -82.5261002 15.1176996
141.122406 -82.4868469 16.5036163
141.085205 -82.2813492 16.3803997
141.017807 -82.2220993 16.4069004
141.100601 -82.092598 15.6949997
141.035446 -82.156601 15.9520502
141.097198 -82.0223007 16.1931992
141.071304 -82.1929016 16.3402996
141.379501 -98.0483017 0.179800004
141.357101 -97.9250031 0.148999989
141.205505 -97.0276031 0.147200003
141.258194 -96.9718018 0.325899988
141.254807 -96.7086334 0.131099999
141.238403 -96.6199036 0.31099999
141.382401 -96.2570038 0.0961999968
141.266693 -95.9522018 0.0136000002
141.263306 -95.8087006 0.949899971
141.214905 -95.6489029 0.0535999984
141.286606 -95.7902985 0.985800028
141.26535 -95.4569473 0.0362500027
141.292206 -95.2161026 0.0210999995
141.3862 -95.0619965 -0.00499999989
141.275406 -94.9196014 0.0200999994
141.261002 -94.7221985 0.00549999997
141.394302 -93.9791031 -0.0346999988
141.253693 -93.7285995 -0.0406000018
141.301102 -93.4250031 -0.0649999976
141.346207 -93.3833008 -0.0791999996
141.317993 -93.1463013 -0.0782999992
141.291 -92.9036026 -0.0772999972
141.284698 -92.6811752 -0.138300002
141.24469 -92.2796021 -0.122950003
141.224396 -92.0002975 -0.182899997
141.275635 -91.8763657 -0.168733329
141.223495 -91.7443008 -0.2095
141.334442 -91.4534988 -0.169733331
141.309204 -91.1638031 -0.186000004
141.255402 -90.9197998 -0.189999998
141.226898 -90.6697006 -0.191100001
141.399002 -90.4013977 -0.201399997
141.321701 -90.4563446 -0.196550012
141.329895 -90.2209015 -0.200900003
141.2453 -90.3497009 -0.182600006
141.202805 -89.9141006 -0.215499997
141.32666 -89.8673553 -0.193899989
141.269196 -89.3787994 -0.214300007
141.379807 -89.2755966 -0.193299994
141.214539 -88.8368988 -0.288850009
141.292145 -88.7789993 -0.237350002
141.272293 -88.6634979 -0.166199997
141.318237 -88.4517517 -0.159299999
141.219299 -88.3392029 -0.207200006
141.353104 -88.2967987 -0.179499999
141.301102 -87.9217987 -0.1928
141.246506 -87.4340973 -0.2086
141.31163 -87.3203354 -0.209766671
141.298599 -87.183403 -0.0688000023
141.289902 -86.8730011 -0.209999993
141.291473 -86.8114319 -0.133200005
141.361298 -86.8118973 0.136199996
141.24411 -86.7472992 0.313199997
141.3405 -86.7401962 0.696799994
141.294006 -86.7399368 0.871699989
141.386398 -86.7510986 1.19949996
141.295349 -86.7379761 1.30887508
141.293793 -86.7412033 1.66004992
141.278168 -86.7100983 1.9392333
141.310226 -86.6889343 2.05900002
141.294693 -84.2225037 3.42740011
141.287949 -84.2718506 3.69359994
141.368256 -84.2607498 5.88140011
141.366333 -84.2546005 6.07929993
141.338501 -84.2914963 6.2894001
141.340164 -84.2757339 6.44853354
141.379791 -84.1214447 3.64209986
141.316391 -84.0802994 5.93536663
141.320404 -84.1802979 6.18340015
141.291107 -84.1303482 6.32562494
141.25975 -84.1572495 6.49635029
141.380493 -83.8085022 5.59919977
141.243149 -83.8482971 5.7874999
141.264893 -83.8524017 5.9526
141.245102 -83.8282471 6.10629988
141.218704 -83.8050995 6.60979986
141.384506 -83.8201981 13.7217999
141.314697 -83.6119003 4.27880001
141.297897 -83.6420975 4.74909973
141.353302 -83.713501 4.99989986
141.225998 -83.6231995 5.21649981
141.328644 -83.7326813 5.53060007
141.291901 -83.7681503 5.71535015
141.207596 -83.785202 6.05189991
141.279297 -83.6638031 7.00649977
141.3311 -83.6333008 7.36549997
141.268997 -83.6873016 7.52279997
141.321548 -83.6268005 7.7572999
141.340897 -83.6750946 8.15159988
141.299561 -83.7261047 8.28045082
141.30455 -83.7437973 8.53530025
141.270294 -83.7251968 8.77320004
141.294998 -83.6958008 8.91800022
141.317795 -83.7108994 9.06704998
141.313553 -83.6495056 9.7507
141.385406 -83.6140976 9.80760002
141.346344 -83.6638031 10.3731003
141.324005 -83.6183014 10.9575005
141.321045 -83.7170029 11.31355
141.297974 -83.6626358 13.5229998
141.2565 -83.7082977 13.7086
141.216507 -83.7220993 13.8183002
141.338806 -83.5894012 4.82429981
141.381607 -83.5742035 7.41029978
141.315948 -83.5783997 8.10865021
141.317993 -83.5863037 9.7968998
141.268799 -83.5021973 10.2999992
141.361694 -83.5875015 10.4342003
141.291168 -83.4925995 10.8522997
141.256149 -83.4526978 12.9521999
141.220001 -83.5114975 13.0416002
141.254593 -83.4272995 13.2894001
141.306793 -83.4642029 13.4752502
141.315506 -83.3227997 4.35960007
141.334396 -83.3612976 4.76009989
141.381699 -83.3961029 5.39139986
141.312805 -83.351799 5.50579977
141.216507 -83.2121964 13.4256001
141.342606 -83.1745987 4.61299992
141.255798 -82.8916016 5.45090008
141.385101 -82.7105026 10.8289003
141.320602 -82.7615967 13.5095997
141.381195 -82.5124969 5.34299994
141.276398 -82.5014343 13.4596672
141.331696 -82.4504013 14.7581997
141.322906 -82.4819031 16.5301991
141.286346 -82.2458038 15.6437492
141.219498 -82.3396988 16.4633007
141.237106 -81.992897 16.1555004
141.481247 -98.1174011 0.102949999
141.476807 -97.9884033 0.142399997
141.482407 -97.2085037 0.360700011
141.508194 -97.2118988 0.493099988
141.544556 -97.0765533 0.314549983
141.597107 -97.0754013 0.453999996
141.439194 -96.9354019 0.185100004
141.534546 -96.9514465 0.248099998
141.414093 -96.1116028 0.00590000022
141.493698 -95.9532013 0.0403000005
141.487793 -95.8831482 0.956449986
141.588593 -95.7699966 0.0355000012
141.413803 -95.4801025 0.0178999994
141.516998 -95.2334976 0.00910000037
141.466293 -95.0607986 -0.00270000007
141.472153 -94.9873505 0.0163000003
141.472794 -94.5617981 -0.0463000014
141.427307 -94.3143005 -0.0255999994
141.462677 -93.8906631 -0.0468666665
141.420807 -93.5766983 -0.0366999991
141.518204 -93.3110962 -0.0603500009
141.509399 -93.0712967 -0.101099998
141.541138 -92.8873367 -0.117700003
141.458206 -92.5582962 -0.171200007
141.523102 -92.2594986 -0.152199998
141.515656 -91.8245544 -0.182950005
141.580795 -91.5680008 -0.159299999
141.484146 -91.3100433 -0.178849995
141.515808 -90.9693451 -0.211950004
141.500427 -90.8836975 -0.186233327
141.543839 -90.4647675 -0.208566666
141.525497 -90.1048965 -0.201100007
141.548706 -89.8161011 -0.216499999
141.5681 -89.4637985 -0.222000003
141.49231 -89.3427505 -0.217449993
141.504196 -89.2471008 -0.157199994
141.502808 -89.0270004 -0.286599994
141.476166 -88.9197235 -0.226150006
141.497803 -88.9268646 -0.165766671
141.422806 -88.4798965 -0.187800005
141.454468 -88.3171692 -0.165399998
141.546494 -87.8087997 -0.224099994
141.482239 -87.4910355 -0.182533339
141.477203 -87.2879028 -0.215499997
141.568207 -86.8434982 -0.206599995
141.49614 -86.7578354 0.100299999
141.526398 -86.7819977 0.200900003
141.555496 -86.7317963 0.575500011
141.539948 -86.7325516 0.947250009
141.418503 -86.7371979 1.26629996
141.509949 -86.6995468 1.45650005
141.507797 -86.6894989 1.69519997
141.491898 -86.706398 1.90859997
141.534332 -86.6971512 2.14575005
141.52359 -84.247345 3.73099995
141.522797 -84.3080978 5.98896646
141.486694 -84.2642975 6.35550022
141.518799 -84.2926025 6.46089983
141.569 -84.251297 8.53680038
141.487106 -84.2814026 8.78789997
141.585495 -84.2237015 8.85459995
141.566101 -84.2052994 9.03989983
141.400101 -84.1564026 3.71700001
141.488739 -84.1655502 5.91425037
141.452805 -84.1911011 6.11810017
141.452103 -84.1208496 6.34350014
141.511993 -84.1961975 6.4211998
141.492752 -83.898056 5.74769974
141.533951 -83.8928757 5.88770008
141.477051 -83.9094009 8.96920013
141.468307 -83.6707993 4.32320023
141.524643 -83.6723785 4.69271994
141.532104 -83.6749268 4.85322475
141.443268 -83.7232742 5.49364996
141.552597 -83.7322998 5.97800016
141.526489 -83.6965332 8.32561684
141.461334 -83.7472687 8.64566612
141.501404 -83.7397995 8.98550034
141.423492 -83.6046982 10.4568996
141.509003 -83.6257019 10.9640999
141.453751 -83.6688538 11.0963497
141.563995 -83.6780014 11.4686003
141.452301 -83.6764984 11.6641998
141.466599 -83.6911011 11.8129997
141.465897 -83.7175369 13.7171335
141.4767 -83.5322037 4.85680008
141.413788 -83.5007935 5.46259975
141.504608 -83.5376511 8.06295013
141.4617 -83.4922943 10.17945
141.508057 -83.5088043 10.2878494
141.503403 -83.58535 10.4914999
141.461899 -83.4827957 10.7381334
141.488937 -83.5231628 10.8982334
141.486496 -83.4729004 12.0644999
141.500351 -83.5302505 12.3067493
141.460007 -83.5127029 12.5972996
141.4245 -83.4701996 12.6450996
141.505798 -83.4832687 12.9031
141.511703 -83.4919968 13.2278004
141.447006 -83.4425964 13.4229002
141.434296 -83.2164993 5.47134972
141.430496 -83.3798981 12.0861998
141.581299 -83.1843033 5.46080017
141.565506 -83.1847 10.7735004
141.5849 -82.8448029 5.39039993
141.423599 -82.8727036 5.43949986
141.428497 -82.8386002 10.8129997
141.585495 -82.8471985 13.5028
141.533295 -82.7231979 10.776
141.496078 -82.7072525 13.4900246
141.530701 -82.4185028 13.3572998
141.506805 -82.563797 13.5740004
141.492706 -82.4840012 16.4803009
141.498871 -82.3822021 16.4734993
141.447495 -82.1662979 15.7735996
141.487106 -82.0178986 15.9212999
141.601395 -97.7558975 0.0808999985
141.736099 -97.5867996 0.104999997
141.654694 -97.4200974 0.220699996
141.684601 -97.3659973 0.262499988
141.717438 -97.0627289 0.324366659
141.705032 -96.947525 0.115374997
141.711838 -96.9554672 0.254900008
141.762604 -96.4805984 0.0772999972
141.6745 -96.1955032 0.0772999972
141.760101 -95.802803 0.0515000001
141.750504 -95.9602509 0.926699996
141.753998 -95.6414032 0.0284000002
141.664703 -95.2093964 0.0116999997
141.686005 -95.1229019 -0.0183000006
141.761093 -94.8332977 -0.0162000004
141.600693 -94.7171021 0.0119000003
141.663803 -94.5400009 -0.00400000019
141.709702 -94.1000977 -0.0245500002
141.613907 -93.907402 -0.0243999995
141.699005 -93.4749985 -0.0763000026
141.717346 -93.3559494 -0.0621000007
141.707748 -93.0242996 -0.104550004
141.68045 -92.908226 -0.134550005
141.614105 -92.4197006 -0.139300004
141.705658 -92.3694 -0.153750002
141.738968 -92.0681992 -0.170866668
141.681061 -91.6134033 -0.157200009
141.744659 -91.5471039 -0.186250001
141.772598 -91.2013016 -0.163399994
141.688004 -91.0108032 -0.186800003
141.761002 -90.8125992 -0.218199998
141.740906 -90.8942032 -0.186399996
141.660904 -90.606102 -0.182999998
141.638107 -90.3335037 -0.229900002
141.631699 -90.2508011 -0.198599994
141.756195 -90.0021973 -0.205200002
141.700806 -89.8656464 -0.2227
141.767502 -89.6032028 -0.229300007
141.661301 -89.6007996 -0.192499995
141.773499 -89.5083466 -0.223299995
141.756607 -89.0959015 -0.224099994
141.710663 -88.9460373 -0.168333337
141.659943 -88.4879456 -0.168300003
141.777496 -87.8424988 -0.200599998
141.680206 -87.5568008 -0.241899997
141.626297 -87.4994965 -0.1884
141.708862 -87.3533936 -0.20539999
141.672699 -86.8263016 -0.199699998
141.644302 -86.7945023 -0.281399995
141.695648 -86.7873535 -0.0798000023
141.750793 -86.7298965 0.306499988
141.697144 -86.7500687 0.477200001
141.722443 -86.7440033 0.674849987
141.727249 -86.7290497 1.36415005
141.757095 -86.7005005 1.51639998
141.786606 -86.7037964 1.68239999
141.718307 -86.7031021 1.91279995
141.714996 -86.7034988 2.17334986
141.606262 -84.2612457 3.31395006
141.727814 -84.2990036 3.52172494
141.674698 -84.2472534 5.92549992
141.654236 -84.2983017 6.18249989
141.687103 -84.2667007 6.33039999
141.717102 -84.2769012 6.41590023
141.663101 -84.2444992 8.54430008
141.653 -84.2136993 8.74950027
141.745605 -84.213501 9.18480015
141.690094 -84.2166977 9.22290039
141.689224 -84.0862961 5.88219976
141.692001 -84.1772995 6.21920013
141.703171 -84.1452179 8.7322998
141.684097 -84.1329956 8.9053669
141.636795 -84.1939011 9.36439991
141.673737 -83.8296509 5.76169968
141.639893 -83.8195038 5.83120012
141.718506 -83.854599 6.09919977
141.673096 -83.8780975 8.39869976
141.693298 -83.934906 8.59149933
141.756775 -83.9222031 8.64019966
141.639099 -83.6272964 4.38079977
141.664505 -83.6557999 4.48519993
141.648605 -83.6015015 4.6097002
141.691223 -83.6480408 4.94744015
141.66925 -83.6231537 5.36654997
141.70694 -83.7432022 5.52443314
141.751099 -83.7695007 5.68599987
141.714493 -83.7733002 5.90869999
141.633896 -83.6575012 8.1882
141.633499 -83.7013474 8.29314995
141.728653 -83.683197 8.53675079
141.718903 -83.6325989 10.5304003
141.678238 -83.6646652 11.2962332
141.718704 -83.6128006 13.474
141.794205 -83.7373962 13.7896996
141.771805 -83.5522995 4.4453001
141.75769 -83.5708466 4.87150002
141.676498 -83.48703 5.46063328
141.704147 -83.5270767 10.483325
141.710007 -83.4778976 10.7708664
141.695557 -83.5505981 10.87185
141.606293 -83.5887985 11.7474003
141.651306 -83.4960022 13.3437004
141.719406 -83.441803 13.4886999
141.719238 -83.2519531 5.42465019
141.7052 -83.3363495 10.7733002
141.610107 -83.2665024 13.4660997
141.709808 -83.0648956 5.46850014
141.690308 -83.1082001 10.8093996
141.716599 -82.8977966 5.32889986
141.7435 -82.9141006 10.7377996
141.763596 -82.9406967 13.4914999
141.710999 -82.7488022 5.40700006
141.619705 -82.7089996 13.4764996
141.657303 -82.4925995 13.5258999
141.613007 -82.4900513 16.5014992
141.648605 -82.2545013 15.9179001
141.733002 -82.3524933 16.3337002
141.796402 -82.2496033 16.4081001
141.692307 -82.0018005 15.4692001
141.775604 -82.1981964 16.0049992
141.70401 -82.1600952 16.2350006
141.901703 -98.2835999 0.238100007
141.986206 -97.2070999 -0.00850000046
141.979202 -97.2443008 0.201399997
141.975403 -97.3755035 0.443399996
141.910156 -97.0578003 0.142650008
141.914551 -97.15345 0.249799997
141.934692 -97.1882019 0.519599974
141.862793 -96.9913025 0.0482000001
141.977997 -96.7767029 0.0776999965
141.940903 -96.2736969 0.0738999993
141.918137 -96.0764999 0.0598333329
141.886734 -96.0342026 0.969633341
141.961395 -95.7742004 0.0502000004
141.824203 -95.405098 0.000199999995
141.880203 -95.3953018 0.0496000014
141.901901 -94.7314987 -0.0196000002
141.951508 -94.7310028 0.0111999996
141.841095 -94.4934998 -0.0348999985
141.899048 -94.1076508 -0.0436500013
141.908371 -93.8843002 -0.0571333319
141.963196 -93.1266022 -0.126599997
141.917999 -92.9961014 -0.130700007
141.86615 -92.451004 -0.171200007
141.919205 -92.3630981 -0.119999997
141.949707 -91.9637985 -0.213499993
141.869507 -91.8992004 -0.154500008
141.855499 -91.6513062 -0.169249997
141.888855 -91.0426025 -0.201350003
141.933105 -91.199501 -0.173099995
141.937607 -90.6587982 -0.206799999
141.940796 -90.7539978 -0.168099999
141.9478 -90.0222473 -0.206900001
141.859406 -89.9375 -0.215399995
141.956299 -89.9328003 -0.180000007
141.891647 -89.5525513 -0.222450003
141.907257 -89.2771988 -0.225800008
141.977997 -89.2217026 -0.197400004
141.875107 -89.1526031 -0.226199999
141.924072 -89.0976715 -0.181274995
141.8246 -88.7839966 -0.195099995
141.93866 -88.4454956 -0.188199997
141.84256 -88.2479553 -0.208949998
141.853394 -87.9798508 -0.177949995
141.897644 -87.4388428 -0.221300006
141.9646 -86.9108963 -0.249300003
141.854004 -86.8302002 -0.128999993
141.974503 -86.7397995 -0.0751999989
141.881256 -86.7521973 0.14684999
141.920029 -86.7468262 0.284924984
141.955353 -86.7553024 0.531100035
141.893448 -86.7243958 0.735949993
141.896896 -86.712471 0.942333341
141.930695 -86.7004547 1.08165002
141.900497 -86.6662979 1.24940002
141.932999 -86.680954 1.51699996
141.930206 -86.6849976 1.74269998
141.913376 -86.6672745 1.84987497
141.922546 -86.6720047 2.10008001
141.92926 -84.3054504 3.50335002
141.942993 -84.2046967 5.93580008
141.876236 -84.2169647 6.09100008
141.917862 -84.2370682 6.27526665
141.872101 -84.2148972 6.49860001
141.996994 -84.2171021 7.97559977
141.891098 -84.3134003 8.22049999
141.902451 -84.2270508 8.91889954
141.854294 -84.2115021 9.11460018
141.926895 -84.1930008 3.21440005
141.908508 -84.1196365 5.89773321
141.887299 -84.1980972 6.06899977
141.964249 -84.1425018 8.47014999
141.972534 -84.1568756 8.70839977
141.828293 -84.1575012 8.88059998
141.922607 -84.1842499 9.12205029
141.990555 -84.1820526 9.20355034
141.917297 -83.8532562 5.77645016
141.868301 -83.8581619 5.81963348
141.981094 -83.9487 8.5777998
141.877136 -83.9211655 8.64869976
141.909988 -83.6399994 4.95993328
141.906143 -83.6669235 5.03647518
141.929398 -83.617897 5.37290001
141.904404 -83.6997681 5.45956659
141.879471 -83.7411652 5.71643353
141.968201 -83.7330017 5.86689997
141.822998 -83.6578979 6.06519985
141.892242 -83.6479492 8.14039993
141.890808 -83.6716995 8.29375076
141.910294 -83.6559982 8.41969967
141.968399 -83.6212006 10.8997002
141.822403 -83.6544037 11.6870003
141.929993 -83.648201 11.8813
141.873505 -83.6589966 13.7084503
141.862244 -83.6880493 13.8772507
141.887329 -83.5274963 4.87529993
141.890747 -83.5401459 5.35620022
141.940201 -83.594902 5.53289986
141.8815 -83.564003 8.09860039
141.839844 -83.4568481 9.68230057
141.903503 -83.4553528 10.2924004
141.916901 -83.5216522 10.4698668
141.817795 -83.4562988 10.7632999
141.863754 -83.5023041 10.8529501
141.893005 -83.5235977 11.0384998
141.920898 -83.5199966 12.9963999
141.948395 -83.5138016 13.0630999
141.895203 -83.504303 13.3032503
141.949097 -83.5148697 13.4735336
141.933304 -83.2037964 5.38549995
141.918243 -83.292099 5.44737482
141.877304 -83.2802963 13.4694004
141.826706 -82.957901 5.40700006
141.880798 -82.6473999 13.4889002
141.817001 -82.4520035 13.5200996
141.840897 -82.414299 14.5909004
141.932648 -82.5091476 14.9169006
141.949402 -82.5484009 15.0808001
141.942047 -82.2136536 16.3302498
141.977997 -82.2977982 16.4214993
141.965897 -82.0970993 16.0907993
141.891098 -82.1329346 16.3466339
142.130493 -98.4804001 0.204400003
142.178207 -98.2832031 0.113899998
142.134399 -97.4093018 0.386400014
142.149307 -97.2501984 0.180000007
142.078156 -97.25 0.359750003
142.084961 -97.3022003 0.532050014
142.077896 -97.2674026 0.638100028
142.08551 -97.1256485 0.129950002
142.116745 -97.1579971 0.271400005
142.116699 -97.1368027 0.409999996
142.102829 -96.6906967 0.0812333301
142.010193 -96.5691986 0.0364000015
142.122299 -96.1185684 0.968533337
142.149399 -95.8466034 0.0601999983
142.020294 -95.7506027 0.0507999994
142.074097 -95.4433975 0.0483999997
142.108994 -95.2835007 0.0207000002
142.060547 -94.9263 -0.020299999
142.179703 -94.740097 -0.00680000009
142.042496 -94.4271011 -0.0201999992
142.145355 -94.3602448 -0.029550001
142.165543 -93.6688309 -0.0645000041
142.045593 -93.2106018 -0.134200007
142.058105 -92.8671036 -0.141200006
142.108795 -92.5991974 -0.159899995
142.070496 -92.3383026 -0.164049998
142.183105 -92.1414032 -0.188899994
142.173309 -91.9120026 -0.175300002
142.123398 -91.6355972 -0.184599996
142.151138 -91.517067 -0.182433337
142.061539 -91.3835678 -0.183766663
142.17099 -91.094101 -0.18720001
142.103195 -90.9408035 -0.200499997
142.018539 -90.9399643 -0.160899997
142.084595 -90.6818008 -0.180299997
142.073212 -90.5021973 -0.184799999
142.110596 -90.3167038 -0.170699999
142.088303 -89.5731964 -0.210299999
142.081543 -89.2321472 -0.207900003
142.169601 -89.3029022 -0.192900002
142.013397 -88.9488983 -0.175999999
142.017197 -88.447403 -0.175899997
142.026505 -88.3749008 -0.218600005
142.130905 -88.2818985 -0.178800002
142.1931 -88.1931992 -0.222800002
142.011795 -88.1701965 -0.158600003
142.042603 -87.9243011 -0.199499995
142.103699 -87.7410965 -0.227200001
142.036407 -87.5014038 -0.196899995
142.145996 -87.0655975 -0.215599999
142.040695 -86.9316025 -0.207399994
142.037201 -86.8420029 -0.179900005
142.143494 -86.7659988 -0.135600001
142.104599 -86.7326965 0.155400008
142.146973 -86.698967 0.282733351
142.093536 -86.7082062 0.482050002
142.098724 -86.6872406 0.668760002
142.104904 -86.6853638 0.867299974
142.08667 -86.7091064 1.08169997
142.082306 -86.6942673 1.32969999
142.135895 -86.6734009 1.59539998
142.144302 -86.6746063 1.67554998
142.085693 -86.6278992 1.90690005
142.134796 -86.6391373 2.03043342
142.035995 -85.7317963 -0.966899991
142.0103 -84.2754974 6.41450024
142.028702 -84.280098 7.88479996
142.035049 -84.1349487 5.92584991
142.063004 -84.1249008 6.14914989
142.103806 -84.120903 6.34499979
142.126099 -84.0861969 6.49225044
142.077347 -84.109375 8.71621418
142.085571 -84.1079712 8.87739944
142.145599 -84.1479034 9.01739979
142.190994 -84.1125031 9.30259991
142.181305 -83.8054962 3.55900002
142.162003 -83.832901 3.87170005
142.12851 -83.9113464 6.11189985
142.071304 -83.8946991 8.67889977
142.146194 -83.8779984 8.85885048
142.1315 -83.9858017 9.09519958
142.116302 -83.8374023 13.6465998
142.1427 -83.7932968 3.46510005
142.193405 -83.663002 4.12610006
142.177094 -83.6351013 4.38479996
142.126328 -83.6386032 4.91823339
142.056 -83.6418991 5.01000023
142.123901 -83.6603012 5.3453002
142.078995 -83.7156754 5.49830008
142.184097 -83.6567993 5.69010019
142.168198 -83.7722015 5.9689002
142.112305 -83.7228012 6.53399992
142.113495 -83.6928329 8.31266689
142.119965 -83.6504974 8.50103283
142.102905 -83.6980972 8.72280025
142.169907 -83.7593994 8.85949993
142.013794 -83.6248016 10.8642998
142.136398 -83.665802 11.4182997
142.063202 -83.6473541 11.9349003
142.048904 -83.6837006 13.5977001
142.100998 -83.6800003 13.6854334
142.199295 -83.5121002 4.65040016
142.107498 -83.5966034 4.95370007
142.026505 -83.5394974 5.27740002
142.109695 -83.5407562 8.09284973
142.192902 -83.5765991 8.7809
142.033707 -83.4384995 10.3919001
142.121582 -83.5157471 10.4989996
142.110199 -83.4785995 10.7699003
142.056732 -83.5491333 10.8693666
142.091995 -83.4830017 13.1015997
142.144196 -83.4976501 13.2893
142.057465 -83.5497971 13.5361252
142.117493 -83.5748978 13.6187
142.164444 -83.2478027 5.40904999
142.173904 -83.1855011 5.42530012
142.100098 -83.1948013 13.3505001
142.007004 -82.9760971 10.7588997
142.0849 -82.9098969 13.4785004
142.156998 -82.4805527 7.67374992
142.097504 -82.4236984 14.5396996
142.067307 -82.4465027 14.7614002
142.001007 -82.5792007 15.0922003
142.103394 -82.4793549 16.54175
142.063599 -82.2639008 16.4701004
142.007004 -81.9529037 16.3647995
142.281296 -98.4849014 0.20555
142.289398 -97.2626495 0.161150008
142.292236 -97.2612305 0.301800013
142.238007 -96.7345963 0.0683000013
142.293701 -96.0883026 0.0562000014
142.258102 -96.1620026 0.97420001
142.317596 -95.6324463 0.0146500003
142.236404 -95.5547028 0.0388000011
142.319504 -94.9001007 -0.00200000009
142.206696 -94.8912964 0.0231999997
142.252029 -94.484436 -0.0228333324
142.360001 -94.4655991 0.0732999966
142.214401 -94.2132034 -0.0362000018
142.294098 -93.7649002 -0.0599999987
142.390305 -93.3085022 -0.117600001
142.300797 -93.1521988 -0.162699997
142.329559 -92.7114639 -0.17006667
142.220505 -92.1600037 -0.174600005
142.318848 -91.9578018 -0.1708
142.340103 -91.6159973 -0.182300001
142.269608 -91.3170013 -0.156200007
142.2854 -90.9284973 -0.167999998
142.254654 -90.6271973 -0.179650009
142.278198 -90.1305313 -0.210633337
142.330902 -89.7031555 -0.222800002
142.318924 -89.5545654 -0.205966666
142.310928 -89.5337372 -0.191
142.219803 -89.387001 -0.248699993
142.2957 -89.3315353 -0.170733333
142.313507 -89.0384979 -0.166800007
142.354202 -88.8451996 -0.182999998
142.245697 -88.6826019 -0.171499997
142.250198 -87.4011002 -0.205699995
142.378952 -87.0382538 -0.219850004
142.337601 -86.8074036 -0.216000006
142.361954 -86.7334442 -0.129099995
142.275604 -86.7480011 0.0143999998
142.328461 -86.7221222 0.27632001
142.318604 -86.6886978 0.569100022
142.378006 -86.7078018 0.621599972
142.258163 -86.6772003 0.893966675
142.36293 -86.6886292 1.09990001
142.346848 -86.6492767 1.32999992
142.285675 -86.655777 1.44770002
142.393402 -86.6501999 1.65240002
142.280792 -86.6233673 2.07406664
142.297806 -86.5700989 1.92429996
142.204193 -86.5939026 2.13849998
142.347397 -84.0231018 6.18279982
142.223602 -84.0240021 9.12279987
142.212997 -83.9089966 6.13880014
142.249207 -83.8018036 6.51760006
142.239105 -83.9616013 9.00249958
142.251801 -83.7966003 3.5934
142.322693 -83.6345978 4.33010006
142.278503 -83.675354 4.47354984
142.285843 -83.6715012 4.71729994
142.292496 -83.6192017 4.87849998
142.333893 -83.634964 5.08373356
142.313919 -83.6345978 5.24767494
142.29657 -83.7504959 5.5121665
142.323105 -83.6873016 5.74593353
142.364395 -83.7148972 5.85529995
142.299652 -83.7172012 6.13240004
142.270493 -83.7536011 6.2013998
142.355957 -83.646698 6.53005028
142.343903 -83.6071014 6.76219988
142.343903 -83.6380997 6.89300013
142.306763 -83.6539459 7.15439987
142.376007 -83.6176987 7.50159979
142.271103 -83.6997986 7.66820002
142.323502 -83.6882019 7.95240021
142.349197 -83.6530991 8.19769955
142.309097 -83.6545029 8.26790047
142.318832 -83.6699295 8.52203274
142.293732 -83.6837311 8.70619965
142.291031 -83.6583328 8.86806679
142.325699 -83.6903992 9.29800034
142.309204 -83.6428986 9.99989986
142.2892 -83.6050034 10.4820995
142.283096 -83.6240005 11.0440998
142.261002 -83.6653976 11.8827
142.346497 -83.6772995 13.5241003
142.328094 -83.6579971 13.7285004
142.249756 -83.5901947 4.49104977
142.211502 -83.5489502 4.89630032
142.255905 -83.5764008 5.22770023
142.312027 -83.527298 5.45043325
142.377899 -83.5546036 6.9282999
142.360504 -83.5791016 7.04920006
142.373703 -83.5449982 7.31330013
142.340195 -83.5871964 8.37720013
142.384003 -83.4553986 9.97189999
142.318024 -83.5096283 10.3428001
142.278397 -83.4449997 10.7526999
142.309464 -83.5327682 10.877367
142.372452 -83.5054016 12.2591
142.378403 -83.5755997 12.5858002
142.397293 -83.5202026 12.6216002
142.303238 -83.5230331 13.4714661
142.307693 -83.5673981 13.6128998
142.247803 -83.3831024 5.42280006
142.237503 -83.2871017 12.8241997
142.354294 -83.3915024 13.4055996
142.330795 -83.0670013 13.4582996
142.387802 -82.9602966 10.7516003
142.382996 -82.6136017 5.34490013
142.391495 -82.5730972 4.82280016
142.321304 -82.4750977 6.77390003
142.3815 -82.4629974 6.87669992
142.258789 -82.4773026 7.12225008
142.251205 -82.4904022 7.42080021
142.362595 -82.4505005 7.75820017
142.393906 -82.4998016 9.75080013
142.312103 -82.4431992 9.94610023
142.331696 -82.5874023 10.0511999
142.381699 -82.5593033 10.5202999
142.339203 -82.5563965 10.8195
142.379044 -82.4512939 12.69485
142.368607 -82.4289017 14.3283005
142.337006 -82.4525986 14.6969004
142.288666 -82.5144348 14.9087
142.306305 -82.5656967 16.5632992
142.360596 -82.357399 9.49279976
142.357834 -82.2703705 16.304266
142.382996 -82.0737 15.7479
142.274445 -82.1418457 16.1808014
142.397903 -82.1159973 16.4097996
142.292297 -81.5064011 16.1170998
142.306396 -81.2436981 16.1257992
142.476501 -97.4188995 0.263999999
142.494568 -97.3001556 0.287124991
142.538605 -96.3227005 0.0626000017
142.502747 -96.2532043 0.968999982
142.5914 -96.2254028 1.00689995
142.517105 -95.9501038 0.0306000002
142.456299 -95.6705017 0.0381999984
142.570297 -95.4977036 0.0197000001
142.439209 -95.2678528 0.0274500009
142.473907 -95.0457001 -0.00209999993
142.545593 -94.8228989 0.050999999
142.483398 -94.5220032 0.0133999996
142.471252 -94.3776474 -0.0147500001
142.469467 -94.053299 -0.0614
142.505798 -93.8840637 -0.0553000011
142.548004 -93.7164993 -0.0859000012
142.402405 -93.3552017 -0.0991000012
142.514801 -92.8513031 -0.161699995
142.576645 -92.6239471 -0.156849995
142.513504 -92.5239334 -0.157433331
142.533493 -92.2713013 -0.186800003
142.494675 -92.1084366 -0.154899999
142.496353 -91.9736023 -0.151349992
142.581894 -91.6400986 -0.1708
142.510498 -91.5964966 -0.191499993
142.564148 -91.2030029 -0.176300004
142.488602 -91.1037292 -0.187600002
142.545395 -90.9693985 -0.169950008
142.521057 -90.6808472 -0.207150012
142.556641 -90.7023468 -0.193849996
142.4599 -90.5085983 -0.171000004
142.522003 -90.3239975 -0.211500004
142.535507 -90.3439026 -0.182400003
142.507401 -90.0643005 -0.215299994
142.594452 -89.7535553 -0.216049999
142.558395 -89.5486984 -0.201000005
142.543198 -89.449501 -0.163699999
142.445801 -89.2818756 -0.117125005
142.488998 -89.1828003 -0.194999993
142.47905 -88.9313965 -0.173600003
142.513794 -88.3041992 -0.213100001
142.482697 -88.3741989 -0.169499993
142.553497 -88.1156464 -0.194749996
142.449005 -87.936203 -0.244800001
142.491898 -87.9064026 -0.176400006
142.519302 -87.7077484 -0.24454999
142.523102 -87.7646027 -0.187000006
142.48761 -87.3708038 -0.173150003
142.433899 -86.8972015 -0.242799997
142.525604 -86.7449036 -0.0318000019
142.454742 -86.7353363 0.101166666
142.490601 -86.721199 0.310566664
142.468704 -86.6823349 0.488966674
142.597702 -86.6897964 0.768999994
142.518097 -86.6847534 0.901000023
142.490128 -86.6767502 1.10409999
142.4039 -86.6771011 1.27590001
142.487717 -86.6448593 1.49355996
142.544128 -86.651268 1.70763338
142.514496 -86.6866455 1.90114999
142.506378 -86.6762009 2.09217501
142.5905 -86.5802002 2.05960011
142.511002 -83.8090973 3.38240004
142.463394 -83.821701 5.99730015
142.488876 -83.9065247 6.08505011
142.451096 -83.8246002 6.2505002
142.431396 -83.7786026 3.3664
142.431305 -83.6055984 4.16400003
142.455902 -83.6904449 5.46395016
142.439102 -83.7553024 5.77279997
142.4953 -83.7158279 5.90757513
142.440765 -83.7306366 6.09346676
142.502808 -83.7598495 6.25365019
142.514313 -83.6804047 6.50580025
142.462204 -83.6036987 8.0717001
142.545044 -83.6305008 8.24329948
142.556946 -83.6573486 8.53255081
142.5271 -83.6606979 8.62349987
142.495544 -83.6396027 9.06080055
142.473007 -83.6681976 9.40369987
142.455795 -83.6412964 10.1365004
142.570694 -83.6442032 11.3097
142.563293 -83.6315994 11.4424
142.548904 -83.6221008 11.7265997
142.419098 -83.6351013 11.8936005
142.487427 -83.6343689 13.5609999
142.538361 -83.6850662 13.6886997
142.4617 -83.4692993 4.65280008
142.427307 -83.5369034 4.9355998
142.465195 -83.5767975 5.52659988
142.5504 -83.5347977 5.90929985
142.558395 -83.5249023 6.55810022
142.414505 -83.4979019 6.94899988
142.434799 -83.5382996 7.10039997
142.461304 -83.5116653 7.30126667
142.431793 -83.5917969 7.66099977
142.422394 -83.5444031 7.88339996
142.503098 -83.5473785 8.13632488
142.595505 -83.5149002 8.47630024
142.595596 -83.535202 9.02779961
142.459808 -83.4983521 9.59549999
142.495941 -83.4990997 9.75664997
142.433197 -83.5704041 9.88549995
142.516098 -83.4729996 10.1505003
142.484375 -83.5034332 10.2816334
142.496872 -83.4863663 10.4642668
142.517059 -83.5561523 10.6487999
142.499664 -83.527832 10.8882666
142.471588 -83.4469528 12.092
142.402496 -83.492897 12.2807999
142.493805 -83.4400024 12.7338505
142.458801 -83.5126038 12.9445
142.498993 -83.4535522 13.0831499
142.516388 -83.4743958 13.4405003
142.423798 -83.2722015 5.33199978
142.523605 -83.398201 6.48570013
142.439194 -83.3968964 8.12450027
142.550995 -83.364502 9.46990013
142.527802 -83.3869019 9.90320015
142.538696 -83.3803024 10.2608004
142.498505 -83.2457962 10.7865
142.588898 -83.3318024 10.9631996
142.452301 -83.2610016 11.9063997
142.492737 -83.3199997 12.10215
142.547607 -83.3479004 12.3793001
142.528702 -83.3554993 12.6936998
142.521896 -83.3638992 12.9484997
142.590302 -83.2340012 13.0944996
142.566101 -83.1197968 6.36089993
142.539505 -83.1958008 6.53620005
142.497696 -83.1044693 8.10586739
142.593796 -83.0979004 8.78909969
142.520798 -83.1546021 9.64869976
142.451599 -83.0150986 10.0732002
142.427002 -83.0235977 10.2797003
142.563995 -83.1987991 10.9871998
142.584 -83.0777969 11.5896997
142.427994 -83.0700989 12.9875002
142.476898 -83.1909027 13.3170004
142.572678 -83.1184998 13.47085
142.559494 -83.0701981 13.7940998
142.402496 -82.9690018 4.47259998
142.542404 -82.8485031 6.09539986
142.540298 -82.9925995 8.7784996
142.496704 -82.9802017 10.2685003
142.541702 -82.9608994 10.7723999
142.488602 -82.951355 10.8668499
142.514801 -82.8050003 12.7374001
142.463806 -82.9560013 12.9195004
142.523056 -82.9429016 13.1504002
142.57045 -82.8684006 13.4472504
142.599792 -82.814003 13.6622
142.512299 -82.6146011 3.50880003
142.548599 -82.6111984 3.95869994
142.493103 -82.6072998 4.70050001
142.557999 -82.6477966 4.84100008
142.491699 -82.6300964 5.13100004
142.4646 -82.6147003 5.34019995
142.587601 -82.6280975 5.76070023
142.550797 -82.6228027 7.65950012
142.587006 -82.7664032 8.26550007
142.585098 -82.7847977 9.09109974
142.576004 -82.7248001 9.21119976
142.444794 -82.7134552 10.4582005
142.481705 -82.7029037 10.6732998
142.503799 -82.7061996 10.8558998
142.549698 -82.6757965 11.5539999
142.478699 -82.6529999 13.3896999
142.517105 -82.5824966 4.43120003
142.531204 -82.5501022 4.93959999
142.485001 -82.5484009 5.08669996
142.515305 -82.5695648 5.30683327
142.453293 -82.5681992 5.43930006
142.566193 -82.5849991 5.91949987
142.451599 -82.5024033 6.72539997
142.473068 -82.5119629 6.91073322
142.497894 -82.536499 7.51274967
142.409302 -82.4445038 7.66639996
142.476105 -82.4912033 7.90339994
142.523651 -82.5480042 8.19449997
142.573593 -82.4673996 8.30780029
142.583694 -82.4891968 8.90400028
142.585098 -82.5106964 9.26340008
142.505661 -82.4760666 9.47149944
142.492798 -82.4794006 9.73649979
142.494949 -82.4422455 9.83205032
142.472107 -82.4689484 10.2343502
142.484695 -82.523201 10.5516996
142.497299 -82.5155029 10.6082001
142.558853 -82.5267029 10.8148499
142.544495 -82.4554977 12.5675001
142.493591 -82.4643021 13.1234493
142.533157 -82.4541245 13.3302002
142.555206 -82.4473038 14.2713003
142.500092 -82.487236 14.5211668
142.598495 -82.5044022 14.6471004
142.561447 -82.4738464 14.8405495
142.5457 -82.4618988 16.4533005
142.596893 -82.4465027 16.6550999
142.517395 -82.3768997 12.2927999
142.546005 -82.3660965 12.4089003
142.531006 -82.2970963 12.6781998
142.5159 -82.3930969 12.8587999
142.5401 -82.3730011 13.0890999
142.583298 -82.3448029 13.9532003
142.513306 -82.3995972 16.4034004
142.495499 -82.0702972 15.7521
142.461304 -82.1713028 16.1700001
142.432495 -82.1570969 16.2761002
142.447495 -81.9548035 15.8065996
142.537598 -81.9837036 16.4843998
142.471695 -81.6516037 16.2931995
142.504303 -81.4104996 15.5979996
142.5672 -81.5375977 16.1303997
142.535095 -81.4052963 16.2103996
142.556198 -81.5815964 16.4528999
142.513306 -81.2997971 15.4708004
142.551605 -81.2567978 16.1991997
142.504074 -81.2929993 16.3181
142.509003 -81.1735001 15.7130003
142.548798 -81.1942978 16.2493
142.589706 -81.001503 16.4323006
142.499695 -80.9964981 16.4368992
142.487 -80.6324005 16.2406998
142.511795 -80.4176025 16.4382
142.478607 -80.3429031 16.4041004
142.680298 -97.6187973 0.278899997
142.658661 -97.4143524 0.159899995
142.789703 -97.5074997 0.341699988
142.74411 -97.3393478 0.128549993
142.7173 -97.3389359 0.28943333
142.686493 -97.1303024 0.123999998
142.638504 -96.9061966 0.114200003
142.725204 -96.4821014 0.0441000015
142.689056 -96.3125992 0.0561499968
142.72583 -96.3251953 0.917733312
142.701401 -96.0975037 0.0282000005
142.613693 -95.9145966 0.0537
142.606201 -95.7208023 0.0472000018
142.773193 -95.4698029 0.0263
142.799896 -95.379303 0.0187999997
142.727707 -95.1959991 0.0203000009
142.696899 -94.6965027 -0.0265999995
142.643997 -94.7639008 0.00870000012
142.680603 -94.5530014 0.00150000001
142.725098 -94.0530014 -0.0518000014
142.653397 -93.750351 -0.0764999986
142.677155 -93.569397 -0.0972499996
142.773605 -93.3109436 -0.110300004
142.664505 -93.117897 -0.132599995
142.773804 -92.8054962 -0.204600006
142.714401 -92.9899979 -0.128900006
142.685104 -92.6888504 -0.166199997
142.674194 -92.4561005 -0.1479
142.627197 -92.1716003 -0.154599994
142.771194 -91.7250977 -0.158800006
142.611801 -91.4870987 -0.201100007
142.646805 -91.4514999 -0.175899997
142.659897 -91.1094971 -0.185000002
142.733047 -90.6692047 -0.182749987
142.75975 -90.5824966 -0.164450005
142.722305 -90.2198029 -0.211700007
142.768753 -90.0921478 -0.1954
142.76355 -89.8484497 -0.184100002
142.760254 -89.6663055 -0.228
142.676895 -89.5695038 -0.241999999
142.712296 -89.5038986 -0.161200002
142.615402 -89.3554001 -0.0983000025
142.738403 -89.0221024 -0.159099996
142.682205 -88.8859024 -0.173299998
142.614105 -88.5005035 -0.201800004
142.6073 -88.5538025 -0.181400001
142.691696 -88.3634033 -0.169699997
142.640305 -88.0027008 -0.200900003
142.73259 -88.1591034 -0.1391
142.658401 -87.9872971 -0.112499997
142.792007 -87.6518021 -0.218400002
142.671097 -87.7089005 -0.164700001
142.639206 -87.1641998 -0.270200014
142.679001 -86.6903 -0.201499999
142.733551 -86.7304993 -0.153750002
142.680206 -86.7102051 0.0887999982
142.685196 -86.7152023 0.28549999
142.746399 -86.6807022 0.851199985
142.733948 -86.6433563 1.32564998
142.663559 -86.6336823 1.54716003
142.717407 -86.6483002 1.73125005
142.679672 -86.6429291 1.8843714
142.716629 -86.6361237 2.08782506
142.688599 -86.586998 2.22140002
142.639008 -83.672699 8.59090042
142.707993 -83.6353989 11.2299004
142.658798 -83.5878983 5.98909998
142.646545 -83.5202484 6.12479973
142.649948 -83.4933472 8.28450012
142.6017 -83.4235992 8.43010044
142.621704 -83.4772034 9.29909992
142.698853 -83.4514465 11.0872002
142.739105 -83.4552994 13.5711002
142.716537 -83.5400314 13.7429667
142.782394 -83.5980988 13.8546
142.606094 -83.2825012 6.0479002
142.649002 -83.3100967 8.65120029
142.671707 -83.3676987 12.9384003
142.628693 -83.344101 13.0862999
142.65773 -83.3168335 13.5290003
142.606506 -83.3897018 13.7118998
142.640106 -83.0934982 6.15869999
142.611099 -83.1203003 8.50220013
142.669907 -83.060997 9.03880024
142.636703 -83.012001 11.7200003
142.731995 -83.0538025 13.5885
142.631195 -82.8117981 8.85379982
142.668304 -82.9157028 9.04909992
142.623093 -82.8725967 11.4461002
142.626205 -82.9940033 13.4876003
142.766006 -82.6252975 3.57669997
142.650497 -82.6516037 4.08029985
142.69516 -82.6339493 4.69950008
142.606506 -82.6091995 5.43079996
142.628998 -82.6011963 5.77920008
142.625305 -82.6639023 5.88320017
142.679794 -82.6465988 8.45330048
142.642807 -82.7714996 11.8240995
142.655701 -82.6212006 13.5970001
142.776794 -82.5719986 4.5229001
142.743698 -82.5851974 4.80639982
142.69455 -82.537796 5.12814999
142.691299 -82.5735474 5.49304962
142.668213 -82.5514526 5.72905016
142.782501 -82.4255981 6.02689981
142.745392 -82.5574036 6.25685024
142.618103 -82.5522995 6.74760008
142.729004 -82.5705032 6.83650017
142.688324 -82.5469666 7.15820026
142.660706 -82.5414963 7.37470007
142.661407 -82.5102692 7.49503326
142.701904 -82.4911957 7.92714977
142.769897 -82.5363464 8.02264977
142.659607 -82.5337982 8.28509998
142.712204 -82.4749374 8.47539997
142.667252 -82.5702057 8.70055008
142.738647 -82.5148468 8.86174965
142.794907 -82.5578003 9.10879993
142.692932 -82.5065002 9.30706692
142.627411 -82.5375519 9.52390003
142.628799 -82.4573975 9.64309978
142.732788 -82.4944992 9.87454987
142.610199 -82.4979019 10.3814001
142.727539 -82.4937515 10.4882498
142.741302 -82.5085678 10.7106333
142.725296 -82.4991226 10.9406805
142.763794 -82.5085983 11.0522499
142.723633 -82.4796295 11.3445663
142.793198 -82.4280014 11.7985001
142.742493 -82.4108963 11.8754997
142.782898 -82.4970016 12.1829996
142.604507 -82.4919968 12.2983999
142.757004 -82.466301 12.4380999
142.703796 -82.4517365 12.7576666
142.708496 -82.4333954 12.8707008
142.734009 -82.4846497 13.10285
142.749207 -82.4811554 13.3034
142.739197 -82.4716492 13.684
142.626404 -82.4829254 13.9121752
142.672195 -82.4001007 14.0923996
142.700989 -82.430954 14.2939997
142.728226 -82.4380798 14.5282402
142.759399 -82.4870987 14.7426004
142.708038 -82.510231 14.8985329
142.751801 -82.3956985 5.10529995
142.792007 -82.2969971 5.28049994
142.725906 -82.3813019 7.88539982
142.774597 -82.3957977 8.66030025
142.662704 -82.3983002 11.2631998
142.604797 -82.2186966 12.0943003
142.7939 -82.3753967 12.4919004
142.785797 -82.3286972 12.6379004
142.738907 -82.3414001 13.8155003
142.786499 -82.3908005 14.0418997
142.756699 -82.395401 14.6609001
142.687103 -82.3102036 16.3362007
142.766205 -82.010498 5.6479001
142.764297 -82.1644974 9.57159996
142.797897 -82.1240005 13.0283003
142.639008 -82.1509018 15.7948999
142.622604 -82.1615982 16.3127003
142.697495 -82.1341019 16.4104996
142.697006 -81.8864975 3.95490003
142.749542 -81.925148 5.65415001
142.792007 -81.810997 5.84299994
142.713501 -81.9153976 6.14510012
142.753098 -81.9924011 6.31860018
142.677094 -81.9680023 6.7803998
142.756607 -81.9597015 8.50249958
142.753403 -81.9125977 9.38169956
142.768906 -81.8588028 10.9954004
142.743301 -81.8087006 12.0548
142.712296 -81.8865967 14.5444002
142.627304 -81.9289017 16.1138992
142.655594 -81.9136963 16.2801991
142.763794 -81.7762985 4.55740023
142.783096 -81.6977997 6.77580023
142.795303 -81.6027985 8.12059975
142.783798 -81.6011963 8.59449959
142.731598 -81.6044998 10.3806
142.786804 -81.7128983 10.4618998
142.780807 -81.6561966 11.7079
142.797699 -81.6632996 12.9336004
142.700302 -81.7846985 15.3414001
142.761795 -81.4820023 6.1638999
142.679794 -81.4957962 6.61980009
142.799103 -81.5245972 8.38519955
142.746506 -81.5351028 8.6008997
142.774902 -81.4481964 8.84290028
142.796906 -81.4777985 9.48589993
142.780594 -81.4878998 9.84659958
142.748596 -81.5045013 12.2894001
142.757294 -81.449501 12.4590502
142.760101 -81.4057007 14.1367998
142.777603 -81.5600967 14.7403002
142.643799 -81.4480515 16.3417511
142.723801 -81.5996017 16.4151993
142.763458 -81.3885956 6.2803998
142.726898 -81.2877502 7.33794975
142.776596 -81.2639008 7.52820015
142.692505 -81.3930969 7.62010002
142.775604 -81.3248978 7.80550003
142.725693 -81.3860016 9.80319977
142.793793 -81.280098 12.1658001
142.782303 -81.2490005 13.0616999
142.642105 -81.3514023 15.8906002
142.620804 -81.2854996 16.4137993
142.751404 -81.1692963 6.44990015
142.778793 -81.0119019 7.12300014
142.753204 -81.0919037 7.39039993
142.732544 -81.1160431 8.10330009
142.743698 -81.0534973 8.39529991
142.792206 -81.1548996 8.63220024
142.723099 -81.0626984 9.43400002
142.782593 -81.071701 10.0298996
142.754807 -81.0585022 11.3917999
142.783905 -81.0370026 13.7018995
142.779495 -81.0621033 14.2855997
142.719406 -80.8380966 4.83869982
142.737198 -80.8228989 5.38019991
142.753601 -80.8483963 5.95739985
142.757599 -80.9669037 6.86299992
142.7901 -80.8543015 8.07260036
142.792892 -80.9540024 9.93420029
142.758102 -80.8893967 10.3599997
142.771698 -80.9145966 11.0267
142.76445 -80.9756012 11.2621994
142.793793 -80.8879013 11.6076002
142.707306 -80.9049988 13.4997997
142.75325 -80.8715515 16.4286003
142.668503 -80.6694031 5.72039986
142.750702 -80.725502 6.93660021
142.660797 -80.7331009 7.08440018
142.7509 -80.614502 8.72729969
142.792007 -80.607399 9.13700008
142.753952 -80.664299 9.22984982
142.790894 -80.6705017 10.7617998
142.740997 -80.6937027 11.533
142.799301 -80.7052002 12.4028997
142.787399 -80.718399 12.8340998
142.775208 -80.7698975 13.0365
142.755905 -80.5314026 7.39720011
142.609695 -80.5669022 8.52359962
142.689102 -80.5597992 12.0585003
142.744705 -80.4354019 13.6661997
142.779495 -80.4847031 14.6356001
142.694305 -80.5149002 16.4002991
142.738098 -80.2593002 6.37389994
142.608505 -80.305603 7.67269993
142.797699 -80.2766037 7.95529985
142.781693 -80.294899 8.50269985
142.779114 -80.3474503 9.12090015
142.775406 -80.236702 9.68620014
142.781204 -80.2940979 9.94610023
142.7892 -80.376503 10.1111002
142.792801 -80.2897034 10.9433002
142.782898 -80.2128983 11.4521999
142.7724 -80.2872467 12.3005505
142.763199 -80.3331985 12.4663
142.788406 -80.3315964 12.6892996
142.7155 -80.2089996 15.0375996
142.641403 -80.2337036 16.1455994
142.766693 -80.2930984 16.4799004
142.680695 -80.1304016 5.48110008
142.7285 -80.1362 5.94159985
142.693695 -80.0850067 7.4541502
142.724106 -80.0854034 7.78399992
142.783005 -80.1822968 8.08290005
142.75769 -80.046402 8.22865009
142.766296 -80.084198 9.2027998
142.723999 -80.1115036 9.58899975
142.765793 -80.1414032 9.80060005
142.680801 -80.1296997 10.1672001
142.7733 -80.0973969 10.3544998
142.767456 -80.0768433 10.4389
142.780502 -80.0505981 10.7248001
142.756607 -80.0802994 10.9537001
142.765442 -80.1355438 11.7337494
142.770203 -80.0910034 14.0733995
142.737305 -80.0177994 16.3901997
142.963593 -98.4534988 0.159899995
142.901199 -98.5270996 0.207399994
142.937149 -97.475647 0.185649991
142.951096 -97.5155029 0.3389
142.804596 -97.219101 0.119599998
142.834503 -97.3355026 0.307700008
142.863693 -97.0373001 0.0819000006
142.818893 -96.8460007 0.135199994
142.828506 -96.7099991 0.0865999982
142.965942 -96.4889984 0.0853500068
142.96524 -96.4219971 0.954349995
142.927795 -96.3057022 0.0384000018
142.895264 -96.3889999 0.953800023
142.812393 -95.9654999 -0.0100999996
142.950653 -95.913147 0.0340000018
142.996201 -95.0604019 0.00230000005
142.966507 -94.8618011 -0.0137999998
142.955841 -94.2590027 -0.0218000002
142.891495 -94.1561966 -0.0263
142.919708 -93.832901 -0.0922500044
142.859299 -93.7105026 -0.0878000036
142.909698 -93.2284012 -0.126300007
142.925903 -93.0832977 -0.158299997
142.971603 -92.9197998 -0.172000006
142.894562 -92.7259979 -0.180166662
142.971405 -92.5460968 -0.161500007
142.866302 -92.3001022 -0.155200005
142.981201 -91.9609985 -0.182999998
142.843689 -91.6862946 -0.141900003
142.829102 -91.4872971 -0.184699997
142.805099 -91.2092972 -0.178200006
142.808853 -90.942749 -0.183149993
142.852753 -90.7461014 -0.1919
142.957993 -90.2926025 -0.194800004
142.943695 -90.139801 -0.237800002
142.956207 -89.8691025 -0.201800004
142.987701 -89.7354965 -0.314799994
142.887329 -89.6845322 -0.17096667
142.88324 -89.5737 -0.133049995
142.889206 -89.2714005 -0.164399996
142.817902 -89.0042038 -0.206799999
142.988693 -89.1194 -0.164900005
142.935059 -88.5423508 -0.168449998
142.965897 -88.2947998 -0.216600001
142.834106 -88.2081985 -0.183699995
142.803604 -88.1725998 -0.218199998
142.951294 -87.905098 -0.203299999
142.955002 -87.8212967 -0.181299999
142.864899 -87.6645966 -0.203099996
142.954498 -87.7575989 -0.195299998
142.815002 -87.5707016 -0.176300004
142.883499 -87.2443008 -0.185200006
142.833405 -86.8572006 -0.233500004
142.875305 -86.6753006 -0.0627000034
142.918762 -86.6594009 0.0344000012
142.947495 -86.6750717 0.33344999
142.836395 -86.6866684 0.530533314
142.810699 -86.6514969 0.633099973
142.825897 -86.6554031 1.08860004
142.918655 -86.6354523 1.24854994
142.954803 -86.6448669 1.53699994
142.875366 -86.6171036 1.68636668
142.869141 -86.6482315 1.96836662
142.903748 -86.6361008 2.01364994
142.823593 -82.5009995 6.33169985
142.838806 -82.489151 7.16949987
142.8517 -82.4206009 7.34899998
142.858307 -82.4702988 7.75419998
142.815796 -82.5627975 7.94519997
142.838699 -82.4927979 8.33619976
142.837799 -82.5018005 8.49489975
142.891693 -82.5198975 8.93480015
142.842407 -82.5257492 9.63344955
142.836105 -82.5218964 10.0670004
142.815796 -82.4782486 10.4675999
142.843048 -82.475647 10.7379999
142.889297 -82.438797 11.0358
142.810394 -82.4537964 11.7573004
142.810104 -82.4730988 11.9245005
142.818497 -82.4869003 12.0882998
142.831299 -82.4698029 12.3283005
142.873901 -82.4750519 12.5905495
142.8517 -82.428299 12.7439003
142.828094 -82.4389038 12.9104996
142.8302 -82.4359283 13.1052666
142.800598 -82.4496994 13.2981997
142.808105 -82.4941025 13.4785995
142.857101 -82.4776001 13.8747997
142.904495 -82.4153976 14.2753
142.9366 -82.446701 14.5699997
142.842697 -82.5074997 14.6022997
142.903702 -82.5224991 14.9642
142.889603 -82.4465027 15.0459995
142.804092 -82.4785995 16.4412994
142.827499 -82.3395996 6.10910034
142.816299 -82.3487015 6.32560015
142.823303 -82.3636017 6.69439983
142.837601 -82.305603 6.82859993
142.851349 -82.3695984 7.05369997
142.812897 -82.3434982 7.73260021
142.8918 -82.2387009 8.45960045
142.891098 -82.3859024 9.95870018
142.884598 -82.2399979 10.4568005
142.876495 -82.339798 10.6806002
142.847672 -82.3890991 11.0996332
142.906998 -82.2008972 11.3690996
142.8246 -82.3676987 11.4643993
142.853058 -82.3840485 11.7265491
142.857101 -82.3325958 12.1357498
142.833252 -82.3493042 12.3298502
142.910248 -82.2698517 13.1266994
142.837555 -82.3524933 13.9426003
142.927795 -82.2244034 14.0018997
142.992203 -82.3403015 14.2075005
142.939896 -82.3862991 14.6203003
142.800797 -82.1987 5.63329983
142.8125 -82.1435013 6.99240017
142.817947 -82.1713486 7.50094986
142.83255 -82.1022949 7.93165016
142.855896 -82.1255035 8.24330044
142.846405 -82.0695343 8.51423359
142.809296 -82.1712036 8.64080048
142.857147 -82.1192017 9.64550018
142.879105 -82.1902008 9.96679974
142.851395 -82.1345978 10.1407003
142.878494 -82.1112976 10.6283998
142.898804 -82.0746994 11.4011002
142.838394 -82.1881027 11.7396002
142.819 -82.1294022 12.5857
142.917694 -82.0963974 13.3694
142.876999 -82.1504974 13.5916004
142.899307 -82.1064987 13.6136999
142.893906 -82.110199 14.3168001
142.8479 -82.1654968 14.5388002
142.810898 -81.9748001 6.04510021
142.806 -81.9585037 6.56860018
142.836105 -81.9828033 7.89449978
142.866196 -81.9403534 8.10490036
142.821396 -81.8995972 8.3767004
142.8414 -81.8286972 8.64050007
142.813797 -81.8609009 9.37689972
142.881607 -81.9093018 9.75959969
142.898895 -81.8855972 9.93350029
142.861496 -81.8123016 10.6759005
142.851044 -81.8741455 10.9157
142.883698 -81.9561005 11.1716003
142.882904 -81.8220978 11.2079
142.861908 -81.8509521 11.5335007
142.857407 -81.8482971 11.9552002
142.887894 -81.915802 12.4953003
142.862701 -81.8727341 12.9251328
142.901993 -81.9779968 13.5467997
142.877808 -81.8674011 13.7312002
142.846298 -81.9210968 13.8887997
142.930603 -81.9154968 14.0355501
142.877701 -81.9436035 14.7402
142.980301 -81.9925003 16.4013004
142.832703 -81.7491989 6.84579992
142.8517 -81.7702484 7.69880009
142.828995 -81.7642975 8.21650028
142.803894 -81.6472015 8.68540001
142.840698 -81.7720032 8.98970032
142.836197 -81.6460037 10.0556002
142.836273 -81.6861343 10.3138332
142.855896 -81.6873016 10.5846004
142.909607 -81.6715012 10.9271002
142.852356 -81.6537933 11.1032505
142.873505 -81.6555023 12.7341003
142.895203 -81.7099991 13.1274004
142.875107 -81.6937027 13.4677
142.87854 -81.6911011 13.9927998
142.901047 -81.7017517 14.3319492
142.910095 -81.7987976 14.6983995
142.8405 -81.641098 16.3742008
142.801804 -81.5972977 6.93510008
142.819702 -81.566597 8.49110031
142.840607 -81.4688034 8.76949978
142.844498 -81.5007019 9.27535057
142.860397 -81.4916 9.59819984
142.814194 -81.4571991 10.9090004
142.826294 -81.5353012 11.5900002
142.859299 -81.517868 11.7056665
142.850906 -81.4087982 11.8543997
142.842896 -81.5418015 12.2377005
142.887802 -81.4543991 12.5878
142.871796 -81.5774002 13.4294996
142.910294 -81.4960022 13.6353998
142.930603 -81.5320969 14.3949003
142.853806 -81.5669022 14.4278002
142.942657 -81.5349503 14.7075005
142.996597 -81.5038986 16.5844002
142.852203 -81.2529984 9.16660023
142.824799 -81.2180023 9.31400013
142.832199 -81.2762985 9.51109982
142.857605 -81.3310013 10.6032
142.804398 -81.2087021 11.7393999
142.874893 -81.3054962 12.8390999
142.9104 -81.2489014 13.0256004
142.824448 -81.3065948 13.2757492
142.894653 -81.295105 13.6522999
142.893494 -81.3049011 14.5908003
142.815796 -81.1568985 8.86709976
142.812195 -81.0767975 9.13659954
142.802399 -81.0540009 9.62969971
142.804993 -81.0552979 10.2095003
142.909805 -81.1316986 12.1049004
142.8414 -81.1545029 12.2665005
142.842697 -81.0230026 12.4778004
142.805405 -81.0706024 12.7692003
142.846802 -81.0507965 12.8659
142.812698 -81.1268005 13.0517998
142.838196 -81.0789032 13.8753004
142.816193 -81.1190033 14.0086002
142.822403 -81.0330963 14.5114002
142.886047 -81.1077499 14.7344999
142.802902 -80.9977036 7.8355999
142.8246 -80.8219986 9.56439972
142.848602 -80.9972992 10.0993996
142.847107 -80.8030014 10.3535004
142.8302 -80.9309998 11.1449003
142.856293 -80.8815002 11.3894997
142.841904 -80.9356995 11.7391996
142.861511 -80.8464966 12.1039505
142.811005 -80.8410034 12.3836002
142.815506 -80.8720016 12.5284004
142.847305 -80.8087006 12.7716999
142.8936 -80.8401031 12.9476995
142.839401 -80.8944016 13.1533003
142.8461 -80.9540024 14.4714003
142.897507 -80.9504013 14.8306999
142.940796 -80.9318008 16.5137005
142.823395 -80.6985016 8.26019955
142.848206 -80.6564026 9.40789986
142.812195 -80.6932983 9.87020016
142.8293 -80.6241989 10.4158001
142.856903 -80.7779007 12.2912998
142.858307 -80.7525024 12.5277996
142.859467 -80.6694641 13.1064329
142.894638 -80.6847992 13.9498339
142.861603 -80.7651978 14.1004
142.924194 -80.6472015 15.3745003
142.815506 -80.4726028 9.37800026
142.844696 -80.4011993 10.0354996
142.838806 -80.5018997 10.2758999
142.811096 -80.4498978 10.5909004
142.835495 -80.5507965 11.2173004
142.872299 -80.5839005 11.6122999
142.815598 -80.5603027 12.2987003
142.822693 -80.4554977 12.5433998
142.814804 -80.4651031 12.7544003
142.835999 -80.5370026 13.0075998
142.88446 -80.4850006 13.9734497
142.8983 -80.4263 14.6198997
142.902893 -80.4903564 16.5372505
142.818604 -80.3619003 9.35779953
142.822098 -80.3131027 11.0921497
142.8479 -80.2844009 11.2440996
142.9021 -80.2591019 12.8424997
142.920303 -80.3115997 13.3486996
142.911194 -80.2771683 13.5258665
142.823898 -80.299202 14.0535002
142.850998 -80.3212967 14.6192999
142.843597 -80.3598022 14.8827
142.956696 -80.2013016 16.3959007
142.839493 -80.1359024 11.9743996
142.820801 -80.0876999 12.1005001
142.813599 -80.0952988 12.3783998
142.805496 -80.0522995 12.4635
142.810593 -80.0569 12.6829996
142.827805 -80.1824036 12.9497995
142.803497 -80.075798 13.0158005
142.8311 -80.0326004 13.4316998
142.846603 -80.015152 13.7420998
142.870102 -80.0614014 14.6496
142.888748 -80.0683441 14.8958502
142.895798 -80.0578003 16.5188007
143.120941 -98.1468506 0.136700004
143.180695 -97.8188019 0.399500012
143.0271 -97.680603 0.238299996
143.105392 -97.717598 0.502799988
143.109039 -97.5025177 0.348080009
143.007797 -97.3622971 0.118299998
143.174301 -96.6952972 0.120800003
143.115234 -96.540802 0.0794600025
143.155563 -96.4891968 0.919733346
143.103104 -96.3797989 0.072300002
143.009094 -95.975502 0.0322999991
143.019196 -95.2416992 0.0208999999
143.032593 -94.4179993 -0.0260000005
143.144608 -94.5697021 0.00590000022
143.011307 -94.018898 -0.0610999987
143.166107 -93.8785019 -0.108199999
143.199707 -93.7745972 -0.0900999978
143.101349 -93.3127441 -0.124250002
143.0215 -93.1573029 -0.1558
143.088394 -92.8998032 -0.151500002
143.099701 -92.7197647 -0.138333336
143.084839 -92.3451691 -0.145766661
143.127106 -92.0503006 -0.158199996
143.101807 -91.8210983 -0.173250005
143.093094 -91.5802002 -0.179100007
143.060196 -91.3304977 -0.175899997
143.006699 -91.1175995 -0.198799998
143.115906 -90.9056549 -0.179299995
143.186798 -90.762001 -0.181400001
143.086395 -90.3470001 -0.187199995
143.117203 -90.1836014 -0.230399996
143.085358 -90.1712036 -0.161949992
143.044495 -89.9598465 -0.227950007
143.140594 -89.8311996 -0.192699999
143.092606 -89.7508011 -0.170100003
143.158203 -89.3451996 -0.183050007
143.143402 -89.042099 -0.172700003
143.103638 -88.8822327 -0.157000005
143.093689 -88.7116013 -0.192249998
143.027893 -88.5162964 -0.176300004
143.1008 -88.3986969 -0.190400004
143.102295 -87.9067001 -0.205466673
143.143906 -87.9806976 -0.169
143.068802 -87.6308975 -0.185100004
143.182297 -87.4832993 -0.226199999
143.199203 -87.4318008 -0.193299994
143.011902 -86.7109985 -0.149499997
143.135101 -86.6626663 0.137966663
143.1091 -86.6202545 0.479200006
143.058853 -86.6734009 0.747250021
143.11792 -86.665802 0.873099983
143.144302 -86.6165009 1.01610005
143.147491 -86.6579514 1.26115
143.023605 -86.6270981 1.40960002
143.108994 -86.6132965 1.74409997
143.153305 -86.6071014 2.06669998
143.071899 -86.6399994 2.26320004
143.118607 -86.59375 1.91735005
143.008804 -82.4375992 16.5335007
143.004593 -82.3490982 15.2444
143.109894 -81.9672012 14.3697004
143.037201 -81.8007965 16.5998993
143.085495 -81.6083984 16.6117001
143.056595 -81.5065002 16.4002991
143.321503 -98.7179031 0.201200008
143.326202 -98.5177994 0.0967999995
143.212402 -97.6712036 0.457500011
143.312302 -97.4992981 0.170300007
143.228653 -97.5034027 0.310450017
143.234894 -97.2861938 0.0568499975
143.354004 -97.0899963 0.112000003
143.252106 -96.7612 0.0869000033
143.292358 -96.5514526 0.95539999
143.262955 -96.2653503 0.0436000004
143.319794 -96.1660004 -0.0436999984
143.34201 -96.1295013 0.0892500058
143.214401 -95.4799957 0.035050001
143.319855 -95.282402 0.00579999993
143.292404 -94.9676971 -0.0269000009
143.313354 -94.5182495 -0.0418500006
143.246994 -94.3912964 -0.0467000008
143.343903 -94.1828003 -0.0263
143.274948 -93.874054 -0.0868500024
143.370697 -93.6479492 -0.120849997
143.362946 -93.5011444 -0.132200003
143.241898 -93.3014984 -0.137099996
143.273453 -92.9127045 -0.164049998
143.209595 -92.642601 -0.157600001
143.311966 -92.5181656 -0.155066669
143.345352 -92.0788498 -0.145400003
143.328552 -91.8887482 -0.163850009
143.260498 -91.5716553 -0.160950005
143.399094 -91.3380966 -0.159400001
143.391098 -91.1772003 -0.165999994
143.312149 -90.9367065 -0.178299993
143.330093 -90.5183029 -0.207800001
143.323196 -90.4160995 -0.192000002
143.267502 -90.3435974 -0.188700005
143.232101 -89.8733978 -0.227300003
143.358444 -89.895401 -0.144700006
143.209595 -89.7475967 -0.252600014
143.337997 -89.7107315 -0.146466672
143.341797 -89.5470963 -0.0353999995
143.335098 -89.2024994 -0.167500004
143.395203 -89.1598969 -0.192000002
143.372299 -88.7212524 -0.208550006
143.357407 -88.5922012 -0.220899999
143.202805 -88.5895996 -0.162699997
143.373596 -88.274704 -0.180950001
143.36261 -86.8945999 -0.230149999
143.267838 -86.7377701 -0.127033338
143.248947 -86.677002 0.102300003
143.361694 -86.6921005 0.323300004
143.309891 -86.6443405 0.502839983
143.223999 -86.6202011 0.618200004
143.310867 -86.6489334 0.837733328
143.265472 -86.6473694 1.06146669
143.248398 -86.6522675 1.28136671
143.207596 -86.6195984 1.42060006
143.397293 -86.6025009 1.62279999
143.279297 -86.6264038 1.80089998
143.255447 -86.6031494 2.06605005
143.381195 -86.5927963 0.644400001
143.325394 -86.5914993 0.971300006
143.325043 -86.5828018 1.72469997
143.268158 -86.5752563 2.16674995
143.483704 -98.5837021 0.178499997
143.580551 -97.8625946 0.0910999998
143.591736 -97.9290314 0.29519999
143.459396 -97.6173019 0.174700007
143.5298 -97.7247009 0.368900001
143.4384 -97.7092972 0.416500002
143.417603 -97.5526962 0.130400002
143.503799 -97.1036987 0.126000002
143.560394 -96.6259995 0.218799993
143.51268 -96.4993973 0.123950005
143.494339 -96.4813309 0.218733341
143.429993 -96.5884018 0.98089999
143.434006 -96.2778015 0.232199997
143.450546 -96.1123047 0.0660500005
143.542206 -95.873703 -0.0242999997
143.496353 -95.8554001 0.0498250015
143.582794 -95.6691971 0.0293000005
143.512497 -95.2535019 0.00219999999
143.505966 -95.0716019 -0.0200666655
143.569107 -94.8852005 -0.0353999995
143.505005 -94.4896011 -0.0427000001
143.4328 -94.0936966 -0.0885000005
143.43985 -93.9689026 -0.091049999
143.466705 -93.6639023 -0.122549996
143.455597 -93.4598007 -0.160400003
143.456696 -93.3334961 -0.139500007
143.563507 -93.1881027 -0.134900004
143.437195 -92.9393005 -0.150700003
143.533707 -92.6925659 -0.161433339
143.494003 -92.5242004 -0.137099996
143.4478 -92.2365036 -0.148599997
143.572403 -92.0561981 -0.164200008
143.518494 -91.8700638 -0.164900005
143.548004 -91.7326965 -0.153999999
143.473175 -91.524231 -0.149666667
143.499207 -91.3117981 -0.140599996
143.503296 -90.9151001 -0.191100001
143.595093 -90.6166992 -0.180500001
143.470901 -90.4513016 -0.212799996
143.536499 -90.2184982 -0.206699997
143.536041 -90.0882339 -0.144699991
143.503403 -89.8884964 -0.231600001
143.502228 -89.954834 -0.171233326
143.421494 -89.7630997 -0.103500001
143.5672 -89.3598022 -0.163900003
143.482605 -88.8863983 -0.204500005
143.558899 -88.8070984 -0.181799993
143.476166 -88.7077332 -0.172633335
143.468307 -88.2349014 -0.222299993
143.551697 -88.2009964 -0.194900006
143.418701 -87.6677017 -0.221499994
143.518097 -86.7141495 -0.262899995
143.441345 -86.6860504 -0.0757500008
143.495636 -86.655899 0.104499996
143.420898 -86.6593018 0.306600004
143.599594 -86.6576004 0.451499999
143.559113 -86.6295471 0.734249949
143.532104 -86.6194992 0.932350039
143.50264 -86.6279602 1.27530003
143.43634 -86.612854 1.68694997
143.444702 -86.5391006 1.78789997
143.577805 -86.5749969 1.91849995
143.5345 -86.5670013 2.09514999
143.634995 -98.8874969 0.168500006
143.762405 -98.0587997 0.272300005
143.794098 -97.8445969 0.126000002
143.730255 -97.7304764 0.328074992
143.780701 -97.1298981 0.0894000009
143.628204 -96.9979019 0.0601999983
143.701965 -96.6952362 0.937366664
143.742004 -96.5650024 0.126000002
143.653503 -96.4936523 0.262499988
143.718842 -96.3220978 0.0841500014
143.692703 -96.0126038 0.0359000005
143.626099 -95.8687439 0.0481000021
143.659164 -95.7010651 0.0539666675
143.7901 -95.4863968 0.00120000006
143.618805 -95.1455994 -0.0226000007
143.600693 -95.0780029 0.00380000006
143.720642 -94.7443008 -0.0296999998
143.65036 -94.5629501 -0.0384000018
143.641296 -94.4804993 0.0179999992
143.759705 -94.2575989 -0.0856999978
143.683395 -94.1432037 -0.0926999971
143.7789 -93.8611984 -0.114399999
143.699203 -93.5839996 -0.0899000019
143.675949 -93.320549 -0.104350001
143.743301 -93.0538025 -0.166899994
143.749329 -92.8974304 -0.116233334
143.69101 -92.7048035 -0.162849993
143.690002 -92.4816513 -0.159949988
143.746506 -92.3590012 -0.154899999
143.636398 -92.1201019 -0.128999993
143.679306 -91.8315964 -0.153500006
143.744705 -91.6240005 -0.168699995
143.651001 -91.481102 -0.1655
143.683594 -91.060997 -0.194199994
143.745102 -90.9128036 -0.206
143.6772 -90.4601974 -0.1153
143.690704 -90.2490005 -0.213200003
143.748596 -90.0710983 -0.104500003
143.691986 -89.4837036 -0.167149991
143.682297 -89.2583008 -0.180199996
143.714661 -89.1292648 -0.174666673
143.603104 -88.875 -0.148800001
143.704407 -88.7871017 -0.180500001
143.620102 -88.4245987 -0.202399999
143.7827 -88.2591019 -0.183799997
143.67775 -87.8403015 -0.220299989
143.733795 -87.6411972 -0.185200006
143.767105 -87.375 -0.238199994
143.701401 -86.8566971 -0.274800003
143.77594 -86.6984558 -0.295699984
143.743134 -86.6834869 -0.0804333314
143.746597 -86.6385956 0.145700008
143.730164 -86.6628036 0.30856666
143.740509 -86.6434021 0.48725
143.712204 -86.6184998 1.25810003
143.619797 -86.6057968 1.56760001
143.752396 -86.6088028 1.64049995
143.781693 -86.5554962 -0.0882000029
143.743011 -86.5589981 0.275700003
143.767303 -86.5404968 0.675000012
143.735062 -86.5610962 0.931533337
143.690643 -86.5829468 1.11129999
143.796906 -86.5802994 1.32430005
143.735733 -86.5570984 1.49483335
143.688385 -86.5641632 1.73300004
143.763855 -86.539299 1.90709996
143.708893 -86.5106964 2.17429996
143.954803 -98.8837967 0.0907000005
143.929901 -98.3238983 0.136899993
143.967606 -98.0335007 0.365799993
143.802597 -97.8470993 0.343800008
143.871368 -97.7116241 0.169174999
143.809296 -97.7216034 0.288899988
143.87619 -97.2724457 0.0977499932
143.927795 -96.9633026 0.0750999972
143.846893 -96.6848984 0.0644000024
143.929398 -96.7742691 0.968999982
143.854996 -96.0907974 0.0524999984
143.93895 -95.9078522 0.0113500003
143.871307 -95.3677979 -0.0201999992
143.967499 -94.9742966 -0.0377999991
143.854935 -94.6908646 -0.039933335
143.933899 -94.5074997 -0.0421999991
143.921265 -94.3033295 -0.0631666705
143.876038 -94.0604553 -0.118699998
143.900742 -93.758934 -0.123866662
143.906296 -93.5222321 -0.131933331
143.895401 -93.2643509 -0.138549998
143.863098 -93.0173035 -0.122599997
143.921707 -92.8632965 -0.176699996
143.888062 -92.7169495 -0.146699995
143.947998 -92.4853973 -0.165900007
143.964005 -91.9432983 -0.1611
143.948792 -91.5299988 -0.171449989
143.915405 -91.1507492 -0.168049991
143.919403 -90.6240997 -0.189500004
143.897751 -90.5368958 -0.189549997
143.868195 -90.278801 -0.220200002
143.94046 -90.2835007 -0.129199997
143.880997 -89.6188965 -0.158600003
143.935059 -89.4587479 -0.162349999
143.846344 -89.2711029 -0.154550001
143.825302 -89.0948029 -0.179299995
143.831207 -88.9129028 -0.173299998
143.878601 -88.6259995 -0.112199999
143.824402 -88.3430023 -0.200299993
143.938705 -87.7860031 -0.174600005
143.928894 -87.219101 -0.231299996
143.999603 -86.9557037 -0.211999997
143.828995 -86.8123016 0.0870999992
143.804001 -86.7083969 -0.1347
143.857895 -86.6249008 0.00230000005
143.921707 -86.6669312 0.293599993
143.84819 -86.6549301 0.536199987
143.996094 -86.6294022 0.624300003
143.881195 -86.6203003 0.886299968
143.922302 -86.6304016 1.02199996
143.93071 -86.6208649 1.34406674
143.920441 -86.6524506 1.73534989
143.876099 -86.6087036 1.92400002
143.857803 -86.535202 0.317799985
143.863831 -86.5657959 1.07185006
143.882706 -86.5697021 1.46589994
143.841736 -86.5858002 1.68976665
143.947174 -86.572876 1.90820003
143.904404 -86.5690689 2.07979989
144.069397 -99.4309998 0.191300005
144.144501 -98.1037979 0.471199989
144.034103 -97.8968964 0.0842000023
144.134048 -97.84655 0.293249995
144.043304 -97.7762985 0.176200002
144.125839 -97.7236633 0.276600003
144.162292 -97.5477982 0.0983999968
144.136993 -97.1195068 0.0761500001
144.1203 -96.8312531 0.962599993
144.078293 -96.8002014 1.01499999
144.105301 -96.6218567 0.0874499977
144.041 -96.7387009 0.986599982
144.128525 -96.5623322 0.0637999997
144.100998 -96.2481537 0.0426499993
144.137207 -95.6621017 0.0104999999
144.085144 -95.2906036 -0.0199999996
144.072998 -94.9452972 -0.0214000009
144.105835 -94.5166779 -0.0616500005
144.159103 -94.0414963 -0.108800001
144.001907 -93.5105972 -0.126900002
144.126556 -93.1300201 -0.133625001
144.052704 -92.9692001 -0.153200001
144.068298 -92.7813034 -0.173099995
144.001495 -92.3860016 -0.138500005
144.179001 -92.1040497 -0.144549996
144.105408 -91.9507446 -0.171149999
144.158997 -91.6810989 -0.148200005
144.162292 -91.5874023 -0.165600002
144.059692 -91.1003036 -0.188500002
144.051498 -90.884697 -0.161699995
144.111099 -90.6771545 -0.182300001
144.151199 -90.5923996 -0.185200006
144.098969 -90.3144989 -0.144824997
144.074768 -90.1343307 -0.130133331
144.041107 -89.5337982 -0.169799998
144.190506 -88.7025986 -0.191799998
144.016296 -88.5972977 -0.193700001
144.054993 -88.2882004 -0.210299999
144.102997 -87.7535019 -0.203600004
144.086899 -87.3012543 -0.2104
144.159302 -87.3912964 -0.163000003
144.013107 -86.7048035 -0.255499989
144.168198 -86.7514038 -0.0967999995
144.032593 -86.6722031 0.0891999975
144.085907 -86.6545029 0.314700007
144.149658 -86.6274643 0.479200006
144.069199 -86.626503 0.653599977
144.110199 -86.6180649 0.897033334
144.037292 -86.6128006 1.00759995
144.098404 -86.6061478 1.4842
144.123306 -86.6307983 2.09559989
144.114899 -86.5988007 0.632499993
144.067703 -86.5839005 0.802200019
144.107193 -86.5951004 1.21309996
144.078354 -86.5829468 1.57582498
144.037094 -86.5940018 1.77880001
144.121506 -86.5866013 1.95439994
144.048828 -86.5635986 2.13113332
144.045502 -86.4845963 2.31060004
144.224594 -99.6801987 0.173999995
144.376205 -99.0203018 0.1215
144.246552 -97.842804 0.295850009
144.205948 -97.8761978 0.436100006
144.321472 -97.7134705 0.147966668
144.238586 -97.7036514 0.321099997
144.245102 -97.7515488 0.484050006
144.318893 -97.0815964 0.0820999965
144.358002 -96.8748016 0.0518999994
144.311707 -96.9181976 0.978799999
144.246399 -96.4767456 0.0665000007
144.283112 -96.3213501 0.0186999999
144.261597 -96.0942001 0.0168999992
144.396301 -95.8721008 -0.0174000002
144.242599 -95.9318008 0.0129000004
144.358749 -95.7343979 -0.0188000016
144.221893 -95.6847 0.0258000009
144.246597 -95.3261032 0.00879999995
144.292542 -95.1148529 -0.0282500014
144.322403 -95.1820984 0.00549999997
144.317795 -94.3647308 -0.0858666673
144.283752 -93.8909531 -0.105549999
144.264099 -93.6513977 -0.136999995
144.247345 -92.9102478 -0.13515
144.312149 -92.7320557 -0.166350007
144.282303 -92.3243027 -0.143399999
144.293503 -92.1384964 -0.160300002
144.346664 -91.6699982 -0.169566661
144.366302 -91.33815 -0.166299999
144.255707 -90.8694992 -0.173500001
144.278748 -90.7433929 -0.172250003
144.327148 -90.47155 -0.168099999
144.255707 -90.3410034 -0.138500005
144.292465 -90.1254959 -0.153333336
144.313156 -89.6471024 -0.155900002
144.389603 -89.2666016 -0.162799999
144.297394 -89.1082993 -0.166600004
144.323395 -88.7667999 -0.192399994
144.331894 -88.5206985 -0.208499998
144.285706 -88.4136963 -0.101000004
144.219406 -88.3986969 -0.197400004
144.298706 -88.1661072 -0.225650012
144.267853 -88.0391006 -0.170300007
144.296509 -86.8765488 -0.217549995
144.384796 -86.6306992 -0.264400005
144.309799 -86.6782379 -0.134066671
144.205093 -86.6893997 0.0472000018
144.286591 -86.6294327 0.303766668
144.2789 -86.6116028 0.735599995
144.294739 -86.6179352 0.90686667
144.214996 -86.6038971 1.15699995
144.265106 -86.615303 1.29550004
144.317398 -86.5856476 0.526750028
144.285156 -86.5765991 0.951400042
144.375107 -86.5957031 1.25639999
144.35199 -86.5644531 1.44500005
144.313507 -86.5644073 1.72650003
144.314651 -86.5549469 1.92285001
144.354095 -86.5363007 2.07529998
144.209793 -86.5823975 2.26819992
144.426697 -99.9817963 0.181700006
144.423203 -99.5791016 0.165099993
144.598099 -99.0165024 0.0769999996
144.5354 -98.1994019 0.156399995
144.439102 -97.8149033 0.187099993
144.514694 -97.9262009 0.266799986
144.478607 -97.7416992 0.0877000019
144.456848 -97.7101517 0.269299984
144.549255 -97.1024475 0.0478999987
144.586807 -96.956398 0.0237000007
144.539093 -96.9534988 0.970000029
144.51236 -96.6394958 0.080400005
144.597794 -96.3125 -0.0130000003
144.549194 -96.0814514 0.0262000002
144.578293 -95.8856964 0.0274
144.449493 -95.2282028 -0.00499999989
144.507843 -95.1233063 -0.0380000025
144.587097 -95.0852966 0.00159999996
144.573105 -94.9241028 -0.0331499986
144.484528 -94.6169662 -0.0860666633
144.549164 -94.5227509 -0.0427000001
144.494751 -94.3538971 -0.122900002
144.520798 -94.0687027 -0.100299999
144.556839 -93.8901291 -0.128833324
144.5271 -93.4621964 -0.1329
144.487701 -93.2706985 -0.131799996
144.481094 -92.8132019 -0.147400007
144.442993 -92.7873993 -0.143700004
144.529099 -92.2777023 -0.158866674
144.482513 -91.8622513 -0.148599997
144.5242 -91.7872009 -0.173999995
144.533203 -90.8475037 -0.171499997
144.512802 -90.5109558 -0.164399996
144.4991 -90.3645477 -0.134800002
144.418564 -89.9119339 -0.148666665
144.545502 -89.6961975 -0.187600002
144.503296 -89.2263031 -0.166700006
144.509293 -89.1083984 -0.182099998
144.431198 -88.9393997 -0.185699999
144.409302 -88.6679001 -0.216600001
144.497406 -88.709198 -0.177599996
144.475403 -88.1846008 -0.180999994
144.572906 -87.5332031 -0.215100005
144.501694 -87.2969971 -0.27790001
144.425293 -87.0777435 -0.224600002
144.518997 -87.0691986 -0.170399994
144.458298 -86.9785004 -0.273799986
144.5 -86.6801987 -0.206599995
144.554306 -86.6345978 -0.177200004
144.401596 -86.656601 0.0120999999
144.539902 -86.6096954 0.419149995
144.427994 -86.6118011 0.639199972
144.425995 -86.6078033 0.930299997
144.539093 -86.5985031 0.262800008
144.454102 -86.578598 0.716199994
144.53302 -86.5735016 1.3125
144.481598 -86.5389023 1.42659998
144.472229 -86.554863 1.6754334
144.493301 -86.5246964 1.93350005
144.55899 -86.5222473 2.0871501
144.623093 -99.0709991 0.152999997
144.736389 -98.6380997 0.0979000032
144.730164 -98.5155029 0.130950004
144.755798 -98.2034988 0.325199991
144.721436 -98.0926971 0.261766672
144.672226 -97.8689957 0.123199999
144.7435 -97.9578018 0.209700003
144.737396 -97.6997299 0.0690666661
144.772995 -97.3795013 0.0590000004
144.660095 -97.0435333 0.954633355
144.701401 -97.0522995 1.01960003
144.661896 -96.6995544 0.0406999998
144.664597 -96.430397 0.0463000014
144.792892 -96.3220978 -0.0185000002
144.621201 -96.2575989 0.0518999994
144.669998 -95.8439026 0.0179999992
144.612595 -95.6445007 -0.0306000002
144.723907 -95.4280014 -0.00899999961
144.691895 -95.2090988 -0.0276999995
144.653946 -95.2801971 0.0302000009
144.777206 -95.0765991 0.00100000005
144.648697 -94.8162003 -0.0824000016
144.666504 -94.6852493 -0.0929500014
144.761261 -94.2248535 -0.0890500024
144.784698 -94.0481033 -0.131200001
144.703201 -93.9704971 -0.121600002
144.720306 -93.7246017 -0.108599998
144.67485 -93.5874023 -0.132849991
144.693451 -92.9106979 -0.139499992
144.678101 -92.6765976 -0.121399999
144.789703 -92.5566025 -0.1743
144.702499 -92.3777008 -0.162599996
144.683655 -91.9289474 -0.162200004
144.795593 -91.6225967 -0.1602
144.712204 -91.4288025 -0.1866
144.739441 -91.3733978 -0.153600007
144.693298 -91.0921021 -0.185100004
144.746597 -90.7447968 -0.205400005
144.661774 -90.7187042 -0.147100002
144.765106 -90.4723969 -0.169100001
144.703949 -90.1204071 -0.142000005
144.795197 -89.5673981 -0.180199996
144.636749 -89.3182983 -0.139499992
144.786194 -89.0429993 -0.162599996
144.669998 -88.8251038 -0.195600003
144.660156 -88.1121979 -0.163000003
144.635803 -87.5812988 -0.2403
144.696259 -86.6189499 0.092550002
144.664993 -86.6042023 0.382299989
144.6371 -86.6087036 0.519200027
144.726303 -86.5896988 0.491699994
144.697296 -86.5625458 0.76030004
144.704803 -86.5523224 1.06992507
144.720093 -86.5419998 1.27079999
144.713226 -86.543869 1.48193336
144.6698 -86.5409012 1.63829994
144.714508 -86.509201 1.93394995
144.664398 -86.5185013 2.14249992
144.969101 -98.5662003 0.1052
144.902802 -98.2671509 0.248600006
144.946198 -98.0642548 0.176050007
144.902496 -97.8753967 0.112000003
144.951294 -97.5189972 0.0799999982
144.929993 -97.0656433 0.0508000031
144.870331 -97.1030655 0.965233326
144.985107 -97.1449966 1.01119995
144.941559 -96.8674011 0.02245
144.877838 -96.3038635 0.0193666667
144.908997 -96.0963974 -0.00719999988
144.903168 -95.7575378 -0.0140666664
144.981995 -95.4252014 -0.0258000009
144.984207 -95.4625015 0.0425999984
144.979095 -95.3522034 -0.0263
144.860504 -95.2584 0.00549999997
144.919159 -95.1226501 -0.0243499987
144.845062 -94.9366455 -0.0628499985
144.848602 -94.7102966 -0.0882000029
144.843704 -94.4009018 -0.157800004
144.841202 -94.3003998 -0.110600002
144.870636 -94.1547012 -0.0841333345
144.927704 -93.6703033 -0.116149999
144.889297 -93.5221329 -0.115866669
144.836105 -93.2438965 -0.162
144.877502 -93.0444489 -0.150999993
144.884598 -92.4884033 -0.130799994
144.875305 -92.2518005 -0.156100005
144.853806 -91.8658981 -0.159600005
144.924393 -91.379097 -0.169799998
144.830795 -91.0341034 -0.191799998
144.959595 -90.9191971 -0.2245
144.890991 -90.9499054 -0.167750001
144.810806 -90.7160034 -0.129600003
144.887222 -90.3009949 -0.152700007
144.951706 -89.9820023 -0.0728999972
144.938705 -89.6083984 -0.161500007
144.840607 -89.0541 -0.207200006
144.8134 -88.906601 -0.207300007
144.931595 -87.9585037 -0.238000005
144.855698 -86.8412018 -0.208499998
144.881302 -86.6296005 -0.208900005
144.851395 -86.6191025 -0.165600002
144.925095 -86.5792007 -0.252400011
144.851303 -86.5858002 0.350600004
144.921448 -86.5693512 0.515150011
144.923492 -86.5100021 0.620599985
144.967804 -86.5195007 0.948199987
144.840546 -86.5153046 1.04360008
144.868301 -86.5531998 1.27149999
144.907196 -86.5395966 1.46155
144.830933 -86.5330353 1.69826663
144.920853 -86.4969482 1.94669998
144.842194 -86.5256042 2.09439993
144.944595 -86.5426025 2.22129989
145.193298 -99.3719025 0.209700003
145.083496 -98.4489975 0.0846000016
145.132294 -98.142601 0.356000006
145.010406 -97.9653015 0.220899999
145.026398 -97.3117981 0.0386000015
145.137939 -97.0324478 0.0441999994
145.015198 -97.1561966 0.987200022
145.151596 -96.3296509 0.0222999994
145.085205 -95.8576965 -0.00439999998
145.161102 -95.9095001 0.0260000005
145.054596 -95.6418991 -0.0138999997
145.055801 -95.6671982 0.0122999996
145.161804 -95.4852982 -0.000899999985
145.160995 -95.0212021 -0.0719999969
145.003006 -94.9974976 -0.0782999992
145.154205 -94.6666031 -0.1021
145.136444 -94.5747986 -0.1039
145.082092 -94.249649 -0.108449996
145.137405 -94.1616516 -0.120650001
145.111404 -93.6635513 -0.140350014
145.05983 -93.2475967 -0.140066668
145.032593 -93.1035995 -0.1373
145.091309 -92.6370697 -0.157899991
145.052505 -92.5065384 -0.148533344
145.134903 -92.3062973 -0.165399998
145.059952 -92.0991974 -0.156749994
145.086502 -91.7975006 -0.138799995
145.131607 -91.5712967 -0.171299994
145.107895 -91.0262985 -0.182999998
145.136505 -90.8420029 -0.123899996
145.196594 -90.598999 -0.120099999
145.051086 -90.1245499 -0.151600003
145.139343 -89.9365997 -0.140300006
145.16655 -89.3154449 -0.174400002
145.158798 -88.9756012 -0.149700001
145.030807 -88.4714661 -0.188966677
145.189407 -88.2129974 -0.208299994
145.082306 -87.5847015 -0.188299999
145.115707 -86.710701 -0.262100011
145.124802 -86.5868988 -0.210800007
145.084503 -86.5886002 0.162699997
145.087708 -86.5485992 0.240400001
145.125549 -86.5682526 0.536049962
145.068542 -86.5514526 0.701550007
145.106094 -86.5313034 1.11740005
145.092377 -86.5138474 1.31420004
145.004501 -86.5263977 1.54170001
145.105972 -86.4739304 1.70539999
145.105408 -86.4998016 1.90503335
145.101105 -86.4720001 2.05634999
145.077103 -86.4477005 2.20720005
145.212601 -98.8242035 0.145699993
145.306107 -98.2713013 0.303466678
145.256897 -98.1046982 0.131699994
145.301971 -98.0298538 0.301674992
145.307907 -97.8408966 0.127499998
145.251404 -97.9404984 0.396400005
145.271194 -97.7886047 0.1008
145.2267 -97.3703995 0.0658999979
145.252426 -97.2393646 0.97483331
145.251999 -97.2399979 1.04639995
145.311325 -97.0670319 0.041233331
145.215195 -97.194397 0.95539999
145.219101 -96.6866989 -0.0136000002
145.264267 -96.691597 0.00810000021
145.243698 -96.4981995 0.0146000003
145.206696 -96.010498 -0.00240000011
145.363205 -96.1037979 0.0129000004
145.278503 -95.934494 0.0309000015
145.364304 -95.6231003 0.0304000005
145.240295 -95.5540009 0.00700000022
145.299133 -95.2863541 -0.0281499997
145.380295 -95.2888031 0.0207000002
145.397507 -95.072197 -0.0469000004
145.336105 -94.8391037 -0.0869999975
145.323898 -94.7634964 -0.0812000036
145.305695 -94.4409485 -0.0808999985
145.292404 -94.2410965 -0.120200001
145.247406 -93.8623352 -0.125
145.33786 -93.3507538 -0.132699996
145.320099 -92.7561493 -0.145999998
145.284256 -92.1323013 -0.164474994
145.341095 -91.8220978 -0.197799996
145.253448 -91.6925964 -0.184900001
145.255096 -91.5699997 -0.130099997
145.370804 -91.2278976 -0.178499997
145.224304 -91.1759033 -0.126499996
145.2061 -90.842598 -0.162300006
145.371399 -90.7001953 -0.167800009
145.2099 -90.3227997 -0.144999996
145.325394 -89.8915024 -0.132599995
145.235596 -89.6037979 -0.056400001
145.221802 -89.4645996 -0.116499998
145.342804 -89.2701035 -0.213200003
145.338501 -89.2554016 -0.176299989
145.3461 -88.6295929 -0.191
145.252106 -88.4225006 -0.216900006
145.3311 -88.5935974 -0.174899995
145.233994 -88.2125015 -0.204699993
145.344894 -88.0671997 -0.199499995
145.309601 -87.9582062 -0.219799995
145.276306 -87.5437012 -0.207699999
145.262604 -86.5617523 -0.135350004
145.253601 -86.5543976 0.189799994
145.340103 -86.5313339 0.229766667
145.286606 -86.5499496 0.46815002
145.352112 -86.4961014 0.737100005
145.313202 -86.5229034 0.898899972
145.356995 -86.4798965 1.15450001
145.301804 -86.4747314 1.35070002
145.331451 -86.4853516 1.46245003
145.281357 -86.4630051 1.7245667
145.298065 -86.4749298 1.92799997
145.350708 -86.4453354 2.12193322
145.376404 -86.4462967 2.2177999
145.596695 -99.4231033 0.114200003
145.495697 -98.2371979 0.342900008
145.420197 -98.297699 0.403100014
145.48793 -98.1124649 0.268333346
145.419403 -97.9545975 0.155699998
145.459793 -97.413002 0.064000003
145.580704 -97.3631973 0.984499991
145.455994 -97.1934967 0.0417999998
145.427795 -96.9488983 0.00820000004
145.599106 -96.4693985 -0.00490000006
145.549744 -96.0772018 -0.0168500002
145.402802 -95.8613968 -0.0160000008
145.458496 -95.8562012 0.0148999998
145.5784 -95.6098022 -0.00730000017
145.486206 -95.5156021 -0.0428999998
145.4375 -95.5688019 0.0155999996
145.537201 -95.3506012 -0.0381000005
145.422607 -95.0783005 -0.0644999966
145.519196 -94.8985977 -0.0729333311
145.413193 -94.4167023 -0.104199998
145.462906 -94.2972031 -0.111400001
145.594193 -94.0466995 -0.140599996
145.531555 -93.9576035 -0.107350007
145.517105 -93.4475021 -0.127299994
145.467072 -93.3580017 -0.135100007
145.506958 -93.1278534 -0.135100007
145.496841 -92.9187469 -0.161125004
145.507599 -92.5429993 -0.181600004
145.556931 -92.3218689 -0.157333329
145.585495 -91.9026031 -0.168899998
145.563904 -91.7454529 -0.158149987
145.47879 -91.2701492 -0.113800004
145.415451 -91.1204529 -0.27759999
145.460098 -91.1507034 -0.0923666656
145.48027 -90.8921356 -0.141166657
145.448502 -90.7089005 -0.115000002
145.513107 -90.5449982 -0.160300002
145.494904 -90.2703323 -0.1149
145.536407 -90.1735992 -0.147100002
145.466949 -89.8985977 -0.141499996
145.480148 -89.471405 -0.168899998
145.597794 -89.3299026 -0.215800002
145.412598 -89.2578964 -0.186900005
145.491852 -89.0373993 -0.155900002
145.408096 -88.8290024 -0.1752
145.576904 -88.7442017 -0.173800007
145.550003 -87.9237976 -0.132100001
145.574799 -87.5121002 -0.209099993
145.476807 -87.0892029 -0.217700005
145.577087 -86.910202 -0.267149985
145.504593 -86.5269012 -0.0653000027
145.462051 -86.5407562 0.103650004
145.511993 -86.5213013 0.3926
145.486603 -86.5151367 0.47543332
145.543198 -86.4912338 0.666733325
145.47377 -86.4866028 0.842400014
145.556702 -86.4725037 1.10224998
145.523193 -86.4900513 1.24399996
145.415207 -86.4960022 1.50660002
145.453751 -86.471344 1.68414998
145.497696 -86.4572449 1.85525
145.523148 -86.4349976 2.08675003
145.734604 -99.3051987 0.124799997
145.775101 -99.1148987 0.113499999
145.671997 -98.3990021 0.0953999981
145.661743 -98.2356491 0.267849982
145.687134 -98.1292343 0.120933332
145.745193 -97.9597015 0.068400003
145.758499 -97.4298019 1.04489994
145.673553 -97.3065948 0.0539999977
145.635651 -97.3569489 1.02775002
145.7827 -96.8159027 0.00910000037
145.731506 -96.6757965 -0.0238000005
145.605499 -96.7105026 0.0074
145.672607 -96.5440979 0.068599999
145.657898 -96.3303986 -0.00150000001
145.614502 -95.8231964 0.0178999994
145.705002 -95.6094971 -0.0219000001
145.744202 -95.5350037 -0.0482000001
145.610001 -95.5258026 0.0210999995
145.644897 -95.2667007 -0.0623000003
145.608597 -94.6925964 -0.1215
145.624542 -94.5093994 -0.114500001
145.666702 -94.1965027 -0.138600007
145.756256 -93.6515503 -0.146950006
145.684753 -93.5242996 -0.145850003
145.737793 -93.0579529 -0.167499989
145.673203 -92.4805984 -0.160050005
145.644394 -92.2173996 -0.157600001
145.626297 -91.6735992 -0.184100002
145.725632 -91.4666672 -0.177666664
145.714462 -91.3104172 -0.129160002
145.759399 -90.9421005 -0.129800007
145.693695 -90.7059021 -0.135199994
145.762802 -90.4124985 -0.105300002
145.696854 -90.0866547 -0.129649997
145.689102 -89.6781464 -0.149100006
145.771896 -89.2755966 -0.172900006
145.799805 -89.1816025 -0.135800004
145.673492 -88.346199 -0.230399996
145.655701 -88.3984985 -0.190099999
145.689804 -87.7602005 -0.220599994
145.663498 -87.5077972 -0.214000002
145.764694 -87.3684006 -0.219600007
145.742905 -87.3240967 -0.190699995
145.601807 -86.8612976 -0.266400009
145.730301 -86.9328995 -0.160500005
145.711456 -86.7370987 -0.168249995
145.681046 -86.4969482 -0.0242999997
145.761307 -86.4747009 0.194000006
145.657806 -86.4775009 0.279350013
145.670258 -86.4986649 0.47240001
145.726196 -86.4261017 0.796700001
145.726257 -86.4756012 0.927649975
145.748199 -86.4209976 1.16030002
145.727997 -86.4481506 1.33315003
145.71524 -86.4566498 1.5013001
145.735474 -86.4290543 1.73022497
145.786987 -86.4064484 2.13150001
145.676208 -86.4159546 2.27974987
145.742554 -86.3889008 2.14359999
145.731064 -86.3624039 2.2943666
145.698196 -86.3401031 2.43400002
145.755798 -86.3453522 2.67514992
145.846252 -98.6054535 0.149349988
145.858994 -98.6063995 0.254299998
145.912201 -98.5174026 0.0931999981
145.891693 -98.5328979 0.313600004
145.861298 -98.3507004 0.285899997
145.964706 -97.6379013 0.0388000011
145.926804 -97.4766998 0.0452999994
145.981094 -97.2427979 0.0258000009
145.997101 -96.8061981 -0.0178999994
145.906006 -96.9578476 0.0175999999
145.818695 -96.7795029 0.0116999997
145.889297 -96.5431976 0.0115999999
145.871002 -96.3059998 -0.00289999996
145.912704 -95.9991989 -0.0046000001
145.978195 -95.9139023 0.00789999962
145.830139 -95.6856995 -0.0285
145.905731 -95.3136749 -0.0908500031
145.971603 -94.9217987 -0.114500001
145.929047 -94.6730042 -0.101049997
145.945694 -94.4371033 -0.109700002
145.91127 -94.2669373 -0.125333339
145.815399 -94.180397 -0.111900002
145.830093 -93.8787994 -0.1074
145.890152 -93.7318726 -0.136875004
145.8302 -93.4877014 -0.116800003
145.9021 -93.2042999 -0.150700003
145.971649 -93.1245499 -0.151450008
145.901093 -92.6953964 -0.177399993
145.866699 -92.1066437 -0.151800007
145.866699 -91.8988037 -0.161799997
145.864304 -91.7368011 -0.213400006
145.920227 -91.5160141 -0.123383328
145.922501 -91.3920975 -0.1087
145.874298 -90.8809967 -0.184200004
145.906952 -90.7168503 -0.0446499996
145.904602 -90.5274658 -0.117533334
145.920197 -90.2440033 -0.132600009
145.921143 -89.6577682 -0.129366666
145.966705 -89.2207031 -0.114399999
145.891006 -89.1220016 -0.174199998
145.944107 -88.9020996 -0.200000003
145.855392 -88.9878998 -0.175500005
145.801407 -88.2598038 -0.243699998
145.944305 -88.0975037 -0.195800006
145.836502 -87.6924438 -0.245800003
145.864594 -87.5895004 -0.228400007
145.932999 -87.2166977 -0.208900005
145.8452 -87.1920013 -0.255499989
145.978607 -86.9557495 -0.189199999
145.852203 -86.6681976 -0.215000004
145.979599 -86.5259552 -0.0654999986
145.878967 -86.5266724 0.160533339
145.916504 -86.5246964 0.220100001
145.9552 -86.4642029 0.496199995
145.818451 -86.4765472 0.767549992
145.906693 -86.456398 0.865199983
145.904938 -86.4639969 1.10459995
145.904999 -86.4281464 1.477
145.857697 -86.4253006 1.65810001
145.989105 -86.4009018 2.08780003
145.828094 -86.4088974 2.34859991
145.962296 -86.3247986 -0.214900002
145.885834 -86.3733673 2.13946676
145.892426 -86.3681335 2.30923343
145.812302 -86.3501968 2.50180006
145.848602 -86.3731995 2.72259998
145.938797 -85.7934036 0.198799998
145.947296 -85.7972031 0.342200011
146.042099 -99.7409973 0.149100006
146.182693 -99.4786987 0.121399999
146.177948 -98.660553 0.154550001
146.179306 -98.6205978 0.210500002
146.133362 -98.4517059 0.149949998
146.068573 -98.4415741 0.257950008
146.130905 -98.2911987 0.1426
146.09935 -97.7063522 0.0495500006
146.121994 -96.8436966 0.0346000008
146.119507 -96.6076965 0.0379000008
146.107605 -96.4330978 -0.00499999989
146.128143 -96.0939941 -0.00650000013
146.077026 -95.7518692 -0.0566666685
146.118607 -95.7337036 0.00079999998
146.106598 -95.4115982 -0.103200004
146.0634 -95.2443008 -0.0707999989
146.055099 -95.0568008 -0.106299996
146.05896 -94.9471359 -0.0735666677
146.044403 -94.6719055 -0.110249996
146.158752 -94.5237503 -0.1153
146.127335 -94.2653961 -0.129166663
146.180695 -94.0363007 -0.126000002
146.127594 -93.8564987 -0.147200003
146.05426 -93.690155 -0.121399999
146.154724 -93.3060379 -0.16003333
146.053162 -92.6931992 -0.172766656
146.015396 -92.0429993 -0.203099996
146.158096 -92.1430969 -0.1523
146.056396 -91.9082489 -0.17930001
146.14537 -91.652565 -0.129133329
146.056305 -91.5587006 -0.132499993
146.107849 -91.0661469 -0.136050001
146.064606 -90.9613037 -0.179000005
146.122299 -90.2189026 -0.100400001
146.186203 -89.7305984 -0.171399996
146.029907 -89.5641022 -0.202500001
146.1306 -89.0651016 -0.203600004
146.040405 -88.9638977 -0.191100001
146.041794 -88.4216995 -0.224000007
146.133408 -88.134697 -0.207300007
146.126022 -87.9233017 -0.237424999
146.009903 -86.9385986 -0.247899994
146.1185 -86.4869003 -0.0948500037
146.090225 -86.4974747 0.0942000002
146.108994 -86.4636993 0.307700008
146.107056 -86.4812469 0.520950019
146.103607 -86.4416962 0.920350015
146.150635 -86.4484024 1.1085
146.030701 -86.4558029 1.22969997
146.067596 -86.4124985 1.45130002
146.071503 -86.4027023 1.67560005
146.090698 -86.3560028 -0.143800005
146.175201 -86.3813019 1.31579995
146.098938 -86.3825531 1.88345003
146.130966 -86.366066 2.07736683
146.129166 -86.3822632 2.26413321
146.130493 -85.3597031 0.135600001
146.268799 -98.731102 0.229499996
146.293304 -98.4068985 0.139400005
146.255493 -98.5383301 0.315200001
146.325195 -98.1746979 0.104800001
146.322296 -97.8774338 0.0525333323
146.256195 -97.4643021 0.0249999985
146.369293 -96.9489975 -0.00499999989
146.276398 -96.8130035 0.0208999999
146.271301 -96.6235962 0.0142999999
146.231506 -96.5091019 -0.00300000003
146.242004 -96.2583008 9.99999975e-05
146.203201 -96.137001 -0.0108000003
146.2379 -96.1429977 0.0313000008
146.274704 -95.6510315 -0.0559333339
146.321442 -95.4516449 -0.0833999962
146.297394 -95.3264999 -0.0809499994
146.230698 -95.1201019 -0.106700003
146.271606 -94.9219971 -0.0913500041
146.299103 -94.7556992 -0.106799997
146.381302 -94.5403976 -0.0631000027
146.296906 -94.2985992 -0.121950001
146.270294 -94.1772003 -0.115099996
146.259491 -93.8939972 -0.123449996
146.294189 -93.5191498 -0.139400005
146.300903 -93.3321533 -0.129950002
146.26001 -93.0916519 -0.15959999
146.308853 -92.8836517 -0.161650002
146.236801 -92.7044983 -0.158999994
146.218597 -92.2639999 -0.167300001
146.240494 -92.0298004 -0.165399998
146.288895 -91.8181992 -0.201399997
146.233704 -91.9201965 -0.194499999
146.345505 -91.6788025 -0.158399999
146.250244 -91.5302505 -0.0983000025
146.280807 -91.0182343 -0.153566673
146.320007 -90.8631973 -0.150199994
146.246506 -90.7958984 -0.0905999988
146.315002 -90.4802017 -0.146033332
146.348251 -90.1069031 -0.126550004
146.348694 -89.0923996 -0.151199996
146.378006 -88.9256973 -0.164399996
146.303696 -88.6669998 -0.206599995
146.3685 -88.2279968 -0.248999998
146.288803 -88.0929031 -0.244000003
146.200699 -87.6797028 -0.203199998
146.270996 -87.4307022 -0.245000005
146.359497 -87.3639984 -0.209900007
146.24472 -86.4808273 -0.0763249993
146.302551 -86.4411774 0.514949977
146.294632 -86.4511337 0.74059999
146.304626 -86.4343338 0.921333313
146.382401 -86.4498978 1.06529999
146.319153 -86.4150543 1.23444998
146.288803 -86.414032 1.4933666
146.382202 -86.4134979 1.69369996
146.272293 -86.4003983 1.82340002
146.37149 -86.3802948 1.05789995
146.351105 -86.3932037 1.73659992
146.241104 -86.3639984 1.91260004
146.248001 -86.3740997 2.05369997
146.348602 -86.3733368 2.26419997
146.301498 -86.0763016 -0.279599994
146.216705 -85.3455963 -0.0197999999
146.207306 -85.299202 0.278100014
146.416 -98.6660995 0.169599995
146.492691 -98.5462799 0.157625005
146.571808 -98.519249 0.268550009
146.460114 -97.9322586 0.0583399981
146.529099 -97.4705505 0.00939999986
146.483093 -97.3090668 0.019166667
146.456696 -97.1393509 0.0434499979
146.471603 -96.4380035 -0.00600000005
146.50769 -96.2155991 -0.0252
146.540802 -96.2807007 0.00779999979
146.514999 -96.0090027 -0.0538999997
146.428299 -95.6885529 -0.0713
146.513199 -95.494751 -0.0742499977
146.506165 -94.8877335 -0.0974000022
146.526749 -94.4597473 -0.115600005
146.497101 -94.3491974 -0.114500001
146.430603 -94.0788498 -0.134000003
146.473969 -93.6806488 -0.141874999
146.420547 -93.5086975 -0.159399986
146.592499 -93.2779007 -0.144800007
146.539307 -92.8619003 -0.150649995
146.4646 -92.7393951 -0.156949997
146.50116 -92.2933044 -0.171550006
146.403702 -92.0154037 -0.238999993
146.488098 -91.9274979 -0.209700003
146.534302 -91.6820984 -0.1118
146.516754 -91.2804489 -0.145900011
146.531601 -91.0639496 -0.149149999
146.458801 -90.868103 -0.170599997
146.543198 -90.6386032 -0.121200003
146.429092 -90.421402 -0.0856999978
146.4189 -90.2287979 -0.135000005
146.497498 -90.0713348 -0.162300006
146.468201 -89.3296967 -0.105499998
146.495193 -89.0369034 -0.1831
146.4328 -88.8105011 -0.155200005
146.400299 -88.6401978 -0.119800001
146.406906 -88.5720978 -0.130199999
146.553604 -87.8130035 -0.217299998
146.493301 -87.7963028 -0.0806000009
146.475449 -87.0814056 -0.2271
146.593704 -86.4578018 -0.208400011
146.592438 -86.4787521 -0.184300005
146.595993 -86.4485016 0.29519999
146.519104 -86.4163971 0.789600015
146.45015 -86.4268494 0.811800003
146.547302 -86.4279022 1.11220002
146.574005 -86.4188004 1.24109995
146.476898 -86.3587952 -0.281149983
146.442001 -86.3936005 0.294999987
146.528702 -86.381897 0.522899985
146.496902 -86.3844986 1.18260002
146.468704 -86.3311005 1.40849996
146.597198 -86.3907013 1.65330005
146.540771 -86.3678741 1.91960001
146.468506 -86.3800964 2.16619992
146.484146 -86.3622742 2.27527499
146.467606 -86.1007004 -0.230800003
146.717651 -99.1094971 0.14320001
146.758804 -98.3373032 0.0417000018
146.709198 -97.9163971 0.0736000016
146.787094 -97.777298 0.0603
146.641006 -97.7030029 1.07229996
146.699203 -97.4328003 0.0154999997
146.612198 -97.1647034 9.99999975e-05
146.654495 -96.9626465 -0.00569999963
146.681198 -96.8936005 0.00419999985
146.752808 -96.7373505 -0.0240999982
146.705093 -96.419899 -0.0111999996
146.765793 -96.266098 -0.0362999998
146.695343 -95.8269043 -0.0598499998
146.665909 -95.6888351 -0.0484333336
146.755997 -95.5286026 -0.0710999966
146.74884 -95.2803497 -0.0901499987
146.6772 -95.0942535 -0.0993499979
146.603104 -94.949501 -0.104000002
146.653 -94.637001 -0.1175
146.720993 -94.4809036 -0.117299996
146.717651 -93.9212036 -0.1303
146.683624 -93.2993774 -0.140424997
146.708206 -93.0934982 -0.175699994
146.6259 -92.9716034 -0.172199994
146.705795 -92.4253006 -0.174500003
146.626694 -92.214798 -0.185800001
146.723206 -92.0287018 -0.157600001
146.610504 -91.8211975 -0.157299995
146.619293 -91.4470978 -0.173600003
146.790497 -91.1302032 -0.121299997
146.7229 -90.8355026 -0.0626000017
146.697495 -90.7080994 -0.133499995
146.659302 -90.4880981 -0.0947999954
146.675201 -89.8547668 -0.131966665
146.716064 -89.5265656 -0.157600001
146.714111 -89.3394012 -0.163749993
146.768906 -88.7488022 -0.205500007
146.669495 -88.2643967 -0.212599993
146.774094 -87.8815994 -0.290699989
146.604797 -87.6122971 -0.1875
146.727661 -87.2394485 -0.231600001
146.704956 -86.4560776 -0.108475
146.689194 -86.4617615 0.0922200009
146.682251 -86.4573517 0.240399987
146.770691 -86.4576492 0.498050004
146.611694 -86.4307022 0.766799986
146.717697 -86.4268494 0.863849998
146.679703 -86.429245 1.07725
146.735306 -86.4024963 1.61960006
146.681305 -86.4244995 1.90969992
146.704407 -86.2004013 -0.256500006
146.703796 -86.3917007 0.155100003
146.690201 -86.387001 0.726599991
146.756104 -86.3830032 0.945200026
146.604202 -86.3878021 1.17180002
146.699005 -86.3514023 1.43330002
146.654663 -86.3578491 1.68315005
146.657257 -86.3389511 1.90050006
146.713531 -86.346199 2.13896656
146.725296 -86.3695984 2.2499001
146.762894 -86.0519028 -0.258899987
146.90741 -99.329895 0.137850001
146.849594 -98.8150024 0.175799996
146.992599 -98.8383026 0.343499988
146.93895 -98.7731476 0.140599996
146.941299 -98.7561951 0.305350006
146.897751 -98.419754 0.0601000004
146.888107 -98.1279984 0.0644000024
146.9785 -97.6883011 0.0324999988
146.908798 -97.5649033 0.0406000018
146.8685 -97.3319016 0.0126999998
146.962494 -97.1293488 0.0116499998
146.962204 -96.8071976 0.0027999999
146.822906 -96.7787018 0.0136000002
146.953094 -96.4541016 -0.00889999978
146.909546 -96.2936554 -0.0271000005
146.922394 -96.0606537 -0.0693000033
146.887207 -95.8082962 -0.0632999986
146.925003 -95.6055984 -0.100699998
146.993301 -95.4246979 -0.0992000028
146.884201 -95.2785034 -0.0772999972
146.8293 -95.0519028 -0.104000002
146.903503 -94.7546005 -0.138799995
146.884644 -94.5494995 -0.116750002
146.804092 -94.2843018 -0.150800005
146.893295 -94.0753021 -0.159600005
146.837997 -93.6379013 -0.151800007
146.937439 -93.4969482 -0.143900007
146.921829 -93.1053314 -0.155266672
146.958893 -92.8508987 -0.169799998
146.992905 -92.6328964 -0.171000004
146.846329 -92.5471649 -0.175166667
146.940887 -92.3043518 -0.171550006
146.909058 -92.0440674 -0.13623333
146.969803 -91.9837036 -0.141800001
146.987198 -91.6215973 -0.133000001
146.876694 -91.4689026 -0.141900003
146.888397 -91.2347031 -0.117200002
146.800095 -90.9047012 -0.116599999
146.865402 -90.7199554 -0.1558
146.860703 -90.1745987 -0.125
146.827103 -89.5093002 -0.192499995
146.909393 -88.9269562 -0.158099994
146.935303 -88.6792984 -0.2007
146.917496 -88.2174988 -0.225099996
146.996704 -87.6593018 -0.281100005
146.805206 -87.1391983 -0.0742999986
146.951599 -86.4849014 0.0971999988
146.913422 -86.4651031 0.281324983
146.871796 -86.4582367 0.486066669
146.831696 -86.4135971 0.705600023
146.991501 -86.4212036 0.926900029
146.8237 -86.4257965 1.1487
146.888275 -86.4127274 1.52142501
146.845306 -86.4057007 1.7967
146.971497 -86.4104004 1.80990005
146.985306 -86.3555984 0.75880003
146.859406 -86.3247986 1.52600002
146.825195 -86.3980026 1.70480001
146.916458 -86.3613968 1.87549996
146.890335 -86.3489685 2.09936666
146.859604 -86.3686981 2.27929997
147.134003 -99.7231979 0.0909999982
147.124847 -98.855896 0.151299998
147.098953 -98.897377 0.232299998
147.046753 -98.7752533 0.333900005
147.067703 -98.7435989 0.505699992
147.189804 -98.4935989 0.0348000005
147.101501 -98.2266998 0.0351000018
147.084671 -97.8735962 1.10096669
147.015701 -97.7475967 0.0157999992
147.111694 -97.2693024 -0.000699999975
147.104996 -97.2068024 0.0524999984
147.179504 -96.8432007 0.105499998
147.182098 -96.6327972 -0.0137999998
147.05249 -96.4637985 -0.0551999994
147.010605 -96.4405975 0.0253999997
147.1595 -96.3127975 -0.0522000007
147.167206 -95.7372971 -0.0944999978
147.0811 -95.4794464 -0.0893999934
147.194305 -95.3159027 -0.0820999965
147.064804 -95.0078964 -0.116499998
147.105362 -94.9023361 -0.101340003
147.047211 -94.723999 -0.105849996
147.1521 -94.5569 -0.0929000005
147.09375 -94.3250504 -0.129700005
147.103699 -94.1390991 -0.121749997
147.005096 -93.8050003 -0.152899995
147.121094 -93.715065 -0.153999999
147.0065 -93.3817978 -0.157900006
147.177002 -92.6990967 -0.149549991
147.109406 -92.5206451 -0.162750006
147.010895 -92.2278976 -0.2192
147.0811 -91.8851471 -0.136399999
147.128403 -91.7060318 -0.125200003
147.074997 -91.5469971 -0.140349999
147.096222 -91.2850723 -0.118774995
147.184357 -91.0936508 -0.165749997
147.146103 -90.944603 -0.162900001
147.113556 -90.4472046 -0.158100009
147.160507 -90.2922974 -0.147833332
147.093094 -89.8178024 -0.196500003
147.140808 -89.1253052 -0.179699987
147.117706 -88.6965027 -0.112899996
147.069 -87.8627014 -0.193299994
147.123093 -87.0505981 -0.247600004
147.096497 -86.4727783 0.0734999999
147.086899 -86.4795532 0.270049989
147.121399 -86.4731445 0.445850015
147.077393 -86.4213028 0.919700027
147.0289 -86.4098969 1.09350002
147.136307 -86.4163971 1.32879996
147.077698 -86.4082031 1.58800006
147.154999 -86.3964996 0.521600008
147.195404 -86.3995972 0.931299984
147.142899 -86.3711014 1.68210006
147.043396 -86.3504028 1.98529994
147.063217 -86.3563766 2.08295012
147.087952 -86.3530502 2.31344986
147.31337 -99.9027481 2.90371656
147.384399 -99.7217026 2.71889997
147.305603 -99.5838013 0.282400012
147.214005 -99.0254974 0.216800004
147.354996 -98.9537964 0.181999996
147.323898 -98.8668518 0.228500009
147.273041 -98.5242462 0.0640999973
147.380905 -98.0463028 0.0220999997
147.335144 -97.9520569 0.0370999984
147.347 -97.9774017 1.12405002
147.303299 -97.2508011 -0.0105999997
147.317703 -97.3137054 0.00905000046
147.278503 -97.0809021 0.0483499989
147.297699 -96.8647003 -0.00529999984
147.242188 -96.7397995 -0.0156000005
147.228104 -96.718399 0.0181000009
147.270294 -96.3451996 -0.0825000033
147.214798 -96.3376007 0.0544999987
147.347992 -96.0855484 -0.0703999996
147.252136 -95.6716995 -0.0908666626
147.337997 -95.4746017 -0.0913999975
147.224594 -95.3105011 -0.112499997
147.276794 -95.0870056 -0.109499998
147.294998 -94.9497986 -0.111199997
147.310059 -94.4907532 -0.0875499994
147.313049 -94.3116684 -0.124785714
147.392197 -94.0790024 -0.160999998
147.262451 -93.8753967 -0.134599999
147.334396 -93.4235001 -0.172800004
147.310898 -93.2720032 -0.165800005
147.265793 -93.1647034 -0.176300004
147.299591 -92.8999023 -0.178100005
147.264999 -92.6829987 -0.216499999
147.327103 -92.4852753 -0.166799992
147.292908 -92.2140045 -0.1294
147.266998 -92.1645966 -0.0996999964
147.224197 -91.9266968 -0.0759999976
147.206497 -91.6277008 -0.152899995
147.394196 -91.4459991 -0.137799993
147.306503 -91.2155991 -0.152799994
147.267639 -91.0703506 -0.11135
147.377899 -90.9608002 -0.132200003
147.300995 -90.5631027 -0.152799994
147.289703 -90.2158966 -0.181099996
147.289902 -89.8169022 -0.169
147.303406 -89.4253006 -0.187700003
147.380005 -89.0516968 -0.100299999
147.388306 -88.9738998 -0.140000001
147.394501 -88.6137009 -0.212899998
147.369598 -88.3197021 -0.207800001
147.363602 -88.1594467 -0.225800008
147.264801 -87.2039032 -0.233400002
147.346802 -86.4469986 -0.321700007
147.330704 -86.4843979 -0.159799993
147.284302 -86.442749 0.118450001
147.325409 -86.4642029 0.319000006
147.290497 -86.4333038 0.711050034
147.355103 -86.4326019 0.851150036
147.277893 -86.4240036 1.74549997
147.340942 -86.390152 1.31110001
147.322067 -86.3691635 1.51386666
147.280106 -86.3800354 1.6813333
147.323029 -86.3660355 1.88890004
147.304062 -86.3353577 2.07613993
147.284637 -86.3516998 2.25740004
147.503998 -99.9814987 0.0627000034
147.486404 -99.8352966 2.70210004
147.484848 -99.8663254 2.87015009
147.455093 -99.8237 3.0474999
147.522964 -99.6985321 2.76326656
147.481903 -99.7520981 2.82010007
147.5784 -99.7655029 3.95600009
147.5121 -99.2052002 0.404500008
147.536652 -99.0790558 0.11485
147.50267 -99.1052017 0.277700007
147.566498 -99.185997 0.424499989
147.497253 -98.8088989 0.0861999989
147.430695 -98.5847015 0.0238000005
147.513596 -98.3388977 0.0494999997
147.552902 -98.1251984 0.0244666673
147.412399 -98.0021973 1.11389995
147.432404 -97.9572983 0.0346000008
147.49704 -97.6627502 0.00989999995
147.530396 -97.4393997 0.00200000009
147.548294 -97.3451996 0.03125
147.572098 -97.0105972 -0.0372000001
147.599503 -96.9216003 -0.00760000013
147.471237 -96.7003708 -0.0335000008
147.470596 -96.7685013 0.0119000003
147.498901 -96.4747696 -0.0615999997
147.542465 -96.296196 -0.0596666671
147.532806 -96.046402 -0.0284000002
147.56366 -95.7247467 -0.0720499977
147.444229 -95.4915619 -0.0816333294
147.522003 -95.2222977 -0.0962999985
147.549957 -95.0531006 -0.108449996
147.45401 -94.7170563 -0.136550009
147.547607 -94.4859009 -0.1197
147.502853 -94.0478516 -0.147700012
147.530609 -93.7358551 -0.148149997
147.402802 -93.4869995 -0.194999993
147.546646 -93.2657928 -0.161400005
147.512939 -92.6445999 -0.163699999
147.547195 -92.503067 -0.143033341
147.526459 -92.2516479 -0.129350007
147.531494 -92.1196976 -0.135800004
147.571701 -91.8990936 -0.126699999
147.5616 -91.759903 -0.155100003
147.420898 -91.052002 -0.121799998
147.599304 -90.9908981 -0.0309999995
147.5336 -90.7347031 -0.151199996
147.414703 -90.0703964 -0.155499995
147.427353 -89.8903503 -0.17475
147.4086 -89.3516998 -0.150900006
147.481201 -89.1460037 -0.281399995
147.571899 -89.0317001 -0.153699994
147.555893 -88.384697 -0.234799996
147.467926 -88.0879974 -0.173000008
147.479004 -87.9717026 -0.233899996
147.535797 -87.2940979 -0.267399997
147.577698 -86.4627991 -0.111299999
147.531708 -86.4252472 0.106350005
147.408203 -86.4489975 0.377700001
147.454346 -86.4431 0.492250025
147.506393 -86.4399033 0.74119997
147.539001 -86.405899 0.878600001
147.419205 -86.4005966 1.19819999
147.591705 -86.4095001 1.22909999
147.531799 -86.3856964 1.19079995
147.462891 -86.3936005 1.31594992
147.503204 -86.3500977 1.50090003
147.565094 -86.3570023 1.60150003
147.472595 -86.358902 1.95385003
147.512604 -86.3406982 2.11143327
147.4785 -86.3296661 2.2767334
147.596603 -85.5823975 -0.259799987
147.783493 -99.9008026 2.36450005
147.789597 -99.8010025 2.47270012
147.646652 -99.8892517 2.69315004
147.762894 -99.9862976 3.50410008
147.712463 -99.8533325 3.97360015
147.765198 -99.7977982 2.3269999
147.666397 -99.683075 2.71609998
147.613403 -99.7683029 2.84159994
147.785797 -99.7863007 3.54809999
147.783798 -99.6327972 3.61470008
147.712433 -99.500267 2.51489997
147.619995 -99.5982971 2.62840009
147.651993 -99.3930969 0.197500005
147.724899 -99.0691299 0.311157137
147.697205 -99.1044006 0.485900015
147.709702 -98.9023514 0.0903999954
147.667007 -98.4240036 0.0467999987
147.738342 -98.2741013 0.0364666656
147.684906 -98.0290985 0.0242999997
147.734406 -98.1051788 1.12057495
147.630402 -97.7798004 -0.0193000007
147.727844 -97.6541443 0.0171499997
147.607605 -97.5854034 0.0302000009
147.766296 -97.0793991 -0.0223999992
147.623093 -97.1771011 0.0055999998
147.676605 -96.9082947 -0.0261000004
147.654404 -96.9975967 0.0535999984
147.706696 -96.7302017 -0.0771000013
147.731659 -96.491394 -0.054299999
147.774109 -96.3578033 -0.0593999997
147.662949 -95.8812561 -0.0795000046
147.739197 -95.6097031 -0.0898000002
147.702606 -95.1912994 -0.112300001
147.740005 -94.6267014 -0.102799997
147.689301 -94.2759552 -0.135499999
147.755203 -94.1297989 -0.138799995
147.699554 -93.9569473 -0.145950004
147.698898 -93.6820984 -0.1558
147.647308 -93.4618378 -0.149666667
147.755096 -93.3308029 -0.209999993
147.778595 -93.3177032 -0.149700001
147.624695 -93.1369019 -0.185599998
147.681702 -92.8575974 -0.157666668
147.741302 -92.7266006 -0.0918999985
147.748703 -92.4937973 -0.063000001
147.755554 -92.2205505 -0.125
147.773193 -92.1388016 -0.146899998
147.647003 -91.9764023 -0.147100002
147.681595 -91.4749527 -0.138150007
147.646103 -90.7268982 -0.175300002
147.666702 -90.4862976 -0.193299994
147.720901 -89.6636963 -0.176799998
147.673706 -89.4699707 -0.170100003
147.700806 -89.1850967 -0.207200006
147.697647 -89.0820999 -0.169249997
147.791199 -88.4614029 -0.210899994
147.6306 -88.0519028 -0.176400006
147.617096 -87.6663055 -0.241549999
147.671906 -87.2939987 -0.265100002
147.783401 -87.1023026 -0.166800007
147.728394 -86.5924988 -0.277799994
147.723663 -86.4858322 -0.0521333329
147.613205 -86.5031967 0.0869000033
147.757706 -86.4440002 0.382600009
147.615097 -86.4337006 0.682799995
147.690094 -86.4272995 1.023
147.755096 -86.4024963 1.22430003
147.679352 -86.377594 1.36245
147.722321 -86.3688507 1.48064995
147.637238 -86.3652496 1.6875
147.665405 -86.3515015 1.90293336
147.694168 -86.3305969 2.117625
147.729431 -86.3104324 2.24213338
147.722397 -86.1994019 2.39829993
147.811005 -99.9701996 2.18039989
147.8396 -99.9962997 2.22370005
147.899124 -99.8714218 2.48362494
147.808807 -99.9039993 2.6092
147.930771 -99.9205322 3.5436666
147.854202 -99.8491974 4.03429985
147.915298 -99.7087021 2.05990005
147.930496 -99.6241989 2.28390002
147.851501 -99.6511993 2.68650007
147.907776 -99.6768265 3.54775
147.896942 -99.7017059 3.97515011
147.941498 -99.4999008 1.92289996
147.909805 -99.450798 2.34509993
147.871552 -99.5251007 2.523
147.921097 -99.5987015 3.52130008
147.953094 -99.5971985 3.85089993
147.935898 -99.290863 0.124233335
147.959503 -99.2796478 0.300549984
147.906403 -99.3460007 1.88300002
147.931305 -99.3757019 2.57264996
147.865005 -99.3498993 2.62549996
147.877731 -99.0963669 0.108100004
147.852249 -99.1436234 0.306924999
147.894104 -99.0684967 2.07126665
147.922607 -98.9748001 0.0482000001
147.923599 -98.9953995 0.325399995
147.904297 -98.9969025 2.09240007
147.899002 -98.466095 0.0343500003
147.916199 -98.2302017 0.0547500029
147.946152 -98.2123489 1.14744997
147.869293 -98.1695557 1.14845002
147.963806 -97.8078003 0.0497500002
147.909607 -97.5251007 0.0305000003
147.945908 -97.3116989 0.0122999996
147.860687 -97.0641022 -0.02575
147.811493 -97.1531982 0.00100000005
147.984695 -96.7040024 -0.00329999998
147.94313 -96.5414963 -0.0588333346
147.884903 -96.3009491 -0.0830999985
147.898499 -96.0398026 -0.0824000016
147.845261 -95.8718643 -0.0965333357
147.915894 -95.6156006 -0.0734999999
147.892303 -95.4983978 -0.118299998
147.838806 -95.2959976 -0.105549999
147.925903 -95.1587982 -0.140599996
147.867493 -94.9018555 -0.124750003
147.875351 -94.7178345 -0.114766665
147.918396 -94.3489532 -0.143400013
147.905396 -94.1769028 -0.127299994
147.955795 -93.5662003 -0.170000002
147.848999 -93.3889008 -0.178200006
147.936096 -93.1159973 -0.186800003
147.838135 -92.8348312 -0.143999994
147.908356 -92.5081482 -0.136299998
147.874802 -92.2621002 -0.145899996
147.925842 -92.0957031 -0.0909499973
147.883896 -91.9617004 -0.107799999
147.968597 -91.5776978 -0.133699998
147.906342 -91.3067017 -0.101549998
147.977203 -91.1186981 -0.148800001
147.800003 -90.6636963 -0.181799993
147.925003 -90.4930573 -0.165250003
147.937805 -90.2307968 -0.155499995
147.895386 -90.1257477 -0.157800004
147.931 -89.7121353 -0.125566661
147.8461 -89.4775009 -0.172099993
147.918198 -89.3367004 -0.163100004
147.911606 -89.0603027 -0.211300001
147.947205 -88.9453964 -0.203899994
147.941193 -88.8524017 -0.190699995
147.976395 -88.5399017 -0.204600006
147.817596 -87.2092972 -0.203600004
147.849503 -87.0447998 -0.209399998
147.957703 -86.7160034 -0.250699997
147.937393 -86.4850006 -0.215000004
147.94104 -86.487648 -0.0910999998
147.950699 -86.4515991 0.186900005
147.870407 -86.4555969 0.288800001
147.87355 -86.436203 0.528249979
147.966644 -86.4393463 0.783500016
147.869354 -86.4048004 1.11210001
147.991699 -86.3972015 0.89289999
147.876297 -86.3588028 1.22060001
147.8255 -86.3858032 1.43499994
147.839066 -86.3358688 1.62460005
147.836899 -86.3356018 1.82099998
147.843307 -86.3454971 2.19819999
148.100677 -99.9073257 3.53752494
148.158096 -99.9018021 3.61279988
148.110306 -99.7233963 2.58330011
148.067947 -99.6898956 3.53390002
148.066895 -99.6323013 3.95959997
148.19014 -99.541832 0.298333347
148.068527 -99.4485321 1.88670003
148.022797 -99.4748001 2.0079
148.069473 -99.5478973 3.66196656
148.021561 -99.4796982 3.92089987
148.105499 -99.4176025 4.69250011
148.117889 -99.2257538 0.0785000026
148.0914 -99.2449493 0.232099995
148.107498 -99.3024979 1.93919992
148.072052 -99.2411499 2.07789993
148.158798 -99.2287979 3.24600005
148.078201 -99.1975021 0.297100008
148.163803 -99.1759491 1.91105008
148.0466 -99.1880035 2.12709999
148.127899 -99.0942688 3.08116674
148.184601 -99.1970978 3.87549996
148.084 -98.9623032 3.02929997
148.160049 -98.6920471 0.0535999984
148.043243 -98.5131989 0.0382499993
148.109558 -98.3553467 0.0352500007
148.073776 -98.2342987 1.1534667
148.070694 -97.8319016 0.0283000004
148.009705 -97.6869965 0.0175999999
148.105301 -97.4844971 0.0184000004
148.041809 -97.3376465 -0.0116000008
148.008499 -97.2226028 0.00520000001
148.041595 -97.1792984 -0.0364000015
148.145004 -96.8346024 -0.0841000006
148.034058 -96.7700958 -0.050499998
148.049011 -96.4927063 -0.0930999964
148.1297 -96.2717972 -0.0790000036
148.063354 -96.0898514 -0.0883250013
148.073303 -95.9625015 -0.0892999992
148.091293 -95.4874344 -0.0897666663
148.148605 -95.3971024 -0.1017
148.160904 -95.0074005 -0.121299997
148.149902 -94.9129028 -0.109650001
148.092804 -94.3180466 -0.137824997
148.057495 -94.1984024 -0.128800005
148.115402 -93.8618317 -0.156033337
148.087036 -93.6770325 -0.160766676
148.076904 -93.5251999 -0.166199997
148.104553 -93.0839539 -0.152999997
148.128372 -92.8880997 -0.152500004
148.078888 -92.717598 -0.129250005
148.094147 -92.4676971 -0.13714999
148.088837 -92.3035355 -0.121399999
148.064102 -91.8090973 -0.138500005
148.117828 -91.6998367 -0.146233335
148.185196 -91.5470963 -0.1206
148.122833 -91.3117981 -0.142233327
148.005493 -91.0505981 -0.164299995
148.017105 -90.9400024 -0.152199998
148.128845 -90.1473541 -0.0996000022
148.074402 -89.8118973 -0.159199998
148.030807 -89.2916031 -0.210199997
148.117599 -88.4937973 -0.194600001
148.054001 -88.1162033 -0.184799999
148.066193 -87.4568024 -0.253600001
148.061752 -87.2916489 -0.251199991
148.057297 -86.6362991 -0.239099994
148.10939 -86.430397 -0.0858666673
148.072693 -86.5119476 0.136500001
148.124603 -86.4513016 0.343499988
148.019394 -86.4151993 0.659600019
148.073502 -86.4036026 1.1085
148.0215 -86.405098 1.29489994
148.1922 -86.3912964 0.959200025
148.192505 -86.3694992 1.13989997
148.199707 -86.3511963 1.20959997
148.144028 -86.3343353 1.4573667
148.112122 -86.3372269 1.68980002
148.125916 -86.303978 1.89295006
148.081604 -86.3127975 2.08420014
148.153351 -86.3182068 2.31795001
148.341507 -99.8623962 0.0874999985
148.291306 -99.8513031 1.92550004
148.273407 -99.8300476 2.52209997
148.263351 -99.9271545 3.49020004
148.288605 -99.8145981 3.6092
148.358398 -99.6930008 1.86170006
148.328293 -99.6070023 2.00690007
148.305298 -99.7848969 2.44020009
148.289703 -99.6274033 3.39050007
148.318054 -99.4274292 0.133725002
148.323212 -99.5017014 0.369199991
148.347855 -99.436203 1.90769994
148.270508 -99.513504 2.10549998
148.2202 -99.4856491 2.32399988
148.30365 -99.5626984 3.54920006
148.35379 -99.4738007 3.79465008
148.31044 -99.3002396 0.106028572
148.304443 -99.3332367 0.249060005
148.3302 -99.2278442 1.73370004
148.33522 -99.2703018 1.86521995
148.275345 -99.2851486 2.1171751
148.348907 -99.3277969 2.51329994
148.326843 -99.2626495 3.10944986
148.380997 -99.2729034 3.98600006
148.317505 -99.2563019 4.03900003
148.374603 -99.1706009 1.7076
148.215698 -99.1480026 1.97660005
148.246353 -99.0842514 3.14245009
148.291397 -99.1980972 3.26440001
148.399399 -99.0876999 4.68709993
148.393204 -98.8669968 0.0357000008
148.28656 -98.85215 1.8605001
148.326996 -98.9461517 4.09899998
148.397995 -98.6880035 0.0542000011
148.242599 -98.5992966 0.0606999993
148.306152 -98.3271942 1.16525006
148.334015 -98.1315002 0.0225999989
148.354752 -97.8952026 0.0617999956
148.242599 -97.7734985 0.0179000013
148.233902 -97.4770966 0.00499999989
148.253845 -97.3680496 -0.0269999988
148.278503 -96.9410019 -0.0566999987
148.352097 -96.6666336 -0.0717666671
148.245102 -96.5687027 -0.0640999973
148.384003 -96.2233963 -0.0816000029
148.343704 -96.1499481 -0.095449999
148.276596 -95.9397964 -0.0904000029
148.204605 -95.6601028 -0.100100003
148.357697 -95.5675507 -0.106749997
148.378098 -95.3856964 -0.130099997
148.334961 -95.1264038 -0.119033329
148.205597 -94.9352036 -0.119099997
148.339661 -94.5767975 -0.117200002
148.324722 -93.8819733 -0.158399999
148.26001 -93.6899033 -0.144166663
148.272934 -93.1491776 -0.131840006
148.318207 -92.6556015 -0.1197
148.334229 -92.4771347 -0.126633331
148.345551 -92.0856934 -0.161850005
148.338364 -91.8787994 -0.13773334
148.243607 -91.7742004 -0.0921000019
148.245087 -91.3395004 -0.126599997
148.348694 -91.1221008 -0.139400005
148.225098 -90.5486984 -0.125400007
148.271393 -90.2446976 -0.165299997
148.311005 -90.0554962 -0.158299997
148.2117 -89.9407501 -0.0830500051
148.226196 -89.612999 -0.178499997
148.305206 -89.4375992 -0.179399997
148.202698 -88.7534027 -0.200800002
148.296402 -88.6800995 -0.173199996
148.208206 -88.5258026 -0.180999994
148.210907 -88.0832977 -0.238000005
148.332306 -87.9785995 -0.174400002
148.363098 -86.4001999 0.280800015
148.227905 -86.3250504 -0.0565499999
148.363907 -86.3930969 0.175300002
148.387802 -86.3711014 0.3125
148.285904 -86.388298 0.77759999
148.350906 -86.3494034 0.913999975
148.213303 -86.354599 1.02160001
148.341431 -86.3339996 1.30142498
148.323395 -86.3244705 1.5018667
148.353195 -86.2832336 1.66710007
148.30217 -86.2761002 1.88573337
148.349258 -86.2781982 2.10196662
148.3004 -86.307663 2.24983335
148.240204 -86.0121002 -0.206699997
148.542496 -99.8376999 1.81359994
148.452103 -99.8671036 3.53379989
148.487 -99.8441467 3.65030003
148.530594 -99.6952972 1.69860005
148.536652 -99.7381973 1.8441
148.491943 -99.6709442 2.33585
148.542694 -99.6779022 3.32520008
148.591995 -99.7912979 3.4309001
148.501556 -99.6963501 3.81410003
148.467102 -99.4850998 0.109999999
148.451706 -99.4360962 0.202099994
148.581299 -99.5740967 1.79970002
148.485657 -99.4390488 1.88759995
148.4366 -99.4235992 2.52340007
148.428696 -99.2792969 1.93099999
148.476669 -99.2730865 2.09768343
148.512894 -99.2433014 2.48014998
148.462204 -99.2132034 3.16499996
148.538132 -99.3563004 3.25163341
148.434402 -99.379097 3.50099993
148.507904 -99.1487503 1.94854999
148.4021 -99.1302032 2.06739998
148.589005 -99.0997009 2.51810002
148.450897 -99.1348495 3.18375015
148.557053 -99.1531525 3.23565006
148.434692 -99.0337982 4.04890013
148.426407 -99.1112976 4.65759993
148.536697 -98.8089981 0.0353999995
148.5401 -98.9405365 1.9837333
148.522156 -98.9085007 2.09014988
148.480392 -98.9886017 3.23399997
148.571304 -98.8124542 3.91969991
148.581299 -98.6264038 2.92779994
148.524719 -98.4277039 0.052875001
148.573105 -98.4583969 2.7420001
148.588898 -98.4943008 2.93169999
148.549103 -98.5159988 3.14225006
148.5448 -98.5651016 3.25979996
148.579697 -98.3917465 -0.00339999981
148.468353 -98.3690491 1.1882
148.580093 -98.3865967 3.22950006
148.419495 -98.1259995 -0.00810000021
148.463303 -98.1344528 0.0275500007
148.570404 -97.6196976 -0.0189999994
148.501831 -97.6795654 0.0283000004
148.492462 -97.5358353 -0.023566667
148.510101 -97.2298965 -0.0472000018
148.52002 -97.0884247 -0.059799999
148.5242 -96.9008026 -0.0691
148.582504 -96.4747009 -0.0868000016
148.580307 -96.3675995 -0.0908000022
148.525894 -96.1681976 -0.0923999995
148.480362 -95.8665314 -0.104233332
148.4814 -95.7369003 -0.103600003
148.452606 -95.0651474 -0.116850004
148.545105 -94.7192001 -0.137600005
148.476395 -94.5831985 -0.136700004
148.550903 -94.3293991 -0.146200001
148.503906 -94.0360031 -0.156100005
148.586502 -93.5942001 -0.205599993
148.511841 -93.456543 -0.160750002
148.553696 -93.2636032 -0.153099999
148.484894 -93.0805969 -0.0879999995
148.410095 -92.9774017 -0.140900001
148.490036 -92.7046967 -0.0892333314
148.417404 -92.4352036 -0.118100002
148.488403 -92.1255035 -0.116800003
148.49115 -91.6312485 -0.0919499993
148.500443 -91.2884979 -0.143033341
148.520599 -90.8602982 -0.158500001
148.5233 -90.6723022 -0.170699999
148.531372 -90.5493011 -0.100374997
148.509277 -90.3118744 -0.147399992
148.528763 -89.4853668 -0.184200004
148.542496 -89.1633987 -0.193200007
148.4953 -87.9051971 -0.205799997
148.536591 -87.7238007 -0.259649992
148.547607 -87.2669373 -0.267433345
148.545395 -87.245903 -0.128399998
148.524902 -86.4572983 -0.252400011
148.475006 -86.4035034 2.30660009
148.493851 -86.371048 -0.0929999948
148.444397 -86.3613968 0.111033335
148.404495 -86.3863983 0.399699986
148.427094 -86.3537979 0.567200005
148.416901 -86.3518982 0.667750001
148.416199 -86.3377991 0.822399974
148.451004 -86.262001 1.40890002
148.47113 -86.2861023 1.77059996
148.430756 -86.2897949 1.95819998
148.482803 -86.2608032 2.15030003
148.492996 -86.2631989 2.29237986
148.703506 -99.8504028 0.225700006
148.725647 -99.8757019 0.472000003
148.699738 -99.8821487 1.88660002
148.744751 -99.8899994 2.72315001
148.608795 -99.8236008 3.34570003
148.6866 -99.8280029 3.48329997
148.729691 -99.6829376 0.122633338
148.727295 -99.7379684 0.281766653
148.716644 -99.7014771 1.91903996
148.653503 -99.797699 2.09949994
148.648605 -99.7434998 2.32809997
148.675705 -99.7276001 2.5848
148.661606 -99.7360992 2.68309999
148.746506 -99.785202 2.80679989
148.621002 -99.6902008 3.3591001
148.671295 -99.7385025 3.47199988
148.703934 -99.4654999 1.70226669
148.709198 -99.4584656 1.8955667
148.708405 -99.4083023 2.23340011
148.672699 -99.4406509 2.48495007
148.796707 -99.4838028 3.1027
148.670898 -99.4766006 3.30776668
148.698242 -99.4423981 3.89319992
148.756989 -99.3544006 1.71689999
148.722549 -99.3157959 1.91659999
148.786896 -99.2179031 2.09369993
148.772705 -99.2426987 2.32189989
148.725616 -99.2932281 2.47832489
148.691193 -99.2985992 3.27570009
148.797897 -99.2477036 3.96889997
148.610794 -99.3697968 4.59499979
148.693604 -99.0149002 0.0252
148.682999 -99.1117325 2.4612
148.691895 -99.1603012 3.24849987
148.693542 -98.9558029 0.0710500032
148.667801 -98.9169006 1.96560001
148.670929 -98.887146 2.06147146
148.647995 -98.8343964 2.67000008
148.707001 -98.928299 3.15179992
148.640503 -98.8497009 3.69789982
148.720749 -98.8930511 3.9611001
148.757797 -98.9405975 4.01989985
148.731201 -98.7594986 1.92410004
148.705933 -98.7751007 2.04769993
148.635635 -98.6419296 2.85076666
148.759155 -98.6365051 3.53534985
148.722687 -98.7077026 3.72020006
148.735443 -98.4530106 0.114271425
148.757141 -98.4807434 0.363049984
148.790604 -98.4549026 0.500400007
148.749695 -98.4786987 0.929700017
148.713104 -98.4662018 1.12503326
148.732803 -98.4875793 1.28005004
148.721008 -98.5048523 1.49125004
148.799393 -98.4962997 2.18370008
148.687424 -98.4613571 2.89680004
148.769424 -98.4945221 3.12174988
148.787994 -98.435997 3.42989993
148.751801 -98.5936966 4.65950012
148.731598 -98.3709488 2.88934994
148.664871 -98.3504028 3.08290005
148.703003 -98.2866974 3.27620006
148.775803 -98.0338974 0.0379999988
148.744095 -97.9496002 -0.00769999996
148.687149 -97.8293457 0.0201500002
148.663101 -97.6968307 -0.0193000007
148.637802 -97.6278 0.0207000002
148.708496 -97.4110031 -0.117700003
148.784302 -97.2033005 -0.0604999997
148.769897 -97.2946014 0.0568999983
148.745407 -97.0996017 -0.0666000023
148.750504 -96.8200989 -0.0748500004
148.642197 -96.7657013 -0.0913000032
148.757797 -96.5322037 -0.0850000009
148.712265 -96.2400665 -0.0483333319
148.676651 -95.8739014 -0.104200006
148.623047 -95.6837463 -0.0596999973
148.746201 -95.4697037 -0.131200001
148.740402 -95.3414993 -0.118699998
148.675095 -95.1258698 -0.12173333
148.723831 -94.8423004 -0.143433332
148.687866 -94.702652 -0.137950003
148.654907 -94.2610016 -0.153300002
148.628601 -94.1396027 -0.177100003
148.691803 -93.4563446 -0.154599994
148.664795 -93.2050018 -0.121799998
148.636307 -93.0184021 -0.117299996
148.770111 -92.9096985 -0.123400003
148.718994 -92.6158981 -0.114600003
148.7043 -92.5810013 -0.0934500024
148.652008 -92.3016052 -0.105800003
148.6931 -92.0847015 -0.128099993
148.703201 -91.7368469 -0.1285
148.71756 -91.4616318 -0.163966671
148.656601 -90.9165497 -0.154699996
148.615601 -90.745903 -0.168300003
148.788696 -90.5681 -0.145600006
148.709198 -90.2475967 -0.139300004
148.711227 -90.1680374 -0.112800002
148.686401 -89.4981995 -0.157800004
148.724197 -89.2449036 -0.199499995
148.617203 -89.1588974 -0.1831
148.616104 -88.9405975 -0.186900005
148.646454 -88.4519043 -0.235300004
148.734894 -87.5242996 -0.178900003
148.648804 -86.7084045 -0.275049984
148.729797 -86.4993973 -0.180150002
148.608902 -86.2901001 0.127100006
148.687592 -86.2416534 0.705349982
148.679108 -86.2704468 0.948500037
148.7341 -86.2244034 1.28129995
148.692001 -86.2504959 1.49876666
148.628387 -86.2411041 1.76970005
148.655502 -86.2381973 2.03570008
148.780701 -86.1322021 1.34000003
148.791504 -86.1801987 1.4497
148.742096 -86.1781006 1.67180002
148.743393 -86.1240997 2.12989998
148.981247 -99.8079987 0.322300017
148.891998 -99.9233017 1.99180007
148.940903 -99.9327011 2.09649992
148.913254 -99.8395004 2.87765002
148.879654 -99.6743011 0.142224997
148.863068 -99.7402115 0.28915
148.826904 -99.6287003 1.78349996
148.847443 -99.7435989 1.90439999
148.881805 -99.764801 2.03439999
148.811996 -99.6047974 2.72399998
148.891235 -99.7058716 2.88596678
148.800507 -99.7463989 3.31520009
148.843994 -99.6433029 3.80660009
148.936737 -99.480896 0.0734499991
148.828857 -99.4499054 1.71184993
148.963303 -99.4420013 2.56760001
148.985992 -99.4766998 2.97350001
148.804596 -99.5709991 3.3289001
148.802002 -99.4940033 3.88829994
148.884293 -99.4116974 4.43050003
148.987259 -99.2675018 0.0586666688
148.923431 -99.2834015 2.09043336
148.806 -99.2291031 2.34369993
148.900742 -99.2757874 2.51060009
148.839203 -99.2683029 3.9762001
148.888397 -99.1208954 0.0596500002
148.919098 -99.1054993 1.91954994
148.91098 -99.1288757 2.02130008
148.869064 -99.1303329 2.30246663
148.91655 -99.1784515 2.42430019
148.860992 -99.0035019 3.70830011
148.852402 -99.1647034 3.82649994
148.964798 -99.1064987 4.12039995
148.893234 -98.898468 1.95219994
148.8405 -98.8234024 2.02040005
148.832108 -98.9850998 2.35800004
148.928146 -98.8227005 3.63374996
148.89386 -98.9001007 3.90989995
148.967804 -98.6753006 0.238600001
148.8992 -98.6054001 0.860700011
148.913788 -98.6280975 1.77474999
148.857513 -98.7001953 1.90034997
148.88765 -98.6881256 2.07877493
148.882095 -98.4032974 0.0825999975
148.848953 -98.4543228 0.298325002
148.850845 -98.4945374 0.531379998
148.83934 -98.5243988 0.710733354
148.866196 -98.5286026 0.9023
148.853394 -98.5690002 1.11489999
148.878815 -98.5261002 1.3074286
148.894455 -98.5038681 1.44075
148.961899 -98.5795975 1.6336
148.879395 -98.513298 2.14750004
148.89566 -98.5298462 2.21959996
148.810394 -98.4573975 3.31439996
148.919342 -98.5299988 3.65834999
148.955002 -98.2722015 5.32450008
148.921906 -98.1274643 5.33936644
148.884949 -97.7571487 -0.0618999973
148.930893 -97.5462036 -0.0577999987
148.966339 -97.3905029 -0.0541500002
148.922699 -97.0470963 -0.0759000033
148.858002 -96.870903 -0.0949999988
148.834 -96.7316971 -0.0705666691
148.990601 -96.5185013 -0.0834999979
148.895554 -96.3699493 -0.0884499997
148.9729 -96.020401 -0.101199999
148.897507 -95.9409943 -0.082525
148.833893 -95.4409027 -0.131099999
148.832794 -95.3315506 -0.120549999
148.953201 -95.0689011 -0.148800001
148.862396 -94.8646011 -0.0346000008
148.882904 -94.7890015 -0.142199993
148.903503 -94.5139008 -0.165999994
148.851105 -94.240303 -0.159899995
148.961792 -94.1446533 -0.160250008
148.807602 -93.889801 -0.188899994
148.960663 -93.700798 -0.156333327
148.917496 -93.5964966 -0.143000007
148.961807 -93.3598022 -0.113499999
148.922348 -92.8661957 -0.117550001
148.927795 -92.6244965 -0.0960000008
148.891708 -92.5178299 -0.108499996
148.921356 -92.2942963 -0.111399993
148.8909 -92.1334991 -0.0986000001
148.955444 -91.9236984 -0.129000008
148.821594 -91.6969986 -0.141350001
148.922607 -91.364502 -0.148699999
148.89296 -91.0585327 -0.158766672
148.858398 -90.460495 -0.106899999
148.856445 -90.3086014 -0.15275
148.876099 -90.1272964 -0.160899997
148.994995 -88.7053986 -0.216900006
148.826996 -88.1707993 -0.193200007
148.904495 -87.2739029 -0.239800006
148.923004 -86.6514969 -0.138099998
148.835403 -86.251297 -0.204500005
148.835693 -86.3338013 -0.198599994
148.970993 -86.0642014 -0.257499993
148.856506 -86.1501999 0.245700002
148.867401 -86.1135025 1.08070004
148.913193 -86.0539017 1.25610006
148.888702 -86.1052017 1.59870005
148.832397 -86.1195984 1.63090003
148.939896 -85.9825974 0.771000028
148.978806 -85.9919968 1.6049
149.155685 -99.9088211 0.28580001
149.138794 -99.9159012 1.9993
149.064453 -99.9207458 2.93875003
149.137787 -99.888855 3.09494996
149.132202 -99.9561005 3.29640007
149.07843 -99.7422028 0.127366662
149.036575 -99.6982956 0.266099989
149.004105 -99.6939011 2.046
149.1026 -99.6006012 2.41179991
149.067993 -99.7323303 2.93483329
149.025406 -99.6776962 3.72880006
149.122406 -99.5107269 0.106350005
149.098297 -99.4337463 1.96434999
149.093155 -99.5640564 2.30154991
149.177048 -99.5566559 2.53285003
149.071793 -99.4366989 2.9296
149.188202 -99.4421005 3.07139993
149.002106 -99.5764999 3.39299989
149.124298 -99.4565964 3.48110008
149.095062 -99.2448654 1.67813325
149.077499 -99.3051224 1.92785001
149.107849 -99.3123779 2.5160749
149.196899 -99.2802963 2.77279997
149.114258 -99.3237 2.88249993
149.084396 -99.2450638 3.28326678
149.053894 -99.2797012 3.52160001
149.008148 -99.3117981 3.91079998
149.192795 -99.1414032 1.7723
149.126328 -99.1245575 1.89064002
149.156799 -99.0197983 2.0402
149.179504 -99.1688995 2.52399993
149.07843 -99.1110992 3.1394999
149.08847 -99.1579971 3.26139998
149.1604 -99.1009979 4.27479982
149.1483 -98.8395538 1.24164999
149.018997 -98.9298019 1.8994
149.089401 -98.8260498 2.08080006
149.192505 -98.9904022 2.33290005
149.160294 -98.9347992 3.16000009
149.131256 -98.9555054 3.25549984
149.087708 -98.9350967 3.40770006
149.10495 -98.6399002 0.0412499979
149.097672 -98.7448044 1.24673331
149.023956 -98.6289062 1.65899992
149.009598 -98.7191467 1.88560009
149.124496 -98.6690521 2.31869984
149.061798 -98.6856003 3.66729999
149.005798 -98.733902 3.86019993
149.022995 -98.5395966 1.67980003
149.108063 -98.5238037 2.36294985
149.093704 -98.5418015 2.43370008
149.126099 -98.2920303 0.0283333343
149.024994 -98.3150024 3.69889998
149.019608 -98.3263016 5.28189993
149.134949 -98.048996 -0.0186499991
149.167938 -98.0515366 4.07416677
149.082825 -98.082077 5.36023998
149.116592 -97.8106995 -0.0742999986
149.023407 -97.8623962 5.30009985
149.087204 -97.6850357 -0.0586666688
149.106003 -97.5684967 -0.0631000027
149.087997 -97.2285995 -0.0931999981
149.139999 -97.2703018 4.70720005
149.074997 -97.0920486 -0.0766500011
149.096863 -96.887146 -0.077700004
149.097458 -96.7082596 -0.0785799995
149.007202 -96.3067017 -0.0869000033
149.024506 -96.1241989 -0.0992000028
149.019501 -95.914299 -0.101400003
149.054031 -95.5186691 -0.106033333
149.097443 -95.0642548 -0.127000004
149.128174 -94.9001007 -0.125166669
149.131653 -94.5151978 -0.148299992
149.060272 -94.3317337 -0.149199992
149.035294 -94.0258026 -0.148000002
149.092697 -93.7163696 -0.151600003
149.108749 -93.1089401 -0.123599999
149.048431 -92.4897308 -0.108866662
149.052902 -92.3921967 -0.0513000004
149.092407 -92.0851974 -0.103050001
149.093201 -91.8611984 -0.138699993
149.096695 -91.5973969 -0.122199997
149.1185 -90.7005005 -0.154200003
149.140396 -90.428299 -0.150099993
149.001907 -89.8343964 -0.184
149.063095 -89.6287994 -0.202299997
149.056702 -89.7609024 -0.131899998
149.110199 -89.5119476 -0.190800011
149.169403 -88.7254028 -0.221300006
149.074188 -88.2570038 -0.155699998
149.198105 -87.6910019 -0.223299995
149.077606 -87.558197 -0.203500003
149.143707 -87.1753006 -0.270099998
149.033203 -86.7957993 -0.288899988
149.084198 -85.9801025 -0.0815000013
149.135895 -85.8280029 0.328200012
149.092407 -85.9337997 0.744599998
149.076004 -85.9271011 1.19700003
149.052002 -85.9405975 1.22850001
149.1315 -85.8638992 1.41620004
149.124603 -85.865303 1.7234
149.047211 -85.9031525 1.91770005
149.043793 -85.8960037 2.1006999
149.191803 -85.7869034 1.84109998
149.2034 -99.933403 0.173899993
149.271255 -99.8717499 0.308600008
149.224503 -99.9070969 0.4208
149.328735 -99.9073029 1.88989997
149.295898 -99.8890991 2.09220004
149.317535 -99.8302383 3.1542666
149.313141 -99.695694 0.1008
149.350296 -99.786499 0.292299986
149.364105 -99.7956009 0.428799987
149.396301 -99.6520996 2.02830005
149.287994 -99.6605988 2.57069993
149.233704 -99.6128998 2.73539996
149.398605 -99.6437988 2.9440999
149.218094 -99.6162033 3.13660002
149.201508 -99.6311035 3.55240011
149.318634 -99.5670013 1.93206668
149.356949 -99.4650497 2.0220499
149.261688 -99.4483032 2.53660011
149.309265 -99.5402985 2.71140003
149.29805 -99.5196533 2.94894981
149.363297 -99.4433975 3.33375001
149.251205 -99.3470993 0.0447000004
149.309952 -99.2859039 1.86135006
149.237305 -99.3897018 2.01309991
149.327759 -99.3027954 2.29080009
149.393204 -99.2067032 2.7592001
149.334824 -99.2957306 2.94685006
149.297424 -99.3365326 3.35353327
149.346252 -99.3086014 3.44344997
149.323593 -99.0589981 0.0644000024
149.371506 -99.0706024 1.24549997
149.229309 -99.1001968 1.72144997
149.2444 -99.1752014 1.8484
149.354294 -99.023201 2.14720011
149.315659 -99.1166306 2.32983327
149.341339 -99.0736389 2.48900008
149.3255 -99.0918503 2.71712494
149.337799 -99.1629486 3.04204988
149.243851 -99.1462021 3.33229995
149.30246 -99.1280518 3.48080015
149.292877 -99.1838684 4.26683331
149.304993 -98.8732986 0.0315999985
149.252441 -98.9692001 1.91420007
149.2267 -98.8150024 2.18129992
149.296661 -98.8949509 2.296
149.370392 -98.8744507 2.4447999
149.205093 -98.8537979 3.13140011
149.313751 -98.9686508 3.31255007
149.291962 -98.9522476 3.49795008
149.327576 -98.9150009 3.68059993
149.320999 -98.8995972 4.1796999
149.262054 -98.6593018 0.0176999997
149.315475 -98.7306213 2.35159993
149.336655 -98.6331482 2.41409993
149.295044 -98.3142319 0.0258000009
149.276093 -98.3115997 5.34105015
149.304001 -98.0930481 -0.0289500002
149.219894 -98.1436005 0.0392999984
149.307297 -98.101799 4.09789991
149.309601 -97.9352493 -0.0644499958
149.261597 -97.9548035 5.21439981
149.347 -97.6244965 4.39379978
149.345093 -97.7046967 4.4684
149.268219 -97.4923782 -0.0610000007
149.295135 -97.4981003 4.3204999
149.375595 -97.5533981 4.42630005
149.251404 -97.3013 -0.0771000013
149.350571 -97.077034 -0.0755333304
149.282593 -96.8705978 -0.064000003
149.260101 -96.4552994 -0.115800001
149.290588 -96.3091965 -0.0966666713
149.304306 -96.0344009 -0.100500003
149.304108 -95.6554489 -0.0872000009
149.395401 -95.3651962 -0.128600001
149.230804 -95.1138 -0.146500006
149.238998 -94.9869995 -0.140300006
149.366806 -94.7488022 -0.148800001
149.306137 -94.5019684 -0.158399999
149.392807 -94.2124023 -0.185699999
149.207703 -94.1822968 -0.166099995
149.289352 -93.9224014 -0.156550005
149.306152 -93.6681976 -0.139400005
149.313507 -93.135704 -0.114600003
149.322952 -92.6403503 -0.119900003
149.232697 -92.5963974 -0.135199994
149.237 -91.8807526 -0.13955
149.332092 -91.494873 -0.151950002
149.2099 -91.2797012 -0.0900000036
149.29834 -90.9539032 -0.168300003
149.376007 -90.2042999 -0.165800005
149.347794 -90.0944977 -0.170599997
149.311996 -89.6285019 -0.2236
149.373993 -89.7352982 -0.141499996
149.365799 -89.5883026 -0.201900005
149.354202 -89.4641037 -0.179800004
149.316895 -88.6213989 -0.223199993
149.369598 -88.4604492 -0.163800001
149.329803 -87.1171036 -0.262800008
149.323502 -85.847702 -0.227599993
149.201996 -85.8450012 0.587700009
149.360291 -85.7374573 -0.125750005
149.279907 -85.7621002 0.386200011
149.31134 -85.719696 0.646800041
149.264999 -85.7699966 1.06130004
149.290009 -85.7405548 1.26609993
149.310303 -85.7136002 1.49393332
149.303345 -85.7194977 1.65034997
149.286301 -85.697197 1.92130005
149.279358 -85.665802 2.11107492
149.230103 -85.6832962 2.23510003
149.341095 -85.5887985 2.28760004
149.373596 -85.0446014 5.50769997
149.262405 -85.0742035 5.60909986
149.330597 -84.940834 5.51203346
149.324295 -84.9994965 5.60510015
149.544205 -99.8265991 0.114699997
149.517105 -99.8646317 0.273533344
149.481049 -99.9187469 1.88820004
149.576096 -99.8060989 2.00370002
149.402802 -99.9914017 2.97849989
149.484497 -99.9927979 3.13800001
149.577103 -99.8644028 3.2881999
149.430405 -99.9150009 3.52279997
149.509003 -99.6822968 0.107699998
149.448456 -99.7870026 0.30309999
149.507645 -99.7280426 1.91681433
149.522797 -99.6956482 2.07644987
149.5867 -99.6529999 2.43149996
149.563797 -99.6776962 2.84649992
149.494598 -99.7590027 3.26239991
149.417007 -99.5671005 0.0749000013
149.451004 -99.4465027 1.89339995
149.560303 -99.5903015 2.58229995
149.442108 -99.4407959 2.91470003
149.525955 -99.4661484 3.04785013
149.468094 -99.539299 3.37599993
149.459305 -99.5091019 3.48130012
149.587555 -99.2903519 0.0398500003
149.565796 -99.2018967 1.23049998
149.55188 -99.3050232 1.889925
149.559692 -99.2678986 2.56340003
149.570343 -99.2493515 2.71545005
149.506561 -99.2745972 2.88676667
149.536697 -99.3731003 3.03970003
149.527206 -99.2841034 3.52469993
149.541794 -99.3904037 3.6624999
149.476135 -99.1460342 0.0422666669
149.438736 -99.0960312 1.23430002
149.5569 -99.0923996 1.73409998
149.501907 -99.1444016 1.85941672
149.497803 -99.0829468 2.38030005
149.501007 -99.0577774 2.47810006
149.472992 -99.0858002 2.66532493
149.520554 -99.1326828 2.88214993
149.5233 -99.0926971 3.24189997
149.50264 -99.052269 3.47726679
149.588303 -99.1407013 6.06409979
149.447601 -98.886795 2.30033326
149.482071 -98.9316101 2.4777751
149.571808 -98.8800964 2.62605
149.583099 -98.8623962 3.46359992
149.573456 -98.9448013 3.65464997
149.569107 -98.8187027 6.05569983
149.490265 -98.695549 2.37459993
149.506546 -98.720047 2.43212509
149.572403 -98.7269974 3.95219994
149.479095 -98.6241989 6.02519989
149.442703 -98.4573975 0.0423999988
149.540909 -98.481842 2.35349989
149.451065 -98.5200348 2.4708333
149.491135 -98.4172363 4.12576675
149.494553 -98.2070007 -0.0412999988
149.560196 -98.3768005 2.3039999
149.429199 -98.2953033 4.04589987
149.439102 -98.2171021 5.26230001
149.538803 -98.0703506 -0.0455000028
149.558807 -97.882103 -0.0631000027
149.5392 -97.8365021 5.04279995
149.565399 -97.6231995 4.36740017
149.482513 -97.6725159 4.50734997
149.459198 -97.5103989 -0.0511000007
149.454803 -97.5307007 0.0100999996
149.407196 -97.5033035 4.70289993
149.533401 -97.3566971 -0.0560000017
149.540253 -97.0764313 -0.0776499957
149.515701 -96.9461975 -0.0882000029
149.555298 -96.658699 -0.0763999969
149.493698 -96.4955368 -0.0948666707
149.43335 -96.3670502 -0.0879999995
149.434952 -96.0527954 -0.111000001
149.539963 -95.9015656 -0.109533332
149.448135 -95.752533 -0.104366668
149.529999 -95.2609711 -0.132699996
149.50885 -95.189743 -0.115450002
149.515732 -94.7114716 -0.154933333
149.529037 -94.4775696 -0.168699995
149.406296 -93.8576965 -0.230599999
149.5289 -93.8206024 -0.113300003
149.537201 -93.444397 -0.105700001
149.465363 -93.2314453 -0.125699997
149.477905 -93.1790009 -0.115900002
149.509598 -92.8504715 -0.116675004
149.517731 -92.7170029 -0.100699998
149.563095 -92.319603 -0.116700001
149.515411 -92.092247 -0.142800003
149.48996 -91.9681015 -0.129600003
149.496902 -91.6232986 -0.172199994
149.405899 -91.0971985 -0.156499997
149.449203 -90.9608002 -0.176400006
149.599396 -90.6848984 -0.134000003
149.590698 -90.2627029 -0.170499995
149.540695 -89.7057037 -0.200800002
149.460999 -89.6752014 -0.168699995
149.587601 -89.5865021 -0.188700005
149.574493 -89.205101 -0.162799999
149.483902 -88.7389984 -0.238299996
149.511795 -88.3348999 -0.186700001
149.544205 -87.3472977 -0.200299993
149.486801 -87.0530014 -0.260399997
149.459702 -86.9713974 -0.261099994
149.533798 -86.930397 -0.165000007
149.485443 -86.6443024 -0.261950016
149.552505 -86.6489029 5.55690002
149.570496 -86.5242996 5.38070011
149.578598 -85.9214325 5.07500029
149.423798 -85.6035995 0.620400012
149.422699 -85.6148987 0.82069999
149.523895 -85.7598038 4.9368
149.576401 -85.685997 5.24480009
149.567749 -85.5279999 0.331550002
149.4888 -85.5887985 0.469000012
149.563004 -85.5056 0.676100016
149.558807 -85.5050964 1.27310002
149.538467 -85.4862671 1.49919999
149.432037 -85.5800018 1.88085008
149.466309 -85.5261002 2.08614993
149.500305 -85.4030991 2.20110011
149.533493 -85.2628021 5.54409981
149.498444 -85.0552521 5.36350012
149.44014 -85.0750351 5.52440023
149.502045 -84.9512482 5.36140013
149.408401 -84.9624023 5.51179981
149.410507 -84.9598999 5.62200022
149.689896 -99.8812714 0.157975003
149.672699 -99.9121552 0.291850001
149.717697 -99.9957962 0.449600011
149.625793 -99.8460007 1.67910004
149.631302 -99.8086319 1.93573332
149.709259 -99.9411697 2.10353327
149.771393 -99.8124008 2.2665
149.631744 -99.851799 2.59634995
149.764801 -99.8315964 2.71679997
149.773605 -99.8000031 2.98469996
149.712006 -99.7034988 0.0781000033
149.608047 -99.6426544 1.93930006
149.686295 -99.7331619 2.29273343
149.686981 -99.6844254 2.63397503
149.698502 -99.7039032 2.91254997
149.631134 -99.7003021 3.25566673
149.758896 -99.6828461 3.48834991
149.792496 -99.6680984 4.16650009
149.758194 -99.4085007 2.00040007
149.735306 -99.5215988 2.71370006
149.711456 -99.4611053 2.87015009
149.608795 -99.4343033 3.1401
149.612 -99.4681015 3.30340004
149.7724 -99.5746994 4.25829983
149.776993 -99.2609024 0.0178999994
149.686951 -99.3238831 1.24355006
149.695251 -99.2675247 1.91240001
149.718201 -99.3485031 2.04480004
149.704193 -99.2797012 2.2895999
149.732605 -99.3660965 2.52519989
149.767807 -99.2313995 2.98530006
149.698608 -99.2957993 3.36264992
149.726501 -99.2988968 3.92770004
149.604797 -99.1048965 0.0165999997
149.682999 -99.1390991 2.37669992
149.642761 -99.1179504 2.48935008
149.619202 -99.0137024 2.67759991
149.692871 -99.1356659 3.44320011
149.630798 -98.8829041 2.76189995
149.731003 -98.8210983 3.36310005
149.648895 -98.9431458 3.45484996
149.751404 -98.9185486 3.68604994
149.65509 -98.6721497 0.0163000003
149.621597 -98.7822037 2.39529991
149.665298 -98.6343002 3.32669997
149.680908 -98.7397461 3.40735006
149.692093 -98.6437988 4.14849997
149.606995 -98.7862015 6.05389977
149.688599 -98.4365005 -0.0239000004
149.751251 -98.5122528 0.00499999989
149.701904 -98.4977036 2.1487999
149.635818 -98.4651413 2.28453994
149.720505 -98.4506607 4.06803989
149.7771 -98.5859985 4.81540012
149.6763 -98.2809982 -0.0164000001
149.647156 -98.3784485 2.14549994
149.717697 -98.3040848 2.29435015
149.693802 -98.3145676 4.09259987
149.754593 -98.3676987 5.0085001
149.7276 -98.2201004 5.87459993
149.713806 -98.0886002 -0.0412000008
149.697403 -98.0139008 3.85840011
149.733002 -98.0633011 4.24550009
149.739502 -98.1222 4.98190022
149.748795 -97.9787979 -0.0491999984
149.6866 -97.8235016 4.05429983
149.655106 -97.9153442 4.31630039
149.675903 -97.8402481 4.42545033
149.613297 -97.9815979 5.03660011
149.693146 -97.6312027 -0.0790500045
149.742294 -97.7369003 4.36806679
149.6539 -97.7455978 4.45195007
149.796204 -97.5503006 -0.0625
149.707092 -97.5057983 4.4861002
149.634094 -97.5867996 4.67500019
149.681793 -97.3055496 -0.070449993
149.731293 -96.6983948 -0.0884499997
149.724304 -96.547699 -0.0957000032
149.773895 -96.2361984 -0.0996999964
149.770996 -96.060997 -0.106799997
149.654602 -95.9420471 -0.104000002
149.771698 -95.6038971 -0.105599999
149.606506 -95.453598 -0.108999997
149.682159 -95.3255463 -0.1338
149.74295 -94.8300476 -0.148649991
149.740402 -94.7902985 -0.150399998
149.681198 -94.236702 -0.157700002
149.720337 -94.1146317 -0.142700002
149.669189 -93.6466522 -0.117750004
149.655609 -93.5178299 -0.120666668
149.790894 -93.0804977 -0.113300003
149.7444 -92.8786011 -0.114749998
149.647995 -92.6751022 -0.120999999
149.701477 -92.4549026 -0.128166676
149.720901 -92.0831985 -0.0227000006
149.695908 -91.8775024 -0.153500006
149.763901 -91.6055984 -0.161599994
149.654495 -91.5576477 -0.0868500024
149.701797 -91.0860443 -0.143099993
149.658203 -90.9448013 -0.152700007
149.720703 -90.6622009 -0.177900001
149.673492 -90.2057037 -0.157800004
149.751404 -89.9860001 -0.0807000026
149.754196 -89.5567017 -0.205599993
149.72377 -89.4648361 -0.164166659
149.619598 -89.300499 -0.154599994
149.765305 -88.7705002 -0.208900005
149.796204 -88.4700012 -0.214900002
149.733597 -88.5320969 -0.112800002
149.7341 -87.4161987 -0.2324
149.675095 -87.2054977 -0.196600005
149.639603 -87.0311966 -0.251700014
149.740784 -86.5132675 5.28951406
149.73465 -86.3500519 5.17179966
149.695251 -85.8846283 4.95252514
149.746201 -85.4122009 0.0744000003
149.623596 -85.4375992 0.466100007
149.676895 -85.4016037 0.980799973
149.655396 -85.4291992 1.02479994
149.645599 -85.4396973 1.21280003
149.684006 -85.4054031 1.65320003
149.795898 -85.5319977 4.87470007
149.773804 -85.3021011 0.680299997
149.776398 -85.3246994 1.13129997
149.716995 -85.3520966 1.41209996
149.709244 -85.3505325 1.91993332
149.608093 -85.3389969 2.18230009
149.795898 -85.2182999 4.79939985
149.779602 -85.2785034 5.21500015
149.720596 -85.0870667 5.04853344
149.680878 -85.1238022 5.313375
149.670395 -84.9982986 5.28179979
149.907944 -99.9254227 0.141399994
149.940994 -99.9992981 0.204099998
149.876404 -99.8386002 2.11299992
149.907745 -99.9077454 2.31960011
149.850296 -99.9938965 2.52320004
149.906403 -99.8530502 2.72064996
149.865036 -99.8957977 2.90910006
149.958191 -99.9422455 3.49520016
149.820297 -99.6095963 0.057599999
149.976151 -99.6752014 1.23804998
149.82074 -99.7671967 2.06040001
149.945602 -99.6323013 2.2407999
149.948227 -99.7237701 2.4539001
149.877777 -99.6898804 2.68623996
149.886353 -99.7059021 2.88565016
149.972504 -99.6890488 3.09925008
149.9534 -99.6016006 3.29579997
149.819702 -99.7834015 3.49519992
149.968094 -99.7088013 4.19990015
149.901993 -99.5811005 0.057599999
149.894394 -99.5678024 1.19889998
149.898605 -99.5929031 1.24749994
149.936813 -99.4609375 1.95983338
149.872192 -99.5268478 2.08010006
149.998505 -99.5975037 2.28690004
149.875351 -99.5571442 2.51415014
149.974899 -99.544899 2.61969995
149.897598 -99.5863037 2.8204999
149.997604 -99.5035019 3.28060007
149.884598 -99.490303 3.46679997
149.857895 -99.475502 3.81739998
149.863403 -99.5368958 4.09165001
149.920807 -99.3208008 3.25489998
149.835403 -99.2148972 3.40450001
149.885101 -99.3229523 3.68120003
149.919693 -99.2256012 3.88010001
149.943573 -99.2963333 5.65736675
149.962204 -99.2863998 5.88360023
149.917099 -99.1511993 3.26929998
149.819305 -99.0905991 3.69560003
149.981796 -99.0348969 4.63710022
149.826004 -99.1120987 4.98640013
149.867493 -98.9885025 3.33850002
149.954407 -98.9196014 3.72930002
149.800903 -98.870903 4.09679985
149.925598 -98.8945999 5.01840019
149.882706 -98.9244003 5.90910006
149.882004 -98.6188965 -0.00870000012
149.872803 -98.7434006 0.00760000013
149.868423 -98.6871796 3.89514995
149.902298 -98.6404495 4.07089996
149.964249 -98.7257996 4.72480011
149.907593 -98.6511002 4.85510015
149.810699 -98.6799011 6.21579981
149.889755 -98.5059967 -0.0421999991
149.805405 -98.5142975 0.0280000009
149.871002 -98.5790024 3.52979994
149.893295 -98.5787964 3.96269989
149.912506 -98.478302 4.76830006
149.982697 -98.5195999 4.88675022
149.972397 -98.4014969 5.01520014
149.899506 -98.2509003 3.71399999
149.889206 -98.3511963 4.01469994
149.858093 -98.2927017 4.94309998
149.906342 -98.2465973 5.0678997
149.870102 -98.1156235 -0.0632399991
149.995697 -98.1867981 3.73379993
149.889404 -98.0438004 3.93970013
149.901642 -98.0906219 4.12037992
149.953033 -98.0932693 5.10226679
149.91684 -97.8576965 -0.0642666668
149.909531 -97.909668 4.09556675
149.921753 -97.8549042 4.27174997
149.885849 -97.8560028 5.01475
149.984604 -97.7238007 -0.0948999971
149.949997 -97.6897964 5.11759996
149.820007 -97.5820007 4.47100019
149.984802 -97.5631027 5.07690001
149.909103 -97.0579987 -0.076700002
149.879791 -96.7223969 -0.10125
149.882004 -96.1501999 -0.1074
149.919296 -95.9505005 -0.103399999
149.932297 -95.6539001 -0.109700002
149.826141 -95.4905014 -0.119000003
149.950165 -95.0694962 -0.13866666
149.906204 -94.8889999 -0.168200001
149.884201 -94.7540665 -0.14593333
149.999207 -94.5167007 -0.0493000001
149.865921 -94.3136139 -0.146066666
149.886292 -94.0962524 -0.119900003
149.864197 -93.8802032 -0.116599999
149.840103 -93.655899 -0.115699999
149.931854 -93.4371033 -0.115099996
149.917404 -93.096199 -0.0406999998
149.856598 -92.9366989 -0.0607500002
149.946259 -92.4713974 -0.158849999
149.962799 -92.3621979 -0.1206
149.839294 -91.8419037 -0.137899995
149.880707 -91.2517014 -0.142700002
149.933197 -91.1396027 -0.164900005
149.940338 -90.8744507 -0.155100003
149.886398 -90.2003021 -0.162300006
149.880997 -90.0372467 -0.176400006
149.854904 -88.7307968 -0.208000004
149.923492 -88.4427032 -0.231900007
149.959106 -88.0814972 -0.181999996
149.943542 -87.7363968 -0.239849985
149.854828 -86.6579514 5.29367495
149.817307 -86.5479965 -0.209900007
149.884125 -86.469162 5.11049986
149.892502 -86.4298477 5.22309971
149.977829 -86.305603 4.91476679
149.880676 -86.3396988 5.12457991
149.944656 -86.3319168 5.91449976
149.931503 -86.3542023 6.03919983
149.871201 -86.1965027 4.93569994
149.897705 -85.8496017 -0.215000004
149.953003 -85.8696976 4.73460007
149.910049 -85.9265518 4.85982513
149.800293 -85.800499 5.0177002
149.899597 -85.6575012 -0.27579999
149.866028 -85.7681656 4.87109995
149.982193 -85.7789993 5.59919977
149.917801 -85.6943665 5.70683336
149.833099 -85.7453003 5.80859995
149.918045 -85.4947052 4.88784981
149.816895 -85.2517014 0.543099999
149.893707 -85.2527008 1.18159997
149.938507 -85.2291031 1.20930004
149.894394 -85.2685013 1.75349998
149.919006 -85.245697 4.73239994
149.936569 -85.2639771 4.8526001
149.954697 -85.2827988 5.06220007
149.996796 -85.1424026 -0.134299994
149.929993 -85.1436996 0.620599985
149.924393 -85.186203 1.37839997
149.94809 -85.1673279 1.51147497
149.871307 -85.1949005 1.74720001
149.917511 -85.1617432 2.10310006
149.943207 -85.177002 4.52019978
149.851196 -85.0578995 4.78429985
149.921631 -85.112236 4.87393332
149.883698 -85.0932388 5.14099979
149.980804 -85.0811996 6.38149977
149.945343 -85.0694427 6.54920006
149.961395 -84.9241028 4.91809988
149.910309 -84.8802032 5.03439999
149.972 -84.7380981 4.87349987
149.929596 -84.7662964 5.00220013
149.9711 -84.4049988 4.46239996
149.976807 -83.9559021 5.39779997
150.122269 -99.8297729 0.112424999
150.195801 -99.9000015 1.29519999
150.184494 -99.9975967 1.99989998
150.0896 -99.8131027 2.1795001
150.119003 -99.8771973 2.25559998
150.094757 -99.8995514 2.53314996
150.118042 -99.9610443 2.72515011
150.001602 -99.8871002 2.96469998
150.064392 -99.8610992 3.06365013
150.052094 -99.9645996 3.25329995
150.183899 -99.838501 3.64829993
150.158447 -99.8809509 4.06659985
150.101822 -99.7048264 0.0829000026
150.089294 -99.719902 1.24116004
150.106018 -99.7108765 2.11847496
150.076813 -99.7065735 2.29446673
150.086334 -99.6989746 2.49214983
150.078156 -99.7424469 2.671
150.013763 -99.744751 2.89654994
150.008606 -99.6809006 3.07909989
150.11911 -99.6429672 3.27799988
150.109406 -99.5502014 -0.0178999994
150.026398 -99.4224014 0.0269000009
150.023804 -99.5335007 1.98740005
150.037994 -99.5581665 2.11743331
150.114731 -99.533432 3.24936676
150.009705 -99.5175018 3.44860005
150.071198 -99.4070969 4.90399981
150.047607 -99.4095001 5.67199993
150.169601 -99.4766998 6.66839981
150.193405 -99.3759995 3.17880011
150.08844 -99.2801056 3.35055017
150.112503 -99.248703 3.49609995
150.055862 -99.3396683 4.10906649
150.01944 -99.21595 4.5451498
150.119507 -99.0839539 0.0488499999
150.009598 -99.1063995 3.54099989
150.132751 -99.1412964 4.31430006
150.065491 -99.1658936 4.47060013
150.024094 -99.1695023 5.00360012
150.185501 -99.1390991 6.00979996
150.010696 -98.8675003 -0.00510000018
150.101196 -98.9189987 0.0109000001
150.166504 -98.9225998 3.42280006
150.143005 -98.9219971 3.60170007
150.048706 -98.8625031 3.80690002
150.025497 -98.9163513 4.69005013
150.162994 -98.8915024 6.06809998
150.122406 -98.727829 -0.0323666669
150.071243 -98.7397995 3.73574996
150.025604 -98.6262512 3.87129998
150.0336 -98.7595978 4.79209995
150.090546 -98.6730499 4.97704983
150.121704 -98.691803 6.16514969
150.139206 -98.4937973 -0.0487999991
150.080795 -98.475174 3.91059995
150.052856 -98.5142975 4.8810997
150.126205 -98.5745316 5.03176689
150.096802 -98.4670029 6.16020012
150.056152 -98.3182983 -0.0354500003
150.096939 -98.2630386 3.94648004
150.187897 -98.2156982 4.01749992
150.033752 -98.296051 5.16310024
150.067825 -98.0809708 -0.0583666675
150.114105 -98.1920471 3.89615011
150.087402 -98.1495972 4.05219984
150.090103 -98.0055008 5.14249992
150.132568 -97.8953323 3.93503332
150.170807 -97.8843002 4.25969982
150.043594 -97.8893967 5.12890005
150.089203 -97.6393967 -0.0754000023
150.09462 -97.6749725 4.10907507
150.166397 -97.6034012 4.25990009
150.142395 -97.5901031 -0.0595999993
150.168503 -97.4559021 4.16270018
150.116974 -97.4964218 4.22107983
150.047195 -97.3174973 -0.0875333324
150.113251 -97.0625534 -0.0759999976
150.1362 -96.8246994 -0.0991000012
150.051102 -96.6358032 -0.0585500002
150.075607 -96.3393021 -0.1127
150.053696 -96.1423035 -0.105800003
150.064941 -95.8427505 -0.113150001
150.085526 -95.6955719 -0.114824995
150.032196 -95.2490005 -0.135000005
150.051895 -94.9309998 -0.147300005
150.181107 -94.6511993 -0.140400007
150.145905 -94.5484009 -0.1567
150.095001 -94.0738525 -0.126049995
150.074905 -93.8981018 -0.122699998
150.046799 -93.6974335 -0.0923999995
150.086761 -93.4828491 -0.0745999962
150.130203 -93.2882996 -0.0895500034
150.065262 -93.1342697 -0.0979666635
150.137802 -92.8834 -0.0647
150.100693 -92.6281967 -0.122199997
150.070572 -92.0498352 -0.114133336
150.085907 -91.6763992 -0.218700007
150.071899 -91.3236618 -0.168666676
150.130707 -90.9369965 -0.153999999
150.196899 -90.789299 -0.161500007
150.112595 -90.5103989 -0.162300006
150.144394 -89.3942032 -0.176899999
150.158295 -88.7715988 -0.0878000036
150.026398 -88.4078979 -0.243699998
150.023193 -88.1660004 -0.116899997
150.077103 -87.5335007 -0.201900005
150.123901 -87.1917038 -0.226500005
150.052704 -86.6229019 -0.304699987
150.145798 -86.7385025 5.25600004
150.175903 -86.4316025 4.65990019
150.147461 -86.4457169 5.12678003
150.052994 -86.4020996 5.22489977
150.152252 -86.4315491 5.91144991
150.132034 -86.213501 4.68443346
150.107422 -86.273468 4.93261433
150.056091 -86.3619995 5.08224964
150.015198 -86.3503036 5.21920013
150.175751 -86.2156982 5.47044992
150.117096 -86.2917023 5.68739986
150.092239 -86.2958374 5.84450006
150.010498 -86.1579971 4.77610016
150.058395 -86.0867004 4.81879997
150.110596 -86.1998978 5.35410023
150.121902 -86.020401 5.46199989
150.174301 -86.1232986 5.7729001
150.048599 -85.8863983 -0.219600007
150.100296 -85.8758011 4.55760002
150.133759 -85.906601 4.72115993
150.0271 -85.8356018 4.82870007
150.080505 -85.8499985 5.57259989
150.141159 -85.8645706 5.64723349
150.101898 -85.790802 4.57630014
150.164551 -85.7337952 4.68274975
150.149597 -85.7177963 4.80709982
150.189499 -85.7277985 5.1402998
150.155197 -85.6830978 5.34899998
150.124664 -85.7371674 5.47686672
150.064667 -85.7374954 5.67943335
150.184799 -85.4385986 4.6578002
150.098572 -85.5127335 4.88810015
150.157196 -85.5347977 6.50750017
150.108032 -85.2496643 4.76643324
150.162506 -85.3590012 4.90570021
150.142395 -85.316597 6.37419987
150.088394 -85.0767975 0.0813999996
150.016907 -85.1139984 0.241899997
150.062195 -85.0535965 0.727999985
150.043701 -85.0953979 0.822099984
150.014496 -85.1404037 1.37010002
150.112457 -85.0566559 1.55589998
150.053299 -85.0783539 1.74129999
150.058899 -85.0690002 2.05430007
150.158905 -85.0416031 3.8993001
150.139008 -85.1013947 4.51920033
150.026901 -85.0755997 4.70765018
150.135498 -85.1960983 4.88899994
150.194107 -85.1523972 6.17309999
150.082001 -85.1343994 6.32590008
150.102676 -85.1060257 6.46472502
150.098953 -85.0566559 6.67135
150.198898 -84.9657974 0.254900008
150.140396 -84.9990997 0.895799994
150.161804 -84.9906998 1.1056
150.150101 -84.975296 1.89020002
150.160095 -84.9569473 3.83115005
150.1716 -84.9300003 4.01739979
150.064346 -84.8868484 4.7329998
150.180695 -84.8300018 4.83860016
150.082504 -84.8424988 5.23169994
150.147141 -84.9653015 6.2713666
150.030502 -84.838501 6.59590006
150.050095 -84.995903 6.62319994
150.147705 -84.6258011 4.26240015
150.149597 -84.6212006 4.58790016
150.0672 -84.6603012 4.94764996
150.101303 -84.7815018 5.18009996
150.172607 -84.5214996 4.02190018
150.124802 -84.4814987 4.3354001
150.070099 -84.4153976 5.6645999
150.114594 -84.3600998 4.18909979
150.171707 -84.3467026 5.17019987
150.169907 -84.3498993 5.29390001
150.120148 -84.0730438 5.0854001
150.059097 -84.0389023 5.28509998
150.140747 -83.9855042 5.07075024
150.287506 -99.9165039 0.116599999
150.25766 -99.9031067 1.23125005
150.355392 -99.8985367 2.09387994
150.379196 -99.9540024 2.32649994
150.278137 -99.9512482 2.89359999
150.376648 -99.9087982 3.18095016
150.257706 -99.8173981 3.22280002
150.213303 -99.9343033 3.66689992
150.371002 -99.9573517 3.89949989
150.334106 -99.7612991 0.0665999949
150.233398 -99.7631531 2.10345006
150.326599 -99.642601 2.24670005
150.395599 -99.7562027 2.70970011
150.343994 -99.455101 0.0513000004
150.309998 -99.4179993 3.34920001
150.278793 -99.4000015 3.58640003
150.238007 -99.4228973 5.05049992
150.354294 -99.5752029 5.51940012
150.214096 -99.4710999 5.67309999
150.312805 -99.5270004 6.72714996
150.290405 -99.4869995 6.8203001
150.37085 -99.3621979 0.0843499973
150.220001 -99.258194 3.03740001
150.248001 -99.2906036 3.22140002
150.300201 -99.2181015 3.58439994
150.252701 -99.2057037 4.9222002
150.345703 -99.2585983 5.51545
150.298538 -99.2432022 6.92449999
150.360443 -99.1168518 0.00970000029
150.314102 -99.0020981 3.19400001
150.309052 -99.0506516 3.48130012
150.365692 -99.0716019 3.88985014
150.335297 -99.0046005 4.74860001
150.249298 -99.1903992 4.89900017
150.303299 -99.1020966 5.3519001
150.303604 -99.1043015 5.40950012
150.279602 -99.1567993 5.91169977
150.283997 -98.9552002 -0.0110999998
150.34343 -98.9109955 3.34893322
150.251556 -98.9599304 3.51079988
150.380493 -98.9061966 3.60019994
150.370804 -98.9297028 3.95280004
150.321167 -98.86203 4.66063309
150.334198 -98.7721024 -0.0241
150.310196 -98.7910004 3.36019993
150.233704 -98.7955017 3.51460004
150.279999 -98.7742996 3.69740009
150.208099 -98.7757034 3.90930009
150.275513 -98.5435486 -0.0381000005
150.329803 -98.510025 3.87034988
150.283493 -98.4645996 5.12269974
150.260742 -98.5768509 6.08220005
150.281799 -98.3202362 -0.0514333323
150.382599 -98.2453995 3.62240005
150.209595 -98.3066025 3.87669992
150.302704 -98.2917328 4.10756683
150.37265 -98.265152 4.23939991
150.202896 -98.2453003 5.14440012
150.268997 -98.1187973 3.81450009
150.294601 -98.1981964 4.29839993
150.217697 -98.0391998 5.14309978
150.294357 -97.9075394 4.13965988
150.290695 -97.8566971 4.26834011
150.310913 -97.7085724 -0.071800001
150.230499 -97.7534027 4.1960001
150.284088 -97.5718002 -0.0812999979
150.304001 -97.3815002 4.39760017
150.287552 -97.1132431 -0.088059999
150.267395 -96.9255981 -0.101300001
150.2939 -96.4858246 -0.0833799988
150.290039 -96.3569946 -0.10165
150.270401 -95.9269028 -0.132200003
150.309204 -95.4740524 -0.11135
150.344406 -95.2807007 -0.159899995
150.306641 -95.1174011 -0.14305
150.299622 -94.7101212 -0.145599991
150.284546 -94.5106049 -0.122749999
150.324844 -94.096199 -0.123433329
150.280701 -93.8760986 -0.0936999992
150.240402 -93.7110977 -0.0207000002
150.292358 -93.5023956 -0.0764999986
150.300598 -93.3571472 -0.0996000022
150.296494 -93.191597 -0.121600002
150.343689 -92.8788452 -0.12560001
150.251999 -92.6305008 -0.123599999
150.276001 -92.482254 -0.122099996
150.368896 -92.2830658 -0.116966665
150.368607 -92.1792984 -0.150399998
150.296097 -91.8146973 -0.0931999981
150.371399 -91.4935989 -0.176499993
150.248901 -91.0978012 -0.141399994
150.371643 -90.8989563 -0.15259999
150.375305 -90.6071014 0.547500014
150.374405 -90.5867996 -0.178299993
150.376343 -90.4766693 0.562566638
150.387405 -90.4461975 0.612900019
150.373901 -90.2818985 0.534150004
150.372803 -90.2385025 0.636699975
150.379303 -90.0718994 0.543200016
150.385193 -90.1065979 0.658399999
150.301804 -89.8822021 -0.182899997
150.365768 -89.9219971 0.505266666
150.339493 -89.6149979 -0.166500002
150.357178 -89.6863251 0.563199997
150.372192 -89.5075989 0.532050014
150.383209 -89.4636993 0.703850031
150.323944 -89.2930756 0.548699975
150.348206 -89.2622986 0.622300029
150.333893 -89.1392517 0.494599998
150.332596 -87.7496033 -0.189099997
150.336502 -87.0901489 -0.245999992
150.335403 -86.8936996 -0.235200003
150.263702 -86.6672974 5.10544968
150.343796 -86.6857986 5.20240021
150.3302 -86.4709473 4.98210001
150.293198 -86.5001526 5.07735014
150.315903 -86.4308014 5.77785015
150.304062 -86.2294388 4.70429993
150.300659 -86.3357544 4.88547516
150.252808 -86.2521973 5.27080011
150.297531 -86.2490997 5.50453329
150.235153 -86.3453064 5.71189976
150.209 -86.2643509 5.83069992
150.326599 -86.0768967 4.66410017
150.303772 -86.1260376 4.92626667
150.285995 -86.0509033 5.06510019
150.270706 -86.1306992 5.6729002
150.2966 -85.8578033 4.08330011
150.319229 -85.9099655 4.5625
150.298065 -85.8141022 4.70436668
150.210098 -85.9005966 4.84499979
150.295502 -85.8474503 5.29440022
150.215607 -85.879097 5.49179983
150.260193 -85.7143021 4.52120018
150.34024 -85.6306458 4.65205002
150.295746 -85.7152481 4.86049986
150.27356 -85.7210693 5.33023357
150.272202 -85.7514038 5.60400009
150.282104 -85.6296005 6.4387002
150.328094 -85.533699 4.36740017
150.305908 -85.4830475 4.48064995
150.308563 -85.5021667 4.77416658
150.260742 -85.4997559 4.83179998
150.340393 -85.5354004 5.23269987
150.360825 -85.3578033 4.55846691
150.278336 -85.2846832 4.69753313
150.260406 -85.2695007 5.49950027
150.381653 -85.3312988 5.62944984
150.289001 -85.3239365 5.90726662
150.284668 -85.306633 6.04276657
150.270264 -85.2823639 6.31096649
150.206604 -85.0008011 0.979200006
150.350433 -85.1078644 3.93546677
150.352798 -85.0362015 4.00139999
150.237 -85.0440979 4.43130016
150.327637 -85.1372604 4.65566015
150.327499 -85.1790009 4.81470013
150.392899 -85.1934967 5.0229001
150.301392 -85.1804047 5.4399004
150.350006 -85.1557999 5.80079985
150.281021 -85.1104507 6.10387516
150.239044 -85.1580963 6.35559988
150.222504 -85.1839981 6.49490023
150.219101 -85.1376038 6.61289978
150.364395 -84.8384018 0.111699998
150.317993 -84.9017029 0.205799997
150.258804 -84.9164963 0.640399992
150.371597 -84.8051987 0.935000002
150.305695 -84.9069061 1.09030008
150.354904 -84.8095016 1.23790002
150.3181 -84.8517456 1.73740005
150.262238 -84.8788605 1.95278001
150.264999 -84.8460007 2.0632
150.343506 -84.8508987 3.96359992
150.330109 -84.9149017 4.05240011
150.303467 -84.8670959 4.68123341
150.363403 -84.8900986 4.80189991
150.203094 -84.9801025 5.04979992
150.388397 -84.8995972 6.11850023
150.340057 -84.9141998 6.34940004
150.356201 -84.6959991 2.21160007
150.266907 -84.6869507 4.11229992
150.290558 -84.7074661 4.3348999
150.278473 -84.6731033 4.54850006
150.318695 -84.7248001 4.63500023
150.342697 -84.6821442 4.87969971
150.334 -84.5574036 4.16709995
150.251434 -84.5393524 4.29519987
150.232803 -84.5727997 4.43230009
150.3564 -84.4759521 5.06629992
150.378403 -84.3237 4.71850014
150.236099 -84.214798 4.9046998
150.290436 -84.3405762 5.14431238
150.266693 -84.3919983 5.2171998
150.264603 -84.1449509 5.12092495
150.318405 -84.0145035 5.3203001
150.474335 -99.8685684 0.147433341
150.436096 -99.9508057 2.18900013
150.472 -99.9457474 2.30770016
150.480194 -99.9649353 2.47693324
150.581207 -99.9287033 2.74410009
150.522995 -99.9294968 3.15840006
150.512543 -99.9156952 3.89820004
150.588699 -99.9555969 5.41230011
150.574829 -99.6331635 2.32886672
150.459961 -99.7138672 2.49436665
150.580902 -99.7176971 2.65980005
150.450195 -99.7636032 3.99640012
150.457794 -99.5111008 2.5546
150.411407 -99.4916992 4.99910021
150.495346 -99.3100204 0.0515750013
150.400497 -99.2161026 5.46379995
150.568695 -99.2414017 6.99550009
150.507904 -99.0820007 -0.00200000009
150.420197 -99.1322021 0.0308999997
150.540802 -99.1800995 3.30730009
150.482849 -99.080101 6.85414982
150.465195 -98.9161987 -0.0340000018
150.432602 -98.9107513 3.48259997
150.535004 -98.8870544 3.7276001
150.4095 -98.9542999 3.87639999
150.474747 -98.8999481 4.55749989
150.544296 -98.8779678 6.10080004
150.440201 -98.70755 -0.0527500026
150.437195 -98.7619019 3.17910004
150.500107 -98.6523972 3.34960008
150.531204 -98.7105026 3.56469989
150.504105 -98.6697693 3.73525
150.438843 -98.731102 3.84080005
150.556 -98.7263031 6.15080023
150.477402 -98.5322037 -0.0533999987
150.498978 -98.5093994 3.72379994
150.504807 -98.5049973 3.86290002
150.452606 -98.4395981 4.11210012
150.524704 -98.4262009 5.06865025
150.546005 -98.3046036 -0.0658000037
150.438934 -98.2717514 3.72329998
150.413757 -98.364151 3.83179998
150.518005 -98.3559036 4.17479992
150.553406 -98.3748016 4.98670006
150.536407 -98.1029968 4.07959986
150.557068 -98.0818024 4.3045001
150.523102 -98.0063019 5.12970018
150.484955 -97.8910522 -0.0651500002
150.511703 -97.9031982 4.3125
150.564896 -97.9745026 4.53950024
150.490433 -97.2945709 -0.0755999982
150.483398 -97.0818481 -0.0962999985
150.501801 -96.6636963 -0.08935
150.516968 -96.5050964 -0.0934000015
150.469604 -96.2251968 -0.104699999
150.462006 -96.0634995 -0.1294
150.457199 -95.8542023 -0.119999997
150.462555 -95.2969513 -0.145649999
150.474701 -95.1447983 -0.121200003
150.507401 -94.7213974 -0.219400004
150.510147 -94.6724014 -0.128399998
150.453201 -94.5951004 -0.1087
150.567093 -94.3447037 -0.114600003
150.472092 -94.1266632 -0.121033333
150.4496 -93.9797974 -0.111400001
150.511597 -93.7799988 0.0412999988
150.5793 -92.9300003 -0.0954999998
150.517151 -92.3274002 -0.121800005
150.509094 -92.0522995 -0.150000006
150.408997 -91.9748993 -0.152199998
150.575104 -91.7390518 -0.149700001
150.443695 -91.1490021 -0.156299993
150.588104 -90.6408997 0.526300013
150.500397 -90.6093979 0.620800018
150.570801 -90.4736023 -0.156499997
150.538544 -90.4263 0.513750017
150.589005 -90.3628006 0.480399996
150.412506 -89.7100983 0.640999973
150.569946 -89.0254974 -0.184049994
150.517197 -88.7516022 -0.207100004
150.521805 -88.5706024 -0.2509
150.480957 -88.4943008 -0.120799996
150.474792 -87.8956985 -0.247400001
150.499298 -86.9869995 -0.223900005
150.479294 -86.7988968 -0.252499998
150.417892 -86.6878967 4.99240017
150.588104 -86.6406021 5.43079996
150.504929 -86.639946 5.69180012
150.469696 -86.6475983 5.87090015
150.425201 -86.4236984 -0.259299994
150.473297 -86.4829025 4.87536669
150.531906 -86.5170975 5.02129984
150.572205 -86.5369492 5.50354958
150.514832 -86.5166016 5.72176647
150.556595 -86.3869019 -0.257800013
150.577301 -86.2018967 4.53219986
150.515701 -86.2943268 4.72809982
150.514954 -86.2837753 4.84149981
150.459305 -86.2359009 5.11339998
150.483902 -86.0359344 4.68060017
150.592194 -86.1837006 4.81869984
150.524399 -86.0149994 5.18760014
150.407806 -86.189003 5.32840014
150.571304 -86.1125031 5.59709978
150.547241 -86.0852966 5.73824978
150.556702 -85.8731995 4.02540016
150.440247 -85.8444977 4.28084993
150.498047 -85.9758987 4.56550026
150.500534 -85.9017029 4.66207981
150.479858 -85.9611511 4.95909977
150.502258 -85.9096069 5.09990025
150.570999 -85.8215027 5.3986001
150.593201 -85.6921005 3.93729997
150.511093 -85.7738571 4.07285976
150.508392 -85.7544022 4.36744976
150.458405 -85.7373962 4.56120014
150.506897 -85.702301 4.68410015
150.524399 -85.7173004 4.86619997
150.481094 -85.7372971 5.13119984
150.574005 -85.6763 5.50699997
150.574402 -85.6703033 5.87720013
150.534897 -85.680603 6.14960003
150.556793 -85.745903 6.24910021
150.595001 -85.4110031 2.62809992
150.548401 -85.5496979 4.36929989
150.530182 -85.5013809 4.53113985
150.517166 -85.4992599 4.73038006
150.504791 -85.4573517 4.89120007
150.462265 -85.505867 5.06483316
150.512756 -85.4794998 5.43015003
150.507507 -85.4777527 5.61940002
150.503998 -85.4308014 5.99440002
150.476318 -85.5511017 6.10205984
150.444397 -85.5355759 6.2967
150.534607 -85.5557022 6.4691
150.549393 -85.2037964 0.111599997
150.581802 -85.2995987 3.829
150.520401 -85.3625488 4.26729965
150.51944 -85.2224045 4.53786659
150.566147 -85.3150024 5.46904993
150.487946 -85.3000488 5.74454975
150.550018 -85.3394012 5.87779999
150.484802 -85.1662979 0.271200001
150.443802 -85.0435028 3.7328999
150.487167 -85.0805969 3.88281441
150.455505 -85.0682983 4.11800003
150.583893 -85.1105957 4.30730009
150.583405 -85.1788025 4.48089981
150.5905 -85.0636978 4.62330008
150.590302 -85.1679001 5.39769983
150.534637 -85.1512299 5.71033335
150.540298 -85.0604553 5.8434
150.519531 -85.0403748 6.07492495
150.401398 -84.8153992 0.0153999999
150.445099 -84.9307022 3.73979998
150.502625 -84.9203033 3.87205005
150.528656 -84.8905945 4.09739971
150.524841 -84.9033966 4.38835001
150.483246 -84.8905945 4.75409985
150.517242 -84.9017029 6.08470011
150.401306 -84.7825012 0.280200005
150.485199 -84.7005005 0.488400012
150.496506 -84.6838989 0.7755
150.433044 -84.734848 0.893249989
150.5047 -84.6911469 1.14750004
150.573807 -84.6596985 1.30229998
150.487198 -84.7257538 1.48874998
150.403 -84.7697983 1.94449997
150.432495 -84.7365036 2.01559997
150.563095 -84.6856995 4.09140015
150.461151 -84.7406006 4.20865011
150.523499 -84.6616974 4.68100023
150.402206 -84.760498 4.80140018
150.566895 -84.6168976 5.96190023
150.422195 -84.4922028 4.5532999
150.427994 -84.0046997 5.28679991
150.699707 -99.8382034 0.206400007
150.693497 -99.9578705 2.69996667
150.641296 -99.8100967 2.82349992
150.635101 -99.9559021 3.55170012
150.615906 -99.6676025 0.0634000003
150.601303 -99.7931976 0.261900008
150.658295 -99.6508331 2.33953333
150.735825 -99.6917648 2.4981668
150.758102 -99.7742004 2.71609998
150.713501 -99.7098999 3.81110001
150.614197 -99.7060013 5.52269983
150.727798 -99.5481033 0.0507000014
150.767105 -99.4106979 2.37989998
150.798294 -99.4804993 2.4440999
150.694305 -99.4574966 3.86350012
150.707001 -99.302803 -0.0107000005
150.672897 -99.3007965 0.0584999993
150.7061 -99.3209991 2.18409991
150.757675 -99.3323212 2.297225
150.682266 -99.3075333 3.28253341
150.637695 -99.2917023 3.97530007
150.67981 -99.2599487 5.93984985
150.7836 -99.2301025 6.07219982
150.709702 -99.0339966 -0.0401999988
150.606293 -99.0091019 6.96630001
150.755951 -98.9169998 -0.0535999984
150.625854 -98.884903 4.52019978
150.739105 -98.6294022 -0.0456000008
150.792892 -98.7130966 3.58400011
150.654266 -98.6825638 3.6747334
150.659698 -98.7416 6.15240002
150.603104 -98.490303 -0.0340000018
150.678696 -98.5644989 3.5776999
150.631927 -98.5553055 3.70510006
150.734436 -98.4925003 3.86485004
150.701401 -98.4551544 5.14579964
150.716843 -98.3255768 3.74970007
150.772751 -98.2529449 3.90505004
150.64386 -98.0748444 -0.0765499994
150.685547 -98.1350555 4.27985001
150.683334 -98.1005325 4.48920012
150.740753 -98.0438004 4.63160038
150.623596 -97.8983994 -0.0852999985
150.671585 -97.8886032 4.53955698
150.718674 -97.8911285 4.67793369
150.706406 -97.75 4.57660007
150.668701 -97.7020645 4.65433311
150.692139 -97.4613647 -0.0913000032
150.752197 -97.5407028 4.72900009
150.757294 -97.5226974 4.80560017
150.730896 -97.0447006 -0.0951000005
150.688797 -96.8153 -0.0982999951
150.649765 -96.6975327 -0.104033336
150.782745 -96.4385986 -0.0993500054
150.797195 -96.2621002 -0.101499997
150.690338 -96.0965347 -0.109800003
150.681076 -95.7000351 -0.128100008
150.674805 -95.5213013 -0.115900002
150.6866 -95.3356476 -0.140550002
150.720993 -95.1060638 -0.15473333
150.760696 -94.9272003 -0.13136667
150.7285 -94.5727005 -0.114299998
150.750854 -94.2716522 -0.102349997
150.624908 -94.1546021 -0.0874000043
150.756027 -93.7016296 -0.0967999995
150.738998 -93.5840988 -0.106299996
150.654602 -93.2369003 -0.104699999
150.799194 -93.0669022 -0.121399999
150.737503 -92.927597 -0.0958999991
150.788101 -92.6277008 -0.1228
150.743958 -92.1483994 -0.141200006
150.717758 -91.854599 -0.118500002
150.696899 -91.7679977 -0.113499999
150.696304 -91.527298 -0.100299999
150.704102 -91.1453018 -0.192699999
150.740005 -90.6288986 0.56129998
150.692993 -90.641098 0.625199974
150.688797 -90.4393005 -0.1752
150.699402 -90.4552994 0.287299991
150.690552 -90.533905 0.540899992
150.735062 -90.3065338 -0.128733337
150.785202 -90.3143997 0.0259000007
150.766602 -90.3503036 0.417899996
150.693405 -90.0301971 -0.174400002
150.675003 -89.8332977 -0.178900003
150.774002 -89.4000015 -0.0658999979
150.745911 -89.4120483 0.0906499997
150.690948 -89.3591003 -0.103149995
150.776093 -89.3386002 0.308499992
150.721436 -89.3702698 0.508525014
150.673096 -88.8358002 -0.2051
150.626007 -88.6193008 -0.221200004
150.736603 -88.3772964 -0.253300011
150.725006 -88.3992996 -0.0829000026
150.746994 -87.9822006 -0.247500002
150.740295 -87.7977982 -0.105099998
150.723801 -87.2714005 -0.255299985
150.727005 -86.6122971 4.55919981
150.667694 -86.5032043 4.65225029
150.760803 -86.4841995 4.87330008
150.646103 -86.4716034 5.42939997
150.71994 -86.2692184 4.5199399
150.682678 -86.3008041 4.70904016
150.611099 -86.3600006 4.83640003
150.740143 -86.315155 5.2743001
150.697998 -86.2205963 5.55240011
150.646896 -86.3917999 5.96409988
150.792496 -86.1579971 4.47160006
150.701401 -86.1282501 4.62085009
150.716248 -86.0738983 4.85570002
150.681351 -86.0957489 5.10435009
150.681305 -86.1877975 5.46360016
150.662735 -86.1134033 5.7694335
150.642441 -85.8753815 4.07115984
150.732407 -85.8411026 4.24749994
150.663498 -85.8455963 4.49590015
150.698898 -85.9878998 4.68136692
150.616501 -85.9904022 4.88840008
150.738602 -85.9316025 5.36280012
150.71756 -85.958168 5.48393345
150.698868 -85.861702 5.67186642
150.656601 -85.6369019 -0.252700001
150.628693 -85.6885986 0.0769999996
150.647598 -85.7668991 3.76859999
150.74823 -85.6449509 3.9291501
150.714005 -85.7087708 4.05553341
150.683594 -85.6427994 4.36870003
150.7621 -85.756897 4.43429995
150.706406 -85.6169968 5.16639996
150.68634 -85.6814651 5.33130026
150.791107 -85.6119995 5.42439985
150.643402 -85.6087036 5.6711998
150.722198 -85.6845551 5.89330006
150.740906 -85.4012985 -0.182799995
150.723206 -85.4075012 3.9842999
150.689453 -85.4655991 4.17205
150.643707 -85.4976044 4.30990028
150.70285 -85.493248 4.50444984
150.635498 -85.4445038 4.70359993
150.782593 -85.5959015 4.88430023
150.743195 -85.4297028 5.38439989
150.725693 -85.5445023 5.45669985
150.684006 -85.3065033 -0.0364000015
150.737198 -85.33815 0.128699988
150.603897 -85.2630997 3.79900002
150.73114 -85.2745972 3.90105009
150.763 -85.2172012 4.06879997
150.653122 -85.2876511 4.47009993
150.639008 -85.3812027 4.61000013
150.751404 -85.2565994 4.94649982
150.759857 -85.342804 5.18130016
150.729202 -85.3182983 5.27565002
150.663757 -85.2997971 5.52620029
150.636505 -85.2522964 5.66230011
150.664505 -85.3133011 5.85580015
150.731201 -85.0168991 3.72079992
150.697113 -85.1167831 3.89777994
150.695847 -85.1194229 4.09945011
150.755951 -85.0923996 4.30420017
150.625595 -85.0112 4.52589989
150.671005 -85.0400009 4.65460014
150.692093 -85.1679993 4.96140003
150.743607 -85.1800995 5.25180006
150.66655 -85.1284485 5.53789997
150.695694 -85.0082016 5.74840021
150.698364 -85.1286469 5.8828001
150.708862 -84.9080963 4.31599998
150.704193 -84.8774948 4.45285988
150.694595 -84.8071976 5.1553998
150.651093 -84.615097 0.951200008
150.705994 -84.7893982 3.99970007
150.642899 -84.6540985 4.18200016
150.728088 -84.7727966 4.44579983
150.682495 -84.7978973 4.66940022
150.661606 -84.5783997 0.3935
150.717896 -84.518898 0.920449972
150.715027 -84.5112305 1.30250001
150.756302 -84.4532013 1.52250004
150.65155 -84.4433441 2.10125017
150.755798 -84.4567032 4.5770998
150.616699 -84.5996017 5.47830009
150.730392 -84.5167999 5.69579983
150.661896 -84.2503967 4.91060019
150.728806 -84.2982025 5.39340019
150.773102 -84.0575027 5.24380016
150.885132 -99.8960495 0.0580749996
150.926529 -99.9223328 2.87876678
150.886093 -99.8327026 5.11180019
150.966293 -99.8890991 5.25719976
150.860626 -99.6763687 2.52366662
150.916504 -99.7042007 2.70200014
150.939102 -99.4312973 -0.0113000004
150.938202 -99.5661011 0.0384000018
150.839905 -99.4044037 2.38470006
150.907333 -99.5249023 2.51224995
150.96579 -99.5217514 2.64674997
150.868805 -99.4537964 5.96570015
150.872543 -99.3331528 -0.0218500011
150.810501 -99.226799 0.00449999981
150.868118 -99.3242264 2.28022861
150.896866 -99.3085022 2.44003344
150.953201 -99.0283966 -0.0309999995
150.920898 -99.1600037 2.55180001
150.846893 -99.0948029 6.00880003
150.91394 -98.8721466 -0.0406000018
150.957764 -98.8466644 2.49086666
150.981705 -98.8086014 2.60150003
150.923462 -98.7789459 -0.0525499992
150.856094 -98.6697464 3.49087501
150.925507 -98.4562988 -0.0637999997
150.884705 -98.5970001 3.55879998
150.845306 -98.2289963 -0.0793000013
150.909103 -98.2767792 3.74502516
150.842804 -98.2417984 3.85599995
150.997498 -98.2587967 5.15850019
150.872192 -98.28405 5.21630001
150.810745 -98.1705475 -0.0675999969
150.917404 -98.1875992 3.71099997
150.814606 -97.9319992 -0.0781999975
150.811096 -97.9328995 4.7802
150.924545 -97.9516525 4.88955021
150.886261 -97.6723022 -0.0841199979
150.802002 -97.3283997 -0.0978000015
150.919495 -97.0388031 -0.0913000032
150.931305 -96.9262009 -0.0966999978
150.881302 -96.7490997 -0.109499998
150.959808 -96.4911957 -0.0985500067
150.954544 -96.3495483 -0.11225
150.84201 -96.1595993 -0.111749999
150.930099 -95.7197342 -0.121500008
150.858795 -95.5774002 -0.163800001
150.891815 -95.0741425 -0.142639995
150.913452 -94.9490509 -0.140450001
150.813293 -94.7949982 -0.124899998
150.930359 -94.491951 -0.107999995
150.910507 -94.2721024 -0.0853333324
150.921204 -94.110199 -0.0971999988
150.912842 -93.8753052 -0.104699999
150.953247 -93.7455444 -0.0791500062
150.807602 -93.0123978 -0.0830999985
150.862595 -92.8937988 -0.0961000025
150.934998 -92.4505005 -0.0931999981
150.976395 -92.2192001 -0.118699998
150.841171 -92.0987244 -0.0816249996
150.877594 -91.3824005 -0.192100003
150.968399 -91.094902 -0.1417
150.848297 -90.8699036 -0.120399997
150.888 -90.6055984 -0.0948000029
150.844193 -90.5587006 -0.159999996
150.840103 -90.4133987 0.103
150.804794 -90.5894012 0.678300023
150.939941 -90.2965012 -0.180250004
150.888092 -90.303299 0.117350005
150.945419 -90.3438187 0.29460001
150.880096 -90.3640976 0.404399991
150.988007 -90.1828003 0.2148
150.984009 -89.9687042 0.157200009
150.970505 -89.6119995 0.1796
150.989395 -89.6524963 0.276199996
150.912506 -89.4678116 0.123871431
150.947845 -89.4520798 0.311480016
150.909607 -89.4505997 0.566799998
150.826355 -89.3479462 -0.0253999997
150.908707 -89.3261032 0.249599993
150.900055 -89.3774033 0.469550014
150.817505 -88.4041977 -0.254400015
150.869797 -88.5326004 -0.198500007
150.969193 -88.3781967 -0.201199993
150.938004 -86.6540985 4.60710001
150.9646 -86.4354019 4.42560005
150.862701 -86.2257004 4.35099983
150.855972 -86.3006821 4.45620012
150.819 -86.3623962 4.64410019
150.963562 -86.299202 4.93480015
150.843201 -86.3320007 5.19070005
150.893906 -86.271698 5.24510002
150.855698 -86.0236969 0.179100007
150.912048 -86.0674515 4.1243
150.892197 -86.1318359 4.34346676
150.848465 -86.1078339 4.4649663
150.91275 -86.09935 4.68184996
150.945297 -86.0604019 4.87130022
150.829102 -86.1131973 5.08650017
150.914001 -86.069603 5.26100016
150.897461 -85.9132385 4.10785007
150.923126 -85.9077988 4.34066677
150.941345 -85.9551544 4.45295
150.940308 -85.8399963 5.16569996
150.892502 -85.8511963 5.22679996
150.806946 -85.9149017 5.65820026
150.985794 -85.655899 2.99169993
150.970169 -85.7330627 3.31993341
150.968399 -85.7242966 3.66230011
150.860107 -85.7966995 3.95770001
150.916626 -85.7055664 4.10126686
150.8918 -85.7312012 4.52930021
150.875198 -85.4352036 2.33430004
150.924805 -85.4461746 2.51212502
150.916794 -85.4568024 2.6394999
150.908295 -85.5466995 3.39980006
150.925705 -85.4522324 3.74703336
150.924133 -85.509201 4.06104994
150.873505 -85.4448013 4.33659983
150.885193 -85.4643021 5.50290012
150.8703 -85.3123016 -0.0412999988
150.824005 -85.3540497 0.0683000013
150.804199 -85.3638992 2.46869993
150.914505 -85.3981018 2.87319994
150.9505 -85.3738022 3.0085001
150.911804 -85.2493973 3.78640008
150.913742 -85.3152161 3.88195705
150.845428 -85.3522949 4.08850002
150.821899 -85.2425003 5.01660013
150.868698 -85.3662033 5.2638998
150.931396 -85.050499 2.74589992
150.873398 -85.0797501 2.87055016
150.908051 -85.108902 3.05594993
150.858307 -85.0751038 3.28979993
150.902725 -85.1197739 3.72944999
150.887451 -85.1236267 3.90070009
150.908752 -85.1008453 4.30179977
150.966599 -85.1212997 4.45539999
150.9198 -85.1253967 5.06230021
150.813507 -84.8378983 4.07229996
150.953705 -84.7330017 4.04080009
150.878799 -84.7270966 4.27370024
150.802094 -84.7993011 4.54610014
150.9729 -84.7891006 4.6019001
150.893051 -84.728653 5.11525011
150.89386 -84.6768036 5.30270004
150.831802 -84.4196014 0.365099996
150.850403 -84.4231033 1.10800004
150.840057 -84.4085541 1.28419995
150.983002 -84.5756989 4.59829998
150.886002 -84.5934982 4.83430004
150.941895 -84.4414978 5.01289988
150.927658 -84.4849319 5.30386639
150.92334 -84.4963531 5.43069983
150.979904 -84.2481995 0.305799991
150.942703 -84.2842026 0.549499989
150.909897 -84.357399 0.897800028
150.923798 -84.3625031 1.19910002
150.957458 -84.2719345 1.32073331
150.8255 -84.3641968 1.76359999
150.907944 -84.3245316 1.95596659
150.9207 -84.2731018 2.09060001
151.063904 -99.9320526 0.0749000013
151.148895 -99.8643036 2.76679993
151.010101 -99.8536987 2.97049999
151.064148 -99.9536514 4.15110016
151.107605 -99.8265533 4.27495003
151.111267 -99.7519684 0.0401666649
151.058197 -99.6819 2.70953321
151.105804 -99.7762985 2.91009998
151.0634 -99.7589035 3.01929998
151.194305 -99.6400986 4.03789997
151.174393 -99.7521973 5.13500023
151.079895 -99.4216003 -0.0148
151.004807 -99.5826035 0.0348999985
151.070648 -99.5083008 2.71239996
151.124512 -99.5982971 2.81545019
151.1362 -99.5904999 3.98270011
151.101807 -99.330101 -0.0351999998
151.040604 -99.3740997 2.3678
151.061127 -99.274704 2.52542496
151.079102 -99.1060028 -0.0382333323
151.100571 -99.1006012 2.54776669
151.152527 -99.1480026 2.65896678
151.117294 -98.9878006 -0.0538999997
151.105804 -98.9366989 2.54719996
151.121567 -98.906456 2.63714004
151.044693 -98.7913971 -0.0329000019
151.147598 -98.7752991 2.47609997
151.125748 -98.7479477 2.7114501
151.002594 -98.7488022 5.85319996
151.087738 -98.4660034 -0.0590000004
151.133118 -98.3171768 -0.0693999976
151.015503 -98.2565002 3.76530004
151.055969 -98.2238693 3.86996675
151.063202 -98.1560974 -0.0803000033
151.059296 -98.1577988 3.76429987
151.088669 -98.1186981 3.89233327
151.153 -98.1440964 4.05770016
151.172897 -97.9856033 3.68280005
151.197495 -97.9924011 3.89240003
151.049194 -97.8814011 4.99480009
151.139038 -97.8973007 5.01826668
151.135193 -97.7381973 -0.0772999972
151.098495 -97.2466965 -0.0976999998
151.041428 -97.0840683 -0.0972666666
151.069107 -96.8308029 -0.104599997
151.113297 -96.7665024 -0.1017
151.117752 -96.5770493 -0.104199998
151.026596 -96.3266983 -0.118799999
151.049255 -96.0494537 -0.1219
151.095001 -95.7799988 -0.1109
151.193207 -95.2086029 -0.105800003
151.0047 -95.0036011 -0.129600003
151.144592 -94.8818054 -0.109999999
151.010193 -94.6188965 -0.0966999978
151.068695 -94.524353 -0.0813000053
151.106323 -93.8983994 -0.100199997
151.043793 -93.6781998 -0.0502999984
151.082108 -93.5766983 -0.100000001
151.054794 -93.2997971 -0.0960000008
151.019897 -93.1517029 -0.0666999966
151.034698 -92.995903 -0.107000001
151.087799 -92.6507034 -0.102200001
151.052994 -92.455101 -0.136099994
151.095169 -91.964035 -0.124833331
151.103241 -91.5046005 -0.144250005
151.024414 -90.8748474 -0.163100004
151.133606 -90.6053009 0.619300008
151.041794 -90.406601 0.194299996
151.058594 -90.560997 0.597000003
151.146194 -90.2141037 -0.170699999
151.041229 -90.3401642 0.266266674
151.125504 -90.1548004 -0.184599996
151.018204 -90.0572968 0.191400006
151.007248 -90.1172028 0.277700007
151.019394 -89.9299011 0.144899994
151.030594 -89.9626007 0.2245
151.037506 -89.7126999 -0.164199993
151.005005 -89.6539001 0.309100002
151.057343 -89.4768982 0.242899999
151.002899 -89.5253983 0.400700003
151.167297 -89.3370972 -0.224299997
151.052643 -89.3849945 0.313799977
151.125198 -89.1820984 -0.1514
151.136993 -88.6327972 -0.194700003
151.158401 -88.3733978 -0.211400002
151.042892 -88.1652985 -0.232199997
151.178696 -87.1432037 -0.242500007
151.079407 -86.8030014 4.56510019
151.194305 -86.9191971 4.76620007
151.152206 -86.8115997 5.6869998
151.116501 -86.8173981 5.90549994
151.146759 -86.7221527 4.6739502
151.088028 -86.6808777 5.55525017
151.115829 -86.73423 5.63943338
151.084961 -86.5103302 4.54533339
151.005096 -86.5641022 4.60830021
151.117996 -86.528801 5.3835001
151.100037 -86.5581665 5.50859976
151.123306 -86.5852966 5.72650003
151.192093 -86.2356033 4.09719992
151.103806 -86.2723007 4.32161999
151.113007 -86.2946243 4.44369984
151.083298 -86.3651962 4.70660019
151.046494 -86.2396011 4.82390022
151.084579 -86.2528992 5.04302502
151.174896 -86.3830032 5.24499989
151.135406 -86.0548019 0.166800007
151.144608 -86.1204987 3.85150003
151.108704 -86.0587006 4.02990007
151.014404 -86.1697006 4.23120022
151.078506 -86.1532974 4.71080017
151.101105 -86.0820999 4.8586998
151.149399 -86.1195984 5.19000006
151.100647 -85.914299 3.12244987
151.149597 -85.8742981 3.35520005
151.069702 -85.8162994 3.40310001
151.090591 -85.9258347 3.87153339
151.091324 -85.8653717 4.10992527
151.135101 -85.9945984 4.31120014
151.001801 -85.9776993 4.42140007
151.042007 -85.9496002 4.87699986
151.131104 -85.7600021 2.7046001
151.108093 -85.6508026 2.91576672
151.10408 -85.6881332 3.08533335
151.098343 -85.7466278 3.30427504
151.095505 -85.6747971 3.86350012
151.104767 -85.7157364 4.04909992
151.039398 -85.6923981 4.63009977
151.077698 -85.4092636 2.51600003
151.082977 -85.4913254 2.72092509
151.121521 -85.5331573 2.91545725
151.110138 -85.4985657 3.03850007
151.094482 -85.4566956 3.26352501
151.058105 -85.4823685 3.44666672
151.06131 -85.5191498 3.69705009
151.076843 -85.5426788 3.87300014
151.077393 -85.5852966 4.09639978
151.099396 -85.396698 -0.223299995
151.146942 -85.3050537 2.74674988
151.044708 -85.2988358 3.10549998
151.1185 -85.3075714 3.25650001
151.062469 -85.3002319 3.52496672
151.127289 -85.3079987 3.7508502
151.040817 -85.3011551 3.86545992
151.165207 -85.188797 -0.244399995
151.145493 -85.0576019 3.31170011
151.122162 -85.1147003 3.51742005
151.118347 -85.035202 3.62564993
151.015396 -85.1368027 3.84229994
151.072296 -84.9422989 2.74160004
151.130203 -84.9865036 2.86100006
151.173401 -84.8178024 3.26659989
151.155197 -84.825798 3.40420008
151.110413 -84.9581985 3.69250011
151.014297 -84.9812012 4.40670013
151.150497 -84.7902985 3.79789996
151.097504 -84.6756973 4.27519989
151.079498 -84.5468979 3.86630011
151.018402 -84.5782013 4.99959993
151.053146 -84.5213013 5.15824986
151.023254 -84.5471039 5.22649956
151.016296 -84.2537003 -0.254999995
151.100037 -84.2272949 0.282499999
151.001602 -84.240097 2.04819989
151.026794 -84.3401031 4.90114975
151.192795 -84.1327972 -0.166299999
151.172394 -84.1348038 0.192399994
151.163193 -84.1099014 0.660099983
151.146698 -84.112999 0.848500013
151.134705 -84.1168976 1.31079996
151.152405 -84.0889435 1.47320008
151.159653 -84.1255493 1.72519994
151.086243 -84.114502 1.85720003
151.145294 -84.0537491 2.06115007
151.269852 -99.8199005 0.02685
151.302094 -99.8560028 2.76695013
151.371857 -99.9494019 2.89989996
151.331406 -99.8448029 3.68300009
151.29715 -99.8230515 4.2666502
151.217499 -99.9909973 4.76070023
151.397293 -99.8831024 5.10570002
151.275497 -99.9030991 6.82849979
151.365097 -99.899498 7.07310009
151.343796 -99.6311035 -0.00590000022
151.302399 -99.696701 0.0280500017
151.273346 -99.6999512 2.74734998
151.36499 -99.6239014 4.11219978
151.255569 -99.7145691 4.22886658
151.358902 -99.7714005 5.50519991
151.334198 -99.4054031 -0.0209500007
151.296997 -99.4554977 2.74720001
151.280457 -99.4719543 2.84354997
151.313995 -99.4725037 3.01939988
151.253006 -99.5914001 4.18370008
151.281952 -99.2863998 -0.0234000012
151.298203 -99.2858963 2.55793333
151.277084 -99.317337 2.66766
151.255402 -99.2848511 2.80819988
151.367096 -99.3182983 3.05380011
151.329254 -99.087204 2.53222513
151.334259 -99.1119537 2.64954996
151.259705 -98.8961029 0.00179999997
151.389603 -98.946701 2.44420004
151.268921 -98.899826 2.65355015
151.226898 -98.6095963 -0.253100008
151.266113 -98.7207947 -0.0445500016
151.3078 -98.7860031 2.3203001
151.327682 -98.7522812 2.49115992
151.263397 -98.7909012 2.6013
151.201202 -98.6496964 5.97459984
151.261078 -98.5437012 -0.0593499988
151.396103 -98.5298004 2.58069992
151.323029 -98.0898666 -0.0855333284
151.23233 -98.0543976 3.75146675
151.25325 -98.100296 3.93400002
151.3367 -97.986702 -0.0780000016
151.343903 -97.9717026 3.56680012
151.285629 -97.9335327 3.69223332
151.289017 -97.9486389 3.88689995
151.265793 -97.9890976 4.01910019
151.319244 -97.7232513 -0.0965500027
151.301804 -97.4375 -0.100599997
151.239899 -97.2785034 -0.104699999
151.278961 -97.110466 -0.0939999968
151.350754 -96.7341461 -0.107500002
151.364441 -96.5086517 -0.0950499997
151.253403 -96.2725983 -0.115000002
151.302994 -95.8882675 -0.134900004
151.319107 -95.3662033 -0.123899996
151.257797 -95.1678009 -0.129800007
151.217697 -94.4376984 -0.102899998
151.344101 -94.2365036 -0.103699997
151.3284 -94.1044006 -0.0813999996
151.325699 -93.8227005 -0.106600001
151.278229 -93.4934998 -0.0752333328
151.304306 -93.2118988 -0.0430999994
151.336899 -92.8271484 -0.1087
151.365005 -92.6065979 -0.122400001
151.237 -91.5434036 -0.161200002
151.355499 -91.0819016 -0.151500002
151.251007 -90.5828476 0.578699946
151.206406 -90.5782013 0.631399989
151.290894 -90.2250977 -0.156299993
151.2686 -90.3702011 0.398000002
151.300201 -90.3566513 0.464999974
151.328506 -89.6788025 -0.202600002
151.228806 -89.4573975 -0.191599995
151.24675 -89.387001 0.376850009
151.220901 -89.0935974 0.0384999998
151.233398 -88.9033966 -0.184100002
151.244202 -88.658699 -0.232099995
151.359497 -88.1584015 -0.235599995
151.279404 -87.300499 -0.256700009
151.388397 -87.1616974 -0.0754999965
151.319931 -86.8694 4.53133345
151.233307 -86.8485031 4.81879997
151.245941 -86.8713989 5.69064999
151.341202 -86.7671967 -0.287099987
151.310257 -86.6762619 4.50279999
151.244507 -86.7149506 4.64470005
151.276993 -86.7144012 5.20340014
151.360596 -86.6934967 5.44579983
151.230698 -86.658699 5.64839983
151.243805 -86.7065964 5.80049992
151.2314 -86.5486984 4.35890007
151.278748 -86.5437775 4.47889996
151.344406 -86.4514008 4.70456648
151.211502 -86.418602 5.36420012
151.264297 -86.4617004 5.40140009
151.256104 -86.387001 4.09189987
151.266907 -86.2787018 4.32219982
151.258499 -86.3356323 4.46793318
151.235901 -86.3235016 4.63386679
151.257706 -86.2118988 5.07280016
151.349304 -86.3207016 5.43039989
151.226593 -86.1176987 -0.248099998
151.250595 -86.1856003 0.0900000036
151.272293 -86.0941696 3.94289994
151.276367 -86.1261978 4.12787533
151.312943 -86.1009979 4.29424286
151.350647 -86.1455994 4.79180002
151.293594 -86.0996017 5.11296654
151.334396 -86.1186981 5.32329988
151.295807 -85.9921036 -0.299800009
151.304565 -85.865097 3.14271665
151.28392 -85.9122009 3.24993992
151.342499 -85.8482056 3.78835011
151.334503 -85.8054962 3.98580003
151.311996 -85.9840012 4.09320021
151.258896 -85.9501038 4.39629984
151.280106 -85.6999969 2.95095015
151.309937 -85.7543488 3.04085016
151.276367 -85.658905 3.74487495
151.225403 -85.7985001 3.98149991
151.321198 -85.4077988 2.58929992
151.389404 -85.4733963 2.76719999
151.312653 -85.4611053 2.83939981
151.332108 -85.5800018 3.71029997
151.363602 -85.2337036 0.780900002
151.391296 -85.2471008 1.88590002
151.322495 -85.2113037 2.51430011
151.272202 -85.3797989 2.68390012
151.399902 -85.1554031 1.72710001
151.324493 -85.1565552 3.41095018
151.355194 -85.1027985 3.77729988
151.35434 -85.0482712 3.8464334
151.255203 -84.9375 3.40770006
151.255707 -84.4533997 4.06570005
151.272949 -84.0327988 0.521499991
151.239197 -84.0597 0.652700007
151.221497 -84.0106964 1.78400004
151.374893 -83.9269028 1.07990003
151.394608 -83.8774033 1.37779999
151.320999 -83.9052963 1.68920004
151.35144 -83.9017944 1.85829997
151.32045 -83.9447021 2.03165007
151.518524 -99.9179306 2.91849995
151.462997 -99.9942017 3.06960011
151.481705 -99.9105988 4.35039997
151.485001 -99.8939972 4.46969986
151.481201 -99.9316025 4.60029984
151.494598 -99.9853973 5.24090004
151.578995 -99.9121017 5.70760012
151.577103 -99.8703003 5.86730003
151.510193 -99.8631973 6.95609999
151.513596 -99.6006012 -0.000300000014
151.432999 -99.6921997 2.73790002
151.588898 -99.6444016 2.8743999
151.554153 -99.657196 4.0710001
151.563904 -99.6098022 4.34429979
151.594894 -99.6554031 4.48070002
151.496704 -99.5435028 -0.000600000028
151.507004 -99.4869995 2.51020002
151.507233 -99.4939194 2.6533401
151.599899 -99.4045029 2.90989995
151.409103 -99.446701 4.11749983
151.553894 -99.2606506 -0.0440500006
151.482193 -99.3567963 2.56399989
151.434601 -99.3262024 2.69510007
151.468109 -99.3160019 2.89170003
151.499207 -99.2509995 3.04390001
151.5383 -99.329277 4.12227488
151.580002 -99.2045975 4.74039984
151.465805 -99.1449966 -0.0604000017
151.417007 -99.069397 2.5387001
151.466599 -99.1656036 2.7953999
151.524658 -99.0978775 2.88162494
151.559097 -99.1052017 3.05620003
151.533798 -98.9178009 -0.0502999984
151.431198 -98.8198013 2.31949997
151.410202 -98.8324509 2.58354998
151.458054 -98.6781006 -0.0583999977
151.433929 -98.7361984 2.4930501
151.472305 -98.5661011 -0.0920000002
151.499512 -98.4286499 2.83139992
151.496506 -98.2490997 -0.0886000022
151.55072 -98.3575745 2.84542489
151.458069 -98.0998001 -0.0710000023
151.411804 -98.0317993 3.94129992
151.427643 -97.8800964 -0.0653499961
151.440506 -97.9377975 3.74320006
151.461197 -97.6286011 -0.0874999985
151.4664 -97.5253983 -0.0921000019
151.434906 -97.3643951 -0.0791499987
151.461807 -97.0111008 -0.104999997
151.536896 -96.9637985 -0.1131
151.435898 -96.6740036 -0.104900002
151.424393 -96.4580002 -0.116599999
151.481873 -96.091835 -0.123233333
151.503876 -95.9185791 -0.130549997
151.495697 -95.700325 -0.145974994
151.552429 -95.5029984 -0.12303333
151.550293 -95.3218994 -0.118900001
151.508698 -95.0329971 -0.111100003
151.52066 -94.908905 -0.098633334
151.452606 -94.6644974 -0.101999998
151.537109 -94.5252533 -0.100000001
151.496246 -94.3191528 -0.102025002
151.534302 -94.1492004 -0.106200002
151.578903 -93.8370972 -0.109700002
151.477997 -93.6903 -0.0907000005
151.465897 -93.4963989 -0.109999999
151.483902 -93.0323029 -0.0693999976
151.4366 -92.6530991 -0.108099997
151.50351 -92.5199509 -0.0786000043
151.491867 -92.3278732 -0.118924998
151.442795 -92.094902 -0.156599998
151.535599 -91.3714981 -0.229800001
151.54541 -90.4631729 0.537
151.573395 -90.4190979 0.616999984
151.559097 -90.2377014 -0.1919
151.50737 -90.3831711 0.476766676
151.428207 -90.1424026 -0.101099998
151.480103 -89.6445999 0.579900026
151.512451 -89.4880066 -0.157700002
151.533295 -89.2675018 -0.168300003
151.447403 -88.9906006 -0.229100004
151.576904 -87.6136017 -0.200000003
151.561401 -87.3476639 -0.243733332
151.448807 -87.152298 -0.117299996
151.51004 -86.9280014 4.54510021
151.490555 -86.6824951 4.2968998
151.477798 -86.6711502 4.46099997
151.474197 -86.7474976 5.53170013
151.596405 -86.4997025 4.05159998
151.494064 -86.4881821 4.35816002
151.498993 -86.4141998 4.49160004
151.591797 -86.2125015 0.142000005
151.532303 -86.3742981 4.18669987
151.469894 -86.2696609 4.29493999
151.429794 -86.2142029 5.26219988
151.484406 -86.3184967 5.44630003
151.490753 -86.1529999 -0.257800013
151.532227 -86.1376648 -0.0633333325
151.478851 -86.0648193 0.0828199983
151.485901 -86.0447998 4.10820007
151.526901 -86.1395035 4.49779987
151.5746 -86.1813965 5.23379993
151.503571 -85.9271317 -0.121533334
151.487595 -85.9565964 0.058600001
151.559494 -85.8722992 2.8197
151.405899 -85.8815994 3.07200003
151.450104 -85.897049 3.29220009
151.477707 -85.8200989 4.0625
151.519608 -85.7282028 2.42869997
151.575699 -85.6409988 2.7328999
151.446396 -85.7317963 2.98169994
151.470596 -85.7863998 3.43319988
151.446106 -85.6713028 3.94569993
151.5952 -85.498497 -0.267399997
151.5242 -85.4344025 -0.198899999
151.557755 -85.4156036 0.322050005
151.585297 -85.4548035 0.448399991
151.567001 -85.4272995 1.0244
151.595001 -85.405899 1.41620004
151.500595 -85.4235992 2.56590009
151.508301 -85.4524994 2.73760009
151.531296 -85.5463486 2.8824501
151.514999 -85.3787994 -0.262899995
151.47467 -85.3489227 -0.0516999997
151.499237 -85.3747025 0.100549996
151.501205 -85.3373032 0.291399986
151.50354 -85.3564987 0.480699986
151.509415 -85.3421021 0.724420011
151.459305 -85.3099365 0.872366667
151.487793 -85.3403015 1.09560001
151.45369 -85.2865982 1.31473339
151.453705 -85.2879639 1.4928
151.52623 -85.3229675 1.68673337
151.433304 -85.2671509 1.89405
151.469299 -85.2638626 2.06366658
151.47644 -85.2844543 2.37884998
151.510773 -85.3464661 2.49606657
151.532196 -85.2356033 3.38930011
151.512207 -85.1360016 3.56900001
151.531998 -85.1143494 3.63960004
151.522217 -84.9213257 3.86835003
151.519394 -84.8590012 4.03270006
151.433502 -84.6863022 -0.274899989
151.5345 -84.5304489 -0.0384999998
151.480499 -84.3973007 -0.0364999995
151.48999 -83.8301544 0.297749996
151.430893 -83.8610001 1.17089999
151.417496 -83.8388977 1.56739998
151.531296 -83.7481995 0.538699985
151.5186 -83.7814026 0.635500014
151.535995 -83.7362976 0.961899996
151.444 -83.7601013 1.79620004
151.563248 -83.7030945 1.85115004
151.699707 -99.887146 -0.03345
151.798004 -99.9432983 0.0196000002
151.696869 -99.9632645 3.14843345
151.717957 -99.9136963 3.35457516
151.695694 -99.9662018 3.45790005
151.624603 -99.9394989 4.6470499
151.612396 -99.8485031 5.40509987
151.715897 -99.8035965 5.60160017
151.738998 -99.9120026 7.09450006
151.737793 -99.7259979 -0.0441999994
151.770798 -99.7197037 2.59190011
151.775406 -99.6104965 2.7019999
151.783707 -99.6595001 2.83820009
151.620499 -99.7330017 4.5795002
151.695343 -99.7721558 5.95225
151.738373 -99.5092773 2.51377487
151.701538 -99.5442047 2.68079996
151.7948 -99.4732971 2.97340012
151.68689 -99.4976044 4.35424995
151.750504 -99.4782028 4.85930014
151.653595 -99.356102 2.56800008
151.765442 -99.2387543 2.68989992
151.703094 -99.3179016 2.98900008
151.698151 -99.2618561 3.05660009
151.757401 -99.3532028 4.09569979
151.744095 -99.2161026 5.99469995
151.702408 -99.0923309 -0.0601333342
151.712494 -99.0569458 2.87419987
151.636749 -99.1795959 3.09215021
151.788101 -99.1503983 4.06020021
151.783905 -99.1279984 4.75419998
151.667862 -98.8776321 -0.0629333332
151.70665 -98.8942108 2.92105556
151.674896 -98.6784058 -0.050499998
151.707092 -98.7119293 2.95637512
151.6259 -98.6400986 3.05539989
151.768906 -98.7510986 6.02619982
151.677246 -98.5178986 -0.0634000003
151.780701 -98.4029999 2.77530003
151.695892 -98.499527 2.90988564
151.668304 -98.5004959 3.05990005
151.625397 -98.3018036 -0.0714000016
151.683701 -98.3716965 2.88509989
151.689301 -98.1067963 -0.0842000023
151.798401 -97.7368011 -0.0675999969
151.680252 -97.4972 -0.0810499936
151.747101 -97.2991028 -0.102799997
151.770996 -96.9552994 -0.103
151.75145 -96.3535995 -0.119099997
151.658951 -96.1383972 -0.143900007
151.739807 -95.7173004 -0.120650001
151.716095 -95.5503006 -0.0930999964
151.617203 -95.036499 -0.0974000022
151.672104 -94.9404984 -0.120700002
151.646896 -94.5299988 -0.118500002
151.7724 -93.8195038 -0.0759999976
151.686996 -93.7897034 -0.101599999
151.798004 -93.2298965 -0.1061
151.611801 -93.1582031 -0.0891999975
151.711594 -92.7125015 -0.132699996
151.6521 -92.4511032 -0.1109
151.693298 -92.343399 -0.126800001
151.650894 -92.1585999 -0.116800003
151.649704 -91.843399 -0.1303
151.704987 -91.2667542 -0.178200006
151.750763 -90.4514999 0.681800008
151.623505 -90.3729019 0.550899982
151.743088 -90.268364 0.717599988
151.70195 -90.1149521 -0.162750006
151.669998 -90.1722031 0.512700021
151.754196 -90.0642014 0.694933355
151.744003 -89.9411011 0.551299989
151.735046 -89.8764038 0.71329999
151.753098 -89.7797012 0.491100013
151.746536 -89.6816635 0.724633336
151.610397 -89.5271988 -0.239099994
151.651306 -89.4793015 -0.158800006
151.707901 -89.2641983 -0.154799998
151.711151 -89.3366241 0.500474989
151.713806 -89.3146057 0.694599986
151.764603 -89.1588974 0.670099974
151.738205 -89.0988998 0.840799987
151.737106 -88.1994019 -0.224800006
151.616394 -86.7213974 4.42700005
151.716599 -86.4111023 4.68979979
151.691101 -86.4447021 4.99639988
151.755203 -86.5207977 5.05749989
151.717834 -86.4820328 5.32630014
151.692001 -86.5139008 5.40869999
151.607605 -86.2164993 0.072300002
151.629303 -86.313797 4.31860018
151.729401 -86.2349014 4.79659986
151.715057 -86.2438965 5.08214998
151.716995 -86.2903976 5.31110001
151.634705 -86.3731995 5.42999983
151.6642 -86.1893005 -0.0219999999
151.765198 -86.1473007 0.0662999973
151.700699 -86.1166992 3.03900003
151.678497 -86.0639038 3.62809992
151.667755 -86.0932465 3.91580009
151.609039 -86.0764008 4.26044989
151.773697 -86.1168976 4.4369998
151.727295 -86.0416031 4.71099997
151.666702 -86.1992035 5.56969976
151.703125 -85.9074249 2.88742495
151.669174 -85.9375458 3.05362511
151.735794 -85.9039001 3.33890009
151.770203 -85.9147491 3.47459984
151.702774 -85.9403 3.67597508
151.608307 -85.8902969 4.18319988
151.761398 -85.8049011 4.45779991
151.606796 -85.9005966 5.1624999
151.601196 -85.9434967 5.89190006
151.720673 -85.9222336 6.12523317
151.733597 -85.9866028 6.25290012
151.722763 -85.8757706 6.49333334
151.643204 -85.7372971 2.56170011
151.669434 -85.7203674 2.72363329
151.708694 -85.7388992 2.86229992
151.644745 -85.6595001 3.06780005
151.6521 -85.7778015 3.30025005
151.653397 -85.7163544 3.53830004
151.684998 -85.7525482 3.65009999
151.704697 -85.6546021 4.13329983
151.636505 -85.6921005 5.88479996
151.772507 -85.7817993 6.00699997
151.742706 -85.4149017 -0.0623999983
151.627197 -85.4315033 0.372799993
151.712997 -85.4312973 1.68400002
151.637497 -85.4217987 1.93470001
151.796295 -85.4095001 2.44330001
151.684998 -85.4616013 2.62919998
151.781403 -85.5969009 3.36890006
151.713394 -85.4533997 3.4605999
151.676498 -85.5830002 4.11800003
151.711197 -85.3837967 0.385800004
151.600296 -85.3806992 1.69200003
151.719238 -85.3595505 1.93790007
151.766403 -85.3294983 2.10820007
151.693054 -85.33815 2.26235008
151.649597 -85.357399 2.60640001
151.717545 -85.3016968 3.50950003
151.647491 -84.8721008 3.94650006
151.727493 -84.8416977 4.04230022
151.791199 -84.6952972 3.98000002
151.698898 -84.7546997 4.04930019
151.601898 -84.5615005 -0.130600005
151.713104 -83.7089996 -0.0601999983
151.750198 -83.6448975 0.267500013
151.73349 -83.6441498 0.902150035
151.708801 -83.6286011 1.4332
151.6017 -83.6006012 1.69099998
151.693893 -83.5326004 -0.159700006
151.756699 -83.5410461 1.51979995
151.707397 -83.5848999 1.84029996
151.975494 -99.9508514 -0.0306499992
151.841003 -99.9717026 0.0074
151.866592 -99.8608017 3.17499995
151.862228 -99.8636627 3.30056667
151.864304 -99.824501 3.52900004
151.8396 -99.9136963 3.61919999
151.842804 -99.8155975 4.51140022
151.863602 -99.9730988 4.72790003
151.901611 -99.7072525 -0.0475500003
151.848099 -99.6188965 0.146599993
151.9272 -99.6652985 2.64709997
151.939148 -99.7867432 3.29554987
151.899994 -99.7850037 3.48300004
151.8461 -99.6029968 4.36339998
151.830902 -99.7293549 4.82149982
151.982605 -99.7661972 5.24980021
151.915695 -99.7177963 5.59859991
151.820007 -99.5632019 -0.0142999999
151.8647 -99.509903 2.48950005
151.9216 -99.5295029 2.65050006
151.890793 -99.5618973 3.04040003
151.935806 -99.5302505 3.88170004
151.935303 -99.5610962 4.46500015
151.890503 -99.5222015 4.82609987
151.8479 -99.2089005 -0.0577999987
151.803894 -99.3675003 2.80999994
151.987793 -99.2643967 3.05439997
151.959106 -99.2069016 6.13149977
151.900101 -99.1249008 -0.0428000018
151.898361 -99.071701 2.95648003
151.923996 -99.0394974 3.01340008
151.963593 -99.1919022 3.90129995
151.908005 -99.1108475 4.0374999
151.919098 -99.1024017 4.28450012
151.895447 -99.0456009 4.48915005
151.950455 -99.118248 6.10319996
151.861145 -98.9093933 -0.0478000008
151.889008 -98.9504547 2.88135004
151.977051 -98.9052505 3.84080005
151.899246 -98.9314041 4.30959988
151.919296 -98.9300613 4.50579977
151.931595 -98.9541473 4.85229969
151.848694 -98.6166 -0.0729999989
151.923492 -98.7167358 2.85336661
151.934601 -98.6717987 4.37960005
151.9384 -98.7415009 4.47306681
151.875107 -98.756897 6.18130016
151.929199 -98.6401978 6.21460009
151.899002 -98.4939651 -0.0705333352
151.910995 -98.5107346 2.89316678
151.965393 -98.3033447 -0.0616500005
151.908096 -98.0867004 -0.0864000022
151.933395 -97.899437 -0.0790999979
151.845306 -97.7212982 -0.1008
151.924255 -97.2984772 -0.0849750042
151.935501 -97.0434036 -0.0979000032
151.946594 -96.8535995 -0.0866999999
151.918732 -96.7102356 -0.103100002
151.869705 -96.5025024 -0.136500001
151.843994 -96.3919983 -0.115400001
151.962494 -96.0279999 -0.122299999
151.914505 -95.8283005 -0.12696667
151.921143 -95.733078 -0.120425001
151.839798 -95.578598 -0.1017
151.825806 -95.4449997 0.0964000002
151.96257 -95.3350677 -0.0836333334
151.916595 -95.1350327 -0.0980666652
151.91275 -94.6875458 -0.1153
151.864105 -94.5068207 -0.103599995
151.890305 -94.1256027 -0.1219
151.919998 -93.6348038 -0.00879999995
151.891205 -93.5239029 -0.1074
151.882904 -93.2561035 -0.113899998
151.936905 -92.9207001 -0.130400002
151.90744 -92.6596527 -0.104399994
151.916 -92.0454025 -0.150199994
151.911407 -91.8551025 -0.1664
151.897003 -91.6745987 -0.167999998
151.867798 -91.4375992 -0.152899995
151.896942 -90.5866547 0.545099974
151.876999 -90.4988022 0.67750001
151.848801 -90.3590012 -0.143700004
151.951752 -90.357254 0.491349995
151.807297 -90.3399963 0.736000001
151.960098 -90.1696014 -0.153400004
151.827393 -89.8277969 0.553799987
151.811203 -89.7416 0.698300004
151.969696 -89.5914993 -0.161300004
151.877106 -89.4039001 0.548399985
151.965393 -89.3436966 0.503199995
151.807602 -88.3304977 -0.263999999
151.860107 -87.8565979 -0.276800007
151.90625 -87.6508484 -0.17825
151.882599 -86.8514023 5.24690008
151.907547 -86.7059021 -0.292199999
151.882935 -86.6433334 5.12876654
151.89093 -86.6847 5.28195
151.855698 -86.6554031 5.44859982
151.867401 -86.5541 4.94929981
151.847992 -86.5791473 5.10064983
151.828506 -86.5927963 5.32929993
151.852097 -86.4609985 5.79530001
151.800705 -86.2929001 -0.228499994
151.822495 -86.2585983 0.0799999982
151.865707 -86.2491989 4.17729998
151.870499 -86.3156967 4.88800001
151.987595 -86.1953964 0.0844999999
151.801605 -86.0296021 3.46370006
151.953094 -85.8990021 0.0474999994
151.961304 -85.8192978 2.977
151.846893 -85.9540024 3.16179991
151.904846 -85.8759995 3.35304999
151.829407 -85.9296036 3.49359989
151.9561 -85.8555984 4.08869982
151.865204 -85.9432526 6.16345024
151.990295 -85.9085007 6.35349989
151.935608 -85.8913498 6.43134975
151.971893 -85.652298 2.24259996
151.864304 -85.6257019 2.52620006
151.920868 -85.6895142 2.73293328
151.979889 -85.7288513 2.88225007
151.892593 -85.7151031 3.39269996
151.901306 -85.7649002 3.46709991
151.824203 -85.7962036 6.28469992
151.900269 -85.5540237 2.53017497
151.843201 -85.5761032 2.91589999
151.820801 -85.4406967 4.38199997
151.985703 -85.2610016 -0.327800006
151.822205 -85.3255005 1.8549
151.838638 -85.3017197 2.27895999
151.946869 -85.3282623 2.47253323
151.857193 -85.3358002 2.6400001
151.888306 -85.3286972 3.85150003
151.8228 -85.3432007 4.10239983
151.885498 -85.1739502 3.68449998
151.858795 -84.7468033 4.01550007
151.817993 -84.469902 4.32539988
151.862 -83.655098 -0.0763000026
151.986404 -83.476799 -0.216000006
151.976105 -83.4586029 0.394899994
151.892899 -83.512146 0.570150018
151.898499 -83.4971008 0.716400027
151.887802 -83.5306015 0.984499991
151.841858 -83.5357971 1.17210007
151.836105 -83.4951019 1.35319996
151.859695 -83.5273972 1.56879997
151.906998 -83.4512024 1.81260002
151.934662 -83.3516541 2.11739993
152.164307 -99.9686966 -0.0184000004
152.102356 -99.9045029 3.1809001
152.100998 -99.9765015 4.70190001
152.182007 -99.9657974 4.99420023
152.1548 -99.9634018 5.17679977
152.137619 -99.7153778 2.62075996
152.091431 -99.7102661 3.1566
152.042801 -99.7165985 3.32489991
152.128265 -99.6994629 4.96053314
152.1427 -99.6099014 5.05200005
152.0952 -99.472847 -0.0363499969
152.125549 -99.5622253 2.53137493
152.126099 -99.4460983 3.05739999
152.050003 -99.4042511 3.91855001
152.081543 -99.535553 4.29714966
152.070282 -99.4808502 4.93994999
152.119202 -99.5261993 5.52279997
152.056091 -99.2832489 -0.0394999981
152.153 -99.3553619 3.05643344
152.156128 -99.3345337 3.84883332
152.132401 -99.2520981 4.45440006
152.110901 -99.3945007 4.66069984
152.119553 -99.3641968 4.9368
152.134796 -99.2597961 5.07310009
152.075195 -99.2026978 5.44299984
152.072906 -99.3173981 6.06829977
152.089249 -99.1876526 -0.0493500009
152.150696 -99.1333008 2.76290011
152.116806 -99.1026001 2.81010008
152.131607 -99.1408997 3.00909996
152.088699 -99.0398483 3.88917494
152.020401 -99.018898 4.0690999
152.021805 -99.1082993 4.39169979
152.048294 -99.0466003 4.45419979
152.082794 -99.1740036 4.88040018
152.141098 -98.971199 -0.0768000036
152.034103 -98.8486481 3.6949501
152.090805 -98.9194031 3.84079981
152.137405 -98.9667969 4.28950024
152.011002 -98.8113022 4.51840019
152.135406 -98.9770966 4.91820002
152.078186 -98.6897507 -0.0572500005
152.082352 -98.7058182 2.7493
152.142029 -98.7069702 2.87549996
152.184097 -98.7053986 3.01869988
152.093903 -98.7179031 4.4482336
152.132904 -98.7313004 4.61530018
152.081253 -98.744751 6.08979988
152.160797 -98.5430984 -0.0838999972
152.093002 -98.5689011 4.55983353
152.135452 -98.5045242 4.6967001
152.079407 -98.5701981 6.16849995
152.007904 -98.2944031 -0.055399999
152.091888 -98.1126556 -0.0813499987
152.093765 -97.6875 -0.0915333331
152.081848 -97.5071487 -0.100850001
152.113403 -97.2157974 -0.112599999
152.099899 -97.0342026 -0.109750003
152.197098 -96.7057953 -0.111050002
152.089447 -96.5386963 -0.11925
152.102097 -96.2809982 -0.142000005
152.028702 -96.0334015 -0.125499994
152.153198 -95.8682022 -0.111900002
152.157043 -95.7575989 -0.0610499978
152.069244 -95.4225464 -0.0878500044
152.120209 -95.321701 -0.0904500037
152.077789 -94.7149963 -0.112900004
152.182602 -94.0590973 -0.0873999968
152.039993 -93.9371033 -0.101549998
152.125793 -93.6994019 -0.0908999965
152.156097 -93.5182037 -0.107500002
152.030396 -93.2341995 -0.0771000013
152.086807 -92.1313019 -0.132699996
152.141693 -91.6604996 -0.150449991
152.055298 -91.4794006 -0.162400007
152.1418 -91.2058029 -0.149399996
152.04071 -90.7024994 -0.145700008
152.035034 -90.3720627 0.48453331
152.020401 -90.1920013 -0.167500004
152.1586 -89.4804001 -0.1734
152.191803 -88.7847977 -0.278100014
152.053207 -87.6952972 -0.274300009
152.172104 -87.2080002 -0.251199991
152.176804 -86.8147964 -0.268299997
152.061554 -86.8247528 5.33065033
152.026596 -86.5970001 5.10710001
152.064499 -86.0770035 3.3283
152.032104 -86.0271988 4.66120005
152.178436 -85.8967972 2.27026677
152.104996 -85.8659973 2.7809999
152.103943 -85.845047 2.9533999
152.079636 -85.8917313 3.0854001
152.077896 -85.9392014 3.2881999
152.0383 -85.8937988 4.84759998
152.017807 -85.885498 6.41480017
152.181595 -85.6175995 2.09920001
152.125641 -85.7174988 2.29699993
152.091202 -85.7013016 2.4625001
152.086655 -85.7413483 2.71936679
152.005203 -85.7850037 3.02950001
152.185593 -85.7815018 3.35360003
152.184906 -85.6004028 3.46950006
152.014008 -85.6186981 4.50059986
152.038101 -85.6624985 4.77339983
152.116898 -85.6539993 4.8130002
152.113007 -85.5761032 2.27570009
152.149231 -85.5482483 2.50537491
152.059555 -85.521698 2.67720008
152.052597 -85.5597992 3.69420004
152.086105 -85.4932022 4.98689985
152.052307 -85.2645493 2.17560005
152.081406 -85.3332672 2.26183343
152.025604 -85.3302002 2.49300003
152.032806 -85.2725983 3.43910003
152.027695 -85.3448029 3.62719989
152.007904 -85.1035995 3.76270008
152.052002 -85.1664963 4.54390001
152.011597 -83.4030991 0.722599983
152.098495 -83.3368988 0.618700027
152.055298 -83.3498993 1.02110004
152.042648 -83.3544998 1.22514999
152.058197 -83.264801 1.40540004
152.066299 -83.3061981 1.9569
152.162292 -83.1884003 1.42789996
152.261795 -99.9134979 -0.02685
152.268265 -99.8890991 3.15583324
152.214294 -99.9738007 3.23970008
152.343094 -99.9578018 4.51170015
152.278503 -99.8837967 5.0781002
152.358505 -99.8241501 5.20394993
152.253799 -99.7228012 2.48469996
152.386505 -99.6118011 3.06579995
152.298401 -99.6240997 4.21600008
152.307846 -99.6923981 5.2493248
152.280563 -99.4607315 -0.0427000001
152.329102 -99.5630035 0.0205000006
152.244644 -99.5317535 2.50075006
152.366898 -99.5030975 2.97490001
152.283173 -99.5122681 3.06949997
152.209198 -99.447998 3.7032001
152.373352 -99.5299988 4.17714977
152.343597 -99.5805969 4.25470018
152.321991 -99.5553436 5.12129974
152.247498 -99.5187988 5.32625008
152.299301 -99.2331009 -0.0599000007
152.305893 -99.3022003 2.9842999
152.240494 -99.3335037 3.83089995
152.270706 -99.2902985 4.30289984
152.270203 -99.2453003 4.59189987
152.223602 -99.2774963 5.16660023
152.314606 -99.2344971 5.2098999
152.201401 -99.1190033 4.09609985
152.262756 -99.0616531 4.34634972
152.2742 -99.1654968 5.16340017
152.235397 -99.0824966 5.21210003
152.29129 -98.8674469 -0.0513499975
152.335831 -98.8495026 2.92140007
152.269897 -98.9072037 4.40770006
152.2323 -98.9633026 6.10010004
152.275803 -98.7498016 2.66140008
152.308563 -98.6874313 2.8865571
152.278595 -98.6856537 3.01390004
152.231934 -98.7144012 4.55512524
152.302078 -98.6687164 5.12165976
152.319901 -98.7554016 5.96239996
152.287201 -98.4024963 -0.0817999989
152.250595 -98.5325012 2.79990005
152.297729 -98.5001755 2.9595499
152.293381 -98.5234222 3.04242492
152.389404 -98.4679031 4.57310009
152.304077 -98.4619827 4.65663338
152.278 -98.2695999 -0.0766666681
152.396301 -98.3625031 2.66230011
152.316162 -98.3130569 2.89284444
152.309402 -98.3178024 3.06336665
152.343704 -98.3350296 4.71553326
152.299469 -98.0938644 -0.0904666632
152.319458 -98.1412506 4.65719986
152.278107 -97.8838959 -0.0757500008
152.279007 -97.4890976 -0.0768000036
152.331497 -97.2994995 -0.107299998
152.354004 -96.9412003 -0.127900004
152.383301 -96.405899 -0.1796
152.291702 -96.316452 -0.139750004
152.268097 -96.1008987 -0.116400003
152.305603 -95.9015045 -0.111400001
152.281403 -95.518425 -0.0944999978
152.337204 -95.0281982 -0.0951000005
152.336899 -94.9012756 -0.100699998
152.292114 -94.2779999 -0.102300003
152.209396 -93.5279999 -0.107100002
152.315048 -93.1219025 -0.102750003
152.218597 -92.1828995 -0.0987000018
152.307999 -91.7193451 -0.14199999
152.202393 -91.1684036 -0.175799996
152.247696 -90.8861008 -0.179900005
152.258194 -90.4309998 -0.157100007
152.217194 -90.5762024 0.568400025
152.268402 -90.3356476 0.31795001
152.373001 -90.1892014 0.262400001
152.380997 -89.9306946 0.283699989
152.237488 -89.706604 -0.209100008
152.217606 -89.4070969 -0.238600001
152.375793 -89.5223999 0.214000002
152.308807 -88.7164001 -0.222200006
152.247498 -88.0814972 -0.230900005
152.286148 -87.1074524 -0.246649995
152.351593 -86.3402023 -0.287800014
152.323593 -86.1075974 2.38630009
152.311707 -86.0543976 2.53789997
152.339661 -86.0610657 2.69256663
152.275803 -86.0697021 2.90050006
152.281601 -86.0733032 3.30719995
152.284882 -85.8683853 2.34231997
152.307922 -85.9089813 2.47273326
152.277283 -85.902298 2.72940016
152.348694 -85.855896 2.94320011
152.210907 -85.8054962 3.08509994
152.355743 -85.8381958 3.27629995
152.280457 -85.9176483 5.26879978
152.235794 -85.7045975 2.30130005
152.224792 -85.755249 2.51130009
152.203003 -85.7979965 2.64409995
152.207703 -85.7452011 3.09489989
152.281494 -85.6586456 3.37540007
152.326996 -85.4062958 -0.147850007
152.323349 -85.2943573 -0.0754500031
152.324097 -85.3473969 0.00960000046
152.302399 -85.3190994 4.79909992
152.228104 -83.2160034 0.0782999992
152.341003 -83.1095963 0.274699986
152.248306 -83.1913986 0.581099987
152.339905 -83.0895538 1.25375009
152.547699 -99.9593964 -0.0428999998
152.534149 -99.8621521 3.09540009
152.406296 -99.9151001 3.23860002
152.518005 -99.6866302 -0.0426333323
152.423706 -99.6490021 3.15019989
152.453598 -99.6335983 4.15343332
152.420502 -99.7201996 5.13859987
152.428146 -99.668602 5.31809998
152.583496 -99.6151962 5.5065999
152.484406 -99.5214996 -0.0399999991
152.450104 -99.5764999 3.0776
152.490402 -99.5034332 4.17299986
152.432907 -99.5150986 4.21089983
152.476807 -99.4958954 5.27627516
152.484589 -99.2948456 -0.0622999966
152.575607 -99.3171005 4.22359991
152.473495 -99.3863983 4.7954998
152.579803 -99.2488022 4.9538002
152.500504 -99.3204041 5.10074997
152.590195 -99.3507004 5.29020023
152.505127 -99.0501328 -0.0452999994
152.477509 -99.1088562 4.35375023
152.513641 -99.1651001 4.56614971
152.435394 -99.1059036 5.10879993
152.505203 -99.0809021 5.20949984
152.551453 -98.9301987 -0.0587000027
152.505371 -98.8869019 2.90086675
152.506989 -98.96315 4.47840023
152.543228 -98.9027023 5.30137491
152.528397 -98.921402 5.49389982
152.437897 -98.7603989 2.84389997
152.453796 -98.6533966 5.17299986
152.518494 -98.6848984 5.2658
152.587296 -98.7447968 5.40299988
152.495041 -98.512619 -0.083039999
152.512299 -98.5286026 2.79690003
152.434006 -98.5199356 2.93413329
152.404694 -98.472702 4.45769978
152.496399 -98.4539032 4.67834997
152.466599 -98.4199982 5.05649996
152.594193 -98.5543976 5.36399984
152.437744 -98.3292999 -0.0606999993
152.449722 -98.3081284 2.87627506
152.565399 -98.2164001 4.58010006
152.459381 -98.263504 4.68963337
152.475433 -98.1298981 -0.0835333318
152.424301 -98.1740036 2.99300003
152.426498 -98.1549988 3.02979994
152.454102 -98.1007004 4.75950003
152.536682 -97.9008484 -0.088349998
152.461304 -97.8702011 4.75260019
152.516907 -97.6552505 -0.0890000015
152.543701 -97.3128052 -0.0895000026
152.541901 -97.0683975 -0.0996999964
152.448761 -96.9214478 -0.114999995
152.531494 -96.6896973 -0.112899996
152.456802 -96.5147018 -0.147699997
152.433441 -96.3553009 -0.114199996
152.414902 -96.1812973 -0.119099997
152.564941 -95.889801 -0.111200005
152.587296 -95.6007996 -0.105400003
152.545532 -95.5032959 -0.0794333294
152.475601 -95.3749008 -0.0895000026
152.50853 -95.0753326 -0.0939333364
152.541901 -94.821701 -0.111000001
152.5522 -94.4226532 -0.123600006
152.507935 -94.2909317 -0.0903000012
152.5858 -93.9021988 -0.114500001
152.443604 -93.658699 -0.0834000036
152.472198 -93.1433029 -0.115800001
152.503998 -92.9250641 -0.110266663
152.507248 -92.7089539 -0.137600005
152.578903 -92.5270004 -0.102200001
152.404694 -92.1038971 -0.168500006
152.434906 -91.814003 -0.133399993
152.499802 -91.2971039 -0.167649999
152.48941 -90.4952011 0.57160002
152.511795 -90.3210983 0.152966678
152.46315 -90.3274994 0.216949999
152.451401 -90.1520004 0.157600001
152.424103 -89.6097031 0.268599987
152.484894 -89.4153976 0.0799999982
152.474899 -89.3553009 -0.177900001
152.548752 -89.361557 0.255250007
152.582199 -88.1127014 -0.219600007
152.492706 -87.0313034 -0.0944999978
152.493896 -86.9533005 -0.197300002
152.435104 -86.6632996 -0.282799989
152.452606 -86.7969971 -0.187999994
152.463394 -86.3896027 -0.193299994
152.591095 -86.0992966 -0.304100007
152.526794 -86.0048981 5.32079983
152.479797 -85.8768616 3.08356667
152.513046 -85.9077988 3.31115007
152.52095 -85.9605484 5.31344986
152.495346 -85.949646 5.41195011
152.415497 -85.3580017 -0.137600005
152.586899 -85.3178024 2.40450001
152.406601 -84.5789032 5.11450005
152.490143 -83.0304489 0.138050005
152.480408 -83.013504 0.275399983
152.427795 -83.0241013 1.20949996
152.495895 -83.006897 1.8197
152.557007 -82.9309998 0.33039999
152.589905 -82.8125992 0.478100002
152.572098 -82.8936996 0.649699986
152.549103 -82.8651962 1.48590004
152.554306 -82.9369965 1.63380003
152.584106 -82.8740997 1.97739995
152.63945 -99.8318481 -0.0144500006
152.72937 -99.9250488 3.12732506
152.686005 -99.8995972 3.33859992
152.7397 -99.9806061 5.02614975
152.683197 -99.8311996 5.29890013
152.695557 -99.7106018 -0.057599999
152.710693 -99.6287003 4.96479988
152.738403 -99.65065 5.43375015
152.640137 -99.5383987 -0.0414666682
152.722229 -99.4939957 4.95830011
152.702118 -99.5582504 5.50527477
152.789703 -99.5990982 5.60239983
152.735443 -99.3037262 -0.050499998
152.682205 -99.2863998 4.12650013
152.600494 -99.2117004 4.25110006
152.738998 -99.3065033 4.95779991
152.720306 -99.2001038 5.15259981
152.729401 -99.3855972 5.47139978
152.635605 -99.0821991 2.95880008
152.695908 -99.1464005 4.37459993
152.714508 -99.0757141 4.45488739
152.693405 -99.0490494 5.24935007
152.754898 -99.1580963 5.71239996
152.725204 -98.8160019 -0.0732000023
152.649368 -98.9075012 2.89993334
152.659195 -98.891098 4.36140013
152.797699 -98.8093033 4.66620016
152.682465 -98.9265442 5.23769999
152.726105 -98.6916046 -0.0785999969
152.613907 -98.7593994 5.14680004
152.684189 -98.7229156 5.35336685
152.685806 -98.5810013 -0.0571999997
152.70993 -98.4971695 5.38863325
152.749054 -98.4938049 5.48859978
152.6091 -98.2378998 -0.0931999981
152.652496 -98.2904968 4.59089994
152.602905 -98.3321991 4.62610006
152.756805 -98.391098 5.43849993
152.697296 -98.0495529 -0.101449996
152.718262 -97.8341675 -0.0980333388
152.690643 -97.5050507 -0.105399996
152.688095 -97.2042999 -0.0930999964
152.748566 -97.0655365 -0.105800003
152.675903 -96.6117554 -0.131300002
152.671799 -96.487999 -0.113366671
152.656448 -96.3659515 -0.109700002
152.666397 -96.0326004 -0.0951000005
152.792007 -95.6288986 -0.071800001
152.698898 -95.5139008 -0.118699998
152.698059 -95.2718658 -0.0895666629
152.743698 -94.7489014 -0.105499998
152.615402 -94.3843994 -0.0988999978
152.743393 -93.8350983 -0.065700002
152.725861 -93.7437973 -0.114299998
152.729355 -93.2892532 -0.111299999
152.647156 -93.1891022 -0.119949996
152.696701 -92.6822968 -0.1206
152.689194 -92.2416 -0.163900003
152.645004 -91.6062012 -0.184400007
152.637894 -91.382103 -0.146200001
152.703705 -91.0754013 -0.153799996
152.702194 -90.9914017 -0.171800002
152.747803 -90.4032974 -0.161899999
152.743851 -90.5610962 0.57160002
152.684998 -90.3709641 -0.0816666633
152.646469 -90.3320007 0.0901666656
152.682892 -90.3083038 0.381349981
152.651703 -90.3073349 0.453666657
152.715393 -90.1175003 -0.0581
152.621902 -89.8132019 -0.185900003
152.792404 -89.2284012 -0.2086
152.68187 -89.3518372 -0.0787333325
152.664825 -89.3093491 0.0478250012
152.694092 -89.3416443 0.333249986
152.733459 -89.3097305 0.480233341
152.799805 -88.8699036 -0.181999996
152.774704 -88.3927994 -0.244100004
152.628494 -87.3923035 -0.136500001
152.772293 -85.8690033 -0.296099991
152.6633 -85.8167038 3.07529998
152.678101 -85.6215973 -0.2368
152.729706 -85.4247971 -0.335099995
152.663605 -82.865097 0.970399976
152.663498 -82.8619995 1.01090002
152.618698 -82.8800964 1.45360005
152.860901 -99.8718033 -0.0454999991
152.938248 -99.8687973 2.91862512
152.865982 -99.9031219 3.08564997
152.891495 -99.9766998 3.26489997
152.886902 -99.9360962 5.20879984
152.842407 -99.7743988 -0.0463000014
152.886505 -99.7866974 2.92400002
152.867004 -99.7341003 5.59840012
152.896393 -99.6409988 5.69842482
152.943604 -99.4194031 -0.0296
152.928986 -99.4732742 4.88875723
152.886627 -99.5083466 5.66335011
152.8909 -99.2497025 -0.0590000004
152.94809 -99.2442474 4.36644983
152.9561 -99.3152008 5.59399986
152.882401 -99.2574005 5.71064997
152.943695 -99.118103 4.37979984
152.851807 -99.0121002 5.16429996
152.831238 -99.0682526 5.24795008
152.9487 -99.0354462 5.75720024
152.961151 -99.0623016 5.84315014
152.989258 -98.8847504 -0.0741000026
152.993896 -99 4.34719992
152.858154 -98.8848495 4.50304985
152.995804 -98.9615021 5.13770008
152.868896 -98.8569031 5.25159979
152.9086 -98.6868668 -0.0650999993
152.881393 -98.6587982 5.33576679
152.8815 -98.6251526 5.45979977
152.933807 -98.5954971 -0.0973000005
152.815598 -98.514801 5.46379995
152.927795 -98.2297974 -0.0665000007
152.900604 -98.3427963 5.53276634
152.984802 -98.1601562 -0.0780500025
152.911804 -98.1885986 5.4211998
152.886307 -97.8656998 -0.105599999
152.991302 -97.6016998 -0.0943000019
152.892197 -97.3684006 -0.0874999985
152.825897 -97.1098022 -0.0956000015
152.931396 -96.9168549 -0.118799999
152.906647 -96.6626511 -0.0973500013
152.866699 -96.5986023 -0.110299997
152.935928 -96.1364975 -0.0896333307
152.893265 -95.9043655 -0.101266667
152.961945 -95.6778488 -0.0754500031
152.915405 -95.4449997 -0.0694999993
152.892105 -95.5025024 0.0205000006
152.871994 -95.3452988 -0.101499997
152.935303 -95.0419006 -0.102899998
152.804993 -94.6961975 -0.0861999989
152.951294 -94.264801 -0.105400003
152.91864 -94.1301346 -0.0932666659
152.848297 -93.8371429 -0.1043
152.927994 -93.0459976 -0.121200003
152.940796 -92.7365036 -0.122500002
152.841705 -92.3626022 -0.217500001
152.987503 -92.3307037 -0.131999999
152.912994 -91.9441986 -0.123599999
152.8013 -91.5399017 -0.1664
152.841904 -91.3593979 -0.154300004
152.836594 -91.0121002 -0.229599997
152.915405 -91.0238037 -0.134399995
152.844193 -90.7266006 -0.150399998
152.855499 -90.5936966 -0.157000005
152.833893 -90.5590973 0.563300014
152.959305 -90.0094986 -0.209999993
152.862 -89.7683029 -0.205899999
152.929993 -89.2924347 0.536033332
152.940399 -88.8522034 -0.210099995
152.811005 -88.9875031 -0.177699998
152.915894 -88.7416 -0.205799997
152.927002 -88.776001 -0.158899993
152.956207 -88.2365036 -0.224299997
152.815094 -87.3830032 -0.229300007
152.841995 -87.3340988 -0.193100005
152.990097 -86.9935989 -0.231399998
152.939896 -85.7461014 -0.301200002
152.993607 -84.4913025 -0.403400004
152.841202 -82.6853027 0.437099993
152.833893 -82.7052002 1.31280005
152.927597 -82.6320038 1.82620001
152.956406 -82.5587006 0.515500009
153.067795 -99.8797989 3.15910006
153.024506 -99.8780975 5.04839993
153.176208 -99.8306503 5.55029964
153.147095 -99.740097 -0.0639000013
153.124207 -99.703598 5.68770027
153.050995 -99.5254059 -0.0449000001
153.109039 -99.5246048 5.7281332
153.189499 -99.5998993 5.83120012
153.091934 -99.2908325 4.30613327
153.063797 -99.0386963 5.86660004
153.097397 -98.8928986 -0.0591333322
153.070511 -98.861351 4.49481678
153.006104 -98.8504028 4.67840004
153.128098 -98.9039993 5.89316654
153.104294 -98.7146301 4.54102516
153.09903 -98.7441483 4.66342497
153.09285 -98.5406494 -0.0760999992
153.080994 -98.3282318 -0.0812833309
153.105988 -97.9073029 -0.0925000012
153.175003 -97.4201965 -0.106600001
153.010101 -97.3089523 -0.0964999944
153.054092 -97.1617966 -0.110200003
153.147049 -96.857193 -0.108199999
153.090302 -96.6404037 -0.0971999988
153.104401 -96.4832001 -0.106800005
153.1026 -96.2724991 -0.0807999969
153.03215 -95.8111496 -0.0895500034
153.033096 -95.7763977 -0.0737999976
153.117096 -95.5738983 -0.114299998
153.038895 -95.3251038 -0.0278999992
153.138504 -95.1162033 -0.101099998
153.044006 -94.52005 -0.0910999998
153.051895 -94.2371979 -0.0755999982
153.089767 -94.1623001 -0.10103333
153.084259 -93.4822006 -0.0982999951
153.123444 -91.4344482 4.52645016
153.170593 -91.3018036 4.36794996
153.190598 -91.2251968 4.40280008
153.118698 -91.3901978 4.63399982
153.010803 -91.0356979 -0.152899995
153.128906 -91.1108856 5.3189168
153.137207 -90.9679031 -0.163599998
153.09845 -90.6370544 -0.17035
153.009705 -90.4747009 -0.179000005
153.03894 -90.5715027 0.552700043
153.145599 -90.3089981 0.530600011
153.08429 -89.7555542 0.48755002
153.036804 -89.1119995 -0.189799994
153.185593 -88.1187973 4.58099985
153.134796 -86.928299 -0.205500007
153.103088 -82.4225998 0.136199996
153.088394 -82.4737015 0.551400006
153.108994 -82.410202 0.637799978
153.150299 -82.4576035 0.992999971
153.018295 -82.4626007 1.39129996
153.1241 -82.5558014 1.65020001
153.087601 -82.4946365 1.89896667
153.076508 -82.4704971 2.03730011
153.155899 -82.3525009 0.299499989
153.201096 -99.8945999 -0.0397000015
153.308899 -99.6705017 -0.0555000007
153.210602 -99.7776031 5.51210022
153.280106 -99.612999 5.82999992
153.315704 -99.4576492 5.78030014
153.282303 -99.5729218 5.86122513
153.307236 -99.3146973 -0.0670666695
153.305298 -99.115303 -0.0552333333
153.352448 -98.8153534 -0.0747499987
153.203598 -98.6313019 4.51240015
153.212708 -98.6517029 4.68209982
153.257996 -98.5709991 -0.0863000005
153.294693 -98.1024323 -0.0880666673
153.250504 -97.8779984 -0.0980999991
153.253052 -97.2895966 -0.109400004
153.345993 -97.1884995 -0.128299996
153.309525 -96.8778 -0.0958999991
153.308807 -96.4809494 -0.0763500035
153.326706 -96.3529968 -0.0693999976
153.246429 -96.0492325 -0.105333336
153.383499 -96.1455994 0.0335000008
153.299896 -95.8999023 -0.115599997
153.359497 -95.3563538 -0.117300004
153.267853 -95.0905457 -0.10125
153.222504 -94.6330032 -0.0790000036
153.235291 -94.4615936 -0.12325
153.302505 -93.8585968 -0.111400001
153.287201 -93.7102966 -0.112599999
153.291199 -93.3486023 -0.116799995
153.325699 -93.0632019 -0.115900002
153.346344 -92.8784943 -0.128850013
153.29985 -91.6910019 -0.167549998
153.254898 -91.2671738 4.33284998
153.210007 -91.1097031 -0.163900003
153.261398 -91.1596985 3.18580008
153.324875 -91.1032715 4.30805016
153.377197 -91.0501022 5.1894002
153.339951 -91.0513306 5.27990007
153.2892 -90.8262024 -0.216199994
153.343292 -90.9564972 5.26655006
153.298447 -90.7346954 -0.176149994
153.3508 -90.7723007 5.53049994
153.28833 -90.2906494 4.08479977
153.3815 -90.3980026 4.75939989
153.302704 -90.1752014 -0.194999993
153.324799 -89.5837021 -0.218899995
153.349594 -89.2207031 4.10839987
153.363205 -89.3218002 4.34579992
153.365601 -89.1852036 4.2894001
153.3358 -88.635498 4.89134979
153.282394 -88.5127029 4.94299984
153.309296 -88.3947983 4.62200022
153.326797 -88.3623047 5.2269001
153.27034 -88.1380005 4.5303998
153.250977 -88.1528244 4.6642251
153.314407 -87.8574982 -0.243399993
153.3181 -87.9164963 4.29279995
153.363998 -87.9664001 4.40089989
153.31131 -87.6981049 -0.192699999
153.375305 -87.664299 5.12440014
153.315002 -87.5865021 -0.198599994
153.274994 -86.8330002 -0.0970999971
153.238098 -82.4051971 0.582300007
153.579498 -99.9413452 -0.0479499996
153.582001 -99.9710007 3.32430005
153.534882 -99.9524231 3.42624998
153.500793 -99.9962006 3.79110003
153.412109 -99.7322006 -0.0469999984
153.554703 -99.4580994 -0.0648000017
153.458954 -99.2792511 -0.0689499974
153.483002 -99.1097031 -0.0487000011
153.484009 -98.8767014 -0.0597499982
153.552246 -98.6669464 -0.0584500022
153.525757 -98.2757492 -0.0696500018
153.441406 -98.0358963 -0.1039
153.478104 -97.6278992 -0.112199999
153.514282 -97.0842514 -0.0952249989
153.494598 -96.8575974 -0.0640999973
153.492157 -96.6569519 -0.08935
153.56955 -96.5527496 -0.0640999973
153.469101 -96.0954971 -0.0727000013
153.505859 -95.9273529 -0.0648999959
153.406693 -95.759697 -0.056499999
153.519745 -95.5325012 -0.0969000012
153.45871 -95.2899017 -0.0905999988
153.517395 -95.0858994 -0.0471000001
153.531525 -94.8933334 -0.0899666697
153.52594 -94.7189484 -0.111249998
153.461502 -94.5194321 -0.0921000019
153.569901 -94.2718964 -0.0724000037
153.534607 -93.7666016 -0.069600001
153.438705 -93.0389023 -0.0773999989
153.457901 -92.9533539 -0.0776499957
153.554504 -91.3022003 3.30130005
153.582993 -91.3803024 3.65359998
153.443207 -91.2296982 4.30240011
153.404907 -91.0126038 -0.194000006
153.539795 -91.1548004 3.18959999
153.561798 -91.1126328 3.33373332
153.541107 -91.0631027 3.9927001
153.52327 -91.0326996 4.09973335
153.498505 -91.1316299 4.23146677
153.548492 -91.1044998 4.47240019
153.547501 -91.118248 4.9520998
153.486099 -90.8729019 3.77629995
153.474899 -90.9615021 3.89744997
153.463196 -90.9319992 5.16090012
153.514008 -90.992897 5.20359993
153.450699 -90.8133011 5.41930008
153.514359 -90.9238739 5.73117495
153.507797 -90.7321014 -0.147
153.521393 -90.7889023 3.92680001
153.546906 -90.7449036 4.55789995
153.50882 -90.6726532 4.88915014
153.594498 -90.7861023 5.30340004
153.513397 -90.7998962 5.40229988
153.580002 -90.5483551 2.90459991
153.480896 -90.4548035 3.57159996
153.592606 -90.5458984 3.97889996
153.592697 -90.4429016 4.29150009
153.501556 -90.5424042 4.71635008
153.548401 -90.5572968 5.38079977
153.437393 -90.3181 -0.135700002
153.568802 -90.3863983 3.72460008
153.4077 -90.332901 4.06309986
153.52565 -90.2927551 4.24409962
153.554703 -90.3438034 5.1493001
153.545349 -90.0503006 3.48780012
153.527695 -89.8948975 3.02559996
153.556 -89.6937485 4.67440033
153.484497 -89.5702972 -0.197999999
153.550995 -89.4280014 4.04699993
153.489899 -89.4601974 4.73063326
153.561401 -89.4911041 4.80910015
153.590393 -89.2886963 3.88790011
153.517502 -89.2967987 4.14639997
153.450699 -89.2544479 4.31355
153.499496 -89.3017654 4.67753315
153.477402 -89.0875015 3.69834995
153.598007 -88.9990997 3.69560003
153.462296 -88.8579025 4.31090021
153.544495 -88.8891983 4.74800014
153.571594 -88.6765976 5.55649996
153.582108 -88.464798 4.71729994
153.510193 -88.5550003 4.87114
153.598694 -88.4250031 5.32919979
153.534805 -88.4819031 6.35379982
153.577698 -88.5440979 6.48689985
153.500305 -88.2105026 4.29939985
153.483902 -88.2803268 4.63835001
153.552002 -88.2080002 5.21999979
153.472198 -88.0666504 4.46479988
153.551605 -87.8701019 -0.247700006
153.560394 -87.9129028 4.17815018
153.439804 -87.9421997 4.33403349
153.5065 -87.9005966 4.88899994
153.443695 -87.7773972 -0.244200006
153.506699 -87.7181015 4.94036674
153.546997 -87.7472534 5.06939983
153.586502 -87.5598984 4.19729996
153.407806 -87.1508026 -0.245499998
153.450806 -86.9004974 -0.275299996
153.492996 -85.4412003 -0.309899986
153.711304 -99.9946976 -0.0498000011
153.604706 -99.9164963 3.51799989
153.656693 -99.6556015 -0.0540999994
153.623199 -99.6050034 5.9696002
153.710098 -99.4497986 -0.052699998
153.646393 -99.5748978 5.98239994
153.623703 -99.2714996 -0.0719000027
153.779297 -99.0161972 -0.0791999996
153.719498 -98.8674469 -0.0561999977
153.715698 -98.7717972 -0.068599999
153.670898 -98.5050964 -0.0988999978
153.786301 -98.2343979 -0.119999997
153.614807 -98.1193008 -0.107799999
153.740967 -97.913765 -0.0970999971
153.704407 -97.7790985 -0.105099998
153.700394 -97.4533005 -0.109700002
153.752701 -97.3199997 -0.0977500007
153.617599 -97.1015015 -0.126800001
153.751099 -96.7639999 -0.0914499983
153.794693 -96.2781982 -0.0634000003
153.789902 -96.1980972 -0.0588999987
153.699554 -95.8539429 -0.0661500022
153.638794 -95.6910553 -0.0908000022
153.713394 -95.5631027 -0.072800003
153.603699 -95.381897 -0.0724999979
153.677094 -94.8311996 -0.126599997
153.623901 -94.66745 -0.101999998
153.745499 -94.5206985 -0.102899998
153.700195 -94.2547989 -0.110050008
153.679352 -94.0584488 -0.100999996
153.67775 -93.7037964 -0.124449998
153.713104 -93.3702011 -0.133000001
153.624542 -92.6689987 -0.0745999962
153.789001 -92.3043976 3.62199998
153.7939 -92.141098 3.70190001
153.682404 -91.9151001 3.57704997
153.728241 -91.9067993 4.94948006
153.690994 -91.7263031 3.73760009
153.633301 -91.6211548 3.86315012
153.756149 -91.499649 -0.171649992
153.692627 -91.4647751 3.54905009
153.703827 -91.5316467 3.73484993
153.647461 -91.5695038 3.92530012
153.681763 -91.2781067 3.36742496
153.65387 -91.2904816 3.42066669
153.630707 -91.3448029 3.60645008
153.786697 -91.3058014 3.99060011
153.705292 -91.2444458 4.125
153.627197 -91.2173996 4.39769983
153.7034 -91.3551025 4.96810007
153.690903 -91.2602005 5.18590021
153.654907 -91.2838974 5.3993001
153.699707 -91.2329559 5.56080008
153.680359 -91.2526016 5.68254995
153.788193 -91.0682983 2.97819996
153.693253 -91.1179504 3.10085011
153.713913 -91.1025467 3.26923347
153.707489 -91.1405945 3.5314002
153.705124 -91.098938 3.97586656
153.727356 -91.0918198 4.08646011
153.633499 -91.0553665 4.34146643
153.687637 -91.0636292 4.50066662
153.618698 -91.1415558 4.94575024
153.696869 -91.0819702 5.12657499
153.72493 -91.0737305 5.2482667
153.765198 -91.1087799 5.49289989
153.7323 -91.1987991 5.70830011
153.734192 -90.9183502 3.29274988
153.709137 -90.925499 3.77756667
153.706757 -90.9172821 3.90582013
153.678558 -90.8999481 4.03544998
153.767502 -90.8527527 4.86189985
153.705856 -90.8807678 5.15376663
153.722443 -90.8811035 5.27299976
153.675842 -90.8764496 5.47879982
153.735504 -90.8012009 5.67479992
153.683411 -90.882843 5.89869976
153.666534 -90.7322998 3.76556659
153.7547 -90.7462006 3.9131999
153.779999 -90.6987 4.01240015
153.794998 -90.6625977 4.58839989
153.669205 -90.712204 4.65593338
153.749893 -90.697998 5.04869986
153.697296 -90.7685013 5.22489977
153.638596 -90.7433014 5.47179985
153.750305 -90.7013016 5.61100006
153.730698 -90.7773972 5.83570004
153.72937 -90.5545273 2.95564985
153.751999 -90.4013977 3.08739996
153.780746 -90.4975967 3.2276001
153.710403 -90.4437485 3.6949501
153.638168 -90.5400314 4.11660004
153.674591 -90.5197449 4.32520008
153.743439 -90.5223465 4.55119991
153.774475 -90.4959259 4.69227505
153.728745 -90.4806976 4.88010025
153.739853 -90.4626999 5.36245012
153.798706 -90.4261017 6.04949999
153.656097 -90.3664017 -0.172199994
153.778107 -90.2006989 3.70539999
153.662994 -90.3867035 4.17920017
153.734253 -90.3650513 4.30515003
153.732697 -90.3906021 4.56799984
153.747192 -90.3955994 4.64370012
153.692703 -90.3496017 4.93989992
153.712341 -90.0733032 3.27885008
153.645294 -90.1456985 3.58800006
153.669525 -89.9315033 3.09874988
153.753906 -89.9754028 3.227
153.679291 -89.8361969 4.15324974
153.745102 -89.8022003 4.53509998
153.726593 -89.6605988 -0.126200005
153.691025 -89.7690811 4.11246014
153.710541 -89.6441345 4.63043308
153.723206 -89.5139999 3.94160008
153.701096 -89.4810028 4.13479996
153.739197 -89.5455017 4.30869961
153.711761 -89.4680481 4.71229982
153.700104 -89.4933472 4.92815018
153.705505 -89.2746964 3.93980002
153.698303 -89.2826004 4.74505043
153.661804 -89.0354996 3.7507
153.751297 -89.0631638 3.90263319
153.735397 -89.0644989 5.59210014
153.6922 -88.9476013 3.84899998
153.713745 -88.9670563 4.04675007
153.695297 -88.8666992 5.64484978
153.707596 -88.8031006 6.30859995
153.76239 -88.7500992 4.06785011
153.696869 -88.7254639 4.71653318
153.651306 -88.788002 5.05770016
153.661545 -88.6936035 5.55770016
153.714203 -88.7133026 5.61280012
153.736694 -88.6741028 5.81969976
153.716904 -88.6111984 6.42659998
153.773407 -88.493103 4.56510019
153.694061 -88.4660645 4.73110008
153.751205 -88.435997 5.24119997
153.680206 -88.2335968 -0.275999993
153.680756 -88.3162994 4.5482502
153.798401 -88.2870026 5.27619982
153.713104 -88.0422516 4.09469986
153.662094 -88.1264038 4.31339979
153.658447 -88.1512527 4.48945045
153.630707 -88.1635971 5.16279984
153.750595 -88.1306992 5.75530005
153.675156 -87.9320526 4.12145042
153.784103 -87.9483032 4.23719978
153.728394 -87.6193008 4.25829983
153.616592 -87.7158966 4.88870001
153.725098 -87.7907028 5.02829981
153.748703 -87.4705963 3.42759991
153.714798 -87.5177994 3.75740004
153.694794 -87.5718002 4.15140009
153.715607 -87.3895035 3.61689997
153.759705 -87.0335007 -0.240500003
153.723206 -86.9440994 4.61299992
153.930145 -99.6715546 -0.0623500012
153.841339 -99.5089569 -0.0576499999
153.980392 -99.3068008 -0.069600001
153.991898 -99.0802994 -0.0581
153.886948 -98.8934479 -0.0518000014
153.850052 -98.6981506 -0.0503500029
153.867294 -98.4360962 -0.0936999992
153.806107 -98.2929001 -0.102700002
153.867401 -98.1325989 -0.0948000029
153.911804 -97.9156036 -0.123400003
153.924774 -97.6892319 -0.103033334
153.848511 -97.5216522 -0.113299996
153.888855 -97.2980042 -0.106999993
153.964493 -97.0547028 -0.0935000032
153.911774 -96.8802261 -0.0634500012
153.916046 -96.6576004 -0.0879999995
153.912476 -96.4894028 -0.0762500018
153.835098 -96.0903015 -0.0397500023
153.973801 -95.7796021 -0.0702000037
153.885696 -95.4655457 -0.0716499984
153.938599 -95.1099472 -0.117750004
153.878601 -94.8851471 -0.0867500007
153.880554 -94.4149475 -0.104400001
153.949203 -94.3309021 -0.112800002
153.946106 -93.7770996 -0.115900002
153.840103 -93.5074005 -0.0892999992
153.967606 -93.0856018 -0.131500006
153.8685 -92.9031982 -0.0769999996
153.928894 -92.6901016 -0.142100006
153.985992 -92.7294998 4.73699999
153.883499 -92.5695038 -0.143600002
153.985046 -92.419548 3.29250002
153.965164 -92.4931335 4.08759975
153.838272 -92.2260666 3.68643332
153.889297 -92.2472 3.83380008
153.989899 -92.3853989 4.00670004
153.902206 -92.0802002 -0.123599999
153.894974 -92.165863 3.65623331
153.914795 -92.177803 4.42980003
153.942352 -92.0088043 4.87739992
153.806 -91.8911972 3.57299995
153.91301 -91.8800354 3.65406656
153.986206 -91.9940033 4.79390001
153.886902 -91.9089737 4.91277504
153.946793 -91.8304977 5.11999989
153.956421 -91.7346725 4.7281251
153.871002 -91.5365982 -0.158199996
153.922104 -91.5982971 3.19099998
153.940048 -91.589447 3.29425001
153.809097 -91.4076996 3.73210001
153.9646 -91.598999 4.94350004
153.9888 -91.4735031 5.02829981
153.918396 -91.2907028 -0.194900006
153.917297 -91.233902 3.06769991
153.935547 -91.2778015 3.21955013
153.844543 -91.2812042 3.40700006
153.868073 -91.3534012 3.85969996
153.870193 -91.308403 4.99310017
153.904297 -91.2507019 5.06920004
153.828003 -91.3023987 5.24259996
153.935104 -91.3234024 5.56190014
153.816895 -91.3265991 5.65490007
153.921143 -91.0969543 -0.184349999
153.878601 -91.0076675 2.89093328
153.818634 -91.083931 3.15513325
153.850433 -91.0797348 3.25409985
153.8452 -91.1166 3.69939995
153.926926 -91.0377274 3.91930008
153.940903 -91.1251221 4.10901976
153.854736 -91.0410614 5.13856649
153.906006 -91.1179504 5.48680019
153.859009 -91.017601 5.70835018
153.887894 -90.9001999 -0.213599995
153.900833 -90.9384689 2.8847332
153.846207 -90.9352036 3.11689997
153.948151 -90.9058762 3.44180012
153.972 -90.8803024 3.67120004
153.85968 -90.9454041 3.90740013
153.925949 -90.8966522 4.77184963
153.862457 -90.8601227 4.90897512
153.884293 -90.9197235 5.06974983
153.988907 -90.9581985 5.21159983
153.997498 -90.8351974 5.47370005
153.975601 -90.8974991 5.71029997
153.868896 -90.8912048 5.84654999
153.958405 -90.6327972 -0.207900003
153.941895 -90.6053009 -0.125599995
153.899979 -90.6737518 3.04095006
153.884094 -90.7088013 3.55760002
153.928802 -90.7561035 3.68785
153.848694 -90.7835007 3.89689994
153.956299 -90.6912994 5.58039999
153.893372 -90.7160339 5.64356661
153.862793 -90.461998 3.1026001
153.964706 -90.4273987 3.23709989
153.855057 -90.5386047 3.52519989
153.896759 -90.5001984 3.64139986
153.913895 -90.4087982 3.84789991
153.822601 -90.4841995 4.39470005
153.891449 -90.5240021 4.53900003
153.884277 -90.4826736 4.71320009
153.936096 -90.5350037 4.83400011
153.933258 -90.4793015 5.3064003
153.971207 -90.4341965 5.59649992
153.991699 -90.4587021 5.79809999
153.867599 -90.441597 6.50099993
153.954895 -90.4850998 6.65044975
153.975296 -90.3061981 -0.219999999
153.993896 -90.2552032 2.94109988
153.906433 -90.3051376 3.0775001
153.982407 -90.214798 3.34990001
153.859299 -90.3311005 3.7026
153.841904 -90.3516006 4.01160002
153.902496 -90.392601 4.39529991
153.859344 -90.3036957 4.45034981
153.863602 -90.3455963 4.76779985
153.845703 -90.3220978 5.65360022
153.965393 -90.314003 6.8355999
153.930359 -90.0511017 3.08995008
153.892609 -90.04245 4.28679991
153.949097 -90.1542511 4.66464996
153.818405 -89.8085022 -0.184300005
153.923492 -89.8957977 3.11255002
153.923248 -89.9330521 3.20434999
153.836304 -89.9012985 4.32919979
153.909424 -89.9187393 6.26690006
153.877106 -89.9056015 6.8428998
153.931595 -89.6316986 4.15250015
153.933899 -89.6649475 4.39830017
153.924698 -89.6792984 4.49553347
153.946106 -89.523201 3.92309999
153.89444 -89.504303 4.15044975
153.887894 -89.5521011 4.22970009
153.867905 -89.5882034 4.55060005
153.936707 -89.5673523 4.61304998
153.922607 -89.4555511 4.8071003
153.990997 -89.2425995 2.16840005
153.856903 -89.3412018 3.95619988
153.808105 -89.3753967 4.03240013
153.860992 -89.3777008 4.24429989
153.830002 -89.2286072 4.54274988
153.906799 -89.3319702 4.66992474
153.9422 -89.1445007 -0.193800002
153.946747 -89.1106491 2.12545013
153.955597 -89.0353012 4.1947999
153.920517 -89.1156464 4.51025009
153.969193 -89.0283966 6.12400007
153.938293 -89.0455017 6.32340002
153.804092 -88.9726028 2.04360008
153.944199 -88.8119965 2.29710007
153.944107 -88.9513016 3.11083341
153.985794 -88.9561005 3.88739991
153.923767 -88.8886032 4.13533354
153.923248 -88.9749985 4.27955008
153.939499 -88.950798 4.69140005
153.827805 -88.8871002 4.91769981
153.838699 -88.8610001 5.54090023
153.823807 -88.9974976 5.71729994
153.978104 -88.6588974 2.65050006
153.931 -88.720665 4.65999985
153.889008 -88.658699 5.3611002
153.827957 -88.7106934 5.52944994
153.871506 -88.7730026 6.2361002
153.984695 -88.6807022 6.43499994
153.959305 -88.4904022 4.55060005
153.852295 -88.4662476 4.73029995
153.925323 -88.5410233 5.34157515
153.990906 -88.408699 6.34560013
153.818893 -88.5450974 6.44210005
153.876907 -88.2070007 4.3361001
153.909241 -88.3395538 4.43354988
153.9328 -88.3364487 5.2663002
153.891907 -88.2901001 5.48390007
153.950104 -88.3019028 5.68170023
153.858002 -88.0590973 3.64829993
153.957474 -88.0993347 4.36313343
153.973694 -88.1427002 4.52670002
153.956253 -88.1372528 4.72165012
153.997498 -88.0746002 6.20170021
153.892807 -87.8365021 3.99009991
153.882263 -87.9059982 4.0371666
153.874405 -87.9192505 4.55529976
153.858704 -87.9023972 4.62519979
153.971695 -87.9982986 5.16279984
153.813507 -87.6159515 3.77609992
153.969193 -87.6819 4.0690999
153.949402 -87.7866974 4.23570013
153.915894 -87.6095963 4.42409992
153.856094 -87.7117996 4.92939997
153.879395 -87.4606781 3.52834988
153.904907 -87.5374985 3.7418499
153.900803 -87.5422058 3.94330001
153.904007 -87.5103989 4.36259985
153.860504 -87.4285507 4.53800011
153.9077 -87.3816986 3.75699997
153.902847 -87.294548 4.5472002
153.919098 -87.1547012 4.35410023
153.915192 -87.0695953 4.51200008
153.847412 -87.0966492 4.66930008
153.887802 -86.9974976 4.63320017
153.989395 -82.1964035 -0.431300014
154.125854 -99.9593506 -0.0649999976
154.002502 -99.5019989 -0.0870999992
154.111206 -99.2369995 -0.068400003
154.174606 -99.1563034 -0.0763000026
154.106995 -98.8897018 -0.0644999966
154.098663 -98.4772644 -0.0827333331
154.146805 -98.2538986 -0.100500003
154.149261 -98.0097961 -0.113299996
154.132294 -97.7881012 -0.107199997
154.084534 -97.4894028 -0.0982000008
154.118103 -97.283699 -0.0667999983
154.011307 -97.1436996 -0.113700002
154.121277 -96.8954468 -0.0602250025
154.145203 -96.7825012 -0.0983999968
154.085999 -96.3247528 -0.075849995
154.147888 -96.082901 -0.0825500041
154.148849 -95.8330002 -0.0686499998
154.129105 -95.7121964 -0.0759000033
154.123901 -95.5157013 -0.102200001
154.10965 -95.330101 -0.0987000018
154.181793 -95.0510025 -0.113200001
154.092896 -94.8410034 -0.0737999976
154.171906 -94.1156006 -0.147200003
154.094238 -93.8950958 -0.133550003
154.181351 -93.0937042 -0.127000004
154.09407 -92.6732635 4.74196672
154.045105 -92.5906982 -0.140200004
154.070007 -92.441597 3.81960011
154.150452 -92.4439011 4.10605001
154.113205 -92.5588989 4.76639986
154.026672 -92.3649673 3.29243326
154.06427 -92.2861328 3.48340011
154.09465 -92.326004 3.69570017
154.083466 -92.3047638 3.89858007
154.107254 -92.3588486 4.09474993
154.069199 -92.3448029 4.30509996
154.141296 -92.0992584 3.50011992
154.08934 -92.1474304 3.69043326
154.015396 -92.1523972 4.46320009
154.048767 -92.0751648 4.88240004
154.195602 -92.0236969 5.00869989
154.005798 -91.8228989 -0.172299996
154.164001 -91.9844971 3.29450011
154.081329 -91.8776016 3.51889992
154.075699 -91.8523026 3.7276001
154.184296 -91.8687973 4.7191
154.108948 -91.8735809 4.85029984
154.088837 -91.9174347 5.08363342
154.138901 -91.8198013 5.68849993
154.1922 -91.8834 5.86439991
154.180695 -91.7292023 -0.222599998
154.194 -91.6845016 3.6960001
154.04187 -91.6728363 4.31220007
154.103699 -91.6360016 4.48636675
154.176102 -91.6970978 4.68520021
154.116806 -91.6961975 4.89685011
154.10434 -91.6618195 5.06559992
154.146576 -91.6226959 5.52472496
154.11264 -91.7109833 5.66461658
154.196899 -91.6931 5.83039999
154.186493 -91.5688019 -0.139899999
154.068787 -91.493454 3.2729001
154.035294 -91.5289001 3.61999989
154.087753 -91.5222473 4.3465004
154.186707 -91.4590988 4.56659985
154.098206 -91.5453033 4.71229982
154.129547 -91.5481491 4.90719986
154.120453 -91.5171051 5.13809967
154.127548 -91.5356979 5.50485039
154.158005 -91.5659027 5.76160002
154.054398 -91.3724976 -0.187800005
154.064499 -91.2480011 3.05279994
154.062546 -91.3378983 3.27480006
154.117798 -91.3377991 3.68070006
154.128799 -91.2289963 3.87859988
154.053696 -91.2345963 4.20130014
154.057602 -91.391098 5.03529978
154.087601 -91.3119965 5.33150005
154.080826 -91.0734329 3.31426668
154.069397 -91.1343689 3.48283339
154.187408 -91.1116028 3.64760017
154.125748 -91.1107025 3.85404992
154.145706 -91.1987 4.06529999
154.134644 -91.1470947 4.26455021
154.168198 -91.194397 4.51959991
154.140594 -91.1367035 4.79180002
154.137909 -91.0424957 4.88019991
154.114197 -91.046402 5.0316
154.064606 -91.0783005 5.22209978
154.0121 -91.0028992 5.79920006
154.045197 -90.9124985 -0.300300002
154.015106 -90.8749008 -0.154300004
154.031586 -90.8622513 3.12214994
154.146027 -90.897049 3.311975
154.1754 -90.8423996 3.79520011
154.113998 -90.9779968 3.94749999
154.119629 -90.8694687 4.8859334
154.055496 -90.9368973 5.01719999
154.05899 -90.8844681 5.68666649
154.009598 -90.8991013 5.85650015
154.145248 -90.7559204 3.09200001
154.191956 -90.6874542 3.23390007
154.099396 -90.6464996 3.58529997
154.128326 -90.6447983 3.68553329
154.076904 -90.7380981 3.81340003
154.031189 -90.790947 4.89464998
154.104935 -90.7710648 5.06466675
154.180496 -90.6557999 5.39620018
154.116394 -90.6567001 5.49696636
154.153427 -90.6787338 5.61953354
154.094193 -90.6533966 6.44029999
154.054794 -90.5385971 3.07179999
154.131409 -90.4806519 3.24205017
154.110168 -90.4968033 3.68945003
154.1315 -90.4161987 3.80719995
154.150208 -90.5608978 4.06589985
154.115936 -90.4652023 4.5517664
154.038956 -90.4723511 4.66174984
154.076843 -90.5279999 4.86969995
154.176102 -90.4526978 5.08139992
154.088852 -90.5280838 5.32156658
154.089401 -90.4756012 5.50266647
154.055908 -90.5344543 5.65639973
154.031799 -90.5996017 6.0250001
154.076508 -90.473999 6.29215002
154.088898 -90.4832993 6.5697999
154.0439 -90.4013977 6.68240023
154.091797 -90.2162018 -0.281199992
154.070694 -90.2762985 -0.191400006
154.009201 -90.2873993 2.9138999
154.021393 -90.2481995 3.02900004
154.1064 -90.3222961 3.73285007
154.112595 -90.3197021 3.9320333
154.047852 -90.2202454 4.07684994
154.089508 -90.2587967 4.3364501
154.169296 -90.2779007 4.41970015
154.090897 -90.3585968 4.72060013
154.181 -90.2329025 4.97009993
154.168304 -90.2727509 5.11565018
154.150208 -90.3412018 5.35410023
154.103973 -90.3054047 6.50215006
154.080551 -90.0463715 3.13294983
154.121597 -90.120903 3.3986001
154.098297 -90.1543503 3.47405005
154.165405 -90.1203995 3.71390009
154.175598 -90.0361023 4.1170001
154.071701 -90.1432037 4.21589994
154.055298 -90.0291977 4.58260012
154.031036 -90.1657639 4.70830011
154.073944 -90.1291504 4.83944988
154.145706 -90.1371002 5.11259985
154.188293 -90.0177994 6.3118
154.162903 -90.1233063 6.48810005
154.172104 -90.0478973 6.65080023
154.011703 -89.8134003 -0.217500001
154.071014 -89.9338989 3.12595987
154.088287 -89.9855957 3.30259991
154.123596 -89.9760971 5.11520004
154.126297 -89.8321991 5.7031002
154.064453 -89.8572006 6.10885
154.139267 -89.9660339 6.23096657
154.071396 -89.9232483 6.73980045
154.002594 -89.6154022 -0.174199998
154.11055 -89.6054993 2.83650017
154.018204 -89.7804031 4.18760014
154.058868 -89.6707764 4.33029985
154.111801 -89.6727371 4.49580002
154.141693 -89.7460022 6.06459999
154.062103 -89.4667969 -0.190599993
154.148407 -89.4472504 2.12510014
154.176193 -89.4156036 2.33649993
154.093201 -89.4440002 4.31640005
154.122406 -89.5307693 4.53953314
154.197693 -89.5241013 6.16930008
154.097931 -89.3477325 2.25806665
154.190796 -89.3513031 2.93630004
154.098999 -89.327301 4.48769999
154.056091 -89.3591003 4.71097517
154.189499 -89.2518997 7.20079994
154.021606 -89.1029968 2.07360005
154.036407 -89.1374969 2.20434999
154.170502 -89.1561966 3.08330011
154.167648 -89.0943985 4.34060001
154.082169 -89.0875015 4.47040033
154.016602 -89.1901016 4.72370005
154.182495 -89.0167999 5.22489977
154.038452 -89.0966949 6.24740028
154.104294 -89.078598 6.94420004
154.143997 -89.1472015 7.02080011
154.048492 -88.9875031 2.0079
154.0905 -88.8718033 2.75839996
154.012894 -88.9577026 3.11520004
154.106598 -88.8911438 4.16524982
154.085358 -88.8882217 4.3057003
154.103195 -88.8375549 4.46245003
154.049194 -88.9347992 4.66489983
154.142502 -88.8276978 5.37890005
154.150696 -88.8178024 6.47510004
154.136169 -88.6540298 2.7409668
154.159195 -88.6199036 2.90860009
154.108002 -88.7958069 4.28909969
154.180893 -88.6699982 4.54040003
154.077652 -88.6872559 4.85334969
154.126984 -88.7007294 5.29932499
154.044693 -88.7307968 5.49539995
154.082535 -88.7267303 6.29936647
154.045425 -88.7146225 6.72230005
154.123108 -88.4138489 2.56379986
154.103592 -88.4738998 2.69424009
154.199295 -88.563797 2.97280002
154.102341 -88.4746323 4.35116673
154.142227 -88.5213242 4.4973402
154.057281 -88.5054779 4.64461994
154.199799 -88.5867996 4.89169979
154.081696 -88.4862976 5.11980009
154.04715 -88.4654007 5.29960012
154.102966 -88.5324326 6.35756683
154.127701 -88.4913025 6.49000025
154.000504 -88.5327988 6.67379999
154.006699 -88.3893967 2.48580003
154.060394 -88.3968964 2.69860005
154.109207 -88.2662964 4.38800001
154.111801 -88.3242035 4.45537519
154.085602 -88.3228989 4.64414978
154.033295 -88.3520966 4.92469978
154.189606 -88.3121033 5.39799976
154.074799 -88.3356018 5.48430014
154.027328 -88.2740326 5.68190002
154.041107 -88.3267975 5.80149984
154.128143 -88.3368988 6.35824966
154.150909 -88.2810516 6.4633503
154.155106 -88.1715012 3.61209989
154.039093 -88.0494995 4.01300001
154.137466 -88.1358032 4.33096647
154.032532 -88.0959473 4.49812508
154.013901 -88.0820999 4.76289988
154.192505 -88.104599 5.27159977
154.146194 -88.1763 5.68779993
154.072296 -88.1775513 6.3503499
154.107849 -88.1320496 6.49595022
154.145905 -87.8952026 3.83769989
154.033798 -87.9908981 4.38549995
154.136597 -87.8795013 4.88009977
154.1689 -87.742897 3.75110006
154.156494 -87.6583481 3.89545012
154.151047 -87.7045441 4.42700005
154.153992 -87.6665039 4.90030003
154.15892 -87.7040024 5.09185028
154.010498 -87.5759964 3.75500011
154.123352 -87.4939499 4.47095013
154.179947 -87.3518982 2.73699999
154.070496 -87.3672028 3.94120002
154.025604 -87.3142471 4.49244976
154.197495 -87.3707962 4.84770012
154.190796 -87.1993027 4.07159996
154.120361 -86.8239365 4.32693338
154.101151 -86.7537994 4.10550022
154.036606 -86.7182007 4.32380009
154.014008 -82.4813004 -0.3116
154.282974 -99.8609772 -0.0502000004
154.359695 -99.4030991 -0.0689999983
154.319305 -99.3006744 -0.063500002
154.235199 -98.9815979 -0.0842999965
154.2603 -98.7182999 -0.0855499953
154.250076 -98.5047531 -0.0741249993
154.305939 -98.3004227 -0.0909499973
154.223907 -97.9533005 -0.0970999971
154.222595 -97.6115036 -0.0958999991
154.268097 -97.5037003 -0.099150002
154.256744 -97.3046494 -0.0705000013
154.331131 -97.11483 -0.0723999962
154.281296 -96.9143982 -0.0760999992
154.217697 -96.7661972 -0.053199999
154.370499 -96.2105026 -0.0738999993
154.276672 -96.093071 -0.0612000003
154.309113 -95.9246521 -0.0911500007
154.202698 -95.2666016 -0.0895999968
154.210602 -95.1596985 -0.104800001
154.252197 -95.0921021 0.0164000001
154.331299 -94.8451004 -0.115999997
154.216995 -94.646698 -0.0711999983
154.276596 -94.2834015 -0.1096
154.234497 -93.862999 -0.109899998
154.255798 -93.6156998 -0.129500002
154.2444 -93.1339035 -0.137700006
154.367401 -92.7218018 -0.132200003
154.242004 -92.6271973 4.71470022
154.2108 -92.4712982 -0.137899995
154.283096 -92.5442963 3.67939997
154.262131 -92.4566727 3.87380004
154.382904 -92.4798965 4.19780016
154.304199 -92.4339981 4.30259991
154.267746 -92.5384521 4.72370005
154.254105 -92.4787369 4.8939333
154.346497 -92.5046005 5.06120014
154.275497 -92.2527008 -0.0826999992
154.254135 -92.270134 3.75133324
154.201508 -92.3190002 3.91589999
154.210358 -92.3384552 4.04949999
154.388397 -92.358902 4.32719994
154.337601 -92.3403015 4.57959986
154.244797 -92.3593979 4.69560003
154.327927 -92.3302307 4.8890667
154.322495 -92.3415527 5.05830002
154.289703 -92.1024017 -0.163900003
154.265106 -92.1025543 3.56025004
154.340134 -92.085434 3.71581674
154.268341 -92.1105042 3.85879993
154.332901 -92.134903 4.48563337
154.308319 -92.0852509 4.72079992
154.333481 -92.0840149 4.91900015
154.340302 -92.151947 5.05000019
154.275696 -92.0397034 5.24910021
154.314102 -91.8554993 3.38050008
154.288574 -91.9017792 3.53418326
154.307663 -91.880455 3.65471435
154.324997 -91.8804016 3.97090006
154.297195 -91.8443985 4.48479986
154.310699 -91.9335632 4.70247984
154.314606 -91.9383469 4.8369503
154.302902 -91.8379745 5.90049982
154.323303 -91.8551025 6.16625023
154.378601 -91.740303 -0.106600001
154.329269 -91.7557983 3.53667498
154.395203 -91.774498 4.40010023
154.267975 -91.7828979 4.70846701
154.219894 -91.6392975 5.02580023
154.310898 -91.6222992 5.32870007
154.290573 -91.6850662 5.53826666
154.318802 -91.7416992 5.94199991
154.388397 -91.4083023 -0.174400002
154.257294 -91.4689026 4.54510021
154.397797 -91.4383011 5.03399992
154.310837 -91.5269012 5.30639982
154.291992 -91.5325775 5.47195005
154.321198 -91.5493469 5.63775015
154.218597 -91.4206009 6.00180006
154.396698 -91.3068008 -0.175699994
154.255798 -91.3072968 3.57949996
154.267303 -91.2358017 3.83089995
154.248306 -91.3141022 4.03310013
154.2146 -91.3932037 4.33029985
154.293137 -91.264267 4.49926662
154.331833 -91.3180618 4.69470024
154.336197 -91.3432007 4.92819977
154.316162 -91.2994003 5.10234022
154.344543 -91.3520966 5.30030012
154.296997 -91.3321991 5.51159954
154.2686 -91.3381042 5.6932497
154.262558 -91.1184769 3.30070019
154.272034 -91.0925674 3.47876668
154.264725 -91.1346512 3.73600006
154.205399 -91.0231018 3.91880012
154.220505 -91.092453 4.35379982
154.280396 -91.0130005 4.47090006
154.29895 -91.0678711 4.72978306
154.299637 -91.0366669 4.94456673
154.322769 -91.1575317 5.08199978
154.348206 -91.0775986 6.33580017
154.323105 -91.091301 6.45410013
154.360626 -90.9086227 3.31652498
154.391296 -90.8732986 3.70114994
154.217896 -90.9972992 3.80839992
154.331604 -90.9707489 4.53170013
154.3311 -90.9183502 4.68079996
154.211105 -90.9729004 4.97249985
154.310699 -90.905365 5.02626657
154.270905 -90.8326035 6.39750004
154.236053 -90.8973999 6.4460001
154.371399 -90.8216019 7.15070009
154.303528 -90.7580032 -0.160533339
154.208694 -90.6473999 3.12859988
154.307632 -90.7543945 3.2967
154.260803 -90.7254028 3.42324996
154.289215 -90.6608963 3.72810006
154.371796 -90.7807007 4.52570009
154.360794 -90.7713013 4.71999979
154.3452 -90.7975006 4.84679985
154.296402 -90.6885071 5.01080036
154.262894 -90.6798019 5.36219978
154.28421 -90.7516479 6.42539978
154.327805 -90.5343018 -0.233500004
154.250793 -90.4459991 -0.172999993
154.342407 -90.4468994 3.28110003
154.367691 -90.5061646 3.44589996
154.276001 -90.459198 3.76789999
154.270645 -90.4752426 3.87789989
154.299103 -90.4779053 4.06739998
154.254196 -90.4456024 4.22520018
154.2005 -90.4797974 4.54939985
154.288498 -90.452301 4.7796998
154.345062 -90.5035019 4.84315014
154.262909 -90.4469528 5.16884995
154.293198 -90.5571976 5.22459984
154.348907 -90.5456009 5.98619986
154.308044 -90.4776993 6.44689989
154.202301 -90.5311966 6.68069983
154.284714 -90.3140793 3.31527996
154.270309 -90.3407364 3.49845004
154.255096 -90.308548 3.61494994
154.261093 -90.3855972 4.35860014
154.292953 -90.2919006 4.93665028
154.352112 -90.2631989 5.063025
154.347702 -90.3634033 5.2493
154.375702 -90.2752533 6.34405041
154.277893 -90.2525482 6.45724964
154.248795 -90.0507965 -0.190500006
154.297806 -90.0837021 3.11739993
154.2061 -90.1546021 3.25320005
154.270294 -90.1036987 3.69950008
154.338837 -90.1232986 4.71643353
154.256531 -90.1540298 4.84840012
154.245728 -90.0960312 5.09299994
154.254059 -90.0998535 6.31194973
154.297928 -90.1001282 6.45357513
154.262512 -89.9076996 -0.177300006
154.312195 -89.8983459 4.48990011
154.290207 -89.9814987 4.77519989
154.307587 -89.9264526 6.13965034
154.317993 -89.9205322 6.29176664
154.270004 -89.6716995 4.19140005
154.299713 -89.7004547 4.33045006
154.271896 -89.7397995 5.99630022
154.340546 -89.7651062 6.13940001
154.216507 -89.5716019 -0.215000004
154.319794 -89.4654999 2.22930002
154.248596 -89.4468002 2.53670001
154.205902 -89.4042969 3.00029993
154.241898 -89.4768982 4.52909994
154.271362 -89.5667038 6.31186676
154.296494 -89.4149017 7.11889982
154.304901 -89.4404984 7.21479988
154.220306 -89.3348007 2.27250004
154.273407 -89.3989029 2.41190004
154.392197 -89.2016983 4.5170002
154.340942 -89.21035 6.95044994
154.337234 -89.2721329 7.15310001
154.3461 -89.1138992 2.17499995
154.256805 -89.0570526 2.27320004
154.315903 -89.1097031 2.42549992
154.317596 -89.0730515 4.38590002
154.397995 -89.1296005 6.09959984
154.291199 -89.1066971 6.25129986
154.263092 -89.0222473 7.22175026
154.368698 -88.8895569 1.9370501
154.353455 -88.8954239 2.08877492
154.327698 -88.9598007 3.17980003
154.240051 -88.8869019 4.32835007
154.288696 -88.8786621 4.51828003
154.320862 -88.9132996 4.92490005
154.25206 -88.9551697 5.08926678
154.325699 -88.9199982 5.25129986
154.328781 -88.8653183 6.25833988
154.394806 -88.9529037 6.40490007
154.293274 -88.851532 6.85003328
154.3349 -88.7966003 2.0322001
154.289902 -88.7415466 2.92589998
154.301895 -88.6162033 4.33179998
154.256195 -88.6791992 4.42980003
154.284805 -88.6341019 4.91900015
154.340698 -88.7945023 5.17199993
154.332199 -88.7369995 5.23880005
154.324341 -88.6533508 6.30630016
154.272308 -88.7238998 6.55765009
154.282608 -88.7038651 6.68973303
154.255203 -88.5069962 2.70397997
154.218994 -88.4449005 2.85479999
154.392899 -88.4854965 4.2185998
154.32489 -88.5512009 4.43435001
154.289169 -88.4690247 5.10072517
154.255341 -88.5854034 6.34905005
154.3367 -88.3944016 2.66960001
154.302307 -88.3544464 2.92164993
154.323898 -88.2882233 4.31451988
154.356537 -88.3455505 4.44264984
154.347397 -88.2494507 4.69929981
154.266205 -88.2641983 4.92339993
154.232803 -88.3246994 5.13600016
154.384293 -88.3876038 6.64919996
154.349792 -88.0858002 4.04279995
154.258759 -88.0780029 4.28299999
154.300095 -88.073967 5.13770008
154.234802 -88.1222992 5.20559978
154.274994 -88.0901031 5.44469976
154.304504 -88.1633453 6.29734993
154.397202 -88.0315018 6.41540003
154.3069 -87.9203644 3.73323321
154.317398 -87.8722992 3.91490006
154.331497 -87.9110489 4.29960012
154.319504 -87.9772034 4.43590021
154.373505 -87.9671021 5.93270016
154.227005 -87.6222 2.5934
154.2323 -87.6380005 2.70350003
154.354263 -87.6648026 2.89554
154.373993 -87.6327972 3.0171001
154.298553 -87.6941986 3.89564991
154.2883 -87.7527008 4.29500008
154.212204 -87.6028976 4.77159977
154.347397 -87.788002 5.01999998
154.312103 -87.5206985 2.71790004
154.349533 -87.4384689 2.90786672
154.306458 -87.5455475 4.26515007
154.350204 -87.5310974 4.53235006
154.266266 -87.5536652 4.66359997
154.2005 -87.5570984 4.97840023
154.292603 -87.4253998 5.13749981
154.269699 -87.351799 -0.266499996
154.339493 -87.3419037 2.71289992
154.255997 -87.310997 2.92729998
154.382202 -87.3608017 4.18130016
154.298233 -87.312767 4.30246639
154.200897 -87.3399963 4.80249977
154.291046 -87.3222961 5.06680012
154.324432 -87.079277 4.3263998
154.335068 -87.1164322 4.44026661
154.207596 -87.120697 4.61850023
154.329407 -87.1893005 5.06040001
154.224396 -86.9138031 4.13240004
154.292648 -86.9270477 4.28032494
154.332703 -86.7362976 4.11870003
154.237793 -84.5053024 -0.28639999
154.475204 -99.9637985 -0.054299999
154.4897 -99.7778015 -0.066200003
154.540466 -99.4526978 -0.0653333366
154.559601 -99.5183029 0.00549999997
154.487106 -99.3276978 -0.0483000018
154.434494 -99.0808029 -0.0732000023
154.553802 -98.9260025 -0.0714000016
154.475952 -98.642601 -0.0881000012
154.447403 -98.327301 -0.0777999982
154.521637 -98.0675964 -0.102150001
154.472061 -97.9037323 -0.0722000003
154.430603 -97.740799 -0.0987000018
154.404907 -97.4276962 -0.0649000034
154.460663 -97.277153 -0.0745500028
154.528748 -96.6930008 -0.0690499991
154.505005 -96.499649 -0.109750003
154.546753 -96.2466431 -0.0876000002
154.572998 -95.6621017 -0.108099997
154.446503 -95.4865341 -0.0912000015
154.519897 -94.816803 -0.0991000012
154.405304 -94.7585983 -0.0988000035
154.449295 -94.5397034 -0.0973000005
154.564102 -94.296402 -0.118600003
154.506607 -94.1868973 -0.148399994
154.534805 -93.8015976 -0.1105
154.480301 -93.5201569 -0.113150001
154.529694 -93.104248 -0.172049999
154.586502 -93.1695023 3.86310005
154.462494 -92.4611511 3.94904995
154.452393 -92.4901962 4.11509991
154.513702 -92.4496002 4.54250002
154.499207 -92.2722015 2.18840003
154.520004 -92.2584 3.91700006
154.410995 -92.2791977 4.35640001
154.501434 -92.2794724 4.49635744
154.469757 -92.2997437 4.70726013
154.43663 -92.3355026 4.84093332
154.489502 -92.2705002 6.76189995
154.541153 -92.0757523 3.72172499
154.443298 -92.194397 3.80380011
154.534607 -92.164505 4.37804985
154.507446 -92.0700684 4.51601458
154.473465 -92.0913773 4.70749998
154.520004 -92.0908051 4.85720015
154.595505 -92.0530014 6.4236002
154.531998 -91.9126968 -0.163000003
154.465103 -91.9548492 3.69619989
154.4552 -91.8125 4.02299976
154.479401 -91.9024734 4.50497484
154.472977 -91.9376984 4.65240002
154.449203 -91.9332962 5.79820013
154.495712 -91.8657227 5.89031982
154.558105 -91.8077011 6.03560019
154.455002 -91.8265991 6.9296999
154.515396 -91.6141968 -0.166600004
154.438995 -91.6485977 3.73740005
154.450607 -91.7666016 3.85680008
154.480194 -91.7188568 4.22905016
154.47757 -91.6893311 4.49206686
154.488434 -91.740448 4.73672485
154.551605 -91.7605515 5.77455044
154.435944 -91.7567978 5.88549995
154.516953 -91.7429504 6.15939999
154.520493 -91.7890015 6.23339987
154.519501 -91.7265015 6.91870022
154.541901 -91.502449 -0.146299988
154.497772 -91.4919281 3.55783343
154.574295 -91.5999985 3.6329999
154.527298 -91.501503 4.23509979
154.546097 -91.5927963 4.67920017
154.47876 -91.4113998 5.31015015
154.442398 -91.4777985 5.42019987
154.404694 -91.4872971 5.78950024
154.532898 -91.4628983 6.37419987
154.531097 -91.3312988 3.77690005
154.516907 -91.2470016 4.56120014
154.50174 -91.2397995 4.69146681
154.467697 -91.3655014 4.90899992
154.501099 -91.2966003 5.06657982
154.424637 -91.3780365 5.27146673
154.548294 -91.2418976 6.08909988
154.489197 -91.2497025 6.31020021
154.538498 -91.1197968 2.15560007
154.5849 -91.0236969 2.29180002
154.507294 -91.0610046 3.50435019
154.546844 -91.117897 3.67047501
154.519196 -91.0020981 4.58440018
154.477295 -91.1854553 4.94915009
154.450897 -91.1147003 6.36000013
154.456406 -91.0084 6.41099977
154.505798 -91.0727997 7.37130022
154.518707 -90.9641037 -0.179700002
154.485153 -90.8325043 3.31535006
154.531097 -90.8588028 3.5782001
154.486206 -90.8959045 3.76399994
154.469299 -90.8541031 4.58319998
154.432007 -90.9084015 4.68086672
154.445801 -90.8392029 5.12200022
154.586899 -90.8479004 6.18730021
154.491302 -90.8878021 6.31603336
154.417648 -90.8932495 6.41289997
154.499847 -90.8302002 7.08664989
154.498306 -90.7779999 -0.175300002
154.554001 -90.6111984 2.99020004
154.57431 -90.7539978 3.5151
154.50798 -90.7281494 3.7186749
154.518951 -90.7052002 4.48990011
154.514801 -90.7649994 4.67420006
154.407593 -90.652298 4.8597002
154.421402 -90.618103 5.2723999
154.511795 -90.6999969 5.93149996
154.423859 -90.7226028 6.50500011
154.453995 -90.7621002 7.01480007
154.564301 -90.5011444 3.30025005
154.531631 -90.5373993 3.50890017
154.547104 -90.5883026 3.61479998
154.400894 -90.5653992 3.87470007
154.472397 -90.5960999 4.15040016
154.5327 -90.5339966 4.38920021
154.466873 -90.5195312 4.46953344
154.570801 -90.4763031 4.90910006
154.425705 -90.5412979 5.23600006
154.454605 -90.5883026 5.86940002
154.508408 -90.379097 4.51620007
154.446106 -90.2915955 4.76850033
154.513107 -90.237999 4.96409988
154.481049 -90.2845001 5.53855038
154.568253 -90.3144531 5.95170021
154.5569 -90.2422028 6.15850019
154.508163 -90.3209 6.27680016
154.5513 -90.0820007 2.18630004
154.525833 -90.0685425 2.27134013
154.493866 -90.0830383 4.3516798
154.451202 -90.0740356 4.49596643
154.502899 -90.1804962 4.67619991
154.4319 -90.1902008 4.9843998
154.416702 -90.0767975 5.08839989
154.406006 -90.1573029 5.22230005
154.558105 -90.1766968 5.53170013
154.470642 -90.0343933 6.14830017
154.420303 -90.1035461 6.30089998
154.466797 -89.9449005 4.09709978
154.538452 -89.9154968 4.32369995
154.492004 -89.89505 4.50399971
154.559906 -89.9257965 5.7979002
154.486374 -89.9000244 6.08842468
154.504898 -89.927597 6.25035
154.481598 -89.7352982 4.3593998
154.458847 -89.7122498 4.43160009
154.458405 -89.6225967 5.94280005
154.4077 -89.6828003 6.00379992
154.425598 -89.660202 6.26109982
154.491104 -89.4944992 2.17129993
154.501328 -89.4926529 2.29834986
154.517349 -89.4676971 2.48740005
154.497696 -89.4809799 2.71519995
154.471298 -89.4445038 2.86809993
154.566605 -89.5121994 3.01200008
154.492493 -89.5333023 4.40229988
154.408401 -89.4671021 5.88219976
154.532104 -89.4850006 7.24830008
154.598404 -89.4840012 7.53459978
154.492355 -89.3199005 2.31349993
154.56604 -89.345871 2.54390001
154.493469 -89.3333664 2.6819334
154.534927 -89.3313217 2.90767503
154.535446 -89.2959518 3.07934999
154.513275 -89.2840424 4.27693987
154.535797 -89.2863007 4.40030003
154.445831 -89.2984619 7.06920004
154.5755 -89.0951996 2.54579997
154.468399 -89.1499023 2.67770004
154.482101 -89.1927032 2.82809997
154.486603 -89.1385956 4.28775024
154.509445 -89.1545486 4.43350029
154.475494 -89.0373001 5.06379986
154.406296 -89.0102997 6.16769981
154.520828 -89.0823669 6.94633341
154.421997 -89.0382004 7.06239986
154.490402 -89.0007019 7.21369982
154.446701 -88.836998 1.92359996
154.440201 -88.959198 2.06273341
154.455597 -88.8244019 2.9619
154.557495 -88.8478012 4.11619997
154.431793 -88.9546967 4.69159985
154.485001 -88.9203644 4.89456654
154.436859 -88.8045959 5.10789967
154.486603 -88.9172974 5.27785015
154.580597 -88.9274979 5.99739981
154.472107 -88.9590988 6.16410017
154.416901 -88.9705963 6.24580002
154.4552 -88.8251038 6.51809978
154.449905 -88.8408966 6.66610003
154.564301 -88.8730011 6.83860016
154.525589 -88.9143677 7.09130001
154.416107 -88.7940979 1.88399994
154.451599 -88.7273026 2.7579
154.443207 -88.6809692 2.92936683
154.507294 -88.7340012 3.0230999
154.545502 -88.6296005 4.29909992
154.578796 -88.7304993 4.91739988
154.464691 -88.6577759 5.06519985
154.5121 -88.6734009 6.07130003
154.470779 -88.6985779 6.29572487
154.449997 -88.7453995 6.4776001
154.421799 -88.7888031 6.61189985
154.471359 -88.5540695 2.87413335
154.479507 -88.4856033 4.35160017
154.465164 -88.5822983 6.12220001
154.449005 -88.5018997 6.23649979
154.420807 -88.5146027 6.68610001
154.511093 -88.3851013 2.72059989
154.494904 -88.3057327 4.29108334
154.451904 -88.3971024 4.94239998
154.491806 -88.2037964 5.40129995
154.492935 -88.2735291 6.34576654
154.423996 -88.3327026 6.41749954
154.465698 -88.0880356 3.68423343
154.518723 -88.0640182 3.8715601
154.455643 -88.0909348 4.07539988
154.497437 -88.1517029 4.27635002
154.521103 -88.0177002 5.14050007
154.474701 -88.197197 5.22819996
154.444595 -88.0250015 5.85230017
154.598404 -88.1270981 6.18429995
154.514236 -88.103569 6.35506678
154.575104 -87.8018036 3.0466001
154.438705 -87.9448013 3.95549989
154.474854 -87.8678436 4.36495018
154.579102 -87.8212967 4.52750015
154.557648 -87.916153 4.72144985
154.539551 -87.8452454 5.08850002
154.524399 -87.7398529 2.87010002
154.532745 -87.6436462 3.04925013
154.570908 -87.6886978 3.2980001
154.549805 -87.6473007 3.5941999
154.400803 -87.7944031 3.9855001
154.551605 -87.6539993 4.13094997
154.521774 -87.6970596 4.30293989
154.575256 -87.7163544 4.54325008
154.56485 -87.7379456 4.69369984
154.527298 -87.7869034 4.93650007
154.505951 -87.6663513 5.01350021
154.474792 -87.7453995 5.25810003
154.433594 -87.6493988 5.42579985
154.565002 -87.6841965 5.98909998
154.424896 -87.7533035 6.06699991
154.526794 -87.4383011 -0.255899996
154.518631 -87.5195312 2.88273335
154.571899 -87.5473022 3.13925004
154.571899 -87.5780029 3.22420001
154.436203 -87.4014969 3.44390011
154.484406 -87.4564514 4.18790007
154.487396 -87.5142975 4.34416008
154.509232 -87.4902649 4.4963665
154.563202 -87.5390015 4.93069983
154.580139 -87.5770493 5.15604973
154.589706 -87.5596008 5.33339977
154.473404 -87.4316025 5.49560022
154.446106 -87.3862991 2.99690008
154.420044 -87.2879486 3.08414984
154.495895 -87.3919983 3.23449993
154.51445 -87.3417969 4.14894962
154.450607 -87.2041016 4.24739981
154.547058 -87.3531494 4.45545006
154.516403 -87.2845993 4.7349
154.494598 -87.0126038 -0.238499999
154.482239 -87.1406555 3.16704988
154.458694 -87.1759033 3.2256999
154.482605 -87.1723022 3.79570007
154.514999 -87.1796036 3.82430005
154.512054 -87.146347 4.11835003
154.467834 -87.0734024 4.27320004
154.482193 -86.8050995 -0.142499998
154.416595 -86.7157974 -0.217999995
154.541138 -86.1447983 -0.245049998
154.598602 -86.1545029 -0.121299997
154.509552 -85.3019485 -0.278400004
154.435104 -85.1162033 -0.282700002
154.794601 -99.973999 -0.0577999987
154.716904 -99.7235031 -0.0680999979
154.7733 -99.1668015 0.00170000002
154.643036 -98.8675995 -0.0792500004
154.730698 -98.6159973 -0.0632999986
154.776001 -98.3052979 -0.0984999985
154.658401 -98.1452942 -0.102300003
154.707703 -97.9533005 -0.0878000036
154.730499 -97.6741028 -0.0929000005
154.675293 -97.5055542 -0.0671499968
154.681595 -97.2489014 -0.0474999994
154.725555 -97.0671005 -0.0620499998
154.708206 -96.964798 -0.0548333339
154.759552 -96.6649475 -0.0531499982
154.670654 -96.3164978 -0.0854500011
154.777802 -95.8888016 -0.0878999978
154.712204 -95.6406021 -0.0706999972
154.618195 -95.5733032 -0.0878000036
154.796707 -95.1311035 -0.0863000005
154.620193 -94.9177017 -0.114299998
154.741104 -94.6988983 -0.0983000025
154.678146 -94.4956512 -0.13014999
154.659302 -93.9611969 -0.112199999
154.670425 -93.4926376 -0.0911333337
154.702454 -93.3626022 -0.103750005
154.682541 -93.105278 3.90330005
154.785751 -93.1274567 4.10354996
154.741852 -92.9412537 3.97530007
154.762146 -92.8677521 4.09689999
154.685242 -92.6622467 4.28069973
154.691895 -92.7787018 4.40390015
154.743896 -92.5593491 3.16179991
154.717697 -92.4976349 3.90343332
154.674255 -92.4482498 4.56855011
154.651398 -92.3447037 -0.176300004
154.704254 -92.3491058 3.82380009
154.779297 -92.2027969 4.02059984
154.784698 -92.2789993 4.88110018
154.6604 -92.1660004 2.18230009
154.680161 -92.1050797 2.29864001
154.730804 -92.0628967 3.4993
154.695251 -92.1140976 3.70634985
154.648712 -92.1299438 3.85895014
154.674698 -92.1359024 4.23290014
154.737198 -92.1649017 4.43470001
154.675003 -92.142601 4.66890001
154.735504 -92.0285034 6.5941
154.672897 -92.1133347 6.68083334
154.762695 -91.9149017 3.52020001
154.622406 -91.9056015 3.65779996
154.74823 -91.9295197 3.92697501
154.74585 -91.9927521 4.12909985
154.728775 -91.8879776 4.35029984
154.65242 -91.9144974 4.48110008
154.691101 -91.8494034 4.75939989
154.695602 -91.8246002 6.17649984
154.759399 -91.9173965 6.37139988
154.746704 -91.936554 6.49130011
154.699753 -91.9023285 6.71122503
154.794403 -91.9436951 6.86524963
154.69725 -91.6803436 3.55465007
154.750168 -91.7306366 4.35013342
154.609604 -91.7473984 4.51100016
154.7229 -91.7248993 5.7276001
154.763794 -91.6283035 6.15990019
154.723846 -91.697052 6.32954979
154.708893 -91.6856003 6.51259995
154.688202 -91.6962967 6.72300005
154.648697 -91.4539032 2.15210009
154.694046 -91.4631958 2.21344995
154.763397 -91.5921021 3.38689995
154.702545 -91.5098495 3.50519991
154.646317 -91.4963379 3.663275
154.784302 -91.5269012 4.35220003
154.728806 -91.5737991 4.45200014
154.628799 -91.4713974 5.21649981
154.72699 -91.4853516 5.69639969
154.656296 -91.5332031 5.95459986
154.736832 -91.493248 6.11487484
154.638306 -91.5026016 6.39039993
154.788803 -91.5458984 6.92059994
154.735931 -91.236702 2.28600001
154.683197 -91.2373962 3.62709999
154.644897 -91.353302 3.8204999
154.776596 -91.3496017 4.49310017
154.715698 -91.3852997 4.76380014
154.695694 -91.2952499 4.85050011
154.686707 -91.3345032 5.01789999
154.712051 -91.3621521 5.45094967
154.788406 -91.2222977 5.94980001
154.705704 -91.2774048 6.12664986
154.65271 -91.2346954 6.28259993
154.611206 -91.2437973 7.3277998
154.729401 -91.1156464 2.14615011
154.680588 -91.1347656 2.32214999
154.778702 -91.0795975 2.9447
154.68811 -91.0843964 3.1336
154.699997 -91.0834961 3.54220009
154.656662 -91.0738373 3.65213323
154.787201 -91.0639038 4.76520014
154.676529 -91.1626968 4.86326694
154.790207 -91.1794968 6.26410007
154.648895 -91.1688995 6.40269995
154.760605 -91.0749969 7.26350021
154.789505 -91.1176987 7.58510017
154.776505 -91.1989975 7.65170002
154.690994 -90.8727036 -0.174199998
154.673294 -90.9233017 2.98699999
154.758453 -90.8742981 3.04974985
154.662811 -90.8938828 3.32026672
154.631195 -90.8219986 3.65339994
154.751099 -90.8274994 4.66569996
154.687347 -90.8897018 6.31190014
154.703491 -90.8628998 7.09579992
154.699951 -90.8797455 7.32989979
154.650833 -90.6625977 3.09256673
154.7155 -90.7695007 3.5553
154.630341 -90.7378006 4.67754984
154.778503 -90.6992035 5.99060011
154.685501 -90.7813034 6.21479988
154.658539 -90.7145996 7.04716682
154.789154 -90.4340973 2.55425
154.787598 -90.5335007 3.25300002
154.667053 -90.4049988 4.42230034
154.669739 -90.5257492 6.09305
154.702805 -90.5401001 7.10109997
154.780701 -90.4778976 7.33220005
154.745804 -90.4134979 7.46260023
154.678207 -90.2237015 2.73169994
154.777603 -90.296402 4.34299994
154.679901 -90.3835983 4.81820011
154.664993 -90.3057022 5.96880007
154.616196 -90.2758026 6.1262002
154.683548 -90.3320465 7.54615021
154.717453 -90.2435455 7.65884972
154.689499 -90.1743011 -0.194999993
154.670258 -90.0878525 2.31270003
154.711273 -90.1164017 4.31502485
154.642609 -90.1263428 5.22290039
154.734497 -90.0946503 5.51970005
154.690475 -90.0659256 5.70429993
154.685608 -90.1579971 5.89115
154.660736 -90.1279221 6.09189987
154.673462 -89.917099 4.49664974
154.676514 -89.9157028 5.89244986
154.694901 -89.9610977 6.0012002
154.657043 -89.6802521 4.73944998
154.661697 -89.7751999 5.94070005
154.761993 -89.6197968 6.05179977
154.721695 -89.6720963 7.27460003
154.635101 -89.4931488 2.31984997
154.707748 -89.4759827 2.54208326
154.763702 -89.4941025 2.64450002
154.674011 -89.4759979 2.92370009
154.7108 -89.4578018 7.171
154.670197 -89.4087982 7.27139997
154.774994 -89.4786987 7.59040022
154.790894 -89.5621033 7.79160023
154.735657 -89.4969025 7.84864998
154.630493 -89.304306 2.49095011
154.638336 -89.2906342 2.69573331
154.703903 -89.3165283 2.89787507
154.713028 -89.3467026 3.06616664
154.744095 -89.2651978 6.81920004
154.6577 -89.3169022 7.33379984
154.713898 -89.2978973 7.44150019
154.735031 -89.314003 7.67920017
154.692871 -89.1416702 2.73603344
154.699997 -89.1925964 2.93260002
154.652893 -89.0569 3.03010011
154.645706 -89.1384964 3.99060011
154.673401 -89.0636978 4.06610012
154.758804 -89.0752029 4.27990007
154.751602 -89.1154022 5.52600002
154.754395 -89.1891479 5.68725014
154.763794 -89.103302 5.92390013
154.748703 -89.0095978 6.05690002
154.793793 -89.1063538 6.72134972
154.735199 -89.0471039 6.82766676
154.678497 -89.1504974 7.0704999
154.655457 -88.9573975 2.93665004
154.686401 -88.887352 3.08930016
154.703354 -88.9259033 4.07365036
154.642395 -88.8690033 4.87849998
154.622406 -88.8769531 5.08144999
154.762482 -88.8789215 5.9133749
154.701599 -88.9614029 6.07690001
154.671478 -88.874527 6.702775
154.755997 -88.805603 6.80660009
154.636536 -88.9134979 7.02396679
154.622803 -88.902298 7.21710014
154.693497 -88.9161987 7.46780014
154.779602 -88.6864014 2.99710011
154.682404 -88.6387024 3.12164998
154.6483 -88.658699 4.17679977
154.660492 -88.7181625 4.29393339
154.6689 -88.6787033 4.72469997
154.772369 -88.723732 5.95926666
154.686752 -88.7227478 6.09794998
154.660492 -88.699295 6.30795002
154.760193 -88.5438995 2.99769998
154.671005 -88.5674973 3.16669989
154.658997 -88.5230026 3.50679994
154.798904 -88.4938965 4.13780022
154.723633 -88.5422974 4.26030016
154.717911 -88.5354691 4.92303324
154.751343 -88.4790802 6.13401985
154.694199 -88.4567032 6.2670002
154.668701 -88.4001007 6.45270014
154.663803 -88.2069016 2.51460004
154.669464 -88.2987671 2.65689993
154.760193 -88.3514023 2.91230011
154.638702 -88.3427963 4.2663002
154.605804 -88.3408966 4.40409994
154.777405 -88.2549973 5.93779993
154.704193 -88.2176971 6.11149979
154.685303 -88.3287964 6.29955006
154.630707 -88.1738968 2.47390008
154.752304 -88.0875015 2.95819998
154.795303 -88.0297012 3.0704999
154.750671 -88.0857315 3.51113343
154.687729 -88.123436 3.67373323
154.739731 -88.0922699 3.87886667
154.610992 -88.0536041 4.0916996
154.787506 -88.0313034 5.98559999
154.6884 -88.045105 6.11900043
154.677505 -87.9033966 3.10450006
154.759903 -87.8531036 3.29769993
154.607605 -87.8287964 3.55290008
154.702896 -87.9085007 3.91429996
154.684998 -87.9476013 4.03299999
154.762451 -87.8554535 4.2027998
154.707336 -87.845665 4.51366663
154.663696 -87.8497009 4.68260002
154.709396 -87.9079971 5.02479982
154.756607 -87.9944 5.48080015
154.792099 -87.9870987 6.03630018
154.60614 -87.7280502 2.97874999
154.617554 -87.6987991 3.14755011
154.718018 -87.7152252 3.28629994
154.615707 -87.7101974 4.12809992
154.667267 -87.6669312 4.26639986
154.653397 -87.6300964 4.47399998
154.646606 -87.7358551 4.62349987
154.720505 -87.6677551 5.27530003
154.700256 -87.6179504 5.54134989
154.616104 -87.4832001 3.14330006
154.686905 -87.5169983 3.30473328
154.692093 -87.5604019 3.46700001
154.751404 -87.4409027 4.23199987
154.751205 -87.4205017 4.69929981
154.6763 -87.5595016 4.94999981
154.656403 -87.5473022 5.53170013
154.707199 -87.2590485 2.72670007
154.703201 -87.3519974 2.92280006
154.701508 -87.3705978 3.02010012
154.672806 -87.3920975 4.19169998
154.772995 -87.2160034 4.21369982
154.694504 -87.3853989 4.79879999
154.641495 -87.0833969 3.83069992
154.668106 -86.9360962 -0.29370001
154.662994 -86.885498 5.25600004
154.738861 -86.7623444 5.88999987
154.785599 -86.2624969 2.77710009
154.706894 -86.2932968 2.9151001
154.724899 -85.7982025 -0.423299998
154.608093 -83.9485016 -0.405099988
154.648102 -82.9318008 -0.388500005
154.903305 -99.9048004 -0.0561500005
154.902802 -99.7481995 -0.0650999993
154.832901 -99.4503021 -0.0560999997
154.900162 -99.2662659 -0.0671999976
154.885345 -99.0599518 -0.0758000016
154.939194 -98.9618988 -0.076700002
154.845001 -98.6175003 -0.107799999
154.934814 -98.4989014 -0.0965500027
154.977905 -98.2449036 -0.0873999968
154.888199 -98.0987701 -0.103
154.902496 -97.8977661 -0.0667666644
154.872253 -97.6819458 -0.076849997
154.898224 -97.5520325 -0.0775666684
154.928604 -97.1617966 -0.067900002
154.935303 -96.9106445 -0.064199999
154.819702 -95.6660995 -0.0746000037
154.819 -95.4291 -0.0781999975
154.934097 -95.2976379 -0.0975666642
154.923401 -95.0309982 -0.108199999
154.998901 -94.780098 -0.0808999985
154.884506 -94.376297 -0.0790000036
154.805405 -94.1219025 -0.0866999999
154.929199 -93.8797989 -0.126399994
154.809494 -93.4167023 4.12839985
154.917999 -93.3431015 -0.0658999979
154.900757 -93.3144989 4.17545033
154.929291 -93.3111725 4.30697489
154.892502 -93.2229996 4.4467001
154.839706 -93.1876984 4.19469976
154.958191 -93.0871506 4.23159981
154.899506 -92.8787994 2.80570006
154.809692 -92.8753967 4.19350004
154.969864 -92.9330978 4.67471981
154.952805 -92.6210022 -0.178800002
154.941605 -92.6951981 3.00869989
154.847 -92.6054001 3.23810005
154.898666 -92.6633682 4.11923313
154.955688 -92.7176971 4.66590023
154.999695 -92.6651001 6.24700022
154.952759 -92.5462494 -0.156599998
154.865707 -92.4077988 2.09290004
154.817398 -92.5218964 3.11245012
154.924042 -92.4510498 3.7586
154.88327 -92.5152283 3.95743322
154.972733 -92.5385666 4.11219978
154.810593 -92.4196014 4.31540012
154.960403 -92.514801 4.48500013
154.950104 -92.338501 -0.171700001
154.838699 -92.3323517 2.1711998
154.920807 -92.240097 2.24810004
154.906296 -92.2523499 2.77559996
154.840393 -92.2332001 3.56769991
154.810593 -92.2281036 3.66799998
154.957001 -92.2966003 3.9598
154.913574 -92.34758 4.09634972
154.987701 -92.2153015 4.69040012
154.909805 -92.2352982 5.48020029
154.917603 -92.2138977 6.55970001
154.810699 -92.2263031 6.68130016
154.977707 -92.0619507 -0.128849998
154.880402 -92.1578064 2.1566
154.837158 -92.117897 2.2748251
154.995651 -92.0410461 2.47940016
154.878998 -92.1656494 2.74125004
154.935898 -92.053894 3.99515009
154.925842 -92.066452 4.13864994
154.920654 -92.0899277 4.33804989
154.898453 -92.0906525 4.43149996
154.863892 -92.1763458 5.57399988
154.870499 -92.1822968 5.68170023
154.926163 -92.0386963 6.50866652
154.887802 -92.1327972 6.62589979
154.947403 -92.0129013 6.89449978
154.849899 -92.0848999 7.14139986
154.943695 -91.8688965 2.14269996
154.974548 -91.8320007 2.24459982
154.952103 -91.9078979 2.54139996
154.885803 -91.9738007 3.06450009
154.904648 -91.8838959 3.49924994
154.920776 -91.9337463 3.72580004
154.916 -91.8787994 3.9374001
154.921143 -91.905899 4.08574963
154.893295 -91.9964981 4.39550018
154.853195 -91.9580002 4.46190023
154.8965 -91.9152527 5.71654987
154.907242 -91.8866501 6.52540016
154.899124 -91.9521332 6.92323351
154.932037 -91.8715668 7.06706667
154.8871 -91.7520981 -0.204300001
154.890106 -91.6762009 -0.169599995
154.994507 -91.7931976 2.37150002
154.889694 -91.6837997 3.33666658
154.858475 -91.7123337 3.4707334
154.876007 -91.6456985 3.62389994
154.922531 -91.6585159 4.31324005
154.966507 -91.6555023 4.52199984
154.904007 -91.6688004 5.5223999
154.982758 -91.7554016 5.63509989
154.936966 -91.6937866 6.30838346
154.895599 -91.7085495 6.5230999
154.811203 -91.683403 6.6019001
154.957703 -91.7069016 7.09399986
154.804596 -91.4311981 2.16969991
154.878632 -91.4555969 2.33106661
154.889587 -91.4862976 3.45319986
154.89653 -91.4860992 4.30386639
154.910904 -91.4876022 4.44280005
154.868408 -91.4843979 5.13474989
154.968796 -91.4040985 5.47590017
154.896301 -91.4736481 5.90040016
154.924149 -91.5386505 6.24092484
154.9991 -91.4690018 7.48829985
154.970901 -91.3943024 2.15759993
154.965652 -91.3326492 2.46950006
154.8367 -91.2582016 3.00650001
154.839096 -91.2098999 3.63790011
154.805801 -91.3675003 3.89669991
154.873901 -91.3697968 4.23269987
154.980698 -91.3207016 4.72949982
154.872299 -91.3528976 4.84119987
154.952805 -91.2789001 5.41160011
154.840393 -91.328598 5.90950012
154.918427 -91.3110962 6.14048004
154.9151 -91.3405457 6.28900003
154.837097 -91.0042038 -0.206699997
154.829498 -91.1966019 2.33109999
154.895996 -91.1436005 2.51119995
154.994293 -91.1334 2.61150002
154.89119 -91.1085968 2.88556004
154.898865 -91.0825653 3.10753322
154.839798 -91.0942993 3.2249999
154.850967 -91.118782 3.53243995
154.997299 -91.0883026 3.89840007
154.926804 -91.1069946 4.79330015
154.87616 -91.1371307 6.05009985
154.858902 -91.0843964 6.2651
154.931702 -91.1292038 7.03340006
154.988205 -91.1465988 7.27780008
154.968506 -91.1026993 7.4927001
154.866592 -91.0790024 7.68160009
154.889252 -90.9784012 2.92164993
154.873444 -90.8811035 3.10815001
154.880295 -90.8178024 3.33660007
154.968262 -90.9057465 3.47830009
154.945206 -90.9029999 4.55745029
154.809998 -90.966301 4.64559984
154.926605 -90.8161469 6.05459976
154.827194 -90.884964 6.3354001
154.965302 -90.9055023 6.8755002
154.981201 -90.8371964 7.08580017
154.882629 -90.8416672 7.31509972
154.889893 -90.8453522 7.51644993
154.950302 -90.606102 2.30500007
154.935806 -90.6390991 2.50079989
154.925293 -90.6415024 2.62899995
154.921249 -90.7368011 3.27645016
154.880005 -90.7646027 4.52899981
154.9543 -90.7619019 4.6480999
154.890594 -90.6725006 5.93330002
154.864838 -90.6797333 6.10596657
154.916397 -90.6689987 6.37510014
154.896301 -90.7102051 7.34000015
154.880096 -90.7373962 7.43069983
154.986801 -90.5002975 -0.221599996
154.851196 -90.4834976 -0.183200002
154.988007 -90.4812012 2.30019999
154.917099 -90.4820023 2.55609989
154.958298 -90.5759964 2.72000003
154.952301 -90.4149017 3.2026999
154.804596 -90.498703 3.65170002
154.886597 -90.4598465 4.68289995
154.949005 -90.5776978 5.92810011
154.877548 -90.5326996 7.15385008
154.831055 -90.4313965 7.31010008
154.939606 -90.3733978 2.15059996
154.957932 -90.3091278 2.2564249
154.8396 -90.3850021 2.57789993
154.885239 -90.2913971 2.87080002
154.878799 -90.3031311 4.35476685
154.815704 -90.2904968 5.59420013
154.834198 -90.2641983 5.96710014
154.898499 -90.3460999 7.24450016
154.874893 -90.1345978 -0.187099993
154.889404 -90.1949005 1.76680005
154.980896 -90.1616974 1.86370003
154.88089 -90.0839996 2.33279991
154.937195 -90.1536026 2.44779992
154.803101 -90.0113983 4.28700018
154.908096 -90.1292038 4.43139982
154.822906 -90.1173019 4.91550016
154.814499 -90.0767975 5.82250023
154.885193 -90.1282043 7.50810003
154.953857 -90.0383987 7.68840027
154.814804 -90.1323013 7.85739994
154.887695 -89.917099 2.34705019
154.960999 -89.8098984 2.52780008
154.870163 -89.8947678 5.02899981
154.948624 -89.9130249 5.49887514
154.902451 -89.9271469 5.67444992
154.932053 -89.9797974 7.44309998
154.876007 -89.6437531 2.55205011
154.959412 -89.7013474 2.68179989
154.953201 -89.6275024 2.93709993
154.975906 -89.7492981 5.31349993
154.918243 -89.7532654 5.89099979
154.882202 -89.7265015 7.54680014
154.895844 -89.633255 7.69934988
154.863602 -89.6296005 7.84130001
154.851151 -89.5397491 2.49475002
154.897858 -89.4698639 2.66700006
154.955704 -89.4665985 2.88940001
154.925598 -89.5348969 3.60560012
154.926102 -89.4431 7.32410002
154.920898 -89.5373001 7.54046679
154.826538 -89.4640961 7.90285015
154.882004 -89.2587967 2.53189993
154.802902 -89.3686981 2.69309998
154.847382 -89.2771454 2.91382504
154.895782 -89.2953262 3.11975002
154.931427 -89.2664337 3.2634666
154.802795 -89.2152023 5.52050018
154.943405 -89.2669983 6.65939999
154.903549 -89.300148 6.99499989
154.85968 -89.3151245 7.12522507
154.85997 -89.3460617 7.33370018
154.816696 -89.3296967 7.8441
154.849472 -89.0546646 2.94636679
154.900864 -89.1634979 3.12766671
154.802307 -89.0039978 4.2336998
154.900726 -89.058197 5.71503353
154.883606 -89.0643005 5.81330013
154.894012 -89.0772552 6.05179977
154.9272 -89.0558319 6.49863338
154.931763 -89.0959473 6.69400024
154.904236 -89.1689987 7.04559994
154.903397 -89.0567017 7.23530006
154.858795 -88.9735031 2.9842
154.917908 -88.896965 3.08416677
154.928802 -88.9417038 5.58659983
154.931107 -88.8888397 5.75099993
154.863815 -88.9072113 5.8864665
154.860001 -88.9069977 6.40560007
154.897797 -88.9667053 6.84990025
154.879303 -88.6615982 3.26679993
154.948792 -88.6731491 4.14719963
154.893097 -88.6362 4.2052002
154.977142 -88.7095947 5.74880028
154.8526 -88.6125031 5.94469976
154.975296 -88.4804001 3.99580002
154.937866 -88.4865646 4.11806679
154.869751 -88.4776993 5.87389994
154.856171 -88.5032806 6.09158564
154.891296 -88.5633011 6.20769978
154.963593 -88.4456024 7.42469978
154.910095 -88.2449036 2.95650005
154.8647 -88.217598 3.51670003
154.919968 -88.2257309 3.73153329
154.953598 -88.2014999 3.80279994
154.920471 -88.3278961 4.11297512
154.964798 -88.2742004 4.40080023
154.9104 -88.3285751 5.95445013
154.865204 -88.3138275 6.02824974
154.876404 -88.0884018 2.82610011
154.859802 -88.0495987 3.1013999
154.918106 -88.0178528 3.31365013
154.952576 -88.1012726 3.51547503
154.925827 -88.1437759 3.65600014
154.924835 -88.078064 3.88336658
154.837555 -88.1394501 4.06124973
154.927551 -88.1722488 5.76049995
154.960541 -88.1315994 5.93284988
154.835205 -88.0834503 6.03305006
154.823502 -87.9787979 2.96210003
154.8125 -87.8210983 3.24009991
154.871506 -87.8764038 4.18400002
154.852203 -87.9744034 4.32149982
154.923996 -87.8013 4.72669983
154.849701 -87.9045029 5.27880001
154.885696 -87.8610992 5.77710009
154.834 -87.9396973 5.85099983
154.897293 -87.6797028 3.31609988
154.835602 -87.7539978 4.26009989
154.819 -87.6615982 4.81759977
154.939301 -87.7912979 5.09800005
154.902161 -87.6860962 5.6409502
154.833694 -87.7657013 5.86870003
154.942398 -87.4422989 4.10090017
154.872101 -87.5617981 4.39760017
154.808502 -87.354599 2.86330009
154.884598 -87.2003021 3.66580009
154.948395 -87.0571976 3.32259989
154.843201 -87.1293488 3.71175003
154.865204 -87.1320038 3.92869997
154.832199 -87.0141983 4.85410023
154.882004 -87.0301971 5.02120018
154.823898 -86.8183975 5.7968998
154.944702 -86.6881027 4.96260023
154.938507 -86.4626465 2.86529994
154.937805 -86.5101471 4.32434988
154.887833 -86.3654327 2.85630012
154.927994 -86.3098984 3.03600001
154.895599 -86.0332031 -0.292600006
154.841904 -80.6611023 -0.470299989
155.08371 -99.9028778 -0.0639749989
155.064606 -99.2773972 -0.0688000023
155.094101 -99.0782471 -0.0867999941
155.111359 -98.9626007 -0.0847999975
155.058701 -98.2764053 -0.132100001
155.06485 -97.894455 -0.0724000037
155.068893 -97.7875977 -0.119400002
155.129791 -97.3291473 -0.0605999976
155.079605 -97.129631 -0.058699999
155.09613 -96.8769989 -0.0462333336
155.1633 -96.7314987 -0.0725999996
155.056549 -96.5343933 -0.0622000024
155.187103 -96.0988007 -0.0952000022
155.060196 -95.9640503 -0.0843999982
155.104706 -95.6095963 -0.126399994
155.092957 -95.46595 -0.0891499966
155.137299 -95.2561035 -0.0779500008
155.084229 -95.159874 -0.0911750048
155.0289 -94.9051514 -0.0851000026
155.103699 -94.7530975 -0.0834999979
155.045502 -94.4862976 -0.0944999978
155.117889 -94.1103516 -0.139200002
155.110703 -93.8981018 -0.0441000015
155.147507 -93.6787033 -0.139799997
155.054901 -93.4741974 -0.133200005
155.028046 -93.262146 4.28170013
155.096848 -93.1031036 -0.108899996
155.107529 -93.0826035 4.26606655
155.115433 -93.0945358 4.43973351
155.187897 -92.8263016 -0.139400005
155.084595 -92.9332428 4.26584005
155.112732 -92.9287338 4.53313351
155.123047 -92.8350983 4.67409992
155.102097 -92.7213974 -0.157700002
155.058563 -92.6740646 3.09780002
155.044586 -92.7116013 4.15880013
155.132431 -92.6844025 4.25908327
155.099335 -92.7012405 4.53502846
155.101639 -92.650238 4.68226004
155.198105 -92.6623001 6.19939995
155.059006 -92.6755981 6.20599985
155.127151 -92.5055237 3.1343751
155.068924 -92.4533005 3.94829988
155.117203 -92.4162979 4.00530005
155.068741 -92.5225983 4.24580002
155.117172 -92.5338974 4.5206666
155.072601 -92.4785385 4.63526678
155.133453 -92.539505 6.17339993
155.131775 -92.5429001 6.27032471
155.1297 -92.2497025 2.70749998
155.086807 -92.2697983 2.94580007
155.013794 -92.2365036 3.52830005
155.118179 -92.3071518 4.03422499
155.087036 -92.2817688 4.32576656
155.100662 -92.3492355 4.50549984
155.033096 -92.3535995 4.6335001
155.100998 -92.1753006 -0.177000001
155.063995 -92.052597 2.43210006
155.108078 -92.0322418 2.73381996
155.088501 -92.1360016 2.90457487
155.057953 -92.1093979 3.6638
155.069595 -92.0711823 3.87407994
155.132462 -92.1477966 4.10710001
155.067307 -92.1119003 4.54559994
155.004303 -92.069603 4.60230017
155.066895 -92.1472015 5.63819981
155.110504 -91.9350967 -0.179900005
155.046844 -91.8795013 2.31649995
155.083466 -91.8834229 2.51994991
155.149002 -91.9414978 2.68346667
155.114502 -91.9800034 2.80259991
155.10997 -91.9672699 3.03573346
155.170395 -91.8609009 3.78449988
155.066406 -91.979599 4.12709999
155.097702 -91.8379974 4.27400017
155.170502 -91.927803 4.58739996
155.099594 -91.9378967 4.63990021
155.0867 -91.8970718 5.54360008
155.0625 -91.914299 5.65899992
155.128601 -91.8206024 5.80740023
155.191498 -91.8604965 6.0697999
155.093796 -91.8651657 6.33896685
155.123856 -91.9097977 6.4767499
155.013702 -91.9151993 6.94829988
155.055054 -91.7679977 -0.11925
155.098297 -91.6678009 2.12420011
155.046005 -91.7265015 2.28760004
155.078751 -91.693573 2.48224998
155.135559 -91.6555023 2.64015007
155.073898 -91.7269516 3.76109982
155.011398 -91.7238007 3.82439995
155.128296 -91.6294022 4.25500011
155.119904 -91.6808014 4.4229002
155.030334 -91.6493683 5.73400021
155.100296 -91.7438965 5.96299982
155.12709 -91.6790695 6.14839983
155.05069 -91.646347 6.25740004
155.001297 -91.6081009 6.49669981
155.005096 -91.7935028 6.68179989
155.054153 -91.6401978 7.17840004
155 -91.7002029 7.24849987
155.056137 -91.5298691 2.31220007
155.150833 -91.4828033 2.52635002
155.179504 -91.5502014 3.04060006
155.093399 -91.4315033 3.3835001
155.001801 -91.4534988 4.09180021
155.027405 -91.5791016 4.28520012
155.189194 -91.5087967 4.57499981
155.007996 -91.5095978 5.62739992
155.187805 -91.4567032 5.93319988
155.075943 -91.5005493 6.10682487
155.068695 -91.525177 6.47515011
155.179794 -91.4065018 6.93540001
155.080902 -91.5646973 7.10160017
155.034393 -91.327301 2.34710002
155.082275 -91.2767334 2.55789995
155.124374 -91.2939758 2.71742511
155.153503 -91.2894974 3.36330009
155.069794 -91.2768021 3.48006678
155.085205 -91.2685013 4.18665028
155.140503 -91.3238983 4.27129984
155.036255 -91.3389511 5.14499998
155.09964 -91.2835007 5.45004988
155.179794 -91.3843002 5.60890007
155.022507 -91.328598 5.95020008
155.003799 -91.3740997 6.05870008
155.124863 -91.3143997 6.92850018
155.186203 -91.3850021 7.05530024
155.125198 -91.3191528 7.23779964
155.1819 -91.2070007 7.48040009
155.002899 -91.3195038 7.80649996
155.134338 -91.1088562 -0.145799994
155.067993 -91.1246033 2.10960007
155.0849 -91.1240005 2.99230003
155.107498 -91.1092987 3.51009989
155.038895 -91.0603027 3.67980003
155.036606 -91.1120987 3.91799998
155.118698 -91.1865005 5.05789995
155.106903 -91.134697 5.4302001
155.062897 -91.1716995 5.9611001
155.110001 -91.1267548 6.27594995
155.180801 -91.15625 6.91209984
155.153259 -91.100853 7.18204975
155.123093 -91.0046005 7.36229992
155.104507 -91.0878983 7.51590014
155.119751 -91.1267242 7.66622496
155.118393 -91.165802 7.81939983
155.096298 -90.9354019 -0.187000006
155.125595 -90.8023987 2.62089992
155.106461 -90.8505325 3.34233332
155.118744 -90.9342957 3.51989985
155.0177 -90.8130035 4.32299995
155.050812 -90.861145 4.52880001
155.096191 -90.8626556 4.67444992
155.093094 -90.9597015 5.80410004
155.0047 -90.9337997 6.22310019
155.086609 -90.9150009 6.56110001
155.134369 -90.9034348 6.65246677
155.152603 -90.9727478 6.84964991
155.110596 -90.8968353 7.11000013
155.120529 -90.9349976 7.28042507
155.071793 -90.884697 7.63829994
155.102737 -90.9179688 7.84660006
155.095795 -90.9905014 8.01060009
155.124908 -90.7207947 2.71150017
155.029358 -90.6977539 3.27960014
155.100708 -90.7107468 3.48864985
155.091248 -90.7789001 4.48894978
155.169403 -90.7662964 6.01340008
155.014496 -90.6985016 6.66730022
155.160965 -90.719162 6.94786692
155.163605 -90.7391968 7.03170013
155.138901 -90.6771545 7.30019999
155.044907 -90.7897034 7.84719992
155.132904 -90.5124054 2.3513999
155.063004 -90.4914703 2.52032495
155.121506 -90.4911652 2.67123342
155.069351 -90.5429993 3.31894994
155.137039 -90.4529343 4.37643337
155.009094 -90.5086975 4.62989998
155.157288 -90.5648499 7.12450027
155.093704 -90.4485016 7.40329981
155.097 -90.5018997 7.67910004
155.002808 -90.2108002 1.78970003
155.139145 -90.2476501 2.14442492
155.060455 -90.2963486 2.3131001
155.031769 -90.3034973 2.49143338
155.09993 -90.3576965 2.6540668
155.092194 -90.2937012 3.14199996
155.106903 -90.284256 3.27255011
155.022705 -90.3127975 4.13140011
155.168106 -90.3119965 4.34619999
155.0784 -90.3688965 7.1097002
155.113693 -90.2614365 7.45563316
155.125702 -90.1455994 1.84430003
155.152908 -90.1278 2.06839991
155.183899 -90.0815964 2.24659991
155.097153 -90.102562 2.43716002
155.121094 -90.1099014 2.71825004
155.168304 -90.0544968 3.12879992
155.080292 -90.1160507 4.26385021
155.002197 -90.0421982 4.41270018
155.094162 -90.097229 7.56349993
155.065201 -90.0036011 7.61030006
155.146194 -89.947998 -0.271499991
155.076508 -89.9654007 2.14520001
155.109039 -89.9277496 2.39179993
155.059875 -89.9312668 2.51681662
155.130051 -89.9080505 2.74000001
155.118744 -89.8428497 2.9052
155.184998 -89.876297 3.04189992
155.1996 -89.8162003 4.14820004
155.085297 -89.805397 4.34140015
155.0457 -89.8980026 4.99249983
155.049896 -89.8925018 5.26609993
155.102798 -89.8647003 5.43149996
155.044998 -89.8421021 5.78609991
155.185593 -89.9384995 7.36789989
155.062897 -89.8959503 7.51999998
155.034698 -89.9288025 7.65530014
155.053604 -89.7306976 2.55909991
155.083893 -89.7170792 2.67878008
155.078171 -89.7639999 2.91673326
155.098343 -89.7451477 5.55924988
155.112305 -89.678299 5.63829994
155.0755 -89.6149979 5.97329998
155.190399 -89.6148987 7.03879976
155.108353 -89.7025452 7.26669979
155.094391 -89.6769485 7.47774982
155.106262 -89.4803009 -0.241950005
155.181503 -89.4453964 2.55949998
155.11441 -89.5368042 2.69779992
155.103394 -89.4277344 2.94250011
155.108521 -89.4885254 3.07179999
155.161606 -89.4885025 3.48850012
155.199203 -89.4029007 6.48549986
155.151596 -89.4712524 6.9836998
155.137299 -89.4802017 7.10424995
155.08226 -89.5339813 7.27243996
155.153595 -89.5144958 7.46939993
155.136398 -89.2172012 1.77779996
155.160004 -89.2123032 1.82819998
155.044907 -89.3536987 2.94219995
155.016495 -89.2005005 3.17689991
155.169601 -89.2149963 4.36829996
155.112305 -89.2675018 6.36880016
155.082657 -89.2794342 6.50736666
155.080795 -89.358902 6.60669994
155.119675 -89.3277664 6.91043329
155.094864 -89.3334045 7.03569984
155.183701 -89.0783997 2.98060012
155.032196 -89.0870972 3.11980009
155.114807 -89.1183014 3.26994991
155.183304 -89.0491028 4.10230017
155.108902 -89.0743027 5.7665
155.041534 -89.0807343 5.89166641
155.153 -89.1159973 6.34354973
155.079453 -89.0793228 6.51119995
155.176498 -89.1171036 7.03709984
155.084793 -88.8233032 3.03800011
155.114502 -88.8906021 3.35360003
155.059143 -88.8720016 4.14186668
155.040604 -88.9039993 4.23549986
155.034302 -88.8542023 5.56069994
155.043655 -88.887558 5.67897987
155.043594 -88.9689026 6.5770998
155.158203 -88.6700974 3.90619993
155.094574 -88.7427673 4.08033323
155.155106 -88.7740021 5.49650002
155.016602 -88.6228027 5.69140005
155.016296 -88.6000977 5.86969995
155.058899 -88.4026031 3.4756
155.188095 -88.5148468 3.71530008
155.147339 -88.4636002 3.93834996
155.077805 -88.5479965 4.0223999
155.038498 -88.575798 5.79540014
155.020599 -88.4580994 5.84700012
155.0728 -88.2353973 3.15120006
155.090851 -88.2970505 3.51950002
155.065842 -88.2838364 3.72632003
155.106323 -88.3203354 3.88319993
155.064209 -88.3092499 4.1409502
155.106201 -88.3116989 4.27110004
155.020294 -88.3758011 5.82019997
155.087997 -88.3393021 6.19700003
155.162292 -88.1460037 3.16790009
155.101761 -88.1168671 3.29313326
155.054398 -88.1382523 3.43674994
155.023636 -88.1085663 3.9010334
155.0401 -88.0823975 4.17080021
155.044296 -88.1959 4.25489998
155.097992 -88.0385437 5.12619972
155.170502 -88.132103 5.74459982
155.117096 -88.1697006 6.28170013
155.064499 -87.9703979 4.26490021
155.067596 -87.8748016 4.72189999
155.095901 -87.9916992 5.29969978
155.061401 -87.9234467 5.5010004
155.191101 -87.6545029 3.04220009
155.0466 -87.7426987 3.70519996
155.095596 -87.6255035 3.87750006
155.078857 -87.7096481 5.45475006
155.009293 -87.6768036 6.09079981
155.132446 -87.4942474 3.08209991
155.087494 -87.5792999 3.60719991
155.163193 -87.5986023 3.86520004
155.184692 -87.4273987 4.03980017
155.189697 -87.2830963 3.38750005
155.001801 -87.2182999 3.66580009
155.054443 -87.3156509 3.85514998
155.001495 -87.3263016 4.00880003
155.122101 -87.2527008 5.94180012
155.155502 -87.0990982 5.38940001
155.144302 -87.066803 5.49100018
155.191406 -87.1998978 5.78999996
155.050949 -86.9008484 2.91879988
155.057327 -86.8986359 3.07406664
155.187698 -86.8553009 4.44320011
155.092896 -86.9372025 5.36019993
155.106201 -86.8348007 5.59450006
155.1203 -86.8537979 5.74410009
155.001801 -86.9097977 5.86929989
155.189407 -86.7779999 3.09730005
155.165497 -86.6986008 4.73239994
155.152603 -86.4841003 4.57009983
155.32103 -99.9031982 -0.0667999983
155.345398 -99.7554016 -0.0905999988
155.278702 -99.7627029 0.0164000001
155.363541 -99.4799957 -0.0703666657
155.33139 -99.0683975 -0.081249997
155.353607 -98.8551025 -0.0964000002
155.281555 -98.7482986 -0.0830000043
155.259903 -98.5736008 -0.0754999965
155.32486 -98.3159027 -0.0645499974
155.275497 -97.8950653 -0.0774666667
155.353394 -97.6372986 -0.0502999984
155.285202 -97.4220963 -0.00340000005
155.225906 -97.3108978 -0.064000003
155.374298 -97.1378021 -0.0606000014
155.320206 -96.8069 -0.0507000014
155.320602 -96.6905975 -0.0644999966
155.314667 -96.4738312 -0.0497666672
155.300079 -96.2835999 -0.0510499999
155.301895 -96.2629013 0.0758000016
155.224396 -96.1387024 -0.0834999979
155.267807 -95.8324966 -0.0650999993
155.274567 -95.4509354 -0.0862333328
155.230103 -95.151001 -0.134299994
155.389099 -94.8041 -0.0909999982
155.344406 -94.4515991 -0.136700004
155.269653 -94.2613525 -0.1087
155.305099 -94.1664963 -0.100699998
155.369003 -93.2881012 -0.059700001
155.29097 -93.145401 -0.103833333
155.259995 -93.0653 0.0936999992
155.203308 -93.0681458 4.48040009
155.254608 -92.8554001 4.35855007
155.223755 -92.9017487 4.49615002
155.262604 -92.7444 -0.1303
155.2939 -92.6833496 2.91739988
155.217407 -92.6085968 3.02110004
155.317993 -92.6057968 3.20779991
155.208298 -92.7077026 4.09740019
155.232407 -92.7332001 4.20160007
155.340088 -92.6727524 5.97249985
155.301056 -92.6398239 6.0701251
155.318298 -92.470047 2.94864988
155.360245 -92.497551 3.04594994
155.323807 -92.4745026 3.23099995
155.337555 -92.4351501 3.93825006
155.328583 -92.4884262 4.08064985
155.269348 -92.4775009 4.26000023
155.382095 -92.4618988 5.95419979
155.299301 -92.4912033 6.05560017
155.330002 -92.4188004 6.25460005
155.2854 -92.3264999 2.91709995
155.278214 -92.3306961 3.11033344
155.282501 -92.2127991 3.22070003
155.280594 -92.267601 3.48449993
155.378601 -92.3289032 3.8979001
155.313507 -92.324707 4.04234982
155.355301 -92.2335052 5.79104996
155.348831 -92.2779007 5.89300013
155.347198 -92.3778992 6.22079992
155.335098 -92.2759018 6.43599987
155.345734 -92.1429749 3.14444995
155.301254 -92.1017456 3.95090008
155.202499 -92.1386032 5.60599995
155.338669 -92.1179657 5.94983339
155.311493 -92.1464996 6.02330017
155.239807 -91.9433975 -0.173999995
155.209305 -91.905899 2.84120011
155.338303 -91.8688431 3.11185718
155.309509 -91.9006958 3.22935009
155.343277 -91.8830719 3.46327496
155.3125 -91.8412018 4.80569983
155.289948 -91.9521942 6.06825018
155.280106 -91.8016968 6.37330008
155.288498 -91.7717972 -0.172900006
155.240448 -91.6468964 2.67939997
155.280792 -91.7792969 2.91485
155.28035 -91.7560501 3.07695007
155.316803 -91.6631012 3.46514988
155.362701 -91.7253036 3.62719989
155.3694 -91.7812958 3.88824987
155.352402 -91.7981033 5.37739992
155.205704 -91.6597977 5.52659988
155.253235 -91.6959686 5.93403339
155.312958 -91.7074432 6.04419994
155.202393 -91.6343002 6.27850008
155.226395 -91.618103 6.54059982
155.256195 -91.4461975 2.42790008
155.342743 -91.490921 2.7102499
155.217697 -91.4673996 3.16400003
155.242996 -91.4784012 3.43989992
155.358994 -91.4960022 3.796
155.312103 -91.4481964 5.58379984
155.318253 -91.5483017 5.67094994
155.258636 -91.4821701 5.89933348
155.202896 -91.5007019 6.23649979
155.202805 -91.4485016 6.41359997
155.265656 -91.4326477 6.91600037
155.344406 -91.4606018 7.75390005
155.26651 -91.3395538 2.54235005
155.293564 -91.2789993 2.72562003
155.309494 -91.3231964 3.2895
155.238693 -91.2189026 3.41170001
155.303894 -91.2008972 3.86310005
155.236206 -91.2416 4.10010004
155.240402 -91.3401031 5.3927002
155.346252 -91.2974014 5.46035004
155.234802 -91.2350006 6.30310011
155.266937 -91.3442688 6.67823315
155.256805 -91.2325974 6.91225004
155.291443 -91.3367462 7.07229996
155.357407 -91.351799 7.87139988
155.286621 -91.1217728 2.77007508
155.299606 -91.1335983 2.89230013
155.293304 -91.0770035 3.10220003
155.292694 -91.1398468 3.84994984
155.200195 -91.0718994 5.79099989
155.255096 -91.0033035 6.20900011
155.358551 -91.1164474 6.54565001
155.227203 -91.0282516 6.68984985
155.276886 -91.0715027 6.82595015
155.361404 -91.1537476 7.14099979
155.272659 -91.0469666 7.30016661
155.218201 -91.0758972 7.48909998
155.211807 -91.1634979 7.72830009
155.328201 -90.8751526 2.71140003
155.334 -90.9684982 3.12849998
155.356247 -90.9868927 3.29475021
155.23584 -90.8863525 3.52314997
155.312195 -90.9265976 4.36980009
155.281494 -90.8676529 6.11285019
155.268799 -90.8585968 6.29260015
155.292908 -90.9262772 6.51952505
155.217194 -90.9504013 6.75109959
155.234299 -90.8003006 7.05560017
155.314758 -90.8854523 7.36714983
155.201706 -90.9347992 7.45359993
155.378693 -90.896698 7.84210014
155.330307 -90.7233963 -0.184200004
155.342896 -90.6452026 1.77269995
155.359207 -90.6204987 1.8003
155.2556 -90.6041031 3.34380007
155.270096 -90.728653 6.05254984
155.340195 -90.7733994 6.55579996
155.321198 -90.6721497 6.66050005
155.240234 -90.6824341 7.13163328
155.297897 -90.6837692 7.28139973
155.383102 -90.4596024 1.95580006
155.329468 -90.4900665 2.11296678
155.349792 -90.5152969 2.39520001
155.283295 -90.4372025 3.46519995
155.276596 -90.501503 4.36369991
155.310699 -90.482048 7.10284996
155.292099 -90.4365005 7.32250023
155.271973 -90.2387695 1.98546672
155.288208 -90.2757492 2.10125017
155.347397 -90.3789978 2.28830004
155.297302 -90.3629456 2.47284985
155.244995 -90.2008972 2.75880003
155.292633 -90.3026428 2.88682008
155.282394 -90.319664 3.08877993
155.343414 -90.3201523 3.30984998
155.354599 -90.256897 4.26200008
155.388702 -90.2307968 7.16720009
155.264801 -90.2657013 7.49800014
155.316193 -90.1940994 2.38330007
155.248596 -90.0382004 2.59809995
155.327759 -90.105896 2.68805003
155.317307 -90.0824661 2.92143321
155.33136 -90.1146011 3.06554985
155.222198 -90.1648026 3.41230011
155.365601 -90.0551987 6.62680006
155.321869 -90.0656967 7.06696701
155.242065 -90.0706635 7.32066679
155.290405 -89.8926544 2.87279987
155.319336 -89.8642349 3.08430004
155.362503 -89.9448318 3.55126667
155.237198 -89.9020004 4.16079998
155.345795 -89.844101 5.38819981
155.327194 -89.8711014 6.64919996
155.290894 -89.9263992 7.08160019
155.351593 -89.9599991 7.20130014
155.280899 -89.7161484 2.89549994
155.298172 -89.7360001 3.08583331
155.332397 -89.6727982 3.37350011
155.280197 -89.6389465 3.51865005
155.3349 -89.7048035 3.99000001
155.224701 -89.7671967 4.14279985
155.328995 -89.7414017 4.32539988
155.283951 -89.6486969 5.28649998
155.309357 -89.6533966 5.47939968
155.331299 -89.7220383 5.72870016
155.341705 -89.6214981 6.14750004
155.258804 -89.4849014 -0.176899999
155.268951 -89.4176483 1.95875001
155.341995 -89.4055023 2.12890005
155.209702 -89.4746017 3.11529994
155.263596 -89.4916992 3.3348
155.313705 -89.4782028 4.1795001
155.399002 -89.5215988 5.59420013
155.211395 -89.5111008 5.81470013
155.388504 -89.5839005 6.10249996
155.347 -89.5024033 6.56459999
155.238861 -89.510849 6.70574999
155.315216 -89.5128021 6.8368001
155.257996 -89.4161987 7.14760017
155.264084 -89.30616 1.88738
155.331558 -89.3120041 2.12257504
155.363205 -89.3182983 3.18569994
155.381561 -89.3367004 3.34079981
155.338898 -89.2913437 3.48431993
155.345596 -89.3049011 5.76889992
155.230804 -89.2365036 5.8276
155.285904 -89.3273697 6.12816668
155.362198 -89.3410034 6.32940006
155.349304 -89.0839005 1.9885
155.3703 -89.1706009 2.17840004
155.203995 -89.1987 2.40350008
155.274826 -89.1268768 3.33990002
155.349396 -89.1154327 3.52979994
155.349075 -89.0674362 4.26176691
155.203705 -89.0185013 5.54110003
155.327194 -89.0807495 5.63560009
155.374695 -89.1942978 5.97289991
155.287659 -89.1126328 6.11180019
155.227905 -89.1984024 6.26760006
155.259796 -88.8464966 3.9993
155.271393 -88.8906021 4.12864971
155.237503 -88.8703995 4.66079998
155.32196 -88.8845367 5.50883341
155.291504 -88.8547974 5.89550018
155.312347 -88.8386002 6.88679981
155.376251 -88.6124496 2.92604995
155.333099 -88.6259003 3.84260011
155.272125 -88.756134 4.0387001
155.205307 -88.7807999 4.2203002
155.202301 -88.6757965 5.62459993
155.360001 -88.5267029 2.55839992
155.351974 -88.5075302 2.88179994
155.310196 -88.4141006 3.30539989
155.364899 -88.4224014 3.4059999
155.330505 -88.4229965 3.60730004
155.341003 -88.5130463 3.88840008
155.263794 -88.5020981 4.01639986
155.3125 -88.5589981 5.81990004
155.206604 -88.4990997 7.6413002
155.345306 -88.3292999 3.58139992
155.276398 -88.3059998 3.68475008
155.234406 -88.3280487 3.81890011
155.3069 -88.043602 -0.250400007
155.380997 -88.0467987 3.08570004
155.305496 -88.1883011 3.60400009
155.228699 -88.1933975 5.5934
155.360901 -87.688797 3.8211
155.270111 -87.7227478 5.92285013
155.2099 -87.6335983 6.13500023
155.273193 -87.7273026 6.3052001
155.229401 -87.4326019 3.57010007
155.312607 -87.5982971 5.89989996
155.359802 -87.5157013 6.23820019
155.239304 -87.2238998 3.35229993
155.376801 -87.2071991 5.58990002
155.322327 -87.3304367 5.66456652
155.226593 -87.1720963 -0.261900008
155.396301 -87.1546021 2.48620009
155.275803 -87.0850983 5.33820009
155.292862 -87.0798645 5.44543314
155.314697 -87.0033035 5.67959976
155.2724 -87.049202 5.81349993
155.309906 -87.1626968 6.0630002
155.204605 -86.9729996 5.31559992
155.256805 -86.8766022 5.59079981
155.369293 -86.4908524 2.71499991
155.259293 -86.5943985 3.16280007
155.303101 -85.9878998 -0.205699995
155.540344 -99.6239471 -0.0741000026
155.4151 -99.5569 -0.071800001
155.485596 -98.8640518 -0.0850999951
155.445694 -98.6992035 -0.0855000019
155.562302 -98.5840988 -0.059799999
155.51825 -98.3096466 -0.0535999984
155.517395 -98.1231003 -0.0753500015
155.563293 -97.8728027 -0.0617000014
155.530304 -97.6356964 -0.0656000003
155.504822 -97.5148773 -0.0714999959
155.543747 -97.3429489 -0.074000001
155.412201 -97.0811996 -0.064199999
155.449295 -96.3407974 -0.0838000029
155.454803 -96.1763992 -0.0980999991
155.484406 -95.9676971 -0.126499996
155.417603 -95.7149963 -0.0688999966
155.449646 -95.4834976 -0.0855499953
155.450745 -94.2977448 -0.0639000013
155.475739 -94.095253 -0.0979999974
155.586502 -93.2365036 3.3499999
155.564407 -93.1303558 3.51412511
155.546799 -93.0488968 3.64199996
155.597397 -93.0960999 6.0378499
155.540207 -92.8023987 2.68670011
155.541946 -92.8284225 2.91655993
155.544601 -92.8225021 3.09333324
155.547897 -92.9419556 3.5072999
155.530975 -92.9076996 3.68283343
155.469925 -92.8478165 3.89276004
155.440994 -92.9141006 4.00040007
155.422302 -92.873703 5.92409992
155.490601 -92.8424988 6.13730001
155.461105 -92.6705322 2.66930008
155.50531 -92.6754684 2.89805007
155.448105 -92.6580963 3.36159992
155.552994 -92.7113037 3.74160004
155.474167 -92.7047348 3.90438342
155.434845 -92.6847 4.00810003
155.541901 -92.6937561 5.05635023
155.568634 -92.6837692 5.28486681
155.571701 -92.7966003 5.57089996
155.489807 -92.7761002 5.78789997
155.524399 -92.6580505 5.92425013
155.483734 -92.7017288 6.09730005
155.562302 -92.4542007 2.52160001
155.541733 -92.5000992 2.70029998
155.476257 -92.5096436 2.86980009
155.463699 -92.4790955 3.06735992
155.507538 -92.5394592 3.5093801
155.462799 -92.4835968 3.63450003
155.508698 -92.4823303 3.94483328
155.463394 -92.5923462 4.10354996
155.471436 -92.540863 5.88546658
155.562302 -92.3880997 2.76149988
155.46167 -92.2929993 2.96757507
155.504303 -92.2769012 3.11500001
155.491913 -92.2939606 3.88899994
155.519287 -92.2371521 4.12549973
155.598099 -92.396698 4.37330008
155.571594 -92.3983002 5.77869987
155.425797 -92.2297974 5.96210003
155.583801 -92.0991974 -0.210500002
155.475601 -92.1315765 2.97284007
155.456802 -92.0274506 3.16564989
155.402695 -92.0425034 3.97320008
155.400208 -92.1588974 4.35629988
155.561295 -92.126297 5.85960007
155.555603 -91.8022003 -0.221200004
155.580002 -91.9323502 2.94519997
155.505676 -91.8724976 3.1010499
155.474854 -91.8983002 3.29535007
155.488556 -91.8410492 3.87249994
155.406204 -91.8292999 4.72830009
155.581894 -91.8431015 5.18839979
155.569397 -91.933403 5.36630011
155.433563 -91.9462662 5.92646646
155.560898 -91.8682022 6.06260014
155.593903 -91.8697968 6.86639977
155.494553 -91.7488556 3.15240002
155.497589 -91.6763458 3.22154999
155.513641 -91.6949234 3.55157495
155.444107 -91.6079025 4.87440014
155.520599 -91.6895676 5.35326672
155.438904 -91.6305008 5.40280008
155.410599 -91.6629028 5.89069986
155.458191 -91.7339478 6.48785019
155.461197 -91.6785965 6.72109985
155.532196 -91.4061966 2.52279997
155.524307 -91.4153976 3.16750002
155.415894 -91.4177017 3.25460005
155.534195 -91.5458984 3.67589998
155.428299 -91.5615005 5.18069983
155.516495 -91.5736008 5.37799978
155.591599 -91.5362015 5.5532999
155.421997 -91.4893036 5.78529978
155.487106 -91.5562973 5.9598999
155.458008 -91.4871521 6.55620003
155.4077 -91.5261993 7.80950022
155.425293 -91.4325027 8.00749969
155.472702 -91.3348007 -0.179399997
155.513794 -91.2807999 2.37409997
155.482468 -91.2668991 2.48683333
155.551056 -91.3502045 3.16874981
155.445557 -91.3106003 3.70099998
155.536102 -91.2369995 3.81410003
155.490265 -91.2770996 5.50374985
155.594299 -91.3171997 6.59560013
155.462296 -91.3230972 6.75434971
155.482452 -91.3329468 7.88485003
155.477234 -91.3231964 8.0637331
155.42749 -91.0702057 3.27200007
155.518097 -91.1860962 3.84780002
155.474701 -91.1134491 6.50839996
155.476746 -91.0323486 7.1178503
155.401199 -91.0766983 7.33790016
155.555893 -91.0902023 7.52699995
155.468002 -91.1432037 7.65600014
155.465393 -91.1897964 7.84350014
155.406494 -90.9162979 -0.202600002
155.45961 -90.9016647 3.2967
155.582306 -90.9227982 3.5381
155.434509 -90.9514008 3.64979982
155.572205 -90.8486023 4.19189978
155.528397 -90.865799 4.36380005
155.516296 -90.8476028 5.58279991
155.406097 -90.8164978 5.96560001
155.420395 -90.9750977 6.74139977
155.513702 -90.6219025 3.35229993
155.419693 -90.620697 3.40930009
155.501999 -90.6166992 4.39410019
155.442947 -90.6503983 4.49774981
155.597305 -90.6607971 6.17659998
155.507004 -90.7718964 6.74889994
155.4207 -90.4916992 1.76040006
155.509872 -90.5237274 1.93132496
155.469376 -90.5461578 2.0984199
155.526169 -90.5006256 2.288975
155.547638 -90.4990997 2.54185009
155.490494 -90.4068985 2.88790011
155.432693 -90.4740982 3.05800009
155.488159 -90.4381561 3.34700012
155.562607 -90.544899 3.43109989
155.419495 -90.4608002 4.54799986
155.556793 -90.3619995 0.245199993
155.573105 -90.3925018 2.29430008
155.453995 -90.3179703 3.10283327
155.421036 -90.3450699 6.95616674
155.505295 -90.353302 7.01639986
155.466003 -90.0981979 2.81789994
155.457458 -90.0755997 3.13595009
155.47699 -90.0707016 3.2421
155.476593 -90.1365967 4.07730007
155.511902 -90.0502014 4.28249979
155.507004 -90.0317001 6.73769999
155.424194 -90.1769028 6.99119997
155.491394 -90.1635971 7.1553998
155.4272 -90.0281982 7.25040007
155.558807 -89.8451996 -0.2104
155.568634 -89.8817978 -0.0453333333
155.55777 -89.9356995 0.0772333294
155.462341 -89.9004974 3.12770009
155.456406 -89.9492493 3.2583499
155.530243 -89.9130478 3.88425016
155.484192 -89.8941269 4.10895014
155.544601 -89.9962997 6.70170021
155.480362 -89.8861008 7.07793331
155.5728 -89.7122955 3.30620003
155.4375 -89.7357025 3.42309999
155.534225 -89.6623001 3.69787502
155.53244 -89.6499023 3.85135007
155.596405 -89.6491013 4.09740019
155.413406 -89.646698 5.50139999
155.464706 -89.6175003 5.67379999
155.469894 -89.6671982 6.33806658
155.451401 -89.6344986 6.50519991
155.407196 -89.7642975 6.71420002
155.513794 -89.5339966 -0.333299994
155.500702 -89.4358978 -0.147
155.491104 -89.4954987 2.49399996
155.539856 -89.5800018 3.1631
155.465942 -89.5500488 3.3187499
155.489197 -89.5228348 3.54503322
155.535492 -89.4422379 3.67046666
155.449097 -89.5594482 3.85524988
155.447235 -89.5718536 5.33834982
155.505203 -89.5077667 5.48699999
155.481339 -89.4638596 5.68349981
155.465607 -89.4447021 5.9296999
155.429749 -89.4592972 6.07515001
155.492401 -89.5976028 6.30859995
155.4048 -89.5809479 6.66785002
155.488998 -89.2266006 -0.199599996
155.426895 -89.2286987 2.07410002
155.537796 -89.3784027 3.3513999
155.530304 -89.3391495 3.49477482
155.57724 -89.2974548 3.88534999
155.504898 -89.3220978 4.1111002
155.410004 -89.2537994 4.4453001
155.557892 -89.3159027 5.54326677
155.494476 -89.282135 5.72633362
155.444763 -89.2935333 5.92439985
155.432495 -89.3136978 6.01109982
155.534698 -89.0691986 3.68595004
155.571426 -89.1547699 3.87086678
155.446747 -89.0989532 5.36619997
155.419037 -89.0447006 5.52699995
155.527496 -89.0381012 5.73579979
155.510025 -89.0731964 5.88252497
155.401993 -89.0590973 6.3835001
155.555603 -88.9080963 3.72000003
155.552673 -88.8431778 3.89691997
155.494507 -88.8548965 5.53049994
155.450195 -88.9813995 5.86549997
155.405594 -88.8003006 6.77250004
155.465393 -88.6396027 3.81719995
155.473297 -88.6747971 4.15100002
155.473404 -88.6380005 6.72720003
155.577454 -88.4995499 2.36934996
155.556793 -88.4185028 3.67680001
155.535797 -88.5644989 3.90579987
155.528046 -88.5691986 4.04344988
155.440994 -88.4804993 5.8277998
155.529007 -88.4159012 7.34000015
155.506104 -88.3864975 -0.211600006
155.5746 -88.3132019 1.38300002
155.424545 -88.3310547 1.79620004
155.546768 -88.2784958 1.89026666
155.549393 -88.2929993 2.0466001
155.564697 -88.3779984 2.39319992
155.472672 -88.312561 3.45966673
155.479126 -88.275032 3.70013332
155.478302 -88.3356018 3.92680001
155.532593 -88.1670761 1.92785001
155.559402 -88.1552658 2.09520006
155.472 -88.1622467 3.83669996
155.5177 -87.9850006 3.76880002
155.588562 -87.664444 3.90159988
155.557693 -87.5929031 3.79719996
155.529449 -87.4345551 5.72389984
155.550293 -87.5389023 5.90019989
155.442398 -87.4513016 6.19640017
155.449997 -87.2605972 2.89350009
155.486755 -87.2338486 3.01144981
155.411606 -87.3430023 3.44029999
155.445496 -87.2583008 5.31190014
155.532303 -87.2828979 5.4907999
155.530701 -87.2975006 5.80509996
155.453506 -87.2766037 6.07450008
155.408905 -87.0906982 -0.221100003
155.498093 -87.1774979 2.78509998
155.525208 -87.1166534 2.97450018
155.541992 -87.0733948 5.80729961
155.434692 -86.9133987 2.98869991
155.488602 -86.9285507 3.09599996
155.458603 -86.8395996 4.22940016
155.581894 -86.7490005 -0.259499997
155.401794 -86.7902985 2.85360003
155.55545 -86.6638489 3.64365005
155.422195 -86.4803009 2.70120001
155.461502 -86.5667038 2.80640006
155.569199 -86.4139023 3.43070006
155.534897 -86.4841995 3.80019999
155.591003 -86.5011978 4.12039995
155.547699 -86.2216034 3.70420003
155.480103 -86.0975037 3.28780007
155.592804 -85.9129028 4.13640022
155.428207 -82.6826019 -0.476700008
155.798996 -99.8228989 -0.0617999993
155.680405 -99.6480026 -0.0722000003
155.787704 -99.5466003 -0.0798999965
155.745239 -99.2769012 -0.0807999969
155.758408 -99.0180969 -0.059700001
155.688904 -98.9032364 -0.0845666677
155.784302 -98.7626038 -0.0571000017
155.757996 -98.4461975 -0.0579999983
155.799194 -98.4218979 0.0189999994
155.732529 -98.3408356 -0.0535666682
155.664154 -98.1091385 -0.0528599992
155.719482 -97.9076767 -0.0706750005
155.755203 -97.6464996 -0.0494000018
155.649597 -97.5971985 -0.00980000012
155.670456 -97.2845688 -0.0568666682
155.689941 -97.0834045 -0.0547000021
155.715103 -96.8102036 -0.0230999999
155.686905 -96.4464035 -0.0711999983
155.657104 -96.0898972 -0.101599999
155.724457 -95.7144012 -0.0696499944
155.716599 -95.461937 -0.0791333318
155.792694 -95.3093033 -0.116099998
155.774292 -95.1365967 -0.105300002
155.747101 -94.777298 -0.120899998
155.6642 -94.5381012 -0.0982000008
155.685501 -94.3986969 -0.0754000023
155.663773 -93.8361969 -0.0808333382
155.697006 -93.7817993 -0.156399995
155.744095 -93.4412003 -0.110699996
155.700104 -93.3988037 -0.123599999
155.629196 -93.2929993 3.37579989
155.702896 -93.2545013 3.48819995
155.705353 -93.1338196 3.34570003
155.660141 -93.0737 3.49046659
155.699097 -93.0046997 5.93389988
155.653503 -92.9041443 2.84334993
155.796204 -92.9702988 3.38969994
155.71965 -92.9608459 3.45755005
155.7285 -92.8964462 5.93562508
155.753067 -92.9146652 6.02933311
155.742706 -92.7422028 3.11809993
155.6465 -92.6088028 4.0092001
155.622894 -92.6352539 5.29965019
155.681 -92.7773972 5.55940008
155.701355 -92.6986618 5.7072401
155.680984 -92.7344208 5.92176008
155.72937 -92.7183533 6.14770031
155.757797 -92.4417038 2.75410008
155.6297 -92.5220032 3.19339991
155.674805 -92.5164642 3.27326655
155.647903 -92.5930023 3.49880004
155.725403 -92.4001007 4.14120007
155.614594 -92.5541 5.26189995
155.675507 -92.5127945 5.49626684
155.709442 -92.4905014 5.7349
155.761703 -92.5102997 5.91060019
155.729797 -92.4201965 6.0236001
155.623001 -92.3927002 2.73309994
155.757294 -92.2753983 3.30080009
155.777603 -92.3687973 3.97609997
155.779907 -92.2978973 4.14629984
155.744095 -92.2457962 4.24359989
155.694458 -92.2653046 5.57209969
155.725494 -92.316803 5.6872201
155.69986 -92.283699 5.86332512
155.6875 -92.0969543 2.88185
155.758575 -92.0626755 3.05662489
155.663193 -92.0770645 3.73193336
155.628296 -92.0718002 3.84514999
155.720306 -92.088501 5.34934998
155.757294 -92.1268005 5.55620003
155.737854 -92.1082993 5.74494982
155.675995 -92.1719971 6.87845039
155.755249 -92.0762482 7.00784969
155.723007 -91.9433975 2.95700002
155.668884 -91.9062958 3.08505011
155.680099 -91.9613037 3.55290008
155.715759 -91.9248505 3.70775008
155.732651 -91.8949509 3.81559992
155.671188 -91.909935 5.28831673
155.617203 -91.8664017 6.95879984
155.715698 -91.8701019 7.14069986
155.727997 -91.7751999 3.07990003
155.653793 -91.6873016 3.34710002
155.650299 -91.6746979 3.58520007
155.644592 -91.778244 3.69124985
155.781296 -91.6774979 4.79129982
155.629593 -91.6315002 4.9382
155.662994 -91.5029984 2.49029994
155.693848 -91.5046005 3.10689998
155.660355 -91.4799042 3.25605011
155.682999 -91.5354996 3.52649999
155.641495 -91.5578003 5.29160023
155.769897 -91.4583969 6.33139992
155.778595 -91.5727005 6.55039978
155.744019 -91.5231781 6.72044992
155.723907 -91.4621964 7.76280022
155.709167 -91.4921341 7.94103336
155.722794 -91.3312988 -0.204899997
155.650696 -91.2751007 -0.191200003
155.711395 -91.3057022 2.34949994
155.75589 -91.3463516 2.92715001
155.703949 -91.3191528 3.18190002
155.653061 -91.3420029 3.26846671
155.778793 -91.2524033 3.55699992
155.714996 -91.2424011 3.62639999
155.751404 -91.2213974 6.39890003
155.630203 -91.3786011 6.63920021
155.702759 -91.258606 7.51445007
155.649399 -91.2810974 7.67959976
155.724472 -91.3726654 7.8265667
155.776703 -91.3159027 8.30940056
155.664108 -91.100769 2.53049994
155.761795 -91.0280991 2.60369992
155.701599 -91.117897 3.74790001
155.601898 -91.1324997 7.58760023
155.787796 -90.9409027 2.61849999
155.761703 -90.944397 2.8211
155.632095 -90.8869019 3.06139994
155.700592 -90.9080963 3.30550003
155.684952 -90.9029007 3.56274986
155.677612 -90.8607025 3.77215004
155.739105 -90.9332962 7.04589987
155.747894 -90.6475983 0.228400007
155.660706 -90.6304016 1.70469999
155.736099 -90.6801987 1.89670002
155.610306 -90.7266998 2.89439988
155.647797 -90.6633987 3.29764986
155.636703 -90.683403 6.58799982
155.703003 -90.5843964 0.368600011
155.715393 -90.5531998 2.1026001
155.688629 -90.5118637 2.33973336
155.604004 -90.4801025 2.4454
155.671143 -90.5007019 2.6552
155.712173 -90.5641632 2.95219994
155.748703 -90.4393997 3.04430008
155.64624 -90.427002 3.27780008
155.698227 -90.3047333 3.09669995
155.720703 -90.2781982 6.4368
155.669754 -90.1019516 -0.170399994
155.650299 -90.0501022 3.23079991
155.720886 -90.153801 3.87790012
155.691101 -90.0205994 4.02699995
155.672455 -89.9015503 -0.228850007
155.626266 -89.9252625 -0.0574999973
155.687973 -89.9468689 0.106916666
155.623001 -89.8346024 3.27509999
155.639694 -89.8339996 3.43549991
155.671295 -89.992897 3.671
155.682953 -89.8207474 4.27750015
155.772903 -89.9760971 4.51739979
155.706207 -89.8236008 6.02710009
155.641998 -89.9364014 6.49170017
155.692505 -89.7677994 -0.175699994
155.679596 -89.6616974 0.0816000029
155.7827 -89.6425018 2.93109989
155.608093 -89.7968979 3.15750003
155.730499 -89.7872009 3.21740007
155.662003 -89.7743988 3.92129993
155.604507 -89.7706985 4.36019993
155.604294 -89.6026001 5.16079998
155.713593 -89.6902008 5.68359995
155.605896 -89.4044037 -0.183300003
155.701706 -89.4171982 3.33069992
155.635559 -89.5117645 3.90009999
155.624954 -89.493103 4.05455017
155.792404 -89.5821991 5.06230021
155.665894 -89.5123978 5.37970018
155.772202 -89.498703 5.41660023
155.6931 -89.5986023 6.42019987
155.736206 -89.2650986 3.4073
155.624802 -89.2532959 4.23570013
155.71344 -89.0828476 3.76525021
155.699799 -89.0757523 3.91149998
155.760498 -89.142746 4.05945015
155.761597 -89.0113983 4.44390011
155.713806 -89.031601 5.29139996
155.798599 -88.8485031 2.70020008
155.719055 -88.8792496 3.70469999
155.672241 -88.894455 3.90999985
155.705505 -88.7904968 2.91799998
155.796799 -88.6304016 3.53649998
155.750427 -88.6892014 3.63109994
155.690048 -88.7527771 3.84972501
155.7267 -88.4501038 1.58659995
155.756195 -88.4188004 1.66330004
155.622192 -88.5267029 2.21519995
155.783707 -88.4095001 2.49920011
155.772003 -88.571701 3.08820009
155.694702 -88.4901962 3.57439995
155.656998 -88.4688034 3.64560008
155.6091 -88.4205017 3.83080006
155.616806 -88.3834 1.33089995
155.6315 -88.2748032 1.69790006
155.673798 -88.3106003 1.92908001
155.744919 -88.3150024 2.11334991
155.724091 -88.2778473 2.24419999
155.756897 -88.3263016 2.41849995
155.722702 -88.2008972 2.82570004
155.792404 -88.2203979 3.12470007
155.740295 -88.2354965 3.2750001
155.683701 -88.3416977 7.39120007
155.783203 -88.0687027 1.77489996
155.621201 -88.0599976 1.93599999
155.7211 -88.0547028 2.3434
155.672394 -88.1945038 2.97329998
155.714203 -88.0924988 3.02209997
155.663498 -88.1961517 3.27659988
155.631393 -88.1672974 3.46939993
155.687607 -87.9757996 2.99110007
155.664398 -87.7324982 -0.207599998
155.747894 -87.7438965 2.98930001
155.704102 -87.6529999 3.71799994
155.660858 -87.6173553 3.83885002
155.634003 -87.4773026 2.77670002
155.722794 -87.4570007 3.00209999
155.763397 -87.4396973 3.81710005
155.603699 -87.4581985 5.96220016
155.73526 -87.2382965 2.86124992
155.717194 -87.2425003 3.92449999
155.759506 -87.0130005 2.70709991
155.706787 -87.0975494 2.91190004
155.748703 -87.0677338 3.69826674
155.794998 -87.066803 3.93549991
155.751999 -86.8692017 2.69070005
155.742554 -86.8566513 3.71624994
155.652695 -86.71315 -0.24075
155.647507 -86.7900009 2.86059999
155.652924 -86.4438171 3.71675992
155.641098 -86.5024033 3.89529991
155.716705 -86.2659988 3.50469995
155.721893 -85.9673996 4.08860016
155.731003 -82.2490997 -0.455199987
155.903976 -99.90345 -0.0766500011
155.865097 -99.6481018 -0.0759999976
155.964828 -99.2960358 -0.0959666669
155.819351 -99.0930252 -0.0838999972
155.892502 -98.8892746 -0.0703250021
155.902771 -98.6068649 -0.0368333347
155.862946 -98.5154495 -0.0554499999
155.905502 -98.3537979 -0.0684999973
155.974396 -98.3901978 0.0852999985
155.907806 -97.9367523 -0.0418500006
155.947006 -97.5988998 -0.0537
155.898041 -97.3023987 -0.0530500002
155.849106 -96.6766968 -0.0403000005
155.832794 -95.9692001 -0.0817999989
155.9496 -95.2805481 -0.106749997
155.826004 -95.1279984 -0.0908000022
155.9133 -94.700798 -0.0983000025
155.877899 -94.2631989 -0.124300003
155.934799 -93.8363037 -0.162699997
155.970093 -93.7237015 -0.0926000029
155.856903 -93.305603 -0.0983999968
155.878967 -93.2664032 3.27729988
155.827499 -93.3909988 3.45090008
155.883194 -93.0056 2.98169994
155.930298 -93.1651993 3.12719989
155.830444 -93.1657486 3.31015015
155.903305 -93.0273972 3.47480011
155.91716 -92.912735 3.34430003
155.917068 -92.8676376 3.44923329
155.834198 -92.8696976 5.98360014
155.862701 -92.8351974 6.18730021
155.833099 -92.7445984 -0.128299996
155.964264 -92.740303 3.30859995
155.944199 -92.6137009 3.62759995
155.843353 -92.6262512 5.94554996
155.856903 -92.7983017 6.09630013
155.874146 -92.7402954 6.30720043
155.897903 -92.5739975 -0.156000003
155.808304 -92.4031982 2.85319996
155.917603 -92.5028 3.37240005
155.952698 -92.4511032 5.76300001
155.864151 -92.5625 5.89034986
155.928299 -92.517601 6.15570021
155.814499 -92.5357971 6.24830008
155.957397 -92.4284973 7.05530024
155.825302 -92.3411026 -0.134200007
155.822998 -92.3850021 2.92190003
155.945404 -92.3228989 3.26180005
155.881958 -92.319397 3.63684988
155.931503 -92.2229996 5.35459995
155.914688 -92.2582779 5.51556015
155.861603 -92.3785019 5.63920021
155.911499 -92.2085037 6.90369987
155.952393 -92.292099 7.02759981
155.879456 -92.1435547 -0.145999998
155.846298 -92.1345978 2.94840002
155.970337 -92.1181946 3.11399984
155.937897 -92.1855011 3.29069996
155.819595 -92.1472015 4.11259985
155.915955 -92.0791626 5.28807974
155.9151 -92.1881027 5.43130016
155.976395 -92.1184998 6.97599983
155.910675 -92.0663757 7.0373497
155.811203 -92.0474014 7.96290016
155.8508 -91.9337006 3.68479991
155.958405 -91.9073029 3.82739997
155.913696 -91.8563995 6.52479982
155.986694 -91.8394012 6.60059977
155.960403 -91.9654007 6.95300007
155.966599 -91.9714966 7.0550499
155.961899 -91.8258972 7.6097002
155.923035 -91.8931427 7.87419987
155.892105 -91.6868973 -0.206100002
155.968994 -91.6042023 -0.142499998
155.878845 -91.6445999 2.70609999
155.885803 -91.7671967 2.94309998
155.953094 -91.6485977 3.1473
155.8936 -91.6560974 3.20210004
155.940247 -91.645401 4.84794998
155.964905 -91.6249008 6.6473999
155.931793 -91.7139664 6.85506678
155.982193 -91.6676025 7.39020014
155.959396 -91.6809998 7.45599985
155.925934 -91.6938324 7.72706652
155.926193 -91.6741486 7.86059999
155.959808 -91.4644012 2.74545002
155.9655 -91.566803 2.97460008
155.880341 -91.4513016 3.05366659
155.988403 -91.4570007 3.74740005
155.970596 -91.5705032 4.22370005
155.811493 -91.4392014 4.71239996
155.916901 -91.4494019 6.59800005
155.930054 -91.4889984 6.7170496
155.878693 -91.5708466 6.90880013
155.956299 -91.5393982 7.18240023
155.983597 -91.5315018 7.52960014
155.877747 -91.4701004 7.65054989
155.841095 -91.5923996 7.82770014
155.892105 -91.5307999 8.01980019
155.950607 -91.2990036 1.97570002
155.860199 -91.200798 2.2960999
155.9608 -91.2891006 2.47029996
155.807098 -91.2041016 2.69129992
155.957901 -91.3210449 2.91610003
155.849548 -91.3200989 3.09607148
155.994705 -91.3833008 3.79390001
155.927002 -91.3686981 3.86660004
155.960403 -91.2686996 4.83309984
155.9487 -91.2562027 6.29610014
155.904007 -91.3469009 6.48199987
155.88443 -91.3059998 7.36706638
155.803604 -91.2922974 7.50229979
155.939407 -91.3795013 7.94299984
155.928406 -91.1788483 2.24725008
155.979706 -91.1828003 2.42020011
155.830093 -91.0931015 2.66540003
155.900894 -91.1939011 3.04040003
155.913452 -91.1567535 6.14459991
155.904266 -90.8863983 2.71780014
155.895767 -90.8906021 2.89100003
155.946945 -90.8874054 3.16025019
155.949402 -90.8088989 3.24679995
155.827393 -90.7860031 -0.189099997
155.995895 -90.7619019 0.184100002
155.849106 -90.6964035 0.249200001
155.884491 -90.6921997 1.75804996
155.908066 -90.6326981 1.89566672
155.989395 -90.6383972 2.0546
155.991394 -90.7352982 2.74510002
155.9048 -90.6885529 2.91777492
155.907898 -90.6850586 3.04943991
155.813507 -90.7204971 3.46539998
155.892303 -90.7385025 5.19449997
155.868896 -90.5790024 0.215000004
155.962845 -90.5709 1.95440006
155.869293 -90.4597015 2.1322
155.944199 -90.4360962 2.37969995
155.912415 -90.4724884 2.51656675
155.875824 -90.5313644 2.68950009
155.873596 -90.5002975 3.06524992
155.856949 -90.4709015 3.28679991
155.992004 -90.5094986 4.09130001
155.89209 -90.4824982 4.29524994
155.964096 -90.5168991 5.06759977
155.867798 -90.5805969 5.2256999
155.820099 -90.5636978 6.09910011
155.929672 -90.3021698 2.1024251
155.941299 -90.3878021 2.23374987
155.802994 -90.2380981 2.91000009
155.812195 -90.2901001 3.07299995
155.878906 -90.2848511 3.26765013
155.901703 -90.1781998 2.03329992
155.816193 -90.1300049 3.22525001
155.830307 -90.0549011 4.14830017
155.948105 -89.9255981 3.56349993
155.987595 -89.7325974 4.10500002
155.852295 -89.612999 5.70440006
155.898102 -89.4028015 -0.268099993
155.807602 -89.5003967 3.17939997
155.909302 -89.5753021 3.31999993
155.904495 -89.5699005 4.29400015
155.9328 -89.2683487 2.43564987
155.834198 -89.3872986 3.46749997
155.863907 -89.2294006 3.70930004
155.982803 -89.3948975 3.98079991
155.962891 -89.291748 4.1085
155.886551 -89.3238983 4.32910013
155.911804 -89.1280975 2.50029993
155.922104 -89.1359024 3.15339994
155.915802 -89.1826019 3.22729993
155.884201 -89.0619965 4.13749981
155.945541 -89.1188965 4.25663328
155.806198 -89.1414032 4.93380022
155.945099 -88.8945999 2.31739998
155.801407 -88.8823013 3.61080003
155.912598 -88.6162033 1.8477
155.898483 -88.629303 2.11896014
155.942261 -88.6316376 2.66306663
155.889847 -88.7106476 2.84375
155.863403 -88.6003036 3.52419996
155.827194 -88.7013016 3.76729989
155.837997 -88.5146637 1.67760003
155.93985 -88.530899 1.90864992
155.886169 -88.4881668 2.1043334
155.827393 -88.5299377 2.49636674
155.836594 -88.5218964 2.96700001
155.964706 -88.3552017 -0.208900005
155.933701 -88.3128967 1.87699997
155.903976 -88.2791672 2.26166677
155.843506 -88.3789978 2.64899993
155.917511 -88.0688934 1.88685
155.937103 -88.0996017 2.04439998
155.998398 -88.1738968 2.33439994
155.818497 -88.1724014 2.56669998
155.802902 -88.1167984 2.97979999
155.966965 -87.9491348 1.71883333
155.962097 -87.9837036 1.84280002
155.895554 -87.8789978 2.90072513
155.890793 -87.7124023 2.51679993
155.988007 -87.7304993 2.79979992
155.961105 -87.6107025 2.94510007
155.998795 -87.6116028 3.98860002
155.911407 -87.4718018 1.7615
155.967712 -87.4716492 1.89499998
155.831207 -87.5139008 3.75340009
155.917801 -87.2506027 -0.212699994
155.854706 -87.2994995 3.06340003
155.958099 -87.3853989 3.71420002
155.9254 -87.1449966 3.57629991
155.952194 -86.9552994 -0.290899992
155.914261 -86.8947983 2.69117999
155.904495 -86.8974686 2.89536667
155.841034 -86.9147644 3.76246667
155.815598 -86.9419022 3.85899997
155.932404 -86.7819977 2.58940005
155.824799 -86.6785965 3.88660002
155.926727 -86.4747314 2.3423667
155.952057 -86.5202026 2.47270012
155.803604 -86.3563004 2.20490003
155.881409 -86.2447968 3.64415002
155.815094 -86.1119995 3.54360008
155.857193 -86.1826019 3.73620009
155.852798 -86.0746002 4.23449993
155.853394 -85.8715973 3.46760011
155.985596 -84.4880981 -0.223900005
155.916199 -84.1582031 -0.323700011
155.990997 -84.0263977 -0.114799999
155.994293 -82.7955017 -0.263999999
156.146606 -99.9143982 -0.0815999955
156.046051 -99.7096558 -0.0878999978
156.09726 -99.3101501 -0.0699499995
156.049393 -99.3386002 0.0111999996
156.084106 -99.0924988 -0.0873000026
156.014893 -98.8211975 0.0238000005
156.129074 -98.7319641 -0.0560666658
156.045258 -98.4686966 -0.0337000005
156.145905 -98.2606964 -0.0410999991
156.162506 -98.2722015 0.0152000003
156.1409 -98.1313019 -0.0384999998
156.1689 -97.6433029 -0.0449000001
156.089905 -97.3274002 -0.0490333326
156.084198 -96.8851471 -0.0602499992
156.181503 -96.9049988 0.0454999991
156.062393 -96.6009979 -0.0707999989
156.033951 -96.4400024 -0.0908000022
156.091293 -96.2496033 -0.102300003
156.056747 -96.0382538 -0.0913500041
156.024002 -95.9608002 -0.0987000018
156.121201 -95.6576004 -0.108599998
156.132507 -95.4952545 -0.0898000002
156.016205 -95.3953018 -0.1065
156.086395 -95.0280304 -0.0729999989
156.1465 -94.8304443 -0.117799997
156.177307 -94.4434967 -0.1052
156.156097 -94.2671967 -0.114100002
156.036606 -94.188797 -0.0923999995
156.113708 -93.9463043 -0.130050004
156.159424 -93.7426376 -0.0790000036
156.12793 -93.5022659 -0.129099995
156.08493 -93.1103668 3.10386658
156.043839 -93.1188354 3.2894001
156.081329 -93.0676651 3.41393328
156.076889 -92.9051971 3.30425
156.07933 -92.9374695 3.44736671
156.025299 -92.6856995 3.34404993
156.050095 -92.7782974 3.40899992
156.012695 -92.5710983 3.31850004
156.194199 -92.5137024 4.4224
156.143906 -92.4832001 5.62190008
156.091904 -92.4837646 5.92519999
156.140991 -92.4976501 6.04064989
156.069595 -92.3244019 2.85890007
156.017303 -92.2123032 3.24370003
156.119293 -92.2181015 3.43860006
156.157501 -92.2819977 5.12003326
156.047501 -92.2062988 5.30709982
156.126968 -92.3320999 5.50990009
156.080063 -92.2600021 5.68616676
156.042709 -92.2860336 6.96193361
156.026093 -92.2461014 7.11959982
156.0065 -92.0394974 3.17400002
156.082794 -92.1689987 3.58030009
156.032501 -92.0728989 5.1026001
156.061295 -92.1587982 5.34590006
156.029297 -92.1793976 5.40689993
156.158295 -92.0837021 6.59200001
156.192307 -92.1156998 7.1553998
156.066498 -91.8522034 -0.172999993
156.124603 -91.8159027 2.38210011
156.138199 -91.9975967 3.25539994
156.148697 -91.8013 4.84049988
156.089798 -91.8816299 5.06603336
156.075607 -91.927803 7.19939995
156.1465 -91.8243027 7.69689989
156.098236 -91.8579712 7.92403316
156.106262 -91.9142685 8.05786705
156.149902 -91.7937012 2.35820007
156.075851 -91.6820068 2.4911499
156.134003 -91.7533035 3.34610009
156.034607 -91.732399 4.12610006
156.050507 -91.6339035 4.84919977
156.056198 -91.7639999 5.0158
156.156601 -91.7742004 6.15420008
156.176102 -91.6639023 6.75950003
156.062302 -91.6800995 6.87150002
156.0746 -91.7433014 7.45870018
156.076904 -91.7035217 7.7260251
156.128693 -91.7518997 8.06260014
156.107407 -91.5767975 2.4144001
156.005203 -91.4200974 2.91939998
156.087067 -91.4229355 3.08286667
156.159393 -91.5543976 3.24850011
156.012802 -91.4592972 4.67299986
156.138901 -91.4596024 6.18419981
156.064194 -91.5593491 6.70429993
156.126694 -91.4450989 7.3769002
156.07695 -91.5249023 7.48775005
156.044495 -91.5208969 7.69049978
156.077805 -91.5307999 8.00209999
156.078568 -91.2917023 1.91034997
156.067993 -91.2294006 2.06019998
156.063522 -91.2556992 2.31662512
156.062302 -91.2621002 2.54760003
156.136398 -91.3594971 2.91840005
156.102036 -91.3016052 3.10643339
156.118896 -91.2443008 4.43590021
156.142639 -91.3240967 6.09899998
156.028198 -91.3095016 6.47279978
156.005493 -91.2111969 8.22550011
156.141205 -91.0496979 -0.251100004
156.096405 -91.1289978 2.09680009
156.049545 -91.1375427 2.33025002
156.009644 -91.1147461 2.46395016
156.068344 -91.1283493 2.70744991
156.082306 -91.1027527 3.13240004
156.008804 -91.0604019 3.40440011
156.055496 -91.0078964 5.50939989
156.108597 -90.8697968 0.242400005
156.127258 -90.9466019 2.33774996
156.087601 -90.8915482 2.45495009
156.051224 -90.9203491 2.94040012
156.029602 -90.9041519 3.09210014
156.046005 -90.853302 3.24900007
156.089005 -90.8845978 4.1099
156.133636 -90.6278687 -0.123566672
156.041397 -90.797699 0.267699987
156.020203 -90.6313019 1.97749996
156.117294 -90.6131973 2.1487999
156.163605 -90.7245026 2.3173666
156.113144 -90.7411041 2.43704987
156.174393 -90.7136002 2.68700004
156.008896 -90.7226028 3.11870003
156.006851 -90.7528992 3.26779985
156.172897 -90.5428009 0.0471000001
156.100403 -90.4389496 2.16795015
156.040009 -90.5263519 2.29234982
156.048904 -90.5981979 2.70230007
156.108994 -90.5565033 3.18849993
156.004898 -90.4628983 3.26799989
156.143906 -90.4332962 4.09870005
156.049194 -90.4347 4.80240011
156.131104 -90.3041992 3.17779994
156.041794 -90.3597031 3.43589997
156.0401 -90.3233032 4.38840008
156.175293 -90.0369034 -0.158999994
156.061005 -90.0335999 3.48830009
156.079803 -90.1864014 6.10239983
156.046494 -89.6465988 2.19569993
156.184494 -89.6222 2.48950005
156.1633 -89.4709015 2.79579997
156.068893 -89.5792007 4.09779978
156.011703 -89.5735016 4.36359978
156.166107 -89.4875031 4.55889988
156.143005 -89.3377991 -0.181299999
156.144043 -89.2225494 1.72860003
156.190704 -89.2490997 2.86910009
156.107895 -89.2585983 3.71379995
156.087006 -89.3320999 3.84980011
156.056061 -89.2492523 4.13704967
156.024094 -89.2941971 4.3592
156.113403 -89.1316986 1.75259995
156.164795 -89.0997009 1.84969997
156.084503 -89.0123978 2.58920002
156.195801 -89.0907974 2.66490006
156.109406 -89.1824036 4.37814999
156.183502 -88.9433975 1.93850005
156.057846 -88.9095459 2.42614985
156.017807 -88.8834 2.61430001
156.06897 -88.6829987 2.28460002
156.1017 -88.7076035 2.44020009
156.0979 -88.6026993 2.73860002
156.023804 -88.6668015 2.95830011
156.108368 -88.5097961 1.91782498
156.044373 -88.5730972 2.05609989
156.032196 -88.4616013 2.22729993
156.143295 -88.4646988 2.68650007
156.133804 -88.5014954 2.93625021
156.050201 -88.3560028 2.72140002
156.188705 -88.3889008 2.8987999
156.105804 -88.1171036 1.92700005
156.122803 -88.0899353 2.06886673
156.193405 -88.0524979 2.67350006
156.195297 -88.0567017 3.14109993
156.166443 -87.9194489 -0.294
156.1203 -87.9272003 1.59730005
156.067047 -87.8344498 1.70324993
156.158905 -87.8279037 2.04460001
156.011002 -87.6455994 1.39339995
156.070404 -87.782402 1.55850005
156.032898 -87.7799988 1.75419998
156.125305 -87.7518997 1.92036664
156.117905 -87.7659988 2.0388999
156.111511 -87.7472992 2.94076657
156.014008 -87.7032013 3.68269992
156.013199 -87.5793991 1.38419998
156.12355 -87.4785995 1.87884998
156.156265 -87.4842682 2.05446672
156.1436 -87.5763016 3.99699998
156.087708 -87.5140991 4.13329983
156.107452 -87.2984009 1.92534995
156.186096 -87.3833008 2.36800003
156.1642 -87.2930984 2.5625999
156.189301 -87.3663025 2.82480001
156.082397 -87.3646011 3.58870006
156.198303 -87.0863037 2.62269998
156.0616 -87.1529007 3.96720004
156.117599 -87.131897 4.03550005
156.097168 -86.8302994 2.55649996
156.091644 -86.9451523 2.70284986
156.138733 -86.6820679 2.53136659
156.058502 -86.7641983 2.64529991
156.192902 -86.4810486 2.36715007
156.057571 -86.5090637 2.48519993
156.073242 -86.2700043 4.3182497
156.117599 -86.2937012 4.80380011
156.138504 -85.6241989 -0.277399987
156.150696 -85.5059052 -0.298700005
156.085098 -83.4543991 -0.2861
156.368805 -99.9896011 -0.0843999982
156.292633 -99.678566 -0.0836333334
156.260101 -99.4462433 -0.0834500045
156.217606 -99.009903 0.0176999997
156.294403 -98.9136047 -0.0392333344
156.268005 -98.7876968 -0.0421999991
156.218399 -98.2201004 -0.0237000007
156.359695 -98.3130035 0.0790999979
156.295258 -98.1137009 -0.0273000002
156.318893 -97.9317017 -0.0443000011
156.274338 -97.5623703 -0.0436999984
156.342606 -97.2565002 -0.0340999998
156.241501 -97.0726013 -0.0672999993
156.291901 -96.9906998 -0.0529500023
156.247101 -96.3016968 -0.0802000016
156.309601 -95.8853989 -0.101400003
156.229996 -95.7173996 -0.112499997
156.300598 -95.3009491 -0.126100004
156.292404 -95.1837997 -0.0785999969
156.212006 -94.8547974 -0.1087
156.2314 -94.546402 -0.0996000022
156.213501 -94.0358963 -0.108900003
156.355698 -93.4933014 3.25029993
156.358795 -93.2783966 3.26889992
156.349899 -93.0304031 4.44810009
156.319199 -92.8553772 4.52629995
156.201904 -92.7014999 3.22140002
156.373444 -92.745697 4.57225037
156.382004 -92.6613007 4.64219999
156.398804 -92.457901 0.0688999966
156.280548 -92.5388947 3.28944993
156.296249 -92.5557022 4.77295017
156.267303 -92.5559006 4.82390022
156.321472 -92.5539322 5.11833334
156.294449 -92.4624481 5.27159977
156.240494 -92.4756012 5.94299984
156.255493 -92.4824982 6.07644987
156.327896 -92.4072037 6.55849981
156.222 -92.4210968 6.70109987
156.2547 -92.3812027 -0.170699999
156.355896 -92.3556976 2.94350004
156.2742 -92.2202988 3.4914
156.2267 -92.2201996 4.77839994
156.257004 -92.3311996 4.80100012
156.298187 -92.2710571 5.25909996
156.390198 -92.2386017 5.70730019
156.335495 -92.3054962 5.85830021
156.395401 -92.2105026 6.54300022
156.328094 -92.2939987 6.6651001
156.245056 -92.0845032 3.27080011
156.276306 -92.1141968 4.74870014
156.390701 -92.1072006 5.3987999
156.350296 -92.0621033 6.50990009
156.307007 -92.149498 6.63490009
156.288193 -92.0875015 7.27120018
156.369904 -91.8108978 3.12380004
156.31543 -91.9163361 4.73556662
156.347198 -91.8921967 6.37524986
156.202606 -91.9049988 6.42910004
156.273895 -91.8427963 6.9309001
156.377594 -91.9376984 7.09520006
156.261398 -91.8044968 7.79379988
156.263458 -91.848053 7.90170002
156.2836 -91.9206543 8.03030014
156.377106 -91.760498 2.66559982
156.31076 -91.642601 2.89435005
156.35643 -91.6554642 3.09549999
156.3918 -91.6324005 6.30060005
156.248154 -91.6797028 6.44130039
156.233994 -91.6334 6.74130011
156.383804 -91.694603 7.16050005
156.30069 -91.7867508 7.70795012
156.395294 -91.5712967 -0.190500006
156.230103 -91.5605011 2.63179994
156.293854 -91.5535278 2.93172503
156.243546 -91.5471497 3.15030003
156.332397 -91.5975037 4.74490023
156.264206 -91.5533981 6.32420015
156.223495 -91.5457993 6.42129993
156.377701 -91.558403 7.79349995
156.315994 -91.5856018 7.89760017
156.301147 -91.2806549 -0.183050007
156.289307 -91.3198013 1.88699996
156.233673 -91.2968292 2.06299996
156.258194 -91.2756653 3.11296678
156.333099 -91.2958984 4.6329999
156.334351 -91.280899 6.11009979
156.369003 -91.3282013 6.24329996
156.248764 -91.1242981 2.08565998
156.283707 -91.1462021 3.12590003
156.242706 -91.1855011 3.28670001
156.323608 -90.9477005 -0.211849988
156.236298 -90.8116989 -0.135199994
156.314774 -90.8989716 2.28275013
156.305405 -90.8671036 2.49429989
156.223999 -90.8901978 2.8368001
156.307693 -90.9329987 4.06729984
156.3302 -90.9833984 4.34660006
156.3013 -90.9168015 5.8435998
156.333771 -90.7310257 -0.0633499995
156.293945 -90.7317963 0.111000001
156.327194 -90.7757034 2.1631999
156.210602 -90.7205963 2.24799991
156.338104 -90.7115021 2.45849991
156.295105 -90.6528015 2.97650003
156.352203 -90.6902008 4.69689989
156.357193 -90.7341003 5.88290024
156.2099 -90.5802002 -0.0137999998
156.382004 -90.5865021 0.309100002
156.283798 -90.5748978 3.05669999
156.207703 -90.1776962 -0.230599999
156.243195 -89.9324036 -0.229499996
156.30217 -89.9061661 -0.0639000013
156.293503 -89.802803 2.03279996
156.386902 -89.7289963 -0.0804999992
156.389694 -89.6240005 0.128999993
156.375595 -89.6559982 0.691799998
156.278107 -89.5357971 2.50670004
156.246445 -89.5234985 2.75570011
156.241806 -89.5467987 4.02880001
156.376999 -89.2129974 -0.0812000036
156.384201 -89.3134003 2.28515005
156.276901 -89.3339996 2.6322
156.373398 -89.1639023 -0.213100001
156.3181 -89.0548019 -0.0046000001
156.277405 -89.1183014 1.73179996
156.210297 -89.1151962 1.89230001
156.305695 -89.1873016 2.20849991
156.392197 -88.8886032 0.0456999987
156.30043 -88.9108658 2.09856677
156.350601 -88.9070969 2.46959996
156.346603 -88.8904037 2.87140012
156.362701 -88.6763687 1.93980002
156.374451 -88.7200928 2.07660007
156.253357 -88.72435 2.25344992
156.315308 -88.6116943 2.50440001
156.326752 -88.7245026 2.72854996
156.388702 -88.7272034 2.85879993
156.252655 -88.4958038 1.93565011
156.361893 -88.5233994 2.00320005
156.33075 -88.5090027 7.92385006
156.3396 -88.5102997 8.19099998
156.230606 -88.3130035 2.48460007
156.349335 -88.3057022 2.74580002
156.247711 -88.2521515 2.89480019
156.283966 -88.3105698 8.27700043
156.243607 -88.2966003 8.58290005
156.212402 -88.0914001 2.5704
156.276794 -87.8904495 2.35710001
156.273102 -87.9409027 2.4776001
156.333405 -87.9615021 2.67280006
156.34906 -87.9618988 2.8822
156.316025 -87.7557526 2.25132513
156.315704 -87.7779007 2.71720004
156.257996 -87.7962036 2.94799995
156.346207 -87.4581985 2.27839994
156.395905 -87.4176025 2.49510002
156.305023 -87.4930267 2.86827517
156.302704 -87.3625031 1.89754999
156.214294 -87.2561035 2.54489994
156.298203 -87.3513641 2.70106673
156.362198 -87.3192978 2.94679999
156.246552 -87.2403488 4.12924957
156.330292 -87.0883942 2.69484997
156.311996 -87.1296997 2.96469998
156.329193 -87.0858994 4.35459995
156.377106 -86.9869995 -0.239749998
156.264893 -86.8292999 2.48119998
156.290161 -86.9065628 2.67083335
156.316101 -86.8295517 4.30150032
156.300797 -86.7550964 2.47720003
156.300446 -86.720047 4.43219995
156.293701 -86.5338974 2.23219991
156.323807 -86.5075989 2.51629996
156.391998 -86.5281982 4.2434001
156.370804 -86.4743042 4.46790028
156.244293 -86.5192032 4.62739992
156.395706 -86.2761993 3.91939998
156.366302 -86.0650024 3.58599997
156.359802 -86.1893997 4.64340019
156.288895 -85.6419983 -0.234799996
156.240005 -85.7591019 -0.171599999
156.2164 -85.3022995 -0.277700007
156.325699 -84.4336548 -0.262650013
156.240601 -84.2611008 -0.229000002
156.25 -84.1168976 -0.2579
156.2444 -80.9272995 -0.406300008
156.428802 -99.9069977 -0.1228
156.498077 -99.6811676 -0.0860333294
156.488907 -99.5768967 -0.0772999972
156.430893 -99.2649994 -0.0357000008
156.546997 -99.0518036 -0.0370000005
156.506668 -98.8237381 -0.0463999994
156.482056 -98.4620972 -0.029649999
156.400299 -97.9338989 -0.0568999983
156.476288 -97.7020493 -0.0524000004
156.561203 -97.3104019 -0.0525000021
156.493896 -97.1356354 -0.0748666674
156.541199 -96.8594971 -0.0362000018
156.496796 -96.6389008 -0.0793000013
156.524994 -96.4806976 -0.056599997
156.488297 -96.2867508 -0.0663000047
156.582397 -95.9791031 -0.0755999982
156.503098 -95.612999 -0.148200005
156.427505 -95.0839005 -0.105300002
156.582901 -94.8811035 -0.1109
156.420197 -94.751297 -0.127700001
156.546844 -94.518898 -0.0932999998
156.418304 -93.4419022 3.28060007
156.426102 -93.2080002 -0.134100005
156.485001 -93.263298 3.17799997
156.57901 -93.250351 3.22195005
156.434692 -93.1070023 -0.133100003
156.576508 -93.115799 3.30110002
156.465759 -92.6907501 5.95714998
156.458725 -92.5019226 3.26870012
156.597107 -92.4041977 3.47040009
156.447296 -92.4304962 4.78894997
156.536697 -92.4731979 4.83409977
156.565308 -92.4816971 5.76039982
156.519806 -92.475296 5.87979984
156.552094 -92.4722977 6.2427001
156.457504 -92.3211975 -0.230399996
156.518951 -92.3414459 4.33969975
156.441803 -92.2146988 5.15403318
156.484756 -92.348053 5.54170036
156.451004 -92.2726669 5.75873327
156.4534 -92.282402 5.8427
156.563797 -92.0576019 2.99405003
156.540634 -92.195137 3.11006665
156.486206 -92.1187973 3.26810002
156.4879 -92.1435013 4.71320009
156.479401 -92.1093979 5.0532999
156.498871 -92.1539688 5.72510004
156.536499 -92.1220016 6.51945019
156.519196 -92.0139999 6.65600014
156.528397 -92.0943985 7.19220018
156.452698 -92.0874023 7.50314999
156.529999 -91.8963013 4.50680017
156.519318 -91.9325638 5.64838028
156.561905 -91.9997025 6.26359987
156.502747 -91.8807983 6.45975018
156.436493 -91.9576035 7.16620016
156.542801 -91.8922501 7.37694979
156.483994 -91.8843002 7.6244998
156.483093 -91.9067993 7.90789986
156.516296 -91.6067963 1.75929999
156.54361 -91.7116013 1.86435008
156.491898 -91.7480011 2.01149988
156.450104 -91.7698975 2.67675018
156.470856 -91.7750549 3.02060008
156.464127 -91.7452621 4.61086655
156.475601 -91.6276016 6.17180014
156.525208 -91.6434479 6.31814957
156.456894 -91.6130981 7.11079979
156.563599 -91.7250977 7.33519983
156.500534 -91.5007324 2.03893328
156.468597 -91.4197006 4.64519978
156.511795 -91.5446014 6.12839985
156.404099 -91.5875015 6.95469999
156.549347 -91.3347015 -0.185299993
156.485123 -91.3187485 2.12052512
156.444 -91.3824005 2.2105
156.441956 -91.2891998 2.84890008
156.408493 -91.2723999 5.29230022
156.574005 -91.2906036 6.70599985
156.596695 -91.3649979 7.21899986
156.513504 -91.1396027 2.16020012
156.517761 -91.1334991 2.29844999
156.420502 -91.0353012 2.61150002
156.470459 -91.0972443 2.91420007
156.583206 -91.0266037 3.0387001
156.592606 -91.0279999 3.79999995
156.540344 -91.1023483 4.28119993
156.412994 -91.0229034 5.11569977
156.569199 -91.137001 5.21990013
156.486893 -91.1725998 6.18310022
156.461548 -90.8092957 -0.0568500012
156.477905 -90.8414993 0.1131
156.524399 -90.8347015 2.67610002
156.561096 -90.9681015 4.13079977
156.579193 -90.861702 4.55770016
156.439102 -90.6278992 -0.0573999994
156.417343 -90.7695465 0.148900002
156.595795 -90.7325974 2.54570007
156.582108 -90.7875977 2.89680004
156.432297 -90.6853027 3.56439996
156.465897 -90.7065964 4.77250004
156.429199 -90.6106033 4.81020021
156.585007 -90.5018997 2.1566
156.593307 -90.4513016 3.32119989
156.538406 -90.2062988 -0.223100007
156.416199 -90.2861023 4.1704998
156.561295 -90.0386963 2.60640001
156.523804 -90.1024475 2.93225002
156.557907 -90.1818008 3.0638001
156.495789 -89.9070511 -0.0966999978
156.499695 -89.8440552 0.345699996
156.510101 -89.8543015 0.438300014
156.534073 -89.8388977 0.691799998
156.505356 -89.8202515 0.901600003
156.529999 -89.8679962 1.14740002
156.547897 -89.9067993 1.34249997
156.519897 -89.8173294 1.50639999
156.509033 -89.8521652 1.94330001
156.538696 -89.8502502 2.09855008
156.536102 -89.8771667 2.25676656
156.484604 -89.8514023 2.52830005
156.526703 -89.9035034 8.65470028
156.417099 -89.6897964 -0.287299991
156.449295 -89.7909012 0.149299994
156.417953 -89.7439499 0.357950002
156.461472 -89.748703 0.478724986
156.437042 -89.7516022 0.683600008
156.482758 -89.7171249 0.876600027
156.511993 -89.759201 1.05490005
156.530365 -89.7172318 1.32296669
156.512756 -89.6994019 1.53585005
156.545837 -89.7416534 1.68028331
156.495575 -89.7178802 1.92989993
156.501053 -89.6858597 2.07570004
156.488571 -89.709671 2.24204993
156.5896 -89.6573029 2.43720007
156.518997 -89.7602005 2.7974
156.595901 -89.7642975 8.36279964
156.528 -89.476799 1.82270002
156.523148 -89.5484009 2.12094998
156.548859 -89.461853 2.33124995
156.491394 -89.5250549 2.4147501
156.445099 -89.2449036 2.3427
156.437302 -89.2352982 8.12100029
156.456894 -89.1738968 -0.0637999997
156.457001 -89.1165009 0.159400001
156.405106 -88.8244019 1.95910001
156.553207 -88.9161987 2.65569997
156.56459 -88.9103699 3.13303328
156.521896 -88.8390961 7.71390009
156.486755 -88.8825531 8.22445011
156.583405 -88.7018967 2.4533999
156.492401 -88.7429962 2.94939995
156.4245 -88.6090012 7.58209991
156.554398 -88.6869965 7.71269989
156.431107 -88.7947998 7.81780005
156.581497 -88.6891022 8.39280033
156.489395 -88.5591965 2.07680011
156.565002 -88.5483017 7.70079994
156.441696 -88.2325974 3.10159993
156.436096 -88.0849991 -0.28549999
156.468307 -88.0755005 -0.0857999995
156.419495 -87.8804016 2.58800006
156.400803 -87.6548996 2.33990002
156.444794 -87.7701035 2.4921
156.448395 -87.7919998 2.78769994
156.472794 -87.7671967 3.27900004
156.446152 -87.5097504 2.30224991
156.500153 -87.4765015 2.54369998
156.516602 -87.5420685 2.66993332
156.406006 -87.5876007 2.9921999
156.590897 -87.2281036 1.79719996
156.471603 -87.3537979 1.99810004
156.429001 -87.3244019 2.74035001
156.495193 -86.963501 -0.223900005
156.574097 -86.6865997 6.02580023
156.488007 -86.5818024 -0.241699994
156.528107 -86.299202 2.84633327
156.496048 -86.2325974 3.87750006
156.510696 -86.2517014 4.19710016
156.454407 -86.2231979 4.36899996
156.466797 -86.316803 4.50880003
156.562195 -86.1591034 2.74749994
156.585007 -86.1356964 2.8039999
156.497299 -86.1938019 4.11709976
156.480103 -86.1645966 4.25470018
156.559692 -86.1222992 4.8593998
156.522507 -86.1078033 5.84749985
156.578201 -85.8136978 4.42329979
156.552307 -85.7742996 2.74300003
156.52565 -84.4929047 -0.33524999
156.567001 -82.6425018 -0.404100001
156.702057 -99.8083496 -0.0717500001
156.795502 -99.7911987 -0.0776000023
156.6745 -99.4704514 -0.0561500005
156.638504 -99.3097992 -0.0231999997
156.749649 -99.0929489 -0.0393499993
156.713028 -98.9170685 -0.0276333317
156.687103 -98.7057037 -0.0377999991
156.617203 -98.7524033 0.0579999983
156.717346 -98.5230484 -0.0121500008
156.698898 -98.4132004 0.0324000008
156.727997 -98.3996964 -0.0340000018
156.774704 -98.0710983 -0.0263
156.717072 -97.8644028 -0.0357999988
156.7789 -97.4630432 -0.0368000008
156.780701 -97.5248032 0.0737999976
156.753906 -97.2479019 0.0124000004
156.6763 -97.1737976 -0.0440500006
156.602798 -97.0292969 0.0104
156.735397 -96.8643341 -0.048733335
156.674408 -95.9526978 -0.0799666643
156.783554 -95.3746033 -0.0800499991
156.67984 -94.7447968 -0.116466671
156.697937 -94.5499344 -0.10013333
156.680099 -94.3550034 -0.133900002
156.70787 -93.2731171 3.09728336
156.638702 -93.1985016 -0.0802000016
156.689819 -93.0649185 3.26920009
156.680405 -92.8030014 -0.132699996
156.681946 -92.8376999 3.34214997
156.765106 -92.7111969 5.6402998
156.704498 -92.5876999 -0.153899997
156.665604 -92.5109558 3.40575004
156.788803 -92.5257034 5.57649994
156.633408 -92.4151993 5.68779993
156.739899 -92.5791016 5.99910021
156.746399 -92.2481995 -0.216700003
156.740906 -92.2301025 -0.187000006
156.621002 -92.2282028 4.83500004
156.715149 -92.2714539 5.54809999
156.629807 -92.2184982 5.63320017
156.611404 -92.3142014 5.87970018
156.657501 -92.2479019 6.68245029
156.796204 -92.1853027 0.58859998
156.695663 -92.1162949 2.54119992
156.714478 -92.0911026 2.632025
156.733994 -92.0253983 2.84509993
156.676498 -92.1640015 5.58519983
156.655792 -92.0479355 5.65843344
156.613403 -92.0513 6.27040005
156.615601 -92.1368027 7.65759993
156.775894 -91.8230972 0.578700006
156.705505 -91.970871 2.72097492
156.772247 -91.9153442 2.90549994
156.624603 -91.9288025 4.47480011
156.664093 -91.8191986 4.65170002
156.683044 -91.8908997 5.52225018
156.759598 -91.7637024 0.527999997
156.758102 -91.7656021 2.91939998
156.633301 -91.7702026 4.74870014
156.664307 -91.7188034 4.85629988
156.740799 -91.7319031 5.53399992
156.645706 -91.6122971 6.99660015
156.676193 -91.6727982 7.2105999
156.6064 -91.5880966 1.91190004
156.743607 -91.5122986 7.34829998
156.606537 -91.4468994 7.57670021
156.719696 -91.4273987 7.63450003
156.658691 -91.3545532 -0.2403
156.782196 -91.2109985 2.36360002
156.794205 -91.2154999 2.57259989
156.664505 -91.2242966 4.3144002
156.652496 -91.3133011 4.48750019
156.680832 -91.2597351 4.64846659
156.690308 -91.2306976 5.22989988
156.622696 -91.2865982 6.2104001
156.643402 -91.2470016 6.47230005
156.6427 -91.3199997 7.14289999
156.674194 -91.3868027 7.57399988
156.688599 -91.148201 2.38849998
156.694275 -91.1526642 2.51810002
156.698105 -91.0701981 2.64650011
156.631302 -91.0189972 2.97189999
156.706696 -91.0926514 4.07995033
156.661743 -91.0679474 6.42129993
156.733246 -91.1024017 7.13745022
156.740494 -90.978302 2.76300001
156.667297 -90.9580002 2.8842001
156.782898 -90.8653488 3.10290003
156.648102 -90.8368988 3.27160001
156.626999 -90.9934998 4.17339993
156.781296 -90.8290024 4.66270018
156.615295 -90.7602997 -0.1338
156.683105 -90.7090988 2.54579997
156.662903 -90.675499 6.51919985
156.715393 -90.7894974 6.63329983
156.713104 -90.5244293 1.95560002
156.654449 -90.5281982 2.12974977
156.668701 -90.5898972 2.93390012
156.7733 -90.5849991 4.17850018
156.661606 -90.4859009 4.97989988
156.633194 -90.3262024 5.03579998
156.625793 -90.028801 7.99690008
156.636902 -89.969902 -0.124399997
156.631409 -89.9037476 0.0940499976
156.607193 -89.8989029 0.317299992
156.68335 -89.8523026 1.08509994
156.628494 -89.8548965 1.29709995
156.678238 -89.8486328 1.53530002
156.6716 -89.8243027 1.68570006
156.692703 -89.8676987 1.95290005
156.666794 -89.8600006 2.08820009
156.770004 -89.8862991 2.87759995
156.617996 -89.7164001 1.74409997
156.730103 -89.7570038 1.92750001
156.639206 -89.7895966 2.16720009
156.618195 -89.6938019 2.29834986
156.794098 -89.7406998 2.66869998
156.666901 -89.7966995 2.81590009
156.749496 -89.7246017 8.37020016
156.649307 -89.081398 8.61340046
156.625397 -88.8651962 2.9618001
156.602707 -88.9964981 7.87709999
156.737701 -88.6493988 1.68439996
156.690704 -88.6972504 2.89709997
156.666107 -88.7401962 3.05570006
156.612793 -88.6687012 8.38689995
156.642395 -88.773201 8.73130035
156.789001 -88.433197 1.97679996
156.677002 -88.5455017 8.36419964
156.602097 -88.5350037 8.67259979
156.759506 -88.2683029 2.04469991
156.721207 -88.1433029 1.85720003
156.629395 -88.1269989 8.1722002
156.768799 -87.8921967 2.57290006
156.643005 -87.612999 3.2744
156.776901 -87.5466995 2.7025001
156.787094 -87.0001984 1.82630002
156.606094 -87.0968018 5.08790016
156.746307 -86.9236984 5.3441
156.697998 -86.9718018 5.65019989
156.781647 -86.7068481 3.07509995
156.707794 -86.6138 5.85780001
156.7052 -86.4761963 2.7428
156.615799 -86.5969009 3.04889989
156.714798 -86.4935989 5.6624999
156.685806 -86.5603027 5.84320021
156.723495 -86.4558029 6.00579977
156.758804 -86.3387985 2.97219992
156.617706 -86.2052002 3.99090004
156.733704 -86.393898 5.65969992
156.661697 -86.3702011 6.13210011
156.6474 -86.1212006 4.70739985
156.600998 -86.0283966 4.85389996
156.63385 -85.7705994 2.8513
156.718796 -84.4458008 -0.294699997
156.884735 -99.8644638 -0.0772666633
156.845245 -99.6730957 -0.0918000042
156.858994 -99.5507965 -0.0438000001
156.962402 -99.3203964 -0.0197000001
156.907898 -99.0549011 -0.0194000006
156.961548 -98.6562042 -0.0208999999
156.873993 -98.4363022 0.00960000046
156.913406 -98.2272034 -0.0414999984
156.9272 -98.3891983 0.0249000005
156.937332 -98.0843964 -0.0371333323
156.941101 -97.8827972 -0.0421999991
156.860001 -97.558197 -0.0463999994
156.823395 -97.2098999 -0.0264999997
156.910889 -97.0420532 -0.0577500015
156.939545 -96.7003479 -0.0559750013
156.803207 -96.4905014 -0.0886000022
156.865097 -96.2947006 -0.0817999989
156.857758 -95.7806549 -0.107100002
156.837601 -95.4337997 -0.115400001
156.885254 -94.975647 -0.0661500022
156.906494 -94.3834 -0.0614
156.828201 -93.6616974 -0.1329
156.892761 -93.4735031 2.74515009
156.887894 -93.4564972 2.90643334
156.8302 -93.4148026 3.01279998
156.993195 -93.4796982 4.83939981
156.878998 -93.2595978 0.581499994
156.9216 -93.239502 0.615700006
156.855972 -93.3198013 2.91077995
156.861435 -93.279068 3.05686665
156.874496 -93.1557007 -0.158800006
156.856049 -93.0689545 0.548699975
156.841766 -93.1315308 0.627766669
156.864578 -93.09095 3.09710002
156.883392 -93.0820007 3.25180006
156.882996 -92.8075027 0.805499971
156.936447 -92.8858032 3.1791501
156.936493 -92.805603 3.27010012
156.825607 -92.9357986 3.74889994
156.806396 -92.9197998 3.8204
156.910629 -92.6877975 3.28416657
156.929703 -92.6025009 3.90799999
156.858597 -92.7426987 5.33640003
156.867935 -92.6978302 5.47588301
156.802795 -92.4665985 0.618099988
156.944 -92.4925995 3.7974
156.831757 -92.528244 5.51719999
156.85173 -92.4650269 6.27972507
156.863693 -92.2055969 0.516099989
156.856949 -92.2982483 3.35440016
156.895905 -92.2957993 5.40939999
156.816498 -92.2901001 6.38999987
156.833496 -92.1156998 -0.141499996
156.929001 -92.0776672 0.559233308
156.822205 -92.0242996 2.98449993
156.974503 -92.0285034 5.16839981
156.829803 -91.9585648 0.5449
156.802902 -91.8095016 2.96679997
156.816803 -91.8796005 3.11450005
156.84465 -91.940094 3.33045006
156.859207 -91.9549026 5.37459993
156.919006 -91.7469025 2.97090006
156.829407 -91.7888031 3.0927999
156.956406 -91.6131668 3.32676673
156.950195 -91.4615021 -0.173099995
156.998001 -91.5891037 3.2026999
156.9245 -91.4904938 3.88794994
156.923248 -91.5010529 4.03709984
156.886902 -91.4842987 5.38719988
156.870697 -91.4411011 7.56610012
156.801804 -91.5085983 7.61460018
156.867905 -91.2675018 2.12549996
156.892944 -91.2185059 2.53430009
156.997696 -91.2944031 3.78909993
156.913193 -91.2500992 3.93269992
156.815903 -91.3602982 4.04939985
156.944107 -91.308197 4.47109985
156.993607 -91.2858963 4.63590002
156.851501 -91.2835999 4.93809986
156.819504 -91.0621033 -0.219400004
156.895004 -91.0830002 2.16120005
156.843994 -91.1475983 2.51810002
156.858459 -91.0267029 2.98699999
156.823593 -91.1091003 3.29850006
156.990799 -91.1361008 3.76430011
156.895203 -91.0126038 4.74490023
156.899094 -91.1844025 4.81680012
156.961594 -91.0460968 8.31270027
156.861603 -90.9076004 1.97130001
156.823395 -90.8933487 2.05025005
156.867294 -90.8057022 2.44970012
156.912872 -90.8368683 2.89579988
156.968552 -90.9096527 3.10839987
156.928192 -90.862854 3.32270002
156.825699 -90.9710007 4.6177001
156.908295 -90.8880005 5.95749998
156.921799 -90.7901993 -0.107299998
156.969101 -90.7268982 1.77509999
156.908005 -90.7692032 1.83580005
156.914993 -90.7114029 6.67309999
156.953003 -90.7220001 7.78499985
156.992599 -90.7036972 8.11450005
156.893204 -90.5620499 1.93210006
156.876297 -90.5952988 2.03130007
156.828995 -90.5133514 2.21764994
156.802994 -90.4085007 2.61069989
156.996094 -90.3365021 4.6887002
156.853195 -90.240097 5.05459976
156.9198 -90.3623962 7.01989985
156.904404 -90.3673019 7.28219986
156.921356 -90.139801 2.07844996
156.955002 -89.8159027 7.11880016
156.9328 -89.0907974 6.0479002
156.863495 -88.7188034 1.68560004
156.901001 -88.6278 2.91160011
156.829605 -88.5354004 1.73749995
156.877869 -88.508049 1.89277506
156.965195 -88.4913025 2.00880003
156.869095 -88.4281998 2.48049998
156.910095 -88.334465 2.09220004
156.962097 -88.3034973 2.38750005
156.814896 -88.1617966 1.74950004
156.880295 -88.1362 1.84350002
156.830902 -88.0026016 7.17150021
156.880295 -88.1797028 7.31169987
156.884308 -87.9472961 1.68755007
156.952194 -87.9670029 1.83720005
156.961197 -87.8054962 2.32520008
156.992096 -87.6827011 -0.225199997
156.824097 -87.7678986 6.66270018
156.882401 -87.5323029 2.12649989
156.898926 -87.5546341 2.24983335
156.941895 -87.3450012 1.98889995
156.897644 -87.3821564 2.03849983
156.898758 -87.0941772 1.70558
156.898651 -87.1312561 1.83045006
156.859604 -86.8404007 -0.201100007
156.929657 -86.8598938 1.64740002
156.945694 -86.8985977 2.54329991
156.9077 -86.9664001 2.70300007
156.829102 -86.8815994 5.31809998
156.908401 -86.625267 1.52356672
156.983505 -86.6588974 2.29450011
156.895096 -86.6743011 2.48280001
156.9702 -86.5007019 -0.318599999
156.900864 -86.5768967 1.47286665
156.908844 -86.5730515 2.35004997
156.836502 -86.303299 1.98290002
156.895706 -86.2940979 2.05809999
157.062393 -99.9970016 -0.0746000037
157.0047 -99.688797 -0.0474000014
157.118896 -99.5115967 -0.0454000011
157.105438 -99.2969971 -0.0319999978
157.152405 -98.7340012 -0.0395000018
157.025696 -98.4644012 -0.0308999997
157.102203 -98.2830963 -0.0425000004
157.104904 -97.733902 -0.0406000018
157.152298 -97.5474014 -0.0364333317
157.076401 -97.4822006 0.0549999997
157.066101 -97.3374023 -0.0533000007
157.130554 -96.9071503 -0.0713
157.152496 -96.3068542 -0.0513999984
157.002701 -95.9573975 -0.108999997
157.190796 -95.5771027 -0.0970000029
157.112457 -95.3381958 -0.0864000022
157.084045 -94.8915558 -0.105000004
157.104599 -94.4626007 -0.128999993
157.1362 -94.365799 -0.0804999992
157.109299 -94.1070023 -0.158999994
157.094101 -93.6235504 -0.129649997
157.028351 -93.4375992 4.84529972
157.136002 -93.2519989 0.548449993
157.162201 -93.2277985 4.78240013
157.119049 -93.2738037 4.84644985
157.106796 -93.0931015 0.384799987
157.173294 -93.0725708 0.526333332
157.047607 -93.0824966 2.98860002
157.093201 -93.0495987 3.11910009
157.173004 -92.9632034 -0.3037
157.150101 -92.9710007 -0.0584000014
157.181702 -92.9345016 0.0744000003
157.11261 -92.9540482 0.516449988
157.12616 -92.9611969 2.69875002
157.143341 -92.9928513 2.89305019
157.090759 -92.8724747 3.09482503
157.116196 -92.9069977 3.65019989
157.119904 -92.8713989 3.8355999
157.170197 -92.6976013 -0.139200002
157.186798 -92.6203995 3.18630004
157.184799 -92.7217026 3.79480004
157.176941 -92.7476044 3.95429993
157.078201 -92.5895004 -0.159899995
157.139328 -92.517868 3.13579988
157.171555 -92.4369507 3.29570007
157.049362 -92.5008011 3.90666676
157.134796 -92.5854034 4.00339985
157.114929 -92.3543549 3.92750001
157.180801 -92.2304993 4.74389982
157.095505 -92.2018967 4.96369982
157.139709 -92.2668457 5.04675007
157.103928 -92.0827332 -0.108600006
157.128204 -92.0145035 0.0277999993
157.078262 -92.0748672 0.547600031
157.122803 -92.1226501 3.35930014
157.0802 -92.1026993 3.97550011
157.103699 -92.1062469 4.6628499
157.097107 -91.8897476 -0.167850003
157.163452 -91.9684525 0.529250026
157.177704 -91.8634491 2.43875003
157.102951 -91.8869019 4.35330009
157.013199 -91.9083023 6.49179983
157.1689 -91.8139038 7.02670002
157.082306 -91.6595001 -0.148499995
157.039505 -91.6331024 3.60389996
157.192505 -91.6399994 4.00530005
157.154999 -91.7143555 4.36464977
157.119965 -91.6753998 4.56773329
157.026199 -91.4461975 -0.217899993
157.002106 -91.555397 -0.185200006
157.136597 -91.5056 3.93199992
157.106094 -91.5819016 4.01859999
157.153198 -91.4676514 4.44964981
157.166702 -91.4838028 7.57940006
157.199493 -91.2460022 3.3664999
157.0858 -91.3871002 4.52089977
157.091599 -91.2628021 4.79040003
157.037003 -91.2814026 4.89480019
157.054092 -91.2556992 6.90490007
157.058472 -91.2801666 7.05126667
157.084702 -91.3784027 7.22259998
157.186996 -91.2946014 7.44799995
157.051193 -91.1393967 -0.178100005
157.169998 -91.0150986 2.72889996
157.017807 -91.0326004 3.13120008
157.184601 -91.071701 3.37210011
157.034805 -91.1600037 4.30135012
157.014999 -91.1309967 4.77990007
157.043503 -91.0780029 4.86409998
157.027206 -91.1447983 6.94430017
157.165604 -91.1502991 7.18030024
157.168594 -90.9969025 -0.188500002
157.138794 -90.8546982 1.87755001
157.085403 -90.813797 2.06769991
157.0616 -90.9653473 3.12354994
157.014999 -90.8134003 4.74060011
157.080902 -90.989502 5.13469982
157.031097 -90.8722 7.76999998
157.046997 -90.6166992 -0.1734
157.126648 -90.7451782 1.90550005
157.0121 -90.732399 2.01760006
157.048706 -90.7421036 2.34890008
157.046799 -90.7077026 2.79360008
157.177795 -90.6080017 2.8763001
157.002197 -90.6397018 3.33780003
157.117996 -90.631897 6.34600019
157.173996 -90.6912003 6.50899982
157.1138 -90.6505966 7.81879997
157.157394 -90.4125977 -0.196999997
157.071701 -90.5762024 2.34060001
157.0858 -90.4511642 6.24233341
157.088593 -90.5973969 8.25500011
157.077057 -90.2884979 3.46915007
157.073898 -90.385498 7.04040003
157.152893 -90.1421967 1.90859997
157.105194 -89.6728973 6.56559992
157.071396 -88.8108978 1.91509998
157.031952 -88.7443008 1.74154997
157.073792 -88.6487503 1.84450006
157.173294 -88.6302032 2.04460001
157.148697 -87.879097 1.83350003
157.178406 -87.8423996 2.00580001
157.129196 -87.9367981 2.67479992
157.091843 -87.6957779 2.10739994
157.007294 -87.7461014 2.55850005
157.066696 -87.7637024 7.08190012
157.109802 -87.0063019 1.77320004
157.040695 -87.1744003 2.60669994
157.054001 -86.8559036 2.37579989
157.037399 -86.9964981 2.69790006
157.031296 -86.7910004 1.53110003
157.040802 -86.7694016 1.64649999
157.075806 -86.6822968 2.5710001
157.098602 -86.7170029 2.67790008
157.129303 -86.550499 -0.275900006
157.153503 -86.5590973 1.52199996
157.024109 -86.5183029 2.34569979
157.0186 -86.281601 -0.279799998
157.096603 -86.2220993 -0.163900003
157.008301 -86.1983032 2.77130008
157.106506 -85.9774017 2.59590006
157.196396 -84.9990997 -0.325300008
157.1492 -83.1600494 0.34465
157.182404 -82.5124969 0.307700008
157.159302 -82.1588974 0.352299988
157.261902 -99.8831024 -0.0476000011
157.389893 -99.9082031 0.264400005
157.264328 -99.679863 -0.0475666672
157.286301 -99.3115005 -0.0199999996
157.2854 -99.0458984 -0.00179999997
157.373901 -99.1241989 0.00170000002
157.324905 -98.9550018 -0.0255999994
157.288101 -98.7354965 -0.0318000019
157.302963 -98.4742966 -0.0218333323
157.266907 -98.379097 -0.0100999996
157.291748 -97.7192993 -0.0292000007
157.307892 -97.1324463 -0.0623500012
157.318695 -96.8928986 -0.0361000001
157.292358 -96.6703491 -0.0557000004
157.322525 -96.5065689 -0.0563000031
157.3535 -96.351799 -0.0125000002
157.331299 -95.7507019 -0.0739500001
157.339203 -94.5167007 -0.116300002
157.396194 -94.2931976 -0.0935000032
157.248993 -93.7020035 -0.0759999976
157.396301 -93.2210007 2.84459996
157.28447 -93.3294296 4.54110003
157.217606 -93.0455017 -0.0623000003
157.305664 -93.0280457 0.0867500007
157.360535 -93.0404358 0.290933341
157.229004 -93.0747528 0.503300011
157.272202 -93.0549011 2.63369989
157.234207 -93.0294037 2.90380001
157.344498 -93.0005035 4.17439985
157.2948 -93.0482025 4.58890009
157.358078 -93.0799179 4.71364021
157.256699 -93.1049042 4.82435036
157.292923 -92.9454651 -0.0989666656
157.278198 -92.8778992 0.359200001
157.399597 -92.9299011 0.428900003
157.330551 -92.8841705 3.09405708
157.3172 -92.8395996 3.7191999
157.292496 -92.9779968 3.9690001
157.342407 -92.8964996 4.17140007
157.339203 -92.8487015 4.75689983
157.2771 -92.7823029 2.95449996
157.29068 -92.7321167 3.11335993
157.267563 -92.7091293 3.34739995
157.259598 -92.6762009 3.47830009
157.339096 -92.770401 3.77874994
157.219193 -92.7783966 3.86369991
157.394897 -92.6960449 4.12769985
157.336594 -92.7699966 4.34100008
157.329407 -92.6760712 4.71126652
157.306061 -92.7789993 4.87949991
157.334793 -92.5987015 -0.178299993
157.394897 -92.4748001 2.73259997
157.253296 -92.4734039 3.05070019
157.227402 -92.4665985 3.28726673
157.319901 -92.511734 3.91386676
157.3871 -92.4690018 4.32870007
157.333176 -92.4330673 4.47700024
157.301849 -92.4812012 4.69985008
157.350006 -92.4325027 4.86509991
157.367004 -92.5904999 5.37860012
157.396103 -92.3796997 2.71510005
157.283707 -92.3498993 4.15969992
157.298676 -92.313797 4.55583334
157.315399 -92.3749008 4.6342001
157.230392 -92.3154984 4.9920001
157.322845 -92.0531998 0.192750007
157.32431 -92.0428009 0.279699981
157.221405 -92.0656967 0.431800008
157.3349 -92.0587006 2.63400006
157.390106 -92.0711517 3.26504993
157.310349 -92.1280975 4.17265034
157.313782 -92.1284714 4.29132509
157.355804 -92.0602036 4.41020012
157.2052 -92.1278992 4.6243
157.214493 -92.1716003 4.88059998
157.270905 -92.0202026 5.05179977
157.300995 -92.0036011 6.97119999
157.340393 -91.966301 0.269400001
157.238007 -91.9738007 0.478100002
157.210098 -91.9307022 2.37030005
157.276855 -91.8511505 2.51110005
157.341949 -91.8786011 2.68610001
157.350006 -91.8320999 3.17779994
157.314499 -91.8015976 3.39549994
157.290497 -91.8209 3.4138999
157.284393 -91.8422546 3.89779997
157.209702 -91.9894028 4.09110022
157.251526 -91.9264221 4.44505024
157.327103 -91.8258972 5.18300009
157.323105 -91.9042511 6.9366498
157.342896 -91.9055023 7.03079987
157.271393 -91.7771988 2.66779995
157.291595 -91.7731018 3.40709996
157.262497 -91.7455978 3.98600006
157.3759 -91.6168976 4.19080019
157.289505 -91.7757034 4.20569992
157.305496 -91.7505951 5.13210011
157.238205 -91.6867981 5.28539991
157.3461 -91.6685028 7.05810022
157.281403 -91.4624023 -0.134100005
157.374146 -91.519455 2.82504988
157.396301 -91.4694977 3.46230006
157.214005 -91.5929031 4.10669994
157.282349 -91.5104523 7.48715019
157.342194 -91.3156967 -0.162699997
157.271896 -91.2238998 6.77990007
157.281937 -91.2927017 6.91410017
157.293243 -91.245697 7.2720499
157.281693 -91.139801 -0.234200001
157.351761 -91.1417694 1.5235666
157.339844 -91.0638504 1.70405006
157.367096 -91.0139999 1.83029997
157.346207 -91.0028 2.21149993
157.284393 -91.1395035 3.32386684
157.220993 -91.060997 6.69110012
157.308289 -91.1213989 7.14964962
157.375595 -90.960701 -0.215000004
157.242203 -90.8386002 1.82480001
157.331451 -90.9208984 2.12505007
157.342804 -90.998703 2.32189989
157.346588 -90.8992996 2.53530002
157.285049 -90.9423981 2.6333499
157.355804 -90.9453964 7.04199982
157.392395 -90.8339005 8.25150013
157.290802 -90.7805023 1.97280002
157.297943 -90.743248 2.96294999
157.213394 -90.6533966 3.00149989
157.381195 -90.6545029 6.31689978
157.297806 -90.6753006 6.54290009
157.236298 -90.6044006 7.68979979
157.230103 -90.6970062 8.34745026
157.247498 -90.5710983 2.56399989
157.322296 -90.4657974 6.21309996
157.303207 -90.4369965 6.58470011
157.356995 -90.1451035 2.85170007
157.306198 -90.1306 3.63720012
157.3293 -90.0699997 5.02670002
157.308701 -89.9366989 -0.226600006
157.293106 -89.9049988 -0.0370000005
157.285797 -89.8364029 0.0811000019
157.2883 -89.9207001 5.00759983
157.386993 -89.9247971 5.42210007
157.233002 -89.7248993 0.164800003
157.240601 -88.8209 7.14139986
157.294205 -88.7485962 2.19020009
157.299255 -88.4416962 2.13584995
157.292007 -88.2854004 2.27220011
157.374405 -88.0472031 2.23440003
157.320297 -87.8559036 2.61809993
157.254105 -87.7789001 1.66470003
157.235794 -87.5235977 2.19039989
157.2379 -87.4484024 2.21070004
157.323898 -87.2565002 1.79700005
157.305099 -87.2726364 1.83913338
157.231201 -87.3426971 2.02414989
157.336502 -87.1517029 -0.235300004
157.227203 -87.0664978 -0.189899996
157.281158 -87.0979004 1.63556671
157.317398 -87.1539001 3.41470003
157.281296 -86.8731995 1.71959996
157.345795 -86.6134491 1.48900008
157.273071 -86.7500992 1.64470005
157.3591 -86.714798 2.47110009
157.274445 -86.5377502 1.32679999
157.321793 -86.5535965 1.45860004
157.316101 -86.2835007 2.1710999
157.245895 -86.0783997 2.11199999
157.208099 -86.0468979 2.39549994
157.398102 -85.972702 1.95669997
157.399902 -84.6484985 -0.300000012
157.529694 -99.9597473 -0.0294000003
157.506592 -99.7042007 -0.0368666649
157.515854 -99.5126495 -0.031750001
157.565994 -99.4514008 0.0465000011
157.410797 -99.3010025 -0.0130000003
157.431213 -99.1601562 -0.0201500002
157.4888 -99.0777969 0.0230999999
157.402298 -98.6679001 -0.0218000002
157.510162 -98.5263519 -0.039450001
157.473206 -98.3852997 -0.0392000005
157.530243 -98.0575485 -0.0157999992
157.506607 -97.9067993 -0.0366999991
157.412003 -97.2257004 -0.0507999994
157.519196 -97.1057968 -0.0516999997
157.408707 -97.0354996 0.0324000008
157.426407 -96.8043976 -0.0428999998
157.423798 -96.6016998 -0.0698999986
157.595596 -96.5195007 -0.0747999996
157.459 -96.3565979 -0.0337999985
157.513901 -96.1603012 -0.0500000007
157.582504 -95.5817032 -0.0989999995
157.554092 -95.2789001 -0.105300002
157.488602 -95.1000977 -0.0864999965
157.596405 -94.9543991 -0.107699998
157.451096 -94.4713974 -0.122299999
157.439148 -94.3037491 -0.0881000012
157.490005 -93.6427994 -0.1461
157.550003 -93.4340973 2.7750001
157.572495 -93.4455032 2.85150003
157.570999 -93.4530029 4.31869984
157.515472 -93.2253342 0.618300021
157.514603 -93.3149261 2.91300011
157.588898 -93.3537979 3.00149989
157.533401 -93.0597 0.301925004
157.46991 -93.0753479 0.45934999
157.476776 -93.1712036 2.94492507
157.4561 -93.1077957 3.06009984
157.477203 -93.0660019 3.77659988
157.502594 -93.019928 3.88623333
157.420395 -93.0954971 4.23960018
157.513306 -93.1892014 4.46540022
157.438293 -93.1053009 4.69945002
157.540695 -93.0305023 4.82119989
157.556763 -93.0517502 5.01970005
157.554001 -92.8518982 -0.164399996
157.507523 -92.9178009 0.33357501
157.426895 -92.8361969 4.17939997
157.514694 -92.867897 4.57719994
157.527328 -92.9509354 4.65479994
157.530304 -92.9973984 4.99230003
157.483994 -92.7738037 0.365500003
157.54425 -92.7913971 3.02635002
157.442841 -92.7448502 3.94810009
157.5513 -92.6447983 4.01955032
157.436996 -92.699295 4.29259968
157.548492 -92.6743011 4.54239988
157.587708 -92.7911987 4.63329983
157.413406 -92.6210022 4.8744998
157.481598 -92.6167984 5.03270006
157.538193 -92.6127014 5.29090023
157.50148 -92.5227203 0.246024996
157.438797 -92.5843964 2.56850004
157.453064 -92.504303 2.6940999
157.451996 -92.4913025 2.92030001
157.433899 -92.4972 3.08424997
157.470123 -92.5246201 4.1257
157.458801 -92.5061493 4.27780008
157.445755 -92.5230484 4.70195007
157.464325 -92.3230972 0.277133316
157.429703 -92.3714981 2.89980006
157.448639 -92.2330017 3.19420004
157.405701 -92.3252029 4.11810017
157.425995 -92.257103 4.2743001
157.440399 -92.2125015 4.55170012
157.422104 -92.0763016 0.167400002
157.465485 -92.1085739 0.294324994
157.439407 -92.0008011 0.518899977
157.481659 -92.1495972 3.10400009
157.419693 -92.1570969 4.3361001
157.477707 -92.166748 4.45359993
157.582596 -91.9765015 0.377999991
157.445496 -91.9266968 0.465999991
157.580704 -91.8555984 2.35409999
157.472397 -91.8277969 3.04789996
157.507202 -91.9291992 3.25629997
157.558411 -91.8676453 3.95624995
157.592804 -91.8158035 4.02799988
157.473846 -91.6524506 -0.159799993
157.599594 -91.600502 2.38240004
157.482452 -91.7695465 2.55780005
157.456604 -91.7179565 2.76415014
157.4133 -91.7761002 3.09730005
157.534393 -91.6555023 3.37549996
157.489594 -91.7194977 3.75379992
157.455597 -91.6752472 4.11299992
157.402405 -91.7714996 5.15280008
157.440994 -91.4814987 -0.227599993
157.498413 -91.5383453 2.68855
157.503845 -91.4522476 2.81559992
157.515106 -91.2565002 2.80189991
157.4552 -91.3188019 3.00699997
157.570801 -91.3844986 6.7329998
157.422607 -91.3753967 6.89720011
157.436401 -91.0133972 1.70589995
157.573105 -91.1019974 2.66689992
157.5513 -91.0307007 2.91950011
157.488297 -91.0706024 3.10630012
157.422501 -91.0923004 3.28679991
157.520294 -91.0130997 3.6243999
157.50885 -91.0497513 5.96465015
157.594498 -91.1231003 6.73780012
157.451508 -90.971199 1.92620003
157.417801 -90.9369354 2.30559993
157.477905 -90.8570023 2.42260003
157.488098 -90.8187027 2.88724995
157.568207 -90.8123016 3.05909991
157.560394 -90.9366989 4.62970018
157.400101 -90.9244995 5.96439981
157.485001 -90.9369965 6.71280003
157.4608 -90.8315964 7.35109997
157.552002 -90.8887024 7.81850004
157.485855 -90.8427505 8.23165035
157.447205 -90.7155991 2.85170007
157.452698 -90.6701965 3.05150008
157.429596 -90.7602997 3.5631001
157.506592 -90.6938019 4.72370005
157.472107 -90.7176971 7.02460003
157.581299 -90.6572037 7.38579988
157.558807 -90.6220016 7.46689987
157.539505 -90.7055969 7.65819979
157.419601 -90.6874008 8.2038002
157.422195 -90.7095032 8.43910027
157.588806 -90.4848022 -0.204600006
157.526901 -90.4776459 2.70064998
157.406403 -90.5 2.92650008
157.419998 -90.4787979 3.5948
157.479202 -90.4985962 7.06869984
157.440598 -90.3956985 3.2809999
157.472702 -90.3488998 3.60100007
157.534103 -90.3612976 4.62400007
157.509201 -90.0100021 -0.226199999
157.511993 -90.1287003 2.73259997
157.496201 -90.1725998 3.26959991
157.414505 -89.8822021 0.0357000008
157.592102 -89.9666977 2.39660001
157.460999 -89.6996994 2.66580009
157.585205 -88.8199997 2.15269995
157.445694 -88.9199982 2.42149997
157.424103 -88.9363022 2.7032001
157.482697 -88.8621979 2.86030006
157.471207 -88.9338989 3.00559998
157.517105 -88.719101 2.04299998
157.5923 -88.6034012 2.67009997
157.403 -88.4315033 2.19779992
157.507904 -88.2775497 1.70790005
157.595703 -88.3723984 1.80690002
157.520248 -88.2918549 2.08305001
157.579102 -88.3382034 2.20239997
157.507294 -88.0205002 2.35560012
157.460693 -87.6038971 1.58800006
157.526093 -87.7581024 1.72870004
157.548645 -87.7124481 1.87045002
157.539673 -87.517334 1.32440007
157.466797 -87.5022964 1.43570006
157.436493 -87.4840012 1.78100002
157.481796 -87.3755035 1.83309996
157.412506 -86.7231979 1.45150006
157.433105 -86.5531006 1.34000003
157.546005 -84.5417023 2.21409988
157.521301 -83.3495026 0.361999989
157.596298 -82.8495026 -0.178200006
157.540894 -82.0891037 -0.378100008
157.566498 -82.0547028 -0.147799999
157.518906 -82.0262985 0.278499991
157.671753 -99.8835449 -0.0361000001
157.799393 -99.5039978 -0.0167999994
157.678406 -99.5765991 0.0285999998
157.687103 -99.2370987 -0.0299999993
157.712997 -98.9609985 -0.0142000001
157.705399 -98.634903 -0.0239000004
157.775894 -98.4248962 -0.0465000011
157.707504 -98.2207031 -0.023
157.788803 -97.876503 -0.0434999987
157.724503 -97.5177994 -0.0383000001
157.668945 -97.3030014 -0.0521000028
157.74881 -96.6975021 -0.0672999993
157.753098 -96.539299 -0.0817999989
157.602203 -96.1062012 -0.0725999996
157.743805 -95.5725021 -0.0881000012
157.667908 -95.2660522 -0.0913500041
157.667099 -95.186203 0.00240000011
157.696564 -94.909668 -0.10013333
157.799606 -94.7427979 -0.108599998
157.69101 -93.7584991 -0.164799988
157.712906 -93.4438019 4.36140013
157.673096 -93.2595978 4.3434
157.728333 -93.3085632 4.46560001
157.677795 -93.0535431 0.373600006
157.699234 -93.1137695 0.550099969
157.691864 -93.1363678 4.30070019
157.607407 -93.0652008 4.88199997
157.6577 -92.952301 -0.125200003
157.780502 -92.8040009 1.90980005
157.613403 -92.8330994 4.27589989
157.7547 -92.9229965 4.49450016
157.745605 -92.6896515 1.96959996
157.774292 -92.6254501 2.06739998
157.776001 -92.6179962 4.25839996
157.780807 -92.5074005 2.08960009
157.698898 -92.5964966 4.23960018
157.687103 -92.2440033 -0.131300002
157.635696 -92.2016983 4.4302001
157.657196 -92.1174011 3.01020002
157.779007 -92.0072021 4.00860023
157.644897 -91.9689026 0.455500007
157.751297 -91.8498001 3.77839994
157.694061 -91.9150543 3.93044996
157.635803 -91.9063492 4.08984995
157.700943 -91.6878204 2.50309992
157.694397 -91.7289352 3.90036678
157.730194 -91.7780991 4.01130009
157.706436 -91.4965363 2.54309988
157.736755 -91.4800644 2.6590333
157.734802 -91.4915009 2.9763
157.660004 -91.4315033 3.04959989
157.7724 -91.4964981 6.56699991
157.761292 -91.4577026 6.63215017
157.712051 -91.3133011 2.54785013
157.654663 -91.2550354 2.68160009
157.666 -91.3553009 2.83870006
157.631165 -91.3068542 3.0395
157.690903 -91.2975464 6.52874994
157.69812 -91.1108551 2.73449993
157.617004 -91.0494003 3.09649992
157.726395 -91.0755997 3.68770003
157.759293 -91.0186005 3.82590008
157.728302 -91.1274033 7.76469994
157.665298 -91.0466995 8.10745049
157.638794 -91.0868988 8.23579979
157.782196 -90.9421005 2.69359994
157.666504 -90.8518524 2.85125017
157.612 -90.8506012 3.63490009
157.601501 -90.827301 6.34929991
157.756699 -90.9589996 7.75610018
157.758698 -90.9473038 8.15880013
157.781296 -90.6078033 2.21490002
157.780304 -90.6278992 2.73699999
157.693802 -90.6119003 3.42400002
157.696899 -90.6214981 3.60109997
157.739502 -90.6362 4.62879992
157.747406 -90.6605682 7.15673351
157.7742 -90.615303 7.30730009
157.705399 -90.7454987 7.4842
157.613007 -90.7983017 7.61429977
157.618103 -90.770401 7.93249989
157.779602 -90.5948029 2.1500001
157.719894 -90.5080032 2.2111001
157.710907 -90.5943985 2.56489992
157.641296 -90.5147018 2.66969991
157.752701 -90.5165024 3.27399993
157.633606 -90.4279022 3.49130011
157.629807 -90.5894012 7.33729982
157.729797 -90.3003998 -0.199300006
157.662201 -90.2413025 2.6558001
157.690094 -90.2977982 3.19180012
157.691101 -90.3195343 3.34459996
157.72699 -90.1520996 2.04339981
157.724503 -90.0261993 2.29719996
157.701202 -90.0764999 2.64599991
157.747192 -90.081398 5.95620012
157.622101 -89.8488998 5.74679995
157.660599 -89.3622971 2.88019991
157.604401 -89.3935013 3.02729988
157.679092 -89.0177002 2.19980001
157.673492 -89.0819016 2.33949995
157.626007 -89.1191025 2.41739988
157.705658 -88.9207001 1.75519991
157.753143 -88.9147263 1.9056499
157.798904 -88.8267975 2.0947001
157.70723 -88.8927689 2.23346663
157.694397 -88.8016968 2.87610006
157.6698 -88.7931976 1.99129999
157.776993 -88.7965012 2.19029999
157.645996 -88.7590027 2.78329992
157.723465 -88.447464 1.66079998
157.718353 -88.4314499 1.82964993
157.715134 -88.3156967 1.52083337
157.668777 -88.3333817 1.68058002
157.783401 -88.3651962 2.023
157.706802 -88.1004486 1.89649999
157.632095 -87.6756973 1.47640002
157.730347 -87.7434006 1.69020009
157.716095 -87.0849533 -0.3125
157.651901 -86.9996033 2.70619988
157.694595 -86.2285004 -0.297800004
157.783905 -86.3770981 -0.137600005
157.720398 -85.0279999 -0.329699993
157.683411 -84.8690491 0.0501499996
157.703506 -84.7837982 -0.26789999
157.689301 -84.7460022 -0.171399996
157.774353 -84.6630478 2.03105021
157.629028 -84.6599655 2.2614665
157.7435 -84.6322021 3.18540001
157.790207 -84.4888 1.82819998
157.617096 -84.5146027 2.16339993
157.611298 -84.5527496 2.42394996
157.752106 -83.957901 3.273
157.773895 -83.3116989 0.398400009
157.608704 -82.9793015 -0.2095
157.753601 -82.8367996 0.145699993
157.719696 -82.7405014 -0.0291000009
157.647491 -82.0751495 0.146750003
157.664993 -82.1575012 0.284799993
157.987595 -99.7929001 -0.0289999992
157.9189 -99.4278564 -0.0226499997
157.860794 -99.2928009 -0.0188999996
157.908295 -99.1784973 0.0142000001
157.977295 -98.9391022 -0.0183000006
157.949707 -98.6910477 -0.0256499983
157.975403 -98.4792023 -0.0458000004
157.93396 -98.2740021 -0.0343500003
157.942474 -97.5329361 -0.0434999987
157.811707 -97.0292969 -0.0471000001
157.921967 -96.930336 -0.0775666684
157.897995 -96.7789993 0.00170000002
157.991196 -96.5709991 -0.0653999969
157.936005 -96.3756027 -0.060200002
157.912094 -96.0511017 -0.0703999996
157.985001 -95.9574432 -0.070600003
157.831894 -95.9848022 0.0502999984
157.831497 -95.7226028 -0.0722000003
157.801697 -95.0634995 -0.0408999994
157.886444 -94.6788025 -0.122099996
157.865494 -94.4469986 -0.1228
157.857697 -93.879097 -0.102600001
157.843094 -93.7493973 4.45300007
157.807098 -93.4266968 4.08349991
157.866547 -93.5771484 4.3032999
157.855896 -93.5297775 4.4604001
157.845795 -93.2687378 3.9532001
157.817642 -93.2638321 4.07840014
157.867157 -93.2906952 4.47830009
157.912003 -93.0715027 0.475833356
157.931747 -93.1844025 4.13135004
157.934097 -93.0947495 4.30220032
157.958557 -93.0922546 4.56970024
157.974792 -92.8321991 -0.140200004
157.932999 -92.8673019 0.72240001
157.856705 -92.8164978 1.98510003
157.903076 -92.9112701 4.31547499
157.800003 -92.7129974 -0.186399996
157.847595 -92.6116028 1.96229994
157.8358 -92.7011032 2.03539991
157.915741 -92.6283493 2.26329994
157.979797 -92.7575989 4.22720003
157.911636 -92.4410019 2.30519986
157.809799 -92.485199 4.1729002
157.893402 -92.4973984 4.3375001
157.909454 -92.2308502 2.36500001
157.904449 -92.0796967 0.432150006
157.807999 -92.0804977 2.30150008
157.93306 -92.0960007 2.50496674
157.822006 -92.0526962 2.73510003
157.863495 -92.0109024 2.84890008
157.912094 -91.9208527 2.4925499
157.980896 -91.9876022 2.61599994
157.837402 -91.9838028 2.81739998
157.913849 -91.9502487 4.06589985
157.888855 -91.686203 2.53049994
157.888306 -91.6555023 2.9842
157.89006 -91.7284698 3.09383321
157.855499 -91.6736526 4.07934999
157.866806 -91.7442017 6.30000019
157.930695 -91.5589981 2.58060002
157.836746 -91.5839539 2.65785003
157.825302 -91.5204468 2.83739996
157.8311 -91.5347977 3.11549997
157.817902 -91.4179001 3.23920012
157.800507 -91.2584 2.55369997
157.927002 -91.2988968 3.7658
157.867996 -91.2341003 3.88579988
157.944901 -91.2398987 6.10370016
157.983002 -91.2481995 7.67479992
157.973495 -91.0154495 2.57660007
157.809006 -91.0572968 2.73920012
157.87915 -91.0366974 3.6947999
157.915451 -91.0554504 6.00465012
157.830994 -91.0914001 7.74840021
157.921661 -90.9694977 2.58185005
157.831696 -90.9897995 2.60529995
157.964203 -90.825798 7.75640011
157.873596 -90.6552963 2.59089994
157.886795 -90.6393967 2.7420001
157.9711 -90.7801971 3.12669992
157.957993 -90.6112976 3.39779997
157.925003 -90.728302 6.89620018
157.944107 -90.7268982 7.29680014
157.925995 -90.5932007 2.07909989
157.868149 -90.5050964 2.29535007
157.9142 -90.5951004 2.63930011
157.965698 -90.4319992 3.37170005
157.988007 -90.5539017 5.6486001
157.961807 -90.5874023 6.69750023
157.806305 -90.2722015 1.97730005
157.932297 -90.3887024 2.38080001
157.913696 -90.2490005 2.62700009
157.917496 -90.0227966 2.22860003
157.864899 -89.8824997 6.6947999
157.908096 -89.8516006 7.10090017
157.92276 -89.7426682 1.91180003
157.940338 -89.6625519 2.25909996
157.910995 -89.7520981 7.55880022
157.8629 -89.3732986 5.8270998
157.925903 -89.3264999 6.2189002
157.832733 -89.0283661 1.6863333
157.894196 -88.9810028 1.67190003
157.863174 -88.8964462 1.9296
157.864807 -88.885498 2.13395
157.987503 -88.9307022 2.47070003
157.910507 -88.7166977 1.77349997
157.875 -88.7680969 1.95790005
157.939545 -88.4532013 1.47180009
157.856598 -87.7883987 1.69910002
157.854904 -87.2871017 -0.339899987
157.920013 -86.4982986 -0.274349988
157.840195 -86.464798 2.17700005
157.954102 -86.0577011 -0.254900008
157.859695 -85.447197 0.107699998
157.870941 -84.8372498 2.1564002
157.995407 -84.8162994 2.74230003
157.965607 -84.8080978 2.86109996
157.869904 -84.760498 1.98090005
157.838303 -84.7320023 2.0460999
157.941498 -84.7319031 2.82660007
157.909805 -84.7050018 3.00710011
157.926147 -84.5041504 1.89230001
157.854706 -84.4914322 2.08216667
157.888702 -84.5382996 2.94289994
157.800293 -84.0006027 2.87809992
157.810196 -83.1216965 0.253199995
157.8629 -82.9022522 -0.0980000049
157.926193 -82.9728012 0.1149
157.818207 -82.4063034 0.0262000002
157.824905 -82.1576996 -0.0610999987
157.848907 -82.1451035 0.0447999984
158.190201 -99.8572998 -0.023
158.121994 -99.7677994 -0.0294000003
158.11113 -98.894928 -0.0223249998
158.077301 -98.7602997 -0.00939999986
158.062897 -98.3901978 -0.0186999999
158.172501 -98.0731964 -0.0502999984
158.132553 -97.6365509 -0.0394000001
158.078705 -97.2982025 -0.0252999999
158.137299 -96.874649 -0.0963999927
158.137604 -95.9649963 -0.075000003
158.115906 -95.2537003 -0.0798999965
158.026703 -94.6155014 -0.0467000008
158.056946 -94.503952 -0.106199995
158.109497 -94.1733017 -0.132400006
158.078293 -93.9260025 -0.147
158.140503 -93.6604996 -0.0917000026
158.063995 -93.4815979 -0.144500002
158.039505 -93.4266968 4.56349993
158.127914 -93.4719009 4.67036009
158.038101 -93.2272034 4.49049997
158.150803 -93.3242035 4.62020016
158.051697 -93.0854034 0.542649984
158.134033 -93.1653671 0.692933321
158.063095 -93.0613327 4.24956656
158.045303 -92.9788971 -0.155699998
158.171402 -92.95755 0.672950029
158.179993 -92.8070984 4.03490019
158.179993 -92.6791992 0.549099982
158.043793 -92.6876984 2.24469995
158.190994 -92.7193985 4.06519985
158.039505 -92.7845993 4.61490011
158.090607 -92.4866943 2.32969999
158.106903 -92.5379028 4.15719986
158.150894 -92.2432022 0.550999999
158.174896 -92.3418503 0.670549989
158.112701 -92.2798004 2.57060003
158.152603 -92.2172012 2.80979991
158.073059 -92.0465164 0.505500019
158.168488 -92.1440506 0.675400019
158.053299 -92.1098022 2.57920003
158.12323 -92.0932693 2.72720003
158.153671 -92.1175308 2.86430001
158.108505 -92.0948029 3.73749995
158.160049 -92.1464996 3.87879992
158.096695 -92.0077972 4.00640011
158.084747 -92.1047974 4.26744986
158.154404 -91.8582001 0.7148
158.080795 -91.8741989 2.47830009
158.008408 -91.8817978 2.61400008
158.015045 -91.9242554 3.0763998
158.130798 -91.8631668 3.25079989
158.100998 -91.9945984 3.88470006
158.176804 -91.9363022 4.29759979
158.175095 -91.7260971 2.50200009
158.019501 -91.7399979 3.18239999
158.114105 -91.7638016 3.2809999
158.190994 -91.6072006 3.44790006
158.007202 -91.6258011 4.04400015
158.178894 -91.6697998 6.13490009
158.197998 -91.6893005 6.44700003
158.065796 -91.4805984 2.50530005
158.119797 -91.4938965 3.01489997
158.1017 -91.561203 3.79900002
158.098404 -91.4677963 3.93610001
158.150696 -91.5672302 6.44110012
158.0495 -91.5102005 6.67320013
158.039597 -91.2870026 2.52559996
158.198303 -91.274498 3.75679994
158.028702 -91.2419968 6.17840004
158.118958 -91.3789368 6.28836679
158.178894 -91.1511993 -0.167799994
158.194794 -91.1536026 2.13829994
158.144806 -91.0360031 2.3736999
158.018402 -91.0274963 2.49550009
158.176193 -91.0776978 5.94119978
158.107239 -91.1461945 6.04535007
158.097046 -90.9091034 2.35520005
158.031708 -90.9692993 2.43495011
158.022705 -90.9661026 2.66779995
158.146194 -90.8751984 5.94339991
158.154007 -90.9104996 7.1427002
158.028702 -90.8858032 7.83090019
158.058502 -90.6748962 1.91499996
158.112152 -90.6841431 2.38494992
158.003693 -90.6584015 2.47650003
158.063995 -90.643898 2.86109996
158.005798 -90.6399002 3.1566999
158.0952 -90.7120972 3.21690011
158.060196 -90.7189026 5.84520006
158.09137 -90.7006989 6.76236677
158.193893 -90.6034012 7.57770014
158.134201 -90.6520538 7.66127491
158.109604 -90.540802 2.35339999
158.096603 -90.5544968 2.41490006
158.074905 -90.5442963 5.77199984
158.199905 -90.4792023 6.03060007
158.025497 -90.4754028 6.25589991
158.050598 -90.5507965 6.71190023
158.0793 -90.4916992 6.91330004
158.110992 -90.4580994 7.25810003
158.086502 -90.5639038 7.44390011
158.117798 -90.3190002 2.35479999
158.149002 -90.2684021 2.45359993
158.027298 -90.365097 6.49679995
158.002808 -90.3126984 6.69740009
158.019196 -90.1120987 -0.122900002
158.117401 -90.084198 2.11229992
158.025391 -90.1846008 2.24594998
158.170898 -90.1529007 5.90409994
158.184204 -89.9360962 1.98580003
158.056564 -89.7330322 1.68103337
158.192001 -89.6320038 2.09689999
158.058365 -89.5307312 1.89726663
158.142242 -89.4181519 2.05975008
158.090195 -89.2146988 -0.204300001
158.042099 -89.2490997 6.09880018
158.150208 -89.1762009 2.03710008
158.0979 -89.0090027 2.25769997
158.150803 -88.6436996 2.65790009
158.073196 -88.4465027 1.3585
158.062393 -87.9340973 -0.236000001
158.118698 -87.9341965 1.87360001
158.117096 -85.0168991 2.91589999
158.056854 -85.104248 3.01875019
158.012695 -84.9229965 0.219699994
158.151154 -84.8984985 1.97994995
158.039093 -84.9561005 3.02880001
158.037964 -84.6638031 1.92674994
158.091904 -84.7748489 2.09840012
158.068802 -84.7221985 2.57550001
158.001907 -84.7565002 3.19390011
158.150208 -84.4131012 1.73140001
158.166 -84.5177994 1.8003
158.117706 -84.223053 2.72315001
158.001404 -84.343399 2.83669996
158.177002 -84.1296997 2.30410004
158.137497 -83.0586014 0.101199999
158.045105 -82.9997025 0.151500002
158.315399 -99.9404984 -0.0309999995
158.228806 -99.9005966 0.00600000005
158.218903 -99.6865005 -0.0212999992
158.2715 -99.5431976 -0.0394000001
158.343704 -99.0598984 -0.0201999992
158.3367 -98.4743958 -0.0256999992
158.251694 -98.3296967 -0.0540999994
158.278198 -98.1985016 -0.0551999994
158.25116 -97.8785706 -0.0440999977
158.388596 -97.3948975 -0.0445999987
158.332748 -97.128006 -0.0666500032
158.381149 -96.4725494 -0.0516000018
158.302643 -96.023201 -0.0815000013
158.284805 -93.4702988 4.78359985
158.204498 -93.2093964 0.611000001
158.23645 -93.2346039 4.07410002
158.324493 -93.0624008 -0.189700007
158.285904 -93.161499 3.95740008
158.2099 -93.035202 4.54960012
158.367004 -92.9649963 0.527150035
158.251465 -92.8814316 0.735666692
158.283096 -92.6280975 0.68870002
158.2108 -92.6087036 2.45740008
158.238098 -92.725502 3.81879997
158.263092 -92.65905 4.17250013
158.208099 -92.7916031 4.2823
158.204605 -92.4886017 0.765399992
158.314041 -92.5325394 2.30408001
158.202896 -92.5493011 2.56609988
158.209396 -92.4971008 2.70659995
158.330994 -92.5123978 3.52920008
158.344803 -92.4886017 4.1157999
158.218506 -92.4578018 4.3210001
158.325302 -92.2774963 2.80150008
158.341507 -92.2854996 3.00690007
158.374207 -92.2919006 3.57389998
158.291504 -92.2287979 3.73510003
158.212204 -92.0378036 0.483700007
158.215195 -92.0865021 0.762499988
158.314896 -92.1149979 2.39229989
158.313904 -92.1837997 2.40499997
158.381393 -92.012001 2.67910004
158.302902 -92.1554565 2.84644985
158.337006 -92.0393982 3.07909989
158.207001 -92.1759033 3.43600011
158.255737 -92.1810455 3.7052002
158.264999 -92.0075989 4.30810022
158.271805 -91.9981003 0.443100005
158.295044 -91.8840027 2.4835999
158.379303 -91.9688034 2.78520012
158.244507 -91.8889008 2.94619989
158.272552 -91.8723984 3.09529996
158.272903 -91.9423981 4.32999992
158.3302 -91.6853027 2.35255003
158.295395 -91.7556 2.50889993
158.235397 -91.6095963 3.15400004
158.240494 -91.6258011 3.62459993
158.297302 -91.5433655 2.43849993
158.3974 -91.5582962 3.38540006
158.280396 -91.5268021 3.63070011
158.380005 -91.5509033 3.90949988
158.235107 -91.4356995 6.18900013
158.220901 -91.5671005 6.31519985
158.303955 -91.5278015 6.40840006
158.212296 -91.2097015 3.83509994
158.385895 -91.2332001 6.14580011
158.270798 -91.3619003 6.26530027
158.321701 -91.2767487 7.35249996
158.333099 -91.2967987 7.44290018
158.265533 -91.0885239 2.13417482
158.241943 -91.1001511 2.30135012
158.296494 -91.1651001 3.65869999
158.34256 -91.1484985 5.95534992
158.210205 -91.0227966 7.28179979
158.3293 -90.9972992 -0.155699998
158.279999 -90.8371506 2.26719999
158.318405 -90.9990005 5.8828001
158.241791 -90.8887482 7.13335037
158.234604 -90.8667984 7.25400019
158.290405 -90.7299957 2.24070001
158.207901 -90.6555023 5.61450005
158.234497 -90.6874008 6.88899994
158.3125 -90.6274033 7.35489988
158.222504 -90.7088013 7.73035002
158.314102 -90.6540985 8.05790043
158.370407 -90.5287018 2.54310012
158.301407 -90.5061035 5.52209997
158.248596 -90.509697 6.81920004
158.2435 -90.5658035 7.19799995
158.382095 -90.2321014 1.93959999
158.360336 -90.2975616 2.10896659
158.306961 -90.3262634 2.2482667
158.396606 -90.2830963 6.85099983
158.3508 -90.0606537 1.96220005
158.297348 -90.1103516 5.99039984
158.262695 -89.9206009 1.98029995
158.242004 -89.9988022 2.02769995
158.332794 -89.5130005 -0.202399999
158.239304 -89.4898987 1.77509999
158.325348 -89.4195023 1.81769991
158.201202 -89.4709015 2.0388999
158.202606 -89.3330002 1.95290005
158.278 -89.2518997 2.24460006
158.258408 -89.0214996 2.2262001
158.372299 -88.7058029 2.1027
158.321701 -88.2814026 -0.251700014
158.209305 -87.8774033 1.74979997
158.267807 -87.2365036 -0.304899991
158.392303 -85.6095963 3.13989997
158.316101 -85.2404022 1.94679999
158.360504 -85.2490997 2.9460001
158.329193 -85.0791016 2.79069996
158.287292 -85.1023483 2.86555004
158.255295 -84.8401031 1.88240004
158.228851 -84.9556503 2.08440018
158.263901 -84.8467026 2.8039999
158.367004 -84.8283997 3.2650001
158.327499 -84.7694016 1.82360005
158.230392 -84.4358978 1.57229996
158.254562 -84.4791718 1.7299
158.284805 -84.4259033 2.52719998
158.2565 -84.5535965 3.95469999
158.375107 -84.3338013 2.69989991
158.253906 -84.3879013 3.96239996
158.258804 -84.1864014 2.33439994
158.218201 -82.9020004 0.064199999
158.483795 -99.8868027 -0.0194000006
158.449997 -99.7480011 -0.0447000004
158.556793 -99.4095993 -0.0109999999
158.511566 -99.3141632 -0.0218666662
158.411606 -99.2994003 0.0013
158.426697 -99.0124969 -0.00850000046
158.410599 -98.8336029 -0.0335999988
158.432907 -98.2584 -0.0498000011
158.597702 -97.8552017 -0.0494000018
158.489288 -97.7140503 -0.0317000002
158.575394 -97.0031967 -0.0763000026
158.556107 -96.8800964 -0.0628999993
158.447601 -96.5703964 -0.0749000013
158.512802 -96.3162003 -0.0833000019
158.480194 -95.9124985 -0.0807500035
158.501266 -95.7128677 -0.0777999982
158.414597 -94.7991028 -0.1131
158.417404 -94.4576035 -0.131600007
158.446198 -94.0628967 -0.0782999992
158.42305 -93.7244568 -0.118599996
158.567596 -93.2240982 0.595099986
158.471893 -93.2098999 0.645600021
158.563904 -93.1858978 0.559000015
158.592804 -92.8123016 -0.128000006
158.520203 -92.4202499 2.25865006
158.491104 -92.4847031 2.79279995
158.500595 -92.5447998 2.94160008
158.480408 -92.4934692 3.97906661
158.423004 -92.5180969 4.18760014
158.483505 -92.396698 2.12660003
158.574997 -92.2248001 2.29369998
158.447495 -92.3634033 2.5934
158.447495 -92.3672028 2.64865017
158.434433 -92.3439026 2.86660004
158.475159 -92.3208008 3.52834988
158.551605 -92.0211945 0.43204999
158.492294 -92.1660004 2.77215004
158.498199 -92.1704025 2.87389994
158.461899 -91.9777985 0.423900008
158.581406 -91.8002014 2.35220003
158.500702 -91.8716965 2.44939995
158.437897 -91.8500977 4.16400003
158.491394 -91.6681519 2.35435009
158.447205 -91.6305008 3.57870007
158.520004 -91.6091003 6.22559977
158.453461 -91.5665512 2.34975004
158.485504 -91.5635986 3.58279991
158.459 -91.582901 3.76670003
158.584793 -91.4125977 3.9138
158.419907 -91.5522003 4.05439997
158.590607 -91.4985962 4.21070004
158.513947 -91.4955521 6.24965
158.598907 -91.2303009 -0.305200011
158.470306 -91.3226013 3.58220005
158.499298 -91.2765961 3.7351501
158.581894 -91.3836975 5.85419989
158.446747 -91.2581482 6.06734991
158.486496 -91.3451996 6.27790022
158.412704 -91.235199 7.18949986
158.528473 -91.1003647 3.12663341
158.426895 -91.0473022 5.89459991
158.516541 -90.8552017 2.0576334
158.437195 -90.9232025 3.21550012
158.464508 -90.8823471 6.76914978
158.402802 -90.6631012 -0.267800003
158.478806 -90.4606018 -0.204899997
158.414764 -90.4587479 2.11914992
158.401993 -90.5357971 2.23639989
158.430801 -90.4641495 7.26235008
158.530853 -90.3359985 1.76740003
158.54657 -90.3159637 1.88339996
158.427307 -90.3284988 2.13400006
158.424393 -90.3548965 6.72959995
158.533142 -90.1159515 1.74979997
158.457397 -90.1729965 1.82350004
158.599899 -90.1069031 6.921
158.421295 -89.9649963 1.88810003
158.533493 -89.4037018 2.31599998
158.4048 -89.2912979 1.78139997
158.507904 -89.2509995 2.36430001
158.5047 -88.8845978 1.98930001
158.417694 -88.8664017 2.04340005
158.479202 -88.9355011 2.37479997
158.453751 -88.7619019 1.93085003
158.472397 -88.7047501 2.10290003
158.44516 -88.4472046 1.83430004
158.599503 -88.4832993 4.67670012
158.454895 -88.3918991 2.15380001
158.497803 -88.3835983 2.24600005
158.561005 -87.6159973 1.93690002
158.479095 -87.649498 2.0013001
158.566193 -87.5651016 1.75520003
158.494202 -87.4710007 1.91779995
158.587402 -87.5134964 4.24569988
158.403595 -86.523201 -0.125599995
158.506699 -86.2347031 -0.277799994
158.462494 -85.8239975 0.160899997
158.558594 -85.6817017 -0.0965500027
158.432999 -85.7148972 0.133699998
158.475494 -85.4079971 3.23320007
158.429199 -85.3607025 2.3592
158.465652 -85.3607025 3.06075001
158.555603 -85.1205978 1.67700005
158.460693 -85.1607971 1.99600005
158.449905 -85.1957016 2.0158
158.518097 -85.1315002 2.28239989
158.414398 -84.879097 1.72119999
158.523605 -84.8992996 1.90245008
158.444504 -84.9450073 2.05894995
158.448242 -84.8925476 2.70845008
158.416199 -84.8379974 3.88980007
158.593796 -84.7485962 -0.131999999
158.5336 -84.7174988 0.191499993
158.543747 -84.7124023 0.333500028
158.527313 -84.6970978 1.66497493
158.438004 -84.6185989 2.63150001
158.548706 -84.6593018 2.92720008
158.469498 -84.7133484 3.52594995
158.406601 -84.5381012 1.58749998
158.462997 -84.5650024 2.35100007
158.571899 -84.1679001 -0.214699998
158.535706 -84.0948029 1.81729996
158.595795 -83.3022995 0.567700028
158.4832 -82.0437012 0.327499986
158.7034 -99.6171036 -0.0221999995
158.681152 -99.3050995 -0.0037
158.713013 -99.0514984 -0.0225000009
158.733856 -98.8421021 -0.0218500011
158.653793 -98.6826019 -0.0243999995
158.648697 -98.2520981 -0.0344999991
158.712051 -98.0692749 -0.02795
158.628006 -97.9849014 -0.0395000018
158.7603 -97.7804031 -0.0355999991
158.628906 -97.2257004 -0.0430000015
158.673599 -97.1344986 -0.0313999988
158.792099 -96.603302 -0.0680000037
158.752899 -96.3298035 -0.0606000014
158.724503 -96.1010971 -0.142100006
158.769302 -95.6518021 -0.120499998
158.661194 -95.2491989 -0.116400003
158.662399 -94.6399994 0.0496999994
158.781494 -93.8985977 -0.136199996
158.754593 -93.2238007 0.592599988
158.6073 -93.0139999 0.438300014
158.662003 -93.0716019 0.6796
158.608063 -92.9822998 0.45965001
158.714203 -92.6424026 -0.179299995
158.718796 -92.4875031 -0.233099997
158.723206 -92.4873962 2.13325
158.681793 -92.4113464 2.2730999
158.601501 -92.4452972 3.38639998
158.613998 -92.3320007 -0.181500003
158.671646 -92.3062973 2.29990005
158.608307 -92.0362015 0.400099993
158.767395 -92.0028992 2.30890012
158.6082 -92.0494003 2.87010002
158.643707 -91.9298019 0.353899986
158.738693 -91.9276962 4.12120008
158.796906 -91.7820969 2.93379998
158.719208 -91.7140045 4.08654976
158.602798 -91.6419983 6.26329994
158.716797 -91.5250244 3.91382504
158.771301 -91.4853973 4.14820004
158.709305 -91.3960037 2.80609989
158.767105 -91.2109985 3.08330011
158.608307 -91.3636017 5.74539995
158.791306 -91.0133972 1.55850005
158.740097 -91.1772995 2.97670007
158.754501 -91.1953964 3.20169997
158.637299 -91.1889038 4.08300018
158.662201 -90.8871994 2.05349994
158.70459 -90.6714935 2.08859992
158.639053 -90.6674042 2.26935005
158.689148 -90.5376511 2.33270001
158.680603 -90.5061035 2.40400004
158.776001 -90.5290985 3.09929991
158.610901 -90.5641022 6.13740015
158.648895 -90.5837021 7.0868001
158.795898 -90.4499969 7.24709988
158.67804 -90.2929001 7.05900002
158.779602 -90.3228989 7.20580006
158.683105 -90.049202 1.78330004
158.663193 -90.1987 7.87510014
158.615906 -89.9797974 1.75010002
158.785095 -89.8422012 4.96950006
158.609604 -89.8912964 6.81610012
158.606201 -89.4543991 -0.235599995
158.694901 -89.2228012 -0.189600006
158.667496 -89.3271027 4.43499994
158.698456 -89.1865005 2.3140502
158.733398 -88.6399994 -0.2764
158.797806 -88.6337967 2.08879995
158.6129 -88.6315994 2.40689993
158.6008 -88.4045029 1.70350003
158.772095 -87.8936005 2.09980011
158.670807 -87.5355988 1.80550003
158.747299 -86.8603973 -0.2333
158.699905 -86.7753983 -0.211600006
158.751907 -86.4922028 4.16079998
158.676193 -85.8181 -0.0854000002
158.606201 -85.7328033 -0.0723500028
158.777496 -85.5783997 2.14540005
158.772507 -85.3360977 1.70679998
158.777405 -85.2069016 1.96749997
158.67865 -85.0429001 1.59165001
158.672607 -85.0835037 1.671
158.688095 -85.1948013 2.24429989
158.650696 -85.1023026 2.71760011
158.636902 -84.8722992 -0.181799993
158.771652 -84.859848 0.345499992
158.753693 -84.8547974 0.527700007
158.734741 -84.8981018 0.673750043
158.692154 -84.8416443 0.868300021
158.702972 -84.8831253 1.10177493
158.707428 -84.9358673 1.30783331
158.697815 -84.8868256 1.48679996
158.649796 -84.9377975 1.70120001
158.634201 -84.7947006 -0.0114000002
158.690399 -84.7523041 0.101449996
158.651093 -84.7577515 0.557350039
158.6604 -84.7996521 0.699599981
158.690155 -84.782402 1.2665
158.736298 -84.6455002 1.59510005
158.656998 -84.6384964 1.66250002
158.624695 -84.7994995 1.87119997
158.755402 -84.7263031 2.56360006
158.6763 -84.1934967 -0.179399997
158.747406 -83.0158005 0.173199996
158.637207 -83.0154037 0.352800012
158.613007 -82.9626999 0.356000006
158.952805 -99.9280014 -0.0197000001
158.806396 -99.6722031 -0.00480000023
158.865906 -99.2826996 -0.00039999999
158.845001 -98.4708023 -0.0401999988
158.871307 -97.8113022 -0.0617000014
158.871796 -97.7013016 -0.0389000028
158.900894 -97.1132965 -0.0643000007
158.930695 -96.2838516 -0.0842500031
158.88974 -95.8324432 -0.0901000053
158.958496 -95.5384979 -0.1017
158.820099 -95.2507019 -0.135800004
158.801697 -94.9016037 -0.0894000009
158.888855 -93.1567993 0.584300041
158.8862 -92.9086304 0.265333325
158.863022 -92.6778793 0.247600004
158.870209 -92.4729004 0.28184998
158.928802 -92.4027023 3.78430009
158.957138 -92.4874344 3.89916658
158.872803 -92.2836456 0.19659999
158.92247 -92.3106308 3.92666674
158.911194 -92.0005035 -0.0788000003
158.946594 -92.0925446 0.120300002
158.916687 -92.1174774 2.13213992
158.990707 -91.9335022 0.0219000001
158.817795 -91.8864975 0.395300001
158.848694 -91.9001999 2.47670007
158.988495 -91.9261017 4.22170019
158.895401 -91.7637024 -0.344399989
158.924438 -91.7198029 3.62619996
158.904999 -91.6633987 4.06869984
158.881897 -91.6893005 4.29339981
158.890839 -91.5273514 4.02435017
158.928299 -91.4533005 4.37160015
158.8582 -91.4896011 4.51450014
158.869202 -91.2749023 2.98449993
158.881104 -91.059494 1.52199996
158.970993 -91.1429977 3.26920009
158.852905 -90.9004974 1.77149999
158.910995 -90.8462982 1.90020001
158.987946 -90.7320023 1.73510003
158.932358 -90.7155991 1.90320003
158.877258 -90.7668686 2.07050014
158.955048 -90.4994049 1.83634996
158.961197 -90.2618027 -0.226799995
158.920502 -90.3608017 7.22840023
158.906693 -90.094902 -0.192900002
158.896606 -90.0590973 6.92649984
158.909103 -89.6052017 2.09010005
158.817596 -89.3871994 2.24119997
158.887695 -89.1456985 2.2046001
158.971603 -89.0566559 5.89070034
158.838303 -88.618103 2.12700009
158.835098 -88.413002 2.2894001
158.932007 -88.3962021 -0.284299999
158.955093 -88.3895035 2.13849998
158.856598 -87.8853989 2.00119996
158.890289 -87.4784546 1.97714996
158.946198 -87.2742996 1.80869997
158.925293 -87.3498001 2.00219989
158.969101 -87.0091019 -0.273699999
158.868103 -86.9417038 -0.2509
158.967697 -85.4206009 1.58990002
158.9552 -85.4338989 1.66129994
158.987396 -85.5803986 2.01329994
158.822495 -85.2841034 1.79149997
158.9534 -85.3930969 1.86989999
158.952698 -85.1437988 1.58080006
158.88475 -84.6914978 2.31830001
158.876602 -84.3949966 1.52139997
158.945694 -84.2975998 1.65330005
158.900299 -82.9299469 0.196150005
158.8508 -81.4623032 -0.450199991
159.042404 -99.822998 -0.0388999991
159.072449 -99.7682953 -0.0129500004
159.098495 -99.5022964 0.0231999997
159.079346 -99.1112976 -0.0328000002
159 -98.8759003 -0.0384000018
159.130753 -98.4284973 -0.034450002
159.155106 -98.0915985 -0.0305000003
159.190002 -98.1632004 0.0423000008
159.142349 -97.8740005 -0.0313500017
159.163101 -97.1418991 -0.122500002
159.031494 -96.4310989 -0.066399999
159.101105 -95.6199036 -0.110200003
159.176193 -95.4496002 -0.0921000019
159.099899 -95.226799 -0.0877000019
159.123199 -94.776001 -0.103500001
159.176697 -93.7891006 -0.132699996
159.189697 -93.5998001 -0.128900006
159.105194 -93.0352249 -0.0853499994
159.189301 -92.8482971 -0.207499996
159.032196 -92.9620514 0.344799995
159.152405 -92.9559021 0.510150015
159.077393 -92.2154007 2.0402
159.068237 -92.3484955 3.83050013
159.084793 -92.2245026 4.16820002
159.045105 -92.2124023 4.29839993
159.135803 -92.0281982 -0.114399999
159.016846 -92.0960541 0.15990001
159.079605 -92.035202 0.37439999
159.020004 -92.1294022 2.06229997
159.042297 -92.1220016 3.90759993
159.000702 -92.1529999 4.36789989
159.192093 -92.0430984 4.49249983
159.131302 -92.0347977 4.61490011
159.115494 -91.9494019 -0.202299997
159.084442 -91.9668503 -0.0421999991
159.053299 -91.9486008 0.1171
159.0522 -91.9530029 0.384200007
159.087738 -91.9338684 0.467466652
159.168701 -91.8554001 2.79970002
159.110199 -91.8639679 2.85720015
159.1633 -91.9229965 4.57200003
159.06601 -91.7287979 2.88409996
159.005707 -91.7360001 3.04250002
159.050903 -91.6477966 3.66269994
159.049301 -91.7452011 4.08979988
159.114029 -91.7262955 4.51840019
159.036652 -91.4830475 2.92762494
159.139206 -91.3139038 2.85700011
159.024094 -91.3553009 3.0875001
159.090103 -91.1929016 2.8664999
159.188797 -90.9391022 2.82010007
159.060104 -90.8364029 3.88330007
159.085495 -90.7798004 -0.181500003
159.0811 -90.737854 1.69204998
159.088562 -90.6881485 3.69215012
159.104401 -90.4562988 -0.2289
159.039795 -90.5876007 1.80649996
159.051697 -90.2390976 -0.280999988
159.071106 -90.2212982 4.93660021
159.014603 -90.1371994 6.8144002
159.018494 -89.7866974 5.57569981
159.080994 -89.2270966 3.33640003
159.131607 -89.1908035 2.14359999
159.039001 -89.1151505 2.23250008
159.022598 -89.1895981 3.31229997
159.128906 -88.9586029 2.14330006
159.016403 -88.4539032 -0.269300014
159.122803 -87.8583984 1.98230004
159.004303 -87.4100037 1.90199995
159.171097 -87.1847992 1.68710005
159.107193 -86.7462997 -0.230299994
159.180298 -85.6306 1.67390001
159.057693 -85.6915283 1.894225
159.117401 -85.5185699 1.67050004
159.042892 -85.5101013 1.80680001
159.121704 -85.3492966 1.62590003
159.136002 -84.9600983 2.15766668
159.064102 -84.9915009 2.22320008
159.092697 -83.0044022 -0.388399988
159.075699 -82.8844986 0.121600002
159.1754 -82.1088028 0.145999998
159.344696 -99.7025986 -0.00889999978
159.346603 -99.7598038 0.0137
159.248352 -99.322052 -0.039350003
159.227493 -98.6744995 -0.0399999991
159.234894 -98.6632004 0.00710000005
159.2117 -98.5655975 -0.0247000009
159.230606 -97.9001999 -0.0450999998
159.359695 -97.4024963 -0.0109000001
159.238663 -97.2639008 -0.0449666679
159.324997 -96.9120483 -0.0654499978
159.217606 -96.7498016 -0.0417000018
159.355194 -96.5149002 -0.0608500019
159.276596 -95.9830017 -0.100900002
159.220703 -95.790802 -0.0953999981
159.228897 -95.4776993 -0.110299997
159.337799 -95.3942032 -0.0936999992
159.297104 -94.9192963 -0.0797000006
159.367493 -93.8180008 -0.204799995
159.365005 -93.5009003 -0.137700006
159.242798 -93.0146027 -0.159299999
159.3414 -93.1939011 0.587800026
159.228104 -92.967598 -0.142299995
159.296097 -92.9007034 0.541599989
159.206894 -92.021698 2.8527
159.339539 -91.8407516 2.76274991
159.387299 -91.8246002 4.17880011
159.360596 -91.8182983 4.42600012
159.286896 -91.6468506 2.83960009
159.244293 -91.7832031 4.05849981
159.345505 -91.638298 4.29909992
159.33429 -91.7131958 4.46430016
159.348907 -91.5807037 4.41569996
159.375305 -91.5866013 4.73050022
159.251907 -91.3219986 2.79119992
159.215897 -91.0289001 4.10629988
159.358307 -90.8062973 3.67499995
159.2435 -90.8312988 3.86919999
159.225098 -90.6127014 3.62779999
159.207108 -90.2789993 6.95459986
159.207794 -90.3309021 7.24490023
159.257797 -90.0519028 5.32439995
159.2332 -90.0938034 6.10400009
159.220703 -90.0718994 6.20959997
159.242798 -89.9896011 6.13749981
159.335007 -89.4243011 1.9368
159.365906 -89.4125977 2.17319989
159.356995 -89.4909973 3.93840003
159.202301 -89.4676971 6.2045002
159.262497 -89.2983551 2.00419998
159.269302 -89.1260986 2.22090006
159.388306 -89.089798 6.17030001
159.346497 -88.8863983 2.01909995
159.215897 -88.5522003 3.32380009
159.385406 -87.5511017 1.97580004
159.307098 -87.5967026 2.10940003
159.321304 -86.1713028 -0.308499992
159.283295 -84.9076004 2.26970005
159.397507 -84.8769989 2.79380012
159.396194 -82.9589005 -0.328999996
159.224396 -82.2578964 -0.36500001
159.316101 -82.1503983 -0.0579000004
159.226593 -82.0623016 0.0364999995
159.596695 -99.8719025 -0.0115999999
159.510406 -99.6176987 -0.00999999978
159.497696 -99.7419968 0.0261000004
159.558853 -98.8733978 -0.030650001
159.471313 -98.7317047 -0.0591999963
159.481903 -98.4250031 -0.0366000012
159.501801 -98.0053024 -0.0309999995
159.545395 -97.9906006 -0.0856999978
159.536896 -97.6949005 -0.0573000014
159.464996 -97.5565033 -0.0816999972
159.452087 -97.2070007 -0.0584499985
159.596497 -96.8034973 -0.0342000015
159.420807 -96.3822021 -0.113300003
159.518997 -95.8497009 -0.0983000025
159.524139 -95.7551498 -0.110849999
159.440903 -95.5193024 -0.0922999978
159.467407 -94.969902 -0.121100001
159.513901 -93.9981003 -0.1461
159.477295 -93.2137985 0.551100016
159.430206 -93.1764984 0.612699986
159.5522 -92.9207001 -0.149800003
159.556 -92.6147995 0.537199974
159.564194 -92.2692032 2.77399993
159.524094 -92.0987015 0.533399999
159.463104 -92.1386032 2.75869989
159.578598 -92.0727005 4.78499985
159.575302 -92.021698 4.86229992
159.557602 -91.8787994 -0.175600007
159.511703 -91.9561996 0.497449994
159.535873 -91.9451981 2.85500002
159.557693 -91.9690018 4.69029999
159.400803 -91.9341965 4.84810019
159.559799 -91.7833023 4.39400005
159.472198 -91.7246017 4.48309994
159.477097 -91.6892014 4.97800016
159.460403 -91.3464966 2.60030007
159.439896 -91.3398972 4.02069998
159.4561 -91.175499 4.02839994
159.5298 -90.816803 3.42079997
159.482803 -90.8423996 3.82979989
159.463303 -90.6193008 -0.220300004
159.453094 -90.7522964 3.69519997
159.509399 -90.5866013 -0.187099993
159.553802 -90.2238007 5.6947999
159.5914 -90.1661987 5.61000013
159.469452 -89.6316986 3.94784999
159.505203 -89.7694016 5.29979992
159.460297 -89.2348938 1.89705002
159.434692 -89.2297974 2.04559994
159.595993 -89.3507996 2.92429996
159.424301 -89.1257019 -0.227400005
159.500107 -89.1656036 2.97900009
159.410995 -89.0472031 3.70939994
159.524902 -88.2105026 -0.289499998
159.541306 -88.3436966 4.54190016
159.524704 -87.444397 1.96780002
159.536896 -87.4197006 2.02029991
159.440002 -85.3556976 1.84630001
159.401794 -85.0453033 2.5230999
159.533203 -84.9518967 -0.216299996
159.555389 -84.9627991 -0.0829999968
159.507294 -84.9714966 2.58450007
159.545593 -82.9108963 -0.293000013
159.432297 -82.8943024 -0.165099993
159.587906 -82.973999 0.224199995
159.444595 -82.6064987 0.138600007
159.478394 -82.0195999 -0.113799997
159.749542 -99.8558044 -0.0438999981
159.613998 -99.7167969 -0.0130000003
159.744598 -99.5437012 -0.0220999997
159.615005 -99.5798035 0.0305000003
159.65863 -99.0587006 -0.0312666669
159.686996 -98.9819946 0.0494500026
159.758896 -98.6687012 -0.0368000008
159.660156 -98.5037994 -0.0390000008
159.708893 -98.3626022 -0.0353999995
159.768402 -97.5771027 -0.0353000015
159.695602 -97.3367004 -0.0408000015
159.715302 -96.0190964 -0.0645999983
159.693817 -94.8988037 -0.117075004
159.697296 -92.1046982 4.90339994
159.610901 -91.917099 -0.155699998
159.653763 -91.7256622 4.48309994
159.637299 -91.5783005 4.35580015
159.679794 -90.9781036 -0.228300005
159.775604 -90.4380035 4.9355998
159.734406 -90.3836975 5.81650019
159.651505 -90.1171036 5.66809988
159.785004 -89.8337021 2.97059989
159.786804 -89.7447968 3.85840011
159.789993 -89.6624985 4.00220013
159.658493 -89.5093002 3.05180001
159.636002 -89.2699966 3.88190007
159.653961 -89.038765 2.69316673
159.619705 -89.0649033 3.17079997
159.628998 -88.8057022 1.97590005
159.632202 -88.8943024 3.72210002
159.786697 -88.641098 5.19649982
159.713806 -86.4854965 -0.307799995
159.619202 -82.9971008 0.213699996
159.829498 -99.2427979 0.0148
159.884094 -99.0943985 -0.0281000007
159.833252 -98.8333511 -0.0303000007
159.892242 -98.0982513 -0.0423000008
159.840195 -97.8751984 -0.0612000003
159.910202 -94.8251038 -0.0778999999
159.961502 -94.1756973 -0.0262000002
159.886993 -91.9889984 -0.164100006
159.832306 -91.2867966 -0.189300001
159.888504 -90.7330017 4.74630022
159.923706 -90.2554016 2.89339995
159.807907 -89.6962967 2.99970007
159.882797 -89.6833954 3.05789995
159.812897 -89.634697 3.97589993
159.870758 -89.5167007 -0.241899997
159.864502 -89.5727997 2.81900001
159.933701 -89.4973984 3.99359989
159.969757 -89.4954529 4.26660013
159.901901 -89.410202 6.37029982
159.800095 -89.2763977 6.24870014
159.839493 -89.0575027 2.38870001
159.806 -88.8722 -0.2359
159.985001 -88.5886002 5.18050003
159.828506 -88.1709976 -0.291000009
159.820007 -88.1449966 4.77769995
