# .PCD v0.7 - Point Cloud Data file format
VERSION 0.7
FIELDS x y z
SIZE 4 4 4
TYPE F F F
COUNT 1 1 1
WIDTH 13261
HEIGHT 1
VIEWPOINT 0 0 0 1 0 0 0
POINTS 13261
DATA ascii
280.116302 -219.397797 0.806800008
280.101898 -218.855606 0.964999974
280.128143 -218.734039 0.863499999
280.110748 -217.293396 0.87349999
280.1922 -217.1194 0.923600018
280.000092 -216.560104 0.913500011
280.164886 -215.604004 0.954200029
280.042786 -215.467697 0.982900023
280.046997 -215.168396 0.857900023
280.125488 -214.952194 0.95539999
280.080505 -214.340698 1.02199996
280.010803 -214.066895 0.989400029
280.098419 -213.70134 0.951900005
280.013 -213.499054 0.972450018
280.065887 -213.169907 0.984499991
280.145508 -212.632706 1.0079
280.129883 -212.274811 1.01250005
280.142303 -211.835205 1.02135003
280.147461 -211.774139 1.02173328
280.036194 -211.449799 0.939199984
280.187195 -211.522705 1.0323
280.117706 -211.209396 0.961300015
280.161011 -211.379639 1.03729999
280.146606 -211.179398 0.975000024
280.195801 -210.882294 1.08000004
280.11441 -210.701065 1.03993332
280.026001 -210.062653 1.06005001
280.068115 -209.8423 1.00059998
280.117706 -209.67305 1.05649996
280.018311 -209.582397 1.08070004
280.120209 -209.265106 1.07560003
280.099091 -208.741699 1.0589
280.136902 -208.568207 1.03330004
280.121307 -208.144302 1.07433331
280.031342 -207.937408 1.0927
280.05481 -207.729446 1.11310005
280.112 -207.495438 1.07553339
280.194702 -207.297806 1.11049998
280.119415 -207.077957 1.13583338
280.066406 -206.946503 1.12010002
280.056702 -206.675705 1.1092
280.078369 -206.46759 1.09735
280.025513 -205.868607 1.10080004
280.082275 -205.675842 1.09917498
280.083588 -205.598999 1.10409999
280.134552 -204.667282 1.13257504
280.116394 -204.413895 1.11880004
280.149811 -204.371796 1.14460003
280.11264 -204.124329 1.13716662
280.100311 -203.989304 1.14119995
280.021362 -203.683701 1.14069998
280.117004 -203.486099 1.13540006
280.077881 -203.261047 1.14020002
280.129089 -203.003098 1.18260002
280.023193 -202.854706 1.15480006
280.098206 -202.697372 1.1741333
280.158997 -202.230743 1.1730001
280.110779 -202.141144 1.1789
280.184692 -201.983704 1.14740002
280.171814 -201.244995 1.18470001
280.155914 -200.845901 1.19299996
280.123505 -200.278198 1.19079995
280.060791 -200.0979 1.19509995
280.291809 -219.537201 0.808099985
280.283691 -218.643295 0.872600019
280.315094 -218.246704 0.86500001
280.291809 -217.351105 0.795899987
280.264404 -216.8703 0.854099989
280.357208 -216.620193 0.913500011
280.367798 -216.341705 0.878099978
280.354614 -216.320496 1.01769996
280.336792 -216.053604 0.956099987
280.369904 -215.540497 0.922399998
280.372894 -215.064804 0.923600018
280.336914 -214.901703 0.93840003
280.273499 -214.770004 0.952300012
280.393494 -214.453094 0.938199997
280.256592 -214.351593 0.966400027
280.232513 -214.182098 0.959800005
280.211395 -213.910599 0.976800025
280.256805 -213.760605 1.02740002
280.331696 -213.499695 0.974399984
280.303101 -213.579895 1.06130004
280.261688 -213.059998 0.918799996
280.284149 -212.753693 1.02250004
280.323608 -212.281998 0.996599972
280.366791 -212.249496 1.01569998
280.266693 -212.011993 1.07589996
280.233612 -211.677094 0.99849999
280.311401 -211.631302 1.07439995
280.300659 -211.384705 1.04069996
280.266205 -210.662704 1.04410005
280.347107 -210.477295 0.965399981
280.277466 -210.346008 1.04524994
280.393494 -210.138199 0.997099996
280.329987 -210.189194 1.04910004
280.259094 -209.658997 1.05439997
280.318298 -209.47226 1.05365002
280.314148 -209.318298 1.07224989
280.291748 -208.880478 1.07567501
280.288818 -208.715607 1.06806672
280.356934 -208.516251 1.07559991
280.290314 -208.317001 1.08829999
280.232086 -208.131607 1.0826
280.233398 -207.809402 1.0905
280.356049 -207.6828 1.10000002
280.322113 -207.559906 1.13090003
280.302979 -207.316727 1.11243331
280.331604 -207.049103 1.09019995
280.310699 -206.970596 1.15320003
280.375244 -206.739105 1.07784998
280.340942 -206.591309 1.07080007
280.359894 -206.275299 1.08710003
280.254639 -206.042297 1.10469997
280.287292 -205.912262 1.09360003
280.222198 -205.917099 2.64770007
280.276245 -205.732758 1.09459996
280.316406 -205.699005 2.48979998
280.334686 -205.791504 2.64750004
280.300659 -205.506866 1.10686672
280.330109 -205.579102 2.63260007
280.22345 -205.211655 1.1170001
280.352509 -205.167694 1.10479999
280.320404 -204.8013 1.12100005
280.314453 -204.67981 1.13509989
280.365997 -204.423004 1.12769997
280.322815 -204.33136 1.14024997
280.371887 -204.085251 1.139925
280.394806 -203.811203 1.14649999
280.314697 -203.648346 1.13945007
280.287659 -203.56369 1.14579999
280.253387 -203.378494 1.1487
280.258392 -203.137802 1.13880002
280.37561 -202.857193 1.15499997
280.28656 -202.69017 1.15724993
280.270599 -202.5009 1.16489995
280.338562 -202.263092 1.16834998
280.26651 -202.095596 1.16980004
280.369995 -201.877106 1.18260002
280.259613 -201.683197 1.1730001
280.369507 -201.439301 1.17949998
280.244995 -201.325699 1.19980001
280.296204 -201.1604 1.17920005
280.37619 -200.515396 1.17379999
280.269714 -200.247406 1.19760001
280.255402 -200.145493 1.15649998
280.51181 -219.780807 0.823700011
280.462402 -219.213898 0.9745
280.574463 -218.881439 0.894299984
280.449188 -218.408005 0.876299977
280.495087 -217.981293 0.912400007
280.439148 -216.916992 0.879999995
280.550537 -216.091309 0.957899988
280.590393 -215.594498 0.926999986
280.5784 -215.332901 0.950399995
280.553894 -214.1129 0.964100003
280.445496 -213.3647 0.993900001
280.570007 -213.329102 1.02160001
280.597992 -213.072906 0.98210001
280.552368 -212.845245 0.981099963
280.430298 -212.779205 1.0237
280.545288 -212.593506 0.962899983
280.458862 -212.543457 1.00960004
280.5672 -212.266403 1.02989995
280.547485 -212.127197 0.996299982
280.549713 -211.861801 0.998399973
280.532593 -211.530594 0.974699974
280.454834 -211.324036 0.966750026
280.49765 -211.346802 1.03240001
280.57901 -211.033096 1.02559996
280.503113 -210.620407 0.991900027
280.508392 -210.512894 0.982299984
280.429901 -210.211502 0.998099983
280.497498 -210.361099 1.03734994
280.47171 -209.910751 1.05835009
280.553101 -209.711349 1.06382501
280.586609 -209.498001 1.05799997
280.477264 -209.301468 1.05196667
280.493347 -209.047852 1.06809998
280.578094 -208.810394 1.06630003
280.475494 -208.694305 1.03299999
280.472687 -208.50412 1.07207501
280.438293 -208.244995 1.07669997
280.539734 -208.130096 1.10395002
280.559113 -207.9729 1.08309996
280.490753 -207.68779 1.09923339
280.452393 -207.343506 1.10210001
280.467834 -207.09845 1.12674999
280.459686 -206.929199 1.07140005
280.555786 -206.691559 1.08535004
280.446289 -206.545593 1.06799996
280.53064 -206.295303 1.07844996
280.537292 -206.115143 1.07774997
280.493103 -205.860107 1.10360003
280.488007 -205.855698 2.47609997
280.535004 -205.730728 2.64166665
280.493805 -205.458801 1.12629998
280.417236 -205.100204 1.12969995
280.490326 -204.924164 1.11656666
280.519989 -204.775497 1.13999999
280.480164 -204.509064 1.12203336
280.55011 -204.15036 1.13505006
280.475342 -203.968399 1.13915002
280.466003 -203.695999 1.15479994
280.489899 -203.566406 1.13929999
280.484955 -203.3582 1.14964998
280.518768 -203.093369 1.14797497
280.561462 -202.855438 1.15875006
280.452789 -202.661896 1.16654992
280.430115 -202.380905 1.16250002
280.494385 -202.17395 1.17560005
280.494507 -201.894897 1.20360005
280.516754 -201.681152 1.17414999
280.551208 -201.575897 1.16919994
280.46759 -201.380905 1.16859996
280.428711 -201.011795 1.17760003
280.658112 -219.980896 0.925100029
280.631409 -219.355392 0.845399976
280.741211 -216.879105 0.876399994
280.681885 -216.711792 0.907449961
280.644501 -216.079803 0.91049999
280.719788 -215.913757 0.959699988
280.677612 -215.678894 0.961000025
280.729492 -215.517899 0.921700001
280.616302 -215.325897 0.976899981
280.631195 -214.996307 0.983200014
280.75119 -214.636002 0.960399985
280.612488 -214.347305 0.950900018
280.65741 -214.030899 0.943899989
280.704712 -213.608093 1.00220001
280.709686 -213.480698 1.03349996
280.602905 -213.150208 0.998000026
280.605988 -212.894897 0.910300016
280.611206 -212.991501 1.03550005
280.735413 -212.697205 0.985899985
280.74881 -212.474396 1.04349995
280.716614 -212.380005 0.969500005
280.707489 -212.397995 1.01779997
280.769012 -211.636993 1.05809999
280.779388 -211.412201 0.993200004
280.661407 -211.584 1.04449999
280.702515 -211.303696 1.01250005
280.684448 -211.09935 1.01320004
280.664612 -210.977005 0.978200018
280.646912 -210.946594 1.01730001
280.790009 -210.627701 1.05260003
280.682007 -210.018906 1.04449999
280.70105 -209.857452 1.01499999
280.648193 -209.474197 1.07350004
280.785706 -209.239395 1.04700005
280.606995 -209.164307 1.04120004
280.653687 -208.871704 1.05159998
280.679993 -208.704193 1.06410003
280.763397 -208.503693 1.06459999
280.708893 -208.103943 1.07975006
280.60611 -207.812897 1.08270001
280.70163 -207.736328 1.11669993
280.73407 -207.472351 1.11815
280.700745 -206.745728 1.06876671
280.727509 -206.2202 1.07369995
280.67511 -205.810501 1.06939995
280.661682 -205.699127 1.08583331
280.648102 -205.431107 1.09019995
280.617188 -205.501801 2.40569997
280.671356 -205.069214 1.11974001
280.681335 -204.905197 1.1165334
280.640839 -204.654114 1.12360001
280.725067 -204.542999 1.13110006
280.727997 -204.070496 1.12670004
280.683868 -203.953598 1.12849998
280.669098 -203.690094 1.12779999
280.704956 -203.578156 1.13059998
280.722656 -202.63031 1.15890002
280.670898 -202.320694 1.16069996
280.656097 -202.180801 1.17770004
280.709595 -202.099304 1.21099997
280.696106 -201.981796 1.16489995
280.665497 -201.722305 1.17920005
280.643555 -201.521759 1.18409991
280.704712 -201.381897 1.19149995
280.657501 -200.806 1.18280005
280.728149 -200.900146 1.21184993
280.712494 -200.418365 1.17700005
280.649902 -200.349701 1.19939995
280.778412 -200.069702 1.20990002
280.979706 -219.866592 0.835300028
280.841888 -219.105499 0.860199988
280.904602 -218.543045 0.910449982
280.847198 -218.059296 0.872900009
280.950287 -217.814301 0.86650002
280.931793 -217.290298 0.834800005
280.942413 -217.159698 1.00010002
280.928253 -216.733337 0.868200004
280.964783 -214.96785 0.973150015
280.891479 -214.12085 0.952099979
280.814087 -213.854401 1.04799998
280.845337 -213.735504 0.975749969
280.904663 -213.535965 0.946866691
280.923187 -213.412201 1.08459997
280.960602 -213.391602 1.01600003
280.861206 -212.808304 1.01479995
280.911407 -212.67746 0.970399976
280.983002 -212.610504 1.01349998
280.878113 -212.356506 0.972100019
280.955109 -212.324493 1.00960004
280.989899 -211.766495 0.92750001
280.899689 -211.563507 0.984899998
280.864594 -211.210007 1.02320004
280.909363 -211.093948 1.03460002
280.902405 -210.673798 1.06840003
280.984955 -210.442047 1.04719996
280.928131 -209.868835 1.03316665
280.873688 -209.605392 1.06620002
280.840302 -209.432205 0.999100029
280.964996 -209.413696 1.02460003
280.821289 -209.391403 1.05159998
280.959473 -209.125641 1.07525003
280.82901 -208.929596 1.05309999
280.940918 -208.429947 1.06045008
280.853149 -208.315247 1.06470001
280.842407 -208.082794 1.08679998
280.845795 -207.938004 1.0848
280.86499 -207.298706 1.08115005
280.937042 -207.164673 1.06713331
280.983185 -206.839294 1.05639994
280.895874 -206.723236 1.06453335
280.9646 -206.529251 1.06124997
280.898224 -206.278458 1.07179999
280.863068 -206.111572 1.06546664
280.806885 -206.005798 2.26990008
280.908905 -205.875702 1.07770002
280.816986 -205.739105 1.1006
280.996094 -205.505402 1.08420002
280.871033 -205.049652 1.1135
280.868896 -204.680954 1.10829997
280.906097 -204.537506 1.12360001
280.96759 -204.232895 1.11819994
280.869049 -204.114807 1.12259996
280.896332 -203.694458 1.12226665
280.930908 -203.568756 1.14030004
280.900696 -203.103943 1.1415
280.847198 -202.886002 1.16419995
280.837708 -202.616196 1.16709995
280.933289 -202.47345 1.16910005
280.916992 -202.098602 1.17130005
280.858093 -201.498703 1.17030001
280.928101 -201.016998 1.18789995
280.921204 -200.858902 1.18160009
281.150696 -219.730804 0.819999993
281.002502 -219.498901 0.814899981
281.040588 -218.855652 0.85315001
281.047791 -218.105499 0.845399976
281.008789 -217.918594 0.858500004
281.050507 -217.3013 0.75150001
281.186005 -217.242004 0.870599985
281.120911 -216.704102 0.912500024
281.113007 -216.427399 0.864499986
281.07373 -216.194 0.873049974
281.175415 -215.879898 0.896200001
281.156189 -215.631348 0.943549991
281.073059 -215.172791 0.961600006
281.12207 -214.901398 0.923799992
281.047302 -214.778793 0.915600002
281.125397 -214.142105 0.953599989
281.190308 -214.030197 1.06070006
281.199799 -213.694107 0.988699973
281.148987 -213.244354 0.99240005
281.155212 -213.054001 0.991099954
281.014099 -212.941605 0.984899998
281.180115 -212.704041 0.992500007
281.052887 -212.727295 1.0036
281.056885 -212.322906 1.02160001
281.101288 -211.873993 1.07369995
281.006714 -211.640503 0.999000013
281.087006 -211.463303 0.976100028
281.151855 -211.497055 1.01795006
281.122894 -211.241104 0.985499978
281.078094 -211.276398 1.04299998
281.043823 -211.176102 1.01859999
281.167206 -210.972305 1.02919996
281.043304 -210.703369 1.03026664
281.154205 -210.094955 1.01699996
281.133789 -209.813797 0.993700027
281.076172 -209.891449 1.04209995
281.121704 -209.890503 4.38189983
281.124512 -209.800797 4.40759993
281.045685 -209.688095 1.06879997
281.088501 -209.591705 1.00259995
281.111816 -209.2603 1.03559995
281.078094 -209.114548 1.07959998
281.131348 -208.510132 1.07630002
281.052795 -208.2453 1.1049
281.062347 -208.163605 1.09329998
281.132111 -207.893494 1.09660006
281.191803 -207.768097 1.08739996
281.125397 -207.453705 1.09485006
281.127014 -207.339828 1.06640005
281.065704 -206.67067 1.07253337
281.176605 -206.469803 1.06526661
281.170197 -206.345795 1.04460001
281.103912 -206.0327 1.08780003
281.098602 -205.945099 1.07480001
281.135712 -205.732895 1.09510005
281.015015 -205.726898 2.5474999
281.191406 -205.492294 1.07949996
281.077606 -205.228607 1.09949994
281.185913 -204.922195 1.0898
281.190613 -204.792099 1.10749996
281.054749 -204.52356 1.11295009
281.09552 -204.298859 1.12249994
281.084351 -203.930054 1.11594999
281.066711 -203.704605 1.13275003
281.065399 -203.4086 1.11440003
281.172394 -203.327301 1.1322
281.027191 -203.073898 1.15509999
281.108093 -202.902802 1.13980007
281.146118 -202.665497 1.17164993
281.070862 -202.542694 1.15335
281.12619 -202.131805 1.15250003
281.075134 -201.938705 1.17659998
281.187653 -201.669891 1.17519999
281.022095 -201.543549 1.18829989
281.147888 -201.338806 1.19659996
281.019806 -201.108307 1.18850005
281.114594 -200.945206 1.16400003
281.147186 -200.707703 1.18560004
281.094391 -200.317902 1.21140003
281.347687 -219.126968 0.833966672
281.284088 -218.644104 0.872699976
281.279114 -218.193497 0.857200027
281.252747 -217.484436 0.911849976
281.257507 -217.207306 0.875800014
281.209015 -216.758698 0.89230001
281.213287 -216.195007 0.958800018
281.371094 -215.989395 0.939300001
281.388092 -215.496307 0.961399972
281.345886 -214.936996 0.925700009
281.390106 -214.797501 0.948700011
281.278687 -214.152695 0.96450001
281.263885 -213.388702 1.01259995
281.322479 -212.519302 1.02565002
281.288391 -212.286301 1.01084995
281.276611 -212.071899 0.952899992
281.312805 -212.0849 1.0323
281.295013 -211.602798 1.074
281.2034 -211.230194 0.985300004
281.291504 -211.083405 0.980499983
281.25061 -210.835297 1.01810002
281.267792 -210.751999 1.01689994
281.292114 -210.422394 1.05239999
281.378601 -210.389496 1.04390001
281.29126 -210.106995 1.03289998
281.326691 -209.744003 1.02590001
281.304993 -209.407501 1.04980004
281.33429 -209.103058 1.08719993
281.277802 -208.928497 1.03645003
281.330902 -208.700195 1.0438
281.265106 -208.089706 1.08216667
281.285217 -207.953201 1.08605003
281.385925 -207.762054 1.09030008
281.246155 -207.5 1.05069995
281.242188 -207.303696 1.08060002
281.269714 -207.092896 1.02030003
281.293243 -206.945755 1.03605008
281.379913 -206.617004 1.08350003
281.281708 -206.397507 1.05359995
281.36615 -206.094147 1.07365
281.282715 -205.509354 1.07819998
281.338043 -205.138763 1.08296669
281.303253 -204.89151 1.10275006
281.330109 -204.715546 1.10475004
281.222809 -204.417999 1.09679997
281.395386 -204.184097 1.10440004
281.324951 -203.881561 1.11879992
281.202911 -203.581604 1.14880002
281.225891 -203.252502 1.12150002
281.28894 -203.076019 1.13867497
281.273987 -202.6884 1.15619993
281.263367 -202.490845 1.16635001
281.277802 -202.373047 1.16085005
281.256592 -202.007095 1.17680001
281.361572 -201.950989 1.17830002
281.209198 -201.514297 1.19369996
281.300873 -201.317169 1.18156672
281.229095 -200.938995 1.18850005
281.22699 -200.640396 1.16320002
281.208588 -200.531998 1.18669999
281.491089 -219.869095 0.806800008
281.587708 -219.279694 0.822700024
281.530853 -218.350601 0.898699999
281.521393 -217.626007 0.852800012
281.494507 -217.222397 0.874499977
281.527191 -217.005997 0.889500022
281.5354 -216.907501 0.892799973
281.572906 -216.050293 0.909300029
281.599396 -215.8358 0.892099977
281.436005 -215.527893 0.842000008
281.450806 -214.924698 0.938300014
281.426514 -214.470901 0.939499974
281.468292 -214.143799 0.987399995
281.463287 -213.861206 0.96359998
281.4617 -213.725296 0.963800013
281.497894 -213.552094 1.01359999
281.415009 -213.373993 0.994700015
281.506592 -213.268402 1.00250006
281.502106 -213.023193 0.988300025
281.488251 -212.898041 0.987450004
281.499756 -212.700165 0.963500023
281.555695 -212.678497 1.04400003
281.571289 -212.523804 0.924499989
281.559387 -212.142807 0.995599985
281.581116 -212.060898 1.01909995
281.492096 -211.817947 1.03620005
281.539795 -211.040207 1.05830002
281.527466 -210.732101 1.05495
281.495697 -210.482971 1.07243335
281.411194 -210.327805 1.03380001
281.554901 -210.105011 1.03180003
281.437103 -209.938202 1.04159999
281.468597 -209.787292 1.06690001
281.555511 -209.433105 0.994400024
281.448975 -209.432144 1.02804995
281.500488 -209.063904 1.0596
281.583801 -208.841095 1.08150005
281.532745 -208.709412 1.06282496
281.536285 -208.419693 1.06990004
281.500305 -208.3965 1.07799995
281.510254 -207.895325 1.09389997
281.413696 -207.674698 1.12259996
281.425201 -207.537003 1.05239999
281.516815 -207.287704 1.06359994
281.546112 -206.963303 1.0474
281.528259 -206.682602 1.0540334
281.497742 -206.463593 1.0618
281.433746 -206.054901 1.0618
281.460327 -205.338196 1.08835006
281.531128 -204.943359 1.08139992
281.564606 -204.668793 1.08899999
281.476746 -204.486755 1.11234999
281.518738 -204.336243 1.11089993
281.512695 -204.044846 1.11874998
281.590088 -203.980103 1.11839998
281.480957 -203.763336 1.11815
281.53363 -203.502991 1.12164998
281.487488 -203.381104 1.13139999
281.527588 -202.904633 1.13303339
281.560791 -202.545303 1.16929996
281.488678 -202.283005 1.16343331
281.458008 -202.090118 1.15357494
281.424011 -201.901794 1.17939997
281.527466 -201.655945 1.17034996
281.421692 -201.538895 1.11459994
281.55191 -201.259552 1.16989994
281.591003 -200.913101 1.1846
281.528259 -200.665253 1.14435005
281.429993 -200.231506 1.20459998
281.790497 -218.184494 0.857900023
281.729309 -217.863602 0.88319999
281.702209 -217.475601 0.968400002
281.640808 -217.041595 0.915000021
281.670685 -216.718903 0.889699996
281.731567 -216.469757 0.917600036
281.643097 -216.386703 0.894900024
281.628998 -216.146606 0.908699989
281.660095 -215.855698 0.957599998
281.72171 -215.747803 0.921299994
281.705292 -215.515793 1.0187
281.74765 -214.899109 0.967999995
281.761963 -214.524445 0.95055002
281.696594 -214.371597 0.935199976
281.635101 -213.565796 0.965600014
281.725891 -212.091095 0.984849989
281.707245 -212.07724 1.01714993
281.686707 -211.318802 0.98664999
281.69519 -211.303192 1.04225004
281.615112 -211.108795 0.941100001
281.620087 -211.003006 1.07840002
281.611511 -211.175598 4.29650021
281.671875 -210.662292 1.05979991
281.686707 -210.5905 0.99180001
281.62381 -210.559006 1.00030005
281.756683 -210.381531 1.09107494
281.64621 -210.131607 1.04289997
281.692383 -209.840149 1.03640008
281.765594 -209.799393 0.994599998
281.682404 -209.670502 1.01059997
281.657471 -209.531158 1.06295002
281.797699 -209.233002 1.08340001
281.785706 -209.189606 1.05079997
281.729004 -208.899796 1.046
281.657196 -208.703293 1.06649995
281.614288 -208.475098 1.07560003
281.793488 -208.276398 1.09060001
281.681885 -208.139832 1.08893335
281.71167 -207.913574 1.07150006
281.663696 -207.663498 1.05040002
281.72821 -207.544998 1.03859997
281.637787 -207.318405 1.05639994
281.764587 -207.138306 1.0388
281.608795 -206.957306 1.04849994
281.722504 -206.564499 1.04120004
281.719391 -206.319305 1.04830003
281.654053 -206.097992 1.06274998
281.681671 -205.878433 1.0675
281.768799 -205.742752 1.06535006
281.607361 -205.458069 1.07623327
281.66571 -205.327942 1.06613326
281.716339 -204.974594 1.08636665
281.650696 -204.5047 1.09070003
281.686157 -204.05484 1.11155009
281.791992 -203.957703 1.09650004
281.702911 -203.70694 1.11905003
281.716675 -203.521545 1.11559999
281.678497 -203.311966 1.11546671
281.674683 -203.037842 1.13475001
281.662201 -202.891907 1.13779998
281.705414 -202.757401 1.14339995
281.718506 -202.384857 1.16529989
281.789398 -202.263 1.20659995
281.768707 -202.104599 1.15869999
281.624115 -201.841202 1.16729999
281.678314 -201.674805 1.15326667
281.717041 -201.312653 1.15740001
281.755005 -200.739899 1.17935002
281.735504 -200.515503 1.18939996
281.67099 -200.193604 1.16410005
281.937653 -219.018158 0.83099997
281.89093 -218.153748 0.877650023
281.955414 -217.794006 0.898599982
281.910645 -217.585297 0.92110002
281.814514 -217.208603 0.893400013
281.858704 -217.107605 0.889199972
281.941193 -216.572205 0.895099998
281.809601 -216.222504 0.905900002
281.905396 -215.689941 0.912150025
281.892212 -215.531296 0.925999999
281.944489 -215.274597 0.933200002
281.812286 -215.043503 0.974699974
281.87793 -214.866547 0.959249973
281.882782 -214.687637 0.957700014
281.851715 -214.532806 0.933700025
281.918793 -214.168594 0.922800004
281.937134 -213.892792 0.934000015
281.885895 -213.429504 0.98089999
281.916199 -213.255707 0.970799983
281.946289 -213.172394 0.95660001
281.989502 -213.161194 1.028
281.981598 -212.792404 1.00269997
281.896698 -212.453003 1.00080001
281.858307 -212.025696 0.996999979
281.917511 -212.024796 1.00510001
281.836151 -211.955902 1.05095005
281.931702 -211.705795 1.04390001
281.915985 -211.575302 1.03789997
281.877991 -211.397903 1.06040001
281.961395 -210.753799 0.983699977
281.838898 -210.688507 1.01929998
281.977905 -210.220795 1.03670001
281.924011 -210.044159 0.991100013
281.954712 -209.8703 1.01719999
281.980286 -209.716705 1.05334997
281.898102 -209.242096 1.05599999
281.979706 -209.100296 1.11140001
281.856293 -208.907196 1.02754998
281.947754 -208.711502 1.04474998
281.915497 -208.129654 1.07624996
281.887604 -207.818802 0.994599998
281.914734 -207.975952 1.05585003
281.913818 -207.668732 1.04567504
281.837097 -207.412399 1.03960001
281.929901 -207.399597 1.08410001
281.930908 -207.153198 1.03690004
281.827576 -206.4841 1.04824996
281.818207 -206.223404 1.04939997
281.873688 -206.089096 1.07099998
281.900269 -205.935074 1.0625
281.908478 -205.511398 1.06323338
281.88031 -205.220398 1.07815003
281.904236 -205.091003 1.07513332
281.921906 -204.994202 1.0704
281.871704 -204.7892 1.09529996
281.901978 -204.527405 1.08213329
281.842804 -204.294098 1.11099994
281.997986 -204.069397 1.10720003
281.975708 -203.891403 1.11689997
281.923004 -203.603104 1.12720001
281.949402 -203.546906 1.13740003
281.971008 -203.291107 1.1415
281.931305 -203.075851 1.15834999
281.945679 -202.942596 1.14380002
281.921387 -202.825806 1.20899999
281.880707 -202.638107 1.17519999
281.875122 -202.572144 1.15695
281.816498 -202.356201 1.15509999
281.838013 -202.129395 1.17390001
281.929749 -201.460754 1.16480005
281.889282 -201.257751 1.16904998
281.918884 -201.131958 1.1800499
281.906097 -200.924805 1.18269992
281.932495 -200.562393 1.18079996
281.969208 -200.458405 1.20560002
282.006805 -219.968201 0.823499978
282.065735 -219.568695 0.84010005
282.107697 -219.280106 0.851300001
282.109802 -218.982697 0.826300025
282.096344 -218.436798 0.836899996
282.028595 -218.249298 0.885200024
282.157196 -217.751404 0.879199982
282.09668 -217.467896 0.861199975
282.089905 -217.195999 0.91170001
282.110504 -216.887405 0.866599977
282.145844 -216.434006 0.925400019
282.1427 -216.298401 0.922100008
282.127136 -216.067795 0.91049999
282.044189 -215.892395 0.902899981
282.117798 -215.446198 0.926500022
282.01889 -215.188599 1.03910005
282.003998 -214.905807 0.917400002
282.073425 -214.466705 0.937999964
282.107147 -214.278564 0.961359978
282.105011 -213.428696 0.982800007
282.144287 -213.284897 0.982900023
282.117401 -212.643005 0.994599998
282.137512 -212.511307 0.987900019
282.038513 -212.351898 4.25540018
282.044189 -212.101898 1
282.127991 -211.993195 1.05330002
282.187195 -211.680496 1.02760005
282.105011 -211.218796 1.05939996
282.049011 -211.161301 1.02909994
282.13739 -210.854797 1.02850008
282.098389 -210.560806 0.986100018
282.073242 -210.519653 1.04030001
282.090607 -210.389206 1.07630002
282.015289 -209.772705 1.01810002
282.02301 -209.281204 1.00839996
282.118805 -209.119766 1.051
282.101807 -208.925507 1.0517
282.04541 -208.708099 1.07360005
282.108582 -208.483353 1.0625
282.095032 -208.277176 1.04030001
282.041199 -208.156601 1.07310009
282.108948 -207.699799 1.03600001
282.050812 -207.522797 1.02680004
282.067871 -207.281067 1.04579997
282.076599 -207.066895 1.03869998
282.048187 -206.711029 1.05496669
282.160706 -206.438202 1.06439996
282.092804 -206.535706 1.97759998
282.155487 -206.2388 1.04630005
282.034607 -205.6651 1.07889998
282.077301 -205.545547 1.04745007
282.106262 -205.353394 1.06594992
282.126007 -205.068802 1.06149995
282.108459 -204.931503 1.07299995
282.061188 -204.622406 1.08510005
282.110687 -204.487274 1.08832502
282.061493 -204.356796 1.08459997
282.061829 -204.071503 1.09544992
282.107788 -203.872604 1.10790002
282.183197 -203.431702 1.17719996
282.073761 -203.310699 1.12953329
282.090424 -203.046829 1.14303339
282.0383 -202.954132 1.14503336
282.116486 -202.446396 1.16213334
282.061829 -202.028549 1.1638
282.180695 -201.929199 1.16760004
282.057098 -201.485352 1.15820003
282.19809 -201.398697 1.17079997
282.164612 -201.192993 1.1645
282.028503 -200.8293 1.18939996
282.034393 -200.727798 1.18359995
282.073212 -200.481995 1.1516
282.186615 -200.338593 1.2234
282.250214 -219.704498 0.834100008
282.205811 -219.357498 0.902400017
282.212799 -219.093399 0.82889998
282.259521 -218.494247 0.846400023
282.30069 -217.844696 0.862399995
282.366302 -216.901794 0.892799973
282.362 -216.415298 0.914499998
282.361511 -216.205994 0.904999971
282.283905 -216.030807 0.933399975
282.322205 -215.858994 0.932600021
282.299713 -215.438705 0.922299981
282.2966 -215.247406 0.913100004
282.286682 -215.130447 0.930850029
282.320404 -214.701599 0.939599991
282.366394 -213.473907 1.03779995
282.335693 -213.241394 0.996599972
282.28241 -213.136505 0.956900001
282.249695 -212.722443 0.962650001
282.322144 -212.520599 0.993350029
282.315002 -212.366608 0.991766691
282.262085 -212.207397 1.03719997
282.355957 -212.163696 0.982249975
282.333008 -212.0569 1.02040005
282.342712 -211.953598 1.01129997
282.322388 -211.555649 0.974699974
282.330292 -211.440002 1.05949998
282.364502 -211.218994 1.03110003
282.373199 -210.623795 0.981599987
282.298523 -210.467697 1.00600004
282.205414 -210.202194 1.06529999
282.2854 -209.874756 1.01174998
282.205505 -209.640503 1.0122
282.321747 -209.503647 1.04855001
282.257477 -208.908508 1.05566669
282.321838 -208.744263 1.07260001
282.263733 -208.48996 1.05420005
282.253387 -208.287201 1.05449998
282.305664 -208.092667 1.02716672
282.285706 -207.8591 1.01929998
282.294708 -207.721451 1.01845002
282.297119 -207.495087 1.01979995
282.332306 -207.265198 1.0316
282.308899 -206.949448 1.04270005
282.330444 -206.757004 1.04264998
282.289215 -206.565903 1.02260005
282.259949 -206.261505 1.05244994
282.261505 -206.354004 2.6099999
282.317993 -205.820007 1.0625
282.332794 -205.701843 1.03955007
282.3573 -205.535995 1.07280004
282.2565 -205.397598 1.08969998
282.307434 -205.092957 1.06465006
282.328094 -204.961609 1.08959997
282.37085 -204.678299 1.07889998
282.322113 -204.568893 1.08870006
282.210205 -204.306503 1.08510005
282.30365 -204.074295 1.10774994
282.307983 -203.873291 1.11529994
282.312805 -203.424698 1.16770005
282.22641 -203.396301 1.14069998
282.318207 -203.107025 1.14456666
282.278198 -202.869003 1.16270006
282.26889 -202.602493 1.148
282.311523 -202.469238 1.15503335
282.284363 -202.281799 1.15254998
282.314606 -202.065765 1.16823328
282.250397 -201.965302 1.14979994
282.232788 -201.723297 1.17149997
282.235535 -201.478149 1.17175007
282.202789 -201.098907 1.14619994
282.345276 -200.944595 1.17066669
282.365204 -200.468201 1.16960001
282.297791 -200.212204 1.19819999
282.512604 -219.291794 0.875500023
282.531799 -218.941803 0.674399972
282.530212 -218.847397 0.861400008
282.527039 -218.310226 0.879599988
282.467285 -218.016205 0.802600026
282.588501 -217.565094 0.907599986
282.55719 -217.329407 0.902100027
282.457001 -217.106689 0.891900003
282.533203 -216.412003 0.898299992
282.528687 -216.381897 0.913100004
282.484589 -215.664795 0.940900028
282.479889 -215.485992 0.866999984
282.535706 -215.310898 0.933799982
282.598785 -215.158798 0.916000009
282.476746 -214.871002 0.897249997
282.513306 -214.558105 0.92869997
282.536377 -214.338196 0.958999991
282.583008 -214.003799 0.956799984
282.531311 -213.726959 0.975600004
282.577209 -213.508102 0.970550001
282.460388 -213.239594 0.973099947
282.538452 -212.497696 0.958299994
282.453003 -212.487701 1.00460005
282.550995 -212.268707 1.01839995
282.558685 -211.816498 1.08319998
282.411713 -211.764999 0.992200017
282.546112 -211.6987 1.02540004
282.556702 -211.587097 0.993900001
282.562988 -211.464905 1.02530003
282.514313 -211.239304 0.971800029
282.571411 -210.628494 0.967800021
282.528809 -210.553406 1.01419997
282.492798 -210.208893 0.992200017
282.432007 -209.965393 0.970600009
282.444946 -209.923447 1.02405
282.57782 -209.511993 1.01279998
282.479889 -209.271194 0.986199975
282.556396 -209.069901 1.03664994
282.576294 -208.672806 0.991900027
282.528595 -208.654694 1.03859997
282.577301 -208.474899 1.00730002
282.497711 -208.398605 1.02049994
282.401215 -207.886703 1.00030005
282.555298 -207.591003 1.03550005
282.463287 -207.283096 1.02760005
282.444489 -207.180099 1.0467
282.540649 -206.881897 2.54799986
282.592896 -206.834793 2.69729996
282.506897 -206.714203 2.32550001
282.563171 -206.751251 2.48164988
282.50589 -206.492645 2.33295012
282.473358 -206.317047 1.04900002
282.463715 -206.071396 1.04229999
282.455597 -205.8806 1.06270003
282.513397 -205.587708 1.0589
282.497498 -205.219254 1.07015002
282.482147 -205.086975 1.06809998
282.538177 -204.920227 1.079
282.560913 -204.729706 1.07529998
282.462708 -204.283264 1.09326673
282.517792 -203.91449 1.11389995
282.515594 -203.491898 1.10909998
282.401398 -203.392899 1.13900006
282.575714 -203.170395 1.13409996
282.504242 -202.730103 1.15139997
282.576691 -202.531296 1.15359998
282.493195 -202.206207 1.17830002
282.463135 -202.079163 1.19304991
282.426697 -201.968796 1.13450003
282.454895 -201.143005 1.16560006
282.508789 -200.708847 1.19490004
282.582703 -200.247498 1.21430004
282.699005 -219.905594 0.820500016
282.750092 -218.818695 0.866299987
282.684052 -218.504105 0.834900022
282.609802 -217.842194 0.771000028
282.672485 -217.304794 0.942700028
282.690857 -216.710693 0.920666695
282.787506 -216.470993 0.887600005
282.778137 -216.341599 0.902199984
282.679291 -216.066345 0.888199985
282.651215 -215.934296 0.933300018
282.623352 -215.7314 0.924849987
282.675598 -215.576752 0.920099974
282.653503 -215.32196 0.930750012
282.675415 -215.170807 0.925100029
282.605804 -214.341293 0.902999997
282.630951 -213.940002 0.97329998
282.738312 -213.699997 0.986999989
282.712189 -213.481995 0.987299979
282.627991 -213.221497 0.989799976
282.755402 -213.398193 1.01359999
282.723511 -212.779404 0.975600004
282.722595 -212.512451 0.968899965
282.736694 -212.3685 0.986000001
282.667908 -212.3349 1.00320005
282.677612 -211.997894 0.98119998
282.666809 -211.989594 1.0223
282.651215 -211.750198 1.01209998
282.620087 -211.530807 0.984099984
282.723389 -211.217697 1.00469995
282.779785 -210.875504 1.02550006
282.70639 -210.208801 0.993799984
282.798889 -210.3647 1.01610005
282.727997 -209.971207 1.03289998
282.712341 -209.662415 1.05806005
282.698303 -209.551102 0.960699975
282.760986 -209.537796 1.00750005
282.621002 -209.199295 1.0345
282.789612 -208.912201 0.999599993
282.751099 -208.642303 1.00685
282.629211 -208.550903 1.00615001
282.667297 -208.160797 1.00890005
282.64621 -207.681 1.0237
282.747192 -207.5457 2.50209999
282.675415 -207.342499 1.01030004
282.719391 -207.2901 2.49480009
282.648895 -207.251007 2.64969993
282.744568 -206.932343 1.03594995
282.712494 -206.821594 2.32520008
282.683502 -206.765594 2.70659995
282.718079 -206.444946 1.04149997
282.656738 -206.276093 1.04949999
282.705353 -205.898651 1.04460001
282.751099 -205.73555 1.04305005
282.718414 -205.519196 1.06700003
282.703552 -205.353348 1.0575
282.664886 -205.193298 1.05159998
282.621307 -204.773102 1.0792501
282.708496 -204.415588 1.08310008
282.753296 -204.341995 1.09189999
282.755096 -203.844101 1.11899996
282.740509 -203.780197 1.10909998
282.651794 -203.344696 1.15050006
282.656433 -203.179199 1.13285005
282.771484 -202.673889 1.14919996
282.640625 -202.052307 1.16779995
282.666504 -201.947006 1.16110003
282.64209 -201.718552 1.15910006
282.761292 -201.227295 1.1717
282.732605 -201.174103 1.14909995
282.636292 -200.812195 1.15569997
282.676331 -200.741302 1.171
282.734436 -200.496704 1.15390003
282.963104 -219.702896 0.827799976
282.903107 -219.434692 0.724600017
282.848389 -219.467606 0.833899975
282.902924 -219.093933 0.828466654
282.838196 -218.836899 0.827000022
282.81781 -218.485306 0.880400002
282.906342 -218.271393 0.888200045
282.938995 -218.061295 0.874000013
282.953796 -217.929993 0.870400012
282.802185 -217.619202 0.870199978
282.956787 -217.33255 0.921049953
282.8396 -216.973404 0.838699996
282.960205 -216.761902 0.894999981
282.88324 -216.146698 0.92293334
282.832611 -215.828995 0.91109997
282.823792 -215.649994 0.968100011
282.974915 -215.363205 0.935699999
282.866302 -214.941605 0.91109997
282.977509 -214.641693 0.935800016
282.823486 -214.481796 0.938300014
282.848969 -214.339462 0.967999995
282.94989 -214.161606 0.949299991
282.8573 -213.981659 0.978899956
282.978027 -213.464935 0.969799995
282.867493 -213.374802 0.966400027
282.905121 -213.101624 0.974266648
282.866211 -212.9534 0.953000009
282.863953 -212.695206 0.966700017
282.862305 -212.588806 0.999000013
282.919312 -212.48761 1.02189994
282.880188 -212.254395 0.983699977
282.86969 -212.099503 0.953999996
282.943298 -211.887802 0.967999995
282.898743 -211.874359 1.00705004
282.839508 -211.479401 0.992299974
282.924408 -211.416504 1.03299999
282.978912 -211.352203 0.978200018
282.935608 -211.235001 1.02100003
282.901733 -211.168854 1.0158
282.86499 -210.929092 0.994700015
282.975189 -210.7034 1.04209995
282.820007 -210.2854 1.00109994
282.800598 -210.154404 1.02970004
282.927307 -209.660751 1.03390002
282.898132 -209.526154 1.02865005
282.970001 -209.353104 1.03699994
282.923706 -209.128998 0.9921
282.90451 -209.083893 1.02030003
282.869507 -208.822098 0.99970001
282.844391 -208.944748 1.04255009
282.923615 -208.313995 0.992900014
282.814392 -208.2146 1.00370002
282.974396 -207.837402 0.993499994
282.898499 -207.9478 1.01590002
282.959503 -207.682404 1.00639999
282.993591 -207.655701 2.5710001
282.913208 -207.459503 2.48539996
282.94278 -207.254166 1.02136672
282.874329 -207.269806 2.55984998
282.869629 -207.363205 2.72035003
282.851135 -207.028259 1.02974999
282.807587 -207.076294 2.34719992
282.800201 -207.144104 2.5250001
282.8974 -206.897293 1.02880001
282.885834 -206.678604 1.03533328
282.920349 -206.279358 1.02544999
282.913849 -206.071808 1.03600001
282.972992 -205.871704 1.03989995
282.832489 -205.677597 1.0675
282.953461 -205.518768 1.03750002
282.86969 -205.351044 1.04780006
282.987305 -205.003906 1.05900002
282.856079 -204.868866 1.06586671
282.886902 -204.414795 1.07754993
282.90329 -203.991592 1.09519994
282.806702 -203.690506 1.10819995
282.800812 -202.882095 1.1437
282.879211 -202.752045 1.14814997
282.911987 -202.313553 1.16460001
282.888672 -202.057953 1.16820002
282.942902 -201.864304 1.17159998
282.891235 -201.695007 1.15110004
282.951904 -201.322098 1.13199997
282.986511 -200.946198 1.13890004
282.9133 -200.648804 1.17499995
282.874207 -200.370407 1.16260004
282.851013 -200.004807 1.20439994
283.092102 -219.490692 0.825999975
283.108307 -219.347305 0.8847
283.117981 -219.094391 0.837199986
283.093811 -218.668594 0.844900012
283.032806 -218.527695 0.832099974
283.108765 -218.2715 0.859400034
283.055298 -218.137894 0.87349999
283.158112 -217.843597 0.862999976
283.084198 -217.631851 0.881749988
283.035889 -217.425293 0.902499974
283.071991 -217.313705 0.791700006
283.0737 -217.049194 0.902999997
283.064697 -216.728607 0.875699997
283.082764 -216.516907 0.891499996
283.042694 -216.298996 0.913399994
283.189209 -216.197495 0.932600021
283.105164 -215.303528 0.927733362
283.120972 -215.126297 0.926133335
283.067413 -214.911407 4.17980003
283.054993 -214.8974 4.2196002
283.057495 -214.779694 0.934700012
283.002594 -214.548096 0.941799998
283.0466 -214.090103 0.956200004
283.125732 -213.878906 0.896350026
283.049652 -213.346344 0.975199997
283.141602 -213.163895 1.01139998
283.080414 -212.959198 0.993900001
283.195587 -212.737198 0.959500015
283.195587 -212.574005 0.997300029
283.093292 -212.350403 0.950900018
283.134705 -212.385101 1.00510001
283.129303 -212.133499 0.989000022
283.032593 -212.191406 1.00310004
283.106689 -211.715195 0.979949951
283.135803 -211.347 1.01180005
283.015991 -211.068298 0.986400008
283.098206 -210.860001 1.01919997
283.117004 -210.490906 1.01660001
283.027588 -210.370193 0.979900002
283.124207 -209.944702 0.998300016
283.072205 -209.805695 1.00829995
283.002899 -209.797607 0.966400027
283.197906 -209.614502 1.0905
283.189026 -209.324203 0.980549991
283.063202 -209.247101 1.00039995
283.041504 -209.109161 0.979849994
283.00531 -208.464798 0.984399974
283.135498 -208.449295 1.00170004
283.158691 -208.286606 0.976000011
283.001495 -208.313004 1.00030005
283.09021 -208.142899 1.00030005
283.126404 -208.031296 2.45350003
283.085114 -207.8797 0.999599993
283.176697 -207.812607 2.5309999
283.064606 -207.707504 1.01989996
283.161896 -207.7565 2.37290001
283.171295 -207.568497 1.0165
283.044189 -206.878494 1.02450001
283.029205 -206.300507 1.03429997
283.119904 -206.172806 1.00370002
283.098724 -205.950516 1.04201663
283.065277 -204.92894 1.05643332
283.137024 -204.543945 1.06819999
283.171997 -204.231903 1.10909998
283.013 -204.083038 1.08745003
283.101349 -203.910934 1.09203339
283.088409 -203.610306 1.14230001
283.169098 -203.414993 1.11979997
283.082214 -203.309006 1.13820004
283.117096 -203.024902 1.13339996
283.10849 -202.872971 1.1346333
283.165009 -202.737396 1.14600003
283.126404 -202.330887 1.15330005
283.063995 -201.871399 1.15040004
283.009094 -201.746796 1.16040003
283.188293 -201.330902 1.12419999
283.0672 -200.864105 1.14030004
283.034485 -200.762207 1.21150005
283.090607 -200.496902 1.16610003
283.133301 -200.0746 1.16980004
283.294098 -219.320099 0.840200007
283.372192 -219.0867 0.833700001
283.386292 -218.9431 0.83859998
283.3367 -218.509201 0.875800014
283.299927 -218.336029 0.85103333
283.393494 -218.168793 0.894200027
283.314636 -217.498062 0.889633358
283.20459 -217.212006 0.943000019
283.320679 -216.879852 0.916400015
283.396515 -216.713394 0.869400024
283.313995 -216.433548 0.908100009
283.235687 -216.554794 1.04359996
283.315247 -216.296295 0.938549995
283.363586 -216.005798 0.889500022
283.235779 -215.964752 0.912050009
283.36499 -215.615906 0.889599979
283.35379 -215.583298 0.911899984
283.34549 -214.771896 0.967199981
283.398102 -214.432602 0.948800027
283.287109 -214.252258 0.942700028
283.245789 -213.890594 0.962700009
283.377258 -213.706543 0.951849997
283.242615 -213.476807 0.94569999
283.297546 -213.119843 0.968299985
283.258179 -212.713699 0.979550004
283.320312 -212.473007 0.978100002
283.338989 -212.221893 0.996900022
283.273895 -212.064804 0.978100002
283.253601 -211.848099 0.945200026
283.290894 -211.740402 0.99940002
283.385986 -211.199707 0.974799991
283.253998 -210.88855 1.01104999
283.24649 -210.771606 1.00240004
283.244873 -209.422546 0.994699955
283.280701 -209.554504 1.02034998
283.234009 -209.3367 1.00279999
283.26059 -209.092407 0.993399978
283.31665 -208.889252 0.975950003
283.259613 -208.738007 0.975899994
283.324036 -208.536041 0.976000011
283.275604 -208.366104 1.00569999
283.30069 -208.284897 2.49699998
283.226013 -208.020493 0.993099988
283.257385 -207.8022 1.00979996
283.364899 -207.994705 2.55430007
283.265015 -207.765106 0.989700019
283.220337 -207.701843 1.01200008
283.286102 -207.651306 2.55749989
283.309906 -207.557693 0.997699976
283.270355 -206.722153 1.02824998
283.344727 -206.486755 1.02504992
283.215302 -206.345795 1.03830004
283.314392 -205.927734 1.02962494
283.303802 -205.632507 0.986100018
283.329041 -205.650299 1.03189993
283.323059 -205.490509 1.04384995
283.3013 -205.333496 1.03620005
283.313812 -204.907806 1.06040001
283.288605 -204.4841 1.06219995
283.31366 -203.912704 1.08877492
283.248169 -203.689346 1.10430002
283.209595 -203.249496 1.14639997
283.224213 -202.205307 1.15960002
283.359711 -202.065796 1.16390002
283.36319 -201.886902 1.15149999
283.277893 -201.486496 1.14230001
283.282288 -201.250946 1.16144991
283.315704 -201.073593 1.15900004
283.394806 -200.941101 1.13100004
283.386688 -200.8517 1.2069
283.341614 -200.632568 1.15696669
283.232086 -200.407593 1.14569998
283.444702 -219.466507 0.835099995
283.575989 -219.369598 0.799600005
283.491394 -219.031906 0.832099974
283.529846 -218.480011 0.842400014
283.533386 -218.238495 0.872900009
283.466095 -218.016296 0.87650001
283.4505 -217.515701 0.883899987
283.586304 -217.177307 0.91109997
283.565002 -216.704605 0.897300005
283.442413 -216.456299 0.903500021
283.547211 -216.360901 0.856400013
283.548401 -216.060806 0.902750015
283.465576 -215.761902 0.876950026
283.51767 -215.321442 0.920766652
283.502869 -215.103806 0.927100003
283.551514 -214.933502 0.940900028
283.422913 -214.240402 0.966700017
283.573792 -213.912399 0.944500029
283.459686 -213.721191 0.948700011
283.454437 -213.549164 0.943333328
283.518097 -213.276627 0.957566679
283.493652 -213.015808 0.985100031
283.487 -212.6521 0.959399998
283.537689 -212.510193 0.979099989
283.487915 -212.393204 0.983399987
283.488098 -212.091537 0.980866671
283.503693 -211.889999 0.979633331
283.418701 -211.7202 1.01199996
283.536163 -211.343048 0.974550009
283.451691 -211.130493 0.98150003
283.465027 -211.052795 1.01049995
283.451996 -210.667099 0.985400021
283.579498 -210.501907 1.02059996
283.525696 -210.293701 0.992799997
283.518677 -210.303558 1.02935004
283.487549 -210.086761 1.03260005
283.547485 -209.822998 0.976700008
283.51001 -209.895096 1.01530004
283.573486 -209.772797 0.994199991
283.529907 -209.138901 1.00635004
283.506836 -208.914963 0.971199989
283.570801 -208.439194 2.53570008
283.545502 -208.056595 2.53979993
283.425415 -208.158096 2.6500001
283.59491 -207.841599 0.998600006
283.403107 -207.888 2.59200001
283.521698 -207.229599 0.991599977
283.564789 -207.181595 0.999800026
283.411713 -207.100998 1.00139999
283.405792 -206.6035 1.01530004
283.577301 -206.46109 1.03605008
283.406189 -206.369202 1.03410006
283.495697 -206.073868 1.026775
283.458008 -205.652252 1.03030002
283.537689 -205.501892 1.02084994
283.482666 -205.236206 1.05075002
283.439209 -205.058899 1.04470003
283.541443 -204.52417 1.06360006
283.5159 -204.212906 1.07640004
283.434204 -204.051697 1.09570003
283.519287 -203.906204 1.11960006
283.455261 -203.682297 1.09490001
283.546753 -203.505402 1.11105001
283.467194 -203.363205 1.11300004
283.464233 -202.934296 1.11945009
283.469635 -202.478928 1.13996673
283.448395 -202.381104 1.16330004
283.483582 -201.947556 1.15265
283.5242 -201.478897 1.16709995
283.533356 -201.333542 1.14873326
283.539795 -200.821793 1.14419997
283.589386 -200.726105 1.15999997
283.510193 -200.427002 1.14219999
283.485718 -200.29541 1.13864994
283.550293 -200.0849 1.16219997
283.601898 -219.690598 0.821500003
283.669708 -219.119904 0.796899974
283.749512 -218.544495 0.862500012
283.719055 -218.135559 0.859300017
283.759888 -217.708099 0.859200001
283.70871 -216.831406 0.900399983
283.712585 -216.462204 0.905399978
283.60611 -216.071304 0.865499973
283.668701 -215.883804 0.894999981
283.696289 -215.709427 0.91536665
283.633728 -215.454361 0.926400006
283.742615 -214.716507 0.946099997
283.664978 -214.433289 0.94265002
283.782715 -214.311096 0.961700022
283.723541 -214.04657 0.964266658
283.640503 -213.730194 0.95630002
283.687439 -213.462097 0.953299999
283.760193 -213.102493 1.00139999
283.623108 -212.907898 0.966300011
283.731995 -212.651306 0.958199978
283.704773 -212.475693 0.968549967
283.708588 -212.349503 0.9745
283.682892 -212.084305 1.01390004
283.679932 -211.893402 0.973899961
283.647003 -211.765594 0.982599974
283.621307 -211.354996 0.9921
283.790802 -210.647003 0.99059999
283.738831 -210.701202 1.02460003
283.647797 -210.436996 0.997500002
283.745392 -210.555801 1.03149998
283.764313 -210.318604 0.957300007
283.686401 -210.190399 0.962199986
283.74411 -210.018494 1.00680006
283.611389 -209.7789 0.943499982
283.679993 -209.497742 0.961449981
283.645386 -209.329605 0.986500025
283.66626 -209.057343 0.95934999
283.679901 -208.848602 0.970799983
283.696808 -208.611496 2.37290001
283.764801 -208.506195 2.52169991
283.688202 -208.357697 2.5236001
283.748901 -208.320801 2.70650005
283.794098 -208.064804 0.974600017
283.687012 -207.981094 0.990100026
283.730408 -207.703506 0.980400026
283.63501 -207.492996 1.02069998
283.716187 -207.085999 1.01950002
283.696411 -206.917404 1.03620005
283.699036 -206.6931 1.01294994
283.602386 -206.248199 1.01310003
283.728394 -206.140793 1.01680005
283.714752 -205.636551 1.03454995
283.759216 -205.47345 1.04224992
283.644012 -205.229904 1.03709996
283.673889 -205.120209 1.04614997
283.702911 -204.617432 1.04643333
283.708313 -204.569199 1.06079996
283.712799 -204.237198 1.05879998
283.708618 -204.037994 1.07437503
283.775879 -203.645996 1.11470008
283.712341 -203.531693 1.10430002
283.693787 -203.197403 1.12839997
283.723114 -202.996796 1.12279999
283.710297 -202.485596 1.13300002
283.7388 -202.362396 1.13590002
283.711243 -201.904388 1.13230002
283.722656 -201.730042 1.153
283.746307 -201.504471 1.15059996
283.63681 -201.074203 1.16159999
283.782593 -200.630905 1.14929998
283.769409 -200.399994 1.19029999
283.921692 -219.512207 0.825600028
283.992004 -219.245499 0.805100024
283.846985 -219.039902 0.798300028
283.825256 -219.106293 0.859650016
283.869659 -218.877304 0.854399979
283.88446 -218.432053 0.861150026
283.860107 -218.379898 0.837100029
283.874786 -217.644806 0.891600013
283.897186 -217.468201 0.877799988
283.925598 -217.348694 0.9023
283.936096 -216.868301 0.859700024
283.846405 -216.967102 4.19460011
283.945007 -216.776398 0.886200011
283.846375 -216.493835 0.899466693
283.971008 -216.232193 0.90990001
283.960449 -215.74675 0.931699991
283.966705 -215.490845 0.924350023
283.972107 -215.032806 0.929700017
283.898895 -214.944199 0.91170001
283.893097 -214.736389 0.949800014
283.872864 -214.508636 0.935500026
283.831085 -214.227997 0.945900023
283.907166 -214.158142 0.954450011
283.931702 -213.277206 0.973200023
283.873596 -213.109604 0.975199997
283.932129 -212.874207 0.95389998
283.815002 -212.471603 0.98210001
283.983459 -212.323502 0.96239996
283.904694 -212.058594 1.00740004
283.865112 -211.850601 0.980099976
283.925049 -211.737854 0.971549988
283.867249 -211.44696 0.989149988
283.866913 -211.357803 0.953999996
283.89856 -211.060242 1.02474999
283.950806 -210.878906 0.983099997
283.959015 -210.643707 0.957799971
283.897614 -210.690506 1.00199997
283.874512 -210.275696 0.935400009
283.824707 -209.715195 0.952899992
283.873596 -209.474304 0.946099997
283.839508 -209.319504 0.95660001
283.938293 -208.977493 0.984899998
283.878906 -208.745193 0.987500012
283.968201 -208.516495 0.974949956
283.874847 -208.49939 2.31360006
283.876587 -208.557297 2.67549992
283.863312 -208.134903 0.99059999
283.899811 -207.9552 0.968200028
283.84671 -207.537094 1.00969994
283.932007 -207.084808 1.01676667
283.952393 -206.809097 1.01279998
283.978607 -206.746338 1.00964999
283.900177 -206.285965 1.0298667
283.910889 -206.02095 1.0223999
283.921661 -205.853302 1.02734995
283.880493 -205.69783 1.02423334
283.97821 -205.471603 1.02590001
283.965515 -205.241104 1.02479994
283.902527 -205.115387 1.03935003
283.838593 -204.698196 1.05120003
283.913055 -204.15097 1.07229996
283.891541 -203.74704 1.08270001
283.825287 -203.476898 1.10239995
283.805389 -203.200607 1.11430001
283.897827 -203.160004 1.10906672
283.952209 -202.548798 1.12839997
283.965302 -202.317993 1.13419998
283.881104 -202.014603 1.14090002
283.928497 -201.823196 1.17299998
283.865387 -201.770294 1.13829994
283.858398 -201.441193 1.15840006
283.9039 -201.335907 1.21249998
283.872314 -200.957153 1.14564991
283.930603 -200.278107 1.16729999
284.151855 -219.903046 0.84829998
284.154907 -219.448196 0.832499981
284.023193 -219.101196 0.841650009
284.077271 -218.321259 0.883650005
284.097839 -218.133606 0.861500025
284.134399 -217.984497 0.880900025
284.1474 -217.605103 0.867299974
284.16449 -217.490295 0.901199996
284.020996 -217.032196 0.908299983
284.032715 -216.9785 0.913900018
284.119385 -216.728897 0.888400018
284.071167 -216.514603 0.907099962
284.08075 -216.093506 0.925899982
284.032227 -215.928802 0.924433351
284.168213 -215.517502 0.958500028
284.167847 -215.310242 0.910249949
284.138214 -215.100906 0.9375
284.135193 -214.930359 0.930000007
284.067505 -214.602295 0.93900001
284.087036 -214.258102 0.939866662
284.138123 -214.068848 0.944800019
284.10965 -213.645248 0.956399977
284.062592 -213.471207 0.956900001
284.166687 -212.9198 0.957000017
284.096497 -212.914398 1.00279999
284.185608 -212.464996 0.979799986
284.157837 -212.363953 0.954200029
284.015991 -212.145493 0.976300001
284.141205 -211.904297 0.981899977
284.122986 -211.455994 1.00179994
284.163391 -211.312607 0.988799989
284.093506 -211.270798 1.01660001
284.124847 -211.03923 0.988966644
284.151703 -210.873398 0.966899991
284.096802 -210.501251 0.97025001
284.173798 -210.051407 0.930700004
284.102509 -209.520996 0.975950003
284.173615 -209.2948 2.32139993
284.157501 -209.150208 0.952000022
284.05899 -209.082199 2.34669995
284.13269 -209.044495 2.69639993
284.127899 -208.886993 0.978900015
284.146393 -208.874298 2.27180004
284.078705 -208.878754 2.67925
284.196289 -208.536804 0.989300013
284.094604 -208.304993 0.984099984
284.137939 -208.102402 0.989199996
284.081238 -207.941391 0.981333315
284.155304 -207.707108 0.976100028
284.15921 -207.300705 0.983699977
284.082794 -207.373505 1.00689995
284.083893 -207.089905 1.01349998
284.040192 -206.991302 1.00650001
284.199188 -206.7034 1.01339996
284.0271 -206.547897 1.0352
284.042786 -206.276855 1.02394998
284.144562 -206.066101 1.03649998
284.031494 -205.854797 1.0273
284.105347 -205.682465 1.01526666
284.05835 -205.5522 1.02390003
284.151794 -205.312042 1.0311501
284.059143 -204.748352 1.04620004
284.032288 -204.414902 1.05579996
284.069092 -204.372406 1.05229998
284.125793 -204.145248 1.06229997
284.142303 -203.815704 1.08319998
284.128662 -203.719101 1.0868001
284.025391 -203.545898 1.10010004
284.152405 -203.246994 1.10360003
284.160797 -202.828995 1.09179997
284.039612 -202.680603 1.11150002
284.093414 -202.377594 1.13870001
284.075043 -202.0457 1.13269997
284.088501 -201.590103 1.12189996
284.145905 -201.314102 1.13779998
284.033203 -200.584198 1.18610001
284.286102 -219.901505 0.879299998
284.337311 -219.300995 0.803600013
284.204315 -219.052094 0.83920002
284.288208 -218.725647 0.865450025
284.366089 -217.459991 0.900650024
284.379089 -217.385605 0.895200014
284.32309 -217.119003 0.765999973
284.361359 -216.913147 0.891900003
284.342712 -216.671204 0.920700014
284.307953 -216.451508 0.933899999
284.349487 -215.893005 0.919350028
284.321808 -215.4095 0.952300012
284.339325 -215.091003 0.92264998
284.348999 -214.9039 1.03799999
284.338898 -214.677292 0.916749954
284.322815 -214.496201 0.943799973
284.312103 -214.295303 0.940299988
284.349854 -214.087616 0.95630002
284.281586 -213.903 0.950999975
284.249023 -213.61676 0.937999964
284.259491 -213.787094 1.03299999
284.341248 -213.549652 0.900650024
284.255798 -213.289505 0.968200028
284.310394 -213.075546 0.962949991
284.356506 -212.872604 0.972199976
284.319763 -212.71875 0.962499976
284.246185 -212.300903 0.98269999
284.360596 -212.136902 0.942799985
284.312561 -211.816849 1.00125003
284.366089 -211.606995 0.95599997
284.365997 -211.479294 0.964699984
284.202393 -211.460495 1.0079
284.276306 -211.307236 0.954033315
284.214508 -211.138901 0.941999972
284.336609 -210.796097 0.935699999
284.269165 -210.497696 0.945866704
284.246155 -210.191803 0.950199962
284.287201 -209.947205 0.972499967
284.258667 -209.739899 0.961250007
284.227203 -209.294495 0.971300006
284.296814 -209.202499 2.51139998
284.325409 -209.234695 2.64820004
284.273987 -209.014099 0.946799994
284.296997 -209.131302 2.27670002
284.361786 -208.318497 0.962199986
284.352234 -208.092697 0.983299971
284.278809 -207.432495 0.986199975
284.346802 -207.520203 1.00109994
284.3396 -207.043396 1.01269996
284.203613 -206.963806 0.991400003
284.32254 -206.923248 1.00504994
284.213409 -206.763 1.04279995
284.221893 -206.425293 1.01810002
284.289001 -206.198395 1.00580001
284.269196 -205.854904 1.01180005
284.345215 -205.478058 1.02760005
284.25 -205.247101 1.0223
284.341919 -204.869553 1.02594995
284.272919 -204.732697 1.02806664
284.274689 -204.487701 1.04879999
284.265289 -204.306793 1.06229997
284.217987 -204.046204 1.07239997
284.329346 -203.722137 1.0916667
284.304596 -203.470901 1.09930003
284.368591 -203.356293 1.10300004
284.361511 -202.727097 1.09979999
284.220154 -202.145538 1.14094996
284.297089 -201.833359 1.1353333
284.386597 -201.202698 1.13909996
284.273804 -200.914536 1.15339994
284.29071 -200.504211 1.15215003
284.292297 -200.438095 1.21650004
284.391388 -200.257095 1.18139994
284.320709 -200.038803 1.1688
284.489594 -219.231705 0.822799981
284.544189 -219.167496 0.832499981
284.432312 -218.634903 4.30089998
284.43869 -218.520493 0.863499999
284.538086 -218.172195 0.872099996
284.471008 -217.948196 0.87559998
284.412231 -217.503052 0.874799967
284.467804 -217.352737 0.890999973
284.434387 -217.199799 0.871200025
284.447205 -216.363098 0.924950004
284.488007 -215.8228 0.925400019
284.444885 -215.6436 0.939800024
284.481445 -215.309753 0.941699982
284.573914 -215.158096 0.937099993
284.452515 -214.572495 0.956700027
284.497498 -213.87149 0.963699996
284.544312 -213.459991 0.952549994
284.462891 -213.305893 0.964599967
284.437347 -212.911407 0.969150007
284.597992 -212.924393 1.01440001
284.415985 -212.685303 0.952499986
284.593292 -212.552597 0.95630002
284.492615 -212.202393 0.990800023
284.519409 -212.028 0.968500018
284.466187 -211.837006 0.97179997
284.507324 -211.964798 1.01734996
284.46759 -211.700699 0.975040019
284.5802 -211.492996 0.939999998
284.452148 -211.166245 0.936100006
284.446014 -210.881805 0.931699991
284.522827 -210.659454 0.959550023
284.430389 -210.244507 0.927900016
284.522797 -210.156693 0.958199978
284.569611 -209.730698 0.94749999
284.50351 -209.713501 2.30749989
284.447113 -209.446304 2.68239999
284.479187 -209.224594 0.950900018
284.432404 -209.303299 2.27519989
284.546692 -209.366501 2.49670005
284.46701 -208.961899 0.958000004
284.544006 -208.502106 0.934000015
284.459045 -208.286957 0.984750032
284.498535 -208.055557 0.971599996
284.53949 -207.868805 0.998399973
284.546906 -207.668503 0.986400008
284.416107 -207.448395 0.986500025
284.500732 -207.310104 0.992449999
284.503693 -207.259399 1.01030004
284.518127 -207.028442 0.997699976
284.594513 -206.666702 0.98360002
284.452087 -206.408493 1.01390004
284.540497 -206.3591 1.02600002
284.48941 -206.082001 1.01520002
284.464111 -205.504105 1.01020002
284.541595 -205.162292 1.01069999
284.591492 -204.999496 0.998700023
284.519012 -204.792496 1.02250004
284.460602 -204.293976 1.05089998
284.573792 -204.032501 1.07529998
284.461609 -203.892197 1.08710003
284.586792 -203.652893 1.07379997
284.509705 -203.348099 1.09580004
284.485291 -203.001007 1.11049998
284.446777 -202.769043 1.10504997
284.490601 -202.544601 1.10029995
284.526886 -202.240402 1.11960006
284.48111 -202.146103 1.1207
284.588898 -201.910995 1.14429998
284.508301 -200.968994 1.15880001
284.509338 -200.700378 1.14122498
284.492065 -200.286301 1.16240001
284.776489 -219.804794 0.820100009
284.703552 -219.660538 0.834899962
284.660889 -219.368393 0.851899981
284.712097 -219.052704 0.839999974
284.603699 -218.993607 0.847500026
284.786407 -218.695999 0.860700011
284.640991 -218.271194 0.855100036
284.786804 -218.063599 0.89319998
284.696594 -217.939804 0.865499973
284.675293 -217.744797 0.868200004
284.786591 -217.209106 0.955500007
284.775299 -217.070602 0.881399989
284.700989 -216.883698 0.909600019
284.711304 -216.723999 0.883300006
284.610901 -216.336594 0.915000021
284.709503 -216.014297 0.887799978
284.741699 -215.938004 0.923500001
284.683411 -215.615601 0.89200002
284.765991 -215.477539 0.937099993
284.717773 -215.229706 0.937150002
284.748199 -215.087906 0.920799971
284.602722 -214.855652 0.940850019
284.612915 -214.631607 0.94569999
284.751099 -214.450394 0.960300028
284.786407 -214.010895 0.960600019
284.675598 -213.952393 0.942399979
284.775787 -213.742004 0.954300046
284.642487 -213.524307 0.95569998
284.717285 -213.198105 0.960399985
284.726593 -213.018295 1
284.796387 -212.701004 0.984300017
284.790588 -212.405594 0.940100014
284.751587 -212.436005 1.0007
284.670654 -212.132812 0.976150036
284.679077 -211.930206 0.949849963
284.769562 -211.466034 0.939033329
284.667786 -211.319641 0.938199997
284.644897 -210.982498 0.95450002
284.64679 -210.690094 0.950600028
284.662201 -210.513153 0.951699972
284.749481 -210.344467 0.938033342
284.684814 -210.147705 0.9648
284.612305 -209.914093 2.3427999
284.723145 -209.873947 2.50395012
284.699188 -209.698502 0.93629998
284.692596 -209.461502 0.969699979
284.67511 -209.552795 2.52800012
284.601807 -209.179794 0.976899981
284.676208 -208.944107 0.95844996
284.683929 -208.723495 0.955533326
284.646606 -208.414307 0.966600001
284.783508 -208.044495 0.9648
284.693176 -207.855896 0.976350009
284.640289 -207.794296 1.00580001
284.673889 -207.2892 0.988200009
284.748901 -207.275803 1.03079998
284.7966 -207.061905 0.980000019
284.645508 -207.018402 1.01709998
284.7453 -206.644608 0.975099981
284.708313 -206.548309 0.988150001
284.702606 -206.475952 1.00285006
284.752106 -206.082977 1.00465
284.651306 -205.897003 0.994400024
284.619629 -205.903748 1.00724995
284.664795 -204.820801 0.992900014
284.675354 -204.264053 1.06075001
284.653412 -204.017807 1.07200003
284.653503 -203.823349 1.08375001
284.781586 -203.745193 1.08309996
284.726196 -203.431198 1.06939995
284.691101 -202.945251 1.10099995
284.699829 -202.356201 1.11409998
284.768799 -202.180603 1.09940004
284.667511 -201.551102 1.12170005
284.614594 -201.1884 1.12839997
284.70871 -200.914993 1.13530004
284.914398 -219.913895 4.41289997
284.872986 -219.758499 0.845749974
284.92749 -219.453506 0.77640003
284.970062 -219.316605 0.835233331
284.918884 -218.737549 0.848999977
284.947601 -218.144699 0.877799988
284.966797 -217.462708 0.915899992
284.949341 -217.239136 0.915199995
284.843506 -217.073593 0.89410001
284.849701 -216.670395 0.904299974
284.875092 -216.316803 0.904999971
284.852783 -215.876709 0.917750001
284.902405 -215.750595 0.928900003
284.842194 -215.421494 0.897499979
284.847809 -214.839005 0.935299993
284.836212 -214.7854 0.942099988
284.86969 -214.514954 0.947600007
284.872803 -214.284805 0.951900005
284.831909 -214.126007 0.949000001
284.893005 -213.938797 0.974099994
284.81781 -213.613297 0.963199973
284.869598 -213.022003 1.0474
284.939758 -212.850906 0.95964998
284.825714 -212.934097 1.00960004
284.894226 -212.65387 0.95356667
284.851807 -212.721848 1.02469993
284.829895 -212.591293 0.965600014
284.928802 -212.1418 0.923499942
284.815887 -211.947693 0.912500024
284.9245 -211.673859 0.946633339
284.860901 -211.549194 0.929199994
284.869049 -211.371597 0.947399974
284.962341 -210.917389 0.935750008
284.921875 -210.649765 0.956466675
284.953003 -210.567703 0.956200004
284.993103 -210.544296 2.32259989
284.832306 -210.406097 2.46810007
284.926605 -210.390594 0.961799979
284.99881 -210.309998 2.4677999
284.904114 -210.028 2.33699989
284.855042 -210.136261 2.51556659
284.870697 -209.960602 2.48760009
284.813599 -209.566406 0.969099998
284.878693 -209.256302 0.924799979
284.925598 -208.658905 0.976100028
284.843079 -208.570557 0.977650046
284.963501 -208.375305 0.959999979
284.881958 -208.107773 0.964625001
284.960785 -207.679794 0.983699977
284.8461 -207.472397 0.989600003
284.932007 -207.251846 0.995350003
284.812897 -206.861404 0.995199978
284.871094 -206.880798 1.00399995
284.828094 -206.603897 0.992799997
284.929504 -206.309906 1.00479996
284.982697 -206.066345 0.988250017
284.91214 -205.5233 0.989000022
284.842041 -205.009201 0.984250009
284.9375 -204.936493 0.996200025
284.937592 -204.655807 1.0194
284.840332 -204.507996 1.02915001
284.925659 -204.283905 1.06819999
284.892914 -204.172104 1.06029999
284.9552 -203.994904 1.06589997
284.980103 -203.460098 1.07490003
284.869598 -203.316696 1.14059997
284.895508 -203.057495 1.08844995
284.814606 -202.917206 1.10749996
284.948395 -202.569504 1.10529995
284.855713 -202.037003 1.10339999
284.962891 -201.7117 1.12839997
284.927399 -201.436005 1.14540005
284.951813 -201.389404 1.13950002
284.912537 -201.13533 1.15026665
284.884888 -200.8022 1.15579998
284.825592 -200.774506 1.1286
284.85141 -200.384399 1.14970005
285.137085 -219.478394 0.860800028
285.08429 -219.082092 0.864349961
285.142273 -218.315002 0.868950009
285.07431 -218.119507 0.862500012
285.112305 -217.666946 0.88440001
285.171448 -217.468262 0.906450033
285.138702 -217.070297 0.914033353
285.104401 -216.834045 0.904649973
285.020447 -216.661301 0.912899971
285.066803 -216.435196 0.913699985
285.063751 -216.151031 0.924633324
285.0289 -215.849899 0.923099995
285.001892 -215.609406 0.930800021
285.139343 -214.849304 0.953599989
285.097687 -214.617599 0.959500015
285.136963 -214.28595 0.955500007
285.143005 -214.04245 0.973199964
285.139587 -213.888458 0.970000029
285.136108 -213.677704 0.9824
285.152313 -213.435898 0.953800023
285.144012 -213.294006 0.963850021
285.0802 -213.122498 0.960200012
285.160858 -212.882004 0.934249997
285.116272 -212.502106 0.93325001
285.190887 -212.399704 0.936699986
285.090302 -212.010406 0.925499976
285.037811 -211.582993 0.926999986
285.0047 -211.372406 0.930299997
285.131561 -211.178452 0.954050004
285.074158 -210.686752 2.48329997
285.089813 -210.308807 0.944474995
285.028687 -210.393204 2.50040007
285.077087 -210.266006 2.66240001
285.012604 -210.195999 0.933799982
285.045502 -210.161697 2.50079989
285.057373 -209.712799 0.956650019
285.002991 -209.547699 0.958899975
285.068268 -209.315338 0.956520021
285.064819 -209.140747 0.967949986
285.143005 -208.703995 0.956099987
285.055115 -208.4711 0.955299973
285.118591 -208.308655 0.975649953
285.114594 -208.058899 0.979300022
285.153107 -208.188507 1.00310004
285.116486 -207.714203 0.984200001
285.074158 -207.103455 0.98845005
285.092804 -206.980194 0.990199983
285.070007 -206.828094 1.0079
285.087189 -206.618698 0.972599983
285.067902 -206.255493 0.996099949
285.118896 -206.112244 1.00674999
285.163513 -205.810501 1.00150001
285.169312 -205.720901 0.972800016
285.16275 -205.654297 1.01115
285.076172 -205.50119 0.981899977
285.060333 -205.349426 0.980333328
285.068909 -205.161499 0.973100007
285.085846 -204.958862 0.980466664
285.18631 -204.707001 1.00539994
285.088135 -204.570099 1.02460003
285.053894 -204.080353 1.05980003
285.109894 -203.924698 1.0661
285.120911 -203.652802 1.09113336
285.178314 -203.474304 1.09029996
285.12439 -203.325699 1.09940004
285.085938 -203.156708 1.10965002
285.048096 -202.816193 1.1027
285.008392 -202.077194 1.11660004
285.128387 -201.909592 1.11316669
285.171143 -201.511047 1.14190006
285.035492 -201.366898 1.16410005
285.008087 -200.4263 1.19000006
285.325012 -219.7621 0.879599988
285.335999 -219.245407 0.839699984
285.259003 -219.028793 0.870800018
285.346405 -218.579895 0.870800018
285.253662 -218.299042 0.879050016
285.258789 -218.186798 0.872200012
285.217194 -217.594101 0.853699982
285.288147 -216.917389 0.910699964
285.287781 -216.525146 0.922799945
285.233612 -216.034393 0.926900029
285.292236 -215.866898 0.93296665
285.277191 -215.728806 0.922550023
285.269501 -215.291031 0.9278
285.220795 -215.104706 0.90170002
285.252686 -214.854599 0.941500008
285.316528 -214.442551 0.955250025
285.230499 -214.081696 0.982500017
285.28186 -213.928604 0.952849984
285.288971 -213.673004 0.95282501
285.260193 -213.564407 0.943599999
285.346924 -212.665451 0.939975023
285.231201 -212.446198 0.938899994
285.292969 -212.150848 0.926349998
285.308105 -211.903595 0.947000027
285.301788 -211.694107 0.933899999
285.275513 -211.468765 0.947566688
285.2453 -211.186707 0.940400004
285.372009 -211.134003 2.29069996
285.330688 -210.887405 0.950800002
285.259186 -210.950897 2.33789992
285.265991 -210.695099 2.45560002
285.348114 -210.634003 2.67720008
285.286072 -210.475494 0.949699998
285.239899 -210.3927 0.958199978
285.201813 -210.358994 2.48760009
285.29834 -209.961853 0.966449976
285.321106 -209.709229 0.949900031
285.288635 -209.493011 0.963999987
285.299103 -209.339996 0.978600025
285.378113 -209.157898 0.938300014
285.365601 -208.826294 0.978999972
285.257904 -208.334305 0.967899978
285.380493 -208.1745 0.963699996
285.257385 -207.90274 0.972949982
285.372406 -207.765396 0.970499992
285.370056 -207.286407 0.991750002
285.362 -207.007095 1.00139999
285.26001 -206.889999 0.974099994
285.347595 -206.677399 0.980700016
285.223297 -206.249496 0.983099997
285.356415 -206.036896 0.990800023
285.359497 -205.8564 1.01960003
285.306793 -205.753494 0.983500004
285.301392 -205.626602 1.00039995
285.267303 -205.355606 0.994799972
285.201294 -205.146301 0.988799989
285.360413 -205.15564 1.00180006
285.264893 -204.927002 1.01800001
285.314148 -204.719299 1.02725005
285.273956 -204.511978 1.04779994
285.301025 -204.319794 1.05925
285.298828 -204.106842 1.07010007
285.313538 -203.908401 1.07774997
285.324402 -203.600998 1.09609997
285.267212 -203.243103 1.07420003
285.37915 -203.126007 1.08679998
285.372986 -202.908295 1.09809995
285.338715 -202.396698 1.09580004
285.36441 -202.194794 1.10520005
285.27179 -201.6689 1.12590003
285.243988 -201.481201 1.13540006
285.231903 -201.133301 1.14129996
285.20929 -200.922806 1.16100001
285.236115 -200.731995 1.16219997
285.273651 -200.59494 1.15700006
285.314087 -200.384399 1.17649996
285.437378 -219.896103 0.837149978
285.487915 -219.6436 0.850300014
285.532104 -219.140442 0.877349973
285.561401 -218.843002 0.833899975
285.588501 -218.5569 0.922699988
285.475586 -217.697845 0.886950016
285.408813 -217.186295 0.908500016
285.419403 -216.858994 0.887799978
285.579498 -216.578506 0.921599984
285.463196 -216.103302 0.90474999
285.50647 -215.968948 0.93204999
285.450897 -215.702103 0.923099995
285.400787 -215.367905 0.947700024
285.41391 -215.036194 0.926299989
285.5914 -214.956299 0.962700009
285.57019 -214.704803 0.955749989
285.497711 -214.435806 0.939100027
285.448792 -214.561005 1.01020002
285.454498 -214.286652 0.952849984
285.467255 -214.140305 0.922100008
285.590607 -213.747299 0.943000019
285.522888 -213.459396 0.931299984
285.437714 -212.703003 0.945900023
285.451721 -212.480698 0.904900014
285.494171 -212.234833 0.933966696
285.529602 -211.939606 0.951699972
285.506714 -211.708237 0.946633339
285.458893 -211.149597 0.954400003
285.532898 -211.059204 2.29889989
285.450104 -211.082108 2.50640011
285.438995 -210.880402 2.31399989
285.415894 -210.888199 2.67650008
285.466309 -210.686249 0.946200013
285.558716 -210.449188 0.9454
285.491974 -210.284668 0.94690001
285.49939 -210.176697 0.957799971
285.435211 -209.813202 0.949800014
285.56131 -209.636703 0.972199976
285.498291 -209.541397 0.963099957
285.507812 -209.322906 0.960500002
285.482269 -209.091431 0.962800026
285.467255 -208.893402 0.983099997
285.552185 -208.405594 0.959100008
285.485809 -208.226807 0.97390002
285.541107 -207.938507 0.967800021
285.40509 -207.708099 1.0079
285.5242 -207.519699 1.00010002
285.497314 -207.310394 0.991900027
285.495514 -207.001297 0.989899993
285.474396 -207.107101 1.00220001
285.4646 -206.948196 0.989000022
285.537811 -206.678268 0.986775041
285.508606 -206.350906 0.987699986
285.549683 -205.9104 0.997099996
285.478699 -205.872604 1.00150001
285.424805 -205.745697 0.993399978
285.56839 -205.680496 1.02699995
285.484497 -205.582199 0.996100008
285.510498 -205.464005 1.02509999
285.565063 -205.279602 1.01164997
285.454041 -205.15979 1.01849997
285.537964 -204.868988 1.03729999
285.509338 -204.753799 1.03264999
285.568115 -204.470505 1.05620003
285.528687 -204.267303 1.06560004
285.503235 -204.163727 1.0704
285.508911 -203.831299 1.1279
285.536072 -203.6745 1.07766664
285.4245 -203.395401 1.07700002
285.507599 -203.180847 1.09360003
285.480591 -202.856201 1.12469995
285.423187 -202.6306 1.09130001
285.535553 -202.459991 1.12689996
285.566193 -202.376495 1.11810005
285.537781 -202.125061 1.08835006
285.424561 -201.8647 1.11010003
285.568787 -201.604996 1.14520001
285.433685 -201.457199 1.12660003
285.524597 -200.664902 7.55410004
285.468506 -200.503296 7.27089977
285.4729 -200.576706 7.50260019
285.518188 -200.239807 6.76760006
285.590912 -200.283203 7.39659977
285.580811 -200.286743 7.52355003
285.498749 -200.096848 6.76160002
285.524109 -200.183105 6.81169987
285.569305 -200.013794 7.19759989
285.676849 -219.687897 0.835049987
285.6138 -219.330307 0.864199996
285.689087 -219.062698 0.858500004
285.77771 -218.412094 0.894200027
285.710938 -218.295547 0.877300024
285.624939 -218.123993 0.868900001
285.725769 -217.925797 0.878000021
285.663696 -217.640396 0.930700004
285.738708 -217.254196 0.905700028
285.681 -217.114395 0.906199992
285.794098 -216.928696 0.932500005
285.697968 -216.691666 0.91626668
285.691406 -216.510101 0.915899992
285.782288 -216.309494 0.904999971
285.675598 -216.160294 0.920400023
285.631409 -215.817307 0.934000015
285.675598 -215.670364 0.948966682
285.689911 -215.401993 0.959800005
285.781311 -215.250504 0.93629998
285.747559 -215.137756 0.929049969
285.709198 -214.874496 0.935100019
285.644592 -214.668091 0.930050015
285.682159 -214.143463 0.941933334
285.723633 -213.908112 0.919700027
285.778687 -213.720505 0.935699999
285.748199 -213.500702 0.940400004
285.705322 -213.26355 0.921700001
285.68399 -213.106674 0.937233329
285.716003 -212.954605 0.908999979
285.630798 -212.712799 0.894500017
285.623993 -212.564697 0.911000013
285.670288 -212.339752 0.942299962
285.667236 -212.13559 0.931599975
285.636841 -211.896637 0.92264998
285.739197 -211.975494 2.40949988
285.680634 -211.666931 0.956475019
285.766663 -211.463745 0.934199989
285.690979 -211.273972 0.953199983
285.661591 -211.274994 2.27900004
285.686798 -211.368805 2.46149993
285.732513 -210.815201 0.939199984
285.633789 -210.627106 0.932699978
285.742004 -210.561493 0.962300003
285.723114 -210.098694 0.957899988
285.651398 -209.876495 0.959800005
285.608307 -209.770798 0.949699998
285.786407 -209.433197 0.975899994
285.625885 -209.234406 0.955299973
285.70166 -209.096573 0.968124986
285.739624 -208.867599 0.945633352
285.745911 -208.262802 0.976700008
285.735901 -208.230606 1.00220001
285.694092 -208.082092 0.977649987
285.68634 -207.928162 0.977450013
285.689301 -207.3358 0.985899985
285.700806 -207.017105 0.978299975
285.621887 -206.890503 0.992299974
285.75351 -206.878494 1.01660001
285.612244 -206.639557 0.984499991
285.660522 -206.526901 0.982450008
285.716034 -206.302704 0.983900011
285.764587 -206.334396 1.02219999
285.672394 -206.156403 1
285.706238 -205.692429 1.01383328
285.610687 -205.456497 1.02059996
285.70459 -205.064651 1.04764998
285.722809 -204.875793 1.04820001
285.681396 -204.750702 1.06850004
285.640594 -204.456604 1.03340006
285.600098 -204.348999 1.06889999
285.648041 -204.062103 1.0747
285.606689 -203.960007 1.07319999
285.640991 -203.483002 1.06940007
285.621613 -203.382202 1.10510004
285.609192 -202.461304 1.10510004
285.717255 -202.31189 1.11794996
285.663086 -202.147995 1.12129998
285.628815 -201.894897 1.16059995
285.682556 -201.66684 1.12684989
285.676392 -201.417404 1.16690004
285.708862 -201.305939 1.14275002
285.730377 -200.71257 7.58283329
285.684662 -200.726715 7.67102528
285.701904 -200.671799 7.91120005
285.710785 -200.574295 7.37290001
285.638977 -200.491745 7.42265034
285.690277 -200.505829 7.68300009
285.675598 -200.466263 7.94136667
285.647003 -200.506699 8.0685997
285.734314 -200.217697 1.16359997
285.749786 -200.285995 6.75089979
285.692261 -200.2686 6.8512001
285.642212 -200.224106 7.09000015
285.695953 -200.293091 7.48847485
285.749908 -200.304947 7.66232491
285.665497 -200.360794 8.03680038
285.670288 -200.006805 1.2464
285.793304 -200.182205 6.52029991
285.696442 -200.080231 6.72186661
285.667053 -200.104645 6.91402531
285.765991 -200.068298 7.00434971
285.886993 -219.956696 0.825200021
285.836914 -219.203903 0.852800012
285.960388 -219.175705 0.859600008
285.940094 -218.974197 0.844399989
285.852509 -218.646698 0.866900027
285.980103 -218.2565 0.884800017
285.926514 -218.160904 0.892700016
285.875214 -217.637405 0.922500014
285.953613 -217.296112 0.955749989
285.821228 -217.059738 0.91323334
285.969208 -216.419296 0.948199987
285.892792 -216.354797 0.94660002
285.8414 -216.075272 0.934300005
285.950378 -215.880341 0.930199981
285.844299 -215.854507 1.01069999
285.877594 -215.643951 0.931349993
285.901306 -215.345001 0.929400027
285.991089 -215.013794 0.926699996
285.969208 -214.297333 0.92809999
285.923096 -214.084702 0.928900003
285.896912 -213.860352 0.935350001
285.95459 -213.739899 0.972199976
285.812286 -213.537552 0.909649968
285.923096 -213.227493 0.93629998
285.982666 -213.093842 0.935400009
285.971985 -212.827606 0.922399998
285.859985 -212.7202 0.947999954
285.889709 -212.435898 0.930350006
285.933502 -212.403 2.30180001
285.954803 -212.4543 2.44729996
285.889191 -212.287598 0.933950007
285.88559 -212.192307 0.927900016
285.975891 -212.012695 2.31030011
285.969208 -212.149994 2.47020006
285.969238 -211.874359 0.934550047
285.825989 -211.9263 2.66160011
285.919006 -211.749893 0.958999991
285.904785 -211.791702 2.25410008
285.844513 -211.667694 2.46819997
285.805511 -211.639206 2.61590004
285.888458 -211.443634 0.943433344
285.819397 -211.589493 2.30430007
285.865173 -211.281708 0.951200008
285.871399 -211.039795 0.947600007
285.962891 -210.749802 0.954900026
285.921204 -210.479492 0.947400033
285.866821 -210.328903 0.948650002
285.802094 -209.834396 0.961799979
285.883118 -209.497009 0.960350037
285.945404 -209.331299 0.975700021
285.843811 -209.195496 0.972599983
285.920166 -208.870941 0.963400006
285.886047 -208.761688 0.972849965
285.835144 -208.536148 0.952099979
285.843414 -208.275696 0.975099981
285.861084 -208.042206 0.9745
285.930389 -207.932098 0.96359998
285.893372 -207.7052 0.977649987
285.912109 -207.333649 0.982200027
285.966888 -207.254196 1.0115
285.887787 -207.054001 0.992799997
285.867096 -207.142303 1.01090002
285.818207 -206.8685 1.00709999
285.902802 -206.642395 0.999199986
285.929199 -206.401794 1.03579998
285.987488 -206.018005 0.981100023
285.832489 -205.912598 0.997399986
285.883362 -205.712646 1.01699996
285.956512 -205.516006 1.05159998
285.868958 -205.316849 1.04760003
285.893372 -205.031799 1.04745007
285.842987 -204.885498 1.04849994
285.800995 -204.428406 1.05569994
285.857513 -204.237198 1.06519997
285.818695 -204.024094 1.07420003
285.974792 -203.969406 1.06780005
285.898804 -203.759399 1.07159996
285.893402 -203.596405 1.07389998
285.981415 -203.214005 1.08899999
285.898193 -202.883224 1.07783329
285.87149 -202.576904 1.08430004
285.997101 -202.327194 1.09940004
285.899109 -202.151596 1.11559999
285.847107 -201.647705 1.12839997
285.888397 -201.234207 4.98670006
285.910492 -201.28566 5.05270004
285.966614 -201.226898 5.33949995
285.946289 -201.091293 1.16240001
285.940186 -201.061005 4.97539997
285.987732 -201.126343 5.18060017
285.972504 -201.022995 5.27689981
285.939697 -201.150299 5.43450022
285.82019 -201.011307 8.19999981
285.974213 -200.984894 5.41610003
285.830505 -200.922302 7.86280012
285.864227 -200.884338 8.07530022
285.873505 -200.897202 8.23589993
285.826385 -200.634705 7.49429989
285.883148 -200.658646 7.75184011
285.905884 -200.703888 7.90934992
285.913086 -200.680649 8.08650017
285.947693 -200.600006 8.22910023
285.981812 -200.457199 5.02860022
285.915161 -200.515411 7.73944998
285.999512 -200.558304 7.96229982
285.968689 -200.515701 8.51229954
285.8591 -200.225906 1.1717
285.987854 -200.319 4.7267499
285.9729 -200.381607 4.87909985
285.9617 -200.342606 5.18650007
285.828094 -200.248703 6.72679996
285.910767 -200.303452 7.74129963
285.931091 -200.2939 7.81990004
285.930206 -200.213394 8.08110046
285.997986 -200.047394 5.10529995
285.970886 -200.015106 6.50640011
285.849213 -200.066406 6.69990015
285.84549 -200.071503 7.84800005
285.931702 -200.009293 8.36120033
286.094055 -219.249664 0.845733345
286.148102 -219.030396 0.864400029
286.102509 -218.024902 0.900600016
286.091553 -217.850098 0.907599986
286.082428 -217.464264 0.923133314
286.185791 -217.116302 0.936999977
286.144409 -216.974197 0.967899978
286.070984 -216.243256 0.951249957
286.068542 -216.05127 0.92750001
286.106873 -215.903793 0.919633329
286.151215 -215.777695 0.978500009
286.178101 -215.461899 0.920599997
286.138062 -215.030502 0.931500018
286.035309 -214.894699 0.917100012
286.129211 -214.791107 0.981100023
286.141113 -214.437103 0.926299989
286.014099 -214.342697 0.899999976
286.091705 -213.716599 0.940500021
286.117432 -213.35466 0.935766697
286.088715 -213.152405 0.942399979
286.052612 -212.852097 0.93690002
286.178192 -212.877106 2.28119993
286.068512 -212.700165 0.94532001
286.064514 -212.609299 2.28789997
286.127686 -212.638504 2.44560003
286.087585 -212.500504 0.914499998
286.025055 -212.322403 0.941349983
286.151001 -212.389496 2.44210005
286.193604 -212.106995 0.93870002
286.062714 -212.056305 2.47199988
286.184814 -211.913498 0.943400025
286.150909 -211.707199 0.948400021
286.093536 -211.532425 0.945024967
286.1008 -211.344696 0.949400008
286.064697 -211.026901 0.973999977
286.115295 -210.875549 0.95389998
286.110809 -210.752502 0.952499986
286.061401 -210.536148 0.944200039
286.056824 -210.23761 0.937849998
286.091614 -210.084106 0.952700019
286.121643 -209.864304 0.959100008
286.060852 -209.508148 0.946550012
286.055817 -208.935501 0.963066638
286.106567 -208.712494 0.966949999
286.105591 -208.478714 0.963633299
286.039307 -208.104706 1.00919998
286.078217 -207.52774 0.974266648
286.103455 -207.291504 0.988900006
286.179688 -207.369507 1.00209999
286.041901 -207.173294 0.984899998
286.119446 -206.69339 1.00944996
286.064789 -206.503998 0.994499981
286.035889 -205.88945 1.03985
286.060303 -205.675293 1.02719998
286.094177 -205.490692 1.03394997
286.135193 -204.968948 1.04279995
286.057953 -204.494293 1.06672502
286.096405 -204.389801 1.06120002
286.155945 -204.099792 1.05870008
286.030487 -203.638397 1.07360005
286.033905 -203.444794 1.14199996
286.181 -203.268402 1.10950005
286.140503 -202.945206 1.08720005
286.13446 -202.654602 1.07480001
286.044495 -202.375107 1.09440005
286.169617 -202.027802 1.12705004
286.041107 -201.8228 1.10870004
286.196411 -201.744797 1.1444
286.188904 -201.476501 1.13310003
286.1828 -201.483597 4.99300003
286.125519 -201.495926 5.12549973
286.135101 -201.518402 5.21939993
286.196594 -201.383102 4.87519979
286.12146 -201.287323 5.08094978
286.099335 -201.302994 5.27103329
286.105408 -201.302994 5.5855999
286.129791 -201.026596 1.18260002
286.054901 -201.190399 4.90490007
286.10144 -201.102692 5.06580019
286.03009 -201.027695 5.33869982
286.020996 -201.002594 5.54220009
286.043793 -200.828796 1.15690005
286.140808 -200.853806 8.27219963
286.145569 -200.626877 5.09399986
286.151794 -200.661499 5.31489992
286.16217 -200.691895 8.15699959
286.180725 -200.483093 4.88599968
286.096008 -200.494064 5.09942007
286.14389 -200.458862 5.28293324
286.122894 -200.411606 5.4684
286.073792 -200.401505 5.63600016
286.079102 -200.516296 7.91009998
286.122253 -200.556702 8.0781002
286.15274 -200.544434 8.24326611
286.133911 -200.223007 1.15470004
286.045197 -200.360107 4.78649998
286.098724 -200.306839 4.88623333
286.051819 -200.293427 5.05397987
286.071991 -200.319183 5.27638006
286.145111 -200.279205 5.45892525
286.13736 -200.334167 5.62976646
286.029785 -200.227005 7.74520016
286.162109 -200.350403 7.83659983
286.036285 -200.374603 8.01799965
286.143799 -200.243698 8.21949959
286.142792 -200.033401 4.74779987
286.097961 -200.104431 4.87936687
286.058929 -200.123169 5.09450006
286.076233 -200.091736 5.29166651
286.137634 -200.108276 5.54629993
286.134155 -200.038452 5.7572999
286.127258 -200.044159 5.81769991
286.139801 -200.1129 6.37720013
286.119507 -200.194595 7.80929995
286.007996 -200.174103 8.23989964
286.388885 -219.874207 0.871100008
286.28476 -219.727692 0.85374999
286.369293 -219.088303 0.86650002
286.398712 -218.649506 0.920599997
286.303589 -218.305298 0.914600015
286.350586 -217.211395 0.931999981
286.305603 -216.945297 0.949999988
286.306885 -216.737305 0.951400042
286.303192 -216.567047 0.93324995
286.390106 -216.457001 1.00549996
286.289612 -216.199799 0.923600018
286.275848 -215.865799 0.915600002
286.346405 -215.748154 0.911849976
286.378967 -215.283249 0.907250047
286.299622 -215.114365 0.916833341
286.251587 -214.892365 0.925766706
286.280823 -214.494354 0.919049978
286.339905 -214.238495 0.920799971
286.226044 -214.17981 0.935150027
286.264862 -213.917145 0.925199986
286.294586 -213.698898 0.930033326
286.281799 -213.562805 0.93870002
286.264801 -213.322144 0.938050032
286.276398 -213.147995 2.42479992
286.218597 -212.967697 0.934199989
286.321198 -212.826508 2.61809993
286.27951 -212.611603 0.962199986
286.273193 -212.618805 2.44029999
286.265594 -212.6082 2.62599993
286.351562 -212.50267 0.935433328
286.2742 -212.532196 2.44980001
286.341003 -212.248108 0.940700054
286.211304 -212.296799 2.49309993
286.288055 -212.121109 0.926533341
286.232788 -211.7285 0.948899984
286.362061 -211.274536 0.954033315
286.329346 -211.136673 0.943499982
286.311707 -210.74881 0.940750003
286.298218 -210.534546 0.945500016
286.22641 -210.037903 0.957000017
286.379913 -209.865997 0.939899981
286.290497 -209.103699 0.981899977
286.288635 -208.892944 0.957800031
286.278992 -208.779694 0.950100005
286.387512 -208.126007 0.962100029
286.28125 -207.906799 0.974699974
286.310303 -207.514694 0.985800028
286.393005 -207.457306 1.01209998
286.383392 -207.216507 0.995800018
286.332397 -207.255493 1.01040006
286.370911 -207.061203 0.989000022
286.367004 -206.932602 1.0007
286.302979 -206.613205 1.01499999
286.395599 -206.2966 0.99970001
286.286102 -206.317093 1.01269996
286.326691 -205.737503 1.05350006
286.34845 -205.319901 1.05180001
286.286194 -203.904297 1.07410002
286.296722 -203.763306 1.08593333
286.28717 -203.161926 1.08653331
286.266388 -202.859299 1.1559
286.27829 -202.721695 1.09500003
286.284912 -202.578506 1.12909997
286.305908 -202.273041 1.12244999
286.3078 -201.867401 1.13230002
286.340637 -201.495453 1.15890002
286.259308 -201.486359 4.98620033
286.255707 -201.446152 5.08319998
286.398285 -201.458801 5.85010004
286.364227 -201.501205 6.11696672
286.322632 -201.470352 6.24494982
286.350342 -201.319 4.95740032
286.276367 -201.282822 5.08120012
286.305664 -201.116791 4.97599983
286.312225 -201.07283 5.06883335
286.322021 -200.825546 1.1724
286.237305 -200.811707 4.68459988
286.358765 -200.905365 4.94016647
286.266846 -200.874634 5.08799982
286.284882 -200.676025 4.94874001
286.324738 -200.705673 5.07723331
286.326294 -200.636703 8.02289963
286.389587 -200.531998 1.15009999
286.329803 -200.518295 4.79580021
286.243011 -200.478088 4.90049982
286.268585 -200.584503 5.03770018
286.254303 -200.422104 5.31150007
286.234009 -200.440903 5.69680023
286.294861 -200.491501 8.06620026
286.317139 -200.529358 8.28034973
286.205414 -200.317596 4.74889994
286.318298 -200.3405 5.68499994
286.223511 -200.205597 6.47440004
286.255341 -200.044434 5.72770023
286.369751 -200.112 5.88723326
286.253815 -200.174194 6.3743
286.342346 -200.111053 6.46525002
286.28949 -200.076202 6.73479986
286.354858 -200.151947 8.03700066
286.539001 -219.708099 0.889500022
286.556396 -219.564804 0.901499987
286.407288 -219.331604 0.871100008
286.514404 -219.186798 0.885599971
286.578491 -218.907501 0.892400026
286.456604 -218.788803 0.889999986
286.502686 -218.103699 0.93445003
286.542145 -217.649902 0.922899961
286.554901 -217.430298 0.926299989
286.476349 -217.269562 0.957900047
286.574646 -217.084 0.931100011
286.457214 -216.902328 0.939275026
286.583954 -216.070404 0.926699996
286.512268 -215.932526 0.917100012
286.494873 -215.677002 0.907050014
286.470581 -215.450409 0.928050041
286.515381 -214.868408 0.923300028
286.523193 -214.512878 0.921000004
286.53186 -214.303955 0.916000009
286.458496 -214.169998 0.937150002
286.548584 -213.90715 0.932550013
286.527313 -213.735199 0.92049998
286.519409 -213.708649 2.28244996
286.41391 -213.595505 0.921700001
286.496765 -213.286697 0.939533293
286.542297 -213.358307 2.40869999
286.577698 -213.041794 0.907400012
286.512512 -213.191895 2.27469993
286.416809 -212.891205 0.941999972
286.409302 -212.961395 2.25580001
286.516815 -212.796494 0.930400014
286.468872 -212.496857 0.941200018
286.487213 -212.332199 0.938549995
286.504761 -211.854004 0.944000006
286.412994 -211.646103 0.9454
286.471161 -211.542053 0.932449996
286.447205 -211.370499 0.949800014
286.584351 -211.121857 0.957599998
286.50708 -210.907806 0.955649972
286.544891 -210.567902 0.953299999
286.441254 -210.367462 0.944149971
286.456055 -210.107788 0.923949957
286.52594 -209.895264 0.961499989
286.476379 -209.684097 0.963400006
286.517273 -209.490387 0.948149979
286.483276 -209.238495 0.966149986
286.577911 -208.901901 0.975350022
286.426849 -208.726166 0.971866667
286.473602 -208.248795 0.990800023
286.524933 -207.83667 0.982900023
286.447693 -207.682693 1.00489998
286.5354 -207.465195 1.0072
286.595795 -207.280807 1.01359999
286.47113 -207.144852 0.981850028
286.585999 -207.161804 1.00349998
286.420105 -206.903107 0.996399999
286.54129 -206.180206 1.06239998
286.512054 -205.859406 1.03649998
286.507874 -205.709351 1.01970005
286.507294 -205.226501 1.05449998
286.52951 -205.1633 1.06140006
286.532288 -204.951599 1.06110001
286.494598 -204.534943 1.04645002
286.542328 -204.305862 1.06773329
286.493134 -204.085938 1.07519996
286.585907 -203.940994 1.10520005
286.570587 -203.630005 1.09169996
286.534393 -203.476395 1.0697
286.570099 -203.119263 5.75759983
286.512299 -203.007095 5.80319977
286.530609 -202.953796 1.08809996
286.504089 -202.862595 5.56799984
286.447632 -202.919891 5.69810009
286.470093 -202.752899 1.08819997
286.566498 -202.019196 1.12829995
286.443909 -201.906601 1.11459994
286.566101 -201.821793 4.98719978
286.494904 -201.714142 1.16229999
286.53537 -201.682236 4.91466665
286.525787 -201.600296 5.97800016
286.519928 -201.679337 6.08864307
286.508728 -201.706497 6.33272505
286.559875 -201.732635 6.52786684
286.576385 -201.551895 1.12290001
286.559509 -201.563202 5.02699995
286.407196 -201.558594 6.02699995
286.450592 -201.480194 6.32609987
286.415894 -201.519806 6.51130009
286.579803 -201.349945 7.09724998
286.509827 -201.040802 4.90645027
286.495422 -200.894455 4.91173983
286.483887 -200.703598 4.77880001
286.40451 -200.614899 4.85659981
286.554504 -200.5271 1.17449999
286.448486 -200.575195 4.7585001
286.571808 -200.499405 8.14939976
286.418915 -200.488007 8.34990025
286.501312 -200.434296 8.43560028
286.566193 -200.305496 3.51799989
286.598785 -200.287003 3.64359999
286.554596 -200.2052 5.99359989
286.534302 -200.283005 6.05865002
286.558167 -200.266098 6.27993345
286.498901 -200.344803 6.57670021
286.521973 -200.339203 6.65775013
286.468567 -200.265991 7.97580004
286.493286 -200.3694 8.16629982
286.440613 -200.384552 8.31839943
286.588501 -200.220703 8.54409981
286.587891 -200.108704 1.20220006
286.509003 -200.172836 5.97383356
286.50766 -200.113327 6.14412498
286.560303 -200.084244 6.28726006
286.504761 -200.145569 6.47699976
286.592468 -200.029602 8.81559944
286.672699 -219.8116 0.851300001
286.714996 -219.623901 0.867200017
286.743286 -219.456299 0.889699996
286.704865 -219.302902 0.882300019
286.65741 -219.015793 0.907400012
286.6492 -218.7686 0.933499992
286.687012 -218.347198 0.912349999
286.738251 -218.177612 0.909000039
286.691223 -217.83757 0.934366703
286.705902 -217.470505 0.943799973
286.798004 -217.385498 0.943599999
286.721191 -216.875397 0.934700012
286.760895 -216.69809 0.93445003
286.668793 -216.579102 0.933000028
286.680786 -216.299805 0.932799995
286.678986 -215.828903 0.915400028
286.77771 -215.7146 0.907599986
286.66333 -215.463898 0.931999981
286.610199 -215.2108 0.930800021
286.719971 -215.071899 0.918349981
286.687897 -214.807098 0.918799996
286.777893 -214.704697 0.912800014
286.758484 -214.497375 0.940100014
286.692139 -214.278351 0.922049999
286.767303 -214.282593 2.36080003
286.661804 -214.004303 0.924700022
286.663696 -214.107605 2.31669998
286.74173 -213.937332 0.928666651
286.737305 -213.702103 0.926699996
286.713287 -213.672607 2.46510005
286.703491 -213.532303 0.925100029
286.73941 -213.595596 2.28480005
286.629303 -213.383499 2.24189997
286.6008 -213.292801 2.60960007
286.613892 -213.190598 0.943099976
286.75412 -212.928024 0.93416667
286.701263 -212.04216 0.939533353
286.642914 -211.900299 0.945500016
286.603302 -211.786896 0.945599973
286.725098 -211.318802 0.940100014
286.749023 -211.082703 0.941500008
286.721619 -210.92395 0.947149992
286.675903 -210.710205 0.958400011
286.753296 -210.459946 0.954149961
286.69281 -210.224899 0.966099977
286.728638 -210.100296 0.954999983
286.729797 -209.687607 0.910399973
286.649475 -209.481018 0.954675019
286.797485 -209.259995 0.960900009
286.714905 -208.888947 0.974624991
286.60849 -208.420395 0.928200006
286.69455 -208.350708 0.986500025
286.651886 -208.021606 0.973200023
286.65271 -207.911545 0.986500025
286.638702 -207.606995 0.990999997
286.611115 -207.544098 0.989899993
286.681396 -207.237503 1.01020002
286.640991 -207.166397 0.995700002
286.773102 -206.603104 1.00800002
286.629486 -206.484695 1.01059997
286.711304 -206.362823 1.023
286.679596 -206.143646 1.0302
286.6362 -205.499695 1.06719995
286.70166 -205.161804 1.05605006
286.710388 -203.689545 1.08964992
286.718689 -203.436203 1.09029996
286.716431 -203.323898 1.08964992
286.631805 -203.186493 1.08669996
286.655792 -203.11084 5.56365013
286.699982 -203.118744 5.70332527
286.646912 -202.802902 5.45039988
286.685211 -202.897018 5.73549986
286.62793 -202.907288 5.82380009
286.608612 -202.787201 1.14499998
286.676636 -202.749359 5.68580008
286.7565 -202.034805 6.44729996
286.734375 -201.834 4.97940016
286.677429 -201.83725 5.13055038
286.742096 -201.849503 6.7494998
286.786407 -201.808701 6.94519997
286.658112 -201.723007 1.11759996
286.72702 -201.707352 4.92772484
286.745148 -201.772095 5.05189991
286.714844 -201.717102 6.12849998
286.650909 -201.779602 6.21780014
286.714233 -201.682892 6.63360023
286.786011 -201.612701 7.09870005
286.618103 -201.560806 1.14409995
286.645447 -201.569992 4.76656675
286.705322 -201.532623 4.90960026
286.72406 -201.49469 5.06921434
286.624603 -201.444397 5.34049988
286.700012 -201.552002 6.37779999
286.696106 -201.483337 6.46630001
286.699066 -201.504898 6.7154398
286.662262 -201.422302 6.92115021
286.751801 -201.502472 7.0546999
286.746033 -201.512451 7.32060003
286.724518 -201.514557 7.41599989
286.701813 -201.504395 7.73400021
286.622101 -201.228607 1.12619996
286.71936 -201.355408 4.88525009
286.716492 -201.312103 6.75010014
286.662201 -201.318802 7.03987503
286.710693 -201.345703 7.39839983
286.672211 -201.091049 1.1631
286.713013 -201.055496 6.75150013
286.787994 -201.196594 6.97779989
286.755402 -201.135101 7.12470007
286.65799 -201.023193 7.27180004
286.630646 -200.848297 4.72175026
286.670563 -200.864334 4.89873314
286.798798 -200.950806 5.00290012
286.7724 -200.802597 6.97770023
286.707886 -200.856705 7.21190023
286.74881 -200.766006 4.98430014
286.771698 -200.601196 5.88929987
286.770935 -200.62796 6.11560011
286.787598 -200.682693 6.37330008
286.702698 -200.796005 6.84700012
286.733002 -200.487946 1.17164993
286.686005 -200.510498 5.78499985
286.720642 -200.509399 5.92665005
286.752899 -200.487503 6.12713337
286.737305 -200.423096 6.25829983
286.709473 -200.441605 6.49886656
286.654999 -200.498398 8.28670025
286.799896 -200.398499 3.55310011
286.637909 -200.241898 3.61010003
286.690369 -200.349899 6.06735992
286.671021 -200.319168 6.32644987
286.688721 -200.331375 6.55457497
286.649414 -200.280807 6.6578002
286.691376 -200.351532 8.18546677
286.682098 -200.333206 8.20820045
286.756989 -200.264603 8.8458004
286.679382 -200.138596 3.55870008
286.7211 -200.115051 3.72989988
286.785004 -200.066406 4.52589989
286.775604 -200.021103 4.6395998
286.736206 -200.157196 5.96029997
286.649292 -200.118347 6.09850025
286.6604 -200.157501 6.34880018
286.70636 -200.174805 6.46679974
286.699463 -200.038544 8.71780014
286.700409 -200.079407 8.85866642
286.653198 -200.138794 9.19460011
286.812897 -219.828705 0.87440002
286.875732 -219.437042 0.89655
286.861603 -219.508499 1.06229997
286.921204 -219.033554 0.908200026
286.909241 -218.884491 0.898550034
286.805695 -218.532394 0.923099995
286.880188 -218.128693 0.888800025
286.994812 -217.801804 0.918200016
286.96759 -217.224792 0.954599977
286.862 -217.186005 0.958500028
286.861115 -216.801102 0.942600012
286.925842 -216.650909 0.923799992
286.90506 -216.524933 0.926200032
286.857849 -216.258942 0.932266653
286.984802 -215.958603 0.9199
286.958069 -215.641388 0.919350028
286.906158 -215.511337 0.90990001
286.871002 -215.368835 0.928166687
286.835083 -215.071136 0.90565002
286.877319 -214.899292 0.925300002
286.927094 -214.663498 2.40930009
286.972504 -214.072693 2.27110004
286.942596 -214.177902 2.41650009
286.977692 -213.842606 0.905600011
286.837097 -213.899902 2.31949997
286.938995 -213.648041 0.935850024
286.842041 -213.318466 0.930000007
286.910004 -213.086426 0.941833317
286.902313 -212.814407 0.956499994
286.858002 -212.731201 0.922599971
286.869263 -212.474091 0.951499999
286.899048 -212.282715 0.954174995
286.962402 -212.152802 0.93720001
286.957214 -211.853806 0.957099974
286.931305 -211.434006 0.950900018
286.953613 -211.370804 0.942200005
286.823608 -211.138504 0.942799985
286.871796 -210.615402 0.935699999
286.950745 -210.503357 0.950800002
286.932007 -210.285553 0.9551
286.924866 -210.104996 0.954900026
286.815186 -209.774307 0.966499984
286.872803 -209.449158 0.96055001
286.984436 -209.111847 0.966050029
286.861694 -208.912598 0.982900023
286.89444 -208.69577 0.967700005
286.856293 -208.521393 0.965950012
286.861267 -208.07431 0.970649958
286.89447 -207.735657 1.00305009
286.919403 -207.281799 0.974799991
286.859314 -207.353897 1.01890004
286.915802 -206.774002 0.998099983
286.856293 -206.753693 1.03750002
286.872131 -206.586899 1.01425004
286.896088 -206.313766 1.0327667
286.865997 -205.923706 1.03760004
286.860901 -205.213806 1.02310002
286.9888 -205.009293 1.03859997
286.876709 -204.278793 1.09179997
286.897888 -204.060593 1.06009996
286.932404 -203.912094 1.08350003
286.947754 -203.524353 1.09875
286.861389 -203.080093 5.62809992
286.915802 -202.911896 5.33260012
286.877197 -202.867233 5.54303312
286.87265 -202.921021 5.67027473
286.923096 -202.661606 1.08519995
286.858612 -202.703705 5.37799978
286.879944 -202.710297 5.64829969
286.908295 -202.566299 1.08420002
286.928894 -202.207703 1.09909999
286.872986 -202.220795 7.47079992
286.919006 -202.1297 1.12030005
286.968323 -202.153351 7.51739979
286.99411 -202.183502 7.87629986
286.999786 -202.102402 8.01749992
286.99469 -201.827805 4.3906002
286.854492 -201.838531 4.95840025
286.871094 -201.859039 5.08045006
286.911316 -201.893661 5.24803352
286.891205 -201.861099 5.42229986
286.959534 -201.849747 6.51484966
286.899292 -201.959503 6.62960005
286.901764 -201.867096 6.9112668
286.868591 -201.840897 7.32889986
286.990997 -201.727951 4.29799986
286.9776 -201.710495 4.61059999
286.886963 -201.724548 4.86390018
286.921631 -201.691467 5.09644985
286.927368 -201.762695 5.29370022
286.933563 -201.651703 6.73869991
286.862976 -201.67511 6.92805004
286.915039 -201.678101 7.06946659
286.930664 -201.746201 7.2723999
286.850189 -201.695694 7.46759987
286.910095 -201.553894 4.90065002
286.832397 -201.526794 5.00320005
286.867859 -201.551697 6.52285004
286.904053 -201.519058 6.86267996
286.891296 -201.509201 7.09250021
286.889893 -201.514999 7.34469986
286.920593 -201.542099 7.56559992
286.818207 -201.277496 1.13740003
286.816406 -201.311646 4.81285
286.927002 -201.299393 5.15210009
286.878998 -201.316895 6.87446642
286.850494 -201.352997 7.09660006
286.899841 -201.082901 1.15390003
286.864685 -201.070221 5.10186005
286.95639 -201.057007 6.7723999
286.872742 -201.101746 6.92297173
286.848114 -201.022293 7.13119984
286.979614 -200.971893 1.15289998
286.938629 -200.927338 6.7645998
286.900391 -200.938416 6.88369989
286.833191 -200.909546 7.06579971
286.963654 -200.871704 9.4211998
286.91391 -200.631699 1.14979994
286.899567 -200.647293 5.89486647
286.871826 -200.684143 6.13007498
286.867004 -200.651398 6.29030037
286.989685 -200.789093 6.48509979
286.859406 -200.723907 6.69239998
286.935303 -200.690903 9.00109959
286.880859 -200.437515 3.70496678
286.94577 -200.506302 3.90035009
286.849579 -200.483826 5.89260006
286.883484 -200.469391 6.07450008
286.855835 -200.486206 6.26620007
286.838989 -200.527039 6.45120001
286.872009 -200.468399 8.19219971
286.800201 -200.494705 8.30519962
286.90332 -200.315018 3.531075
286.858673 -200.287796 3.68009996
286.946411 -200.279404 3.91945004
286.946228 -200.261658 4.11081982
286.854004 -200.248703 4.22560024
286.917389 -200.235001 4.50154972
286.940613 -200.231293 4.64429998
286.910797 -200.201202 5.70919991
286.921814 -200.315384 5.8862443
286.878296 -200.397507 6.1086998
286.825592 -200.391556 6.54589987
286.93399 -200.201508 8.31599998
286.893494 -200.035904 1.17420006
286.966003 -200.158798 3.43589997
286.9133 -200.138214 3.76427507
286.913605 -200.108856 3.93032503
286.899445 -200.108032 4.12209988
286.91687 -200.088242 4.26807499
286.836884 -200.163666 4.50956678
286.892609 -200.14241 4.6707716
286.841003 -200.087006 4.86439991
286.986267 -200.074402 5.6928997
286.83429 -200.136398 5.93604994
286.929901 -200.110107 8.05020046
286.851593 -200.130234 8.91689968
287.019714 -219.719498 0.89410001
287.180908 -219.411102 0.903199971
287.187195 -219.279007 0.899500012
287.099762 -219.103821 0.885500014
287.005005 -218.873001 0.894900024
287.154144 -218.50946 0.899049997
287.186401 -218.117905 0.931800008
287.157898 -217.891296 0.927299976
287.13916 -217.717773 0.921700001
287.072388 -217.517502 0.925400019
287.062622 -217.328598 0.936499953
287.161499 -217.122101 0.905600011
287.077454 -216.893097 0.933300018
287.114136 -216.688049 0.936049998
287.133087 -216.441406 0.938600004
287.162079 -216.293137 0.930433333
287.007812 -216.118301 0.928366661
287.07309 -215.939697 0.927200019
287.138489 -215.684601 0.926599979
287.036957 -215.50766 0.909150004
287.017395 -215.328506 0.933200002
287.087646 -215.075699 0.89230001
287.012299 -215.115601 2.36520004
287.190796 -214.852295 0.919200003
287.096497 -214.740799 0.942799985
287.199493 -214.7211 2.21760011
287.196899 -214.602798 2.5783999
287.117126 -214.529541 0.926649988
287.163788 -214.488205 2.23889995
287.11618 -214.251633 0.929033339
287.174805 -214.326508 2.61220002
287.138458 -214.140808 0.918349981
287.082184 -213.908478 0.923080027
287.103851 -213.497559 0.935950041
287.139404 -213.345001 0.95539999
287.193726 -213.114151 0.92325002
287.130096 -212.695251 0.929700017
287.091492 -212.470169 0.940349996
287.189301 -212.223694 0.940599978
287.081512 -212.137207 0.925599992
287.158691 -211.833099 0.94690001
287.066803 -211.701508 0.948899984
287.12854 -211.526154 0.95025003
287.067566 -211.297699 0.950950027
287.115051 -211.122299 0.941900015
287.135986 -210.898895 0.940999985
287.076752 -210.695343 0.952800035
287.124207 -210.440903 0.95630002
287.18399 -210.229401 0.931599975
287.105774 -210.096664 0.945500016
287.096802 -209.917297 0.967499971
287.046509 -209.797195 0.968699992
287.054565 -209.537796 0.969266653
287.14209 -209.306107 0.964020014
287.156494 -209.137405 0.967700005
287.114349 -208.891739 0.976433337
287.020294 -208.024307 0.989099979
287.050049 -207.677094 0.985800028
287.022797 -207.612305 1.00680006
287.011536 -207.51004 1.01515007
287.123108 -207.238998 1.01629996
287.056305 -206.906799 1.00569999
287.083588 -206.367294 0.996399999
287.084412 -206.252106 1.04779994
287.087799 -206.038498 1.02079999
287.120087 -205.661499 1.02740002
287.194092 -205.307098 5.56650019
287.125153 -204.902405 1.06739998
287.009888 -204.723694 1.03799999
287.143799 -204.485504 4.1880002
287.179199 -204.490204 4.25790024
287.127808 -204.218704 4.23640013
287.088715 -204.203903 4.72730017
287.051941 -204.108154 4.4697504
287.171265 -204.094604 4.63405037
287.138885 -203.938309 4.46720028
287.171112 -203.917603 5.70009995
287.153992 -203.920303 5.82550001
287.156097 -203.650696 1.09640002
287.175995 -203.791504 4.83659983
287.129395 -203.606293 5.30730009
287.003601 -203.425705 1.11870003
287.138245 -203.465897 4.96539974
287.144562 -203.481979 5.09019995
287.119049 -203.506302 5.29973316
287.19281 -203.4328 5.68830013
287.049683 -203.323456 4.94875002
287.146912 -203.341904 5.06050014
287.125214 -203.295044 5.32155037
287.161774 -203.256561 5.46826649
287.131989 -203.280838 5.65598011
287.053101 -203.268799 5.85379982
287.08902 -203.089264 5.6697998
287.1698 -202.973007 5.4843998
287.180115 -202.972107 5.68079996
287.072693 -202.780807 5.33160019
287.050903 -202.751709 5.48744965
287.112244 -202.669312 5.63535023
287.119873 -202.227203 7.70704985
287.093689 -202.232544 7.8614502
287.113495 -202.398605 8.02799988
287.165253 -202.064102 4.46685028
287.0513 -202.072006 5.31650019
287.179413 -202.020203 6.25239992
287.126404 -202.0009 6.51000023
287.187195 -202.017502 6.80740023
287.089294 -202.1595 7.53800011
287.173096 -202.199097 7.62680006
287.091003 -202.096298 7.8572998
287.064026 -202.136841 8.06449986
287.135406 -201.812195 1.16120005
287.164093 -201.831406 4.14946651
287.045471 -201.859314 4.3168335
287.110321 -201.912872 4.45893335
287.159088 -201.820007 4.90829992
287.105774 -201.867462 5.15306664
287.07196 -201.878998 5.30919981
287.15976 -201.905838 6.05359983
287.109192 -201.904419 6.29096699
287.08844 -201.845001 6.46426678
287.112183 -201.928146 6.68796015
287.082703 -201.9375 6.93849993
287.044495 -201.653702 1.13540006
287.088898 -201.728195 4.13496685
287.087158 -201.769714 4.2654748
287.065887 -201.71788 4.47882509
287.111908 -201.693039 5.09818029
287.002594 -201.634003 5.24289989
287.165985 -201.702698 6.18669987
287.109283 -201.757355 6.30592537
287.000488 -201.766403 6.51410007
287.047791 -201.667694 6.78730011
287.053864 -201.679703 7.27286673
287.086395 -201.575394 1.14820004
287.119995 -201.571838 4.89540005
287.086792 -201.500168 5.0692668
287.113495 -201.483505 7.1722002
287.130798 -201.587006 7.31230021
287.131195 -201.203293 4.87680006
287.05661 -201.251495 6.35809994
287.1586 -201.202194 6.54300022
287.05011 -201.235992 6.7171998
287.109314 -201.283401 7.11920023
287.183105 -201.133102 1.30680001
287.185394 -201.045395 3.5933001
287.183197 -201.014694 3.69770002
287.177307 -201.062805 5.20469999
287.177399 -201.082596 6.39890003
287.131775 -201.099976 6.51157475
287.09906 -201.051254 6.71105003
287.019501 -201.036804 6.82819986
287.153107 -200.869705 3.67339993
287.147095 -200.911194 5.06449986
287.079102 -200.922501 5.21939993
287.067413 -200.974701 6.56269979
287.154999 -200.885193 6.68074989
287.118073 -200.885406 9.28123379
287.048096 -200.892593 9.47329998
287.108398 -200.863693 9.80760002
287.11731 -200.715393 1.19739997
287.189514 -200.741196 1.38610005
287.194611 -200.602402 1.55939996
287.137512 -200.614502 1.84549999
287.13089 -200.604904 2.03250003
287.144958 -200.705368 3.54040003
287.104553 -200.666382 3.69007993
287.076202 -200.683716 3.87980008
287.003601 -200.705994 6.60570002
287.10965 -200.681061 9.08505058
287.08139 -200.785095 9.20199966
287.099426 -200.788208 9.4718504
287.185303 -200.500641 1.27929997
287.161957 -200.439957 1.50269997
287.18219 -200.475281 1.69655001
287.154205 -200.468231 1.84810007
287.17514 -200.475327 2.07006001
287.171783 -200.448227 2.26607513
287.183319 -200.495361 2.52513337
287.176788 -200.488098 2.68285012
287.178497 -200.577194 2.8664999
287.145569 -200.528748 3.11849999
287.168121 -200.463455 3.28821993
287.089355 -200.508499 3.5697751
287.110352 -200.482773 3.71332502
287.078003 -200.479813 3.92328
287.056854 -200.468872 4.08160019
287.044708 -200.418701 4.76999998
287.183044 -200.573151 5.07555008
287.002594 -200.436005 5.7723999
287.079407 -200.402603 6.00880003
287.104706 -200.4767 6.27355003
287.127106 -200.325302 1.29266667
287.142914 -200.292953 1.50751996
287.138641 -200.271072 1.70263338
287.116241 -200.296707 1.90256667
287.126953 -200.281937 2.07896662
287.135925 -200.277344 2.33153987
287.148438 -200.26384 2.47361994
287.192841 -200.305435 2.73223329
287.153198 -200.291901 2.88027501
287.133636 -200.343079 3.09561658
287.118927 -200.292297 3.31107497
287.072571 -200.369263 3.49646664
287.075989 -200.290298 3.73269987
287.027924 -200.295792 3.95180011
287.00119 -200.381302 4.09700012
287.039185 -200.336945 4.31449986
287.126556 -200.244812 4.52210045
287.152832 -200.249603 4.6312499
287.027405 -200.260895 5.67894983
287.059357 -200.262405 5.83886671
287.120697 -200.351898 6.0145998
287.152893 -200.225601 8.15200043
287.088928 -200.05397 1.28373337
287.113342 -200.15036 1.44323337
287.068665 -200.104965 1.72931433
287.074646 -200.100967 1.92675996
287.042664 -200.066345 2.12615013
287.071533 -200.053467 2.32608342
287.154785 -200.092499 2.57940006
287.144836 -200.108963 2.64727998
287.147461 -200.078094 2.88596654
287.096588 -200.136002 3.0229001
287.063049 -200.069641 3.31744003
287.051239 -200.145828 3.42750001
287.055511 -200.071198 3.92129993
287.1138 -200.025101 4.03739977
287.016205 -200.047806 4.25530005
287.172302 -200.186295 4.5479002
287.119904 -200.055893 4.61899996
287.018799 -200.152298 5.76000023
287.142609 -200.171097 6.64669991
287.117676 -200.154602 8.05484962
287.370422 -219.92746 0.887099981
287.226288 -219.722198 0.951600015
287.223602 -219.513199 0.892400026
287.309906 -219.225906 0.898899972
287.33609 -218.958099 0.935599983
287.372162 -218.466339 0.916499972
287.308014 -218.222198 0.91960001
287.294128 -218.125549 0.910600007
287.263275 -217.922226 0.932449996
287.214386 -217.660797 0.926199973
287.304993 -217.582001 0.954699993
287.333649 -217.070496 0.952849984
287.294556 -216.948242 0.953024983
287.308411 -216.645172 0.945299983
287.316223 -216.517685 0.926620007
287.333466 -216.314835 0.924233317
287.350006 -216.167297 0.909399986
287.307098 -215.920807 0.927000046
287.315094 -215.464203 0.944949985
287.254333 -215.247406 0.908949971
287.325012 -215.214096 2.22259998
287.339905 -215.354004 2.4065001
287.310791 -215.130249 0.926599979
287.234314 -215.127106 2.42799997
287.3992 -214.979996 0.91140002
287.260803 -214.966705 2.23629999
287.301544 -214.7323 0.91110003
287.298279 -214.488495 0.902666688
287.377808 -214.441803 2.25979996
287.302002 -214.287903 0.92839998
287.376801 -214.250595 2.30040002
287.230286 -214.057907 0.946099997
287.35257 -213.887131 0.932933331
287.2677 -213.693176 0.935800016
287.318787 -213.539352 0.932150006
287.284668 -213.261581 0.926774979
287.343811 -213.080994 0.925850034
287.200195 -212.973297 0.935699999
287.246185 -212.697693 0.933899999
287.321808 -212.301529 0.949999988
287.307068 -212.073868 0.948666692
287.272461 -211.907364 0.938433349
287.300964 -211.679932 0.914366663
287.394897 -211.388596 0.950299978
287.294403 -211.052704 0.934266686
287.3815 -210.810104 0.943000019
287.299011 -210.770401 0.938000023
287.277588 -210.383804 0.972899973
287.217712 -210.064194 0.915499985
287.281586 -209.816696 0.953100026
287.285309 -209.720001 0.96509999
287.293274 -209.42746 0.971449971
287.278687 -209.009903 0.987699986
287.351593 -209.041107 1.00139999
287.303802 -208.916809 0.957800031
287.372009 -208.758896 0.979099989
287.298004 -208.478546 0.971250057
287.310211 -208.009506 0.963699996
287.277191 -207.857803 1.00269997
287.383484 -207.847763 4.10463333
287.38681 -207.463699 1.00150001
287.309937 -207.255402 1.01339996
287.285767 -207.139908 1.02503335
287.398712 -206.625504 1.02100003
287.303101 -206.574402 1.05599999
287.299652 -206.323196 1.02845001
287.389191 -206.297394 3.79620004
287.312927 -206.176086 1.03489995
287.394806 -206.193802 3.86120009
287.2789 -205.949402 1.02090001
287.282104 -205.748001 1.0352
287.383698 -205.469406 5.50680017
287.355988 -205.307297 1.07809997
287.304413 -205.210602 5.28609991
287.37381 -205.299149 5.50064993
287.397491 -205.022903 4.80670023
287.36499 -205.038605 5.75129986
287.266602 -204.887497 1.06669998
287.360352 -204.893341 4.71115017
287.29599 -204.728699 4.55530024
287.321289 -204.611206 5.38689995
287.248108 -204.625107 5.46579981
287.282837 -204.467697 4.33983326
287.37561 -204.587799 4.56080008
287.313568 -204.489166 5.34369993
287.311981 -204.51915 5.47324991
287.249786 -204.349197 1.06719995
287.349884 -204.321762 4.10514021
287.327301 -204.32486 4.30791998
287.278076 -204.268875 4.46691418
287.361908 -204.373901 4.60050011
287.330292 -204.074295 4.09426641
287.308441 -204.141663 4.26013327
287.325897 -204.053925 4.50761414
287.351807 -204.054199 4.62900019
287.393188 -204.049698 5.9552002
287.297089 -203.996307 4.17259979
287.300995 -203.974304 4.27400017
287.269623 -203.940338 4.53310013
287.300537 -203.916748 4.70359993
287.355194 -203.843903 5.59950018
287.254303 -203.856796 5.69910002
287.236084 -203.832047 5.81830025
287.280731 -203.716934 1.0764333
287.338806 -203.778702 4.52979994
287.269196 -203.735703 4.66295004
287.294403 -203.634903 5.16239977
287.398712 -203.746597 5.52930021
287.298187 -203.774094 5.97849989
287.344116 -203.437103 4.94015026
287.314728 -203.516663 5.13093328
287.249908 -203.462769 5.21630001
287.390808 -203.446304 5.72049999
287.315063 -203.296295 5.13885021
287.34082 -203.292999 5.57600021
287.344727 -203.264725 5.64826679
287.232513 -203.217499 5.81510019
287.303986 -203.120117 5.5074501
287.274139 -203.169739 5.7263999
287.308441 -203.143906 5.81464958
287.351105 -202.933899 1.09500003
287.302277 -202.930634 5.51516676
287.236908 -202.799103 1.11549997
287.32431 -202.758743 5.48659992
287.308044 -202.562592 1.12750006
287.371399 -202.514496 5.5474
287.258514 -202.491669 5.69370031
287.370514 -202.465302 5.82649994
287.271393 -202.505096 7.89540005
287.356598 -202.323547 5.49055004
287.378815 -202.371307 5.73589993
287.34671 -202.318893 5.90560007
287.380707 -202.229004 6.5545001
287.20871 -202.261505 7.57320023
287.380493 -202.222198 7.71619987
287.380615 -202.334 7.8045001
287.316589 -202.148804 1.14100003
287.334503 -202.075195 5.09675026
287.334442 -202.102951 6.30315018
287.280273 -202.12851 6.43200016
287.314575 -202.141373 7.64972496
287.235779 -201.994843 1.13020003
287.379852 -201.839706 3.44649982
287.330933 -201.818771 4.64603329
287.3302 -201.864899 4.87001991
287.348022 -201.925659 5.08856678
287.266602 -201.978195 5.86910009
287.358612 -201.870605 6.02979994
287.215454 -201.964554 6.66044998
287.229706 -201.838699 7.42929983
287.348724 -201.649979 1.29981995
287.387909 -201.684799 1.59370005
287.339203 -201.607941 1.64284992
287.373566 -201.644745 1.90354991
287.368652 -201.654755 2.05660009
287.391052 -201.708191 2.30924988
287.368347 -201.644302 2.52633333
287.359436 -201.667526 2.71280003
287.354614 -201.661102 2.95976663
287.375671 -201.684753 3.13819981
287.37265 -201.662003 3.29352498
287.353088 -201.667542 3.48408008
287.382812 -201.679596 3.67149997
287.355103 -201.758408 3.94749999
287.365784 -201.736603 4.17679977
287.382111 -201.741806 4.33459997
287.327789 -201.700607 4.78590012
287.277588 -201.681 4.87300014
287.286072 -201.718185 5.08992004
287.349121 -201.656342 5.91804981
287.344299 -201.736603 6.05249977
287.237091 -201.447998 1.17789996
287.331573 -201.543488 1.29505002
287.370728 -201.518005 1.47904992
287.363678 -201.486206 1.72280002
287.351868 -201.548203 1.88131666
287.359863 -201.480545 2.09109998
287.368683 -201.483246 2.2938199
287.360504 -201.481049 2.51672506
287.36087 -201.490997 2.67700005
287.350403 -201.540939 2.91400003
287.362549 -201.496399 3.12164998
287.348755 -201.502319 3.34525013
287.370087 -201.558594 3.5374999
287.356628 -201.492859 3.70027494
287.337189 -201.483597 3.80909991
287.366486 -201.463593 4.76359987
287.264313 -201.488907 7.04460001
287.327087 -201.494904 7.36980009
287.321411 -201.434906 10.1140003
287.358917 -201.270218 1.31395996
287.357117 -201.208008 1.52904999
287.346985 -201.369598 1.72510004
287.372131 -201.300797 1.93893754
287.370178 -201.290771 2.10212517
287.371216 -201.274628 2.2729001
287.38147 -201.28186 2.46523333
287.376068 -201.305954 2.70344281
287.365112 -201.281281 2.88864994
287.361298 -201.329468 3.06130004
287.371338 -201.292007 3.3138001
287.344849 -201.301285 3.54016662
287.319885 -201.270111 3.65360022
287.274902 -201.372299 5.10010004
287.342712 -201.230804 9.78409958
287.290497 -201.055206 1.18480003
287.342712 -201.098602 1.29690003
287.342651 -201.103012 1.50776005
287.327118 -201.066422 1.70369995
287.342102 -201.102036 1.89706659
287.341492 -201.075745 2.10940003
287.296326 -201.068939 2.25446653
287.339508 -201.095779 2.50259995
287.33136 -201.054596 2.67027497
287.348511 -201.119141 2.90569997
287.343658 -201.124802 3.11121106
287.334259 -201.116638 3.31244993
287.316223 -201.129364 3.45223331
287.296509 -201.110992 3.73320007
287.333344 -201.119446 3.84695005
287.381195 -201.164505 4.00640011
287.311829 -201.072495 4.91704988
287.361572 -201.110657 5.07349968
287.208801 -201.144608 6.36850023
287.237793 -201.110367 6.50923347
287.25885 -201.035461 6.68753338
287.208588 -201.005005 9.20689964
287.243774 -201.070053 9.54109955
287.229309 -200.943604 1.18855
287.28894 -200.867157 1.29264998
287.293854 -200.877106 1.52320004
287.300568 -200.900101 1.72430003
287.295715 -200.903778 1.88770008
287.304199 -200.917648 2.09249997
287.266327 -200.868301 2.31850004
287.287415 -200.871796 2.50843334
287.274017 -200.880569 2.69249988
287.284485 -200.880554 2.92786002
287.310913 -200.956726 3.02403331
287.286469 -200.88942 3.30483341
287.260864 -200.922867 3.45233345
287.251038 -200.880569 3.67114997
287.289795 -200.956268 3.85646677
287.269928 -200.882446 5.08230019
287.361908 -200.918701 5.20249987
287.251648 -200.881454 6.46500015
287.290985 -200.933899 9.15079975
287.31015 -200.915878 9.30916691
287.277588 -200.930664 9.47416687
287.247559 -200.683334 1.33829999
287.247284 -200.702393 1.52985001
287.228333 -200.634598 1.68545008
287.266479 -200.752151 1.85825002
287.249573 -200.702072 2.0780251
287.256073 -200.725204 2.28590012
287.229309 -200.695404 2.50644994
287.23938 -200.699341 2.69545007
287.234161 -200.697845 2.91725016
287.245697 -200.717285 3.13021994
287.250488 -200.749802 3.29130006
287.229797 -200.70575 3.51144981
287.293213 -200.761902 3.77800012
287.25885 -200.765259 3.84730005
287.276306 -200.683197 4.01240015
287.355377 -200.642838 4.83646679
287.332092 -200.701797 5.06650019
287.361084 -200.663696 5.32355022
287.32251 -200.773102 6.65360022
287.212097 -200.504547 1.30080009
287.218903 -200.534607 1.43289995
287.203857 -200.556396 1.83465004
287.204346 -200.575439 2.15355015
287.212952 -200.562561 2.33765006
287.243286 -200.413696 2.75740004
287.221558 -200.544708 2.90455008
287.21637 -200.574234 3.05423331
287.213898 -200.553696 3.25589991
287.329407 -200.442001 4.13030005
287.358093 -200.510406 4.59719992
287.358246 -200.554901 4.6888504
287.345764 -200.502945 4.91260004
287.296356 -200.543808 5.10839987
287.329407 -200.492996 6.28490019
287.261414 -200.40976 6.52535009
287.355194 -200.401794 6.61129999
287.387604 -200.499207 7.14769983
287.205688 -200.504303 9.01760006
287.21225 -200.316101 1.4655
287.208405 -200.312195 2.54970002
287.306702 -200.253204 4.64309978
287.387085 -200.359207 5.02699995
287.379211 -200.337494 5.31969976
287.300415 -200.351395 6.28590012
287.269714 -200.294662 6.65495729
287.299591 -200.372406 6.8348999
287.31839 -200.260406 7.85830021
287.217712 -200.279099 8.25969982
287.209229 -200.142395 2.79150009
287.227203 -200.1474 4.58640003
287.388489 -200.128494 4.67640018
287.252197 -200.078598 5.35029984
287.28479 -200.146393 6.53620005
287.203308 -200.119095 6.6012001
287.230103 -200.093704 6.85589981
287.300812 -200.156693 7.80770016
287.240814 -200.017197 8.04660034
287.348328 -200.061005 10.0676994
287.498688 -219.864807 0.934199989
287.450012 -219.611206 0.908699989
287.513885 -219.519302 0.898299992
287.424194 -219.093506 0.91869998
287.520599 -218.951004 0.91900003
287.553589 -218.784607 0.907800019
287.587494 -218.498657 0.920549989
287.551849 -218.356201 0.931499958
287.501221 -218.094879 0.921700001
287.562134 -217.890839 0.910549998
287.506805 -217.64505 0.918599963
287.530945 -217.478149 0.929749966
287.465607 -217.378799 0.951499999
287.425293 -217.108307 0.939300001
287.548584 -216.911972 0.928366661
287.401886 -216.573807 0.880599976
287.49646 -216.326904 0.930175006
287.593109 -216.213501 2.3217001
287.492096 -216.028702 2.42840004
287.589203 -216.012497 2.67930007
287.493469 -215.848495 0.928650022
287.515198 -215.944 2.27329993
287.565277 -215.684296 0.917333305
287.465302 -215.693405 2.27160001
287.531097 -215.440399 0.91960001
287.440399 -215.569504 2.41950011
287.474091 -215.229294 2.44569993
287.521912 -215.039902 0.899699986
287.447388 -214.868256 0.911049962
287.525391 -214.889801 2.27920008
287.563293 -214.657394 0.925800025
287.436005 -214.645294 2.31620002
287.485199 -214.473404 0.942399979
287.547089 -214.238632 0.906533301
287.449005 -214.064697 0.916033328
287.444061 -213.915665 0.905933321
287.501343 -213.707458 0.934000015
287.582397 -213.522507 0.931999981
287.510529 -213.293671 0.926366687
287.520203 -212.549545 0.944649994
287.492493 -212.28035 0.931300044
287.514282 -211.905548 0.941100001
287.476562 -211.669403 0.950399995
287.593201 -211.493896 0.944899976
287.522888 -211.309601 0.944400012
287.463837 -211.072739 0.940466642
287.502808 -210.755798 0.948233306
287.533997 -210.481094 0.961600006
287.416504 -210.275253 0.957100034
287.425995 -209.794601 0.951900005
287.463989 -209.507507 0.982500017
287.547211 -209.2789 0.979200006
287.535889 -209.193695 0.987600029
287.497314 -208.980103 0.963100016
287.460388 -208.445496 1.02479994
287.518585 -208.027069 4.10900021
287.41391 -207.951294 0.99970001
287.428986 -207.831894 3.9842
287.484192 -207.900208 4.08978748
287.444885 -207.90741 4.20765018
287.504913 -207.748001 0.957099974
287.499451 -207.657959 1.01326668
287.529449 -207.693649 4.09606647
287.549896 -207.459702 1.00539994
287.547485 -207.567093 3.95469999
287.542603 -207.310898 1.01250005
287.526215 -207.279297 4.87559986
287.583405 -207.162598 1.01429999
287.590698 -207.1091 4.24609995
287.597198 -206.895447 1.00870001
287.556488 -206.864105 3.7737999
287.520508 -206.8853 3.8657999
287.579803 -206.905701 4.63409996
287.564545 -206.675003 4.04645014
287.585907 -206.498199 3.89055014
287.579895 -206.210602 3.79229999
287.450867 -206.275757 3.81699991
287.531708 -206.081604 1.04939997
287.523712 -206.122131 3.72450018
287.523499 -206.090729 3.86156678
287.532349 -205.829041 1.05155003
287.489349 -205.9814 3.71810007
287.575714 -205.906998 3.8282001
287.51059 -205.545807 5.38500023
287.49173 -205.480621 5.49072504
287.498291 -205.537704 5.7361002
287.460999 -205.328705 5.34490013
287.509186 -205.297165 5.4829545
287.454407 -205.325455 5.74765015
287.513123 -205.015701 4.37435007
287.47644 -205.023636 4.47453356
287.539398 -205.047073 4.66503334
287.555908 -205.085205 5.28205013
287.514862 -205.136627 5.45251656
287.473938 -205.139206 5.65789986
287.554718 -204.902039 4.51879978
287.50528 -204.909714 4.7054801
287.554993 -204.847595 5.34275007
287.515686 -204.874466 5.48426676
287.512512 -204.995605 5.60080004
287.526703 -204.6521 1.09230006
287.438599 -204.741104 4.58589983
287.484894 -204.735275 4.66709995
287.593811 -204.667892 5.02059984
287.523407 -204.672501 5.33446646
287.484894 -204.767303 5.45459986
287.527802 -204.489563 4.30929995
287.47229 -204.544495 4.44610023
287.53241 -204.567902 4.63929987
287.508026 -204.484741 5.31627131
287.454285 -204.487793 5.48409986
287.512299 -204.220703 3.97930002
287.43277 -204.275818 4.13749981
287.438293 -204.313065 4.31463337
287.567413 -204.341751 5.29594994
287.415283 -204.127411 4.09640026
287.463898 -204.074326 4.33834982
287.432587 -204.083496 4.54190016
287.558197 -204.026398 4.92010021
287.423401 -204.050797 5.38369989
287.522339 -204.128448 5.67535019
287.558746 -204.071594 5.87940025
287.472961 -203.961105 4.12360001
287.488342 -203.932312 4.32684278
287.47879 -203.89212 4.48779964
287.566406 -203.939194 4.60239983
287.464996 -203.969696 4.9612999
287.52478 -203.916992 5.02544975
287.483887 -203.841766 5.69825029
287.457336 -203.906006 5.87419987
287.408508 -203.622498 5.14940023
287.464111 -203.67395 5.2241497
287.497253 -203.666351 5.56029987
287.585999 -203.646698 5.72930002
287.519714 -203.690475 5.81235027
287.511688 -203.554199 1.10339999
287.525299 -203.440948 5.06419992
287.556335 -203.493973 5.56430006
287.414093 -203.468597 5.61709976
287.525818 -203.485809 5.90485001
287.517334 -203.212341 4.50320005
287.592194 -203.246307 4.62989998
287.508606 -203.342102 5.59170008
287.557404 -203.199097 4.36819983
287.54657 -203.124542 4.49970007
287.481934 -203.117279 5.46658325
287.403687 -203.136703 5.61749983
287.541565 -202.919495 5.5173502
287.541412 -202.657898 1.09819996
287.421997 -202.614807 5.52699995
287.577515 -202.4823 3.53850007
287.596191 -202.406204 3.70849991
287.516144 -202.487991 5.48923349
287.5896 -202.431198 7.28569984
287.573303 -202.428894 7.43130016
287.541199 -202.504639 7.75759983
287.532593 -202.308807 1.17400002
287.5177 -202.220398 2.48110008
287.557495 -202.258774 3.53410006
287.558472 -202.306 3.66943336
287.526001 -202.319702 5.20249987
287.463684 -202.310455 5.47262526
287.479187 -202.3284 5.63570023
287.402313 -202.273193 7.55800009
287.520325 -202.285568 7.68413353
287.499695 -202.102097 1.13930011
287.591888 -202.035004 1.6796
287.560089 -202.060532 1.86557508
287.532227 -202.014755 2.11329985
287.443298 -202.030106 2.33139992
287.589233 -202.080444 2.44845009
287.579407 -202.060104 2.67849994
287.588989 -202.063568 2.90705013
287.592957 -202.050751 3.07119989
287.560822 -202.047928 3.34677505
287.520203 -202.051117 3.49666667
287.537292 -202.027435 3.68420005
287.568909 -202.020996 3.90339994
287.552612 -202.002304 4.67810011
287.551392 -202.040405 4.96540022
287.421509 -202.120605 5.1645999
287.592499 -202.003098 5.44259977
287.496094 -202.104645 6.08844995
287.400696 -202.174805 6.32210016
287.405304 -202.141998 6.44859982
287.515137 -202.029449 7.56389999
287.565887 -202.080994 7.6967001
287.504211 -201.936325 1.2775166
287.53775 -201.880386 1.50014997
287.514374 -201.88887 1.73470008
287.519806 -201.885681 1.883425
287.534088 -201.9039 2.18479991
287.51828 -201.893951 2.29411674
287.543823 -201.920868 2.51469994
287.518982 -201.894836 2.72197151
287.497345 -201.862427 2.8915
287.503265 -201.866119 3.09796667
287.505585 -201.870117 3.29992485
287.477325 -201.851379 3.46504998
287.525299 -201.873627 3.67409992
287.561707 -201.867493 3.86846662
287.447815 -201.917297 4.16205025
287.494202 -201.978302 4.50950003
287.54126 -201.940002 4.72064972
287.486145 -201.892929 4.89866686
287.441986 -201.888428 5.0814333
287.433411 -201.966095 5.97310019
287.4216 -201.968597 6.12050009
287.487213 -201.867096 6.61660004
287.424988 -201.908997 7.54949999
287.492493 -201.917099 7.76980019
287.485382 -201.76506 1.52766669
287.452087 -201.728165 1.68208337
287.445251 -201.729095 1.9016
287.429321 -201.781311 2.09829998
287.455566 -201.77626 2.32593322
287.42749 -201.733032 2.49215007
287.418396 -201.710007 2.78379989
287.406738 -201.68512 2.8829751
287.432251 -201.7005 3.11010003
287.420807 -201.676529 3.31476665
287.450256 -201.721344 3.44724989
287.491089 -201.702301 3.73689985
287.496246 -201.712936 3.89538574
287.443665 -201.729645 4.10830021
287.517761 -201.685562 4.69271994
287.429871 -201.774246 4.89169979
287.50238 -201.738205 5.04605007
287.523895 -201.637497 7.17280006
287.534485 -201.7285 7.2189002
287.529694 -201.710403 7.55609989
287.422119 -201.456146 1.37960005
287.401794 -201.559402 1.93560004
287.406097 -201.481705 2.58500004
287.409302 -201.411301 2.76789999
287.407013 -201.475906 3.16599989
287.426849 -201.52594 3.50740004
287.515015 -201.535904 3.74845004
287.523407 -201.492233 3.87303758
287.558899 -201.477097 4.06729984
287.525696 -201.565796 4.59369993
287.512909 -201.5345 4.63749981
287.440552 -201.560654 4.84696007
287.530914 -201.438904 5.17350006
287.48349 -201.550995 5.86660004
287.435608 -201.586899 7.3599
287.534241 -201.531601 10.0480003
287.45462 -201.291824 1.50553334
287.40271 -201.330093 1.71200001
287.420685 -201.303497 2.26440001
287.4133 -201.266739 2.93453336
287.445984 -201.304291 3.11319995
287.474091 -201.333099 3.30029988
287.434906 -201.333633 3.6940999
287.458862 -201.355469 3.8756001
287.524597 -201.365799 4.02920008
287.54361 -201.345596 4.91830015
287.434448 -201.274994 5.09893322
287.410797 -201.387405 7.10379982
287.406586 -201.206696 9.57629967
287.502869 -201.240433 9.90283298
287.576202 -201.212097 10.0467997
287.456512 -201.139404 1.38810003
287.410522 -201.178192 1.54824996
287.403198 -201.174393 1.9217
287.403107 -201.180298 2.20359993
287.4086 -201.039398 3.31100011
287.558746 -201.073944 5.11189985
287.504333 -201.054169 9.50099945
287.534058 -201.118027 9.70962524
287.520111 -201.156799 9.92560005
287.51651 -201.180496 10.1494999
287.468201 -200.848007 4.78070021
287.534058 -200.825439 5.10255003
287.571198 -200.971802 9.85550022
287.442444 -200.740158 4.73613358
287.485504 -200.736618 4.90353346
287.486542 -200.696884 5.09936666
287.460388 -200.705597 6.69339991
287.586395 -200.669006 7.1645999
287.595093 -200.794907 7.3499999
287.511292 -200.656006 7.52979994
287.410187 -200.613098 8.85919952
287.51825 -200.75824 9.29540062
287.415009 -200.4935 4.75750017
287.434052 -200.443939 4.8434
287.599213 -200.469498 5.09700012
287.501404 -200.468399 6.38390017
287.579407 -200.481003 6.61889982
287.528595 -200.497864 6.95873356
287.514648 -200.501404 7.16125011
287.542969 -200.477966 7.49183321
287.512604 -200.292404 4.06699991
287.543823 -200.256592 4.78215027
287.509033 -200.313141 4.88775015
287.491821 -200.302933 5.07013321
287.485504 -200.284805 5.26929998
287.539917 -200.387848 6.38019991
287.493225 -200.284882 6.70757484
287.49881 -200.314102 6.80530024
287.470306 -200.368607 7.13990021
287.595459 -200.249496 7.71679974
287.526001 -200.374695 8.34360027
287.538788 -200.332901 9.37940025
287.40979 -200.214203 10.1434002
287.546143 -200.0793 4.06299973
287.480713 -200.085739 4.9392333
287.506226 -200.074493 5.05824995
287.465912 -200.033798 7.32259989
287.490814 -200.064102 9.90040016
287.761292 -219.868301 0.896600008
287.756592 -219.4953 0.892199993
287.665955 -219.265991 0.908533335
287.692047 -219.028702 0.903333306
287.775299 -218.925598 0.899500012
287.635498 -218.656601 0.901600003
287.734009 -218.323502 0.915549994
287.731323 -218.116455 0.911650002
287.655579 -217.90976 0.916800022
287.687927 -217.301849 0.928300023
287.649597 -217.178101 0.923099995
287.683289 -216.985703 0.922299981
287.7341 -216.46991 0.923750043
287.707703 -216.442902 2.26920009
287.755005 -216.512405 2.42589998
287.740631 -216.287506 0.918200016
287.719604 -216.048004 0.924499989
287.669952 -215.926239 0.924950004
287.696106 -215.761093 0.923699975
287.683929 -215.531403 0.908174992
287.653748 -215.271088 0.933200002
287.659607 -215.397995 2.38409996
287.688965 -215.139191 0.920799971
287.647095 -214.955994 0.90320003
287.773987 -214.74353 0.909533322
287.709106 -214.506104 0.912899971
287.765106 -214.371597 0.90140003
287.696594 -214.270096 7.55100012
287.782349 -214.284302 7.68109989
287.70755 -214.161652 0.900849998
287.754791 -213.906601 0.897899985
287.706268 -213.705765 0.917566657
287.753204 -213.4832 0.904200017
287.778107 -213.271698 0.924499989
287.726501 -212.894501 0.934000015
287.712036 -212.683136 0.94203335
287.646912 -212.455795 0.9375
287.651489 -212.221207 0.978100002
287.749573 -212.135956 0.943366647
287.63269 -211.934509 0.948699951
287.747803 -211.753738 0.941366673
287.654907 -211.200699 0.95599997
287.636902 -211.078293 0.923600018
287.707886 -210.532654 0.946950018
287.601196 -210.369202 0.967199981
287.732086 -209.666794 0.977400005
287.713379 -209.517242 0.964249969
287.604797 -209.331894 0.968999982
287.77832 -208.762848 0.970000029
287.689392 -208.272156 0.990199983
287.674896 -208.3526 1.00090003
287.665985 -208.195099 0.976300001
287.69931 -208.001602 3.79990005
287.681854 -208.039551 3.89025021
287.697205 -207.837997 0.999899983
287.666809 -207.829193 3.77859998
287.711823 -207.912125 3.92517138
287.656525 -207.881302 4.08357525
287.729309 -207.690002 1.01185
287.7388 -207.774902 3.73950005
287.681 -207.712753 3.90750003
287.704346 -207.718948 4.05272007
287.646423 -207.639252 4.30455017
287.7146 -207.401093 1.01610005
287.733215 -207.56134 4.16919994
287.750244 -207.472656 4.72160006
287.725525 -207.461792 4.98804998
287.735199 -207.426132 5.04973316
287.779694 -207.225006 1.01789999
287.621704 -207.301651 4.16419983
287.658295 -207.291931 4.35276651
287.637299 -207.247101 4.47204971
287.724152 -207.291962 4.91495037
287.732788 -207.350586 5.03279972
287.723114 -207.132248 1.03474998
287.691315 -207.096695 4.12489986
287.714722 -207.099152 4.3491497
287.744141 -207.16124 4.89313316
287.786896 -207.135696 5.03509998
287.71579 -206.831635 1.04223335
287.644104 -206.827896 3.86209989
287.711823 -206.84462 4.06248331
287.794891 -206.966995 4.35459995
287.720886 -206.832596 4.58389997
287.71991 -206.923737 4.72099972
287.70752 -206.897278 4.86573315
287.760498 -206.632294 1.01719999
287.698334 -206.668045 3.94560003
287.700745 -206.705566 4.04034996
287.712494 -206.7603 5.07620001
287.66449 -206.494202 1.04170001
287.686798 -206.49823 3.88416672
287.685669 -206.494354 4.0394001
287.693787 -206.290344 1.04139996
287.73703 -206.282623 3.7159667
287.627594 -206.2164 3.83730006
287.659241 -206.11026 1.06220007
287.707611 -206.046295 3.4677999
287.703674 -206.095383 3.72056007
287.640442 -206.104813 3.88540006
287.765869 -206.083801 6.3380003
287.698456 -206.114807 6.42955017
287.651978 -205.918854 1.04664993
287.714569 -205.950027 3.71355009
287.639587 -205.881195 3.83535004
287.752686 -205.622101 1.00450003
287.749207 -205.564896 4.47679996
287.703583 -205.483551 5.30587482
287.744507 -205.281693 5.32926655
287.647583 -205.310699 5.45563316
287.682495 -205.304199 5.6479001
287.735107 -205.036896 4.58389997
287.704956 -205.090775 5.3803668
287.632446 -205.097183 5.51519966
287.600189 -205.0112 5.60319996
287.639862 -204.903366 4.31323338
287.63501 -204.903397 4.53787518
287.651367 -204.892349 4.67324972
287.631104 -204.962906 5.19710016
287.697601 -204.914337 5.32023335
287.694092 -204.965851 5.45720005
287.699005 -204.967407 5.73960018
287.75769 -204.792297 4.49230003
287.701477 -204.770432 4.65630007
287.697052 -204.618256 4.89245033
287.688507 -204.669495 5.05600023
287.657471 -204.69545 5.34325027
287.757507 -204.577301 4.34380007
287.731262 -204.496323 4.54847527
287.731049 -204.549896 4.66575003
287.705109 -204.549103 5.13471985
287.65976 -204.526001 5.29044008
287.701996 -204.363205 4.43879986
287.71701 -204.215302 5.1789999
287.689941 -204.317291 5.23339987
287.729187 -204.071808 4.16155005
287.683044 -204.126526 4.2876749
287.638611 -204.088654 4.4751997
287.616486 -204.037598 4.77229977
287.637299 -204.008408 4.94910002
287.760193 -204.095001 5.13560009
287.702545 -204.120377 5.27282476
287.738098 -204.067368 5.51117516
287.71579 -203.941803 1.07190001
287.750366 -203.949966 4.16466665
287.788208 -203.912659 4.28520012
287.61911 -203.898193 4.4993
287.733368 -203.922134 4.92843342
287.739899 -203.845901 5.07140017
287.731934 -203.877106 5.23909998
287.741241 -203.918793 5.56447983
287.680511 -203.91864 5.69513321
287.786285 -203.703995 4.1953001
287.760681 -203.780701 4.32820034
287.780701 -203.7771 4.43139982
287.702576 -203.73645 4.64274979
287.714233 -203.718689 4.95164967
287.778992 -203.683899 5.10480022
287.774689 -203.713104 5.31486654
287.683228 -203.672638 5.57876682
287.620789 -203.472702 5.12010002
287.71991 -203.518005 5.24009991
287.692047 -203.524811 5.49795008
287.752197 -203.558899 5.63899994
287.677063 -203.472107 5.89385033
287.719788 -203.320343 1.11084998
287.794434 -203.252853 3.54309988
287.765289 -203.323196 3.62800002
287.743622 -203.265503 4.51026678
287.745728 -203.388153 4.6882
287.798004 -203.335999 5.02909994
287.775787 -203.112518 3.5171001
287.757629 -203.085541 3.64916658
287.650299 -203.082397 4.41650009
287.658264 -203.091827 4.75390005
287.769806 -203.081802 4.87339973
287.707642 -203.083954 5.48194981
287.723602 -202.826004 1.10699999
287.761505 -202.875198 1.99849999
287.777008 -202.820206 2.1782999
287.727997 -202.895096 2.2104001
287.794189 -202.812698 2.55859995
287.767212 -202.828293 2.72149992
287.787292 -202.813797 2.8743
287.759705 -202.938705 3.21810007
287.74118 -202.882019 3.52571678
287.69751 -202.878403 3.63540006
287.719299 -202.885605 5.39769983
287.641479 -202.869995 5.50889969
287.793396 -202.688705 1.18719995
287.750397 -202.65181 1.26777995
287.757294 -202.686401 1.4907999
287.776093 -202.691696 1.70039999
287.776733 -202.719925 1.89122498
287.751831 -202.633301 2.11915016
287.73761 -202.688477 2.3203001
287.761963 -202.687271 2.50943327
287.753937 -202.664703 2.69093347
287.763062 -202.673325 2.90942001
287.755249 -202.702255 3.08984017
287.769104 -202.691101 3.33790016
287.711792 -202.686752 3.48395705
287.721893 -202.703232 3.70020008
287.776093 -202.764099 3.80620003
287.732697 -202.621597 5.61229992
287.756989 -202.678497 7.58970022
287.745605 -202.527893 1.19850004
287.754639 -202.492569 1.29640007
287.700073 -202.475021 1.47679996
287.731964 -202.530731 1.69555998
287.710938 -202.496948 1.90125716
287.703308 -202.451172 2.08866668
287.68634 -202.446533 2.29134989
287.742584 -202.506653 2.50438333
287.716278 -202.50325 2.70246673
287.716553 -202.467163 2.90131426
287.711029 -202.499176 3.131675
287.696106 -202.496353 3.34537506
287.690399 -202.469696 3.4305501
287.639435 -202.490509 3.67145014
287.710999 -202.532471 3.88293338
287.696655 -202.449295 5.5069499
287.799896 -202.4505 7.55049992
287.715515 -202.512863 7.71290016
287.650085 -202.333267 1.13230002
287.688171 -202.282959 1.30874002
287.687103 -202.285324 1.48162508
287.673492 -202.329727 1.69333339
287.665649 -202.304672 1.90266001
287.660919 -202.261566 2.06073332
287.683929 -202.336578 2.33245993
287.669189 -202.322281 2.51817989
287.679626 -202.369843 2.69440007
287.685852 -202.336197 2.8912499
287.660278 -202.30397 3.10455012
287.664856 -202.30304 3.29283333
287.621277 -202.300034 3.48606658
287.628967 -202.303452 3.68044996
287.696106 -202.224091 3.87829995
287.720123 -202.233368 5.12706661
287.733368 -202.267197 5.25674009
287.678101 -202.382797 5.40969992
287.648804 -202.235596 7.20539999
287.654846 -202.31514 7.51273346
287.624786 -202.330399 7.62839985
287.623596 -202.079102 1.01830006
287.62207 -202.081604 1.29659998
287.646118 -202.191849 1.46740007
287.633972 -202.168304 1.70335007
287.634552 -202.120941 1.87300003
287.623413 -202.103653 2.10153341
287.622681 -202.147614 2.27012491
287.621307 -202.100922 2.52413321
287.609131 -202.171097 2.69934988
287.623779 -202.103699 2.87752485
287.625366 -202.085266 3.13080001
287.63501 -202.132004 3.30620003
287.661987 -202.122604 3.67724991
287.683014 -202.019501 4.00089979
287.763367 -202.064407 4.85046673
287.74115 -202.114746 5.09640026
287.667755 -202.112839 5.29165983
287.649292 -202.031097 5.41340017
287.765106 -202.0961 5.70200014
287.621002 -202.080093 7.65789986
287.63089 -201.9953 1.18799996
287.603607 -201.898193 2.93580008
287.631012 -201.973206 3.13919997
287.612396 -201.862106 3.78859997
287.629272 -201.958801 3.86443329
287.602295 -201.934402 4.58529997
287.64859 -201.866501 4.77559996
287.728485 -201.889603 4.90290022
287.708099 -201.916397 5.01359987
287.755005 -201.974304 5.26219988
287.708527 -201.83609 7.34180021
287.684021 -201.88887 7.5321002
287.707001 -201.749802 5.1644001
287.725494 -201.620102 5.37080002
287.610992 -201.647598 5.43720007
287.677246 -201.677048 7.34945011
287.748413 -201.736893 7.42339993
287.638092 -201.698807 7.97790003
287.689758 -201.701096 10.1228333
287.738708 -201.666702 10.2048998
287.63382 -201.495544 3.90288329
287.636292 -201.540344 4.11065006
287.666901 -201.547195 4.67339993
287.645294 -201.472702 5.0935998
287.6651 -201.5896 5.34310007
287.755096 -201.439499 8.03069973
287.653748 -201.522766 9.96516705
287.730408 -201.547638 10.0424995
287.600006 -201.341202 3.90190005
287.6185 -201.34024 4.11269999
287.714142 -201.309753 5.06029987
287.775909 -201.392593 5.94980001
287.715393 -201.329102 6.99620008
287.606689 -201.367493 7.14389992
287.62439 -201.217804 9.33339977
287.701294 -201.210495 9.76720047
287.720795 -201.287598 10.0044003
287.70459 -201.074997 4.99669981
287.756104 -201.167007 5.25649977
287.670746 -201.099503 9.65826702
287.68927 -201.131958 9.90145016
287.631714 -200.825394 4.87629986
287.687683 -200.958008 5.1232748
287.665802 -200.829605 5.28929996
287.706696 -200.853165 5.90260029
287.667389 -200.889603 6.78340006
287.638489 -200.811203 7.47949982
287.650208 -200.915405 9.41769981
287.7883 -200.995407 9.6928997
287.659607 -200.798004 5.03389978
287.644806 -200.731293 7.00239992
287.682434 -200.701004 9.29523277
287.707703 -200.787704 9.42930031
287.791199 -200.487701 6.2656002
287.713196 -200.427704 6.67110014
287.660492 -200.429901 6.85809994
287.662048 -200.494354 7.33195019
287.632385 -200.527695 7.40899992
287.770111 -200.558197 9.36929989
287.665161 -200.291351 4.09194994
287.715912 -200.228897 4.91879988
287.764404 -200.314804 6.29920006
287.713013 -200.298737 6.70359993
287.720581 -200.31546 6.9154501
287.702271 -200.2621 7.55480003
287.681396 -200.31395 9.33072472
287.615662 -200.086609 4.09770012
287.731445 -200.098663 4.83826637
287.795105 -200.115005 6.80840015
287.675903 -200.115799 7.1704998
287.731689 -200.054504 7.4131999
287.643402 -200.000793 8.10309982
287.795502 -200.153595 9.14550018
287.760986 -200.125 9.52900028
287.719513 -200.017807 9.76420021
287.92804 -219.941956 0.886100054
287.890289 -219.754898 0.881999969
287.816406 -219.566299 0.912100017
287.921936 -218.6604 0.919099987
287.890717 -218.441254 0.911549985
287.881042 -218.27359 0.921050012
287.951691 -218.193405 0.920099974
287.84729 -217.720795 0.943899989
287.886932 -217.49501 0.941900015
287.851288 -217.529297 2.3987999
287.908997 -217.335495 0.925099969
287.958496 -217.272202 2.33389997
287.949799 -217.143402 0.925300002
287.89621 -216.802505 0.950399995
287.873413 -216.930405 2.26959991
287.869385 -216.994202 2.42549992
287.915039 -216.687805 0.927049994
287.837189 -216.660507 2.29959989
287.8508 -216.464706 0.953000009
287.893494 -216.458099 2.6243999
287.866608 -216.352493 0.933300018
287.9263 -216.105392 2.3828001
287.919464 -215.479874 0.911199987
287.931427 -215.273346 0.898949981
287.870117 -215.115784 0.904549956
287.901184 -214.961502 0.918449998
287.869324 -214.551941 0.889050007
287.906403 -214.504593 7.47840023
287.93161 -214.464996 7.68069983
287.88208 -214.330002 0.928466678
287.923401 -214.356094 7.51840019
287.925995 -214.334747 7.67749977
287.857391 -214.392197 7.83949995
287.882812 -214.124695 7.55089998
287.936554 -214.094864 7.69706011
287.960999 -213.902649 0.935899973
287.847595 -213.626007 0.91140002
287.911499 -213.282196 0.936450005
287.832001 -213.100296 0.933750033
287.818695 -212.929306 0.935599983
287.88208 -212.711441 0.920024991
287.893097 -212.427795 0.943000019
287.833801 -212.276505 0.933600008
287.936707 -212.080627 0.930933356
287.855896 -211.623795 0.947700024
287.899353 -211.144043 0.954349995
287.886108 -210.87323 0.94659996
287.899719 -210.636414 0.974150002
287.975891 -210.484894 0.925700009
287.870972 -209.947372 0.956449986
287.927399 -209.74025 0.986800015
287.961212 -209.029007 0.997500002
287.802002 -208.722107 1.0273
287.836365 -208.514404 0.990800023
287.888214 -208.557205 1.00329995
287.953705 -208.055603 1.01680005
287.911102 -207.977798 1.01760006
287.857452 -207.843552 3.92630005
287.805206 -207.755798 0.991999984
287.908997 -207.7267 3.91720009
287.901306 -207.683365 4.05900002
287.992798 -207.743896 4.87639999
287.905792 -207.489853 1.02959991
287.9263 -207.495758 3.89094996
287.816101 -207.509903 4.07730007
287.947449 -207.478653 4.75479984
287.925201 -207.432907 4.93919992
287.938599 -207.485794 5.01709986
287.830688 -207.255295 1.04760003
287.847595 -207.360794 4.16009998
287.898376 -207.282166 4.2831502
287.92511 -207.338623 4.77754974
287.895081 -207.30896 4.87829113
287.841797 -207.347305 5.06849957
287.925507 -207.096298 4.32353354
287.838043 -207.110764 4.49350023
287.905273 -207.093002 4.6984601
287.922058 -207.108154 4.90321445
287.861786 -206.933105 1.03820002
287.94574 -206.825195 3.73970008
287.827301 -206.949905 3.97180009
287.884308 -206.879181 4.07853985
287.911713 -206.8871 4.22300005
287.909088 -206.924286 4.66580009
287.87207 -206.886765 4.8487668
287.837891 -206.782104 1.04299998
287.94928 -206.759247 3.74849987
287.91626 -206.762756 3.84639978
287.901947 -206.677765 4.03456688
287.945587 -206.684494 4.58459997
287.913696 -206.780502 4.73400021
287.848083 -206.763596 4.87934971
287.968597 -206.770096 5.90339994
287.855896 -206.546295 1.02610004
287.834412 -206.441498 3.67370009
287.844116 -206.46283 3.90205002
287.880615 -206.473907 4.14050007
287.862488 -206.434998 4.26849985
287.972412 -206.541306 4.95809984
287.927002 -206.291962 1.03664994
287.874908 -206.230042 3.52220011
287.904022 -206.283951 3.7246201
287.856201 -206.318298 3.80789995
287.98349 -206.230392 4.08179998
287.92627 -206.280151 4.33319998
287.935303 -206.245499 4.45599985
287.941498 -206.308807 4.63880014
287.983582 -206.089294 3.52554989
287.951782 -206.078979 3.69619989
287.98111 -206.031204 4.2579999
287.928192 -206.112701 4.43449974
287.865723 -206.059662 6.32784986
287.939911 -206.020996 6.46939993
287.922333 -205.899796 6.30263329
287.948303 -205.954193 6.44340038
287.90979 -205.729996 1.05089998
287.941498 -205.627441 4.32875013
287.996307 -205.661499 4.52659988
287.935303 -205.780548 6.13169956
287.938965 -205.724609 6.25460005
287.910309 -205.7397 6.44250011
287.919373 -205.506332 4.36010027
287.930054 -205.489304 4.49041653
287.832001 -205.472794 4.62160015
287.835205 -205.537994 5.11180019
287.968048 -205.214401 4.15094995
287.915649 -205.337372 4.46408319
287.923096 -205.342606 4.86469984
287.927185 -205.310364 5.15116644
287.886902 -205.297211 5.30411434
287.887512 -205.374695 5.79969978
287.934998 -205.167404 4.18069983
287.970886 -205.100494 5.16755009
287.884644 -205.101746 5.33584976
287.845398 -205.119949 5.49740028
287.849701 -204.956604 4.64459991
287.896301 -204.616104 4.17770004
287.882507 -204.664093 4.36499977
287.893707 -204.636749 4.51010036
287.915009 -204.605103 4.73559999
287.892151 -204.677155 4.92374992
287.893127 -204.670502 5.31624985
287.973267 -204.521149 1.0675
287.960297 -204.493561 4.30000019
287.924194 -204.517426 4.46761656
287.854004 -204.510239 4.71103334
287.961731 -204.4487 4.92412519
287.922363 -204.471603 5.06050014
287.872101 -204.548203 5.2729001
287.954712 -204.354904 1.03830004
287.863403 -204.328735 4.47650003
287.915344 -204.311798 4.71444988
287.972168 -204.393646 4.91724968
287.875305 -204.360703 5.07019997
287.851685 -204.339645 5.30655003
287.998993 -204.033401 3.08080006
287.810303 -204.017807 4.28240013
287.938507 -204.066193 4.65869999
287.875732 -204.101807 4.92904997
287.913971 -204.075409 5.14680004
287.82016 -204.112091 5.29174995
287.801514 -204.028198 5.40030003
287.934204 -204.006393 5.60349989
287.936707 -204.103745 5.87860012
287.979706 -204.049103 6.06890011
287.923096 -204.128403 6.29190016
287.994812 -203.847305 1.04489994
287.963409 -203.809006 3.07419991
287.975037 -203.874893 3.50129986
287.952301 -203.87085 3.64680004
287.899109 -203.842407 4.13290024
287.922272 -203.883575 4.26982021
287.92749 -203.883148 4.45355034
287.877106 -203.881454 4.74555016
287.915894 -203.87088 4.90192509
287.893402 -203.854507 5.09250021
287.959839 -203.906647 5.32219982
287.866486 -203.934402 5.87729979
287.843414 -203.933197 6.24049997
287.993713 -203.628296 1.4684
287.986511 -203.629593 1.85899997
287.911011 -203.701096 2.58649993
287.873199 -203.655106 2.74600005
287.987793 -203.624466 3.12339997
287.940704 -203.607803 3.33579993
287.944305 -203.705566 3.48596001
287.92569 -203.650803 3.68140006
287.88031 -203.675003 3.90499997
287.843506 -203.742096 4.12589979
287.933258 -203.749756 4.51399994
287.916718 -203.687561 4.71786642
287.916534 -203.716232 4.90734005
287.922363 -203.723907 5.07026672
287.885681 -203.754761 5.33335018
287.865204 -203.629761 5.52909994
287.973785 -203.503998 1.14979994
287.985535 -203.437454 1.28635001
287.98114 -203.452301 1.50810003
287.9599 -203.581894 1.79980004
287.97876 -203.473633 1.89285004
287.97876 -203.565445 2.14174986
287.976746 -203.460495 2.24685001
287.991455 -203.464996 2.89274979
287.97052 -203.494843 3.11854982
287.962402 -203.497803 3.29690003
287.912506 -203.515335 3.49814296
287.922455 -203.471207 3.66014004
287.852753 -203.54126 4.46930027
287.964691 -203.533539 4.64720011
287.916504 -203.540298 4.81220007
287.941376 -203.481995 5.07015038
287.832703 -203.505295 5.25740004
287.877594 -203.49826 5.46745014
287.816803 -203.457108 5.63460016
287.928192 -203.318283 1.15111995
287.918976 -203.274124 1.27946007
287.93277 -203.257874 1.53430009
287.955475 -203.288239 1.72379994
287.934937 -203.346954 1.90632498
287.947144 -203.306763 2.13351679
287.968353 -203.283447 2.28334999
287.960388 -203.279999 2.42429996
287.93924 -203.260727 2.69703341
287.943909 -203.282837 2.89773321
287.930817 -203.290421 3.07014298
287.922058 -203.286072 3.34010005
287.900452 -203.312653 3.47889996
287.871429 -203.282364 3.67887998
287.821472 -203.290192 4.51675034
287.866058 -203.388245 4.67764997
287.989594 -203.367294 4.94210005
287.984894 -203.311203 5.01620007
287.89917 -203.291534 5.25307465
287.883362 -203.105301 1.14805007
287.914825 -203.111862 1.34376669
287.907684 -203.153564 1.53040004
287.868256 -203.090027 1.6954
287.87146 -203.078979 1.92460001
287.908936 -203.120682 2.08603334
287.899933 -203.07959 2.27707148
287.942261 -203.067383 2.50078011
287.912262 -203.07373 2.72135019
287.905762 -203.103027 2.86859989
287.895752 -203.096725 3.1078167
287.868439 -203.121017 3.28025007
287.84256 -203.10527 3.49837494
287.86319 -203.09845 3.69915009
287.849731 -203.050354 3.86570001
287.867371 -203.162338 4.66836691
287.987091 -203.1548 4.8125
287.932617 -203.036148 5.38210011
287.830292 -203.098541 5.41205025
287.858429 -202.919403 1.13036001
287.861298 -202.935226 1.29998004
287.850037 -202.894165 1.50033331
287.829346 -202.90654 1.67110002
287.838135 -202.910934 1.88967144
287.840729 -202.943985 2.12420011
287.843872 -202.937531 2.29285002
287.86377 -202.918304 2.44569993
287.858673 -202.885849 2.70456648
287.841522 -202.90715 2.89011669
287.823944 -202.884964 3.09641242
287.818756 -202.867401 3.27799988
287.826202 -202.895905 3.54139996
287.910645 -202.97229 3.89125013
287.913605 -202.995605 5.29059982
287.904388 -202.917404 5.48449993
287.853333 -202.733047 1.17135
287.819824 -202.7435 1.2905333
287.8479 -202.769501 1.48210001
287.801605 -202.737198 2.11730003
287.8479 -202.706299 2.37689996
287.835693 -202.777863 2.47020006
287.804199 -202.725403 2.61570001
287.821014 -202.671906 2.80559993
287.816833 -202.677002 3.09695005
287.807495 -202.783401 3.37709999
287.953491 -202.615707 4.33090019
287.912445 -202.641144 5.45599985
287.95459 -202.677399 7.35059977
287.906403 -202.670746 7.49604988
287.98584 -202.537659 4.23269987
287.994385 -202.448395 4.47149992
287.927612 -202.427307 5.19460011
287.902313 -202.429596 5.38089991
287.829895 -202.452499 5.44840002
287.808899 -202.466599 7.36910009
287.965424 -202.4767 7.55116653
287.934387 -202.554504 7.77059984
287.858612 -202.204605 5.1711998
287.872101 -202.295395 5.25589991
287.840271 -202.275177 5.47712517
287.877411 -202.200806 5.69689989
287.870361 -202.041275 5.10567999
287.980499 -202.077393 6.10790014
287.903992 -201.917694 4.78149986
287.894196 -201.949295 4.92389965
287.992065 -201.93634 5.11935043
287.940887 -201.903595 5.29052496
287.973694 -201.901245 5.51079988
287.941711 -201.869949 5.72130013
287.931885 -201.838394 5.83179998
287.801086 -201.791 5.27729988
287.875305 -201.765198 5.46630001
287.928253 -201.653152 5.68459988
287.921997 -201.689621 5.89362001
287.847443 -201.691498 6.08564997
287.920715 -201.631653 9.85789967
287.863708 -201.404297 5.59919977
287.904175 -201.503433 5.73553324
287.923431 -201.513916 5.90213346
287.872711 -201.405396 7.16149998
287.927612 -201.465393 7.36549997
287.84671 -201.567993 8.14120007
287.871094 -201.566895 9.92074966
287.821014 -201.572098 10.0678997
287.843201 -201.292007 5.05499983
287.803406 -201.227203 5.24690008
287.821808 -201.236099 5.42210007
287.940979 -201.300339 5.67845011
287.889893 -201.372574 5.88276672
287.955292 -201.306107 6.21689987
287.962158 -201.361389 7.14230013
287.889099 -201.267899 7.33039999
287.878815 -201.222794 8.14529991
287.874634 -201.283905 8.24600029
287.98291 -201.062195 4.3828001
287.95636 -201.048706 4.52824974
287.941223 -201.06601 5.11859989
287.905914 -201.057007 5.52939987
287.887299 -201.098938 5.94950008
287.952789 -201.118607 6.12146664
287.883911 -201.143997 8.04300022
287.814911 -201.024994 9.30840015
287.848602 -201.030304 9.76580048
287.950897 -201.119553 9.91320038
287.898041 -200.94455 4.48725033
287.868011 -200.916656 4.65509987
287.994812 -200.888107 5.50209999
287.865662 -200.894104 5.87010002
287.844391 -200.914398 6.77890015
287.933289 -200.836807 9.07199955
287.933105 -200.873688 9.32124996
287.950195 -200.658707 4.77780008
287.8526 -200.775909 6.74870014
287.941589 -200.686005 9.39780045
287.862122 -200.451355 6.34504986
287.915649 -200.564606 9.3274498
287.939209 -200.424896 9.56620026
287.874512 -200.2061 6.24240017
287.843201 -200.378601 6.80060005
287.97879 -200.243195 7.29279995
287.822998 -200.278503 7.64120007
287.887634 -200.318054 9.29694939
287.862183 -200.068695 6.89505005
287.89151 -200.139297 7.32009983
287.953491 -200.156906 7.49049997
287.957306 -200.082306 9.20940018
287.875 -200.039597 9.40310001
287.987396 -200.009506 9.64560032
288.191895 -219.851807 0.877200007
288.156311 -219.609695 0.888000011
288.060394 -219.596695 0.904699981
288.069336 -219.27121 0.892433345
288.065002 -219.067963 0.903266668
288.058899 -218.835785 0.899549961
288.104401 -218.532104 0.896799982
288.17804 -218.249252 0.934299946
288.157196 -218.297897 2.39560008
288.0513 -218.09465 0.944749951
288.06601 -218.065796 2.37199998
288.094391 -217.956696 0.914600015
288.132812 -217.677795 0.919399977
288.133636 -217.520126 0.927566648
288.084412 -217.561905 2.46510005
288.148407 -217.280807 0.916899979
288.135101 -217.236099 2.4828999
288.145386 -217.008301 0.924600005
288.002502 -217.041 2.68429995
288.099915 -216.908401 0.943400025
288.172485 -216.866302 2.38249993
288.097839 -216.758759 0.921149969
288.052795 -216.566498 0.925100029
288.081909 -216.573395 2.3736999
288.121094 -216.350403 0.941500008
288.061005 -216.350098 2.29360008
288.138611 -216.136368 0.928966641
288.110565 -215.9366 0.916275024
288.074036 -215.712204 0.911899984
288.04303 -215.478638 0.910149992
288.045105 -215.129593 0.911199987
288.120422 -214.93866 0.898800015
288.046906 -214.698196 0.926999986
288.01239 -214.443695 0.925800025
288.193695 -214.428497 7.57499981
288.03299 -214.483337 7.67833328
288.152893 -214.456497 7.80140018
288.135132 -214.329437 0.907999992
288.018188 -214.339706 7.35300016
288.054138 -214.33342 7.69290018
288.048889 -214.117447 0.912899971
288.104584 -214.081329 7.73781681
288.129486 -214.070602 7.90310001
288.150696 -213.952698 0.921599984
288.109375 -213.949997 7.68650007
288.053986 -213.637497 0.905099988
288.061401 -213.589203 0.926699996
288.14267 -213.309769 0.916299999
288.033997 -213.055405 0.914900005
288.098206 -212.884094 0.930900037
288.139282 -212.729187 0.937350035
288.026917 -212.472107 0.936150014
288.175232 -212.223053 0.931400001
288.172302 -211.866806 0.904500008
288.187012 -211.781906 0.93809998
288.082214 -211.488647 0.947400033
288.0466 -211.308105 0.945349991
288.124481 -211.083466 0.95570004
288.058411 -210.806396 0.96390003
288.165405 -210.404602 0.958000004
288.02356 -210.328598 0.969749987
288.053589 -210.092255 0.96329999
288.064301 -210.164505 1.02779996
288.074951 -209.697205 0.983966649
288.074707 -209.475906 0.969399989
288.147522 -209.297058 0.967999995
288.190308 -208.743195 0.977500021
288.020203 -208.764603 1.00810003
288.061401 -208.568893 0.983399987
288.144684 -208.305069 1.00966668
288.036285 -208.185898 0.981999993
288.089325 -208.032837 4.93760014
288.121979 -208.046204 5.04227495
288.161713 -207.852203 1.0165
288.080719 -207.830872 3.91132498
288.149689 -207.835754 4.69694996
288.125549 -207.925705 4.94059992
288.108307 -207.627106 3.67459989
288.120483 -207.693695 3.92694998
288.013 -207.627197 4.00460005
288.09494 -207.728455 4.88409996
288.197998 -207.402603 1.0316
288.129059 -207.454346 3.46550012
288.122986 -207.522598 3.91470003
288.061401 -207.460861 4.06213331
288.013885 -207.446701 4.74209976
288.155792 -207.266998 1.03610003
288.146912 -207.384094 3.24839997
288.156311 -207.297791 3.45155001
288.17981 -207.383698 3.72070003
288.128448 -207.313507 3.85439992
288.167419 -207.297913 4.10230017
288.057098 -207.305695 4.21210003
288.0271 -207.304199 4.72764969
288.083008 -207.337799 4.83780003
288.064697 -207.180298 1.01839995
288.116791 -207.137207 3.32579994
288.127106 -207.116104 3.41300011
288.198914 -207.138199 3.6724999
288.167694 -207.165894 4.11269999
288.151855 -207.11084 4.28439999
288.122162 -207.034729 4.53560019
288.052246 -207.096741 4.66892529
288.042114 -207.195602 4.87360001
288.058594 -206.830505 1.06819999
288.036987 -206.920898 3.68959999
288.118927 -206.895477 4.34598017
288.10376 -206.920685 4.5209856
288.091858 -206.93187 4.68149996
288.181396 -206.906097 5.69829988
288.139618 -206.902328 5.89865732
288.088867 -206.638245 1.03604996
288.037292 -206.683502 3.89209986
288.14209 -206.658463 4.11289978
288.010101 -206.685059 4.22735023
288.133179 -206.757599 4.53299999
288.182404 -206.696899 4.62529993
288.198212 -206.629395 4.91620016
288.002808 -206.75 5.07219982
288.081696 -206.771149 5.74915028
288.148651 -206.695267 5.87876654
288.128296 -206.575958 1.05279994
288.073303 -206.496826 3.70889997
288.097687 -206.526016 3.89131999
288.19101 -206.467896 4.06069994
288.162811 -206.503784 4.32891989
288.167969 -206.443848 5.67644978
288.024475 -206.265106 3.74690008
288.106201 -206.256805 4.1026001
288.147217 -206.318802 4.32717514
288.092529 -206.247711 4.4696331
288.161713 -206.255295 6.19770002
288.048615 -206.255707 6.23939991
288.074188 -206.093506 3.56539989
288.107208 -206.137299 3.63295007
288.050354 -206.141449 4.14104986
288.111877 -206.079544 4.32149982
288.123505 -206.114349 4.46934986
288.182098 -206.160294 6.11859989
288.109283 -206.065247 6.27510023
288.046997 -205.858093 1.03410006
288.100586 -205.947998 3.85400009
288.130646 -205.972595 4.46099997
288.094421 -205.848419 6.28017998
288.151306 -205.939407 6.46780014
288.08786 -205.713364 1.05193329
288.093811 -205.658752 4.46170044
288.117615 -205.709702 6.19220018
288.096283 -205.717056 6.27294016
288.070435 -205.766251 6.45935011
288.104492 -205.475494 1.0316
288.074585 -205.406906 4.1862998
288.127502 -205.487213 4.31233311
288.089172 -205.485199 4.4847002
288.018402 -205.421295 5.22520018
288.081909 -205.429504 5.94929981
288.192688 -205.587494 6.15329981
288.184753 -205.537994 6.29695034
288.096191 -205.272858 1.04299998
288.041809 -205.239197 4.11199999
288.177704 -205.328339 4.31700039
288.105072 -205.261169 4.46175718
288.175995 -205.366196 5.16470003
288.080811 -205.320572 5.29746675
288.19809 -205.238998 5.55149984
288.096191 -205.126999 2.84789991
288.052307 -205.165955 4.11779976
288.126099 -205.122299 4.37270021
288.111633 -205.101776 5.2592001
288.143707 -205.049698 6.05929995
288.171204 -204.897903 3.7190001
288.1297 -204.978897 3.88779998
288.0495 -204.800903 4.53609991
288.030792 -204.819901 4.86549997
288.138947 -204.9151 5.31669998
288.054108 -204.804398 5.46000004
288.136292 -204.8992 6.10589981
288.101562 -204.708954 1.04610002
288.195099 -204.697495 1.98039997
288.167297 -204.667801 2.28769994
288.137909 -204.641098 3.19210005
288.172272 -204.701996 3.52316666
288.180298 -204.728653 3.65129995
288.063751 -204.705444 4.65324974
288.080994 -204.640442 4.8831501
288.185791 -204.444702 1.10140002
288.185394 -204.506897 1.22179997
288.144012 -204.5923 1.93889999
288.169891 -204.551697 3.11400008
288.188507 -204.451508 3.35719991
288.163574 -204.523224 3.52126002
288.021515 -204.584305 4.5545001
288.121887 -204.425293 5.86409998
288.126038 -204.309647 1.13365006
288.166595 -204.3405 1.23029995
288.162842 -204.273697 1.72420001
288.097473 -204.280899 1.93230009
288.178406 -204.218307 2.13490009
288.175385 -204.314133 2.26096654
288.173096 -204.236862 2.49853325
288.164093 -204.225494 2.77729988
288.195251 -204.278595 2.9128499
288.177063 -204.278397 3.08995008
288.178864 -204.330353 3.3276
288.124634 -204.254379 3.5033834
288.135071 -204.301056 3.65269995
288.107391 -204.332703 4.77180004
288.0401 -204.345398 4.90653324
288.060242 -204.303619 5.05068016
288.131775 -204.29155 6.09484959
288.016296 -204.233994 6.21649981
288.106018 -204.117828 1.10175002
288.140015 -204.083496 1.27312493
288.144562 -204.1474 1.47893333
288.161041 -204.082764 1.69359994
288.157623 -204.096054 1.93287992
288.142761 -204.110809 2.13908339
288.070374 -204.09729 2.37849998
288.133453 -204.103088 2.48727989
288.170166 -204.115707 2.63564014
288.131226 -204.102234 2.92552519
288.144806 -204.091751 3.09028339
288.105408 -204.074478 3.30614996
288.104279 -204.108398 3.49368191
288.1315 -204.11879 3.71860003
288.153229 -204.058762 3.92276669
288.084015 -204.080597 4.23780012
288.033203 -204.014496 4.7652998
288.184387 -204.119507 4.85010004
288.136505 -204.180695 5.0138998
288.131561 -204.133926 6.11053324
288.073608 -203.907593 1.14612496
288.105316 -203.891907 1.2859
288.059998 -203.8685 1.48023331
288.094238 -203.871628 1.72827137
288.103058 -203.918442 1.90232861
288.099274 -203.876038 2.06698322
288.089142 -203.873962 2.27325988
288.111115 -203.915039 2.51676011
288.089111 -203.862244 2.69341993
288.101562 -203.938187 2.88778329
288.096985 -203.91864 3.06865549
288.07605 -203.895264 3.31755996
288.074249 -203.905273 3.44277501
288.119629 -203.893127 3.68620014
288.1073 -203.929993 3.90370011
288.067505 -203.881042 4.08899975
288.175293 -203.923248 4.26214981
288.005188 -203.924103 4.47980022
288.169708 -203.912094 4.68359995
288.069305 -203.990097 5.18709993
288.022614 -203.940704 5.39449978
288.018799 -203.893204 5.47790003
288.066376 -203.735077 1.1365
288.072662 -203.731018 1.35210001
288.052063 -203.697998 1.44767499
288.037231 -203.678909 1.66246665
288.074524 -203.713104 1.88390005
288.048065 -203.693207 2.09878564
288.046112 -203.691223 2.25914001
288.072266 -203.679932 2.51267505
288.077118 -203.710541 2.6846199
288.041779 -203.684677 2.89113998
288.023407 -203.682144 3.12605
288.044312 -203.684891 3.27393341
288.062103 -203.756897 3.51859999
288.05069 -203.626007 3.9440999
288.068512 -203.625229 4.49116659
288.095093 -203.660995 4.68830013
288.044495 -203.704498 4.84569979
288.034088 -203.778 5.1342001
288.02005 -203.521255 1.17190003
288.031616 -203.540665 1.28939998
288.016602 -203.537949 1.49290001
288.011108 -203.488297 1.69965005
288.006195 -203.506699 1.91970003
288.032318 -203.571426 2.09923339
288.060822 -203.508163 2.32184005
288.070007 -203.492554 2.48781681
288.067596 -203.536392 2.64913321
288.030975 -203.506699 2.90447998
288.038788 -203.569504 3.16199994
288.011414 -203.583405 3.56329989
288.185699 -203.423492 4.35570002
288.125305 -203.481506 4.53654957
288.091644 -203.485596 4.69923353
288.083771 -203.484985 4.95983982
288.072601 -203.496902 5.14379978
288.019592 -203.565796 5.24989986
288.065857 -203.291138 1.43340003
288.025208 -203.374603 1.99600005
288.031494 -203.385895 2.32419991
288.034302 -203.21524 2.46329999
288.029785 -203.265045 2.69528008
288.022034 -203.324005 2.84030008
288.052887 -203.2659 3.99860001
288.172791 -203.273895 4.14614964
288.011505 -203.385895 4.34639978
288.105194 -203.333115 4.49593973
288.082886 -203.275513 4.78714991
288.052887 -203.261154 4.90621996
288.027252 -203.278152 5.12290001
288.142212 -203.1548 1.40629995
288.031097 -203.104156 2.53126001
288.022766 -203.15274 2.71826673
288.191589 -203.031799 4.11539984
288.064392 -203.126205 4.96710014
288.099213 -203.104889 5.0944252
288.042114 -203.123367 5.29676676
288.004791 -202.938507 2.62899995
288.085754 -202.929657 4.13409996
288.009003 -202.904907 4.22009993
288.08371 -202.980499 4.72590017
288.119507 -202.9505 5.04949999
288.061188 -202.967407 5.39480019
288.148956 -202.678345 4.13364983
288.147125 -202.726166 4.31236649
288.114136 -202.669159 4.90805006
288.166901 -202.728806 5.32450008
288.078888 -202.721069 5.43770027
288.055725 -202.689941 7.52925014
288.093292 -202.533096 4.15570021
288.096619 -202.48555 4.31809998
288.0755 -202.516647 4.47974968
288.140503 -202.540604 4.97889996
288.071991 -202.502853 5.0927
288.134857 -202.471313 5.34497499
288.149963 -202.540604 5.42749977
288.088806 -202.583298 5.85080004
288.031403 -202.535904 7.64330006
288.067596 -202.396606 4.4218998
288.072205 -202.309097 5.24520016
288.08075 -202.331467 7.52703333
288.024811 -202.046494 5.11759996
288.009491 -202.012405 5.24259996
288.127838 -202.106033 5.70006657
288.115723 -202.070557 5.88590002
288.144806 -202.021149 6.10395002
288.193695 -201.985199 5.16410017
288.077759 -201.8909 5.50960016
288.065704 -201.885498 5.77680016
288.048096 -201.808701 5.83330011
288.130646 -201.891907 6.16314983
288.167786 -201.634293 5.31669998
288.01181 -201.770996 5.70909977
288.058716 -201.718201 5.87395
288.053711 -201.7173 6.12319994
288.161987 -201.616547 10.2892504
288.014709 -201.526703 5.6637001
288.007294 -201.574402 5.9691
288.083496 -201.435654 6.05730009
288.143707 -201.562897 6.20620012
288.007996 -201.551498 10.1419001
288.061768 -201.5439 10.2620001
288.114685 -201.279694 5.0777998
288.04657 -201.324738 5.87015009
288.055237 -201.346649 6.05420017
288.113586 -201.265869 6.23113346
288.154388 -201.341507 6.44169998
288.165405 -201.319595 10.10425
288.150299 -201.044907 4.36269999
288.0625 -201.071503 4.50820017
288.128418 -201.116348 4.61555004
288.079712 -201.095062 6.15066671
288.082306 -201.131195 6.26484966
288.137146 -201.047058 7.95434999
288.118011 -201.071106 8.08880043
288.095703 -201.0737 8.20510006
288.105042 -201.10025 9.89229965
288.114532 -200.959763 4.24176693
288.158844 -200.909302 4.49609995
288.119629 -200.88681 4.85760021
288.001801 -200.957504 5.91090012
288.122131 -200.981049 6.10179996
288.059692 -200.871643 6.26955032
288.143433 -200.885208 6.46587992
288.156403 -200.926804 6.6079998
288.1875 -200.867401 7.86439991
288.135406 -200.955399 8.09883308
288.111511 -200.873596 8.46280003
288.181854 -200.849655 9.54220009
288.123199 -200.9021 9.67925072
288.103607 -200.680298 4.52190018
288.094055 -200.66214 4.71799994
288.140747 -200.694626 4.89480019
288.058899 -200.750702 5.19850016
288.098511 -200.717102 6.18979979
288.111359 -200.753067 6.32019997
288.023895 -200.651093 6.77619982
288.026367 -200.617493 8.34354973
288.131897 -200.732193 8.82750034
288.194489 -200.616592 9.39290047
288.119049 -200.746643 9.57094955
288.004303 -200.570404 4.70979977
288.137604 -200.467697 4.84810019
288.160614 -200.484497 5.6237998
288.10022 -200.432404 6.76929998
288.121704 -200.419296 7.15479994
288.119202 -200.532852 8.31785011
288.0672 -200.539398 8.51439953
288.144592 -200.414795 9.11229992
288.110016 -200.455933 9.30872536
288.107788 -200.585403 9.48880005
288.174561 -200.317947 6.44645023
288.064056 -200.297089 6.76754999
288.155304 -200.207397 7.51800013
288.041443 -200.346252 8.49499989
288.05249 -200.347504 9.22799969
288.078308 -200.020004 4.98140001
288.024597 -200.1745 5.01310015
288.076111 -200.124802 7.44840002
288.123688 -200.183105 9.23900032
288.323425 -219.914703 0.865949988
288.258423 -219.557739 0.894900024
288.355225 -219.046997 0.910899997
288.368195 -219.143097 2.31305003
288.366089 -218.837296 2.34179997
288.31485 -218.713852 0.916499972
288.230194 -218.535797 2.26119995
288.277405 -218.289627 0.928900003
288.325317 -218.104858 0.907949984
288.292511 -217.880051 0.916849971
288.275391 -217.699493 0.91900003
288.318787 -217.773605 2.53590012
288.300232 -217.499847 0.926900029
288.22879 -217.4758 2.52670002
288.252808 -217.525497 2.6644001
288.296692 -217.343704 0.949899971
288.324799 -216.738693 0.939049959
288.376068 -216.543564 0.925099969
288.203186 -216.363205 0.930599988
288.37851 -216.143906 5.49510002
288.233673 -215.94957 0.918300033
288.332214 -215.654404 0.923866689
288.263397 -215.076401 0.914699972
288.316956 -214.770233 0.903633356
288.369202 -214.610001 7.81080008
288.217407 -214.573593 0.911000013
288.352783 -214.460922 7.73124981
288.215515 -214.542801 7.81570005
288.256897 -214.309692 0.918049991
288.297943 -214.27211 7.65899992
288.263702 -214.132751 0.936499953
288.245911 -214.156906 7.59299994
288.302094 -214.108475 7.69343996
288.288147 -213.944275 7.67284966
288.313751 -213.670105 0.918325007
288.295685 -213.7388 7.73670006
288.262604 -213.516296 0.902100027
288.373505 -213.460297 7.89839983
288.292999 -213.421097 8.03660011
288.269196 -213.332001 0.935899973
288.328217 -213.262863 8.05079937
288.332794 -213.129105 7.99650002
288.331085 -213.133896 8.16399956
288.236389 -212.967804 0.931999981
288.277496 -212.68396 0.916099966
288.232513 -212.405807 0.979600012
288.383911 -212.336197 0.964600027
288.27301 -212.045532 0.937399983
288.254791 -211.50914 0.941266656
288.29129 -211.325592 0.948050022
288.258301 -211.147995 0.956499994
288.225006 -210.855301 0.969399989
288.303589 -210.641098 0.971899986
288.31189 -210.48555 0.978399992
288.350739 -210.122498 0.971500039
288.318726 -209.68573 0.982299984
288.232391 -209.325302 0.98269999
288.328491 -208.061996 1.0036
288.357513 -208.001999 3.79850006
288.335358 -208.037445 4.67640018
288.294067 -208.061234 4.88063335
288.223206 -208.076294 5.04610014
288.230042 -207.942291 1.01200008
288.322449 -207.864899 3.89545012
288.281342 -207.916229 4.7137332
288.313324 -207.898727 4.90944529
288.211487 -207.869904 5.08214998
288.311615 -207.740799 0.992799997
288.303406 -207.682602 3.70624995
288.256317 -207.68306 3.89050007
288.34201 -207.601593 4.44759989
288.282288 -207.697784 4.72424459
288.319489 -207.735626 4.85276651
288.259888 -207.735138 5.07806683
288.2146 -207.482605 0.984099984
288.207794 -207.527893 3.31769991
288.251648 -207.49057 3.45604992
288.307251 -207.495102 3.93120003
288.286072 -207.438446 4.07384968
288.330566 -207.501068 4.73333359
288.300812 -207.534897 4.98710012
288.373199 -207.202896 1.03419995
288.233154 -207.291107 3.38595009
288.292053 -207.306641 3.48864985
288.328308 -207.329651 3.74889994
288.308075 -207.348221 3.93102503
288.286652 -207.274033 4.08336687
288.344391 -207.305359 4.48804998
288.270813 -207.329544 4.69735003
288.225494 -207.168503 1.01839995
288.307892 -207.108994 3.46320009
288.247803 -207.025604 4.13180017
288.260559 -207.084152 4.68295002
288.3815 -207.017502 4.92309999
288.234589 -207.044205 5.01910019
288.2883 -207.016693 5.65089989
288.361816 -206.883942 1.03425002
288.302429 -206.87645 4.31379986
288.309906 -206.912521 4.45760012
288.310272 -206.920166 5.72669983
288.309204 -206.843506 5.82614994
288.380096 -206.7285 1.04059994
288.302673 -206.703537 4.31513357
288.298584 -206.673981 4.51047993
288.251434 -206.633408 4.6624999
288.237 -206.720001 4.89219999
288.354523 -206.666504 5.50890017
288.349579 -206.683502 5.66927528
288.319763 -206.697495 5.9208498
288.209503 -206.544693 1.04159999
288.248199 -206.464096 3.79159999
288.298706 -206.464203 3.94054985
288.312286 -206.487015 4.10981989
288.240753 -206.492462 4.28244019
288.36554 -206.432632 4.50786686
288.362732 -206.562256 4.70619965
288.308289 -206.539886 4.8043499
288.384491 -206.571701 5.48729992
288.372101 -206.510468 5.68249989
288.321411 -206.527298 5.89847517
288.393555 -206.322845 1.02480006
288.270477 -206.308273 3.68842506
288.310699 -206.320404 3.85579991
288.233063 -206.294998 4.14026642
288.240234 -206.285263 4.27753353
288.389313 -206.3526 4.72039986
288.318115 -206.299393 5.54209995
288.345795 -206.259506 5.65080023
288.34964 -206.101059 1.04314005
288.28476 -206.184204 3.56540012
288.3237 -206.120758 3.7583499
288.287994 -206.020401 3.8138001
288.360992 -206.158997 4.11590004
288.375397 -206.040497 5.51859999
288.383606 -206.078796 5.69360018
288.321991 -206.040695 6.12639999
288.262909 -205.926102 1.05639994
288.343597 -205.913101 2.98779988
288.396606 -205.846603 3.70659995
288.310303 -205.902573 6.11163998
288.228394 -205.945343 6.26029968
288.294891 -205.643707 1.06229997
288.375793 -205.655807 2.46889997
288.399414 -205.697296 3.55430007
288.318298 -205.642395 5.78399992
288.374939 -205.705902 5.96315002
288.305634 -205.722214 6.10927153
288.293091 -205.733994 6.21089983
288.297913 -205.614105 6.40719986
288.269806 -205.599106 1.05019999
288.382904 -205.447006 2.54570007
288.386597 -205.584396 3.17079997
288.370209 -205.442093 3.46760011
288.304626 -205.45842 5.92657471
288.314941 -205.529999 6.09385014
288.294495 -205.521301 6.31610012
288.372589 -205.265793 1.76289999
288.360199 -205.256165 1.90978003
288.281799 -205.231995 2.57470012
288.365631 -205.282257 2.69729996
288.350159 -205.273651 2.9753499
288.27121 -205.202896 3.13409996
288.36972 -205.249634 3.29186678
288.363251 -205.288071 3.47183347
288.397614 -205.2173 3.78909993
288.234863 -205.280304 4.31186676
288.351288 -205.303497 4.55310011
288.253754 -205.304581 5.09590006
288.380188 -205.328903 5.20720005
288.229889 -205.261703 5.41830015
288.261688 -205.234802 5.65010023
288.259796 -205.300598 5.89989996
288.260437 -205.110291 1.08419991
288.309296 -205.06813 1.30103338
288.314148 -205.069107 1.48276663
288.320435 -205.109192 1.70341432
288.28598 -205.049271 1.89886665
288.318268 -205.098419 2.04586005
288.333252 -205.110519 2.29397154
288.310059 -205.097214 2.52122855
288.33551 -205.096848 2.71687508
288.292938 -205.094147 2.882025
288.31781 -205.103775 3.12388754
288.271423 -205.126205 3.27509999
288.265991 -205.074127 3.48312497
288.300537 -205.10202 3.68677497
288.264435 -205.091415 3.90696001
288.208405 -205.156799 4.01020002
288.263 -205.120316 4.29676008
288.345947 -205.105453 4.55475044
288.325867 -205.119598 4.9691
288.327759 -205.141815 5.13899994
288.319519 -205.033096 5.2723999
288.215302 -205.134003 5.91989994
288.310486 -205.136292 6.0625
288.255219 -204.924271 1.10446668
288.278412 -204.894012 1.32766664
288.270233 -204.872208 1.48873329
288.284729 -204.899353 1.71013999
288.263092 -204.934692 1.89013338
288.27832 -204.864716 2.10672855
288.292816 -204.913773 2.33547997
288.271027 -204.909088 2.49258566
288.277679 -204.894562 2.67490005
288.273193 -204.884293 2.9835
288.273529 -204.899033 3.13214993
288.271667 -204.921326 3.31067133
288.250214 -204.870377 3.55837512
288.256134 -204.895004 3.7172401
288.298431 -204.925827 3.90549994
288.303711 -204.859695 4.01730013
288.304108 -204.967194 4.87790012
288.346191 -204.903107 5.27689981
288.272797 -204.921204 5.55940008
288.356293 -204.986496 6.18499994
288.326111 -204.834106 6.29160023
288.32489 -204.674255 1.14999998
288.318451 -204.713165 1.32812858
288.311005 -204.720734 1.49335003
288.283417 -204.682709 1.69270003
288.287109 -204.70462 1.88911998
288.309235 -204.691132 2.09436655
288.311676 -204.717621 2.26856661
288.278809 -204.69487 2.51999998
288.299683 -204.726089 2.69153333
288.290649 -204.692108 2.91511106
288.296997 -204.715958 3.10276008
288.265076 -204.679901 3.30350995
288.227203 -204.740128 3.51532507
288.276886 -204.685745 3.72112489
288.343628 -204.700104 3.90370011
288.283112 -204.682007 4.59070015
288.361603 -204.774597 5.79610014
288.330994 -204.713303 6.07240009
288.300934 -204.470764 1.15359998
288.292633 -204.529877 1.31892002
288.279572 -204.542908 1.44136667
288.263275 -204.46698 1.69658577
288.279755 -204.55307 1.85363328
288.272095 -204.479782 2.09967136
288.282074 -204.559113 2.31361985
288.256409 -204.460938 2.51923323
288.265442 -204.525497 2.71790004
288.266785 -204.506897 2.94433331
288.264679 -204.519699 3.11957502
288.287872 -204.504044 3.28663325
288.248322 -204.49263 3.50692511
288.247467 -204.503036 3.75876665
288.33139 -204.518188 3.93358326
288.377686 -204.430695 4.07859993
288.398285 -204.504593 4.28550005
288.362793 -204.590393 4.71670008
288.35379 -204.4422 5.78310013
288.299683 -204.538895 5.89523315
288.351898 -204.593506 6.02799988
288.22049 -204.354599 1.16630006
288.217407 -204.287033 1.30879998
288.223328 -204.296585 1.49820006
288.241821 -204.320801 1.71434999
288.224701 -204.319901 1.90086663
288.209351 -204.312332 2.12526679
288.231628 -204.299164 2.24025011
288.231384 -204.366348 2.55135012
288.214722 -204.341599 2.64746666
288.200989 -204.275497 2.97199988
288.209656 -204.306152 3.00510001
288.220734 -204.3284 3.32403326
288.240112 -204.375397 3.49655008
288.235565 -204.291748 3.68225002
288.2995 -204.307755 3.88848996
288.276184 -204.28273 4.11180019
288.280212 -204.291779 5.84976006
288.242859 -204.347641 6.08536673
288.200806 -204.096405 1.38230002
288.204498 -204.149902 2.17429996
288.204498 -204.082108 2.87019992
288.218201 -204.180801 3.11500001
288.2323 -204.095001 3.77870011
288.237183 -204.091034 3.9082799
288.294373 -204.123764 4.03363323
288.312286 -204.1259 4.44180012
288.279297 -204.153 4.82000017
288.279846 -204.139191 5.93575001
288.313293 -203.870239 3.84780002
288.295441 -203.944397 4.31544971
288.325958 -203.861542 4.73340034
288.359406 -203.741302 3.78769994
288.334198 -203.785599 3.94050002
288.26944 -203.672501 4.48759985
288.37796 -203.555496 3.90343332
288.312927 -203.552002 4.18459988
288.32196 -203.547791 4.3354001
288.318268 -203.527313 4.47249985
288.201599 -203.503006 4.71000004
288.278931 -203.286865 4.11037493
288.298767 -203.30426 4.26963997
288.333862 -203.289032 4.49049997
288.343567 -203.106766 3.92610002
288.3255 -203.087006 4.0732832
288.304169 -203.095016 4.25536013
288.237701 -203.032501 5.2494998
288.268494 -202.806107 3.8973999
288.290619 -202.897659 4.14099979
288.306549 -202.895798 4.35515022
288.358185 -202.935806 4.44019985
288.252197 -202.9505 4.86679983
288.300354 -202.88063 5.11445713
288.319641 -202.858521 5.28680038
288.386963 -202.896088 5.47420025
288.240692 -202.735703 4.12400007
288.270905 -202.727829 4.2802
288.2612 -202.764862 4.4456501
288.299652 -202.703171 4.88003349
288.278198 -202.675797 5.09445
288.319763 -202.693298 5.29943323
288.2388 -202.672501 5.41254997
288.335297 -202.523956 4.14744997
288.391998 -202.578201 4.33430004
288.30072 -202.508667 5.09420013
288.263733 -202.504456 5.30770016
288.20401 -202.570801 5.44119978
288.385895 -202.426605 5.83099985
288.240692 -202.541595 7.59719992
288.360962 -202.303986 3.96885014
288.286865 -202.307556 4.13800001
288.337067 -202.313599 4.28740025
288.315887 -202.220901 4.44649982
288.361298 -202.337906 5.00519991
288.265869 -202.229553 5.29030037
288.294495 -202.221405 5.59950018
288.301392 -202.229599 5.71199989
288.375793 -202.291199 5.97860003
288.307373 -202.277802 6.11250019
288.202393 -202.211502 6.25349998
288.389709 -202.2612 6.54129982
288.360596 -202.192505 4.10169983
288.313507 -202.13089 4.34329987
288.29303 -202.113556 5.28695011
288.292389 -202.001999 5.44059992
288.335541 -202.074326 5.70749998
288.211731 -202.014801 5.94505024
288.236206 -202.113297 6.37360001
288.397491 -201.979401 5.31850004
288.210785 -201.8181 5.54519987
288.266998 -201.865097 6.11819983
288.284546 -201.725189 5.62660027
288.351715 -201.742493 6.25449991
288.258911 -201.656693 10.3408003
288.22821 -201.478104 5.93260002
288.315369 -201.444153 6.1092
288.269592 -201.457642 9.46405029
288.221191 -201.532837 10.2458496
288.384247 -201.309006 4.69254971
288.348297 -201.218903 4.93669987
288.315002 -201.339203 5.06110001
288.297913 -201.378296 6.23929977
288.307007 -201.251007 6.42990017
288.253387 -201.339096 8.96730042
288.397888 -201.324905 9.08880043
288.353302 -201.387802 9.31809998
288.3508 -201.335007 9.4048996
288.3526 -201.271454 10.1493502
288.30249 -201.077301 4.14629984
288.258209 -201.061203 4.2177
288.281097 -201.077698 4.44810009
288.298096 -201.108643 4.70020008
288.35849 -201.128006 4.8137002
288.321808 -201.040497 6.31935024
288.30426 -201.091705 6.52970028
288.333496 -201.083099 9.30510044
288.26355 -201.110062 9.94929981
288.322601 -200.818604 4.18459988
288.263275 -200.946793 4.27176666
288.378479 -200.84549 4.52874994
288.350708 -200.989502 4.63079977
288.270996 -200.956497 4.81519985
288.301331 -200.904968 6.12462521
288.250427 -200.858932 6.27636671
288.308929 -200.902496 6.51863337
288.305511 -200.945602 7.89769983
288.318115 -200.953995 8.59160042
288.329102 -200.875305 8.69869995
288.242859 -200.841049 9.50749969
288.31601 -200.989197 9.65299988
288.305542 -200.726776 4.32649994
288.335297 -200.732498 4.51849985
288.278198 -200.692474 4.69436646
288.207306 -200.714996 4.96360016
288.285004 -200.652191 5.0343504
288.293304 -200.711304 5.27510023
288.301147 -200.713287 6.17399979
288.300446 -200.633163 6.48772001
288.366486 -200.772797 6.63329983
288.369873 -200.734192 8.4151001
288.298645 -200.688751 9.35535049
288.320679 -200.736053 9.49805069
288.327301 -200.523651 4.1586504
288.331726 -200.562042 4.23535013
288.233612 -200.586807 4.79899979
288.315155 -200.484283 5.09662485
288.348755 -200.557602 6.061625
288.323456 -200.50708 6.31188011
288.278625 -200.504318 6.4867835
288.308197 -200.5298 6.91615009
288.316223 -200.524841 8.71190071
288.317413 -200.511032 9.28600025
288.219208 -200.5914 10.1673002
288.292908 -200.390305 4.26849985
288.305511 -200.371796 5.01599979
288.220642 -200.336548 6.64935017
288.25119 -200.375702 7.09119987
288.255005 -200.226898 9.20779991
288.277496 -200.053802 9.18859959
288.321991 -200.043503 9.38500023
288.454193 -219.950195 0.842100024
288.403503 -219.510101 0.898500025
288.473206 -219.415497 2.41880012
288.510895 -219.284195 0.89319998
288.579102 -219.389297 2.45760012
288.499573 -219.098801 0.896600008
288.527008 -219.086594 2.4052
288.479889 -218.910172 0.923025012
288.497437 -218.681946 0.906049967
288.509308 -218.753403 2.37089992
288.590393 -218.758408 2.44190001
288.5177 -218.447144 0.912199974
288.476349 -218.5186 2.34984994
288.515686 -218.197296 2.36120009
288.403015 -218.043396 2.58010006
288.567902 -217.837296 0.915199995
288.418396 -217.970596 2.45790005
288.518555 -217.764862 0.90565002
288.588196 -217.482895 0.923799992
288.518372 -217.32283 0.919133306
288.462097 -217.094269 0.906466663
288.477112 -216.829529 0.929233313
288.506104 -216.66391 0.922399998
288.461853 -216.493896 0.916625023
288.440979 -216.068558 0.938766658
288.51944 -216.122192 5.34235001
288.593811 -216.124603 5.44329977
288.444702 -216.028793 5.60430002
288.507751 -215.85321 0.92869997
288.552002 -215.825806 5.58430004
288.544464 -215.881485 5.67174006
288.537994 -215.792496 0.911800027
288.513 -215.610794 3.52530003
288.589508 -215.634399 3.64319992
288.473816 -215.752151 5.61689997
288.536285 -215.464996 0.905200005
288.545807 -215.469498 3.36730003
288.550079 -215.537994 3.47862482
288.5849 -215.499802 3.60249996
288.5289 -215.419861 6.53224993
288.492371 -215.297058 0.897724986
288.498474 -215.043564 0.909733295
288.569 -214.954407 0.91839999
288.48761 -214.819794 6.18260002
288.511322 -214.866882 6.23812008
288.551392 -214.753494 0.908200026
288.591248 -214.741943 6.0532999
288.521515 -214.457474 0.902800024
288.523254 -214.416351 7.7736001
288.45871 -214.515198 7.87120008
288.461914 -214.243896 0.912
288.552704 -214.357697 5.98934984
288.440613 -214.260712 7.45270014
288.51886 -214.250641 7.71310043
288.535614 -214.328201 10.2417002
288.497375 -214.119354 0.909649968
288.513489 -214.061707 7.54449987
288.591003 -214.101105 7.60249996
288.450745 -213.903412 0.909950018
288.589111 -213.987793 5.65390015
288.412811 -213.952698 7.62529993
288.585693 -213.674301 0.919799984
288.577606 -213.729004 5.53919983
288.501312 -213.582901 0.907899976
288.476715 -213.528107 7.79320002
288.472839 -213.453201 7.91989994
288.493408 -213.461105 8.10745049
288.508789 -213.451355 8.27462482
288.486115 -213.266937 0.925933361
288.579803 -213.329407 7.25579977
288.540192 -213.348206 7.84149981
288.542633 -213.304962 8.11874008
288.543488 -213.212006 8.32040024
288.539307 -213.189804 7.97160006
288.46051 -213.172638 8.06064987
288.419128 -212.847809 0.927299976
288.530121 -212.493164 0.927900016
288.563904 -212.240448 0.942749977
288.458557 -212.165253 0.920400023
288.465851 -211.958405 0.943350017
288.402496 -211.665604 0.947799981
288.520905 -211.491791 0.954050004
288.553894 -211.252365 0.948799968
288.448608 -211.037201 0.961899996
288.504822 -210.915955 0.964949965
288.463135 -210.707108 0.960633337
288.585907 -210.438599 0.975000024
288.434692 -210.336853 0.982550025
288.424377 -209.871094 0.970499992
288.533356 -209.734741 0.973150015
288.48996 -209.547897 0.976233363
288.514313 -209.366501 1.00629997
288.510193 -209.11676 0.98574996
288.479889 -208.979004 1.02499998
288.538391 -208.694 0.992999971
288.588257 -208.5009 5.30844975
288.425201 -208.333801 1.01600003
288.547638 -208.288605 3.93846679
288.515289 -208.207703 4.0230999
288.55719 -208.057098 0.965200007
288.424286 -208.099792 1.02900004
288.447205 -208.1828 3.76859999
288.572784 -208.112396 3.88721991
288.553589 -208.017105 4.00339985
288.498596 -208.058105 4.92570019
288.418793 -208.093506 5.06930017
288.527954 -207.873734 3.75986671
288.50354 -207.915588 3.83520007
288.523682 -207.832199 4.51235008
288.472595 -207.879303 4.63714981
288.457672 -207.839569 4.87142515
288.512939 -207.914734 5.05109978
288.548462 -207.717834 3.72686672
288.496826 -207.734711 3.88849998
288.478088 -207.630905 4.02619982
288.435333 -207.667206 4.71843338
288.484741 -207.712814 4.85931683
288.428711 -207.409607 3.57249999
288.490814 -207.561005 3.68269992
288.510437 -207.544952 3.92409992
288.434937 -207.470703 4.23635006
288.493286 -207.501022 4.52922535
288.493164 -207.462494 4.66460037
288.53299 -207.520706 4.80980015
288.447693 -207.267593 1.0201
288.49353 -207.310593 3.46686006
288.499237 -207.265335 3.66083336
288.465851 -207.373505 3.93103337
288.510559 -207.305054 4.07175016
288.566162 -207.268707 4.48064995
288.464508 -207.299103 4.66619968
288.435699 -207.139999 1.05859995
288.517395 -207.146301 3.36570001
288.508148 -207.129593 3.48048329
288.584412 -207.102844 3.73330021
288.488342 -207.170197 4.08255005
288.414886 -207.147598 4.27470016
288.433594 -207.199295 4.47480011
288.486633 -206.916229 1.0205667
288.594086 -206.952301 3.98670006
288.563293 -206.889603 4.06519985
288.558289 -206.990295 4.23600006
288.512268 -206.885101 4.44005013
288.570496 -206.800598 5.56570005
288.43811 -206.807602 5.77339983
288.558685 -206.702194 0.954599977
288.463196 -206.719025 5.51249981
288.511993 -206.751602 5.73099995
288.523926 -206.501862 1.02670002
288.446594 -206.494904 3.73280001
288.494995 -206.574493 3.8828001
288.423187 -206.412598 4.15899992
288.400696 -206.558594 4.2343998
288.504211 -206.456696 5.13899994
288.463196 -206.486893 5.32369995
288.488098 -206.483795 5.54239988
288.468628 -206.473633 5.68133307
288.418793 -206.440704 5.80219984
288.525513 -206.284195 3.53032494
288.51709 -206.316666 3.6685667
288.462677 -206.354904 3.86506677
288.509003 -206.397995 4.15269995
288.549194 -206.304443 5.38985014
288.514587 -206.264664 5.54546022
288.460022 -206.245636 5.69763327
288.485901 -206.136703 0.98150003
288.584595 -206.154907 1.03470004
288.575897 -206.121094 1.93229997
288.540985 -206.067505 2.25329995
288.516907 -206.071793 2.43449998
288.563995 -206.086502 2.98210001
288.560211 -206.050598 3.36500001
288.55423 -206.050079 3.50544
288.537628 -206.072235 3.67743325
288.568665 -206.065399 5.39184999
288.551453 -206.093689 5.46714973
288.48822 -206.076553 5.63980007
288.511505 -206.0625 5.97049999
288.492615 -205.85025 2.15100002
288.519501 -205.911697 2.30080009
288.577515 -205.9431 2.68440008
288.562592 -205.890961 2.81570005
288.553833 -205.861526 3.31663346
288.504425 -205.898804 3.48688006
288.538971 -205.922974 3.72346663
288.431 -205.860397 3.92630005
288.582703 -205.944595 5.39179993
288.565918 -205.944778 5.57800007
288.485352 -205.86882 5.70104027
288.462708 -205.92662 5.9751997
288.486542 -205.988846 6.02575016
288.551666 -205.618774 1.11020005
288.567963 -205.671494 1.2853334
288.591095 -205.75145 1.45530009
288.557098 -205.703598 1.65273333
288.537292 -205.738739 1.88946664
288.584351 -205.716263 2.11385989
288.572144 -205.661804 2.25776672
288.584045 -205.677765 2.49215007
288.583191 -205.726624 2.91709995
288.546265 -205.713104 3.10173321
288.55188 -205.700546 3.29204273
288.478851 -205.676926 3.4869287
288.497894 -205.72171 3.67149997
288.477295 -205.739807 5.56549978
288.47821 -205.708298 5.7748003
288.489746 -205.703598 5.89338303
288.460602 -205.754059 6.0722332
288.558472 -205.492935 1.07850003
288.559631 -205.529404 1.24860001
288.563721 -205.515961 1.49384284
288.480865 -205.473938 1.68860006
288.526917 -205.486176 1.8599
288.496399 -205.48967 2.0852499
288.511749 -205.483978 2.34739995
288.552673 -205.513168 2.47378755
288.527283 -205.494766 2.6761167
288.503845 -205.483124 2.91615009
288.515411 -205.465378 3.1177001
288.498138 -205.511948 3.28923345
288.49646 -205.526291 3.51256657
288.490417 -205.533203 3.67954993
288.599915 -205.590195 5.29530001
288.577209 -205.595993 5.46309996
288.491638 -205.463593 5.7414999
288.504333 -205.519699 5.84445
288.400513 -205.5504 6.22510004
288.467834 -205.271332 1.17289996
288.488678 -205.305695 1.30558002
288.455475 -205.302795 1.48426664
288.480774 -205.324219 1.74760008
288.48938 -205.339005 1.94217491
288.470428 -205.32785 2.09676671
288.484741 -205.324173 2.28425002
288.460266 -205.327545 2.51119995
288.4711 -205.330093 2.69061661
288.445068 -205.306061 2.94407988
288.463043 -205.323654 3.13507152
288.441803 -205.387207 3.34290004
288.422607 -205.349594 3.4210999
288.465942 -205.332672 3.64030004
288.419891 -205.251495 4.18279982
288.436493 -205.323593 4.99650002
288.488159 -205.289673 5.09836674
288.523682 -205.268188 5.4538002
288.405609 -205.180695 1.22459996
288.424286 -205.048096 1.73389995
288.44809 -205.182693 3.72180009
288.430389 -205.107498 3.84899998
288.495605 -205.151047 4.33555031
288.572296 -205.083801 4.54180002
288.467682 -205.075363 5.17689991
288.563202 -205.067993 5.56090021
288.454803 -205.097855 6.07614994
288.489227 -204.852234 3.94633341
288.523438 -204.901398 4.07313347
288.575592 -204.978897 4.3506999
288.509949 -204.91925 4.49331665
288.556274 -204.87149 4.6800499
288.461914 -204.976898 5.18769979
288.473602 -204.838501 5.36469984
288.490906 -204.882004 5.48974991
288.450287 -204.882004 5.73600006
288.457062 -204.939926 5.88685989
288.424133 -204.901093 6.09539986
288.400604 -204.775299 3.90809989
288.466309 -204.654022 4.06432486
288.47995 -204.663803 4.24823332
288.4328 -204.777298 4.56799984
288.432587 -204.660706 4.66620016
288.431488 -204.711426 5.70870018
288.410889 -204.538696 3.75139999
288.431458 -204.4664 3.83874989
288.485596 -204.540054 4.13850021
288.548737 -204.482758 4.27236652
288.495605 -204.511795 4.56069994
288.491791 -204.579407 4.63469982
288.453491 -204.485901 5.66559982
288.508057 -204.342194 4.55350018
288.591705 -204.247696 4.6795001
288.411896 -204.117004 3.88809991
288.585602 -204.123795 4.53070021
288.557587 -204.159302 4.78049994
288.428253 -203.923798 3.91834998
288.435699 -203.970352 4.36205006
288.494904 -203.874802 4.83059978
288.558777 -203.65564 3.78200006
288.432892 -203.603104 3.93070006
288.574646 -203.68689 4.02404976
288.450287 -203.6987 4.31426668
288.442291 -203.684998 4.85080004
288.46405 -203.553192 3.70475006
288.502167 -203.477859 3.93887997
288.507996 -203.527847 4.11724997
288.503113 -203.470856 4.29343319
288.410339 -203.469055 4.42589998
288.588989 -203.563004 6.0861001
288.461395 -203.332748 3.95282006
288.461609 -203.295761 4.11345005
288.550598 -203.286713 4.29879999
288.420288 -203.389099 4.40180016
288.483032 -203.098846 3.93564987
288.487335 -203.063538 4.09056664
288.473938 -202.919296 4.1475668
288.492798 -202.877045 4.35465002
288.482025 -202.855804 5.29806662
288.420502 -202.820007 5.44140005
288.544189 -202.994507 6.85540009
288.596008 -202.826202 7.06500006
288.44931 -202.712494 4.5310998
288.429596 -202.688004 4.6097002
288.424591 -202.561798 4.2270999
288.553314 -202.504807 6.75519991
288.516388 -202.3564 3.96799994
288.526978 -202.282318 4.10272503
288.451477 -202.228546 4.31005001
288.491089 -202.350494 5.12109995
288.515015 -202.26265 5.28184986
288.436615 -202.287598 5.51779985
288.480652 -202.257538 6.32773352
288.505066 -202.264801 6.44390011
288.470276 -202.088394 4.16686678
288.477448 -202.064362 4.32893324
288.526093 -202.088501 5.25430012
288.418213 -202.182098 5.85890007
288.477997 -202.162201 6.27040005
288.467285 -202.173203 6.44960022
288.480408 -202.021698 9.28559971
288.541199 -201.916855 4.11302519
288.519073 -201.923676 4.23544979
288.519714 -201.985107 4.4756999
288.526489 -201.817047 5.18554974
288.523987 -201.9478 5.26410007
288.434692 -201.931488 5.91520023
288.425598 -201.934601 9.18690014
288.464447 -201.895355 9.32079983
288.45401 -201.757095 4.28420019
288.596802 -201.653793 5.1869998
288.498505 -201.672699 6.08349991
288.513855 -201.710831 9.31856632
288.492188 -201.683395 9.48630047
288.466095 -201.767593 9.67099953
288.589813 -201.749298 10.6835003
288.572693 -201.423492 5.05109978
288.57431 -201.510101 6.03610039
288.459656 -201.236389 4.58514977
288.44751 -201.268295 4.63940001
288.586304 -201.245407 4.94700003
288.566895 -201.373093 9.15089989
288.593109 -201.370499 9.41209984
288.494293 -201.262802 9.97399998
288.50589 -201.220596 10.0493002
288.454407 -201.255798 10.2844
288.47699 -201.1035 4.38119984
288.474213 -201.092438 4.67320013
288.580688 -201.046707 4.93039989
288.527161 -201.091019 5.08757496
288.424408 -201.048401 9.13329983
288.481415 -201.048492 9.49969959
288.550507 -201.069595 9.6392498
288.4487 -201.069199 9.98390007
288.515625 -201.136398 10.0998001
288.420593 -200.927307 4.38430023
288.429688 -200.913055 4.55770016
288.482208 -200.940308 4.69210005
288.530945 -200.975891 4.88054991
288.509399 -200.821106 5.05989981
288.421997 -200.991196 6.48210001
288.470886 -200.841507 6.64410019
288.503204 -200.613602 4.11920023
288.479858 -200.744446 4.65824986
288.493408 -200.612701 5.54430008
288.423615 -200.618103 6.1086998
288.42041 -200.742493 8.44760036
288.561493 -200.651306 9.35540009
288.442505 -200.700806 9.4829998
288.416901 -200.468796 4.09880018
288.584991 -200.587296 4.71950006
288.495178 -200.555298 5.08345032
288.453491 -200.4496 5.96610022
288.483887 -200.566299 6.09350014
288.554688 -200.487106 6.28679991
288.580292 -200.5242 8.87520027
288.564301 -200.496704 9.16219997
288.477814 -200.464706 9.32489967
288.595612 -200.5336 9.54920006
288.428864 -200.303009 4.92850018
288.438812 -200.277695 5.00939989
288.506195 -200.311905 6.25250006
288.535797 -200.396194 6.75610018
288.405914 -200.184601 6.66099977
288.426392 -200.000305 7.10360003
288.538513 -200.041306 7.21199989
288.564514 -200.003693 8.31330013
288.710785 -219.492401 2.24510002
288.690491 -219.361603 0.876600027
288.634308 -219.270798 2.29629993
288.738007 -219.369705 2.57879996
288.602203 -219.153503 0.901799977
288.69281 -218.9189 0.902099967
288.653595 -218.540497 0.933499992
288.745911 -218.400497 2.2657001
288.744904 -218.050995 0.921025038
288.692413 -218.167007 2.13109994
288.776215 -217.876801 0.917900026
288.678406 -217.713806 0.919250011
288.665222 -217.498901 0.91960001
288.681549 -217.232361 0.929849982
288.675537 -217.104599 0.941699982
288.700989 -216.840805 0.949800014
288.612305 -216.727905 0.940299988
288.661896 -216.403107 5.08890009
288.761688 -216.413406 5.85979986
288.750488 -216.490005 6.0703001
288.754761 -216.259964 0.924266696
288.695496 -216.273071 5.11416674
288.707703 -216.306839 5.23433352
288.707703 -216.206802 5.79510021
288.751648 -216.28215 5.92609978
288.750458 -216.335098 6.08759975
288.772003 -216.102997 5.10629988
288.720947 -216.087402 5.25024986
288.668701 -216.118591 5.5571003
288.699554 -215.89711 0.912500024
288.750549 -215.977997 5.34659958
288.661652 -215.884048 5.5852499
288.698914 -215.888947 5.62909985
288.615997 -215.744049 0.909700036
288.602692 -215.603897 3.65770006
288.654297 -215.667496 5.44850016
288.724213 -215.715698 6.30219984
288.770996 -215.706894 6.46220016
288.665771 -215.498596 0.916849971
288.739624 -215.457642 3.37200022
288.663544 -215.48999 3.52935004
288.699738 -215.524323 3.66644287
288.701935 -215.51593 3.89551663
288.680695 -215.490799 4.01179981
288.647003 -215.454666 6.48493338
288.769714 -215.281799 0.90259999
288.744507 -215.325073 3.75359988
288.761993 -215.346695 3.95950007
288.6091 -215.378693 6.45100021
288.735291 -215.033798 0.882499993
288.729004 -215.002197 5.96630001
288.773102 -215.044495 6.18470001
288.625 -215.077698 6.29460001
288.746613 -214.937561 0.901666641
288.769104 -214.8974 5.78369999
288.72821 -214.830307 6.11350012
288.654144 -214.958298 6.24450016
288.703735 -214.688782 0.89972502
288.740356 -214.713531 6.1019249
288.655304 -214.425507 0.910700023
288.744385 -214.575592 5.94505024
288.77951 -214.529205 6.09819984
288.682373 -214.523865 7.71509981
288.721802 -214.534698 7.81069994
288.633301 -214.406906 10.2728996
288.617432 -214.256042 5.9531498
288.658142 -214.335754 6.0255003
288.678406 -214.319 7.54729986
288.691071 -214.308533 7.75346661
288.711975 -214.284485 10.2784204
288.677551 -214.115265 0.906333327
288.651093 -214.083405 7.52929974
288.628601 -213.844299 0.916499972
288.706055 -213.971756 5.55714989
288.681702 -213.904541 5.64505005
288.726562 -213.958847 7.63549995
288.733276 -213.714401 0.914200008
288.792603 -213.729797 5.53310013
288.724854 -213.711838 5.67573309
288.763214 -213.692093 7.53630018
288.787292 -213.554794 7.39940023
288.651306 -213.411804 7.92180014
288.765106 -213.280106 0.901799977
288.635071 -213.335358 7.31054974
288.793243 -213.354309 7.52549982
288.687286 -213.300797 7.671
288.64209 -213.223999 8.10879993
288.654694 -213.206894 8.32409954
288.755798 -213.207306 8.46409988
288.74649 -213.070404 7.36859989
288.712708 -213.172501 8.19130039
288.697021 -213.19104 8.25925064
288.685394 -212.892975 0.927224994
288.774506 -212.999695 8.10050011
288.772491 -212.9991 8.30620003
288.751892 -212.203293 0.922699988
288.679291 -212.106003 0.936500013
288.643585 -211.900101 0.932900012
288.638367 -211.715607 0.953600049
288.61441 -211.463104 0.956900001
288.6091 -211.2061 0.953400016
288.657593 -211.066605 0.964999974
288.717651 -210.534058 0.966250002
288.657288 -210.344254 0.983550012
288.7435 -210.12616 0.948300004
288.676208 -209.902496 0.955250025
288.791412 -209.768204 0.975700021
288.680511 -209.5923 0.99119997
288.763947 -209.334747 0.981350005
288.729492 -209.119598 0.987800002
288.650085 -208.975098 0.997399986
288.720398 -208.778595 1.0007
288.64621 -208.402496 5.25670004
288.769104 -208.289505 0.989099979
288.730713 -208.272003 1.02129996
288.695404 -208.261505 3.75489998
288.663788 -208.240799 3.92446661
288.6716 -208.307709 5.27059984
288.727386 -208.388702 5.40829992
288.744202 -208.190796 0.998600006
288.686157 -208.114868 1.0146333
288.638916 -208.035339 3.7122333
288.678589 -208.0923 3.93149996
288.610687 -208.066498 4.9914999
288.785889 -208.0672 5.12659979
288.759308 -208.151703 5.3671999
288.691284 -207.888824 3.68860006
288.656372 -207.924759 3.85423326
288.754303 -207.852402 4.96969986
288.700562 -207.660629 3.7651999
288.649658 -207.71608 3.84868336
288.687714 -207.639297 4.00309992
288.645599 -207.670395 4.77330017
288.616791 -207.558807 1.02649999
288.79599 -207.489502 3.53929996
288.621521 -207.558044 3.71409988
288.703827 -207.509949 3.89792514
288.659698 -207.422897 4.58179998
288.65979 -207.533279 4.7020402
288.678894 -207.353195 1.00250006
288.622498 -207.370544 3.4677
288.711243 -207.2229 3.76340008
288.722839 -207.29245 3.89108324
288.676392 -207.294434 4.09689999
288.661896 -207.337799 4.21799994
288.722412 -207.399796 4.59130001
288.667999 -207.378845 4.71010017
288.658112 -207.188293 0.984600008
288.741882 -207.10228 3.33428001
288.686829 -207.101624 3.48747993
288.721008 -207.035004 3.74169993
288.741364 -207.105484 3.94528747
288.771118 -207.088989 4.13380003
288.640289 -206.905594 1.0539
288.735413 -206.813904 1.91030002
288.766724 -206.911453 3.34735012
288.72467 -206.908875 3.47171664
288.723206 -206.897293 3.70759988
288.725342 -206.913361 3.88286662
288.754089 -206.881851 4.11079979
288.787903 -206.852203 4.2986002
288.770905 -206.988907 4.42259979
288.701782 -206.673889 1.07404995
288.78891 -206.775406 1.58270001
288.665894 -206.649796 2.44379997
288.76355 -206.677872 3.32897496
288.728851 -206.699921 3.51815724
288.74408 -206.697021 3.67689991
288.700806 -206.702362 3.86469984
288.718323 -206.680298 4.10979986
288.696991 -206.782593 4.25839996
288.770203 -206.469238 1.08046663
288.757202 -206.404694 1.33819997
288.771606 -206.460434 1.53866673
288.755188 -206.450562 1.68245006
288.781372 -206.493637 1.86714005
288.799988 -206.406906 2.0388
288.760895 -206.434097 2.31629992
288.77887 -206.441162 2.93884993
288.781403 -206.47644 3.14433336
288.750885 -206.485382 3.31443334
288.68338 -206.482513 3.46360993
288.707581 -206.524292 3.69466662
288.654388 -206.406601 4.11450005
288.677917 -206.29512 1.07220006
288.747864 -206.250702 1.352
288.739685 -206.281494 1.46255004
288.735168 -206.293961 1.72529995
288.75705 -206.271484 1.95436668
288.729675 -206.289566 2.12563324
288.764404 -206.261276 2.28953338
288.733032 -206.241364 2.47379994
288.767029 -206.326859 2.74793339
288.748413 -206.334045 2.90630007
288.743561 -206.291153 3.13094997
288.700775 -206.293381 3.31528568
288.661957 -206.299026 3.52587509
288.70575 -206.354141 3.69959998
288.789703 -206.3228 5.03620005
288.603088 -206.223602 5.3435998
288.679779 -206.077835 1.11673331
288.718933 -206.119171 1.29869998
288.696869 -206.087631 1.51448894
288.713409 -206.123306 1.69816005
288.68396 -206.077225 1.92022502
288.710388 -206.121201 2.06803346
288.690063 -206.077805 2.32386661
288.682709 -206.104416 2.49522853
288.690338 -206.11702 2.6889286
288.675385 -206.078735 2.90424275
288.680695 -206.112869 3.10175705
288.676971 -206.106049 3.27316666
288.67334 -206.147903 3.50699997
288.73941 -206.063202 5.12900019
288.67984 -206.104218 5.35510015
288.648621 -206.108002 5.484025
288.785889 -206.040695 6.04190016
288.654816 -205.873123 1.16336668
288.661896 -205.866806 1.33249998
288.640411 -205.899796 1.50873327
288.653687 -205.941223 1.69833994
288.645691 -205.869431 1.93406665
288.646851 -205.893463 2.10719991
288.63327 -205.921906 2.27203321
288.643799 -205.887039 2.50329995
288.637817 -205.894257 2.70440006
288.628967 -205.878265 2.87928009
288.617096 -205.881149 3.15740013
288.634186 -205.924286 3.2921834
288.642395 -205.937698 3.75460005
288.690399 -205.975098 5.10389996
288.69754 -205.904465 5.3380003
288.688782 -205.857025 5.46543312
288.647736 -205.736191 1.11223328
288.620392 -205.726425 1.35287499
288.610809 -205.647903 1.55379999
288.624786 -205.752197 1.61140001
288.622498 -205.777206 2.1243999
288.6138 -205.731995 2.32349992
288.619537 -205.774063 2.46686649
288.608887 -205.74913 2.7143333
288.623108 -205.723801 2.93319988
288.650299 -205.734802 3.01634979
288.627106 -205.793198 3.2420001
288.692566 -205.71106 3.70965004
288.690613 -205.736847 3.91065001
288.76181 -205.611603 4.22359991
288.789093 -205.605804 5.16230011
288.767242 -205.721008 5.5376749
288.649841 -205.761963 5.6857667
288.662109 -205.7211 5.88210011
288.643494 -205.572205 1.32389998
288.602386 -205.583405 3.00570011
288.622314 -205.594193 3.2348001
288.652344 -205.469666 3.74489999
288.733337 -205.501556 3.88294983
288.7742 -205.546295 4.13929987
288.74585 -205.413391 5.05205011
288.76535 -205.567047 5.29475021
288.650452 -205.341537 3.75880003
288.682953 -205.285858 3.86704993
288.734406 -205.314255 4.10720015
288.615997 -205.209702 4.48579979
288.758728 -205.277802 4.66505003
288.687897 -205.255096 4.96140003
288.660278 -205.234695 5.15560007
288.671295 -205.348495 5.40850019
288.667969 -205.073822 4.35870028
288.789795 -205.086807 4.41559982
288.672699 -205.0858 5.19780016
288.649902 -205.183701 5.27145004
288.780914 -204.986404 3.81730008
288.631836 -204.862396 4.01150036
288.721161 -204.918304 4.31299973
288.632141 -204.833405 4.4722333
288.727905 -204.86438 5.31526661
288.66571 -204.829269 5.47553349
288.632385 -204.7323 3.99690008
288.62793 -204.713654 4.16864967
288.683167 -204.7742 4.37644958
288.664429 -204.709396 4.48153305
288.785553 -204.662399 5.26449966
288.68338 -204.482483 4.33385992
288.720947 -204.493332 4.49872017
288.667603 -204.531296 4.67980003
288.702301 -204.354797 4.32439995
288.709381 -204.267502 4.53356695
288.767395 -204.226349 4.65114975
288.616394 -204.057007 4.43790007
288.797607 -203.8871 3.99790001
288.630005 -203.913696 4.4145999
288.766815 -203.726593 3.9849999
288.651733 -203.738708 4.04259968
288.783386 -203.680603 4.24840021
288.679962 -203.588837 4.10300016
288.626709 -203.558701 4.43569994
288.790192 -203.409607 6.3348999
288.658112 -203.388 4.10489988
288.72641 -203.314194 4.59019995
288.789062 -203.338699 6.4760499
288.631287 -203.028198 4.08580017
288.763214 -203.095398 4.69540024
288.730713 -203.081497 6.35550022
288.672699 -203.166504 6.58589983
288.642212 -203.055801 6.7255497
288.613007 -202.938599 3.97880006
288.746704 -202.943848 6.48620033
288.698181 -202.887024 6.66590023
288.694336 -202.973907 6.84465027
288.754303 -202.792801 6.52750015
288.711273 -202.658234 6.71560001
288.668915 -202.686905 6.87270021
288.6633 -202.677094 7.05940008
288.674866 -202.455399 4.07075024
288.663513 -202.421494 4.20559978
288.706543 -202.534393 6.68079996
288.613495 -202.369003 4.11009979
288.705109 -202.317902 5.10820007
288.780487 -202.292496 5.30649996
288.622589 -202.328705 6.37900019
288.627686 -202.313995 6.73140001
288.702332 -202.163757 6.66730022
288.66275 -202.17775 6.90120029
288.688507 -202.031326 9.28209972
288.674805 -202.159195 9.42599964
288.628296 -201.957504 3.95939994
288.678802 -201.8423 4.06949997
288.72168 -201.889847 5.18900013
288.771912 -201.856293 5.34210014
288.698486 -201.9319 9.24209976
288.67041 -201.923599 9.48560047
288.638214 -201.822906 10.7264996
288.625092 -201.744507 4.2105999
288.640991 -201.660995 5.16960001
288.708801 -201.660599 9.08290005
288.695953 -201.72644 9.22789955
288.600586 -201.619507 9.56830025
288.607788 -201.609299 10.3535995
288.73526 -201.694 10.644433
288.726196 -201.498901 8.99170017
288.73999 -201.440796 9.02200031
288.661743 -201.47879 9.47434998
288.660004 -201.568665 10.5141668
288.799194 -201.332794 7.04139996
288.730652 -201.299103 9.29829979
288.756104 -201.297104 10.2948999
288.701294 -201.274658 10.4137497
288.679291 -201.085602 4.77710009
288.774689 -201.0578 6.98449993
288.710693 -201.078705 8.63150024
288.783813 -201.105194 9.38249969
288.755707 -201.151001 10.1294003
288.690704 -201.183899 10.2883997
288.723724 -200.935974 4.92736673
288.661438 -200.852661 5.0322504
288.778595 -200.846405 8.58590031
288.672394 -200.847504 8.62469959
288.733887 -200.935303 9.34739971
288.742706 -200.988907 9.98980045
288.711243 -200.775757 5.11945009
288.798401 -200.699997 5.26609993
288.614807 -200.639694 6.62960005
288.742096 -200.733795 8.74090004
288.657806 -200.61731 9.27540016
288.7948 -200.746704 9.52390003
288.782013 -200.427795 4.78259993
288.611389 -200.582199 4.87559986
288.629608 -200.494003 5.06139994
288.665405 -200.439697 6.11339998
288.773102 -200.451508 7.44029999
288.774109 -200.528595 8.5170002
288.743805 -200.435593 9.01550007
288.673889 -200.520706 9.36520004
288.60321 -200.594604 9.62849998
288.681793 -200.314301 4.86746693
288.648285 -200.393295 5.92479992
288.670685 -200.293594 6.24970007
288.737 -200.335205 6.55980015
288.701111 -200.385895 8.51930046
288.638397 -200.368195 8.89319992
288.795898 -200.005493 4.94290018
288.631287 -200.063904 6.28219986
288.907257 -219.951355 0.846400023
288.88269 -219.697098 0.857424974
288.847809 -219.709305 2.27099991
288.869293 -219.786499 2.45709991
288.913635 -219.509735 0.861866653
288.976501 -219.056107 0.898699999
288.9823 -218.766205 0.889699996
288.973267 -218.478241 0.920066655
288.836914 -218.273697 0.895600021
288.939392 -218.097198 0.930400014
288.892609 -217.824203 0.931400001
288.961304 -217.860504 6.04949999
288.901917 -217.752151 5.93489981
288.949463 -217.77005 6.03125
288.800598 -217.372299 0.911899984
288.906555 -217.054352 0.930800021
288.945465 -216.927643 0.929149985
288.837036 -216.734711 0.94325
288.8591 -216.628906 6.05149984
288.850037 -216.459381 0.93127501
288.997406 -216.425903 5.16870022
288.891907 -216.469299 5.45876694
288.874207 -216.478806 5.89160013
288.882294 -216.469818 6.0503602
288.938202 -216.358994 0.941999972
288.812012 -216.319595 4.97940016
288.883362 -216.2621 5.10130024
288.886871 -216.271301 5.32368326
288.919312 -216.271225 5.55124998
288.900116 -216.281555 5.73112488
288.922394 -216.298492 5.87518311
288.942993 -216.325851 6.10039997
288.939789 -216.032806 4.98064995
288.862061 -216.104401 5.22246695
288.934387 -216.199493 5.53119993
288.910645 -216.148956 5.71675014
288.974792 -216.0634 5.8210001
288.889496 -215.940765 0.93203336
288.938812 -215.857193 4.74209976
288.926086 -215.981293 5.20469999
288.874298 -215.9823 5.42140007
288.800812 -215.965103 5.61560011
288.929321 -215.682739 0.920266688
288.910095 -215.697495 4.18849993
288.998993 -215.626602 4.33729982
288.911652 -215.653687 4.47343969
288.926605 -215.633698 4.68669987
288.89212 -215.468277 0.897499979
288.838989 -215.469696 3.69115019
288.823425 -215.483795 3.88645005
288.894714 -215.485001 4.12759972
288.974152 -215.536804 4.25769997
288.888916 -215.53125 4.45495033
288.939331 -215.441437 6.32693338
288.801697 -215.519104 6.47209978
288.845398 -215.318802 0.900900006
288.859894 -215.355499 3.53069997
288.810669 -215.349854 3.69245005
288.967804 -215.395599 3.88275003
288.935913 -215.2173 6.12010002
288.878815 -215.336594 6.44710016
288.886292 -215.017807 0.930000007
288.840454 -215.11441 6.2258997
288.979309 -215.001999 8.1157999
288.864594 -214.906891 0.902449965
288.961914 -214.863953 5.68494987
288.941528 -214.948349 5.85389996
288.917511 -214.907196 6.11229992
288.913605 -214.905502 6.21000004
288.92041 -214.809402 7.90700006
288.82959 -214.658295 5.79409981
288.847107 -214.770493 6.0920496
288.908264 -214.504395 0.9102
288.881409 -214.515991 5.93280029
288.847534 -214.460815 6.08162498
288.996399 -214.4879 8.07870007
288.916565 -214.492828 10.130825
288.917542 -214.487198 10.4671497
288.934998 -214.303894 6.02780008
288.847198 -214.203888 7.87310028
288.895721 -214.335266 10.1251001
288.873962 -214.327835 10.2727594
288.965271 -214.237198 10.4815998
288.990845 -214.163208 0.911199987
288.984009 -214.031693 5.64169979
288.887573 -214.131897 7.6574502
288.922455 -214.053101 9.87679958
288.895599 -214.1436 10.1222
288.882324 -214.09906 10.2341499
288.906494 -214.112244 10.4804993
288.944092 -213.959137 0.893000007
288.935089 -213.996399 5.36959982
288.835297 -213.817093 5.59880018
288.881042 -213.895187 5.65236664
288.906403 -213.968903 7.4526
288.953186 -213.992294 7.64839983
288.892639 -213.845795 9.70804977
288.862091 -213.983398 10.1597004
288.903503 -213.945496 10.2816
288.936737 -213.687134 0.910733342
288.959015 -213.690308 5.58409977
288.872437 -213.722107 5.62695026
288.951294 -213.776703 8.49919987
288.984497 -213.466003 0.920300007
288.800598 -213.464996 7.29899979
288.944214 -213.543198 7.8302002
288.863586 -213.439606 8.42619991
288.901001 -213.249802 0.916400015
288.845001 -213.223694 7.30289984
288.847473 -213.302643 7.48810005
288.914032 -213.323242 7.63459969
288.881012 -213.201401 8.04139996
288.875153 -213.317657 8.25440025
288.879333 -213.087662 0.931233346
288.84671 -213.076706 8.1189003
288.906891 -213.011002 8.26710033
288.970886 -212.843002 0.91930002
288.929901 -212.993805 7.26160002
288.873291 -212.696533 0.926450014
288.920593 -212.472 0.931699991
288.893616 -212.321411 0.882449985
288.944092 -212.189896 0.930800021
288.901855 -211.933502 0.9472
288.800201 -211.297501 0.971000016
288.852814 -210.996399 0.984499991
288.846375 -210.660095 0.968950033
288.957092 -210.596893 0.960799992
288.854401 -210.008408 0.980099976
288.974792 -209.875 0.975600004
288.90509 -209.810196 1.00080001
288.870331 -209.666901 0.969300032
288.946014 -209.059402 0.986299992
288.928497 -208.899399 0.977999985
288.891907 -208.6203 1.00650001
288.940002 -208.46814 1.01885009
288.997711 -208.547806 4.50260019
288.942017 -208.533051 4.89669991
288.95578 -208.46283 5.13526678
288.884338 -208.483765 5.26672506
288.825287 -208.4888 5.42500019
288.924988 -208.348999 0.988900006
288.827911 -208.229294 1.03250003
288.969696 -208.3293 3.6335001
288.878052 -208.315857 5.11539984
288.869843 -208.285126 5.28030014
288.828888 -208.218994 5.62680006
288.818848 -208.099091 3.56935
288.935303 -208.0065 4.83269978
288.884399 -208.115906 5.03606653
288.852814 -208.195206 5.23000002
288.864349 -207.878845 1.02550006
288.907196 -207.994904 2.90409994
288.877625 -207.947693 3.62405014
288.88089 -207.948639 3.88786674
288.996185 -207.854401 4.74319983
288.922852 -207.932968 4.92746687
288.87915 -207.914169 5.05762863
288.985107 -207.710007 1.04130006
288.932404 -207.633194 2.59089994
288.966614 -207.67746 3.09345007
288.965027 -207.70871 3.51329994
288.868896 -207.751038 3.68044996
288.891785 -207.738998 3.85134983
288.991394 -207.619705 4.70699978
288.946747 -207.732803 4.87693357
288.971405 -207.412506 1.51460004
288.838287 -207.4785 2.12680006
288.984894 -207.448807 2.52189994
288.986298 -207.494507 2.6408999
288.977814 -207.575195 2.94630003
288.929749 -207.468002 3.32256675
288.884216 -207.529205 3.4776001
288.981812 -207.529602 3.68639994
288.865967 -207.500549 4.04594994
288.837006 -207.459 4.36439991
288.891113 -207.463394 4.65280008
288.958313 -207.299408 1.06690001
288.972656 -207.2724 1.5171001
288.964722 -207.324203 2.12794995
288.911499 -207.210052 2.34824991
288.986389 -207.262634 2.70900011
288.941223 -207.287521 2.89808321
288.960571 -207.255203 3.11500001
288.922974 -207.32283 3.27006674
288.948486 -207.239594 3.76604986
288.881836 -207.315796 3.90385008
288.992889 -207.246201 4.12039995
288.927887 -207.218201 4.53499985
288.930359 -207.095398 1.12822497
288.965912 -207.097717 1.29110003
288.974915 -207.088486 1.47675002
288.926941 -207.078995 1.66128325
288.967499 -207.075516 1.8778857
288.961639 -207.099762 2.11522007
288.964905 -207.059647 2.36039996
288.958984 -207.055252 2.69099998
288.92868 -207.08371 2.89346671
288.948975 -207.095474 3.10310006
288.906403 -207.104263 3.28575993
288.842529 -207.044708 3.48290014
288.8302 -207.081863 3.72749996
288.850769 -207.079742 3.89061666
288.909424 -206.885147 1.13021255
288.917206 -206.895569 1.32161999
288.895996 -206.876495 1.48965001
288.93573 -206.937027 1.73150003
288.898041 -206.903275 1.89354002
288.944733 -206.915756 2.11409998
288.979431 -206.929245 2.25524998
288.917938 -206.883652 2.52449989
288.963013 -206.897354 2.72767496
288.904449 -206.878006 2.90471673
288.910461 -206.938797 3.11940002
288.84903 -206.904358 3.27020001
288.882477 -206.915359 3.46221995
288.800995 -206.883896 3.77320004
288.875793 -206.86731 3.8826499
288.803101 -206.855499 4.04370022
288.869995 -206.612 0.943099976
288.919312 -206.698181 1.13450003
288.885223 -206.689636 1.27829993
288.838715 -206.682678 1.52364993
288.87088 -206.723007 1.7100625
288.851929 -206.657303 1.87804997
288.887878 -206.737946 2.10827494
288.901917 -206.720612 2.30704451
288.962219 -206.685669 2.45254993
288.904388 -206.690933 2.70195007
288.856567 -206.749756 2.90374994
288.833649 -206.671295 3.07306671
288.811096 -206.7043 3.38669991
288.878204 -206.72406 3.47974992
288.8078 -206.690796 3.64949989
288.879395 -206.758301 3.88260007
288.841553 -206.482605 1.12339997
288.843719 -206.50946 1.29433334
288.816681 -206.464874 1.43340003
288.808685 -206.4702 1.71846664
288.83786 -206.540665 1.89629996
288.82959 -206.533722 2.10332489
288.869812 -206.495224 2.27539992
288.917786 -206.509262 2.45490003
288.886292 -206.482635 2.6537199
288.836243 -206.506805 2.83010006
288.828888 -206.547562 3.10833335
288.822693 -206.538239 3.28486657
288.854401 -206.574493 3.44700003
288.811401 -206.484894 5.65479994
288.807312 -206.324097 1.27765
288.802399 -206.384705 1.66260004
288.804504 -206.331406 1.90219998
288.810394 -206.377502 2.29040003
288.839081 -206.304214 2.48591995
288.82608 -206.324829 2.71413326
288.881195 -206.3461 2.80629992
288.947296 -206.346161 3.76410007
288.936829 -206.303864 3.92216682
288.88385 -206.229156 5.12170029
288.838898 -206.042801 4.94619989
288.902832 -206.125 5.08624983
288.86145 -206.08606 5.31120014
288.827606 -206.110001 5.78950024
288.957306 -206.072495 5.99639988
288.919189 -206.075394 6.04939985
288.945801 -205.843201 3.91750002
288.836792 -205.897903 4.9762001
288.930023 -205.851227 5.1196003
288.831543 -205.894653 5.55719995
288.827606 -205.800293 5.65829992
288.916992 -205.971695 5.94229984
288.847198 -205.698395 3.70919991
288.898224 -205.705795 3.92989993
288.90329 -205.679993 4.06829977
288.824585 -205.651306 4.20819998
288.974701 -205.792801 4.91960001
288.909271 -205.684967 5.14356661
288.928284 -205.733719 5.3209753
288.884613 -205.682907 5.48859978
288.899506 -205.755447 5.65804958
288.861206 -205.548294 3.97939992
288.922119 -205.500504 4.10133362
288.877014 -205.53006 4.25484991
288.912811 -205.426498 4.87599993
288.935669 -205.490067 5.08495998
288.864197 -205.587189 5.30100012
288.943542 -205.234711 3.94560003
288.889282 -205.299774 4.11225986
288.893799 -205.295746 4.2571249
288.918762 -205.312134 4.74256659
288.823486 -205.300507 4.95410013
288.84549 -205.358902 5.98670006
288.87323 -205.157806 4.11352491
288.887878 -205.124832 4.27909994
288.9599 -205.112396 4.45100021
288.81189 -205.183304 4.89690018
288.877686 -204.916107 3.98200011
288.801392 -204.892502 4.1092
288.906067 -204.904694 4.2670002
288.974609 -204.873352 4.41779995
288.853394 -204.732697 4.11380005
288.903503 -204.774902 4.35255003
288.917297 -204.750565 4.46790028
288.839325 -204.743591 5.1244998
288.8367 -204.702759 5.26784992
288.842499 -204.6754 5.49919987
288.843994 -204.529205 4.30725002
288.851196 -204.583206 4.46089983
288.928497 -204.306702 4.47230005
288.9534 -204.020996 5.43889999
288.943298 -203.894394 3.76909995
288.86853 -203.876892 4.01175022
288.989594 -203.830307 5.97340012
288.922699 -203.752304 3.95469999
288.911499 -203.748199 4.0774498
288.867004 -203.633301 4.26709986
288.864349 -203.540497 4.36225033
288.947327 -203.493454 6.1782999
288.811707 -203.395004 6.18410015
288.8974 -203.277847 6.35690022
288.8172 -203.220901 6.59549999
288.860596 -203.027603 6.41580009
288.81601 -202.868698 6.50506687
288.853485 -202.749695 6.4861002
288.962311 -202.402603 4.17320013
288.851196 -202.50061 6.3597002
288.905212 -202.238205 4.95199966
288.955597 -202.264191 5.13440037
288.871704 -202.302505 5.25689983
288.822601 -202.1548 4.8593998
288.943604 -202.048401 5.19920015
288.919434 -202.104492 5.28684998
288.978088 -201.916 5.12729979
288.884216 -201.941742 5.23869991
288.90741 -201.826904 7.43639994
288.938721 -201.915009 9.10684967
288.861786 -201.977295 9.20769978
288.834015 -201.620804 5.06839991
288.802185 -201.7276 5.99609995
288.988708 -201.799698 7.32660007
288.963104 -201.7939 7.42140007
288.882996 -201.674698 9.15400028
288.89151 -201.695572 10.6246748
288.803711 -201.479294 8.80140018
288.960205 -201.4151 10.1289997
288.941986 -201.462997 10.3081999
288.886719 -201.495575 10.4436665
288.873688 -201.226395 4.65350008
288.907257 -201.301086 9.09765053
288.975586 -201.226105 9.26249981
288.877899 -201.342102 10.1870003
288.94046 -201.085449 4.31454992
288.950989 -201.030197 4.45849991
288.989594 -201.183304 5.09009981
288.936096 -201.131805 5.27440023
288.983887 -201.195801 9.11919975
288.871613 -201.079803 9.41359997
288.865997 -201.128296 10.0009003
288.843597 -200.884903 4.63040018
288.930206 -200.89856 5.12129974
288.992706 -200.878998 10.0179005
288.853394 -200.667099 5.05249977
288.919312 -200.791306 8.58990002
288.845306 -200.417603 4.74069977
288.898499 -200.412598 4.82060003
288.898804 -200.461899 7.35480022
288.894928 -200.238205 4.49020004
288.875702 -200.33342 4.71017504
288.806702 -200.398605 5.08890009
288.944397 -200.235306 5.35629988
288.936005 -200.243896 5.69880009
288.966888 -200.100998 4.36969995
288.888824 -200.099472 4.52320004
288.894043 -200.116425 4.70102024
288.846527 -200.122742 4.90596676
288.837097 -200.099304 5.03270006
288.803894 -200.063599 5.98120022
289.090302 -219.946548 0.868049979
289.165588 -219.629105 0.867699981
289.176392 -219.328995 0.863799989
289.123352 -219.041412 0.895099998
289.069153 -218.867905 0.895599961
289.043457 -218.684433 0.910733342
289.023407 -218.0858 0.941699982
289.165192 -218.048492 5.94969988
289.143433 -217.654572 6.03935003
289.091248 -217.479324 0.923774958
289.170502 -217.549606 6.02059984
289.126984 -217.122131 0.928666651
289.047791 -216.733795 0.924099982
289.182098 -216.724304 5.36959982
289.16214 -216.609192 5.49720001
289.046906 -216.431702 0.933300018
289.026703 -216.411301 5.43760014
289.082947 -216.476105 6.1717
289.131439 -216.367645 0.897499979
289.043915 -216.213394 5.39550018
289.1185 -216.309357 5.49170017
289.019897 -216.323807 5.63539982
289.072937 -216.286743 5.8743
289.093781 -216.326523 6.11937523
289.14621 -216.211761 6.28470039
289.134308 -216.107193 0.923900008
289.046082 -216.108627 4.71593332
289.087219 -216.044189 4.83029985
289.091614 -216.031448 5.10340023
289.084442 -216.074951 5.34988308
289.111115 -216.099258 5.48305702
289.166901 -216.163696 5.62580013
289.086792 -216.043152 5.98604965
289.108795 -216.064346 6.11662006
289.09259 -215.865814 0.915724993
289.134277 -215.887802 4.03205013
289.138489 -215.815506 4.66419983
289.148438 -215.937042 4.8841753
289.174591 -215.9655 5.17000008
289.155396 -215.988297 5.24639988
289.152588 -215.969406 10.5031004
289.161987 -215.790802 0.919399977
289.150085 -215.727203 3.92754984
289.116699 -215.778702 4.0388999
289.138397 -215.702103 4.32796669
289.079224 -215.680359 4.51171684
289.093506 -215.709427 4.65077496
289.135986 -215.783401 4.82679987
289.057892 -215.649902 6.35239983
289.089905 -215.511017 0.917199969
289.10144 -215.518295 3.94369984
289.069244 -215.464539 4.11356688
289.102814 -215.548294 4.2850666
289.05661 -215.4841 4.5078001
289.073547 -215.473801 4.6928997
289.005493 -215.508804 6.12400007
289.127411 -215.482895 6.22230005
289.031311 -215.3237 0.906099975
289.14679 -215.259995 3.76419997
289.102844 -215.319244 3.88084006
289.09491 -215.325287 4.05742502
289.089996 -215.255096 4.68959999
289.125 -215.369003 6.27029991
289.130096 -215.227402 7.69250011
289.097992 -215.229446 7.88920021
289.106262 -215.301804 10.1561337
289.152771 -215.289337 10.2465
289.082611 -215.144196 3.86680007
289.142487 -215.178696 4.05359983
289.147186 -215.036697 5.8302002
289.057098 -215.167603 6.54059982
289.159668 -215.096313 7.95437527
289.066254 -215.139954 8.08510017
289.141113 -215.154755 9.96339989
289.032288 -214.827301 0.897499979
289.121887 -214.921799 5.77159977
289.176697 -214.834503 5.83459997
289.073395 -214.913498 7.96570015
289.078186 -214.625 0.923799992
289.116455 -214.696655 5.77159977
289.09082 -214.738892 5.86079979
289.157593 -214.7957 7.85200024
289.126251 -214.515259 0.915324986
289.190399 -214.505005 5.0152998
289.164612 -214.507004 5.91720009
289.03656 -214.42627 6.08773327
289.011505 -214.475998 7.85200024
289.158508 -214.457596 10.2629995
289.035187 -214.544006 10.5621996
289.051819 -214.270508 0.91109997
289.167603 -214.326996 6.02220011
289.119904 -214.252502 8.1501503
289.183502 -214.277298 8.32839966
289.025543 -214.353699 10.0968494
289.113342 -214.240494 10.3092995
289.132812 -214.362793 10.4707003
289.159698 -214.0793 0.907299995
289.141327 -214.052399 5.62566662
289.017212 -214.009003 7.61490011
289.073486 -214.095093 7.88100004
289.154114 -214.181793 8.19239998
289.007996 -214.054901 9.78349972
289.110687 -214.055099 9.88560009
289.169098 -214.056503 10.1674995
289.090759 -214.114044 10.2692757
289.059906 -214.074036 10.5043335
289.059906 -213.872589 0.89410001
289.061646 -213.955353 5.55879974
289.141785 -213.936371 9.69332504
289.05011 -213.918488 9.85280037
289.150604 -213.873505 10.5165501
289.152313 -213.878906 10.6317997
289.091858 -213.683823 0.898866653
289.090118 -213.712311 8.10586643
289.079712 -213.769394 9.86480045
289.166687 -213.798203 10.4541998
289.116486 -213.4431 0.82950002
289.069489 -213.413895 7.7796998
289.060486 -213.249207 0.929400027
289.048004 -213.297394 7.37480021
289.065979 -213.28093 7.51910019
289.103638 -213.277298 7.70230007
289.041382 -213.318405 8.30795002
289.004791 -213.175797 7.35669994
289.074463 -212.896393 0.919499993
289.074707 -212.758408 0.951499999
289.136841 -212.522888 0.936150014
289.143524 -212.314072 0.936733305
289.0495 -212.093903 0.939249992
289.068115 -211.874146 0.93900001
289.138092 -211.522797 0.960300028
289.19519 -211.344299 0.976899981
289.09668 -211.085129 0.971133351
289.061401 -210.999695 0.93779999
289.132324 -210.723633 0.97390002
289.148438 -210.338699 0.980149984
289.079407 -210.100494 0.9648
289.104187 -209.909607 0.991350055
289.084778 -209.716248 0.986449957
289.154694 -209.216507 0.952899992
289.173706 -209.373901 1.00940001
289.151794 -208.893997 0.985300004
289.020294 -208.881302 1.09119999
289.130707 -208.916397 2.95469999
289.023987 -208.763199 1.00650001
289.084991 -208.6595 4.45130014
289.13739 -208.676804 4.65584993
289.001587 -208.601501 5.24359989
289.195007 -208.495499 1.19620001
289.195312 -208.461304 1.63160002
289.161285 -208.513397 1.84319997
289.174957 -208.437408 2.09875011
289.188538 -208.453445 2.49779987
289.169556 -208.489105 2.84089994
289.179443 -208.442535 3.09596658
289.174927 -208.445816 3.27054
289.198914 -208.554901 3.43790007
289.155396 -208.570496 3.94889998
289.168915 -208.578903 4.09130001
289.161499 -208.487946 4.22774982
289.101929 -208.518005 4.4999752
289.111572 -208.529129 4.73394966
289.109192 -208.522995 4.86446667
289.096771 -208.505707 5.10090017
289.119385 -208.509903 5.28509998
289.037109 -208.338303 0.968100011
289.183258 -208.310059 1.12380004
289.178589 -208.281693 1.22679996
289.138885 -208.3228 1.54247499
289.111053 -208.260239 1.70123339
289.15036 -208.308395 1.89193332
289.163727 -208.313202 2.07159996
289.169189 -208.322968 2.29509997
289.138397 -208.362823 2.47593999
289.184113 -208.328705 2.70323992
289.155731 -208.307663 2.90481997
289.151398 -208.268784 3.1379199
289.158844 -208.312912 3.3156333
289.151764 -208.295776 3.49333334
289.167694 -208.319595 3.63930011
289.137787 -208.2444 4.7961998
289.062012 -208.304169 4.88186646
289.083191 -208.087128 1.08523333
289.175873 -208.091461 1.54143333
289.16803 -208.122559 1.70659995
289.190491 -208.145355 1.87907505
289.149109 -208.09848 2.10345006
289.174896 -208.188293 2.37910008
289.170929 -208.121536 2.454
289.174896 -208.102097 2.68853331
289.166107 -208.054504 2.90549994
289.15564 -208.057663 3.14163327
289.14682 -208.098145 3.30762005
289.121033 -208.073151 3.47809982
289.123962 -208.095581 3.64152503
289.085938 -208.104309 4.73155022
289.043793 -208.057693 4.87930012
289.089966 -207.940857 0.979849994
289.136108 -207.92485 1.1013
289.188995 -207.888504 1.35050011
289.180908 -207.805496 1.5733
289.171326 -207.89032 1.70539999
289.14801 -207.872208 1.89855993
289.151764 -207.880569 2.09150004
289.124969 -207.891968 2.32587147
289.153503 -207.93338 2.50309992
289.140686 -207.881378 2.69414997
289.140747 -207.904282 2.90581656
289.155731 -207.879044 3.12987995
289.101624 -207.933929 3.31570005
289.070221 -207.902557 3.44277501
289.131104 -207.919998 4.71190023
289.058472 -207.87915 4.84724998
289.134705 -207.713776 1.15215003
289.129089 -207.677063 1.28858006
289.142975 -207.72702 1.44795001
289.126526 -207.709229 1.71423745
289.135529 -207.682404 1.90834999
289.079773 -207.665192 2.10593343
289.108673 -207.701584 2.32011104
289.1203 -207.683044 2.51122499
289.108459 -207.671188 2.70707512
289.134705 -207.728516 2.90608001
289.12027 -207.660736 3.10969996
289.071014 -207.696259 3.30240011
289.032776 -207.719009 3.51286674
289.002411 -207.631195 3.70289993
289.110291 -207.791 3.80220008
289.02829 -207.722595 4.39820004
289.138519 -207.665222 4.52622509
289.121948 -207.661011 4.71155977
289.021545 -207.671799 4.85513353
289.154694 -207.565308 0.980400026
289.096741 -207.495621 1.13253999
289.050232 -207.487 1.33679998
289.047241 -207.450439 1.50390005
289.079041 -207.500473 1.67747498
289.080261 -207.489868 1.92974997
289.081665 -207.455307 2.10579991
289.065277 -207.499939 2.28783345
289.060577 -207.481857 2.49828887
289.080566 -207.516281 2.70957994
289.092743 -207.515823 2.8828249
289.0513 -207.481384 3.1505599
289.024414 -207.495804 3.29566669
289.050598 -207.547302 3.47000003
289.118073 -207.552353 3.74437499
289.062286 -207.421997 3.86750007
289.027496 -207.418106 4.59040022
289.150055 -207.557251 4.64755011
289.036774 -207.302734 1.10575008
289.036774 -207.287048 1.28314996
289.034058 -207.319733 1.43952501
289.030243 -207.275482 1.71387506
289.042236 -207.343719 1.86152494
289.046387 -207.334335 2.13823986
289.020294 -207.241821 2.26808
289.033356 -207.382355 2.54480004
289.041962 -207.321075 2.71455002
289.032288 -207.317642 2.91020012
289.016632 -207.289246 3.08667517
289.03714 -207.298447 3.27125001
289.066589 -207.3918 3.67639995
289.140076 -207.249542 3.95047498
289.133698 -207.211792 4.27915001
289.060974 -207.360764 4.71546698
289.089996 -207.398193 4.84259987
289.044312 -207.181305 0.968200028
289 -207.145905 1.37399995
289.018005 -207.169403 1.56630003
289.008606 -207.194901 1.91279995
289.015594 -207.129852 2.15824986
289.034088 -207.108124 2.52916002
289.015015 -207.149841 2.66725016
289.00589 -207.043304 3.07789993
289.044006 -207.046555 3.81545019
289.171814 -207.134903 4.45739985
289.040649 -206.919128 2.28556657
289.028259 -206.84787 2.48092508
289.027527 -206.907745 2.64575005
289.019989 -206.985794 3.79959989
289.067505 -206.937195 3.87159991
289.115509 -206.985306 5.53240013
289.069305 -206.610397 1.17879999
289.096375 -206.6819 1.26333332
289.039398 -206.760895 2.40869999
289.187286 -206.620605 3.8513999
289.139404 -206.7509 4.00759983
289.131012 -206.792694 5.42640018
289.150208 -206.667099 6.3199501
289.192688 -206.789001 6.41970015
289.138 -206.585297 1.2543
289.002014 -206.547195 2.46320009
289.026917 -206.520844 3.91960001
289.186615 -206.402695 6.07730007
289.156494 -206.496048 6.52220011
289.032593 -206.253296 3.84929991
289.193512 -206.312897 5.90500021
289.176514 -206.216904 6.0935998
289.170715 -206.291946 6.25510025
289.196594 -206.029205 4.95079994
289.05249 -206.118195 5.92449999
289.180908 -206.107895 6.15110016
289.056305 -205.832596 3.9065001
289.137726 -205.923355 4.93182516
289.035797 -205.8582 5.07250023
289.18631 -205.802994 5.72249985
289.091492 -205.758408 3.9217
289.122803 -205.781494 4.55109978
289.035004 -205.6884 4.79750013
289.106781 -205.701797 4.94076681
289.030273 -205.69281 5.05080032
289.073425 -205.722549 5.22515011
289.043488 -205.725403 5.84719992
289.101105 -205.408997 4.04099989
289.083405 -205.418106 4.33920002
289.180298 -205.446304 4.60519981
289.172607 -205.414993 4.84590006
289.071411 -205.512207 5.10570002
289.012787 -205.437302 5.26490021
289.065247 -205.541046 5.89919996
289.012299 -205.292404 3.97729993
289.034454 -205.289093 4.24595022
289.112 -205.297806 4.74020004
289.022003 -205.141403 4.20499992
289.127197 -205.117706 4.54650021
289.075409 -204.885605 4.03119993
289.075684 -204.950256 4.34574986
289.058105 -204.920502 4.42399979
289.048492 -204.723206 4.17030001
289.155884 -204.758102 4.44295025
289.08371 -204.475891 4.52920008
289.114594 -204.289398 5.60830021
289.0047 -203.851105 4.20219994
289.013092 -203.329605 4.27370024
289.032898 -203.021194 4.61140013
289.114014 -202.465652 4.89650011
289.134003 -202.400101 5.39330006
289.132935 -202.315536 4.87010002
289.093811 -202.286194 5.08199978
289.070343 -202.258636 5.29674006
289.165802 -202.171707 4.72609997
289.116638 -202.155548 4.95015001
289.08316 -202.118835 5.11303329
289.018311 -202.090607 5.26669979
289.182312 -201.909195 4.6935997
289.077026 -201.9431 5.06640005
289.165497 -201.941101 5.20620012
289.009186 -201.885895 9.12909985
289.110291 -201.897293 9.25949955
289.077698 -201.698898 4.81519985
289.049103 -201.725601 9.04749966
289.138 -201.671097 10.6855001
289.150513 -201.550201 4.81949997
289.112488 -201.591293 7.16790009
289.016815 -201.581604 10.3779001
289.162506 -201.537292 10.5482998
289.012512 -201.399902 4.71589994
289.103394 -201.359695 10.2308998
289.053497 -201.121002 4.36390018
289.052094 -201.152252 4.51465034
289.089661 -201.127457 4.86475992
289.152496 -201.053345 9.97679996
289.081726 -201.069061 10.0835991
289.178711 -200.974396 4.51249981
289.074493 -200.922394 4.83710003
289.056396 -200.975906 5.69689989
289.043091 -200.912796 6.88089991
289.062988 -200.979996 10.0746002
289.018097 -200.749207 9.90740013
289.052399 -200.551102 4.74289989
289.056305 -200.544998 8.72599983
289.100494 -200.484406 8.96510029
289.178711 -200.360992 5.64769983
289.126099 -200.298599 9.10159969
289.280518 -219.870499 0.905666649
289.337738 -219.707809 0.869799972
289.314514 -219.462997 0.863799989
289.281342 -219.304199 0.858266652
289.30191 -218.515198 0.9023
289.381287 -218.291962 0.918500006
289.334564 -218.134949 0.910899997
289.287445 -217.944 0.919149995
289.210632 -217.851151 5.94309998
289.244598 -217.855103 6.0381999
289.323883 -217.670456 0.92476666
289.287292 -217.7789 5.75019979
289.348114 -217.70459 5.91597509
289.388397 -217.772705 6.1177001
289.291809 -217.442795 0.920099974
289.249634 -217.471603 5.91275024
289.291138 -217.50441 6.04410028
289.269592 -217.247406 0.934700012
289.349487 -217.238403 5.06809998
289.362366 -217.376556 5.95090008
289.296143 -217.330002 6.05003309
289.304352 -217.121994 0.913999975
289.362305 -217.186707 5.11450005
289.290009 -217.162994 6.10540009
289.331696 -216.911804 0.913500011
289.328979 -216.719177 0.929674983
289.39151 -216.671402 4.43849993
289.201813 -216.6772 5.3920002
289.372711 -216.4935 5.17640018
289.284698 -216.431396 5.28079987
289.33905 -216.28215 0.913349986
289.38681 -216.266006 3.84660006
289.364105 -216.236603 4.15889978
289.224213 -216.207504 4.83780003
289.351013 -216.204895 5.01009989
289.286407 -216.372604 5.31619978
289.31015 -216.290802 5.49769974
289.245605 -216.320404 5.65929985
289.255096 -216.220596 5.96519995
289.283752 -216.317307 6.29751444
289.224548 -216.0728 0.920799971
289.262085 -216.072403 3.93700004
289.347656 -216.084595 4.05009985
289.204102 -216.068604 4.50559998
289.286194 -216.103424 4.71062517
289.28186 -216.075546 4.88500023
289.308014 -216.049484 5.11687994
289.297852 -216.117859 5.50444984
289.345001 -216.156601 5.68389988
289.268097 -216.016495 5.94680023
289.29895 -216.031708 6.09910011
289.31485 -216.128693 6.30000019
289.348022 -216.09523 10.5361004
289.288605 -216.197601 10.6730003
289.283112 -215.988205 0.942399979
289.322083 -215.895676 3.93793344
289.292542 -215.907501 4.12910032
289.210388 -215.924896 4.20499992
289.306824 -215.916367 4.72293329
289.277191 -215.860596 4.8585
289.325592 -215.915833 5.08570004
289.3013 -215.970703 5.32590008
289.280701 -215.974106 5.40619993
289.271576 -215.828583 6.12060022
289.267944 -215.946732 6.2828002
289.302917 -215.837891 10.38305
289.335297 -215.9384 10.5512667
289.376495 -215.712555 3.94124985
289.298126 -215.666504 4.11343336
289.278015 -215.662399 4.4046998
289.252869 -215.678497 4.70214987
289.216309 -215.718506 5.28679991
289.394958 -215.717194 6.15834999
289.251404 -215.58725 0.914499998
289.297089 -215.419693 3.92600012
289.325989 -215.472595 4.06930017
289.200409 -215.543793 4.39440012
289.31311 -215.4711 4.5467
289.253387 -215.435104 4.92519999
289.329712 -215.505707 5.00899982
289.355499 -215.522095 5.26765013
289.324036 -215.537354 5.48064995
289.217712 -215.526093 6.01980019
289.229492 -215.508606 6.21820021
289.286896 -215.506805 10.3212996
289.352783 -215.505859 10.5208664
289.388916 -215.272156 0.905499995
289.275665 -215.250427 3.90357494
289.329956 -215.2397 4.1114502
289.353302 -215.293304 4.7507
289.260132 -215.2957 4.92516661
289.305023 -215.312988 5.07635736
289.237 -215.373596 5.88460016
289.241394 -215.25795 6.09889984
289.385803 -215.3685 8.77490044
289.314209 -215.294525 10.0814199
289.27417 -215.299667 10.2686338
289.369812 -215.304993 10.4619999
289.232697 -215.003204 0.920400023
289.334991 -215.142502 3.93540001
289.2724 -215.086899 4.04699993
289.396912 -215.175995 4.21670008
289.319885 -215.151703 4.73589993
289.38092 -215.175598 4.98120022
289.314301 -215.150894 5.17010021
289.357788 -215.158096 5.45599985
289.326813 -215.120697 7.88955021
289.282837 -215.09137 8.91390038
289.359497 -215.071594 9.03909969
289.361389 -215.087006 9.93799973
289.376251 -215.163696 10.0865993
289.268585 -214.907898 0.876699984
289.377686 -214.953003 4.5316
289.333191 -214.897476 5.0954752
289.368042 -214.894806 5.73909998
289.272247 -214.743057 0.909150004
289.313995 -214.624451 5.08685017
289.328857 -214.676727 5.28323317
289.325256 -214.756744 5.63724995
289.273102 -214.63031 5.89214993
289.358093 -214.423904 0.912
289.399811 -214.473099 4.73909998
289.298492 -214.437698 4.97669983
289.347107 -214.485794 5.81069994
289.26181 -214.304901 0.889500022
289.398102 -214.214005 5.58330011
289.223694 -214.335999 5.86850023
289.216614 -214.208496 8.01019955
289.287109 -214.329742 10.1280499
289.273865 -214.295502 10.2304001
289.263489 -214.285599 10.4651003
289.328705 -214.060394 0.906300008
289.311005 -214.130096 5.41190004
289.346497 -214.009399 7.82660007
289.332397 -214.172699 8.0397501
289.294678 -214.148193 8.2302494
289.304108 -214.057495 9.79389954
289.211304 -214.025497 9.94260025
289.330566 -214.116058 10.0732002
289.251465 -214.124908 10.2873669
289.223511 -214.010803 10.4399004
289.368805 -213.928696 0.897899985
289.269592 -213.878906 5.42560005
289.273499 -213.978607 8.13990021
289.279297 -213.962906 9.72480011
289.24411 -213.972794 9.87620068
289.362488 -213.868301 10.0382004
289.394806 -213.895401 10.2488003
289.212097 -213.945496 10.4384003
289.285095 -213.789795 0.932399988
289.265198 -213.713104 5.56890011
289.242493 -213.781006 8.08699989
289.299622 -213.489136 0.911399961
289.305908 -213.533798 8.09905052
289.356201 -213.238953 0.906800032
289.233398 -213.207504 7.5862999
289.206909 -213.270203 7.70970011
289.313538 -213.007202 0.914649963
289.338715 -213.095306 7.58570004
289.212799 -213.192505 7.62949991
289.272003 -212.973602 0.909799993
289.269226 -212.640839 0.924566686
289.313049 -212.501953 0.94599998
289.328522 -212.287338 0.924233317
289.300812 -212.042007 0.934400022
289.216614 -211.674408 0.953949988
289.252594 -211.435196 0.924199998
289.255096 -211.067993 0.973500013
289.295349 -210.744797 0.975399971
289.301788 -210.096695 0.97240001
289.227997 -210.101395 1.00549996
289.283386 -209.723297 1.00220001
289.241455 -209.516541 0.982550025
289.285187 -209.5345 2.273
289.383698 -209.455795 3.48979998
289.204803 -209.353394 1.00209999
289.303406 -209.286606 1.88979995
289.391205 -209.284805 3.44959998
289.240997 -209.097702 1.01400006
289.396393 -209.001999 1.91690004
289.204315 -209.016602 2.09549999
289.394287 -209.076294 2.53449988
289.366394 -209.101898 3.36122513
289.271301 -209.096695 3.49230003
289.235199 -208.866302 0.959299982
289.272308 -208.822006 1.48020005
289.318787 -208.892502 1.83665001
289.286957 -208.896866 2.13866663
289.380707 -208.851196 2.73724985
289.372894 -208.8703 3.10409999
289.348602 -208.931274 3.31675005
289.30661 -208.898071 3.468925
289.376312 -208.949005 4.39050007
289.338959 -208.872421 4.50212479
289.320953 -208.881348 4.71799994
289.341736 -208.649994 1.30291998
289.352753 -208.685501 1.43939996
289.33371 -208.673035 1.68410003
289.339844 -208.677246 1.89557505
289.360168 -208.693634 2.10956001
289.357727 -208.695724 2.33044004
289.350891 -208.687241 2.48469996
289.252686 -208.784897 2.60470009
289.299561 -208.675476 2.93862009
289.335968 -208.677933 3.08848333
289.307861 -208.674133 3.30139995
289.298187 -208.696259 3.50582504
289.334534 -208.663696 4.04920006
289.290649 -208.651855 4.24895
289.263428 -208.729248 4.49607992
289.343872 -208.714645 4.66727495
289.307129 -208.66362 4.86872482
289.233734 -208.47319 1.08043337
289.243866 -208.496948 1.28754997
289.249603 -208.537292 1.48220003
289.227112 -208.50531 1.67320001
289.260223 -208.516571 1.89048564
289.288116 -208.558838 2.04213333
289.241272 -208.516663 2.30906677
289.235596 -208.534943 2.48970008
289.250732 -208.524506 2.71592498
289.245758 -208.552536 2.8797667
289.225189 -208.461594 3.08870006
289.224701 -208.483795 3.29982495
289.272095 -208.480194 3.45682502
289.218506 -208.5448 3.70129991
289.243195 -208.557693 3.97390008
289.309143 -208.562836 4.05970001
289.355957 -208.485397 4.24765015
289.294098 -208.519165 4.46396637
289.311462 -208.484283 4.71288347
289.24527 -208.504425 4.87317514
289.38739 -208.531296 5.1026001
289.224518 -208.264099 1.29537499
289.203003 -208.321289 1.47095001
289.214508 -208.244293 1.61370003
289.216858 -208.294296 1.89462495
289.214905 -208.287277 2.06480002
289.245117 -208.279053 2.3197751
289.211792 -208.242249 2.54235005
289.200714 -208.392502 2.79460001
289.336243 -208.225403 4.33069992
289.323517 -208.303589 4.55358028
289.313843 -208.28392 4.7244997
289.246796 -208.352707 4.99630022
289.235199 -208.106964 1.13530004
289.239441 -208.0905 1.30429995
289.239563 -208.078125 1.50167143
289.245941 -208.06572 1.68869996
289.224731 -208.084671 1.87596667
289.219086 -208.129883 2.08445001
289.226532 -208.103012 2.27469993
289.232208 -208.126907 2.46431422
289.227814 -208.098801 2.68703318
289.226654 -208.091736 2.89883995
289.2742 -208.105606 3.18230009
289.237366 -208.097 3.25262499
289.388794 -208.085297 4.39489985
289.340515 -208.022797 4.51809978
289.258209 -208.043701 4.8368001
289.244598 -207.943054 1.12645006
289.213654 -207.951508 1.31395006
289.216888 -207.989502 1.43710005
289.204498 -207.892197 1.75629997
289.224701 -207.904053 1.94149995
289.22699 -207.960098 2.00110006
289.203796 -207.932693 2.25539994
289.2276 -207.933044 2.54649997
289.218414 -207.961807 2.72740006
289.213776 -207.91983 3.05416656
289.21051 -207.889496 3.30010009
289.235413 -207.954803 3.57119989
289.388397 -207.9561 4.36490011
289.347076 -207.869339 4.51891994
289.260773 -207.92691 4.6718998
289.22229 -207.872604 4.95639992
289.235596 -207.667603 0.854300022
289.217285 -207.634995 3.75139999
289.278107 -207.772598 3.81410003
289.356903 -207.644196 4.4545002
289.358765 -207.502472 4.27133322
289.304901 -207.513107 4.41289997
289.267609 -207.238693 3.88019991
289.283936 -207.361404 4.0652504
289.225189 -207.281494 4.2052002
289.349915 -207.057602 5.38910007
289.269806 -206.933105 4.20429993
289.348633 -206.905945 5.34285021
289.258789 -206.90744 5.48993349
289.303955 -206.699448 5.44449997
289.200989 -206.6409 6.40080023
289.336792 -206.5896 5.48929977
289.238586 -206.461853 6.07730007
289.237671 -206.428497 6.22805023
289.216888 -206.533096 6.52899981
289.213715 -206.256393 5.80429983
289.249115 -206.388397 6.20020008
289.271362 -206.315491 6.43790007
289.286499 -206.0177 3.98329997
289.262299 -206.111404 4.03690004
289.295013 -206.0065 5.04250002
289.232391 -206.113297 5.58059978
289.242706 -206.179306 6.06769991
289.325684 -205.896881 3.93889999
289.375793 -205.822205 4.66540003
289.237335 -205.845871 4.81279993
289.389709 -205.907196 5.49329996
289.208008 -205.926895 5.99469995
289.326813 -205.707703 4.59770012
289.290924 -205.704468 4.67043352
289.261871 -205.2966 4.72769976
289.384094 -204.806793 4.17649984
289.3862 -204.409302 4.56500006
289.247803 -204.343201 4.6168499
289.360962 -204.108154 4.56264973
289.356201 -203.914398 4.61299992
289.3638 -202.853394 4.6402998
289.34671 -202.606003 4.19579983
289.274902 -202.584396 4.1564002
289.303955 -202.467346 4.26144981
289.270874 -202.42717 4.73523331
289.203613 -202.503998 4.9531002
289.308594 -202.312347 4.35739994
289.326111 -202.241302 4.41699982
289.296051 -202.264557 4.6821003
289.26889 -202.286102 4.82469988
289.253448 -202.364807 5.21710014
289.260651 -202.11499 4.74160004
289.2854 -202.108002 4.9836998
289.265076 -202.056244 5.06554985
289.339203 -201.815506 5.15600014
289.330627 -201.6185 4.72163343
289.351196 -201.699295 4.98680019
289.307007 -201.748901 9.00010014
289.358398 -201.585999 4.76819992
289.256226 -201.519821 4.87879992
289.232788 -201.488495 10.2847004
289.291199 -201.307205 4.78119993
289.353912 -201.383194 4.90220022
289.304596 -201.287399 5.53830004
289.259338 -201.345505 10.1817493
289.289001 -201.089508 5.1552496
289.38559 -201.093399 9.87800026
289.338593 -200.934906 8.16600037
289.314301 -200.888199 9.26264954
289.311401 -200.645004 4.25640011
289.227692 -200.743698 9.3760004
289.323364 -200.501602 5.50425005
289.32959 -200.438354 8.34754944
289.303406 -200.507996 9.37689972
289.215149 -200.362152 5.53705025
289.311066 -200.359177 5.63546658
289.46991 -219.719971 0.874433339
289.501892 -219.336594 0.818400025
289.435608 -218.634399 0.8829
289.570496 -218.621307 5.46470022
289.468872 -218.45842 0.90504998
289.58197 -218.454102 5.50115013
289.567505 -218.298798 5.35629988
289.555542 -218.298248 5.46657467
289.417206 -217.811905 0.927200019
289.481232 -217.722 0.921599984
289.578705 -217.7267 6.08699989
289.59549 -217.464493 5.13670015
289.497314 -217.421707 5.89470005
289.509705 -217.532074 6.09256649
289.489563 -217.285309 0.920966685
289.524536 -217.226654 5.15059996
289.594208 -217.259399 5.20879984
289.455414 -217.381302 5.76450014
289.403992 -217.376205 5.95009995
289.538513 -217.326904 6.10669994
289.428894 -217.142303 0.910300016
289.56897 -217.053894 4.36560011
289.4953 -217.029404 4.8302002
289.539917 -217.140701 5.11765003
289.519653 -217.15567 5.92640018
289.573059 -216.981201 0.931649983
289.534912 -216.9095 4.32094288
289.544891 -216.921005 4.42729998
289.513794 -216.809692 4.78359985
289.466827 -216.914307 4.88730001
289.488831 -216.7052 0.940450013
289.515015 -216.733459 4.41654968
289.514008 -216.706894 4.60820007
289.599091 -216.722397 4.82420015
289.514099 -216.661194 5.02860022
289.494873 -216.488235 0.926100016
289.530426 -216.476929 4.49703979
289.484253 -216.263 0.935299993
289.442657 -216.221207 4.0609498
289.476685 -216.261993 6.24839973
289.496338 -216.119843 0.921833336
289.485107 -216.080307 3.95569992
289.506836 -216.101151 4.00409985
289.574585 -216.092499 4.78499985
289.47052 -216.063599 4.93634987
289.596588 -216.009293 5.15129995
289.583801 -216.141998 5.37860012
289.527893 -216.062302 5.66037512
289.518616 -216.096649 6.15127468
289.550507 -216.189102 6.23969984
289.43399 -215.966202 0.900600016
289.447235 -215.936295 4.07743311
289.520111 -215.986206 4.8428998
289.482758 -215.84201 5.05749989
289.474304 -215.802094 5.23140001
289.473206 -215.877197 6.34426689
289.510498 -215.993896 10.1721001
289.489655 -215.920654 10.3262501
289.484131 -215.888504 10.4934006
289.524109 -215.711548 0.908949971
289.413513 -215.664703 3.80130005
289.470703 -215.710007 4.49119997
289.507843 -215.688736 4.7511797
289.545807 -215.707703 4.95149994
289.439087 -215.694305 5.32410002
289.533813 -215.610794 5.5935998
289.479004 -215.696701 10.3022003
289.499786 -215.672607 10.4376001
289.47879 -215.496704 0.90929997
289.515198 -215.426498 4.31279993
289.459229 -215.546997 4.54546642
289.492218 -215.509399 4.6602335
289.491211 -215.513504 4.98820019
289.533905 -215.565002 5.47770023
289.482788 -215.415695 6.09250021
289.499298 -215.478104 6.26149988
289.541595 -215.428207 6.95819998
289.546753 -215.412842 9.9327507
289.569397 -215.414246 10.0979004
289.463684 -215.455536 10.3193998
289.485718 -215.470291 10.4592667
289.51828 -215.223724 0.90353334
289.531799 -215.285049 4.18869972
289.516815 -215.287689 4.29308558
289.499512 -215.281891 4.48103333
289.516785 -215.346603 4.84070015
289.505707 -215.289276 5.34012508
289.44696 -215.287537 5.46679974
289.40451 -215.243896 5.95870018
289.401306 -215.317902 6.1722002
289.523956 -215.29837 6.94503307
289.498596 -215.375107 7.01690006
289.471008 -215.333405 8.05630016
289.445709 -215.303101 8.67570019
289.464172 -215.24115 8.89609909
289.490967 -215.245193 9.02750015
289.557892 -215.3311 9.96430016
289.558105 -215.210403 10.1541004
289.500244 -215.32663 10.2814255
289.502136 -215.33194 10.4790497
289.522888 -215.168594 0.901799977
289.424316 -215.147903 4.08764982
289.493408 -215.075958 4.26545
289.493011 -215.065125 4.52506685
289.537506 -215.055862 4.88683319
289.462494 -215.07254 5.08599997
289.486847 -215.058899 5.54454994
289.455902 -215.064301 5.77029991
289.467224 -215.085434 8.7045002
289.540894 -215.080063 8.9581995
289.417114 -215.093903 10.0359497
289.475677 -214.81633 3.93770003
289.521637 -214.886475 4.1161499
289.493835 -214.877701 4.24392509
289.488953 -214.951935 4.50646019
289.553192 -214.931503 4.97559977
289.429749 -214.890839 5.03119993
289.51651 -214.899704 5.51465988
289.535614 -214.825897 7.69859982
289.513123 -214.93399 8.73590088
289.56543 -214.964279 8.84197521
289.519043 -214.876404 9.01634979
289.462799 -214.953201 9.79469967
289.535797 -214.779297 3.75600004
289.496094 -214.702148 3.9609251
289.498199 -214.663651 4.01429987
289.488403 -214.794006 4.56820011
289.510498 -214.735504 4.69710016
289.573242 -214.73233 4.89356661
289.5802 -214.662598 5.03299999
289.445892 -214.644806 5.22669983
289.495239 -214.690857 5.50895023
289.577515 -214.606201 5.73810005
289.55365 -214.618149 6.73525
289.574188 -214.6297 6.80880022
289.519592 -214.480194 0.916599989
289.47522 -214.461838 4.95113325
289.512604 -214.552094 5.03779984
289.573364 -214.545105 5.52925014
289.514404 -214.583496 5.76319981
289.463593 -214.329803 0.925499976
289.585297 -214.240402 4.7968998
289.580444 -214.366852 4.8355999
289.45639 -214.348007 5.81389999
289.580872 -214.356506 7.88129997
289.500885 -214.251404 8.1843996
289.489197 -214.247406 10.2489996
289.464783 -214.095398 5.62030029
289.500671 -214.10495 8.09729958
289.5867 -214.060303 8.2116003
289.439209 -214.163208 10.1312504
289.491791 -213.933136 0.924899995
289.450806 -213.803207 5.44399977
289.45752 -213.897339 5.69920015
289.493652 -213.877533 8.12723351
289.497101 -213.907394 9.85130024
289.550415 -213.752701 0.924000025
289.487946 -213.683655 8.26760006
289.486298 -213.529541 0.918150008
289.580688 -213.433044 5.56465006
289.479889 -213.497498 8.29609966
289.552795 -213.255051 0.937399983
289.593201 -213.294998 5.53119993
289.569794 -213.270798 5.60669994
289.424927 -213.08638 0.920475006
289.59259 -212.794907 0.96329999
289.584106 -212.435394 0.943700016
289.512909 -212.239105 0.964600027
289.551178 -212.088394 0.969766676
289.583801 -211.917099 0.953999996
289.422699 -211.754105 0.959100008
289.595398 -211.300903 0.97420001
289.50238 -210.90387 0.975499988
289.540985 -210.470596 0.977500021
289.4953 -210.414398 1.00504994
289.530609 -210.214798 0.987100005
289.588104 -210.155502 1.90859997
289.552612 -210.024399 3.45619988
289.484711 -209.878326 0.991733313
289.467987 -209.764008 0.937099993
289.486237 -209.710571 1.02056658
289.588196 -209.619873 2.6663332
289.5495 -209.6297 3.19899988
289.575867 -209.706207 3.34605002
289.534271 -209.691559 3.4906857
289.518585 -209.769608 3.79590011
289.426788 -209.475693 1.11660004
289.558167 -209.548981 1.30274999
289.566986 -209.417496 1.58420002
289.595215 -209.468399 1.76859999
289.572174 -209.538467 1.92083335
289.55896 -209.495453 2.09275007
289.530457 -209.500061 2.50099993
289.59491 -209.48764 2.69099998
289.582703 -209.490051 2.91734982
289.569061 -209.481705 3.11224008
289.515137 -209.498978 3.30622005
289.510834 -209.531052 3.48183346
289.518036 -209.295135 1.10973334
289.579193 -209.329636 1.25463331
289.563202 -209.311981 1.48082495
289.571442 -209.297501 1.73612499
289.564178 -209.280594 1.8949666
289.513702 -209.298965 2.15316653
289.542969 -209.300781 2.29017496
289.552917 -209.317276 2.47843337
289.529968 -209.282211 2.65485001
289.525146 -209.227402 2.90555
289.54071 -209.307495 3.09618759
289.46637 -209.30336 3.2739799
289.483551 -209.329941 3.52196002
289.488892 -209.341064 3.62046671
289.545715 -209.084671 1.1552
289.499634 -209.110016 1.33467507
289.547028 -209.133423 1.49150002
289.518494 -209.122589 1.7098999
289.528717 -209.096649 1.88122857
289.512207 -209.093857 2.06754017
289.512512 -209.120758 2.30694294
289.508148 -209.108856 2.47169995
289.509949 -209.164139 2.66600013
289.480499 -209.091583 2.91817141
289.484619 -209.100342 3.11771441
289.434387 -209.106827 3.26139998
289.444855 -209.105057 3.48767495
289.539307 -209.133408 3.77589989
289.557953 -209.028412 4.08479977
289.4888 -208.918243 1.12505007
289.471191 -208.894379 1.27367997
289.450928 -208.866089 1.47446668
289.452637 -208.921875 1.69786668
289.449524 -208.902405 1.89337504
289.456787 -208.904129 2.11048579
289.463257 -208.922592 2.29181433
289.460693 -208.926056 2.51279998
289.463562 -208.927155 2.73058319
289.460144 -208.89212 2.89402223
289.454315 -208.932587 3.12403989
289.44101 -208.890945 3.26200008
289.460968 -208.919205 3.49043322
289.442108 -208.917007 3.6566
289.554565 -208.933502 4.09836674
289.49408 -208.873474 4.29263306
289.428711 -208.842545 4.4375
289.41217 -208.688004 1.15439999
289.467407 -208.726303 1.27489996
289.441895 -208.711838 1.50452006
289.412598 -208.739105 1.72355008
289.439148 -208.757996 1.95650005
289.418396 -208.712036 2.10173345
289.402893 -208.765503 2.25250006
289.452087 -208.75145 2.46939993
289.414185 -208.713501 2.65190005
289.419891 -208.764099 2.84109998
289.430511 -208.756805 3.0869
289.443787 -208.773407 3.4763
289.493713 -208.679993 3.63739991
289.466949 -208.640762 4.11000013
289.512512 -208.74202 4.33757496
289.499664 -208.650955 4.51719999
289.471497 -208.710495 4.68730021
289.530304 -208.506958 4.16214991
289.523407 -208.527237 4.24116659
289.470551 -208.499298 4.45825005
289.426758 -208.476974 4.69975996
289.441895 -208.501556 4.89839983
289.585693 -208.254807 4.18200016
289.493744 -208.364548 4.30354977
289.507294 -208.287338 4.49481678
289.477173 -208.32843 4.6711669
289.4487 -208.353104 4.83039999
289.509186 -208.330002 5.10612011
289.489441 -208.125702 4.2699666
289.554749 -207.898849 4.11170006
289.561615 -207.954803 4.29339981
289.479309 -207.718094 4.09240007
289.556793 -207.775803 4.21659994
289.528137 -207.477951 4.13474989
289.484253 -207.422897 4.24660015
289.479462 -207.327393 4.12116671
289.462585 -207.248291 4.24919987
289.457703 -207.187607 3.93070006
289.468506 -207.087006 4.1644001
289.460083 -207.128448 4.2758503
289.550903 -206.843094 5.09569979
289.525574 -206.900391 5.24849987
289.411591 -206.944794 5.54120016
289.5495 -206.727905 5.15399981
289.538422 -206.670944 5.30557775
289.470642 -206.622559 5.47914982
289.528687 -206.591202 5.31260014
289.443054 -206.548706 5.51744986
289.457703 -206.397797 5.36639977
289.410797 -206.292694 6.12010002
289.456604 -206.045349 4.13494968
289.492157 -205.956802 4.12803316
289.488007 -205.932205 4.25519991
289.573792 -205.806702 4.43310022
289.473206 -205.832199 4.8045001
289.528198 -205.786606 4.51319981
289.516907 -205.748657 4.70655012
289.573914 -205.484299 4.56120014
289.550415 -205.259399 4.73549986
289.434113 -204.827805 4.42789984
289.540802 -204.677094 4.59060001
289.41449 -203.935394 4.59929991
289.533325 -203.043198 4.71479988
289.466705 -202.651199 4.19700003
289.514404 -202.621902 4.33580017
289.42749 -202.464798 4.35620022
289.491425 -202.139542 4.72060013
289.449036 -202.047073 5.04430008
289.554871 -201.8983 4.89434004
289.53717 -201.850006 5.1015501
289.425201 -201.973206 9.11019993
289.463654 -201.69725 4.74234962
289.511902 -201.660263 4.88753319
289.552399 -201.764008 5.04059982
289.496307 -201.727997 5.21339989
289.42511 -201.741501 9.04150009
289.444366 -201.519562 4.73676682
289.507111 -201.443695 9.10400009
289.407104 -201.539398 9.21350002
289.505859 -201.354889 10.1737995
289.444214 -201.045395 5.15030003
289.471588 -201.174194 9.45899963
289.45639 -201.169296 10.0374002
289.402008 -200.942596 9.70689964
289.579987 -200.969406 9.82419968
289.477814 -200.567505 4.44659996
289.407104 -200.514206 5.50409985
289.465912 -200.419098 5.61460018
289.432007 -200.415894 8.36929989
289.586487 -200.326904 8.08300018
289.432312 -200.281097 8.30210018
289.572906 -200.247406 9.54899979
289.509308 -200.223297 9.69750023
289.484192 -200.128296 8.04059982
289.776306 -219.643295 0.897000015
289.704102 -219.501999 0.909683347
289.732666 -219.301163 0.870516658
289.7229 -219.080994 0.874100029
289.654938 -218.845825 0.875933349
289.717285 -218.5849 0.932500005
289.709686 -218.514236 5.53868008
289.682678 -218.332153 5.32334995
289.649414 -218.308151 5.45657492
289.72876 -218.094543 0.909799993
289.720093 -218.149445 5.49411678
289.785004 -218.137299 5.64020014
289.679443 -217.880295 0.923666656
289.762909 -217.925903 5.42259979
289.779785 -217.993698 5.74189997
289.675812 -217.719406 0.922100008
289.797699 -217.766602 5.47130013
289.655701 -217.666397 6.35179996
289.705688 -217.659607 6.45060015
289.687347 -217.482239 0.925199986
289.747498 -217.446152 5.2826004
289.617493 -217.445602 6.11240005
289.680573 -217.55217 6.30433321
289.74469 -217.584595 6.45440006
289.658539 -217.225952 0.931400001
289.6604 -217.377197 4.9920001
289.672791 -217.293991 5.15509987
289.697998 -217.378296 5.20819998
289.687805 -217.298294 6.04419994
289.782806 -217.025299 4.45830011
289.678864 -217.130325 5.13628578
289.627808 -216.90683 4.26973343
289.638092 -216.966995 4.43839979
289.706299 -216.872955 4.69999981
289.646942 -216.874573 4.90310001
289.605713 -216.949997 5.03859997
289.694244 -216.771912 4.75519991
289.639954 -216.690903 4.84854984
289.712799 -216.548004 4.54680014
289.741791 -216.204803 0.921299994
289.707306 -216.286865 3.93286657
289.744995 -216.218506 4.11753321
289.705048 -216.298752 4.61474991
289.786499 -216.229904 4.86490011
289.662781 -216.249756 5.30100012
289.681213 -216.14621 0.926149964
289.64679 -216.153793 4.19950008
289.642487 -216.037704 4.25349998
289.7771 -216.186203 4.42630005
289.610809 -216.061401 4.68669987
289.688934 -216.148499 4.83909988
289.728424 -216.110367 5.09073353
289.689331 -216.061005 5.24674988
289.674347 -216.099136 5.48290014
289.694092 -216.070847 5.73105001
289.738098 -216.051407 7.56839991
289.74472 -215.905396 0.906333327
289.687714 -215.981796 4.38250017
289.681763 -215.890305 4.48850012
289.648804 -215.922852 4.63790035
289.791687 -215.841095 4.96080017
289.650909 -215.978394 5.16540003
289.629791 -215.9888 6.41809988
289.625 -215.863495 10.3879004
289.621399 -215.944504 10.5702
289.688904 -215.717896 0.925000012
289.614288 -215.678406 4.59619999
289.724701 -215.798294 10.3478003
289.715088 -215.747452 10.4673004
289.630096 -215.595795 0.888100028
289.610504 -215.4776 4.41919994
289.662506 -215.5233 4.94040012
289.768707 -215.469193 10.1763
289.611206 -215.500793 10.3374996
289.626709 -215.302063 0.916749954
289.610901 -215.272995 4.90899992
289.713287 -215.2379 7.99700022
289.715515 -215.210907 8.85079956
289.663574 -215.258743 9.06360054
289.712555 -215.303268 10.1281662
289.79599 -215.3983 10.2636995
289.657898 -215.143204 0.909699976
289.705017 -215.090363 4.43149996
289.777802 -215.0047 4.73699999
289.721191 -215.066711 5.05439997
289.645111 -215.189301 5.5156002
289.740601 -215.121643 7.05490017
289.687897 -215.134796 7.23659992
289.783997 -215.091003 8.55090046
289.634796 -215.084595 8.77260017
289.760193 -215.071136 8.85124969
289.701843 -215.02771 9.96269989
289.709534 -215.121918 10.0689001
289.610992 -214.884003 3.82590008
289.72226 -214.842896 4.30894995
289.658905 -214.938934 4.50337982
289.663025 -214.909241 4.88689995
289.71109 -214.928299 5.36780024
289.757812 -214.935394 6.5788002
289.719452 -214.923599 6.75705004
289.779114 -214.925293 6.83179998
289.612122 -214.865997 7.69254971
289.701965 -214.920822 8.72739983
289.693298 -214.896652 8.89610004
289.645996 -214.964203 9.87609959
289.748627 -214.75589 0.900066674
289.746399 -214.711929 3.85660005
289.707916 -214.751434 4.04835987
289.744598 -214.718307 4.31239986
289.726074 -214.731201 4.70889997
289.610107 -214.758194 4.91730022
289.710205 -214.7397 5.12712479
289.662415 -214.651993 5.7045002
289.715088 -214.772507 6.60090017
289.77655 -214.505951 0.88499999
289.774658 -214.520248 3.92705011
289.72937 -214.558044 4.03824997
289.70871 -214.522293 4.74870014
289.726013 -214.424393 4.94840002
289.761902 -214.571701 5.25759983
289.701385 -214.481094 5.50290012
289.784302 -214.546204 5.68419981
289.798309 -214.5065 5.86299992
289.791595 -214.555405 6.86019993
289.726715 -214.298035 0.895266652
289.740295 -214.201004 10.0880003
289.771393 -214.134399 0.888100028
289.692108 -214.117096 5.75309992
289.736511 -214.122894 6.73409986
289.744812 -214.092499 8.03610039
289.701111 -213.913239 0.904333353
289.651886 -213.908203 5.6184001
289.654205 -213.9375 8.30990028
289.738464 -213.906036 9.90439987
289.796112 -213.665207 0.942200005
289.621704 -213.769196 5.56750011
289.798706 -213.6772 10.1931
289.739105 -213.484573 5.67936659
289.751099 -213.502594 10.0521002
289.666901 -213.355499 5.55859995
289.746704 -213.264603 10.1505003
289.794891 -213.143997 0.927999973
289.756989 -212.924927 0.946533322
289.652313 -212.719803 0.949899971
289.610413 -212.328995 0.958000004
289.745911 -211.908798 0.976199985
289.776703 -211.660004 0.948599994
289.700195 -211.316895 0.98179996
289.736389 -211.128494 0.988699973
289.71579 -210.694504 1.01489997
289.77417 -210.746246 3.3127501
289.764099 -210.621704 3.61039996
289.677887 -210.576508 1.00059998
289.798187 -210.481201 1.4921
289.729706 -210.479202 2.37389994
289.764526 -210.488556 3.29733992
289.751892 -210.540497 3.47029996
289.716003 -210.507401 3.9223001
289.684113 -210.367203 1.00080001
289.798096 -210.209305 1.24469995
289.754303 -210.316101 1.53859997
289.76712 -210.281738 1.93946671
289.797485 -210.278107 2.1638
289.774994 -210.276245 2.48900008
289.796509 -210.326202 2.72530007
289.735199 -210.258148 2.84369993
289.763306 -210.3582 3.14139986
289.761261 -210.269333 3.24989986
289.727844 -210.296921 3.49143982
289.757599 -210.043304 0.786800027
289.725403 -210.111694 0.95450002
289.760986 -210.129044 1.07218003
289.772247 -210.06546 1.25825
289.757141 -210.07225 1.51506662
289.753998 -210.086151 1.67715001
289.743042 -210.073303 1.88912499
289.729614 -210.109756 2.06857991
289.783295 -210.079407 2.24320006
289.787598 -210.088501 2.41490006
289.754425 -210.061295 2.69289994
289.757172 -210.084442 2.88905001
289.724731 -210.082428 3.11000013
289.743225 -210.142151 3.23974991
289.673676 -210.100296 3.48536658
289.744446 -209.920059 1.12283337
289.756927 -209.870026 1.33323336
289.713837 -209.915298 1.50804007
289.713684 -209.869568 1.7198
289.748474 -209.924057 1.88567996
289.705475 -209.898102 2.12402487
289.761414 -209.908905 2.28116655
289.762939 -209.927872 2.50259995
289.702942 -209.841187 2.68311667
289.680389 -209.875504 2.921
289.700256 -209.867554 3.06079984
289.619049 -209.855484 3.31410003
289.660767 -209.978394 3.52834988
289.790588 -209.854706 4.9612999
289.702911 -209.664673 1.04536664
289.673859 -209.702637 1.28862
289.687469 -209.736862 1.47746658
289.674072 -209.722733 1.68849993
289.693176 -209.720703 1.87150002
289.684631 -209.724609 2.11094999
289.665009 -209.686157 2.32297993
289.687958 -209.714249 2.55209994
289.650665 -209.675598 2.76344991
289.676758 -209.701004 2.91925001
289.637177 -209.705032 3.08132505
289.622314 -209.769196 3.29450011
289.681732 -209.731766 3.50726676
289.67981 -209.726593 3.63910007
289.639069 -209.45433 1.06780005
289.6091 -209.452499 1.30830002
289.642334 -209.533875 1.50186002
289.628174 -209.554581 1.74405003
289.662018 -209.56633 1.92376661
289.606934 -209.452789 2.10949993
289.656769 -209.566696 2.28773332
289.621094 -209.515747 2.4774251
289.62796 -209.472656 2.70499992
289.614441 -209.528275 2.89766669
289.6297 -209.581848 3.09399986
289.64505 -209.473511 3.61105013
289.61496 -209.315857 1.07159996
289.622803 -209.338593 1.37940001
289.627106 -209.379898 1.69649994
289.616028 -209.380554 2.06034994
289.600494 -209.311707 2.30949998
289.666351 -209.108704 3.72845006
289.704895 -209.069305 3.8527
289.697205 -208.826004 3.68519998
289.707062 -208.939362 3.87610006
289.696106 -208.833099 4.14319992
289.763611 -208.662628 3.85072494
289.737701 -208.794052 4.32060003
289.680237 -208.642899 4.47235012
289.686096 -208.511505 3.87523341
289.740479 -208.539429 4.07546663
289.659485 -208.525101 4.34609985
289.672424 -208.470169 4.51663351
289.679108 -208.230698 4.0941
289.66391 -208.212402 4.39970016
289.693298 -208.006607 3.98889995
289.683075 -208.10144 4.04970026
289.69809 -208.113007 4.37529993
289.666321 -207.915253 4.09445
289.603302 -207.950699 4.28480005
289.68399 -207.608994 3.99600005
289.719208 -207.768204 4.1559
289.739807 -207.661804 4.26539993
289.699585 -207.582092 4.08764982
289.669891 -207.338501 4.13189983
289.604614 -207.097794 4.17490005
289.750305 -206.761703 5.14440012
289.653595 -206.671295 5.24440002
289.750397 -206.473694 4.97289991
289.663574 -206.467072 5.16550016
289.665253 -206.495483 5.28941679
289.700836 -206.307617 5.09708595
289.645142 -206.364838 5.24750042
289.603912 -206.110794 4.25029993
289.735229 -206.106354 4.94715023
289.790802 -206.174194 5.00400019
289.606201 -205.871002 4.73250008
289.617493 -205.261703 4.70699978
289.689636 -204.549744 5.70300007
289.62619 -201.911407 4.59259987
289.617493 -201.809494 4.66790009
289.676117 -201.928497 4.93900013
289.622589 -201.842407 5.05140018
289.774597 -201.937897 7.25209999
289.621307 -201.784607 4.78569984
289.699707 -201.773605 5.01690006
289.649689 -201.752396 9.1260004
289.772705 -201.440994 4.7645998
289.652008 -201.471893 5.08199978
289.676331 -201.498795 10.1273003
289.684387 -201.399399 5.19750023
289.684906 -201.307892 10.0760994
289.78009 -201.017197 4.80299997
289.601105 -201.133102 9.50020027
289.617188 -201.094299 9.78950024
289.692078 -201.088348 9.9300499
289.716705 -200.966156 4.88660002
289.726044 -200.964142 9.8172493
289.791412 -200.356903 8.04249954
289.657898 -200.156006 4.69680023
289.609802 -200.095505 8.33950043
289.920593 -219.862396 0.888499975
289.877075 -219.655533 0.887033343
289.900604 -219.506226 0.920400023
289.875 -219.323151 0.890450001
289.960907 -218.865097 0.890299976
289.903381 -218.655792 0.892449975
289.945312 -218.507843 0.902733326
289.833496 -218.419693 5.17159986
289.81311 -218.480957 5.49515009
289.900452 -218.316299 0.899500012
289.934265 -218.295807 5.30774975
289.920471 -218.339493 5.48251677
289.931702 -218.120697 0.903299987
289.871979 -218.064804 5.50370026
289.974609 -218.157806 5.62160015
289.86731 -217.846497 0.924366653
289.917236 -217.902267 5.52775002
289.928162 -217.910156 5.73570013
289.884888 -217.692001 0.917266667
289.927368 -217.668304 5.35263348
289.855652 -217.735229 5.49413347
289.985901 -217.722504 5.70289993
289.946808 -217.650894 5.94969988
289.984009 -217.630005 6.3901
289.9039 -217.610901 6.42180014
289.872894 -217.450699 0.921999991
289.939789 -217.485397 5.22389984
289.891907 -217.492599 5.51499987
289.927795 -217.529205 5.64239979
289.883301 -217.447098 6.36450005
289.82431 -217.336395 4.86880016
289.96991 -217.380997 5.16359997
289.835297 -217.368607 5.3657999
289.988007 -217.288406 5.40929985
289.977905 -217.393707 5.78779984
289.988098 -217.362198 5.85680008
289.954712 -217.315903 6.34019995
289.879211 -217.048294 0.925800025
289.969299 -217.001999 4.6637001
289.921997 -217.098404 4.95769978
289.852295 -217.016693 5.2656002
289.908264 -217.152405 6.29390001
289.927612 -216.859726 0.925533354
289.930237 -216.837524 4.31367493
289.886536 -216.887848 4.51732492
289.938141 -216.931503 4.70704985
289.930695 -216.956802 5.27759981
289.850891 -216.619598 0.926100016
289.95401 -216.730103 4.24980021
289.930511 -216.604095 4.84229994
289.839813 -216.537292 0.944599986
289.966187 -216.423706 3.27550006
289.853485 -216.402405 3.80949998
289.903992 -216.581604 4.35820007
289.951965 -216.472443 4.4756999
289.871094 -216.311996 0.923799992
289.879456 -216.292542 3.12605
289.970703 -216.303055 3.31816006
289.938904 -216.265152 3.50165009
289.949707 -216.275604 3.70506668
289.891357 -216.298477 3.92395711
289.940033 -216.225967 4.08190012
289.978394 -216.220795 4.40869999
289.945404 -216.313538 4.65784979
289.856415 -216.227997 5.6486001
289.94574 -216.271744 8.36159992
289.88031 -216.077896 0.916999996
289.930908 -216.115997 3.17810011
289.937775 -216.144989 3.30135012
289.913086 -216.165894 4.10599995
289.843597 -216.128403 4.86229992
289.9664 -216.188202 5.35620022
289.843689 -216.162598 5.59509993
289.980896 -216.190399 5.66160011
289.896667 -216.076431 7.68963337
289.97879 -216.135696 8.50749969
289.83429 -215.869095 6.54320002
289.899506 -215.963593 7.52349997
289.876282 -215.929596 7.70036697
289.905151 -215.705811 0.896450043
289.882202 -215.746597 6.48210001
289.963898 -215.721207 7.77890015
289.914093 -215.6306 10.4761
289.807404 -215.584198 4.77460003
289.985809 -215.421204 6.83860016
289.914093 -215.480865 10.4484997
289.806885 -215.3965 0.895799994
289.864502 -215.277832 4.7177
289.922607 -215.338593 4.80884981
289.872437 -215.243149 5.51370001
289.834991 -215.269196 6.65999985
289.98349 -215.252701 6.94939995
289.808685 -215.231598 7.57889986
289.971802 -215.240494 9.20030022
289.841003 -215.225006 10.1912003
289.945862 -215.296402 10.3071995
289.876404 -215.325394 10.4577999
289.915894 -215.100052 0.910650015
289.940918 -215.043091 4.64785004
289.879395 -215.122192 6.47270012
289.917114 -215.126694 6.92269993
289.804291 -215.0923 7.03219986
289.881409 -215.189102 7.68330002
289.857605 -215.004196 8.6960001
289.882782 -215.103561 8.8606329
289.863037 -215.095032 9.06593323
289.912292 -215.008102 9.94729996
289.963013 -215.080902 10.1089001
289.89151 -215.158707 10.3200998
289.923798 -214.902405 0.886049986
289.926697 -214.823105 4.12750006
289.85614 -214.841492 4.3448
289.980042 -214.851349 4.44339991
289.906158 -214.861694 4.6454668
289.901489 -214.829605 5.17479992
289.915497 -214.946106 5.20790005
289.979706 -214.899994 5.56479979
289.838806 -214.895401 5.66260004
289.8974 -214.84314 6.37300014
289.89679 -214.802795 6.41940022
289.874603 -214.857605 6.73559999
289.808899 -214.993698 6.96220016
289.878693 -214.918304 7.81449986
289.927094 -214.971695 8.98149967
289.967896 -214.810806 9.07999992
289.840912 -214.805801 9.69349957
289.808014 -214.813995 9.93640041
289.873108 -214.917267 10.1167002
289.947601 -214.832794 10.9240999
289.840912 -214.919296 11.0417004
289.954803 -214.602905 3.5861001
289.93869 -214.622192 3.70323324
289.843048 -214.663971 3.88996673
289.878357 -214.712463 4.09185696
289.81601 -214.757706 4.39620018
289.914185 -214.724731 4.54763365
289.937988 -214.739304 4.69320011
289.885895 -214.770401 5.47860003
289.9711 -214.735794 6.49469995
289.990601 -214.668701 7.20480013
289.822601 -214.775894 9.94639969
289.838013 -214.752808 10.0851002
289.865967 -214.509796 0.920899987
289.900208 -214.513199 3.77364993
289.854858 -214.479202 3.86851668
289.937286 -214.571777 4.54317474
289.855011 -214.578293 4.79330015
289.833801 -214.406204 5.59679985
289.973389 -214.537201 6.87440014
289.936798 -214.317093 0.906000018
289.941498 -214.314804 3.65455008
289.972626 -214.319351 3.85927486
289.999512 -214.209 4.07200003
289.900208 -214.361496 4.79629993
289.822815 -214.372742 4.86880016
289.841492 -214.360992 5.00939989
289.977997 -214.370895 5.54080009
289.975098 -214.351807 5.60519981
289.872101 -214.284897 6.59149981
289.801086 -214.259094 8.47290039
289.973602 -214.119293 3.79340005
289.966003 -214.172302 3.87170005
289.896362 -214.130051 6.54874992
289.915894 -214.194794 6.67859983
289.868591 -214.065994 9.85169983
289.851318 -213.84845 0.923300028
289.861603 -213.831299 5.29349995
289.942078 -213.863251 5.46670008
289.897614 -213.943298 8.25290012
289.854523 -213.900497 9.71049976
289.913483 -213.963837 9.90689945
289.956512 -213.813995 10.0348997
289.961212 -213.710098 0.921199977
289.924377 -213.674561 5.33393335
289.82843 -213.684052 5.48460007
289.813385 -213.733398 8.2723999
289.911713 -213.776703 9.59700012
289.884583 -213.742706 9.68540001
289.833099 -213.744003 9.80679989
289.911102 -213.470703 0.927850008
289.805786 -213.553497 5.49170017
289.987305 -213.494904 10.1157999
289.873322 -213.305725 0.920766652
289.893799 -213.390594 5.44850016
289.965698 -213.353149 7.16109991
289.9888 -213.237 7.23180008
289.843872 -213.132996 0.922299981
289.868805 -213.122406 7.04470015
289.925201 -213.145096 10.1705999
289.916901 -213.079697 10.2339001
289.803986 -212.833694 0.944800019
289.815887 -212.943497 1.02219999
289.9216 -212.945404 10.1627998
289.904388 -212.669693 0.964399993
289.932098 -212.6064 7.39629984
289.866852 -212.47995 0.953449965
289.917603 -212.07045 0.993250012
289.988586 -212.087906 2.95790005
289.934204 -211.874405 0.897899985
289.970703 -211.833405 3.6085
289.980103 -211.702896 1.0661
289.938995 -211.626602 2.27600002
289.87146 -211.466049 0.956250012
289.870911 -211.552002 1.02880001
289.92041 -211.593506 3.14599991
289.983887 -211.513397 3.33829999
289.995087 -211.492096 3.4598999
289.958588 -211.209702 0.988099992
289.919189 -211.25 1.07519996
289.980804 -211.221207 1.57210004
289.973206 -211.286804 2.38730001
289.986816 -211.299622 3.27382517
289.923065 -211.275406 3.43917513
289.850311 -211.005005 0.981299996
289.881104 -211.044296 1.01339996
289.996399 -211.084 1.55599999
289.96521 -211.138397 2.02320004
289.976105 -211.060699 2.66849995
289.997498 -211.088394 2.88269997
289.983398 -211.102112 3.13140011
289.930542 -211.081345 3.28952861
289.885498 -211.026733 3.5102334
289.95816 -210.827194 1.12129998
289.968048 -210.823746 1.34450006
289.946991 -210.858795 1.53944993
289.974182 -210.847961 1.69276667
289.948212 -210.929947 1.91140008
289.971252 -210.877335 2.0890801
289.955688 -210.865097 2.29290009
289.966339 -210.8927 2.49466681
289.954407 -210.925354 2.71035004
289.943756 -210.917206 2.88806677
289.933502 -210.887299 3.10206008
289.896667 -210.897446 3.31284285
289.90509 -210.883148 3.46757507
289.943329 -210.691574 1.09282005
289.950806 -210.71315 1.24119997
289.911774 -210.67424 1.49873328
289.950134 -210.704742 1.69270003
289.944092 -210.700134 1.91831994
289.937988 -210.634903 2.06200004
289.945251 -210.683197 2.30513334
289.934113 -210.657562 2.47523332
289.935425 -210.702942 2.71226668
289.907074 -210.692459 2.89759994
289.909698 -210.702545 3.11784005
289.854126 -210.6689 3.26903987
289.86731 -210.678528 3.45875001
289.997803 -210.641693 5.40220022
289.969757 -210.751129 5.66219997
289.869507 -210.479736 0.960699975
289.859039 -210.47229 1.13999999
289.912903 -210.571548 1.31034994
289.886536 -210.481415 1.47440004
289.852539 -210.465469 1.68793333
289.891205 -210.522919 1.87974
289.89447 -210.416595 2.11565018
289.885864 -210.507584 2.27733994
289.924255 -210.497192 2.53925991
289.886475 -210.494537 2.71627498
289.8974 -210.510971 2.91849995
289.882385 -210.496948 3.08057141
289.843018 -210.457336 3.23726678
289.980194 -210.565201 4.5474
289.863892 -210.376694 0.996299982
289.854309 -210.306427 1.100775
289.849243 -210.329742 1.30328333
289.839172 -210.292831 1.50738001
289.857208 -210.309128 1.71302223
289.835754 -210.312302 1.90872502
289.844727 -210.305664 2.04970002
289.874115 -210.229706 2.26173329
289.909363 -210.262558 2.47714996
289.832153 -210.305695 2.66965008
289.821442 -210.289093 2.94435
289.864319 -210.291229 3.05099988
289.883087 -210.371201 3.28800011
289.91803 -210.323853 3.60214996
289.943787 -210.268204 4.36439991
289.93515 -210.264099 4.69103336
289.845184 -210.121246 1.13891995
289.988708 -210.023697 1.21099997
289.838287 -210.131805 1.46710002
289.815308 -210.187744 1.73860002
289.817871 -210.119232 1.90816665
289.833008 -210.121597 2.04340005
289.86969 -210.108429 2.31482506
289.858093 -210.103165 2.48773336
289.828003 -210.164902 2.63509989
289.808502 -210.159897 2.99399996
289.846252 -210.196564 3.23259997
289.850586 -210.003998 3.67389989
289.988403 -210.003998 4.23820019
289.992706 -210.106903 4.61009979
289.955688 -210.033905 4.98519993
289.8974 -210.126007 5.16569996
289.970215 -210.010803 5.23400021
289.805298 -209.866196 1.22029996
289.832306 -209.970795 2.15280008
289.853302 -209.993607 2.3980999
289.85788 -209.934631 2.48123336
289.94281 -209.929703 3.86030006
289.965515 -209.838898 4.51859999
289.837677 -209.8535 4.67210007
289.924744 -209.87883 4.87456656
289.918091 -209.941772 5.05546665
289.951996 -209.915695 5.28509998
289.946472 -209.897308 5.50925016
289.837311 -209.775101 2.46790004
289.830566 -209.778 4.64000034
289.8797 -209.011703 3.79200006
289.924896 -208.839096 3.70900011
289.896393 -208.839493 3.91715002
289.94696 -208.827362 4.03575039
289.934204 -208.844101 4.35659981
289.808899 -208.776001 3.74384999
289.930542 -208.755249 3.93120003
289.923706 -208.692398 4.15420008
289.940552 -208.723541 4.31564999
289.960938 -208.791351 4.52134991
289.80069 -208.664597 4.68179989
289.976807 -208.787598 5.29409981
289.83725 -208.54245 3.95109987
289.87735 -208.523438 4.09146643
289.90506 -208.526505 4.46285009
289.881958 -208.312256 4.00530005
289.821503 -208.350403 4.38399982
289.958008 -208.320206 4.56099987
289.935486 -208.223907 4.65799999
289.862701 -208.022095 4.09849977
289.887695 -207.945496 4.0163002
289.813904 -207.652328 4.09200001
289.884888 -207.707001 4.31409979
289.814087 -207.427902 4.13789988
289.977509 -206.666397 4.82439995
289.846405 -206.434006 4.77850008
289.80481 -206.547546 4.95835018
289.854187 -206.555603 5.05170012
289.924988 -206.285233 4.47431278
289.903137 -206.286636 4.68396664
289.8255 -206.317001 4.95440006
289.871185 -206.322403 5.02250004
289.944763 -206.091827 4.50019979
289.914612 -206.146759 4.72167492
289.900513 -206.079529 4.88143301
289.88559 -206.098099 5.00860023
289.835999 -206.152695 6.21500015
289.980286 -205.9254 4.6631999
289.804199 -205.864105 4.8755002
289.893402 -205.991501 5.01749992
289.963013 -204.605499 5.3657999
289.932709 -204.729904 5.45219994
289.866699 -202.397293 7.02759981
289.818512 -202.299805 7.24429989
289.807312 -202.123901 7.22510004
289.861298 -201.9776 4.75489998
289.843506 -201.882904 6.80249977
289.86261 -201.909088 7.06244993
289.89209 -201.906693 7.35080004
289.837494 -201.683395 4.6243
289.914795 -201.433899 4.59170008
289.877197 -201.593399 4.60220003
289.99231 -201.212204 4.78389978
289.814301 -201.345901 9.97459984
289.889709 -201.330002 10.0478497
289.942413 -201.095505 5.44700003
289.850311 -201.188202 9.31239986
289.822144 -201.081604 9.92745018
290.073547 -219.860855 0.877099991
290.032959 -219.524841 0.926450014
290.161743 -219.278442 0.890249968
290.166534 -219.097092 0.895900011
290.106506 -218.947601 0.905200005
290.08667 -218.696594 0.908349991
290.000397 -218.531097 0.902899981
290.08194 -218.260132 5.34643316
290.133484 -218.269302 5.4406004
290.038513 -218.160706 0.911599994
290.097534 -218.107254 5.49230003
290.020905 -218.155701 5.61539984
290.18631 -217.934402 5.25159979
290.088196 -217.908997 5.55910015
290.190491 -217.833893 5.67080021
290.054901 -217.785599 5.41120005
290.067078 -217.663071 5.68426657
290.028809 -217.440903 0.906000018
290.057892 -217.508194 5.48659992
290.130493 -217.443893 5.76819992
290.142609 -217.412292 5.85249996
290.020508 -217.422195 6.38990021
290.148499 -217.434097 6.43410015
290.034943 -217.313538 0.934033334
290.090912 -217.261307 5.28730011
290.134491 -217.222 5.41580009
290.089935 -217.319351 5.73159981
290.103485 -217.272079 5.86092472
290.104889 -217.353195 6.14989996
290.127991 -217.292953 6.34634972
290.189301 -217.310394 6.55270004
290.087524 -217.030853 0.920549989
290.080353 -217.037598 4.50484991
290.112 -217.113327 5.31616688
290.110046 -217.103195 5.4059
290.174713 -217.140503 5.76310015
290.104401 -217.106903 5.8435998
290.020111 -217.164001 6.18130016
290.192108 -217.014801 9.94540024
290.125 -216.854095 0.897300005
290.075897 -216.856445 4.4744997
290.06781 -216.935501 4.7013998
290.072144 -216.966095 5.26410007
290.145905 -216.916 5.47735023
290.165955 -216.964355 5.74384975
290.168091 -216.985901 5.87069988
290.117798 -216.893372 10.1011333
290.07959 -216.907104 10.2855997
290.101898 -216.997299 10.7137003
290.048492 -216.6436 0.927049994
290.006012 -216.731796 4.16599989
290.160004 -216.711594 4.79139996
290.108795 -216.791107 5.37930012
290.145081 -216.76059 9.90794945
290.125214 -216.701508 10.1693001
290.024506 -216.415405 0.943000019
290.142212 -216.4478 3.2953999
290.021515 -216.556396 4.14729977
290.151367 -216.333954 0.936049998
290.119843 -216.27095 3.33200002
290.058807 -216.293396 3.46659994
290.066986 -216.24968 3.70282006
290.124756 -216.242798 3.89646006
290.11731 -216.252792 4.12340021
290.029541 -216.279846 4.31255007
290.122681 -216.287338 5.29226637
290.1492 -216.277496 5.61819983
290.083099 -216.222107 8.50930023
290.160889 -216.045105 0.931299984
290.110992 -216.081848 2.91140008
290.119263 -216.130173 3.1038332
290.083313 -216.089645 3.24201989
290.046387 -216.112503 3.53579998
290.091431 -216.129044 3.68587995
290.071075 -216.113098 3.89166665
290.113098 -216.153 4.45349979
290.153412 -216.173904 5.73890018
290.096893 -216.106293 7.56029987
290.045807 -216.0065 7.7420001
290.058533 -216.141998 8.31640053
290.111786 -216.029205 8.45049953
290.146912 -216.165405 8.65799999
290.197693 -216.042496 8.84899998
290.033691 -215.990997 0.934499979
290.068451 -215.919968 3.10236669
290.10611 -215.950302 3.26686668
290.040497 -215.989807 3.47029996
290.006805 -215.929306 5.25460005
290.1651 -215.830597 6.40799999
290.016693 -215.811203 6.71190023
290.183502 -215.883804 7.5868001
290.129761 -215.897156 7.62230015
290.154907 -215.860443 8.49430084
290.18219 -215.803207 9.38969994
290.185791 -215.9142 9.76319981
290.118286 -215.642242 0.904100001
290.042969 -215.677399 5.62565041
290.013 -215.754395 6.64709997
290.04599 -215.704498 7.73169994
290.14389 -215.678101 9.34519958
290.159302 -215.713257 9.51079941
290.082001 -215.433899 0.891799986
290.074402 -215.560898 4.7670002
290.049805 -215.4599 4.83930016
290.177307 -215.469299 5.6322999
290.185394 -215.553406 6.69220018
290.124603 -215.589203 9.49059963
290.075592 -215.487961 10.3450003
290.036011 -215.49295 10.4969997
290.09436 -215.314331 0.923524976
290.116608 -215.240494 4.74499989
290.089233 -215.360809 4.87654972
290.072693 -215.316193 5.74520016
290.141602 -215.299805 5.93860006
290.144806 -215.209702 10.0277996
290.136505 -215.385193 10.3303003
290.093597 -215.089005 0.904399991
290.143951 -215.072495 4.76420021
290.198303 -215.197693 4.8362999
290.184692 -215.072205 7.19299984
290.142029 -215.10463 7.32306671
290.045654 -215.117447 10.0285997
290.094543 -214.833801 4.34485006
290.007599 -214.845901 4.54829979
290.084198 -214.947403 6.83209991
290.052002 -214.989899 7.51219988
290.057617 -214.898605 7.67135
290.117004 -214.817505 7.83230019
290.055511 -214.901093 8.86450005
290.058838 -214.900345 9.03114986
290.135315 -214.984695 9.81029987
290.113403 -214.893707 10.0514002
290.132263 -214.939606 10.9464998
290.086304 -214.983902 11.0162001
290.182404 -214.778702 0.917800009
290.091553 -214.628067 3.76119995
290.099396 -214.650894 3.95950007
290.158447 -214.694778 4.09213305
290.116089 -214.682495 4.3166666
290.109711 -214.682907 4.58990002
290.06781 -214.703995 5.11899996
290.071594 -214.734009 5.24515009
290.145905 -214.636795 5.42269993
290.1875 -214.635605 5.60690022
290.051514 -214.680801 7.16169977
290.07019 -214.686005 8.96969986
290.056213 -214.609207 9.27659988
290.134308 -214.707703 9.93365002
290.134827 -214.700302 10.0283499
290.068848 -214.432648 3.64914989
290.047607 -214.598999 3.83360004
290.075897 -214.582596 4.01499987
290.098907 -214.586594 4.5777998
290.179596 -214.514404 4.98029995
290.100159 -214.510895 5.28270006
290.125153 -214.428497 5.51119995
290.182892 -214.236893 0.90140003
290.059753 -214.321838 3.76765013
290.166992 -214.307205 3.89420009
290.036713 -214.361099 4.04879999
290.110657 -214.321259 5.49580002
290.078308 -214.367203 6.92430019
290.132904 -214.377396 9.86439991
290.13269 -214.063797 0.893400013
290.14563 -214.111847 3.76423335
290.116394 -214.007797 3.83419991
290.060181 -214.076675 5.6930666
290.091187 -214.115601 6.60400009
290.014587 -214.088593 9.8987999
290.194305 -214.087204 10.9778004
290.187103 -214.020599 11.0326996
290.168304 -213.895599 0.940699995
290.118256 -213.981689 3.73759985
290.138855 -213.977539 3.88845015
290.009796 -213.804199 5.54430008
290.015015 -213.905807 6.97170019
290.015503 -213.847 9.86970043
290.035004 -213.703857 0.930649996
290.032013 -213.653702 5.39659977
290.047302 -213.700394 5.48909998
290.079987 -213.770706 8.4435997
290.192688 -213.677597 8.93550014
290.0914 -213.718506 9.9864006
290.065186 -213.673904 10.0462999
290.006897 -213.584702 0.916800022
290.159912 -213.458603 6.80420017
290.035797 -213.432602 10.1834002
290.078552 -213.322296 0.91900003
290.155212 -213.273804 6.84529972
290.016296 -213.221695 7.18300009
290.115112 -213.234497 7.27099991
290.179993 -213.243958 8.97335052
290.054596 -213.182007 7.15530014
290.148407 -213.121597 7.33199978
290.098114 -213.024704 8.99820042
290.195099 -213.196503 9.17700005
290.054291 -213.195007 10.1398001
290.1492 -212.891693 0.971549988
290.070587 -212.849899 7.26060009
290.056793 -212.964096 10.3210001
290.097748 -212.685074 0.939599991
290.023895 -212.6409 7.30910015
290.078064 -212.506195 0.932666659
290.19751 -212.411194 3.45289993
290.140259 -212.550842 7.34560013
290.183899 -212.4646 7.46640015
290.188354 -212.226288 3.33214998
290.181427 -212.289795 3.4587667
290.12439 -212.011093 1.33800006
290.175293 -212.104294 1.64409995
290.148743 -212.045685 2.28482509
290.113403 -212.154404 2.96810007
290.173401 -212.059998 3.08909988
290.139923 -212.071228 3.30220008
290.133911 -212.077942 3.40775013
290.101837 -211.871857 1.02709997
290.126373 -211.910004 1.34257495
290.155182 -211.887299 1.50094998
290.12793 -211.846664 1.69235992
290.151154 -211.892273 1.88742495
290.129639 -211.890121 2.11109996
290.143555 -211.881531 2.27108335
290.113312 -211.918701 2.50686002
290.12323 -211.899796 2.71777773
290.111206 -211.878326 2.92309999
290.122437 -211.897293 3.0861001
290.105438 -211.909927 3.32008004
290.107117 -211.874069 3.4622333
290.157013 -211.796295 0.9375
290.102203 -211.709335 1.30939996
290.119446 -211.711273 1.53367996
290.108734 -211.680435 1.73998332
290.118713 -211.755325 1.8767333
290.127686 -211.715225 2.08200002
290.071899 -211.688614 2.27505994
290.103912 -211.740524 2.52331996
290.122437 -211.699188 2.69966674
290.107574 -211.701706 2.86213994
290.093536 -211.712769 3.1013
290.061432 -211.696793 3.30904007
290.056244 -211.738327 3.44326663
290.132202 -211.475632 1.06213331
290.103333 -211.468964 1.32690001
290.13205 -211.526077 1.45510006
290.146912 -211.541595 1.68155003
290.1539 -211.483765 1.93669999
290.110321 -211.520752 2.09649992
290.141907 -211.501617 2.3246572
290.128143 -211.486435 2.48839998
290.154114 -211.497894 2.74580002
290.097778 -211.475098 2.88403749
290.13858 -211.445847 3.10685015
290.076233 -211.479446 3.26664996
290.026093 -211.292603 0.998300016
290.085022 -211.300201 1.14069998
290.109619 -211.255585 1.30077505
290.095306 -211.329605 1.50969994
290.086731 -211.280548 1.70727777
290.098145 -211.356766 1.92840004
290.090698 -211.310074 2.10084295
290.07843 -211.262955 2.34549999
290.108063 -211.246704 2.46269989
290.078796 -211.306854 2.70440006
290.092407 -211.278473 2.93633342
290.107483 -211.28891 3.03832507
290.042755 -211.321671 3.31003332
290.146088 -211.369293 3.57189989
290.145081 -211.265594 4.89669991
290.048248 -211.096222 1.08187509
290.060455 -211.085678 1.316625
290.062958 -211.127075 1.49053335
290.049225 -211.043732 1.72074997
290.054565 -211.178741 1.9052
290.054962 -211.103607 2.11141682
290.060822 -211.11171 2.29322505
290.034698 -211.152267 2.45300007
290.035034 -211.101547 2.69336653
290.047394 -211.154205 2.91113329
290.038452 -211.124451 3.0640502
290.014709 -211.064301 3.2277
290.01181 -211.042206 3.56100011
290.092712 -211.061295 3.61680007
290.138306 -211.051208 4.28100014
290.152802 -211.0755 4.43079996
290.024902 -210.899979 1.10638332
290.018677 -210.907593 1.26399994
290.009552 -210.885849 1.53415
290.040649 -210.941345 1.70424998
290.025208 -210.87265 1.94234991
290.009308 -210.889206 2.04460001
290.021393 -210.983307 2.24780011
290.021271 -210.903687 2.51755714
290.056488 -210.919296 2.7198
290.01181 -210.998306 2.92810011
290.044189 -210.887894 3.64610004
290.166412 -210.918198 4.7256999
290.01651 -210.828293 5.63999987
290.035828 -210.770996 1.08095002
290.038513 -210.776001 1.21099997
290.178986 -210.617798 3.94700003
290.19104 -210.721848 4.78065014
290.155457 -210.668503 4.84859991
290.122894 -210.715698 5.0019002
290.117432 -210.667725 5.2942667
290.078247 -210.705048 5.50702
290.118042 -210.749237 5.75419998
290.108185 -210.745499 5.85790014
290.008606 -210.442993 4.13850021
290.100616 -210.526031 4.54660034
290.163605 -210.571198 4.9131999
290.035095 -210.4729 5.18170023
290.10672 -210.511932 5.26208019
290.106506 -210.531006 5.5717001
290.002106 -210.242401 2.55029988
290.189789 -210.225494 4.13549995
290.067291 -210.249802 4.35150003
290.053192 -210.292801 5.09350014
290.133972 -210.276794 5.24464989
290.122192 -210.31015 5.47140026
290.012695 -210.029007 1.18069994
290.053101 -210.020905 1.26515007
290.136353 -210.176895 4.14206648
290.101349 -210.047699 4.27575016
290.15451 -210.102295 4.98659992
290.016602 -210.016205 5.26989985
290.078003 -209.985001 1.17680001
290.067596 -209.959198 1.32879996
290.109863 -209.92897 3.90397501
290.165527 -209.889542 4.1208334
290.129333 -209.832489 4.30430031
290.102814 -209.926239 4.47756672
290.053314 -209.841095 4.78490019
290.086792 -209.932083 4.93464994
290.090515 -209.93602 5.08500004
290.083191 -209.90097 5.31796646
290.039795 -209.906006 5.61730003
290.124359 -209.726395 4.3125
290.059601 -209.753372 4.46386671
290.049438 -208.947556 4.10169983
290.087463 -208.887543 4.25083351
290.187592 -208.826202 4.5152998
290.057129 -208.766357 4.15054989
290.028412 -208.795395 4.21670008
290.055298 -208.723801 4.53620005
290.185089 -208.782501 4.72539997
290.160706 -208.71817 5.14553356
290.01001 -208.649094 5.28989983
290.009094 -208.492493 4.54489994
290.084106 -208.095901 4.16169977
290.104187 -208.090469 4.50600004
290.176086 -208.086304 4.61159992
290.092529 -207.847687 4.46644974
290.172699 -207.769745 4.49969959
290.180664 -206.813446 6.13824987
290.18869 -206.901093 6.27549982
290.072998 -206.493256 4.72207499
290.197296 -206.257904 4.51940012
290.05481 -206.344604 4.7342
290.017303 -206.300995 6.28910017
290.103394 -206.111298 4.30754995
290.123749 -206.066345 4.45120001
290.094727 -206.042236 4.7470336
290.09082 -206.021698 4.84189987
290.008789 -206.135101 5.01779985
290.03009 -206.108505 6.08970022
290.115662 -205.925995 4.51965046
290.091705 -205.916443 4.69929981
290.022095 -205.752899 4.17649984
290.020508 -202.236496 7.06739998
290.122864 -201.893646 6.90925026
290.014496 -201.797501 7.17850018
290.005402 -201.250793 5.42700005
290.064758 -201.137543 5.46850014
290.048706 -201.0811 9.77009964
290.178406 -201.111389 9.91900063
290.064301 -200.404099 8.95600033
290.037811 -200.096802 8.99300003
290.120087 -200.110397 9.78279972
290.284729 -219.505005 0.888366699
290.248291 -219.217194 0.905399978
290.326904 -219.044647 0.905050039
290.35321 -218.891602 0.873199999
290.384888 -218.496597 0.899299979
290.36615 -218.348969 0.888733327
290.363708 -218.344604 4.97359991
290.232147 -218.345154 5.45319986
290.32959 -218.107239 0.902159989
290.344788 -218.006393 4.98309994
290.296112 -218.069061 5.27544975
290.355988 -218.0345 5.59019995
290.301392 -217.829803 0.889500022
290.343903 -217.919601 4.92385006
290.359009 -217.918198 5.10200024
290.339996 -217.980698 5.24090004
290.226013 -217.964706 5.55840015
290.373108 -217.804001 10.5854998
290.322266 -217.882065 10.8421335
290.30658 -217.681503 0.916499972
290.3078 -217.754501 5.32200003
290.245697 -217.687393 5.75080013
290.207397 -217.7276 10.8188
290.328796 -217.500198 5.27810001
290.2388 -217.554703 5.55480003
290.388397 -217.566498 5.7585001
290.235687 -217.548492 5.82229996
290.265259 -217.31514 0.925633371
290.390106 -217.228104 4.28170013
290.278503 -217.339401 5.30569983
290.2612 -217.395096 5.77810001
290.390198 -217.287598 5.87849998
290.309021 -217.294373 6.49090004
290.383911 -217.354507 10.8302002
290.283264 -217.097 5.32226658
290.215302 -217.047302 5.54279995
290.255005 -217.185501 5.77610016
290.251404 -217.150253 5.8770504
290.330994 -217.084793 6.11539984
290.288208 -217.177185 6.33820009
290.351501 -217.175797 6.43599987
290.272614 -217.070602 10.1898003
290.23291 -217.198395 10.8291998
290.381897 -216.898697 0.904699981
290.360382 -216.932434 4.69756651
290.358246 -216.918549 4.81389999
290.281403 -216.902206 5.21390009
290.37381 -216.863495 5.61049986
290.284912 -216.959503 5.88004971
290.291626 -216.859009 10.1250992
290.362854 -216.885895 10.2629004
290.357208 -216.848511 10.5053005
290.364502 -216.743393 4.7894001
290.311188 -216.772293 5.20230007
290.325806 -216.705902 5.81829977
290.310059 -216.701385 10.1131496
290.370178 -216.479294 0.909966648
290.234985 -216.534393 5.1111002
290.300781 -216.559799 10.1540499
290.346252 -216.461365 10.2454996
290.310486 -216.320999 0.922349989
290.305603 -216.253998 5.37045002
290.249512 -216.3284 5.43240023
290.277069 -216.36113 10.1586332
290.267365 -216.105042 0.911599994
290.203003 -216.000595 1.02250004
290.211731 -216.117004 3.82840014
290.380005 -216.192093 6.33949995
290.378601 -216.086197 6.7743001
290.276489 -216.075302 6.80410004
290.216797 -216.006393 8.4289999
290.28833 -216.054306 8.75103283
290.273163 -216.053131 8.90759945
290.391998 -216.087799 9.92870045
290.240784 -215.831696 0.912649989
290.306 -215.947205 5.38320017
290.358307 -215.886002 5.59049988
290.3078 -215.965302 7.74900007
290.265106 -215.9599 8.58930016
290.295441 -215.959351 8.67945004
290.324341 -215.952637 9.05073357
290.287872 -215.895401 9.30903339
290.28595 -215.910156 9.48149967
290.263397 -215.871094 10.0068998
290.367493 -215.732803 0.933300018
290.231201 -215.644806 4.97149992
290.366241 -215.670471 5.13303328
290.206696 -215.641907 7.54969978
290.349976 -215.67305 8.8906498
290.225403 -215.745895 9.31599998
290.263977 -215.691406 9.53485012
290.235901 -215.637497 9.64789963
290.346405 -215.583405 0.900099993
290.343903 -215.566605 4.87090015
290.247986 -215.502594 7.51009989
290.350494 -215.520996 8.48040009
290.26709 -215.563904 9.63230038
290.336243 -215.374924 4.90283346
290.264038 -215.2798 6.49915028
290.292297 -215.280106 7.51249981
290.277405 -215.266098 10.3043003
290.20401 -215.195496 0.889999986
290.293152 -215.082306 4.85424995
290.231201 -215.072098 7.27920008
290.24469 -215.167603 9.96329975
290.281311 -215.091003 10.0402002
290.236908 -215.045593 10.8073997
290.293396 -214.89566 0.918866634
290.205902 -214.852402 4.22840023
290.226288 -214.847198 4.42869997
290.30661 -214.920395 4.82320023
290.315796 -214.875793 6.03009987
290.246887 -214.950409 6.32934999
290.235107 -214.805496 7.65959978
290.281494 -214.932404 10.2300997
290.345001 -214.857803 11.1261997
290.262329 -214.704559 0.911333323
290.246887 -214.7155 4.34280014
290.255615 -214.773804 5.72160006
290.357605 -214.704895 7.66960001
290.25061 -214.632095 9.76599979
290.223206 -214.703995 9.97929955
290.246033 -214.674438 10.0901499
290.262299 -214.655502 10.2353001
290.290009 -214.5186 0.898299992
290.245972 -214.441742 5.37930012
290.228912 -214.5634 5.44080019
290.37851 -214.567703 5.67159986
290.347992 -214.490997 6.33820009
290.321198 -214.517197 8.35239983
290.320709 -214.596405 9.69239998
290.21698 -214.504501 9.85605049
290.260437 -214.575256 10.1167507
290.303558 -214.301849 0.904600024
290.210205 -214.270798 3.5309
290.283569 -214.33725 3.74604988
290.217712 -214.300537 3.87594986
290.313812 -214.238907 5.25439978
290.267303 -214.208603 7.04220009
290.312897 -214.287598 9.78579998
290.30365 -214.269501 9.84535027
290.376099 -214.232407 10.9590998
290.222198 -214.150406 0.907599986
290.251495 -214.12796 3.7149334
290.269714 -214.033035 3.8296001
290.330902 -214.190598 6.95179987
290.296936 -214.033295 8.89310074
290.367767 -214.07106 10.9369669
290.284637 -213.958801 3.65676665
290.306091 -213.925201 3.86960006
290.30011 -213.886597 8.81410027
290.394806 -213.9702 9.74110031
290.317902 -213.854645 9.87624931
290.389191 -213.904099 10.8816004
290.303589 -213.766129 0.933433354
290.254913 -213.7966 5.62290001
290.394897 -213.652893 7.66410017
290.3909 -213.682495 8.0291996
290.279907 -213.657806 8.94042492
290.272705 -213.652893 9.02280045
290.293335 -213.690399 9.77203369
290.317017 -213.67981 9.91040039
290.258179 -213.747711 10.0381498
290.364288 -213.682205 11.0480003
290.304443 -213.579102 0.929800034
290.204987 -213.474701 5.6552
290.201111 -213.516693 6.61509991
290.338837 -213.499512 7.0760498
290.352661 -213.507446 8.91730022
290.234863 -213.506302 9.05490017
290.218109 -213.485992 9.54199982
290.379303 -213.585495 9.96430016
290.283264 -213.466248 10.11975
290.306854 -213.291656 6.63175011
290.322296 -213.287003 6.85290003
290.293274 -213.369949 7.08129978
290.39859 -213.392105 8.78660011
290.285278 -213.347794 8.9209671
290.241241 -213.3367 9.03530025
290.351501 -213.056503 0.948449969
290.394196 -213.062195 3.27620006
290.302917 -213.18425 6.93359995
290.214386 -213.097107 7.30070019
290.274292 -213.002701 7.59420013
290.231689 -213.115555 9.04949951
290.312286 -213.062805 10.0942001
290.233887 -212.804901 0.95480001
290.37381 -212.852097 1.78970003
290.388397 -212.934906 1.90820003
290.349518 -212.869385 3.34200001
290.3508 -212.891495 7.25330019
290.282806 -212.982101 8.90890026
290.205505 -212.720505 0.947000027
290.360901 -212.710907 1.01820004
290.395996 -212.710297 1.67729998
290.362793 -212.633408 2.27870011
290.355347 -212.624542 2.46530008
290.348785 -212.644806 2.63989997
290.377411 -212.684097 3.13689995
290.353119 -212.721375 3.31586671
290.326904 -212.65593 3.49216676
290.391113 -212.677704 5.50930023
290.37323 -212.751343 5.63140011
290.286011 -212.684402 7.30123329
290.349915 -212.470306 0.97755003
290.298004 -212.457108 1.07229996
290.39621 -212.489304 1.31819999
290.330292 -212.568497 1.40419996
290.357239 -212.535492 1.65369999
290.384766 -212.506561 1.87899995
290.391754 -212.446045 2.12440014
290.380646 -212.513489 2.29760003
290.379089 -212.508301 2.40269995
290.35614 -212.511002 2.61829996
290.395691 -212.431702 2.96519995
290.380676 -212.544708 3.08265018
290.303406 -212.487061 3.33375001
290.332825 -212.52713 3.44167495
290.363098 -212.476807 5.32189989
290.276154 -212.471573 7.47183323
290.380676 -212.344604 1.10330009
290.347107 -212.308563 1.32597506
290.360748 -212.249832 1.42756665
290.334991 -212.272461 1.71710002
290.351013 -212.258682 1.90196002
290.354736 -212.273651 2.11259985
290.39032 -212.327774 2.30296683
290.341278 -212.277939 2.51022005
290.363678 -212.3237 2.70702004
290.354492 -212.324799 2.87214994
290.345428 -212.302826 3.09841442
290.225555 -212.303177 3.29227495
290.253418 -212.300797 3.46430016
290.261597 -212.321198 7.34859991
290.3638 -212.1745 0.997399986
290.311951 -212.117111 1.05666661
290.290924 -212.104462 1.28100002
290.268494 -212.078415 1.48960006
290.302948 -212.100067 1.7301333
290.307922 -212.099854 1.89190006
290.329803 -212.1026 2.05975008
290.274628 -212.124603 2.27333999
290.323608 -212.107651 2.49674988
290.294647 -212.103622 2.65719986
290.27829 -212.14653 2.88910007
290.304504 -212.095734 3.1178
290.243683 -212.10434 3.25530005
290.243805 -212.070557 3.4779501
290.227692 -211.923904 1.18799996
290.240601 -211.9608 1.50399995
290.228851 -211.9487 1.66515005
290.230713 -211.984406 1.85389996
290.246796 -211.851807 2.31940007
290.234314 -211.948303 2.59610009
290.267059 -211.95871 2.8829
290.229858 -211.911301 3.08085012
290.292114 -211.991394 3.58150005
290.204987 -211.683807 1.09119999
290.200897 -211.600693 3.05739999
290.216187 -211.773193 3.57380009
290.359009 -211.658798 4.77890015
290.350128 -211.673355 4.91027975
290.359436 -211.703857 5.07625008
290.306702 -211.725601 5.20389986
290.2229 -211.503494 1.15999997
290.202393 -211.496597 1.26610005
290.208893 -211.529694 1.62759995
290.204498 -211.534698 1.87189996
290.345795 -211.483398 3.69700003
290.210785 -211.419998 3.88700008
290.371796 -211.493607 4.19220018
290.392883 -211.500763 4.31659985
290.369781 -211.519028 4.72006655
290.308929 -211.477463 4.89896679
290.218903 -211.470596 5.12220001
290.395294 -211.363998 4.00229979
290.35434 -211.322372 4.35430002
290.28949 -211.231689 4.54300022
290.301788 -211.312698 4.74889994
290.305725 -211.281891 4.89764977
290.262085 -211.318634 5.07424021
290.337311 -211.203003 5.64949989
290.318909 -211.255554 5.89650011
290.307129 -211.289505 6.13000011
290.356995 -211.384506 6.22989988
290.216003 -211.105698 3.77020001
290.364197 -211.044846 3.95275021
290.298157 -211.097946 4.04930019
290.283264 -211.131958 4.43605042
290.343781 -211.137039 4.70521975
290.313904 -211.148468 4.82996655
290.382904 -211.102005 5.11119986
290.278259 -211.099106 5.69885015
290.330811 -211.09198 6.08104992
290.357697 -211.104294 6.40719986
290.295685 -210.888504 3.89702511
290.318512 -210.826294 4.02950001
290.329712 -210.969833 4.27786684
290.3526 -210.890503 4.42080021
290.3526 -210.825806 4.70970011
290.209015 -210.810501 4.88609982
290.335907 -210.870361 5.60130024
290.382935 -210.943298 5.89564991
290.244293 -210.723801 3.94840002
290.352203 -210.680099 4.07005024
290.278412 -210.607605 4.26809978
290.200012 -210.669296 4.45959997
290.234192 -210.603104 4.78289986
290.226013 -210.623993 4.88520002
290.282104 -210.645935 5.12711668
290.258301 -210.665894 5.28843355
290.235291 -210.760193 5.45839977
290.238953 -210.668243 5.67035007
290.254395 -210.4263 4.00839996
290.263245 -210.503403 4.38565016
290.311676 -210.494293 4.52462482
290.321198 -210.540039 4.73363352
290.323181 -210.523712 4.91638327
290.287201 -210.556931 5.10352516
290.256256 -210.490738 5.26805973
290.259399 -210.541306 5.62820005
290.239594 -210.204407 3.98320007
290.315704 -210.312408 4.32155037
290.355957 -210.314026 4.4770999
290.319397 -210.337799 4.72149992
290.302368 -210.333603 4.91610003
290.349487 -210.377701 5.14540005
290.330994 -210.332108 5.23169994
290.321014 -210.3629 5.58830023
290.385986 -210.131302 3.93790007
290.310364 -210.135971 4.08941698
290.341492 -210.108902 4.25019979
290.231415 -210.000793 4.5848999
290.293915 -210.080307 4.71899986
290.203003 -210.102203 4.81739998
290.323486 -210.05246 5.06599998
290.283173 -209.903809 4.0883503
290.260498 -209.936798 4.30620003
290.29303 -209.856842 4.94705009
290.233612 -209.893021 5.140975
290.208313 -209.886444 5.23594999
290.351593 -209.693405 3.80489993
290.318909 -209.720779 4.10449982
290.276917 -209.70256 4.28616667
290.249695 -209.782104 5.14480019
290.333191 -209.715302 5.3835001
290.221893 -209.786407 5.42210007
290.2677 -209.502197 3.95409989
290.382874 -209.533661 4.04879999
290.310181 -209.554932 4.2553997
290.324829 -209.544403 4.41625023
290.346802 -209.391495 4.09940004
290.374084 -209.346802 4.28294992
290.395508 -209.231293 4.41209984
290.358612 -209.242859 6.08909988
290.392914 -209.193298 4.24289989
290.254913 -208.695297 3.95910001
290.201813 -208.718094 4.58059978
290.368103 -208.647903 4.66699982
290.298492 -208.672455 4.89974976
290.203094 -208.667999 5.06669998
290.208099 -208.637299 5.27279997
290.329987 -208.415298 4.60410023
290.201904 -208.578598 5.19329977
290.352356 -208.351746 4.64490032
290.291107 -208.125595 4.35020018
290.229797 -208.130005 4.45870018
290.279602 -207.813095 4.52769995
290.32901 -207.191498 6.39820004
290.265686 -207.046799 6.40040016
290.309601 -206.957001 6.32250023
290.281006 -206.775604 6.14559984
290.332794 -206.513107 5.71509981
290.343597 -206.559494 6.05999994
290.225098 -206.2258 4.34369993
290.202393 -206.395294 6.04250002
290.252502 -205.940094 4.50629997
290.289612 -205.759094 5.00939989
290.285492 -201.207794 5.37260008
290.263397 -200.891403 5.69220018
290.354614 -200.601807 5.8421998
290.37323 -200.457397 5.10035038
290.204315 -200.453796 8.98849964
290.317505 -200.280594 5.03779984
290.273895 -200.251297 6.21290016
290.507812 -219.940857 0.881500006
290.467773 -219.681351 0.879649997
290.474609 -219.396698 0.890799999
290.517395 -219.014603 0.8829
290.524506 -218.917603 0.946799994
290.504883 -218.703629 0.889133334
290.519806 -218.595703 0.909699976
290.439301 -218.212799 0.886799991
290.489594 -218.368607 4.70090008
290.464081 -218.233673 4.94446659
290.502594 -218.266907 5.24749994
290.512604 -218.064804 0.908200026
290.56189 -218.121674 5.06239986
290.527405 -217.840195 0.901499987
290.432007 -217.800003 5.16480017
290.554993 -217.809799 5.25939989
290.531189 -217.970703 10.8689003
290.453705 -217.729095 0.881799996
290.466858 -217.789352 5.10795021
290.464691 -217.616394 5.3130002
290.537415 -217.715393 10.3811998
290.567322 -217.665314 10.5648499
290.505615 -217.652451 10.6662502
290.554291 -217.603607 10.8697004
290.521393 -217.545303 5.37669992
290.555786 -217.465393 5.454
290.534912 -217.500397 10.4383001
290.558105 -217.547195 10.6534996
290.499847 -217.522644 10.8469505
290.458008 -217.388596 0.896300018
290.458923 -217.225998 5.93159962
290.509308 -217.269501 6.31710005
290.474731 -217.296387 6.46280003
290.548004 -217.2146 10.8505001
290.513 -217.068527 0.911674976
290.495178 -217.026871 4.33016634
290.514343 -217.103302 4.50154972
290.545502 -217.171448 4.70370007
290.548309 -217.083694 4.90019989
290.546814 -217.121094 5.25559998
290.520752 -217.087296 5.45625019
290.501801 -217.059692 5.89279985
290.468811 -217.1763 6.40759993
290.524597 -217.018295 10.7559004
290.542389 -217.113998 10.8142004
290.481812 -216.859299 0.912699997
290.5961 -216.968002 4.35349989
290.537903 -216.810394 4.58010006
290.498108 -216.990601 4.78079987
290.429993 -216.906204 4.95849991
290.553192 -216.972305 5.00330019
290.598297 -216.973297 5.36910009
290.439392 -216.940308 5.55830002
290.500153 -216.876404 10.5288
290.523315 -216.955154 10.6248493
290.47049 -216.729965 0.899366677
290.473389 -216.657501 3.91070008
290.546265 -216.629242 4.06780005
290.459473 -216.688309 4.28186655
290.508514 -216.602097 4.98579979
290.422424 -216.748901 5.51964998
290.553314 -216.735107 5.72590017
290.474152 -216.7742 9.94280052
290.479919 -216.683197 10.2752752
290.533997 -216.728439 10.4852667
290.473389 -216.557404 0.926999986
290.510712 -216.58606 3.98335004
290.460205 -216.539398 4.1578002
290.517212 -216.450699 4.25990009
290.547913 -216.446304 4.65859985
290.408905 -216.504593 5.27939987
290.450714 -216.519501 6.29129982
290.478912 -216.445618 10.1167002
290.482452 -216.497223 10.26266
290.547729 -216.562347 10.4129
290.460754 -216.234238 0.916999996
290.510254 -216.335114 4.52820015
290.474213 -216.243805 5.96390009
290.457794 -216.3591 9.21510029
290.475586 -216.265106 9.75854969
290.520508 -216.300507 9.99199963
290.482391 -216.326202 10.1179199
290.481201 -216.084702 5.47200012
290.492889 -216.106094 7.22300005
290.437012 -216.023895 7.69250011
290.436981 -216.051498 8.84693336
290.547089 -216.087906 9.02429962
290.426086 -216.061295 9.22360039
290.500488 -216.085678 9.51865005
290.487518 -216.094559 9.91106701
290.546295 -216.063492 10.0482664
290.427094 -215.965897 0.912699997
290.589294 -215.8647 5.31400013
290.445404 -215.870102 6.19290018
290.465149 -215.935364 6.9229002
290.513092 -215.9655 7.04360008
290.4505 -215.883606 7.53310013
290.418518 -215.889694 9.28660011
290.462952 -215.919952 9.47710037
290.410492 -215.846405 9.7191
290.591095 -215.914093 9.97420025
290.499695 -215.734955 0.913650036
290.432007 -215.619095 4.98699999
290.531311 -215.661804 8.56105042
290.522095 -215.666306 8.61909962
290.511658 -215.790848 8.8906002
290.483307 -215.451797 0.911499977
290.434204 -215.402893 4.99139977
290.509827 -215.515564 5.02169991
290.432892 -215.412506 7.54650021
290.450012 -215.435806 8.90260029
290.509552 -215.322525 0.935599983
290.51001 -215.342102 4.93910027
290.550995 -215.362198 6.61530018
290.492065 -215.097855 0.912549973
290.435303 -215.096497 4.76429987
290.494659 -215.076843 4.89230013
290.468414 -215.184006 8.72999954
290.490112 -215.104202 10.5417995
290.459595 -215.077896 10.9313002
290.52356 -214.892899 0.888400018
290.516724 -214.885269 4.75112867
290.492615 -214.949127 4.85199976
290.598907 -214.8246 5.69829988
290.590912 -214.923996 6.22860003
290.599213 -214.862503 9.89109993
290.433411 -214.615005 5.64870024
290.52774 -214.663391 5.8600502
290.480774 -214.678894 6.33720016
290.493591 -214.627396 7.04799986
290.559387 -214.723206 7.93079996
290.532013 -214.729996 9.04950047
290.486145 -214.636993 9.71679974
290.598999 -214.782593 10.4674997
290.598114 -214.501907 0.913200021
290.401794 -214.5383 7.67770004
290.535889 -214.574249 9.59514999
290.520081 -214.48941 9.76009941
290.582703 -214.289703 0.92750001
290.497314 -214.229401 3.64564991
290.470398 -214.337799 6.23929977
290.44751 -214.253799 6.53590012
290.576813 -214.3479 9.72729969
290.434906 -214.149399 3.66639996
290.434387 -214.094498 6.49459982
290.493408 -214.157104 6.93989992
290.509796 -214.096695 9.82069969
290.593597 -214.102005 10.7526999
290.587494 -213.882507 3.42939997
290.478912 -213.806503 6.84590006
290.564301 -213.8255 8.47560024
290.554413 -213.876907 8.97770023
290.557007 -213.951706 9.07390022
290.553101 -213.988403 9.68929958
290.450409 -213.809799 9.88910007
290.587708 -213.630493 1.76209998
290.576721 -213.731857 3.32870007
290.554993 -213.705811 3.42584991
290.574005 -213.725494 7.34880018
290.431854 -213.700546 7.75389957
290.407715 -213.754807 7.90229988
290.515259 -213.634094 8.1201992
290.53421 -213.646805 8.35569954
290.508087 -213.648605 9.06659985
290.485809 -213.630051 9.68984985
290.482391 -213.726196 9.89369965
290.48764 -213.634705 10.0807495
290.55011 -213.463196 1.24779999
290.506744 -213.481598 3.32292509
290.504639 -213.535553 8.33275032
290.420105 -213.507904 8.40690041
290.418762 -213.42691 8.90794945
290.586792 -213.513596 9.51360035
290.401794 -213.548096 9.73729992
290.44931 -213.406097 9.80109978
290.487915 -213.414001 10.1257
290.52951 -213.375305 0.947149992
290.59079 -213.242401 1.09210002
290.54425 -213.306793 1.31005001
290.585114 -213.292145 1.88804996
290.497375 -213.297348 2.70350003
290.591309 -213.274353 2.91764998
290.560486 -213.224197 3.03399992
290.5047 -213.31575 3.31058335
290.445923 -213.290024 3.46679997
290.588104 -213.250107 4.79920006
290.598511 -213.256302 7.55639982
290.522552 -213.264709 7.69899988
290.569092 -213.272995 8.74009991
290.424591 -213.325699 8.80000019
290.514496 -213.396698 9.63469982
290.457611 -213.030502 0.923600018
290.502014 -213.086243 1.01600003
290.558655 -213.104492 1.33955002
290.584991 -213.036102 1.45159996
290.561707 -213.071335 1.75230002
290.546997 -213.010406 1.90069997
290.572205 -213.103607 2.05809999
290.536377 -213.073074 2.32063341
290.588989 -213.115906 2.58739996
290.558899 -213.073761 2.6175499
290.56424 -213.045197 2.90386677
290.505188 -213.082047 3.09342504
290.488617 -213.15062 3.29982495
290.439331 -213.096451 3.46245003
290.532593 -213.040894 7.05840015
290.565399 -213.003601 7.27930021
290.546692 -213.154099 7.53149986
290.487305 -213.1604 8.89820004
290.540863 -212.955933 0.97906667
290.547546 -212.89978 1.10889995
290.563416 -212.94809 1.23915005
290.519867 -212.885406 1.50691116
290.550232 -212.937042 1.737275
290.529327 -212.887985 1.91424286
290.530396 -212.86293 2.08906674
290.536285 -212.876694 2.2785666
290.552795 -212.954971 2.49101663
290.519196 -212.883377 2.69268322
290.524963 -212.916428 2.89564443
290.481323 -212.901794 3.12845993
290.433105 -212.943695 3.30620003
290.469849 -212.880295 3.50515008
290.443115 -212.875351 5.75664997
290.574188 -212.900894 5.83690023
290.449585 -212.872101 7.24900007
290.535217 -212.919403 7.90060043
290.443756 -212.833801 8.94645023
290.512329 -212.736404 1.08894002
290.480957 -212.707855 1.33574998
290.504639 -212.726715 1.50114
290.493652 -212.69368 1.67914999
290.462982 -212.69339 1.86473334
290.495514 -212.704803 2.05272007
290.512024 -212.717697 2.29040003
290.468781 -212.68248 2.47460008
290.472046 -212.696304 2.70070004
290.456848 -212.769196 2.92079997
290.462372 -212.730103 3.06430006
290.441223 -212.720901 3.25443339
290.431 -212.737549 3.44924998
290.491608 -212.664902 3.77649999
290.558258 -212.62677 3.86543345
290.589111 -212.669907 4.06260014
290.510681 -212.651154 4.27707481
290.516785 -212.637573 5.499825
290.505493 -212.741028 5.66296673
290.594513 -212.7341 7.70319986
290.596985 -212.774094 8.84290028
290.452789 -212.445206 0.987299979
290.450775 -212.509247 1.08212495
290.423889 -212.552795 1.3199333
290.462952 -212.506836 1.46566665
290.423004 -212.542892 1.77400005
290.443909 -212.473175 1.85896659
290.470276 -212.506927 2.04220009
290.525696 -212.563202 2.24690008
290.452301 -212.527695 2.45040011
290.441559 -212.521332 2.68610001
290.427643 -212.493073 2.90995002
290.450073 -212.532303 3.07240009
290.587189 -212.548599 3.58850002
290.51889 -212.537903 3.625
290.501038 -212.574936 4.27763319
290.590515 -212.424698 4.5690999
290.56427 -212.537598 5.09570026
290.531799 -212.484406 5.25563335
290.588806 -212.460205 7.5781002
290.429138 -212.331512 1.10325003
290.423798 -212.256302 1.37870002
290.425232 -212.298172 1.51506662
290.405609 -212.304306 1.65419996
290.440704 -212.382202 2.12339997
290.403809 -212.337997 2.7737999
290.420227 -212.345352 2.96000004
290.569275 -212.320038 4.64085007
290.472992 -212.246506 7.50710011
290.435394 -212.155899 0.99879998
290.581299 -212.014099 3.75609994
290.587463 -212.074432 7.71316671
290.403107 -211.852707 3.4454
290.515106 -211.968445 3.71635008
290.551453 -211.894043 7.68770027
290.560394 -211.635101 3.82459998
290.445984 -211.705444 4.8519001
290.437012 -211.723099 5.13590002
290.586792 -211.518799 3.79320002
290.544983 -211.441971 3.86283326
290.489594 -211.49173 4.13373327
290.493713 -211.49144 4.31599998
290.459595 -211.462189 4.4833498
290.437744 -211.529144 4.67613316
290.508087 -211.477905 4.88850021
290.500092 -211.310577 3.86505008
290.524811 -211.322006 4.16550016
290.544495 -211.337204 4.30800009
290.443665 -211.303452 4.64314985
290.431213 -211.331696 5.04129982
290.482025 -211.259796 5.92073345
290.424744 -211.289398 6.04419994
290.488586 -211.105957 3.87082005
290.551086 -211.043701 4.09553337
290.446198 -211.097107 4.35490036
290.513702 -211.027267 4.45609999
290.537933 -211.051834 4.6855998
290.522705 -211.001801 4.95979977
290.470001 -211.082642 5.71645021
290.52533 -211.106857 5.91149998
290.482391 -211.004395 6.01669979
290.530212 -210.841217 3.93254995
290.487518 -210.888855 4.11475992
290.46344 -210.881195 4.31948566
290.521362 -210.898346 4.46043348
290.5336 -210.933197 4.73089981
290.515198 -210.9207 4.83599997
290.554138 -210.901154 5.67800045
290.505554 -210.883102 5.84659958
290.5401 -210.731506 3.88820004
290.467316 -210.785172 4.13634968
290.517242 -210.692749 4.2883997
290.438293 -210.615204 4.55950022
290.436188 -210.629196 5.1967001
290.486694 -210.72467 5.47576666
290.457886 -210.520004 4.26620007
290.423859 -210.499771 4.44513321
290.435303 -210.542603 4.85809994
290.457886 -210.454453 5.13322496
290.453613 -210.434204 5.65199995
290.573914 -210.539597 5.89569998
290.544189 -210.220001 3.85500002
290.513123 -210.237335 4.29226685
290.506104 -210.333389 4.46857977
290.436646 -210.327164 4.72226667
290.451294 -210.35614 4.91174984
290.431091 -210.395905 5.05760002
290.478943 -210.254089 5.23180008
290.585358 -210.127151 3.93394995
290.567993 -210.142395 4.07670021
290.537689 -210.1371 4.60309982
290.565613 -210.153702 5.52640009
290.589111 -210.117706 5.70100021
290.49176 -209.875732 3.90816665
290.463806 -209.900879 4.14298344
290.595703 -209.7939 3.73930001
290.538086 -209.761093 3.86019993
290.434601 -209.701248 4.15869999
290.533661 -209.675156 5.06834984
290.50824 -209.436829 3.94370008
290.530243 -209.462524 4.07867527
290.478241 -209.530472 4.29962492
290.465851 -209.496765 4.50286007
290.473206 -209.567307 4.61299992
290.521515 -209.418594 5.31449986
290.519104 -209.516357 5.48175001
290.471252 -209.471451 5.68595028
290.541595 -209.321396 4.17990017
290.521057 -209.307343 4.27355003
290.561493 -209.305603 4.51970005
290.547699 -209.285507 4.73950005
290.582001 -209.253204 4.90299988
290.492615 -209.397095 5.7198
290.509705 -209.336121 5.8989501
290.476898 -209.236603 6.0374999
290.55069 -209.131897 4.79589987
290.411713 -209.147293 5.95569992
290.555786 -208.795303 4.13189983
290.493073 -208.642899 4.42936659
290.5224 -208.474701 4.36899996
290.45639 -208.458496 4.42399979
290.52829 -208.342102 3.90119982
290.543488 -208.314804 4.26070023
290.43573 -208.271225 4.49440002
290.538391 -208.065506 4.32369995
290.498596 -206.803299 6.08510017
290.453491 -206.876709 6.23964977
290.552155 -206.469345 6.09109974
290.579407 -206.2453 5.90264988
290.553406 -206.332001 6.07079983
290.523987 -206.127396 5.75400019
290.533691 -205.974304 5.65280008
290.510803 -200.694504 5.0763998
290.525787 -200.727295 6.02229977
290.598602 -200.054993 4.60540009
290.560394 -200.134796 4.88719988
290.545502 -200.083496 5.11829996
290.587097 -200.184998 6.26879978
290.656891 -219.921402 0.881399989
290.773499 -219.236847 0.883849978
290.675293 -219.049805 0.896600008
290.706055 -218.854309 0.886999965
290.695892 -218.287354 0.891950011
290.62561 -218.1026 0.8926
290.686584 -218.15683 4.92937469
290.662048 -218.084808 5.11929989
290.751007 -217.898499 0.893299997
290.671906 -217.902466 5.14046669
290.766663 -217.902802 5.24539995
290.610291 -217.945404 10.3415003
290.665405 -217.952606 10.7059002
290.658875 -217.925873 10.9083338
290.7052 -217.698456 0.919099987
290.680389 -217.679901 5.22970009
290.674408 -217.676804 10.2786999
290.675293 -217.651199 10.4764004
290.620514 -217.729706 10.6121998
290.703094 -217.415405 0.897300005
290.706146 -217.51358 5.33857489
290.624512 -217.528107 10.3386002
290.709564 -217.509186 10.5123196
290.703796 -217.497604 10.7867002
290.654999 -217.410507 10.8214998
290.693726 -217.355408 0.889549971
290.604889 -217.345505 5.329
290.667908 -217.293152 5.43009996
290.667969 -217.259781 10.5309
290.651855 -217.2659 10.6724501
290.622009 -217.192993 0.914300025
290.773499 -217.020767 4.32959986
290.745697 -217.191299 4.48859978
290.740906 -217.078506 4.69980001
290.663086 -217.098541 5.32006645
290.71109 -217.187302 5.46080017
290.67041 -217.069 10.5059004
290.667694 -217.068909 10.6448498
290.703949 -216.859955 0.912999988
290.751404 -216.978699 4.54390001
290.78421 -216.958893 5.1717
290.634155 -216.975098 10.5274506
290.655792 -216.856293 10.7322998
290.616089 -216.641403 4.14359999
290.67041 -216.741501 5.15170002
290.711212 -216.762695 5.35720015
290.655792 -216.694 5.40929985
290.600494 -216.783096 10.2117004
290.788025 -216.688766 10.4801998
290.761902 -216.629303 10.6108999
290.698212 -216.589706 0.9278
290.671722 -216.518723 4.12284994
290.649811 -216.451279 4.28792477
290.743469 -216.48465 4.43270016
290.775909 -216.498688 4.73339987
290.718109 -216.555893 6.37200022
290.684998 -216.447998 6.42530012
290.719604 -216.415207 10.1801996
290.61911 -216.449799 10.2423
290.667786 -216.352493 0.921000004
290.669006 -216.355698 4.54640007
290.684326 -216.347794 4.70436668
290.634491 -216.380203 10.2068996
290.632812 -216.149094 0.935800016
290.673492 -216.001404 4.96409988
290.685089 -216.100449 5.47324991
290.660004 -216.167603 6.94729996
290.686401 -216.038803 7.16899967
290.780701 -216.089996 7.2262001
290.727692 -216.008804 9.14210033
290.722961 -216.08786 9.92790031
290.702301 -216.168854 10.1876497
290.768494 -216.184601 10.4034004
290.740845 -215.931198 5.34929991
290.703918 -215.906555 5.44005013
290.757294 -215.975098 7.12200022
290.632202 -215.8452 8.70305061
290.699707 -215.803696 8.92809963
290.710297 -215.823196 9.4435997
290.743011 -215.966599 9.96430016
290.709412 -215.899734 10.0638332
290.706207 -215.8293 10.2383003
290.706604 -215.9319 10.448
290.667999 -215.668304 0.895500004
290.647614 -215.654907 5.15180016
290.666595 -215.7052 5.21010017
290.702515 -215.792603 5.64160013
290.741791 -215.637894 8.34879971
290.707336 -215.71756 8.52355003
290.7612 -215.787292 8.85179996
290.747009 -215.748993 9.06309986
290.784302 -215.7491 10.2660999
290.638794 -215.565201 0.92049998
290.722839 -215.427155 3.89629984
290.776306 -215.556 5.23330021
290.776886 -215.463104 8.34959984
290.724792 -215.553345 8.45985031
290.713715 -215.4767 10.7784004
290.722778 -215.357697 0.916149974
290.709503 -215.391907 3.7592001
290.695038 -215.34198 3.87857509
290.674713 -215.248398 4.72130013
290.68869 -215.263107 4.9222002
290.605011 -215.2388 5.43669987
290.682892 -215.2202 7.90350008
290.786407 -215.373795 8.43050003
290.778992 -215.398193 9.29279995
290.644104 -215.134491 0.933899999
290.787201 -215.170593 4.87909985
290.638306 -215.074997 5.49569988
290.628052 -215.090897 7.92799997
290.736908 -215.1073 8.18360043
290.724792 -214.917007 4.68872499
290.605713 -214.9077 4.81839991
290.6091 -214.955597 5.5546999
290.622894 -214.950394 8.91600037
290.648102 -214.832901 10.4221001
290.721497 -214.686295 0.929499984
290.791199 -214.739197 4.20959997
290.688507 -214.663406 5.52209997
290.715027 -214.669159 5.70429993
290.786499 -214.703094 5.82299995
290.665588 -214.728607 9.19680023
290.758911 -214.437302 1.78559995
290.775177 -214.441406 3.31209993
290.790009 -214.545197 4.13360023
290.764709 -214.4944 5.52180004
290.606995 -214.596695 8.9843998
290.656189 -214.439407 9.43630028
290.759186 -214.232193 1.34829998
290.758209 -214.2229 1.52989995
290.772552 -214.344498 3.2508502
290.755737 -214.277039 5.67350006
290.750183 -214.221298 7.76499987
290.746796 -214.313705 9.19250011
290.688904 -214.356262 9.30464935
290.62381 -214.251801 9.46780014
290.602692 -214.380096 10.8479996
290.772186 -214.146103 0.944500029
290.739197 -214.050903 1.22959995
290.747406 -214.108505 2.4059
290.749817 -214.120758 3.18475008
290.703949 -214.070053 3.3081429
290.665955 -214.099304 3.44355011
290.708801 -214.090393 5.96759987
290.610992 -214.128906 6.69399977
290.609497 -214.043594 9.34560013
290.736511 -214.093002 9.5177002
290.783508 -214.158096 10.6913996
290.650787 -214.195007 10.8738003
290.637512 -213.827698 0.940199971
290.773132 -213.880157 1.14779997
290.794098 -213.899841 1.48970008
290.790894 -213.891373 1.70873332
290.766113 -213.914398 1.84856665
290.72995 -213.866226 2.09231997
290.774384 -213.871765 2.35479999
290.785309 -213.852798 2.56870008
290.78891 -213.985306 2.6645999
290.749573 -213.887726 2.89411664
290.727692 -213.866058 3.12984991
290.679474 -213.899857 3.26209998
290.730774 -213.914673 3.44736671
290.732971 -213.951553 5.68079996
290.791504 -213.884003 5.92740011
290.636505 -213.800797 9.1243
290.729248 -213.920837 9.46414948
290.654816 -213.893509 10.938467
290.722198 -213.975403 11.0840998
290.779907 -213.657303 0.968699992
290.75766 -213.69223 1.08523333
290.760559 -213.714233 1.27382505
290.756775 -213.719727 1.48442507
290.752533 -213.665955 1.68217492
290.738342 -213.665527 1.90495002
290.739746 -213.714401 2.12905002
290.760712 -213.626495 2.23609996
290.765106 -213.702911 2.50616002
290.710022 -213.670288 2.69106007
290.714539 -213.687653 2.86111665
290.655823 -213.701721 3.10232496
290.638763 -213.66243 3.25066662
290.631897 -213.605698 3.54929996
290.786407 -213.746994 4.35220003
290.73999 -213.608398 5.26399994
290.622894 -213.686905 8.28969955
290.616699 -213.577698 0.94749999
290.717834 -213.495224 1.0927
290.704224 -213.502975 1.34236002
290.727264 -213.520599 1.49717999
290.702759 -213.470734 1.71920002
290.705872 -213.470505 1.91963327
290.696198 -213.49585 2.09056664
290.72879 -213.43576 2.29110003
290.731171 -213.518234 2.53926659
290.677734 -213.45665 2.73245001
290.665344 -213.479202 2.90487504
290.653076 -213.46669 3.09938574
290.643188 -213.570801 3.23699999
290.713806 -213.471207 3.44029999
290.733154 -213.489029 4.23577499
290.745758 -213.5849 4.70219994
290.72818 -213.513046 4.93139982
290.689392 -213.527756 5.13520002
290.654785 -213.517868 8.2760334
290.612091 -213.466995 9.90530014
290.657776 -213.272751 0.981249988
290.616638 -213.271393 1.06606674
290.659607 -213.33757 1.46776664
290.640045 -213.264618 1.69588006
290.673126 -213.269562 1.90366673
290.684937 -213.316376 2.09135008
290.755371 -213.292938 2.28255725
290.735413 -213.300446 2.48235559
290.636078 -213.279205 2.67874002
290.644409 -213.313858 2.90005994
290.606537 -213.24025 3.06799984
290.744568 -213.363571 4.53166676
290.751038 -213.37146 4.70943356
290.686279 -213.333496 4.82114983
290.734406 -213.363205 8.10900021
290.693604 -213.300293 8.63829994
290.612 -213.351807 10.0579004
290.623657 -213.100525 1.09510005
290.614014 -213.172592 1.27376664
290.649048 -213.132599 1.44775009
290.635895 -213.160904 1.76549995
290.640015 -213.097656 1.87809992
290.602783 -213.112244 2.06605005
290.692963 -213.134628 2.32703328
290.695068 -213.161774 2.45847487
290.602295 -213.099304 2.6408999
290.650787 -213.050507 3.04929996
290.757111 -213.089096 6.39909983
290.71759 -213.115494 7.24510002
290.613495 -213.177597 7.7651
290.654907 -212.9879 0.950200021
290.644714 -212.874695 1.0165
290.625885 -212.963898 1.26409996
290.60199 -212.954407 1.60880005
290.61261 -212.985504 2.28920007
290.622803 -212.958099 2.5316
290.625793 -212.932648 2.95060015
290.786499 -212.636398 4.47300005
290.760193 -212.672852 5.09395027
290.697906 -212.617401 5.36689997
290.682526 -212.695023 5.54344273
290.629486 -212.695496 7.84609985
290.662964 -212.557495 3.77799988
290.699524 -212.513885 3.89178562
290.741394 -212.493835 4.09536266
290.721558 -212.479019 4.27073336
290.730591 -212.509521 4.52785015
290.714447 -212.499771 4.71017504
290.726105 -212.516403 4.83909988
290.693207 -212.460892 5.10733318
290.681702 -212.532898 5.32684994
290.649475 -212.491058 5.50934982
290.753479 -212.532761 6.76923323
290.762299 -212.525101 7.12120008
290.638702 -212.549698 7.65619993
290.772095 -212.306595 3.91799998
290.763306 -212.306702 4.00680017
290.763428 -212.275345 4.30609989
290.625488 -212.289597 4.53730011
290.711304 -212.275101 4.63535023
290.762695 -212.242294 5.16610003
290.749298 -212.217499 5.27209997
290.772308 -212.342499 6.76520014
290.735504 -212.347702 7.58900023
290.727509 -212.2789 7.75449991
290.765747 -212.043793 3.72979999
290.723114 -212.004105 3.82649994
290.786072 -212.100952 4.10430002
290.776794 -212.129593 4.22770023
290.777191 -212.000198 4.59310007
290.719513 -212.083801 4.62860012
290.734924 -212.072952 4.88072491
290.769531 -212.057953 7.51230001
290.735107 -212.063995 7.71610022
290.772095 -211.861298 4.14659977
290.72406 -211.918152 4.32469988
290.752594 -211.919495 4.98789978
290.70871 -211.838074 5.58453321
290.748993 -211.871902 5.69500017
290.682739 -211.882141 7.66074991
290.736633 -211.650101 4.10960007
290.793304 -211.781204 4.43050003
290.785095 -211.693451 5.42739964
290.644501 -211.784302 7.57399988
290.693787 -211.719971 7.63920021
290.635803 -211.468597 3.82279992
290.701233 -211.497452 4.12405014
290.729736 -211.493805 4.32450008
290.707489 -211.416504 5.39050007
290.737061 -211.375946 3.67549992
290.675415 -211.382401 3.82800007
290.709564 -211.316269 4.08634281
290.754913 -211.243393 4.51959991
290.606201 -211.205307 4.68039989
290.703461 -211.322906 4.87827492
290.691803 -211.202499 5.04069996
290.776733 -211.330765 5.29173326
290.744202 -211.305359 5.51709986
290.698364 -211.286301 5.70679998
290.668091 -211.244827 5.91599989
290.632812 -211.239899 6.04160023
290.680206 -211.089798 4.24660015
290.619293 -211.011597 4.50279999
290.750305 -211.156647 4.72870016
290.724304 -211.134003 5.31255007
290.7854 -211.024445 5.5246501
290.6875 -211.103195 5.68249989
290.673309 -211.110153 5.82750034
290.756012 -210.880798 4.17859983
290.686981 -210.887497 4.30770016
290.684509 -210.926102 4.46969986
290.630859 -210.905853 4.61380005
290.698303 -210.897247 4.86520004
290.72699 -210.916794 5.18030024
290.654541 -210.920029 5.55893326
290.677094 -210.852402 5.62599993
290.648743 -210.815552 5.92794991
290.728607 -210.654938 3.71636677
290.683014 -210.652405 3.86269999
290.659393 -210.744202 4.2665
290.762024 -210.688553 4.46519995
290.720581 -210.716797 5.05249977
290.643188 -210.761093 5.63049984
290.605988 -210.752808 5.82590008
290.656403 -210.685806 6.09499979
290.748505 -210.517502 3.96650004
290.602997 -210.504593 4.18760014
290.630493 -210.435501 4.52600002
290.62619 -210.432007 5.01210022
290.719513 -210.441605 5.3197999
290.793213 -210.446701 5.41079998
290.66214 -210.453003 5.72286654
290.694397 -210.587601 5.80340004
290.760803 -210.384399 3.98659992
290.680237 -210.32489 4.09590006
290.682617 -210.215851 4.36499977
290.604492 -210.227097 4.47139978
290.617188 -210.309799 4.61469984
290.61319 -210.292007 4.82649994
290.775787 -210.346603 5.18499994
290.613312 -210.320297 5.23180008
290.615295 -210.382996 5.5539999
290.65451 -210.390503 5.71640015
290.756989 -210.012604 3.64420009
290.711853 -210.121307 3.87580013
290.692505 -210.152206 4.1086998
290.713776 -210.073685 4.26423979
290.663605 -210.158493 4.46080017
290.672699 -210.189697 4.70440006
290.758392 -210.138504 4.94820023
290.769562 -210.091553 5.04160023
290.773987 -210.131409 5.28684998
290.684998 -210.126099 5.51624966
290.621094 -210.163696 5.64729977
290.694214 -209.934509 4.29530001
290.704559 -209.916534 4.46740007
290.7995 -209.999603 4.97779989
290.714905 -209.842407 5.25269985
290.690704 -209.637802 3.97939992
290.760803 -209.766495 4.14949989
290.672394 -209.672699 4.2816
290.735809 -209.636902 4.51350021
290.653015 -209.614105 4.97020006
290.692749 -209.618149 5.1939497
290.770203 -209.607803 5.27600002
290.69223 -209.656403 5.48376656
290.663788 -209.544006 3.76440001
290.638184 -209.498291 3.85099983
290.726288 -209.413803 4.03149986
290.6409 -209.575409 4.31036663
290.670502 -209.488098 4.54395008
290.782196 -209.576996 4.68289995
290.685211 -209.433197 4.89940023
290.718384 -209.525391 5.12759972
290.667542 -209.56665 5.29314995
290.652893 -209.509399 5.44616652
290.74234 -209.345398 4.08860016
290.620148 -209.318802 4.29069996
290.703644 -209.292343 4.70005989
290.680603 -209.300003 5.16039991
290.709167 -209.276901 5.31725025
290.68457 -209.281982 5.51309967
290.62619 -209.289307 5.67484999
290.655396 -209.3293 5.87050009
290.639587 -209.364197 6.00180006
290.775604 -209.319946 6.52780008
290.768005 -209.047104 4.58510017
290.709198 -209.143936 4.72910023
290.6492 -209.087402 4.87190008
290.785614 -209.139893 5.19399977
290.738464 -209.072754 5.33215046
290.715271 -209.132797 5.4802599
290.668213 -209.087646 5.69480038
290.618286 -209.049103 5.84969997
290.75589 -208.912399 5.15269995
290.639893 -208.920898 5.38899994
290.734497 -208.9366 5.52339983
290.6315 -208.960297 5.97289991
290.678497 -208.776794 4.54056644
290.798096 -208.736206 4.61660004
290.624908 -208.442398 4.97240019
290.742401 -208.582504 5.27370024
290.792603 -208.234207 5.48360014
290.670288 -208.102005 5.44980001
290.659912 -206.418503 6.18489981
290.6539 -206.253204 5.68260002
290.667908 -206.234299 5.93790007
290.755035 -202.640335 5.25966644
290.767212 -202.544601 5.07060003
290.739136 -202.537415 5.24464989
290.730286 -202.531097 5.40019989
290.688995 -202.348206 5.22660017
290.625 -201.939896 5.18909979
290.794189 -201.095795 6.0454998
290.756104 -200.957199 4.7895999
290.724396 -200.883896 4.98250008
290.77829 -200.867599 6.1855998
290.687103 -200.605499 4.9545002
290.739105 -200.320206 4.34574986
290.678711 -200.241501 4.44729996
290.710999 -200.1539 4.57229996
290.623291 -200.041702 4.75519991
290.672089 -200.132004 6.07009983
290.883514 -219.800507 0.876399994
290.859406 -219.654297 0.880299985
290.887726 -219.495102 0.876533329
290.855042 -219.301605 0.893333316
290.956299 -218.674698 0.880500019
290.87439 -218.563705 0.869400024
290.881042 -218.329041 0.888499975
290.949585 -218.095306 0.880699992
290.82605 -218.080307 4.94876671
290.875946 -218.105545 5.10417509
290.970215 -217.932205 0.929700017
290.915222 -217.900085 5.10130024
290.854004 -217.702194 0.911199987
290.862396 -217.603302 10.5743999
290.840912 -217.671295 10.7552996
290.930695 -217.428894 0.929400027
290.910889 -217.488297 10.4803333
290.922058 -217.237396 0.912799954
290.811462 -217.276001 10.5036507
290.905487 -217.298599 10.6183996
290.872314 -217.015106 0.905799985
290.965088 -217.056793 4.09200001
290.977692 -217.006195 4.3276
290.870667 -217.123901 4.47825003
290.927826 -216.898956 4.28536654
290.896545 -216.929596 4.56634998
290.939331 -216.898132 4.63390017
290.875305 -216.978104 4.83200026
290.887909 -216.934906 5.49940014
290.814301 -216.895096 5.92619991
290.90332 -216.922455 10.4871502
290.881653 -216.664536 0.912833333
290.875092 -216.653305 4.30310011
290.857849 -216.678253 4.73675013
290.954254 -216.695953 8.36504936
290.912048 -216.584305 0.902850032
290.842773 -216.463654 4.35909986
290.825714 -216.407196 4.67700005
290.938293 -216.428696 4.86259985
290.844208 -216.515305 5.32259989
290.980286 -216.400696 6.36829996
290.82785 -216.429703 6.53349972
290.856995 -216.589996 6.69029999
290.899506 -216.470306 8.16740036
290.931885 -216.463593 8.31727505
290.958588 -216.439194 8.45699978
290.991699 -216.506302 10.4411001
290.9328 -216.29129 0.923050046
290.873535 -216.357849 4.55089998
290.867004 -216.334595 4.66379976
290.9729 -216.273499 4.82070017
290.91095 -216.344498 6.43384981
290.923767 -216.283905 8.31330013
290.907837 -216.299698 8.47753334
290.971313 -216.226501 10.1444998
290.814087 -216.357498 10.3605003
290.870209 -216.038406 0.925800025
290.914673 -216.03009 7.19449997
290.913635 -216.110001 7.25346661
290.919586 -216.162598 8.46580029
290.942596 -216.141495 8.80799961
290.898987 -216.144196 9.99349976
290.9888 -216.0755 10.0137997
290.906189 -215.8237 5.72200012
290.881836 -215.940903 7.15950012
290.975494 -215.897995 7.65950012
290.873718 -215.895996 9.25360012
290.946289 -215.902069 9.93356705
290.914307 -215.68515 0.909150004
290.969391 -215.678497 5.32210016
290.919739 -215.704803 7.67980003
290.841797 -215.749039 8.50483322
290.923798 -215.7108 9.20559978
290.885986 -215.680801 10.2603998
290.97171 -215.524994 0.915099978
290.977417 -215.459686 2.9440999
290.985992 -215.490494 3.3527
290.916687 -215.440857 8.45829964
290.867493 -215.530396 9.21899986
290.870605 -215.592499 10.2447996
290.96698 -215.274841 1.49180007
290.932098 -215.254303 1.66219997
290.990906 -215.2715 2.29509997
290.961914 -215.233704 2.56719995
290.984314 -215.216095 2.8986001
290.965271 -215.224899 3.23950005
290.954865 -215.280838 3.50656676
290.936401 -215.269043 3.76230001
290.90094 -215.294098 3.94400001
290.994385 -215.366501 6.95720005
290.804108 -215.230606 8.11419964
290.973907 -215.127808 0.950699985
290.901398 -215.050003 1.02390003
290.958801 -215.078873 1.52699995
290.999298 -215.170395 1.68289995
290.952911 -215.0383 1.89189994
290.977112 -215.001999 2.19740009
290.967499 -215.048798 2.34430003
290.973602 -215.11264 2.77719998
290.969208 -215.193405 2.99169993
290.980286 -215.0009 3.14949989
290.959961 -215.092239 3.34674001
290.961243 -215.16185 3.49690008
290.996399 -215.075394 4.92500019
290.990814 -215.080399 5.13560009
290.90921 -215.033203 5.39440012
290.855499 -215.101807 6.29764986
290.969513 -215.097107 6.76149988
290.870178 -215.1035 8.10960007
290.913879 -215.013763 8.29269981
290.893402 -215.043106 10.3002005
290.898163 -214.875336 0.944533348
290.985077 -214.965073 1.30260003
290.957001 -214.8918 1.40199995
290.967499 -214.880997 1.72889996
290.967285 -214.894196 2.07310009
290.972137 -214.82605 2.53760004
290.987915 -214.855499 2.63070011
290.9534 -214.938995 2.82005
290.975464 -214.890533 3.1383667
290.915588 -214.881973 3.25512505
290.95401 -214.846207 4.29390001
290.988495 -214.810196 4.48099995
290.894043 -214.871201 4.65855026
290.956512 -214.870895 4.85419989
290.881439 -214.901733 6.28096676
290.966492 -214.991501 6.76109982
290.922394 -214.680099 0.965499997
290.981262 -214.745865 1.0801667
290.994324 -214.710052 1.27824998
290.984314 -214.673401 1.6640501
290.922699 -214.6147 1.89663339
290.885315 -214.633194 2.00959992
290.982361 -214.673798 2.37895012
290.968536 -214.691528 2.43996668
290.975464 -214.702225 2.67742491
290.948395 -214.728897 2.87529993
290.966217 -214.616898 3.12113333
290.897125 -214.707916 3.26539993
290.841492 -214.717804 3.46550012
290.924438 -214.671219 4.12716007
290.934357 -214.707642 4.28957796
290.938599 -214.780899 4.4934001
290.839752 -214.674011 5.70259953
290.923706 -214.672501 6.79610014
290.933533 -214.506744 0.948199987
290.948975 -214.477005 1.09474993
290.952118 -214.494461 1.26746666
290.960571 -214.473206 1.45959997
290.941681 -214.4991 1.75484002
290.951721 -214.496567 1.89023995
290.962799 -214.507156 2.11167502
290.964935 -214.509903 2.27565002
290.955902 -214.510696 2.53613329
290.942261 -214.502472 2.6949749
290.95224 -214.491302 2.90540004
290.88681 -214.525452 3.10045004
290.825623 -214.501465 3.31529999
290.834198 -214.575897 3.4052999
290.889496 -214.539093 4.04139996
290.856903 -214.402206 5.50150013
290.90152 -214.319229 0.955933332
290.926331 -214.263245 1.04404998
290.902679 -214.278625 1.30570006
290.923279 -214.301605 1.52103996
290.938812 -214.321365 1.71394002
290.91275 -214.304886 1.92308331
290.922211 -214.361801 2.06500006
290.937866 -214.369644 2.29742503
290.9021 -214.317917 2.4883666
290.900085 -214.292175 2.69856668
290.88562 -214.31955 2.93140006
290.861755 -214.325455 3.10153341
290.830353 -214.319794 3.27689981
290.838898 -214.219604 7.6571002
290.895996 -214.178696 0.962000012
290.861389 -214.055878 1.06882
290.865784 -214.082306 1.29264998
290.859741 -214.098801 1.48413336
290.878479 -214.124924 1.70915711
290.889374 -214.113022 1.8872
290.873962 -214.105377 2.12897491
290.89212 -214.139633 2.23040009
290.867523 -214.064606 2.48602486
290.876343 -214.09639 2.71794009
290.855438 -214.102371 2.91478014
290.84021 -214.0746 3.06634998
290.816406 -214.105652 3.30784988
290.913788 -214.004105 8.75349998
290.975586 -214.136902 8.84959984
290.819305 -214.052505 9.37609959
290.872314 -214.023193 10.8297997
290.839691 -213.899033 1.11046672
290.849091 -213.910461 1.29910004
290.832306 -213.945602 1.53789997
290.840607 -213.9048 1.71366668
290.829956 -213.919861 1.92065001
290.836609 -213.923706 2.17615008
290.838745 -213.886154 2.31174994
290.872162 -213.906464 2.48600006
290.832153 -213.928848 2.70932508
290.83075 -213.911041 2.91174984
290.846985 -213.960297 3.1012001
290.808807 -213.884003 5.77810001
290.892548 -213.845398 5.92280006
290.879211 -213.919861 8.93309975
290.816498 -213.983704 9.02610016
290.887787 -213.968796 9.52050018
290.84729 -213.906738 10.9279003
290.801697 -213.767197 1.30429995
290.806305 -213.786499 1.40180004
290.819794 -213.713852 1.70775008
290.811493 -213.731995 1.89330006
290.824036 -213.704041 2.05739999
290.856506 -213.71312 2.28132868
290.850067 -213.725189 2.50079989
290.839813 -213.707306 2.6967001
290.801514 -213.670502 2.86890006
290.916473 -213.672409 4.36276674
290.832458 -213.703857 4.51795006
290.91748 -213.745651 5.86750031
290.809601 -213.668198 8.55290031
290.927307 -213.669907 10.9209995
290.886963 -213.484558 1.1473
290.890106 -213.454102 1.22300005
290.821838 -213.481354 2.31949997
290.822937 -213.505493 2.45316672
290.990112 -213.548004 3.95689988
290.977783 -213.491394 4.08185005
290.918762 -213.491592 4.28789997
290.87851 -213.525635 4.47323322
290.849548 -213.475769 4.6722002
290.836334 -213.476593 4.83226681
290.807892 -213.474106 5.02390003
290.905914 -213.480499 5.83699989
290.958313 -213.529007 6.07149982
290.953308 -213.408997 8.00879955
290.924622 -213.515854 8.32205009
290.801086 -213.367401 2.38919997
290.862793 -213.229797 2.46860003
290.929962 -213.333252 4.17589998
290.929047 -213.308395 4.29106998
290.912415 -213.292862 4.51126671
290.858765 -213.307617 4.706357
290.895203 -213.302887 4.95034981
290.976501 -213.308395 6.27640009
290.819397 -213.203598 7.30480003
290.981598 -213.370193 7.98120022
290.826294 -213.3918 8.01570034
290.967804 -213.278702 8.24289989
290.944489 -213.236404 8.45960045
290.874786 -213.326508 8.95429993
290.853088 -213.312302 9.01150036
290.885101 -213.112198 4.57050037
290.982788 -213.079803 4.68190002
290.963196 -213.006699 4.95870018
290.9039 -213.100845 6.31045008
290.857788 -213.114853 6.43650007
290.925995 -213.004395 7.09609985
290.995392 -213.187805 8.49530029
290.94101 -212.977798 4.80499983
290.986694 -212.960251 6.51130009
290.821686 -212.915604 7.02619982
290.809387 -212.938705 7.24760008
290.911987 -212.609604 4.11129999
290.812988 -212.789505 4.3270998
290.971985 -212.613693 4.56230021
290.938507 -212.735291 4.69534969
290.927887 -212.611694 4.96290016
290.909485 -212.737396 5.04220009
290.940765 -212.695892 6.54816675
290.832397 -212.662003 6.61079979
290.802185 -212.616302 6.95060015
290.953308 -212.747192 7.26710033
290.80661 -212.670593 7.40329981
290.92868 -212.492859 3.87912512
290.890137 -212.461304 4.26616669
290.917725 -212.500092 4.44406652
290.880005 -212.445801 4.70120001
290.864685 -212.422607 4.88000011
290.956207 -212.476898 5.03739977
290.825745 -212.485992 5.37249994
290.808502 -212.533401 5.47739983
290.986572 -212.519501 6.51105022
290.885468 -212.474472 6.69487476
290.917694 -212.459503 6.8203001
290.889191 -212.589005 7.16669989
290.950714 -212.490402 10.4900999
290.850311 -212.250443 3.95409989
290.923798 -212.326904 4.0792799
290.936584 -212.317947 4.26140022
290.967285 -212.223694 4.48780012
290.838287 -212.272095 4.60319996
290.889069 -212.29068 5.10419989
290.86969 -212.304901 5.24020004
290.858307 -212.350098 5.58220005
290.914795 -212.355392 6.48740005
290.999207 -212.316803 6.62760019
290.923218 -212.263168 6.92689991
290.808502 -212.202301 7.59030008
290.854431 -212.207794 7.66705036
290.875793 -212.126892 3.97974992
290.942535 -212.092728 4.08262491
290.93512 -212.111847 4.28289986
290.868042 -212.053802 4.53960037
290.862579 -212.12674 4.65674448
290.820496 -212.158295 4.96540022
290.832611 -212.146194 5.07870007
290.89447 -212.110443 7.53730011
290.802399 -212.118103 7.71710014
290.898102 -211.889694 4.079
290.924927 -211.897736 4.31353998
290.876923 -211.929565 4.67226648
290.929108 -211.842224 4.92540026
290.938965 -211.85556 5.03130007
290.961395 -211.815308 5.58109999
290.9086 -211.973404 7.85129976
290.92514 -211.68483 4.13360023
290.958984 -211.70871 4.53299999
290.895508 -211.703094 4.78859997
290.967712 -211.773407 4.89820004
290.8909 -211.732697 5.09710026
290.913055 -211.752548 5.30849981
290.876953 -211.701965 5.47413349
290.906494 -211.76123 5.68813324
290.968597 -211.744598 5.90715027
290.948059 -211.494263 4.13603354
290.938782 -211.510529 4.30089998
290.896912 -211.565002 4.42080021
290.857788 -211.526505 4.87580013
290.860901 -211.408142 5.17714977
290.956512 -211.537201 5.23729992
290.936188 -211.535995 5.4703002
290.988007 -211.225601 3.74000001
290.919586 -211.252808 3.89560008
290.893372 -211.245544 4.07369995
290.910339 -211.332672 4.56040001
290.9198 -211.34053 4.6911335
290.846893 -211.323395 4.84910011
290.911804 -211.212799 5.02839994
290.865295 -211.328506 5.20249987
290.966095 -211.390106 5.64279985
290.913208 -211.178299 3.70429993
290.946899 -211.0625 4.31409979
290.885498 -211.000595 4.45900011
290.875305 -211.042603 4.60570002
290.833496 -211.068497 5.24020004
290.981995 -211.133408 5.74179983
290.950897 -210.873291 4.2191
290.818604 -210.814499 4.4309001
290.946289 -210.926193 4.95830011
290.940552 -210.819351 5.35115004
290.962402 -210.833893 5.44929981
290.830292 -210.740295 4.11460018
290.937103 -210.752991 4.30854988
290.890411 -210.779205 4.67409992
290.849701 -210.7397 5.09469986
290.889008 -210.450806 3.79480004
290.885559 -210.510468 4.12993336
290.839386 -210.575394 4.41660023
290.852814 -210.4151 5.40320015
290.827209 -210.462402 5.62820005
290.805206 -210.272995 4.48460007
290.838257 -210.270554 4.92210007
290.827637 -210.305542 5.1420002
290.80069 -210.307404 5.22830009
290.968201 -210.110107 4.14459991
290.860809 -210.061096 4.57579994
290.912415 -210.092102 4.66639996
290.927795 -210.000305 4.96320009
290.9039 -210.110596 5.04990005
290.91449 -210.019501 5.20060015
290.918488 -210.042603 5.47340012
290.863251 -209.905304 4.38635015
290.918671 -209.898529 4.50614023
290.85614 -209.911209 4.7104001
290.89859 -209.900604 4.94945002
290.918854 -209.869995 5.06414986
290.897888 -209.983459 5.24744987
290.868591 -209.656693 4.3204999
290.974213 -209.759399 4.4605999
290.882568 -209.682175 4.89375019
290.878357 -209.74295 5.02289963
290.868774 -209.671204 5.24690008
290.871887 -209.687393 5.52519989
290.81131 -209.480194 4.58209991
290.925476 -209.516632 4.72646666
290.870392 -209.500732 4.91416645
290.885193 -209.48056 5.12593317
290.904999 -209.514496 5.51805019
290.86676 -209.439087 6.25774956
290.835358 -209.299271 4.11140013
290.983795 -209.367004 4.31080008
290.836487 -209.370911 4.87209988
290.826111 -209.317963 5.32620001
290.861908 -209.282501 5.40059996
290.927185 -209.237198 6.14349985
290.884766 -209.294769 6.29850006
290.911652 -209.264648 6.51605034
290.944489 -209.214905 6.63070011
290.879395 -209.052505 4.70300007
290.881897 -209.091705 4.96660042
290.922943 -209.09758 5.07497501
290.847046 -209.080795 5.28125
290.807007 -209.168701 5.49039984
290.81311 -208.851807 4.53259993
290.874908 -208.970886 4.65964985
290.912811 -208.902161 4.88844967
290.93515 -208.972946 5.03060007
290.84491 -208.902206 5.3428998
290.998688 -208.806503 5.60620022
290.841797 -208.777893 4.921
290.975311 -208.633698 5.03560019
290.978394 -208.716293 5.26940012
290.947906 -208.759705 5.70020008
290.878387 -208.406204 4.48549986
290.842255 -208.531494 4.87365007
290.895294 -208.437607 5.09759998
290.872101 -208.371552 4.50580025
290.916412 -208.388306 5.56720018
290.925171 -202.691727 5.08307505
290.809814 -202.796204 5.22389984
290.855377 -202.498566 5.07520008
290.81839 -202.345093 5.15500021
290.849091 -201.840607 5.04020023
290.883911 -201.463196 4.39940023
290.908295 -201.415405 4.53859997
290.933594 -201.451202 5.00129986
290.869995 -201.246902 4.78660011
290.804993 -201.253998 4.86999989
290.805115 -201.050095 5.97440004
290.801788 -201.059494 6.03539991
290.936005 -200.901398 5.93900013
290.825195 -200.749298 5.82469988
291.071594 -219.901367 0.856866658
291.040497 -219.656998 0.865499973
291.006989 -219.459305 0.862699986
291.181396 -219.422394 7.02120018
291.030548 -218.830048 0.880100012
291.116211 -218.720001 0.895699978
291.193298 -218.555603 0.886399984
291.11792 -218.113327 0.88062501
291.030823 -217.92775 5.08844995
291.174988 -217.540894 0.889400005
291.077698 -217.426895 10.3167
291.118866 -217.529297 10.4958668
291.049713 -217.132401 0.912500024
291.076721 -217.081757 4.21090031
291.113495 -217.094193 10.0264997
291.197906 -217.0979 10.2365999
291.140442 -217.149948 10.4647999
291.132385 -216.936005 0.970700026
291.145905 -216.862305 4.18060017
291.095276 -216.861603 4.21826649
291.045013 -216.901794 4.45499992
291.0112 -216.992599 10.1934996
291.10437 -216.933441 10.3331003
291.144196 -216.762207 0.927699983
291.087006 -216.779495 4.28480005
291.075714 -216.757202 8.26760006
291.131897 -216.6745 8.42640018
291.153229 -216.696304 10.2657003
291.050812 -216.686905 10.4180002
291.183105 -216.564606 0.935199976
291.176605 -216.490494 4.6257
291.089783 -216.51413 8.31405067
291.187592 -216.462204 10.1268997
291.05072 -216.429657 10.3316994
291.018616 -216.511551 10.5256996
291.13681 -216.203705 6.55630016
291.082428 -216.314499 8.31431961
291.155396 -216.337906 8.82390022
291.096008 -216.172668 0.932999969
291.143097 -216.104401 6.82429981
291.074432 -216.093826 7.17336655
291.031006 -216.148804 7.2737999
291.107056 -216.106903 9.85910034
291.184387 -216.180298 10.2030001
291.122986 -215.978088 0.944149971
291.182312 -215.857895 1.39789999
291.195709 -215.872696 2.88499999
291.176208 -215.800995 3.16120005
291.193665 -215.880859 3.25853324
291.06601 -215.848099 5.3579998
291.160309 -215.866394 5.58199978
291.02359 -215.802094 6.76219988
291.066193 -215.925903 7.14979982
291.1828 -215.860901 7.64720011
291.038696 -215.898697 8.49960041
291.080139 -215.855591 10.0326004
291.011841 -215.754395 0.950450003
291.139191 -215.603394 2.40319991
291.131989 -215.789795 2.91549993
291.176453 -215.718155 3.15735006
291.121002 -215.661057 3.28166008
291.092407 -215.698395 5.22730017
291.003387 -215.730103 5.70669985
291.192993 -215.692703 7.38689995
291.161499 -215.695099 7.40080023
291.131104 -215.698105 7.76249981
291.125397 -215.763107 10.0092001
291.136414 -215.711899 10.2551003
291.135925 -215.508301 1.03120005
291.1409 -215.421707 1.33720005
291.170593 -215.470169 1.47099996
291.178802 -215.475296 1.70819998
291.134308 -215.433472 1.9296751
291.159302 -215.485153 2.12785006
291.178314 -215.506607 2.25880003
291.166504 -215.481705 2.5395
291.144379 -215.481674 2.71442509
291.160461 -215.480423 2.87864995
291.051788 -215.423203 3.11849999
291.060333 -215.501633 3.30213332
291.031799 -215.462799 3.42190003
291.08429 -215.429901 5.04899979
291.122253 -215.539398 5.22789955
291.117859 -215.552155 5.86670017
291.015106 -215.588699 6.66989994
291.019409 -215.596695 8.3132
291.038513 -215.519302 8.40579987
291.114197 -215.494003 9.74940014
291.140808 -215.485596 9.84599972
291.17041 -215.562302 10.0136995
291.009003 -215.207108 0.895200014
291.023071 -215.261292 1.06435001
291.066589 -215.332153 1.27960002
291.110779 -215.303558 1.5237
291.092529 -215.325256 1.71605003
291.031799 -215.275848 1.96879995
291.033295 -215.347305 2.13689995
291.103607 -215.320526 2.29647136
291.107544 -215.310196 2.51435995
291.051819 -215.267181 2.69457507
291.070374 -215.281998 2.92989993
291.086914 -215.349579 3.09722495
291.033447 -215.324448 3.30840015
291.008728 -215.264404 3.43825006
291.122894 -215.392502 4.19490004
291.127502 -215.317047 4.31699991
291.118774 -215.272202 5.09457493
291.132507 -215.382599 5.8427
291.031494 -215.2565 7.47009993
291.081879 -215.301361 8.52159977
291.177307 -215.386002 8.68879986
291.105103 -215.323059 9.88706684
291.105194 -215.381393 10.052
291.039734 -215.098221 1.09904003
291.06015 -215.116699 1.30060005
291.073486 -215.089508 1.41190004
291.068298 -215.0522 1.74510002
291.054474 -215.082596 1.87582493
291.041534 -215.081329 2.10416675
291.030884 -215.112717 2.30010009
291.022308 -215.078354 2.48852491
291.034363 -215.084656 2.72979999
291.016449 -215.108307 2.85780001
291.033783 -215.073792 3.0864501
291.028015 -215.125793 3.28340006
291.003693 -215.182297 4.97370005
291.088318 -215.056961 5.07783318
291.002594 -215.103104 8.36999989
291.188507 -215.074203 9.86569977
291.081238 -214.886429 1.07696664
291.059082 -214.955872 1.26230001
291.044403 -214.920074 1.51533329
291.07135 -214.911957 1.66968
291.039948 -214.931488 1.88620007
291.035431 -214.901718 2.12458014
291.054047 -214.899094 2.30527496
291.063477 -214.939438 2.49863338
291.046509 -214.905197 2.70469999
291.041016 -214.901428 2.90412498
291.000702 -214.886307 3.12039995
291.065796 -214.823898 4.50820017
291.063995 -214.855774 4.73099995
291.040497 -214.892609 4.85925007
291.063538 -214.892471 6.24429989
291.00351 -214.876999 6.8677001
291.173401 -214.945297 7.63579988
291.066345 -214.695602 1.09889996
291.036682 -214.714096 1.33854997
291.052734 -214.702042 1.48237503
291.047943 -214.762543 1.71465003
291.039185 -214.695038 1.88627994
291.053253 -214.691849 2.11354995
291.019775 -214.755829 2.26006651
291.045807 -214.755295 2.42529988
291.084351 -214.754547 2.67070007
291.014282 -214.694199 2.89804983
291.046112 -214.709961 4.11273336
291.118225 -214.690369 4.31812525
291.155853 -214.726929 4.53223324
291.173798 -214.708649 4.61140013
291.18161 -214.758896 6.2198
291.133514 -214.716599 6.75059986
291.05365 -214.51593 1.10979998
291.002045 -214.483307 1.29439998
291.011902 -214.511505 1.5402
291.005005 -214.580505 1.64310002
291.023895 -214.562195 2.2816999
291.018311 -214.504303 2.42540002
291.000214 -214.590103 2.6243
291.059509 -214.595596 2.98469996
291.001801 -214.427002 3.39660001
291.094238 -214.553101 4.11053991
291.076111 -214.583298 4.27519989
291.00589 -214.335007 2.54859996
291.135864 -214.123138 3.81614995
291.141113 -214.175797 8.15849972
291.070587 -213.847397 5.77600002
291.155304 -213.877594 5.96479988
291.074554 -213.827087 6.12549973
291.030609 -213.922607 8.84389973
291.026489 -213.941605 9.92249966
291.030853 -213.708801 5.88485003
291.105469 -213.655762 7.26729965
291.045105 -213.674805 9.65289974
291.177795 -213.785599 9.86999989
291.100739 -213.47496 3.94693351
291.082703 -213.501465 4.03598022
291.013214 -213.595001 5.92570019
291.081299 -213.50824 6.09035015
291.080109 -213.453003 8.26640034
291.138092 -213.575394 9.83189964
291.081421 -213.492569 10.8783665
291.106476 -213.287003 3.94379997
291.115784 -213.274796 4.09859991
291.058441 -213.224091 4.26195002
291.042114 -213.280045 4.40530014
291.096008 -213.3246 4.68429995
291.116608 -213.221802 6.34779978
291.107788 -213.247604 6.60059977
291.113312 -213.236298 8.1310997
291.166107 -213.292099 10.4188995
291.153687 -213.061707 3.90980005
291.125732 -213.134201 4.08355999
291.146423 -213.099762 4.23269987
291.065247 -213.1819 4.52795029
291.06369 -213.0867 4.97779989
291.134491 -213.014603 5.00719976
291.006195 -213.046097 6.3592
291.051331 -213.138351 6.44305038
291.104889 -213.011505 7.09810019
291.073608 -213.175751 8.46815014
291.127319 -212.806793 4.50909996
291.12738 -212.963104 4.92560005
291.070892 -212.875702 5.38049984
291.105408 -212.877396 5.44449997
291.058807 -212.820801 6.43389988
291.101013 -212.985504 6.87799978
291.103485 -212.817596 7.28000021
291.174713 -212.856094 10.3399
291.063995 -212.653305 4.03760004
291.098816 -212.72934 4.34729958
291.122711 -212.726105 4.4842
291.111603 -212.648407 4.72340012
291.111053 -212.694397 4.82813311
291.043915 -212.646805 5.19070005
291.115997 -212.691711 6.30150032
291.1409 -212.781799 6.41930008
291.069214 -212.683899 6.67129993
291.065186 -212.720795 7.05439997
291.015198 -212.661606 7.40560007
291.107635 -212.721832 10.3090496
291.053986 -212.505295 3.97819996
291.056366 -212.508865 4.10879993
291.1297 -212.500427 4.32089996
291.122101 -212.437775 4.47976685
291.05249 -212.414505 4.79640007
291.019806 -212.472198 4.83890009
291.112976 -212.496536 6.50893307
291.040497 -212.442795 7.10150003
291.079987 -212.230698 3.77220011
291.063293 -212.265945 4.14045
291.072693 -212.334824 4.28245974
291.081543 -212.341949 4.50752497
291.080353 -212.311569 4.69506645
291.044586 -212.380905 4.9218998
291.078308 -212.240005 5.19750023
291.191101 -212.214905 6.37340021
291.170013 -212.346207 6.50460005
291.089783 -212.304291 7.52830029
291.059204 -212.141296 4.02929974
291.072662 -212.090866 4.32333326
291.122986 -212.131104 4.46290016
291.017792 -212.042801 4.65369987
291.076813 -212.149796 5.13579988
291.153687 -212.004395 5.82250023
291.156708 -212.146194 6.12109995
291.133087 -212.063705 6.39020014
291.015198 -212.030594 6.40049982
291.053833 -212.17215 6.89799976
291.028015 -212.086807 7.09509993
291.072937 -211.915253 4.09210014
291.12738 -211.82695 4.29164982
291.075256 -211.893707 4.4861002
291.070251 -211.91629 4.72455025
291.139313 -211.884064 5.93330002
291.071747 -211.9095 6.11686659
291.074524 -211.934509 6.31616688
291.162903 -211.975693 7.1578002
291.126862 -211.742706 4.23000002
291.096802 -211.674805 4.71600008
291.019409 -211.778503 4.82590008
291.109406 -211.689102 5.13609982
291.03421 -211.733398 5.22219992
291.024506 -211.668198 5.47259998
291.066437 -211.731262 5.61100006
291.196899 -211.776596 6.10080004
291.028015 -211.595001 4.83970022
291.088196 -211.591995 5.27010012
291.050049 -211.576538 5.51999998
291.013489 -211.205597 3.65079999
291.115356 -211.246246 4.4826498
291.13681 -211.345795 4.73260021
291.145905 -211.183304 4.45959997
291.067932 -211.127197 4.85424995
291.006195 -210.881393 4.04099989
291.020996 -210.9021 4.46850014
291.062592 -210.985504 4.98649979
291.085327 -210.649902 4.55189991
291.053711 -210.670395 4.79850006
291.150085 -210.654907 4.89715004
291.194305 -210.512299 4.57870007
291.017212 -210.366806 4.40049982
291.187897 -210.245697 4.62410021
291.025085 -210.076401 4.12580013
291.001404 -210.158798 4.55219984
291.076233 -210.057465 5.49966669
291.15451 -210.012802 5.79379988
291.105103 -209.886505 4.30509996
291.030579 -209.919647 5.09915018
291.067352 -209.980194 5.34824991
291.066437 -209.90033 5.47857475
291.088074 -209.96373 5.67636633
291.094299 -209.879105 5.9467001
291.022461 -209.648697 4.67039967
291.019104 -209.687698 5.03009987
291.0159 -209.691803 5.45709991
291.144501 -209.790604 6.69229984
291.014893 -209.510193 4.72739983
291.029694 -209.535095 5.98519993
291.07309 -209.480392 6.16660023
291.104889 -209.556396 6.27880001
291.001801 -209.296494 4.36569977
291.05426 -209.356369 4.73094988
291.027313 -209.323196 4.95940018
291.167297 -209.030304 5.43050003
291.063171 -208.843506 5.10809994
291.010651 -208.897797 5.26370001
291.113312 -208.735199 5.20240021
291.069855 -208.747894 5.4524498
291.136108 -208.659805 5.85220003
291.076385 -208.557907 4.84950018
291.015991 -208.576294 5.32670021
291.044708 -208.461502 5.51450014
291.126648 -208.486954 6.04084969
291.168396 -208.442398 6.2986002
291.156097 -208.371399 5.10570002
291.132202 -208.345398 6.10540009
291.098206 -208.206696 6.84040022
291.100708 -208.011902 5.96820021
291.141083 -208.059753 6.10890007
291.136505 -208.044205 6.41379976
291.015015 -208.090607 6.74510002
291.065308 -207.800598 5.76420021
291.066193 -207.921707 5.94329977
291.169312 -207.880798 6.40040016
291.001099 -202.860901 5.05159998
291.076294 -202.664993 4.94484997
291.061707 -202.538406 4.92920017
291.0112 -202.503494 5.13450003
291.319824 -219.939056 7.65253353
291.268585 -219.999207 7.83820009
291.322601 -219.682159 0.868499994
291.269989 -219.488403 0.93900001
291.293945 -219.442108 6.99230003
291.337494 -219.471405 7.10169983
291.352539 -219.367599 0.875499964
291.359314 -219.347946 7.05395031
291.287659 -219.125854 0.873000026
291.3797 -218.898895 0.871900022
291.397186 -218.703796 0.872300029
291.299591 -218.3452 0.867500007
291.319458 -218.076599 0.880949974
291.375793 -217.65799 0.912150025
291.318207 -217.516296 0.892700016
291.335327 -217.532852 4.48322487
291.371704 -217.274597 0.92110002
291.221405 -217.042206 0.898899972
291.243988 -217.062698 10.2011995
291.300903 -216.899963 0.906300008
291.27005 -216.825592 8.28924942
291.256104 -216.956696 10.0462999
291.293304 -216.860504 10.3218002
291.264709 -216.752808 0.901199996
291.337708 -216.663254 3.2720499
291.291565 -216.70462 8.32433987
291.262695 -216.607407 8.41450024
291.305542 -216.64801 10.2244997
291.366791 -216.448807 1.66100001
291.321014 -216.541107 2.36849999
291.391022 -216.491837 3.14377999
291.340363 -216.509537 3.28960013
291.349213 -216.481003 4.87650013
291.221191 -216.436798 7.95879984
291.285095 -216.4086 8.34080029
291.252594 -216.462708 8.77970028
291.281006 -216.53244 10.1354332
291.326477 -216.481796 10.2282505
291.272827 -216.278259 0.936200023
291.36731 -216.2005 1.40910006
291.352814 -216.202194 1.89530003
291.27829 -216.200897 2.45110011
291.388855 -216.2052 2.69694996
291.375732 -216.283539 2.91666675
291.349487 -216.290924 3.10509992
291.259521 -216.320724 3.29360008
291.296997 -216.298492 3.42860007
291.291504 -216.388504 4.75089979
291.292206 -216.299026 4.85767508
291.230896 -216.201294 6.70629978
291.339203 -216.298706 8.10849953
291.259003 -216.314301 8.64019966
291.388702 -216.333405 8.99209976
291.280914 -216.227402 10.0848999
291.342987 -216.106598 1.0837667
291.363251 -216.04306 1.30349994
291.373413 -216.054535 1.47710001
291.38089 -216.111694 1.98450005
291.307678 -216.081375 2.11323333
291.354401 -216.125702 2.27530003
291.36438 -216.078094 2.47144985
291.351746 -216.078003 2.73659992
291.363403 -216.024704 2.90610003
291.325134 -216.164093 3.09976006
291.255615 -216.116867 3.30640006
291.338135 -216.059845 3.45800018
291.321442 -216.021103 6.55774975
291.239227 -216.072906 6.66383314
291.303406 -216.070404 9.24489975
291.33139 -216.070206 9.98740005
291.302673 -215.899902 0.98119998
291.333557 -215.858444 1.09220004
291.352081 -215.842239 1.32933331
291.285248 -215.902618 1.51212502
291.334167 -215.869843 1.72833335
291.362274 -215.913162 1.93726671
291.336456 -215.888046 2.08264995
291.345154 -215.906067 2.31719995
291.331665 -215.965027 2.53376007
291.361664 -215.897202 2.66596675
291.327271 -215.906998 2.8225801
291.256531 -215.895996 3.09929991
291.22644 -215.936829 3.30137491
291.343994 -215.861206 4.23509979
291.290253 -215.942001 6.6538496
291.284546 -215.853943 7.51999998
291.270294 -215.822693 9.90550041
291.284088 -215.678299 1.09660006
291.290894 -215.715469 1.28923333
291.321533 -215.711456 1.48379993
291.271515 -215.670502 1.77769995
291.284973 -215.684753 1.89705002
291.315002 -215.733673 2.08146667
291.264191 -215.708176 2.27445006
291.286133 -215.715424 2.45296001
291.289246 -215.727539 2.76824999
291.250824 -215.677536 2.95059991
291.250244 -215.686035 3.11121988
291.277008 -215.709106 3.36560011
291.31369 -215.779099 4.18200016
291.298096 -215.743149 7.35060024
291.338501 -215.744797 7.40369987
291.247009 -215.738297 7.73449993
291.389709 -215.777496 7.81580019
291.29245 -215.697144 9.77810001
291.305603 -215.691406 9.99520016
291.297211 -215.598297 0.969699979
291.26413 -215.524872 1.09679997
291.245697 -215.516998 1.39900005
291.244507 -215.538162 1.64436662
291.237488 -215.542007 1.87073338
291.286591 -215.572433 2.11269999
291.255554 -215.568756 2.26819992
291.226807 -215.575607 2.46950006
291.223694 -215.507553 2.72935009
291.267029 -215.514328 2.86339998
291.21875 -215.494354 3.07140017
291.325012 -215.547806 5.26919985
291.365997 -215.466995 5.40479994
291.206604 -215.516098 9.2901001
291.255463 -215.549347 9.90534973
291.207306 -215.575607 10.1655998
291.226746 -215.348404 4.33589983
291.312805 -215.272858 5.09035015
291.357605 -215.280396 5.37060022
291.323914 -215.358505 5.96290016
291.219299 -215.231995 7.43839979
291.306091 -215.300003 8.68384933
291.232788 -215.214294 10.3320999
291.335846 -215.100098 3.74884987
291.372894 -215.082001 4.09424973
291.221497 -215.167694 5.13950014
291.393005 -215.149002 5.90369987
291.328156 -215.156052 6.10645008
291.269165 -215.030243 6.88239956
291.398193 -215.1371 8.58990002
291.315491 -215.123306 8.78709984
291.225311 -214.847702 4.66009998
291.346588 -214.843399 4.9369998
291.231995 -214.975006 6.39830017
291.215393 -214.989105 6.74139977
291.344391 -214.950302 6.8281002
291.241638 -214.860046 7.55529976
291.31012 -214.864548 8.54994965
291.22049 -214.955597 8.81439972
291.309387 -214.748306 4.13310003
291.375793 -214.635193 4.3354001
291.285461 -214.702179 4.54714966
291.371216 -214.685699 4.62314987
291.325287 -214.785995 6.23129988
291.32959 -214.751999 8.55125046
291.221985 -214.533493 3.86420012
291.274414 -214.525253 4.13825035
291.327637 -214.534393 4.33330011
291.361481 -214.565536 4.46553326
291.396912 -214.598694 4.62290001
291.389893 -214.469894 5.64099979
291.324707 -214.492096 9.09589958
291.340393 -214.500198 9.97700024
291.256104 -214.358307 9.13819981
291.362793 -214.279205 9.30739975
291.303406 -214.309692 10.6055002
291.20459 -214.104996 3.76620007
291.296997 -214.092316 3.88905001
291.347595 -214.125504 6.26910019
291.346313 -214.028305 9.70079994
291.279785 -214.108597 9.82489967
291.343903 -213.864807 3.79509997
291.307343 -213.91983 3.87958574
291.346405 -213.909363 4.04285002
291.356903 -213.652893 3.96440005
291.286194 -213.677948 4.02094984
291.266693 -213.681458 6.20460033
291.255707 -213.6875 7.15129995
291.322205 -213.665604 7.27419996
291.281982 -213.514648 4.00845003
291.332001 -213.491699 6.17700005
291.332306 -213.493195 7.17500019
291.384186 -213.537903 9.81569958
291.292267 -213.328964 3.90956664
291.365906 -213.318405 4.10610008
291.315735 -213.296204 4.31363344
291.246002 -213.233307 6.23089981
291.388885 -213.327499 7.55700016
291.200989 -213.2052 8.54529953
291.358887 -213.229004 10.4813004
291.257812 -213.379395 10.8788996
291.337219 -213.064896 3.93686676
291.309906 -213.0849 4.03249979
291.298035 -213.159943 4.2878499
291.350586 -213.117096 4.50719976
291.328339 -213.100662 4.73290014
291.252106 -213.010406 4.90819979
291.332794 -213.067505 5.01070023
291.33609 -213.130707 6.12279987
291.321625 -213.081879 6.28530025
291.360687 -213.035294 7.00829983
291.361908 -212.982803 3.81879997
291.299896 -212.91185 4.05544996
291.375793 -212.865448 4.29819965
291.286102 -212.905457 4.48775005
291.301758 -212.917633 4.69665003
291.243805 -212.970795 4.86209965
291.294769 -212.906342 5.93876648
291.324829 -212.920578 6.07947493
291.255127 -212.965347 6.29220009
291.338898 -212.854401 6.90530014
291.300812 -212.986893 7.10820007
291.240601 -212.964294 7.27099991
291.300903 -212.664398 3.96230006
291.296021 -212.675232 4.12809992
291.265656 -212.719193 4.33883333
291.357788 -212.719696 4.40889978
291.298096 -212.695145 4.77754974
291.280304 -212.75 4.93160009
291.259094 -212.787292 5.01989985
291.319794 -212.735397 5.68809986
291.275604 -212.7742 6.25163317
291.345612 -212.755707 6.40339994
291.262329 -212.500641 4.32969999
291.317413 -212.563599 4.97770023
291.371552 -212.407349 5.67350006
291.359802 -212.405899 6.37230015
291.388306 -212.460999 6.69689989
291.286194 -212.371002 4.24590015
291.308289 -212.305267 5.58326674
291.243042 -212.307999 6.32349968
291.353485 -212.214996 6.60419989
291.227295 -212.2005 6.85440016
291.347412 -212.0952 4.05929995
291.34729 -212.133545 5.72894955
291.324829 -212.074402 5.89354992
291.27179 -212.104599 6.04969978
291.389587 -212.137894 6.32530022
291.323547 -212.086136 6.45583344
291.280914 -212.068207 6.7895999
291.26535 -212.087708 6.87755013
291.246948 -211.88855 5.77209997
291.284088 -211.955795 6.13950014
291.256287 -211.901398 6.29099989
291.349915 -211.848526 6.95697498
291.249908 -211.736206 4.35150003
291.237213 -211.7724 5.88940001
291.386505 -211.584595 4.57079983
291.339111 -211.486496 4.79099989
291.378204 -211.061707 4.5854001
291.297974 -210.855194 4.48705006
291.335693 -210.937851 4.75129986
291.373505 -210.267197 4.87039995
291.287811 -210.225204 6.11929989
291.303314 -210.098907 5.60589981
291.32019 -210.043701 6.11789989
291.228485 -209.916504 5.26889992
291.349304 -209.948105 5.56559992
291.2547 -209.866455 5.94859982
291.260254 -209.913269 6.12109995
291.221008 -209.888092 6.2826004
291.365143 -209.739502 5.89639997
291.372498 -209.751205 6.29909992
291.26889 -208.894394 5.96680021
291.310547 -208.708191 6.26255035
291.276794 -208.593399 5.56949997
291.323914 -208.508057 5.93745041
291.356628 -208.446304 6.11164999
291.352356 -208.521149 6.52435017
291.284912 -208.235001 4.98400021
291.335114 -208.384705 5.29979992
291.285797 -208.327301 5.6711998
291.293701 -208.281158 6.10357475
291.304565 -208.2686 6.29026651
291.27951 -208.332001 6.40840006
291.21579 -208.358994 6.63079977
291.214111 -208.054001 5.74770021
291.233307 -208.088303 5.98565006
291.240753 -208.02623 6.12686682
291.332397 -208.18663 6.35023355
291.392212 -208.095306 6.54470015
291.200104 -208.141205 6.62290001
291.280792 -207.977295 6.17640018
291.329987 -207.603897 5.90740013
291.233704 -207.407394 5.08869982
291.306396 -207.202194 6.26020002
291.398285 -205.864502 6.23449993
291.487274 -219.884369 0.842824996
291.526306 -219.807999 7.5875001
291.567505 -219.836746 7.70454979
291.56839 -219.888596 7.84740019
291.498352 -219.749298 0.863199949
291.559601 -219.510635 0.867733359
291.55481 -219.548065 4.28016663
291.552368 -219.407043 6.9633503
291.499664 -219.453918 7.08232498
291.435699 -219.356201 0.861400008
291.560455 -219.358063 7.03439999
291.558502 -219.055298 0.857599974
291.498901 -218.880997 0.925800025
291.448242 -218.649506 0.899800003
291.490204 -218.561493 0.885399997
291.530487 -218.259399 0.905799985
291.506317 -218.085236 0.895266652
291.553314 -217.982101 0.904500008
291.409302 -217.7659 0.883000016
291.552704 -217.632004 4.30800009
291.474487 -217.648407 4.42439985
291.587585 -217.544205 3.32610011
291.49585 -217.548965 4.31436682
291.549011 -217.527893 4.46000004
291.544189 -217.244141 0.891250014
291.539093 -217.326706 1.81219995
291.553406 -217.254303 2.72049999
291.576843 -217.268265 3.0933001
291.551361 -217.267517 3.29129982
291.515503 -217.343704 3.42389989
291.503662 -217.088852 1.05789995
291.571503 -217.092056 1.89315009
291.552368 -217.08754 3.1157999
291.492065 -217.093597 3.27084994
291.53006 -216.922592 0.946966648
291.5513 -216.88533 1.26540005
291.59494 -216.872696 1.65236664
291.564636 -216.878372 1.88566673
291.572815 -216.933197 2.11030006
291.570312 -216.999298 2.51379991
291.594299 -216.887299 2.72900009
291.502136 -216.872696 2.93309999
291.49469 -216.850403 3.14179993
291.462036 -216.895386 3.27291679
291.448914 -216.975601 3.40310001
291.506226 -216.8228 8.33500004
291.531708 -216.655899 0.976499975
291.526184 -216.692001 1.10829997
291.574158 -216.689774 1.25610006
291.560303 -216.6689 1.48600006
291.501709 -216.603195 1.72730005
291.577301 -216.703476 1.89042497
291.533936 -216.702332 2.29849982
291.553375 -216.713684 2.5158751
291.509186 -216.72554 2.69893336
291.548462 -216.730042 2.85843325
291.483185 -216.688141 3.09299994
291.453003 -216.721848 3.22555017
291.470398 -216.683655 8.27829933
291.529297 -216.675095 10.0608997
291.441742 -216.514252 0.968999982
291.521057 -216.437592 1.05905008
291.540894 -216.449005 1.23179996
291.533813 -216.542969 1.49749994
291.50293 -216.509705 1.70832002
291.497375 -216.487228 1.92180002
291.518585 -216.503998 2.0934
291.471497 -216.417297 2.37549996
291.537811 -216.555847 2.48152494
291.489899 -216.472992 2.69805002
291.513367 -216.461472 2.91214991
291.438507 -216.482605 3.08419991
291.572113 -216.559097 8.65550041
291.554199 -216.559601 10.0794001
291.487946 -216.305969 0.962533295
291.491913 -216.356247 1.11949992
291.476776 -216.32933 1.25240004
291.475525 -216.336899 1.50314999
291.495544 -216.353577 1.69767499
291.448029 -216.314468 1.92759991
291.466522 -216.320801 2.11938334
291.500793 -216.358505 2.22979999
291.427673 -216.31131 2.5072
291.450348 -216.322525 2.68517494
291.460297 -216.297348 2.87782001
291.458588 -216.394608 3.00259995
291.453156 -216.274551 6.76380014
291.413696 -216.373199 9.89640045
291.444885 -216.322205 10.1372004
291.434906 -216.114761 1.09391999
291.422913 -216.045105 1.2924
291.421265 -216.108032 1.50495005
291.430817 -216.079987 1.69070005
291.41745 -216.083755 1.85010004
291.502258 -216.148102 2.05940008
291.419708 -216.079193 2.28546667
291.414062 -216.085205 2.48009992
291.429138 -216.143799 2.68725014
291.429993 -216.072296 2.87809992
291.404785 -216.131607 3.05929995
291.494812 -216.058197 4.10284996
291.540894 -216.077103 5.12010002
291.428009 -216.046997 6.74249983
291.528992 -216.196304 6.81689978
291.484589 -216.012299 7.75099993
291.450409 -216.118195 8.39260006
291.524292 -216.020996 8.75870037
291.467194 -216.022903 9.08819962
291.496002 -216.196304 9.88150024
291.458923 -215.972 1.1631999
291.428192 -215.973206 1.85720003
291.435913 -215.853302 2.16669989
291.416443 -215.9505 2.32754993
291.435089 -215.9758 2.54290009
291.594391 -215.837799 3.96359992
291.547852 -215.949554 4.10385036
291.57251 -215.839661 5.88570023
291.56311 -215.849106 7.08129978
291.515106 -215.88974 7.87540007
291.535004 -215.916 8.50580025
291.515198 -215.948303 8.69769955
291.539215 -215.934601 9.52770042
291.412201 -215.759506 2.93700004
291.585388 -215.703644 4.23414993
291.433685 -215.750107 4.42269993
291.491699 -215.777206 5.72450018
291.454468 -215.72905 7.66680002
291.5914 -215.696594 8.67940044
291.577087 -215.556396 4.49959993
291.492798 -215.434906 5.06540012
291.499908 -215.591202 7.01350021
291.476898 -215.417404 8.74600029
291.408295 -215.532806 10.3297997
291.483459 -215.204803 3.71640015
291.483185 -215.363205 4.42439985
291.459717 -215.293854 5.10459995
291.429993 -215.336807 6.00860023
291.483002 -215.328598 8.6857996
291.406311 -215.155197 3.73280001
291.493835 -215.104477 4.07143354
291.458771 -215.087097 5.89400005
291.403015 -215.146301 6.1012001
291.586487 -215.024796 6.93889999
291.438782 -215.081299 7.14710045
291.403992 -215.069 7.59509993
291.410187 -215.097702 8.24209976
291.550995 -215.031998 8.83679962
291.451813 -215.199203 9.94760036
291.541595 -214.861298 6.38920021
291.535858 -214.900848 6.51745033
291.501953 -214.913788 6.78495026
291.524414 -214.965302 6.96649981
291.485992 -214.904007 8.11859989
291.462799 -214.618393 4.59789991
291.436005 -214.632843 4.69849968
291.51651 -214.781204 6.65899992
291.537781 -214.754257 9.29255009
291.532166 -214.480942 4.30978012
291.524658 -214.49646 4.4793334
291.528473 -214.568924 4.66606665
291.507721 -214.512833 4.91536665
291.527374 -214.491638 5.03206635
291.510498 -214.482101 6.92799997
291.421997 -214.547104 8.6239996
291.590912 -214.561798 9.19260025
291.443115 -214.537994 10.1527996
291.520508 -214.561996 10.2551003
291.56311 -214.208801 3.8440001
291.462097 -214.330002 4.18839979
291.559937 -214.30304 4.30198002
291.577271 -214.27771 4.49009991
291.543304 -214.367905 4.91720009
291.438293 -214.200699 6.2171998
291.5065 -214.389603 8.9822998
291.475708 -214.228302 9.92080021
291.4646 -214.015961 3.85559988
291.534912 -214.110062 4.11049986
291.555237 -214.108429 4.30037498
291.551239 -214.069794 4.52573347
291.460297 -214.007904 4.65649986
291.547943 -214.181702 5.47825003
291.46701 -213.841904 3.76690006
291.49649 -213.925873 3.95566654
291.592499 -213.978394 4.25449991
291.433807 -213.867493 6.24560022
291.460999 -213.811295 7.3895998
291.536987 -213.784805 3.84319997
291.477112 -213.705353 6.25335026
291.425415 -213.696396 7.28359985
291.507599 -213.405807 4.65980005
291.591187 -213.548203 6.12599993
291.4776 -213.545654 6.32555008
291.537903 -213.550171 7.09569979
291.467896 -213.538696 7.23689985
291.410004 -213.584793 8.27939987
291.42099 -213.461105 9.84379959
291.463806 -213.471497 10.7268
291.438141 -213.2341 3.85615015
291.510986 -213.252594 4.39620018
291.525055 -213.293396 4.66549969
291.594513 -213.274307 6.1019001
291.466766 -213.280304 6.29117489
291.445496 -213.389496 9.91450024
291.502441 -213.096863 3.87179995
291.450989 -213.109283 4.28600025
291.501099 -213.0784 4.43120003
291.511292 -213.103226 4.69339991
291.552612 -213.036606 6.18660021
291.419586 -213.192398 6.33640003
291.429993 -213.117905 10.1639996
291.520905 -212.929993 3.77929997
291.502197 -212.955429 4.15560007
291.455597 -212.888306 4.21729994
291.425903 -212.951797 4.63724995
291.597504 -212.871201 5.97459984
291.441406 -212.855499 6.08839989
291.424194 -212.951294 7.47860003
291.551697 -212.697098 10.2957001
291.42981 -212.434601 3.71729994
291.515106 -212.535706 6.23070002
291.548492 -212.216705 4.41940022
291.430603 -212.368896 6.26679993
291.449829 -212.307312 6.44339991
291.473694 -212.132706 4.43050003
291.597595 -212.034607 4.7177
291.487762 -212.176529 6.33139992
291.480804 -212.056702 6.5012002
291.429291 -211.983505 5.80579996
291.526093 -211.748901 5.90259981
291.485657 -211.140747 4.49595022
291.413605 -211.133698 4.62869978
291.592987 -210.665405 5.19040012
291.558411 -210.558395 5.22039986
291.436707 -210.266006 4.77839994
291.465393 -210.185196 5.36359978
291.454895 -210.059494 5.44899988
291.403503 -210.121399 5.6736002
291.414307 -209.939102 5.34520006
291.513306 -209.082108 5.29570007
291.472412 -209.092499 6.06040001
291.416595 -208.901993 5.47849989
291.562958 -208.901596 6.13466692
291.509033 -208.826004 6.28149986
291.4729 -208.744705 5.84439993
291.582703 -208.763397 6.14960003
291.415955 -208.721161 6.2354002
291.454712 -208.534103 6.23140001
291.483704 -208.267807 5.73029995
291.434692 -208.378296 6.22489977
291.559998 -208.016205 5.49760008
291.401093 -208.086502 6.30740023
291.558685 -207.625198 4.79199982
291.510712 -207.488403 4.98449993
291.595306 -207.494095 5.85010004
291.522003 -207.241104 6.06260014
291.742188 -219.973404 6.52460003
291.7435 -219.9944 6.64519978
291.646698 -219.899109 7.75234985
291.687439 -219.897446 7.87944984
291.781097 -219.623703 4.32460022
291.657837 -219.679657 7.24129963
291.60141 -219.673004 7.75430012
291.743561 -219.528946 0.86864996
291.688629 -219.519073 4.30306244
291.685211 -219.5121 4.48750019
291.68573 -219.4711 7.10309982
291.665802 -219.273804 0.911300004
291.677399 -219.297302 4.31699991
291.699005 -219.391907 4.54510021
291.673492 -219.392593 7.02260017
291.794189 -219.1008 0.862299979
291.663696 -218.706802 0.891499996
291.62262 -218.493698 0.883249998
291.730286 -218.370209 0.937649965
291.789703 -218.209702 3.16729999
291.789764 -218.291168 3.2451334
291.730103 -218.062897 0.950999975
291.798584 -218.020142 3.12275004
291.753906 -218.082733 3.26929998
291.730988 -217.906006 1.96420002
291.729401 -217.909103 2.0532999
291.767487 -217.820007 2.28780007
291.7276 -217.862579 3.13401675
291.719604 -217.9104 3.25979996
291.727539 -217.631546 0.945549965
291.678345 -217.664856 1.12665009
291.696991 -217.677704 1.35720003
291.741577 -217.645599 1.52375007
291.790009 -217.6203 1.71379995
291.686615 -217.633408 1.91470003
291.767395 -217.697464 2.09356666
291.666595 -217.710495 2.68190002
291.77243 -217.644104 2.86226654
291.727661 -217.717041 3.0948
291.687164 -217.732346 3.27972007
291.760498 -217.611099 4.14843321
291.603699 -217.772202 4.2112999
291.730103 -217.4543 0.931900024
291.746033 -217.494003 1.05762506
291.766113 -217.48114 1.30966663
291.760468 -217.48735 1.50129998
291.752289 -217.457123 1.71389997
291.721649 -217.519775 1.88499999
291.754791 -217.443268 2.09669995
291.751251 -217.460953 2.32240009
291.749054 -217.521469 2.48303342
291.750092 -217.508057 2.66644287
291.741272 -217.47821 2.92482853
291.661621 -217.504684 3.14242005
291.611298 -217.414795 3.25539994
291.630798 -217.545303 3.43519998
291.628052 -217.564499 4.21895027
291.605103 -217.566193 4.46619987
291.699493 -217.281631 0.939566672
291.716095 -217.320496 1.10874999
291.732971 -217.287201 1.22749996
291.719971 -217.322693 1.55800009
291.720551 -217.269638 1.70799994
291.719513 -217.290451 1.88265002
291.733032 -217.320648 2.06800008
291.752228 -217.323776 2.27636003
291.726929 -217.312607 2.48835707
291.704224 -217.284882 2.71285009
291.700378 -217.311554 2.8989501
291.688995 -217.3134 3.14550018
291.653809 -217.304199 3.43490005
291.60791 -217.295898 3.90960002
291.672058 -217.117096 0.950150013
291.682739 -217.11972 1.143875
291.707489 -217.138702 1.25539994
291.67511 -217.097229 1.5017556
291.676117 -217.084274 1.7385
291.670715 -217.080383 1.91929996
291.744995 -217.139191 2.09667492
291.73288 -217.09288 2.29362488
291.740234 -217.158463 2.47300005
291.685394 -217.094742 2.69792008
291.639374 -217.089142 2.91181421
291.623505 -217.140793 3.05669999
291.636719 -216.903549 1.11693335
291.6315 -216.977905 1.2306
291.637177 -216.900574 1.48195004
291.669434 -216.926422 1.70290005
291.683899 -216.897705 1.95805001
291.730743 -216.904968 2.08515
291.713623 -216.929764 2.27706671
291.658875 -216.891068 2.41663337
291.631653 -216.908722 2.71034002
291.634827 -216.902252 2.90415001
291.628479 -216.879303 8.24310017
291.787811 -216.880707 10.6773005
291.613312 -216.655701 0.921899974
291.619202 -216.785797 1.31120002
291.625305 -216.777206 1.81799996
291.650513 -216.780853 2.06594992
291.672882 -216.720306 2.29721999
291.643311 -216.697495 2.40680003
291.618286 -216.796097 2.71790004
291.698792 -216.748001 2.91199994
291.60379 -216.605804 3.01699996
291.676392 -216.628098 8.40919971
291.753235 -216.712494 9.92500019
291.623291 -216.5849 2.37899995
291.77594 -216.405548 6.91900015
291.728546 -216.453064 8.51956654
291.675293 -216.541702 8.7276001
291.684601 -216.433304 9.78120041
291.707153 -216.498657 9.87870026
291.602203 -216.251801 2.06820011
291.72049 -216.225296 6.77939987
291.705261 -216.300659 6.91769981
291.675903 -216.341293 8.55070019
291.703888 -216.346695 9.79150009
291.791199 -216.042496 4.6237998
291.606293 -216.066696 5.05730009
291.793701 -216.040894 5.70289993
291.699493 -216.080505 6.75899982
291.742004 -216.053665 6.89943314
291.683411 -216.059845 7.54104996
291.709259 -216.013535 7.71010017
291.70929 -216.089096 9.76439953
291.666992 -215.831696 3.98060012
291.629608 -215.868698 4.0467
291.732605 -215.814194 5.01240015
291.799591 -215.888504 5.35379982
291.759552 -215.860504 5.72056675
291.707397 -215.823608 5.84630013
291.703156 -215.910248 6.88654995
291.641907 -215.899597 7.15279961
291.794403 -215.987701 7.45580006
291.729187 -215.943451 7.71625042
291.741821 -215.757599 3.94499993
291.706451 -215.706528 4.10543728
291.782013 -215.685303 4.26109982
291.686462 -215.646652 4.47274971
291.683685 -215.605698 4.65189981
291.750397 -215.662399 5.17840004
291.745697 -215.733337 5.29123306
291.688599 -215.789001 5.98040009
291.7435 -215.791397 6.05900002
291.629089 -215.761139 6.94379997
291.708313 -215.786407 7.11880016
291.798401 -215.630707 8.19900036
291.70282 -215.668701 8.34939957
291.719543 -215.665039 8.52675056
291.741394 -215.627808 8.75704956
291.691406 -215.781906 8.8156004
291.786591 -215.578598 3.94190001
291.6586 -215.501007 4.25950003
291.731415 -215.580902 7.09899998
291.733795 -215.485794 8.65849972
291.699799 -215.563004 8.96749973
291.725189 -215.477905 9.01690006
291.705841 -215.297867 4.06176662
291.764587 -215.273697 4.40649986
291.644104 -215.328003 5.19290018
291.683411 -215.208405 5.30310011
291.788086 -215.2621 8.29269981
291.639893 -215.391098 8.50129986
291.720978 -215.109039 4.07936001
291.689758 -215.125534 4.87747478
291.62738 -215.151855 5.0656004
291.778015 -215.086899 5.50969982
291.701385 -215.056793 6.83239985
291.708344 -215.051559 7.05463314
291.670288 -215.041794 7.37839985
291.675201 -215.167297 7.63259983
291.722717 -215.077774 7.90472507
291.722198 -215.048096 8.11559963
291.722198 -215.0168 8.23419952
291.634705 -214.912399 3.9282999
291.757172 -214.883469 6.70593357
291.730164 -214.995453 6.95555019
291.7659 -214.938797 7.04629993
291.714447 -214.899445 7.69379997
291.673309 -214.979294 7.88740015
291.622894 -214.681198 4.57079983
291.613495 -214.682602 6.3829999
291.751709 -214.739395 6.45919991
291.672485 -214.690201 9.09090042
291.619934 -214.470154 4.15320015
291.671844 -214.475037 4.25699997
291.645325 -214.442993 4.58890009
291.669922 -214.503082 4.73721981
291.708069 -214.487701 4.90963316
291.677704 -214.227493 4.13269997
291.662445 -214.291534 4.28060007
291.674988 -214.265152 4.52194977
291.787292 -214.2742 4.67784977
291.652893 -214.395096 5.05280018
291.688232 -214.104095 4.16173315
291.700806 -214.156448 4.25692511
291.744019 -214.137848 4.48957491
291.770996 -214.022293 4.63009977
291.625397 -214.150803 5.62559986
291.775085 -214.079803 5.99350023
291.727234 -214.098206 6.27623367
291.750793 -214.169601 7.48799992
291.799011 -214.001404 9.34049988
291.608704 -214.009293 10.6508999
291.707703 -213.915955 4.11250019
291.703888 -213.992004 4.23199987
291.778992 -213.983597 6.2098999
291.703735 -213.630249 6.1616497
291.674805 -213.724136 9.09000015
291.642914 -213.633499 10.1615
291.791901 -213.428802 6.13369989
291.731995 -213.533798 7.08230019
291.650787 -213.577896 7.43489981
291.757996 -213.4832 9.24989986
291.756805 -213.557205 9.6232996
291.790985 -213.512299 10.1704998
291.626495 -213.357803 4.21670008
291.656097 -213.342545 4.51889992
291.721985 -213.284103 4.72370005
291.602997 -213.340607 6.17929983
291.657806 -213.135498 4.69145012
291.667786 -213.051941 6.08434963
291.661804 -213.168304 6.22319984
291.630432 -213.084045 7.69969988
291.740814 -213.015396 10.2600002
291.623199 -212.922302 3.52340007
291.703003 -212.893707 3.86069989
291.720795 -212.850235 5.92199993
291.720673 -212.918533 6.09719992
291.742096 -212.861298 6.21260023
291.742493 -212.743103 5.84560013
291.62149 -212.701294 6.25640011
291.735596 -212.711243 6.45679998
291.731506 -212.518402 5.97219992
291.614594 -212.101395 4.65150023
291.645599 -212.187195 5.85090017
291.688599 -212.058304 6.0072999
291.670837 -211.637695 4.68869972
291.749603 -211.440002 4.80359983
291.664886 -211.514801 6.72399998
291.625885 -211.388 4.77229977
291.799805 -211.1409 5.76469994
291.659088 -210.463196 5.17549992
291.680206 -210.396194 5.20609999
291.69751 -209.947601 5.32140017
291.606293 -209.062195 4.98689985
291.795898 -209.190399 5.7196002
291.716797 -208.947205 5.29879999
291.756897 -207.6073 5.76079988
291.66391 -207.569305 5.16200018
291.674713 -207.465393 5.77199984
291.668915 -207.296295 5.90959978
291.666809 -207.2388 6.02650023
291.734802 -200.205994 11.0924997
291.669006 -200.036041 12.4988499
291.991486 -219.810593 0.844600022
291.87619 -219.922501 6.55270004
291.905853 -219.984009 6.66989994
291.872986 -219.838303 7.84569979
291.907593 -219.696594 0.874100029
291.870697 -219.6716 4.14120007
291.919434 -219.655396 4.31474972
291.855194 -219.633896 7.37370014
291.959747 -219.677063 7.47525024
291.995697 -219.779205 8.15299988
291.944122 -219.499527 0.848566651
291.800598 -219.5914 4.15929985
291.886108 -219.514603 4.30081797
291.906189 -219.424042 7.18245029
291.998901 -219.202606 3.33929992
291.890106 -219.335403 4.22949982
291.858093 -219.361206 7.12559986
291.957794 -219.125504 0.874300003
291.976196 -219.032394 3.19970012
291.970459 -219.120804 3.26894999
291.861115 -218.967697 0.867799997
291.975647 -218.903748 3.12020016
291.946838 -218.854706 3.22060013
291.907562 -218.698425 0.956674993
291.961548 -218.69342 1.10284996
291.937622 -218.709 1.28526664
291.96283 -218.726257 1.49075007
291.953613 -218.699768 1.68299997
291.92041 -218.677551 1.933375
291.966675 -218.722534 2.08139992
291.953247 -218.723801 2.26419997
291.951599 -218.687592 2.49812508
291.943024 -218.714569 2.6954751
291.963348 -218.693619 2.89078331
291.924255 -218.683487 3.07493997
291.919403 -218.698441 3.25830007
291.865112 -218.479004 0.93295002
291.969604 -218.552002 1.08413327
291.93689 -218.471466 1.27596664
291.911072 -218.477875 1.4748857
291.954987 -218.522888 1.69734001
291.929688 -218.435623 1.87926674
291.929291 -218.466629 2.11902857
291.923462 -218.489532 2.32536674
291.927521 -218.487274 2.46271992
291.927948 -218.465195 2.66670012
291.917023 -218.49585 2.93199992
291.88382 -218.519577 3.10075998
291.901062 -218.477509 3.29231262
291.874023 -218.334854 0.927850008
291.936829 -218.328293 1.03549993
291.952209 -218.303375 1.28842854
291.944214 -218.293808 1.49819994
291.949127 -218.330185 1.64616001
291.966187 -218.269974 1.89307499
291.928558 -218.319946 2.11940002
291.931122 -218.30806 2.32048583
291.938202 -218.28334 2.49853325
291.942169 -218.330627 2.74256659
291.942871 -218.318634 2.90894008
291.888184 -218.333298 3.11757493
291.925812 -218.306747 3.2583499
291.938599 -218.079956 1.07357502
291.897736 -218.095825 1.32265997
291.957306 -218.144592 1.48662496
291.919312 -218.107529 1.71630001
291.915161 -218.106735 1.97053337
291.907715 -218.057236 2.1153667
291.92038 -218.089737 2.29365993
291.909241 -218.106445 2.52887487
291.932709 -218.178207 2.71090007
291.885132 -218.040833 2.90420008
291.859955 -218.091003 3.10006666
291.833191 -218.098907 3.37739992
291.897797 -217.919571 1.05883336
291.888885 -217.912796 1.34326661
291.925446 -217.937363 1.55456662
291.87561 -217.878906 1.70418334
291.908661 -217.894165 1.93330002
291.87439 -217.841507 2.13525009
291.879395 -217.874695 2.26566648
291.832306 -217.836395 2.59179997
291.897308 -217.873596 2.70840001
291.879669 -217.930099 2.91373992
291.86853 -217.87851 3.06830001
291.918091 -217.896896 3.46869993
291.810394 -217.755005 0.951599956
291.889221 -217.747604 1.1175667
291.85791 -217.732346 1.30395007
291.832886 -217.693848 1.46224999
291.855286 -217.684753 1.73309994
291.830505 -217.667175 1.8994
291.838867 -217.693802 2.09772015
291.845856 -217.689636 2.2919333
291.844269 -217.727417 2.47557998
291.842468 -217.77565 2.74760008
291.831696 -217.729797 2.87409997
291.839447 -217.685165 3.11816669
291.998291 -217.622299 3.94910002
291.934601 -217.617294 8.97029972
291.944885 -217.679398 9.49549961
291.835175 -217.570496 1.09200001
291.84314 -217.506805 1.29725003
291.84613 -217.516647 1.66569996
291.821381 -217.526138 1.91986668
291.803406 -217.5457 2.25810003
291.818512 -217.480896 2.68889999
291.832581 -217.516235 2.88770008
291.826965 -217.532806 3.09494996
291.915131 -217.469208 3.91462517
291.894745 -217.526505 4.02909994
291.978699 -217.577194 9.02270031
291.99649 -217.433502 9.24059963
291.972595 -217.483505 9.90810013
291.821808 -217.248306 2.12109995
291.949005 -217.219604 3.49959993
291.818298 -217.253799 9.99040031
291.81604 -217.121643 1.97539997
291.812714 -217.126404 2.05839992
291.840332 -217.08609 2.32620001
291.982727 -217.093216 3.72044992
291.878998 -216.800507 1.12010002
291.810791 -216.992004 2.13549995
291.96051 -216.985794 9.86550045
291.807892 -216.845505 10.6920004
291.963013 -216.724899 9.76739979
291.984161 -216.6651 9.86323357
291.955505 -216.505005 6.73624992
291.839203 -216.437698 8.2737999
291.829712 -216.412903 8.5635004
291.872986 -216.481842 8.7354002
291.877197 -216.570404 8.86349964
291.953888 -216.498901 9.80900002
291.973907 -216.206696 6.3888998
291.906921 -216.272156 6.71694994
291.866699 -216.386002 6.97370005
291.9021 -216.35965 7.06865025
291.933594 -216.310501 8.56579971
291.929047 -216.300446 8.62190056
291.90509 -216.385498 9.73910046
291.825989 -216.012894 4.55660009
291.927002 -216.084396 4.66830015
291.895203 -216.019104 5.03730011
291.923187 -216.037003 5.38600016
291.940887 -216.003403 5.95889997
291.874298 -216.161606 6.13149977
291.956604 -216.105103 6.37290001
291.876892 -216.119659 6.71775007
291.940491 -216.072296 7.51903343
291.894653 -216.093964 7.70550013
291.917389 -216.029999 7.99399996
291.810089 -216.199799 8.51710033
291.801605 -216.011597 9.43089962
291.848999 -216.007996 9.63430023
291.899597 -215.817993 4.54239988
291.845886 -215.915253 4.62669992
291.912262 -215.913361 4.96889973
291.870453 -215.879349 5.28620005
291.854401 -215.826797 5.58510017
291.908661 -215.881073 5.71748018
291.92514 -215.905746 5.91715002
291.809601 -215.911102 6.37720013
291.90979 -215.8815 6.63250017
291.96109 -215.985306 7.49520016
291.825409 -215.804504 8.17240047
291.97699 -215.888596 8.95810032
291.820007 -215.951294 9.42710018
291.854431 -215.666138 3.90770006
291.891907 -215.613297 4.0085001
291.810303 -215.650604 4.36870003
291.901978 -215.68187 4.4944334
291.926453 -215.6548 4.73035002
291.972748 -215.671753 4.87470007
291.804688 -215.626205 5.09049988
291.872009 -215.606995 5.26340008
291.915314 -215.702103 5.70200014
291.809387 -215.694107 6.18410015
291.900085 -215.634903 7.30079985
291.867889 -215.620193 8.17520046
291.856812 -215.617599 8.87590027
291.854401 -215.405899 3.56030011
291.931 -215.483734 3.90880013
291.864227 -215.519501 4.07187986
291.912292 -215.561798 4.2743001
291.904297 -215.550873 4.47753334
291.932098 -215.502899 4.68790007
291.806702 -215.485107 5.1243
291.955597 -215.584595 5.38560009
291.922089 -215.570206 7.97440004
291.953278 -215.484726 8.07603359
291.81781 -215.462204 8.85760021
291.837891 -215.337494 3.92210007
291.921265 -215.333191 4.14254999
291.93634 -215.299133 4.33249998
291.970642 -215.262253 4.51695013
291.892303 -215.394699 8.78989983
291.939148 -215.134094 3.72809982
291.926666 -215.097961 4.1371665
291.925903 -215.115143 4.22055006
291.954956 -215.038956 4.44070005
291.864258 -215.104797 4.68375015
291.853333 -215.123398 5.15735006
291.879028 -215.133865 5.52139997
291.847107 -215.004898 6.67379999
291.830353 -215.042496 7.08360004
291.979401 -215.004303 7.61199999
291.996185 -215.192398 7.90630007
291.884186 -215.078003 8.08396626
291.917206 -215.188705 9.12930012
291.906372 -214.878815 4.13062
291.888855 -214.848816 4.29465008
291.961609 -214.809998 4.71260023
291.966553 -214.929138 4.94665003
291.946442 -214.916809 5.11079979
291.989685 -214.825897 5.24609995
291.990601 -214.902695 5.66169977
291.889771 -214.883743 5.89490032
291.985809 -214.807098 6.01049995
291.951202 -214.908707 6.34969997
291.872009 -214.9991 7.00379992
291.844391 -214.902603 7.78649998
291.944 -214.9151 8.30109978
291.815704 -214.795105 4.2585001
291.889191 -214.603897 4.74189997
291.970612 -214.763 5.20800018
291.963806 -214.746307 6.19040012
291.900085 -214.676605 6.26739979
291.876007 -214.654099 6.61670017
291.980713 -214.584595 4.40869999
291.871277 -214.48941 4.68720007
291.834015 -214.561295 6.62960005
291.817902 -214.32901 4.15649986
291.936005 -214.277496 6.04224968
291.994202 -214.282196 7.33799982
291.924927 -214.097198 4.53086662
291.969513 -214.078598 5.96080017
291.876099 -214.078995 6.0321002
291.812103 -214.109604 6.33339977
291.982208 -214.024307 9.60060024
291.912811 -214.020401 10.5889997
291.914703 -214.153702 10.6118002
291.854889 -213.944168 4.51516676
291.831512 -213.834106 6.16890001
291.80719 -213.905304 6.2414999
291.994293 -213.898804 7.51859999
291.908203 -213.940903 8.87660027
291.91629 -213.936905 10.5172005
291.845459 -213.696198 9.12010002
291.942657 -213.560059 9.2873497
291.891052 -213.514053 9.46245003
291.987488 -213.407104 9.72109985
291.920685 -213.259995 5.2336998
291.903412 -213.371307 5.74459982
291.894592 -213.364502 7.94089985
291.96936 -213.368896 10.2182999
291.980286 -213.124207 5.52680016
291.871307 -213.049698 5.71049976
291.911194 -213.010101 5.93690014
291.881195 -213.099792 6.08185005
291.911713 -213.091507 6.21430016
291.875 -213.054108 6.52715015
291.881897 -213.078705 6.66989994
291.867706 -212.852707 6.01709986
291.892792 -212.802505 6.28599977
291.960785 -212.873398 6.64720011
291.831207 -212.902802 7.70009995
291.9104 -212.656799 4.64230013
291.895508 -212.714493 5.13210011
291.977203 -212.630295 5.53119993
291.850403 -212.763245 5.92275
291.878296 -212.711594 6.29419994
291.966614 -212.778397 10.3596001
291.909302 -212.595093 4.66179991
291.986389 -212.574707 6.38730001
291.863586 -212.431396 6.53410006
291.838409 -211.718094 4.7013998
291.860596 -211.657394 4.82159996
291.98999 -211.770798 6.32730007
291.848114 -208.840393 6.01819992
291.910187 -208.499207 5.56920004
291.862305 -200.330902 10.9487
291.984009 -200.3358 11.0453997
292.124603 -219.902695 0.859399974
292.1474 -219.912506 4.12650013
292.109802 -219.863998 4.26130009
292.037689 -219.947006 6.50509977
292.053802 -219.847595 7.64319992
292.153595 -219.736542 0.862699986
292.15741 -219.654404 3.15079999
292.151611 -219.608704 3.2815001
292.152954 -219.683502 4.12479973
292.107605 -219.734161 4.32210016
292.147797 -219.646194 6.15269995
292.049255 -219.636353 7.31334972
292.184204 -219.5755 0.870999992
292.147308 -219.427902 1.24909997
292.129913 -219.435394 1.76660001
292.145996 -219.560303 2.88459992
292.14856 -219.487137 3.14743996
292.189087 -219.596207 3.20149994
292.168213 -219.556793 4.06860018
292.073944 -219.555405 4.22109985
292.03479 -219.422104 4.59980011
292.174194 -219.453995 6.06339979
292.164612 -219.494095 6.68200016
292.126587 -219.400894 7.27530003
292.077698 -219.299698 1.44459999
292.123505 -219.322296 2.38260007
292.167603 -219.322769 2.95986652
292.078125 -219.28569 3.16457152
292.11615 -219.290649 3.28979993
292.000397 -219.334198 7.05929995
292.162811 -219.150497 0.907800019
292.173401 -219.084747 1.10179996
292.19342 -219.094757 1.72425008
292.183289 -219.034897 1.8556
292.163422 -219.067383 2.11457491
292.124084 -219.032654 2.33605003
292.173401 -219.097 2.52454996
292.178528 -219.113174 2.70444989
292.13678 -219.097427 2.9377749
292.07016 -219.076614 3.09520006
292.13623 -219.144547 3.3288002
292.040161 -218.85585 0.941049993
292.156403 -218.998901 1.19360006
292.051849 -218.8405 1.29990005
292.176392 -218.9673 1.57910001
292.143585 -218.946793 1.66973341
292.166382 -218.941498 1.85809994
292.156097 -218.998093 2.13540006
292.130615 -218.918549 2.32189989
292.064575 -218.86264 2.49913335
292.100922 -218.939331 2.70557499
292.101013 -218.901627 2.90037489
292.086578 -218.913574 3.06999993
292.010315 -218.925705 3.38960004
292.182098 -218.789597 0.967100024
292.032776 -218.6866 1.51845002
292.057098 -218.793793 1.8089
292.065613 -218.701706 2.10080004
292.018097 -218.628998 2.31489992
292.021088 -218.625702 2.89590001
292.021698 -218.685791 3.11100006
292.156586 -218.701096 4.50869989
292.01889 -218.450104 2.3908999
292.003387 -218.506699 2.53830004
292.009796 -218.456696 2.77900004
292.045013 -218.421906 3.00419998
292.19101 -218.5569 4.80980015
292.128967 -218.465607 5.0883503
292.015686 -218.283295 1.14814997
292.091614 -218.253693 1.33099997
292.007904 -218.314697 1.57579994
292.018799 -218.252701 1.91939998
292.000397 -218.322601 2.17980003
292.000793 -218.2724 2.329
292.018005 -218.302246 2.44775009
292.00946 -218.316803 2.70469999
292.124207 -218.262802 4.98829985
292.110535 -218.302094 5.16225004
292.160706 -218.316406 5.28100014
292.033112 -218.122299 1.20280004
292.009613 -218.171906 1.60819995
292.049988 -218.186905 2.36330009
292.186401 -218.1418 5.17810011
292.128113 -218.153107 5.27909994
292.182007 -218.165161 5.43540001
292.118256 -217.92337 3.72603321
292.199188 -217.978394 9.53960037
292.141724 -217.861099 9.62884998
292.163269 -217.735703 3.69573331
292.17099 -217.620605 3.82450008
292.16861 -217.703293 8.86419964
292.074585 -217.621597 9.02869987
292.013 -217.766006 9.48349953
292.105896 -217.619507 9.60610008
292.134491 -217.701508 9.83950043
292.102692 -217.469696 3.71479988
292.052399 -217.516602 3.921
292.098206 -217.451294 9.27910042
292.0336 -217.592499 9.5177002
292.050415 -217.408401 9.77499962
292.140839 -217.275803 3.88800001
292.160828 -217.247849 4.08217478
292.146301 -217.284088 9.22564983
292.042786 -217.264008 9.72539997
292.060608 -217.136444 3.75454998
292.101501 -217.094757 3.85325003
292.131927 -217.10733 4.10092497
292.13504 -217.0327 4.32123327
292.029999 -217.185196 9.76329994
292.052795 -216.981201 3.73149991
292.162079 -216.903702 4.33958006
292.18634 -216.91655 4.48360014
292.144165 -216.736847 4.30354977
292.15329 -216.608994 9.33199978
292.180298 -216.480606 6.77610016
292.187103 -216.439301 8.10760021
292.174713 -216.429794 8.72679996
292.182007 -216.489899 8.80650043
292.116089 -216.435196 9.69379997
292.064087 -216.405197 9.84039974
292.059204 -216.230499 6.09369993
292.186188 -216.317993 6.33699989
292.145599 -216.370102 6.50699997
292.144012 -216.268097 6.7361002
292.029602 -216.263504 6.88189983
292.008606 -216.322998 8.42780018
292.031097 -216.380493 9.77680016
292.071808 -216.011093 4.03660011
292.053192 -216.129105 5.88269997
292.067993 -216.109299 6.13500023
292.018585 -216.142105 6.32800007
292.101196 -216.063004 6.63490009
292.1409 -216.115097 7.44169998
292.009796 -216.167999 7.69829988
292.107056 -216.076157 8.71000004
292.042511 -215.935806 3.9849999
292.083862 -215.918625 4.08736658
292.026611 -215.969604 5.67710018
292.131042 -215.921097 6.09420013
292.080292 -215.866196 6.88689995
292.041199 -215.871994 8.09350014
292.028198 -215.7798 4.07259989
292.083099 -215.751099 4.52530003
292.018402 -215.702896 4.7645998
292.106384 -215.696106 4.87925005
292.118896 -215.729004 5.02010012
292.072144 -215.735138 5.23330021
292.140594 -215.751007 8.68900013
292.057983 -215.781647 9.52009964
292.128204 -215.780396 9.61929989
292.102417 -215.496078 4.32852507
292.051086 -215.515991 4.49005032
292.073608 -215.401199 7.37410021
292.047791 -215.436203 7.55830002
292.168945 -215.492798 8.70814991
292.083801 -215.263397 3.65700006
292.071503 -215.324295 4.17959976
292.040802 -215.204895 4.5946002
292.089111 -215.285492 4.72574997
292.012329 -215.218704 5.12529993
292.120697 -215.26535 6.72329998
292.066101 -215.270203 7.09929991
292.076813 -215.268906 8.00699997
292.153351 -215.262939 8.32450008
292.073059 -215.321747 8.88484955
292.049713 -215.063507 4.4078002
292.037445 -215.081635 5.30856657
292.122986 -215.016205 5.40089989
292.133789 -215.065094 5.88609982
292.160309 -215.127304 6.13859987
292.109406 -215.016495 6.50260019
292.091614 -215.110046 6.72465038
292.16745 -215.147003 8.48589993
292.151886 -215.120407 9.14210033
292.015686 -215.047607 9.42090034
292.157013 -214.817795 4.18349981
292.047089 -214.964905 4.37669992
292.068848 -214.885559 4.59369993
292.033661 -214.891663 4.66034985
292.079407 -214.95459 4.88199997
292.097961 -214.876923 5.11882496
292.116211 -214.893799 5.57560015
292.18985 -214.963745 5.63090038
292.068787 -214.864075 5.875875
292.037689 -214.875 6.36390018
292.087097 -214.960907 8.81739998
292.011414 -214.874207 9.67370033
292.095306 -214.767349 4.47119999
292.101807 -214.706497 4.67210007
292.037994 -214.793304 4.86429977
292.143494 -214.75946 5.7723999
292.194489 -214.796997 5.89949989
292.129517 -214.750641 6.10235023
292.058716 -214.716858 6.32079983
292.157501 -214.496902 7.08529997
292.096405 -214.447205 7.91779995
292.092194 -214.594498 9.59210014
292.05719 -214.280304 7.43550014
292.1091 -214.233994 10.5654001
292.05481 -214.072739 4.5019002
292.009094 -214.199203 6.03509998
292.162903 -214.043304 10.4589005
292.032806 -213.855209 4.52856684
292.076691 -213.856094 4.65549994
292.175201 -213.9823 5.96070004
292.031403 -213.817703 7.06150007
292.083893 -213.878601 7.47179985
292.092896 -213.848801 7.71850014
292.09375 -213.844345 11.1556501
292.148895 -213.647705 5.66909981
292.006012 -213.686996 6.29710007
292.127686 -213.713501 8.04259968
292.199005 -213.651596 8.68700027
292.191895 -213.6203 10.1162996
292.117401 -213.767303 11.1665001
292.07309 -213.402298 4.78179979
292.075623 -213.457245 5.28025007
292.095551 -213.472778 5.4927001
292.090607 -213.510101 5.66599989
292.178101 -213.488907 5.83890009
292.178314 -213.453003 6.02209997
292.107086 -213.431473 9.68930054
292.138397 -213.292099 4.76970005
292.105957 -213.368744 4.87104988
292.136169 -213.307831 5.11299992
292.083557 -213.323593 5.86620045
292.120605 -213.3423 9.32940006
292.04657 -213.258545 9.48894978
292.149139 -213.369949 10.1494503
292.16861 -213.036301 4.87249994
292.157532 -213.142166 5.47077513
292.187408 -213.189301 6.18009996
292.037903 -213.164597 6.63609982
292.164093 -213.157196 9.26350021
292.169708 -213.0289 9.52950001
292.073914 -213.167297 10.1808004
292.092987 -213.075394 10.2033997
292.135803 -212.857941 5.26854992
292.002808 -212.829498 6.15939999
292.104706 -212.991592 9.90970039
292.026917 -212.913498 10.0963497
292.125702 -212.680099 5.05760002
292.091614 -212.695801 5.21190023
292.171112 -212.672195 5.70349979
292.042694 -212.745499 10.3210001
292.001587 -212.420898 6.1479001
292.127411 -212.545105 10.1262999
292.18869 -212.258408 5.17649984
292.160095 -212.233994 5.98509979
292.194214 -211.844406 5.12279987
292.134888 -209.285294 5.55950022
292.155792 -200.111298 10.7194004
292.298187 -219.967606 0.863699973
292.385498 -219.835403 1.06329989
292.394714 -219.838837 1.29909992
292.383148 -219.82225 1.75685
292.323395 -219.911499 1.89610004
292.397705 -219.8759 2.01110005
292.38858 -219.839127 2.33465004
292.310303 -219.834442 2.5795002
292.339783 -219.937332 2.93586659
292.303864 -219.884659 3.10559988
292.28833 -219.917343 3.21055007
292.302887 -219.892136 4.13072014
292.330505 -219.906204 6.33809996
292.368805 -219.825806 6.61450005
292.393005 -219.867905 7.94250011
292.346497 -219.723907 0.898100019
292.36557 -219.719284 1.08071661
292.397217 -219.700638 1.32136667
292.372253 -219.722107 1.551
292.320984 -219.648148 1.71379995
292.373047 -219.698242 2.08134985
292.398407 -219.791595 2.31209993
292.36676 -219.729034 2.51683331
292.354126 -219.734726 2.72614002
292.349823 -219.728851 2.90969992
292.263489 -219.646042 3.04192495
292.374939 -219.70166 3.75390005
292.292114 -219.725372 3.93214989
292.268616 -219.632339 4.12336683
292.208588 -219.731995 4.21220016
292.340393 -219.614502 6.24280024
292.217102 -219.722397 7.74860001
292.231201 -219.436295 0.877900004
292.340271 -219.542496 1.1013
292.354858 -219.529907 1.36739993
292.294952 -219.509796 1.49133337
292.324493 -219.487595 1.71595001
292.323364 -219.571701 1.84185004
292.30545 -219.549057 2.07703996
292.307007 -219.509598 2.30080009
292.28952 -219.475189 2.53421426
292.305725 -219.480545 2.69603992
292.273865 -219.484558 2.88097501
292.220764 -219.486664 3.09264994
292.252289 -219.540695 3.30509996
292.345062 -219.486099 3.75414991
292.317963 -219.508224 3.89419985
292.296173 -219.480637 4.07893324
292.346588 -219.534393 4.38439989
292.309753 -219.504547 4.75845003
292.370758 -219.402435 5.11826658
292.262299 -219.484451 5.94134998
292.303223 -219.564362 6.10640001
292.272491 -219.585098 6.20970011
292.235779 -219.554504 7.26455021
292.283173 -219.30806 0.919733346
292.248444 -219.281036 1.07674003
292.234497 -219.302902 1.36444998
292.270325 -219.274399 1.42145002
292.256714 -219.314255 1.73183334
292.298523 -219.311493 1.92324996
292.230103 -219.224487 2.07315016
292.279694 -219.314804 2.35419989
292.247467 -219.29126 2.49487996
292.255768 -219.328735 2.70356011
292.226196 -219.320419 2.91785002
292.267395 -219.383698 3.77480006
292.306213 -219.257095 4.33099985
292.348785 -219.361694 5.03240013
292.201294 -219.312195 7.14120007
292.317261 -219.263336 7.3678503
292.221313 -219.159195 0.976999998
292.207886 -219.098495 1.08490002
292.246552 -219.099823 1.29589999
292.2789 -219.116104 1.4648
292.259674 -219.116211 1.67764997
292.234161 -219.133301 2.08256674
292.251495 -219.108704 2.46140003
292.2034 -219.166397 2.79520011
292.219116 -219.149292 2.86969995
292.398804 -219.174606 4.22189999
292.393585 -219.113495 4.46220016
292.334442 -219.07579 5.65902853
292.362793 -219.141205 5.80280018
292.202087 -218.997192 1.91750002
292.212006 -218.898407 2.57949996
292.324341 -218.895538 4.4876399
292.262085 -218.8134 4.73689985
292.34079 -218.957993 5.60309982
292.354797 -218.811401 7.39639997
292.330261 -218.664032 4.1116333
292.317932 -218.651199 4.22990036
292.340302 -218.678833 4.49224281
292.309418 -218.712799 4.72162533
292.315796 -218.678604 4.84969997
292.296936 -218.570679 4.35492516
292.319489 -218.531296 4.50820017
292.303406 -218.587006 4.94390011
292.347595 -218.514694 5.04680014
292.271057 -218.2901 5.27104998
292.238342 -218.068207 3.69630003
292.200287 -218.120407 5.2968998
292.339905 -217.942795 9.51790047
292.308685 -217.869431 9.65412521
292.269531 -217.664902 3.65015006
292.265259 -217.677872 3.87619996
292.338013 -217.602707 4.12720013
292.331299 -217.750595 9.33250046
292.205994 -217.473801 3.55419993
292.352905 -217.535995 3.68059993
292.328278 -217.520615 3.94565988
292.247559 -217.496246 4.06762505
292.306458 -217.588196 9.1460495
292.326447 -217.542389 9.74324989
292.368713 -217.558441 9.86369991
292.344299 -217.364166 3.96476674
292.322357 -217.311844 4.06404972
292.360413 -217.293106 9.15859985
292.310699 -217.225693 9.25459957
292.339172 -217.082794 3.75915003
292.325775 -217.123032 3.91166663
292.265991 -217.118378 4.09914017
292.242065 -217.010895 4.31505013
292.299255 -217.152893 9.29920006
292.255249 -216.979492 3.96724987
292.267212 -216.931808 4.14018869
292.249207 -216.869141 4.29432487
292.393097 -216.897202 4.40269995
292.209106 -216.958405 9.12720013
292.250885 -216.908707 9.35719967
292.305542 -216.813751 9.46409988
292.222046 -216.762238 4.34665012
292.352356 -216.674545 9.37685013
292.261536 -216.775803 9.46159935
292.268799 -216.716904 9.89999962
292.230408 -216.778702 10.8716002
292.301605 -216.542603 4.21045017
292.375305 -216.488861 5.45775032
292.334991 -216.421494 6.28669977
292.260895 -216.476196 6.45039988
292.347687 -216.415207 6.69269991
292.363159 -216.46759 6.89674997
292.304688 -216.49736 8.22863293
292.380798 -216.419601 8.44750023
292.326111 -216.506104 9.29389954
292.396393 -216.394302 4.58039999
292.329315 -216.226593 6.57240009
292.263092 -216.301102 6.63969994
292.326202 -216.393997 6.8132
292.330414 -216.222702 7.19399977
292.371094 -216.355392 8.16810036
292.32132 -216.308167 8.25376606
292.393005 -216.248703 8.84430027
292.354279 -216.292603 9.13249969
292.274719 -216.122665 7.30130005
292.332306 -216.008301 7.40840006
292.399994 -216.064301 8.77009964
292.312286 -215.808197 8.31330013
292.294495 -215.875702 8.65219975
292.34549 -215.941895 10.6686001
292.227509 -215.7883 5.80639982
292.241272 -215.779099 8.67469978
292.287994 -215.658295 9.94719982
292.250214 -215.715698 10.0825996
292.324097 -215.677902 10.4940004
292.241089 -215.440399 4.37440014
292.279388 -215.415604 5.49420023
292.36911 -215.425903 8.48270035
292.384186 -215.571304 8.73219967
292.307098 -215.217697 6.53989983
292.272614 -215.245193 6.6789999
292.345398 -215.394897 8.04329967
292.263672 -215.301849 8.67724991
292.369385 -215.130402 3.8520999
292.249939 -215.043335 5.83854961
292.359894 -215.083099 6.34509993
292.267487 -215.161194 6.44960022
292.220703 -215.064499 8.80869961
292.220215 -214.958603 4.52510023
292.202698 -214.936996 4.60830021
292.313904 -214.875244 5.5302
292.293762 -214.928253 5.70480013
292.294495 -214.929306 5.95529985
292.359802 -214.890305 6.16550016
292.320587 -214.897797 8.93599987
292.237701 -214.792007 4.36079979
292.286987 -214.704834 4.50680017
292.239594 -214.679703 5.53289986
292.389191 -214.758102 5.73309994
292.201294 -214.705002 5.96049976
292.312195 -214.636307 6.07723331
292.321106 -214.709595 6.33720016
292.334808 -214.656204 6.90159988
292.343292 -214.745407 8.9041996
292.284668 -214.506134 4.68723345
292.385895 -214.475296 5.18260002
292.340057 -214.516357 5.27955008
292.254303 -214.519104 5.45909977
292.291504 -214.502304 5.74459982
292.310608 -214.440002 5.84399986
292.327789 -214.4711 6.01350021
292.352814 -214.540298 6.36530018
292.385498 -214.509201 6.53669977
292.376495 -214.479004 6.85099983
292.247803 -214.505905 7.05429983
292.3862 -214.4151 7.3217001
292.207397 -214.454498 7.67140007
292.212097 -214.524597 7.87720013
292.382599 -214.376007 5.09119987
292.286041 -214.346893 5.48619986
292.296936 -214.26355 5.88129997
292.309906 -214.363007 6.18120003
292.374908 -214.260895 8.85540009
292.295197 -214.047607 4.66830015
292.330811 -214.076599 5.11170006
292.342743 -214.106842 5.68780041
292.278107 -214.096573 5.92613316
292.224792 -214.084305 6.16069984
292.252899 -214.186401 9.52079964
292.308228 -213.927612 4.68190002
292.306793 -213.832108 5.96229982
292.273987 -213.859299 6.75419998
292.282715 -213.884903 6.92390013
292.249786 -213.955597 8.72869968
292.232544 -213.691498 4.86859989
292.283569 -213.721191 5.04646683
292.363159 -213.718948 5.77869987
292.286194 -213.686401 5.84180021
292.343506 -213.731201 6.26069975
292.249115 -213.676407 9.42520046
292.269104 -213.523544 4.89004993
292.336609 -213.506805 5.07280016
292.356995 -213.427994 5.29769993
292.310852 -213.4991 5.53655005
292.247986 -213.520493 5.86089993
292.289215 -213.490204 6.02610016
292.389099 -213.572403 6.72219992
292.232391 -213.525803 8.60830021
292.333008 -213.414307 10.0125999
292.355591 -213.3405 4.72359991
292.326599 -213.2005 5.2329998
292.234009 -213.281998 6.19110012
292.242615 -213.286301 9.89620018
292.292267 -213.322495 10.0623999
292.331329 -213.120499 4.88686657
292.291107 -213.109497 5.06270027
292.270813 -213.116241 9.44014931
292.272491 -212.942505 4.81659985
292.259094 -212.852493 5.77610016
292.254211 -212.998993 10.1658001
292.271515 -212.711395 5.5303998
292.280609 -212.611496 5.76130009
292.320587 -212.795105 10.0221996
292.245605 -212.587097 10.0318003
292.264587 -200.492599 10.1145
292.453094 -219.915497 0.920400023
292.460297 -219.903397 1.08780003
292.448486 -219.872101 1.38940001
292.430023 -219.925934 1.44406664
292.422424 -219.91568 1.69072497
292.434906 -219.803497 1.93889999
292.453827 -219.905807 2.07366657
292.451477 -219.919128 2.29012871
292.440491 -219.835648 2.4072001
292.486969 -219.916428 2.65770006
292.419403 -219.8992 2.89935017
292.495972 -219.886902 3.53520012
292.49057 -219.864563 3.70288563
292.476624 -219.923904 3.88544989
292.43811 -219.833694 4.0999999
292.454895 -219.878296 4.2118001
292.557007 -219.883408 5.91179991
292.485901 -219.990707 6.50250006
292.421509 -219.800797 7.39589977
292.484985 -219.922104 7.72204971
292.513489 -219.962296 7.94229984
292.492889 -219.863495 8.02680016
292.434143 -219.718292 1.09969997
292.414429 -219.71994 1.23629999
292.406403 -219.7444 1.51479995
292.444336 -219.674805 1.70764995
292.40921 -219.622498 1.83930004
292.432098 -219.702896 2.2493999
292.408203 -219.758804 2.89949989
292.593994 -219.771896 3.3197
292.554993 -219.688568 3.72239995
292.491882 -219.734665 3.84796
292.439209 -219.750198 4.09469986
292.497986 -219.723495 6.33659983
292.577911 -219.4944 3.35489988
292.47403 -219.552826 3.77719998
292.516663 -219.481903 3.93568349
292.532227 -219.514175 4.09619999
292.527252 -219.515228 4.31237507
292.420807 -219.502701 4.42649984
292.551788 -219.51181 4.66699982
292.551208 -219.449402 4.95620012
292.481506 -219.404999 5.01329994
292.529694 -219.427994 5.24599981
292.497314 -219.548401 6.16359997
292.471588 -219.306152 3.89254999
292.51001 -219.332199 4.10349989
292.565826 -219.313629 4.27216673
292.514404 -219.283112 4.47070026
292.487488 -219.368103 4.62720013
292.407593 -219.300995 5.43470001
292.508698 -219.214706 7.26789999
292.517609 -219.058395 3.8585999
292.535706 -219.044449 4.02939987
292.544525 -219.087997 4.35506678
292.590302 -219.070007 4.75990009
292.565613 -219.014099 5.0763998
292.540588 -219.115295 5.30700016
292.417664 -219.061859 5.52674961
292.412292 -219.039703 5.63590002
292.503204 -218.941345 3.92371655
292.467499 -218.889648 4.07945013
292.555481 -218.940048 4.29438019
292.534912 -218.823196 4.45935011
292.429108 -218.811996 4.60720015
292.536804 -218.987793 5.45249987
292.416199 -218.964203 5.65959978
292.496338 -218.932007 7.34564972
292.507996 -218.632507 4.08360004
292.453308 -218.736069 4.27396679
292.489288 -218.77774 4.43774986
292.419006 -218.786102 4.72410011
292.468414 -218.592194 4.62349987
292.42041 -218.560593 4.83979988
292.584808 -217.600204 9.60070038
292.404297 -217.560898 3.90790009
292.418304 -217.559601 4.08059978
292.417206 -217.262405 4.17259979
292.50354 -217.318253 9.10605049
292.471008 -217.063904 3.62179995
292.497528 -217.117905 4.02383327
292.580322 -217.061951 4.30970001
292.416199 -217.042297 4.57119989
292.462097 -216.941193 3.5302
292.445404 -216.94516 3.60634995
292.577393 -216.938599 3.94190001
292.588715 -216.962402 9.4048996
292.475891 -216.631195 4.32340002
292.505188 -216.659744 5.30214977
292.560791 -216.774597 9.41399956
292.518921 -216.527771 4.34313345
292.52771 -216.459778 4.48235989
292.49231 -216.462708 4.91219997
292.581512 -216.4879 5.02759981
292.495209 -216.494446 5.3137598
292.543274 -216.522003 5.55140018
292.523346 -216.4655 6.8739996
292.496704 -216.513596 8.31379986
292.45105 -216.5009 9.25086689
292.599213 -216.452301 10.8745003
292.474792 -216.390701 3.64770007
292.455566 -216.236771 4.28046656
292.551331 -216.287628 4.46304989
292.443787 -216.287781 4.70832539
292.589233 -216.259048 4.87835026
292.483398 -216.286499 5.02089977
292.521149 -216.309998 5.34140015
292.434601 -216.289398 5.53760004
292.407715 -216.351593 5.68779993
292.521667 -216.321289 6.7329998
292.587006 -216.395706 6.98600006
292.500092 -216.3535 7.11199999
292.55719 -216.365997 7.29059982
292.551514 -216.277802 8.99339962
292.45459 -216.243744 9.05519962
292.458893 -216.11972 4.29432487
292.525665 -216.114059 4.67350006
292.520996 -216.183395 4.91470003
292.477203 -216.162796 5.13920021
292.402008 -216.086395 5.36670017
292.4841 -216.134155 8.29865074
292.47406 -216.171051 8.45795059
292.555115 -216.137802 8.97439957
292.591492 -215.944199 4.72310019
292.430695 -215.849594 8.84189987
292.588409 -215.601807 8.30060005
292.426208 -215.694794 8.69690037
292.440002 -215.705704 10.2831001
292.490356 -215.552643 8.77799988
292.412292 -215.372498 8.21090031
292.458954 -215.287949 8.74099922
292.460388 -215.042389 6.2489996
292.481598 -214.943207 6.28200006
292.440399 -214.953293 6.73769999
292.469604 -214.925293 7.35059977
292.518494 -214.767197 4.53919983
292.501495 -214.707397 4.60300016
292.483154 -214.679749 5.71810007
292.439392 -214.661606 5.89279985
292.430786 -214.684296 6.82350016
292.505768 -214.664993 7.24983311
292.47641 -214.608704 7.57450008
292.460754 -214.557892 6.13595009
292.447205 -214.548203 6.23699999
292.400085 -214.338303 4.54199982
292.525391 -214.281296 5.16039991
292.441467 -214.32135 5.32620001
292.465332 -214.250488 5.4453001
292.463531 -214.115799 5.52516651
292.564789 -214.180893 6.954
292.469513 -214.095703 7.5323
292.474701 -214.173599 9.62979984
292.580414 -213.968399 5.50360012
292.400391 -213.978607 5.69640017
292.523285 -213.864395 5.82469988
292.553986 -213.729401 4.86070013
292.46228 -213.732925 5.1267252
292.495789 -213.691406 5.38920021
292.481812 -213.797104 5.7723999
292.502991 -213.684204 6.04300022
292.470398 -213.626694 6.59759998
292.595703 -213.700806 9.22710037
292.434296 -213.473206 4.78760004
292.462891 -213.501801 5.70389986
292.480408 -213.506607 6.46379995
292.522797 -213.4245 6.79160023
292.576904 -213.595001 9.21070004
292.516388 -213.389099 4.94469976
292.490906 -213.145599 5.17080021
292.477203 -213.093796 5.45319986
292.441193 -212.915695 5.53310013
292.587097 -212.665405 9.12240028
292.476593 -211.182404 5.38140011
292.470886 -211.160797 5.47399998
292.410309 -210.944107 5.85410023
292.443207 -210.970306 6.02320004
292.488708 -200.362595 8.70870018
292.706665 -219.916504 3.67435002
292.679993 -219.870407 3.85689998
292.709991 -219.878204 4.2038002
292.79361 -219.962708 6.53450012
292.754059 -219.835938 6.92173338
292.690002 -219.662018 3.70002508
292.6875 -219.658707 3.86450005
292.775299 -219.629303 4.12989998
292.799286 -219.630402 4.42880011
292.713196 -219.6931 4.62849998
292.635315 -219.642151 4.83230019
292.780701 -219.618103 5.58059978
292.787903 -219.673004 5.62659979
292.705292 -219.743103 6.80380011
292.688904 -219.582306 3.43510008
292.647858 -219.488251 3.77355003
292.663452 -219.47876 3.89064002
292.674866 -219.455002 4.01550007
292.762085 -219.530502 4.37169981
292.734619 -219.501648 4.53060007
292.68399 -219.528702 4.71852875
292.678558 -219.49234 4.82320023
292.674286 -219.419098 5.1953001
292.787964 -219.27121 3.94689989
292.707367 -219.299591 4.06623363
292.687988 -219.302704 4.34290028
292.756195 -219.240707 4.44869995
292.687683 -219.296692 4.69217491
292.669373 -219.311325 4.91293335
292.646454 -219.307404 5.09986687
292.60199 -219.062393 3.75049996
292.669617 -219.120514 3.9770999
292.730194 -219.085403 4.06790018
292.729523 -219.051941 4.28546667
292.690155 -219.083069 4.83306646
292.63501 -219.013702 5.04780006
292.720337 -219.074463 5.28730011
292.796997 -218.944595 3.58789992
292.604706 -218.936493 3.90899992
292.693787 -218.892853 4.1510334
292.742432 -218.915375 4.33082485
292.703186 -218.880905 4.61800003
292.656403 -218.815704 4.96390009
292.632294 -218.974792 7.32980013
292.752136 -218.752106 4.16940022
292.771088 -218.793396 4.52720022
292.733521 -218.524399 4.53544998
292.755432 -218.531738 5.15649986
292.790497 -218.449005 5.45949984
292.687927 -218.270996 4.37190008
292.753204 -218.221603 5.19710016
292.774963 -218.325699 5.23544979
292.798615 -218.165207 4.34320021
292.785706 -218.1082 4.44939995
292.792694 -217.626099 4.84229994
292.604889 -217.530807 4.02899981
292.792206 -217.5112 5.06139994
292.633301 -217.217896 4.19780016
292.759705 -217.261398 4.2263999
292.771515 -217.247803 4.40600014
292.740509 -217.036499 3.99009991
292.705444 -217.169601 4.49469995
292.783508 -217.097794 4.65999985
292.692505 -217.125305 4.85769987
292.783997 -217.010696 11.1704998
292.664612 -216.900406 4.20909977
292.751648 -216.911407 4.64684963
292.791412 -216.896698 4.92549992
292.79718 -216.857498 5.12880039
292.708099 -216.886002 5.28744984
292.7565 -216.732468 5.49086666
292.735901 -216.614807 10.7646999
292.678986 -216.714905 10.8937998
292.608307 -216.575897 4.30770016
292.622589 -216.534805 4.97060013
292.687653 -216.513138 5.1298666
292.709686 -216.422195 5.38859987
292.617096 -216.455795 5.55840015
292.639404 -216.472198 5.63859987
292.645386 -216.552704 7.30900002
292.722809 -216.496506 9.27610016
292.651306 -216.337204 3.69019985
292.682892 -216.226898 4.51364994
292.63623 -216.305786 4.69164991
292.658295 -216.396896 5.0935998
292.675659 -216.354538 5.27440023
292.681091 -216.223206 7.18130016
292.62262 -216.3414 7.29933357
292.785004 -216.326996 7.84700012
292.792999 -216.360397 8.47259998
292.791107 -216.369293 8.73209953
292.679291 -216.305893 9.07670021
292.648438 -216.029037 4.69016647
292.733093 -216.140793 5.13520002
292.78009 -216.099792 6.8730998
292.742096 -216.185806 7.13549995
292.629303 -216.075699 8.36590004
292.662659 -215.964508 4.68293333
292.727905 -215.7995 8.28759956
292.661011 -215.485199 4.56220007
292.729553 -215.525803 4.72580004
292.773804 -215.524399 4.81260014
292.733398 -215.463013 5.10344982
292.791809 -215.4431 5.2185998
292.750488 -215.422897 5.55649996
292.725586 -215.556702 8.11369991
292.640686 -215.437195 8.45400047
292.751892 -215.297104 4.59709978
292.731415 -215.325668 5.10053349
292.673401 -215.328796 8.65279961
292.795898 -215.131393 4.6328001
292.756989 -215.058197 5.9236002
292.730011 -214.949493 5.55760002
292.740601 -214.962006 5.93170023
292.623993 -214.944595 6.67939997
292.77301 -214.940994 7.28240013
292.742401 -214.840195 7.50649977
292.769409 -214.820007 8.71020031
292.773499 -214.738602 5.11229992
292.730804 -214.7948 5.78760004
292.796692 -214.620895 6.96540022
292.696564 -214.568634 4.69029999
292.617889 -214.460403 7.37470007
292.714722 -214.28186 4.8739996
292.609009 -214.357697 5.03329992
292.649902 -214.283798 5.26779985
292.641541 -214.246155 5.44054985
292.699799 -214.252808 7.04500008
292.681396 -214.279404 8.82789993
292.710999 -214.035706 4.99069977
292.684967 -214.059769 5.48366642
292.725403 -214.171097 7.07980013
292.701599 -213.938202 4.20629978
292.652649 -213.88707 5.53183317
292.635101 -213.8685 5.82250023
292.759216 -213.959549 6.86610031
292.753387 -213.815903 8.97799969
292.687408 -213.704102 5.05859995
292.628387 -213.788101 5.62120008
292.789215 -213.758804 6.86530018
292.630005 -213.633896 10.1865997
292.661499 -213.551407 6.81599998
292.722198 -213.405304 7.71820021
292.633789 -213.452698 10.1567001
292.653015 -213.242493 7.46659994
292.702515 -213.133499 9.1786499
292.624786 -213.189102 9.20269966
292.727905 -212.919098 9.22809982
292.656036 -212.914703 9.72245026
292.772003 -212.718307 9.25809956
292.747009 -212.518402 9.18050003
292.628204 -200.444901 8.72239971
292.961914 -219.824402 4.01539993
292.998688 -219.9151 4.71280003
292.928314 -219.926102 4.81780005
292.868195 -219.896698 5.81820011
292.90741 -219.859741 7.11595011
292.951294 -219.832794 7.41599989
292.844116 -219.680862 3.92593336
292.907501 -219.668304 4.15513325
292.963287 -219.629303 4.2020998
292.875092 -219.726303 4.62989998
292.843689 -219.734497 4.98080015
292.84259 -219.665497 5.17299986
292.874969 -219.645355 5.67412519
292.995911 -219.720306 5.85169983
292.967285 -219.6073 6.07159996
292.90329 -219.633301 6.71210003
292.894897 -219.762497 7.0251503
292.821899 -219.660904 7.20009995
292.920013 -219.798996 14.6851997
292.804901 -219.5354 3.42820001
292.858887 -219.449829 3.94796658
292.949554 -219.507248 4.09014988
292.858307 -219.53009 4.30579996
292.877808 -219.486893 4.75390005
292.802612 -219.584702 4.83839989
292.855988 -219.574799 5.39209986
292.948975 -219.476959 5.92230034
292.950897 -219.593307 6.77909994
292.898193 -219.559494 7.12470007
292.986694 -219.574097 15.7587996
292.803497 -219.317703 3.57640004
292.89209 -219.330597 3.89139986
292.90976 -219.296066 4.04460001
292.825989 -219.3246 5.1855998
292.833496 -219.375702 5.2342
292.873413 -219.342499 6.15530014
292.980408 -219.324005 15.665
292.873199 -219.047501 3.67779994
292.906525 -219.088501 3.9509666
292.846252 -219.151489 4.0776
292.872803 -219.079773 4.27317524
292.872498 -219.104248 4.45275021
292.803192 -219.136505 4.68919992
292.829987 -219.096603 4.86390018
292.850891 -219.0215 5.08979988
292.802185 -218.811905 3.79209995
292.923706 -218.931641 4.08406687
292.84491 -218.849457 4.33104992
292.899597 -218.866058 4.57320023
292.830048 -218.933044 4.7048502
292.805786 -218.973999 4.87919998
292.881989 -218.992096 5.68419981
292.884613 -218.659393 3.71650004
292.999695 -218.701004 4.32569981
292.899292 -218.710938 4.55259991
292.878998 -218.720154 4.6012001
292.920898 -218.498199 4.58279991
292.951508 -218.515045 4.70022488
292.878143 -218.492096 4.87224007
292.876465 -218.469391 5.06634998
292.827301 -218.443695 5.29069996
292.995605 -218.390701 4.24039984
292.903778 -218.305099 4.48904991
292.98349 -218.325851 4.67409992
292.907501 -218.354889 4.82044983
292.919891 -218.309921 5.06163979
292.844696 -218.320908 5.22539997
292.962006 -218.338699 6.4907999
292.974792 -218.157806 4.36479998
292.923706 -218.159943 4.49849987
292.887512 -218.172607 4.70940018
292.910187 -218.170395 4.92250013
292.831604 -218.119003 5.17439985
292.864807 -218.174896 5.28620005
292.966003 -217.902802 4.52296686
292.923492 -217.949905 4.63450003
292.955994 -217.628845 4.3915
292.904694 -217.652802 4.46584988
292.913788 -217.688187 4.70388031
292.912689 -217.424896 4.32140017
292.885468 -217.514099 4.50446653
292.896606 -217.561401 4.70249987
292.844055 -217.530075 4.92682028
292.843292 -217.227707 4.57989979
292.881805 -217.179001 4.39610004
292.904083 -217.087051 4.52005005
292.812714 -217.175293 4.87860012
292.875885 -216.973907 4.34439993
292.933716 -216.959991 4.6170001
292.918396 -216.878998 4.9151001
292.822388 -216.836349 5.32240009
292.852234 -216.8582 5.50405025
292.860413 -216.749207 4.70950031
292.922913 -216.756393 4.97819996
292.961212 -216.780899 5.12589979
292.864441 -216.744629 5.27080011
292.85849 -216.748795 5.60620022
292.817993 -216.748703 10.9934998
292.839996 -216.462997 8.79810047
292.854706 -216.5289 8.93190002
292.862396 -216.361893 4.79699993
292.878601 -216.24231 7.74530029
292.943115 -216.231705 8.54109955
292.936493 -216.241501 8.71220016
292.870392 -216.164505 7.81729984
292.878418 -216.061493 8.10350037
292.880798 -216.018097 8.51119995
292.893585 -215.947601 4.38800001
292.858551 -215.963745 7.33239985
292.990692 -215.876801 7.84210014
292.906494 -215.874298 8.22939968
292.829102 -215.987503 8.58240032
292.970795 -215.730896 4.66289997
292.850891 -215.790604 4.86219978
292.902649 -215.652054 5.10505009
292.882996 -215.747498 8.69694996
292.906189 -215.777206 10.7201996
292.851624 -215.492798 4.93380022
292.89212 -215.531601 5.11899996
292.987305 -215.550095 8.78069973
292.819397 -215.246704 4.9987998
292.964203 -215.253098 5.03639984
292.929901 -215.210403 5.71904993
292.987488 -215.213593 6.15290022
292.991608 -215.381607 6.50769997
292.933197 -215.229797 6.74870014
292.84375 -215.27771 7.91394997
292.909363 -215.101334 5.25763321
292.88092 -215.085968 5.6882
292.859711 -215.010803 5.81829977
292.801208 -215.032394 6.08510017
292.964386 -215.039398 6.68790007
292.829712 -215.122894 7.15460014
292.834106 -214.986496 5.53989983
292.859497 -214.989594 5.76399994
292.952393 -214.890442 6.66434956
292.820007 -214.963501 6.82490015
292.885406 -214.996597 7.30119991
292.914215 -214.719193 5.9605999
292.847107 -214.716904 6.17369986
292.971191 -214.731598 6.65579987
292.996094 -214.706696 8.11639977
292.984497 -214.591797 5.04160023
292.840088 -214.500198 5.2414999
292.836304 -214.409607 8.06589985
292.937988 -214.259506 8.05189991
292.849487 -214.129898 6.86499977
292.889404 -214.143311 7.03065014
292.963715 -214.137894 9.12899971
292.840912 -213.979797 6.87209988
292.963989 -213.836105 9.12489986
292.862305 -213.771301 7.84119987
292.999603 -213.689896 9.12829971
292.948212 -213.472305 8.82569981
292.847992 -213.497757 9.05866623
292.907715 -213.434097 10.2817001
292.959412 -213.250595 8.67230034
292.896698 -213.368301 8.96310043
292.91571 -213.243698 9.09049988
292.935333 -213.101105 9.11433315
292.852814 -213.102997 9.31939983
292.968109 -213.040405 10.8662004
292.836792 -212.676895 7.77159977
292.976807 -212.745499 9.41170025
292.964111 -212.606903 9.91209984
292.986908 -212.431107 9.13309956
292.896606 -212.231201 9.35630035
292.827393 -212.058197 9.29150009
292.879303 -211.773193 9.36569977
292.893555 -200.01416 9.27040005
292.926086 -200.095505 9.42399979
292.9328 -200.157745 9.89559937
293.104401 -219.829803 4.56879997
293.089661 -219.969604 4.65320015
293.091309 -219.921646 4.90584993
293.1651 -219.948898 5.32040024
293.120697 -219.993301 6.95170021
293.044891 -219.918106 7.00979996
293.11499 -219.941406 14.7320499
293.109406 -219.601105 4.15329981
293.041595 -219.756805 4.88459969
293.178406 -219.711807 5.95830011
293.107788 -219.600204 10.7033997
293.123749 -219.48613 4.24669981
293.057404 -219.423004 4.48659992
293.125 -219.499496 4.8908
293.142914 -219.455704 5.37109995
293.145691 -219.439697 10.4461002
293.115448 -219.529953 10.6643
293.161011 -219.487503 15.5501003
293.0755 -219.236496 4.05240011
293.0578 -219.396698 4.37809992
293.107697 -219.394699 4.77129984
293.12149 -219.391098 4.8677001
293.122559 -219.307007 5.03359985
293.062195 -219.109695 3.98699999
293.085175 -219.05957 4.13129997
293.032593 -219.103897 4.34000015
293.03479 -219.130005 4.97660017
293.100006 -219.181793 5.21120024
293.121155 -218.935349 4.14524984
293.152618 -218.897202 4.26480007
293.086548 -218.927902 4.49629974
293.134888 -218.991806 4.77729988
293.035095 -218.828003 5.93839979
293.133301 -218.798492 3.71090007
293.126373 -218.69577 4.14953327
293.11557 -218.668564 4.31610012
293.125488 -218.646729 4.49933338
293.170807 -218.630905 5.88819981
293.13501 -218.783005 6.37540007
293.065796 -218.792297 6.60510015
293.152222 -218.469803 4.31745005
293.101624 -218.504333 4.53232479
293.06546 -218.51004 4.65106678
293.128967 -218.451355 6.46392536
293.046295 -218.324997 4.0314002
293.148865 -218.335907 4.34695005
293.151794 -218.242996 4.57539988
293.075745 -218.297394 4.69595003
293.056488 -218.300858 4.91177511
293.15625 -218.25174 5.03314972
293.09671 -218.328903 6.49130011
293.061188 -218.026001 4.25349998
293.199493 -218.008804 4.45889997
293.051605 -218.183197 4.79090023
293.036652 -217.942596 4.36560011
293.014587 -217.853394 4.53999996
293.062073 -217.716248 4.52369976
293.149506 -217.7565 4.89340019
293.06131 -217.541306 4.66849995
293.161407 -217.109406 4.72130013
293.037415 -216.955795 3.72679996
293.106812 -216.941605 4.62080002
293.059387 -216.880295 4.96969986
293.096252 -216.874695 5.05819988
293.047699 -216.641907 4.60650015
293.069702 -216.740494 4.98169994
293.032013 -216.6465 5.09180021
293.042847 -216.673203 5.30809975
293.027893 -216.701706 8.35200024
293.054474 -216.659363 8.51599979
293.056213 -216.292007 7.83069992
293.130035 -216.079147 8.57909966
293.188995 -215.957703 5.44929981
293.142181 -215.903793 8.5
293.027008 -215.815308 10.3241997
293.048309 -215.620804 5.1230998
293.05719 -215.646896 8.02729988
293.149689 -215.455994 6.00209999
293.158997 -215.487701 6.20370007
293.195404 -215.424698 7.47469997
293.095703 -215.412598 7.78879976
293.172302 -215.476105 7.82940006
293.012207 -215.245499 5.22009993
293.121765 -215.272858 5.69919968
293.194489 -215.391907 5.84840012
293.172058 -215.341156 6.11980009
293.038055 -215.2827 6.31506634
293.017609 -215.253906 6.41020012
293.187073 -215.317261 7.08374977
293.143188 -215.250397 7.25369978
293.000885 -215.163406 5.6573
293.057098 -215.192703 11.2461996
293.012909 -214.985703 7.19750023
293.057098 -214.641998 5.8362999
293.038696 -214.658691 7.49629974
293.075714 -214.491196 5.20749998
293.091705 -214.549698 11.7954998
293.06131 -214.3918 5.13969994
293.078613 -213.946396 5.65399981
293.014801 -213.625793 7.85459995
293.1716 -213.706696 8.18889999
293.132507 -213.268707 7.78289986
293.038513 -213.232193 8.58740044
293.032501 -213.294403 9.00220013
293.112701 -213.019302 7.78980017
293.010895 -213.014008 8.99919987
293.157288 -213.035202 10.5986996
293.114594 -212.868805 7.76210022
293.001709 -212.808502 9.14970016
293.161346 -212.944489 10.7225494
293.101593 -212.644897 7.76520014
293.06839 -212.616898 10.8793001
293.120392 -212.696396 11.0379
293.146088 -212.512405 7.85150003
293.043488 -212.419296 9.37590027
293.177704 -212.522507 9.46140003
293.011292 -211.9095 9.16310024
293.331299 -219.944397 4.2670002
293.205597 -219.996094 4.48159981
293.323792 -219.815002 4.97980022
293.3703 -219.912094 5.9847002
293.309204 -219.903152 6.09619999
293.312195 -219.930695 6.22629976
293.252594 -219.960693 6.88059998
293.245972 -219.891235 14.6822996
293.375397 -219.876602 14.8628998
293.397095 -219.730698 5.64090014
293.293152 -219.663101 6.19219971
293.240204 -219.623306 6.76970005
293.3237 -219.794907 6.81540012
293.214294 -219.600296 10.5909004
293.251495 -219.617905 10.8498001
293.210052 -219.532745 4.34975004
293.247498 -219.467804 4.49310017
293.224792 -219.480194 5.31510019
293.330597 -219.587601 5.55760002
293.375092 -219.541794 6.10979986
293.28949 -219.527603 10.3743
293.318115 -219.432098 10.4117002
293.379639 -219.427948 10.7098999
293.368011 -219.587799 15.3136997
293.295197 -219.230103 4.41550016
293.272095 -219.228104 4.85750008
293.2276 -219.239807 5.19810009
293.312347 -219.266251 5.28999996
293.2612 -219.268204 5.69829988
293.331085 -219.374405 10.5381002
293.290588 -219.128998 4.3441
293.228485 -219.0168 4.41270018
293.224091 -219.076706 4.68260002
293.28949 -219.157806 4.89349985
293.330292 -219.194107 5.03550005
293.287659 -219.180054 5.35349989
293.394989 -219.173401 5.55670023
293.276886 -219.179794 5.62290001
293.20929 -218.985596 4.14529991
293.214905 -218.863495 5.98250008
293.359589 -218.940201 10.5278997
293.359497 -218.822205 10.7068005
293.210114 -218.658203 4.28459978
293.228699 -218.7202 6.53319979
293.335388 -218.498703 4.10349989
293.254395 -218.534546 4.4534502
293.319305 -218.534103 5.94770002
293.250366 -218.429901 6.30480003
293.28244 -218.334946 4.13710022
293.239197 -218.140106 4.18209982
293.203705 -217.720795 4.58909988
293.227905 -217.726395 4.69269991
293.364563 -217.28627 5.08580017
293.380402 -217.219299 5.23600006
293.340607 -217.032501 4.86780024
293.358704 -217.183197 5.10874987
293.338409 -217.114197 5.33419991
293.345093 -216.898697 5.36850023
293.287292 -216.846802 5.4066
293.2883 -216.147507 5.28469992
293.313538 -216.087646 7.85115004
293.279907 -215.878494 5.07969999
293.265198 -215.899567 5.25559998
293.362244 -215.874695 7.53635025
293.257904 -215.902695 8.47249985
293.384247 -215.77655 5.11030006
293.207825 -215.509491 6.27110004
293.311096 -215.450592 7.11444998
293.389191 -215.504501 10.7828999
293.221191 -215.445496 11.3366003
293.210388 -215.341995 5.89480019
293.210602 -215.395706 7.23479986
293.321289 -215.232895 11.2384005
293.252197 -214.6465 7.33710003
293.230713 -214.6651 7.90290022
293.281799 -214.515503 5.96449995
293.32959 -214.133499 5.43900013
293.363892 -213.482407 6.23890018
293.284851 -213.57254 8.13669968
293.219696 -212.876801 7.47289991
293.296295 -212.9505 8.80560017
293.299103 -212.715942 7.71019983
293.264404 -212.764694 10.6483002
293.254242 -212.516098 7.88500023
293.2229 -212.376205 9.51570034
293.217712 -212.2388 11.3396997
293.351501 -211.883499 11.4635
293.5065 -219.869507 4.32399988
293.476715 -219.83313 4.49976683
293.455048 -219.928589 6.09514999
293.428894 -219.927902 6.28439999
293.428802 -219.928558 6.57359982
293.447205 -219.832596 6.74599981
293.534912 -219.881378 6.87865019
293.447601 -219.881302 7.46299982
293.507385 -219.983597 14.3844995
293.457123 -219.945969 14.7312002
293.522522 -219.936996 14.9108
293.557953 -219.858749 15.2409
293.512512 -219.737503 4.5388999
293.484009 -219.699997 4.9980998
293.475098 -219.720901 5.1486001
293.5495 -219.717606 5.95639992
293.578888 -219.704605 6.20499992
293.549896 -219.689697 6.71409988
293.522705 -219.655106 10.9945002
293.493195 -219.467407 5.66940022
293.522491 -219.524796 7.20679998
293.581207 -219.505798 10.4469995
293.546814 -219.586594 10.7249002
293.59613 -219.493958 10.9701996
293.57431 -219.583603 15.2972002
293.457794 -219.452393 15.4998999
293.589508 -219.247894 10.5750999
293.487305 -219.3508 10.6156998
293.400391 -219.173492 3.87170005
293.447113 -219.181198 4.36639977
293.5914 -219.097794 10.5690002
293.577698 -218.854904 5.69640017
293.53299 -218.872406 5.83379984
293.4375 -218.932907 10.5039997
293.536102 -218.947693 10.6527996
293.500244 -218.708435 5.76453352
293.429291 -218.780899 5.91219997
293.438507 -218.798904 6.02069998
293.448792 -218.783798 6.25400019
293.431396 -218.404953 6.09924984
293.517303 -218.227493 5.7111001
293.45871 -218.333603 6.22370005
293.473114 -218.176193 5.83120012
293.400513 -218.159103 6.29069996
293.522095 -218.193405 6.45884991
293.43811 -217.690704 4.61170006
293.443298 -217.644501 5.33589983
293.405212 -217.621994 5.42089987
293.480408 -217.589401 5.20569992
293.524811 -217.508331 5.499125
293.470642 -217.492706 5.63669968
293.462891 -217.332596 4.80779982
293.456787 -217.293701 5.07089996
293.54129 -217.252396 5.72383356
293.513397 -217.141205 5.59749985
293.46167 -217.047104 5.68359995
293.427795 -216.985703 5.25619984
293.405914 -216.936295 5.49289989
293.419189 -216.998093 5.62279987
293.459106 -216.804504 8.90369987
293.592896 -216.749405 5.3281002
293.497803 -216.705902 8.74860001
293.434113 -216.555298 8.49890041
293.41571 -216.284698 5.05900002
293.547211 -216.225403 7.74630022
293.445312 -215.664703 11.0242996
293.455994 -215.530594 7.80380011
293.593689 -214.006897 5.61560011
293.434692 -213.903198 5.63019991
293.475708 -213.770096 5.8137002
293.415497 -213.703705 11.3247004
293.4505 -213.343094 8.0156002
293.464691 -212.922195 7.46029997
293.566193 -212.883698 9.18640041
293.466309 -212.771301 9.06589985
293.527893 -212.429092 9.18360043
293.479706 -200.373901 9.33160019
293.742798 -219.823303 6.35739994
293.678162 -219.939804 6.45833349
293.601593 -219.887894 6.97700024
293.621399 -219.873505 14.7862997
293.783691 -219.847107 14.8226995
293.60379 -219.889008 15.2236004
293.622711 -219.669296 5.32359982
293.735687 -219.607101 5.46379995
293.694702 -219.649094 5.6012001
293.64679 -219.675598 6.16699982
293.637085 -219.777405 6.82350016
293.628387 -219.748505 11.1218004
293.75531 -219.701904 15.2886
293.67099 -219.447906 5.57089996
293.615906 -219.5457 10.6525002
293.753815 -219.530197 14.9595003
293.7388 -219.597305 15.1760998
293.74408 -219.555252 15.2667999
293.640686 -219.325195 7.4453001
293.656097 -219.304398 10.6117001
293.730774 -219.113297 4.97644997
293.661713 -218.870407 5.68419981
293.694458 -218.911194 10.4980001
293.747192 -218.735596 5.71339989
293.718689 -218.649597 9.76869965
293.779205 -218.368607 5.39370012
293.77301 -218.153107 6.72329998
293.636688 -217.4841 4.9394002
293.748688 -217.448807 5.19759989
293.710907 -217.424103 5.29610014
293.648804 -217.32753 5.50164986
293.698212 -216.8013 8.27799988
293.711304 -216.533493 8.30029964
293.641449 -215.7099 5.84170008
293.686951 -215.670334 7.5461669
293.656006 -215.740997 10.7915001
293.772888 -215.513794 10.1977997
293.652008 -215.223907 7.76410007
293.762787 -215.199493 10.2152996
293.771393 -214.751205 8.57199955
293.716003 -212.719299 9.09720039
293.787506 -212.505798 8.7901001
293.774811 -212.488602 8.91040039
293.787689 -212.389801 8.90390015
293.62149 -212.345398 9.05729961
293.88208 -219.881821 5.11743975
293.877502 -219.90271 14.4941998
293.93399 -219.896194 14.6450996
293.830414 -219.907303 14.9272003
293.843597 -219.717896 7.46280003
293.964905 -219.441895 5.15140009
293.967194 -219.434296 10.7714005
293.963348 -219.511108 15.0995502
293.834595 -219.211594 10.6036997
293.883301 -219.198303 4.58920002
293.845093 -219.195908 10.4868002
293.80661 -218.843994 5.4229002
293.9133 -218.946503 10.0585003
293.853088 -218.856506 10.4510002
293.832611 -218.522903 5.66499996
293.998505 -218.070206 5.18179989
293.905487 -218.0634 6.80800009
293.995605 -217.954102 6.1875
293.964996 -217.888901 6.75209999
293.889191 -217.824997 6.9513998
293.997101 -217.810394 7.15719986
293.893707 -217.671494 7.29650021
293.806091 -217.307098 5.56750011
293.85141 -217.043793 8.65480042
293.938507 -216.935699 8.67450047
293.912903 -216.644196 8.49499989
293.810608 -215.810501 10.7959995
293.989594 -215.764206 5.6960001
293.904205 -215.706299 7.62060022
293.857422 -215.546097 7.55140018
293.855804 -215.5896 10.6597004
293.921112 -215.193497 7.76119995
293.88269 -214.1633 6.16599989
294.123596 -219.981506 7.49970007
294.095306 -219.926407 14.7962999
294.147095 -219.640198 7.21309996
294.033691 -219.765793 7.40369987
294.05899 -219.775497 14.9236002
294.035278 -219.493164 7.15719986
294.0802 -219.509094 10.7165003
294.049194 -219.521103 14.3692999
294.029388 -219.085999 9.5539999
294.070007 -219.090195 10.4445
294.123413 -218.937302 6.4066
294.135193 -218.896606 10.3991003
294.0784 -218.952545 10.4769001
294.141602 -218.4552 5.91109991
294.104797 -218.263794 6.35720015
294.01651 -218.186798 6.7421999
294.102539 -217.950195 6.36600018
294.092896 -217.890198 6.54360008
294.08432 -217.901779 6.71317482
294.065491 -217.7668 6.4605999
294.12265 -217.69931 7.17250013
294.022491 -217.713196 7.3119998
294.152893 -216.913803 8.62339973
294.020905 -216.772797 8.5703001
294.062561 -215.660599 7.54160023
294.327911 -219.862701 14.4540997
294.393494 -219.979401 14.6948996
294.306 -219.6185 14.3556004
294.206787 -219.445206 10.6189003
294.223511 -219.501099 10.8003998
294.3237 -219.517197 14.1829996
294.378113 -219.415802 14.2230997
294.312805 -219.540894 14.4022999
294.398804 -219.417206 15.2673998
294.343628 -219.306091 10.6796503
294.214996 -219.062393 4.8986001
294.202606 -219.072906 9.61050034
294.282623 -218.706726 5.27226686
294.298309 -218.570206 5.2203002
294.331085 -218.526901 5.68879986
294.291046 -218.287201 5.86999989
294.282806 -218.046295 6.05350018
294.282288 -218.127396 6.21089983
294.385498 -218.146301 6.55950022
294.364899 -217.885696 6.21640015
294.301392 -217.808395 6.67560005
294.378448 -217.667297 6.17215014
294.333954 -217.705292 6.42259979
294.327911 -217.673904 6.92990017
294.309387 -217.549194 6.37209988
294.268494 -217.589996 7.16900015
294.258301 -215.886948 7.68830013
294.316284 -215.5439 7.62779999
294.282288 -215.3927 7.67299986
294.472412 -219.90065 14.2718506
294.471924 -219.742599 14.1511002
294.448212 -219.422806 14.1484003
294.581512 -219.273895 11.3428001
294.419312 -219.345596 15.4181004
294.571808 -219.193207 11.3139
294.452087 -218.859497 10.2535
294.400513 -218.725403 5.31409979
294.552399 -218.727295 9.84770012
294.562286 -218.456497 13.9349003
294.456512 -218.322906 6.07340002
294.483246 -218.261337 6.24803305
294.404114 -218.026199 6.05159998
294.513214 -218.057205 6.47609997
294.458008 -217.981293 6.46210003
294.497498 -217.88855 6.66660023
294.516907 -217.674301 6.87039995
294.580414 -217.796204 11.3673
294.491791 -217.520828 6.72202492
294.415497 -217.559906 6.90655041
294.527802 -217.395004 6.80159998
294.555511 -217.285492 8.93899918
294.554504 -217.082596 8.79559994
294.471802 -217.14505 8.8804493
294.575439 -215.329346 7.24854994
294.405212 -215.388306 7.4138999
294.409088 -215.191406 7.24539995
294.669006 -219.674896 15.1009998
294.752899 -219.566299 14.9786997
294.773712 -219.546494 15.0345001
294.734589 -219.213593 11.3484001
294.753998 -219.343903 15.2891998
294.723694 -219.002197 9.22529984
294.69339 -219.028702 10.9061003
294.745087 -219.079803 13.7546997
294.6651 -218.923096 13.7847004
294.62851 -218.4263 5.60620022
294.712585 -218.189804 6.10480022
294.606293 -217.737595 6.0163002
294.684509 -217.779297 6.48159981
294.720764 -217.723206 8.90884972
294.769409 -217.749802 9.39109993
294.765991 -217.652695 9.41329956
294.658295 -217.595703 8.78489971
294.67569 -217.477951 8.89234924
294.603912 -217.569702 9.00500011
294.721893 -217.232498 8.86690044
294.712494 -217.293701 9.01490021
294.620697 -217.379105 10.5298996
294.792297 -215.402893 7.15170002
294.616699 -215.252396 6.9836998
294.902954 -219.929871 8.92716694
294.818207 -219.582794 14.9253998
294.883911 -219.465302 15.0686998
294.84671 -219.358505 11.3422003
294.980713 -219.080399 9.37790012
294.918274 -219.028702 9.48699951
294.874512 -219.061996 10.6899004
294.817688 -219.1707 11.1309996
294.824707 -218.892502 13.6851997
294.984894 -218.537903 13.7880001
294.909393 -218.0811 10.3934002
294.968292 -217.937698 6.21400023
294.801788 -217.941696 9.04650021
294.87561 -217.933395 10.3415003
294.841705 -217.679001 8.90229988
294.85791 -217.760666 9.33693314
294.893585 -217.716293 9.4385004
294.972992 -217.723907 9.7585001
294.972412 -217.622299 10.4460001
294.883911 -217.614594 10.6677999
294.900085 -217.406494 8.91709995
294.991699 -217.390106 9.0145998
294.865906 -217.201706 10.7024002
294.957794 -216.612503 10.3924999
294.920593 -216.437607 11.1036997
295.014709 -219.746704 14.9056997
295.016296 -219.108398 9.59910011
295.113312 -218.876404 10.7517004
295.041412 -218.653198 10.0451002
295.064209 -217.842194 9.23690033
295.134888 -217.895096 10.1039
295.183594 -217.959793 10.4160004
295.151794 -217.524307 9.12450027
295.036285 -217.469406 10.5998001
295.052612 -217.479294 10.6257
295.082306 -217.298706 8.92010021
295.126404 -217.3004 10.3264503
295.092712 -217.171997 10.8083
295.294586 -219.839996 13.9619999
295.309631 -219.096649 9.2656498
295.335785 -219.157104 10.9396
295.260986 -218.971802 9.12979984
295.311615 -218.198105 9.87150002
295.3862 -217.760895 9.66829967
295.390106 -217.478302 9.05580044
295.283813 -216.779999 10.7620001
295.266815 -200.055893 8.53339958
295.483795 -219.650299 14.4877005
295.414612 -218.978806 10.3199997
295.535706 -218.505997 9.94009972
295.535004 -217.653305 10.6080999
295.470276 -217.509354 10.64505
295.578003 -217.358597 11.1316004
295.40799 -216.810303 10.6659002
295.513245 -216.932861 11.0363998
295.545288 -216.481293 10.8332996
295.787598 -219.872192 9.18260002
295.688904 -218.628296 10.2989998
295.660309 -218.783707 10.5099001
295.723511 -218.004501 9.43900013
295.658905 -217.727707 9.21269989
295.794586 -217.061905 10.9067001
295.758789 -216.633698 10.7117996
295.793304 -216.515106 10.7968998
295.763489 -216.160995 10.8157997
295.798309 -215.897903 10.6590004
295.634094 -215.933899 10.8882999
295.674713 -200.234406 8.5692997
295.990692 -218.572906 10.3851004
295.855499 -218.5681 10.7518997
295.885315 -218.309006 10.3418999
295.834991 -218.002594 9.34759998
295.812286 -218.125702 10.6615
295.96051 -217.619095 9.02630043
295.846802 -217.739899 9.73589993
295.803894 -217.107101 11.1201
295.901794 -216.907898 10.4236507
295.909485 -216.492706 10.6950998
295.905304 -216.023407 10.5641003
295.986511 -215.888504 10.5223999
295.807312 -215.980301 10.6169004
296.006409 -219.606094 6.80140018
296.163208 -219.4832 8.86789989
296.063904 -218.679596 10.3648005
296.017395 -217.677597 9.00119972
296.061096 -217.500397 8.90120029
296.054901 -216.5625 10.5313997
296.022797 -216.102905 10.5586004
296.132904 -200.163406 7.49989986
296.253418 -217.457336 8.74489975
296.269196 -216.647507 10.8416004
296.303894 -200.333603 10.0256004
296.408386 -219.859207 9.24680042
296.525208 -219.9944 16.2914009
296.597412 -219.796799 17.1158009
296.586609 -216.738495 10.7291002
296.714294 -219.963043 16.8523006
296.742096 -219.692307 16.0062008
296.724213 -219.172897 15.5806999
296.606812 -218.783798 15.8848
296.645203 -217.664902 9.05420017
296.713409 -217.529404 8.96549988
296.692505 -217.517105 9.05270004
296.694702 -217.0896 10.0403004
296.69931 -216.937805 10.2540998
296.751282 -216.767242 10.6340504
296.843597 -219.934692 16.4424
296.810303 -219.852707 17.0230007
296.896057 -217.435501 10.1329498
296.893799 -217.229904 10.0630999
296.977509 -217.224197 10.7655001
296.981995 -217.247604 10.9938002
296.956696 -217.136993 10.4036503
296.893188 -217.029541 10.7807999
296.917999 -217.056107 11.3234997
296.906006 -216.853851 10.6709003
296.979309 -216.233597 9.60149956
296.968201 -216.179199 9.55420017
296.932495 -215.935593 9.27700043
296.905487 -215.784393 9.20090008
296.970795 -200.091904 9.01270008
297.055603 -218.369797 10.5109997
297.068695 -217.5952 8.52040005
297.143707 -217.441895 8.61100006
297.13501 -217.595001 10.2720003
297.102112 -217.240799 9.08059978
297.183502 -217.265396 10.9229002
297.095795 -217.087799 10.7025003
297.108093 -217.149902 11.1014996
297.119507 -216.9254 9.97430038
297.03949 -216.985596 10.2243996
297.185455 -216.876251 10.4801006
297.05191 -216.9617 11.0731001
297.147003 -216.768646 10.5146008
297.07309 -216.429504 8.89309978
297.041687 -216.4729 9.94470024
297.014404 -216.510101 10.4155998
297.128387 -216.307297 9.38459969
297.134888 -216.365402 10.0799999
297.102203 -216.143204 8.66329956
297.199097 -216.118103 9.38239956
297.078308 -216.183502 9.4975996
297.169495 -215.983307 8.49860001
297.177185 -215.792999 8.43159962
297.093597 -200.232605 8.95590019
297.276123 -217.432953 10.18015
297.368103 -217.297302 10.2052002
297.214294 -217.217102 10.9342003
297.322906 -217.187195 8.96039963
297.315002 -217.026199 10.3191996
297.2771 -216.842102 8.98680019
297.342987 -216.812805 9.87699986
297.321198 -216.864502 10.0691004
297.3526 -216.668701 9.95059967
297.368286 -216.218002 9.62240028
297.272888 -215.882706 8.53890038
297.388 -215.794601 9.99820042
297.366608 -214.719193 9.30420017
297.421906 -217.591797 11.0945997
297.505707 -217.214005 10.0649996
297.57019 -217.045197 9.98579979
297.447388 -217.164795 10.1540003
297.450806 -216.945297 9.06369972
297.444305 -216.753906 9.69279957
297.566101 -216.530396 9.58850002
297.40741 -216.179504 9.72329998
297.584106 -216.098495 11.5249996
297.401215 -215.4151 10.5923004
297.49054 -215.505829 10.6867247
297.562286 -215.304596 10.5146999
297.5065 -215.295395 10.6575003
297.736145 -217.649902 10.3374004
297.77179 -217.561905 12.5115004
297.626587 -216.7435 9.84599972
297.6633 -216.452896 11.3985004
297.636505 -216.383408 8.41059971
297.701996 -216.220505 11.3684998
297.7453 -216.236893 11.4277
297.772186 -216.390701 12.2400999
297.705414 -215.995697 10.3563004
297.657013 -215.737595 10.4076996
297.637756 -215.717697 10.8828669
297.889587 -216.665894 12.7700005
297.814606 -216.408203 12.2354002
297.914703 -216.2509 11.2131996
297.846405 -216.097107 8.8725996
297.999207 -214.994797 10.0409002
297.887573 -214.892242 10.2366505
298.023193 -218.998001 13.6160002
298.070099 -216.094803 8.52740002
298.068542 -215.282898 11.9017754
298.314087 -216.081696 11.2688999
298.254791 -215.646103 11.6718998
298.239594 -215.533997 11.7107
298.254089 -215.345306 11.7300997
298.495087 -218.747101 11.3776999
298.797791 -219.952499 11.1926003
298.918701 -219.795593 11.1563997
299.510406 -219.418106 12.8185997
