# .PCD v0.7 - Point Cloud Data file format
VERSION 0.7
FIELDS x y z
SIZE 4 4 4
TYPE F F F
COUNT 1 1 1
WIDTH 12220
HEIGHT 1
VIEWPOINT 0 0 0 1 0 0 0
POINTS 12220
DATA ascii
20.1133671 0.295033336 -1.13870001
20.1103992 0.532599986 -1.13810003
20.1587486 0.954599977 -1.14464998
20.0251007 1.05130005 -1.15480006
20.122776 1.35710001 -1.18472505
20.1861 1.67359996 -1.19480002
20.0718002 2.90359998 -1.24539995
20.0131493 3.09859991 -1.25480008
20.0158997 3.30949998 -1.27030003
20.0896492 3.50199986 -1.27600002
20.1956005 4.05149984 -1.31869996
20.1711006 4.69379997 -1.33070004
20.1124992 5.43550014 -1.42379999
20.1553993 5.79729986 -1.42429996
20.0966492 5.78709984 4.25869989
20.1632996 5.75010014 4.40350008
20.0948391 5.9306798 4.15059996
20.0965004 5.89848328 4.26429987
20.1469669 5.87456656 4.44666672
20.0845337 5.96623325 5.26553345
20.0662498 6.11835003 -1.41339993
20.080349 6.078475 4.13572502
20.0895996 6.05900002 4.26660013
20.1704006 6.18120003 4.58820009
20.0697746 6.15122509 5.108675
20.0859566 6.09561443 5.28451395
20.0209999 6.09560013 5.54939985
20.1025009 6.29269981 -1.43900001
20.1000996 6.31459999 3.97919989
20.0773716 6.30205727 4.13590002
20.1314507 6.26239967 4.29440022
20.0683002 6.33239985 4.50220013
20.0286007 6.38789988 4.62169981
20.1494999 6.32229996 4.97322512
20.1256294 6.28224277 5.08075714
20.1038494 6.43525028 3.98075008
20.1126747 6.52409983 4.12782526
20.0561504 6.49740028 4.24090004
20.0998001 6.52419996 4.72300005
20.0832005 6.44858885 4.89331102
20.1345806 6.51399994 6.10707998
20.0077991 6.75400019 -1.48430002
20.1342506 6.78294992 3.67234993
20.1147003 6.6573 4.13619995
20.1406994 6.78100014 4.27120018
20.054966 6.66809988 4.89013338
20.1571007 6.74170017 5.95695019
20.1285744 6.75562477 6.10610008
20.1849003 6.6566 6.23330021
20.1926994 6.90290022 3.57299995
20.1618004 6.84520006 3.62540007
20.1739006 6.9124999 4.44799995
20.0562496 6.86209965 4.92035007
20.1166496 6.83994961 5.93515015
20.1171494 6.90075016 6.13665009
20.0303993 6.93100023 6.24599981
20.1213989 7.13584995 -1.4528501
20.1103992 7.07110023 4.34560013
20.1788998 7.12970018 5.82439995
20.0051994 7.07480001 6.08879995
20.1671009 7.12260008 6.5795002
20.1625996 7.24560022 2.75699997
20.0307007 7.20020008 4.25909996
20.1065006 7.25099993 5.83109999
20.0706997 7.53240013 3.37299991
20.0526009 7.54606676 4.42146683
20.1275005 7.72770023 4.19010019
20.1230507 7.77614975 4.29775
20.1394005 7.61420012 4.47450018
20.0978661 7.89976645 3.91863346
20.1056004 7.86085033 4.07924986
20.0394993 8.18220043 -1.61230004
20.1313 8.15789986 3.72180009
20.1022663 8.08446693 3.87633324
20.0625 8.4222002 -1.61860001
20.1149998 8.61709976 -1.63520002
20.1170006 8.76099968 3.30730009
20.0944004 8.72420025 3.58200002
20.0744667 8.66166687 3.6752665
20.0788002 8.89900017 -1.60259998
20.0485001 8.96889973 2.7434001
20.1630001 8.8532505 3.12024999
20.1474495 8.88259983 3.3355
20.1289997 9.06173325 2.68136668
20.1065006 9.08259964 2.83229995
20.0723991 9.13949966 3.10050011
20.0813007 9.10820007 3.28579998
20.1189003 9.37709999 2.48370004
20.0163498 9.24575043 2.66100001
20.0755997 9.23709965 3.15009999
20.0599003 9.51049995 -1.59430003
20.0226002 9.47710037 2.59719992
20.0615501 9.50449944 2.66070008
20.1826992 9.74520016 2.67400002
20.1557999 9.98830032 2.48530006
20.1769009 9.83720016 2.81830001
20.0464001 10.0881996 2.39100003
20.0724297 10.0804291 2.49659991
20.1545486 10.3621502 2.3599
20.1975994 10.3985004 2.44989991
20.1407013 10.5488005 2.22965002
20.1928005 10.5756998 2.6882
20.0384998 10.6879997 -1.62829995
20.0412006 10.6803999 -1.58879995
20.1861 10.7536001 2.52069998
20.132 10.6218004 2.6724
20.2269001 0.109300002 -1.10570002
20.3102493 0.312550008 -1.13499999
20.3266983 0.463249981 -1.13074994
20.2185993 0.734000027 -1.13769996
20.2996998 0.932266653 -1.16406667
20.3542252 1.319525 -1.172575
20.2774506 1.93109989 -1.22039998
20.2329674 1.83239996 -1.1876334
20.3059006 2.02679992 -1.25960004
20.2569504 2.30345011 -1.23399997
20.3035507 2.42315006 -1.25944996
20.2789993 2.73959994 -1.24479997
20.3104 3.72480011 -1.30429995
20.3114014 3.90210009 -1.31014991
20.3570004 4.16260004 -1.33399999
20.3167496 4.36094999 -1.34154999
20.3092003 4.65049982 -1.33720005
20.2278996 4.81619978 -1.40629995
20.3810501 4.88580036 -1.35645008
20.2932014 5.32544994 -1.40805006
20.2091999 5.55140018 -1.45729995
20.2931995 5.79040003 -1.47379994
20.3589497 5.67759991 4.14729977
20.3300991 5.66032839 4.32509995
20.3477669 5.92499971 4.12336636
20.2891598 5.85987997 4.24045992
20.3635006 5.97970009 5.15430021
20.2545509 5.96245003 5.32539988
20.3719006 6.01340008 -1.47580004
20.2796993 6.13100004 -1.32640004
20.3660507 6.18270016 3.50570011
20.3138008 6.11139965 4.11849976
20.2392006 6.12629986 4.2736001
20.2417831 6.10721684 5.10419989
20.2411671 6.02506638 5.29029989
20.3655243 6.24717522 3.48362494
20.3628998 6.32910013 3.74640012
20.3730011 6.32735014 3.91202497
20.297472 6.30028582 4.09167147
20.3076 6.37659979 4.27479982
20.3015003 6.32450008 4.95200014
20.2659664 6.24100018 5.05859995
20.2371006 6.30389977 6.29680014
20.3509007 6.56540012 -1.48730004
20.3924503 6.48559999 3.73785019
20.3845997 6.57520008 4.10830021
20.312851 6.47535038 4.26955032
20.2371006 6.58659983 4.79239988
20.2909012 6.5059166 4.89378357
20.2341003 6.43620014 5.02435017
20.2546005 6.54713345 6.06309986
20.3059254 6.50927496 6.25167513
20.3806 6.54839993 6.44059992
20.3185501 6.53759956 6.70265007
20.35495 6.78339958 2.83080006
20.3806992 6.6529336 3.48850012
20.2381325 6.74773312 3.70510006
20.3465805 6.65543985 4.11505985
20.2387333 6.65896654 4.76566648
20.2729988 6.69759989 4.84700012
20.2318497 6.70489979 5.96549988
20.2842674 6.67596674 6.06726646
20.3530006 6.73070002 6.23960018
20.3459015 6.92229986 2.74020004
20.3097992 6.95774984 2.82334995
20.3176003 6.94789982 3.00279999
20.2821674 6.82546663 3.56073332
20.2768002 6.8059001 3.67510009
20.3770008 6.97779989 5.70660019
20.3035755 6.88097477 5.88567495
20.2486 6.8039999 6.03999996
20.2842999 7.15100002 -1.47109997
20.3004856 7.13634253 2.75094295
20.3437138 7.1024003 2.89807129
20.3248005 7.13845015 3.05495
20.2886009 7.08669996 6.51515007
20.2610664 7.06503344 6.70516634
20.2636986 7.31925011 -1.55540001
20.25 7.26359987 2.80730009
20.219101 7.21140003 4.22039986
20.29175 7.23920012 4.44075012
20.2038994 7.56759977 3.41429996
20.3174 7.52759981 3.80929995
20.2695007 7.57329988 4.51609993
20.2294998 7.72800016 -1.49790001
20.3377666 7.68036652 3.34743333
20.3295002 7.64540005 4.47009993
20.3288498 7.91485023 3.26705003
20.3509007 7.86780024 3.80929995
20.3591003 7.9907999 4.19040012
20.3388996 8.18599987 2.98629999
20.3866005 8.00660038 3.23699999
20.3763008 8.18900013 3.77789998
20.3227501 8.12274933 3.87487507
20.2542667 8.07786655 4.08556652
20.3071003 8.08790016 4.21880007
20.3624992 8.3973999 -1.6049
20.2616997 8.31000042 -1.51530004
20.3188667 8.27893353 3.83026671
20.2891502 8.52395058 -1.58214998
20.28475 8.53485012 2.84140015
20.3290997 8.74279976 -1.62709999
20.3222504 8.78614998 2.88089991
20.2395668 8.75593281 3.3306334
20.3015003 8.65009975 3.59680009
20.2534008 8.65610027 3.79360008
20.2458992 8.66049957 3.80550003
20.287899 8.9333334 2.84686661
20.3840008 8.9968996 3.11969995
20.2759609 8.85608006 3.31974006
20.2275009 8.83769989 3.47370005
20.3108997 9.15330029 2.5072
20.2861996 9.15646648 2.75566673
20.3038998 9.15376663 2.88156652
20.3400002 9.16709995 3.046
20.2826996 9.01319981 3.37019992
20.3174992 9.20390034 2.32789993
20.3616657 9.31076717 2.52139997
20.2910995 9.27799988 3.17070007
20.3171997 9.26679993 3.23830009
20.2077999 9.71660042 2.75480008
20.2672005 9.93459988 2.77649999
20.2584991 9.82260036 2.85010004
20.2574501 10.10215 2.52014995
20.285675 10.0557995 2.75522494
20.3581009 10.2133999 2.47469997
20.2866993 10.4928999 -1.65289998
20.2512245 10.4992247 2.3059001
20.3110657 10.4840002 2.5247333
20.3267994 10.4457493 2.66680002
20.2493992 10.7480001 -1.63189995
20.25 10.6408005 2.28379989
20.2352009 10.6767998 2.5933001
20.3957005 10.9354 2.29690003
20.5135746 0.0717750043 -1.12067497
20.4564991 0.3935 -1.14559996
20.4538002 0.493099988 -1.12370002
20.4614487 0.666849971 -1.15610003
20.5073338 0.86073333 -1.15653336
20.4760494 1.04500008 -1.15499997
20.4999008 1.36179996 -1.20109999
20.4300003 1.52180004 -1.21529996
20.5035343 1.47636664 -1.17673337
20.5007515 1.89665008 -1.21589994
20.4984512 2.12930012 -1.21329999
20.4673004 2.30839992 -1.25220001
20.4722996 2.46729994 -1.25349998
20.4424667 2.87240005 -1.25900006
20.4724007 3.14450002 -1.27550006
20.4488487 3.29395008 -1.29400003
20.4869995 3.78430009 -1.3082
20.5387001 4.16060019 -1.37170005
20.4800663 4.25056648 -1.35689998
20.574501 4.48476648 -1.33116663
20.5706005 4.78900003 -1.3348
20.5983009 4.89569998 -1.38530004
20.4039001 5.16429996 -1.39180005
20.5312996 5.45650005 -1.39530003
20.4927006 5.54150009 4.19980001
20.5191002 5.65964985 -1.38699996
20.4618416 5.6688571 4.16547155
20.4524002 5.66952515 4.30525017
20.4866009 5.98150015 3.99230003
20.4913464 5.89765453 4.09794521
20.4137001 5.80880022 4.23810005
20.5431995 5.95235014 4.97490025
20.5647755 5.86452532 5.11312485
20.5326004 5.87279987 5.24529982
20.4328995 6.10580015 3.55940008
20.4962006 6.09504986 3.63849998
20.552124 6.06494999 3.96930003
20.5251503 6.13444996 4.0626502
20.5360489 6.0777998 4.96645021
20.5246239 6.0618 5.05807495
20.5545006 6.01819992 5.23050022
20.5471325 6.30900002 3.33166671
20.5151443 6.29628897 3.49920011
20.52285 6.29014969 3.69287491
20.4887142 6.25612879 3.93910003
20.4247665 6.30943346 4.06626654
20.4442482 6.35900021 4.28629971
20.5171795 6.31708002 4.9265399
20.4937992 6.32560015 5.01340008
20.5468998 6.58769989 2.86350012
20.5942001 6.41090012 3.37129998
20.4759674 6.51013327 3.47753334
20.524641 6.50992012 3.68270016
20.5121193 6.47336006 4.08894014
20.5014992 6.48239994 4.74180031
20.4993839 6.4708333 4.86313343
20.5877991 6.5138998 5.51940012
20.5599003 6.52880001 5.6427002
20.4188995 6.58864975 6.2972002
20.4911003 6.55310011 6.47973347
20.4655342 6.54460001 6.7203002
20.4032001 6.4296999 6.82320023
20.4857674 6.77783346 2.74636674
20.5219154 6.76188326 2.89409995
20.5909996 6.73759985 3.38790011
20.5342007 6.65014982 3.49940014
20.4355011 6.66989994 3.79449987
20.5291004 6.65110016 4.76660013
20.5561008 6.65719986 5.74119997
20.5263996 6.76760006 5.9309001
20.4538002 6.77320004 6.01959991
20.4656658 6.69846678 6.32060003
20.5377121 6.70213747 6.53307486
20.5419006 6.65613317 6.66013336
20.5285664 6.68569994 6.86420012
20.4624004 6.91870022 2.71194983
20.4974804 6.92600012 2.91436005
20.5835991 6.88360023 3.02690005
20.5722008 6.98089981 3.51559997
20.4937992 6.94320011 4.26445007
20.5326004 6.93204975 5.88689995
20.4642258 6.88677502 6.08319998
20.5029259 6.92040014 6.52537489
20.5294991 7.09870005 -1.54932499
20.5806999 7.08249998 2.7276001
20.5082016 7.09200001 2.88715005
20.5505333 7.17366695 3.12006664
20.5270004 7.10232496 4.28672504
20.4524002 7.07569981 6.33570004
20.5222015 7.09544992 6.68895006
20.5443993 7.09990025 6.94855022
20.4076004 7.36369991 -1.55610001
20.5928001 7.31080008 3.18779993
20.5204506 7.25084972 4.30690002
20.4160995 7.51289988 -1.51919997
20.4339008 7.4124999 3.0783999
20.4947014 7.42869997 3.22375011
20.4076996 7.56710005 3.73239994
20.5877991 7.4071002 4.35650015
20.4158001 7.77540016 3.19679999
20.4424 7.72179985 3.31019998
20.5097504 7.70860004 4.36889982
20.5555 7.79230022 4.64870024
20.4675999 7.63000011 6.46659994
20.5536003 7.87610006 3.26859999
20.5078506 7.88759995 4.51655006
20.5121002 8.13360023 -1.58070004
20.5205498 8.14375019 3.10240006
20.5907001 8.09640026 3.30599999
20.4752998 8.03829956 3.80679989
20.4610996 8.08570004 4.26539993
20.5261993 8.09599972 4.48600006
20.5356998 8.21389961 3.07419991
20.5286999 8.38980007 3.5775001
20.4713001 8.22770023 3.95799994
20.4235001 8.22270012 4.02540016
20.5510998 8.55550003 4.31069994
20.5827999 8.6281004 3.7723
20.4071007 8.9989996 -1.45169997
20.4968662 8.95336628 2.76693344
20.4804001 8.94334984 3.13115001
20.4267998 8.9975996 3.23939991
20.5128517 8.95419979 3.52760005
20.5420494 9.11254978 2.66604996
20.4528008 9.04409981 2.85299993
20.4943504 9.13220024 3.10575008
20.4388008 9.08839989 3.33920002
20.4946995 9.30410004 2.3585999
20.4009991 9.32419968 2.54629993
20.4160995 9.36530018 2.75500011
20.4706993 9.22900009 2.9526
20.487751 9.36949921 3.1010499
20.4806995 9.2123003 3.27859998
20.5372009 9.28530025 3.7743001
20.5303001 9.56970024 -1.62720001
20.4533005 9.50804996 2.71985006
20.4618988 9.43905067 3.06669998
20.5674992 9.44400024 3.35229993
20.5984993 9.63220024 2.9677
20.4768486 9.8927002 2.74480009
20.4267006 10.1725998 2.55629992
20.4671497 10.0250502 2.66669989
20.4559994 10.3649998 2.2500999
20.5053673 10.2794333 2.51646662
20.5799007 10.3080997 2.7026999
20.5774994 10.5487003 2.19630003
20.5053005 10.5510502 2.23930001
20.5399342 10.5294333 2.52503324
20.4731503 10.7257004 -1.70694995
20.5133991 10.6293001 2.35780001
20.5410995 10.6077995 2.54780006
20.5569 10.8469 2.15820003
20.5237656 10.9549665 2.24056673
20.53615 11.0329494 2.1479001
20.4106007 11.0194998 2.21239996
20.4615002 19.2231007 -2.47280002
20.6520672 0.293633342 -1.15613329
20.626049 0.491649985 -1.13670003
20.7399998 0.725899994 -1.15359998
20.7437496 0.943949997 -1.17414999
20.7287006 1.36489999 -1.18920004
20.6357994 1.44509995 -1.21679997
20.6728001 2.39910007 -1.20879996
20.6574001 3.44219995 -1.32389998
20.7933006 3.94740009 -1.31550002
20.7355003 4.59989977 -1.36240005
20.6336002 5.3501997 -1.38205004
20.6205006 5.55779982 -1.38629997
20.6474991 5.57130003 4.15250015
20.7733994 5.58970022 5.23649979
20.7677002 5.52680016 5.43730021
20.705101 5.70125008 -1.43440008
20.7005005 5.76009989 4.14800024
20.7172127 5.72711325 5.10291338
20.7105503 5.6947999 5.29024982
20.7647514 5.95940018 3.56675005
20.6952 5.89729977 3.62080002
20.7514 5.84110022 3.87870002
20.7118912 5.89045 4.08531666
20.6881428 5.90630007 4.95050001
20.6949997 5.96626663 5.01543331
20.7875996 6.06139994 -1.52499998
20.7948494 6.14640045 3.28859997
20.6704998 6.19659996 3.44230008
20.6805592 6.08120012 3.89996004
20.7191334 6.12120008 4.04626656
20.7189007 6.09819984 4.89421415
20.6777992 6.30935001 3.3283
20.6954002 6.28655005 3.45434999
20.618 6.34060001 3.67210007
20.6248493 6.23964977 3.83844995
20.7850246 6.23637486 4.08004999
20.6082993 6.22889996 4.2178998
20.6952667 6.30203342 4.90606689
20.7842007 6.38819981 5.09919977
20.6319008 6.38149977 5.62160015
20.7845001 6.35659981 6.76310015
20.7002506 6.52527523 3.34762502
20.6699162 6.4578166 3.50478339
20.6613007 6.59130001 3.72189999
20.7283001 6.54150009 4.1480999
20.7560997 6.49060011 4.76940012
20.6974792 6.47528028 4.85987997
20.6506996 6.46829987 5.76329994
20.6124001 6.5934 6.25640011
20.7165565 6.51399994 6.53884268
20.7068005 6.46049976 6.65329981
20.7844009 6.7198 2.59619999
20.7856998 6.71269989 2.75259995
20.7678337 6.70186663 3.28746676
20.635601 6.70790005 3.44679999
20.6191998 6.67409992 3.60660005
20.6789513 6.70564985 4.13879967
20.7731991 6.72219992 4.20599985
20.7448997 6.64435005 4.73075008
20.6415997 6.66940022 4.94129992
20.7259998 6.66120005 6.50320005
20.6086998 6.72219992 6.60629988
20.707901 6.76054955 6.90260029
20.7204494 6.96590042 -1.48565006
20.7602005 6.84054995 2.56389999
20.7115002 6.85256672 2.72746658
20.7153244 6.88634968 2.84715009
20.6632996 6.86310005 3.05069995
20.6832504 6.89054966 3.54409981
20.7271004 6.89886665 4.16989994
20.6978245 6.92129993 4.27547503
20.6291008 6.92729998 4.71460009
20.7985001 6.84490013 5.98199987
20.6720009 6.89340019 6.10570002
20.6646996 6.81729984 6.34879971
20.6767254 6.89257526 6.49765015
20.6357002 6.91820002 6.68440008
20.6751003 6.87513351 6.87183332
20.7618008 7.18959999 -1.51590002
20.7684326 7.08946657 2.71516681
20.6944008 7.02159977 2.8670001
20.7310333 7.09429979 3.07616663
20.7276669 7.09151649 3.49779987
20.7236004 7.11170006 3.63569999
20.6872005 7.15623331 4.27446651
20.6403999 7.14050007 4.40920019
20.6409988 7.04995012 6.73894978
20.6829491 7.25469971 3.14275002
20.6840343 7.29311657 3.30898333
20.7248497 7.24434996 3.48370004
20.7625008 7.23509979 3.61570001
20.7800999 7.22149992 3.80679989
20.6624489 7.32690001 4.27010012
20.7957993 7.29920006 4.66940022
20.7310009 7.21470022 5.7198
20.6455994 7.44449997 -1.52939999
20.7467995 7.43790007 3.20040011
20.6681995 7.45459986 3.45149994
20.7602005 7.46000004 4.33739996
20.7039986 7.52384996 4.45085001
20.7782993 7.63710022 -1.5862
20.6341 7.79139996 4.55819988
20.6802006 7.96154976 -1.4677999
20.6564999 7.82499981 3.96070004
20.7646008 7.88910007 4.07550001
20.6385002 8.06169987 3.25559998
20.6880493 8.15480042 6.48110008
20.6123505 8.23484993 3.04190016
20.7549992 8.27929974 3.82680011
20.6252003 8.33090019 4.0461998
20.6382008 8.29399967 4.23999977
20.7026005 8.28170013 4.5145998
20.780899 8.49419975 4.18709993
20.7474003 8.85630035 -1.61559999
20.7136002 8.96280003 2.83669996
20.6657009 8.98880005 3.6013
20.7558002 8.9151001 4.45760012
20.6135006 9.18490028 -1.59619999
20.7968998 9.02089977 3.51130009
20.6313 9.36800003 -1.64859998
20.730751 9.35409927 2.43879986
20.7907009 9.3682003 2.76679993
20.7444 9.29500008 3.12380004
20.6961994 9.2876997 3.32697511
20.6896992 9.36089993 3.49620008
20.6921005 9.40670013 -1.60259998
20.7416 9.45129967 2.68930006
20.6030006 9.45580006 3.0776
20.7730007 9.45320034 3.28369999
20.7401009 9.68089962 -1.63859999
20.7572994 9.75090027 2.68479991
20.7248001 9.70199966 2.89260006
20.7938995 9.60449982 3.2191
20.7443008 9.85459995 -1.67690003
20.6818008 9.86933327 2.71873331
20.6800995 10.1268997 2.53740001
20.7475014 10.0760994 2.69400001
20.7423992 10.3704996 1.95710003
20.7269993 10.2538004 2.06699991
20.7747002 10.3094997 2.39610004
20.6832008 10.2464504 2.55279994
20.7791996 10.2730999 2.77760005
20.6140995 10.5240002 2.10080004
20.7304497 10.5241241 2.30169988
20.7481995 10.4876995 2.44939995
20.7947006 10.7814999 2.16639996
20.6819992 10.7441998 2.24920011
20.6492996 10.9048996 2.15560007
20.7030659 10.9027328 2.32500005
20.7082005 11.0588999 2.14660001
20.7320995 11.2712002 2.03110003
20.8892326 0.267933339 -1.14896667
20.8807487 0.552749991 -1.14400005
20.9315491 0.696249962 -1.18464994
20.9549999 0.8028 -1.20089996
20.9195995 0.835200012 -1.19369996
20.9449501 1.06824994 -1.19005001
20.8188992 1.34399998 -1.21099997
20.9983006 1.23640001 -1.19850004
20.8435001 1.46229994 -1.20159996
20.9074993 1.69190001 -1.24660003
20.9099998 1.76024997 -1.18924999
20.889267 1.8372333 -1.21039999
20.8912506 2.10710001 -1.24539995
20.9481659 2.31903338 -1.24189997
20.9808006 2.5934999 -1.25080001
20.9692993 2.60829997 -1.28219998
20.9102325 2.80806661 -1.26279998
20.9067497 3.30320001 -1.29780006
20.8328991 3.72830009 -1.3046
20.9426003 3.9224 -1.35169995
20.8644009 4.26889992 -1.352
20.9188499 4.44239998 -1.3914001
20.8155003 5.55609989 5.29500008
20.8752995 5.79680014 3.55539989
20.9179993 5.77314997 3.64505005
20.8754005 5.78739977 4.04969978
20.8353004 5.77339983 4.9980998
20.8963737 5.73425007 5.08059978
20.8962326 5.68053341 5.29273319
20.9300995 5.92753983 3.36394
20.8583336 5.90597773 3.50611115
20.8587246 5.88544989 3.68924999
20.9070244 5.92957497 4.09955025
20.8327999 5.80970001 4.27080011
20.8795319 5.91666651 4.93123341
20.8917007 5.85666656 5.02546644
20.8253498 6.11625004 -1.44000006
20.9629993 6.11286688 3.14956665
20.8871136 6.09181452 3.28165722
20.9107609 6.09161997 3.4619
20.854351 6.04864979 3.69735003
20.8567009 6.0854001 3.9131
20.8796673 6.1159668 4.10143328
20.8815002 6.18459988 4.78119993
20.9190826 6.1232667 4.90470028
20.8171997 6.00099993 5.1736002
20.9183998 6.24109983 3.18440008
20.8876743 6.30007505 3.32852507
20.8515511 6.3118 3.44307518
20.8945007 6.23880005 3.75239992
20.9351997 6.39769983 4.70270014
20.9076557 6.30994463 4.87333345
20.9610996 6.39690018 6.52729988
20.8659992 6.25540018 6.65269995
20.8612995 6.5323 3.19390011
20.8671665 6.49816656 3.32729983
20.8356495 6.46519995 3.41025019
20.9643002 6.48750019 3.63080001
20.8614006 6.43945026 4.09105015
20.9034004 6.41870022 4.21969986
20.9771996 6.5323 4.80539989
20.9442997 6.55189991 5.13049984
20.8495007 6.55880022 5.85389996
20.8550491 6.5149498 6.38595009
20.8617001 6.50491667 6.48939991
20.9212494 6.49300003 6.67420006
20.8596668 6.65159988 2.71879983
20.8596992 6.73828554 3.25705719
20.8237 6.72200012 3.43874979
20.8853493 6.77069998 4.11800003
20.9335995 6.61359978 4.22209978
20.8638 6.7895999 4.77926683
20.9957008 6.75890017 5.45200014
20.9304504 6.70930004 5.73589993
20.8497009 6.71869993 6.39720011
20.928299 6.67530012 6.48169994
20.9416008 6.9691 -1.51530004
20.8412991 6.9861002 2.83249998
20.9004002 6.81589985 3.15249991
20.9682999 6.88539982 3.25950003
20.8847408 6.93332005 4.14240026
20.8458004 6.81160021 4.2665
20.8868008 6.81570005 4.75960016
20.9911995 6.95319986 5.83209991
20.9150257 6.9312501 6.13552523
20.8884506 6.90789986 6.29835033
20.8534336 6.89896679 6.45830011
20.8092995 7.19129992 2.7881
20.8794994 7.14699984 2.85159993
20.9344997 7.13880014 3.02780008
20.8337002 7.18450022 3.55949998
20.9416008 7.03490019 4.10249996
20.9580002 7.00369978 4.23140001
20.9139004 7.10129976 4.7887001
20.9057999 7.04290009 5.00239992
20.8673992 7.09380007 6.31169987
20.8789005 7.0632 6.50010014
20.8435993 7.32009983 -1.51180005
20.8115005 7.2414999 2.72790003
20.8903008 7.24014997 3.13740015
20.8521004 7.27190018 4.15929985
20.8772335 7.29390001 4.77099991
20.84095 7.44015026 -1.53030002
20.8596001 7.52909994 3.39510012
20.9768009 7.4763999 4.3908
20.9267006 7.60570002 3.43670011
20.9108009 7.98710012 3.9683001
20.9563007 8.1274004 3.73079991
20.8973503 8.10754967 3.84040022
20.9918003 8.34500027 -0.989700019
20.8476009 8.57759953 -1.58780003
20.8412991 8.5177002 4.24580002
20.9160004 8.76140022 -1.48339999
20.9985008 8.7407999 2.77609992
20.8950996 8.88799953 -1.61230004
20.9393501 8.90934944 2.74599981
20.9458008 8.91800022 2.88569999
20.8533993 8.81470013 3.96749997
20.8582993 9.12414932 2.70170021
20.8178005 9.06439972 2.8427999
20.8167 9.12829971 3.32340002
20.8934002 9.37730026 2.20479989
20.9191341 9.34783363 2.56406665
20.8963394 9.29979992 2.71454
20.8763008 9.32240009 3.1322999
20.9121342 9.2621336 3.27596664
20.8880997 9.33580017 3.49370003
20.9445 9.4208498 2.13054991
20.9382 9.46879959 2.57999992
20.8393993 9.49190044 2.64260006
20.8682003 9.48709965 3.1092
20.9822998 9.42819977 3.28060007
20.8913498 9.69872475 2.71915007
20.9372005 9.90890026 2.55119991
20.8885002 9.94589996 2.76149988
20.9067001 9.96850014 2.8987999
20.8132 10.1941004 2.08049989
20.9167004 10.1358004 2.66000009
20.948 10.1957998 3.00189996
20.8309002 10.3312998 -1.65489995
20.9387341 10.3103666 1.95840001
20.8723335 10.2895336 2.06333327
20.8432007 10.3108997 2.21379995
20.9232502 10.21595 2.56269979
20.8565998 10.3192997 2.67913342
20.8663006 10.2551003 2.99160004
20.9881992 10.5361996 -1.64320004
20.9650993 10.5152998 -1.17789996
20.8642006 10.4556999 1.73629999
20.9193001 10.4104004 1.90579998
20.8960495 10.4678001 2.32459998
20.9465485 10.4665499 2.47219992
20.8958511 10.7564001 2.28520012
20.9109993 10.8438997 -1.69099998
20.8443508 10.8754005 2.13770008
20.9081001 10.8127003 2.2046001
20.8400497 11.1737995 2.12269998
20.8623009 11.2096996 2.18479991
21.1150513 0.043250002 -1.12635005
21.0035992 0.448599994 -1.16139996
21.1508007 0.702799976 -1.17910004
21.0278015 0.967149973 -1.16159999
21.1910992 1.30830002 -1.19850004
21.1753998 1.64489996 -1.21959996
21.1074333 1.87773335 -1.22563338
21.0557995 2.04500008 -1.21990001
21.1238003 2.36190009 -1.27400005
21.1208992 2.72119999 -1.24310005
21.1038666 2.84376669 -1.28059995
21.1666508 3.30949998 -1.29640007
21.1024666 3.56226659 -1.32356668
21.0569992 3.65829992 -1.27049994
21.0618496 3.90689993 -1.33115005
21.1401005 4.42199993 -1.35759997
21.1128998 4.72429991 -1.38810003
21.0879498 4.8590498 -1.39314997
21.1644001 5.01490021 -1.42390001
21.1661491 5.18184996 -1.39005005
21.0014992 5.56899977 -1.43099999
21.1460991 5.75449991 -1.42120004
21.1618996 5.72069979 5.21390009
21.0289497 5.94309998 3.10179996
21.1236496 5.8908 3.25400019
21.0846996 5.95419979 4.11689997
21.0489006 5.96199989 4.9382
21.0941105 5.91041994 5.05681992
21.0177002 6.10820007 -1.47230005
21.0366497 6.08895016 3.13614988
21.0313759 6.077425 3.31247497
21.0597496 6.14284992 4.78740025
21.0960808 6.13036013 4.88151979
21.1961002 6.18279982 5.77330017
21.1671009 6.15813351 5.89126682
21.1560993 6.1578002 6.05060005
21.1427002 6.31873322 -1.45646667
21.1474991 6.26904964 3.18994999
21.0042 6.33319998 3.28049994
21.0529995 6.29300022 3.49214983
21.0025005 6.38170004 3.7112999
21.0056992 6.38119984 4.3132
21.0921993 6.29506683 4.76069975
21.1274261 6.28902483 4.87529993
21.1802006 6.22300005 5.04500008
21.1523991 6.27670002 6.19840002
21.1117001 6.32280016 6.20970011
21.1331005 6.5310998 -1.49539995
21.1208992 6.53399992 -1.38160002
21.1819 6.42519999 3.54760003
21.0986996 6.52010012 3.65635014
21.0662003 6.55453348 4.13606644
21.1875992 6.49109983 4.74389982
21.1401501 6.57435036 4.8835001
21.1935997 6.55880022 5.45830011
21.0126991 6.50089979 6.40549994
21.0613995 6.57240009 6.63950014
21.1360207 6.70776033 -1.48005998
21.1380997 6.67823315 -1.37983334
21.0160999 6.77519989 2.57949996
21.0235004 6.61320019 3.40380001
21.1427994 6.66529989 3.78900003
21.0872002 6.69911671 4.10410023
21.1081009 6.72849989 4.30280018
21.1842003 6.72480011 4.79729986
21.1429005 6.71920013 4.83729982
21.09935 6.65735006 5.35474968
21.1730995 6.76870012 5.95609999
21.1423988 6.71794987 6.10675001
21.122633 6.72686672 6.31090021
21.0487328 6.71610022 6.50139999
21.1417332 6.89690018 -1.52639997
21.1779003 6.8973999 -1.39100003
21.1105995 6.81230021 3.329
21.1342602 6.91270018 4.07161999
21.0379009 6.88710022 5.81349993
21.1567993 6.8915 6.1241498
21.0261497 6.87365007 6.30424976
21.1515007 6.83160019 6.48159981
21.1959 6.81890011 6.69910002
21.1373329 7.07480001 -1.48363328
21.1672993 7.16230011 -1.11650002
21.0510006 7.09509993 2.77959991
21.1819992 7.1092 4.34870005
21.1973 7.08050013 6.0802002
21.1243401 7.27019978 -1.49837995
21.1917 7.21269989 -1.05190003
21.0105 7.24630022 2.89339995
21.1313324 7.33766699 3.09406662
21.0338497 7.36189985 3.26165009
21.1315994 7.24160004 4.79659986
21.1383991 7.47076654 -1.49313331
21.1104012 7.5239501 3.17675018
21.1123009 7.40889978 3.2270999
21.0235004 7.57110023 3.48049998
21.1366653 7.6607666 -1.4695667
21.1968002 7.67229986 -1.32749999
21.1854 7.79409981 -1.09749997
21.1322002 7.7961998 3.03590012
21.0158997 7.8730998 -1.55830002
21.1548004 7.98729992 -1.29900002
21.1110001 7.90855026 -1.11905003
21.1474991 7.95790005 -0.980499983
21.1713009 8.09716702 -1.31056666
21.1497002 8.05309963 -1.15489995
21.1173344 8.13756657 -0.879099965
21.1634007 8.07489967 3.75200009
21.0930672 8.03063393 3.84883332
21.0550003 8.18239975 5.03970003
21.0849991 8.34860039 -1.43970001
21.1348 8.20940018 -1.3369
21.1036339 8.33253384 -1.1238333
21.0788994 8.25686646 -0.928499997
21.1977005 8.33279991 2.76670003
21.1117992 8.26720047 4.19150019
21.1147499 8.5421505 -1.27565002
21.0722675 8.51249981 -1.06283331
21.0123005 8.59280014 -0.880299985
21.0919991 8.44639969 2.76090002
21.1617012 8.49329948 2.9151001
21.0489998 8.61079979 -1.54519999
21.0564003 8.61069965 -1.31219995
21.1208992 8.6831665 -1.09169996
21.0219994 8.64599991 -0.956200004
21.1175995 8.67556667 2.70566654
21.0489998 8.74214935 2.84665012
21.0703506 8.72529984 3.42754984
21.0949993 8.83959961 -0.786199987
21.02915 8.84829998 2.74994993
21.1532993 8.88440037 2.89479995
21.1896 8.94859982 3.30940008
21.1088009 8.97140026 3.99790001
21.1134491 9.11420059 -1.50049996
21.1872997 9.02799988 -1.22880006
21.1777992 9.19719982 -0.902100027
21.1047993 9.14820004 2.66479993
21.1906013 9.15429974 3.12120008
21.0655499 9.10962486 3.26209998
21.0706501 9.07410049 3.48094988
21.0491009 9.25020027 -1.62360001
21.1026993 9.37930012 -1.5596
21.1343002 9.38869953 -1.32179999
21.1023998 9.24300003 -1.04569995
21.0762005 9.22769928 2.12435007
21.0095005 9.28789997 2.21609998
21.0258999 9.26189995 2.6631999
21.1163998 9.39820004 3.11890006
21.1267242 9.25440025 3.33757496
21.1261997 9.23120022 3.53410006
21.1853008 9.51910019 -1.48230004
21.1221008 9.54355049 -1.27139997
21.0989799 9.50380039 -1.08141994
21.1072006 9.59739971 -0.99849999
21.0561008 9.43270016 2.08800006
21.1037674 9.49883366 2.2777667
21.0190678 9.507267 2.51083326
21.0270004 9.43410015 2.62019992
21.0105 9.4527998 3.20589995
21.1126995 9.68459988 -1.56130004
21.1819 9.60919952 -1.35819995
21.0909996 9.65859985 -1.08000004
21.0557995 9.61970043 -0.930000007
21.0403996 9.77159977 2.55189991
21.0720005 9.69649982 2.60549998
21.1180992 9.65794945 3.11369991
21.0865002 9.9382 -1.52343333
21.1315002 9.80449963 -1.13499999
21.0566998 9.91590023 -0.940500021
21.0890331 9.9435997 2.48126674
21.0506001 9.89750004 2.96720004
21.0723991 10.0223007 -1.5713501
21.0163994 10.0902004 -1.03980005
21.1051006 10.0270004 -0.993900001
21.0396004 10.1976004 2.54690003
21.0609493 10.1485996 2.74014997
21.0198994 10.0246 2.96729994
21.1753006 10.2300997 -1.65610003
21.0928001 10.3202 -1.31939995
21.0769501 10.3260498 -1.15829992
21.1924 10.3824997 2.30509996
21 10.3940001 2.46469998
21.0042 10.2075005 2.63120008
21.0324001 10.4252005 -1.67900002
21.0427513 10.4686003 -1.07859993
21.1407509 10.5060501 2.44915009
21.1613998 10.6191006 -1.67295003
21.0902996 10.7049999 -1.56420004
21.1201992 10.747467 2.33800006
21.1601009 11.0366001 2.31949997
21.1324997 11.2791004 2.19220018
21.0417004 11.2329998 2.33759999
21.2931252 0.136574998 -1.14684999
21.3130741 0.338750005 -1.16340005
21.2003994 0.453599989 -1.15910006
21.3293991 0.895099998 -1.2141
21.3235245 0.844774961 -1.17879999
21.3187008 1.08039999 -1.20669997
21.2765007 1.01750004 -1.18579996
21.301733 1.33516669 -1.18789995
21.34025 1.48090005 -1.21860003
21.2937508 1.71414995 -1.22434998
21.2140007 1.80449998 -1.21430004
21.2380009 2.10339999 -1.2414
21.316349 2.31607485 -1.24667501
21.2505989 3.2811501 -1.30540001
21.2847996 3.76929998 -1.34449995
21.2425003 3.87459993 -1.34275007
21.3621998 4.15100002 -1.33299994
21.2879009 4.32320023 -1.31019998
21.3546009 4.44630003 -1.39569998
21.3168488 4.65304995 -1.41390002
21.2266998 4.60319996 -1.34920001
21.3260002 5.46099997 -1.44490004
21.2518501 5.45889997 -1.37960005
21.3589001 5.77406645 5.13206673
21.3197994 5.76329994 5.2421999
21.3059006 5.99049997 -1.46920002
21.3334675 5.91346693 4.96116686
21.3361244 5.85704994 5.08969975
21.3955002 5.82740021 5.21269989
21.2842999 6.17113352 3.10656667
21.2754993 6.18400002 3.20420003
21.3159504 6.11566687 4.88466644
21.2760677 6.07373333 5.03433323
21.2887001 6.17549992 5.39669991
21.2416496 6.18044996 5.87100029
21.3297005 6.37769985 -1.40139997
21.2731991 6.36310005 -1.38489997
21.3191414 6.27400017 3.10934162
21.2302322 6.36383343 3.27813315
21.2768745 6.29239988 4.75094986
21.2901249 6.26452494 4.86842489
21.3339329 6.35053349 5.49043322
21.3007565 6.31540012 5.74115705
21.2884254 6.30109978 5.87759972
21.2558994 6.33969975 6.05105019
21.2205009 6.47879982 -1.45799994
21.3827 6.46740007 -1.2414
21.3771992 6.49063301 3.12016654
21.3766003 6.53130007 3.27154994
21.3043995 6.42789984 4.79930019
21.3670998 6.57789993 4.87540007
21.3267994 6.43520021 5.30530024
21.2189007 6.48479986 5.7196002
21.2215996 6.51144981 5.91020012
21.3129997 6.79050016 -1.47070003
21.3005486 6.65644979 -1.36790001
21.2995338 6.77756643 2.51653337
21.2845745 6.72087479 2.65062499
21.3366013 6.74209976 2.90509987
21.3554001 6.63800001 3.5862999
21.2684994 6.63609982 3.82240009
21.3296795 6.71727991 4.04654026
21.2651005 6.77579975 4.81750011
21.3353004 6.73129988 5.64839983
21.2792664 6.69990015 5.94283342
21.2262497 6.75150013 6.02025032
21.3097992 6.71583319 6.26863337
21.2284012 6.77145004 6.5776
21.2675514 6.77025032 6.63560009
21.2930508 6.91903353 -1.30910003
21.3332996 6.91857529 -1.09665
21.3347435 6.88652849 -0.899642885
21.3274326 6.95413351 -0.743133307
21.3676987 6.91584969 2.57669997
21.3521996 6.84119987 2.70589995
21.3178005 6.8448 3.11124992
21.3843002 6.86899996 3.35730004
21.276701 6.87979984 4.09683323
21.3836002 6.8822999 4.20270014
21.2099991 6.9829998 4.73290014
21.3269749 6.8678751 4.85314989
21.3605003 6.81349993 5.98629999
21.28685 6.83584976 6.13689995
21.3111992 6.8888998 6.30350018
21.3192997 7.08090019 -1.25174999
21.2817001 7.04644966 -1.09930003
21.2490196 7.05855989 -0.878780007
21.2444 7.06900024 -0.704050004
21.257 7.05340004 4.21420002
21.293251 7.0690999 4.88234997
21.2620869 7.2947998 -1.25823748
21.2489204 7.26473999 -1.08449996
21.34515 7.31169987 -0.85315001
21.2454338 7.30596685 -0.668799996
21.3990993 7.48169994 -1.30040002
21.2835503 7.50514984 -0.851300001
21.3622513 7.48655033 -0.712199986
21.2670994 7.53499985 4.46080017
21.3204498 7.5005002 4.95419979
21.2464008 7.63819981 -1.41439998
21.27145 7.72317505 -1.27579999
21.2505665 7.73646688 -1.10889995
21.3254261 7.69052505 -0.866349995
21.2902985 7.75355005 -0.694399953
21.328537 7.74273777 -0.49643749
21.3493347 7.69743347 -0.306683332
21.3368492 7.70583344 -0.106283337
21.3223801 7.70499992 0.100100003
21.331501 7.71223307 0.296933323
21.3699741 7.71572495 0.506425023
21.3543015 7.7425499 0.717149973
21.3717003 7.67430019 0.887799978
21.3684673 7.72480011 1.06173337
21.3783321 7.7421999 1.28330004
21.3479004 7.72053337 1.45809996
21.3683662 7.70510006 1.70780003
21.3588009 7.79300022 1.81459999
21.3610497 7.73629999 2.07404995
21.3134995 7.73099995 2.41860008
21.3822994 7.7579999 2.65829992
21.3850002 7.6578002 3.16720009
21.2922993 7.68599987 3.53550005
21.2271004 7.8428998 -1.40760005
21.2420502 7.84860039 -1.09759998
21.3339005 7.95240021 -0.855199993
21.2975998 7.86654997 -0.618149996
21.2411003 7.90920019 -0.46329999
21.2947006 7.82496691 -0.283600003
21.3174 7.81480026 -0.113600001
21.3680496 7.89630032 0.134350002
21.3463001 7.85494995 0.341099977
21.3027 7.88067484 0.48664999
21.3577995 7.81099987 0.629499972
21.3531494 7.85424995 0.878100038
21.3558006 7.90285015 1.09560001
21.3938999 7.90159988 1.25049996
21.3682995 7.87914991 1.52289999
21.3724995 7.84563351 1.73016667
21.3738003 7.89449978 1.92349994
21.3817501 7.9140501 2.11170006
21.3472004 7.84754992 2.30769992
21.3674507 7.88485003 2.49742508
21.3324509 7.90355015 2.62074995
21.3716507 7.9005003 2.89115
21.3056488 7.96924973 3.70949984
21.2052002 8.16329956 -1.36650002
21.3391609 8.09331989 -0.696200013
21.3469009 8.10009956 2.75600004
21.3976994 8.04609966 2.8289001
21.2656002 8.06200027 3.94210005
21.2747002 8.23649979 -1.40409994
21.3376999 8.32870007 -0.810400009
21.2292995 8.38799953 -0.6153
21.2880325 8.28536606 2.72044992
21.2695999 8.29615021 2.83255005
21.2516994 8.5678997 -1.41129994
21.3511009 8.55010033 -0.753799975
21.3227005 8.61209965 -0.605000019
21.2875996 8.69860077 4.08720016
21.3913994 8.99160004 2.98920012
21.29035 8.97380066 3.10607505
21.2660999 9.08930016 -1.4382
21.3278999 9.12749958 3.50710011
21.3773994 9.19460011 3.75959992
21.3078995 9.10499954 4.00619984
21.2199993 9.31999969 -1.66429996
21.2588005 9.25520039 -1.25759995
21.2373009 9.24835014 -1.15910006
21.2807007 9.32409954 -0.937300026
21.2222004 9.30370045 3.2901001
21.2229004 9.33090019 3.50819993
21.3400002 9.5486002 2.25449991
21.3519993 9.50150013 2.95219994
21.3883991 9.59300041 3.28349996
21.3602009 9.62409973 2.1170001
21.2583504 9.65950012 2.2494998
21.3878002 9.79080009 2.48850012
21.3211498 9.69919968 2.73850012
21.2950001 9.64669991 2.99889994
21.3761005 9.99960041 -0.75029999
21.2737999 9.92959976 2.44429994
21.2891674 10.0932331 -0.736933351
21.3614998 10.0375004 1.97860003
21.2718506 10.2483501 2.15264988
21.351675 10.3431244 2.29387498
21.3651009 10.3514004 2.75880003
21.3679504 10.4966002 2.15985012
21.2723007 10.6559 2.23539996
21.3547993 10.6044998 2.41300011
21.2782001 11.3927002 2.15100002
21.5352001 0.299950004 -1.1733501
21.4760513 0.483550012 -1.17219996
21.5631008 0.64319998 -1.20500004
21.4931488 0.911899984 -1.21395004
21.5396996 0.860199988 -1.19620001
21.46385 1.13775003 -1.22469997
21.4988003 1.17060006 -1.19719994
21.5085659 1.34486663 -1.21143329
21.4520988 1.46499991 -1.22164989
21.5356998 1.69579995 -1.21619999
21.519001 1.8283 -1.22379994
21.4015999 2.19639993 -1.25660002
21.47295 2.3291502 -1.27639997
21.5579987 2.74910021 -1.28465009
21.4484005 2.92680001 -1.31120002
21.4162998 3.29870009 -1.32690001
21.4692993 3.46759987 -1.32085001
21.5995007 3.76329994 -1.31579995
21.5790997 3.82859993 -1.36549997
21.5373497 4.09815025 -1.36769998
21.4251995 4.46290016 -1.36749995
21.5858002 4.60699987 -1.42309999
21.5298996 4.8137002 -1.37240005
21.5884991 5.31400013 -1.36049998
21.5582657 5.47380018 3.68383336
21.4186993 5.59649992 5.26000023
21.4990997 5.66552496 3.69254994
21.5179005 5.78779984 4.89400005
21.4199009 5.7729001 5.24380016
21.5330009 5.87139988 -1.47479999
21.4721661 5.95599985 4.93793344
21.4211998 5.85739994 5.17859983
21.5310993 6.1434598 3.10949993
21.5473499 6.12817478 3.26979995
21.5337505 6.14140034 4.76525021
21.4911175 6.1020999 4.85050011
21.4146996 6.0928998 5.58830023
21.5010338 6.14983368 5.65533352
21.5979004 6.07350016 6.14230013
21.5774002 6.31795025 2.94315004
21.4648495 6.32517481 3.08299994
21.4939003 6.29629993 3.22600007
21.5625496 6.27194977 3.85249996
21.4722404 6.29094028 4.83803988
21.4127998 6.21330023 5.43529987
21.4715996 6.33900023 5.61049986
21.4794502 6.27785015 5.8614502
21.5148506 6.46255016 -1.34107494
21.5974007 6.5795002 -0.972899973
21.5809002 6.55840015 -0.796199977
21.5443001 6.57569981 2.53415012
21.4906006 6.59859991 2.648
21.5347004 6.4980998 2.92540002
21.4633675 6.51363325 3.09366655
21.4451008 6.59989977 3.56340003
21.4932995 6.55410004 3.63050008
21.5426998 6.59310007 4.11240005
21.4938011 6.45304966 4.86070013
21.4230995 6.43720007 5.40329981
21.4046001 6.52559996 6.18240023
21.5555 6.55000019 6.59700012
21.5224495 6.68431664 -1.30563331
21.5501003 6.71236658 -1.13156664
21.5184498 6.71885014 -0.912175
21.4902325 6.73676682 -0.751766682
21.5069332 6.7118001 2.54859996
21.4742336 6.69816685 2.67813325
21.5142994 6.72777987 2.88092017
21.5472507 6.77050018 3.02164984
21.5109997 6.6944499 3.29049993
21.5779495 6.64649963 3.55594993
21.562767 6.70216656 3.66786671
21.4874992 6.72158003 4.07234001
21.4827003 6.60570002 4.84529972
21.5538006 6.76989985 6.12290001
21.5865993 6.7954998 6.59980011
21.4069996 6.76240015 6.63219976
21.4835243 6.875525 -1.27242494
21.434639 6.89701986 -1.08942008
21.4471245 6.85099983 -0.872325003
21.5020504 6.85389996 -0.704149961
21.4930992 6.85309982 2.56529999
21.5589008 6.83010006 2.64529991
21.4946003 6.85389996 2.8276999
21.5148754 6.85337496 3.06172514
21.54105 6.90114975 3.28480005
21.507 6.84173346 3.96333337
21.4854679 6.88933325 4.08403349
21.5002003 6.92439985 4.77489996
21.4452 6.86390018 4.89919996
21.4558659 6.92576647 5.97979975
21.4783993 6.88506651 6.03189993
21.4917488 6.84724998 6.46630001
21.4703007 6.84759998 6.82770014
21.4515991 7.00619984 2.55130005
21.5939007 7.04949999 2.60870004
21.4428005 7.15220022 3.57949996
21.5174999 7.05515003 4.82530022
21.4939995 7.55530024 -0.637499988
21.4510002 7.50619984 -0.219500005
21.5291996 7.55490017 -0.187800005
21.5477009 7.45419979 0.663200021
21.5412006 7.50689983 0.975499988
21.5216999 7.47020006 1.16120005
21.4549007 7.58309984 1.23360002
21.5246506 7.52859974 1.64934993
21.5170994 7.53095007 1.87724996
21.5231495 7.5927 2.06949997
21.5063324 7.5642333 2.27766657
21.4979 7.55630016 2.4526999
21.4167995 7.68279982 -0.84890002
21.5077 7.65926647 -0.711499989
21.4589252 7.67605019 -0.496874988
21.5354004 7.69492483 -0.319674999
21.5037994 7.67977524 -0.12834999
21.4849663 7.68104982 0.0906666666
21.4856853 7.66279984 0.324157149
21.4608383 7.66256237 0.518912494
21.5231705 7.67391443 0.696457148
21.5052147 7.65268564 0.927457154
21.4865589 7.64584017 1.11078
21.486845 7.68102217 1.27362216
21.4746284 7.67634296 1.4863143
21.4949226 7.70502234 1.71863329
21.4837761 7.68602514 1.88013756
21.4952126 7.7093749 2.09973741
21.4438667 7.69281673 2.32443333
21.4855118 7.7099123 2.53291249
21.5362129 7.74125004 2.7100625
21.4901009 7.75049973 2.90322495
21.4118004 7.79029989 3.39750004
21.4463673 7.78100014 3.71426678
21.5188675 7.67680025 3.96203327
21.4157009 7.6868 4.93949986
21.434 7.90759993 -0.730700016
21.4006004 7.86549997 1.74670005
21.4247017 7.89195013 1.92390001
21.4183006 7.85319996 2.19759989
21.4265995 7.86845016 2.56935
21.4090996 7.85570002 2.71550012
21.5125008 7.83514977 3.52559996
21.4471512 7.85955 3.72595
21.5214996 7.86986685 3.87696671
21.4986992 7.86210012 4.4309001
21.5692997 7.9770999 5.07180023
21.4123993 8.01840019 2.48029995
21.4354992 8.04030037 2.71379995
21.4323006 8.09300041 3.55780005
21.4505005 8.06159973 3.76309991
21.4365997 8.07979965 3.89549994
21.4766006 8.01739979 4.01049995
21.5347004 8.3760004 -0.7852
21.4186993 8.27649975 5.42929983
21.5697994 8.34500027 5.83769989
21.4715996 8.48729992 -0.666100025
21.4876995 8.58650017 3.99489999
21.594101 8.62759972 3.94440007
21.5158997 8.77779961 4.19449997
21.5041676 8.96553326 2.45226669
21.4556503 8.87509918 4.09889984
21.4974003 9.06970024 2.36619997
21.4949989 9.04364967 2.81549978
21.4041004 9.1335001 3.48340011
21.5592003 9.27719975 2.84619999
21.5215492 9.26420021 3.53705001
21.5088997 9.46829987 -1.48080003
21.4995995 9.51280022 -0.768000007
21.4794998 9.58450031 2.90359998
21.4453011 9.52149963 3.02090001
21.4188004 9.4545002 3.35840011
21.5181007 9.4552002 3.45230007
21.4766998 9.65156651 2.85039997
21.4745502 9.67939949 3.2656498
21.4372005 9.97099972 -0.584500015
21.5236206 9.87355995 1.89287996
21.4490013 9.90505028 2.1652
21.5177002 9.99870014 2.71029997
21.4813004 9.92770004 2.83850002
21.5653 10.1228504 -0.729149997
21.4710999 10.0950003 2.36400008
21.4780006 10.0983 2.59459996
21.4832993 10.2342997 -0.781700015
21.4464493 10.3482504 2.16910005
21.4794502 10.2595005 2.34859991
21.5074673 10.3500662 2.45853329
21.4660988 10.2834501 2.69745016
21.4910507 10.5025997 2.1171999
21.4484673 10.5579004 2.28673339
21.5916996 10.6027002 2.08380008
21.5345993 11.3685999 2.24009991
21.7741013 0.311333328 -1.17793334
21.7229996 0.694000006 -1.16820002
21.7059994 0.927349985 -1.21860003
21.7369499 1.18560004 -1.21654999
21.6674004 1.05400002 -1.19690001
21.7498493 1.29445004 -1.24269998
21.6870995 1.52419996 -1.222
21.6835003 1.75670004 -1.25300002
21.6816673 1.93816662 -1.25403333
21.6306992 2.19650006 -1.2766
21.6924343 2.28723335 -1.27166665
21.6704006 2.60549998 -1.30079997
21.6585674 2.86946654 -1.30149996
21.7034492 3.27484989 -1.33385003
21.6912994 3.5550499 -1.34990001
21.6987991 3.68545008 -1.33840001
21.7108002 4.36920023 -1.38349998
21.6114006 4.72020006 -1.39460003
21.6198006 4.94199991 -1.42859995
21.7514992 5.19910002 3.78480005
21.7294655 5.25180006 -1.43473339
21.6942005 5.32242203 3.74238896
21.682724 5.2748251 3.86549997
21.6472015 5.35720015 4.00720024
21.6429996 5.48810005 -1.43509996
21.6667995 5.56640005 3.57270002
21.688982 5.49576378 3.67598176
21.6705341 5.47279978 3.85476661
21.6317997 5.75250006 -1.49619997
21.6987667 5.73296642 3.55238342
21.7260666 5.69718313 3.68650007
21.6273003 5.64370012 5.03660011
21.6355 5.94080019 -1.46930003
21.6448002 5.97279978 3.37829995
21.6951294 5.8740859 3.53704286
21.7122498 5.89529991 3.67729998
21.7458496 5.86954975 3.92689991
21.7445335 5.92570019 4.92766666
21.730051 5.93642521 5.05457497
21.7620506 5.97070026 6.15240002
21.7545013 5.90464973 6.27250004
21.7943001 6.05049992 -1.45860004
21.6513996 6.08279991 3.17260003
21.6951008 6.05586672 3.55220008
21.7966003 6.14300013 3.69199991
21.7551994 6.08850002 3.93070006
21.6082993 6.15450001 4.02549982
21.6777 6.17179966 4.74209976
21.7172241 6.08300018 4.93865013
21.6993008 6.00540018 5.0479002
21.7344513 6.09827518 6.063375
21.7574005 6.11189985 6.2407999
21.6697998 6.09325027 6.46714973
21.7472992 6.31739998 -1.41190004
21.7416496 6.34090042 -1.35590005
21.7707996 6.37489986 2.59369993
21.6612511 6.30824995 2.93770003
21.6749992 6.27190018 3.13470006
21.7171249 6.28964996 3.51084995
21.7301998 6.33052874 3.7003715
21.6947002 6.29904985 3.85625005
21.6601009 6.23430014 4.07919979
21.642334 6.29066658 4.74976683
21.7334003 6.25909996 4.84000015
21.7532997 6.31592512 5.95009995
21.6954002 6.27440023 6.00349998
21.7870007 6.39449978 6.60279989
21.6984997 6.37069988 6.88019991
21.6982994 6.51140022 -1.45930004
21.7126198 6.49527979 -1.28388
21.6845703 6.47047138 -1.12848568
21.7405834 6.51133347 -0.948466659
21.7026005 6.54373312 2.50530005
21.6656609 6.53213978 2.73153996
21.7000675 6.55003309 2.85579991
21.7014999 6.40880013 3.12940001
21.678175 6.50565004 3.50312495
21.7861004 6.48509979 3.65939999
21.7167339 6.54106665 3.91653323
21.7210007 6.58930016 4.1085
21.7401009 6.56120014 4.65859985
21.6636677 6.45006657 4.86663342
21.7262001 6.57359982 5.03259993
21.7035999 6.5546999 6.2512002
21.7698669 6.57670021 6.53480005
21.6779995 6.47316647 6.71333313
21.6856003 6.53779984 6.81069994
21.65975 6.71225023 -1.28030002
21.6127663 6.71103334 -1.14153337
21.6571255 6.65027475 -0.861999989
21.688549 6.66252518 -0.70471251
21.6787205 6.70773983 2.50857997
21.7149658 6.64319992 2.65333343
21.6781006 6.72554016 2.92219996
21.6376495 6.72095013 3.09364986
21.7649994 6.60020018 3.38910007
21.6644669 6.64349985 3.51896667
21.6058006 6.60589981 3.7184
21.6961994 6.68405008 3.95835018
21.7331505 6.72700024 4.0861249
21.6585007 6.63129997 4.22039986
21.6014996 6.61409998 4.79050016
21.7005005 6.7954998 4.84969997
21.7801514 6.75250006 6.35704994
21.6620007 6.69143343 6.5138669
21.7453995 6.91179991 -0.693300009
21.6842003 6.84679985 -0.594500005
21.7444496 6.8288002 2.37760019
21.7229004 6.90840006 2.48860002
21.6430511 6.89004993 2.63424993
21.6692333 6.88929987 2.95409989
21.6658993 6.86670017 3.0708499
21.6823006 6.90220022 3.29069996
21.6938992 6.80179977 3.96869993
21.7663994 6.97130013 4.69715023
21.6324997 6.99429989 5.05539989
21.7493992 6.97700024 5.64349985
21.7558994 6.86660004 5.9685998
21.6329498 6.84870005 6.14445019
21.6382008 6.91160011 6.42379999
21.6975002 7.00330019 2.57139993
21.6560001 7.01149988 3.21379995
21.7698002 7.12629986 3.70609999
21.7973995 7.05910015 4.78289986
21.7432003 7.13829994 5.71560001
21.7346001 7.00080013 5.87179995
21.6217003 7.05189991 6.13409996
21.6781998 7.06669998 6.53539991
21.7915001 7.22340012 5.8435998
21.6879005 7.5316 3.3980999
21.6786003 7.52960014 5.16860008
21.6506004 7.7111001 -0.443800002
21.6369514 7.66479969 1.11540008
21.6040993 7.6782999 1.49000001
21.6047993 7.73699999 1.90180004
21.6368999 7.7512002 2.01789999
21.6131001 7.76800013 2.57410002
21.7047501 7.71885014 2.70639992
21.7700996 7.68260002 2.82404995
21.6170006 7.79160023 3.5553
21.6393013 7.84345007 1.47055006
21.6313 7.8197999 1.63810003
21.7537498 7.83440018 1.97175002
21.6756001 7.84700012 2.01410007
21.6399002 7.82140017 3.12109995
21.6587009 7.83349991 3.56419992
21.7047005 7.81449986 5.04969978
21.7241993 7.80970001 5.79099989
21.6469994 8.03050041 3.1486001
21.7014008 8.18150043 4.13409996
21.6189995 8.01449966 5.41909981
21.719101 8.97599983 2.35369992
21.6474991 8.96899986 2.43330002
21.7784996 8.8416996 3.04859996
21.6403008 9.16590023 2.1565001
21.7611008 9.03969955 2.57080007
21.6088009 9.11240005 2.64030004
21.7875996 9.17819977 3.22210002
21.6916008 9.31050014 2.35010004
21.6340008 9.25199986 2.52819991
21.7099495 9.32794952 2.83104992
21.7009506 9.29139996 3.46469998
21.6352005 9.21049976 3.81389999
21.7231007 9.5802002 -0.587000012
21.6522999 9.5012331 2.73160005
21.7423 9.45370007 3.37820005
21.7758999 9.52639961 3.41779995
21.7129002 9.76079941 1.95994997
21.7540512 9.79170036 2.57305002
21.7063503 9.75652504 2.71115017
21.6662502 9.68219948 2.92779994
21.7926998 9.88000011 1.86730003
21.7025986 9.90295029 2.44239998
21.7101002 9.98274994 2.65054989
21.6282997 10.0046501 -0.621500015
21.7636337 10.095767 2.36013341
21.6651001 10.0996494 2.5482502
21.6271 10.0764999 2.68510008
21.6773758 10.3094254 2.282125
21.7975006 10.3367996 2.46449995
21.6669006 10.4827499 2.33485007
21.7558994 10.6886997 2.16409993
21.7523003 10.6318998 2.25600004
21.6917 10.9353008 2.08719993
21.7283001 11.0096998 1.92659998
21.6847324 11.0255671 2.10083342
21.6119003 11.2361002 2.42810011
21.8411999 0.219799995 -1.1868
21.9650993 0.48179999 -1.19330001
21.8705997 0.792299986 -1.21140003
21.8258514 0.743350029 -1.19359994
21.9310493 0.954100013 -1.2197001
21.9923992 1.22319996 -1.24100006
21.9055996 1.76750004 -1.26880002
21.9818001 1.90699995 -1.255
21.9699001 2.2486999 -1.29949999
21.8783989 2.56435013 -1.27714992
21.9033012 2.88999987 -1.29589999
21.8412991 3.03670001 -1.33210003
21.8442001 3.31545019 -1.31034994
21.8789005 3.77099991 -1.3549
21.8693008 4.45889997 -1.40699995
21.9122009 4.68739986 -1.42569995
21.8292007 5.15059996 3.81680012
21.9582005 5.26399994 -1.43499994
21.9115009 5.39949989 3.59060001
21.8866997 5.34936666 3.69103336
21.8980408 5.51541996 3.68411994
21.8977127 5.66619968 3.51773739
21.9216995 5.71968031 3.63454008
21.938076 5.74262524 5.11527491
21.8502998 5.93580008 -1.45959997
21.9911995 5.96369982 -1.38970006
21.8675804 5.8920598 3.49158001
21.8579006 5.89863348 3.7025001
21.8467007 5.86636686 3.87493348
21.9087563 5.9106288 4.90721416
21.9081497 5.94421673 5.06295013
21.8744011 6.08864975 -1.46165001
21.8781013 6.08010006 3.57329988
21.8588333 6.07009983 3.66530013
21.9298992 6.03999996 3.90129995
21.8626995 6.05827522 4.74839973
21.892849 6.14592505 4.88929987
21.9834003 6.09600019 5.03630018
21.8069992 6.19280005 6.32910013
21.8949509 6.37190008 -1.42895007
21.9594994 6.29040003 -1.37829995
21.8015003 6.3657999 -1.10070002
21.8222008 6.39109993 3.54314995
21.8514004 6.2494998 3.70359993
21.8451996 6.29570007 3.96285009
21.855751 6.27732468 4.7112751
21.8967667 6.30970001 4.86906672
21.9557495 6.22475004 5.04679966
21.9531994 6.36990023 5.99669981
21.892355 6.32579088 6.08707285
21.9916992 6.37100029 6.27150011
21.9462738 6.36492491 6.50274992
21.9097004 6.50115013 -1.28512502
21.891325 6.50880003 -1.079
21.9300003 6.47970009 -0.924959958
21.8752995 6.53993988 -0.715879977
21.9118996 6.56134987 2.46514988
21.8813992 6.53100014 2.6026001
21.8003006 6.40019989 2.8046
21.8902321 6.48573351 3.73146677
21.8358994 6.56400013 3.94659996
21.9836006 6.48425007 4.55410004
21.9186497 6.45230007 4.68359995
21.9334278 6.51827145 4.88151407
21.9037514 6.47805023 5.96745014
21.9055996 6.58409977 6.06010008
21.8780003 6.48473358 6.32133341
21.9112396 6.49353981 6.51912022
21.9025993 6.77479982 2.11019993
21.9263 6.79850006 2.34660006
21.8641605 6.70011997 2.53044009
21.9008331 6.68033361 2.7360332
21.9048004 6.72109985 2.89289999
21.8875504 6.70790005 3.71390009
21.8964005 6.66765022 4.00554991
21.9108009 6.70172501 4.85112476
21.8332005 6.63259983 5.95349979
21.9301338 6.68896675 6.02150011
21.8906994 6.66042519 6.28467464
21.9745007 6.79879999 6.43340015
21.9236507 6.92745018 1.92519999
21.9339199 6.9289999 2.07134008
21.9132996 6.90458012 2.26889992
21.9433002 6.80989981 2.72469997
21.9319992 6.85529995 2.80240011
21.9801502 6.96405029 3.09229994
21.8368988 6.83975029 3.70810008
21.9125328 6.87456656 4.74730015
21.9936008 6.97090006 4.88819981
21.9675007 6.98239994 5.36859989
21.9668999 6.87440014 5.95889997
21.9179497 6.84634972 6.08734989
21.9482994 6.80819988 6.26989985
21.8288002 6.89729977 6.65100002
21.9752007 7.10780001 2.14424992
21.9613495 7.17799997 2.35860014
21.9682999 7.11870003 2.43470001
21.8661003 7.02199984 3.08660007
21.9442997 7.00820017 3.73930001
21.8542995 7.08729982 4.5777998
21.8794994 7.07079983 4.65990019
21.9074326 7.10166645 4.89506674
21.8526001 7.16800022 6.02790022
21.9239998 7.23614979 2.25855017
21.9741993 7.30800009 2.42219996
21.8852997 7.22599983 3.32610011
21.9256001 7.29099989 3.73939991
21.8962994 7.35150003 5.02150011
21.9262009 7.51859999 5.21540022
21.8444328 7.65613317 2.71950006
21.9435997 7.7336998 3.5323
21.842701 7.75195026 3.61080003
21.8803997 7.7121501 5.04615021
21.8106995 7.89139986 1.97899997
21.9717999 7.95240021 5.0703001
21.9696007 8.15180016 3.08299994
21.9316006 8.09570026 3.86680007
21.9720001 8.19890022 4.19049978
21.9538002 8.38319969 3.24650002
21.9363995 8.27760029 5.83519983
21.8372993 8.49890041 4.73649979
21.9880009 8.79109955 2.8750999
21.9622993 8.66469955 3.16470003
21.8055 8.95650005 2.75230002
21.9375992 8.81159973 2.9533999
21.8246002 8.90610027 3.04320002
21.88554 9.08545971 2.28787994
21.8281994 9.0376997 2.85450006
21.8624992 9.10109997 3.06640005
21.8904991 9.09084988 3.66489983
21.8448009 9.1335001 4.92460012
21.9473 9.32900047 1.91330004
21.9648991 9.24059963 2.0086
21.8743324 9.29640007 2.85389996
21.8628998 9.24053383 3.5243001
21.8698006 9.30840015 4.92250013
21.9263 9.47515011 2.55634999
21.9458008 9.46100044 2.73180008
21.8911991 9.43799973 3.09050012
21.9071999 9.48130035 3.33030009
21.9032993 9.7816 2.39380002
21.9498405 9.66808033 2.47345996
21.9487 9.66489983 2.63840008
21.9046249 9.90167522 2.34730005
21.9191513 9.82830048 2.45739985
21.9761505 9.92374992 2.74359989
21.9440002 10.065033 2.35229993
21.8719006 10.3093004 2.14240003
21.9363995 10.3645 2.31360006
21.9400005 10.2863998 2.83049989
21.8831005 10.5823002 2.15499997
21.8460999 10.4098997 2.31690001
21.8061008 10.6905003 2.22600007
21.9601002 10.8010998 2.09380007
21.8029995 11.1696997 1.96169996
21.8954334 11.1282663 2.0855
21.8868999 11.2223997 1.91410005
22.1562004 0.0196000002 -1.21140003
22.1110497 0.284850001 -1.20144999
22.1203003 0.306999981 -1.17834997
22.1149006 0.414999992 -1.22090006
22.1844997 0.647599995 -1.22179997
22.0193996 1.01479995 -1.21860003
22.0699501 1.3510499 -1.24589992
22.1204338 1.68613338 -1.25153327
22.1361008 1.83340001 -1.27419996
22.1147003 2.0941999 -1.27789998
22.1095333 2.46210003 -1.28120005
22.1825008 2.71869993 -1.29489994
22.1161671 3.48219991 -1.34046662
22.1418991 3.93149996 -1.41659999
22.0909996 3.87549996 -1.3434
22.0941505 4.23960018 -1.37450004
22.0536995 4.42710018 -1.40219998
22.1161995 4.95179987 -1.44980001
22.0937004 5.09880018 -1.36240005
22.1252995 5.39279985 3.80139995
22.1341877 5.52497482 3.70464993
22.1396999 5.42826653 3.86106658
22.1003246 5.65042496 3.52780008
22.1212006 5.70446682 3.7063334
22.0091 5.6960001 3.9849999
22.1882 5.87230015 -1.47189999
22.0834999 5.84549999 3.5402
22.0758495 5.89471674 3.6904335
22.1608009 5.85360003 3.84710002
22.0247498 5.88864994 5.03419971
22.1499996 6.04850006 3.45300007
22.1608009 6.19169998 3.80100012
22.0526009 6.14155006 4.90100002
22.081068 6.11193323 5.07493353
22.10425 6.34305 -1.46475005
22.1930008 6.37039995 -1.16659999
22.1963997 6.34439993 3.55279994
22.1545601 6.32378006 3.6747601
22.0792007 6.34153318 4.72559977
22.0496502 6.24510002 4.96014977
22.0237999 6.30410004 5.09649992
22.0457001 6.35307503 6.32994986
22.0946007 6.38360023 6.50619984
22.1634007 6.52110004 -1.27156663
22.1210594 6.44443989 -1.06004
22.0753994 6.57009983 -0.738900006
22.1089325 6.47713327 3.56873345
22.0139008 6.59100008 3.6105001
22.0872993 6.44880009 3.96429992
22.0284996 6.50239992 4.59849977
22.1189327 6.46593332 4.63740015
22.0896988 6.46123981 4.91550016
22.0741997 6.53730011 6.10033321
22.0399513 6.53025007 6.32275009
22.1239834 6.50294971 6.49335003
22.1865005 6.50540018 6.63999987
22.0471001 6.60699987 -0.811699986
22.1138992 6.69105005 -0.70599997
22.1105499 6.7583499 2.11399984
22.0859661 6.77303314 2.35876656
22.1296997 6.73129988 2.47009993
22.1865997 6.66900015 2.60590005
22.1063004 6.63780022 3.58960009
22.1082001 6.64059973 3.6741333
22.0361996 6.60400009 4.74160004
22.1627998 6.69573355 4.96046686
22.1050243 6.686625 5.06664991
22.0489998 6.67924976 5.95619965
22.1065502 6.74875021 6.08957481
22.0747662 6.71589994 6.2322669
22.1082993 6.75956678 6.50256681
22.1179504 6.61910009 6.6187501
22.0575256 6.97039986 1.9437499
22.118021 6.91624022 2.10540009
22.0933399 6.87366009 2.26674008
22.1133995 6.80340004 2.59649992
22.1350002 6.83979988 2.92820001
22.0937595 6.91219997 3.08933997
22.1470261 6.9217 3.29177499
22.1194992 6.82229996 3.55119991
22.1777 6.96810007 4.74499989
22.1856995 6.97469997 4.85830021
22.1036663 6.88356686 5.05746651
22.1373997 6.84810019 5.21530008
22.109621 6.8803401 6.0685401
22.0564995 6.81339979 6.64820004
22.0408001 7.01749992 2.05710006
22.0639 7.1262002 2.2821002
22.1186333 7.14726686 2.46846676
22.0839748 7.05945015 3.31017494
22.1926003 7.05970001 3.40339994
22.1273003 7.03830004 4.77710009
22.0619507 7.08590031 5.3178997
22.0499001 7.11059999 5.8828001
22.0956745 7.08190012 6.12199974
22.1627998 7.16960001 6.88660002
22.0643501 7.25584984 2.37019992
22.0531998 7.24520016 2.45409989
22.1236 7.29199982 2.62809992
22.1096497 7.29695034 3.30795002
22.0724506 7.33365011 3.72130013
22.1537991 7.29969978 5.52409983
22.1244736 7.24359989 5.69904995
22.0582008 7.23899984 5.83920002
22.0792999 7.38630009 6.3664999
22.0919247 7.56447506 2.71490002
22.1989002 7.40889978 2.84540009
22.1294994 7.52029991 3.6328001
22.0757999 7.45240021 4.91569996
22.0746994 7.42379999 5.76590014
22.1177998 7.60160017 2.62190008
22.088501 7.69969988 5.0795002
22.1704502 7.85039997 5.08510017
22.0079002 8.22805023 4.12514973
22.1543007 8.3973999 4.20779991
22.0685997 8.42990017 3.17350006
22.1501007 8.59899998 3.23029995
22.1172009 8.80799961 3.3118999
22.0538006 8.98709965 4.45109987
22.0256996 9.17070007 1.94420004
22.0631008 9.02560043 2.2335999
22.1284008 9.13419914 2.73495007
22.1732006 9.09980011 2.87980008
22.1699009 9.16009998 3.42370009
22.0023994 9.09609985 3.63579988
22.1233006 9.07859993 5.25349998
22.0220985 9.33119965 1.98195004
22.0412998 9.28129959 2.72000003
22.0893002 9.34529972 3.5072
22.0795002 9.39890003 3.82620001
22.0405998 9.22290039 4.75029993
22.0890007 9.44639969 1.94183338
22.1856003 9.59519958 2.46099997
22.0503998 9.44019985 2.67079997
22.1275997 9.46710014 3.41339993
22.1191998 9.67568016 2.51769996
22.0248985 9.65715027 2.66004992
22.0160007 9.91259956 2.48709989
22.1658001 9.84619999 2.61209989
22.1793671 10.1691666 2.32136655
22.0640488 10.0580997 2.51559997
22.1100502 10.2753754 2.27705002
22.1383495 10.5355997 2.12227488
22.0564995 10.5346003 2.20210004
22.0330009 10.5160999 2.43190002
22.1429996 10.5718002 2.79259992
22.1098003 10.5702 2.83509994
22.0984993 10.7622004 1.70379996
22.1117001 10.7111998 2.11520004
22.1320992 10.8114996 1.62639999
22.0934486 10.84515 1.94140005
22.0524502 10.9203501 2.05649996
22.1226997 11.1402998 2.08660007
22.3243999 0.287449986 -1.22599995
22.3778992 0.400200009 -1.22730005
22.3834991 0.600700021 -1.1997
22.3111992 0.872099996 -1.21070004
22.2282009 1.07509995 -1.24580002
22.303299 1.31190002 -1.24510002
22.324667 1.89540005 -1.27579999
22.3226757 2.10229993 -1.27322507
22.2049007 2.32389998 -1.29639995
22.3800011 2.43779993 -1.30340004
22.3276005 2.76189995 -1.32060003
22.2791748 2.89295006 -1.31215
22.28475 3.25064993 -1.34139991
22.3939991 3.51419997 -1.37469995
22.3369999 3.68009996 -1.38329995
22.2325001 3.99320006 -1.31700003
22.3570004 4.5795002 -1.42369998
22.3857994 4.7810998 -1.47669995
22.2297001 4.65140009 -1.38510001
22.2175007 4.8288002 -1.44330001
22.2744999 5.1559 -1.44879997
22.3213501 5.37065029 -1.46815002
22.3908005 5.53639984 -1.42970002
22.2080994 5.44089985 3.58170009
22.2768211 5.50922012 3.67635989
22.2007008 5.60690022 3.58049989
22.2117996 6.14459991 5.1257
22.3083324 6.1649003 5.23000002
22.2892494 6.32600021 -1.47484994
22.3533001 6.37739992 -1.06860006
22.3850002 6.38520002 3.7427001
22.3966007 6.34130001 4.0939002
22.3103008 6.38660002 4.21210003
22.3259659 6.29294968 5.0767498
22.3048668 6.45618343 -1.29271662
22.3083191 6.48564005 -1.09461999
22.2779598 6.49624014 -0.894039989
22.2696991 6.55730009 -0.775099993
22.3665657 6.52793312 0.734866679
22.3570995 6.52190018 3.32629991
22.3246994 6.55013323 3.48510003
22.3453007 6.56580019 4.26254988
22.3213997 6.48180008 4.88730001
22.3288994 6.48706675 5.10640001
22.2402 6.4691 6.58220005
22.3283005 6.57390022 6.71430016
22.3379002 6.57340002 6.84089994
22.2250996 6.62680006 -1.24349999
22.2462006 6.67010021 -1.01769996
22.2346992 6.64359999 -0.874499977
22.3342667 6.67729998 -0.715300024
22.3015995 6.69500017 0.652333319
22.3323002 6.74440002 2.34969997
22.3668003 6.69070005 2.52589989
22.3053513 6.75860023 2.71850014
22.2441006 6.76135015 2.81545019
22.2458496 6.65740013 3.48745012
22.2499008 6.67259979 3.63919997
22.2508507 6.71285009 4.33034992
22.3020496 6.7114749 4.92229986
22.21735 6.73054981 6.13500023
22.3365517 6.7265501 6.36050034
22.3434658 6.69056654 6.52126646
22.327034 6.6425333 6.66699982
22.3733997 6.82210016 -0.646200001
22.344101 6.91849995 -0.476000011
22.3730507 6.91835022 -0.314049989
22.3920994 6.8203001 0.105599999
22.3808002 6.84689999 0.556500018
22.2010002 6.83939981 2.15070009
22.3038292 6.88969994 2.32857132
22.2154007 6.87605 2.40390015
22.2185993 6.83885002 2.64419985
22.3148994 6.9126873 2.87954998
22.2243996 6.91230011 3.08239985
22.3948994 6.98629999 3.28769994
22.3957005 6.98379993 3.5243001
22.2903996 6.87239981 3.95860004
22.3432007 6.84420013 4.19119978
22.3076 6.82999992 4.34450006
22.3174 6.92609978 4.55310011
22.2887764 6.93435001 4.73029995
22.2262001 6.86079979 4.83529997
22.3579998 6.89139986 5.03410006
22.3143997 6.84619999 6.15959978
22.3637505 6.89610004 6.30539989
22.3512993 7.06776667 1.92490005
22.2708492 7.08314991 2.06317496
22.2997246 7.11264992 2.28347492
22.3452606 7.02882004 3.10067987
22.3544331 7.10056639 3.34633327
22.2806511 7.10344982 3.47849989
22.2695007 7.10750008 4.14540005
22.334301 7.02299976 4.75335026
22.2775497 7.07775021 4.87674999
22.2406998 7.15630007 5.33300018
22.3630009 7.12839985 5.75150013
22.2994003 7.11019993 5.80919981
22.3090992 7.11553335 6.09380007
22.267334 7.30623341 2.4909668
22.2612 7.25939989 3.36739993
22.2392006 7.31990004 3.58649993
22.235199 7.26854992 4.88844967
22.3936005 7.21929979 5.32550001
22.3680496 7.35400009 5.56839991
22.2283993 7.36929989 5.77440023
22.3072014 7.32725 5.93519974
22.2411995 7.20669985 6.01999998
22.3159504 7.58195019 2.70784998
22.2838993 7.56409979 3.35730004
22.2674484 7.51080036 3.54165006
22.2513504 7.56734991 3.66305017
22.2504005 7.40380001 4.95349979
22.3875999 7.53609991 5.29379988
22.2194996 7.49510002 5.58650017
22.3992996 7.45900011 5.96439981
22.2471504 7.67679977 3.59894991
22.3497009 8.34519958 3.0796001
22.3034992 8.24479961 4.2585001
22.3743 8.47340012 2.84629989
22.3717003 8.70489979 2.66680002
22.2133007 9.17000008 2.77629995
22.2523994 9.08776665 2.84103346
22.2696991 9.15869999 5.14389992
22.297699 9.26189995 2.73675013
22.2474995 9.35359955 4.64309978
22.2406006 9.26580048 5.20620012
22.2523994 9.5447998 2.59089994
22.2644005 9.51194954 2.61759996
22.2161503 9.51025009 3.50829983
22.2210007 9.54279995 3.69460011
22.2264004 9.74473381 2.50740004
22.2688007 10.1514997 2.35809994
22.3234005 10.2152996 2.30360007
22.2959003 10.3021507 2.46099997
22.2842007 10.2130003 3.41939998
22.3834 10.4863005 1.97940004
22.3850002 10.4706001 2.12930012
22.3023491 10.4969997 2.31514978
22.3673992 10.4362001 3.44099998
22.3057003 10.6562004 1.68449998
22.3139496 10.6616001 1.85514998
22.258934 10.7048664 2.01566672
22.3211994 11.0253 1.88460004
22.3211994 11.7014503 1.72110009
22.4547997 0.199100003 -1.20519996
22.4986992 0.141299993 -1.17420006
22.5116997 0.306850016 -1.21534991
22.4405003 0.462000012 -1.21449995
22.4832497 0.749549985 -1.23745
22.5182495 0.852750003 -1.24364996
22.4575996 1.01240003 -1.22950006
22.5156002 1.22749996 -1.23070002
22.4917507 1.50604999 -1.26049995
22.5457001 1.89699996 -1.29419994
22.5440006 2.05819988 -1.32640004
22.5760994 2.38059998 -1.32140005
22.4852657 2.54139996 -1.3003
22.4793663 2.75013328 -1.31746662
22.5027676 2.90026665 -1.32570004
22.4597511 3.52244997 -1.35452497
22.5834999 4.18209982 -1.40269995
22.4932995 4.3572998 -1.41869998
22.4895 4.25449991 -1.38460004
22.5114002 4.41410017 -1.34329998
22.5291996 4.73729992 -1.45280004
22.4466 4.62739992 -1.35450006
22.5515003 4.88549995 -1.38100004
22.5389004 5.41120005 -1.495
22.5625 6.09130001 -1.52079999
22.4036007 6.19820023 4.01009989
22.4818993 6.1967001 4.37729979
22.4305496 6.17024994 5.29444981
22.5097008 6.3593998 -1.43289995
22.5492992 6.39870024 -1.25820005
22.5484009 6.27909994 -1.15040004
22.5823994 6.36859989 -0.865499973
22.5993996 6.35160017 0.781499982
22.4594669 6.29410028 3.89986658
22.4869995 6.30663776 4.27554989
22.4554005 6.27640009 4.70060015
22.4186001 6.27869987 5.19890022
22.4295006 6.21239996 5.22840023
22.5458984 6.46829987 -1.41719997
22.4891987 6.47539997 -1.26546669
22.497776 6.42102528 -1.10452509
22.5166836 6.47096682 -0.915383339
22.5067997 6.48850012 -0.421000004
22.4887009 6.5546999 -0.328900009
22.4160004 6.51599979 0.708199978
22.4993 6.58339977 2.56049991
22.5018005 6.48400021 3.30159998
22.5063992 6.49766684 3.47729993
22.4514999 6.51270008 3.75405002
22.4312992 6.53879976 3.82069993
22.5019207 6.53032017 4.11944008
22.47225 6.51175022 4.32359982
22.5286007 6.49760008 4.46089983
22.4158993 6.41660023 5.15859985
22.4557991 6.44180012 5.22179985
22.5067196 6.68519974 -1.32936001
22.5063114 6.71373749 -0.681737483
22.4792404 6.73901987 -0.54144001
22.4947395 6.76268005 -0.314740002
22.5467606 6.77243996 -0.118019998
22.5112343 6.76910019 0.105633333
22.5499001 6.75619984 0.210299999
22.5076504 6.75323343 0.499716669
22.47155 6.72100019 0.658675015
22.4980011 6.74397516 2.358325
22.4837246 6.68757534 2.48059988
22.4153996 6.7565999 2.61120009
22.4875793 6.7042799 3.52848005
22.5114002 6.61919975 3.63115001
22.5370998 6.64179993 3.8512001
22.5657005 6.62099981 4.0310998
22.4854012 6.64564991 4.2729001
22.5173492 6.76074982 4.76892471
22.4559669 6.74916697 4.84226656
22.5704994 6.76539993 6.19610023
22.4677258 6.72669983 6.31484985
22.457201 6.69969988 6.4935832
22.4957008 6.85710001 -0.422500014
22.4136505 6.84940004 -0.0629500002
22.4635658 6.84806681 0.31036669
22.5128994 6.80950022 0.575399995
22.4813004 6.88870001 1.98909998
22.5030994 6.8757 2.1868
22.5610256 6.89352512 2.34852505
22.5716 6.82060003 2.49169993
22.5506496 6.95510006 2.68849993
22.5048332 6.93809986 2.90383339
22.5648994 6.94140005 3.12800002
22.4846001 6.93170023 3.23373342
22.511467 6.87296677 3.48446655
22.4955997 6.83220005 3.7895999
22.5806999 6.81729984 3.8427999
22.5299168 6.87113333 4.72143316
22.4962006 6.83209991 4.88660002
22.5328999 6.8762002 5.0007
22.5002995 6.89120007 6.11137486
22.4419994 7.15579987 1.90610003
22.4825516 7.1093998 2.15234995
22.4722004 7.08720016 2.21169996
22.4403744 7.10787487 2.45712495
22.4890003 7.09259987 2.91090012
22.5015755 7.05977488 3.0697
22.5193748 7.07642508 3.31649995
22.5211487 7.05464983 3.44899988
22.4738007 7.17280006 3.99810004
22.4668999 7.12109995 4.04539967
22.4800758 7.09317493 4.75810003
22.5396996 7.0948 5.11259985
22.5240993 7.1953001 5.69680023
22.5510006 7.05800009 5.91930008
22.4249992 7.11420012 6.33099985
22.5410995 7.12249994 6.48120022
22.5804005 7.28410006 2.31850004
22.4043999 7.32859993 2.59669995
22.4396 7.21990013 4.73050022
22.4615993 7.23780012 5.35039997
22.5235004 7.32316685 5.55293322
22.4937 7.2677002 5.62050009
22.4218006 7.28009987 7.05600023
22.4508991 7.48769999 2.54419994
22.4648991 7.57149982 2.65569997
22.5154991 7.51660013 4.70550013
22.4451504 7.52234983 4.87295008
22.4323997 7.47200012 5.37799978
22.5130005 7.53200006 5.45406675
22.5466995 7.61019993 4.78270006
22.5330505 7.64179993 4.85405016
22.4410992 7.66149998 5.42399979
22.4132996 7.64499998 6.95879984
22.5521507 7.91020012 4.1623497
22.4048996 7.81269979 5.10720015
22.5105 7.9375 6.74910021
22.4892998 8.09519958 2.83929992
22.4556503 8.30904961 2.83214998
22.4273987 8.41975021 2.95074987
22.4051991 8.48700047 3.37859988
22.5767002 8.45100021 3.92190003
22.4414997 8.6072998 2.7565999
22.4762325 8.69496632 3.92173338
22.4892006 8.8210001 3.74379992
22.5787506 9.02754974 2.12374997
22.4808388 9.07049942 2.70513988
22.5053749 9.27920055 2.50417495
22.4395008 9.31340027 4.48899984
22.5242004 9.51379967 3.56529999
22.4111996 9.64070034 3.49370003
22.5671997 10.3875999 1.898
22.4993 10.3360996 2.18499994
22.4846497 10.30375 2.31800008
22.4333992 10.2988997 2.6408
22.5156002 10.5448999 1.69210005
22.4759483 10.5240002 1.95449996
22.5286198 10.4717999 2.10233998
22.4827995 10.5136995 2.20309997
22.4377003 10.6947002 1.72839999
22.5024986 10.7416 1.87144995
22.4333992 10.6742001 2.26279998
22.4598999 10.9841003 1.63370001
22.46245 10.8129005 1.94534993
22.5666008 11.3690996 1.56789994
22.5613003 11.2256002 1.76199996
22.5638008 11.5714998 1.55139995
22.514101 11.5679502 1.71875
22.4533005 11.5928001 1.87170005
22.5219994 11.6293001 1.52219999
22.4514999 11.6091003 1.63269997
22.7810993 0.337900013 -1.21140003
22.6818008 0.290250003 -1.19509995
22.7500496 0.686249971 -1.23245001
22.6359501 0.908399999 -1.24294996
22.671566 1.29809999 -1.26056671
22.7041988 1.50513327 -1.26783335
22.6952991 1.64450002 -1.29540002
22.6597672 1.91613328 -1.30276668
22.6434994 2.12969995 -1.28750002
22.6861496 2.4609499 -1.32959998
22.7786999 2.8842001 -1.3096
22.7102013 3.53014994 -1.36389995
22.6016998 3.8684001 -1.40190005
22.7462997 3.9296 -1.39909995
22.7725487 4.15415001 -1.42044997
22.7240009 5.09649992 -1.42449999
22.7952003 5.28219986 -1.42379999
22.6650009 5.67939997 -1.49269998
22.6515007 5.95580006 -1.50109994
22.6252995 6.12260008 4.35179996
22.6879673 6.34916687 -1.46513331
22.7322998 6.37160015 -0.955600023
22.6462326 6.33430004 0.786166668
22.6692009 6.34730005 4.23729992
22.7399673 6.35116673 6.50103331
22.7357006 6.24189997 6.67589998
22.6012993 6.4138999 -1.43579996
22.696516 6.45343351 -1.11028337
22.6676998 6.48536015 -0.908140004
22.7417202 6.4997201 -0.706260026
22.7001991 6.5855999 0.1228
22.7493 6.53679991 0.689700007
22.6411991 6.55810022 3.64479995
22.7129002 6.54275036 3.89279985
22.7138004 6.57040024 4.06619978
22.7001991 6.59509993 4.24310017
22.6112003 6.4678998 6.39659977
22.7123661 6.49363327 6.53273344
22.65065 6.62899971 -1.34645009
22.6937408 6.67679977 -0.700479984
22.7810001 6.77180004 -0.413199991
22.6547012 6.76109982 -0.335000008
22.6420498 6.73204994 -0.11355
22.7149658 6.77948332 0.105866663
22.6789513 6.76789999 0.317149997
22.7144012 6.74660015 0.463649988
22.70858 6.7122798 0.633939981
22.7565002 6.72559977 1.98950005
22.7043762 6.71755028 2.37984991
22.6737804 6.75150013 2.47104001
22.6643009 6.79920006 2.66470003
22.7737007 6.77129984 3.16529989
22.7413502 6.76789999 3.3364749
22.6903343 6.73078346 3.51243329
22.7527504 6.71994972 3.8826499
22.6888332 6.64559984 4.11846685
22.6756992 6.74650002 4.24639988
22.7061996 6.73075008 4.7748003
22.6741505 6.71730042 4.87704992
22.7039108 6.6869669 6.31347752
22.7940998 6.64839983 6.5704999
22.7332993 6.80219984 0.110200003
22.7579994 6.81890011 0.231700003
22.7812004 6.8204999 1.88919997
22.7189007 6.91200018 2.12919998
22.7199574 6.87772846 2.27491426
22.721159 6.90553999 3.09277987
22.6658001 6.8993001 3.21720004
22.6996002 6.83080006 3.44440007
22.6567669 6.88219976 4.72803307
22.6798 6.98950005 4.81150007
22.7082996 6.91890001 5.76020002
22.6310997 6.99770021 5.83669996
22.7199993 6.90433311 6.14370012
22.6016998 6.95819998 6.20669985
22.7880497 7.14295006 1.89674997
22.7324657 7.12050009 2.03110003
22.7439003 7.0166502 2.31239986
22.7031002 7.15980005 2.71600008
22.7024841 7.1100502 2.88226676
22.6935501 7.11194992 3.13680005
22.7161999 7.16809988 3.25839996
22.6660004 7.03830004 3.95729995
22.7451 7.07849979 4.72860003
22.6124992 7.00930023 5.65899992
22.7128258 7.09717512 6.10204983
22.6993256 7.2737751 1.90385008
22.7425995 7.22749996 2.05320001
22.7217999 7.22130013 2.22720003
22.6674004 7.24429989 3.18700004
22.7833004 7.25430012 3.8427
22.7425995 7.34889984 4.69999981
22.7665997 7.34810019 5.51910019
22.6854992 7.28579998 5.61600018
22.6921997 7.20870018 6.02110004
22.6983986 7.49854994 5.4826498
22.7443008 7.7342 2.90820003
22.72925 7.72525024 4.14470005
22.6040001 7.68690014 4.25150013
22.6900005 7.68069983 6.45179987
22.6319008 7.74730015 6.83010006
22.7931004 7.97830009 5.74959993
22.6527996 8.01249981 4.08109999
22.6382008 8.40989971 2.73160005
22.6727486 8.92959976 1.98854995
22.7404346 8.91986656 2.05290008
22.7542 8.97245026 2.25950003
22.6747513 9.00944996 2.09019995
22.7298508 9.08035088 2.34609985
22.7567997 9.13770008 2.51550007
22.6965008 9.15919971 2.68849993
22.6081009 9.06949997 4.60330009
22.6429005 9.22169971 2.66429996
22.7073002 9.27270031 3.7407999
22.6662006 9.59920025 2.85389996
22.7159996 9.57499981 3.16100001
22.6424999 9.52140045 3.67670012
22.7308998 9.69989967 2.95499992
22.6508999 10.5303001 1.78670001
22.6532993 10.5969 2.15770006
22.7597008 10.4623003 2.85039997
22.7806511 10.72995 1.71654999
22.6766758 10.6268005 1.87724996
22.7506008 10.6694002 2.1401999
22.6198006 11.0278997 1.84730005
22.6581001 11.3943005 1.68799996
22.7458496 11.4745502 1.55089998
22.6217995 11.6007996 1.55209994
22.940239 0.279119998 -1.22511995
22.8913002 0.704149961 -1.21985006
22.9433994 0.969299972 -1.26069999
22.9125004 1.02750003 -1.24469995
22.9142494 1.34679997 -1.26815009
22.8087997 1.42490005 -1.26460004
22.9444809 1.898 -1.29222
22.9487991 2.37450004 -1.31850004
22.8412991 2.49659991 -1.29610002
22.9186668 2.87400007 -1.33416665
22.9596004 3.23830009 -1.4102
22.9671993 3.3901999 -1.37409997
22.9965992 3.4296 -1.3973
22.8640499 3.8828001 -1.38630009
22.9482002 4.06930017 -1.42949998
22.8474007 4.29750013 -1.42260003
22.8698997 4.51009989 -1.42000008
22.8670998 4.72055006 -1.4483
22.8731003 4.86899996 -1.44099998
22.9242496 5.47224998 -1.46364999
22.9748993 5.64559984 -1.5158
22.9778004 5.91960001 -1.5108
22.8484001 6.35710001 -1.61909997
22.9286995 6.33199978 -1.48127997
22.8237 6.37680006 -1.22179997
22.8376007 6.31780005 -0.902850032
22.9267998 6.30999994 0.778400004
22.9790497 6.31160021 0.863600016
22.9636002 6.37890005 3.2967999
22.9149323 6.3682332 4.10273314
22.8498993 6.31729984 6.53859997
22.8108997 6.51170015 -1.41250002
22.9214325 6.52343321 -1.2336334
22.8498001 6.42539978 -1.02310002
22.90555 6.4765501 -0.858749986
22.8197002 6.49350023 -0.706099987
22.9437656 6.52306652 0.70813334
22.9293995 6.50750017 2.02780008
22.9470997 6.55289984 3.15019989
22.8973999 6.59019995 3.24810004
22.9044399 6.47915983 4.06220007
22.8479996 6.54099989 4.95130014
22.9148998 6.46379995 6.3730998
22.8304005 6.47714996 6.53104973
22.8880005 6.42409992 6.6413002
22.8003998 6.66109991 -1.40069997
22.9256248 6.67907524 -1.321275
22.8948498 6.7418499 -0.629050016
22.9074001 6.75403357 -0.496483326
22.9218006 6.75647497 -0.329549998
22.9570007 6.75825024 -0.107749999
22.9139671 6.75759983 0.0789666697
22.9640999 6.77085018 0.28670001
22.9369011 6.76475 0.477300018
22.9125004 6.70043325 0.664233327
22.9021397 6.72090006 1.91118002
22.8492336 6.71903324 2.04056668
22.8974323 6.70003319 2.35290003
22.870657 6.70404291 3.08698583
22.90168 6.70200014 3.2697401
22.8017006 6.77810001 3.50670004
22.8835659 6.73363352 3.68233323
22.9038754 6.6701498 3.87692499
22.9692001 6.7031002 4.00559998
22.8703499 6.71485043 4.2866497
22.9930992 6.74870014 4.76499987
22.9537334 6.70056677 4.88216686
22.8987331 6.69433355 6.27789974
22.8906326 6.63516665 6.51846695
22.8598003 6.68540001 6.69219971
22.8050003 6.82009983 -0.618399978
22.9241009 6.8144002 -0.407099992
22.8267002 6.80509996 0.381199986
22.9070206 6.91781998 1.73738003
22.8791256 6.89347506 1.88969994
22.916666 6.87680006 2.09083343
22.9673996 6.88514996 2.30189991
22.9538002 6.83780003 2.49419999
22.8811493 6.92964983 2.98425007
22.8956661 6.87216663 3.11331654
22.8190994 6.86889982 3.30180001
22.8813496 6.83459997 3.92840004
22.9806995 6.80740023 4.01879978
22.9608002 6.98969984 4.59539986
22.9250603 6.86563969 4.68099976
22.8513985 6.84554958 4.80854988
22.9674988 6.97805023 6.1005497
22.8936501 6.87989998 6.24520016
22.9440002 6.98479986 6.5486002
22.937149 7.11189985 0.527100027
22.9004993 7.0380497 1.91919994
22.8797207 7.08790016 2.13750005
22.9157658 7.06713343 2.24799991
22.8649197 7.10112 2.87773991
22.8367996 7.12559986 3.18989992
22.8451004 7.01310015 3.62459993
22.9185505 7.06270027 3.93039989
22.9790993 7.11339998 4.01569986
22.9645004 7.0065999 4.63549995
22.881649 7.10895014 6.09474993
22.8500004 7.00390005 6.20919991
22.8526993 7.36530018 1.96229994
22.8407993 7.22100019 3.12010002
22.8294506 7.35964966 3.91659999
22.8318501 7.29064989 4.71245003
22.9171486 7.29129982 4.82299995
22.9380798 7.27142 5.52965975
22.8797493 7.29055023 5.62865019
22.8942337 7.30296659 6.07403326
22.9611988 7.51136684 2.92133331
22.9918003 7.52799988 4.10529995
22.8836994 7.59579992 4.24730015
22.9542007 7.52139997 4.96780014
22.8340492 7.45660019 5.4307003
22.8624001 7.59880018 5.97700024
22.8889503 7.50425005 6.08304977
22.9342995 7.43100023 6.23019981
22.9487991 7.66069984 2.93764997
22.9759007 7.78509998 3.0065999
22.8202991 7.74109983 4.04920006
22.9316006 7.63030005 4.22060013
22.9055004 7.69119978 5.1388998
22.9638004 7.76819992 5.99679995
22.902401 7.65215015 6.02579975
22.8633995 7.70179987 6.55270004
22.8132992 7.9677 4.02710009
22.9321995 7.85510015 4.75990009
22.9857998 7.85629988 4.87029982
22.9918995 7.86049986 5.05149984
22.9487495 8.14080048 3.9154501
22.8770008 8.18869972 4.9685998
22.8640003 8.09350014 5.72100019
22.9122009 8.26280022 3.88969994
22.8309517 8.33010006 4.78399992
22.9480515 8.26099968 6.02604961
22.8160992 8.53199959 2.5941
22.9029999 8.40439987 4.56580019
22.9570999 8.46020031 5.95739985
22.9729996 8.79759979 2.7118001
22.9260006 8.75570011 5.17589998
22.9696999 8.77589989 5.24319983
22.8658009 8.89624977 2.10179996
22.8475342 8.97226715 2.32426667
22.9132996 8.97439957 5.58269978
22.9277344 9.12656689 2.09689999
22.9094009 9.07843304 2.2737999
22.9616337 9.10680008 2.51793337
22.9429016 9.08755016 2.70335007
22.9634991 9.29030037 2.19779992
22.8435993 9.31369972 3.56329989
22.8757992 9.2894001 3.68670011
22.9985008 9.75259972 2.12689996
22.9438992 9.86830044 3.00340009
22.9997997 9.96650028 3.48720002
22.9542503 10.0382996 2.15820003
22.9391327 10.1111994 2.91336679
22.9130001 10.0790997 3.52110004
22.8990498 10.3551998 2.15450001
22.9685001 10.2461004 2.90860009
22.8166008 10.5644493 1.90155005
22.8677254 10.7019749 1.92595005
22.8579006 10.6824999 2.01239991
22.8449001 11.0724001 1.52460003
22.9678993 11.3311996 1.50940001
22.8428001 11.3629999 1.6013
22.8936996 11.6901999 2.02419996
22.9797001 11.9689999 1.97889996
23.1424999 0.30430001 -1.2342
23.0540009 0.711650014 -1.2184
23.1115665 0.872733355 -1.26643336
23.0807495 1.09120011 -1.26944995
23.0366001 1.3326 -1.29480004
23.08395 1.56019998 -1.30605006
23.1611004 1.91374993 -1.28544998
23.0991325 2.29646659 -1.30939996
23.1012669 2.4934001 -1.32533336
23.1905994 2.74489999 -1.37150002
23.1519012 2.86220002 -1.34455001
23.0436993 3.06690001 -1.35329998
23.1975994 3.40199995 -1.34979999
23.1599998 3.68510008 -1.39189994
23.0898991 3.82299995 -1.40110004
23.1473007 4.35370016 -1.46179998
23.0400009 4.72179985 -1.45930004
23.0051994 5.55679989 -1.49199998
23.1041489 5.73944998 -1.50585008
23.0641003 6.04040003 -1.53489995
23.1023006 6.15100002 4.33710003
23.1202335 6.3423667 -1.47379994
23.1618004 6.38840008 -1.12660003
23.0508003 6.36829996 0.75819999
23.0492992 6.3434 0.813600004
23.105999 6.33860016 4.12167501
23.1012993 6.21274996 4.3060503
23.1921997 6.41429996 -1.40100002
23.179533 6.49696684 -1.26923335
23.136425 6.46999979 -1.1141125
23.0942497 6.49635029 -0.882799983
23.1334 6.53459978 -0.791999996
23.0732002 6.51000023 3.17569995
23.0358009 6.47469997 3.21490002
23.0867004 6.45858574 4.09327126
23.0669994 6.66949987 -1.43270004
23.0858002 6.73054981 -1.28250003
23.0537338 6.75183344 -0.663699985
23.0801659 6.72986698 -0.494366646
23.1110668 6.7512002 -0.326200008
23.0934792 6.72361994 -0.109540001
23.0967007 6.78153324 0.0841000006
23.1334 6.7420001 0.583199978
23.1296501 6.67315006 0.672150016
23.0662994 6.78690004 1.94449997
23.1502991 6.7480998 2.10419989
23.0860672 6.67399979 3.05836678
23.1389008 6.77489996 3.31839991
23.0321007 6.73929977 3.83150005
23.1670494 6.74944973 4.03289986
23.0492001 6.68400002 4.84259987
23.0449753 6.72062492 6.34112501
23.0869999 6.65170002 6.52745008
23.059 6.63990021 6.61590004
23.1047001 6.80740023 -0.0471000001
23.1151676 6.82280016 0.129199997
23.1131001 6.85589981 0.235100001
23.1823997 6.99109983 0.506099999
23.0358009 6.83139992 1.94070005
23.1077003 6.89419985 2.13105989
23.0825672 6.91188335 2.26851654
23.1229992 6.94725037 2.97940016
23.0918007 6.90880013 3.11450005
23.1192017 6.97420025 3.33874989
23.1003342 6.84509993 3.91170001
23.1341991 6.84180021 4.02829981
23.0777245 6.88502502 4.73519993
23.0851002 6.86409998 4.87099981
23.032299 6.94834995 6.10500002
23.0867176 6.91949987 6.27531672
23.0634499 6.87205029 6.50239992
23.1135998 6.97879982 6.61229992
23.1245003 7.19059992 0.4727
23.1299 7.14099979 0.602400005
23.0471001 7.1947999 1.92410004
23.0523987 7.17199993 2.02624989
23.1401997 7.09210014 2.21399999
23.0911999 7.06084013 2.8845799
23.1381493 7.06760025 3.09789991
23.0645485 7.06474972 3.91704988
23.0279999 7.19619989 4.82700014
23.1786995 7.0848999 5.99910021
23.0887489 7.03725004 6.0927
23.0652008 7.0632 6.2263999
23.1387997 7.32789993 1.98090005
23.1296501 7.29094982 2.14645004
23.1716003 7.33154964 2.28259993
23.0737 7.28126669 2.93256664
23.0402985 7.26875019 5.57670021
23.074749 7.28460026 5.65939999
23.1672001 7.32189989 6.13940001
23.0862999 7.49020004 2.94623327
23.0921001 7.49394989 3.03814983
23.0440674 7.50333357 4.91283321
23.0109997 7.44099998 5.00059986
23.0639992 7.53450012 5.84910011
23.1677513 7.50909996 6.14715004
23.1263008 7.70359993 2.78290009
23.1098995 7.67045021 2.92135
23.02215 7.61944962 3.02825022
23.0013008 7.70650005 4.00579977
23.1920013 7.70284986 5.16620016
23.1261005 7.60769987 5.24380016
23.1548996 7.73729992 5.90110016
23.0375996 7.76919985 6.02810001
23.0779991 7.97359991 5.81799984
23.1110992 7.98500013 6.19290018
23.1802998 8.03250027 5.92729998
23.0475998 8.26659966 3.78419995
23.1028004 8.30590057 5.92850018
23.1786995 8.43970013 3.57660007
23.0746002 8.43726635 3.69650006
23.0639496 8.54349995 4.70749998
23.0571995 8.52289963 4.8361001
23.1135502 8.49502468 5.91397476
23.1371994 8.69180012 3.36129999
23.0328999 8.6182003 4.98460007
23.0205994 8.77470016 5.20949984
23.1935005 8.6232996 6.28980017
23.0352001 8.92879963 2.18779993
23.0904999 8.98309994 2.27950001
23.180851 8.93300056 3.30165005
23.1422005 9.0880003 1.99989998
23.1084499 9.1718502 2.09039998
23.04772 9.08681965 2.31220007
23.1043167 9.11466694 2.50990009
23.145874 9.07962513 2.68855
23.1816006 9.07059956 2.93409991
23.0995655 9.27266693 2.12033343
23.1883755 9.3199749 2.29737496
23.1189003 9.23680019 2.71700001
23.0543518 9.22890091 3.51004982
23.0748005 9.57355022 2.10645008
23.1161003 9.54179955 2.35159993
23.1867008 9.4623003 2.41599989
23.1851997 9.49030018 2.62890005
23.0874996 9.43610001 3.33310008
23.1459999 9.66845036 1.93282497
23.1167259 9.70737457 2.06885004
23.0223999 9.6402998 3.58240008
23.1723995 9.81159973 1.79910004
23.1054001 9.91044998 1.95090008
23.1666489 9.9691 2.0543499
23.1142502 9.86815071 3.14464998
23.0774002 9.87839985 3.47230005
23.0408993 9.84319973 3.60809994
23.1633663 10.0417337 1.73773336
23.137434 10.0768671 1.87823331
23.0631008 10.1344995 2.10549998
23.1182003 10.1990004 2.26539993
23.1613007 10.1562996 2.78349996
23.1711006 10.0545998 2.94880009
23.0743008 10.1112003 3.42449999
23.0211487 10.3544998 2.08430004
23.0163498 10.3003006 2.68545008
23.0697994 10.2315998 2.85240006
23.1245003 10.5614004 1.99790001
23.1196995 10.6623001 1.94254994
23.1037006 10.7536001 2.02659988
23.1121998 10.8357 1.85179996
23.1408005 11.0063 1.82389998
23.0559006 11.2342997 1.6257
23.0855999 11.4849997 1.52250004
23.1797009 12.0237999 1.35420001
23.2814999 0.135499999 -1.23269999
23.2942009 0.293125004 -1.24845004
23.3250999 0.444050014 -1.23989999
23.2539005 0.696200013 -1.24193335
23.3013992 0.973800004 -1.26810002
23.2637005 1.10969996 -1.25974989
23.2133999 1.22160006 -1.28349996
23.3654499 1.87380004 -1.32424998
23.2805996 2.01239991 -1.33609998
23.3595009 2.4546001 -1.34860003
23.2971992 2.73469996 -1.35699999
23.3256493 2.8657999 -1.36290002
23.2609005 3.29640007 -1.37650001
23.312149 3.4607501 -1.35995007
23.3651009 3.71950006 -1.42729998
23.2957001 3.87765002 -1.41400003
23.3036995 4.29116678 -1.43153334
23.3885994 5.01410007 -1.49679995
23.3073997 5.38929987 -1.49129999
23.2776985 6.0385499 -1.55585003
23.3787003 6.16839981 4.11439991
23.3463993 6.34509993 -1.49029994
23.2989998 6.38759995 -1.39629996
23.3861008 6.39919996 -1.17910004
23.3211002 6.39870024 0.770900011
23.2891674 6.28399992 4.12443352
23.2434006 6.59579992 -1.43139994
23.2952328 6.4698 -1.33465004
23.3171329 6.48259974 -1.07369995
23.2534008 6.49160004 -0.950500011
23.3379002 6.57089996 -0.787400007
23.2780495 6.43079996 0.738200009
23.3173504 6.44239998 4.11520004
23.3882008 6.76039982 -1.41050005
23.3423996 6.68620014 -1.3118
23.3722992 6.75220013 -0.7421
23.302 6.73012018 -0.487780005
23.3042679 6.74391651 -0.320250005
23.2902508 6.73239994 -0.135600001
23.274601 6.76805019 0.147149995
23.3010006 6.66410017 0.656000018
23.2080994 6.73780012 2.19740009
23.2161007 6.73050022 2.26379991
23.3340664 6.77143335 2.97860003
23.3498001 6.77124977 3.08545017
23.3834991 6.78590012 3.72919989
23.2481003 6.70170021 3.94924998
23.2774334 6.69810009 4.06103325
23.3887997 6.8512001 -1.4188
23.3160515 6.82635021 0.163300008
23.2289009 6.81400013 0.280000001
23.3526001 6.84110022 0.594900012
23.3253002 6.86569977 2.16930008
23.2446671 6.83269978 2.29336667
23.3369007 6.81739998 2.42210007
23.3675995 6.91965008 2.69845009
23.306715 6.87665701 2.89105701
23.2795601 6.89722013 3.07994008
23.2304497 6.98149967 3.27390003
23.354681 6.87294006 3.5079
23.3422012 6.84450006 3.66569996
23.3368492 6.87727499 3.95342493
23.2693501 6.82505035 4.04990005
23.2821999 6.9618001 6.27780008
23.3551998 7.10790014 0.605300009
23.3933487 7.06885004 2.10244989
23.3104992 7.03859997 2.76799989
23.3153992 7.16709995 2.83640003
23.2014999 7.01469994 3.1170001
23.2423 7.03919983 3.87680006
23.2250996 7.03369999 6.18359995
23.2986488 7.02025032 6.32264996
23.2602997 7.05259991 6.5763998
23.2129993 7.34959984 2.08419991
23.2334003 7.28709984 2.23060012
23.3222752 7.36374998 2.89522505
23.2978001 7.36269999 3.00090003
23.2856007 7.24959993 6.34200001
23.2681007 7.4151001 2.02979994
23.2753506 7.48619986 2.94344997
23.3111992 7.50519991 5.7895999
23.3325996 7.50810003 5.94250011
23.2761993 7.49030018 6.09679985
23.3104496 7.72354984 2.77719998
23.2598 7.77159977 2.81229997
23.3157005 7.64109993 3.97550011
23.3834991 7.79650021 4.95699978
23.3794994 7.79750013 5.04260015
23.2562008 7.7128334 5.94486666
23.2024002 7.77799988 6.23500013
23.3906002 7.96089983 2.61809993
23.3306007 7.88009977 2.80119991
23.3589993 7.94473314 4.93380022
23.2758999 7.82289982 5.13940001
23.3220997 7.90320015 5.91303349
23.2147999 7.91890001 6.4059
23.2824001 8.1147995 4.87680006
23.3111992 8.18700027 5.00990009
23.2900333 8.11226654 5.90836668
23.2176991 8.02690029 6.02209997
23.2446003 8.25580025 3.7974999
23.2730999 8.32870007 5.95499992
23.2015991 8.58530045 3.31030011
23.3092995 8.55309963 4.84800005
23.2292995 8.73700047 3.27060008
23.2297001 8.74960041 3.67140007
23.2385006 8.71170044 6.04699993
23.2271996 8.92920017 3.05089998
23.3414497 9.17794991 2.03579998
23.2849503 9.10249996 2.32665014
23.2802792 9.14369965 2.50886011
23.2784672 9.12549973 2.72440004
23.3103008 9.08650017 2.85066676
23.2329998 9.14410019 3.80130005
23.3171673 9.32203293 2.13479996
23.2593803 9.26571941 2.28571987
23.3024006 9.22910023 3.06830001
23.2399006 9.54440022 1.97399998
23.2852993 9.48019981 2.21070004
23.22435 9.6616993 1.94410002
23.2899513 9.92442513 1.85839999
23.2390003 9.91009998 2.01419997
23.2301998 9.99499989 2.36470008
23.3624001 9.96959972 2.49259996
23.2327003 9.92280006 3.28780007
23.2676506 10.07055 1.7701
23.3074989 10.0937204 1.92228007
23.2596493 10.0707998 2.12284994
23.3241997 10.2020998 1.82149994
23.3530998 10.2840004 2.93169999
23.3575001 10.7620001 1.03824997
23.2269001 10.9491997 1.74360001
23.3388004 10.9569998 1.84529996
23.2801514 11.1238995 1.66210008
23.2555008 12.1821003 1.49230003
23.4656677 0.278600007 -1.23670006
23.5778008 0.413199991 -1.26250005
23.4480495 0.689199984 -1.25687504
23.4754658 0.930366695 -1.27149999
23.5615005 1.16659999 -1.29180002
23.5240993 1.35943329 -1.29386663
23.4906502 1.46085 -1.31435001
23.4773998 1.67060006 -1.29579997
23.5185337 1.90999997 -1.32653332
23.514967 2.29333329 -1.33396673
23.4447002 2.42549992 -1.33239996
23.4720001 2.78500009 -1.40209997
23.4930992 2.69429994 -1.36459994
23.5438004 2.90350008 -1.3661499
23.4953003 3.08949995 -1.35605001
23.4853001 3.30029988 -1.38370001
23.4755001 3.48049998 -1.39900005
23.4934006 3.69560003 -1.42079997
23.4948006 3.8591001 -1.40840006
23.4022999 4.19999981 -1.39069998
23.5109501 4.27719975 -1.44064999
23.4521008 4.40409994 -1.41540003
23.4006004 4.6566 -1.4562
23.4473 5.04635 -1.46510005
23.5256004 5.41654968 -1.51215005
23.5597 6.12720013 -1.58819997
23.566 6.18060017 4.17910004
23.5632992 6.18499994 4.24060011
23.5491009 6.36590004 -0.982800007
23.5265007 6.31650019 0.770600021
23.5576 6.31470013 3.99009991
23.5145798 6.25517988 4.11112022
23.541851 6.41755009 -1.45499992
23.5039005 6.47573328 -1.29289997
23.5349274 6.46052837 -1.11440003
23.4582005 6.55489969 -0.880659997
23.4759007 6.58379984 2.88459992
23.4729843 6.50316668 4.06791687
23.5932007 6.70609999 -1.421
23.4337997 6.60129976 -1.36059999
23.4699173 6.72763348 -0.713316679
23.5003662 6.73396683 -0.515933335
23.5466995 6.67089987 -0.255699992
23.4927197 6.74639988 -0.0701799989
23.48246 6.7726202 0.101900004
23.4995499 6.78775024 0.322349995
23.5396671 6.72546673 0.525600016
23.4810715 6.69817162 0.638599992
23.4762001 6.65420008 2.83579993
23.46595 6.77865028 3.1406498
23.58955 6.76739979 3.21710014
23.4559002 6.75479984 3.69420004
23.4123001 6.71150017 3.92050004
23.4979725 6.73387146 4.07144308
23.5923996 6.89559984 -0.796500027
23.4696007 6.81279993 -0.191400006
23.5513992 6.82270002 0.0225000009
23.5539246 6.81299973 0.301950008
23.483551 6.91214991 0.538650036
23.4912491 6.95524979 2.31075001
23.5631008 6.93149996 2.52880001
23.5188007 6.93069983 2.72550011
23.4475746 6.86032486 2.88382506
23.5065002 6.89820004 3.1494
23.5184402 6.87323999 3.29832006
23.4773006 6.86941433 3.45545721
23.4944496 6.86584997 3.67649984
23.5806007 6.84870005 3.98769999
23.4860668 6.82906675 4.01816654
23.4703751 7.09657478 2.10352492
23.4993992 7.11420012 2.35459995
23.4004993 7.03599977 2.71790004
23.4279995 7.01219988 2.91950011
23.5806999 7.06155014 3.30935001
23.5631008 7.17659998 3.91659999
23.5445995 7.15889978 4.04220009
23.5856991 7.22720003 2.39820004
23.4923992 7.37069988 2.87179995
23.5872993 7.24790001 3.87970018
23.5703506 7.50549984 2.47954988
23.5058002 7.44910002 2.77080011
23.4543991 7.59499979 3.93070006
23.4571495 7.56890011 4.01379967
23.4500332 7.51746655 6.08453321
23.5303993 7.70650005 2.82240009
23.5603008 7.63110018 4.01230001
23.4999008 7.75489998 4.96379995
23.4844666 7.70363331 5.08526659
23.4641991 7.74094963 5.95135021
23.4459991 7.85820007 6.24090004
23.4832993 8.16310024 3.8204999
23.4295998 8.01819992 4.94430017
23.4288998 8.21990013 2.12949991
23.4202003 8.96469975 2.57069993
23.4715996 8.93470001 2.79399991
23.5200996 8.90135002 2.87030005
23.4827499 9.1895504 1.89300001
23.4676991 9.10280037 2.0480001
23.4776001 9.18630028 2.48990011
23.4882717 9.15024281 2.68845701
23.5192661 9.29013348 1.9346
23.5186005 9.2730999 2.06395006
23.4298325 9.32276726 2.29083323
23.5177002 9.25489998 2.49730015
23.5333996 9.43080044 2.09229994
23.5625 9.53140068 2.2335
23.4853992 9.87783337 2.30480003
23.5599003 9.92749977 2.41490006
23.5303993 9.83100033 3.49799991
23.476799 10.1630993 1.94219995
23.5556011 10.0577335 2.0697999
23.5566006 10.0690002 2.41880012
23.4482498 10.06145 3.01534986
23.5900002 10.0761003 3.29110003
23.4440994 10.1240997 3.40639997
23.4866009 10.3851004 1.99969995
23.4643993 10.3174496 2.36450005
23.5625 10.4906998 1.99699998
23.5349007 10.4948997 2.34010005
23.4433994 10.4651003 2.49699998
23.5188999 10.6775999 0.966899991
23.513567 10.6964331 1.07206666
23.5550003 10.6387997 1.85839999
23.5405502 10.8615999 1.0536499
23.5070992 10.8444996 1.90480006
23.5604992 11.0517998 1.07729995
23.5899506 11.3017998 1.07305002
23.5191994 11.5604 1.27160001
23.5669003 11.7685003 1.38610005
23.5361996 11.7178497 1.41194999
23.4524498 11.8992004 1.31875002
23.5270004 11.8256502 1.41349995
23.4109001 12.3547001 1.67680001
23.6735992 0.0181000009 -1.26549995
23.6753006 0.259066671 -1.24580002
23.728466 0.55976671 -1.24876666
23.7215805 0.715839982 -1.27538002
23.6173 0.946200013 -1.28760004
23.6993008 1.02139997 -1.273
23.6625996 1.30824995 -1.2885499
23.7345009 1.4289 -1.31410003
23.7189999 1.79550004 -1.29229999
23.7145004 1.8829 -1.32206666
23.7691498 2.08165002 -1.32169998
23.7577 2.37069988 -1.34959996
23.6030998 2.89470005 -1.37609994
23.6630993 3.10660005 -1.38569999
23.679451 3.27085018 -1.38814998
23.7828007 3.49900007 -1.42320001
23.7457008 3.47110009 -1.3786
23.7675495 3.93595004 -1.42604995
23.7045002 4.19519997 -1.41910005
23.7996006 4.42140007 -1.45130002
23.7572994 4.73719978 -1.46379995
23.7537251 4.86417484 -1.4835
23.6271992 5.06570005 -1.49160004
23.6287003 5.44890022 -1.43449998
23.7404995 5.64050007 -1.53260005
23.6641998 6.16209984 4.11310005
23.7325993 6.37779999 -1.49810004
23.7367992 6.3664999 0.779200017
23.6120491 6.31659985 4.05095005
23.7211494 6.54339981 -1.42575002
23.7224674 6.52670002 -1.31483328
23.7307606 6.48831987 -1.07179999
23.6952744 6.55902481 -0.885399997
23.7873001 6.57359982 -0.726599991
23.7205009 6.40299988 0.824899971
23.6327 6.72920036 -1.42435002
23.6282997 6.71740007 -1.36570001
23.6595993 6.6637001 -0.761300027
23.77915 6.73690033 -0.435599983
23.7709999 6.7588501 -0.32159999
23.6023006 6.76119995 -0.178000003
23.6194992 6.78719997 0.119900003
23.6996994 6.77869987 0.307666659
23.7057495 6.73365021 0.562950015
23.7362328 6.67696667 0.66170001
23.6802998 6.70800018 2.49469995
23.7122993 6.7887001 2.61660004
23.6791 6.78289986 3.18129992
23.6593666 6.75263309 3.2760334
23.7796001 6.70050001 3.41639996
23.6637325 6.72501659 4.06974983
23.7845993 6.80410004 0.160799995
23.7110672 6.85273314 0.50333333
23.6392994 6.80429983 0.609899998
23.7272663 6.90369987 2.28723335
23.7195511 6.92889977 2.47147512
23.6305008 6.83109999 2.89680004
23.7257996 6.88399982 3.17549992
23.7786999 6.90959978 3.33766675
23.6636562 6.88228559 3.50247145
23.6423492 6.94884968 3.64295006
23.7138748 6.90287495 3.92002487
23.6726665 6.85403347 4.05649996
23.7471657 7.07753325 0.542266667
23.6403999 7.1894002 2.10870004
23.6678143 7.11697149 2.29484296
23.6077003 7.09100008 2.49499989
23.7737999 7.07159996 2.71070004
23.6525993 7.09509993 2.9374001
23.726799 7.01959991 3.33370018
23.6972008 7.08080006 3.67370009
23.6903992 7.09531689 3.92604995
23.6693001 7.38999987 2.1961
23.7828007 7.26130009 2.49720001
23.7455997 7.39190006 2.69339991
23.6945496 7.2814002 3.89680004
23.6196995 7.22700024 4.00029993
23.7187004 7.45030022 2.60369992
23.6592999 7.57345009 3.36014986
23.7759991 7.42670012 3.796
23.6096992 7.44840002 3.99640012
23.6639004 7.59499979 5.15339994
23.7031326 7.72580004 2.57119989
23.7124996 7.64120007 2.67700005
23.6609993 7.71990013 2.84319997
23.7943001 7.6230998 3.02060008
23.6261997 7.75829983 4.99560022
23.6564999 7.84474993 2.52614999
23.6142998 8.14859962 2.18370008
23.7632999 8.13654995 2.25922513
23.6982002 8.03470039 3.81960011
23.7796001 8.22270012 2.3671999
23.7663994 8.22259998 3.61190009
23.7054996 8.46514988 1.90525007
23.7408009 8.42300034 2.30859995
23.6187992 9.1935997 2.77530003
23.6674004 9.16180038 3.65400004
23.6011009 9.35270023 1.99749994
23.6708508 9.36644936 2.08930016
23.7251205 9.33613968 2.31365991
23.6412506 9.28674984 2.48525
23.6569004 9.23939991 2.62249994
23.6966 9.25969982 2.8125
23.6949501 9.47559929 2.07780004
23.6243 9.42870045 2.29909992
23.6509991 9.40060043 2.56069994
23.7296009 9.54129982 3.41129994
23.7943001 9.41779995 5.16620016
23.7381001 9.71399975 1.99899995
23.7318001 9.65684986 2.08405018
23.6254005 9.62730026 2.28430009
23.7698994 9.81099987 2.08389997
23.6285 9.93350029 3.44980001
23.7629662 10.0743666 1.9616667
23.7042999 10.0646 2.09759998
23.7033005 10.0645504 2.26170015
23.6707993 10.1140003 3.23629999
23.6893005 10.1269999 3.50300002
23.6652489 10.2796001 1.89934993
23.7842007 10.5553999 1.76440001
23.7129345 10.5189333 1.88026667
23.6683998 10.5426998 2.0072
23.6886005 10.6681004 0.924199998
23.7409515 10.7084999 1.7578001
23.6755009 10.6337996 1.96739995
23.6959991 10.8806 1.12810004
23.6937008 10.8730001 1.71150005
23.7483997 11.0237999 0.977800012
23.6047993 11.0709 1.08210003
23.7917995 11.2702999 0.59740001
23.7000999 11.3053503 0.932299972
23.7448006 11.3221998 1.75240004
23.7476997 11.4581003 0.755100012
23.7322006 11.4031 0.915000021
23.6382008 11.4559002 1.16429996
23.6954994 11.4614 1.62349999
23.7684002 11.6837997 1.11819994
23.6589508 11.7376995 1.3204
23.6531487 11.6417007 1.48035002
23.6573009 12.0698996 1.52960002
23.8841991 0.293000013 -1.28600001
23.9528999 0.729349971 -1.28935003
23.9117012 0.91505003 -1.25999999
23.9646988 1.07770002 -1.32155001
23.9043331 1.27180004 -1.29973328
23.9291 1.51835001 -1.30690002
23.9070511 1.91919994 -1.34109998
23.8159008 2.19320011 -1.39269996
23.8169994 2.38080001 -1.38110006
23.9617996 2.82334995 -1.38089991
23.8379993 3.0302 -1.40400004
23.9969997 3.34599996 -1.41919994
23.8127995 3.25359988 -1.38989997
23.8549995 3.54189992 -1.40349996
23.9214001 3.51850009 -1.3994
23.8799 3.75974989 -1.45025003
23.9085503 3.81535006 -1.43065
23.8034992 4.08589983 -1.45179999
23.9731007 4.329 -1.47570002
23.8745995 4.51550007 -1.49290001
23.8407497 4.63475037 -1.47640002
23.8764992 4.88325024 -1.49344993
23.8483009 5.06839991 -1.50240004
23.8677006 5.38250017 -1.48989999
23.9115009 5.49720001 -1.52763331
23.9426498 5.71444988 -1.55334997
23.8386002 5.90829992 -1.51520002
23.8572006 6.31290007 -1.55466676
23.8547001 6.37629986 -0.978200018
23.9654007 6.29309988 4.80620003
23.9069004 6.43170023 -1.22689998
23.8916245 6.50559998 -1.11265004
23.8968678 6.51976681 -0.933300018
23.9610004 6.47469997 0.593500018
23.8679008 6.55060005 0.658200026
23.8524246 6.70562506 -1.38312507
23.9458008 6.62919998 -0.860800028
23.8554211 6.71537971 -0.679480016
23.9293499 6.76615 -0.544149995
23.8852005 6.78534985 -0.35860002
23.841301 6.75969982 -0.0943499953
23.9113998 6.77140045 0.0943499953
23.8644981 6.78499985 0.367850006
23.9445992 6.71243334 0.531700015
23.8679008 6.75250006 0.685599983
23.8796997 6.74044991 2.33850002
23.8719597 6.76274014 2.50045991
23.9228992 6.72900009 2.6013999
23.8104992 6.7802 3.23230004
23.8124008 6.79300022 3.48779988
23.8745499 6.73175001 4.09375
23.8323002 6.82530022 0.1153
23.8959503 6.85604954 0.31795001
23.9394989 6.82460022 0.538599968
23.8687992 6.93289995 2.17759991
23.8744659 6.90595007 2.29423332
23.8792343 6.88588333 2.48001671
23.9186802 6.90821981 2.70190001
23.8787498 6.96135044 2.87884998
23.9073486 6.85404968 3.34719992
23.930933 6.91663361 3.47720003
23.9332008 6.92369986 3.94740009
23.872551 6.87363338 4.04336643
23.8908005 7.07734966 2.51279998
23.8794746 7.06734991 2.75449991
23.9843998 7.16149998 2.80320001
23.9573002 7.06349993 3.06559992
23.8433495 7.08477497 3.33617496
23.9204006 7.11210012 3.41759992
23.927 7.11915016 3.74954987
23.8893147 7.07962847 3.88820004
23.8453007 7.30509996 2.74460006
23.9308014 7.34000015 2.84529996
23.9073009 7.20779991 3.51270008
23.8281994 7.25869989 3.81839991
23.9964008 7.47359991 3.02160001
23.9207993 7.71899986 2.95254993
23.9123993 7.7098999 3.57730007
23.9459991 7.71490002 3.67269993
23.8687496 7.92459965 2.54229999
23.8143005 7.80609989 3.47390008
23.9354 8.13504982 2.5092001
23.9958992 8.00940037 3.69589996
23.9664669 8.33906651 2.35086679
23.9092007 8.44970036 2.21499991
23.9762001 8.57419968 5.19129992
23.8656006 8.66049957 5.05049992
23.8201008 8.84080029 3.66639996
23.9006996 9.16720009 3.06049991
23.8947392 9.33672047 2.48917985
23.9027004 9.26972485 2.68707514
23.8997993 9.32660007 3.67810011
23.8638992 9.44729996 2.16680002
23.8309002 9.47865009 2.27725005
23.9789009 9.44489956 2.4770999
23.9416008 9.48180008 3.60829997
23.8612003 9.74110031 1.84800005
23.9202499 9.66959953 2.14984989
23.8188992 9.90030003 1.88769996
23.8858395 9.8801403 2.07252002
23.8771 10.0228996 2.15459991
23.8495998 10.1048002 3.35630012
23.9319 10.0726004 3.59980011
23.8448009 10.3622999 1.94410002
23.8956661 10.3309002 2.05526662
23.8849506 10.4799004 1.89365005
23.9396992 10.6729002 1.57640004
23.9369507 10.6928501 1.77464998
23.9533005 10.9403 1.29999995
23.9386005 10.9455996 1.65320003
23.8775501 11.1365499 0.954450011
23.8078995 11.0885 1.38450003
23.8910007 11.1759005 1.65419996
23.9071007 11.3515491 0.740749955
23.924099 11.2926006 0.904899955
23.8465004 11.2425003 1.74049997
23.9592991 11.3316002 1.88209999
23.8281994 11.4890003 0.781000018
23.9411011 11.50665 1.23909998
23.9179993 11.5386496 1.53625
23.9447994 11.5878 1.60800004
23.8414993 11.4885998 4.08160019
23.9048996 11.7292995 0.749800026
23.8370991 11.6409998 0.864600003
23.8708 11.7223501 1.28744996
23.9109001 11.7313995 1.41700006
23.9857998 11.6085997 3.7578001
24.059166 0.280266672 -1.26376665
24.0585003 0.490200013 -1.27250004
24.0939999 0.67019999 -1.29589999
24.1168499 0.85679996 -1.27769995
24.0432339 1.4533 -1.31350005
24.1594009 1.70899999 -1.30320001
24.0929489 1.926 -1.3440001
24.0021 2.01810002 -1.3448
24.1050987 2.35325003 -1.35364997
24.0704994 2.41855001 -1.35905004
24.1560001 2.70844984 -1.38039994
24.1303997 2.97429991 -1.40170002
24.0710487 2.81640005 -1.37765002
24.1276016 3.31454992 -1.41729999
24.0063 3.41219997 -1.42649996
24.0326996 3.61369991 -1.42589998
24.1520004 3.89350009 -1.45609999
24.0370998 4.3684001 -1.47759998
24.0490494 4.46175003 -1.47915006
24.1264992 5.40490007 -1.53709996
24.1327 5.94490004 -1.59399998
24.1624489 6.07614994 -1.55495
24.0709991 6.18050003 4.74429989
24.1212997 6.13539982 4.90549994
24.0708332 6.35710001 -1.53670001
24.1429005 6.38269997 -1.39590001
24.1560993 6.34980011 0.748399973
24.073 6.28730011 0.800100029
24.1082497 6.3583498 4.55095005
24.1212006 6.26473999 4.74130011
24.1328335 6.27143335 4.88360023
24.1502991 6.55424976 -1.45775008
24.156826 6.56725025 -1.28334999
24.1145802 6.48506021 -1.10503995
24.0967751 6.52810001 -0.918025017
24.062851 6.45914984 0.735300004
24.1058006 6.55609989 2.78979993
24.1776009 6.41650009 4.6795001
24.1438999 6.49849987 4.98740005
24.1160011 6.70059967 -1.43204999
24.1392994 6.71780014 -1.39129996
24.0616665 6.6722002 -0.859566689
24.0946293 6.72114277 -0.711700022
24.0803661 6.73316669 -0.481399983
24.1714001 6.72660017 -0.0643000007
24.0838661 6.77839994 0.0681666657
24.0980988 6.78329992 0.227699995
24.0728245 6.75627518 0.514149964
24.0533333 6.66656637 0.664033294
24.0693493 6.76105022 2.74342489
24.111599 6.66254997 2.81430006
24.1422672 6.68813324 3.48780012
24.1277008 6.66365004 3.67694998
24.0261993 6.7730999 3.98060012
24.1427002 6.74779987 4.0694499
24.1993999 6.66039991 4.72139978
24.0167007 6.80569983 -0.160099998
24.0583992 6.83239985 0.191300005
24.1288986 6.88024998 0.36469999
24.0324497 6.89219999 0.516049981
24.0391006 6.97959995 2.38860011
24.0722752 6.84864998 2.69845009
24.1505241 6.90915012 2.86422491
24.0746002 6.90680027 3.36290002
24.1093674 6.91720009 3.48236656
24.0615997 6.9066 3.68829989
24.0996437 6.8980999 3.92651439
24.1294003 6.97520018 4.01609993
24.0881004 7.07859993 0.4745
24.0301991 7.01929998 2.26869988
24.1039505 7.04202509 2.54367495
24.1715508 7.12730026 2.73285007
24.0020008 7.15880013 2.98259997
24.0841999 7.04834986 3.12279987
24.0915604 7.08308029 3.33646011
24.0569992 7.08304977 3.70694995
24.1223564 7.10024309 3.92111421
24.0634003 7.09800005 4.00279999
24.1354008 7.27790022 2.4770999
24.0170002 7.29519987 2.72350001
24.0601501 7.33975029 3.07805014
24.1357994 7.33120012 3.5165
24.1000996 7.21810007 3.76559997
24.0492992 7.50199986 2.88790011
24.0674992 7.43249989 3.11400008
24.0743999 7.94890022 2.69919991
24.1091003 8.17240047 3.83330011
24.0734997 8.31620026 2.38140011
24.0704002 8.25370026 2.49655008
24.1749001 8.25969982 2.62260008
24.1788006 8.39630032 3.59310007
24.1323795 8.53314018 5.93268013
24.1322002 8.52414989 6.03539991
24.1947002 8.46210003 6.27029991
24.1469498 8.65540028 5.69114971
24.0823994 8.8125 3.8289001
24.1563492 9.17794991 2.8987999
24.1581001 9.18389988 3.72259998
24.0583992 9.32460022 2.53340006
24.0977993 9.2876997 2.73670006
24.0307999 9.2105999 2.81620002
24.0515995 9.29189968 3.6730001
24.081501 9.52729988 2.16044998
24.0530758 9.49812508 2.30154991
24.1624489 9.47940063 2.46339989
24.014801 9.51924992 3.56034994
24.0590992 9.60900021 2.19740009
24.0282001 9.65929985 2.25309992
24.1544991 9.91409969 2.26999998
24.1128998 10.0107002 0.873199999
24.1179199 10.1210203 2.09879994
24.1420002 10.0250998 2.25530005
24.1255989 10.2800999 1.97483337
24.0109997 10.2667999 2.05299997
24.0541992 10.2074003 3.68639994
24.0877666 10.4937334 1.85406661
24.0408001 10.7580004 1.51409996
24.1119995 10.7290993 1.72064996
24.0946007 10.9882002 1.54229999
24.0599995 11.1812 0.578000009
24.1263008 11.3102331 1.47809994
24.1313992 11.2706003 4.01679993
24.1399002 11.5047998 0.868300021
24.0699005 11.4974003 1.42610002
24.1497002 11.6057997 1.45200002
24.2862663 0.312416673 -1.26666665
24.2168999 0.413800001 -1.24450004
24.3675995 0.845649958 -1.29804993
24.28685 1.04369998 -1.30065
24.331501 1.3513 -1.31379998
24.3172741 1.49549997 -1.31524992
24.2588997 1.70140004 -1.30780005
24.3275661 1.88746667 -1.33303332
24.3074989 2.05940008 -1.35354996
24.2829342 2.34833336 -1.35836661
24.3610001 2.77329993 -1.36870003
24.2366009 2.92790008 -1.40859997
24.3272324 2.87086678 -1.3824333
24.2210007 3.02749991 -1.41279995
24.3337002 3.37290001 -1.39970005
24.2989006 3.54080009 -1.44719994
24.3430996 3.94519997 -1.47309995
24.3325996 4.0309 -1.44700003
24.3698502 4.27604961 -1.48959994
24.2168007 4.61089993 -1.49399996
24.3610001 5.11929989 -1.5589
24.3965988 5.72389984 -1.54154992
24.3019009 5.98519993 4.9770999
24.2518005 6.11795044 4.73390007
24.2898808 6.10833979 4.87209988
24.2304993 6.07189989 5.09649992
24.3202 6.36469984 -1.48810005
24.3512001 6.35410023 -0.898400009
24.2968006 6.34560013 0.774450004
24.2911339 6.36143351 4.57069969
24.2810192 6.29847288 4.70441818
24.2485504 6.25099993 4.86089993
24.2680511 6.46784973 -1.50975001
24.2178001 6.50169992 -1.38320005
24.3008194 6.4963603 -1.08197999
24.3213196 6.53936005 -0.90012002
24.2359009 6.57910013 0.58099997
24.2611008 6.57770014 3.5855
24.3374996 6.45170021 4.58949995
24.3039989 6.45599985 4.70283985
24.3020992 6.57849979 4.99389982
24.3540993 6.6104002 -1.42639995
24.3125343 6.66483355 -1.29213333
24.2945995 6.71880007 -1.19640005
24.2931004 6.68924999 -0.887974977
24.3373852 6.70172882 -0.713157117
24.2855492 6.73813343 -0.493349999
24.3531208 6.74452019 -0.286020011
24.3084507 6.75438309 -0.105399996
24.3362503 6.76894999 0.101300001
24.34725 6.74705029 0.300399989
24.2194996 6.73199987 0.586300015
24.2558002 6.75680017 2.70079994
24.3083763 6.75514984 2.92562485
24.3493996 6.79879999 3.00099993
24.2947006 6.7262001 3.32189989
24.2894249 6.73108768 3.4612
24.2031994 6.74350023 3.60430002
24.2635002 6.72650003 3.98390007
24.3125992 6.68380022 4.0848999
24.3660011 6.70184994 4.56264973
24.3631001 6.65583324 4.69269991
24.3796005 6.71595001 4.91079998
24.2936497 6.80844975 -0.50485003
24.2827492 6.81355 -0.259350002
24.2947998 6.84000015 0.11705
24.2068996 6.87179995 0.258899987
24.3118839 6.88713312 0.48026669
24.3272171 6.92390013 2.89611673
24.2975655 6.88318348 3.05454993
24.3160248 6.91837502 3.33092499
24.2035007 6.85769987 3.56649995
24.2777996 6.85960007 3.79550004
24.2737999 6.85389996 3.80439997
24.2733002 6.89359999 4.01809978
24.2378998 7.15439987 0.525699973
24.2921753 7.14177513 2.55057502
24.2770004 7.07946682 2.69219995
24.3141994 7.08400011 2.80360007
24.3257599 7.1016798 3.30324006
24.2318802 7.15191984 3.95661998
24.2579002 7.11409998 4.1013999
24.344799 7.32279968 2.34789991
24.3542652 7.29016685 2.48843336
24.2616501 7.26469994 2.67140007
24.3673 7.26060009 3.44840002
24.2982502 7.25442505 3.88397503
24.2341003 8.1008997 3.80240011
24.2879486 8.33034992 2.51380014
24.3340988 8.32800007 2.6171
24.3029499 8.54655075 5.72165012
24.2604008 8.57330036 5.8448
24.2467003 8.61299992 2.84929991
24.3572998 8.61530018 3.08200002
24.2516003 8.67730045 3.57909989
24.2444992 8.81040001 3.97950006
24.2558002 8.96070004 4.93945026
24.3306007 9.36520004 2.51259995
24.3405323 9.27670002 2.68569994
24.2884007 9.22469997 2.92790008
24.3243999 9.46710014 2.3914001
24.2394009 9.40750027 2.49769998
24.3337994 9.42259979 3.61680007
24.3536987 9.69874954 2.29809999
24.3064995 9.95826721 2.5315001
24.3197002 10.0783501 2.11290002
24.3139 10.0122004 3.81760001
24.2900238 10.3010006 1.92472506
24.281601 10.2004995 2.00379992
24.3086014 10.5227003 1.78985
24.3260002 10.6431999 1.81130004
24.3803997 11.1373997 1.67400002
24.3484001 11.3790998 1.29260004
24.2129002 11.2961998 1.68130004
24.3601494 11.2979507 3.92105007
24.2513008 11.4800997 1.35309994
24.2131004 11.7121 3.74029994
24.4491005 0.378500015 -1.26489997
24.5231514 0.435750008 -1.28044999
24.4440994 0.688899994 -1.28460002
24.5186329 0.93083334 -1.32019997
24.4983673 1.08303332 -1.31606662
24.5494003 1.29859996 -1.30089998
24.5196991 1.50503337 -1.33220005
24.4029999 1.71329999 -1.33430004
24.5199509 1.89030004 -1.35154998
24.4741993 2.05649996 -1.35049999
24.5498009 2.26270008 -1.38849998
24.5553493 2.84560013 -1.39004993
24.5461998 3.12290001 -1.41460001
24.5347996 3.32979989 -1.46860003
24.5972996 3.47810006 -1.39450002
24.4176998 3.69239998 -1.44070005
24.5956993 3.81690001 -1.46630001
24.4812202 4.04879999 -1.47236001
24.5757008 4.4046998 -1.51370001
24.5627995 4.71430016 -1.50845003
24.5816002 4.88969994 -1.55289996
24.4277 5.05410004 -1.546
24.4786987 5.43844986 -1.57459998
24.5335007 5.68300009 -1.59959996
24.4899998 6.08239985 4.72989988
24.4048004 6.19320011 4.85790014
24.5498505 6.35955 -1.54174995
24.4193001 6.36530018 0.775600016
24.4302998 6.25409985 4.57550001
24.4990501 6.27901649 4.7109499
24.4906006 6.27173328 4.8215003
24.5307331 6.52453327 -1.48396659
24.5374489 6.53077507 -1.24804997
24.5222282 6.51217127 -1.09238577
24.5238991 6.50842524 -0.966125011
24.5252495 6.48874998 -0.708500028
24.5146255 6.51767492 4.56041241
24.4970512 6.54590034 4.61509991
24.5695992 6.40819979 4.8888998
24.5988998 6.73710012 -1.41789997
24.534132 6.65866661 -1.30870008
24.4051991 6.63789988 -1.10609996
24.4758797 6.71706009 -0.695980012
24.5172405 6.7358799 -0.518339992
24.5247002 6.73725033 -0.265350014
24.4878006 6.75010014 -0.0107000005
24.4946003 6.73775005 0.0226499997
24.4286003 6.77085018 0.298749983
24.5456676 6.7482667 0.519866645
24.5223007 6.76315022 0.633100033
24.5228996 6.74770021 3.15849996
24.5184002 6.75526667 3.33426666
24.4884205 6.72450018 3.45016003
24.5606499 6.70419979 4.0553503
24.5188007 6.77769995 4.29049969
24.5426998 6.70932484 4.53117514
24.4454002 6.81020021 -0.525399983
24.4500999 6.84009981 -0.320199996
24.4641342 6.81236649 -0.073466666
24.4489994 6.80849981 0.189500004
24.5279331 6.82946682 0.272666663
24.4778252 6.88292503 0.51850003
24.4883995 6.91464996 2.76300001
24.4740334 6.92806673 2.93443346
24.525425 6.89772511 3.08260012
24.523201 6.86278343 3.29261661
24.4360504 6.97315025 3.48950005
24.4008999 6.96710014 4.12209988
24.4743004 6.86240005 4.28550005
24.5652008 6.83552504 4.48005009
24.4487 7.11189985 2.70770001
24.4113998 7.15920019 3.1954999
24.483633 7.09396696 3.32259989
24.4934998 7.06010008 4.39359999
24.4866791 7.02396011 4.53225994
24.5091667 7.29406643 2.33903337
24.5208492 7.29519987 2.47212505
24.5553665 7.2845664 2.70490003
24.4263992 7.26370001 2.93420005
24.4996662 7.24020004 3.28013325
24.5802994 7.27900028 4.36779976
24.469101 7.37230015 4.43760014
24.4979 7.41629982 2.7256999
24.5727005 7.48360014 4.1855998
24.4577999 7.52159977 4.2263999
24.5538998 7.73460007 2.91070008
24.5471001 8.03409958 2.93670011
24.5177002 8.17959976 3.79329991
24.5300999 8.27299976 2.66846657
24.4547997 8.33230019 3.84500003
24.5184994 8.45489979 2.97469997
24.4834003 8.51920033 3.59770012
24.4190998 8.43540001 3.66529989
24.5002995 8.54510021 5.66260004
24.4002991 8.52690029 5.80039978
24.4423008 8.66289997 3.03209996
24.4447002 8.80990028 3.81890011
24.4333992 8.95154953 5.10830021
24.5021992 8.98519993 5.31769991
24.5849991 9.17580032 2.56570005
24.452549 9.19955063 2.72694993
24.4615002 9.04469967 3.85669994
24.5459995 9.01080036 5.20090008
24.5272999 9.35477448 2.53542495
24.4951 9.29139996 2.69361997
24.5356808 9.49864006 2.32784009
24.4848003 9.43540001 2.44720006
24.4108009 9.42010021 3.97720003
24.4456005 9.76480007 2.17849994
24.4237995 9.73340034 2.29220009
24.5049 9.80140018 2.20619988
24.4627991 9.98740005 2.54099989
24.4715996 9.93369961 3.9282999
24.5200005 10.1813507 1.9382
24.5091 10.1627998 2.03635001
24.5189991 10.1880999 2.48709989
24.4584332 10.3250666 1.9066
24.5555992 10.2982998 2.38050008
24.4699001 10.3902998 4.30569983
24.4843502 10.4630756 1.86919999
24.5823002 10.4946003 3.7974
24.5881004 10.6110001 3.9145
24.5270996 10.9688997 0.532599986
24.5004997 10.9979 0.630999982
24.5361996 10.8423004 1.63259995
24.5727997 11.0095997 1.53840005
24.4895992 11.0025997 1.64129996
24.5363007 11.3841 0.670700014
24.5196495 11.3639002 1.10189998
24.5128498 11.33885 3.76244998
24.4946995 11.5543003 0.970300019
24.4097996 11.4034004 1.25380003
24.4384003 11.6379004 0.893000007
24.5070992 11.8963003 0.754400015
24.6747322 0.364333332 -1.28553331
24.7596512 0.426800013 -1.28515005
24.6921997 0.749599993 -1.2924
24.6843262 0.859274983 -1.30515003
24.7455997 1.31330001 -1.33659995
24.7259007 1.44534993 -1.33624995
24.7129498 1.88875008 -1.35804999
24.6404991 2.11129999 -1.35855007
24.7381001 2.32959986 -1.38555002
24.6574993 2.42339993 -1.39419997
24.7441998 2.62599993 -1.4059
24.7192993 2.97530007 -1.40530002
24.7010994 3.48889995 -1.43200004
24.6904488 3.64785004 -1.45114994
24.6376991 3.90790009 -1.45570004
24.7138004 4.05679989 -1.48810005
24.6837997 4.38409996 -1.44990003
24.7959003 4.42030001 -1.47060001
24.7429008 4.90390015 -1.50994992
24.6194 5.02299976 -1.50989997
24.6641006 5.31599998 -1.57539999
24.7744007 5.41289997 -1.55970001
24.7996006 5.98339987 4.72489977
24.7860489 5.95289993 4.86215019
24.6147003 6.08249998 -1.60450006
24.7079506 6.08267498 4.74122524
24.7514992 6.12473345 4.91863346
24.6422997 6.33879995 -1.5613333
24.7239494 6.29899979 -0.90745002
24.7152596 6.33867979 0.756959975
24.7371006 6.27269983 0.878499985
24.6266003 6.38049984 4.55929995
24.7085247 6.27845001 4.64227486
24.6959667 6.51030016 -1.47466671
24.6912994 6.47917509 -1.33334994
24.7146664 6.48683357 -1.09853339
24.6695004 6.52703333 -0.715300024
24.7092495 6.4776001 0.735199988
24.6198997 6.57590008 4.55410004
24.6216507 6.46969986 4.62039995
24.6518669 6.69223309 -1.43686664
24.6604328 6.69006681 -1.32930005
24.6597996 6.72219992 -0.918299973
24.6763802 6.72060013 -0.527819991
24.7369003 6.74429989 -0.114566661
24.6815758 6.76672506 0.162725002
24.7667503 6.67684984 0.330550015
24.6741333 6.69393349 0.53670001
24.7098007 6.64069986 0.668099999
24.7016277 6.73192835 3.32949996
24.6856003 6.69316006 3.48210001
24.6264992 6.7881999 3.98979998
24.6778278 6.68174267 4.47678566
24.7493992 6.66419983 4.71560001
24.7296505 6.83170033 -1.33905005
24.6688995 6.84000015 -0.1391
24.726366 6.86079979 0.34466666
24.6770496 6.86159992 3.07360005
24.6961002 6.86791992 3.2785399
24.7422333 6.85640001 4.30499983
24.6891003 6.91368008 4.42695999
24.6431503 7.11234999 0.524999976
24.6287003 7.18009996 2.67459989
24.6325989 7.10745001 2.90929985
24.6649246 7.09602499 3.14382505
24.72435 7.1173501 4.3519001
24.6363659 7.24466658 2.5072
24.6138 7.30380011 2.66499996
24.7173996 7.29899979 3.16470003
24.7978001 7.27299976 3.31500006
24.7926006 7.26929998 3.91359997
24.7107563 7.33949995 4.30835724
24.6702003 7.24310017 4.41790009
24.6791 7.45359993 2.47350001
24.7826004 7.4296999 3.97370005
24.6749001 7.40380001 4.13920021
24.7152996 7.77199984 3.24860001
24.6548004 7.77589989 3.47099996
24.6392994 7.67129993 4.2658
24.6984997 7.98250008 2.97530007
24.6825008 7.87639999 3.0948
24.6768246 8.29977512 2.68097496
24.6788998 8.39869976 2.80049992
24.7115002 8.31700039 3.76090002
24.7182007 8.39820004 4.71519995
24.7492008 8.49750042 2.99469995
24.6998501 8.58264923 5.53565025
24.7357998 8.43470001 5.73114967
24.7693996 8.63510036 5.45559978
24.7600994 8.9623003 2.66239977
24.7316513 8.9116497 2.86829996
24.6697998 9.14293385 2.55909991
24.6119995 9.04220009 5.07569981
24.6917992 9.35490036 -0.853799999
24.7238007 9.25767517 2.48042488
24.7698669 9.49386692 2.26646662
24.6616001 9.4307003 2.40919995
24.7642002 9.66240025 2.13549995
24.7332001 9.91380024 1.04059994
24.7908001 9.97739983 2.35450006
24.7610512 9.95014954 2.7033999
24.7219753 10.1335497 1.87572503
24.6606007 10.1532001 2.01590014
24.78055 10.0623503 2.55634999
24.6455002 10.0778999 2.63899994
24.6993675 10.3500338 1.71086669
24.7613487 10.3302498 1.9174
24.6966 10.3053503 2.14275002
24.7204514 10.2726002 2.28569984
24.7074509 10.526 1.75285006
24.7231998 10.4361 2.08249998
24.6271992 10.4546003 2.33249998
24.7947006 10.7665997 0.841899991
24.7108498 10.9885502 1.52199996
24.7385006 11.1113997 0.678300023
24.7166004 11.1633997 0.816200018
24.7063999 11.1499004 1.08940005
24.7954998 11.0649004 1.2723
24.6517487 11.2508507 0.630100012
24.6320496 11.3401499 0.880299985
24.7530003 11.2747002 1.13100004
24.7251339 11.3465338 1.32679999
24.7702999 11.2138004 1.5424
24.7329998 11.3598003 1.64450002
24.6266003 11.3041 3.05410004
24.6834011 11.2828331 3.76143336
24.7012005 11.5736504 0.87135005
24.6375008 11.7479 0.799499989
24.6884003 11.9377003 0.669399977
24.7294998 11.8845997 0.812099993
24.8845005 0.325599998 -1.29733336
24.8771 0.414900005 -1.29489994
24.8906498 0.612949967 -1.29925001
24.8429337 0.931166649 -1.31043327
24.8943005 1.12565005 -1.33515
24.8855743 1.32064998 -1.33585
24.9057999 1.42470002 -1.34473336
24.8801327 1.92473328 -1.36433327
24.8521004 2.04694986 -1.36570001
24.8376007 2.36969995 -1.40919995
24.9990005 2.25810003 -1.39479995
24.8430996 2.4447999 -1.40139997
24.8605995 2.7822001 -1.40579998
24.8099518 2.89239979 -1.42515004
24.9649506 3.12454987 -1.45574999
24.9750996 3.65739989 -1.47920001
24.8255997 4.04920006 -1.49559999
24.8934498 4.7105999 -1.50475001
24.9405003 4.85960007 -1.53670001
24.9768009 5.13219976 -1.53139997
24.9445992 5.34119987 -1.53789997
24.9374504 5.98200035 4.71269989
24.8743992 5.9538002 4.81020021
24.9582996 6.06610012 -1.60450006
24.8650837 6.11269999 4.69693327
24.8041 6.08220005 4.85330009
24.8687992 6.29173994 -1.55035996
24.9703999 6.32240009 0.730300009
24.8750992 6.30369997 0.851599991
24.9111004 6.3427 4.55532503
24.9042664 6.2560997 4.62846661
24.9113503 6.49959993 -1.44994998
24.9041004 6.5328002 -1.27970004
24.8827515 6.48985004 -1.13345003
24.8978004 6.48824024 0.705179989
24.8883991 6.50209999 3.44370008
24.9244995 6.5057497 4.35690022
24.9214001 6.50402498 4.48869991
24.9417992 6.43520021 4.72289991
24.9503994 6.73815012 -1.48705006
24.9426994 6.68149996 -0.905050039
24.8792 6.65700006 -0.731100023
24.8635006 6.77509975 -0.519199967
24.8982334 6.74743319 -0.281016678
24.9528999 6.74259996 -0.0604000017
24.8459015 6.77909994 0.169750005
24.8723488 6.76634979 0.259000003
24.8083 6.67875004 0.567099988
24.9006672 6.71763325 0.624433339
24.8791504 6.7107501 3.14662504
24.8101006 6.70069981 3.39310002
24.9141006 6.71115017 3.52294993
24.9035397 6.70370007 3.63233995
24.9983006 6.62330008 3.86479998
24.8701 6.77489996 4.0717001
24.9003506 6.70930004 4.46899986
24.8078995 6.80079985 -0.169100001
24.8787994 6.82019997 0.144149989
24.8605003 6.82320023 0.321999997
24.9298992 6.87869978 0.474099994
24.9929008 6.91620016 3.12969995
24.980566 6.90100002 3.25636673
24.9573994 6.81050014 3.53110003
24.8994503 6.82439995 3.67805004
24.9020576 6.88742828 4.36007166
24.9057503 7.10179996 0.528800011
24.8944511 7.13705015 4.35010004
24.9120483 7.28874969 3.92779994
24.9033337 7.35300016 4.10816669
24.8889008 7.26548004 4.23038006
24.9969997 7.49230003 3.19099998
24.8309994 7.53509998 3.32509995
24.8756504 7.40910006 4.12115002
24.9246502 7.66205025 3.13960004
24.9557495 7.63644981 3.31110001
24.9713001 8.00870037 1.26250005
24.941534 8.07870007 1.47293329
24.9668007 8.01130009 1.63800001
24.9822006 8.16919994 1.93589997
24.8467255 8.10042477 3.10220003
24.9694996 8.3217001 1.24530005
24.9493999 8.24085045 1.7586
24.9542999 8.30819988 2.14240003
24.8087006 8.27040005 2.94840002
24.8868008 8.27350044 3.02150011
24.9997005 8.29819965 3.2671001
24.9648514 8.34854984 5.58259964
24.8983002 8.34130001 5.75199986
24.9574013 8.49485016 2.77469993
24.8626995 8.51140022 5.42689991
24.8258991 8.40200043 5.7743001
24.953661 8.76723957 2.71293998
24.8372002 8.77400017 4.09320021
24.8740997 8.65139961 5.46290016
24.8521996 8.99349976 2.51729989
24.8761997 8.86944962 2.72529984
24.9078999 9.38379955 2.1802001
24.8917007 9.38660049 2.22905016
24.8057995 9.30729961 2.46210003
24.8682995 9.5717001 1.93040001
24.9098511 9.53285027 2.07345009
24.8278999 9.44639969 2.31439996
24.8964996 9.7510004 1.33249998
24.993 9.76879978 1.8398
24.8663998 9.79969978 2.71499991
24.9633007 9.87240028 1.61570001
24.9048004 9.99300003 2.18700004
24.9122505 9.93009949 2.31084991
24.8692341 9.9702673 2.56813335
24.9860001 9.84230042 2.77679992
24.8376007 9.88070011 3.6415
24.8230991 10.066 1.78600001
24.8563004 10.0658998 1.95039999
24.8764 10.0820999 2.16950011
24.9946003 10.3848 2.38540006
24.9480991 10.3360004 4.33790016
24.8962994 10.5918999 1.61819994
24.9705009 10.5038996 4.02619982
24.9803009 10.6671505 2.29060006
24.8677006 10.9924002 1.54079998
24.8213997 10.8663998 1.80719995
24.8083992 11.1492996 0.627900004
24.8929996 11.1796999 1.06529999
24.8959999 11.0414 1.44710004
24.9267998 11.2762003 0.685000002
24.9606991 11.3241997 1.08229995
24.8216991 11.2335997 1.2421
24.8847656 11.6775665 0.928333342
24.9564991 11.9300003 0.822000027
25.0801334 0.333000004 -1.29929996
25.1289005 0.405800015 -1.29649997
25.1280994 0.770550013 -1.31819999
25.1371498 0.964550018 -1.32099998
25.0352993 1.24679995 -1.33870006
25.0592995 1.40219998 -1.35189998
25.1583996 1.76670003 -1.35720003
25.0872746 1.88182497 -1.36867499
25.1646004 2.25575018 -1.40965009
25.0331001 2.40240002 -1.38950002
25.0898991 2.79080009 -1.42550004
25.0832005 3.35489988 -1.46564996
25.1050491 3.44759989 -1.45280004
25.1149006 3.7493999 -1.49699998
25.083149 3.95694995 -1.4892
25.1889992 4.29589987 -1.52680004
25.0513992 4.42729998 -1.51310003
25.1025009 4.69215012 -1.53690004
25.0711002 5.01704979 -1.55014992
25.1179008 5.20620012 -1.54799998
25.0655003 5.50699997 -1.56274998
25.1317997 5.71640015 4.72496653
25.1772995 5.71229982 4.81570005
25.1397991 5.61709976 5.12459993
25.1903 5.91650009 4.48290014
25.1453781 5.88223362 4.69622231
25.0955009 5.84350014 5.06540012
25 6.09730005 -1.56799996
25.1088657 6.10783339 4.53136683
25.1083794 6.0707798 4.66858006
25.0368004 6.11310005 4.80740023
25.1639996 6.34784985 -1.56789994
25.0699997 6.36049986 0.750699997
25.0410004 6.32980013 0.845499992
25.0694504 6.38730001 4.36199999
25.1120338 6.28698349 4.50236654
25.064949 6.44252491 -1.45787501
25.1383667 6.47166681 -1.27446663
25.14645 6.52617502 -1.08992505
25.1790009 6.50535011 -0.90534997
25.0244007 6.47790003 0.638000011
25.1771507 6.58260012 3.65184999
25.1331005 6.50594997 4.25300026
25.0656834 6.49261665 4.47170019
25.0799484 6.71665001 -1.43720007
25.0714493 6.6791501 -0.943599999
25.0771008 6.7171998 -0.65836668
25.1113396 6.73263979 -0.480280012
25.1240005 6.74542522 -0.320775002
25.1049995 6.72720003 -0.0855000019
25.0442505 6.77254963 0.102150001
25.1364002 6.76329994 0.566699982
25.0585594 6.65329981 0.66802001
25.1314678 6.75299978 2.56073332
25.0832005 6.77810001 3.17190003
25.1229 6.73633337 3.35883331
25.1205997 6.67869997 3.5498333
25.0599499 6.62475014 3.65555
25.1844997 6.65506649 4.3815999
25.0739002 6.65995026 4.4857502
25.1448002 6.81379986 -0.274899989
25.1205502 6.80634975 -0.0795999989
25.1481991 6.81920004 0.309799999
25.1082993 6.82749987 0.568199992
25.1204338 6.84660006 2.47296667
25.1587486 6.87015009 3.18930006
25.1089993 6.80963326 3.29209995
25.09725 6.92965031 3.71309996
25.1102009 6.85519981 3.93390012
25.1235752 6.95284986 4.08262491
25.129425 6.90397501 4.32324982
25.0673504 6.91645002 4.41289997
25.1205997 7.15740013 0.478700012
25.0813999 7.0946002 0.604600012
25.1585007 7.15399981 3.78489995
25.084713 7.09534979 4.11018753
25.1751003 7.02939987 4.2828002
25.0932999 7.28590012 3.01495004
25.0238991 7.33230019 3.43379998
25.0337009 7.21630001 3.82579994
25.1154327 7.32336664 4.15996647
25.0911007 7.27145004 4.25384998
25.1870995 7.57310009 2.1809001
25.0610008 7.48089981 3.08185005
25.0058994 7.47590017 3.3041501
25.1245251 7.52089977 3.85925007
25.1697006 7.40950012 4.49580002
25.1567001 7.72380018 0.450300008
25.1905003 7.66970015 1.176
25.1574993 7.70389986 1.78219998
25.14925 7.72904968 2.0687499
25.1366005 7.88730001 -0.639299989
25.1382008 7.87319994 -0.28670001
25.0915489 7.89019966 0.0597499982
25.1107998 7.92390013 0.258700013
25.0784664 7.8633666 0.726199985
25.0678329 7.95646667 1.11389995
25.1150513 7.94761658 1.26496673
25.1246281 7.96762848 1.49125719
25.1250992 7.9829998 1.65034997
25.1921997 7.97510004 2.22849989
25.0561008 8.0855999 0.428200006
25.0452499 8.11039925 0.971850038
25.020174 8.09860039 1.11259997
25.0563335 8.12703323 1.23956668
25.0823002 8.08920002 1.47175002
25.1034203 8.07331944 1.69159997
25.1005135 8.09865761 1.89087141
25.1190491 8.17374992 2.08599997
25.1351337 8.17619991 2.26839995
25.1844006 8.19390011 2.44829988
25.1418991 8.18260002 2.75110006
25.0359325 8.29273319 1.51396668
25.1063995 8.34389973 1.77330005
25.0765247 8.26039982 1.92799997
25.056633 8.37020016 2.07550001
25.0545502 8.2642746 2.31340003
25.088829 8.27862835 2.48618579
25.059 8.33709908 2.91444993
25.1236496 8.32864952 3.02575016
25.0037994 8.32520008 5.5939002
25.0991001 8.27880001 5.65610027
25.0303001 8.24050045 5.94320011
25.1194992 8.41600037 2.17840004
25.0927505 8.49565029 2.24924994
25.0272999 8.44470024 2.63520002
25.0883007 8.41030025 2.99799991
25.1711006 8.40670013 3.04819989
25.1466999 8.48869991 5.45160007
25.1767998 8.7020998 2.23720002
25.0472507 8.71895027 2.66984987
25.1613007 8.61299992 2.95359993
25.0226994 8.8828001 -1.28149998
25.1958008 8.8519001 2.16300011
25.1067505 9.30259991 -0.754999995
25.1711006 9.33010006 1.94640005
25 9.45670033 1.57640004
25.0496674 9.50843334 1.70270002
25.0263004 9.51574993 1.86739993
25.1365013 9.66670036 1.89349997
25.0441513 9.68605042 2.89129996
25.0778503 9.84810066 1.83719993
25.0088005 9.99730015 2.37660003
25.1844006 9.98919964 2.59689999
25.105732 9.92589951 2.66809988
25.0779991 10.2136002 1.88450003
25.1359997 10.3725996 4.40899992
25.0688992 10.4296999 4.11240005
25.0049 10.6638002 1.57309997
25.1334 10.6535997 1.9289
25.1553001 10.7748508 3.48699999
25.1826992 10.6938 3.80579996
25.1940994 10.9617004 0.0478999987
25.0720997 10.982667 1.29633331
25.0911007 10.9355001 1.58519995
25.1341991 10.9729004 3.00270009
25.0688992 10.8543997 3.29870009
25.0741005 10.8575001 3.58520007
25.0830002 10.901 3.70790005
25.0090008 11.1253004 0.945900023
25.1446991 11.0156002 1.35350001
25.1138992 11.1279001 1.40009999
25.1737995 11.0040998 3.63190007
25.0185509 11.2868996 0.919250011
25.1392517 11.2329006 1.11774993
25.0611 11.4130001 0.986599982
25.3204002 0.268633336 -1.30253327
25.2880993 0.494399995 -1.3149333
25.2653999 0.716400027 -1.34025002
25.2946339 0.923333347 -1.3306334
25.3983994 1.13390005 -1.34710002
25.28755 1.33104992 -1.35435009
25.257 1.50489998 -1.37709999
25.2376003 1.76110005 -1.38100004
25.3717003 1.99440002 -1.38870001
25.3743992 2.00510001 -1.34959996
25.3362007 2.23920012 -1.40009999
25.2658005 2.21239996 -1.38569999
25.2621002 2.45079994 -1.41630006
25.2460327 2.8671999 -1.44349992
25.3029003 3.37080002 -1.46229994
25.3346996 3.70099998 -1.46790004
25.3181992 4.30420017 -1.51569998
25.3333511 4.5234499 -1.55200005
25.2759991 4.70959997 -1.54439998
25.3069992 4.91289997 -1.55120003
25.3379993 5.2729001 -1.58659995
25.3047009 5.50939989 -1.56634998
25.2866993 5.57610035 4.87580013
25.2744007 5.75510025 4.71154976
25.2824993 5.74170017 4.80830002
25.2817001 5.84933329 4.55513334
25.2869339 5.88636684 4.73428345
25.2213993 5.82329988 4.83249998
25.2779388 6.08920002 4.54557991
25.2464008 6.02059984 4.66730022
25.2994747 6.36140013 -1.51935005
25.3138008 6.32324982 0.773499966
25.3894005 6.33309984 0.807099998
25.3595009 6.35669994 4.18959999
25.2886848 6.30394268 4.34259987
25.2521 6.25292492 4.45994997
25.3640003 6.41970015 -1.66439998
25.2642498 6.51250029 -1.26384997
25.2957001 6.49423313 -1.13306665
25.3915997 6.50890017 -0.947600007
25.3165989 6.51569986 0.679800034
25.2028008 6.40770006 0.812300026
25.3143005 6.53609991 3.52850008
25.3279343 6.53443336 3.66286659
25.3519001 6.56750011 4.16529989
25.3177757 6.45580006 4.32544994
25.3078995 6.50930023 4.44140005
25.3086243 6.67369986 -1.46729994
25.2271004 6.60419989 -1.33759999
25.3281994 6.60480022 -1.01559997
25.3107319 6.73983335 -0.880533338
25.3144493 6.69815016 -0.711974978
25.3918991 6.73519993 -0.543200016
25.3373489 6.77880001 -0.274199992
25.3083992 6.75771999 -0.0660400018
25.3554993 6.78989983 0.057
25.2702999 6.76223326 0.280233324
25.3583488 6.75839996 0.468899995
25.3568001 6.74749994 0.617699981
25.2229004 6.66200018 2.35489988
25.2557259 6.74262524 2.51559997
25.2941399 6.75858021 2.69232011
25.3782005 6.76550007 2.82529998
25.3136005 6.76604986 3.4779501
25.2465496 6.75804996 3.63749981
25.2791004 6.64349985 3.88010001
25.3028507 6.68472481 4.31645012
25.3372993 6.69554996 4.42115021
25.2751999 6.86390018 -0.281699985
25.2961006 6.82550001 -0.116400003
25.3899002 6.81099987 0.224399999
25.2089005 6.90189981 2.37310004
25.2640991 6.85545015 2.50129986
25.2855721 6.86477137 2.69237137
25.3173008 6.84670019 2.89319992
25.3307991 6.954 3.02049994
25.250351 6.83650017 3.22889996
25.3504009 6.9763999 3.64689994
25.2508011 6.90324974 4.08934975
25.3304501 6.88875008 4.29567528
25.324276 7.05560017 0.519500017
25.3624001 7.02750015 2.69400001
25.3372993 7.03219986 3.57540011
25.3488007 7.14159966 3.89295006
25.2628803 7.09308004 4.0619998
25.2903996 7.04799986 4.28426647
25.2010994 7.33409977 2.92790008
25.2983246 7.29804993 4.15054989
25.3628998 7.28319979 4.26949978
25.2735996 7.58139992 2.09224987
25.3610992 7.52330017 2.23070002
25.2509003 7.48789978 3.04404998
25.3994999 7.60020018 -0.805400014
25.2318001 7.65679979 0.602500021
25.2103996 7.76949978 1.32679999
25.2973499 7.70234966 1.91619992
25.3144989 7.64659977 2.0848999
25.3181343 7.65059996 2.30110002
25.3442993 7.78130007 2.4151001
25.3465004 7.62739992 2.99390006
25.3838997 7.6177001 4.23330021
25.2914658 7.96466684 1.4757334
25.2588673 7.91733313 1.61566663
25.3502998 7.80980015 1.90069997
25.3490009 7.92140007 3.26749992
25.3462009 7.96260023 3.42529988
25.2583008 8.04349995 1.14300001
25.2861996 8.02659988 1.28919995
25.2885666 8.06219959 1.54016674
25.3082752 8.07557487 1.71262503
25.3277664 8.16286659 1.88049996
25.3064995 8.1189003 2.03380013
25.2989998 8.03779984 2.36610007
25.2131004 8.05420017 5.76819992
25.2933006 8.20460033 1.34899998
25.3586674 8.31200027 1.49923337
25.2590008 8.27289963 2.11199999
25.2110004 8.26550007 2.54889989
25.2206001 8.26780033 2.68569994
25.2938004 8.32759953 2.86630011
25.2103004 8.39009953 3.21479988
25.2716503 8.53775024 1.46860003
25.2523499 8.47515011 1.67534995
25.2140007 8.53030014 2.44980001
25.3659992 8.48750019 2.67750001
25.2169991 8.41709995 2.93009996
25.3896484 8.47249985 3.08509994
25.3584995 8.45129967 3.34209991
25.3080006 8.43623352 3.44433331
25.2908001 8.52460003 5.45190001
25.3497009 8.61969948 1.55535007
25.2742996 8.71553326 2.13653326
25.2017002 8.66419983 2.2098999
25.3202991 8.61209965 3.80139995
25.2973499 8.9090662 2.06049991
25.3507996 9.16889954 1.96990001
25.3684998 9.19369984 2.08319998
25.3083992 9.35779953 1.92089999
25.2614002 9.27465057 2.02209997
25.3745995 9.58829975 1.88199997
25.2126007 9.53069973 2.08699989
25.2882996 9.64050007 1.9073
25.3087006 9.83290005 1.91700006
25.2547493 9.96920013 2.52795005
25.2581005 9.99050045 2.6473
25.3348999 10.0841999 -0.762199998
25.3488998 10.0044003 1.75590003
25.3109665 10.1171999 2.33583331
25.3403511 10.0192509 2.45424986
25.3218002 10.2384005 2.09179997
25.3533993 10.2334995 2.27940011
25.2063007 10.3895998 4.15409994
25.3981991 10.5011997 1.48759997
25.2931004 10.5572004 1.97790003
25.2549 10.4196997 4.00260019
25.2478008 10.7083998 1.57799995
25.3386497 10.9734993 0.271650016
25.2890015 10.9808998 1.3175
25.2745743 10.8884249 1.52542496
25.3978996 10.8457003 1.6027
25.373951 10.8693008 3.10594988
25.281601 11.0159998 0.309899986
25.3684006 11.0174999 1.28579998
25.3088493 11.9370995 0.703850031
25.3325005 12.2150002 0.618200004
25.4468002 0.134800002 -1.31289995
25.5402985 0.34404999 -1.31455004
25.5647507 0.46845001 -1.32130003
25.5282497 0.900550008 -1.34299994
25.4627666 1.11763334 -1.35650003
25.4291 1.31340003 -1.35580003
25.5622997 1.56869996 -1.36660004
25.4729996 1.70175004 -1.37155008
25.5473499 1.90705001 -1.38014996
25.5559998 2.09450006 -1.40120006
25.5375996 2.32073331 -1.42346668
25.4904003 2.26854992 -1.39249992
25.4776001 2.45349979 -1.43079996
25.4874001 2.43199992 -1.39139998
25.5412006 2.99589992 -1.44070005
25.5765991 3.19919991 -1.44780004
25.5688 3.57730007 -1.47160006
25.4260006 3.78369999 -1.50740004
25.4402008 3.92930007 -1.49010003
25.4563999 4.0791502 -1.51094997
25.4727001 4.33120012 -1.53480005
25.5233002 4.4545002 -1.5122
25.5314007 4.98810005 -1.55299997
25.4291992 5.16029978 -1.54519999
25.5105 5.55800009 -1.60829997
25.5601006 5.98820019 2.97799993
25.4998493 6.07044983 -1.60794997
25.5719986 6.13619995 2.93534994
25.4616661 6.15306664 4.3256669
25.4530792 6.09424019 4.49416018
25.5853004 6.3684001 -1.63020003
25.4759407 6.32320023 -1.54480004
25.4687996 6.36695004 0.75999999
25.4841995 6.38490009 0.809099972
25.4814491 6.34290028 3.06974983
25.5052338 6.30966663 4.31086683
25.5440006 6.21439981 4.44939995
25.4041996 6.24819994 4.63079977
25.5867996 6.57539988 -1.00080001
25.5454998 6.50349998 0.653900027
25.5018005 6.59819984 2.54900002
25.5919991 6.5928998 2.94799995
25.5240498 6.51490021 4.32235003
25.4027996 6.74910021 -1.45190001
25.5571995 6.73260021 -1.3973
25.5723991 6.64459991 -1.09329998
25.5033665 6.71166658 -0.873800039
25.5199337 6.72563314 -0.725566685
25.4409676 6.7262001 -0.431633323
25.5100994 6.74195004 -0.325949997
25.4831657 6.75619984 -0.175799996
25.5513668 6.75640011 0.0716333315
25.4439507 6.75500011 0.295249999
25.513649 6.77875042 0.469550014
25.5468006 6.71479988 0.642499983
25.5272999 6.69124985 2.73055005
25.5198994 6.72383356 2.85846663
25.4524002 6.75309992 3.0150001
25.5528755 6.73920012 3.26849985
25.4961166 6.71659994 3.48336673
25.4969997 6.68813324 4.34083319
25.5515995 6.84689999 -1.4461
25.5956001 6.80970001 0.165900007
25.467701 6.8901 0.292849988
25.4654999 6.85760021 0.566100001
25.5240002 6.83400011 2.55019999
25.4976749 6.86267471 2.71904993
25.4861507 6.8993001 2.94074988
25.5214615 6.88968754 3.08181238
25.4925003 6.83475018 3.54299998
25.5575008 6.83860016 4.1947999
25.5160332 6.88761663 4.26049995
25.4734001 6.92609978 4.41279984
25.4789009 7.02495003 0.47874999
25.4181004 7.03660011 0.646700025
25.5415993 7.00040007 3.25209999
25.5024986 7.07069969 4.27839994
25.5764008 7.34329987 1.98759997
25.4668007 7.36789989 2.09820008
25.5955009 7.32889986 2.25880003
25.4929504 7.33855009 4.10620022
25.5669003 7.35090017 4.24800014
25.5103989 7.54659986 2.10003328
25.47365 7.52782488 2.28994989
25.5452995 7.5250001 3.72469997
25.5832996 7.40040016 4.38479996
25.5009003 7.74499989 -0.861999989
25.4726009 7.65999985 1.97469997
25.4300995 7.60769987 2.32719994
25.4622993 7.67140007 4.13019991
25.4459 7.97629976 1.74259996
25.4696007 7.90759993 3.1157999
25.4345493 8.07995033 1.4930501
25.4492664 8.13816643 1.66976666
25.5363998 8.10375023 2.10244989
25.53475 8.13220024 2.77834988
25.4731998 8.06939983 3.96230006
25.4379997 8.07919979 4.96509981
25.5480747 8.33259964 1.56274998
25.498888 8.278162 1.71720004
25.4130001 8.27070045 2.82220006
25.4922009 8.33349991 3.09719992
25.5634003 8.3501997 3.204
25.4305992 8.22130013 3.47300005
25.4594669 8.49129963 1.47953331
25.4064999 8.48960018 1.67289996
25.5678005 8.49400043 3.10179996
25.4036007 8.54800034 3.79579997
25.5263996 8.52070045 5.37230015
25.5650997 8.46870041 5.5921998
25.5788002 8.72830009 0.978500009
25.5746002 8.67920017 1.16670001
25.4158001 8.70375061 1.31520009
25.4333992 8.76850033 1.60769999
25.5126343 8.65506649 2.63820004
25.5070992 8.68999958 4.16550016
25.5293007 8.88169956 1.15509999
25.4258003 8.80060005 1.27550006
25.4041996 8.94419956 2.00239992
25.5002995 8.94239998 3.77469993
25.4983006 9.08959961 0.895399988
25.4869995 9.0394001 1.36199999
25.4249992 9.0880003 2.04859996
25.5918007 9.09850025 4.08710003
25.4354 9.28516674 1.93486667
25.4549007 9.29119968 2.0244
25.4530506 9.50279999 1.91884995
25.4736004 9.52649975 2.00559998
25.4853001 9.50139999 2.36800003
25.4736996 9.7336998 1.76279998
25.458149 9.71014977 1.87135005
25.5266991 9.72560024 2.03710008
25.4537334 9.8720665 1.77036667
25.4682999 9.85239983 1.83449996
25.5433331 9.88733292 2.64680004
25.5335999 10.1461506 1.55539989
25.5274754 10.1428747 1.68060005
25.498951 10.1044006 2.36969995
25.4267998 10.0312996 2.4598999
25.5664005 10.3801003 1.78320003
25.4029007 10.2988997 1.92209995
25.4405994 10.4812002 1.75689995
25.4588509 10.47715 1.88485003
25.530899 10.7329998 -0.0458000004
25.4020996 10.7869997 0.111699998
25.448 10.7628002 1.11380005
25.5702 10.7067003 1.47000003
25.4764004 10.6142998 1.68959999
25.4421005 10.6143999 4.14319992
25.4141998 10.9217997 -0.00749999983
25.5007992 10.9844999 0.156000003
25.5061665 10.8512335 0.564666688
25.4162998 10.8301001 0.995800018
25.5158329 10.8926001 1.26300001
25.4976997 10.8135004 3.14700007
25.4143009 11.1667004 0.0416000001
25.5352993 11.0665998 0.386933327
25.4020004 11.0368996 0.843100011
25.4680004 11.0051498 1.26874995
25.5781994 11.2656002 0.229800001
25.4915009 11.2334995 0.404700011
25.5411339 11.5499001 0.128066659
25.4304008 11.4099998 0.390300006
25.4899502 11.5787506 0.715149999
25.5613003 11.5390997 0.935500026
25.4724998 11.625 -0.0559
25.4986 11.8584995 0.153099999
25.4675007 12.0164003 0.375999987
25.6655502 0.348850012 -1.30294991
25.7654991 0.426050007 -1.33404994
25.7735996 0.615700006 -1.33940005
25.6504993 0.878800035 -1.34350002
25.6324501 1.09844995 -1.34629989
25.7296009 1.32679999 -1.37329996
25.7511997 1.54410005 -1.38180006
25.7837009 1.6947 -1.38849998
25.7378998 1.92869997 -1.40339994
25.6014996 2.26990008 -1.44050002
25.6257992 2.5223 -1.44350004
25.7707005 2.97869992 -1.45850003
25.7507992 3.07562494 -1.44050002
25.6828995 3.52449989 -1.45389998
25.7221489 3.84415007 -1.49384999
25.7761993 4.32480001 -1.52260005
25.7681999 4.51340008 -1.54970002
25.7003002 4.75950003 -1.54349995
25.6107998 5.83050013 -1.57060003
25.6929512 5.97099972 2.93239999
25.7470245 5.95057487 4.52180004
25.684267 5.95889997 4.6645999
25.6688995 6.00509977 -1.61870003
25.7147655 6.16330004 2.71379995
25.6625175 6.10956383 2.91568184
25.72435 6.09220028 3.05634999
25.7157993 6.08669996 4.36929989
25.7045116 6.11049986 4.46572208
25.7495003 6.01030016 4.67630005
25.7523003 6.23990011 -1.63890004
25.7371006 6.34569979 -1.56799996
25.6800003 6.33769989 2.79450011
25.7072201 6.28409004 2.88478994
25.6877995 6.30132484 3.15625
25.7358665 6.3281002 4.3930335
25.7570496 6.28540039 4.45090008
25.7773991 6.51179981 -1.4253
25.7339993 6.51450014 -1.34350002
25.7331505 6.43264961 0.713799953
25.7961998 6.59229994 2.50699997
25.7065239 6.53504992 2.71650004
25.7361393 6.47694016 2.86369991
25.6726341 6.45423317 3.11863327
25.6767006 6.49130011 3.30920005
25.7623005 6.51800013 4.37739992
25.7524662 6.45736647 4.43893337
25.7712002 6.79580021 -1.5072
25.6159 6.73460007 -1.24379992
25.7130508 6.69577503 -1.07449996
25.7209511 6.73210001 -0.875949979
25.6870995 6.75440025 -0.720649958
25.7201405 6.74251986 -0.48308
25.6671753 6.75137472 -0.305999994
25.7369003 6.73330021 -0.132300004
25.7429008 6.79005003 0.0675000027
25.6729336 6.77400017 0.315716684
25.6662254 6.70087481 0.560099959
25.7364998 6.67929983 0.663900018
25.6789017 6.66250038 2.70144987
25.6966515 6.69502497 2.8519249
25.7024002 6.72809982 3.07859993
25.6683254 6.69638729 3.30721235
25.7267494 6.71937513 3.53725004
25.7244663 6.71246672 3.65073323
25.7273006 6.79209995 3.88529992
25.6814003 6.79850006 4.19820023
25.6781006 6.70203352 4.28953314
25.7201004 6.70874977 4.44849968
25.6380005 6.8368001 -1.45930004
25.6942997 6.84569979 -1.24150002
25.7672005 6.8203001 -0.443500012
25.6408005 6.81349993 -0.168899998
25.7196999 6.82140017 0.148599997
25.7635002 6.81400013 0.568099976
25.6469994 6.82060003 2.97049999
25.6483994 6.82940006 3.10960007
25.632 6.80900002 3.37779999
25.6728992 6.84170008 3.47140002
25.7719994 6.88199997 3.62100005
25.7642002 6.90189981 3.85100007
25.6602516 6.94614983 4.09424973
25.7275009 6.87269974 4.22714996
25.6952991 7.13369989 1.89699996
25.6047001 7.18919992 2.03660011
25.6951008 7.16590023 4.1802001
25.6506996 7.19505024 4.25979996
25.6476994 7.26359987 1.79760003
25.6700802 7.31200027 1.86593997
25.6847401 7.29563999 2.08446002
25.7208672 7.29156685 2.25246668
25.7062988 7.35719967 3.34955001
25.7328339 7.2894001 4.26223326
25.7058334 7.51319981 1.86406672
25.66646 7.51062012 2.09087992
25.6697998 7.52312469 2.26870012
25.7618999 7.52640009 3.48959994
25.7450008 7.6237998 1.98210001
25.7457008 7.73744965 2.05539989
25.7663994 7.66260004 2.47959995
25.7954006 7.79729986 3.38919997
25.6695004 7.8920002 1.96340001
25.6599007 7.94304991 2.08264995
25.7803993 7.98220015 2.3506
25.6854992 7.92589998 3.34139991
25.7098007 7.94110012 3.48064995
25.6109009 7.80760002 4.1092
25.7465992 8.11390018 1.96930003
25.7488499 8.06965065 2.09654999
25.7380009 8.11993313 2.70203328
25.7326012 8.10840034 2.87555003
25.6226997 8.04240036 3.37240005
25.7000008 8.39649963 3.09949994
25.6784668 8.54780006 1.33603334
25.7101994 8.46376705 1.48119998
25.6273003 8.40120029 5.49249983
25.6793995 8.64229965 1.07319999
25.6513996 8.61299992 1.22780001
25.7054672 8.65696621 1.4914
25.7793007 8.68640041 2.12140012
25.6224003 8.63850021 2.68085003
25.6077995 8.95689964 1.07529998
25.7374001 8.88840008 3.92930007
25.6802998 9.02320004 1.17390001
25.7050991 9.02320004 2.93059993
25.6735001 9.03380013 3.80669999
25.7800999 9.55749989 2.15120006
25.6639996 9.43659973 3.36080003
25.6508007 9.79640007 2.81640005
25.6583996 9.61229992 3.46329999
25.6606998 10.1049004 1.48339999
25.7229328 10.1551666 1.69449997
25.6905499 10.1448498 1.83929992
25.6194 10.0902004 2.08220005
25.6564999 10.0426006 2.46280003
25.7044487 10.2996006 1.74205005
25.6611996 10.3704004 1.88610005
25.7024002 10.2570992 2.08800006
25.7136002 10.3802996 4.18590021
25.6364002 10.2737999 4.25059986
25.7071991 10.2751999 4.81160021
25.6231003 10.5500002 1.17560005
25.6317005 10.5129004 1.37469995
25.6760006 10.4530001 1.42840004
25.6985664 10.5246334 1.68153334
25.7509003 10.5441999 4.0862999
25.6739998 10.4211998 4.20190001
25.6263008 10.6561003 1.14909995
25.7032661 10.7005329 1.32836664
25.6599503 10.7210007 1.46560001
25.6338005 10.6688004 1.71720004
25.6266003 10.9483995 0.40990001
25.6872997 10.8514996 1.49510002
25.6882 11.1299 0.0935000032
25.6207008 11.0601997 0.734399974
25.7824001 11.3811998 -0.0522999987
25.6313992 11.3410997 0.158899993
25.7814999 11.2122002 0.295700014
25.6595993 11.5007992 -0.0429500006
25.642849 11.4473 0.0272499993
25.6431007 11.5328999 0.264200002
25.6971512 11.5792503 0.710800052
25.7761002 11.7575998 0.186499998
25.7339993 11.7618999 0.222399995
25.7595005 11.6968002 0.502600014
25.7369995 11.6759005 1.02540004
25.9566994 0.0975999981 -1.33220005
25.9447498 0.340350002 -1.33019996
25.89575 0.471000016 -1.31949997
25.9601994 0.773299992 -1.35010004
25.8936005 0.900300026 -1.35475004
25.8946495 1.2694 -1.36800003
25.8383999 1.52869999 -1.35580003
25.9997005 1.66359997 -1.38269997
25.9173508 1.96570003 -1.40725005
25.8666992 2.12475014 -1.42140007
25.9039001 2.49222493 -1.43970001
25.8304501 2.73250008 -1.44354999
25.9440994 2.88689995 -1.45720005
25.9169998 3.11430001 -1.46940005
25.8648663 3.49263334 -1.46350002
25.9162006 3.85619998 -1.52610004
25.9039993 4.35489988 -1.55219996
25.8689003 4.54729986 -1.61129999
25.8875999 4.64900017 -1.55369997
25.9650993 4.84989977 -1.55120003
25.8122997 5.05259991 -1.60109997
25.8325005 5.38460016 -1.61099994
25.9659996 5.98969984 -1.61819994
25.9425507 5.94624996 4.56305027
25.8952007 5.91331434 4.6855998
25.8750992 5.81400013 4.84665012
25.9694004 6.12470007 -1.66069996
25.8010006 6.04230022 4.28669977
25.8344746 6.08027506 4.50562525
25.9113007 6.03499985 4.61210012
25.9001999 6.34266663 -1.67046666
25.9020996 6.31904984 0.766550004
25.8178997 6.39379978 2.77909994
25.8772793 6.29975986 2.92005992
25.8938255 6.32934999 3.10489988
25.901001 6.35725021 3.26774979
25.876339 6.30348015 4.50865984
25.9544678 6.53343344 -1.4745667
25.9444256 6.50689983 -1.30990005
25.9336395 6.54563999 -1.09713995
25.9027996 6.55880022 -0.967700005
25.8173008 6.44960022 0.721499979
25.8581009 6.54099989 2.58419991
25.9728012 6.48815012 2.64170003
25.8951836 6.49248314 2.88548326
25.88624 6.51736021 3.14023995
25.9390984 6.48955011 3.57625008
25.8731499 6.54160023 4.35844994
25.8926163 6.4708333 4.49685001
25.9186001 6.63329983 -1.51230001
25.8566017 6.64179993 -1.32334995
25.8899994 6.70265007 -1.10979998
25.9013748 6.67724991 -0.901300013
25.9466 6.74453354 -0.703050017
25.9253006 6.73741674 -0.515916646
25.8234997 6.77909994 -0.235699996
25.9033012 6.76854992 -0.0895000026
25.9034996 6.76789999 0.465000004
25.9202499 6.68052483 0.652625024
25.9124603 6.65049982 2.70551991
25.9183006 6.64186668 2.88206673
25.8842754 6.67467499 3.07727504
25.9113007 6.68447495 3.27154994
25.9262733 6.69439983 3.4774251
25.886385 6.68918562 3.67389989
25.8631496 6.77535009 3.87139988
25.8521404 6.71502018 4.11462021
25.8892536 6.71262312 4.29899216
25.961525 6.73530006 4.45805025
25.8687496 6.84179974 -1.42260003
25.8327999 6.90869999 -1.30219996
25.9228001 6.82859993 -0.816100001
25.8125992 6.81239986 -0.207200006
25.9137993 6.80614996 -0.104350001
25.9483986 6.8281002 0.0656500012
25.852951 6.91135025 0.317550004
25.8818016 6.85634995 0.462850004
25.9797993 6.89659977 2.40170002
25.8346004 6.80389977 3.03670001
25.8505993 6.80740023 3.54250002
25.8879662 6.95133305 4.13043356
25.8589993 6.86409998 4.25390005
25.8749008 7.0158 0.530099988
25.8917751 7.09172487 2.29480004
25.9004993 7.16349983 2.46256661
25.9060993 7.12680006 4.15980005
25.8183994 7.3355999 1.97870004
25.9223003 7.28359985 2.34500003
25.9332008 7.22529984 3.34369993
25.8973007 7.31010008 4.04570007
25.955801 7.29503345 4.26599979
25.8470497 7.50939989 3.32894993
25.8925514 7.46829987 3.48960018
25.8463001 7.47889996 4.19960022
25.9699001 7.42210007 4.24744987
25.9358006 7.49069977 5.23810005
25.8852997 7.74709988 2.02979994
25.8029003 7.62849998 3.3427999
25.9015007 7.69269991 3.4612
25.8281994 7.61609983 4.13259983
25.9401512 7.65804958 4.2475996
25.8662758 7.9470253 1.93340003
25.9412003 7.85699987 2.10940003
25.9077797 7.88127995 2.62520003
25.8750992 7.85760021 3.3743
25.8694 8.06089973 1.88779998
25.8423996 8.00339985 2.0086
25.8584995 8.19699955 2.77160001
25.9701004 8.32559967 3.30040002
25.8019009 8.45330048 3.21760011
25.9431324 8.7123661 1.9593333
25.8979664 8.70009995 2.04390001
25.8589993 8.78800011 2.3750999
25.8789005 8.73449993 3.1415
25.8745003 8.68879986 3.96630001
25.8668499 8.72735023 4.07089996
25.8974991 8.83769989 1.0431
25.8159008 8.84790039 1.37300003
25.9547005 8.93459988 2.29520011
25.8688679 8.86866665 2.48276663
25.8687 8.84860039 2.64650011
25.9620991 8.80480003 3.18670011
25.9200001 8.84329987 3.30480003
25.891634 8.8465004 3.88770008
25.9517746 9.37322521 2.33204985
25.8374996 9.59249973 -0.792299986
25.9327011 9.52575016 2.12575006
25.8225002 9.41219997 2.34549999
25.9524994 9.45884991 2.48000002
25.8676491 9.5048008 3.50049996
25.8934498 9.50905037 3.71705008
25.9519005 9.68910027 -0.647099972
25.9241486 9.67654991 1.99530005
25.9296761 9.66664982 2.11564994
25.8486996 9.79049969 3.68589997
25.8838997 9.99269962 1.75049996
25.9403 9.89340019 1.94169998
25.9402008 9.80609989 4.55389977
25.8859005 10.07125 1.76495004
25.8686008 10.0305004 1.87530005
25.8878994 10.0193005 4.73909998
25.9517002 10.2700005 1.59599996
25.9435997 10.2904997 1.69200003
25.8052998 10.2605 2.00090003
25.8952007 10.4301004 2.3131001
25.9248009 10.4471998 3.08159995
25.8761997 10.5241003 4.58269978
25.8857002 10.7676001 0.939700007
25.9104996 10.7496004 1.42250001
25.8728008 10.7713003 2.86919999
25.931366 10.901433 0.269833326
25.9913998 10.9331999 0.420300007
25.8523006 10.9671001 0.745500028
25.8794994 10.8148003 1.42780006
25.8672009 11.1070995 0.163699999
25.9986992 11.1450996 0.733900011
25.9715996 11.0264997 1.43579996
25.9120007 11.0482998 3.04590011
25.9143486 11.1026993 3.27050018
25.9018993 11.1896 3.61549997
25.90835 11.3698997 0.704900026
25.9605999 11.3010998 1.3247
25.9640007 11.4609003 -0.110399999
25.8066006 11.4392004 0.0890000015
25.8428001 11.4296999 0.38319999
25.9419498 11.4958248 0.463499993
25.8586006 11.4566002 0.602999985
25.9771004 11.4654999 1.24240005
25.8036003 11.7489996 0.329100013
25.9846992 11.7798996 0.808000028
26.0119991 0.00620000018 -1.31949997
26.076149 0.337400019 -1.32735002
26.104351 0.4639 -1.33404994
26.1466999 0.610800028 -1.34560001
26.1177998 0.912699997 -1.36189997
26.1154003 1.11530006 -1.37016666
26.1112499 1.31274998 -1.38479996
26.0924759 1.57712507 -1.38157499
26.0606003 1.78069997 -1.42649996
26.1798 1.76259995 -1.39289999
26.1188507 1.96585 -1.40475011
26.0820007 2.28963327 -1.42376661
26.1266994 2.75874996 -1.45085001
26.0165005 2.89960003 -1.47749996
26.0828991 3.30349994 -1.48800004
26.1044006 3.48650002 -1.49940002
26.1243 3.66799998 -1.50689995
26.0100002 3.84150004 -1.46619999
26.094368 4.17156696 -1.49610007
26.1522999 4.42430019 -1.54579997
26.1387997 4.84600019 -1.5302
26.0580006 5.0552001 -1.57620001
26.1207008 5.31839991 -1.55480003
26.0270996 6.08720016 -1.61514997
26.0009003 6.13630009 4.55350018
26.0809002 6.13479996 4.77910042
26.1379013 6.32670021 -1.63179994
26.0641994 6.3769002 0.598999977
26.0709496 6.30389977 0.740949988
26.184 6.39779997 2.61150002
26.177 6.3291502 2.8913002
26.0396004 6.39979982 3.0309999
26.1528664 6.35246658 4.58743334
26.1956005 6.31869984 4.65329981
26.0926514 6.53520012 -1.40759993
26.0882168 6.51391649 -1.29676676
26.1280746 6.48872471 -1.11610007
26.0718327 6.54926682 -0.952933311
26.1088009 6.5085001 0.66079998
26.1086006 6.41674995 2.54120016
26.0839252 6.44872475 2.70284986
26.0696335 6.54353333 2.90100002
26.0820999 6.56623316 3.30100012
26.0013008 6.51109982 3.41659999
26.0936241 6.4998498 4.52664995
26.0935001 6.55840015 4.62279987
26.0524998 6.61990023 -1.18830001
26.0852509 6.72370005 -0.831349969
26.0836334 6.74779987 -0.630666673
26.1187344 6.74093342 -0.478233337
26.1117496 6.75570011 -0.307099998
26.1760006 6.76840019 -0.166800007
26.0928993 6.76859999 0.130799994
26.1476002 6.76109982 0.236149997
26.0063 6.69070005 0.56220001
26.1143494 6.6480999 0.647199988
26.1024799 6.70711994 2.32313991
26.1096001 6.69099998 2.48764992
26.135601 6.65987492 2.67227507
26.0065002 6.78919983 3.15790009
26.0979004 6.68605042 3.34905005
26.09342 6.72860003 3.49090004
26.0473003 6.76800013 3.70749998
26.0258999 6.7789669 4.10336685
26.0831757 6.72974968 4.29540014
26.0950794 6.67084026 4.50617981
26.1023998 6.82380009 -0.8829
26.0949001 6.81580019 -0.220899999
26.1438503 6.8354001 -0.0333499983
26.1486511 6.86420012 0.140149996
26.0587006 6.83015013 0.306500018
26.0960007 6.94560003 0.464100003
26.1502991 6.80740023 2.41400003
26.1891994 6.83939981 3.38860011
26.071949 6.96670008 4.11320019
26.0916996 6.91085005 4.3519001
26.139801 6.8909502 4.45580006
26.1113243 7.09080029 0.470400006
26.0639 7.19329977 2.54550004
26.1497002 7.13660002 3.97909999
26.0906982 7.10519981 4.14984989
26.0944996 7.04650021 4.23909998
26.1797009 7.35220003 1.90279996
26.0708675 7.25853348 2.53783345
26.1799335 7.2494998 2.64026666
26.0773754 7.27472496 4.11695004
26.1560993 7.24429989 4.40339994
26.0587006 7.5064497 1.95849991
26.0326996 7.4467001 4.21490002
26.0820332 7.72900009 2.51856661
26.0244007 7.75 2.60640001
26.033699 7.97464991 2.11119986
26.0449009 7.90369987 2.8670001
26.0228004 7.90100002 3.26469994
26.1735992 7.85050011 4.22559977
26.0802002 8.03190041 1.95949996
26.0254993 8.07740021 2.01029992
26.0450001 8.01210022 2.76970005
26.186451 8.36750031 2.47224998
26.0737991 8.24880028 2.67370009
26.1926994 8.38729954 3.87930012
26.0251999 8.34290028 4.01849985
26.0487995 8.24190044 5.37109995
26.1977997 8.49419975 1.80780005
26.1438999 8.44915009 2.71254992
26.1707993 8.45289993 3.84590006
26.1089497 8.68924999 1.91422498
26.1889992 8.68659973 3.53250003
26.1660995 8.92580032 1.86389995
26.0161991 8.86260033 2.44490004
26.0802326 8.93566704 2.6778667
26.0650997 8.92440033 3.14190006
26.0178661 8.90009975 3.49303341
26.0053997 8.83479977 4.23909998
26.0958004 9.19260025 2.20679998
26.1177998 9.02670002 2.40280008
26.0953999 9.08450031 2.78390002
26.1765003 9.32460022 0.899900019
26.0893002 9.31837463 2.29292488
26.1707001 9.23200035 2.46609998
26.1110001 9.56159973 -0.693199992
26.1093998 9.54240036 -0.468699992
26.0914993 9.58469963 1.9957
26.1926003 9.63140011 -0.568599999
26.1166992 9.70440006 1.93902504
26.0538998 9.67609978 3.1486001
26.1434669 9.8908329 1.7155
26.0898991 9.86089993 1.94790006
26.0711994 9.92319965 3.17799997
26.0741005 9.88430023 3.20959997
26.1179504 10.1021996 1.70910001
26.1732998 10.026 2.93530011
26.0522003 10.2758999 1.67584991
26.1082001 10.2033997 3.13080001
26.1282005 10.5249996 1.54939997
26.1853008 10.4860001 1.66359997
26.114399 10.4689999 3.92425013
26.0499001 10.7279997 0.206300005
26.0508003 10.6974001 1.51139998
26.0125999 10.9420996 0.318100005
26.0540009 10.8708 0.49879998
26.1440506 10.8899002 0.637600005
26.1800003 10.9280996 0.868600011
26.0718002 10.9004498 1.46989989
26.1884003 10.9664001 3.7887001
26.1541004 11.0356998 -0.0154999997
26.0853996 11.0555496 0.149749994
26.1513004 11.0198336 0.684700012
26.08325 11.1223507 1.37680006
26.0118008 11.1928997 3.51430011
26.1413994 11.0853996 3.6493001
26.0105 11.3752003 0.319999993
26.0564995 11.3115005 0.452849984
26.0132008 11.2584 0.778699994
26.0170002 11.302 3.38579988
26.073349 11.3653002 3.47555017
26.1970997 11.4315996 1.04449999
26.0636997 11.4966002 1.27170002
26.1896992 11.4336004 3.33520007
26.1011009 11.6071997 0.880699992
26.2532997 0.00400000019 -1.32019997
26.2915001 0.333999991 -1.33520007
26.3420658 0.497533321 -1.34986663
26.3020992 0.889900029 -1.375
26.3080254 1.061975 -1.36552501
26.2782993 1.36759996 -1.4023
26.2516003 1.26390004 -1.38409996
26.3903008 1.48710001 -1.40639997
26.3500004 1.69690001 -1.41550004
26.3197002 1.60730004 -1.37539995
26.3941994 2.04299998 -1.39810002
26.2835331 2.29056668 -1.44426668
26.2725487 2.50484991 -1.43865001
26.3540993 2.68300009 -1.47109997
26.2838001 2.8908 -1.46165001
26.3241005 3.14980006 -1.48740005
26.2249489 3.32850003 -1.49905002
26.3425007 3.49909997 -1.51119995
26.3151741 3.94807506 -1.52680004
26.3082008 4.07320023 -1.55089998
26.2418995 4.43540001 -1.57749999
26.3223495 4.73180008 -1.55772495
26.3850994 4.9907999 -1.60230005
26.3848991 5.40819979 -1.60309994
26.3981991 6.19229984 2.6105001
26.3389797 6.1415 3.07730007
26.3589001 6.1887002 4.59709978
26.3358669 6.10683346 4.69266653
26.2797508 6.37214994 -1.54275
26.3528004 6.34600019 -0.889900029
26.2722511 6.35185003 0.744850039
26.3181667 6.32926655 2.52663326
26.3070221 6.32993317 2.69593334
26.3549747 6.28152514 2.89742494
26.2880001 6.28200006 3.07550001
26.299099 6.3593998 4.52390003
26.2919369 6.27706242 4.65122509
26.2742844 6.46986675 -1.45255005
26.2894249 6.47455025 -1.25452495
26.3048172 6.47578335 -1.11411667
26.3483009 6.52323341 -0.979166687
26.2702503 6.43095016 0.753800035
26.2625008 6.56790018 2.29649997
26.2413254 6.55704975 2.48842502
26.2384205 6.49026012 2.68775988
26.2457504 6.44145012 2.92490005
26.3340836 6.5041666 4.5569334
26.3146992 6.60470009 -1.20510006
26.2939758 6.65995026 -0.849049985
26.2470798 6.70741987 -0.66861999
26.2938995 6.71146011 -0.50661999
26.2785664 6.73152208 -0.289122224
26.3549004 6.78270006 -0.159099996
26.3305607 6.78592014 0.0772600025
26.3276501 6.78340006 0.349399984
26.2919998 6.73032522 0.550225019
26.2835999 6.63396692 0.612633348
26.2649994 6.69630003 2.1415
26.2787666 6.69331646 2.30538321
26.2642498 6.71689987 2.46357489
26.3001671 6.72209978 2.68600011
26.3477001 6.75740004 2.82310009
26.2395992 6.75169992 3.4920001
26.3034 6.76200008 4.19029999
26.3512001 6.77349997 4.23479986
26.3057423 6.6688714 4.50485706
26.2292004 6.82180023 -0.818099976
26.2472 6.83939981 -0.566699982
26.3017998 6.83685017 -0.166449994
26.3274994 6.82894993 0.161949992
26.3148499 6.86814976 0.463100016
26.2851982 6.92385006 2.7579999
26.2332001 6.92159986 3.38660002
26.2714005 6.82450008 3.47874999
26.2418003 6.96950006 4.0559001
26.2908745 6.90740013 4.36022472
26.3876991 6.82460022 4.41830015
26.2196007 7.00820017 0.575500011
26.3255005 7.1335001 1.93745005
26.3390999 7.10699987 2.4375999
26.3838005 7.09149981 3.26810002
26.2424011 7.09089994 4.13724995
26.2884007 7.32969999 2.57669997
26.2427998 7.32719994 3.69149995
26.3747997 7.22510004 4.09499979
26.3386993 7.27036667 4.26536655
26.2381001 7.49644995 2.63849998
26.3227997 7.41260004 4.44469976
26.33288 7.67123985 2.51848006
26.2830009 7.78660011 2.60419989
26.2679996 7.99989986 2.51020002
26.3044338 8.10513306 2.53686666
26.3813 8.02359962 3.77279997
26.3316002 8.2258997 2.3448
26.2561665 8.28139973 2.49813342
26.2345009 8.20940018 2.63070011
26.3549004 8.38290024 3.77570009
26.3470497 8.5802002 2.09815001
26.2445984 8.47550011 2.74454999
26.2710991 8.49699974 3.87039995
26.2469006 8.62510014 1.94096673
26.2385006 8.67809963 2.00580001
26.3748512 8.69849968 3.14564991
26.2842503 8.69829941 3.31400013
26.3150005 8.69799995 3.41199994
26.3563995 8.95759964 -0.90170002
26.3880997 9.08759975 1.72479999
26.2954006 9.06890011 2.08649993
26.3419991 9.05270004 2.25410008
26.2233009 9.08880043 3.33279991
26.3309002 9.31879997 0.926699996
26.3631992 9.2560997 1.00810003
26.2544003 9.2446003 2.31900001
26.2483006 9.57470036 0.724900007
26.2201004 9.46834946 0.843199968
26.2863503 9.48604965 2.05200005
26.2791996 9.41489983 3.11339998
26.3027992 9.50440025 3.25589991
26.2917004 9.65079975 0.755900025
26.3072739 9.7126503 1.93110001
26.3171997 9.65019989 3.92840004
26.3347492 9.8539505 1.76360011
26.2922325 9.86443329 1.89306664
26.3411007 10.0150003 -0.934300005
26.3533001 10.0286999 1.72619998
26.2751503 10.0641499 2.68639994
26.3030014 10.2908001 1.66419995
26.27215 10.3456497 2.64485002
26.2105007 10.2459002 2.85949993
26.2110004 10.2432003 3.01999998
26.3507996 10.5600004 4.02790022
26.2770004 10.7796001 0.883400023
26.3416996 10.6248999 1.46280003
26.3199997 10.6524 4.15080023
26.3469009 10.6872997 4.93289995
26.2588501 10.9032993 0.710649967
26.2931004 10.8872499 0.877599955
26.2462997 10.9252005 1.41600001
26.2411499 10.9226999 3.74849987
26.3883991 10.8937998 3.93420005
26.2600002 10.8367996 4.90409994
26.2910995 11.1083002 0.0666999966
26.3752003 11.0346003 0.547200024
26.2544003 11.1607494 0.959149957
26.2672005 11.0523996 3.68519998
26.2838993 11.0606003 4.66629982
26.303299 11.3347998 1.1029501
26.2950993 11.5709 0.647300005
26.262001 11.4438496 0.869949996
26.3358002 11.4605999 3.45190001
26.2303009 11.6299 3.32660007
26.3745995 11.6590996 3.46670008
26.5257492 0.0423000008 -1.32529998
26.4867992 0.389499992 -1.35599995
26.4730759 0.490924984 -1.34982502
26.5343494 0.71085 -1.37940001
26.5048161 0.931850016 -1.37518334
26.5286007 1.11989999 -1.3635
26.5618992 1.39779997 -1.3973
26.5450993 1.53279996 -1.41789997
26.5886002 1.49714994 -1.38625002
26.5307999 2.05949998 -1.44385004
26.5942001 2.01270008 -1.39409995
26.5135002 2.52640009 -1.46560001
26.4386005 2.97070003 -1.47249997
26.4622326 3.04986668 -1.47133327
26.5598488 3.34159994 -1.48985004
26.4769993 3.61490011 -1.50250006
26.4783993 3.89280009 -1.53380001
26.5165997 4.21005011 -1.56454992
26.5720997 4.82530022 -1.6063
26.5407009 5.04370022 -1.57140005
26.4785995 5.66915035 -1.65544999
26.5018005 5.82840014 -1.62489998
26.4743996 5.97580004 2.91490006
26.5699005 5.98159981 4.63800001
26.4833488 5.96350002 4.85580015
26.5335007 6.16270018 -1.62870002
26.4958 6.1644001 2.71709991
26.4520493 6.16450024 2.97049999
26.4516125 6.09933758 3.10586262
26.4417992 6.10297489 3.26235008
26.4506855 6.11520004 4.71125698
26.4049988 6.02225018 4.83669996
26.5685005 6.2974 -1.62199998
26.5248985 6.34319973 -1.5223
26.5147991 6.30429983 -0.919399977
26.4745789 6.34181976 0.713039994
26.4696007 6.25720024 2.72259998
26.4713802 6.30302 2.89531994
26.4790592 6.2541399 3.03742003
26.4447994 6.37249994 4.55439997
26.5718994 6.23880005 4.61450005
26.5622005 6.46449995 -1.61759996
26.5014 6.44269991 -1.49049997
26.541626 6.47055006 -1.33037496
26.5093498 6.52339983 -1.02754998
26.5085487 6.52962494 -0.945124984
26.5858994 6.43809986 0.696699977
26.4603996 6.44399977 2.59240007
26.4768009 6.44250011 2.67070007
26.5080204 6.55187988 4.49484015
26.4685001 6.42999983 4.71290016
26.4986992 6.65254974 -0.849249959
26.435133 6.69336653 -0.67689997
26.4477501 6.76719999 -0.270200014
26.4265995 6.67939997 -0.0364999995
26.4083004 6.75670004 0.189600006
26.4442997 6.7027998 0.313149989
26.4636192 6.72113991 0.526539981
26.4545002 6.77059984 2.54399991
26.4948997 6.74329996 2.7328999
26.5107498 6.73570013 4.12437534
26.5153008 6.6590004 4.43225002
26.5170498 6.71144962 4.63234997
26.5760002 6.74580002 4.81850004
26.5732002 6.83430004 -0.669200003
26.4606991 6.81850004 0.148499995
26.5293999 6.82700014 0.503350019
26.4136009 6.85790014 0.640999973
26.5537338 6.91209984 1.88953328
26.5389004 6.86159992 2.02200007
26.5157013 6.90094995 2.49197507
26.5397987 6.95695019 2.66634989
26.4811325 6.90810013 2.87926674
26.5205002 6.98780012 3.15159988
26.5182991 6.98820019 4.1947999
26.4365005 6.9012332 4.26940012
26.5526505 6.90324974 4.47014999
26.5338001 7.11679983 2.03670001
26.5559807 7.04706001 2.5188601
26.5261993 7.0710001 2.60669994
26.5163994 7.09259987 3.18400002
26.4939995 7.03336668 3.28189993
26.5821667 7.14036655 4.05563307
26.4277 7.15280008 4.29320002
26.5783997 7.38380003 1.977
26.5007668 7.30723333 2.34426665
26.432251 7.29119968 2.52549982
26.4027996 7.30340004 2.70050001
26.5504494 7.2722249 4.13485003
26.487133 7.26520014 4.33233309
26.5496998 7.55439997 2.15479994
26.4880009 7.52010012 2.2578001
26.4440994 7.55334997 2.49320006
26.5648499 7.56085014 3.73535013
26.5727997 7.47310019 3.8138001
26.5307503 7.46729994 4.1552
26.4543991 7.42719984 4.24980021
26.5611 7.7979002 1.88999999
26.5200005 7.694067 2.34660006
26.4947739 7.69657516 2.47562504
26.5746002 7.79400015 4.07999992
26.4702492 7.68569994 4.36400032
26.4428005 7.99639988 2.36249995
26.4174004 7.89720011 2.55010009
26.5312996 7.8032999 4.18079996
26.5354996 7.94360018 4.23710012
26.4192009 8.03579998 -0.776000023
26.5135002 8.04769993 -0.548600018
26.5585995 8.09539986 2.3131001
26.5079994 8.05060005 2.41375017
26.5002003 8.07569981 4.25400019
26.4764996 8.21809959 2.3440001
26.4820004 8.39280033 3.79699993
26.5834007 8.24740028 5.17399979
26.5699997 8.51480007 1.64740002
26.4911995 8.57199955 2.18889999
26.5536995 8.54109955 2.24580002
26.4883251 8.5451498 3.09692502
26.5584488 8.43235016 3.33074999
26.4479008 8.49590015 3.40939999
26.4090004 8.45250034 3.64129996
26.5699005 8.58199978 5.12769985
26.4468002 8.70030022 1.95009995
26.4799004 8.66903305 2.08340001
26.5988998 8.73060036 2.2486999
26.5988007 8.62660027 3.03430009
26.5379009 8.99359989 1.77639997
26.4879494 8.91240025 2.00264978
26.4375 8.82820034 2.421
26.5729008 9.05879974 0.547699988
26.5214005 9.0447998 1.65719998
26.5505009 9.10949993 2.17790008
26.4046001 9.18869972 2.24609995
26.5876007 9.05749989 3.14569998
26.5351009 9.30910015 1.61749995
26.4617004 9.34020042 1.8872
26.5423508 9.23579979 2.15544987
26.5058994 9.36870003 2.2881
26.5974998 9.35589981 3.00679994
26.4447002 9.39379978 3.34629989
26.4389992 9.48110008 2.06590009
26.5632 9.58829975 2.67009997
26.5118332 9.44623375 2.85323334
26.4260006 9.4659996 3.07069993
26.4860992 9.50459957 3.91680002
26.4129009 9.44130039 4.68949986
26.5373993 9.79220009 0.652999997
26.4796009 9.63500023 2.58579993
26.4176006 9.73670006 2.67659998
26.5582008 9.68560028 3.70729995
26.4677677 9.94553375 1.76656663
26.4962006 9.80410004 1.85759997
26.5452995 9.80770016 2.47810006
26.5487003 9.90190029 5.72989988
26.4705009 10.0965996 1.57350004
26.4562988 10.0768499 1.67124999
26.5407009 10.1359997 2.44639993
26.4211998 10.1216002 2.69250011
26.5856991 10.0464001 5.42649984
26.4871006 10.2463999 -0.613499999
26.5995998 10.3537998 1.35749996
26.5335999 10.3706999 1.52559996
26.4146004 10.3100004 2.50760007
26.5363503 10.5064001 1.32640004
26.4454994 10.4432507 1.50139999
26.4417 10.5320997 2.35229993
26.4720993 10.7932997 0.996900022
26.5082664 10.6280003 1.35193336
26.5641003 10.7454996 1.4576
26.4407005 10.6405001 1.62460005
26.4109001 10.7988005 3.83439994
26.4524994 10.7785997 4.84259987
26.5440006 10.9709997 0.655499995
26.4395008 10.8568001 1.01619995
26.456749 10.9328499 3.69040012
26.531601 11.1870003 0.394600004
26.5955009 11.0334997 0.890500009
26.4587994 11.1429996 3.59439993
26.5918999 11.0193005 4.56799984
26.4090004 11.2138004 0.370200008
26.4946499 11.2452497 0.499000013
26.5101509 11.3473501 0.904799998
26.4888 11.2728004 1.10354996
26.5258999 11.2658005 1.21179998
26.4204998 11.3570995 3.53929996
26.4792004 11.4701004 0.638000011
26.5632 11.6993999 0.44600001
26.5750008 11.6134005 0.700399995
26.5699005 11.6676998 0.951300025
26.516449 11.8766003 3.48864985
26.4790001 12.0600004 3.3520999
26.7133007 0.0978000015 -1.34093332
26.6906509 0.278400004 -1.33539999
26.7016335 0.492699981 -1.34953332
26.6431007 0.638499975 -1.33449996
26.6916008 0.955299973 -1.38160002
26.6723003 1.0273 -1.37899995
26.6812 1.35570002 -1.39450002
26.6513996 1.54050004 -1.40900004
26.7152996 1.43260002 -1.39979994
26.6991997 1.75310004 -1.42190003
26.7894001 1.66620004 -1.39849997
26.65205 1.93199992 -1.44494998
26.7859993 2.03559995 -1.43920004
26.7912998 2.37949991 -1.44379997
26.7576008 2.52740002 -1.46430004
26.7686501 2.64559984 -1.47185004
26.7252331 2.87010002 -1.48253334
26.7261505 3.07749987 -1.50779998
26.6968994 3.50079989 -1.50929999
26.7229996 3.71580005 -1.54780006
26.6551514 3.86630011 -1.53515005
26.6702671 4.0963335 -1.56379998
26.7779999 4.54500008 -1.48520005
26.6835003 4.86940002 -1.61339998
26.7023506 5.01144981 -1.59130001
26.7474499 5.27764988 -1.55935001
26.6762009 5.49909973 -1.6717
26.6652489 5.43755007 -1.54999995
26.7782993 5.98169994 -1.63880002
26.7227497 6.13444996 -1.67024994
26.6457005 6.19269991 -1.07239997
26.7089996 6.28285027 -1.651425
26.6648998 6.33949995 -1.58889997
26.6005001 6.27519989 -1.21280003
26.7186012 6.3045001 0.761700034
26.7028828 6.47811651 -1.46601665
26.6844673 6.45666647 -1.25586665
26.7021999 6.47956657 -1.09150004
26.6676006 6.5036335 -0.898633361
26.6711998 6.46799994 0.695133328
26.6422005 6.49669981 4.51370001
26.6466999 6.67850018 -0.935000002
26.6247005 6.72200012 0.540300012
26.6737003 6.74870014 0.640300035
26.7104836 6.75321674 1.87536669
26.7451 6.71843338 2.0356667
26.6842995 6.63439989 4.17549992
26.6899986 6.62174988 4.44939995
26.7499008 6.83939981 -0.464599997
26.7392998 6.99130011 -0.265199989
26.7894993 6.95860004 -0.144400001
26.710701 6.92809963 0.470799983
26.7139492 6.88014984 1.92225003
26.742424 6.92199993 2.12072515
26.7257328 6.95896673 2.28290009
26.6231003 6.86159992 2.58730006
26.7404995 6.96350002 2.73990011
26.7509995 6.98180008 2.94959998
26.7506485 6.93114996 3.12069988
26.6408997 6.95020008 3.31360006
26.7140255 6.88412476 4.28397465
26.6007996 6.96229982 4.46019983
26.7523994 7.14020014 -0.0790000036
26.7758999 7.02670002 0.0892999992
26.7433491 7.05889988 0.329825014
26.7851009 7.11740017 1.18630004
26.7003517 7.03604984 1.87559998
26.7442665 7.07883358 2.13876677
26.7096996 7.07569981 2.29972506
26.6815834 7.14148331 2.48959994
26.7246494 7.09862518 2.66142511
26.7978992 7.07310009 2.86019993
26.6973991 7.15479994 3.99710011
26.7315998 7.11986685 4.10156679
26.7645493 7.15740013 4.31295013
26.6133995 7.04949999 4.44159985
26.6863499 7.27810001 1.93455005
26.7954998 7.29120016 2.10409999
26.7910995 7.38040018 2.21499991
26.6716995 7.36439991 2.49000001
26.7035999 7.21090031 3.9776001
26.6845512 7.34200001 4.04920006
26.6861992 7.27072001 4.29394007
26.6872005 7.49359989 1.95529997
26.6291008 7.4368 2.00300002
26.7189674 7.43533325 2.30326653
26.6137009 7.52820015 2.4138
26.6107998 7.44099998 2.73099995
26.6390991 7.42059994 3.56719995
26.7597504 7.50415039 4.17414999
26.7042007 7.46810007 4.30770016
26.6667004 7.71539974 2.33165002
26.7122669 7.67573357 4.10793352
26.6294994 7.8906002 1.66960001
26.6254005 7.90409994 1.80050004
26.7490005 7.91489983 3.12220001
26.7891998 7.81860018 4.06710005
26.6247005 8.07979965 -0.696099997
26.7383003 8.16329956 2.09509993
26.7531013 8.05140018 3.1315999
26.7175999 8.17090034 3.2428
26.7394009 8.13259983 4.19740009
26.7516003 8.2979002 2.15840006
26.6982994 8.25230026 2.20799994
26.6805992 8.39190006 2.98009992
26.6998997 8.22360039 3.11750007
26.7444 8.36680031 4.28520012
26.7919998 8.22570038 4.44899988
26.6523991 8.26980019 5.28970003
26.6730995 8.48633289 1.69396663
26.7936001 8.5649004 1.81819999
26.6996002 8.58920002 2.079
26.7103996 8.5241003 2.21409988
26.6716003 8.41499996 2.99480009
26.6173 8.46269989 3.08299994
26.697134 8.6566 1.89743328
26.7185993 8.73989964 2.17869997
26.6737003 8.64430046 2.25379992
26.7056007 8.6722002 4.92070007
26.6890488 8.83654976 1.73839998
26.7286491 8.86575031 4.91305017
26.7973003 9.0632 0.179900005
26.6121006 9.16590023 0.7421
26.7332001 9.1953001 1.62940001
26.7598 9.00269985 5.13310003
26.7847996 9.28250027 0.759899974
26.6636009 9.23139954 0.815900028
26.6713486 9.22850037 1.73834991
26.7001495 9.24985027 1.94239998
26.6898003 9.38430023 4.53989983
26.6338997 9.43309975 1.92089999
26.6350994 9.4939003 2.12450004
26.7914009 9.56070042 3.75909996
26.7215996 9.5177002 4.38030005
26.7696991 9.5625 4.44399977
26.6868 9.50979996 4.98589993
26.6679993 9.6807003 1.86179996
26.7826004 9.62450027 3.71639991
26.7539997 9.60739994 3.98760009
26.6242008 9.79409981 4.58050013
26.7667007 9.67549992 4.65619993
26.6832008 9.69890022 4.84170008
26.7632504 9.62779999 5.11625004
26.6760006 9.87353325 1.77106667
26.6889992 9.80090046 4.32499981
26.6205997 9.87629986 4.69840002
26.7467995 9.94519997 4.96210003
26.6588993 9.99639988 5.66540003
26.7439995 10.0904999 1.59389997
26.678299 10.0830994 1.66974998
26.6427002 10.0396004 1.81449997
26.7103996 10.1395998 2.33400011
26.6574993 10.0271997 2.43490005
26.7448997 10.0564003 4.35255003
26.7418995 10.1089001 4.97380018
26.7924995 10.1285 5.58260012
26.7861004 10.3336 -0.519800007
26.6889992 10.3102999 1.49240005
26.7539997 10.2693005 1.92859995
26.6954994 10.2914 4.34689999
26.6770992 10.4259996 1.30809999
26.7847996 10.4520998 1.43149996
26.6550999 10.5792999 4.08099985
26.6063004 10.5096998 4.7809
26.6077995 10.4195995 4.97219992
26.6433506 10.64575 1.15199995
26.6137009 10.7419004 1.24839997
26.7795486 10.6826496 5.01270008
26.6380005 10.8902998 0.867299974
26.7294006 10.8856001 3.83130002
26.7726994 11.1813002 0.187199995
26.7730007 11.1996002 0.331699997
26.7455006 11.0776997 3.4696002
26.6137009 11.0546999 3.72250009
26.7367001 11.0120001 4.4612999
26.7999001 11.1357002 4.60760021
26.7315006 11.2941999 0.332700014
26.7730999 11.3130999 3.41129994
26.7752991 11.2768002 3.70889997
26.7337742 11.4864254 0.910624981
26.6779995 11.4700003 1.07823336
26.6273994 11.6056995 0.41049999
26.90415 0.0722500011 -1.34870005
26.8181 0.235300004 -1.36934996
26.882967 0.509799957 -1.36266661
26.8440514 0.649150014 -1.35345006
26.9025345 0.902799964 -1.37366664
26.8959503 1.0654 -1.38467503
26.9328003 1.32875001 -1.40919995
26.8416004 1.44354999 -1.41764998
26.8822002 1.90649998 -1.44160008
26.8313007 2.02609992 -1.39230001
26.9820004 2.22950006 -1.43190002
26.8630009 2.40840006 -1.45570004
26.9342003 2.89389992 -1.49045002
26.9540997 3.03419995 -1.48800004
26.8365993 3.53530002 -1.54540002
26.8573494 3.95930004 -1.52005005
26.8327007 4.57089996 -1.6092
26.9008999 4.66090012 -1.6099
26.9605999 4.82390022 -1.59899998
26.9438992 6.32219982 -1.68073332
26.9246998 6.35489988 -1.59130001
26.9360676 6.36363316 -1.31210005
26.9743996 6.39025021 1.88234997
26.894701 6.46974993 -1.48459995
26.8975658 6.45069981 -1.29729998
26.8820992 6.54144001 -1.05633998
26.8764992 6.57945013 -0.838649988
26.9722004 6.5696497 1.74320006
26.9174633 6.50466251 1.87747502
26.9248333 6.51726675 2.04463339
26.9062004 6.59849977 4.09719992
26.8763008 6.59919977 4.2013998
26.9391327 6.52839994 4.46880007
26.8925991 6.50040007 4.61600018
26.8183994 6.64109993 -1.50189996
26.9923 6.60610008 -1.21800005
26.8764 6.69964981 -0.76394999
26.9095325 6.65360022 1.76443338
26.8859711 6.66302872 1.90952861
26.9295845 6.71705008 4.14424992
26.8890591 6.70616007 4.27665997
26.9367504 6.63902473 4.45202494
26.8414001 6.90649986 -0.84284997
26.9311829 6.91513348 -0.702199996
26.8655796 6.95514011 -0.514580011
26.918251 6.94990015 -0.293249995
26.8461666 6.96833324 -0.153866678
26.9105663 6.97803307 0.0693333372
26.9435997 6.93480015 0.225400001
26.9074001 6.97349977 0.654699981
26.9596004 6.98320007 0.976000011
26.9176006 6.99690008 1.31029999
26.9562492 6.96479988 1.7852
26.8495998 6.90649986 1.92460001
26.8616753 6.8824501 2.04802489
26.8982391 6.96000004 2.89179993
26.8745995 6.89484978 3.08772492
26.8717003 6.93655014 4.09115028
26.8790493 6.91785002 4.29822493
26.9381504 6.95129967 4.53610039
26.9796009 7.00180006 -0.773999989
26.8889008 7.01170015 -0.379599988
26.8658009 7.00960016 -0.0116999997
26.8124504 7.0177002 0.141800001
26.8358498 7.01615 0.307249993
26.8692875 7.02579975 0.505299985
26.9906998 7.06110001 0.781400025
26.9445496 7.11657524 0.969850004
26.9062595 7.11988354 1.10465837
26.9018497 7.07438326 1.30630004
26.9551754 7.12400007 1.49119997
26.8510342 7.09210014 1.68149996
26.9101505 7.10419989 1.87103331
26.8714333 7.13683319 2.00530005
26.9296799 7.08864021 2.33832002
26.9466343 7.09446669 2.49153328
26.9133339 7.07719994 2.7111001
26.8360996 7.11170006 2.81130004
26.9379005 7.06295013 3.08404994
26.9634991 7.12729979 3.46620011
26.9608002 7.10659981 3.90750003
26.8122997 7.17080021 4.18779993
26.8846989 7.08743334 4.24529982
26.9329491 7.05739975 4.58360004
26.8069992 7.2262001 0.656599998
26.9400997 7.22510004 1.22909999
26.8715992 7.36880016 1.88919997
26.8243504 7.35230017 2.08299994
26.9398994 7.27930021 2.55419993
26.8134003 7.28779984 3.0395
26.9788494 7.21189976 3.49935007
26.9477997 7.24170017 3.91240001
26.9272995 7.28859997 4.01830006
26.8437996 7.23769999 4.23019981
26.8450508 7.42000008 1.98004997
26.919651 7.46414995 2.06305003
26.9503994 7.49363327 2.28176665
26.9239998 7.67479992 1.43719995
26.9304008 7.67850018 2.11094999
26.8933487 7.64914989 2.22959995
26.9309998 7.72989988 3.55299997
26.8726006 7.77299976 3.99790001
26.8567009 7.70774984 4.07695007
26.9953003 7.97669983 1.09179997
26.9203491 7.82470036 1.27789998
26.9346008 7.94439983 3.11540008
26.9337997 7.97334957 3.22144985
26.9041996 7.83209991 3.93359995
26.8987007 7.8371501 4.0682497
26.9671001 8.12180042 1.15439999
26.8825493 8.11319923 2.10640001
26.8603001 8.19320011 2.97580004
26.9216995 8.04847527 3.11437511
26.8162003 8.10634995 3.2182498
26.9687004 8.02200031 4.34259987
26.9190998 8.07069969 4.4229002
26.9174004 8.24044991 1.8937
26.8348999 8.32409954 2.03369999
26.8852005 8.31599998 3.03730011
26.8369999 8.34070015 5.08470011
26.9758492 8.51415062 1.74275005
26.8298492 8.44874954 1.9151001
26.8632336 8.5029335 2.08196664
26.9216995 8.50720024 2.2177
26.8005009 8.57660007 5.22609997
26.8600006 8.64239979 -0.672900021
26.8304996 8.6892004 1.78299999
26.8708992 8.66195011 4.12610006
26.8621006 8.63669968 4.92350006
26.8614998 8.69604969 5.16214991
26.8306007 8.82069969 1.94760001
26.8041 8.87530041 5.39550018
26.8167 9.12779999 1.56599998
26.9482002 9.17000008 1.91340005
26.9129009 9.10840034 5.1967001
26.8584995 9.27099991 0.691600025
26.8283997 9.21529961 1.58249998
26.9104996 9.28670025 1.76049995
26.9076004 9.35480022 3.27600002
26.8910007 9.41689968 -0.592899978
26.8553009 9.59079933 3.77145004
26.8234997 9.5461998 3.95709991
26.8486996 9.49209976 5.15089989
26.8778 9.65450001 1.98249996
26.8673992 9.70730019 3.72390008
26.8544006 9.60849953 3.89429998
26.8346996 9.6303997 4.39720011
26.8243999 9.7592001 4.41650009
26.8565998 9.65629959 4.61250019
26.9130993 9.67199993 5.0706501
26.8666 9.70460033 5.21929979
26.8632011 9.84990025 4.38905001
26.9867992 9.83720016 4.90140009
26.8626003 10.1855001 -0.570500016
26.8409004 10.1260996 1.56219995
26.8920994 10.0206003 1.99769998
26.8813 10.1885996 2.02950001
26.8635006 10.1752996 4.3906002
26.8964005 10.1569004 5.77680016
26.8288994 10.1429005 5.83260012
26.9969997 10.2151003 1.03120005
26.9133244 10.3429251 1.32792497
26.922966 10.2769337 1.52653337
26.8533001 10.3190002 1.61479998
26.8206005 10.2776003 2.07220006
26.8050003 10.3345003 4.69509983
26.8257008 10.3078003 5.44110012
26.8108006 10.2540998 5.69430017
26.8661995 10.5893002 1.38150001
26.8791504 10.4745007 1.45455003
26.9018993 10.5784998 3.92989993
26.8623009 10.4644003 4.04699993
26.8677998 10.4654999 5.1026001
26.9347 10.9351006 0.547749996
26.8684998 10.9996996 0.840399981
26.8307991 10.9350004 3.60890007
26.8829002 10.8724003 3.85914993
26.9000492 10.9111996 4.74985027
26.8117008 11.1686001 0.0710999966
26.9146004 11.1564999 0.310600013
26.9013252 11.0945253 0.501699984
26.9020004 11.1448002 3.55649996
26.934 11.0184002 3.71720004
26.9598999 11.1677999 4.48899984
26.8761501 11.2156496 0.287250012
26.8999004 11.2835503 0.93599999
26.9864998 11.2075996 1.09609997
26.8742008 11.2605 3.45849991
26.9797001 11.3380003 4.70170021
26.9743996 11.3283997 4.9197998
26.8412991 11.4078999 3.53859997
26.8638992 11.5747995 4.63749981
26.9267998 11.6232004 4.72480011
26.9430008 11.6521997 5.11859989
27.1220665 0.0968666673 -1.34896672
27.1602001 0.214000002 -1.375
27.0548 0.541900039 -1.37329996
27.1863995 0.681900024 -1.39219999
27.1513004 0.978200018 -1.4052
27.1620998 1.06340003 -1.38039994
27.1214676 1.52923334 -1.41900003
27.1674004 1.676 -1.40910006
27.1661491 2.11014986 -1.43164992
27.1469994 2.21239996 -1.44550002
27.0258007 2.59559989 -1.4447
27.1655006 2.62015009 -1.44550002
27.1473999 3.00500011 -1.46700001
27.1996994 3.34179997 -1.51189995
27.0912991 3.67319989 -1.47039998
27.0750504 3.95935011 -1.54119992
27.1840515 4.47154999 -1.54959989
27.1151009 4.63199997 -1.59519994
27.1935997 4.85500002 -1.6688
27.0200005 5.10949993 -1.62320006
27.0928001 5.33379984 -1.62460005
27.1835995 5.61359978 -1.7392
27.0245991 5.80179977 -1.66750002
27.1410007 6.09200001 -1.6832
27.1875 6.30309963 -1.64540005
27.0824509 6.31760025 -1.31360006
27.1357002 6.31489992 -1.18929994
27.0338001 6.33970022 1.86769998
27.0911674 6.48098326 -1.49425006
27.123085 6.45379972 -1.2628572
27.1033993 6.51923323 -1.11463332
27.0875015 6.55204964 -0.979449987
27.0191002 6.50255013 1.92684996
27.1355991 6.59700012 4.35109997
27.1162491 6.5638752 4.4461751
27.0147991 6.5559001 4.7033
27.0088005 6.64379978 -1.48749995
27.0715008 6.63850021 -1.02119994
27.1396008 6.62669992 -0.872699976
27.0454998 6.70839977 -0.623300016
27.0049 6.72279978 1.89069998
27.0076656 6.65303326 4.14423323
27.1047878 6.70931244 4.30972481
27.0702 6.76550007 4.43849993
27.0021992 6.90269995 -0.805499971
27.0375004 6.95569992 -0.424299985
27.094101 6.88475037 2.93120003
27.1637993 6.8112998 4.12410021
27.1653004 6.88490009 4.29469967
27.0361004 7.01490021 -0.507600009
27.0785999 7.09849977 -0.263799995
27.0529499 7.04759979 -0.0821999982
27.0363998 7.05550003 0.168899998
27.0518494 7.10770035 0.247999996
27.0450993 7.00979996 0.440100014
27.0685749 7.06907511 0.672049999
27.0678501 7.08817482 0.871999979
27.1077671 7.15696669 1.06389999
27.0978336 7.07926655 1.24906671
27.1135998 7.14529991 1.52985001
27.0144005 7.12319994 1.79659998
27.079567 7.05723333 2.1026001
27.0256996 7.1631999 2.26789999
27.0544014 7.08759975 2.65824986
27.0351009 7.00339985 3.06680012
27.0667496 7.15709972 3.52694988
27.0396004 7.14319992 3.65199995
27.0926991 7.11670017 3.88549995
27.0438995 7.14669991 4.07285023
27.1227989 7.05089998 4.26119995
27.0412998 7.05289984 4.59649992
27.0473499 7.13660002 4.64525032
27.1095009 7.32730007 1.17180002
27.1162491 7.28060007 1.29200006
27.1431503 7.36159992 1.48554993
27.1056995 7.29152489 1.72189999
27.0633507 7.31815004 1.84360003
27.0431004 7.28609991 2.19959998
27.1580505 7.28909969 2.29579997
27.0433006 7.24609995 2.58940005
27.1636009 7.26300001 3.15639997
27.1198997 7.29224968 3.51730013
27.0708008 7.24867487 3.85952497
27.0725994 7.25964975 4.11427498
27.0816326 7.28903341 4.31769991
27.1541996 7.39680004 4.69829988
27.0911007 7.40700006 1.18879998
27.1326504 7.47560024 1.36934996
27.168499 7.48999977 1.74419999
27.0326996 7.48710012 1.95449996
27.0077 7.53259993 2.15179992
27.0667992 7.58699989 2.24379992
27.1695995 7.44210005 3.25589991
27.1065998 7.46990013 3.6256001
27.1182995 7.50820017 4.38829994
27.1479492 7.73925018 1.1516
27.1542511 7.75144958 1.20650005
27.1389999 7.67469978 1.41439998
27.0995674 7.7407999 2.18250012
27.1886005 7.7342 3.21560001
27.1536007 7.76399994 3.6631999
27.1379509 7.6802001 4.40764999
27.1912994 7.9849 0.999300003
27.1167336 7.91746664 1.09916663
27.0440998 7.93830013 1.32710004
27.1289501 7.96099997 1.87635005
27.0797005 7.81419992 2.22140002
27.0575504 7.91217518 3.14527512
27.1047993 7.85839987 3.21560001
27.0869007 7.89729977 3.62360001
27.0451012 7.98465014 3.85724998
27.1964493 7.91365004 4.25915003
27.0726509 7.83885002 4.50440025
27.1216507 8.05049992 0.965499997
27.0623665 8.00546646 1.03973329
27.066 8.0284996 1.29750001
27.1442337 8.14770031 1.71113336
27.0516663 8.12903309 1.86839998
27.1268997 8.06690025 2.31859994
27.0872498 8.15814972 3.09145021
27.0809994 8.06596661 3.92693329
27.1709003 8.09210014 4.19199991
27.1728992 8.04539967 4.41349983
27.1084003 8.17710018 4.78660011
27.0104008 8.06779957 4.9151001
27.0993996 8.19610023 5.31069994
27.0603008 8.25930023 1.73909998
27.1373997 8.33940029 1.95140004
27.1438999 8.2947998 2.13329983
27.1506004 8.33586693 2.95149994
27.1905499 8.32905006 3.10564995
27.1054497 8.32634926 4.15009975
27.0967484 8.28960037 4.24664974
27.1889 8.4076004 1.68540001
27.1676998 8.53829956 2.00430012
27.0056 8.48340034 2.9526
27.0189514 8.43715 4.2411499
27.1001339 8.64799976 1.70983338
27.0578995 8.65229988 1.94939995
27.0002003 8.67109966 4.09560013
27.1061993 8.93239975 1.66110003
27.0900002 9.15979958 1.37679994
27.0874996 9.13939953 1.46270001
27.0858994 9.05235004 1.78235006
27.0585003 9.0958004 5.17519999
27.0477505 9.12445068 5.31204987
27.1587505 9.29635048 1.28069997
27.1973 9.22669983 1.41279995
27.0727997 9.29150009 2.24629998
27.052 9.32006645 5.26926661
27.1392326 9.70996666 1.65576673
27.0548992 9.70110035 1.83539999
27.1194 9.80309963 -0.858500004
27.0811005 9.85709953 4.73290014
27.1438007 9.96570015 4.97130013
27.0820999 9.81620026 5.09919977
27.1993008 9.93869972 5.38530016
27.1177998 10.1625004 1.23599994
27.1488991 10.0515499 1.73000002
27.0988007 10.0754328 5.08879995
27.0205994 10.1833 5.29300022
27.0713997 10.3771 0.911199987
27.092001 10.2498331 1.13699996
27.0298996 10.3923998 3.99499989
27.1040993 10.3868504 4.11339998
27.1283493 10.3440495 4.28520012
27.1135998 10.3584003 4.47450018
27.1327515 10.3260498 4.86460018
27.0170002 10.2473001 5.46360016
27.1079006 10.5748997 0.691299975
27.1644249 10.493 1.11207497
27.0998993 10.4875002 1.20439994
27.0854492 10.5037498 1.4927001
27.0900002 10.5194998 3.91910005
27.1210003 10.4647999 4.17299986
27.0946007 10.5054998 4.99980021
27.0897999 10.6225996 0.513800025
27.1812992 10.6233997 1.44889998
27.1798515 10.6729002 3.85409999
27.1581993 10.7309999 4.86429977
27.0796661 10.9377003 0.352800012
27.1043797 10.9328403 0.495099992
27.1857986 10.8610497 1.09119999
27.1793995 10.9294996 1.37300003
27.0687485 10.8808994 3.82735014
27.0461998 10.9459 4.75500011
27.1011009 11.0490999 0.264200002
27.1891994 11.0026999 0.644900024
27.0813999 11.1000004 0.934099972
27.1228504 11.0854998 1.06544995
27.0367508 11.0942001 3.70475006
27.0921001 11.0380001 3.8578999
27.1252995 11.2568998 0.00469999993
27.0587006 11.2019997 3.7902
27.0716991 11.2009001 4.3757
27.0517998 11.3185997 4.69250011
27.3983002 0.323799998 -1.37390006
27.2427406 0.502739966 -1.38090003
27.3659 0.995000005 -1.40219998
27.3617001 1.19490004 -1.3836
27.3685493 1.29804993 -1.41140008
27.3262005 1.29139996 -1.39540005
27.3062 1.49479997 -1.42639995
27.2877998 1.40880001 -1.39590001
27.2250996 1.60520005 -1.41620004
27.2966995 2.1019001 -1.44029999
27.2178001 2.24780011 -1.43739998
27.3452244 2.50924993 -1.48469996
27.3349495 3.06932497 -1.48682499
27.2789001 3.25810003 -1.52479994
27.3095512 3.51149988 -1.52099991
27.3577995 3.92400002 -1.56429994
27.2338009 4.01949978 -1.55420005
27.2749004 4.27510023 -1.65629995
27.3864994 4.5250001 -1.59739995
27.3596001 4.67764997 -1.61945009
27.3992996 4.90080023 -1.61450005
27.2877007 4.90070009 -1.5503
27.3714008 5.10109997 -1.60350001
27.2779007 5.20979977 -1.59189999
27.3946991 5.64620018 -1.65540004
27.3358994 6.05189991 -1.66750002
27.2684002 6.15799999 -1.32260001
27.3048 6.23705006 -1.67770004
27.2695007 6.35389996 -1.53894997
27.3596497 6.30620003 -1.31150007
27.2719994 6.36170006 -1.19850004
27.2677002 6.48469973 -1.48636663
27.3090496 6.42339993 -1.31474996
27.2765675 6.52939987 -1.09969997
27.3493404 6.51264 -0.948059976
27.3623676 6.48330021 4.34679985
27.2817593 6.53274012 4.48472023
27.2893333 6.69486666 -0.931349993
27.3181 6.75129986 -0.784799993
27.3283997 6.64230013 3.9993999
27.3162251 6.74597502 4.33059978
27.2927513 6.69169998 4.45835018
27.2598991 6.9842 1.79709995
27.3370991 6.95800018 2.15770006
27.3397007 6.91230011 2.26859999
27.2586002 6.95539999 2.87549996
27.2574673 6.89276648 3.03553343
27.2555008 6.94005013 4.26169968
27.2203999 7.14309978 1.0546
27.3530006 7.14299965 1.49690008
27.3146992 7.10657501 1.65787506
27.3250999 7.07110023 1.84455001
27.3582993 7.14839983 2.02810001
27.2124004 7.18249989 2.35579991
27.2625008 7.05170012 2.94070005
27.2672997 7.29049969 1.03915
27.2853508 7.29864979 1.33214998
27.2818604 7.26401997 1.48808002
27.2720203 7.24336004 1.68244004
27.2681503 7.29629993 1.97090006
27.2700005 7.28084993 2.25955009
27.2427998 7.22830009 2.40960002
27.2283993 7.47079992 1.12520003
27.2908173 7.51916647 1.28425002
27.3878994 7.47989988 2.11310005
27.3208332 7.52670002 3.31509995
27.2210007 7.44229984 4.60680008
27.2586708 7.73874283 1.13397145
27.2862244 7.7041502 1.285725
27.2827988 7.66779995 1.64244998
27.3132992 7.65799999 1.83270001
27.3291607 7.76563978 3.14675999
27.2061005 7.6177001 3.23629999
27.2680511 7.70249987 4.47245026
27.2845993 7.68300009 4.61829996
27.2761993 7.93370008 0.961300015
27.2785492 7.87039995 1.14400005
27.3197994 7.89769983 1.21150005
27.2943497 7.91464996 1.49835002
27.3445663 7.87858343 1.6787833
27.2835007 7.9380002 1.88399994
27.3292999 7.90795994 2.14766002
27.2364006 7.86969995 3.21519995
27.2238007 7.98190022 4.18520021
27.3537483 7.97090006 4.3144002
27.3258495 8.11355019 1.55154991
27.2766991 8.09899998 1.66000009
27.3768005 8.06685066 2.08200002
27.3703003 8.05140018 4.17479992
27.2775192 8.09867954 4.29839993
27.2943993 8.15810013 4.41690016
27.3537502 8.34485054 1.49849999
27.2840004 8.31770039 1.69073331
27.2084999 8.23820019 1.84619999
27.3093491 8.3172493 2.10330009
27.2639999 8.38239956 2.94070005
27.2877007 8.25559998 3.11400008
27.2010994 8.20069981 4.16580009
27.3017006 8.2517252 4.29152489
27.3188992 8.48060036 1.5244
27.2375984 8.42564964 1.65544999
27.2600002 8.56755066 4.0567503
27.3115997 8.72430038 1.52845001
27.2618999 9.03269958 2.47059989
27.3283005 9.32820034 1.18280005
27.2585506 9.28425026 1.27174997
27.2530994 9.26830006 1.72759998
27.3705502 9.29355049 2.16799998
27.3745003 9.58749962 1.59519994
27.3525009 9.54580021 1.74160004
27.2745991 9.48579979 1.80420005
27.3150005 9.47179985 2.25349998
27.2770004 9.69409943 1.70659995
27.3476009 9.66100025 2.40179992
27.2734489 9.91919994 -0.75545001
27.2227993 9.82940006 1.63960004
27.2577 9.94209957 4.92199993
27.3092003 9.95720005 5.25880003
27.3882008 10.0599003 1.51909995
27.3964005 10.1084003 4.93209982
27.3110008 10.2937002 0.709999979
27.2250004 10.2096004 1.10829997
27.2504005 10.3958998 1.21990001
27.3122997 10.3417997 4.64529991
27.3710995 10.3648996 4.80709982
27.3318996 10.3985004 5.6184001
27.3336506 10.2997999 5.81785011
27.2831001 10.5528002 0.569899976
27.3043003 10.5307665 0.768966675
27.2753334 10.4962664 0.881266654
27.3012657 10.4568338 1.08426666
27.2537003 10.4373999 1.21259999
27.3070488 10.4435997 1.47504997
27.2280502 10.4418507 3.86469984
27.3375015 10.4587498 4.69140005
27.3397007 10.5911999 5.32219982
27.3029499 10.7262001 0.543650031
27.2803669 10.7143002 0.667599976
27.3336487 10.6303005 0.806599975
27.2672005 10.6359997 1.38440001
27.3124008 10.6083002 1.43809998
27.3127003 10.6008997 3.83330011
27.2054996 10.6562004 4.03910017
27.3246994 10.9408998 0.210299999
27.3200989 10.9317999 0.546999991
27.3057003 10.9163494 0.787299991
27.2243996 10.9144993 0.874850035
27.2745514 10.8619003 3.97254992
27.2773991 10.8011999 4.18120003
27.3806 11.0677996 0.370200008
27.2667007 11.0172997 0.836800039
27.2924995 11.0973997 3.54879999
27.3519001 11.2603998 0.856000006
27.3059006 11.3186998 3.69569993
27.3150997 11.2486 3.8156333
27.3313999 11.2817001 5.29949999
27.4268494 0.0988000035 -1.37590003
27.5746994 0.221699998 -1.40579998
27.5554657 0.512466669 -1.38363338
27.5578995 0.973999977 -1.40639997
27.4699993 1.04180002 -1.42040002
27.4759998 1.00689995 -1.39409995
27.5771008 1.57669997 -1.41709995
27.4148006 1.88129997 -1.44990003
27.5376663 2.09389997 -1.45350003
27.4316006 2.31529999 -1.45169997
27.4862995 2.59159994 -1.48769999
27.4925499 3.19304991 -1.51454997
27.4854012 3.50325012 -1.50950003
27.4393997 3.81559992 -1.53960001
27.4759007 4.25500011 -1.52269995
27.4776993 4.77780008 -1.62639999
27.4442005 5.10720015 -1.62709999
27.4883995 5.60169983 -1.58449996
27.4971752 6.27452517 -1.68879998
27.5339508 6.38640022 -1.57415009
27.4004002 6.34240007 -1.30120003
27.5334511 6.32690001 -1.1408
27.5187492 6.25904989 -0.890100002
27.4687996 6.43069983 -1.63129997
27.4872341 6.48156691 -1.4835
27.4976501 6.50084972 -1.30124998
27.4928989 6.52663994 -1.06166005
27.5045509 6.51539993 -0.951849997
27.5135994 6.53215027 -0.795249999
27.5419998 6.53599977 4.36819983
27.4090996 6.52829981 4.47410011
27.4151993 6.63500023 -0.799199998
27.4848995 6.70295 4.11495018
27.4451008 6.60650015 4.26760006
27.5515003 6.89230013 -0.843900025
27.5295753 6.93445015 1.48102498
27.5704994 6.97089958 1.65015006
27.5128746 6.93687487 2.13642502
27.5711498 7.09240007 1.3910501
27.52005 7.08666658 1.48874998
27.4874134 7.08688593 1.70941424
27.464941 7.09316015 1.87282002
27.4860573 7.11217165 2.07352853
27.5335999 7.12699986 2.26040006
27.4288006 7.24510002 1.36409998
27.5818996 7.20249987 1.59019995
27.4703007 7.24910021 1.67400002
27.5023499 7.26599979 1.95005
27.52355 7.26939964 2.03424978
27.4802666 7.31896687 2.28313327
27.5573502 7.53544998 2.22985005
27.5851002 7.59250021 3.27099991
27.5242004 7.72722483 1.3096
27.5564003 7.73589993 1.45570004
27.4450493 7.73394966 1.71020007
27.4588509 7.69474983 2.13590002
27.5748005 7.6086998 2.23699999
27.5953999 7.77939987 2.65400004
27.4925995 7.75699997 3.17610002
27.4940987 7.71854973 3.2581501
27.4001999 7.8283 1.18610001
27.4674339 7.87396669 1.37083328
27.4695511 7.91550016 1.44950008
27.4654999 7.86929989 1.62339997
27.4800987 7.94082499 2.14590001
27.4242992 7.8190999 3.14759994
27.4626503 8.1317997 1.6187501
27.5453491 8.04599953 2.13829994
27.4036007 8.08790016 4.10290003
27.4309006 8.17380047 4.4204998
27.4127998 8.37260056 1.67604995
27.4548664 8.27229977 2.11750007
27.4479485 8.45079994 1.55544996
27.5608006 8.76369953 1.27869999
27.5415001 8.80669975 1.34850001
27.5194016 8.89122486 1.50177503
27.4876995 9.15279961 1.50660002
27.4923325 9.26929951 2.30026674
27.406601 9.43480015 1.38129997
27.5771999 9.46450043 2.26839995
27.5654984 9.68494987 1.35949993
27.5142994 9.64459991 2.20530009
27.5166397 9.6801405 2.5215199
27.518034 9.75783348 4.92610025
27.4729996 9.76053333 5.0710001
27.5509987 9.94610023 4.91479969
27.5465736 9.92370033 5.07437515
27.4838486 10.0445499 -0.701550007
27.4816341 10.0726662 -0.537500024
27.4664326 10.1258001 4.91903353
27.4976997 10.0600996 5.31689978
27.4710999 10.1042995 5.78800011
27.5042992 10.3302498 1.10159993
27.4398994 10.3537006 1.30844998
27.5295334 10.3242331 5.55240011
27.5995998 10.2735004 5.74599981
27.4016991 10.4967003 0.688899994
27.5363998 10.4497757 1.09389997
27.5844002 10.4073 1.22529995
27.4592514 10.4843998 4.62279987
27.5349007 10.4742002 5.5625
27.4589996 10.7073002 0.330599993
27.4342995 10.6854 0.400599986
27.4613991 10.6983995 1.32430005
27.5370007 10.6035995 1.41700006
27.4970665 10.7182999 4.10076666
27.4832001 10.6210003 4.98969984
27.5084991 10.6574001 5.63514996
27.4057999 10.9365997 0.485900015
27.5117493 10.8427505 0.710600019
27.5428505 10.8437996 3.98790002
27.5154991 10.8066998 4.02370024
27.4692001 11.0929003 0.0980999991
27.4894009 11.1967001 0.3037
27.464901 11.1086502 0.797150016
27.4502659 11.1271 0.87620002
27.5956001 11.0143995 1.07229996
27.4365997 11.2271004 -0.00879999995
27.4081001 11.3467999 1.02919996
27.5212994 11.3240328 3.87709999
27.4055004 11.3688002 5.40420008
27.4752998 11.3161001 5.6711998
27.4780331 11.4920664 3.86930013
27.4041996 11.6736002 0.0965000018
27.7033501 0.386799991 -1.37249994
27.7245502 0.585500002 -1.40429997
27.7341003 0.884299994 -1.41340005
27.691 1.10564995 -1.42164993
27.6879005 1.33019996 -1.50339997
27.6571007 1.63966668 -1.44679999
27.7621326 2.11053324 -1.47073328
27.7101002 2.31520009 -1.45210004
27.7034492 2.88934994 -1.47335005
27.7308006 3.19420004 -1.5359
27.7901001 3.47359991 -1.54690003
27.6154499 3.66879988 -1.57204998
27.6788998 4.12989998 -1.60070002
27.6042004 4.13140011 -1.55139995
27.6870003 4.46990013 -1.58879995
27.7369003 4.68200016 -1.57550001
27.6735992 5.20459986 -1.65849996
27.7835999 5.64599991 -1.62699997
27.7040253 6.30644989 -1.66960001
27.7919998 6.35570002 -1.59249997
27.6392498 6.44159985 -1.60525
27.7373333 6.51133347 -1.51553333
27.6448002 6.53840017 -1.25530005
27.6798496 6.53565025 -1.14549994
27.6349335 6.48786688 -0.888099968
27.7542 6.70690012 -1.46879995
27.6631508 6.67294979 -1.02294993
27.7861519 6.77334976 1.28885007
27.744751 6.7592001 1.5322001
27.7636337 6.72349977 1.65156662
27.7817001 6.74139977 3.9763
27.6658669 6.71269989 4.06826687
27.7041512 6.93410015 -0.880100012
27.7011795 6.93932009 1.30892003
27.6836758 6.92191219 1.50884998
27.691967 6.87683344 1.65066671
27.7129326 7.09994984 1.31898332
27.6557503 7.05695009 1.51005006
27.621151 7.09654999 1.73847508
27.6343002 7.07180023 2.02090001
27.7868004 7.21190023 1.18659997
27.7171669 7.2663002 1.28313327
27.6446991 7.2887001 1.77339995
27.7796993 7.21210003 1.84119999
27.7897987 7.5 1.71825004
27.6504002 7.50142002 2.33764005
27.7206993 7.56330013 2.50169992
27.6872997 7.59369993 3.16989994
27.7171249 7.54882479 3.35380006
27.7145004 7.53499985 3.4066
27.7071342 7.71463346 1.31608331
27.7964001 7.74860001 1.68229997
27.6153336 7.68983364 2.09969997
27.6860008 7.63719988 2.37980008
27.7366486 7.74289989 3.14564991
27.7034321 7.63310003 3.22956657
27.7971001 7.88749981 1.26999998
27.7658997 7.98260021 1.42859995
27.6301003 7.89406681 2.12933326
27.7777996 7.87799978 2.26729989
27.7210007 8.02110004 2.17479992
27.6126003 8.33679962 1.63849998
27.6989002 8.23709965 2.19260001
27.6047993 8.58590031 1.57539999
27.7563992 8.71080017 1.18710005
27.6543999 8.75399971 1.37605
27.7383499 8.7904501 1.69704998
27.7971001 8.76900005 1.86679995
27.72855 8.86692524 1.5297749
27.6727009 8.86983299 1.63769996
27.7166996 9.18029976 -0.765900016
27.7223511 9.12185001 1.51515007
27.7208004 9.07479954 1.60769999
27.7737007 9.21730042 -0.747099996
27.6826992 9.31999969 2.3269999
27.6710339 9.49066639 -0.712133348
27.6455002 9.43099976 -0.552200019
27.7670002 9.43739986 1.61179996
27.7129002 9.73260021 1.23979998
27.6166 9.74240017 2.55139995
27.7584 9.67879963 2.61660004
27.7877998 9.81809998 1.28100002
27.6746998 9.98419952 5.04050016
27.7077999 10.0917997 1.42659998
27.6926994 10.1206999 4.92710018
27.6851254 10.0952501 5.09570026
27.6110992 10.1816998 5.69469976
27.6380997 10.3830004 0.813399971
27.6332512 10.3120003 1.09249997
27.6841011 10.3524494 1.38225007
27.7485008 10.2531996 2.25250006
27.6688499 10.2307501 4.97270012
27.7609005 10.2589998 5.11180019
27.7421989 10.3658504 5.51020002
27.6243668 10.2869673 5.70166683
27.6981201 10.5438004 1.12349999
27.6773987 10.5081997 1.31264997
27.7192993 10.4295998 5.03520012
27.6719246 10.4203749 5.70067501
27.6569996 10.6515999 4.94339991
27.718399 10.7036495 5.56769991
27.7220001 10.6136999 5.62755013
27.6902008 10.9520998 0.311500013
27.6963997 10.8375998 0.510100007
27.6709499 10.8484497 0.665099978
27.6480007 11.0712996 0.417499989
27.7264004 11.1607494 4.11565018
27.6324997 11.3280001 0.256399989
27.7678986 11.3337002 4.04679966
27.787899 11.2347002 4.26935005
27.9190998 0.108133331 -1.38479996
27.9482994 0.489899993 -1.39030004
27.8596001 0.644850016 -1.42350006
27.8450336 1.09806669 -1.4277333
27.9374008 1.2931 -1.45599997
27.8978252 1.51119995 -1.44607496
27.9120502 1.67350006 -1.46920002
27.9072666 2.12953329 -1.46806669
27.8691006 2.57520008 -1.47780001
27.9106503 2.65380001 -1.49685001
27.9972 3.09500003 -1.53910005
27.9759998 3.25189996 -1.50979996
27.9580994 3.53259993 -1.53900003
27.9396 3.79590011 -1.55009997
27.9613991 3.90790009 -1.55929995
27.8789997 4.0777998 -1.56099999
27.8904495 4.31480026 -1.58494997
27.9064007 4.61250019 -1.56939995
27.8176994 4.84569979 -1.59689999
27.9895992 5.03119993 -1.61319995
27.9221001 5.38899994 -1.65830004
27.9361 6.17089987 -1.61479998
27.9211998 6.33447981 -1.66351998
27.8851013 6.35235023 -1.57354999
27.8978996 6.37339973 1.56145
27.9158421 6.52678585 -1.48021424
27.9039001 6.54912519 -1.33177495
27.9286995 6.59600019 1.38300002
27.9529285 6.45955706 1.50465715
27.8637009 6.51385021 1.61174989
27.8155994 6.66349983 -1.47730005
27.9915009 6.69059992 -1.02569997
27.8412991 6.66660023 -0.948499978
27.8592243 6.68260002 1.30737495
27.8574867 6.69671249 1.49667501
27.8978996 6.64750004 4.11025047
27.8681984 6.88689995 -1.10820007
27.8685207 6.92572021 -0.926320016
27.8045006 6.84255028 1.31089997
27.9227009 6.87839985 1.54750001
27.8501987 7.12196684 1.31683338
27.8301506 7.14210033 1.44499993
27.8890991 7.26453352 1.2864666
27.9498997 7.25419998 1.42709994
27.8634987 7.37034988 2.35934997
27.9107323 7.31046677 2.43303323
27.8806992 7.38269997 3.53369999
27.8591003 7.48999977 1.68477499
27.9151001 7.59250021 2.03570008
27.8274994 7.51749992 2.33940005
27.8885498 7.46784973 2.5165
27.8865509 7.50547504 3.35737514
27.8265991 7.69259977 1.43089998
27.9155598 7.73399973 1.71907997
27.9549999 7.72459984 1.82524991
27.8681984 7.70635033 2.24475002
27.8642006 7.64379978 3.24796677
27.8824997 7.94150019 -0.903400004
27.9654999 7.83010006 1.68830001
27.9776001 7.91620016 1.86769998
27.8585796 7.86761999 2.25660014
27.905201 8.06520081 1.63534999
27.914299 8.13134956 2.11244988
27.9106007 8.03880024 2.23036671
27.9088516 8.71080017 -0.830649972
27.8551006 8.60340023 -0.647300005
27.9732018 8.72494984 1.11389995
27.8724403 8.67034054 1.30102003
27.90625 8.78845024 1.50970006
27.9325657 8.71049976 1.71150005
27.8955994 8.74545002 1.83739996
27.9419994 8.86540031 -0.907999992
27.9139004 8.8543005 1.32570004
27.9514008 8.99180031 1.55550003
27.8353996 9.0010004 -0.845600009
27.9559002 9.58320045 1.29789996
27.8733997 9.69219971 1.18939996
27.9773006 9.63440037 1.29719996
27.9596996 9.87180042 1.32480001
27.886467 9.88799953 2.49013329
27.8794003 10.0211 2.40249991
27.9804993 10.0236998 2.66050005
27.8586006 10.3002005 1.26590002
27.8782997 10.3360004 4.97195005
27.8886986 10.3537998 5.14414978
27.9568996 10.3247995 5.22609997
27.9696007 10.5640001 1.03719997
27.9379005 10.5 1.296
27.8948994 10.4118996 2.3210001
27.8015003 10.5100002 4.96290016
27.9382 10.5725002 5.08839989
27.9401398 10.5448198 5.68181992
27.8980656 10.4645004 5.83503342
27.9051991 10.6359997 4.91739988
27.8362007 10.6365995 5.00619984
27.9231987 10.6353998 5.63399982
27.8187008 10.9527998 0.307300001
27.9161491 10.8915253 0.51712501
27.9698009 10.8584003 0.644500017
27.9967995 10.8058004 5.53319979
27.9857998 11.0134001 0.474099994
28.1749001 0.100900002 -1.3987
28.0102005 0.234599993 -1.38259995
28.0907326 0.495366663 -1.41053331
28.0538502 0.693799973 -1.42315006
28.0147991 0.967199981 -1.41760004
28.1789513 1.09765005 -1.44659996
28.0857506 1.55215001 -1.45475006
28.0091991 2.03439999 -1.4612
28.0387993 2.25939989 -1.50189996
28.0660992 2.63140011 -1.51760006
28.0620499 2.99345016 -1.51139998
28.1751995 3.10759997 -1.51020002
28.0639992 3.31029987 -1.57529998
28.0128994 3.48239994 -1.54530001
28.0561008 3.75699997 -1.625
28.0401993 3.60800004 -1.54489994
28.1527004 3.84929991 -1.56819999
28.1791 4.02890015 -1.55630004
28.1522999 4.49316645 -1.61189997
28.0114002 4.6868 -1.63909996
28.0277004 4.95300007 -1.61730003
28.0114994 4.92840004 -1.57700002
28.0338001 5.12330008 -1.63030005
28.1065006 5.19719982 -1.59379995
28.0095005 5.38770008 -1.62679994
28.0517998 5.52655029 -1.63209999
28.1280994 5.70109987 -1.66129994
28.1259499 6.28485012 -1.65735006
28.0646 6.33029985 -1.57239997
28.024601 6.28900003 1.46965003
28.1261654 6.4982667 -1.55556667
28.1294003 6.54360008 -1.29955006
28.0200005 6.55359983 -1.15110004
28.0084 6.52589989 1.30209994
28.065033 6.52946663 1.44733334
28.1653004 6.55840015 4.14289999
28.1553001 6.61100006 -1.45829999
28.1174011 6.71920013 -1.05359995
28.1553345 6.65736675 -0.966000021
28.0184994 6.62779999 1.3836
28.1597004 6.67133331 4.08139992
28.1355 6.9059 -0.894800007
28.1287994 7.02680016 -0.850499988
28.0568504 7.15170002 1.33755004
28.0955009 7.38640022 2.27819991
28.0629654 7.31839991 2.46490002
28.1501007 7.42649984 2.40380001
28.0013008 7.46220016 3.30320001
28.104351 7.70774984 1.67809999
28.0121498 7.68694973 2.25999999
28.0795002 7.97459984 1.55569994
28.0679665 7.8718667 1.68639994
28.1182003 7.84560013 2.32859993
28.0432987 8.12513351 2.25429988
28.1388512 8.24270058 2.23609996
28.0014992 8.6257 1.1918
28.1009483 8.72434998 1.59500003
28.0942993 8.66794968 1.67980003
28.0949497 8.91114998 1.46249998
28.059433 9.16726685 1.47940004
28.1383991 9.2354002 1.47479999
28.0412502 9.5692997 1.36769998
28.1210995 9.44050026 1.45609999
28.1690006 9.78649998 -0.747200012
28.082901 9.69120026 1.37129998
28.1595001 9.6566 1.41164994
28.0595188 9.86522007 1.27551997
28.0918007 10.0396004 2.52670002
28.0674992 10.5117998 1.13429999
28.1363678 10.5347662 1.24376667
28.122076 10.6608505 5.6647501
28.1938 10.7367001 5.94329977
28.0053005 10.9158001 0.339300007
28.0153999 10.8528004 0.480300009
28.0447006 10.9097004 0.63440001
28.1411991 10.9034004 5.57569981
28.1065674 10.8667336 5.72343302
28.2903004 0.103299998 -1.40719998
28.3372993 0.0706999972 -1.39919996
28.3966007 0.263700008 -1.41390002
28.2856998 0.468850017 -1.41949999
28.3426991 0.60799998 -1.42949998
28.3439007 0.859000027 -1.426
28.3463516 1.13964999 -1.44219995
28.2162495 1.53590012 -1.45904994
28.3160992 1.75179994 -1.48720002
28.3876495 1.91864991 -1.45945001
28.3219337 2.11106658 -1.48963332
28.2793999 2.21079993 -1.47490001
28.3262997 2.51920009 -1.49189997
28.2849007 2.62389994 -1.50150001
28.2476006 2.99110007 -1.50740004
28.2339993 3.53909993 -1.54320002
28.2040005 3.90949988 -1.57099998
28.2681007 4.3197999 -1.62030005
28.2487507 4.97599983 -1.62530005
28.3729 4.98829985 -1.5934
28.2280998 5.09770012 -1.63839996
28.3703003 5.31599998 -1.56949997
28.3418999 5.60160017 -1.66890001
28.2612 5.62260008 -1.58039999
28.3582497 6.27620029 -1.6559999
28.3494492 6.36765003 -1.56305003
28.3948994 6.40770006 -1.70210004
28.2472 6.57620001 -1.52719998
28.2998009 6.56384993 -1.25489998
28.3679752 6.54202509 -1.09614992
28.3392334 6.62833309 -1.5201
28.27915 6.63980007 -1.29772496
28.3325672 6.64333344 -1.06723332
28.3412514 6.64272499 4.08567524
28.3190994 7.18109989 2.61179996
28.2829494 7.3359499 2.31780005
28.3355198 7.28053999 2.44885993
28.2959251 7.44710016 2.30807495
28.2360992 7.75369978 1.79970002
28.2012997 8.32670021 2.15030003
28.2514 8.30294991 2.35354996
28.3045006 8.53849983 1.73570001
28.2761002 8.4986496 1.81099999
28.3167496 8.76319981 1.53139997
28.3220673 8.63866615 1.66383338
28.3355007 8.84379959 1.39760005
28.2481499 8.87260056 1.52160001
28.3446331 9.14566708 1.53620005
28.3495998 9.30095005 1.56289995
28.2737675 9.46879959 1.45083332
28.3281002 9.77950001 1.35169995
28.2707005 9.66259956 1.69949996
28.2931004 9.93799973 -0.693799973
28.3097992 9.92179966 1.76189995
28.2604008 10.5667 5.77080011
28.2865009 10.5902004 5.83179998
28.3104 10.7955999 5.77600002
28.5166798 0.107600003 -1.41541994
28.4719009 0.0293000005 -1.39649999
28.4937 0.643900037 -1.46665001
28.5060997 1.11919999 -1.43943334
28.468399 1.301 -1.45755005
28.5157509 1.47035003 -1.45969999
28.5799007 1.71340001 -1.46669996
28.5090008 1.97060001 -1.46519995
28.4993496 2.07385015 -1.50810003
28.5051994 2.35630012 -1.52400005
28.4894485 2.49765015 -1.51204991
28.4766998 2.64549994 -1.52789998
28.4388008 2.95120001 -1.53770006
28.4221992 3.11845016 -1.54069996
28.4533997 3.39249992 -1.5395
28.4855003 3.46819997 -1.56765008
28.4951992 4.26870012 -1.57270002
28.4941998 4.89755011 -1.61389995
28.4337997 5.27089977 -1.63170004
28.4698753 6.29775 -1.66275001
28.5140991 6.29885006 -1.06279993
28.5986004 6.56029987 -1.6099
28.4597511 6.57404995 -1.47530007
28.5440502 6.55929995 -1.25854993
28.5268803 6.46190023 -1.13867998
28.5018997 6.53489971 -0.968549967
28.4515991 6.5777998 4.06139994
28.5086498 6.65207481 -1.48659992
28.4297009 6.60669994 -1.28059995
28.5286999 6.68000031 -0.969550014
28.5596504 6.65324974 3.98709989
28.4513664 6.63813353 4.03923321
28.4918003 6.98640013 2.68939996
28.5335999 7.06790018 2.39190006
28.5054512 7.10865021 2.49029994
28.4864502 7.24650002 2.37275004
28.4725246 7.26177502 2.492975
28.4729996 7.21150017 2.60450006
28.4027996 7.43590021 2.27710009
28.5447006 7.41739988 2.41210008
28.4923992 8.36550045 1.74460006
28.5258999 8.31907558 1.89315009
28.4692345 8.4774332 1.70336664
28.5201244 8.68077469 1.51880002
28.4111996 9.31210041 1.52960002
28.4440002 9.32944965 1.62284994
28.4867516 9.50024986 1.35224998
28.4906139 9.51678562 1.50800002
28.4982491 9.56534958 1.67114997
28.5226994 9.66499996 1.30859995
28.6450005 0.11485 -1.40429997
28.6798 0.213400006 -1.42120004
28.7245255 0.482675016 -1.42270005
28.6296997 0.698400021 -1.44114995
28.7063999 0.87833333 -1.44349992
28.7091007 1.16279995 -1.44729996
28.7224998 1.20545006 -1.46709991
28.6170998 1.48239994 -1.46350002
28.6859188 1.68838 -1.47277999
28.6809998 1.91869998 -1.47839999
28.7171993 2.05823326 -1.52276671
28.6702995 2.20650005 -1.50349998
28.6828003 2.54199982 -1.51594996
28.7381611 2.68050003 -1.51797998
28.6098003 3.19580007 -1.52279997
28.7758675 3.51843333 -1.56830001
28.6949501 3.6940999 -1.55060005
28.7439003 3.91729999 -1.63450003
28.6193008 4.14099979 -1.56799996
28.6816006 4.43050003 -1.62800002
28.6935005 4.65964985 -1.66065001
28.7919006 5.10330009 -1.64629996
28.6495667 5.46146679 -1.66030002
28.7831001 5.94000006 -1.79920006
28.7060432 6.33794308 -1.6874572
28.6804657 6.38100004 -1.29283333
28.675621 6.3434 -1.14039993
28.7016659 6.50519991 -1.47510004
28.6518669 6.49976683 -1.30673337
28.6722488 6.4760251 -1.07997501
28.69244 6.56773996 -0.911279976
28.6602001 6.59420013 4.14039993
28.7024002 6.61250019 -1.49090004
28.6821003 6.68109989 -1.3484
28.6254005 6.60230017 -1.04540002
28.7125511 6.63850021 -0.939999998
28.6926994 6.66009998 -0.757700026
28.6911507 6.63630009 4.05179977
28.7217999 7.92140007 -0.779299974
28.6347008 8.50319958 1.76699996
28.6259003 8.69480038 1.63080001
28.6406994 9.46920013 1.38639998
28.6756001 9.53649998 1.43529999
28.7523994 9.55200005 1.64139998
28.6745491 9.63990021 1.45070004
28.8908672 0.0723333359 -1.40716672
28.8794498 0.52244997 -1.44169998
28.9491005 0.682900012 -1.4655
28.8579006 0.959999979 -1.45969999
28.8717499 1.07360005 -1.47325003
28.8685665 1.27639997 -1.477
28.9778004 1.52590001 -1.49230003
28.91395 1.71259999 -1.4911499
28.9804497 2.30250001 -1.51540005
28.9204006 2.51539993 -1.50849998
28.8879509 2.91919994 -1.52269995
28.9860001 3.05629992 -1.51699996
28.8411999 3.43120003 -1.54149997
28.8673992 3.92860007 -1.60049999
28.8465004 3.98390007 -1.58790004
28.8754005 4.12360001 -1.58060002
28.9734001 4.41499996 -1.62839997
28.9659996 5.00409985 -1.66170001
28.8780003 5.41349983 -1.6595
28.9487 5.74900007 -1.67970002
28.8470497 6.29715014 -1.68130004
28.8715496 6.29780006 -1.57179999
28.8978996 6.29084969 -1.29594994
28.8132 6.35165024 -1.13639998
28.8792992 6.24300003 -0.938300014
28.8043995 6.40059996 -1.64230001
28.90382 6.52388 -1.48617995
28.824501 6.51274967 -1.35829997
28.8910999 6.53450012 -1.07015002
28.8141994 6.59170008 -0.953599989
28.9850006 6.5770998 3.99950004
28.9465008 6.7565999 -1.02810001
28.8886986 6.67904997 3.98600006
28.9541664 6.66346693 4.05943346
28.8476009 9.51220036 1.62820005
28.8549995 9.65200043 1.57369995
29.0743999 0.133300006 -1.43937492
29.0688 0.530766666 -1.44843328
29.0932007 0.633000016 -1.44309998
29.156601 0.855499983 -1.47220004
29.0950508 1.08450007 -1.46089995
29.0639 1.21589994 -1.46669996
29.1261005 1.41299999 -1.49170005
29.0951996 1.62030005 -1.49289989
29.0926991 1.94980001 -1.51269996
29.09655 2.06579995 -1.50709999
29.0134506 2.25915003 -1.50804996
29.1787491 2.67680001 -1.5223
29.0373001 2.98200011 -1.55280006
29.1059494 3.04285002 -1.55634999
29.0785007 3.31870008 -1.58669996
29.0759506 3.49389982 -1.56369996
29.1861992 3.68930006 -1.60239995
29.1119995 3.65150023 -1.56769991
29.0739002 3.93339992 -1.62660003
29.1249504 4.12319994 -1.55940008
29.1455994 4.58139992 -1.64110005
29.0188999 4.61289978 -1.6243
29.1522999 5.29029989 -1.67289996
29.1176662 5.48193312 -1.67033327
29.0039997 6.11000013 -1.67209995
29.0788746 6.32464981 -1.64877498
29.0487003 6.33500004 -1.51139998
29.0776005 6.36539984 -1.25870001
29.0969677 6.48950005 -1.65803337
29.1174011 6.55550003 -1.47930002
29.0833492 6.46710014 -1.03575003
29.0149994 6.5468998 -0.99940002
29.1434994 6.58190012 4.06139994
29.0467491 6.6717 -1.53555
29.1700993 6.66480017 -1.06710005
29.0557003 6.73089981 -0.940400004
29.1380005 6.68330002 -0.736899972
29.1201 6.65089989 3.97364998
29.0955505 6.64160013 4.01959991
29.1104012 6.85809994 -0.963549972
29.1560993 9.50749969 -0.810800016
29.1947002 9.5302 -0.71390003
29.1933002 9.7531004 -0.858900011
29.3007011 0.115024999 -1.43754995
29.2357502 0.55855 -1.45889997
29.3978996 0.619899988 -1.44029999
29.2787342 0.900933325 -1.46153331
29.3179512 1.19455004 -1.48009992
29.3339996 1.34570003 -1.49349999
29.2651997 1.68534994 -1.49185002
29.3708 1.84200001 -1.54050004
29.3484993 2.12805009 -1.52974999
29.3787003 2.35470009 -1.54869998
29.3418999 2.57964993 -1.52014995
29.3670998 2.6552 -1.5467
29.2129002 2.96550012 -1.58080006
29.2458496 3.1331501 -1.55145001
29.2322006 3.37100005 -1.60790002
29.3153 3.20210004 -1.57589996
29.2479992 3.79139996 -1.60360003
29.2653008 3.65869999 -1.59399998
29.2427502 4.12260008 -1.61969995
29.3449001 4.20550013 -1.56760001
29.2945004 4.45979977 -1.63349998
29.2667007 4.45370007 -1.58860004
29.3660507 4.71395016 -1.67105007
29.3269005 4.98549986 -1.66980004
29.2185497 5.29475021 -1.69499993
29.2779503 5.4769001 -1.6724999
29.3336506 5.73680019 -1.73390007
29.2297001 6.17350006 -1.66139996
29.2916489 6.35349989 -1.72794998
29.2877998 6.48916006 -1.49728
29.3767509 6.57464981 -1.36884999
29.2454491 6.54080009 -1.11695004
29.2444 6.5939002 3.99830008
29.2367001 6.57040024 4.09899998
29.3298988 6.72634983 -1.45184994
29.3040504 6.68410015 -1.05007505
29.2844505 6.71214962 -0.923099995
29.3551502 6.66310024 3.96274996
29.3764 8.32330036 0.492300004
29.2810993 8.38589954 0.747200012
29.3950005 8.34039974 0.889599979
29.2435989 8.47254944 0.728649974
29.3538513 9.29695034 -0.845800042
29.3803997 9.36849976 0.780700028
29.3715 9.27820015 1.15339994
29.3206997 9.27729988 1.21949995
29.3016987 9.4932003 -0.765666664
29.2278996 9.40299988 1.08430004
29.5338249 0.125825003 -1.45309997
29.5146675 0.301200002 -1.44776666
29.5478516 0.545899987 -1.46449995
29.4851494 0.736549973 -1.47950006
29.5263996 0.841400027 -1.48049998
29.5028992 1.08899999 -1.48710001
29.4871502 1.25485003 -1.47899997
29.47505 1.4842 -1.49559999
29.4489498 1.64245009 -1.50125003
29.5785999 2.16499996 -1.51460004
29.4624004 2.26090002 -1.50240004
29.5562 2.68610001 -1.53340006
29.5109501 3.09537506 -1.57537508
29.4351997 3.21690011 -1.58899999
29.4223995 3.74130011 -1.61539996
29.5925999 3.6394999 -1.57169998
29.4302006 4.18769979 -1.66120005
29.5646992 4.28429985 -1.65269995
29.4843998 4.27839994 -1.5704
29.5501995 4.79699993 -1.60590005
29.4883995 4.98589993 -1.65999997
29.5107002 5.04014969 -1.64485002
29.4521999 5.31715012 -1.6408
29.4496002 5.51249981 -1.69210005
29.5281754 6.32025003 -1.70705009
29.4781494 6.51615 -1.50460005
29.5494995 6.55229998 -1.32169998
29.4864006 6.47840023 -1.18669999
29.510849 6.55755043 3.96600008
29.5622005 6.56029987 4.11124992
29.4251995 6.69969988 -1.50629997
29.5747662 6.70073318 -1.08973336
29.5202999 6.71729994 -0.991100013
29.5236015 6.64935017 3.95744991
29.5165005 6.80009985 -1.03030002
29.5769997 7.66769981 0.515500009
29.5921993 7.84910011 0.493400007
29.5593987 8.17675018 0.351000011
29.5499992 8.24590015 0.334250003
29.4910603 8.31056023 0.4912
29.46315 8.32345009 0.734349966
29.4570999 8.35470009 0.801199973
29.5583992 8.91576672 -0.836300015
29.4633999 8.97570038 -0.624000013
29.5189991 8.89529991 0.529299974
29.5491009 8.8132 0.616599977
29.4887009 9.07450008 -0.86163336
29.5039501 9.13035011 -0.793099999
29.5410004 9.0060997 0.533999979
29.4888 9.07600021 0.68809998
29.5484009 9.17280006 1.01929998
29.4333 9.28976631 -0.853433311
29.4211006 9.33189964 0.424100012
29.4254494 9.27969933 0.646350026
29.4860001 9.2133503 0.952049971
29.5269604 9.27778053 1.10122001
29.5788994 9.5078001 -0.822399974
29.7362003 0.0984999985 -1.45519996
29.7362003 0.234699994 -1.47920001
29.7362003 0.577899992 -1.45949996
29.7880001 0.662599981 -1.48860002
29.6594505 0.961050034 -1.48484993
29.6867008 1.15760005 -1.48430002
29.7737007 1.34660006 -1.5165
29.6543674 1.48716664 -1.51419997
29.6770668 1.67913342 -1.51660001
29.7165489 2.14674997 -1.53034997
29.7933006 2.25349998 -1.56169999
29.7464008 2.4777 -1.54579997
29.7393246 2.71002507 -1.55087495
29.6746998 2.96344995 -1.55005002
29.6154499 3.50314999 -1.56449997
29.7915993 3.71199989 -1.61119998
29.6009998 3.70900011 -1.58169997
29.6476498 4.12249994 -1.60310006
29.6816998 4.97160006 -1.68040001
29.6163998 5.61009979 -1.69850004
29.7819004 5.92649984 -1.78190005
29.6849003 6.29854965 -1.65855002
29.7280006 6.31519985 -1.56910002
29.7530994 6.47419977 -1.64279997
29.64254 6.53043985 -1.46194005
29.7038994 6.53180027 -1.12179995
29.7285004 6.57380009 3.93490005
29.7576008 6.55189991 4.03469992
29.6007004 6.63290024 -1.4447
29.7521992 6.66872501 -1.08457494
29.6939335 6.68663359 -0.918833315
29.6802998 6.67780018 3.97455001
29.7754002 7.17729998 0.674499989
29.7290993 7.33909988 0.528900027
29.7539501 7.21169996 0.703700006
29.7310505 7.48802471 0.470349997
29.7750511 7.59634972 0.88135004
29.7924995 7.7972002 0.119499996
29.7304325 7.66276646 0.356933326
29.7250328 7.67476654 0.455366671
29.7603493 7.69680023 0.705550015
29.7891998 7.68310022 0.859200001
29.7815514 7.87230015 -0.107500002
29.7051811 7.90384007 0.0912999958
29.7693996 7.82340002 0.254200011
29.7428398 7.86570024 0.466720015
29.6914997 7.98180008 0.836199999
29.7772007 7.97149992 1.76460004
29.7245998 7.92889977 1.82589996
29.7577 8.03359985 -0.0912000015
29.6201 8.01220036 0.0886999965
29.6952 8.1250248 0.308899999
29.7419243 8.03855038 1.74055004
29.6812 8.37170029 0.323300004
29.6046009 8.27600002 0.596099973
29.7088795 8.31078053 0.733200014
29.7451324 8.32676697 0.871800005
29.7161999 8.75160027 0.701200008
29.7357998 8.90565014 0.150549993
29.6761665 8.8737669 0.288733333
29.668499 8.86520004 0.427450001
29.6385002 8.92889977 0.625999987
29.7821007 8.98130035 1.05939996
29.6683998 9.07733345 -0.861433327
29.6746998 9.00300026 0.307000011
29.6808338 9.06488323 0.901216626
29.6928253 9.1270752 1.05042505
29.7368507 9.31999969 -0.836899996
29.6525993 9.31190014 1.11880004
29.8207016 0.0577500015 -1.45335007
29.8918209 0.537 -1.47837996
29.8706322 0.699400008 -1.49233329
29.8008003 1.00969994 -1.47870004
29.9153004 1.25199997 -1.53359997
29.9489994 1.42630005 -1.53059995
29.9200668 1.70780003 -1.52343333
29.9296341 2.14783335 -1.54516661
29.8673496 2.64405012 -1.57310009
29.8138008 2.98830009 -1.57060003
29.9297333 3.13746667 -1.5874666
29.9039497 3.52279997 -1.60439992
29.9687996 3.70050001 -1.62720001
29.9030991 3.99760008 -1.63460004
29.8106995 4.14979982 -1.63390005
29.8410492 5.05970001 -1.69845009
29.9189491 5.8059001 -1.74814999
29.9431992 6.33780003 -1.65499997
29.9535999 6.53571987 -1.49529994
29.8782139 6.53415728 -1.28369999
29.8957005 6.54180002 -1.04062498
29.819149 6.5864501 3.97359991
29.8936996 6.65740013 -1.28600001
29.9014492 6.65040016 -1.01045001
29.9286995 6.68704987 -0.91960001
29.8512993 6.64260006 3.9289
29.9153004 6.84590006 -1.26670003
29.9815006 6.85860014 -0.95539999
29.9633999 6.97970009 0.563600004
29.8988171 7.11030006 0.547733366
29.9443989 7.11899996 0.700100005
29.9088001 7.09385014 0.841050029
29.9897995 7.15430021 1.00080001
29.930975 7.31614971 0.358449996
29.9258251 7.29092503 0.478987515
29.8398991 7.25439978 0.686699986
29.8548241 7.30145025 0.874175012
29.9206009 7.53319979 0.146733344
29.888361 7.52864027 0.317360014
29.8766003 7.50185013 0.46935001
29.8955994 7.58330011 0.634000003
29.9473152 7.70459986 0.119999997
29.916666 7.73780012 0.284333348
29.8616486 7.64954996 0.540849984
29.8278008 7.63164997 0.753399968
29.8493996 7.67045975 0.886720002
29.9403496 7.89715004 -0.0284000002
29.8923988 7.90565014 0.110400006
29.8829002 7.8439002 0.386000007
29.9083004 7.81239986 0.603500009
29.9407005 7.97930002 1.55180001
29.9170494 7.94671679 1.70420003
29.8635006 7.93909979 1.87173331
29.9020004 8.16779995 -0.1963
29.8404007 8.19270039 0.732599974
29.8990593 8.08296013 1.55076003
29.8300991 8.03320026 1.6724
29.8402004 8.32670021 0.495299995
29.8186493 8.27050018 0.662199974
29.9151993 8.33734989 0.834850013
29.9162006 8.48180008 -0.0206000004
29.9715996 8.44740009 0.286599994
29.8234997 8.4769001 0.910600007
29.8148003 8.99960041 -0.920000017
29.9095993 8.80280018 -0.0511999987
29.8143005 8.99400043 1.03209996
30.1128006 0.140524998 -1.46775007
30.0652008 0.594799995 -1.48080003
30.0619507 1.10165 -1.50454998
30.1441669 1.26250005 -1.52453339
30.0599995 1.94790006 -1.54009998
30.1393509 2.18095016 -1.55034995
30.0291996 2.33130002 -1.55599999
30.1104507 2.46915007 -1.56524992
30.0996513 2.68424988 -1.57035005
30.037899 3.1645 -1.65830004
30.1720009 3.15470004 -1.57819998
30.1389008 3.22909999 -1.60380006
30.0354996 3.61089993 -1.61039996
30.1144485 4.15069962 -1.63349998
30.1432991 4.5152998 -1.69790006
30.1308994 4.64209986 -1.67499995
30.0723495 5.63930035 -1.72185004
30.0126991 6.33820009 -1.78629994
30.1243992 6.39769983 -1.25170004
30.1278992 6.3842001 -1.16149998
30.1215 6.4879427 -1.48004282
30.1096992 6.47718 -1.28693998
30.0946999 6.46943331 -1.09899998
30.1221504 6.53205013 -0.968050003
30.0823994 6.58900023 3.99550009
30.0412006 6.58839989 4.0612998
30.1191998 6.64909983 -1.57149994
30.1138992 6.68909979 -0.965799987
30.1278667 6.65676689 3.95073318
30.1478004 6.64459991 4.03469992
30.0841999 6.85270023 0.502799988
30.0599995 6.97189999 0.658299983
30.1613998 6.9454999 0.890399992
30.1407509 7.12339973 0.308200002
30.0731754 7.1263752 0.513324976
30.0712852 7.08554268 0.69512856
30.0950241 7.08465004 0.833649993
30.1025848 7.31134272 0.2773
30.0721207 7.24775982 0.46698001
30.0740337 7.26086664 0.694433331
30.0683002 7.50396681 0.121233329
30.0943661 7.48076677 0.298466682
30.0834007 7.50810003 0.544700027
30.1320992 7.43889999 0.651600003
30.1809998 7.5948 1.1322
30.1784248 7.51379967 1.31152499
30.0620995 7.74770021 -0.0688999966
30.0633011 7.72375011 0.101499997
30.0415668 7.66506672 0.285133332
30.0370998 7.74760008 0.469900012
30.1835518 7.67539978 0.680050015
30.1921997 7.91739988 -0.0443000011
30.0637493 7.89554977 0.0471000001
30.1564999 7.86199999 1.4756
30.0789242 7.94680023 1.68875003
30.1452999 8.09010029 -0.1285
30.0968494 8.17074966 1.32620001
30.0616493 8.01385021 1.49685001
30.0851994 8.00870037 1.60000002
30.1739006 8.34210014 0.0452999994
30.191 8.20149994 1.30620003
30.1011505 8.55725002 0.0778999999
30.1471996 8.70650005 -0.0790999979
30.1254997 8.64109993 0.0872000009
30.2891254 0.148750007 -1.47179997
30.2786674 0.230166674 -1.48696661
30.3864002 0.57889998 -1.48409998
30.3047009 0.670133352 -1.50476658
30.2350006 1.12185001 -1.52130008
30.3220005 1.24160004 -1.51839995
30.2896996 1.50320005 -1.52787495
30.3477001 1.72666669 -1.54746664
30.2106991 1.87199998 -1.55659997
30.3885002 2.24449992 -1.55309999
30.2912502 2.98044991 -1.61334991
30.2196007 3.10610008 -1.56889999
30.3246994 3.31590009 -1.60259998
30.2268009 3.49699998 -1.63259995
30.2173004 3.70799994 -1.62
30.2576008 3.91269994 -1.62660003
30.235199 4.12674999 -1.63205004
30.2270508 4.2557497 -1.65985
30.3264999 4.42309999 -1.67859995
30.3568993 5.19119978 -1.70959997
30.3172493 5.5324502 -1.70099998
30.3208008 6.38929987 -1.91530001
30.2516994 6.33520031 -1.73765004
30.2901001 6.27705002 -1.37925005
30.2870998 6.39419985 -1.09669995
30.2438011 6.50335026 -1.62704992
30.2764492 6.43315029 -1.45784998
30.2822857 6.47261429 -1.29840004
30.3491993 6.57524967 -1.13004994
30.2240009 6.53639984 -0.941299975
30.2996998 6.55140018 3.9849
30.2728996 6.67350006 -1.60099995
30.3418999 6.61409998 -1.48529994
30.2971668 6.71339989 -1.05866671
30.2835007 6.6498003 3.94364977
30.2464008 6.97629976 -0.91900003
30.3495998 6.99900007 0.355399996
30.3299999 7.00649977 -0.944800019
30.3365993 7.19439983 0.0996999964
30.3171501 7.07740021 0.266525
30.2734013 7.13723326 0.514299989
30.2675667 7.15299988 0.722733319
30.2243004 7.08059978 0.807099998
30.3384495 7.09109974 1.26349998
30.2935333 7.08193302 1.46056664
30.3497334 7.29466677 0.1219
30.2811394 7.27559996 0.303759992
30.3124199 7.27986002 0.516880035
30.324749 7.32630014 0.720950007
30.2542667 7.48446655 0.129866675
30.3934002 7.43400002 0.251599997
30.3171501 7.54495001 1.13304996
30.2437992 7.78249979 0.171000004
30.3551998 7.71759987 0.647599995
30.3402996 7.85004997 0.165199995
30.3295994 7.8951664 1.54863334
30.3805237 7.85675001 1.74672496
30.3834 7.87139988 1.84430003
30.2826996 8.06735039 1.51029992
30.2805996 8.00440025 1.74730003
30.3211002 8.21259975 0.0895999968
30.3137512 8.51364994 0.0597500019
30.2103004 8.72290039 0.0487999991
30.3868999 8.8501997 1.26240003
30.3525009 8.85529995 1.58420002
30.4696999 0.130700007 -1.48150003
30.4801006 0.208100006 -1.47950006
30.5655994 0.582000017 -1.51390004
30.4151993 0.9296 -1.48399997
30.4778328 1.09066665 -1.52076662
30.4675007 1.40320003 -1.51639998
30.5212994 2.30629992 -1.55550003
30.5128002 2.46989989 -1.56900001
30.4962997 2.74620008 -1.58599997
30.5821991 3.3369 -1.65369999
30.5174999 3.71085 -1.63689995
30.5480003 3.95615005 -1.64450002
30.5111008 4.15549994 -1.67709994
30.5289669 4.67793322 -1.67820001
30.5429993 5.10690022 -1.71595001
30.4498005 6.12249994 -1.72759998
30.5662498 6.32050037 -1.74325001
30.5015507 6.52600002 -1.62759995
30.5026512 6.53190041 -1.48534989
30.4977608 6.49119997 -1.30882001
30.5105515 6.55319977 -1.09490001
30.4353008 6.54750013 4.00899982
30.5802994 6.60540009 -1.56255007
30.4453506 6.62594986 -1.28780007
30.4835339 6.67853355 -1.1007334
30.4914665 6.67006636 3.92316675
30.4944992 6.8427 -0.978799999
30.5089493 6.95644999 0.169200003
30.5314503 6.98460007 0.255349994
30.5877991 6.96640015 1.07749999
30.4918995 6.98140001 1.39219999
30.5464001 6.84070015 1.96650004
30.5905991 6.81899977 2.10430002
30.4764805 7.09816027 0.108319998
30.4647503 7.09042501 0.253574997
30.4192009 7.1880002 0.417600006
30.5321999 7.14362526 1.13892496
30.4660549 7.08809996 1.30104446
30.5277996 7.15350008 1.43610001
30.4204006 7.27050018 -0.974399984
30.5960999 7.25330019 -0.0249000005
30.5128002 7.28826666 0.0623000003
30.5334511 7.23820019 0.371199995
30.5084991 7.35365009 0.520850003
30.5305996 7.28910017 0.616699994
30.5489998 7.27689981 1.12469995
30.4936657 7.34520006 1.23290002
30.4969673 7.22599983 1.46986663
30.5744991 7.44239998 0.0147000002
30.5074997 7.42869997 0.500800014
30.5438004 7.40189981 0.636399984
30.5071793 7.50144005 1.13230002
30.5221996 7.52129984 1.27783334
30.5061989 7.63255024 -0.881799996
30.5741997 7.69805002 0.0630999953
30.5237007 7.63390017 0.234599993
30.5142498 7.65147495 0.974299967
30.5244331 7.66743326 1.03856671
30.4310341 7.64833307 1.26236665
30.5695 7.64499998 1.41139996
30.5153999 7.9309001 -0.909799993
30.5089989 7.95854998 -0.6796
30.5604 7.87139988 -0.0644000024
30.5534515 7.83975029 0.903949976
30.5720997 7.98979998 1.30579996
30.5410004 7.97459984 1.52569997
30.5148392 7.8905201 1.71827996
30.4957008 7.87440014 1.88389993
30.5165997 8.01819992 -1.05089998
30.5338001 8.01974964 -0.94569999
30.5072517 8.02750015 -0.772300005
30.5784988 8.0271492 -0.515900016
30.5039501 8.12377548 0.0682749972
30.4985676 8.11466694 1.28573334
30.5681992 8.3067503 -0.14199999
30.4601002 8.29850006 0.0612000003
30.5981007 8.3380003 1.11290002
30.4286003 8.39589977 1.3391
30.5634995 8.49260044 -0.0273000002
30.4461002 8.51340008 0.0353999995
30.4437008 8.60480022 0.137799993
30.4894009 8.70240021 1.12090003
30.4580994 8.77149963 1.27059996
30.4942493 8.75454998 1.44309998
30.4461994 8.84300041 1.57280004
30.4543991 9.4684 -0.923699975
30.5118999 9.4744997 -0.799199998
30.684 0.16415 -1.50244999
30.66115 0.214650005 -1.50209999
30.6679993 0.580299973 -1.50660002
30.7000504 0.693974972 -1.50287497
30.7442513 1.15530002 -1.53040004
30.6873512 1.29474998 -1.52835
30.7730999 1.57700002 -1.54939997
30.7033997 1.64074993 -1.54820001
30.6375999 1.86004996 -1.56330001
30.7241993 2.62689996 -1.61339998
30.6779995 2.73510003 -1.5984
30.6938 3.14899993 -1.62880003
30.6485996 3.31999993 -1.61679995
30.6909008 4.09644985 -1.65569997
30.6137009 4.54759979 -1.65910006
30.6455002 5.18149996 -1.72130001
30.7014999 5.30030012 -1.70875001
30.694767 6.30695009 -1.68381667
30.77285 6.51350021 -1.66345
30.71525 6.53130007 -1.52205002
30.7012672 6.44473314 -1.26886666
30.6718006 6.50756693 -1.12820005
30.6226997 6.41750002 -0.95599997
30.6537018 6.57565022 3.9440999
30.7586498 6.69840002 -1.53014994
30.7698002 6.7335 0.967999995
30.7531509 6.66829967 1.14534998
30.6758499 6.75470018 1.28415
30.7396679 6.71869993 1.93593335
30.6742325 6.71496677 2.07459998
30.7273998 6.66965008 3.92759991
30.7115326 6.98316669 0.162033334
30.7303333 6.93743324 0.318233341
30.7493 6.93450022 0.482899994
30.7376995 6.87699986 0.750400007
30.7329006 6.89820004 0.822099984
30.7420998 6.88003349 1.50630009
30.7145004 6.91091442 1.69284284
30.7023239 6.82867527 1.86240005
30.6874256 6.84630013 2.10812497
30.6128998 7.19150019 -0.967199981
30.7033005 7.10476017 0.106239997
30.7416 7.14553356 0.295466661
30.7486744 7.09812498 0.536424994
30.7083511 7.06680012 0.656399965
30.6579494 7.08074999 1.10619998
30.6921253 7.12199974 1.35087502
30.7064838 7.09138298 1.50353336
30.689867 7.08920002 1.6445334
30.7052994 7.06867504 1.91112506
30.6698666 7.32693338 0.084633328
30.702425 7.22134972 0.503799975
30.6464005 7.31526661 0.697299957
30.7323189 7.29390001 0.925859988
30.7034492 7.29821682 1.12874997
30.7831001 7.26520014 1.38820004
30.6919994 7.20919991 1.53699994
30.706625 7.296 1.64452505
30.7321014 7.34170008 1.8203001
30.7198334 7.4800334 -0.0572333336
30.7252007 7.50244999 0.961199999
30.6690006 7.51433325 1.04499996
30.6334 7.4857502 1.25709999
30.6959991 7.41410017 1.67490005
30.7702656 7.64996672 -0.0584333353
30.7415009 7.74679995 0.0276666675
30.728199 7.71409988 0.905050039
30.7358341 7.69403315 1.04519999
30.6275005 7.67859983 1.33459997
30.6417007 7.9822998 -0.674600005
30.7070332 7.94993353 -0.467333317
30.7241001 7.95889997 -0.275399983
30.7404995 7.84373331 -0.0994666666
30.6326008 7.88660002 0.00789999962
30.6229 7.81349993 0.784500003
30.7388 7.83179998 0.960799992
30.7158508 7.95119953 1.30429995
30.6571999 7.90229988 1.54305005
30.6936989 8.05945015 -0.895249963
30.6585007 8.00360012 -0.613499999
30.6415005 8.03219986 -0.587499976
30.6231995 8.17759991 -0.368200004
30.6931324 8.05620003 -0.0637333319
30.6913986 8.03684998 1.13100004
30.7014999 8.16310024 1.3053
30.7556 8.37469959 -0.0932999998
30.6975994 8.35410023 0.0353000015
30.6471996 8.32509995 0.844299972
30.7376003 8.35980034 1.10309994
30.7196503 8.44014931 -0.138599992
30.6949005 8.54090023 0.0219000001
30.6741009 8.56680012 1.16460001
30.7318497 8.70825005 -0.140000001
30.6702995 8.6868 1.25209999
30.9237671 0.106433332 -1.48930001
30.9059505 0.242149994 -1.50049996
30.9269505 0.497200012 -1.50950003
30.9162006 0.688024998 -1.52674997
30.8097 0.980000019 -1.52919996
30.8915997 1.09860003 -1.5383333
30.8491993 1.21399999 -1.55050004
30.9279995 1.49492502 -1.55900002
30.8595333 1.67139995 -1.5541333
30.9523506 1.95780003 -1.57735002
30.9484997 2.08430004 -1.58200002
30.9146004 2.43359995 -1.61839998
30.9022007 2.95440006 -1.63240004
30.9337006 3.19440007 -1.65190005
30.9978008 3.35249996 -1.65890002
30.9589005 3.43070006 -1.66820002
30.923851 3.74559999 -1.65824997
30.9605007 4.0005002 -1.67429996
30.8935509 4.55414963 -1.71175003
30.9118996 4.77759981 -1.69910002
30.9151325 4.92156696 -1.73093331
30.9482002 5.26870012 -1.72920001
30.9225006 6.18039989 -1.55710006
30.8950005 6.23430014 -1.84640002
30.8885193 6.33538008 -1.73697996
30.8253994 6.27559996 -1.35570002
30.8859997 6.50570011 -1.52960002
30.9386997 6.50736666 -1.26013339
30.9155407 6.54971981 0.928000033
30.9225998 6.52417994 1.14476001
30.8498001 6.56594992 1.28642499
30.9290009 6.59160042 3.94764996
30.9022999 6.67986679 -1.49659991
30.8722 6.69950008 0.196700007
30.8773994 6.75439978 0.567099988
30.8556004 6.68060017 0.693000019
30.8830662 6.70379162 0.906949997
30.8243752 6.65210009 1.08255005
30.83535 6.74944973 1.71685004
30.8003006 6.71929979 1.93949997
30.8024998 6.9295001 -0.0162000004
30.8398991 6.91069984 0.199399993
30.84235 6.8781004 0.256449997
30.8641663 6.93743324 0.493800014
30.8723755 6.86989975 0.680249989
30.8841 6.91050005 0.832199991
30.8566589 6.92646027 1.76172006
30.9054489 6.86894989 1.88440001
30.8771 6.81589985 3.83069992
30.9500999 7.09940004 0.195299998
30.843399 7.16860008 0.234400004
30.91152 7.11183977 0.500339985
30.8316002 7.12400007 0.691100001
30.876049 7.05569983 0.895250022
30.8150005 7.00470018 1.00240004
30.8623257 7.10389996 1.500525
30.9365997 7.0904665 1.6468333
30.9354 7.00610018 1.80229998
30.8047009 7.36880016 -0.0579999983
30.9356499 7.32095003 0.114649996
30.9607506 7.24884987 0.426600009
30.8705997 7.20559978 0.661499977
30.8719006 7.27150011 0.859600008
30.8911324 7.34803343 1.11703336
30.8526993 7.26154995 1.30114996
30.9011993 7.34514999 1.48204994
30.8794994 7.20909977 1.68570006
30.8859501 7.59625006 -0.0274000019
30.8519001 7.52409983 0.0434999987
30.9161987 7.47720003 0.728350043
30.9035492 7.46997499 1.04295003
30.9332333 7.47833347 1.35003328
30.907299 7.46463346 1.46810007
30.8721008 7.49539995 1.7062
30.9444008 7.74779987 -0.970399976
30.8866596 7.72283983 -0.131339997
30.8542004 7.64319992 0.00930000003
30.8148003 7.69460011 1.08800006
30.9850998 7.62820005 1.38049996
30.9846001 7.77710009 1.87689996
30.8593998 7.98089981 -0.407000005
30.843399 7.83099985 -0.137500003
30.9246998 7.82660007 0.95174998
30.9122009 7.93459988 1.16250002
30.8385506 7.94190025 1.71700001
30.9911995 7.94000006 1.82009995
30.8071995 8.01749992 -0.31400001
30.8325996 8.1225996 1.26370001
30.8148003 8.22770023 -0.149800003
30.9696007 8.23569965 0.795300007
30.9622993 8.31960011 1.21780002
30.8837795 8.55202007 -0.0809200034
30.8824997 8.62549973 -0.956900001
30.9622326 8.66009998 -0.179833338
31.0599003 0.101400003 -1.50504994
31.09095 0.350650012 -1.52355003
31.1900005 0.598500013 -1.51549995
31.1076012 0.692800045 -1.53324997
31.1170998 0.866999984 -1.5480001
31.0916996 1.09570003 -1.55499995
31.0230007 1.23670006 -1.55700004
31.1227493 1.51699996 -1.56605005
31.0892506 1.65995002 -1.5575
31.1597004 1.93974996 -1.57660007
31.0464993 2.1789999 -1.58850002
31.09235 2.25384998 -1.61090004
31.1657009 2.4999001 -1.61730003
31.0272007 2.68805003 -1.60275006
31.0821991 3.0243001 -1.61839998
31.1431007 3.91149998 -1.68529999
31.0407009 4.03919983 -1.65910006
31.1152992 5.08090019 -1.70570004
31.0093002 5.60780001 -1.74590003
31.0372009 6.36070013 -1.62279999
31.0356998 6.36250019 -1.46169996
31.0242004 6.48099995 -1.69369996
31.0428333 6.51450014 -1.46383333
31.0462494 6.48394966 -1.28149998
31.0594673 6.65773344 -1.52953339
31.0392494 6.74849987 0.858850002
31.0023994 6.65549994 1.01020002
31.1344662 6.61843348 3.93460011
31.1303997 6.84779978 -1.20809996
31.0543995 6.80229998 0.760100007
31.1446991 7.02839994 0.196899995
31.1092987 7.13669968 0.269050002
31.129734 7.14713335 0.497966677
31.1874008 7.17980003 0.606299996
31.1399994 7.34450006 -1.25899994
31.0920334 7.35529995 0.142866671
31.1234341 7.35066652 0.340499997
31.1087761 7.27242517 0.430500001
31.0476494 7.21234989 0.65079999
31.0670013 7.3441 1.14590001
31.1651993 7.35270023 1.37380004
31.0550995 7.35669994 1.58050001
31.1987991 7.55049992 -1.8779
31.1485996 7.5314002 0.103666663
31.0989761 7.499475 1.11637497
31.0931339 7.5503335 1.29519999
31.16255 7.49550009 1.42470002
31.0064011 7.4520998 1.67619991
31.0629997 7.61569977 -0.102499999
31.1054192 7.65861988 0.0726800039
31.1692009 7.65180016 0.225899994
31.1478996 7.66919994 0.612900019
31.0739994 7.72139978 0.979399979
31.0578003 7.68949986 1.69229996
31.1453991 7.96869993 -1.2766
31.0797005 7.92889977 -1.17480004
31.0592995 7.93380022 0.676999986
31.0916748 7.90312481 0.921550035
31.0625992 7.90380001 1.57749999
31.0644493 7.8593502 1.72185004
31.0921001 7.8604002 1.81420004
31.1490993 8.05580044 -1.80550003
31.0417004 8.07590008 0.853999972
31.0603008 8.13049984 1.89059997
31.0720005 8.35350037 -1.56029999
31.1858997 8.34235001 -1.25029993
31.1651993 8.21310043 0.819500029
31.1242008 8.23019981 1.89024997
31.1544991 8.5763998 -1.64180005
31.0298004 8.4802494 -0.116099998
31.0048008 8.45339966 0
31.1793995 8.61400032 -1.90869999
31.0778999 8.69299984 -0.222299993
31.0870495 8.6531744 -0.158724993
31.1478996 8.84619999 -1.76600003
31.1319008 9.37629986 -1.08650005
31.1415997 9.40470028 -1.90799999
31.1973 10.6125002 -1.96300006
31.253233 0.0888999999 -1.50766671
31.2570992 0.366849989 -1.52509999
31.3402004 0.486099988 -1.52670002
31.3305492 0.715600014 -1.54489994
31.3684006 0.973800004 -1.5388
31.3679008 1.04509997 -1.55499995
31.2667007 1.34660006 -1.54289997
31.3512669 1.50343335 -1.56599998
31.3918991 1.95210004 -1.60479999
31.3325996 1.87129998 -1.59720004
31.2217999 2.26970005 -1.61090004
31.3197498 2.56519985 -1.6171999
31.3771992 2.63750005 -1.64030004
31.3668995 2.99839997 -1.63
31.2877998 3.12420011 -1.63699996
31.3749504 3.52830005 -1.64810002
31.2621994 3.91820002 -1.67540002
31.3132992 4.27120018 -1.69410002
31.2644997 4.75839996 -1.75129998
31.3868008 5.24389982 -1.73710001
31.3381004 5.88000011 -1.77674997
31.2008991 6.11409998 -1.77960002
31.3157005 6.67055035 -1.85874999
31.2674503 6.64394999 3.91954994
31.2674503 6.86814976 -1.86205006
31.3043003 6.94250011 -1.77929997
31.3743 7.1862998 -1.87109995
31.2600002 7.3420496 0.500800014
31.3325005 7.37809992 1.15670002
31.3346806 7.31563997 1.301
31.3001995 7.23330021 1.45469999
31.3523998 7.45160007 -1.87220001
31.2290993 7.56650019 0.437599987
31.3491993 7.47910023 1.09710002
31.2049999 7.45389986 1.25769997
31.2961998 7.51370001 1.45290005
31.3980999 7.79990005 0.148699999
31.2639008 7.69999981 0.289600015
31.3094501 7.73985004 0.43629998
31.3396988 7.70145035 0.958400011
31.3092995 7.66860008 1.43270004
31.3026009 7.88679981 -1.89139998
31.3237324 7.88980007 -0.0112666665
31.3453674 7.86049986 0.150833338
31.2997513 7.84150028 0.319499999
31.3460999 7.8908 0.430299997
31.2946663 7.86509991 0.940800011
31.3575001 7.82240009 1.55490005
31.2763329 7.93586683 1.68096673
31.2437 7.95170021 1.83449996
31.2994003 7.96369982 2.02259994
31.2124996 8.1097002 -1.86070001
31.3596992 8.05489922 -0.0531499982
31.3712006 8.01900005 0.383899987
31.3848 8.1427002 0.511799991
31.3226986 8.15523338 0.942333341
31.3703499 8.03549957 1.76205003
31.2332001 8.07914925 1.91350007
31.3031006 8.1316328 2.08843327
31.3080006 8.2718668 -0.0836666673
31.2628517 8.27124977 0.748399973
31.2486992 8.22834969 0.831750035
31.3227005 8.49629974 -0.102300003
31.2971992 8.66399956 -1.88269997
31.2334003 8.87469959 -1.87730002
31.2530003 8.97980022 1.3664
31.2338009 9.01270008 1.25800002
31.2897491 10.0268002 -1.94340003
31.4396992 0.217199996 -1.51789999
31.5976009 0.577300012 -1.5381
31.5248985 0.681500018 -1.54809999
31.4727993 0.981400013 -1.54499996
31.5397987 1.13750005 -1.55500007
31.5051994 1.51445007 -1.59214997
31.4360008 1.64579999 -1.59060001
31.5490494 1.898 -1.61115003
31.4176998 1.9296 -1.57659996
31.5907993 2.04789996 -1.61730003
31.4638004 2.11470008 -1.57290006
31.4708996 2.38879991 -1.62590003
31.4898987 2.33179998 -1.59085
31.4987793 2.49322009 -1.61632001
31.4417992 2.65420008 -1.61860001
31.5244999 3.17930007 -1.65579998
31.52425 3.45419979 -1.66265011
31.4673996 3.65079999 -1.6918
31.5228996 3.82649994 -1.68540001
31.5117493 4.13094997 -1.68199992
31.5161991 4.2665 -1.68700004
31.5513992 4.54294968 -1.71679997
31.5506992 4.62330008 -1.70720005
31.5370998 5.07105017 -1.73545003
31.4910507 5.48094988 -1.75600004
31.5734501 6.04034996 -1.7888
31.5233994 6.57505035 3.91690016
31.5419006 6.64996672 3.9619
31.4901009 7.33133364 1.17393339
31.4706993 7.31512499 1.28474998
31.4535007 7.52869987 -1.87080002
31.5568008 7.52209997 0.985599995
31.4791431 7.46742868 1.07457137
31.4393005 7.57819986 1.34010005
31.5858002 7.41750002 1.53489995
31.4640999 7.77689981 0.198500007
31.4398003 7.77629995 0.272500008
31.52425 7.67710018 0.962700009
31.580534 7.68706656 1.10223329
31.4234009 7.66569996 1.57449996
31.4903488 7.97700024 0.236099988
31.5426998 7.82499981 0.419099987
31.4706993 7.81729984 0.967899978
31.4986992 7.97370005 1.22549999
31.4876995 7.96750021 1.79849994
31.4095001 8.11520004 0.1479
31.5317001 8.03040028 0.264899999
31.4016991 8.02579975 0.545899987
31.4902325 8.09326649 1.70786667
31.5524502 8.09659958 1.91334999
31.5469322 8.13306618 2.11654997
31.5119991 8.1451664 2.28509998
31.5333672 8.29026699 0.0765333325
31.5632992 8.21560001 0.346100003
31.5904007 8.26049995 0.575699985
31.5904675 8.32139969 0.767633319
31.5632 8.28670025 0.890200019
31.4281998 8.42389965 -1.91419995
31.5515003 8.52169991 -0.0844999999
31.547451 8.67109966 -1.92260003
31.4986992 8.76140022 -0.114
31.4692001 8.63059998 0.964299977
31.5312004 8.82450008 1.15030003
31.5566998 8.87279987 1.29620004
31.5576 8.9698 1.48839998
31.4167995 9.06070042 1.51279998
31.4897995 10.0416002 -1.91589999
31.5543995 10.2156 -1.97679996
31.5683994 10.4453001 -1.90830004
31.7607498 0.0846500024 -1.52180004
31.6868401 0.306620002 -1.53175998
31.7012997 0.551900029 -1.53789997
31.6585007 0.72025001 -1.54719996
31.7966995 0.927100003 -1.5575
31.6231003 1.14460003 -1.57169998
31.7486 1.34745002 -1.56980002
31.6737995 1.46850002 -1.57389998
31.698 1.83609998 -1.60479999
31.7368507 1.83185005 -1.5891
31.6892662 2.28086662 -1.61893332
31.7520008 2.58189988 -1.61469996
31.6888332 2.91546679 -1.64020002
31.6035004 3.42000008 -1.68019998
31.6581993 3.70029998 -1.67050004
31.7339993 3.94350004 -1.71099997
31.6252499 4.08734989 -1.71364999
31.7749004 4.26809978 -1.72259998
31.7493992 4.5395999 -1.72109997
31.7091007 4.79780006 -1.77960002
31.7127991 4.98799992 -1.74489999
31.7057495 5.10745001 -1.74519992
31.6912003 5.36889982 -1.75240004
31.6306992 5.62389994 -1.80830002
31.6007004 5.69729996 -1.77059996
31.6396008 5.93580008 -1.81449997
31.7766991 6.05429983 -1.77320004
31.6847992 6.58949995 3.90665007
31.6700001 6.65380001 3.88380003
31.7139511 6.83739996 -1.84025002
31.6839008 7.11189985 -1.84300005
31.7966003 7.1237998 1.23989999
31.7682991 7.17740011 1.53489995
31.6991501 7.34468365 1.14796662
31.7102127 7.31273746 1.30181253
31.6830997 7.33099985 1.48049998
31.7901001 7.42199993 -1.88590002
31.7791004 7.4222002 1.1595
31.6459999 7.87629986 0.435699999
31.6931 7.80200005 0.98119998
31.6955338 7.90743351 1.09451663
31.7005005 7.98059988 1.37969995
31.6609001 7.93400002 1.43949997
31.656601 8.06545067 -1.88610005
31.6320992 8.18700027 0.113600001
31.6967793 8.0945797 0.262059987
31.6656494 8.03509998 0.496100008
31.6219997 8.18739986 0.602699995
31.7033997 8.11100006 1.35500002
31.6896992 8.06159973 1.41700006
31.7680511 8.13985062 1.70949996
31.7487602 8.1456995 1.90807998
31.677 8.32429981 -1.89189994
31.7091675 8.31503391 0.0804333389
31.7514992 8.22130013 0.221399993
31.71805 8.2092495 0.554299951
31.6847992 8.29675007 0.730475008
31.7796993 8.20489979 1.84500003
31.6502991 8.24030018 2.28690004
31.6303997 8.42640018 -0.0860999972
31.7114487 8.48184967 0.0397500023
31.6774006 8.5326004 1.07009995
31.7744007 9.72739983 -1.97440004
31.9062996 0.0954999998 -1.53995001
31.9962006 0.418900013 -1.55490005
31.9029999 0.737900019 -1.56704998
31.8419991 0.964900017 -1.55420005
31.877367 1.13176668 -1.57060003
31.8535995 1.36520004 -1.57790005
31.8976002 1.48594999 -1.59135008
31.9682007 1.75160003 -1.60160005
31.9743996 1.95780003 -1.60539997
31.9718513 2.03970003 -1.62119997
31.9337997 2.52889991 -1.65079999
31.9482002 2.72309995 -1.63639998
31.8386993 2.93930006 -1.65480006
31.8394012 3.09369993 -1.6595
31.9232998 3.33636665 -1.67173338
31.8458004 3.46460009 -1.66929996
31.9146996 3.93249989 -1.6918
31.9410515 4.0562501 -1.70640004
31.9279995 4.47599983 -1.72510004
31.9515991 5.00829983 -1.74714994
31.8759003 6.00220013 -1.8125
31.9773998 6.74749994 -1.81920004
31.9438992 6.67980003 3.90674996
31.8984489 6.81379986 -1.87310004
31.9386997 6.99980021 1.61389995
31.8523006 7.18149996 1.39760005
31.9069595 7.13753986 1.51098001
31.8895569 7.14395714 1.71350002
31.9122009 7.13100004 1.82949996
31.8701 7.26910019 -1.81289995
31.8649387 7.32670021 1.33218002
31.9627991 7.27960014 1.50539994
31.8752003 7.83104992 -1.88879991
31.8069992 7.83979988 1.07190001
31.8206005 7.98320007 1.77049994
31.8311005 8.10000038 0.351799995
31.9199791 8.12185955 0.485739976
31.8071003 8.07619953 1.79690003
31.8787003 8.10330009 1.88679993
31.9032326 8.14363384 2.06263328
31.892601 8.24639988 -1.93739998
31.8892326 8.30569935 0.142533332
31.8992996 8.31669998 0.282799989
31.8471489 8.25040054 0.535549998
31.8926334 8.26210022 0.702600002
31.8157997 8.51029968 -0.100100003
31.888649 8.43675041 0.0956999958
31.8257008 8.69299984 -1.93270004
31.8682995 8.94989967 -1.9267
31.8337994 9.58049965 -1.93640006
31.9824009 10.3583002 -1.95959997
32.0461006 0.0447000004 -1.53050005
32.0842209 0.261180013 -1.54553998
32.1660995 0.448900014 -1.55079997
32.1056519 0.733150005 -1.57449996
32.0592308 0.899900019 -1.57786667
32.0650482 1.11225009 -1.58759999
32.1680984 1.20930004 -1.59780002
32.1887016 1.54709995 -1.59159994
32.0852013 1.62230003 -1.61829996
32.0822983 1.78579998 -1.59449995
32.0998993 2.10179996 -1.61385
32.1366348 2.34243345 -1.62816668
32.1788483 2.51495004 -1.64805007
32.0937004 2.7335 -1.67295003
32.1220016 2.99799991 -1.65320003
32.0707016 3.0830667 -1.68299997
32.0579987 3.36220002 -1.66369998
32.0312004 3.54399991 -1.67780006
32.0323982 3.79959989 -1.69060004
32.1735001 3.94269991 -1.71679997
32.1024017 4.14799976 -1.73249996
32.1137009 4.38910007 -1.73609996
32.1016006 4.79629993 -1.7507
32.0065994 5.35309982 -1.77760005
32.0806007 6.01440001 -1.82889998
32.0811996 6.66660023 3.88499999
32.1186981 6.89669991 -1.86160004
32.0196991 7.15150023 1.61600006
32.0079002 7.23519993 1.72640002
32.017601 7.42850018 -1.89040005
32.1403008 7.94664001 0.703800023
32.1585007 7.97529984 0.815800011
32.1345978 8.07419968 0.562950015
32.1328354 8.06626606 0.699166656
32.1441994 8.38770008 0.110100001
32.0668983 8.26179981 0.238700002
32.1189003 8.25360012 0.461849988
32.0046005 8.46679974 0.105599999
32.0904999 8.63379955 -1.95410001
32.0191994 8.81210041 0.0262000002
32.0550995 9.70829964 -1.92560005
32.0267982 9.81120014 -1.97759998
32.1032982 10.5681 -2.04620004
32.2230492 0.111300007 -1.54769993
32.3791008 0.305400014 -1.55159998
32.2632484 0.46359998 -1.56505001
32.2913971 0.756600022 -1.57990003
32.3756485 1.10004997 -1.58829999
32.3185005 1.46810007 -1.60769999
32.3662491 1.87899995 -1.62805009
32.2322006 2.0947001 -1.64320004
32.3165321 2.31823325 -1.62989998
32.3790016 2.48239994 -1.65910006
32.213501 2.62159991 -1.64479995
32.2071991 3.03239989 -1.65680003
32.2606316 3.26936674 -1.69290006
32.239502 3.50159979 -1.68755007
32.2860336 3.70726657 -1.7160666
32.2851334 4.27386665 -1.72543335
32.3907013 4.48390007 -1.76970005
32.3620682 4.68016672 -1.76566672
32.2527008 4.91499996 -1.76040006
32.3592987 5.12809992 -1.77680004
32.2240982 5.3435998 -1.76919997
32.3572006 5.44420004 -1.82630002
32.3209991 5.92519999 -1.79910004
32.3350983 6.58050013 -1.87179995
32.3204689 6.58199978 3.96289992
32.2748489 6.67245007 -1.85019994
32.3495483 7.24874973 -1.85465002
32.3044014 7.55030012 -1.92620003
32.2196007 7.62900019 -1.88820004
32.2067986 8.18280029 -1.92260003
32.2475014 8.10634995 0.663949966
32.2734528 8.34032536 0.318700016
32.2961311 8.27083302 0.518666685
32.3611488 8.36419964 0.635200024
32.3542671 8.32563305 0.818933308
32.3409996 8.42059994 0.921599984
32.2743988 8.74464989 0.928650022
32.3330002 8.64430046 1.04299998
32.3945007 9.40989971 -1.93620002
32.3722992 10.0633001 -1.94959998
32.5002518 0.0432999991 -1.55344999
32.4744263 0.4824 -1.56715
32.5811996 0.722899973 -1.57000005
32.4963989 1.17159998 -1.6013
32.4997025 1.05839992 -1.58245003
32.5338326 1.28526676 -1.60986662
32.4971008 1.54250002 -1.60940003
32.4971008 1.68470001 -1.63016665
32.5193481 1.91144991 -1.62160003
32.5395012 2.17140007 -1.65269995
32.5737 2.51939988 -1.65339994
32.5448494 2.72735 -1.66600001
32.4608345 2.85986662 -1.66426671
32.5203323 3.14186668 -1.67649996
32.5587006 3.50314999 -1.6904
32.5238991 3.77279997 -1.7177
32.5996017 3.86590004 -1.70720005
32.5065002 4.24749994 -1.73759997
32.5586014 4.46420002 -1.74070001
32.532299 4.79820013 -1.77950001
32.4967995 5.01490021 -1.75090003
32.4440002 5.3190999 -1.78649998
32.5167007 5.64289999 -1.79454994
32.5675011 5.92799997 -1.82229996
32.5493011 6.34770012 -1.85070002
32.4670982 6.58349991 -1.86389995
32.5840988 6.57840014 3.87669992
32.5411491 6.6317997 3.90444994
32.5735016 7.04680014 -1.88549995
32.4681015 7.56715012 -1.91324997
32.5578995 8.16030025 -1.87399995
32.4225502 8.15789986 0.621500015
32.4499321 8.16429996 1.66283333
32.4174995 8.36680031 0.657999992
32.5141525 8.32455063 1.53920007
32.5251999 8.53797531 0.730100036
32.4658012 8.56200027 1.05599999
32.5241013 8.4789505 1.52744997
32.5129013 8.63570023 0.556699991
32.5283661 8.63203335 0.750500023
32.5062027 8.62714958 0.916350007
32.4235001 8.66934967 1.13279998
32.4574738 8.73429966 1.35240006
32.489399 8.67169952 1.46519995
32.5950012 9.51729965 2.41109991
32.5987015 9.56659985 2.65210009
32.5844002 9.79870033 -2.01530004
32.4352989 10.5511999 -1.99119997
32.7201653 0.280366659 -1.58226669
32.7752991 0.57130003 -1.59159994
32.7957001 0.785399973 -1.60339999
32.6281013 0.627099991 -1.59959996
32.706501 0.868499994 -1.58290005
32.7644997 1.11220002 -1.59319997
32.7578011 1.32099998 -1.61370003
32.6539001 1.49300003 -1.6142
32.6678009 1.75469995 -1.64100003
32.7340012 1.9109 -1.63030005
32.712265 2.07783341 -1.64979994
32.7833481 2.30124998 -1.67070007
32.7304535 2.5539999 -1.66814995
32.6585007 2.77220011 -1.65789998
32.6763992 2.99440002 -1.66569996
32.7697983 3.02329993 -1.68889999
32.7405014 3.27990007 -1.67619991
32.7551003 3.5402 -1.69809997
32.7074013 3.91549993 -1.71140003
32.6860504 4.06145 -1.73534989
32.7107658 4.53569984 -1.74926662
32.611599 4.67630005 -1.77499998
32.7951012 4.8059001 -1.80110002
32.729435 5.29660034 -1.78633332
32.7594986 5.65700006 -1.81809998
32.7131996 6.59089994 -1.90849996
32.65625 6.58479977 3.92479992
32.7257004 6.67210007 -1.92479992
32.6771011 7.29064989 -1.88685
32.6795006 7.72660017 -1.91260004
32.6054993 7.91129971 -1.90985
32.7327614 8.12794018 1.55501997
32.7017326 8.15670013 1.72389996
32.7588997 8.33479977 1.38174999
32.6564026 8.24703979 1.48855996
32.7471008 8.21310043 1.69920003
32.6217003 8.56649971 0.724600017
32.6183014 8.52690029 1.01569998
32.6705017 8.55865002 1.41359997
32.6672668 8.62940025 0.540266693
32.6701508 8.7378006 0.704900026
32.6011009 8.7833004 1.21159995
32.7687988 8.71949959 1.40339994
32.6313019 8.82199955 1.36530006
32.7270012 9.11750031 -2.0006001
32.7952003 9.03499985 -1.95089996
32.7830009 9.2105999 -1.91989994
32.735199 9.4907999 -1.97640002
32.7358017 9.58634949 2.36334991
32.6853676 9.48533344 2.51513338
32.6703987 9.77159977 -1.97399998
32.7678986 10.3944998 -2.00620008
32.6622009 10.2761002 -1.99619997
32.6657486 10.5195999 -1.97780001
32.9179993 0.0118000004 -1.56029999
32.9188004 0.219549999 -1.57609999
32.9744987 0.598399997 -1.60029995
32.8834648 0.500366688 -1.58070004
32.8244019 0.757399976 -1.59730005
32.8154984 0.873600006 -1.60599995
32.8533478 0.921300054 -1.59074998
32.8606987 1.13160002 -1.62880003
32.9402008 1.09940004 -1.59549999
32.9277992 1.20270002 -1.59870005
32.9430008 1.47329998 -1.62279999
32.8781509 1.67635 -1.63615
32.8148994 1.97500002 -1.64219999
32.9208527 2.06815004 -1.6494
32.9165344 2.31956673 -1.66863334
32.8983002 2.54520011 -1.66260004
32.890152 2.70375013 -1.67884994
32.960701 3.18300009 -1.68620002
32.8597984 3.24830008 -1.71060002
32.8283501 3.52974987 -1.72469997
32.8316994 4.83090019 -1.77250004
32.9870987 5.18590021 -1.78569996
32.9164009 5.30340004 -1.82480001
32.9826012 5.92679977 -1.83850002
32.9012756 6.56645012 3.922925
32.9289474 6.71124983 -1.86965001
32.8600006 6.62814999 3.89669991
32.9462013 6.95790005 -1.88180006
32.9664993 7.19399977 -1.87339997
32.8921814 7.3499999 2.95718336
32.9827003 7.39960003 3.03360009
32.9641991 7.42140007 2.79900002
32.9570999 7.59320021 2.90310001
32.9006004 7.49249983 3.25510001
32.839901 7.70419979 -1.88600004
32.9224014 7.96210003 1.69169998
32.9769516 7.84835005 2.88824987
32.8560028 8.13500023 -1.93634999
32.831501 8.16020012 1.54030001
32.8325996 8.25699997 -1.94589996
32.8848 8.3888998 1.32860005
32.8754349 8.29406643 1.48808336
32.8050003 8.20740032 1.60909998
32.8507004 8.22029972 1.82389998
32.9756355 8.52626705 1.36113334
32.9942017 8.54800034 1.40289998
32.9692993 8.40859985 1.61559999
32.9562988 8.64120007 1.35360003
32.9945984 8.84659958 1.39139998
32.8726006 9.18389988 -1.94050002
32.9878998 9.33790016 -1.98670006
32.9416008 9.4762001 2.38770008
32.8826485 9.51402473 2.507375
32.9846992 9.64840031 2.69510007
32.902401 9.97109985 -2.03600001
32.8270988 9.94610023 2.5474999
33.1044006 0.1655 -1.58274996
33.0976486 0.315100014 -1.60140002
33.0064011 0.330000013 -1.59259999
33.1086655 0.481266648 -1.58196664
33.0541 0.647499979 -1.60179996
33.0233994 0.699199975 -1.59819996
33.0564003 0.909866691 -1.61529994
33.1257477 1.05330002 -1.61570001
33.1526489 1.24380004 -1.62395
33.10495 1.51115 -1.62704992
33.0760002 1.88960004 -1.64899993
33.1407661 2.10103321 -1.65126669
33.0359993 2.24640012 -1.66919994
33.0825996 2.49620008 -1.66960001
33.0784988 2.64369988 -1.65989995
33.1675644 2.92176652 -1.71053338
33.1711998 3.10800004 -1.70930004
33.1671982 3.35299993 -1.72829998
33.1447983 3.4625001 -1.74059999
33.1206017 3.64429998 -1.72070003
33.1818008 3.94210005 -1.73409998
33.0679016 4.35309982 -1.75049996
33.1833 4.6085 -1.78149998
33.0522995 5.03200006 -1.80120003
33.1231995 5.66959953 -1.85555005
33.0513 5.99679995 -1.83920002
33.1890984 6.25110006 -1.87080002
33.1365662 6.57923317 3.93036675
33.1086502 6.64664984 -1.90439999
33.1115494 6.61870003 3.89545012
33.1702995 6.89459991 2.77489996
33.1590004 6.9236002 2.86240005
33.1810989 7.02250004 2.74749994
33.1950989 7.36609983 -1.93270004
33.0965271 7.3736248 2.90147495
33.1462021 7.33214998 3.08134985
33.0430984 7.46255016 -1.91619992
33.1297836 7.51738358 2.92173338
33.0761414 7.49906015 3.08457994
33.1411018 7.48746681 3.29909992
33.1847992 7.59259987 3.63400006
33.1148682 7.72469997 1.64886665
33.1487732 7.70475006 2.88721251
33.1164665 7.72433329 3.12059999
33.1238022 7.63399982 3.25939989
33.0852509 7.89710045 -1.92680001
33.1277008 7.87300014 1.51636672
33.0143013 7.86940002 1.64400005
33.1731491 7.90699959 2.7437501
33.0471992 7.80130005 2.88210011
33.1409988 7.99760008 3.0322001
33.0735016 7.8368001 3.20219994
33.1152 8.16209984 -1.95829999
33.0940018 8.15890026 1.34850001
33.1749992 8.03969955 1.4325
33.1406021 8.03093338 2.71780014
33.1711006 8.03590012 2.91280007
33.0583992 8.02070045 3.13639998
33.1878014 8.10980034 3.20860004
33.1444016 8.28849983 -1.96809995
33.1504478 8.31669998 1.30748332
33.1539345 8.34689999 1.52586663
33.0806999 8.3718996 1.68410003
33.1957016 8.20580006 2.66009998
33.1007004 8.41250038 1.64479995
33.0770988 8.64249992 -1.96459997
33.098999 8.80200005 -1.94550002
33.1026001 8.92307091 2.50321436
33.1635513 8.9265995 2.69064999
33.1475983 9.16965008 -1.97819996
33.0966644 9.09010029 1.31780005
33.1273994 9.14920044 1.47259998
33.1795006 9.1317997 2.38240004
33.1259995 9.08450031 2.44420004
33.1030998 9.0145998 2.64190006
33.0890999 9.36849976 2.38330007
33.1760025 9.26580048 2.42654991
33.0539017 9.47179985 2.35599995
33.1150017 9.49526691 2.49716663
33.1962013 9.6104002 2.43799996
33.1752014 10.1983995 -1.98749995
33.1483498 10.1066999 2.97305012
33.0667992 10.5115004 -1.93379998
33.2865677 0.0801333338 -1.5820334
33.3751984 0.234799996 -1.59259999
33.2934494 0.484549999 -1.58239996
33.3073006 0.782299995 -1.62629998
33.259201 0.951900005 -1.60599995
33.200901 0.84829998 -1.59580004
33.3638992 1.03750002 -1.6178
33.3456001 1.59580004 -1.6444
33.2966003 1.74670005 -1.65419996
33.3642998 1.96220005 -1.65960002
33.3268013 2.03590012 -1.66149998
33.3133507 2.31049991 -1.68825006
33.3112488 2.44595003 -1.67604995
33.3539009 2.62759995 -1.68579996
33.3115997 2.92176652 -1.70519996
33.3653984 3.15219998 -1.70309997
33.3838005 3.25480008 -1.72940004
33.3244667 3.45646667 -1.72683334
33.3541489 3.95289993 -1.74059999
33.3828011 4.16769981 -1.8125
33.3031502 4.31569958 -1.75314999
33.3176994 4.46780014 -1.75639999
33.2270012 4.66069984 -1.78569996
33.3003998 4.81839991 -1.755
33.3003006 5.27540016 -1.79340005
33.3073997 5.4052 -1.83089995
33.3740997 5.65189981 -1.83700001
33.2807465 5.93335009 -1.85944998
33.3862991 6.17679977 -1.87119997
33.3557014 6.58209991 3.94849992
33.2229004 6.77670002 -1.88
33.3656998 6.78830004 1.91849995
33.3073006 6.70160007 3.91650009
33.2770653 6.87169981 -1.90196669
33.3437004 6.86509991 1.99919999
33.2032013 6.94519997 2.72720003
33.3174019 7.02810001 -1.91530001
33.2926483 7.03347492 2.72927499
33.3059998 7.05897522 2.85272503
33.3755989 7.3435998 2.1875
33.3022995 7.38319969 2.87814999
33.302948 7.33669996 3.13004994
33.3722 7.26910019 3.20300007
33.3145981 7.31355 3.89514995
33.3082504 7.45165014 -1.91755009
33.3372993 7.46150017 2.79340005
33.3107185 7.51119995 2.90179992
33.2649994 7.49119997 3.05929995
33.2746506 7.6875 -1.93805003
33.2136497 7.73260021 1.58630002
33.2953987 7.79379988 1.60909998
33.3773994 7.63609982 2.76609993
33.2579384 7.72732019 2.92966008
33.2070007 7.63880014 3.06949997
33.3017998 7.96210003 1.37039995
33.2757568 7.87231445 1.49372864
33.223053 7.96784973 2.72755003
33.2780304 7.90787125 2.89134288
33.2480011 8.06949997 -1.99619997
33.2764359 8.05556679 1.30124998
33.2489014 8.06579971 1.58249998
33.2879829 8.08304977 2.68866658
33.2556496 8.08160019 2.84840012
33.3107986 8.25800037 1.19550002
33.3198509 8.28244972 1.25047493
33.3205986 8.22719955 2.97119999
33.2584 8.24699974 3.01699996
33.2635002 8.28199959 3.32399988
33.2876511 8.44204998 1.27645004
33.3242989 8.54740047 2.97079992
33.2384338 8.54156685 3.0405333
33.3487015 8.65939999 -1.98790002
33.3683014 8.69859982 1.24749994
33.3305016 8.76729965 2.93950009
33.3389015 8.63070011 3.11479998
33.2671013 8.89540005 -2.01979995
33.3831024 8.96405029 1.17490005
33.2908669 8.94523335 1.23143327
33.3647995 8.98840046 2.37870002
33.3190231 8.88277435 2.51582503
33.2683487 8.8125 2.88945007
33.3310013 8.82919979 3.13919997
33.2240524 9.05189991 1.23764992
33.3480492 9.11180019 2.36789989
33.2333984 9.31750011 -1.95969999
33.3874016 9.26760006 2.33820009
33.2470512 9.29739952 2.43130016
33.3448639 9.35016632 4.2567668
33.2661018 9.44369984 2.22379994
33.3035011 9.45160007 2.43009996
33.2486992 9.45960045 2.70079994
33.3535995 9.71800041 -2.03616667
33.3204308 10.0698328 -2.03003335
33.2747498 10.0910501 2.93225002
33.4965973 0.0193499997 -1.58959997
33.5367012 0.337700009 -1.59720004
33.527401 0.539300025 -1.60800004
33.5084 0.567700028 -1.5948
33.4788017 0.728100002 -1.61450005
33.5156326 0.914266646 -1.61919999
33.5401993 0.83890003 -1.59280002
33.4025993 1.13010001 -1.63139999
33.5096512 1.30340004 -1.64905
33.5129013 1.4698 -1.6487
33.5144997 1.6954 -1.65450001
33.473999 1.93755007 -1.67000008
33.5653 2.08579993 -1.67369998
33.5227013 2.47239995 -1.69860005
33.5706482 2.68365002 -1.69225001
33.554451 2.89989996 -1.70120001
33.4554977 3.07766676 -1.7044667
33.5061989 3.46530008 -1.73304999
33.4295998 3.8657999 -1.75989997
33.5730019 4.2189002 -1.7809
33.5950012 4.56090021 -1.77180004
33.5312004 4.67129993 -1.79779994
33.4917984 4.99520016 -1.81260002
33.5982018 5.02120018 -1.80209994
33.4950676 5.50653315 -1.84580004
33.5384521 5.64589977 -1.83360004
33.5023499 6.02859974 -1.84124994
33.5437012 6.21729994 -1.87310004
33.5704002 6.58090019 2.0632
33.4800339 6.57856655 3.91666675
33.514801 6.74170017 -1.93580008
33.5125618 6.7740202 1.88075995
33.4314995 6.77549982 2.05559993
33.5368996 6.7336998 2.89146662
33.543499 6.72336674 3.05690002
33.5289993 6.73839998 3.79850006
33.5447502 6.64055014 3.88015008
33.5727005 6.91069984 -1.92429996
33.5674515 6.86014986 1.89654994
33.4363022 6.81739998 2.05634999
33.5192757 6.87685013 2.75985003
33.4283333 6.92506647 2.87723327
33.4466019 6.88250017 3.07529998
33.5093994 7.0689497 1.92514992
33.4619484 7.07437515 2.70875001
33.4601669 7.16079998 3.07523346
33.5056992 7.27400017 -1.93210006
33.4961662 7.31496668 2.12253332
33.5169983 7.30424976 2.77710009
33.5337486 7.35009956 2.88389993
33.5225677 7.32990026 3.08710003
33.5469666 7.28303337 3.27346659
33.5797997 7.44339991 2.0638001
33.5317497 7.48169994 2.74729991
33.4544983 7.47179985 2.90140009
33.4696007 7.78340006 2.72090006
33.5228996 7.65570021 2.81489992
33.4966011 7.90505457 1.2779727
33.4914017 7.88597488 1.48519993
33.4219513 7.89564991 2.76975012
33.5019989 7.85815001 2.84809995
33.4178009 8.19620037 -1.97290003
33.4187012 8.08129978 1.29135001
33.5330009 8.02299976 1.56159997
33.5508995 8.07219982 2.79369998
33.5200996 8.0770998 2.88709998
33.582901 8.28059959 -1.95669997
33.4590988 8.29520035 1.16569996
33.4445992 8.25030041 2.71670008
33.5549011 8.52130032 1.22510004
33.4692993 8.52944946 2.97315001
33.5633011 8.66639996 -2.01469994
33.5535011 8.61170006 -1.90509999
33.5465012 8.73519993 1.26600003
33.4972534 8.74545002 2.50390005
33.5862007 8.67529964 2.79060006
33.5052681 8.62566662 2.92013335
33.4337006 8.8203001 -1.99169993
33.5073013 8.87989998 1.30560005
33.5376015 8.81229973 2.37170005
33.5390015 8.95370007 2.51765013
33.4860992 8.86540031 2.75650001
33.4189987 8.80599976 2.8131001
33.5390511 8.92194939 4.64365005
33.5432014 8.91390038 4.85540009
33.4019012 9.02070045 -2.02740002
33.4637527 9.15915012 -1.96424997
33.4710007 9.05834961 1.12960005
33.5158997 9.13389969 2.59299994
33.5803986 9.05589962 4.77780008
33.5121994 9.24279976 -1.99539995
33.4931335 9.34060001 2.35046673
33.5319519 9.31324959 2.42289996
33.4838753 9.27177525 4.30215025
33.4332008 9.55290031 2.19199991
33.4555016 9.51659966 2.26950002
33.4785004 9.46683311 4.1024003
33.4875984 10.3815002 -2.04430008
33.7192001 0.131600007 -1.59730005
33.6590996 0.318450004 -1.60520005
33.6309013 0.531499982 -1.6135
33.7916985 0.73150003 -1.63999999
33.6696014 0.892099977 -1.62220001
33.6664009 1.05365002 -1.63059998
33.7585983 1.38610005 -1.64610004
33.7250328 1.5053333 -1.65126669
33.7414017 1.89989996 -1.67005002
33.6761322 2.31466675 -1.69073331
33.7058983 2.53399992 -1.70500004
33.7965012 2.89129996 -1.72780001
33.6172981 3.03620005 -1.75199997
33.7257004 3.22589993 -1.72899997
33.6948509 3.5300498 -1.73114991
33.732048 3.95215011 -1.76674998
33.6740494 4.35680008 -1.78040004
33.7723465 4.84800005 -1.81929994
33.685051 6.07934999 -1.86835003
33.7443504 6.3368001 1.77234995
33.737999 6.36229992 3.17589998
33.6879997 6.44570017 -1.90610003
33.6604004 6.59240007 2.77979994
33.7218742 6.50242519 2.91619992
33.7054977 6.48950005 3.05369997
33.6199989 6.58860016 3.82570004
33.6554985 6.7519002 -1.94009995
33.6641769 6.69400024 1.72935009
33.728817 6.68725014 1.84931672
33.7392006 6.68016672 2.73456669
33.7060318 6.64043331 2.85710001
33.6753006 6.65360022 3.10820007
33.6353989 6.60090017 3.20469999
33.7332764 6.63980007 3.85489988
33.7932014 6.87120008 -1.96490002
33.7747002 6.83909988 1.58560002
33.7697983 6.99420023 1.62660003
33.7014351 6.92213345 1.83360004
33.6902657 6.86876678 2.01433325
33.7013512 6.87622499 2.75637484
33.6647491 6.81760025 2.8140502
33.7022018 7.0921998 -1.93110001
33.7280502 7.09299994 1.85054994
33.6940346 7.14113331 2.68026662
33.6775513 7.12314987 2.97315001
33.6445007 7.04129982 3.14350009
33.7984009 7.28700018 -1.65540004
33.7298965 7.25395012 1.91425002
33.6929474 7.29204988 2.08739996
33.7172356 7.31489992 2.29606652
33.7482986 7.39510012 2.5007
33.6553497 7.31540012 2.76090002
33.6016998 7.37699986 2.92309999
33.6848984 7.27710009 3.12450004
33.7737007 7.30459976 3.2974
33.7014008 7.40285015 -1.97780001
33.7829018 7.44619989 1.85790002
33.7405014 7.43449974 2.11794996
33.7798996 7.41300011 2.35649991
33.6183014 7.40199995 2.77769995
33.6949997 7.43160009 2.9533999
33.7654991 7.41769981 3.26489997
33.7857018 7.68380022 -1.3721
33.6530991 7.75409985 2.72410011
33.6067009 7.7031002 2.81089997
33.7826996 7.89389992 1.20899999
33.7173996 7.95539999 1.41869998
33.7061501 7.94999981 1.89569998
33.7349777 7.92280006 2.07439995
33.6036987 7.88390017 2.8513999
33.7099991 8.1487999 0.958199978
33.7435989 8.08349991 1.0656333
33.7301979 8.11229992 1.24580002
33.6516991 8.09420013 1.57790005
33.6514015 8.04539967 2.72979999
33.7216492 8.10009956 2.82189989
33.7218018 8.31070042 -1.96640003
33.739502 8.28829956 1.15495002
33.6236992 8.27350044 1.21790004
33.6861191 8.3312397 2.7311399
33.6753006 8.47249985 1.24469995
33.6570015 8.57884979 2.10409999
33.7132988 8.47249985 2.37330008
33.6422005 8.5323 2.43230009
33.6641006 8.50060081 2.87480021
33.7925987 8.59589958 4.54110003
33.737751 8.55189991 4.71810007
33.741951 8.48724937 4.80224991
33.6655998 8.7517004 1.22140002
33.6953011 8.62720013 2.06820011
33.6395493 8.67430019 2.32850003
33.6735992 8.76379967 2.59069991
33.7915001 8.64939976 3.02519989
33.7789001 8.75959969 4.55369997
33.6882019 8.73960018 4.71640015
33.7106018 8.74409962 4.82649994
33.6778984 8.85429955 -1.94079995
33.7370491 8.82975006 1.27084994
33.6251984 8.89960003 2.34920001
33.6064987 8.87199974 2.55859995
33.7341995 8.89760017 2.62010002
33.7228508 8.88654995 4.54454994
33.7017326 8.90600014 4.61786652
33.6786995 8.94699955 4.88920021
33.6795311 9.02776623 1.09366667
33.7935982 9.12650013 1.22590005
33.7360001 9.01809978 2.60220003
33.7388 9.05889988 4.51615
33.6588516 9.06130028 4.67895031
33.767601 9.28120041 -2.03629994
33.6716995 9.2354002 2.28850007
33.7369995 9.27060032 2.40129995
33.6362 9.36289978 4.16330004
33.6767654 9.30416679 4.31470013
33.7164993 9.22089958 4.57910013
33.7771988 9.53989983 2.34840012
33.6295013 9.49009991 4.08825016
33.705101 9.43190002 4.23019981
33.6189995 9.60420036 -1.97790003
33.7737007 9.70860004 2.27069998
33.7555008 9.71780014 3.43889999
33.7347984 9.87889957 -2.01929998
33.7411003 9.91139984 2.98819995
33.7419014 9.92730045 3.04839993
33.7855988 10.79 3.53320003
33.7937012 10.9224997 3.59150004
33.7938995 11.1520996 3.03309989
33.7958984 11.3011999 3.16540003
33.7344017 11.4242001 2.89709997
33.9123344 0.302966654 -1.60860002
33.8789978 0.484899998 -1.61884999
33.8853989 0.607900023 -1.62609994
33.8585014 0.957300007 -1.63900006
33.8577347 1.12253332 -1.64619994
33.8630981 1.37300003 -1.66390002
33.955101 1.46229994 -1.65929997
33.9314499 1.89595008 -1.6724
33.8426514 2.06489992 -1.68924999
33.9331665 2.25909996 -1.67980003
33.9084015 2.53367496 -1.69984996
33.9434509 2.91839981 -1.71889997
33.955452 3.09159994 -1.73644996
33.9151344 3.28653336 -1.74416661
33.9956017 3.62739992 -1.76129997
33.9168015 3.94449997 -1.77149999
33.8208504 4.34520006 -1.80610001
33.8993988 4.23089981 -1.7967
33.9384003 4.47489977 -1.80980003
33.8526001 4.40189981 -1.79110003
33.9968987 4.76669979 -1.8003
33.8338013 4.74919987 -1.79139996
33.9431 4.89779997 -1.83595002
33.9314995 5.10440016 -1.82570004
33.8851013 5.33650017 -1.84455001
33.8195992 5.78410006 -1.87300003
33.9679832 5.9201498 1.70678329
33.9015999 6.18919992 -1.80700004
33.9062996 6.31805038 -1.88214993
33.9583015 6.32593346 -1.75896668
33.9836998 6.37989998 -1.53340006
33.9068336 6.30436659 1.71126664
33.8035011 6.22949982 1.85370004
33.9717331 6.25263357 2.13890004
33.9905014 6.34660006 2.32459998
33.9553604 6.33544016 2.91152
33.9371986 6.32250023 3.05270004
33.8300323 6.54400015 -1.94916666
33.9012222 6.4854002 -1.71351993
33.9561005 6.49599981 -1.54550004
33.9085693 6.53662872 -1.3073715
33.9160995 6.4800334 1.7208333
33.9995003 6.52759981 1.84560001
33.8731995 6.56839991 2.0632
33.9169502 6.49345016 2.75900006
33.892601 6.46136665 2.88581657
33.8143005 6.52659988 3.03699994
33.8418999 6.71750021 -2.08649993
33.8811417 6.69430017 -1.83539999
33.9006996 6.69142008 -1.69713998
33.8809586 6.67988014 -1.50041997
33.9441986 6.79050016 -1.34909999
33.9349976 6.68655014 -1.13240004
33.9920006 6.70699978 1.48455
33.8731575 6.70692873 1.71362853
33.9005356 6.67866659 1.90573335
33.8971672 6.72270012 2.7396667
33.8586349 6.6524334 2.84693336
33.9138336 6.61319971 3.85333323
33.8789978 6.88845015 -1.88705003
33.9007988 6.93769979 -1.78219998
33.8908157 6.86009979 -1.49491668
33.912899 6.88892841 -1.29972863
33.9338341 6.93459988 -1.1676333
33.962101 6.92379999 -0.943599999
33.9369011 6.84754992 1.36395001
33.9632988 6.94320011 1.40810001
33.8393326 6.86120033 1.65563333
33.8773499 6.87977505 1.88945007
33.9104767 6.92065001 2.75412512
33.9072495 7.15164995 -1.89735007
33.9023514 7.10690022 -1.69994998
33.9086533 7.05179977 -1.48434997
33.8704987 7.03009987 -1.28349996
33.906826 7.05422497 1.91417503
33.8133011 7.08839989 2.05349994
33.8582001 7.11189985 2.22550011
33.9303017 7.05670023 2.57200003
33.8836594 7.07764006 2.69952011
33.9172325 7.25253344 -1.88920009
33.9235001 7.2734251 -1.7069
33.9058342 7.27045012 -1.51506662
33.8624268 7.27232504 2.25160003
33.8534012 7.32989979 2.46539998
33.8852005 7.20880032 2.68239999
33.8535004 7.29500008 3.1795001
33.8781319 7.27413321 3.33566666
33.8375015 7.42350006 -2.03390002
33.8638496 7.41090012 -1.85645008
33.8455505 7.46740007 -1.70534992
33.8567009 7.51000023 1.84134996
33.9520988 7.40500021 2.26990008
33.9075012 7.5243001 2.69799995
33.8857994 7.7421999 -2.04509997
33.9137001 7.69057512 -1.89797497
33.9348984 7.73075008 -1.78275001
33.9379654 7.70338345 -1.45939994
33.9127007 7.68930006 -1.32910001
33.9337997 7.78259993 1.36450005
33.888401 7.6402998 2.00329995
33.9729996 7.71049976 2.2249999
33.9550018 7.76210022 5.15310001
33.8949203 7.90386009 -1.9152
33.9548988 7.87909985 -1.4526
33.9304008 7.83535004 -1.26464999
33.9905014 7.82350016 -1.12220001
33.9303017 7.90848017 1.13134003
33.907547 7.88684988 1.23819995
33.9650002 7.87470007 1.46850002
33.9556999 7.9854002 1.76349998
33.8260002 7.87924957 1.90855002
33.8290749 7.92762518 2.07340002
33.8978004 7.91779995 2.83155012
33.9169998 7.82644987 5.06215
33.8498497 8.06884956 -1.95449996
33.9715004 8.10179996 -1.53400004
33.9771996 8.16479969 -1.19480002
33.9083405 8.0958004 1.10583997
33.8059998 8.18550014 1.47440004
33.8959007 8.05879974 1.70214999
33.8651009 8.12720013 2.18260002
33.8652344 8.12243366 2.86976671
33.9894485 8.15260029 4.47284985
33.9950981 8.23190022 -1.61459994
33.9928017 8.32610035 -1.56669998
33.948967 8.24836636 -1.26246667
33.9314995 8.29395008 1.13660002
33.9996986 8.25730038 1.2141
33.8302498 8.35510063 1.67180002
33.868248 8.36859989 2.0713501
33.8837013 8.39330006 2.73600006
33.8264008 8.29759979 2.83209991
33.9314995 8.52299976 -2.0144999
33.9201508 8.50360012 -1.91589999
33.9841003 8.48929977 -1.71949995
33.9583015 8.44699955 -1.44050002
33.9642982 8.43050003 -1.25300002
33.9199982 8.5597496 1.20899999
33.850235 8.54056644 2.08333325
33.9569016 8.54069996 2.34450006
33.8939972 8.56954956 2.86849999
33.8557968 8.5468998 4.65425014
33.9081001 8.52429962 4.88490009
33.9231491 8.67835045 -1.82614994
33.9878006 8.75329971 -1.70780003
33.9863014 8.65390015 -1.3405
33.9658012 8.66896725 1.94603336
33.8305016 8.62829971 2.09969997
33.9107018 8.68340015 2.38689995
33.8349991 8.71999931 2.41244984
33.8926239 8.69288731 4.50276232
33.8558006 8.68389988 4.70179987
33.9250984 8.91520023 -1.83879995
33.8668518 8.91590023 -1.70735002
33.9579506 8.91990089 -1.33019996
33.9945984 8.95660019 -1.1049
33.9595985 8.9708004 0.929099977
33.9782982 8.86400032 1.13510001
33.8482018 8.83810043 1.20500004
33.8283005 8.93499947 2.66524982
33.9625015 8.87170029 4.34819984
33.8907013 8.84300041 4.59070015
33.8936005 9.03009987 -1.62650001
33.9251328 9.0921669 -1.2871666
33.9947014 9.01500034 0.894200027
33.8087006 9.06270027 1.15139997
33.8387985 9.17389965 2.0927
33.8429985 9.19760036 4.33389997
33.8717613 9.08300018 4.51626015
33.8748016 9.36240005 -1.99100006
33.8541985 9.37530041 2.2651
33.8390617 9.31768036 4.32216024
33.8743515 9.24639988 4.43165016
33.8919983 9.48569965 -1.99070001
33.9705009 9.74685001 -1.93210006
33.9888496 9.70165062 -1.69650006
33.9710999 9.68645 -1.32774997
33.9589996 9.72560024 3.4531002
33.9603004 9.62779999 4.17500019
33.9880981 9.94550037 -1.44990003
33.8303986 9.86839962 3.28609991
33.8844986 9.86800003 4.31430006
33.9607506 10.0625496 -1.50504994
33.9830017 10.0471497 -1.31025004
33.833149 10.0485001 3.20905018
33.9417 10.4886999 -2.06480002
33.9752998 10.4650002 3.32844996
33.9399338 10.5289669 3.50796676
33.9391022 10.7292004 3.37019992
33.9179611 10.6698599 3.49668002
33.8639984 11.0534 3.51950002
33.8216019 11.3450003 2.88800001
33.8512001 11.2526999 3.28850007
34.1576347 0.104400001 -1.60853326
34.0688019 0.333466649 -1.61933327
34.1406021 0.490150005 -1.62709999
34.0293999 0.709800005 -1.62259996
34.0829315 0.879133344 -1.63913333
34.1462669 1.14390004 -1.66003335
34.0578003 1.31210005 -1.63839996
34.0968246 1.46270001 -1.65807509
34.0644493 1.72175002 -1.67569995
34.1198997 1.91170001 -1.68229997
34.1702995 2.61969995 -1.71430004
34.1315994 2.96760011 -1.74489999
34.0808487 3.29155016 -1.7509501
34.0833015 3.43919992 -1.76760006
34.1201019 3.69169998 -1.74440002
34.0265007 3.87089992 -1.77509999
34.0119019 4.36660004 -1.79410005
34.1312027 4.50710011 -1.81330001
34.0831985 4.4145999 -1.79139996
34.0713005 4.68900013 -1.80369997
34.0779724 4.9447999 -1.83015001
34.1903992 5.12099981 -1.82539999
34.0617981 5.67455006 -1.85189998
34.1829987 5.74380016 1.69719994
34.0009995 5.7670002 1.81280005
34.1973991 5.8980999 1.58770001
34.0894012 5.88701677 1.6742667
34.0890503 5.94150019 1.87133336
34.1705017 5.98089981 2.1881001
34.1288986 6.1177001 -1.88779998
34.1685486 6.02780008 1.55855
34.0855789 6.08574009 1.68346
34.0966644 6.08396673 1.88373327
34.1077995 6.09302855 2.12241435
34.0738983 6.19500017 2.24769998
34.1196327 6.09486675 2.92953324
34.1679001 6.08010006 3.06963325
34.1428986 6.11180019 3.20129991
34.0895996 6.24733353 -1.85460007
34.1125984 6.30775976 -1.70941997
34.1269493 6.33074999 -1.47057498
34.1885986 6.29320002 -1.39629996
34.1166992 6.30507517 1.69317508
34.1741982 6.23920012 1.98860002
34.1009827 6.31088352 2.07193327
34.0447998 6.29780006 2.74749994
34.1125679 6.2847333 2.90499163
34.0387001 6.36810017 3.18790007
34.0367012 6.51079988 -1.67396665
34.0146027 6.44754982 -1.48609996
34.0594215 6.44485998 -1.28452003
34.0648689 6.49966669 -1.15330005
34.1169968 6.5451498 1.38189995
34.0603981 6.47119999 1.50370002
34.1543236 6.49265003 1.70422506
34.0779495 6.52710009 1.93079996
34.0932007 6.47293329 2.07816672
34.0035019 6.50409985 2.7414999
34.1119537 6.46992731 2.87139988
34.0986023 6.58080006 3.85279989
34.0035019 6.75489998 -1.74440002
34.1612015 6.79190016 -1.16589999
34.1239014 6.66900015 1.39670002
34.1199989 6.67291689 1.47841668
34.08078 6.70597982 1.64374006
34.0629501 6.69890022 1.92495
34.128479 6.69406033 2.07532001
34.0616989 6.6180501 2.73810005
34.1208 6.63189983 2.81539989
34.1700516 6.61400032 3.81809998
34.149353 6.87625027 -1.05789995
34.1390991 6.87629986 1.19819999
34.075222 6.90339994 1.30486667
34.1403999 6.94945002 1.50045002
34.0397034 6.87849998 2.74099994
34.0721016 6.91909981 2.8527
34.023201 7.0170002 -1.79770005
34.0028992 7.16330004 -1.55869997
34.0088997 7.04440022 -1.36099994
34.1130981 7.14209986 -1.0704
34.0430984 7.09280014 -0.971199989
34.1420784 7.08279991 1.10057998
34.0690384 7.08915997 1.28928006
34.164299 7.04139996 1.58410001
34.0447998 7.17065001 2.2902
34.0658798 7.03811979 2.71550012
34.1305008 7.14540005 3.36389995
34.1664009 7.3604002 -1.40890002
34.0779419 7.26168013 1.11001992
34.1278992 7.26749992 1.24899995
34.0942345 7.25040007 1.46696663
34.1253014 7.20079994 2.1408999
34.1455994 7.25209999 2.26036668
34.0248985 7.36619997 2.67919993
34.0091019 7.20599985 3.22650003
34.0774651 7.56290007 -1.45473337
34.0927658 7.51296663 -1.28993332
34.0755005 7.58030033 0.843549967
34.1395683 7.47493315 1.10526669
34.1285629 7.49623775 1.33117497
34.0293503 7.50839996 1.4447
34.1581001 7.43760014 2.01130009
34.0251999 7.54400015 2.24959993
34.0032997 7.53719997 2.65149999
34.1464653 7.70273304 -1.11543334
34.1170006 7.63129997 0.799499989
34.0914993 7.73880005 0.993399978
34.1554985 7.65859985 1.31140006
34.0250015 7.75019979 1.69079995
34.0256004 7.73220015 1.90836668
34.1814003 7.60830021 2.7198
34.0982323 7.72421646 5.11473322
34.1492004 7.71430016 5.27725029
34.0018997 7.74510002 5.59310007
34.0652504 7.88934994 -1.13069999
34.0038986 7.85059977 1.04229999
34.1012993 7.93709993 1.5812
34.1615982 7.9071002 1.76655006
34.1223526 7.9317503 1.87175
34.1360512 7.93160009 2.89499998
34.1502495 7.92705011 4.98095036
34.0728836 7.87795734 5.08028555
34.0508995 8.05609989 -1.67190003
34.0712509 8.03874969 -1.22549999
34.1276016 8.07279968 -1.12339997
34.0830498 8.10107422 1.10395002
34.1272011 8.12906647 1.28076661
34.0372009 8.03950024 1.45469999
34.1055984 8.01430035 1.83200002
34.0568008 8.09930038 2.06550002
34.1235008 8.11060047 2.75239992
34.1207504 8.09864998 2.82560015
34.1351662 8.13143349 4.51136684
34.0266991 8.39430046 -1.81729996
34.0217018 8.37559986 -1.65789998
34.0051994 8.31639957 -1.21000004
34.0607529 8.3328495 1.67140007
34.1029968 8.27670002 2.26875019
34.1399002 8.22329998 2.45519996
34.0177994 8.20899963 2.81719995
34.0382004 8.24650002 3.63980007
34.0457993 8.20020008 4.4776001
34.0201988 8.52340031 -1.50209999
34.1346016 8.40769958 1.92970002
34.0796509 8.44950008 2.10410023
34.0871506 8.47565079 2.31774998
34.1413651 8.46749973 2.68309999
34.178299 8.53969955 4.31339979
34.1174469 8.53944969 4.65749979
34.0026016 8.6157999 -1.27590001
34.0206985 8.75119972 -1.13979995
34.1110992 8.73480034 1.94120002
34.1349983 8.69880009 3.3282001
34.1379662 8.67059994 3.63473344
34.1599503 8.68524933 4.35439968
34.0594215 8.68690014 4.49669981
34.1805992 8.60709953 4.6171999
34.0099983 8.81130028 -1.85339999
34.013401 8.84640026 -1.63259995
34.0127983 8.86610031 -1.28799999
34.118351 8.85435009 -1.13170004
34.1189346 8.93026638 0.911933303
34.1632996 8.87779999 1.21739995
34.1047974 8.92555046 3.3355
34.1004982 8.86779976 3.51480007
34.0023003 8.91769981 4.35029984
34.0820503 8.92835045 4.44154978
34.1683006 8.93560028 4.73210001
34.0335007 9.19029999 -1.88489997
34.0441017 9.12450027 -1.16030002
34.0737991 9.13300037 0.799399972
34.0990982 9.10840034 0.872349977
34.0732002 9.09519958 1.12670004
34.1380005 9.0234499 4.37384987
34.0536003 9.04609966 4.44710016
34.0557022 9.33179951 -1.70746672
34.0219994 9.21049976 -1.16649997
34.1853981 9.2045002 0.770099998
34.1049995 9.37580013 2.53360009
34.1483994 9.3199501 4.16380024
34.043499 9.46170044 -1.25390005
34.1146011 9.40890026 0.959900022
34.1800003 9.53320026 4.29430008
34.0543976 9.71605015 -1.69315004
34.0587502 9.69644928 -1.41184998
34.0401993 9.63063335 -1.12829995
34.0371017 9.62559986 3.72210002
34.0158005 9.86610031 -1.95780003
34.0064011 9.94579983 -1.23230004
34.1474991 9.85369968 3.29049993
34.0601006 9.94929981 4.16239977
34.1733017 9.85649967 5.06090021
34.1829491 9.91444969 5.26000023
34.0332489 10.0747509 3.27815008
34.0875015 10.3606997 3.57789993
34.0693016 10.5633001 3.37649989
34.1165009 10.9537001 3.23970008
34.2080002 0.0428000018 -1.60210001
34.3210983 0.298166662 -1.62979996
34.3081512 0.475349993 -1.6257
34.3284988 0.685899973 -1.63899994
34.3163986 0.865750015 -1.653
34.2592659 1.11586666 -1.65536666
34.2102013 1.37730002 -1.66999996
34.2977753 1.48755002 -1.67242503
34.229599 1.74419999 -1.68840003
34.2807503 1.92610002 -1.68955004
34.3572006 2.0223999 -1.68439996
34.3662987 2.36689997 -1.71739995
34.3104668 2.46566677 -1.71286666
34.3191986 2.91899991 -1.72430003
34.3189316 3.03920007 -1.74129999
34.2878494 3.49599981 -1.76655006
34.3502007 3.76360011 -1.75709999
34.2931671 3.91149998 -1.7754333
34.2915001 4.15250015 -1.80879998
34.3619003 4.20270014 -1.81159997
34.3189011 4.37809992 -1.77810001
34.2997017 4.4980998 -1.79540002
34.2638016 4.71379995 -1.81900001
34.3189507 5.11420012 -1.86910009
34.3511009 5.27799988 -1.84949994
34.3564491 5.77874994 -1.87849998
34.3584976 5.76429987 1.70175004
34.3040009 5.74790001 1.83840001
34.2988014 5.78679991 2.00769997
34.3689995 5.96670008 1.54560006
34.2743874 5.88883734 1.70624995
34.2830009 5.89398003 1.86566007
34.3231621 5.95007992 2.11642003
34.3055992 5.9604001 2.2342
34.2549019 5.97510004 2.98900008
34.2416 5.94420004 3.04830003
34.3213501 6.16915035 -1.50434995
34.3294983 6.15170002 -1.29789996
34.2005997 6.15969992 -1.16859996
34.2823982 6.15899992 1.3707
34.3288612 6.08979988 1.54172003
34.3014488 6.08203316 1.6462667
34.3007317 6.06116676 2.07675004
34.3442001 6.04510021 2.29999995
34.2396011 6.12908316 2.92186666
34.2747002 6.04885006 3.10435009
34.2826996 6.2118001 -1.81920004
34.3304024 6.31871986 -1.70140004
34.3089294 6.31385708 -1.48581433
34.2729492 6.35237503 -1.26994991
34.290657 6.3018713 1.53219998
34.2778015 6.28299999 1.63619995
34.3205986 6.28410006 1.91869998
34.2757988 6.2720499 2.03970003
34.2874985 6.28809977 2.76760006
34.27005 6.29034996 2.89992499
34.3571014 6.41179991 -1.20829999
34.3071518 6.47770023 -1.11995006
34.2957001 6.44490004 -0.972000003
34.2606659 6.48969984 1.35003328
34.3295135 6.48252869 1.49947143
34.2207985 6.57620001 1.86909997
34.2905807 6.50010014 2.87980008
34.2268982 6.56489992 3.82249999
34.3298492 6.77040005 -1.13870001
34.2944984 6.67936659 1.31446671
34.2271004 6.60489988 1.47500002
34.2098656 6.64966679 1.68723333
34.3171997 6.7276001 1.96379995
34.3283997 6.6894002 2.01139998
34.327301 6.70569992 2.85637999
34.3181 6.88560009 -1.10969996
34.2176018 6.98330021 1.14699996
34.2786865 6.90504265 1.28321433
34.3218002 6.90444994 1.5164001
34.3508492 6.96234989 2.08325005
34.3694 6.84819984 2.24959993
34.3028984 6.83529997 2.75484991
34.3229523 6.87470007 2.82319999
34.2117996 7.14680004 -1.21700001
34.3193398 7.12315989 -1.09495997
34.3454018 7.06599998 0.950699985
34.2664986 7.14531994 1.13372004
34.3092995 7.10760021 1.98619998
34.2294464 7.08034992 2.3295002
34.2800484 7.12559986 2.72775006
34.3498993 7.10070038 2.90584993
34.2762985 7.35570002 -1.25530005
34.2709007 7.35349989 -1.13610005
34.2220993 7.3043499 0.945800006
34.3273201 7.28586006 1.05939996
34.2421989 7.27029991 2.24259996
34.2220993 7.38040018 2.6954
34.2927475 7.56885004 -1.11790001
34.3741989 7.5303998 0.915233314
34.3124008 7.43849993 1.01699996
34.3483009 7.5165 1.41690004
34.268631 7.62043333 -1.07733333
34.2406006 7.6559 -0.932900012
34.3027 7.61670017 0.921299994
34.2013016 7.62349987 1.1717
34.2723999 7.73270035 2.85704994
34.2910004 7.72179985 4.92110014
34.2719421 7.6903553 5.09288883
34.2327995 7.86800003 1.28740001
34.2136993 7.96670008 2.86330009
34.3517685 7.89766645 4.9248333
34.3582344 7.89563322 5.08706665
34.27314 8.14149952 1.08956003
34.3271484 8.02569962 1.22764993
34.3726006 8.05465031 1.7342
34.2322998 8.00230026 1.85249996
34.2570992 8.11470032 2.0322001
34.3849983 8.16590023 2.97469997
34.3400002 8.11859989 3.51180005
34.3279495 8.15439987 4.61479998
34.3003006 8.20300007 1.08070004
34.3814011 8.27079964 1.96370006
34.3983002 8.29319954 2.00500011
34.3397675 8.2911005 2.8708334
34.3017998 8.31879997 4.3352375
34.2615509 8.34720039 4.51994991
34.3670349 8.31589985 4.71370029
34.2845001 8.59990025 2.56609988
34.2849503 8.46417522 2.68632507
34.263401 8.41600037 2.8369
34.2723999 8.57909966 3.21690011
34.321701 8.50386715 4.3241334
34.3478012 8.59389973 4.56209993
34.3105011 8.48840046 4.63210011
34.3011017 8.74349976 1.15579998
34.2698517 8.65355015 2.6640501
34.2787018 8.6548996 3.5854001
34.2928009 8.70779991 4.23509979
34.2946014 8.65999985 4.48606014
34.2728004 8.64010048 4.73760033
34.3725014 8.73999977 4.80340004
34.3249512 8.90679932 0.914000034
34.3686981 8.9442997 1.95360005
34.289299 8.98840046 4.32259989
34.3395004 8.90009975 4.49679995
34.3493996 8.95129967 5.32229996
34.3404999 9.07199955 0.759500027
34.3640976 9.0414505 0.827950001
34.3683014 9.16520023 2.68849993
34.3455505 9.10140038 3.52705002
34.3127518 9.10015011 4.12884998
34.2980003 9.08670044 4.31780005
34.2519989 9.28629971 0.737800002
34.2612534 9.34754944 3.52279997
34.3639984 9.36620045 3.67090011
34.2406998 9.35910034 4.04199982
34.2977982 9.44200039 3.67820001
34.2450981 9.49569988 4.0467
34.3388977 9.75259972 4.94129992
34.383667 9.69876671 5.12883329
34.3695984 9.71259975 5.33519983
34.2797012 9.80650043 -1.19850004
34.3297005 9.89350033 2.8835001
34.2778664 9.92066669 3.23979998
34.2596016 9.93830013 5.19589996
34.2099991 9.82050037 5.31449986
34.2328987 9.82590008 5.44309998
34.2055016 10.0361004 4.12879992
34.4449005 0.352133334 -1.63366663
34.5438995 0.682749987 -1.63905001
34.4790497 0.92110002 -1.64859998
34.490448 1.54325008 -1.67320001
34.5251503 1.69665003 -1.69239998
34.5489006 1.95089996 -1.69229996
34.5237999 2.09369993 -1.71440005
34.5059509 2.36520004 -1.71635008
34.5129509 2.49924994 -1.718925
34.588501 2.72589993 -1.72790003
34.4725685 2.9175334 -1.73460007
34.469799 3.17849994 -1.74189997
34.4980011 3.36069989 -1.76646662
34.5621986 3.47154999 -1.76600003
34.5265999 3.82979989 -1.78830004
34.5569 4.33990002 -1.82169998
34.4019012 4.39020014 -1.79530001
34.5283012 4.57989979 -1.83099997
34.5563011 4.66769981 -1.82729995
34.5640984 4.92700005 -1.82910001
34.4942513 5.12674999 -1.86555004
34.4398499 5.32555008 -1.85109997
34.5496521 5.37030029 1.88304996
34.5060654 5.50969982 -1.87166667
34.5317001 5.52549982 1.847
34.5098 5.51440001 2.12039995
34.5667 5.66949987 1.72749996
34.5587502 5.72545004 1.91464996
34.4143982 5.71829987 2.09759998
34.4627342 5.88566685 1.58336663
34.5266342 5.89793348 1.69266665
34.5116653 5.83866692 1.84130001
34.4097519 5.87809992 2.05439997
34.4858017 6.13580036 -1.85265005
34.4892502 6.18270016 -1.62849998
34.551033 6.1444664 2.13196659
34.4785004 6.09899998 2.89660001
34.4276009 6.14599991 3.02789998
34.4483604 6.26605988 -1.84329998
34.5065002 6.25174999 -1.62489998
34.4649734 6.34417534 -1.49145007
34.4785995 6.30777502 -1.32844996
34.4796982 6.32490015 -1.18669999
34.5383987 6.36509991 1.61240005
34.5377998 6.3842001 2.94289994
34.5197983 6.37060022 3.04040003
34.4825325 6.46943331 -1.17419994
34.5508347 6.48496675 1.5379833
34.4955521 6.46950006 1.61995006
34.5016022 6.47287512 2.83912492
34.5091019 6.55940008 3.84080005
34.5322342 6.68893337 -1.0777334
34.5721016 6.70340014 0.275000006
34.4804001 6.77699995 1.32435
34.5393982 6.72506666 1.46633339
34.5391006 6.77549982 1.92589998
34.5918007 6.74819994 2.58719993
34.5186195 6.71205997 2.68239999
34.4635468 6.65770006 2.8369
34.4846001 6.62860012 3.90189981
34.4408989 6.87919998 -1.15059996
34.5834007 6.82390022 0.252299994
34.4885254 6.90635014 1.34257507
34.5000496 6.95529985 1.51390004
34.4295998 6.81150007 2.10109997
34.4664497 6.86814976 2.75929999
34.5713005 6.84749985 2.90159988
34.4989014 7.16447496 -1.06760001
34.5457001 7.13789988 0.168799996
34.5220795 7.12385988 1.17294002
34.5099831 7.04721642 1.28725004
34.4028015 7.13829994 2.81649995
34.5010986 7.26340008 -1.10730004
34.4353981 7.23839998 0.964900017
34.4464989 7.2665 1.07410002
34.4924011 7.21159983 1.59319997
34.4812012 7.34590006 2.41799998
34.4429016 7.2336998 2.84619999
34.4920006 7.42140007 0.940299988
34.5867996 7.51490021 1.04999995
34.5497017 7.46659994 2.38930011
34.5919991 7.5927 2.73309994
34.5064011 7.6821003 0.952674985
34.5672989 7.69079971 1.08515
34.4012985 7.78590012 5.00199986
34.5861015 7.77580023 5.2125001
34.5319519 7.87839985 1.04819989
34.5537987 7.80100012 1.25370002
34.4904251 7.89279985 4.92832518
34.4767494 7.90289974 5.05980015
34.4617996 8.08510017 1.12549996
34.4614487 8.10824966 1.22105002
34.4914474 8.07590008 1.95459998
34.5853996 8.17029953 2.71499991
34.5410995 8.17459965 4.39109993
34.5242996 8.13029957 4.58589983
34.5873985 8.19169998 4.78599977
34.5253983 8.10404968 4.89544964
34.4760017 8.13210011 5.09320021
34.5043335 8.27980042 1.1268667
34.5360489 8.33580017 2.94399977
34.4322014 8.24289989 4.38689995
34.5139809 8.29897976 4.48826027
34.5754662 8.27393341 4.70923328
34.5248146 8.29664326 4.88721418
34.4981995 8.51869965 1.14380002
34.4916 8.42500019 2.03579998
34.4071999 8.54850006 2.55990005
34.4992981 8.42724991 2.92210007
34.4940491 8.42809963 4.329
34.5135269 8.52689934 4.50302505
34.4874001 8.48126698 4.75646687
34.5430984 8.4942503 4.87069988
34.4900818 8.49846649 5.07390022
34.4336014 8.73120022 0.979300022
34.5329514 8.74124908 1.10539997
34.4160004 8.74090004 3.77600002
34.4376984 8.61690044 3.83130002
34.4808998 8.66600037 4.54680014
34.4589005 8.60480022 4.6578002
34.4561996 8.65939999 4.91330004
34.5513 8.64080048 5.14750004
34.5411339 8.7147665 5.30673313
34.4592018 8.99440002 4.38479996
34.5026588 8.8771801 5.31306028
34.4886017 8.86699963 5.48500013
34.4506989 9.19019985 0.7148
34.5301018 9.13809967 2.86459994
34.4934998 9.17790031 4.14359999
34.5754013 9.12559986 4.28200006
34.5486526 9.04699993 5.11575031
34.4882507 9.12374973 5.26182508
34.514801 9.31435013 4.18665028
34.5201607 9.33909988 5.28036022
34.5574989 9.27729988 5.53579998
34.4622002 9.44890022 4.16680002
34.5685997 9.57800007 5.32280016
34.5525017 9.7045002 3.22390008
34.5358009 9.68220043 4.13290024
34.4471016 9.68869972 5.25379992
34.5639 9.90089989 2.75679994
34.5133018 10.0402002 3.22510004
34.5889015 10.0118999 4.7361002
34.5182991 10.0535498 4.90234995
34.5516014 10.2816 4.87610006
34.5671005 10.4584999 4.1262002
34.7108002 0.078549996 -1.63705003
34.7041321 0.342266649 -1.63796675
34.6233978 0.423600018 -1.63665009
34.7238007 0.671700001 -1.6408999
34.7131996 0.845049977 -1.66005003
34.7078018 1.17433333 -1.67269993
34.6921005 1.53425002 -1.67910004
34.6898003 1.6214 -1.69400001
34.7355003 1.89639997 -1.69159997
34.6150017 2.03349996 -1.71080005
34.7039986 3.17740011 -1.76810002
34.7500992 3.32034993 -1.75515008
34.6254997 3.99740005 -1.80400002
34.6827011 3.9059 -1.7881
34.7470474 4.07495022 -1.80235004
34.6721001 4.58094978 -1.84210002
34.6409988 4.42749977 -1.79840004
34.6825981 4.77279997 -1.84909999
34.7312355 5.08290005 1.89183331
34.7382965 5.33419991 -1.86290002
34.6721001 5.34229994 1.76030004
34.6690331 5.30823326 1.8779
34.7616997 5.50150013 -1.87960005
34.7633018 5.50519991 1.56019998
34.7147598 5.51851988 1.75530005
34.6532669 5.47093344 1.83386672
34.7213974 5.73339987 1.56687498
34.6992188 5.67657995 1.70197999
34.6780014 5.81920004 -1.89209998
34.730526 5.88682508 1.54262495
34.6814003 5.84329987 1.61570001
34.7249985 5.85820007 1.8391
34.7294998 5.90514994 2.92655015
34.7238998 5.98400021 3.04029989
34.6364517 6.11845016 1.57780004
34.7036667 6.14333344 1.65446663
34.6194992 6.10410023 2.02940011
34.780735 6.12639999 2.77903342
34.6898193 6.1009798 2.89030004
34.656601 6.08080006 3.06870008
34.7214012 6.08379984 3.20560002
34.6944351 6.28121662 -1.85583329
34.7476311 6.2967 -1.67936671
34.7287521 6.28585005 -1.49994993
34.7050591 6.31762838 -1.31145716
34.6644974 6.36054993 -1.14590001
34.6611481 6.26570034 0.441950023
34.6519012 6.32590008 1.56509995
34.6618996 6.3302002 1.64629996
34.7472992 6.28782511 2.73425007
34.7319984 6.31579971 2.88263345
34.7428513 6.40439987 -1.71654999
34.7411995 6.4440999 -1.24989998
34.7557983 6.46799994 -1.17700005
34.7943497 6.58960009 -0.938349962
34.7015991 6.45482492 2.74342489
34.6605492 6.45129967 2.8203001
34.7060471 6.52025032 3.85930014
34.6287003 6.61350012 -1.30690002
34.7080994 6.75220013 -1.02240002
34.6716995 6.70950031 -0.911049962
34.7294998 6.73649979 -0.717499971
34.72295 6.68494987 -0.500800014
34.7886009 6.70550013 -0.0273000002
34.7370758 6.72630024 0.0881000012
34.7080307 6.68707132 0.277342856
34.6754227 6.71202469 1.54095006
34.7407494 6.67805004 1.61785007
34.6582985 6.65290022 2.58599997
34.7109375 6.66379976 2.68808007
34.6083984 6.62279987 2.82089996
34.6414986 6.61479998 3.82319999
34.6329002 6.84364986 -0.939949989
34.7286987 6.93149996 1.37450004
34.732048 6.87944984 1.41860008
34.6489983 6.82320023 2.69889998
34.7450981 6.93429995 2.84010005
34.6245003 6.87605 3.08470011
34.7177811 7.0735836 1.29585004
34.6086998 7.09089994 2.7737
34.6450005 7.10179996 2.82500005
34.789299 7.13770008 4.30959988
34.7893982 7.12939978 4.42059994
34.7154007 7.38110018 0.997200012
34.7206001 7.22340012 1.23370004
34.6310005 7.27960014 2.75189996
34.7924004 7.32800007 4.17329979
34.77845 7.53719997 1.14604998
34.7734985 7.58900023 1.22599995
34.7396011 7.58920002 2.90639997
34.7630005 7.54055023 5.09719992
34.618 7.66820002 0.994400024
34.6889 7.68249989 1.15559995
34.6828003 7.60319996 1.30470002
34.7229996 7.75180006 1.68420005
34.6240005 7.79530001 2.80920005
34.7893982 7.61520004 4.26109982
34.7122879 7.71992493 5.06706238
34.7717018 7.77479982 5.26289988
34.7086983 7.8362999 2.8355999
34.6492004 7.9078002 3.06430006
34.7097511 7.92229986 4.92210007
34.6400986 7.91949987 5.06650019
34.665699 7.82690001 5.20429993
34.6894531 8.07310009 2.87300014
34.7356033 8.10060024 4.06424999
34.7821007 8.07859993 4.31899977
34.7359352 8.10473347 4.72340012
34.7234001 8.12899971 4.87004995
34.6478004 8.31389999 1.18599999
34.677166 8.33733368 1.27213335
34.6753502 8.31559944 2.08069992
34.6613998 8.31099987 2.76419997
34.6105003 8.32089996 2.81850004
34.6958008 8.31520081 4.35204983
34.6998978 8.31200027 4.4911499
34.7111206 8.31770039 4.68883991
34.665535 8.27976608 4.88070011
34.7504997 8.58899975 1.14859998
34.7519989 8.47560024 4.23619986
34.7708015 8.52019978 4.47770023
34.6554985 8.52929974 5.10179996
34.6716995 8.70250034 5.13910007
34.6878014 8.78339958 5.33230019
34.7435989 8.67124939 5.43499994
34.7956009 8.66209984 5.62799978
34.7585983 8.84860039 5.30595016
34.7070007 8.82715034 5.52670002
34.6567001 9.10603333 4.32863331
34.7036667 9.15600014 4.42543316
34.7288513 9.06852531 5.10722494
34.6490402 9.03785992 5.30024004
34.6683006 9.20820045 2.78509998
34.639801 9.30760002 2.88560009
34.600399 9.33460045 4.41820002
34.7467003 9.37919998 5.15500021
34.6651001 9.21539974 5.29049969
34.7116013 9.41759968 2.31229997
34.7224998 9.50529957 4.04540014
34.781601 9.73139954 2.44359994
34.6024017 9.64630032 3.42309999
34.7347984 9.83619976 3.29789996
34.6482658 9.93506718 4.07496643
34.6599007 10.1388998 3.18330002
34.6097488 10.1396503 4.03065014
34.7798004 10.3596001 3.29489994
34.7578011 10.7388 2.92120004
34.7527008 10.6473999 5.2658
34.8446999 0.0590999983 -1.63750005
34.8707008 0.209999993 -1.64219999
34.9025993 0.507033348 -1.65079999
34.9092674 0.90686667 -1.6743834
34.8827019 1.06986666 -1.67433333
34.8827324 1.33563328 -1.68910003
34.8161507 1.68585002 -1.69449997
34.8148003 1.98860002 -1.70379996
34.8981018 2.12010002 -1.72039998
34.8889008 2.2953999 -1.7141
34.8863335 2.53349996 -1.73796666
34.9148026 2.65930009 -1.74250007
34.985199 2.92050004 -1.74039996
34.8117485 3.07490015 -1.76454997
34.8959007 3.36084986 -1.77635002
34.856102 3.43139982 -1.78740001
34.9062653 3.67153335 -1.80743337
34.9126015 3.78180003 -1.78680003
34.9375 3.96939993 -1.81760001
34.8951683 4.09600019 -1.82580006
34.9842987 4.29759979 -1.86810005
34.9143982 4.48210001 -1.84370005
34.8268013 4.79449987 -1.82009995
34.9058342 4.89843321 -1.8409667
34.9311981 4.99049997 1.79779994
34.9328003 4.84989977 1.90269995
34.8860016 5.01760006 1.56920004
34.8924408 5.09396029 1.73565996
34.8739853 5.10325003 1.89131248
34.9370003 5.2645998 -1.86824989
34.9001732 5.27365017 1.74905002
34.893959 5.30672026 1.86275995
34.9015007 5.4282999 -1.89900005
34.933403 5.45390034 1.57669997
34.8912277 5.46538591 1.71399999
34.925499 5.44070005 1.97389996
34.9383011 5.5717001 2.86969995
34.8401985 5.65569973 -1.87294996
34.9089012 5.75470018 1.52970004
34.9086494 5.69312477 1.65367496
34.9033165 5.69647121 2.77340007
34.894371 5.69537163 2.88754296
34.9844017 5.93440008 1.39890003
34.8973351 5.90986681 1.52859998
34.8911247 5.90724993 2.75545001
34.8242989 5.86679983 2.86549997
34.955101 5.99240017 3.12080002
34.8695488 6.04539967 -1.87650001
34.9487991 6.15150023 1.50380003
34.9273987 6.10124969 2.71514988
34.8784981 6.0274334 2.83533335
34.8852654 6.31033325 -1.8532666
34.9207001 6.28785038 -1.66989994
34.9084396 6.32772017 -1.48319995
34.8955307 6.33881426 -1.31715715
34.9569473 6.27299976 0.493499994
34.9981995 6.29430008 1.47459996
34.9626503 6.33889961 2.75335002
34.8073006 6.26940012 2.82809997
34.9850998 6.44369984 -1.76849997
34.9163513 6.45445013 -1.26464999
34.862648 6.52674961 -1.08080006
34.9249992 6.55539989 -0.841899991
34.9494476 6.45935011 1.52885008
34.8395996 6.43849993 2.55929995
34.9131241 6.49597502 2.72195005
34.8941383 6.55431986 3.89590001
34.9743996 6.52339983 4.04260015
34.8914986 6.48649979 4.20469999
34.9980011 6.42880011 4.54040003
34.881031 6.63976669 -1.04813337
34.8461761 6.68729973 -0.940150023
34.9232254 6.67654991 -0.753250003
34.9506493 6.7033 -0.488299996
34.8849182 6.69274998 -0.350833327
34.901783 6.71014977 -0.076183334
34.8673019 6.70733356 0.094266668
34.8613663 6.67916679 0.274300009
34.9569016 6.75169992 1.03400004
34.948349 6.76074982 1.25314999
34.9933014 6.75869989 1.61960006
34.9231987 6.72380018 2.61199999
34.9608994 6.75360012 2.83290005
34.9570007 6.74989986 4.08990002
34.9179993 6.79729986 4.24669981
34.9692993 6.8204999 0.335599989
34.9514999 6.9605999 1.31420004
34.8376007 6.86289978 1.59660006
34.8171997 6.9204998 1.64219999
34.8964653 6.84193325 2.73766661
34.9798012 7.15240002 0.207000002
34.9414978 7.09344959 1.31750011
34.8600998 7.03859997 2.73543334
34.9188232 7.14572525 4.13990021
34.8563004 7.09822512 4.3124752
34.8910522 7.05294991 4.5482502
34.8642006 7.36539984 1.18019998
34.8219986 7.24499989 1.28910005
34.9668007 7.30900002 3.94220018
34.8912811 7.26521683 4.10421658
34.8863144 7.26016235 4.30074978
34.8468018 7.22170019 4.53189993
34.9793015 7.41270018 1.11829996
34.9524994 7.48620033 4.15814972
34.8825493 7.52414989 4.26975012
34.9495316 7.49466658 5.13576698
34.8648529 7.59025002 5.2442503
34.9020004 7.50460005 5.56349993
34.9079018 7.61450005 1.12419999
34.8619995 7.73969984 3.07730007
34.976799 7.67350006 4.14379978
34.9450493 7.6946249 4.25157499
34.8599014 7.67303324 4.96339989
34.8511009 7.76889992 5.36149979
34.9271507 7.85484982 1.84819996
34.9357338 7.91769981 2.89743328
34.9352989 7.80560017 3.08170009
34.9352417 7.93056011 4.12763977
34.9632988 7.89380026 4.29223347
34.8741989 7.95889997 4.60769987
34.8717346 7.89093351 4.91766644
34.8875999 7.81323338 5.05043316
34.8739281 8.06387138 4.04707146
34.9029503 8.10859966 4.28973341
34.8119507 8.03795052 4.46545029
34.8787003 8.15993309 4.89146662
34.8792 8.31019974 2.88534999
34.8863983 8.22630024 4.5927
34.8792496 8.28190041 4.73899984
34.9140015 8.2364006 4.87965012
34.9715996 8.36139965 5.86079979
34.8925476 8.58294964 1.15754998
34.9507523 8.52334976 1.23495007
34.8175011 8.40569973 4.26270008
34.8671989 8.4204998 4.71759987
34.8755989 8.4236002 4.81050014
34.9775009 8.48719978 5.90890026
34.8058014 8.69159985 4.37260008
34.9328003 8.68019962 4.6697998
34.8991013 8.65279961 5.24889994
34.8899994 8.69690037 5.51590014
34.8492012 8.96549988 4.36810017
34.8565521 8.88229942 4.93079996
34.9511986 8.82089996 5.14559984
34.8595657 8.90006638 5.27803326
34.8036003 8.86130047 5.4829998
34.8201981 9.10886669 4.28216648
34.8244019 9.01920033 5.03259993
34.891098 9.08455086 5.41825008
34.9646988 9.22920036 3.4618001
34.8479996 9.37180042 4.38079977
34.8885002 9.3817997 4.93470001
34.9912987 9.41359997 2.39129996
34.9301987 9.49050045 2.46530008
34.9612007 9.44610023 2.77859998
34.9510994 9.40639973 2.92790008
34.8792992 9.52680016 5.53189993
34.9543991 9.7421999 1.49290001
34.8960991 9.76490021 3.30539989
34.9766006 9.9133997 1.47850001
34.9189987 9.84729958 5.68979979
34.9045982 10.1471004 5.67229986
34.838501 10.7677002 5.19399977
34.9847984 10.9138002 5.35179996
35.049202 0.037250001 -1.63989997
35.1851501 0.315649986 -1.64789999
35.1566505 0.531499982 -1.66575003
35.1013985 0.761099994 -1.67630005
35.176899 0.800800025 -1.67879999
35.1500015 1.08920002 -1.69410002
35.1976013 1.21459997 -1.71290004
35.0588341 1.51800001 -1.69543326
35.105999 1.67250001 -1.70604992
35.1062012 1.92519999 -1.71735001
35.1359024 2.08520007 -1.72084999
35.1011009 2.51719999 -1.75134993
35.1076012 2.62220001 -1.73169994
35.1032677 2.8640666 -1.76260006
35.0068016 3.08500004 -1.77760005
35.1234016 3.33940005 -1.76479995
35.1192017 3.5467 -1.77920008
35.1339989 3.6795001 -1.81054997
35.1711006 4.11149979 -1.82149994
35.0750999 4.23969984 -1.83570004
35.1180496 4.70930004 -1.85749996
35.1007004 4.91300011 -1.87189996
35.141449 5.10519981 -1.84965003
35.1747017 5.20429993 -1.88900006
35.0638008 5.33230019 1.59350002
35.0866013 5.36573315 1.76109993
35.1540985 5.34520006 1.85469997
35.0855026 5.50339985 1.36035001
35.114399 5.48089981 1.45770001
35.0680847 5.5121665 1.66896665
35.1913986 5.46589994 1.83319998
35.1461983 5.59310007 2.78649998
35.0987015 5.42469978 2.85719991
35.0441208 5.7385602 1.50012004
35.1413498 5.69029999 1.64789999
35.0875816 5.70754004 2.7643199
35.1016502 5.68930006 2.88089991
35.1949005 5.82749987 -1.91410005
35.0884018 5.89709997 1.36654997
35.0676003 5.89385986 1.54535997
35.0598984 5.86219978 1.64480007
35.151001 5.99429989 1.98070002
35.132 5.90514994 2.10890007
35.1170578 5.90248013 2.67743993
35.0951996 5.86877489 2.87502503
35.1517982 6.19890022 0.45480001
35.130024 6.1322999 1.49924994
35.0943985 6.0710001 1.94330001
35.0687332 6.09173346 2.72176671
35.0472031 6.15304995 2.88964987
35.0652008 6.09130001 3.00289989
35.173851 6.11627483 4.50852489
35.1739998 6.29040003 -1.80840003
35.0811005 6.27099991 -1.70510006
35.1310005 6.32143974 -1.49695992
35.1094322 6.32311678 -1.32098329
35.1982002 6.32369995 -1.04610002
35.1390495 6.27324963 0.452849984
35.0988998 6.31159973 1.50644994
35.0217018 6.22319984 2.75880003
35.1081505 6.37479973 4.66184998
35.0984993 6.47345018 -1.73545003
35.079628 6.5387001 -1.12685001
35.1738014 6.58059978 -0.927699983
35.1081009 6.57499981 -0.574800014
35.1559525 6.48149967 1.13989997
35.1995506 6.51315022 1.25215006
35.0737991 6.49574995 1.5266
35.0031013 6.59299994 1.61479998
35.0228004 6.54129982 2.78830004
35.0126991 6.47380018 2.80640006
35.1016846 6.48387146 4.12714291
35.1128387 6.46778011 4.33708
35.0610809 6.47696018 4.53361988
35.0951004 6.54723358 4.69806671
35.1112976 6.64155006 -1.01169991
35.043766 6.65533352 -0.959399998
35.0920677 6.69438314 -0.685533345
35.0888176 6.67983341 -0.472883344
35.1178513 6.6925168 -0.2755
35.1240349 6.73036671 -0.10936667
35.0980339 6.70749998 0.0892666653
35.145668 6.68926668 0.2465
35.1388474 6.70574999 0.958799958
35.1210403 6.69008017 1.08283997
35.1362991 6.62849998 1.21469998
35.0930481 6.7031498 2.71462512
35.1548996 6.75740004 2.89639997
35.1269493 6.6732831 4.12081671
35.0986481 6.71392488 4.27576256
35.1379471 6.75705004 4.49669981
35.0717506 6.87724972 0.220100001
35.1054344 6.90696669 1.07666671
35.1031342 6.9394331 1.29226673
35.0887527 6.92125034 1.55605006
35.0939484 6.90070009 1.60165
35.1404495 6.84159994 2.81480002
35.1776009 6.84689999 3.88560009
35.0829163 6.88754988 4.08671665
35.1117744 6.88294983 4.27859974
35.1929016 6.84779978 4.57019997
35.0359993 6.90299988 4.7013998
35.0890007 7.0381999 0.179499999
35.1413002 7.19780016 1.14760005
35.0251999 7.16480017 1.20029998
35.1203499 7.07114983 1.47259998
35.1240005 7.0323 1.64750004
35.1357994 7.01049995 3.92440009
35.096386 7.08597136 4.14997149
35.0594673 7.10620022 4.30136681
35.0367012 7.05690002 4.6573
35.1501999 7.38955021 1.05789995
35.1136017 7.34336662 1.35846663
35.1446991 7.39519978 1.65620005
35.05056 7.30900002 4.07181978
35.1235008 7.35710001 5.17129993
35.0723495 7.52254963 1.17925
35.0833511 7.52165031 1.24589992
35.1507988 7.59000015 2.79690003
35.094799 7.4236002 3.8836
35.1385002 7.52295017 4.07364988
35.0937996 7.46815014 4.28765011
35.1405983 7.53669977 4.99840021
35.0938301 7.4806428 5.10602856
35.0824013 7.44189978 5.34859991
35.1900482 7.72924995 1.90794992
35.0682487 7.72205019 4.12382507
35.0377998 7.70609999 4.25769997
35.0343018 7.60080004 4.41450024
35.1131973 7.70125008 4.92924976
35.0424995 7.66646671 5.0430665
35.0189018 7.61859989 5.2487998
35.1071587 7.9141202 4.08343983
35.0014 7.84840012 4.23969984
35.1251488 7.91727495 4.93785
35.071701 7.95900011 5.07089996
35.1617012 8.10949993 1.54630005
35.0836983 8.08230019 2.74536657
35.1403999 8.08609962 2.9309001
35.1118011 8.11699963 3.93659997
35.1926994 8.14529991 4.0717001
35.0937996 8.18830013 4.77479982
35.0138016 8.00790024 4.92840004
35.1236992 8.11620045 5.05499983
35.1827011 8.21860027 2.73130012
35.1082001 8.32310009 4.58400011
35.1024017 8.29780006 4.89639997
35.1897011 8.34659958 5.6111002
35.1133995 8.57349968 1.14279997
35.1555481 8.53145027 1.24430001
35.0964012 8.43435001 4.71465015
35.0438004 8.51049995 4.83500004
35.0663986 8.53120041 5.55099964
35.0385017 8.62020016 1.37440002
35.0477982 8.72599983 1.4296
35.0831985 8.61299992 4.57690001
35.0923996 8.63599968 5.51945019
35.1052017 8.83810043 4.27320004
35.1903992 9.35480022 2.45050001
35.0690002 9.36000061 3.35699987
35.1660995 9.33259964 3.4842
35.0238991 9.72000027 4.10470009
35.0192986 9.87759972 6.08620024
35.0045013 10.1324997 3.25959992
35.0912018 10.0262003 3.43359995
35.1081009 10.7224998 2.6717999
35.0173988 10.9073 5.32329988
35.3927002 0.323900014 -1.66649997
35.29142 0.479519993 -1.66359997
35.3726997 0.708899975 -1.66980004
35.3511009 0.885999978 -1.68710005
35.2794647 1.10230005 -1.6947
35.2397499 1.33955002 -1.70414996
35.2226982 1.56560004 -1.72979999
35.2957001 1.79400003 -1.74010003
35.297451 2.11784983 -1.73710001
35.353199 2.33349991 -1.75090003
35.3293991 2.48379993 -1.77950001
35.2422485 2.64615011 -1.74245
35.2647667 2.93260002 -1.7711333
35.3228989 3.08349991 -1.77460003
35.3869019 3.3519001 -1.80320001
35.3655014 3.52889991 -1.80330002
35.2327995 3.41199994 -1.78480005
35.3464012 3.70670009 -1.82159996
35.3828011 3.63599992 -1.79579997
35.3249016 4.1267333 -1.81573331
35.3253479 4.33104992 -1.8592
35.3252983 4.72723341 -1.86056674
35.3534012 4.97489977 -1.83809996
35.2596016 5.08470011 -1.88
35.2005997 5.24280024 1.59389997
35.2067986 5.29500008 1.87039995
35.2490005 5.27864981 2.96280003
35.2780991 5.48360014 -1.89304996
35.3116989 5.51849985 1.56729996
35.2747993 5.51090002 1.71272004
35.2335014 5.40380001 1.8118
35.2951775 5.53668022 2.71956015
35.3223648 5.50093317 2.85809994
35.2751656 5.70463324 1.63399994
35.2257004 5.70849991 2.01279998
35.3695984 5.68289995 2.46889997
35.2858887 5.71353769 2.69507504
35.2702026 5.64534998 2.83459997
35.35215 5.75020027 3.05604982
35.2089005 5.85319996 1.34720004
35.2807999 5.90565968 1.49520004
35.3325768 5.89067507 1.63730001
35.2677002 5.82550001 1.87680006
35.3771019 5.93380022 2.53130007
35.3095627 5.91437483 2.67352509
35.2290001 6.04675007 -1.90355003
35.3436012 6.15005016 1.36319995
35.2668724 6.11088562 1.48911428
35.3064995 6.07280016 2.59220004
35.2665024 6.11756659 2.69770002
35.2852592 6.13821983 4.50184011
35.3305321 6.06403303 4.70396662
35.2600327 6.31220007 -1.82986665
35.2573204 6.30514002 -1.68569994
35.3707008 6.31519985 -1.53050005
35.3120689 6.37769985 -1.2409333
35.2229004 6.38089991 -1.17709994
35.2719002 6.27693319 0.440400004
35.3144989 6.32399988 1.02919996
35.3153992 6.27264977 1.25985003
35.3195 6.3283 1.469625
35.3069649 6.29040003 2.75506663
35.2846222 6.35952473 4.30019999
35.3175316 6.28180027 4.50388336
35.3810997 6.34100008 4.61070013
35.274826 6.30077505 4.82832527
35.3778992 6.44500017 -1.64119995
35.2498016 6.40030003 -1.23839998
35.3070984 6.51849985 -1.13919997
35.2153015 6.58069992 -0.975199997
35.2754517 6.43694973 1.14180005
35.266449 6.46255016 1.31290007
35.2794991 6.52279997 1.48687506
35.2825012 6.51639986 2.0144999
35.3380013 6.59210014 2.34150004
35.2930984 6.51410007 2.79270005
35.2598991 6.53240013 2.88459992
35.2557983 6.4609499 4.06799984
35.2866287 6.50769997 4.27201414
35.2900162 6.48746681 4.46351671
35.2636681 6.47300005 4.71626663
35.2900505 6.65374994 -1.04925001
35.3090248 6.65369987 -0.865275025
35.2437019 6.68496656 -0.733266652
35.271801 6.6718998 -0.431899995
35.3269501 6.68271685 -0.292216659
35.3254013 6.72261667 -0.101599999
35.3355484 6.72259998 0.132349998
35.3707504 6.75619984 0.237550005
35.3076324 6.68766689 1.11746669
35.3581009 6.65080023 1.39600003
35.2114983 6.64589977 1.43939996
35.282299 6.63119984 2.77530003
35.3147011 6.75139999 2.80599999
35.3310013 6.61009979 3.86529994
35.266201 6.726367 4.11199999
35.3070793 6.70306015 4.28030014
35.2308006 6.77699995 4.52600002
35.3240509 6.88059998 0.068400003
35.2215004 6.81110001 0.986899972
35.327301 6.92770004 1.19749999
35.296299 6.96364975 1.24444997
35.2687988 6.87029982 1.58790004
35.3117981 6.80319977 2.70530009
35.2378006 6.87692499 4.06977463
35.2167015 6.91029978 4.47749996
35.2237015 7.0401001 0.188500002
35.3754997 7.04080009 1.5381
35.2669334 7.1060667 4.14989996
35.2607994 7.0571003 4.3375001
35.3045654 7.29069996 1.14483333
35.2398987 7.20679998 1.30009997
35.2725983 7.2986002 2.81089997
35.3477516 7.32784986 4.14470005
35.206501 7.20559978 5.3046999
35.2435989 7.4224 0.940599978
35.3022232 7.48330021 1.11385
35.3073196 7.51732016 1.23046005
35.2545013 7.43520021 2.01279998
35.3693008 7.40339994 2.86069989
35.2387505 7.50150013 3.91960001
35.3280487 7.42144966 4.07375002
35.2995987 7.50514984 5.16480017
35.2108994 7.46810007 5.22039986
35.3722992 7.76599979 1.11070001
35.2538986 7.72020006 1.77139997
35.2743988 7.64160013 2.85100007
35.3000488 7.65120029 4.07705021
35.2832985 7.61469984 5.09140015
35.3862 7.68970013 5.21540022
35.2471466 7.86264992 2.09800005
35.2338982 7.9611001 3.08260012
35.3257751 7.91785002 4.11232519
35.2608986 7.94780016 4.81879997
35.3945999 8.14820004 4.0165
35.3129005 8.09119987 4.94554996
35.3802986 8.15569973 5.71350002
35.2881508 8.26300049 2.13425016
35.3820992 8.31564999 5.63549995
35.3383331 8.52600002 1.26803339
35.3355026 8.49963379 5.50226688
35.3115997 8.83520031 4.44680023
35.3293991 9.04850006 3.30539989
35.2887993 10.0859003 5.32439995
35.291851 10.2728996 3.33345008
35.5050316 0.0882333294 -1.6638
35.5183334 0.285033345 -1.65980005
35.4393997 0.551299989 -1.67770004
35.5807991 0.769200027 -1.69169998
35.5368996 0.944800019 -1.67900002
35.449852 1.04065001 -1.70385003
35.4251022 1.23869991 -1.70265007
35.4319 1.47434998 -1.70990002
35.5178986 1.70165002 -1.72057509
35.5912018 1.86829996 -1.73880005
35.5337334 2.07660007 -1.74143338
35.4224014 2.33310008 -1.73430002
35.5569 2.54960012 -1.76859999
35.5633011 2.65899992 -1.77409995
35.5554008 2.85700011 -1.77240002
35.4674988 3.06360006 -1.78135002
35.4693985 3.46799994 -1.81579995
35.4104996 3.91770005 -1.81959999
35.5065002 3.89899993 -1.79840004
35.4956512 4.04239988 -1.81595004
35.5469017 4.26919985 -1.85899997
35.4666328 4.69483328 -1.8506
35.4910011 4.90649986 -1.88370001
35.4906998 5.08485031 -1.87310004
35.4230995 5.2979002 2.8289001
35.4929008 5.58780003 -1.91999996
35.5251999 5.53751659 2.69976664
35.5569 5.69659996 -1.91320002
35.4762993 5.73080015 2.57489991
35.4953384 5.71967983 2.70767999
35.4803162 5.68728352 2.89478326
35.4736748 5.71164989 3.08527493
35.5461006 5.60099983 3.23930001
35.5647011 5.93340015 1.56330001
35.5875015 5.95429993 1.66960001
35.5250397 5.94273996 2.65219998
35.4108009 5.88059998 2.94950008
35.4281502 5.81270027 3.13689995
35.5335999 6.17840004 -1.84619999
35.4014015 6.17420006 0.450199991
35.4227524 6.06645012 1.29075003
35.4752655 6.09959984 1.47536671
35.5012512 6.12580013 2.55010009
35.5223198 6.11443996 2.66616011
35.5159378 6.1388402 4.55140018
35.4090004 6.29239988 -1.84979999
35.4570999 6.30579996 -1.68758333
35.4806786 6.33905983 -1.50934005
35.4934578 6.33349991 -1.30481994
35.5577011 6.27659988 0.480500013
35.4169998 6.30550003 1.19050002
35.5168495 6.29279995 1.33474994
35.5750008 6.21010017 1.4777
35.5119019 6.31489992 2.5353334
35.495182 6.34531975 2.64441991
35.467598 6.26350021 4.31694984
35.482132 6.27473354 4.49313354
35.5595016 6.30359983 4.66879988
35.5331345 6.49209976 -1.65676665
35.5247498 6.41244984 -1.28170002
35.4906006 6.56130028 -1.1184001
35.462101 6.59660006 -0.800599992
35.4263 6.59009981 -0.594900012
35.4146996 6.51679993 1.16960001
35.5044479 6.50303316 1.27078331
35.5181503 6.47345018 1.42725003
35.4560013 6.53886652 2.54550004
35.4916992 6.51647472 2.70015001
35.4402657 6.55123329 4.31376648
35.4177513 6.42514992 4.50160027
35.4901505 6.48474979 4.67405033
35.4923477 6.66044998 -0.950600028
35.489151 6.68389988 -0.691100001
35.4943237 6.68350029 -0.534200013
35.5744476 6.65719986 -0.295549989
35.4910583 6.68595982 -0.11186
35.5047646 6.67383337 0.123966664
35.4440498 6.64674997 0.311800003
35.5224228 6.71467495 1.32354999
35.4771004 6.75129986 1.47590005
35.5372009 6.71659994 1.66999996
35.4637985 6.7189002 2.2737
35.46035 6.64778328 2.86334991
35.4920006 6.63059998 4.18219995
35.4635239 6.67942524 4.28515005
35.5022011 6.63590002 4.41769981
35.4346008 6.93030024 0.213100001
35.5523987 6.97749996 1.3039
35.5122986 6.90080023 1.58720005
35.4390678 6.92146683 4.08300018
35.4496994 6.97959995 4.26949978
35.4656982 7.07770014 1.37220001
35.4291534 7.02255011 1.48219991
35.5037994 7.18779993 4.19829988
35.4642487 7.09284973 4.22359991
35.5940018 7.3032999 1.34679997
35.5955009 7.21360016 2.95499992
35.5093994 7.3324666 4.12769985
35.5179329 7.23846674 4.23169994
35.5512009 7.33090019 5.06790018
35.5289993 7.28329992 5.40479994
35.4337006 7.53712511 1.13172507
35.461998 7.48989964 1.27224994
35.5269814 7.46895981 4.14597988
35.4788017 7.42110014 4.99280024
35.5766983 7.72800016 0.995199978
35.5260315 7.66079998 1.11206663
35.4485016 7.65530014 4.02710009
35.5545006 7.73089981 4.97520018
35.5077667 7.72036695 5.01433325
35.5051003 7.82940006 0.988499999
35.4112015 7.98939991 1.92369998
35.4682999 7.91060019 4.08780003
35.5982018 8.16720009 -0.934199989
35.5303001 8.09015083 1.91069996
35.5626984 8.13869953 4.10129976
35.5966988 8.15320015 5.72359991
35.472599 8.17194939 5.8829999
35.5431328 8.33633327 -1.11723328
35.5578003 8.2734499 -0.881500006
35.5896988 8.37909985 -0.400200009
35.4135017 8.33720016 2.17709994
35.5266991 8.31229973 5.48360014
35.5003319 8.211833 5.73066664
35.487751 8.33074951 5.84135008
35.4978981 8.20400047 6.04409981
35.5031509 8.56010056 1.36299992
35.5622482 8.43910027 4.7656002
35.4362984 8.58030033 5.22209978
35.5172997 8.42819977 6.16800022
35.469101 8.61320019 1.18830001
35.4025002 8.66139984 1.31490004
35.5964012 8.90340042 3.31949997
35.5647011 8.92930031 6.22779989
35.4602013 8.80130005 6.40869999
35.4304008 9.09549999 6.28026676
35.4912987 9.2823 4.72980022
35.5219994 9.44330025 5.62629986
35.5788002 9.82390022 1.5201
35.5812988 10.7602997 2.9203999
35.7208786 0.0929400027 -1.66703999
35.6123009 0.591700017 -1.68729997
35.7040329 0.663500011 -1.67776668
35.6855011 0.950299978 -1.70809996
35.6657486 1.12635005 -1.70267498
35.6385002 1.50255001 -1.70945001
35.6785355 1.66670001 -1.73616672
35.7514992 1.8585 -1.74109995
35.6867485 2.09994984 -1.75534999
35.7588501 2.30700016 -1.76009989
35.7153511 2.65684986 -1.77055001
35.7252998 2.88140011 -1.75820005
35.7711983 3.15829992 -1.7737
35.7780991 3.23390007 -1.78540003
35.6529007 3.95114994 -1.85045004
35.7458992 4.35340023 -1.87460005
35.7340012 4.69470024 -1.86989999
35.6856995 4.9611001 -1.87989998
35.7131996 5.00820017 -1.88329995
35.7398262 5.3671751 2.72519994
35.6791992 5.31419992 2.80060005
35.7457008 5.52387524 -1.90062499
35.7041359 5.53539991 2.5594666
35.7241402 5.51598024 2.6824801
35.7003746 5.48554993 2.87192488
35.7132988 5.75390005 -1.89059997
35.7090263 5.66295004 2.55492496
35.699234 5.71386671 2.66860008
35.6944504 5.70030022 2.89725018
35.6511688 5.71360016 3.11059999
35.6018982 5.8277998 -1.89160001
35.6852989 5.85160017 2.56529999
35.6840515 5.86690044 2.6085999
35.6841011 5.80509996 3.04119992
35.7388649 6.09940004 -1.91079998
35.6898499 6.15670013 -1.51165009
35.6386986 6.1793499 0.442200005
35.6962013 6.10372496 1.554425
35.7619019 6.05900002 1.63800001
35.712368 6.0569334 2.57876658
35.6703682 6.16553354 4.50199986
35.7795982 6.26039982 -2.04460001
35.7606277 6.27244997 -1.89372504
35.6724014 6.32936668 -1.71543336
35.6655846 6.30544996 -1.49416661
35.7005997 6.31694984 -1.30604994
35.6310005 6.38500023 0.372799993
35.7804489 6.27594995 1.1415
35.6950493 6.30975008 1.28997505
35.6976318 6.30611658 1.45858335
35.7984009 6.33519983 2.4611001
35.7275009 6.27772522 2.63252497
35.7518234 6.33570004 4.30447483
35.7339706 6.26904297 4.47017145
35.6275024 6.47399998 -1.83870006
35.7450981 6.57380009 -1.74629998
35.6808319 6.43626642 -1.53523338
35.7756004 6.47559977 -1.20009995
35.6445999 6.58120012 -1.13259995
35.6859016 6.58309984 -0.923200011
35.7085495 6.55299997 1.15534997
35.6987152 6.49964285 1.29112852
35.6944275 6.49214983 1.51399994
35.7296982 6.47219992 1.67579997
35.6701012 6.5250001 2.4073
35.713974 6.49720001 2.68032503
35.6492996 6.56110001 2.80229998
35.644249 6.57259989 3.8513999
35.7024307 6.49633312 4.35726643
35.6857529 6.43755007 4.48080015
35.7607994 6.6487999 -1.71370006
35.6515007 6.67350006 -0.901799977
35.6436005 6.64785004 -0.701699972
35.7324982 6.66170025 -0.553533316
35.7070503 6.68019962 -0.309399992
35.706501 6.71210003 -0.149633333
35.7073517 6.68492508 0.0807999969
35.6824493 6.6473999 0.276450008
35.787899 6.65129995 1.17639995
35.7342987 6.70183325 1.30596662
35.707901 6.70109987 2.47970009
35.7360001 6.74180031 2.67449999
35.707901 6.73680019 4.10745001
35.7106247 6.70895004 4.29449987
35.7308006 6.85270023 -1.68949997
35.7111511 6.91265011 1.25465
35.6777 6.86219978 1.45484996
35.7015533 6.85739994 2.45895004
35.6661987 6.8288002 4.14620018
35.6739807 6.88852024 4.28707981
35.7296982 7.03989983 1.41600001
35.7447014 7.07849979 2.36940002
35.7387009 7.02075005 4.2510004
35.7124023 7.31185007 1.33165002
35.7904015 7.25839996 2.38140011
35.7841988 7.24959993 2.98909998
35.7290001 7.26550007 4.18359995
35.6649017 7.29949999 4.28240013
35.6012001 7.3593998 4.79500008
35.7027016 7.27460003 4.92040014
35.7952995 7.2171998 5.14279985
35.6264 7.54699993 1.25109994
35.6421013 7.46519995 4.17140007
35.7107239 7.55395031 4.25847483
35.6435013 7.43590021 4.94540024
35.6584015 7.44689989 5.2421999
35.6450348 7.67640018 1.10176671
35.6858978 7.67105007 1.2349
35.6422005 7.78569984 3.0079999
35.7107658 7.74146652 4.15506649
35.6102982 7.65280008 5.15479994
35.6088982 7.85370016 0.908299983
35.6876984 7.81379986 1.08270001
35.731102 7.93060017 4.19190025
35.6088982 7.90759993 4.2171998
35.7639999 8.07769966 -1.14450002
35.7863007 8.03649998 -0.914699972
35.7998009 8.0237999 -0.292600006
35.6786995 8.1505003 4.23360014
35.760601 8.0163002 4.86259985
35.7028008 8.13864994 5.86705017
35.7893982 8.14239979 6.01550007
35.6570663 8.29516602 -0.748733342
35.6848984 8.27829933 -0.509500027
35.7253494 8.28174973 -0.308775008
35.7268486 8.32665062 -0.111050002
35.6464996 8.20330048 1.88890004
35.6338005 8.26210022 4.18060017
35.7216988 8.2656002 4.20909977
35.6220016 8.20960045 6.13990021
35.6433983 8.41250038 -0.649399996
35.6693001 8.48320007 -0.279500008
35.7536507 8.48500061 0.142199993
35.6693001 8.59860039 1.33290005
35.6761017 8.59549999 4.74539995
35.7266006 8.66139984 1.28470004
35.7899017 8.60239983 2.17149997
35.6271019 8.98379993 2.54509997
35.6876984 8.90340042 4.48159981
35.7094994 8.97200012 4.6486001
35.6441994 8.87709999 6.44080019
35.6824684 9.10996628 6.12930012
35.7338982 9.36139965 -2.11360002
35.7989006 9.30290031 3.24460006
35.7127991 9.42990017 3.25
35.7594986 9.77070045 4.59889984
35.6605988 9.80650043 1.53410006
35.7454987 10.2340002 3.86420012
35.7612 10.3790998 5.43520021
35.6637001 10.9577999 2.70670009
35.9207993 0.135549992 -1.67525005
35.8833656 0.297266662 -1.68296671
35.9162979 0.543500006 -1.6862334
35.907299 0.610650003 -1.70000005
35.9453011 1.06770003 -1.71109998
35.9375 1.31980002 -1.73449993
35.8962326 1.49993336 -1.72883332
35.8386536 1.70829999 -1.73650002
35.8087006 2.07220006 -1.74290001
35.8675308 2.27023339 -1.75059998
35.8748016 2.43079996 -1.79519999
35.8947983 3.56399989 -1.8082
35.8695984 3.75830007 -1.83469999
35.8294983 3.89899993 -1.82159996
35.9347992 4.29285002 -1.85229993
35.9836006 4.68069983 -1.87899995
35.9892006 4.91750002 -1.86670005
35.889164 5.0885334 -1.89283335
35.9860001 5.37440014 -1.87629998
35.9440002 5.36759996 1.99329996
35.9730988 5.31884956 2.05800009
35.8276672 5.34259987 2.76939988
35.9386749 5.313025 2.92667508
35.8815498 5.38479996 3.11240005
35.987999 5.43380022 1.94589996
35.9207001 5.52642488 2.70462513
35.9361992 5.42859983 2.8513999
35.9426498 5.53420019 3.01039982
35.8471985 5.77769995 -1.94620001
35.8974648 5.71826649 2.57969999
35.8947983 5.70479965 2.63054991
35.896801 5.61499977 2.83909988
35.8932037 5.84774971 -1.93245006
35.8931503 5.97385025 1.68070006
35.9183006 5.92297506 2.55202508
35.9578323 5.86796665 2.6257
35.8283005 6.01609993 -1.94869995
35.8282013 6.17799997 -1.46019995
35.8340988 6.03770018 1.68260002
35.9735985 6.15959978 2.5618
35.8507004 6.02575016 2.6251502
35.8482513 6.12535 4.44254971
35.8696976 6.26039982 -1.9145
35.8899002 6.24009991 -1.74839997
35.9294319 6.30783319 -1.55443335
35.8983002 6.34089994 -1.37310004
35.83535 6.23705006 0.445749998
35.9135017 6.22349977 1.25139999
35.9328003 6.26380014 2.53600001
35.8516006 6.26170015 2.68009996
35.9098511 6.27920008 4.38240004
35.8985329 6.29360008 4.44976664
35.9049988 6.4847002 -1.80990005
35.8610001 6.40010023 -1.53559995
35.969799 6.55749989 -1.07249999
35.9776993 6.59969997 -0.459600002
35.8951187 6.55130005 1.06724
35.8973312 6.50579977 1.25103331
35.8767014 6.58599997 1.50936663
35.8756332 6.50379992 2.48666668
35.8719025 6.48845005 4.30287504
35.9053688 6.43973351 4.45270014
35.8756676 6.64666653 -1.73066664
35.9092484 6.67425013 -1.05203331
35.9623985 6.64659977 -0.892700016
35.9064255 6.6413002 -0.710725009
35.8883743 6.65404987 -0.450224996
35.903801 6.69466686 -0.282700002
35.9448013 6.71204996 -0.0864000022
35.8283005 6.7178998 0.184599996
35.8264008 6.6724 0.301400006
35.928627 6.65269995 1.13352501
35.891201 6.73010015 1.21340001
35.8676987 6.76889992 1.45350003
35.8759499 6.63899994 2.53035021
35.9430008 6.66470003 2.81139994
35.9897003 6.77829981 4.12809992
35.9009018 6.68162489 4.25957489
35.9426003 6.77810001 5.04020023
35.8825989 6.82590008 1.47130001
35.9099998 6.88444996 2.51090002
35.8224983 6.8664999 2.65190005
35.9472008 6.80410004 4.23519993
35.9188004 7.0165 0.219400004
35.9477005 7.05746651 1.12623334
35.8568649 7.06719971 2.47793341
35.9280014 7.12879992 4.17080021
35.8245659 7.12240028 4.25530005
35.9459991 7.17929983 4.82210016
35.9144516 7.06435013 5.02770042
35.8322983 7.0776 5.22469997
35.9383011 7.2020998 0.92900002
35.9494019 7.22064972 1.13444996
35.8656998 7.20349979 1.27880001
35.9610519 7.23070002 4.19239998
35.821701 7.38409996 4.29309988
35.9970016 7.33640003 5.31160021
35.9109001 7.43230009 1.2816
35.9716988 7.40490007 4.17140007
35.8193512 7.47819996 4.26739979
35.9384689 7.4465332 4.91193342
35.9057999 7.49660015 5.37930012
35.9613991 7.57690001 5.4843998
35.9370003 7.74910021 1.23099995
35.8997993 7.79559994 4.18459988
35.8143997 7.71479988 4.76679993
35.9844017 7.64219999 4.86100006
35.8580017 7.64659977 5.12799978
35.9356003 7.66289997 5.34880018
35.8572006 7.75239992 5.62330008
35.8237 7.7638998 6.13290024
35.8757019 7.91699982 -0.312099993
35.8899994 7.98799992 3.04290009
35.8572006 7.89295006 4.11339998
35.9459991 7.88040018 4.60169983
35.8163986 7.97429991 4.97219992
35.8195992 7.84600019 6.06720018
35.9249001 8.11299992 -0.238700002
35.9618988 8.1182003 0.234599993
35.9869003 8.14700031 0.676500022
35.8275986 8.06480026 4.10279989
35.8903008 8.18610001 5.50080013
35.8463516 8.1697998 5.8583498
35.926342 8.10330009 6.08729982
35.8597488 8.13570023 6.30854988
35.9407005 8.17329979 6.41300011
35.8340988 8.2948494 -0.287649989
35.85355 8.2553997 -0.0817999989
35.8232994 8.31419945 0.108399995
35.8111 8.36390018 0.360900015
35.823101 8.39890003 0.405099988
35.8540001 8.39369965 5.78800011
35.9624481 8.23200035 5.93150043
35.8311996 8.2020998 6.08379984
35.8022003 8.45090008 0.309100002
35.8800011 8.54990005 0.518299997
35.8921967 8.48865032 0.654200017
35.8468475 8.51340008 0.897349954
35.9010887 8.50771236 1.12424994
35.8832512 8.53754997 1.27854991
35.9678001 8.57199955 1.43019998
35.8597984 8.42640018 1.8355
35.8955994 8.58640003 2.58089995
35.8322983 8.64169979 0.488499999
35.8522987 8.60560036 0.912699997
35.8262482 8.68919945 1.23495007
35.9518013 8.79870033 1.79849994
35.9092484 8.65814972 2.12174988
35.9654007 8.69509983 6.14999962
35.9824982 8.61629963 6.35389996
35.9701004 8.81779957 2.41720009
35.834301 8.87180042 4.67999983
35.9398003 8.83110046 4.87179995
35.8494987 8.96899986 6.24860001
35.9388008 9.0461998 3.31859994
35.8060989 9.01109982 4.64599991
35.9020996 9.27900028 3.23510003
35.8190994 9.46689987 1.63390005
35.8744011 9.66489983 1.52999997
35.9102478 9.78725052 4.73689985
35.9891014 10.1387997 3.55299997
35.8424988 10.1709003 3.94650006
35.9981003 10.7617998 2.7262001
35.9418983 18.9050007 -2.82200003
36.0996513 0.123949997 -1.671
36.1491013 0.242349997 -1.68534994
36.0878677 0.484400004 -1.69943333
36.0373344 0.661833346 -1.70500004
36.0623016 0.824999988 -1.70869994
36.1292496 1.12829995 -1.71845007
36.1334 1.32190001 -1.73189998
36.1179352 1.49533331 -1.73083329
36.1201668 1.65503335 -1.73596668
36.0791016 1.86265004 -1.74884999
36.1280975 2.71959996 -1.78205001
36.1142502 2.89989996 -1.78629994
36.142601 3.12899995 -1.80340004
36.0289001 3.20099998 -1.78489995
36.1385689 3.69246674 -1.83319998
36.1295471 3.91849995 -1.84509993
36.1493988 4.1262002 -1.83969998
36.1175995 4.30639982 -1.86160004
36.1267509 4.89900017 -1.92149997
36.0551987 5.08269978 -1.8901
36.0746994 5.3835001 2.05320001
36.1419487 5.34599972 2.90040016
36.0139999 5.40759993 -1.88859999
36.0019989 5.58479977 1.76800001
36.1021652 5.48866653 1.87628889
36.0986252 5.52052498 2.54914999
36.1227188 5.50053978 2.71673989
36.1022987 5.44538021 2.8987999
36.1744003 5.66060019 1.89670002
36.1217003 5.70559978 2.63049984
36.0579987 5.95370007 -1.93990004
36.1780014 5.98780012 1.7349
36.0756645 5.85736656 1.87909997
36.1068001 5.87905025 2.59210014
36.1327515 5.91582489 2.63817501
36.0690994 6.19339991 0.474700004
36.1186981 6.1789999 1.65079999
36.1827011 6.07870007 1.85549998
36.1309509 6.05160046 2.56065011
36.1166 6.07219982 2.65764999
36.0847511 6.30903339 -1.87836671
36.0552521 6.3501997 -1.71920002
36.15765 6.31559992 -1.50520003
36.0966759 6.36059999 -1.32602501
36.1174011 6.26840019 0.440050006
36.1257019 6.3345499 1.14989996
36.0737991 6.33179998 1.24820006
36.1151009 6.30170012 2.52979994
36.1300011 6.28910017 4.18039989
36.0831528 6.33825016 4.33049965
36.0680504 6.35239983 4.46090031
36.0662994 6.47489977 -1.71819997
36.0602341 6.49000025 -1.24810004
36.179451 6.46485043 -1.16770005
36.0013008 6.59280014 -0.557399988
36.1286011 6.58809996 0.987699986
36.1267395 6.49140024 1.08700001
36.0988998 6.41669989 1.21669996
36.1365509 6.4843998 2.50444984
36.1526985 6.50969982 3.93330002
36.0861015 6.51270008 4.10360003
36.0765724 6.52332878 4.29595709
36.0882034 6.63504982 -1.03500009
36.0728493 6.6637249 -0.870375037
36.1410522 6.68112469 -0.650825024
36.1418533 6.67605019 -0.519649982
36.0860329 6.66800022 -0.285899997
36.092926 6.72685003 -0.0825500041
36.1107025 6.71150017 0.0340999998
36.0962677 6.63759995 0.252799988
36.1297493 6.64404964 0.968000054
36.0567589 6.68540001 1.07115996
36.1254005 6.78884983 1.51800001
36.1114998 6.75119972 1.66339993
36.036499 6.62930012 2.50909996
36.1529503 6.73694992 3.98129988
36.1051979 6.67827511 4.14327478
36.0522003 6.66243315 4.26030016
36.1575508 6.67199993 4.90443325
36.0755005 6.89663315 1.05313337
36.1595993 6.80359983 1.59370005
36.0449982 6.85459995 4.17229986
36.0068016 6.96049976 4.79629993
36.0036011 7.08729982 0.162400007
36.1356506 7.08027506 1.08377504
36.0422668 7.09533358 2.31903338
36.0872345 7.03079987 4.15170002
36.0555992 7.15974998 4.24205017
36.0345001 7.09800005 4.84180021
36.1066017 7.24209976 0.938300014
36.1148987 7.26504993 1.02487493
36.1987 7.29769993 2.46819997
36.0436478 7.35095024 4.16039991
36.1473007 7.29799986 5.1487999
36.0896988 7.21490002 5.2420001
36.0203018 7.4980998 2.31649995
36.0745506 7.53884983 4.13719988
36.1290016 7.50839996 4.27839994
36.1230011 7.71805 2.23049998
36.1486015 7.64580011 4.16470003
36.0683517 7.90320015 2.2263
36.0806007 7.96820021 4.85540009
36.1861992 7.8276 5.22590017
36.0929337 7.95349979 5.94033337
36.0719986 7.99350023 6.06799984
36.1310005 8.0284996 4.77080011
36.1248474 8.12545013 5.69365025
36.0603485 8.09654999 5.89089966
36.0560989 8.1055336 6.0765667
36.0419006 8.35350037 1.24100006
36.0848007 8.24510002 4.25400019
36.1255989 8.44079971 0.233899996
36.0144997 8.43840027 0.981700003
36.0356674 8.46836662 1.07749999
36.0542526 8.4921999 1.28434992
36.1180992 8.49979973 2.19510007
36.135601 8.55109978 2.27419996
36.0187988 8.59910011 2.4993999
36.0950012 8.7397337 2.99166656
36.1559982 8.85410023 3.16240001
36.1824989 8.8100996 3.99259996
36.0793991 8.92990017 4.42570019
36.0732994 8.87730026 4.82009983
36.0082016 8.8064003 6.09969997
36.1248016 9.0177002 4.32840014
36.1365013 9.08380032 4.53079987
36.1744995 9.71660042 3.43070006
36.0424995 9.95009995 1.56550002
36.0017014 11.1809998 2.77480006
36.3163986 0.153200001 -1.70780003
36.2841988 0.241899997 -1.69210005
36.3891983 0.487300009 -1.72590005
36.2442322 0.719266653 -1.70969999
36.3380508 0.877399981 -1.72315001
36.3444519 1.06962502 -1.72912502
36.2440491 1.30495 -1.72564995
36.3796005 1.42519999 -1.74849999
36.3834991 1.77880001 -1.73899996
36.2420502 1.87905002 -1.7592001
36.2151985 2.1645 -1.76849997
36.2780647 2.26939988 -1.7658
36.3403015 2.5230999 -1.81509995
36.3075027 3.15364981 -1.81474996
36.2968521 3.26972485 -1.82130003
36.3536987 3.49040008 -1.82850003
36.3185005 3.84789991 -1.84080005
36.2910004 4.57870007 -1.89020002
36.3190002 5.1321497 1.95109999
36.351799 5.12900019 2.0618
36.2521019 5.36180019 -1.96089995
36.3116112 5.28507757 1.91038883
36.399601 5.31040001 2.59039998
36.286026 5.36245012 2.68957496
36.3689003 5.32919979 2.90864992
36.3904495 5.34539986 3.04344988
36.3560982 5.47179985 -1.9138
36.2864532 5.56659985 1.75
36.3041 5.5465498 1.88424993
36.2327003 5.42490005 2.01279998
36.3694649 5.51333332 2.52833319
36.3151817 5.48551989 2.66233993
36.2915497 5.43889999 2.86759996
36.3102989 5.41750002 3.17860007
36.2966995 5.65140009 -1.91190004
36.3045998 5.66715002 1.78974998
36.2922325 5.70411682 1.85584998
36.2752647 5.69946671 2.64473319
36.2923012 5.8807497 1.74589992
36.2652016 5.98729992 1.80560005
36.3622513 5.91075039 2.46125007
36.3628006 5.81230021 2.60780001
36.2370987 5.98579979 4.45669985
36.3650017 6.17990017 -1.90840006
36.3109818 6.13619995 1.12627995
36.3675995 6.04610014 1.2198
36.3023987 6.14919996 1.82435
36.3531647 6.14436674 2.37616658
36.284832 6.07486677 2.51106668
36.3792992 6.10129976 2.63700008
36.2928352 6.26170015 -1.87030005
36.3184319 6.35576677 -1.73000002
36.3330002 6.32893324 -1.49483335
36.3169022 6.34942007 -1.29876006
36.3469009 6.29230022 0.380699992
36.3712997 6.20410013 0.432099998
36.2911491 6.30003357 1.09658337
36.3258018 6.20529985 1.21959996
36.3550491 6.35344982 1.73829997
36.3097 6.35004997 1.90059996
36.3034744 6.29694986 2.47070003
36.267601 6.31920004 2.74769998
36.3420982 6.35489988 4.12939978
36.3418999 6.36417484 4.36952496
36.3303833 6.29834986 4.47149992
36.3289986 6.3434 4.60340023
36.3148003 6.45196676 -1.71659994
36.2373009 6.4064002 -1.50220001
36.2401009 6.59259987 -1.12049997
36.2434006 6.58549976 -0.941999972
36.2038002 6.44519997 0.967899978
36.2938004 6.43519974 1.10336661
36.3505478 6.43585014 1.84220004
36.3137207 6.52523994 2.46291995
36.2159004 6.43319988 4.1697998
36.2950516 6.49301243 4.28427505
36.2779999 6.5612998 4.88929987
36.2512016 6.55980015 5.02790022
36.3344002 6.66804981 -1.07795
36.2482986 6.65912485 -0.882475019
36.3191986 6.67612505 -0.692900002
36.3092499 6.68309975 -0.513300002
36.2950249 6.70027494 -0.310925007
36.3935509 6.74419975 -0.108850002
36.2825012 6.74830008 0.0603
36.3227997 6.6868 0.267625004
36.2262001 6.69680023 0.933499992
36.3148003 6.7802 1.29639995
36.2132988 6.74310017 1.5783
36.3362007 6.69560003 1.62740004
36.3557014 6.70499992 2.40479994
36.2919006 6.74800014 3.0947001
36.2485504 6.63735008 3.96729994
36.2638016 6.62510014 4.05809975
36.3504982 6.74342489 4.27877522
36.2299004 6.6269002 4.6500001
36.264534 6.6984334 4.92320013
36.301651 6.92284966 0.124799997
36.2854004 6.95370007 1.05669999
36.2923393 6.86259985 1.53024006
36.2811394 6.8993001 1.71047997
36.3591995 6.86079979 2.28769994
36.2170982 6.81500006 4.00740004
36.2857513 6.86629963 4.31050014
36.330101 6.90939999 4.49030018
36.2690506 6.94865036 4.70015001
36.3506012 7.17619991 -1.55159998
36.2200012 7.07579994 0.133900002
36.3150024 7.13755035 0.907850027
36.3401604 7.14310026 1.04633999
36.3713989 7.00479984 1.54499996
36.3055992 7.01109982 1.68840003
36.2991982 7.13110018 2.2277
36.3997993 7.11920023 4.19309998
36.3021011 7.12440014 4.27250004
36.3785019 7.1157999 4.68849993
36.3175507 7.11205006 4.84315014
36.2495995 7.23579979 0.927200019
36.3218002 7.28999996 1.03939998
36.2401009 7.37340021 4.11409998
36.3325996 7.3545332 4.28783321
36.2510986 7.28730011 5.00239992
36.2981987 7.53030014 2.21510005
36.3153496 7.55130005 2.6470499
36.3066483 7.42275 4.14769983
36.3820992 7.42799997 4.24639988
36.3045998 7.41849995 4.76189995
36.2947006 7.60949993 4.17589998
36.3899002 7.75169992 6.15040016
36.3843994 7.78835011 6.23124981
36.2872009 7.87934971 2.9303
36.2771988 7.9756999 3.06769991
36.2822647 7.93909979 5.8866334
36.2969513 7.83360004 6.09220028
36.3089981 7.83799982 6.33640003
36.3816986 8.18560028 0.909699976
36.3238754 8.16362476 1.03922498
36.3829994 8.08619976 1.24580002
36.2982483 8.25424957 1.12234998
36.3216019 8.35605049 4.83809996
36.3382988 8.40069962 1.2687
36.2228012 8.74820042 1.95150006
36.2514 8.7791996 2.64820004
36.328701 8.77840042 2.88210011
36.2750015 8.71329975 3.04410005
36.2798996 8.91670036 4.24744987
36.280899 8.9531002 4.47629976
36.2717972 8.89894962 4.68264961
36.3294983 8.80020046 4.81589985
36.2463989 9.1086998 4.70699978
36.3325996 9.44909954 2.91109991
36.2910004 9.78779984 2.54879999
36.3852005 10.0740004 2.50839996
36.4861526 0.27155 -1.68864989
36.4748993 0.551900029 -1.71080005
36.5354004 0.6426 -1.70009995
36.4989014 1.1559 -1.73889995
36.4789009 1.35280001 -1.7378
36.4443016 1.64810002 -1.75220001
36.5112991 2.37910008 -1.77980006
36.5064011 2.45409989 -1.80110002
36.5079002 2.52675009 -1.79870009
36.5205994 2.90120006 -1.82749999
36.5864983 3.06710005 -1.82509995
36.5909004 3.23909998 -1.81210005
36.4295998 3.3513 -1.79970002
36.4101982 3.60899997 -1.85459995
36.4169006 4.23530006 -1.87530005
36.5969009 4.74259996 -1.90830004
36.4229012 4.93209982 -1.93519998
36.544899 4.99900007 2.95289993
36.5537987 5.02610016 -1.89139998
36.5803528 5.08930016 1.77135003
36.499939 5.14429998 1.90964007
36.4415665 5.0722332 2.11723328
36.5643005 5.19049978 2.79089999
36.5277328 5.1237998 2.9697001
36.5256004 5.26896667 1.73629999
36.4892616 5.28334999 1.87142503
36.4819984 5.29390001 2.13249993
36.5020828 5.33826637 2.75075006
36.4576607 5.28336 2.89364004
36.5745468 5.43665028 -1.94589996
36.5266762 5.50502491 1.76049995
36.5237503 5.46829987 1.82990003
36.51828 5.45955992 2.7018199
36.5071335 5.76123333 1.68543339
36.5169983 5.71049976 1.80139995
36.4753265 5.74507523 2.51030016
36.5063324 5.68493319 2.66676664
36.4436989 5.85790014 -1.96720004
36.4009018 5.92110014 1.59549999
36.456501 5.93310022 1.7547667
36.5319977 5.94845009 1.81660008
36.532299 5.84969997 2.38080001
36.5112381 5.89113998 2.50232005
36.4887352 5.88789988 2.62396669
36.5049896 6.1090889 1.09093332
36.4925995 6.03874969 1.2852
36.5713997 6.00699997 1.59609997
36.5436516 6.13399982 1.74285007
36.5475998 6.18230009 1.80980003
36.463974 6.09959984 2.36887503
36.4991188 6.10811996 2.48810005
36.4954987 6.03539991 2.72049999
36.5075264 6.28522491 -1.87415004
36.5258408 6.35213995 -1.71669996
36.4904327 6.32993317 -1.47266662
36.502449 6.35550022 -1.29894996
36.4161987 6.2112999 0.410600007
36.5519981 6.35809994 0.977500021
36.5062332 6.23656654 1.09913337
36.5640488 6.26644993 1.2184
36.5199318 6.26243305 1.74860001
36.4001999 6.37949991 2.17000008
36.5524521 6.22335005 2.26394987
36.5863991 6.2677002 2.40400004
36.4506989 6.35290003 4.47496653
36.5887985 6.46850014 -1.68166661
36.5003014 6.42570019 -1.29139996
36.5496521 6.48064995 -1.16775
36.5003014 6.4060998 0.368999988
36.5074654 6.48666668 1.05483329
36.4985008 6.40220022 1.78709996
36.4852486 6.49405003 1.83060002
36.4304008 6.41590023 2.39179993
36.4626999 6.56949997 2.46379995
36.4393997 6.54575014 3.91575003
36.4005013 6.53389978 4.04120016
36.4995651 6.4689002 4.29826689
36.5626335 6.51776648 4.46083355
36.4533997 6.52169991 4.7265501
36.5180016 6.60610008 -1.74740005
36.5211983 6.6736002 -1.59749997
36.4188004 6.61429977 -1.17780006
36.5270996 6.66651249 -0.91170001
36.5138512 6.68184996 -0.69599998
36.5125999 6.65737534 -0.471875012
36.4768333 6.68400002 -0.339716673
36.5222588 6.70136023 -0.0614399984
36.5359497 6.66394997 0.148600012
36.4524651 6.74023342 0.246333331
36.5877495 6.6586504 0.944900036
36.4912987 6.68550014 1.06159997
36.5643997 6.63660002 2.4066
36.4384003 6.71190023 3.1020999
36.5087013 6.61950016 3.8684001
36.5951004 6.62419987 4.15320015
36.4974594 6.6901598 4.30692005
36.5881996 6.69989967 4.70094967
36.5195999 6.80200005 -1.05190003
36.5079002 6.80009985 -0.109099999
36.5990982 6.83510017 0.0494000018
36.5142403 6.93416023 0.953679979
36.4672012 6.80830002 1.06809998
36.5973015 6.94939995 2.3513
36.5517998 6.87069988 2.42079997
36.556633 6.8659668 4.27106667
36.5996017 6.83120012 4.52409983
36.5709991 6.97900009 4.70949984
36.4300995 7.1020999 2.44029999
36.5220985 7.00750017 2.90869999
36.4561501 7.11374998 4.29939985
36.4406319 7.07956648 4.54990005
36.4785805 7.30944014 0.892139971
36.4681511 7.28894997 1.04999995
36.5671997 7.25510025 1.72414994
36.5727997 7.24800014 1.95500004
36.5676994 7.33899975 2.03480005
36.5153999 7.26105022 4.19894981
36.5123978 7.25419998 4.3213501
36.4594002 7.32299995 4.46710014
36.5096321 7.45100021 1.02303338
36.5778999 7.45456696 1.69710004
36.4187012 7.50279999 2.34980011
36.4566002 7.5237999 4.18779993
36.5120659 7.45823336 4.30723333
36.5500984 7.43410015 4.40049982
36.5861015 7.77869987 0.992799997
36.5830002 7.78550005 1.02919996
36.5014 7.6079998 1.68120003
36.5400009 7.68160009 2.95600009
36.531601 7.66569996 5.69439983
36.5507011 7.73579979 5.81050014
36.5180321 7.78396654 6.12333345
36.5434494 7.8201499 0.973450005
36.5254211 7.88948011 1.09964001
36.4275017 7.92250013 1.64999998
36.5892487 7.90985012 3.29924989
36.5031013 7.8421998 5.22289991
36.5409012 7.91275024 5.7253499
36.4640007 7.87725019 5.87034988
36.4161987 7.83449984 6.00129986
36.4308014 7.81759977 6.26989985
36.5654984 8.05290031 0.89319998
36.5116005 8.09500027 1.00139999
36.553299 8.13119984 4.62164974
36.473999 8.00520039 6.18790007
36.4557991 8.22719955 1.10020006
36.5265999 8.23729992 2.83270001
36.4373016 8.58399963 4.41760015
36.5201988 8.47500038 6.37099981
36.4784012 8.66409969 6.23400021
36.5029984 8.75889969 6.56489992
36.4255981 8.87829971 4.23759985
36.4225998 9.1257 2.91890001
36.5249481 9.10835075 4.66154957
36.5859985 9.31960011 5.19019985
36.5045013 9.43560028 2.89289999
36.589901 9.61970043 2.67070007
36.4967995 9.87240028 2.56469989
36.5332985 10.1393995 4.23029995
36.5522003 10.1817999 4.95979977
36.5437012 10.2839003 2.3441
36.5850983 10.2292004 2.50749993
36.4706993 10.8492002 2.18499994
36.7044983 0.121250004 -1.71020007
36.6715317 0.261500001 -1.70693326
36.7603989 0.539349973 -1.72494996
36.7399673 0.91536665 -1.74233341
36.6772003 1.15069997 -1.74419999
36.7037315 1.3295666 -1.75053334
36.6464005 1.55939996 -1.7809
36.6264992 1.75139999 -1.75759995
36.6216507 1.97364998 -1.77594995
36.7798996 2.0710001 -1.78489995
36.6217995 2.43179989 -1.78110003
36.736599 2.76410007 -1.80589998
36.7242508 3.30075002 -1.83574998
36.6831017 3.62199998 -1.85650003
36.7505989 3.89759994 -1.85039997
36.6513519 4.12265015 -1.86730003
36.6368027 4.49935007 -1.89915001
36.7617989 4.79440022 -1.89880002
36.6860008 4.92659998 -1.91709995
36.6402969 5.10524988 1.66612506
36.6489487 5.1482501 1.91639996
36.6553497 5.12565041 2.00925016
36.6753502 5.17094994 2.83414984
36.7235489 5.28085041 -1.92995
36.6411247 5.28369999 1.566275
36.6671753 5.27352524 1.72720003
36.7284012 5.20639992 1.94860005
36.7059326 5.29046679 2.68646669
36.6973152 5.24683332 2.86463332
36.7383995 5.48880005 -1.96039999
36.6839981 5.48531675 1.77020001
36.6909332 5.45346689 1.82840002
36.6938171 5.47545004 2.70601654
36.7775993 5.41230011 2.80559993
36.6268997 5.78310013 -1.96179998
36.7612991 5.67175007 1.7428
36.6442986 5.64279985 1.8312
36.6791 5.75554991 2.56505013
36.6949501 5.73918343 2.67449999
36.6674004 5.93979979 -1.99070001
36.6949005 5.98290014 0.979700029
36.7259979 5.95566654 1.0528667
36.7244606 5.84327984 1.73133993
36.698101 5.86709976 1.81840003
36.6976738 5.92562485 2.66120005
36.7213783 6.09717989 0.947019994
36.6924324 6.07843351 1.05920005
36.6689987 6.0156002 1.77040005
36.6617508 6.0623498 1.81064999
36.6068993 6.11059999 2.05439997
36.6917496 6.15264988 2.32380009
36.6484985 6.02790022 2.5000999
36.7061501 6.12085009 2.6085
36.6951675 6.28313351 -1.87249994
36.6458511 6.35410023 -1.63785005
36.7816505 6.33564997 -1.45365
36.732399 6.26149988 -1.24619997
36.6586342 6.26353312 0.420100003
36.7613258 6.29332495 0.895850003
36.7372322 6.31159973 1.06519997
36.6501007 6.2263999 1.86849999
36.6072998 6.24370003 2.36680007
36.6153984 6.24819994 2.45050001
36.6198006 6.5019002 -1.77489996
36.7022018 6.43254995 -1.5352
36.7103004 6.41300011 -1.20070004
36.6958504 6.58384991 0.241400003
36.6947021 6.52069998 0.864850044
36.7173004 6.5236001 1.07653332
36.6618004 6.51629972 1.76601994
36.7525024 6.49620008 1.84535003
36.6301994 6.48360014 2.29859996
36.7088013 6.54949999 3.91840005
36.6104965 6.51789999 4.39169979
36.7795982 6.5935998 4.43790007
36.6158981 6.59740019 4.86420012
36.6248817 6.68323994 -1.11593997
36.7335205 6.66079998 -0.870739996
36.6338997 6.68395042 -0.695550025
36.6941757 6.66682482 -0.505675018
36.7243004 6.70662498 -0.31099999
36.6816673 6.71833324 -0.120366663
36.7056007 6.68463326 0.229000002
36.7117004 6.63630009 0.751100004
36.6723022 6.69225025 0.974249959
36.7397003 6.70020008 1.20099998
36.7448997 6.68060017 1.74479997
36.6885986 6.63710022 2.30200005
36.6010017 6.75400019 2.43190002
36.7474518 6.72525024 2.96114993
36.7223015 6.67030001 3.80340004
36.7638474 6.68274975 4.14569998
36.7295341 6.70536661 4.31593323
36.759201 6.65969992 4.43739986
36.7527008 6.67889977 4.7045002
36.7832985 6.8757 0.108000003
36.6750984 6.92710018 0.910166681
36.6553345 6.86220026 1.06246662
36.6988678 6.94309998 1.74106669
36.6818008 6.87232018 4.32887983
36.7531013 6.91335011 4.53695011
36.7276535 6.92329979 4.64785004
36.6006012 7.1717 0.912
36.6542015 7.19910002 1.09290004
36.687149 7.09144974 1.73627496
36.7504005 7.19689989 1.84959996
36.6111984 7.04930019 4.35389996
36.7305984 7.2171998 0.924899995
36.6598969 7.2347002 1.73545003
36.7205009 7.38689995 2.86919999
36.7087669 7.31220007 4.29006672
36.6237984 7.20289993 4.53560019
36.6741982 7.42749977 0.998000026
36.7499008 7.43130016 1.05830002
36.7583008 7.58360004 1.76639998
36.6500015 7.49989986 2.04920006
36.7619019 7.5007 4.49709988
36.7024498 7.56744957 5.66874981
36.6762657 7.53846645 5.8762002
36.7840996 7.73939991 0.98180002
36.7098007 7.71176004 1.03501999
36.7242012 7.61350012 1.75820005
36.7341003 7.66450024 2.59599996
36.6753006 7.64650011 2.77069998
36.7549515 7.73565006 4.50119972
36.7890015 7.70499992 5.37459993
36.7305984 7.75509977 5.59000015
36.6946678 7.67723322 5.73093319
36.6799736 7.68057489 5.90570021
36.6650352 7.86006689 0.952333331
36.6750984 7.95639992 1.01349998
36.6431999 7.95949984 3.18989992
36.7548523 7.91104984 4.37685013
36.7086754 8.07907486 0.927625
36.7574005 8.07320023 3.2651
36.7136497 8.16055012 4.50220013
36.6674995 8.17129993 4.95830011
36.6662483 8.24125004 1.07675004
36.7452736 8.20927525 4.34280014
36.6647987 8.59700012 4.30159998
36.6170006 8.40600014 4.4224
36.7817001 8.75710011 4.13899994
36.6578979 8.87030029 4.72350025
36.6995506 9.31640053 2.91009998
36.6274986 9.44219971 2.91560006
36.6029015 9.43239975 3.11919999
36.7645493 9.7078495 1.56349993
36.7300987 10.1290998 3.57010007
36.7057495 10.2996502 1.51425004
36.6842995 10.2000999 4.11800003
36.7975006 10.2330999 5.02029991
36.9086494 0.118400007 -1.71144998
36.8714333 0.33586666 -1.70986664
36.9822006 0.540199995 -1.73810005
36.9065018 0.65806669 -1.72146666
36.8713989 0.834300041 -1.73440003
36.8157005 1.07340002 -1.76610005
36.9094009 1.26380002 -1.76999998
36.9335022 1.7102499 -1.7806499
36.8255997 1.80729997 -1.78509998
36.9830017 2.2902 -1.78260005
36.9305 2.76009989 -1.81009996
36.9992981 3.1006 -1.80949998
36.9006004 3.32010007 -1.83605003
36.9690018 3.43600011 -1.84350002
36.8119011 3.77180004 -1.8506
36.9702988 3.90939999 -1.87094998
36.8717003 4.0869503 -1.88479996
36.9263496 4.36779976 -1.89450002
36.8838997 4.54400015 -1.93210006
36.9454994 4.69099998 -1.91079998
36.9003983 4.87632513 -1.91402507
36.888401 5.07989979 -1.92429996
36.8047981 5.33160019 2.75149989
36.8396988 5.23834991 2.87954998
36.8188477 5.50944996 1.70560002
36.8100967 5.46045017 1.89415002
36.8750763 5.52540016 2.73580003
36.8634987 5.45079994 2.82189989
36.8097992 5.6947999 -1.92390001
36.8492012 5.67059994 1.50339997
36.877449 5.70497513 1.70182502
36.8120995 5.64050007 1.83539999
36.96595 5.75399971 2.59140015
36.8883667 5.68169975 2.71603322
36.8438988 5.84504986 -1.96085
36.8087006 5.81699991 0.898899972
36.9026985 5.85750008 1.66299999
36.8865967 5.9458499 1.83410001
36.9491997 5.91970015 2.34726667
36.9488335 5.92803335 2.49469995
36.8754501 5.85244989 2.64454985
36.9375992 5.9847002 2.85560012
36.8204994 6.15819979 0.918900013
36.8830986 6.14940023 1.06060004
36.8396492 6.05875015 1.76499999
36.8879013 6.05369997 2.47869992
36.8690834 6.30578327 -1.89641666
36.8386993 6.3979001 -1.61759996
36.9128189 6.34221983 -1.49031997
36.906868 6.32773352 -1.31346667
36.8936005 6.26830006 0.758000016
36.8905983 6.33552837 0.915171444
36.9037018 6.39589977 1.12170005
36.8857994 6.3081336 1.73293328
36.8058014 6.32929993 2.30640006
36.9572983 6.58010006 -1.80949998
36.9091492 6.46285009 -1.74425006
36.9212379 6.47259998 -1.48549998
36.9561005 6.44299984 -1.23650002
36.9183502 6.47644997 0.304399997
36.8914642 6.49748325 0.917966664
36.8546982 6.49009991 1.77285004
36.8012009 6.55690002 1.83870006
36.9501991 6.51450014 2.50690007
36.854599 6.54377508 3.91937494
36.9487495 6.53359985 4.73445034
36.8581009 6.7189002 -1.83060002
36.9365997 6.64680004 -1.60319996
36.9660988 6.65446663 -1.14576662
36.9229736 6.69467497 -0.873049974
36.9240494 6.69892502 -0.690275013
36.9078522 6.68587494 -0.503100038
36.9230232 6.69697523 -0.261025012
36.9151001 6.7281251 -0.107900001
36.9411583 6.70412016 0.124459997
36.9311676 6.64426661 0.239466667
36.8959999 6.63570023 1.09669995
36.9254684 6.69903326 1.90100002
36.827301 6.60039997 2.47129989
36.9444008 6.72849989 2.91810012
36.8031998 6.68289995 3.02909994
36.9326019 6.60545015 3.91335011
36.8003998 6.70620012 4.4625001
36.9070015 6.66953325 4.68139982
36.8721008 6.80259991 -1.83159995
36.9420013 6.83080006 -1.66569996
36.9889984 6.80229998 0.127299994
36.8259506 6.88910007 0.923150003
36.9607506 6.90479994 1.73219991
36.8805504 6.94327497 1.89884996
36.8602982 6.88910007 4.47875023
36.9326477 6.81509972 4.65980005
36.9310684 7.10686684 0.938366652
36.8801994 7.06406689 1.01936662
36.9007988 7.07369995 1.81149995
36.8833008 7.07719994 4.39109993
36.8879013 7.05490017 4.55889988
36.8614998 7.21680021 0.984200001
36.9455261 7.33135033 1.89505005
36.8753014 7.36819983 2.24959993
36.8413506 7.33724976 2.88945007
36.9560013 7.2494998 3.10759997
36.8895988 7.56759977 0.843500018
36.8549995 7.546 1.73734999
36.8975983 7.47984982 1.84109998
36.970768 7.50680017 2.10483336
36.8666 7.4843502 2.22469997
36.8638 7.46750021 2.8506
36.9842987 7.48649979 3.0638001
36.8750229 7.46287489 4.45569992
36.9934006 7.55840015 5.54640007
36.854599 7.7354331 0.938266635
36.902298 7.68776655 1.03899992
36.9687004 7.62300014 1.63890004
36.8081017 7.65810013 2.09649992
36.8763008 7.68370008 2.77999997
36.8432999 7.74249983 2.84680009
36.8779984 7.76210022 4.50629997
36.9745483 7.62644958 5.46689987
36.9496994 7.88525009 1.03769994
36.8224983 7.80919981 2.73709989
36.8168983 7.93100023 4.36219978
36.905098 7.91554976 4.50864983
36.8224983 7.875 5.55179977
36.8871498 7.89400005 5.92344999
36.9714012 8.1711998 0.880599976
36.9430008 8.01539993 1.01750004
36.9351349 8.06193352 4.5079999
36.8212013 8.34010029 0.925199986
36.9543991 8.34589958 2.96364999
36.8879662 8.29903316 4.4902668
36.8171005 8.35910034 4.63360023
36.9844017 8.41569996 1.01300001
36.8987007 8.4762001 4.44360018
36.9160004 8.62520027 1.09159994
36.8422012 8.7031002 4.65339994
36.835701 9.1225996 3.08859992
36.9234009 9.24540043 2.9073
36.9441986 9.43150043 4.8427
36.892765 9.7079668 1.50936663
36.9367981 9.74370003 4.42140007
36.9057999 9.64949989 4.83860016
36.8904991 9.87010002 4.28369999
36.9309998 10.0095997 1.48670006
36.8872528 10.4647007 1.42614996
37.1102982 0.0784000009 -1.70805001
37.1081009 0.293666661 -1.7160666
37.0653763 0.717575014 -1.74475002
37.0896988 0.814700007 -1.73755002
37.0855026 1.11860001 -1.75189996
37.1323318 1.28990006 -1.75636661
37.1304016 1.47580004 -1.75730002
37.1277466 1.7026 -1.78600001
37.0870018 1.84710002 -1.77579999
37.0536003 2.11556673 -1.79359996
37.1621017 2.33189988 -1.81070006
37.0676003 2.27099991 -1.79659998
37.0972977 2.43515015 -1.78659999
37.0955009 2.76555014 -1.81840003
37.0056 2.88310003 -1.83399999
37.0271988 3.06349993 -1.84689999
37.0565033 3.37549996 -1.85165
37.0942001 3.56399989 -1.87890005
37.0708008 3.8987 -1.89479995
37.0037994 4.21239996 -1.8836
37.1842003 4.60200024 -1.91569996
37.0122986 5.57469988 1.98710001
37.0163994 5.59060001 2.86549997
37.0320015 5.64830017 1.79460001
37.1435013 5.68494987 1.91047502
37.0028992 5.79059982 2.1631999
37.0334015 5.79470015 2.35820007
37.0513763 5.72527504 2.72152495
37.0620995 5.92780018 -1.98039997
37.0256691 5.86423349 1.75576663
37.0860977 5.89690018 1.91720009
37.1226997 5.95819998 2.01939988
37.1183662 5.87646675 2.3639667
37.104599 5.82119989 2.48970008
37.0792999 6.19140005 -1.9109
37.0512009 6.0007 -1.58570004
37.1822014 6.15649986 2.39159989
37.1966019 6.05439997 2.42910004
37.0767975 6.2887001 -1.86609995
37.1050758 6.33992481 -1.73049998
37.0560989 6.35750008 -1.41100001
37.1321487 6.329 -1.340325
37.1829987 6.36119986 -1.17390001
37.0723648 6.33686686 0.375966668
37.1954002 6.24499989 0.410899997
37.1739006 6.39249992 0.675499976
37.0423012 6.3755002 0.975199997
37.1497002 6.36429977 1.79799998
37.1932983 6.39909983 4.63819981
37.0645523 6.50705004 -1.87444997
37.0881004 6.49090004 -1.72210002
37.167099 6.4725666 -1.26899993
37.1949005 6.48929977 -1.19939995
37.1189995 6.49136639 0.285233319
37.1474991 6.41760015 0.754899979
37.0958023 6.49448347 0.886749983
37.09655 6.45079994 1.04684997
37.1851006 6.58479977 1.78359997
37.105999 6.44674969 1.86205006
37.1045494 6.52484989 3.90735006
37.1683006 6.53319979 4.5855999
37.1137657 6.48210001 4.66260004
37.1847992 6.44820023 4.9526
37.0799751 6.66747475 -1.06625009
37.0923233 6.68262482 -0.907350004
37.0023003 6.69490004 -0.735300004
37.0814514 6.75502491 -0.497200012
37.0708313 6.74009991 -0.378866673
37.0781326 6.73750019 -0.0930999964
37.0126991 6.65619993 0.0478999987
37.1903 6.68760014 0.219300002
37.1310997 6.77839994 0.796999991
37.1172485 6.6623497 0.879499972
37.1097336 6.75863314 1.75236666
37.1334991 6.67460012 1.85720003
37.0458984 6.67859983 3.80299997
37.1054993 6.71702003 4.49938011
37.081749 6.61419964 4.66079998
37.1437988 6.97779989 0.948499978
37.0607986 6.93225002 1.68939996
37.0779495 6.86070013 1.83140004
37.1135254 6.89715004 3.23635006
37.1542015 6.87820005 4.35629988
37.1096611 6.86635971 4.47671986
37.0730019 6.98869991 4.60680008
37.1133003 7.05210018 0.136899993
37.1221313 7.15516663 0.887000024
37.0861015 7.12440014 1.03859997
37.161499 7.10610008 1.74020004
37.0547981 7.14069986 3.09850001
37.0916672 7.07976675 4.50766659
37.1147995 7.06540012 4.65810013
37.0625992 7.12330008 4.80119991
37.0466995 7.26566648 0.932466686
37.1311989 7.20650005 1.77750003
37.0848007 7.42770004 0.995100021
37.1361008 7.54489994 1.0223
37.1009827 7.51294994 1.72961664
37.0625 7.43389988 2.96609998
37.1388016 7.45909977 3.09695005
37.1312256 7.47574997 5.56015015
37.0410995 7.63950014 0.993399978
37.1285019 7.65089989 4.51370001
37.1954002 7.7349 5.2736001
37.1627998 7.72429991 5.57800007
37.1791 7.95374966 0.989499986
37.1991997 7.84689999 4.39799976
37.1026802 7.90713978 4.52167988
37.0998993 7.89370012 5.97319984
37.0032997 8.13129997 1.01689994
37.1808014 8.11779976 3.04489994
37.1779022 8.09679985 4.50800037
37.1523018 8.32629967 0.769900024
37.1217003 8.32126713 0.887700021
37.0810013 8.26580048 1.03770006
37.1184006 8.22229958 4.56090021
37.0079994 8.47369957 2.90440011
37.1325989 8.53279972 4.32270002
37.1116028 8.51239967 4.52355003
37.1329002 8.57180023 4.67560005
37.114399 8.69839954 4.6486001
37.1907005 8.98279953 1.08819997
37.1949997 9.55049992 4.16660023
37.0772018 11.0502005 2.00239992
37.2921257 0.104450002 -1.72387505
37.357235 0.326133341 -1.73853338
37.3070984 0.598800004 -1.73109996
37.2658005 0.680999994 -1.74100006
37.3000488 0.857349992 -1.7378
37.2927475 1.18134999 -1.75475001
37.3321991 1.29895997 -1.77909994
37.2836685 1.47366667 -1.77966666
37.2760315 1.73080003 -1.78446662
37.2431984 1.97399998 -1.80400002
37.2641983 1.81959999 -1.79750001
37.3093987 2.11069989 -1.81449997
37.3485985 2.0250001 -1.78859997
37.3310471 2.23325014 -1.81959999
37.3834 2.57520008 -1.81949997
37.3123016 2.70190001 -1.82570004
37.358799 3.49160004 -1.87080002
37.3022995 4.00790024 -1.86800003
37.2102013 4.37290001 -1.92929995
37.3763008 4.49499989 -1.93589997
37.2759018 4.72399998 -1.89479995
37.282299 4.93569994 -1.92739999
37.2593002 5.29839993 -1.94850004
37.3518486 5.29815006 2.09420013
37.2312012 5.40320015 -2.00530005
37.2282982 5.56680012 -1.94190001
37.3494987 5.48990011 1.97683334
37.307621 5.51446009 2.05697989
37.3207016 5.41879988 2.2414999
37.3134651 5.7300334 -1.94319999
37.2946205 5.71649981 1.95195997
37.2827988 5.71519995 2.02920008
37.308567 5.90549994 1.74876666
37.3184013 5.9380002 1.84615993
37.2518005 5.96759987 2.33069992
37.3614006 6.1546998 -2.01090002
37.3886986 6.10230017 1.77260005
37.2341003 6.24450016 -2.0092001
37.2782326 6.28556681 -1.90786672
37.2663994 6.34891653 -1.7313
37.2626495 6.31497526 -1.44767499
37.2950172 6.32178307 -1.32789993
37.289299 6.34599972 0.348500013
37.2638016 6.29290009 0.413800001
37.3916016 6.36329985 1.73409998
37.357399 6.33409977 1.83700001
37.2552986 6.36940002 4.68489981
37.3666992 6.41949987 -1.88849998
37.2884331 6.46819973 -1.7396667
37.395401 6.4921999 -1.59739995
37.3834 6.42019987 0.334699988
37.2957993 6.54904985 0.971300006
37.2854767 6.54854965 1.11734998
37.2593994 6.55189991 1.2658999
37.3403473 6.51869965 1.72985005
37.3397675 6.5218668 1.84423339
37.2944756 6.55912495 3.88887501
37.2448006 6.53252506 4.55175018
37.2109985 6.58890009 4.60440016
37.2293015 6.62779999 -1.12059999
37.3311996 6.66627502 -0.896224976
37.3320656 6.68516684 -0.697466671
37.2742004 6.71070004 -0.543150008
37.3144989 6.72069979 -0.30066666
37.2675171 6.71576691 -0.096950002
37.2914352 6.69796658 0.136299998
37.359848 6.63675022 0.259750009
37.2695999 6.78289986 0.938199997
37.293499 6.60780001 1.16779995
37.3445663 6.71116686 1.75370002
37.3070984 6.62360001 1.88150001
37.2439003 6.70200014 3.82809997
37.2513504 6.70365 4.52635002
37.2819252 6.75194979 4.67234993
37.3214989 6.93520021 0.0961000025
37.3402481 6.89315033 0.791750014
37.3065758 6.93265009 0.92337501
37.3289986 6.96099997 1.52030003
37.3763809 6.85868025 1.65892005
37.3341522 6.90035009 2.04890013
37.2610016 6.8512001 3.34050012
37.3042145 6.92224979 4.52443314
37.3282013 7.09532499 0.922625005
37.3700981 7.00629997 1.00530005
37.27005 7.13304996 1.65895009
37.3099976 7.14907503 4.51249981
37.3128014 7.12790012 5.01490021
37.2672997 7.20839977 0.863600016
37.3619003 7.29430008 1.04149997
37.2408981 7.24595022 1.87779999
37.2897987 7.27143335 4.51776648
37.3455009 7.38310003 4.67609978
37.2736015 7.39279985 5.55779982
37.3023987 7.57649994 0.961300015
37.3234673 7.57796669 1.0655334
37.2897034 7.5618 1.71335006
37.3171997 7.50040007 2.04979992
37.3159027 7.54304981 2.98694992
37.3244019 7.40210009 3.12159991
37.3075752 7.46385002 4.48412514
37.2804489 7.51070023 5.53775024
37.2402992 7.4295001 5.62340021
37.3398018 7.73180008 0.947000027
37.3087997 7.62459993 1.79639995
37.3945007 7.64639997 2.92129993
37.3801498 7.73089981 4.46714973
37.3772011 7.70709991 5.41069984
37.3385506 7.91180038 0.935000002
37.2476997 7.88899994 2.99029994
37.2472534 7.83939981 4.52869987
37.2756271 8.06207561 0.956099987
37.3478355 8.11536694 4.45916653
37.217701 8.1342001 4.6079998
37.213501 8.24950027 0.707599998
37.3470001 8.20300007 0.851999998
37.3679008 8.43949986 3.00239992
37.2658005 8.52810001 4.12120008
37.3498993 8.40849972 4.29290009
37.2983017 8.7802 2.50679994
37.2817993 8.64820004 4.18009996
37.3557014 8.80930042 4.64289999
37.3473511 9.07304955 2.50274992
37.3792 9.04520035 4.77330017
37.2286987 9.44190025 4.72590017
37.4151993 0.178499997 -1.7112
37.4796982 0.331099987 -1.74070001
37.4549026 0.650725007 -1.75660002
37.446701 0.816500008 -1.75010002
37.4352989 1.13759995 -1.77499998
37.4849014 1.31630003 -1.78299999
37.4948997 1.42194998 -1.77605009
37.5820007 1.79540002 -1.81350005
37.4393997 1.72420001 -1.79180002
37.4504013 1.86919999 -1.80560005
37.5374985 1.89069998 -1.78869998
37.5377998 2.23259997 -1.82050002
37.5688019 2.50279999 -1.81289995
37.5038986 2.77340007 -1.84749997
37.5387993 2.89120007 -1.83969998
37.4970016 3.2743001 -1.87010002
37.5948982 3.74950004 -1.93180001
37.5178986 4.14394999 -1.91135001
37.4165001 4.57959986 -1.94400001
37.5658989 4.69579983 -1.9684
37.4687004 4.87120008 -1.93470001
37.4045982 5.0770998 -1.90980005
37.4625015 5.23210001 -1.95394993
37.4782982 5.28070021 1.92159998
37.4669266 5.30362511 2.11514997
37.5013237 5.51327515 1.95274997
37.4547348 5.49730015 2.04143333
37.4822693 5.63693333 1.93463326
37.4247017 5.96649981 -1.98660004
37.4717026 5.93665028 1.79194999
37.4383774 5.86152506 1.8477
37.4012985 6.19299984 -1.92499995
37.5784988 6.12120008 1.53569996
37.4864006 6.1001668 1.73479998
37.5898018 6.3144002 -2.05660009
37.5271492 6.30964994 -1.89960003
37.4533653 6.35086679 -1.73523331
37.4863968 6.38080025 -1.57560003
37.4712677 6.32693338 -1.29476666
37.4607468 6.2727499 0.359400004
37.4963493 6.3060751 0.945424974
37.5255508 6.3217001 1.1221
37.5214653 6.27549982 1.56490004
37.418251 6.30054998 1.77679992
37.4828491 6.21105003 1.82124996
37.4961014 6.47090006 -1.85150003
37.4848328 6.45513344 -1.75563335
37.4081001 6.43410015 -1.50639999
37.5825996 6.47350025 -1.30279994
37.5864983 6.43830013 -1.12320006
37.4917336 6.53500032 0.263733327
37.5993004 6.48000002 0.923600018
37.4743004 6.56340027 1.08984995
37.4847984 6.45069981 1.67682505
37.4963188 6.53607988 3.9245801
37.5449982 6.62884998 -1.51460004
37.5068512 6.63520002 -1.2471
37.4623337 6.69906664 -1.07879996
37.5217819 6.69411659 -0.92231667
37.4856567 6.6622858 -0.698014259
37.5597992 6.70679998 -0.453099996
37.5037842 6.70318556 -0.309199989
37.4683838 6.74958324 -0.127149999
37.5399246 6.70862484 0.11225
37.5390015 6.72300005 1.1006
37.5466156 6.67956686 1.31431663
37.4811249 6.65019989 1.68260002
37.5654984 6.79879999 4.74510002
37.4000015 6.93979979 0.80369997
37.5918007 6.94519997 1.03139997
37.4053993 6.99090004 1.54089999
37.5067978 6.88635015 1.64085007
37.5681992 6.83440018 1.91949999
37.4813004 6.83925009 2.10535002
37.4454002 6.89779997 4.55259991
37.5312996 6.90926647 4.69753313
37.4445 6.99849987 4.90859985
37.5307503 7.04174995 0.122649997
37.4306984 7.14300013 1.08399999
37.5688019 7.0163002 1.29610002
37.4692001 7.06419992 4.57359982
37.5630493 7.0883503 4.6402998
37.449501 7.02839994 5.07189989
37.4708023 7.32390022 1.10419989
37.5197411 7.2881999 3.08127999
37.4303017 7.27860022 3.59080005
37.5527992 7.28270006 4.31409979
37.5018654 7.34446669 4.5048666
37.480751 7.25664997 4.64805031
37.5318985 7.21589994 5.13850021
37.5234985 7.55369997 0.9921
37.5153503 7.52320004 4.30905008
37.4653015 7.41429996 4.55509996
37.4674988 7.76679993 0.986000001
37.4152985 7.77759981 1.09860003
37.5383987 7.6552 4.3815999
37.4584999 7.78770018 4.46390009
37.5311012 7.95319986 0.791400015
37.4894333 7.85963345 0.917366624
37.4464989 7.90959978 1.00419998
37.4958 7.88257504 4.47310019
37.5802002 8.02130032 0.914200008
37.5032005 8.12549973 3.0158999
37.4880981 8.12100029 4.37029982
37.4987335 8.11126709 4.52323341
37.526001 8.39179993 2.50769997
37.5060005 8.31184959 4.10815001
37.5368004 8.2711668 4.32006693
37.5184669 8.28306675 4.46073341
37.5082016 8.58010006 2.53430009
37.4892998 8.58380032 4.14820004
37.4844017 8.46389961 4.20020008
37.4954987 8.49330044 4.43270016
37.587101 8.54740047 4.63859987
37.5271988 8.56680012 5.23199987
37.5068016 8.72369957 4.4994998
37.4313011 9.28530025 4.72300005
37.5937004 9.51189995 1.9921
37.4584007 9.40190029 2.01740003
37.5401993 9.76280022 1.95459998
37.7901993 0.0549000017 -1.7608
37.6683006 0.327833354 -1.74403334
37.6315994 0.549300015 -1.77310002
37.6001015 0.801800013 -1.773
37.7647018 1.10210001 -1.77664995
37.6647491 1.24779999 -1.7744
37.7461014 1.52520001 -1.79363334
37.7229996 1.67589998 -1.79330003
37.672699 1.83030009 -1.80649996
37.7086983 1.88409996 -1.78170002
37.7784996 2.10949993 -1.80649996
37.669899 2.32319999 -1.83109999
37.6649017 2.2118001 -1.79190004
37.7997017 2.42350006 -1.84029996
37.6486969 2.70825005 -1.84235001
37.6055984 2.93400002 -1.83879995
37.6150017 3.31110001 -1.88039994
37.6776009 3.74819994 -1.90170002
37.7797012 3.83389997 -1.87129998
37.7536011 4.52099991 -1.93859994
37.7681007 5.10029984 -1.96280003
37.6725006 5.47139978 -1.97179997
37.6589012 5.60879993 -2.0007
37.6386986 5.70979977 -1.995
37.6996002 5.74800014 1.82780004
37.7134476 5.93489981 -2.02675009
37.6763992 5.98750019 1.17980003
37.7785988 5.95720005 1.23790002
37.7156563 5.90385723 1.87008572
37.781601 5.91179991 2.00699997
37.7292786 6.09297991 1.10179996
37.7715988 6.13019991 1.31439996
37.665802 6.08139992 1.76450002
37.7424011 6.02689981 1.84879994
37.6237984 6.30749989 -2.0947001
37.7724991 6.29864979 -1.93970001
37.7625999 6.33820009 -1.72730005
37.6662979 6.37755013 -1.44774997
37.7465019 6.33066654 -1.34443331
37.7736015 6.2171998 0.374300003
37.7356491 6.24835014 1.09054995
37.6329498 6.30990028 1.71375
37.6589012 6.20249987 1.81620002
37.7164001 6.45410013 -1.82655001
37.7335014 6.41039991 -1.64520001
37.7460747 6.40737486 -1.52902496
37.7052345 6.42796659 -1.3039
37.7436981 6.46689987 0.244900003
37.6828003 6.45050001 0.988699973
37.7170982 6.48880005 1.08249998
37.7514992 6.54220009 1.20669997
37.6866989 6.55870008 1.71010005
37.6595345 6.55263329 3.88916659
37.7509995 6.73750019 -1.87440002
37.6959 6.65290022 -1.47210002
37.6194 6.66169977 -1.38160002
37.6709328 6.64683342 -1.09586668
37.731266 6.72173357 -0.85193336
37.6738319 6.63626671 -0.6778
37.6856003 6.72919989 -0.501766682
37.7275009 6.70445013 -0.294699997
37.7232399 6.69267988 -0.0942000002
37.7321472 6.63364983 0.188650012
37.6990013 6.78609991 0.996399999
37.6725655 6.64489985 1.07679999
37.7053986 6.6550498 1.33570004
37.7037735 6.66935015 1.65637493
37.7691994 6.78970003 4.76394987
37.6697998 6.78630018 4.8512001
37.7697983 6.85510015 0.101599999
37.7565994 6.88530016 1.0654
37.7228012 6.80835009 1.57489991
37.6236992 6.86810017 1.62759995
37.759201 6.82550001 1.87409997
37.7133675 6.94158363 4.69285011
37.7467003 6.85489988 4.8130002
37.7866974 7.11009979 3.06914997
37.6427002 7.05730009 4.59749985
37.701313 7.08541441 4.63888597
37.6864014 7.21955013 1.18050003
37.7914009 7.32889986 3.0236001
37.6367493 7.35634995 4.11495018
37.7313995 7.30396652 4.29753304
37.6826324 7.31733322 4.52883339
37.7291489 7.24634981 4.67074966
37.6948662 7.55323315 1.06733334
37.6100006 7.49300003 1.44360006
37.6500015 7.53259993 2.96510005
37.7202988 7.49549961 3.05784988
37.6844254 7.44885015 3.28660011
37.6651001 7.51786661 4.35113335
37.6829529 7.52270031 4.4928503
37.687233 7.73379993 0.925599992
37.6576004 7.73023319 1.01476669
37.7261505 7.67459965 2.92460012
37.7021675 7.69199991 4.50530005
37.6915016 7.73969984 4.98729992
37.6721649 7.91896677 0.95569998
37.7027016 7.86499977 1.01559997
37.7154999 7.99209976 2.74659991
37.7080002 7.95790005 2.94090009
37.7186012 7.91750002 4.87440014
37.725853 8.01399994 0.960950017
37.7597008 8.11600018 2.99250007
37.7438011 8.14820004 4.53859997
37.6465988 8.00010014 4.97289991
37.712265 8.02899933 5.34499979
37.771801 8.20860004 2.54579997
37.7447014 8.23659992 2.63150001
37.7586517 8.36745071 3.91760015
37.6179314 8.34106636 4.13966656
37.6580505 8.24225044 4.25990009
37.7947006 8.22480011 4.6486001
37.696701 8.53416634 4.07743359
37.7105026 8.49510002 4.23999977
37.6428986 8.52330017 5.11870003
37.6950989 8.69760036 2.09610009
37.6542015 8.63990021 2.98329997
37.614399 8.69130039 3.08389997
37.6803017 8.98270035 4.70499992
37.6363983 9.00049973 4.65460014
37.7049026 9.86464977 1.94389999
37.6445007 9.88230038 3.7586
37.719101 10.0957003 1.86500001
37.6413002 10.2453003 1.80980003
37.8167992 0.104099996 -1.73409998
37.8739014 0.330599993 -1.75689995
37.8810349 0.716733336 -1.76526666
37.9124985 0.828700006 -1.77320004
37.9060516 1.05425 -1.78614998
37.9227982 1.64559996 -1.80869997
37.9438019 1.84579992 -1.81239998
37.8698997 1.83816671 -1.79613328
37.9418488 2.30410004 -1.81920004
37.8835335 2.49699998 -1.83403325
37.8967018 2.78730011 -1.82920003
37.8611488 3.29530001 -1.88150001
37.8698502 3.5173502 -1.86645007
37.8768005 3.74419999 -1.88950002
37.8031006 3.8197 -1.89610004
37.831768 4.33333349 -1.91846669
37.9580002 4.45020008 -1.91830003
37.8885498 4.69969988 -1.94095004
37.8633003 5.0479002 -2.00399995
37.894001 5.94855022 1.25954998
37.862999 5.93633318 1.91079998
37.9828491 6.09975004 -2.00769997
37.9550018 6.14330006 -1.50819993
37.905201 6.12739992 0.907999992
37.9109344 6.07609987 1.1494
37.8576241 6.32410002 -1.917575
37.9660988 6.37669992 -1.75119996
37.8913002 6.30657482 -1.49147499
37.8862 6.33039999 -1.35380006
37.9166336 6.34463358 0.319033325
37.8753014 6.23530006 0.9727
37.844162 6.31544018 1.12083995
37.9841995 6.4437499 -1.7486999
37.8605003 6.41620016 -1.29990005
37.8878021 6.45235014 1.11755002
37.9048996 6.50566673 1.30873334
37.8802643 6.53613329 1.49699998
37.8782997 6.51730013 1.71689999
37.8488007 6.49669981 1.8477
37.8988991 6.51879978 3.95140004
37.9516678 6.6546998 -1.83573341
37.8083992 6.68489981 -1.22150004
37.8326988 6.68790007 -1.12520003
37.8497238 6.67364979 -0.891924977
37.8429985 6.66909981 -0.71450001
37.8879013 6.63390017 -0.487699986
37.9234657 6.73658323 -0.300633341
37.9270515 6.72930002 -0.1017
37.9357605 6.73572016 0.0917399973
37.9440994 6.69439983 0.269699991
37.8516998 6.60559988 1.05069995
37.8111992 6.69150019 1.56560004
37.8398018 6.63983345 1.8536334
37.8172989 6.7013998 3.82489991
37.9061012 6.76380014 4.7347002
37.8708992 6.75330019 4.82340002
37.8595963 6.82945013 1.10695004
37.8205986 6.86079979 1.5223
37.9086494 6.90999985 1.85175002
37.9428482 6.86224985 2.05964994
37.8751793 6.93707991 4.71295977
37.8810501 6.8281498 4.91374969
37.9819489 7.10824966 1.06270003
37.8633995 7.16310024 4.58625031
37.9472313 7.09259987 4.69973326
37.8597984 7.09119987 4.80490017
37.9999008 7.39799976 1.06040001
37.8047981 7.2585001 3.01789999
37.9756012 7.32119989 3.24499989
37.8782616 7.30410004 4.52096033
37.8897247 7.26687527 4.71969986
37.8744507 7.50740004 0.968549967
37.9007988 7.53556681 1.03380001
37.9012985 7.48099995 1.21440005
37.9330521 7.55859995 3.11625004
37.8515015 7.49170017 3.24259996
37.8899994 7.55350018 4.51800013
37.980999 7.52110004 4.65719986
37.9200516 7.46570015 5.05740023
37.9844017 7.64989996 0.799099982
37.8845978 7.66664982 0.90745002
37.822052 7.65859985 1.02294993
37.9314651 7.69628334 4.50003338
37.8666 7.6427002 4.7874999
37.8778 7.62349987 5.19189978
37.9445992 7.8579998 0.810400009
37.8572006 7.91099977 2.99979997
37.8725014 7.90819979 3.00340009
37.8401985 7.83400011 4.37400007
37.8979988 7.98320007 4.41930008
37.8264999 7.99900007 4.80179977
37.8223991 7.96449995 5.17859983
37.851799 8.09290028 2.52259994
37.8403015 8.0909996 4.11569977
37.9001999 8.07119942 4.27764988
37.8595009 8.06215 4.74515009
37.9564514 8.34684944 2.63915014
37.8436012 8.25553322 3.06646681
37.8609505 8.31855011 4.10010004
37.8214989 8.31439972 4.66279984
37.8142014 8.29290009 5.77899981
37.8353004 8.51669979 4.17379999
37.9190979 8.47609997 4.30134964
37.8986015 8.74870014 2.19580007
37.8353996 8.65709972 2.95910001
37.8703995 8.78110027 5.53149986
37.9129982 8.94960022 4.88920021
37.9953995 8.86999989 5.16109991
37.8251991 9.37040043 5.54829979
37.9854012 9.93280029 1.972
37.8872986 9.98869991 2.0395
37.9606018 9.99530029 2.58649993
37.8549995 10.0139999 1.91040003
37.8848991 10.0604 4.2342
37.8945999 10.3045998 4.27390003
38.1259003 0.0879999995 -1.74310005
38.0976334 0.255299985 -1.74573338
38.1242981 0.520400047 -1.7802999
38.1623993 0.659799993 -1.76760006
38.1562996 0.825800002 -1.78610003
38.0568008 1.7852 -1.82019997
38.1486015 1.80869997 -1.82070005
38.0125008 2.11919999 -1.82620001
38.0671997 2.26239991 -1.8448
38.0535011 2.47729993 -1.84360003
38.1463013 2.62039995 -1.86720002
38.1632996 3.79349995 -1.91919994
38.0353012 3.85509992 -1.93139994
38.073349 4.33214998 -1.94054997
38.0349998 4.40950012 -1.93270004
38.1253967 4.68970013 -1.91759992
38.126667 5.23079967 -1.96869993
38.0354996 5.59509993 -2.03550005
38.0940323 5.65213346 -2.02690005
38.0713005 5.76709986 1.3283
38.1557999 5.8446002 -2.03590012
38.0872498 5.90829992 1.13330007
38.1122131 5.90288591 1.27384281
38.172699 5.99669981 1.45179999
38.0998001 5.86889982 1.79509997
38.1035004 6.0697999 -1.8986001
38.1232414 6.10733986 1.12600005
38.0648003 6.09503317 1.30136669
38.1554985 6.20550013 -2.00690007
38.12006 6.32344007 -1.90711999
38.138401 6.3519001 -1.74199998
38.0209503 6.35305023 -1.49775004
38.1091309 6.37820005 -1.36479998
38.1327324 6.28686666 0.366299987
38.1985016 6.25309992 0.999800026
38.1469727 6.31014299 1.0991286
38.0830002 6.28785038 1.26454997
38.1175003 6.23140001 1.42359996
38.0218658 6.46759987 -1.8495667
38.0643654 6.51633358 -1.72333336
38.1943016 6.5948 -1.21630001
38.1038017 6.50309992 0.264750004
38.1095238 6.49002504 1.08072495
38.0699501 6.51615 1.31844997
38.1185989 6.45270014 1.53129995
38.1417999 6.52524996 3.90547514
38.0788994 6.66650009 -1.25769997
38.0811005 6.66650009 -1.07980001
38.0908661 6.66960001 -0.906133354
38.08638 6.68395996 -0.70036
38.1659508 6.73484993 -0.530449986
38.1240997 6.73865032 -0.309199989
38.0182991 6.73839998 -0.145866662
38.1082001 6.65436649 0.108999997
38.1046982 6.67315006 0.247200012
38.0217018 6.70636654 1.06306672
38.0265999 6.83169985 0.999899983
38.1759491 6.86994982 1.05299997
38.1254005 7.10615015 1.06427503
38.0811996 7.39589977 0.992299974
38.1542015 7.35690022 1.04030001
38.1245651 7.35766649 3.17366672
38.0293999 7.31459999 3.2902
38.0824509 7.37689972 4.67150021
38.0438995 7.53450012 0.980300009
38.1315994 7.46179962 1.03034997
38.148201 7.5369997 3.16125011
38.1627007 7.77479982 0.834100008
38.1394501 7.68639994 3.12240005
38.1800003 7.79050016 4.39389992
38.0570183 7.68024015 4.48010015
38.1433983 7.90980005 2.37529993
38.075798 7.91890001 3.06445003
38.1205521 7.8201499 4.47354984
38.0430984 7.92490005 5.00320005
38.1595001 8.1590004 2.13649988
38.1439018 8.08720016 2.97329998
38.155098 8.04545021 3.03489995
38.0736351 8.12849998 4.29069996
38.1481018 8.32759953 2.80879998
38.0356979 8.45170021 3.01285005
38.0656013 8.54629993 4.01469994
38.0976982 8.51369953 4.24049997
38.0242996 8.50195026 4.57695007
38.0990982 8.4368 4.68889999
38.152401 8.6953001 2.19339991
38.0718002 8.85050011 5.69439983
38.0652008 9.13099957 5.3987999
38.0040016 9.05780029 5.49569988
38.0574989 9.21580029 1.97280002
38.1640015 9.31739998 5.37080002
38.0910988 9.51049995 2.04229999
38.0407982 9.79409981 1.97019994
38.0307007 9.69979954 5.33199978
38.0037994 9.99009991 1.96270001
38.0488014 10.1921997 1.89090002
38.1143341 10.2817001 1.90190005
38.1938019 10.2308998 2.14269996
38.1292992 10.2732 4.12930012
38.1711998 11.3048 2.59489989
38.301651 0.0965000018 -1.75090003
38.2850266 0.270850003 -1.764575
38.2563019 0.521049976 -1.76359999
38.3328018 0.607800007 -1.80719995
38.3270988 0.643100023 -1.76129997
38.3129654 0.888733327 -1.77919996
38.3462982 1.27680004 -1.79799998
38.2823982 1.42040002 -1.82449996
38.2638016 1.46220005 -1.79649997
38.3429031 1.70729995 -1.8283
38.3127518 1.89460003 -1.81990004
38.280201 2.05789995 -1.82659996
38.2982483 2.30770016 -1.83445001
38.3602982 2.59949994 -1.85739994
38.2742653 2.74806666 -1.84809995
38.2287521 2.92024994 -1.88279998
38.3580017 3.19689989 -1.87300003
38.3307991 3.28396654 -1.89596665
38.2234993 3.70679998 -1.8664
38.2864494 3.86100006 -1.92895007
38.3292007 4.37130022 -1.94369996
38.2277985 4.57110023 -1.94659996
38.2558517 4.70160007 -1.95429993
38.2999992 5.15740013 -1.97920001
38.3578987 5.20790005 -1.96700001
38.3900986 5.76900005 1.10459995
38.2950592 5.75127983 1.26927996
38.308445 5.92552853 1.13954282
38.2510986 5.88133335 1.2209667
38.3322983 6.17430019 -1.99919999
38.3002243 6.0875001 1.09175003
38.2765007 6.08669996 1.30130005
38.28685 6.34544992 -1.88540006
38.2966232 6.34607506 -1.73922503
38.2882996 6.39820004 -1.43200004
38.3224487 6.34654999 -1.33315003
38.2931175 6.31760025 0.32736665
38.3167992 6.24884987 0.972249985
38.3535538 6.25529957 1.0167501
38.2831001 6.20679998 1.24170005
38.2584534 6.40674973 -1.47504997
38.311367 6.45361662 -1.27765
38.3384018 6.43009996 0.286900014
38.2552986 6.47049999 1.06620002
38.2493668 6.46486664 3.88923335
38.2398987 6.6697998 -1.45319998
38.3173332 6.69146681 -1.07296669
38.3403587 6.67963982 -0.960380018
38.2931328 6.71313334 -0.693166673
38.2914009 6.69262505 -0.511274993
38.286602 6.72073317 -0.294166684
38.311451 6.74095011 -0.171600014
38.3029022 6.74847507 0.10035
38.2322998 6.65280008 0.231399998
38.2786484 6.63189983 1.04495001
38.2554016 6.61670017 3.81030011
38.3246994 6.80109978 0.0542000011
38.3207016 6.8993001 0.994599998
38.260601 7.06689978 0.151800007
38.3313675 7.04603338 1.04903328
38.2897987 7.37519979 0.951499999
38.2300491 7.30700016 1.04684997
38.2698746 7.51990032 0.96570003
38.3294983 7.58459997 1.01890004
38.2881584 7.70205736 0.899714291
38.3111992 7.65135002 1.04789996
38.2938995 7.70113325 3.11890006
38.3185997 7.8448 0.7597
38.3694992 7.92600012 2.17499995
38.3372498 7.84520006 2.25869989
38.3081017 7.88045025 3.11350012
38.3314972 8.37535 2.56619978
38.2566986 8.2439003 4.47770023
38.2897987 8.37730026 4.71190023
38.3969002 8.50710011 2.78390002
38.2553482 8.50759983 3.95679998
38.3611984 8.50259972 4.07040024
38.2108002 8.42099953 4.61350012
38.3252983 8.64920044 2.1789
38.2024994 9.1267004 5.29470015
38.2543983 10.1983995 1.97280002
38.2317009 10.1344004 2.05439997
38.2224007 10.3042002 1.8556
38.5978012 0.101400003 -1.76849997
38.5367355 0.324699998 -1.76760006
38.4864998 0.783800006 -1.79990005
38.4407997 0.82069999 -1.76919997
38.4447021 1.31476665 -1.80696666
38.5074997 1.38429999 -1.79509997
38.4682999 1.58580005 -1.85080004
38.5279999 1.92079997 -1.83344996
38.5629654 2.29320002 -1.85103333
38.539299 2.55159998 -1.87345004
38.5115509 2.78964996 -1.87709999
38.5443001 2.95519996 -1.90600002
38.4918327 3.1013 -1.90063334
38.5458527 3.24625015 -1.91164994
38.4824982 3.75075006 -1.91929996
38.4257011 3.90249991 -1.95309997
38.4562988 4.27674961 -1.96074998
38.4147987 4.5479002 -1.98269999
38.4168015 4.8671999 -1.95210004
38.4047012 5.12540007 -1.97819996
38.4392014 5.59119987 -2.0092001
38.4738007 5.76259995 -1.99880004
38.5155487 5.78569984 1.23285007
38.5974007 5.93349981 -1.99730003
38.4842529 5.9232502 1.1444
38.5034409 5.86745977 1.26543999
38.507061 6.07953978 1.05454004
38.5644989 6.27235031 -2.05744982
38.4976006 6.29798555 -1.89212859
38.4917183 6.36398029 -1.70537996
38.4592018 6.27780008 -1.56019998
38.4431992 6.3973999 -1.24539995
38.4776344 6.29723358 0.345233321
38.4968987 6.2031002 0.428900003
38.4328003 6.26324987 0.927299976
38.5383987 6.28779984 1.0570333
38.4984016 6.46509981 -1.83749998
38.4532013 6.48509979 -1.51329994
38.5408783 6.50932026 -1.14637995
38.5188484 6.46609974 0.282050014
38.5385017 6.41760015 0.843100011
38.458252 6.41760015 1.05824995
38.5435982 6.53760004 1.94099998
38.4719238 6.53452492 3.85525012
38.5168991 6.66709995 -1.25890005
38.5039482 6.66890001 -1.13129997
38.5031738 6.6784749 -0.907525003
38.5215988 6.67793322 -0.69173336
38.5172997 6.6861496 -0.497649997
38.537899 6.68472528 -0.296875
38.4717979 6.71243334 -0.0848666653
38.490799 6.69469976 0.0848399997
38.4706001 6.6262002 0.204999998
38.5998001 6.6427002 0.726400018
38.5275497 6.71530008 0.914499998
38.4417 6.69262505 1.06442499
38.5826988 6.73000002 1.98339999
38.5712013 6.69764996 2.10244989
38.5573006 6.78950024 2.26480007
38.5705986 6.62510014 3.88100004
38.4912033 6.90500021 0.121250004
38.5087662 6.91241646 0.946200013
38.4986496 6.8734498 1.05770004
38.4103012 6.90490007 2.1256001
38.5545006 6.98339987 2.20860004
38.4289017 7.07180023 0.105499998
38.5221024 7.06424999 0.933600008
38.5786514 7.12729979 1.69880009
38.5651741 7.10702515 1.867275
38.5634346 7.09066677 2.02793336
38.4735985 7.38019991 3.40380001
38.530201 7.5078001 0.895299971
38.4398994 7.55679989 1.02119994
38.4174995 7.5939002 3.1479001
38.4850502 7.64804983 0.776849985
38.4668312 7.65386677 0.915799975
38.4653244 7.69412518 1.04282498
38.5349007 7.72214985 2.24740005
38.4835014 7.81960011 1.14559996
38.4850655 7.94733334 3.16913342
38.4905014 7.87900019 3.21819997
38.5584984 8.14700031 2.83310008
38.5437012 8.06579971 4.24620008
38.5 8.38409996 4.19259977
38.4068985 8.41460037 4.0619998
38.5778999 8.61470032 2.39630008
38.4701004 8.97970009 3.59100008
38.483799 9.19900036 1.98720002
38.4323006 9.01420021 3.39949989
38.5000992 9.44859982 3.86159992
38.5251007 10.1001997 2.80060005
38.6902008 0.0675000027 -1.76440001
38.6769676 0.305366665 -1.77456665
38.7101021 0.485300004 -1.77056658
38.764801 0.614799976 -1.8039
38.6605492 0.768149972 -1.79044998
38.7560997 0.824500024 -1.80159998
38.6722984 1.18359995 -1.82169998
38.6907654 1.31110001 -1.82099998
38.6999512 1.46825004 -1.82194996
38.6077003 1.49679995 -1.79390001
38.660099 1.70140004 -1.82430005
38.7136002 1.88380003 -1.83964992
38.649601 2.02629995 -1.85189998
38.7318687 2.28966665 -1.85643327
38.7382011 3.36824989 -1.91630006
38.6246986 4.26090002 -1.95299995
38.7691994 4.74615002 -2.02110004
38.6164017 4.72230005 -1.9756
38.7293015 4.99970007 -1.99940002
38.6708984 5.22749996 -1.99119997
38.7946014 5.41800022 -1.96430004
38.7607994 5.94080019 -1.45659995
38.6992989 5.95607519 1.10095
38.6314011 5.88390017 1.29373336
38.7181015 6.19740009 -2.05119991
38.7022667 6.08756638 1.1013
38.7389984 6.02059984 1.24300003
38.6240997 6.26879978 -2.00119996
38.7376671 6.27176666 -1.9163667
38.7659492 6.34420013 -1.72169995
38.6971397 6.33374023 -1.49083996
38.6879654 6.29891682 -1.32331669
38.6687012 6.38770008 -0.865100026
38.7310486 6.36654997 0.306149989
38.7122993 6.23360014 0.411300004
38.6698189 6.31788015 1.06312001
38.7412491 6.42374992 -1.90404999
38.6811485 6.48110008 -1.29419994
38.681324 6.55154991 -1.15052497
38.6441002 6.44110012 -0.699699998
38.7010498 6.59579992 -0.282199979
38.7341995 6.45190001 0.305099994
38.703167 6.48346663 0.94993335
38.6358986 6.40439987 1.07949996
38.6309738 6.56799984 2.08962512
38.6908989 6.53629971 3.86929989
38.6231003 6.62489986 -1.60450006
38.6202011 6.68534994 -1.28030002
38.6649513 6.65374994 -1.12092495
38.631897 6.64305019 -0.895650029
38.7008514 6.64140034 -0.754799962
38.6873817 6.67496014 -0.497419983
38.7578011 6.66650009 -0.327699989
38.6318512 6.70090008 -0.145099998
38.6938553 6.70581436 0.129471436
38.6546021 6.65235043 0.218500003
38.6532784 6.70824003 0.892759979
38.6167984 6.79500008 1.03209996
38.7007256 6.69330025 1.95552492
38.6806488 6.70047474 2.12912512
38.6343498 6.76859999 2.30079985
38.7949982 6.72830009 2.74880004
38.6064987 6.65049982 3.81960011
38.6118011 6.80189991 0.1171
38.6383514 6.85865021 0.942100048
38.7121506 6.87382507 1.05357504
38.7209854 6.92740011 1.92166245
38.677639 6.92840004 2.07467985
38.7596016 6.83949995 2.72440004
38.7887001 6.82119989 2.86179996
38.7620506 6.93459988 3.33964992
38.733799 6.8585 3.43370008
38.760601 7.0612998 0.0467000008
38.7258987 7.07840014 0.893299997
38.7653999 7.1704998 1.08340001
38.7028008 7.03859997 1.4023
38.7610016 7.13530016 1.79789996
38.6581001 7.05543327 1.92480004
38.6607971 7.0392499 2.0541501
38.7322998 7.08379984 3.18560004
38.7349281 7.09305716 3.27971435
38.7092018 7.05870008 5.09829998
38.6755981 7.38009977 0.996599972
38.678299 7.30920029 1.70560002
38.7192993 7.22609997 3.29920006
38.6694412 7.55690002 0.897142828
38.6302986 7.59899998 1.01049995
38.7243004 7.44019985 1.55949998
38.7223511 7.55354977 4.78215027
38.6799011 7.56463337 4.85026693
38.7308998 7.67460012 0.784699976
38.6564331 7.66650009 0.896766663
38.7467003 7.70580006 2.70709991
38.723835 7.7104001 4.7026
38.7118988 7.64249992 4.8263998
38.6800995 7.97949982 4.19540024
38.7451019 7.97765017 4.8687501
38.7421989 8.02999973 2.65030003
38.7226219 8.1648798 4.10130024
38.7616997 8.14649963 4.7560997
38.7984009 8.32260036 2.4361999
38.7145996 8.20689964 4.11950016
38.7005997 8.36530018 4.25250006
38.7223015 8.22729969 4.71140003
38.7383003 8.50899982 3.33710003
38.6281013 8.46809959 4.11339998
38.6672516 8.67020035 3.37004995
38.6889496 8.95610046 2.07224989
38.6255989 8.90400028 2.22749996
38.7186966 8.85910034 3.73444986
38.6587982 8.88570023 4.0795002
38.7481995 9.17749977 3.28570008
38.6377983 9.43420029 1.95140004
38.83675 0.320150018 -1.78900003
38.9146996 0.731599987 -1.7950666
38.9263 1.1789 -1.82029998
38.9272003 1.36000001 -1.81519997
38.9046478 1.51874995 -1.84689999
38.8333511 1.85205007 -1.84860003
38.9365997 2.19720006 -1.85119998
38.9578018 2.48230004 -1.87094998
38.9802017 2.91645002 -1.88540006
38.9257507 3.23519993 -1.90700006
38.9361496 3.50489998 -1.93494999
38.8902016 3.82380009 -1.93859994
38.8021011 4.63980007 -1.97889996
38.9457016 5.17369986 -1.98539996
38.8666992 5.33690023 -2.04460001
38.8744507 5.45214987 -2.02419996
38.9538002 5.78429985 -2.07509995
38.8023987 6.14919996 1.15869999
38.982399 6.2986002 -2.0309
38.9445 6.29920006 -1.89999998
38.9054756 6.36797523 -1.68580008
38.8826485 6.33669996 -1.48039997
38.8923264 6.37479973 -1.34957504
38.9300003 6.38329983 -1.18840003
38.8628998 6.34213305 0.320733339
38.8846016 6.42990017 -1.89929998
38.9399986 6.43639994 -1.31009996
38.9360008 6.52890015 0.232700005
38.8881989 6.53189993 0.832000017
38.8411484 6.53005028 1.17299998
38.8773003 6.59959984 2.79710007
38.9734001 6.59549999 2.80209994
38.9038811 6.52579975 3.92183995
38.9379005 6.68200016 -1.81879997
38.8586998 6.74503326 0.128166676
38.8194008 6.64179993 1.13510001
38.8406982 6.61870003 1.23570001
38.8927002 6.69533348 1.95453334
38.8802986 6.73210001 2.25749993
38.8914986 6.69397497 2.718225
38.8931999 6.7427001 2.9003334
38.8378983 6.94710016 1.15094995
38.9361 6.94659996 1.3053
38.9550018 6.87949991 1.76750004
38.9054985 6.90654993 1.941625
38.8970985 6.8435998 2.11389995
38.918602 6.8843751 2.70679998
38.83815 6.9920001 3.32415009
38.9479523 6.97935009 3.43744993
38.9373398 6.90644026 5.10364008
38.9296684 6.88770008 5.32283354
38.8249016 7.09159994 1.79489994
38.9018021 7.12010002 3.22959995
38.9118996 7.0152998 4.99490023
38.9830017 7.25640011 1.37189996
38.9393005 7.28495026 1.52515006
38.8367004 7.3277998 1.77090001
38.9980011 7.31720018 2.04040003
38.9623985 7.22849989 3.19370008
38.8144989 7.22039986 3.22049999
38.9368744 7.30284977 5.08405018
38.9095001 7.42420006 1.43280005
38.9104004 7.48223305 2.67193341
38.8009987 7.57480001 4.78739977
38.9020996 7.47510004 4.93100023
38.9580994 7.44299984 5.00220013
38.9081993 7.67108583 4.69808578
38.8887482 7.60274982 4.86470032
38.9375 7.92030001 2.51760006
38.8759995 7.95130014 3.97099996
38.8796005 7.94000006 4.73710012
38.9185982 8.15890026 4.1940999
38.9439011 8.14690018 4.31233311
38.9271011 8.06814957 4.47865009
38.8684998 8.14579964 4.77519989
38.9352493 8.27230072 3.97819996
38.9898987 8.24450016 4.05840015
38.9915009 8.2322998 4.30900002
38.8451996 8.48429966 2.27270007
38.8935013 8.54940033 3.35899997
38.9445 8.45670033 3.53760004
38.9813995 8.59759998 3.97779989
38.9151993 8.69099998 3.7901001
38.8340988 8.70820045 3.88809991
38.9682999 8.94209957 3.34809995
38.9129982 9.07559967 3.12310004
39.0537987 0.0344999991 -1.77559996
39.1190491 0.329150021 -1.79130006
39.1014481 0.504149973 -1.80524993
39.0059013 0.532800019 -1.79390001
39.1034584 0.708779991 -1.81414008
39.1365509 0.935949981 -1.82005
39.0944519 1.09404993 -1.82354999
39.0886993 1.13530004 -1.79719996
39.1070251 1.29725003 -1.82875001
39.0740013 1.4052 -1.84809995
39.0568008 1.76629996 -1.84019995
39.1137505 1.9073 -1.84745002
39.0990982 2.10415006 -1.87469995
39.1214333 2.26846671 -1.87849998
39.0915756 2.74909997 -1.898175
39.1056976 2.83095002 -1.87574995
39.1352997 3.16120005 -1.90480006
39.1676025 3.27225018 -1.91645002
39.1332016 3.55609989 -1.94630003
39.1729507 3.77804995 -1.95904994
39.1739006 3.87409997 -1.91910005
39.1432991 4.31239986 -2.00209999
39.0567017 4.24770021 -1.96329999
39.1222992 4.60640001 -1.99259996
39.0898018 4.95709991 -2.02620006
39.1904984 4.87720013 -1.99389994
39.1829987 5.04960012 -2.01110005
39.1346016 5.4625001 -2.08249998
39.0820999 6.11359978 -2.03439999
39.1120987 6.31193352 -1.90856671
39.0458984 6.36534977 -1.69335008
39.1291008 6.34982014 -1.45866001
39.1744003 6.36140013 -1.38310003
39.1446991 6.32285023 4.9531498
39.0663986 6.33220005 5.03809977
39.0178986 6.41830015 -1.81649995
39.0443001 6.41340017 -1.62530005
39.0726013 6.40229988 -1.40320003
39.0217018 6.43930006 -1.27170002
39.1491013 6.59870005 3.0250001
39.1078987 6.51469994 3.91140008
39.1445999 6.56689978 4.73169994
39.1171036 6.48594999 4.88669968
39.021801 6.60710001 -1.56149995
39.1138763 6.69482517 1.93187499
39.1150665 6.74436665 2.08759999
39.0000992 6.69579983 2.71309996
39.1076241 6.671 2.87972498
39.1612015 6.70100021 3.34490013
39.0405998 6.78779984 3.41969991
39.1701012 6.6701498 4.70149994
39.1194992 6.66285038 4.97290039
39.0991592 6.74741983 5.0938201
39.1347008 6.76949978 5.39779997
39.0928993 6.97340012 1.83389997
39.0569 6.86670017 2.05270004
39.1001015 6.88899994 2.65993333
39.1198692 6.91492987 3.30678988
39.1818008 6.86304998 3.44070005
39.0852356 6.93279982 4.95323324
39.0992012 6.88319969 5.05010033
39.0699997 6.81829977 5.35099983
39.0084991 6.84679985 5.43270016
39.1173477 7.08650017 1.88339996
39.1045494 7.12435007 2.64349985
39.0136986 7.11129999 3.26530004
39.1660004 7.02409983 4.77759981
39.1223984 7.12804985 4.89620018
39.0041008 7.04160023 5.13660002
39.1060333 7.24076653 1.32249999
39.1209984 7.39050007 1.68270004
39.0868492 7.28199959 1.91969991
39.1375999 7.20839977 2.58590007
39.0639 7.35599995 2.72950006
39.1671982 7.25465012 4.71635008
39.044548 7.32390022 4.96039963
39.0937004 7.34609985 5.01779985
39.1323242 7.50167513 1.51262498
39.1169014 7.4611001 1.7761333
39.1824989 7.49490023 1.91159999
39.0751991 7.46029997 2.64919996
39.1777 7.52339983 4.51270008
39.0669022 7.56494999 4.89394999
39.1226997 7.4552002 5.01900005
39.1487274 7.67542505 4.31192493
39.1520348 7.68340015 4.50059986
39.0885315 7.7154665 4.68353319
39.1380501 7.8427496 4.50605011
39.1123009 8.1267004 3.95359993
39.0854988 8.12940025 4.33083344
39.1737518 8.14895058 4.5302
39.108551 8.29580021 4.08300018
39.0639992 8.25633335 4.25439978
39.1324501 8.44750023 4.03950024
39.0850983 8.96285057 3.12080002
39.1507988 8.98289967 3.26799989
39.0951996 9.08250046 3.39249992
39.0262985 9.01169968 3.89059997
39.3906021 0.33829999 -1.81209993
39.2097015 0.274899989 -1.79820001
39.3298988 0.689999998 -1.81879997
39.2449989 0.934650004 -1.81980002
39.2575989 1.12240005 -1.82050002
39.2737999 1.24520004 -1.83790004
39.3241997 1.47885001 -1.83509994
39.3214989 1.90173328 -1.86056662
39.2523003 2.16279984 -1.86234999
39.3459015 2.24569988 -1.89400005
39.3008003 2.48760009 -1.88100004
39.2132988 2.60710001 -1.85839999
39.2929497 3.11490011 -1.93114996
39.3642998 3.32470012 -1.94289994
39.2601471 3.75 -1.94645
39.2806015 4.05119991 -1.96985006
39.3137016 4.31110001 -1.99670005
39.3581009 4.4124999 -1.96990001
39.3356018 4.66559982 -2.0244
39.2971992 6.06459999 -2.06130004
39.3654251 6.14397526 1.90120006
39.3539696 6.10553312 2.03579998
39.3520508 6.06454992 5.10992527
39.3530502 6.05119991 5.22420025
39.2888985 6.32213354 -1.91676664
39.2425003 6.35669994 -1.72329998
39.2794991 6.32725 -1.489025
39.3236732 6.3427 -1.28974998
39.2659988 6.35080004 -1.19780004
39.3380508 6.34539986 1.74265003
39.305542 6.31489992 1.90548003
39.3713989 6.26210022 2.00699997
39.3989983 6.33850002 4.18109989
39.3764 6.27120018 4.31650019
39.3470001 6.29440022 4.54090023
39.3045006 6.34850025 4.72730017
39.3708 6.296 4.85949993
39.3317986 6.40600014 -1.85389996
39.3708992 6.42999983 -1.71860003
39.3043518 6.46390009 -1.54040003
39.2638016 6.47325039 -1.24325001
39.2942009 6.47079992 -1.16949999
39.3299332 6.48859978 1.7554667
39.3396988 6.54205704 1.89371431
39.2444344 6.4909668 2.08606672
39.2944641 6.57723331 3.09836674
39.2463493 6.55725002 3.24324989
39.2822189 6.54366016 3.89086008
39.3505516 6.48425007 4.02795029
39.3731499 6.46790028 4.3468504
39.2723999 6.48261976 4.69485998
39.3656006 6.59590006 4.87340021
39.3632011 6.55600023 5.07719994
39.3429985 6.74604988 -1.87849998
39.2578506 6.66317511 1.90330005
39.2084007 6.65439987 2.00259995
39.2876511 6.78909969 2.71519995
39.3182106 6.68518877 2.93731117
39.2984734 6.70271444 3.10834289
39.3745995 6.79939985 4.55749989
39.3292999 6.69155025 4.66454983
39.255764 6.68463326 4.96280003
39.2459488 6.68235016 5.15170002
39.2965012 6.82194996 1.87625003
39.2897987 6.82470036 2.72519994
39.2383995 6.95230007 2.82139993
39.2429008 6.85080004 3.13050008
39.2886009 6.80380011 3.24275017
39.3397522 6.83174992 4.53154993
39.2692986 6.9829998 4.88320017
39.2775993 6.8677001 5.09189987
39.2221985 7.09980011 1.91509998
39.2335014 7.05880022 2.59030008
39.2371979 7.03505039 2.68755007
39.3389015 7.06790018 2.90199995
39.3755989 7.09200001 4.55980015
39.3834 7.05649996 4.63409996
39.2176018 7.0795002 4.81529999
39.207901 7.12010002 5.00150013
39.2028999 7.32289982 1.34909999
39.3650017 7.34450006 1.48039997
39.3838005 7.27720022 2.02509999
39.2593994 7.2585001 3.22169995
39.399601 7.28270006 4.54939985
39.3806496 7.23124981 4.72245026
39.2912674 7.27676678 4.94829988
39.3157501 7.43400002 1.49734998
39.289299 7.50916672 1.6807667
39.3578491 7.47214985 1.91219997
39.2392998 7.52810001 2.04870009
39.3726006 7.49230003 4.22209978
39.3283005 7.54180002 4.54139996
39.2663002 7.58059978 4.66270018
39.3270035 7.48340034 4.89210033
39.2868996 7.70340014 1.49880004
39.3187027 7.7343502 4.16214991
39.2837791 7.70889997 4.29536009
39.2870483 7.69996691 4.51350021
39.2565498 7.7343502 4.61044979
39.3714981 7.89979982 4.15840006
39.2694016 7.88522482 4.34887505
39.3236008 7.91230011 4.47893333
39.3778 7.89109993 4.62709999
39.3608017 8.19810009 4.18580008
39.3855019 8.0401001 4.33620024
39.3596992 8.11380005 4.42409992
39.3369675 8.12543392 5.54309988
39.3017006 8.26580048 4.34245014
39.2546005 8.47220039 3.47609997
39.2807999 8.41390038 4.52199984
39.2533989 8.65950012 4.10360003
39.2252007 8.92809963 2.25629997
39.4860992 0.0967999995 -1.7694
39.4291992 0.2377 -1.78489995
39.5497513 0.698199987 -1.82124996
39.4358482 0.80340004 -1.8175
39.484951 1.16794991 -1.83050001
39.4676514 1.47640002 -1.85520005
39.5377998 1.71475005 -1.86454999
39.4897995 1.81040001 -1.85249996
39.497242 2.28154016 -1.88541996
39.5022011 2.45630002 -1.89909995
39.5722008 2.74889994 -1.88940001
39.550499 2.8282001 -1.92970002
39.5738983 3.19519997 -1.92089999
39.5535011 3.9605999 -1.9878
39.5844498 4.30959988 -1.9681499
39.4263992 4.61609983 -1.98090005
39.550148 4.96679974 2.13499999
39.5531998 4.96939993 2.26810002
39.4996986 5.17210007 -2.04579997
39.5142517 5.10202026 2.10743999
39.4426994 5.05439997 2.28590012
39.5283012 5.23869991 2.10979986
39.5545006 5.28989983 2.24920011
39.4636993 5.58059978 -2.01300001
39.5421677 5.56623316 2.09313321
39.5055008 5.63850021 1.91159999
39.5662994 5.70170021 2.28780007
39.5904999 5.88290024 1.96920002
39.4916534 5.98929977 2.07994986
39.5545502 5.94089985 4.97844982
39.5455017 5.84369993 5.39720011
39.4561005 6.07590008 -2.09120011
39.5190659 6.09469986 1.95659995
39.4236984 6.11259985 2.01830006
39.5105667 6.16906643 4.70625019
39.5344238 6.09982491 4.8895998
39.5062752 6.09679985 5.10825014
39.4108009 6.25570011 -2.28390002
39.4942741 6.29460001 -2.03302503
39.5103989 6.33013344 -1.89606667
39.4686012 6.2578001 -1.66429996
39.4602013 6.35529995 -1.50259995
39.5185509 6.36575031 -1.35969996
39.4971581 6.35826015 1.88470006
39.4867477 6.38070011 4.11539984
39.4593163 6.28266668 4.26480007
39.5199661 6.32838869 4.4789443
39.4993134 6.27254295 4.67920017
39.5466499 6.30914974 4.95664978
39.4516525 6.28060007 5.07044983
39.448101 6.40040016 -1.61399996
39.5761986 6.47720003 -1.56299996
39.4391518 6.47325039 1.74095011
39.4902992 6.4625001 1.82650006
39.448761 6.55041981 3.1252799
39.5086517 6.56655025 3.87164998
39.5311584 6.54408026 4.08328009
39.5136757 6.51259995 4.26714993
39.4982491 6.49701977 4.4993701
39.5076752 6.4465251 4.672575
39.4682007 6.49857521 4.90752506
39.4236984 6.5848999 5.10930014
39.5134506 6.49890041 5.32050037
39.5102997 6.60270023 -1.87829995
39.5183983 6.67299986 -1.28040004
39.4512672 6.75576687 1.8312
39.5432167 6.70918322 2.90021658
39.4764824 6.66903353 3.05828333
39.4763985 6.61240005 3.8822999
39.5323982 6.60830021 4.17609978
39.4920006 6.74684286 4.33419991
39.453228 6.7016716 4.49371433
39.4520683 6.7105999 4.66149998
39.484539 6.69091988 4.9017601
39.5054321 6.68353319 5.07486677
39.4362984 6.69869995 5.29729986
39.5032349 6.90799999 1.73036671
39.4768524 6.87864971 1.8747499
39.5578995 6.97989988 2.79830003
39.5050011 6.9066 2.90919995
39.5083351 6.90706682 4.35386658
39.5114174 6.92626667 4.49416685
39.4799995 6.97649956 4.6586504
39.4860764 6.89424992 4.91112518
39.4962997 6.97274971 6.10439968
39.4761009 7.1171999 1.88170004
39.4411011 7.16909981 2.54725003
39.5018997 7.09200001 2.79270005
39.4692001 7.04180002 2.83109999
39.5456505 7.17659998 4.11604977
39.5080376 7.11371231 4.49513769
39.4968491 7.11514997 4.69274998
39.471035 7.07456684 4.84656668
39.5669479 7.34864998 1.56990004
39.5126495 7.31544971 1.89230001
39.5463181 7.29899979 4.1097331
39.5439491 7.24660015 4.28030014
39.4762993 7.23740005 4.54850006
39.524601 7.26656675 4.72586679
39.4958496 7.2968998 4.87555027
39.4539757 7.47917509 1.73450005
39.4580994 7.52843332 1.9339
39.4858017 7.44019985 2.76850009
39.5318985 7.41529989 2.86199999
39.5074005 7.49807501 4.15492487
39.4875679 7.50309992 4.2791667
39.4905739 7.54195023 4.49909973
39.4758492 7.41485023 4.91265011
39.4345016 7.51359987 5.04879999
39.4905014 7.68030024 4.18489981
39.4809761 7.67337513 4.24189997
39.5223007 7.67385006 4.47433329
39.4401321 7.86593342 1.51216662
39.4521179 7.89244986 4.27130032
39.4552002 8.15429974 3.3289001
39.4840202 8.08979988 4.32607985
39.4272003 8.11699963 4.55089998
39.476635 8.06299973 5.37196684
39.5905991 8.33590031 4.30639982
39.4656982 8.32269955 4.43769979
39.5051003 8.23359966 4.7335
39.5170975 8.56150055 4.08004999
39.5242004 8.64169979 2.72519994
39.4752007 8.69169998 3.91939998
39.5840988 8.70390034 4.22749996
39.5115013 9.16489983 5.3828001
39.5102005 9.14830017 5.41800022
39.4113007 9.27000046 2.91680002
39.5272522 9.26270008 5.34060001
39.7218018 0.0126 -1.80980003
39.6721497 0.315375 -1.81945002
39.7164993 0.76639998 -1.82616663
39.6930008 1.14300001 -1.82439995
39.7074013 1.30023336 -1.8458333
39.7501984 1.77559996 -1.90079999
39.6954002 1.81070006 -1.8664
39.7467995 2.29380012 -1.92390001
39.7110672 2.76020002 -1.92279994
39.6236 3.09809995 -1.90610003
39.7078514 3.30152512 -1.94200003
39.7031021 3.48474979 -1.93994999
39.6753654 3.71406674 -1.96483338
39.7202988 4.37279987 -2.01489997
39.6897507 4.30389977 -1.97915006
39.6455994 4.40299988 -1.98039997
39.6418991 4.76620007 -1.96819997
39.6613998 4.84280014 -2.02670002
39.6248016 4.95539999 2.13870001
39.7053528 5.18179989 2.10804987
39.7492981 5.33990002 -2.00370002
39.7490005 5.38555002 1.93114996
39.643898 5.31744003 2.08579993
39.6521492 5.46255016 1.93505001
39.7015228 5.51393318 2.07310009
39.6845016 5.55819988 2.26859999
39.7057991 5.58160019 2.43039989
39.7319489 5.73544979 1.94869995
39.7330704 5.72962856 2.06111431
39.6156006 5.74310017 2.36220002
39.6822014 5.75489998 5.03709984
39.614399 5.9131999 -2.05369997
39.7206383 5.92280006 1.75396001
39.7131004 5.92301989 1.92079997
39.7154884 5.87718773 2.05982494
39.7266006 5.94350004 4.58549976
39.684166 5.95063305 4.72656679
39.7504005 5.89048338 4.88481665
39.6390991 5.99289989 5.04169989
39.6030006 6.19920015 -1.9777
39.7919006 6.04460001 1.79960001
39.7132492 6.03369999 1.91712499
39.7727013 6.08790016 2.01915002
39.6049004 6.1553998 4.19960022
39.7140007 6.16480017 4.38730001
39.7033005 6.12283993 4.73010015
39.6557999 6.04230022 4.80119991
39.7084999 6.28544998 -2.05544996
39.6963806 6.32439995 -1.94182003
39.7756348 6.37809992 -1.50193334
39.7770996 6.34210014 -1.33920002
39.646801 6.30135012 1.88599992
39.7766991 6.28609991 4.32159996
39.6734009 6.21759987 4.53136635
39.7893982 6.38770008 4.61329985
39.6467514 6.5092001 -1.91444993
39.7480011 6.4428668 -1.69433331
39.6847 6.44676638 -1.48523331
39.6367989 6.45469999 -1.32930005
39.7288017 6.45949984 1.67830002
39.7144012 6.53823328 3.02973342
39.6827507 6.53672504 3.92787504
39.6818008 6.45822477 4.15072489
39.7598 6.54520035 4.28289986
39.6263008 6.5230999 4.63770008
39.6595001 6.67539978 -1.86835003
39.7005005 6.76919985 -1.77750003
39.6144981 6.61509991 -1.52620006
39.6002007 6.6887002 -1.32130003
39.6555481 6.68095016 2.91175008
39.6001015 6.66989994 3.01550007
39.6972008 6.60680008 3.96169996
39.6544991 6.60690022 4.14510012
39.6849022 6.67040014 4.30919981
39.7030487 6.73320007 4.53324986
39.7247009 6.7901001 6.08339977
39.7947998 6.62510014 6.20249987
39.7090988 6.84854984 2.78084993
39.7108002 6.85369968 4.53060007
39.6797981 6.99410009 4.63250017
39.7486 6.9282999 5.7263999
39.7534752 6.93225002 5.91514969
39.6910667 6.9503665 6.13273335
39.7084999 7.10419989 2.67840004
39.638401 7.16039991 4.08230019
39.6605988 7.08790016 4.39309978
39.6673813 7.03406 4.48593998
39.7338409 7.08120012 5.88119984
39.6651993 7.02719975 6.03639984
39.7095985 7.32375002 1.51217508
39.6271019 7.38810015 1.61650002
39.7258987 7.28779984 2.23210001
39.6082993 7.22209978 2.51110005
39.6374016 7.29643345 4.0618
39.7325516 7.2965498 4.70635033
39.7905998 7.29829979 5.4847002
39.6972008 7.45819998 1.73755002
39.7428017 7.41599989 1.81959999
39.7056999 7.47959995 2.86220002
39.608799 7.45660019 3.98639989
39.6692009 7.5703001 4.44929981
39.6512985 7.5532999 4.61639977
39.7103996 7.73763323 4.49403334
39.6242981 7.73449993 4.60050011
39.6002007 7.90950012 4.42929983
39.7300987 7.88780022 4.66409969
39.7105484 8.13164997 4.35925007
39.6873016 8.02859974 4.40269995
39.6753006 8.33279991 4.21700001
39.7655983 8.59440041 4.02390003
39.7686996 8.55650043 4.23409986
39.7108994 8.64249992 3.71020007
39.6372986 8.79819965 4.89090014
39.7322998 8.75399971 5.16419983
39.7321014 8.86019993 3.85870004
39.6804008 9.15569973 5.27839994
39.6021996 9.20580006 5.23010015
39.7843323 9.97593307 0.900600016
39.7570992 9.90263367 1.0478667
39.9536018 0.0179999992 -1.81439996
39.8881989 0.288049996 -1.81669998
39.9947014 0.591400027 -1.82519996
39.9608536 0.745800018 -1.83815002
39.9281502 0.934350014 -1.8369
39.8516998 1.15260005 -1.86559999
39.946701 1.22539997 -1.83850002
39.8734589 1.48187995 -1.85860002
39.9351006 1.74960005 -1.86860001
39.9062996 1.90053332 -1.88616669
39.8446007 2.10339999 -1.89300001
39.9485016 2.34120011 -1.91299999
39.851265 2.46763325 -1.89573336
39.9954987 2.78259993 -1.9404
39.8445015 2.97189999 -1.926
39.8874016 3.00110006 -1.93889999
39.8989029 3.27950001 -1.95050001
39.8907013 3.6874001 -1.99170005
39.9981003 3.96790004 -1.99790001
39.9385986 4.36435032 -2.01940012
39.9700508 4.70600033 -2.03915
39.8632011 4.6869998 -1.99660003
39.9906998 4.88465023 -2.0293498
39.9343033 5.35825014 2.10380006
39.9687996 5.29080009 2.2104001
39.9083481 5.45695019 1.91620004
39.8927765 5.46957493 2.047575
39.8105011 5.49469995 2.20589995
39.9887009 5.58809996 4.3512001
39.8942986 5.56549978 4.83510017
39.9844017 5.61560011 -2.12109995
39.862999 5.75909996 1.76339996
39.8896484 5.70120001 1.92624998
39.9183502 5.70094967 2.01394987
39.8837013 5.68926668 4.3307333
39.9718018 5.7493 4.74350023
39.8359985 5.99889994 -2.0638001
39.8023987 5.94379997 1.66250002
39.8693199 5.88017988 1.92721999
39.9869995 5.89349985 4.18240023
39.9640999 5.88649988 4.38810015
39.9318657 5.81746674 4.44646645
39.9035988 5.80179977 4.66779995
39.9190979 5.90775013 4.8901
39.8119011 6.01000023 -2.10689998
39.9020004 6.0467 -1.39900005
39.8642006 6.06610012 1.68814993
39.8838997 6.02575016 1.81830001
39.9018021 6.06544971 4.36715031
39.8507347 6.14806652 4.50390005
39.9331017 6.30499983 -2.02719998
39.9070511 6.36525011 -1.92034996
39.917572 6.35142851 -1.51122856
39.9002838 6.36051655 -1.37643337
39.9600983 6.23824978 1.35909998
39.9013672 6.34110022 1.56926668
39.9351006 6.32836676 1.64429998
39.9090004 6.38689995 3.71720004
39.8931351 6.3499999 4.0875001
39.9081573 6.2796855 4.29238558
39.8921013 6.25969982 4.45924997
39.9188004 6.32959986 4.70289993
39.8366013 6.46140003 -1.8793
39.9188995 6.50189972 -1.69477499
39.9058495 6.42564964 -1.31509995
39.8227005 6.42180014 1.49820006
39.8994522 6.43315029 1.67494988
39.8666992 6.58260012 2.96989989
39.9068985 6.54716682 3.06143332
39.8922272 6.55667496 3.92234993
39.9393005 6.40530014 4.06379986
39.9735985 6.51669979 4.84889984
39.8778992 6.58850002 6.46269989
39.8738976 6.67330027 -1.91923332
39.8698997 6.78690004 2.78139997
39.9060326 6.72116661 2.94716668
39.8635674 6.63603354 3.11509991
39.8031998 6.67539978 3.83170009
39.9721985 6.66919994 4.48950005
39.9031677 6.66371679 5.93281651
39.8250008 6.71920013 6.1013999
39.9263649 6.65266657 6.25430012
39.9331017 6.88399982 2.68720007
39.907299 6.96560001 2.85700011
39.9868011 6.90479994 3.00819993
39.9599991 6.86919975 5.72615004
39.9090004 6.90565014 5.93865013
39.8579025 6.84864998 6.0927
39.8148003 7.1546998 1.95249999
39.8294983 7.19869995 2.02839994
39.9357986 7.1171999 3.49790001
39.9962006 7.19199991 3.70530009
39.8716011 7.06690025 5.76270008
39.9500008 7.26490021 1.29270005
39.8852768 7.3059001 1.49417496
39.8469315 7.32766676 1.71843338
39.8300018 7.23519993 2.28679991
39.8684006 7.37960005 2.45749998
39.9166489 7.30430031 3.70095015
39.8089981 7.36744976 4.77715015
39.9260483 7.32884979 5.71860027
39.8003006 7.20650005 5.91590023
39.8286018 7.45909977 1.57029998
39.9533997 7.56689978 2.77920008
39.8157005 7.41200018 3.76629996
39.8543015 7.5545001 4.73710012
39.9536018 7.5467 4.8203001
39.8695526 7.45549965 5.7493
39.9926987 7.65549994 1.37039995
39.8968658 7.61756659 2.83590007
39.8829269 7.68187523 4.71369982
39.865799 7.7111001 4.89363337
39.8415985 8.15779972 4.57119989
39.9949989 8.15190029 4.65329981
39.9878006 8.39449978 1.18400002
39.915535 8.33603287 1.24683332
39.8193016 8.23499966 4.46649981
39.9141006 8.45405006 4.50769997
39.9109001 8.68000031 1.82319999
39.9989014 8.86489964 1.11450005
39.9221001 9.92409992 0.891650021
39.9011002 9.91989994 1.04273331
39.8510017 9.97579956 1.21159995
