# .PCD v0.7 - Point Cloud Data file format
VERSION 0.7
FIELDS x y z
SIZE 4 4 4
TYPE F F F
COUNT 1 1 1
WIDTH 9272
HEIGHT 1
VIEWPOINT 0 0 0 1 0 0 0
POINTS 9272
DATA ascii
160.023743 -99.8999939 -0.00684999954
160.130203 -99.7600021 0.0869000033
160.138702 -99.5113983 -0.0223999992
160.112793 -99.3079987 -0.0109999999
160.128693 -98.910202 -0.0283000004
160.132996 -98.7742996 -0.0167999994
160.042297 -98.1548996 -0.0478999987
160.116257 -97.9512024 -0.0672499985
160.007095 -97.6537018 -0.0190999992
160.076645 -97.2903976 -0.0536499992
160.097198 -96.8692932 -0.0796499997
160.042404 -95.776001 -0.113799997
160.139297 -94.2882996 -0.0768000036
160.045334 -94.082962 -0.143199995
160.146805 -93.9189987 -0.129899994
160.009506 -92.0427017 -0.131600007
160.147797 -91.3361969 -0.192300007
160.008896 -90.7082977 -0.297199994
160.037201 -90.0957031 2.89840007
160.156296 -89.9423981 2.99329996
160.126801 -89.8618011 5.50320005
160.062866 -89.7101288 2.89136672
160.088989 -88.8760681 1.6764667
160.060593 -88.9233017 1.82280004
160.038605 -88.7903976 1.75390005
160.162598 -88.6705017 5.29699993
160.0858 -88.4870987 5.07490015
160.185898 -88.3065033 4.84759998
160.112244 -88.3592987 5.08099985
160.090103 -87.6940994 4.84789991
160.124695 -84.5549011 -0.305299997
160.361694 -99.4336014 0.0223999992
160.205994 -99.3993988 -0.0419999994
160.32785 -99.0531006 -0.00889999978
160.216705 -98.2910004 -0.0737000033
160.302994 -98.0867996 -0.0335000008
160.305206 -97.8887024 -0.0683000013
160.290497 -97.2802963 -0.0423000008
160.206802 -97.2111969 0.00620000018
160.277206 -96.5495987 -0.0971999988
160.299301 -96.2503967 -0.104999997
160.323303 -95.7482452 -0.117349997
160.251099 -95.2264481 -0.147850007
160.269608 -94.9029007 -0.0949999988
160.3414 -94.7820969 -0.133599997
160.208099 -94.5249023 -0.131099999
160.213898 -94.126503 -0.136800006
160.304092 -93.924202 -0.114
160.3815 -93.7856979 -0.151600003
160.284805 -92.9272003 -0.256599993
160.281006 -92.8192978 -0.140499994
160.212997 -92.2070999 -0.185800001
160.234406 -92.0733032 -0.212799996
160.394302 -90.1718979 2.79809999
160.251709 -90.0560455 2.94260001
160.357193 -89.9807968 -0.254500002
160.305603 -89.8696976 4.34829998
160.291901 -89.6144028 2.71149993
160.24649 -89.774353 4.2581501
160.378906 -89.544899 4.20109987
160.211395 -88.9157028 1.71060002
160.399307 -88.4244003 4.89400005
160.237106 -88.4460983 5.11229992
160.312195 -88.1687012 -0.270300001
160.3479 -86.9292984 -0.273400009
160.273895 -86.7665024 -0.2271
160.353394 -80.2577972 -0.576699972
160.554504 -99.4291 0.0357000008
160.417297 -98.8266983 -0.0445000008
160.501846 -98.5524979 -0.0335500017
160.499496 -97.544899 -0.0436999984
160.561203 -96.819603 -0.103399999
160.497101 -96.7070007 -0.0307999998
160.573837 -96.1334 -0.0912333354
160.4384 -95.3886032 -0.1215
160.418793 -94.9390488 -0.0702999979
160.496704 -94.7893982 -0.0824000016
160.460693 -93.4571991 -0.182899997
160.402802 -92.7974014 -0.165199995
160.477905 -91.5707016 -0.192699999
160.5448 -91.0603027 -0.219099998
160.494293 -90.2291031 2.60019994
160.426407 -90.1556015 2.87409997
160.525101 -89.7404022 -0.228499994
160.549393 -89.5653 4.00330019
160.586105 -87.0010986 -0.196600005
160.671844 -99.4906006 -0.0210500006
160.793594 -99.2957993 -0.0241999999
160.776794 -98.7538986 -0.00200000009
160.758499 -98.4665985 -0.0498000011
160.669006 -98.3339005 -0.0324000008
160.665604 -97.8153992 -0.0719999969
160.707397 -97.4917984 -0.0366000012
160.743958 -97.1212463 -0.0634500012
160.711502 -96.7347488 -0.0524500012
160.767105 -96.2589035 -0.0463000014
160.637695 -96.1150055 -0.120999999
160.686203 -95.981102 -0.0577999987
160.737793 -94.9897995 -0.0627000034
160.751999 -93.793602 -0.112000003
160.668594 -91.8778992 -0.178599998
160.605606 -89.6085968 4.15150023
160.613403 -87.0245972 -0.115800001
160.991898 -98.9516983 -0.0119000003
160.822495 -98.706398 -0.0309999995
160.907593 -97.9616013 -0.0386999995
160.809097 -97.4648972 -0.0434999987
160.904007 -96.3128967 0.0186000001
160.924805 -95.3287964 -0.130500004
160.916306 -95.1474991 -0.153899997
160.936295 -94.5410004 -0.0826999992
160.882797 -86.9332962 -0.306300014
160.965607 -83.3691025 -0.338
161.166199 -99.7994995 -0.00150000001
161.180801 -99.2602005 -0.0183000006
161.0923 -99.0541 -0.0410999991
161.156799 -98.8125 -0.0278999992
161.168396 -98.4102478 -0.0671999976
161.095398 -97.8255997 -0.0504000001
161.102203 -97.2682037 -0.0662999973
161.1633 -96.1589966 -0.0802000016
161.012497 -94.430603 -0.0847000033
161.143494 -93.8792038 -0.1338
161.142197 -92.8264999 -0.173299998
161.138794 -92.6220016 -0.265100002
161.095001 -89.8741989 -0.243000001
161.044205 -88.2985992 -0.226199999
161.317596 -99.8572998 -0.00319999992
161.381393 -99.8712006 0.0155999996
161.264206 -99.2830963 -0.0408999994
161.254501 -99.091301 0.0326000005
161.202393 -98.7665024 -0.0353999995
161.2836 -98.4298019 -0.0573999994
161.382401 -97.5589981 -0.0245999992
161.397095 -97.0425034 -0.0491999984
161.288696 -96.6952972 -0.108800009
161.380707 -96.572998 -0.1127
161.235107 -96.1807022 -0.0615000017
161.272598 -95.3690033 -0.0956000015
161.239197 -94.9801025 -0.129600003
161.342896 -93.2249985 -0.179399997
161.202103 -92.1615982 -0.2086
161.208099 -91.514801 -0.206400007
161.320496 -89.9339981 -0.215000004
161.203598 -89.2246017 -0.234599993
161.375504 -88.4108963 -0.266200006
161.346298 -84.8504028 -0.404399991
161.436203 -99.9580994 -0.0282000005
161.548706 -99.5533981 0.0291000009
161.49884 -98.6853485 -0.0355499983
161.471405 -98.6151962 0.00549999997
161.429306 -98.473999 -0.0483999997
161.503845 -97.7102051 -0.0429999977
161.423401 -97.5037003 -0.0410000011
161.562195 -97.0872498 -0.0825999975
161.503098 -95.7032013 -0.0970000029
161.534973 -95.4535217 -0.0804750025
161.453201 -95.0596008 -0.137500003
161.418594 -93.2257996 -0.172800004
161.456894 -92.8272018 -0.128900006
161.559097 -92.6962967 -0.230499998
161.597397 -92.1866989 0.235799998
161.549606 -91.9522018 2.94799995
161.521606 -91.9487 3.22250009
161.4879 -91.6737976 -0.206100002
161.509399 -91.2921982 3.32329988
161.585495 -91.25 3.44860005
161.502701 -90.9544983 3.23679996
161.421753 -88.5710526 -0.258750021
161.593597 -88.171402 -0.26789999
161.505157 -87.7176971 -0.268599987
161.425903 -85.9357986 -0.372399986
161.418396 -84.911499 -0.317099988
161.605194 -99.9677963 -0.0348000005
161.704407 -99.4421005 -0.00910000037
161.744705 -98.8634033 -0.0500000007
161.797104 -97.6387024 -0.0417999998
161.795898 -96.9402008 -0.182699993
161.679947 -96.5349503 -0.1039
161.772095 -96.3861008 -0.0850000009
161.640305 -96.188797 -0.121699996
161.608597 -95.8247986 -0.00200000009
161.609695 -95.5537033 -0.0890000015
161.7612 -94.6264038 0.63440001
161.7939 -92.9169998 -0.135000005
161.771606 -92.4424973 0.300199986
161.678497 -92.3529968 0.266600013
161.719193 -91.8430023 -0.170699999
161.749405 -91.8824768 0.103459999
161.638351 -91.8477478 2.97114992
161.742203 -91.8014984 3.08389997
161.763107 -91.6122971 3.28550005
161.788696 -91.4582977 2.8427999
161.785706 -91.5466003 3.06719995
161.752457 -91.329895 -0.164950013
161.726395 -91.2127991 2.9842999
161.692596 -91.2898331 3.29456663
161.724045 -91.1248474 -0.143099993
161.794601 -91.0522003 2.94580007
161.668182 -91.0996475 3.09922504
161.727097 -90.9120026 -0.203400001
161.728195 -90.950798 -0.154300004
161.773697 -90.9363022 2.96000004
161.626602 -90.6632004 -0.225600004
161.779999 -90.7397995 -0.176899999
161.720795 -90.2919998 -0.228
161.750488 -87.6506042 -0.259750009
161.625702 -86.8298035 -0.320100009
161.655212 -86.7202454 -0.311349988
161.725998 -85.0076981 -0.374599993
161.939651 -99.6827545 -0.0590000004
161.894897 -99.4152985 -0.00529999984
161.964294 -99.5551987 0.0384999998
161.859497 -99.2792969 -0.0366999991
161.851898 -98.8703995 -0.0221999995
161.844803 -98.2154007 -0.0476999991
161.866211 -97.8961029 -0.0350000001
161.8302 -95.8357468 -0.0930999964
161.904297 -95.4427032 0.639199972
161.869598 -95.1035004 0.560100019
161.862 -94.9019012 0.599699974
161.857544 -94.6517487 0.591949999
161.821899 -94.6651993 0.638800025
161.851852 -94.5043945 0.557799995
161.895401 -94.2378006 0.564899981
161.802505 -94.3764038 0.616699994
161.872604 -92.5735016 0.213300005
161.963593 -92.0880966 -0.212300003
161.954697 -92.1239014 3.78040004
161.996002 -92.0823975 3.80699992
161.95015 -91.8651505 3.13864994
161.950607 -91.8539963 3.20700002
161.975296 -91.6179962 2.49009991
161.872574 -91.7280807 2.68242002
161.896454 -91.6906967 2.89699984
161.923309 -91.6820984 3.15030003
161.860733 -91.6458664 3.34806657
161.961365 -91.717804 3.71889997
161.9832 -91.4272995 2.58520007
161.834854 -91.5418472 2.75325012
161.934296 -91.5419998 2.97035003
161.879395 -91.5123367 3.31823349
161.877563 -91.433876 3.51170015
161.826904 -91.5835037 3.71329999
161.906738 -91.5073013 3.89190006
161.934967 -91.2752686 2.71200013
161.915802 -91.2440033 2.98539996
161.856201 -91.2621994 3.33739996
161.88475 -91.3299484 3.76154995
161.879395 -91.1564026 2.57559991
161.954193 -91.1566315 2.67046666
161.915451 -91.1076508 2.9289
161.929794 -91.1573029 3.34949994
161.930908 -91.0401001 3.95959997
161.873505 -91.0063019 4.02909994
161.966507 -91.047699 4.37020016
161.860306 -90.8752975 2.92580009
161.888992 -90.8771362 3.8599
161.973907 -90.9434967 4.08580017
161.971832 -90.8690033 4.30946684
161.964539 -90.6930008 2.9066
161.815903 -90.7462006 3.00929999
161.834396 -90.6147995 3.59840012
161.813202 -90.7656021 3.76950002
161.907852 -90.7217484 3.94642496
161.917297 -90.1135025 -0.248400003
161.854294 -89.8159027 -0.189700007
161.85199 -89.6224976 -0.223800004
161.979401 -87.8723984 -0.275599986
162.0448 -99.8731003 -0.0166999996
162.174805 -99.4045029 -0.0306000002
162.173096 -98.5036011 -0.0662999973
162.038696 -97.5874023 -0.0671999976
162.166397 -95.3079987 -0.0581
162.165604 -95.1766052 -0.085649997
162.166534 -95.143631 0.0335666649
162.17627 -94.2712708 -0.0828666687
162.140503 -92.9272003 -0.224399999
162.1315 -92.7718964 0.197600007
162.1241 -92.6610031 0.305299997
162.011398 -92.5966034 0.194700003
162.029205 -92.0610962 -0.143700004
162.155304 -92.0874023 2.57969999
162.076706 -92.0939026 3.66240001
162.162949 -91.9375458 2.53145003
162.075409 -91.8843536 2.9158833
162.130859 -91.8894958 3.10579991
162.100006 -91.9197006 3.26559997
162.149307 -91.9101028 3.59680009
162.030807 -91.8643036 3.7349999
162.095001 -91.8511047 3.90339994
162.109207 -91.7078018 0.0904000029
162.189301 -91.6708984 2.29419994
162.078903 -91.6980438 2.47289991
162.035751 -91.6737976 2.9602499
162.0616 -91.6697006 3.21749997
162.048157 -91.7611008 3.58039999
162.144958 -91.7465515 3.76200008
162.146362 -91.6561966 3.88254976
162.091507 -91.6654968 4.19099998
162.157501 -91.6020966 4.38929987
162.094055 -91.4725494 2.30725002
162.083557 -91.4789505 2.45869994
162.117996 -91.4653015 3.32329988
162.037598 -91.5131989 3.42740011
162.038696 -91.5875015 3.81010008
162.099396 -91.5938034 4.0230999
162.107056 -91.283699 2.28644991
162.084473 -91.3404007 2.50976658
162.097595 -91.3590012 2.62779999
162.051529 -91.1224289 2.52399993
162.060898 -91.0398026 2.60770011
162.059402 -91.1042023 3.04099989
162.044037 -90.9110031 2.70776677
162.011597 -90.8850021 4.12050009
162.091492 -90.8948059 4.38145018
162.186096 -90.8570023 4.45429993
162.067398 -90.7301025 2.75670004
162.062897 -90.7349014 3.60940003
162.045303 -90.7761993 3.98959994
162.151398 -90.5577011 3.48850012
162.037094 -90.5518036 3.81220007
162.150299 -90.3622971 3.59739995
162.1082 -89.0338974 -0.261900008
162.140106 -89.0075989 -0.0263999999
162.056793 -87.9600983 -0.239299998
162.1772 -87.7939987 -0.233199999
162.172806 -86.4804001 -0.327100009
162.322098 -99.2067032 -0.0252999999
162.282196 -98.8985977 -0.0289999992
162.245697 -98.7238998 -0.0841000006
162.317444 -98.285202 -0.0472000018
162.206299 -96.6835022 -0.104500003
162.378204 -96.0080032 -0.0522999987
162.285034 -95.2529678 0.115833335
162.346451 -95.2229996 0.266350001
162.273438 -95.2251358 0.515299976
162.200897 -95.0615005 -0.157199994
162.3927 -95.0335007 0.288300008
162.253998 -95.1735992 0.455000013
162.336594 -94.280899 0.0432999991
162.354553 -94.2241058 0.307399988
162.224503 -94.2396011 0.511099994
162.25119 -94.1468964 0.0691
162.346603 -94.1044006 0.209199995
162.201996 -93.2639008 -0.219799995
162.337097 -92.2714005 2.77649999
162.272598 -92.2041016 3.6421001
162.278244 -92.0422516 2.5374999
162.312439 -92.0937958 2.88170004
162.337006 -92.0334015 3.00259995
162.384399 -92.0718002 3.41790009
162.333603 -92.0691986 3.69390011
162.345795 -92.1138 3.80870008
162.333435 -91.8822021 -0.0788000003
162.389297 -91.8266983 0.742299974
162.363556 -91.8714294 2.3142333
162.204102 -91.8555984 2.4216001
162.288055 -91.9497528 2.73219991
162.298462 -91.9096985 2.88983345
162.310028 -91.912468 3.10256672
162.308502 -91.9535294 3.29310012
162.302399 -91.9884949 3.65919995
162.212708 -91.8542023 3.83170009
162.346405 -91.733902 -0.216700003
162.269775 -91.7149277 -0.0755499974
162.342453 -91.7142944 0.105949998
162.342499 -91.7018967 0.28639999
162.321915 -91.689537 0.480459988
162.375656 -91.6999512 0.908949971
162.319504 -91.6090012 1.12370002
162.355392 -91.6457977 1.22179997
162.34758 -91.6443329 1.52365005
162.3134 -91.6449966 1.72440004
162.3815 -91.6509628 1.8702333
162.288696 -91.6015015 2.01069999
162.315826 -91.7379608 2.31389999
162.206299 -91.7745972 2.41140008
162.212097 -91.6999969 3.56699991
162.295807 -91.7338028 3.79520011
162.280975 -91.6348038 3.88396668
162.330597 -91.6586456 4.2989502
162.302597 -91.6989975 4.44329977
162.375198 -91.4649963 -0.1505
162.368698 -91.5034485 0.144050002
162.390106 -91.5030975 0.367399991
162.362701 -91.4496994 0.654799998
162.305695 -91.5522995 0.864300013
162.328339 -91.5476532 1.09345007
162.3479 -91.5052032 1.5255667
162.307617 -91.5452957 1.70480001
162.337799 -91.5453491 1.91624999
162.3013 -91.4895325 2.16133332
162.244141 -91.5645676 2.2997334
162.203796 -91.5519028 3.16190004
162.300995 -91.5240021 3.45519996
162.215302 -91.5943985 3.72189999
162.358902 -91.5275345 4.43130016
162.323395 -91.392601 0.341100007
162.216904 -91.3777008 2.6092999
162.360687 -91.3675995 4.26160002
162.219406 -90.9392014 3.58220005
162.254593 -90.982399 3.75390005
162.28476 -90.9598007 4.30784988
162.222397 -90.8283997 4.40689993
162.329147 -90.9745483 4.65059996
162.231796 -90.4393005 3.16260004
162.289902 -86.4177017 -0.308699995
162.367798 -86.3591995 -0.271299988
162.511795 -99.6993332 -0.0449666679
162.455994 -99.0447998 -0.0203000009
162.509506 -97.2934036 -0.0675999969
162.491699 -95.7370987 -0.0691
162.433701 -95.5747986 -0.0527000017
162.526993 -95.4141998 0.520799994
162.5112 -95.4308014 0.630999982
162.529205 -95.1330032 0.287249982
162.472504 -95.1906967 0.517700016
162.569702 -94.9847031 0.0693000033
162.478897 -94.883934 0.254033327
162.428268 -94.7033691 0.296933323
162.464966 -94.5319672 0.297466666
162.510605 -94.3355026 0.234733328
162.559692 -94.219101 0.475699991
162.502808 -94.2385025 0.738699973
162.466202 -94.1920013 0.380699992
162.462097 -94.0183029 0.503499985
162.482407 -94.0971985 0.620599985
162.496002 -92.705246 -0.109149992
162.490402 -92.643898 0.203199998
162.422501 -92.550499 -0.0592
162.496002 -92.5921021 0.154200003
162.479202 -92.0587997 2.66109991
162.581497 -92.0688019 3.04949999
162.527679 -92.1165314 3.32520008
162.546295 -92.1605988 3.43190002
162.425797 -92.0268021 3.81629992
162.489807 -92.0433502 4.04134989
162.474594 -91.8805008 -0.0390999988
162.434601 -91.8316956 0.130600005
162.441803 -91.8211975 0.7852
162.440201 -91.8498001 2.29060006
162.432007 -91.9085007 2.44560003
162.4888 -91.9804001 2.74880004
162.497406 -91.9013977 3.31599998
162.532806 -91.9060974 3.46449995
162.543457 -91.875351 4.0223999
162.476837 -91.7606049 0.355499983
162.493698 -91.7737045 0.505299985
162.451508 -91.7574005 0.624100029
162.505569 -91.7127991 0.953333318
162.501968 -91.7039642 1.1613667
162.435196 -91.7036972 1.30180001
162.455505 -91.7341003 1.59720004
162.471207 -91.7396011 1.74389994
162.406097 -91.7005997 1.98730004
162.521912 -91.7381439 2.09665012
162.448029 -91.7139969 2.23643327
162.495407 -91.7556992 3.92790008
162.507446 -91.6708527 4.21640015
162.422089 -91.5138016 0.287400007
162.401199 -91.5926971 0.543799996
162.412903 -91.4801025 1.22640002
162.548752 -91.5285034 4.06190014
162.428497 -91.479866 4.29093313
162.542999 -91.2169037 -0.0275999997
162.426498 -91.3497009 1.53760004
162.536102 -91.2462997 3.4690001
162.514297 -91.2330017 4.38009977
162.540497 -91.266098 4.5939002
162.493011 -91.0874023 -0.0622999966
162.557495 -91.1240997 0.0488000028
162.514206 -91.0895996 4.51140022
162.488342 -91.1113739 4.66375017
162.512497 -90.9926987 -0.125699997
162.497406 -90.9236984 0.223299995
162.404602 -90.995903 3.92510009
162.489502 -90.9707031 4.23810005
162.589005 -90.8346024 4.51840019
162.563293 -90.9172974 4.78289986
162.513901 -90.7940979 4.30740023
162.510895 -90.6712036 4.58949995
162.528503 -90.7939987 4.66179991
162.787704 -98.5661011 -0.1065
162.737 -97.7452011 -0.0384999998
162.624496 -96.7901993 -0.100500003
162.7603 -96.0580978 -0.0813999996
162.690201 -95.2500992 0.364199996
162.765305 -95.322197 0.60680002
162.747604 -95.1663971 0.475100011
162.673004 -94.9462967 -0.0692000017
162.6996 -94.2577667 0.40990001
162.725555 -94.1791534 0.492150009
162.761002 -92.239502 2.75099993
162.677307 -92.282196 3.54589987
162.734451 -92.2738495 3.61740017
162.613297 -92.1294022 2.51939988
162.711563 -92.0501633 2.68583345
162.600693 -92.0511017 2.87789989
162.691406 -92.082901 3.34040022
162.714005 -92.1330032 3.41750002
162.668503 -92.0524979 3.78719997
162.621704 -92.0530014 3.83509994
162.770493 -91.9061966 -0.218199998
162.642548 -91.8825531 2.27924991
162.705002 -91.8980026 3.89384985
162.638306 -91.8265991 4.12109995
162.793594 -91.7102966 2.02900004
162.708206 -91.7966003 2.22790003
162.650803 -91.7939987 3.67799997
162.620697 -91.6853027 3.94619989
162.687393 -91.6444016 4.18839979
162.633896 -91.1565018 -0.0167999994
162.610199 -91.0839996 0.138600007
162.616302 -91.1546021 4.2033
162.694504 -91.1039963 4.71490002
162.675995 -90.9468002 4.4295001
162.699402 -90.9473038 4.76399994
162.759293 -90.907402 4.88089991
162.667053 -90.3033981 -0.180849999
162.605698 -90.1940994 -0.124899998
162.751907 -89.0756989 -0.178499997
162.7789 -88.9844971 -0.389999986
162.643799 -86.3199997 -0.313899994
162.956497 -99.9487 -0.000600000028
162.981003 -99.6498032 -0.0351999998
162.846207 -99.2606964 -0.0625
162.886703 -98.9029007 -0.0287999995
162.971588 -98.2644958 -0.0599000007
162.934952 -98.1026993 -0.0734499991
162.999496 -97.3908997 -0.0669
162.9487 -97.1456985 -0.0502999984
162.9729 -96.868103 -0.0772999972
162.8564 -95.7773972 -0.0984999985
162.890045 -95.2502975 0.50150001
162.832993 -95.3563995 0.631500006
162.841095 -95.1769028 0.560899973
162.901596 -94.4012985 -0.131699994
162.89624 -94.2405319 0.509866655
162.870895 -94.1138 0.583400011
162.855606 -92.2789001 2.91569996
162.894394 -92.2645035 3.13030005
162.846405 -92.2842026 3.4841001
162.837799 -92.0942993 2.70700002
162.845047 -92.1181488 2.83104992
162.908524 -92.0973053 3.08255005
162.924301 -91.9352036 -0.241400003
162.889694 -91.8431015 -0.126699999
162.936707 -91.8751984 2.22309995
162.870209 -91.8991013 2.55257511
162.852707 -91.9604034 2.86150002
162.843094 -91.933197 3.29959989
162.836807 -91.6708984 -0.209600002
162.927307 -91.7399979 2.14389992
162.91391 -91.7647552 2.22670007
162.956497 -91.7078018 3.70029998
162.848404 -91.6708984 4.22139978
162.878601 -91.6788025 4.46169996
162.956696 -91.4977036 3.96519995
162.8414 -91.4506989 4.45860004
162.901489 -91.2762985 4.70534992
162.920898 -91.3404999 4.83249998
162.914505 -91.1794968 4.39160013
162.813293 -91.1421967 4.61829996
162.821793 -90.4975967 2.88409996
162.827103 -89.2080002 -0.269499987
162.842804 -89.0439987 -0.340299994
162.937698 -80.0371017 0.469399989
163.016205 -99.4328003 -0.0264999997
163.018097 -99.2904968 -0.0229000002
163.170395 -98.8007965 -0.0434000008
163.045898 -98.1458969 -0.0107000005
163.0177 -97.2528992 -0.0272000004
163.052994 -96.8470993 -0.0238000005
163.192047 -95.1329498 0.743600011
163.148697 -95.1713028 1.0675
163.162201 -94.8488998 0.523400009
163.190201 -94.6213989 0.784799993
163.087494 -94.2520981 0.467299998
163.181305 -94.2410507 0.702950001
163.196396 -94.0261002 0.718200028
163.121201 -92.0045013 2.85330009
163.118195 -92.0660019 3.18359995
163.026001 -92.0513992 3.2507
163.134796 -91.9338989 2.55110002
163.059906 -91.9770966 2.69499993
163.108002 -91.9256973 3.28489995
163.179306 -91.6331024 3.48889995
163.157593 -91.5137024 3.77489996
163.0401 -91.4033966 4.05439997
163.197403 -91.356102 4.18380022
163.151901 -90.9702988 4.34159994
163.030396 -90.5597992 2.95499992
163.128601 -87.8023987 -0.245000005
163.020599 -87.6895981 -0.217700005
163.174393 -80.0311966 0.180700004
163.086594 -80.0535965 0.219699994
163.332596 -99.4044037 -0.00410000002
163.2332 -99.0846024 -0.124600001
163.230896 -98.9741974 -0.0452000014
163.259003 -97.6949005 -0.0631000027
163.394806 -97.2359009 0.0151000004
163.267151 -95.4353027 0.656499982
163.223694 -95.3143005 0.595899999
163.2285 -95.336998 0.81129998
163.24881 -95.1418457 0.547749996
163.276199 -95.0663986 0.689400017
163.245087 -94.8415985 0.726199985
163.344147 -94.7086487 -0.106549993
163.258102 -94.7667007 0.820900023
163.215393 -94.5294037 0.655700028
163.281921 -94.2686768 0.534474969
163.225204 -94.3547974 0.761600018
163.234695 -94.2518997 0.841899991
163.235657 -94.0999451 0.687049985
163.234207 -92.0018997 -0.184400007
163.393707 -91.9117966 -0.115099996
163.304596 -91.8115997 0.0956000015
163.228897 -91.9838028 2.91289997
163.264694 -91.9263 3.00970006
163.273041 -91.7375031 -0.0929000005
163.261505 -91.7652512 0.0896999985
163.319 -91.7778015 3.19059992
163.259842 -91.7104034 3.49576664
163.269608 -91.5625 3.47530007
163.317093 -91.463501 3.93400002
163.244995 -91.4284973 4.12699986
163.221603 -91.4031982 4.22289991
163.270401 -91.2533035 4.02269983
163.239395 -91.3962021 4.36569977
163.397797 -89.0095978 -0.259200007
163.200699 -88.7988968 -0.273799986
163.243698 -86.785202 -0.302399993
163.360794 -80.0799026 0.347799987
163.475998 -99.9787979 0.0197000001
163.482193 -97.5049973 -0.0703999996
163.540894 -97.172699 -0.056400001
163.566605 -96.4001007 -0.0800999999
163.445297 -95.7220993 -0.132300004
163.446594 -95.4328995 0.606299996
163.418304 -95.2164993 0.404599994
163.4702 -94.5565033 -0.127299994
163.520798 -94.2539978 0.407400012
163.598297 -93.2282028 -0.180999994
163.449005 -93.1800995 -0.183400005
163.474747 -91.9097443 -0.0971499979
163.409195 -91.5070038 2.92260003
163.508896 -91.2483978 3.27819991
163.412903 -91.2426987 3.94510007
163.477295 -91.1866989 3.9691
163.589096 -89.2667007 -0.240400001
163.593094 -89.1765976 -0.307500005
163.487701 -88.6933975 -0.257099986
163.596802 -88.6905975 -0.159899995
163.639206 -99.3814011 -0.0318000019
163.690598 -98.7853012 -0.0428999998
163.787903 -96.6526031 4.23920012
163.775208 -96.5546494 4.14914989
163.741699 -96.4639969 4.2888999
163.647995 -96.1664963 -0.0555999987
163.789398 -95.4330978 0.603900015
163.691437 -95.2615967 0.49454999
163.721802 -95.0975037 0.385399997
163.632095 -95.1500015 0.408499986
163.632095 -94.3543015 -0.125499994
163.628204 -94.2221985 0.498400003
163.799606 -94.0170975 -0.164499998
163.640701 -88.8163986 -0.262100011
163.913193 -99.5805969 -0.0472000018
163.928894 -97.8293991 -0.0658999979
163.87735 -97.6676483 -0.027449999
163.813797 -97.5681 -0.0364999995
163.999802 -97.0423965 4.50899982
163.975006 -96.9358978 4.62879992
163.916199 -96.7342987 3.95589995
163.920715 -96.684845 4.12804985
163.851028 -96.7287369 4.25546646
163.870865 -96.7183685 4.4647665
163.8479 -96.6483002 4.60309982
163.861343 -96.5279694 4.14296675
163.924469 -96.5005264 4.30977488
163.937897 -96.33535 4.18029976
163.972366 -96.2966309 4.37653303
163.937897 -96.2475967 4.40749979
163.885574 -96.043869 4.1468668
163.88327 -96.0990982 4.33790016
163.865295 -96.1078491 4.46134996
163.930496 -95.6905975 4.04540014
163.976501 -95.4231033 4.06930017
163.8918 -95.4504013 4.30350018
163.879196 -95.3585968 0.61559999
163.889832 -95.2968674 4.33683348
163.94017 -95.0936661 0.304833323
163.981705 -95.0113983 4.2052002
163.993301 -95.172699 4.55649996
163.9897 -94.8155975 4.43879986
163.869003 -94.6144028 0.248099998
163.9543 -94.6502991 4.38110018
163.926361 -94.6663666 4.54016685
163.886993 -94.740303 4.73519993
163.941498 -94.4553986 0.294
163.921494 -94.4645004 4.34009981
163.920502 -94.4147034 4.60620022
163.850754 -94.2523041 0.353100002
163.888702 -94.1327972 0.369599998
163.954498 -94.1552963 0.442999989
163.893707 -93.9076004 -0.138699993
164.118393 -99.0180969 -0.0179999992
164.052399 -98.7078018 -0.0114000002
164.094193 -98.6248016 0.00499999989
164.195404 -97.0036011 4.41450024
164.085953 -96.8872528 4.32725
164.071045 -96.9646454 4.46404982
164.0522 -96.9962006 4.7507
164.070694 -96.614151 4.1939497
164.091141 -96.7118378 4.29801989
164.071503 -96.5236969 4.46969986
164.037445 -96.271286 4.12153339
164.149658 -96.3070984 4.22280025
164.099731 -96.2594528 4.47920036
164.185699 -96.3581009 4.65380001
164.110474 -96.1167679 4.10178328
164.08313 -96.1358795 4.28445005
164.09787 -96.1020355 4.5092001
164.193802 -96.1922989 4.73019981
164.162399 -95.8231964 3.39159989
164.192505 -95.8359985 3.64960003
164.041 -95.9273987 3.8506
164.109207 -95.9366989 4.07620001
164.061005 -95.9891968 4.35029984
164.076599 -95.7014999 3.43589997
164.116058 -95.6287003 3.75734997
164.126984 -95.6861496 3.83927512
164.039597 -95.6868973 4.33269978
164.068756 -95.6531525 4.54349995
164.013794 -95.5873032 3.88730001
164.1483 -95.5354462 4.1099
164.066086 -95.4778366 4.26367998
164.064392 -95.547348 4.44000006
164.1577 -95.2033005 0.484800011
164.174805 -95.3592987 0.735499978
164.096298 -95.3654022 3.92529988
164.09346 -95.2466354 4.08413315
164.106415 -95.3015213 4.35657501
164.110397 -95.1139984 -0.0577000007
164.068649 -95.1759033 0.109949999
164.030304 -95.1661987 0.322250009
164.135406 -95.1163483 0.423799992
164.172501 -95.0669022 3.95910001
164.158997 -95.0951538 4.18450022
164.060623 -95.1281738 4.27937508
164.0578 -95.1808014 4.40479994
164.050598 -94.982399 3.96679997
164.1922 -94.9712982 4.13829994
164.148239 -94.9578629 4.25269985
164.082001 -94.9410019 4.47329998
164.028137 -94.8726501 4.66125011
164.095795 -94.6882019 4.28009987
164.068787 -94.7048492 4.44560003
164.018295 -94.7811966 4.74209976
164.118698 -94.5674973 4.3671999
164.095703 -94.4413986 4.52636671
164.016693 -94.5550003 4.72800016
164.0737 -94.2004013 0.396400005
164.107605 -94.1128998 -0.0406000018
164.015198 -94.0979004 0.0610000007
164.120499 -94.1634979 0.360100001
164.184998 -92.3223038 8.59790039
164.293793 -99.9797974 -0.0348999985
164.285294 -99.5931015 -0.077200003
164.201508 -99.1056976 -0.0377999991
164.280594 -98.0679016 -0.0421000011
164.299255 -97.921051 -0.08495
164.373199 -97.1287994 4.39760017
164.253296 -97.0278015 4.48699999
164.3591 -96.8022995 4.08389997
164.320099 -96.8130035 4.25570011
164.258499 -96.9033966 4.50839996
164.276337 -96.6938019 4.28176641
164.305695 -96.7184982 4.47144985
164.291504 -96.5319977 4.2507
164.327606 -96.2382965 4.15514994
164.283936 -96.3431015 4.25913334
164.329224 -96.1527252 4.08995008
164.322403 -96.1051025 4.24483347
164.289307 -96.1532974 4.51100016
164.300735 -95.8924637 3.34393334
164.303833 -95.9380646 3.50593328
164.275696 -95.8534012 3.68120003
164.350372 -95.8558655 3.94029999
164.295029 -95.8649445 4.28009987
164.350403 -95.9430008 4.52640009
164.314102 -95.6647034 -0.139500007
164.248993 -95.7837982 3.47230005
164.226593 -95.6602478 3.73220015
164.339691 -95.7828979 3.8506999
164.312256 -95.6678238 4.14445019
164.235535 -95.7615662 4.25943327
164.286407 -95.5878983 3.4769001
164.228104 -95.5431976 3.77550006
164.293701 -95.582901 3.96580005
164.226303 -95.4993668 4.08043337
164.240295 -95.2058029 -0.0732999966
164.246704 -95.2293015 4.37340021
164.210495 -95.1491013 -0.0406000018
164.245804 -95.0850983 3.93120003
164.306396 -95.0129013 4.0474
164.2733 -95.064003 4.22329998
164.308105 -94.803299 3.95749998
164.309158 -94.8321686 4.06276655
164.265198 -94.8687973 4.62069988
164.241196 -94.7712021 4.00299978
164.209595 -94.6288986 4.2177
164.200394 -94.7273026 4.53789997
164.209396 -94.5617981 4.53499985
164.315796 -93.8721008 4.64139986
164.302963 -93.8870392 6.24819994
164.337601 -93.7799072 4.50395012
164.314606 -93.4130478 8.1208992
164.391403 -92.6855011 8.74870014
164.369705 -92.553299 5.90420008
164.316696 -92.4120026 8.46529961
164.337494 -92.5475998 8.6697998
164.367493 -92.3472977 8.36330032
164.308594 -92.3041 8.65709972
164.344299 -92.1141968 5.5314002
164.351807 -91.9741974 -0.293300003
164.282806 -91.7997971 -0.224399999
164.353394 -90.5786972 -0.128600001
164.458603 -99.0251007 -0.0370000005
164.591003 -98.5776978 -0.0308999997
164.486206 -98.3320999 -0.0165999997
164.474197 -97.7776031 -0.0401999988
164.460358 -97.0595551 4.36254978
164.499252 -97.1374969 4.43770027
164.53418 -96.8953705 4.34897137
164.467102 -96.9075012 4.47340012
164.556793 -96.7037964 4.14190006
164.426758 -96.7649994 4.31699991
164.4478 -96.5065002 -0.0957999974
164.575302 -96.4946976 4.05480003
164.493546 -96.3440552 4.0927496
164.441956 -96.2599945 4.23589993
164.478195 -96.0466003 3.3987999
164.443695 -96.0044022 3.41090012
164.423798 -96.0323029 3.98169994
164.568497 -96.009903 4.18270016
164.4021 -95.8463974 -0.119099997
164.484955 -95.9226532 3.3441
164.475952 -95.8730469 3.49774981
164.4991 -95.8573456 3.95230007
164.473633 -95.9540329 4.10493326
164.551804 -95.8227997 4.60099983
164.486282 -95.72052 3.89624
164.425995 -95.7026978 4.18730021
164.487 -95.6481018 4.56739998
164.530701 -95.4550018 0.592899978
164.425201 -95.5712967 3.2420001
164.521805 -95.5582504 3.87444997
164.476395 -95.0803986 4.64589977
164.516296 -94.9506989 4.53369999
164.503296 -94.7447968 4.09569979
164.589798 -94.603302 5.82870007
164.578903 -94.617897 6.06330013
164.569595 -94.6371994 7.40889978
164.546799 -94.5194016 6.54879999
164.565506 -94.4812012 6.70179987
164.5952 -94.4552994 7.52229977
164.587738 -94.364502 7.52114964
164.593796 -94.3183975 7.62050009
164.460938 -94.0400009 4.5343504
164.445404 -94.0550003 4.62400007
164.597 -94.1041031 6.01469994
164.570297 -93.944397 4.37300014
164.477661 -93.8764954 4.47935009
164.447693 -93.9340668 6.1498332
164.470993 -93.9402008 6.28560019
164.529205 -93.6911316 4.33936691
164.560699 -93.7143021 4.40819979
164.528839 -93.6938019 8.08283329
164.532196 -93.7536011 8.2130003
164.503906 -93.5830002 4.61560011
164.499069 -93.5195312 7.92336655
164.597794 -93.3839035 6.50339985
164.491501 -93.3768005 7.79290009
164.500107 -93.2972336 7.8937335
164.524872 -93.1132355 6.07356691
164.545898 -93.0017014 6.20429993
164.588394 -93.0615997 8.74919987
164.587402 -92.8246002 8.51739979
164.522461 -92.8607635 8.67923355
164.465302 -92.6335983 -0.187299997
164.588409 -92.6564484 5.83169985
164.501038 -92.6472626 8.47749996
164.448593 -92.7910995 8.79959965
164.467499 -92.6131973 8.80119991
164.5495 -92.5159454 5.78055
164.539062 -92.546402 5.86826658
164.480484 -92.5079041 8.48203373
164.545868 -92.274704 5.7007246
164.454102 -92.077301 5.57964993
164.517502 -92.1842346 5.71723318
164.544037 -91.8209991 5.48639965
164.458405 -91.8488007 5.62279987
164.572403 -91.6987457 5.38654995
164.510696 -91.7162018 5.49913311
164.436798 -87.2566986 -0.329600006
164.636307 -99.0945969 -0.0851999968
164.605103 -98.1363983 -0.0863000005
164.739166 -97.2609024 2.4658668
164.690308 -97.2265015 4.43190002
164.798904 -97.1462021 2.39680004
164.789902 -97.1791992 2.55669999
164.770599 -97.1323013 2.88619995
164.696503 -97.0182037 4.3888998
164.673126 -97.1148682 4.42523336
164.771698 -96.8927002 2.36599994
164.759796 -96.9094315 2.49386668
164.7397 -96.9322968 4.25169992
164.707199 -96.8299026 4.46089983
164.786804 -96.7619019 2.64700007
164.733795 -96.6095963 3.92989993
164.7827 -96.7106018 4.23089981
164.728699 -96.7477036 4.44049978
164.644608 -96.4375992 3.93519998
164.690598 -96.4665527 4.07089996
164.725204 -96.4721985 4.30800009
164.618805 -96.2124023 3.3269999
164.713196 -96.2362976 3.44849992
164.614105 -96.2891998 4.10430002
164.651306 -96.2207031 4.36280012
164.799194 -96.098999 3.31830001
164.606995 -96.1296997 3.42350006
164.754593 -96.1092987 3.8197999
164.761307 -96.0820007 4.41890001
164.603699 -95.6131973 3.64289999
164.702103 -95.7118988 3.92009997
164.6633 -95.5195007 3.84570003
164.791504 -94.8583984 7.31599998
164.707703 -94.9439011 7.51590014
164.746902 -94.6132965 5.99109983
164.720947 -94.6378021 6.07104969
164.778503 -94.6026001 6.47669983
164.702652 -94.7194519 7.32647514
164.691742 -94.7301483 7.47884989
164.768402 -94.4000015 4.15630007
164.777344 -94.5444946 4.36324978
164.649933 -94.4901352 6.13679981
164.717743 -94.4267502 6.3375001
164.683441 -94.5074387 6.44623995
164.635803 -94.5958023 6.66870022
164.702637 -94.5002441 7.3187499
164.692001 -94.5153351 7.45316648
164.780899 -94.3011475 7.30700016
164.770111 -94.2565994 7.42364979
164.688812 -94.1372223 5.93809986
164.704529 -94.1231003 6.1092
164.783401 -94.1910019 7.29879999
164.650803 -93.8074036 4.34310007
164.647797 -93.9411011 5.76310015
164.704941 -93.9658966 5.98346663
164.649811 -93.8477478 6.11429977
164.660706 -93.990097 6.22079992
164.687805 -93.6720428 4.35974979
164.611298 -93.7862015 4.42449999
164.742096 -93.6949005 6.26039982
164.665894 -93.689064 7.8618331
164.684402 -93.623703 8.90569973
164.663696 -93.4864655 4.50596666
164.771805 -93.5568008 8.75590038
164.729599 -93.546402 8.80130005
164.692596 -93.3286514 4.53334999
164.790497 -93.3779984 4.79449987
164.749939 -93.2319031 4.94155025
164.781799 -93.2603989 5.98190022
164.744247 -93.2859039 6.34220028
164.799393 -93.3606033 6.52780008
164.639297 -93.2602997 7.7816
164.711502 -93.3140488 7.92974997
164.655594 -93.1363983 5.99830008
164.679993 -93.1141357 6.12703323
164.6633 -93.1499023 6.33589983
164.72171 -93.1314545 7.89284992
164.758896 -93.0133972 8.62380028
164.655243 -92.8708954 5.92824984
164.618698 -92.8509979 6.07283306
164.668106 -92.8931961 8.52572441
164.662064 -92.6230011 5.74086666
164.697372 -92.7159271 5.92070007
164.727493 -92.7017059 8.45915031
164.680466 -92.4647369 5.67943335
164.723251 -92.5529022 8.38955021
164.665695 -92.5643997 8.43080044
164.708405 -92.226944 5.48960018
164.635925 -92.2993164 5.70060015
164.715607 -92.3113022 5.83179998
164.709595 -92.0475006 5.20590019
164.672501 -92.0689316 5.43123341
164.869293 -99.5238037 -0.0318000019
164.858551 -97.2626495 2.56404996
164.898453 -97.3192978 2.67159986
164.909439 -97.0871658 2.33703327
164.903366 -97.1184692 2.46033335
164.835907 -97.0587006 2.61279988
164.880997 -96.9789963 2.36240005
164.926239 -96.9255676 2.48716664
164.863907 -96.8271027 2.60409999
164.843994 -96.9063492 4.26539993
164.847504 -96.8268967 4.4000001
164.955139 -96.750351 2.37505007
164.917313 -96.6994781 2.50397992
164.953094 -96.7080994 3.9296999
164.939789 -96.6155548 4.16065025
164.882385 -96.6811981 4.25995016
164.918106 -96.4044037 2.36089993
164.977005 -96.5604019 4.19320011
164.866806 -96.4810028 4.28380013
164.951004 -96.2111969 2.16300011
164.966934 -96.2598343 2.23769999
164.912949 -96.3243484 4.13434982
164.959702 -96.3834991 6.8354001
164.991898 -96.1857986 2.12010002
164.969238 -96.1031494 2.27384996
164.897003 -96.1046448 3.29874992
164.846573 -96.0831985 3.45466661
164.87381 -96.0889511 3.77125001
164.883896 -96.0427017 3.91969991
164.873001 -96.0569458 4.04899979
164.928696 -95.9371033 -0.118299998
164.923996 -95.8772964 3.51869988
164.898346 -95.9385986 4.05789995
164.888092 -95.6974487 3.38684988
164.9608 -95.6020966 3.44449997
164.918594 -95.6147003 3.6342001
164.95433 -95.514679 3.37982512
164.914856 -95.4950027 3.4835999
164.869293 -95.4784546 3.75469995
164.936707 -95.5926971 3.8362999
164.9935 -95.3123016 3.63579988
164.964203 -95.3844986 4.13460016
164.907303 -95.0220032 7.4605999
164.942795 -94.8207016 6.57929993
164.894394 -94.8133011 7.28910017
164.840103 -94.9558029 7.50740004
164.915436 -94.649826 5.88007498
164.922302 -94.6213989 6.375
164.902603 -94.685318 6.47202015
164.884094 -94.7302017 7.19110012
164.919189 -94.667099 7.26916647
164.879349 -94.5022507 5.87619972
164.976105 -94.4261017 6.3204999
164.907303 -94.5299988 6.41790009
164.888947 -94.5382996 7.27035046
164.992599 -94.4332962 8.8185997
164.900757 -94.2416 4.30579996
164.849304 -94.2225037 5.73199987
164.880493 -94.2879639 5.91183329
164.853455 -94.2451477 6.05844975
164.952805 -94.2634964 7.22790003
164.916306 -94.2938995 8.67020035
164.896805 -94.0031967 4.30340004
164.846954 -94.1411438 4.47245026
164.955704 -94.0830994 5.73029995
164.888504 -94.0680695 5.86926651
164.934998 -94.0389023 6.03770018
164.914673 -94.1017685 7.28933334
164.967697 -94.0142975 8.64350033
164.951263 -93.9186554 4.32485008
164.937302 -93.9112473 4.67545033
164.905807 -93.8013 5.93370008
164.935104 -93.8246002 8.04710007
164.925552 -93.9035492 8.74147511
164.869797 -93.6745987 6.09649992
164.926697 -93.6091003 7.7823
164.919861 -93.7663498 7.91300011
164.896698 -93.7750015 8.02970028
164.904236 -93.7641678 8.72319984
164.828705 -93.5808029 4.79610014
164.875854 -93.5470505 6.10879993
164.811295 -93.4119034 6.31090021
164.882004 -93.4320984 7.83580017
164.906067 -93.5403976 8.68636703
164.886551 -93.3002472 5.03684998
164.964798 -93.3656998 5.91450024
164.897537 -93.3264008 6.1109333
164.879791 -93.2610474 7.75194979
164.915497 -93.3548965 7.80749989
164.97699 -93.3045502 8.73285007
164.8974 -93.1376953 4.76220036
164.876343 -93.1660995 4.83094978
164.843399 -93.1160965 6.1342001
164.819199 -93.1255035 7.91860008
164.921829 -93.0896759 8.50530052
164.889526 -93.1319351 8.67903328
164.938995 -92.9138031 5.88689995
164.874298 -92.810051 8.38865089
164.890228 -92.8996201 8.50572014
164.958008 -92.6613007 5.72980022
164.878494 -92.7402039 5.85726643
164.959396 -92.7913971 8.35760021
164.883942 -92.7086487 8.47704983
164.883698 -92.518898 5.68009996
164.947754 -92.5740051 8.38459969
164.841599 -92.2381973 5.39750004
164.907974 -92.3458023 5.52266693
164.821503 -92.3345032 5.64900017
164.828598 -92.2923965 8.43400002
164.811401 -92.0803986 5.29360008
164.965698 -91.9943008 5.31430006
164.86911 -91.6773529 5.88154984
164.923904 -82.5399017 0.322299987
165.0802 -99.4433975 -0.0264999997
165.041107 -98.626297 -0.0092000002
165.073502 -98.5875015 -0.066200003
165.014206 -97.9896011 -0.0654999986
165.084351 -97.2886505 2.61240005
165.100296 -97.1329498 2.46939993
165.153595 -97.1633987 2.66429996
165.092667 -96.9311676 2.34436655
165.107635 -96.8486481 4.09660006
165.170898 -96.7034988 -0.060800001
165.111786 -96.7558365 2.29351664
165.181 -96.6212997 2.41580009
165.04599 -96.7122955 4.10360003
165.101898 -96.4993439 2.17799997
165.095398 -96.4860306 2.31813335
165.199005 -96.4069977 2.49460006
165.0289 -96.469101 2.63599992
165.179199 -96.4194031 3.93059993
165.065598 -96.5135345 4.05376673
165.084 -96.5319977 4.20359993
165.054199 -96.4624481 6.57410002
165.005402 -96.5049973 6.6717
165.054626 -96.2489624 2.09253335
165.08194 -96.3191681 2.29011679
165.099396 -96.2654495 2.47585011
165.149246 -96.3322983 3.87415004
165.087402 -96.2601013 4.09029961
165.145706 -96.3569031 4.20660019
165.084595 -96.2400513 6.51114988
165.1203 -96.1076965 2.352
165.191498 -96.1147461 2.4921
165.008499 -96.0660019 3.89630008
165.115402 -96.0982666 4.05369997
165.106598 -96.141098 6.56869984
165.193665 -96.0550537 6.68900013
165.159149 -95.8208466 2.57980013
165.186005 -95.9746017 2.67190003
165.036804 -95.9917984 3.29530001
165.014343 -95.9268951 3.92254996
165.097809 -95.9577484 4.04484987
165.182953 -95.9543457 6.44255018
165.119003 -95.9378967 6.68580008
165.135971 -95.7257004 2.49624991
165.195694 -95.7826004 2.68260002
165.056091 -95.6877441 3.27139997
165.154144 -95.6575012 3.50340009
165.164093 -95.7984009 3.91770005
165.141495 -95.6009979 6.34679985
165.167847 -95.6896973 6.49464989
165.195007 -95.7895966 6.71409988
165.17746 -95.5607452 2.52174997
165.067444 -95.4063034 3.52550006
165.132904 -95.5008011 3.97169995
165.04715 -95.4488983 4.11250019
165.131531 -95.5032959 6.3144002
165.101227 -95.4941025 6.4934001
165.186996 -95.455101 6.68620014
165.102493 -95.3778 3.49900007
165.183594 -95.3612976 4.2027998
165.089096 -95.2564011 6.18909979
165.093323 -95.3198242 6.34030008
165.135635 -95.270668 6.53093338
165.095947 -95.237854 6.67640018
165.045303 -95.1211014 6.32259989
165.0755 -95.0746002 6.53340006
165.152695 -95.1057968 6.65689993
165.136505 -94.9753036 6.59569979
165.123001 -94.8836975 6.81389999
165.160492 -94.8460541 7.11194992
165.089203 -94.6576004 -0.131699994
165.068863 -94.658371 6.33543348
165.134644 -94.7715454 6.56900024
165.098099 -94.736351 6.66954994
165.093597 -94.719101 6.93349981
165.055939 -94.6895523 7.1168499
165.065399 -94.6322021 7.21070004
165.151306 -94.5009003 4.27199984
165.011902 -94.575798 5.79909992
165.104553 -94.4624481 5.91085005
165.098297 -94.481636 6.33066654
165.074097 -94.4376984 6.52740002
165.066895 -94.4355011 7.13070011
165.108307 -94.4526978 8.51625061
165.14003 -94.4342651 8.71710014
165.124969 -94.4804688 8.87973309
165.005493 -94.3544998 4.39499998
165.167099 -94.3249969 5.51119995
165.181702 -94.373497 5.88170004
165.191895 -94.3041 6.18079996
165.098694 -94.364151 6.31449986
165.135406 -94.2602005 7.17460012
165.061157 -94.3092041 8.69449997
165.023804 -94.2965012 8.80720043
165.114746 -94.1331024 5.52985001
165.023499 -94.167099 5.93419981
165.006104 -94.1121979 6.07670021
165.092499 -94.0747986 7.30369997
165.099472 -94.0924759 8.53867531
165.108154 -94.1352997 8.61590004
165.06424 -93.9156952 4.27970028
165.171906 -93.9961014 7.0170002
165.138199 -93.8735962 7.77229977
165.071503 -93.925499 7.81015015
165.161194 -93.9557037 8.46860027
165.047195 -93.8384018 8.70079994
165.0401 -93.7333527 4.23604965
165.001602 -93.7590027 5.96390009
165.047455 -93.743103 6.02850008
165.187607 -93.7833023 6.44140005
165.086502 -93.6307983 7.83949995
165.022705 -93.7313004 8.69379997
165.049698 -93.5350037 5.9217
165.100143 -93.5095978 7.86520004
165.145676 -93.5471725 8.56585026
165.024506 -93.5531006 8.65009975
165.154602 -93.3722992 4.79430008
165.113251 -93.2928467 5.98705006
165.190308 -93.3099976 7.87440014
165.115448 -93.2619476 8.53520012
165.061234 -93.254364 8.67529964
165.180405 -93.0711975 -0.190699995
165.013397 -93.0871964 4.70749998
165.107391 -93.1207504 5.90810013
165.009506 -93.1377029 6.01730013
165.186798 -93.0752029 8.37660027
165.108704 -93.125351 8.54339981
165.030701 -93.1835022 8.68500042
165.022095 -92.8050003 -0.232500002
165.084274 -92.8767319 5.84520006
165.157196 -92.742897 5.70730019
165.0737 -92.6294022 8.47109985
165.192993 -92.5268021 3.4532001
165.165405 -92.4248962 4.42710018
165.058746 -92.4697037 8.44760036
165.147003 -92.2561035 3.21370006
165.142197 -92.2709961 4.91830015
165.140549 -92.242897 5.05010033
165.101761 -92.2403641 5.34183311
165.128906 -92.3333969 5.58900023
165.011902 -92.3628006 8.45639992
165.161407 -92.1720963 3.31130004
165.1203 -92.1940002 4.9453001
165.0103 -92.0093002 5.40700006
165.168106 -91.6572037 -0.157299995
165.087799 -91.6987991 5.34894991
165.185806 -81.5616989 -0.547500014
165.337296 -99.964798 -0.0142999999
165.202393 -99.5402985 -0.0480999984
165.326096 -99.0468979 -0.0540000014
165.31105 -98.448349 -0.0683999956
165.372894 -98.0320969 -0.1655
165.201508 -97.0152969 -0.229100004
165.336502 -97.0805969 2.40960002
165.288544 -97.006897 4.13545036
165.343903 -97.0721512 4.34564972
165.234406 -96.9423981 2.26559997
165.333786 -96.9262009 4.11738348
165.223007 -96.6337967 2.21440005
165.332901 -96.6300964 4.01590014
165.2061 -96.7240982 4.28929996
165.309006 -96.4636993 2.24814987
165.216339 -96.4309006 2.46740007
165.284164 -96.4657974 4.03726673
165.382706 -96.449501 6.65010023
165.239655 -96.3077011 2.34665012
165.254242 -96.2451019 2.52594995
165.389694 -96.342598 2.6789
165.318802 -96.3253021 3.78830004
165.291107 -96.3205338 3.94646668
165.244995 -96.3343964 4.32210016
165.329453 -96.3206482 6.5323
165.298859 -96.1741943 2.13234997
165.286133 -96.0776672 2.31706667
165.316101 -96.0648651 2.49713326
165.245514 -96.0958328 2.70803332
165.241196 -96.1893997 2.8513
165.300049 -96.1138 3.94105005
165.382294 -96.091301 6.32929993
165.311798 -96.0427017 6.44250011
165.398895 -95.9014969 2.19339991
165.274658 -95.9609985 2.52799988
165.26265 -95.9080963 2.68659997
165.386597 -95.9434967 2.84579992
165.236511 -95.8851471 3.91020012
165.209793 -95.9974976 4.11600018
165.395294 -95.8320007 6.37900019
165.333649 -95.9338989 6.47599983
165.304245 -95.9280014 6.64309978
165.286713 -95.7004547 2.71619987
165.209702 -95.6379013 3.61800003
165.222595 -95.6716003 4.07649994
165.322708 -95.6468048 6.30639982
165.242996 -95.7518997 6.44420004
165.218597 -95.5709991 3.52600002
165.281296 -95.5958023 3.76729989
165.320038 -95.5543518 3.81879997
165.3349 -95.5643997 6.18109989
165.281876 -95.5323257 6.30560017
165.225998 -95.3684998 -0.141299993
165.366394 -95.3595963 4.10309982
165.223404 -95.2021027 6.11880016
165.360794 -95.3149033 6.34770012
165.229706 -95.350296 6.49609995
165.373398 -95.3078003 7.10370016
165.203201 -95.0682983 6.3670001
165.322815 -95.0679474 6.4993
165.279007 -95.0018997 6.66499996
165.337601 -95.1652985 6.97109985
165.33136 -95.0629501 7.05480003
165.296707 -95.0854034 7.23670006
165.282349 -94.9298477 6.28264999
165.315353 -94.8956451 6.47364998
165.230896 -94.96315 6.7430501
165.268494 -94.8495941 6.93445015
165.272324 -94.9241028 7.07167482
165.319397 -94.7384949 6.74769974
165.276642 -94.6912994 7.06594992
165.354752 -94.6899033 8.83062458
165.311295 -94.4882965 5.70409966
165.26535 -94.5518494 5.82499981
165.284363 -94.5305939 6.76725006
165.285858 -94.4625015 6.87374973
165.248871 -94.4980469 7.05574989
165.322281 -94.5440826 8.70345688
165.269989 -94.5328979 8.9083004
165.315201 -94.2563019 5.56809998
165.26918 -94.2890244 5.687325
165.224792 -94.3906021 5.82560015
165.220703 -94.2373962 6.10589981
165.268906 -94.3522034 8.53748035
165.287704 -94.2856979 8.73254967
165.341858 -94.0512009 4.27915001
165.212204 -94.1606979 5.47279978
165.354599 -94.1950989 6.10480022
165.240997 -94.009201 7.04559994
165.269608 -94.0162964 7.75699997
165.373444 -94.1501999 8.58519936
165.248001 -94.0672989 8.95240021
165.305603 -94.0546036 9.0316
165.289047 -93.9534531 4.29559994
165.274399 -93.9898987 5.41879988
165.2117 -93.9227448 6.93945026
165.369507 -93.9400024 7.63770008
165.263199 -93.803299 8.64570045
165.224503 -93.9423981 9.0710001
165.2621 -93.7070999 2.98779988
165.313995 -93.7321014 4.77180004
165.349396 -93.6996002 4.84170008
165.286301 -93.7968979 5.36660004
165.273804 -93.732399 5.48766661
165.317703 -93.7941971 5.74289989
165.257996 -93.6947021 6.01809978
165.227402 -93.7482452 7.84945011
165.314896 -93.7324982 8.63449955
165.287201 -93.4111023 3.33669996
165.320297 -93.5285034 5.2519002
165.278503 -93.5749969 5.96649981
165.289993 -93.4164963 6.05459976
165.385406 -93.5178986 8.38850021
165.208099 -93.4515991 8.59150028
165.383606 -93.2229004 7.75199986
165.318604 -93.3195038 7.8421998
165.393402 -93.0149994 5.76140022
165.246155 -93.0626526 5.89610004
165.243393 -93.114502 8.2816
165.382004 -92.8447037 4.57229996
165.2108 -92.8899994 5.58640003
165.309601 -92.9096985 5.7279501
165.261658 -92.9682007 5.87709999
165.363602 -92.930397 7.7986002
165.389801 -92.8302002 8.24709988
165.290207 -92.7259979 -0.2183
165.375107 -92.6259003 3.35100007
165.339096 -92.7362976 3.52160001
165.388702 -92.7535019 4.63250017
165.314758 -92.4778976 3.15396667
165.286804 -92.4862976 3.38940001
165.277954 -92.547287 3.48311663
165.356506 -92.4343033 4.44509983
165.360306 -92.592598 4.64260006
165.242905 -92.5907974 5.53849983
165.248199 -92.4791031 8.50739956
165.326355 -92.3722 3.18949986
165.23877 -92.3203735 3.26547503
165.358704 -92.2287979 3.46670008
165.396698 -92.3976974 4.30970001
165.37854 -92.3438492 4.92615032
165.293396 -92.3466034 5.40999985
165.257385 -92.078125 3.14312506
165.365402 -92.0147018 3.33200002
165.345245 -92.1222992 4.42850018
165.322205 -92.1636505 5.29365015
165.303497 -92.1610031 5.41569996
165.213043 -91.9928513 5.29335022
165.252655 -91.8880463 5.43575001
165.261703 -91.6910019 5.18739986
165.313599 -91.7028503 5.31699991
165.217697 -82.8939972 0.375499994
165.331696 -82.6965027 -0.455799997
165.363403 -81.8876038 0.136000007
165.391998 -81.6594009 -0.390399992
165.225693 -80.0211029 15.5931997
165.473404 -99.7499008 -0.140599996
165.444199 -98.6520996 -0.0571000017
165.572906 -97.2578964 4.15829992
165.531342 -97.2748718 4.32513332
165.464706 -97.0809021 2.3664999
165.430603 -97.1689987 2.46959996
165.501602 -97.157402 3.94199991
165.450974 -97.0791702 4.13759995
165.479828 -97.1347122 4.27874279
165.581406 -97.0064011 6.67929983
165.546204 -96.9729996 3.98810005
165.523834 -96.9222488 4.10454988
165.438095 -96.844902 4.23159981
165.416 -96.7781982 2.37229991
165.489594 -96.6389465 3.95095015
165.472397 -96.7353668 4.04146671
165.597 -96.5490036 3.89969993
165.591507 -96.5902023 4.00220013
165.546051 -96.2143478 2.12625003
165.556595 -96.2518005 2.24729991
165.4664 -96.3796005 3.98440003
165.567963 -96.258194 4.07595015
165.503204 -96.2469025 6.50309992
165.541901 -96.1401978 2.12074995
165.587006 -96.0102005 2.60890007
165.493698 -96.1949997 3.97370005
165.550995 -96.152298 4.00400019
165.595093 -96.180397 6.50790024
165.590607 -96.0390015 6.66800022
165.428406 -95.841301 2.18330002
165.548859 -95.9203491 3.93314981
165.430405 -95.9704971 4.2651
165.441345 -95.8907013 6.35281658
165.549896 -95.8844986 6.4394002
165.579895 -95.7743988 3.921
165.5448 -95.6542969 4.00740004
165.484802 -95.6288452 6.17465019
165.498825 -95.6926346 6.29150009
165.435547 -95.5142517 4.03305006
165.556091 -95.4996948 6.18144989
165.421402 -95.5783997 6.3288002
165.465607 -95.4713974 7.02629995
165.514694 -95.3594971 3.84380007
165.4729 -95.2481003 6.28149986
165.516602 -95.3487015 6.72510004
165.503296 -95.3448029 6.86359978
165.477005 -95.314003 7.04769993
165.468307 -95.0679016 4.07429981
165.510696 -95.1481018 6.18400002
165.480804 -95.1741486 6.8812499
165.4189 -94.9974976 6.81169987
165.454407 -94.9981003 7.07420015
165.574203 -94.947403 8.89019966
165.505066 -94.7798004 8.76620007
165.584198 -94.4906006 5.34749985
165.515594 -94.5481033 5.42910004
165.429199 -94.4990997 7.02629995
165.446701 -94.5488968 8.62030029
165.572006 -94.2384033 3.01740003
165.5242 -94.335701 5.29809999
165.4944 -94.3841019 5.70100021
165.432205 -94.3654022 7.00619984
165.466858 -94.3488464 8.54495049
165.587402 -94.395401 8.62839985
165.527603 -94.1259995 3.23340011
165.443512 -94.0789032 4.27939987
165.591507 -94.1184998 5.33080006
165.598907 -94.1383972 5.43769979
165.503006 -94.0843964 5.71619987
165.476105 -94.1811981 5.89659977
165.4832 -94.1769028 6.99870014
165.404297 -94.0304031 7.92110014
165.535797 -94.1177521 8.5543499
165.425598 -94.0115967 9.07050037
165.408493 -93.9536972 4.14529991
165.547607 -93.9505005 5.93279982
165.569794 -93.8733978 6.25089979
165.425507 -93.8440018 7.8032999
165.449997 -93.9741974 8.50440025
165.428802 -93.9007034 8.65410042
165.48114 -93.9116058 9.09154987
165.487198 -93.9327011 9.30840015
165.531494 -93.7540512 5.98330021
165.506104 -93.6464005 8.55459976
165.475998 -93.7392654 8.70400047
165.546997 -93.5238037 5.97860003
165.448608 -93.4555511 7.14299965
165.476501 -93.5531006 8.34490013
165.516296 -93.5086517 8.56895065
165.5168 -93.4845963 8.63799953
165.577499 -93.4235001 8.97169971
165.530304 -93.250946 3.51084995
165.473068 -93.3544006 5.91193342
165.439896 -93.3757019 7.07359982
165.418701 -93.2668991 7.77680016
165.412201 -93.3143005 8.02250004
165.5354 -93.3364029 9.00879955
165.469406 -93.209198 9.32919979
165.560593 -93.0735016 5.5927
165.513702 -93.0503998 5.77320004
165.461548 -93.0110016 7.7177
165.433304 -93.0401001 7.88780022
165.469299 -93.1266022 9.21269989
165.447098 -92.9720993 4.52720022
165.401505 -92.9840012 4.64830017
165.441711 -92.8617554 5.76315022
165.552597 -92.9310989 9.14949989
165.545593 -92.6641006 3.53180003
165.480347 -92.6412735 4.43944979
165.428497 -92.6727982 4.6020999
165.458939 -92.6972656 8.28310013
165.514694 -92.5327988 3.36969995
165.497101 -92.4796982 3.44230008
165.544403 -92.5820007 3.7585001
165.546448 -92.4628448 4.0954504
165.489258 -92.4391022 4.22249985
165.493408 -92.493454 4.40954971
165.588303 -92.4065018 4.98070002
165.468307 -92.4049988 5.27559996
165.458694 -92.5166016 5.44719982
165.448837 -92.5411682 8.27176666
165.447098 -92.2448502 4.75390005
165.451508 -92.3113022 4.87809992
165.423004 -92.3748474 5.07740021
165.556244 -92.314743 5.4211998
165.489594 -92.3388977 5.62979984
165.465195 -92.0583344 3.06393337
165.581696 -92.0339966 3.63089991
165.58905 -92.1493988 4.13424969
165.546005 -92.0924988 5.36910009
165.469193 -92.1359024 6.3671999
165.597397 -91.8044968 3.30290008
165.451904 -91.6790009 5.33419991
165.497696 -82.8050003 -0.363999993
165.532303 -82.8090973 0.0764999986
165.557602 -82.7667999 -0.0944999978
165.493393 -82.7974014 0.0168999992
165.564194 -82.3139038 14.2896996
165.451202 -81.8825989 -0.432500005
165.4086 -81.8817978 -0.280299991
165.545197 -81.9374542 -0.0653499961
165.401901 -80.1492004 15.8361998
165.64859 -99.0670929 -0.0470499992
165.750702 -97.5873032 -0.120800003
165.778503 -97.4406357 4.44869995
165.759796 -97.3078995 -0.117299996
165.650803 -97.2005005 4.39629984
165.774994 -97.0019989 -0.0768999979
165.680603 -97.0669327 4.06599998
165.761108 -97.0953522 4.22049999
165.788605 -97.0129013 6.39629984
165.785095 -97.0126038 6.55639982
165.712051 -96.9708023 4.04174995
165.717224 -96.8768005 6.47069979
165.779495 -96.8470001 6.64569998
165.751297 -96.7049026 3.95720005
165.672607 -96.7471008 4.03289986
165.779907 -96.4196014 -0.113200001
165.657394 -96.4923019 2.40440011
165.709396 -96.2655258 3.89835
165.777206 -96.2578964 6.55660009
165.726303 -96.2291031 6.61320019
165.677933 -96.1399994 2.07926655
165.693893 -96.0541992 3.90389991
165.778397 -96.1100998 6.06029987
165.642105 -95.9355011 2.3427999
165.751404 -95.9643021 3.74449992
165.745132 -95.8433685 6.29393339
165.616592 -95.9912033 6.5703001
165.705002 -95.9828033 6.62039995
165.662903 -95.6975021 3.79139996
165.657196 -95.7062988 3.8433001
165.737 -95.7254028 4.09350014
165.684692 -95.6307983 6.41699982
165.624405 -95.4422989 6.02799988
165.794601 -95.4586029 6.35129976
165.728897 -95.3459015 6.06640005
165.738205 -95.1343002 -0.146400005
165.728165 -95.0638657 5.72730017
165.656891 -95.0456009 5.90150023
165.708405 -95.0664978 6.38590002
165.730301 -95.1207962 6.44140005
165.659607 -94.9412994 5.72704983
165.665573 -94.9264679 5.87173367
165.754395 -94.9068985 6.44469976
165.716827 -94.844696 8.67576599
165.687393 -94.6090012 5.38369989
165.7341 -94.6792984 5.4296999
165.710205 -94.7810974 5.78739977
165.70845 -94.7473755 8.67475033
165.661301 -94.6873016 8.94859982
165.709702 -94.4197998 5.29530001
165.723404 -94.4825974 5.58440018
165.790695 -94.4802017 5.60979986
165.799896 -94.5211029 7.77899981
165.694794 -94.5774002 8.57269955
165.704605 -94.5138016 8.64159966
165.757904 -94.242897 4.26870012
165.608398 -94.350769 5.74993324
165.620895 -94.3880005 5.83400011
165.762543 -94.3386993 7.87015009
165.757294 -94.2863464 9.44775009
165.735794 -94.1956024 4.14659977
165.638901 -94.1087494 4.22370005
165.716095 -94.0395966 5.85489988
165.740204 -94.1075974 8.65170002
165.706757 -94.1101532 9.25704956
165.679657 -93.9433441 5.32684994
165.709564 -93.9314651 5.42616653
165.792297 -93.9805984 6.21299982
165.698944 -93.8414001 6.51130009
165.718506 -93.9011993 6.99249983
165.7173 -93.8113022 7.90799999
165.778442 -93.8555984 8.57620049
165.674896 -93.9326019 8.9946003
165.669403 -93.9001999 9.27569962
165.680099 -93.6912994 4.48969984
165.7733 -93.6287994 6.0250001
165.705551 -93.699646 6.91664982
165.757294 -93.7200012 8.4847002
165.718704 -93.7622986 9.33440018
165.655396 -93.4440002 6.0296998
165.6875 -93.471199 8.74639988
165.642853 -93.2770996 3.49370003
165.603195 -93.3482971 3.66090012
165.704193 -93.2173004 5.76730013
165.754456 -93.2107544 5.83885002
165.740494 -93.2230988 7.74669981
165.736206 -93.3494034 7.8597002
165.630402 -93.3309021 8.97340012
165.651093 -93.2762985 9.00119972
165.685455 -93.0842514 5.76835012
165.616394 -93.1329956 7.71740007
165.660294 -93.0700989 8.97340012
165.614105 -92.8139038 5.53359985
165.745102 -92.8115997 7.52440023
165.716995 -92.9680481 7.64715004
165.755707 -92.9178009 8.56340027
165.660995 -92.6256027 5.13969994
165.724792 -92.7036972 7.58830023
165.737701 -92.6409988 8.15620041
165.749207 -92.6969986 8.21259975
165.675049 -92.4067535 3.96560001
165.641006 -92.4346008 4.91830015
165.709808 -92.4960022 7.55765009
165.747925 -92.4674225 8.14700031
165.688202 -92.5022964 8.26710033
165.644196 -92.3312988 4.0323
165.653397 -92.2310028 4.25489998
165.691406 -92.3090973 6.61030006
165.738907 -92.2357025 7.35699987
165.770401 -92.1155014 3.22959995
165.7211 -92.1757507 3.71114993
165.764801 -92.1568451 3.90450001
165.600906 -92.0466003 6.25899982
165.755157 -92.1483002 6.69059992
165.682495 -92.0285492 7.02815008
165.689896 -92.1512985 7.32250023
165.74295 -91.9576492 0.507650018
165.677399 -91.9328003 3.07680011
165.647202 -91.8775024 3.51399994
165.795197 -91.9371033 7.2670002
165.707306 -91.7344513 3.50710011
165.781799 -91.3590012 0.559000015
165.704697 -91.1981964 0.360399991
165.714706 -83.2642975 -0.466100007
165.752808 -82.433403 14.2403002
165.671494 -82.2068024 13.8817997
165.768204 -82.3618011 14.2336998
165.607895 -82.0084991 -0.195600003
165.661499 -82.164299 13.6899996
165.738495 -81.7666016 13.5193996
165.817902 -97.3823013 4.42150021
165.846207 -97.0597992 4.03189993
165.837097 -97.0723038 6.51620007
165.841095 -96.9777985 3.83310008
165.893372 -96.9230347 6.33536673
165.929504 -96.8651962 6.65920019
165.878601 -96.6706009 2.32595015
165.966156 -96.7127991 2.4691999
165.962219 -96.7302704 6.32805014
165.934158 -96.6999969 6.42976665
165.92366 -96.4891434 3.92901993
165.897278 -96.5325623 6.45900011
165.886246 -96.5115051 6.70574999
165.897705 -96.3124008 2.21029997
165.9767 -96.2938995 3.7802999
165.8974 -96.3187027 3.91529989
165.919006 -96.2489014 6.1477499
165.955902 -96.2722015 6.38539982
165.904907 -96.3343964 6.51119995
165.890396 -96.2978973 6.87489986
165.933197 -96.1841965 2.78200006
165.89444 -96.0908966 3.6875
165.873306 -96.1804962 3.84120011
165.8479 -96.1018524 6.03235006
165.866501 -96.0834503 6.33582497
165.932129 -96.088974 6.44952488
165.968811 -95.9335938 6.12524986
165.909805 -95.9944 6.28929996
165.8815 -95.9136963 6.54169989
165.921524 -95.6865616 6.26393986
165.909195 -95.584198 -0.0838000029
165.908203 -95.5350037 5.96934986
165.808701 -95.5567017 6.4447999
165.95166 -95.3134003 5.88800001
165.957153 -95.3033447 6.3505497
165.807861 -95.0534515 5.66540003
165.897537 -95.1163635 5.87867975
165.960907 -95.0718994 6.13880014
165.844238 -95.1317444 6.34584999
165.839005 -94.8378983 5.77780008
165.897903 -94.7176971 5.74049997
165.993301 -94.7889023 6.38689995
165.832199 -94.7031021 6.4513998
165.966507 -94.7203979 8.48729992
165.991302 -94.6238022 8.65130043
165.827698 -94.6978989 8.82970047
165.919403 -94.5488968 6.54850006
165.850098 -94.4524002 7.68919992
165.812393 -94.4134979 7.85020018
165.986893 -94.4313965 8.38140011
165.889465 -94.5014191 8.52503967
165.984497 -94.4091034 9.56869984
165.890594 -94.3815994 7.85540009
165.945694 -94.3961029 8.35149956
165.88208 -94.303299 8.48762512
165.915039 -94.3086548 9.38974953
165.859344 -94.3212509 9.47410011
165.861694 -94.0812988 4.21210003
165.889099 -94.033699 6.47319984
165.942993 -94.0908966 7.06305027
165.883804 -94.0860977 8.40690041
165.828598 -94.1949005 8.63529968
165.956696 -93.8343964 4.32509995
165.893295 -93.995903 5.94719982
165.897507 -93.9299011 6.13770008
165.819397 -93.8609009 6.71140003
165.876694 -93.6138 5.93760014
165.9095 -93.7670975 6.22720003
165.969894 -93.6968994 8.44970036
165.884506 -93.6692963 8.63749981
165.955597 -93.4449463 3.72370005
165.980194 -93.4307022 5.66160011
165.903305 -93.4542007 5.90500021
165.878998 -93.3974991 3.71810007
165.883606 -93.3494034 5.79139996
165.875504 -93.2668991 7.66069984
165.8936 -93.2613983 8.89210033
165.839905 -93.1667023 5.56169987
165.931168 -93.1327972 7.73716688
165.960007 -93.183197 7.83960009
165.821899 -93.1374969 8.56610012
165.923004 -92.9404526 5.50360012
165.972198 -92.8436966 6.86240005
165.885742 -92.9068222 7.53695011
165.914902 -92.6447983 6.68660021
165.935501 -92.6557693 7.34009981
165.973404 -92.7397995 7.47809982
165.808395 -92.7776031 7.6026001
165.814804 -92.7071991 8.08590031
165.841232 -92.5157013 3.69976664
165.826263 -92.5321503 4.27180004
165.903793 -92.535202 6.24490023
165.997498 -92.5843964 6.97289991
165.961212 -92.4508057 7.15779972
165.857498 -92.4736023 7.36189985
165.9702 -92.3358994 3.73990011
165.944275 -92.2750702 3.91736674
165.809097 -92.3412018 4.02729988
165.889801 -92.2820969 6.31409979
165.834259 -92.2895508 6.66849995
165.881302 -92.2412033 7.00199986
165.854034 -92.2813339 7.28596687
165.879501 -92.1479034 3.49499989
165.981903 -92.0843964 3.60349989
165.908249 -92.0642548 3.95095015
165.868301 -92.1892014 6.83839989
165.915894 -91.4590454 6.64789963
165.981506 -91.2655029 6.6388998
165.921799 -91.0716019 4.34229994
165.964752 -91.0590515 6.56324959
165.941254 -91.0799561 6.70305014
165.844299 -90.8933029 0.4463
165.884003 -82.7350006 0.243300006
165.903564 -82.475563 14.0650997
165.876556 -82.2556 13.6727505
165.810196 -82.3705978 14.0885
165.925705 -82.0958023 13.3864002
165.860107 -82.1383972 13.5292997
165.855347 -82.186203 13.7177505
165.938599 -82.1839981 13.8887997
165.804398 -81.9232025 0.0463999994
165.93399 -81.6994476 13.0769997
165.910599 -81.0807037 11.9806004
165.955093 -81.1345978 12.0209999
165.863495 -80.9001999 11.7627001
166.099304 -99.9457016 -0.0315000005
166.020203 -99.757103 -0.0285
166.108337 -99.3090973 -0.0557999983
166.124802 -98.8697968 -0.0573999994
166.157196 -97.9237976 -0.0754000023
166.158905 -97.3358994 -0.101000004
166.088501 -97.0035019 6.24539995
166.191193 -96.9069977 2.12494993
166.097794 -96.8095016 6.15999985
166.119797 -96.8563995 6.20870018
166.028503 -96.9219971 6.40170002
166.067398 -96.9079514 6.63920021
166.118744 -96.71875 2.31694984
166.032501 -96.7602997 2.45840001
166.176895 -96.7429962 2.67849994
166.101562 -96.7536469 6.27155018
166.150696 -96.4850006 3.77010012
166.07132 -96.4960251 3.86420012
166.12355 -96.4989471 4.09710026
166.083298 -96.4032974 6.19740009
166.074036 -96.4747696 6.23699999
166.192795 -96.2253036 2.98270011
166.097 -96.3227997 3.47059989
166.109695 -96.3392029 3.71379995
166.0616 -96.3834991 3.81539989
166.049652 -96.2775497 6.32695007
166.196701 -96.1246033 2.72099996
166.147995 -96.1772995 2.9776001
166.06813 -96.1314316 3.66946673
166.100998 -96.1169662 6.30703354
166.020538 -96.070549 6.48379993
166.073593 -95.8015976 2.63470006
166.123947 -95.9302521 3.56575012
166.007996 -95.936203 5.94390011
166.085999 -95.811203 6.17479992
166.188202 -95.8944016 6.21530008
166.127396 -95.6612015 2.45670009
166.1698 -95.7037964 2.625
166.130493 -95.702301 6.17250013
166.022705 -95.7968979 6.27979994
166.183502 -95.6610031 6.92780018
166.092697 -95.7030029 7.0939002
166.168396 -95.5470963 2.39319992
166.081757 -95.493248 5.87610006
166.117294 -95.4289017 6.26749992
166.051407 -95.5792999 6.75279999
166.151794 -95.2195969 5.77040005
166.052505 -95.3694 5.85340023
166.065598 -95.2493973 6.40320015
166.068741 -95.0795364 5.76756668
166.06485 -95.0739517 6.01620007
166.078125 -95.1135712 6.28637505
166.001907 -94.9171982 4.16099977
166.153961 -94.9541473 5.76535034
166.137527 -94.9409637 6.30536652
166.186905 -94.6258011 4.21630001
166.179199 -94.7293015 5.68410015
166.187805 -94.6977997 6.37590027
166.191696 -94.5998993 5.76550007
166.161896 -94.4205017 6.32919979
166.101196 -94.4736938 6.43720007
166.095062 -94.5493698 8.32916641
166.113495 -94.5196991 8.44569969
166.157303 -94.4816513 8.61989975
166.132401 -94.2388992 5.64169979
166.177094 -94.2360001 6.52990007
166.042206 -94.3102036 8.15509987
166.112854 -94.3047028 8.35550022
166.020493 -94.3136978 9.2191
166.084793 -94.1924973 5.84649992
166.071198 -94.1048355 9.11893272
166.018997 -93.9019012 4.37650013
166.130096 -93.9091492 6.92370033
166.116302 -93.8694992 7.00540018
166.070297 -93.8481979 8.4385004
166.026901 -93.6444016 8.51469994
166.129395 -93.7666016 9.02859974
166.131561 -93.5127487 3.72154999
166.016205 -93.4737015 3.92659998
166.140503 -93.4051971 8.35410023
166.010101 -93.5636978 8.87930012
166.019806 -93.3940964 3.71259999
166.034302 -93.2388 5.42990017
166.021149 -93.142952 5.5079999
166.136795 -93.1257019 7.68669987
166.069595 -93.0590973 8.75940037
166.065201 -92.8067017 7.80730009
166.034897 -92.7198029 7.04879999
166.159897 -92.4209976 4.26730013
166.026352 -92.5193024 4.88300037
166.117004 -92.5302963 5.02909994
166.039001 -92.4461975 7.08319998
166.0793 -92.3398972 3.70539999
166.145203 -92.3277969 4.13520002
166.007706 -92.3592987 4.23150015
166.001999 -92.0999985 4.0314002
166.016403 -92.1529007 7.2052002
166.125793 -92.133194 8.7126503
166.110794 -91.8404007 0.0153000001
166.113297 -91.9651031 3.59170008
166.148605 -91.953598 8.7826004
166.177307 -91.6240997 0.251599997
166.148697 -91.7260971 3.46160007
166.134094 -91.7570038 8.9041996
166.048157 -91.5144043 6.4698
166.106293 -91.4953003 6.67959976
166.179398 -91.3320999 3.26360011
166.1474 -91.3682022 4.19269991
166.043152 -91.2751007 4.33380032
166.043396 -91.3464966 4.40479994
166.073456 -91.1096954 4.15289974
166.044495 -91.0846558 4.34809971
166.070007 -90.6776962 -0.243399993
166.097504 -90.7230988 0.375400007
166.110001 -90.7633972 0.402099997
166.070007 -82.4651031 13.4869003
166.032806 -82.5056992 14.0489998
166.024109 -82.3231049 13.8587999
166.175751 -82.1361008 13.5060501
166.075745 -81.8112946 13.1171999
166.0784 -81.75 13.0654001
166.004303 -81.6477966 13.5417004
166.196594 -81.1516037 13.2205
166.030502 -80.9608994 11.7178001
166.000107 -80.941803 11.8266001
166.109497 -80.6200027 11.5193005
166.107452 -80.6943054 11.6926994
166.103806 -80.7802963 11.9399996
166.161606 -80.2557983 11.3761997
166.169205 -80.347702 11.6754999
166.281952 -99.4380493 -0.0725499988
166.231445 -99.3044434 -0.0927999988
166.294205 -97.719902 -0.0355000012
166.349152 -97.009552 2.12325001
166.355804 -97.0286026 2.32910013
166.313995 -96.8440018 -0.0540999994
166.248795 -96.8881989 1.95430005
166.249649 -96.8883514 2.31780005
166.289597 -96.9221344 2.52306676
166.350906 -96.9023972 2.65089989
166.376205 -96.8367996 4.35150003
166.201202 -96.7985992 2.41770005
166.218094 -96.6038971 6.16890001
166.266998 -96.6560974 6.30130005
166.247406 -96.7315979 6.53170013
166.275604 -96.5470963 2.28740001
166.276398 -96.4365997 2.85400009
166.270706 -96.4784012 3.8585
166.280869 -96.511467 6.26693344
166.352402 -96.388298 2.85599995
166.364105 -96.2658005 3.72169995
166.355896 -96.3050995 4.35879993
166.395096 -96.2726974 4.52209997
166.278503 -96.2516022 6.1114502
166.346893 -96.336998 6.20069981
166.228607 -96.1606979 2.96630001
166.335007 -96.1977997 3.03679991
166.259445 -96.1440506 6.1581502
166.244904 -96.0500031 6.23780012
166.316559 -95.9365997 6.15963316
166.2164 -95.6514969 2.64549994
166.287003 -95.6111984 2.81550002
166.260803 -95.6174011 3.04360008
166.382706 -95.6051025 4.51130009
166.217407 -95.6871033 5.89260006
166.329544 -95.7181549 6.09724998
166.341095 -95.6818008 6.25379992
166.281693 -95.5886993 2.78489995
166.327103 -95.4453964 2.83389997
166.372406 -95.5646973 4.5868001
166.251999 -95.4287033 6.04949999
166.356796 -95.5263977 6.23070002
166.304352 -95.2709961 5.78620005
166.249405 -95.2929001 5.89400005
166.342194 -95.3528976 6.06809998
166.326706 -95.3330994 6.31389999
166.266998 -95.1653976 5.77190018
166.223297 -95.1231003 5.99840021
166.365601 -95.0997009 6.17539978
166.279846 -95.1436996 6.25164986
166.287994 -94.8155975 4.17920017
166.29715 -94.816452 5.75115013
166.3703 -94.8144989 5.83400011
166.306793 -94.7665024 3.99780011
166.256699 -94.7378006 5.55060005
166.2565 -94.7438965 5.60059977
166.286606 -94.5678024 5.80560017
166.305099 -94.2453995 7.83209991
166.229797 -94.2769012 8.27670002
166.359924 -94.094635 -0.108000003
166.355103 -94.1610031 0.183599994
166.216095 -94.0493011 0.237100005
166.270401 -94.178299 4.39249992
166.395798 -94.1275024 8.58419991
166.332901 -93.8971024 0.235300004
166.3564 -93.7389984 -0.177499995
166.285507 -93.7918015 7.19899988
166.209 -93.6299973 8.87440014
166.294098 -93.5446014 3.8125
166.396393 -93.456955 7.75504971
166.244705 -93.262207 7.75904989
166.380295 -93.1912003 6.97529984
166.309601 -93.120697 7.61829996
166.228806 -93.1968994 7.87860012
166.246307 -93.0538025 8.16870022
166.357605 -93.1071014 8.82299995
166.277206 -92.9801025 6.93690014
166.242599 -92.8088989 7.35790014
166.335403 -92.9602966 8.27830029
166.264297 -92.6777344 4.93160009
166.212494 -92.7926025 6.98260021
166.350906 -92.6863022 7.53429985
166.291595 -92.711998 8.00710011
166.326904 -92.5289993 3.97410011
166.331894 -92.4188004 4.07310009
166.346802 -92.4200974 4.20830011
166.300247 -92.5739441 4.6635499
166.319397 -92.33815 4.14690018
166.351593 -92.3198013 4.24300003
166.344604 -92.3430023 7.49679995
166.23233 -92.1226959 8.49559975
166.215302 -92.1905975 8.75319958
166.260101 -91.8164978 0.151899993
166.329605 -91.992897 3.61500001
166.375397 -91.9570007 7.64209986
166.288193 -91.9319992 8.56550026
166.319092 -91.759552 3.45134997
166.205093 -91.6099014 8.71940041
166.272705 -91.518898 3.36880016
166.395905 -91.2985001 4.10169983
166.2789 -90.9442978 6.40189981
166.251907 -90.7979965 0.0898000002
166.233246 -90.7290039 0.329949975
166.361496 -89.7492981 -0.284700006
166.345001 -83.9141998 11.8094997
166.314209 -82.823349 0.25940001
166.343094 -82.7158966 0.338999987
166.264801 -82.7036972 13.8401003
166.293457 -82.0235977 13.1065998
166.389008 -81.860199 0.0980999991
166.246201 -81.8815994 0.282499999
166.397507 -81.8887024 12.7342997
166.347397 -81.8612976 12.8319998
166.304596 -81.6769028 0.232099995
166.207306 -81.6964035 13.2441998
166.388397 -81.5322037 12.3892002
166.230301 -81.4676971 12.7921
166.281296 -81.1113968 11.5978003
166.387604 -81.1604004 12.5179005
166.354294 -80.6193008 11.3957996
166.365799 -80.469902 11.2320995
166.287643 -80.5152969 11.7491999
166.384796 -80.3116989 11.2705002
166.5401 -99.6576004 -0.0732000023
166.434402 -99.2985001 -0.0798999965
166.526703 -97.2250977 2.19770002
166.50119 -97.2243042 2.28069997
166.534546 -97.0825958 2.07609987
166.428802 -97.0215988 2.32310009
166.522552 -97.026001 2.46425009
166.4646 -97.0337982 2.65540004
166.417053 -96.9632492 2.36634994
166.563797 -96.9585037 2.70429993
166.501999 -96.8238983 4.30070019
166.477264 -96.9048691 4.40859985
166.483536 -96.8519974 6.31816673
166.470642 -96.8692474 6.4225502
166.541962 -96.7319336 6.18476677
166.480118 -96.7355652 6.28325987
166.4077 -96.6734009 6.50150013
166.555099 -96.4866028 2.33240008
166.47403 -96.486702 4.07093334
166.518799 -96.5027008 6.15124989
166.481934 -96.5309296 6.26376677
166.422806 -96.2369003 2.9914
166.491913 -96.3426514 3.76250005
166.448898 -96.3406982 3.96169996
166.481201 -96.3961029 4.00579977
166.485703 -96.3401031 6.03809977
166.521698 -96.0559006 -0.268099993
166.450302 -96.1756973 4.3427
166.494598 -96.0018997 6.16239977
166.408493 -95.9638977 2.85479999
166.430801 -95.9468994 6.13530016
166.525803 -95.8591995 6.22739983
166.557602 -95.6035995 0.00989999995
166.421402 -95.6731033 4.84520006
166.5354 -95.5166016 2.98650002
166.421494 -95.543396 4.51754999
166.504547 -95.5343246 6.10307503
166.425751 -95.4221039 6.32404995
166.550095 -95.3327026 2.99160004
166.480698 -95.2959976 3.96740007
166.421997 -95.2897034 6.16069984
166.492294 -95.0939026 6.01499987
166.556259 -94.8760681 3.9234333
166.425201 -94.8343964 5.6718998
166.526505 -94.9315033 5.95959997
166.429398 -94.7731018 5.78730011
166.523193 -94.5677032 5.93739986
166.492493 -94.3100967 9.03439999
166.443054 -94.3132935 9.29874992
166.434204 -94.1385498 0.155399993
166.475159 -94.1098022 4.27519989
166.4384 -94.1922989 8.98830032
166.4048 -93.9897995 -0.0126
166.567993 -93.8967972 8.4751997
166.576706 -93.983902 8.8913002
166.476959 -93.6396332 3.87650013
166.514603 -93.7109985 6.51520014
166.441803 -93.6062012 7.03989983
166.495605 -93.5192032 7.41079998
166.445206 -93.5820007 8.24199963
166.552307 -93.5001984 8.44789982
166.511703 -93.3470001 5.48290014
166.597397 -93.2562027 7.41039991
166.419998 -93.3142014 7.94110012
166.511505 -93.3965988 8.30350018
166.529694 -93.086235 7.44873333
166.555695 -92.9669037 7.37629986
166.427094 -92.8971024 7.40189981
166.4879 -92.8501968 7.65269995
166.50827 -92.6748276 3.84969997
166.408798 -92.6818008 4.88180017
166.437897 -92.4219971 3.9769001
166.480698 -92.3052979 4.06949997
166.440002 -92.379303 7.32740021
166.540955 -92.3115997 8.24234962
166.5681 -92.0242004 4.46929979
166.578735 -91.7379379 3.33856678
166.433105 -91.7434006 3.42820001
166.571198 -91.7472992 4.44719982
166.492798 -91.6924973 6.94939995
166.510635 -91.4779663 3.32850003
166.440704 -91.4470978 4.19239998
166.531097 -90.8460999 0.291799992
166.475494 -89.8886032 -0.263399988
166.589706 -83.8785019 11.5831003
166.559998 -82.9108963 13.8732004
166.560196 -82.7366028 0.226300001
166.593903 -82.7276001 13.6674995
166.429001 -82.2881012 13.6927004
166.554398 -82.1285019 12.6785002
166.445099 -81.9391022 0.213100001
166.531158 -81.90905 12.8643503
166.556 -81.6652985 11.8326998
166.557693 -81.7998962 12.4903002
166.466003 -81.4982986 12.7286997
166.498627 -80.7145538 11.521925
166.514496 -80.7835999 17.1629009
166.590805 -80.4213028 10.4347
166.623306 -99.9515991 -0.0322999991
166.654495 -98.7794037 -0.0753000006
166.628403 -97.219902 2.16429996
166.717102 -97.2572021 2.30029988
166.638702 -97.1901016 2.06999993
166.776398 -97.0781021 3.3736999
166.712448 -97.0394516 6.23124981
166.634506 -96.9553986 2.59619999
166.63385 -96.8553467 4.24534988
166.713501 -96.864502 4.41379976
166.729462 -96.8814011 6.22909975
166.784302 -96.7102966 3.3204
166.692307 -96.7133026 4.19680023
166.724625 -96.6734772 4.24849987
166.693054 -96.7300491 6.1718998
166.668793 -96.4692001 2.85829997
166.6436 -96.4782028 4.18179989
166.794205 -96.444397 5.98829985
166.699799 -96.5317764 6.11677504
166.694901 -96.3361969 3.74600005
166.650803 -96.2689972 5.96600008
166.664398 -96.1361008 3.00539994
166.645752 -96.0690002 4.16359997
166.656158 -96.0730209 4.29650021
166.761902 -96.0235519 6.09194994
166.695099 -95.9738998 4.18529987
166.785095 -95.905098 5.8927002
166.690628 -95.8700485 6.04530001
166.660507 -95.9812012 6.31470013
166.765198 -95.6699982 3.08360004
166.785904 -95.7425995 3.24670005
166.607498 -95.7524033 4.1887002
166.6465 -95.790802 5.99529982
166.732742 -95.7062683 6.11686659
166.693497 -95.4592972 -0.118600003
166.701065 -95.4366684 3.10330009
166.637497 -95.5848007 3.24780011
166.782959 -95.5083008 6.08154964
166.693604 -95.319397 6.06500006
166.753998 -95.0498962 2.76670003
166.767807 -94.9662018 2.80010009
166.752396 -94.9638977 6.10004997
166.706696 -94.677803 3.96329999
166.684906 -94.6772995 4.29090023
166.643295 -94.6722031 8.5383997
166.712402 -94.5596008 4.04829979
166.784698 -94.4525986 5.97349977
166.689056 -94.4916 6.12535
166.657394 -94.2276001 8.15110016
166.623398 -94.2974014 9.15480042
166.715942 -94.1329041 8.55500031
166.628006 -94.1746979 9.27420044
166.696198 -93.8493958 6.36314964
166.770004 -93.8348999 8.79100037
166.776505 -93.7552032 2.01530004
166.798096 -93.6910019 3.11689997
166.789795 -93.6726532 3.54829979
166.758392 -93.6521988 3.64030004
166.775452 -93.654953 3.9440999
166.758453 -93.7094498 4.03469992
166.752274 -93.6642303 4.33726645
166.709595 -93.6560974 4.50869989
166.762756 -93.7188492 5.44050026
166.767105 -93.6854019 5.88180017
166.768906 -93.4852982 3.65179992
166.691101 -93.5779495 3.86135006
166.779205 -93.592598 4.12960005
166.760254 -93.5338745 4.28954983
166.725494 -93.5409012 5.30359983
166.770203 -93.2213974 4.15770006
166.766006 -93.2179031 4.30299997
166.740707 -93.2148972 4.60769987
166.760605 -93.2659988 7.5243001
166.678604 -93.2041016 7.69820023
166.7117 -93.3638 8.07339954
166.732895 -93.0338974 4.08780003
166.733902 -93.1030045 4.30430031
166.701202 -93.1763 4.61250019
166.653503 -93.1638031 7.6099
166.735794 -93.0212021 8.2361002
166.660889 -92.9049988 7.33975029
166.664093 -92.6310501 3.86245012
166.672104 -92.6220016 5.62389994
166.709152 -92.5441513 7.25570011
166.702057 -92.298996 4.46829987
166.751694 -92.2647018 4.68989992
166.770493 -92.2210999 6.8144002
166.660706 -92.3038025 7.63360023
166.681793 -92.1465988 8.35359955
166.730194 -91.8498001 3.28480005
166.790405 -91.8787994 3.5086
166.799103 -91.9522018 4.97650003
166.761703 -91.9406967 5.15150023
166.720901 -91.7968979 0.431199998
166.756439 -91.7030029 3.11999989
166.746506 -91.7787018 3.28250003
166.718704 -91.7021027 3.56570005
166.679031 -91.7194672 3.73473334
166.604401 -91.6901016 4.19129992
166.735291 -91.721405 4.51949978
166.729294 -91.134697 4.65450001
166.71759 -88.1700516 -0.266149998
166.710999 -84.2513504 11.6620007
166.694595 -84.104599 11.5721998
166.748993 -83.8067017 11.5887003
166.714844 -83.7285461 11.5587006
166.628006 -82.7631989 0.273999989
166.707794 -82.7759018 13.6286001
166.758606 -82.2629013 13.0551004
166.705795 -82.1036987 13.1681499
166.613205 -81.9069977 12.6772003
166.689606 -81.6215973 12.2672997
166.774796 -81.4917984 18.1888008
166.682297 -81.2652969 11.9364004
166.701508 -81.2707977 12.3992004
166.625214 -81.3484039 17.5466003
166.683105 -81.1309967 17.4036999
166.771103 -80.8383026 12.0214996
166.777496 -80.8687973 16.5531998
166.779495 -80.9105988 17.1858997
166.622604 -80.6278 11.1583996
166.692703 -80.6986008 11.2392998
166.792999 -80.782402 11.6028004
166.730804 -80.6356964 11.8870001
166.627594 -80.4794998 10.5599003
166.732758 -80.5562439 12.2901001
166.690796 -80.4163971 17.0380993
166.717651 -80.3029022 10.5084496
166.690704 -80.2492981 14.3298998
166.823898 -99.8069992 -0.0930999964
166.849792 -99.038002 -0.0785999969
166.814301 -98.0401001 -0.0878000036
166.961075 -97.4502029 3.36726665
166.931305 -97.4801941 3.50950003
166.948502 -97.2089005 2.5927999
166.957703 -97.3897018 3.15969992
166.93924 -97.2888947 3.33089995
166.91745 -97.0908051 2.25029993
166.903793 -97.0483017 2.51906657
166.949005 -97.134697 2.63879991
166.929703 -97.0679016 3.29460001
166.834396 -96.9660339 2.51629996
166.943497 -96.8069992 2.73589993
166.905426 -96.8971786 3.32581997
166.942688 -96.8766479 3.48745012
166.974701 -96.9844971 3.60400009
166.863998 -96.8174973 4.45739985
166.935898 -96.8552017 6.17789984
166.893295 -96.7766037 2.62080002
166.987091 -96.6746521 3.12545013
166.912338 -96.645668 3.32296658
166.9104 -96.7164459 3.45795012
166.973801 -96.7838974 3.78830004
166.889771 -96.7497253 4.33774996
166.984299 -96.7074966 4.47609997
166.955399 -96.6911469 5.90560007
166.947403 -96.6555023 6.04050016
166.960648 -96.5052261 3.15269995
166.933197 -96.4140472 3.33585
166.983093 -96.5804977 3.61689997
166.929092 -96.5990982 5.98839998
166.927643 -96.3119507 3.09889984
166.90564 -96.2996063 4.2253499
166.880402 -96.1480026 3.09240007
166.926636 -96.0944977 3.28239989
166.900208 -96.1853027 4.1644001
166.875198 -96.1451035 4.37830019
166.969971 -96.1357346 5.7270999
166.932571 -96.0867996 5.94789982
166.903061 -96.0374985 6.10053349
166.981293 -95.8858032 3.22550011
166.931595 -95.8350983 3.64039993
166.89859 -95.9469528 5.92455006
166.814102 -95.8649979 6.11019993
166.818802 -95.7344971 3.0559001
166.830246 -95.7722473 3.32995009
166.951706 -95.6613998 5.31680012
166.819 -95.6220016 6.21010017
166.881805 -95.4244995 3.13319993
166.880997 -95.5595016 3.33220005
166.961105 -95.5889969 3.45930004
166.9758 -95.5874023 5.25710011
166.911896 -95.4263992 5.93030024
166.918121 -95.4773483 6.04082489
166.825394 -95.2939987 2.75296664
166.910889 -95.2608948 3.15339994
166.883759 -95.3171997 3.37030005
166.810593 -95.3604965 3.40540004
166.866348 -95.320549 6.08774996
166.914505 -95.023201 0.216100007
166.848206 -95.1488037 2.68569994
166.903046 -95.1378021 3.44964981
166.945206 -95.1486969 6.10839987
166.816299 -94.9841995 0.198799998
166.970306 -94.9171982 3.19199991
166.890793 -94.8432007 4.08510017
166.810898 -94.9372025 6.08589983
166.804199 -94.6988983 3.95519996
166.8909 -94.7860031 6.0545001
166.917908 -94.6266022 8.13455009
166.999695 -94.4530029 6.00199986
166.8405 -94.5121002 8.17590046
166.890152 -94.4819489 8.26574993
166.993042 -94.3163986 6.01554966
166.990707 -94.0037994 1.61140001
166.870804 -94.0158005 2.03640008
166.974396 -94.0787964 3.7125001
166.973099 -94.1557999 5.61399984
166.974792 -94.1975021 7.95739985
166.898895 -94.1452026 8.62469959
166.9702 -93.8905029 1.30180001
166.964493 -93.8514023 1.48329997
166.958527 -93.8797455 1.72787499
166.935944 -93.89785 1.89324999
166.906891 -93.9118958 2.23220015
166.999298 -93.9677963 2.45810008
166.946304 -93.8713531 3.54220009
166.933304 -93.8457031 3.77099991
166.954193 -93.8106995 4.125
166.870209 -93.885849 8.34945011
166.985001 -93.9434967 8.4598999
166.974396 -93.901001 9.11289978
166.936996 -93.9216003 9.29109955
166.9729 -93.7988968 1.09230006
166.914093 -93.7774963 1.22160006
166.884094 -93.7235641 1.50446665
166.882904 -93.7809982 1.65139997
166.898697 -93.7443008 1.9400667
166.902573 -93.6619644 2.11899996
166.88121 -93.7328644 2.48623323
166.923294 -93.7767029 2.75699997
166.868988 -93.7508011 2.91972494
166.829956 -93.7250519 3.0999999
166.877106 -93.7192001 3.33794999
166.922104 -93.7529449 3.47049999
166.843628 -93.7157516 3.75094986
166.832504 -93.7143021 3.93470001
166.888336 -93.729866 4.10393333
166.887207 -93.7424698 4.29193354
166.883759 -93.7424469 5.53339958
166.808807 -93.7285004 5.71430016
166.983002 -93.7251968 6.93330002
166.844604 -93.6007004 8.32660007
166.984894 -93.5727997 2.7434001
166.831497 -93.5550995 3.38940001
166.835495 -93.5543976 3.50483322
166.8535 -93.5614014 3.61479998
166.831894 -93.441597 4.17500019
166.867004 -93.299469 4.29279995
166.994202 -93.327301 6.25129986
166.804199 -93.2702026 7.32929993
166.843201 -93.2116013 7.46290016
166.855301 -93.0591965 4.25339985
166.811996 -93.1955032 4.62150002
166.860901 -93.1298981 7.53789997
166.826996 -93.0457001 8.72369957
166.962601 -92.9947968 -0.242500007
166.808502 -92.8470001 5.62939978
166.873306 -92.9728012 7.34600019
166.886597 -92.6555023 7.73199987
166.867798 -92.4091034 4.34420013
166.883972 -92.4847336 4.44636679
166.959793 -92.5578995 7.64379978
166.893204 -92.2965012 4.54559994
166.859253 -92.3708496 4.63259983
166.858795 -92.0529022 4.30940008
166.869095 -92.1000977 4.40299988
166.922302 -92.1192017 6.45410013
166.882202 -91.914299 0.484149992
166.896225 -91.8464966 3.5326333
166.990097 -91.9736023 4.5236001
166.817795 -91.7684021 0.357899994
166.858795 -91.7845993 3.6644001
166.850693 -91.6568985 4.70349979
166.966705 -91.439003 6.66300011
166.828354 -91.2767487 4.53065014
166.914001 -91.3963013 6.52829981
166.802704 -91.1661987 4.69719982
166.9272 -91.1993027 6.44360018
166.951996 -90.8095016 0.399599999
166.850098 -85.0901031 9.6097002
166.942902 -84.8144989 16.1954002
166.868698 -84.6578979 16.2096004
166.912506 -84.1457977 11.5608997
166.982193 -84.1275024 11.7807999
166.852249 -83.9145508 11.4344501
166.998901 -83.936203 12.2101002
166.858093 -83.6000977 11.2618999
166.939896 -83.4887009 12.0777998
166.893494 -83.5252991 12.8277998
166.918701 -83.3862 12.7434998
166.911102 -82.8834991 13.8137999
166.883896 -82.7352982 0.074500002
166.845505 -82.6258011 13.3620996
166.890427 -82.7007217 13.5164251
166.920197 -82.4372025 13.1317997
166.844498 -82.5831985 13.5284996
166.932297 -82.2031021 8.64239979
166.932007 -82.2658005 12.8627996
166.952499 -82.3984985 13.2010002
166.977707 -82.1937027 8.61299992
166.964798 -81.9134979 0.119099997
166.929092 -81.9091034 12.8875999
166.935394 -81.641098 12.2305002
166.987503 -81.7114029 12.5066004
166.960098 -81.7910995 18.4792995
166.891098 -81.5582504 12.5035
166.900497 -81.517601 12.6639004
166.957703 -81.4185028 17.8153992
166.870102 -81.2001038 16.9906998
166.934509 -81.0943527 16.9098511
166.9711 -81.0498962 17.1564999
166.968094 -81.0978012 17.2049999
166.853607 -80.8332977 11.7479
166.811798 -80.8074036 11.8743
166.917206 -80.9151001 12.3555002
166.899994 -80.8544998 17.2572002
166.898697 -80.7110519 10.8862
166.900894 -80.783699 11.0064001
166.883194 -80.6784973 11.5452003
166.937012 -80.6333008 11.8989
166.858597 -80.767601 16.6669006
166.844101 -80.615303 16.9081001
166.944107 -80.4625015 10.3779001
166.920303 -80.5204468 10.5049496
166.851395 -80.4738998 10.8961
166.969803 -80.5905991 11.6159
166.973404 -80.3968964 10.4763002
166.956802 -80.2473984 14.1443005
166.880203 -80.2098999 16.7198009
166.831299 -80.3230972 16.8929005
166.925507 -80.3380966 17.0543995
166.835205 -80.0165024 14.6100998
166.938232 -80.0811691 16.4577332
166.981201 -80.1835022 17.1886005
167.097305 -99.0465012 -0.104599997
167.111893 -98.1044998 -0.133499995
167.014694 -97.4259033 3.26360011
167.021301 -97.4785995 3.46149993
167.135437 -97.2349548 2.33515
167.026093 -97.2348022 2.56999993
167.057907 -97.3958969 3.28060007
167.024261 -97.1069489 2.53030014
167.108093 -97.1380005 2.72600007
167.076004 -97.1202545 3.32937503
167.013901 -97.0438004 3.46099997
167.032806 -96.8533478 2.51144981
167.113297 -96.8665009 2.82669997
167.139694 -96.9583969 3.38000011
167.169907 -96.836998 4.47809982
167.153595 -96.8911972 5.80240011
167.056396 -96.8031998 6.08529997
167.141205 -96.8702011 6.27719975
167.055206 -96.7696991 2.86069989
167.036804 -96.6521988 3.18260002
167.134552 -96.7197571 3.27850008
167.186493 -96.6100998 4.31809998
167.065796 -96.6881027 5.9993
167.036697 -96.6468964 6.03529978
167.147507 -96.7825012 6.23449993
167.016098 -96.4423981 2.81750011
167.042603 -96.4927979 3.2256
167.046951 -96.4232483 3.51754999
167.111206 -96.4514999 4.21509981
167.126907 -96.4172974 5.27199984
167.0961 -96.509903 6.01900005
167.0672 -96.2911987 2.91599989
167.094788 -96.3395004 3.26174998
167.107498 -96.3892975 4.29650021
167.058899 -96.2148972 4.6573
167.081207 -96.3317032 5.39690018
167.129395 -96.2397995 5.52089977
167.183105 -96.2416 5.76949978
167.129501 -96.3327026 6.03359985
167.015396 -96.1103973 2.85220003
167.029907 -96.0047989 3.42140007
167.021896 -96.0366974 4.66120005
167.132904 -96.1028748 5.26445007
167.119995 -96.0889435 5.42539978
167.087997 -96.1679001 5.63730001
167.165848 -96.0931549 5.89300013
167.118668 -96.0961685 6.03306675
167.055801 -95.8054962 3.28990006
167.113602 -95.8126984 3.41700006
167.157898 -95.8274002 5.34819984
167.105804 -95.8174973 5.49069977
167.077301 -95.9311981 5.93489981
167.178604 -95.9452972 6.04650021
167.131104 -95.7491989 3.33019996
167.080261 -95.7172546 3.47804999
167.180206 -95.7388992 3.60739994
167.162506 -95.7921982 4.94089985
167.085571 -95.6639328 5.43000031
167.041229 -95.7244339 5.95889997
167.012695 -95.4129028 3.13549995
167.164139 -95.5543289 3.54979992
167.131699 -95.5477982 5.38380003
167.060165 -95.4926987 5.95456648
167.09671 -95.5182037 6.02799988
167.184799 -95.5653992 6.23000002
167.061005 -95.2026978 3.53480005
167.123596 -95.2994003 4.07340002
167.091202 -95.3955002 5.18989992
167.194901 -95.365097 5.91830015
167.048264 -95.1537018 3.29719996
167.072495 -95.1579971 3.47230005
167.131561 -95.1087494 5.96475029
167.082108 -95.0930023 6.0079999
167.182693 -94.9031982 0.104099996
167.135651 -94.8867035 0.276650012
167.168396 -94.952301 3.2808001
167.172806 -94.8321991 4.31500006
167.170502 -94.858902 5.44180012
167.107452 -94.8637543 6.06140041
167.102997 -94.9105988 7.90150023
167.0793 -94.9104004 8.17910004
167.175293 -94.7284012 4.5637002
167.051895 -94.691597 5.50239992
167.09314 -94.7025452 5.61505032
167.198196 -94.7304001 5.81869984
167.195694 -94.7695999 6.08920002
167.047806 -94.6598969 8.18465042
167.172806 -94.4399033 3.44869995
167.180206 -94.5870972 5.51919985
167.191498 -94.4643021 6.00750017
167.034805 -94.5914993 6.76739979
167.049103 -94.5944977 8.17020035
167.0336 -94.3746033 -0.224199995
167.133102 -94.236702 -0.118900001
167.103958 -94.2939224 3.52117991
167.124298 -94.3701019 6.04890013
167.065598 -94.3330994 7.96969986
167.104309 -94.0959015 -0.0839999989
167.146393 -94.1524963 0.0181000009
167.091995 -94.028801 0.323399991
167.126648 -94.0241013 0.48120001
167.147598 -94.0616989 0.681150019
167.185593 -94.0686035 0.875899971
167.091705 -94.0139008 1.06889999
167.107803 -94.0175018 1.20469999
167.04834 -94.0191956 1.47909999
167.088303 -94.0019989 1.83340001
167.032898 -94.0351028 3.59949994
167.010498 -94.0931015 8.66425037
167.099594 -94.0134964 9.44970036
167.063995 -93.9934998 -0.0230999999
167.124603 -93.9694977 0.0206000004
167.092499 -93.9151993 0.390599996
167.030869 -93.8858643 0.504733324
167.017303 -93.9213028 0.66140002
167.029221 -93.9432755 1.07587504
167.027603 -93.9487 1.37179995
167.011993 -93.9693985 1.49530005
167.011093 -93.9825974 1.72259998
167.102005 -93.9555969 1.9957
167.041992 -93.9106522 2.34560013
167.1772 -93.8508987 2.57439995
167.084656 -93.9207001 2.74265003
167.041 -93.860199 3.56349993
167.025391 -93.8096466 5.85465002
167.155304 -93.9809036 6.02460003
167.170593 -93.8731995 9.53419971
167.010193 -93.6761017 1.03999996
167.027954 -93.6513977 1.26265001
167.185196 -93.7488022 3.95709991
167.1474 -93.6345978 5.74329996
167.133301 -93.7751999 6.93760014
167.183197 -93.4338989 7.37470007
167.192001 -93.3127975 0.149100006
167.117599 -93.3218994 7.41550016
167.181305 -93.1914978 -0.183899999
167.08786 -93.0749969 0.0910000056
167.183899 -92.5746002 7.75279999
167.196793 -92.2509003 4.61929989
167.053894 -92.3515015 8.3366003
167.033005 -92.066803 6.19259977
167.160706 -91.8652496 0.511699975
167.013702 -91.9604034 4.41660023
167.055496 -91.7534027 3.63450003
167.106903 -91.4953003 0.635900021
167.128998 -91.2173996 0.630100012
167.177307 -91.0376968 0.593400002
167.070297 -90.8125992 0.291599989
167.176392 -90.8267975 0.4903
167.035599 -90.5518036 0.478100002
167.079407 -85.4072037 9.87139988
167.153503 -85.2304001 9.45370007
167.118988 -85.3648987 9.71254921
167.081696 -85.2274017 10.6896
167.165604 -85.0858002 9.33080006
167.032394 -85.0988007 9.51089954
167.121552 -85.0702972 9.63064957
167.072601 -85.1376038 10.1924
167.140793 -85.1604996 10.6964998
167.050293 -85.1820984 14.3527002
167.0495 -84.9844971 9.30109978
167.058197 -84.9700012 10.5698004
167.156296 -84.6046982 16.1739998
167.181305 -84.3386002 10.3403997
167.025604 -84.0061035 11.5852003
167.151505 -84.1462021 12.0576
167.039093 -83.657402 11.2292995
167.058807 -83.5858994 11.9328003
167.189194 -83.4100037 12.5387001
167.181702 -83.5350037 12.71
167.143707 -83.2779999 16.0660992
167.180099 -83.1968994 11.4554996
167.175903 -83.0560989 13.3894997
167.025604 -82.9078979 13.5909004
167.196106 -82.7919006 -0.29550001
167.139297 -82.7706985 -0.0935999975
167.128098 -82.6996994 0.132799998
167.058105 -82.7118988 13.3835001
167.193298 -82.3546982 8.50199986
167.08844 -82.234848 12.84235
167.032501 -82.353302 13.0230999
167.007706 -82.0510025 13.0131998
167.183701 -82.0994034 13.8979998
167.151764 -81.9268036 -0.0922000036
167.047699 -81.7903976 12.5009003
167.140701 -81.7145004 18.2105007
167.032394 -81.7986984 18.4258995
167.161804 -81.4654007 12.0637999
167.141495 -81.4421005 17.7092991
167.003799 -81.5119019 18.3068008
167.115051 -81.2234039 12.2860498
167.197601 -81.3507996 12.6104002
167.128693 -81.2053986 16.8192005
167.198196 -81.2378006 17.2259998
167.098801 -81.1128998 12.6169996
167.065308 -81.0970993 16.7726994
167.115997 -80.9595032 12.2152004
167.194504 -80.870697 16.1758003
167.144806 -80.8154984 16.4379997
167.047699 -80.8639984 16.7723999
167.072449 -80.8440018 16.83885
167.015701 -80.8616028 17.0147991
167.094101 -80.6657028 12.1132002
167.031204 -80.4880981 10.6794996
167.110107 -80.4990005 11.6780005
167.175842 -80.5510559 16.2448997
167.037598 -80.3535004 14.1857004
167.134399 -80.2435989 16.8370991
167.062393 -80.0028 14.0218
167.143906 -80.1252975 15.9645004
167.211899 -97.4065018 3.42600012
167.380905 -97.370903 -0.129999995
167.3526 -97.2483978 2.5933001
167.35466 -97.2544022 2.67389989
167.329803 -97.2217026 2.93339992
167.372803 -97.2559967 3.44589996
167.292892 -97.1176987 -0.164499998
167.279205 -97.0522995 2.31760001
167.303345 -97.1529541 2.54419994
167.378906 -97.1878967 2.79239988
167.310593 -96.8309021 -0.0930000022
167.399002 -96.9080963 4.16900015
167.311188 -96.8566513 4.31935024
167.253204 -96.8370972 4.40320015
167.25119 -96.8715057 5.93484974
167.314728 -96.8905182 6.09827995
167.276993 -96.9424973 6.26900005
167.332596 -96.6139984 3.06480002
167.312241 -96.6789322 4.12666655
167.308167 -96.7192993 4.22809982
167.345749 -96.6262054 5.29794979
167.327545 -96.6931992 5.47239971
167.300293 -96.7995987 6.10419989
167.230301 -96.5485992 4.31069994
167.248703 -96.4411011 4.47139978
167.2332 -96.4531021 5.1645999
167.35495 -96.5753479 5.3361001
167.369446 -96.4918518 5.4293499
167.269897 -96.5540009 5.98570013
167.220993 -96.3921967 5.16870022
167.274017 -96.3143997 5.3118248
167.265854 -96.2742004 5.48974991
167.332108 -96.1800995 2.98810005
167.376099 -96.1868973 3.04200006
167.316498 -96.0907516 5.31970024
167.216248 -96.16465 5.48705006
167.332642 -96.0583038 5.9439497
167.230896 -96.1188965 6.00299978
167.375595 -95.9300003 3.36479998
167.300705 -95.9983978 5.25250006
167.364304 -95.865097 5.53590012
167.291855 -95.822052 5.90670013
167.346207 -95.6493988 4.29890013
167.209198 -95.6517029 5.38000011
167.330505 -95.7547989 5.5770998
167.281006 -95.72155 5.90390015
167.279404 -95.7450485 6.07095003
167.352493 -95.5699997 5.13079977
167.317673 -95.4561234 5.31629992
167.351303 -95.4449997 5.91680002
167.344604 -95.2399979 3.94320011
167.216904 -95.3333969 4.0310998
167.269394 -95.3268967 4.2434001
167.238297 -95.205101 5.11289978
167.284195 -95.2626038 5.27150011
167.239594 -95.3134995 5.90310001
167.3116 -95.0239029 -0.1523
167.335999 -95.1616974 5.29090023
167.304794 -95.1326981 5.88233328
167.249466 -94.8942337 -0.0614
167.396698 -94.9192963 3.42619991
167.285004 -94.9487 3.61339998
167.258148 -94.9143524 8.07209969
167.354095 -94.9247971 8.21630001
167.285995 -94.757103 0.0782999992
167.268143 -94.7106934 3.42815018
167.288605 -94.7155991 5.98409986
167.318497 -94.6964035 6.04160023
167.300903 -94.5495453 5.91495037
167.362701 -94.3312988 3.45429993
167.247406 -94.3073654 5.92806673
167.232193 -94.1427994 -0.0573000014
167.277344 -94.1209335 0.296700001
167.243454 -94.127594 0.532199979
167.266907 -94.0812988 0.896300018
167.311905 -93.9748993 1.4404
167.207901 -93.9768982 1.89059997
167.382904 -93.9316025 7.17799997
167.3396 -93.8470001 8.45470047
167.304901 -93.9496002 9.35029984
167.220551 -93.7238998 3.86810017
167.263901 -93.7381973 8.38249969
167.287994 -93.6993027 9.1218996
167.391296 -93.5718994 -0.233600006
167.267853 -93.2885513 -0.0884499997
167.329605 -93.3311005 0.0847999975
167.211899 -93.3779984 7.28480005
167.335007 -92.8802032 6.49160004
167.204407 -92.7518005 7.78459978
167.294891 -92.435051 3.43910003
167.333878 -92.2758255 3.30995011
167.353607 -92.2784958 3.47220016
167.375 -92.3267975 4.28299999
167.336853 -92.2532043 4.43160009
167.260101 -92.2258987 4.91079998
167.345505 -92.2087021 8.28890038
167.259903 -92.1544037 3.53180003
167.338806 -92.1457977 4.42509985
167.266693 -92.1569977 4.70919991
167.244995 -91.9157028 4.59719992
167.262604 -91.7236023 6.64620018
167.381195 -91.5470963 4.97940016
167.2742 -91.1886978 4.93959999
167.283096 -90.8000031 0.393099993
167.360596 -90.7529984 0.381500006
167.378204 -87.7217026 -0.27669999
167.357147 -85.2372513 9.33449936
167.249771 -85.2695999 9.4701004
167.265625 -85.2785339 10.6674995
167.277298 -85.2027969 10.9212999
167.332306 -85.2067032 17.1348991
167.261246 -85.1044006 10.3452492
167.313049 -85.064949 14.3101006
167.374893 -85.1222 14.4960003
167.347794 -84.8291016 9.01210022
167.360107 -84.9307022 14.1666002
167.264801 -84.8178024 16.184
167.334198 -84.7559967 14.2533998
167.266006 -84.6733017 16.0818005
167.263397 -84.5334015 14.2110996
167.313202 -84.4530029 15.9561005
167.344101 -84.4033966 17.4386005
167.228195 -84.2947006 12.6471004
167.318359 -84.366394 17.3631496
167.367706 -84.1175003 9.54520035
167.268051 -84.0935516 11.9323502
167.293594 -84.1043015 13.5832005
167.343506 -83.8088989 12.6107998
167.360001 -83.6616974 11.6686001
167.272003 -83.6876984 11.8098001
167.285995 -83.5802002 11.5896997
167.2202 -83.2387009 11.7396002
167.256393 -83.2189026 11.9344997
167.3918 -83.3380966 15.6806002
167.223907 -82.8071976 -0.146599993
167.240906 -82.6139526 -0.423749983
167.252197 -82.7927017 -0.241600007
167.218506 -82.6414032 12.9912004
167.327698 -82.7631989 13.0335999
167.220795 -82.7810974 13.2895002
167.356094 -82.5335007 8.26130009
167.256607 -82.4558029 8.61470032
167.347443 -82.4953995 8.86859989
167.382401 -82.4518967 12.9941998
167.395096 -82.4738007 13.0396004
167.372406 -82.5045013 15.2042999
167.243195 -82.3948975 8.51420021
167.291794 -82.1919022 12.8268995
167.266098 -81.913002 -0.349099994
167.211502 -81.7052002 13.5862999
167.354156 -81.6972961 17.7603989
167.366104 -81.6649017 18.5013008
167.263641 -81.5592499 17.53335
167.347305 -81.3710022 16.6439991
167.327194 -81.2053986 16.8871994
167.356995 -81.3977966 17.0909004
167.2173 -81.3268967 17.4018002
167.235794 -81.1945038 16.8722992
167.221497 -81.1802979 17.0384007
167.309402 -81.1386032 17.5921001
167.349594 -80.8520966 12.0853996
167.235703 -80.8088989 16.1709003
167.262939 -80.9068985 16.5193501
167.226807 -80.6682968 17.2324009
167.368301 -80.5233994 10.7378998
167.392899 -80.5388031 11.5995998
167.345901 -80.5212021 11.7937002
167.259796 -80.4143982 16.0191994
167.214905 -80.5046997 16.4587002
167.236404 -80.4643021 16.6238995
167.274399 -80.549202 17.8992996
167.319397 -80.3293991 10.4098997
167.288101 -80.356102 13.3114996
167.230301 -80.2468033 13.5019999
167.219101 -80.2602997 16.4633007
167.3582 -80.2524033 16.8941994
167.317902 -80.3125 17.7331009
167.277298 -80.0703964 14.0201998
167.245209 -80.1515045 16.3073997
167.3535 -80.1516037 17.2807999
167.524506 -99.9012985 -0.0340000018
167.598495 -99.7755966 -0.0957999974
167.485306 -99.3049011 -0.0507999994
167.433395 -99.0154037 -0.0986000001
167.542007 -98.5754013 -0.0843999982
167.513947 -97.2882996 2.56024981
167.533722 -97.292572 2.73607492
167.573807 -97.259903 2.87870002
167.500198 -97.2100983 3.16599989
167.519196 -97.0768967 6.2704668
167.592697 -96.8466034 3.35689998
167.597397 -96.9774017 3.51399994
167.495895 -96.9188004 5.18769979
167.46109 -96.8670502 5.29615021
167.562698 -96.8127975 5.50629997
167.537201 -96.8030014 6.00839996
167.504547 -96.933548 6.22410011
167.468994 -96.7096024 3.36459994
167.4422 -96.6044998 4.19019985
167.498764 -96.7025986 4.24483347
167.439804 -96.7070007 5.42710018
167.407806 -96.6229019 6.01170015
167.488602 -96.6223984 6.2414999
167.469604 -96.5510635 3.2840333
167.542694 -96.5939026 4.3270998
167.504807 -96.5258026 5.1868
167.459198 -96.5596008 5.20289993
167.416702 -96.4020996 5.50740004
167.438599 -96.5971985 5.97819996
167.457947 -96.4360504 6.04409981
167.481003 -96.2723007 3.12540007
167.550507 -96.2238998 3.23779988
167.446259 -96.2745514 5.30000019
167.497894 -96.3481979 6.13329983
167.524323 -96.1110535 4.07200003
167.552795 -96.0449982 5.15399981
167.493896 -96.0346985 5.37970018
167.423599 -96.1676025 5.98979998
167.531906 -96.1083984 6.02570009
167.509598 -95.8007965 3.19619989
167.550095 -95.9723969 4.52299976
167.447098 -95.9056015 4.80509996
167.4944 -95.9437027 5.08799982
167.423294 -95.841301 5.31589985
167.593597 -95.8119965 5.77610016
167.498993 -95.9136963 5.82000017
167.544403 -95.7748032 3.23049998
167.487305 -95.7022018 4.99790001
167.513397 -95.6523972 5.77120018
167.429092 -95.7928009 5.89379978
167.511597 -95.531601 3.35509992
167.511719 -95.519455 4.31069994
167.414703 -95.4098969 4.49039984
167.423004 -95.4972 5.28725004
167.490417 -95.4850616 5.88331985
167.540695 -95.4870987 6.16130018
167.559799 -95.3470001 4.11240005
167.5009 -95.257103 5.48759985
167.515396 -95.2031021 5.96829987
167.5755 -95.3494034 6.05810022
167.515503 -95.0995026 0.247600004
167.4095 -95.1607971 3.39580011
167.498001 -95.072197 4.28770018
167.571701 -95.0935974 5.37330008
167.459946 -95.0743561 5.8885498
167.585602 -94.9208984 2.75419998
167.518997 -94.8743973 3.3605001
167.565903 -94.9666977 3.56949997
167.594498 -94.8814011 4.32210016
167.486053 -94.8905029 5.93764973
167.411804 -94.8509979 6.00610018
167.512695 -94.7040024 5.84910011
167.450302 -94.6639023 8.05200005
167.517502 -94.5106964 4.15150023
167.403595 -94.5919037 5.39300013
167.597504 -94.2761002 0.00100000005
167.592499 -93.9197998 4.07340002
167.582108 -93.9942017 4.32009983
167.497742 -93.9004974 4.51844978
167.441498 -93.808403 6.87739992
167.450195 -93.7229004 4.31000042
167.516296 -93.7248001 7.10419989
167.506699 -93.303299 7.12799978
167.566299 -93.0255966 3.77800012
167.405899 -93.1688995 4.13640022
167.437195 -93.1408005 6.07870007
167.424698 -92.7736969 3.5545001
167.514099 -92.4832001 3.12839985
167.557739 -92.4553299 4.45696688
167.500793 -92.4656982 4.60319996
167.588196 -92.4429016 5.04460001
167.468903 -92.2984467 4.29675007
167.564301 -92.3730011 7.58330011
167.468796 -92.1277008 4.96490002
167.518997 -91.7681503 0.305799991
167.541702 -91.7518997 0.429199994
167.591904 -91.7264023 4.30200005
167.458405 -85.4577026 9.2432003
167.510193 -85.2169037 9.19550037
167.533997 -85.2419968 9.72609997
167.447937 -85.2564316 10.4974003
167.556702 -85.2436981 10.6622
167.491699 -85.2064972 14.2744999
167.460495 -85.0215988 9.08619976
167.505203 -85.1531982 9.30630016
167.484695 -85.1294022 10.1307001
167.599503 -85.174202 14.2890997
167.533646 -85.0663986 14.8635998
167.458694 -84.8383026 9.0085001
167.44046 -84.8935013 9.88330078
167.5672 -84.8562012 13.8334999
167.563095 -84.8274002 14.1799002
167.443253 -84.8650513 16.1954994
167.554901 -84.9847031 16.7752991
167.510971 -84.7212677 8.88593292
167.454987 -84.6889954 9.02860069
167.5159 -84.6987 9.9399004
167.451004 -84.7362976 13.9027004
167.547455 -84.6378479 16.0503006
167.451355 -84.5050964 9.04800034
167.473907 -84.4093018 9.31449986
167.497406 -84.5830994 9.55119991
167.4375 -84.4651031 9.98330021
167.546402 -84.5203018 17.2823009
167.523605 -84.2037964 11.6644001
167.563797 -84.210701 13.4787998
167.445404 -84.3807983 13.9603996
167.4048 -84.0988998 9.79819965
167.549805 -84.1759033 13.5393
167.555206 -84.0426025 15.1447001
167.590302 -84.1639023 17.0242996
167.569305 -83.8019028 11.6110001
167.422394 -83.757103 12.5524998
167.491196 -83.4346008 11.3589001
167.522888 -83.2503967 8.74774933
167.458298 -83.2026978 11.3727999
167.548401 -83.2014008 11.7363997
167.4095 -83.2916031 12.5283003
167.539032 -83.281395 15.6976337
167.419296 -83.0314026 15.5361004
167.546997 -82.8156967 7.67810011
167.485306 -82.8354034 7.87680006
167.546402 -82.9798965 8.16310024
167.537292 -82.685997 7.69180012
167.457199 -82.6964035 12.9131002
167.405594 -82.6727982 13.0180998
167.564499 -82.3524017 8.67870045
167.445908 -82.3255997 13.1622
167.564407 -82.1518021 8.3441
167.599304 -82.1639023 10.4266005
167.581497 -82.0122986 18.5174007
167.522995 -81.6875 17.9445992
167.488693 -81.5636978 17.1625996
167.453094 -81.3377991 17.5326004
167.453796 -80.6843033 17.8899994
167.4664 -80.2984009 10.8710003
167.412292 -80.2404022 11.2613001
167.521103 -80.3855972 11.7271996
167.488098 -80.2795029 16.2031994
167.404999 -80.2954025 17.6131992
167.478195 -80.1047974 15.2475996
167.709793 -99.9330978 -0.0432999991
167.746902 -99.0624008 -0.0700000003
167.697205 -98.8136978 0.0214000009
167.645004 -97.4132996 2.5243001
167.699448 -97.4255524 2.66230011
167.703003 -97.449501 2.81389999
167.71286 -97.32267 2.46316671
167.634705 -97.3292999 2.64015007
167.786407 -97.3584442 2.8906002
167.688248 -96.8924484 3.35940003
167.686798 -96.9322968 3.42000008
167.794495 -96.6443024 3.11129999
167.648163 -96.6464996 3.29235005
167.693405 -96.6924973 5.00169992
167.673401 -96.7630005 5.47629976
167.720062 -96.4624481 3.12274981
167.614899 -96.5622025 5.18849993
167.662689 -96.4289017 5.9215498
167.667297 -96.4553299 6.06766653
167.699997 -96.2285995 3.19219995
167.708496 -96.225502 4.07969999
167.642197 -96.2130966 5.24690008
167.635941 -96.3029022 6.06150007
167.6772 -96.0883026 4.16989994
167.726532 -96.0819016 5.09366655
167.769394 -96.0123978 5.27080011
167.713333 -95.8872375 4.25226688
167.6353 -95.9456024 5.2031002
167.6698 -95.6578979 4.22340012
167.601303 -95.7324982 4.82840014
167.7108 -95.6883011 5.36439991
167.7453 -95.5116043 4.12036657
167.671204 -95.5904007 4.91260004
167.729996 -95.5645981 5.56500006
167.634293 -95.4280014 5.83430004
167.720093 -95.2657013 5.11600018
167.699402 -95.2519989 5.2578001
167.698502 -95.2465973 5.41169977
167.624649 -95.239151 5.73320007
167.6875 -95.2291031 5.95249987
167.619995 -95.2205963 6.05170012
167.640106 -95.1613998 5.61359978
167.625198 -95.1352005 5.89820004
167.794495 -94.6669006 3.58349991
167.797104 -94.6783981 4.07310009
167.639801 -94.683197 4.29775
167.776596 -94.6685028 8.18739986
167.788101 -94.4486008 4.01249981
167.726044 -94.5359497 4.24170017
167.669205 -94.4971008 4.42320013
167.622406 -94.518898 7.93830013
167.683807 -94.5848999 8.18809986
167.765396 -94.3414993 3.45429993
167.753387 -94.3218994 4.06344986
167.712296 -94.2574997 7.71619987
167.677994 -94.3980026 7.80000019
167.788193 -94.0423965 4.34329987
167.770493 -93.9217987 3.97270012
167.791901 -93.9744034 4.00829983
167.687103 -93.8791504 4.2446003
167.705048 -93.8603516 4.52124977
167.6875 -93.8066025 4.72039986
167.689499 -93.9917984 8.40699959
167.641296 -93.7129974 3.95770001
167.757797 -93.7806015 4.08370018
167.615799 -93.7367477 4.30439997
167.730606 -93.4611969 4.03590012
167.739105 -93.5776978 4.85039997
167.710938 -93.1675491 6.90415001
167.611603 -92.4652023 3.05679989
167.738556 -92.5148468 3.30515003
167.667206 -92.4013977 3.5316999
167.781403 -92.4411011 4.34870005
167.783295 -92.5902023 4.45849991
167.692307 -92.4499969 4.98710012
167.729797 -92.4776993 6.15910006
167.673706 -92.2950974 4.31519985
167.792099 -92.1034012 4.71630001
167.755402 -92.197998 4.81829977
167.737793 -91.8240967 -0.216000006
167.729996 -91.8080978 4.49980021
167.716095 -91.5027008 0.269400001
167.658707 -90.816803 0.309199989
167.740356 -90.6720505 0.243000001
167.742645 -85.8222046 15.5508499
167.623795 -85.7991028 15.8123999
167.675446 -85.3035507 9.45899963
167.631104 -85.2545013 10.7686996
167.630997 -85.0062027 9.06369972
167.706238 -85.0748672 9.86613369
167.799194 -85.0410995 10.0476999
167.790604 -85.0067978 13.7751999
167.658142 -85.0444031 14.7294502
167.759003 -85.0184021 16.5762005
167.726395 -85.0469971 16.7129993
167.688995 -84.8890991 8.75129986
167.772797 -84.9356995 8.99540043
167.774796 -84.9872971 9.01239967
167.683502 -84.9227448 13.8809004
167.730499 -84.9095993 15.0199003
167.7966 -84.8284988 16.0592003
167.678345 -84.9098053 16.5201988
167.696701 -84.6864014 8.7869997
167.636307 -84.7779999 9.57190037
167.662598 -84.6790695 15.905467
167.671906 -84.4819031 9.6548996
167.718994 -84.5313034 11.8481998
167.743713 -84.5104523 13.6338005
167.751694 -84.5129013 14.2762003
167.691238 -84.4486008 15.8456001
167.776199 -84.3696976 11.7256002
167.656601 -84.2739029 13.6595001
167.632996 -84.3492966 15.4063997
167.716003 -84.2986984 15.6961002
167.766602 -84.0529022 10.8142004
167.781494 -84.1392975 11.6400003
167.705994 -84.197403 13.7747002
167.652893 -83.8091965 12.6243
167.757507 -83.6463013 8.8501997
167.722794 -83.6531982 11.7711
167.661804 -83.6421967 12.3427
167.649551 -83.7004013 12.4801998
167.663193 -83.4666977 11.7504997
167.726593 -83.5034027 12.6213999
167.699997 -83.3249969 8.58870029
167.696304 -83.290802 8.60429955
167.653412 -83.270752 8.87860012
167.753799 -83.3567963 11.7305002
167.773102 -83.3455963 15.6696997
167.752258 -83.0268478 8.58349991
167.612793 -82.8061981 7.7111001
167.699707 -82.9033966 8.01270008
167.760498 -82.9067993 8.41259956
167.747894 -82.9273987 11.9545002
167.712708 -82.7575989 7.5953002
167.781097 -82.7957001 8.09140015
167.686203 -82.7593994 8.52149963
167.686005 -82.4045029 13.6494999
167.6577 -81.6212006 12.3956003
167.649002 -81.6468964 12.6813002
167.610901 -81.7011032 17.8628006
167.767197 -81.6978989 18.1163998
167.647202 -81.5384979 12.4385996
167.712494 -81.2060013 12.1055002
167.693207 -81.2872009 12.5574999
167.745209 -81.333252 17.7073517
167.751205 -81.0154037 7.03690004
167.649399 -80.8051987 17.0184994
167.7742 -80.7145996 7.38870001
167.719696 -80.6242981 11.3797998
167.695908 -80.6613007 12.1134005
167.644104 -80.6735992 16.9400997
167.720703 -80.4672012 11.0922003
167.733002 -80.4487 16.0252991
167.704407 -80.5126038 16.3626995
167.702896 -80.3272018 16.4522991
167.744995 -80.0570984 15.3057003
167.802505 -98.8880997 -0.0300999992
167.920898 -98.5767975 -0.101000004
167.999603 -97.9694977 -0.127200007
167.903442 -97.458847 2.54949999
167.926636 -97.4638977 2.64479995
167.875305 -97.2357025 -0.120300002
167.896393 -97.3491974 2.60439992
167.884995 -96.8440018 3.53500009
167.941055 -96.4871521 3.28429985
167.851105 -96.4806976 5.33699989
167.974487 -96.4381485 5.46000004
167.861664 -96.5604019 5.94880009
167.918304 -96.3871994 3.09800005
167.9216 -96.2723999 5.16750002
167.908661 -96.2741318 5.29759979
167.874695 -96.3464966 5.87090015
167.825302 -96.0109024 4.42409992
167.801697 -96.0626984 4.98089981
167.819199 -96.1662445 5.08850002
167.825348 -96.0847473 5.70825005
167.916702 -95.9008026 4.27880001
167.902664 -95.6838989 4.12546682
167.872696 -95.5144501 4.02209997
167.958694 -95.3209991 3.96269989
167.891388 -95.3697052 4.0852499
167.944305 -95.2225037 5.08930016
167.9189 -95.3298035 5.34229994
167.894394 -95.1634979 4.01410007
167.958694 -95.0935974 6.93930006
167.951004 -94.9266968 4.04199982
167.904099 -94.6211014 3.34949994
167.926605 -94.6240005 3.54699993
167.869202 -94.736557 3.6701498
167.906906 -94.6165009 3.94639993
167.960144 -94.4561462 3.30854988
167.91391 -94.4876556 3.73644996
167.96106 -94.4716949 3.86574984
167.816498 -94.504303 4.08249998
167.917297 -94.4347 7.95849991
167.873596 -94.5506973 8.02490044
167.971207 -94.2408981 3.96029997
167.884323 -94.2825775 4.04975986
167.944595 -94.3768005 7.81580019
167.959106 -94.0437012 3.57019997
167.960754 -94.1759949 3.69439983
167.918793 -94.0831985 3.92339993
167.904999 -94.0229492 4.11209965
167.8853 -94.1217957 4.30166674
167.837006 -94.1798019 4.4703002
167.982605 -93.8964005 3.55920005
167.886993 -93.8393021 3.7808001
167.804794 -93.9545975 3.92359996
167.866333 -93.8913651 4.08449984
167.864548 -93.8401489 6.85470009
167.848602 -93.9018021 7.05000019
167.9561 -93.7682037 3.68210006
167.983398 -93.4927979 3.69659996
167.910706 -93.5142975 6.48159981
167.990707 -92.9145966 3.25979996
167.96875 -92.7012482 3.48385
167.995102 -92.7053986 4.76859999
167.949005 -92.7496033 4.95510006
167.916397 -92.6253967 5.04370022
167.902847 -92.5224991 4.32824993
167.835052 -92.5212479 4.89650011
167.825607 -92.4011002 8.29249954
167.876099 -92.0357971 4.55340004
167.946198 -92.1007996 4.90229988
167.930298 -91.6468964 -0.197699994
167.889999 -91.7072449 0.112299994
167.854294 -90.9620972 5.14340019
167.844101 -90.6716003 0.1699
167.803604 -90.6188965 6.27880001
167.934494 -90.4569016 5.796
167.939804 -85.8432999 13.9895
167.955795 -85.8731003 14.2390003
167.949997 -85.8662033 15.4354
167.9543 -85.6276016 13.9696999
167.937103 -85.759697 14.1913996
167.867493 -85.7791977 14.3308001
167.821594 -85.6549988 14.4862003
167.936096 -85.7652435 15.4727993
167.936203 -85.6639023 17.2465992
167.962402 -85.4616013 13.8914003
167.87381 -85.4967499 14.1023998
167.840302 -85.2137985 9.37530041
167.899307 -85.2559967 13.5700998
167.801956 -85.0346985 14.5032997
167.845001 -84.884201 8.81620026
167.9245 -84.8686981 10.3648996
167.968689 -84.8297501 10.5160999
167.821106 -84.8281021 12.4050999
167.867767 -84.905632 13.7229004
167.940201 -84.8342972 14.9777002
167.893219 -84.9460983 16.4669495
167.890594 -84.9434967 16.6618004
167.903397 -84.8061981 16.9911995
167.920746 -84.65625 11.9616499
167.971893 -84.6360016 13.5681
167.828995 -84.6986008 15.0219002
167.845505 -84.7373962 16.5039005
167.898804 -84.4368973 11.5511999
167.906296 -84.4800034 11.6573
167.967804 -84.533699 12.0837002
167.987305 -84.5136032 15.6588001
167.826904 -84.5738983 15.9525003
167.975342 -84.5348511 16.1243
167.852203 -84.490097 16.2199993
167.905594 -84.3696976 11.4418001
167.825699 -84.3592987 15.4200001
167.828598 -84.1994019 13.3351002
167.872696 -84.0767975 14.0351
167.940308 -84.0177002 15.2382002
167.985397 -84.1278992 16.7399006
167.999496 -83.7261963 8.55970001
167.848404 -83.6319427 12.3141499
167.977646 -83.716507 12.4445
167.951508 -83.7854996 12.9230003
167.891907 -83.5075989 15.7397003
167.880203 -83.3178329 8.46269989
167.968704 -83.3956985 8.91030025
167.826202 -83.2988968 12.4216995
167.896606 -83.365303 15.1213999
167.800293 -83.0505981 8.42210007
167.912399 -83.1569977 11.7049999
167.8927 -83.164299 11.8537998
167.860992 -83.0764008 12.1827002
167.937805 -82.8382034 8.19159985
167.970596 -82.9312439 8.2947998
167.910995 -82.8925018 12.3827
167.938904 -82.7552032 9.94250011
167.826706 -82.7602997 10.1309996
167.903503 -82.4828491 10.0272999
167.910904 -81.8986969 12.1265001
167.923798 -81.8280029 12.2581997
167.956894 -81.794899 12.0411997
167.809402 -81.2686005 17.5403004
167.843842 -81.0794067 12.1201
167.853302 -81.074501 17.4878998
167.925995 -80.9023972 6.47389984
167.906342 -80.9413986 6.74024963
167.931305 -80.8972015 7.3586998
167.986404 -80.9216995 7.59420013
167.916901 -80.983902 12.0903997
167.875702 -80.6816025 8.52680016
167.906204 -80.7867966 11.5487003
167.940796 -80.6495972 16.3299007
167.811707 -80.7329025 16.4202995
167.934692 -80.7612 16.6826
167.952896 -80.5139999 8.59179974
167.917206 -80.4207993 16.2003994
167.822403 -80.2496033 14.6920996
168.132507 -98.9107971 -0.0798000023
168.177597 -98.1044006 -0.129199997
168.064194 -97.5002975 2.51029992
168.088593 -97.5277328 2.69863343
168.005295 -97.5285034 2.84299994
168.008301 -96.8550034 3.44939995
168.147095 -96.72155 3.43930006
168.065506 -96.6015015 5.79750013
168.109024 -96.4679642 3.25939989
168.119202 -96.4020996 3.81750011
168.033401 -96.4035034 5.28999996
168.023102 -96.4856033 5.74889994
168.047699 -96.3712006 5.19049978
168.102844 -96.3144531 5.24329996
168.144806 -96.3050003 5.61170006
168.063309 -95.9400024 5.29091978
168.157394 -95.6740036 3.94899988
168.114502 -95.5223999 3.91020012
168.029099 -95.5923004 5.3144002
168.067764 -95.2710648 4.96126652
168.115005 -95.3602982 5.03649998
168.183594 -94.8855972 6.62879992
168.026505 -94.2799988 7.78149986
168.084396 -94.3524017 7.88530016
168.035294 -94.1350021 -0.135900006
168.069397 -94.0817032 0.183699995
168.016098 -94.0873032 3.07640004
168.000504 -94.1568985 3.49589992
168.036804 -94.122406 3.8513
168.163803 -93.8957977 3.02810001
168.131104 -93.9201965 3.57640004
168.044296 -93.9688034 4.20949984
168.126144 -93.6625977 3.54495001
168.024094 -93.7497025 3.6019001
168.04425 -93.5105515 3.63170004
168.139206 -93.2108002 3.3355999
168.067993 -93.3826981 3.41750002
168.025803 -92.990097 3.52670002
168.1875 -92.9642029 5.88999987
168.044601 -92.6905975 4.19910002
168.051605 -92.7984009 5.92929983
168.193802 -92.4117966 3.9842999
168.043701 -92.441803 4.15080023
168.1436 -92.2935028 4.0321002
168.151306 -91.893898 2.47199988
168.035904 -91.6436996 -0.200399995
168.093811 -91.7543488 -0.132699996
168.049606 -91.6029968 0.380499989
168.080795 -91.671402 0.459199995
168.079407 -90.8013 0.29824999
168.095901 -90.6508026 -0.306600004
168.086731 -90.7699051 -0.0985333323
168.110306 -90.3800964 5.58419991
168.095505 -89.6822968 -0.270500004
168.091629 -85.9068298 13.9254999
168.038193 -85.8625031 14.4130001
168.100204 -85.6865997 13.6733999
168.0793 -85.7468033 13.8624001
168.041046 -85.7057495 14.15205
168.117493 -85.6436005 17.1818008
168.182404 -85.5625 16.8146
168.147598 -85.4605026 17.0314007
168.052902 -85.3318024 9.17879963
168.072098 -85.2642975 9.24950027
168.167801 -85.2266006 12.5576
168.193604 -85.2801971 13.0888996
168.103088 -85.3210449 13.4633999
168.165894 -85.0240021 10.1913004
168.034897 -85.0162964 10.2019997
168.159698 -85.1054993 11.8337002
168.111099 -85.1480026 12.2637997
168.038895 -85.1175995 12.5472002
168.017502 -85.0835037 12.7676001
168.007004 -85.0493011 13.5710001
168.169006 -84.9457016 10.2454996
168.015106 -84.8356018 10.5462999
168.106598 -84.8844986 13.0901003
168.173004 -84.8090973 15.6316996
168.033493 -84.8019028 17.2411995
168.023605 -84.7231979 9.98719978
168.132904 -84.7443008 11.8681002
168.040298 -84.7701035 12.1105003
168.0345 -84.782402 12.2114
168.125702 -84.7117996 13.4341002
168.044205 -84.7901993 16.7371006
168.057999 -84.5094986 13.4273996
168.087997 -84.435997 16.5161991
168.097595 -84.2232971 13.1668997
168.040894 -84.3565979 13.3515997
168.196594 -84.0800018 11.5783005
168.179703 -84.1921997 16.2247009
168.151199 -83.9492035 8.74610043
168.170654 -83.9638519 12.6447496
168.068802 -83.8831024 16.3150005
168.044098 -83.6672974 12.3758001
168.087494 -83.7682037 12.5839996
168.046295 -83.6512985 14.9442997
168.164795 -83.5165024 12.1611996
168.159897 -83.5839996 12.3875999
168.065796 -83.5307999 13.4168997
168.019104 -83.4403 16.6268005
168.164307 -83.2212982 11.4018002
168.0952 -83.2169037 11.6213999
168.042603 -83.3993988 11.9870005
168.002502 -82.8267975 8.1342001
168.109497 -82.8563995 8.33520031
168.138504 -82.8574982 9.92510033
168.040298 -82.8526993 10.0840998
168.110092 -82.9394684 14.5302
168.117004 -82.6037979 9.90750027
168.069397 -82.7397995 10.0382996
168.128601 -82.7166977 14.3844995
168.178894 -82.5764008 9.78789997
168.083298 -82.5453033 11.9556999
168.192795 -82.1044998 9.91399956
168.159637 -81.699852 10.6697998
168.047501 -81.6592026 11.6829004
168.113693 -81.6577988 11.9990997
168.155899 -81.5867996 10.4272003
168.067001 -81.5823975 11.1056004
168.032593 -81.5131989 11.8859997
168.182495 -81.3302994 10.3886003
168.101105 -81.0291977 7.09490013
168.173096 -81.1039963 8.10229969
168.103195 -81.0302963 10.2585001
168.195206 -81.066597 10.9140997
168.041595 -81.1508026 12.0893002
168.1474 -80.9595032 6.37669992
168.161697 -80.9738998 7.35239983
168.091797 -80.8972015 11.4205999
168.072906 -80.9917984 11.9912996
168.0392 -80.618103 8.94169998
168.086807 -80.6949005 16.5230999
168.045807 -80.7432022 16.9234009
168.171097 -80.3628006 8.23050022
168.143005 -80.3756027 8.73639965
168.117203 -80.3143997 16.1888008
168.093994 -80.1621017 11.0845003
168.397202 -96.9283981 3.64409995
168.370499 -96.7072983 3.52600002
168.219803 -96.5867462 3.3194499
168.207993 -96.5737 3.51169991
168.32486 -96.5747528 3.68790007
168.229904 -96.3685989 5.41750002
168.389999 -96.0150986 5.32980013
168.257095 -95.6893997 3.24909997
168.268494 -95.6378021 5.21290016
168.279099 -95.4029007 2.61560011
168.221207 -95.4288025 5.27780008
168.366394 -95.3569031 5.23460007
168.348297 -94.2193985 2.80220008
168.213501 -94.3333969 4.05310011
168.311707 -94.2174988 4.98500013
168.308594 -94.0616989 2.53209996
168.291199 -94.1168976 3.36139989
168.399307 -94.1143036 6.70440006
168.344299 -93.9273987 2.73020005
168.241394 -93.9076996 3.38039994
168.349792 -93.8861008 3.51149988
168.341095 -93.6812973 2.69300008
168.286896 -93.6600037 3.28609991
168.270203 -93.4088974 3.64569998
168.273193 -93.3333969 3.31349993
168.326904 -93.3527985 3.46370006
168.352097 -93.0440979 2.9533
168.318207 -93.0440979 4.54449987
168.3349 -93.0752029 4.87150002
168.255203 -92.8311996 2.72600007
168.303299 -92.8960648 2.85083342
168.305801 -92.89505 3.04605007
168.274704 -92.731102 2.64499998
168.294403 -92.7500534 2.91755009
168.3918 -92.6295013 4.03410006
168.2836 -92.7735977 4.72970009
168.397995 -92.4906998 3.7507
168.300659 -92.5050507 3.91960001
168.347443 -92.429306 4.14830017
168.271805 -92.0736008 2.8138001
168.315094 -92.1650009 4.35680008
168.266495 -92.1884003 4.41489983
168.244507 -91.0054016 4.39069986
168.388504 -91.0706024 5.5461998
168.233902 -90.7735977 -0.202900007
168.349197 -90.4179001 5.50640011
168.2603 -88.0776978 0.0979999974
168.391006 -87.6387024 0.0456000008
168.302002 -87.5602036 -0.245800003
168.244598 -85.8879013 13.5632
168.2052 -85.8261032 13.8348999
168.339157 -85.9146347 16.1327667
168.376999 -85.8498001 17.3257999
168.282196 -85.7146988 14.2955999
168.338501 -85.6717987 15.5726995
168.350098 -85.6035995 16.7381001
168.294403 -85.5167999 13.5065994
168.325699 -85.5338974 15.5677996
168.274292 -85.4314499 16.7259998
168.207794 -85.553299 16.9253006
168.2444 -85.2742004 12.8023996
168.265396 -85.3091965 16.5874996
168.215805 -85.1258011 10.3500996
168.231506 -85.1046982 10.4456997
168.246994 -85.1053009 12.4462004
168.361404 -85.1365967 12.7336998
168.314407 -85.1904984 15.3392
168.274704 -85.1883011 16.4051991
168.331406 -84.8302994 11.6625996
168.271606 -84.9702988 11.8297997
168.312195 -84.9759979 12.2409
168.326202 -84.9618988 14.5812998
168.264893 -84.7621994 10.2550001
168.315094 -84.4347 11.6382999
168.391907 -84.4169998 12.0205002
168.207901 -84.5742035 15.7121
168.212494 -84.4123993 16.2612991
168.206802 -84.4610977 16.4064999
168.241806 -84.3240967 9.13580036
168.326904 -84.2991028 11.6715002
168.344498 -84.2108994 13.1494999
168.226395 -84.3889008 15.6780996
168.381393 -84.3177032 15.9649
168.356094 -84.3960037 16.7451992
168.393707 -84.1183014 11.4336996
168.309097 -84.1517029 11.6681995
168.273697 -84.1136017 12.7087002
168.231201 -83.9089966 8.72609997
168.258789 -83.9569016 12.5828495
168.388504 -83.7307968 12.1064997
168.259293 -83.6975021 13.9968996
168.286499 -83.6619034 15.7400999
168.309799 -83.4208984 10.6202002
168.379395 -83.4263 11.7882004
168.309097 -83.5073013 13.1892996
168.387207 -83.3757019 11.8057003
168.347 -83.1881027 11.4542999
168.217804 -82.8227997 13.6810999
168.318405 -82.9829025 13.9105997
168.273697 -82.6938019 9.82660007
168.344894 -82.7955017 13.4427004
168.269394 -82.3167038 10.0316
168.203705 -82.3483963 11.7496004
168.263901 -82.1750031 11.9085999
168.279999 -81.436203 10.5143995
168.331696 -81.3604965 10.0393
168.257797 -81.0419998 6.62580013
168.308594 -81.0544968 7.12220001
168.396454 -81.0435486 7.71500015
168.370499 -81.1583023 8.14990044
168.230103 -81.0753021 10.1073494
168.286697 -81.0589981 16.6201
168.397903 -81.1315002 20.1576004
168.205704 -80.8787994 7.30200005
168.291199 -80.9108963 7.91060019
168.261902 -80.9909973 9.9822998
168.357498 -80.9133987 16.3896999
168.391693 -80.808197 17.4778004
168.350403 -80.7238998 7.3439002
168.218994 -80.6996002 7.94689989
168.359695 -80.6491013 16.4682007
168.221298 -80.6139984 16.6823006
168.328491 -80.5354462 8.63209915
168.376404 -80.3886032 11.9370003
168.530945 -97.0850983 3.56754994
168.523193 -97.0157013 3.6078999
168.468292 -96.9085007 3.49639988
168.483398 -96.9666977 3.63470006
168.584 -96.8080978 3.81200004
168.435593 -96.6585007 3.38689995
168.51857 -96.7640686 3.49860001
168.483887 -96.6855469 3.70414996
168.521973 -96.7138672 3.88536668
168.562302 -96.4048004 3.37980008
168.406006 -96.427803 5.33160019
168.427002 -96.4473038 5.5605998
168.533203 -96.2853012 3.2746501
168.462402 -96.1460037 3.30870008
168.46933 -95.8171997 5.26989985
168.549393 -95.8071976 5.50670004
168.416901 -95.6728973 5.14960003
168.578705 -95.4139023 3.31710005
168.4561 -95.5239563 5.11744976
168.576904 -95.2838974 3.43129992
168.453201 -95.3587494 5.1729002
168.577103 -95.2397003 7.17810011
168.462494 -95.1955032 7.08249998
168.449799 -94.9002533 6.95944977
168.401993 -94.601799 5.38640022
168.561905 -94.5242004 2.73939991
168.588898 -94.4217987 2.88409996
168.563004 -94.3377991 2.92619991
168.446548 -94.0724945 2.5227499
168.481094 -94.0372009 2.86969995
168.506653 -93.9574509 2.65794992
168.468506 -93.7717972 2.98790002
168.537201 -93.6059036 3.11829996
168.527298 -93.7725983 3.37700009
168.565506 -93.7690964 6.5703001
168.544907 -93.5953979 3.16050005
168.437302 -93.4020004 4.64919996
168.569504 -93.3339005 2.73810005
168.586502 -93.3839035 2.97519994
168.471893 -93.2975006 3.10339999
168.530396 -93.080101 2.63600016
168.49585 -92.8434448 2.57535005
168.498108 -92.9751282 2.70412493
168.426254 -92.9316483 4.46014977
168.494904 -92.686203 4.41890001
168.414993 -92.4890976 4.16919994
168.509796 -92.080101 3.21600008
168.557693 -91.7838974 2.55069995
168.592194 -91.6036987 2.70449996
168.529999 -91.5622025 1.57000005
168.522293 -91.577301 2.53780007
168.462997 -91.5008011 2.68050003
168.427002 -90.8396988 5.65850019
168.439499 -87.7098007 -0.217299998
168.491852 -87.7541046 -0.0734999999
168.513901 -86.6324997 16.3787003
168.553299 -86.2254028 15.0612001
168.412094 -86.3440018 16.2364998
168.594193 -86.0072021 14.8273001
168.542511 -85.8928528 14.9263496
168.520294 -85.9713974 15.0830002
168.421204 -85.6159973 13.7594004
168.596603 -85.7098999 15.5831003
168.468109 -85.6692505 15.68365
168.591904 -85.748703 15.8483
168.465805 -85.7823029 16.0414009
168.562103 -85.5086975 13.7189999
168.571701 -85.417099 15.0797501
168.570694 -85.5708008 15.3780003
168.552094 -85.4964981 15.7997999
168.491699 -85.5162964 16.5193996
168.475204 -85.5692978 16.6833
168.499298 -85.2307968 11.1325998
168.475006 -85.2958984 11.2867002
168.419601 -85.2526016 12.8971004
168.538895 -85.3074036 13.5677004
168.4319 -85.3569031 16.3418007
168.462708 -84.8802032 10.1989002
168.583298 -84.9922028 10.8197002
168.518707 -84.8544006 11.0784998
168.594803 -84.885498 11.7974997
168.445999 -84.9381027 12.2040005
168.508789 -84.7442017 10.9370499
168.517303 -84.6555023 12.6844997
168.568893 -84.6056976 16.6240005
168.530594 -84.754097 16.9491005
168.591507 -84.5376968 11.0239
168.431793 -84.4526978 16.5562992
168.549393 -84.5719986 16.8243999
168.527298 -84.2452011 11.4435997
168.478302 -84.3805008 16.2089005
168.589493 -84.1677017 10.1589003
168.483093 -83.9259033 12.3591003
168.474701 -83.8347015 13.3052998
168.514801 -83.7156982 9.19099998
168.578293 -83.7695007 14.8690996
168.5867 -83.5882034 8.72439957
168.410904 -83.5490036 13.1875
168.499603 -83.4381027 15.7279997
168.472595 -82.8227005 8.24540043
168.480194 -82.932251 8.53115082
168.459 -82.9301987 13.9232998
168.546799 -82.7985001 7.73199987
168.498398 -82.7208023 13.8099003
168.567993 -81.4224014 20.4223003
168.553696 -81.5690994 20.8405991
168.527298 -81.3478012 6.70650005
168.432404 -81.2874985 7.40210009
168.409607 -81.2306976 16.5618992
168.585403 -81.2693024 20.1725006
168.408798 -81.0100021 6.59779978
168.404007 -81.0292969 7.39919996
168.496094 -81.1623993 8.11670017
168.565598 -81.1540985 17.3071003
168.587601 -81.052803 20.0105
168.5578 -80.9979019 4.43480015
168.401703 -80.9476013 7.63840008
168.421204 -80.8416977 7.8611002
168.572296 -80.8921967 17.1933994
168.464294 -80.8672028 17.3645
168.462799 -80.9042969 17.7110996
168.526001 -80.8826981 19.7350998
168.426697 -80.6440964 8.57600021
168.457596 -80.6719971 8.64109993
168.502899 -80.6474991 11.6285
168.543594 -80.6561966 11.8467999
168.506195 -80.6369019 16.2313004
168.544098 -80.6697006 16.8880997
168.449799 -80.7185974 18.9158001
168.433502 -80.4680023 8.30249977
168.495895 -80.5458984 16.1499996
168.590302 -80.5177994 16.3134003
168.582504 -80.3294983 11.1742001
168.565201 -80.3621979 16.3355007
168.595993 -80.1408005 11.2146997
168.623596 -99.8317032 -0.054299999
168.624496 -97.0138016 3.5322001
168.774094 -96.8753967 3.49119997
168.7509 -96.9375 3.67260003
168.632996 -96.6945038 3.91350007
168.794205 -95.8223038 2.63520002
168.688995 -95.6565018 2.74515009
168.663605 -95.6886978 5.17649984
168.640198 -95.7011032 5.21799994
168.608597 -95.3289032 7.21680021
168.639297 -95.044899 -0.209199995
168.608597 -94.8022995 3.0144999
168.766693 -94.9167023 6.7670002
168.708099 -94.6681976 3.10039997
168.656494 -94.718399 3.30609989
168.631699 -94.6444016 6.79220009
168.656998 -94.4832001 3.19510007
168.638397 -94.4548035 5.25139999
168.618393 -94.3283005 2.99169993
168.671753 -94.1573944 3.16335011
168.6418 -93.7418976 2.78629994
168.701599 -93.6594009 4.7349
168.735992 -93.365799 2.91120005
168.664093 -93.0625458 2.52069998
168.689301 -92.7158966 3.89709997
168.776703 -92.2761002 1.97070003
168.731995 -91.5118027 1.58200002
168.724503 -91.5309982 2.72320008
168.722702 -91.4075012 2.83809996
168.742996 -91.303299 2.63879991
168.741592 -91.1868973 1.64349997
168.695404 -88.4865036 -0.161599994
168.609894 -86.7344971 16.1942005
168.763 -86.4582977 16.0688992
168.666107 -86.5547028 16.2679996
168.708206 -86.1843033 16.0170994
168.696396 -85.8343964 14.6687002
168.728806 -85.941597 14.8448
168.653 -85.8338013 15.9404507
168.6595 -85.9529037 16.0079002
168.731995 -85.6461029 14.1917
168.634094 -85.6657028 14.3835001
168.692093 -85.6666031 14.6428003
168.611694 -85.735199 14.9549999
168.777802 -85.4998016 8.95969963
168.702698 -85.4780502 9.0529995
168.696503 -85.5608978 15.0128002
168.615097 -85.5322037 15.9532003
168.616592 -85.4194031 16.3183994
168.771301 -85.5427017 16.6016998
168.749695 -85.5496979 17.1096992
168.608307 -85.2901993 10.9542999
168.763306 -85.2305984 12.3330002
168.673004 -85.2169037 13.4477997
168.727402 -85.2483978 13.7693005
168.6483 -85.2174988 15.8689003
168.634003 -85.0466003 10.9594002
168.660339 -85.0359497 12.2765007
168.6922 -85.0653992 12.4400997
168.712296 -85.0373535 15.4582996
168.793396 -85.0810013 15.6379004
168.792297 -84.8486023 10.5838003
168.782501 -84.9698029 12.2393999
168.652405 -84.9337997 12.5137997
168.709503 -84.9552002 15.4954996
168.775299 -84.9100037 16.1935005
168.651489 -84.7287979 10.8594999
168.654099 -84.6278 11.6282997
168.707703 -84.6518021 13.1113005
168.797607 -84.4281006 11.5306997
168.6521 -84.3687973 9.99680042
168.748901 -84.3500977 11.6131001
168.733002 -84.1315994 15.3171997
168.711502 -83.9981003 16.0109005
168.743011 -83.7721481 8.63640022
168.645203 -83.4929962 8.91679955
168.766006 -83.3151016 8.3203001
168.646606 -83.2032013 8.73700047
168.731705 -83.2682037 13.3476
168.759598 -83.0576019 8.10140038
168.612198 -83.0826035 13.9406004
168.758606 -82.9741974 7.6479001
168.617096 -82.9656982 8.30294991
168.732697 -82.8485031 13.5632
168.715897 -82.3673019 12.9130001
168.7715 -82.2029037 20.2054996
168.685394 -82.0401993 7.44890022
168.785294 -81.4923019 6.63800001
168.755203 -81.4372025 9.91110039
168.613205 -81.4853973 11.4277
168.754196 -81.3915024 6.62090015
168.749695 -81.2264023 20.1333008
168.658447 -81.115448 4.43989992
168.670303 -81.0751038 19.743
168.648102 -81.0475998 20.0489998
168.692902 -80.8147964 18.7952003
168.727249 -80.9074554 19.5674515
168.765793 -80.9870987 19.8276005
168.780594 -80.9405975 20.0298004
168.690598 -80.6796036 11.7462997
168.798996 -80.7120972 18.4904003
168.638199 -80.728302 18.9039001
168.623093 -80.6184998 20.4451008
168.606995 -80.5737 8.22749996
168.749695 -80.5165024 8.60700035
168.764694 -80.577301 16.3992004
168.757507 -80.4695511 18.269001
168.713501 -80.3244019 8.32870007
168.753204 -80.2834015 10.6653004
168.725494 -80.2322006 10.8120003
168.649506 -80.3328018 11.2235003
168.793701 -80.3860016 18.3619995
168.914505 -98.9655991 -0.127200007
168.845795 -98.5867996 -0.0966000035
168.887604 -96.8326035 3.84829998
168.970001 -96.7785034 3.86209989
168.823395 -96.0896988 3.4749999
168.847702 -95.8676987 2.67600012
168.907898 -95.6854019 3.08360004
168.984497 -95.3806992 3.33249998
168.875702 -94.319397 2.78239989
168.949905 -94.2857971 2.9440999
168.993805 -93.7630005 4.46229982
168.916901 -93.5468979 3.05290008
168.876099 -93.2817993 2.71230006
168.979294 -92.6070023 2.15429997
168.901001 -92.5129013 1.9885
168.890305 -92.4276962 2.19650006
168.876099 -92.264801 2.1628499
168.9077 -92.0213013 2.14479995
168.869797 -91.9740982 1.39839995
168.890701 -91.6243973 1.59560001
168.925293 -91.6260986 1.87709999
168.915741 -91.6332016 2.82299995
168.978897 -91.6308975 3.01440001
168.907303 -91.4794998 1.72019994
168.924301 -91.4147034 1.86189997
168.8992 -91.5180969 2.79259992
168.899368 -91.3286362 1.69770002
168.809601 -91.2192001 2.1026001
168.976807 -91.1276016 1.58889997
168.885437 -91.1150513 1.68534994
168.981903 -91.1744003 2.02010012
168.915802 -91.0656967 3.58290005
168.980698 -91.0495987 3.60940003
168.972794 -90.9057999 4.14830017
168.852997 -90.6332016 3.05739999
168.9702 -90.7435989 3.23860002
168.917694 -88.0034027 2.25900006
168.927902 -88.1131973 2.58960009
168.992706 -87.8132019 2.31920004
168.986298 -87.8321991 2.57610011
168.959 -87.8275986 2.89549994
168.9216 -87.7497025 2.30259991
168.915497 -87.7106018 2.64770007
168.898605 -87.6926651 2.91456676
168.926697 -87.6006012 3.02180004
168.991699 -87.2031021 2.3355
168.942001 -87.3125992 2.55229998
168.873703 -87.2733994 2.74760008
168.926193 -87.0990982 1.87279999
168.925751 -87.0590057 2.70069981
168.968506 -87.0496979 15.7580004
168.982895 -86.8886032 2.16779995
168.921204 -86.8807983 14.7145004
168.858704 -86.8569336 15.7123995
168.805099 -86.7068024 15.0290003
168.914307 -86.6219025 15.3345003
168.914154 -86.7143021 15.5517998
168.815598 -86.6883011 15.6757002
168.818695 -86.6788025 16.0174007
168.917999 -86.4020004 14.5932999
168.996307 -86.4290009 14.9300003
168.915207 -86.5643997 15.1898003
168.963501 -86.5799026 15.5986996
168.835098 -86.3710022 14.5040998
168.808197 -86.2039032 14.8448
168.999695 -86.0243988 14.2552004
168.863297 -86.1773987 14.4777002
168.817703 -86.0065994 14.7884998
168.891907 -85.8723984 8.31849957
168.952499 -85.9052963 14.4811001
168.946793 -85.9037018 15.8685999
168.851196 -85.9658966 16.9267006
168.923798 -85.6451035 8.63770008
168.946106 -85.7286987 15.2553997
168.896301 -85.7891998 15.8957005
168.809998 -85.7149963 16.0660992
168.932098 -85.6667023 16.6613998
168.883896 -85.4082031 8.24670029
168.859604 -85.5529022 9.2244997
168.927551 -85.5119476 10.1505508
168.871399 -85.537796 10.4363995
168.925598 -85.5746994 14.6058998
168.814896 -85.3817978 15.7454996
168.990799 -84.9187012 12.0081997
168.985596 -84.8881989 13.2017002
168.8582 -84.9692993 16.1149998
168.918304 -84.6280975 11.6676998
168.879807 -84.7955017 11.9208002
168.957993 -84.5281982 10.1471996
168.971405 -84.4961014 13.4554005
168.861496 -84.3576965 10.2763004
168.997498 -83.9626007 7.7579999
168.927094 -83.8703995 8.17590046
168.846802 -83.8815002 8.38309956
168.871704 -83.8504028 8.69299984
168.894302 -83.7693024 7.89769983
168.848251 -83.697197 8.1342001
168.872696 -83.3510971 8.5241003
168.961502 -83.0022964 7.34969997
168.949203 -82.8218002 7.87860012
168.865494 -82.8471985 8.11270046
168.976395 -82.908699 10.8378
168.936401 -82.6083984 7.79979992
168.850494 -82.7966003 7.94589996
168.802002 -82.7326965 13.2082005
168.8871 -82.4552994 20.0778008
168.8685 -82.4871979 20.3519993
168.988205 -82.4001999 20.4221992
168.940201 -82.2589035 15.7419996
168.953598 -82.3142471 20.1511497
168.882599 -82.0623016 7.41540003
168.846802 -82.0338974 19.9050999
168.917206 -82.1672974 20.0081997
168.9944 -81.8419037 16.4088993
168.956604 -81.9863968 20.0027008
168.982605 -81.7721024 6.84040022
168.950699 -81.7272034 7.33760023
168.982407 -81.7241974 16.3337994
168.915298 -81.4745026 4.49639988
168.838806 -81.467598 4.66379976
168.888504 -81.4822998 6.54180002
168.984406 -81.4550018 6.76000023
168.833099 -81.5121002 12.0720997
168.873596 -81.299469 4.23649979
168.917892 -81.2126007 8.00450039
168.936096 -81.1230011 3.92763329
168.908005 -81.1363983 4.08920002
168.830856 -81.092453 4.24644995
168.970306 -81.1444016 7.77349997
168.994095 -80.9626999 3.85220003
168.965302 -80.8164978 11.8669996
168.910904 -80.9716034 19.8297005
168.873901 -80.7906036 8.87549973
168.945801 -80.7867966 12.3624001
168.938904 -80.7096024 16.1252003
168.819595 -80.780098 20.0883999
168.879898 -80.4506989 8.60669994
168.867294 -80.4567032 10.3973999
168.875397 -80.4570007 16.4365005
168.936996 -80.3797989 16.4407997
168.854706 -80.1044006 10.5621996
169.148804 -99.0058975 0.655799985
169.122604 -98.9708023 0.634800017
169.167206 -98.656601 0.675100029
169.160706 -98.3491974 0.462799996
169.148605 -97.696701 0.62440002
169.118652 -96.8068542 3.68720007
169.141098 -96.7341003 3.78439999
169.122269 -96.6750641 3.93313336
169.073502 -96.6113968 4.16480017
169.050995 -96.2359009 -0.128199995
169.003403 -96.0276031 2.83990002
169.112701 -95.7312012 -0.136700004
169.064301 -95.7907028 3.16700006
169.092804 -95.5594025 3.38619995
169.116058 -95.5742493 3.48495007
169.044601 -92.9844971 5.00990009
169.149902 -92.9816971 5.56659985
169.0914 -92.6837463 2.09045005
169.173889 -92.7152557 2.49580002
169.131805 -92.6436996 5.28630018
169.105103 -92.6505508 5.58145046
169.077194 -92.4738998 1.93570006
169.093201 -92.4055023 2.03769994
169.1241 -92.4059525 2.31475019
169.008301 -92.4813004 2.51679993
169.147552 -92.3105011 2.33485007
169.064606 -92.2682037 2.60649991
169.194901 -92.2144012 3.07249999
169.189606 -92.0180969 5.34040022
169.058151 -91.8914948 1.54824996
169.118225 -91.8968658 1.6693666
169.100754 -91.8787994 1.88300002
169.137604 -91.6736984 1.77020001
169.148895 -91.6284027 1.94690001
169.194397 -91.7810974 2.19980001
169.087097 -91.6444016 2.78719997
169.097702 -91.4738998 2.27200007
169.183395 -91.5250015 2.40030003
169.066696 -91.5224991 2.78780007
169.074005 -91.5511017 2.98070002
169.079803 -91.5639038 5.08440018
169.088699 -91.2765045 1.90689993
169.195908 -91.2089996 2.1336
169.193695 -91.2161026 2.35249996
169.151901 -91.2295532 2.48810005
169.009705 -91.0053024 1.95159996
169.059296 -91.1379013 2.0782001
169.105347 -91.1203995 2.30305004
169.184601 -91.0344009 2.69210005
169.145401 -91.0251007 4.2031002
169.103546 -90.9055023 3.52314997
169.121201 -90.8190994 3.6573
169.068207 -90.9365997 4.19460011
169.155502 -90.993103 4.20359993
169.013794 -90.5630035 3.00259995
169.046906 -90.3604965 2.97510004
169.102493 -90.2718964 3.50939989
169.153107 -88.2577972 2.38660002
169.151596 -88.040451 2.32789993
169.038406 -88.1939011 2.52160001
169.1745 -87.9803009 2.13030005
169.178467 -87.9010315 2.55053329
169.067993 -87.8839493 2.67549992
169.194199 -87.7340012 -0.344300002
169.099548 -87.7193451 2.09724998
169.062561 -87.6231995 2.28000021
169.080948 -87.709549 2.70219994
169.120895 -87.7377014 2.80509996
169.149994 -87.4475021 0.602400005
169.074066 -87.5344315 2.09540009
169.072601 -87.5866013 2.51279998
169.035995 -87.3046036 1.94589996
169.057755 -87.2397003 2.13824987
169.019272 -87.3425674 2.5599668
169.065903 -87.2690964 2.6888001
169.002899 -87.3814011 2.81629992
169.052094 -87.1685028 1.78209996
169.110901 -87.0363007 1.98479998
169.054199 -87.0899963 2.24040008
169.014694 -87.1255035 2.53040004
169.023743 -87.0704498 2.69554996
169.174698 -87.0199966 14.7639999
169.144806 -86.9589005 15.3746004
169.161407 -86.8980026 15.5135002
169.122406 -86.8756027 15.8409004
169.042404 -86.7960968 1.9677
169.171097 -86.7860031 2.30879998
169.070007 -86.686203 14.9238997
169.194305 -86.6517029 15.1590004
169.070297 -86.7559967 15.5077
169.0802 -86.5805206 14.7572994
169.098007 -86.5932999 14.9147997
169.068497 -86.5210342 15.3244667
169.063995 -86.4302979 15.5057001
169.111694 -86.3787994 15.1307001
169.050507 -86.2686005 15.2480001
169.197906 -86.1910019 8.3774004
169.181 -86.0157013 8.77869987
169.050705 -86.1857986 14.8338003
169.051849 -86.0385513 15.9565001
169.179504 -86.1585007 17.3579006
169.129745 -85.9458466 8.32189941
169.111298 -85.9088974 8.69320011
169.056396 -85.8983994 15.5749998
169.077805 -85.8501968 16.8796997
169.040497 -85.7521973 8.73449993
169.033997 -85.7344971 10.3457003
169.089294 -85.6796036 15.6954002
169.156799 -85.4815979 9.82750034
169.021301 -85.5755997 10.2391996
169.114868 -85.5797653 14.0917006
169.051605 -85.5864029 15.4521999
169.063202 -85.365097 9.73649979
169.080704 -85.2647018 9.8579998
169.006104 -85.3061981 10.0566998
169.131104 -85.2043991 11.2932997
169.070999 -85.2073975 13.4719
169.025696 -85.2062988 16.0165997
169.188507 -85.1998978 8.34980011
169.099304 -85.0851974 9.62349987
169.111099 -85.1524963 15.9997997
169.198196 -84.8684006 8.38169956
169.122147 -84.9061508 8.51124954
169.063995 -84.9475632 11.9371672
169.147705 -84.7639008 8.24279976
169.090103 -84.6524963 10.0754995
169.018997 -84.7777023 11.7222996
169.105606 -84.476799 10.0244999
169.189194 -84.467598 10.4787998
169.0867 -84.1557007 8.34519958
169.186996 -84.0848007 12.8309002
169.039505 -83.8467026 7.6546998
169.008301 -83.8178024 8.31719971
169.003296 -83.7410965 7.63390017
169.058395 -83.7878036 9.00510025
169.136505 -83.651001 17.6194
169.198807 -83.1514969 8.51169968
169.095001 -82.9225998 7.59060001
169.150299 -82.8970032 8.22099972
169.050003 -82.7822037 7.99350023
169.164505 -82.4008026 20.3910007
169.110001 -82.2670975 6.98360014
169.107697 -82.314743 19.922451
169.066711 -82.2960968 20.0626488
169.034302 -82.314003 20.2486
169.160095 -82.0924988 7.30690002
169.137299 -82.1227036 7.4552002
169.003098 -82.0046005 15.9660997
169.032196 -82.158699 19.6952
169.111404 -82.0782013 19.9120998
169.078796 -81.9033966 6.82200003
169.121094 -81.8386993 7.04364967
169.001694 -81.808197 16.4528008
169.092102 -81.6753006 4.20970011
169.004898 -81.6241989 5.96880007
169.007294 -81.7274017 7.18149996
169.010605 -81.7911987 7.24709988
169.066803 -81.6108017 8.22049999
169.074707 -81.776001 15.7285004
169.038605 -81.6102982 16.2194004
169.077103 -81.436203 4.46239996
169.002396 -81.5240021 19.7717991
169.065994 -81.414299 19.9986992
169.042755 -81.3014984 7.50090027
169.162201 -81.2583008 19.6217995
169.077896 -81.143898 3.76399994
169.058594 -81.123497 12.1723003
169.111694 -81.1713028 16.4699993
169.190308 -80.9039001 8.2184
169.031006 -80.6697998 16.0182991
169.063797 -80.7530975 16.2737999
169.014099 -80.7658005 18.9958992
169.154297 -80.7105026 19.8677998
169.1521 -80.5399017 5.86569977
169.095901 -80.4870987 16.0564003
169.119797 -80.0567017 6.27390003
169.106094 -80.0864029 6.49560022
169.136505 -80.0896988 7.15460014
169.1259 -80.0233994 7.63140011
169.2099 -98.4672012 0.585699975
169.359604 -98.0550003 0.614000022
169.337997 -96.8832779 3.67182493
169.260193 -96.8966675 3.87713337
169.312302 -96.8827972 4.02440023
169.210297 -96.7385025 3.83109999
169.375549 -96.0691528 3.22344995
169.229599 -96.1344986 3.44989991
169.222443 -95.8659058 3.28240013
169.257095 -95.7138977 3.39260006
169.330139 -95.7712555 3.51834989
169.316696 -94.0035019 2.5862
169.367355 -94.0414505 2.67355013
169.270996 -93.9686966 2.65380001
169.399796 -93.0310974 2.6637001
169.283203 -92.8526993 2.55730009
169.322098 -92.9994965 4.96229982
169.335693 -92.9558563 6.69470024
169.269302 -92.6514969 2.23589993
169.208893 -92.7371521 2.54605007
169.274597 -92.6315002 2.64989996
169.360306 -92.6034012 5.11889982
169.221802 -92.7987976 5.54080009
169.254395 -92.5442505 2.69845009
169.360397 -92.4365997 6.33799982
169.276093 -92.2811966 2.78539991
169.389206 -92.2646027 5.48579979
169.218597 -92.191803 2.38249993
169.361252 -92.0354996 2.52349997
169.3936 -92.0981979 6.01249981
169.3936 -91.9517975 1.52079999
169.249146 -91.9044037 2.10879993
169.289246 -91.6965027 1.96560001
169.301498 -91.674202 2.14650011
169.294098 -91.4493027 1.97060001
169.281448 -91.4875488 2.02810001
169.349594 -91.4272003 2.4526999
169.364395 -91.4578018 3.03430009
169.361603 -91.5179977 4.85279989
169.294998 -91.3831024 1.99329996
169.255798 -91.3034973 2.11249995
169.232803 -91.2489014 2.25679994
169.277405 -91.2263031 2.43889999
169.2332 -91.3889999 2.91880012
169.247498 -91.1471024 1.93889999
169.349152 -91.0708008 2.14650011
169.385406 -91.1964035 2.26040006
169.270203 -91.1567993 2.46009994
169.336456 -91.1656952 4.30599976
169.240005 -90.8572998 1.84860003
169.205994 -90.9909973 2.06430006
169.372696 -90.6727982 1.8175
169.367706 -90.7777023 3.09310007
169.247604 -88.4681015 0.0969000012
169.342407 -88.2344971 2.49040008
169.338394 -88.2226028 2.61089993
169.396103 -88.163002 2.28999996
169.309998 -88.0205994 2.58150005
169.294998 -87.8266983 -0.253800005
169.203293 -87.9772034 2.52449989
169.364395 -87.8190002 2.99620008
169.356201 -87.6961975 0.170499995
169.337006 -87.6463013 0.242300004
169.292999 -87.7053986 0.695600033
169.30011 -87.6517029 0.958850026
169.371246 -87.6723022 1.09654999
169.382202 -87.6001968 1.66589999
169.286072 -87.7642365 1.95529997
169.371307 -87.7172012 2.92350006
169.256195 -87.5998001 -0.216999993
169.232605 -87.589798 -0.119599998
169.235397 -87.4741974 0.351999998
169.220001 -87.5558014 0.639100015
169.281204 -87.5746002 0.968100011
169.2883 -87.5145035 1.07739997
169.303253 -87.5306015 1.37884998
169.282455 -87.5161972 1.50374997
169.326508 -87.5560989 1.6825
169.255798 -87.566803 1.96500003
169.277298 -87.5123978 2.0789001
169.201904 -87.3702011 1.58850002
169.394104 -87.2452011 2.94210005
169.204605 -87.1065979 2.38890004
169.235703 -86.811203 -0.171800002
169.291901 -86.8598022 2.10010004
169.209 -86.9352036 2.80369997
169.238205 -86.7655029 -0.247700006
169.309906 -86.7335968 2.19149995
169.264008 -86.6607971 2.30649996
169.324493 -86.6095963 15.3850002
169.399704 -86.5345993 15.0523005
169.305893 -86.3387985 14.6896
169.308701 -86.2628021 14.9924002
169.214493 -86.0994034 14.7355003
169.215897 -85.8993988 8.01179981
169.219101 -85.8796005 16.9692001
169.214005 -85.7947998 10.3455
169.2836 -85.7888031 16.2297001
169.276703 -85.469696 8.06984997
169.397598 -85.5858002 9.80169964
169.253799 -85.3295975 9.4527998
169.227798 -85.2057037 13.7313004
169.371399 -85.3641968 15.4601002
169.339645 -85.2752533 16.0199013
169.236206 -85.013298 13.3402004
169.266098 -85.0117035 13.5627003
169.200104 -85.0326004 13.6857996
169.307098 -85.0698013 15.5143995
169.392899 -84.8048019 8.24590015
169.231537 -84.9013977 10.9258337
169.255295 -84.8788986 12.9982996
169.244797 -84.9384003 13.2216997
169.252701 -84.6531982 8.10400009
169.2565 -84.7574005 10.8360996
169.255493 -84.0450974 8.60060024
169.2565 -84.1740036 9.79660034
169.3367 -84.1873016 12.7356005
169.320099 -83.9190979 7.60680008
169.323807 -83.8699036 16.2569008
169.208298 -83.6989975 16.6786995
169.396194 -83.5826035 16.3330002
169.344406 -83.5589981 16.4591999
169.315201 -82.5850983 20.0431995
169.393295 -82.2652969 19.7910995
169.3069 -82.263298 19.8687992
169.321945 -82.0640488 6.31220007
169.235794 -82.0166016 6.52829981
169.287201 -82.0650024 15.5034504
169.281906 -82.0737 19.6940994
169.306396 -81.8802032 5.99889994
169.305801 -81.8590012 6.15929985
169.28421 -81.725296 4.51634979
169.358246 -81.6980972 8.1378994
169.219101 -81.7073975 19.6324005
169.245102 -81.582901 4.70959997
169.322403 -81.5261993 7.70699978
169.246506 -81.5861969 8.04930019
169.245605 -81.5626984 15.2831001
169.339203 -81.4110031 19.6205997
169.329803 -81.3481979 4.21619987
169.216995 -81.2004013 4.73909998
169.390793 -81.3220978 4.95790005
169.274353 -81.3102493 15.7579994
169.381302 -81.3668976 16.2681007
169.356995 -81.3202972 19.1952
169.327499 -81.0421982 4.76270008
169.232849 -81.1231003 4.9001503
169.352997 -81.0462036 5.20230007
169.373901 -81.0101013 15.4441004
169.292297 -81.004097 16.3283005
169.303299 -81.1530991 18.9801006
169.2043 -80.8040009 16.3034
169.282806 -80.6480026 18.6221008
169.326599 -80.4969025 18.6714993
169.218704 -80.4156036 19.1795998
169.325104 -80.2770004 6.79059982
169.242004 -80.0699005 6.11250019
169.316193 -80.0854034 6.39179993
169.293503 -80.0658035 15.9703999
169.40976 -99.0934982 0.652549982
169.472198 -98.867897 -0.0201999992
169.503494 -98.8945999 0.0308999997
169.572296 -98.7097015 0.185100004
169.423294 -98.7509995 0.533800006
169.412399 -98.5122986 -0.0416000001
169.530502 -97.9424438 -0.0962499976
169.547943 -97.8703995 0.067900002
169.582397 -97.8403015 0.506799996
169.596695 -97.792099 -0.00150000001
169.434296 -97.0401001 4.06269979
169.513306 -96.8153 3.59800005
169.491516 -96.9309158 3.74510002
169.583405 -96.4057007 3.14030004
169.547546 -96.4392014 3.23099995
169.554703 -96.228302 3.09310007
169.488205 -96.2885971 3.27530003
169.431732 -96.0842667 3.17693329
169.580154 -96.1445999 3.50360012
169.575562 -95.7430496 3.56885004
169.471497 -94.094101 2.3973999
169.532349 -94.0896454 2.54690003
169.5298 -93.9972 2.59890008
169.523804 -93.8188019 2.73850012
169.488098 -93.2817001 4.94719982
169.482498 -93.1665039 4.88500023
169.599899 -92.8450012 2.33929992
169.505707 -92.8837967 2.4309001
169.578293 -92.8925018 2.6888001
169.583206 -92.9218979 6.65740013
169.462494 -92.7970963 2.07489991
169.582703 -92.6669006 2.21309996
169.48941 -92.7299957 2.56769991
169.546005 -92.5484009 2.12689996
169.535507 -92.3675003 5.28849983
169.464798 -92.2414017 5.81570005
169.417496 -92.2872009 6.11049986
169.485992 -92.3732986 6.95529985
169.408493 -92.1411972 2.65630007
169.430542 -92.1197052 3.26795006
169.523193 -92.1802979 5.97039986
169.443146 -91.9225998 2.2562499
169.415207 -91.9955978 2.44749999
169.492905 -91.7674026 2.15890002
169.552704 -91.6541977 3.93059993
169.515198 -91.6822968 4.75239992
169.555695 -91.5567017 2.26659989
169.479797 -91.4626007 2.87059999
169.521606 -91.5574036 3.1342001
169.594604 -91.2098999 0.996100008
169.451996 -91.2994995 2.08739996
169.437805 -91.3059692 2.32913327
169.400894 -91.2942963 2.61299992
169.512695 -91.125267 1.04513335
169.418198 -91.1606979 2.28760004
169.543304 -91.0485001 2.81870008
169.588501 -90.9532013 2.17269993
169.559402 -90.9163971 2.86899996
169.47467 -90.8841705 3.06325006
169.484802 -90.6919022 1.78310001
169.408798 -90.6125031 2.98679996
169.4944 -90.7229462 3.07434988
169.576202 -87.9684982 1.80599999
169.513107 -87.9569321 2.67810011
169.416901 -87.7502975 0.0165999997
169.516495 -87.7393036 0.963400006
169.525864 -87.6741638 1.52173328
169.541306 -87.7017975 1.90090001
169.425201 -87.5497971 1.83249998
169.598099 -87.5014038 2.8822
169.580811 -87.4277954 3.10454988
169.588699 -87.5697021 3.28439999
169.526199 -87.1680984 1.78709996
169.409103 -86.9150009 1.90289998
169.523102 -86.6420975 14.7205
169.469803 -86.4673004 14.6946001
169.453003 -86.3554001 15.5433998
169.486206 -86.1629028 14.6319504
169.500946 -85.9255066 13.7571001
169.442795 -85.8904037 14.5560999
169.438797 -85.7381973 14.3136997
169.449554 -85.6375504 16.2999992
169.545593 -85.4540024 9.40030003
169.451797 -85.5335999 9.65299988
169.479507 -85.4225998 13.7116003
169.4263 -85.5259018 14.0130997
169.408203 -85.3582993 9.49499989
169.590195 -84.8336029 11.7203999
169.461197 -84.8644028 11.9361
169.411102 -84.9514999 12.9701004
169.589493 -84.683197 15.5727997
169.50705 -84.7187958 15.7334499
169.587997 -84.4140015 10.5523996
169.570496 -84.4606018 10.6400995
169.528107 -84.4437027 12.5040998
169.575806 -84.5998993 15.6672001
169.538193 -84.3019028 10.5269003
169.452698 -84.0903015 10.8266001
169.422501 -83.1214981 11.3926001
169.558304 -82.922699 8.39579964
169.528595 -82.2480011 7.83820009
169.406403 -82.271698 19.8502998
169.412201 -81.9697037 6.1184001
169.550507 -81.9618988 19.3388996
169.406204 -81.9610977 19.6518993
169.561798 -81.5746002 4.5374999
169.542404 -81.5963974 4.64760017
169.545395 -81.5737991 6.88600016
169.426697 -81.472702 15.5493002
169.425995 -81.4623032 18.7364998
169.409195 -81.2333984 4.97020006
169.585403 -81.2713013 19.1401005
169.403702 -81.2106018 19.7362003
169.531906 -81.0307007 18.7227993
169.407593 -80.8707962 5.3906002
169.432602 -80.7825012 5.74910021
169.529007 -80.5867996 5.48789978
169.470505 -80.4119034 6.79650021
169.511398 -80.0151978 16.1424999
169.750702 -99.0803986 0.66869998
169.683807 -98.9433975 0.0996000022
169.754395 -98.9151001 0.3134
169.687042 -98.8410034 0.460049987
169.648956 -98.7675018 0.261649996
169.742706 -98.4459 -0.0979999974
169.643494 -98.504097 0.1017
169.749405 -98.367897 0.573700011
169.767502 -98.0270996 0.207300007
169.715851 -97.9486008 0.188450009
169.676025 -97.88797 0.294874996
169.632294 -97.8668976 0.60619998
169.692505 -97.7666016 0.313600004
169.622101 -96.8230972 3.73250008
169.768204 -96.6561966 3.22059989
169.643295 -96.6677017 3.44289994
169.746704 -96.5737 3.18260002
169.724625 -96.5462341 3.32509995
169.632538 -96.3703995 3.34619999
169.692703 -95.2692032 3.20630002
169.628601 -94.2834015 2.33290005
169.787292 -94.211998 5.60860014
169.657196 -94.1621017 2.38199997
169.637253 -94.0521545 5.62345028
169.728302 -93.800499 2.56089997
169.684006 -93.9248962 2.62750006
169.733475 -93.9092331 5.69770002
169.694794 -93.6691971 2.78929996
169.645401 -93.0512009 6.68349981
169.611206 -92.887001 2.39459991
169.698395 -92.8664322 2.74300003
169.7397 -92.8274002 2.80509996
169.791901 -92.8271027 6.31479979
169.638901 -92.6597977 2.07550001
169.628906 -92.6131973 2.21569991
169.661804 -92.7521973 4.85815001
169.716293 -92.4582977 5.9151001
169.692398 -92.3878021 2.35710001
169.700897 -92.3610001 4.52799988
169.683929 -92.3546677 5.71443319
169.701797 -92.120697 1.17509997
169.667496 -92.1011963 1.41250002
169.694305 -92.126297 1.96580005
169.681305 -92.0689011 2.41300011
169.602798 -92.1059036 2.8591001
169.784698 -91.9906006 1.85210001
169.709595 -91.808403 2.70040011
169.689102 -91.8326035 4.96560001
169.760193 -91.6249008 2.36199999
169.678101 -91.7828979 7.68260002
169.797104 -91.4483032 1.73599994
169.679794 -91.4057999 2.4210999
169.779297 -91.5062027 2.66400003
169.664902 -91.3190002 1.09210002
169.732407 -91.3492966 1.47909999
169.758804 -91.3255005 1.62129998
169.706802 -91.3667984 2.66709995
169.658203 -91.106102 3.08170009
169.631393 -90.9713974 2.80679989
169.739441 -90.7457504 2.51639986
169.679398 -90.591301 2.20510006
169.772003 -90.1106033 6.01060009
169.745102 -90.1029968 6.6868
169.730392 -89.8287964 6.65560007
169.670898 -89.2471008 1.74600005
169.620499 -89.155899 1.51820004
169.614304 -88.0529022 1.6825
169.695602 -88.0016022 1.88110006
169.763 -88.0618973 2.13000011
169.601501 -88.0710983 2.76729989
169.632294 -87.9104996 2.17009997
169.758896 -87.9878998 2.38879991
169.667297 -87.6731033 1.93180001
169.638794 -87.6031036 3.06710005
169.695404 -87.5771027 3.05250001
169.632599 -87.0916977 1.7615
169.674301 -87.1314011 1.93700004
169.610107 -86.5180969 14.7927999
169.697098 -86.3320007 14.3414001
169.703598 -86.0702972 14.3192997
169.728104 -85.8890991 15.7936001
169.780396 -85.8391037 15.8522997
169.607407 -85.7384033 14.1739998
169.728195 -85.652298 15.6223001
169.688202 -85.6679993 16.3034
169.694794 -85.5026016 12.4152002
169.630798 -85.463501 15.9350996
169.757904 -85.5066986 16.3209991
169.6306 -85.2388992 13.0573997
169.670105 -85.1988983 12.9903002
169.612503 -85.0812988 13.0558996
169.653198 -85.1790009 15.2066002
169.776398 -84.9693985 11.6827002
169.662399 -84.6511002 10.9691
169.623596 -84.5554962 8.85130024
169.713303 -84.5152969 12.7084999
169.688599 -84.5716019 14.2579002
169.6362 -84.2309036 9.63560009
169.625702 -84.3732986 10.4823999
169.783295 -84.3338013 10.8360004
169.636307 -84.3546982 18.6767006
169.788803 -84.3999023 18.8542995
169.797607 -84.1766968 10.2448997
169.668396 -84.1692963 11.1301003
169.638107 -84.0282974 12.3409004
169.697403 -84.0579987 18.1993999
169.691803 -84.1481018 18.5249004
169.613297 -83.9585037 18.1450996
169.651199 -83.7956009 17.9169998
169.742401 -83.4608002 7.49520016
169.737503 -83.3872986 8.35149956
169.759399 -83.0085983 6.82329988
169.706604 -83.1222992 7.3421998
169.696106 -82.8156967 5.95289993
169.669601 -82.2533035 7.35459995
169.651505 -82.1272964 7.31010008
169.676102 -82.1289978 7.57130003
169.762207 -82.0318985 19
169.686401 -82.0728989 19.3234005
169.735794 -82.0772018 19.4172001
169.672806 -81.9690018 19.1863995
169.690002 -81.6087036 6.96019983
169.666901 -81.7789001 8.04899979
169.794098 -81.7278976 18.7880993
169.758499 -81.6312027 18.8556004
169.753204 -81.7017975 19.0522003
169.790298 -81.5118027 6.66300011
169.607697 -81.4880981 7.58739996
169.779007 -81.3965988 4.54180002
169.664795 -81.2966995 18.8038006
169.733994 -81.1488037 5.18450022
169.651703 -81.0297012 6.17570019
169.684692 -80.8911972 5.39650011
169.645599 -80.9297028 5.47819996
169.795197 -80.8422012 15.2051001
169.730698 -80.7037964 18.6464996
169.741394 -80.4459 6.01879978
169.677399 -80.120697 6.25594997
169.811798 -99.1464996 0.740400016
169.858597 -98.8080978 0.319200009
169.909271 -98.9320297 0.487800002
169.845306 -98.691597 0.274800003
169.909393 -98.021698 0.300700009
169.867706 -96.6828995 -0.129999995
169.855698 -96.6604996 3.1100502
169.895004 -94.8634033 5.13000011
169.910507 -94.7070999 5.84590006
169.981003 -94.7306976 6.05900002
169.994797 -94.2266006 1.75399995
169.856705 -94.2537994 5.53630018
169.991196 -94.0591965 1.8822
169.995605 -94.1317978 5.56659985
169.8983 -94.1035995 5.6928997
169.932602 -93.9854965 1.81519997
169.949753 -93.9544983 2.09489989
169.8013 -93.8703995 2.67770004
169.933197 -93.8355026 4.84630013
169.9095 -93.8479309 5.09730005
169.891403 -93.8443985 5.5539999
169.940994 -93.7626038 2.21070004
169.9263 -93.6981964 5.56020021
169.942596 -93.2045975 6.63870001
169.942001 -92.8496017 2.72309995
169.9272 -92.8548965 3.04489994
169.813797 -92.9837036 6.52139997
169.825699 -92.6644974 2.3749001
169.976105 -92.7321014 2.93919992
169.919998 -92.7465973 6.10430002
169.864395 -92.4166031 1.91890001
169.802307 -92.5692978 2.17309999
169.902954 -92.4821014 2.36555004
169.872406 -92.4274979 5.78630018
169.874695 -92.4642487 5.89074993
169.896805 -92.5554962 6.04580021
169.834305 -92.2421036 1.54589999
169.877197 -92.3067017 1.67840004
169.982407 -92.375 1.97430003
169.937408 -92.280098 2.04554987
169.826508 -92.291748 5.41409969
169.844101 -92.1305008 1.36530006
169.902557 -92.1076965 1.77364993
169.870377 -92.1108322 1.86276662
169.832108 -91.9449005 1.74549997
169.957397 -91.7344971 7.70179987
169.840393 -91.4207001 1.27530003
169.828003 -91.4465942 1.49359989
169.918198 -91.464798 7.48449993
169.883102 -90.0618973 6.3979001
169.816101 -89.2266006 1.81780005
169.8983 -89.2759018 3.82599998
169.927597 -88.0634995 2.0618
169.858795 -87.9983978 2.17510009
169.986298 -87.9570999 2.32119989
169.855301 -87.9178009 2.48070002
169.9487 -87.7409973 2.01530004
169.997696 -86.191597 15.0832005
169.930496 -85.7105026 14.8657999
169.912003 -85.6690979 15.3043003
169.978806 -85.5607986 13.3603001
169.867203 -85.5505981 13.4905005
169.9534 -85.4513016 14.2384005
169.986694 -85.4197006 14.7107
169.801193 -85.4859009 16.6086006
169.919098 -85.2472992 12.8472004
169.9534 -85.3211975 14.2908001
169.831802 -85.1952972 12.9926004
169.851959 -84.8204956 12.6803493
169.9216 -84.9117966 12.8843002
169.925339 -84.7337341 12.4732332
169.9552 -84.430603 8.02449989
169.942993 -84.4972992 11.3048
169.900696 -84.4526978 12.4111004
169.8311 -84.2677994 10.4350004
169.878906 -84.2296982 15.7476997
169.811096 -84.236702 18.5301991
169.899597 -84.3022995 18.7074013
169.839798 -84.1284027 12.1933002
169.975998 -84.1297989 17.3857994
169.983704 -83.6007996 6.24240017
169.920807 -83.4850006 7.45720005
169.916794 -83.5660019 8.26480007
169.937897 -83.3989029 5.79169989
169.918198 -83.3091965 5.91809988
169.947998 -83.3253021 6.27769995
169.966202 -83.2725983 10.7493
169.977264 -83.0860672 6.09549999
169.847504 -83.104599 6.22989988
169.989899 -83.1499023 6.81610012
169.814407 -83.0848007 17.4500008
169.949402 -82.9816971 6.1559
169.990997 -82.8992004 6.7986002
169.941406 -82.6044006 6.99830008
169.920197 -82.6376038 8.01640034
169.901398 -82.4304962 7.32450008
169.895554 -82.5323944 18.1065998
169.843399 -82.4916 20.2717991
169.8759 -82.3076019 7.10279989
169.861099 -82.3590012 7.50680017
169.886093 -82.3044968 7.73460007
169.848358 -82.3197479 7.84945011
169.844498 -82.2707977 18.9943008
169.908997 -82.2630997 19.6264
169.848404 -82.089798 19.3395996
169.931396 -81.9489975 6.34800005
169.862106 -81.8152008 8.02639961
169.807098 -81.8294983 18.780899
169.972305 -81.7987976 7.97679996
169.8517 -81.6488037 18.2465992
169.842896 -81.501503 7.1960001
169.929962 -81.5243988 7.2814002
169.909103 -81.5314026 7.70774984
169.815903 -81.2444 18.3038998
169.925903 -81.1723022 17.9745998
169.997192 -80.9557037 5.30760002
169.988205 -80.6009979 -0.389499992
169.931595 -80.7210999 5.90390015
169.922897 -80.5028 -0.225199997
169.987198 -80.4804001 0.0126999998
169.862396 -80.5226974 6.1868
169.819702 -80.4347 6.38360023
169.844193 -80.5002975 9.00080013
169.901855 -80.2927551 -0.528699994
169.837494 -80.3644028 0.152700007
169.933899 -80.3531036 0.531799972
169.8535 -80.1141968 6.06409979
170.09465 -98.8853455 0.483049989
170.006393 -94.6408005 5.90180016
170.162003 -94.5994034 5.19280005
170.143005 -94.4213028 6.18219995
170.159698 -94.2230988 2.80640006
170.155197 -94.3663025 5.93529987
170.179306 -94.308403 6.35780001
170.138504 -94.1679993 5.19950008
170.1642 -94.0898438 5.67615032
170.067795 -94.117897 6.69490004
170.076447 -93.8110046 5.0618
170.107086 -93.90905 5.49364996
170.101395 -93.9485016 5.64330006
170.128998 -93.6752014 2.49239993
170.183701 -93.7667007 4.95459986
170.165344 -93.7454529 5.17000008
170.063507 -93.7500992 5.6704998
170.085297 -93.4431992 2.6020999
170.152802 -93.5453033 2.86249995
170.076401 -93.0456009 6.44729996
170.099396 -93.0558014 7.04169989
170.133606 -92.9643021 6.99569988
170.162201 -92.987999 7.06489992
170.0186 -92.7260971 6.02180004
170.021896 -92.4679031 1.66620004
170.053406 -92.4726028 1.99259996
170.138397 -92.4328995 2.14129996
170.074799 -92.5362015 2.42840004
170.070251 -92.5834961 2.67474985
170.056198 -92.5175018 5.59110022
170.079102 -92.3062973 -0.238399997
170.029404 -92.2155991 1.9368
170.011093 -92.1819 4.4520998
170.014496 -91.9747009 5.13840008
170.108093 -91.7809982 3.48160005
170.038101 -91.6215973 7.48750019
170.171143 -91.4719543 3.56715012
170.081894 -91.2717972 3.55380011
170.182602 -91.2415009 3.70469999
170.143402 -90.816597 2.85520005
170.157501 -90.4354019 6.23029995
170.0728 -90.0505981 6.26469994
170.144897 -89.5940018 2.4066
170.187195 -89.3716965 2.23580003
170.014999 -89.1729965 2.07719994
170.081696 -88.1471024 1.99969995
170.026596 -88.1591034 2.00580001
170.094604 -87.9645996 -0.327800006
170.15535 -87.8714523 2.11194992
170.031494 -87.8600464 2.65479994
170.118607 -86.0406036 15.0214996
170.101105 -86.0819016 15.2257996
170.144653 -85.9488525 14.7305508
170.029495 -85.9776993 15.3121996
170.124207 -85.6160965 14.3057003
170.164703 -85.6284027 14.5670996
170.029602 -85.7553558 14.6767998
170.003006 -85.4947968 14.2096996
170.042892 -85.2614975 11.8578997
170.065598 -85.2265015 13.1949997
170.154297 -85.3814011 14.2402
170.164703 -85.155899 13.9505997
170.100693 -85.0252991 14.2995996
170.129105 -84.8722 8.10709953
170.139297 -84.8201981 12.8842001
170.044006 -84.4614029 11.1445999
170.051193 -84.3803024 8.29249954
170.036499 -84.2771988 18.6597996
170.152405 -84.186203 18.3577003
170.027298 -84.0863037 18.4120998
170.1371 -83.9406967 12.9119997
170.125656 -83.9304047 17.4329491
170.107498 -83.8936005 18.0156994
170.169601 -83.8416977 18.2511005
170.133102 -83.6102982 5.72910023
170.177795 -83.6555023 6.56930017
170.013504 -83.6449966 6.8144002
170.142899 -83.5565033 6.33050013
170.070496 -83.4380493 6.91739988
170.003799 -83.3787994 6.11749983
170.087997 -83.375 6.62540007
170.085846 -83.3395996 7.29414988
170.193695 -83.2268982 8.09700012
170.015396 -83.0399017 5.78620005
170.151596 -82.9555969 16.8034
170.058594 -82.8594971 17.2157993
170.185104 -82.610199 6.66970015
170.199493 -82.4135971 5.46880007
170.194504 -82.3395996 5.94630003
170.155746 -82.3245544 6.07975006
170.032394 -82.2416 6.5152998
170.107544 -82.1396027 5.85570002
170.010101 -82.0560989 7.61730003
170.107101 -82.0991974 17.8285999
170.030701 -81.6682968 18.3241501
170.188797 -81.2020035 4.51249981
170.104904 -81.2530975 4.82130003
170.187393 -80.1093979 3.69090009
170.059204 -80.1000977 4.21400023
170.314697 -98.9516525 0.546649992
170.3311 -98.8928986 0.637700021
170.209198 -97.9775009 -0.163100004
170.220901 -94.8840027 3.15499997
170.3414 -94.7668991 4.98759985
170.374207 -94.7237015 5.78639984
170.384354 -94.4345551 2.88919997
170.201904 -94.464798 5.88490009
170.313507 -94.4029999 6.21880007
170.399994 -94.3600998 2.92589998
170.322403 -94.298645 3.02349997
170.362701 -94.3692017 5.15240002
170.315094 -94.2169037 5.26179981
170.285294 -94.0687027 6.32600021
170.378799 -94.0689011 6.41279984
170.37915 -94.0492477 6.67280006
170.328903 -93.8730011 3.16739988
170.276993 -93.8395996 5.1802001
170.314087 -93.916153 5.27305031
170.399902 -93.7506027 2.82660007
170.361603 -93.7723007 3.19679999
170.314301 -93.6984024 5.08459997
170.390701 -93.6776962 7.91200018
170.367706 -93.5018005 5.9770999
170.383301 -93.5239029 6.36229992
170.348007 -93.344101 1.98870003
170.355301 -93.3309021 2.1954
170.339493 -93.335701 3.11520004
170.225403 -93.0588989 7.03910017
170.359299 -92.9268036 2.50189996
170.3564 -92.8655014 3.03970003
170.382202 -92.8154984 5.10610008
170.3992 -92.7444 4.9927001
170.229004 -92.7795029 5.18610001
170.328293 -92.4713974 2.22810006
170.202805 -92.4425964 2.44300008
170.264297 -92.5875015 2.76340008
170.355591 -92.5330048 4.07795
170.270096 -92.5725021 5.5170002
170.205597 -92.5369034 6.01079988
170.228607 -92.2200012 3.92630005
170.33136 -92.0911484 4.06914997
170.324203 -91.8917999 2.94939995
170.296204 -91.8831024 7.59250021
170.31105 -89.5231476 2.51590014
170.298599 -89.4623032 2.82209992
170.268005 -89.3995972 2.38610005
170.250946 -89.3290024 2.52224994
170.277603 -89.2780991 2.71860003
170.213501 -87.9785995 2.29439998
170.351898 -86.0597992 14.6506004
170.205307 -86.0645981 14.8267002
170.305695 -85.8496017 14.7525997
170.326904 -85.7032013 15.8711004
170.395203 -85.2811966 14.1255999
170.246094 -84.8565979 10.8409004
170.342804 -84.8775024 11.7919998
170.232605 -84.9288025 12.7503004
170.368195 -84.9710007 12.9279003
170.231705 -84.9977036 14.3400002
170.260605 -84.6527023 14.5913
170.232605 -84.7626038 15.6302996
170.2211 -84.5213013 14.3371
170.332901 -84.3781967 11.2305002
170.348801 -83.8699036 7.11759996
170.240707 -83.8100967 12.5895996
170.313202 -83.6702499 5.8821497
170.2258 -83.7081985 6.20459986
170.279907 -83.5047989 5.92180014
170.223495 -83.5767975 6.12160015
170.24411 -83.5450516 6.34539986
170.242905 -83.5391998 6.95340014
170.382095 -83.5280991 7.09380007
170.388107 -83.5007019 7.21089983
170.272202 -83.5416031 7.60340023
170.300201 -83.3436966 5.4538002
170.212997 -83.3785019 8.21479988
170.319061 -83.0951004 8.04975033
170.233704 -82.7106018 6.78480005
170.256393 -82.7412033 7.15439987
170.305801 -82.7064972 18.0818005
170.365601 -82.5958023 6.27899981
170.317596 -82.5465012 6.50089979
170.364304 -82.3647995 5.4684
170.365494 -82.3376999 5.62839985
170.225998 -82.2557983 6.94189978
170.240601 -81.7940979 18.3034
170.242905 -81.3364029 4.67990017
170.242798 -81.1922989 4.23050022
170.296494 -81.0839996 5.09959984
170.234299 -80.7748032 -0.496199995
170.205795 -80.7643967 -0.158399999
170.215805 -80.6931 0.397000015
170.217102 -80.7573013 19.9585991
170.2733 -80.5455475 17.9705505
170.252197 -80.0357513 3.43970013
170.543503 -99.080246 0.716950059
170.477951 -98.9421997 0.551149964
170.515396 -98.9273682 0.72420001
170.536896 -98.8644028 0.842400014
170.489594 -98.7419968 0.691299975
170.5242 -98.7250977 0.804899991
170.523407 -98.4720993 0.823000014
170.535797 -98.2461014 0.583400011
170.5755 -98.3679962 0.720300019
170.541595 -98.2097015 0.850250006
170.480698 -98.1501999 0.582000017
170.537201 -97.8873978 0.736500025
170.560898 -97.6053009 0.675700009
170.561493 -97.7658997 0.858699977
170.542603 -96.6212997 -0.171900004
170.406204 -94.623703 2.68490005
170.426697 -94.7242966 5.03259993
170.453293 -94.6942978 5.5605998
170.448196 -94.5467987 2.77200007
170.411194 -94.4136963 5.08760023
170.516693 -94.4215012 5.73150015
170.435791 -94.2922516 2.90114999
170.434555 -94.3154221 3.09437513
170.578995 -94.030899 1.87880003
170.505402 -94.1252975 5.19110012
170.496201 -94.0268021 5.86520004
170.449097 -94.123497 6.41629982
170.547302 -93.9355011 1.77900004
170.546692 -93.904335 2.12846661
170.4216 -93.9358978 5.14359999
170.584961 -93.697998 2.5311501
170.447006 -93.6115036 2.87529993
170.404343 -93.7133942 3.01604986
170.571793 -93.6751022 3.35759997
170.479095 -93.7994003 4.87869978
170.553497 -93.6339035 7.3895998
170.475204 -93.5515976 5.62599993
170.417603 -93.5874023 5.9145999
170.498199 -93.4787979 7.32840014
170.494507 -93.3691025 2.31049991
170.495804 -93.2265015 2.41490006
170.494507 -93.3508987 7.60039997
170.507797 -93.1675034 1.16700006
170.592697 -93.0655975 1.53670001
170.408997 -93.1688995 2.22449994
170.518997 -93.0119019 6.94990015
170.4534 -93.0888977 7.08249998
170.594604 -92.8986969 2.24040008
170.479599 -92.8431015 6.71700001
170.494507 -92.7940979 2.42459989
170.524094 -92.6791 4.27700043
170.485596 -92.7137985 6.48950005
170.567703 -92.7229996 6.67939997
170.521194 -92.5122986 2.63890004
170.442093 -92.4858017 4.1967001
170.406204 -92.5684967 5.46939993
170.508408 -92.3807983 3.59990001
170.418793 -92.1695023 2.20569992
170.416901 -92.1220016 4.07469988
170.445099 -92.1771011 6.82569981
170.593796 -91.9776001 3.55170012
170.582108 -91.6333008 7.22459984
170.500244 -91.4841461 6.90030003
170.569107 -91.2714996 3.6558001
170.576904 -91.0902023 2.88569999
170.571793 -91.1774979 6.13509989
170.489594 -90.8675995 2.94359994
170.493103 -90.9204025 6.23780012
170.503693 -90.6065979 5.9671998
170.460403 -90.0675964 1.85459995
170.433304 -90.1135025 5.87650013
170.446503 -89.9501038 1.96459997
170.438095 -89.7913971 1.82850003
170.414307 -89.7829971 2.00939989
170.570694 -89.7518005 2.56049991
170.495193 -89.6791 2.69989991
170.597794 -89.5689011 5.87900019
170.449799 -89.5010986 6.37029982
170.592804 -86.632103 10.0522003
170.551102 -86.3746033 10.0275002
170.448898 -85.9835052 15.2786503
170.480698 -85.7576981 15.8283005
170.413696 -85.6816025 16.4794998
170.572906 -85.584198 16.4573002
170.4534 -85.259201 8.21790028
170.433304 -85.2176971 14.1928997
170.502106 -85.3514023 14.4235001
170.516495 -85.3871994 15.8621998
170.444595 -85.053299 7.83549976
170.410995 -85.0882034 13.8839998
170.481201 -84.8274994 10.4688997
170.475403 -84.6508026 7.99450016
170.587296 -84.441597 6.34140015
170.501999 -84.2357025 6.40899992
170.585007 -84.0457001 5.69379997
170.551102 -84.0631027 5.90280008
170.404297 -84.1436996 6.26989985
170.471802 -84.0034027 7.1006999
170.542404 -84.1062012 12.6520996
170.515503 -83.9028015 6.95370007
170.476196 -83.8093033 7.28030014
170.438507 -83.8753967 8.24409962
170.405899 -83.7907028 5.93249989
170.532593 -83.6798019 6.89440012
170.413895 -83.7357025 7.11619997
170.498505 -83.7845001 8.06949997
170.428696 -83.1031036 17.2653008
170.4021 -82.4450989 6.81610012
170.4478 -82.3226013 5.43079996
170.567505 -82.0723038 8.22869968
170.558807 -82.0854034 16.3820992
170.558701 -82.1585007 17.0273991
170.585693 -81.8503036 19.0351009
170.440903 -81.5403976 17.9330006
170.491699 -81.2127991 4.05049992
170.437195 -81.2565994 4.51690006
170.469696 -81.2269974 4.93639994
170.571198 -81.2138977 5.10200024
170.442398 -81.2419968 17.7345009
170.413406 -81.338501 17.8341999
170.532593 -81.1662979 4.77860022
170.535797 -81.0768967 4.88530016
170.462799 -80.9710007 0.188500002
170.512695 -80.9438019 17.7703991
170.494095 -80.6120987 -0.0687000006
170.508499 -80.7406998 17.9552994
170.692093 -99.9432983 3.18700004
170.792206 -99.3598022 -0.0785999969
170.657196 -98.9179993 -0.0942000002
170.722153 -98.9263992 0.52579999
170.722 -97.901001 0.543099999
170.783005 -97.9636002 0.680899978
170.7444 -97.6885986 -0.139799997
170.768799 -94.7872009 6.8428998
170.672607 -94.6324005 7.33080006
170.666702 -94.5631027 5.73029995
170.651398 -94.549202 7.30989981
170.759644 -94.2914658 1.87986672
170.627808 -94.286499 5.87260008
170.683395 -94.271698 7.15770006
170.654449 -94.0580444 2.0395
170.743103 -94.0703964 6.27010012
170.789597 -94.1248016 7.14330006
170.692551 -93.8834 2.12709999
170.625305 -93.8877029 2.5473001
170.712997 -93.9393463 4.91450024
170.704407 -93.8519974 5.03079987
170.631104 -93.8162994 5.20790005
170.757599 -93.8572998 5.85650015
170.736206 -93.6760025 3.01769996
170.684692 -93.6383972 5.73829985
170.731094 -93.6489029 5.91069984
170.691803 -93.7730026 6.35640001
170.666901 -93.6660995 7.05959988
170.681503 -93.6038971 7.37120008
170.658295 -93.6641006 7.50594997
170.627502 -93.7124481 7.67379999
170.615906 -93.5599976 2.67020011
170.699799 -93.5401993 7.17369986
170.733704 -93.5008011 7.20979977
170.649994 -93.3472977 1.2608
170.6035 -93.223999 1.41540003
170.727753 -93.3422546 1.67744994
170.793793 -93.2723999 2.06369996
170.693893 -93.3319016 3.04480004
170.754303 -93.3547974 4.20760012
170.659607 -93.3985977 5.66520023
170.6884 -93.3013992 6.93380022
170.689453 -93.3518524 7.27425003
170.642105 -93.1444016 1.57130003
170.655243 -93.1441498 1.63610005
170.674301 -93.0192032 1.90240002
170.774704 -93.1615982 2.1322
170.732498 -92.9720001 1.95389998
170.698196 -92.8936996 2.09879994
170.740097 -92.8971024 2.31620002
170.747101 -92.865303 2.46460009
170.714752 -92.8531036 2.68529987
170.785294 -92.9910965 4.72009993
170.714996 -92.9654999 6.44700003
170.656296 -92.8695526 6.71460009
170.638794 -92.7292023 2.73900008
170.643005 -92.6361008 5.39109993
170.663498 -92.748497 6.57200003
170.785995 -92.521698 0.1083
170.625397 -92.5119019 4.70419979
170.655594 -92.2574005 2.63479996
170.641602 -92.2959976 4.5374999
170.791199 -92.2944031 5.68100023
170.606293 -92.0905991 6.67030001
170.688599 -92.0723038 6.95690012
170.651306 -92.1580963 7.22009993
170.708939 -91.9638977 0.0984333307
170.676605 -91.7938995 0.0888999999
170.764099 -91.3623962 5.77699995
170.662201 -91.0703964 2.93289995
170.645798 -90.3346024 1.63399994
170.6539 -90.2656021 1.90506661
170.787598 -90.2313995 2.03730011
170.721802 -90.1977005 1.79519999
170.692413 -90.076149 2.07620001
170.728607 -90.0220032 2.62190008
170.723602 -90.0990982 2.99850011
170.665192 -89.8815994 2.5
170.733002 -89.6306992 2.79080009
170.793503 -89.7260971 2.82299995
170.787506 -89.1659012 4.70970011
170.669159 -86.4534454 9.89179993
170.718094 -86.4880981 10.0362997
170.7005 -86.2965012 9.80440044
170.724701 -86.3581009 10.0649996
170.689499 -85.9240036 9.75150013
170.656097 -85.8899994 9.86095047
170.740906 -85.9872971 15.3259001
170.721405 -85.7640991 9.73820019
170.775497 -85.6331024 10.0250998
170.622696 -85.604599 14.5407
170.749893 -85.7937012 14.934
170.666397 -85.4623032 9.06550026
170.747101 -85.5391998 10.4468002
170.718796 -85.4719009 14.6771002
170.780197 -85.2874985 12.8746996
170.606506 -85.302002 15.9273996
170.794601 -85.1762009 -0.0104999999
170.674393 -85.1533966 8.06120014
170.680496 -84.9228973 10.3434
170.631699 -84.8426971 11.5791998
170.735992 -84.9597015 14.1040001
170.669403 -84.7988968 11.5797005
170.760605 -84.7273026 11.7503996
170.721497 -84.4417038 0.117799997
170.663605 -84.5386963 8.51210022
170.617203 -84.200798 5.69719982
170.651505 -84.3851013 6.34969997
170.753006 -84.2291031 7.36000013
170.625305 -84.2567978 12.6540003
170.7939 -84.1257019 5.66730022
170.664795 -83.9996033 5.79220009
170.604706 -83.9518967 7.03429985
170.733704 -83.4676971 17.8581009
170.661301 -83.3674011 17.7910004
170.774399 -82.9759979 10.1199999
170.700806 -82.5449982 5.66730022
170.742401 -81.8806 4.2185998
170.627701 -81.2279968 4.66599989
170.613602 -81.0419998 4.71460009
170.677307 -81.1771545 4.91660023
170.724792 -81.0048981 20.2224007
170.716644 -80.6947937 6.08599997
170.7845 -80.5394974 -0.448300004
170.639099 -80.0055008 2.53250003
170.759598 -80.036499 2.6329999
170.940399 -99.9570007 3.19560003
170.935104 -99.7478027 2.90459991
170.938141 -99.4899979 -0.108400002
170.938599 -99.4982986 0.0813999996
170.811295 -99.3618011 0.0225000009
170.873199 -99.1308975 0.655700028
170.958954 -98.8676453 0.469700009
170.944199 -98.7451019 0.598800004
170.919006 -94.8327026 5.55130005
170.950104 -94.8131027 7.08869982
170.854507 -94.7686005 7.19119978
170.852402 -94.6953964 7.23379993
170.897507 -94.5789032 6.46439981
170.951904 -94.5165024 6.62069988
170.97525 -94.4592514 7.24775028
170.980804 -94.2307968 2.41540003
170.947098 -94.2682037 6.59709978
170.997406 -94.2902985 6.77190018
170.804504 -94.3282013 7.10760021
170.807602 -94.3396988 7.36129999
170.850296 -94.1720963 2.51990008
170.989105 -94.0365982 2.69070005
170.990799 -94.0143967 2.99379992
170.955902 -94.1277008 6.52829981
170.939301 -94.1818008 6.73969984
170.907471 -94.1784668 6.92953348
170.807297 -94.168602 7.08309984
170.926147 -93.8607025 2.16104984
170.903793 -93.8907013 2.66479993
170.869797 -93.8170013 2.92059994
170.987106 -93.9924011 3.04649997
170.852097 -93.8143005 5.78520012
170.923904 -93.7156982 5.00710011
170.970703 -93.7043991 5.75199986
170.960205 -93.7621002 6.35279989
170.873001 -93.6894989 6.59200001
170.823196 -93.7521973 6.69180012
170.972198 -93.4754028 1.5266
170.945694 -93.4980011 1.62360001
170.873398 -93.3712006 1.64779997
170.915695 -93.2895966 1.82089996
170.903442 -93.3128967 2.49985003
170.817795 -93.2485962 4.56209993
170.940094 -93.1271973 2.10290003
170.973206 -93.1444016 4.18889999
170.957397 -93.1455002 4.23950005
170.965805 -93.1000977 4.4282999
170.908844 -93.1096039 4.68830013
170.979599 -93.1838989 4.95909977
170.943695 -93.0892029 5.99289989
170.834106 -92.9145966 2.1875
170.918701 -92.8412018 4.3190999
170.855194 -92.7819977 4.23330021
170.860992 -92.0770035 -0.112800002
170.897598 -91.5947037 7.66839981
170.9561 -90.688797 2.13899994
170.997696 -90.6146011 3.81579995
170.826508 -90.3828964 2.29809999
170.938995 -90.3035965 2.4525001
170.954895 -90.3075027 2.63890004
170.852005 -90.0939026 2.47900009
170.921402 -90.0245972 2.62310004
170.804596 -90.0334015 4.43370008
170.823532 -89.8989639 2.7269001
170.973495 -89.8031006 3.70429993
170.894501 -89.6588974 3.06620002
170.801102 -89.6412964 3.33260012
170.919998 -89.7157974 3.67840004
170.937393 -89.5752029 3.06660008
170.827896 -89.5975037 3.22469997
170.887695 -89.221199 4.76999998
170.938004 -86.3432007 0.144500002
170.920837 -86.3046646 9.67306709
170.995407 -86.3342972 10.6869001
170.994293 -86.1619034 0.0995000005
170.996994 -86.0879974 9.5394001
170.906403 -86.1489029 9.88840008
170.897598 -85.8843994 0.213499993
170.911499 -85.8753967 9.43949986
170.857193 -85.9032974 9.60910034
170.868896 -85.8360977 10.2357998
170.834351 -85.7014999 9.03540039
170.958206 -85.7503967 9.3046999
170.9048 -85.6051025 10.4594002
170.9021 -85.4583969 0.368400007
170.871597 -85.5645981 9.20919991
170.857498 -85.4901962 10.1624002
170.881897 -85.5233994 13.4928999
170.843094 -85.5026016 13.6035004
170.801895 -85.1360016 7.95370007
170.9086 -85.1591034 8.10840034
170.899796 -84.9759979 12.4333
170.943649 -84.883255 13.6779995
170.888199 -84.935997 14.1317997
170.852493 -84.7614975 0.00549999997
170.8479 -84.6333008 10.3603001
170.854996 -84.6676025 11.8104
170.854004 -84.5194016 -0.355500013
170.843399 -84.5217972 0.161599994
170.810898 -84.5482025 10.4012003
170.8918 -84.4768982 11.3575001
170.852707 -84.5360031 11.4148998
170.844498 -84.3537979 9.49610043
170.947998 -84.0467987 19.1557007
170.933502 -83.8707962 16.6378002
170.999496 -83.6343994 18.6035004
170.959 -83.4048996 17.3351994
170.968597 -83.5585022 17.8689003
170.910202 -83.2919006 17.5051994
170.865097 -83.0362015 10.4616003
170.932297 -82.7919006 4.63759995
170.927002 -82.7883987 4.82140017
170.833801 -82.7385025 10.5408001
170.912903 -82.5645981 5.60620022
170.990906 -82.3067017 4.48120022
170.916504 -82.1075974 4.68100023
170.917007 -81.9103012 3.98399997
170.826248 -81.9593964 4.11235046
170.836594 -81.9963989 4.33519983
170.880707 -81.8611984 4.77790022
170.945602 -81.8627014 4.97149992
170.937302 -81.8822021 5.11180019
170.982895 -81.763298 5.421
170.968994 -81.513298 5.5802002
170.901093 -81.2913513 4.68349981
170.828796 -81.2011032 4.83970022
170.915054 -81.0712509 4.69725037
170.851395 -81.1400986 4.86639977
170.928406 -80.8358002 3.75359988
170.921494 -80.9179001 3.98340011
170.9953 -80.6352997 3.99090004
170.836197 -80.7759018 4.78070021
170.91629 -80.5908966 -0.312000006
170.971802 -80.4738998 3.8592
170.932693 -80.4076996 4.24550009
170.860703 -80.2482986 2.2967
170.922302 -80.2253036 2.58999991
170.927002 -80.3226013 3.1724999
170.916687 -80.2854996 3.24730015
170.857605 -80.2475967 3.54250002
170.887405 -80.0837021 2.11019993
170.892593 -80.0636978 2.33179998
170.873444 -80.1501007 2.52279997
170.848602 -80.1697006 3.14179993
170.839371 -80.100235 3.3488667
170.935898 -80.1939011 3.60669994
170.929504 -80.1738968 3.82990003
171.128693 -99.8743973 2.75830007
171.122803 -99.9016495 2.8737998
171.153595 -99.6933975 2.5473001
171.156494 -99.7107315 2.74046683
171.158005 -98.9252014 0.309049994
171.180099 -98.7213974 0.310699999
171.089401 -97.7612991 0.351999998
171.156403 -94.6139984 5.25704956
171.044907 -94.7528 5.47879982
171.0345 -94.7128983 7.18050003
171.195099 -94.5606995 4.06020021
171.197906 -94.4882965 6.08879995
171.05899 -94.5178986 6.27680016
171.010696 -94.456398 6.51179981
171.045593 -94.5335999 7.00129986
171.122696 -94.2123032 2.51929998
171.091049 -94.2246552 4.98789978
171.189804 -94.3163986 6.34149981
171.094894 -94.3616028 6.41260004
171.163193 -94.2130966 6.62510014
171.116089 -94.2516479 6.95654964
171.075897 -94.1007309 2.49006677
171.019196 -94.1093979 4.99410009
171.050354 -94.1562958 5.10820007
171.185501 -94.1437988 6.54320002
171.028107 -94.1425018 6.77169991
171.132904 -93.8972931 2.72504997
171.042206 -93.9826965 2.87050009
171.1427 -93.9368973 4.17040014
171.1819 -93.9581985 4.41309977
171.155899 -93.8906021 6.0717001
171.074005 -93.6753998 1.29180002
171.001495 -93.763298 2.1724
171.056503 -93.6219025 5.8572998
171.143204 -93.7897034 6.23250008
171.109406 -93.4559021 2.35360003
171.196701 -93.4888 2.42289996
171.0849 -93.433197 4.24669981
171.135498 -93.5416565 5.74539995
171.063995 -93.4917984 6.24459982
171.099197 -93.344101 2.5316
171.068298 -93.2401962 5.28310013
171.032303 -93.3374023 5.41139984
171.037903 -93.3743973 5.6072998
171.114594 -93.1259003 4.69040012
171.110504 -92.6548996 2.89750004
171.147598 -92.5793991 3.1480999
171.152695 -92.3712997 5.25500011
171.003693 -92.1435013 7.33260012
171.089844 -91.6347504 5.30945015
171.089294 -91.4119034 3.1473
171.139694 -91.5830994 5.28380013
171.061005 -91.3182983 3.71639991
171.031006 -90.4319 2.30320001
171.1147 -90.2186966 3.76250005
171.091293 -90.1659012 2.92000008
171.181198 -90.0366974 3.17910004
171.034393 -89.9400024 2.93510008
171.124298 -89.9106979 3.55139995
171.011505 -89.930397 3.62010002
171.084702 -89.1709976 2.01399994
171.070038 -86.2631531 9.73344994
171.050903 -86.3785019 10.2125998
171.02774 -86.2685013 10.4814997
171.032104 -86.0287018 9.65149975
171.188904 -85.8753967 8.85990047
171.143906 -85.8481979 9.17010021
171.086105 -85.8766022 9.50230026
171.047394 -85.6268005 13.4548998
171.099197 -85.5383987 9.40670013
171.025101 -85.4988022 9.63440037
171.111694 -85.3886032 12.4500999
171.182602 -85.1231995 13.9636002
171.014496 -85.0602036 14.0058002
171.115814 -85.1142502 14.3624001
171.132233 -85.0410004 14.6612673
171.169998 -84.9716034 9.56680012
171.011795 -84.9831009 12.3767996
171.132202 -84.8963013 14.4447002
171.151398 -84.9732971 16.8089008
171.082504 -84.6269989 7.66279984
171.191101 -84.7658997 10.1240997
171.067307 -84.6350021 11.6450005
171.019104 -84.7106018 12.2889996
171.118301 -84.7770004 16.7273006
171.088104 -84.5563965 7.66730022
171.07254 -84.4120026 10.1026497
171.117599 -84.1015015 7.77089977
171.094299 -84.0631027 18.6697006
171.041901 -84.1648026 18.8698997
171.067947 -83.8659058 18.4300003
171.049301 -83.9844971 19.0596008
171.045502 -83.7555008 16.3518009
171.159698 -82.8985977 5.57679987
171.096405 -82.7316971 4.60090017
171.073196 -82.6281967 5.16179991
171.071198 -82.6984024 6.19119978
171.034393 -82.6717987 16.5300007
171.185196 -82.5852966 16.1569004
171.189301 -82.1006012 5.68510008
171.132797 -81.8976974 5.5875001
171.116806 -81.4531021 4.78410006
171.102402 -81.2489014 4.61940002
171.166595 -81.0865021 3.1006
171.003693 -81.010498 3.3046
171.104095 -81.0625992 3.41589999
171.132812 -81.0326004 3.69759989
171.0811 -81.049202 5.00610018
171.091705 -81.1362 6.22889996
171.073105 -80.9283981 3.21560001
171.116806 -80.8135986 3.5229001
171.032944 -80.85215 3.68120003
171.124496 -80.8118973 3.93930006
171.118896 -80.9011002 4.11350012
171.001205 -80.9014969 4.54489994
171.116592 -80.8043976 5.62669992
171.040207 -80.7642975 -0.405400008
171.160599 -80.6302032 3.06340003
171.137497 -80.7003021 3.2335
171.076904 -80.6470032 3.4203999
171.096298 -80.7685013 4.12949991
171.056396 -80.6317978 4.24310017
171.014999 -80.7475967 4.49919987
171.147705 -80.7779007 5.34899998
171.057404 -80.5044022 3.81520009
171.036896 -80.3945007 2.9296
171.027145 -80.144455 3.55745006
171.042496 -80.0542984 4.8987999
171.298203 -99.9918976 -0.144700006
171.354645 -99.8532486 2.54444981
171.31604 -99.915802 2.68339992
171.229507 -99.9001007 3.22679996
171.239197 -99.637001 2.58010006
171.255493 -99.5737991 2.52069998
171.33844 -98.835495 0.0966000035
171.275238 -98.894104 0.255133331
171.330093 -98.8686981 0.4639
171.287598 -98.7143021 0.199900001
171.218903 -98.6867981 0.315499991
171.312698 -98.6836014 0.4366
171.218002 -98.5361481 0.463750005
171.321899 -98.0025024 0.240400001
171.273697 -97.8021011 0.187399998
171.233597 -97.9347992 0.360199988
171.308197 -97.7777023 0.0820000023
171.379105 -95.240303 3.22059989
171.368607 -95.3606033 4.93540001
171.385956 -95.2173462 5.13759995
171.217606 -95.0725021 4.85620022
171.215897 -94.8197021 2.58330011
171.255997 -94.6641998 5.19649982
171.294907 -94.7087021 5.2336998
171.318893 -94.771698 5.45100021
171.3013 -94.7682037 7.3446002
171.305099 -94.5559998 2.54419994
171.249298 -94.5077972 4.0454998
171.261398 -94.4913025 5.18550014
171.329147 -94.4922943 5.29975033
171.298401 -94.4883347 5.47803307
171.266006 -94.4065018 7.25880003
171.350403 -94.2032013 1.68640006
171.341995 -94.2248001 2.50379992
171.302994 -94.3438034 2.6322999
171.310898 -94.2236023 4.1415
171.289001 -94.3993988 5.1704998
171.289703 -94.2944489 5.4857502
171.232101 -94.3792038 6.38369989
171.263351 -94.2291489 6.92179966
171.380005 -94.2223969 7.08920002
171.374603 -94.303299 7.36240005
171.354095 -94.1905975 1.67079997
171.277893 -94.1408997 1.99979997
171.350555 -94.1228485 4.29040003
171.339645 -94.1460495 5.06734991
171.205505 -94.1372986 5.46649981
171.257797 -94.1470032 5.63479996
171.3535 -94.1116028 6.32730007
171.305496 -94.1503983 6.83659983
171.212708 -93.9269028 1.89489996
171.271698 -93.9409027 2.77769995
171.317352 -93.9716492 4.10255003
171.323242 -93.9352493 5.12689972
171.295502 -93.9981003 5.48729992
171.251602 -93.924202 5.69729996
171.223099 -93.9125977 5.89650011
171.360397 -93.9969025 6.09469986
171.385193 -93.9439011 6.7434001
171.3479 -93.7544022 2.20169997
171.260696 -93.4057007 2.51110005
171.347305 -93.4222031 4.42819977
171.373596 -93.4084015 5.40439987
171.342743 -93.4808044 5.72334957
171.261597 -93.2740021 2.56769991
171.231598 -93.2499008 5.19500017
171.296906 -93.2967987 5.34950018
171.317505 -93.0214996 2.62400007
171.367203 -92.9075012 2.87879992
171.360199 -92.8733978 4.48029995
171.239594 -92.9708023 4.91909981
171.365097 -92.4029007 3.65790009
171.345398 -92.2076035 2.33509994
171.289795 -92.2381973 5.34350014
171.366806 -92.0126038 5.20620012
171.391296 -91.8091965 2.18790007
171.248306 -91.8186035 2.48460007
171.276199 -91.7582016 2.28839993
171.295303 -91.7307434 2.47009993
171.215607 -90.7563019 2.47410011
171.240799 -90.4655991 2.64650011
171.236099 -90.0164032 3.68470001
171.243393 -89.9596024 2.16470003
171.244904 -89.3091965 2.1421001
171.299606 -89.0883026 2.97880006
171.379395 -88.9453964 2.17529988
171.394501 -87.4506989 10.9829998
171.29599 -86.4878998 10.5191002
171.206696 -86.3424988 10.0256996
171.357101 -86.3485031 10.5089998
171.307098 -85.9016037 9.37069988
171.334595 -85.4384003 13.4636002
171.3367 -85.4374008 14.4172001
171.386993 -85.3871994 13.1450996
171.321304 -85.2582016 13.2591
171.373001 -85.2217026 13.9136
171.353394 -85.2785034 14.1175003
171.364899 -85.2973022 14.2990999
171.396301 -85.3896027 14.5524998
171.272598 -85.2753983 14.7896004
171.29715 -85.3255005 14.8760004
171.240097 -85.2391968 17.2600002
171.260101 -85.0683975 10.5362997
171.350708 -85.0630035 12.9466496
171.356003 -85.1613007 13.1676998
171.214294 -85.0916977 14.1583996
171.327942 -85.1080017 17.1300011
171.284897 -84.8352966 11.0970001
171.388596 -84.8235016 12.2714005
171.392899 -84.941803 13.6068001
171.253204 -84.8929977 14.3007002
171.354599 -84.8578033 16.7017994
171.285507 -84.9316025 16.8523006
171.242096 -84.7802963 10.2586002
171.235596 -84.5529022 11.1408005
171.262848 -84.4779053 11.3344002
171.250504 -84.3402023 11.434
171.399094 -84.1277008 12.6472998
171.339096 -83.7748032 18.3516998
171.379593 -82.2238007 -0.368299991
171.266006 -81.7528992 4.88140011
171.370895 -81.2298965 3.05579996
171.254395 -81.1199646 2.9598999
171.300201 -81.1296005 3.02480006
171.334396 -81.085701 3.37870002
171.281204 -81.1220016 3.42764997
171.302353 -81.1212006 3.73614979
171.332199 -81.1060028 3.87125015
171.237305 -81.0458984 4.0019002
171.227142 -80.8822479 4.2557497
171.246094 -80.8851013 4.43620014
171.257706 -80.6980972 3.24950004
171.366104 -80.4350967 2.31469989
171.244904 -80.4761963 3.0611999
171.377808 -80.3218994 0.975899994
171.263794 -80.3831024 3.1329
171.520294 -99.9175034 2.53469992
171.592194 -99.8955002 3.30570006
171.56665 -99.987999 3.51574993
171.527893 -99.8827972 4.01450014
171.486099 -99.6729279 2.48123336
171.543106 -98.9861984 -0.00609999988
171.486557 -98.9753494 0.118949994
171.447235 -98.9032669 0.336733341
171.494705 -98.9634018 0.494199991
171.492798 -98.9092026 0.72299999
171.40715 -98.7761993 0.0785000026
171.520096 -98.7621994 0.592800021
171.509293 -98.2223969 -0.151899993
171.441605 -98.0535965 -0.205500007
171.522156 -97.9655991 0.0139500005
171.437897 -97.8815994 0.517400026
171.465393 -97.7675018 0.265899986
171.403397 -97.7575989 0.570500016
171.572296 -95.8135986 4.54969978
171.590103 -95.6654968 3.22930002
171.432007 -95.7042999 3.42449999
171.558105 -95.7520981 4.49910021
171.566498 -95.4045029 3.13879991
171.581604 -95.2246017 3.16260004
171.465195 -95.2381973 4.95130014
171.475143 -95.2724457 5.11000013
171.578857 -95.1650543 4.90059996
171.461548 -95.0904541 5.29804993
171.571793 -95.0226974 5.46799994
171.533295 -94.9040985 5.68109989
171.415405 -94.8454971 7.44869995
171.459808 -94.7057495 2.54820013
171.499649 -94.7128525 5.15054989
171.592606 -94.7070007 5.73180008
171.416397 -94.6043015 6.00530005
171.475601 -94.6473999 6.24940014
171.482452 -94.5223541 2.69047499
171.548645 -94.4472046 2.9059
171.568604 -94.4857025 4.21579981
171.580902 -94.5522003 4.98649979
171.557602 -94.5454025 5.02299976
171.462494 -94.5064011 5.26070023
171.410599 -94.4666977 5.51289988
171.451508 -94.5263519 6.2241497
171.551758 -94.2878036 1.84383333
171.423904 -94.3878021 2.57249999
171.509613 -94.3488464 2.65190005
171.503693 -94.2726974 2.88779998
171.475494 -94.3159485 4.27670002
171.533295 -94.2493973 5.12270021
171.549194 -94.3317032 5.20919991
171.423096 -94.2054977 5.99139977
171.423996 -94.3100967 7.3993001
171.510101 -94.0868988 6.08265018
171.453506 -94.0304031 6.58990002
171.498993 -94.1326981 6.84100008
171.504089 -94.1196747 7.10340023
171.489105 -94.1282043 7.42319965
171.483597 -93.9554977 2.13759995
171.462494 -93.8968964 2.30760002
171.589096 -93.8304977 2.66109991
171.512802 -93.8895035 2.88380003
171.402298 -93.8604965 5.10279989
171.525894 -93.8048019 5.38119984
171.430695 -93.8862 6.0388999
171.525208 -93.9175034 6.71850014
171.539597 -93.7442627 2.74543333
171.483505 -93.6987 4.15990019
171.472473 -93.724472 4.63154984
171.576508 -93.6162033 4.8355999
171.555099 -93.6333008 5.16590023
171.519745 -93.7197495 5.76399994
171.524841 -93.7078552 5.83995008
171.586594 -93.6924973 6.84310007
171.417099 -93.4514008 4.56139994
171.53241 -93.4755554 4.97235012
171.577606 -93.4007034 5.20730019
171.415497 -93.4829025 5.47539997
171.498901 -93.2535553 1.7852
171.509995 -93.0459976 1.82819998
171.595093 -93.0671997 5.39720011
171.5504 -92.844902 3.06660008
171.515106 -92.8227005 3.56010008
171.4496 -92.9824982 4.95349979
171.521347 -92.6734009 -0.129199997
171.537994 -92.0072021 -0.355300009
171.586105 -92.0363998 0.228100002
171.569397 -92.0453033 0.876800001
171.543198 -92.0169983 1.34860003
171.555542 -91.894249 -0.0621500015
171.566254 -91.9460526 0.105049998
171.530304 -91.9039993 0.312449992
171.550247 -91.9487 0.696200013
171.4897 -91.9576035 0.898500025
171.551819 -91.9428482 1.09082496
171.583008 -91.9698029 1.28696668
171.49765 -91.8651505 1.53979993
171.507965 -91.8974686 1.92159998
171.412399 -91.8215027 2.0783
171.433899 -91.501297 -0.206400007
171.497192 -91.0438995 -0.141350001
171.533997 -91.1138992 0.00930000003
171.436707 -89.9048004 1.60249996
171.411407 -89.2895966 3.13779998
171.571304 -88.9201965 2.58229995
171.522507 -88.9609985 2.90420008
171.553207 -87.8195038 10.7241001
171.472549 -87.9894485 13.3206501
171.589706 -87.8929977 13.5023003
171.434799 -87.7671967 10.8120003
171.427002 -87.7594986 13.2019997
171.599594 -87.6636963 13.4538002
171.501297 -87.7938004 13.6018
171.515503 -87.5511017 13.3928499
171.555603 -87.2301025 11.2138004
171.487198 -87.0774994 13.5014
171.512604 -86.7306519 10.4440002
171.407806 -86.0475006 9.86410046
171.449203 -85.8891983 9.76469994
171.575806 -85.8265991 13.5986004
171.591995 -85.4404984 13.2048998
171.498993 -85.2928009 13.0509005
171.564804 -85.2678986 13.993
171.410294 -85.2962036 14.5719995
171.406998 -85.1246033 13.1029997
171.528397 -85.1928024 13.5839005
171.417603 -85.1387024 16.9137993
171.501297 -84.4770966 -0.344599992
171.447998 -84.427803 10.7221003
171.470993 -84.3494034 11.5045996
171.424606 -84.3865967 11.9975996
171.410004 -84.299202 12.6684999
171.570206 -83.9237976 17.1765995
171.512497 -83.3597031 16.0034008
171.468307 -82.8389969 5.70760012
171.406799 -82.6855011 6.2118001
171.595993 -82.2742996 -0.400400013
171.496002 -81.8886032 4.82390022
171.497803 -81.8534012 5.03289986
171.488998 -81.0746002 3.18600011
171.404099 -81.0263977 3.3979001
171.4272 -81.0594025 3.79839993
171.578003 -80.4250031 0.648500025
171.581696 -80.5954971 2.0395999
171.444901 -80.4820023 2.31419992
171.492737 -80.4965668 2.4780333
171.553406 -80.4679031 2.77850008
171.557648 -80.4123535 3.06005001
171.4422 -80.2292023 0.531599998
171.490494 -80.3852997 1.07599998
171.511154 -80.3406525 2.88999987
171.572403 -80.197403 -0.131500006
171.471893 -80.131897 0.731599987
171.481598 -80.0986023 2.77200007
171.471039 -80.1773071 2.83299994
171.652603 -99.9185028 2.31645012
171.653809 -99.9366989 2.42794991
171.7948 -99.8777008 3.02209997
171.663635 -99.9011993 3.46864986
171.610901 -99.9216995 3.6960001
171.665802 -99.9399033 3.95099998
171.706802 -99.9785004 4.05840015
171.697006 -99.7873535 2.34049988
171.688797 -99.5483017 2.23889995
171.765503 -99.549202 2.40120006
171.756104 -99.5296021 2.87919998
171.683899 -99.232399 0.642199993
171.733002 -99.1762009 0.649800003
171.785095 -96.7780991 3.81060004
171.765991 -96.4750519 4.6406002
171.709656 -96.5048523 4.90005016
171.747559 -96.3307495 3.67504978
171.725403 -96.2609558 5.49230003
171.720001 -95.8071976 4.77589989
171.742096 -95.8293228 4.91287518
171.710968 -95.8690338 5.08623314
171.743591 -95.6717529 2.92400002
171.776794 -95.6128006 3.4454
171.694107 -95.6653976 3.63989997
171.712692 -95.735466 4.92890024
171.741104 -95.7535019 5.10500002
171.641205 -95.5792007 2.95889997
171.642593 -95.5547028 3.03999996
171.672699 -95.492897 3.37420011
171.761993 -95.5597 3.50230002
171.624496 -95.5850983 3.68149996
171.723206 -95.4430008 4.98089981
171.7789 -95.5820999 5.26520014
171.630096 -95.358902 3.19970012
171.7099 -95.2854462 3.2265501
171.6362 -95.2359009 4.90339994
171.750854 -95.1441956 4.77209997
171.698502 -95.1473007 4.84329987
171.638504 -94.8022003 2.51200008
171.789993 -94.8659973 3.73370004
171.759506 -94.7603989 3.47320008
171.608398 -94.7874985 3.83010006
171.6203 -94.6195984 4.9000001
171.710098 -94.7996979 5.14529991
171.787994 -94.6953964 5.56400013
171.722397 -94.6123962 6.72284985
171.6008 -94.5127029 1.68550003
171.764206 -94.501297 2.59759998
171.654404 -94.4082031 2.7098999
171.631805 -94.5444031 4.45599985
171.687607 -94.4096985 5.47970009
171.732147 -94.5142059 5.70580006
171.777298 -94.5391006 6.73089981
171.788101 -94.2343979 2.01079988
171.737854 -94.3030548 2.57550001
171.7845 -94.2979965 2.78469992
171.700104 -94.3896027 4.55730009
171.6763 -94.3048019 4.68610001
171.776001 -94.3632965 4.86980009
171.692001 -94.3945999 5.37599993
171.704895 -94.3233032 5.79570007
171.764999 -94.2236023 6.28830004
171.780594 -94.3695984 6.62029982
171.670395 -94.1060333 2.04406667
171.751602 -94.0269012 2.2349999
171.770294 -94.139801 2.51559997
171.740707 -94.0820007 2.62910008
171.739395 -94.1277008 4.91690016
171.66095 -94.1690521 6.09819984
171.650894 -94.1316986 6.68529987
171.636398 -94.1255035 6.9137001
171.796997 -93.8845978 2.21090007
171.660095 -93.8895035 2.86170006
171.767303 -93.8259964 3.94939995
171.612503 -93.8062973 4.6079998
171.6996 -93.8835983 5.02069998
171.670303 -93.9571991 5.95739985
171.760193 -93.8068008 6.87809992
171.733994 -93.9149017 7.01090002
171.637299 -93.9776001 7.20249987
171.7798 -93.6591034 3.31550002
171.748093 -93.5170975 2.76830006
171.670807 -93.4236984 3.02119994
171.788101 -93.4600983 3.3829999
171.763397 -93.438797 3.48239994
171.686554 -93.4776459 5.23750019
171.626999 -93.5568008 5.49130011
171.654907 -93.2221985 1.81719995
171.787796 -93.3707962 3.0315001
171.706146 -93.2268524 5.11740017
171.743805 -93.3718033 6.54890013
171.710403 -93.0977631 3.54593325
171.759399 -93.1921539 4.26684999
171.689102 -92.8862991 0.0331999995
171.626999 -92.9363022 0.319099993
171.671005 -92.8840027 2.33060002
171.767395 -92.8991013 3.33839989
171.755707 -92.9944 3.44449997
171.648605 -92.9199982 4.25909996
171.675629 -92.0654678 0.0544666648
171.660706 -92.1149979 0.358399987
171.746094 -92.1707993 0.5352
171.660507 -92.0686035 0.794700027
171.648041 -92.0812988 0.878366649
171.613907 -92.0764008 1.54719996
171.674301 -92.0112 1.60679996
171.619995 -91.9870987 0.180099994
171.737503 -91.9830017 1.74039996
171.722198 -91.8007965 5.1315999
171.690094 -91.1358032 -0.0175999999
171.6008 -91.1173019 0.0197999999
171.719406 -90.267601 4.47039986
171.686859 -87.7156372 13.1114998
171.645493 -87.5157013 12.9415998
171.753052 -87.456604 13.1514997
171.705994 -87.4747009 13.4186001
171.727005 -87.2600021 11.1362
171.628906 -87.0439987 11.4162998
171.7267 -87.0734024 13.2785997
171.734497 -87.0346985 13.7395
171.785599 -86.9335022 10.5740995
171.739563 -86.8145981 10.6929493
171.705795 -86.9636993 10.8620996
171.724792 -86.808197 11.3915005
171.775299 -86.8962021 13.2875004
171.708496 -86.990097 13.7824001
171.7603 -86.8668976 13.8929005
171.781097 -86.7918015 13.1854
171.673203 -86.7649994 13.835
171.710297 -86.3630981 0.0140000004
171.7798 -86.2381973 12.9485998
171.7388 -86.0718002 14.1667995
171.644196 -86.0983963 14.2531996
171.738998 -85.8648987 13.5900002
171.638245 -85.8945999 13.67805
171.771103 -85.8591995 13.9890003
171.721008 -85.6597519 13.18155
171.6819 -85.4108963 12.7952003
171.738205 -85.5286026 12.8065004
171.670105 -85.5818024 13.1032
171.625198 -85.5686035 13.2182999
171.762802 -85.3990021 10.3639002
171.787292 -85.3125992 12.5035
171.7659 -84.6896973 11.4804001
171.704041 -84.622406 11.6595001
171.70105 -84.6814499 11.9200497
171.684402 -84.763298 12.0709
171.728897 -84.7954025 12.2205
171.641693 -84.6343994 12.4692001
171.681396 -84.4054031 9.26319981
171.607101 -84.4760971 11.5676003
171.648499 -84.2404022 8.90330029
171.651093 -84.2985001 9.09370041
171.635696 -84.3228989 9.22350025
171.697006 -84.286499 11.9024
171.732407 -83.6703033 16.5394001
171.672607 -83.401001 14.6806002
171.782303 -83.4809036 16.4925003
171.761795 -83.1144028 5.63600016
171.7939 -82.8485031 5.08529997
171.773804 -82.9365997 5.5163002
171.678497 -82.9815979 5.60010004
171.788498 -82.574501 5.00089979
171.615097 -81.8163986 4.96449995
171.789001 -80.9604034 3.15019989
171.703796 -80.9245987 3.39109993
171.746094 -80.8062973 19.6422997
171.735703 -80.6848984 1.13950002
171.755249 -80.735199 2.4510498
171.707199 -80.7758026 3.68709993
171.796295 -80.4882965 0.316500008
171.605698 -80.5565033 1.43089998
171.7285 -80.5186996 3.04550004
171.668503 -80.3802032 1.09730005
171.765701 -80.2145996 1.41579998
171.672897 -80.0103989 1.35440004
171.7827 -80.1703033 1.48790002
171.69809 -80.0599976 1.61595011
171.918396 -99.8453979 3.47099996
171.8125 -99.8971024 3.88910007
171.942596 -99.6316986 3.01300001
171.988297 -99.7845993 3.20880008
171.920898 -99.794899 4.02190018
171.911896 -99.4251022 2.90129995
171.935196 -99.4122009 3.1954
171.941895 -99.2850037 2.75259995
171.857544 -99.2359467 2.95949984
171.838104 -99.3391037 3.03979993
171.854706 -99.1699982 3.37080002
171.862854 -97.4612503 4.90184975
171.923203 -97.3943024 4.85360003
171.972595 -97.120697 4.66499996
171.918304 -97.1987991 4.87930012
171.889893 -96.9085999 3.79229999
171.957306 -96.9253998 5.43359995
171.980606 -96.9189987 5.60599995
171.914093 -96.7361526 3.75889993
171.844406 -96.6433029 3.80850005
171.909195 -96.6473999 5.38049984
171.930603 -96.5662994 3.60540009
171.879105 -96.4732971 4.59770012
171.962799 -96.5102005 5.38030005
171.942703 -96.5001984 5.49030018
171.922195 -96.5210037 5.63049984
171.871399 -96.3815994 3.65079999
171.835403 -96.3300018 4.59280014
171.848007 -96.3956985 4.6230998
171.993301 -96.3612976 4.95900011
171.905106 -96.2658005 5.33039999
171.91571 -96.2813034 5.44946671
171.946503 -96.3248978 5.64760017
171.995102 -96.2865982 5.81589985
171.937897 -96.1211014 3.62220001
171.91713 -96.100502 5.36409998
171.928894 -95.8122025 4.16870022
171.979401 -95.8074036 4.21229982
171.946594 -95.8237 4.67490005
171.8638 -95.8432999 4.84780025
171.808594 -95.9272003 5.07289982
171.919296 -95.8491516 5.26875019
171.980804 -95.7666016 3.29279995
171.957504 -95.7937012 4.1427002
171.937195 -95.6814499 4.6875
171.954254 -95.5494995 3.18214989
171.883102 -95.5975037 3.54040003
171.991806 -95.4617004 4.57530022
171.901932 -95.5394974 4.70590019
171.844894 -95.5726013 5.01410007
171.846405 -95.3352661 4.92250013
171.904999 -95.1416016 4.9994998
171.9254 -95.061203 5.13000011
171.949097 -94.9302979 4.5788002
171.883804 -94.8641968 4.88390017
171.987396 -94.8242035 5.08209991
171.934296 -94.6488953 3.73710012
171.856598 -94.6204987 4.43190002
171.928604 -94.7219009 4.8744998
171.818497 -94.604599 5.33510017
171.959702 -94.6626968 5.5848999
171.812805 -94.7667999 5.78319979
171.931793 -94.5966034 3.64759994
171.848999 -94.5826569 4.51924992
171.869598 -94.4057999 5.19390011
171.897751 -94.4953461 5.34159994
171.952194 -94.5526962 5.74179983
171.932693 -94.4105988 5.90329981
171.905701 -94.40905 6.54759979
171.8741 -94.3899002 1.75460005
171.959 -94.3348007 2.54909992
171.879501 -94.3639984 4.69890022
171.918457 -94.3423004 4.88609982
171.948105 -94.2473984 5.81610012
171.965103 -94.3723984 6.24919987
171.951752 -94.3180542 6.49559975
171.953094 -94.278801 6.65719986
171.947693 -94.0158997 2.42199993
171.967606 -94.0656967 3.51090002
171.861801 -94.1168976 5.00579977
171.885895 -94.1612015 5.94880009
171.824799 -94.0570984 6.58760023
171.921295 -94.1016998 7.1427002
171.925995 -94.1846008 7.3270998
171.802704 -93.8940964 3.56279993
171.903107 -93.8365021 7.03950024
171.872803 -93.7828979 2.3670001
171.874298 -93.6436996 2.45350003
171.8573 -93.7442017 2.98340011
171.918304 -93.6395035 3.3448
171.940994 -93.7640991 3.59660006
171.840805 -93.7210999 6.6578002
171.978302 -93.7683029 7.34899998
171.84314 -93.5034485 2.96085
171.912445 -93.4559479 3.07929993
171.847702 -93.5880966 3.51760006
171.938797 -93.5252533 4.20704985
171.873596 -93.513298 4.72599983
171.845703 -93.3486023 3.17680001
171.866699 -93.3059998 3.62910008
171.939102 -93.2305984 4.31640005
171.890549 -93.2322006 6.27260017
171.809998 -93.0378036 3.148
171.937805 -93.0326996 3.20799994
171.971603 -93.178299 3.89949989
171.968094 -92.8526993 -0.264600009
171.903595 -92.8099976 0.0182000007
171.895493 -92.9741974 3.25819993
171.882706 -92.9629974 3.94339991
171.816605 -92.9854965 4.24790001
171.94516 -92.7722473 -0.0903000012
171.866592 -92.7612 2.38630009
171.985794 -92.7987976 3.87770009
171.9272 -92.1489029 2.14820004
171.874603 -91.1307983 -0.210099995
171.928604 -89.3206024 3.16840005
171.934799 -87.6421967 13.7151003
171.943893 -87.4235992 12.9750996
171.966904 -87.2080002 12.9417
171.881805 -87.34095 13.0382996
171.988998 -87.0799026 10.8031998
171.852707 -87.1136017 12.8921003
171.819305 -87.1578979 13.5457001
171.867493 -87.0035019 13.8965998
171.908493 -87.0217972 14.1576996
171.906906 -86.8420029 12.7290001
171.986603 -86.8520966 13.3183002
171.834198 -86.8049011 13.4610996
171.857895 -86.8643036 13.6007004
171.807907 -86.7978973 12.5951996
171.838699 -86.7685013 12.7326002
171.869095 -86.5355988 11.1501999
171.903595 -86.4447021 13.0738001
171.8414 -86.3062973 -0.29339999
171.891907 -86.3358002 0.251700014
171.988007 -86.091301 12.9510002
171.9534 -86.0248032 13.3388004
171.8246 -86.0083008 13.4895
171.951202 -86.0231018 13.6486998
171.89389 -86.1176453 14.06355
171.838394 -85.9077988 0.272700012
171.970001 -85.8845978 12.7893
171.888306 -85.907402 13.0676003
171.895142 -85.8811951 13.7441998
171.875641 -85.898056 13.9099998
171.947403 -85.6955032 9.44110012
171.970703 -85.7154999 12.6012001
171.8797 -85.6072006 12.9413004
171.817703 -85.7465973 13.2945995
171.969193 -85.5781021 9.33600044
171.905807 -85.5391006 9.53209972
171.940598 -85.5874023 12.8311996
171.9216 -85.339447 12.3705006
171.918701 -84.6108017 8.57649994
171.871002 -84.7580032 9.31499958
171.901306 -84.6753006 11.4614
171.990707 -84.7268982 11.6740999
171.939896 -84.5302963 8.52999973
171.898804 -84.5463028 8.9375
171.906799 -83.5903015 16.8449001
171.993393 -83.3834 7.17659998
171.954193 -83.3942032 7.81920004
171.959106 -83.1676025 6.7434001
171.831696 -82.9363022 5.18470001
171.917206 -82.6204987 4.75680017
171.861206 -82.7074966 17.3736
171.958099 -82.3094025 16.6179008
171.996094 -82.1148987 8.68150043
171.877396 -81.1973038 22.7367992
171.898499 -80.8658981 1.36619997
171.836105 -80.9262009 3.60680008
171.826706 -80.6661987 -0.214399993
171.8927 -80.6356964 -0.135399997
171.900604 -80.6618042 1.15219998
171.884506 -80.6187973 2.48749995
171.803696 -80.5911026 -0.352499992
171.9729 -80.495903 0.600300014
171.982101 -80.5490036 1.1595
171.9077 -80.4985962 1.49660003
171.814301 -80.4882965 2.90030003
171.858398 -80.2498016 0.511099994
171.866806 -80.3993988 1.4993
171.912201 -80.3965988 1.62730002
171.875702 -80.0374985 1.41199994
172.150406 -99.9169998 3.04250002
172.124252 -99.6442566 4.01434994
172.034302 -99.6294022 4.30159998
172.183807 -99.5548019 3.38479996
172.130859 -99.4517975 3.76469994
172.130997 -99.5217972 3.86680007
172.162598 -99.5849991 4.1315999
172.061798 -99.3117981 3.37330008
172.172806 -99.3702011 4.31850004
172.190506 -97.8572998 4.69189978
172.1474 -97.6908035 4.53789997
172.162659 -97.6886444 4.70720005
172.128967 -97.4598999 4.66060019
172.086304 -97.2045975 4.74989986
172.146606 -97.3105011 4.8045001
172.069046 -97.1535492 4.61334991
172.110794 -96.8942032 4.28100014
172.085098 -96.8815002 5.46710014
172.026703 -96.6036987 3.56660008
172.072144 -96.7608948 3.67859983
172.089798 -96.6256027 5.37200022
172.053345 -96.7481003 5.49970007
172.070862 -96.4125061 4.95384979
172.135498 -96.4888 5.08869982
172.100601 -96.5402527 5.30175018
172.154694 -96.2005997 3.05900002
172.142593 -96.2649994 3.54550004
172.052902 -96.3108978 4.51055002
172.144608 -96.2615967 4.70349979
172.076706 -96.2658005 5.19810009
172.037094 -96.3394012 5.3281002
172.082458 -96.294548 5.41639996
172.186005 -96.1789017 3.37190008
172.002502 -96.1306 4.5309
172.066299 -96.0298996 4.85230017
172.165695 -95.9124985 3.24519992
172.061401 -95.9857025 3.60179996
172.191299 -95.975502 4.10739994
172.073593 -95.8927002 5.24819994
172.142746 -95.7313538 3.21280003
172.182404 -95.6539001 4.4604001
172.0569 -95.6635971 4.7652998
172.1586 -95.5110016 3.12120008
172.067596 -95.5149002 4.98589993
172.016205 -95.2845001 3.37599993
172.1996 -95.3376007 4.55959988
172.085251 -95.248848 4.71730042
172.071793 -95.1555023 3.27850008
172.069901 -95.1209488 4.51694965
172.012894 -95.092598 4.92280006
172.138199 -95.0428009 5.33319998
172.118774 -95.1024017 6.11006689
172.127411 -94.8504486 2.42624998
172.166702 -94.8284988 2.6408999
172.103699 -94.8337021 3.14949989
172.023102 -94.8771973 4.56669998
172.085907 -94.9738007 5.16120005
172.172699 -94.8293991 5.46570015
172.128433 -94.6845703 2.47510004
172.161499 -94.6159973 2.65809989
172.075745 -94.7120514 3.65879989
172.160797 -94.6992035 5.34189987
172.075195 -94.6179962 5.42609978
172.133606 -94.6132965 6.06349993
172.117599 -94.6732025 6.30404997
172.158493 -94.6220016 6.53240013
172.176025 -94.4762039 2.45523334
172.125702 -94.452301 2.6789
172.188507 -94.4412003 3.32279992
172.080902 -94.4806976 3.65790009
172.0681 -94.4666977 5.11609983
172.003601 -94.5421982 5.48899984
172.096893 -94.5291977 5.61899996
172.121994 -94.5554962 5.81580019
172.171906 -94.5098038 6.27950001
172.120499 -94.4759064 6.48455
172.079498 -94.4332962 6.66569996
172.160248 -94.2464523 2.04649997
172.154205 -94.3097 2.51335001
172.064804 -94.2947998 4.78609991
172.094193 -94.2813034 6.07380009
172.086609 -94.3235931 6.21514988
172.195694 -94.2873993 6.52330017
172.0392 -94.3394012 7.32800007
172.183945 -94.1530991 2.50539994
172.052002 -94.0647964 3.33949995
172.092407 -94.0851974 3.45709991
172.076294 -94.0744934 7.35480022
172.072693 -93.8993988 2.15464997
172.144699 -93.9494019 2.46409988
172.186493 -93.9134979 2.71149993
172.117599 -93.9677963 3.4059
172.017899 -93.9350967 3.81500006
172.089691 -93.9940491 4.93494987
172.010803 -93.8606033 7.19049978
172.103699 -93.6958008 2.47989988
172.055649 -93.6753998 3.27925014
172.001404 -93.6044998 3.63930011
172.136154 -93.6713486 6.72254992
172.163895 -93.7778015 7.1177001
172.055099 -93.5716019 2.93670011
172.055893 -93.5506973 3.01379991
172.177002 -93.4990997 3.27119994
172.115799 -93.5764008 4.42080021
172.041702 -93.5973969 4.78679991
172.005707 -93.5412979 6.40910006
172.072403 -93.3907013 3.11389995
172.138 -93.3781967 4.32240009
172.032593 -92.8889999 2.58419991
172.046097 -92.9910965 3.81699991
172.110703 -90.5902023 2.5006001
172.091904 -89.1804962 3.02169991
172.056595 -88.8339996 12.0946999
172.179504 -88.7754974 11.9273005
172.017899 -87.4577026 12.8421001
172.052902 -87.4525986 13.7199001
172.0896 -87.2576523 12.83815
172.048096 -87.0427017 12.5339003
172.126602 -87.1432037 12.6132002
172.105179 -87.1304245 12.8967495
172.099945 -86.9514465 12.4763498
172.1875 -86.6632996 10.4720001
172.092957 -86.6938019 12.3159504
172.080002 -86.6091995 12.5075998
172.084106 -86.5938034 10.1893997
172.048096 -86.5126038 11.0059004
172.093994 -86.4840012 11.9277
172.064789 -86.5404053 12.0629501
172.114105 -86.5437012 12.2945995
172.041901 -86.5822983 12.8397999
172.132996 -86.2268982 11.8212004
172.101105 -86.2587967 12.0179996
172.011703 -86.2344971 12.6247997
172.147095 -86.077301 12.993
172.013046 -86.0942001 13.8579006
172.147995 -85.9235992 12.5045004
172.079437 -85.897049 12.6870499
172.013901 -85.5328979 12.8424997
172.179398 -85.2751007 8.93229961
172.038605 -85.1314011 9.5298996
172.154694 -85.1813965 12.0278997
172.143097 -85.004097 12.6393003
172.091995 -84.8598022 11.3435001
172.136002 -84.9046021 11.9286003
172.121185 -84.946701 12.0532494
172.031906 -84.6913986 8.78180027
172.148605 -84.7261963 12.3231001
172.054703 -83.2229004 6.14629984
172.163452 -83.3064499 6.37205029
172.030502 -83.2109985 6.42749977
172.183807 -83.2631989 7.79899979
172.132202 -83.3391037 7.80840015
172.173798 -83.3107986 17.8094006
172.003296 -83.1337967 6.19460011
172.025604 -82.854599 17.5172005
172.004807 -82.7151031 4.86259985
172.062393 -82.6766968 22.4174995
172.101395 -82.7530975 22.8686008
172.052399 -82.4845963 17.0743999
172.183807 -81.4288025 2.82629991
172.127594 -81.2238998 2.7033
172.036301 -81.1968994 2.68930006
172.169205 -80.444397 2.7256
172.158707 -80.5028992 2.89720011
172.121307 -80.5832977 23.2921009
172.071198 -80.3057556 1.32819998
172.158905 -80.2894974 1.53770006
172.061096 -80.1966019 0.403299987
172.049301 -80.1120987 1.6609
172.291794 -99.9809036 3.3197
172.24826 -99.8332977 3.53644991
172.244293 -99.7621994 3.52419996
172.243347 -99.7193451 3.6739502
172.269302 -99.6339035 3.83170009
172.226196 -99.4364014 3.89059997
172.267197 -99.3808975 3.67420006
172.370102 -97.6032028 4.42159986
172.350494 -97.4177017 4.38770008
172.333893 -97.5379028 4.40129995
172.210693 -97.4630966 4.64919996
172.344604 -97.2771988 4.04330015
172.278931 -97.3026505 4.52738333
172.315536 -97.0848999 4.45903349
172.233902 -96.9108963 4.40240002
172.232407 -96.8393021 4.7894001
172.363403 -96.8942032 5.44619989
172.365005 -96.9889984 5.61350012
172.396194 -96.6827011 5.13199997
172.275604 -96.7171021 5.33360004
172.260895 -96.7734528 5.41144991
172.391602 -96.4024963 4.79020023
172.298737 -96.492569 5.08866692
172.201599 -96.4281006 5.22989988
172.367004 -96.2618027 2.79250002
172.264832 -96.3212662 3.50376654
172.314407 -96.3006973 4.4236002
172.368103 -96.3416977 4.78249979
172.320969 -96.3245697 4.91866684
172.215103 -96.3806992 5.15390015
172.307907 -96.0727997 3.69109988
172.282959 -96.1527481 4.43470001
172.336395 -96.1065979 4.95039988
172.346695 -96.0931015 5.08855009
172.270142 -96.1724014 5.28805017
172.398102 -95.9613037 2.7881
172.238297 -95.9828033 2.94260001
172.275604 -95.8564987 4.46099997
172.305695 -95.7658997 3.39829993
172.307495 -95.4636993 3.53290009
172.304993 -95.5369034 4.18520021
172.290802 -95.5091019 4.29390001
172.231995 -95.4235001 4.45779991
172.2836 -95.3080521 3.62874985
172.334106 -94.8366013 1.74784994
172.344772 -94.8918991 2.90380001
172.376801 -94.9395981 5.55950022
172.368958 -94.8711548 5.66065025
172.324554 -94.8867035 5.94239998
172.266266 -94.6188354 1.87633336
172.328506 -94.7929001 3.91059995
172.383942 -94.6699524 5.11765003
172.329605 -94.6554031 5.45839977
172.284058 -94.7657013 5.9116497
172.356506 -94.6316986 6.37879992
172.265503 -94.6229019 6.60580015
172.213501 -94.6156006 7.09280014
172.203598 -94.5502014 1.77129996
172.295105 -94.5511017 1.9921
172.291061 -94.5131989 2.06996655
172.310898 -94.410202 4.04169989
172.250793 -94.5076981 6.48619986
172.285248 -94.5503998 6.67729998
172.299255 -94.5448456 6.90093327
172.259201 -94.2208023 2.39840007
172.200394 -94.2005997 3.35400009
172.264496 -94.2244034 4.07140017
172.254395 -94.3867035 5.95720005
172.286499 -94.2373962 6.06780005
172.2332 -94.3760986 6.9612999
172.222107 -94.1362991 2.16709995
172.305099 -94.0911026 2.33649993
172.321594 -94.0267029 3.26200008
172.255844 -94.0274963 4.11775017
172.217896 -94.1179962 7.38259983
172.259995 -93.9826965 2.12759995
172.201294 -93.976799 2.38630009
172.224304 -93.9702988 2.4999001
172.238403 -93.8354034 3.17210007
172.322006 -93.9228973 3.27769995
172.305603 -93.9835968 5.80149984
172.311401 -93.7748032 3.16899991
172.221298 -93.4791031 2.6953001
172.231293 -93.5388031 3.16739988
172.229797 -93.5049973 6.12629986
172.229507 -93.338501 3.41000009
172.278656 -92.9223022 4.09025002
172.383408 -91.9160004 4.19439983
172.298096 -88.6232986 13.1538
172.244293 -88.5765991 11.8695002
172.225693 -88.2878036 2.63450003
172.347794 -87.4036026 13.3815002
172.277496 -87.2997971 11.9013996
172.240799 -87.3578033 13.0389996
172.250702 -87.0245972 11.6328001
172.396896 -87.1707993 11.9187002
172.283005 -87.0796661 12.5233335
172.261658 -87.0910034 13.24895
172.398895 -87.1032028 13.6879997
172.366394 -86.7637024 10.6571999
172.230301 -86.7302017 10.9427004
172.395401 -86.6296997 12.0658998
172.204803 -86.5057983 10.2299995
172.238403 -86.4666977 12.5237999
172.288101 -86.5762024 12.6005001
172.3367 -86.2960968 9.93900013
172.294403 -86.0731964 11.7580004
172.296005 -86.1872025 11.8039999
172.264297 -85.861702 9.32670021
172.279205 -85.9259033 9.5333004
172.373596 -85.6937027 9.31680012
172.227997 -85.702301 12.5420494
172.361298 -85.4712982 11.7706003
172.236893 -85.5428009 12.1230001
172.281799 -85.3992004 11.7433004
172.265198 -85.232399 11.9619999
172.278305 -85.3827972 12.0766001
172.296005 -85.0112457 11.8691006
172.283096 -84.8264008 10.9005003
172.207504 -84.7391968 11.5284996
172.326599 -83.2387009 17.7786007
172.331406 -83.286499 18.1296997
172.221695 -83.3634033 18.3915005
172.382202 -83.2844009 20.1245995
172.345093 -83.0751038 19.6324005
172.2789 -83.0947037 19.8230991
172.339096 -83.1635971 20.0529995
172.386093 -83.0756989 20.7411003
172.266602 -83.0954971 22.4009991
172.305801 -82.9830017 17.7872009
172.346802 -82.9784012 19.7719002
172.399902 -82.7294998 22.3332996
172.3535 -82.5628967 17.2775993
172.200104 -82.4590988 22.5205002
172.254395 -82.3884964 22.5611
172.201004 -81.683197 22.6523991
172.377304 -81.3255005 2.43569994
172.261841 -81.3406525 2.69460011
172.200806 -81.331398 2.90079999
172.288895 -81.2219009 22.4139004
172.287201 -80.6311035 1.32009995
172.319595 -80.600502 22.3712997
172.288406 -80.5366516 0.54885
172.369507 -80.5035477 1.6937499
172.360199 -80.5311356 2.72339988
172.240906 -80.4451981 3.11540008
172.207596 -80.5279999 3.77060008
172.252808 -80.490799 22.1681004
172.350906 -80.3190002 0.065700002
172.312897 -80.3417969 0.419
172.404007 -99.6531982 3.84520006
172.504105 -99.5385971 -0.1373
172.583893 -97.4723969 3.44009995
172.562897 -97.3786011 3.91669989
172.451294 -97.2695007 4.12260008
172.471695 -97.1505966 4.31850004
172.454697 -97.1977997 4.40290022
172.538498 -97.1559982 5.3448
172.464706 -97.0131989 5.84670019
172.454895 -96.8575974 5.4137001
172.509293 -96.8559036 5.64020014
172.530502 -96.7771988 4.47550011
172.522293 -96.6103973 4.91160011
172.511597 -96.6869965 5.12255001
172.450806 -96.7869034 5.20900011
172.531799 -96.4924011 4.85010004
172.484695 -96.5167007 5.06139994
172.562561 -96.3218536 3.44234991
172.582901 -96.2923965 4.69000006
172.400101 -96.3751984 4.85739994
172.412506 -96.1489029 2.8678
172.517807 -96.1168976 4.13539982
172.5242 -96.0093002 4.31389999
172.576401 -96.0473022 4.47259998
172.467194 -96.1690979 4.84049988
172.553894 -96.0901031 6.44890022
172.546295 -95.8770981 3.02880001
172.587997 -95.9431 3.46600008
172.4104 -95.8785019 4.36019993
172.536041 -95.9139557 5.05340004
172.489807 -95.8422012 6.08319998
172.530396 -95.9804001 6.3204999
172.487305 -95.9664001 6.48670006
172.552155 -95.6638031 3.26730013
172.464294 -95.737999 4.10099983
172.536804 -95.7539978 5.16020012
172.562607 -95.4107971 3.35170007
172.519989 -95.4814987 3.69639993
172.406097 -95.5143967 4.08769989
172.437958 -95.475769 4.32719994
172.4814 -95.4515991 4.73530006
172.547394 -95.2561035 2.95370007
172.489899 -95.3394012 4.11100006
172.441895 -95.3506012 4.24230003
172.526306 -95.3666534 4.5461998
172.575195 -95.2003021 4.82359982
172.4953 -95.3639984 5.38100004
172.531906 -95.280098 5.43400002
172.486145 -95.016098 2.91245008
172.463394 -95.0871964 5.20550013
172.557205 -95.0028 6.37120008
172.573395 -95.0744019 6.5474
172.458099 -94.9970016 2.74769998
172.404694 -94.8554993 2.95650005
172.450806 -94.8227005 3.0776999
172.426758 -94.8915558 5.55045033
172.405807 -94.9397964 5.83220005
172.419693 -94.8992004 6.55539989
172.568405 -94.6420975 3.13269997
172.415207 -94.7652969 5.15439987
172.5439 -94.7142029 6.74480009
172.469452 -94.7465973 6.85804987
172.520599 -94.4328003 6.30940008
172.507767 -94.3759308 2.2847333
172.574997 -94.3299026 3.18149996
172.469193 -94.2563019 3.34629989
172.5849 -94.2309036 6.01450014
172.402802 -94.0046997 3.29550004
172.418594 -93.862999 3.67070007
172.419403 -93.7856979 3.07579994
172.543106 -92.4537964 4.62589979
172.439392 -88.6349487 13.1264496
172.564194 -88.4766998 12.2275
172.455597 -88.4785004 12.9497995
172.428894 -88.406601 13.0080004
172.538605 -88.2225037 12.7489004
172.444595 -88.3703995 13.0341997
172.501099 -88.071701 12.8351002
172.520798 -87.9234009 12.1617002
172.530502 -87.8514023 12.2603998
172.561905 -87.9975967 12.6941004
172.527298 -87.4646988 12.4633999
172.563293 -87.5434036 13.3719997
172.494904 -87.266098 11.6917
172.500595 -87.3668976 13.1653996
172.481003 -87.2017975 13.3627996
172.465607 -87.0660019 10.7641001
172.481705 -87.0718536 10.9762497
172.557297 -87.180603 11.8427
172.466904 -87.1640472 12.85005
172.437805 -87.1504974 13.0213003
172.517899 -87.0871964 13.316
172.444305 -86.8673019 10.6289997
172.495697 -86.8937531 12.1091003
172.472397 -86.8872986 12.4848003
172.570099 -86.8119965 14.1450996
172.509094 -86.7360992 12.4945002
172.489395 -86.141098 9.56340027
172.423599 -86.1259995 12.6231003
172.508499 -85.9315033 13.9590998
172.560699 -85.9817963 14.5916004
172.551407 -84.9135971 10.7615995
172.530701 -83.9971008 22.5748005
172.482498 -83.6066971 7.6564002
172.459396 -83.4677963 7.27010012
172.461899 -83.5251999 20.4501991
172.527893 -83.2109985 17.9696999
172.524094 -83.2214966 21.1875992
172.424896 -83.1641006 17.8533001
172.568497 -83.0619965 21.1667995
172.462997 -82.8822021 17.8110008
172.406601 -82.7851028 19.5597
172.426804 -82.5453949 17.2829494
172.401505 -82.3255997 8.68420029
172.523605 -82.2014008 17.0291004
172.5392 -82.373703 22.5076008
172.4785 -81.825798 4.79869986
172.535294 -81.9352036 17.0014992
172.513199 -81.6257019 2.29310012
172.461594 -81.4759979 2.27020001
172.47467 -81.2783356 2.29293323
172.448792 -81.2423553 3.96309996
172.488007 -81.0659027 23.3024998
172.556305 -80.8350983 3.65919995
172.570206 -80.8756027 23.2518005
172.596603 -80.7269974 3.39700007
172.498795 -80.7865982 22.2786007
172.4832 -80.5274963 0.0549000017
172.414001 -80.4151993 0.805899978
172.419006 -80.5951004 1.52620006
172.539597 -80.5540009 2.77970004
172.599594 -80.4738007 22.1595001
172.414398 -80.3143997 0.46509999
172.577499 -80.2225037 2.43849993
172.546402 -80.3688965 2.9986999
172.547302 -80.3399963 3.1480999
172.587402 -80.1900024 3.79809999
172.602402 -97.1315002 2.84570003
172.671204 -97.1247025 5.17469978
172.755798 -96.9863968 3.96539998
172.75061 -96.8841553 4.12685013
172.63916 -96.8816528 4.52180004
172.758194 -96.836998 4.9689002
172.669327 -96.9554367 5.49346685
172.682953 -96.706604 3.42444992
172.668503 -96.7725983 4.43720007
172.690201 -96.7847977 5.30140018
172.770493 -96.4805984 3.57240009
172.784302 -96.4720993 3.72070003
172.680298 -96.5145035 5.00890017
172.725998 -96.0276031 -0.209399998
172.674561 -96.035202 3.47515011
172.731415 -96.0945511 4.12949991
172.615799 -96.1203995 4.38530016
172.730225 -96.1068802 4.48195982
172.693207 -96.105545 6.12030029
172.792496 -95.8983994 3.31435013
172.733002 -95.9866028 4.01609993
172.635696 -95.8309021 4.75239992
172.683701 -95.8422546 6.28785038
172.7509 -95.6649017 3.18350005
172.602402 -95.6190033 3.29119992
172.742004 -95.6717987 5.81769991
172.697693 -95.6013031 6.00710011
172.67775 -95.7341995 6.31834984
172.632599 -95.459198 2.8560667
172.6875 -95.5831985 3.19440007
172.636093 -95.5600967 4.01350021
172.706299 -95.581398 5.64499998
172.663406 -95.5093002 5.93109989
172.630798 -95.4826508 6.14144993
172.7509 -95.2826004 2.49959993
172.690399 -95.2723999 2.96219993
172.694305 -95.3311996 3.09500003
172.705109 -95.3430023 4.27285004
172.740997 -95.3620987 4.40420008
172.676697 -95.2526016 5.49660015
172.623199 -95.2092972 6.45100021
172.687607 -95.1959 3.15260005
172.692795 -94.9664993 2.62030005
172.755203 -94.9225006 3.12949991
172.734207 -94.8804016 4.17500019
172.707108 -94.6367035 3.06399989
172.760101 -94.6910019 4.13030005
172.6707 -94.7906036 4.99109983
172.75705 -94.5343018 4.08174992
172.710205 -94.2192993 6.52549982
172.733398 -94.1046982 2.37730002
172.712494 -94.1240005 2.59150004
172.785858 -93.9109039 2.95044994
172.658905 -93.8534012 3.17470002
172.757401 -93.7634964 3.08940005
172.708603 -93.5646973 3.15680003
172.626205 -93.1306992 6.88490009
172.780807 -91.9355011 4.75099993
172.630402 -90.4332962 2.03679991
172.7314 -89.2589035 2.55749989
172.621399 -88.5710983 12.3021002
172.627106 -88.5770035 12.4371996
172.658737 -88.5001297 12.8778334
172.7061 -88.2982025 12.4727001
172.6521 -88.3019028 12.7440004
172.708694 -88.1601028 12.6302004
172.732193 -87.9693985 11.4700003
172.631897 -87.8447037 12.0950003
172.636093 -87.8956985 12.2835999
172.720596 -87.7024994 11.9023666
172.692505 -87.7690964 12.5008001
172.673096 -87.4673004 11.1925001
172.713303 -87.5551987 11.3232002
172.612595 -87.4115982 11.8198996
172.621506 -87.2413025 11.3746996
172.7836 -87.2302017 13.1471004
172.728897 -87.2733994 13.2318001
172.709106 -87.1436005 11.6926003
172.6987 -86.898201 12.7507
172.644608 -86.7207031 10.7477999
172.604797 -83.5283966 7.65999985
172.756302 -83.3106003 21.9839993
172.632294 -83.0119019 17.5806999
172.697296 -83.1496964 17.8630009
172.779297 -83.0177994 19.9650002
172.777405 -83.1439972 22.3553009
172.792496 -82.8889008 6.61980009
172.670807 -82.8855972 17.4831009
172.757599 -82.9100037 19.6917
172.688293 -82.9512024 19.9409008
172.734299 -82.9869995 21.4762001
172.798599 -82.9206009 22.0863991
172.712906 -82.6643982 18.5279999
172.795395 -82.5720978 18.2250004
172.652893 -82.5709991 21.5977001
172.720398 -82.1336975 17.5592003
172.612198 -81.8741989 4.87930012
172.746002 -81.9649963 5.52860022
172.7612 -81.9671021 17.0702991
172.782501 -81.9764023 22.3232994
172.630798 -81.6374969 2.13630009
172.726746 -81.6204987 3.32235003
172.696503 -81.6281967 4.1413002
172.7724 -81.7874985 4.41149998
172.733597 -81.6496964 4.65869999
172.637802 -81.4167023 4.0145998
172.705597 -81.0643997 23.2936993
172.717896 -80.9653015 4.70109987
172.697601 -80.8901978 22.3334007
172.720306 -80.6252975 0.225899994
172.682205 -80.7198486 0.471700013
172.703506 -80.7349014 2.78690004
172.657196 -80.606102 2.99699998
172.620895 -80.7946014 22.2903004
172.741806 -80.4744034 -0.633599997
172.763504 -80.5404968 3.75040007
172.763 -80.2556 1.34920001
172.72905 -80.2387543 2.5300498
172.710999 -80.2032013 4.44129992
172.711395 -80.2993011 4.62249994
172.638794 -80.0266037 2.9841001
172.721298 -80.0014038 3.10640001
172.684692 -80.0651016 3.83520007
172.947998 -97.563797 3.65739989
172.884064 -97.2508545 5.13969994
172.936493 -97.368866 5.30323362
172.922394 -97.1797028 2.88330007
172.838013 -97.1159515 3.98219991
172.806198 -97.0616989 5.15490007
172.862396 -97.171402 5.28299999
172.849899 -96.8917999 2.90510011
172.826004 -96.9842987 3.02855015
172.995804 -96.9860992 4.04930019
172.876999 -96.9448013 4.87659979
172.858002 -96.8105011 5.06379986
172.866943 -96.6949463 3.07515001
172.9133 -96.7069016 4.04939985
172.806595 -96.7514038 4.99630022
172.995697 -96.5445023 3.70210004
172.912704 -96.4273987 3.80069995
172.871704 -96.4890976 4.75129986
172.821198 -96.4623032 5.97599983
172.855804 -96.4824982 6.09369993
172.845093 -96.3862991 3.171
172.961594 -96.3057022 4.58449984
172.956696 -96.3641968 4.66660023
172.967606 -96.3972015 5.99660015
172.92984 -96.1024475 4.48589993
172.908005 -96.185997 6.05499983
172.828995 -96.1288986 6.25019979
172.922501 -95.9429016 5.81169987
172.879196 -95.9011002 6.1894002
172.9702 -95.7521973 3.84759998
172.895706 -95.6429977 4.06309986
172.861099 -95.4996033 -0.224800006
172.967896 -95.4097977 -0.0299999993
172.977295 -95.4474487 0.0302499998
172.939545 -95.2510529 -0.127849996
172.985504 -95.2081985 0.195800006
172.930298 -95.2472992 2.73643327
172.998306 -95.342598 4.14249992
172.869003 -95.3536987 4.31790018
172.840805 -95.3526993 5.72200012
172.979507 -95.0759964 0.113700002
172.837601 -95.0187988 2.35419989
172.962799 -95.1780014 2.91930008
172.987701 -95.0151978 3.12470007
172.876907 -94.9252014 0.112800002
172.966003 -94.4509964 2.27990007
172.806503 -94.4671021 2.56159997
172.858368 -94.3404007 2.26713347
172.975006 -94.3312988 3.12919998
172.990097 -94.3136978 3.37350011
172.836899 -94.1848984 2.4841001
172.859299 -93.8534546 3.04320002
172.823593 -93.6307983 4.40679979
172.975601 -93.0131989 2.58010006
172.861694 -93.0740967 4.62230015
172.871597 -92.8511963 4.65840006
172.972305 -91.4224014 2.26390004
172.858597 -91.4542999 4.92010021
172.804504 -87.8871002 11.2087002
172.924805 -87.933197 11.8688002
172.806702 -87.9322968 12.2093
172.955765 -87.716629 11.7306337
172.949203 -87.6924973 11.8242998
172.963699 -87.4570007 11.3945999
172.977707 -87.2277985 10.7747002
172.849701 -87.2292023 11.0681
172.946701 -87.3077011 11.5976
172.887299 -87.1679001 10.9083996
172.845703 -87.1492996 11.2451
172.980255 -86.8956985 10.7486992
172.911499 -86.8986053 13.9062996
172.931107 -86.6512985 10.8944998
172.896896 -86.4400024 10.7409
172.946106 -86.3486023 10.6738005
172.831894 -86.1199036 10.5705004
172.972397 -85.7212982 10.7990999
172.876404 -85.4161987 10.7003002
172.866302 -85.5103989 11.2432003
172.987 -83.714798 22.1032505
172.846405 -83.4525986 22.0184002
172.943298 -83.2419968 21.7798996
172.994797 -83.0034027 20.8985004
172.964203 -83.0357971 21.5202999
172.985596 -83.0544968 21.7786999
172.939697 -83.092598 21.9344997
172.923203 -83.1593018 22.0958004
172.800797 -83.1561966 22.4790993
172.847794 -82.8712997 18.8448009
172.864105 -82.8627014 19.8740005
172.854294 -82.9912033 22.4605007
172.944397 -82.6088028 18.5007992
172.9319 -82.731102 19.1217995
172.830093 -82.6933975 19.2611008
172.822998 -82.4842987 18.7311993
172.989502 -82.4296036 19.2681999
172.940948 -82.0823059 4.89639997
172.851196 -82.180603 17.9092999
172.883698 -82.1158981 22.2637997
172.919006 -81.955101 4.10900021
172.849396 -81.8249969 4.35879993
172.888901 -81.9300995 4.58279991
172.818207 -81.8495026 22.4885998
172.840195 -81.6709976 13.5213003
172.921097 -81.642601 22.1191998
172.932999 -81.5183029 3.75379992
172.968597 -81.2941971 3.96539998
172.952301 -81.3265991 22.1492004
172.873703 -81.1457977 4.06459999
172.837494 -81.1901016 4.29260015
172.984695 -81.0243988 5.51060009
172.938705 -80.8491516 0.527449965
172.848801 -80.8884964 3.43420005
172.873001 -80.8266983 4.32000017
172.906998 -80.6207962 0.1796
172.823059 -80.7765045 0.345049977
172.916397 -80.7221985 0.68599999
172.808594 -80.5958023 0.737800002
172.949402 -80.4906006 4.13339996
172.935394 -80.5401993 4.49119997
172.851593 -80.4097977 4.68009996
172.832306 -80.200798 1.31719995
172.991898 -80.2637024 2.34850001
172.919693 -80.2186966 3.67840004
172.9077 -80.2851028 4.40259981
172.9785 -80.1280975 1.59300005
172.974594 -80.0787964 2.04550004
172.854797 -80.1889038 2.29139996
172.811798 -80.1340027 2.50200009
172.959595 -80.139801 3.84710002
173.096802 -97.6052017 3.79870009
173.179092 -97.5136032 3.57439995
173.104599 -97.430603 4.09560013
173.089706 -97.4717026 5.17509985
173.016403 -97.4355011 5.38740015
173.062073 -97.3240356 3.68160009
173.098206 -97.2554321 4.08659983
173.0952 -97.3585968 4.68825006
173.057159 -97.1570663 3.76916671
173.1073 -97.0280991 3.9138
173.108002 -97.0178986 5.01160002
173.168503 -96.870697 3.70519996
173.027405 -96.8831024 3.97350001
173.139099 -96.7370987 3.14179993
173.190552 -96.6444016 3.97130013
173.020294 -96.4679031 2.74900007
173.023346 -96.4149475 2.93744993
173.091904 -96.4669037 3.73659992
173.168701 -96.4449997 4.45069981
173.053497 -96.5183029 6.04440022
173.194702 -96.3859024 3.45779991
173.135818 -96.3117752 4.10782528
173.131302 -96.3694 6.7579999
173.108597 -96.2667007 6.96409988
173.171295 -96.3274994 7.00209999
173.093506 -96.1521454 4.39700031
173.075653 -95.8696518 2.52880001
173.140305 -95.8007965 2.7335
173.145844 -95.8463516 2.92205
173.0504 -95.8334351 3.89873338
173.130798 -95.687149 2.80429983
173.009201 -95.7536011 3.84929991
173.038193 -95.5249023 0.108499996
173.067093 -95.5711975 2.93639994
173.176193 -95.566803 3.16739988
173.015594 -95.2792969 0.172000006
173.087006 -95.3202972 3.03130007
173.122192 -95.2057037 3.2269001
173.053894 -95.3009033 5.56419992
173.011307 -95.1724014 -0.0381999984
173.149399 -95.183197 2.51230001
173.127106 -95.0708466 2.73475003
173.094482 -95.1237259 3.02552509
173.0867 -95.0130005 4.9993
173.1698 -95.058403 5.93860006
173.127106 -94.9178009 2.82570004
173.041702 -94.9067993 5.08379984
173.179993 -94.9729996 5.8355999
173.144104 -94.6601028 2.61330009
173.1035 -94.7794037 2.95479989
173.0755 -94.4447021 2.38540006
173.129166 -94.4679031 2.5023334
173.074005 -94.5770035 2.64269996
173.097702 -94.4322968 3.15310001
173.11264 -94.3697052 2.93814993
173.010803 -94.2671509 3.04145002
173.105408 -94.0966034 2.9131999
173.188202 -94.0134964 3.03920007
173.160294 -94.0022964 7.62130022
173.126404 -93.964798 2.89510012
173.0513 -93.9580994 3.02010012
173.158096 -93.8820038 7.41410017
173.038452 -93.7218475 2.98769999
173.186295 -93.7516022 3.29130006
173.047394 -93.7582016 7.42880011
173.121597 -93.4487 3.0244
173.144104 -93.1116028 5.44449997
173.093201 -92.594902 1.81369996
173.195801 -92.4978027 4.62839985
173.164993 -92.2511978 4.9222002
173.123795 -92.104599 4.69320011
173.072403 -91.868103 4.96049976
173.113495 -88.4001007 11.9569998
173.125198 -88.2285004 11.7195492
173.070343 -87.8864441 11.7751007
173.031998 -87.6087036 11.3188
173.037094 -87.145401 10.6286001
173.133499 -87.1043015 10.8786001
173.043701 -86.8848038 10.6057997
173.0159 -86.4813004 10.5827999
173.024002 -86.2347031 10.6843996
173.143494 -85.6175995 10.4466
173.115097 -85.4899979 10.3733997
173.066605 -84.8003998 10.2860003
173.039047 -84.8482513 10.5837498
173.139801 -84.7330017 10.2145996
173.199097 -84.5254974 13.1330004
173.183701 -83.7377014 21.9648991
173.157806 -83.6092987 22.1165009
173.082901 -83.5141983 21.9950008
173.078293 -83.2658997 21.6907005
173.103806 -83.0968018 18.4918003
173.087997 -83.0631027 21.7698994
173.178101 -82.9308014 17.8803005
173.119904 -82.9151993 19.7399006
173.038101 -82.9677963 21.3896008
173.059006 -82.9349976 21.8757
173.031006 -82.6877518 6.07600021
173.024704 -82.6906967 18.3157005
173.068695 -82.783699 19.0457001
173.107697 -82.793602 19.4911995
173.117996 -82.4021988 17.4650002
173.186493 -82.5057983 17.7324009
173.111893 -82.5848007 19.0240993
173.029694 -82.3006973 22.2224007
173.031403 -82.0185013 4.08199978
173.065491 -81.91745 3.27104998
173.012604 -81.8918991 3.46950006
173.116302 -81.6789017 17.2415009
173.045547 -81.4537964 3.74779987
173.007294 -81.2957001 2.4138999
173.094147 -81.1799469 3.93939996
173.084503 -80.8538971 0.246399999
173.137299 -80.982399 3.46589994
173.143997 -80.9950027 3.70160007
173.025208 -80.7321014 0.139599994
173.137802 -80.7345963 3.03550005
173.059296 -80.6984024 4.53049994
173.093704 -80.5467987 4.11499977
173.021698 -80.3741989 1.597
173.163895 -80.3662033 1.78439999
173.188507 -80.3018036 2.046
173.106598 -80.2369003 2.39779997
173.092407 -80.2306976 2.85409999
173.141098 -80.2903976 3.40300012
173.142105 -80.158699 2.10739994
173.135452 -80.145752 2.25740004
173.157196 -80.1303024 2.59590006
173.123093 -80.0363007 2.60459995
173.190704 -80.1552963 3.30500007
173.364304 -98.1091995 3.76489997
173.310059 -98.0879974 3.89409995
173.292404 -98.1757965 4.08050013
173.330994 -97.8585968 4.0532999
173.220642 -97.6740494 3.9677
173.251495 -97.7639008 4.12099981
173.279449 -97.4801483 3.69570017
173.353806 -97.4440002 4.02899981
173.283203 -97.3724976 3.77800012
173.319336 -97.2812958 3.97335005
173.377548 -97.2734985 4.50660038
173.2341 -97.1865997 3.51970005
173.243301 -97.1832962 3.65689993
173.302795 -97.0867996 3.93219995
173.312897 -97.1780014 4.48789978
173.25705 -97.1179504 4.61625004
173.343796 -96.8915024 3.13969994
173.257706 -96.8104019 3.87389994
173.372406 -96.9608002 4.57819986
173.388397 -96.830101 4.63759995
173.2117 -96.879303 4.85830021
173.381104 -96.9375 5.69929981
173.278397 -96.6697998 2.91869998
173.227905 -96.6261978 3.85579991
173.279602 -96.7397995 6.90170002
173.231293 -96.5231476 2.75425005
173.222595 -96.4873962 3.36030006
173.384796 -96.5311966 6.15560007
173.3806 -96.4611969 6.3920002
173.322403 -96.2445984 3.89039993
173.2202 -96.2124023 4.37270021
173.230698 -96.2032013 6.19049978
173.272507 -96.2073975 6.88549995
173.295441 -96.0869522 4.11355019
173.279907 -96.1883011 4.87639999
173.327499 -96.0253983 6.43200016
173.290802 -95.821701 3.148
173.200195 -95.8410034 3.27559996
173.3022 -95.9445038 4.03980017
173.340073 -95.688797 3.1503334
173.316803 -95.7465973 3.76799989
173.225006 -95.6248016 6.74039984
173.301453 -95.5453491 2.92635012
173.334396 -95.5931015 7.05609989
173.399902 -95.4246979 7.2972002
173.319595 -95.251503 6.55999994
173.324905 -95.2172012 6.94029999
173.306793 -95.1268997 2.69180012
173.243698 -95.1256027 2.87610006
173.205795 -95.1569977 5.38469982
173.324707 -95.1685028 6.51289988
173.291 -94.9098969 2.55929995
173.213394 -94.8890991 2.69239998
173.219498 -94.8218002 2.82430005
173.3228 -94.8037033 5.5763998
173.30365 -94.6814499 2.45825005
173.343796 -94.6364975 5.70480013
173.242599 -94.4233017 2.36689997
173.347504 -94.4191971 2.90100002
173.334 -94.297699 2.22300005
173.22406 -94.305603 2.69024992
173.265198 -94.3702011 3.05320001
173.26001 -94.1353455 7.54260015
173.297104 -94.1183014 7.60550022
173.229507 -93.9115982 2.1796
173.389801 -93.9087982 2.79064989
173.296402 -93.9567032 2.84820008
173.356598 -93.5434036 2.1789
173.396606 -93.5190964 2.73659992
173.237198 -93.5590973 7.85580015
173.376404 -93.384903 7.07439995
173.280106 -93.0279999 2.58100009
173.290894 -92.985199 2.50209999
173.282471 -92.7416229 1.686625
173.340607 -92.7753983 2.01390004
173.216904 -92.6218033 2.44919991
173.226395 -92.7585983 4.87659979
173.25415 -92.148201 5.14105034
173.203705 -91.7437973 1.57860005
173.327896 -91.7248001 1.70169997
173.3181 -91.2314987 1.91260004
173.346497 -91.1832962 2.04439998
173.379593 -90.7286987 1.72739995
173.338806 -88.7398987 11.7058001
173.258804 -88.7637024 11.8909998
173.226898 -88.5641022 11.7847996
173.285904 -85.7205963 10.5538998
173.330399 -83.9758987 22.0531006
173.397598 -83.2093964 18.2210999
173.286194 -82.8888016 19.5114002
173.373199 -82.6193008 5.62179995
173.215195 -82.7004013 18.5422993
173.320404 -82.6927032 19.1453991
173.212097 -82.6102982 19.2462006
173.372604 -82.6449966 20.7833996
173.309601 -82.3343964 4.37890005
173.3311 -82.3707962 18.7110004
173.268997 -81.9803009 4.4387002
173.395294 -81.1363983 2.79369998
173.383606 -81.1118011 3.07470012
173.374603 -81.0298996 3.44300008
173.231293 -80.9191971 0.808899999
173.358307 -80.919899 2.96239996
173.255295 -80.9791031 3.08249998
173.298294 -80.9302979 3.52509999
173.304901 -80.221199 2.3269999
173.311905 -80.3817978 3.18230009
173.383545 -80.3330536 3.29209995
173.361694 -80.3396988 4.54020023
173.511505 -98.1679001 3.81279993
173.525208 -98.1405029 4.11850023
173.530701 -97.6650543 3.671
173.487595 -97.6623306 3.85543323
173.446396 -97.6615982 4.54409981
173.476898 -97.5246964 3.89520001
173.597107 -97.5168991 4.71000004
173.502502 -97.3516006 2.58030009
173.478394 -97.3401031 4.60550022
173.56311 -97.1255035 2.87155008
173.530243 -97.0865479 3.03369999
173.556549 -97.0519485 4.34619999
173.518997 -97.1809998 5.67770004
173.441193 -96.8374023 2.98160005
173.497604 -96.8755035 3.14450002
173.495697 -96.9157028 3.56139994
173.446198 -96.9636993 4.00339985
173.467499 -96.9156036 4.57980013
173.565308 -96.8658981 4.61499977
173.533707 -96.8952026 5.26879978
173.596298 -96.9063034 6.15980005
173.419205 -96.8460007 6.44299984
173.466095 -96.6799011 -0.182699993
173.430603 -96.7117004 3.90359998
173.555511 -96.6554489 6.09840012
173.485397 -96.6976013 6.36819983
173.432098 -96.6395035 6.53299999
173.474396 -96.7244034 6.92369986
173.405807 -96.6766968 7.01230001
173.598404 -96.5855026 2.96140003
173.524902 -96.5009003 3.61039996
173.575897 -96.4190979 3.9519999
173.531601 -96.4544983 4.79230022
173.540298 -96.4773026 5.95030022
173.544601 -96.4345627 6.12806654
173.498795 -96.4744034 6.2979002
173.403 -96.2376022 4.1711998
173.506592 -96.3332062 4.3828001
173.533905 -96.2588959 4.5072999
173.515625 -96.2656326 6.90526676
173.546906 -96.2530975 7.01980019
173.562103 -96.0541 3.70079994
173.4151 -96.1333008 6.17560005
173.496399 -96.1929016 6.29809999
173.471802 -96.1824036 6.77909994
173.491943 -96.1233978 6.86350012
173.594696 -95.973999 3.44099998
173.549194 -95.9574966 4.20690012
173.5979 -95.9132996 6.74420023
173.550293 -95.6202011 2.90619993
173.510895 -95.6860962 6.72989988
173.494202 -95.6166992 6.99539995
173.587601 -95.7598038 7.01170015
173.524658 -95.7506638 7.33403349
173.554001 -95.7194977 7.46000004
173.586807 -95.506897 2.76029992
173.529099 -95.2937012 2.47029996
173.556107 -95.3116989 2.79920006
173.508606 -95.2260971 5.19439983
173.524902 -95.2414017 5.90329981
173.599197 -95.0344009 2.28600001
173.404297 -95.1476974 2.46079993
173.4086 -95.1151962 5.84959984
173.507202 -94.9036026 2.58299994
173.580994 -94.8877029 2.71070004
173.497406 -94.6309967 2.13499999
173.471191 -94.7661438 2.37540007
173.525696 -94.7723999 5.51940012
173.508057 -94.5022507 2.08265018
173.443909 -94.504303 2.28305006
173.447601 -94.3611984 2.24850011
173.4104 -94.0354004 1.99810004
173.560699 -94.016098 2.05380011
173.422607 -93.9689026 2.88730001
173.466492 -93.5010986 7.09334993
173.401901 -93.3219986 2.20670009
173.424301 -92.8608017 2.93440008
173.473007 -92.9624023 6.7881999
173.503693 -92.9345016 6.82520008
173.575104 -92.7479019 2.11100006
173.579697 -92.7657013 2.32489991
173.414062 -92.5173035 4.88675022
173.544403 -91.4669037 1.53729999
173.528 -91.543602 2.2269001
173.465897 -90.5554962 1.07969999
173.499802 -86.6676025 14.5009003
173.585098 -86.2839966 14.6485004
173.592102 -83.5234985 21.8738995
173.540207 -83.0876007 18.2145996
173.429306 -82.9690018 19.4498005
173.554199 -82.844101 21.3766003
173.491501 -82.6036987 20.5657005
173.524307 -82.6458969 20.6259995
173.425201 -82.7173004 21.0114994
173.514694 -82.552002 20.7987995
173.546204 -82.5481033 21.0006008
173.597305 -82.2061996 2.62709999
173.529205 -82.3106995 3.72189999
173.463394 -82.2645035 3.97979999
173.551895 -82.3121033 16.9433994
173.464798 -82.3223038 17.2919006
173.554703 -82.1505966 3.27029991
173.5233 -82.1892014 3.82789993
173.446045 -82.0678558 4.14385033
173.407104 -81.6927032 24.0352001
173.517303 -81.2994003 2.93359995
173.486603 -81.2059021 3.01399994
173.529404 -81.1229019 3.16799998
173.482407 -81.1928024 3.26290011
173.541 -80.8265991 2.97079992
173.529999 -80.7655029 3.18394995
173.453796 -80.674202 3.30320001
173.585907 -80.5988007 2.70749998
173.4664 -80.5205536 4.71899986
173.498199 -80.4980011 5.03100014
173.464005 -80.3565979 2.3282001
173.452652 -80.2698517 2.44484997
173.424896 -80.2907028 3.69190001
173.429306 -80.3815002 5.01440001
173.460693 -80.1709976 3.08260012
173.785599 -98.4145966 4.39179993
173.6362 -98.3159027 -0.149800003
173.793304 -98.1136017 4.4769001
173.758545 -97.8906021 4.76249981
173.614899 -97.4287033 2.27340007
173.770096 -97.4205017 4.38749981
173.781097 -97.4777985 4.99189997
173.665695 -97.3365021 2.30509996
173.743286 -97.3017502 2.87744999
173.783997 -97.3956985 3.06220007
173.735901 -97.2584991 4.5472002
173.782501 -97.2826004 4.78709984
173.746994 -97.3789978 5.05740023
173.698608 -97.1752014 2.56435013
173.608902 -97.1997986 2.84619999
173.707596 -97.0296021 3.5855
173.611893 -97.0192032 4.81379986
173.615005 -97.0653 5.40859985
173.746399 -96.8824997 2.88439989
173.657104 -96.9125977 3.51139998
173.698196 -96.9039001 5.01819992
173.624893 -96.7916031 2.85310006
173.707001 -96.7008667 3.52200007
173.688202 -96.7891998 5.08090019
173.653397 -96.7514038 6.82110023
173.715363 -96.6241455 7.3503499
173.640701 -96.4749985 3.54900002
173.750702 -96.4299011 6.01289988
173.707703 -96.5136032 6.54269981
173.677094 -96.5213013 6.88339996
173.761841 -96.4411011 7.17300034
173.694092 -96.5018005 7.30609989
173.726105 -96.4823456 7.44355011
173.7547 -96.5812988 7.62139988
173.716599 -96.2433014 3.29460001
173.648804 -96.3479004 3.47340012
173.610794 -96.2124023 6.94500017
173.771301 -96.283699 7.17159986
173.699707 -96.0631714 2.52337503
173.627197 -96.1820984 3.16589999
173.660767 -96.0825653 3.47810006
173.736603 -96.0628967 3.71630001
173.703293 -96.1014023 6.06659985
173.787247 -96.1593475 6.30984974
173.704498 -96.1244965 6.59490013
173.678452 -96.0415039 6.65490007
173.709305 -95.9764023 3.58260012
173.727798 -95.8435974 3.66849995
173.757507 -95.8919983 6.38940001
173.600601 -95.9069977 6.91669989
173.7146 -95.669899 2.85416651
173.633698 -95.7059021 3.0322001
173.717407 -95.7008972 3.58570004
173.781494 -95.4047012 0.185299993
173.792297 -95.5290985 0.238700002
173.769302 -95.4272995 0.948400021
173.764008 -95.4414978 1.35210001
173.776505 -95.4055023 1.78799999
173.709396 -95.4366989 2.24699998
173.785004 -95.5183487 2.50340009
173.70871 -95.4818497 2.73664999
173.602493 -95.5887985 3.31399989
173.710602 -95.3150024 0.493200004
173.783203 -95.3476028 0.83069998
173.71405 -95.2847443 1.26865005
173.766647 -95.3704529 1.65719998
173.760406 -95.3971024 2.0848
173.656906 -95.2937698 2.27853346
173.736115 -95.2608032 2.48122001
173.6716 -95.3828964 2.60229993
173.628906 -95.3254013 2.93445015
173.61554 -95.2865372 6.49886656
173.695404 -95.2895966 7.08664989
173.752045 -95.0894928 2.23005009
173.685211 -95.1638489 2.43479991
173.795395 -95.1168976 7.1645999
173.618805 -94.9898987 2.22219992
173.628494 -94.6296997 1.77629995
173.629196 -94.7334976 1.98899996
173.705902 -94.5792999 1.73710001
173.710648 -94.4222488 1.86489999
173.728607 -94.281601 2.28110003
173.772903 -94.1507034 1.93120003
173.697449 -93.7328491 1.88660002
173.624695 -93.4447021 2.53290009
173.744995 -93.3190994 2.17540002
173.790207 -93.2416992 5.23059988
173.667007 -93.0631027 2.13879991
173.631104 -93.0709991 6.78509998
173.655899 -93.0851974 6.84779978
173.699738 -92.841568 1.87793326
173.694702 -92.9660034 6.63430023
173.620605 -92.7416992 1.77509999
173.624695 -92.5808029 4.75019979
173.714706 -92.2207031 4.95419979
173.737503 -92.1171036 1.43710005
173.607697 -91.6026001 1.37820005
173.713303 -91.6636047 1.73549998
173.6138 -91.6166992 1.91270006
173.634293 -91.5742035 1.30830002
173.737503 -91.5223007 1.46560001
173.670105 -91.5500031 1.89100003
173.750702 -91.1785965 1.48819995
173.732498 -87.8539963 14.3774004
173.687805 -87.7136993 14.5270004
173.785294 -87.3600998 14.0601997
173.655045 -87.0900497 13.1525497
173.675812 -87.1520004 13.2614498
173.755295 -86.8349991 14.4489002
173.760895 -86.7514954 12.8898001
173.754807 -86.6843033 14.3802996
173.6978 -86.7763977 14.7924995
173.7836 -86.5761032 12.7446003
173.776199 -86.2388 13.9216003
173.639496 -86.1526031 11.5300999
173.652496 -86.0615997 13.276
173.669601 -85.6016998 13.3458004
173.639297 -85.5235977 12.9842997
173.746994 -83.6266022 21.8082008
173.611206 -83.2285004 18.3486996
173.682861 -83.3124466 18.6560993
173.615097 -83.0888977 18.0976009
173.651001 -83.1755981 18.5069008
173.670502 -83.1467972 19.4841995
173.641098 -83.1443024 21.656601
173.604996 -83.1210022 22.7560997
173.616394 -82.9175034 17.7173004
173.789597 -82.668602 3.18779993
173.7314 -82.6423035 3.28789997
173.758301 -82.7039032 4.6573
173.688797 -82.7833023 22.6117992
173.659698 -82.4269028 2.7104001
173.765793 -82.5695038 2.99769998
173.642899 -82.4422989 3.11879992
173.790604 -82.4151001 3.32430005
173.759598 -82.4496994 3.57089996
173.618698 -82.5495987 20.9305
173.693604 -82.3703003 2.53640008
173.664505 -82.3330994 2.68910003
173.644104 -82.3992996 2.91779995
173.773804 -82.2132034 3.57859993
173.752106 -81.9978027 3.26679993
173.669006 -81.6696014 3.31990004
173.794205 -81.611702 6.84189987
173.773499 -81.4761963 6.03170013
173.603897 -81.2457962 3.02509999
173.761093 -81.2846985 23.5634995
173.786301 -81.0842972 5.55240011
173.723999 -80.8345032 22.8526993
173.786896 -80.6871033 2.37470007
173.904297 -98.149498 5.11019993
173.972702 -97.9441986 -0.131799996
173.888702 -97.7100983 4.34544992
173.914597 -97.7291031 4.64459991
173.986206 -97.6334 4.92859983
173.995102 -97.4352036 2.0941
173.944794 -97.4403 2.44729996
173.942703 -97.5086975 4.27780008
173.849396 -97.5472031 4.73680019
173.902954 -97.438446 6.11330032
173.894699 -97.5233002 6.23210001
173.827698 -97.3453979 2.29579997
173.826508 -97.2464981 4.22289991
173.8927 -97.2955322 4.50073338
173.907501 -97.2614975 4.65749979
173.975098 -97.305397 5.92040014
173.906906 -97.3690033 6.07329988
173.825897 -97.1940994 2.51440001
173.871307 -97.0062027 3.19980001
173.922806 -97.0195007 4.61780024
173.955597 -97.0371017 6.18540001
173.950653 -96.96875 2.6652
173.870697 -96.8677979 3.42759991
173.936905 -96.8626022 4.76030016
173.936401 -96.9641037 5.88460016
173.899399 -96.8022003 7.6624999
173.804398 -96.7773972 3.69639993
173.813599 -96.7225037 4.46869993
173.811203 -96.7587967 4.61810017
173.820801 -96.6768036 7.31470013
173.8564 -96.6055984 7.42880011
173.913605 -96.6597977 7.73530006
173.872101 -96.5333023 2.85750008
173.950394 -96.5610962 3.36879992
173.927505 -96.5345993 4.7816
173.834305 -96.4965973 6.48659992
173.878143 -96.4768524 6.86604977
173.815796 -96.4740982 7.03380013
173.824097 -96.571701 7.30499983
173.873199 -96.5418015 7.43380022
173.863205 -96.3079987 3.21230006
173.857697 -96.2854004 3.44090009
173.864594 -96.274498 4.67309999
173.933701 -96.2723999 6.09280014
173.8358 -96.2057037 6.24599981
173.851807 -96.1248016 6.65390015
173.883499 -96.1311035 7.61880016
173.991898 -95.9300003 -0.174799994
173.958008 -95.8940506 2.35914993
173.8479 -95.8751526 2.45985007
173.877167 -95.6307373 1.13940001
173.991592 -95.6278 1.23160005
173.846558 -95.6359558 1.91659999
173.908356 -95.6185989 2.53614998
173.814606 -95.5205994 -0.139500007
173.824203 -95.5167999 0.243200004
173.807999 -95.5369034 0.547399998
173.846252 -95.5182495 0.942849994
173.8181 -95.4609985 1.1638
173.902756 -95.5671005 1.31894994
173.839905 -95.5023041 1.67970002
173.871078 -95.553421 1.91155005
173.900055 -95.5182495 2.16525006
173.874496 -95.549881 2.30437493
173.822388 -95.4276505 2.4467001
173.859497 -95.581398 2.75539994
173.849106 -95.3225021 1.81959999
173.849304 -95.3388977 2.11520004
173.8181 -95.2547989 3.27209997
173.811203 -94.4516983 5.08190012
173.947998 -94.0696564 1.92490005
173.949905 -93.9680023 1.68710005
173.951599 -93.5467987 -0.309199989
173.9944 -93.006897 1.72510004
173.979095 -93.0632019 1.87829995
173.816605 -92.8824005 1.79330003
173.806396 -92.8889008 1.86370003
173.828094 -92.9938965 2.28410006
173.802002 -92.8958969 4.91090012
173.863602 -92.6986008 4.44099998
173.823395 -92.5354996 4.57749987
173.949905 -87.6727982 14.2313995
173.905472 -87.521431 14.0961332
173.927353 -87.2768555 13.9359999
173.999695 -87.066597 12.9745998
173.970901 -87.1125031 13.0347996
173.865448 -87.1325989 13.9660492
173.861496 -87.0203018 14.0450001
173.822098 -87.1641006 15.1969995
173.976395 -86.9785004 13.8116999
173.882507 -86.8643036 14.1388998
173.897797 -86.9506989 15.3484001
173.921005 -86.6322021 12.5171003
173.855606 -86.7748032 14.3070002
173.827805 -86.4787979 12.3846998
173.814407 -86.5531006 12.4168997
173.883408 -86.2061005 13.5243998
173.974701 -84.2594986 20.4144993
173.9561 -84.229599 20.6408997
173.992905 -84.2463989 22.9657993
173.995697 -84.0634003 23.2950993
173.989395 -83.7462997 22.9627991
173.893097 -83.771698 23.0058994
173.826706 -83.4810028 22.8640003
173.946503 -83.2640991 6.83120012
173.861496 -83.1219025 21.9349995
173.8992 -82.8468018 17.4426003
173.949997 -82.857399 18.9227009
173.850098 -82.668602 3.43670011
173.987701 -82.742897 3.83590007
173.905304 -82.7380981 7.19360018
173.940094 -82.7086029 23.9020996
173.800705 -82.5326004 2.47900009
173.920837 -82.5406494 3.81589985
173.852707 -82.3304977 3.73156667
173.889206 -82.1035995 20.2810993
173.801804 -81.8052979 4.79169989
173.919098 -81.6744003 6.3987999
173.965897 -81.6107025 24.0137997
173.889694 -81.4492035 2.3296001
173.820297 -81.4856033 2.41750002
173.895798 -81.3691025 24.5119991
173.906601 -81.1496964 2.35560012
173.954407 -81.1298981 3.16120005
173.950165 -80.6619339 2.69036674
173.882294 -80.0401001 -0.314900011
174.113205 -98.0661011 5.0687499
174.157806 -97.7307663 2.05156684
174.005295 -97.6557007 4.69269991
174.061401 -97.7009964 5.11590004
174.129547 -97.6352539 5.29535007
174.154205 -97.6732025 5.5303998
174.090805 -97.6256027 6.14429998
174.127396 -97.509697 2.30250001
174.149002 -97.5031967 3.60489988
174.035095 -97.4992981 4.55959988
174.148346 -97.4806976 5.88409996
174.140549 -97.2794495 2.44759989
174.143097 -97.3289032 3.74160004
174.013702 -97.3108978 4.28240013
174.019302 -97.3592987 5.18730021
174.104645 -97.3195496 5.30959988
174.079849 -97.2628021 5.67000008
174.001801 -97.2903976 5.96379995
174.057632 -97.1092682 2.49353337
174.091003 -97.1386032 2.63969994
174.116638 -97.1450958 5.43160009
174.024796 -97.1335983 5.60430002
174.080399 -97.1271973 5.8973999
174.043503 -97.0197983 7.51940012
174.062897 -96.9725037 2.63790011
174.1185 -96.8359528 3.23185015
174.0513 -96.9919968 5.70510006
174.198593 -96.9108963 6.17740011
174.108597 -96.8951035 6.32000017
174.198593 -96.9112015 7.10839987
174.1745 -96.8296967 7.35599995
174.156342 -96.7279968 2.5244
174.065552 -96.6369934 6.73890018
174.107895 -96.6705017 7.04470015
174.084396 -96.6737518 7.27490044
174.116394 -96.647049 7.50540018
174.089096 -96.4562988 2.70799994
174.188202 -96.4397964 6.53560019
174.046097 -96.464798 6.60699987
174.049606 -96.5419998 7.18900013
174.186707 -96.3310013 2.79159999
174.144806 -96.1212997 2.94339991
174.173996 -96.061203 4.56269979
174.054794 -96.0899963 5.40619993
174.024994 -95.906601 2.90860009
174.017899 -95.6518021 1.40409994
174.019501 -95.7136002 2.32299995
174.053299 -95.6897964 2.56089997
174.006699 -95.5530014 0.897099972
174.198502 -95.5048981 2.3684001
174.128906 -95.5975037 2.47609997
174.0849 -95.143898 2.09190011
174.061996 -94.2200012 1.80770004
174.169006 -94.3039017 5.30649996
174.002197 -93.7546997 7.28859997
174.090607 -93.5304031 4.91930008
174.071899 -93.3718033 4.81279993
174.071899 -93.3713989 7.34299994
174.011703 -92.8572006 1.50870001
174.094299 -92.509697 5.04300022
174.192398 -89.5651016 0.459100008
174.151794 -87.6836014 14.1077003
174.160904 -87.4745026 14.0964003
174.148193 -87.342598 13.8260002
174.123093 -86.9825974 13.4879999
174.018494 -86.9459991 13.8726997
174.089706 -86.6968994 12.4633999
174.113007 -86.7771988 13.6512003
174.015305 -86.7706985 13.8659
174.037292 -86.4365005 12.2292004
174.1371 -86.2464981 12.2152004
174.004593 -86.3593979 13.0942001
174.173492 -84.4188995 20.5552998
174.121506 -84.3293991 20.2479992
174.093201 -84.2866974 20.6615009
174.118805 -84.3582001 20.8138008
174.093506 -84.0549011 22.4050007
174.008301 -83.9527969 22.2640991
174.026901 -83.8886032 22.9116001
174.196396 -83.7217026 22.4629993
174.149704 -83.7182007 22.7320995
174.140198 -83.7675018 23.0287991
174.0979 -83.6835022 23.6196995
174.115494 -83.552002 22.5382996
174.079498 -83.5571976 22.9927998
174.029007 -83.3106995 18.0895996
174.163895 -83.3466034 21.1098003
174.033096 -83.0343018 6.96210003
174.010803 -82.8163986 6.77839994
174.103394 -82.9173965 22.4533997
174.115906 -82.9447021 24.0098
174.054306 -82.6066971 3.7342999
174.006195 -82.3050003 4.35039997
174.165207 -82.3877029 6.40220022
174.178101 -82.2425995 20.6692009
174.071106 -81.6555023 2.1243
174.057999 -81.6724014 3.02959991
174.084793 -81.754097 5.10739994
174.012894 -81.6520004 6.93569994
174.060104 -81.5166016 2.26419997
174.199203 -81.4308014 2.95499992
174.121002 -81.5566025 3.10969996
174.067902 -81.3638 5.16849995
174.106506 -80.7966995 2.80340004
174.153198 -80.4471436 0.143250003
174.139603 -80.4875031 2.2750001
174.268707 -97.9974976 -0.213799998
174.261993 -97.7899017 4.45190001
174.283798 -97.6296005 6.12830019
174.297104 -97.4729004 5.51634979
174.223907 -97.3198013 2.43009996
174.2052 -97.3822021 5.6328001
174.353897 -97.1100006 2.43930006
174.27771 -97.0729523 2.82165003
174.251312 -96.9384995 2.6645999
174.224854 -96.8638992 7.14855003
174.290604 -96.8302002 7.26569986
174.348602 -96.6158981 5.96290016
174.276505 -96.702301 6.72989988
174.358902 -96.4039993 2.37949991
174.207108 -96.4624023 2.59130001
174.376297 -96.2826996 2.80119991
174.256195 -96.2718964 7.18669987
174.332397 -96.0840988 2.36849999
174.390793 -96.1610031 2.9684
174.389099 -96.1201019 3.01139998
174.387894 -96.0103989 7.38570023
174.238495 -96.1587982 7.6328001
174.354797 -95.8548965 2.74480009
174.214905 -95.8142014 3.05380011
174.319504 -95.7193985 2.80439997
174.313202 -95.694397 7.68499994
174.336197 -95.4509964 2.53640008
174.209106 -94.6776962 6.27279997
174.346802 -92.7172012 6.06010008
174.345596 -91.5542984 5.53469992
174.257996 -89.8539963 0.411199987
174.399597 -86.8349991 14.0060997
174.229996 -86.6914978 13.4640999
174.205399 -86.5981979 13.3443003
174.321106 -86.3507004 12.0130997
174.384293 -85.6496964 12.1784
174.341095 -85.4988022 11.7333002
174.3255 -85.3153 12.0642004
174.378403 -84.6610031 20.4923992
174.276794 -84.4714966 20.5179996
174.224701 -84.4080963 20.6422997
174.257599 -84.2092972 20.5671997
174.3853 -84.0981979 11.2777004
174.361603 -84.1905975 20.3544998
174.375504 -83.5056992 18.8237991
174.372803 -83.358902 18.5319996
174.285294 -83.228302 22.6002007
174.212997 -83.1439972 17.7513008
174.207596 -82.9549026 23.7411003
174.248901 -82.7584991 22.2530994
174.222794 -82.4988022 6.77930021
174.385895 -82.5887985 22.1452999
174.354294 -82.260498 20.7448006
174.307602 -82.2809982 20.8451996
174.242203 -82.303299 22.5678997
174.380203 -82.1314011 5.3295002
174.203293 -81.7975998 5.21400023
174.214203 -81.0429993 2.56590009
174.261703 -81.1135025 2.90240002
174.263107 -80.9577026 3.95309997
174.369797 -80.7027969 0.369500011
174.378098 -80.6779022 3.0302999
174.275696 -80.493103 -0.113200001
174.4422 -98.4357986 -0.0982000008
174.405197 -97.7248993 5.65010023
174.477905 -97.4167023 2.50279999
174.406097 -97.4703979 2.88960004
174.445801 -97.4266968 3.83150005
174.402206 -97.2988968 2.48049998
174.574005 -97.3373032 4.10489988
174.552994 -97.0251007 3.42479992
174.506699 -97.0086975 3.69440007
174.460999 -96.6924973 2.9842
174.416595 -96.6626968 5.95170021
174.520493 -96.5274963 2.43050003
174.589203 -96.4134979 2.99830008
174.595505 -96.4030991 6.72910023
174.484695 -96.0416336 2.69076657
174.534393 -96.0700989 2.98270011
174.496796 -95.8057022 2.5395
174.5672 -95.9567032 2.84739995
174.473007 -95.7296982 2.63940001
174.533707 -95.7845001 7.54500008
174.477997 -95.6243973 7.69019985
174.449707 -95.5614014 7.45440006
174.516693 -95.280098 0.0666000023
174.493149 -89.5941467 -0.138300002
174.519302 -87.4611969 14.7372999
174.4617 -86.6796036 12.4224997
174.455795 -86.2828979 11.7812996
174.541306 -85.5346985 11.7727003
174.403702 -85.5871964 12.0854998
174.4673 -85.3729019 11.9863005
174.495193 -85.0342026 20.2355003
174.511551 -84.8457489 20.1314507
174.494598 -84.9751968 20.2889996
174.504196 -84.7003021 20.1228008
174.456299 -84.5793991 19.6998005
174.540039 -84.5268478 20.2238998
174.44986 -84.3305969 19.5488014
174.419403 -84.3688965 20.3446007
174.570297 -83.8351974 20.0748997
174.531906 -83.8965988 22.4356995
174.558304 -83.7771988 20.1555996
174.487701 -83.7891006 22.3188
174.516434 -83.4384003 18.529501
174.534302 -83.4796982 18.6058998
174.524506 -83.3440018 18.6250992
174.465607 -83.3298035 19.0666008
174.557907 -83.2906036 19.2639999
174.5271 -83.1667023 18.7339001
174.482605 -83.0899963 22.3992996
174.409607 -82.9089966 6.38240004
174.417404 -82.9833984 20.9853001
174.4366 -82.8785019 22.2483006
174.589798 -82.6025009 6.34329987
174.465897 -82.6651001 6.52080011
174.5401 -82.7727966 21.9459991
174.512604 -82.6455994 22.0072002
174.541 -82.5608978 4.20480013
174.569504 -82.5943985 4.40850019
174.526093 -82.3531036 20.7212009
174.439102 -82.358902 22.1406002
174.510803 -82.1448975 4.99539995
174.545303 -82.0011978 5.46479988
174.541199 -82.194397 6.74569988
174.495605 -81.9588013 5.66779995
174.462708 -81.8184967 5.85400009
174.5923 -81.7435989 5.62069988
174.581696 -81.6593018 6.13369989
174.548492 -81.6218033 8.11940002
174.457596 -81.2089996 7.08279991
174.792206 -97.6623001 4.12809992
174.663101 -97.4255981 2.3046
174.631104 -97.4641037 4.12699986
174.739258 -96.7093964 2.58754992
174.767548 -96.7373962 6.71080017
174.627899 -96.4450989 2.47429991
174.686096 -96.5618973 2.72119999
174.787094 -96.5645981 2.97720003
174.701508 -96.185997 2.51090002
174.655197 -95.9776993 2.4375999
174.634598 -95.1044006 -0.0421000011
174.721054 -88.899704 -0.26394999
174.695694 -87.0986023 14.3715
174.688095 -86.8694992 14.941
174.759293 -86.7738037 13.9401999
174.626602 -85.530098 11.4448996
174.736206 -85.4966965 11.6878996
174.763504 -84.6783981 19.7593002
174.772903 -84.7253036 19.8847008
174.66449 -84.5572052 19.7240505
174.780899 -84.1201019 22.3176003
174.713333 -83.8245697 19.7139339
174.701996 -83.9227982 22.2476997
174.782501 -83.6984024 19.2884998
174.655701 -83.6938019 19.5678005
174.772202 -83.6724014 19.6161003
174.663803 -83.7985992 19.8400993
174.732101 -83.6011963 22.1618996
174.684296 -83.5162964 18.3455009
174.726395 -83.4873962 18.4591999
174.772705 -83.0124969 21.9158001
174.740997 -82.9974976 18.7805996
174.602097 -82.6119003 6.26889992
174.799103 -82.6179962 20.4682007
174.667892 -82.7602005 21.8988991
174.717194 -82.4978027 20.2087994
174.742996 -82.5195007 21.5753002
174.643005 -82.4850006 21.6634007
174.707611 -82.5088959 21.8473015
174.708893 -82.2922974 20.5060005
174.711395 -82.3393021 21.5062008
174.673492 -82.0065994 22.4748993
174.673706 -81.9514008 5.89090014
174.718307 -80.4517975 2.18070006
174.789597 -80.2483978 0.352400005
174.6987 -80.2481003 2.01869988
174.881409 -99.0493011 0.691650033
174.889801 -98.8874054 0.677000046
174.844193 -98.5061035 0.56370002
174.923798 -98.4141998 0.652700007
174.9272 -98.1735001 0.60710001
174.9561 -97.9105988 0.564599991
174.806396 -96.8123016 2.23340011
174.8125 -96.6380997 2.28690004
174.889893 -96.5738983 3.03730011
174.861893 -87.2237015 14.1765003
174.835403 -87.3443985 14.5494003
174.843597 -86.8852997 13.8980999
174.8927 -86.1866989 13.3325005
174.893097 -85.2684021 11.9208002
174.856796 -85.2208023 12.2229004
174.808594 -84.9850006 20.5009003
174.975204 -84.6190033 19.5548
174.913498 -84.6138 19.6917
174.924393 -84.4326019 19.4489994
174.837402 -84.5225983 19.6548004
174.964493 -84.0967026 19.5342007
174.967804 -83.941803 19.5585003
174.9021 -83.8781967 19.6158009
174.870407 -83.5804977 18.3425007
174.8927 -83.4505005 19.1343002
174.806503 -83.5910034 19.4652996
174.940201 -83.1893005 18.7556
174.813599 -82.9884033 21.9666996
174.802094 -82.7257996 5.9847002
174.921906 -82.6798019 6.45870018
174.938095 -82.7296982 21.4955006
174.866302 -82.7498016 23.3948994
174.930801 -82.4865036 18.3460999
174.809006 -81.8622971 5.86009979
174.807602 -81.7201004 3.50180006
174.995895 -81.7661972 5.84539986
174.826797 -81.6119995 19.1228008
174.901642 -80.6752472 2.26250005
174.932007 -80.4067001 0.588199973
174.953094 -80.5585022 2.15039992
174.871704 -80.3228989 0.342599988
174.882202 -80.3609009 2.55970001
175.011002 -98.5618973 0.518299997
175.031601 -97.4786987 4.35150003
175.069 -96.1288986 2.64039993
175.045547 -88.8195953 0.113600001
175.059494 -88.7914963 0.160699993
175.130096 -86.527298 13.7173004
175.125504 -85.2471008 12.3942003
175.108704 -84.5667038 19.3348007
175.173599 -84.5781021 19.4106998
175.019302 -84.2126007 19.6366005
175.181305 -84.1492996 19.0265007
175.004395 -83.6303024 19.2217999
175.131195 -83.3277969 18.9953003
175.088104 -83.1925964 18.9773998
175.098999 -82.7879028 4.09240007
175.133789 -82.7413025 18.4803009
175.1633 -82.5203018 5.90980005
175.160095 -82.4042969 22.8313007
175.036163 -82.1741943 5.31220007
175.147095 -82.1132965 17.7255993
175.082794 -82.175499 20.3276997
175.111801 -81.9975967 19.5890999
175.007401 -81.5971985 24.5729008
175.022293 -80.542099 1.96029997
175.085602 -80.2878036 2.50099993
175.316193 -98.9078522 0.0520000011
175.384094 -98.8576965 0.355199993
175.243301 -98.9168015 0.591400027
175.393402 -98.091301 0.371399999
175.368805 -98.0345993 0.41839999
175.365295 -97.8047028 0.308299989
175.351898 -97.7736969 0.368099988
175.375702 -97.040802 2.44759989
175.224899 -96.9434967 2.4756
175.333405 -96.4296036 2.51999998
175.290802 -92.2587967 -0.152500004
175.384598 -92.293602 0.264699996
175.386505 -92.1401978 -0.118699998
175.257401 -85.3078003 12.4280996
175.290741 -83.5848007 19.2357998
175.260895 -83.5886002 19.5144997
175.3862 -83.2126007 9.50370026
175.2854 -83.1489029 7.33909988
175.276794 -83.0389023 18.5393009
175.356293 -82.9091034 17.8987999
175.268204 -82.9703979 18.0615005
175.296204 -82.6649017 6.17150021
175.313599 -82.6023026 21.0319004
175.315506 -82.5487976 5.35090017
175.350098 -82.4250031 18.0393009
175.387894 -82.5570984 21.7709999
175.248001 -82.3912964 5.60340023
175.283997 -82.3019028 17.9757996
175.288193 -82.0904007 4.81780005
175.278793 -82.197998 7.10629988
175.237 -81.8501968 4.1697998
175.3255 -81.9877014 4.20599985
175.378006 -81.9789963 4.81710005
175.207703 -81.9891968 17.3383999
175.321396 -80.4205017 0.443399996
175.387802 -80.5435028 0.76639998
175.204193 -80.3231964 0.681800008
175.531296 -99.1656036 -0.173700005
175.513 -98.6837006 0.362500012
175.434906 -98.4981995 0.236699998
175.468002 -98.3520966 0.131600007
175.440796 -98.03125 0.08715
175.414703 -97.9982986 0.564400017
175.494995 -97.2727966 2.96099997
175.493698 -97.0775986 2.30130005
175.458496 -97.1947021 2.96989989
175.484543 -97.156601 3.03390002
175.5616 -97.1783981 3.99070001
175.576294 -96.7947006 3.8039999
175.459793 -96.5465012 3.52780008
175.511002 -93.281601 0.206200004
175.511597 -92.9401474 0.142250001
175.542496 -92.9136963 0.29519999
175.486694 -92.7829971 0.1734
175.471893 -92.4346008 -0.179399997
175.451004 -92.3868027 -0.221499994
175.470856 -92.3410034 -0.0760499984
175.491806 -92.3984985 0.108000003
175.584793 -92.3339005 0.307200015
175.455505 -89.6962967 0.372399986
175.573502 -89.6207962 0.423400015
175.567398 -89.0940018 0.609300017
175.505798 -86.8047028 13.941
175.544693 -84.6395035 19.6749001
175.472305 -84.2357025 18.9323997
175.435394 -83.4642029 18.6042995
175.403198 -83.5531006 19.1208992
175.575394 -83.3237991 9.41839981
175.571106 -83.3411026 18.4577007
175.450897 -83.3371964 18.6788998
175.475494 -83.129303 18.1523991
175.504547 -83.0931549 18.3263512
175.568298 -82.8087997 5.1395998
175.581406 -82.7384033 5.53490019
175.548904 -82.7601013 6.81559992
175.504395 -82.4019012 4.64190006
175.542404 -82.5290985 4.87949991
175.529999 -82.526001 5.4703002
175.456802 -82.4017029 12.1806002
175.456604 -82.5758972 17.9454994
175.559906 -82.3459015 10.2770004
175.594604 -82.0414963 4.08479977
175.463303 -82.0814972 4.21939993
175.423492 -82.1041031 4.69220018
175.416702 -80.7820969 9.37889957
175.507095 -80.1799011 18.9484005
175.683502 -99.1567993 0.550199986
175.790695 -98.898201 0.448799998
175.797195 -98.5618973 -0.0672999993
175.726196 -97.9692993 0.385199994
175.631805 -97.8887024 0.435000002
175.705994 -96.7256012 3.60579991
175.697998 -96.4583969 2.39339995
175.672104 -96.4014969 2.57540011
175.686966 -96.4929962 2.72693324
175.608093 -93.5006027 2.5308001
175.606201 -92.9012985 0.351599991
175.6306 -92.4182968 0.133599997
175.635498 -92.2488022 0.25
175.718994 -89.6933517 0.167549998
175.784393 -84.7136993 19.8339005
175.652603 -84.4610977 19.7038994
175.795303 -84.3023987 18.9160004
175.647598 -84.2014008 19.0224991
175.697922 -83.6769257 18.7246494
175.654602 -83.6910019 18.8700504
175.643707 -83.5854034 18.9050007
175.748108 -83.2734985 18.2790985
175.638397 -83.3210983 18.4494991
175.631302 -83.3226013 18.7082996
175.629196 -83.2832031 18.8360996
175.687607 -83.3906021 19.0265999
175.613602 -83.2220001 22.9302006
175.643295 -83.1594009 9.11240005
175.742706 -83.1800995 18.1487999
175.645401 -82.8621979 5.34030008
175.634903 -82.819397 6.17280006
175.730698 -82.9745026 6.38500023
175.672394 -82.9588013 9.25889969
175.601898 -82.9057999 17.7318001
175.738297 -82.8557968 22.2471008
175.793594 -82.6917038 8.94499969
175.654694 -82.5542984 7.03649998
175.746597 -82.2297974 4.4217
175.742096 -82.2848969 10.5403004
175.798706 -82.0064011 -0.275900006
175.73175 -82.1866455 4.31729984
175.606201 -82.1116028 17.8752003
175.715805 -80.9440002 9.58670044
175.850998 -99.1895981 -0.167300001
175.854996 -98.7241974 0.489600003
175.833893 -96.9281006 3.55259991
175.815704 -96.532402 2.37080002
175.811996 -96.5196991 2.45760012
175.902603 -95.260498 -0.2447
175.911102 -93.2435989 0.324999988
175.922806 -92.3134995 0.310600013
175.980194 -88.6429977 0.324999988
175.985001 -85.0409012 19.9838009
175.882294 -84.8712006 20.3694992
175.800797 -84.368103 19.1842003
175.859299 -83.9750977 19.0912991
175.893295 -83.7408981 19.6068993
175.9711 -83.4140015 6.27209997
175.801804 -83.4223022 18.1688995
175.979904 -83.4268036 22.2980995
175.914398 -83.3744965 18.1697006
175.968597 -83.1085968 5.64260006
175.903702 -83.0833969 12.5029001
175.881195 -82.9330978 22.3698997
175.996094 -82.3294983 4.2663002
175.932297 -81.6623001 -0.169699997
175.908829 -81.5010681 0.550233305
175.881302 -81.4164963 1.00629997
175.936905 -81.5884018 1.29509997
175.890594 -81.4813004 9.0152998
175.852295 -81.3733978 0.205200002
175.860306 -81.3386993 0.691999972
175.859497 -81.3173981 0.8477
176.052704 -99.0062027 0.469000012
176.068741 -98.8529358 0.509150028
176.171906 -98.0346985 0.579999983
176.159302 -96.2058029 3.75539994
176.082001 -96.0860977 3.52589989
176.112106 -93.2932968 0.510599971
176.162994 -92.2058029 0.275400013
176.1577 -89.6490021 0.289299995
176.047806 -84.8571014 19.5795002
176.197495 -84.819397 19.7947998
176.174652 -84.9588928 20.0215492
176.111298 -84.6969986 19.4519005
176.040894 -84.6563034 19.6947002
176.104904 -84.3381958 19.3253994
176.076294 -84.0056992 19.052
176.145706 -83.7612991 18.7693996
176.066803 -83.6600952 19.8469505
176.162903 -83.4974976 18.3665009
176.110703 -83.3121033 6.50159979
176.184006 -83.2266006 21.8899994
176.185898 -83.334198 22.4477005
176.182404 -83.046402 12.8135004
176.017899 -82.0094986 5.0948
176.016693 -81.7447968 0.318699986
176.176102 -81.6718979 0.793600023
176.160202 -81.7602997 0.941900015
176.149094 -81.6761017 1.16649997
176.185501 -81.5241013 8.90769958
176.157303 -80.2109985 5.86119986
176.260605 -99.1037979 0.594600022
176.305405 -98.824501 0.726000011
176.240005 -98.9347992 0.81190002
176.278595 -98.6620026 0.587599993
176.258698 -98.7238007 0.747650027
176.2005 -98.1648026 0.651899993
176.275894 -97.9543991 0.751299977
176.233902 -93.4403 0.481400013
176.324097 -93.4263992 0.684099972
176.242706 -92.9916992 0.479000002
176.227203 -92.0395966 0.353899986
176.220093 -89.6716995 0.178499997
176.303802 -88.6981964 0.0929000005
176.270294 -85.0671997 14.2482996
176.263901 -85.0195999 19.5856991
176.226196 -85.0865021 19.7401009
176.226395 -84.885498 19.7602997
176.389404 -84.8470993 20.0692997
176.250946 -84.6812515 19.35075
176.3974 -84.2415009 19.0028
176.266602 -84.1192017 13.1049004
176.214493 -84.1184998 13.2454996
176.309204 -84.1895981 19.0062008
176.217102 -83.8016968 18.8670006
176.258301 -83.788002 19.9419003
176.236801 -83.4927979 22.6105995
176.276199 -82.6676025 18.3092003
176.338394 -82.2845001 10.1036997
176.382095 -82.2631989 11.9106998
176.237595 -82.3868027 18.2945004
176.323303 -82.1415024 18.2768002
176.237701 -81.9366989 0.879899979
176.2435 -81.7188034 0.362100005
176.326508 -81.7742004 8.6097002
176.422195 -98.9259033 0.542900026
176.564407 -98.4721985 -0.129800007
176.424103 -98.0061035 0.506299973
176.429703 -92.3272018 0.380499989
176.593597 -89.6125031 0.0373999998
176.556107 -85.9322968 13.8050003
176.432602 -85.865799 15.0648003
176.593704 -85.7210999 14.3732996
176.449997 -85.6257019 14.4979
176.578201 -85.4999008 14.0233002
176.598404 -85.3371964 13.9685001
176.441193 -85.2435989 14.0431995
176.540298 -84.6339035 13.8542995
176.481995 -84.5127029 13.691
176.514404 -84.4244003 13.8142996
176.587799 -84.4237976 18.9076996
176.448303 -84.3074036 13.6497002
176.580307 -82.4383011 10.2795
176.524094 -82.5922012 18.1742001
176.568604 -80.3560028 5.67509985
176.626007 -98.2225037 -0.139400005
176.671799 -93.2822037 0.531799972
176.726898 -93.1621017 0.809199989
176.6194 -89.6286011 -0.174899995
176.655197 -88.7093964 -0.319799989
176.725906 -87.5278015 15.4461002
176.699905 -87.3647995 15.3881998
176.770203 -85.903801 13.5704002
176.655304 -85.9131012 13.7938995
176.666504 -85.8920975 14.7584
176.706299 -85.7054977 12.6406002
176.793701 -85.6174011 14.3402996
176.6642 -85.7869034 14.4804001
176.671005 -85.7522964 14.8957996
176.697693 -85.4680023 14.0313997
176.662399 -85.3711014 12.8178997
176.755005 -85.0403976 12.7966995
176.734497 -85.0054016 13.7250996
176.673203 -84.8182983 11.9441996
176.695694 -84.8684006 12.3997002
176.682098 -84.8597031 13.6094999
176.708603 -84.6066971 11.9364996
176.798996 -84.5645981 13.4577999
176.630707 -84.2987976 13.4085999
176.798294 -83.2783966 0.00439999998
176.609604 -83.3495026 21.7672005
176.699905 -83.1604996 0.0164000001
176.611298 -83.0431976 13.2715998
176.672394 -82.8483963 10.0693998
176.738495 -82.4332962 12.4295998
176.774399 -82.1113968 11.7395
176.757996 -81.8410034 0.325100005
176.681198 -81.6187973 17.8400993
176.961197 -98.8973007 0.0650999993
176.899597 -98.7480011 0.224000007
176.826904 -98.0001984 0.208900005
176.996506 -93.3626022 0.157299995
176.826401 -87.1231995 15.5103998
176.865402 -86.9246979 15.9257002
176.831406 -86.759697 15.1629
176.997406 -86.4605026 14.4935999
176.982605 -86.2128983 14.3725996
176.975128 -86.2583008 14.7055998
176.838562 -86.1317444 14.6728001
176.802399 -85.9884033 14.7374001
176.985504 -85.7078552 0.304800004
176.877396 -85.5072021 0.356299996
176.906097 -85.3310013 13.0661001
176.873199 -85.2711029 13.8907003
176.885193 -85.0947037 12.4533005
176.843201 -84.8190994 11.9750996
176.820007 -84.8637009 12.4734001
176.974106 -84.5491028 13.3907003
176.820099 -84.3275986 12.5855999
176.838593 -84.395401 12.9232998
176.939697 -83.6536026 -0.243000001
176.938202 -83.4544983 0.0219000001
176.824799 -83.3746033 -0.023
176.9953 -83.3434982 0.143099993
176.999207 -82.6511002 9.51980019
176.984604 -82.7095032 12.4879999
176.971802 -82.2387009 -0.3134
176.973099 -81.7258987 8.0866003
176.863495 -81.3116989 -0.518100023
176.9953 -81.1894989 1.13010001
177.085693 -98.9837036 -0.118199997
177.078598 -98.9244995 0.0803999975
177.037506 -97.9518967 0.0107000005
177.124695 -92.3275986 0.0540000014
177.117905 -86.6772308 14.4865665
177.126404 -86.4285965 13.3977003
177.171295 -86.4785995 14.2845001
177.179794 -86.4001007 14.4645996
177.182098 -86.5630035 14.6543999
177.046997 -86.5384979 14.9217997
177.13475 -86.2469025 14.1177998
177.043503 -86.197998 14.0826998
177.196793 -85.8199997 13.2012997
177.136703 -85.844101 13.6766005
177.003799 -85.9810028 14.5944996
177.094803 -85.6356964 0.130999997
177.09964 -85.7555542 0.241600007
177.178802 -85.6082993 0.894999981
177.123093 -85.6100006 12.6176004
177.112305 -85.5404968 12.5521002
177.008102 -85.4747009 12.8955002
177.144699 -85.5483017 13.0566998
177.091599 -85.2322998 0.451400012
177.137604 -85.334198 12.9654999
177.130402 -85.1779022 0.533599973
177.033005 -85.0951996 12.5616999
177.040497 -85.1082001 13.5281
177.130554 -84.6811066 0.324550003
177.155106 -84.6352005 1.11049998
177.1427 -84.5868988 0.540600002
177.081802 -84.4235001 0.60589999
177.190094 -84.46035 0.886749983
177.163101 -84.3865967 0.792500019
177.074799 -84.1582031 0.296000004
177.193405 -83.8816986 10.5340004
177.039398 -83.4640503 0.29460001
177.071106 -83.0264969 12.1332998
177.167099 -82.9304962 18.3188
177.118698 -81.9048996 0.478799999
177.122803 -81.908699 8.83950043
177.110596 -81.6672974 0.622900009
177.133804 -81.2725983 0.914900005
177.217896 -98.9138031 -0.0850000009
177.243698 -98.8460999 0.437299997
177.243698 -97.992897 0.421600014
177.343399 -87.4835968 14.7033997
177.311005 -87.5117035 15.5326996
177.314301 -87.4484024 15.6539001
177.211197 -87.5246964 15.8306999
177.320099 -87.5998001 16.1555004
177.267212 -87.0341492 14.5072994
177.327896 -87.1551971 15.6719999
177.307297 -87.072197 15.8767996
177.313507 -86.9251022 14.3006001
177.264297 -86.9936981 14.6093998
177.327805 -86.8154984 15.6887999
177.302307 -86.8610001 16.5282993
177.318497 -86.4608994 13.9947996
177.279007 -86.435997 14.0993004
177.263702 -86.3395996 14.0064001
177.376099 -86.0346985 13.3156004
177.207306 -86.0098038 15.3811998
177.229736 -85.9064941 13.2945995
177.3573 -85.6904984 -0.300300002
177.397095 -85.7451019 0.0300999992
177.322693 -85.7475967 0.507099986
177.348251 -85.6338501 0.6602
177.334702 -85.6144028 0.916700006
177.218201 -85.6016006 13.0061998
177.396805 -85.5267029 0.539399981
177.279999 -85.5234985 0.601300001
177.304596 -85.5171967 0.895299971
177.297699 -85.5463028 14.3065004
177.296997 -85.3955002 12.8353004
177.319397 -84.905899 0.202600002
177.337402 -84.6633453 0.0694999993
177.264603 -84.7265015 0.245399997
177.290756 -84.7331238 0.737150013
177.278107 -84.6936951 0.821749985
177.238495 -84.7699966 11.9386997
177.393295 -84.4449005 -0.312299997
177.247604 -84.4105988 0.121399999
177.347 -84.5889969 11.7909002
177.395096 -82.8161011 -0.0927999988
177.316101 -82.2106018 9.72029972
177.393799 -82.0861969 9.25450039
177.229004 -81.9993973 8.8093996
177.331497 -81.9413986 9.04959965
177.202698 -80.5747986 -0.391600013
177.407806 -99.1709976 0.623199999
177.527405 -88.0297012 14.5951004
177.598495 -87.8267975 14.6153002
177.511795 -87.4330978 14.3327999
177.5495 -87.4972 14.5972996
177.526001 -87.5957031 14.8685999
177.460907 -87.365303 15.6101999
177.445694 -87.1176987 14.4645004
177.443802 -87.1127014 14.7421999
177.558701 -86.8867035 14.1973
177.477448 -86.9230957 14.2550497
177.569595 -86.9457016 14.4840002
177.423706 -86.6864014 13.7662001
177.450897 -86.6828003 13.8109999
177.510406 -86.6857986 14.0005999
177.426498 -86.6505966 14.2080002
177.427094 -86.4822006 13.7926998
177.599396 -86.5193024 13.9369001
177.514694 -86.5677032 14.2131004
177.4505 -86.2470016 12.4656
177.459595 -86.2349014 13.5777998
177.440857 -86.2993011 15.3391495
177.515396 -86.0261993 12.5387001
177.446106 -86.1184006 13.5732994
177.486404 -86.1766968 15.1777
177.421799 -85.8522034 12.9229002
177.456299 -85.9751968 13.4526997
177.583206 -85.7390976 1.0029
177.417404 -85.4396973 0.907400012
177.472305 -85.1334991 11.7658005
177.533493 -85.0855026 11.9932003
177.571793 -85.0449982 12.0565004
177.511002 -84.8855972 0.811200023
177.414597 -84.9458008 11.7896004
177.459351 -84.6500549 -0.0833500028
177.500031 -84.6808624 1.08329999
177.4095 -84.6345978 11.6563997
177.525803 -84.7173996 12.4547005
177.428802 -84.4757004 12.1599998
177.435104 -83.5736008 0.170900002
177.464798 -83.3160019 -0.170300007
177.519196 -83.177002 -0.451999992
177.550201 -81.5842972 0.101499997
177.6297 -88.3664017 14.6878996
177.657196 -87.8581009 14.6098003
177.618195 -87.5755005 14.0880003
177.778397 -87.4664001 15.6901999
177.708496 -87.3555984 15.5372
177.767105 -86.8712006 14.6101999
177.645996 -86.9167023 15.2955999
177.651596 -86.8515015 15.5572996
177.660599 -86.6446991 14.0009003
177.670944 -86.6931458 15.482275
177.788498 -86.5817032 13.8618002
177.618195 -86.1570969 12.4979
177.715897 -85.8735962 -0.331800014
177.69989 -85.7953491 0.668349981
177.761795 -85.6276016 12.4796
177.602707 -85.6165009 12.7872
177.727097 -85.3422012 12.0051003
177.777695 -85.2919998 12.4481001
177.743301 -85.0883026 12.2433996
177.639496 -85.129097 12.573
177.650208 -84.8146973 1.05980003
177.656998 -84.3274994 11.5410004
177.645996 -83.8807983 0.44780001
177.656998 -82.5756989 0.317099988
177.712906 -82.2197037 0.465799987
177.719101 -82.3563004 11.2230997
177.621902 -81.6240005 21.3609009
177.731003 -81.5014038 5.24550009
177.744797 -81.3720016 4.9836998
177.620102 -80.719101 4.13689995
177.999893 -87.6271973 15.5267
177.956451 -87.4994049 15.4692497
177.932404 -87.3742981 15.7056999
177.883606 -86.8600998 14.1962004
177.970505 -86.7292023 15.4812002
177.911499 -86.7060013 15.8860998
177.860794 -85.967598 0.114600003
177.961395 -85.8746033 0.977800012
177.945801 -85.9432983 13.3374996
177.809692 -85.7649994 1.04480004
177.993805 -85.6147995 12.3101997
177.894897 -85.6444016 12.6141005
177.969894 -85.5335999 12.2863998
177.873993 -85.5765991 12.5082998
177.822205 -85.3955994 12.46
177.845505 -84.7525024 -0.260199994
177.881393 -84.7117996 11.6746998
177.972794 -83.316803 -0.0848999992
177.878601 -83.0755005 12.3225002
177.933701 -82.8637009 12.0374002
177.874603 -82.9654999 12.3566999
177.982407 -82.6666031 11.8045998
177.958206 -82.2057037 0.256000012
177.826996 -81.6479034 0.51700002
177.889801 -81.2298965 4.26819992
177.930801 -80.8995972 4.49130011
177.982101 -80.7361984 4.68720007
177.867294 -80.2695999 3.77679992
178.126602 -98.6678009 -0.160999998
178.035294 -88.4192963 15.3732996
178.0009 -87.7171021 15.5559998
178.108994 -87.5671997 14.3196001
178.135895 -87.4320984 15.5277996
178.1931 -87.2169037 14.3579998
178.166504 -87.1766968 14.7178001
178.126007 -86.8511963 13.9120998
178.054199 -86.9600983 14.1381998
178.034897 -86.6536026 15.2657003
178.180496 -86.2673035 12.3599005
178.037598 -85.8833008 0.705600023
178.09375 -85.6985931 12.3664494
178.104401 -85.7194977 12.5064001
178.041046 -84.8647461 11.69135
178.186493 -84.4340973 13.6265001
178.190598 -83.8804016 16.8279991
178.071594 -83.8591003 17.0482006
178.189102 -83.3841019 -0.279799998
178.047302 -82.6738968 10.8606005
178.128204 -82.0998993 0.468100011
178.072998 -81.8201981 0.686200023
178.004196 -80.0190964 3.75819993
178.293793 -88.2923965 15.1985998
178.270599 -88.0136032 14.9749002
178.258804 -87.8893967 16.3540993
178.368805 -87.930603 16.5403996
178.365997 -87.6798019 14.7383003
178.253006 -87.6575012 16.3551998
178.295197 -87.6607971 16.5112
178.384903 -87.5876999 14.1801004
178.275208 -87.5263977 14.4624004
178.307602 -87.5466995 16.0011005
178.277206 -87.498703 16.2938004
178.246307 -87.3340988 16.1658993
178.277954 -87.1452026 15.9820004
178.290298 -86.5280991 12.5368996
178.205902 -86.4469986 12.7652998
178.367203 -86.2059021 12.8038998
178.309296 -85.9936981 12.3801003
178.327393 -84.427803 13.6549997
178.2565 -84.357399 -0.332599998
178.207108 -84.1989975 0.77579999
178.357605 -83.4786987 12.1648998
178.209 -83.4381027 12.3887997
178.357407 -83.2434998 12.408
178.314697 -82.6744995 10.6582003
178.349106 -82.5222015 20.4382
178.302597 -82.2898026 0.743600011
178.312195 -82.280899 20.2863998
178.306595 -82.1044006 22.0326996
178.202896 -81.9346008 4.50869989
178.332703 -81.8722 4.84549999
178.268997 -81.8042984 21.9824009
178.205704 -81.7722015 0.825100005
178.215302 -81.6203995 4.74940014
178.349594 -81.6579971 4.92929983
178.364197 -81.6663971 19.6142006
178.292404 -81.5252991 4.97170019
178.389999 -80.9216995 5.14480019
178.272995 -80.6649017 4.78709984
178.421295 -88.3090973 15.6153002
178.403595 -87.6952972 16.4449997
178.563995 -86.5796967 12.7278004
178.513107 -86.3292999 12.6648998
178.418106 -85.2233963 14.2615995
178.5569 -85.2675018 14.4547997
178.565094 -85.0287018 14.0937996
178.496002 -84.8281021 13.8969002
178.401001 -84.4896011 -0.276300013
178.440094 -84.4809036 1.24950004
178.457703 -82.4824982 0.478199989
178.599701 -82.2192001 5.33379984
178.423004 -82.0554962 19.6746998
178.471497 -81.9027557 4.8614502
178.463303 -81.8770981 21.1779003
178.534393 -81.7657013 5.11240005
178.491089 -81.7633972 5.47249985
178.458298 -81.4292984 5.04960012
178.486145 -81.4598541 5.55875015
178.458496 -81.3324966 5.30989981
178.471497 -80.615303 15.934
178.666504 -87.4349976 14.3028002
178.718094 -87.387001 14.2607002
178.615005 -85.6569977 -0.312099993
178.618301 -82.2097015 20.1380997
178.6763 -82.3226013 21.7383995
178.732193 -82.1508026 4.88910007
178.623596 -81.8102036 5.2031002
178.721802 -81.7602997 21.7171993
178.639694 -81.2074966 3.59759998
178.627502 -81.3495026 21.3714008
178.638199 -80.9228973 3.91770005
178.769501 -80.3287964 2.58109999
178.713501 -80.2590027 2.6782999
178.610901 -80.0447998 2.82019997
178.895996 -84.6430969 18.3400993
178.891205 -82.3097 22.0035
178.968201 -82.1232986 21.2761002
179.143494 -99.2244034 -0.0601000004
179.198196 -85.3643036 14.2559996
179.0336 -85.1177979 14.0092001
179.069107 -82.0417023 21.2716999
179.180405 -81.0245972 8.74740028
179.389206 -80.8262024 9.05599976
179.546005 -99.8865967 -0.202199996
179.595093 -99.9210968 0.515749991
179.575806 -99.8272018 0.622500002
179.592957 -99.8917542 0.948199987
179.591904 -99.8766022 1.19459999
179.595901 -99.8672028 1.22179997
179.533096 -99.9692993 1.63800001
179.581299 -99.6727982 0.0763999969
179.579498 -99.6486511 0.300449997
179.575562 -99.6628494 0.491149992
179.562958 -99.713501 0.698599994
179.578308 -99.7046509 0.968050003
179.530106 -99.7286987 1.148
179.578613 -99.7390518 1.50609994
179.57753 -99.6859741 1.6947
179.571304 -99.4896011 0.0461999997
179.558197 -99.4991989 0.209900007
179.582794 -99.5522995 0.459300011
179.587006 -99.5485001 0.902800024
179.559204 -99.4644012 1.13059998
179.564209 -99.5037994 1.39614999
179.522705 -99.5126038 1.77740002
179.596405 -99.2148972 -0.0930000022
179.591904 -99.2829971 0.333499998
179.573395 -99.2332001 0.892499983
179.565353 -99.2590027 1.06659997
179.581802 -99.2966003 1.35739994
179.588501 -99.2561035 1.85889995
179.589005 -99.107399 0.718899965
179.5802 -99.0180969 0.933399975
179.560104 -99.0157013 1.28729999
179.572067 -99.0702362 1.5333333
179.573547 -98.9160461 0.303750008
179.437698 -98.8510971 0.984099984
179.575806 -98.884201 1.29200006
179.55954 -98.8973007 1.45125008
179.597198 -98.7871017 -0.0346000008
179.576996 -98.6641998 0.56795001
179.582535 -98.7412338 0.909766674
179.589706 -98.6685028 1.13890004
179.555756 -98.7274475 1.56115007
179.556702 -98.5307999 0.0392999984
179.575958 -98.5274963 0.298699975
179.554596 -98.4478989 0.701200008
179.535202 -98.4919968 0.873300016
179.564804 -98.5588989 1.65499997
179.585403 -98.4508972 2.24659991
179.588806 -98.2253036 0.153400004
179.575363 -98.3129349 0.290199995
179.583496 -98.2052002 0.748700023
179.596695 -98.3716965 0.995700002
179.557297 -98.3618011 1.21570003
179.559296 -98.2929001 1.42859995
179.555389 -98.3559494 1.72574997
179.572098 -98.0526962 0.1558
179.582596 -98.109375 0.329349995
179.575836 -98.1036987 0.518599987
179.58194 -98.1603546 1.03690004
179.587555 -98.1000977 1.35979998
179.565308 -98.1883011 1.53820002
179.522095 -97.9653015 0.621900022
179.569336 -97.905632 0.833400011
179.574402 -97.8687973 1.29120004
179.593399 -97.9575043 1.47804999
179.580688 -97.9896545 1.65250003
179.5905 -97.7321014 -0.0759999976
179.540298 -97.6636047 0.0879999995
179.598999 -97.7714005 0.444099993
179.55806 -97.7207718 0.726966679
179.573395 -97.7378998 1.02690005
179.583405 -97.7226028 1.33710003
179.598099 -97.6671982 1.67729998
179.557602 -97.763298 1.88610005
179.567398 -97.4564972 -0.0197000001
179.595505 -97.5932007 0.502399981
179.5914 -97.5319977 0.89230001
179.575958 -97.4580994 1.10420001
179.583893 -97.5790024 1.22230005
179.462097 -97.4477997 1.55420005
179.598099 -97.435997 1.7809
179.576096 -97.3480988 0.538200021
179.579697 -97.2941513 0.677299976
179.5047 -97.3311462 1.06614995
179.589294 -97.2274017 1.56780005
179.470093 -97.3276978 1.96739995
179.565994 -97.1643982 -0.0092000002
179.541397 -97.0749969 0.582899988
179.558502 -97.0572968 0.773100019
179.572906 -97.1871033 1.34350002
179.5793 -97.1038971 1.47370005
179.548706 -97.0662003 1.7335
179.599197 -96.9720001 0.0403999984
179.53891 -96.9095993 0.529299974
179.589401 -96.8426971 1.62339997
179.596695 -96.6529999 0.547200024
179.592407 -96.7923965 0.606400013
179.567505 -96.7015991 1.27400005
179.596298 -96.6996994 1.68850005
179.573944 -96.5283508 0.671949983
179.597656 -96.4671021 0.898249984
179.586197 -96.5899963 1.42490005
179.561798 -96.5575027 1.62349999
179.5802 -96.3126984 0.529699981
179.565598 -96.2686996 0.936699986
179.494507 -96.3291016 1.15769994
179.572693 -96.3133011 1.38709998
179.592194 -96.0688477 0.893949986
179.584656 -96.0682068 1.29434991
179.593307 -95.8139038 0.371699989
179.576096 -95.976799 0.521300018
179.578705 -95.6315994 1.16859996
179.593201 -95.6873016 1.52559996
179.57045 -95.6946487 1.70105004
179.534607 -95.6072998 2.37010002
179.587204 -95.5118027 0.361299992
179.575607 -95.5199966 0.840799987
179.556305 -95.4584503 1.6214
179.550201 -95.2416 0.150199994
179.587204 -95.2033005 1.13999999
179.570297 -95.2897034 1.49349999
179.5802 -95.0863037 0.238199994
179.566406 -95.1472015 0.543200016
179.588394 -95.0222015 0.778199971
179.594696 -95.0203018 0.872300029
179.547607 -95.1920013 1.45430005
179.598099 -95.0697021 1.7457
179.589005 -94.8393021 0.131500006
179.572906 -94.9177017 1.31585002
179.534195 -94.6595993 0.687699974
179.595596 -94.7083969 0.950600028
179.577393 -94.6649017 1.08340001
179.57135 -94.6739502 1.32290006
179.599899 -94.6324997 1.4799
179.588699 -94.5708008 0.369199991
179.564102 -94.5007477 1.08045006
179.569 -94.4084015 1.33669996
179.514603 -94.4037018 1.86989999
179.572906 -94.2591019 0.300949991
179.543594 -94.2294998 0.656499982
179.593399 -94.2835999 0.906300008
179.592606 -94.0951996 0.136199996
179.581299 -94.0686035 0.213
179.593903 -94.0270996 0.654299974
179.586594 -94.1274567 1.10825002
179.574493 -94.1485977 1.38479996
179.590805 -94.0545959 1.45424998
179.516602 -94.1886978 1.89339995
179.577103 -93.9318008 1.09360003
179.586594 -93.8943024 1.2766
179.595795 -93.8955002 1.46710002
179.588394 -93.8198013 1.70770001
179.586212 -93.7489014 0.331149995
179.574097 -93.7408981 0.583199978
179.588898 -93.7624969 0.916700006
179.517105 -93.7503967 1.80429995
179.598495 -93.5908966 -0.0797000006
179.580505 -93.5917969 0.4005
179.565201 -93.5447998 1.08800006
179.5672 -93.5014038 1.30079997
179.584305 -93.4017029 1.70650005
179.569046 -93.3428497 0.254999995
179.558899 -93.254097 0.538900018
179.568542 -93.2682495 0.681949973
179.557205 -93.3479004 0.888499975
179.567505 -93.3070984 1.53069997
179.557999 -93.0343018 0.0324999988
179.594391 -93.047348 0.648850024
179.569397 -93.1054001 1.08420002
179.583694 -93.0955963 1.54719996
179.569946 -92.9377975 0.302900016
179.590103 -92.8814011 0.984700024
179.581451 -92.9068451 1.32415009
179.5952 -92.8402023 1.69430006
179.589508 -92.6819305 0.885766685
179.545395 -92.5566025 -0.181400001
179.588806 -92.4837036 0.529500008
179.551208 -92.5407028 1.30395007
179.594193 -92.5582962 1.56780005
179.590103 -92.2882996 0.0253999997
179.569199 -92.225502 0.792299986
179.590698 -92.3604965 1.17649996
179.587906 -92.1548004 0.452199996
179.587204 -92.0298004 0.945800006
179.550797 -92.194603 1.86150002
179.536407 -91.9943008 0.0193000007
179.599106 -91.9981003 1.23829997
179.579895 -91.6302032 0.281899989
179.590195 -91.6889038 1.02639997
179.561401 -91.7417984 1.36080003
179.581299 -91.6322021 1.48220003
179.596603 -91.6196976 1.60409999
179.5242 -91.5876007 -0.0775000006
179.577896 -91.5182037 0.510200024
179.585602 -91.5317993 1.07190001
179.567551 -91.3415527 0.916949987
179.566696 -91.0514984 0.0254999995
179.586594 -91.1994019 1.61919999
179.588196 -90.938797 0.308499992
179.569504 -90.9513016 1.39100003
179.565598 -90.7610016 0.491400003
179.563705 -90.7570038 1.53709996
179.583694 -90.4546967 0.987800002
179.545593 -90.300499 0.346300006
179.591904 -90.2349014 1.07710004
179.594604 -90.042099 0.54430002
179.554398 -90.1004028 0.716099977
179.5849 -90.1619034 1.51129997
179.567703 -89.9866028 0.0776999965
179.547501 -89.7914963 0.940199971
179.530197 -89.4487 0.0233999994
179.554504 -89.5183029 1.03509998
179.598907 -89.4373016 1.59360003
179.583496 -89.2940979 0.198899999
179.588196 -89.2003021 0.284399986
179.569504 -89.3366013 0.607500017
179.569901 -89.2796021 1.32840002
179.583206 -88.9553986 0.36649999
179.564804 -88.9163971 0.533800006
179.559601 -88.832901 1.0029
179.552902 -88.5491028 0.0443000011
179.594406 -88.2695007 0.780099988
179.589905 -88.3554993 1.18120003
179.530502 -88.3323975 1.38429999
179.593201 -88.379303 1.43949997
179.599106 -87.6231003 0.527700007
179.592255 -87.6538544 0.929849982
179.591599 -87.5406036 0.452300012
179.546005 -87.4285965 0.665899992
179.585007 -87.4794006 1.36029994
179.589005 -87.379097 1.14549994
179.599792 -87.2881012 1.39160001
179.584 -87.3740997 1.90190005
179.586197 -87.0774994 0.1237
179.594498 -86.7268982 -0.218899995
179.578796 -86.6411972 0.134900004
179.5616 -86.6067963 1.15569997
179.585205 -86.4598007 0.165700004
179.583603 -86.0830994 0.770699978
179.597702 -85.7377014 0.0612999983
179.576904 -85.5755005 0.1646
179.584503 -85.4969025 0.539300025
179.584 -85.009903 1.48950005
179.599701 -84.9400024 0.220200002
179.574402 -84.4531021 1.38429999
179.599197 -84.0561981 1.5898
179.595093 -83.3768005 1.80920005
179.580002 -82.944397 0.50880003
179.551498 -81.9132004 0.767499983
179.537201 -81.7301025 1.88380003
179.571198 -81.6545029 8.43659973
179.594604 -81.3656998 0.735899985
179.598907 -81.3212967 1.59710002
179.4608 -80.2454987 3.35829997
179.476196 -80.1355972 3.25379992
179.646393 -99.8879013 0.00329999998
179.601898 -99.8640442 0.306349993
179.621994 -99.9078979 0.628000021
179.691696 -99.9098969 0.874300003
179.601898 -99.8748016 1.10860002
179.6138 -99.8665466 1.23425007
179.648499 -99.8211975 1.53620005
179.677094 -99.8841019 1.80050004
179.615295 -99.739502 0.371399999
179.714401 -99.6285019 0.634000003
179.616241 -99.6744537 0.902249992
179.622452 -99.7723007 1.12360001
179.639099 -99.6810989 1.2888
179.611206 -99.7254028 1.49080002
179.626205 -99.7075958 1.72634995
179.683899 -99.6506042 1.92495
179.638199 -99.7914963 2.18219995
179.617249 -99.4991455 0.329750001
179.626907 -99.4516983 0.927699983
179.628204 -99.5456009 1.36549997
179.632401 -99.5781021 1.45089996
179.610657 -99.4633484 1.68175006
179.642532 -99.5513687 1.89693332
179.667999 -99.5911026 2.01950002
179.694199 -99.3760986 0.0159000009
179.632401 -99.2126007 0.386099994
179.614349 -99.3315506 0.945749998
179.641693 -99.316803 1.19889998
179.60849 -99.2797546 1.30544996
179.622375 -99.3354797 1.66799998
179.792206 -99.2945023 2.20740008
179.649307 -99.1219025 0.0307
179.666397 -99.0708008 0.397799999
179.625198 -99.0357971 0.462000012
179.602493 -99.1753006 0.783500016
179.626633 -99.0914612 1.09645998
179.605896 -99.1473999 1.29260004
179.603302 -99.0334015 1.41939998
179.656403 -99.0474014 1.71809995
179.722107 -99.1518021 1.90970004
179.762909 -99.1710968 2.27675009
179.607605 -98.8935013 0.158099994
179.619904 -98.8591995 0.905799985
179.627655 -98.8961792 1.10619998
179.629974 -98.8935242 1.47282505
179.613495 -98.8321991 1.78190005
179.683807 -98.9541016 2.09089994
179.62532 -98.7011566 0.311019987
179.630203 -98.6280975 0.441300005
179.662003 -98.6721039 0.680850029
179.639496 -98.7739029 0.956700027
179.620499 -98.7416534 1.57299995
179.759399 -98.7410965 2.37730002
179.716507 -98.5024033 -0.0854000002
179.62114 -98.4656677 0.0887000039
179.605896 -98.5374985 0.386299998
179.642899 -98.4028015 0.456499994
179.603897 -98.5867004 0.739400029
179.635651 -98.5233459 0.955500007
179.6138 -98.5516968 1.3053
179.62233 -98.4651031 1.70829999
179.667542 -98.4744492 1.83235002
179.675797 -98.2265015 -0.212200001
179.621597 -98.3067017 0.0535999984
179.643295 -98.3823013 0.217199996
179.629852 -98.2898483 0.908800006
179.622803 -98.2382965 1.38230002
179.621597 -98.3262024 1.41410005
179.662949 -98.3004456 1.92499995
179.623596 -98.0301971 -0.0223999992
179.697098 -98.0344009 0.695500016
179.618393 -98.0585022 1.33860004
179.646606 -98.082901 1.65830004
179.629196 -98.1006012 1.86029994
179.692993 -97.947403 -0.102149993
179.618011 -97.9187012 0.372349977
179.627304 -97.8856964 0.718100011
179.612152 -97.9212036 1.09955001
179.641754 -97.9421997 1.29449999
179.639297 -97.857399 1.45469999
179.66095 -97.8656464 1.78184998
179.619202 -97.8282013 1.88160002
179.709702 -97.7229996 -0.261399984
179.649994 -97.7993011 0.0874999985
179.600403 -97.6110992 0.258899987
179.6073 -97.6492004 0.449299991
179.626404 -97.7200699 0.691699982
179.672394 -97.7301025 0.980300009
179.623093 -97.6501999 1.13110006
179.608627 -97.7129974 1.32659996
179.659195 -97.7017975 1.48764992
179.678497 -97.7037964 1.85360003
179.734802 -97.7767029 2.06750011
179.651764 -97.5259552 -0.0546499975
179.660599 -97.547348 0.0816000029
179.614304 -97.5831985 0.311399996
179.654831 -97.5374298 0.877174973
179.622894 -97.5005035 1.2076
179.613205 -97.4216003 1.46019995
179.688049 -97.4633026 1.76235008
179.693497 -97.5126038 1.91840005
179.783096 -97.5196991 2.07150006
179.622803 -97.3878021 0.240799993
179.643997 -97.3376617 0.727166653
179.621002 -97.3541031 0.984700024
179.643997 -97.2834015 1.12363327
179.613998 -97.2898026 1.33969998
179.642303 -97.2547989 1.43990004
179.622955 -97.3272018 1.66799998
179.675995 -97.2208023 2.31110001
179.631851 -97.1112976 -0.0708499998
179.662292 -97.0808029 0.0713
179.636841 -97.0703506 0.287349999
179.669296 -97.0996017 0.424600005
179.64827 -97.1359024 0.743350029
179.655762 -97.1266708 0.905400038
179.614288 -97.0979004 1.11899996
179.637756 -97.0647354 1.33136666
179.62236 -97.066864 1.73119998
179.678299 -96.9644012 -0.0800999999
179.659698 -96.8579025 0.228699997
179.62735 -96.9116058 0.431200027
179.639008 -96.9309998 0.632799983
179.619995 -96.903801 1.17200005
179.622498 -96.9502029 1.21300006
179.672699 -96.9427643 1.47923338
179.647156 -96.8447495 1.84085
179.678497 -96.6495972 0.0197999999
179.638596 -96.6684036 0.704100013
179.646301 -96.6182022 0.861100018
179.608307 -96.6958008 1.09649992
179.609802 -96.6288986 1.28579998
179.62381 -96.750946 1.48635006
179.645203 -96.7044678 1.70146668
179.711655 -96.6854553 1.86080003
179.616943 -96.4629974 0.718000054
179.662598 -96.4063034 1.02740002
179.769699 -96.5821991 1.77100003
179.608597 -96.5703964 2.21359992
179.645493 -96.3515015 -0.243300006
179.631805 -96.2100983 -0.195099995
179.616699 -96.3789978 0.265100002
179.612701 -96.2472992 0.716700017
179.632904 -96.3701706 1.09659994
179.632599 -96.2582321 1.29449999
179.653122 -96.3193512 1.54447508
179.633301 -96.1296005 0.088866666
179.671906 -96.1014023 0.293500006
179.627396 -96.1654968 0.707000017
179.662399 -96.1772003 0.86559999
179.639893 -96.0985489 1.22414994
179.628448 -96.1161194 1.48705006
179.780899 -96.1850967 1.98720002
179.670395 -96.0661011 2.25390005
179.664902 -95.980896 -0.0737000033
179.644104 -95.9119034 0.305700004
179.615707 -95.9120026 0.457199991
179.696594 -95.9698486 0.673900008
179.647293 -95.9020996 0.889599979
179.642502 -95.8267975 1.16789997
179.607498 -95.9077988 1.29110003
179.643494 -95.8003006 1.57060003
179.623703 -95.9750977 1.75320005
179.744705 -95.9757004 2.34439993
179.6577 -95.7126007 -0.237299994
179.692505 -95.7520981 0.372900009
179.6436 -95.7480011 0.693400025
179.62767 -95.7529984 1.13209999
179.6008 -95.7794037 1.27219999
179.65773 -95.7021027 1.54763329
179.673798 -95.4589996 0.364300013
179.626602 -95.5839996 0.641799986
179.611801 -95.5064011 0.939300001
179.665558 -95.4601517 1.21224999
179.690704 -95.4805984 1.56309998
179.677338 -95.4830475 1.66229999
179.735001 -95.2443008 0.286199987
179.662003 -95.2959976 1.13820004
179.634705 -95.305397 1.26129997
179.624802 -95.2359009 1.45360005
179.620895 -95.2817001 1.76110005
179.638 -95.1049042 -0.0656500012
179.626801 -95.1530991 0.665400028
179.626007 -95.100647 0.885900021
179.643097 -95.0854034 1.14590001
179.674194 -95.0567017 1.29180002
179.678787 -95.1386566 1.73604
179.679901 -94.8823013 -0.0333000012
179.635498 -94.9602966 0.272100002
179.646759 -94.9257965 0.92930001
179.652649 -94.8668976 1.09929991
179.636002 -94.8844376 1.47953331
179.661194 -94.8365021 1.6573
179.662201 -94.805397 1.86370003
179.626495 -94.6597977 -0.1928
179.683899 -94.7434998 0.00700000022
179.657135 -94.7028656 0.330066651
179.653992 -94.6771545 0.69630003
179.636093 -94.7248001 0.959200025
179.691193 -94.608902 1.17299998
179.635605 -94.6141968 1.31719995
179.637726 -94.7088318 1.49370003
179.655304 -94.6959991 1.69319999
179.618607 -94.5824966 -0.187999994
179.644501 -94.419899 0.30340001
179.621902 -94.5684967 0.77609998
179.708298 -94.4160004 0.879000008
179.679352 -94.45755 1.38034999
179.626907 -94.4835968 1.42900002
179.705399 -94.5227966 1.69430006
179.64679 -94.2771454 -0.0645000041
179.641403 -94.2669983 0.00730000017
179.631943 -94.3254318 0.478666693
179.64566 -94.3771515 0.933650017
179.702896 -94.2416 1.046
179.632507 -94.3484039 1.54680002
179.6931 -94.3696976 1.65359998
179.681305 -94.1288986 -0.148900002
179.667007 -94.1906967 0.110600002
179.738098 -94.1378021 0.217600003
179.684097 -94.1082993 0.62470001
179.677429 -94.0614243 0.857900023
179.644852 -94.0926514 1.15034997
179.643188 -94.0790558 1.25129998
179.644333 -94.0820694 1.52863336
179.724854 -94.0939026 1.72475004
179.711395 -94.0619965 1.83809996
179.639999 -93.9731979 -0.404599994
179.674194 -93.9671021 -0.218799993
179.6716 -93.9033966 -0.1109
179.646606 -93.9192963 0.0632999986
179.633606 -93.9164963 0.338
179.641144 -93.9006653 0.505733371
179.646698 -93.9347992 0.704200029
179.645706 -93.9455032 0.83950001
179.643799 -93.9257965 1.00549996
179.642227 -93.919632 1.32553339
179.643707 -93.8741379 1.50199997
179.7397 -93.7886963 0.0966999978
179.645096 -93.6827011 0.368900001
179.637604 -93.7318497 0.861600041
179.709305 -93.626297 1.0654
179.628342 -93.7335358 1.3185333
179.652298 -93.6960449 1.49410009
179.641602 -93.6240005 1.62329996
179.647003 -93.5614471 -0.0742999986
179.642807 -93.5228958 0.127700001
179.657806 -93.5177994 0.461700022
179.627838 -93.4535065 0.690599978
179.614899 -93.5884018 0.823800027
179.618454 -93.4736023 1.05340004
179.647797 -93.4514999 1.22520006
179.64534 -93.4999695 1.49650002
179.623093 -93.5187988 1.92610002
179.665894 -93.2865982 0.57190001
179.6371 -93.3031998 1.51619995
179.666107 -93.2366028 1.68779993
179.712601 -93.0074997 -0.156800002
179.7034 -93.1138992 0.331200004
179.616898 -93.1320038 0.600099981
179.644806 -93.0948029 0.848200023
179.602097 -93.1765976 1.11909997
179.62619 -93.1183014 1.33756661
179.648697 -93.1865997 1.4102
179.718506 -93.155899 1.79419994
179.643494 -93.1197968 1.80449998
179.653503 -92.8342972 0.122199997
179.606293 -92.9555969 0.446399987
179.636002 -92.9450989 0.693099976
179.667053 -92.9971008 0.868999958
179.654007 -92.8862991 1.12870002
179.627167 -92.8601685 1.35870004
179.662003 -92.8665466 1.551
179.681107 -92.924202 1.66069996
179.621796 -92.9335022 1.94500005
179.673401 -92.6212463 0.273649991
179.602798 -92.6818008 0.543799996
179.693298 -92.7758026 0.70660001
179.639603 -92.710701 0.913999975
179.654297 -92.7444992 1.17919993
179.654007 -92.7014999 1.36109996
179.711304 -92.6938477 1.47320008
179.641693 -92.7223969 1.72640002
179.652405 -92.7117996 1.95159996
179.612198 -92.4746017 0.517099977
179.640701 -92.4819031 0.989499986
179.664734 -92.4691315 1.12863326
179.654846 -92.4856491 1.27775002
179.607803 -92.5807037 1.52289999
179.656998 -92.4179001 1.68630004
179.722244 -92.3286514 -0.0936499983
179.625504 -92.2263031 0.347499996
179.661697 -92.239502 0.688000023
179.659302 -92.3877029 0.862399995
179.628204 -92.2502975 1.171
179.602798 -92.3665009 1.54879999
179.688797 -92.1813965 -0.291099995
179.68924 -92.0388031 0.321233332
179.650497 -92.0734024 0.527899981
179.672897 -92.0746002 0.876699984
179.679504 -92.0182037 1.03910005
179.627899 -92.0992966 1.22959995
179.660095 -92.0873032 1.52929997
179.740295 -92.1330032 1.77269995
179.651855 -91.8766022 0.267450005
179.649597 -91.8665009 0.521799982
179.615601 -91.8254013 0.888400018
179.643036 -91.8340683 1.18069994
179.699905 -91.8755035 1.37779999
179.653107 -91.8495026 1.47235
179.670593 -91.9630966 1.70910001
179.648453 -91.6990051 -0.258650005
179.678802 -91.7881012 0.194700003
179.676193 -91.7397003 0.504800022
179.657959 -91.706604 0.689949989
179.640701 -91.7546997 0.928300023
179.617706 -91.7395477 1.74775004
179.609299 -91.5565033 0.492500007
179.668747 -91.5543518 0.699499965
179.626892 -91.4786987 1.26644993
179.673706 -91.5423965 1.46150005
179.696594 -91.5371017 1.63670003
179.659607 -91.271698 -0.313899994
179.749908 -91.2777481 -0.118700005
179.662598 -91.3951035 0.143700004
179.647797 -91.3986969 0.236499995
179.6371 -91.2151031 0.430400014
179.619995 -91.3326035 0.743399978
179.65979 -91.2593536 0.870400012
179.639771 -91.2588348 1.08879995
179.6996 -91.2025986 1.40129995
179.660843 -91.0998993 -0.108099997
179.676895 -91.1402969 0.0248000007
179.639099 -91.0279999 0.288599998
179.613007 -91.0491028 0.558700025
179.642639 -91.0195999 0.880100012
179.685196 -91.1432037 1.28649998
179.639404 -91.1320038 1.58700001
179.661407 -91.0199432 1.60685003
179.680801 -90.9519348 -0.110933334
179.664398 -90.8615341 0.49273333
179.640503 -90.950798 0.772700012
179.609695 -90.9299011 0.933099985
179.684723 -90.9153214 1.06920004
179.619598 -90.8333969 1.27559996
179.602097 -90.9007034 1.61670005
179.610397 -90.7612 -0.119000003
179.631439 -90.7411957 0.459800005
179.664398 -90.6412964 0.668299973
179.660568 -90.6919327 1.12940001
179.647705 -90.7414017 1.27839994
179.622101 -90.4288025 0.0926999971
179.669907 -90.5330963 0.40169999
179.650497 -90.4880066 0.74695003
179.669205 -90.5678024 0.832499981
179.670105 -90.5716019 1.13300002
179.658813 -90.5279541 1.41930008
179.642593 -90.3554993 0.0291000009
179.670746 -90.292099 0.242449999
179.616394 -90.2958984 0.514400005
179.640594 -90.305397 0.610899985
179.663406 -90.2303009 1.15330005
179.659103 -90.0618973 -0.241799995
179.722198 -90.0354004 -0.1197
179.665756 -90.0675507 0.868399978
179.675446 -90.108902 1.10564995
179.674194 -90.0027008 1.29289997
179.650864 -90.1551971 1.48523331
179.735992 -89.8234024 -0.202999994
179.613907 -89.9289017 0.315800011
179.684692 -89.9870987 0.693199992
179.667099 -89.8802032 0.999499977
179.712708 -89.9029007 1.15890002
179.635742 -89.8455963 1.33039999
179.711304 -89.9167023 1.72300005
179.706894 -89.8945007 1.89810002
179.604889 -89.7720032 0.0997000039
179.655594 -89.7826996 0.996999979
179.685638 -89.7431335 1.13673341
179.65593 -89.7054672 1.30943334
179.709564 -89.4685974 -0.0917000026
179.676407 -89.5635986 0.282599986
179.660004 -89.502449 0.737400055
179.688293 -89.526001 0.881900012
179.701508 -89.4658966 1.01380002
179.665466 -89.4748993 1.3478334
179.624893 -89.403801 1.48230004
179.625107 -89.5329971 1.66410005
179.709 -89.2759018 -0.326999992
179.761002 -89.2787018 -0.132599995
179.728699 -89.3419037 0.0949999988
179.634399 -89.3862 0.401800007
179.641907 -89.2272491 0.645200014
179.661499 -89.3757019 0.895200014
179.631256 -89.3390045 1.07949996
179.631805 -89.2060013 1.35399997
179.696899 -89.3503036 1.44389999
179.685898 -89.1044998 0.344000012
179.708099 -89.0976028 0.84890002
179.613403 -89.1986008 1.13940001
179.691299 -89.1019974 1.43659997
179.736603 -88.8420029 -0.239899993
179.7117 -88.8419952 0.176799998
179.625397 -88.8453979 0.582700014
179.722198 -88.8213501 0.833799958
179.6026 -88.8394012 1.17410004
179.685547 -88.8460999 1.26574993
179.712006 -88.6024017 -0.328700006
179.618896 -88.6107025 0.168300003
179.627625 -88.7409515 0.68689996
179.643799 -88.6487503 0.85529995
179.660233 -88.7032013 1.07666671
179.662338 -88.6465683 1.35553336
179.611206 -88.7619019 1.43379998
179.659103 -88.6773987 1.77240002
179.735397 -88.4962006 -0.206799999
179.634399 -88.4262009 -0.183200002
179.722504 -88.4576569 0.155599996
179.652496 -88.5728989 0.304450005
179.646393 -88.4516983 0.7324
179.637299 -88.5122986 0.866999984
179.642426 -88.488266 1.10066664
179.607498 -88.5028992 1.36304998
179.62149 -88.4357452 1.47165
179.756699 -88.5121002 1.67470002
179.633408 -88.4744034 1.85020006
179.673798 -88.3883972 -0.235100001
179.701294 -88.237648 0.167549998
179.782104 -88.219101 0.247700006
179.605698 -88.2593002 0.4472
179.688049 -88.3114014 0.753899992
179.664001 -88.3237 0.917649984
179.687805 -88.2078018 1.0158
179.676895 -88.3516006 1.44599998
179.638702 -88.0530548 -0.307449996
179.631714 -88.0763016 0.284299999
179.645203 -88.0960999 0.595600009
179.645004 -88.1296997 0.868799984
179.662598 -88.1288986 1.17900002
179.751907 -88.094101 1.30939996
179.652847 -88.0936508 1.54764998
179.635101 -87.8332977 -0.156900004
179.652802 -87.9718018 0.550100029
179.648895 -87.9282532 0.664499998
179.655396 -87.9692993 0.921999991
179.664093 -87.8308029 1.15180004
179.663498 -87.8367004 1.23650002
179.665894 -87.8340988 1.43009996
179.683502 -87.6110992 -0.112899996
179.629898 -87.6947021 0.187999994
179.713394 -87.7445984 0.367799997
179.638306 -87.7477036 0.808700025
179.761795 -87.7064972 1.04489994
179.687332 -87.6931992 1.45420003
179.607697 -87.5459976 -0.0322999991
179.607193 -87.4487991 0.286500007
179.615295 -87.5423965 0.812399983
179.602798 -87.4666977 1.11409998
179.693924 -87.5087357 1.3623333
179.626694 -87.4196014 1.57340002
179.614594 -87.4955978 1.61479998
179.656693 -87.264801 -0.210500002
179.617401 -87.3932037 -0.176899999
179.664001 -87.2684479 0.344249994
179.638336 -87.3481979 0.546750009
179.678635 -87.3137283 0.750500023
179.702911 -87.3169479 0.92869997
179.658295 -87.3777008 1.34850001
179.715851 -87.1085052 0.513450027
179.697006 -87.1130524 0.68779999
179.665695 -87.1008987 1.0783
179.675293 -87.0757675 1.29869998
179.699463 -87.0868988 1.53579998
179.766693 -86.9280014 -0.362800002
179.612 -86.8572998 0.177499995
179.689194 -86.8725967 0.262600005
179.695099 -86.9408035 0.984499991
179.679962 -86.9640961 1.0539
179.701599 -86.9159012 1.45994997
179.775696 -86.6677017 0.0107000005
179.697662 -86.7136307 0.717199981
179.749237 -86.7149048 1.32544994
179.685837 -86.7005997 1.52540004
179.669693 -86.4735031 -0.461800009
179.705093 -86.4209976 0.342200011
179.667572 -86.5082245 0.484025002
179.722107 -86.4721985 0.72240001
179.716751 -86.5038986 1.07809997
179.650803 -86.5286026 1.36189997
179.758408 -86.3234024 -0.0741000026
179.652695 -86.3095016 0.169799998
179.702499 -86.323349 0.504400015
179.643707 -86.3925018 0.732299984
179.642105 -86.2070007 0.921800017
179.682953 -86.2835999 1.08605003
179.736938 -86.2862015 1.3665334
179.644608 -86.3516006 1.5194
179.645004 -86.1283035 0.183400005
179.631607 -86.0550003 0.478199989
179.720795 -86.0652466 1.12884998
179.712204 -86.1328964 1.28690004
179.625397 -85.8317032 0.112599999
179.719299 -85.969101 0.537599981
179.6306 -85.8611984 0.615499973
179.69281 -85.8301544 0.934800029
179.740601 -85.9884033 1.14069998
179.646408 -85.8743744 1.28312492
179.729202 -85.8350983 1.67079997
179.698151 -85.6968536 -0.128350005
179.720795 -85.7498016 0.00449999981
179.656677 -85.7204361 1.08646667
179.665298 -85.6897964 1.28120005
179.631195 -85.634697 1.48090005
179.6922 -85.5746002 -0.159400001
179.652695 -85.5715027 0.162499994
179.667206 -85.5822983 0.788699985
179.67514 -85.5115051 1.02205002
179.655701 -85.4664001 1.26890004
179.701355 -85.4679565 1.45504999
179.747604 -85.2108002 -0.830500007
179.656799 -85.2317963 -0.201499999
179.651398 -85.271698 0.0653000027
179.668091 -85.3292999 0.6778
179.699341 -85.2514496 0.848350048
179.669998 -85.3415985 1.079
179.625397 -85.2527008 1.20459998
179.706604 -85.2724991 1.59319997
179.633896 -85.3345032 1.78299999
179.636154 -85.1379471 0.863650024
179.692398 -85.1006012 1.15740001
179.683044 -85.1914978 1.31494999
179.795593 -85.006897 1.41509998
179.761505 -84.9268036 0.8574
179.692078 -84.8646011 1.27775002
179.683411 -84.7074509 0.913650036
179.664047 -84.7190018 1.10364997
179.608795 -84.4685974 1.19770002
179.6194 -84.5636978 1.49479997
179.773895 -84.2977982 0.1708
179.6987 -84.2210007 1.08469999
179.736206 -84.125 0.770099998
179.7453 -84.104599 1.19809997
179.773407 -83.8473969 0.782599986
179.707596 -83.843399 0.90140003
179.674103 -83.9326019 1.17470002
179.679306 -83.9093018 1.39639997
179.682297 -83.8623962 1.45510006
179.716995 -83.6960983 -0.111900002
179.656693 -83.7148972 0.591899991
179.652206 -83.7490005 0.772000015
179.664795 -83.7124023 1.12469995
179.695343 -83.6331482 1.26819992
179.633606 -83.5030975 -0.215100005
179.747696 -83.5952988 -0.0883999988
179.719543 -83.4934006 1.2888
179.643295 -83.3192978 0.549099982
179.681351 -83.3264465 0.930150032
179.656708 -83.0764999 0.543849945
179.708603 -83.1747971 0.662999988
179.638397 -83.1802979 0.972100019
179.677734 -83.0536346 1.08586669
179.623199 -83.1176987 1.23989999
179.660507 -83.1429977 1.70340002
179.678101 -82.9309006 0.482349992
179.656799 -82.8340988 1.31529999
179.640106 -82.7850037 0.326700002
179.678864 -82.7358017 0.509933352
179.707794 -82.7255478 0.724900007
179.7043 -82.6713028 0.942700028
179.635651 -82.6983032 1.13744998
179.654999 -82.6971436 1.35415006
179.639008 -82.485199 0.165199995
179.682495 -82.5697021 0.457599998
179.628799 -82.5958023 0.949800014
179.704193 -82.4067993 1.17480004
179.629593 -82.4833984 1.30340004
179.666794 -82.3955002 0.315400004
179.662415 -82.3718491 0.886649966
179.699493 -82.3123016 1.09309995
179.615799 -82.0884018 0.370999992
179.730606 -82.1463013 0.920400023
179.741196 -81.8050003 0.501999974
179.692871 -81.9209671 1.09176672
179.628799 -81.8730011 1.43159997
179.7155 -81.7105026 0.913299978
179.689301 -81.6427994 1.18570006
179.710403 -81.7151031 1.36160004
179.697906 -81.5381012 0.398499995
179.620499 -81.478302 0.690599978
179.689407 -81.5173035 1.10590005
179.600006 -81.4001999 1.24849999
179.606995 -81.303299 20.2082005
179.679398 -81.0082016 1.23969996
179.731705 -80.8684998 0.0208000001
179.633698 -80.9898987 0.955500007
179.626495 -80.9103012 1.38189995
179.795807 -80.8943024 20.9235992
179.672897 -80.7813034 0.68900001
179.743393 -80.4383011 0.746399999
179.601303 -80.4756012 0.888400018
179.6996 -80.292099 1.15279996
179.752594 -80.2629013 1.25880003
179.731201 -80.2360992 19.8402996
179.718094 -80.0871964 0.53579998
179.666306 -80.0621033 1.29149997
179.843201 -99.7919006 2.01869988
179.8116 -97.3989029 1.98769999
179.800095 -93.3727036 2.03740001
179.833405 -85.9906998 1.32050002
179.845398 -85.0507965 -0.0692000017
179.801407 -84.8637009 1.19640005
179.820297 -84.0826035 0.557299972
179.868195 -83.6727982 1.36430001
179.985306 -83.3895035 10.2131996
179.891602 -82.9841995 13.8979998
179.858093 -81.7349014 7.96369982
179.8125 -81.3638 1.2148
179.996094 -80.2968979 6.12799978
179.807297 -80.0854034 0.949500024
