[rosmaster.main][INFO] 2023-11-01 20:44:35,426: initialization complete, waiting for shutdown
[rosmaster.main][INFO] 2023-11-01 20:44:35,426: Starting ROS Master Node
[xmlrpc][INFO] 2023-11-01 20:44:35,427: XML-RPC server binding to 0.0.0.0:11311
[xmlrpc][INFO] 2023-11-01 20:44:35,428: Started XML-RPC server [http://ubuntu:11311/]
[rosmaster.master][INFO] 2023-11-01 20:44:35,428: Master initialized: port[11311], uri[http://ubuntu:11311/]
[xmlrpc][INFO] 2023-11-01 20:44:35,428: xml rpc node: starting XML-RPC server
[rosmaster.master][INFO] 2023-11-01 20:44:35,536: +PARAM [/run_id] by /roslaunch
[rosmaster.master][INFO] 2023-11-01 20:44:35,537: +PARAM [/roslaunch/uris/host_ubuntu__36269] by /roslaunch
[rosmaster.master][INFO] 2023-11-01 20:44:35,660: +PARAM [/rosversion] by /roslaunch
[rosmaster.master][INFO] 2023-11-01 20:44:35,661: +PARAM [/rosdistro] by /roslaunch
[rosmaster.master][INFO] 2023-11-01 20:44:35,706: +SERVICE [/rosout/get_loggers] /rosout http://ubuntu:42563/
[rosmaster.master][INFO] 2023-11-01 20:44:35,706: +SERVICE [/rosout/set_logger_level] /rosout http://ubuntu:42563/
[rosmaster.master][INFO] 2023-11-01 20:44:35,707: +PUB [/rosout_agg] /rosout http://ubuntu:42563/
[rosmaster.master][INFO] 2023-11-01 20:44:35,710: +SUB [/rosout] /rosout http://ubuntu:42563/
[rosmaster.master][INFO] 2023-11-01 20:44:52,660: +PARAM [/roslaunch/uris/host_ubuntu__37689] by /roslaunch
[rosmaster.master][INFO] 2023-11-01 20:44:52,668: +PARAM [/rosversion] by /roslaunch
[rosmaster.master][INFO] 2023-11-01 20:44:52,668: +PARAM [/rosdistro] by /roslaunch
[rosmaster.master][INFO] 2023-11-01 20:44:52,668: +PARAM [/camera/realsense2_camera/serial_no] by /roslaunch
[rosmaster.master][INFO] 2023-11-01 20:44:52,668: +PARAM [/camera/realsense2_camera/usb_port_id] by /roslaunch
[rosmaster.master][INFO] 2023-11-01 20:44:52,669: +PARAM [/camera/realsense2_camera/device_type] by /roslaunch
[rosmaster.master][INFO] 2023-11-01 20:44:52,669: +PARAM [/camera/realsense2_camera/json_file_path] by /roslaunch
[rosmaster.master][INFO] 2023-11-01 20:44:52,669: +PARAM [/camera/realsense2_camera/rosbag_filename] by /roslaunch
[rosmaster.master][INFO] 2023-11-01 20:44:52,669: +PARAM [/camera/realsense2_camera/enable_pointcloud] by /roslaunch
[rosmaster.master][INFO] 2023-11-01 20:44:52,669: +PARAM [/camera/realsense2_camera/pointcloud_texture_stream] by /roslaunch
[rosmaster.master][INFO] 2023-11-01 20:44:52,669: +PARAM [/camera/realsense2_camera/pointcloud_texture_index] by /roslaunch
[rosmaster.master][INFO] 2023-11-01 20:44:52,669: +PARAM [/camera/realsense2_camera/allow_no_texture_points] by /roslaunch
[rosmaster.master][INFO] 2023-11-01 20:44:52,670: +PARAM [/camera/realsense2_camera/ordered_pc] by /roslaunch
[rosmaster.master][INFO] 2023-11-01 20:44:52,670: +PARAM [/camera/realsense2_camera/enable_sync] by /roslaunch
[rosmaster.master][INFO] 2023-11-01 20:44:52,670: +PARAM [/camera/realsense2_camera/align_depth] by /roslaunch
[rosmaster.master][INFO] 2023-11-01 20:44:52,670: +PARAM [/camera/realsense2_camera/fisheye_width] by /roslaunch
[rosmaster.master][INFO] 2023-11-01 20:44:52,670: +PARAM [/camera/realsense2_camera/fisheye_height] by /roslaunch
[rosmaster.master][INFO] 2023-11-01 20:44:52,670: +PARAM [/camera/realsense2_camera/enable_fisheye] by /roslaunch
[rosmaster.master][INFO] 2023-11-01 20:44:52,670: +PARAM [/camera/realsense2_camera/enable_fisheye1] by /roslaunch
[rosmaster.master][INFO] 2023-11-01 20:44:52,670: +PARAM [/camera/realsense2_camera/enable_fisheye2] by /roslaunch
[rosmaster.master][INFO] 2023-11-01 20:44:52,671: +PARAM [/camera/realsense2_camera/depth_width] by /roslaunch
[rosmaster.master][INFO] 2023-11-01 20:44:52,671: +PARAM [/camera/realsense2_camera/depth_height] by /roslaunch
[rosmaster.master][INFO] 2023-11-01 20:44:52,671: +PARAM [/camera/realsense2_camera/enable_depth] by /roslaunch
[rosmaster.master][INFO] 2023-11-01 20:44:52,671: +PARAM [/camera/realsense2_camera/confidence_width] by /roslaunch
[rosmaster.master][INFO] 2023-11-01 20:44:52,671: +PARAM [/camera/realsense2_camera/confidence_height] by /roslaunch
[rosmaster.master][INFO] 2023-11-01 20:44:52,671: +PARAM [/camera/realsense2_camera/enable_confidence] by /roslaunch
[rosmaster.master][INFO] 2023-11-01 20:44:52,672: +PARAM [/camera/realsense2_camera/confidence_fps] by /roslaunch
[rosmaster.master][INFO] 2023-11-01 20:44:52,672: +PARAM [/camera/realsense2_camera/color_width] by /roslaunch
[rosmaster.master][INFO] 2023-11-01 20:44:52,672: +PARAM [/camera/realsense2_camera/color_height] by /roslaunch
[rosmaster.master][INFO] 2023-11-01 20:44:52,672: +PARAM [/camera/realsense2_camera/enable_color] by /roslaunch
[rosmaster.master][INFO] 2023-11-01 20:44:52,672: +PARAM [/camera/realsense2_camera/infra_width] by /roslaunch
[rosmaster.master][INFO] 2023-11-01 20:44:52,672: +PARAM [/camera/realsense2_camera/infra_height] by /roslaunch
[rosmaster.master][INFO] 2023-11-01 20:44:52,672: +PARAM [/camera/realsense2_camera/enable_infra] by /roslaunch
[rosmaster.master][INFO] 2023-11-01 20:44:52,672: +PARAM [/camera/realsense2_camera/enable_infra1] by /roslaunch
[rosmaster.master][INFO] 2023-11-01 20:44:52,673: +PARAM [/camera/realsense2_camera/enable_infra2] by /roslaunch
[rosmaster.master][INFO] 2023-11-01 20:44:52,673: +PARAM [/camera/realsense2_camera/infra_rgb] by /roslaunch
[rosmaster.master][INFO] 2023-11-01 20:44:52,673: +PARAM [/camera/realsense2_camera/fisheye_fps] by /roslaunch
[rosmaster.master][INFO] 2023-11-01 20:44:52,673: +PARAM [/camera/realsense2_camera/depth_fps] by /roslaunch
[rosmaster.master][INFO] 2023-11-01 20:44:52,673: +PARAM [/camera/realsense2_camera/infra_fps] by /roslaunch
[rosmaster.master][INFO] 2023-11-01 20:44:52,673: +PARAM [/camera/realsense2_camera/color_fps] by /roslaunch
[rosmaster.master][INFO] 2023-11-01 20:44:52,674: +PARAM [/camera/realsense2_camera/gyro_fps] by /roslaunch
[rosmaster.master][INFO] 2023-11-01 20:44:52,674: +PARAM [/camera/realsense2_camera/accel_fps] by /roslaunch
[rosmaster.master][INFO] 2023-11-01 20:44:52,674: +PARAM [/camera/realsense2_camera/enable_gyro] by /roslaunch
[rosmaster.master][INFO] 2023-11-01 20:44:52,674: +PARAM [/camera/realsense2_camera/enable_accel] by /roslaunch
[rosmaster.master][INFO] 2023-11-01 20:44:52,674: +PARAM [/camera/realsense2_camera/enable_pose] by /roslaunch
[rosmaster.master][INFO] 2023-11-01 20:44:52,674: +PARAM [/camera/realsense2_camera/base_frame_id] by /roslaunch
[rosmaster.master][INFO] 2023-11-01 20:44:52,674: +PARAM [/camera/realsense2_camera/depth_frame_id] by /roslaunch
[rosmaster.master][INFO] 2023-11-01 20:44:52,674: +PARAM [/camera/realsense2_camera/infra1_frame_id] by /roslaunch
[rosmaster.master][INFO] 2023-11-01 20:44:52,675: +PARAM [/camera/realsense2_camera/infra2_frame_id] by /roslaunch
[rosmaster.master][INFO] 2023-11-01 20:44:52,675: +PARAM [/camera/realsense2_camera/color_frame_id] by /roslaunch
[rosmaster.master][INFO] 2023-11-01 20:44:52,675: +PARAM [/camera/realsense2_camera/fisheye_frame_id] by /roslaunch
[rosmaster.master][INFO] 2023-11-01 20:44:52,675: +PARAM [/camera/realsense2_camera/fisheye1_frame_id] by /roslaunch
[rosmaster.master][INFO] 2023-11-01 20:44:52,675: +PARAM [/camera/realsense2_camera/fisheye2_frame_id] by /roslaunch
[rosmaster.master][INFO] 2023-11-01 20:44:52,675: +PARAM [/camera/realsense2_camera/accel_frame_id] by /roslaunch
[rosmaster.master][INFO] 2023-11-01 20:44:52,675: +PARAM [/camera/realsense2_camera/gyro_frame_id] by /roslaunch
[rosmaster.master][INFO] 2023-11-01 20:44:52,675: +PARAM [/camera/realsense2_camera/pose_frame_id] by /roslaunch
[rosmaster.master][INFO] 2023-11-01 20:44:52,675: +PARAM [/camera/realsense2_camera/depth_optical_frame_id] by /roslaunch
[rosmaster.master][INFO] 2023-11-01 20:44:52,675: +PARAM [/camera/realsense2_camera/infra1_optical_frame_id] by /roslaunch
[rosmaster.master][INFO] 2023-11-01 20:44:52,676: +PARAM [/camera/realsense2_camera/infra2_optical_frame_id] by /roslaunch
[rosmaster.master][INFO] 2023-11-01 20:44:52,676: +PARAM [/camera/realsense2_camera/color_optical_frame_id] by /roslaunch
[rosmaster.master][INFO] 2023-11-01 20:44:52,676: +PARAM [/camera/realsense2_camera/fisheye_optical_frame_id] by /roslaunch
[rosmaster.master][INFO] 2023-11-01 20:44:52,676: +PARAM [/camera/realsense2_camera/fisheye1_optical_frame_id] by /roslaunch
[rosmaster.master][INFO] 2023-11-01 20:44:52,676: +PARAM [/camera/realsense2_camera/fisheye2_optical_frame_id] by /roslaunch
[rosmaster.master][INFO] 2023-11-01 20:44:52,676: +PARAM [/camera/realsense2_camera/accel_optical_frame_id] by /roslaunch
[rosmaster.master][INFO] 2023-11-01 20:44:52,676: +PARAM [/camera/realsense2_camera/gyro_optical_frame_id] by /roslaunch
[rosmaster.master][INFO] 2023-11-01 20:44:52,676: +PARAM [/camera/realsense2_camera/imu_optical_frame_id] by /roslaunch
[rosmaster.master][INFO] 2023-11-01 20:44:52,676: +PARAM [/camera/realsense2_camera/pose_optical_frame_id] by /roslaunch
[rosmaster.master][INFO] 2023-11-01 20:44:52,677: +PARAM [/camera/realsense2_camera/aligned_depth_to_color_frame_id] by /roslaunch
[rosmaster.master][INFO] 2023-11-01 20:44:52,677: +PARAM [/camera/realsense2_camera/aligned_depth_to_infra1_frame_id] by /roslaunch
[rosmaster.master][INFO] 2023-11-01 20:44:52,677: +PARAM [/camera/realsense2_camera/aligned_depth_to_infra2_frame_id] by /roslaunch
[rosmaster.master][INFO] 2023-11-01 20:44:52,677: +PARAM [/camera/realsense2_camera/aligned_depth_to_fisheye_frame_id] by /roslaunch
[rosmaster.master][INFO] 2023-11-01 20:44:52,677: +PARAM [/camera/realsense2_camera/aligned_depth_to_fisheye1_frame_id] by /roslaunch
[rosmaster.master][INFO] 2023-11-01 20:44:52,677: +PARAM [/camera/realsense2_camera/aligned_depth_to_fisheye2_frame_id] by /roslaunch
[rosmaster.master][INFO] 2023-11-01 20:44:52,677: +PARAM [/camera/realsense2_camera/publish_tf] by /roslaunch
[rosmaster.master][INFO] 2023-11-01 20:44:52,677: +PARAM [/camera/realsense2_camera/tf_publish_rate] by /roslaunch
[rosmaster.master][INFO] 2023-11-01 20:44:52,677: +PARAM [/camera/realsense2_camera/odom_frame_id] by /roslaunch
[rosmaster.master][INFO] 2023-11-01 20:44:52,677: +PARAM [/camera/realsense2_camera/topic_odom_in] by /roslaunch
[rosmaster.master][INFO] 2023-11-01 20:44:52,677: +PARAM [/camera/realsense2_camera/calib_odom_file] by /roslaunch
[rosmaster.master][INFO] 2023-11-01 20:44:52,678: +PARAM [/camera/realsense2_camera/publish_odom_tf] by /roslaunch
[rosmaster.master][INFO] 2023-11-01 20:44:52,678: +PARAM [/camera/realsense2_camera/stereo_module/exposure/1] by /roslaunch
[rosmaster.master][INFO] 2023-11-01 20:44:52,678: +PARAM [/camera/realsense2_camera/stereo_module/gain/1] by /roslaunch
[rosmaster.master][INFO] 2023-11-01 20:44:52,678: +PARAM [/camera/realsense2_camera/stereo_module/exposure/2] by /roslaunch
[rosmaster.master][INFO] 2023-11-01 20:44:52,678: +PARAM [/camera/realsense2_camera/stereo_module/gain/2] by /roslaunch
[rosmaster.master][INFO] 2023-11-01 20:44:52,678: +PARAM [/camera/realsense2_camera/filters] by /roslaunch
[rosmaster.master][INFO] 2023-11-01 20:44:52,678: +PARAM [/camera/realsense2_camera/clip_distance] by /roslaunch
[rosmaster.master][INFO] 2023-11-01 20:44:52,678: +PARAM [/camera/realsense2_camera/linear_accel_cov] by /roslaunch
[rosmaster.master][INFO] 2023-11-01 20:44:52,678: +PARAM [/camera/realsense2_camera/initial_reset] by /roslaunch
[rosmaster.master][INFO] 2023-11-01 20:44:52,678: +PARAM [/camera/realsense2_camera/reconnect_timeout] by /roslaunch
[rosmaster.master][INFO] 2023-11-01 20:44:52,678: +PARAM [/camera/realsense2_camera/wait_for_device_timeout] by /roslaunch
[rosmaster.master][INFO] 2023-11-01 20:44:52,679: +PARAM [/camera/realsense2_camera/unite_imu_method] by /roslaunch
[rosmaster.master][INFO] 2023-11-01 20:44:52,761: +PUB [/rosout] /camera/realsense2_camera http://ubuntu:44815/
[rosmaster.master][INFO] 2023-11-01 20:44:52,762: +SERVICE [/camera/realsense2_camera/get_loggers] /camera/realsense2_camera http://ubuntu:44815/
[rosmaster.master][INFO] 2023-11-01 20:44:52,763: +SERVICE [/camera/realsense2_camera/set_logger_level] /camera/realsense2_camera http://ubuntu:44815/
[rosmaster.master][INFO] 2023-11-01 20:44:52,764: +CACHEDPARAM [/rosout_disable_topics_generation] by /camera/realsense2_camera
[rosmaster.master][INFO] 2023-11-01 20:44:52,767: +PARAM [/camera/realsense2_camera] by /camera/realsense2_camera
[rosmaster.master][INFO] 2023-11-01 20:44:52,786: +PUB [/rosout] /camera/realsense2_camera_manager http://ubuntu:39827/
[rosmaster.master][INFO] 2023-11-01 20:44:52,787: +SERVICE [/camera/realsense2_camera_manager/get_loggers] /camera/realsense2_camera_manager http://ubuntu:39827/
[rosmaster.master][INFO] 2023-11-01 20:44:52,787: +SERVICE [/camera/realsense2_camera_manager/set_logger_level] /camera/realsense2_camera_manager http://ubuntu:39827/
[rosmaster.master][INFO] 2023-11-01 20:44:52,789: +CACHEDPARAM [/rosout_disable_topics_generation] by /camera/realsense2_camera_manager
[rosmaster.master][INFO] 2023-11-01 20:44:52,790: +SERVICE [/camera/realsense2_camera_manager/load_nodelet] /camera/realsense2_camera_manager http://ubuntu:39827/
[rosmaster.master][INFO] 2023-11-01 20:44:52,791: +SERVICE [/camera/realsense2_camera_manager/unload_nodelet] /camera/realsense2_camera_manager http://ubuntu:39827/
[rosmaster.master][INFO] 2023-11-01 20:44:52,791: +SERVICE [/camera/realsense2_camera_manager/list] /camera/realsense2_camera_manager http://ubuntu:39827/
[rosmaster.master][INFO] 2023-11-01 20:44:52,852: publisherUpdate[/rosout] -> http://ubuntu:42563/ ['http://ubuntu:44815/']
[rosmaster.master][INFO] 2023-11-01 20:44:52,857: publisherUpdate[/rosout] -> http://ubuntu:42563/ ['http://ubuntu:44815/']: sec=0.00, result=[1, '', 0]
[rosmaster.master][INFO] 2023-11-01 20:44:52,858: publisherUpdate[/rosout] -> http://ubuntu:42563/ ['http://ubuntu:44815/', 'http://ubuntu:39827/']
[rosmaster.master][INFO] 2023-11-01 20:44:52,858: publisherUpdate[/rosout] -> http://ubuntu:42563/ ['http://ubuntu:44815/', 'http://ubuntu:39827/']: sec=0.00, result=[1, '', 0]
[rosmaster.master][INFO] 2023-11-01 20:44:53,063: +CACHEDPARAM [/rosout/omit_topics] by /rosout
[rosmaster.master][INFO] 2023-11-01 20:44:53,064: +PUB [/camera/realsense2_camera_manager/bond] /camera/realsense2_camera_manager http://ubuntu:39827/
[rosmaster.master][INFO] 2023-11-01 20:44:53,067: +SUB [/camera/realsense2_camera_manager/bond] /camera/realsense2_camera_manager http://ubuntu:39827/
[rosmaster.master][INFO] 2023-11-01 20:44:53,076: +SERVICE [/camera/enable] /camera/realsense2_camera_manager http://ubuntu:39827/
[rosmaster.master][INFO] 2023-11-01 20:44:53,078: +SERVICE [/camera/realsense2_camera/reset] /camera/realsense2_camera_manager http://ubuntu:39827/
[rosmaster.master][INFO] 2023-11-01 20:44:53,163: +PUB [/camera/realsense2_camera_manager/bond] /camera/realsense2_camera http://ubuntu:44815/
[rosmaster.master][INFO] 2023-11-01 20:44:53,166: +SUB [/camera/realsense2_camera_manager/bond] /camera/realsense2_camera http://ubuntu:44815/
[rosmaster.master][INFO] 2023-11-01 20:44:53,254: publisherUpdate[/camera/realsense2_camera_manager/bond] -> http://ubuntu:39827/ ['http://ubuntu:39827/', 'http://ubuntu:44815/']
[rosmaster.master][INFO] 2023-11-01 20:44:53,259: publisherUpdate[/camera/realsense2_camera_manager/bond] -> http://ubuntu:39827/ ['http://ubuntu:39827/', 'http://ubuntu:44815/']: sec=0.00, result=[1, '', 0]
[rosmaster.master][INFO] 2023-11-01 20:44:53,326: +PUB [/tf_static] /camera/realsense2_camera_manager http://ubuntu:39827/
[rosmaster.master][INFO] 2023-11-01 20:44:53,328: +PUB [/tf] /camera/realsense2_camera_manager http://ubuntu:39827/
[rosmaster.master][INFO] 2023-11-01 20:44:56,781: +PUB [/camera/stereo_module/parameter_descriptions] /camera/realsense2_camera_manager http://ubuntu:39827/
[rosmaster.master][INFO] 2023-11-01 20:44:56,789: +PUB [/camera/stereo_module/parameter_updates] /camera/realsense2_camera_manager http://ubuntu:39827/
[rosmaster.master][INFO] 2023-11-01 20:44:56,790: +SERVICE [/camera/stereo_module/set_parameters] /camera/realsense2_camera_manager http://ubuntu:39827/
[rosmaster.master][INFO] 2023-11-01 20:44:58,355: +PUB [/camera/rgb_camera/parameter_descriptions] /camera/realsense2_camera_manager http://ubuntu:39827/
[rosmaster.master][INFO] 2023-11-01 20:44:58,356: +PUB [/camera/rgb_camera/parameter_updates] /camera/realsense2_camera_manager http://ubuntu:39827/
[rosmaster.master][INFO] 2023-11-01 20:44:58,357: +SERVICE [/camera/rgb_camera/set_parameters] /camera/realsense2_camera_manager http://ubuntu:39827/
[rosmaster.master][INFO] 2023-11-01 20:44:58,364: +PUB [/diagnostics] /camera/realsense2_camera_manager http://ubuntu:39827/
[rosmaster.master][INFO] 2023-11-01 20:44:58,365: +CACHEDPARAM [/camera/realsense2_camera_manager/diagnostic_period] by /camera/realsense2_camera_manager
[rosmaster.master][INFO] 2023-11-01 20:44:58,373: +PUB [/camera/depth/image_rect_raw/compressedDepth] /camera/realsense2_camera_manager http://ubuntu:39827/
[rosmaster.master][INFO] 2023-11-01 20:44:58,374: +SERVICE [/camera/depth/image_rect_raw/compressedDepth/set_parameters] /camera/realsense2_camera_manager http://ubuntu:39827/
[rosmaster.master][INFO] 2023-11-01 20:44:58,375: +PUB [/camera/depth/image_rect_raw/compressedDepth/parameter_descriptions] /camera/realsense2_camera_manager http://ubuntu:39827/
[rosmaster.master][INFO] 2023-11-01 20:44:58,376: +PUB [/camera/depth/image_rect_raw/compressedDepth/parameter_updates] /camera/realsense2_camera_manager http://ubuntu:39827/
[rosmaster.master][INFO] 2023-11-01 20:44:58,378: +PARAM [/camera/depth/image_rect_raw/compressedDepth/format] by /camera/realsense2_camera_manager
[rosmaster.master][INFO] 2023-11-01 20:44:58,379: +PARAM [/camera/depth/image_rect_raw/compressedDepth/depth_max] by /camera/realsense2_camera_manager
[rosmaster.master][INFO] 2023-11-01 20:44:58,379: +PARAM [/camera/depth/image_rect_raw/compressedDepth/depth_quantization] by /camera/realsense2_camera_manager
[rosmaster.master][INFO] 2023-11-01 20:44:58,380: +PARAM [/camera/depth/image_rect_raw/compressedDepth/png_level] by /camera/realsense2_camera_manager
[rosmaster.master][INFO] 2023-11-01 20:44:58,380: +PARAM [/camera/depth/image_rect_raw/compressedDepth/format] by /camera/realsense2_camera_manager
[rosmaster.master][INFO] 2023-11-01 20:44:58,381: +PARAM [/camera/depth/image_rect_raw/compressedDepth/depth_max] by /camera/realsense2_camera_manager
[rosmaster.master][INFO] 2023-11-01 20:44:58,383: +PARAM [/camera/depth/image_rect_raw/compressedDepth/depth_quantization] by /camera/realsense2_camera_manager
[rosmaster.master][INFO] 2023-11-01 20:44:58,384: +PARAM [/camera/depth/image_rect_raw/compressedDepth/png_level] by /camera/realsense2_camera_manager
[rosmaster.master][INFO] 2023-11-01 20:44:58,389: +PUB [/camera/depth/image_rect_raw/compressed] /camera/realsense2_camera_manager http://ubuntu:39827/
[rosmaster.master][INFO] 2023-11-01 20:44:58,391: +SERVICE [/camera/depth/image_rect_raw/compressed/set_parameters] /camera/realsense2_camera_manager http://ubuntu:39827/
[rosmaster.master][INFO] 2023-11-01 20:44:58,392: +PUB [/camera/depth/image_rect_raw/compressed/parameter_descriptions] /camera/realsense2_camera_manager http://ubuntu:39827/
[rosmaster.master][INFO] 2023-11-01 20:44:58,394: +PUB [/camera/depth/image_rect_raw/compressed/parameter_updates] /camera/realsense2_camera_manager http://ubuntu:39827/
[rosmaster.master][INFO] 2023-11-01 20:44:58,398: +PARAM [/camera/depth/image_rect_raw/compressed/format] by /camera/realsense2_camera_manager
[rosmaster.master][INFO] 2023-11-01 20:44:58,399: +PARAM [/camera/depth/image_rect_raw/compressed/jpeg_quality] by /camera/realsense2_camera_manager
[rosmaster.master][INFO] 2023-11-01 20:44:58,399: +PARAM [/camera/depth/image_rect_raw/compressed/jpeg_progressive] by /camera/realsense2_camera_manager
[rosmaster.master][INFO] 2023-11-01 20:44:58,400: +PARAM [/camera/depth/image_rect_raw/compressed/jpeg_optimize] by /camera/realsense2_camera_manager
[rosmaster.master][INFO] 2023-11-01 20:44:58,401: +PARAM [/camera/depth/image_rect_raw/compressed/jpeg_restart_interval] by /camera/realsense2_camera_manager
[rosmaster.master][INFO] 2023-11-01 20:44:58,401: +PARAM [/camera/depth/image_rect_raw/compressed/png_level] by /camera/realsense2_camera_manager
[rosmaster.master][INFO] 2023-11-01 20:44:58,408: +PARAM [/camera/depth/image_rect_raw/compressed/format] by /camera/realsense2_camera_manager
[rosmaster.master][INFO] 2023-11-01 20:44:58,409: +PARAM [/camera/depth/image_rect_raw/compressed/jpeg_quality] by /camera/realsense2_camera_manager
[rosmaster.master][INFO] 2023-11-01 20:44:58,410: +PARAM [/camera/depth/image_rect_raw/compressed/jpeg_progressive] by /camera/realsense2_camera_manager
[rosmaster.master][INFO] 2023-11-01 20:44:58,411: +PARAM [/camera/depth/image_rect_raw/compressed/jpeg_optimize] by /camera/realsense2_camera_manager
[rosmaster.master][INFO] 2023-11-01 20:44:58,412: +PARAM [/camera/depth/image_rect_raw/compressed/jpeg_restart_interval] by /camera/realsense2_camera_manager
[rosmaster.master][INFO] 2023-11-01 20:44:58,413: +PARAM [/camera/depth/image_rect_raw/compressed/png_level] by /camera/realsense2_camera_manager
[rosmaster.master][INFO] 2023-11-01 20:44:58,418: +PUB [/camera/depth/image_rect_raw] /camera/realsense2_camera_manager http://ubuntu:39827/
[rosmaster.master][INFO] 2023-11-01 20:44:58,448: +PUB [/camera/depth/image_rect_raw/theora] /camera/realsense2_camera_manager http://ubuntu:39827/
[rosmaster.master][INFO] 2023-11-01 20:44:58,452: +SERVICE [/camera/depth/image_rect_raw/theora/set_parameters] /camera/realsense2_camera_manager http://ubuntu:39827/
[rosmaster.master][INFO] 2023-11-01 20:44:58,457: +PUB [/camera/depth/image_rect_raw/theora/parameter_descriptions] /camera/realsense2_camera_manager http://ubuntu:39827/
[rosmaster.master][INFO] 2023-11-01 20:44:58,458: +PUB [/camera/depth/image_rect_raw/theora/parameter_updates] /camera/realsense2_camera_manager http://ubuntu:39827/
[rosmaster.master][INFO] 2023-11-01 20:44:58,465: +PARAM [/camera/depth/image_rect_raw/theora/optimize_for] by /camera/realsense2_camera_manager
[rosmaster.master][INFO] 2023-11-01 20:44:58,468: +PARAM [/camera/depth/image_rect_raw/theora/target_bitrate] by /camera/realsense2_camera_manager
[rosmaster.master][INFO] 2023-11-01 20:44:58,469: +PARAM [/camera/depth/image_rect_raw/theora/quality] by /camera/realsense2_camera_manager
[rosmaster.master][INFO] 2023-11-01 20:44:58,470: +PARAM [/camera/depth/image_rect_raw/theora/keyframe_frequency] by /camera/realsense2_camera_manager
[rosmaster.master][INFO] 2023-11-01 20:44:58,472: +PARAM [/camera/depth/image_rect_raw/theora/optimize_for] by /camera/realsense2_camera_manager
[rosmaster.master][INFO] 2023-11-01 20:44:58,473: +PARAM [/camera/depth/image_rect_raw/theora/target_bitrate] by /camera/realsense2_camera_manager
[rosmaster.master][INFO] 2023-11-01 20:44:58,474: +PARAM [/camera/depth/image_rect_raw/theora/quality] by /camera/realsense2_camera_manager
[rosmaster.master][INFO] 2023-11-01 20:44:58,475: +PARAM [/camera/depth/image_rect_raw/theora/keyframe_frequency] by /camera/realsense2_camera_manager
[rosmaster.master][INFO] 2023-11-01 20:44:58,477: +PUB [/camera/depth/camera_info] /camera/realsense2_camera_manager http://ubuntu:39827/
[rosmaster.master][INFO] 2023-11-01 20:44:58,478: +PUB [/camera/depth/metadata] /camera/realsense2_camera_manager http://ubuntu:39827/
[rosmaster.master][INFO] 2023-11-01 20:44:58,481: +PUB [/camera/infra1/image_rect_raw/compressedDepth] /camera/realsense2_camera_manager http://ubuntu:39827/
[rosmaster.master][INFO] 2023-11-01 20:44:58,482: +SERVICE [/camera/infra1/image_rect_raw/compressedDepth/set_parameters] /camera/realsense2_camera_manager http://ubuntu:39827/
[rosmaster.master][INFO] 2023-11-01 20:44:58,484: +PUB [/camera/infra1/image_rect_raw/compressedDepth/parameter_descriptions] /camera/realsense2_camera_manager http://ubuntu:39827/
[rosmaster.master][INFO] 2023-11-01 20:44:58,485: +PUB [/camera/infra1/image_rect_raw/compressedDepth/parameter_updates] /camera/realsense2_camera_manager http://ubuntu:39827/
[rosmaster.master][INFO] 2023-11-01 20:44:58,490: +PARAM [/camera/infra1/image_rect_raw/compressedDepth/format] by /camera/realsense2_camera_manager
[rosmaster.master][INFO] 2023-11-01 20:44:58,491: +PARAM [/camera/infra1/image_rect_raw/compressedDepth/depth_max] by /camera/realsense2_camera_manager
[rosmaster.master][INFO] 2023-11-01 20:44:58,492: +PARAM [/camera/infra1/image_rect_raw/compressedDepth/depth_quantization] by /camera/realsense2_camera_manager
[rosmaster.master][INFO] 2023-11-01 20:44:58,493: +PARAM [/camera/infra1/image_rect_raw/compressedDepth/png_level] by /camera/realsense2_camera_manager
[rosmaster.master][INFO] 2023-11-01 20:44:58,495: +PARAM [/camera/infra1/image_rect_raw/compressedDepth/format] by /camera/realsense2_camera_manager
[rosmaster.master][INFO] 2023-11-01 20:44:58,496: +PARAM [/camera/infra1/image_rect_raw/compressedDepth/depth_max] by /camera/realsense2_camera_manager
[rosmaster.master][INFO] 2023-11-01 20:44:58,496: +PARAM [/camera/infra1/image_rect_raw/compressedDepth/depth_quantization] by /camera/realsense2_camera_manager
[rosmaster.master][INFO] 2023-11-01 20:44:58,498: +PARAM [/camera/infra1/image_rect_raw/compressedDepth/png_level] by /camera/realsense2_camera_manager
[rosmaster.master][INFO] 2023-11-01 20:44:58,499: +PUB [/camera/infra1/image_rect_raw/compressed] /camera/realsense2_camera_manager http://ubuntu:39827/
[rosmaster.master][INFO] 2023-11-01 20:44:58,499: +SERVICE [/camera/infra1/image_rect_raw/compressed/set_parameters] /camera/realsense2_camera_manager http://ubuntu:39827/
[rosmaster.master][INFO] 2023-11-01 20:44:58,500: +PUB [/camera/infra1/image_rect_raw/compressed/parameter_descriptions] /camera/realsense2_camera_manager http://ubuntu:39827/
[rosmaster.master][INFO] 2023-11-01 20:44:58,512: +PUB [/camera/infra1/image_rect_raw/compressed/parameter_updates] /camera/realsense2_camera_manager http://ubuntu:39827/
[rosmaster.master][INFO] 2023-11-01 20:44:58,517: +PARAM [/camera/infra1/image_rect_raw/compressed/format] by /camera/realsense2_camera_manager
[rosmaster.master][INFO] 2023-11-01 20:44:58,522: +PARAM [/camera/infra1/image_rect_raw/compressed/jpeg_quality] by /camera/realsense2_camera_manager
[rosmaster.master][INFO] 2023-11-01 20:44:58,523: +PARAM [/camera/infra1/image_rect_raw/compressed/jpeg_progressive] by /camera/realsense2_camera_manager
[rosmaster.master][INFO] 2023-11-01 20:44:58,524: +PARAM [/camera/infra1/image_rect_raw/compressed/jpeg_optimize] by /camera/realsense2_camera_manager
[rosmaster.master][INFO] 2023-11-01 20:44:58,525: +PARAM [/camera/infra1/image_rect_raw/compressed/jpeg_restart_interval] by /camera/realsense2_camera_manager
[rosmaster.master][INFO] 2023-11-01 20:44:58,525: +PARAM [/camera/infra1/image_rect_raw/compressed/png_level] by /camera/realsense2_camera_manager
[rosmaster.master][INFO] 2023-11-01 20:44:58,527: +PARAM [/camera/infra1/image_rect_raw/compressed/format] by /camera/realsense2_camera_manager
[rosmaster.master][INFO] 2023-11-01 20:44:58,528: +PARAM [/camera/infra1/image_rect_raw/compressed/jpeg_quality] by /camera/realsense2_camera_manager
[rosmaster.master][INFO] 2023-11-01 20:44:58,529: +PARAM [/camera/infra1/image_rect_raw/compressed/jpeg_progressive] by /camera/realsense2_camera_manager
[rosmaster.master][INFO] 2023-11-01 20:44:58,530: +PARAM [/camera/infra1/image_rect_raw/compressed/jpeg_optimize] by /camera/realsense2_camera_manager
[rosmaster.master][INFO] 2023-11-01 20:44:58,531: +PARAM [/camera/infra1/image_rect_raw/compressed/jpeg_restart_interval] by /camera/realsense2_camera_manager
[rosmaster.master][INFO] 2023-11-01 20:44:58,532: +PARAM [/camera/infra1/image_rect_raw/compressed/png_level] by /camera/realsense2_camera_manager
[rosmaster.master][INFO] 2023-11-01 20:44:58,533: +PUB [/camera/infra1/image_rect_raw] /camera/realsense2_camera_manager http://ubuntu:39827/
[rosmaster.master][INFO] 2023-11-01 20:44:58,534: +PUB [/camera/infra1/image_rect_raw/theora] /camera/realsense2_camera_manager http://ubuntu:39827/
[rosmaster.master][INFO] 2023-11-01 20:44:58,535: +SERVICE [/camera/infra1/image_rect_raw/theora/set_parameters] /camera/realsense2_camera_manager http://ubuntu:39827/
[rosmaster.master][INFO] 2023-11-01 20:44:58,536: +PUB [/camera/infra1/image_rect_raw/theora/parameter_descriptions] /camera/realsense2_camera_manager http://ubuntu:39827/
[rosmaster.master][INFO] 2023-11-01 20:44:58,537: +PUB [/camera/infra1/image_rect_raw/theora/parameter_updates] /camera/realsense2_camera_manager http://ubuntu:39827/
[rosmaster.master][INFO] 2023-11-01 20:44:58,539: +PARAM [/camera/infra1/image_rect_raw/theora/optimize_for] by /camera/realsense2_camera_manager
[rosmaster.master][INFO] 2023-11-01 20:44:58,541: +PARAM [/camera/infra1/image_rect_raw/theora/target_bitrate] by /camera/realsense2_camera_manager
[rosmaster.master][INFO] 2023-11-01 20:44:58,541: +PARAM [/camera/infra1/image_rect_raw/theora/quality] by /camera/realsense2_camera_manager
[rosmaster.master][INFO] 2023-11-01 20:44:58,542: +PARAM [/camera/infra1/image_rect_raw/theora/keyframe_frequency] by /camera/realsense2_camera_manager
[rosmaster.master][INFO] 2023-11-01 20:44:58,542: +PARAM [/camera/infra1/image_rect_raw/theora/optimize_for] by /camera/realsense2_camera_manager
[rosmaster.master][INFO] 2023-11-01 20:44:58,543: +PARAM [/camera/infra1/image_rect_raw/theora/target_bitrate] by /camera/realsense2_camera_manager
[rosmaster.master][INFO] 2023-11-01 20:44:58,544: +PARAM [/camera/infra1/image_rect_raw/theora/quality] by /camera/realsense2_camera_manager
[rosmaster.master][INFO] 2023-11-01 20:44:58,545: +PARAM [/camera/infra1/image_rect_raw/theora/keyframe_frequency] by /camera/realsense2_camera_manager
[rosmaster.master][INFO] 2023-11-01 20:44:58,546: +PUB [/camera/infra1/camera_info] /camera/realsense2_camera_manager http://ubuntu:39827/
[rosmaster.master][INFO] 2023-11-01 20:44:58,547: +PUB [/camera/infra1/metadata] /camera/realsense2_camera_manager http://ubuntu:39827/
[rosmaster.master][INFO] 2023-11-01 20:44:58,549: +PUB [/camera/infra2/image_rect_raw/compressedDepth] /camera/realsense2_camera_manager http://ubuntu:39827/
[rosmaster.master][INFO] 2023-11-01 20:44:58,549: +SERVICE [/camera/infra2/image_rect_raw/compressedDepth/set_parameters] /camera/realsense2_camera_manager http://ubuntu:39827/
[rosmaster.master][INFO] 2023-11-01 20:44:58,550: +PUB [/camera/infra2/image_rect_raw/compressedDepth/parameter_descriptions] /camera/realsense2_camera_manager http://ubuntu:39827/
[rosmaster.master][INFO] 2023-11-01 20:44:58,550: +PUB [/camera/infra2/image_rect_raw/compressedDepth/parameter_updates] /camera/realsense2_camera_manager http://ubuntu:39827/
[rosmaster.master][INFO] 2023-11-01 20:44:58,553: +PARAM [/camera/infra2/image_rect_raw/compressedDepth/format] by /camera/realsense2_camera_manager
[rosmaster.master][INFO] 2023-11-01 20:44:58,553: +PARAM [/camera/infra2/image_rect_raw/compressedDepth/depth_max] by /camera/realsense2_camera_manager
[rosmaster.master][INFO] 2023-11-01 20:44:58,554: +PARAM [/camera/infra2/image_rect_raw/compressedDepth/depth_quantization] by /camera/realsense2_camera_manager
[rosmaster.master][INFO] 2023-11-01 20:44:58,555: +PARAM [/camera/infra2/image_rect_raw/compressedDepth/png_level] by /camera/realsense2_camera_manager
[rosmaster.master][INFO] 2023-11-01 20:44:58,555: +PARAM [/camera/infra2/image_rect_raw/compressedDepth/format] by /camera/realsense2_camera_manager
[rosmaster.master][INFO] 2023-11-01 20:44:58,556: +PARAM [/camera/infra2/image_rect_raw/compressedDepth/depth_max] by /camera/realsense2_camera_manager
[rosmaster.master][INFO] 2023-11-01 20:44:58,556: +PARAM [/camera/infra2/image_rect_raw/compressedDepth/depth_quantization] by /camera/realsense2_camera_manager
[rosmaster.master][INFO] 2023-11-01 20:44:58,557: +PARAM [/camera/infra2/image_rect_raw/compressedDepth/png_level] by /camera/realsense2_camera_manager
[rosmaster.master][INFO] 2023-11-01 20:44:58,557: +PUB [/camera/infra2/image_rect_raw/compressed] /camera/realsense2_camera_manager http://ubuntu:39827/
[rosmaster.master][INFO] 2023-11-01 20:44:58,560: +SERVICE [/camera/infra2/image_rect_raw/compressed/set_parameters] /camera/realsense2_camera_manager http://ubuntu:39827/
[rosmaster.master][INFO] 2023-11-01 20:44:58,561: +PUB [/camera/infra2/image_rect_raw/compressed/parameter_descriptions] /camera/realsense2_camera_manager http://ubuntu:39827/
[rosmaster.master][INFO] 2023-11-01 20:44:58,562: +PUB [/camera/infra2/image_rect_raw/compressed/parameter_updates] /camera/realsense2_camera_manager http://ubuntu:39827/
[rosmaster.master][INFO] 2023-11-01 20:44:58,565: +PARAM [/camera/infra2/image_rect_raw/compressed/format] by /camera/realsense2_camera_manager
[rosmaster.master][INFO] 2023-11-01 20:44:58,565: +PARAM [/camera/infra2/image_rect_raw/compressed/jpeg_quality] by /camera/realsense2_camera_manager
[rosmaster.master][INFO] 2023-11-01 20:44:58,566: +PARAM [/camera/infra2/image_rect_raw/compressed/jpeg_progressive] by /camera/realsense2_camera_manager
[rosmaster.master][INFO] 2023-11-01 20:44:58,567: +PARAM [/camera/infra2/image_rect_raw/compressed/jpeg_optimize] by /camera/realsense2_camera_manager
[rosmaster.master][INFO] 2023-11-01 20:44:58,567: +PARAM [/camera/infra2/image_rect_raw/compressed/jpeg_restart_interval] by /camera/realsense2_camera_manager
[rosmaster.master][INFO] 2023-11-01 20:44:58,571: +PARAM [/camera/infra2/image_rect_raw/compressed/png_level] by /camera/realsense2_camera_manager
[rosmaster.master][INFO] 2023-11-01 20:44:58,572: +PARAM [/camera/infra2/image_rect_raw/compressed/format] by /camera/realsense2_camera_manager
[rosmaster.master][INFO] 2023-11-01 20:44:58,573: +PARAM [/camera/infra2/image_rect_raw/compressed/jpeg_quality] by /camera/realsense2_camera_manager
[rosmaster.master][INFO] 2023-11-01 20:44:58,573: +PARAM [/camera/infra2/image_rect_raw/compressed/jpeg_progressive] by /camera/realsense2_camera_manager
[rosmaster.master][INFO] 2023-11-01 20:44:58,576: +PARAM [/camera/infra2/image_rect_raw/compressed/jpeg_optimize] by /camera/realsense2_camera_manager
[rosmaster.master][INFO] 2023-11-01 20:44:58,577: +PARAM [/camera/infra2/image_rect_raw/compressed/jpeg_restart_interval] by /camera/realsense2_camera_manager
[rosmaster.master][INFO] 2023-11-01 20:44:58,578: +PARAM [/camera/infra2/image_rect_raw/compressed/png_level] by /camera/realsense2_camera_manager
[rosmaster.master][INFO] 2023-11-01 20:44:58,578: +PUB [/camera/infra2/image_rect_raw] /camera/realsense2_camera_manager http://ubuntu:39827/
[rosmaster.master][INFO] 2023-11-01 20:44:58,579: +PUB [/camera/infra2/image_rect_raw/theora] /camera/realsense2_camera_manager http://ubuntu:39827/
[rosmaster.master][INFO] 2023-11-01 20:44:58,580: +SERVICE [/camera/infra2/image_rect_raw/theora/set_parameters] /camera/realsense2_camera_manager http://ubuntu:39827/
[rosmaster.master][INFO] 2023-11-01 20:44:58,580: +PUB [/camera/infra2/image_rect_raw/theora/parameter_descriptions] /camera/realsense2_camera_manager http://ubuntu:39827/
[rosmaster.master][INFO] 2023-11-01 20:44:58,581: +PUB [/camera/infra2/image_rect_raw/theora/parameter_updates] /camera/realsense2_camera_manager http://ubuntu:39827/
[rosmaster.master][INFO] 2023-11-01 20:44:58,583: +PARAM [/camera/infra2/image_rect_raw/theora/optimize_for] by /camera/realsense2_camera_manager
[rosmaster.master][INFO] 2023-11-01 20:44:58,583: +PARAM [/camera/infra2/image_rect_raw/theora/target_bitrate] by /camera/realsense2_camera_manager
[rosmaster.master][INFO] 2023-11-01 20:44:58,584: +PARAM [/camera/infra2/image_rect_raw/theora/quality] by /camera/realsense2_camera_manager
[rosmaster.master][INFO] 2023-11-01 20:44:58,588: +PARAM [/camera/infra2/image_rect_raw/theora/keyframe_frequency] by /camera/realsense2_camera_manager
[rosmaster.master][INFO] 2023-11-01 20:44:58,589: +PARAM [/camera/infra2/image_rect_raw/theora/optimize_for] by /camera/realsense2_camera_manager
[rosmaster.master][INFO] 2023-11-01 20:44:58,590: +PARAM [/camera/infra2/image_rect_raw/theora/target_bitrate] by /camera/realsense2_camera_manager
[rosmaster.master][INFO] 2023-11-01 20:44:58,590: +PARAM [/camera/infra2/image_rect_raw/theora/quality] by /camera/realsense2_camera_manager
[rosmaster.master][INFO] 2023-11-01 20:44:58,591: +PARAM [/camera/infra2/image_rect_raw/theora/keyframe_frequency] by /camera/realsense2_camera_manager
[rosmaster.master][INFO] 2023-11-01 20:44:58,592: +PUB [/camera/infra2/camera_info] /camera/realsense2_camera_manager http://ubuntu:39827/
[rosmaster.master][INFO] 2023-11-01 20:44:58,592: +PUB [/camera/infra2/metadata] /camera/realsense2_camera_manager http://ubuntu:39827/
[rosmaster.master][INFO] 2023-11-01 20:44:58,594: +PUB [/camera/color/image_raw/compressedDepth] /camera/realsense2_camera_manager http://ubuntu:39827/
[rosmaster.master][INFO] 2023-11-01 20:44:58,594: +SERVICE [/camera/color/image_raw/compressedDepth/set_parameters] /camera/realsense2_camera_manager http://ubuntu:39827/
[rosmaster.master][INFO] 2023-11-01 20:44:58,595: +PUB [/camera/color/image_raw/compressedDepth/parameter_descriptions] /camera/realsense2_camera_manager http://ubuntu:39827/
[rosmaster.master][INFO] 2023-11-01 20:44:58,595: +PUB [/camera/color/image_raw/compressedDepth/parameter_updates] /camera/realsense2_camera_manager http://ubuntu:39827/
[rosmaster.master][INFO] 2023-11-01 20:44:58,598: +PARAM [/camera/color/image_raw/compressedDepth/format] by /camera/realsense2_camera_manager
[rosmaster.master][INFO] 2023-11-01 20:44:58,598: +PARAM [/camera/color/image_raw/compressedDepth/depth_max] by /camera/realsense2_camera_manager
[rosmaster.master][INFO] 2023-11-01 20:44:58,599: +PARAM [/camera/color/image_raw/compressedDepth/depth_quantization] by /camera/realsense2_camera_manager
[rosmaster.master][INFO] 2023-11-01 20:44:58,599: +PARAM [/camera/color/image_raw/compressedDepth/png_level] by /camera/realsense2_camera_manager
[rosmaster.master][INFO] 2023-11-01 20:44:58,600: +PARAM [/camera/color/image_raw/compressedDepth/format] by /camera/realsense2_camera_manager
[rosmaster.master][INFO] 2023-11-01 20:44:58,600: +PARAM [/camera/color/image_raw/compressedDepth/depth_max] by /camera/realsense2_camera_manager
[rosmaster.master][INFO] 2023-11-01 20:44:58,601: +PARAM [/camera/color/image_raw/compressedDepth/depth_quantization] by /camera/realsense2_camera_manager
[rosmaster.master][INFO] 2023-11-01 20:44:58,602: +PARAM [/camera/color/image_raw/compressedDepth/png_level] by /camera/realsense2_camera_manager
[rosmaster.master][INFO] 2023-11-01 20:44:58,602: +PUB [/camera/color/image_raw/compressed] /camera/realsense2_camera_manager http://ubuntu:39827/
[rosmaster.master][INFO] 2023-11-01 20:44:58,603: +SERVICE [/camera/color/image_raw/compressed/set_parameters] /camera/realsense2_camera_manager http://ubuntu:39827/
[rosmaster.master][INFO] 2023-11-01 20:44:58,607: +PUB [/camera/color/image_raw/compressed/parameter_descriptions] /camera/realsense2_camera_manager http://ubuntu:39827/
[rosmaster.master][INFO] 2023-11-01 20:44:58,608: +PUB [/camera/color/image_raw/compressed/parameter_updates] /camera/realsense2_camera_manager http://ubuntu:39827/
[rosmaster.master][INFO] 2023-11-01 20:44:58,611: +PARAM [/camera/color/image_raw/compressed/format] by /camera/realsense2_camera_manager
[rosmaster.master][INFO] 2023-11-01 20:44:58,612: +PARAM [/camera/color/image_raw/compressed/jpeg_quality] by /camera/realsense2_camera_manager
[rosmaster.master][INFO] 2023-11-01 20:44:58,612: +PARAM [/camera/color/image_raw/compressed/jpeg_progressive] by /camera/realsense2_camera_manager
[rosmaster.master][INFO] 2023-11-01 20:44:58,613: +PARAM [/camera/color/image_raw/compressed/jpeg_optimize] by /camera/realsense2_camera_manager
[rosmaster.master][INFO] 2023-11-01 20:44:58,613: +PARAM [/camera/color/image_raw/compressed/jpeg_restart_interval] by /camera/realsense2_camera_manager
[rosmaster.master][INFO] 2023-11-01 20:44:58,614: +PARAM [/camera/color/image_raw/compressed/png_level] by /camera/realsense2_camera_manager
[rosmaster.master][INFO] 2023-11-01 20:44:58,614: +PARAM [/camera/color/image_raw/compressed/format] by /camera/realsense2_camera_manager
[rosmaster.master][INFO] 2023-11-01 20:44:58,615: +PARAM [/camera/color/image_raw/compressed/jpeg_quality] by /camera/realsense2_camera_manager
[rosmaster.master][INFO] 2023-11-01 20:44:58,616: +PARAM [/camera/color/image_raw/compressed/jpeg_progressive] by /camera/realsense2_camera_manager
[rosmaster.master][INFO] 2023-11-01 20:44:58,616: +PARAM [/camera/color/image_raw/compressed/jpeg_optimize] by /camera/realsense2_camera_manager
[rosmaster.master][INFO] 2023-11-01 20:44:58,617: +PARAM [/camera/color/image_raw/compressed/jpeg_restart_interval] by /camera/realsense2_camera_manager
[rosmaster.master][INFO] 2023-11-01 20:44:58,617: +PARAM [/camera/color/image_raw/compressed/png_level] by /camera/realsense2_camera_manager
[rosmaster.master][INFO] 2023-11-01 20:44:58,621: +PUB [/camera/color/image_raw] /camera/realsense2_camera_manager http://ubuntu:39827/
[rosmaster.master][INFO] 2023-11-01 20:44:58,622: +PUB [/camera/color/image_raw/theora] /camera/realsense2_camera_manager http://ubuntu:39827/
[rosmaster.master][INFO] 2023-11-01 20:44:58,622: +SERVICE [/camera/color/image_raw/theora/set_parameters] /camera/realsense2_camera_manager http://ubuntu:39827/
[rosmaster.master][INFO] 2023-11-01 20:44:58,623: +PUB [/camera/color/image_raw/theora/parameter_descriptions] /camera/realsense2_camera_manager http://ubuntu:39827/
[rosmaster.master][INFO] 2023-11-01 20:44:58,624: +PUB [/camera/color/image_raw/theora/parameter_updates] /camera/realsense2_camera_manager http://ubuntu:39827/
[rosmaster.master][INFO] 2023-11-01 20:44:58,626: +PARAM [/camera/color/image_raw/theora/optimize_for] by /camera/realsense2_camera_manager
[rosmaster.master][INFO] 2023-11-01 20:44:58,626: +PARAM [/camera/color/image_raw/theora/target_bitrate] by /camera/realsense2_camera_manager
[rosmaster.master][INFO] 2023-11-01 20:44:58,627: +PARAM [/camera/color/image_raw/theora/quality] by /camera/realsense2_camera_manager
[rosmaster.master][INFO] 2023-11-01 20:44:58,628: +PARAM [/camera/color/image_raw/theora/keyframe_frequency] by /camera/realsense2_camera_manager
[rosmaster.master][INFO] 2023-11-01 20:44:58,628: +PARAM [/camera/color/image_raw/theora/optimize_for] by /camera/realsense2_camera_manager
[rosmaster.master][INFO] 2023-11-01 20:44:58,629: +PARAM [/camera/color/image_raw/theora/target_bitrate] by /camera/realsense2_camera_manager
[rosmaster.master][INFO] 2023-11-01 20:44:58,629: +PARAM [/camera/color/image_raw/theora/quality] by /camera/realsense2_camera_manager
[rosmaster.master][INFO] 2023-11-01 20:44:58,630: +PARAM [/camera/color/image_raw/theora/keyframe_frequency] by /camera/realsense2_camera_manager
[rosmaster.master][INFO] 2023-11-01 20:44:58,630: +PUB [/camera/color/camera_info] /camera/realsense2_camera_manager http://ubuntu:39827/
[rosmaster.master][INFO] 2023-11-01 20:44:58,631: +PUB [/camera/color/metadata] /camera/realsense2_camera_manager http://ubuntu:39827/
[rosmaster.master][INFO] 2023-11-01 20:44:58,632: +PUB [/camera/extrinsics/depth_to_color] /camera/realsense2_camera_manager http://ubuntu:39827/
[rosmaster.master][INFO] 2023-11-01 20:44:58,633: +PUB [/camera/extrinsics/depth_to_infra1] /camera/realsense2_camera_manager http://ubuntu:39827/
[rosmaster.master][INFO] 2023-11-01 20:44:58,633: +PUB [/camera/extrinsics/depth_to_infra2] /camera/realsense2_camera_manager http://ubuntu:39827/
[rosmaster.master][INFO] 2023-11-01 20:44:59,046: +PUB [/camera/stereo_module/auto_exposure_roi/parameter_descriptions] /camera/realsense2_camera_manager http://ubuntu:39827/
[rosmaster.master][INFO] 2023-11-01 20:44:59,047: +PUB [/camera/stereo_module/auto_exposure_roi/parameter_updates] /camera/realsense2_camera_manager http://ubuntu:39827/
[rosmaster.master][INFO] 2023-11-01 20:44:59,047: +SERVICE [/camera/stereo_module/auto_exposure_roi/set_parameters] /camera/realsense2_camera_manager http://ubuntu:39827/
[rosmaster.master][INFO] 2023-11-01 20:44:59,055: +PUB [/camera/rgb_camera/auto_exposure_roi/parameter_descriptions] /camera/realsense2_camera_manager http://ubuntu:39827/
[rosmaster.master][INFO] 2023-11-01 20:44:59,055: +PUB [/camera/rgb_camera/auto_exposure_roi/parameter_updates] /camera/realsense2_camera_manager http://ubuntu:39827/
[rosmaster.master][INFO] 2023-11-01 20:44:59,057: +SERVICE [/camera/rgb_camera/auto_exposure_roi/set_parameters] /camera/realsense2_camera_manager http://ubuntu:39827/
[rosmaster.master][INFO] 2023-11-01 20:44:59,059: +SERVICE [/camera/realsense2_camera/device_info] /camera/realsense2_camera_manager http://ubuntu:39827/
[rosmaster.master][INFO] 2023-11-01 20:45:16,558: +PUB [/rosout] /rviz_1698842716547648288 http://ubuntu:42283/
[rosmaster.master][INFO] 2023-11-01 20:45:16,559: +SERVICE [/rviz_1698842716547648288/get_loggers] /rviz_1698842716547648288 http://ubuntu:42283/
[rosmaster.master][INFO] 2023-11-01 20:45:16,560: +SERVICE [/rviz_1698842716547648288/set_logger_level] /rviz_1698842716547648288 http://ubuntu:42283/
[rosmaster.master][INFO] 2023-11-01 20:45:16,561: +CACHEDPARAM [/rosout_disable_topics_generation] by /rviz_1698842716547648288
[rosmaster.master][INFO] 2023-11-01 20:45:16,605: publisherUpdate[/rosout] -> http://ubuntu:42563/ ['http://ubuntu:44815/', 'http://ubuntu:39827/', 'http://ubuntu:42283/']
[rosmaster.master][INFO] 2023-11-01 20:45:16,607: publisherUpdate[/rosout] -> http://ubuntu:42563/ ['http://ubuntu:44815/', 'http://ubuntu:39827/', 'http://ubuntu:42283/']: sec=0.00, result=[1, '', 0]
[rosmaster.master][INFO] 2023-11-01 20:45:17,538: +SUB [/tf] /rviz_1698842716547648288 http://ubuntu:42283/
[rosmaster.master][INFO] 2023-11-01 20:45:17,541: +SUB [/tf_static] /rviz_1698842716547648288 http://ubuntu:42283/
[rosmaster.master][INFO] 2023-11-01 20:45:17,628: +PUB [/initialpose] /rviz_1698842716547648288 http://ubuntu:42283/
[rosmaster.master][INFO] 2023-11-01 20:45:17,630: +PUB [/goal] /rviz_1698842716547648288 http://ubuntu:42283/
[rosmaster.master][INFO] 2023-11-01 20:45:17,635: -PUB [/goal] /rviz_1698842716547648288 http://ubuntu:42283/
[rosmaster.master][INFO] 2023-11-01 20:45:17,637: -PUB [/initialpose] /rviz_1698842716547648288 http://ubuntu:42283/
[rosmaster.master][INFO] 2023-11-01 20:45:17,643: +PUB [/initialpose] /rviz_1698842716547648288 http://ubuntu:42283/
[rosmaster.master][INFO] 2023-11-01 20:45:17,644: +PUB [/goal] /rviz_1698842716547648288 http://ubuntu:42283/
[rosmaster.master][INFO] 2023-11-01 20:45:17,645: +PUB [/move_base_simple/goal] /rviz_1698842716547648288 http://ubuntu:42283/
[rosmaster.master][INFO] 2023-11-01 20:45:17,646: -PUB [/goal] /rviz_1698842716547648288 http://ubuntu:42283/
[rosmaster.master][INFO] 2023-11-01 20:45:17,646: +PUB [/clicked_point] /rviz_1698842716547648288 http://ubuntu:42283/
[rosmaster.master][INFO] 2023-11-01 20:45:17,731: +SERVICE [/rviz_1698842716547648288/reload_shaders] /rviz_1698842716547648288 http://ubuntu:42283/
[rosmaster.master][INFO] 2023-11-01 20:45:17,732: +SERVICE [/rviz_1698842716547648288/load_config] /rviz_1698842716547648288 http://ubuntu:42283/
[rosmaster.master][INFO] 2023-11-01 20:45:17,733: +SERVICE [/rviz_1698842716547648288/load_config_discarding_changes] /rviz_1698842716547648288 http://ubuntu:42283/
[rosmaster.master][INFO] 2023-11-01 20:45:17,733: +SERVICE [/rviz_1698842716547648288/save_config] /rviz_1698842716547648288 http://ubuntu:42283/
[rosmaster.master][INFO] 2023-11-01 20:45:23,482: +SUB [/camera/infra1/image_rect_raw] /rviz_1698842716547648288 http://ubuntu:42283/
[rosmaster.master][INFO] 2023-11-01 20:45:53,280: +PUB [/rosout] /rostopic_4117_1698842753131 http://ubuntu:46837/
[rosmaster.master][INFO] 2023-11-01 20:45:53,284: +SERVICE [/rostopic_4117_1698842753131/get_loggers] /rostopic_4117_1698842753131 http://ubuntu:46837/
[rosmaster.master][INFO] 2023-11-01 20:45:53,286: +SERVICE [/rostopic_4117_1698842753131/set_logger_level] /rostopic_4117_1698842753131 http://ubuntu:46837/
[rosmaster.master][INFO] 2023-11-01 20:45:53,341: +SUB [/camera/infra1/image_rect_raw] /rostopic_4117_1698842753131 http://ubuntu:46837/
[rosmaster.master][INFO] 2023-11-01 20:45:53,379: publisherUpdate[/rosout] -> http://ubuntu:42563/ ['http://ubuntu:44815/', 'http://ubuntu:39827/', 'http://ubuntu:42283/', 'http://ubuntu:46837/']
[rosmaster.master][INFO] 2023-11-01 20:45:53,381: publisherUpdate[/rosout] -> http://ubuntu:42563/ ['http://ubuntu:44815/', 'http://ubuntu:39827/', 'http://ubuntu:42283/', 'http://ubuntu:46837/']: sec=0.00, result=[1, '', 0]
[rosmaster.master][INFO] 2023-11-01 20:45:55,786: -SUB [/camera/infra1/image_rect_raw] /rostopic_4117_1698842753131 http://ubuntu:46837/
[rosmaster.master][INFO] 2023-11-01 20:45:55,786: -PUB [/rosout] /rostopic_4117_1698842753131 http://ubuntu:46837/
[rosmaster.master][INFO] 2023-11-01 20:45:55,787: -SERVICE [/rostopic_4117_1698842753131/get_loggers] /rostopic_4117_1698842753131 rosrpc://ubuntu:42073
[rosmaster.master][INFO] 2023-11-01 20:45:55,787: -SERVICE [/rostopic_4117_1698842753131/set_logger_level] /rostopic_4117_1698842753131 rosrpc://ubuntu:42073
[rosmaster.master][INFO] 2023-11-01 20:45:55,884: publisherUpdate[/rosout] -> http://ubuntu:42563/ ['http://ubuntu:44815/', 'http://ubuntu:39827/', 'http://ubuntu:42283/']
[rosmaster.master][INFO] 2023-11-01 20:45:55,886: publisherUpdate[/rosout] -> http://ubuntu:42563/ ['http://ubuntu:44815/', 'http://ubuntu:39827/', 'http://ubuntu:42283/']: sec=0.00, result=[1, '', 0]
[rosmaster.master][INFO] 2023-11-01 20:46:10,903: +PUB [/rosout] /rqt_gui_py_node_4153 http://ubuntu:38617/
[rosmaster.master][INFO] 2023-11-01 20:46:10,906: +SERVICE [/rqt_gui_py_node_4153/get_loggers] /rqt_gui_py_node_4153 http://ubuntu:38617/
[rosmaster.master][INFO] 2023-11-01 20:46:10,908: +SERVICE [/rqt_gui_py_node_4153/set_logger_level] /rqt_gui_py_node_4153 http://ubuntu:38617/
[rosmaster.master][INFO] 2023-11-01 20:46:10,912: publisherUpdate[/rosout] -> http://ubuntu:42563/ ['http://ubuntu:44815/', 'http://ubuntu:39827/', 'http://ubuntu:42283/', 'http://ubuntu:38617/']
[rosmaster.master][INFO] 2023-11-01 20:46:10,914: publisherUpdate[/rosout] -> http://ubuntu:42563/ ['http://ubuntu:44815/', 'http://ubuntu:39827/', 'http://ubuntu:42283/', 'http://ubuntu:38617/']: sec=0.00, result=[1, '', 0]
[rosmaster.master][INFO] 2023-11-01 20:46:11,096: +SUB [/camera/stereo_module/parameter_descriptions] /rqt_gui_py_node_4153 http://ubuntu:38617/
[rosmaster.master][INFO] 2023-11-01 20:46:11,098: +SUB [/camera/stereo_module/parameter_updates] /rqt_gui_py_node_4153 http://ubuntu:38617/
[rosmaster.master][INFO] 2023-11-01 20:46:16,012: -SUB [/camera/stereo_module/parameter_descriptions] /rqt_gui_py_node_4153 http://ubuntu:38617/
[rosmaster.master][INFO] 2023-11-01 20:46:16,016: -SUB [/camera/stereo_module/parameter_updates] /rqt_gui_py_node_4153 http://ubuntu:38617/
[rosmaster.master][INFO] 2023-11-01 20:46:16,039: -PUB [/rosout] /rqt_gui_py_node_4153 http://ubuntu:38617/
[rosmaster.master][INFO] 2023-11-01 20:46:16,039: -SERVICE [/rqt_gui_py_node_4153/get_loggers] /rqt_gui_py_node_4153 rosrpc://ubuntu:36053
[rosmaster.master][INFO] 2023-11-01 20:46:16,040: -SERVICE [/rqt_gui_py_node_4153/set_logger_level] /rqt_gui_py_node_4153 rosrpc://ubuntu:36053
[rosmaster.master][INFO] 2023-11-01 20:46:16,121: publisherUpdate[/rosout] -> http://ubuntu:42563/ ['http://ubuntu:44815/', 'http://ubuntu:39827/', 'http://ubuntu:42283/']
[rosmaster.master][INFO] 2023-11-01 20:46:16,123: publisherUpdate[/rosout] -> http://ubuntu:42563/ ['http://ubuntu:44815/', 'http://ubuntu:39827/', 'http://ubuntu:42283/']: sec=0.00, result=[1, '', 0]
[rosmaster.master][INFO] 2023-11-01 20:46:50,019: -SUB [/camera/infra1/image_rect_raw] /rviz_1698842716547648288 http://ubuntu:42283/
[rosmaster.master][INFO] 2023-11-01 20:46:50,033: +SUB [/svo/backend_pose_imu_viz] /rviz_1698842716547648288 http://ubuntu:42283/
[rosmaster.master][INFO] 2023-11-01 20:46:50,043: +SUB [/svo/global_map_query_kfs] /rviz_1698842716547648288 http://ubuntu:42283/
[rosmaster.master][INFO] 2023-11-01 20:46:50,047: +SUB [/visualization_marker] /rviz_1698842716547648288 http://ubuntu:42283/
[rosmaster.master][INFO] 2023-11-01 20:46:50,050: +SUB [/visualization_marker_array] /rviz_1698842716547648288 http://ubuntu:42283/
[rosmaster.master][INFO] 2023-11-01 20:46:50,051: -SUB [/visualization_marker] /rviz_1698842716547648288 http://ubuntu:42283/
[rosmaster.master][INFO] 2023-11-01 20:46:50,052: -SUB [/visualization_marker_array] /rviz_1698842716547648288 http://ubuntu:42283/
[rosmaster.master][INFO] 2023-11-01 20:46:50,054: +SUB [/svo/loop_closures] /rviz_1698842716547648288 http://ubuntu:42283/
[rosmaster.master][INFO] 2023-11-01 20:46:50,057: +SUB [/svo/loop_closures_array] /rviz_1698842716547648288 http://ubuntu:42283/
[rosmaster.master][INFO] 2023-11-01 20:46:50,063: +SUB [/svo/pose_graph_pointcloud] /rviz_1698842716547648288 http://ubuntu:42283/
[rosmaster.master][INFO] 2023-11-01 20:46:50,166: +SUB [/svo/image/0] /rviz_1698842716547648288 http://ubuntu:42283/
[rosmaster.master][INFO] 2023-11-01 20:46:50,171: +SUB [/visualization_marker] /rviz_1698842716547648288 http://ubuntu:42283/
[rosmaster.master][INFO] 2023-11-01 20:46:50,173: +SUB [/visualization_marker_array] /rviz_1698842716547648288 http://ubuntu:42283/
[rosmaster.master][INFO] 2023-11-01 20:46:50,174: -SUB [/visualization_marker] /rviz_1698842716547648288 http://ubuntu:42283/
[rosmaster.master][INFO] 2023-11-01 20:46:50,175: -SUB [/visualization_marker_array] /rviz_1698842716547648288 http://ubuntu:42283/
[rosmaster.master][INFO] 2023-11-01 20:46:50,179: +SUB [/svo/points] /rviz_1698842716547648288 http://ubuntu:42283/
[rosmaster.master][INFO] 2023-11-01 20:46:50,181: +SUB [/svo/points_array] /rviz_1698842716547648288 http://ubuntu:42283/
[rosmaster.master][INFO] 2023-11-01 20:46:50,187: +SUB [/svo/backend_points] /rviz_1698842716547648288 http://ubuntu:42283/
[rosmaster.master][INFO] 2023-11-01 20:46:50,194: +SUB [/svo/global_map_pts] /rviz_1698842716547648288 http://ubuntu:42283/
[rosmaster.master][INFO] 2023-11-01 20:46:50,197: +SUB [/visualization_marker] /rviz_1698842716547648288 http://ubuntu:42283/
[rosmaster.master][INFO] 2023-11-01 20:46:50,199: +SUB [/visualization_marker_array] /rviz_1698842716547648288 http://ubuntu:42283/
[rosmaster.master][INFO] 2023-11-01 20:46:50,200: -SUB [/visualization_marker] /rviz_1698842716547648288 http://ubuntu:42283/
[rosmaster.master][INFO] 2023-11-01 20:46:50,201: -SUB [/visualization_marker_array] /rviz_1698842716547648288 http://ubuntu:42283/
[rosmaster.master][INFO] 2023-11-01 20:46:50,204: +SUB [/svo/keyframes] /rviz_1698842716547648288 http://ubuntu:42283/
[rosmaster.master][INFO] 2023-11-01 20:46:50,206: +SUB [/svo/keyframes_array] /rviz_1698842716547648288 http://ubuntu:42283/
[rosmaster.master][INFO] 2023-11-01 20:46:50,210: +SUB [/svo/pose_graph] /rviz_1698842716547648288 http://ubuntu:42283/
[rosmaster.master][INFO] 2023-11-01 20:46:50,214: +SUB [/visualization_marker] /rviz_1698842716547648288 http://ubuntu:42283/
[rosmaster.master][INFO] 2023-11-01 20:46:50,216: +SUB [/visualization_marker_array] /rviz_1698842716547648288 http://ubuntu:42283/
[rosmaster.master][INFO] 2023-11-01 20:46:50,217: -SUB [/visualization_marker] /rviz_1698842716547648288 http://ubuntu:42283/
[rosmaster.master][INFO] 2023-11-01 20:46:50,217: -SUB [/visualization_marker_array] /rviz_1698842716547648288 http://ubuntu:42283/
[rosmaster.master][INFO] 2023-11-01 20:46:50,219: +SUB [/svo/visible_fixed_landmarks] /rviz_1698842716547648288 http://ubuntu:42283/
[rosmaster.master][INFO] 2023-11-01 20:46:50,221: +SUB [/svo/visible_fixed_landmarks_array] /rviz_1698842716547648288 http://ubuntu:42283/
[rosmaster.master][INFO] 2023-11-01 20:46:50,249: -PUB [/clicked_point] /rviz_1698842716547648288 http://ubuntu:42283/
[rosmaster.master][INFO] 2023-11-01 20:46:50,250: -PUB [/move_base_simple/goal] /rviz_1698842716547648288 http://ubuntu:42283/
[rosmaster.master][INFO] 2023-11-01 20:46:50,251: -PUB [/initialpose] /rviz_1698842716547648288 http://ubuntu:42283/
[rosmaster.master][INFO] 2023-11-01 20:46:50,261: +PUB [/initialpose] /rviz_1698842716547648288 http://ubuntu:42283/
[rosmaster.master][INFO] 2023-11-01 20:46:50,263: +PUB [/goal] /rviz_1698842716547648288 http://ubuntu:42283/
[rosmaster.master][INFO] 2023-11-01 20:46:50,264: +PUB [/move_base_simple/goal] /rviz_1698842716547648288 http://ubuntu:42283/
[rosmaster.master][INFO] 2023-11-01 20:46:50,265: -PUB [/goal] /rviz_1698842716547648288 http://ubuntu:42283/
[rosmaster.master][INFO] 2023-11-01 20:46:50,265: +PUB [/clicked_point] /rviz_1698842716547648288 http://ubuntu:42283/
[rosmaster.master][INFO] 2023-11-01 20:46:50,331: -SUB [/svo/image/0] /rviz_1698842716547648288 http://ubuntu:42283/
[rosmaster.master][INFO] 2023-11-01 20:46:50,339: +SUB [/svo/image/0] /rviz_1698842716547648288 http://ubuntu:42283/
[rosmaster.master][INFO] 2023-11-01 20:47:34,009: +PARAM [/roslaunch/uris/host_ubuntu__36531] by /roslaunch
[rosmaster.master][INFO] 2023-11-01 20:47:34,019: +PARAM [/rosversion] by /roslaunch
[rosmaster.master][INFO] 2023-11-01 20:47:34,020: +PARAM [/rosdistro] by /roslaunch
[rosmaster.master][INFO] 2023-11-01 20:47:34,020: +PARAM [/svo/pipeline_is_stereo] by /roslaunch
[rosmaster.master][INFO] 2023-11-01 20:47:34,020: +PARAM [/svo/max_fts] by /roslaunch
[rosmaster.master][INFO] 2023-11-01 20:47:34,020: +PARAM [/svo/max_n_kfs] by /roslaunch
[rosmaster.master][INFO] 2023-11-01 20:47:34,020: +PARAM [/svo/map_scale] by /roslaunch
[rosmaster.master][INFO] 2023-11-01 20:47:34,021: +PARAM [/svo/T_world_imuinit/qx] by /roslaunch
[rosmaster.master][INFO] 2023-11-01 20:47:34,021: +PARAM [/svo/T_world_imuinit/qy] by /roslaunch
[rosmaster.master][INFO] 2023-11-01 20:47:34,021: +PARAM [/svo/T_world_imuinit/qz] by /roslaunch
[rosmaster.master][INFO] 2023-11-01 20:47:34,021: +PARAM [/svo/T_world_imuinit/qw] by /roslaunch
[rosmaster.master][INFO] 2023-11-01 20:47:34,021: +PARAM [/svo/kfselect_criterion] by /roslaunch
[rosmaster.master][INFO] 2023-11-01 20:47:34,021: +PARAM [/svo/kfselect_numkfs_upper_thresh] by /roslaunch
[rosmaster.master][INFO] 2023-11-01 20:47:34,021: +PARAM [/svo/kfselect_numkfs_lower_thresh] by /roslaunch
[rosmaster.master][INFO] 2023-11-01 20:47:34,021: +PARAM [/svo/kfselect_min_dist_metric] by /roslaunch
[rosmaster.master][INFO] 2023-11-01 20:47:34,022: +PARAM [/svo/kfselect_min_angle] by /roslaunch
[rosmaster.master][INFO] 2023-11-01 20:47:34,022: +PARAM [/svo/kfselect_min_disparity] by /roslaunch
[rosmaster.master][INFO] 2023-11-01 20:47:34,022: +PARAM [/svo/update_seeds_with_old_keyframes] by /roslaunch
[rosmaster.master][INFO] 2023-11-01 20:47:34,022: +PARAM [/svo/img_align_est_illumination_gain] by /roslaunch
[rosmaster.master][INFO] 2023-11-01 20:47:34,022: +PARAM [/svo/img_align_est_illumination_offset] by /roslaunch
[rosmaster.master][INFO] 2023-11-01 20:47:34,022: +PARAM [/svo/depth_filter_affine_est_offset] by /roslaunch
[rosmaster.master][INFO] 2023-11-01 20:47:34,022: +PARAM [/svo/depth_filter_affine_est_gain] by /roslaunch
[rosmaster.master][INFO] 2023-11-01 20:47:34,023: +PARAM [/svo/reprojector_affine_est_offset] by /roslaunch
[rosmaster.master][INFO] 2023-11-01 20:47:34,023: +PARAM [/svo/reprojector_affine_est_gain] by /roslaunch
[rosmaster.master][INFO] 2023-11-01 20:47:34,023: +PARAM [/svo/init_min_disparity] by /roslaunch
[rosmaster.master][INFO] 2023-11-01 20:47:34,023: +PARAM [/svo/grid_size] by /roslaunch
[rosmaster.master][INFO] 2023-11-01 20:47:34,023: +PARAM [/svo/n_pyr_levels] by /roslaunch
[rosmaster.master][INFO] 2023-11-01 20:47:34,023: +PARAM [/svo/detector_threshold_primary] by /roslaunch
[rosmaster.master][INFO] 2023-11-01 20:47:34,023: +PARAM [/svo/detector_threshold_secondary] by /roslaunch
[rosmaster.master][INFO] 2023-11-01 20:47:34,023: +PARAM [/svo/img_align_max_level] by /roslaunch
[rosmaster.master][INFO] 2023-11-01 20:47:34,023: +PARAM [/svo/img_align_min_level] by /roslaunch
[rosmaster.master][INFO] 2023-11-01 20:47:34,023: +PARAM [/svo/use_async_reprojectors] by /roslaunch
[rosmaster.master][INFO] 2023-11-01 20:47:34,024: +PARAM [/svo/reprojector_max_n_kfs] by /roslaunch
[rosmaster.master][INFO] 2023-11-01 20:47:34,024: +PARAM [/svo/scan_epi_unit_sphere] by /roslaunch
[rosmaster.master][INFO] 2023-11-01 20:47:34,024: +PARAM [/svo/poseoptim_thresh] by /roslaunch
[rosmaster.master][INFO] 2023-11-01 20:47:34,024: +PARAM [/svo/poseoptim_using_unit_sphere] by /roslaunch
[rosmaster.master][INFO] 2023-11-01 20:47:34,024: +PARAM [/svo/seed_convergence_sigma2_thresh] by /roslaunch
[rosmaster.master][INFO] 2023-11-01 20:47:34,024: +PARAM [/svo/use_imu] by /roslaunch
[rosmaster.master][INFO] 2023-11-01 20:47:34,024: +PARAM [/svo/poseoptim_prior_lambda] by /roslaunch
[rosmaster.master][INFO] 2023-11-01 20:47:34,024: +PARAM [/svo/img_align_prior_lambda_rot] by /roslaunch
[rosmaster.master][INFO] 2023-11-01 20:47:34,024: +PARAM [/svo/img_align_prior_lambda_trans] by /roslaunch
[rosmaster.master][INFO] 2023-11-01 20:47:34,024: +PARAM [/svo/publish_every_nth_dense_input] by /roslaunch
[rosmaster.master][INFO] 2023-11-01 20:47:34,024: +PARAM [/svo/publish_marker_scale] by /roslaunch
[rosmaster.master][INFO] 2023-11-01 20:47:34,025: +PARAM [/svo/max_depth_inv] by /roslaunch
[rosmaster.master][INFO] 2023-11-01 20:47:34,025: +PARAM [/svo/min_depth_inv] by /roslaunch
[rosmaster.master][INFO] 2023-11-01 20:47:34,025: +PARAM [/svo/mean_depth_inv] by /roslaunch
[rosmaster.master][INFO] 2023-11-01 20:47:34,025: +PARAM [/svo/use_ceres_backend] by /roslaunch
[rosmaster.master][INFO] 2023-11-01 20:47:34,025: +PARAM [/svo/cam0_topic] by /roslaunch
[rosmaster.master][INFO] 2023-11-01 20:47:34,025: +PARAM [/svo/calib_file] by /roslaunch
[rosmaster.master][INFO] 2023-11-01 20:47:34,025: +PARAM [/svo/init_rx] by /roslaunch
[rosmaster.master][INFO] 2023-11-01 20:47:34,025: +PARAM [/svo/init_ry] by /roslaunch
[rosmaster.master][INFO] 2023-11-01 20:47:34,026: +PARAM [/svo/init_rz] by /roslaunch
[rosmaster.master][INFO] 2023-11-01 20:47:34,413: +PUB [/rosout] /svo http://ubuntu:45167/
[rosmaster.master][INFO] 2023-11-01 20:47:34,414: +SERVICE [/svo/get_loggers] /svo http://ubuntu:45167/
[rosmaster.master][INFO] 2023-11-01 20:47:34,415: +SERVICE [/svo/set_logger_level] /svo http://ubuntu:45167/
[rosmaster.master][INFO] 2023-11-01 20:47:34,418: +CACHEDPARAM [/rosout_disable_topics_generation] by /svo
[rosmaster.master][INFO] 2023-11-01 20:47:34,469: publisherUpdate[/rosout] -> http://ubuntu:42563/ ['http://ubuntu:44815/', 'http://ubuntu:39827/', 'http://ubuntu:42283/', 'http://ubuntu:45167/']
[rosmaster.master][INFO] 2023-11-01 20:47:34,471: publisherUpdate[/rosout] -> http://ubuntu:42563/ ['http://ubuntu:44815/', 'http://ubuntu:39827/', 'http://ubuntu:42283/', 'http://ubuntu:45167/']: sec=0.00, result=[1, '', 0]
[rosmaster.master][INFO] 2023-11-01 20:47:34,619: +PUB [/tf] /svo http://ubuntu:45167/
[rosmaster.master][INFO] 2023-11-01 20:47:34,629: +PUB [/svo/keyframes] /svo http://ubuntu:45167/
[rosmaster.master][INFO] 2023-11-01 20:47:34,630: +PUB [/svo/points] /svo http://ubuntu:45167/
[rosmaster.master][INFO] 2023-11-01 20:47:34,636: +PUB [/svo/pose_imu] /svo http://ubuntu:45167/
[rosmaster.master][INFO] 2023-11-01 20:47:34,642: +PUB [/svo/info] /svo http://ubuntu:45167/
[rosmaster.master][INFO] 2023-11-01 20:47:34,644: +PUB [/svo/markers] /svo http://ubuntu:45167/
[rosmaster.master][INFO] 2023-11-01 20:47:34,645: +PUB [/svo/pointcloud] /svo http://ubuntu:45167/
[rosmaster.master][INFO] 2023-11-01 20:47:34,670: publisherUpdate[/tf] -> http://ubuntu:42283/ ['http://ubuntu:39827/', 'http://ubuntu:45167/']
[rosmaster.master][INFO] 2023-11-01 20:47:34,677: publisherUpdate[/tf] -> http://ubuntu:42283/ ['http://ubuntu:39827/', 'http://ubuntu:45167/']: sec=0.01, result=[1, '', 0]
[rosmaster.master][INFO] 2023-11-01 20:47:34,677: publisherUpdate[/svo/keyframes] -> http://ubuntu:42283/ ['http://ubuntu:45167/']
[rosmaster.master][INFO] 2023-11-01 20:47:34,678: +PUB [/svo/dense_input/0] /svo http://ubuntu:45167/
[rosmaster.master][INFO] 2023-11-01 20:47:34,679: publisherUpdate[/svo/keyframes] -> http://ubuntu:42283/ ['http://ubuntu:45167/']: sec=0.00, result=[1, '', 0]
[rosmaster.master][INFO] 2023-11-01 20:47:34,679: publisherUpdate[/svo/points] -> http://ubuntu:42283/ ['http://ubuntu:45167/']
[rosmaster.master][INFO] 2023-11-01 20:47:34,680: publisherUpdate[/svo/points] -> http://ubuntu:42283/ ['http://ubuntu:45167/']: sec=0.00, result=[1, '', 0]
[rosmaster.master][INFO] 2023-11-01 20:47:34,683: +PUB [/svo/image/0/compressedDepth] /svo http://ubuntu:45167/
[rosmaster.master][INFO] 2023-11-01 20:47:34,684: +SERVICE [/svo/image/0/compressedDepth/set_parameters] /svo http://ubuntu:45167/
[rosmaster.master][INFO] 2023-11-01 20:47:34,685: +PUB [/svo/image/0/compressedDepth/parameter_descriptions] /svo http://ubuntu:45167/
[rosmaster.master][INFO] 2023-11-01 20:47:34,686: +PUB [/svo/image/0/compressedDepth/parameter_updates] /svo http://ubuntu:45167/
[rosmaster.master][INFO] 2023-11-01 20:47:34,694: +PARAM [/svo/image/0/compressedDepth/format] by /svo
[rosmaster.master][INFO] 2023-11-01 20:47:34,695: +PARAM [/svo/image/0/compressedDepth/depth_max] by /svo
[rosmaster.master][INFO] 2023-11-01 20:47:34,695: +PARAM [/svo/image/0/compressedDepth/depth_quantization] by /svo
[rosmaster.master][INFO] 2023-11-01 20:47:34,696: +PARAM [/svo/image/0/compressedDepth/png_level] by /svo
[rosmaster.master][INFO] 2023-11-01 20:47:34,696: +PARAM [/svo/image/0/compressedDepth/format] by /svo
[rosmaster.master][INFO] 2023-11-01 20:47:34,697: +PARAM [/svo/image/0/compressedDepth/depth_max] by /svo
[rosmaster.master][INFO] 2023-11-01 20:47:34,702: +PARAM [/svo/image/0/compressedDepth/depth_quantization] by /svo
[rosmaster.master][INFO] 2023-11-01 20:47:34,705: +PARAM [/svo/image/0/compressedDepth/png_level] by /svo
[rosmaster.master][INFO] 2023-11-01 20:47:34,709: +PUB [/svo/image/0/compressed] /svo http://ubuntu:45167/
[rosmaster.master][INFO] 2023-11-01 20:47:34,710: +SERVICE [/svo/image/0/compressed/set_parameters] /svo http://ubuntu:45167/
[rosmaster.master][INFO] 2023-11-01 20:47:34,711: +PUB [/svo/image/0/compressed/parameter_descriptions] /svo http://ubuntu:45167/
[rosmaster.master][INFO] 2023-11-01 20:47:34,711: +PUB [/svo/image/0/compressed/parameter_updates] /svo http://ubuntu:45167/
[rosmaster.master][INFO] 2023-11-01 20:47:34,715: +PARAM [/svo/image/0/compressed/format] by /svo
[rosmaster.master][INFO] 2023-11-01 20:47:34,717: +PARAM [/svo/image/0/compressed/jpeg_quality] by /svo
[rosmaster.master][INFO] 2023-11-01 20:47:34,717: +PARAM [/svo/image/0/compressed/jpeg_progressive] by /svo
[rosmaster.master][INFO] 2023-11-01 20:47:34,719: +PARAM [/svo/image/0/compressed/jpeg_optimize] by /svo
[rosmaster.master][INFO] 2023-11-01 20:47:34,720: +PARAM [/svo/image/0/compressed/jpeg_restart_interval] by /svo
[rosmaster.master][INFO] 2023-11-01 20:47:34,721: +PARAM [/svo/image/0/compressed/png_level] by /svo
[rosmaster.master][INFO] 2023-11-01 20:47:34,723: +PARAM [/svo/image/0/compressed/format] by /svo
[rosmaster.master][INFO] 2023-11-01 20:47:34,724: +PARAM [/svo/image/0/compressed/jpeg_quality] by /svo
[rosmaster.master][INFO] 2023-11-01 20:47:34,726: +PARAM [/svo/image/0/compressed/jpeg_progressive] by /svo
[rosmaster.master][INFO] 2023-11-01 20:47:34,727: +PARAM [/svo/image/0/compressed/jpeg_optimize] by /svo
[rosmaster.master][INFO] 2023-11-01 20:47:34,728: +PARAM [/svo/image/0/compressed/jpeg_restart_interval] by /svo
[rosmaster.master][INFO] 2023-11-01 20:47:34,729: +PARAM [/svo/image/0/compressed/png_level] by /svo
[rosmaster.master][INFO] 2023-11-01 20:47:34,736: +PUB [/svo/image/0] /svo http://ubuntu:45167/
[rosmaster.master][INFO] 2023-11-01 20:47:34,746: +PUB [/svo/image/0/theora] /svo http://ubuntu:45167/
[rosmaster.master][INFO] 2023-11-01 20:47:34,747: +SERVICE [/svo/image/0/theora/set_parameters] /svo http://ubuntu:45167/
[rosmaster.master][INFO] 2023-11-01 20:47:34,748: +PUB [/svo/image/0/theora/parameter_descriptions] /svo http://ubuntu:45167/
[rosmaster.master][INFO] 2023-11-01 20:47:34,749: +PUB [/svo/image/0/theora/parameter_updates] /svo http://ubuntu:45167/
[rosmaster.master][INFO] 2023-11-01 20:47:34,751: +PARAM [/svo/image/0/theora/optimize_for] by /svo
[rosmaster.master][INFO] 2023-11-01 20:47:34,752: +PARAM [/svo/image/0/theora/target_bitrate] by /svo
[rosmaster.master][INFO] 2023-11-01 20:47:34,753: +PARAM [/svo/image/0/theora/quality] by /svo
[rosmaster.master][INFO] 2023-11-01 20:47:34,753: +PARAM [/svo/image/0/theora/keyframe_frequency] by /svo
[rosmaster.master][INFO] 2023-11-01 20:47:34,754: +PARAM [/svo/image/0/theora/optimize_for] by /svo
[rosmaster.master][INFO] 2023-11-01 20:47:34,755: +PARAM [/svo/image/0/theora/target_bitrate] by /svo
[rosmaster.master][INFO] 2023-11-01 20:47:34,755: +PARAM [/svo/image/0/theora/quality] by /svo
[rosmaster.master][INFO] 2023-11-01 20:47:34,756: +PARAM [/svo/image/0/theora/keyframe_frequency] by /svo
[rosmaster.master][INFO] 2023-11-01 20:47:34,757: +PUB [/svo/pose_cam/0] /svo http://ubuntu:45167/
[rosmaster.master][INFO] 2023-11-01 20:47:34,757: +PUB [/svo/loop_closures] /svo http://ubuntu:45167/
[rosmaster.master][INFO] 2023-11-01 20:47:34,758: +PUB [/svo/pose_graph] /svo http://ubuntu:45167/
[rosmaster.master][INFO] 2023-11-01 20:47:34,758: +PUB [/svo/pose_graph_pointcloud] /svo http://ubuntu:45167/
[rosmaster.master][INFO] 2023-11-01 20:47:34,767: +SUB [/svo/remote_key] /svo http://ubuntu:45167/
[rosmaster.master][INFO] 2023-11-01 20:47:34,772: publisherUpdate[/svo/image/0] -> http://ubuntu:42283/ ['http://ubuntu:45167/']
[rosmaster.master][INFO] 2023-11-01 20:47:34,776: +SUB [/camera/infra1/image_rect_raw] /svo http://ubuntu:45167/
[rosmaster.master][INFO] 2023-11-01 20:47:34,777: publisherUpdate[/svo/image/0] -> http://ubuntu:42283/ ['http://ubuntu:45167/']: sec=0.00, result=[1, '', 0]
[rosmaster.master][INFO] 2023-11-01 20:47:34,777: publisherUpdate[/svo/loop_closures] -> http://ubuntu:42283/ ['http://ubuntu:45167/']
[rosmaster.master][INFO] 2023-11-01 20:47:34,778: publisherUpdate[/svo/loop_closures] -> http://ubuntu:42283/ ['http://ubuntu:45167/']: sec=0.00, result=[1, '', 0]
[rosmaster.master][INFO] 2023-11-01 20:47:34,778: publisherUpdate[/svo/pose_graph] -> http://ubuntu:42283/ ['http://ubuntu:45167/']
[rosmaster.master][INFO] 2023-11-01 20:47:34,779: publisherUpdate[/svo/pose_graph] -> http://ubuntu:42283/ ['http://ubuntu:45167/']: sec=0.00, result=[1, '', 0]
[rosmaster.master][INFO] 2023-11-01 20:47:34,779: publisherUpdate[/svo/pose_graph_pointcloud] -> http://ubuntu:42283/ ['http://ubuntu:45167/']
[rosmaster.master][INFO] 2023-11-01 20:47:34,780: publisherUpdate[/svo/pose_graph_pointcloud] -> http://ubuntu:42283/ ['http://ubuntu:45167/']: sec=0.00, result=[1, '', 0]
[rosmaster.master][INFO] 2023-11-01 20:47:48,915: -PUB [/rosout] /svo http://ubuntu:45167/
[rosmaster.master][INFO] 2023-11-01 20:47:48,916: -PUB [/tf] /svo http://ubuntu:45167/
[rosmaster.master][INFO] 2023-11-01 20:47:48,917: -PUB [/svo/keyframes] /svo http://ubuntu:45167/
[rosmaster.master][INFO] 2023-11-01 20:47:48,919: -PUB [/svo/points] /svo http://ubuntu:45167/
[rosmaster.master][INFO] 2023-11-01 20:47:48,920: -PUB [/svo/pose_imu] /svo http://ubuntu:45167/
[rosmaster.master][INFO] 2023-11-01 20:47:48,921: -PUB [/svo/info] /svo http://ubuntu:45167/
[rosmaster.master][INFO] 2023-11-01 20:47:48,921: -PUB [/svo/markers] /svo http://ubuntu:45167/
[rosmaster.master][INFO] 2023-11-01 20:47:48,922: -PUB [/svo/pointcloud] /svo http://ubuntu:45167/
[rosmaster.master][INFO] 2023-11-01 20:47:48,922: -PUB [/svo/dense_input/0] /svo http://ubuntu:45167/
[rosmaster.master][INFO] 2023-11-01 20:47:48,923: -PUB [/svo/image/0/compressedDepth] /svo http://ubuntu:45167/
[rosmaster.master][INFO] 2023-11-01 20:47:48,923: -PUB [/svo/image/0/compressedDepth/parameter_descriptions] /svo http://ubuntu:45167/
[rosmaster.master][INFO] 2023-11-01 20:47:48,924: -PUB [/svo/image/0/compressedDepth/parameter_updates] /svo http://ubuntu:45167/
[rosmaster.master][INFO] 2023-11-01 20:47:48,924: -PUB [/svo/image/0/compressed] /svo http://ubuntu:45167/
[rosmaster.master][INFO] 2023-11-01 20:47:48,925: -PUB [/svo/image/0/compressed/parameter_descriptions] /svo http://ubuntu:45167/
[rosmaster.master][INFO] 2023-11-01 20:47:48,925: -PUB [/svo/image/0/compressed/parameter_updates] /svo http://ubuntu:45167/
[rosmaster.master][INFO] 2023-11-01 20:47:48,926: -PUB [/svo/image/0] /svo http://ubuntu:45167/
[rosmaster.master][INFO] 2023-11-01 20:47:48,926: -PUB [/svo/image/0/theora] /svo http://ubuntu:45167/
[rosmaster.master][INFO] 2023-11-01 20:47:48,927: -PUB [/svo/image/0/theora/parameter_descriptions] /svo http://ubuntu:45167/
[rosmaster.master][INFO] 2023-11-01 20:47:48,927: -PUB [/svo/image/0/theora/parameter_updates] /svo http://ubuntu:45167/
[rosmaster.master][INFO] 2023-11-01 20:47:48,928: -PUB [/svo/pose_cam/0] /svo http://ubuntu:45167/
[rosmaster.master][INFO] 2023-11-01 20:47:48,930: -PUB [/svo/loop_closures] /svo http://ubuntu:45167/
[rosmaster.master][INFO] 2023-11-01 20:47:48,930: -PUB [/svo/pose_graph] /svo http://ubuntu:45167/
[rosmaster.master][INFO] 2023-11-01 20:47:48,931: -PUB [/svo/pose_graph_pointcloud] /svo http://ubuntu:45167/
[rosmaster.master][INFO] 2023-11-01 20:47:48,932: -SUB [/svo/remote_key] /svo http://ubuntu:45167/
[rosmaster.master][INFO] 2023-11-01 20:47:48,932: -SUB [/camera/infra1/image_rect_raw] /svo http://ubuntu:45167/
[rosmaster.master][INFO] 2023-11-01 20:47:48,933: -SERVICE [/svo/get_loggers] /svo rosrpc://ubuntu:34901
[rosmaster.master][INFO] 2023-11-01 20:47:48,934: -SERVICE [/svo/set_logger_level] /svo rosrpc://ubuntu:34901
[rosmaster.master][INFO] 2023-11-01 20:47:48,934: -SERVICE [/svo/image/0/compressedDepth/set_parameters] /svo rosrpc://ubuntu:34901
[rosmaster.master][INFO] 2023-11-01 20:47:48,935: -SERVICE [/svo/image/0/compressed/set_parameters] /svo rosrpc://ubuntu:34901
[rosmaster.master][INFO] 2023-11-01 20:47:48,935: -SERVICE [/svo/image/0/theora/set_parameters] /svo rosrpc://ubuntu:34901
[rosmaster.master][INFO] 2023-11-01 20:47:48,936: -CACHEDPARAM [/rosout_disable_topics_generation] by /svo
[rosmaster.master][INFO] 2023-11-01 20:47:49,012: publisherUpdate[/rosout] -> http://ubuntu:42563/ ['http://ubuntu:44815/', 'http://ubuntu:39827/', 'http://ubuntu:42283/']
[rosmaster.master][INFO] 2023-11-01 20:47:49,013: publisherUpdate[/tf] -> http://ubuntu:42283/ ['http://ubuntu:39827/']
[rosmaster.master][INFO] 2023-11-01 20:47:49,014: publisherUpdate[/rosout] -> http://ubuntu:42563/ ['http://ubuntu:44815/', 'http://ubuntu:39827/', 'http://ubuntu:42283/']: sec=0.00, result=[1, '', 0]
[rosmaster.master][INFO] 2023-11-01 20:47:49,015: publisherUpdate[/tf] -> http://ubuntu:42283/ ['http://ubuntu:39827/']: sec=0.00, result=[1, '', 0]
[rosmaster.master][INFO] 2023-11-01 20:47:49,015: publisherUpdate[/svo/keyframes] -> http://ubuntu:42283/ []
[rosmaster.master][INFO] 2023-11-01 20:47:49,015: publisherUpdate[/svo/keyframes] -> http://ubuntu:42283/ []: sec=0.00, result=[1, '', 0]
[rosmaster.master][INFO] 2023-11-01 20:47:49,016: publisherUpdate[/svo/points] -> http://ubuntu:42283/ []
[rosmaster.master][INFO] 2023-11-01 20:47:49,016: publisherUpdate[/svo/points] -> http://ubuntu:42283/ []: sec=0.00, result=[1, '', 0]
[rosmaster.master][INFO] 2023-11-01 20:47:49,016: publisherUpdate[/svo/image/0] -> http://ubuntu:42283/ []
[rosmaster.master][INFO] 2023-11-01 20:47:49,017: publisherUpdate[/svo/image/0] -> http://ubuntu:42283/ []: sec=0.00, result=[1, '', 0]
[rosmaster.master][INFO] 2023-11-01 20:47:49,017: publisherUpdate[/svo/loop_closures] -> http://ubuntu:42283/ []
[rosmaster.master][INFO] 2023-11-01 20:47:49,018: publisherUpdate[/svo/loop_closures] -> http://ubuntu:42283/ []: sec=0.00, result=[1, '', 0]
[rosmaster.master][INFO] 2023-11-01 20:47:49,018: publisherUpdate[/svo/pose_graph] -> http://ubuntu:42283/ []
[rosmaster.master][INFO] 2023-11-01 20:47:49,019: publisherUpdate[/svo/pose_graph] -> http://ubuntu:42283/ []: sec=0.00, result=[1, '', 0]
[rosmaster.master][INFO] 2023-11-01 20:47:49,019: publisherUpdate[/svo/pose_graph_pointcloud] -> http://ubuntu:42283/ []
[rosmaster.master][INFO] 2023-11-01 20:47:49,020: publisherUpdate[/svo/pose_graph_pointcloud] -> http://ubuntu:42283/ []: sec=0.00, result=[1, '', 0]
[rosmaster.master][INFO] 2023-11-01 20:49:01,447: -SUB [/svo/visible_fixed_landmarks] /rviz_1698842716547648288 http://ubuntu:42283/
[rosmaster.master][INFO] 2023-11-01 20:49:01,448: -SUB [/svo/visible_fixed_landmarks_array] /rviz_1698842716547648288 http://ubuntu:42283/
[rosmaster.master][INFO] 2023-11-01 20:49:01,450: -SUB [/svo/global_map_pts] /rviz_1698842716547648288 http://ubuntu:42283/
[rosmaster.master][INFO] 2023-11-01 20:49:01,451: -SUB [/svo/global_map_query_kfs] /rviz_1698842716547648288 http://ubuntu:42283/
[rosmaster.master][INFO] 2023-11-01 20:49:01,453: -SUB [/svo/backend_points] /rviz_1698842716547648288 http://ubuntu:42283/
[rosmaster.master][INFO] 2023-11-01 20:49:01,453: -SUB [/svo/pose_graph_pointcloud] /rviz_1698842716547648288 http://ubuntu:42283/
[rosmaster.master][INFO] 2023-11-01 20:49:01,455: -SUB [/svo/pose_graph] /rviz_1698842716547648288 http://ubuntu:42283/
[rosmaster.master][INFO] 2023-11-01 20:49:01,456: -SUB [/svo/keyframes] /rviz_1698842716547648288 http://ubuntu:42283/
[rosmaster.master][INFO] 2023-11-01 20:49:01,457: -SUB [/svo/keyframes_array] /rviz_1698842716547648288 http://ubuntu:42283/
[rosmaster.master][INFO] 2023-11-01 20:49:01,466: -SUB [/svo/loop_closures] /rviz_1698842716547648288 http://ubuntu:42283/
[rosmaster.master][INFO] 2023-11-01 20:49:01,467: -SUB [/svo/loop_closures_array] /rviz_1698842716547648288 http://ubuntu:42283/
[rosmaster.master][INFO] 2023-11-01 20:49:01,470: -SUB [/svo/image/0] /rviz_1698842716547648288 http://ubuntu:42283/
[rosmaster.master][INFO] 2023-11-01 20:49:01,471: -SUB [/svo/backend_pose_imu_viz] /rviz_1698842716547648288 http://ubuntu:42283/
[rosmaster.master][INFO] 2023-11-01 20:49:01,472: -SUB [/svo/points] /rviz_1698842716547648288 http://ubuntu:42283/
[rosmaster.master][INFO] 2023-11-01 20:49:01,473: -SUB [/svo/points_array] /rviz_1698842716547648288 http://ubuntu:42283/
[rosmaster.master][INFO] 2023-11-01 20:49:01,539: +SUB [/svo/backend_pose_imu_viz] /rviz_1698842716547648288 http://ubuntu:42283/
[rosmaster.master][INFO] 2023-11-01 20:49:01,546: +SUB [/svo/global_map_query_kfs] /rviz_1698842716547648288 http://ubuntu:42283/
[rosmaster.master][INFO] 2023-11-01 20:49:01,550: +SUB [/visualization_marker] /rviz_1698842716547648288 http://ubuntu:42283/
[rosmaster.master][INFO] 2023-11-01 20:49:01,552: +SUB [/visualization_marker_array] /rviz_1698842716547648288 http://ubuntu:42283/
[rosmaster.master][INFO] 2023-11-01 20:49:01,553: -SUB [/visualization_marker] /rviz_1698842716547648288 http://ubuntu:42283/
[rosmaster.master][INFO] 2023-11-01 20:49:01,553: -SUB [/visualization_marker_array] /rviz_1698842716547648288 http://ubuntu:42283/
[rosmaster.master][INFO] 2023-11-01 20:49:01,556: +SUB [/svo/points] /rviz_1698842716547648288 http://ubuntu:42283/
[rosmaster.master][INFO] 2023-11-01 20:49:01,559: +SUB [/svo/points_array] /rviz_1698842716547648288 http://ubuntu:42283/
[rosmaster.master][INFO] 2023-11-01 20:49:01,666: +SUB [/svo/image/0] /rviz_1698842716547648288 http://ubuntu:42283/
[rosmaster.master][INFO] 2023-11-01 20:49:01,670: +SUB [/visualization_marker] /rviz_1698842716547648288 http://ubuntu:42283/
[rosmaster.master][INFO] 2023-11-01 20:49:01,672: +SUB [/visualization_marker_array] /rviz_1698842716547648288 http://ubuntu:42283/
[rosmaster.master][INFO] 2023-11-01 20:49:01,673: -SUB [/visualization_marker] /rviz_1698842716547648288 http://ubuntu:42283/
[rosmaster.master][INFO] 2023-11-01 20:49:01,673: -SUB [/visualization_marker_array] /rviz_1698842716547648288 http://ubuntu:42283/
[rosmaster.master][INFO] 2023-11-01 20:49:01,675: +SUB [/svo/keyframes] /rviz_1698842716547648288 http://ubuntu:42283/
[rosmaster.master][INFO] 2023-11-01 20:49:01,679: +SUB [/svo/keyframes_array] /rviz_1698842716547648288 http://ubuntu:42283/
[rosmaster.master][INFO] 2023-11-01 20:49:01,682: +SUB [/visualization_marker] /rviz_1698842716547648288 http://ubuntu:42283/
[rosmaster.master][INFO] 2023-11-01 20:49:01,684: +SUB [/visualization_marker_array] /rviz_1698842716547648288 http://ubuntu:42283/
[rosmaster.master][INFO] 2023-11-01 20:49:01,685: -SUB [/visualization_marker] /rviz_1698842716547648288 http://ubuntu:42283/
[rosmaster.master][INFO] 2023-11-01 20:49:01,685: -SUB [/visualization_marker_array] /rviz_1698842716547648288 http://ubuntu:42283/
[rosmaster.master][INFO] 2023-11-01 20:49:01,687: +SUB [/svo/visible_fixed_landmarks] /rviz_1698842716547648288 http://ubuntu:42283/
[rosmaster.master][INFO] 2023-11-01 20:49:01,691: +SUB [/svo/visible_fixed_landmarks_array] /rviz_1698842716547648288 http://ubuntu:42283/
[rosmaster.master][INFO] 2023-11-01 20:49:01,696: +SUB [/svo/pose_graph_pointcloud] /rviz_1698842716547648288 http://ubuntu:42283/
[rosmaster.master][INFO] 2023-11-01 20:49:01,701: +SUB [/svo/global_map_pts] /rviz_1698842716547648288 http://ubuntu:42283/
[rosmaster.master][INFO] 2023-11-01 20:49:01,705: +SUB [/visualization_marker] /rviz_1698842716547648288 http://ubuntu:42283/
[rosmaster.master][INFO] 2023-11-01 20:49:01,708: +SUB [/visualization_marker_array] /rviz_1698842716547648288 http://ubuntu:42283/
[rosmaster.master][INFO] 2023-11-01 20:49:01,708: -SUB [/visualization_marker] /rviz_1698842716547648288 http://ubuntu:42283/
[rosmaster.master][INFO] 2023-11-01 20:49:01,709: -SUB [/visualization_marker_array] /rviz_1698842716547648288 http://ubuntu:42283/
[rosmaster.master][INFO] 2023-11-01 20:49:01,711: +SUB [/svo/loop_closures] /rviz_1698842716547648288 http://ubuntu:42283/
[rosmaster.master][INFO] 2023-11-01 20:49:01,714: +SUB [/svo/loop_closures_array] /rviz_1698842716547648288 http://ubuntu:42283/
[rosmaster.master][INFO] 2023-11-01 20:49:01,718: +SUB [/svo/pose_graph] /rviz_1698842716547648288 http://ubuntu:42283/
[rosmaster.master][INFO] 2023-11-01 20:49:01,724: +SUB [/svo/backend_points] /rviz_1698842716547648288 http://ubuntu:42283/
[rosmaster.master][INFO] 2023-11-01 20:49:01,759: -PUB [/clicked_point] /rviz_1698842716547648288 http://ubuntu:42283/
[rosmaster.master][INFO] 2023-11-01 20:49:01,760: -PUB [/move_base_simple/goal] /rviz_1698842716547648288 http://ubuntu:42283/
[rosmaster.master][INFO] 2023-11-01 20:49:01,761: -PUB [/initialpose] /rviz_1698842716547648288 http://ubuntu:42283/
[rosmaster.master][INFO] 2023-11-01 20:49:01,766: +PUB [/initialpose] /rviz_1698842716547648288 http://ubuntu:42283/
[rosmaster.master][INFO] 2023-11-01 20:49:01,771: +PUB [/goal] /rviz_1698842716547648288 http://ubuntu:42283/
[rosmaster.master][INFO] 2023-11-01 20:49:01,775: +PUB [/move_base_simple/goal] /rviz_1698842716547648288 http://ubuntu:42283/
[rosmaster.master][INFO] 2023-11-01 20:49:01,776: -PUB [/goal] /rviz_1698842716547648288 http://ubuntu:42283/
[rosmaster.master][INFO] 2023-11-01 20:49:01,778: +PUB [/clicked_point] /rviz_1698842716547648288 http://ubuntu:42283/
[rosmaster.master][INFO] 2023-11-01 20:49:01,839: -SUB [/svo/image/0] /rviz_1698842716547648288 http://ubuntu:42283/
[rosmaster.master][INFO] 2023-11-01 20:49:01,871: +SUB [/svo/image/0] /rviz_1698842716547648288 http://ubuntu:42283/
[rosmaster.master][INFO] 2023-11-01 20:50:22,867: +PARAM [/roslaunch/uris/host_ubuntu__33647] by /roslaunch
[rosmaster.master][INFO] 2023-11-01 20:50:22,872: -PARAM [/svo] by /roslaunch
[rosmaster.master][INFO] 2023-11-01 20:50:22,877: +PARAM [/rosversion] by /roslaunch
[rosmaster.master][INFO] 2023-11-01 20:50:22,878: +PARAM [/rosdistro] by /roslaunch
[rosmaster.master][INFO] 2023-11-01 20:50:22,878: +PARAM [/svo/pipeline_is_stereo] by /roslaunch
[rosmaster.master][INFO] 2023-11-01 20:50:22,878: +PARAM [/svo/max_fts] by /roslaunch
[rosmaster.master][INFO] 2023-11-01 20:50:22,878: +PARAM [/svo/max_n_kfs] by /roslaunch
[rosmaster.master][INFO] 2023-11-01 20:50:22,878: +PARAM [/svo/map_scale] by /roslaunch
[rosmaster.master][INFO] 2023-11-01 20:50:22,878: +PARAM [/svo/T_world_imuinit/qx] by /roslaunch
[rosmaster.master][INFO] 2023-11-01 20:50:22,878: +PARAM [/svo/T_world_imuinit/qy] by /roslaunch
[rosmaster.master][INFO] 2023-11-01 20:50:22,879: +PARAM [/svo/T_world_imuinit/qz] by /roslaunch
[rosmaster.master][INFO] 2023-11-01 20:50:22,879: +PARAM [/svo/T_world_imuinit/qw] by /roslaunch
[rosmaster.master][INFO] 2023-11-01 20:50:22,879: +PARAM [/svo/kfselect_criterion] by /roslaunch
[rosmaster.master][INFO] 2023-11-01 20:50:22,879: +PARAM [/svo/kfselect_numkfs_upper_thresh] by /roslaunch
[rosmaster.master][INFO] 2023-11-01 20:50:22,879: +PARAM [/svo/kfselect_numkfs_lower_thresh] by /roslaunch
[rosmaster.master][INFO] 2023-11-01 20:50:22,879: +PARAM [/svo/kfselect_min_dist_metric] by /roslaunch
[rosmaster.master][INFO] 2023-11-01 20:50:22,879: +PARAM [/svo/kfselect_min_angle] by /roslaunch
[rosmaster.master][INFO] 2023-11-01 20:50:22,880: +PARAM [/svo/kfselect_min_disparity] by /roslaunch
[rosmaster.master][INFO] 2023-11-01 20:50:22,880: +PARAM [/svo/update_seeds_with_old_keyframes] by /roslaunch
[rosmaster.master][INFO] 2023-11-01 20:50:22,880: +PARAM [/svo/img_align_est_illumination_gain] by /roslaunch
[rosmaster.master][INFO] 2023-11-01 20:50:22,880: +PARAM [/svo/img_align_est_illumination_offset] by /roslaunch
[rosmaster.master][INFO] 2023-11-01 20:50:22,880: +PARAM [/svo/depth_filter_affine_est_offset] by /roslaunch
[rosmaster.master][INFO] 2023-11-01 20:50:22,880: +PARAM [/svo/depth_filter_affine_est_gain] by /roslaunch
[rosmaster.master][INFO] 2023-11-01 20:50:22,880: +PARAM [/svo/reprojector_affine_est_offset] by /roslaunch
[rosmaster.master][INFO] 2023-11-01 20:50:22,880: +PARAM [/svo/reprojector_affine_est_gain] by /roslaunch
[rosmaster.master][INFO] 2023-11-01 20:50:22,880: +PARAM [/svo/init_min_disparity] by /roslaunch
[rosmaster.master][INFO] 2023-11-01 20:50:22,880: +PARAM [/svo/grid_size] by /roslaunch
[rosmaster.master][INFO] 2023-11-01 20:50:22,881: +PARAM [/svo/n_pyr_levels] by /roslaunch
[rosmaster.master][INFO] 2023-11-01 20:50:22,881: +PARAM [/svo/detector_threshold_primary] by /roslaunch
[rosmaster.master][INFO] 2023-11-01 20:50:22,881: +PARAM [/svo/detector_threshold_secondary] by /roslaunch
[rosmaster.master][INFO] 2023-11-01 20:50:22,881: +PARAM [/svo/img_align_max_level] by /roslaunch
[rosmaster.master][INFO] 2023-11-01 20:50:22,881: +PARAM [/svo/img_align_min_level] by /roslaunch
[rosmaster.master][INFO] 2023-11-01 20:50:22,881: +PARAM [/svo/use_async_reprojectors] by /roslaunch
[rosmaster.master][INFO] 2023-11-01 20:50:22,882: +PARAM [/svo/reprojector_max_n_kfs] by /roslaunch
[rosmaster.master][INFO] 2023-11-01 20:50:22,882: +PARAM [/svo/scan_epi_unit_sphere] by /roslaunch
[rosmaster.master][INFO] 2023-11-01 20:50:22,882: +PARAM [/svo/poseoptim_thresh] by /roslaunch
[rosmaster.master][INFO] 2023-11-01 20:50:22,882: +PARAM [/svo/poseoptim_using_unit_sphere] by /roslaunch
[rosmaster.master][INFO] 2023-11-01 20:50:22,883: +PARAM [/svo/seed_convergence_sigma2_thresh] by /roslaunch
[rosmaster.master][INFO] 2023-11-01 20:50:22,883: +PARAM [/svo/use_imu] by /roslaunch
[rosmaster.master][INFO] 2023-11-01 20:50:22,883: +PARAM [/svo/poseoptim_prior_lambda] by /roslaunch
[rosmaster.master][INFO] 2023-11-01 20:50:22,883: +PARAM [/svo/img_align_prior_lambda_rot] by /roslaunch
[rosmaster.master][INFO] 2023-11-01 20:50:22,883: +PARAM [/svo/img_align_prior_lambda_trans] by /roslaunch
[rosmaster.master][INFO] 2023-11-01 20:50:22,884: +PARAM [/svo/publish_every_nth_dense_input] by /roslaunch
[rosmaster.master][INFO] 2023-11-01 20:50:22,884: +PARAM [/svo/publish_marker_scale] by /roslaunch
[rosmaster.master][INFO] 2023-11-01 20:50:22,884: +PARAM [/svo/max_depth_inv] by /roslaunch
[rosmaster.master][INFO] 2023-11-01 20:50:22,884: +PARAM [/svo/min_depth_inv] by /roslaunch
[rosmaster.master][INFO] 2023-11-01 20:50:22,884: +PARAM [/svo/mean_depth_inv] by /roslaunch
[rosmaster.master][INFO] 2023-11-01 20:50:22,884: +PARAM [/svo/use_ceres_backend] by /roslaunch
[rosmaster.master][INFO] 2023-11-01 20:50:22,884: +PARAM [/svo/cam0_topic] by /roslaunch
[rosmaster.master][INFO] 2023-11-01 20:50:22,884: +PARAM [/svo/calib_file] by /roslaunch
[rosmaster.master][INFO] 2023-11-01 20:50:22,884: +PARAM [/svo/init_rx] by /roslaunch
[rosmaster.master][INFO] 2023-11-01 20:50:22,884: +PARAM [/svo/init_ry] by /roslaunch
[rosmaster.master][INFO] 2023-11-01 20:50:22,884: +PARAM [/svo/init_rz] by /roslaunch
[rosmaster.master][INFO] 2023-11-01 20:50:23,247: +PUB [/rosout] /svo http://ubuntu:33225/
[rosmaster.master][INFO] 2023-11-01 20:50:23,250: +SERVICE [/svo/get_loggers] /svo http://ubuntu:33225/
[rosmaster.master][INFO] 2023-11-01 20:50:23,251: +SERVICE [/svo/set_logger_level] /svo http://ubuntu:33225/
[rosmaster.master][INFO] 2023-11-01 20:50:23,254: +CACHEDPARAM [/rosout_disable_topics_generation] by /svo
[rosmaster.master][INFO] 2023-11-01 20:50:23,297: publisherUpdate[/rosout] -> http://ubuntu:42563/ ['http://ubuntu:44815/', 'http://ubuntu:39827/', 'http://ubuntu:42283/', 'http://ubuntu:33225/']
[rosmaster.master][INFO] 2023-11-01 20:50:23,299: publisherUpdate[/rosout] -> http://ubuntu:42563/ ['http://ubuntu:44815/', 'http://ubuntu:39827/', 'http://ubuntu:42283/', 'http://ubuntu:33225/']: sec=0.00, result=[1, '', 0]
[rosmaster.master][INFO] 2023-11-01 20:50:23,386: +PUB [/tf] /svo http://ubuntu:33225/
[rosmaster.master][INFO] 2023-11-01 20:50:23,392: +PUB [/svo/keyframes] /svo http://ubuntu:33225/
[rosmaster.master][INFO] 2023-11-01 20:50:23,394: +PUB [/svo/points] /svo http://ubuntu:33225/
[rosmaster.master][INFO] 2023-11-01 20:50:23,395: +PUB [/svo/pose_imu] /svo http://ubuntu:33225/
[rosmaster.master][INFO] 2023-11-01 20:50:23,396: +PUB [/svo/info] /svo http://ubuntu:33225/
[rosmaster.master][INFO] 2023-11-01 20:50:23,397: +PUB [/svo/markers] /svo http://ubuntu:33225/
[rosmaster.master][INFO] 2023-11-01 20:50:23,397: +PUB [/svo/pointcloud] /svo http://ubuntu:33225/
[rosmaster.master][INFO] 2023-11-01 20:50:23,398: publisherUpdate[/tf] -> http://ubuntu:42283/ ['http://ubuntu:39827/', 'http://ubuntu:33225/']
[rosmaster.master][INFO] 2023-11-01 20:50:23,402: publisherUpdate[/tf] -> http://ubuntu:42283/ ['http://ubuntu:39827/', 'http://ubuntu:33225/']: sec=0.00, result=[1, '', 0]
[rosmaster.master][INFO] 2023-11-01 20:50:23,402: publisherUpdate[/svo/keyframes] -> http://ubuntu:42283/ ['http://ubuntu:33225/']
[rosmaster.master][INFO] 2023-11-01 20:50:23,406: publisherUpdate[/svo/keyframes] -> http://ubuntu:42283/ ['http://ubuntu:33225/']: sec=0.00, result=[1, '', 0]
[rosmaster.master][INFO] 2023-11-01 20:50:23,406: publisherUpdate[/svo/points] -> http://ubuntu:42283/ ['http://ubuntu:33225/']
[rosmaster.master][INFO] 2023-11-01 20:50:23,410: publisherUpdate[/svo/points] -> http://ubuntu:42283/ ['http://ubuntu:33225/']: sec=0.00, result=[1, '', 0]
[rosmaster.master][INFO] 2023-11-01 20:50:23,412: +PUB [/svo/dense_input/0] /svo http://ubuntu:33225/
[rosmaster.master][INFO] 2023-11-01 20:50:23,420: +PUB [/svo/image/0/compressedDepth] /svo http://ubuntu:33225/
[rosmaster.master][INFO] 2023-11-01 20:50:23,421: +SERVICE [/svo/image/0/compressedDepth/set_parameters] /svo http://ubuntu:33225/
[rosmaster.master][INFO] 2023-11-01 20:50:23,422: +PUB [/svo/image/0/compressedDepth/parameter_descriptions] /svo http://ubuntu:33225/
[rosmaster.master][INFO] 2023-11-01 20:50:23,423: +PUB [/svo/image/0/compressedDepth/parameter_updates] /svo http://ubuntu:33225/
[rosmaster.master][INFO] 2023-11-01 20:50:23,425: +PARAM [/svo/image/0/compressedDepth/format] by /svo
[rosmaster.master][INFO] 2023-11-01 20:50:23,426: +PARAM [/svo/image/0/compressedDepth/depth_max] by /svo
[rosmaster.master][INFO] 2023-11-01 20:50:23,428: +PARAM [/svo/image/0/compressedDepth/depth_quantization] by /svo
[rosmaster.master][INFO] 2023-11-01 20:50:23,428: +PARAM [/svo/image/0/compressedDepth/png_level] by /svo
[rosmaster.master][INFO] 2023-11-01 20:50:23,429: +PARAM [/svo/image/0/compressedDepth/format] by /svo
[rosmaster.master][INFO] 2023-11-01 20:50:23,430: +PARAM [/svo/image/0/compressedDepth/depth_max] by /svo
[rosmaster.master][INFO] 2023-11-01 20:50:23,431: +PARAM [/svo/image/0/compressedDepth/depth_quantization] by /svo
[rosmaster.master][INFO] 2023-11-01 20:50:23,431: +PARAM [/svo/image/0/compressedDepth/png_level] by /svo
[rosmaster.master][INFO] 2023-11-01 20:50:23,436: +PUB [/svo/image/0/compressed] /svo http://ubuntu:33225/
[rosmaster.master][INFO] 2023-11-01 20:50:23,438: +SERVICE [/svo/image/0/compressed/set_parameters] /svo http://ubuntu:33225/
[rosmaster.master][INFO] 2023-11-01 20:50:23,439: +PUB [/svo/image/0/compressed/parameter_descriptions] /svo http://ubuntu:33225/
[rosmaster.master][INFO] 2023-11-01 20:50:23,440: +PUB [/svo/image/0/compressed/parameter_updates] /svo http://ubuntu:33225/
[rosmaster.master][INFO] 2023-11-01 20:50:23,444: +PARAM [/svo/image/0/compressed/format] by /svo
[rosmaster.master][INFO] 2023-11-01 20:50:23,444: +PARAM [/svo/image/0/compressed/jpeg_quality] by /svo
[rosmaster.master][INFO] 2023-11-01 20:50:23,445: +PARAM [/svo/image/0/compressed/jpeg_progressive] by /svo
[rosmaster.master][INFO] 2023-11-01 20:50:23,446: +PARAM [/svo/image/0/compressed/jpeg_optimize] by /svo
[rosmaster.master][INFO] 2023-11-01 20:50:23,447: +PARAM [/svo/image/0/compressed/jpeg_restart_interval] by /svo
[rosmaster.master][INFO] 2023-11-01 20:50:23,447: +PARAM [/svo/image/0/compressed/png_level] by /svo
[rosmaster.master][INFO] 2023-11-01 20:50:23,448: +PARAM [/svo/image/0/compressed/format] by /svo
[rosmaster.master][INFO] 2023-11-01 20:50:23,450: +PARAM [/svo/image/0/compressed/jpeg_quality] by /svo
[rosmaster.master][INFO] 2023-11-01 20:50:23,450: +PARAM [/svo/image/0/compressed/jpeg_progressive] by /svo
[rosmaster.master][INFO] 2023-11-01 20:50:23,451: +PARAM [/svo/image/0/compressed/jpeg_optimize] by /svo
[rosmaster.master][INFO] 2023-11-01 20:50:23,452: +PARAM [/svo/image/0/compressed/jpeg_restart_interval] by /svo
[rosmaster.master][INFO] 2023-11-01 20:50:23,452: +PARAM [/svo/image/0/compressed/png_level] by /svo
[rosmaster.master][INFO] 2023-11-01 20:50:23,456: +PUB [/svo/image/0] /svo http://ubuntu:33225/
[rosmaster.master][INFO] 2023-11-01 20:50:23,463: +PUB [/svo/image/0/theora] /svo http://ubuntu:33225/
[rosmaster.master][INFO] 2023-11-01 20:50:23,465: +SERVICE [/svo/image/0/theora/set_parameters] /svo http://ubuntu:33225/
[rosmaster.master][INFO] 2023-11-01 20:50:23,465: +PUB [/svo/image/0/theora/parameter_descriptions] /svo http://ubuntu:33225/
[rosmaster.master][INFO] 2023-11-01 20:50:23,466: +PUB [/svo/image/0/theora/parameter_updates] /svo http://ubuntu:33225/
[rosmaster.master][INFO] 2023-11-01 20:50:23,469: +PARAM [/svo/image/0/theora/optimize_for] by /svo
[rosmaster.master][INFO] 2023-11-01 20:50:23,469: +PARAM [/svo/image/0/theora/target_bitrate] by /svo
[rosmaster.master][INFO] 2023-11-01 20:50:23,470: +PARAM [/svo/image/0/theora/quality] by /svo
[rosmaster.master][INFO] 2023-11-01 20:50:23,471: +PARAM [/svo/image/0/theora/keyframe_frequency] by /svo
[rosmaster.master][INFO] 2023-11-01 20:50:23,472: +PARAM [/svo/image/0/theora/optimize_for] by /svo
[rosmaster.master][INFO] 2023-11-01 20:50:23,473: +PARAM [/svo/image/0/theora/target_bitrate] by /svo
[rosmaster.master][INFO] 2023-11-01 20:50:23,474: +PARAM [/svo/image/0/theora/quality] by /svo
[rosmaster.master][INFO] 2023-11-01 20:50:23,474: +PARAM [/svo/image/0/theora/keyframe_frequency] by /svo
[rosmaster.master][INFO] 2023-11-01 20:50:23,475: +PUB [/svo/pose_cam/0] /svo http://ubuntu:33225/
[rosmaster.master][INFO] 2023-11-01 20:50:23,476: +PUB [/svo/loop_closures] /svo http://ubuntu:33225/
[rosmaster.master][INFO] 2023-11-01 20:50:23,476: +PUB [/svo/pose_graph] /svo http://ubuntu:33225/
[rosmaster.master][INFO] 2023-11-01 20:50:23,477: +PUB [/svo/pose_graph_pointcloud] /svo http://ubuntu:33225/
[rosmaster.master][INFO] 2023-11-01 20:50:23,487: +SUB [/svo/remote_key] /svo http://ubuntu:33225/
[rosmaster.master][INFO] 2023-11-01 20:50:23,496: +SUB [/camera/infra1/image_rect_raw] /svo http://ubuntu:33225/
[rosmaster.master][INFO] 2023-11-01 20:50:23,498: publisherUpdate[/svo/image/0] -> http://ubuntu:42283/ ['http://ubuntu:33225/']
[rosmaster.master][INFO] 2023-11-01 20:50:23,502: publisherUpdate[/svo/image/0] -> http://ubuntu:42283/ ['http://ubuntu:33225/']: sec=0.00, result=[1, '', 0]
[rosmaster.master][INFO] 2023-11-01 20:50:23,502: publisherUpdate[/svo/loop_closures] -> http://ubuntu:42283/ ['http://ubuntu:33225/']
[rosmaster.master][INFO] 2023-11-01 20:50:23,503: publisherUpdate[/svo/loop_closures] -> http://ubuntu:42283/ ['http://ubuntu:33225/']: sec=0.00, result=[1, '', 0]
[rosmaster.master][INFO] 2023-11-01 20:50:23,503: publisherUpdate[/svo/pose_graph] -> http://ubuntu:42283/ ['http://ubuntu:33225/']
[rosmaster.master][INFO] 2023-11-01 20:50:23,505: publisherUpdate[/svo/pose_graph] -> http://ubuntu:42283/ ['http://ubuntu:33225/']: sec=0.00, result=[1, '', 0]
[rosmaster.master][INFO] 2023-11-01 20:50:23,506: publisherUpdate[/svo/pose_graph_pointcloud] -> http://ubuntu:42283/ ['http://ubuntu:33225/']
[rosmaster.master][INFO] 2023-11-01 20:50:23,507: publisherUpdate[/svo/pose_graph_pointcloud] -> http://ubuntu:42283/ ['http://ubuntu:33225/']: sec=0.00, result=[1, '', 0]
[rosmaster.master][INFO] 2023-11-01 20:50:36,036: -PUB [/rosout] /svo http://ubuntu:33225/
[rosmaster.master][INFO] 2023-11-01 20:50:36,037: -PUB [/tf] /svo http://ubuntu:33225/
[rosmaster.master][INFO] 2023-11-01 20:50:36,038: -PUB [/svo/keyframes] /svo http://ubuntu:33225/
[rosmaster.master][INFO] 2023-11-01 20:50:36,039: publisherUpdate[/rosout] -> http://ubuntu:42563/ ['http://ubuntu:44815/', 'http://ubuntu:39827/', 'http://ubuntu:42283/']
[rosmaster.master][INFO] 2023-11-01 20:50:36,039: -PUB [/svo/points] /svo http://ubuntu:33225/
[rosmaster.master][INFO] 2023-11-01 20:50:36,040: publisherUpdate[/rosout] -> http://ubuntu:42563/ ['http://ubuntu:44815/', 'http://ubuntu:39827/', 'http://ubuntu:42283/']: sec=0.00, result=[1, '', 0]
[rosmaster.master][INFO] 2023-11-01 20:50:36,040: publisherUpdate[/tf] -> http://ubuntu:42283/ ['http://ubuntu:39827/']
[rosmaster.master][INFO] 2023-11-01 20:50:36,041: publisherUpdate[/tf] -> http://ubuntu:42283/ ['http://ubuntu:39827/']: sec=0.00, result=[1, '', 0]
[rosmaster.master][INFO] 2023-11-01 20:50:36,041: -PUB [/svo/pose_imu] /svo http://ubuntu:33225/
[rosmaster.master][INFO] 2023-11-01 20:50:36,041: publisherUpdate[/svo/keyframes] -> http://ubuntu:42283/ []
[rosmaster.master][INFO] 2023-11-01 20:50:36,042: -PUB [/svo/info] /svo http://ubuntu:33225/
[rosmaster.master][INFO] 2023-11-01 20:50:36,043: publisherUpdate[/svo/keyframes] -> http://ubuntu:42283/ []: sec=0.00, result=[1, '', 0]
[rosmaster.master][INFO] 2023-11-01 20:50:36,043: publisherUpdate[/svo/points] -> http://ubuntu:42283/ []
[rosmaster.master][INFO] 2023-11-01 20:50:36,043: -PUB [/svo/markers] /svo http://ubuntu:33225/
[rosmaster.master][INFO] 2023-11-01 20:50:36,044: publisherUpdate[/svo/points] -> http://ubuntu:42283/ []: sec=0.00, result=[1, '', 0]
[rosmaster.master][INFO] 2023-11-01 20:50:36,044: -PUB [/svo/pointcloud] /svo http://ubuntu:33225/
[rosmaster.master][INFO] 2023-11-01 20:50:36,047: -PUB [/svo/dense_input/0] /svo http://ubuntu:33225/
[rosmaster.master][INFO] 2023-11-01 20:50:36,047: -PUB [/svo/image/0/compressedDepth] /svo http://ubuntu:33225/
[rosmaster.master][INFO] 2023-11-01 20:50:36,048: -PUB [/svo/image/0/compressedDepth/parameter_descriptions] /svo http://ubuntu:33225/
[rosmaster.master][INFO] 2023-11-01 20:50:36,049: -PUB [/svo/image/0/compressedDepth/parameter_updates] /svo http://ubuntu:33225/
[rosmaster.master][INFO] 2023-11-01 20:50:36,049: -PUB [/svo/image/0/compressed] /svo http://ubuntu:33225/
[rosmaster.master][INFO] 2023-11-01 20:50:36,050: -PUB [/svo/image/0/compressed/parameter_descriptions] /svo http://ubuntu:33225/
[rosmaster.master][INFO] 2023-11-01 20:50:36,050: -PUB [/svo/image/0/compressed/parameter_updates] /svo http://ubuntu:33225/
[rosmaster.master][INFO] 2023-11-01 20:50:36,051: -PUB [/svo/image/0] /svo http://ubuntu:33225/
[rosmaster.master][INFO] 2023-11-01 20:50:36,052: -PUB [/svo/image/0/theora] /svo http://ubuntu:33225/
[rosmaster.master][INFO] 2023-11-01 20:50:36,053: -PUB [/svo/image/0/theora/parameter_descriptions] /svo http://ubuntu:33225/
[rosmaster.master][INFO] 2023-11-01 20:50:36,053: -PUB [/svo/image/0/theora/parameter_updates] /svo http://ubuntu:33225/
[rosmaster.master][INFO] 2023-11-01 20:50:36,054: -PUB [/svo/pose_cam/0] /svo http://ubuntu:33225/
[rosmaster.master][INFO] 2023-11-01 20:50:36,054: -PUB [/svo/loop_closures] /svo http://ubuntu:33225/
[rosmaster.master][INFO] 2023-11-01 20:50:36,055: -PUB [/svo/pose_graph] /svo http://ubuntu:33225/
[rosmaster.master][INFO] 2023-11-01 20:50:36,057: -PUB [/svo/pose_graph_pointcloud] /svo http://ubuntu:33225/
[rosmaster.master][INFO] 2023-11-01 20:50:36,060: -SUB [/svo/remote_key] /svo http://ubuntu:33225/
[rosmaster.master][INFO] 2023-11-01 20:50:36,061: -SUB [/camera/infra1/image_rect_raw] /svo http://ubuntu:33225/
[rosmaster.master][INFO] 2023-11-01 20:50:36,062: -SERVICE [/svo/get_loggers] /svo rosrpc://ubuntu:48351
[rosmaster.master][INFO] 2023-11-01 20:50:36,063: -SERVICE [/svo/set_logger_level] /svo rosrpc://ubuntu:48351
[rosmaster.master][INFO] 2023-11-01 20:50:36,064: -SERVICE [/svo/image/0/compressedDepth/set_parameters] /svo rosrpc://ubuntu:48351
[rosmaster.master][INFO] 2023-11-01 20:50:36,065: -SERVICE [/svo/image/0/compressed/set_parameters] /svo rosrpc://ubuntu:48351
[rosmaster.master][INFO] 2023-11-01 20:50:36,065: -SERVICE [/svo/image/0/theora/set_parameters] /svo rosrpc://ubuntu:48351
[rosmaster.master][INFO] 2023-11-01 20:50:36,066: -CACHEDPARAM [/rosout_disable_topics_generation] by /svo
[rosmaster.master][INFO] 2023-11-01 20:50:36,142: publisherUpdate[/svo/image/0] -> http://ubuntu:42283/ []
[rosmaster.master][INFO] 2023-11-01 20:50:36,144: publisherUpdate[/svo/image/0] -> http://ubuntu:42283/ []: sec=0.00, result=[1, '', 0]
[rosmaster.master][INFO] 2023-11-01 20:50:36,144: publisherUpdate[/svo/loop_closures] -> http://ubuntu:42283/ []
[rosmaster.master][INFO] 2023-11-01 20:50:36,147: publisherUpdate[/svo/loop_closures] -> http://ubuntu:42283/ []: sec=0.00, result=[1, '', 0]
[rosmaster.master][INFO] 2023-11-01 20:50:36,147: publisherUpdate[/svo/pose_graph] -> http://ubuntu:42283/ []
[rosmaster.master][INFO] 2023-11-01 20:50:36,148: publisherUpdate[/svo/pose_graph] -> http://ubuntu:42283/ []: sec=0.00, result=[1, '', 0]
[rosmaster.master][INFO] 2023-11-01 20:50:36,148: publisherUpdate[/svo/pose_graph_pointcloud] -> http://ubuntu:42283/ []
[rosmaster.master][INFO] 2023-11-01 20:50:36,149: publisherUpdate[/svo/pose_graph_pointcloud] -> http://ubuntu:42283/ []: sec=0.00, result=[1, '', 0]
[rosmaster.master][INFO] 2023-11-01 20:50:39,284: -SUB [/svo/image/0] /rviz_1698842716547648288 http://ubuntu:42283/
[rosmaster.master][INFO] 2023-11-01 20:50:39,362: -SUB [/svo/visible_fixed_landmarks] /rviz_1698842716547648288 http://ubuntu:42283/
[rosmaster.master][INFO] 2023-11-01 20:50:39,364: -SUB [/svo/visible_fixed_landmarks_array] /rviz_1698842716547648288 http://ubuntu:42283/
[rosmaster.master][INFO] 2023-11-01 20:50:39,365: -SUB [/svo/global_map_pts] /rviz_1698842716547648288 http://ubuntu:42283/
[rosmaster.master][INFO] 2023-11-01 20:50:39,366: -SUB [/svo/global_map_query_kfs] /rviz_1698842716547648288 http://ubuntu:42283/
[rosmaster.master][INFO] 2023-11-01 20:50:39,368: -SUB [/svo/backend_points] /rviz_1698842716547648288 http://ubuntu:42283/
[rosmaster.master][INFO] 2023-11-01 20:50:39,369: -SUB [/svo/pose_graph_pointcloud] /rviz_1698842716547648288 http://ubuntu:42283/
[rosmaster.master][INFO] 2023-11-01 20:50:39,370: -SUB [/svo/pose_graph] /rviz_1698842716547648288 http://ubuntu:42283/
[rosmaster.master][INFO] 2023-11-01 20:50:39,371: -SUB [/svo/keyframes] /rviz_1698842716547648288 http://ubuntu:42283/
[rosmaster.master][INFO] 2023-11-01 20:50:39,372: -SUB [/svo/keyframes_array] /rviz_1698842716547648288 http://ubuntu:42283/
[rosmaster.master][INFO] 2023-11-01 20:50:39,384: -SUB [/svo/loop_closures] /rviz_1698842716547648288 http://ubuntu:42283/
[rosmaster.master][INFO] 2023-11-01 20:50:39,385: -SUB [/svo/loop_closures_array] /rviz_1698842716547648288 http://ubuntu:42283/
[rosmaster.master][INFO] 2023-11-01 20:50:39,387: -SUB [/svo/backend_pose_imu_viz] /rviz_1698842716547648288 http://ubuntu:42283/
[rosmaster.master][INFO] 2023-11-01 20:50:39,388: -SUB [/svo/points] /rviz_1698842716547648288 http://ubuntu:42283/
[rosmaster.master][INFO] 2023-11-01 20:50:39,388: -SUB [/svo/points_array] /rviz_1698842716547648288 http://ubuntu:42283/
[rosmaster.master][INFO] 2023-11-01 20:50:39,460: -PUB [/clicked_point] /rviz_1698842716547648288 http://ubuntu:42283/
[rosmaster.master][INFO] 2023-11-01 20:50:39,462: -PUB [/move_base_simple/goal] /rviz_1698842716547648288 http://ubuntu:42283/
[rosmaster.master][INFO] 2023-11-01 20:50:39,464: -PUB [/initialpose] /rviz_1698842716547648288 http://ubuntu:42283/
[rosmaster.master][INFO] 2023-11-01 20:50:39,471: -SUB [/tf_static] /rviz_1698842716547648288 http://ubuntu:42283/
[rosmaster.master][INFO] 2023-11-01 20:50:39,473: -SUB [/tf] /rviz_1698842716547648288 http://ubuntu:42283/
[rosmaster.master][INFO] 2023-11-01 20:50:39,479: -SERVICE [/rviz_1698842716547648288/save_config] /rviz_1698842716547648288 rosrpc://ubuntu:46217
[rosmaster.master][INFO] 2023-11-01 20:50:39,480: -SERVICE [/rviz_1698842716547648288/load_config_discarding_changes] /rviz_1698842716547648288 rosrpc://ubuntu:46217
[rosmaster.master][INFO] 2023-11-01 20:50:39,481: -SERVICE [/rviz_1698842716547648288/load_config] /rviz_1698842716547648288 rosrpc://ubuntu:46217
[rosmaster.master][INFO] 2023-11-01 20:50:39,481: -SERVICE [/rviz_1698842716547648288/reload_shaders] /rviz_1698842716547648288 rosrpc://ubuntu:46217
[rosmaster.master][INFO] 2023-11-01 20:50:39,655: -PUB [/rosout] /rviz_1698842716547648288 http://ubuntu:42283/
[rosmaster.master][INFO] 2023-11-01 20:50:39,657: -SERVICE [/rviz_1698842716547648288/get_loggers] /rviz_1698842716547648288 rosrpc://ubuntu:46217
[rosmaster.master][INFO] 2023-11-01 20:50:39,658: -SERVICE [/rviz_1698842716547648288/set_logger_level] /rviz_1698842716547648288 rosrpc://ubuntu:46217
[rosmaster.master][INFO] 2023-11-01 20:50:39,659: -CACHEDPARAM [/rosout_disable_topics_generation] by /rviz_1698842716547648288
[rosmaster.master][INFO] 2023-11-01 20:50:39,749: publisherUpdate[/rosout] -> http://ubuntu:42563/ ['http://ubuntu:44815/', 'http://ubuntu:39827/']
[rosmaster.master][INFO] 2023-11-01 20:50:39,751: publisherUpdate[/rosout] -> http://ubuntu:42563/ ['http://ubuntu:44815/', 'http://ubuntu:39827/']: sec=0.00, result=[1, '', 0]
[rosmaster.master][INFO] 2023-11-01 20:50:47,346: -PUB [/rosout] /camera/realsense2_camera_manager http://ubuntu:39827/
[rosmaster.master][INFO] 2023-11-01 20:50:47,347: -PUB [/camera/realsense2_camera_manager/bond] /camera/realsense2_camera_manager http://ubuntu:39827/
[rosmaster.master][INFO] 2023-11-01 20:50:47,348: -PUB [/tf_static] /camera/realsense2_camera_manager http://ubuntu:39827/
[rosmaster.master][INFO] 2023-11-01 20:50:47,348: -PUB [/tf] /camera/realsense2_camera_manager http://ubuntu:39827/
[rosmaster.master][INFO] 2023-11-01 20:50:47,349: -PUB [/camera/stereo_module/parameter_descriptions] /camera/realsense2_camera_manager http://ubuntu:39827/
[rosmaster.master][INFO] 2023-11-01 20:50:47,349: -PUB [/camera/stereo_module/parameter_updates] /camera/realsense2_camera_manager http://ubuntu:39827/
[rosmaster.master][INFO] 2023-11-01 20:50:47,351: -PUB [/camera/rgb_camera/parameter_descriptions] /camera/realsense2_camera_manager http://ubuntu:39827/
[rosmaster.master][INFO] 2023-11-01 20:50:47,352: -PUB [/camera/rgb_camera/parameter_updates] /camera/realsense2_camera_manager http://ubuntu:39827/
[rosmaster.master][INFO] 2023-11-01 20:50:47,353: -PUB [/diagnostics] /camera/realsense2_camera_manager http://ubuntu:39827/
[rosmaster.master][INFO] 2023-11-01 20:50:47,353: -PUB [/camera/depth/image_rect_raw/compressedDepth] /camera/realsense2_camera_manager http://ubuntu:39827/
[rosmaster.master][INFO] 2023-11-01 20:50:47,354: -PUB [/camera/depth/image_rect_raw/compressedDepth/parameter_descriptions] /camera/realsense2_camera_manager http://ubuntu:39827/
[rosmaster.master][INFO] 2023-11-01 20:50:47,354: -PUB [/camera/depth/image_rect_raw/compressedDepth/parameter_updates] /camera/realsense2_camera_manager http://ubuntu:39827/
[rosmaster.master][INFO] 2023-11-01 20:50:47,355: -PUB [/camera/depth/image_rect_raw/compressed] /camera/realsense2_camera_manager http://ubuntu:39827/
[rosmaster.master][INFO] 2023-11-01 20:50:47,356: -PUB [/camera/depth/image_rect_raw/compressed/parameter_descriptions] /camera/realsense2_camera_manager http://ubuntu:39827/
[rosmaster.master][INFO] 2023-11-01 20:50:47,357: -PUB [/camera/depth/image_rect_raw/compressed/parameter_updates] /camera/realsense2_camera_manager http://ubuntu:39827/
[rosmaster.master][INFO] 2023-11-01 20:50:47,357: -PUB [/camera/depth/image_rect_raw] /camera/realsense2_camera_manager http://ubuntu:39827/
[rosmaster.master][INFO] 2023-11-01 20:50:47,358: -PUB [/camera/depth/image_rect_raw/theora] /camera/realsense2_camera_manager http://ubuntu:39827/
[rosmaster.master][INFO] 2023-11-01 20:50:47,358: -PUB [/camera/depth/image_rect_raw/theora/parameter_descriptions] /camera/realsense2_camera_manager http://ubuntu:39827/
[rosmaster.master][INFO] 2023-11-01 20:50:47,359: -PUB [/camera/depth/image_rect_raw/theora/parameter_updates] /camera/realsense2_camera_manager http://ubuntu:39827/
[rosmaster.master][INFO] 2023-11-01 20:50:47,359: -PUB [/camera/depth/camera_info] /camera/realsense2_camera_manager http://ubuntu:39827/
[rosmaster.master][INFO] 2023-11-01 20:50:47,359: -PUB [/camera/depth/metadata] /camera/realsense2_camera_manager http://ubuntu:39827/
[rosmaster.master][INFO] 2023-11-01 20:50:47,360: -PUB [/camera/infra1/image_rect_raw/compressedDepth] /camera/realsense2_camera_manager http://ubuntu:39827/
[rosmaster.master][INFO] 2023-11-01 20:50:47,360: -PUB [/camera/infra1/image_rect_raw/compressedDepth/parameter_descriptions] /camera/realsense2_camera_manager http://ubuntu:39827/
[rosmaster.master][INFO] 2023-11-01 20:50:47,362: -PUB [/camera/infra1/image_rect_raw/compressedDepth/parameter_updates] /camera/realsense2_camera_manager http://ubuntu:39827/
[rosmaster.master][INFO] 2023-11-01 20:50:47,362: -PUB [/camera/infra1/image_rect_raw/compressed] /camera/realsense2_camera_manager http://ubuntu:39827/
[rosmaster.master][INFO] 2023-11-01 20:50:47,363: -PUB [/camera/infra1/image_rect_raw/compressed/parameter_descriptions] /camera/realsense2_camera_manager http://ubuntu:39827/
[rosmaster.master][INFO] 2023-11-01 20:50:47,364: -PUB [/camera/infra1/image_rect_raw/compressed/parameter_updates] /camera/realsense2_camera_manager http://ubuntu:39827/
[rosmaster.master][INFO] 2023-11-01 20:50:47,365: -PUB [/camera/infra1/image_rect_raw] /camera/realsense2_camera_manager http://ubuntu:39827/
[rosmaster.master][INFO] 2023-11-01 20:50:47,365: -PUB [/camera/infra1/image_rect_raw/theora] /camera/realsense2_camera_manager http://ubuntu:39827/
[rosmaster.master][INFO] 2023-11-01 20:50:47,366: -PUB [/camera/infra1/image_rect_raw/theora/parameter_descriptions] /camera/realsense2_camera_manager http://ubuntu:39827/
[rosmaster.master][INFO] 2023-11-01 20:50:47,366: -PUB [/camera/infra1/image_rect_raw/theora/parameter_updates] /camera/realsense2_camera_manager http://ubuntu:39827/
[rosmaster.master][INFO] 2023-11-01 20:50:47,366: publisherUpdate[/rosout] -> http://ubuntu:42563/ ['http://ubuntu:44815/']
[rosmaster.master][INFO] 2023-11-01 20:50:47,366: publisherUpdate[/camera/realsense2_camera_manager/bond] -> http://ubuntu:39827/ ['http://ubuntu:44815/']
[rosmaster.master][INFO] 2023-11-01 20:50:47,366: publisherUpdate[/camera/realsense2_camera_manager/bond] -> http://ubuntu:44815/ ['http://ubuntu:44815/']
[rosmaster.master][INFO] 2023-11-01 20:50:47,370: publisherUpdate[/rosout] -> http://ubuntu:42563/ ['http://ubuntu:44815/']: sec=0.00, result=[1, '', 0]
[rosmaster.master][INFO] 2023-11-01 20:50:47,370: publisherUpdate[/camera/realsense2_camera_manager/bond] -> http://ubuntu:44815/ ['http://ubuntu:44815/']: sec=0.00, result=[1, '', 0]
[rosmaster.master][INFO] 2023-11-01 20:50:47,371: publisherUpdate[/camera/realsense2_camera_manager/bond] -> http://ubuntu:39827/ ['http://ubuntu:44815/']: sec=0.00, exception=<Fault -1: 'publisherUpdate: unknown method name'>
[rosmaster.master][INFO] 2023-11-01 20:50:47,367: -PUB [/camera/infra1/camera_info] /camera/realsense2_camera_manager http://ubuntu:39827/
[rosmaster.master][INFO] 2023-11-01 20:50:47,373: -PUB [/camera/infra1/metadata] /camera/realsense2_camera_manager http://ubuntu:39827/
[rosmaster.master][INFO] 2023-11-01 20:50:47,374: -PUB [/camera/infra2/image_rect_raw/compressedDepth] /camera/realsense2_camera_manager http://ubuntu:39827/
[rosmaster.master][INFO] 2023-11-01 20:50:47,374: -PUB [/camera/infra2/image_rect_raw/compressedDepth/parameter_descriptions] /camera/realsense2_camera_manager http://ubuntu:39827/
[rosmaster.master][INFO] 2023-11-01 20:50:47,375: -PUB [/camera/infra2/image_rect_raw/compressedDepth/parameter_updates] /camera/realsense2_camera_manager http://ubuntu:39827/
[rosmaster.threadpool][ERROR] 2023-11-01 20:50:47,375: Traceback (most recent call last):
  File "/opt/ros/noetic/lib/python3/dist-packages/rosmaster/threadpool.py", line 218, in run
    result = cmd(*args)
  File "/opt/ros/noetic/lib/python3/dist-packages/rosmaster/master_api.py", line 210, in publisher_update_task
    ret = xmlrpcapi(api).publisherUpdate('/master', topic, pub_uris)
  File "/usr/lib/python3.8/xmlrpc/client.py", line 1109, in __call__
    return self.__send(self.__name, args)
  File "/usr/lib/python3.8/xmlrpc/client.py", line 1450, in __request
    response = self.__transport.request(
  File "/usr/lib/python3.8/xmlrpc/client.py", line 1153, in request
    return self.single_request(host, handler, request_body, verbose)
  File "/usr/lib/python3.8/xmlrpc/client.py", line 1169, in single_request
    return self.parse_response(resp)
  File "/usr/lib/python3.8/xmlrpc/client.py", line 1341, in parse_response
    return u.close()
  File "/usr/lib/python3.8/xmlrpc/client.py", line 655, in close
    raise Fault(**self._stack[0])
xmlrpc.client.Fault: <Fault -1: 'publisherUpdate: unknown method name'>

[rosmaster.master][INFO] 2023-11-01 20:50:47,376: -PUB [/camera/infra2/image_rect_raw/compressed] /camera/realsense2_camera_manager http://ubuntu:39827/
[rosmaster.master][INFO] 2023-11-01 20:50:47,376: -PUB [/camera/infra2/image_rect_raw/compressed/parameter_descriptions] /camera/realsense2_camera_manager http://ubuntu:39827/
[rosmaster.master][INFO] 2023-11-01 20:50:47,377: -PUB [/camera/infra2/image_rect_raw/compressed/parameter_updates] /camera/realsense2_camera_manager http://ubuntu:39827/
[rosmaster.master][INFO] 2023-11-01 20:50:47,377: -PUB [/camera/infra2/image_rect_raw] /camera/realsense2_camera_manager http://ubuntu:39827/
[rosmaster.master][INFO] 2023-11-01 20:50:47,378: -PUB [/camera/infra2/image_rect_raw/theora] /camera/realsense2_camera_manager http://ubuntu:39827/
[rosmaster.master][INFO] 2023-11-01 20:50:47,378: -PUB [/camera/infra2/image_rect_raw/theora/parameter_descriptions] /camera/realsense2_camera_manager http://ubuntu:39827/
[rosmaster.master][INFO] 2023-11-01 20:50:47,379: -PUB [/camera/infra2/image_rect_raw/theora/parameter_updates] /camera/realsense2_camera_manager http://ubuntu:39827/
[rosmaster.master][INFO] 2023-11-01 20:50:47,379: -PUB [/camera/infra2/camera_info] /camera/realsense2_camera_manager http://ubuntu:39827/
[rosmaster.master][INFO] 2023-11-01 20:50:47,380: -PUB [/camera/infra2/metadata] /camera/realsense2_camera_manager http://ubuntu:39827/
[rosmaster.master][INFO] 2023-11-01 20:50:47,380: -PUB [/camera/color/image_raw/compressedDepth] /camera/realsense2_camera_manager http://ubuntu:39827/
[rosmaster.master][INFO] 2023-11-01 20:50:47,381: -PUB [/camera/color/image_raw/compressedDepth/parameter_descriptions] /camera/realsense2_camera_manager http://ubuntu:39827/
[rosmaster.master][INFO] 2023-11-01 20:50:47,381: -PUB [/camera/color/image_raw/compressedDepth/parameter_updates] /camera/realsense2_camera_manager http://ubuntu:39827/
[rosmaster.master][INFO] 2023-11-01 20:50:47,382: -PUB [/camera/color/image_raw/compressed] /camera/realsense2_camera_manager http://ubuntu:39827/
[rosmaster.master][INFO] 2023-11-01 20:50:47,382: -PUB [/camera/color/image_raw/compressed/parameter_descriptions] /camera/realsense2_camera_manager http://ubuntu:39827/
[rosmaster.master][INFO] 2023-11-01 20:50:47,383: -PUB [/camera/color/image_raw/compressed/parameter_updates] /camera/realsense2_camera_manager http://ubuntu:39827/
[rosmaster.master][INFO] 2023-11-01 20:50:47,384: -PUB [/camera/color/image_raw] /camera/realsense2_camera_manager http://ubuntu:39827/
[rosmaster.master][INFO] 2023-11-01 20:50:47,384: -PUB [/camera/color/image_raw/theora] /camera/realsense2_camera_manager http://ubuntu:39827/
[rosmaster.master][INFO] 2023-11-01 20:50:47,385: -PUB [/camera/color/image_raw/theora/parameter_descriptions] /camera/realsense2_camera_manager http://ubuntu:39827/
[rosmaster.master][INFO] 2023-11-01 20:50:47,385: -PUB [/camera/color/image_raw/theora/parameter_updates] /camera/realsense2_camera_manager http://ubuntu:39827/
[rosmaster.master][INFO] 2023-11-01 20:50:47,386: -PUB [/camera/color/camera_info] /camera/realsense2_camera_manager http://ubuntu:39827/
[rosmaster.master][INFO] 2023-11-01 20:50:47,386: -PUB [/camera/color/metadata] /camera/realsense2_camera_manager http://ubuntu:39827/
[rosmaster.master][INFO] 2023-11-01 20:50:47,387: -PUB [/camera/extrinsics/depth_to_color] /camera/realsense2_camera_manager http://ubuntu:39827/
[rosmaster.master][INFO] 2023-11-01 20:50:47,387: -PUB [/camera/extrinsics/depth_to_infra1] /camera/realsense2_camera_manager http://ubuntu:39827/
[rosmaster.master][INFO] 2023-11-01 20:50:47,388: -PUB [/camera/extrinsics/depth_to_infra2] /camera/realsense2_camera_manager http://ubuntu:39827/
[rosmaster.master][INFO] 2023-11-01 20:50:47,388: -PUB [/camera/stereo_module/auto_exposure_roi/parameter_descriptions] /camera/realsense2_camera_manager http://ubuntu:39827/
[rosmaster.master][INFO] 2023-11-01 20:50:47,389: -PUB [/camera/stereo_module/auto_exposure_roi/parameter_updates] /camera/realsense2_camera_manager http://ubuntu:39827/
[rosmaster.master][INFO] 2023-11-01 20:50:47,389: -PUB [/camera/rgb_camera/auto_exposure_roi/parameter_descriptions] /camera/realsense2_camera_manager http://ubuntu:39827/
[rosmaster.master][INFO] 2023-11-01 20:50:47,390: -PUB [/camera/rgb_camera/auto_exposure_roi/parameter_updates] /camera/realsense2_camera_manager http://ubuntu:39827/
[rosmaster.master][INFO] 2023-11-01 20:50:47,393: -SUB [/camera/realsense2_camera_manager/bond] /camera/realsense2_camera_manager http://ubuntu:39827/
[rosmaster.master][INFO] 2023-11-01 20:50:47,394: -SERVICE [/camera/realsense2_camera_manager/get_loggers] /camera/realsense2_camera_manager rosrpc://ubuntu:58703
[rosmaster.master][INFO] 2023-11-01 20:50:47,396: -SERVICE [/camera/realsense2_camera_manager/set_logger_level] /camera/realsense2_camera_manager rosrpc://ubuntu:58703
[rosmaster.master][INFO] 2023-11-01 20:50:47,399: -SERVICE [/camera/realsense2_camera_manager/load_nodelet] /camera/realsense2_camera_manager rosrpc://ubuntu:58703
[rosmaster.master][INFO] 2023-11-01 20:50:47,400: -SERVICE [/camera/realsense2_camera_manager/unload_nodelet] /camera/realsense2_camera_manager rosrpc://ubuntu:58703
[rosmaster.master][INFO] 2023-11-01 20:50:47,400: -SERVICE [/camera/realsense2_camera_manager/list] /camera/realsense2_camera_manager rosrpc://ubuntu:58703
[rosmaster.master][INFO] 2023-11-01 20:50:47,401: -SERVICE [/camera/enable] /camera/realsense2_camera_manager rosrpc://ubuntu:58703
[rosmaster.master][INFO] 2023-11-01 20:50:47,401: -SERVICE [/camera/realsense2_camera/reset] /camera/realsense2_camera_manager rosrpc://ubuntu:58703
[rosmaster.master][INFO] 2023-11-01 20:50:47,402: -SERVICE [/camera/stereo_module/set_parameters] /camera/realsense2_camera_manager rosrpc://ubuntu:58703
[rosmaster.master][INFO] 2023-11-01 20:50:47,402: -SERVICE [/camera/rgb_camera/set_parameters] /camera/realsense2_camera_manager rosrpc://ubuntu:58703
[rosmaster.master][INFO] 2023-11-01 20:50:47,403: -SERVICE [/camera/depth/image_rect_raw/compressedDepth/set_parameters] /camera/realsense2_camera_manager rosrpc://ubuntu:58703
[rosmaster.master][INFO] 2023-11-01 20:50:47,403: -SERVICE [/camera/depth/image_rect_raw/compressed/set_parameters] /camera/realsense2_camera_manager rosrpc://ubuntu:58703
[rosmaster.master][INFO] 2023-11-01 20:50:47,404: -SERVICE [/camera/depth/image_rect_raw/theora/set_parameters] /camera/realsense2_camera_manager rosrpc://ubuntu:58703
[rosmaster.master][INFO] 2023-11-01 20:50:47,404: -SERVICE [/camera/infra1/image_rect_raw/compressedDepth/set_parameters] /camera/realsense2_camera_manager rosrpc://ubuntu:58703
[rosmaster.master][INFO] 2023-11-01 20:50:47,405: -SERVICE [/camera/infra1/image_rect_raw/compressed/set_parameters] /camera/realsense2_camera_manager rosrpc://ubuntu:58703
[rosmaster.master][INFO] 2023-11-01 20:50:47,405: -SERVICE [/camera/infra1/image_rect_raw/theora/set_parameters] /camera/realsense2_camera_manager rosrpc://ubuntu:58703
[rosmaster.master][INFO] 2023-11-01 20:50:47,407: -SERVICE [/camera/infra2/image_rect_raw/compressedDepth/set_parameters] /camera/realsense2_camera_manager rosrpc://ubuntu:58703
[rosmaster.master][INFO] 2023-11-01 20:50:47,408: -SERVICE [/camera/infra2/image_rect_raw/compressed/set_parameters] /camera/realsense2_camera_manager rosrpc://ubuntu:58703
[rosmaster.master][INFO] 2023-11-01 20:50:47,408: -SERVICE [/camera/infra2/image_rect_raw/theora/set_parameters] /camera/realsense2_camera_manager rosrpc://ubuntu:58703
[rosmaster.master][INFO] 2023-11-01 20:50:47,409: -SERVICE [/camera/color/image_raw/compressedDepth/set_parameters] /camera/realsense2_camera_manager rosrpc://ubuntu:58703
[rosmaster.master][INFO] 2023-11-01 20:50:47,409: -SERVICE [/camera/color/image_raw/compressed/set_parameters] /camera/realsense2_camera_manager rosrpc://ubuntu:58703
[rosmaster.master][INFO] 2023-11-01 20:50:47,410: -SERVICE [/camera/color/image_raw/theora/set_parameters] /camera/realsense2_camera_manager rosrpc://ubuntu:58703
[rosmaster.master][INFO] 2023-11-01 20:50:47,410: -SERVICE [/camera/stereo_module/auto_exposure_roi/set_parameters] /camera/realsense2_camera_manager rosrpc://ubuntu:58703
[rosmaster.master][INFO] 2023-11-01 20:50:47,411: -SERVICE [/camera/rgb_camera/auto_exposure_roi/set_parameters] /camera/realsense2_camera_manager rosrpc://ubuntu:58703
[rosmaster.master][INFO] 2023-11-01 20:50:47,411: -SERVICE [/camera/realsense2_camera/device_info] /camera/realsense2_camera_manager rosrpc://ubuntu:58703
[rosmaster.master][INFO] 2023-11-01 20:50:47,412: -CACHEDPARAM [/camera/realsense2_camera_manager/diagnostic_period] by /camera/realsense2_camera_manager
[rosmaster.master][INFO] 2023-11-01 20:50:47,413: -CACHEDPARAM [/rosout_disable_topics_generation] by /camera/realsense2_camera_manager
[rosmaster.master][INFO] 2023-11-01 20:50:47,471: -PUB [/rosout_agg] /rosout http://ubuntu:42563/
[rosmaster.master][INFO] 2023-11-01 20:50:47,472: -SUB [/rosout] /rosout http://ubuntu:42563/
[rosmaster.master][INFO] 2023-11-01 20:50:47,474: -SERVICE [/rosout/get_loggers] /rosout rosrpc://ubuntu:52601
[rosmaster.master][INFO] 2023-11-01 20:50:47,475: -SERVICE [/rosout/set_logger_level] /rosout rosrpc://ubuntu:52601
[rosmaster.master][INFO] 2023-11-01 20:50:47,475: -CACHEDPARAM [/rosout/omit_topics] by /rosout
[rosmaster.main][INFO] 2023-11-01 20:50:47,535: keyboard interrupt, will exit
[rosmaster.main][INFO] 2023-11-01 20:50:47,535: stopping master...
[rospy.core][INFO] 2023-11-01 20:50:47,535: signal_shutdown [atexit]
[rosmaster.master][INFO] 2023-11-01 20:50:47,571: -PUB [/rosout] /camera/realsense2_camera http://ubuntu:44815/
[rosmaster.master][INFO] 2023-11-01 20:50:47,572: -PUB [/camera/realsense2_camera_manager/bond] /camera/realsense2_camera http://ubuntu:44815/
[rosmaster.master][INFO] 2023-11-01 20:50:47,573: -SUB [/camera/realsense2_camera_manager/bond] /camera/realsense2_camera http://ubuntu:44815/
[rosmaster.master][INFO] 2023-11-01 20:50:47,573: -SERVICE [/camera/realsense2_camera/get_loggers] /camera/realsense2_camera rosrpc://ubuntu:36037
[rosmaster.master][INFO] 2023-11-01 20:50:47,574: -SERVICE [/camera/realsense2_camera/set_logger_level] /camera/realsense2_camera rosrpc://ubuntu:36037
[rosmaster.master][INFO] 2023-11-01 20:50:47,575: -CACHEDPARAM [/rosout_disable_topics_generation] by /camera/realsense2_camera
