# idx stamp x y z qx qy qz qw yaw pcd_file
0 1778824266.375137568 -1.179666 -0.817061 -0.227886 0.225711681 0.024681815 -0.940482410 0.252859409 -2.598944122 keyframe_000000.pcd
1 1778824297.272689581 -1.302878 -0.897361 -0.256056 0.239234518 0.023670730 -0.932473161 0.269630015 -2.555371453 keyframe_000001.pcd
2 1778824297.475860596 -1.448654 -0.987809 -0.277316 0.231609413 0.022783054 -0.934116186 0.270675015 -2.555751090 keyframe_000002.pcd
3 1778824297.675761938 -1.612511 -1.090604 -0.312763 0.227700380 0.005275714 -0.934313743 0.274194335 -2.541921938 keyframe_000003.pcd
4 1778824297.774044514 -1.697146 -1.148664 -0.338169 0.237555315 0.026401264 -0.931588232 0.273886492 -2.547649245 keyframe_000004.pcd
5 1778824297.973601103 -1.842372 -1.213939 -0.371038 0.253363127 0.021069293 -0.927434850 0.274276886 -2.537166351 keyframe_000005.pcd
6 1778824298.172539234 -1.924547 -1.274122 -0.391742 0.242447466 0.026446521 -0.929165491 0.277797224 -2.536652624 keyframe_000006.pcd
7 1778824298.675728321 -1.988938 -1.355546 -0.425998 0.238790922 0.027031153 -0.930537538 0.276311604 -2.541893879 keyframe_000007.pcd
8 1778824299.075273275 -2.073165 -1.420084 -0.451441 0.217744114 0.020149739 -0.935957699 0.275979481 -2.548149248 keyframe_000008.pcd
9 1778824299.275709629 -2.202844 -1.505255 -0.464720 0.226009627 -0.000224823 -0.932835325 0.280602661 -2.526025013 keyframe_000009.pcd
10 1778824299.475879669 -2.366549 -1.613595 -0.505157 0.247520598 0.018247800 -0.928020513 0.277810184 -2.530480127 keyframe_000010.pcd
11 1778824299.575707197 -2.449114 -1.657067 -0.544522 0.256397243 0.022867844 -0.925074012 0.279241092 -2.525133172 keyframe_000011.pcd
12 1778824299.775632620 -2.531702 -1.715280 -0.581886 0.247994744 0.020519193 -0.926691021 0.281640411 -2.522542901 keyframe_000012.pcd
13 1778824300.875797749 -2.621474 -1.804848 -0.581642 0.239773222 0.025362913 -0.926418827 0.289160304 -2.511362591 keyframe_000013.pcd
14 1778824307.471679449 -2.708784 -1.889720 -0.601357 0.235988810 0.016482447 -0.924683602 0.298325068 -2.488288208 keyframe_000014.pcd
15 1778824307.675522089 -2.788856 -1.958652 -0.635659 0.242244482 0.030077062 -0.922739879 0.298268497 -2.491453200 keyframe_000015.pcd
16 1778824307.875375271 -2.881877 -2.018316 -0.646947 0.246210080 0.033710602 -0.921260015 0.299205909 -2.489090084 keyframe_000016.pcd
17 1778824308.173466444 -2.969456 -2.093504 -0.664708 0.240272186 0.013508698 -0.920815802 0.306895829 -2.465309656 keyframe_000017.pcd
18 1778824308.875109911 -3.046752 -2.160549 -0.678621 0.233566243 0.024448917 -0.920897238 0.311122705 -2.463568887 keyframe_000018.pcd
19 1778824309.475421429 -3.214893 -2.313929 -0.696860 0.221404956 -0.001755825 -0.922026247 0.317560014 -2.444486097 keyframe_000019.pcd
20 1778824309.675522327 -3.313459 -2.406322 -0.738116 0.229935173 0.026384034 -0.904832019 0.357369159 -2.359531415 keyframe_000020.pcd
21 1778824309.775460720 -3.337769 -2.451605 -0.736282 0.218706653 0.031243906 -0.888432608 0.402341546 -2.262336895 keyframe_000021.pcd
22 1778824309.875548840 -3.353624 -2.509005 -0.737440 0.206321095 0.031557823 -0.863692253 0.458771623 -2.135610076 keyframe_000022.pcd
23 1778824309.975455761 -3.364135 -2.569253 -0.747601 0.208874995 0.022073441 -0.826736151 0.521911233 -1.977733966 keyframe_000023.pcd
24 1778824310.075444698 -3.368390 -2.632937 -0.754445 0.202712561 0.014425884 -0.793830491 0.573177688 -1.851566245 keyframe_000024.pcd
25 1778824310.175554037 -3.371412 -2.705378 -0.779316 0.185824859 0.038242251 -0.772435301 0.606094348 -1.780478501 keyframe_000025.pcd
26 1778824310.375432491 -3.376653 -2.891675 -0.757637 0.161012454 0.037661426 -0.745992938 0.645097778 -1.692098033 keyframe_000026.pcd
27 1778824310.475535154 -3.385470 -3.005281 -0.761924 0.187035039 0.039832379 -0.722964540 0.663892725 -1.622102106 keyframe_000027.pcd
28 1778824310.575421572 -3.399254 -3.117740 -0.749474 0.183591005 0.034810162 -0.716673767 0.671908705 -1.602003874 keyframe_000028.pcd
29 1778824310.675536394 -3.400937 -3.233328 -0.752327 0.187860519 0.044045292 -0.709692531 0.677572837 -1.582652621 keyframe_000029.pcd
30 1778824310.875388384 -3.414477 -3.409890 -0.761394 0.174788548 0.047445338 -0.703830064 0.686892382 -1.565804012 keyframe_000030.pcd
31 1778824311.075469732 -3.407796 -3.512673 -0.777013 0.182011981 0.037231351 -0.694285989 0.695307436 -1.535974298 keyframe_000031.pcd
32 1778824311.275307417 -3.407369 -3.648119 -0.776705 0.171490715 0.040124993 -0.695305197 0.696800978 -1.539524261 keyframe_000032.pcd
33 1778824311.475463390 -3.388427 -3.834028 -0.794659 0.176530075 0.022895638 -0.688345739 0.703202010 -1.517397759 keyframe_000033.pcd
34 1778824311.575480938 -3.392795 -3.941687 -0.783337 0.174525413 0.017471692 -0.683983517 0.708097570 -1.504691337 keyframe_000034.pcd
35 1778824311.675520182 -3.395591 -4.053401 -0.782407 0.167374940 0.019729971 -0.687512798 0.706344470 -1.515005550 keyframe_000035.pcd
36 1778824311.775493383 -3.391633 -4.173860 -0.783833 0.183146782 0.041967094 -0.686412084 0.702520085 -1.513797271 keyframe_000036.pcd
37 1778824311.875579357 -3.395614 -4.281282 -0.777531 0.175558696 0.030402476 -0.686635779 0.704830576 -1.513180298 keyframe_000037.pcd
38 1778824311.975466728 -3.397801 -4.385936 -0.789719 0.175710737 0.036083920 -0.683911619 0.707169418 -1.506016403 keyframe_000038.pcd
39 1778824312.075594187 -3.397214 -4.491547 -0.794567 0.168890238 0.021893705 -0.673354991 0.719437147 -1.475166332 keyframe_000039.pcd
40 1778824312.175431252 -3.352177 -4.610713 -0.820920 0.176903007 0.040705882 -0.647898978 0.739780556 -1.405882056 keyframe_000040.pcd
41 1778824312.275257111 -3.313524 -4.714579 -0.820114 0.163034998 0.047642000 -0.637289199 0.751673004 -1.378834790 keyframe_000041.pcd
42 1778824312.362573385 -3.289475 -4.822176 -0.810185 0.151072297 0.048266818 -0.629795816 0.760397728 -1.359764534 keyframe_000042.pcd
43 1778824312.475561142 -3.268117 -4.955970 -0.787825 0.156020730 0.028745588 -0.616299514 0.771366406 -1.322579215 keyframe_000043.pcd
44 1778824312.575309753 -3.234083 -5.081313 -0.780350 0.155740851 0.042347769 -0.608129373 0.777258078 -1.302003636 keyframe_000044.pcd
45 1778824312.675342560 -3.211697 -5.209927 -0.756990 0.151210934 0.048945622 -0.606749442 0.778841893 -1.299354355 keyframe_000045.pcd
46 1778824312.773898840 -3.190911 -5.332292 -0.753516 0.151991366 0.036469811 -0.600120635 0.784489517 -1.281408180 keyframe_000046.pcd
47 1778824312.975457430 -3.144390 -5.538620 -0.732701 0.140578803 0.019270818 -0.596023860 0.790330180 -1.271756112 keyframe_000047.pcd
48 1778824313.075395823 -3.110922 -5.654796 -0.737432 0.155925578 0.050445091 -0.594264845 0.787395581 -1.266848134 keyframe_000048.pcd
49 1778824313.175424099 -3.079386 -5.764883 -0.728875 0.140802466 0.033139351 -0.596505090 0.789466989 -1.273041316 keyframe_000049.pcd
50 1778824313.275456190 -3.050941 -5.880883 -0.726382 0.149632794 0.040349866 -0.589702431 0.792611480 -1.255234724 keyframe_000050.pcd
51 1778824313.375530481 -3.023789 -5.988556 -0.708439 0.151739895 0.025069253 -0.588409332 0.793801609 -1.251533363 keyframe_000051.pcd
52 1778824313.475484371 -2.984608 -6.107517 -0.707766 0.158307243 0.044943221 -0.586267423 0.793227227 -1.245849955 keyframe_000052.pcd
53 1778824313.575515509 -2.956514 -6.224506 -0.689724 0.149853502 0.040366314 -0.590671437 0.791847045 -1.257673124 keyframe_000053.pcd
54 1778824313.675532341 -2.924772 -6.349753 -0.697574 0.155525957 0.039054152 -0.586475683 0.793934962 -1.246427982 keyframe_000054.pcd
55 1778824313.775404215 -2.887097 -6.462108 -0.687596 0.151812656 0.032918402 -0.580876121 0.799032057 -1.232570336 keyframe_000055.pcd
56 1778824313.875388145 -2.838266 -6.568026 -0.685820 0.146538706 0.027850644 -0.583904100 0.798001724 -1.240647952 keyframe_000056.pcd
57 1778824313.975547314 -2.811559 -6.703851 -0.673310 0.156261923 0.051951150 -0.585097292 0.794068290 -1.243537216 keyframe_000057.pcd
58 1778824314.075478792 -2.781396 -6.833508 -0.658444 0.143611108 0.027794697 -0.586468214 0.796654466 -1.247345667 keyframe_000058.pcd
59 1778824314.175394058 -2.748400 -6.963224 -0.663953 0.158324269 0.031920178 -0.578729759 0.799366245 -1.226537280 keyframe_000059.pcd
60 1778824314.275530577 -2.721476 -7.086278 -0.653628 0.146900824 0.024271883 -0.584023542 0.797964615 -1.240947740 keyframe_000060.pcd
61 1778824314.375414133 -2.690156 -7.205492 -0.659883 0.156288434 0.041795449 -0.584112134 0.795386749 -1.240467686 keyframe_000061.pcd
62 1778824314.475380659 -2.654947 -7.322708 -0.645129 0.137844869 0.023887992 -0.587972426 0.796691020 -1.251618908 keyframe_000062.pcd
63 1778824314.575421095 -2.612246 -7.442138 -0.646956 0.161092518 0.037629244 -0.576442109 0.800217305 -1.220541831 keyframe_000063.pcd
64 1778824314.675455809 -2.569373 -7.563956 -0.629598 0.150404161 0.029192620 -0.580765423 0.799523547 -1.232420787 keyframe_000064.pcd
65 1778824314.775093079 -2.519142 -7.688891 -0.633662 0.158470706 0.043287395 -0.579901060 0.797952378 -1.229662794 keyframe_000065.pcd
66 1778824314.875524521 -2.478309 -7.794646 -0.612731 0.137480705 0.032229443 -0.584862781 0.798746422 -1.243891219 keyframe_000066.pcd
67 1778824314.975360394 -2.438629 -7.907530 -0.604419 0.153634855 0.037458835 -0.576383645 0.801732537 -1.221187407 keyframe_000067.pcd
68 1778824315.075347662 -2.407190 -8.035014 -0.581263 0.154385928 0.027429578 -0.575637072 0.802530103 -1.219246088 keyframe_000068.pcd
69 1778824315.174387693 -2.370833 -8.162927 -0.575405 0.157391387 0.050118148 -0.576812119 0.800002439 -1.222329183 keyframe_000069.pcd
70 1778824315.275425434 -2.337844 -8.297292 -0.569919 0.146196488 0.043305163 -0.581867561 0.798862561 -1.235911348 keyframe_000070.pcd
71 1778824315.375121355 -2.294606 -8.427303 -0.576384 0.145966026 0.040581958 -0.578117115 0.801765318 -1.226399944 keyframe_000071.pcd
72 1778824315.475448847 -2.260949 -8.558718 -0.558888 0.153242966 0.029239942 -0.572680834 0.804797044 -1.211972732 keyframe_000072.pcd
73 1778824315.575496912 -2.220778 -8.694507 -0.553455 0.150052961 0.045692458 -0.574879469 0.803062827 -1.218067440 keyframe_000073.pcd
74 1778824315.675339699 -2.169668 -8.827021 -0.543762 0.141402241 0.042351056 -0.580343171 0.800883011 -1.232513228 keyframe_000074.pcd
75 1778824315.774326086 -2.119911 -8.956152 -0.540472 0.138781707 0.047272445 -0.577965896 0.802782895 -1.227081847 keyframe_000075.pcd
76 1778824315.875391722 -2.082507 -9.052356 -0.528073 0.140534026 0.043114207 -0.573518355 0.805895806 -1.215554403 keyframe_000076.pcd
77 1778824316.074275970 -2.032897 -9.160219 -0.543938 0.138476461 0.038084316 -0.574976829 0.805466015 -1.219211553 keyframe_000077.pcd
78 1778824316.375062943 -1.988338 -9.288622 -0.560626 0.149887757 0.037648429 -0.565911837 0.809851869 -1.195515741 keyframe_000078.pcd
79 1778824316.575406551 -1.956091 -9.432618 -0.536104 0.145358668 0.013150004 -0.566120187 0.811298878 -1.197126673 keyframe_000079.pcd
80 1778824316.775364399 -1.905150 -9.612725 -0.506900 0.140393223 0.037697965 -0.570455751 0.808361827 -1.207766070 keyframe_000080.pcd
81 1778824316.875264645 -1.871580 -9.709363 -0.502004 0.139661312 0.032696279 -0.566736940 0.811316776 -1.198563079 keyframe_000081.pcd
82 1778824317.073470592 -1.808251 -9.885738 -0.489417 0.142125186 0.024411598 -0.563298549 0.813571908 -1.189961952 keyframe_000082.pcd
83 1778824317.271649837 -1.730586 -10.048712 -0.478647 0.132294457 0.037633592 -0.567910450 0.811516858 -1.202249222 keyframe_000083.pcd
84 1778824317.475283384 -1.662394 -10.224851 -0.487645 0.128236827 0.039155359 -0.561162492 0.816773428 -1.186047074 keyframe_000084.pcd
85 1778824317.675182104 -1.631392 -10.384344 -0.465285 0.135296252 0.025122917 -0.560309326 0.816772442 -1.183242907 keyframe_000085.pcd
86 1778824317.873425245 -1.575319 -10.552101 -0.442074 0.130394132 0.031738797 -0.562883093 0.815568907 -1.189943766 keyframe_000086.pcd
87 1778824318.073202372 -1.500954 -10.727099 -0.426489 0.136847647 0.017663521 -0.558267607 0.818106350 -1.178386692 keyframe_000087.pcd
88 1778824318.271486521 -1.427554 -10.903591 -0.405807 0.134873998 0.035310221 -0.562758122 0.814779412 -1.189241752 keyframe_000088.pcd
89 1778824318.375272751 -1.386181 -10.999242 -0.401022 0.127231380 0.027458764 -0.561133652 0.817427193 -1.185945222 keyframe_000089.pcd
90 1778824318.475350142 -1.344331 -11.101936 -0.407979 0.137066293 0.032873715 -0.554853456 0.819920601 -1.169632463 keyframe_000090.pcd
91 1778824318.675190926 -1.275766 -11.288073 -0.392395 0.132067196 0.042155465 -0.556654954 0.819094887 -1.174686547 keyframe_000091.pcd
92 1778824318.873335361 -1.204579 -11.471390 -0.370626 0.133839791 0.030479844 -0.555445912 0.820144944 -1.171409559 keyframe_000092.pcd
93 1778824319.075385571 -1.154156 -11.654149 -0.352006 0.137927361 0.025845342 -0.551287104 0.822429687 -1.160975193 keyframe_000093.pcd
94 1778824319.275259495 -1.122763 -11.815556 -0.334456 0.127298130 0.034973653 -0.553459711 0.822346872 -1.167200570 keyframe_000094.pcd
95 1778824319.475145102 -1.074067 -11.938336 -0.347412 0.131351750 0.032798707 -0.549068087 0.824739473 -1.156111457 keyframe_000095.pcd
96 1778824319.775051594 -1.004341 -12.017092 -0.331556 0.131683070 0.015820502 -0.541763213 0.830001146 -1.139002842 keyframe_000096.pcd
97 1778824320.475222588 -0.943614 -12.103739 -0.332906 0.125098373 0.016449817 -0.546834059 0.827678870 -1.151720437 keyframe_000097.pcd
98 1778824320.675228357 -0.897281 -12.203037 -0.325174 0.124608730 0.023360109 -0.537084671 0.833946657 -1.128036635 keyframe_000098.pcd
99 1778824322.075340748 -0.832534 -12.290202 -0.297361 0.122631513 0.022242834 -0.542963172 0.830456358 -1.142361310 keyframe_000099.pcd
100 1778824322.475219727 -0.772436 -12.411312 -0.281644 0.116821520 0.007926885 -0.534761055 0.836851547 -1.123995860 keyframe_000100.pcd
101 1778824322.675276041 -0.721683 -12.515463 -0.278594 0.115384084 0.006289502 -0.522055955 0.845047061 -1.094156552 keyframe_000101.pcd
102 1778824322.875230551 -0.637754 -12.676393 -0.262655 0.113709879 0.001317305 -0.521314922 0.845753558 -1.092998678 keyframe_000102.pcd
103 1778824322.975299120 -0.597635 -12.771192 -0.261245 0.115485997 0.000049403 -0.511763975 0.851328735 -1.070640746 keyframe_000103.pcd
104 1778824323.075185776 -0.559553 -12.875838 -0.262124 0.116537146 -0.008607386 -0.521721953 0.845074677 -1.094943458 keyframe_000104.pcd
105 1778824323.175179243 -0.517121 -12.994635 -0.240762 0.126215724 -0.001141495 -0.517157333 0.846532091 -1.082650515 keyframe_000105.pcd
106 1778824323.271751165 -0.456404 -13.108757 -0.226413 0.118689452 -0.006532798 -0.508486503 0.852825664 -1.063607801 keyframe_000106.pcd
107 1778824323.375238180 -0.414619 -13.246484 -0.200309 0.120703664 -0.010756929 -0.513189522 0.849677250 -1.075034609 keyframe_000107.pcd
108 1778824323.575229883 -0.266953 -13.571522 -0.192315 0.118461535 -0.003500371 -0.510933804 0.851411335 -1.068926619 keyframe_000108.pcd
109 1778824323.675176620 -0.205338 -13.752745 -0.167389 0.126335564 0.001883630 -0.512051523 0.849611096 -1.070329342 keyframe_000109.pcd
110 1778824323.775276423 -0.123851 -13.940393 -0.159030 0.125810247 0.006676554 -0.517409393 0.846412857 -1.082404365 keyframe_000110.pcd
111 1778824323.875275612 -0.019563 -14.146402 -0.139099 0.115743570 -0.004713667 -0.508997936 0.852937459 -1.064744391 keyframe_000111.pcd
112 1778824323.975292683 0.073654 -14.362410 -0.109641 0.132978385 0.007518890 -0.505273109 0.852619083 -1.053336784 keyframe_000112.pcd
113 1778824324.075145245 0.170356 -14.586371 -0.094836 0.118772343 0.010453759 -0.518460544 0.846748200 -1.085089698 keyframe_000113.pcd
114 1778824324.175063610 0.290513 -14.831441 -0.069114 0.123054363 0.005985508 -0.520979602 0.844631311 -1.091081969 keyframe_000114.pcd
115 1778824324.275184393 0.396956 -15.089520 -0.047392 0.138768627 0.028127116 -0.537386733 0.831364922 -1.127227803 keyframe_000115.pcd
116 1778824324.375228643 0.491432 -15.356145 -0.027914 0.132910985 0.016597918 -0.570178639 0.810527914 -1.207946185 keyframe_000116.pcd
117 1778824324.475204945 0.603260 -15.629949 0.013970 0.108755193 0.023683413 -0.576214467 0.809684069 -1.224507062 keyframe_000117.pcd
118 1778824324.575110435 0.708123 -15.921308 0.036579 0.132554854 0.027072846 -0.571870524 0.809110855 -1.211907439 keyframe_000118.pcd
119 1778824324.675136566 0.803775 -16.216474 0.058359 0.126608975 0.026919458 -0.586486390 0.799549388 -1.248781199 keyframe_000119.pcd
120 1778824324.775238276 0.926549 -16.510264 0.070954 0.132370456 0.037579778 -0.576337082 0.805544158 -1.223163060 keyframe_000120.pcd
121 1778824324.875163794 1.018961 -16.786800 0.106544 0.156372763 0.050530348 -0.575231667 0.801313154 -1.218494003 keyframe_000121.pcd
122 1778824324.975182295 1.103790 -17.058493 0.108408 0.138459898 0.048937586 -0.595007907 0.790189572 -1.270350479 keyframe_000122.pcd
123 1778824325.075238228 1.170100 -17.289035 0.131567 0.151302373 0.051273597 -0.590420980 0.791126840 -1.257571806 keyframe_000123.pcd
124 1778824325.175179958 1.247534 -17.476182 0.151425 0.143651015 0.058890649 -0.594005915 0.789337222 -1.268286790 keyframe_000124.pcd
125 1778824325.275055408 1.290022 -17.636774 0.164536 0.156715825 0.023310651 -0.597333509 0.786186646 -1.273716973 keyframe_000125.pcd
126 1778824325.373527765 1.338517 -17.743571 0.187204 0.145623123 0.033618304 -0.594045349 0.790426365 -1.266391265 keyframe_000126.pcd
127 1778824325.473016024 1.391317 -17.831493 0.163609 0.144239557 0.039648780 -0.585698313 0.796605555 -1.245596515 keyframe_000127.pcd
128 1778824325.675214767 1.443805 -17.927777 0.181020 0.138033254 0.027305949 -0.590545818 0.794642588 -1.258078153 keyframe_000128.pcd
129 1778824327.473776579 1.441490 -18.056857 0.176945 0.143111562 0.008383618 -0.588248642 0.795872057 -1.252448829 keyframe_000129.pcd
130 1778824327.971533537 1.495303 -18.152745 0.154541 0.151608267 0.038395408 -0.588401215 0.793299903 -1.251669662 keyframe_000130.pcd
131 1778824328.170781136 1.518842 -18.266311 0.158101 0.140192277 0.038507949 -0.589000594 0.794947522 -1.254266081 keyframe_000131.pcd
132 1778824328.374820471 1.547977 -18.450410 0.189505 0.146343224 0.015397156 -0.585190438 0.797432593 -1.244177346 keyframe_000132.pcd
133 1778824328.475026846 1.583867 -18.549227 0.204023 0.148564381 0.033308928 -0.589426268 0.793344701 -1.254416454 keyframe_000133.pcd
134 1778824328.573288202 1.620317 -18.649508 0.207691 0.136794830 0.019845982 -0.589427668 0.795907240 -1.255408503 keyframe_000134.pcd
135 1778824328.673035860 1.653476 -18.768574 0.200965 0.154731944 0.033633156 -0.579369138 0.799536265 -1.228506939 keyframe_000135.pcd
136 1778824328.772662163 1.670064 -18.875069 0.223647 0.149691808 0.018927829 -0.581220690 0.799635298 -1.233835502 keyframe_000136.pcd
137 1778824328.871553421 1.696458 -18.997951 0.213543 0.161453515 0.039702191 -0.579421091 0.797889528 -1.228021230 keyframe_000137.pcd
138 1778824328.971401691 1.735695 -19.105577 0.229835 0.149964595 0.037411075 -0.582692592 0.797859872 -1.237391756 keyframe_000138.pcd
139 1778824329.075006723 1.775843 -19.233783 0.219097 0.158686301 0.029820997 -0.577399980 0.800336573 -1.223185977 keyframe_000139.pcd
140 1778824329.175073385 1.811450 -19.347074 0.234543 0.158738088 0.024563566 -0.574627182 0.802497634 -1.216373598 keyframe_000140.pcd
141 1778824329.275184393 1.848722 -19.476973 0.235787 0.158167772 0.034678140 -0.579335817 0.798843160 -1.228080402 keyframe_000141.pcd
142 1778824329.374200583 1.862672 -19.594745 0.246744 0.155074423 0.036570772 -0.610778637 0.775605543 -1.308602583 keyframe_000142.pcd
143 1778824329.474215508 1.869729 -19.717750 0.239046 0.149607656 0.015431492 -0.654314213 0.741115598 -1.423441345 keyframe_000143.pcd
144 1778824329.575175285 1.862769 -19.845540 0.232716 0.201724926 0.020405992 -0.682818992 0.701889503 -1.500739588 keyframe_000144.pcd
145 1778824329.675071478 1.850611 -19.983684 0.222229 0.210824259 0.022170991 -0.722897026 0.657633232 -1.619769976 keyframe_000145.pcd
146 1778824329.774924278 1.811531 -20.079967 0.218128 0.192418183 0.009928845 -0.756490141 0.624979461 -1.723306223 keyframe_000146.pcd
147 1778824329.875051498 1.781189 -20.191971 0.202719 0.187700772 -0.009466703 -0.773754455 0.604965160 -1.778017992 keyframe_000147.pcd
148 1778824329.975068331 1.711848 -20.303135 0.199013 0.220893819 -0.000243962 -0.772651478 0.595160108 -1.778642760 keyframe_000148.pcd
149 1778824330.075117350 1.644007 -20.426094 0.189308 0.217877558 0.016331063 -0.792967367 0.568740206 -1.851626573 keyframe_000149.pcd
150 1778824330.175101280 1.553384 -20.531880 0.187299 0.207890737 0.011211375 -0.824710629 0.525840399 -1.966673877 keyframe_000150.pcd
151 1778824330.275010586 1.486292 -20.631960 0.162432 0.199227554 0.003167664 -0.858198692 0.473068021 -2.098977135 keyframe_000151.pcd
152 1778824330.371357679 1.378312 -20.709259 0.136725 0.248841823 -0.013540503 -0.870065924 0.425299529 -2.173956047 keyframe_000152.pcd
153 1778824330.475119591 1.279597 -20.782858 0.107750 0.237197212 -0.007613116 -0.896149109 0.374961729 -2.302131868 keyframe_000153.pcd
154 1778824330.675220966 1.081798 -20.917065 0.053346 0.232219109 -0.010832927 -0.916480189 0.325608655 -2.417156062 keyframe_000154.pcd
155 1778824330.775155544 0.989491 -20.977434 0.034271 0.247160072 -0.006676014 -0.915471245 0.317458232 -2.428810554 keyframe_000155.pcd
156 1778824330.875093460 0.869460 -21.029486 0.012451 0.230221383 -0.002672750 -0.925013085 0.302228000 -2.474345359 keyframe_000156.pcd
157 1778824330.975189924 0.744537 -21.091674 -0.031564 0.252770791 0.009699739 -0.923043351 0.289834117 -2.496275810 keyframe_000157.pcd
158 1778824331.075098515 0.630824 -21.150617 -0.063213 0.240002122 0.009961123 -0.927968281 0.284911613 -2.514083812 keyframe_000158.pcd
159 1778824331.175179958 0.518110 -21.210124 -0.089551 0.240558879 0.003568569 -0.928898236 0.281543529 -2.518651663 keyframe_000159.pcd
160 1778824331.275184155 0.408881 -21.258750 -0.108554 0.230768485 0.010326098 -0.938879132 0.255235680 -2.585348365 keyframe_000160.pcd
161 1778824331.375157118 0.290547 -21.294128 -0.135414 0.247725073 0.014123133 -0.945410991 0.211260227 -2.679512999 keyframe_000161.pcd
162 1778824331.475003958 0.174212 -21.337136 -0.164775 0.225324654 0.008275050 -0.956258359 0.186360602 -2.739349264 keyframe_000162.pcd
163 1778824331.575141430 0.052014 -21.387012 -0.219159 0.257505938 -0.002932088 -0.951070139 0.170726935 -2.758295450 keyframe_000163.pcd
164 1778824331.675062656 -0.057564 -21.428315 -0.249374 0.247565762 -0.015458550 -0.956727536 0.152133656 -2.796519642 keyframe_000164.pcd
165 1778824331.775212049 -0.168196 -21.464543 -0.292812 0.257445881 -0.011945855 -0.956389058 0.137473216 -2.827936691 keyframe_000165.pcd
166 1778824331.875178814 -0.290396 -21.485143 -0.309367 0.235631500 -0.003822161 -0.963016967 0.130619711 -2.853434493 keyframe_000166.pcd
167 1778824331.975104094 -0.425595 -21.508713 -0.335468 0.249614809 0.000860618 -0.958408361 0.138365889 -2.835228589 keyframe_000167.pcd
168 1778824332.075017452 -0.556532 -21.542070 -0.319315 0.232061343 -0.004232223 -0.958760974 0.164033582 -2.780657399 keyframe_000168.pcd
169 1778824332.175143242 -0.685499 -21.586678 -0.357780 0.257661232 0.012735250 -0.948861547 0.181962271 -2.741493609 keyframe_000169.pcd
170 1778824332.275043726 -0.817465 -21.632183 -0.360665 0.246034111 0.018586320 -0.949283202 0.194892709 -2.719220031 keyframe_000170.pcd
171 1778824332.374952078 -0.937767 -21.688605 -0.390800 0.246820160 0.013657310 -0.946057791 0.209446754 -2.683686139 keyframe_000171.pcd
172 1778824332.475026369 -1.053307 -21.731116 -0.405446 0.235226464 0.005719743 -0.946755177 0.219750835 -2.660905978 keyframe_000172.pcd
173 1778824332.575083017 -1.161251 -21.784194 -0.442487 0.252491284 0.016475050 -0.940788073 0.225598151 -2.646480918 keyframe_000173.pcd
174 1778824332.674998283 -1.268294 -21.832172 -0.456325 0.243316589 0.023405583 -0.942310349 0.228692856 -2.646426495 keyframe_000174.pcd
175 1778824332.775191545 -1.385047 -21.900827 -0.490679 0.245346706 0.019886217 -0.940234298 0.235306177 -2.628968729 keyframe_000175.pcd
176 1778824332.874966621 -1.496534 -21.956134 -0.498706 0.236209243 0.008547806 -0.942520157 0.236194587 -2.625077688 keyframe_000176.pcd
177 1778824332.975018024 -1.609222 -22.034273 -0.538354 0.243965740 0.023947477 -0.937793842 0.245865709 -2.607562039 keyframe_000177.pcd
178 1778824333.075100899 -1.715431 -22.111460 -0.555214 0.240639313 0.026845154 -0.930547248 0.274688691 -2.544721199 keyframe_000178.pcd
179 1778824333.175001621 -1.808812 -22.200187 -0.591507 0.227168752 0.023988865 -0.916881436 0.327333659 -2.429296681 keyframe_000179.pcd
180 1778824333.274969339 -1.868568 -22.286145 -0.595736 0.207653758 0.016962273 -0.897063563 0.389703941 -2.293219084 keyframe_000180.pcd
181 1778824333.375222921 -1.936943 -22.370441 -0.608898 0.216303150 0.050879878 -0.872307325 0.435550360 -2.191025392 keyframe_000181.pcd
182 1778824333.475040436 -2.021390 -22.455556 -0.592893 0.222198323 0.046577186 -0.854652517 0.466934200 -2.110023440 keyframe_000182.pcd
183 1778824333.575185776 -2.083363 -22.570230 -0.596034 0.208911492 0.034985285 -0.843712108 0.493236148 -2.051233640 keyframe_000183.pcd
184 1778824333.665237188 -2.141827 -22.658000 -0.591315 0.200937290 0.029602168 -0.834656376 0.511953759 -2.009164649 keyframe_000184.pcd
185 1778824333.775060177 -2.200278 -22.786258 -0.623320 0.211108204 0.043275758 -0.822673194 0.526088729 -1.969878933 keyframe_000185.pcd
186 1778824333.875210285 -2.232738 -22.898081 -0.628728 0.203535758 0.041853613 -0.819864908 0.533519449 -1.956061507 keyframe_000186.pcd
187 1778824333.975166321 -2.270475 -23.014671 -0.663966 0.205842363 0.029173657 -0.813608625 0.542972213 -1.928358218 keyframe_000187.pcd
188 1778824334.174975157 -2.356493 -23.251967 -0.713545 0.194184122 0.025249893 -0.808923365 0.554344621 -1.906994723 keyframe_000188.pcd
189 1778824334.273865938 -2.388354 -23.378257 -0.745043 0.213470247 0.041233271 -0.804628364 0.552542729 -1.900505189 keyframe_000189.pcd
190 1778824334.375021696 -2.428964 -23.498412 -0.769899 0.206593253 0.033666080 -0.803179573 0.557752989 -1.890962358 keyframe_000190.pcd
191 1778824334.475186825 -2.466397 -23.618772 -0.791407 0.208424802 0.022698811 -0.800116910 0.562011385 -1.877071073 keyframe_000191.pcd
192 1778824334.575107574 -2.512116 -23.722382 -0.792911 0.193363181 0.014043955 -0.805305474 0.560264707 -1.890989955 keyframe_000192.pcd
193 1778824334.675195932 -2.553695 -23.842518 -0.806810 0.215469905 0.030036394 -0.803250941 0.554489370 -1.892150819 keyframe_000193.pcd
194 1778824334.775113106 -2.589570 -23.949066 -0.804194 0.196763321 0.018567736 -0.805307545 0.558944713 -1.892631585 keyframe_000194.pcd
195 1778824334.875111103 -2.637129 -24.078894 -0.819245 0.209501522 0.024655389 -0.798587952 0.563700725 -1.872223562 keyframe_000195.pcd
196 1778824334.975036383 -2.695929 -24.173909 -0.817099 0.198494833 0.017669320 -0.806752307 0.556271796 -1.898073659 keyframe_000196.pcd
197 1778824335.075009346 -2.747221 -24.278303 -0.835940 0.218167309 0.020612516 -0.821982256 0.525664646 -1.961429806 keyframe_000197.pcd
198 1778824335.174830198 -2.798637 -24.371824 -0.838846 0.198678014 0.023595451 -0.845912473 0.494370701 -2.052409785 keyframe_000198.pcd
199 1778824335.275144339 -2.858946 -24.461910 -0.869398 0.233673536 0.017632698 -0.846895569 0.477340194 -2.068767697 keyframe_000199.pcd
200 1778824335.375190020 -2.937243 -24.547055 -0.875715 0.227098407 0.007741376 -0.858157933 0.460360020 -2.112174041 keyframe_000200.pcd
201 1778824335.474784136 -3.015794 -24.658851 -0.902168 0.231394565 0.019512161 -0.864552737 0.445672969 -2.147756274 keyframe_000201.pcd
202 1778824335.575128317 -3.094117 -24.756410 -0.896990 0.217855192 0.025341276 -0.874884527 0.431826352 -2.191317260 keyframe_000202.pcd
203 1778824335.675097227 -3.186718 -24.854473 -0.913470 0.224857434 0.011287588 -0.877808299 0.422805293 -2.204189307 keyframe_000203.pcd
204 1778824335.775088310 -3.290981 -24.946209 -0.920360 0.232779176 0.016666252 -0.889943298 0.391837999 -2.273887824 keyframe_000204.pcd
205 1778824335.874963522 -3.405410 -25.037065 -0.943061 0.239494305 0.007737989 -0.911513898 0.334252920 -2.400496701 keyframe_000205.pcd
206 1778824335.975105286 -3.512327 -25.102134 -0.966358 0.226392330 0.021109300 -0.938769249 0.258869091 -2.583641540 keyframe_000206.pcd
207 1778824336.073091269 -3.620161 -25.129949 -1.005052 0.241110124 -0.008237354 -0.950804320 0.194342994 -2.708650316 keyframe_000207.pcd
208 1778824336.171884537 -3.728511 -25.140573 -1.021905 0.247286783 -0.025425435 -0.957904315 0.143604034 -2.810323974 keyframe_000208.pcd
209 1778824336.271356821 -3.842032 -25.147145 -1.064603 0.249353573 -0.022163565 -0.962785224 0.101863554 -2.903810049 keyframe_000209.pcd
210 1778824336.375093222 -3.953791 -25.156863 -1.090701 0.240256644 -0.013233817 -0.968076123 0.070215605 -2.980311948 keyframe_000210.pcd
211 1778824336.474881411 -4.069731 -25.173304 -1.128081 0.239094579 -0.010615728 -0.969516675 0.052521467 -3.020708899 keyframe_000211.pcd
212 1778824336.573849440 -4.186230 -25.168264 -1.143660 0.241226598 -0.010546592 -0.969428570 0.043666293 -3.039932126 keyframe_000212.pcd
213 1778824336.674915314 -4.310956 -25.190673 -1.173849 0.240355960 0.004006374 -0.970265797 0.028235523 -3.081783905 keyframe_000213.pcd
214 1778824336.773514032 -4.421246 -25.182948 -1.178013 0.246611189 0.000803465 -0.968952174 0.017718905 -3.102942901 keyframe_000214.pcd
215 1778824336.871680498 -4.534400 -25.192594 -1.204050 0.226154212 0.004812077 -0.973960757 0.015217101 -3.110991661 keyframe_000215.pcd
216 1778824336.971254587 -4.648296 -25.198049 -1.259536 0.248007724 0.002570161 -0.968574778 0.018667156 -3.101802262 keyframe_000216.pcd
217 1778824337.070960522 -4.763074 -25.178508 -1.283889 0.234820704 -0.001120280 -0.971932239 0.014342429 -3.109661936 keyframe_000217.pcd
218 1778824337.169738293 -4.887181 -25.183468 -1.324981 0.255264448 0.010218538 -0.966730137 0.012980173 -3.118729039 keyframe_000218.pcd
219 1778824337.269471407 -5.006868 -25.184734 -1.341643 0.252372142 0.013103492 -0.966877464 0.035840912 -3.069659273 keyframe_000219.pcd
220 1778824337.374948025 -5.143068 -25.193767 -1.363994 0.242123950 0.006685532 -0.968154731 0.063306500 -3.005996184 keyframe_000220.pcd
221 1778824337.467855453 -5.253553 -25.212588 -1.373825 0.228451273 0.008853832 -0.970075825 0.081758908 -2.968143075 keyframe_000221.pcd
222 1778824337.673361778 -5.529122 -25.272346 -1.423977 0.246821658 0.026706365 -0.963635262 0.098858083 -2.937910955 keyframe_000222.pcd
223 1778824337.773062706 -5.644957 -25.311240 -1.455760 0.248294776 0.020648675 -0.962445711 0.107803473 -2.914454946 keyframe_000223.pcd
224 1778824337.871852636 -5.744414 -25.343119 -1.457188 0.232103240 0.010382685 -0.965942792 0.113907017 -2.898071442 keyframe_000224.pcd
225 1778824337.971486330 -5.866467 -25.381357 -1.508593 0.248474602 0.021519032 -0.961296377 0.117075100 -2.894268850 keyframe_000225.pcd
226 1778824338.071267128 -5.976807 -25.405141 -1.521007 0.244486146 0.025016711 -0.962085337 0.118289871 -2.894119925 keyframe_000226.pcd
227 1778824338.171056986 -6.097487 -25.442211 -1.554911 0.244146444 0.015663795 -0.961578171 0.124557541 -2.875183424 keyframe_000227.pcd
228 1778824338.273697853 -6.232069 -25.470366 -1.567696 0.244465740 0.010566439 -0.961072111 0.128316993 -2.864032190 keyframe_000228.pcd
229 1778824338.375067711 -6.367925 -25.504529 -1.608722 0.248211356 0.010135495 -0.959857084 0.130241209 -2.858715955 keyframe_000229.pcd
230 1778824338.474690676 -6.472064 -25.532496 -1.624311 0.249486193 0.025264836 -0.959459176 0.128671743 -2.870310822 keyframe_000230.pcd
231 1778824338.573769808 -6.590752 -25.568310 -1.658926 0.246702290 0.025404117 -0.959785895 0.131543324 -2.864472349 keyframe_000231.pcd
232 1778824338.673215389 -6.697076 -25.626068 -1.667393 0.240376780 0.002939379 -0.961049618 0.136359800 -2.843102738 keyframe_000232.pcd
233 1778824338.772807121 -6.797258 -25.676766 -1.691740 0.236298590 0.011175535 -0.962350779 0.133862103 -2.853780842 keyframe_000233.pcd
234 1778824338.872670412 -6.924088 -25.701615 -1.709903 0.257341932 0.015260198 -0.957993645 0.125659989 -2.869874104 keyframe_000234.pcd
235 1778824338.975021601 -7.040478 -25.742350 -1.732284 0.239309527 0.012665176 -0.962289785 0.128720293 -2.865301421 keyframe_000235.pcd
236 1778824339.075006723 -7.162701 -25.770611 -1.755775 0.251065397 0.007430346 -0.958221546 0.136829916 -2.841876529 keyframe_000236.pcd
237 1778824339.175116062 -7.278487 -25.794915 -1.777627 0.236888130 0.018008554 -0.962199307 0.133162307 -2.858732207 keyframe_000237.pcd
238 1778824339.275066853 -7.412433 -25.827199 -1.825190 0.258890423 0.017440303 -0.957335855 0.127199236 -2.867351036 keyframe_000238.pcd
239 1778824339.374924660 -7.529119 -25.846748 -1.856171 0.236299479 0.016189169 -0.962764416 0.130327074 -2.864163056 keyframe_000239.pcd
240 1778824339.474900484 -7.660583 -25.877674 -1.895959 0.255778428 0.008684454 -0.956742680 0.138366980 -2.837967154 keyframe_000240.pcd
241 1778824339.573985338 -7.778153 -25.913669 -1.915210 0.238053550 0.010864236 -0.961717325 0.135322812 -2.850026747 keyframe_000241.pcd
242 1778824339.674858093 -7.907245 -25.945337 -1.950289 0.255754403 0.024966703 -0.957251375 0.132801180 -2.859728526 keyframe_000242.pcd
243 1778824339.773560286 -8.019531 -25.977895 -1.960707 0.236624785 0.027835616 -0.961876045 0.134269742 -2.861437069 keyframe_000243.pcd
244 1778824339.875053406 -8.145660 -26.016193 -1.997288 0.245481175 0.017189597 -0.958637477 0.143030410 -2.834651513 keyframe_000244.pcd
245 1778824339.975021124 -8.267210 -26.050086 -2.008181 0.230721021 0.011490810 -0.959864225 0.159048553 -2.799645751 keyframe_000245.pcd
246 1778824340.075062275 -8.371695 -26.092339 -2.058152 0.247129605 0.019148453 -0.953640583 0.170674933 -2.773534476 keyframe_000246.pcd
247 1778824340.175060511 -8.482937 -26.139007 -2.082823 0.250500996 0.028604937 -0.951337447 0.177166789 -2.763136890 keyframe_000247.pcd
248 1778824340.275209665 -8.595802 -26.196190 -2.120580 0.248065569 0.028427127 -0.950463026 0.185136190 -2.745744536 keyframe_000248.pcd
249 1778824340.375055552 -8.709843 -26.250346 -2.124777 0.241137237 0.006644469 -0.950983413 0.193492200 -2.717876391 keyframe_000249.pcd
250 1778824340.475005388 -8.819336 -26.311258 -2.158947 0.251264595 0.017792519 -0.948215696 0.193485203 -2.720297623 keyframe_000250.pcd
251 1778824340.574557781 -8.934196 -26.348944 -2.150122 0.250285791 0.026401504 -0.948529488 0.192228492 -2.728031574 keyframe_000251.pcd
252 1778824340.675075054 -9.045019 -26.384384 -2.180328 0.235525343 0.018185697 -0.951519423 0.196997161 -2.717531166 keyframe_000252.pcd
253 1778824340.775037050 -9.165710 -26.423825 -2.193852 0.241097780 0.012626029 -0.948826469 0.203570074 -2.698340348 keyframe_000253.pcd
254 1778824340.871727705 -9.277976 -26.474124 -2.220131 0.227378032 0.018015764 -0.952615028 0.201244306 -2.710405380 keyframe_000254.pcd
255 1778824340.975121737 -9.405448 -26.535894 -2.248212 0.245127380 0.019358274 -0.949374219 0.195515773 -2.718503520 keyframe_000255.pcd
256 1778824341.075007677 -9.508683 -26.586270 -2.271189 0.224674473 0.012544304 -0.953620463 0.199930075 -2.711570290 keyframe_000256.pcd
257 1778824341.275096893 -9.758163 -26.673419 -2.313466 0.220220132 0.002849939 -0.954557859 0.200784127 -2.706675672 keyframe_000257.pcd
258 1778824341.375199318 -9.876584 -26.734133 -2.353881 0.256169489 0.014549236 -0.946407182 0.196160543 -2.710855328 keyframe_000258.pcd
259 1778824341.475059032 -9.981586 -26.789833 -2.379677 0.240229638 0.017434448 -0.950172240 0.197885008 -2.713742430 keyframe_000259.pcd
260 1778824341.575178623 -10.088436 -26.858704 -2.417627 0.246790658 0.014947119 -0.947193236 0.204195807 -2.696175533 keyframe_000260.pcd
261 1778824341.675177097 -10.202864 -26.910527 -2.429292 0.234650780 0.014923086 -0.950586998 0.202733008 -2.703429835 keyframe_000261.pcd
262 1778824341.775167465 -10.315405 -26.954758 -2.468853 0.249656573 0.017342699 -0.946995177 0.201422344 -2.702687762 keyframe_000262.pcd
263 1778824341.875048637 -10.413252 -27.003517 -2.475055 0.224658229 0.018909897 -0.952827560 0.203201222 -2.707268264 keyframe_000263.pcd
264 1778824341.975187063 -10.528642 -27.058130 -2.518562 0.245652442 0.016866811 -0.946797845 0.207229895 -2.690717541 keyframe_000264.pcd
265 1778824342.075060368 -10.632024 -27.113965 -2.531304 0.236364004 0.010826637 -0.948837265 0.209099704 -2.686698289 keyframe_000265.pcd
266 1778824342.175040960 -10.757874 -27.168507 -2.568922 0.251065373 0.023044950 -0.945469910 0.206208044 -2.694393360 keyframe_000266.pcd
267 1778824342.275220633 -10.876810 -27.218223 -2.587324 0.239374501 0.022132872 -0.947981040 0.208667034 -2.692204062 keyframe_000267.pcd
268 1778824342.375067472 -10.999112 -27.270711 -2.625049 0.246056651 0.017764337 -0.945715395 0.211572553 -2.681254744 keyframe_000268.pcd
269 1778824342.475011826 -11.112782 -27.309419 -2.643787 0.236434620 0.005559865 -0.947803307 0.213861287 -2.673530961 keyframe_000269.pcd
270 1778824342.575062752 -11.226572 -27.369624 -2.692428 0.243740848 0.021480454 -0.946154730 0.211943901 -2.683091842 keyframe_000270.pcd
271 1778824342.675088167 -11.339106 -27.422545 -2.706681 0.243632971 0.020334751 -0.946890102 0.208874623 -2.689456017 keyframe_000271.pcd
272 1778824342.775037527 -11.454001 -27.480381 -2.736445 0.239390736 0.014172946 -0.947565751 0.211211624 -2.682571491 keyframe_000272.pcd
273 1778824342.875135422 -11.571622 -27.530458 -2.745518 0.237983256 0.004844603 -0.947104068 0.215254229 -2.669517202 keyframe_000273.pcd
274 1778824342.975718975 -11.685073 -27.575619 -2.771153 0.233599748 0.010499193 -0.948172814 0.215149341 -2.673994017 keyframe_000274.pcd
275 1778824343.075026035 -11.801325 -27.634767 -2.784394 0.248174004 0.021208819 -0.945659338 0.209017384 -2.688058247 keyframe_000275.pcd
276 1778824343.175449848 -11.918381 -27.686502 -2.811170 0.239226740 0.013564432 -0.947563219 0.211448619 -2.681799225 keyframe_000276.pcd
277 1778824343.275091887 -12.022853 -27.734096 -2.831012 0.240350214 -0.001260690 -0.946442787 0.215583477 -2.664966600 keyframe_000277.pcd
278 1778824343.374848604 -12.131658 -27.794720 -2.850897 0.227787620 0.011276961 -0.950132279 0.212683527 -2.681785854 keyframe_000278.pcd
279 1778824343.475060225 -12.240567 -27.849365 -2.899109 0.250759184 0.023780714 -0.945094066 0.208210269 -2.690351195 keyframe_000279.pcd
280 1778824343.575703144 -12.349370 -27.905813 -2.925313 0.233769924 0.018671964 -0.948390390 0.213444719 -2.681618683 keyframe_000280.pcd
281 1778824343.675018072 -12.465964 -27.970334 -2.937226 0.243454081 0.009739087 -0.944716419 0.219422304 -2.660516349 keyframe_000281.pcd
282 1778824343.775197506 -12.581825 -28.028269 -2.949166 0.231047653 0.016455481 -0.948154724 0.217597834 -2.672190490 keyframe_000282.pcd
283 1778824343.875135422 -12.706679 -28.079799 -2.985783 0.253193005 0.028919421 -0.943502176 0.211803240 -2.684104998 keyframe_000283.pcd
284 1778824343.975174189 -12.811343 -28.129002 -3.001289 0.232362110 0.021905857 -0.948196313 0.215526644 -2.678959843 keyframe_000284.pcd
285 1778824344.075190067 -12.938484 -28.172453 -3.035946 0.245654666 0.011083953 -0.944133715 0.219413901 -2.660371235 keyframe_000285.pcd
286 1778824344.175106764 -13.060134 -28.215523 -3.046036 0.233864879 0.012145728 -0.947900690 0.215972176 -2.672844847 keyframe_000286.pcd
287 1778824344.274935961 -13.178922 -28.267368 -3.073159 0.256209543 0.029857229 -0.942628647 0.211935013 -2.683287495 keyframe_000287.pcd
288 1778824344.374861717 -13.291968 -28.308006 -3.091875 0.234085956 0.024502838 -0.947829642 0.214993826 -2.680854579 keyframe_000288.pcd
289 1778824344.475076437 -13.408648 -28.362903 -3.137419 0.249675481 0.027025943 -0.943117270 0.217856761 -2.670557988 keyframe_000289.pcd
290 1778824344.675188065 -13.629437 -28.472649 -3.167186 0.255538563 0.032006734 -0.942675638 0.212222180 -2.684026450 keyframe_000290.pcd
291 1778824344.775093794 -13.724351 -28.537218 -3.196402 0.239895696 0.030540303 -0.947492310 0.209226355 -2.694990113 keyframe_000291.pcd
292 1778824344.875195503 -13.830140 -28.607860 -3.232301 0.250505376 0.019304281 -0.944139280 0.213249671 -2.676688475 keyframe_000292.pcd
293 1778824344.975108147 -13.946169 -28.662520 -3.242612 0.242755332 0.012828028 -0.946256661 0.213315780 -2.676016929 keyframe_000293.pcd
294 1778824345.075021267 -14.066908 -28.732352 -3.282230 0.251055051 0.021060912 -0.944231268 0.212026205 -2.680179689 keyframe_000294.pcd
295 1778824345.174514294 -14.175504 -28.790499 -3.299407 0.238057038 0.025760277 -0.947563726 0.211632322 -2.687763562 keyframe_000295.pcd
296 1778824345.273465157 -14.294266 -28.844302 -3.337464 0.245533118 0.021542512 -0.945065765 0.214709355 -2.676283131 keyframe_000296.pcd
297 1778824345.372987032 -14.410859 -28.888329 -3.351867 0.238457087 0.010591105 -0.946575849 0.216841433 -2.668553385 keyframe_000297.pcd
298 1778824345.475035191 -14.529519 -28.948654 -3.381383 0.246329988 0.015141303 -0.944800368 0.215509958 -2.670953477 keyframe_000298.pcd
299 1778824345.575047016 -14.639661 -29.007435 -3.396696 0.237442778 0.029354458 -0.947657361 0.211435023 -2.690171922 keyframe_000299.pcd
300 1778824345.675071955 -14.752381 -29.068461 -3.420496 0.245146379 0.016123980 -0.945073845 0.215589187 -2.671696289 keyframe_000300.pcd
301 1778824345.775165558 -14.863820 -29.107477 -3.433013 0.239611761 0.012626868 -0.946245025 0.216903476 -2.668987744 keyframe_000301.pcd
302 1778824345.874926805 -14.986356 -29.149465 -3.465959 0.241756027 0.026154847 -0.945738539 0.215519285 -2.678048168 keyframe_000302.pcd
303 1778824345.975014448 -15.095532 -29.215572 -3.518343 0.243022481 0.030873988 -0.946419358 0.210421647 -2.691523015 keyframe_000303.pcd
304 1778824346.074779034 -15.212699 -29.268844 -3.565004 0.235357926 0.021589165 -0.947986225 0.213219775 -2.683016169 keyframe_000304.pcd
305 1778824346.174437046 -15.332586 -29.336039 -3.604363 0.244719652 0.015593071 -0.944215355 0.219832916 -2.662022977 keyframe_000305.pcd
306 1778824346.273195505 -15.443387 -29.386750 -3.631529 0.238792163 0.023335759 -0.946199257 0.217119116 -2.674018341 keyframe_000306.pcd
307 1778824346.372867346 -15.561024 -29.446429 -3.667062 0.250348129 0.030452713 -0.947145378 0.198277784 -2.716507780 keyframe_000307.pcd
308 1778824346.472574234 -15.662584 -29.492103 -3.678025 0.220074429 0.029054787 -0.958600073 0.178350680 -2.767944981 keyframe_000308.pcd
309 1778824346.575157404 -15.776675 -29.527881 -3.696912 0.256385235 0.002618427 -0.951285242 0.171219579 -2.760602817 keyframe_000309.pcd
310 1778824346.675154448 -15.900662 -29.557438 -3.699933 0.244588080 0.011439506 -0.957276362 0.153843347 -2.807712844 keyframe_000310.pcd
311 1778824346.774917603 -16.021649 -29.590541 -3.732114 0.256389549 0.009412288 -0.956117554 0.141474487 -2.831247734 keyframe_000311.pcd
312 1778824346.874551773 -16.136912 -29.621548 -3.742569 0.231774945 0.013755028 -0.963011183 0.136750266 -2.849642345 keyframe_000312.pcd
313 1778824346.973275900 -16.259684 -29.646753 -3.785590 0.256648179 0.007220228 -0.956530340 0.138308674 -2.837050956 keyframe_000313.pcd
314 1778824347.072723389 -16.382852 -29.677860 -3.801279 0.244802890 0.009717936 -0.960285479 0.133524925 -2.851939623 keyframe_000314.pcd
315 1778824347.172473669 -16.504751 -29.728002 -3.848026 0.258533218 0.019483298 -0.957264597 0.128161881 -2.866444812 keyframe_000315.pcd
316 1778824347.271248341 -16.625430 -29.767574 -3.870550 0.239417286 0.023468618 -0.962068235 0.128659619 -2.871098603 keyframe_000316.pcd
317 1778824347.375025988 -16.751918 -29.792315 -3.914305 0.246769168 0.018508443 -0.960018378 0.130870657 -2.862185118 keyframe_000317.pcd
318 1778824347.474777460 -16.878361 -29.804097 -3.922762 0.236448102 0.003127122 -0.963129252 0.128314303 -2.861856932 keyframe_000318.pcd
319 1778824347.575018883 -17.000271 -29.822692 -3.967225 0.254149775 0.010929993 -0.958336162 0.129923928 -2.858542158 keyframe_000319.pcd
320 1778824347.674669266 -17.122815 -29.870754 -4.006648 0.257425441 0.017027522 -0.958344187 0.122550501 -2.877859465 keyframe_000320.pcd
321 1778824347.774366379 -17.251196 -29.905164 -4.059119 0.245955526 0.021009080 -0.961421130 0.121383314 -2.884817058 keyframe_000321.pcd
322 1778824347.873128653 -17.367939 -29.930631 -4.078619 0.243232523 0.006170647 -0.962152487 0.122729192 -2.874329377 keyframe_000322.pcd
323 1778824347.972848892 -17.489977 -29.966388 -4.120170 0.261750517 0.017614720 -0.957237992 0.121950052 -2.878689632 keyframe_000323.pcd
324 1778824348.175123930 -17.736473 -30.036214 -4.171120 0.251823588 0.021786683 -0.959323472 0.125732643 -2.874511869 keyframe_000324.pcd
325 1778824348.274676800 -17.858371 -30.056656 -4.179703 0.242182430 0.010617952 -0.961544840 0.129098604 -2.862802970 keyframe_000325.pcd
326 1778824348.375211716 -17.970235 -30.097457 -4.222753 0.257037844 0.023441718 -0.957785230 0.126607608 -2.872527094 keyframe_000326.pcd
327 1778824348.475008011 -18.091432 -30.131511 -4.239090 0.251078308 0.030662994 -0.959378429 0.124949966 -2.881397480 keyframe_000327.pcd
328 1778824348.574761391 -18.204980 -30.176871 -4.275918 0.255732366 0.018008187 -0.957825599 0.129795164 -2.862501950 keyframe_000328.pcd
329 1778824348.674542189 -18.321191 -30.218230 -4.278240 0.248070306 0.019514116 -0.959432989 0.132546829 -2.858743355 keyframe_000329.pcd
330 1778824348.773501873 -18.445019 -30.252543 -4.322321 0.250037383 0.026040686 -0.958885280 0.131689827 -2.863899237 keyframe_000330.pcd
331 1778824348.874464750 -18.564244 -30.275749 -4.335739 0.248056013 0.031559158 -0.959951999 0.126350281 -2.879236398 keyframe_000331.pcd
332 1778824348.975173950 -18.675235 -30.306604 -4.363073 0.239355769 0.022636045 -0.961717064 0.131516975 -2.864341390 keyframe_000332.pcd
333 1778824349.075095177 -18.784495 -30.339226 -4.375630 0.244043639 0.019608682 -0.959627304 0.138468914 -2.846410689 keyframe_000333.pcd
334 1778824349.175221682 -18.886713 -30.358312 -4.385562 0.226545485 0.010775080 -0.964226955 0.137213043 -2.848197860 keyframe_000334.pcd
335 1778824349.275201559 -19.006813 -30.413656 -4.443734 0.257864599 0.027855313 -0.956503626 0.133531805 -2.859346381 keyframe_000335.pcd
336 1778824349.375060797 -19.118396 -30.454735 -4.461536 0.236813966 0.027910481 -0.961745045 0.134857773 -2.860144089 keyframe_000336.pcd
337 1778824349.474909306 -19.236515 -30.488115 -4.499457 0.248860075 0.025426933 -0.958168012 0.139054647 -2.847311412 keyframe_000337.pcd
338 1778824349.574986935 -19.357372 -30.508143 -4.505643 0.236605989 0.014108821 -0.961578294 0.138512569 -2.844954900 keyframe_000338.pcd
339 1778824349.674821377 -19.481215 -30.544529 -4.549716 0.248518138 0.017500505 -0.958615493 0.137799869 -2.845824199 keyframe_000339.pcd
340 1778824349.774244308 -19.592566 -30.582378 -4.560230 0.239431307 0.021716741 -0.961237957 0.134991194 -2.856146851 keyframe_000340.pcd
341 1778824349.875679255 -19.707951 -30.614294 -4.608147 0.245084814 0.013348958 -0.959378791 0.139095557 -2.841438054 keyframe_000341.pcd
342 1778824349.975068331 -19.826319 -30.647716 -4.619392 0.244664598 0.010121113 -0.958919514 0.143213700 -2.830651912 keyframe_000342.pcd
343 1778824350.075034380 -19.949092 -30.674626 -4.653533 0.244520215 0.013194647 -0.959034848 0.142435691 -2.834052662 keyframe_000343.pcd
344 1778824350.175084829 -20.061943 -30.701200 -4.658817 0.245535518 0.019638643 -0.959332783 0.137866764 -2.847463160 keyframe_000344.pcd
345 1778824350.274951458 -20.162202 -30.741797 -4.695877 0.240241579 0.013447132 -0.960381761 0.140605947 -2.839205482 keyframe_000345.pcd
346 1778824350.376116753 -20.285793 -30.772747 -4.712625 0.244191183 0.008041477 -0.958811536 0.144866970 -2.825988464 keyframe_000346.pcd
347 1778824350.475508928 -20.399972 -30.811886 -4.749109 0.239410994 0.018745341 -0.959992230 0.144034396 -2.834548372 keyframe_000347.pcd
348 1778824350.574845552 -20.524874 -30.842851 -4.764394 0.252038469 0.023148953 -0.957096358 0.141093225 -2.840836097 keyframe_000348.pcd
349 1778824350.674689293 -20.638288 -30.882590 -4.790196 0.235201620 0.020154965 -0.960746049 0.145742942 -2.832359075 keyframe_000349.pcd
350 1778824350.775071144 -20.758645 -30.914207 -4.815246 0.249037797 0.008154787 -0.956442662 0.152089151 -2.808709812 keyframe_000350.pcd
351 1778824350.875094175 -20.870480 -30.957701 -4.835600 0.231782986 0.012748029 -0.961313552 0.148291570 -2.823726439 keyframe_000351.pcd
352 1778824350.975016594 -20.990721 -31.000040 -4.869687 0.259121353 0.028791776 -0.954949683 0.141768333 -2.841061864 keyframe_000352.pcd
353 1778824351.063738585 -21.094026 -31.040506 -4.895811 0.239663541 0.027588426 -0.959851269 0.143128637 -2.841145140 keyframe_000353.pcd
354 1778824351.175022125 -21.226613 -31.080566 -4.937124 0.247840060 0.018491375 -0.957348023 0.147370746 -2.825141408 keyframe_000354.pcd
355 1778824351.275207281 -21.349136 -31.089537 -4.938201 0.231775522 0.018736085 -0.961600472 0.145786143 -2.832237683 keyframe_000355.pcd
356 1778824351.375141859 -21.475845 -31.123474 -4.972705 0.255283726 0.023871158 -0.955682913 0.144673968 -2.832502106 keyframe_000356.pcd
357 1778824351.575401306 -21.715154 -31.186891 -5.042393 0.246766415 0.017625878 -0.957449412 0.148614561 -2.822142812 keyframe_000357.pcd
358 1778824351.675200224 -21.826955 -31.234317 -5.064709 0.233809905 0.013551474 -0.960819221 0.148242068 -2.823788004 keyframe_000358.pcd
359 1778824351.775542736 -21.946863 -31.295087 -5.108016 0.246137462 0.021982131 -0.957790012 0.146872151 -2.828524764 keyframe_000359.pcd
360 1778824351.875196695 -22.052989 -31.340131 -5.133674 0.243463482 0.026299777 -0.959169799 0.141517321 -2.843331619 keyframe_000360.pcd
361 1778824351.975096226 -22.167930 -31.376535 -5.174772 0.244249417 0.013267584 -0.958559872 0.146045080 -2.826124158 keyframe_000361.pcd
362 1778824352.075547218 -22.291587 -31.408665 -5.201024 0.241249778 0.014545360 -0.958645132 0.150288017 -2.818068838 keyframe_000362.pcd
363 1778824352.175149679 -22.416622 -31.458340 -5.236440 0.237877713 0.024838472 -0.959253878 0.150430187 -2.823845862 keyframe_000363.pcd
364 1778824352.275142431 -22.537235 -31.501478 -5.252509 0.249503388 0.031843976 -0.957204975 0.143152564 -2.841573088 keyframe_000364.pcd
365 1778824352.375056744 -22.649608 -31.546941 -5.280029 0.234901084 0.025799219 -0.960287947 0.148333882 -2.829572175 keyframe_000365.pcd
366 1778824352.475173473 -22.763471 -31.588970 -5.299512 0.247094730 0.015911567 -0.956444378 0.154612960 -2.807746724 keyframe_000366.pcd
367 1778824352.575507164 -22.879042 -31.623313 -5.297915 0.230813528 0.022291191 -0.960537459 0.153609922 -2.816952287 keyframe_000367.pcd
368 1778824352.675017834 -22.997634 -31.670489 -5.318877 0.257803606 0.029896328 -0.954227767 0.148636734 -2.826467460 keyframe_000368.pcd
369 1778824352.775230408 -23.116299 -31.710274 -5.338082 0.236094581 0.033076710 -0.959347240 0.151056787 -2.827063993 keyframe_000369.pcd
370 1778824352.874778748 -23.234480 -31.747328 -5.367618 0.251810081 0.028002867 -0.954433740 0.157682462 -2.806343829 keyframe_000370.pcd
371 1778824352.975052834 -23.369662 -31.770606 -5.371277 0.242562437 0.029781651 -0.957264286 0.154666107 -2.816068177 keyframe_000371.pcd
372 1778824353.075514555 -23.503370 -31.802271 -5.408935 0.261264758 0.029220736 -0.952413878 0.154255246 -2.812582829 keyframe_000372.pcd
373 1778824353.175059557 -23.612300 -31.842907 -5.428092 0.237892248 0.033360471 -0.958177118 0.155534457 -2.816936804 keyframe_000373.pcd
374 1778824353.275020838 -23.725424 -31.888772 -5.464890 0.247122569 0.033492853 -0.954699583 0.162349532 -2.799922197 keyframe_000374.pcd
375 1778824353.375139236 -23.823430 -31.934594 -5.476082 0.230081879 0.025872334 -0.953871290 0.191108645 -2.735889002 keyframe_000375.pcd
376 1778824353.475050926 -23.929379 -31.998815 -5.528616 0.242611695 0.061697435 -0.939316955 0.234556282 -2.652801583 keyframe_000376.pcd
377 1778824353.575447559 -24.008848 -32.085458 -5.560454 0.246650826 0.055121410 -0.922821158 0.290733745 -2.518757876 keyframe_000377.pcd
378 1778824353.675110817 -24.092418 -32.195998 -5.604177 0.221701203 0.048399104 -0.902507966 0.366040264 -2.351856626 keyframe_000378.pcd
379 1778824353.775097132 -24.145303 -32.303029 -5.626204 0.198081095 0.047859145 -0.871643794 0.445769535 -2.175660809 keyframe_000379.pcd
380 1778824353.875410557 -24.176900 -32.419775 -5.647835 0.209221758 0.075091013 -0.825676095 0.518504178 -1.997268021 keyframe_000380.pcd
381 1778824353.975163937 -24.199964 -32.548833 -5.642376 0.201965755 0.069282239 -0.786847632 0.579034204 -1.844384240 keyframe_000381.pcd
382 1778824354.075561523 -24.219715 -32.669016 -5.623399 0.190823045 0.049693969 -0.755881893 0.624307327 -1.729113676 keyframe_000382.pcd
383 1778824354.174999952 -24.224593 -32.786279 -5.614922 0.169544910 0.038258348 -0.734375942 0.656111880 -1.656359591 keyframe_000383.pcd
384 1778824354.274943113 -24.224714 -32.923315 -5.646436 0.185520346 0.069601615 -0.715455095 0.669971509 -1.606629158 keyframe_000384.pcd
385 1778824354.374922037 -24.223102 -33.040595 -5.651573 0.175469204 0.055459470 -0.702311152 0.687672779 -1.563013161 keyframe_000385.pcd
386 1778824354.474932194 -24.203742 -33.168527 -5.654971 0.172231296 0.041026561 -0.688204016 0.703582571 -1.519092575 keyframe_000386.pcd
387 1778824354.575430632 -24.199628 -33.279593 -5.638942 0.156443474 0.027300561 -0.671314619 0.723959116 -1.470268583 keyframe_000387.pcd
388 1778824354.675036430 -24.177243 -33.394577 -5.633002 0.164491492 0.049294896 -0.634367127 0.753718057 -1.371063023 keyframe_000388.pcd
389 1778824354.775406837 -24.177234 -33.511237 -5.592641 0.148473228 0.039464256 -0.606680047 0.779959995 -1.298719689 keyframe_000389.pcd
390 1778824354.875104189 -24.148969 -33.612894 -5.581691 0.143264450 0.031257532 -0.586920808 0.796255128 -1.248540186 keyframe_000390.pcd
391 1778824355.075474501 -24.061396 -33.825661 -5.604693 0.140048379 0.054331612 -0.559128570 0.815358676 -1.180500391 keyframe_000391.pcd
392 1778824355.174752712 -24.010328 -33.936693 -5.599999 0.136111896 0.041817684 -0.552976125 0.820939850 -1.165238093 keyframe_000392.pcd
393 1778824355.275239706 -23.951895 -34.064638 -5.613762 0.142692792 0.037642611 -0.542151489 0.827220384 -1.138121284 keyframe_000393.pcd
394 1778824355.374467373 -23.908682 -34.179871 -5.592020 0.138086663 0.023696198 -0.538124418 0.831139384 -1.129246069 keyframe_000394.pcd
395 1778824355.472921610 -23.857531 -34.297496 -5.589782 0.136820638 0.041969162 -0.536252193 0.831836696 -1.124545501 keyframe_000395.pcd
396 1778824355.675359249 -23.767349 -34.534506 -5.574954 0.128273672 0.036365578 -0.534341270 0.834687257 -1.120862594 keyframe_000396.pcd
397 1778824355.775051832 -23.725947 -34.651282 -5.555592 0.139067022 0.021225427 -0.527700526 0.837700424 -1.104365036 keyframe_000397.pcd
398 1778824355.875379324 -23.666656 -34.757380 -5.546112 0.130594798 0.024315379 -0.529230899 0.838014568 -1.108676841 keyframe_000398.pcd
399 1778824355.975376844 -23.600325 -34.873378 -5.545154 0.128136487 0.037681110 -0.520245586 0.843507975 -1.087217293 keyframe_000399.pcd
400 1778824356.074787855 -23.533871 -34.985197 -5.541628 0.111002145 0.037118260 -0.487422024 0.865286386 -1.012167123 keyframe_000400.pcd
401 1778824356.174254417 -23.457465 -35.054905 -5.513516 0.098175629 0.021754777 -0.431602535 0.896441592 -0.887510236 keyframe_000401.pcd
402 1778824356.272939920 -23.374434 -35.110977 -5.503150 0.068545747 0.003320409 -0.367134639 0.927632800 -0.750173618 keyframe_000402.pcd
403 1778824356.372484207 -23.287479 -35.166008 -5.487088 0.047118906 0.049998149 -0.305125715 0.949830665 -0.617962970 keyframe_000403.pcd
404 1778824356.471363306 -23.201259 -35.203384 -5.463064 0.019881001 0.043119999 -0.222007599 0.973888103 -0.447345609 keyframe_000404.pcd
405 1778824356.575317860 -23.139227 -35.226848 -5.404459 -0.000311058 0.029594641 -0.120136039 0.992316176 -0.241187150 keyframe_000405.pcd
406 1778824356.675047636 -23.074308 -35.209264 -5.367193 -0.023114667 0.003143095 -0.018770571 0.999551649 -0.037679080 keyframe_000406.pcd
407 1778824356.774739981 -22.986426 -35.172447 -5.355425 -0.063755304 0.039869625 0.045553788 0.996127766 0.086090226 keyframe_000407.pcd
408 1778824356.874269962 -22.890175 -35.132448 -5.320196 -0.068769467 0.009705534 0.112203609 0.991255221 0.223088845 keyframe_000408.pcd
409 1778824356.972824812 -22.762120 -35.089133 -5.297604 -0.063928008 0.017213447 0.159131674 0.985035034 0.317043669 keyframe_000409.pcd
410 1778824357.072372913 -22.663590 -35.041057 -5.260758 -0.061916150 -0.009444295 0.191435925 0.979504713 0.385690915 keyframe_000410.pcd
411 1778824357.171229362 -22.521189 -34.979557 -5.253090 -0.084681103 0.026983205 0.205130929 0.974690884 0.408055322 keyframe_000411.pcd
412 1778824357.270811796 -22.412888 -34.912912 -5.241852 -0.082566678 0.021224863 0.221267947 0.971479668 0.441952665 keyframe_000412.pcd
413 1778824357.370676041 -22.289817 -34.847778 -5.240871 -0.078224195 0.026868148 0.237673850 0.967817245 0.475373125 keyframe_000413.pcd
414 1778824357.474930048 -22.190950 -34.789928 -5.217247 -0.069816145 0.012835085 0.250450746 0.965523376 0.503737897 keyframe_000414.pcd
415 1778824357.574533224 -22.076676 -34.716797 -5.216514 -0.081406249 0.028227455 0.253848188 0.963398843 0.508369126 keyframe_000415.pcd
416 1778824357.674297571 -21.980004 -34.658314 -5.189072 -0.083243695 0.020426996 0.255160693 0.963092024 0.511777646 keyframe_000416.pcd
417 1778824357.774844885 -21.876054 -34.583075 -5.181430 -0.072437890 0.026109920 0.264889337 0.961199596 0.532204978 keyframe_000417.pcd
418 1778824357.872638464 -21.789862 -34.520022 -5.149588 -0.066321797 0.022688561 0.272577567 0.959577052 0.548922819 keyframe_000418.pcd
419 1778824357.974144936 -21.684921 -34.453784 -5.124758 -0.074643741 0.024101583 0.266897757 0.960527466 0.536379009 keyframe_000419.pcd
420 1778824358.072966337 -21.580537 -34.407933 -5.086214 -0.063578087 0.026188044 0.235894840 0.969342890 0.472915833 keyframe_000420.pcd
421 1778824358.172519445 -21.466217 -34.371379 -5.060655 -0.048316876 0.010282430 0.193347201 0.979886019 0.387859865 keyframe_000421.pcd
422 1778824358.275392532 -21.327099 -34.365694 -5.027681 -0.012780698 0.031784560 0.155303564 0.987272606 0.311539793 keyframe_000422.pcd
423 1778824358.375016689 -21.201569 -34.344045 -5.007342 -0.017969470 0.032138686 0.110874261 0.993152104 0.221384534 keyframe_000423.pcd
424 1778824358.474706411 -21.076019 -34.332471 -4.977132 -0.007602495 0.024208081 0.083633288 0.996173501 0.167241051 keyframe_000424.pcd
425 1778824358.574314356 -20.946323 -34.322228 -4.955866 -0.010486743 0.011212833 0.064492595 0.997800083 0.128858754 keyframe_000425.pcd
426 1778824358.675071239 -20.826958 -34.300741 -4.927508 0.001034039 0.025382922 0.057671177 0.998012361 0.115570084 keyframe_000426.pcd
427 1778824358.773954153 -20.701581 -34.284525 -4.897154 -0.008853089 0.020036865 0.040946082 0.998921201 0.081607321 keyframe_000427.pcd
428 1778824358.874495029 -20.567741 -34.269489 -4.875654 -0.012250110 0.038042065 0.026173630 0.998858187 0.051529736 keyframe_000428.pcd
429 1778824358.974161148 -20.449145 -34.252532 -4.845705 -0.015600822 0.015238618 0.023560587 0.999484516 0.046661047 keyframe_000429.pcd
430 1778824359.072740078 -20.322229 -34.235563 -4.814442 -0.012321535 0.027762830 0.037677339 0.998828225 0.074770727 keyframe_000430.pcd
431 1778824359.175331831 -20.207418 -34.218240 -4.764263 -0.018867892 0.010442436 0.066167540 0.997575468 0.132039349 keyframe_000431.pcd
432 1778824359.275148630 -20.082039 -34.185663 -4.747824 -0.034135441 0.041038970 0.088396109 0.994654062 0.174600034 keyframe_000432.pcd
433 1778824359.374956846 -19.979364 -34.158894 -4.703360 -0.038775643 0.018388721 0.109274517 0.993084782 0.217542056 keyframe_000433.pcd
434 1778824359.474654198 -19.845630 -34.119760 -4.668502 -0.038705758 0.019524171 0.127130133 0.990938242 0.253444948 keyframe_000434.pcd
435 1778824359.575168848 -19.738870 -34.076694 -4.621145 -0.040447318 0.002543575 0.137150362 0.989720831 0.274754521 keyframe_000435.pcd
436 1778824359.674642563 -19.606567 -34.039734 -4.595835 -0.056757697 0.037769160 0.135415380 0.988440554 0.267671896 keyframe_000436.pcd
437 1778824359.875283003 -19.373596 -33.960203 -4.527477 -0.046755401 0.028619281 0.151364918 0.986956702 0.301388829 keyframe_000437.pcd
438 1778824359.975408792 -19.273543 -33.906862 -4.500113 -0.040860221 0.012824884 0.155352116 0.986930436 0.310795797 keyframe_000438.pcd
439 1778824360.075309992 -19.129980 -33.847408 -4.484677 -0.046300949 0.035375146 0.153704184 0.986397407 0.305757274 keyframe_000439.pcd
440 1778824360.175084591 -19.029572 -33.802178 -4.469204 -0.053590405 0.023731508 0.152376820 0.986583088 0.303348621 keyframe_000440.pcd
441 1778824360.275011539 -18.896849 -33.742988 -4.474538 -0.049314689 0.033458265 0.158745233 0.985519435 0.315854768 keyframe_000441.pcd
442 1778824360.375354528 -18.792398 -33.689565 -4.451068 -0.045505376 0.027575177 0.162128122 0.985334127 0.323356135 keyframe_000442.pcd
443 1778824360.475252151 -18.668596 -33.638818 -4.436507 -0.046113017 0.034785742 0.162125450 0.985078109 0.322893711 keyframe_000443.pcd
444 1778824360.575311899 -18.564291 -33.604131 -4.393094 -0.050388182 0.022773460 0.161086533 0.985390039 0.321258950 keyframe_000444.pcd
445 1778824360.674581051 -18.437205 -33.563117 -4.380275 -0.042004172 0.031835909 0.165409589 0.984815613 0.330032303 keyframe_000445.pcd
446 1778824360.775018215 -18.336424 -33.537342 -4.333398 -0.036757382 0.021162272 0.171468744 0.984276142 0.343181981 keyframe_000446.pcd
447 1778824360.875253916 -18.205254 -33.495925 -4.300834 -0.043242659 0.015027319 0.168403623 0.984654494 0.337004591 keyframe_000447.pcd
448 1778824360.975286961 -18.088823 -33.470417 -4.282864 -0.049640250 0.040320672 0.160751705 0.984920798 0.319492113 keyframe_000448.pcd
449 1778824361.075207949 -17.960033 -33.434623 -4.257594 -0.049860921 0.033894929 0.162212863 0.984912184 0.322821868 keyframe_000449.pcd
450 1778824361.176333427 -17.855441 -33.387434 -4.221540 -0.039496434 0.021930353 0.165812715 0.985121939 0.331514562 keyframe_000450.pcd
451 1778824361.275340080 -17.726607 -33.332898 -4.197944 -0.047950396 0.021684158 0.164176233 0.985026254 0.327742887 keyframe_000451.pcd
452 1778824361.375281096 -17.622016 -33.300990 -4.163963 -0.046357606 0.026097684 0.158519338 0.985921651 0.316073139 keyframe_000452.pcd
453 1778824361.476322174 -17.501191 -33.258716 -4.136408 -0.043675592 0.009207392 0.160297065 0.986059084 0.320966310 keyframe_000453.pcd
454 1778824361.575229883 -17.368547 -33.237573 -4.122526 -0.034832949 0.028720314 0.166714324 0.984971138 0.333316046 keyframe_000454.pcd
455 1778824361.675325155 -17.248122 -33.187649 -4.096234 -0.046828814 0.017155319 0.163418726 0.985295426 0.326586512 keyframe_000455.pcd
456 1778824361.775390387 -17.134462 -33.133466 -4.091237 -0.048301853 0.027495246 0.156818124 0.986062381 0.312406179 keyframe_000456.pcd
457 1778824361.875357389 -17.030502 -33.079802 -4.062212 -0.048037554 0.010067642 0.159931791 0.985907125 0.320018028 keyframe_000457.pcd
458 1778824361.975226641 -16.917814 -33.053095 -4.043567 -0.048039169 0.029877217 0.166451594 0.984425445 0.331816324 keyframe_000458.pcd
459 1778824362.076282501 -16.811600 -33.013495 -4.004237 -0.048591334 0.013223742 0.162663795 0.985395608 0.325277234 keyframe_000459.pcd
460 1778824362.175327301 -16.689528 -32.973367 -3.973137 -0.054935103 0.033745330 0.159121200 0.985151679 0.316147701 keyframe_000460.pcd
461 1778824362.275202036 -16.589596 -32.933579 -3.928004 -0.050918763 0.015191256 0.162776602 0.985231081 0.325248119 keyframe_000461.pcd
462 1778824362.376248598 -16.464414 -32.890247 -3.903519 -0.050958493 0.026951621 0.167184315 0.984238918 0.333292843 keyframe_000462.pcd
463 1778824362.475211143 -16.349937 -32.850650 -3.866898 -0.045200564 0.014104167 0.167711701 0.984698313 0.335582829 keyframe_000463.pcd
464 1778824362.575192213 -16.232619 -32.795931 -3.845349 -0.047977204 0.029987971 0.165033827 0.984663773 0.328935070 keyframe_000464.pcd
465 1778824362.676229477 -16.127494 -32.749075 -3.802503 -0.051774927 0.007850585 0.160704931 0.985612323 0.321653484 keyframe_000465.pcd
466 1778824362.775272846 -15.990479 -32.690713 -3.799982 -0.030890273 0.027590049 0.173239348 0.984008490 0.346866251 keyframe_000466.pcd
467 1778824362.875022173 -15.874324 -32.648053 -3.773281 -0.037827706 0.024635736 0.172954965 0.983894672 0.345979554 keyframe_000467.pcd
468 1778824362.976220131 -15.738846 -32.600677 -3.758324 -0.047716795 0.030118302 0.171169857 0.983624357 0.341411214 keyframe_000468.pcd
469 1778824363.075282812 -15.622117 -32.567620 -3.719214 -0.042902563 0.031792135 0.167690597 0.984392449 0.334601995 keyframe_000469.pcd
470 1778824363.175244093 -15.509243 -32.527057 -3.703959 -0.041049234 0.026868865 0.169824478 0.984252341 0.339312187 keyframe_000470.pcd
471 1778824363.275193691 -15.398073 -32.480571 -3.678405 -0.036110646 0.024540248 0.175012509 0.983597692 0.350267115 keyframe_000471.pcd
472 1778824363.375279188 -15.284080 -32.428877 -3.667412 -0.041682520 0.017784944 0.173735693 0.983749039 0.347724429 keyframe_000472.pcd
473 1778824363.476277113 -15.164065 -32.380950 -3.626545 -0.048958095 0.029226101 0.165771256 0.984514515 0.330410023 keyframe_000473.pcd
474 1778824363.575357437 -15.053015 -32.334176 -3.596565 -0.043902812 0.014515864 0.169888346 0.984377866 0.340023986 keyframe_000474.pcd
475 1778824363.675214767 -14.922427 -32.296250 -3.571966 -0.043283126 0.019227411 0.173517472 0.983691295 0.347114904 keyframe_000475.pcd
476 1778824363.775180101 -14.802817 -32.255275 -3.541254 -0.050477870 0.013913475 0.169952667 0.984060207 0.339922007 keyframe_000476.pcd
477 1778824363.876229763 -14.688061 -32.201849 -3.510546 -0.050267919 0.030177679 0.166696688 0.984263510 0.332132914 keyframe_000477.pcd
478 1778824363.975227594 -14.594428 -32.161827 -3.471753 -0.048316538 0.004362045 0.168732783 0.984467233 0.338322477 keyframe_000478.pcd
479 1778824364.075231791 -14.470137 -32.120215 -3.455707 -0.039669183 0.035968232 0.176720240 0.982803439 0.353039996 keyframe_000479.pcd
480 1778824364.275229692 -14.243263 -32.034550 -3.406245 -0.046006656 0.035395632 0.172197065 0.983350755 0.343340841 keyframe_000480.pcd
481 1778824364.376257896 -14.145020 -31.988773 -3.379594 -0.045369066 0.014171089 0.171871171 0.983972118 0.344011249 keyframe_000481.pcd
482 1778824364.476201057 -14.026325 -31.936260 -3.375329 -0.046479772 0.030790974 0.174831099 0.983018633 0.348907723 keyframe_000482.pcd
483 1778824364.575278044 -13.909660 -31.904367 -3.333098 -0.038852099 0.016698214 0.175159404 0.983631469 0.350809575 keyframe_000483.pcd
484 1778824364.675082445 -13.787028 -31.853071 -3.312873 -0.051266246 0.034047904 0.170049689 0.983511879 0.338620517 keyframe_000484.pcd
485 1778824364.775189400 -13.679422 -31.803516 -3.277012 -0.056413926 0.024810238 0.166719617 0.984076466 0.332151008 keyframe_000485.pcd
486 1778824364.875211954 -13.563555 -31.750540 -3.261553 -0.045836320 0.028487368 0.173588379 0.983338485 0.346556231 keyframe_000486.pcd
487 1778824364.975164890 -13.450352 -31.709268 -3.226313 -0.043610217 0.027527311 0.179628089 0.982381874 0.359046451 keyframe_000487.pcd
488 1778824365.075167179 -13.322563 -31.659134 -3.212358 -0.051276111 0.030011221 0.176186763 0.982562116 0.351359060 keyframe_000488.pcd
489 1778824365.175179958 -13.201052 -31.612630 -3.169973 -0.056123232 0.033224555 0.171010188 0.983108248 0.340234170 keyframe_000489.pcd
490 1778824365.276233196 -13.077970 -31.565033 -3.143790 -0.060037769 0.023646109 0.174226421 0.982589172 0.347257507 keyframe_000490.pcd
491 1778824365.375774860 -12.967259 -31.491701 -3.066951 -0.039206873 0.028046053 0.183416831 0.981852589 0.367029113 keyframe_000491.pcd
492 1778824365.474319935 -12.855945 -31.441298 -3.024689 -0.047896690 0.021192139 0.183102630 0.981697625 0.366231858 keyframe_000492.pcd
493 1778824365.575199127 -12.726382 -31.390495 -2.990396 -0.049917255 0.029452797 0.177516344 0.982409664 0.354199316 keyframe_000493.pcd
494 1778824365.674842358 -12.611810 -31.343220 -2.969689 -0.045891425 0.014055956 0.180611100 0.982382837 0.361752845 keyframe_000494.pcd
495 1778824365.775144339 -12.489995 -31.302534 -2.954893 -0.037229314 0.022902645 0.188688164 0.981063822 0.378113393 keyframe_000495.pcd
496 1778824365.875921965 -12.382004 -31.265592 -2.951376 -0.044790229 0.016002807 0.184199217 0.981737436 0.368966149 keyframe_000496.pcd
497 1778824365.974502563 -12.256955 -31.216956 -2.950768 -0.049074302 0.032613860 0.179208430 0.982045003 0.357516460 keyframe_000497.pcd
498 1778824366.074225903 -12.151873 -31.176003 -2.931337 -0.045351375 0.011545890 0.183830396 0.981843333 0.368500494 keyframe_000498.pcd
499 1778824366.175825357 -12.017458 -31.133140 -2.905003 -0.035007085 0.029871158 0.192946505 0.980129514 0.386678483 keyframe_000499.pcd
500 1778824366.274435759 -11.911295 -31.096927 -2.878417 -0.040343586 0.016361171 0.186524138 0.981485330 0.373877452 keyframe_000500.pcd
501 1778824366.374078274 -11.782440 -31.051510 -2.860581 -0.050547873 0.045110960 0.179175022 0.981481648 0.356658884 keyframe_000501.pcd
502 1778824366.475857019 -11.676557 -31.010754 -2.830283 -0.045545992 0.026374371 0.184533474 0.981415993 0.368969826 keyframe_000502.pcd
503 1778824366.574672699 -11.564848 -30.965465 -2.803773 -0.044078180 0.027889802 0.190387477 0.980322336 0.380919412 keyframe_000503.pcd
504 1778824366.675159693 -11.460431 -30.916757 -2.763179 -0.043788105 0.013679942 0.186115250 0.981456354 0.373062995 keyframe_000504.pcd
505 1778824366.774752140 -11.325148 -30.862079 -2.737932 -0.050223564 0.040285284 0.181630890 0.981256801 0.361937447 keyframe_000505.pcd
506 1778824366.874494314 -11.229487 -30.816091 -2.709391 -0.051776430 0.017329886 0.184472153 0.981319979 0.369090270 keyframe_000506.pcd
507 1778824366.974263430 -11.099065 -30.758375 -2.688860 -0.050666858 0.037582773 0.190702403 0.979618802 0.380550033 keyframe_000507.pcd
508 1778824367.072915792 -10.983655 -30.706809 -2.644850 -0.049099266 0.024638154 0.189216392 0.980397562 0.378387538 keyframe_000508.pcd
509 1778824367.172519207 -10.870832 -30.649016 -2.641360 -0.043431025 0.037038311 0.189313591 0.980256229 0.378365722 keyframe_000509.pcd
510 1778824367.272176981 -10.767537 -30.591387 -2.618338 -0.051463589 0.014376316 0.187991836 0.980716009 0.376501568 keyframe_000510.pcd
511 1778824367.370916367 -10.641800 -30.529918 -2.615760 -0.050354870 0.031100798 0.190817325 0.979839720 0.381169069 keyframe_000511.pcd
512 1778824367.464606762 -10.536839 -30.488275 -2.582547 -0.042687270 0.020783299 0.193215150 0.980007019 0.387147818 keyframe_000512.pcd
513 1778824367.571061134 -10.399601 -30.426842 -2.564931 -0.056410333 0.039748892 0.186589466 0.980011363 0.371503733 keyframe_000513.pcd
514 1778824367.674699068 -10.292845 -30.380037 -2.527093 -0.059465238 0.020588228 0.185608093 0.980606774 0.370708314 keyframe_000514.pcd
515 1778824367.774405718 -10.163809 -30.321929 -2.508200 -0.058746212 0.031902539 0.192762355 0.978965671 0.384426926 keyframe_000515.pcd
516 1778824367.874021053 -10.052455 -30.273125 -2.465038 -0.058136338 0.017950732 0.217873269 0.974078629 0.436901752 keyframe_000516.pcd
517 1778824367.974512815 -9.951205 -30.206426 -2.456635 -0.100221992 0.029982358 0.252691006 0.961875182 0.504016788 keyframe_000517.pcd
518 1778824368.068441153 -9.864837 -30.138668 -2.414047 -0.101026419 0.027534941 0.302183795 0.947481105 0.607399673 keyframe_000518.pcd
519 1778824368.272701979 -9.672023 -29.959044 -2.354622 -0.103004573 0.001740645 0.383472746 0.917788473 0.783726490 keyframe_000519.pcd
520 1778824368.372117043 -9.586143 -29.860887 -2.369137 -0.129700280 0.023339872 0.393883450 0.909664177 0.801068156 keyframe_000520.pcd
521 1778824368.471186399 -9.511979 -29.766756 -2.348264 -0.133573397 0.022451228 0.405112289 0.904178148 0.825330874 keyframe_000521.pcd
522 1778824368.574168921 -9.417603 -29.646172 -2.338705 -0.129594677 0.027791935 0.423234242 0.896273175 0.865177957 keyframe_000522.pcd
523 1778824368.675228119 -9.343433 -29.537825 -2.302837 -0.120475774 0.017251230 0.428843721 0.895143031 0.879732112 keyframe_000523.pcd
524 1778824368.775018454 -9.250718 -29.433964 -2.284880 -0.101628584 0.031072632 0.411946056 0.904989817 0.843009732 keyframe_000524.pcd
525 1778824368.874522448 -9.177625 -29.365107 -2.252011 -0.102593083 0.001563803 0.373479471 0.921946473 0.762210186 keyframe_000525.pcd
526 1778824368.974186897 -9.022084 -29.286347 -2.245322 -0.075647915 0.047687201 0.345288322 0.934226578 0.700250837 keyframe_000526.pcd
527 1778824369.073895216 -8.917958 -29.218009 -2.225075 -0.070100150 0.038711786 0.310502669 0.947193465 0.627108495 keyframe_000527.pcd
528 1778824369.176165581 -8.797676 -29.138012 -2.224085 -0.063748121 0.044180766 0.285136544 0.955343597 0.574183487 keyframe_000528.pcd
529 1778824369.276086092 -8.710173 -29.081744 -2.193706 -0.064275119 0.012750462 0.265294764 0.961938056 0.534757004 keyframe_000529.pcd
530 1778824369.375059366 -8.582082 -29.009367 -2.180620 -0.065042485 0.030298535 0.259145357 0.963169330 0.520568247 keyframe_000530.pcd
531 1778824369.474742174 -8.470945 -28.940448 -2.145118 -0.058371031 0.026668944 0.251760932 0.965659372 0.506026866 keyframe_000531.pcd
532 1778824369.575232983 -8.340947 -28.871323 -2.126495 -0.065629128 0.043078105 0.241554332 0.967206596 0.483291875 keyframe_000532.pcd
533 1778824369.675119400 -8.233911 -28.817532 -2.094326 -0.065785322 0.024914425 0.235167113 0.969405999 0.471356053 keyframe_000533.pcd
534 1778824369.774843931 -8.113776 -28.754361 -2.078676 -0.067123609 0.034253333 0.235799818 0.968875418 0.471824336 keyframe_000534.pcd
535 1778824369.874461651 -8.007837 -28.695918 -2.042754 -0.059910849 0.028814015 0.234267971 0.969896366 0.469653010 keyframe_000535.pcd
536 1778824369.974150181 -7.875015 -28.618317 -2.022410 -0.062361729 0.045506965 0.217831768 0.972928287 0.434571765 keyframe_000536.pcd
537 1778824370.076090097 -7.783053 -28.563374 -1.984147 -0.058772706 0.017192980 0.183401449 0.981128982 0.366562409 keyframe_000537.pcd
538 1778824370.175156355 -7.646236 -28.528647 -1.953381 -0.026630483 0.036539620 0.170490838 0.984321364 0.341382232 keyframe_000538.pcd
539 1778824370.275103807 -7.530113 -28.491427 -1.929058 -0.023304148 0.038909282 0.150587644 0.987555743 0.301192336 keyframe_000539.pcd
540 1778824370.375821829 -7.399319 -28.461957 -1.918894 -0.028546753 0.038928266 0.131492938 0.990141041 0.262089593 keyframe_000540.pcd
541 1778824370.475156546 -7.291276 -28.444626 -1.877102 -0.031941084 0.022572415 0.110979044 0.993052821 0.221066076 keyframe_000541.pcd
542 1778824370.575148344 -7.165647 -28.415666 -1.854609 -0.015056862 0.024972600 0.082367207 0.996175338 0.164314040 keyframe_000542.pcd
543 1778824370.675971746 -7.045772 -28.412913 -1.847678 -0.002366676 0.028442474 0.051415729 0.998269426 0.102867319 keyframe_000543.pcd
544 1778824370.774736404 -6.919029 -28.407449 -1.846677 0.001885389 0.034836397 0.021862692 0.999152087 0.043940118 keyframe_000544.pcd
545 1778824370.875045776 -6.796054 -28.421155 -1.825238 0.001192458 0.025097933 -0.002560451 0.999681007 -0.005065816 keyframe_000545.pcd
546 1778824370.976076126 -6.650124 -28.439668 -1.805062 0.002101539 0.027662475 -0.013300077 0.999526627 -0.026515052 keyframe_000546.pcd
547 1778824371.075115442 -6.529678 -28.459815 -1.749697 0.020779964 0.024203829 -0.018357789 0.999322450 -0.035735557 keyframe_000547.pcd
548 1778824371.175046206 -6.378245 -28.450975 -1.719232 -0.002690805 0.038999810 -0.019724322 0.999040903 -0.039751673 keyframe_000548.pcd
549 1778824371.274832726 -6.250482 -28.465988 -1.684694 -0.011726663 0.039144208 0.010610195 0.999108423 0.020347547 keyframe_000549.pcd
550 1778824371.375137091 -6.119748 -28.453643 -1.642922 -0.034859322 0.027867074 0.062891003 0.997022054 0.124004628 keyframe_000550.pcd
551 1778824371.475097418 -6.006596 -28.419873 -1.592221 -0.046252783 0.017447192 0.107904720 0.992931441 0.214523762 keyframe_000551.pcd
552 1778824371.575170755 -5.872699 -28.370080 -1.562397 -0.065978955 0.042258366 0.134056689 0.987871354 0.263667158 keyframe_000552.pcd
553 1778824371.675158978 -5.751605 -28.320926 -1.516098 -0.072864015 0.023372208 0.158789059 0.984342730 0.315131707 keyframe_000553.pcd
554 1778824371.775013924 -5.624481 -28.264280 -1.495206 -0.067687713 0.032318821 0.182761896 0.980291771 0.363263440 keyframe_000554.pcd
555 1778824371.876039982 -5.514183 -28.212015 -1.453315 -0.062238110 0.015770855 0.196198617 0.978459913 0.392573001 keyframe_000555.pcd
556 1778824371.975002766 -5.385659 -28.138162 -1.437934 -0.078909647 0.035067076 0.198239451 0.976342505 0.393559214 keyframe_000556.pcd
557 1778824372.075061560 -5.278912 -28.077177 -1.418972 -0.072943517 0.024389183 0.204230079 0.975896760 0.407423974 keyframe_000557.pcd
558 1778824372.176086187 -5.160396 -28.018885 -1.409687 -0.068213835 0.027645889 0.213971250 0.974063079 0.427396885 keyframe_000558.pcd
559 1778824372.275039673 -5.054716 -27.967393 -1.380915 -0.059720072 0.017270919 0.218093892 0.973945729 0.437322600 keyframe_000559.pcd
560 1778824372.376119375 -4.937046 -27.905314 -1.376459 -0.048649048 0.035617239 0.206086675 0.976674441 0.412287599 keyframe_000560.pcd
561 1778824372.575137377 -4.674892 -27.812924 -1.354832 -0.030850739 0.041004956 0.169201606 0.984244706 0.338341929 keyframe_000561.pcd
562 1778824372.674974442 -4.574456 -27.762213 -1.318537 -0.027552036 0.034910843 0.153071413 0.987213888 0.305958668 keyframe_000562.pcd
563 1778824372.776064873 -4.447507 -27.712064 -1.294671 -0.033218628 0.034347836 0.140111888 0.988982006 0.279294999 keyframe_000563.pcd
564 1778824372.875027895 -4.349617 -27.685284 -1.247760 -0.037586273 0.020369352 0.129215753 0.990694529 0.257656501 keyframe_000564.pcd
565 1778824372.976032734 -4.227949 -27.655391 -1.237273 -0.028900899 0.028098183 0.132157295 0.990408845 0.263724520 keyframe_000565.pcd
566 1778824373.076055527 -4.103839 -27.621688 -1.198489 -0.026060010 0.026063415 0.133083504 0.990419283 0.265829174 keyframe_000566.pcd
567 1778824373.176003456 -3.977235 -27.592410 -1.181832 -0.038360094 0.032285128 0.124850912 0.990907878 0.248159287 keyframe_000567.pcd
568 1778824373.275007248 -3.848734 -27.571520 -1.142195 -0.043209421 0.031910940 0.118450334 0.991506004 0.234915259 keyframe_000568.pcd
569 1778824373.376021385 -3.713087 -27.542818 -1.118748 -0.044899676 0.026543169 0.119475566 0.991466121 0.237219187 keyframe_000569.pcd
570 1778824373.475081682 -3.598984 -27.508862 -1.054500 -0.025632369 0.023613535 0.126232044 0.991388347 0.252095592 keyframe_000570.pcd
571 1778824373.574985266 -3.468906 -27.473551 -1.021398 -0.041974707 0.026504200 0.120219019 0.991505441 0.238901504 keyframe_000571.pcd
572 1778824373.676039696 -3.333772 -27.448838 -0.981493 -0.046601523 0.034332055 0.114522015 0.991732986 0.226582504 keyframe_000572.pcd
573 1778824373.775103569 -3.201164 -27.416677 -0.963667 -0.040029631 0.027744598 0.119558585 0.991631792 0.237616316 keyframe_000573.pcd
574 1778824373.876077890 -3.069978 -27.393771 -0.920199 -0.033175257 0.025319953 0.123659261 0.991446766 0.246426176 keyframe_000574.pcd
575 1778824373.976041079 -2.930717 -27.365481 -0.893337 -0.043346275 0.024987606 0.120465371 0.991455906 0.239413682 keyframe_000575.pcd
576 1778824374.075068474 -2.807342 -27.332735 -0.858780 -0.046732114 0.033505882 0.115497430 0.991641976 0.228595415 keyframe_000576.pcd
577 1778824374.176087856 -2.691423 -27.302925 -0.839578 -0.042350985 0.022792551 0.119514634 0.991666852 0.237699580 keyframe_000577.pcd
578 1778824374.275945902 -2.567548 -27.283214 -0.815940 -0.030393393 0.027322684 0.128091822 0.990919875 0.255450914 keyframe_000578.pcd
579 1778824374.375012398 -2.437458 -27.253057 -0.788976 -0.038634735 0.017099169 0.123061975 0.991499231 0.245395032 keyframe_000579.pcd
580 1778824374.475858450 -2.304652 -27.213840 -0.770022 -0.051779159 0.045082490 0.111560614 0.991383234 0.219397497 keyframe_000580.pcd
581 1778824374.574813366 -2.194043 -27.182414 -0.744803 -0.045643786 0.027580202 0.116459106 0.991762700 0.231020593 keyframe_000581.pcd
582 1778824374.676161766 -2.059448 -27.144758 -0.723348 -0.034189779 0.029730555 0.123469855 0.991313446 0.245781873 keyframe_000582.pcd
583 1778824374.776059389 -1.935317 -27.111791 -0.698539 -0.036874216 0.019518428 0.120625738 0.991820929 0.240418246 keyframe_000583.pcd
584 1778824374.876017332 -1.808542 -27.071368 -0.690686 -0.041783520 0.041849342 0.112108293 0.991934726 0.221662104 keyframe_000584.pcd
585 1778824374.976104498 -1.701664 -27.033505 -0.672163 -0.037967025 0.022625094 0.115692150 0.992301334 0.230242940 keyframe_000585.pcd
586 1778824375.076005936 -1.558539 -27.002292 -0.649865 -0.032805678 0.035859407 0.118235680 0.991795450 0.235063031 keyframe_000586.pcd
587 1778824375.175175190 -1.431271 -26.971717 -0.608776 -0.033791705 0.024397566 0.114323477 0.992568900 0.227615433 keyframe_000587.pcd
588 1778824375.276005745 -1.322202 -26.947655 -0.574221 -0.032480660 0.038024096 0.111820266 0.992469346 0.222061981 keyframe_000588.pcd
589 1778824375.375979662 -1.209498 -26.920122 -0.537572 -0.033331048 0.017068364 0.114966523 0.992663292 0.229308909 keyframe_000589.pcd
590 1778824375.475255013 -1.088641 -26.885913 -0.519554 -0.023015287 0.040098481 0.123571994 0.991257974 0.246513824 keyframe_000590.pcd
591 1778824375.574543476 -0.969390 -26.859018 -0.477926 -0.029421486 0.027125942 0.119987145 0.991968570 0.239163627 keyframe_000591.pcd
592 1778824375.675988913 -0.823545 -26.824779 -0.460299 -0.035941595 0.048175097 0.115050355 0.991539600 0.227878562 keyframe_000592.pcd
593 1778824375.775996923 -0.707487 -26.799413 -0.424198 -0.035021847 0.022246484 0.116460593 0.992328320 0.231965472 keyframe_000593.pcd
594 1778824375.875951290 -0.569013 -26.761993 -0.413669 -0.023517202 0.037753096 0.123332647 0.991368097 0.246028408 keyframe_000594.pcd
595 1778824375.976047277 -0.450933 -26.741113 -0.383378 -0.024071856 0.030150059 0.120439703 0.991970664 0.240313016 keyframe_000595.pcd
596 1778824376.074681520 -0.320538 -26.689230 -0.387633 -0.048500660 0.051322418 0.132992996 0.988598280 0.262689845 keyframe_000596.pcd
597 1778824376.174080133 -0.245227 -26.652373 -0.301081 -0.042118723 0.027799816 0.147568129 0.987763550 0.294060874 keyframe_000597.pcd
598 1778824376.275773048 -0.148601 -26.617832 -0.250142 -0.029537111 0.032780529 0.119054232 0.991906793 0.237069940 keyframe_000598.pcd
599 1778824376.373571396 -0.061007 -26.593876 -0.184939 -0.020189052 0.036472529 0.128214643 0.990869902 0.256169143 keyframe_000599.pcd
600 1778824376.472103119 0.046130 -26.575113 -0.138892 -0.047841585 0.037022033 0.116326226 0.991367117 0.229938292 keyframe_000600.pcd
601 1778824376.571746349 0.149858 -26.555011 -0.107892 -0.028091542 0.042629751 0.110529806 0.992560694 0.219683671 keyframe_000601.pcd
602 1778824376.776047945 0.291747 -26.524386 -0.065433 -0.031688455 0.034231986 0.091156373 0.994743449 0.180657019 keyframe_000602.pcd
603 1778824377.074263334 0.347640 -26.487472 -0.151035 -0.048268242 0.047772673 0.085488719 0.994021945 0.167006813 keyframe_000603.pcd
604 1778824377.272810459 0.275070 -26.508380 -0.230841 -0.046512288 0.048172781 0.091146540 0.993583564 0.178556400 keyframe_000604.pcd
605 1778824377.471977711 0.126662 -26.526744 -0.297833 -0.030726872 0.038372195 0.099693705 0.993803099 0.197748018 keyframe_000605.pcd
606 1778824377.676063299 -0.070167 -26.568944 -0.332902 -0.026045057 0.032172150 0.109318304 0.993144560 0.217701184 keyframe_000606.pcd
607 1778824377.775721312 -0.195154 -26.593757 -0.367603 -0.027732413 0.030261404 0.107689288 0.993336890 0.214368245 keyframe_000607.pcd
608 1778824377.874327898 -0.299277 -26.638226 -0.383436 -0.026529381 0.024832878 0.107897138 0.993497724 0.215051073 keyframe_000608.pcd
609 1778824377.974053621 -0.416961 -26.683552 -0.413408 -0.027325555 0.027605071 0.114527837 0.992660389 0.228265270 keyframe_000609.pcd
610 1778824378.073732376 -0.530308 -26.720101 -0.436560 -0.029419497 0.029387660 0.116930126 0.992269220 0.232914525 keyframe_000610.pcd
611 1778824378.172633648 -0.634374 -26.756850 -0.452534 -0.039541876 0.030255061 0.105629939 0.993158289 0.209437222 keyframe_000611.pcd
612 1778824378.371860027 -0.776461 -26.781118 -0.451778 -0.025947267 0.021181722 0.112219297 0.993118776 0.223916253 keyframe_000612.pcd
613 1778824378.575935125 -0.827521 -26.791776 -0.455886 -0.033701266 0.015746284 0.141729178 0.989206308 0.283345352 keyframe_000613.pcd
614 1778824378.675498009 -0.854647 -26.778418 -0.463473 -0.054996804 0.017133366 0.182762921 0.981468040 0.365465079 keyframe_000614.pcd
615 1778824378.774305344 -0.860168 -26.766649 -0.471676 -0.059677747 0.020933160 0.234847675 0.969972649 0.471433956 keyframe_000615.pcd
616 1778824378.875709534 -0.852931 -26.753252 -0.482273 -0.064540216 0.016563068 0.276882385 0.958590825 0.558487631 keyframe_000616.pcd
617 1778824378.974596739 -0.840933 -26.732091 -0.496033 -0.066979065 0.022903110 0.305105750 0.949684018 0.616892025 keyframe_000617.pcd
618 1778824379.173940420 -0.771895 -26.657184 -0.500068 -0.076701738 0.024292832 0.340805869 0.936684611 0.691619652 keyframe_000618.pcd
619 1778824379.375630617 -0.658218 -26.536395 -0.466277 -0.093956773 0.007101111 0.357548977 0.929128854 0.727810492 keyframe_000619.pcd
620 1778824379.575577736 -0.527722 -26.398893 -0.425430 -0.086999312 0.007765432 0.374956597 0.922918397 0.765579588 keyframe_000620.pcd
621 1778824379.675790071 -0.443595 -26.320896 -0.417764 -0.094316351 0.004670087 0.358016510 0.928927766 0.729101021 keyframe_000621.pcd
622 1778824379.775955200 -0.353885 -26.248455 -0.405886 -0.088583794 0.019415344 0.325811010 0.941075524 0.659236157 keyframe_000622.pcd
623 1778824379.875498056 -0.273040 -26.174722 -0.385175 -0.084070964 0.007695082 0.307413633 0.947823674 0.622090406 keyframe_000623.pcd
624 1778824379.974262714 -0.167953 -26.109923 -0.385053 -0.076072058 0.031240096 0.298393053 0.950893624 0.601456128 keyframe_000624.pcd
625 1778824380.075935602 -0.076857 -26.052842 -0.348251 -0.064255036 0.026629359 0.287176630 0.955349020 0.579253044 keyframe_000625.pcd
626 1778824380.168752193 0.026060 -25.980892 -0.323690 -0.072600404 0.037309389 0.277362484 0.957291619 0.557335206 keyframe_000626.pcd
627 1778824380.275886774 0.115899 -25.916243 -0.268125 -0.077939596 0.016744070 0.267114570 0.960361839 0.537323990 keyframe_000627.pcd
628 1778824380.375941038 0.229307 -25.852873 -0.244079 -0.075022917 0.021166074 0.264667285 0.961184055 0.531995728 keyframe_000628.pcd
629 1778824380.475850344 0.333755 -25.799539 -0.198926 -0.067219816 0.026026403 0.247998101 0.966075082 0.497628140 keyframe_000629.pcd
630 1778824380.575839758 0.435634 -25.755883 -0.162364 -0.050411655 0.032996716 0.221109705 0.973386039 0.443088142 keyframe_000630.pcd
631 1778824380.675917864 0.533714 -25.716906 -0.129091 -0.060612674 0.018371080 0.191284897 0.979488997 0.382401740 keyframe_000631.pcd
632 1778824380.775878906 0.662907 -25.680544 -0.118152 -0.057264944 0.018850427 0.177216230 0.982323671 0.353921063 keyframe_000632.pcd
633 1778824380.975922346 0.878271 -25.613864 -0.071848 -0.038688455 0.020398138 0.164258004 0.985447324 0.328484362 keyframe_000633.pcd
634 1778824381.075884342 0.985777 -25.579712 -0.053779 -0.045380184 0.033576396 0.153199399 0.986581577 0.304908576 keyframe_000634.pcd
635 1778824381.175869703 1.095289 -25.547189 -0.021653 -0.044534517 0.018157493 0.153873593 0.986919399 0.307289140 keyframe_000635.pcd
636 1778824381.276000261 1.194192 -25.504433 0.030814 -0.043760848 0.016077510 0.156349336 0.986600926 0.312479246 keyframe_000636.pcd
637 1778824381.375881672 1.291352 -25.460540 0.052573 -0.040899470 0.008058531 0.151677916 0.987550557 0.303686474 keyframe_000637.pcd
638 1778824381.475851774 1.401555 -25.419804 0.063190 -0.049693604 0.034189505 0.143459874 0.987816222 0.284802239 keyframe_000638.pcd
639 1778824381.675886631 1.571819 -25.354181 0.128213 -0.050394855 0.021728365 0.181385061 0.981879675 0.362556846 keyframe_000639.pcd
640 1778824381.775981903 1.655327 -25.303432 0.164918 -0.054370252 0.006850661 0.211530055 0.975833992 0.425047820 keyframe_000640.pcd
641 1778824381.875930548 1.758111 -25.241371 0.171664 -0.079157373 0.020434914 0.223665597 0.971231294 0.447206292 keyframe_000641.pcd
642 1778824381.975875378 1.852235 -25.197894 0.185418 -0.076462298 0.024718072 0.233498452 0.969030963 0.467136443 keyframe_000642.pcd
643 1778824382.075982332 1.954942 -25.138304 0.187128 -0.068107151 0.021498979 0.250549304 0.965465823 0.503217541 keyframe_000643.pcd
644 1778824382.275846481 2.091770 -25.041268 0.216066 -0.093896236 0.018372957 0.260191414 0.960805058 0.521641887 keyframe_000644.pcd
645 1778824382.675835848 2.200383 -24.974258 0.203849 -0.084363746 0.010439976 0.270024232 0.959093676 0.543703959 keyframe_000645.pcd
646 1778824385.875736713 2.285293 -24.921704 0.193930 -0.075292330 0.007108076 0.273086586 0.959012126 0.550955650 keyframe_000646.pcd
647 1778824386.075685263 2.385720 -24.844432 0.239964 -0.080543163 0.008459441 0.275855050 0.957781409 0.556275286 keyframe_000647.pcd
648 1778824386.275832415 2.471664 -24.764801 0.282408 -0.086367811 0.013580759 0.275568563 0.957297306 0.554695805 keyframe_000648.pcd
649 1778824386.474484444 2.494253 -24.730985 0.289685 -0.107716671 0.010706701 0.312227474 0.943820157 0.630223850 keyframe_000649.pcd
650 1778824386.573791981 2.493850 -24.703849 0.279669 -0.120737603 0.005032210 0.354770593 0.927111069 0.720275050 keyframe_000650.pcd
651 1778824386.675763607 2.507751 -24.666519 0.274416 -0.116329134 0.011471042 0.393097445 0.912036373 0.802252758 keyframe_000651.pcd
652 1778824386.774551868 2.539501 -24.633162 0.276110 -0.108111325 0.009643155 0.420829102 0.900623016 0.863943255 keyframe_000652.pcd
653 1778824386.973706961 2.593205 -24.522973 0.294133 -0.132657445 -0.000372047 0.443084383 0.886610452 0.912784602 keyframe_000653.pcd
654 1778824387.175603151 2.685992 -24.365074 0.327592 -0.124518469 -0.010740045 0.463157387 0.877419533 0.960127293 keyframe_000654.pcd
655 1778824387.274361849 2.737335 -24.266610 0.336105 -0.131728585 0.002976042 0.471180432 0.872139738 0.975603085 keyframe_000655.pcd
656 1778824387.473603487 2.835309 -24.101450 0.357782 -0.135522218 0.006703216 0.476621115 0.868574181 0.987154193 keyframe_000656.pcd
657 1778824387.674229622 2.912228 -23.937808 0.392015 -0.132239387 0.000948187 0.481636509 0.866336031 0.999682770 keyframe_000657.pcd
658 1778824387.773871899 2.966003 -23.852542 0.392579 -0.135685946 0.005746025 0.470739519 0.871757198 0.973871020 keyframe_000658.pcd
659 1778824387.873420715 3.035930 -23.773071 0.409131 -0.120264256 0.006549657 0.441999876 0.888892412 0.910350150 keyframe_000659.pcd
660 1778824387.973780870 3.107347 -23.701356 0.427421 -0.104043028 0.014313274 0.405537618 0.908025010 0.830113348 keyframe_000660.pcd
661 1778824388.075645685 3.186823 -23.648015 0.448193 -0.098515894 0.005349768 0.375483351 0.921562940 0.766267273 keyframe_000661.pcd
662 1778824388.174405575 3.276710 -23.578911 0.454295 -0.100586819 0.007754890 0.352270827 0.930444742 0.715996020 keyframe_000662.pcd
663 1778824388.373736143 3.415870 -23.472203 0.491582 -0.086178950 0.012271432 0.324891005 0.941736925 0.658240446 keyframe_000663.pcd
664 1778824388.475366116 3.480129 -23.420847 0.521209 -0.066840442 0.013446875 0.294148843 0.953324706 0.594656698 keyframe_000664.pcd
665 1778824388.575787544 3.563428 -23.387094 0.536782 -0.066059756 -0.003038549 0.243514705 0.967640152 0.491369479 keyframe_000665.pcd
666 1778824388.664370775 3.634230 -23.364694 0.543643 -0.044805012 0.005829976 0.211024970 0.976435858 0.424396918 keyframe_000666.pcd
667 1778824388.775418758 3.724594 -23.350448 0.575334 -0.039592163 0.013737739 0.181319614 0.982530881 0.363470935 keyframe_000667.pcd
668 1778824388.875654936 3.809195 -23.340909 0.597438 -0.031357303 0.006850035 0.152708660 0.987749898 0.306083824 keyframe_000668.pcd
669 1778824389.075415611 3.982599 -23.294678 0.645422 -0.033397429 0.015213046 0.122298458 0.991814631 0.244175591 keyframe_000669.pcd
670 1778824389.274013758 4.144687 -23.249821 0.670581 -0.021769110 0.014128024 0.115723427 0.992942392 0.231383020 keyframe_000670.pcd
671 1778824389.475687265 4.324338 -23.191252 0.672198 -0.033015962 0.022783654 0.102062382 0.993968874 0.203054874 keyframe_000671.pcd
672 1778824389.675786018 4.466243 -23.153243 0.690240 -0.033087774 0.023161292 0.101630029 0.994002058 0.202162201 keyframe_000672.pcd
673 1778824389.875622272 4.594330 -23.138735 0.723942 -0.028367148 0.016549716 0.102809283 0.994158772 0.205065631 keyframe_000673.pcd
674 1778824390.075212717 4.723100 -23.109616 0.753552 -0.042428615 0.014218078 0.098387947 0.994141575 0.195795675 keyframe_000674.pcd
675 1778824390.275716782 4.837817 -23.065330 0.766319 -0.046187628 0.010095080 0.099520101 0.993911737 0.198276815 keyframe_000675.pcd
676 1778824390.475633144 4.939225 -23.046388 0.803559 -0.031084047 0.006170605 0.110214857 0.993402431 0.220412058 keyframe_000676.pcd
677 1778824390.675630808 5.054645 -23.034017 0.809159 -0.030921568 0.009866634 0.108192556 0.993599958 0.216143261 keyframe_000677.pcd
678 1778824390.875615835 5.147909 -23.006307 0.839123 -0.037769914 0.006634461 0.108117720 0.993398196 0.216032029 keyframe_000678.pcd
679 1778824391.075345278 5.255455 -22.968458 0.853566 -0.035411736 -0.001275343 0.114194918 0.992826220 0.228837253 keyframe_000679.pcd
680 1778824391.375606060 5.358340 -22.929216 0.865488 -0.035316898 0.006523220 0.118721897 0.992277822 0.237427391 keyframe_000680.pcd
681 1778824394.275567293 5.455968 -22.916034 0.917019 -0.023618982 -0.012460952 0.115279769 0.992974040 0.231636920 keyframe_000681.pcd
682 1778824394.575507641 5.570400 -22.919410 0.949014 -0.015939173 -0.006955640 0.114943484 0.993219793 0.230600121 keyframe_000682.pcd
683 1778824394.775368690 5.689080 -22.914016 0.979038 -0.010913940 -0.015017501 0.125191433 0.991958903 0.251429144 keyframe_000683.pcd
684 1778824394.975509644 5.863657 -22.893360 1.010047 -0.006038487 -0.010015426 0.125347111 0.992044016 0.251505727 keyframe_000684.pcd
685 1778824395.075595379 5.960469 -22.900020 1.047373 0.000827019 -0.010382199 0.125654173 0.992019433 0.251998223 keyframe_000685.pcd
686 1778824395.175536871 6.070294 -22.897257 1.061084 -0.004498345 -0.008433590 0.109105124 0.993984261 0.218740656 keyframe_000686.pcd
687 1778824395.275674820 6.202706 -22.880676 1.093514 -0.003388259 -0.007940613 0.117522181 0.993032730 0.235661994 keyframe_000687.pcd
688 1778824395.375498772 6.346590 -22.861099 1.120220 0.001039357 -0.009376470 0.123171452 0.992340564 0.246983459 keyframe_000688.pcd
689 1778824395.475663662 6.515993 -22.842475 1.145858 -0.013747678 -0.015363169 0.106007188 0.994151623 0.212881806 keyframe_000689.pcd
690 1778824395.575541496 6.697231 -22.815932 1.184809 -0.003351363 -0.000236163 0.118074274 0.992999083 0.236700991 keyframe_000690.pcd
691 1778824395.675457001 6.880113 -22.795345 1.207541 -0.011176910 -0.006956513 0.127934023 0.991695301 0.256724566 keyframe_000691.pcd
692 1778824395.774246693 7.059049 -22.780158 1.258870 -0.018079632 -0.002222652 0.118709439 0.992761933 0.238021938 keyframe_000692.pcd
693 1778824395.873602152 7.232455 -22.758783 1.304210 -0.013176821 0.023199458 0.124231172 0.991894537 0.248691897 keyframe_000693.pcd
694 1778824395.975131512 7.372922 -22.725912 1.341670 -0.021121569 0.013663553 0.139223389 0.989941430 0.278816560 keyframe_000694.pcd
695 1778824396.075493574 7.483234 -22.709329 1.371119 -0.018926276 0.027208656 0.133941332 0.990434856 0.267945795 keyframe_000695.pcd
696 1778824396.275424957 7.629141 -22.659197 1.397169 -0.022946333 0.010200204 0.149457098 0.988449289 0.299561417 keyframe_000696.pcd
697 1778824396.574116230 7.733561 -22.644963 1.407514 -0.025875370 0.007235172 0.133741243 0.990652006 0.267859043 keyframe_000697.pcd
698 1778824397.975287676 7.833971 -22.600242 1.426346 -0.031808779 -0.016652005 0.135576602 0.990116103 0.272990559 keyframe_000698.pcd
699 1778824398.173806429 7.964354 -22.585125 1.459118 -0.033136930 -0.006137313 0.147853544 0.988434928 0.297043800 keyframe_000699.pcd
700 1778824398.373303890 8.110968 -22.598464 1.483524 0.024656126 0.071364615 0.138044285 0.987543894 0.282427250 keyframe_000700.pcd
701 1778824398.571549177 8.246716 -22.624902 1.437419 0.010446596 0.155589946 0.116694172 0.980849177 0.246080480 keyframe_000701.pcd
702 1778824398.875409365 8.268377 -22.601976 1.463341 -0.074259488 0.118464638 0.101504906 0.984961122 0.189395485 keyframe_000702.pcd
703 1778824399.574078560 8.243169 -22.584637 1.438615 -0.098001198 0.075706664 0.074666429 0.989489358 0.135170674 keyframe_000703.pcd
704 1778824400.875401974 8.157902 -22.624842 1.455454 -0.056395645 0.032586475 0.096942214 0.993156513 0.190576596 keyframe_000704.pcd
705 1778824401.775396109 8.354784 -22.580070 1.547346 -0.045138232 0.019449486 0.102199236 0.993548979 0.202945418 keyframe_000705.pcd
706 1778824402.175493956 8.467508 -22.552320 1.550310 -0.037582747 0.012273839 0.116620164 0.992389353 0.232765425 keyframe_000706.pcd
707 1778824402.475458622 8.590589 -22.556114 1.574091 -0.023572527 0.015480597 0.104823071 0.994090947 0.209335667 keyframe_000707.pcd
708 1778824402.675349951 8.766255 -22.512595 1.640713 -0.034057888 -0.005551876 0.101724059 0.994213987 0.204064181 keyframe_000708.pcd
709 1778824402.775441170 8.868027 -22.494933 1.670949 -0.026555909 0.012316993 0.112707469 0.993196910 0.225230268 keyframe_000709.pcd
710 1778824402.875427246 8.963380 -22.484343 1.710885 -0.028436625 0.008219110 0.109553916 0.993540006 0.219027297 keyframe_000710.pcd
711 1778824403.075270653 9.139485 -22.454275 1.756148 -0.036424404 0.029072329 0.106997931 0.993166404 0.212463890 keyframe_000711.pcd
712 1778824403.275381088 9.253217 -22.408704 1.760271 -0.043258837 0.019785327 0.131968352 0.990111897 0.262968397 keyframe_000712.pcd
713 1778824403.375298977 9.269133 -22.384021 1.746908 -0.058000707 0.026882126 0.171198384 0.983160405 0.340966266 keyframe_000713.pcd
714 1778824403.475411415 9.293862 -22.349648 1.730915 -0.068049113 0.027050773 0.205250532 0.975966082 0.409612189 keyframe_000714.pcd
715 1778824403.575281620 9.306495 -22.332974 1.724912 -0.064915703 0.016301072 0.231717227 0.970477899 0.465077039 keyframe_000715.pcd
716 1778824403.775337696 9.312692 -22.292352 1.721662 -0.086590941 0.007656090 0.263369060 0.960770593 0.530157754 keyframe_000716.pcd
717 1778824403.975206375 9.394247 -22.217554 1.754040 -0.069063883 0.003502845 0.293829412 0.953353128 0.594855201 keyframe_000717.pcd
718 1778824404.175343752 9.520828 -22.139376 1.809174 -0.057185804 -0.014601662 0.305960943 0.950212859 0.622590253 keyframe_000718.pcd
719 1778824404.275269747 9.598519 -22.078330 1.826899 -0.077909172 0.007013097 0.300780811 0.950479816 0.608596196 keyframe_000719.pcd
720 1778824404.475352764 9.744972 -21.949804 1.887990 -0.084268481 -0.011677516 0.300670038 0.949926306 0.610685986 keyframe_000720.pcd
721 1778824404.575399399 9.846380 -21.879747 1.914383 -0.087166981 0.022134766 0.307030157 0.947441002 0.619439517 keyframe_000721.pcd
722 1778824404.675388575 9.928466 -21.831573 1.966216 -0.081811688 0.010614327 0.298426436 0.950860582 0.603028481 keyframe_000722.pcd
723 1778824404.775275946 10.032702 -21.785106 1.988591 -0.069332415 0.021255982 0.268516315 0.960541612 0.540383482 keyframe_000723.pcd
724 1778824404.875160456 10.121184 -21.733197 2.021689 -0.069316093 0.003079592 0.235809168 0.969319262 0.474690865 keyframe_000724.pcd
725 1778824404.974149704 10.231529 -21.687212 2.033873 -0.060701610 0.019476025 0.218556888 0.973739640 0.438026099 keyframe_000725.pcd
726 1778824405.075309515 10.327244 -21.658228 2.059402 -0.049141838 0.019799945 0.201189113 0.978118593 0.403130296 keyframe_000726.pcd
727 1778824405.175461054 10.421253 -21.618600 2.055451 -0.046605683 0.030256535 0.187662466 0.980660620 0.375060758 keyframe_000727.pcd
728 1778824405.375375748 10.517500 -21.575800 2.053408 -0.048142751 0.013041171 0.168114389 0.984504828 0.336359240 keyframe_000728.pcd
729 1778824405.574263573 10.630941 -21.537876 2.027614 -0.046557396 0.003696694 0.163082402 0.985506405 0.326969316 keyframe_000729.pcd
730 1778824405.775381088 10.760528 -21.499349 2.050250 -0.033701312 0.003742528 0.163388207 0.985978960 0.327837950 keyframe_000730.pcd
731 1778824406.075402498 11.003441 -21.391318 2.097748 -0.049230768 0.006411131 0.158382041 0.986128976 0.317153573 keyframe_000731.pcd
732 1778824406.275249958 11.174239 -21.333263 2.164926 -0.037672041 0.000708062 0.163561547 0.985813337 0.328326433 keyframe_000732.pcd
733 1778824406.375310421 11.274478 -21.311166 2.182499 -0.045270869 0.021270119 0.157729779 0.986214707 0.314851276 keyframe_000733.pcd
734 1778824406.575339794 11.447642 -21.253505 2.243131 -0.050183956 0.004633620 0.159126244 0.985971064 0.318793931 keyframe_000734.pcd
735 1778824406.673404694 11.547538 -21.215217 2.273704 -0.046216793 0.013491542 0.167636716 0.984672493 0.335433792 keyframe_000735.pcd
736 1778824406.871603966 11.729680 -21.148692 2.309588 -0.059146489 0.028683140 0.160017580 0.984923014 0.318042533 keyframe_000736.pcd
737 1778824407.075307131 11.909703 -21.080302 2.346993 -0.060616643 0.019071796 0.163381047 0.984514359 0.325641421 keyframe_000737.pcd
738 1778824407.175266981 11.996093 -21.050660 2.388875 -0.046501502 0.013642729 0.168995975 0.984424627 0.338168243 keyframe_000738.pcd
739 1778824407.373887300 12.172784 -20.972519 2.425323 -0.060941529 0.025091081 0.159847269 0.984939297 0.317891625 keyframe_000739.pcd
740 1778824407.473417044 12.271330 -20.932191 2.453093 -0.059151560 0.007195671 0.164665397 0.984547928 0.329504178 keyframe_000740.pcd
741 1778824407.573031902 12.379517 -20.891304 2.463851 -0.056363688 0.023571688 0.171600741 0.983270408 0.342165236 keyframe_000741.pcd
742 1778824407.671874523 12.485269 -20.848165 2.497193 -0.045156488 0.013898333 0.172252114 0.983919172 0.344812689 keyframe_000742.pcd
743 1778824407.771507502 12.593632 -20.801874 2.501062 -0.054177149 0.029399217 0.169779926 0.983552388 0.338162940 keyframe_000743.pcd
744 1778824407.875351906 12.697894 -20.759547 2.534600 -0.054440085 0.021475433 0.166697580 0.984269780 0.332501959 keyframe_000744.pcd
745 1778824407.974818945 12.823055 -20.719361 2.545345 -0.051358452 0.024932588 0.169394626 0.983893356 0.337897761 keyframe_000745.pcd
746 1778824408.075170517 12.924696 -20.695618 2.616467 -0.049473547 0.016745317 0.173694496 0.983413537 0.347340119 keyframe_000746.pcd
747 1778824408.174913883 13.039711 -20.669182 2.675531 -0.052834013 0.009425247 0.171332490 0.983750431 0.343013764 keyframe_000747.pcd
748 1778824408.273838997 13.148703 -20.631803 2.712086 -0.064281163 0.030215240 0.164328880 0.983845003 0.326263631 keyframe_000748.pcd
749 1778824408.473778248 13.330788 -20.552810 2.740505 -0.062669854 0.021415782 0.171163799 0.983014144 0.341079854 keyframe_000749.pcd
750 1778824408.673240423 13.499620 -20.471397 2.744724 -0.057017928 0.016952536 0.174059082 0.982936927 0.347690133 keyframe_000750.pcd
751 1778824408.875221014 13.665630 -20.385949 2.766244 -0.056423744 0.018102471 0.175577988 0.982680534 0.350703727 keyframe_000751.pcd
752 1778824409.074876547 13.807741 -20.331675 2.807802 -0.048214828 0.006278566 0.182207915 0.982057119 0.365516317 keyframe_000752.pcd
753 1778824409.274876595 13.965347 -20.261264 2.842890 -0.061901049 0.010093471 0.176617099 0.982279381 0.353332101 keyframe_000753.pcd
754 1778824409.473979473 14.115355 -20.194611 2.868067 -0.059557462 0.009482063 0.186056966 0.980686395 0.372666502 keyframe_000754.pcd
755 1778824409.675331831 14.247468 -20.155613 2.887970 -0.045658797 0.006892360 0.190010186 0.980695620 0.381413023 keyframe_000755.pcd
756 1778824409.875226259 14.377495 -20.057520 2.876497 -0.059448343 0.002009628 0.187301034 0.980499964 0.375980292 keyframe_000756.pcd
757 1778824410.175156355 14.581615 -19.959781 2.898187 -0.048718411 0.004747786 0.197566010 0.979066722 0.396893879 keyframe_000757.pcd
758 1778824410.373935699 14.699497 -19.918211 2.935336 -0.058810900 0.008906785 0.194058146 0.979185061 0.389037149 keyframe_000758.pcd
759 1778824410.575268745 14.816000 -19.871449 2.975830 -0.059718850 0.006006049 0.197131551 0.978538062 0.395559171 keyframe_000759.pcd
760 1778824410.775185585 14.926412 -19.832453 3.017914 -0.047579768 0.006345139 0.207394229 0.977079085 0.416854625 keyframe_000760.pcd
761 1778824410.975214481 15.060523 -19.785725 3.041303 -0.054841315 0.018285687 0.201032178 0.977877358 0.402608205 keyframe_000761.pcd
762 1778824411.175119162 15.177582 -19.722230 3.073802 -0.061055711 0.008143799 0.203522148 0.977130807 0.408323453 keyframe_000762.pcd
763 1778824411.375178814 15.292542 -19.660660 3.102576 -0.049482098 0.009275161 0.216607717 0.974959789 0.435406775 keyframe_000763.pcd
764 1778824411.575106382 15.405430 -19.583291 3.117302 -0.071233194 0.018152677 0.234575752 0.969314463 0.470393671 keyframe_000764.pcd
765 1778824411.775253296 15.532202 -19.477459 3.131603 -0.078848468 -0.003566664 0.252648608 0.964333386 0.509914558 keyframe_000765.pcd
766 1778824411.975155830 15.656082 -19.386109 3.147283 -0.069866146 0.001913426 0.270881369 0.960072052 0.547217060 keyframe_000766.pcd
767 1778824412.175053358 15.775336 -19.313726 3.173319 -0.079385984 0.007817100 0.270507790 0.959407262 0.545311872 keyframe_000767.pcd
768 1778824412.375082493 15.875316 -19.249694 3.205183 -0.081506786 0.003098876 0.275843576 0.957735539 0.556892060 keyframe_000768.pcd
769 1778824412.575220823 15.969051 -19.186208 3.238368 -0.073578802 0.002406608 0.280163228 0.957125349 0.566298858 keyframe_000769.pcd
770 1778824412.775164127 16.097911 -19.114906 3.264272 -0.081285522 -0.001216827 0.256782113 0.963044199 0.518027489 keyframe_000770.pcd
771 1778824412.975181103 16.219675 -19.055948 3.285328 -0.069612805 0.011148439 0.227482157 0.971226873 0.456655560 keyframe_000771.pcd
772 1778824413.175045967 16.320012 -19.007038 3.318924 -0.051378065 0.007905603 0.217471475 0.974681463 0.437217566 keyframe_000772.pcd
773 1778824413.375163078 16.440671 -18.951744 3.322338 -0.055836257 0.019194551 0.204494958 0.977085305 0.409553989 keyframe_000773.pcd
774 1778824413.575101614 16.552568 -18.871393 3.350327 -0.060908646 0.000306853 0.200348623 0.977829470 0.402694520 keyframe_000774.pcd
775 1778824413.775121689 16.671348 -18.791031 3.372562 -0.051163692 0.000664566 0.207887147 0.976813580 0.418258232 keyframe_000775.pcd
776 1778824413.975145578 16.765683 -18.753681 3.395931 -0.055525082 0.005870389 0.202808938 0.977625203 0.407286629 keyframe_000776.pcd
777 1778824414.173976898 16.858204 -18.710288 3.431821 -0.068156033 -0.001480084 0.195674291 0.978296548 0.393220432 keyframe_000777.pcd
778 1778824414.475132227 17.041416 -18.658183 3.467540 -0.051566366 -0.002794231 0.210689127 0.976188094 0.424304579 keyframe_000778.pcd
779 1778824414.675025463 17.169301 -18.603431 3.484671 -0.057961283 0.009814195 0.204266291 0.977148634 0.409799534 keyframe_000779.pcd
780 1778824414.875104666 17.285680 -18.538749 3.531026 -0.057059176 -0.000893077 0.208556046 0.976344114 0.419655610 keyframe_000780.pcd
781 1778824415.074869156 17.404817 -18.472116 3.562458 -0.047855386 -0.000156726 0.217530981 0.974879536 0.438119449 keyframe_000781.pcd
782 1778824415.275080919 17.530062 -18.410543 3.581422 -0.064404959 0.010000835 0.210925094 0.975326914 0.423113292 keyframe_000782.pcd
783 1778824415.475138903 17.652835 -18.328095 3.607982 -0.065901407 0.002172727 0.212021342 0.975038068 0.426169008 keyframe_000783.pcd
784 1778824415.673992157 17.777485 -18.269633 3.644973 -0.049991909 -0.000732794 0.222720731 0.973599378 0.448760431 keyframe_000784.pcd
785 1778824415.875010490 17.908272 -18.227752 3.666272 -0.061916590 0.011334889 0.215112789 0.974558538 0.431653746 keyframe_000785.pcd
786 1778824416.073554516 18.029950 -18.154158 3.700138 -0.061840190 -0.008019698 0.219460414 0.973626521 0.442682909 keyframe_000786.pcd
787 1778824416.275177240 18.166580 -18.081100 3.744846 -0.049599571 -0.001030296 0.229094623 0.972139123 0.461868483 keyframe_000787.pcd
788 1778824416.475019932 18.318978 -17.999969 3.779019 -0.063744467 0.013583793 0.220169940 0.973281728 0.441701809 keyframe_000788.pcd
789 1778824416.673373938 18.472715 -17.910104 3.809573 -0.061156714 0.001836245 0.225856548 0.972237267 0.454665089 keyframe_000789.pcd
790 1778824416.871886492 18.630842 -17.824144 3.850581 -0.059210961 0.002448192 0.231064865 0.971131864 0.465344276 keyframe_000790.pcd
791 1778824416.971428394 18.734461 -17.782254 3.858213 -0.066193386 0.019075877 0.228012316 0.971218271 0.457128145 keyframe_000791.pcd
792 1778824417.070971966 18.827300 -17.716913 3.877720 -0.073516669 0.003671188 0.227629180 0.970961780 0.457674316 keyframe_000792.pcd
793 1778824417.175163031 18.940448 -17.650699 3.891865 -0.070053157 0.010837950 0.225160724 0.971739545 0.451906486 keyframe_000793.pcd
794 1778824417.275088310 19.036260 -17.612487 3.937908 -0.046384274 0.011830161 0.207283457 0.977109060 0.416259664 keyframe_000794.pcd
795 1778824417.375010490 19.142844 -17.582446 3.960649 -0.037426751 0.020626282 0.162417732 0.985796265 0.324804155 keyframe_000795.pcd
796 1778824417.474057198 19.233573 -17.570006 4.014702 -0.037718861 0.013440679 0.114603952 0.992603934 0.228626737 keyframe_000796.pcd
797 1778824417.573446274 19.342349 -17.559370 4.040913 -0.025283252 0.007703122 0.090363625 0.995558052 0.180549872 keyframe_000797.pcd
798 1778824417.673033714 19.450292 -17.562414 4.065570 -0.003836929 0.020267793 0.081986356 0.996419958 0.164103205 keyframe_000798.pcd
799 1778824417.871515036 19.642120 -17.567718 4.093867 -0.001546955 0.040083786 0.045090992 0.998177188 0.090306497 keyframe_000799.pcd
800 1778824418.075145960 19.847222 -17.560997 4.143520 -0.009961431 0.021021957 0.034665814 0.999128184 0.068969882 keyframe_000800.pcd
801 1778824418.275006771 20.057314 -17.545941 4.186966 -0.020577278 0.018344437 0.037385372 0.998920613 0.074056723 keyframe_000801.pcd
802 1778824418.374104977 20.164566 -17.529801 4.218808 -0.023204339 0.028167310 0.044118459 0.998359516 0.087042639 keyframe_000802.pcd
803 1778824418.572939157 20.398605 -17.478234 4.273200 -0.030095079 0.008552842 0.118637218 0.992444631 0.237254893 keyframe_000803.pcd
804 1778824418.673163176 20.495411 -17.452782 4.292391 -0.039318025 -0.008411512 0.144563651 0.988678254 0.290591833 keyframe_000804.pcd
805 1778824418.773245335 20.613808 -17.405351 4.319025 -0.056242238 0.022112290 0.151373754 0.986627510 0.301296154 keyframe_000805.pcd
806 1778824418.874988556 20.722110 -17.349280 4.360615 -0.057510138 -0.000080259 0.168255448 0.984064369 0.337594822 keyframe_000806.pcd
807 1778824418.975094557 20.839801 -17.291736 4.373798 -0.060396872 0.018584207 0.182241578 0.981221103 0.363987236 keyframe_000807.pcd
808 1778824419.075031757 20.953621 -17.238384 4.419662 -0.052904365 0.003403379 0.190132838 0.980325991 0.381763876 keyframe_000808.pcd
809 1778824419.174848318 21.069746 -17.177976 4.421350 -0.069947097 0.025367625 0.189621042 0.979034089 0.377733187 keyframe_000809.pcd
810 1778824419.273698807 21.179701 -17.123834 4.444842 -0.069348092 0.004215783 0.195244328 0.978290714 0.391596948 keyframe_000810.pcd
811 1778824419.374951124 21.294421 -17.068971 4.454125 -0.064784030 0.016580122 0.204387933 0.976603144 0.409066805 keyframe_000811.pcd
812 1778824419.474888325 21.401632 -17.020223 4.500229 -0.055990756 0.005760873 0.209648684 0.976155355 0.421249291 keyframe_000812.pcd
813 1778824419.573956490 21.516334 -16.974482 4.519676 -0.065847050 0.023822101 0.208200177 0.975576424 0.416102209 keyframe_000813.pcd
814 1778824419.673362970 21.625846 -16.928390 4.556402 -0.069427522 0.010246617 0.208995121 0.975395235 0.418917395 keyframe_000814.pcd
815 1778824419.775178432 21.749306 -16.874791 4.572734 -0.063107065 0.021175006 0.213433823 0.974687191 0.427234056 keyframe_000815.pcd
816 1778824419.875157595 21.845752 -16.828535 4.618972 -0.056643762 0.011665791 0.215794675 0.974724603 0.433254545 keyframe_000816.pcd
817 1778824419.974995852 21.960918 -16.769173 4.638371 -0.065784486 0.024235942 0.213335921 0.974460264 0.426581230 keyframe_000817.pcd
818 1778824420.074964046 22.062472 -16.709304 4.678150 -0.069665922 0.012881673 0.211992015 0.974700009 0.424733752 keyframe_000818.pcd
819 1778824420.175015926 22.184168 -16.653643 4.688089 -0.066581583 0.017831922 0.216056206 0.973944881 0.432702246 keyframe_000819.pcd
820 1778824420.275137424 22.291051 -16.598752 4.720125 -0.059389171 0.013273152 0.218525706 0.973931859 0.438577543 keyframe_000820.pcd
821 1778824420.374978304 22.407081 -16.539643 4.726169 -0.074532451 0.021773406 0.213242303 0.973908904 0.426020855 keyframe_000821.pcd
822 1778824420.474050045 22.510226 -16.493734 4.777364 -0.070115693 0.022002043 0.212262126 0.974445735 0.424294775 keyframe_000822.pcd
823 1778824420.575026751 22.629178 -16.441083 4.795457 -0.058254321 0.017138198 0.219462327 0.973729430 0.440219519 keyframe_000823.pcd
824 1778824420.675164700 22.722892 -16.373083 4.832525 -0.070715649 0.005032431 0.222485937 0.972354863 0.447071650 keyframe_000824.pcd
825 1778824420.875163078 22.917314 -16.284723 4.867232 -0.070962864 0.015562032 0.217586168 0.973333630 0.435815578 keyframe_000825.pcd
826 1778824421.075094938 23.082151 -16.189835 4.879230 -0.074877787 0.006345376 0.222418041 0.972051063 0.446601969 keyframe_000826.pcd
827 1778824421.275102615 23.226224 -16.107938 4.908134 -0.061849402 0.003894663 0.228160043 0.971649360 0.459148897 keyframe_000827.pcd
828 1778824421.475051641 23.361750 -16.024089 4.940304 -0.073759219 -0.000005079 0.225898933 0.971354338 0.454597024 keyframe_000828.pcd
829 1778824421.675067663 23.505289 -15.933854 4.974248 -0.065013332 0.002478139 0.238812255 0.968883808 0.481081232 keyframe_000829.pcd
830 1778824421.875074863 23.636522 -15.861028 5.004029 -0.069997766 0.013885272 0.234954179 0.969383333 0.471688432 keyframe_000830.pcd
831 1778824422.075193405 23.783450 -15.781850 5.044457 -0.070592628 0.002441696 0.238801387 0.968496059 0.480873317 keyframe_000831.pcd
832 1778824422.275050879 23.944948 -15.703433 5.093629 -0.055853451 0.005984857 0.217116967 0.974527986 0.436507885 keyframe_000832.pcd
833 1778824422.374891281 24.034537 -15.685940 5.114826 -0.060394686 0.010059249 0.179835140 0.981789497 0.359929769 keyframe_000833.pcd
834 1778824422.483216286 24.144598 -15.653511 5.130321 -0.053250974 0.012650434 0.152211773 0.986831230 0.303981210 keyframe_000834.pcd
835 1778824422.675119162 24.333927 -15.606333 5.163291 -0.032233537 0.011147907 0.132487938 0.990597632 0.264978649 keyframe_000835.pcd
836 1778824422.875106335 24.500944 -15.574796 5.179815 -0.028133994 0.025272874 0.112469917 0.992935183 0.224156367 keyframe_000836.pcd
837 1778824423.075090170 24.672343 -15.525029 5.224441 -0.033145915 0.006560451 0.104469132 0.993953977 0.208795220 keyframe_000837.pcd
838 1778824423.275109768 24.833977 -15.499750 5.285408 -0.025573380 0.005020114 0.105525265 0.994075057 0.211133215 keyframe_000838.pcd
839 1778824423.475114584 25.013151 -15.464588 5.337256 -0.041538613 0.011251902 0.097191688 0.994334810 0.193644573 keyframe_000839.pcd
840 1778824423.575097322 25.120843 -15.443744 5.344084 -0.034217402 0.009225831 0.101128962 0.994241915 0.201894750 keyframe_000840.pcd
841 1778824423.675084352 25.224542 -15.421833 5.377284 -0.030099470 0.006799001 0.109201641 0.993540536 0.218358010 keyframe_000841.pcd
842 1778824423.775182724 25.326438 -15.396474 5.403854 -0.027718208 0.002841414 0.106384686 0.993934568 0.212941020 keyframe_000842.pcd
843 1778824423.875087261 25.435525 -15.359826 5.417035 -0.031671919 0.026899018 0.102192644 0.993896371 0.203192096 keyframe_000843.pcd
844 1778824423.975061417 25.533297 -15.333161 5.442781 -0.037579219 0.011390674 0.101556230 0.994054519 0.202522564 keyframe_000844.pcd
845 1778824424.075002193 25.642104 -15.312352 5.454184 -0.039024939 0.015736994 0.103315758 0.993758147 0.205719583 keyframe_000845.pcd
846 1778824424.175108433 25.750442 -15.300915 5.506901 -0.025123551 0.009826234 0.111941871 0.993348514 0.223835471 keyframe_000846.pcd
847 1778824424.375177860 25.941166 -15.252485 5.552490 -0.058571524 0.024519942 0.149915400 0.986657753 0.297987681 keyframe_000847.pcd
848 1778824424.475147486 26.028608 -15.223200 5.568306 -0.060442117 0.013865133 0.182430327 0.981261272 0.364819578 keyframe_000848.pcd
849 1778824424.675163269 26.193189 -15.126708 5.592454 -0.064874709 -0.000687354 0.220793407 0.973160352 0.444475434 keyframe_000849.pcd
850 1778824424.775032759 26.280065 -15.066460 5.596286 -0.080822383 0.016526740 0.227673281 0.970236820 0.455785444 keyframe_000850.pcd
851 1778824424.975127220 26.444329 -14.948959 5.617244 -0.085964740 0.006395800 0.243562346 0.966046863 0.489492003 keyframe_000851.pcd
852 1778824425.174672365 26.578227 -14.837279 5.686729 -0.071321759 -0.001434565 0.255880420 0.964072798 0.516523782 keyframe_000852.pcd
853 1778824425.275097609 26.664659 -14.775252 5.709323 -0.081094426 0.015794474 0.250921134 0.964475408 0.503708308 keyframe_000853.pcd
854 1778824425.475181341 26.836938 -14.665562 5.734421 -0.081660173 0.011597926 0.261256675 0.961739078 0.525548445 keyframe_000854.pcd
855 1778824425.574740410 26.924998 -14.619976 5.778229 -0.068332295 0.006088309 0.269137086 0.960655432 0.543192601 keyframe_000855.pcd
856 1778824425.675012350 27.017645 -14.565188 5.793602 -0.075761667 0.005533121 0.267937781 0.960436828 0.540438177 keyframe_000856.pcd
857 1778824425.774772882 27.109355 -14.505583 5.818261 -0.078616201 0.013041985 0.264349180 0.961128977 0.531960631 keyframe_000857.pcd
858 1778824425.875164986 27.194416 -14.431120 5.838283 -0.080768082 -0.000880505 0.266223846 0.960521007 0.537519140 keyframe_000858.pcd
859 1778824426.074797392 27.357686 -14.362389 5.873927 -0.064936135 0.008586169 0.275385127 0.959099895 0.556066233 keyframe_000859.pcd
860 1778824426.173430920 27.449125 -14.307590 5.891245 -0.088724819 0.014293225 0.268456796 0.959090485 0.539680321 keyframe_000860.pcd
861 1778824426.275042772 27.532415 -14.256273 5.913532 -0.084592262 0.020311921 0.266068218 0.960020457 0.534284918 keyframe_000861.pcd
862 1778824426.375194311 27.628183 -14.185882 5.922175 -0.076314189 0.013211274 0.272183045 0.959123557 0.548332843 keyframe_000862.pcd
863 1778824426.474882841 27.716248 -14.120764 5.948122 -0.068038691 0.011999340 0.267853461 0.960979332 0.539936556 keyframe_000863.pcd
864 1778824426.574652433 27.801601 -14.070147 5.964814 -0.070523017 0.010642815 0.235279521 0.969307372 0.472681072 keyframe_000864.pcd
865 1778824426.673393726 27.902088 -14.023129 5.992006 -0.060532971 0.017402933 0.203847859 0.976974384 0.408120991 keyframe_000865.pcd
866 1778824426.775100470 27.989322 -13.975243 6.013200 -0.054892070 0.002093946 0.185236516 0.981157433 0.371883761 keyframe_000866.pcd
867 1778824426.971443415 28.180559 -13.912042 6.056158 -0.037523041 0.010956607 0.164733607 0.985563196 0.330034253 keyframe_000867.pcd
868 1778824427.073218346 28.290131 -13.881956 6.067140 -0.051813973 0.018800072 0.151562316 0.986909689 0.302202690 keyframe_000868.pcd
869 1778824427.174955606 28.392603 -13.847241 6.114817 -0.048666574 0.018440688 0.142894295 0.988368720 0.284863245 keyframe_000869.pcd
870 1778824427.275144100 28.495849 -13.807874 6.137140 -0.044809113 0.006655972 0.143747525 0.988577003 0.287661635 keyframe_000870.pcd
871 1778824427.374896049 28.600167 -13.784292 6.157808 -0.041675626 0.009133475 0.146597922 0.988275655 0.293317412 keyframe_000871.pcd
872 1778824427.573418140 28.804708 -13.740989 6.170276 -0.044207355 0.023639970 0.138872026 0.989040657 0.276599935 keyframe_000872.pcd
873 1778824427.772411108 28.999573 -13.666535 6.180411 -0.047157744 0.013320357 0.136384500 0.989443269 0.272188500 keyframe_000873.pcd
874 1778824427.975041866 29.184222 -13.604658 6.236978 -0.037106408 0.007997402 0.140885749 0.989297914 0.281980571 keyframe_000874.pcd
875 1778824428.175086260 29.364066 -13.543776 6.291406 -0.048865162 0.004080685 0.136421630 0.989436548 0.273002630 keyframe_000875.pcd
876 1778824428.373684406 29.541127 -13.487243 6.334277 -0.031787807 0.007747530 0.146394799 0.988685023 0.293257110 keyframe_000876.pcd
877 1778824428.473064899 29.635792 -13.454635 6.344099 -0.049753517 0.009253187 0.141396620 0.988658668 0.282556112 keyframe_000877.pcd
878 1778824428.572824478 29.728181 -13.425588 6.377973 -0.047460365 0.012537375 0.140271806 0.988895418 0.280086798 keyframe_000878.pcd
879 1778824428.774322510 29.920898 -13.358676 6.420048 -0.053085230 0.013468353 0.146830353 0.987644374 0.293035485 keyframe_000879.pcd
880 1778824428.975188017 30.111097 -13.310140 6.469645 -0.047562256 0.008963414 0.151109677 0.987331431 0.302273281 keyframe_000880.pcd
881 1778824429.174647093 30.297786 -13.241027 6.510517 -0.049615884 0.013819760 0.148308903 0.987598981 0.296135128 keyframe_000881.pcd
882 1778824429.375118256 30.455343 -13.176792 6.532735 -0.040220685 0.010536801 0.153952324 0.987203097 0.308136987 keyframe_000882.pcd
883 1778824429.475056887 30.561200 -13.146240 6.542544 -0.051516108 0.018857481 0.154580036 0.986456030 0.308320232 keyframe_000883.pcd
884 1778824429.674797297 30.736221 -13.091436 6.603179 -0.054164121 0.002226069 0.154954242 0.986433209 0.310496461 keyframe_000884.pcd
885 1778824429.875112534 30.909767 -13.028608 6.641284 -0.044015478 0.006213376 0.160650894 0.986009798 0.321900452 keyframe_000885.pcd
886 1778824430.075178862 31.070114 -12.965671 6.679780 -0.057010504 0.014292863 0.154457504 0.986249662 0.308212681 keyframe_000886.pcd
887 1778824430.275004625 31.245177 -12.887740 6.709867 -0.052298413 0.012461222 0.165622824 0.984722638 0.331188076 keyframe_000887.pcd
888 1778824430.474847555 31.418723 -12.822004 6.738745 -0.055385206 0.024006754 0.163243684 0.984737353 0.325231721 keyframe_000888.pcd
889 1778824430.675159454 31.593663 -12.758115 6.790264 -0.053956364 0.005957908 0.166438380 0.984556489 0.333378447 keyframe_000889.pcd
890 1778824430.875133753 31.762591 -12.687206 6.833743 -0.047541428 0.011924548 0.171030826 0.984045768 0.342386038 keyframe_000890.pcd
891 1778824431.075178862 31.940276 -12.619688 6.868411 -0.056459943 0.011695316 0.167580172 0.984170910 0.335057844 keyframe_000891.pcd
892 1778824431.175077438 32.046867 -12.590942 6.870225 -0.053195443 0.012712040 0.173320936 0.983345566 0.346743686 keyframe_000892.pcd
893 1778824431.275225163 32.126516 -12.553690 6.922283 -0.053223352 0.010855847 0.177287065 0.982659006 0.354957943 keyframe_000893.pcd
894 1778824431.474894762 32.289280 -12.513967 6.994855 -0.054999320 0.018577195 0.175040331 0.982848333 0.349646703 keyframe_000894.pcd
895 1778824431.675149202 32.437037 -12.478210 7.036810 -0.047939468 0.005711104 0.126052956 0.990848042 0.251977359 keyframe_000895.pcd
896 1778824431.875221729 32.601640 -12.440330 7.039962 -0.020503813 0.010723792 0.103986209 0.994309540 0.207911469 keyframe_000896.pcd
897 1778824432.075557232 32.778496 -12.410737 7.054466 -0.026011154 0.020198541 0.080202541 0.996234406 0.159583606 keyframe_000897.pcd
898 1778824432.275141716 32.944554 -12.370541 7.072389 -0.035945926 0.014028106 0.074061971 0.996506863 0.147210402 keyframe_000898.pcd
899 1778824432.375085354 33.037697 -12.351740 7.106816 -0.018929491 0.011086397 0.080736881 0.996494015 0.161236413 keyframe_000899.pcd
900 1778824432.475098848 33.139304 -12.335937 7.127819 -0.021891022 0.008779744 0.075939435 0.996833437 0.151626640 keyframe_000900.pcd
901 1778824432.675059557 33.309545 -12.310539 7.175092 -0.029733316 0.009786416 0.072403168 0.996884114 0.144314376 keyframe_000901.pcd
902 1778824432.775103569 33.409900 -12.305882 7.183232 -0.038041030 0.011210862 0.071150579 0.996676874 0.141501413 keyframe_000902.pcd
903 1778824432.975015163 33.589336 -12.284808 7.236881 -0.024681806 0.007468703 0.077003447 0.996697294 0.153761494 keyframe_000903.pcd
904 1778824433.175135374 33.758918 -12.225621 7.252945 -0.035932132 0.007950396 0.071720741 0.996745609 0.142920800 keyframe_000904.pcd
905 1778824433.275188684 33.861355 -12.196846 7.261203 -0.033608552 0.017939031 0.075407114 0.996424821 0.149752666 keyframe_000905.pcd
906 1778824433.475090742 34.063474 -12.172855 7.314234 -0.027594530 0.012488044 0.079150398 0.996402431 0.157762955 keyframe_000906.pcd
907 1778824433.575569153 34.163047 -12.166281 7.350726 -0.031174931 0.020865450 0.073793084 0.996567779 0.146457431 keyframe_000907.pcd
908 1778824433.674743652 34.263818 -12.142616 7.376733 -0.031163802 0.010863486 0.076970067 0.996487035 0.153376333 keyframe_000908.pcd
909 1778824433.775049925 34.377395 -12.124388 7.398169 -0.031551492 0.022324602 0.082082965 0.995875746 0.163001067 keyframe_000909.pcd
910 1778824433.975122213 34.574660 -12.096594 7.432893 -0.029013948 0.020923266 0.084452367 0.995785221 0.167948506 keyframe_000910.pcd
911 1778824434.175127983 34.752497 -12.063119 7.460514 -0.032989070 0.011389992 0.082690516 0.995963989 0.164771606 keyframe_000911.pcd
912 1778824434.375083208 34.936522 -12.024817 7.505511 -0.026082045 0.012666800 0.087886603 0.995708403 0.175332578 keyframe_000912.pcd
913 1778824434.475005150 35.042644 -12.003222 7.512606 -0.034121468 0.021889313 0.087308768 0.995356098 0.173392149 keyframe_000913.pcd
914 1778824434.675022602 35.210463 -11.968727 7.584117 -0.035364272 0.010859452 0.088892657 0.995353975 0.177185547 keyframe_000914.pcd
915 1778824434.875068188 35.380213 -11.975136 7.652716 -0.022569199 0.013825222 0.072511745 0.997016320 0.144537992 keyframe_000915.pcd
916 1778824434.974833250 35.466860 -11.991449 7.676249 -0.017268883 0.018036880 0.033110156 0.999139717 0.065632864 keyframe_000916.pcd
917 1778824435.075102806 35.549856 -11.992158 7.701756 -0.014372504 0.013704862 -0.001849619 0.999801074 -0.004093992 keyframe_000917.pcd
918 1778824435.274748802 35.729608 -12.002469 7.699562 0.010630528 0.019911562 -0.030917207 0.999267055 -0.061454695 keyframe_000918.pcd
919 1778824435.475085974 35.916196 -12.018776 7.740390 0.010700177 0.037440957 -0.059872713 0.997446209 -0.119264774 keyframe_000919.pcd
920 1778824435.674756765 36.121911 -12.031540 7.793947 0.004772067 0.015139287 -0.070599898 0.997378406 -0.141221167 keyframe_000920.pcd
921 1778824435.775089264 36.230368 -12.050681 7.806990 0.011708354 0.022561240 -0.064273412 0.997608557 -0.128200396 keyframe_000921.pcd
922 1778824435.874989986 36.329884 -12.067321 7.822744 0.012280112 0.018272352 -0.070459634 0.997271658 -0.140651499 keyframe_000922.pcd
923 1778824435.974459887 36.447417 -12.086556 7.834388 0.009645198 0.039871225 -0.074699701 0.996361988 -0.149125771 keyframe_000923.pcd
924 1778824436.074971437 36.553936 -12.098350 7.866499 0.004440525 0.023452471 -0.076494249 0.996784276 -0.153056750 keyframe_000924.pcd
925 1778824436.173014879 36.680102 -12.119172 7.880120 0.005540336 0.026257637 -0.073944338 0.996901237 -0.147886360 keyframe_000925.pcd
926 1778824436.275174379 36.762013 -12.145822 7.935422 0.014250174 0.011210622 -0.070155110 0.997371302 -0.140121406 keyframe_000926.pcd
927 1778824436.374880791 36.870294 -12.165554 7.965303 0.008021789 0.011881727 -0.072467834 0.997267712 -0.144900191 keyframe_000927.pcd
928 1778824436.474584818 36.969196 -12.178345 8.003888 0.002695415 0.026972119 -0.076989288 0.996663378 -0.154154751 keyframe_000928.pcd
929 1778824436.675030470 37.177202 -12.186310 8.034970 0.005416648 0.027098088 -0.067405232 0.997342914 -0.134768048 keyframe_000929.pcd
930 1778824436.774899006 37.275794 -12.193037 8.056895 0.013312072 0.018185700 -0.065872580 0.997573492 -0.131414047 keyframe_000930.pcd
931 1778824436.874589205 37.395322 -12.206785 8.068350 0.002168188 0.024970996 -0.069371094 0.997275990 -0.138875831 keyframe_000931.pcd
932 1778824436.973342896 37.504700 -12.223768 8.100227 0.002633401 0.025875375 -0.071188655 0.997123716 -0.142505324 keyframe_000932.pcd
933 1778824437.072757959 37.621684 -12.242255 8.110607 0.012196823 0.024600169 -0.065002596 0.997507259 -0.129609589 keyframe_000933.pcd
934 1778824437.172462225 37.727494 -12.264350 8.146071 0.017528670 0.013739777 -0.061186274 0.997877850 -0.121986690 keyframe_000934.pcd
935 1778824437.370744705 37.920948 -12.296608 8.177391 0.005087623 0.031173802 -0.066877494 0.997261105 -0.133733385 keyframe_000935.pcd
936 1778824437.575211525 38.134410 -12.306604 8.212158 -0.005703285 0.021728731 -0.052323538 0.998377475 -0.105014050 keyframe_000936.pcd
937 1778824437.774438381 38.327437 -12.320970 8.270986 -0.001952589 0.009046916 -0.041180360 0.999108862 -0.082429185 keyframe_000937.pcd
938 1778824437.972626448 38.497876 -12.343600 8.315902 -0.005612398 0.012080767 -0.038973114 0.999151466 -0.078117043 keyframe_000938.pcd
939 1778824438.072400570 38.605128 -12.342422 8.326331 -0.009618554 0.020003615 -0.035733275 0.999114844 -0.071905509 keyframe_000939.pcd
940 1778824438.270683765 38.788903 -12.352614 8.369287 -0.012344165 0.018582185 -0.035605727 0.999116888 -0.071715889 keyframe_000940.pcd
941 1778824438.370472908 38.901191 -12.359320 8.409878 -0.015079257 0.023005438 -0.037933701 0.998901597 -0.076629772 keyframe_000941.pcd
942 1778824438.475013018 39.002019 -12.367153 8.439164 -0.012531217 0.012040650 -0.031779606 0.999343809 -0.063879995 keyframe_000942.pcd
943 1778824438.574497461 39.106144 -12.383784 8.464350 -0.006252041 0.016374915 -0.024309566 0.999550809 -0.048847153 keyframe_000943.pcd
944 1778824438.674184799 39.204663 -12.394452 8.489833 0.002419035 0.004701480 -0.024839281 0.999677475 -0.049662454 keyframe_000944.pcd
945 1778824438.773098946 39.331702 -12.398640 8.494298 -0.004970222 0.033145648 -0.028868277 0.999021164 -0.058168846 keyframe_000945.pcd
946 1778824438.872661829 39.437966 -12.394695 8.528256 -0.011243416 0.016388638 -0.031183446 0.999316062 -0.062766200 keyframe_000946.pcd
947 1778824438.972403765 39.576785 -12.397352 8.533589 -0.002653089 0.024861353 -0.024541951 0.999386095 -0.049266135 keyframe_000947.pcd
948 1778824439.071257353 39.692134 -12.398397 8.572828 0.000218715 0.016935179 -0.020717086 0.999641913 -0.041447564 keyframe_000948.pcd
949 1778824439.172301531 39.829313 -12.393846 8.586842 -0.016944621 0.029920477 -0.026551027 0.999055898 -0.054186394 keyframe_000949.pcd
950 1778824439.272864580 39.952928 -12.393875 8.639433 -0.019388266 0.025598690 -0.031465877 0.998988839 -0.063984135 keyframe_000950.pcd
951 1778824439.474712849 40.199686 -12.431598 8.706346 0.012667707 0.018422535 -0.078359320 0.996674449 -0.156485397 keyframe_000951.pcd
952 1778824439.574369431 40.328222 -12.477912 8.724618 0.028358055 0.021730507 -0.113922563 0.992847045 -0.227210170 keyframe_000952.pcd
953 1778824439.674589396 40.428011 -12.525252 8.758057 0.024573088 0.010259919 -0.142833401 0.989388456 -0.286124655 keyframe_000953.pcd
954 1778824439.775168896 40.545969 -12.575028 8.769089 0.045911309 0.010111517 -0.152460472 0.987190819 -0.304965133 keyframe_000954.pcd
955 1778824439.875096560 40.650908 -12.630722 8.803264 0.051852187 0.017689957 -0.161975470 0.985272736 -0.323376392 keyframe_000955.pcd
956 1778824439.975425005 40.772898 -12.679943 8.827656 0.043672265 0.016461188 -0.174819144 0.983493787 -0.349915761 keyframe_000956.pcd
957 1778824440.075051546 40.888040 -12.736200 8.849007 0.037238582 0.030213381 -0.188746246 0.980854370 -0.377941840 keyframe_000957.pcd
958 1778824440.175081730 41.012452 -12.789567 8.864970 0.034031623 0.019360276 -0.192351675 0.980544676 -0.385898869 keyframe_000958.pcd
959 1778824440.275477886 41.115194 -12.830731 8.901808 0.040460833 0.019822593 -0.189720089 0.980803891 -0.380191759 keyframe_000959.pcd
960 1778824440.374886274 41.230909 -12.873712 8.916464 0.033888736 0.017884527 -0.195176532 0.980019295 -0.391728601 keyframe_000960.pcd
961 1778824440.474609137 41.350447 -12.917712 8.937785 0.040881205 0.029158297 -0.199258734 0.978659531 -0.399194452 keyframe_000961.pcd
962 1778824440.575346470 41.462412 -12.963843 8.960449 0.038522348 0.015328397 -0.200144440 0.978888795 -0.401784204 keyframe_000962.pcd
963 1778824440.674863338 41.577838 -13.018955 8.994700 0.048985669 0.017616650 -0.192931396 0.979830360 -0.386438981 keyframe_000963.pcd
964 1778824440.775085926 41.689883 -13.068921 9.017308 0.039991824 0.008561272 -0.198048464 0.979338636 -0.397846908 keyframe_000964.pcd
965 1778824440.875347137 41.793129 -13.126893 9.031515 0.038982272 0.032909584 -0.202870170 0.977875777 -0.406580726 keyframe_000965.pcd
966 1778824440.975145817 41.897757 -13.174923 9.068682 0.032159070 0.014189197 -0.193009354 0.980567106 -0.387538638 keyframe_000966.pcd
967 1778824441.075006247 42.033898 -13.220928 9.097993 0.026299129 0.025009543 -0.163143752 0.985934579 -0.326701755 keyframe_000967.pcd
968 1778824441.175475597 42.151154 -13.239654 9.135400 0.011648891 0.004342526 -0.125611538 0.992001607 -0.251780916 keyframe_000968.pcd
969 1778824441.275342941 42.289012 -13.242060 9.142700 -0.014203172 0.040809030 -0.083151579 0.995599672 -0.168041711 keyframe_000969.pcd
970 1778824441.375083685 42.416575 -13.224494 9.169444 -0.032062980 0.031891892 -0.022206202 0.998730072 -0.046508116 keyframe_000970.pcd
971 1778824441.475453854 42.532303 -13.199861 9.196251 -0.032837040 0.018528109 0.045433685 0.998255588 0.089683811 keyframe_000971.pcd
972 1778824441.575376749 42.626107 -13.169473 9.225167 -0.051913736 -0.003877313 0.088784219 0.994689546 0.177966177 keyframe_000972.pcd
973 1778824441.675086021 42.732897 -13.128445 9.224775 -0.070326746 0.026984134 0.115063426 0.990498063 0.226625184 keyframe_000973.pcd
974 1778824441.775430202 42.847780 -13.078881 9.240539 -0.065236164 0.020987223 0.144323004 0.987154826 0.286622271 keyframe_000974.pcd
975 1778824441.875110149 42.968827 -13.020056 9.257222 -0.063538748 0.014968927 0.164962431 0.984137264 0.329109355 keyframe_000975.pcd
976 1778824441.975494862 43.069098 -12.955968 9.280885 -0.065858438 -0.000767809 0.175740988 0.982230717 0.352684604 keyframe_000976.pcd
977 1778824442.075429916 43.181142 -12.907612 9.294739 -0.073671012 0.023851365 0.178837924 0.980826535 0.355688979 keyframe_000977.pcd
978 1778824442.175342798 43.280793 -12.859035 9.329490 -0.070429482 0.002775743 0.187337146 0.979763633 0.375660585 keyframe_000978.pcd
979 1778824442.275045872 43.405564 -12.803636 9.348387 -0.066710485 0.020743011 0.199870844 0.977328545 0.399318540 keyframe_000979.pcd
980 1778824442.375288010 43.508640 -12.767972 9.394590 -0.063021935 0.015457552 0.198811962 0.977887061 0.397891778 keyframe_000980.pcd
981 1778824442.475039005 43.623767 -12.724977 9.411543 -0.052652106 0.024372324 0.178984631 0.982139627 0.357345604 keyframe_000981.pcd
982 1778824442.575327396 43.729551 -12.706219 9.457846 -0.056142956 0.001717912 0.137619112 0.988891297 0.275508321 keyframe_000982.pcd
983 1778824442.675443649 43.851645 -12.702686 9.471169 -0.022633017 0.021550849 0.102207046 0.994272109 0.203906156 keyframe_000983.pcd
984 1778824442.775074005 43.980652 -12.694621 9.510999 -0.008243411 0.021858410 0.064998502 0.997611874 0.129819821 keyframe_000984.pcd
985 1778824442.875300169 44.097696 -12.698184 9.538449 -0.004774968 0.025019373 0.032550827 0.999145472 0.064934876 keyframe_000985.pcd
986 1778824442.975301027 44.201130 -12.707909 9.573195 -0.009561993 0.017905182 0.005748098 0.999777441 0.011158648 keyframe_000986.pcd
987 1778824443.075278044 44.318022 -12.711497 9.590024 -0.007490706 0.006168113 -0.007822261 0.999922325 -0.015737537 keyframe_000987.pcd
988 1778824443.174895048 44.428917 -12.714416 9.618318 0.004853109 0.018400600 -0.008685082 0.999781193 -0.017200310 keyframe_000988.pcd
989 1778824443.275360823 44.543923 -12.716403 9.634048 -0.000378179 0.010984285 -0.022741657 0.999680959 -0.045503766 keyframe_000989.pcd
990 1778824443.375095129 44.665219 -12.723978 9.660452 -0.004963391 0.033722080 -0.034105624 0.998836820 -0.068674945 keyframe_000990.pcd
991 1778824443.475393057 44.767740 -12.724343 9.694629 -0.006207030 0.010807988 -0.036279779 0.999263948 -0.072720651 keyframe_000991.pcd
992 1778824443.675347567 44.983998 -12.728658 9.734078 -0.004120035 0.015749049 -0.035484331 0.999237637 -0.071138883 keyframe_000992.pcd
993 1778824443.775280952 45.083372 -12.742530 9.744256 -0.012204827 0.018174120 -0.038513849 0.999018232 -0.077521786 keyframe_000993.pcd
994 1778824443.975338459 45.240624 -12.777497 9.782333 -0.004596676 0.022752331 -0.035231815 0.999109564 -0.070741092 keyframe_000994.pcd
995 1778824444.175266743 45.387513 -12.787057 9.815559 -0.004134869 0.011990914 -0.035142415 0.999301822 -0.070412809 keyframe_000995.pcd
996 1778824444.375160217 45.539460 -12.783479 9.834510 -0.012552955 0.013924881 -0.037130791 0.999134538 -0.074643176 keyframe_000996.pcd
997 1778824444.575354099 45.692509 -12.783739 9.852815 -0.016930689 0.020757323 -0.034391900 0.999049389 -0.069533774 keyframe_000997.pcd
998 1778824444.775136948 45.821915 -12.786324 9.889624 0.000987091 0.011131615 -0.028529344 0.999530484 -0.057055065 keyframe_000998.pcd
999 1778824444.975138664 45.990926 -12.795963 9.930412 -0.011033290 0.013724819 -0.030732547 0.999372506 -0.061790802 keyframe_000999.pcd
1000 1778824445.174668074 46.165340 -12.791381 9.963418 -0.006917061 0.011679884 -0.022357071 0.999657889 -0.044887413 keyframe_001000.pcd
1001 1778824445.374576807 46.325612 -12.785702 10.003379 -0.001718592 0.017418109 -0.019862587 0.999649505 -0.039805674 keyframe_001001.pcd
1002 1778824445.575370789 46.475144 -12.819144 10.086870 -0.013617045 0.012566180 -0.028376454 0.999425557 -0.057110494 keyframe_001002.pcd
1003 1778824445.776281834 46.631449 -12.848801 10.118781 0.000108050 0.007381256 -0.021867983 0.999733613 -0.043741434 keyframe_001003.pcd
1004 1778824445.975288868 46.805403 -12.848592 10.127918 -0.005655312 0.019741756 -0.030129068 0.999335039 -0.060524597 keyframe_001004.pcd
1005 1778824446.174306870 46.982357 -12.835049 10.139455 -0.006510982 0.015138834 -0.026898932 0.999502311 -0.054018654 keyframe_001005.pcd
1006 1778824446.372685671 47.153447 -12.832836 10.173645 -0.004822852 0.011019124 -0.025816181 0.999594340 -0.051753074 keyframe_001006.pcd
1007 1778824446.571823597 47.324802 -12.824710 10.224851 -0.028480019 0.019218460 0.002088408 0.999407413 0.003081950 keyframe_001007.pcd
1008 1778824446.670516253 47.411583 -12.808334 10.244094 -0.035337718 0.022162024 0.051552361 0.997798800 0.101602454 keyframe_001008.pcd
1009 1778824446.775331020 47.474380 -12.766647 10.273183 -0.051854166 0.017097167 0.119066109 0.991383929 0.236764182 keyframe_001009.pcd
1010 1778824446.874830246 47.513990 -12.718761 10.273299 -0.084691271 0.015767937 0.194433640 0.977125540 0.387711023 keyframe_001010.pcd
1011 1778824446.974309683 47.540288 -12.666781 10.284311 -0.098651365 -0.002310846 0.277223993 0.955724555 0.559812296 keyframe_001011.pcd
1012 1778824447.072891474 47.546901 -12.612681 10.286580 -0.133124305 -0.002729977 0.354917248 0.925367070 0.721125760 keyframe_001012.pcd
1013 1778824447.173190594 47.539883 -12.556946 10.292614 -0.148790224 0.000723300 0.450144290 0.880472069 0.926979189 keyframe_001013.pcd
1014 1778824447.272656202 47.526822 -12.504491 10.310479 -0.158047247 -0.000475408 0.538629144 0.827586543 1.130820439 keyframe_001014.pcd
1015 1778824447.375294447 47.504282 -12.460691 10.302903 -0.164192019 -0.008345700 0.633616403 0.755977238 1.368628138 keyframe_001015.pcd
1016 1778824447.475092411 47.463930 -12.427192 10.293080 -0.191803565 0.007813725 0.698200402 0.689685825 1.544856103 keyframe_001016.pcd
1017 1778824447.574353695 47.423667 -12.396820 10.282770 -0.211013782 0.003558476 0.756791822 0.618649060 1.725186118 keyframe_001017.pcd
1018 1778824447.774131536 47.310506 -12.327846 10.230197 -0.233995093 -0.014325273 0.874350755 0.424913920 2.185594950 keyframe_001018.pcd
1019 1778824447.872836351 47.247926 -12.320367 10.206655 -0.229443048 -0.035497123 0.920310898 0.314839154 2.433944337 keyframe_001019.pcd
1020 1778824447.968430996 47.176873 -12.313516 10.194383 -0.239083651 -0.045545226 0.942673954 0.228320953 2.616947092 keyframe_001020.pcd
1021 1778824448.072678804 47.112523 -12.330776 10.180422 -0.244037838 -0.037383976 0.963074853 0.107400181 2.884953139 keyframe_001021.pcd
1022 1778824448.172351122 47.065489 -12.332645 10.169873 -0.236822569 -0.024215843 0.970966663 0.023503244 3.077274346 keyframe_001022.pcd
1023 1778824448.271280050 47.018172 -12.349302 10.161067 -0.217643041 -0.017240588 0.975252133 -0.034893336 -3.074620367 keyframe_001023.pcd
1024 1778824448.370769262 46.972259 -12.383501 10.143654 -0.227983151 -0.025829761 0.970914777 -0.068417845 -3.005880427 keyframe_001024.pcd
1025 1778824448.470522881 46.931904 -12.401200 10.147600 -0.221869188 -0.020634320 0.969084203 -0.105943836 -2.922029355 keyframe_001025.pcd
1026 1778824448.574866056 46.886213 -12.425154 10.134434 -0.210029156 -0.026134917 0.968268941 -0.132890850 -2.867565989 keyframe_001026.pcd
1027 1778824448.674372673 46.833613 -12.449307 10.112094 -0.221093093 -0.005024393 0.962785335 -0.155360865 -2.806953541 keyframe_001027.pcd
1028 1778824448.873148441 46.717041 -12.460347 10.107783 -0.198577666 0.001817625 0.972703136 -0.120050885 -2.884844053 keyframe_001028.pcd
1029 1778824448.972651005 46.649649 -12.452928 10.097580 -0.210087519 -0.011564979 0.974936920 -0.072301369 -2.991695308 keyframe_001029.pcd
1030 1778824449.072414875 46.581560 -12.426297 10.087553 -0.224194365 -0.009983637 0.974448262 -0.009370048 -3.126265562 keyframe_001030.pcd
1031 1778824449.175102949 46.514376 -12.404233 10.067437 -0.232993908 -0.000564954 0.970439587 0.062932727 3.003921078 keyframe_001031.pcd
1032 1778824449.274882078 46.460490 -12.371793 10.046739 -0.220162994 -0.017049360 0.964564184 0.144407445 2.820917368 keyframe_001032.pcd
1033 1778824449.374986410 46.421742 -12.321893 10.040299 -0.216168362 0.012945457 0.951005430 0.220663379 2.668568892 keyframe_001033.pcd
1034 1778824449.475239277 46.387894 -12.264329 10.028732 -0.213768700 0.014449940 0.926182419 0.310290619 2.470475117 keyframe_001034.pcd
1035 1778824449.575239897 46.379955 -12.197693 10.021648 -0.214080422 0.008355867 0.892990424 0.395812903 2.272947574 keyframe_001035.pcd
1036 1778824449.674738169 46.375113 -12.134744 10.017657 -0.214823133 0.005298673 0.850828977 0.479492438 2.073984340 keyframe_001036.pcd
1037 1778824449.774519920 46.379251 -12.061553 10.001021 -0.204089190 0.001254260 0.801740582 0.561745555 1.877981585 keyframe_001037.pcd
1038 1778824449.874070883 46.387328 -12.000292 10.010962 -0.179453116 0.009207784 0.762994140 0.620928126 1.743271629 keyframe_001038.pcd
1039 1778824449.972254276 46.401100 -11.935335 10.022912 -0.159017346 0.014594426 0.723706258 0.671378983 1.620312697 keyframe_001039.pcd
1040 1778824450.075222492 46.416701 -11.857014 10.023302 -0.163049178 0.021289155 0.689979830 0.704903945 1.522222661 keyframe_001040.pcd
1041 1778824450.175303221 46.431181 -11.788923 10.029665 -0.150717566 0.010575366 0.670501899 0.726360503 1.467514488 keyframe_001041.pcd
1042 1778824450.375186920 46.453772 -11.612194 10.022869 -0.154103849 0.009156281 0.644504948 0.748853483 1.396916610 keyframe_001042.pcd
1043 1778824450.575292587 46.488739 -11.437718 10.038661 -0.153882777 0.013066674 0.627544931 0.763109895 1.352038665 keyframe_001043.pcd
1044 1778824450.774867296 46.525241 -11.260104 10.059985 -0.154936222 -0.001499191 0.618423326 0.770418788 1.329016779 keyframe_001044.pcd
1045 1778824450.874518871 46.529965 -11.156176 10.054235 -0.155309551 0.000257821 0.620481317 0.768688371 1.334175362 keyframe_001045.pcd
1046 1778824451.075179577 46.556357 -10.966834 10.045475 -0.159993760 0.003212562 0.614345682 0.772639023 1.317833023 keyframe_001046.pcd
1047 1778824451.275205135 46.588192 -10.781859 10.061909 -0.158001819 -0.000480490 0.613871643 0.773431833 1.317026449 keyframe_001047.pcd
1048 1778824451.476176023 46.617597 -10.608677 10.086615 -0.149729410 0.001032970 0.616900771 0.772666471 1.325212558 keyframe_001048.pcd
1049 1778824451.674973965 46.665839 -10.433040 10.089223 -0.157911569 0.002553701 0.613312529 0.773889629 1.315360691 keyframe_001049.pcd
1050 1778824451.875163555 46.715187 -10.228747 10.095102 -0.154298297 0.005160758 0.619209908 0.769899014 1.330630305 keyframe_001050.pcd
1051 1778824452.076145887 46.746958 -10.027962 10.101485 -0.160908386 0.005842837 0.617385077 0.770006506 1.325442900 keyframe_001051.pcd
1052 1778824452.275171995 46.783608 -9.835330 10.103785 -0.157931271 0.005571266 0.618727317 0.769547388 1.329126683 keyframe_001052.pcd
1053 1778824452.475192070 46.819714 -9.670488 10.117538 -0.149156365 0.005591975 0.611742441 0.776847665 1.311701723 keyframe_001053.pcd
1054 1778824452.575158834 46.857289 -9.570112 10.121549 -0.150940538 0.005507591 0.586270651 0.795910387 1.247126650 keyframe_001054.pcd
1055 1778824452.676138878 46.901580 -9.481872 10.139788 -0.141055359 -0.006607008 0.546409930 0.825527662 1.151648879 keyframe_001055.pcd
1056 1778824452.775057793 46.943231 -9.404379 10.139509 -0.117753688 -0.010636335 0.499503130 0.858206013 1.043431025 keyframe_001056.pcd
1057 1778824452.876211643 47.009032 -9.327760 10.143268 -0.104003572 0.016874256 0.450609499 0.886481582 0.929891449 keyframe_001057.pcd
1058 1778824452.976092339 47.092722 -9.270571 10.178196 -0.084527777 0.015167747 0.376783752 0.922311769 0.768960165 keyframe_001058.pcd
1059 1778824453.075166464 47.172606 -9.237380 10.198958 -0.064146470 0.016059406 0.317761527 0.945862008 0.644224736 keyframe_001059.pcd
1060 1778824453.175142765 47.252400 -9.198391 10.215114 -0.054214293 0.014400068 0.277282978 0.959149414 0.560057543 keyframe_001060.pcd
1061 1778824453.275077820 47.337452 -9.159776 10.227794 -0.055455446 0.012562176 0.248803582 0.966883480 0.501090167 keyframe_001061.pcd
1062 1778824453.475099802 47.507321 -9.119052 10.280367 -0.036102762 0.014003328 0.200155799 0.978998546 0.401974761 keyframe_001062.pcd
1063 1778824453.574819326 47.604864 -9.105559 10.302165 -0.032558174 0.019208387 0.151362811 0.987755184 0.302710773 keyframe_001063.pcd
1064 1778824453.675137520 47.691188 -9.089259 10.315363 -0.024811233 0.012896135 0.104751805 0.994105202 0.209251197 keyframe_001064.pcd
1065 1778824453.775133371 47.789042 -9.081012 10.321740 -0.021151273 0.017520788 0.070861800 0.997107943 0.141141975 keyframe_001065.pcd
1066 1778824453.975111961 47.964246 -9.093966 10.371862 0.007478522 0.003558204 0.031845225 0.999458500 0.063753764 keyframe_001066.pcd
1067 1778824454.075082302 48.062195 -9.102261 10.397567 0.004680525 0.023391889 0.013015819 0.999630682 0.026272612 keyframe_001067.pcd
1068 1778824454.275139570 48.267413 -9.092803 10.441509 -0.008363954 0.013049067 -0.002461834 0.999876845 -0.005143113 keyframe_001068.pcd
1069 1778824454.376100302 48.362332 -9.113218 10.481573 0.006515973 0.009288263 0.000330432 0.999935578 0.000782000 keyframe_001069.pcd
1070 1778824454.574334860 48.561605 -9.127971 10.493813 -0.006456122 0.022937165 -0.016656980 0.999577286 -0.033637436 keyframe_001070.pcd
1071 1778824454.776088476 48.758783 -9.120166 10.509731 -0.011102530 0.016397353 -0.016107025 0.999674159 -0.032590563 keyframe_001071.pcd
1072 1778824454.974619627 48.922000 -9.133784 10.600112 -0.000228321 0.005557878 -0.012629186 0.999904776 -0.025262751 keyframe_001072.pcd
1073 1778824455.175045729 49.109670 -9.128278 10.661372 -0.013124300 0.013236524 -0.018835899 0.999648816 -0.038027995 keyframe_001073.pcd
1074 1778824455.274927855 49.224666 -9.120465 10.671372 -0.008643052 0.022059879 -0.003446554 0.999713349 -0.007279591 keyframe_001074.pcd
1075 1778824455.474442720 49.390546 -9.105426 10.719489 -0.015400139 -0.003351692 0.046009035 0.998816685 0.092144035 keyframe_001075.pcd
1076 1778824455.672949791 49.557643 -9.047975 10.743352 -0.051836990 0.004860542 0.066968847 0.996395742 0.133364409 keyframe_001076.pcd
1077 1778824455.772743702 49.664098 -9.023897 10.743662 -0.033652428 0.016969490 0.087610439 0.995441591 0.174297783 keyframe_001077.pcd
1078 1778824455.976081371 49.842604 -8.981473 10.802195 -0.040510240 0.003404704 0.102415409 0.993910666 0.204758550 keyframe_001078.pcd
1079 1778824456.274142981 50.128098 -8.904530 10.869016 -0.052874103 0.018283380 0.127137105 0.990306116 0.252870825 keyframe_001079.pcd
1080 1778824456.472411394 50.298178 -8.844127 10.905255 -0.048575759 0.008671952 0.143585542 0.988406994 0.287062659 keyframe_001080.pcd
1081 1778824456.671848297 50.479805 -8.780329 10.928219 -0.055831786 0.014849582 0.149197470 0.987118238 0.297575352 keyframe_001081.pcd
1082 1778824456.776081800 50.585568 -8.747692 10.932434 -0.057236283 0.014895449 0.164375598 0.984623175 0.328226614 keyframe_001082.pcd
1083 1778824456.974932909 50.744772 -8.656220 10.966992 -0.064453260 0.012173855 0.196221587 0.978363257 0.392873686 keyframe_001083.pcd
1084 1778824457.173938513 50.905440 -8.565384 11.026571 -0.070788560 0.004185029 0.212421097 0.974601838 0.426582491 keyframe_001084.pcd
1085 1778824457.372295141 51.056424 -8.484769 11.064472 -0.065437599 0.006353956 0.227412686 0.971576563 0.457222560 keyframe_001085.pcd
1086 1778824457.471944571 51.148504 -8.428807 11.073255 -0.071710158 0.013584910 0.229952293 0.970461254 0.461348308 keyframe_001086.pcd
1087 1778824457.676054955 51.322781 -8.334571 11.099237 -0.076108706 0.004029772 0.233554161 0.969352196 0.469684322 keyframe_001087.pcd
1088 1778824457.776035786 51.411615 -8.285632 11.117834 -0.075893604 0.008257597 0.240194977 0.967718113 0.482807367 keyframe_001088.pcd
1089 1778824457.974113464 51.568889 -8.193595 11.166837 -0.075010331 0.015993005 0.239833695 0.967779661 0.481208864 keyframe_001089.pcd
1090 1778824458.172668695 51.732686 -8.106425 11.218350 -0.074301222 0.007225610 0.242543979 0.967263944 0.487842435 keyframe_001090.pcd
1091 1778824458.375989914 51.873071 -8.023122 11.256176 -0.066439857 0.003064831 0.246177810 0.966939935 0.496130939 keyframe_001091.pcd
1092 1778824458.574998140 52.027691 -7.932464 11.275560 -0.077984235 0.009039032 0.242478669 0.966975103 0.487307372 keyframe_001092.pcd
1093 1778824458.774499416 52.179800 -7.824637 11.280525 -0.079110022 0.004239759 0.250864957 0.964774793 0.505151957 keyframe_001093.pcd
1094 1778824458.973957300 52.298399 -7.741118 11.306910 -0.072875220 0.006021929 0.252459797 0.964840396 0.508491431 keyframe_001094.pcd
1095 1778824459.173754692 52.427554 -7.645854 11.352311 -0.083352486 0.003009687 0.251916902 0.964147903 0.507305530 keyframe_001095.pcd
1096 1778824459.374954462 52.571987 -7.559159 11.386225 -0.065572967 0.002605773 0.264056976 0.962271952 0.533148148 keyframe_001096.pcd
1097 1778824459.574910641 52.696602 -7.474122 11.405112 -0.082648126 0.012876784 0.273570679 0.958207994 0.550867911 keyframe_001097.pcd
1098 1778824459.775559187 52.825246 -7.348804 11.418959 -0.082900947 0.001085575 0.293269491 0.952428086 0.593390516 keyframe_001098.pcd
1099 1778824459.974330664 52.950670 -7.253885 11.453366 -0.081001948 0.001635249 0.307415381 0.948120137 0.623014065 keyframe_001099.pcd
1100 1778824460.172558784 53.080247 -7.155950 11.504557 -0.099948076 0.007754577 0.307508614 0.946249809 0.621308738 keyframe_001100.pcd
1101 1778824460.475936413 53.259019 -6.991490 11.547607 -0.079722506 0.005111344 0.324328883 0.942565102 0.658257615 keyframe_001101.pcd
1102 1778824460.675866127 53.382695 -6.898204 11.577752 -0.091450594 0.010022753 0.319220521 0.943204428 0.646189586 keyframe_001102.pcd
1103 1778824460.875967979 53.506301 -6.786619 11.582560 -0.089756600 0.009761117 0.325912555 0.941078891 0.660462526 keyframe_001103.pcd
1104 1778824461.075085640 53.634268 -6.680499 11.620886 -0.084390569 0.003373122 0.330159095 0.940139259 0.670553633 keyframe_001104.pcd
1105 1778824461.275997877 53.742420 -6.587599 11.644310 -0.096860227 0.002193868 0.328668448 0.939462790 0.666885191 keyframe_001105.pcd
1106 1778824461.476020575 53.842932 -6.464878 11.658372 -0.097949293 0.006052893 0.347140546 0.932664323 0.705463933 keyframe_001106.pcd
1107 1778824461.575932026 53.884699 -6.412886 11.672396 -0.092706696 0.000909806 0.372909673 0.923224250 0.761658659 keyframe_001107.pcd
1108 1778824461.776046991 53.975422 -6.281257 11.684129 -0.111922293 0.007831884 0.400912863 0.909219961 0.820148221 keyframe_001108.pcd
1109 1778824461.975132465 54.062840 -6.133923 11.702551 -0.118187771 -0.003566968 0.424686387 0.897585874 0.873562541 keyframe_001109.pcd
1110 1778824462.175910950 54.153380 -6.005742 11.731166 -0.110423098 -0.001387290 0.441483893 0.890447521 0.911002402 keyframe_001110.pcd
1111 1778824462.375996351 54.246782 -5.871102 11.756030 -0.123932755 -0.000005383 0.443322892 0.887753054 0.913944592 keyframe_001111.pcd
1112 1778824462.575092077 54.324058 -5.740211 11.760789 -0.119972491 0.003055579 0.455416760 0.882152390 0.940903894 keyframe_001112.pcd
1113 1778824462.775887012 54.419852 -5.606685 11.767328 -0.114670693 0.001026334 0.458315388 0.881360644 0.948090537 keyframe_001113.pcd
1114 1778824462.975913048 54.490769 -5.473686 11.793274 -0.124806786 -0.002321530 0.458279345 0.879998817 0.947752057 keyframe_001114.pcd
1115 1778824463.176556110 54.574875 -5.333377 11.802276 -0.116020312 -0.002586346 0.467725201 0.876222423 0.969733348 keyframe_001115.pcd
1116 1778824463.375898123 54.666820 -5.199511 11.816549 -0.128583141 0.004168197 0.463216072 0.876857955 0.957648311 keyframe_001116.pcd
1117 1778824463.575903416 54.719782 -5.054867 11.854175 -0.128096552 -0.006973611 0.465763086 0.875561186 0.965132946 keyframe_001117.pcd
1118 1778824463.775810242 54.805608 -4.917432 11.875795 -0.113734053 -0.000395697 0.474350202 0.872958358 0.984629695 keyframe_001118.pcd
1119 1778824463.975909948 54.902795 -4.768559 11.886204 -0.123379573 0.003397170 0.468954066 0.874555901 0.971171128 keyframe_001119.pcd
1120 1778824464.175974131 54.981946 -4.605295 11.887858 -0.133882751 -0.003310964 0.471152561 0.871825505 0.976311623 keyframe_001120.pcd
1121 1778824464.375847340 55.054284 -4.465607 11.928252 -0.116626002 0.001253843 0.478574965 0.870265940 0.993842829 keyframe_001121.pcd
1122 1778824464.575788736 55.131332 -4.328290 11.958144 -0.124436459 -0.003603566 0.476999377 0.870042629 0.990352699 keyframe_001122.pcd
1123 1778824464.775898695 55.212910 -4.205429 11.970216 -0.111525749 -0.005802896 0.449575353 0.886233793 0.929638655 keyframe_001123.pcd
1124 1778824464.875827551 55.268968 -4.151282 11.991452 -0.099466500 0.001118006 0.406120557 0.908389376 0.833295905 keyframe_001124.pcd
1125 1778824464.975942612 55.344326 -4.097905 12.021819 -0.087809245 0.000690129 0.360137657 0.928757196 0.734527487 keyframe_001125.pcd
1126 1778824465.075930834 55.423528 -4.057120 12.041034 -0.083979535 0.012002646 0.325106409 0.941864745 0.658870747 keyframe_001126.pcd
1127 1778824465.175850391 55.501078 -4.005063 12.033194 -0.076525672 0.021834895 0.299287763 0.950838521 0.604045531 keyframe_001127.pcd
1128 1778824465.375922918 55.645701 -3.931619 12.033141 -0.054585037 0.022500331 0.273206304 0.960141929 0.551042248 keyframe_001128.pcd
1129 1778824465.575925112 55.778414 -3.853909 12.060775 -0.068648507 0.013922885 0.265491060 0.961565407 0.534815422 keyframe_001129.pcd
1130 1778824465.775809288 55.893243 -3.755261 12.086465 -0.074785220 0.002335787 0.319105153 0.944761142 0.647792773 keyframe_001130.pcd
1131 1778824465.875818968 55.929446 -3.707778 12.108097 -0.078487592 -0.003126717 0.359417013 0.929865223 0.733895925 keyframe_001131.pcd
1132 1778824465.975504875 55.960930 -3.642194 12.114210 -0.094538920 -0.013399818 0.407816735 0.908057458 0.839355401 keyframe_001132.pcd
1133 1778824466.075720787 55.972376 -3.554817 12.129900 -0.128557305 -0.001693160 0.452258773 0.882571331 0.933844771 keyframe_001133.pcd
1134 1778824466.175674677 55.981808 -3.468666 12.149421 -0.142088923 -0.007054427 0.518961154 0.842876203 1.086531071 keyframe_001134.pcd
1135 1778824466.275501251 55.985077 -3.404505 12.155352 -0.162081025 -0.013157422 0.585553964 0.794155639 1.246667229 keyframe_001135.pcd
1136 1778824466.375586748 55.968968 -3.359876 12.143257 -0.183612885 -0.018289961 0.647519057 0.739371934 1.405583206 keyframe_001136.pcd
1137 1778824466.475785971 55.956256 -3.321627 12.126142 -0.177868270 -0.014936652 0.693670255 0.697826162 1.532602899 keyframe_001137.pcd
1138 1778824466.575775623 55.950417 -3.299517 12.126262 -0.181545297 -0.025532193 0.719176737 0.670204620 1.607495708 keyframe_001138.pcd
1139 1778824466.675817251 55.927395 -3.266828 12.117393 -0.188254954 -0.029073190 0.740755952 0.644201398 1.673126260 keyframe_001139.pcd
1140 1778824466.874248266 55.882368 -3.172551 12.097571 -0.186925560 -0.025906106 0.772733242 0.606028914 1.774604540 keyframe_001140.pcd
1141 1778824467.074641228 55.863987 -3.057589 12.100375 -0.162302445 -0.014666232 0.788884998 0.592539685 1.825961429 keyframe_001141.pcd
1142 1778824467.275794983 55.806779 -2.906248 12.085682 -0.184618636 -0.016703848 0.787357675 0.587966693 1.823243746 keyframe_001142.pcd
1143 1778824467.375784636 55.767574 -2.809719 12.076335 -0.180531732 -0.006248731 0.791599260 0.583729268 1.837729533 keyframe_001143.pcd
1144 1778824467.575045586 55.711589 -2.632514 12.076384 -0.181889725 -0.012265294 0.775870572 0.603978929 1.784388432 keyframe_001144.pcd
1145 1778824467.774043798 55.657454 -2.463640 12.071657 -0.181325077 -0.015762070 0.767346539 0.614859384 1.756284399 keyframe_001145.pcd
1146 1778824467.875826120 55.631579 -2.367652 12.060123 -0.182053493 -0.005666549 0.766710461 0.615613097 1.754477648 keyframe_001146.pcd
1147 1778824468.073944092 55.590905 -2.201020 12.082459 -0.171395785 -0.006370162 0.766091776 0.619424166 1.751584735 keyframe_001147.pcd
1148 1778824468.275747538 55.559443 -2.044793 12.080559 -0.180350387 -0.011465580 0.764252409 0.619080394 1.746191116 keyframe_001148.pcd
1149 1778824468.475596189 55.502752 -1.888668 12.055662 -0.186310884 -0.016021768 0.766191778 0.614802177 1.752930199 keyframe_001149.pcd
1150 1778824468.775775671 55.448868 -1.741382 12.042624 -0.182368860 -0.021764660 0.764913268 0.617394195 1.748576038 keyframe_001150.pcd
1151 1778824471.174693346 55.432544 -1.684324 12.041963 -0.179840299 -0.017808636 0.791515221 0.583818444 1.836873197 keyframe_001151.pcd
1152 1778824471.275880814 55.417908 -1.679519 12.038906 -0.183681448 -0.018530127 0.815482829 0.548548553 1.922409108 keyframe_001152.pcd
1153 1778824471.375790358 55.400119 -1.693430 12.041511 -0.189754098 -0.020721447 0.840667637 0.506795746 2.019754971 keyframe_001153.pcd
1154 1778824471.475693464 55.387379 -1.707918 12.038390 -0.191860460 -0.020221145 0.861097299 0.470416954 2.104944054 keyframe_001154.pcd
1155 1778824471.575717688 55.375410 -1.724584 12.036449 -0.190728128 -0.014457072 0.874070476 0.446558593 2.162583336 keyframe_001155.pcd
1156 1778824471.775825739 55.361276 -1.737419 12.020593 -0.209531158 -0.013539449 0.892250290 0.399753421 2.260086961 keyframe_001156.pcd
1157 1778824472.175796986 55.364044 -1.724181 12.025842 -0.205353136 -0.013188842 0.870255076 0.447562561 2.151793784 keyframe_001157.pcd
1158 1778824472.275721073 55.369626 -1.707042 12.031309 -0.205733121 -0.017540669 0.840998051 0.500088479 2.025910270 keyframe_001158.pcd
1159 1778824472.375849724 55.379802 -1.688240 12.035378 -0.203434681 -0.018416895 0.801569203 0.561927008 1.875534074 keyframe_001159.pcd
1160 1778824472.475749731 55.403031 -1.673598 12.044504 -0.193845438 -0.017707755 0.752667719 0.628968748 1.710026113 keyframe_001160.pcd
1161 1778824472.575733423 55.437121 -1.667296 12.056362 -0.175162252 -0.018746862 0.692200738 0.699874902 1.528776561 keyframe_001161.pcd
1162 1778824472.675695419 55.466775 -1.663375 12.058910 -0.159858721 -0.016354551 0.620143904 0.767853669 1.334770606 keyframe_001162.pcd
1163 1778824472.875718355 55.520857 -1.689303 12.068272 -0.093041907 0.010650765 0.504716518 0.858190539 1.054789092 keyframe_001163.pcd
1164 1778824472.975595951 55.526108 -1.695561 12.068560 -0.079714694 0.008318541 0.470447437 0.878780734 0.977048303 keyframe_001164.pcd
1165 1778824473.075827837 55.547435 -1.686737 12.065216 -0.087495869 0.009806920 0.436642300 0.895316592 0.900467619 keyframe_001165.pcd
1166 1778824473.275620937 55.572239 -1.684759 12.067268 -0.078820008 0.006497370 0.403452686 0.911576174 0.828075112 keyframe_001166.pcd
1167 1778824473.575761318 55.630233 -1.625913 12.081057 -0.085252585 -0.002786555 0.375741939 0.922790457 0.768621686 keyframe_001167.pcd
1168 1778824473.775676727 55.714710 -1.541465 12.097673 -0.079890776 -0.003962170 0.374653497 0.923708029 0.766658202 keyframe_001168.pcd
1169 1778824473.975677252 55.810094 -1.480733 12.124406 -0.066968215 -0.006313009 0.377401346 0.923603610 0.773316504 keyframe_001169.pcd
1170 1778824474.175671577 55.893787 -1.391473 12.145817 -0.087175022 0.008946092 0.404443554 0.910354818 0.829507037 keyframe_001170.pcd
1171 1778824474.275757313 55.924609 -1.321603 12.175409 -0.100246918 -0.003245549 0.429100237 0.897670880 0.884383292 keyframe_001171.pcd
1172 1778824474.475784302 55.991423 -1.179614 12.210379 -0.097413168 -0.002206832 0.469579579 0.877496908 0.975036152 keyframe_001172.pcd
1173 1778824474.674376011 56.051286 -1.048846 12.209383 -0.118024232 0.003963399 0.480127824 0.869213348 0.996956784 keyframe_001173.pcd
1174 1778824474.875591516 56.127639 -0.919293 12.230256 -0.117224004 0.003036916 0.492159688 0.862570665 1.024728039 keyframe_001174.pcd
1175 1778824475.075618744 56.201832 -0.798753 12.231930 -0.109379036 0.003208095 0.502896930 0.857391750 1.050082941 keyframe_001175.pcd
1176 1778824475.275652170 56.247773 -0.661932 12.218456 -0.131550753 0.001248212 0.521919518 0.842788739 1.093154016 keyframe_001176.pcd
1177 1778824475.475429773 56.291462 -0.534944 12.237352 -0.131456157 -0.005741992 0.557637491 0.819589371 1.179244057 keyframe_001177.pcd
1178 1778824475.673884153 56.325875 -0.417551 12.251144 -0.129202076 -0.006073880 0.577039218 0.806409122 1.226784464 keyframe_001178.pcd
1179 1778824475.875612020 56.369339 -0.266910 12.262351 -0.142655660 -0.004887670 0.580628278 0.801558654 1.234675496 keyframe_001179.pcd
1180 1778824476.075705290 56.413811 -0.123952 12.266452 -0.141751371 -0.005174480 0.590054311 0.794805438 1.258196680 keyframe_001180.pcd
1181 1778824476.275586367 56.448870 -0.013898 12.287953 -0.130595013 -0.003755639 0.598258461 0.790580579 1.279273434 keyframe_001181.pcd
1182 1778824476.474345207 56.459348 0.115159 12.282749 -0.143217055 -0.002704386 0.594113682 0.791524159 1.268016393 keyframe_001182.pcd
1183 1778824476.675735474 56.474592 0.246567 12.283279 -0.140148632 -0.011275353 0.598746441 0.788501064 1.280758163 keyframe_001183.pcd
1184 1778824476.874219418 56.499459 0.368663 12.298918 -0.127305954 -0.003930699 0.605751824 0.785393195 1.298375301 keyframe_001184.pcd
1185 1778824477.075508118 56.549969 0.500273 12.297929 -0.138748755 0.003953843 0.600964037 0.787131105 1.285019038 keyframe_001185.pcd
1186 1778824477.274508476 56.565415 0.637619 12.322753 -0.136277887 -0.011867237 0.605645248 0.783888602 1.298434352 keyframe_001186.pcd
1187 1778824477.470250845 56.588530 0.783304 12.340227 -0.126576751 -0.003825660 0.610829773 0.781569369 1.311298053 keyframe_001187.pcd
1188 1778824477.674529791 56.647455 0.966494 12.350920 -0.136292848 0.005686994 0.602152062 0.786641476 1.288073229 keyframe_001188.pcd
1189 1778824477.774004221 56.670467 1.064277 12.379029 -0.134738622 -0.012780016 0.602359426 0.786667208 1.290320233 keyframe_001189.pcd
1190 1778824477.873548031 56.698698 1.178642 12.385192 -0.130520498 0.006073880 0.607257622 0.783687239 1.301360478 keyframe_001190.pcd
1191 1778824477.972542048 56.720569 1.290096 12.403391 -0.127292791 0.002036463 0.610682603 0.781574793 1.310481056 keyframe_001191.pcd
1192 1778824478.074142218 56.740914 1.405112 12.416790 -0.140272705 -0.004240215 0.607387227 0.781911981 1.301852882 keyframe_001192.pcd
1193 1778824478.174455404 56.776015 1.517650 12.422212 -0.147265798 0.009233987 0.599602667 0.786577498 1.280687835 keyframe_001193.pcd
1194 1778824478.273876429 56.800671 1.642110 12.420955 -0.141955368 0.000307643 0.602850895 0.785123797 1.289859463 keyframe_001194.pcd
1195 1778824478.373646736 56.826777 1.765067 12.424972 -0.144682122 0.011615323 0.607422902 0.781005497 1.300652167 keyframe_001195.pcd
1196 1778824478.475329399 56.855068 1.888317 12.435389 -0.150001972 -0.000014669 0.605816685 0.781335749 1.296909058 keyframe_001196.pcd
1197 1778824478.574162722 56.882428 2.013446 12.449789 -0.155846646 0.007573014 0.602068701 0.783050287 1.286426367 keyframe_001197.pcd
1198 1778824478.673761368 56.905682 2.135519 12.462789 -0.142376795 -0.004516769 0.609140713 0.780164110 1.306219900 keyframe_001198.pcd
1199 1778824478.774524450 56.936616 2.264088 12.469704 -0.143635427 0.005984484 0.616630771 0.774015208 1.324583005 keyframe_001199.pcd
1200 1778824478.875536442 56.954267 2.375864 12.479362 -0.144538684 -0.011586180 0.628334826 0.764309934 1.356148236 keyframe_001200.pcd
1201 1778824478.975500584 56.955463 2.502720 12.458889 -0.181009361 -0.001203957 0.647647694 0.740126088 1.404380804 keyframe_001201.pcd
1202 1778824479.074437141 56.954018 2.628030 12.460760 -0.175939768 -0.012461836 0.683442045 0.708376222 1.503552847 keyframe_001202.pcd
1203 1778824479.173706770 56.929334 2.743714 12.458839 -0.172050660 -0.007544198 0.709451013 0.683389286 1.577744274 keyframe_001203.pcd
1204 1778824479.275554657 56.900294 2.857909 12.449225 -0.165492753 -0.021744771 0.726871758 0.666180727 1.629796689 keyframe_001204.pcd
1205 1778824479.374446630 56.881182 2.973398 12.436166 -0.193092542 0.009353201 0.727818662 0.657957280 1.633195855 keyframe_001205.pcd
1206 1778824479.473930120 56.882034 3.078317 12.446394 -0.180674822 -0.002874052 0.741374039 0.646307112 1.673923761 keyframe_001206.pcd
1207 1778824479.575514317 56.858291 3.202971 12.450782 -0.175229235 0.003265543 0.752049543 0.635378263 1.707368374 keyframe_001207.pcd
1208 1778824479.675444841 56.839811 3.331399 12.459534 -0.169826886 -0.013432927 0.755118000 0.633068078 1.716294993 keyframe_001208.pcd
1209 1778824479.775574684 56.799323 3.473654 12.442799 -0.188904269 0.004984362 0.752951131 0.630360950 1.711224867 keyframe_001209.pcd
1210 1778824479.875500679 56.757818 3.599772 12.453550 -0.180704833 -0.012094299 0.757984039 0.626625636 1.726059379 keyframe_001210.pcd
1211 1778824479.974337816 56.742127 3.709015 12.446069 -0.191867154 -0.010808868 0.759281132 0.621741366 1.731015313 keyframe_001211.pcd
1212 1778824480.175522089 56.680402 3.894618 12.446806 -0.178700760 -0.004964876 0.766403730 0.616981938 1.753231265 keyframe_001212.pcd
1213 1778824480.375276566 56.629770 4.030618 12.438222 -0.184960250 -0.022625246 0.764983849 0.616504270 1.749027870 keyframe_001213.pcd
1214 1778824480.575570345 56.597353 4.157401 12.427854 -0.168903116 -0.012736284 0.772432328 0.612092985 1.771881006 keyframe_001214.pcd
1215 1778824480.775467634 56.592642 4.297134 12.414750 -0.164279801 -0.013298960 0.737125860 0.655347810 1.660264471 keyframe_001215.pcd
1216 1778824480.875242233 56.602812 4.367168 12.422693 -0.164079839 -0.008546033 0.714459932 0.680111592 1.592393034 keyframe_001216.pcd
1217 1778824481.073719740 56.616202 4.519221 12.416610 -0.161816985 -0.011562178 0.685059694 0.710193492 1.508306564 keyframe_001217.pcd
1218 1778824481.275493383 56.652941 4.648796 12.437690 -0.139434668 0.004897419 0.676553458 0.723055605 1.484519365 keyframe_001218.pcd
1219 1778824481.475531578 56.668083 4.790032 12.449962 -0.153065187 -0.001173199 0.662552889 0.733207571 1.445881671 keyframe_001219.pcd
1220 1778824481.675601006 56.660914 4.920594 12.447743 -0.154037907 -0.001883959 0.661150339 0.734267664 1.442070024 keyframe_001220.pcd
1221 1778824481.875353336 56.654530 5.049457 12.448400 -0.144461492 -0.005823085 0.661977736 0.735447106 1.444846259 keyframe_001221.pcd
1222 1778824482.075608253 56.666745 5.203268 12.445908 -0.152352415 -0.005110925 0.658262040 0.737193127 1.434488800 keyframe_001222.pcd
1223 1778824482.275465012 56.659909 5.378865 12.442662 -0.153758673 -0.007702812 0.661544967 0.733932690 1.443489494 keyframe_001223.pcd
1224 1778824482.475484133 56.679868 5.561690 12.451140 -0.146591615 -0.007498092 0.664495780 0.732734628 1.451712146 keyframe_001224.pcd
1225 1778824482.675580740 56.693013 5.747032 12.475766 -0.152631430 -0.006947590 0.664021585 0.731936276 1.450199296 keyframe_001225.pcd
1226 1778824482.875376940 56.713709 5.925806 12.495014 -0.139879485 -0.003296326 0.669353264 0.729649966 1.464914064 keyframe_001226.pcd
1227 1778824482.975528955 56.734476 6.029099 12.488582 -0.142744369 -0.006855085 0.668300484 0.730035284 1.462140913 keyframe_001227.pcd
1228 1778824483.075481892 56.738950 6.137557 12.496744 -0.158268521 0.001382199 0.662344554 0.732290145 1.445026881 keyframe_001228.pcd
1229 1778824483.275593281 56.745070 6.337373 12.506674 -0.161441827 -0.004300984 0.667373574 0.727001066 1.458903534 keyframe_001229.pcd
1230 1778824483.475434303 56.749708 6.526257 12.529145 -0.156948762 -0.006633950 0.669264799 0.726228411 1.464358135 keyframe_001230.pcd
1231 1778824483.575525284 56.752853 6.630541 12.524474 -0.163012358 -0.000756089 0.665254664 0.728603206 1.452880311 keyframe_001231.pcd
1232 1778824483.775444269 56.771044 6.832279 12.506265 -0.163132861 -0.008960771 0.670959921 0.723270460 1.468976536 keyframe_001232.pcd
1233 1778824483.875422001 56.772287 6.932190 12.511926 -0.149430978 -0.007066497 0.673327637 0.724051338 1.475746135 keyframe_001233.pcd
1234 1778824483.975453854 56.771708 7.039791 12.498667 -0.167790093 -0.001862257 0.669179682 0.723907155 1.463532358 keyframe_001234.pcd
1235 1778824484.175445318 56.773781 7.237822 12.506947 -0.158478249 -0.008439812 0.673135332 0.722289581 1.475060915 keyframe_001235.pcd
1236 1778824484.375410557 56.790255 7.425700 12.524342 -0.150107417 -0.004870069 0.678738415 0.718858963 1.490562536 keyframe_001236.pcd
1237 1778824484.475468636 56.795916 7.527146 12.535497 -0.169563175 0.001644080 0.674136231 0.718878271 1.477052521 keyframe_001237.pcd
1238 1778824484.675405025 56.781248 7.722501 12.548903 -0.157306867 -0.011462602 0.679481237 0.716539187 1.492838068 keyframe_001238.pcd
1239 1778824484.864345074 56.797921 7.898572 12.561249 -0.151645874 -0.008808916 0.689994537 0.707695889 1.522166617 keyframe_001239.pcd
1240 1778824484.975389004 56.793205 8.000835 12.562210 -0.178651731 -0.000810287 0.699138191 0.692306791 1.547657144 keyframe_001240.pcd
1241 1778824485.075496912 56.779727 8.104733 12.565814 -0.178021020 -0.010876899 0.709420607 0.681845006 1.577788689 keyframe_001241.pcd
1242 1778824485.173691511 56.767601 8.206237 12.548137 -0.175692655 -0.004171235 0.718556620 0.672897522 1.604528676 keyframe_001242.pcd
1243 1778824485.475378036 56.718200 8.500952 12.521755 -0.180680944 -0.006579213 0.730265378 0.658804666 1.639795951 keyframe_001243.pcd
1244 1778824485.675075054 56.675729 8.697507 12.515796 -0.179729720 -0.012091511 0.736071243 0.652495324 1.657523069 keyframe_001244.pcd
1245 1778824485.773766279 56.661771 8.800595 12.548053 -0.164256914 -0.004678596 0.744217949 0.647408234 1.681990010 keyframe_001245.pcd
1246 1778824485.875263929 56.643103 8.905430 12.550795 -0.163715925 -0.009545900 0.743570262 0.648235479 1.679936975 keyframe_001246.pcd
1247 1778824485.973222017 56.626683 9.006257 12.550169 -0.179118951 -0.006781521 0.738886776 0.649551187 1.666108341 keyframe_001247.pcd
1248 1778824486.174026012 56.593917 9.192446 12.534957 -0.178894623 -0.010935928 0.743849759 0.643866955 1.681451692 keyframe_001248.pcd
1249 1778824486.375360727 56.568322 9.359345 12.543952 -0.165701284 -0.013465216 0.748320729 0.642166535 1.694780138 keyframe_001249.pcd
1250 1778824486.475349665 56.565138 9.470998 12.551858 -0.177055244 -0.010301478 0.735059854 0.654394630 1.654312251 keyframe_001250.pcd
1251 1778824486.673739195 56.584267 9.651191 12.566214 -0.164608230 -0.005190366 0.707540222 0.687214687 1.572110477 keyframe_001251.pcd
1252 1778824486.872284889 56.591505 9.821515 12.566769 -0.137371188 -0.004734597 0.692034157 0.708657510 1.527923439 keyframe_001252.pcd
1253 1778824486.971862555 56.593714 9.925612 12.554681 -0.154798414 0.010903719 0.678192138 0.718313291 1.488716916 keyframe_001253.pcd
1254 1778824487.175419807 56.582114 10.127439 12.549918 -0.157543497 0.003530450 0.673328914 0.722354315 1.475137695 keyframe_001254.pcd
1255 1778824487.373988867 56.582774 10.325434 12.565291 -0.156919909 -0.000211487 0.669974203 0.725610546 1.466004096 keyframe_001255.pcd
1256 1778824487.474218607 56.581635 10.434032 12.577327 -0.161912058 -0.006253245 0.664664878 0.729359981 1.451597924 keyframe_001256.pcd
1257 1778824487.573648453 56.580879 10.542576 12.579997 -0.152698583 -0.018457476 0.668472109 0.727658920 1.463280710 keyframe_001257.pcd
1258 1778824487.673411131 56.587416 10.658618 12.563432 -0.159096711 -0.001802478 0.669700066 0.725387351 1.465243109 keyframe_001258.pcd
1259 1778824487.772126675 56.593862 10.758628 12.579990 -0.144691986 -0.002266560 0.672409151 0.725896016 1.473118516 keyframe_001259.pcd
1260 1778824487.871761560 56.607721 10.880455 12.561844 -0.162587211 0.005622807 0.665473885 0.728476692 1.453305912 keyframe_001260.pcd
1261 1778824487.971413612 56.609555 10.998002 12.577646 -0.164617896 0.000791725 0.664738590 0.728713201 1.451348742 keyframe_001261.pcd
1262 1778824488.075414181 56.618475 11.125027 12.580921 -0.163708167 -0.001957957 0.664663077 0.728984771 1.451291797 keyframe_001262.pcd
1263 1778824488.175157070 56.624541 11.225088 12.599344 -0.149784289 0.000655228 0.672229524 0.725032209 1.472391550 keyframe_001263.pcd
1264 1778824488.275295734 56.624387 11.335044 12.597455 -0.149994846 -0.003568854 0.671079054 0.726045256 1.469375694 keyframe_001264.pcd
1265 1778824488.374057293 56.641081 11.445440 12.612924 -0.168656706 0.005002948 0.660140532 0.731945602 1.438495304 keyframe_001265.pcd
1266 1778824488.473595381 56.649817 11.563620 12.629471 -0.155573468 -0.006881963 0.665903886 0.729603693 1.455226687 keyframe_001266.pcd
1267 1778824488.573204279 56.659728 11.694050 12.630873 -0.158401539 0.010901263 0.670587559 0.724639525 1.467504133 keyframe_001267.pcd
1268 1778824488.672169209 56.663886 11.820194 12.632249 -0.152636789 -0.007217806 0.668150439 0.728165437 1.461471728 keyframe_001268.pcd
1269 1778824488.771611691 56.676331 11.974114 12.621248 -0.169037688 0.009753449 0.661945132 0.730177905 1.443330659 keyframe_001269.pcd
1270 1778824488.875439167 56.682949 12.106957 12.631575 -0.155431298 -0.005937260 0.670108356 0.725782786 1.466675858 keyframe_001270.pcd
1271 1778824488.975437164 56.679152 12.250780 12.635660 -0.161177252 -0.000182339 0.682802755 0.712602455 1.501485783 keyframe_001271.pcd
1272 1778824489.075133801 56.670964 12.371556 12.650212 -0.149869926 -0.009739469 0.695401849 0.702752031 1.537510137 keyframe_001272.pcd
1273 1778824489.175292492 56.668147 12.514673 12.629684 -0.182993267 0.003978366 0.691417193 0.698884756 1.525383510 keyframe_001273.pcd
1274 1778824489.273892879 56.662338 12.629440 12.642151 -0.171409626 -0.010086824 0.700332549 0.692857357 1.551428397 keyframe_001274.pcd
1275 1778824489.373425722 56.655813 12.755304 12.633418 -0.171048069 -0.002605621 0.708507339 0.684655475 1.574893768 keyframe_001275.pcd
1276 1778824489.572165728 56.639781 12.997676 12.641478 -0.182190153 -0.007563115 0.709819183 0.680372159 1.578849671 keyframe_001276.pcd
1277 1778824489.675353050 56.628283 13.113583 12.663391 -0.174893477 -0.015063850 0.712858698 0.678982937 1.588043939 keyframe_001277.pcd
1278 1778824489.775246382 56.612400 13.233228 12.652411 -0.176962142 -0.007405084 0.726246643 0.664225397 1.627565768 keyframe_001278.pcd
1279 1778824489.875378370 56.579853 13.345379 12.675808 -0.168461527 -0.012239234 0.752650432 0.636386865 1.708438369 keyframe_001279.pcd
1280 1778824489.975280285 56.543706 13.472790 12.660964 -0.175830884 -0.026022996 0.770954511 0.611584373 1.767852915 keyframe_001280.pcd
1281 1778824490.075206041 56.495433 13.580314 12.648185 -0.200454234 -0.015727876 0.776626429 0.597010991 1.788773205 keyframe_001281.pcd
1282 1778824490.175140142 56.455399 13.692622 12.639501 -0.185933739 -0.026875439 0.792023146 0.580866328 1.839427161 keyframe_001282.pcd
1283 1778824490.273945093 56.403976 13.796367 12.634477 -0.192638252 -0.013653978 0.800148211 0.567861702 1.868909494 keyframe_001283.pcd
1284 1778824490.374841690 56.355992 13.901016 12.622616 -0.188782209 -0.022429834 0.805636425 0.561077651 1.887541748 keyframe_001284.pcd
1285 1778824490.475262642 56.316459 14.008881 12.608623 -0.204566482 -0.003667579 0.803688885 0.558769432 1.884496276 keyframe_001285.pcd
1286 1778824490.575246096 56.272130 14.117969 12.603724 -0.185910127 -0.015250554 0.812187208 0.552771910 1.910926221 keyframe_001286.pcd
1287 1778824490.675250769 56.220858 14.240459 12.586963 -0.190489884 -0.005978865 0.815410344 0.546611222 1.924378361 keyframe_001287.pcd
1288 1778824490.775353909 56.180559 14.339558 12.583661 -0.177620853 -0.015291391 0.818823610 0.545660061 1.933729634 keyframe_001288.pcd
1289 1778824490.875278234 56.120971 14.463977 12.561236 -0.205815395 -0.008890883 0.811272281 0.547172972 1.911929345 keyframe_001289.pcd
1290 1778824490.975249052 56.070543 14.573978 12.567884 -0.188778625 -0.019978950 0.811298096 0.552954674 1.908002405 keyframe_001290.pcd
1291 1778824491.075268030 56.033128 14.697103 12.549076 -0.184595043 -0.005379297 0.798065435 0.573574141 1.860881777 keyframe_001291.pcd
1292 1778824491.174834728 56.001177 14.809385 12.556985 -0.168634608 -0.002389476 0.786929559 0.593547410 1.820587156 keyframe_001292.pcd
1293 1778824491.275205612 55.973785 14.935430 12.541927 -0.180605461 -0.005983154 0.771957064 0.609449063 1.771541282 keyframe_001293.pcd
1294 1778824491.375380516 55.947413 15.045105 12.554121 -0.176942761 -0.002789361 0.764277123 0.620132210 1.746289021 keyframe_001294.pcd
1295 1778824491.475212812 55.925489 15.161777 12.546722 -0.167092022 -0.008875695 0.761793432 0.625837236 1.737370939 keyframe_001295.pcd
1296 1778824491.575344563 55.897649 15.286618 12.559788 -0.170025985 0.004846150 0.762161009 0.624642519 1.739431212 keyframe_001296.pcd
1297 1778824491.675361872 55.867808 15.411414 12.567246 -0.165100002 -0.007573229 0.757907746 0.631078825 1.724880665 keyframe_001297.pcd
1298 1778824491.775281191 55.804763 15.532861 12.525680 -0.191346864 0.005975510 0.746393984 0.637374844 1.690617745 keyframe_001298.pcd
1299 1778824491.875329971 55.770925 15.651479 12.503585 -0.178334178 -0.010578147 0.748258676 0.638900600 1.695170346 keyframe_001299.pcd
1300 1778824491.975347281 55.749474 15.772980 12.475694 -0.193362416 0.000595500 0.747171541 0.635881522 1.692851808 keyframe_001300.pcd
1301 1778824492.075282335 55.743002 15.885809 12.469048 -0.171975205 -0.002011167 0.750506614 0.638091142 1.702047583 keyframe_001301.pcd
1302 1778824492.175379276 55.738681 16.017890 12.447057 -0.194100530 0.000341588 0.742606090 0.640984448 1.678510587 keyframe_001302.pcd
1303 1778824492.275305748 55.739925 16.135543 12.454959 -0.200843033 -0.005688083 0.739005823 0.643039747 1.667401811 keyframe_001303.pcd
1304 1778824492.375212669 55.720187 16.237549 12.462886 -0.198888437 -0.016497859 0.739585931 0.642793794 1.669205756 keyframe_001304.pcd
1305 1778824492.573509932 55.690315 16.413824 12.484357 -0.191629473 -0.002710584 0.743301512 0.640916265 1.680447021 keyframe_001305.pcd
1306 1778824492.775161505 55.661775 16.557303 12.508655 -0.192354614 -0.016986650 0.741173872 0.642940470 1.673863426 keyframe_001306.pcd
1307 1778824492.963425636 55.634428 16.704257 12.489761 -0.178628011 -0.013221135 0.750248146 0.636431422 1.701438982 keyframe_001307.pcd
1308 1778824493.175251722 55.612087 16.872525 12.469454 -0.183337166 -0.008275896 0.746579351 0.639482811 1.690176234 keyframe_001308.pcd
1309 1778824493.375163317 55.571942 17.044250 12.461856 -0.173331145 -0.016303788 0.748528023 0.639840840 1.695844957 keyframe_001309.pcd
1310 1778824493.575179577 55.514776 17.222531 12.439260 -0.172901845 -0.010064059 0.769852777 0.614272227 1.763825943 keyframe_001310.pcd
1311 1778824493.675205231 55.478768 17.306728 12.413675 -0.184843850 -0.018832991 0.788358828 0.586488216 1.826661380 keyframe_001311.pcd
1312 1778824493.875241756 55.379786 17.473034 12.426910 -0.194487575 -0.038197355 0.806913338 0.556422870 1.893394931 keyframe_001312.pcd
1313 1778824493.975171328 55.331774 17.560930 12.423995 -0.207642791 -0.019651705 0.815601880 0.539714606 1.927573047 keyframe_001313.pcd
1314 1778824494.075271368 55.284748 17.653765 12.432241 -0.194781627 -0.012203021 0.823097657 0.533311776 1.953451076 keyframe_001314.pcd
1315 1778824494.175168514 55.239471 17.752814 12.423793 -0.207542669 -0.011276743 0.824169204 0.526824448 1.960684720 keyframe_001315.pcd
1316 1778824494.375262022 55.151850 17.933263 12.398691 -0.207337592 -0.001959105 0.829177853 0.519106322 1.981351140 keyframe_001316.pcd
1317 1778824494.575249195 55.062211 18.105543 12.386336 -0.189722618 -0.009086502 0.836131833 0.514593355 2.002857064 keyframe_001317.pcd
1318 1778824494.675293684 55.018943 18.203958 12.356554 -0.214293775 -0.002742494 0.829399284 0.515914222 1.984083631 keyframe_001318.pcd
1319 1778824494.875141621 54.911931 18.385152 12.323847 -0.206909325 -0.004551146 0.835130964 0.509631328 2.004353333 keyframe_001319.pcd
1320 1778824495.073497772 54.816874 18.555306 12.309077 -0.196983659 -0.014946648 0.839359094 0.506409268 2.016996526 keyframe_001320.pcd
1321 1778824495.175279856 54.760469 18.645114 12.298492 -0.211119092 -0.012236403 0.833394933 0.510619119 1.997601837 keyframe_001321.pcd
1322 1778824495.375298977 54.653541 18.818864 12.284351 -0.207296711 -0.010795711 0.839407052 0.502302029 2.020731994 keyframe_001322.pcd
1323 1778824495.475105762 54.603262 18.908828 12.267490 -0.193027039 -0.005227428 0.843954784 0.500453353 2.035581746 keyframe_001323.pcd
1324 1778824495.575096846 54.548788 19.007700 12.241326 -0.209919447 -0.015269061 0.839148516 0.501528114 2.019951173 keyframe_001324.pcd
1325 1778824495.675153732 54.496384 19.105040 12.228528 -0.204233611 -0.009504262 0.838890882 0.504440670 2.017885273 keyframe_001325.pcd
1326 1778824495.774005413 54.439059 19.201253 12.217345 -0.195659248 -0.011611287 0.843449664 0.500175270 2.033443585 keyframe_001326.pcd
1327 1778824495.873596430 54.383507 19.298291 12.209635 -0.202902794 -0.007565356 0.844745795 0.495154282 2.041555736 keyframe_001327.pcd
1328 1778824495.973286629 54.333074 19.385248 12.210630 -0.197351336 -0.012242437 0.844862358 0.497101770 2.039625453 keyframe_001328.pcd
1329 1778824496.072198629 54.280446 19.476512 12.201997 -0.213647241 -0.008028247 0.841109411 0.496815221 2.030114038 keyframe_001329.pcd
1330 1778824496.275139093 54.182624 19.631140 12.189483 -0.203202191 -0.011850217 0.844612129 0.495175518 2.040493333 keyframe_001330.pcd
1331 1778824496.475222349 54.091051 19.789581 12.162638 -0.192407185 -0.014532234 0.848012124 0.493602803 2.050725696 keyframe_001331.pcd
1332 1778824496.575134039 54.042634 19.878190 12.146986 -0.208690907 -0.006215464 0.843490367 0.494907542 2.038526252 keyframe_001332.pcd
1333 1778824496.773581266 53.941591 20.051721 12.118661 -0.209416149 -0.018470871 0.845406761 0.491010298 2.045019076 keyframe_001333.pcd
1334 1778824496.975150585 53.832056 20.210579 12.131336 -0.201192170 -0.013628500 0.848720098 0.488886663 2.056558216 keyframe_001334.pcd
1335 1778824497.075200081 53.782275 20.295437 12.102442 -0.214931106 -0.011011912 0.844474554 0.490454978 2.043975409 keyframe_001335.pcd
1336 1778824497.275251150 53.689230 20.452511 12.065746 -0.210822254 -0.013359358 0.849034833 0.484267857 2.061225637 keyframe_001336.pcd
1337 1778824497.475073099 53.592620 20.608423 12.059093 -0.197479658 -0.013237799 0.853327468 0.482347155 2.074612406 keyframe_001337.pcd
1338 1778824497.673511982 53.479103 20.762777 12.043651 -0.206040156 -0.019870529 0.850152658 0.484141585 2.063472737 keyframe_001338.pcd
1339 1778824497.773191214 53.420826 20.853662 12.010672 -0.214264593 -0.015609921 0.850225829 0.480586157 2.067195204 keyframe_001339.pcd
1340 1778824497.875206709 53.364841 20.939083 12.013263 -0.198291755 -0.007695905 0.855569637 0.478144067 2.085199326 keyframe_001340.pcd
1341 1778824497.974849463 53.308223 21.026993 12.001305 -0.199723301 -0.012632742 0.855413170 0.477723064 2.084304847 keyframe_001341.pcd
1342 1778824498.075075865 53.247407 21.113723 11.996896 -0.213021191 -0.011968229 0.850645339 0.480501030 2.069024061 keyframe_001342.pcd
1343 1778824498.275120497 53.149406 21.284529 11.965495 -0.206081293 -0.008869779 0.856142008 0.473785490 2.090360590 keyframe_001343.pcd
1344 1778824498.474712372 53.057758 21.426998 11.949369 -0.206265630 -0.007445701 0.856741591 0.472644579 2.093261423 keyframe_001344.pcd
1345 1778824498.672994852 52.965751 21.566390 11.928953 -0.206881446 -0.015466035 0.856515810 0.472590242 2.091284227 keyframe_001345.pcd
1346 1778824498.875133991 52.861946 21.708006 11.922219 -0.199175096 -0.010696825 0.860021456 0.469657274 2.104166987 keyframe_001346.pcd
1347 1778824499.075216532 52.745787 21.868309 11.906013 -0.209829091 -0.014620696 0.857808214 0.468959546 2.098129268 keyframe_001347.pcd
1348 1778824499.275054455 52.646850 22.024784 11.867915 -0.208263707 -0.009968405 0.861752196 0.462504067 2.115485203 keyframe_001348.pcd
1349 1778824499.473178625 52.551735 22.162429 11.827057 -0.205158197 -0.012449057 0.863539268 0.460494373 2.121676311 keyframe_001349.pcd
1350 1778824499.675034523 52.448881 22.294877 11.813871 -0.204245621 -0.019993198 0.863782078 0.460178792 2.121356854 keyframe_001350.pcd
1351 1778824499.875082731 52.339255 22.430108 11.787886 -0.194654343 -0.011537294 0.887810494 0.416856216 2.229738610 keyframe_001351.pcd
1352 1778824499.975229740 52.277905 22.475233 11.772995 -0.190252527 -0.018022325 0.908088148 0.372632644 2.330908671 keyframe_001352.pcd
1353 1778824500.075235128 52.203149 22.515967 11.757096 -0.229019080 -0.022791923 0.912760650 0.337488942 2.387695120 keyframe_001353.pcd
1354 1778824500.174980640 52.125638 22.545368 11.750756 -0.219186047 -0.042786586 0.925297392 0.306515123 2.455726120 keyframe_001354.pcd
1355 1778824500.273898840 52.046931 22.580905 11.717640 -0.219728851 -0.017185181 0.934814409 0.278470683 2.526979380 keyframe_001355.pcd
1356 1778824500.475070238 51.875782 22.649272 11.709217 -0.215642383 -0.028842669 0.951393991 0.217981504 2.657247759 keyframe_001356.pcd
1357 1778824500.575061321 51.786571 22.666780 11.679967 -0.242931275 -0.041875661 0.954801992 0.166084258 2.754036450 keyframe_001357.pcd
1358 1778824500.675083637 51.693229 22.670120 11.662318 -0.235499760 -0.045891971 0.964351880 0.111620971 2.874028608 keyframe_001358.pcd
1359 1778824500.775047064 51.595416 22.678491 11.631542 -0.231058569 -0.028095381 0.969977749 0.070468106 2.973721188 keyframe_001359.pcd
1360 1778824500.875205755 51.512319 22.672321 11.615076 -0.221190049 -0.027798238 0.973978153 0.040850680 3.039730732 keyframe_001360.pcd
1361 1778824500.975085974 51.417611 22.665183 11.578621 -0.230365641 -0.036572586 0.972213809 0.019860160 3.079564654 keyframe_001361.pcd
1362 1778824501.175217628 51.239109 22.646942 11.547082 -0.224261262 -0.030689935 0.974026930 -0.006046000 3.139383047 keyframe_001362.pcd
1363 1778824501.375204325 51.063610 22.631680 11.514966 -0.221530390 -0.021304233 0.974624933 -0.024013680 -3.100126718 keyframe_001363.pcd
1364 1778824501.575013161 50.881536 22.588681 11.481870 -0.226666343 -0.037759364 0.969275999 -0.087753276 -2.969806205 keyframe_001364.pcd
1365 1778824501.674998283 50.791902 22.546095 11.462414 -0.225161922 -0.028754982 0.964197739 -0.137105726 -2.857458627 keyframe_001365.pcd
1366 1778824501.875106573 50.630018 22.468458 11.436676 -0.210864362 -0.029846930 0.957385845 -0.195083895 -2.733553201 keyframe_001366.pcd
1367 1778824502.075137377 50.471083 22.376840 11.398972 -0.212084372 -0.038099835 0.949897521 -0.226414049 -2.667868901 keyframe_001367.pcd
1368 1778824502.175022840 50.386633 22.323859 11.364173 -0.220629931 -0.025904848 0.945266146 -0.239004780 -2.632155084 keyframe_001368.pcd
1369 1778824502.375141144 50.225194 22.220047 11.339467 -0.209130436 -0.028133080 0.944452627 -0.251956795 -2.607923750 keyframe_001369.pcd
1370 1778824502.475020647 50.134205 22.169667 11.337757 -0.217932751 -0.032954444 0.938641541 -0.265276042 -2.577398574 keyframe_001370.pcd
1371 1778824502.575049877 50.056831 22.110288 11.339719 -0.209839069 -0.038515176 0.929553006 -0.300691463 -2.502901533 keyframe_001371.pcd
1372 1778824502.675165176 49.993618 22.044388 11.328806 -0.208421626 -0.031806850 0.912608503 -0.350277704 -2.388381051 keyframe_001372.pcd
1373 1778824502.774991035 49.940601 21.976485 11.324530 -0.198775637 -0.027625359 0.901768082 -0.382804665 -2.316804477 keyframe_001373.pcd
1374 1778824502.875090122 49.891466 21.890240 11.293430 -0.195401596 -0.032490038 0.890244987 -0.410154211 -2.256587609 keyframe_001374.pcd
1375 1778824503.075057983 49.791415 21.740552 11.257042 -0.193751892 -0.034789068 0.876332808 -0.439648421 -2.188917695 keyframe_001375.pcd
1376 1778824503.275110960 49.689508 21.593863 11.223358 -0.186555647 -0.022875185 0.869371731 -0.457019157 -2.148684328 keyframe_001376.pcd
1377 1778824503.475076675 49.601190 21.428801 11.204139 -0.188107417 -0.040528342 0.866080941 -0.461385801 -2.141692509 keyframe_001377.pcd
1378 1778824503.675025702 49.513461 21.255946 11.173233 -0.189879771 -0.033621102 0.858262253 -0.475606139 -2.105077639 keyframe_001378.pcd
1379 1778824503.875042200 49.424149 21.108785 11.145750 -0.192580060 -0.029016038 0.855914238 -0.479042594 -2.094269913 keyframe_001379.pcd
1380 1778824504.075184107 49.340622 20.954660 11.134809 -0.178964810 -0.030381617 0.859030963 -0.478658917 -2.102856066 keyframe_001380.pcd
1381 1778824504.275038242 49.220392 20.827101 11.119442 -0.185695140 -0.018879975 0.854271965 -0.485160047 -2.081291184 keyframe_001381.pcd
1382 1778824504.374983311 49.160075 20.741998 11.102840 -0.184508791 -0.024899067 0.854886789 -0.484257288 -2.085352113 keyframe_001382.pcd
1383 1778824504.475144386 49.101975 20.652520 11.102265 -0.192521368 -0.032884302 0.853466073 -0.483166438 -2.085224384 keyframe_001383.pcd
1384 1778824504.675189257 49.016820 20.465053 11.071847 -0.184526912 -0.033822533 0.851924982 -0.488906618 -2.076015476 keyframe_001384.pcd
1385 1778824504.875018835 48.944953 20.298806 11.057463 -0.183032436 -0.024630570 0.851260102 -0.491170745 -2.069485468 keyframe_001385.pcd
1386 1778824505.075101614 48.871247 20.135906 11.048399 -0.181136387 -0.027428790 0.851472711 -0.491356787 -2.070632374 keyframe_001386.pcd
1387 1778824505.275162220 48.784800 19.976975 11.018911 -0.185786555 -0.007076914 0.847748118 -0.496745812 -2.051122829 keyframe_001387.pcd
1388 1778824505.474995613 48.676274 19.811487 11.000743 -0.199140832 -0.026782812 0.846528183 -0.492966171 -2.056219811 keyframe_001388.pcd
1389 1778824505.678157806 48.570678 19.626794 10.983240 -0.188830152 -0.029944714 0.845202796 -0.499077871 -2.048151902 keyframe_001389.pcd
1390 1778824505.975039959 48.494290 19.374211 10.953487 -0.178730565 -0.037727610 0.786550353 -0.589890290 -1.827628551 keyframe_001390.pcd
1391 1778824506.075137377 48.500796 19.291022 10.931044 -0.159021603 -0.039332480 0.749137510 -0.641839603 -1.702266699 keyframe_001391.pcd
1392 1778824506.175173044 48.514854 19.201234 10.920017 -0.145865995 -0.026603844 0.699610137 -0.698971389 -1.550520099 keyframe_001392.pcd
1393 1778824506.275066137 48.543827 19.119345 10.929312 -0.115139772 -0.022272278 0.645093172 -0.755050712 -1.400418089 keyframe_001393.pcd
1394 1778824506.374956846 48.591400 19.031915 10.926280 -0.114972348 -0.047843247 0.588431814 -0.798899482 -1.255659587 keyframe_001394.pcd
1395 1778824506.475075722 48.636660 18.947406 10.961249 -0.094567331 -0.042947078 0.545205546 -0.831843424 -1.150447534 keyframe_001395.pcd
1396 1778824506.574721813 48.675040 18.843763 10.986818 -0.093574447 -0.037271804 0.509457365 -0.854580499 -1.065241842 keyframe_001396.pcd
1397 1778824506.673383713 48.711815 18.765839 11.021284 -0.089087426 -0.016288384 0.484433114 -0.870127966 -1.007899958 keyframe_001397.pcd
1398 1778824506.873798132 48.821456 18.606901 11.054029 -0.083756773 -0.034022355 0.456219286 -0.885263376 -0.943547647 keyframe_001398.pcd
1399 1778824507.074998379 48.963861 18.475884 11.060391 -0.081667063 -0.027325381 0.420611383 -0.903144440 -0.864239243 keyframe_001399.pcd
1400 1778824507.174642086 49.024512 18.417409 11.101520 -0.068713123 -0.009516559 0.384819813 -0.920381254 -0.787813813 keyframe_001400.pcd
1401 1778824507.273134232 49.092530 18.372748 11.111399 -0.052256746 -0.002527586 0.337390518 -0.939909827 -0.687332061 keyframe_001401.pcd
1402 1778824507.372769356 49.164900 18.322541 11.144058 -0.042382958 -0.026166639 0.307511803 -0.950239698 -0.623501536 keyframe_001402.pcd
1403 1778824507.471566677 49.247814 18.291107 11.152150 -0.027285168 -0.011292921 0.280867657 -0.959292108 -0.568799166 keyframe_001403.pcd
1404 1778824507.574949980 49.342090 18.249096 11.163242 -0.027743933 -0.023721764 0.255390715 -0.966148609 -0.515607047 keyframe_001404.pcd
1405 1778824507.773384571 49.488809 18.175388 11.187948 -0.029924844 -0.019463391 0.229786769 -0.972586099 -0.462743695 keyframe_001405.pcd
1406 1778824507.974659920 49.625684 18.106231 11.231005 -0.030909835 -0.022216387 0.215103516 -0.975849113 -0.432472534 keyframe_001406.pcd
1407 1778824508.073314667 49.722017 18.072786 11.231397 -0.034238016 -0.021665412 0.207653873 -0.977362900 -0.417057000 keyframe_001407.pcd
1408 1778824508.272591591 49.902361 18.004112 11.262178 -0.032732156 -0.020321571 0.200847287 -0.978864652 -0.403265976 keyframe_001408.pcd
1409 1778824508.474840403 50.075146 17.931828 11.305489 -0.031776761 -0.021049802 0.196066722 -0.979849470 -0.393526219 keyframe_001409.pcd
1410 1778824508.673217535 50.238438 17.870218 11.343130 -0.035248008 -0.012530133 0.192350617 -0.980612979 -0.386159658 keyframe_001410.pcd
1411 1778824508.874559879 50.400381 17.797334 11.383328 -0.023756800 -0.022813905 0.194002598 -0.980447924 -0.389675480 keyframe_001411.pcd
1412 1778824509.072871447 50.572652 17.740118 11.398395 -0.021531739 -0.022722452 0.189601520 -0.981361981 -0.380812249 keyframe_001412.pcd
1413 1778824509.275223494 50.720596 17.679178 11.439438 -0.029368648 -0.013239080 0.186181335 -0.981987128 -0.373769095 keyframe_001413.pcd
1414 1778824509.475054502 50.876899 17.615883 11.486558 -0.022636484 -0.021908225 0.183888947 -0.982442097 -0.369130947 keyframe_001414.pcd
1415 1778824509.674816132 51.032329 17.539986 11.519939 -0.035609061 -0.012761535 0.177666652 -0.983363462 -0.356249355 keyframe_001415.pcd
1416 1778824509.874944448 51.198007 17.487775 11.541209 -0.025517540 -0.025890656 0.184351693 -0.982187855 -0.369845854 keyframe_001416.pcd
1417 1778824510.175177097 51.448251 17.398136 11.609452 -0.025027970 -0.012196833 0.174724997 -0.984223559 -0.350652543 keyframe_001417.pcd
1418 1778824510.375059605 51.620372 17.346538 11.625253 -0.020916003 -0.024495887 0.179757376 -0.983183481 -0.360767051 keyframe_001418.pcd
1419 1778824510.574923515 51.784087 17.294257 11.658042 -0.021727063 -0.021956987 0.174950136 -0.984092615 -0.350986564 keyframe_001419.pcd
1420 1778824510.775171757 51.931009 17.235826 11.699437 -0.030100802 -0.011309835 0.170258166 -0.984874706 -0.341459032 keyframe_001420.pcd
1421 1778824510.975033998 52.098060 17.178969 11.750431 -0.017183994 -0.018432900 0.173663091 -0.984482641 -0.348627614 keyframe_001421.pcd
1422 1778824511.175021648 52.257022 17.121063 11.782655 -0.010370806 -0.020486062 0.166376895 -0.985794855 -0.334098178 keyframe_001422.pcd
1423 1778824511.375196457 52.372697 17.093073 11.798460 -0.014871342 -0.020691889 0.162384545 -0.986398473 -0.325803359 keyframe_001423.pcd
1424 1778824512.075060368 52.502679 17.049797 11.782854 -0.034599437 -0.028878996 0.162339753 -0.985705173 -0.324443494 keyframe_001424.pcd
1425 1778824512.275147676 52.602020 17.011523 11.814292 -0.036919428 -0.008521400 0.158391300 -0.986649146 -0.317350988 keyframe_001425.pcd
1426 1778824512.475177765 52.736369 16.965522 11.849602 -0.026472954 -0.016141264 0.165348487 -0.985747696 -0.331431714 keyframe_001426.pcd
1427 1778824512.675199747 52.890028 16.907132 11.891718 -0.033231830 -0.002091937 0.202264291 -0.978764745 -0.407004341 keyframe_001427.pcd
1428 1778824512.775160313 52.967727 16.851934 11.909639 -0.040795745 -0.016949975 0.245951387 -0.968274920 -0.495623074 keyframe_001428.pcd
1429 1778824512.875148773 53.016609 16.778753 11.946782 -0.068561798 -0.003773743 0.308719685 -0.948671279 -0.626048960 keyframe_001429.pcd
1430 1778824512.975116014 53.075792 16.691669 11.962950 -0.099580048 0.002490647 0.384238552 -0.917844402 -0.786198833 keyframe_001430.pcd
1431 1778824513.075231791 53.111697 16.612997 11.975193 -0.098324537 -0.001392365 0.468765859 -0.877831941 -0.972736969 keyframe_001431.pcd
1432 1778824513.175098658 53.134612 16.502295 11.957328 -0.132858901 0.001303269 0.538786711 -0.831898849 -1.133329097 keyframe_001432.pcd
1433 1778824513.275061846 53.139404 16.403949 11.942449 -0.155780973 -0.016332543 0.595357819 -0.788044798 -1.268961774 keyframe_001433.pcd
1434 1778824513.375038624 53.108831 16.308760 11.935353 -0.159841610 -0.012460348 0.680484915 -0.715007468 -1.495027401 keyframe_001434.pcd
1435 1778824513.475114107 53.063963 16.197928 11.930384 -0.174894070 0.001754977 0.750157814 -0.637708584 -1.701119414 keyframe_001435.pcd
1436 1778824513.575047493 53.023285 16.128998 11.916378 -0.163838302 0.004142578 0.811469919 -0.560942440 -1.905412389 keyframe_001436.pcd
1437 1778824513.675055981 52.971551 16.074719 11.895558 -0.203451102 -0.004629185 0.834482142 -0.512079851 -2.002413519 keyframe_001437.pcd
1438 1778824513.775120735 52.900704 16.034543 11.905561 -0.198500521 0.010957518 0.862117201 -0.466080902 -2.112981744 keyframe_001438.pcd
1439 1778824513.875182629 52.832029 15.985453 11.894459 -0.208109925 -0.007639539 0.879026059 -0.428888196 -2.199099011 keyframe_001439.pcd
1440 1778824514.075105906 52.702594 15.865866 11.880383 -0.204831300 0.006655848 0.897106250 -0.391407990 -2.283826149 keyframe_001440.pcd
1441 1778824514.275167704 52.567242 15.746580 11.868088 -0.205804050 -0.005981300 0.905651377 -0.370681130 -2.334453092 keyframe_001441.pcd
1442 1778824514.475157261 52.445293 15.619610 11.822098 -0.206087786 -0.018095091 0.910215345 -0.358759555 -2.365401988 keyframe_001442.pcd
1443 1778824514.675032377 52.327441 15.492541 11.773778 -0.203721367 -0.014699375 0.911009049 -0.358251372 -2.366565336 keyframe_001443.pcd
1444 1778824514.875110388 52.206936 15.392318 11.747856 -0.200751420 -0.006443704 0.913892787 -0.352785089 -2.377715140 keyframe_001444.pcd
1445 1778824514.975056410 52.129395 15.331570 11.721288 -0.213916957 -0.017037349 0.913565062 -0.345468004 -2.391625773 keyframe_001445.pcd
1446 1778824515.174611092 51.971387 15.203424 11.678823 -0.209713541 -0.021479949 0.911303474 -0.353673326 -2.376440863 keyframe_001446.pcd
1447 1778824515.275191545 51.873896 15.140095 11.692797 -0.200397473 -0.006122778 0.914134862 -0.352364611 -2.378729677 keyframe_001447.pcd
1448 1778824515.375188828 51.780010 15.058874 11.666769 -0.210451811 -0.021969520 0.912476564 -0.350162669 -2.384280896 keyframe_001448.pcd
1449 1778824515.475031853 51.694304 14.985259 11.667816 -0.209930184 -0.023176950 0.913028296 -0.348957703 -2.387693726 keyframe_001449.pcd
1450 1778824515.575154543 51.609885 14.903106 11.655016 -0.211094216 -0.016956330 0.903463991 -0.372698983 -2.330639558 keyframe_001450.pcd
1451 1778824515.675179958 51.540626 14.801792 11.651986 -0.195399018 -0.013492508 0.889216013 -0.413439305 -2.243674868 keyframe_001451.pcd
1452 1778824515.774984837 51.487847 14.699072 11.647717 -0.170121918 -0.011602403 0.868439548 -0.465549855 -2.134503239 keyframe_001452.pcd
1453 1778824515.874985218 51.457204 14.571188 11.625512 -0.184114104 -0.053369864 0.833181650 -0.518711859 -2.007308725 keyframe_001453.pcd
1454 1778824515.974735022 51.426157 14.449917 11.619011 -0.169550502 -0.050998454 0.791878029 -0.584449290 -1.848912799 keyframe_001454.pcd
1455 1778824516.074303865 51.418473 14.344301 11.651237 -0.143343313 -0.037312734 0.743591757 -0.652021283 -1.683604562 keyframe_001455.pcd
1456 1778824516.174691200 51.433727 14.242760 11.655509 -0.109754611 -0.011565877 0.683383487 -0.721669706 -1.504107965 keyframe_001456.pcd
1457 1778824516.275115728 51.478985 14.116614 11.644112 -0.108102409 -0.069814274 0.621351153 -0.772892348 -1.344065173 keyframe_001457.pcd
1458 1778824516.374620199 51.522306 14.013902 11.648970 -0.085770558 -0.055203738 0.555614275 -0.825159824 -1.177529577 keyframe_001458.pcd
1459 1778824516.475042105 51.577657 13.923222 11.672177 -0.084082812 -0.022909584 0.498923605 -0.862253134 -1.041459800 keyframe_001459.pcd
1460 1778824516.574840784 51.653929 13.846961 11.669481 -0.047830905 -0.037511945 0.468403910 -0.881420919 -0.974176776 keyframe_001460.pcd
1461 1778824516.675101280 51.732049 13.764311 11.673164 -0.071581109 -0.062408434 0.438866999 -0.893519496 -0.906577657 keyframe_001461.pcd
1462 1778824516.774591923 51.805564 13.678393 11.676589 -0.067600472 -0.060462504 0.415206894 -0.905194839 -0.854009704 keyframe_001462.pcd
1463 1778824516.873285770 51.874128 13.611608 11.708931 -0.057107646 -0.041612018 0.398160941 -0.914590084 -0.816807558 keyframe_001463.pcd
1464 1778824517.071214914 51.981129 13.531411 11.717712 -0.055050605 -0.038665425 0.375225356 -0.924489236 -0.766968726 keyframe_001464.pcd
1465 1778824517.264451742 52.019615 13.480895 11.702966 -0.070662108 -0.038252688 0.406715892 -0.910014166 -0.834315098 keyframe_001465.pcd
1466 1778824517.375216484 52.027601 13.456870 11.688165 -0.083201204 -0.037364602 0.448785242 -0.888973145 -0.926796214 keyframe_001466.pcd
1467 1778824517.474749565 52.029601 13.438788 11.677204 -0.090951031 -0.041774596 0.484041221 -0.869302530 -1.006445376 keyframe_001467.pcd
1468 1778824517.673280001 52.021926 13.401781 11.677314 -0.095699630 -0.034221569 0.513726580 -0.851912828 -1.075037225 keyframe_001468.pcd
1469 1778824517.872628927 52.010864 13.350608 11.690684 -0.115046080 -0.015376664 0.538659565 -0.834490162 -1.132949383 keyframe_001469.pcd
1470 1778824518.175080538 52.056387 13.224098 11.697096 -0.112638687 -0.024882834 0.555531964 -0.823454679 -1.173521794 keyframe_001470.pcd
1471 1778824518.374779463 52.111213 13.119077 11.687959 -0.111341678 -0.026668153 0.557835702 -0.822016527 -1.179221230 keyframe_001471.pcd
1472 1778824518.573467016 52.139356 13.020440 11.706270 -0.122048237 -0.019532439 0.557405863 -0.820988073 -1.177439795 keyframe_001472.pcd
1473 1778824518.772816181 52.181861 12.906112 11.715205 -0.118217360 -0.029198736 0.561884385 -0.818204148 -1.188553665 keyframe_001473.pcd
1474 1778824518.975088358 52.230879 12.795206 11.714061 -0.119181687 -0.030038375 0.558988991 -0.820015079 -1.181395588 keyframe_001474.pcd
1475 1778824519.175207138 52.265567 12.683329 11.731199 -0.121178367 -0.018503063 0.555444714 -0.822468607 -1.172776719 keyframe_001475.pcd
1476 1778824519.374778748 52.316647 12.561060 11.732457 -0.114618679 -0.027902160 0.559264404 -0.820553078 -1.182442291 keyframe_001476.pcd
1477 1778824519.574299335 52.374200 12.437191 11.731676 -0.111772238 -0.025365584 0.554187599 -0.824463255 -1.170321738 keyframe_001477.pcd
1478 1778824519.774868011 52.416802 12.304740 11.746230 -0.121752171 -0.016659867 0.547142959 -0.827969468 -1.152725048 keyframe_001478.pcd
1479 1778824519.975200653 52.472751 12.165369 11.746875 -0.126181492 -0.033552004 0.549391432 -0.825300884 -1.157401089 keyframe_001479.pcd
1480 1778824520.174912691 52.513554 12.045049 11.765133 -0.116947368 -0.026136169 0.546458200 -0.828868898 -1.151178604 keyframe_001480.pcd
1481 1778824520.374774694 52.574770 11.915066 11.780890 -0.115420155 -0.015501238 0.540379267 -0.833323555 -1.137029304 keyframe_001481.pcd
1482 1778824520.575495720 52.632892 11.784170 11.778415 -0.108422234 -0.027634182 0.544492939 -0.831269156 -1.147141874 keyframe_001482.pcd
1483 1778824520.775513887 52.692878 11.645971 11.788750 -0.099888167 -0.017425108 0.543660589 -0.833157778 -1.145948176 keyframe_001483.pcd
1484 1778824520.975187302 52.764713 11.473458 11.806746 -0.116209672 -0.011488972 0.536850908 -0.835556352 -1.128766592 keyframe_001484.pcd
1485 1778824521.075031042 52.814681 11.359883 11.810392 -0.118449422 -0.032717558 0.536127326 -0.835144769 -1.126136432 keyframe_001485.pcd
1486 1778824521.175037861 52.848216 11.260096 11.827712 -0.119187953 -0.035106843 0.536911682 -0.834438486 -1.127952029 keyframe_001486.pcd
1487 1778824521.275234461 52.895389 11.138360 11.819812 -0.123484430 -0.030596203 0.534749302 -0.835379346 -1.122367234 keyframe_001487.pcd
1488 1778824521.375058889 52.934129 11.028484 11.847954 -0.124597798 -0.020361140 0.532473329 -0.836978475 -1.117142392 keyframe_001488.pcd
1489 1778824521.475198984 52.982587 10.910707 11.861894 -0.115105703 -0.024202202 0.535486243 -0.836312988 -1.125020804 keyframe_001489.pcd
1490 1778824521.575082302 53.025606 10.807678 11.876469 -0.126507523 -0.040860306 0.535351996 -0.834101026 -1.123512468 keyframe_001490.pcd
1491 1778824521.675052643 53.060905 10.705639 11.874266 -0.133401761 -0.042814000 0.531930950 -0.835116995 -1.114546447 keyframe_001491.pcd
1492 1778824521.875195980 53.133757 10.560999 11.876384 -0.115850631 -0.040349871 0.531410911 -0.838184325 -1.115164353 keyframe_001492.pcd
1493 1778824522.075136423 53.178379 10.450694 11.888821 -0.102222763 -0.040933852 0.535960206 -0.837031412 -1.127409900 keyframe_001493.pcd
1494 1778824522.275013924 53.233792 10.340034 11.886863 -0.093193684 -0.045265489 0.534237620 -0.838961345 -1.124324327 keyframe_001494.pcd
1495 1778824522.475039721 53.291744 10.210844 11.893175 -0.114360851 -0.015480340 0.528836045 -0.840841479 -1.109600450 keyframe_001495.pcd
1496 1778824522.575530291 53.343079 10.117631 11.890628 -0.116447419 -0.032666878 0.530408012 -0.839071042 -1.112644201 keyframe_001496.pcd
1497 1778824522.775138855 53.452203 9.941984 11.914082 -0.100078437 -0.021833787 0.533756757 -0.839411292 -1.122154137 keyframe_001497.pcd
1498 1778824522.875393391 53.500014 9.855886 11.933413 -0.114981151 -0.028494233 0.522790823 -0.844190245 -1.094720032 keyframe_001498.pcd
1499 1778824522.975170374 53.543338 9.747780 11.949053 -0.109372900 -0.024344582 0.527441687 -0.842169922 -1.106340652 keyframe_001499.pcd
1500 1778824523.075554848 53.602828 9.634915 11.943711 -0.119960787 -0.051215739 0.528302763 -0.838977084 -1.107646455 keyframe_001500.pcd
1501 1778824523.175415039 53.647712 9.521016 11.957396 -0.108228197 -0.034867384 0.529286051 -0.840789628 -1.110748192 keyframe_001501.pcd
1502 1778824523.275183916 53.696259 9.400255 11.948416 -0.115822057 -0.036053892 0.523160293 -0.843557156 -1.095444281 keyframe_001502.pcd
1503 1778824523.375045776 53.729239 9.292217 11.964481 -0.116265405 -0.021247264 0.524236737 -0.843330749 -1.098259268 keyframe_001503.pcd
1504 1778824523.475480556 53.781792 9.181678 11.949483 -0.121675202 -0.043216210 0.525027375 -0.841233475 -1.099347412 keyframe_001504.pcd
1505 1778824523.575112820 53.816133 9.082909 11.967563 -0.124429212 -0.045117185 0.524985408 -0.840756881 -1.098977817 keyframe_001505.pcd
1506 1778824523.775423050 53.879860 8.956584 11.974684 -0.109562612 -0.040466081 0.522073799 -0.844865362 -1.093543505 keyframe_001506.pcd
1507 1778824524.275028229 53.881904 9.074532 11.938607 -0.114496767 -0.017446433 0.514945917 -0.849362593 -1.076691357 keyframe_001507.pcd
1508 1778824524.475006580 53.826757 9.162902 11.952264 -0.106153552 -0.018633551 0.523717954 -0.845046578 -1.097970395 keyframe_001508.pcd
1509 1778824524.775104046 53.870162 9.060877 11.956894 -0.100562753 -0.025126855 0.524085889 -0.845334108 -1.099095752 keyframe_001509.pcd
1510 1778824524.975381613 53.941295 8.911342 11.996358 -0.114837550 -0.015697212 0.515284955 -0.849145070 -1.077565242 keyframe_001510.pcd
1511 1778824525.075075626 53.981306 8.818781 12.002898 -0.106607001 -0.021176318 0.516768251 -0.849197907 -1.081447381 keyframe_001511.pcd
1512 1778824525.175229073 54.034261 8.719390 12.026720 -0.111557390 -0.044848968 0.521717150 -0.844603300 -1.092603168 keyframe_001512.pcd
1513 1778824525.275237083 54.082454 8.613496 12.038385 -0.110930167 -0.032070925 0.519510878 -0.846625301 -1.087283999 keyframe_001513.pcd
1514 1778824525.375137329 54.144541 8.511926 12.046982 -0.116401970 -0.026966041 0.513618765 -0.849658272 -1.072973329 keyframe_001514.pcd
1515 1778824525.475489616 54.205592 8.405297 12.050229 -0.108178450 -0.019343206 0.517193564 -0.848783883 -1.082395923 keyframe_001515.pcd
1516 1778824525.575360060 54.293121 8.295205 12.012865 -0.120144512 -0.038104395 0.519825800 -0.844922771 -1.087085999 keyframe_001516.pcd
1517 1778824525.675159931 54.361753 8.197848 11.993987 -0.107053721 -0.025238072 0.526461774 -0.843054293 -1.104189793 keyframe_001517.pcd
1518 1778824525.775441647 54.411671 8.082145 11.987631 -0.109626550 -0.033941102 0.528016875 -0.841444116 -1.107587770 keyframe_001518.pcd
1519 1778824525.875362158 54.443678 7.989976 12.014798 -0.111544145 -0.030294130 0.533151493 -0.838086902 -1.119659908 keyframe_001519.pcd
1520 1778824526.074594259 54.493381 7.858203 12.058944 -0.110162652 -0.028924233 0.537948822 -0.835247654 -1.131267618 keyframe_001520.pcd
1521 1778824526.374551773 54.508458 7.752602 12.059848 -0.104213352 -0.037522336 0.536114385 -0.836847069 -1.127487220 keyframe_001521.pcd
1522 1778824526.775033951 54.543997 7.656554 12.031327 -0.120764978 -0.023554442 0.529478030 -0.839353337 -1.110213530 keyframe_001522.pcd
1523 1778824527.072583914 54.593335 7.565632 12.054528 -0.094136962 -0.025889558 0.534823527 -0.839304330 -1.125096411 keyframe_001523.pcd
1524 1778824527.475075483 54.640995 7.448129 12.070431 -0.104782492 -0.003538911 0.522669878 -0.846064007 -1.096553763 keyframe_001524.pcd
1525 1778824527.774374485 54.707931 7.347067 12.080807 -0.085081854 -0.011668970 0.540572160 -0.836903013 -1.139666190 keyframe_001525.pcd
1526 1778824527.972521544 54.703749 7.275701 12.074956 -0.106678495 -0.007141087 0.581004224 -0.806847442 -1.236834433 keyframe_001526.pcd
1527 1778824528.171265364 54.670123 7.222126 12.070319 -0.110168050 0.007807052 0.615467747 -0.780385484 -1.324159708 keyframe_001527.pcd
1528 1778824528.475062609 54.694091 7.114353 12.089790 -0.097465659 -0.002446007 0.643587824 -0.759137126 -1.396894147 keyframe_001528.pcd
1529 1778824528.773146391 54.702656 6.986143 12.102969 -0.120685094 0.014771697 0.642850613 -0.756280368 -1.395300152 keyframe_001529.pcd
1530 1778824528.972505331 54.710560 6.876165 12.102469 -0.130853463 -0.009594027 0.645622840 -0.752300787 -1.400955852 keyframe_001530.pcd
1531 1778824529.174346685 54.723220 6.742381 12.081379 -0.131377996 -0.015474720 0.645602504 -0.752128820 -1.400887835 keyframe_001531.pcd
1532 1778824529.375239372 54.742451 6.635329 12.078845 -0.135289705 -0.012909847 0.643046610 -0.753671738 -1.393902162 keyframe_001532.pcd
1533 1778824529.574673653 54.770648 6.515843 12.087678 -0.133123529 -0.030278642 0.642892227 -0.753691524 -1.394153742 keyframe_001533.pcd
1534 1778824529.773930788 54.810162 6.380345 12.074221 -0.142560262 -0.029411024 0.638593744 -0.755651767 -1.382138083 keyframe_001534.pcd
1535 1778824529.974570990 54.827333 6.262177 12.081882 -0.142604720 -0.017718602 0.636461491 -0.757803877 -1.376116632 keyframe_001535.pcd
1536 1778824530.175009966 54.842070 6.137035 12.075239 -0.140828953 -0.031081788 0.639238858 -0.755364025 -1.384050708 keyframe_001536.pcd
1537 1778824530.375272751 54.855366 6.012882 12.080537 -0.127696438 -0.027931600 0.637143990 -0.759579477 -1.379034602 keyframe_001537.pcd
1538 1778824530.574602604 54.876506 5.890254 12.090970 -0.134836990 -0.012384408 0.631070284 -0.763816673 -1.362363045 keyframe_001538.pcd
1539 1778824530.775249958 54.903010 5.758572 12.076589 -0.132570926 -0.026415600 0.632594025 -0.762595545 -1.366694471 keyframe_001539.pcd
1540 1778824530.976420403 54.923639 5.663175 12.098540 -0.131538213 -0.019480790 0.630504080 -0.764710927 -1.361067737 keyframe_001540.pcd
1541 1778824531.175353050 54.944790 5.534324 12.108675 -0.130838591 -0.015858837 0.624964272 -0.769447477 -1.346625806 keyframe_001541.pcd
1542 1778824531.375321627 54.973198 5.414082 12.094099 -0.133702892 -0.020851409 0.625315302 -0.768550277 -1.347408375 keyframe_001542.pcd
1543 1778824531.575291395 55.000974 5.286055 12.108673 -0.123650371 -0.029226527 0.629115218 -0.766857508 -1.358198168 keyframe_001543.pcd
1544 1778824531.775120258 55.030722 5.151957 12.096286 -0.126500697 -0.025539722 0.621258693 -0.772905514 -1.337395669 keyframe_001544.pcd
1545 1778824531.976382732 55.037935 5.042748 12.100005 -0.137337768 -0.012328951 0.618931894 -0.773246174 -1.330662776 keyframe_001545.pcd
1546 1778824532.175258636 55.074849 4.917188 12.111890 -0.129420255 -0.027343664 0.620819698 -0.772713158 -1.336139510 keyframe_001546.pcd
1547 1778824532.375274658 55.115388 4.798986 12.102565 -0.131083459 -0.028683728 0.617537699 -0.775010684 -1.327572895 keyframe_001547.pcd
1548 1778824532.575337410 55.127502 4.689371 12.111319 -0.129998419 -0.011782571 0.614876294 -0.777745926 -1.320657603 keyframe_001548.pcd
1549 1778824532.776408434 55.139349 4.574226 12.122027 -0.126510923 -0.027574891 0.618636494 -0.774934513 -1.330668760 keyframe_001549.pcd
1550 1778824532.975083828 55.158119 4.464497 12.136181 -0.116642240 -0.026287243 0.618314815 -0.776782053 -1.330381776 keyframe_001550.pcd
1551 1778824533.175256729 55.192938 4.352063 12.135446 -0.126854093 -0.014269154 0.609215256 -0.782662892 -1.306293606 keyframe_001551.pcd
1552 1778824533.375095367 55.214029 4.232337 12.118025 -0.127723536 -0.019281470 0.611623273 -0.780533084 -1.312362800 keyframe_001552.pcd
1553 1778824533.575343132 55.241677 4.107818 12.137804 -0.119281735 -0.023546259 0.612738086 -0.780877378 -1.315788782 keyframe_001553.pcd
1554 1778824533.775324106 55.293613 3.988514 12.134651 -0.117392499 -0.020816186 0.608219106 -0.784764428 -1.304294278 keyframe_001554.pcd
1555 1778824533.976372004 55.321995 3.889505 12.129495 -0.126151933 -0.011992212 0.605426666 -0.785748324 -1.296734509 keyframe_001555.pcd
1556 1778824534.175174713 55.358440 3.785513 12.147316 -0.116930996 -0.027232180 0.607829404 -0.784938830 -1.303465093 keyframe_001556.pcd
1557 1778824534.375318766 55.398935 3.675826 12.142316 -0.115426459 -0.025866690 0.607789200 -0.785238776 -1.303414684 keyframe_001557.pcd
1558 1778824534.674649000 55.404955 3.525975 12.148412 -0.128939690 -0.003694882 0.601407679 -0.788460340 -1.286749659 keyframe_001558.pcd
1559 1778824534.875163078 55.438475 3.409600 12.163177 -0.124978008 -0.023078979 0.602873692 -0.787649141 -1.290220947 keyframe_001559.pcd
1560 1778824535.075200319 55.488668 3.273520 12.166143 -0.126375056 -0.021620492 0.598446172 -0.790837581 -1.278886662 keyframe_001560.pcd
1561 1778824535.276321411 55.522650 3.099908 12.174758 -0.133410639 -0.008354674 0.594974254 -0.792551221 -1.269993601 keyframe_001561.pcd
1562 1778824535.475117683 55.573878 2.921652 12.190264 -0.131414988 -0.026254280 0.598806610 -0.789602088 -1.279474927 keyframe_001562.pcd
1563 1778824535.675180912 55.620122 2.737453 12.187556 -0.126272356 -0.028635067 0.593091006 -0.794656142 -1.265438081 keyframe_001563.pcd
1564 1778824535.875157118 55.679395 2.577111 12.187183 -0.129379614 -0.028536879 0.591987255 -0.794982800 -1.262415175 keyframe_001564.pcd
1565 1778824536.075116158 55.728572 2.413776 12.197558 -0.120624875 -0.028623902 0.596518840 -0.792966321 -1.274509077 keyframe_001565.pcd
1566 1778824536.274075508 55.804665 2.247819 12.199047 -0.129558782 -0.013704809 0.589086761 -0.797498269 -1.255246161 keyframe_001566.pcd
1567 1778824536.472547293 55.843672 2.063147 12.213568 -0.130905525 -0.029986805 0.616548714 -0.775778460 -1.325076708 keyframe_001567.pcd
1568 1778824536.572191238 55.846571 1.973464 12.219479 -0.125350519 -0.025167784 0.649182034 -0.749810987 -1.411028690 keyframe_001568.pcd
1569 1778824536.676312447 55.830216 1.872778 12.205673 -0.151746268 -0.025287693 0.680959476 -0.715980304 -1.497219387 keyframe_001569.pcd
1570 1778824536.776265144 55.806344 1.801262 12.216749 -0.165037834 -0.014404624 0.707246112 -0.687283025 -1.571632703 keyframe_001570.pcd
1571 1778824536.875107527 55.765584 1.720117 12.205679 -0.167516079 -0.014531109 0.733821835 -0.658204167 -1.651163886 keyframe_001571.pcd
1572 1778824537.074449778 55.706694 1.552032 12.190505 -0.170738159 -0.017152402 0.760974192 -0.625677677 -1.736993318 keyframe_001572.pcd
1573 1778824537.273782969 55.655904 1.384128 12.175866 -0.172067991 -0.008521465 0.770672632 -0.613501169 -1.767662377 keyframe_001573.pcd
1574 1778824537.472532272 55.572176 1.216144 12.157259 -0.176152501 -0.024834193 0.804432073 -0.566782674 -1.886968954 keyframe_001574.pcd
1575 1778824537.572078466 55.523015 1.141255 12.139356 -0.182644938 -0.024045623 0.831131451 -0.524674324 -1.988051535 keyframe_001575.pcd
1576 1778824537.675153494 55.453223 1.069408 12.106774 -0.188269026 -0.024881490 0.864624859 -0.465144643 -2.128967188 keyframe_001576.pcd
1577 1778824537.775122166 55.364717 1.020701 12.113116 -0.210341771 0.008975102 0.888151625 -0.408488039 -2.240743999 keyframe_001577.pcd
1578 1778824537.876324415 55.263021 0.981075 12.092179 -0.217527417 -0.000035619 0.919669239 -0.326940840 -2.425879668 keyframe_001578.pcd
1579 1778824537.975099802 55.168120 0.952602 12.062187 -0.217510502 -0.000098608 0.944036891 -0.247958708 -2.602419624 keyframe_001579.pcd
1580 1778824538.074291945 55.085646 0.929284 12.025723 -0.213957246 -0.001751993 0.961343324 -0.173315435 -2.768082239 keyframe_001580.pcd
1581 1778824538.174008369 55.004495 0.930285 11.992276 -0.214741773 -0.015542998 0.969316113 -0.118619806 -2.893003922 keyframe_001581.pcd
1582 1778824538.273006439 54.940150 0.936541 11.993359 -0.211822684 0.013886822 0.973642563 -0.083417419 -2.955968996 keyframe_001582.pcd
1583 1778824538.375049591 54.881264 0.947748 11.979711 -0.217061179 0.014052147 0.974808581 -0.049347863 -3.028512940 keyframe_001583.pcd
1584 1778824538.574208736 54.868548 0.964032 11.979316 -0.221584872 0.009650106 0.975006151 -0.013039348 -3.108654118 keyframe_001584.pcd
1585 1778824538.875015020 55.002449 0.975979 12.011829 -0.217401118 -0.007005305 0.976022056 0.008284053 3.120369739 keyframe_001585.pcd
1586 1778824542.075212955 54.877434 1.002562 11.991204 -0.215778475 -0.021101508 0.976085604 0.015851466 3.097433047 keyframe_001586.pcd
1587 1778824542.275054693 54.721103 1.015827 11.966760 -0.205748780 -0.012003376 0.978524946 0.003505485 3.128701817 keyframe_001587.pcd
1588 1778824542.376182556 54.628116 1.000420 11.951320 -0.230729635 -0.023628468 0.972199380 -0.032154263 -3.083755429 keyframe_001588.pcd
1589 1778824542.475010157 54.552079 0.982320 11.943141 -0.239784078 -0.020661445 0.966513725 -0.089038863 -2.957089426 keyframe_001589.pcd
1590 1778824542.575017691 54.495394 0.953821 11.926536 -0.231241101 -0.030389858 0.960386753 -0.152516538 -2.823336026 keyframe_001590.pcd
1591 1778824542.676198483 54.447894 0.923273 11.908113 -0.234707548 -0.045861950 0.951444411 -0.193810683 -2.738657283 keyframe_001591.pcd
1592 1778824542.774920940 54.406470 0.892874 11.896167 -0.226828816 -0.032973491 0.947090600 -0.224679398 -2.665406900 keyframe_001592.pcd
1593 1778824542.975186825 54.378009 0.853053 11.884128 -0.215946042 -0.042264639 0.940760988 -0.257972422 -2.598377884 keyframe_001593.pcd
1594 1778824543.375050306 54.276903 0.784300 11.848786 -0.211493735 -0.035178954 0.932561883 -0.290449955 -2.524048970 keyframe_001594.pcd
1595 1778824543.676298857 54.168677 0.716634 11.830288 -0.200852357 -0.014704300 0.931746617 -0.302142939 -2.494122550 keyframe_001595.pcd
1596 1778824543.975071430 54.075716 0.629653 11.803674 -0.199943241 -0.030238315 0.930725133 -0.304727865 -2.494269120 keyframe_001596.pcd
1597 1778824544.176095486 54.005377 0.559554 11.780208 -0.210238745 -0.031297209 0.927191384 -0.308441717 -2.482472294 keyframe_001597.pcd
1598 1778824544.476058722 53.912589 0.495476 11.753693 -0.199095589 -0.000560360 0.926908635 -0.318121070 -2.454364829 keyframe_001598.pcd
1599 1778824544.776166916 53.800611 0.431586 11.743572 -0.204641526 -0.016334354 0.925490686 -0.318311207 -2.456998683 keyframe_001599.pcd
1600 1778824545.076064587 53.700672 0.336318 11.719489 -0.189380028 -0.028009848 0.927716619 -0.320456751 -2.462088307 keyframe_001600.pcd
1601 1778824545.376085520 53.579811 0.285080 11.709825 -0.194014197 -0.013941410 0.937692440 -0.287918419 -2.527952478 keyframe_001601.pcd
1602 1778824545.573977709 53.489238 0.220767 11.684999 -0.199489849 -0.023075372 0.940780557 -0.273135992 -2.562092842 keyframe_001602.pcd
1603 1778824545.775952816 53.408106 0.156908 11.649053 -0.205769965 -0.021143277 0.941177305 -0.267202105 -2.572414685 keyframe_001603.pcd
1604 1778824545.976140976 53.324151 0.103126 11.640940 -0.199582251 -0.006461041 0.942410433 -0.268305341 -2.566580895 keyframe_001604.pcd
1605 1778824546.176132679 53.224922 0.050157 11.616372 -0.210381316 -0.014215309 0.942005049 -0.261082582 -2.581666481 keyframe_001605.pcd
1606 1778824546.374735594 53.130892 -0.023556 11.602653 -0.200835512 -0.018315635 0.942620288 -0.266076354 -2.575469907 keyframe_001606.pcd
1607 1778824546.575690508 53.018889 -0.085951 11.588465 -0.204507483 -0.007543003 0.940396164 -0.271615255 -2.557896932 keyframe_001607.pcd
1608 1778824546.775877476 52.900016 -0.153702 11.556435 -0.217060603 -0.026909702 0.938046719 -0.268754378 -2.567368479 keyframe_001608.pcd
1609 1778824546.973807812 52.782124 -0.222412 11.542245 -0.213601601 -0.022394323 0.937372951 -0.274234939 -2.554508563 keyframe_001609.pcd
1610 1778824547.175918579 52.655532 -0.290638 11.517860 -0.210243452 -0.016591261 0.936826404 -0.279067570 -2.542672434 keyframe_001610.pcd
1611 1778824547.473907948 52.468874 -0.426239 11.471888 -0.210818616 -0.033587616 0.936607192 -0.277838716 -2.551937646 keyframe_001611.pcd
1612 1778824547.675735712 52.333974 -0.521773 11.441306 -0.207879518 -0.020379242 0.935459786 -0.285106614 -2.531547773 keyframe_001612.pcd
1613 1778824547.873966932 52.194066 -0.604411 11.403880 -0.216296226 -0.020189961 0.943721253 -0.249396279 -2.608002378 keyframe_001613.pcd
1614 1778824547.976044416 52.115312 -0.640066 11.399219 -0.217161090 -0.026468794 0.950391107 -0.221127128 -2.673129623 keyframe_001614.pcd
1615 1778824548.174429417 51.969958 -0.707910 11.359383 -0.215369831 -0.028401888 0.957086172 -0.191820822 -2.739065042 keyframe_001615.pcd
1616 1778824548.373661041 51.834537 -0.736639 11.327162 -0.211841591 -0.003312792 0.961613378 -0.174390015 -2.766967121 keyframe_001616.pcd
1617 1778824548.575727224 51.697561 -0.791619 11.293042 -0.215649759 -0.022713155 0.962730754 -0.161644021 -2.802536456 keyframe_001617.pcd
1618 1778824548.773859978 51.554533 -0.840059 11.250987 -0.219578925 -0.025572170 0.961293335 -0.164457543 -2.796931808 keyframe_001618.pcd
1619 1778824548.976025105 51.414334 -0.893706 11.205598 -0.220711407 -0.019969856 0.961845394 -0.160440386 -2.802887780 keyframe_001619.pcd
1620 1778824549.174031496 51.271417 -0.954664 11.175809 -0.218718473 -0.025888746 0.962362026 -0.159221019 -2.808717303 keyframe_001620.pcd
1621 1778824549.276025772 51.181739 -0.984488 11.142205 -0.222258532 -0.026322196 0.961304571 -0.160629413 -2.805161778 keyframe_001621.pcd
1622 1778824549.475647926 51.029393 -1.036058 11.116952 -0.214286300 -0.018355324 0.963255260 -0.160884331 -2.802485262 keyframe_001622.pcd
1623 1778824549.674506664 50.871372 -1.086788 11.104824 -0.216672664 -0.028119684 0.962587586 -0.160272830 -2.807826832 keyframe_001623.pcd
1624 1778824549.876024961 50.725368 -1.137155 11.080633 -0.212465695 -0.020386605 0.962537614 -0.167224568 -2.789940184 keyframe_001624.pcd
1625 1778824550.075766563 50.583089 -1.181330 11.048804 -0.216789844 -0.021435533 0.961632043 -0.166752797 -2.790556850 keyframe_001625.pcd
1626 1778824550.276054859 50.436378 -1.243681 11.024184 -0.210130927 -0.024907014 0.963212125 -0.165671472 -2.795789590 keyframe_001626.pcd
1627 1778824550.476011038 50.293700 -1.314337 10.969202 -0.214642015 -0.008199538 0.960979249 -0.174299902 -2.768600196 keyframe_001627.pcd
1628 1778824550.675976992 50.154762 -1.385712 10.913816 -0.226040182 -0.023031507 0.958935421 -0.169759370 -2.782718932 keyframe_001628.pcd
1629 1778824550.874853373 50.007600 -1.449606 10.889944 -0.215616654 -0.022580652 0.960729869 -0.173198415 -2.777221344 keyframe_001629.pcd
1630 1778824551.076011896 49.849223 -1.481788 10.880026 -0.210360865 -0.010511313 0.961540723 -0.176287427 -2.766318333 keyframe_001630.pcd
1631 1778824551.276016712 49.706695 -1.522428 10.860996 -0.214130597 -0.017469026 0.960885722 -0.174761410 -2.771831281 keyframe_001631.pcd
1632 1778824551.574962616 49.512809 -1.602397 10.825196 -0.207146267 -0.015103874 0.960848962 -0.183389121 -2.753582742 keyframe_001632.pcd
1633 1778824551.775980234 49.391099 -1.636441 10.788554 -0.204848917 -0.001159746 0.961890649 -0.181113100 -2.753246406 keyframe_001633.pcd
1634 1778824551.975916147 49.257134 -1.687490 10.764113 -0.209152959 -0.025246897 0.961202791 -0.178064112 -2.769120407 keyframe_001634.pcd
1635 1778824552.175924301 49.122155 -1.741363 10.730035 -0.209456311 -0.023287466 0.959199233 -0.188474348 -2.745476443 keyframe_001635.pcd
1636 1778824552.375999451 48.982955 -1.789644 10.695480 -0.210528635 -0.015052663 0.959273179 -0.187739394 -2.743271226 keyframe_001636.pcd
1637 1778824552.576013803 48.855037 -1.859863 10.666922 -0.214176413 -0.028205445 0.958362259 -0.186747686 -2.750379874 keyframe_001637.pcd
1638 1778824552.775939465 48.731228 -1.923686 10.638548 -0.209923591 -0.016799196 0.958042766 -0.194432331 -2.729549877 keyframe_001638.pcd
1639 1778824552.975996733 48.617353 -1.983122 10.590863 -0.213114789 -0.015411740 0.957704627 -0.192734045 -2.731860174 keyframe_001639.pcd
1640 1778824553.176057339 48.482798 -2.048002 10.565566 -0.208690073 -0.023946448 0.958352836 -0.193480911 -2.734991672 keyframe_001640.pcd
1641 1778824553.375921965 48.346131 -2.108068 10.541607 -0.207235571 -0.013432924 0.957704609 -0.199185481 -2.718426516 keyframe_001641.pcd
1642 1778824553.575918674 48.217320 -2.164515 10.513468 -0.215869310 -0.019913750 0.959266485 -0.181139985 -2.758573350 keyframe_001642.pcd
1643 1778824553.675949097 48.140222 -2.174506 10.507873 -0.215490983 -0.020452928 0.964777912 -0.149495466 -2.828036900 keyframe_001643.pcd
1644 1778824553.776030064 48.068151 -2.185525 10.484715 -0.225104152 -0.017133012 0.966600228 -0.121320153 -2.886334921 keyframe_001644.pcd
1645 1778824553.975930929 47.911706 -2.192497 10.454636 -0.219096633 0.000652148 0.971402838 -0.091502825 -2.943537821 keyframe_001645.pcd
1646 1778824554.174781322 47.749502 -2.212183 10.429163 -0.237757702 -0.001411531 0.969068978 -0.066140751 -2.997394757 keyframe_001646.pcd
1647 1778824554.375869274 47.573849 -2.226378 10.428978 -0.219596379 -0.011781988 0.973607325 -0.061052367 -3.015375676 keyframe_001647.pcd
1648 1778824554.575895786 47.429832 -2.235749 10.408263 -0.218432367 -0.005335721 0.974024092 -0.059463434 -3.015791121 keyframe_001648.pcd
1649 1778824554.774434805 47.280005 -2.250396 10.353892 -0.222617342 -0.018464454 0.973166962 -0.055196446 -3.031168794 keyframe_001649.pcd
1650 1778824554.975864172 47.116255 -2.278999 10.290640 -0.226121896 -0.021780326 0.972109278 -0.058292860 -3.025959490 keyframe_001650.pcd
1651 1778824555.175692797 46.979383 -2.315404 10.259888 -0.215778224 0.003276697 0.971218939 -0.100810689 -2.922686606 keyframe_001651.pcd
1652 1778824555.375593901 46.840347 -2.374054 10.224080 -0.221233569 -0.018134913 0.967011618 -0.124961448 -2.879469252 keyframe_001652.pcd
1653 1778824555.575849056 46.708801 -2.438250 10.202515 -0.220206010 -0.012035141 0.963623025 -0.150980576 -2.819981871 keyframe_001653.pcd
1654 1778824555.875869274 46.484232 -2.493401 10.165057 -0.223483912 -0.021071870 0.961110825 -0.160862982 -2.801905911 keyframe_001654.pcd
1655 1778824556.074213266 46.364692 -2.558593 10.125533 -0.221431838 -0.020478861 0.960584512 -0.166811131 -2.789003717 keyframe_001655.pcd
1656 1778824556.274401426 46.236127 -2.605264 10.094830 -0.214829558 -0.007844069 0.961002498 -0.173956691 -2.769145304 keyframe_001656.pcd
1657 1778824556.475853443 46.102324 -2.646282 10.041950 -0.222802480 -0.023783578 0.959687208 -0.169687533 -2.783943462 keyframe_001657.pcd
1658 1778824556.674597979 45.964537 -2.712089 10.017486 -0.212760557 -0.021560609 0.960868675 -0.176066679 -2.771102252 keyframe_001658.pcd
1659 1778824556.875524998 45.818546 -2.773382 9.990668 -0.212034438 -0.010423691 0.960649258 -0.179124947 -2.759693319 keyframe_001659.pcd
1660 1778824557.075674057 45.675096 -2.838755 9.964328 -0.218428679 -0.026959975 0.959499506 -0.175848715 -2.772819587 keyframe_001660.pcd
1661 1778824557.270452738 45.529748 -2.904621 9.918270 -0.215092486 -0.031938466 0.959118745 -0.181125340 -2.764204257 keyframe_001661.pcd
1662 1778824557.475543737 45.367974 -2.951284 9.897796 -0.213400225 -0.012265959 0.959383031 -0.184103477 -2.749291534 keyframe_001662.pcd
1663 1778824557.673758745 45.218805 -3.035581 9.881611 -0.213288424 -0.031540726 0.959620872 -0.180668241 -2.765387092 keyframe_001663.pcd
1664 1778824557.872142315 45.078288 -3.095301 9.827244 -0.216964058 -0.023026013 0.957032883 -0.191009060 -2.738058979 keyframe_001664.pcd
1665 1778824558.071543932 44.923488 -3.140574 9.768015 -0.219858969 -0.021173746 0.956992070 -0.188095413 -2.742919454 keyframe_001665.pcd
1666 1778824558.269754887 44.792205 -3.198586 9.742425 -0.212178220 -0.028723385 0.958807346 -0.186665056 -2.751221822 keyframe_001666.pcd
1667 1778824558.470112324 44.653788 -3.253838 9.725707 -0.211567032 -0.007555896 0.957684548 -0.194993861 -2.723940199 keyframe_001667.pcd
1668 1778824558.674281597 44.504828 -3.309399 9.677853 -0.223995995 -0.020203034 0.956088174 -0.187917631 -2.741823449 keyframe_001668.pcd
1669 1778824558.875372171 44.359152 -3.376703 9.643205 -0.208805926 -0.019620016 0.958969158 -0.190770266 -2.739030216 keyframe_001669.pcd
1670 1778824559.073597431 44.213994 -3.441320 9.624175 -0.211240133 -0.013708972 0.957720493 -0.194836154 -2.727006619 keyframe_001670.pcd
1671 1778824559.272116423 44.059066 -3.509975 9.606479 -0.215984989 -0.028920636 0.957067822 -0.191142002 -2.740651106 keyframe_001671.pcd
1672 1778824559.475764990 43.904857 -3.571394 9.575704 -0.214192675 -0.031643557 0.956064002 -0.197640602 -2.727988445 keyframe_001672.pcd
1673 1778824559.675825357 43.764992 -3.617067 9.562596 -0.209522138 -0.010642220 0.957053647 -0.200088815 -2.714675329 keyframe_001673.pcd
1674 1778824559.874014378 43.638239 -3.688077 9.534301 -0.209514358 -0.026080113 0.957069183 -0.198600456 -2.724516709 keyframe_001674.pcd
1675 1778824560.075598001 43.505985 -3.756836 9.492787 -0.208655070 -0.023260111 0.955530421 -0.207083663 -2.704930408 keyframe_001675.pcd
1676 1778824560.275743961 43.371159 -3.814505 9.456763 -0.213159062 -0.009423846 0.961575269 -0.172764022 -2.772851499 keyframe_001676.pcd
1677 1778824560.375702620 43.290910 -3.835485 9.447426 -0.217944095 -0.022672780 0.966681891 -0.132334569 -2.866054446 keyframe_001677.pcd
1678 1778824560.475838900 43.213801 -3.858139 9.414883 -0.225414009 -0.023977654 0.968382915 -0.104154339 -2.927172582 keyframe_001678.pcd
1679 1778824560.575600147 43.135670 -3.864928 9.388456 -0.217504206 -0.032368511 0.972097045 -0.081679466 -2.980759022 keyframe_001679.pcd
1680 1778824560.775694132 42.994991 -3.872984 9.356019 -0.220361354 0.002544025 0.973785345 -0.056360471 -3.018532579 keyframe_001680.pcd
1681 1778824560.975713015 42.844534 -3.887050 9.327369 -0.220843142 -0.015602408 0.974299537 -0.041536544 -3.059413078 keyframe_001681.pcd
1682 1778824561.175831318 42.664744 -3.912738 9.277071 -0.222414361 -0.018473491 0.972956768 -0.059545856 -3.021748161 keyframe_001682.pcd
1683 1778824561.275715351 42.592068 -3.931220 9.270257 -0.217740085 -0.006968177 0.971705986 -0.091258847 -2.947863364 keyframe_001683.pcd
1684 1778824561.475744486 42.449685 -3.978919 9.236009 -0.218930662 -0.028255753 0.966706171 -0.129422398 -2.874904563 keyframe_001684.pcd
1685 1778824561.675829172 42.312869 -4.036663 9.215802 -0.209056316 -0.030522542 0.964921457 -0.155853818 -2.819833597 keyframe_001685.pcd
1686 1778824561.875701666 42.195185 -4.068890 9.198161 -0.211340487 -0.011354592 0.961529510 -0.175120738 -2.768993671 keyframe_001686.pcd
1687 1778824562.075679302 42.087166 -4.108565 9.168505 -0.220981489 -0.017997620 0.959363439 -0.174542426 -2.770977861 keyframe_001687.pcd
1688 1778824562.275823355 41.964230 -4.174691 9.129248 -0.215104394 -0.019941144 0.959329575 -0.181711908 -2.757509983 keyframe_001688.pcd
1689 1778824562.475859880 41.831095 -4.227808 9.102953 -0.208543161 -0.011349919 0.959635780 -0.188361617 -2.740820942 keyframe_001689.pcd
1690 1778824562.675712585 41.678884 -4.290130 9.067346 -0.213629193 -0.019503195 0.958067564 -0.189970354 -2.739577018 keyframe_001690.pcd
1691 1778824562.875815153 41.534833 -4.357614 9.035725 -0.213628896 -0.008669967 0.956932339 -0.196387436 -2.720801201 keyframe_001691.pcd
1692 1778824563.075774431 41.388708 -4.413040 9.009400 -0.214838938 -0.007043226 0.956515849 -0.197159971 -2.718065594 keyframe_001692.pcd
1693 1778824563.275806665 41.249272 -4.475636 8.995360 -0.212068467 -0.022412913 0.956615133 -0.198524847 -2.722482437 keyframe_001693.pcd
1694 1778824563.475809097 41.085205 -4.549712 8.956403 -0.210351059 -0.018593446 0.955280215 -0.206993786 -2.702707764 keyframe_001694.pcd
1695 1778824563.675577879 40.936296 -4.602709 8.926172 -0.212268184 -0.013296031 0.955583837 -0.204021968 -2.706443906 keyframe_001695.pcd
1696 1778824563.875698328 40.787277 -4.673186 8.895388 -0.207779290 -0.020649884 0.956804718 -0.202301954 -2.714513658 keyframe_001696.pcd
1697 1778824564.075776815 40.656093 -4.734606 8.861541 -0.209408142 -0.005516889 0.954625748 -0.211677764 -2.687230862 keyframe_001697.pcd
1698 1778824564.375708580 40.435176 -4.845924 8.825023 -0.211942790 -0.021536162 0.954638885 -0.208040974 -2.701249770 keyframe_001698.pcd
1699 1778824564.575361252 40.284779 -4.920406 8.779947 -0.208454695 -0.015842093 0.953480706 -0.217187044 -2.679718904 keyframe_001699.pcd
1700 1778824564.775669575 40.137329 -4.979530 8.734732 -0.218425277 -0.027991819 0.951704971 -0.213926400 -2.689388511 keyframe_001700.pcd
1701 1778824564.975648403 39.993413 -5.018191 8.735333 -0.211004371 -0.023802081 0.952889458 -0.216592467 -2.683671257 keyframe_001701.pcd
1702 1778824565.175701380 39.850509 -5.079110 8.709157 -0.211874579 -0.012634715 0.951350589 -0.223341852 -2.663860006 keyframe_001702.pcd
1703 1778824565.375634909 39.701482 -5.160843 8.666663 -0.219551412 -0.021772876 0.951397783 -0.214861298 -2.684231631 keyframe_001703.pcd
1704 1778824565.575146675 39.558605 -5.237752 8.636504 -0.205690867 -0.023576964 0.962457897 -0.175528321 -2.774614694 keyframe_001704.pcd
1705 1778824565.773280144 39.406852 -5.286821 8.593486 -0.211585087 -0.002937464 0.964297260 -0.159229134 -2.799817654 keyframe_001705.pcd
1706 1778824565.975637436 39.253472 -5.352082 8.533731 -0.222072076 -0.015448327 0.964611177 -0.141317440 -2.842333444 keyframe_001706.pcd
1707 1778824566.175644636 39.098627 -5.417672 8.474489 -0.215436841 -0.023254410 0.966035673 -0.140788063 -2.848303705 keyframe_001707.pcd
1708 1778824566.375355959 38.960387 -5.446394 8.455024 -0.213613630 -0.016238816 0.966761217 -0.139564562 -2.848049777 keyframe_001708.pcd
1709 1778824566.474114180 38.859677 -5.469394 8.454635 -0.221770626 -0.025543457 0.965473159 -0.134264294 -2.862632513 keyframe_001709.pcd
1710 1778824566.673344851 38.680729 -5.501488 8.436756 -0.214958562 -0.023780332 0.966771487 -0.136309226 -2.858368109 keyframe_001710.pcd
1711 1778824566.871589422 38.530867 -5.536033 8.405696 -0.212111170 -0.008221921 0.967206332 -0.139474599 -2.844899244 keyframe_001711.pcd
1712 1778824567.074006319 38.377681 -5.591381 8.362922 -0.222813400 -0.026791522 0.964923249 -0.136233355 -2.858769709 keyframe_001712.pcd
1713 1778824567.274388552 38.233468 -5.678140 8.310310 -0.220563049 -0.028601394 0.960848628 -0.165238664 -2.796447134 keyframe_001713.pcd
1714 1778824567.473405123 38.103830 -5.745316 8.283143 -0.214493767 -0.020080840 0.960222731 -0.177655538 -2.766589316 keyframe_001714.pcd
1715 1778824567.671698570 37.961240 -5.801938 8.261148 -0.219837489 -0.029104004 0.957216662 -0.185905078 -2.751391987 keyframe_001715.pcd
1716 1778824567.870231867 37.818226 -5.856181 8.233706 -0.217291505 -0.013958647 0.956596160 -0.193683623 -2.728045194 keyframe_001716.pcd
1717 1778824568.075602055 37.674408 -5.929481 8.186517 -0.225814031 -0.026588509 0.953832189 -0.196227494 -2.725978484 keyframe_001717.pcd
1718 1778824568.273710728 37.528284 -5.995330 8.152132 -0.218697975 -0.029312493 0.954531009 -0.200455797 -2.719676131 keyframe_001718.pcd
1719 1778824568.473140717 37.380674 -6.060237 8.117505 -0.211053157 -0.012390635 0.955627854 -0.205130304 -2.703966047 keyframe_001719.pcd
1720 1778824568.671512842 37.247710 -6.134162 8.094736 -0.216364890 -0.023795457 0.954826489 -0.202302708 -2.713710156 keyframe_001720.pcd
1721 1778824568.873731375 37.104668 -6.202140 8.055551 -0.216423532 -0.021667955 0.953857966 -0.206993561 -2.702421067 keyframe_001721.pcd
1722 1778824569.074136734 36.960589 -6.267549 8.025621 -0.212506236 -0.012041192 0.953993116 -0.211171123 -2.690161433 keyframe_001722.pcd
1723 1778824569.273392916 36.810765 -6.338675 8.003467 -0.216167465 -0.026509691 0.953619249 -0.207796034 -2.702862453 keyframe_001723.pcd
1724 1778824569.475602627 36.671336 -6.403080 7.971273 -0.214367284 -0.021275598 0.952310569 -0.216098579 -2.682752171 keyframe_001724.pcd
1725 1778824569.674275160 36.544975 -6.453045 7.930241 -0.214144773 -0.016907314 0.952454576 -0.216070452 -2.680995135 keyframe_001725.pcd
1726 1778824569.875534773 36.404305 -6.514682 7.907352 -0.208788045 -0.018962276 0.954331855 -0.212834899 -2.690473399 keyframe_001726.pcd
1727 1778824570.073721647 36.262543 -6.589922 7.869490 -0.211384741 -0.011778760 0.957200515 -0.197344689 -2.720654980 keyframe_001727.pcd
1728 1778824570.272411346 36.115464 -6.659849 7.824306 -0.224553099 -0.023095922 0.956773011 -0.183379087 -2.753056993 keyframe_001728.pcd
1729 1778824570.475533247 35.970070 -6.701619 7.804855 -0.222602930 -0.017214691 0.957707327 -0.181516575 -2.754891035 keyframe_001729.pcd
1730 1778824570.675364733 35.829727 -6.744649 7.796420 -0.213771250 -0.004452466 0.960433031 -0.178466861 -2.758083865 keyframe_001730.pcd
1731 1778824570.875490189 35.677362 -6.793425 7.766394 -0.222597669 -0.014767303 0.958915894 -0.175249857 -2.767536196 keyframe_001731.pcd
1732 1778824571.073853493 35.534027 -6.854917 7.732104 -0.212357524 -0.016415059 0.960686616 -0.178090018 -2.764497841 keyframe_001732.pcd
1733 1778824571.275500536 35.393804 -6.898319 7.698607 -0.210542287 -0.009853194 0.960745278 -0.180397815 -2.757037676 keyframe_001733.pcd
1734 1778824571.475498199 35.239562 -6.968610 7.666187 -0.218275856 -0.019280410 0.959208781 -0.178612515 -2.763267768 keyframe_001734.pcd
1735 1778824571.675547361 35.097022 -7.041193 7.626066 -0.217340236 -0.015628403 0.957874684 -0.187069677 -2.743293385 keyframe_001735.pcd
1736 1778824571.875522852 34.955837 -7.105074 7.586933 -0.212437321 -0.006155635 0.959150156 -0.186717623 -2.741175677 keyframe_001736.pcd
1737 1778824572.075475693 34.808121 -7.149118 7.564451 -0.214175499 -0.019738807 0.958981516 -0.184644760 -2.751214261 keyframe_001737.pcd
1738 1778824572.275615454 34.673816 -7.209519 7.528106 -0.212893975 -0.013276892 0.957506196 -0.194117912 -2.727960092 keyframe_001738.pcd
1739 1778824572.473638535 34.532272 -7.273031 7.487387 -0.222784616 -0.018418943 0.955546884 -0.192244402 -2.731766450 keyframe_001739.pcd
1740 1778824572.675571442 34.395703 -7.346295 7.470442 -0.203027612 -0.033210811 0.960331927 -0.188253609 -2.751537893 keyframe_001740.pcd
1741 1778824572.775516987 34.306023 -7.385640 7.440342 -0.220182164 -0.028519988 0.954868104 -0.197315301 -2.725883402 keyframe_001741.pcd
1742 1778824572.975579977 34.122741 -7.462606 7.431197 -0.211717765 -0.018670466 0.957099512 -0.196945489 -2.724407231 keyframe_001742.pcd
1743 1778824573.075413227 34.025321 -7.501993 7.420201 -0.219814072 -0.026115599 0.955928086 -0.192876238 -2.734662896 keyframe_001743.pcd
1744 1778824573.275600672 33.841610 -7.579866 7.367007 -0.220266360 -0.016119672 0.954778629 -0.199049383 -2.716399935 keyframe_001744.pcd
1745 1778824573.475521564 33.669470 -7.663723 7.329264 -0.216353462 -0.015472209 0.954910469 -0.202725888 -2.709103548 keyframe_001745.pcd
1746 1778824573.675451994 33.517630 -7.744172 7.287938 -0.210666335 -0.024633289 0.959064433 -0.187638775 -2.747618878 keyframe_001746.pcd
1747 1778824573.775374651 33.427633 -7.774126 7.250014 -0.220241404 -0.022211093 0.957586473 -0.184468256 -2.751282474 keyframe_001747.pcd
1748 1778824573.975484371 33.262211 -7.817519 7.224452 -0.218395883 -0.012908907 0.959111103 -0.179561941 -2.758264961 keyframe_001748.pcd
1749 1778824574.175487041 33.100288 -7.886283 7.214823 -0.218891170 -0.031279722 0.959365867 -0.175286531 -2.775959910 keyframe_001749.pcd
1750 1778824574.375431299 32.941670 -7.932380 7.164385 -0.213664854 -0.017538394 0.959341452 -0.183585711 -2.752678277 keyframe_001750.pcd
1751 1778824574.575431585 32.785775 -7.988278 7.098851 -0.225599760 -0.024702080 0.957224421 -0.179488057 -2.762157776 keyframe_001751.pcd
1752 1778824574.775124550 32.652688 -8.073593 7.072850 -0.219763812 -0.022052670 0.958336391 -0.181132293 -2.758657563 keyframe_001752.pcd
1753 1778824574.975105524 32.518499 -8.139377 7.045396 -0.213424233 -0.010544021 0.959345755 -0.184376363 -2.747935801 keyframe_001753.pcd
1754 1778824575.175433636 32.386554 -8.195977 7.008332 -0.220346052 -0.022857070 0.957986255 -0.182174387 -2.756601105 keyframe_001754.pcd
1755 1778824575.375470400 32.259971 -8.259330 6.970235 -0.216422298 -0.022429183 0.957988644 -0.186858445 -2.747035406 keyframe_001755.pcd
1756 1778824575.575500250 32.138421 -8.275199 6.944598 -0.212214758 -0.008555492 0.961206084 -0.175995923 -2.765655891 keyframe_001756.pcd
1757 1778824575.675116301 32.042091 -8.297705 6.927357 -0.220316996 -0.019557100 0.963182676 -0.152830209 -2.819435292 keyframe_001757.pcd
1758 1778824575.873400688 31.877350 -8.330580 6.906834 -0.222880137 -0.017648356 0.966470056 -0.126287812 -2.876082616 keyframe_001758.pcd
1759 1778824576.075386763 31.736176 -8.359569 6.878121 -0.217739785 -0.004219727 0.969093254 -0.115887207 -2.893194728 keyframe_001759.pcd
1760 1778824576.275466681 31.586062 -8.396402 6.834693 -0.224143639 -0.014407276 0.968524332 -0.107297144 -2.915754439 keyframe_001760.pcd
1761 1778824576.475311518 31.446393 -8.432951 6.796061 -0.218966628 -0.029849251 0.969297959 -0.107815140 -2.922716481 keyframe_001761.pcd
1762 1778824576.674117088 31.300957 -8.477524 6.766517 -0.214719177 -0.018842477 0.968247007 -0.126642687 -2.877127233 keyframe_001762.pcd
1763 1778824576.873349905 31.126626 -8.546278 6.751804 -0.220324571 -0.028715984 0.964805413 -0.140652019 -2.850406292 keyframe_001763.pcd
1764 1778824577.075294018 30.956369 -8.604649 6.731074 -0.218139747 -0.020110561 0.963451890 -0.154178702 -2.817166351 keyframe_001764.pcd
1765 1778824577.274071693 30.802885 -8.648330 6.703011 -0.215224783 -0.020380297 0.963826052 -0.155891876 -2.814107897 keyframe_001765.pcd
1766 1778824577.475324869 30.641664 -8.719406 6.674142 -0.212929664 -0.023131864 0.964047336 -0.157285122 -2.812746932 keyframe_001766.pcd
1767 1778824577.673361301 30.493786 -8.777696 6.639825 -0.219750555 -0.007097952 0.960867921 -0.168499709 -2.779508072 keyframe_001767.pcd
1768 1778824577.872077227 30.335883 -8.835211 6.579428 -0.230183238 -0.019380747 0.959008585 -0.164142004 -2.792404109 keyframe_001768.pcd
1769 1778824578.075164557 30.196098 -8.889619 6.537753 -0.225030425 -0.016240363 0.959522438 -0.168565268 -2.782337978 keyframe_001769.pcd
1770 1778824578.275325060 30.052062 -8.924681 6.493475 -0.213125873 -0.011337266 0.961808492 -0.171386271 -2.776706272 keyframe_001770.pcd
1771 1778824578.473927975 29.922483 -8.984197 6.463142 -0.215523289 -0.022059223 0.960469614 -0.174817688 -2.773461680 keyframe_001771.pcd
1772 1778824578.673009396 29.777509 -9.058020 6.419614 -0.213021756 -0.018896488 0.960008595 -0.180687995 -2.759764714 keyframe_001772.pcd
1773 1778824578.875231266 29.628288 -9.105605 6.392581 -0.218569155 -0.020003685 0.958264859 -0.183182522 -2.753498200 keyframe_001773.pcd
1774 1778824579.073596954 29.486594 -9.169351 6.372523 -0.209876407 -0.031813799 0.960112835 -0.181997584 -2.763270237 keyframe_001774.pcd
1775 1778824579.275068521 29.343664 -9.236132 6.337125 -0.214984101 -0.018826900 0.957243089 -0.192647484 -2.733075840 keyframe_001775.pcd
1776 1778824579.473341227 29.177635 -9.290639 6.282194 -0.225184986 -0.023204267 0.955754693 -0.187846348 -2.743087272 keyframe_001776.pcd
1777 1778824579.675322294 29.044540 -9.359325 6.270856 -0.211100347 -0.019716570 0.959026744 -0.187924464 -2.744750839 keyframe_001777.pcd
1778 1778824579.874961615 28.890237 -9.424548 6.240034 -0.210004912 -0.008787237 0.958215550 -0.194019797 -2.727014569 keyframe_001778.pcd
1779 1778824580.075471163 28.742274 -9.481482 6.207986 -0.221272752 -0.026715307 0.956242072 -0.189540921 -2.741942505 keyframe_001779.pcd
1780 1778824580.273856163 28.600700 -9.561463 6.178385 -0.220783804 -0.023925234 0.955482768 -0.194254408 -2.730381309 keyframe_001780.pcd
1781 1778824580.475447178 28.457644 -9.606931 6.142321 -0.213604565 -0.010285598 0.956825639 -0.196855259 -2.720481613 keyframe_001781.pcd
1782 1778824580.675272226 28.317675 -9.651378 6.124494 -0.216620912 -0.021178498 0.956221946 -0.195618102 -2.727185389 keyframe_001782.pcd
1783 1778824580.875280142 28.185938 -9.727060 6.092673 -0.219480139 -0.023437588 0.954202138 -0.201934217 -2.713553518 keyframe_001783.pcd
1784 1778824581.174795389 27.984192 -9.818473 6.057617 -0.218062826 -0.020206879 0.954409104 -0.202838724 -2.710485157 keyframe_001784.pcd
1785 1778824581.375348091 27.839514 -9.886317 5.998367 -0.217758144 -0.030789911 0.953364172 -0.206712671 -2.706762645 keyframe_001785.pcd
1786 1778824581.575235367 27.694354 -9.952356 5.961381 -0.211781595 -0.014937938 0.954090271 -0.211275100 -2.691370810 keyframe_001786.pcd
1787 1778824581.775286198 27.543594 -10.034124 5.925256 -0.216410171 -0.031312782 0.953136168 -0.209087525 -2.702088893 keyframe_001787.pcd
1788 1778824581.975337744 27.371008 -10.122038 5.889880 -0.215396256 -0.026317494 0.951631654 -0.217506410 -2.681555636 keyframe_001788.pcd
1789 1778824582.173675537 27.221285 -10.196828 5.854712 -0.215615007 -0.023548178 0.951945674 -0.216229246 -2.683104144 keyframe_001789.pcd
1790 1778824582.375246763 27.076407 -10.269821 5.836634 -0.216186672 -0.020854774 0.951327694 -0.218641303 -2.676443974 keyframe_001790.pcd
1791 1778824582.575330019 26.925359 -10.333919 5.805571 -0.212895062 -0.008835214 0.951882996 -0.220264374 -2.668720186 keyframe_001791.pcd
1792 1778824582.775161028 26.785241 -10.391688 5.760431 -0.216980301 -0.024801617 0.959083049 -0.180178062 -2.762641187 keyframe_001792.pcd
1793 1778824582.975209475 26.648869 -10.430077 5.719849 -0.221659459 -0.020473773 0.963466866 -0.148927861 -2.828151324 keyframe_001793.pcd
1794 1778824583.175373077 26.503275 -10.472602 5.701355 -0.217738785 -0.003594379 0.967134906 -0.131251575 -2.859546867 keyframe_001794.pcd
1795 1778824583.375189543 26.365841 -10.517938 5.677760 -0.222523406 -0.017303470 0.967377370 -0.119853860 -2.890012896 keyframe_001795.pcd
1796 1778824583.575224638 26.216805 -10.564102 5.621140 -0.220573602 -0.025009012 0.967415988 -0.121770858 -2.889818952 keyframe_001796.pcd
1797 1778824583.775204897 26.063051 -10.594785 5.579551 -0.217893341 -0.016283532 0.968393503 -0.120296974 -2.889249674 keyframe_001797.pcd
1798 1778824583.975151539 25.898869 -10.636513 5.561492 -0.220162467 -0.029672868 0.967765555 -0.118650071 -2.898917554 keyframe_001798.pcd
1799 1778824584.175283670 25.735010 -10.682839 5.517889 -0.220554348 -0.017681163 0.967338880 -0.123687699 -2.882133145 keyframe_001799.pcd
1800 1778824584.375166416 25.594540 -10.722085 5.471231 -0.229942828 -0.024783155 0.965260254 -0.121592490 -2.888826580 keyframe_001800.pcd
1801 1778824584.575311184 25.420573 -10.769118 5.451659 -0.227554090 -0.022535338 0.965508433 -0.124518111 -2.881627331 keyframe_001801.pcd
1802 1778824584.775205135 25.263535 -10.811122 5.412835 -0.219374279 -0.008199169 0.967370123 -0.126501954 -2.871711246 keyframe_001802.pcd
1803 1778824584.975164413 25.111107 -10.874726 5.371392 -0.223569253 -0.028223537 0.966451313 -0.123256161 -2.887748687 keyframe_001803.pcd
1804 1778824585.275310278 24.874419 -10.946345 5.310280 -0.213822201 -0.013092833 0.967489732 -0.134433118 -2.857722810 keyframe_001804.pcd
1805 1778824585.475070477 24.729525 -10.979163 5.286955 -0.228194165 -0.027522333 0.964683741 -0.128667109 -2.874918460 keyframe_001805.pcd
1806 1778824585.675241470 24.574791 -11.008948 5.265572 -0.227212421 -0.023092548 0.964267939 -0.134270591 -2.860566879 keyframe_001806.pcd
1807 1778824585.875179529 24.420685 -11.054548 5.251777 -0.217375877 -0.009669651 0.966053398 -0.139266140 -2.844997748 keyframe_001807.pcd
1808 1778824586.073354483 24.276283 -11.073394 5.232163 -0.224631387 -0.024340963 0.964638333 -0.135724515 -2.858409798 keyframe_001808.pcd
1809 1778824586.275172710 24.140037 -11.095505 5.189158 -0.219830587 -0.027805085 0.964681569 -0.142445994 -2.846126484 keyframe_001809.pcd
1810 1778824586.475109339 23.995016 -11.128762 5.151646 -0.215750774 -0.014019843 0.965525280 -0.144968898 -2.834898686 keyframe_001810.pcd
1811 1778824586.675155401 23.854829 -11.199587 5.117178 -0.219499463 -0.029379140 0.964528514 -0.143671841 -2.844245383 keyframe_001811.pcd
1812 1778824586.874832392 23.689064 -11.283947 5.067741 -0.215644382 -0.018014683 0.964344343 -0.152358001 -2.820652553 keyframe_001812.pcd
1813 1778824587.073129654 23.514676 -11.350339 5.012133 -0.226114706 -0.022548683 0.962068548 -0.150956303 -2.823853096 keyframe_001813.pcd
1814 1778824587.275079966 23.355031 -11.414697 4.983456 -0.211604029 -0.025413183 0.965010762 -0.152748598 -2.823884693 keyframe_001814.pcd
1815 1778824587.373407125 23.268733 -11.459675 4.958727 -0.218764851 -0.023299352 0.962646165 -0.157833587 -2.810537744 keyframe_001815.pcd
1816 1778824587.571757317 23.115549 -11.502133 4.930321 -0.214589953 -0.014735349 0.963691640 -0.158216450 -2.806604810 keyframe_001816.pcd
1817 1778824587.773739100 22.959312 -11.569035 4.919882 -0.215750047 -0.026019694 0.963433666 -0.156749687 -2.814722853 keyframe_001817.pcd
1818 1778824587.972927570 22.825012 -11.607884 4.891602 -0.214567964 -0.014312694 0.962577994 -0.164922228 -2.791800587 keyframe_001818.pcd
1819 1778824588.171206474 22.693955 -11.646876 4.833804 -0.225787642 -0.021619573 0.960417905 -0.161709564 -2.799822729 keyframe_001819.pcd
1820 1778824588.372786760 22.544083 -11.702742 4.794065 -0.221109269 -0.021336266 0.961004110 -0.164701412 -2.794103288 keyframe_001820.pcd
1821 1778824588.574907303 22.398643 -11.762664 4.770029 -0.217006067 -0.014696150 0.961646789 -0.167116254 -2.786643973 keyframe_001821.pcd
1822 1778824588.773352623 22.253704 -11.809827 4.755693 -0.221546957 -0.024318194 0.960586724 -0.166128618 -2.792280498 keyframe_001822.pcd
1823 1778824588.975082636 22.080592 -11.883797 4.707383 -0.219440922 -0.027701805 0.960096394 -0.171152579 -2.783264225 keyframe_001823.pcd
1824 1778824589.173341274 21.932015 -11.939869 4.665913 -0.215942556 -0.018285258 0.960711797 -0.173399262 -2.774768969 keyframe_001824.pcd
1825 1778824589.475115776 21.675566 -12.050489 4.590053 -0.217170145 -0.035309585 0.958450878 -0.181555160 -2.764388866 keyframe_001825.pcd
1826 1778824589.673348665 21.530992 -12.123818 4.571244 -0.209755492 -0.012815846 0.955385898 -0.207548004 -2.699211513 keyframe_001826.pcd
1827 1778824589.875033379 21.388905 -12.191193 4.546079 -0.217049701 -0.030513535 0.949949502 -0.222607939 -2.671665863 keyframe_001827.pcd
1828 1778824590.075188160 21.245460 -12.266039 4.500985 -0.214652575 -0.029950622 0.946945455 -0.237321589 -2.639483275 keyframe_001828.pcd
1829 1778824590.275030136 21.129485 -12.337798 4.462220 -0.217594945 -0.022690871 0.945526644 -0.241074529 -2.627128587 keyframe_001829.pcd
1830 1778824590.473692894 21.004870 -12.421361 4.442020 -0.214954153 -0.030216196 0.945925248 -0.241054182 -2.631221528 keyframe_001830.pcd
1831 1778824590.675187349 20.867186 -12.510596 4.426799 -0.211837856 -0.013752628 0.945376162 -0.247385328 -2.611306635 keyframe_001831.pcd
1832 1778824590.875067472 20.730123 -12.600565 4.400732 -0.215635117 -0.021594192 0.945174644 -0.244295065 -2.620144469 keyframe_001832.pcd
1833 1778824591.075104475 20.580168 -12.679028 4.359357 -0.213428302 -0.019003224 0.944366225 -0.249518880 -2.608199159 keyframe_001833.pcd
1834 1778824591.275164366 20.421549 -12.761281 4.329540 -0.209861736 -0.013157333 0.944304741 -0.253127424 -2.599041647 keyframe_001834.pcd
1835 1778824591.374797821 20.331335 -12.816061 4.297589 -0.220950420 -0.029089753 0.941535486 -0.252676923 -2.602929588 keyframe_001835.pcd
1836 1778824591.575057983 20.179262 -12.913351 4.275738 -0.210622521 -0.028333180 0.943314945 -0.254935873 -2.600929060 keyframe_001836.pcd
1837 1778824591.775146961 20.030223 -12.989663 4.249713 -0.210974053 -0.014891464 0.941274826 -0.263191747 -2.577045399 keyframe_001837.pcd
1838 1778824591.975041151 19.902210 -13.063828 4.219536 -0.212606532 -0.021636620 0.941556700 -0.260386827 -2.585420700 keyframe_001838.pcd
1839 1778824592.175114155 19.786536 -13.150784 4.169977 -0.213582039 -0.020473798 0.940096173 -0.264920219 -2.574517549 keyframe_001839.pcd
1840 1778824592.374835253 19.655735 -13.235053 4.146470 -0.207401905 -0.011954443 0.940858618 -0.267631468 -2.567333913 keyframe_001840.pcd
1841 1778824592.575197458 19.529325 -13.327107 4.121087 -0.213372892 -0.024128542 0.938794720 -0.269359045 -2.566178943 keyframe_001841.pcd
1842 1778824592.775029421 19.386695 -13.429953 4.079551 -0.210151828 -0.020120979 0.937062665 -0.278109544 -2.546218486 keyframe_001842.pcd
1843 1778824592.975200653 19.221535 -13.525612 4.037001 -0.218362409 -0.025212939 0.935369322 -0.277067497 -2.547554670 keyframe_001843.pcd
1844 1778824593.175016165 19.067802 -13.603133 4.025712 -0.209049805 -0.026335777 0.941482267 -0.263088856 -2.582507716 keyframe_001844.pcd
1845 1778824593.373461246 18.920596 -13.694071 4.031497 -0.214283017 -0.008038465 0.944060757 -0.250534347 -2.601158232 keyframe_001845.pcd
1846 1778824593.575095892 18.763749 -13.792296 4.001759 -0.222431623 -0.023692959 0.945444374 -0.236849640 -2.635400700 keyframe_001846.pcd
1847 1778824593.775166512 18.626474 -13.878779 3.945896 -0.216182337 -0.022271472 0.947196508 -0.235770979 -2.639166034 keyframe_001847.pcd
1848 1778824593.975040674 18.479767 -13.946279 3.889577 -0.213484551 -0.011647377 0.948326337 -0.234447954 -2.638471840 keyframe_001848.pcd
1849 1778824594.175189734 18.320347 -14.029444 3.838484 -0.216953104 -0.022503808 0.948131652 -0.231238621 -2.649071965 keyframe_001849.pcd
1850 1778824594.375172138 18.164379 -14.115809 3.792454 -0.213996287 -0.022232300 0.946850362 -0.239135329 -2.632377260 keyframe_001850.pcd
1851 1778824594.575054169 18.019372 -14.190575 3.759876 -0.223091692 -0.026744204 0.944758093 -0.238635686 -2.632561054 keyframe_001851.pcd
1852 1778824594.775135994 17.864282 -14.275270 3.734334 -0.217916362 -0.025994651 0.945633502 -0.240029199 -2.630773081 keyframe_001852.pcd
1853 1778824594.975141764 17.727742 -14.341217 3.698397 -0.214564295 -0.007668667 0.945625334 -0.244327818 -2.614638098 keyframe_001853.pcd
1854 1778824595.174815655 17.602455 -14.419239 3.655195 -0.220951171 -0.023401349 0.945212935 -0.239176639 -2.630570735 keyframe_001854.pcd
1855 1778824595.275143385 17.521847 -14.476129 3.633237 -0.210585462 -0.027333539 0.946478012 -0.243076150 -2.626829511 keyframe_001855.pcd
1856 1778824595.375108480 17.439266 -14.533010 3.603813 -0.216696231 -0.028807984 0.943602576 -0.248650401 -2.613183742 keyframe_001856.pcd
1857 1778824595.575029612 17.282434 -14.618290 3.584437 -0.212319500 -0.021150794 0.944517698 -0.249718625 -2.609008535 keyframe_001857.pcd
1858 1778824595.775013924 17.137843 -14.712185 3.567512 -0.214603324 -0.035724355 0.943939892 -0.248287462 -2.617596148 keyframe_001858.pcd
1859 1778824595.975162745 17.005698 -14.796688 3.549680 -0.206127550 -0.015916668 0.943943606 -0.257349103 -2.592067176 keyframe_001859.pcd
1860 1778824596.173480749 16.873792 -14.866410 3.506818 -0.216476001 -0.030011887 0.943033925 -0.250847449 -2.608872794 keyframe_001860.pcd
1861 1778824596.375013351 16.749434 -14.953794 3.482476 -0.202571788 -0.027831475 0.945225813 -0.254437110 -2.604299786 keyframe_001861.pcd
1862 1778824596.574620962 16.606709 -15.025541 3.442491 -0.207269237 -0.015166475 0.942866678 -0.260407120 -2.584623749 keyframe_001862.pcd
1863 1778824596.775116920 16.467467 -15.132150 3.407396 -0.213044295 -0.031026609 0.942120049 -0.257020020 -2.596640081 keyframe_001863.pcd
1864 1778824596.973564625 16.337369 -15.215922 3.367226 -0.214925506 -0.031335947 0.939873888 -0.263556748 -2.581573275 keyframe_001864.pcd
1865 1778824597.172841311 16.172881 -15.291932 3.340955 -0.207807990 -0.022684590 0.942405207 -0.261100891 -2.585871171 keyframe_001865.pcd
1866 1778824597.275130510 16.082616 -15.333800 3.334334 -0.211003844 -0.026689126 0.949036406 -0.232583250 -2.649643774 keyframe_001866.pcd
1867 1778824597.364817619 15.995754 -15.367137 3.310407 -0.211240875 -0.027252289 0.956438045 -0.199651874 -2.722315979 keyframe_001867.pcd
1868 1778824597.474948645 15.898313 -15.402930 3.281129 -0.210927519 -0.018597485 0.963939023 -0.161199489 -2.802575532 keyframe_001868.pcd
1869 1778824597.771317244 15.634977 -15.455136 3.229445 -0.221589768 -0.017935997 0.968565177 -0.111614392 -2.908408897 keyframe_001869.pcd
1870 1778824597.971078396 15.464899 -15.492452 3.193117 -0.213914585 -0.013543809 0.972084317 -0.095442108 -2.942352412 keyframe_001870.pcd
1871 1778824598.175087929 15.306815 -15.531096 3.172267 -0.217930033 -0.008205674 0.970584491 -0.102004479 -2.925142991 keyframe_001871.pcd
1872 1778824598.374761105 15.153631 -15.603073 3.120235 -0.229275645 -0.026625447 0.961932123 -0.146322775 -2.835469097 keyframe_001872.pcd
1873 1778824598.574754238 15.003663 -15.695994 3.059003 -0.218503866 -0.020913780 0.958654649 -0.181107534 -2.758484247 keyframe_001873.pcd
1874 1778824598.773014307 14.851237 -15.751126 3.065492 -0.209323162 -0.023778352 0.957263947 -0.198151811 -2.724553482 keyframe_001874.pcd
1875 1778824598.972676039 14.688876 -15.802573 3.038892 -0.216295268 -0.034734982 0.953620670 -0.206439959 -2.709495697 keyframe_001875.pcd
1876 1778824599.174415827 14.550743 -15.859666 2.997805 -0.211003556 -0.021393826 0.952647941 -0.217902971 -2.679764860 keyframe_001876.pcd
1877 1778824599.375099897 14.403635 -15.925715 2.948077 -0.221039616 -0.029294303 0.950378532 -0.216942339 -2.682581808 keyframe_001877.pcd
1878 1778824599.574659348 14.261381 -16.011914 2.922694 -0.203684894 -0.030392907 0.953427839 -0.220372619 -2.680006688 keyframe_001878.pcd
1879 1778824599.772996902 14.123441 -16.085052 2.889469 -0.210860263 -0.017406137 0.950703432 -0.226711183 -2.658744557 keyframe_001879.pcd
1880 1778824599.974847317 13.981807 -16.174868 2.864263 -0.219097797 -0.025336081 0.949257226 -0.224198478 -2.665271072 keyframe_001880.pcd
1881 1778824600.174970150 13.840580 -16.270789 2.821552 -0.213337241 -0.037704890 0.948718879 -0.230213055 -2.658962561 keyframe_001881.pcd
1882 1778824600.375014544 13.700651 -16.368117 2.797741 -0.204666157 -0.011679935 0.950171198 -0.234840454 -2.640429163 keyframe_001882.pcd
1883 1778824600.574794769 13.561713 -16.448776 2.763119 -0.208886356 -0.031607795 0.949530655 -0.231859815 -2.653897542 keyframe_001883.pcd
1884 1778824600.775175571 13.412444 -16.524509 2.719148 -0.207292310 -0.021899847 0.948210498 -0.239681345 -2.633083390 keyframe_001884.pcd
1885 1778824600.975149632 13.248472 -16.605735 2.677814 -0.217093214 -0.032487979 0.946284930 -0.237402400 -2.639686030 keyframe_001885.pcd
1886 1778824601.175077915 13.092520 -16.673065 2.651788 -0.211893008 -0.026932977 0.950394232 -0.226112301 -2.663785423 keyframe_001886.pcd
1887 1778824601.375114441 12.913373 -16.726570 2.637760 -0.210008115 -0.012533715 0.954972245 -0.209206858 -2.695389659 keyframe_001887.pcd
1888 1778824601.573225737 12.760373 -16.798005 2.605253 -0.218247439 -0.027516813 0.955625004 -0.195938084 -2.728932414 keyframe_001888.pcd
1889 1778824601.775082111 12.599456 -16.878586 2.549181 -0.220482045 -0.026777916 0.954535468 -0.198828198 -2.721670849 keyframe_001889.pcd
1890 1778824601.975026369 12.423070 -16.943753 2.498955 -0.210580406 -0.022972403 0.957383567 -0.196328466 -2.727899028 keyframe_001890.pcd
1891 1778824602.075005770 12.330148 -16.984365 2.490672 -0.218217436 -0.028157568 0.956952228 -0.189290083 -2.743870956 keyframe_001891.pcd
1892 1778824602.175240755 12.231180 -17.024527 2.462050 -0.213246026 -0.031963531 0.959458357 -0.181505171 -2.763751996 keyframe_001892.pcd
1893 1778824602.275185823 12.136871 -17.065444 2.428506 -0.218339322 -0.029195940 0.959636102 -0.174854481 -2.776053594 keyframe_001893.pcd
1894 1778824602.475198746 11.980128 -17.121768 2.404146 -0.208487977 -0.009988272 0.963774950 -0.166044704 -2.788789703 keyframe_001894.pcd
1895 1778824602.675017357 11.846508 -17.161015 2.388043 -0.214886962 -0.022876370 0.962873244 -0.161788075 -2.802443705 keyframe_001895.pcd
1896 1778824602.875207186 11.716740 -17.214070 2.352803 -0.211912192 -0.019545025 0.962703720 -0.167071132 -2.790013046 keyframe_001896.pcd
1897 1778824603.075191259 11.568884 -17.265096 2.330817 -0.220408586 -0.025931362 0.961638093 -0.161244527 -2.803983559 keyframe_001897.pcd
1898 1778824603.275039434 11.429297 -17.321712 2.316189 -0.211430474 -0.030946949 0.963531188 -0.161081005 -2.808260442 keyframe_001898.pcd
1899 1778824603.475182772 11.283947 -17.379195 2.276455 -0.210881204 -0.019021607 0.963405018 -0.164371734 -2.795869174 keyframe_001899.pcd
1900 1778824603.675117731 11.126871 -17.437260 2.239081 -0.216834581 -0.026721410 0.962161627 -0.162830382 -2.801556816 keyframe_001900.pcd
1901 1778824603.875007391 10.973807 -17.515704 2.175576 -0.221383945 -0.023406942 0.960352743 -0.167820956 -2.788169903 keyframe_001901.pcd
1902 1778824604.075188875 10.806187 -17.552397 2.142374 -0.210809759 -0.014463812 0.962209213 -0.171765751 -2.777780725 keyframe_001902.pcd
1903 1778824604.275012970 10.647855 -17.613043 2.116865 -0.216263808 -0.031435600 0.961253069 -0.168030671 -2.792452328 keyframe_001903.pcd
1904 1778824604.475182533 10.491513 -17.685703 2.077197 -0.216357026 -0.031584678 0.959949642 -0.175181989 -2.776829350 keyframe_001904.pcd
1905 1778824604.675167561 10.357233 -17.731629 2.050468 -0.208918019 -0.013240906 0.961699246 -0.176953385 -2.766384208 keyframe_001905.pcd
1906 1778824604.875068665 10.203245 -17.797343 2.033875 -0.214841169 -0.027466176 0.960296118 -0.175841537 -2.773808485 keyframe_001906.pcd
1907 1778824605.075041056 10.041452 -17.861622 2.003780 -0.214126146 -0.016327675 0.959334385 -0.183196446 -2.752884349 keyframe_001907.pcd
1908 1778824605.274801254 9.891366 -17.914675 1.972828 -0.221929130 -0.022102911 0.957942891 -0.180566719 -2.759417292 keyframe_001908.pcd
1909 1778824605.475148916 9.763359 -17.969178 1.933233 -0.216441326 -0.026888728 0.958723796 -0.182424865 -2.758777585 keyframe_001909.pcd
1910 1778824605.675026655 9.640332 -18.056195 1.890512 -0.213235185 -0.014202861 0.958588625 -0.188246867 -2.741121687 keyframe_001910.pcd
1911 1778824605.875100851 9.495535 -18.143688 1.853938 -0.217052440 -0.021989219 0.958076220 -0.185727404 -2.749171249 keyframe_001911.pcd
1912 1778824606.074759722 9.345822 -18.225332 1.811378 -0.214019517 -0.022302107 0.957753898 -0.190802866 -2.738894346 keyframe_001912.pcd
1913 1778824606.275193930 9.186705 -18.251254 1.802639 -0.208818118 -0.014516445 0.958689543 -0.192610040 -2.732831728 keyframe_001913.pcd
1914 1778824606.475118876 9.017754 -18.304781 1.784919 -0.213526817 -0.028458451 0.957398915 -0.192311552 -2.738428860 keyframe_001914.pcd
1915 1778824606.674835443 8.845076 -18.371675 1.747277 -0.212756576 -0.019407459 0.956241353 -0.199901136 -2.717984543 keyframe_001915.pcd
1916 1778824606.875174046 8.684363 -18.434185 1.698542 -0.224660453 -0.027225905 0.953842341 -0.197411297 -2.723951952 keyframe_001916.pcd
1917 1778824607.074526072 8.532874 -18.510192 1.676527 -0.211316657 -0.026587826 0.956424006 -0.199728513 -2.721840648 keyframe_001917.pcd
1918 1778824607.275113821 8.362156 -18.578696 1.646890 -0.211367814 -0.015386174 0.955479928 -0.205292522 -2.704798464 keyframe_001918.pcd
1919 1778824607.472679615 8.233274 -18.655255 1.630978 -0.216661872 -0.027735678 0.955064625 -0.200349513 -2.719696777 keyframe_001919.pcd
1920 1778824607.675019026 8.090970 -18.718755 1.586317 -0.216924409 -0.029300522 0.956272036 -0.193982146 -2.734360496 keyframe_001920.pcd
1921 1778824607.873156548 7.930657 -18.773323 1.544802 -0.220214693 -0.021853440 0.963067347 -0.153392314 -2.819304020 keyframe_001921.pcd
1922 1778824608.074698687 7.775493 -18.820763 1.500997 -0.216661626 -0.028241969 0.966867952 -0.132009446 -2.869563385 keyframe_001922.pcd
1923 1778824608.273097515 7.597624 -18.863423 1.465859 -0.217475089 -0.008834628 0.968533267 -0.120705620 -2.884936152 keyframe_001923.pcd
1924 1778824608.374432087 7.514533 -18.875746 1.437555 -0.224534970 -0.023322459 0.970359971 -0.086264929 -2.965941935 keyframe_001924.pcd
1925 1778824608.474162340 7.416372 -18.880538 1.421078 -0.219671686 -0.019347592 0.974608373 -0.038839931 -3.067095212 keyframe_001925.pcd
1926 1778824608.572556019 7.330979 -18.882377 1.395845 -0.224912586 -0.019276055 0.974163963 -0.006880011 -3.136325668 keyframe_001926.pcd
1927 1778824608.672395468 7.236848 -18.882667 1.359161 -0.222577544 -0.024615212 0.974417293 0.019085793 3.088151940 keyframe_001927.pcd
1928 1778824608.871044636 7.062292 -18.854929 1.335248 -0.209820196 0.004545063 0.976504792 0.048920529 3.038739695 keyframe_001928.pcd
1929 1778824609.075043678 6.886031 -18.830361 1.302325 -0.218364165 -0.011240347 0.973439174 0.067874296 2.989712551 keyframe_001929.pcd
1930 1778824609.174633503 6.790915 -18.814489 1.269904 -0.224470313 -0.006810456 0.972061463 0.068287686 2.990140637 keyframe_001930.pcd
1931 1778824609.374406338 6.629210 -18.784831 1.235124 -0.213810071 -0.005667371 0.974228135 0.071642688 2.984796942 keyframe_001931.pcd
1932 1778824609.574796438 6.455247 -18.764312 1.206676 -0.221809234 -0.020077544 0.971905828 0.076135517 2.967095214 keyframe_001932.pcd
1933 1778824609.766506195 6.304656 -18.732867 1.171944 -0.222564948 -0.018032601 0.972156216 0.071077144 2.978900205 keyframe_001933.pcd
1934 1778824609.974900007 6.138876 -18.703682 1.123006 -0.228905785 -0.014582917 0.970499891 0.074292951 2.972575214 keyframe_001934.pcd
1935 1778824610.175107956 5.973298 -18.670118 1.090868 -0.226247386 -0.016633726 0.971152895 0.073467642 2.973791812 keyframe_001935.pcd
1936 1778824610.375090837 5.801243 -18.638030 1.085033 -0.213812985 -0.011643209 0.974181722 0.071543108 2.982245070 keyframe_001936.pcd
1937 1778824610.474827766 5.704142 -18.620298 1.056272 -0.225996845 -0.019419728 0.971365660 0.070689843 2.978490829 keyframe_001937.pcd
1938 1778824610.674556255 5.507008 -18.597365 1.021087 -0.225178295 -0.019192881 0.971559007 0.070706892 2.978703673 keyframe_001938.pcd
1939 1778824610.875027895 5.337461 -18.576374 0.976322 -0.214453604 -0.008696861 0.974209365 0.069642866 2.987616165 keyframe_001939.pcd
1940 1778824610.975113869 5.243297 -18.559681 0.941359 -0.230854053 -0.023574271 0.970057936 0.071681665 2.973398398 keyframe_001940.pcd
1941 1778824611.075060606 5.144014 -18.526733 0.955315 -0.226539182 -0.022225772 0.970916266 0.074213327 2.969365751 keyframe_001941.pcd
1942 1778824611.275114298 4.971814 -18.478335 0.903514 -0.228767901 -0.019813130 0.966868831 0.111522876 2.888944190 keyframe_001942.pcd
1943 1778824611.375088453 4.888854 -18.444261 0.896321 -0.218586393 -0.006904617 0.964081072 0.150731554 2.812192357 keyframe_001943.pcd
1944 1778824611.474848986 4.812981 -18.404738 0.873006 -0.221657420 -0.006459083 0.957888982 0.182414271 2.742387603 keyframe_001944.pcd
1945 1778824611.575177431 4.739932 -18.366593 0.855049 -0.220914592 -0.009689410 0.953279494 0.205818039 2.689903347 keyframe_001945.pcd
1946 1778824611.775221109 4.587949 -18.299103 0.783335 -0.216007103 -0.005823729 0.949784791 0.226309229 2.648279681 keyframe_001946.pcd
1947 1778824611.975075483 4.447449 -18.186583 0.768277 -0.214307973 -0.002065496 0.933234904 0.288340839 2.513212780 keyframe_001947.pcd
1948 1778824612.075009584 4.389525 -18.122626 0.773791 -0.209501720 -0.011947353 0.916041688 0.341809765 2.392307180 keyframe_001948.pcd
1949 1778824612.175160170 4.338876 -18.047325 0.761281 -0.200528942 -0.005300533 0.897874105 0.391895572 2.285418007 keyframe_001949.pcd
1950 1778824612.275074244 4.294082 -17.961320 0.741052 -0.206110904 0.004995935 0.885075002 0.417295551 2.226609235 keyframe_001950.pcd
1951 1778824612.475188255 4.221202 -17.798159 0.733967 -0.200056073 -0.000819568 0.861133775 0.467360158 2.111175475 keyframe_001951.pcd
1952 1778824612.675228596 4.129000 -17.646762 0.698537 -0.190905898 0.005465410 0.852159906 0.487184320 2.070747993 keyframe_001952.pcd
1953 1778824612.875193834 4.020851 -17.507266 0.673096 -0.183529521 0.002989426 0.849264271 0.495033509 2.055790427 keyframe_001953.pcd
1954 1778824613.075026274 3.925100 -17.350439 0.664898 -0.196930604 -0.001431136 0.840047934 0.505505448 2.021592991 keyframe_001954.pcd
1955 1778824613.275097132 3.832989 -17.177845 0.641353 -0.193534538 -0.008879659 0.841575385 0.504198775 2.025594887 keyframe_001955.pcd
1956 1778824613.475028515 3.752362 -17.008920 0.630200 -0.195187178 -0.006042664 0.840716481 0.505035890 2.023021338 keyframe_001956.pcd
1957 1778824613.675163269 3.668909 -16.843131 0.624366 -0.201386436 -0.014887911 0.840144162 0.503368295 2.021425579 keyframe_001957.pcd
1958 1778824613.775024652 3.623819 -16.754116 0.615781 -0.201836246 -0.007870601 0.843439676 0.497804878 2.035817184 keyframe_001958.pcd
1959 1778824613.975027800 3.555478 -16.601092 0.616848 -0.199230415 -0.011483237 0.844879704 0.496340269 2.040375934 keyframe_001959.pcd
1960 1778824614.176752567 3.468874 -16.449120 0.621153 -0.197196994 -0.013728718 0.846050710 0.495099045 2.044257413 keyframe_001960.pcd
1961 1778824614.475152731 3.341253 -16.207756 0.575517 -0.187694226 -0.006476662 0.851707872 0.489206124 2.065549735 keyframe_001961.pcd
1962 1778824614.675029516 3.267737 -16.061760 0.535599 -0.199717010 -0.012121736 0.849363174 0.488414146 2.058932790 keyframe_001962.pcd
1963 1778824614.875019312 3.180599 -15.915800 0.511723 -0.189398236 -0.003123313 0.854570080 0.483558199 2.078626671 keyframe_001963.pcd
1964 1778824615.075156927 3.079334 -15.760587 0.478859 -0.205790875 -0.012132648 0.849089115 0.486364667 2.059851618 keyframe_001964.pcd
1965 1778824615.274802446 2.969330 -15.621262 0.449638 -0.207874559 -0.018253817 0.851127178 0.481702701 2.068371709 keyframe_001965.pcd
1966 1778824615.474828243 2.871548 -15.477058 0.442249 -0.189325582 -0.010359126 0.856321088 0.480377671 2.084840764 keyframe_001966.pcd
1967 1778824615.675090075 2.760509 -15.324428 0.462697 -0.202630899 -0.013328889 0.852846409 0.481057234 2.074367698 keyframe_001967.pcd
1968 1778824615.774988413 2.708067 -15.236554 0.450158 -0.204657987 -0.005873484 0.854118409 0.478081953 2.081674898 keyframe_001968.pcd
1969 1778824615.975042820 2.613972 -15.093884 0.442449 -0.191940366 -0.006060299 0.856919786 0.478341561 2.088941997 keyframe_001969.pcd
1970 1778824616.174298286 2.524709 -14.944302 0.412550 -0.207994387 -0.014824663 0.852629641 0.479104644 2.075180573 keyframe_001970.pcd
1971 1778824616.372499943 2.424342 -14.785333 0.367468 -0.199542096 -0.010647103 0.859569721 0.470329125 2.102358728 keyframe_001971.pcd
1972 1778824616.574944258 2.316819 -14.629996 0.322538 -0.207688001 -0.003945646 0.855875258 0.473632420 2.090739381 keyframe_001972.pcd
1973 1778824616.775029659 2.222681 -14.483801 0.305847 -0.205060359 -0.005825543 0.857070550 0.472595370 2.094505578 keyframe_001973.pcd
1974 1778824616.974450827 2.141771 -14.333906 0.302618 -0.189803024 -0.009916652 0.860106819 0.473384338 2.101190522 keyframe_001974.pcd
1975 1778824617.172580242 2.044180 -14.179763 0.289267 -0.204490605 -0.015797390 0.856300565 0.474007782 2.089417755 keyframe_001975.pcd
1976 1778824617.375119686 1.944478 -14.030444 0.284265 -0.196543434 -0.010039665 0.861518713 0.468033536 2.109762021 keyframe_001976.pcd
1977 1778824617.575366497 1.848614 -13.876694 0.260765 -0.208781485 -0.005599444 0.857263145 0.470615382 2.096856186 keyframe_001977.pcd
1978 1778824617.774595499 1.760301 -13.709609 0.252717 -0.189936926 -0.016182903 0.844452374 0.500561950 2.035335033 keyframe_001978.pcd
1979 1778824617.874332905 1.726991 -13.614499 0.234360 -0.198707445 -0.004624273 0.831667249 0.518481972 1.988318911 keyframe_001979.pcd
1980 1778824618.072607040 1.669732 -13.419620 0.206104 -0.195813945 0.003024916 0.813311252 0.547880056 1.918901204 keyframe_001980.pcd
1981 1778824618.275341034 1.608633 -13.234260 0.171352 -0.190943318 0.002625536 0.804844733 0.561924116 1.886948688 keyframe_001981.pcd
1982 1778824618.474523783 1.526487 -13.049607 0.172210 -0.185655276 -0.006989200 0.800269932 0.570132708 1.868683906 keyframe_001982.pcd
1983 1778824618.674664736 1.451439 -12.868059 0.169601 -0.194692317 -0.011930929 0.795926228 0.573109060 1.854427441 keyframe_001983.pcd
1984 1778824618.774495840 1.414004 -12.770294 0.150744 -0.199191473 -0.008964463 0.795127348 0.572725847 1.852502695 keyframe_001984.pcd
1985 1778824618.972707510 1.344501 -12.588149 0.155648 -0.180183792 -0.007803133 0.801025166 0.570816604 1.870451731 keyframe_001985.pcd
1986 1778824619.075389624 1.312273 -12.489068 0.145874 -0.200061331 -0.001815290 0.792976780 0.575465025 1.845715217 keyframe_001986.pcd
1987 1778824619.275080919 1.247445 -12.302451 0.117012 -0.198967726 -0.009671259 0.796177287 0.571331811 1.856116622 keyframe_001987.pcd
1988 1778824619.474858284 1.183819 -12.114247 0.114780 -0.182621993 -0.011588871 0.801078347 0.569902086 1.870762387 keyframe_001988.pcd
1989 1778824619.574720144 1.146826 -12.018816 0.111459 -0.198051478 -0.008442846 0.794778980 0.573611980 1.851138597 keyframe_001989.pcd
1990 1778824619.773061037 1.081057 -11.825348 0.076309 -0.195682828 -0.008531017 0.799247262 0.568189464 1.866536887 keyframe_001990.pcd
1991 1778824619.975270748 1.000518 -11.654016 0.033010 -0.182391450 -0.009095985 0.802535769 0.567967394 1.876041360 keyframe_001991.pcd
1992 1778824620.075063705 0.956117 -11.552473 0.028270 -0.205002330 -0.004155858 0.793086381 0.573559732 1.846646619 keyframe_001992.pcd
1993 1778824620.175017118 0.908275 -11.450584 0.024016 -0.190208660 -0.013698079 0.798148675 0.571482039 1.861470981 keyframe_001993.pcd
1994 1778824620.275099754 0.869482 -11.325686 0.033988 -0.192101382 -0.003013050 0.800717078 0.567397693 1.871676187 keyframe_001994.pcd
1995 1778824620.374987841 0.830874 -11.213023 0.055904 -0.179741926 -0.009950240 0.801536787 0.570204009 1.872045228 keyframe_001995.pcd
1996 1778824620.474663258 0.792409 -11.088029 0.047160 -0.204776493 0.000145734 0.792473067 0.574502398 1.844913151 keyframe_001996.pcd
1997 1778824620.574695349 0.752546 -10.978165 0.055874 -0.187674074 -0.015529924 0.794764416 0.576963419 1.849185416 keyframe_001997.pcd
1998 1778824620.674532175 0.733058 -10.853722 0.041612 -0.196907967 0.001187301 0.784997956 0.587370456 1.817837616 keyframe_001998.pcd
1999 1778824620.774101496 0.703010 -10.723487 0.068166 -0.183111726 0.001090478 0.774210981 0.605859937 1.779712908 keyframe_001999.pcd
2000 1778824620.875311136 0.672097 -10.588292 0.062381 -0.187602752 0.009193354 0.761723788 0.620078673 1.739816255 keyframe_002000.pcd
2001 1778824620.976400852 0.652443 -10.470943 0.064092 -0.179975026 -0.004163188 0.755591748 0.629819631 1.718538782 keyframe_002001.pcd
2002 1778824621.075372696 0.635488 -10.343135 0.036815 -0.184785032 0.005615790 0.751516321 0.633282065 1.706430292 keyframe_002002.pcd
2003 1778824621.175270557 0.613754 -10.224979 0.034900 -0.174067607 0.002401293 0.748684405 0.639661132 1.696639457 keyframe_002003.pcd
2004 1778824621.274918556 0.594908 -10.097907 0.010903 -0.186049281 0.004289544 0.742789074 0.643142019 1.678890336 keyframe_002004.pcd
2005 1778824621.375115156 0.568361 -9.974807 0.015944 -0.183319912 -0.003029269 0.739370088 0.647855313 1.667824259 keyframe_002005.pcd
2006 1778824621.475123644 0.547976 -9.842624 0.007894 -0.186046499 -0.003300414 0.738492388 0.648077774 1.665215333 keyframe_002006.pcd
2007 1778824621.575869322 0.518311 -9.707394 0.009648 -0.169533655 -0.005246304 0.744088778 0.646190921 1.681806208 keyframe_002007.pcd
2008 1778824621.674762249 0.495616 -9.574146 -0.017899 -0.188232607 -0.006356374 0.735106480 0.651265342 1.654819910 keyframe_002008.pcd
2009 1778824621.875304699 0.466199 -9.360950 -0.010780 -0.177582560 0.000495018 0.735300251 0.654062482 1.655169065 keyframe_002009.pcd
2010 1778824621.975333691 0.442570 -9.235300 0.001815 -0.181157267 0.012010217 0.738777025 0.649034904 1.666738375 keyframe_002010.pcd
2011 1778824622.075303555 0.426383 -9.100536 0.014576 -0.183479411 -0.002496304 0.736963007 0.650549460 1.660411259 keyframe_002011.pcd
2012 1778824622.175080061 0.403080 -8.961479 0.027327 -0.188270575 -0.000183265 0.731556899 0.655269914 1.644038883 keyframe_002012.pcd
2013 1778824622.275347948 0.387097 -8.820695 0.023902 -0.175978514 -0.008836488 0.735857435 0.653809845 1.656698324 keyframe_002013.pcd
2014 1778824622.375283957 0.372193 -8.682754 0.023902 -0.177288237 0.003518494 0.739853923 0.648978177 1.669316189 keyframe_002014.pcd
2015 1778824622.475173235 0.364642 -8.563114 0.017321 -0.173261130 -0.008016550 0.738869803 0.651143402 1.665831321 keyframe_002015.pcd
2016 1778824622.576135159 0.345761 -8.430484 0.005910 -0.194967825 0.000494638 0.730802061 0.654152620 1.641962080 keyframe_002016.pcd
2017 1778824622.675158739 0.333833 -8.311324 0.002330 -0.180454170 -0.011466129 0.736857848 0.651417940 1.659946460 keyframe_002017.pcd
2018 1778824622.875318766 0.303138 -8.052453 0.008621 -0.174846202 -0.009039509 0.740166070 0.649231301 1.669880836 keyframe_002018.pcd
2019 1778824622.975137711 0.279730 -7.923997 -0.019936 -0.192969805 0.002473668 0.734964265 0.650064662 1.654777769 keyframe_002019.pcd
2020 1778824623.075400591 0.252313 -7.805795 -0.033085 -0.181243260 -0.011634416 0.738932165 0.648841102 1.666351829 keyframe_002020.pcd
2021 1778824623.175300837 0.227346 -7.673039 -0.045336 -0.185271414 -0.003492042 0.741077383 0.645342251 1.673189828 keyframe_002021.pcd
2022 1778824623.275197506 0.199695 -7.558319 -0.035799 -0.170467411 -0.011879142 0.742454701 0.647735104 1.676788076 keyframe_002022.pcd
2023 1778824623.375142813 0.181363 -7.420137 -0.049307 -0.183786955 0.011659224 0.737128937 0.650174859 1.661706638 keyframe_002023.pcd
2024 1778824623.476148605 0.174846 -7.310564 -0.040970 -0.174860898 -0.000260334 0.737966779 0.651788794 1.663236804 keyframe_002024.pcd
2025 1778824623.575085878 0.166247 -7.181654 -0.043848 -0.177729308 0.000742543 0.739995135 0.648705589 1.669645138 keyframe_002025.pcd
2026 1778824623.675181627 0.153623 -7.054468 -0.024414 -0.166330413 -0.001706244 0.743532989 0.647680459 1.680027972 keyframe_002026.pcd
2027 1778824623.775300026 0.127372 -6.908596 -0.035712 -0.185030848 0.005458785 0.738131933 0.648764238 1.664415908 keyframe_002027.pcd
2028 1778824623.875215769 0.108712 -6.787858 -0.039831 -0.186272173 -0.007073017 0.737406868 0.649217807 1.661822995 keyframe_002028.pcd
2029 1778824623.976126194 0.088904 -6.654244 -0.052946 -0.186754130 -0.003246350 0.738944351 0.647358943 1.666644364 keyframe_002029.pcd
2030 1778824624.076112747 0.072480 -6.529933 -0.041305 -0.176257805 -0.008191909 0.741807768 0.646983241 1.675003791 keyframe_002030.pcd
2031 1778824624.175080299 0.052825 -6.394827 -0.048316 -0.189900754 -0.001965488 0.739125882 0.646240490 1.667374393 keyframe_002031.pcd
2032 1778824624.275146484 0.027170 -6.276806 -0.034406 -0.184043115 -0.008985529 0.738566769 0.648511002 1.665310989 keyframe_002032.pcd
2033 1778824624.374979973 0.000308 -6.146727 -0.055182 -0.191519824 -0.005198495 0.752005327 0.630698914 1.707826463 keyframe_002033.pcd
2034 1778824624.475028515 -0.034613 -6.032130 -0.049831 -0.186988989 -0.004266712 0.770147790 0.609827266 1.766259366 keyframe_002034.pcd
2035 1778824624.575317621 -0.074858 -5.912054 -0.073522 -0.202625889 -0.014343959 0.773812549 0.599959281 1.779607330 keyframe_002035.pcd
2036 1778824624.676105976 -0.120864 -5.794583 -0.082516 -0.204630238 -0.009737284 0.779354343 0.592147329 1.798680388 keyframe_002036.pcd
2037 1778824624.775181532 -0.170610 -5.670581 -0.108549 -0.202015912 -0.015941246 0.785555727 0.584668835 1.819280812 keyframe_002037.pcd
2038 1778824624.876111031 -0.221009 -5.554116 -0.099475 -0.187571728 -0.003777868 0.796727822 0.574480071 1.856771830 keyframe_002038.pcd
2039 1778824624.975234032 -0.277146 -5.434696 -0.124786 -0.194115540 -0.015019008 0.797059816 0.571654823 1.858171491 keyframe_002039.pcd
2040 1778824625.075176001 -0.319935 -5.326264 -0.132187 -0.208539777 -0.011217277 0.793109088 0.572156716 1.846717389 keyframe_002040.pcd
2041 1778824625.175303936 -0.359288 -5.213083 -0.133309 -0.199650892 -0.015279753 0.797914976 0.568540009 1.862037396 keyframe_002041.pcd
2042 1778824625.275042772 -0.382338 -5.102064 -0.130780 -0.187399810 -0.005102939 0.804862838 0.563072893 1.885487385 keyframe_002042.pcd
2043 1778824625.374556541 -0.419372 -4.988454 -0.137720 -0.183223487 -0.015072811 0.805033462 0.564024015 1.884710609 keyframe_002043.pcd
2044 1778824625.475270033 -0.458842 -4.866669 -0.164972 -0.214072351 -0.008553838 0.796095842 0.565978155 1.858437453 keyframe_002044.pcd
2045 1778824625.574870825 -0.504260 -4.752030 -0.162415 -0.198896192 -0.019771877 0.802216421 0.562581721 1.877035858 keyframe_002045.pcd
2046 1778824625.675223112 -0.547996 -4.629683 -0.167812 -0.205305237 -0.007871276 0.804100936 0.557861530 1.885686153 keyframe_002046.pcd
2047 1778824625.774990559 -0.593983 -4.513226 -0.160924 -0.191268020 -0.012944235 0.806306113 0.559570767 1.890714105 keyframe_002047.pcd
2048 1778824625.875194788 -0.638690 -4.388641 -0.178561 -0.205369045 -0.002296848 0.801544772 0.561555214 1.877058224 keyframe_002048.pcd
2049 1778824625.975071430 -0.685733 -4.276571 -0.174273 -0.191198654 -0.017777783 0.805649220 0.560407315 1.888101471 keyframe_002049.pcd
2050 1778824626.075142384 -0.740410 -4.149866 -0.196174 -0.200452324 -0.008925486 0.806370572 0.556332366 1.892906725 keyframe_002050.pcd
2051 1778824626.174444914 -0.787909 -4.047077 -0.198132 -0.185308538 -0.006769383 0.810025920 0.556302912 1.903585678 keyframe_002051.pcd
2052 1778824626.274220467 -0.843913 -3.929235 -0.221470 -0.209879735 -0.007619502 0.802725256 0.558143891 1.881593495 keyframe_002052.pcd
2053 1778824626.375120640 -0.888661 -3.821509 -0.208774 -0.202387358 -0.009948333 0.802698361 0.560906168 1.879903500 keyframe_002053.pcd
2054 1778824626.475127220 -0.937285 -3.694496 -0.219170 -0.197788158 -0.004420327 0.806215962 0.557562668 1.892294370 keyframe_002054.pcd
2055 1778824626.574952126 -0.978501 -3.576888 -0.203746 -0.185025586 -0.000459247 0.811443605 0.554368647 1.909385715 keyframe_002055.pcd
2056 1778824626.675308466 -1.023104 -3.455125 -0.213660 -0.184892232 -0.011863505 0.810272051 0.555997593 1.903994726 keyframe_002056.pcd
2057 1778824626.775226355 -1.080512 -3.331933 -0.227156 -0.211522558 -0.008783292 0.801541239 0.559207210 1.877509856 keyframe_002057.pcd
2058 1778824626.974893808 -1.175238 -3.127926 -0.203957 -0.194861248 -0.006565807 0.809660288 0.553566800 1.904047574 keyframe_002058.pcd
2059 1778824627.074550629 -1.225778 -3.037106 -0.238557 -0.202147891 -0.015915409 0.807121076 0.554471368 1.895439569 keyframe_002059.pcd
2060 1778824627.174242020 -1.262353 -2.921488 -0.240632 -0.203632731 -0.008782800 0.804909678 0.557294342 1.888217533 keyframe_002060.pcd
2061 1778824627.275079012 -1.300989 -2.799810 -0.242774 -0.188205086 -0.020736621 0.810954739 0.553625550 1.906632483 keyframe_002061.pcd
2062 1778824627.374607563 -1.342466 -2.672159 -0.267836 -0.190251262 -0.004827956 0.812820031 0.550549494 1.914909760 keyframe_002062.pcd
2063 1778824627.475169182 -1.383014 -2.552812 -0.277497 -0.179997874 -0.014647536 0.813447816 0.552891369 1.914498221 keyframe_002063.pcd
2064 1778824627.575234890 -1.425479 -2.421368 -0.318559 -0.212352012 -0.005014345 0.803910842 0.555525731 1.886661785 keyframe_002064.pcd
2065 1778824627.675190687 -1.472789 -2.307415 -0.332480 -0.201141648 -0.015871723 0.807638803 0.554084551 1.897135674 keyframe_002065.pcd
2066 1778824627.774995804 -1.517344 -2.182818 -0.358519 -0.202390292 -0.005388690 0.809928565 0.550476931 1.906644007 keyframe_002066.pcd
2067 1778824627.874961138 -1.564949 -2.068902 -0.357307 -0.191451117 -0.007033663 0.811062135 0.552698119 1.908470537 keyframe_002067.pcd
2068 1778824627.974549532 -1.621285 -1.949042 -0.382897 -0.208135019 -0.002943423 0.806387534 0.553543399 1.895112180 keyframe_002068.pcd
2069 1778824628.074245691 -1.669418 -1.839056 -0.389620 -0.203196694 -0.009723915 0.807317516 0.553944923 1.896803905 keyframe_002069.pcd
2070 1778824628.173865557 -1.712588 -1.719568 -0.410207 -0.205389263 -0.011869351 0.806855207 0.553768041 1.895362374 keyframe_002070.pcd
2071 1778824628.272410870 -1.755534 -1.614047 -0.403295 -0.184927914 -0.010321601 0.811539892 0.554164357 1.908715670 keyframe_002071.pcd
2072 1778824628.375105381 -1.800419 -1.496451 -0.423426 -0.204222988 -0.008882167 0.806305494 0.555054528 1.893391094 keyframe_002072.pcd
2073 1778824628.475118399 -1.843911 -1.390639 -0.426029 -0.204125600 -0.015245092 0.804087548 0.558160856 1.884857124 keyframe_002073.pcd
2074 1778824628.574622631 -1.884201 -1.270230 -0.441408 -0.189364255 -0.009039782 0.799268763 0.570288441 1.865567635 keyframe_002074.pcd
2075 1778824628.674557924 -1.904402 -1.143041 -0.455579 -0.181503697 -0.004146531 0.777655110 0.601906757 1.790645004 keyframe_002075.pcd
2076 1778824628.775051594 -1.913623 -1.011723 -0.469356 -0.174422073 0.006756706 0.736568717 0.653450697 1.659246914 keyframe_002076.pcd
2077 1778824628.874768734 -1.899050 -0.901755 -0.458882 -0.165670564 -0.010152969 0.684763925 0.709611547 1.507314507 keyframe_002077.pcd
2078 1778824628.974155664 -1.864896 -0.796895 -0.471539 -0.143060471 -0.008010051 0.626935196 0.765781823 1.352235216 keyframe_002078.pcd
2079 1778824629.074116945 -1.829307 -0.723729 -0.446868 -0.124738389 -0.002601753 0.564177138 0.816172606 1.195198903 keyframe_002079.pcd
2080 1778824629.173648357 -1.783203 -0.675135 -0.426804 -0.106411140 0.006451396 0.477058641 0.872381856 0.990532044 keyframe_002080.pcd
2081 1778824629.272592068 -1.735392 -0.664618 -0.405714 -0.084188388 0.001658970 0.385221959 0.918974214 0.788613155 keyframe_002081.pcd
2082 1778824629.374859095 -1.682047 -0.664624 -0.401832 -0.068248223 0.015365662 0.284982983 0.955976347 0.575251976 keyframe_002082.pcd
2083 1778824629.475183487 -1.632523 -0.678674 -0.406564 -0.052146125 0.021863350 0.175288864 0.982891952 0.350049121 keyframe_002083.pcd
2084 1778824629.576054096 -1.613945 -0.701004 -0.393800 -0.029859700 0.022899853 0.082316660 0.995895558 0.163525800 keyframe_002084.pcd
2085 1778824629.674631596 -1.597007 -0.734530 -0.385058 -0.015521767 0.022128084 -0.035489319 0.999004470 -0.071723010 keyframe_002085.pcd
2086 1778824629.775062799 -1.597395 -0.786477 -0.376173 0.015406471 0.006132236 -0.149735398 0.988587046 -0.300403281 keyframe_002086.pcd
2087 1778824629.876012325 -1.597908 -0.838278 -0.390141 0.053713781 0.027049527 -0.257958845 0.964282317 -0.519181780 keyframe_002087.pcd
2088 1778824629.975673437 -1.610204 -0.885344 -0.388485 0.084677276 0.019114614 -0.363179904 0.927666291 -0.739282091 keyframe_002088.pcd
2089 1778824630.074625015 -1.628432 -0.912057 -0.391655 0.110151208 0.016160741 -0.460470457 0.880665941 -0.951663469 keyframe_002089.pcd
2090 1778824630.174350023 -1.656628 -0.940745 -0.390878 0.124900526 0.017535440 -0.548949627 0.826284863 -1.156788012 keyframe_002090.pcd
2091 1778824630.275268793 -1.678292 -0.954941 -0.401836 0.139321872 0.024134040 -0.606959003 0.782053535 -1.299655848 keyframe_002091.pcd
2092 1778824630.375148058 -1.693758 -0.967981 -0.409358 0.141158831 0.026877153 -0.652617712 0.743936774 -1.419651775 keyframe_002092.pcd
2093 1778824630.475088120 -1.696333 -0.971347 -0.414436 0.137632125 0.030335485 -0.677131759 0.722239391 -1.487315114 keyframe_002093.pcd
2094 1778824630.774995327 -1.703363 -0.968131 -0.413619 0.155709932 0.017964583 -0.699361185 0.697370507 -1.548999728 keyframe_002094.pcd
2095 1778824631.075055361 -1.692646 -0.962294 -0.404592 0.149461181 0.014864702 -0.673181795 0.724062613 -1.475037092 keyframe_002095.pcd
2096 1778824631.275943995 -1.668463 -0.959372 -0.387998 0.139414354 0.014633787 -0.646703208 0.749749592 -1.403452071 keyframe_002096.pcd
2097 1778824634.275079489 -1.662644 -0.955916 -0.385521 0.125905461 0.015824660 -0.616828237 0.776801339 -1.325852461 keyframe_002097.pcd
2098 1778824634.375944376 -1.644654 -0.950765 -0.384560 0.116367995 0.016105214 -0.583626612 0.803479365 -1.242441989 keyframe_002098.pcd
2099 1778824634.475113869 -1.620337 -0.941785 -0.380707 0.103727506 0.016866008 -0.531073761 0.840783446 -1.115652891 keyframe_002099.pcd
2100 1778824634.575250149 -1.600776 -0.928259 -0.377800 0.085377801 0.014466259 -0.464563429 0.881295739 -0.962963979 keyframe_002100.pcd
2101 1778824634.675853491 -1.583654 -0.917937 -0.380168 0.085765085 0.005527257 -0.389609882 0.916961253 -0.797610407 keyframe_002101.pcd
2102 1778824634.775094986 -1.562000 -0.894493 -0.386323 0.065980007 0.020573259 -0.307962518 0.948884855 -0.623133621 keyframe_002102.pcd
2103 1778824634.875857115 -1.536076 -0.863054 -0.391715 0.045124266 0.017391875 -0.211732350 0.976130491 -0.425051995 keyframe_002103.pcd
2104 1778824634.975896835 -1.531361 -0.838570 -0.380701 0.019919663 0.012987314 -0.125290311 0.991835105 -0.250754180 keyframe_002104.pcd
2105 1778824635.174994946 -1.533687 -0.808419 -0.374330 0.001834145 0.003666298 -0.015925322 0.999864780 -0.031839137 keyframe_002105.pcd
2106 1778824635.475622177 -1.536065 -0.810002 -0.373767 -0.015508870 0.011502120 -0.075520907 0.996957255 -0.151550471 keyframe_002106.pcd
2107 1778824635.575586319 -1.536517 -0.827663 -0.367088 -0.005211762 0.010456943 -0.133229451 0.991016349 -0.267398754 keyframe_002107.pcd
2108 1778824635.674565315 -1.541003 -0.853900 -0.365755 0.014481316 0.006375583 -0.204045658 0.978833496 -0.410792843 keyframe_002108.pcd
2109 1778824635.775866508 -1.546280 -0.880052 -0.373305 0.034852480 0.008026750 -0.288786551 0.956725250 -0.585201320 keyframe_002109.pcd
2110 1778824635.875158072 -1.548119 -0.925113 -0.384400 0.088042522 0.027993308 -0.363577098 0.926971727 -0.739154814 keyframe_002110.pcd
2111 1778824635.975004196 -1.562211 -0.969395 -0.392191 0.115864654 0.019916718 -0.445753752 0.887401994 -0.917657071 keyframe_002111.pcd
2112 1778824636.075031996 -1.576044 -0.997428 -0.379317 0.120493730 0.022210089 -0.533982216 0.836570957 -1.121024639 keyframe_002112.pcd
2113 1778824636.175353289 -1.602023 -1.019045 -0.383113 0.149736887 0.017600394 -0.617507814 0.771980046 -1.326101077 keyframe_002113.pcd
2114 1778824636.274471998 -1.635247 -1.023442 -0.387772 0.162485057 0.019671051 -0.693358208 0.701759255 -1.531783345 keyframe_002114.pcd
2115 1778824636.375848055 -1.672930 -1.025231 -0.410457 0.181926530 0.029931595 -0.764403780 0.617813644 -1.751341948 keyframe_002115.pcd
2116 1778824636.475843668 -1.705530 -1.020218 -0.405385 0.188946612 0.027757220 -0.824609012 0.532492903 -1.965544363 keyframe_002116.pcd
2117 1778824636.575518131 -1.737201 -1.013186 -0.400932 0.197640666 0.034748811 -0.877997896 0.434569191 -2.198878313 keyframe_002117.pcd
2118 1778824636.675847054 -1.758825 -0.998380 -0.400243 0.201889157 0.034129542 -0.914563364 0.348783307 -2.395419413 keyframe_002118.pcd
2119 1778824636.775784492 -1.780681 -0.979539 -0.416997 0.218546979 0.022995657 -0.931023863 0.291381166 -2.514391769 keyframe_002119.pcd
2120 1778824636.874665976 -1.796216 -0.970404 -0.423526 0.217271787 0.023742754 -0.943332225 0.249706960 -2.608484941 keyframe_002120.pcd
2121 1778824637.073931217 -1.801876 -0.968971 -0.430700 0.222700386 0.018175212 -0.949769964 0.219114616 -2.672266957 keyframe_002121.pcd
2122 1778824639.275009871 -1.785009 -0.986593 -0.425189 0.216599838 0.021246910 -0.944878060 0.244619155 -2.618962280 keyframe_002122.pcd
