[INFO] [1782621176.907619882] [waypoint_follower]: enhanced waypoint_follower started
[INFO] [1782621176.914234224] [waypoint_follower]: route_file: /home/unitree/go2_fastlio_ws/src/go2_fastlio_patrol/routes/route_test_0519.csv
[INFO] [1782621176.917303251] [waypoint_follower]: route points: 6760
[INFO] [1782621176.920112533] [waypoint_follower]: loop_mode: noop
[INFO] [1782621176.924021305] [waypoint_follower]: lookahead_distance: 0.6
[INFO] [1782621176.925097626] [waypoint_follower]: reach_distance: 0.4
[INFO] [1782621177.013919114] [waypoint_follower]: init nearest_index=6759, distance_to_start=902558.331
[WARN] [1782621177.031936378] [waypoint_follower]: far from local route: d=707291.47, relocalize nearest_index 6759 -> 6759
[INFO] [1782621177.033886236] [waypoint_follower]: nearest=6759, target=6759, dist=707291.47, alpha=0.42, vx=0.50, yaw_rate=0.38, dir=1
[WARN] [1782621177.081487399] [waypoint_follower]: far from local route: d=707291.47, relocalize nearest_index 6759 -> 6759
[WARN] [1782621177.131573044] [waypoint_follower]: far from local route: d=707291.47, relocalize nearest_index 6759 -> 6759
[WARN] [1782621177.181468961] [waypoint_follower]: far from local route: d=707291.47, relocalize nearest_index 6759 -> 6759
[WARN] [1782621177.231496942] [waypoint_follower]: far from local route: d=707291.47, relocalize nearest_index 6759 -> 6759
[WARN] [1782621177.281550524] [waypoint_follower]: far from local route: d=707291.47, relocalize nearest_index 6759 -> 6759
[WARN] [1782621177.331764553] [waypoint_follower]: far from local route: d=707291.47, relocalize nearest_index 6759 -> 6759
[WARN] [1782621177.381450614] [waypoint_follower]: far from local route: d=707291.47, relocalize nearest_index 6759 -> 6759
[WARN] [1782621177.432585284] [waypoint_follower]: far from local route: d=707291.47, relocalize nearest_index 6759 -> 6759
[WARN] [1782621177.483247762] [waypoint_follower]: far from local route: d=707291.47, relocalize nearest_index 6759 -> 6759
[WARN] [1782621177.533234655] [waypoint_follower]: far from local route: d=707291.47, relocalize nearest_index 6759 -> 6759
[WARN] [1782621177.581479434] [waypoint_follower]: far from local route: d=707291.47, relocalize nearest_index 6759 -> 6759
[WARN] [1782621177.631468759] [waypoint_follower]: far from local route: d=707291.47, relocalize nearest_index 6759 -> 6759
[WARN] [1782621177.681527332] [waypoint_follower]: far from local route: d=707291.47, relocalize nearest_index 6759 -> 6759
[WARN] [1782621177.731637970] [waypoint_follower]: far from local route: d=707291.47, relocalize nearest_index 6759 -> 6759
[WARN] [1782621177.781847519] [waypoint_follower]: far from local route: d=707291.47, relocalize nearest_index 6759 -> 6759
[WARN] [1782621177.831552652] [waypoint_follower]: far from local route: d=707291.47, relocalize nearest_index 6759 -> 6759
[WARN] [1782621177.881890361] [waypoint_follower]: far from local route: d=707291.47, relocalize nearest_index 6759 -> 6759
[WARN] [1782621177.931789414] [waypoint_follower]: far from local route: d=708496.72, relocalize nearest_index 6759 -> 6759
[WARN] [1782621177.981501587] [waypoint_follower]: far from local route: d=708496.72, relocalize nearest_index 6759 -> 6759
[WARN] [1782621178.031511424] [waypoint_follower]: far from local route: d=708496.72, relocalize nearest_index 6759 -> 6759
[WARN] [1782621178.081506317] [waypoint_follower]: far from local route: d=708496.72, relocalize nearest_index 6759 -> 6759
[INFO] [1782621178.083319087] [waypoint_follower]: nearest=6759, target=6759, dist=708496.72, alpha=0.41, vx=0.50, yaw_rate=0.37, dir=1
[WARN] [1782621178.131509723] [waypoint_follower]: far from local route: d=708496.72, relocalize nearest_index 6759 -> 6759
[WARN] [1782621178.181437608] [waypoint_follower]: far from local route: d=708496.72, relocalize nearest_index 6759 -> 6759
[WARN] [1782621178.231589173] [waypoint_follower]: far from local route: d=708496.72, relocalize nearest_index 6759 -> 6759
[WARN] [1782621178.281521634] [waypoint_follower]: far from local route: d=708734.73, relocalize nearest_index 6759 -> 6759
[WARN] [1782621178.333872529] [waypoint_follower]: far from local route: d=708734.73, relocalize nearest_index 6759 -> 6759
[WARN] [1782621178.385516704] [waypoint_follower]: far from local route: d=708734.73, relocalize nearest_index 6759 -> 6759
[WARN] [1782621178.433693899] [waypoint_follower]: far from local route: d=708734.73, relocalize nearest_index 6759 -> 6759
[WARN] [1782621178.481530070] [waypoint_follower]: far from local route: d=708734.73, relocalize nearest_index 6759 -> 6759
[WARN] [1782621178.538316682] [waypoint_follower]: far from local route: d=708973.72, relocalize nearest_index 6759 -> 6759
[WARN] [1782621178.584933204] [waypoint_follower]: far from local route: d=708973.72, relocalize nearest_index 6759 -> 6759
[WARN] [1782621178.634332160] [waypoint_follower]: far from local route: d=708973.72, relocalize nearest_index 6759 -> 6759
[WARN] [1782621178.685487087] [waypoint_follower]: far from local route: d=708973.72, relocalize nearest_index 6759 -> 6759
[WARN] [1782621178.734263163] [waypoint_follower]: far from local route: d=708973.72, relocalize nearest_index 6759 -> 6759
[WARN] [1782621178.781911878] [waypoint_follower]: far from local route: d=709215.47, relocalize nearest_index 6759 -> 6759
[WARN] [1782621178.836966647] [waypoint_follower]: far from local route: d=709215.47, relocalize nearest_index 6759 -> 6759
[WARN] [1782621178.889112454] [waypoint_follower]: far from local route: d=709215.47, relocalize nearest_index 6759 -> 6759
[WARN] [1782621178.941411893] [waypoint_follower]: far from local route: d=709459.12, relocalize nearest_index 6759 -> 6759
[WARN] [1782621178.993164996] [waypoint_follower]: far from local route: d=709459.12, relocalize nearest_index 6759 -> 6759
[WARN] [1782621179.043981138] [waypoint_follower]: far from local route: d=709459.12, relocalize nearest_index 6759 -> 6759
[WARN] [1782621179.090760412] [waypoint_follower]: far from local route: d=709459.12, relocalize nearest_index 6759 -> 6759
[INFO] [1782621179.092163486] [waypoint_follower]: nearest=6759, target=6759, dist=709459.12, alpha=0.44, vx=0.50, yaw_rate=0.40, dir=1
[WARN] [1782621179.132208194] [waypoint_follower]: far from local route: d=709459.12, relocalize nearest_index 6759 -> 6759
[WARN] [1782621179.192865304] [waypoint_follower]: far from local route: d=709939.77, relocalize nearest_index 6759 -> 6759
[WARN] [1782621179.235966239] [waypoint_follower]: far from local route: d=709939.77, relocalize nearest_index 6759 -> 6759
[WARN] [1782621179.298133239] [waypoint_follower]: far from local route: d=709939.77, relocalize nearest_index 6759 -> 6759
[WARN] [1782621179.349972646] [waypoint_follower]: far from local route: d=709939.77, relocalize nearest_index 6759 -> 6759
[WARN] [1782621179.381516163] [waypoint_follower]: far from local route: d=709939.77, relocalize nearest_index 6759 -> 6759
[WARN] [1782621179.435198579] [waypoint_follower]: far from local route: d=709939.77, relocalize nearest_index 6759 -> 6759
[WARN] [1782621179.481641309] [waypoint_follower]: far from local route: d=709939.77, relocalize nearest_index 6759 -> 6759
[WARN] [1782621179.534402861] [waypoint_follower]: far from local route: d=709939.77, relocalize nearest_index 6759 -> 6759
[WARN] [1782621179.581240599] [waypoint_follower]: far from local route: d=710424.42, relocalize nearest_index 6759 -> 6759
[WARN] [1782621179.634844423] [waypoint_follower]: far from local route: d=710424.42, relocalize nearest_index 6759 -> 6759
[WARN] [1782621179.681601553] [waypoint_follower]: far from local route: d=710424.42, relocalize nearest_index 6759 -> 6759
[WARN] [1782621179.731617631] [waypoint_follower]: far from local route: d=710424.42, relocalize nearest_index 6759 -> 6759
[WARN] [1782621179.783887182] [waypoint_follower]: far from local route: d=710424.42, relocalize nearest_index 6759 -> 6759
[WARN] [1782621179.831660601] [waypoint_follower]: far from local route: d=710424.42, relocalize nearest_index 6759 -> 6759
[WARN] [1782621179.881545318] [waypoint_follower]: far from local route: d=710424.42, relocalize nearest_index 6759 -> 6759
[WARN] [1782621179.931583955] [waypoint_follower]: far from local route: d=710424.42, relocalize nearest_index 6759 -> 6759
[WARN] [1782621179.984421347] [waypoint_follower]: far from local route: d=710424.42, relocalize nearest_index 6759 -> 6759
[WARN] [1782621180.031526765] [waypoint_follower]: far from local route: d=710424.42, relocalize nearest_index 6759 -> 6759
[WARN] [1782621180.038253427] [waypoint_follower]: stuck recovery: nearest_index 6759 -> 6759
[WARN] [1782621180.083708348] [waypoint_follower]: far from local route: d=710424.42, relocalize nearest_index 6759 -> 6759
[WARN] [1782621180.131599656] [waypoint_follower]: far from local route: d=710424.42, relocalize nearest_index 6759 -> 6759
[INFO] [1782621180.132644840] [waypoint_follower]: nearest=6759, target=6759, dist=710424.42, alpha=0.50, vx=0.25, yaw_rate=0.45, dir=1
[WARN] [1782621180.181994613] [waypoint_follower]: far from local route: d=710424.42, relocalize nearest_index 6759 -> 6759
[WARN] [1782621180.232330306] [waypoint_follower]: far from local route: d=710424.42, relocalize nearest_index 6759 -> 6759
[WARN] [1782621180.282290992] [waypoint_follower]: far from local route: d=710424.42, relocalize nearest_index 6759 -> 6759
[WARN] [1782621180.332770813] [waypoint_follower]: far from local route: d=710424.42, relocalize nearest_index 6759 -> 6759
[WARN] [1782621180.382839274] [waypoint_follower]: far from local route: d=710424.42, relocalize nearest_index 6759 -> 6759
[WARN] [1782621180.432281143] [waypoint_follower]: far from local route: d=710424.42, relocalize nearest_index 6759 -> 6759
[WARN] [1782621180.483646789] [waypoint_follower]: far from local route: d=711148.84, relocalize nearest_index 6759 -> 6759
[WARN] [1782621180.534985396] [waypoint_follower]: far from local route: d=711148.84, relocalize nearest_index 6759 -> 6759
[WARN] [1782621180.590566278] [waypoint_follower]: far from local route: d=711148.84, relocalize nearest_index 6759 -> 6759
[WARN] [1782621180.638400881] [waypoint_follower]: far from local route: d=711148.84, relocalize nearest_index 6759 -> 6759
[WARN] [1782621180.686380156] [waypoint_follower]: far from local route: d=711148.84, relocalize nearest_index 6759 -> 6759
[WARN] [1782621180.736391081] [waypoint_follower]: far from local route: d=711148.84, relocalize nearest_index 6759 -> 6759
[WARN] [1782621180.784143476] [waypoint_follower]: far from local route: d=711148.84, relocalize nearest_index 6759 -> 6759
[WARN] [1782621180.834343554] [waypoint_follower]: far from local route: d=711148.84, relocalize nearest_index 6759 -> 6759
[WARN] [1782621180.884231695] [waypoint_follower]: far from local route: d=711148.84, relocalize nearest_index 6759 -> 6759
[WARN] [1782621180.937965151] [waypoint_follower]: far from local route: d=711148.84, relocalize nearest_index 6759 -> 6759
[WARN] [1782621180.988262477] [waypoint_follower]: far from local route: d=711148.84, relocalize nearest_index 6759 -> 6759
[WARN] [1782621181.035535127] [waypoint_follower]: far from local route: d=711148.84, relocalize nearest_index 6759 -> 6759
[WARN] [1782621181.090985097] [waypoint_follower]: far from local route: d=711148.84, relocalize nearest_index 6759 -> 6759
[WARN] [1782621181.134483537] [waypoint_follower]: far from local route: d=711148.84, relocalize nearest_index 6759 -> 6759
[INFO] [1782621181.139335221] [waypoint_follower]: nearest=6759, target=6759, dist=711148.84, alpha=0.56, vx=0.25, yaw_rate=0.45, dir=1
[WARN] [1782621181.187738529] [waypoint_follower]: far from local route: d=711148.84, relocalize nearest_index 6759 -> 6759
[WARN] [1782621181.237619694] [waypoint_follower]: far from local route: d=711148.84, relocalize nearest_index 6759 -> 6759
[WARN] [1782621181.284369848] [waypoint_follower]: far from local route: d=711148.84, relocalize nearest_index 6759 -> 6759
[WARN] [1782621181.337071815] [waypoint_follower]: far from local route: d=711148.84, relocalize nearest_index 6759 -> 6759
[WARN] [1782621181.388634646] [waypoint_follower]: far from local route: d=711148.84, relocalize nearest_index 6759 -> 6759
[WARN] [1782621181.436433441] [waypoint_follower]: far from local route: d=711148.84, relocalize nearest_index 6759 -> 6759
[WARN] [1782621181.488248304] [waypoint_follower]: far from local route: d=711148.84, relocalize nearest_index 6759 -> 6759
[WARN] [1782621181.539539998] [waypoint_follower]: far from local route: d=711148.84, relocalize nearest_index 6759 -> 6759
[WARN] [1782621181.589539851] [waypoint_follower]: far from local route: d=711148.84, relocalize nearest_index 6759 -> 6759
[WARN] [1782621181.639771993] [waypoint_follower]: far from local route: d=711148.84, relocalize nearest_index 6759 -> 6759
[WARN] [1782621181.692806984] [waypoint_follower]: far from local route: d=711148.84, relocalize nearest_index 6759 -> 6759
[WARN] [1782621181.738850450] [waypoint_follower]: far from local route: d=711148.84, relocalize nearest_index 6759 -> 6759
[WARN] [1782621181.788319199] [waypoint_follower]: far from local route: d=711148.84, relocalize nearest_index 6759 -> 6759
[WARN] [1782621181.837249387] [waypoint_follower]: far from local route: d=711148.84, relocalize nearest_index 6759 -> 6759
[WARN] [1782621181.894840831] [waypoint_follower]: far from local route: d=711148.84, relocalize nearest_index 6759 -> 6759
[WARN] [1782621181.934097122] [waypoint_follower]: far from local route: d=711148.84, relocalize nearest_index 6759 -> 6759
[WARN] [1782621181.982288494] [waypoint_follower]: far from local route: d=711148.84, relocalize nearest_index 6759 -> 6759
[WARN] [1782621182.037424575] [waypoint_follower]: far from local route: d=711148.84, relocalize nearest_index 6759 -> 6759
[WARN] [1782621182.085026058] [waypoint_follower]: far from local route: d=711148.84, relocalize nearest_index 6759 -> 6759
[WARN] [1782621182.131494900] [waypoint_follower]: far from local route: d=711148.84, relocalize nearest_index 6759 -> 6759
[INFO] [1782621182.139321019] [waypoint_follower]: nearest=6759, target=6759, dist=711148.84, alpha=0.56, vx=0.25, yaw_rate=0.45, dir=1
[WARN] [1782621182.181490593] [waypoint_follower]: far from local route: d=712354.94, relocalize nearest_index 6759 -> 6759
[WARN] [1782621182.231646959] [waypoint_follower]: far from local route: d=712354.94, relocalize nearest_index 6759 -> 6759
[WARN] [1782621182.282567453] [waypoint_follower]: far from local route: d=712354.94, relocalize nearest_index 6759 -> 6759
[WARN] [1782621182.334291211] [waypoint_follower]: far from local route: d=712354.94, relocalize nearest_index 6759 -> 6759
[WARN] [1782621182.384281464] [waypoint_follower]: far from local route: d=712354.94, relocalize nearest_index 6759 -> 6759
[WARN] [1782621182.449106707] [waypoint_follower]: far from local route: d=712354.94, relocalize nearest_index 6759 -> 6759
[WARN] [1782621182.502245027] [waypoint_follower]: far from local route: d=712354.94, relocalize nearest_index 6759 -> 6759
[WARN] [1782621182.546310507] [waypoint_follower]: far from local route: d=712354.94, relocalize nearest_index 6759 -> 6759
[WARN] [1782621182.622221071] [waypoint_follower]: far from local route: d=712354.94, relocalize nearest_index 6759 -> 6759
[WARN] [1782621182.636670076] [waypoint_follower]: far from local route: d=712354.94, relocalize nearest_index 6759 -> 6759
[WARN] [1782621182.685007016] [waypoint_follower]: far from local route: d=712354.94, relocalize nearest_index 6759 -> 6759
[WARN] [1782621182.736638038] [waypoint_follower]: far from local route: d=712354.94, relocalize nearest_index 6759 -> 6759
[WARN] [1782621182.784264801] [waypoint_follower]: far from local route: d=712354.94, relocalize nearest_index 6759 -> 6759
[WARN] [1782621182.834756975] [waypoint_follower]: far from local route: d=712354.94, relocalize nearest_index 6759 -> 6759
[WARN] [1782621182.884089596] [waypoint_follower]: far from local route: d=712354.94, relocalize nearest_index 6759 -> 6759
[WARN] [1782621182.931556198] [waypoint_follower]: far from local route: d=712354.94, relocalize nearest_index 6759 -> 6759
[WARN] [1782621182.984266390] [waypoint_follower]: far from local route: d=712354.94, relocalize nearest_index 6759 -> 6759
[WARN] [1782621183.034879492] [waypoint_follower]: far from local route: d=713080.29, relocalize nearest_index 6759 -> 6759
[WARN] [1782621183.039835688] [waypoint_follower]: stuck recovery: nearest_index 6759 -> 6759
[WARN] [1782621183.084163376] [waypoint_follower]: far from local route: d=713080.29, relocalize nearest_index 6759 -> 6759
[WARN] [1782621183.133847773] [waypoint_follower]: far from local route: d=713080.29, relocalize nearest_index 6759 -> 6759
[WARN] [1782621183.185382475] [waypoint_follower]: far from local route: d=713080.29, relocalize nearest_index 6759 -> 6759
[INFO] [1782621183.187798990] [waypoint_follower]: nearest=6759, target=6759, dist=713080.29, alpha=0.71, vx=0.25, yaw_rate=0.45, dir=1
[WARN] [1782621183.235766777] [waypoint_follower]: far from local route: d=713080.29, relocalize nearest_index 6759 -> 6759
[WARN] [1782621183.290133802] [waypoint_follower]: far from local route: d=713080.29, relocalize nearest_index 6759 -> 6759
[WARN] [1782621183.338385174] [waypoint_follower]: far from local route: d=713080.29, relocalize nearest_index 6759 -> 6759
[WARN] [1782621183.387956002] [waypoint_follower]: far from local route: d=713080.29, relocalize nearest_index 6759 -> 6759
[WARN] [1782621183.437262447] [waypoint_follower]: far from local route: d=713080.29, relocalize nearest_index 6759 -> 6759
[WARN] [1782621183.482202423] [waypoint_follower]: far from local route: d=713080.29, relocalize nearest_index 6759 -> 6759
[WARN] [1782621183.532165188] [waypoint_follower]: far from local route: d=713080.29, relocalize nearest_index 6759 -> 6759
[WARN] [1782621183.581534577] [waypoint_follower]: far from local route: d=713080.29, relocalize nearest_index 6759 -> 6759
[WARN] [1782621183.631542462] [waypoint_follower]: far from local route: d=713080.29, relocalize nearest_index 6759 -> 6759
[WARN] [1782621183.681569899] [waypoint_follower]: far from local route: d=713080.29, relocalize nearest_index 6759 -> 6759
[WARN] [1782621183.731550296] [waypoint_follower]: far from local route: d=713080.29, relocalize nearest_index 6759 -> 6759
[WARN] [1782621183.781563333] [waypoint_follower]: far from local route: d=713080.29, relocalize nearest_index 6759 -> 6759
[WARN] [1782621183.831735347] [waypoint_follower]: far from local route: d=713080.29, relocalize nearest_index 6759 -> 6759
[WARN] [1782621183.881875264] [waypoint_follower]: far from local route: d=713080.29, relocalize nearest_index 6759 -> 6759
[WARN] [1782621183.931543885] [waypoint_follower]: far from local route: d=713080.29, relocalize nearest_index 6759 -> 6759
[WARN] [1782621183.981233946] [waypoint_follower]: far from local route: d=713080.29, relocalize nearest_index 6759 -> 6759
[WARN] [1782621184.031662215] [waypoint_follower]: far from local route: d=713080.29, relocalize nearest_index 6759 -> 6759
[WARN] [1782621184.081564084] [waypoint_follower]: far from local route: d=713080.29, relocalize nearest_index 6759 -> 6759
[WARN] [1782621184.131543009] [waypoint_follower]: far from local route: d=713080.29, relocalize nearest_index 6759 -> 6759
[WARN] [1782621184.184075441] [waypoint_follower]: far from local route: d=713080.29, relocalize nearest_index 6759 -> 6759
[WARN] [1782621184.234945599] [waypoint_follower]: far from local route: d=713080.29, relocalize nearest_index 6759 -> 6759
[INFO] [1782621184.239437027] [waypoint_follower]: nearest=6759, target=6759, dist=713080.29, alpha=0.71, vx=0.25, yaw_rate=0.45, dir=1
[WARN] [1782621184.287908590] [waypoint_follower]: far from local route: d=713080.29, relocalize nearest_index 6759 -> 6759
[WARN] [1782621184.333471960] [waypoint_follower]: far from local route: d=713080.29, relocalize nearest_index 6759 -> 6759
[WARN] [1782621184.384610694] [waypoint_follower]: far from local route: d=713080.29, relocalize nearest_index 6759 -> 6759
[WARN] [1782621184.435383699] [waypoint_follower]: far from local route: d=713080.29, relocalize nearest_index 6759 -> 6759
[WARN] [1782621184.482315358] [waypoint_follower]: far from local route: d=714775.74, relocalize nearest_index 6759 -> 6759
[WARN] [1782621184.533256204] [waypoint_follower]: far from local route: d=714775.74, relocalize nearest_index 6759 -> 6759
[WARN] [1782621184.585679643] [waypoint_follower]: far from local route: d=714775.74, relocalize nearest_index 6759 -> 6759
[WARN] [1782621184.636405161] [waypoint_follower]: far from local route: d=714775.74, relocalize nearest_index 6759 -> 6759
[WARN] [1782621184.686732374] [waypoint_follower]: far from local route: d=714775.74, relocalize nearest_index 6759 -> 6759
[WARN] [1782621184.731615967] [waypoint_follower]: far from local route: d=714775.74, relocalize nearest_index 6759 -> 6759
[WARN] [1782621184.784797871] [waypoint_follower]: far from local route: d=714775.74, relocalize nearest_index 6759 -> 6759
[WARN] [1782621184.831603353] [waypoint_follower]: far from local route: d=714775.74, relocalize nearest_index 6759 -> 6759
[WARN] [1782621184.881542566] [waypoint_follower]: far from local route: d=714775.74, relocalize nearest_index 6759 -> 6759
[WARN] [1782621184.931612211] [waypoint_follower]: far from local route: d=714775.74, relocalize nearest_index 6759 -> 6759
[WARN] [1782621184.981708481] [waypoint_follower]: far from local route: d=714775.74, relocalize nearest_index 6759 -> 6759
[WARN] [1782621185.031630894] [waypoint_follower]: far from local route: d=714775.74, relocalize nearest_index 6759 -> 6759
[WARN] [1782621185.081640923] [waypoint_follower]: far from local route: d=714775.74, relocalize nearest_index 6759 -> 6759
[WARN] [1782621185.131569992] [waypoint_follower]: far from local route: d=714775.74, relocalize nearest_index 6759 -> 6759
[WARN] [1782621185.194687457] [waypoint_follower]: far from local route: d=714775.74, relocalize nearest_index 6759 -> 6759
[WARN] [1782621185.246508079] [waypoint_follower]: far from local route: d=714775.74, relocalize nearest_index 6759 -> 6759
[INFO] [1782621185.249533170] [waypoint_follower]: nearest=6759, target=6759, dist=714775.74, alpha=0.77, vx=0.25, yaw_rate=0.45, dir=1
[WARN] [1782621185.286365299] [waypoint_follower]: far from local route: d=714775.74, relocalize nearest_index 6759 -> 6759
[WARN] [1782621185.338810659] [waypoint_follower]: far from local route: d=714775.74, relocalize nearest_index 6759 -> 6759
[WARN] [1782621185.394932949] [waypoint_follower]: far from local route: d=714775.74, relocalize nearest_index 6759 -> 6759
[WARN] [1782621185.434241785] [waypoint_follower]: far from local route: d=714775.74, relocalize nearest_index 6759 -> 6759
[WARN] [1782621185.481517956] [waypoint_follower]: far from local route: d=714775.74, relocalize nearest_index 6759 -> 6759
[WARN] [1782621185.533804115] [waypoint_follower]: far from local route: d=716226.96, relocalize nearest_index 6759 -> 6759
[WARN] [1782621185.592176103] [waypoint_follower]: far from local route: d=716226.96, relocalize nearest_index 6759 -> 6759
[WARN] [1782621185.638795410] [waypoint_follower]: far from local route: d=716226.96, relocalize nearest_index 6759 -> 6759
[WARN] [1782621185.684361051] [waypoint_follower]: far from local route: d=716226.96, relocalize nearest_index 6759 -> 6759
[WARN] [1782621185.733207015] [waypoint_follower]: far from local route: d=716226.96, relocalize nearest_index 6759 -> 6759
[WARN] [1782621185.781504338] [waypoint_follower]: far from local route: d=716226.96, relocalize nearest_index 6759 -> 6759
[WARN] [1782621185.831365119] [waypoint_follower]: far from local route: d=716226.96, relocalize nearest_index 6759 -> 6759
[WARN] [1782621185.881180108] [waypoint_follower]: far from local route: d=716226.96, relocalize nearest_index 6759 -> 6759
[WARN] [1782621185.938746688] [waypoint_follower]: far from local route: d=716226.96, relocalize nearest_index 6759 -> 6759
[WARN] [1782621185.982530056] [waypoint_follower]: far from local route: d=716226.96, relocalize nearest_index 6759 -> 6759
[WARN] [1782621186.031454196] [waypoint_follower]: far from local route: d=722027.58, relocalize nearest_index 6759 -> 6759
[WARN] [1782621186.081537953] [waypoint_follower]: far from local route: d=722027.58, relocalize nearest_index 6759 -> 6759
[WARN] [1782621186.094207116] [waypoint_follower]: stuck recovery: nearest_index 6759 -> 6759
[WARN] [1782621186.140742902] [waypoint_follower]: far from local route: d=722995.44, relocalize nearest_index 6759 -> 6759
[WARN] [1782621186.191195076] [waypoint_follower]: far from local route: d=722995.44, relocalize nearest_index 6759 -> 6759
[WARN] [1782621186.231722281] [waypoint_follower]: far from local route: d=723965.06, relocalize nearest_index 6759 -> 6759
[WARN] [1782621186.281655862] [waypoint_follower]: far from local route: d=723965.06, relocalize nearest_index 6759 -> 6759
[INFO] [1782621186.283018967] [waypoint_follower]: nearest=6759, target=6759, dist=723965.06, alpha=-0.02, vx=0.50, yaw_rate=-0.02, dir=1
[WARN] [1782621186.331513347] [waypoint_follower]: far from local route: d=723965.06, relocalize nearest_index 6759 -> 6759
[WARN] [1782621186.381569584] [waypoint_follower]: far from local route: d=723965.06, relocalize nearest_index 6759 -> 6759
[WARN] [1782621186.431897949] [waypoint_follower]: far from local route: d=723965.06, relocalize nearest_index 6759 -> 6759
[WARN] [1782621186.481731978] [waypoint_follower]: far from local route: d=723965.06, relocalize nearest_index 6759 -> 6759
[WARN] [1782621186.531553303] [waypoint_follower]: far from local route: d=723965.06, relocalize nearest_index 6759 -> 6759
[WARN] [1782621186.581698084] [waypoint_follower]: far from local route: d=723965.06, relocalize nearest_index 6759 -> 6759
[WARN] [1782621186.635869909] [waypoint_follower]: far from local route: d=723965.06, relocalize nearest_index 6759 -> 6759
[WARN] [1782621186.687450340] [waypoint_follower]: far from local route: d=724916.14, relocalize nearest_index 6759 -> 6759
[WARN] [1782621186.736103024] [waypoint_follower]: far from local route: d=724916.14, relocalize nearest_index 6759 -> 6759
[WARN] [1782621186.785539260] [waypoint_follower]: far from local route: d=724916.14, relocalize nearest_index 6759 -> 6759
[WARN] [1782621186.832625031] [waypoint_follower]: far from local route: d=724916.14, relocalize nearest_index 6759 -> 6759
[WARN] [1782621186.883056148] [waypoint_follower]: far from local route: d=724916.14, relocalize nearest_index 6759 -> 6759
[WARN] [1782621186.932601249] [waypoint_follower]: far from local route: d=724916.14, relocalize nearest_index 6759 -> 6759
[WARN] [1782621186.982751342] [waypoint_follower]: far from local route: d=724916.14, relocalize nearest_index 6759 -> 6759
[WARN] [1782621187.033030364] [waypoint_follower]: far from local route: d=725655.97, relocalize nearest_index 6759 -> 6759
[WARN] [1782621187.082893481] [waypoint_follower]: far from local route: d=725655.97, relocalize nearest_index 6759 -> 6759
[WARN] [1782621187.132433525] [waypoint_follower]: far from local route: d=725655.97, relocalize nearest_index 6759 -> 6759
[WARN] [1782621187.182506947] [waypoint_follower]: far from local route: d=725655.97, relocalize nearest_index 6759 -> 6759
[WARN] [1782621187.233521457] [waypoint_follower]: far from local route: d=725655.97, relocalize nearest_index 6759 -> 6759
[WARN] [1782621187.283027389] [waypoint_follower]: far from local route: d=725655.97, relocalize nearest_index 6759 -> 6759
[INFO] [1782621187.284316895] [waypoint_follower]: nearest=6759, target=6759, dist=725655.97, alpha=0.22, vx=0.50, yaw_rate=0.20, dir=1
[WARN] [1782621187.331523657] [waypoint_follower]: far from local route: d=725655.97, relocalize nearest_index 6759 -> 6759
[WARN] [1782621187.384953113] [waypoint_follower]: far from local route: d=728337.60, relocalize nearest_index 6759 -> 6759
[WARN] [1782621187.435345255] [waypoint_follower]: far from local route: d=728337.60, relocalize nearest_index 6759 -> 6759
[WARN] [1782621187.489697144] [waypoint_follower]: far from local route: d=728337.60, relocalize nearest_index 6759 -> 6759
[WARN] [1782621187.537852035] [waypoint_follower]: far from local route: d=728337.60, relocalize nearest_index 6759 -> 6759
[WARN] [1782621187.584362061] [waypoint_follower]: far from local route: d=728337.60, relocalize nearest_index 6759 -> 6759
[WARN] [1782621187.635218075] [waypoint_follower]: far from local route: d=728337.60, relocalize nearest_index 6759 -> 6759
[WARN] [1782621187.682054373] [waypoint_follower]: far from local route: d=728337.60, relocalize nearest_index 6759 -> 6759
[WARN] [1782621187.732034451] [waypoint_follower]: far from local route: d=728337.60, relocalize nearest_index 6759 -> 6759
[WARN] [1782621187.782539616] [waypoint_follower]: far from local route: d=733458.84, relocalize nearest_index 6759 -> 6759
[WARN] [1782621187.831739245] [waypoint_follower]: far from local route: d=733458.84, relocalize nearest_index 6759 -> 6759
[WARN] [1782621187.881671322] [waypoint_follower]: far from local route: d=733458.84, relocalize nearest_index 6759 -> 6759
[WARN] [1782621187.931616071] [waypoint_follower]: far from local route: d=733458.84, relocalize nearest_index 6759 -> 6759
[WARN] [1782621187.981672916] [waypoint_follower]: far from local route: d=733458.84, relocalize nearest_index 6759 -> 6759
[WARN] [1782621188.031718817] [waypoint_follower]: far from local route: d=733458.84, relocalize nearest_index 6759 -> 6759
[WARN] [1782621188.081702734] [waypoint_follower]: far from local route: d=734682.87, relocalize nearest_index 6759 -> 6759
[WARN] [1782621188.131619035] [waypoint_follower]: far from local route: d=734682.87, relocalize nearest_index 6759 -> 6759
[WARN] [1782621188.181970601] [waypoint_follower]: far from local route: d=734682.87, relocalize nearest_index 6759 -> 6759
[WARN] [1782621188.231583381] [waypoint_follower]: far from local route: d=734682.87, relocalize nearest_index 6759 -> 6759
[WARN] [1782621188.281648035] [waypoint_follower]: far from local route: d=734682.87, relocalize nearest_index 6759 -> 6759
[WARN] [1782621188.331523696] [waypoint_follower]: far from local route: d=734682.87, relocalize nearest_index 6759 -> 6759
[INFO] [1782621188.332722417] [waypoint_follower]: nearest=6759, target=6759, dist=734682.87, alpha=-0.13, vx=0.50, yaw_rate=-0.12, dir=1
[WARN] [1782621188.381537469] [waypoint_follower]: far from local route: d=734682.87, relocalize nearest_index 6759 -> 6759
[WARN] [1782621188.433364139] [waypoint_follower]: far from local route: d=734682.87, relocalize nearest_index 6759 -> 6759
[WARN] [1782621188.481542711] [waypoint_follower]: far from local route: d=734682.87, relocalize nearest_index 6759 -> 6759
[WARN] [1782621188.531552708] [waypoint_follower]: far from local route: d=734682.87, relocalize nearest_index 6759 -> 6759
[WARN] [1782621188.583994835] [waypoint_follower]: far from local route: d=734682.87, relocalize nearest_index 6759 -> 6759
[WARN] [1782621188.631676254] [waypoint_follower]: far from local route: d=734682.87, relocalize nearest_index 6759 -> 6759
[WARN] [1782621188.684206222] [waypoint_follower]: far from local route: d=734682.87, relocalize nearest_index 6759 -> 6759
[WARN] [1782621188.732750714] [waypoint_follower]: far from local route: d=734682.87, relocalize nearest_index 6759 -> 6759
[WARN] [1782621188.785056713] [waypoint_follower]: far from local route: d=734682.87, relocalize nearest_index 6759 -> 6759
[WARN] [1782621188.840459899] [waypoint_follower]: far from local route: d=737865.80, relocalize nearest_index 6759 -> 6759
[WARN] [1782621188.886631685] [waypoint_follower]: far from local route: d=737865.80, relocalize nearest_index 6759 -> 6759
[WARN] [1782621188.935174960] [waypoint_follower]: far from local route: d=737865.80, relocalize nearest_index 6759 -> 6759
[WARN] [1782621188.987215391] [waypoint_follower]: far from local route: d=737865.80, relocalize nearest_index 6759 -> 6759
[WARN] [1782621189.036508684] [waypoint_follower]: far from local route: d=737865.80, relocalize nearest_index 6759 -> 6759
[WARN] [1782621189.083152854] [waypoint_follower]: far from local route: d=737865.80, relocalize nearest_index 6759 -> 6759
[WARN] [1782621189.100412453] [waypoint_follower]: stuck recovery: nearest_index 6759 -> 6759
[WARN] [1782621189.137452807] [waypoint_follower]: far from local route: d=737865.80, relocalize nearest_index 6759 -> 6759
[WARN] [1782621189.190349367] [waypoint_follower]: far from local route: d=737865.80, relocalize nearest_index 6759 -> 6759
[WARN] [1782621189.234220478] [waypoint_follower]: far from local route: d=737865.80, relocalize nearest_index 6759 -> 6759
[WARN] [1782621189.286033645] [waypoint_follower]: far from local route: d=737865.80, relocalize nearest_index 6759 -> 6759
[WARN] [1782621189.331471926] [waypoint_follower]: far from local route: d=737865.80, relocalize nearest_index 6759 -> 6759
[WARN] [1782621189.381534243] [waypoint_follower]: far from local route: d=740078.81, relocalize nearest_index 6759 -> 6759
[INFO] [1782621189.386848648] [waypoint_follower]: nearest=6759, target=6759, dist=740078.81, alpha=-0.21, vx=0.50, yaw_rate=-0.19, dir=1
[WARN] [1782621189.440188216] [waypoint_follower]: far from local route: d=740078.81, relocalize nearest_index 6759 -> 6759
[WARN] [1782621189.484150144] [waypoint_follower]: far from local route: d=740078.81, relocalize nearest_index 6759 -> 6759
[WARN] [1782621189.531484042] [waypoint_follower]: far from local route: d=740078.81, relocalize nearest_index 6759 -> 6759
[WARN] [1782621189.585835996] [waypoint_follower]: far from local route: d=740078.81, relocalize nearest_index 6759 -> 6759
[WARN] [1782621189.633968103] [waypoint_follower]: far from local route: d=740078.81, relocalize nearest_index 6759 -> 6759
[WARN] [1782621189.684180116] [waypoint_follower]: far from local route: d=740078.81, relocalize nearest_index 6759 -> 6759
[WARN] [1782621189.732318944] [waypoint_follower]: far from local route: d=740078.81, relocalize nearest_index 6759 -> 6759
[WARN] [1782621189.782578157] [waypoint_follower]: far from local route: d=740078.81, relocalize nearest_index 6759 -> 6759
[WARN] [1782621189.832280026] [waypoint_follower]: far from local route: d=740078.81, relocalize nearest_index 6759 -> 6759
[WARN] [1782621189.882310983] [waypoint_follower]: far from local route: d=741062.91, relocalize nearest_index 6759 -> 6759
[WARN] [1782621189.940760316] [waypoint_follower]: far from local route: d=741062.91, relocalize nearest_index 6759 -> 6759
[WARN] [1782621189.990791497] [waypoint_follower]: far from local route: d=741062.91, relocalize nearest_index 6759 -> 6759
[WARN] [1782621190.035617937] [waypoint_follower]: far from local route: d=741062.91, relocalize nearest_index 6759 -> 6759
[WARN] [1782621190.083622845] [waypoint_follower]: far from local route: d=741062.91, relocalize nearest_index 6759 -> 6759
[WARN] [1782621190.133737898] [waypoint_follower]: far from local route: d=741062.91, relocalize nearest_index 6759 -> 6759
[WARN] [1782621190.183339575] [waypoint_follower]: far from local route: d=741062.91, relocalize nearest_index 6759 -> 6759
[WARN] [1782621190.233561924] [waypoint_follower]: far from local route: d=741062.91, relocalize nearest_index 6759 -> 6759
[WARN] [1782621190.282730640] [waypoint_follower]: far from local route: d=741062.91, relocalize nearest_index 6759 -> 6759
[WARN] [1782621190.340272868] [waypoint_follower]: far from local route: d=741062.91, relocalize nearest_index 6759 -> 6759
[WARN] [1782621190.381524810] [waypoint_follower]: far from local route: d=742786.35, relocalize nearest_index 6759 -> 6759
[WARN] [1782621190.431744279] [waypoint_follower]: far from local route: d=742786.35, relocalize nearest_index 6759 -> 6759
[INFO] [1782621190.432855192] [waypoint_follower]: nearest=6759, target=6759, dist=742786.35, alpha=-0.48, vx=0.50, yaw_rate=-0.44, dir=1
[WARN] [1782621190.481570148] [waypoint_follower]: far from local route: d=742786.35, relocalize nearest_index 6759 -> 6759
[WARN] [1782621190.531720049] [waypoint_follower]: far from local route: d=742786.35, relocalize nearest_index 6759 -> 6759
[WARN] [1782621190.583651968] [waypoint_follower]: far from local route: d=742786.35, relocalize nearest_index 6759 -> 6759
[WARN] [1782621190.632440620] [waypoint_follower]: far from local route: d=742786.35, relocalize nearest_index 6759 -> 6759
[WARN] [1782621190.682829401] [waypoint_follower]: far from local route: d=742786.35, relocalize nearest_index 6759 -> 6759
[WARN] [1782621190.732802535] [waypoint_follower]: far from local route: d=742786.35, relocalize nearest_index 6759 -> 6759
[WARN] [1782621190.781492915] [waypoint_follower]: far from local route: d=744267.87, relocalize nearest_index 6759 -> 6759
[WARN] [1782621190.831586112] [waypoint_follower]: far from local route: d=744267.87, relocalize nearest_index 6759 -> 6759
[WARN] [1782621190.882141709] [waypoint_follower]: far from local route: d=744267.87, relocalize nearest_index 6759 -> 6759
[WARN] [1782621190.931773626] [waypoint_follower]: far from local route: d=744267.87, relocalize nearest_index 6759 -> 6759
[WARN] [1782621190.982707368] [waypoint_follower]: far from local route: d=744267.87, relocalize nearest_index 6759 -> 6759
[WARN] [1782621191.032102645] [waypoint_follower]: far from local route: d=744267.87, relocalize nearest_index 6759 -> 6759
[WARN] [1782621191.082248066] [waypoint_follower]: far from local route: d=744267.87, relocalize nearest_index 6759 -> 6759
[WARN] [1782621191.133792080] [waypoint_follower]: far from local route: d=745006.89, relocalize nearest_index 6759 -> 6759
[WARN] [1782621191.189705475] [waypoint_follower]: far from local route: d=745006.89, relocalize nearest_index 6759 -> 6759
[WARN] [1782621191.241123569] [waypoint_follower]: far from local route: d=745006.89, relocalize nearest_index 6759 -> 6759
[WARN] [1782621191.295072962] [waypoint_follower]: far from local route: d=745006.89, relocalize nearest_index 6759 -> 6759
[WARN] [1782621191.338302825] [waypoint_follower]: far from local route: d=745006.89, relocalize nearest_index 6759 -> 6759
[WARN] [1782621191.384550995] [waypoint_follower]: far from local route: d=745998.59, relocalize nearest_index 6759 -> 6759
[WARN] [1782621191.435538081] [waypoint_follower]: far from local route: d=745998.59, relocalize nearest_index 6759 -> 6759
[INFO] [1782621191.441949735] [waypoint_follower]: nearest=6759, target=6759, dist=745998.59, alpha=-0.15, vx=0.50, yaw_rate=-0.13, dir=1
[WARN] [1782621191.485656718] [waypoint_follower]: far from local route: d=745998.59, relocalize nearest_index 6759 -> 6759
[WARN] [1782621191.540134655] [waypoint_follower]: far from local route: d=745998.59, relocalize nearest_index 6759 -> 6759
[WARN] [1782621191.584561191] [waypoint_follower]: far from local route: d=745998.59, relocalize nearest_index 6759 -> 6759
[WARN] [1782621191.635078869] [waypoint_follower]: far from local route: d=745998.59, relocalize nearest_index 6759 -> 6759
[WARN] [1782621191.684818338] [waypoint_follower]: far from local route: d=745998.59, relocalize nearest_index 6759 -> 6759
[WARN] [1782621191.735030415] [waypoint_follower]: far from local route: d=745998.59, relocalize nearest_index 6759 -> 6759
[WARN] [1782621191.786948638] [waypoint_follower]: far from local route: d=745998.59, relocalize nearest_index 6759 -> 6759
[WARN] [1782621191.835615690] [waypoint_follower]: far from local route: d=746243.64, relocalize nearest_index 6759 -> 6759
[WARN] [1782621191.881518419] [waypoint_follower]: far from local route: d=746243.64, relocalize nearest_index 6759 -> 6759
[WARN] [1782621191.934738275] [waypoint_follower]: far from local route: d=746243.64, relocalize nearest_index 6759 -> 6759
[WARN] [1782621191.983212175] [waypoint_follower]: far from local route: d=746243.64, relocalize nearest_index 6759 -> 6759
[WARN] [1782621192.032450779] [waypoint_follower]: far from local route: d=746243.64, relocalize nearest_index 6759 -> 6759
[WARN] [1782621192.092625842] [waypoint_follower]: far from local route: d=746243.64, relocalize nearest_index 6759 -> 6759
[WARN] [1782621192.099871736] [waypoint_follower]: stuck recovery: nearest_index 6759 -> 6759
[WARN] [1782621192.133217078] [waypoint_follower]: far from local route: d=747983.47, relocalize nearest_index 6759 -> 6759
[WARN] [1782621192.183741220] [waypoint_follower]: far from local route: d=747983.47, relocalize nearest_index 6759 -> 6759
[WARN] [1782621192.233837425] [waypoint_follower]: far from local route: d=747983.47, relocalize nearest_index 6759 -> 6759
[WARN] [1782621192.283365630] [waypoint_follower]: far from local route: d=747983.47, relocalize nearest_index 6759 -> 6759
[WARN] [1782621192.331587145] [waypoint_follower]: far from local route: d=747983.47, relocalize nearest_index 6759 -> 6759
[WARN] [1782621192.383679928] [waypoint_follower]: far from local route: d=747983.47, relocalize nearest_index 6759 -> 6759
[WARN] [1782621192.446298097] [waypoint_follower]: far from local route: d=747983.47, relocalize nearest_index 6759 -> 6759
[INFO] [1782621192.447658322] [waypoint_follower]: nearest=6759, target=6759, dist=747983.47, alpha=-0.08, vx=0.50, yaw_rate=-0.07, dir=1
[WARN] [1782621192.498844960] [waypoint_follower]: far from local route: d=747983.47, relocalize nearest_index 6759 -> 6759
[WARN] [1782621192.537451075] [waypoint_follower]: far from local route: d=747983.47, relocalize nearest_index 6759 -> 6759
[WARN] [1782621192.582023755] [waypoint_follower]: far from local route: d=747983.47, relocalize nearest_index 6759 -> 6759
[WARN] [1782621192.633498650] [waypoint_follower]: far from local route: d=747983.47, relocalize nearest_index 6759 -> 6759
[WARN] [1782621192.705010842] [waypoint_follower]: far from local route: d=749475.50, relocalize nearest_index 6759 -> 6759
[WARN] [1782621192.740608091] [waypoint_follower]: far from local route: d=749475.50, relocalize nearest_index 6759 -> 6759
[WARN] [1782621192.785671843] [waypoint_follower]: far from local route: d=749475.50, relocalize nearest_index 6759 -> 6759
[WARN] [1782621192.834276655] [waypoint_follower]: far from local route: d=749475.50, relocalize nearest_index 6759 -> 6759
[WARN] [1782621192.881953754] [waypoint_follower]: far from local route: d=749475.50, relocalize nearest_index 6759 -> 6759
[WARN] [1782621192.931705767] [waypoint_follower]: far from local route: d=749475.50, relocalize nearest_index 6759 -> 6759
[WARN] [1782621192.986608889] [waypoint_follower]: far from local route: d=749475.50, relocalize nearest_index 6759 -> 6759
[WARN] [1782621193.036671462] [waypoint_follower]: far from local route: d=749475.50, relocalize nearest_index 6759 -> 6759
[WARN] [1782621193.082494159] [waypoint_follower]: far from local route: d=749475.50, relocalize nearest_index 6759 -> 6759
[WARN] [1782621193.132995741] [waypoint_follower]: far from local route: d=749475.50, relocalize nearest_index 6759 -> 6759
[WARN] [1782621193.182487913] [waypoint_follower]: far from local route: d=749475.50, relocalize nearest_index 6759 -> 6759
[WARN] [1782621193.232231222] [waypoint_follower]: far from local route: d=749475.50, relocalize nearest_index 6759 -> 6759
[WARN] [1782621193.282470020] [waypoint_follower]: far from local route: d=749475.50, relocalize nearest_index 6759 -> 6759
[WARN] [1782621193.336272852] [waypoint_follower]: far from local route: d=749475.50, relocalize nearest_index 6759 -> 6759
[WARN] [1782621193.391256582] [waypoint_follower]: far from local route: d=749475.50, relocalize nearest_index 6759 -> 6759
[WARN] [1782621193.432639499] [waypoint_follower]: far from local route: d=749475.50, relocalize nearest_index 6759 -> 6759
[WARN] [1782621193.482643896] [waypoint_follower]: far from local route: d=749475.50, relocalize nearest_index 6759 -> 6759
[INFO] [1782621193.484090169] [waypoint_follower]: nearest=6759, target=6759, dist=749475.50, alpha=-0.39, vx=0.50, yaw_rate=-0.35, dir=1
[WARN] [1782621193.531693924] [waypoint_follower]: far from local route: d=750981.61, relocalize nearest_index 6759 -> 6759
[WARN] [1782621193.581798578] [waypoint_follower]: far from local route: d=750981.61, relocalize nearest_index 6759 -> 6759
[WARN] [1782621193.631813983] [waypoint_follower]: far from local route: d=750981.61, relocalize nearest_index 6759 -> 6759
[WARN] [1782621193.681780012] [waypoint_follower]: far from local route: d=750981.61, relocalize nearest_index 6759 -> 6759
[WARN] [1782621193.731772889] [waypoint_follower]: far from local route: d=750981.61, relocalize nearest_index 6759 -> 6759
[WARN] [1782621193.783887720] [waypoint_follower]: far from local route: d=750981.61, relocalize nearest_index 6759 -> 6759
[WARN] [1782621193.832369908] [waypoint_follower]: far from local route: d=750981.61, relocalize nearest_index 6759 -> 6759
[WARN] [1782621193.882754273] [waypoint_follower]: far from local route: d=750981.61, relocalize nearest_index 6759 -> 6759
[WARN] [1782621193.932415342] [waypoint_follower]: far from local route: d=750981.61, relocalize nearest_index 6759 -> 6759
[WARN] [1782621193.982310939] [waypoint_follower]: far from local route: d=750981.61, relocalize nearest_index 6759 -> 6759
[WARN] [1782621194.038535022] [waypoint_follower]: far from local route: d=750981.61, relocalize nearest_index 6759 -> 6759
[WARN] [1782621194.082452181] [waypoint_follower]: far from local route: d=752484.82, relocalize nearest_index 6759 -> 6759
[WARN] [1782621194.131602658] [waypoint_follower]: far from local route: d=752484.82, relocalize nearest_index 6759 -> 6759
[WARN] [1782621194.181561231] [waypoint_follower]: far from local route: d=752484.82, relocalize nearest_index 6759 -> 6759
[WARN] [1782621194.231837116] [waypoint_follower]: far from local route: d=752734.94, relocalize nearest_index 6759 -> 6759
[WARN] [1782621194.281954282] [waypoint_follower]: far from local route: d=752734.94, relocalize nearest_index 6759 -> 6759
[WARN] [1782621194.332739063] [waypoint_follower]: far from local route: d=752734.94, relocalize nearest_index 6759 -> 6759
[WARN] [1782621194.381561795] [waypoint_follower]: far from local route: d=752734.94, relocalize nearest_index 6759 -> 6759
[WARN] [1782621194.432055665] [waypoint_follower]: far from local route: d=752734.94, relocalize nearest_index 6759 -> 6759
[WARN] [1782621194.481407998] [waypoint_follower]: far from local route: d=752734.94, relocalize nearest_index 6759 -> 6759
[WARN] [1782621194.532005675] [waypoint_follower]: far from local route: d=752734.94, relocalize nearest_index 6759 -> 6759
[INFO] [1782621194.533380780] [waypoint_follower]: nearest=6759, target=6759, dist=752734.94, alpha=-0.39, vx=0.50, yaw_rate=-0.35, dir=1
[WARN] [1782621194.581565656] [waypoint_follower]: far from local route: d=752734.94, relocalize nearest_index 6759 -> 6759
[WARN] [1782621194.631575557] [waypoint_follower]: far from local route: d=752734.94, relocalize nearest_index 6759 -> 6759
[WARN] [1782621194.681625202] [waypoint_follower]: far from local route: d=752734.94, relocalize nearest_index 6759 -> 6759
[WARN] [1782621194.731559839] [waypoint_follower]: far from local route: d=752734.94, relocalize nearest_index 6759 -> 6759
[WARN] [1782621194.782925550] [waypoint_follower]: far from local route: d=752734.94, relocalize nearest_index 6759 -> 6759
[WARN] [1782621194.844956358] [waypoint_follower]: far from local route: d=752734.94, relocalize nearest_index 6759 -> 6759
[WARN] [1782621194.896659444] [waypoint_follower]: far from local route: d=752734.94, relocalize nearest_index 6759 -> 6759
[WARN] [1782621194.931993684] [waypoint_follower]: far from local route: d=752734.94, relocalize nearest_index 6759 -> 6759
[WARN] [1782621194.982988610] [waypoint_follower]: far from local route: d=752734.94, relocalize nearest_index 6759 -> 6759
[WARN] [1782621195.031171150] [waypoint_follower]: far from local route: d=753988.16, relocalize nearest_index 6759 -> 6759
[WARN] [1782621195.081537339] [waypoint_follower]: far from local route: d=753988.16, relocalize nearest_index 6759 -> 6759
[WARN] [1782621195.132122121] [waypoint_follower]: far from local route: d=753988.16, relocalize nearest_index 6759 -> 6759
[WARN] [1782621195.137177357] [waypoint_follower]: stuck recovery: nearest_index 6759 -> 6759
[WARN] [1782621195.182158838] [waypoint_follower]: far from local route: d=753988.16, relocalize nearest_index 6759 -> 6759
[WARN] [1782621195.231575714] [waypoint_follower]: far from local route: d=753988.16, relocalize nearest_index 6759 -> 6759
[WARN] [1782621195.281843536] [waypoint_follower]: far from local route: d=753988.16, relocalize nearest_index 6759 -> 6759
[WARN] [1782621195.333663167] [waypoint_follower]: far from local route: d=753988.16, relocalize nearest_index 6759 -> 6759
[WARN] [1782621195.387815823] [waypoint_follower]: far from local route: d=754486.83, relocalize nearest_index 6759 -> 6759
[WARN] [1782621195.432647960] [waypoint_follower]: far from local route: d=754486.83, relocalize nearest_index 6759 -> 6759
[WARN] [1782621195.484172166] [waypoint_follower]: far from local route: d=754486.83, relocalize nearest_index 6759 -> 6759
[WARN] [1782621195.538406711] [waypoint_follower]: far from local route: d=754486.83, relocalize nearest_index 6759 -> 6759
[INFO] [1782621195.542945179] [waypoint_follower]: nearest=6759, target=6759, dist=754486.83, alpha=-0.20, vx=0.50, yaw_rate=-0.18, dir=1
[WARN] [1782621195.588448229] [waypoint_follower]: far from local route: d=754486.83, relocalize nearest_index 6759 -> 6759
[WARN] [1782621195.634871758] [waypoint_follower]: far from local route: d=754486.83, relocalize nearest_index 6759 -> 6759
[WARN] [1782621195.683126778] [waypoint_follower]: far from local route: d=754486.83, relocalize nearest_index 6759 -> 6759
[WARN] [1782621195.734420712] [waypoint_follower]: far from local route: d=754486.83, relocalize nearest_index 6759 -> 6759
[WARN] [1782621195.781650323] [waypoint_follower]: far from local route: d=754486.83, relocalize nearest_index 6759 -> 6759
[WARN] [1782621195.831514304] [waypoint_follower]: far from local route: d=754486.83, relocalize nearest_index 6759 -> 6759
[WARN] [1782621195.881556333] [waypoint_follower]: far from local route: d=754486.83, relocalize nearest_index 6759 -> 6759
[WARN] [1782621195.931568186] [waypoint_follower]: far from local route: d=755497.06, relocalize nearest_index 6759 -> 6759
[WARN] [1782621195.982659688] [waypoint_follower]: far from local route: d=755497.06, relocalize nearest_index 6759 -> 6759
[WARN] [1782621196.032650325] [waypoint_follower]: far from local route: d=755497.06, relocalize nearest_index 6759 -> 6759
[WARN] [1782621196.082005122] [waypoint_follower]: far from local route: d=755497.06, relocalize nearest_index 6759 -> 6759
[WARN] [1782621196.132763536] [waypoint_follower]: far from local route: d=755497.06, relocalize nearest_index 6759 -> 6759
[WARN] [1782621196.181479132] [waypoint_follower]: far from local route: d=755497.06, relocalize nearest_index 6759 -> 6759
[WARN] [1782621196.232604938] [waypoint_follower]: far from local route: d=756500.63, relocalize nearest_index 6759 -> 6759
[WARN] [1782621196.284033688] [waypoint_follower]: far from local route: d=756500.63, relocalize nearest_index 6759 -> 6759
[WARN] [1782621196.333843109] [waypoint_follower]: far from local route: d=757005.26, relocalize nearest_index 6759 -> 6759
[WARN] [1782621196.385729588] [waypoint_follower]: far from local route: d=757005.26, relocalize nearest_index 6759 -> 6759
[WARN] [1782621196.433036607] [waypoint_follower]: far from local route: d=757005.26, relocalize nearest_index 6759 -> 6759
[WARN] [1782621196.485419246] [waypoint_follower]: far from local route: d=757509.07, relocalize nearest_index 6759 -> 6759
[WARN] [1782621196.537186365] [waypoint_follower]: far from local route: d=757509.07, relocalize nearest_index 6759 -> 6759
[WARN] [1782621196.582291909] [waypoint_follower]: far from local route: d=757509.07, relocalize nearest_index 6759 -> 6759
[INFO] [1782621196.583342438] [waypoint_follower]: nearest=6759, target=6759, dist=757509.07, alpha=0.23, vx=0.50, yaw_rate=0.20, dir=1
[WARN] [1782621196.632207954] [waypoint_follower]: far from local route: d=757509.07, relocalize nearest_index 6759 -> 6759
[WARN] [1782621196.684745090] [waypoint_follower]: far from local route: d=757509.07, relocalize nearest_index 6759 -> 6759
[WARN] [1782621196.732163341] [waypoint_follower]: far from local route: d=757509.07, relocalize nearest_index 6759 -> 6759
[WARN] [1782621196.782291130] [waypoint_follower]: far from local route: d=757509.07, relocalize nearest_index 6759 -> 6759
[WARN] [1782621196.832239879] [waypoint_follower]: far from local route: d=757760.34, relocalize nearest_index 6759 -> 6759
[WARN] [1782621196.882100532] [waypoint_follower]: far from local route: d=757760.34, relocalize nearest_index 6759 -> 6759
[WARN] [1782621196.932535074] [waypoint_follower]: far from local route: d=757760.34, relocalize nearest_index 6759 -> 6759
[WARN] [1782621196.982468239] [waypoint_follower]: far from local route: d=757760.34, relocalize nearest_index 6759 -> 6759
[WARN] [1782621197.031746651] [waypoint_follower]: far from local route: d=758768.30, relocalize nearest_index 6759 -> 6759
[WARN] [1782621197.081887688] [waypoint_follower]: far from local route: d=758768.30, relocalize nearest_index 6759 -> 6759
[WARN] [1782621197.131666197] [waypoint_follower]: far from local route: d=758768.30, relocalize nearest_index 6759 -> 6759
[WARN] [1782621197.182221475] [waypoint_follower]: far from local route: d=758768.30, relocalize nearest_index 6759 -> 6759
[WARN] [1782621197.232347632] [waypoint_follower]: far from local route: d=758768.30, relocalize nearest_index 6759 -> 6759
[WARN] [1782621197.282268797] [waypoint_follower]: far from local route: d=759272.11, relocalize nearest_index 6759 -> 6759
[WARN] [1782621197.331993418] [waypoint_follower]: far from local route: d=759272.11, relocalize nearest_index 6759 -> 6759
[WARN] [1782621197.384493369] [waypoint_follower]: far from local route: d=759272.11, relocalize nearest_index 6759 -> 6759
[WARN] [1782621197.431666052] [waypoint_follower]: far from local route: d=759272.11, relocalize nearest_index 6759 -> 6759
[WARN] [1782621197.481447217] [waypoint_follower]: far from local route: d=759776.31, relocalize nearest_index 6759 -> 6759
[WARN] [1782621197.536368610] [waypoint_follower]: far from local route: d=759776.31, relocalize nearest_index 6759 -> 6759
[WARN] [1782621197.593891990] [waypoint_follower]: far from local route: d=759776.31, relocalize nearest_index 6759 -> 6759
[INFO] [1782621197.599198747] [waypoint_follower]: nearest=6759, target=6759, dist=759776.31, alpha=0.08, vx=0.50, yaw_rate=0.08, dir=1
[WARN] [1782621197.637005917] [waypoint_follower]: far from local route: d=759776.31, relocalize nearest_index 6759 -> 6759
[WARN] [1782621197.684617928] [waypoint_follower]: far from local route: d=759776.31, relocalize nearest_index 6759 -> 6759
[WARN] [1782621197.735863158] [waypoint_follower]: far from local route: d=759776.31, relocalize nearest_index 6759 -> 6759
[WARN] [1782621197.784045282] [waypoint_follower]: far from local route: d=759776.31, relocalize nearest_index 6759 -> 6759
[WARN] [1782621197.840920533] [waypoint_follower]: far from local route: d=760532.06, relocalize nearest_index 6759 -> 6759
[WARN] [1782621197.881923130] [waypoint_follower]: far from local route: d=760532.06, relocalize nearest_index 6759 -> 6759
[WARN] [1782621197.934724106] [waypoint_follower]: far from local route: d=760532.06, relocalize nearest_index 6759 -> 6759
[WARN] [1782621197.986691641] [waypoint_follower]: far from local route: d=760532.06, relocalize nearest_index 6759 -> 6759
[WARN] [1782621198.031798914] [waypoint_follower]: far from local route: d=760532.06, relocalize nearest_index 6759 -> 6759
[WARN] [1782621198.085473522] [waypoint_follower]: far from local route: d=761037.67, relocalize nearest_index 6759 -> 6759
[WARN] [1782621198.132217180] [waypoint_follower]: far from local route: d=761037.67, relocalize nearest_index 6759 -> 6759
[WARN] [1782621198.151091149] [waypoint_follower]: stuck recovery: nearest_index 6759 -> 6759
[WARN] [1782621198.193908372] [waypoint_follower]: far from local route: d=761037.67, relocalize nearest_index 6759 -> 6759
[WARN] [1782621198.232923063] [waypoint_follower]: far from local route: d=761037.67, relocalize nearest_index 6759 -> 6759
[WARN] [1782621198.282098147] [waypoint_follower]: far from local route: d=761037.67, relocalize nearest_index 6759 -> 6759
[WARN] [1782621198.332834929] [waypoint_follower]: far from local route: d=761794.02, relocalize nearest_index 6759 -> 6759
[WARN] [1782621198.383798783] [waypoint_follower]: far from local route: d=761794.02, relocalize nearest_index 6759 -> 6759
[WARN] [1782621198.440757587] [waypoint_follower]: far from local route: d=761794.02, relocalize nearest_index 6759 -> 6759
[WARN] [1782621198.484311610] [waypoint_follower]: far from local route: d=761794.02, relocalize nearest_index 6759 -> 6759
[WARN] [1782621198.533089222] [waypoint_follower]: far from local route: d=761794.02, relocalize nearest_index 6759 -> 6759
[WARN] [1782621198.582858035] [waypoint_follower]: far from local route: d=761794.02, relocalize nearest_index 6759 -> 6759
[WARN] [1782621198.633084800] [waypoint_follower]: far from local route: d=762804.46, relocalize nearest_index 6759 -> 6759
[INFO] [1782621198.634189281] [waypoint_follower]: nearest=6759, target=6759, dist=762804.46, alpha=-0.39, vx=0.50, yaw_rate=-0.35, dir=1
[WARN] [1782621198.683219597] [waypoint_follower]: far from local route: d=762804.46, relocalize nearest_index 6759 -> 6759
[WARN] [1782621198.734653980] [waypoint_follower]: far from local route: d=762804.46, relocalize nearest_index 6759 -> 6759
[WARN] [1782621198.782534695] [waypoint_follower]: far from local route: d=762804.46, relocalize nearest_index 6759 -> 6759
[WARN] [1782621198.832797940] [waypoint_follower]: far from local route: d=762804.46, relocalize nearest_index 6759 -> 6759
[WARN] [1782621198.883386018] [waypoint_follower]: far from local route: d=762804.46, relocalize nearest_index 6759 -> 6759
[WARN] [1782621198.932418830] [waypoint_follower]: far from local route: d=762804.46, relocalize nearest_index 6759 -> 6759
[WARN] [1782621198.982223131] [waypoint_follower]: far from local route: d=763811.56, relocalize nearest_index 6759 -> 6759
[WARN] [1782621199.032434217] [waypoint_follower]: far from local route: d=763811.56, relocalize nearest_index 6759 -> 6759
[WARN] [1782621199.083262390] [waypoint_follower]: far from local route: d=763811.56, relocalize nearest_index 6759 -> 6759
[WARN] [1782621199.131923874] [waypoint_follower]: far from local route: d=763811.56, relocalize nearest_index 6759 -> 6759
[WARN] [1782621199.182577136] [waypoint_follower]: far from local route: d=763811.56, relocalize nearest_index 6759 -> 6759
[WARN] [1782621199.232254589] [waypoint_follower]: far from local route: d=763811.56, relocalize nearest_index 6759 -> 6759
[WARN] [1782621199.283805899] [waypoint_follower]: far from local route: d=763811.56, relocalize nearest_index 6759 -> 6759
[WARN] [1782621199.334966682] [waypoint_follower]: far from local route: d=763811.56, relocalize nearest_index 6759 -> 6759
[WARN] [1782621199.385057607] [waypoint_follower]: far from local route: d=763811.56, relocalize nearest_index 6759 -> 6759
[WARN] [1782621199.432728914] [waypoint_follower]: far from local route: d=763811.56, relocalize nearest_index 6759 -> 6759
[WARN] [1782621199.482835391] [waypoint_follower]: far from local route: d=764820.89, relocalize nearest_index 6759 -> 6759
[WARN] [1782621199.532756204] [waypoint_follower]: far from local route: d=764820.89, relocalize nearest_index 6759 -> 6759
[WARN] [1782621199.583291866] [waypoint_follower]: far from local route: d=764820.89, relocalize nearest_index 6759 -> 6759
[WARN] [1782621199.633978311] [waypoint_follower]: far from local route: d=764820.89, relocalize nearest_index 6759 -> 6759
[INFO] [1782621199.636354346] [waypoint_follower]: nearest=6759, target=6759, dist=764820.89, alpha=-0.34, vx=0.50, yaw_rate=-0.31, dir=1
[WARN] [1782621199.681740179] [waypoint_follower]: far from local route: d=764820.89, relocalize nearest_index 6759 -> 6759
[WARN] [1782621199.735073219] [waypoint_follower]: far from local route: d=764820.89, relocalize nearest_index 6759 -> 6759
[WARN] [1782621199.782688142] [waypoint_follower]: far from local route: d=764820.89, relocalize nearest_index 6759 -> 6759
[WARN] [1782621199.832399963] [waypoint_follower]: far from local route: d=764820.89, relocalize nearest_index 6759 -> 6759
[WARN] [1782621199.883845961] [waypoint_follower]: far from local route: d=764820.89, relocalize nearest_index 6759 -> 6759
[WARN] [1782621199.932490965] [waypoint_follower]: far from local route: d=764820.89, relocalize nearest_index 6759 -> 6759
[WARN] [1782621199.981497473] [waypoint_follower]: far from local route: d=766584.75, relocalize nearest_index 6759 -> 6759
[WARN] [1782621200.033135824] [waypoint_follower]: far from local route: d=766584.75, relocalize nearest_index 6759 -> 6759
[WARN] [1782621200.083069277] [waypoint_follower]: far from local route: d=766584.75, relocalize nearest_index 6759 -> 6759
[WARN] [1782621200.134323403] [waypoint_follower]: far from local route: d=766584.75, relocalize nearest_index 6759 -> 6759
[WARN] [1782621200.181499158] [waypoint_follower]: far from local route: d=766584.75, relocalize nearest_index 6759 -> 6759
[WARN] [1782621200.231489251] [waypoint_follower]: far from local route: d=768104.15, relocalize nearest_index 6759 -> 6759
[WARN] [1782621200.288031606] [waypoint_follower]: far from local route: d=768104.15, relocalize nearest_index 6759 -> 6759
[WARN] [1782621200.335047232] [waypoint_follower]: far from local route: d=768104.15, relocalize nearest_index 6759 -> 6759
[WARN] [1782621200.390638514] [waypoint_follower]: far from local route: d=768104.15, relocalize nearest_index 6759 -> 6759
[WARN] [1782621200.436072827] [waypoint_follower]: far from local route: d=768104.15, relocalize nearest_index 6759 -> 6759
[WARN] [1782621200.481792421] [waypoint_follower]: far from local route: d=768104.15, relocalize nearest_index 6759 -> 6759
[WARN] [1782621200.532377298] [waypoint_follower]: far from local route: d=768609.54, relocalize nearest_index 6759 -> 6759
[WARN] [1782621200.581505375] [waypoint_follower]: far from local route: d=768609.54, relocalize nearest_index 6759 -> 6759
[WARN] [1782621200.638857714] [waypoint_follower]: far from local route: d=769116.89, relocalize nearest_index 6759 -> 6759
[INFO] [1782621200.640052499] [waypoint_follower]: nearest=6759, target=6759, dist=769116.89, alpha=-0.35, vx=0.50, yaw_rate=-0.32, dir=1
[WARN] [1782621200.685187740] [waypoint_follower]: far from local route: d=769116.89, relocalize nearest_index 6759 -> 6759
[WARN] [1782621200.735370153] [waypoint_follower]: far from local route: d=769116.89, relocalize nearest_index 6759 -> 6759
[WARN] [1782621200.786383095] [waypoint_follower]: far from local route: d=769116.89, relocalize nearest_index 6759 -> 6759
[WARN] [1782621200.836081380] [waypoint_follower]: far from local route: d=769116.89, relocalize nearest_index 6759 -> 6759
[WARN] [1782621200.886473138] [waypoint_follower]: far from local route: d=769116.89, relocalize nearest_index 6759 -> 6759
[WARN] [1782621200.934302205] [waypoint_follower]: far from local route: d=769877.82, relocalize nearest_index 6759 -> 6759
[WARN] [1782621200.985038955] [waypoint_follower]: far from local route: d=769877.82, relocalize nearest_index 6759 -> 6759
[WARN] [1782621201.035963897] [waypoint_follower]: far from local route: d=769877.82, relocalize nearest_index 6759 -> 6759
[WARN] [1782621201.092172875] [waypoint_follower]: far from local route: d=770382.99, relocalize nearest_index 6759 -> 6759
[WARN] [1782621201.136991860] [waypoint_follower]: far from local route: d=770382.99, relocalize nearest_index 6759 -> 6759
[WARN] [1782621201.142163993] [waypoint_follower]: stuck recovery: nearest_index 6759 -> 6759
[WARN] [1782621201.184734655] [waypoint_follower]: far from local route: d=770382.99, relocalize nearest_index 6759 -> 6759
[WARN] [1782621201.235541805] [waypoint_follower]: far from local route: d=770382.99, relocalize nearest_index 6759 -> 6759
[WARN] [1782621201.287729244] [waypoint_follower]: far from local route: d=770382.99, relocalize nearest_index 6759 -> 6759
[WARN] [1782621201.332783429] [waypoint_follower]: far from local route: d=770382.99, relocalize nearest_index 6759 -> 6759
[WARN] [1782621201.388837591] [waypoint_follower]: far from local route: d=770382.99, relocalize nearest_index 6759 -> 6759
[WARN] [1782621201.436303586] [waypoint_follower]: far from local route: d=770382.99, relocalize nearest_index 6759 -> 6759
[WARN] [1782621201.484555597] [waypoint_follower]: far from local route: d=771142.93, relocalize nearest_index 6759 -> 6759
[WARN] [1782621201.536579292] [waypoint_follower]: far from local route: d=771142.93, relocalize nearest_index 6759 -> 6759
[WARN] [1782621201.584152263] [waypoint_follower]: far from local route: d=771142.93, relocalize nearest_index 6759 -> 6759
[WARN] [1782621201.635026325] [waypoint_follower]: far from local route: d=771142.93, relocalize nearest_index 6759 -> 6759
[WARN] [1782621201.685959267] [waypoint_follower]: far from local route: d=771142.93, relocalize nearest_index 6759 -> 6759
[INFO] [1782621201.688544646] [waypoint_follower]: nearest=6759, target=6759, dist=771142.93, alpha=-0.20, vx=0.50, yaw_rate=-0.18, dir=1
[WARN] [1782621201.735015248] [waypoint_follower]: far from local route: d=771142.93, relocalize nearest_index 6759 -> 6759
[WARN] [1782621201.783087323] [waypoint_follower]: far from local route: d=771901.90, relocalize nearest_index 6759 -> 6759
[WARN] [1782621201.835649546] [waypoint_follower]: far from local route: d=771901.90, relocalize nearest_index 6759 -> 6759
[WARN] [1782621201.882823445] [waypoint_follower]: far from local route: d=771901.90, relocalize nearest_index 6759 -> 6759
[WARN] [1782621201.936526661] [waypoint_follower]: far from local route: d=771901.90, relocalize nearest_index 6759 -> 6759
[WARN] [1782621201.984642545] [waypoint_follower]: far from local route: d=771901.90, relocalize nearest_index 6759 -> 6759
[WARN] [1782621202.044304103] [waypoint_follower]: far from local route: d=771901.90, relocalize nearest_index 6759 -> 6759
[WARN] [1782621202.088579375] [waypoint_follower]: far from local route: d=772407.44, relocalize nearest_index 6759 -> 6759
[WARN] [1782621202.136666362] [waypoint_follower]: far from local route: d=772407.44, relocalize nearest_index 6759 -> 6759
[WARN] [1782621202.184415781] [waypoint_follower]: far from local route: d=772407.44, relocalize nearest_index 6759 -> 6759
[WARN] [1782621202.231533040] [waypoint_follower]: far from local route: d=772407.44, relocalize nearest_index 6759 -> 6759
[WARN] [1782621202.284858592] [waypoint_follower]: far from local route: d=772407.44, relocalize nearest_index 6759 -> 6759
[WARN] [1782621202.339649137] [waypoint_follower]: far from local route: d=772407.44, relocalize nearest_index 6759 -> 6759
[WARN] [1782621202.388790398] [waypoint_follower]: far from local route: d=772407.44, relocalize nearest_index 6759 -> 6759
[WARN] [1782621202.437749962] [waypoint_follower]: far from local route: d=773424.66, relocalize nearest_index 6759 -> 6759
[WARN] [1782621202.486666966] [waypoint_follower]: far from local route: d=773424.66, relocalize nearest_index 6759 -> 6759
[WARN] [1782621202.531886143] [waypoint_follower]: far from local route: d=773424.66, relocalize nearest_index 6759 -> 6759
[WARN] [1782621202.592767222] [waypoint_follower]: far from local route: d=773682.99, relocalize nearest_index 6759 -> 6759
[WARN] [1782621202.639007007] [waypoint_follower]: far from local route: d=773682.99, relocalize nearest_index 6759 -> 6759
[WARN] [1782621202.689415181] [waypoint_follower]: far from local route: d=773682.99, relocalize nearest_index 6759 -> 6759
[INFO] [1782621202.692960624] [waypoint_follower]: nearest=6759, target=6759, dist=773682.99, alpha=-0.44, vx=0.50, yaw_rate=-0.40, dir=1
[WARN] [1782621202.736017303] [waypoint_follower]: far from local route: d=773682.99, relocalize nearest_index 6759 -> 6759
[WARN] [1782621202.782796257] [waypoint_follower]: far from local route: d=773682.99, relocalize nearest_index 6759 -> 6759
[WARN] [1782621202.831506381] [waypoint_follower]: far from local route: d=773682.99, relocalize nearest_index 6759 -> 6759
[WARN] [1782621202.881475898] [waypoint_follower]: far from local route: d=773682.99, relocalize nearest_index 6759 -> 6759
[WARN] [1782621202.931308519] [waypoint_follower]: far from local route: d=773682.99, relocalize nearest_index 6759 -> 6759
[WARN] [1782621202.983463798] [waypoint_follower]: far from local route: d=773682.99, relocalize nearest_index 6759 -> 6759
[WARN] [1782621203.040841578] [waypoint_follower]: far from local route: d=774695.88, relocalize nearest_index 6759 -> 6759
[WARN] [1782621203.084695218] [waypoint_follower]: far from local route: d=774695.88, relocalize nearest_index 6759 -> 6759
[WARN] [1782621203.145674569] [waypoint_follower]: far from local route: d=774695.88, relocalize nearest_index 6759 -> 6759
[WARN] [1782621203.182509866] [waypoint_follower]: far from local route: d=774695.88, relocalize nearest_index 6759 -> 6759
[WARN] [1782621203.234724281] [waypoint_follower]: far from local route: d=774695.88, relocalize nearest_index 6759 -> 6759
[WARN] [1782621203.285304743] [waypoint_follower]: far from local route: d=774695.88, relocalize nearest_index 6759 -> 6759
[WARN] [1782621203.335754036] [waypoint_follower]: far from local route: d=774695.88, relocalize nearest_index 6759 -> 6759
[WARN] [1782621203.382716926] [waypoint_follower]: far from local route: d=774695.88, relocalize nearest_index 6759 -> 6759
[WARN] [1782621203.431830955] [waypoint_follower]: far from local route: d=774695.88, relocalize nearest_index 6759 -> 6759
[WARN] [1782621203.481508184] [waypoint_follower]: far from local route: d=774695.88, relocalize nearest_index 6759 -> 6759
[WARN] [1782621203.531605477] [waypoint_follower]: far from local route: d=774695.88, relocalize nearest_index 6759 -> 6759
[WARN] [1782621203.583244403] [waypoint_follower]: far from local route: d=774695.88, relocalize nearest_index 6759 -> 6759
[WARN] [1782621203.631880031] [waypoint_follower]: far from local route: d=776228.51, relocalize nearest_index 6759 -> 6759
[WARN] [1782621203.682602029] [waypoint_follower]: far from local route: d=776228.51, relocalize nearest_index 6759 -> 6759
[WARN] [1782621203.733794651] [waypoint_follower]: far from local route: d=776228.51, relocalize nearest_index 6759 -> 6759
[INFO] [1782621203.735111996] [waypoint_follower]: nearest=6759, target=6759, dist=776228.51, alpha=-0.79, vx=0.25, yaw_rate=-0.45, dir=1
[WARN] [1782621203.782516679] [waypoint_follower]: far from local route: d=776228.51, relocalize nearest_index 6759 -> 6759
[WARN] [1782621203.832606964] [waypoint_follower]: far from local route: d=776228.51, relocalize nearest_index 6759 -> 6759
[WARN] [1782621203.885787236] [waypoint_follower]: far from local route: d=776228.51, relocalize nearest_index 6759 -> 6759
[WARN] [1782621203.932834639] [waypoint_follower]: far from local route: d=776228.51, relocalize nearest_index 6759 -> 6759
[WARN] [1782621203.983863005] [waypoint_follower]: far from local route: d=776228.51, relocalize nearest_index 6759 -> 6759
[WARN] [1782621204.034516971] [waypoint_follower]: far from local route: d=776228.51, relocalize nearest_index 6759 -> 6759
[WARN] [1782621204.089365756] [waypoint_follower]: far from local route: d=776228.51, relocalize nearest_index 6759 -> 6759
[WARN] [1782621204.140270442] [waypoint_follower]: far from local route: d=777503.16, relocalize nearest_index 6759 -> 6759
[WARN] [1782621204.145727887] [waypoint_follower]: stuck recovery: nearest_index 6759 -> 6759
[WARN] [1782621204.187801557] [waypoint_follower]: far from local route: d=777503.16, relocalize nearest_index 6759 -> 6759
[WARN] [1782621204.232831902] [waypoint_follower]: far from local route: d=777503.16, relocalize nearest_index 6759 -> 6759
[WARN] [1782621204.283576459] [waypoint_follower]: far from local route: d=777503.16, relocalize nearest_index 6759 -> 6759
[WARN] [1782621204.334170393] [waypoint_follower]: far from local route: d=777503.16, relocalize nearest_index 6759 -> 6759
[WARN] [1782621204.382618853] [waypoint_follower]: far from local route: d=777503.16, relocalize nearest_index 6759 -> 6759
[WARN] [1782621204.432838610] [waypoint_follower]: far from local route: d=777503.16, relocalize nearest_index 6759 -> 6759
[WARN] [1782621204.486387074] [waypoint_follower]: far from local route: d=778012.42, relocalize nearest_index 6759 -> 6759
[WARN] [1782621204.533224653] [waypoint_follower]: far from local route: d=778012.42, relocalize nearest_index 6759 -> 6759
[WARN] [1782621204.583925211] [waypoint_follower]: far from local route: d=778012.42, relocalize nearest_index 6759 -> 6759
[WARN] [1782621204.633167815] [waypoint_follower]: far from local route: d=778012.42, relocalize nearest_index 6759 -> 6759
[WARN] [1782621204.687094360] [waypoint_follower]: far from local route: d=778012.42, relocalize nearest_index 6759 -> 6759
[WARN] [1782621204.734469634] [waypoint_follower]: far from local route: d=778012.42, relocalize nearest_index 6759 -> 6759
[INFO] [1782621204.737827973] [waypoint_follower]: nearest=6759, target=6759, dist=778012.42, alpha=-0.76, vx=0.25, yaw_rate=-0.45, dir=1
[WARN] [1782621204.792598359] [waypoint_follower]: far from local route: d=778012.42, relocalize nearest_index 6759 -> 6759
[WARN] [1782621204.841056867] [waypoint_follower]: far from local route: d=779032.62, relocalize nearest_index 6759 -> 6759
[WARN] [1782621204.886138923] [waypoint_follower]: far from local route: d=779032.62, relocalize nearest_index 6759 -> 6759
[WARN] [1782621204.935506456] [waypoint_follower]: far from local route: d=779032.62, relocalize nearest_index 6759 -> 6759
[WARN] [1782621204.984805252] [waypoint_follower]: far from local route: d=779032.62, relocalize nearest_index 6759 -> 6759
[WARN] [1782621205.034489489] [waypoint_follower]: far from local route: d=779032.62, relocalize nearest_index 6759 -> 6759
[WARN] [1782621205.084483678] [waypoint_follower]: far from local route: d=779032.62, relocalize nearest_index 6759 -> 6759
[WARN] [1782621205.135978733] [waypoint_follower]: far from local route: d=779032.62, relocalize nearest_index 6759 -> 6759
[WARN] [1782621205.181653718] [waypoint_follower]: far from local route: d=779032.62, relocalize nearest_index 6759 -> 6759
[WARN] [1782621205.232531812] [waypoint_follower]: far from local route: d=779032.62, relocalize nearest_index 6759 -> 6759
[WARN] [1782621205.281567664] [waypoint_follower]: far from local route: d=779032.62, relocalize nearest_index 6759 -> 6759
[WARN] [1782621205.331553725] [waypoint_follower]: far from local route: d=779032.62, relocalize nearest_index 6759 -> 6759
[WARN] [1782621205.382218923] [waypoint_follower]: far from local route: d=779287.39, relocalize nearest_index 6759 -> 6759
[WARN] [1782621205.431617432] [waypoint_follower]: far from local route: d=779287.39, relocalize nearest_index 6759 -> 6759
[WARN] [1782621205.482518949] [waypoint_follower]: far from local route: d=779287.39, relocalize nearest_index 6759 -> 6759
[WARN] [1782621205.536609494] [waypoint_follower]: far from local route: d=779287.39, relocalize nearest_index 6759 -> 6759
[WARN] [1782621205.586557731] [waypoint_follower]: far from local route: d=779287.39, relocalize nearest_index 6759 -> 6759
[WARN] [1782621205.632728141] [waypoint_follower]: far from local route: d=780307.05, relocalize nearest_index 6759 -> 6759
[WARN] [1782621205.685070972] [waypoint_follower]: far from local route: d=780307.05, relocalize nearest_index 6759 -> 6759
[WARN] [1782621205.738027884] [waypoint_follower]: far from local route: d=780307.05, relocalize nearest_index 6759 -> 6759
[INFO] [1782621205.739528621] [waypoint_follower]: nearest=6759, target=6759, dist=780307.05, alpha=-0.38, vx=0.50, yaw_rate=-0.34, dir=1
[WARN] [1782621205.788561946] [waypoint_follower]: far from local route: d=780307.05, relocalize nearest_index 6759 -> 6759
[WARN] [1782621205.834378595] [waypoint_follower]: far from local route: d=780307.05, relocalize nearest_index 6759 -> 6759
[WARN] [1782621205.885614385] [waypoint_follower]: far from local route: d=780307.05, relocalize nearest_index 6759 -> 6759
[WARN] [1782621205.931519323] [waypoint_follower]: far from local route: d=780307.05, relocalize nearest_index 6759 -> 6759
[WARN] [1782621205.982450153] [waypoint_follower]: far from local route: d=780307.05, relocalize nearest_index 6759 -> 6759
[WARN] [1782621206.033444215] [waypoint_follower]: far from local route: d=780307.05, relocalize nearest_index 6759 -> 6759
[WARN] [1782621206.084634565] [waypoint_follower]: far from local route: d=780307.05, relocalize nearest_index 6759 -> 6759
[WARN] [1782621206.133216913] [waypoint_follower]: far from local route: d=780307.05, relocalize nearest_index 6759 -> 6759
[WARN] [1782621206.183005214] [waypoint_follower]: far from local route: d=780307.05, relocalize nearest_index 6759 -> 6759
[WARN] [1782621206.232899947] [waypoint_follower]: far from local route: d=780307.05, relocalize nearest_index 6759 -> 6759
[WARN] [1782621206.283078200] [waypoint_follower]: far from local route: d=780307.05, relocalize nearest_index 6759 -> 6759
[WARN] [1782621206.332713957] [waypoint_follower]: far from local route: d=780307.05, relocalize nearest_index 6759 -> 6759
[WARN] [1782621206.382405042] [waypoint_follower]: far from local route: d=781326.15, relocalize nearest_index 6759 -> 6759
[WARN] [1782621206.432626623] [waypoint_follower]: far from local route: d=781326.15, relocalize nearest_index 6759 -> 6759
[WARN] [1782621206.482642924] [waypoint_follower]: far from local route: d=781326.15, relocalize nearest_index 6759 -> 6759
[WARN] [1782621206.532318265] [waypoint_follower]: far from local route: d=781326.15, relocalize nearest_index 6759 -> 6759
[WARN] [1782621206.581619749] [waypoint_follower]: far from local route: d=781326.15, relocalize nearest_index 6759 -> 6759
[WARN] [1782621206.632089075] [waypoint_follower]: far from local route: d=781326.15, relocalize nearest_index 6759 -> 6759
[WARN] [1782621206.684629186] [waypoint_follower]: far from local route: d=781326.15, relocalize nearest_index 6759 -> 6759
[WARN] [1782621206.734117071] [waypoint_follower]: far from local route: d=781326.15, relocalize nearest_index 6759 -> 6759
[WARN] [1782621206.784782045] [waypoint_follower]: far from local route: d=781326.15, relocalize nearest_index 6759 -> 6759
[INFO] [1782621206.787282911] [waypoint_follower]: nearest=6759, target=6759, dist=781326.15, alpha=-0.32, vx=0.50, yaw_rate=-0.29, dir=1
[WARN] [1782621206.834102377] [waypoint_follower]: far from local route: d=781326.15, relocalize nearest_index 6759 -> 6759
[WARN] [1782621206.884901047] [waypoint_follower]: far from local route: d=781326.15, relocalize nearest_index 6759 -> 6759
[WARN] [1782621206.935357349] [waypoint_follower]: far from local route: d=783110.82, relocalize nearest_index 6759 -> 6759
[WARN] [1782621206.986157042] [waypoint_follower]: far from local route: d=783110.82, relocalize nearest_index 6759 -> 6759
[WARN] [1782621207.033500253] [waypoint_follower]: far from local route: d=783110.82, relocalize nearest_index 6759 -> 6759
[WARN] [1782621207.082285961] [waypoint_follower]: far from local route: d=783110.82, relocalize nearest_index 6759 -> 6759
[WARN] [1782621207.132337334] [waypoint_follower]: far from local route: d=783110.82, relocalize nearest_index 6759 -> 6759
[WARN] [1782621207.182654116] [waypoint_follower]: far from local route: d=783110.82, relocalize nearest_index 6759 -> 6759
[WARN] [1782621207.188585769] [waypoint_follower]: stuck recovery: nearest_index 6759 -> 6759
[WARN] [1782621207.232394641] [waypoint_follower]: far from local route: d=783110.82, relocalize nearest_index 6759 -> 6759
[WARN] [1782621207.282336894] [waypoint_follower]: far from local route: d=783110.82, relocalize nearest_index 6759 -> 6759
[WARN] [1782621207.332576715] [waypoint_follower]: far from local route: d=783110.82, relocalize nearest_index 6759 -> 6759
[WARN] [1782621207.381804055] [waypoint_follower]: far from local route: d=783110.82, relocalize nearest_index 6759 -> 6759
[WARN] [1782621207.432580837] [waypoint_follower]: far from local route: d=784387.49, relocalize nearest_index 6759 -> 6759
[WARN] [1782621207.482767859] [waypoint_follower]: far from local route: d=784387.49, relocalize nearest_index 6759 -> 6759
[WARN] [1782621207.532199231] [waypoint_follower]: far from local route: d=784387.49, relocalize nearest_index 6759 -> 6759
[WARN] [1782621207.584451566] [waypoint_follower]: far from local route: d=784387.49, relocalize nearest_index 6759 -> 6759
[WARN] [1782621207.635486204] [waypoint_follower]: far from local route: d=784387.49, relocalize nearest_index 6759 -> 6759
[WARN] [1782621207.681482086] [waypoint_follower]: far from local route: d=784387.49, relocalize nearest_index 6759 -> 6759
[WARN] [1782621207.731579507] [waypoint_follower]: far from local route: d=784387.49, relocalize nearest_index 6759 -> 6759
[WARN] [1782621207.781512448] [waypoint_follower]: far from local route: d=784387.49, relocalize nearest_index 6759 -> 6759
[WARN] [1782621207.834215312] [waypoint_follower]: far from local route: d=784387.49, relocalize nearest_index 6759 -> 6759
[INFO] [1782621207.836835666] [waypoint_follower]: nearest=6759, target=6759, dist=784387.49, alpha=-0.45, vx=0.50, yaw_rate=-0.41, dir=1
[WARN] [1782621207.882357339] [waypoint_follower]: far from local route: d=785410.38, relocalize nearest_index 6759 -> 6759
[WARN] [1782621207.933599209] [waypoint_follower]: far from local route: d=785410.38, relocalize nearest_index 6759 -> 6759
[WARN] [1782621207.986815065] [waypoint_follower]: far from local route: d=785410.38, relocalize nearest_index 6759 -> 6759
[WARN] [1782621208.033330851] [waypoint_follower]: far from local route: d=785410.38, relocalize nearest_index 6759 -> 6759
[WARN] [1782621208.084109585] [waypoint_follower]: far from local route: d=785410.38, relocalize nearest_index 6759 -> 6759
[WARN] [1782621208.131456124] [waypoint_follower]: far from local route: d=785410.38, relocalize nearest_index 6759 -> 6759
[WARN] [1782621208.181552521] [waypoint_follower]: far from local route: d=785410.38, relocalize nearest_index 6759 -> 6759
[WARN] [1782621208.232453879] [waypoint_follower]: far from local route: d=786693.54, relocalize nearest_index 6759 -> 6759
[WARN] [1782621208.282891205] [waypoint_follower]: far from local route: d=786693.54, relocalize nearest_index 6759 -> 6759
[WARN] [1782621208.332081937] [waypoint_follower]: far from local route: d=786693.54, relocalize nearest_index 6759 -> 6759
[WARN] [1782621208.381903646] [waypoint_follower]: far from local route: d=786693.54, relocalize nearest_index 6759 -> 6759
[WARN] [1782621208.431989003] [waypoint_follower]: far from local route: d=786693.54, relocalize nearest_index 6759 -> 6759
[WARN] [1782621208.481460504] [waypoint_follower]: far from local route: d=786693.54, relocalize nearest_index 6759 -> 6759
[WARN] [1782621208.531396357] [waypoint_follower]: far from local route: d=786693.54, relocalize nearest_index 6759 -> 6759
[WARN] [1782621208.581613586] [waypoint_follower]: far from local route: d=786693.54, relocalize nearest_index 6759 -> 6759
[WARN] [1782621208.632865248] [waypoint_follower]: far from local route: d=787722.18, relocalize nearest_index 6759 -> 6759
[WARN] [1782621208.686876337] [waypoint_follower]: far from local route: d=787722.18, relocalize nearest_index 6759 -> 6759
[WARN] [1782621208.736351902] [waypoint_follower]: far from local route: d=787722.18, relocalize nearest_index 6759 -> 6759
[WARN] [1782621208.788854573] [waypoint_follower]: far from local route: d=787722.18, relocalize nearest_index 6759 -> 6759
[WARN] [1782621208.831591252] [waypoint_follower]: far from local route: d=787722.18, relocalize nearest_index 6759 -> 6759
[WARN] [1782621208.882984898] [waypoint_follower]: far from local route: d=787722.18, relocalize nearest_index 6759 -> 6759
[INFO] [1782621208.884071043] [waypoint_follower]: nearest=6759, target=6759, dist=787722.18, alpha=-1.10, vx=0.00, yaw_rate=-0.45, dir=1
[WARN] [1782621208.931890094] [waypoint_follower]: far from local route: d=787722.18, relocalize nearest_index 6759 -> 6759
[WARN] [1782621208.981880635] [waypoint_follower]: far from local route: d=787722.18, relocalize nearest_index 6759 -> 6759
[WARN] [1782621209.031542344] [waypoint_follower]: far from local route: d=787722.18, relocalize nearest_index 6759 -> 6759
[WARN] [1782621209.082202838] [waypoint_follower]: far from local route: d=787722.18, relocalize nearest_index 6759 -> 6759
[WARN] [1782621209.135762470] [waypoint_follower]: far from local route: d=787722.18, relocalize nearest_index 6759 -> 6759
[WARN] [1782621209.182509904] [waypoint_follower]: far from local route: d=787722.18, relocalize nearest_index 6759 -> 6759
[WARN] [1782621209.231858365] [waypoint_follower]: far from local route: d=789007.33, relocalize nearest_index 6759 -> 6759
[WARN] [1782621209.282281451] [waypoint_follower]: far from local route: d=789007.33, relocalize nearest_index 6759 -> 6759
[WARN] [1782621209.332121944] [waypoint_follower]: far from local route: d=789007.33, relocalize nearest_index 6759 -> 6759
[WARN] [1782621209.382275685] [waypoint_follower]: far from local route: d=789007.33, relocalize nearest_index 6759 -> 6759
[WARN] [1782621209.431905778] [waypoint_follower]: far from local route: d=789007.33, relocalize nearest_index 6759 -> 6759
[WARN] [1782621209.482057887] [waypoint_follower]: far from local route: d=789007.33, relocalize nearest_index 6759 -> 6759
[WARN] [1782621209.532079692] [waypoint_follower]: far from local route: d=789007.33, relocalize nearest_index 6759 -> 6759
[WARN] [1782621209.593046115] [waypoint_follower]: far from local route: d=790549.65, relocalize nearest_index 6759 -> 6759
[WARN] [1782621209.640670158] [waypoint_follower]: far from local route: d=790549.65, relocalize nearest_index 6759 -> 6759
[WARN] [1782621209.690837915] [waypoint_follower]: far from local route: d=790549.65, relocalize nearest_index 6759 -> 6759
[WARN] [1782621209.734217986] [waypoint_follower]: far from local route: d=790549.65, relocalize nearest_index 6759 -> 6759
[WARN] [1782621209.786488018] [waypoint_follower]: far from local route: d=790549.65, relocalize nearest_index 6759 -> 6759
[WARN] [1782621209.834144829] [waypoint_follower]: far from local route: d=790549.65, relocalize nearest_index 6759 -> 6759
[WARN] [1782621209.882099944] [waypoint_follower]: far from local route: d=790549.65, relocalize nearest_index 6759 -> 6759
[WARN] [1782621209.934708407] [waypoint_follower]: far from local route: d=790549.65, relocalize nearest_index 6759 -> 6759
[INFO] [1782621209.937950362] [waypoint_follower]: nearest=6759, target=6759, dist=790549.65, alpha=-1.31, vx=0.00, yaw_rate=-0.45, dir=1
[WARN] [1782621209.984740516] [waypoint_follower]: far from local route: d=790549.65, relocalize nearest_index 6759 -> 6759
[WARN] [1782621210.034831058] [waypoint_follower]: far from local route: d=790549.65, relocalize nearest_index 6759 -> 6759
[WARN] [1782621210.084972031] [waypoint_follower]: far from local route: d=790549.65, relocalize nearest_index 6759 -> 6759
[WARN] [1782621210.135189612] [waypoint_follower]: far from local route: d=790549.65, relocalize nearest_index 6759 -> 6759
[WARN] [1782621210.181537782] [waypoint_follower]: far from local route: d=790549.65, relocalize nearest_index 6759 -> 6759
[WARN] [1782621210.234071173] [waypoint_follower]: far from local route: d=790549.65, relocalize nearest_index 6759 -> 6759
[WARN] [1782621210.238716970] [waypoint_follower]: stuck recovery: nearest_index 6759 -> 6759
[WARN] [1782621210.281566448] [waypoint_follower]: far from local route: d=790549.65, relocalize nearest_index 6759 -> 6759
[WARN] [1782621210.331590685] [waypoint_follower]: far from local route: d=791320.30, relocalize nearest_index 6759 -> 6759
[WARN] [1782621210.381603819] [waypoint_follower]: far from local route: d=791320.30, relocalize nearest_index 6759 -> 6759
[WARN] [1782621210.431615096] [waypoint_follower]: far from local route: d=791320.30, relocalize nearest_index 6759 -> 6759
[WARN] [1782621210.481487461] [waypoint_follower]: far from local route: d=791320.30, relocalize nearest_index 6759 -> 6759
[WARN] [1782621210.533851988] [waypoint_follower]: far from local route: d=793116.89, relocalize nearest_index 6759 -> 6759
[WARN] [1782621210.582980832] [waypoint_follower]: far from local route: d=793116.89, relocalize nearest_index 6759 -> 6759
[WARN] [1782621210.639539091] [waypoint_follower]: far from local route: d=793116.89, relocalize nearest_index 6759 -> 6759
[WARN] [1782621210.682606362] [waypoint_follower]: far from local route: d=793116.89, relocalize nearest_index 6759 -> 6759
[WARN] [1782621210.731480998] [waypoint_follower]: far from local route: d=793885.75, relocalize nearest_index 6759 -> 6759
[WARN] [1782621210.784703414] [waypoint_follower]: far from local route: d=793885.75, relocalize nearest_index 6759 -> 6759
[WARN] [1782621210.833616803] [waypoint_follower]: far from local route: d=793885.75, relocalize nearest_index 6759 -> 6759
[WARN] [1782621210.884844401] [waypoint_follower]: far from local route: d=793885.75, relocalize nearest_index 6759 -> 6759
[WARN] [1782621210.931557851] [waypoint_follower]: far from local route: d=793885.75, relocalize nearest_index 6759 -> 6759
[WARN] [1782621210.981478696] [waypoint_follower]: far from local route: d=793885.75, relocalize nearest_index 6759 -> 6759
[INFO] [1782621210.982798825] [waypoint_follower]: nearest=6759, target=6759, dist=793885.75, alpha=-0.73, vx=0.25, yaw_rate=-0.45, dir=1
[WARN] [1782621211.031710741] [waypoint_follower]: far from local route: d=793885.75, relocalize nearest_index 6759 -> 6759
[WARN] [1782621211.087630408] [waypoint_follower]: far from local route: d=793885.75, relocalize nearest_index 6759 -> 6759
[WARN] [1782621211.133486513] [waypoint_follower]: far from local route: d=793885.75, relocalize nearest_index 6759 -> 6759
[WARN] [1782621211.204062097] [waypoint_follower]: far from local route: d=795167.02, relocalize nearest_index 6759 -> 6759
[WARN] [1782621211.247440984] [waypoint_follower]: far from local route: d=795167.02, relocalize nearest_index 6759 -> 6759
[WARN] [1782621211.298152806] [waypoint_follower]: far from local route: d=795167.02, relocalize nearest_index 6759 -> 6759
[WARN] [1782621211.340675852] [waypoint_follower]: far from local route: d=795167.02, relocalize nearest_index 6759 -> 6759
[WARN] [1782621211.384614740] [waypoint_follower]: far from local route: d=795167.02, relocalize nearest_index 6759 -> 6759
[WARN] [1782621211.436074850] [waypoint_follower]: far from local route: d=795167.02, relocalize nearest_index 6759 -> 6759
[WARN] [1782621211.491666420] [waypoint_follower]: far from local route: d=795167.02, relocalize nearest_index 6759 -> 6759
[WARN] [1782621211.537005693] [waypoint_follower]: far from local route: d=795167.02, relocalize nearest_index 6759 -> 6759
[WARN] [1782621211.582954759] [waypoint_follower]: far from local route: d=795167.02, relocalize nearest_index 6759 -> 6759
[WARN] [1782621211.641794620] [waypoint_follower]: far from local route: d=795167.02, relocalize nearest_index 6759 -> 6759
[WARN] [1782621211.684118050] [waypoint_follower]: far from local route: d=796191.56, relocalize nearest_index 6759 -> 6759
[WARN] [1782621211.732524878] [waypoint_follower]: far from local route: d=796191.56, relocalize nearest_index 6759 -> 6759
[WARN] [1782621211.783877980] [waypoint_follower]: far from local route: d=796191.56, relocalize nearest_index 6759 -> 6759
[WARN] [1782621211.835597291] [waypoint_follower]: far from local route: d=796191.56, relocalize nearest_index 6759 -> 6759
[WARN] [1782621211.882556981] [waypoint_follower]: far from local route: d=796191.56, relocalize nearest_index 6759 -> 6759
[WARN] [1782621211.932303202] [waypoint_follower]: far from local route: d=796191.56, relocalize nearest_index 6759 -> 6759
[WARN] [1782621211.986668339] [waypoint_follower]: far from local route: d=796191.56, relocalize nearest_index 6759 -> 6759
[INFO] [1782621211.989839382] [waypoint_follower]: nearest=6759, target=6759, dist=796191.56, alpha=-0.76, vx=0.25, yaw_rate=-0.45, dir=1
[WARN] [1782621212.044022119] [waypoint_follower]: far from local route: d=796191.56, relocalize nearest_index 6759 -> 6759
[WARN] [1782621212.083322058] [waypoint_follower]: far from local route: d=796191.56, relocalize nearest_index 6759 -> 6759
[WARN] [1782621212.132282839] [waypoint_follower]: far from local route: d=796191.56, relocalize nearest_index 6759 -> 6759
[WARN] [1782621212.183300485] [waypoint_follower]: far from local route: d=796191.56, relocalize nearest_index 6759 -> 6759
[WARN] [1782621212.238104854] [waypoint_follower]: far from local route: d=796191.56, relocalize nearest_index 6759 -> 6759
[WARN] [1782621212.286255265] [waypoint_follower]: far from local route: d=796191.56, relocalize nearest_index 6759 -> 6759
[WARN] [1782621212.332256683] [waypoint_follower]: far from local route: d=796191.56, relocalize nearest_index 6759 -> 6759
[WARN] [1782621212.397287718] [waypoint_follower]: far from local route: d=798245.51, relocalize nearest_index 6759 -> 6759
[WARN] [1782621212.431614693] [waypoint_follower]: far from local route: d=798245.51, relocalize nearest_index 6759 -> 6759
[WARN] [1782621212.482939219] [waypoint_follower]: far from local route: d=798245.51, relocalize nearest_index 6759 -> 6759
[WARN] [1782621212.532310336] [waypoint_follower]: far from local route: d=798245.51, relocalize nearest_index 6759 -> 6759
[WARN] [1782621212.584806959] [waypoint_follower]: far from local route: d=798760.23, relocalize nearest_index 6759 -> 6759
[WARN] [1782621212.635672093] [waypoint_follower]: far from local route: d=798760.23, relocalize nearest_index 6759 -> 6759
[WARN] [1782621212.683097640] [waypoint_follower]: far from local route: d=798760.23, relocalize nearest_index 6759 -> 6759
[WARN] [1782621212.733570133] [waypoint_follower]: far from local route: d=798760.23, relocalize nearest_index 6759 -> 6759
[WARN] [1782621212.782857698] [waypoint_follower]: far from local route: d=798760.23, relocalize nearest_index 6759 -> 6759
[WARN] [1782621212.831523534] [waypoint_follower]: far from local route: d=798760.23, relocalize nearest_index 6759 -> 6759
[WARN] [1782621212.882711260] [waypoint_follower]: far from local route: d=799533.26, relocalize nearest_index 6759 -> 6759
[WARN] [1782621212.932217224] [waypoint_follower]: far from local route: d=799533.26, relocalize nearest_index 6759 -> 6759
[WARN] [1782621212.981602389] [waypoint_follower]: far from local route: d=799533.26, relocalize nearest_index 6759 -> 6759
[WARN] [1782621213.031689314] [waypoint_follower]: far from local route: d=799533.26, relocalize nearest_index 6759 -> 6759
[INFO] [1782621213.032855907] [waypoint_follower]: nearest=6759, target=6759, dist=799533.26, alpha=-1.42, vx=0.00, yaw_rate=-0.45, dir=1
[WARN] [1782621213.081514031] [waypoint_follower]: far from local route: d=799533.26, relocalize nearest_index 6759 -> 6759
[WARN] [1782621213.131979037] [waypoint_follower]: far from local route: d=799533.26, relocalize nearest_index 6759 -> 6759
[WARN] [1782621213.183837611] [waypoint_follower]: far from local route: d=799533.26, relocalize nearest_index 6759 -> 6759
[WARN] [1782621213.236458299] [waypoint_follower]: far from local route: d=799533.26, relocalize nearest_index 6759 -> 6759
[WARN] [1782621213.246796132] [waypoint_follower]: stuck recovery: nearest_index 6759 -> 6759
[WARN] [1782621213.286684936] [waypoint_follower]: far from local route: d=799533.26, relocalize nearest_index 6759 -> 6759
[WARN] [1782621213.342531451] [waypoint_follower]: far from local route: d=799533.26, relocalize nearest_index 6759 -> 6759
[WARN] [1782621213.387825252] [waypoint_follower]: far from local route: d=799533.26, relocalize nearest_index 6759 -> 6759
[WARN] [1782621213.437357008] [waypoint_follower]: far from local route: d=799533.26, relocalize nearest_index 6759 -> 6759
[WARN] [1782621213.485638076] [waypoint_follower]: far from local route: d=799533.26, relocalize nearest_index 6759 -> 6759
[WARN] [1782621213.533486695] [waypoint_follower]: far from local route: d=801596.04, relocalize nearest_index 6759 -> 6759
[WARN] [1782621213.583034804] [waypoint_follower]: far from local route: d=801596.04, relocalize nearest_index 6759 -> 6759
[WARN] [1782621213.633195329] [waypoint_follower]: far from local route: d=801596.04, relocalize nearest_index 6759 -> 6759
[WARN] [1782621213.684730160] [waypoint_follower]: far from local route: d=801596.04, relocalize nearest_index 6759 -> 6759
[WARN] [1782621213.738759776] [waypoint_follower]: far from local route: d=801596.04, relocalize nearest_index 6759 -> 6759
[WARN] [1782621213.784760682] [waypoint_follower]: far from local route: d=801596.04, relocalize nearest_index 6759 -> 6759
[WARN] [1782621213.834657815] [waypoint_follower]: far from local route: d=802625.33, relocalize nearest_index 6759 -> 6759
[WARN] [1782621213.881934977] [waypoint_follower]: far from local route: d=802625.33, relocalize nearest_index 6759 -> 6759
[WARN] [1782621213.935585618] [waypoint_follower]: far from local route: d=802625.33, relocalize nearest_index 6759 -> 6759
[WARN] [1782621213.985443615] [waypoint_follower]: far from local route: d=802625.33, relocalize nearest_index 6759 -> 6759
[WARN] [1782621214.032839050] [waypoint_follower]: far from local route: d=802625.33, relocalize nearest_index 6759 -> 6759
[INFO] [1782621214.034493483] [waypoint_follower]: nearest=6759, target=6759, dist=802625.33, alpha=-1.90, vx=0.00, yaw_rate=-0.45, dir=1
[WARN] [1782621214.091906111] [waypoint_follower]: far from local route: d=802625.33, relocalize nearest_index 6759 -> 6759
[WARN] [1782621214.136188103] [waypoint_follower]: far from local route: d=802625.33, relocalize nearest_index 6759 -> 6759
[WARN] [1782621214.184897651] [waypoint_follower]: far from local route: d=802625.33, relocalize nearest_index 6759 -> 6759
[WARN] [1782621214.233054110] [waypoint_follower]: far from local route: d=803917.36, relocalize nearest_index 6759 -> 6759
[WARN] [1782621214.283428588] [waypoint_follower]: far from local route: d=803917.36, relocalize nearest_index 6759 -> 6759
[WARN] [1782621214.332768504] [waypoint_follower]: far from local route: d=803917.36, relocalize nearest_index 6759 -> 6759
[WARN] [1782621214.387487434] [waypoint_follower]: far from local route: d=803917.36, relocalize nearest_index 6759 -> 6759
[WARN] [1782621214.434054932] [waypoint_follower]: far from local route: d=803917.36, relocalize nearest_index 6759 -> 6759
[WARN] [1782621214.486744675] [waypoint_follower]: far from local route: d=803917.36, relocalize nearest_index 6759 -> 6759
[WARN] [1782621214.541996021] [waypoint_follower]: far from local route: d=803917.36, relocalize nearest_index 6759 -> 6759
[WARN] [1782621214.584652156] [waypoint_follower]: far from local route: d=803917.36, relocalize nearest_index 6759 -> 6759
[WARN] [1782621214.636165482] [waypoint_follower]: far from local route: d=805204.79, relocalize nearest_index 6759 -> 6759
[WARN] [1782621214.693115806] [waypoint_follower]: far from local route: d=805204.79, relocalize nearest_index 6759 -> 6759
[WARN] [1782621214.731504448] [waypoint_follower]: far from local route: d=805204.79, relocalize nearest_index 6759 -> 6759
[WARN] [1782621214.781569101] [waypoint_follower]: far from local route: d=805204.79, relocalize nearest_index 6759 -> 6759
[WARN] [1782621214.831450266] [waypoint_follower]: far from local route: d=805204.79, relocalize nearest_index 6759 -> 6759
[WARN] [1782621214.881555048] [waypoint_follower]: far from local route: d=805204.79, relocalize nearest_index 6759 -> 6759
[WARN] [1782621214.931611349] [waypoint_follower]: far from local route: d=805461.63, relocalize nearest_index 6759 -> 6759
[WARN] [1782621214.986183142] [waypoint_follower]: far from local route: d=805461.63, relocalize nearest_index 6759 -> 6759
[WARN] [1782621215.034474738] [waypoint_follower]: far from local route: d=805461.63, relocalize nearest_index 6759 -> 6759
[INFO] [1782621215.036059539] [waypoint_follower]: nearest=6759, target=6759, dist=805461.63, alpha=-1.87, vx=0.00, yaw_rate=-0.45, dir=1
[WARN] [1782621215.082926749] [waypoint_follower]: far from local route: d=806234.73, relocalize nearest_index 6759 -> 6759
[WARN] [1782621215.132258730] [waypoint_follower]: far from local route: d=806234.73, relocalize nearest_index 6759 -> 6759
[WARN] [1782621215.182320791] [waypoint_follower]: far from local route: d=806234.73, relocalize nearest_index 6759 -> 6759
[WARN] [1782621215.232102596] [waypoint_follower]: far from local route: d=806234.73, relocalize nearest_index 6759 -> 6759
[WARN] [1782621215.284309619] [waypoint_follower]: far from local route: d=806234.73, relocalize nearest_index 6759 -> 6759
[WARN] [1782621215.338611748] [waypoint_follower]: far from local route: d=806234.73, relocalize nearest_index 6759 -> 6759
[WARN] [1782621215.381683115] [waypoint_follower]: far from local route: d=806747.47, relocalize nearest_index 6759 -> 6759
[WARN] [1782621215.431648088] [waypoint_follower]: far from local route: d=806747.47, relocalize nearest_index 6759 -> 6759
[WARN] [1782621215.490107085] [waypoint_follower]: far from local route: d=806747.47, relocalize nearest_index 6759 -> 6759
[WARN] [1782621215.534394901] [waypoint_follower]: far from local route: d=806747.47, relocalize nearest_index 6759 -> 6759
[WARN] [1782621215.582900321] [waypoint_follower]: far from local route: d=806747.47, relocalize nearest_index 6759 -> 6759
[WARN] [1782621215.632500589] [waypoint_follower]: far from local route: d=806747.47, relocalize nearest_index 6759 -> 6759
[WARN] [1782621215.684387004] [waypoint_follower]: far from local route: d=806747.47, relocalize nearest_index 6759 -> 6759
[WARN] [1782621215.734219209] [waypoint_follower]: far from local route: d=806747.47, relocalize nearest_index 6759 -> 6759
[WARN] [1782621215.782633461] [waypoint_follower]: far from local route: d=807775.88, relocalize nearest_index 6759 -> 6759
[WARN] [1782621215.832756962] [waypoint_follower]: far from local route: d=807775.88, relocalize nearest_index 6759 -> 6759
[WARN] [1782621215.882478159] [waypoint_follower]: far from local route: d=807775.88, relocalize nearest_index 6759 -> 6759
[WARN] [1782621215.935975103] [waypoint_follower]: far from local route: d=807775.88, relocalize nearest_index 6759 -> 6759
[WARN] [1782621215.982372873] [waypoint_follower]: far from local route: d=807775.88, relocalize nearest_index 6759 -> 6759
[WARN] [1782621216.035912313] [waypoint_follower]: far from local route: d=807775.88, relocalize nearest_index 6759 -> 6759
[INFO] [1782621216.038975164] [waypoint_follower]: nearest=6759, target=6759, dist=807775.88, alpha=-1.30, vx=0.00, yaw_rate=-0.45, dir=1
[WARN] [1782621216.082328227] [waypoint_follower]: far from local route: d=808290.06, relocalize nearest_index 6759 -> 6759
[WARN] [1782621216.132950065] [waypoint_follower]: far from local route: d=808290.06, relocalize nearest_index 6759 -> 6759
[WARN] [1782621216.184140191] [waypoint_follower]: far from local route: d=809059.65, relocalize nearest_index 6759 -> 6759
[WARN] [1782621216.233385580] [waypoint_follower]: far from local route: d=809059.65, relocalize nearest_index 6759 -> 6759
[WARN] [1782621216.290694527] [waypoint_follower]: far from local route: d=809059.65, relocalize nearest_index 6759 -> 6759
[WARN] [1782621216.298339814] [waypoint_follower]: stuck recovery: nearest_index 6759 -> 6759
[WARN] [1782621216.343707407] [waypoint_follower]: far from local route: d=809059.65, relocalize nearest_index 6759 -> 6759
[WARN] [1782621216.387710071] [waypoint_follower]: far from local route: d=809059.65, relocalize nearest_index 6759 -> 6759
[WARN] [1782621216.451178064] [waypoint_follower]: far from local route: d=809059.65, relocalize nearest_index 6759 -> 6759
[WARN] [1782621216.491249556] [waypoint_follower]: far from local route: d=809059.65, relocalize nearest_index 6759 -> 6759
[WARN] [1782621216.536921757] [waypoint_follower]: far from local route: d=809059.65, relocalize nearest_index 6759 -> 6759
[WARN] [1782621216.581716230] [waypoint_follower]: far from local route: d=809059.65, relocalize nearest_index 6759 -> 6759
[WARN] [1782621216.631791763] [waypoint_follower]: far from local route: d=809575.79, relocalize nearest_index 6759 -> 6759
[WARN] [1782621216.681777952] [waypoint_follower]: far from local route: d=809575.79, relocalize nearest_index 6759 -> 6759
[WARN] [1782621216.731665133] [waypoint_follower]: far from local route: d=809575.79, relocalize nearest_index 6759 -> 6759
[WARN] [1782621216.783702556] [waypoint_follower]: far from local route: d=809575.79, relocalize nearest_index 6759 -> 6759
[WARN] [1782621216.831522215] [waypoint_follower]: far from local route: d=809575.79, relocalize nearest_index 6759 -> 6759
[WARN] [1782621216.882504725] [waypoint_follower]: far from local route: d=809575.79, relocalize nearest_index 6759 -> 6759
[WARN] [1782621216.931667618] [waypoint_follower]: far from local route: d=809575.79, relocalize nearest_index 6759 -> 6759
[WARN] [1782621216.981534863] [waypoint_follower]: far from local route: d=809575.79, relocalize nearest_index 6759 -> 6759
[WARN] [1782621217.032818237] [waypoint_follower]: far from local route: d=809575.79, relocalize nearest_index 6759 -> 6759
[WARN] [1782621217.081610153] [waypoint_follower]: far from local route: d=809575.79, relocalize nearest_index 6759 -> 6759
[INFO] [1782621217.082979754] [waypoint_follower]: nearest=6759, target=6759, dist=809575.79, alpha=-1.15, vx=0.00, yaw_rate=-0.45, dir=1
[WARN] [1782621217.134873305] [waypoint_follower]: far from local route: d=809575.79, relocalize nearest_index 6759 -> 6759
[WARN] [1782621217.183272645] [waypoint_follower]: far from local route: d=809575.79, relocalize nearest_index 6759 -> 6759
[WARN] [1782621217.233609938] [waypoint_follower]: far from local route: d=809575.79, relocalize nearest_index 6759 -> 6759
[WARN] [1782621217.283429407] [waypoint_follower]: far from local route: d=810865.49, relocalize nearest_index 6759 -> 6759
[WARN] [1782621217.332354123] [waypoint_follower]: far from local route: d=810865.49, relocalize nearest_index 6759 -> 6759
[WARN] [1782621217.381766872] [waypoint_follower]: far from local route: d=810865.49, relocalize nearest_index 6759 -> 6759
[WARN] [1782621217.439987884] [waypoint_follower]: far from local route: d=810865.49, relocalize nearest_index 6759 -> 6759
[WARN] [1782621217.482861459] [waypoint_follower]: far from local route: d=810865.49, relocalize nearest_index 6759 -> 6759
[WARN] [1782621217.540037703] [waypoint_follower]: far from local route: d=810865.49, relocalize nearest_index 6759 -> 6759
[WARN] [1782621217.586047696] [waypoint_follower]: far from local route: d=810865.49, relocalize nearest_index 6759 -> 6759
[WARN] [1782621217.642042723] [waypoint_follower]: far from local route: d=810865.49, relocalize nearest_index 6759 -> 6759
[WARN] [1782621217.683582312] [waypoint_follower]: far from local route: d=810865.49, relocalize nearest_index 6759 -> 6759
[WARN] [1782621217.736569560] [waypoint_follower]: far from local route: d=810865.49, relocalize nearest_index 6759 -> 6759
[WARN] [1782621217.783223714] [waypoint_follower]: far from local route: d=810865.49, relocalize nearest_index 6759 -> 6759
[WARN] [1782621217.831629678] [waypoint_follower]: far from local route: d=810865.49, relocalize nearest_index 6759 -> 6759
[WARN] [1782621217.881684251] [waypoint_follower]: far from local route: d=810865.49, relocalize nearest_index 6759 -> 6759
[WARN] [1782621217.931621736] [waypoint_follower]: far from local route: d=810865.49, relocalize nearest_index 6759 -> 6759
[WARN] [1782621217.982389910] [waypoint_follower]: far from local route: d=810865.49, relocalize nearest_index 6759 -> 6759
[WARN] [1782621218.031580162] [waypoint_follower]: far from local route: d=810865.49, relocalize nearest_index 6759 -> 6759
[WARN] [1782621218.081906384] [waypoint_follower]: far from local route: d=810865.49, relocalize nearest_index 6759 -> 6759
[INFO] [1782621218.083414129] [waypoint_follower]: nearest=6759, target=6759, dist=810865.49, alpha=-1.18, vx=0.00, yaw_rate=-0.45, dir=1
[WARN] [1782621218.131407484] [waypoint_follower]: far from local route: d=810865.49, relocalize nearest_index 6759 -> 6759
[WARN] [1782621218.182403370] [waypoint_follower]: far from local route: d=810865.49, relocalize nearest_index 6759 -> 6759
[WARN] [1782621218.233348664] [waypoint_follower]: far from local route: d=810865.49, relocalize nearest_index 6759 -> 6759
[WARN] [1782621218.282550053] [waypoint_follower]: far from local route: d=810865.49, relocalize nearest_index 6759 -> 6759
[WARN] [1782621218.332153170] [waypoint_follower]: far from local route: d=810865.49, relocalize nearest_index 6759 -> 6759
[WARN] [1782621218.383850464] [waypoint_follower]: far from local route: d=812415.83, relocalize nearest_index 6759 -> 6759
[WARN] [1782621218.432644300] [waypoint_follower]: far from local route: d=812415.83, relocalize nearest_index 6759 -> 6759
[WARN] [1782621218.482669305] [waypoint_follower]: far from local route: d=812415.83, relocalize nearest_index 6759 -> 6759
[WARN] [1782621218.535079529] [waypoint_follower]: far from local route: d=812415.83, relocalize nearest_index 6759 -> 6759
[WARN] [1782621218.593446269] [waypoint_follower]: far from local route: d=812415.83, relocalize nearest_index 6759 -> 6759
[WARN] [1782621218.636611172] [waypoint_follower]: far from local route: d=812415.83, relocalize nearest_index 6759 -> 6759
[WARN] [1782621218.683668431] [waypoint_follower]: far from local route: d=812415.83, relocalize nearest_index 6759 -> 6759
[WARN] [1782621218.734386781] [waypoint_follower]: far from local route: d=812415.83, relocalize nearest_index 6759 -> 6759
[WARN] [1782621218.783727401] [waypoint_follower]: far from local route: d=812415.83, relocalize nearest_index 6759 -> 6759
[WARN] [1782621218.833007542] [waypoint_follower]: far from local route: d=812415.83, relocalize nearest_index 6759 -> 6759
[WARN] [1782621218.883394851] [waypoint_follower]: far from local route: d=812415.83, relocalize nearest_index 6759 -> 6759
[WARN] [1782621218.933201520] [waypoint_follower]: far from local route: d=812415.83, relocalize nearest_index 6759 -> 6759
[WARN] [1782621218.982458908] [waypoint_follower]: far from local route: d=812415.83, relocalize nearest_index 6759 -> 6759
[WARN] [1782621219.031614505] [waypoint_follower]: far from local route: d=812415.83, relocalize nearest_index 6759 -> 6759
[WARN] [1782621219.081837302] [waypoint_follower]: far from local route: d=812415.83, relocalize nearest_index 6759 -> 6759
[WARN] [1782621219.131557507] [waypoint_follower]: far from local route: d=815522.28, relocalize nearest_index 6759 -> 6759
[INFO] [1782621219.132904260] [waypoint_follower]: nearest=6759, target=6759, dist=815522.28, alpha=-1.70, vx=0.00, yaw_rate=-0.45, dir=1
[WARN] [1782621219.181823440] [waypoint_follower]: far from local route: d=815522.28, relocalize nearest_index 6759 -> 6759
[WARN] [1782621219.231666013] [waypoint_follower]: far from local route: d=815522.28, relocalize nearest_index 6759 -> 6759
[WARN] [1782621219.281862795] [waypoint_follower]: far from local route: d=815522.28, relocalize nearest_index 6759 -> 6759
[WARN] [1782621219.331605400] [waypoint_follower]: far from local route: d=815522.28, relocalize nearest_index 6759 -> 6759
[WARN] [1782621219.336271964] [waypoint_follower]: stuck recovery: nearest_index 6759 -> 6759
[WARN] [1782621219.381743077] [waypoint_follower]: far from local route: d=815522.28, relocalize nearest_index 6759 -> 6759
[WARN] [1782621219.431636050] [waypoint_follower]: far from local route: d=815522.28, relocalize nearest_index 6759 -> 6759
[WARN] [1782621219.482163935] [waypoint_follower]: far from local route: d=815522.28, relocalize nearest_index 6759 -> 6759
[WARN] [1782621219.532745869] [waypoint_follower]: far from local route: d=815522.28, relocalize nearest_index 6759 -> 6759
[WARN] [1782621219.582030618] [waypoint_follower]: far from local route: d=815522.28, relocalize nearest_index 6759 -> 6759
[WARN] [1782621219.632160071] [waypoint_follower]: far from local route: d=815522.28, relocalize nearest_index 6759 -> 6759
[WARN] [1782621219.682550740] [waypoint_follower]: far from local route: d=815522.28, relocalize nearest_index 6759 -> 6759
[INFO] [1782621219.688862458] [waypoint_follower]: waypoint_follower stopped by Ctrl+C
