[INFO] [1784292272.953782976] [unitree_safe_cmd_node]: unitree_safe_cmd_node ACTIVE: obstacle -> Move(0,0,0), resume after 5 clear frames
[INFO] [1784292272.956172896] [unitree_safe_cmd_node]: output mode: unitree_api Request -> /api/sport/request
[WARN] [1784292272.960776480] [unitree_safe_cmd_node]: SAFE OVERRIDE cmd_timeout: Move x=0.000, z=0.000, raw_x=0.000, raw_z=0.000, stop_count=0, roi_count=0, nearest_x=inf, clear_frames=0
[WARN] [1784292273.488309728] [unitree_safe_cmd_node]: SAFE OVERRIDE cmd_timeout: Move x=0.000, z=0.000, raw_x=0.000, raw_z=0.000, stop_count=0, roi_count=0, nearest_x=inf, clear_frames=0
[WARN] [1784292274.037798496] [unitree_safe_cmd_node]: SAFE OVERRIDE cmd_timeout: Move x=0.000, z=0.000, raw_x=0.000, raw_z=0.000, stop_count=0, roi_count=0, nearest_x=inf, clear_frames=0
[WARN] [1784292274.538465472] [unitree_safe_cmd_node]: SAFE OVERRIDE cmd_timeout: Move x=0.000, z=0.000, raw_x=0.000, raw_z=0.000, stop_count=0, roi_count=0, nearest_x=inf, clear_frames=0
[WARN] [1784292275.088150400] [unitree_safe_cmd_node]: SAFE OVERRIDE cmd_timeout: Move x=0.000, z=0.000, raw_x=0.000, raw_z=0.000, stop_count=0, roi_count=0, nearest_x=inf, clear_frames=0
[WARN] [1784292275.637621760] [unitree_safe_cmd_node]: SAFE OVERRIDE cmd_timeout: Move x=0.000, z=0.000, raw_x=0.000, raw_z=0.000, stop_count=0, roi_count=0, nearest_x=inf, clear_frames=0
[WARN] [1784292276.187480032] [unitree_safe_cmd_node]: SAFE OVERRIDE cmd_timeout: Move x=0.000, z=0.000, raw_x=0.000, raw_z=0.000, stop_count=0, roi_count=0, nearest_x=inf, clear_frames=0
[WARN] [1784292276.688353120] [unitree_safe_cmd_node]: SAFE OVERRIDE cmd_timeout: Move x=0.000, z=0.000, raw_x=0.000, raw_z=0.000, stop_count=0, roi_count=0, nearest_x=inf, clear_frames=0
[WARN] [1784292277.240660128] [unitree_safe_cmd_node]: SAFE OVERRIDE cmd_timeout: Move x=0.000, z=0.000, raw_x=0.000, raw_z=0.000, stop_count=0, roi_count=0, nearest_x=inf, clear_frames=0
[WARN] [1784292277.787482496] [unitree_safe_cmd_node]: SAFE OVERRIDE cmd_timeout: Move x=0.000, z=0.000, raw_x=0.000, raw_z=0.000, stop_count=0, roi_count=0, nearest_x=inf, clear_frames=0
[WARN] [1784292278.288846048] [unitree_safe_cmd_node]: SAFE OVERRIDE cmd_timeout: Move x=0.000, z=0.000, raw_x=0.000, raw_z=0.000, stop_count=0, roi_count=0, nearest_x=inf, clear_frames=0
[WARN] [1784292278.838007744] [unitree_safe_cmd_node]: SAFE OVERRIDE cmd_timeout: Move x=0.000, z=0.000, raw_x=0.000, raw_z=0.000, stop_count=0, roi_count=0, nearest_x=inf, clear_frames=0
[WARN] [1784292279.387546368] [unitree_safe_cmd_node]: SAFE OVERRIDE cmd_timeout: Move x=0.000, z=0.000, raw_x=0.000, raw_z=0.000, stop_count=0, roi_count=0, nearest_x=inf, clear_frames=0
[WARN] [1784292279.937605376] [unitree_safe_cmd_node]: SAFE OVERRIDE cmd_timeout: Move x=0.000, z=0.000, raw_x=0.000, raw_z=0.000, stop_count=0, roi_count=0, nearest_x=inf, clear_frames=0
[WARN] [1784292280.487603904] [unitree_safe_cmd_node]: SAFE OVERRIDE cmd_timeout: Move x=0.000, z=0.000, raw_x=0.000, raw_z=0.000, stop_count=0, roi_count=0, nearest_x=inf, clear_frames=0
[WARN] [1784292280.988970752] [unitree_safe_cmd_node]: SAFE OVERRIDE cmd_timeout: Move x=0.000, z=0.000, raw_x=0.000, raw_z=0.000, stop_count=0, roi_count=0, nearest_x=inf, clear_frames=0
[WARN] [1784292281.489247552] [unitree_safe_cmd_node]: SAFE OVERRIDE cmd_timeout: Move x=0.000, z=0.000, raw_x=0.000, raw_z=0.000, stop_count=0, roi_count=0, nearest_x=inf, clear_frames=0
[WARN] [1784292281.988224576] [unitree_safe_cmd_node]: SAFE OVERRIDE cmd_timeout: Move x=0.000, z=0.000, raw_x=0.000, raw_z=0.000, stop_count=0, roi_count=0, nearest_x=inf, clear_frames=0
[WARN] [1784292282.537991488] [unitree_safe_cmd_node]: SAFE OVERRIDE cmd_timeout: Move x=0.000, z=0.000, raw_x=0.000, raw_z=0.000, stop_count=0, roi_count=0, nearest_x=inf, clear_frames=0
[WARN] [1784292283.039257920] [unitree_safe_cmd_node]: SAFE OVERRIDE cmd_timeout: Move x=0.000, z=0.000, raw_x=0.000, raw_z=0.000, stop_count=0, roi_count=0, nearest_x=inf, clear_frames=0
[WARN] [1784292283.588766976] [unitree_safe_cmd_node]: SAFE OVERRIDE cmd_timeout: Move x=0.000, z=0.000, raw_x=0.000, raw_z=0.000, stop_count=0, roi_count=0, nearest_x=inf, clear_frames=0
[WARN] [1784292284.138802336] [unitree_safe_cmd_node]: SAFE OVERRIDE cmd_timeout: Move x=0.000, z=0.000, raw_x=0.000, raw_z=0.000, stop_count=0, roi_count=0, nearest_x=inf, clear_frames=0
[WARN] [1784292284.688416416] [unitree_safe_cmd_node]: SAFE OVERRIDE cmd_timeout: Move x=0.000, z=0.000, raw_x=0.000, raw_z=0.000, stop_count=0, roi_count=0, nearest_x=inf, clear_frames=0
[WARN] [1784292285.238795072] [unitree_safe_cmd_node]: SAFE OVERRIDE cmd_timeout: Move x=0.000, z=0.000, raw_x=0.000, raw_z=0.000, stop_count=0, roi_count=0, nearest_x=inf, clear_frames=0
[WARN] [1784292285.738359744] [unitree_safe_cmd_node]: SAFE OVERRIDE cmd_timeout: Move x=0.000, z=0.000, raw_x=0.000, raw_z=0.000, stop_count=0, roi_count=0, nearest_x=inf, clear_frames=0
[WARN] [1784292286.288843840] [unitree_safe_cmd_node]: SAFE OVERRIDE cmd_timeout: Move x=0.000, z=0.000, raw_x=0.000, raw_z=0.000, stop_count=0, roi_count=0, nearest_x=inf, clear_frames=0
[WARN] [1784292286.838646464] [unitree_safe_cmd_node]: SAFE OVERRIDE cmd_timeout: Move x=0.000, z=0.000, raw_x=0.000, raw_z=0.000, stop_count=0, roi_count=0, nearest_x=inf, clear_frames=0
[WARN] [1784292287.338861888] [unitree_safe_cmd_node]: SAFE OVERRIDE cmd_timeout: Move x=0.000, z=0.000, raw_x=0.000, raw_z=0.000, stop_count=0, roi_count=0, nearest_x=inf, clear_frames=0
[WARN] [1784292287.888716480] [unitree_safe_cmd_node]: SAFE OVERRIDE cmd_timeout: Move x=0.000, z=0.000, raw_x=0.000, raw_z=0.000, stop_count=0, roi_count=0, nearest_x=inf, clear_frames=0
[WARN] [1784292288.438627296] [unitree_safe_cmd_node]: SAFE OVERRIDE cmd_timeout: Move x=0.000, z=0.000, raw_x=0.000, raw_z=0.000, stop_count=0, roi_count=0, nearest_x=inf, clear_frames=0
[WARN] [1784292288.938077568] [unitree_safe_cmd_node]: SAFE OVERRIDE cmd_timeout: Move x=0.000, z=0.000, raw_x=0.000, raw_z=0.000, stop_count=0, roi_count=0, nearest_x=inf, clear_frames=0
[WARN] [1784292289.439326464] [unitree_safe_cmd_node]: SAFE OVERRIDE cmd_timeout: Move x=0.000, z=0.000, raw_x=0.000, raw_z=0.000, stop_count=0, roi_count=0, nearest_x=inf, clear_frames=0
[WARN] [1784292289.989124384] [unitree_safe_cmd_node]: SAFE OVERRIDE cmd_timeout: Move x=0.000, z=0.000, raw_x=0.000, raw_z=0.000, stop_count=0, roi_count=0, nearest_x=inf, clear_frames=0
[WARN] [1784292290.539263712] [unitree_safe_cmd_node]: SAFE OVERRIDE cmd_timeout: Move x=0.000, z=0.000, raw_x=0.000, raw_z=0.000, stop_count=0, roi_count=0, nearest_x=inf, clear_frames=0
[WARN] [1784292291.088850880] [unitree_safe_cmd_node]: SAFE OVERRIDE cmd_timeout: Move x=0.000, z=0.000, raw_x=0.000, raw_z=0.000, stop_count=0, roi_count=0, nearest_x=inf, clear_frames=0
[WARN] [1784292291.588796032] [unitree_safe_cmd_node]: SAFE OVERRIDE cmd_timeout: Move x=0.000, z=0.000, raw_x=0.000, raw_z=0.000, stop_count=0, roi_count=0, nearest_x=inf, clear_frames=0
[WARN] [1784292292.089255040] [unitree_safe_cmd_node]: SAFE OVERRIDE cmd_timeout: Move x=0.000, z=0.000, raw_x=0.000, raw_z=0.000, stop_count=0, roi_count=0, nearest_x=inf, clear_frames=0
[WARN] [1784292292.638286528] [unitree_safe_cmd_node]: SAFE OVERRIDE cmd_timeout: Move x=0.000, z=0.000, raw_x=0.000, raw_z=0.000, stop_count=0, roi_count=0, nearest_x=inf, clear_frames=0
[WARN] [1784292293.188285184] [unitree_safe_cmd_node]: SAFE OVERRIDE cmd_timeout: Move x=0.000, z=0.000, raw_x=0.000, raw_z=0.000, stop_count=0, roi_count=0, nearest_x=inf, clear_frames=0
[WARN] [1784292293.738068960] [unitree_safe_cmd_node]: SAFE OVERRIDE cmd_timeout: Move x=0.000, z=0.000, raw_x=0.000, raw_z=0.000, stop_count=0, roi_count=0, nearest_x=inf, clear_frames=0
[WARN] [1784292294.238118912] [unitree_safe_cmd_node]: SAFE OVERRIDE cmd_timeout: Move x=0.000, z=0.000, raw_x=0.000, raw_z=0.000, stop_count=0, roi_count=0, nearest_x=inf, clear_frames=0
[WARN] [1784292294.738155360] [unitree_safe_cmd_node]: SAFE OVERRIDE cmd_timeout: Move x=0.000, z=0.000, raw_x=0.000, raw_z=0.000, stop_count=0, roi_count=0, nearest_x=inf, clear_frames=0
[WARN] [1784292295.287950912] [unitree_safe_cmd_node]: SAFE OVERRIDE cmd_timeout: Move x=0.000, z=0.000, raw_x=0.000, raw_z=0.000, stop_count=0, roi_count=0, nearest_x=inf, clear_frames=0
[WARN] [1784292295.788002496] [unitree_safe_cmd_node]: SAFE OVERRIDE cmd_timeout: Move x=0.000, z=0.000, raw_x=0.000, raw_z=0.000, stop_count=0, roi_count=0, nearest_x=inf, clear_frames=0
[WARN] [1784292296.288437792] [unitree_safe_cmd_node]: SAFE OVERRIDE cmd_timeout: Move x=0.000, z=0.000, raw_x=0.000, raw_z=0.000, stop_count=0, roi_count=0, nearest_x=inf, clear_frames=0
[WARN] [1784292296.788134624] [unitree_safe_cmd_node]: SAFE OVERRIDE cmd_timeout: Move x=0.000, z=0.000, raw_x=0.000, raw_z=0.000, stop_count=0, roi_count=0, nearest_x=inf, clear_frames=0
[WARN] [1784292297.337823328] [unitree_safe_cmd_node]: SAFE OVERRIDE cmd_timeout: Move x=0.000, z=0.000, raw_x=0.000, raw_z=0.000, stop_count=0, roi_count=0, nearest_x=inf, clear_frames=0
[WARN] [1784292297.837993696] [unitree_safe_cmd_node]: SAFE OVERRIDE cmd_timeout: Move x=0.000, z=0.000, raw_x=0.000, raw_z=0.000, stop_count=0, roi_count=0, nearest_x=inf, clear_frames=0
[WARN] [1784292298.338141376] [unitree_safe_cmd_node]: SAFE OVERRIDE cmd_timeout: Move x=0.000, z=0.000, raw_x=0.000, raw_z=0.000, stop_count=0, roi_count=0, nearest_x=inf, clear_frames=0
[WARN] [1784292298.888047168] [unitree_safe_cmd_node]: SAFE OVERRIDE cmd_timeout: Move x=0.000, z=0.000, raw_x=0.000, raw_z=0.000, stop_count=0, roi_count=0, nearest_x=inf, clear_frames=0
[WARN] [1784292299.388247808] [unitree_safe_cmd_node]: SAFE OVERRIDE cmd_timeout: Move x=0.000, z=0.000, raw_x=0.000, raw_z=0.000, stop_count=0, roi_count=0, nearest_x=inf, clear_frames=0
[WARN] [1784292299.890238592] [unitree_safe_cmd_node]: SAFE OVERRIDE cmd_timeout: Move x=0.000, z=0.000, raw_x=0.000, raw_z=0.000, stop_count=0, roi_count=0, nearest_x=inf, clear_frames=0
[WARN] [1784292300.438098656] [unitree_safe_cmd_node]: SAFE OVERRIDE cmd_timeout: Move x=0.000, z=0.000, raw_x=0.000, raw_z=0.000, stop_count=0, roi_count=0, nearest_x=inf, clear_frames=0
[WARN] [1784292300.939112224] [unitree_safe_cmd_node]: SAFE OVERRIDE cmd_timeout: Move x=0.000, z=0.000, raw_x=0.000, raw_z=0.000, stop_count=0, roi_count=0, nearest_x=inf, clear_frames=0
[WARN] [1784292301.488233920] [unitree_safe_cmd_node]: SAFE OVERRIDE cmd_timeout: Move x=0.000, z=0.000, raw_x=0.000, raw_z=0.000, stop_count=0, roi_count=0, nearest_x=inf, clear_frames=0
[WARN] [1784292301.988526016] [unitree_safe_cmd_node]: SAFE OVERRIDE cmd_timeout: Move x=0.000, z=0.000, raw_x=0.000, raw_z=0.000, stop_count=0, roi_count=0, nearest_x=inf, clear_frames=0
[WARN] [1784292302.538231648] [unitree_safe_cmd_node]: SAFE OVERRIDE cmd_timeout: Move x=0.000, z=0.000, raw_x=0.000, raw_z=0.000, stop_count=0, roi_count=0, nearest_x=inf, clear_frames=0
[WARN] [1784292303.038186080] [unitree_safe_cmd_node]: SAFE OVERRIDE cmd_timeout: Move x=0.000, z=0.000, raw_x=0.000, raw_z=0.000, stop_count=0, roi_count=0, nearest_x=inf, clear_frames=0
[WARN] [1784292303.588095776] [unitree_safe_cmd_node]: SAFE OVERRIDE cmd_timeout: Move x=0.000, z=0.000, raw_x=0.000, raw_z=0.000, stop_count=0, roi_count=0, nearest_x=inf, clear_frames=0
[WARN] [1784292304.108159008] [unitree_safe_cmd_node]: SAFE OVERRIDE cmd_timeout: Move x=0.000, z=0.000, raw_x=0.000, raw_z=0.000, stop_count=0, roi_count=0, nearest_x=inf, clear_frames=0
[WARN] [1784292304.638181280] [unitree_safe_cmd_node]: SAFE OVERRIDE cmd_timeout: Move x=0.000, z=0.000, raw_x=0.000, raw_z=0.000, stop_count=0, roi_count=0, nearest_x=inf, clear_frames=0
[WARN] [1784292305.188277600] [unitree_safe_cmd_node]: SAFE OVERRIDE cmd_timeout: Move x=0.000, z=0.000, raw_x=0.000, raw_z=0.000, stop_count=0, roi_count=0, nearest_x=inf, clear_frames=0
[WARN] [1784292305.738093120] [unitree_safe_cmd_node]: SAFE OVERRIDE cmd_timeout: Move x=0.000, z=0.000, raw_x=0.000, raw_z=0.000, stop_count=0, roi_count=0, nearest_x=inf, clear_frames=0
[WARN] [1784292306.288044800] [unitree_safe_cmd_node]: SAFE OVERRIDE cmd_timeout: Move x=0.000, z=0.000, raw_x=0.000, raw_z=0.000, stop_count=0, roi_count=0, nearest_x=inf, clear_frames=0
[WARN] [1784292306.837978624] [unitree_safe_cmd_node]: SAFE OVERRIDE cmd_timeout: Move x=0.000, z=0.000, raw_x=0.000, raw_z=0.000, stop_count=0, roi_count=0, nearest_x=inf, clear_frames=0
[WARN] [1784292307.387969152] [unitree_safe_cmd_node]: SAFE OVERRIDE cmd_timeout: Move x=0.000, z=0.000, raw_x=0.000, raw_z=0.000, stop_count=0, roi_count=0, nearest_x=inf, clear_frames=0
[WARN] [1784292307.888558848] [unitree_safe_cmd_node]: SAFE OVERRIDE cmd_timeout: Move x=0.000, z=0.000, raw_x=0.000, raw_z=0.000, stop_count=0, roi_count=0, nearest_x=inf, clear_frames=0
[WARN] [1784292308.437832832] [unitree_safe_cmd_node]: SAFE OVERRIDE cmd_timeout: Move x=0.000, z=0.000, raw_x=0.000, raw_z=0.000, stop_count=0, roi_count=0, nearest_x=inf, clear_frames=6
[WARN] [1784292308.937951264] [unitree_safe_cmd_node]: SAFE OVERRIDE cmd_timeout: Move x=0.000, z=0.000, raw_x=0.000, raw_z=0.000, stop_count=0, roi_count=0, nearest_x=inf, clear_frames=11
[WARN] [1784292309.487850944] [unitree_safe_cmd_node]: SAFE OVERRIDE cmd_timeout: Move x=0.000, z=0.000, raw_x=0.000, raw_z=0.000, stop_count=0, roi_count=0, nearest_x=inf, clear_frames=17
[WARN] [1784292310.037835424] [unitree_safe_cmd_node]: SAFE OVERRIDE cmd_timeout: Move x=0.000, z=0.000, raw_x=0.000, raw_z=0.000, stop_count=0, roi_count=0, nearest_x=inf, clear_frames=23
[WARN] [1784292310.587844544] [unitree_safe_cmd_node]: SAFE OVERRIDE cmd_timeout: Move x=0.000, z=0.000, raw_x=0.000, raw_z=0.000, stop_count=0, roi_count=0, nearest_x=inf, clear_frames=29
[WARN] [1784292311.088344800] [unitree_safe_cmd_node]: SAFE OVERRIDE cmd_timeout: Move x=0.000, z=0.000, raw_x=0.000, raw_z=0.000, stop_count=0, roi_count=0, nearest_x=inf, clear_frames=34
[WARN] [1784292311.588349248] [unitree_safe_cmd_node]: SAFE OVERRIDE cmd_timeout: Move x=0.000, z=0.000, raw_x=0.000, raw_z=0.000, stop_count=0, roi_count=0, nearest_x=inf, clear_frames=40
[WARN] [1784292312.137824448] [unitree_safe_cmd_node]: SAFE OVERRIDE cmd_timeout: Move x=0.000, z=0.000, raw_x=0.000, raw_z=0.000, stop_count=0, roi_count=0, nearest_x=inf, clear_frames=46
[WARN] [1784292312.638171520] [unitree_safe_cmd_node]: SAFE OVERRIDE cmd_timeout: Move x=0.000, z=0.000, raw_x=0.000, raw_z=0.000, stop_count=0, roi_count=0, nearest_x=inf, clear_frames=51
[WARN] [1784292313.188032960] [unitree_safe_cmd_node]: SAFE OVERRIDE cmd_timeout: Move x=0.000, z=0.000, raw_x=0.000, raw_z=0.000, stop_count=0, roi_count=0, nearest_x=inf, clear_frames=57
[WARN] [1784292313.747221056] [unitree_safe_cmd_node]: SAFE OVERRIDE cmd_timeout: Move x=0.000, z=0.000, raw_x=0.000, raw_z=0.000, stop_count=0, roi_count=0, nearest_x=inf, clear_frames=63
[WARN] [1784292314.287791232] [unitree_safe_cmd_node]: SAFE OVERRIDE cmd_timeout: Move x=0.000, z=0.000, raw_x=0.000, raw_z=0.000, stop_count=0, roi_count=0, nearest_x=inf, clear_frames=69
[WARN] [1784292314.788135200] [unitree_safe_cmd_node]: SAFE OVERRIDE cmd_timeout: Move x=0.000, z=0.000, raw_x=0.000, raw_z=0.000, stop_count=0, roi_count=0, nearest_x=inf, clear_frames=75
[WARN] [1784292315.288397728] [unitree_safe_cmd_node]: SAFE OVERRIDE cmd_timeout: Move x=0.000, z=0.000, raw_x=0.000, raw_z=0.000, stop_count=0, roi_count=0, nearest_x=inf, clear_frames=80
[WARN] [1784292315.837949984] [unitree_safe_cmd_node]: SAFE OVERRIDE cmd_timeout: Move x=0.000, z=0.000, raw_x=0.000, raw_z=0.000, stop_count=0, roi_count=0, nearest_x=inf, clear_frames=86
[WARN] [1784292316.338036416] [unitree_safe_cmd_node]: SAFE OVERRIDE cmd_timeout: Move x=0.000, z=0.000, raw_x=0.000, raw_z=0.000, stop_count=0, roi_count=0, nearest_x=inf, clear_frames=91
[WARN] [1784292316.887796832] [unitree_safe_cmd_node]: SAFE OVERRIDE cmd_timeout: Move x=0.000, z=0.000, raw_x=0.000, raw_z=0.000, stop_count=0, roi_count=0, nearest_x=inf, clear_frames=96
[WARN] [1784292317.437795808] [unitree_safe_cmd_node]: SAFE OVERRIDE cmd_timeout: Move x=0.000, z=0.000, raw_x=0.000, raw_z=0.000, stop_count=0, roi_count=0, nearest_x=inf, clear_frames=102
[WARN] [1784292317.937930048] [unitree_safe_cmd_node]: SAFE OVERRIDE cmd_timeout: Move x=0.000, z=0.000, raw_x=0.000, raw_z=0.000, stop_count=0, roi_count=0, nearest_x=inf, clear_frames=108
[WARN] [1784292318.438602912] [unitree_safe_cmd_node]: SAFE OVERRIDE cmd_timeout: Move x=0.000, z=0.000, raw_x=0.000, raw_z=0.000, stop_count=0, roi_count=0, nearest_x=inf, clear_frames=111
[WARN] [1784292318.938321952] [unitree_safe_cmd_node]: SAFE OVERRIDE cmd_timeout: Move x=0.000, z=0.000, raw_x=0.000, raw_z=0.000, stop_count=0, roi_count=0, nearest_x=inf, clear_frames=116
[WARN] [1784292319.487878304] [unitree_safe_cmd_node]: SAFE OVERRIDE cmd_timeout: Move x=0.000, z=0.000, raw_x=0.000, raw_z=0.000, stop_count=0, roi_count=0, nearest_x=inf, clear_frames=122
[WARN] [1784292320.038273280] [unitree_safe_cmd_node]: SAFE OVERRIDE cmd_timeout: Move x=0.000, z=0.000, raw_x=0.000, raw_z=0.000, stop_count=0, roi_count=0, nearest_x=inf, clear_frames=128
[WARN] [1784292320.588857504] [unitree_safe_cmd_node]: SAFE OVERRIDE cmd_timeout: Move x=0.000, z=0.000, raw_x=0.000, raw_z=0.000, stop_count=0, roi_count=0, nearest_x=inf, clear_frames=134
[WARN] [1784292321.091291392] [unitree_safe_cmd_node]: SAFE OVERRIDE cmd_timeout: Move x=0.000, z=0.000, raw_x=0.000, raw_z=0.000, stop_count=0, roi_count=0, nearest_x=inf, clear_frames=139
[WARN] [1784292321.638147872] [unitree_safe_cmd_node]: SAFE OVERRIDE cmd_timeout: Move x=0.000, z=0.000, raw_x=0.000, raw_z=0.000, stop_count=0, roi_count=0, nearest_x=inf, clear_frames=144
[WARN] [1784292322.138265440] [unitree_safe_cmd_node]: SAFE OVERRIDE cmd_timeout: Move x=0.000, z=0.000, raw_x=0.000, raw_z=0.000, stop_count=0, roi_count=0, nearest_x=inf, clear_frames=149
[WARN] [1784292322.687893760] [unitree_safe_cmd_node]: SAFE OVERRIDE cmd_timeout: Move x=0.000, z=0.000, raw_x=0.000, raw_z=0.000, stop_count=0, roi_count=0, nearest_x=inf, clear_frames=155
[WARN] [1784292323.187873280] [unitree_safe_cmd_node]: SAFE OVERRIDE cmd_timeout: Move x=0.000, z=0.000, raw_x=0.000, raw_z=0.000, stop_count=0, roi_count=0, nearest_x=inf, clear_frames=160
[WARN] [1784292323.688105312] [unitree_safe_cmd_node]: SAFE OVERRIDE cmd_timeout: Move x=0.000, z=0.000, raw_x=0.000, raw_z=0.000, stop_count=0, roi_count=0, nearest_x=inf, clear_frames=165
[WARN] [1784292324.238240768] [unitree_safe_cmd_node]: SAFE OVERRIDE cmd_timeout: Move x=0.000, z=0.000, raw_x=0.000, raw_z=0.000, stop_count=0, roi_count=0, nearest_x=inf, clear_frames=171
[WARN] [1784292324.788075776] [unitree_safe_cmd_node]: SAFE OVERRIDE cmd_timeout: Move x=0.000, z=0.000, raw_x=0.000, raw_z=0.000, stop_count=0, roi_count=0, nearest_x=inf, clear_frames=177
[WARN] [1784292325.338146784] [unitree_safe_cmd_node]: SAFE OVERRIDE cmd_timeout: Move x=0.000, z=0.000, raw_x=0.000, raw_z=0.000, stop_count=0, roi_count=0, nearest_x=inf, clear_frames=183
[WARN] [1784292325.838920480] [unitree_safe_cmd_node]: SAFE OVERRIDE cmd_timeout: Move x=0.000, z=0.000, raw_x=0.000, raw_z=0.000, stop_count=0, roi_count=0, nearest_x=inf, clear_frames=188
[WARN] [1784292326.388885248] [unitree_safe_cmd_node]: SAFE OVERRIDE cmd_timeout: Move x=0.000, z=0.000, raw_x=0.000, raw_z=0.000, stop_count=0, roi_count=0, nearest_x=inf, clear_frames=194
[WARN] [1784292326.938043136] [unitree_safe_cmd_node]: SAFE OVERRIDE cmd_timeout: Move x=0.000, z=0.000, raw_x=0.000, raw_z=0.000, stop_count=0, roi_count=0, nearest_x=inf, clear_frames=200
[WARN] [1784292327.492246528] [unitree_safe_cmd_node]: SAFE OVERRIDE cmd_timeout: Move x=0.000, z=0.000, raw_x=0.000, raw_z=0.000, stop_count=0, roi_count=0, nearest_x=inf, clear_frames=205
[WARN] [1784292328.038493184] [unitree_safe_cmd_node]: SAFE OVERRIDE cmd_timeout: Move x=0.000, z=0.000, raw_x=0.000, raw_z=0.000, stop_count=0, roi_count=0, nearest_x=inf, clear_frames=209
[WARN] [1784292328.588187552] [unitree_safe_cmd_node]: SAFE OVERRIDE cmd_timeout: Move x=0.000, z=0.000, raw_x=0.000, raw_z=0.000, stop_count=0, roi_count=0, nearest_x=inf, clear_frames=215
[WARN] [1784292329.091126976] [unitree_safe_cmd_node]: SAFE OVERRIDE cmd_timeout: Move x=0.000, z=0.000, raw_x=0.000, raw_z=0.000, stop_count=0, roi_count=0, nearest_x=inf, clear_frames=217
[INFO] [1784292329.637676064] [unitree_safe_cmd_node]: Move x=0.051, z=0.132, stop_count=0, roi_count=0, nearest_x=inf, clear_frames=218
[INFO] [1784292330.138127104] [unitree_safe_cmd_node]: Move x=0.200, z=0.398, stop_count=0, roi_count=0, nearest_x=inf, clear_frames=220
[INFO] [1784292330.687642432] [unitree_safe_cmd_node]: Move x=0.200, z=0.398, stop_count=0, roi_count=0, nearest_x=inf, clear_frames=223
[INFO] [1784292331.188016192] [unitree_safe_cmd_node]: Move x=0.200, z=0.396, stop_count=0, roi_count=0, nearest_x=inf, clear_frames=225
[INFO] [1784292331.737666016] [unitree_safe_cmd_node]: Move x=0.200, z=0.397, stop_count=0, roi_count=0, nearest_x=inf, clear_frames=228
[INFO] [1784292332.287720256] [unitree_safe_cmd_node]: Move x=0.200, z=0.378, stop_count=0, roi_count=0, nearest_x=inf, clear_frames=231
[INFO] [1784292332.837619136] [unitree_safe_cmd_node]: Move x=0.200, z=0.341, stop_count=0, roi_count=0, nearest_x=inf, clear_frames=233
[INFO] [1784292333.338063072] [unitree_safe_cmd_node]: Move x=0.200, z=0.296, stop_count=0, roi_count=0, nearest_x=inf, clear_frames=235
[INFO] [1784292333.850148416] [unitree_safe_cmd_node]: Move x=0.200, z=0.263, stop_count=0, roi_count=0, nearest_x=inf, clear_frames=237
[INFO] [1784292334.387815136] [unitree_safe_cmd_node]: Move x=0.200, z=0.135, stop_count=0, roi_count=0, nearest_x=inf, clear_frames=239
[INFO] [1784292334.937656832] [unitree_safe_cmd_node]: Move x=0.200, z=-0.011, stop_count=0, roi_count=0, nearest_x=inf, clear_frames=243
[INFO] [1784292335.437782496] [unitree_safe_cmd_node]: Move x=0.200, z=-0.317, stop_count=0, roi_count=0, nearest_x=inf, clear_frames=246
[INFO] [1784292335.938147680] [unitree_safe_cmd_node]: Move x=0.200, z=-0.429, stop_count=0, roi_count=0, nearest_x=inf, clear_frames=247
[INFO] [1784292336.487765568] [unitree_safe_cmd_node]: Move x=0.100, z=-0.450, stop_count=0, roi_count=0, nearest_x=inf, clear_frames=250
[INFO] [1784292336.989059744] [unitree_safe_cmd_node]: Move x=0.100, z=-0.450, stop_count=0, roi_count=2, nearest_x=0.75, clear_frames=253
[INFO] [1784292337.538099712] [unitree_safe_cmd_node]: Move x=0.060, z=-0.450, stop_count=0, roi_count=11, nearest_x=0.56, clear_frames=258
[INFO] [1784292338.087703168] [unitree_safe_cmd_node]: Move x=0.000, z=-0.450, stop_count=0, roi_count=6, nearest_x=0.57, clear_frames=264
[INFO] [1784292338.592050976] [unitree_safe_cmd_node]: Move x=0.060, z=-0.450, stop_count=0, roi_count=0, nearest_x=inf, clear_frames=270
[INFO] [1784292339.138080832] [unitree_safe_cmd_node]: Move x=0.100, z=-0.450, stop_count=0, roi_count=0, nearest_x=inf, clear_frames=275
[INFO] [1784292339.688452288] [unitree_safe_cmd_node]: Move x=0.100, z=-0.450, stop_count=0, roi_count=0, nearest_x=inf, clear_frames=281
[INFO] [1784292340.238657184] [unitree_safe_cmd_node]: Move x=0.187, z=-0.408, stop_count=0, roi_count=0, nearest_x=inf, clear_frames=287
[INFO] [1784292340.788878368] [unitree_safe_cmd_node]: Move x=0.200, z=-0.203, stop_count=0, roi_count=0, nearest_x=inf, clear_frames=293
[INFO] [1784292341.337683840] [unitree_safe_cmd_node]: Move x=0.200, z=-0.005, stop_count=0, roi_count=0, nearest_x=inf, clear_frames=299
[INFO] [1784292341.887691904] [unitree_safe_cmd_node]: Move x=0.200, z=0.272, stop_count=0, roi_count=0, nearest_x=inf, clear_frames=305
[INFO] [1784292342.388054848] [unitree_safe_cmd_node]: Move x=0.200, z=0.423, stop_count=0, roi_count=0, nearest_x=inf, clear_frames=311
[INFO] [1784292342.937613056] [unitree_safe_cmd_node]: Move x=0.100, z=0.450, stop_count=0, roi_count=0, nearest_x=inf, clear_frames=317
[INFO] [1784292343.437701312] [unitree_safe_cmd_node]: Move x=0.153, z=0.394, stop_count=0, roi_count=0, nearest_x=inf, clear_frames=322
[INFO] [1784292343.938248064] [unitree_safe_cmd_node]: Move x=0.200, z=0.233, stop_count=0, roi_count=0, nearest_x=inf, clear_frames=327
[INFO] [1784292344.438682304] [unitree_safe_cmd_node]: Move x=0.200, z=0.149, stop_count=0, roi_count=0, nearest_x=inf, clear_frames=329
[INFO] [1784292344.988288384] [unitree_safe_cmd_node]: Move x=0.200, z=-0.024, stop_count=0, roi_count=0, nearest_x=inf, clear_frames=333
[INFO] [1784292345.488040768] [unitree_safe_cmd_node]: Move x=0.200, z=-0.233, stop_count=0, roi_count=0, nearest_x=inf, clear_frames=337
[INFO] [1784292345.988297472] [unitree_safe_cmd_node]: Move x=0.200, z=-0.400, stop_count=0, roi_count=0, nearest_x=inf, clear_frames=343
[INFO] [1784292346.537653952] [unitree_safe_cmd_node]: Move x=0.200, z=-0.450, stop_count=0, roi_count=0, nearest_x=inf, clear_frames=349
[INFO] [1784292347.037811456] [unitree_safe_cmd_node]: Move x=0.200, z=-0.450, stop_count=0, roi_count=0, nearest_x=inf, clear_frames=354
[INFO] [1784292347.542486752] [unitree_safe_cmd_node]: Move x=0.200, z=-0.332, stop_count=0, roi_count=0, nearest_x=inf, clear_frames=360
[INFO] [1784292348.089577440] [unitree_safe_cmd_node]: Move x=0.200, z=-0.279, stop_count=0, roi_count=0, nearest_x=inf, clear_frames=365
[INFO] [1784292348.637778752] [unitree_safe_cmd_node]: Move x=0.200, z=0.109, stop_count=0, roi_count=0, nearest_x=inf, clear_frames=371
[INFO] [1784292349.187950176] [unitree_safe_cmd_node]: Move x=0.148, z=0.450, stop_count=0, roi_count=0, nearest_x=inf, clear_frames=377
[INFO] [1784292349.688129568] [unitree_safe_cmd_node]: Move x=0.100, z=0.450, stop_count=0, roi_count=0, nearest_x=inf, clear_frames=382
[INFO] [1784292350.188119200] [unitree_safe_cmd_node]: Move x=0.100, z=0.450, stop_count=0, roi_count=0, nearest_x=inf, clear_frames=385
[INFO] [1784292350.737724576] [unitree_safe_cmd_node]: Move x=0.100, z=0.450, stop_count=0, roi_count=0, nearest_x=inf, clear_frames=391
[INFO] [1784292351.292968384] [unitree_safe_cmd_node]: Move x=0.100, z=0.450, stop_count=0, roi_count=0, nearest_x=inf, clear_frames=397
[INFO] [1784292351.839146048] [unitree_safe_cmd_node]: Move x=0.200, z=0.281, stop_count=0, roi_count=0, nearest_x=inf, clear_frames=403
[INFO] [1784292352.387738912] [unitree_safe_cmd_node]: Move x=0.200, z=-0.045, stop_count=0, roi_count=0, nearest_x=inf, clear_frames=409
[INFO] [1784292352.887890272] [unitree_safe_cmd_node]: Move x=0.200, z=-0.359, stop_count=0, roi_count=0, nearest_x=inf, clear_frames=414
[INFO] [1784292353.438272288] [unitree_safe_cmd_node]: Move x=0.060, z=-0.450, stop_count=0, roi_count=0, nearest_x=inf, clear_frames=420
[INFO] [1784292353.987780544] [unitree_safe_cmd_node]: Move x=0.060, z=-0.450, stop_count=0, roi_count=0, nearest_x=inf, clear_frames=426
[INFO] [1784292354.537909760] [unitree_safe_cmd_node]: Move x=0.060, z=-0.450, stop_count=0, roi_count=0, nearest_x=inf, clear_frames=432
[INFO] [1784292355.088418560] [unitree_safe_cmd_node]: Move x=0.060, z=-0.450, stop_count=0, roi_count=0, nearest_x=inf, clear_frames=438
[INFO] [1784292355.589447520] [unitree_safe_cmd_node]: Move x=0.060, z=-0.450, stop_count=0, roi_count=0, nearest_x=inf, clear_frames=442
[INFO] [1784292356.140794880] [unitree_safe_cmd_node]: Move x=0.060, z=-0.450, stop_count=0, roi_count=0, nearest_x=inf, clear_frames=448
[INFO] [1784292356.690185856] [unitree_safe_cmd_node]: Move x=0.060, z=-0.450, stop_count=0, roi_count=0, nearest_x=inf, clear_frames=454
[INFO] [1784292357.242507232] [unitree_safe_cmd_node]: Move x=0.060, z=-0.450, stop_count=0, roi_count=0, nearest_x=inf, clear_frames=460
[INFO] [1784292357.793997344] [unitree_safe_cmd_node]: Move x=0.100, z=-0.450, stop_count=0, roi_count=0, nearest_x=inf, clear_frames=466
[INFO] [1784292358.343327072] [unitree_safe_cmd_node]: Move x=0.100, z=-0.450, stop_count=0, roi_count=0, nearest_x=inf, clear_frames=472
[INFO] [1784292358.888789632] [unitree_safe_cmd_node]: Move x=0.100, z=-0.450, stop_count=0, roi_count=0, nearest_x=inf, clear_frames=476
[INFO] [1784292359.438423424] [unitree_safe_cmd_node]: Move x=0.152, z=-0.351, stop_count=0, roi_count=0, nearest_x=inf, clear_frames=482
[INFO] [1784292359.988558176] [unitree_safe_cmd_node]: Move x=0.000, z=0.125, stop_count=0, roi_count=0, nearest_x=inf, clear_frames=488
[INFO] [1784292360.488870048] [unitree_safe_cmd_node]: Move x=0.053, z=0.450, stop_count=0, roi_count=0, nearest_x=inf, clear_frames=494
[INFO] [1784292361.037624256] [unitree_safe_cmd_node]: Move x=0.135, z=0.450, stop_count=0, roi_count=0, nearest_x=inf, clear_frames=500
[INFO] [1784292361.537822112] [unitree_safe_cmd_node]: Move x=0.200, z=0.184, stop_count=0, roi_count=0, nearest_x=inf, clear_frames=505
[INFO] [1784292362.044876224] [unitree_safe_cmd_node]: Move x=0.200, z=0.053, stop_count=0, roi_count=0, nearest_x=inf, clear_frames=511
[INFO] [1784292362.588153824] [unitree_safe_cmd_node]: Move x=0.200, z=-0.068, stop_count=0, roi_count=0, nearest_x=inf, clear_frames=516
[INFO] [1784292363.138521664] [unitree_safe_cmd_node]: Move x=0.200, z=-0.101, stop_count=0, roi_count=0, nearest_x=inf, clear_frames=522
[INFO] [1784292363.687866848] [unitree_safe_cmd_node]: Move x=0.200, z=-0.049, stop_count=0, roi_count=0, nearest_x=inf, clear_frames=528
[INFO] [1784292364.237788544] [unitree_safe_cmd_node]: Move x=0.200, z=0.036, stop_count=0, roi_count=0, nearest_x=inf, clear_frames=534
[INFO] [1784292364.787806848] [unitree_safe_cmd_node]: Move x=0.200, z=0.046, stop_count=0, roi_count=0, nearest_x=inf, clear_frames=540
[INFO] [1784292365.338260960] [unitree_safe_cmd_node]: Move x=0.200, z=0.047, stop_count=0, roi_count=0, nearest_x=inf, clear_frames=546
[INFO] [1784292365.887796384] [unitree_safe_cmd_node]: Move x=0.200, z=0.046, stop_count=0, roi_count=0, nearest_x=inf, clear_frames=551
[INFO] [1784292366.388641920] [unitree_safe_cmd_node]: Move x=0.200, z=0.046, stop_count=0, roi_count=0, nearest_x=inf, clear_frames=555
[INFO] [1784292366.892060128] [unitree_safe_cmd_node]: Move x=0.200, z=0.045, stop_count=0, roi_count=0, nearest_x=inf, clear_frames=560
[INFO] [1784292367.438023392] [unitree_safe_cmd_node]: Move x=0.200, z=0.046, stop_count=0, roi_count=0, nearest_x=inf, clear_frames=565
[INFO] [1784292367.988229824] [unitree_safe_cmd_node]: Move x=0.200, z=0.046, stop_count=0, roi_count=0, nearest_x=inf, clear_frames=570
[INFO] [1784292368.538488896] [unitree_safe_cmd_node]: Move x=0.200, z=0.045, stop_count=0, roi_count=0, nearest_x=inf, clear_frames=574
[INFO] [1784292369.087929472] [unitree_safe_cmd_node]: Move x=0.200, z=0.045, stop_count=0, roi_count=0, nearest_x=inf, clear_frames=580
[INFO] [1784292369.588492672] [unitree_safe_cmd_node]: Move x=0.200, z=0.044, stop_count=0, roi_count=0, nearest_x=inf, clear_frames=585
[INFO] [1784292370.137951552] [unitree_safe_cmd_node]: Move x=0.200, z=0.045, stop_count=0, roi_count=0, nearest_x=inf, clear_frames=591
[INFO] [1784292370.641172288] [unitree_safe_cmd_node]: Move x=0.200, z=0.045, stop_count=0, roi_count=0, nearest_x=inf, clear_frames=596
[INFO] [1784292371.188227488] [unitree_safe_cmd_node]: Move x=0.200, z=0.044, stop_count=0, roi_count=0, nearest_x=inf, clear_frames=602
[INFO] [1784292371.738037376] [unitree_safe_cmd_node]: Move x=0.200, z=0.045, stop_count=0, roi_count=0, nearest_x=inf, clear_frames=608
[INFO] [1784292372.287940864] [unitree_safe_cmd_node]: Move x=0.200, z=0.045, stop_count=0, roi_count=0, nearest_x=inf, clear_frames=614
[INFO] [1784292372.837694784] [unitree_safe_cmd_node]: Move x=0.200, z=0.045, stop_count=0, roi_count=0, nearest_x=inf, clear_frames=620
[INFO] [1784292373.339087200] [unitree_safe_cmd_node]: Move x=0.200, z=0.045, stop_count=0, roi_count=0, nearest_x=inf, clear_frames=625
[INFO] [1784292373.843899264] [unitree_safe_cmd_node]: Move x=0.200, z=0.045, stop_count=0, roi_count=0, nearest_x=inf, clear_frames=629
[INFO] [1784292374.388254688] [unitree_safe_cmd_node]: Move x=0.200, z=0.045, stop_count=0, roi_count=0, nearest_x=inf, clear_frames=633
[INFO] [1784292374.938065024] [unitree_safe_cmd_node]: Move x=0.200, z=0.045, stop_count=0, roi_count=0, nearest_x=inf, clear_frames=639
[INFO] [1784292375.487965472] [unitree_safe_cmd_node]: Move x=0.200, z=0.045, stop_count=0, roi_count=0, nearest_x=inf, clear_frames=645
[INFO] [1784292376.037973152] [unitree_safe_cmd_node]: Move x=0.200, z=0.044, stop_count=0, roi_count=0, nearest_x=inf, clear_frames=651
[INFO] [1784292376.541832992] [unitree_safe_cmd_node]: Move x=0.200, z=0.045, stop_count=0, roi_count=0, nearest_x=inf, clear_frames=657
[INFO] [1784292377.043812608] [unitree_safe_cmd_node]: Move x=0.200, z=0.045, stop_count=0, roi_count=0, nearest_x=inf, clear_frames=662
[INFO] [1784292377.588086944] [unitree_safe_cmd_node]: Move x=0.200, z=0.045, stop_count=0, roi_count=0, nearest_x=inf, clear_frames=667
[INFO] [1784292378.142945664] [unitree_safe_cmd_node]: Move x=0.200, z=0.045, stop_count=0, roi_count=0, nearest_x=inf, clear_frames=673
[INFO] [1784292378.687689440] [unitree_safe_cmd_node]: Move x=0.200, z=0.045, stop_count=0, roi_count=0, nearest_x=inf, clear_frames=678
[INFO] [1784292379.187830272] [unitree_safe_cmd_node]: Move x=0.200, z=0.045, stop_count=0, roi_count=0, nearest_x=inf, clear_frames=683
[INFO] [1784292379.742317248] [unitree_safe_cmd_node]: Move x=0.200, z=0.045, stop_count=0, roi_count=0, nearest_x=inf, clear_frames=689
[INFO] [1784292380.287752352] [unitree_safe_cmd_node]: Move x=0.200, z=0.045, stop_count=0, roi_count=0, nearest_x=inf, clear_frames=694
[INFO] [1784292380.788429888] [unitree_safe_cmd_node]: Move x=0.200, z=0.046, stop_count=0, roi_count=0, nearest_x=inf, clear_frames=699
[INFO] [1784292381.337926848] [unitree_safe_cmd_node]: Move x=0.200, z=0.045, stop_count=0, roi_count=0, nearest_x=inf, clear_frames=704
[INFO] [1784292381.842050112] [unitree_safe_cmd_node]: Move x=0.200, z=0.045, stop_count=0, roi_count=0, nearest_x=inf, clear_frames=710
[INFO] [1784292382.343614944] [unitree_safe_cmd_node]: Move x=0.200, z=0.045, stop_count=0, roi_count=0, nearest_x=inf, clear_frames=715
[INFO] [1784292382.887715360] [unitree_safe_cmd_node]: Move x=0.200, z=0.045, stop_count=0, roi_count=0, nearest_x=inf, clear_frames=720
[INFO] [1784292383.441080032] [unitree_safe_cmd_node]: Move x=0.200, z=0.045, stop_count=0, roi_count=0, nearest_x=inf, clear_frames=724
[INFO] [1784292383.989375456] [unitree_safe_cmd_node]: Move x=0.200, z=0.045, stop_count=0, roi_count=0, nearest_x=inf, clear_frames=729
[INFO] [1784292384.543102784] [unitree_safe_cmd_node]: Move x=0.200, z=0.045, stop_count=0, roi_count=0, nearest_x=inf, clear_frames=735
[INFO] [1784292385.087981664] [unitree_safe_cmd_node]: Move x=0.200, z=0.045, stop_count=0, roi_count=0, nearest_x=inf, clear_frames=740
[INFO] [1784292385.641760640] [unitree_safe_cmd_node]: Move x=0.200, z=0.046, stop_count=0, roi_count=0, nearest_x=inf, clear_frames=746
[INFO] [1784292386.187853056] [unitree_safe_cmd_node]: Move x=0.200, z=0.045, stop_count=0, roi_count=0, nearest_x=inf, clear_frames=751
[INFO] [1784292386.742107584] [unitree_safe_cmd_node]: Move x=0.200, z=0.045, stop_count=0, roi_count=0, nearest_x=inf, clear_frames=757
[INFO] [1784292387.287900544] [unitree_safe_cmd_node]: Move x=0.200, z=0.045, stop_count=0, roi_count=0, nearest_x=inf, clear_frames=762
[INFO] [1784292387.788080192] [unitree_safe_cmd_node]: Move x=0.200, z=0.045, stop_count=0, roi_count=0, nearest_x=inf, clear_frames=767
[INFO] [1784292388.288993184] [unitree_safe_cmd_node]: Move x=0.200, z=0.045, stop_count=0, roi_count=0, nearest_x=inf, clear_frames=772
[INFO] [1784292388.838159264] [unitree_safe_cmd_node]: Move x=0.200, z=0.045, stop_count=0, roi_count=0, nearest_x=inf, clear_frames=777
[INFO] [1784292389.341612544] [unitree_safe_cmd_node]: Move x=0.200, z=0.045, stop_count=0, roi_count=0, nearest_x=inf, clear_frames=783
[INFO] [1784292389.887823552] [unitree_safe_cmd_node]: Move x=0.200, z=0.046, stop_count=0, roi_count=0, nearest_x=inf, clear_frames=788
[INFO] [1784292390.444720800] [unitree_safe_cmd_node]: Move x=0.200, z=0.045, stop_count=0, roi_count=0, nearest_x=inf, clear_frames=794
[INFO] [1784292390.989500960] [unitree_safe_cmd_node]: Move x=0.200, z=0.045, stop_count=0, roi_count=0, nearest_x=inf, clear_frames=798
[INFO] [1784292391.537908864] [unitree_safe_cmd_node]: Move x=0.200, z=0.045, stop_count=0, roi_count=0, nearest_x=inf, clear_frames=801
[INFO] [1784292392.039057600] [unitree_safe_cmd_node]: Move x=0.200, z=0.045, stop_count=0, roi_count=0, nearest_x=inf, clear_frames=805
[INFO] [1784292392.587882816] [unitree_safe_cmd_node]: Move x=0.200, z=0.045, stop_count=0, roi_count=0, nearest_x=inf, clear_frames=810
[INFO] [1784292393.137879584] [unitree_safe_cmd_node]: Move x=0.200, z=0.044, stop_count=0, roi_count=0, nearest_x=inf, clear_frames=816
[INFO] [1784292393.687802880] [unitree_safe_cmd_node]: Move x=0.200, z=0.045, stop_count=0, roi_count=0, nearest_x=inf, clear_frames=822
[INFO] [1784292394.188132416] [unitree_safe_cmd_node]: Move x=0.200, z=0.045, stop_count=0, roi_count=0, nearest_x=inf, clear_frames=827
[INFO] [1784292394.688316768] [unitree_safe_cmd_node]: Move x=0.200, z=0.045, stop_count=0, roi_count=0, nearest_x=inf, clear_frames=832
[INFO] [1784292395.238027072] [unitree_safe_cmd_node]: Move x=0.200, z=0.044, stop_count=0, roi_count=0, nearest_x=inf, clear_frames=838
[INFO] [1784292395.787849632] [unitree_safe_cmd_node]: Move x=0.200, z=0.044, stop_count=0, roi_count=0, nearest_x=inf, clear_frames=844
[INFO] [1784292396.337804768] [unitree_safe_cmd_node]: Move x=0.200, z=0.044, stop_count=0, roi_count=0, nearest_x=inf, clear_frames=850
[INFO] [1784292396.887860800] [unitree_safe_cmd_node]: Move x=0.200, z=0.044, stop_count=0, roi_count=0, nearest_x=inf, clear_frames=856
[INFO] [1784292397.438694688] [unitree_safe_cmd_node]: Move x=0.200, z=0.044, stop_count=0, roi_count=0, nearest_x=inf, clear_frames=862
[INFO] [1784292397.940543040] [unitree_safe_cmd_node]: Move x=0.200, z=0.045, stop_count=0, roi_count=0, nearest_x=inf, clear_frames=868
[INFO] [1784292398.488388320] [unitree_safe_cmd_node]: Move x=0.200, z=0.045, stop_count=0, roi_count=0, nearest_x=inf, clear_frames=873
[INFO] [1784292399.040814368] [unitree_safe_cmd_node]: Move x=0.200, z=0.045, stop_count=0, roi_count=0, nearest_x=inf, clear_frames=879
[INFO] [1784292399.593292320] [unitree_safe_cmd_node]: Move x=0.200, z=0.045, stop_count=0, roi_count=0, nearest_x=inf, clear_frames=883
[INFO] [1784292400.138656192] [unitree_safe_cmd_node]: Move x=0.200, z=0.045, stop_count=0, roi_count=0, nearest_x=inf, clear_frames=887
[INFO] [1784292400.687634400] [unitree_safe_cmd_node]: Move x=0.200, z=0.044, stop_count=0, roi_count=0, nearest_x=inf, clear_frames=893
[INFO] [1784292401.188154944] [unitree_safe_cmd_node]: Move x=0.200, z=0.045, stop_count=0, roi_count=0, nearest_x=inf, clear_frames=898
[INFO] [1784292401.743904768] [unitree_safe_cmd_node]: Move x=0.200, z=0.045, stop_count=0, roi_count=0, nearest_x=inf, clear_frames=904
[INFO] [1784292402.287989152] [unitree_safe_cmd_node]: Move x=0.200, z=0.045, stop_count=0, roi_count=0, nearest_x=inf, clear_frames=908
[INFO] [1784292402.837601824] [unitree_safe_cmd_node]: Move x=0.200, z=0.044, stop_count=0, roi_count=0, nearest_x=inf, clear_frames=914
[INFO] [1784292403.337895104] [unitree_safe_cmd_node]: Move x=0.200, z=0.045, stop_count=0, roi_count=0, nearest_x=inf, clear_frames=919
[INFO] [1784292403.887630112] [unitree_safe_cmd_node]: Move x=0.200, z=0.091, stop_count=0, roi_count=0, nearest_x=inf, clear_frames=925
[INFO] [1784292404.387853248] [unitree_safe_cmd_node]: Move x=0.200, z=0.245, stop_count=0, roi_count=0, nearest_x=inf, clear_frames=930
[INFO] [1784292404.891996192] [unitree_safe_cmd_node]: Move x=0.200, z=0.040, stop_count=0, roi_count=0, nearest_x=inf, clear_frames=936
[INFO] [1784292405.437807616] [unitree_safe_cmd_node]: Move x=0.200, z=0.038, stop_count=0, roi_count=0, nearest_x=inf, clear_frames=941
[INFO] [1784292405.987719904] [unitree_safe_cmd_node]: Move x=0.200, z=0.040, stop_count=0, roi_count=0, nearest_x=inf, clear_frames=946
[INFO] [1784292406.495633120] [unitree_safe_cmd_node]: Move x=0.200, z=0.035, stop_count=0, roi_count=0, nearest_x=inf, clear_frames=952
[INFO] [1784292407.037687584] [unitree_safe_cmd_node]: Move x=0.200, z=0.030, stop_count=0, roi_count=0, nearest_x=inf, clear_frames=957
[INFO] [1784292407.537922624] [unitree_safe_cmd_node]: Move x=0.200, z=0.032, stop_count=0, roi_count=0, nearest_x=inf, clear_frames=962
[INFO] [1784292408.041415264] [unitree_safe_cmd_node]: Move x=0.200, z=0.030, stop_count=0, roi_count=0, nearest_x=inf, clear_frames=967
[INFO] [1784292408.542826272] [unitree_safe_cmd_node]: Move x=0.200, z=0.031, stop_count=0, roi_count=0, nearest_x=inf, clear_frames=972
[INFO] [1784292409.088242624] [unitree_safe_cmd_node]: Move x=0.200, z=0.034, stop_count=0, roi_count=0, nearest_x=inf, clear_frames=977
[INFO] [1784292409.637663232] [unitree_safe_cmd_node]: Move x=0.200, z=-0.045, stop_count=0, roi_count=0, nearest_x=inf, clear_frames=982
[INFO] [1784292410.137943136] [unitree_safe_cmd_node]: Move x=0.200, z=0.034, stop_count=0, roi_count=0, nearest_x=inf, clear_frames=987
[INFO] [1784292410.646970208] [unitree_safe_cmd_node]: Move x=0.200, z=0.034, stop_count=0, roi_count=0, nearest_x=inf, clear_frames=991
[INFO] [1784292411.188120608] [unitree_safe_cmd_node]: Move x=0.200, z=-0.012, stop_count=0, roi_count=0, nearest_x=inf, clear_frames=997
[INFO] [1784292411.740828320] [unitree_safe_cmd_node]: Move x=0.200, z=0.033, stop_count=0, roi_count=0, nearest_x=inf, clear_frames=1003
[INFO] [1784292412.287665216] [unitree_safe_cmd_node]: Move x=0.200, z=0.033, stop_count=0, roi_count=0, nearest_x=inf, clear_frames=1008
[INFO] [1784292412.788488736] [unitree_safe_cmd_node]: Move x=0.200, z=0.033, stop_count=0, roi_count=0, nearest_x=inf, clear_frames=1013
[INFO] [1784292413.337625472] [unitree_safe_cmd_node]: Move x=0.200, z=0.033, stop_count=0, roi_count=0, nearest_x=inf, clear_frames=1019
[INFO] [1784292413.841433056] [unitree_safe_cmd_node]: Move x=0.200, z=0.033, stop_count=0, roi_count=0, nearest_x=inf, clear_frames=1024
[INFO] [1784292414.387983072] [unitree_safe_cmd_node]: Move x=0.200, z=0.033, stop_count=0, roi_count=0, nearest_x=inf, clear_frames=1028
[INFO] [1784292414.887919264] [unitree_safe_cmd_node]: Move x=0.200, z=0.033, stop_count=0, roi_count=0, nearest_x=inf, clear_frames=1032
[INFO] [1784292415.388448096] [unitree_safe_cmd_node]: Move x=0.200, z=0.033, stop_count=0, roi_count=0, nearest_x=inf, clear_frames=1035
[INFO] [1784292415.943880800] [unitree_safe_cmd_node]: Move x=0.200, z=0.033, stop_count=0, roi_count=0, nearest_x=inf, clear_frames=1041
[INFO] [1784292416.489205408] [unitree_safe_cmd_node]: Move x=0.200, z=-0.023, stop_count=0, roi_count=0, nearest_x=inf, clear_frames=1046
[INFO] [1784292416.989994304] [unitree_safe_cmd_node]: Move x=0.200, z=0.033, stop_count=0, roi_count=0, nearest_x=inf, clear_frames=1052
[INFO] [1784292417.539349952] [unitree_safe_cmd_node]: Move x=0.200, z=0.033, stop_count=0, roi_count=0, nearest_x=inf, clear_frames=1057
[INFO] [1784292418.093907360] [unitree_safe_cmd_node]: Move x=0.200, z=-0.022, stop_count=0, roi_count=0, nearest_x=inf, clear_frames=1064
[INFO] [1784292418.637999648] [unitree_safe_cmd_node]: Move x=0.200, z=-0.025, stop_count=0, roi_count=0, nearest_x=inf, clear_frames=1069
[INFO] [1784292419.196594016] [unitree_safe_cmd_node]: Move x=0.200, z=0.033, stop_count=0, roi_count=0, nearest_x=inf, clear_frames=1076
[INFO] [1784292419.738804736] [unitree_safe_cmd_node]: Move x=0.200, z=0.033, stop_count=0, roi_count=0, nearest_x=inf, clear_frames=1081
[INFO] [1784292420.241455904] [unitree_safe_cmd_node]: Move x=0.200, z=-0.024, stop_count=0, roi_count=0, nearest_x=inf, clear_frames=1086
[INFO] [1784292420.787653248] [unitree_safe_cmd_node]: Move x=0.200, z=0.021, stop_count=0, roi_count=0, nearest_x=inf, clear_frames=1091
[INFO] [1784292421.287930624] [unitree_safe_cmd_node]: Move x=0.200, z=-0.012, stop_count=0, roi_count=0, nearest_x=inf, clear_frames=1096
[INFO] [1784292421.787920800] [unitree_safe_cmd_node]: Move x=0.200, z=0.033, stop_count=0, roi_count=0, nearest_x=inf, clear_frames=1101
[INFO] [1784292422.343188640] [unitree_safe_cmd_node]: Move x=0.200, z=0.033, stop_count=0, roi_count=0, nearest_x=inf, clear_frames=1107
[INFO] [1784292422.887656832] [unitree_safe_cmd_node]: Move x=0.200, z=0.023, stop_count=0, roi_count=0, nearest_x=inf, clear_frames=1112
[INFO] [1784292423.388160576] [unitree_safe_cmd_node]: Move x=0.200, z=-0.009, stop_count=0, roi_count=0, nearest_x=inf, clear_frames=1117
[INFO] [1784292423.938064992] [unitree_safe_cmd_node]: Move x=0.200, z=0.033, stop_count=0, roi_count=0, nearest_x=inf, clear_frames=1119
[INFO] [1784292424.487726816] [unitree_safe_cmd_node]: Move x=0.200, z=0.033, stop_count=0, roi_count=0, nearest_x=inf, clear_frames=1125
[INFO] [1784292425.037657568] [unitree_safe_cmd_node]: Move x=0.200, z=0.034, stop_count=0, roi_count=0, nearest_x=inf, clear_frames=1131
[INFO] [1784292425.587629344] [unitree_safe_cmd_node]: Move x=0.200, z=-0.023, stop_count=0, roi_count=0, nearest_x=inf, clear_frames=1137
[INFO] [1784292426.087792352] [unitree_safe_cmd_node]: Move x=0.200, z=0.034, stop_count=0, roi_count=0, nearest_x=inf, clear_frames=1143
[INFO] [1784292426.641013056] [unitree_safe_cmd_node]: Move x=0.200, z=0.033, stop_count=0, roi_count=0, nearest_x=inf, clear_frames=1149
[INFO] [1784292427.188308864] [unitree_safe_cmd_node]: Move x=0.200, z=0.025, stop_count=0, roi_count=0, nearest_x=inf, clear_frames=1154
[INFO] [1784292427.688474272] [unitree_safe_cmd_node]: Move x=0.200, z=0.033, stop_count=0, roi_count=0, nearest_x=inf, clear_frames=1158
[INFO] [1784292428.238328608] [unitree_safe_cmd_node]: Move x=0.200, z=0.033, stop_count=0, roi_count=0, nearest_x=inf, clear_frames=1164
[INFO] [1784292428.740610432] [unitree_safe_cmd_node]: Move x=0.200, z=0.034, stop_count=0, roi_count=0, nearest_x=inf, clear_frames=1170
[INFO] [1784292429.241450176] [unitree_safe_cmd_node]: Move x=0.200, z=0.034, stop_count=0, roi_count=0, nearest_x=inf, clear_frames=1175
[INFO] [1784292429.741976832] [unitree_safe_cmd_node]: Move x=0.200, z=0.033, stop_count=0, roi_count=0, nearest_x=inf, clear_frames=1180
[INFO] [1784292430.287770784] [unitree_safe_cmd_node]: Move x=0.200, z=0.033, stop_count=0, roi_count=0, nearest_x=inf, clear_frames=1185
[INFO] [1784292430.788072224] [unitree_safe_cmd_node]: Move x=0.200, z=0.033, stop_count=0, roi_count=0, nearest_x=inf, clear_frames=1190
[INFO] [1784292431.343488800] [unitree_safe_cmd_node]: Move x=0.200, z=0.033, stop_count=0, roi_count=0, nearest_x=inf, clear_frames=1196
[INFO] [1784292431.887648640] [unitree_safe_cmd_node]: Move x=0.200, z=0.034, stop_count=0, roi_count=0, nearest_x=inf, clear_frames=1201
[INFO] [1784292432.440984800] [unitree_safe_cmd_node]: Move x=0.200, z=0.033, stop_count=0, roi_count=0, nearest_x=inf, clear_frames=1207
[INFO] [1784292432.987749056] [unitree_safe_cmd_node]: Move x=0.200, z=0.033, stop_count=0, roi_count=0, nearest_x=inf, clear_frames=1211
[INFO] [1784292433.542032416] [unitree_safe_cmd_node]: Move x=0.200, z=0.034, stop_count=0, roi_count=0, nearest_x=inf, clear_frames=1217
[INFO] [1784292434.087854784] [unitree_safe_cmd_node]: Move x=0.200, z=0.033, stop_count=0, roi_count=0, nearest_x=inf, clear_frames=1222
[INFO] [1784292434.587937728] [unitree_safe_cmd_node]: Move x=0.200, z=0.034, stop_count=0, roi_count=0, nearest_x=inf, clear_frames=1227
[INFO] [1784292435.137936896] [unitree_safe_cmd_node]: Move x=0.200, z=-0.024, stop_count=0, roi_count=0, nearest_x=inf, clear_frames=1232
[INFO] [1784292435.640893792] [unitree_safe_cmd_node]: Move x=0.200, z=0.034, stop_count=0, roi_count=0, nearest_x=inf, clear_frames=1238
[INFO] [1784292436.141018272] [unitree_safe_cmd_node]: Move x=0.200, z=0.033, stop_count=0, roi_count=0, nearest_x=inf, clear_frames=1243
[INFO] [1784292436.687646912] [unitree_safe_cmd_node]: Move x=0.200, z=-0.012, stop_count=0, roi_count=0, nearest_x=inf, clear_frames=1248
[INFO] [1784292437.188124480] [unitree_safe_cmd_node]: Move x=0.200, z=0.034, stop_count=0, roi_count=0, nearest_x=inf, clear_frames=1253
[INFO] [1784292437.743872000] [unitree_safe_cmd_node]: Move x=0.200, z=0.033, stop_count=0, roi_count=0, nearest_x=inf, clear_frames=1259
[INFO] [1784292438.288009344] [unitree_safe_cmd_node]: Move x=0.200, z=-0.021, stop_count=0, roi_count=0, nearest_x=inf, clear_frames=1261
[INFO] [1784292438.842284448] [unitree_safe_cmd_node]: Move x=0.200, z=0.033, stop_count=0, roi_count=0, nearest_x=inf, clear_frames=1264
[INFO] [1784292439.391323136] [unitree_safe_cmd_node]: Move x=0.200, z=0.034, stop_count=0, roi_count=0, nearest_x=inf, clear_frames=1269
[INFO] [1784292439.937911232] [unitree_safe_cmd_node]: Move x=0.200, z=-0.012, stop_count=0, roi_count=0, nearest_x=inf, clear_frames=1274
[INFO] [1784292440.487756032] [unitree_safe_cmd_node]: Move x=0.200, z=0.034, stop_count=0, roi_count=0, nearest_x=inf, clear_frames=1280
[INFO] [1784292441.037707360] [unitree_safe_cmd_node]: Move x=0.200, z=0.033, stop_count=0, roi_count=0, nearest_x=inf, clear_frames=1286
[INFO] [1784292441.539961568] [unitree_safe_cmd_node]: Move x=0.200, z=0.034, stop_count=0, roi_count=0, nearest_x=inf, clear_frames=1292
[INFO] [1784292442.089001376] [unitree_safe_cmd_node]: Move x=0.200, z=0.034, stop_count=0, roi_count=0, nearest_x=inf, clear_frames=1297
[INFO] [1784292442.638008544] [unitree_safe_cmd_node]: Move x=0.200, z=0.033, stop_count=0, roi_count=0, nearest_x=inf, clear_frames=1303
[INFO] [1784292443.187984352] [unitree_safe_cmd_node]: Move x=0.200, z=0.034, stop_count=0, roi_count=0, nearest_x=inf, clear_frames=1309
[INFO] [1784292443.737858432] [unitree_safe_cmd_node]: Move x=0.200, z=0.033, stop_count=0, roi_count=0, nearest_x=inf, clear_frames=1314
[INFO] [1784292444.242632288] [unitree_safe_cmd_node]: Move x=0.200, z=0.034, stop_count=0, roi_count=0, nearest_x=inf, clear_frames=1320
[INFO] [1784292444.787655648] [unitree_safe_cmd_node]: Move x=0.200, z=0.033, stop_count=0, roi_count=0, nearest_x=inf, clear_frames=1325
[INFO] [1784292445.287917536] [unitree_safe_cmd_node]: Move x=0.200, z=0.033, stop_count=0, roi_count=0, nearest_x=inf, clear_frames=1330
[INFO] [1784292445.837704352] [unitree_safe_cmd_node]: Move x=0.200, z=0.033, stop_count=0, roi_count=0, nearest_x=inf, clear_frames=1336
[INFO] [1784292446.337662624] [unitree_safe_cmd_node]: Move x=0.200, z=0.033, stop_count=0, roi_count=0, nearest_x=inf, clear_frames=1341
[INFO] [1784292446.837694752] [unitree_safe_cmd_node]: Move x=0.200, z=0.034, stop_count=0, roi_count=0, nearest_x=inf, clear_frames=1346
[INFO] [1784292447.337861408] [unitree_safe_cmd_node]: Move x=0.200, z=0.034, stop_count=0, roi_count=0, nearest_x=inf, clear_frames=1351
[INFO] [1784292447.887615232] [unitree_safe_cmd_node]: Move x=0.200, z=0.034, stop_count=0, roi_count=0, nearest_x=inf, clear_frames=1357
[INFO] [1784292448.387822080] [unitree_safe_cmd_node]: Move x=0.200, z=0.033, stop_count=0, roi_count=0, nearest_x=inf, clear_frames=1362
[INFO] [1784292448.888304608] [unitree_safe_cmd_node]: Move x=0.200, z=0.034, stop_count=0, roi_count=0, nearest_x=inf, clear_frames=1365
[INFO] [1784292449.437658016] [unitree_safe_cmd_node]: Move x=0.200, z=0.033, stop_count=0, roi_count=0, nearest_x=inf, clear_frames=1371
[INFO] [1784292449.937679552] [unitree_safe_cmd_node]: Move x=0.200, z=0.034, stop_count=0, roi_count=0, nearest_x=inf, clear_frames=1376
[INFO] [1784292450.487606752] [unitree_safe_cmd_node]: Move x=0.200, z=0.033, stop_count=0, roi_count=0, nearest_x=inf, clear_frames=1382
[INFO] [1784292450.987684384] [unitree_safe_cmd_node]: Move x=0.200, z=-0.012, stop_count=0, roi_count=0, nearest_x=inf, clear_frames=1387
[INFO] [1784292451.537987264] [unitree_safe_cmd_node]: Move x=0.200, z=0.034, stop_count=0, roi_count=0, nearest_x=inf, clear_frames=1393
[INFO] [1784292452.088605536] [unitree_safe_cmd_node]: Move x=0.200, z=0.034, stop_count=0, roi_count=0, nearest_x=inf, clear_frames=1398
[INFO] [1784292452.637913408] [unitree_safe_cmd_node]: Move x=0.200, z=0.034, stop_count=0, roi_count=0, nearest_x=inf, clear_frames=1403
[INFO] [1784292453.187988192] [unitree_safe_cmd_node]: Move x=0.200, z=0.034, stop_count=0, roi_count=0, nearest_x=inf, clear_frames=1409
[INFO] [1784292453.737699552] [unitree_safe_cmd_node]: Move x=0.200, z=0.034, stop_count=0, roi_count=0, nearest_x=inf, clear_frames=1415
[INFO] [1784292454.291571680] [unitree_safe_cmd_node]: Move x=0.200, z=0.033, stop_count=0, roi_count=0, nearest_x=inf, clear_frames=1421
[INFO] [1784292454.838540384] [unitree_safe_cmd_node]: Move x=0.200, z=0.034, stop_count=0, roi_count=0, nearest_x=inf, clear_frames=1426
[INFO] [1784292455.338447808] [unitree_safe_cmd_node]: Move x=0.200, z=0.033, stop_count=0, roi_count=0, nearest_x=inf, clear_frames=1431
[INFO] [1784292455.837996096] [unitree_safe_cmd_node]: Move x=0.200, z=0.033, stop_count=0, roi_count=0, nearest_x=inf, clear_frames=1436
[INFO] [1784292456.387694976] [unitree_safe_cmd_node]: Move x=0.200, z=0.034, stop_count=0, roi_count=0, nearest_x=inf, clear_frames=1441
[INFO] [1784292456.941172128] [unitree_safe_cmd_node]: Move x=0.200, z=0.034, stop_count=0, roi_count=0, nearest_x=inf, clear_frames=1447
[INFO] [1784292457.487687840] [unitree_safe_cmd_node]: Move x=0.200, z=0.034, stop_count=0, roi_count=0, nearest_x=inf, clear_frames=1452
[INFO] [1784292457.987895136] [unitree_safe_cmd_node]: Move x=0.200, z=0.033, stop_count=0, roi_count=0, nearest_x=inf, clear_frames=1457
[INFO] [1784292458.537663872] [unitree_safe_cmd_node]: Move x=0.200, z=0.034, stop_count=0, roi_count=0, nearest_x=inf, clear_frames=1463
[INFO] [1784292459.037996608] [unitree_safe_cmd_node]: Move x=0.200, z=0.034, stop_count=0, roi_count=0, nearest_x=inf, clear_frames=1468
[INFO] [1784292459.538635840] [unitree_safe_cmd_node]: Move x=0.200, z=0.034, stop_count=0, roi_count=0, nearest_x=inf, clear_frames=1472
[INFO] [1784292460.087665888] [unitree_safe_cmd_node]: Move x=0.200, z=0.034, stop_count=0, roi_count=0, nearest_x=inf, clear_frames=1478
[INFO] [1784292460.587910752] [unitree_safe_cmd_node]: Move x=0.200, z=0.033, stop_count=0, roi_count=0, nearest_x=inf, clear_frames=1483
[INFO] [1784292461.088737312] [unitree_safe_cmd_node]: Move x=0.200, z=-0.011, stop_count=0, roi_count=0, nearest_x=inf, clear_frames=1487
[INFO] [1784292461.588338496] [unitree_safe_cmd_node]: Move x=0.200, z=-0.021, stop_count=0, roi_count=0, nearest_x=inf, clear_frames=1491
[INFO] [1784292462.138076288] [unitree_safe_cmd_node]: Move x=0.200, z=0.033, stop_count=0, roi_count=0, nearest_x=inf, clear_frames=1495
[INFO] [1784292462.639352992] [unitree_safe_cmd_node]: Move x=0.200, z=0.030, stop_count=0, roi_count=0, nearest_x=inf, clear_frames=1500
[INFO] [1784292463.188359968] [unitree_safe_cmd_node]: Move x=0.200, z=0.034, stop_count=0, roi_count=0, nearest_x=inf, clear_frames=1504
[INFO] [1784292463.690155808] [unitree_safe_cmd_node]: Move x=0.200, z=0.034, stop_count=0, roi_count=0, nearest_x=inf, clear_frames=1509
[INFO] [1784292464.237965120] [unitree_safe_cmd_node]: Move x=0.200, z=0.022, stop_count=0, roi_count=0, nearest_x=inf, clear_frames=1514
[INFO] [1784292464.787754720] [unitree_safe_cmd_node]: Move x=0.200, z=0.034, stop_count=0, roi_count=0, nearest_x=inf, clear_frames=1520
[INFO] [1784292465.337653248] [unitree_safe_cmd_node]: Move x=0.200, z=0.034, stop_count=0, roi_count=0, nearest_x=inf, clear_frames=1526
[INFO] [1784292465.887712032] [unitree_safe_cmd_node]: Move x=0.200, z=0.034, stop_count=0, roi_count=0, nearest_x=inf, clear_frames=1532
[INFO] [1784292466.388100736] [unitree_safe_cmd_node]: Move x=0.200, z=0.034, stop_count=0, roi_count=0, nearest_x=inf, clear_frames=1537
[INFO] [1784292466.939287520] [unitree_safe_cmd_node]: Move x=0.200, z=0.034, stop_count=0, roi_count=0, nearest_x=inf, clear_frames=1542
[INFO] [1784292467.488315968] [unitree_safe_cmd_node]: Move x=0.200, z=0.033, stop_count=0, roi_count=0, nearest_x=inf, clear_frames=1548
[INFO] [1784292467.988042720] [unitree_safe_cmd_node]: Move x=0.200, z=0.034, stop_count=0, roi_count=0, nearest_x=inf, clear_frames=1553
[INFO] [1784292468.537864768] [unitree_safe_cmd_node]: Move x=0.200, z=0.033, stop_count=0, roi_count=0, nearest_x=inf, clear_frames=1559
[INFO] [1784292469.040358208] [unitree_safe_cmd_node]: Move x=0.200, z=0.034, stop_count=0, roi_count=0, nearest_x=inf, clear_frames=1565
[INFO] [1784292469.541000416] [unitree_safe_cmd_node]: Move x=0.200, z=0.034, stop_count=0, roi_count=0, nearest_x=inf, clear_frames=1570
[INFO] [1784292470.088787264] [unitree_safe_cmd_node]: Move x=0.200, z=0.023, stop_count=0, roi_count=0, nearest_x=inf, clear_frames=1575
[INFO] [1784292470.638161408] [unitree_safe_cmd_node]: Move x=0.200, z=0.033, stop_count=0, roi_count=0, nearest_x=inf, clear_frames=1580
[INFO] [1784292471.188013696] [unitree_safe_cmd_node]: Move x=0.200, z=0.034, stop_count=0, roi_count=0, nearest_x=inf, clear_frames=1585
[INFO] [1784292471.737652704] [unitree_safe_cmd_node]: Move x=0.200, z=0.034, stop_count=0, roi_count=0, nearest_x=inf, clear_frames=1591
[INFO] [1784292472.237947936] [unitree_safe_cmd_node]: Move x=0.200, z=-0.021, stop_count=0, roi_count=0, nearest_x=inf, clear_frames=1595
[INFO] [1784292472.787662016] [unitree_safe_cmd_node]: Move x=0.200, z=0.034, stop_count=0, roi_count=0, nearest_x=inf, clear_frames=1601
[INFO] [1784292473.287643456] [unitree_safe_cmd_node]: Move x=0.200, z=0.034, stop_count=0, roi_count=0, nearest_x=inf, clear_frames=1606
[INFO] [1784292473.788097984] [unitree_safe_cmd_node]: Move x=0.200, z=0.024, stop_count=0, roi_count=0, nearest_x=inf, clear_frames=1611
[INFO] [1784292474.341331936] [unitree_safe_cmd_node]: Move x=0.200, z=0.034, stop_count=0, roi_count=0, nearest_x=inf, clear_frames=1617
[INFO] [1784292474.887641056] [unitree_safe_cmd_node]: Move x=0.200, z=-0.011, stop_count=0, roi_count=0, nearest_x=inf, clear_frames=1621
[INFO] [1784292475.439611168] [unitree_safe_cmd_node]: Move x=0.200, z=0.034, stop_count=0, roi_count=0, nearest_x=inf, clear_frames=1627
[INFO] [1784292475.942352864] [unitree_safe_cmd_node]: Move x=0.200, z=0.034, stop_count=0, roi_count=0, nearest_x=inf, clear_frames=1632
[INFO] [1784292476.487805696] [unitree_safe_cmd_node]: Move x=0.200, z=0.024, stop_count=0, roi_count=0, nearest_x=inf, clear_frames=1637
[INFO] [1784292476.987793408] [unitree_safe_cmd_node]: Move x=0.200, z=0.034, stop_count=0, roi_count=0, nearest_x=inf, clear_frames=1642
[INFO] [1784292477.492585952] [unitree_safe_cmd_node]: Move x=0.200, z=0.034, stop_count=0, roi_count=0, nearest_x=inf, clear_frames=1646
[INFO] [1784292477.992488480] [unitree_safe_cmd_node]: Move x=0.200, z=0.033, stop_count=0, roi_count=0, nearest_x=inf, clear_frames=1652
[INFO] [1784292478.537735296] [unitree_safe_cmd_node]: Move x=0.200, z=0.034, stop_count=0, roi_count=0, nearest_x=inf, clear_frames=1657
[INFO] [1784292479.040415712] [unitree_safe_cmd_node]: Move x=0.200, z=0.034, stop_count=0, roi_count=0, nearest_x=inf, clear_frames=1663
[INFO] [1784292479.588025280] [unitree_safe_cmd_node]: Move x=0.200, z=0.033, stop_count=0, roi_count=0, nearest_x=inf, clear_frames=1666
[INFO] [1784292480.141433024] [unitree_safe_cmd_node]: Move x=0.200, z=0.034, stop_count=0, roi_count=0, nearest_x=inf, clear_frames=1672
[INFO] [1784292480.688098016] [unitree_safe_cmd_node]: Move x=0.200, z=0.035, stop_count=0, roi_count=0, nearest_x=inf, clear_frames=1677
[INFO] [1784292481.188187776] [unitree_safe_cmd_node]: Move x=0.200, z=0.033, stop_count=0, roi_count=0, nearest_x=inf, clear_frames=1681
[INFO] [1784292481.740420128] [unitree_safe_cmd_node]: Move x=0.200, z=0.034, stop_count=0, roi_count=0, nearest_x=inf, clear_frames=1687
[INFO] [1784292482.241746144] [unitree_safe_cmd_node]: Move x=0.200, z=0.034, stop_count=0, roi_count=0, nearest_x=inf, clear_frames=1692
[INFO] [1784292482.787758656] [unitree_safe_cmd_node]: Move x=0.200, z=-0.022, stop_count=0, roi_count=0, nearest_x=inf, clear_frames=1697
[INFO] [1784292483.288104160] [unitree_safe_cmd_node]: Move x=0.200, z=0.034, stop_count=0, roi_count=0, nearest_x=inf, clear_frames=1701
[INFO] [1784292483.842758208] [unitree_safe_cmd_node]: Move x=0.200, z=0.034, stop_count=0, roi_count=0, nearest_x=inf, clear_frames=1707
[INFO] [1784292484.346892352] [unitree_safe_cmd_node]: Move x=0.200, z=0.034, stop_count=0, roi_count=0, nearest_x=inf, clear_frames=1712
[INFO] [1784292484.848442656] [unitree_safe_cmd_node]: Move x=0.200, z=0.034, stop_count=0, roi_count=0, nearest_x=inf, clear_frames=1716
[INFO] [1784292485.388760448] [unitree_safe_cmd_node]: Move x=0.200, z=0.034, stop_count=0, roi_count=0, nearest_x=inf, clear_frames=1721
[INFO] [1784292485.938659840] [unitree_safe_cmd_node]: Move x=0.200, z=0.033, stop_count=0, roi_count=0, nearest_x=inf, clear_frames=1725
[INFO] [1784292486.488133024] [unitree_safe_cmd_node]: Move x=0.200, z=0.034, stop_count=0, roi_count=0, nearest_x=inf, clear_frames=1731
[INFO] [1784292487.037947744] [unitree_safe_cmd_node]: Move x=0.200, z=0.034, stop_count=0, roi_count=0, nearest_x=inf, clear_frames=1737
[INFO] [1784292487.587936064] [unitree_safe_cmd_node]: Move x=0.200, z=-0.023, stop_count=0, roi_count=0, nearest_x=inf, clear_frames=1743
[INFO] [1784292488.137920288] [unitree_safe_cmd_node]: Move x=0.200, z=0.034, stop_count=0, roi_count=0, nearest_x=inf, clear_frames=1749
[INFO] [1784292488.641208352] [unitree_safe_cmd_node]: Move x=0.200, z=0.034, stop_count=0, roi_count=0, nearest_x=inf, clear_frames=1755
[INFO] [1784292489.197373376] [unitree_safe_cmd_node]: Move x=0.200, z=0.034, stop_count=0, roi_count=0, nearest_x=inf, clear_frames=1760
[INFO] [1784292489.738593344] [unitree_safe_cmd_node]: Move x=0.200, z=0.033, stop_count=0, roi_count=0, nearest_x=inf, clear_frames=1765
[INFO] [1784292490.243448576] [unitree_safe_cmd_node]: Move x=0.200, z=0.034, stop_count=0, roi_count=0, nearest_x=inf, clear_frames=1771
[INFO] [1784292490.787625952] [unitree_safe_cmd_node]: Move x=0.200, z=0.034, stop_count=0, roi_count=0, nearest_x=inf, clear_frames=1776
[INFO] [1784292491.287795296] [unitree_safe_cmd_node]: Move x=0.200, z=0.034, stop_count=0, roi_count=0, nearest_x=inf, clear_frames=1781
[INFO] [1784292491.788018176] [unitree_safe_cmd_node]: Move x=0.200, z=0.034, stop_count=0, roi_count=0, nearest_x=inf, clear_frames=1786
[INFO] [1784292492.341522784] [unitree_safe_cmd_node]: Move x=0.200, z=-0.021, stop_count=0, roi_count=0, nearest_x=inf, clear_frames=1791
[INFO] [1784292492.842430208] [unitree_safe_cmd_node]: Move x=0.200, z=0.034, stop_count=0, roi_count=0, nearest_x=inf, clear_frames=1796
[INFO] [1784292493.387668224] [unitree_safe_cmd_node]: Move x=0.200, z=0.033, stop_count=0, roi_count=0, nearest_x=inf, clear_frames=1801
[INFO] [1784292493.937908256] [unitree_safe_cmd_node]: Move x=0.200, z=0.034, stop_count=0, roi_count=0, nearest_x=inf, clear_frames=1806
[INFO] [1784292494.445282688] [unitree_safe_cmd_node]: Move x=0.200, z=0.034, stop_count=0, roi_count=0, nearest_x=inf, clear_frames=1812
[INFO] [1784292494.989839968] [unitree_safe_cmd_node]: Move x=0.200, z=0.034, stop_count=0, roi_count=0, nearest_x=inf, clear_frames=1817
[INFO] [1784292495.537938400] [unitree_safe_cmd_node]: Move x=0.200, z=0.034, stop_count=0, roi_count=0, nearest_x=inf, clear_frames=1822
[INFO] [1784292496.041103040] [unitree_safe_cmd_node]: Move x=0.200, z=0.034, stop_count=0, roi_count=0, nearest_x=inf, clear_frames=1828
[INFO] [1784292496.541716288] [unitree_safe_cmd_node]: Move x=0.200, z=0.033, stop_count=0, roi_count=0, nearest_x=inf, clear_frames=1833
[INFO] [1784292497.088193760] [unitree_safe_cmd_node]: Move x=0.200, z=0.034, stop_count=0, roi_count=0, nearest_x=inf, clear_frames=1838
[INFO] [1784292497.642251872] [unitree_safe_cmd_node]: Move x=0.200, z=-0.021, stop_count=0, roi_count=0, nearest_x=inf, clear_frames=1844
[INFO] [1784292498.187930208] [unitree_safe_cmd_node]: Move x=0.200, z=0.034, stop_count=0, roi_count=0, nearest_x=inf, clear_frames=1849
[INFO] [1784292498.688184320] [unitree_safe_cmd_node]: Move x=0.200, z=0.034, stop_count=0, roi_count=0, nearest_x=inf, clear_frames=1853
[INFO] [1784292499.244442368] [unitree_safe_cmd_node]: Move x=0.200, z=-0.021, stop_count=0, roi_count=0, nearest_x=inf, clear_frames=1859
[INFO] [1784292499.788090048] [unitree_safe_cmd_node]: Move x=0.200, z=0.033, stop_count=0, roi_count=0, nearest_x=inf, clear_frames=1864
[INFO] [1784292500.340087232] [unitree_safe_cmd_node]: Move x=0.200, z=0.034, stop_count=0, roi_count=0, nearest_x=inf, clear_frames=1870
[INFO] [1784292500.841476992] [unitree_safe_cmd_node]: Move x=0.200, z=0.033, stop_count=0, roi_count=0, nearest_x=inf, clear_frames=1875
[INFO] [1784292501.387774432] [unitree_safe_cmd_node]: Move x=0.200, z=0.034, stop_count=0, roi_count=0, nearest_x=inf, clear_frames=1880
[INFO] [1784292501.889231424] [unitree_safe_cmd_node]: Move x=0.200, z=0.034, stop_count=0, roi_count=0, nearest_x=inf, clear_frames=1885
[INFO] [1784292502.388092544] [unitree_safe_cmd_node]: Move x=0.200, z=0.034, stop_count=0, roi_count=0, nearest_x=inf, clear_frames=1890
[INFO] [1784292502.939573600] [unitree_safe_cmd_node]: Move x=0.200, z=0.034, stop_count=0, roi_count=0, nearest_x=inf, clear_frames=1896
[INFO] [1784292503.439950112] [unitree_safe_cmd_node]: Move x=0.200, z=0.033, stop_count=0, roi_count=0, nearest_x=inf, clear_frames=1901
[INFO] [1784292503.941916320] [unitree_safe_cmd_node]: Move x=0.200, z=0.034, stop_count=0, roi_count=0, nearest_x=inf, clear_frames=1906
[INFO] [1784292504.442235616] [unitree_safe_cmd_node]: Move x=0.200, z=0.034, stop_count=0, roi_count=0, nearest_x=inf, clear_frames=1911
[INFO] [1784292504.987937312] [unitree_safe_cmd_node]: Move x=0.200, z=-0.021, stop_count=0, roi_count=0, nearest_x=inf, clear_frames=1916
[INFO] [1784292505.488221376] [unitree_safe_cmd_node]: Move x=0.200, z=-0.011, stop_count=0, roi_count=0, nearest_x=inf, clear_frames=1921
[INFO] [1784292506.037935584] [unitree_safe_cmd_node]: Move x=0.200, z=0.033, stop_count=0, roi_count=0, nearest_x=inf, clear_frames=1926
[INFO] [1784292506.540506432] [unitree_safe_cmd_node]: Move x=0.200, z=0.033, stop_count=0, roi_count=0, nearest_x=inf, clear_frames=1932
[INFO] [1784292507.041550240] [unitree_safe_cmd_node]: Move x=0.200, z=0.033, stop_count=0, roi_count=0, nearest_x=inf, clear_frames=1937
[INFO] [1784292507.542935008] [unitree_safe_cmd_node]: Move x=0.200, z=-0.023, stop_count=0, roi_count=0, nearest_x=inf, clear_frames=1942
[INFO] [1784292508.088079008] [unitree_safe_cmd_node]: Move x=0.200, z=0.034, stop_count=0, roi_count=0, nearest_x=inf, clear_frames=1946
[INFO] [1784292508.588117184] [unitree_safe_cmd_node]: Move x=0.200, z=0.034, stop_count=0, roi_count=0, nearest_x=inf, clear_frames=1949
[INFO] [1784292509.138066432] [unitree_safe_cmd_node]: Move x=0.200, z=0.033, stop_count=0, roi_count=0, nearest_x=inf, clear_frames=1953
[INFO] [1784292509.638512608] [unitree_safe_cmd_node]: Move x=0.200, z=0.033, stop_count=0, roi_count=0, nearest_x=inf, clear_frames=1956
[INFO] [1784292510.187941376] [unitree_safe_cmd_node]: Move x=0.200, z=-0.021, stop_count=0, roi_count=0, nearest_x=inf, clear_frames=1962
[INFO] [1784292510.738646400] [unitree_safe_cmd_node]: Move x=0.200, z=0.034, stop_count=0, roi_count=0, nearest_x=inf, clear_frames=1967
[INFO] [1784292511.287952224] [unitree_safe_cmd_node]: Move x=0.200, z=0.033, stop_count=0, roi_count=0, nearest_x=inf, clear_frames=1973
[INFO] [1784292511.838633632] [unitree_safe_cmd_node]: Move x=0.200, z=0.034, stop_count=0, roi_count=0, nearest_x=inf, clear_frames=1979
[INFO] [1784292512.387874400] [unitree_safe_cmd_node]: Move x=0.200, z=0.034, stop_count=0, roi_count=0, nearest_x=inf, clear_frames=1985
[INFO] [1784292512.938069536] [unitree_safe_cmd_node]: Move x=0.200, z=0.034, stop_count=0, roi_count=0, nearest_x=inf, clear_frames=1991
[INFO] [1784292513.487748800] [unitree_safe_cmd_node]: Move x=0.200, z=-0.024, stop_count=0, roi_count=0, nearest_x=inf, clear_frames=1996
[INFO] [1784292514.037650848] [unitree_safe_cmd_node]: Move x=0.200, z=0.034, stop_count=0, roi_count=0, nearest_x=inf, clear_frames=2002
[INFO] [1784292514.587654784] [unitree_safe_cmd_node]: Move x=0.200, z=0.023, stop_count=0, roi_count=0, nearest_x=inf, clear_frames=2008
[INFO] [1784292515.090162464] [unitree_safe_cmd_node]: Move x=0.200, z=-0.021, stop_count=0, roi_count=0, nearest_x=inf, clear_frames=2014
[INFO] [1784292515.642871552] [unitree_safe_cmd_node]: Move x=0.200, z=0.034, stop_count=0, roi_count=0, nearest_x=inf, clear_frames=2020
[INFO] [1784292516.188018848] [unitree_safe_cmd_node]: Move x=0.200, z=0.033, stop_count=0, roi_count=0, nearest_x=inf, clear_frames=2025
[INFO] [1784292516.737864416] [unitree_safe_cmd_node]: Move x=0.200, z=0.034, stop_count=0, roi_count=0, nearest_x=inf, clear_frames=2029
[INFO] [1784292517.288281248] [unitree_safe_cmd_node]: Move x=0.200, z=0.034, stop_count=0, roi_count=0, nearest_x=inf, clear_frames=2035
[INFO] [1784292517.787667904] [unitree_safe_cmd_node]: Move x=0.200, z=0.034, stop_count=0, roi_count=0, nearest_x=inf, clear_frames=2040
[INFO] [1784292518.287993856] [unitree_safe_cmd_node]: Move x=0.200, z=0.034, stop_count=0, roi_count=0, nearest_x=inf, clear_frames=2044
[INFO] [1784292518.837756896] [unitree_safe_cmd_node]: Move x=0.200, z=0.034, stop_count=0, roi_count=0, nearest_x=inf, clear_frames=2049
[INFO] [1784292519.337919040] [unitree_safe_cmd_node]: Move x=0.200, z=0.033, stop_count=0, roi_count=0, nearest_x=inf, clear_frames=2054
[INFO] [1784292519.838150656] [unitree_safe_cmd_node]: Move x=0.200, z=0.034, stop_count=0, roi_count=0, nearest_x=inf, clear_frames=2059
[INFO] [1784292520.388788224] [unitree_safe_cmd_node]: Move x=0.200, z=0.033, stop_count=0, roi_count=0, nearest_x=inf, clear_frames=2063
[INFO] [1784292520.937657024] [unitree_safe_cmd_node]: Move x=0.200, z=0.033, stop_count=0, roi_count=0, nearest_x=inf, clear_frames=2069
[INFO] [1784292521.488335840] [unitree_safe_cmd_node]: Move x=0.200, z=0.034, stop_count=0, roi_count=0, nearest_x=inf, clear_frames=2075
[INFO] [1784292522.037903008] [unitree_safe_cmd_node]: Move x=0.200, z=0.034, stop_count=0, roi_count=0, nearest_x=inf, clear_frames=2080
[INFO] [1784292522.540816960] [unitree_safe_cmd_node]: Move x=0.200, z=0.033, stop_count=0, roi_count=0, nearest_x=inf, clear_frames=2085
[INFO] [1784292523.041823456] [unitree_safe_cmd_node]: Move x=0.200, z=0.034, stop_count=0, roi_count=0, nearest_x=inf, clear_frames=2090
[INFO] [1784292523.587926656] [unitree_safe_cmd_node]: Move x=0.200, z=0.033, stop_count=0, roi_count=0, nearest_x=inf, clear_frames=2095
[INFO] [1784292524.142218176] [unitree_safe_cmd_node]: Move x=0.200, z=0.034, stop_count=0, roi_count=0, nearest_x=inf, clear_frames=2101
[INFO] [1784292524.643351968] [unitree_safe_cmd_node]: Move x=0.200, z=0.033, stop_count=0, roi_count=0, nearest_x=inf, clear_frames=2106
[INFO] [1784292525.188035840] [unitree_safe_cmd_node]: Move x=0.200, z=0.033, stop_count=0, roi_count=0, nearest_x=inf, clear_frames=2111
[INFO] [1784292525.742953824] [unitree_safe_cmd_node]: Move x=0.200, z=-0.021, stop_count=0, roi_count=0, nearest_x=inf, clear_frames=2117
[INFO] [1784292526.287884352] [unitree_safe_cmd_node]: Move x=0.200, z=0.034, stop_count=0, roi_count=0, nearest_x=inf, clear_frames=2122
[INFO] [1784292526.787752192] [unitree_safe_cmd_node]: Move x=0.200, z=0.034, stop_count=0, roi_count=0, nearest_x=inf, clear_frames=2127
[INFO] [1784292527.288804896] [unitree_safe_cmd_node]: Move x=0.200, z=-0.012, stop_count=0, roi_count=0, nearest_x=inf, clear_frames=2132
[INFO] [1784292527.837995552] [unitree_safe_cmd_node]: Move x=0.200, z=-0.023, stop_count=0, roi_count=0, nearest_x=inf, clear_frames=2137
[INFO] [1784292528.341413664] [unitree_safe_cmd_node]: Move x=0.200, z=0.033, stop_count=0, roi_count=0, nearest_x=inf, clear_frames=2143
[INFO] [1784292528.887816352] [unitree_safe_cmd_node]: Move x=0.200, z=0.034, stop_count=0, roi_count=0, nearest_x=inf, clear_frames=2147
[INFO] [1784292529.437757184] [unitree_safe_cmd_node]: Move x=0.200, z=0.034, stop_count=0, roi_count=0, nearest_x=inf, clear_frames=2153
[INFO] [1784292529.939701568] [unitree_safe_cmd_node]: Move x=0.200, z=0.034, stop_count=0, roi_count=0, nearest_x=inf, clear_frames=2158
[INFO] [1784292530.442291072] [unitree_safe_cmd_node]: Move x=0.200, z=0.033, stop_count=0, roi_count=0, nearest_x=inf, clear_frames=2164
[INFO] [1784292530.987759520] [unitree_safe_cmd_node]: Move x=0.200, z=0.024, stop_count=0, roi_count=0, nearest_x=inf, clear_frames=2168
[INFO] [1784292531.487845696] [unitree_safe_cmd_node]: Move x=0.200, z=0.034, stop_count=0, roi_count=0, nearest_x=inf, clear_frames=2173
[INFO] [1784292531.987977696] [unitree_safe_cmd_node]: Move x=0.200, z=0.034, stop_count=0, roi_count=0, nearest_x=inf, clear_frames=2177
[INFO] [1784292532.537932960] [unitree_safe_cmd_node]: Move x=0.200, z=0.033, stop_count=0, roi_count=0, nearest_x=inf, clear_frames=2181
[INFO] [1784292533.040160032] [unitree_safe_cmd_node]: Move x=0.200, z=0.034, stop_count=0, roi_count=0, nearest_x=inf, clear_frames=2183
[INFO] [1784292533.587694656] [unitree_safe_cmd_node]: Move x=0.200, z=0.034, stop_count=0, roi_count=0, nearest_x=inf, clear_frames=2189
[INFO] [1784292534.088085440] [unitree_safe_cmd_node]: Move x=0.200, z=0.034, stop_count=0, roi_count=0, nearest_x=inf, clear_frames=2194
[INFO] [1784292534.593223616] [unitree_safe_cmd_node]: Move x=0.200, z=-0.023, stop_count=0, roi_count=0, nearest_x=inf, clear_frames=2199
[INFO] [1784292535.141238816] [unitree_safe_cmd_node]: Move x=0.200, z=0.034, stop_count=0, roi_count=0, nearest_x=inf, clear_frames=2206
[INFO] [1784292535.688810592] [unitree_safe_cmd_node]: Move x=0.200, z=0.033, stop_count=0, roi_count=0, nearest_x=inf, clear_frames=2211
[INFO] [1784292536.237901856] [unitree_safe_cmd_node]: Move x=0.200, z=0.033, stop_count=0, roi_count=0, nearest_x=inf, clear_frames=2217
[INFO] [1784292536.788065888] [unitree_safe_cmd_node]: Move x=0.200, z=0.034, stop_count=0, roi_count=0, nearest_x=inf, clear_frames=2223
[INFO] [1784292537.337873024] [unitree_safe_cmd_node]: Move x=0.200, z=0.034, stop_count=0, roi_count=0, nearest_x=inf, clear_frames=2229
[INFO] [1784292537.840309376] [unitree_safe_cmd_node]: Move x=0.200, z=0.034, stop_count=0, roi_count=0, nearest_x=inf, clear_frames=2233
[INFO] [1784292538.387727008] [unitree_safe_cmd_node]: Move x=0.200, z=-0.021, stop_count=0, roi_count=0, nearest_x=inf, clear_frames=2239
[INFO] [1784292538.887905088] [unitree_safe_cmd_node]: Move x=0.200, z=0.033, stop_count=0, roi_count=0, nearest_x=inf, clear_frames=2244
[INFO] [1784292539.437786240] [unitree_safe_cmd_node]: Move x=0.200, z=0.033, stop_count=0, roi_count=0, nearest_x=inf, clear_frames=2250
[INFO] [1784292539.987760544] [unitree_safe_cmd_node]: Move x=0.200, z=0.033, stop_count=0, roi_count=0, nearest_x=inf, clear_frames=2256
[INFO] [1784292540.537748736] [unitree_safe_cmd_node]: Move x=0.200, z=0.033, stop_count=0, roi_count=0, nearest_x=inf, clear_frames=2262
[INFO] [1784292541.041300832] [unitree_safe_cmd_node]: Move x=0.200, z=0.033, stop_count=0, roi_count=0, nearest_x=inf, clear_frames=2268
[INFO] [1784292541.587980992] [unitree_safe_cmd_node]: Move x=0.200, z=0.034, stop_count=0, roi_count=0, nearest_x=inf, clear_frames=2273
[INFO] [1784292542.141486656] [unitree_safe_cmd_node]: Move x=0.200, z=0.034, stop_count=0, roi_count=0, nearest_x=inf, clear_frames=2279
[INFO] [1784292542.644412480] [unitree_safe_cmd_node]: Move x=0.200, z=0.033, stop_count=0, roi_count=0, nearest_x=inf, clear_frames=2284
[INFO] [1784292543.187971456] [unitree_safe_cmd_node]: Move x=0.200, z=0.034, stop_count=0, roi_count=0, nearest_x=inf, clear_frames=2289
[INFO] [1784292543.763138272] [unitree_safe_cmd_node]: Move x=0.200, z=-0.024, stop_count=0, roi_count=0, nearest_x=inf, clear_frames=2295
[INFO] [1784292544.287639840] [unitree_safe_cmd_node]: Move x=0.200, z=0.034, stop_count=0, roi_count=0, nearest_x=inf, clear_frames=2300
[INFO] [1784292544.788425856] [unitree_safe_cmd_node]: Move x=0.200, z=0.034, stop_count=0, roi_count=0, nearest_x=inf, clear_frames=2305
[INFO] [1784292545.340855360] [unitree_safe_cmd_node]: Move x=0.200, z=0.034, stop_count=0, roi_count=0, nearest_x=inf, clear_frames=2310
[INFO] [1784292545.841268416] [unitree_safe_cmd_node]: Move x=0.200, z=-0.022, stop_count=0, roi_count=0, nearest_x=inf, clear_frames=2314
[INFO] [1784292546.392759968] [unitree_safe_cmd_node]: Move x=0.200, z=0.034, stop_count=0, roi_count=0, nearest_x=inf, clear_frames=2320
[INFO] [1784292546.942904704] [unitree_safe_cmd_node]: Move x=0.200, z=0.034, stop_count=0, roi_count=0, nearest_x=inf, clear_frames=2326
[INFO] [1784292547.487674784] [unitree_safe_cmd_node]: Move x=0.200, z=0.034, stop_count=0, roi_count=0, nearest_x=inf, clear_frames=2331
[INFO] [1784292548.040721792] [unitree_safe_cmd_node]: Move x=0.200, z=-0.021, stop_count=0, roi_count=0, nearest_x=inf, clear_frames=2337
[INFO] [1784292548.594613408] [unitree_safe_cmd_node]: Move x=0.200, z=0.033, stop_count=0, roi_count=0, nearest_x=inf, clear_frames=2342
[INFO] [1784292549.140313632] [unitree_safe_cmd_node]: Move x=0.200, z=0.033, stop_count=0, roi_count=0, nearest_x=inf, clear_frames=2348
[INFO] [1784292549.688301184] [unitree_safe_cmd_node]: Move x=0.200, z=0.034, stop_count=0, roi_count=0, nearest_x=inf, clear_frames=2353
[INFO] [1784292550.239930880] [unitree_safe_cmd_node]: Move x=0.200, z=0.034, stop_count=0, roi_count=0, nearest_x=inf, clear_frames=2359
[INFO] [1784292550.741414784] [unitree_safe_cmd_node]: Move x=0.200, z=0.033, stop_count=0, roi_count=0, nearest_x=inf, clear_frames=2364
[INFO] [1784292551.241630240] [unitree_safe_cmd_node]: Move x=0.200, z=0.034, stop_count=0, roi_count=0, nearest_x=inf, clear_frames=2369
[INFO] [1784292551.788055040] [unitree_safe_cmd_node]: Move x=0.200, z=0.034, stop_count=0, roi_count=0, nearest_x=inf, clear_frames=2374
[INFO] [1784292552.288380320] [unitree_safe_cmd_node]: Move x=0.200, z=0.034, stop_count=0, roi_count=0, nearest_x=inf, clear_frames=2379
[INFO] [1784292552.844556352] [unitree_safe_cmd_node]: Move x=0.200, z=0.033, stop_count=0, roi_count=0, nearest_x=inf, clear_frames=2385
[INFO] [1784292553.387612800] [unitree_safe_cmd_node]: Move x=0.200, z=0.033, stop_count=0, roi_count=0, nearest_x=inf, clear_frames=2390
[INFO] [1784292553.887657536] [unitree_safe_cmd_node]: Move x=0.200, z=0.033, stop_count=0, roi_count=0, nearest_x=inf, clear_frames=2395
[INFO] [1784292554.387692480] [unitree_safe_cmd_node]: Move x=0.200, z=0.034, stop_count=0, roi_count=0, nearest_x=inf, clear_frames=2400
[INFO] [1784292554.889887808] [unitree_safe_cmd_node]: Move x=0.200, z=-0.021, stop_count=0, roi_count=0, nearest_x=inf, clear_frames=2405
[INFO] [1784292555.438106592] [unitree_safe_cmd_node]: Move x=0.200, z=0.034, stop_count=0, roi_count=0, nearest_x=inf, clear_frames=2409
[INFO] [1784292555.938831072] [unitree_safe_cmd_node]: Move x=0.200, z=0.034, stop_count=0, roi_count=0, nearest_x=inf, clear_frames=2412
[INFO] [1784292556.487745088] [unitree_safe_cmd_node]: Move x=0.200, z=0.033, stop_count=0, roi_count=0, nearest_x=inf, clear_frames=2416
[INFO] [1784292557.037626560] [unitree_safe_cmd_node]: Move x=0.200, z=0.034, stop_count=0, roi_count=0, nearest_x=inf, clear_frames=2422
[INFO] [1784292557.538109760] [unitree_safe_cmd_node]: Move x=0.200, z=0.033, stop_count=0, roi_count=0, nearest_x=inf, clear_frames=2427
[INFO] [1784292558.087738624] [unitree_safe_cmd_node]: Move x=0.200, z=0.033, stop_count=0, roi_count=0, nearest_x=inf, clear_frames=2433
[INFO] [1784292558.587955776] [unitree_safe_cmd_node]: Move x=0.200, z=0.034, stop_count=0, roi_count=0, nearest_x=inf, clear_frames=2438
[INFO] [1784292559.138075808] [unitree_safe_cmd_node]: Move x=0.200, z=0.033, stop_count=0, roi_count=0, nearest_x=inf, clear_frames=2444
[INFO] [1784292559.688000704] [unitree_safe_cmd_node]: Move x=0.200, z=0.033, stop_count=0, roi_count=0, nearest_x=inf, clear_frames=2450
[INFO] [1784292560.237677088] [unitree_safe_cmd_node]: Move x=0.200, z=0.034, stop_count=0, roi_count=0, nearest_x=inf, clear_frames=2456
[INFO] [1784292560.738037088] [unitree_safe_cmd_node]: Move x=0.200, z=-0.023, stop_count=0, roi_count=0, nearest_x=inf, clear_frames=2461
[INFO] [1784292561.288054688] [unitree_safe_cmd_node]: Move x=0.200, z=0.034, stop_count=0, roi_count=0, nearest_x=inf, clear_frames=2467
[INFO] [1784292561.838845792] [unitree_safe_cmd_node]: Move x=0.200, z=0.034, stop_count=0, roi_count=0, nearest_x=inf, clear_frames=2473
[INFO] [1784292562.388011008] [unitree_safe_cmd_node]: Move x=0.200, z=0.033, stop_count=0, roi_count=0, nearest_x=inf, clear_frames=2479
[INFO] [1784292562.898183520] [unitree_safe_cmd_node]: Move x=0.200, z=0.033, stop_count=0, roi_count=0, nearest_x=inf, clear_frames=2484
[INFO] [1784292563.437668640] [unitree_safe_cmd_node]: Move x=0.200, z=0.033, stop_count=0, roi_count=0, nearest_x=inf, clear_frames=2487
[INFO] [1784292563.942212832] [unitree_safe_cmd_node]: Move x=0.200, z=0.034, stop_count=0, roi_count=0, nearest_x=inf, clear_frames=2493
[INFO] [1784292564.488056576] [unitree_safe_cmd_node]: Move x=0.200, z=-0.025, stop_count=0, roi_count=0, nearest_x=inf, clear_frames=2498
[INFO] [1784292565.037923328] [unitree_safe_cmd_node]: Move x=0.200, z=0.034, stop_count=0, roi_count=0, nearest_x=inf, clear_frames=2504
[INFO] [1784292565.541173472] [unitree_safe_cmd_node]: Move x=0.200, z=0.034, stop_count=0, roi_count=0, nearest_x=inf, clear_frames=2510
[INFO] [1784292566.042143616] [unitree_safe_cmd_node]: Move x=0.200, z=0.034, stop_count=0, roi_count=0, nearest_x=inf, clear_frames=2515
[INFO] [1784292566.552284672] [unitree_safe_cmd_node]: Move x=0.200, z=0.033, stop_count=0, roi_count=0, nearest_x=inf, clear_frames=2520
[INFO] [1784292567.087709632] [unitree_safe_cmd_node]: Move x=0.200, z=-0.012, stop_count=0, roi_count=0, nearest_x=inf, clear_frames=2525
[INFO] [1784292567.641818976] [unitree_safe_cmd_node]: Move x=0.200, z=0.034, stop_count=0, roi_count=0, nearest_x=inf, clear_frames=2531
[INFO] [1784292568.187895360] [unitree_safe_cmd_node]: Move x=0.200, z=0.024, stop_count=0, roi_count=0, nearest_x=inf, clear_frames=2536
[INFO] [1784292568.740965952] [unitree_safe_cmd_node]: Move x=0.200, z=0.033, stop_count=0, roi_count=0, nearest_x=inf, clear_frames=2542
[INFO] [1784292569.287889152] [unitree_safe_cmd_node]: Move x=0.200, z=0.033, stop_count=0, roi_count=0, nearest_x=inf, clear_frames=2545
[INFO] [1784292569.840141600] [unitree_safe_cmd_node]: Move x=0.200, z=0.034, stop_count=0, roi_count=0, nearest_x=inf, clear_frames=2551
[INFO] [1784292570.392650752] [unitree_safe_cmd_node]: Move x=0.200, z=0.033, stop_count=0, roi_count=0, nearest_x=inf, clear_frames=2556
[INFO] [1784292570.940498944] [unitree_safe_cmd_node]: Move x=0.200, z=0.034, stop_count=0, roi_count=0, nearest_x=inf, clear_frames=2562
[INFO] [1784292571.446000960] [unitree_safe_cmd_node]: Move x=0.200, z=0.034, stop_count=0, roi_count=0, nearest_x=inf, clear_frames=2567
[INFO] [1784292571.987677952] [unitree_safe_cmd_node]: Move x=0.200, z=-0.024, stop_count=0, roi_count=0, nearest_x=inf, clear_frames=2572
[INFO] [1784292572.487665568] [unitree_safe_cmd_node]: Move x=0.200, z=0.034, stop_count=0, roi_count=0, nearest_x=inf, clear_frames=2577
[INFO] [1784292572.987826528] [unitree_safe_cmd_node]: Move x=0.200, z=-0.012, stop_count=0, roi_count=0, nearest_x=inf, clear_frames=2582
[INFO] [1784292573.488138080] [unitree_safe_cmd_node]: Move x=0.200, z=0.033, stop_count=0, roi_count=0, nearest_x=inf, clear_frames=2587
[INFO] [1784292573.988610848] [unitree_safe_cmd_node]: Move x=0.200, z=0.033, stop_count=0, roi_count=0, nearest_x=inf, clear_frames=2592
[INFO] [1784292574.541223488] [unitree_safe_cmd_node]: Move x=0.200, z=0.033, stop_count=0, roi_count=0, nearest_x=inf, clear_frames=2598
[INFO] [1784292575.042063552] [unitree_safe_cmd_node]: Move x=0.200, z=-0.022, stop_count=0, roi_count=0, nearest_x=inf, clear_frames=2603
[INFO] [1784292575.587776160] [unitree_safe_cmd_node]: Move x=0.200, z=-0.012, stop_count=0, roi_count=0, nearest_x=inf, clear_frames=2608
[INFO] [1784292576.142188160] [unitree_safe_cmd_node]: Move x=0.200, z=0.034, stop_count=0, roi_count=0, nearest_x=inf, clear_frames=2614
[INFO] [1784292576.644416672] [unitree_safe_cmd_node]: Move x=0.200, z=0.033, stop_count=0, roi_count=0, nearest_x=inf, clear_frames=2619
[INFO] [1784292577.192600768] [unitree_safe_cmd_node]: Move x=0.200, z=0.034, stop_count=0, roi_count=0, nearest_x=inf, clear_frames=2623
[INFO] [1784292577.737809760] [unitree_safe_cmd_node]: Move x=0.200, z=0.034, stop_count=0, roi_count=0, nearest_x=inf, clear_frames=2629
[INFO] [1784292578.287569760] [unitree_safe_cmd_node]: Move x=0.200, z=-0.022, stop_count=0, roi_count=0, nearest_x=inf, clear_frames=2635
[INFO] [1784292578.788019776] [unitree_safe_cmd_node]: Move x=0.200, z=0.023, stop_count=0, roi_count=0, nearest_x=inf, clear_frames=2640
[INFO] [1784292579.337725184] [unitree_safe_cmd_node]: Move x=0.200, z=0.034, stop_count=0, roi_count=0, nearest_x=inf, clear_frames=2644
[INFO] [1784292579.838115456] [unitree_safe_cmd_node]: Move x=0.200, z=0.034, stop_count=0, roi_count=0, nearest_x=inf, clear_frames=2647
[INFO] [1784292580.340159936] [unitree_safe_cmd_node]: Move x=0.200, z=0.024, stop_count=0, roi_count=0, nearest_x=inf, clear_frames=2651
[INFO] [1784292580.888728704] [unitree_safe_cmd_node]: Move x=0.200, z=0.034, stop_count=0, roi_count=0, nearest_x=inf, clear_frames=2656
[INFO] [1784292581.438063776] [unitree_safe_cmd_node]: Move x=0.200, z=0.034, stop_count=0, roi_count=0, nearest_x=inf, clear_frames=2662
[INFO] [1784292581.987641984] [unitree_safe_cmd_node]: Move x=0.200, z=0.034, stop_count=0, roi_count=0, nearest_x=inf, clear_frames=2668
[INFO] [1784292582.488437728] [unitree_safe_cmd_node]: Move x=0.200, z=0.033, stop_count=0, roi_count=0, nearest_x=inf, clear_frames=2673
[INFO] [1784292583.038629664] [unitree_safe_cmd_node]: Move x=0.200, z=0.022, stop_count=0, roi_count=0, nearest_x=inf, clear_frames=2679
[INFO] [1784292583.587718304] [unitree_safe_cmd_node]: Move x=0.200, z=0.034, stop_count=0, roi_count=0, nearest_x=inf, clear_frames=2685
[INFO] [1784292584.087772000] [unitree_safe_cmd_node]: Move x=0.200, z=0.034, stop_count=0, roi_count=0, nearest_x=inf, clear_frames=2691
[INFO] [1784292584.587929792] [unitree_safe_cmd_node]: Move x=0.200, z=0.033, stop_count=0, roi_count=0, nearest_x=inf, clear_frames=2696
[INFO] [1784292585.137675520] [unitree_safe_cmd_node]: Move x=0.200, z=0.034, stop_count=0, roi_count=0, nearest_x=inf, clear_frames=2702
[INFO] [1784292585.637955104] [unitree_safe_cmd_node]: Move x=0.200, z=0.033, stop_count=0, roi_count=0, nearest_x=inf, clear_frames=2707
[INFO] [1784292586.141132416] [unitree_safe_cmd_node]: Move x=0.200, z=0.034, stop_count=0, roi_count=0, nearest_x=inf, clear_frames=2713
[INFO] [1784292586.641661024] [unitree_safe_cmd_node]: Move x=0.200, z=0.033, stop_count=0, roi_count=0, nearest_x=inf, clear_frames=2718
[INFO] [1784292587.141791840] [unitree_safe_cmd_node]: Move x=0.200, z=0.034, stop_count=0, roi_count=0, nearest_x=inf, clear_frames=2723
[INFO] [1784292587.643557792] [unitree_safe_cmd_node]: Move x=0.200, z=-0.021, stop_count=0, roi_count=0, nearest_x=inf, clear_frames=2728
[INFO] [1784292588.188173024] [unitree_safe_cmd_node]: Move x=0.200, z=0.034, stop_count=0, roi_count=0, nearest_x=inf, clear_frames=2732
[INFO] [1784292588.741828320] [unitree_safe_cmd_node]: Move x=0.200, z=0.033, stop_count=0, roi_count=0, nearest_x=inf, clear_frames=2738
[INFO] [1784292589.287936064] [unitree_safe_cmd_node]: Move x=0.200, z=0.034, stop_count=0, roi_count=0, nearest_x=inf, clear_frames=2743
[INFO] [1784292589.837685376] [unitree_safe_cmd_node]: Move x=0.200, z=-0.024, stop_count=0, roi_count=0, nearest_x=inf, clear_frames=2749
[INFO] [1784292590.337833792] [unitree_safe_cmd_node]: Move x=0.200, z=0.033, stop_count=0, roi_count=0, nearest_x=inf, clear_frames=2754
[INFO] [1784292590.841858976] [unitree_safe_cmd_node]: Move x=0.200, z=0.034, stop_count=0, roi_count=0, nearest_x=inf, clear_frames=2760
[INFO] [1784292591.387708512] [unitree_safe_cmd_node]: Move x=0.200, z=0.033, stop_count=0, roi_count=0, nearest_x=inf, clear_frames=2765
[INFO] [1784292591.887864352] [unitree_safe_cmd_node]: Move x=0.200, z=0.033, stop_count=0, roi_count=0, nearest_x=inf, clear_frames=2769
[INFO] [1784292592.437959136] [unitree_safe_cmd_node]: Move x=0.200, z=0.033, stop_count=0, roi_count=0, nearest_x=inf, clear_frames=2774
[INFO] [1784292592.941335648] [unitree_safe_cmd_node]: Move x=0.200, z=0.033, stop_count=0, roi_count=0, nearest_x=inf, clear_frames=2780
[INFO] [1784292593.487677728] [unitree_safe_cmd_node]: Move x=0.200, z=0.033, stop_count=0, roi_count=0, nearest_x=inf, clear_frames=2785
[INFO] [1784292593.988654624] [unitree_safe_cmd_node]: Move x=0.200, z=0.033, stop_count=0, roi_count=0, nearest_x=inf, clear_frames=2790
[INFO] [1784292594.542648256] [unitree_safe_cmd_node]: Move x=0.200, z=-0.022, stop_count=0, roi_count=0, nearest_x=inf, clear_frames=2796
[INFO] [1784292595.089207008] [unitree_safe_cmd_node]: Move x=0.200, z=0.034, stop_count=0, roi_count=0, nearest_x=inf, clear_frames=2801
[INFO] [1784292595.638375680] [unitree_safe_cmd_node]: Move x=0.200, z=0.034, stop_count=0, roi_count=0, nearest_x=inf, clear_frames=2805
[INFO] [1784292596.140119968] [unitree_safe_cmd_node]: Move x=0.200, z=-0.021, stop_count=0, roi_count=0, nearest_x=inf, clear_frames=2811
[INFO] [1784292596.687638528] [unitree_safe_cmd_node]: Move x=0.200, z=0.033, stop_count=0, roi_count=0, nearest_x=inf, clear_frames=2816
[INFO] [1784292597.188285024] [unitree_safe_cmd_node]: Move x=0.200, z=0.033, stop_count=0, roi_count=0, nearest_x=inf, clear_frames=2820
[INFO] [1784292597.692741152] [unitree_safe_cmd_node]: Move x=0.200, z=0.033, stop_count=0, roi_count=0, nearest_x=inf, clear_frames=2826
[INFO] [1784292598.244242848] [unitree_safe_cmd_node]: Move x=0.200, z=0.033, stop_count=0, roi_count=0, nearest_x=inf, clear_frames=2832
[INFO] [1784292598.787948832] [unitree_safe_cmd_node]: Move x=0.200, z=0.034, stop_count=0, roi_count=0, nearest_x=inf, clear_frames=2837
[INFO] [1784292599.340651552] [unitree_safe_cmd_node]: Move x=0.200, z=0.033, stop_count=0, roi_count=0, nearest_x=inf, clear_frames=2843
[INFO] [1784292599.887612768] [unitree_safe_cmd_node]: Move x=0.200, z=0.033, stop_count=0, roi_count=0, nearest_x=inf, clear_frames=2848
[INFO] [1784292600.387631648] [unitree_safe_cmd_node]: Move x=0.200, z=0.033, stop_count=0, roi_count=0, nearest_x=inf, clear_frames=2853
[INFO] [1784292600.887633408] [unitree_safe_cmd_node]: Move x=0.200, z=-0.012, stop_count=0, roi_count=0, nearest_x=inf, clear_frames=2858
[INFO] [1784292601.440164224] [unitree_safe_cmd_node]: Move x=0.200, z=0.033, stop_count=0, roi_count=0, nearest_x=inf, clear_frames=2864
[INFO] [1784292601.942796064] [unitree_safe_cmd_node]: Move x=0.200, z=0.034, stop_count=0, roi_count=0, nearest_x=inf, clear_frames=2869
[INFO] [1784292602.488038624] [unitree_safe_cmd_node]: Move x=0.200, z=0.034, stop_count=0, roi_count=0, nearest_x=inf, clear_frames=2872
[INFO] [1784292603.037878208] [unitree_safe_cmd_node]: Move x=0.200, z=0.034, stop_count=0, roi_count=0, nearest_x=inf, clear_frames=2875
[INFO] [1784292603.539554688] [unitree_safe_cmd_node]: Move x=0.200, z=0.033, stop_count=0, roi_count=0, nearest_x=inf, clear_frames=2879
[INFO] [1784292604.089958592] [unitree_safe_cmd_node]: Move x=0.200, z=-0.021, stop_count=0, roi_count=0, nearest_x=inf, clear_frames=2885
[INFO] [1784292604.640363360] [unitree_safe_cmd_node]: Move x=0.200, z=0.033, stop_count=0, roi_count=0, nearest_x=inf, clear_frames=2890
[INFO] [1784292605.188930784] [unitree_safe_cmd_node]: Move x=0.200, z=0.034, stop_count=0, roi_count=0, nearest_x=inf, clear_frames=2895
[INFO] [1784292605.738295872] [unitree_safe_cmd_node]: Move x=0.200, z=0.034, stop_count=0, roi_count=0, nearest_x=inf, clear_frames=2901
[INFO] [1784292606.288445472] [unitree_safe_cmd_node]: Move x=0.200, z=0.034, stop_count=0, roi_count=0, nearest_x=inf, clear_frames=2907
[INFO] [1784292606.837640576] [unitree_safe_cmd_node]: Move x=0.200, z=0.033, stop_count=0, roi_count=0, nearest_x=inf, clear_frames=2912
[INFO] [1784292607.387803456] [unitree_safe_cmd_node]: Move x=0.200, z=0.034, stop_count=0, roi_count=0, nearest_x=inf, clear_frames=2918
[INFO] [1784292607.937801568] [unitree_safe_cmd_node]: Move x=0.200, z=0.034, stop_count=0, roi_count=0, nearest_x=inf, clear_frames=2924
[INFO] [1784292608.441119168] [unitree_safe_cmd_node]: Move x=0.200, z=0.034, stop_count=0, roi_count=0, nearest_x=inf, clear_frames=2930
[INFO] [1784292608.992157632] [unitree_safe_cmd_node]: Move x=0.200, z=0.034, stop_count=0, roi_count=0, nearest_x=inf, clear_frames=2936
[INFO] [1784292609.539170240] [unitree_safe_cmd_node]: Move x=0.200, z=0.033, stop_count=0, roi_count=0, nearest_x=inf, clear_frames=2941
[INFO] [1784292610.044650848] [unitree_safe_cmd_node]: Move x=0.200, z=0.034, stop_count=0, roi_count=0, nearest_x=inf, clear_frames=2946
[INFO] [1784292610.588345696] [unitree_safe_cmd_node]: Move x=0.200, z=0.034, stop_count=0, roi_count=0, nearest_x=inf, clear_frames=2951
[INFO] [1784292611.093507520] [unitree_safe_cmd_node]: Move x=0.200, z=0.034, stop_count=0, roi_count=0, nearest_x=inf, clear_frames=2957
[INFO] [1784292611.638373824] [unitree_safe_cmd_node]: Move x=0.200, z=0.034, stop_count=0, roi_count=0, nearest_x=inf, clear_frames=2962
[INFO] [1784292612.137865440] [unitree_safe_cmd_node]: Move x=0.200, z=0.033, stop_count=0, roi_count=0, nearest_x=inf, clear_frames=2967
[INFO] [1784292612.642884864] [unitree_safe_cmd_node]: Move x=0.200, z=0.034, stop_count=0, roi_count=0, nearest_x=inf, clear_frames=2973
[INFO] [1784292613.189226976] [unitree_safe_cmd_node]: Move x=0.200, z=-0.012, stop_count=0, roi_count=0, nearest_x=inf, clear_frames=2978
[INFO] [1784292613.741613120] [unitree_safe_cmd_node]: Move x=0.200, z=0.034, stop_count=0, roi_count=0, nearest_x=inf, clear_frames=2983
[INFO] [1784292614.288452096] [unitree_safe_cmd_node]: Move x=0.200, z=0.034, stop_count=0, roi_count=0, nearest_x=inf, clear_frames=2987
[INFO] [1784292614.837650912] [unitree_safe_cmd_node]: Move x=0.200, z=-0.012, stop_count=0, roi_count=0, nearest_x=inf, clear_frames=2993
[INFO] [1784292615.338274304] [unitree_safe_cmd_node]: Move x=0.200, z=0.033, stop_count=0, roi_count=0, nearest_x=inf, clear_frames=2998
[INFO] [1784292615.842993632] [unitree_safe_cmd_node]: Move x=0.200, z=0.034, stop_count=0, roi_count=0, nearest_x=inf, clear_frames=3004
[INFO] [1784292616.387867680] [unitree_safe_cmd_node]: Move x=0.200, z=0.034, stop_count=0, roi_count=0, nearest_x=inf, clear_frames=3009
[INFO] [1784292616.888000192] [unitree_safe_cmd_node]: Move x=0.200, z=0.033, stop_count=0, roi_count=0, nearest_x=inf, clear_frames=3014
[INFO] [1784292617.442560960] [unitree_safe_cmd_node]: Move x=0.200, z=0.034, stop_count=0, roi_count=0, nearest_x=inf, clear_frames=3020
[INFO] [1784292617.942837856] [unitree_safe_cmd_node]: Move x=0.200, z=0.033, stop_count=0, roi_count=0, nearest_x=inf, clear_frames=3025
[INFO] [1784292618.488040832] [unitree_safe_cmd_node]: Move x=0.200, z=0.033, stop_count=0, roi_count=0, nearest_x=inf, clear_frames=3030
[INFO] [1784292619.041338720] [unitree_safe_cmd_node]: Move x=0.200, z=0.033, stop_count=0, roi_count=0, nearest_x=inf, clear_frames=3036
[INFO] [1784292619.545477792] [unitree_safe_cmd_node]: Move x=0.200, z=0.033, stop_count=0, roi_count=0, nearest_x=inf, clear_frames=3041
[INFO] [1784292620.088228096] [unitree_safe_cmd_node]: Move x=0.200, z=0.033, stop_count=0, roi_count=0, nearest_x=inf, clear_frames=3046
[INFO] [1784292620.645152256] [unitree_safe_cmd_node]: Move x=0.200, z=0.034, stop_count=0, roi_count=0, nearest_x=inf, clear_frames=3052
[INFO] [1784292621.187989536] [unitree_safe_cmd_node]: Move x=0.200, z=0.033, stop_count=0, roi_count=0, nearest_x=inf, clear_frames=3057
[INFO] [1784292621.737919968] [unitree_safe_cmd_node]: Move x=0.200, z=0.034, stop_count=0, roi_count=0, nearest_x=inf, clear_frames=3062
[INFO] [1784292622.246257856] [unitree_safe_cmd_node]: Move x=0.200, z=0.034, stop_count=0, roi_count=0, nearest_x=inf, clear_frames=3068
[INFO] [1784292622.789376576] [unitree_safe_cmd_node]: Move x=0.200, z=0.033, stop_count=0, roi_count=0, nearest_x=inf, clear_frames=3072
[INFO] [1784292623.337990464] [unitree_safe_cmd_node]: Move x=0.200, z=0.034, stop_count=0, roi_count=0, nearest_x=inf, clear_frames=3077
[INFO] [1784292623.838453408] [unitree_safe_cmd_node]: Move x=0.200, z=0.034, stop_count=0, roi_count=0, nearest_x=inf, clear_frames=3082
[INFO] [1784292624.388147392] [unitree_safe_cmd_node]: Move x=0.200, z=0.034, stop_count=0, roi_count=0, nearest_x=inf, clear_frames=3086
[INFO] [1784292624.938136736] [unitree_safe_cmd_node]: Move x=0.200, z=0.033, stop_count=0, roi_count=0, nearest_x=inf, clear_frames=3092
[INFO] [1784292625.490014784] [unitree_safe_cmd_node]: Move x=0.200, z=0.033, stop_count=0, roi_count=0, nearest_x=inf, clear_frames=3098
[INFO] [1784292625.988218944] [unitree_safe_cmd_node]: Move x=0.200, z=0.034, stop_count=0, roi_count=0, nearest_x=inf, clear_frames=3101
[INFO] [1784292626.537829760] [unitree_safe_cmd_node]: Move x=0.200, z=0.034, stop_count=0, roi_count=0, nearest_x=inf, clear_frames=3105
[INFO] [1784292627.089042336] [unitree_safe_cmd_node]: Move x=0.200, z=-0.025, stop_count=0, roi_count=0, nearest_x=inf, clear_frames=3110
[INFO] [1784292627.638267584] [unitree_safe_cmd_node]: Move x=0.200, z=0.034, stop_count=0, roi_count=0, nearest_x=inf, clear_frames=3116
[INFO] [1784292628.140718432] [unitree_safe_cmd_node]: Move x=0.200, z=0.033, stop_count=0, roi_count=0, nearest_x=inf, clear_frames=3122
[INFO] [1784292628.687618080] [unitree_safe_cmd_node]: Move x=0.200, z=-0.021, stop_count=0, roi_count=0, nearest_x=inf, clear_frames=3128
[INFO] [1784292629.188282368] [unitree_safe_cmd_node]: Move x=0.200, z=0.033, stop_count=0, roi_count=0, nearest_x=inf, clear_frames=3133
[INFO] [1784292629.737829056] [unitree_safe_cmd_node]: Move x=0.200, z=0.034, stop_count=0, roi_count=0, nearest_x=inf, clear_frames=3139
[INFO] [1784292630.238202752] [unitree_safe_cmd_node]: Move x=0.200, z=0.033, stop_count=0, roi_count=0, nearest_x=inf, clear_frames=3144
[INFO] [1784292630.788665408] [unitree_safe_cmd_node]: Move x=0.200, z=0.034, stop_count=0, roi_count=0, nearest_x=inf, clear_frames=3150
[INFO] [1784292631.338220576] [unitree_safe_cmd_node]: Move x=0.200, z=0.034, stop_count=0, roi_count=0, nearest_x=inf, clear_frames=3156
[INFO] [1784292631.887733344] [unitree_safe_cmd_node]: Move x=0.200, z=-0.023, stop_count=0, roi_count=0, nearest_x=inf, clear_frames=3161
[INFO] [1784292632.387865440] [unitree_safe_cmd_node]: Move x=0.200, z=0.034, stop_count=0, roi_count=0, nearest_x=inf, clear_frames=3166
[INFO] [1784292632.887904896] [unitree_safe_cmd_node]: Move x=0.200, z=-0.025, stop_count=0, roi_count=0, nearest_x=inf, clear_frames=3171
[INFO] [1784292633.443809152] [unitree_safe_cmd_node]: Move x=0.200, z=0.034, stop_count=0, roi_count=0, nearest_x=inf, clear_frames=3178
[INFO] [1784292633.990343616] [unitree_safe_cmd_node]: Move x=0.200, z=0.033, stop_count=0, roi_count=0, nearest_x=inf, clear_frames=3184
[INFO] [1784292634.538302208] [unitree_safe_cmd_node]: Move x=0.200, z=0.033, stop_count=0, roi_count=0, nearest_x=inf, clear_frames=3189
[INFO] [1784292635.088732704] [unitree_safe_cmd_node]: Move x=0.200, z=0.033, stop_count=0, roi_count=0, nearest_x=inf, clear_frames=3194
[INFO] [1784292635.638102528] [unitree_safe_cmd_node]: Move x=0.200, z=0.034, stop_count=0, roi_count=0, nearest_x=inf, clear_frames=3200
[INFO] [1784292636.188237184] [unitree_safe_cmd_node]: Move x=0.200, z=0.033, stop_count=0, roi_count=0, nearest_x=inf, clear_frames=3206
[INFO] [1784292636.738161152] [unitree_safe_cmd_node]: Move x=0.200, z=0.033, stop_count=0, roi_count=0, nearest_x=inf, clear_frames=3212
[INFO] [1784292637.238195872] [unitree_safe_cmd_node]: Move x=0.200, z=0.033, stop_count=0, roi_count=0, nearest_x=inf, clear_frames=3217
[INFO] [1784292637.741267744] [unitree_safe_cmd_node]: Move x=0.200, z=0.034, stop_count=0, roi_count=0, nearest_x=inf, clear_frames=3222
[INFO] [1784292638.288142112] [unitree_safe_cmd_node]: Move x=0.200, z=0.034, stop_count=0, roi_count=0, nearest_x=inf, clear_frames=3227
[INFO] [1784292638.838314688] [unitree_safe_cmd_node]: Move x=0.200, z=0.033, stop_count=0, roi_count=0, nearest_x=inf, clear_frames=3233
[INFO] [1784292639.387695552] [unitree_safe_cmd_node]: Move x=0.200, z=0.033, stop_count=0, roi_count=0, nearest_x=inf, clear_frames=3239
[INFO] [1784292639.887976192] [unitree_safe_cmd_node]: Move x=0.200, z=0.033, stop_count=0, roi_count=0, nearest_x=inf, clear_frames=3244
[INFO] [1784292640.441412416] [unitree_safe_cmd_node]: Move x=0.200, z=0.033, stop_count=0, roi_count=0, nearest_x=inf, clear_frames=3249
[INFO] [1784292640.944857888] [unitree_safe_cmd_node]: Move x=0.200, z=0.034, stop_count=0, roi_count=0, nearest_x=inf, clear_frames=3252
[INFO] [1784292641.487629248] [unitree_safe_cmd_node]: Move x=0.200, z=0.033, stop_count=0, roi_count=0, nearest_x=inf, clear_frames=3257
[INFO] [1784292641.988016640] [unitree_safe_cmd_node]: Move x=0.200, z=0.034, stop_count=0, roi_count=0, nearest_x=inf, clear_frames=3262
[INFO] [1784292642.538075840] [unitree_safe_cmd_node]: Move x=0.200, z=0.033, stop_count=0, roi_count=0, nearest_x=inf, clear_frames=3267
[INFO] [1784292643.043038496] [unitree_safe_cmd_node]: Move x=0.200, z=0.033, stop_count=0, roi_count=0, nearest_x=inf, clear_frames=3273
[INFO] [1784292643.587897600] [unitree_safe_cmd_node]: Move x=0.200, z=0.034, stop_count=0, roi_count=0, nearest_x=inf, clear_frames=3278
[INFO] [1784292644.143301504] [unitree_safe_cmd_node]: Move x=0.200, z=-0.024, stop_count=0, roi_count=0, nearest_x=inf, clear_frames=3284
[INFO] [1784292644.687803488] [unitree_safe_cmd_node]: Move x=0.200, z=0.034, stop_count=0, roi_count=0, nearest_x=inf, clear_frames=3289
[INFO] [1784292645.187963328] [unitree_safe_cmd_node]: Move x=0.200, z=-0.023, stop_count=0, roi_count=0, nearest_x=inf, clear_frames=3294
[INFO] [1784292645.738033696] [unitree_safe_cmd_node]: Move x=0.200, z=0.034, stop_count=0, roi_count=0, nearest_x=inf, clear_frames=3299
[INFO] [1784292646.287657312] [unitree_safe_cmd_node]: Move x=0.200, z=0.033, stop_count=0, roi_count=0, nearest_x=inf, clear_frames=3305
[INFO] [1784292646.787756704] [unitree_safe_cmd_node]: Move x=0.200, z=0.034, stop_count=0, roi_count=0, nearest_x=inf, clear_frames=3310
[INFO] [1784292647.287791232] [unitree_safe_cmd_node]: Move x=0.200, z=-0.021, stop_count=0, roi_count=0, nearest_x=inf, clear_frames=3314
[INFO] [1784292647.787710208] [unitree_safe_cmd_node]: Move x=0.200, z=-0.012, stop_count=0, roi_count=0, nearest_x=inf, clear_frames=3319
[INFO] [1784292648.344269536] [unitree_safe_cmd_node]: Move x=0.200, z=-0.025, stop_count=0, roi_count=0, nearest_x=inf, clear_frames=3325
[INFO] [1784292648.888211552] [unitree_safe_cmd_node]: Move x=0.200, z=0.035, stop_count=0, roi_count=0, nearest_x=inf, clear_frames=3328
[INFO] [1784292649.388503040] [unitree_safe_cmd_node]: Move x=0.200, z=-0.026, stop_count=0, roi_count=0, nearest_x=inf, clear_frames=3331
[INFO] [1784292649.937995264] [unitree_safe_cmd_node]: Move x=0.200, z=-0.037, stop_count=0, roi_count=0, nearest_x=inf, clear_frames=3334
[INFO] [1784292650.488184032] [unitree_safe_cmd_node]: Move x=0.200, z=-0.053, stop_count=0, roi_count=0, nearest_x=inf, clear_frames=3339
[INFO] [1784292651.037638464] [unitree_safe_cmd_node]: Move x=0.200, z=-0.061, stop_count=0, roi_count=0, nearest_x=inf, clear_frames=3344
[INFO] [1784292651.537631584] [unitree_safe_cmd_node]: Move x=0.200, z=-0.083, stop_count=0, roi_count=0, nearest_x=inf, clear_frames=3348
[INFO] [1784292652.037931424] [unitree_safe_cmd_node]: Move x=0.200, z=-0.082, stop_count=0, roi_count=0, nearest_x=inf, clear_frames=3353
[INFO] [1784292652.588099008] [unitree_safe_cmd_node]: Move x=0.200, z=-0.083, stop_count=0, roi_count=0, nearest_x=inf, clear_frames=3359
[INFO] [1784292653.138164704] [unitree_safe_cmd_node]: Move x=0.200, z=-0.082, stop_count=0, roi_count=0, nearest_x=inf, clear_frames=3365
[INFO] [1784292653.687929984] [unitree_safe_cmd_node]: Move x=0.200, z=-0.079, stop_count=0, roi_count=0, nearest_x=inf, clear_frames=3370
[INFO] [1784292654.188111200] [unitree_safe_cmd_node]: Move x=0.200, z=-0.084, stop_count=0, roi_count=0, nearest_x=inf, clear_frames=3376
[INFO] [1784292654.737609568] [unitree_safe_cmd_node]: Move x=0.200, z=-0.082, stop_count=0, roi_count=0, nearest_x=inf, clear_frames=3382
[INFO] [1784292655.237823712] [unitree_safe_cmd_node]: Move x=0.200, z=-0.080, stop_count=0, roi_count=0, nearest_x=inf, clear_frames=3387
[INFO] [1784292655.787666400] [unitree_safe_cmd_node]: Move x=0.200, z=-0.078, stop_count=0, roi_count=0, nearest_x=inf, clear_frames=3393
[INFO] [1784292656.288375744] [unitree_safe_cmd_node]: Move x=0.200, z=-0.086, stop_count=0, roi_count=0, nearest_x=inf, clear_frames=3399
[INFO] [1784292656.844213280] [unitree_safe_cmd_node]: Move x=0.200, z=-0.081, stop_count=0, roi_count=0, nearest_x=inf, clear_frames=3405
[INFO] [1784292657.390640704] [unitree_safe_cmd_node]: Move x=0.200, z=-0.079, stop_count=0, roi_count=0, nearest_x=inf, clear_frames=3411
[INFO] [1784292657.942338784] [unitree_safe_cmd_node]: Move x=0.200, z=-0.083, stop_count=0, roi_count=0, nearest_x=inf, clear_frames=3417
[INFO] [1784292658.489355008] [unitree_safe_cmd_node]: Move x=0.200, z=-0.082, stop_count=0, roi_count=0, nearest_x=inf, clear_frames=3422
[INFO] [1784292659.039017920] [unitree_safe_cmd_node]: Move x=0.200, z=-0.078, stop_count=0, roi_count=0, nearest_x=inf, clear_frames=3428
[INFO] [1784292659.588086560] [unitree_safe_cmd_node]: Move x=0.200, z=-0.083, stop_count=0, roi_count=0, nearest_x=inf, clear_frames=3434
[INFO] [1784292660.090525696] [unitree_safe_cmd_node]: Move x=0.200, z=-0.081, stop_count=0, roi_count=0, nearest_x=inf, clear_frames=3437
[INFO] [1784292660.638102624] [unitree_safe_cmd_node]: Move x=0.200, z=-0.082, stop_count=0, roi_count=0, nearest_x=inf, clear_frames=3443
[INFO] [1784292661.188209472] [unitree_safe_cmd_node]: Move x=0.200, z=-0.081, stop_count=0, roi_count=0, nearest_x=inf, clear_frames=3449
[INFO] [1784292661.737641152] [unitree_safe_cmd_node]: Move x=0.200, z=-0.079, stop_count=0, roi_count=0, nearest_x=inf, clear_frames=3455
[INFO] [1784292662.237685344] [unitree_safe_cmd_node]: Move x=0.200, z=-0.080, stop_count=0, roi_count=0, nearest_x=inf, clear_frames=3460
[INFO] [1784292662.741380800] [unitree_safe_cmd_node]: Move x=0.200, z=-0.081, stop_count=0, roi_count=0, nearest_x=inf, clear_frames=3466
[INFO] [1784292663.287636992] [unitree_safe_cmd_node]: Move x=0.200, z=-0.081, stop_count=0, roi_count=0, nearest_x=inf, clear_frames=3471
[INFO] [1784292663.787915808] [unitree_safe_cmd_node]: Move x=0.200, z=-0.075, stop_count=0, roi_count=0, nearest_x=inf, clear_frames=3476
[INFO] [1784292664.337940128] [unitree_safe_cmd_node]: Move x=0.200, z=-0.082, stop_count=0, roi_count=0, nearest_x=inf, clear_frames=3481
[INFO] [1784292664.839835488] [unitree_safe_cmd_node]: Move x=0.200, z=-0.082, stop_count=0, roi_count=0, nearest_x=inf, clear_frames=3487
[INFO] [1784292665.341326496] [unitree_safe_cmd_node]: Move x=0.200, z=-0.082, stop_count=0, roi_count=0, nearest_x=inf, clear_frames=3492
[INFO] [1784292665.888471104] [unitree_safe_cmd_node]: Move x=0.200, z=-0.083, stop_count=0, roi_count=0, nearest_x=inf, clear_frames=3497
[INFO] [1784292666.441104224] [unitree_safe_cmd_node]: Move x=0.200, z=-0.084, stop_count=0, roi_count=0, nearest_x=inf, clear_frames=3503
[INFO] [1784292666.941956000] [unitree_safe_cmd_node]: Move x=0.200, z=-0.081, stop_count=0, roi_count=0, nearest_x=inf, clear_frames=3508
[INFO] [1784292667.445332832] [unitree_safe_cmd_node]: Move x=0.200, z=-0.085, stop_count=0, roi_count=0, nearest_x=inf, clear_frames=3513
[INFO] [1784292667.988576192] [unitree_safe_cmd_node]: Move x=0.200, z=-0.077, stop_count=0, roi_count=0, nearest_x=inf, clear_frames=3517
[INFO] [1784292668.537683520] [unitree_safe_cmd_node]: Move x=0.200, z=-0.084, stop_count=0, roi_count=0, nearest_x=inf, clear_frames=3523
[INFO] [1784292669.037987168] [unitree_safe_cmd_node]: Move x=0.200, z=-0.077, stop_count=0, roi_count=0, nearest_x=inf, clear_frames=3528
[INFO] [1784292669.540273472] [unitree_safe_cmd_node]: Move x=0.200, z=-0.081, stop_count=0, roi_count=0, nearest_x=inf, clear_frames=3534
[INFO] [1784292670.041572128] [unitree_safe_cmd_node]: Move x=0.200, z=-0.079, stop_count=0, roi_count=0, nearest_x=inf, clear_frames=3539
[INFO] [1784292670.542537120] [unitree_safe_cmd_node]: Move x=0.200, z=-0.080, stop_count=0, roi_count=0, nearest_x=inf, clear_frames=3544
[INFO] [1784292671.087900256] [unitree_safe_cmd_node]: Move x=0.200, z=-0.083, stop_count=0, roi_count=0, nearest_x=inf, clear_frames=3549
[INFO] [1784292671.642049600] [unitree_safe_cmd_node]: Move x=0.200, z=-0.077, stop_count=0, roi_count=0, nearest_x=inf, clear_frames=3555
[INFO] [1784292672.187979520] [unitree_safe_cmd_node]: Move x=0.200, z=-0.078, stop_count=0, roi_count=0, nearest_x=inf, clear_frames=3560
[INFO] [1784292672.748299008] [unitree_safe_cmd_node]: Move x=0.200, z=-0.077, stop_count=0, roi_count=0, nearest_x=inf, clear_frames=3566
[INFO] [1784292673.287896384] [unitree_safe_cmd_node]: Move x=0.200, z=-0.079, stop_count=0, roi_count=0, nearest_x=inf, clear_frames=3570
[INFO] [1784292673.788439872] [unitree_safe_cmd_node]: Move x=0.200, z=-0.079, stop_count=0, roi_count=0, nearest_x=inf, clear_frames=3575
[INFO] [1784292674.288437024] [unitree_safe_cmd_node]: Move x=0.200, z=-0.074, stop_count=0, roi_count=0, nearest_x=inf, clear_frames=3579
[INFO] [1784292674.788557760] [unitree_safe_cmd_node]: Move x=0.200, z=-0.082, stop_count=0, roi_count=0, nearest_x=inf, clear_frames=3584
[INFO] [1784292675.348656640] [unitree_safe_cmd_node]: Move x=0.200, z=-0.080, stop_count=0, roi_count=0, nearest_x=inf, clear_frames=3591
[INFO] [1784292675.887880128] [unitree_safe_cmd_node]: Move x=0.200, z=-0.080, stop_count=0, roi_count=0, nearest_x=inf, clear_frames=3596
[INFO] [1784292676.437990592] [unitree_safe_cmd_node]: Move x=0.200, z=-0.081, stop_count=0, roi_count=0, nearest_x=inf, clear_frames=3602
[INFO] [1784292676.938210016] [unitree_safe_cmd_node]: Move x=0.200, z=-0.080, stop_count=0, roi_count=0, nearest_x=inf, clear_frames=3607
[INFO] [1784292677.441371936] [unitree_safe_cmd_node]: Move x=0.200, z=-0.079, stop_count=0, roi_count=0, nearest_x=inf, clear_frames=3613
[INFO] [1784292677.997072704] [unitree_safe_cmd_node]: Move x=0.200, z=-0.082, stop_count=0, roi_count=0, nearest_x=inf, clear_frames=3617
[INFO] [1784292678.489159968] [unitree_safe_cmd_node]: Move x=0.200, z=-0.080, stop_count=0, roi_count=0, nearest_x=inf, clear_frames=3620
[INFO] [1784292679.038065504] [unitree_safe_cmd_node]: Move x=0.200, z=-0.083, stop_count=0, roi_count=0, nearest_x=inf, clear_frames=3625
[INFO] [1784292679.588061664] [unitree_safe_cmd_node]: Move x=0.200, z=-0.079, stop_count=0, roi_count=0, nearest_x=inf, clear_frames=3631
[INFO] [1784292680.137762208] [unitree_safe_cmd_node]: Move x=0.200, z=-0.079, stop_count=0, roi_count=0, nearest_x=inf, clear_frames=3637
[INFO] [1784292680.687748832] [unitree_safe_cmd_node]: Move x=0.200, z=-0.076, stop_count=0, roi_count=0, nearest_x=inf, clear_frames=3643
[INFO] [1784292681.237677728] [unitree_safe_cmd_node]: Move x=0.200, z=-0.080, stop_count=0, roi_count=0, nearest_x=inf, clear_frames=3649
[INFO] [1784292681.743017600] [unitree_safe_cmd_node]: Move x=0.200, z=-0.080, stop_count=0, roi_count=0, nearest_x=inf, clear_frames=3655
[INFO] [1784292682.287688736] [unitree_safe_cmd_node]: Move x=0.200, z=-0.082, stop_count=0, roi_count=0, nearest_x=inf, clear_frames=3659
[INFO] [1784292682.840996320] [unitree_safe_cmd_node]: Move x=0.200, z=-0.080, stop_count=0, roi_count=0, nearest_x=inf, clear_frames=3665
[INFO] [1784292683.387900832] [unitree_safe_cmd_node]: Move x=0.200, z=-0.082, stop_count=0, roi_count=0, nearest_x=inf, clear_frames=3670
[INFO] [1784292683.941023040] [unitree_safe_cmd_node]: Move x=0.200, z=-0.081, stop_count=0, roi_count=0, nearest_x=inf, clear_frames=3676
[INFO] [1784292684.442782688] [unitree_safe_cmd_node]: Move x=0.200, z=-0.078, stop_count=0, roi_count=0, nearest_x=inf, clear_frames=3680
[INFO] [1784292684.987655648] [unitree_safe_cmd_node]: Move x=0.200, z=-0.078, stop_count=0, roi_count=0, nearest_x=inf, clear_frames=3685
[INFO] [1784292685.488496992] [unitree_safe_cmd_node]: Move x=0.200, z=-0.081, stop_count=0, roi_count=0, nearest_x=inf, clear_frames=3690
[INFO] [1784292686.037628352] [unitree_safe_cmd_node]: Move x=0.200, z=-0.083, stop_count=0, roi_count=0, nearest_x=inf, clear_frames=3696
[INFO] [1784292686.540265504] [unitree_safe_cmd_node]: Move x=0.200, z=-0.078, stop_count=0, roi_count=0, nearest_x=inf, clear_frames=3702
[INFO] [1784292687.040973344] [unitree_safe_cmd_node]: Move x=0.200, z=-0.079, stop_count=0, roi_count=0, nearest_x=inf, clear_frames=3707
[INFO] [1784292687.542399808] [unitree_safe_cmd_node]: Move x=0.200, z=-0.078, stop_count=0, roi_count=0, nearest_x=inf, clear_frames=3712
[INFO] [1784292688.088441472] [unitree_safe_cmd_node]: Move x=0.200, z=-0.083, stop_count=0, roi_count=0, nearest_x=inf, clear_frames=3717
[INFO] [1784292688.639161088] [unitree_safe_cmd_node]: Move x=0.200, z=-0.084, stop_count=0, roi_count=0, nearest_x=inf, clear_frames=3722
[INFO] [1784292689.188150624] [unitree_safe_cmd_node]: Move x=0.200, z=-0.080, stop_count=0, roi_count=0, nearest_x=inf, clear_frames=3728
[INFO] [1784292689.741449344] [unitree_safe_cmd_node]: Move x=0.200, z=-0.075, stop_count=0, roi_count=0, nearest_x=inf, clear_frames=3734
[INFO] [1784292690.241889472] [unitree_safe_cmd_node]: Move x=0.200, z=-0.082, stop_count=0, roi_count=0, nearest_x=inf, clear_frames=3739
[INFO] [1784292690.787634240] [unitree_safe_cmd_node]: Move x=0.200, z=-0.084, stop_count=0, roi_count=0, nearest_x=inf, clear_frames=3744
[INFO] [1784292691.287741568] [unitree_safe_cmd_node]: Move x=0.200, z=-0.077, stop_count=0, roi_count=0, nearest_x=inf, clear_frames=3749
[INFO] [1784292691.840561504] [unitree_safe_cmd_node]: Move x=0.200, z=-0.078, stop_count=0, roi_count=0, nearest_x=inf, clear_frames=3755
[INFO] [1784292692.343787680] [unitree_safe_cmd_node]: Move x=0.200, z=-0.079, stop_count=0, roi_count=0, nearest_x=inf, clear_frames=3760
[INFO] [1784292692.887605376] [unitree_safe_cmd_node]: Move x=0.200, z=-0.085, stop_count=0, roi_count=0, nearest_x=inf, clear_frames=3765
[INFO] [1784292693.389044480] [unitree_safe_cmd_node]: Move x=0.200, z=-0.081, stop_count=0, roi_count=0, nearest_x=inf, clear_frames=3769
[INFO] [1784292693.888182912] [unitree_safe_cmd_node]: Move x=0.200, z=-0.081, stop_count=0, roi_count=0, nearest_x=inf, clear_frames=3774
[INFO] [1784292694.390890496] [unitree_safe_cmd_node]: Move x=0.200, z=-0.080, stop_count=0, roi_count=0, nearest_x=inf, clear_frames=3780
[INFO] [1784292694.937657216] [unitree_safe_cmd_node]: Move x=0.200, z=-0.083, stop_count=0, roi_count=0, nearest_x=inf, clear_frames=3785
[INFO] [1784292695.443687968] [unitree_safe_cmd_node]: Move x=0.200, z=-0.077, stop_count=0, roi_count=0, nearest_x=inf, clear_frames=3790
[INFO] [1784292695.988771520] [unitree_safe_cmd_node]: Move x=0.200, z=-0.083, stop_count=0, roi_count=0, nearest_x=inf, clear_frames=3794
[INFO] [1784292696.488660704] [unitree_safe_cmd_node]: Move x=0.200, z=-0.084, stop_count=0, roi_count=0, nearest_x=inf, clear_frames=3798
[INFO] [1784292697.038356992] [unitree_safe_cmd_node]: Move x=0.200, z=-0.078, stop_count=0, roi_count=0, nearest_x=inf, clear_frames=3802
[INFO] [1784292697.587846688] [unitree_safe_cmd_node]: Move x=0.200, z=-0.076, stop_count=0, roi_count=0, nearest_x=inf, clear_frames=3807
[INFO] [1784292698.137850720] [unitree_safe_cmd_node]: Move x=0.200, z=-0.082, stop_count=0, roi_count=0, nearest_x=inf, clear_frames=3813
[INFO] [1784292698.637860544] [unitree_safe_cmd_node]: Move x=0.200, z=-0.082, stop_count=0, roi_count=0, nearest_x=inf, clear_frames=3819
[INFO] [1784292699.138252800] [unitree_safe_cmd_node]: Move x=0.200, z=-0.087, stop_count=0, roi_count=0, nearest_x=inf, clear_frames=3824
[INFO] [1784292699.688416928] [unitree_safe_cmd_node]: Move x=0.200, z=-0.077, stop_count=0, roi_count=0, nearest_x=inf, clear_frames=3829
[INFO] [1784292700.237969888] [unitree_safe_cmd_node]: Move x=0.200, z=-0.080, stop_count=0, roi_count=0, nearest_x=inf, clear_frames=3835
[INFO] [1784292700.792791424] [unitree_safe_cmd_node]: Move x=0.200, z=-0.083, stop_count=0, roi_count=0, nearest_x=inf, clear_frames=3842
[INFO] [1784292701.338446688] [unitree_safe_cmd_node]: Move x=0.200, z=-0.077, stop_count=0, roi_count=0, nearest_x=inf, clear_frames=3847
[INFO] [1784292701.842383200] [unitree_safe_cmd_node]: Move x=0.200, z=-0.079, stop_count=0, roi_count=0, nearest_x=inf, clear_frames=3852
[INFO] [1784292702.387895680] [unitree_safe_cmd_node]: Move x=0.200, z=-0.087, stop_count=0, roi_count=0, nearest_x=inf, clear_frames=3857
[INFO] [1784292702.891229056] [unitree_safe_cmd_node]: Move x=0.200, z=-0.081, stop_count=0, roi_count=0, nearest_x=inf, clear_frames=3863
[INFO] [1784292703.442113920] [unitree_safe_cmd_node]: Move x=0.200, z=-0.082, stop_count=0, roi_count=0, nearest_x=inf, clear_frames=3869
[INFO] [1784292703.987613280] [unitree_safe_cmd_node]: Move x=0.200, z=-0.078, stop_count=0, roi_count=0, nearest_x=inf, clear_frames=3874
[INFO] [1784292704.487717984] [unitree_safe_cmd_node]: Move x=0.200, z=-0.082, stop_count=0, roi_count=0, nearest_x=inf, clear_frames=3879
[INFO] [1784292705.040744448] [unitree_safe_cmd_node]: Move x=0.200, z=-0.078, stop_count=0, roi_count=0, nearest_x=inf, clear_frames=3885
[INFO] [1784292705.588009248] [unitree_safe_cmd_node]: Move x=0.200, z=-0.076, stop_count=0, roi_count=0, nearest_x=inf, clear_frames=3890
[INFO] [1784292706.087890016] [unitree_safe_cmd_node]: Move x=0.200, z=-0.080, stop_count=0, roi_count=0, nearest_x=inf, clear_frames=3895
[INFO] [1784292706.642541216] [unitree_safe_cmd_node]: Move x=0.200, z=-0.085, stop_count=0, roi_count=0, nearest_x=inf, clear_frames=3900
[INFO] [1784292707.187985472] [unitree_safe_cmd_node]: Move x=0.200, z=-0.076, stop_count=0, roi_count=0, nearest_x=inf, clear_frames=3906
[INFO] [1784292707.740764512] [unitree_safe_cmd_node]: Move x=0.200, z=-0.078, stop_count=0, roi_count=0, nearest_x=inf, clear_frames=3912
[INFO] [1784292708.287665792] [unitree_safe_cmd_node]: Move x=0.200, z=-0.084, stop_count=0, roi_count=0, nearest_x=inf, clear_frames=3917
[INFO] [1784292708.839944128] [unitree_safe_cmd_node]: Move x=0.200, z=-0.079, stop_count=0, roi_count=0, nearest_x=inf, clear_frames=3923
[INFO] [1784292709.389080544] [unitree_safe_cmd_node]: Move x=0.200, z=-0.078, stop_count=0, roi_count=0, nearest_x=inf, clear_frames=3927
[INFO] [1784292709.938083264] [unitree_safe_cmd_node]: Move x=0.200, z=-0.082, stop_count=0, roi_count=0, nearest_x=inf, clear_frames=3931
[INFO] [1784292710.442907520] [unitree_safe_cmd_node]: Move x=0.200, z=-0.080, stop_count=0, roi_count=0, nearest_x=inf, clear_frames=3936
[INFO] [1784292710.987679872] [unitree_safe_cmd_node]: Move x=0.200, z=-0.080, stop_count=0, roi_count=0, nearest_x=inf, clear_frames=3942
[INFO] [1784292711.488076608] [unitree_safe_cmd_node]: Move x=0.200, z=-0.082, stop_count=0, roi_count=0, nearest_x=inf, clear_frames=3948
[INFO] [1784292712.037591168] [unitree_safe_cmd_node]: Move x=0.200, z=-0.082, stop_count=0, roi_count=0, nearest_x=inf, clear_frames=3954
[INFO] [1784292712.537632704] [unitree_safe_cmd_node]: Move x=0.200, z=-0.079, stop_count=0, roi_count=0, nearest_x=inf, clear_frames=3959
[INFO] [1784292713.044148928] [unitree_safe_cmd_node]: Move x=0.200, z=-0.080, stop_count=0, roi_count=0, nearest_x=inf, clear_frames=3965
[INFO] [1784292713.588446176] [unitree_safe_cmd_node]: Move x=0.200, z=-0.081, stop_count=0, roi_count=0, nearest_x=inf, clear_frames=3970
[INFO] [1784292714.138439936] [unitree_safe_cmd_node]: Move x=0.200, z=-0.079, stop_count=0, roi_count=0, nearest_x=inf, clear_frames=3975
[INFO] [1784292714.645087104] [unitree_safe_cmd_node]: Move x=0.200, z=-0.085, stop_count=0, roi_count=0, nearest_x=inf, clear_frames=3981
[INFO] [1784292715.188018304] [unitree_safe_cmd_node]: Move x=0.200, z=-0.080, stop_count=0, roi_count=0, nearest_x=inf, clear_frames=3986
[INFO] [1784292715.744695904] [unitree_safe_cmd_node]: Move x=0.200, z=-0.083, stop_count=0, roi_count=0, nearest_x=inf, clear_frames=3992
[INFO] [1784292716.287605696] [unitree_safe_cmd_node]: Move x=0.200, z=-0.076, stop_count=0, roi_count=0, nearest_x=inf, clear_frames=3997
[INFO] [1784292716.787771168] [unitree_safe_cmd_node]: Move x=0.200, z=-0.079, stop_count=0, roi_count=0, nearest_x=inf, clear_frames=4002
[INFO] [1784292717.287939648] [unitree_safe_cmd_node]: Move x=0.200, z=-0.085, stop_count=0, roi_count=0, nearest_x=inf, clear_frames=4007
[INFO] [1784292717.837947040] [unitree_safe_cmd_node]: Move x=0.200, z=-0.076, stop_count=0, roi_count=0, nearest_x=inf, clear_frames=4012
[INFO] [1784292718.340377952] [unitree_safe_cmd_node]: Move x=0.200, z=-0.079, stop_count=0, roi_count=0, nearest_x=inf, clear_frames=4018
[INFO] [1784292718.841606976] [unitree_safe_cmd_node]: Move x=0.200, z=-0.077, stop_count=0, roi_count=0, nearest_x=inf, clear_frames=4023
[INFO] [1784292719.342632352] [unitree_safe_cmd_node]: Move x=0.200, z=-0.081, stop_count=0, roi_count=0, nearest_x=inf, clear_frames=4026
[INFO] [1784292719.887943392] [unitree_safe_cmd_node]: Move x=0.200, z=-0.078, stop_count=0, roi_count=0, nearest_x=inf, clear_frames=4031
[INFO] [1784292720.388227648] [unitree_safe_cmd_node]: Move x=0.200, z=-0.083, stop_count=0, roi_count=0, nearest_x=inf, clear_frames=4034
[INFO] [1784292720.888269344] [unitree_safe_cmd_node]: Move x=0.200, z=-0.078, stop_count=0, roi_count=0, nearest_x=inf, clear_frames=4037
[INFO] [1784292721.388461792] [unitree_safe_cmd_node]: Move x=0.200, z=-0.084, stop_count=0, roi_count=0, nearest_x=inf, clear_frames=4040
[INFO] [1784292721.938054432] [unitree_safe_cmd_node]: Move x=0.200, z=-0.079, stop_count=0, roi_count=0, nearest_x=inf, clear_frames=4045
[INFO] [1784292722.490381920] [unitree_safe_cmd_node]: Move x=0.200, z=-0.084, stop_count=0, roi_count=0, nearest_x=inf, clear_frames=4051
[INFO] [1784292723.038028896] [unitree_safe_cmd_node]: Move x=0.200, z=-0.084, stop_count=0, roi_count=0, nearest_x=inf, clear_frames=4057
[INFO] [1784292723.587950016] [unitree_safe_cmd_node]: Move x=0.200, z=-0.080, stop_count=0, roi_count=0, nearest_x=inf, clear_frames=4063
[INFO] [1784292724.139373056] [unitree_safe_cmd_node]: Move x=0.200, z=-0.080, stop_count=0, roi_count=0, nearest_x=inf, clear_frames=4069
[INFO] [1784292724.687811456] [unitree_safe_cmd_node]: Move x=0.200, z=-0.080, stop_count=0, roi_count=0, nearest_x=inf, clear_frames=4075
[INFO] [1784292725.188099008] [unitree_safe_cmd_node]: Move x=0.200, z=-0.081, stop_count=0, roi_count=0, nearest_x=inf, clear_frames=4080
[INFO] [1784292725.738002784] [unitree_safe_cmd_node]: Move x=0.200, z=-0.081, stop_count=0, roi_count=0, nearest_x=inf, clear_frames=4086
[INFO] [1784292726.287965600] [unitree_safe_cmd_node]: Move x=0.200, z=-0.085, stop_count=0, roi_count=0, nearest_x=inf, clear_frames=4092
[INFO] [1784292726.787932992] [unitree_safe_cmd_node]: Move x=0.200, z=-0.078, stop_count=0, roi_count=0, nearest_x=inf, clear_frames=4098
[INFO] [1784292727.337947392] [unitree_safe_cmd_node]: Move x=0.200, z=-0.086, stop_count=0, roi_count=0, nearest_x=inf, clear_frames=4104
[INFO] [1784292727.857571808] [unitree_safe_cmd_node]: Move x=0.200, z=-0.086, stop_count=0, roi_count=0, nearest_x=inf, clear_frames=4109
[INFO] [1784292728.388027360] [unitree_safe_cmd_node]: Move x=0.200, z=-0.085, stop_count=0, roi_count=0, nearest_x=inf, clear_frames=4115
[INFO] [1784292728.937585024] [unitree_safe_cmd_node]: Move x=0.200, z=-0.080, stop_count=0, roi_count=0, nearest_x=inf, clear_frames=4121
[INFO] [1784292729.437592320] [unitree_safe_cmd_node]: Move x=0.200, z=-0.081, stop_count=0, roi_count=0, nearest_x=inf, clear_frames=4126
[INFO] [1784292729.941704864] [unitree_safe_cmd_node]: Move x=0.200, z=-0.083, stop_count=0, roi_count=0, nearest_x=inf, clear_frames=4132
[INFO] [1784292730.488188224] [unitree_safe_cmd_node]: Move x=0.200, z=-0.081, stop_count=0, roi_count=0, nearest_x=inf, clear_frames=4137
[INFO] [1784292731.037961056] [unitree_safe_cmd_node]: Move x=0.200, z=-0.080, stop_count=0, roi_count=0, nearest_x=inf, clear_frames=4143
[INFO] [1784292731.539731552] [unitree_safe_cmd_node]: Move x=0.200, z=-0.076, stop_count=0, roi_count=0, nearest_x=inf, clear_frames=4149
[INFO] [1784292732.087673664] [unitree_safe_cmd_node]: Move x=0.200, z=-0.078, stop_count=0, roi_count=0, nearest_x=inf, clear_frames=4155
[INFO] [1784292732.642655072] [unitree_safe_cmd_node]: Move x=0.200, z=-0.083, stop_count=0, roi_count=0, nearest_x=inf, clear_frames=4161
[INFO] [1784292733.188000064] [unitree_safe_cmd_node]: Move x=0.200, z=-0.076, stop_count=0, roi_count=0, nearest_x=inf, clear_frames=4166
[INFO] [1784292733.737614752] [unitree_safe_cmd_node]: Move x=0.200, z=-0.076, stop_count=0, roi_count=0, nearest_x=inf, clear_frames=4172
[INFO] [1784292734.240540512] [unitree_safe_cmd_node]: Move x=0.200, z=-0.083, stop_count=0, roi_count=0, nearest_x=inf, clear_frames=4177
[INFO] [1784292734.741297472] [unitree_safe_cmd_node]: Move x=0.200, z=-0.080, stop_count=0, roi_count=0, nearest_x=inf, clear_frames=4182
[INFO] [1784292735.289524032] [unitree_safe_cmd_node]: Move x=0.200, z=-0.080, stop_count=0, roi_count=0, nearest_x=inf, clear_frames=4187
[INFO] [1784292735.840582656] [unitree_safe_cmd_node]: Move x=0.200, z=-0.079, stop_count=0, roi_count=0, nearest_x=inf, clear_frames=4193
[INFO] [1784292736.342133312] [unitree_safe_cmd_node]: Move x=0.200, z=-0.078, stop_count=0, roi_count=0, nearest_x=inf, clear_frames=4196
[INFO] [1784292736.887996416] [unitree_safe_cmd_node]: Move x=0.200, z=-0.080, stop_count=0, roi_count=0, nearest_x=inf, clear_frames=4201
[INFO] [1784292737.437658048] [unitree_safe_cmd_node]: Move x=0.200, z=-0.083, stop_count=0, roi_count=0, nearest_x=inf, clear_frames=4207
[INFO] [1784292737.938012672] [unitree_safe_cmd_node]: Move x=0.200, z=-0.081, stop_count=0, roi_count=0, nearest_x=inf, clear_frames=4212
[INFO] [1784292738.441634624] [unitree_safe_cmd_node]: Move x=0.200, z=-0.079, stop_count=0, roi_count=0, nearest_x=inf, clear_frames=4218
[INFO] [1784292738.988807744] [unitree_safe_cmd_node]: Move x=0.200, z=-0.078, stop_count=0, roi_count=0, nearest_x=inf, clear_frames=4221
[INFO] [1784292739.537626624] [unitree_safe_cmd_node]: Move x=0.200, z=-0.079, stop_count=0, roi_count=0, nearest_x=inf, clear_frames=4227
[INFO] [1784292740.038023008] [unitree_safe_cmd_node]: Move x=0.200, z=-0.080, stop_count=0, roi_count=0, nearest_x=inf, clear_frames=4232
[INFO] [1784292740.540198560] [unitree_safe_cmd_node]: Move x=0.200, z=-0.078, stop_count=0, roi_count=0, nearest_x=inf, clear_frames=4238
[INFO] [1784292741.087653472] [unitree_safe_cmd_node]: Move x=0.200, z=-0.078, stop_count=0, roi_count=0, nearest_x=inf, clear_frames=4243
[INFO] [1784292741.643599424] [unitree_safe_cmd_node]: Move x=0.200, z=-0.081, stop_count=0, roi_count=0, nearest_x=inf, clear_frames=4249
[INFO] [1784292742.188510784] [unitree_safe_cmd_node]: Move x=0.200, z=-0.082, stop_count=0, roi_count=0, nearest_x=inf, clear_frames=4254
[INFO] [1784292742.743850304] [unitree_safe_cmd_node]: Move x=0.200, z=-0.083, stop_count=0, roi_count=0, nearest_x=inf, clear_frames=4260
[INFO] [1784292743.288516576] [unitree_safe_cmd_node]: Move x=0.200, z=-0.079, stop_count=0, roi_count=0, nearest_x=inf, clear_frames=4265
[INFO] [1784292743.837667104] [unitree_safe_cmd_node]: Move x=0.200, z=-0.081, stop_count=0, roi_count=0, nearest_x=inf, clear_frames=4270
[INFO] [1784292744.387965152] [unitree_safe_cmd_node]: Move x=0.200, z=-0.080, stop_count=0, roi_count=0, nearest_x=inf, clear_frames=4274
[INFO] [1784292744.888532192] [unitree_safe_cmd_node]: Move x=0.200, z=-0.075, stop_count=0, roi_count=0, nearest_x=inf, clear_frames=4279
[INFO] [1784292745.437571936] [unitree_safe_cmd_node]: Move x=0.200, z=-0.080, stop_count=0, roi_count=0, nearest_x=inf, clear_frames=4285
[INFO] [1784292745.939112928] [unitree_safe_cmd_node]: Move x=0.200, z=-0.077, stop_count=0, roi_count=0, nearest_x=inf, clear_frames=4290
[INFO] [1784292746.487952320] [unitree_safe_cmd_node]: Move x=0.200, z=-0.079, stop_count=0, roi_count=0, nearest_x=inf, clear_frames=4294
[INFO] [1784292746.990660928] [unitree_safe_cmd_node]: Move x=0.200, z=-0.079, stop_count=0, roi_count=0, nearest_x=inf, clear_frames=4300
[INFO] [1784292747.537728064] [unitree_safe_cmd_node]: Move x=0.200, z=-0.073, stop_count=0, roi_count=0, nearest_x=inf, clear_frames=4305
[INFO] [1784292748.040712096] [unitree_safe_cmd_node]: Move x=0.200, z=-0.079, stop_count=0, roi_count=0, nearest_x=inf, clear_frames=4311
[INFO] [1784292748.592140608] [unitree_safe_cmd_node]: Move x=0.200, z=-0.074, stop_count=0, roi_count=0, nearest_x=inf, clear_frames=4316
[INFO] [1784292749.088019616] [unitree_safe_cmd_node]: Move x=0.200, z=-0.077, stop_count=0, roi_count=0, nearest_x=inf, clear_frames=4321
[INFO] [1784292749.588042592] [unitree_safe_cmd_node]: Move x=0.200, z=-0.080, stop_count=0, roi_count=0, nearest_x=inf, clear_frames=4326
[INFO] [1784292750.137647904] [unitree_safe_cmd_node]: Move x=0.200, z=-0.081, stop_count=0, roi_count=0, nearest_x=inf, clear_frames=4331
[INFO] [1784292750.643152896] [unitree_safe_cmd_node]: Move x=0.200, z=-0.076, stop_count=0, roi_count=0, nearest_x=inf, clear_frames=4337
[INFO] [1784292751.188001280] [unitree_safe_cmd_node]: Move x=0.200, z=-0.076, stop_count=0, roi_count=0, nearest_x=inf, clear_frames=4342
[INFO] [1784292751.741580672] [unitree_safe_cmd_node]: Move x=0.200, z=-0.082, stop_count=0, roi_count=0, nearest_x=inf, clear_frames=4348
[INFO] [1784292752.287856736] [unitree_safe_cmd_node]: Move x=0.200, z=-0.080, stop_count=0, roi_count=0, nearest_x=inf, clear_frames=4353
[INFO] [1784292752.788124672] [unitree_safe_cmd_node]: Move x=0.200, z=-0.079, stop_count=0, roi_count=0, nearest_x=inf, clear_frames=4358
[INFO] [1784292753.340459872] [unitree_safe_cmd_node]: Move x=0.200, z=-0.078, stop_count=0, roi_count=0, nearest_x=inf, clear_frames=4364
[INFO] [1784292753.843134432] [unitree_safe_cmd_node]: Move x=0.200, z=-0.080, stop_count=0, roi_count=0, nearest_x=inf, clear_frames=4369
[INFO] [1784292754.391763616] [unitree_safe_cmd_node]: Move x=0.200, z=-0.080, stop_count=0, roi_count=0, nearest_x=inf, clear_frames=4374
[INFO] [1784292754.941478560] [unitree_safe_cmd_node]: Move x=0.200, z=-0.078, stop_count=0, roi_count=0, nearest_x=inf, clear_frames=4380
[INFO] [1784292755.443378208] [unitree_safe_cmd_node]: Move x=0.200, z=-0.081, stop_count=0, roi_count=0, nearest_x=inf, clear_frames=4385
[INFO] [1784292755.987773088] [unitree_safe_cmd_node]: Move x=0.200, z=-0.078, stop_count=0, roi_count=0, nearest_x=inf, clear_frames=4390
[INFO] [1784292756.495016192] [unitree_safe_cmd_node]: Move x=0.200, z=-0.080, stop_count=0, roi_count=0, nearest_x=inf, clear_frames=4395
[INFO] [1784292757.040734144] [unitree_safe_cmd_node]: Move x=0.200, z=-0.080, stop_count=0, roi_count=0, nearest_x=inf, clear_frames=4401
[INFO] [1784292757.587911392] [unitree_safe_cmd_node]: Move x=0.200, z=-0.082, stop_count=0, roi_count=0, nearest_x=inf, clear_frames=4406
[INFO] [1784292758.140349248] [unitree_safe_cmd_node]: Move x=0.200, z=-0.079, stop_count=0, roi_count=0, nearest_x=inf, clear_frames=4412
[INFO] [1784292758.687737344] [unitree_safe_cmd_node]: Move x=0.200, z=-0.084, stop_count=0, roi_count=0, nearest_x=inf, clear_frames=4417
[INFO] [1784292759.188001568] [unitree_safe_cmd_node]: Move x=0.200, z=-0.082, stop_count=0, roi_count=0, nearest_x=inf, clear_frames=4422
[INFO] [1784292759.688028224] [unitree_safe_cmd_node]: Move x=0.200, z=-0.080, stop_count=0, roi_count=0, nearest_x=inf, clear_frames=4427
[INFO] [1784292760.188461536] [unitree_safe_cmd_node]: Move x=0.200, z=-0.080, stop_count=0, roi_count=0, nearest_x=inf, clear_frames=4431
[INFO] [1784292760.741123840] [unitree_safe_cmd_node]: Move x=0.200, z=-0.081, stop_count=0, roi_count=0, nearest_x=inf, clear_frames=4437
[INFO] [1784292761.287641536] [unitree_safe_cmd_node]: Move x=0.200, z=-0.081, stop_count=0, roi_count=0, nearest_x=inf, clear_frames=4442
[INFO] [1784292761.841826560] [unitree_safe_cmd_node]: Move x=0.200, z=-0.080, stop_count=0, roi_count=0, nearest_x=inf, clear_frames=4448
[INFO] [1784292762.387966208] [unitree_safe_cmd_node]: Move x=0.200, z=-0.082, stop_count=0, roi_count=0, nearest_x=inf, clear_frames=4453
[INFO] [1784292762.887648032] [unitree_safe_cmd_node]: Move x=0.200, z=-0.078, stop_count=0, roi_count=0, nearest_x=inf, clear_frames=4458
[INFO] [1784292763.388194592] [unitree_safe_cmd_node]: Move x=0.200, z=-0.077, stop_count=0, roi_count=0, nearest_x=inf, clear_frames=4463
[INFO] [1784292763.937951872] [unitree_safe_cmd_node]: Move x=0.200, z=-0.080, stop_count=0, roi_count=0, nearest_x=inf, clear_frames=4468
[INFO] [1784292764.442089344] [unitree_safe_cmd_node]: Move x=0.200, z=-0.078, stop_count=0, roi_count=0, nearest_x=inf, clear_frames=4474
[INFO] [1784292764.987633664] [unitree_safe_cmd_node]: Move x=0.200, z=-0.076, stop_count=0, roi_count=0, nearest_x=inf, clear_frames=4479
[INFO] [1784292765.487990528] [unitree_safe_cmd_node]: Move x=0.200, z=-0.083, stop_count=0, roi_count=0, nearest_x=inf, clear_frames=4484
[INFO] [1784292766.039126112] [unitree_safe_cmd_node]: Move x=0.200, z=-0.081, stop_count=0, roi_count=0, nearest_x=inf, clear_frames=4490
[INFO] [1784292766.541911744] [unitree_safe_cmd_node]: Move x=0.200, z=-0.078, stop_count=0, roi_count=0, nearest_x=inf, clear_frames=4495
[INFO] [1784292767.045733408] [unitree_safe_cmd_node]: Move x=0.200, z=-0.084, stop_count=0, roi_count=0, nearest_x=inf, clear_frames=4498
[INFO] [1784292767.587755488] [unitree_safe_cmd_node]: Move x=0.200, z=-0.083, stop_count=0, roi_count=0, nearest_x=inf, clear_frames=4501
[INFO] [1784292768.088671872] [unitree_safe_cmd_node]: Move x=0.200, z=-0.081, stop_count=0, roi_count=0, nearest_x=inf, clear_frames=4505
[INFO] [1784292768.637629760] [unitree_safe_cmd_node]: Move x=0.200, z=-0.085, stop_count=0, roi_count=0, nearest_x=inf, clear_frames=4511
[INFO] [1784292769.138139520] [unitree_safe_cmd_node]: Move x=0.200, z=-0.076, stop_count=0, roi_count=0, nearest_x=inf, clear_frames=4516
[INFO] [1784292769.687734848] [unitree_safe_cmd_node]: Move x=0.200, z=-0.083, stop_count=0, roi_count=0, nearest_x=inf, clear_frames=4522
[INFO] [1784292770.197683488] [unitree_safe_cmd_node]: Move x=0.200, z=-0.079, stop_count=0, roi_count=0, nearest_x=inf, clear_frames=4528
[INFO] [1784292770.739849888] [unitree_safe_cmd_node]: Move x=0.200, z=-0.077, stop_count=0, roi_count=0, nearest_x=inf, clear_frames=4533
[INFO] [1784292771.238437600] [unitree_safe_cmd_node]: Move x=0.200, z=-0.081, stop_count=0, roi_count=0, nearest_x=inf, clear_frames=4537
[INFO] [1784292771.787995232] [unitree_safe_cmd_node]: Move x=0.200, z=-0.080, stop_count=0, roi_count=0, nearest_x=inf, clear_frames=4543
[INFO] [1784292772.287999904] [unitree_safe_cmd_node]: Move x=0.200, z=-0.084, stop_count=0, roi_count=0, nearest_x=inf, clear_frames=4548
[INFO] [1784292772.837673952] [unitree_safe_cmd_node]: Move x=0.200, z=-0.085, stop_count=0, roi_count=0, nearest_x=inf, clear_frames=4554
[INFO] [1784292773.343498720] [unitree_safe_cmd_node]: Move x=0.200, z=-0.079, stop_count=0, roi_count=0, nearest_x=inf, clear_frames=4560
[INFO] [1784292773.888015808] [unitree_safe_cmd_node]: Move x=0.200, z=-0.083, stop_count=0, roi_count=0, nearest_x=inf, clear_frames=4565
[INFO] [1784292774.388108928] [unitree_safe_cmd_node]: Move x=0.200, z=-0.082, stop_count=0, roi_count=0, nearest_x=inf, clear_frames=4569
[INFO] [1784292774.889857600] [unitree_safe_cmd_node]: Move x=0.200, z=-0.081, stop_count=0, roi_count=0, nearest_x=inf, clear_frames=4573
[INFO] [1784292775.437739872] [unitree_safe_cmd_node]: Move x=0.200, z=-0.091, stop_count=0, roi_count=0, nearest_x=inf, clear_frames=4578
[INFO] [1784292775.939812448] [unitree_safe_cmd_node]: Move x=0.200, z=-0.082, stop_count=0, roi_count=0, nearest_x=inf, clear_frames=4584
[INFO] [1784292776.488196384] [unitree_safe_cmd_node]: Move x=0.200, z=-0.078, stop_count=0, roi_count=0, nearest_x=inf, clear_frames=4589
[INFO] [1784292776.988380160] [unitree_safe_cmd_node]: Move x=0.200, z=-0.081, stop_count=0, roi_count=0, nearest_x=inf, clear_frames=4594
[INFO] [1784292777.537641856] [unitree_safe_cmd_node]: Move x=0.200, z=-0.080, stop_count=0, roi_count=0, nearest_x=inf, clear_frames=4600
[INFO] [1784292778.038179552] [unitree_safe_cmd_node]: Move x=0.200, z=-0.084, stop_count=0, roi_count=0, nearest_x=inf, clear_frames=4605
[INFO] [1784292778.587664832] [unitree_safe_cmd_node]: Move x=0.200, z=-0.085, stop_count=0, roi_count=0, nearest_x=inf, clear_frames=4611
[INFO] [1784292779.087655584] [unitree_safe_cmd_node]: Move x=0.200, z=-0.086, stop_count=0, roi_count=0, nearest_x=inf, clear_frames=4616
[INFO] [1784292779.587647264] [unitree_safe_cmd_node]: Move x=0.200, z=-0.081, stop_count=0, roi_count=0, nearest_x=inf, clear_frames=4621
[INFO] [1784292780.141158016] [unitree_safe_cmd_node]: Move x=0.200, z=-0.080, stop_count=0, roi_count=0, nearest_x=inf, clear_frames=4627
[INFO] [1784292780.646147712] [unitree_safe_cmd_node]: Move x=0.200, z=-0.083, stop_count=0, roi_count=0, nearest_x=inf, clear_frames=4632
[INFO] [1784292781.189223808] [unitree_safe_cmd_node]: Move x=0.200, z=-0.080, stop_count=0, roi_count=0, nearest_x=inf, clear_frames=4637
[INFO] [1784292781.742316608] [unitree_safe_cmd_node]: Move x=0.200, z=-0.080, stop_count=0, roi_count=0, nearest_x=inf, clear_frames=4641
[INFO] [1784292782.241463776] [unitree_safe_cmd_node]: Move x=0.200, z=-0.080, stop_count=0, roi_count=0, nearest_x=inf, clear_frames=4646
[INFO] [1784292782.787806016] [unitree_safe_cmd_node]: Move x=0.200, z=-0.082, stop_count=0, roi_count=0, nearest_x=inf, clear_frames=4651
[INFO] [1784292783.342110208] [unitree_safe_cmd_node]: Move x=0.200, z=-0.082, stop_count=0, roi_count=0, nearest_x=inf, clear_frames=4657
[INFO] [1784292783.887804736] [unitree_safe_cmd_node]: Move x=0.200, z=-0.081, stop_count=0, roi_count=0, nearest_x=inf, clear_frames=4662
[INFO] [1784292784.439810624] [unitree_safe_cmd_node]: Move x=0.200, z=-0.077, stop_count=0, roi_count=0, nearest_x=inf, clear_frames=4668
[INFO] [1784292784.987909888] [unitree_safe_cmd_node]: Move x=0.200, z=-0.078, stop_count=0, roi_count=0, nearest_x=inf, clear_frames=4673
[INFO] [1784292785.539985792] [unitree_safe_cmd_node]: Move x=0.200, z=-0.081, stop_count=0, roi_count=0, nearest_x=inf, clear_frames=4679
[INFO] [1784292786.040822080] [unitree_safe_cmd_node]: Move x=0.200, z=-0.078, stop_count=0, roi_count=0, nearest_x=inf, clear_frames=4684
[INFO] [1784292786.542583744] [unitree_safe_cmd_node]: Move x=0.200, z=-0.080, stop_count=0, roi_count=0, nearest_x=inf, clear_frames=4689
[INFO] [1784292787.087780064] [unitree_safe_cmd_node]: Move x=0.200, z=-0.080, stop_count=0, roi_count=0, nearest_x=inf, clear_frames=4694
[INFO] [1784292787.587840800] [unitree_safe_cmd_node]: Move x=0.200, z=-0.076, stop_count=0, roi_count=0, nearest_x=inf, clear_frames=4699
[INFO] [1784292788.142396896] [unitree_safe_cmd_node]: Move x=0.200, z=-0.078, stop_count=0, roi_count=0, nearest_x=inf, clear_frames=4705
[INFO] [1784292788.688122272] [unitree_safe_cmd_node]: Move x=0.200, z=-0.077, stop_count=0, roi_count=0, nearest_x=inf, clear_frames=4710
[INFO] [1784292789.188025792] [unitree_safe_cmd_node]: Move x=0.200, z=-0.079, stop_count=0, roi_count=0, nearest_x=inf, clear_frames=4715
[INFO] [1784292789.691020736] [unitree_safe_cmd_node]: Move x=0.200, z=-0.078, stop_count=0, roi_count=0, nearest_x=inf, clear_frames=4720
[INFO] [1784292790.238507232] [unitree_safe_cmd_node]: Move x=0.200, z=-0.080, stop_count=0, roi_count=0, nearest_x=inf, clear_frames=4725
[INFO] [1784292790.788788736] [unitree_safe_cmd_node]: Move x=0.200, z=-0.081, stop_count=0, roi_count=0, nearest_x=inf, clear_frames=4729
[INFO] [1784292791.291609120] [unitree_safe_cmd_node]: Move x=0.200, z=-0.079, stop_count=0, roi_count=0, nearest_x=inf, clear_frames=4733
[INFO] [1784292791.841950432] [unitree_safe_cmd_node]: Move x=0.200, z=-0.080, stop_count=0, roi_count=0, nearest_x=inf, clear_frames=4738
[INFO] [1784292792.387666016] [unitree_safe_cmd_node]: Move x=0.200, z=-0.081, stop_count=0, roi_count=0, nearest_x=inf, clear_frames=4743
[INFO] [1784292792.888268640] [unitree_safe_cmd_node]: Move x=0.200, z=-0.077, stop_count=0, roi_count=0, nearest_x=inf, clear_frames=4747
[INFO] [1784292793.437642304] [unitree_safe_cmd_node]: Move x=0.200, z=-0.081, stop_count=0, roi_count=0, nearest_x=inf, clear_frames=4753
[INFO] [1784292793.938241024] [unitree_safe_cmd_node]: Move x=0.200, z=-0.079, stop_count=0, roi_count=0, nearest_x=inf, clear_frames=4758
[INFO] [1784292794.490089728] [unitree_safe_cmd_node]: Move x=0.200, z=-0.081, stop_count=0, roi_count=0, nearest_x=inf, clear_frames=4764
[INFO] [1784292795.037686816] [unitree_safe_cmd_node]: Move x=0.200, z=-0.080, stop_count=0, roi_count=0, nearest_x=inf, clear_frames=4770
[INFO] [1784292795.587710720] [unitree_safe_cmd_node]: Move x=0.200, z=-0.075, stop_count=0, roi_count=0, nearest_x=inf, clear_frames=4776
[INFO] [1784292796.088589088] [unitree_safe_cmd_node]: Move x=0.200, z=-0.079, stop_count=0, roi_count=0, nearest_x=inf, clear_frames=4781
[INFO] [1784292796.591096192] [unitree_safe_cmd_node]: Move x=0.200, z=-0.079, stop_count=0, roi_count=0, nearest_x=inf, clear_frames=4786
[INFO] [1784292797.137941984] [unitree_safe_cmd_node]: Move x=0.200, z=-0.073, stop_count=0, roi_count=0, nearest_x=inf, clear_frames=4791
[INFO] [1784292797.687756192] [unitree_safe_cmd_node]: Move x=0.200, z=-0.083, stop_count=0, roi_count=0, nearest_x=inf, clear_frames=4797
[INFO] [1784292798.188272864] [unitree_safe_cmd_node]: Move x=0.200, z=-0.074, stop_count=0, roi_count=0, nearest_x=inf, clear_frames=4802
[INFO] [1784292798.691664576] [unitree_safe_cmd_node]: Move x=0.200, z=-0.076, stop_count=0, roi_count=0, nearest_x=inf, clear_frames=4807
[INFO] [1784292799.237676800] [unitree_safe_cmd_node]: Move x=0.200, z=-0.085, stop_count=0, roi_count=0, nearest_x=inf, clear_frames=4813
[INFO] [1784292799.738390048] [unitree_safe_cmd_node]: Move x=0.200, z=-0.084, stop_count=0, roi_count=0, nearest_x=inf, clear_frames=4818
[INFO] [1784292800.287751200] [unitree_safe_cmd_node]: Move x=0.200, z=-0.074, stop_count=0, roi_count=0, nearest_x=inf, clear_frames=4824
[INFO] [1784292800.793307872] [unitree_safe_cmd_node]: Move x=0.200, z=-0.079, stop_count=0, roi_count=0, nearest_x=inf, clear_frames=4830
[INFO] [1784292801.340638208] [unitree_safe_cmd_node]: Move x=0.200, z=-0.078, stop_count=0, roi_count=0, nearest_x=inf, clear_frames=4836
[INFO] [1784292801.887710592] [unitree_safe_cmd_node]: Move x=0.200, z=-0.078, stop_count=0, roi_count=0, nearest_x=inf, clear_frames=4840
[INFO] [1784292802.388212512] [unitree_safe_cmd_node]: Move x=0.200, z=-0.078, stop_count=0, roi_count=0, nearest_x=inf, clear_frames=4845
[INFO] [1784292802.887886560] [unitree_safe_cmd_node]: Move x=0.200, z=-0.076, stop_count=0, roi_count=0, nearest_x=inf, clear_frames=4850
[INFO] [1784292803.391205184] [unitree_safe_cmd_node]: Move x=0.200, z=-0.081, stop_count=0, roi_count=0, nearest_x=inf, clear_frames=4855
[INFO] [1784292803.949357312] [unitree_safe_cmd_node]: Move x=0.200, z=-0.079, stop_count=0, roi_count=0, nearest_x=inf, clear_frames=4861
[INFO] [1784292804.487666624] [unitree_safe_cmd_node]: Move x=0.200, z=-0.080, stop_count=0, roi_count=0, nearest_x=inf, clear_frames=4866
[INFO] [1784292805.040088032] [unitree_safe_cmd_node]: Move x=0.200, z=-0.082, stop_count=0, roi_count=0, nearest_x=inf, clear_frames=4872
[INFO] [1784292805.541016384] [unitree_safe_cmd_node]: Move x=0.200, z=-0.077, stop_count=0, roi_count=0, nearest_x=inf, clear_frames=4877
[INFO] [1784292806.042989184] [unitree_safe_cmd_node]: Move x=0.200, z=-0.079, stop_count=0, roi_count=0, nearest_x=inf, clear_frames=4882
[INFO] [1784292806.547139104] [unitree_safe_cmd_node]: Move x=0.200, z=-0.084, stop_count=0, roi_count=0, nearest_x=inf, clear_frames=4887
[INFO] [1784292807.087686688] [unitree_safe_cmd_node]: Move x=0.200, z=-0.076, stop_count=0, roi_count=0, nearest_x=inf, clear_frames=4892
[INFO] [1784292807.587626784] [unitree_safe_cmd_node]: Move x=0.200, z=-0.077, stop_count=0, roi_count=0, nearest_x=inf, clear_frames=4897
[INFO] [1784292808.087658016] [unitree_safe_cmd_node]: Move x=0.200, z=-0.082, stop_count=0, roi_count=0, nearest_x=inf, clear_frames=4902
[INFO] [1784292808.587743424] [unitree_safe_cmd_node]: Move x=0.200, z=-0.079, stop_count=0, roi_count=0, nearest_x=inf, clear_frames=4907
[INFO] [1784292809.087889504] [unitree_safe_cmd_node]: Move x=0.200, z=-0.081, stop_count=0, roi_count=0, nearest_x=inf, clear_frames=4912
[INFO] [1784292809.588274272] [unitree_safe_cmd_node]: Move x=0.200, z=-0.081, stop_count=0, roi_count=0, nearest_x=inf, clear_frames=4917
[INFO] [1784292810.140822304] [unitree_safe_cmd_node]: Move x=0.200, z=-0.072, stop_count=0, roi_count=0, nearest_x=inf, clear_frames=4922
[INFO] [1784292810.687662304] [unitree_safe_cmd_node]: Move x=0.200, z=-0.077, stop_count=0, roi_count=0, nearest_x=inf, clear_frames=4928
[INFO] [1784292811.188111104] [unitree_safe_cmd_node]: Move x=0.200, z=-0.081, stop_count=0, roi_count=0, nearest_x=inf, clear_frames=4933
[INFO] [1784292811.740865344] [unitree_safe_cmd_node]: Move x=0.200, z=-0.079, stop_count=0, roi_count=0, nearest_x=inf, clear_frames=4939
[INFO] [1784292812.241658848] [unitree_safe_cmd_node]: Move x=0.200, z=-0.073, stop_count=0, roi_count=0, nearest_x=inf, clear_frames=4944
[INFO] [1784292812.787935776] [unitree_safe_cmd_node]: Move x=0.200, z=-0.079, stop_count=0, roi_count=0, nearest_x=inf, clear_frames=4949
[INFO] [1784292813.287876512] [unitree_safe_cmd_node]: Move x=0.200, z=-0.084, stop_count=0, roi_count=0, nearest_x=inf, clear_frames=4954
[INFO] [1784292813.788150848] [unitree_safe_cmd_node]: Move x=0.200, z=-0.077, stop_count=0, roi_count=0, nearest_x=inf, clear_frames=4958
[INFO] [1784292814.288463040] [unitree_safe_cmd_node]: Move x=0.200, z=-0.080, stop_count=0, roi_count=0, nearest_x=inf, clear_frames=4961
[INFO] [1784292814.839766336] [unitree_safe_cmd_node]: Move x=0.200, z=-0.082, stop_count=0, roi_count=0, nearest_x=inf, clear_frames=4965
[INFO] [1784292815.389156128] [unitree_safe_cmd_node]: Move x=0.200, z=-0.080, stop_count=0, roi_count=0, nearest_x=inf, clear_frames=4969
[INFO] [1784292815.937916672] [unitree_safe_cmd_node]: Move x=0.200, z=-0.081, stop_count=0, roi_count=0, nearest_x=inf, clear_frames=4975
[INFO] [1784292816.438465472] [unitree_safe_cmd_node]: Move x=0.200, z=-0.075, stop_count=0, roi_count=0, nearest_x=inf, clear_frames=4980
[INFO] [1784292816.987619328] [unitree_safe_cmd_node]: Move x=0.200, z=-0.084, stop_count=0, roi_count=0, nearest_x=inf, clear_frames=4986
[INFO] [1784292817.488022752] [unitree_safe_cmd_node]: Move x=0.200, z=-0.078, stop_count=0, roi_count=0, nearest_x=inf, clear_frames=4990
[INFO] [1784292817.991154688] [unitree_safe_cmd_node]: Move x=0.200, z=-0.075, stop_count=0, roi_count=0, nearest_x=inf, clear_frames=4994
[INFO] [1784292818.538175936] [unitree_safe_cmd_node]: Move x=0.200, z=-0.079, stop_count=0, roi_count=0, nearest_x=inf, clear_frames=5000
[INFO] [1784292819.087960896] [unitree_safe_cmd_node]: Move x=0.200, z=-0.080, stop_count=0, roi_count=0, nearest_x=inf, clear_frames=5006
[INFO] [1784292819.639178432] [unitree_safe_cmd_node]: Move x=0.200, z=-0.079, stop_count=0, roi_count=0, nearest_x=inf, clear_frames=5012
[INFO] [1784292820.138069024] [unitree_safe_cmd_node]: Move x=0.200, z=-0.076, stop_count=0, roi_count=0, nearest_x=inf, clear_frames=5018
[INFO] [1784292820.687606240] [unitree_safe_cmd_node]: Move x=0.200, z=-0.081, stop_count=0, roi_count=0, nearest_x=inf, clear_frames=5024
[INFO] [1784292821.189497536] [unitree_safe_cmd_node]: Move x=0.200, z=-0.081, stop_count=0, roi_count=0, nearest_x=inf, clear_frames=5029
[INFO] [1784292821.737750592] [unitree_safe_cmd_node]: Move x=0.200, z=-0.081, stop_count=0, roi_count=0, nearest_x=inf, clear_frames=5035
[INFO] [1784292822.238447584] [unitree_safe_cmd_node]: Move x=0.200, z=-0.079, stop_count=0, roi_count=0, nearest_x=inf, clear_frames=5040
[INFO] [1784292822.741251392] [unitree_safe_cmd_node]: Move x=0.200, z=-0.080, stop_count=0, roi_count=0, nearest_x=inf, clear_frames=5046
[INFO] [1784292823.241986144] [unitree_safe_cmd_node]: Move x=0.200, z=-0.082, stop_count=0, roi_count=0, nearest_x=inf, clear_frames=5051
[INFO] [1784292823.787642272] [unitree_safe_cmd_node]: Move x=0.200, z=-0.078, stop_count=0, roi_count=0, nearest_x=inf, clear_frames=5056
[INFO] [1784292824.287677888] [unitree_safe_cmd_node]: Move x=0.200, z=-0.082, stop_count=0, roi_count=0, nearest_x=inf, clear_frames=5061
[INFO] [1784292824.792790400] [unitree_safe_cmd_node]: Move x=0.200, z=-0.082, stop_count=0, roi_count=0, nearest_x=inf, clear_frames=5065
[INFO] [1784292825.337976576] [unitree_safe_cmd_node]: Move x=0.200, z=-0.072, stop_count=0, roi_count=0, nearest_x=inf, clear_frames=5071
[INFO] [1784292825.838197984] [unitree_safe_cmd_node]: Move x=0.200, z=-0.082, stop_count=0, roi_count=0, nearest_x=inf, clear_frames=5076
[INFO] [1784292826.387698880] [unitree_safe_cmd_node]: Move x=0.200, z=-0.077, stop_count=0, roi_count=0, nearest_x=inf, clear_frames=5082
[INFO] [1784292826.887738944] [unitree_safe_cmd_node]: Move x=0.200, z=-0.083, stop_count=0, roi_count=0, nearest_x=inf, clear_frames=5087
[INFO] [1784292827.388164256] [unitree_safe_cmd_node]: Move x=0.200, z=-0.075, stop_count=0, roi_count=0, nearest_x=inf, clear_frames=5092
[INFO] [1784292827.939433024] [unitree_safe_cmd_node]: Move x=0.200, z=-0.076, stop_count=0, roi_count=0, nearest_x=inf, clear_frames=5098
[INFO] [1784292828.488150464] [unitree_safe_cmd_node]: Move x=0.200, z=-0.084, stop_count=0, roi_count=0, nearest_x=inf, clear_frames=5103
[INFO] [1784292829.039953568] [unitree_safe_cmd_node]: Move x=0.200, z=-0.078, stop_count=0, roi_count=0, nearest_x=inf, clear_frames=5109
[INFO] [1784292829.587899008] [unitree_safe_cmd_node]: Move x=0.200, z=-0.079, stop_count=0, roi_count=0, nearest_x=inf, clear_frames=5114
[INFO] [1784292830.140076032] [unitree_safe_cmd_node]: Move x=0.200, z=-0.078, stop_count=0, roi_count=0, nearest_x=inf, clear_frames=5120
[INFO] [1784292830.687914304] [unitree_safe_cmd_node]: Move x=0.200, z=-0.076, stop_count=0, roi_count=0, nearest_x=inf, clear_frames=5125
[INFO] [1784292831.188271200] [unitree_safe_cmd_node]: Move x=0.200, z=-0.085, stop_count=0, roi_count=0, nearest_x=inf, clear_frames=5130
[INFO] [1784292831.740842624] [unitree_safe_cmd_node]: Move x=0.200, z=-0.077, stop_count=0, roi_count=0, nearest_x=inf, clear_frames=5135
[INFO] [1784292832.241994176] [unitree_safe_cmd_node]: Move x=0.200, z=-0.077, stop_count=0, roi_count=0, nearest_x=inf, clear_frames=5141
[INFO] [1784292832.787627168] [unitree_safe_cmd_node]: Move x=0.200, z=-0.081, stop_count=0, roi_count=0, nearest_x=inf, clear_frames=5146
[INFO] [1784292833.287635744] [unitree_safe_cmd_node]: Move x=0.200, z=-0.080, stop_count=0, roi_count=0, nearest_x=inf, clear_frames=5151
[INFO] [1784292833.787754656] [unitree_safe_cmd_node]: Move x=0.200, z=-0.081, stop_count=0, roi_count=0, nearest_x=inf, clear_frames=5156
[INFO] [1784292834.343577024] [unitree_safe_cmd_node]: Move x=0.200, z=-0.078, stop_count=0, roi_count=0, nearest_x=inf, clear_frames=5162
[INFO] [1784292834.887647072] [unitree_safe_cmd_node]: Move x=0.200, z=-0.080, stop_count=0, roi_count=0, nearest_x=inf, clear_frames=5167
[INFO] [1784292835.387884224] [unitree_safe_cmd_node]: Move x=0.200, z=-0.078, stop_count=0, roi_count=0, nearest_x=inf, clear_frames=5171
[INFO] [1784292835.938484128] [unitree_safe_cmd_node]: Move x=0.200, z=-0.079, stop_count=0, roi_count=0, nearest_x=inf, clear_frames=5176
[INFO] [1784292836.446277856] [unitree_safe_cmd_node]: Move x=0.200, z=-0.079, stop_count=0, roi_count=0, nearest_x=inf, clear_frames=5182
[INFO] [1784292836.987867584] [unitree_safe_cmd_node]: Move x=0.200, z=-0.085, stop_count=0, roi_count=0, nearest_x=inf, clear_frames=5186
[INFO] [1784292837.487916192] [unitree_safe_cmd_node]: Move x=0.200, z=-0.081, stop_count=0, roi_count=0, nearest_x=inf, clear_frames=5190
[INFO] [1784292838.038215616] [unitree_safe_cmd_node]: Move x=0.200, z=-0.080, stop_count=0, roi_count=0, nearest_x=inf, clear_frames=5194
[INFO] [1784292838.541282720] [unitree_safe_cmd_node]: Move x=0.200, z=-0.078, stop_count=0, roi_count=0, nearest_x=inf, clear_frames=5200
[INFO] [1784292839.087944128] [unitree_safe_cmd_node]: Move x=0.200, z=-0.085, stop_count=0, roi_count=0, nearest_x=inf, clear_frames=5205
[INFO] [1784292839.637714272] [unitree_safe_cmd_node]: Move x=0.200, z=-0.082, stop_count=0, roi_count=0, nearest_x=inf, clear_frames=5211
[INFO] [1784292840.194491168] [unitree_safe_cmd_node]: Move x=0.200, z=-0.083, stop_count=0, roi_count=0, nearest_x=inf, clear_frames=5217
[INFO] [1784292840.738026656] [unitree_safe_cmd_node]: Move x=0.200, z=-0.080, stop_count=0, roi_count=0, nearest_x=inf, clear_frames=5222
[INFO] [1784292841.239605888] [unitree_safe_cmd_node]: Move x=0.200, z=-0.079, stop_count=0, roi_count=0, nearest_x=inf, clear_frames=5228
[INFO] [1784292841.787746432] [unitree_safe_cmd_node]: Move x=0.200, z=-0.082, stop_count=0, roi_count=0, nearest_x=inf, clear_frames=5233
[INFO] [1784292842.288058016] [unitree_safe_cmd_node]: Move x=0.200, z=-0.082, stop_count=0, roi_count=0, nearest_x=inf, clear_frames=5238
[INFO] [1784292842.837936352] [unitree_safe_cmd_node]: Move x=0.200, z=-0.080, stop_count=0, roi_count=0, nearest_x=inf, clear_frames=5243
[INFO] [1784292843.387597664] [unitree_safe_cmd_node]: Move x=0.200, z=-0.084, stop_count=0, roi_count=0, nearest_x=inf, clear_frames=5249
[INFO] [1784292843.895021472] [unitree_safe_cmd_node]: Move x=0.200, z=-0.079, stop_count=0, roi_count=0, nearest_x=inf, clear_frames=5255
[INFO] [1784292844.437665088] [unitree_safe_cmd_node]: Move x=0.200, z=-0.077, stop_count=0, roi_count=0, nearest_x=inf, clear_frames=5260
[INFO] [1784292844.941744672] [unitree_safe_cmd_node]: Move x=0.200, z=-0.081, stop_count=0, roi_count=0, nearest_x=inf, clear_frames=5266
[INFO] [1784292845.488350976] [unitree_safe_cmd_node]: Move x=0.200, z=-0.077, stop_count=0, roi_count=0, nearest_x=inf, clear_frames=5271
[INFO] [1784292845.989022176] [unitree_safe_cmd_node]: Move x=0.200, z=-0.076, stop_count=0, roi_count=0, nearest_x=inf, clear_frames=5275
[INFO] [1784292846.537698400] [unitree_safe_cmd_node]: Move x=0.200, z=-0.074, stop_count=0, roi_count=0, nearest_x=inf, clear_frames=5281
[INFO] [1784292847.087668320] [unitree_safe_cmd_node]: Move x=0.200, z=-0.082, stop_count=0, roi_count=0, nearest_x=inf, clear_frames=5287
[INFO] [1784292847.587825024] [unitree_safe_cmd_node]: Move x=0.200, z=-0.080, stop_count=0, roi_count=0, nearest_x=inf, clear_frames=5292
[INFO] [1784292848.088011840] [unitree_safe_cmd_node]: Move x=0.200, z=-0.082, stop_count=0, roi_count=0, nearest_x=inf, clear_frames=5297
[INFO] [1784292848.644003808] [unitree_safe_cmd_node]: Move x=0.200, z=-0.080, stop_count=0, roi_count=0, nearest_x=inf, clear_frames=5303
[INFO] [1784292849.187984960] [unitree_safe_cmd_node]: Move x=0.200, z=-0.078, stop_count=0, roi_count=0, nearest_x=inf, clear_frames=5308
[INFO] [1784292849.739670592] [unitree_safe_cmd_node]: Move x=0.200, z=-0.078, stop_count=0, roi_count=0, nearest_x=inf, clear_frames=5312
[INFO] [1784292850.240393024] [unitree_safe_cmd_node]: Move x=0.200, z=-0.078, stop_count=0, roi_count=0, nearest_x=inf, clear_frames=5318
[INFO] [1784292850.787650336] [unitree_safe_cmd_node]: Move x=0.200, z=-0.078, stop_count=0, roi_count=0, nearest_x=inf, clear_frames=5323
[INFO] [1784292851.287663200] [unitree_safe_cmd_node]: Move x=0.200, z=-0.082, stop_count=0, roi_count=0, nearest_x=inf, clear_frames=5328
[INFO] [1784292851.840844448] [unitree_safe_cmd_node]: Move x=0.200, z=-0.079, stop_count=0, roi_count=0, nearest_x=inf, clear_frames=5334
[INFO] [1784292852.340988800] [unitree_safe_cmd_node]: Move x=0.200, z=-0.081, stop_count=0, roi_count=0, nearest_x=inf, clear_frames=5339
[INFO] [1784292852.841548256] [unitree_safe_cmd_node]: Move x=0.200, z=-0.081, stop_count=0, roi_count=0, nearest_x=inf, clear_frames=5344
[INFO] [1784292853.388381568] [unitree_safe_cmd_node]: Move x=0.200, z=-0.078, stop_count=0, roi_count=0, nearest_x=inf, clear_frames=5349
[INFO] [1784292853.888108928] [unitree_safe_cmd_node]: Move x=0.200, z=-0.073, stop_count=0, roi_count=0, nearest_x=inf, clear_frames=5354
[INFO] [1784292854.442295488] [unitree_safe_cmd_node]: Move x=0.200, z=-0.085, stop_count=0, roi_count=0, nearest_x=inf, clear_frames=5360
[INFO] [1784292854.987635008] [unitree_safe_cmd_node]: Move x=0.200, z=-0.078, stop_count=0, roi_count=0, nearest_x=inf, clear_frames=5365
[INFO] [1784292855.541138112] [unitree_safe_cmd_node]: Move x=0.200, z=-0.085, stop_count=0, roi_count=0, nearest_x=inf, clear_frames=5371
[INFO] [1784292856.087883520] [unitree_safe_cmd_node]: Move x=0.200, z=-0.081, stop_count=0, roi_count=0, nearest_x=inf, clear_frames=5376
[INFO] [1784292856.588915968] [unitree_safe_cmd_node]: Move x=0.200, z=-0.079, stop_count=0, roi_count=0, nearest_x=inf, clear_frames=5381
[INFO] [1784292857.088190336] [unitree_safe_cmd_node]: Move x=0.200, z=-0.081, stop_count=0, roi_count=0, nearest_x=inf, clear_frames=5386
[INFO] [1784292857.638246752] [unitree_safe_cmd_node]: Move x=0.200, z=-0.077, stop_count=0, roi_count=0, nearest_x=inf, clear_frames=5391
[INFO] [1784292858.140518208] [unitree_safe_cmd_node]: Move x=0.200, z=-0.076, stop_count=0, roi_count=0, nearest_x=inf, clear_frames=5397
[INFO] [1784292858.687658656] [unitree_safe_cmd_node]: Move x=0.200, z=-0.076, stop_count=0, roi_count=0, nearest_x=inf, clear_frames=5402
[INFO] [1784292859.188212704] [unitree_safe_cmd_node]: Move x=0.200, z=-0.082, stop_count=0, roi_count=0, nearest_x=inf, clear_frames=5406
[INFO] [1784292859.742540320] [unitree_safe_cmd_node]: Move x=0.200, z=-0.078, stop_count=0, roi_count=0, nearest_x=inf, clear_frames=5411
[INFO] [1784292860.290117216] [unitree_safe_cmd_node]: Move x=0.200, z=-0.073, stop_count=0, roi_count=0, nearest_x=inf, clear_frames=5415
[INFO] [1784292860.840095840] [unitree_safe_cmd_node]: Move x=0.200, z=-0.075, stop_count=0, roi_count=0, nearest_x=inf, clear_frames=5420
[INFO] [1784292861.388351616] [unitree_safe_cmd_node]: Move x=0.200, z=-0.079, stop_count=0, roi_count=0, nearest_x=inf, clear_frames=5425
[INFO] [1784292861.888443008] [unitree_safe_cmd_node]: Move x=0.200, z=-0.078, stop_count=0, roi_count=0, nearest_x=inf, clear_frames=5430
[INFO] [1784292862.388501440] [unitree_safe_cmd_node]: Move x=0.200, z=-0.081, stop_count=0, roi_count=0, nearest_x=inf, clear_frames=5435
[INFO] [1784292862.939536736] [unitree_safe_cmd_node]: Move x=0.200, z=-0.077, stop_count=0, roi_count=0, nearest_x=inf, clear_frames=5441
[INFO] [1784292863.488592288] [unitree_safe_cmd_node]: Move x=0.200, z=-0.073, stop_count=0, roi_count=0, nearest_x=inf, clear_frames=5447
[INFO] [1784292864.038394272] [unitree_safe_cmd_node]: Move x=0.200, z=-0.080, stop_count=0, roi_count=0, nearest_x=inf, clear_frames=5453
[INFO] [1784292864.589520448] [unitree_safe_cmd_node]: Move x=0.200, z=-0.081, stop_count=0, roi_count=0, nearest_x=inf, clear_frames=5459
[INFO] [1784292865.138535584] [unitree_safe_cmd_node]: Move x=0.200, z=-0.078, stop_count=0, roi_count=0, nearest_x=inf, clear_frames=5464
[INFO] [1784292865.643487104] [unitree_safe_cmd_node]: Move x=0.200, z=-0.074, stop_count=0, roi_count=0, nearest_x=inf, clear_frames=5470
[INFO] [1784292866.188107552] [unitree_safe_cmd_node]: Move x=0.200, z=-0.077, stop_count=0, roi_count=0, nearest_x=inf, clear_frames=5475
[INFO] [1784292866.738039968] [unitree_safe_cmd_node]: Move x=0.200, z=-0.079, stop_count=0, roi_count=0, nearest_x=inf, clear_frames=5480
[INFO] [1784292867.241582976] [unitree_safe_cmd_node]: Move x=0.200, z=-0.079, stop_count=0, roi_count=0, nearest_x=inf, clear_frames=5486
[INFO] [1784292867.788343200] [unitree_safe_cmd_node]: Move x=0.200, z=-0.076, stop_count=0, roi_count=0, nearest_x=inf, clear_frames=5491
[INFO] [1784292868.340466208] [unitree_safe_cmd_node]: Move x=0.200, z=-0.086, stop_count=0, roi_count=0, nearest_x=inf, clear_frames=5496
[INFO] [1784292868.841074656] [unitree_safe_cmd_node]: Move x=0.200, z=-0.080, stop_count=0, roi_count=0, nearest_x=inf, clear_frames=5501
[INFO] [1784292869.387689184] [unitree_safe_cmd_node]: Move x=0.200, z=-0.077, stop_count=0, roi_count=0, nearest_x=inf, clear_frames=5506
[INFO] [1784292869.887775392] [unitree_safe_cmd_node]: Move x=0.200, z=-0.076, stop_count=0, roi_count=0, nearest_x=inf, clear_frames=5511
[INFO] [1784292870.387968224] [unitree_safe_cmd_node]: Move x=0.200, z=-0.084, stop_count=0, roi_count=0, nearest_x=inf, clear_frames=5516
[INFO] [1784292870.939774528] [unitree_safe_cmd_node]: Move x=0.200, z=-0.081, stop_count=0, roi_count=0, nearest_x=inf, clear_frames=5522
[INFO] [1784292871.441513888] [unitree_safe_cmd_node]: Move x=0.200, z=-0.083, stop_count=0, roi_count=0, nearest_x=inf, clear_frames=5527
[INFO] [1784292871.987734688] [unitree_safe_cmd_node]: Move x=0.200, z=-0.082, stop_count=0, roi_count=0, nearest_x=inf, clear_frames=5532
[INFO] [1784292872.487644000] [unitree_safe_cmd_node]: Move x=0.200, z=-0.088, stop_count=0, roi_count=0, nearest_x=inf, clear_frames=5537
[INFO] [1784292872.987849952] [unitree_safe_cmd_node]: Move x=0.200, z=-0.078, stop_count=0, roi_count=0, nearest_x=inf, clear_frames=5542
[INFO] [1784292873.542233408] [unitree_safe_cmd_node]: Move x=0.200, z=0.027, stop_count=0, roi_count=0, nearest_x=inf, clear_frames=5548
[INFO] [1784292874.087702368] [unitree_safe_cmd_node]: Move x=0.200, z=0.036, stop_count=0, roi_count=0, nearest_x=inf, clear_frames=5553
[INFO] [1784292874.587939488] [unitree_safe_cmd_node]: Move x=0.200, z=0.037, stop_count=0, roi_count=0, nearest_x=inf, clear_frames=5558
[INFO] [1784292875.138307936] [unitree_safe_cmd_node]: Move x=0.200, z=-0.023, stop_count=0, roi_count=0, nearest_x=inf, clear_frames=5562
[INFO] [1784292875.638885760] [unitree_safe_cmd_node]: Move x=0.200, z=-0.200, stop_count=0, roi_count=0, nearest_x=inf, clear_frames=5566
[INFO] [1784292876.141492480] [unitree_safe_cmd_node]: Move x=0.100, z=-0.450, stop_count=0, roi_count=0, nearest_x=inf, clear_frames=5572
[INFO] [1784292876.644562560] [unitree_safe_cmd_node]: Move x=0.100, z=-0.450, stop_count=0, roi_count=0, nearest_x=inf, clear_frames=5577
[INFO] [1784292877.187968032] [unitree_safe_cmd_node]: Move x=0.200, z=-0.290, stop_count=0, roi_count=0, nearest_x=inf, clear_frames=5582
[INFO] [1784292877.741335744] [unitree_safe_cmd_node]: Move x=0.200, z=-0.175, stop_count=0, roi_count=0, nearest_x=inf, clear_frames=5588
[INFO] [1784292878.289557632] [unitree_safe_cmd_node]: Move x=0.200, z=-0.085, stop_count=0, roi_count=0, nearest_x=inf, clear_frames=5592
[INFO] [1784292878.842088416] [unitree_safe_cmd_node]: Move x=0.2