[INFO] [1783599695.706810107] [waypoint_follower]: enhanced waypoint_follower started
[INFO] [1783599695.710362033] [waypoint_follower]: route_file: /home/unitree/go2_fastlio_ws/src/go2_fastlio_patrol/routes/tju25btest3luoxian.csv
[INFO] [1783599695.713479612] [waypoint_follower]: route points: 423
[INFO] [1783599695.714168859] [waypoint_follower]: loop_mode: pingpong
[INFO] [1783599695.716198682] [waypoint_follower]: lookahead_distance: 0.6
[INFO] [1783599695.716822140] [waypoint_follower]: reach_distance: 0.4
[INFO] [1783599696.585474383] [waypoint_follower]: init nearest_index=422, distance_to_start=1596478.513
[WARN] [1783599696.587369460] [waypoint_follower]: far from local route: d=1213339.34, relocalize nearest_index 422 -> 422
[INFO] [1783599696.590400323] [waypoint_follower]: nearest=422, target=422, dist=1213339.34, alpha=-1.52, vx=0.00, yaw_rate=-0.45, dir=1
[WARN] [1783599696.637716302] [waypoint_follower]: far from local route: d=1213339.34, relocalize nearest_index 422 -> 422
[WARN] [1783599696.687934702] [waypoint_follower]: far from local route: d=1213339.34, relocalize nearest_index 422 -> 422
[WARN] [1783599696.737806206] [waypoint_follower]: far from local route: d=1213339.34, relocalize nearest_index 422 -> 422
[WARN] [1783599696.787843910] [waypoint_follower]: far from local route: d=1213339.34, relocalize nearest_index 422 -> 422
[WARN] [1783599696.837819730] [waypoint_follower]: far from local route: d=1213339.34, relocalize nearest_index 422 -> 422
[WARN] [1783599696.888135277] [waypoint_follower]: far from local route: d=1213339.34, relocalize nearest_index 422 -> 422
[WARN] [1783599696.938192116] [waypoint_follower]: far from local route: d=1213339.34, relocalize nearest_index 422 -> 422
[WARN] [1783599696.987937803] [waypoint_follower]: far from local route: d=1213339.34, relocalize nearest_index 422 -> 422
[WARN] [1783599697.037897559] [waypoint_follower]: far from local route: d=1213339.34, relocalize nearest_index 422 -> 422
[WARN] [1783599697.087947551] [waypoint_follower]: far from local route: d=1213339.34, relocalize nearest_index 422 -> 422
[WARN] [1783599697.137906059] [waypoint_follower]: far from local route: d=1213339.34, relocalize nearest_index 422 -> 422
[WARN] [1783599697.187808058] [waypoint_follower]: far from local route: d=1213339.34, relocalize nearest_index 422 -> 422
[WARN] [1783599697.237775046] [waypoint_follower]: far from local route: d=1213339.34, relocalize nearest_index 422 -> 422
[WARN] [1783599697.287813198] [waypoint_follower]: far from local route: d=1213339.34, relocalize nearest_index 422 -> 422
[WARN] [1783599697.338025774] [waypoint_follower]: far from local route: d=1213339.34, relocalize nearest_index 422 -> 422
[WARN] [1783599697.395134085] [waypoint_follower]: far from local route: d=1213339.34, relocalize nearest_index 422 -> 422
[WARN] [1783599697.438358259] [waypoint_follower]: far from local route: d=1213339.34, relocalize nearest_index 422 -> 422
[WARN] [1783599697.498949539] [waypoint_follower]: far from local route: d=1213339.34, relocalize nearest_index 422 -> 422
[WARN] [1783599697.538339848] [waypoint_follower]: far from local route: d=1213339.34, relocalize nearest_index 422 -> 422
[WARN] [1783599697.588061696] [waypoint_follower]: far from local route: d=1213339.34, relocalize nearest_index 422 -> 422
[INFO] [1783599697.589116461] [waypoint_follower]: nearest=422, target=422, dist=1213339.34, alpha=-1.52, vx=0.00, yaw_rate=-0.45, dir=1
[WARN] [1783599697.637808214] [waypoint_follower]: far from local route: d=1213339.34, relocalize nearest_index 422 -> 422
[WARN] [1783599697.687841215] [waypoint_follower]: far from local route: d=1213339.34, relocalize nearest_index 422 -> 422
[WARN] [1783599697.737787212] [waypoint_follower]: far from local route: d=1213339.34, relocalize nearest_index 422 -> 422
[WARN] [1783599697.787815892] [waypoint_follower]: far from local route: d=1213339.34, relocalize nearest_index 422 -> 422
[WARN] [1783599697.837783008] [waypoint_follower]: far from local route: d=1213339.34, relocalize nearest_index 422 -> 422
[WARN] [1783599697.887889861] [waypoint_follower]: far from local route: d=1213339.34, relocalize nearest_index 422 -> 422
[WARN] [1783599697.937866289] [waypoint_follower]: far from local route: d=1213339.34, relocalize nearest_index 422 -> 422
[WARN] [1783599697.987841884] [waypoint_follower]: far from local route: d=1213339.34, relocalize nearest_index 422 -> 422
[WARN] [1783599698.037863301] [waypoint_follower]: far from local route: d=1213339.34, relocalize nearest_index 422 -> 422
[WARN] [1783599698.087814706] [waypoint_follower]: far from local route: d=1213339.34, relocalize nearest_index 422 -> 422
[WARN] [1783599698.137813468] [waypoint_follower]: far from local route: d=1213339.34, relocalize nearest_index 422 -> 422
[WARN] [1783599698.187898786] [waypoint_follower]: far from local route: d=1213339.34, relocalize nearest_index 422 -> 422
[WARN] [1783599698.237790322] [waypoint_follower]: far from local route: d=1213339.34, relocalize nearest_index 422 -> 422
[WARN] [1783599698.287847865] [waypoint_follower]: far from local route: d=1213339.34, relocalize nearest_index 422 -> 422
[WARN] [1783599698.337849571] [waypoint_follower]: far from local route: d=1213339.34, relocalize nearest_index 422 -> 422
[WARN] [1783599698.387827343] [waypoint_follower]: far from local route: d=1213339.34, relocalize nearest_index 422 -> 422
[WARN] [1783599698.437772795] [waypoint_follower]: far from local route: d=1213339.34, relocalize nearest_index 422 -> 422
[WARN] [1783599698.487790405] [waypoint_follower]: far from local route: d=1213339.34, relocalize nearest_index 422 -> 422
[WARN] [1783599698.537810862] [waypoint_follower]: far from local route: d=1213339.34, relocalize nearest_index 422 -> 422
[WARN] [1783599698.587778426] [waypoint_follower]: far from local route: d=1213339.34, relocalize nearest_index 422 -> 422
[WARN] [1783599698.637751461] [waypoint_follower]: far from local route: d=1213339.34, relocalize nearest_index 422 -> 422
[INFO] [1783599698.638795124] [waypoint_follower]: nearest=422, target=422, dist=1213339.34, alpha=-1.52, vx=0.00, yaw_rate=-0.45, dir=1
[WARN] [1783599698.687798637] [waypoint_follower]: far from local route: d=1213339.34, relocalize nearest_index 422 -> 422
[WARN] [1783599698.737727163] [waypoint_follower]: far from local route: d=1213339.34, relocalize nearest_index 422 -> 422
[WARN] [1783599698.787782211] [waypoint_follower]: far from local route: d=1213339.34, relocalize nearest_index 422 -> 422
[WARN] [1783599698.837728911] [waypoint_follower]: far from local route: d=1213339.34, relocalize nearest_index 422 -> 422
[WARN] [1783599698.887816245] [waypoint_follower]: far from local route: d=1213339.34, relocalize nearest_index 422 -> 422
[WARN] [1783599698.937787873] [waypoint_follower]: far from local route: d=1213339.34, relocalize nearest_index 422 -> 422
[WARN] [1783599698.987794443] [waypoint_follower]: far from local route: d=1213339.34, relocalize nearest_index 422 -> 422
[WARN] [1783599699.037764343] [waypoint_follower]: far from local route: d=1213339.34, relocalize nearest_index 422 -> 422
[WARN] [1783599699.087782848] [waypoint_follower]: far from local route: d=1213339.34, relocalize nearest_index 422 -> 422
[WARN] [1783599699.137748204] [waypoint_follower]: far from local route: d=1213339.34, relocalize nearest_index 422 -> 422
[WARN] [1783599699.187765045] [waypoint_follower]: far from local route: d=1213339.34, relocalize nearest_index 422 -> 422
[WARN] [1783599699.237789886] [waypoint_follower]: far from local route: d=1213339.34, relocalize nearest_index 422 -> 422
[WARN] [1783599699.287760170] [waypoint_follower]: far from local route: d=1213339.34, relocalize nearest_index 422 -> 422
[WARN] [1783599699.337766228] [waypoint_follower]: far from local route: d=1213339.34, relocalize nearest_index 422 -> 422
[WARN] [1783599699.387791325] [waypoint_follower]: far from local route: d=1213339.34, relocalize nearest_index 422 -> 422
[WARN] [1783599699.437753193] [waypoint_follower]: far from local route: d=1213339.34, relocalize nearest_index 422 -> 422
[WARN] [1783599699.487786834] [waypoint_follower]: far from local route: d=1213339.34, relocalize nearest_index 422 -> 422
[WARN] [1783599699.537776316] [waypoint_follower]: far from local route: d=1213339.34, relocalize nearest_index 422 -> 422
[WARN] [1783599699.587786278] [waypoint_follower]: far from local route: d=1213339.34, relocalize nearest_index 422 -> 422
[WARN] [1783599699.588914160] [waypoint_follower]: stuck recovery: nearest_index 422 -> 422
[WARN] [1783599699.637764273] [waypoint_follower]: far from local route: d=1213339.34, relocalize nearest_index 422 -> 422
[INFO] [1783599699.638769889] [waypoint_follower]: nearest=422, target=422, dist=1213339.34, alpha=-1.52, vx=0.00, yaw_rate=-0.45, dir=1
[WARN] [1783599699.687808858] [waypoint_follower]: far from local route: d=1213339.34, relocalize nearest_index 422 -> 422
[WARN] [1783599699.737803396] [waypoint_follower]: far from local route: d=1213339.34, relocalize nearest_index 422 -> 422
[WARN] [1783599699.788698627] [waypoint_follower]: far from local route: d=1232793.74, relocalize nearest_index 422 -> 422
[WARN] [1783599699.837761562] [waypoint_follower]: far from local route: d=1232793.74, relocalize nearest_index 422 -> 422
[WARN] [1783599699.887799555] [waypoint_follower]: far from local route: d=1232793.74, relocalize nearest_index 422 -> 422
[WARN] [1783599699.937750479] [waypoint_follower]: far from local route: d=1232793.74, relocalize nearest_index 422 -> 422
[WARN] [1783599699.987902034] [waypoint_follower]: far from local route: d=1232793.74, relocalize nearest_index 422 -> 422
[WARN] [1783599700.037829344] [waypoint_follower]: far from local route: d=1232793.74, relocalize nearest_index 422 -> 422
[WARN] [1783599700.087855465] [waypoint_follower]: far from local route: d=1232793.74, relocalize nearest_index 422 -> 422
[WARN] [1783599700.137808918] [waypoint_follower]: far from local route: d=1232793.74, relocalize nearest_index 422 -> 422
[WARN] [1783599700.187932986] [waypoint_follower]: far from local route: d=1232793.74, relocalize nearest_index 422 -> 422
[WARN] [1783599700.237817130] [waypoint_follower]: far from local route: d=1232793.74, relocalize nearest_index 422 -> 422
[WARN] [1783599700.287796405] [waypoint_follower]: far from local route: d=1232793.74, relocalize nearest_index 422 -> 422
[WARN] [1783599700.337834301] [waypoint_follower]: far from local route: d=1232793.74, relocalize nearest_index 422 -> 422
[WARN] [1783599700.387873702] [waypoint_follower]: far from local route: d=1232793.74, relocalize nearest_index 422 -> 422
[WARN] [1783599700.437754006] [waypoint_follower]: far from local route: d=1232793.74, relocalize nearest_index 422 -> 422
[WARN] [1783599700.487894265] [waypoint_follower]: far from local route: d=1232793.74, relocalize nearest_index 422 -> 422
[WARN] [1783599700.537754634] [waypoint_follower]: far from local route: d=1232793.74, relocalize nearest_index 422 -> 422
[WARN] [1783599700.587686552] [waypoint_follower]: far from local route: d=1248701.19, relocalize nearest_index 422 -> 422
[WARN] [1783599700.637804284] [waypoint_follower]: far from local route: d=1248701.19, relocalize nearest_index 422 -> 422
[INFO] [1783599700.638832043] [waypoint_follower]: nearest=422, target=422, dist=1248701.19, alpha=0.73, vx=0.12, yaw_rate=0.45, dir=1
[WARN] [1783599700.687852292] [waypoint_follower]: far from local route: d=1248701.19, relocalize nearest_index 422 -> 422
[WARN] [1783599700.737867822] [waypoint_follower]: far from local route: d=1248701.19, relocalize nearest_index 422 -> 422
[WARN] [1783599700.787968947] [waypoint_follower]: far from local route: d=1248701.19, relocalize nearest_index 422 -> 422
[WARN] [1783599700.837798277] [waypoint_follower]: far from local route: d=1248701.19, relocalize nearest_index 422 -> 422
[WARN] [1783599700.887867180] [waypoint_follower]: far from local route: d=1248701.19, relocalize nearest_index 422 -> 422
[WARN] [1783599700.937826457] [waypoint_follower]: far from local route: d=1248701.19, relocalize nearest_index 422 -> 422
[WARN] [1783599700.987851362] [waypoint_follower]: far from local route: d=1248701.19, relocalize nearest_index 422 -> 422
[WARN] [1783599701.037864363] [waypoint_follower]: far from local route: d=1248701.19, relocalize nearest_index 422 -> 422
[WARN] [1783599701.087917491] [waypoint_follower]: far from local route: d=1248701.19, relocalize nearest_index 422 -> 422
[WARN] [1783599701.137807362] [waypoint_follower]: far from local route: d=1248701.19, relocalize nearest_index 422 -> 422
[WARN] [1783599701.187830187] [waypoint_follower]: far from local route: d=1248701.19, relocalize nearest_index 422 -> 422
[WARN] [1783599701.237809335] [waypoint_follower]: far from local route: d=1248701.19, relocalize nearest_index 422 -> 422
[WARN] [1783599701.287794402] [waypoint_follower]: far from local route: d=1248701.61, relocalize nearest_index 422 -> 422
[WARN] [1783599701.337825930] [waypoint_follower]: far from local route: d=1248701.61, relocalize nearest_index 422 -> 422
[WARN] [1783599701.387937423] [waypoint_follower]: far from local route: d=1248701.61, relocalize nearest_index 422 -> 422
[WARN] [1783599701.437940185] [waypoint_follower]: far from local route: d=1248701.61, relocalize nearest_index 422 -> 422
[WARN] [1783599701.487998881] [waypoint_follower]: far from local route: d=1248701.61, relocalize nearest_index 422 -> 422
[WARN] [1783599701.537885008] [waypoint_follower]: far from local route: d=1248701.61, relocalize nearest_index 422 -> 422
[WARN] [1783599701.587985526] [waypoint_follower]: far from local route: d=1248701.61, relocalize nearest_index 422 -> 422
[WARN] [1783599701.637877541] [waypoint_follower]: far from local route: d=1248701.61, relocalize nearest_index 422 -> 422
[INFO] [1783599701.638953362] [waypoint_follower]: nearest=422, target=422, dist=1248701.61, alpha=0.73, vx=0.12, yaw_rate=0.45, dir=1
[WARN] [1783599701.687967371] [waypoint_follower]: far from local route: d=1248701.61, relocalize nearest_index 422 -> 422
[WARN] [1783599701.737831548] [waypoint_follower]: far from local route: d=1248701.61, relocalize nearest_index 422 -> 422
[WARN] [1783599701.787779625] [waypoint_follower]: far from local route: d=1248701.61, relocalize nearest_index 422 -> 422
[WARN] [1783599701.837834800] [waypoint_follower]: far from local route: d=1248701.61, relocalize nearest_index 422 -> 422
[WARN] [1783599701.887926358] [waypoint_follower]: far from local route: d=1255457.81, relocalize nearest_index 422 -> 422
[WARN] [1783599701.937803366] [waypoint_follower]: far from local route: d=1255457.81, relocalize nearest_index 422 -> 422
[WARN] [1783599701.987838415] [waypoint_follower]: far from local route: d=1255457.81, relocalize nearest_index 422 -> 422
[WARN] [1783599702.037787995] [waypoint_follower]: far from local route: d=1255457.81, relocalize nearest_index 422 -> 422
[WARN] [1783599702.087768519] [waypoint_follower]: far from local route: d=1255457.81, relocalize nearest_index 422 -> 422
[WARN] [1783599702.137799567] [waypoint_follower]: far from local route: d=1255457.81, relocalize nearest_index 422 -> 422
[WARN] [1783599702.188533879] [waypoint_follower]: far from local route: d=1255457.81, relocalize nearest_index 422 -> 422
[WARN] [1783599702.238388328] [waypoint_follower]: far from local route: d=1255457.81, relocalize nearest_index 422 -> 422
[WARN] [1783599702.288990997] [waypoint_follower]: far from local route: d=1255457.81, relocalize nearest_index 422 -> 422
[WARN] [1783599702.338345662] [waypoint_follower]: far from local route: d=1255457.81, relocalize nearest_index 422 -> 422
[WARN] [1783599702.388668281] [waypoint_follower]: far from local route: d=1255457.81, relocalize nearest_index 422 -> 422
[WARN] [1783599702.438112958] [waypoint_follower]: far from local route: d=1255457.81, relocalize nearest_index 422 -> 422
[WARN] [1783599702.488907298] [waypoint_follower]: far from local route: d=1255457.81, relocalize nearest_index 422 -> 422
[WARN] [1783599702.538211918] [waypoint_follower]: far from local route: d=1255457.81, relocalize nearest_index 422 -> 422
[WARN] [1783599702.588660386] [waypoint_follower]: far from local route: d=1255457.81, relocalize nearest_index 422 -> 422
[WARN] [1783599702.590064031] [waypoint_follower]: stuck recovery: nearest_index 422 -> 422
[WARN] [1783599702.637914000] [waypoint_follower]: far from local route: d=1255457.81, relocalize nearest_index 422 -> 422
[INFO] [1783599702.639006684] [waypoint_follower]: nearest=422, target=422, dist=1255457.81, alpha=0.84, vx=0.12, yaw_rate=0.45, dir=1
[WARN] [1783599702.688658455] [waypoint_follower]: far from local route: d=1255457.81, relocalize nearest_index 422 -> 422
[WARN] [1783599702.737717902] [waypoint_follower]: far from local route: d=1255457.81, relocalize nearest_index 422 -> 422
[WARN] [1783599702.787932014] [waypoint_follower]: far from local route: d=1255457.81, relocalize nearest_index 422 -> 422
[WARN] [1783599702.837874011] [waypoint_follower]: far from local route: d=1255457.81, relocalize nearest_index 422 -> 422
[WARN] [1783599702.887968929] [waypoint_follower]: far from local route: d=1255457.81, relocalize nearest_index 422 -> 422
[WARN] [1783599702.937777844] [waypoint_follower]: far from local route: d=1255457.81, relocalize nearest_index 422 -> 422
[WARN] [1783599702.988428863] [waypoint_follower]: far from local route: d=1255457.81, relocalize nearest_index 422 -> 422
[WARN] [1783599703.038204148] [waypoint_follower]: far from local route: d=1255457.81, relocalize nearest_index 422 -> 422
[WARN] [1783599703.087955594] [waypoint_follower]: far from local route: d=1255457.81, relocalize nearest_index 422 -> 422
[WARN] [1783599703.138321987] [waypoint_follower]: far from local route: d=1255457.81, relocalize nearest_index 422 -> 422
[WARN] [1783599703.188409577] [waypoint_follower]: far from local route: d=1255457.81, relocalize nearest_index 422 -> 422
[WARN] [1783599703.238266330] [waypoint_follower]: far from local route: d=1255457.81, relocalize nearest_index 422 -> 422
[WARN] [1783599703.287855800] [waypoint_follower]: far from local route: d=1255457.81, relocalize nearest_index 422 -> 422
[WARN] [1783599703.337841827] [waypoint_follower]: far from local route: d=1255457.81, relocalize nearest_index 422 -> 422
[WARN] [1783599703.387816494] [waypoint_follower]: far from local route: d=1255457.81, relocalize nearest_index 422 -> 422
[WARN] [1783599703.437842839] [waypoint_follower]: far from local route: d=1255457.81, relocalize nearest_index 422 -> 422
[WARN] [1783599703.488341354] [waypoint_follower]: far from local route: d=1255457.81, relocalize nearest_index 422 -> 422
[WARN] [1783599703.541402882] [waypoint_follower]: far from local route: d=1255457.81, relocalize nearest_index 422 -> 422
[WARN] [1783599703.588267298] [waypoint_follower]: far from local route: d=1255457.81, relocalize nearest_index 422 -> 422
[WARN] [1783599703.637855168] [waypoint_follower]: far from local route: d=1264700.36, relocalize nearest_index 422 -> 422
[WARN] [1783599703.687916455] [waypoint_follower]: far from local route: d=1264700.36, relocalize nearest_index 422 -> 422
[INFO] [1783599703.688930679] [waypoint_follower]: nearest=422, target=422, dist=1264700.36, alpha=0.78, vx=0.12, yaw_rate=0.45, dir=1
[WARN] [1783599703.737837077] [waypoint_follower]: far from local route: d=1264700.36, relocalize nearest_index 422 -> 422
[WARN] [1783599703.787932059] [waypoint_follower]: far from local route: d=1264700.36, relocalize nearest_index 422 -> 422
[WARN] [1783599703.837996066] [waypoint_follower]: far from local route: d=1264700.36, relocalize nearest_index 422 -> 422
[WARN] [1783599703.887863506] [waypoint_follower]: far from local route: d=1264700.36, relocalize nearest_index 422 -> 422
[WARN] [1783599703.937813951] [waypoint_follower]: far from local route: d=1264700.36, relocalize nearest_index 422 -> 422
[WARN] [1783599703.988763996] [waypoint_follower]: far from local route: d=1264700.36, relocalize nearest_index 422 -> 422
[WARN] [1783599704.038342874] [waypoint_follower]: far from local route: d=1264700.36, relocalize nearest_index 422 -> 422
[WARN] [1783599704.088547771] [waypoint_follower]: far from local route: d=1264700.36, relocalize nearest_index 422 -> 422
[WARN] [1783599704.139446714] [waypoint_follower]: far from local route: d=1264700.36, relocalize nearest_index 422 -> 422
[WARN] [1783599704.188126947] [waypoint_follower]: far from local route: d=1264700.36, relocalize nearest_index 422 -> 422
[WARN] [1783599704.239865370] [waypoint_follower]: far from local route: d=1264700.36, relocalize nearest_index 422 -> 422
[WARN] [1783599704.287899811] [waypoint_follower]: far from local route: d=1264700.36, relocalize nearest_index 422 -> 422
[WARN] [1783599704.337917772] [waypoint_follower]: far from local route: d=1264700.36, relocalize nearest_index 422 -> 422
[WARN] [1783599704.389458349] [waypoint_follower]: far from local route: d=1264700.36, relocalize nearest_index 422 -> 422
[WARN] [1783599704.439524884] [waypoint_follower]: far from local route: d=1264700.36, relocalize nearest_index 422 -> 422
[WARN] [1783599704.487961289] [waypoint_follower]: far from local route: d=1264700.36, relocalize nearest_index 422 -> 422
[WARN] [1783599704.537910933] [waypoint_follower]: far from local route: d=1264700.36, relocalize nearest_index 422 -> 422
[WARN] [1783599704.587946782] [waypoint_follower]: far from local route: d=1264700.36, relocalize nearest_index 422 -> 422
[WARN] [1783599704.637878795] [waypoint_follower]: far from local route: d=1281382.74, relocalize nearest_index 422 -> 422
[WARN] [1783599704.688083884] [waypoint_follower]: far from local route: d=1281382.74, relocalize nearest_index 422 -> 422
[INFO] [1783599704.689160696] [waypoint_follower]: nearest=422, target=422, dist=1281382.74, alpha=-1.34, vx=0.00, yaw_rate=-0.45, dir=1
[WARN] [1783599704.737802467] [waypoint_follower]: far from local route: d=1281382.74, relocalize nearest_index 422 -> 422
[WARN] [1783599704.787976133] [waypoint_follower]: far from local route: d=1281382.74, relocalize nearest_index 422 -> 422
[WARN] [1783599704.837832118] [waypoint_follower]: far from local route: d=1281382.74, relocalize nearest_index 422 -> 422
[WARN] [1783599704.887840288] [waypoint_follower]: far from local route: d=1281382.74, relocalize nearest_index 422 -> 422
[WARN] [1783599704.937827147] [waypoint_follower]: far from local route: d=1281382.74, relocalize nearest_index 422 -> 422
[WARN] [1783599704.987930544] [waypoint_follower]: far from local route: d=1281382.74, relocalize nearest_index 422 -> 422
[WARN] [1783599705.038109010] [waypoint_follower]: far from local route: d=1281381.15, relocalize nearest_index 422 -> 422
[WARN] [1783599705.088602181] [waypoint_follower]: far from local route: d=1281381.15, relocalize nearest_index 422 -> 422
[WARN] [1783599705.138247360] [waypoint_follower]: far from local route: d=1281381.15, relocalize nearest_index 422 -> 422
[WARN] [1783599705.188416098] [waypoint_follower]: far from local route: d=1281381.15, relocalize nearest_index 422 -> 422
[WARN] [1783599705.238386798] [waypoint_follower]: far from local route: d=1281381.15, relocalize nearest_index 422 -> 422
[WARN] [1783599705.289967404] [waypoint_follower]: far from local route: d=1281381.15, relocalize nearest_index 422 -> 422
[WARN] [1783599705.337833181] [waypoint_follower]: far from local route: d=1281381.15, relocalize nearest_index 422 -> 422
[WARN] [1783599705.387816552] [waypoint_follower]: far from local route: d=1281381.15, relocalize nearest_index 422 -> 422
[WARN] [1783599705.437899886] [waypoint_follower]: far from local route: d=1281381.15, relocalize nearest_index 422 -> 422
[WARN] [1783599705.487978004] [waypoint_follower]: far from local route: d=1281381.15, relocalize nearest_index 422 -> 422
[WARN] [1783599705.538159734] [waypoint_follower]: far from local route: d=1281381.15, relocalize nearest_index 422 -> 422
[WARN] [1783599705.588149569] [waypoint_follower]: far from local route: d=1281381.15, relocalize nearest_index 422 -> 422
[WARN] [1783599705.641739391] [waypoint_follower]: far from local route: d=1300033.37, relocalize nearest_index 422 -> 422
[WARN] [1783599705.645641733] [waypoint_follower]: stuck recovery: nearest_index 422 -> 422
[WARN] [1783599705.687933407] [waypoint_follower]: far from local route: d=1300033.37, relocalize nearest_index 422 -> 422
[WARN] [1783599705.737881708] [waypoint_follower]: far from local route: d=1300033.37, relocalize nearest_index 422 -> 422
[INFO] [1783599705.738954873] [waypoint_follower]: nearest=422, target=422, dist=1300033.37, alpha=-0.84, vx=0.12, yaw_rate=-0.45, dir=1
[WARN] [1783599705.787883254] [waypoint_follower]: far from local route: d=1300033.37, relocalize nearest_index 422 -> 422
[WARN] [1783599705.837816740] [waypoint_follower]: far from local route: d=1300033.37, relocalize nearest_index 422 -> 422
[WARN] [1783599705.887840621] [waypoint_follower]: far from local route: d=1300033.50, relocalize nearest_index 422 -> 422
[WARN] [1783599705.937945650] [waypoint_follower]: far from local route: d=1300033.50, relocalize nearest_index 422 -> 422
[WARN] [1783599705.988300811] [waypoint_follower]: far from local route: d=1300033.50, relocalize nearest_index 422 -> 422
[WARN] [1783599706.038399729] [waypoint_follower]: far from local route: d=1300033.50, relocalize nearest_index 422 -> 422
[WARN] [1783599706.087837334] [waypoint_follower]: far from local route: d=1300033.50, relocalize nearest_index 422 -> 422
[WARN] [1783599706.138412517] [waypoint_follower]: far from local route: d=1300033.50, relocalize nearest_index 422 -> 422
[WARN] [1783599706.188025185] [waypoint_follower]: far from local route: d=1306294.12, relocalize nearest_index 422 -> 422
[WARN] [1783599706.238977566] [waypoint_follower]: far from local route: d=1306294.12, relocalize nearest_index 422 -> 422
[WARN] [1783599706.288001719] [waypoint_follower]: far from local route: d=1306294.12, relocalize nearest_index 422 -> 422
[WARN] [1783599706.337819594] [waypoint_follower]: far from local route: d=1306294.12, relocalize nearest_index 422 -> 422
[WARN] [1783599706.387940078] [waypoint_follower]: far from local route: d=1306294.12, relocalize nearest_index 422 -> 422
[WARN] [1783599706.437686373] [waypoint_follower]: far from local route: d=1310689.53, relocalize nearest_index 422 -> 422
[WARN] [1783599706.487973217] [waypoint_follower]: far from local route: d=1310689.53, relocalize nearest_index 422 -> 422
[WARN] [1783599706.537870800] [waypoint_follower]: far from local route: d=1310689.53, relocalize nearest_index 422 -> 422
[WARN] [1783599706.588304038] [waypoint_follower]: far from local route: d=1310689.53, relocalize nearest_index 422 -> 422
[WARN] [1783599706.637803752] [waypoint_follower]: far from local route: d=1310689.53, relocalize nearest_index 422 -> 422
[WARN] [1783599706.688367479] [waypoint_follower]: far from local route: d=1310689.53, relocalize nearest_index 422 -> 422
[WARN] [1783599706.737794909] [waypoint_follower]: far from local route: d=1310689.53, relocalize nearest_index 422 -> 422
[WARN] [1783599706.787997246] [waypoint_follower]: far from local route: d=1310689.53, relocalize nearest_index 422 -> 422
[INFO] [1783599706.789033772] [waypoint_follower]: nearest=422, target=422, dist=1310689.53, alpha=0.52, vx=0.12, yaw_rate=0.45, dir=1
[WARN] [1783599706.841905293] [waypoint_follower]: far from local route: d=1312583.62, relocalize nearest_index 422 -> 422
[WARN] [1783599706.887877304] [waypoint_follower]: far from local route: d=1312583.62, relocalize nearest_index 422 -> 422
[WARN] [1783599706.937767175] [waypoint_follower]: far from local route: d=1312583.62, relocalize nearest_index 422 -> 422
[WARN] [1783599706.988037477] [waypoint_follower]: far from local route: d=1312583.62, relocalize nearest_index 422 -> 422
[WARN] [1783599707.037866807] [waypoint_follower]: far from local route: d=1312583.62, relocalize nearest_index 422 -> 422
[WARN] [1783599707.093177411] [waypoint_follower]: far from local route: d=1312583.62, relocalize nearest_index 422 -> 422
[WARN] [1783599707.139869036] [waypoint_follower]: far from local route: d=1312583.62, relocalize nearest_index 422 -> 422
[WARN] [1783599707.188631057] [waypoint_follower]: far from local route: d=1312583.62, relocalize nearest_index 422 -> 422
[WARN] [1783599707.240073846] [waypoint_follower]: far from local route: d=1312583.62, relocalize nearest_index 422 -> 422
[WARN] [1783599707.288288278] [waypoint_follower]: far from local route: d=1312583.62, relocalize nearest_index 422 -> 422
[WARN] [1783599707.337839862] [waypoint_follower]: far from local route: d=1312583.62, relocalize nearest_index 422 -> 422
[WARN] [1783599707.388030391] [waypoint_follower]: far from local route: d=1312583.62, relocalize nearest_index 422 -> 422
[WARN] [1783599707.438002306] [waypoint_follower]: far from local route: d=1312583.62, relocalize nearest_index 422 -> 422
[WARN] [1783599707.487873843] [waypoint_follower]: far from local route: d=1312583.62, relocalize nearest_index 422 -> 422
[WARN] [1783599707.537923867] [waypoint_follower]: far from local route: d=1312583.62, relocalize nearest_index 422 -> 422
[WARN] [1783599707.588519592] [waypoint_follower]: far from local route: d=1312583.62, relocalize nearest_index 422 -> 422
[WARN] [1783599707.638407192] [waypoint_follower]: far from local route: d=1312583.62, relocalize nearest_index 422 -> 422
[WARN] [1783599707.688649975] [waypoint_follower]: far from local route: d=1312583.62, relocalize nearest_index 422 -> 422
[WARN] [1783599707.737911236] [waypoint_follower]: far from local route: d=1312583.62, relocalize nearest_index 422 -> 422
[WARN] [1783599707.792692714] [waypoint_follower]: far from local route: d=1320125.54, relocalize nearest_index 422 -> 422
[INFO] [1783599707.793762007] [waypoint_follower]: nearest=422, target=422, dist=1320125.54, alpha=1.19, vx=0.00, yaw_rate=0.45, dir=1
[WARN] [1783599707.838109423] [waypoint_follower]: far from local route: d=1320125.54, relocalize nearest_index 422 -> 422
[WARN] [1783599707.888100474] [waypoint_follower]: far from local route: d=1320125.54, relocalize nearest_index 422 -> 422
[WARN] [1783599707.937953419] [waypoint_follower]: far from local route: d=1320125.54, relocalize nearest_index 422 -> 422
[WARN] [1783599707.987876761] [waypoint_follower]: far from local route: d=1320125.54, relocalize nearest_index 422 -> 422
[WARN] [1783599708.037807686] [waypoint_follower]: far from local route: d=1320125.54, relocalize nearest_index 422 -> 422
[WARN] [1783599708.087978824] [waypoint_follower]: far from local route: d=1320125.54, relocalize nearest_index 422 -> 422
[WARN] [1783599708.140198505] [waypoint_follower]: far from local route: d=1320125.54, relocalize nearest_index 422 -> 422
[WARN] [1783599708.188110487] [waypoint_follower]: far from local route: d=1320125.54, relocalize nearest_index 422 -> 422
[WARN] [1783599708.237946633] [waypoint_follower]: far from local route: d=1320125.54, relocalize nearest_index 422 -> 422
[WARN] [1783599708.288155753] [waypoint_follower]: far from local route: d=1320125.54, relocalize nearest_index 422 -> 422
[WARN] [1783599708.337765734] [waypoint_follower]: far from local route: d=1320125.54, relocalize nearest_index 422 -> 422
[WARN] [1783599708.387896938] [waypoint_follower]: far from local route: d=1320125.54, relocalize nearest_index 422 -> 422
[WARN] [1783599708.437912563] [waypoint_follower]: far from local route: d=1320125.54, relocalize nearest_index 422 -> 422
[WARN] [1783599708.488030040] [waypoint_follower]: far from local route: d=1320125.54, relocalize nearest_index 422 -> 422
[WARN] [1783599708.537800813] [waypoint_follower]: far from local route: d=1320125.54, relocalize nearest_index 422 -> 422
[WARN] [1783599708.587918898] [waypoint_follower]: far from local route: d=1320125.54, relocalize nearest_index 422 -> 422
[WARN] [1783599708.637908028] [waypoint_follower]: far from local route: d=1320125.54, relocalize nearest_index 422 -> 422
[WARN] [1783599708.687904679] [waypoint_follower]: far from local route: d=1320125.54, relocalize nearest_index 422 -> 422
[WARN] [1783599708.689030609] [waypoint_follower]: stuck recovery: nearest_index 422 -> 422
[WARN] [1783599708.737863443] [waypoint_follower]: far from local route: d=1320125.54, relocalize nearest_index 422 -> 422
[WARN] [1783599708.787935194] [waypoint_follower]: far from local route: d=1325801.93, relocalize nearest_index 422 -> 422
[WARN] [1783599708.837920101] [waypoint_follower]: far from local route: d=1325801.93, relocalize nearest_index 422 -> 422
[INFO] [1783599708.839209511] [waypoint_follower]: nearest=422, target=422, dist=1325801.93, alpha=1.38, vx=0.00, yaw_rate=0.45, dir=1
[WARN] [1783599708.887984812] [waypoint_follower]: far from local route: d=1325801.93, relocalize nearest_index 422 -> 422
[WARN] [1783599708.937859804] [waypoint_follower]: far from local route: d=1325801.93, relocalize nearest_index 422 -> 422
[WARN] [1783599708.988097467] [waypoint_follower]: far from local route: d=1325801.93, relocalize nearest_index 422 -> 422
[WARN] [1783599709.037867088] [waypoint_follower]: far from local route: d=1325801.93, relocalize nearest_index 422 -> 422
[WARN] [1783599709.087923672] [waypoint_follower]: far from local route: d=1325801.93, relocalize nearest_index 422 -> 422
[WARN] [1783599709.138048732] [waypoint_follower]: far from local route: d=1325801.93, relocalize nearest_index 422 -> 422
[WARN] [1783599709.188143458] [waypoint_follower]: far from local route: d=1325801.93, relocalize nearest_index 422 -> 422
[WARN] [1783599709.238007730] [waypoint_follower]: far from local route: d=1325801.93, relocalize nearest_index 422 -> 422
[WARN] [1783599709.288211603] [waypoint_follower]: far from local route: d=1325801.93, relocalize nearest_index 422 -> 422
[WARN] [1783599709.337842447] [waypoint_follower]: far from local route: d=1325801.93, relocalize nearest_index 422 -> 422
[WARN] [1783599709.388392895] [waypoint_follower]: far from local route: d=1325801.93, relocalize nearest_index 422 -> 422
[WARN] [1783599709.437872034] [waypoint_follower]: far from local route: d=1325801.93, relocalize nearest_index 422 -> 422
[WARN] [1783599709.488438545] [waypoint_follower]: far from local route: d=1325801.93, relocalize nearest_index 422 -> 422
[WARN] [1783599709.537881974] [waypoint_follower]: far from local route: d=1325801.93, relocalize nearest_index 422 -> 422
[WARN] [1783599709.588031897] [waypoint_follower]: far from local route: d=1325801.93, relocalize nearest_index 422 -> 422
[WARN] [1783599709.637948775] [waypoint_follower]: far from local route: d=1325801.93, relocalize nearest_index 422 -> 422
[WARN] [1783599709.687953361] [waypoint_follower]: far from local route: d=1325801.93, relocalize nearest_index 422 -> 422
[WARN] [1783599709.737887390] [waypoint_follower]: far from local route: d=1325801.93, relocalize nearest_index 422 -> 422
[WARN] [1783599709.787845131] [waypoint_follower]: far from local route: d=1325801.93, relocalize nearest_index 422 -> 422
[WARN] [1783599709.837824950] [waypoint_follower]: far from local route: d=1325801.93, relocalize nearest_index 422 -> 422
[WARN] [1783599709.888660632] [waypoint_follower]: far from local route: d=1331489.47, relocalize nearest_index 422 -> 422
[INFO] [1783599709.889874110] [waypoint_follower]: nearest=422, target=422, dist=1331489.47, alpha=1.42, vx=0.00, yaw_rate=0.45, dir=1
[WARN] [1783599709.937897255] [waypoint_follower]: far from local route: d=1331489.47, relocalize nearest_index 422 -> 422
[WARN] [1783599709.987953742] [waypoint_follower]: far from local route: d=1331489.47, relocalize nearest_index 422 -> 422
[WARN] [1783599710.037873789] [waypoint_follower]: far from local route: d=1331489.47, relocalize nearest_index 422 -> 422
[WARN] [1783599710.088809370] [waypoint_follower]: far from local route: d=1331489.47, relocalize nearest_index 422 -> 422
[WARN] [1783599710.138211297] [waypoint_follower]: far from local route: d=1331489.47, relocalize nearest_index 422 -> 422
[WARN] [1783599710.188348581] [waypoint_follower]: far from local route: d=1331489.47, relocalize nearest_index 422 -> 422
[WARN] [1783599710.237884197] [waypoint_follower]: far from local route: d=1331489.47, relocalize nearest_index 422 -> 422
[WARN] [1783599710.287895919] [waypoint_follower]: far from local route: d=1331489.47, relocalize nearest_index 422 -> 422
[WARN] [1783599710.337864730] [waypoint_follower]: far from local route: d=1331489.47, relocalize nearest_index 422 -> 422
[WARN] [1783599710.393530742] [waypoint_follower]: far from local route: d=1331489.47, relocalize nearest_index 422 -> 422
[WARN] [1783599710.437826417] [waypoint_follower]: far from local route: d=1331489.47, relocalize nearest_index 422 -> 422
[WARN] [1783599710.487876536] [waypoint_follower]: far from local route: d=1331489.47, relocalize nearest_index 422 -> 422
[WARN] [1783599710.537788903] [waypoint_follower]: far from local route: d=1331489.47, relocalize nearest_index 422 -> 422
[WARN] [1783599710.588022438] [waypoint_follower]: far from local route: d=1331489.47, relocalize nearest_index 422 -> 422
[WARN] [1783599710.637849688] [waypoint_follower]: far from local route: d=1331489.47, relocalize nearest_index 422 -> 422
[WARN] [1783599710.687942622] [waypoint_follower]: far from local route: d=1331489.47, relocalize nearest_index 422 -> 422
[WARN] [1783599710.737978279] [waypoint_follower]: far from local route: d=1331489.47, relocalize nearest_index 422 -> 422
[WARN] [1783599710.787912116] [waypoint_follower]: far from local route: d=1331489.47, relocalize nearest_index 422 -> 422
[WARN] [1783599710.837949501] [waypoint_follower]: far from local route: d=1331489.47, relocalize nearest_index 422 -> 422
[WARN] [1783599710.887982661] [waypoint_follower]: far from local route: d=1331489.47, relocalize nearest_index 422 -> 422
[WARN] [1783599710.937982320] [waypoint_follower]: far from local route: d=1331489.47, relocalize nearest_index 422 -> 422
[INFO] [1783599710.939111546] [waypoint_follower]: nearest=422, target=422, dist=1331489.47, alpha=1.42, vx=0.00, yaw_rate=0.45, dir=1
[WARN] [1783599710.988425253] [waypoint_follower]: far from local route: d=1331489.47, relocalize nearest_index 422 -> 422
[WARN] [1783599711.037950150] [waypoint_follower]: far from local route: d=1331489.47, relocalize nearest_index 422 -> 422
[WARN] [1783599711.088035596] [waypoint_follower]: far from local route: d=1331489.47, relocalize nearest_index 422 -> 422
[WARN] [1783599711.138048309] [waypoint_follower]: far from local route: d=1331489.47, relocalize nearest_index 422 -> 422
[WARN] [1783599711.188314867] [waypoint_follower]: far from local route: d=1331489.47, relocalize nearest_index 422 -> 422
[WARN] [1783599711.238008204] [waypoint_follower]: far from local route: d=1331489.47, relocalize nearest_index 422 -> 422
[WARN] [1783599711.289520782] [waypoint_follower]: far from local route: d=1340367.79, relocalize nearest_index 422 -> 422
[WARN] [1783599711.337976610] [waypoint_follower]: far from local route: d=1340367.79, relocalize nearest_index 422 -> 422
[WARN] [1783599711.389150420] [waypoint_follower]: far from local route: d=1340367.79, relocalize nearest_index 422 -> 422
[WARN] [1783599711.438375651] [waypoint_follower]: far from local route: d=1340367.79, relocalize nearest_index 422 -> 422
[WARN] [1783599711.488059260] [waypoint_follower]: far from local route: d=1340367.79, relocalize nearest_index 422 -> 422
[WARN] [1783599711.538275484] [waypoint_follower]: far from local route: d=1340367.79, relocalize nearest_index 422 -> 422
[WARN] [1783599711.588040370] [waypoint_follower]: far from local route: d=1340367.79, relocalize nearest_index 422 -> 422
[WARN] [1783599711.638066939] [waypoint_follower]: far from local route: d=1340367.79, relocalize nearest_index 422 -> 422
[WARN] [1783599711.688205502] [waypoint_follower]: far from local route: d=1340367.79, relocalize nearest_index 422 -> 422
[WARN] [1783599711.689387142] [waypoint_follower]: stuck recovery: nearest_index 422 -> 422
[WARN] [1783599711.738218600] [waypoint_follower]: far from local route: d=1340367.79, relocalize nearest_index 422 -> 422
[WARN] [1783599711.789379739] [waypoint_follower]: far from local route: d=1340367.79, relocalize nearest_index 422 -> 422
[WARN] [1783599711.837889644] [waypoint_follower]: far from local route: d=1340367.79, relocalize nearest_index 422 -> 422
[WARN] [1783599711.887984626] [waypoint_follower]: far from local route: d=1340367.79, relocalize nearest_index 422 -> 422
[WARN] [1783599711.938002267] [waypoint_follower]: far from local route: d=1340367.79, relocalize nearest_index 422 -> 422
[INFO] [1783599711.942833012] [waypoint_follower]: nearest=422, target=422, dist=1340367.79, alpha=1.19, vx=0.00, yaw_rate=0.45, dir=1
[WARN] [1783599711.988053411] [waypoint_follower]: far from local route: d=1340367.79, relocalize nearest_index 422 -> 422
[WARN] [1783599712.037976081] [waypoint_follower]: far from local route: d=1340367.79, relocalize nearest_index 422 -> 422
[WARN] [1783599712.087991450] [waypoint_follower]: far from local route: d=1340367.79, relocalize nearest_index 422 -> 422
[WARN] [1783599712.137949479] [waypoint_follower]: far from local route: d=1348622.68, relocalize nearest_index 422 -> 422
[WARN] [1783599712.188104681] [waypoint_follower]: far from local route: d=1348622.68, relocalize nearest_index 422 -> 422
[WARN] [1783599712.237870367] [waypoint_follower]: far from local route: d=1348622.68, relocalize nearest_index 422 -> 422
[WARN] [1783599712.288013634] [waypoint_follower]: far from local route: d=1348622.68, relocalize nearest_index 422 -> 422
[WARN] [1783599712.337932464] [waypoint_follower]: far from local route: d=1348622.68, relocalize nearest_index 422 -> 422
[WARN] [1783599712.387970905] [waypoint_follower]: far from local route: d=1348622.68, relocalize nearest_index 422 -> 422
[WARN] [1783599712.437920517] [waypoint_follower]: far from local route: d=1348622.68, relocalize nearest_index 422 -> 422
[WARN] [1783599712.488651149] [waypoint_follower]: far from local route: d=1348622.68, relocalize nearest_index 422 -> 422
[WARN] [1783599712.537814751] [waypoint_follower]: far from local route: d=1348622.68, relocalize nearest_index 422 -> 422
[WARN] [1783599712.587967938] [waypoint_follower]: far from local route: d=1348622.68, relocalize nearest_index 422 -> 422
[WARN] [1783599712.638651819] [waypoint_follower]: far from local route: d=1348622.68, relocalize nearest_index 422 -> 422
[WARN] [1783599712.687870555] [waypoint_follower]: far from local route: d=1348622.68, relocalize nearest_index 422 -> 422
[WARN] [1783599712.737857574] [waypoint_follower]: far from local route: d=1348622.68, relocalize nearest_index 422 -> 422
[WARN] [1783599712.788244318] [waypoint_follower]: far from local route: d=1348622.68, relocalize nearest_index 422 -> 422
[WARN] [1783599712.837968757] [waypoint_follower]: far from local route: d=1348622.68, relocalize nearest_index 422 -> 422
[WARN] [1783599712.888954960] [waypoint_follower]: far from local route: d=1348622.68, relocalize nearest_index 422 -> 422
[WARN] [1783599712.937924428] [waypoint_follower]: far from local route: d=1348622.68, relocalize nearest_index 422 -> 422
[WARN] [1783599712.988062415] [waypoint_follower]: far from local route: d=1355625.15, relocalize nearest_index 422 -> 422
[INFO] [1783599712.989138652] [waypoint_follower]: nearest=422, target=422, dist=1355625.15, alpha=1.02, vx=0.00, yaw_rate=0.45, dir=1
[WARN] [1783599713.037992317] [waypoint_follower]: far from local route: d=1355625.15, relocalize nearest_index 422 -> 422
[WARN] [1783599713.088219548] [waypoint_follower]: far from local route: d=1355625.15, relocalize nearest_index 422 -> 422
[WARN] [1783599713.137881783] [waypoint_follower]: far from local route: d=1355625.15, relocalize nearest_index 422 -> 422
[WARN] [1783599713.188270222] [waypoint_follower]: far from local route: d=1355625.15, relocalize nearest_index 422 -> 422
[WARN] [1783599713.237831149] [waypoint_follower]: far from local route: d=1355625.15, relocalize nearest_index 422 -> 422
[WARN] [1783599713.288013903] [waypoint_follower]: far from local route: d=1355625.15, relocalize nearest_index 422 -> 422
[WARN] [1783599713.338551487] [waypoint_follower]: far from local route: d=1355625.15, relocalize nearest_index 422 -> 422
[WARN] [1783599713.387996644] [waypoint_follower]: far from local route: d=1355625.15, relocalize nearest_index 422 -> 422
[WARN] [1783599713.437954033] [waypoint_follower]: far from local route: d=1355625.15, relocalize nearest_index 422 -> 422
[WARN] [1783599713.488050518] [waypoint_follower]: far from local route: d=1355625.15, relocalize nearest_index 422 -> 422
[WARN] [1783599713.537828523] [waypoint_follower]: far from local route: d=1355625.15, relocalize nearest_index 422 -> 422
[WARN] [1783599713.592897859] [waypoint_follower]: far from local route: d=1355625.15, relocalize nearest_index 422 -> 422
[WARN] [1783599713.638284202] [waypoint_follower]: far from local route: d=1355625.15, relocalize nearest_index 422 -> 422
[WARN] [1783599713.687882535] [waypoint_follower]: far from local route: d=1355625.15, relocalize nearest_index 422 -> 422
[WARN] [1783599713.737877906] [waypoint_follower]: far from local route: d=1355625.15, relocalize nearest_index 422 -> 422
[WARN] [1783599713.788410594] [waypoint_follower]: far from local route: d=1355625.15, relocalize nearest_index 422 -> 422
[WARN] [1783599713.838118906] [waypoint_follower]: far from local route: d=1355625.15, relocalize nearest_index 422 -> 422
[WARN] [1783599713.888327579] [waypoint_follower]: far from local route: d=1364553.15, relocalize nearest_index 422 -> 422
[WARN] [1783599713.940960647] [waypoint_follower]: far from local route: d=1364553.15, relocalize nearest_index 422 -> 422
[WARN] [1783599713.988291921] [waypoint_follower]: far from local route: d=1364553.15, relocalize nearest_index 422 -> 422
[INFO] [1783599713.989977088] [waypoint_follower]: nearest=422, target=422, dist=1364553.15, alpha=0.50, vx=0.25, yaw_rate=0.45, dir=1
[WARN] [1783599714.038664905] [waypoint_follower]: far from local route: d=1364553.15, relocalize nearest_index 422 -> 422
[WARN] [1783599714.088179755] [waypoint_follower]: far from local route: d=1364553.15, relocalize nearest_index 422 -> 422
[WARN] [1783599714.138191796] [waypoint_follower]: far from local route: d=1364553.15, relocalize nearest_index 422 -> 422
[WARN] [1783599714.188692679] [waypoint_follower]: far from local route: d=1364553.15, relocalize nearest_index 422 -> 422
[WARN] [1783599714.237926454] [waypoint_follower]: far from local route: d=1364553.15, relocalize nearest_index 422 -> 422
[WARN] [1783599714.287886722] [waypoint_follower]: far from local route: d=1364553.15, relocalize nearest_index 422 -> 422
[WARN] [1783599714.337976072] [waypoint_follower]: far from local route: d=1364553.15, relocalize nearest_index 422 -> 422
[WARN] [1783599714.400840747] [waypoint_follower]: far from local route: d=1364553.15, relocalize nearest_index 422 -> 422
[WARN] [1783599714.438536993] [waypoint_follower]: far from local route: d=1364553.15, relocalize nearest_index 422 -> 422
[WARN] [1783599714.488808799] [waypoint_follower]: far from local route: d=1364553.15, relocalize nearest_index 422 -> 422
[WARN] [1783599714.542038158] [waypoint_follower]: far from local route: d=1364553.15, relocalize nearest_index 422 -> 422
[WARN] [1783599714.590934317] [waypoint_follower]: far from local route: d=1364553.15, relocalize nearest_index 422 -> 422
[WARN] [1783599714.639024563] [waypoint_follower]: far from local route: d=1364553.15, relocalize nearest_index 422 -> 422
[WARN] [1783599714.688283009] [waypoint_follower]: far from local route: d=1364553.15, relocalize nearest_index 422 -> 422
[WARN] [1783599714.689683518] [waypoint_follower]: stuck recovery: nearest_index 422 -> 422
[WARN] [1783599714.738328009] [waypoint_follower]: far from local route: d=1364553.15, relocalize nearest_index 422 -> 422
[WARN] [1783599714.788011618] [waypoint_follower]: far from local route: d=1364553.15, relocalize nearest_index 422 -> 422
[WARN] [1783599714.838252129] [waypoint_follower]: far from local route: d=1364553.15, relocalize nearest_index 422 -> 422
[WARN] [1783599714.888401508] [waypoint_follower]: far from local route: d=1364553.15, relocalize nearest_index 422 -> 422
[WARN] [1783599714.938597253] [waypoint_follower]: far from local route: d=1364553.15, relocalize nearest_index 422 -> 422
[WARN] [1783599714.989870034] [waypoint_follower]: far from local route: d=1364553.15, relocalize nearest_index 422 -> 422
[INFO] [1783599714.992616047] [waypoint_follower]: nearest=422, target=422, dist=1364553.15, alpha=0.50, vx=0.25, yaw_rate=0.45, dir=1
[WARN] [1783599715.037950392] [waypoint_follower]: far from local route: d=1364553.15, relocalize nearest_index 422 -> 422
[WARN] [1783599715.087939939] [waypoint_follower]: far from local route: d=1364553.15, relocalize nearest_index 422 -> 422
[WARN] [1783599715.138007882] [waypoint_follower]: far from local route: d=1372224.79, relocalize nearest_index 422 -> 422
[WARN] [1783599715.188131470] [waypoint_follower]: far from local route: d=1372224.79, relocalize nearest_index 422 -> 422
[WARN] [1783599715.237843302] [waypoint_follower]: far from local route: d=1372224.79, relocalize nearest_index 422 -> 422
[WARN] [1783599715.287936396] [waypoint_follower]: far from local route: d=1372224.79, relocalize nearest_index 422 -> 422
[WARN] [1783599715.337815132] [waypoint_follower]: far from local route: d=1372224.79, relocalize nearest_index 422 -> 422
[WARN] [1783599715.387919393] [waypoint_follower]: far from local route: d=1372224.79, relocalize nearest_index 422 -> 422
[WARN] [1783599715.437832592] [waypoint_follower]: far from local route: d=1372224.79, relocalize nearest_index 422 -> 422
[WARN] [1783599715.487993842] [waypoint_follower]: far from local route: d=1372224.79, relocalize nearest_index 422 -> 422
[WARN] [1783599715.537816197] [waypoint_follower]: far from local route: d=1372224.79, relocalize nearest_index 422 -> 422
[WARN] [1783599715.587850573] [waypoint_follower]: far from local route: d=1372224.79, relocalize nearest_index 422 -> 422
[WARN] [1783599715.637833496] [waypoint_follower]: far from local route: d=1372224.79, relocalize nearest_index 422 -> 422
[WARN] [1783599715.688001531] [waypoint_follower]: far from local route: d=1372224.79, relocalize nearest_index 422 -> 422
[WARN] [1783599715.737779216] [waypoint_follower]: far from local route: d=1372224.25, relocalize nearest_index 422 -> 422
[WARN] [1783599715.787968945] [waypoint_follower]: far from local route: d=1372224.25, relocalize nearest_index 422 -> 422
[WARN] [1783599715.837730534] [waypoint_follower]: far from local route: d=1372224.25, relocalize nearest_index 422 -> 422
[WARN] [1783599715.887781710] [waypoint_follower]: far from local route: d=1372224.25, relocalize nearest_index 422 -> 422
[WARN] [1783599715.937745754] [waypoint_follower]: far from local route: d=1372224.25, relocalize nearest_index 422 -> 422
[WARN] [1783599715.987942939] [waypoint_follower]: far from local route: d=1372224.25, relocalize nearest_index 422 -> 422
[WARN] [1783599716.037917830] [waypoint_follower]: far from local route: d=1372224.25, relocalize nearest_index 422 -> 422
[INFO] [1783599716.038970484] [waypoint_follower]: nearest=422, target=422, dist=1372224.25, alpha=-0.18, vx=0.25, yaw_rate=-0.16, dir=1
[WARN] [1783599716.087721338] [waypoint_follower]: far from local route: d=1377989.95, relocalize nearest_index 422 -> 422
[WARN] [1783599716.137796609] [waypoint_follower]: far from local route: d=1377989.95, relocalize nearest_index 422 -> 422
[WARN] [1783599716.187786731] [waypoint_follower]: far from local route: d=1377989.95, relocalize nearest_index 422 -> 422
[WARN] [1783599716.238169539] [waypoint_follower]: far from local route: d=1377989.95, relocalize nearest_index 422 -> 422
[WARN] [1783599716.288208140] [waypoint_follower]: far from local route: d=1377989.95, relocalize nearest_index 422 -> 422
[WARN] [1783599716.338801177] [waypoint_follower]: far from local route: d=1377989.95, relocalize nearest_index 422 -> 422
[WARN] [1783599716.387886831] [waypoint_follower]: far from local route: d=1377989.95, relocalize nearest_index 422 -> 422
[WARN] [1783599716.437757792] [waypoint_follower]: far from local route: d=1377989.95, relocalize nearest_index 422 -> 422
[WARN] [1783599716.487776041] [waypoint_follower]: far from local route: d=1377989.95, relocalize nearest_index 422 -> 422
[WARN] [1783599716.537734005] [waypoint_follower]: far from local route: d=1377989.95, relocalize nearest_index 422 -> 422
[WARN] [1783599716.587941910] [waypoint_follower]: far from local route: d=1377989.95, relocalize nearest_index 422 -> 422
[WARN] [1783599716.637742313] [waypoint_follower]: far from local route: d=1377989.95, relocalize nearest_index 422 -> 422
[WARN] [1783599716.687976457] [waypoint_follower]: far from local route: d=1377989.95, relocalize nearest_index 422 -> 422
[WARN] [1783599716.737800027] [waypoint_follower]: far from local route: d=1377989.95, relocalize nearest_index 422 -> 422
[WARN] [1783599716.787758151] [waypoint_follower]: far from local route: d=1377989.95, relocalize nearest_index 422 -> 422
[WARN] [1783599716.837756882] [waypoint_follower]: far from local route: d=1377989.95, relocalize nearest_index 422 -> 422
[WARN] [1783599716.887790618] [waypoint_follower]: far from local route: d=1381841.40, relocalize nearest_index 422 -> 422
[WARN] [1783599716.937817827] [waypoint_follower]: far from local route: d=1381841.40, relocalize nearest_index 422 -> 422
[WARN] [1783599716.988173405] [waypoint_follower]: far from local route: d=1381841.40, relocalize nearest_index 422 -> 422
[WARN] [1783599717.037799257] [waypoint_follower]: far from local route: d=1381841.40, relocalize nearest_index 422 -> 422
[WARN] [1783599717.087952476] [waypoint_follower]: far from local route: d=1381841.40, relocalize nearest_index 422 -> 422
[INFO] [1783599717.088987626] [waypoint_follower]: nearest=422, target=422, dist=1381841.40, alpha=-0.83, vx=0.12, yaw_rate=-0.45, dir=1
[WARN] [1783599717.137759663] [waypoint_follower]: far from local route: d=1381841.40, relocalize nearest_index 422 -> 422
[WARN] [1783599717.188006701] [waypoint_follower]: far from local route: d=1381841.40, relocalize nearest_index 422 -> 422
[WARN] [1783599717.237740388] [waypoint_follower]: far from local route: d=1381841.40, relocalize nearest_index 422 -> 422
[WARN] [1783599717.287807243] [waypoint_follower]: far from local route: d=1381841.40, relocalize nearest_index 422 -> 422
[WARN] [1783599717.337762168] [waypoint_follower]: far from local route: d=1381841.40, relocalize nearest_index 422 -> 422
[WARN] [1783599717.387827903] [waypoint_follower]: far from local route: d=1381841.40, relocalize nearest_index 422 -> 422
[WARN] [1783599717.437807562] [waypoint_follower]: far from local route: d=1381841.40, relocalize nearest_index 422 -> 422
[WARN] [1783599717.487943758] [waypoint_follower]: far from local route: d=1381841.40, relocalize nearest_index 422 -> 422
[WARN] [1783599717.537778592] [waypoint_follower]: far from local route: d=1381841.40, relocalize nearest_index 422 -> 422
[WARN] [1783599717.587755435] [waypoint_follower]: far from local route: d=1381841.40, relocalize nearest_index 422 -> 422
[WARN] [1783599717.637794420] [waypoint_follower]: far from local route: d=1381841.40, relocalize nearest_index 422 -> 422
[WARN] [1783599717.687729377] [waypoint_follower]: far from local route: d=1381841.40, relocalize nearest_index 422 -> 422
[WARN] [1783599717.737767177] [waypoint_follower]: far from local route: d=1381841.40, relocalize nearest_index 422 -> 422
[WARN] [1783599717.738879508] [waypoint_follower]: stuck recovery: nearest_index 422 -> 422
[WARN] [1783599717.787890190] [waypoint_follower]: far from local route: d=1381841.40, relocalize nearest_index 422 -> 422
[WARN] [1783599717.837820795] [waypoint_follower]: far from local route: d=1381841.40, relocalize nearest_index 422 -> 422
[WARN] [1783599717.887910241] [waypoint_follower]: far from local route: d=1381841.40, relocalize nearest_index 422 -> 422
[WARN] [1783599717.937824624] [waypoint_follower]: far from local route: d=1386979.50, relocalize nearest_index 422 -> 422
[WARN] [1783599717.988490362] [waypoint_follower]: far from local route: d=1386979.50, relocalize nearest_index 422 -> 422
[WARN] [1783599718.039963582] [waypoint_follower]: far from local route: d=1386979.50, relocalize nearest_index 422 -> 422
[WARN] [1783599718.087923850] [waypoint_follower]: far from local route: d=1386979.50, relocalize nearest_index 422 -> 422
[WARN] [1783599718.137756348] [waypoint_follower]: far from local route: d=1386979.50, relocalize nearest_index 422 -> 422
[INFO] [1783599718.138801226] [waypoint_follower]: nearest=422, target=422, dist=1386979.50, alpha=-1.01, vx=0.00, yaw_rate=-0.45, dir=1
[WARN] [1783599718.190678906] [waypoint_follower]: far from local route: d=1386979.50, relocalize nearest_index 422 -> 422
[WARN] [1783599718.238385906] [waypoint_follower]: far from local route: d=1386979.50, relocalize nearest_index 422 -> 422
[WARN] [1783599718.288330079] [waypoint_follower]: far from local route: d=1386979.50, relocalize nearest_index 422 -> 422
[WARN] [1783599718.338406758] [waypoint_follower]: far from local route: d=1386979.50, relocalize nearest_index 422 -> 422
[WARN] [1783599718.387966725] [waypoint_follower]: far from local route: d=1386979.50, relocalize nearest_index 422 -> 422
[WARN] [1783599718.437765849] [waypoint_follower]: far from local route: d=1386979.50, relocalize nearest_index 422 -> 422
[WARN] [1783599718.487752292] [waypoint_follower]: far from local route: d=1386979.50, relocalize nearest_index 422 -> 422
[WARN] [1783599718.537737039] [waypoint_follower]: far from local route: d=1386979.50, relocalize nearest_index 422 -> 422
[WARN] [1783599718.587736057] [waypoint_follower]: far from local route: d=1386979.50, relocalize nearest_index 422 -> 422
[WARN] [1783599718.637736995] [waypoint_follower]: far from local route: d=1386979.50, relocalize nearest_index 422 -> 422
[WARN] [1783599718.687857991] [waypoint_follower]: far from local route: d=1386979.50, relocalize nearest_index 422 -> 422
[WARN] [1783599718.737720056] [waypoint_follower]: far from local route: d=1386979.50, relocalize nearest_index 422 -> 422
[WARN] [1783599718.787780896] [waypoint_follower]: far from local route: d=1386979.50, relocalize nearest_index 422 -> 422
[WARN] [1783599718.837776170] [waypoint_follower]: far from local route: d=1386979.50, relocalize nearest_index 422 -> 422
[WARN] [1783599718.887927309] [waypoint_follower]: far from local route: d=1386979.50, relocalize nearest_index 422 -> 422
[WARN] [1783599718.937722561] [waypoint_follower]: far from local route: d=1386979.50, relocalize nearest_index 422 -> 422
[WARN] [1783599718.987988735] [waypoint_follower]: far from local route: d=1386979.50, relocalize nearest_index 422 -> 422
[WARN] [1783599719.038215358] [waypoint_follower]: far from local route: d=1386979.50, relocalize nearest_index 422 -> 422
[WARN] [1783599719.087810332] [waypoint_follower]: far from local route: d=1386979.50, relocalize nearest_index 422 -> 422
[WARN] [1783599719.137768904] [waypoint_follower]: far from local route: d=1386979.50, relocalize nearest_index 422 -> 422
[INFO] [1783599719.138823573] [waypoint_follower]: nearest=422, target=422, dist=1386979.50, alpha=-1.01, vx=0.00, yaw_rate=-0.45, dir=1
[WARN] [1783599719.187828047] [waypoint_follower]: far from local route: d=1386979.50, relocalize nearest_index 422 -> 422
[WARN] [1783599719.237756285] [waypoint_follower]: far from local route: d=1386979.50, relocalize nearest_index 422 -> 422
[WARN] [1783599719.287840899] [waypoint_follower]: far from local route: d=1386979.50, relocalize nearest_index 422 -> 422
[WARN] [1783599719.337918250] [waypoint_follower]: far from local route: d=1396653.52, relocalize nearest_index 422 -> 422
[WARN] [1783599719.387967633] [waypoint_follower]: far from local route: d=1396653.52, relocalize nearest_index 422 -> 422
[WARN] [1783599719.437800452] [waypoint_follower]: far from local route: d=1396653.52, relocalize nearest_index 422 -> 422
[WARN] [1783599719.487861387] [waypoint_follower]: far from local route: d=1396653.52, relocalize nearest_index 422 -> 422
[WARN] [1783599719.537769786] [waypoint_follower]: far from local route: d=1396653.52, relocalize nearest_index 422 -> 422
[WARN] [1783599719.587993721] [waypoint_follower]: far from local route: d=1396653.52, relocalize nearest_index 422 -> 422
[WARN] [1783599719.637854346] [waypoint_follower]: far from local route: d=1396653.52, relocalize nearest_index 422 -> 422
[WARN] [1783599719.687892594] [waypoint_follower]: far from local route: d=1396653.52, relocalize nearest_index 422 -> 422
[WARN] [1783599719.737938747] [waypoint_follower]: far from local route: d=1396653.52, relocalize nearest_index 422 -> 422
[WARN] [1783599719.787897959] [waypoint_follower]: far from local route: d=1396653.52, relocalize nearest_index 422 -> 422
[WARN] [1783599719.837937935] [waypoint_follower]: far from local route: d=1396653.52, relocalize nearest_index 422 -> 422
[WARN] [1783599719.887920858] [waypoint_follower]: far from local route: d=1396653.52, relocalize nearest_index 422 -> 422
[WARN] [1783599719.937895430] [waypoint_follower]: far from local route: d=1396653.52, relocalize nearest_index 422 -> 422
[WARN] [1783599719.987894928] [waypoint_follower]: far from local route: d=1396653.52, relocalize nearest_index 422 -> 422
[WARN] [1783599720.037874331] [waypoint_follower]: far from local route: d=1396653.52, relocalize nearest_index 422 -> 422
[WARN] [1783599720.087863750] [waypoint_follower]: far from local route: d=1396653.52, relocalize nearest_index 422 -> 422
[WARN] [1783599720.137844305] [waypoint_follower]: far from local route: d=1396653.52, relocalize nearest_index 422 -> 422
[INFO] [1783599720.138887583] [waypoint_follower]: nearest=422, target=422, dist=1396653.52, alpha=-1.12, vx=0.00, yaw_rate=-0.45, dir=1
[WARN] [1783599720.187857594] [waypoint_follower]: far from local route: d=1396653.52, relocalize nearest_index 422 -> 422
[WARN] [1783599720.237884675] [waypoint_follower]: far from local route: d=1396653.52, relocalize nearest_index 422 -> 422
[WARN] [1783599720.287920396] [waypoint_follower]: far from local route: d=1396653.52, relocalize nearest_index 422 -> 422
[WARN] [1783599720.337827707] [waypoint_follower]: far from local route: d=1396653.52, relocalize nearest_index 422 -> 422
[WARN] [1783599720.387949599] [waypoint_follower]: far from local route: d=1396653.52, relocalize nearest_index 422 -> 422
[WARN] [1783599720.437839247] [waypoint_follower]: far from local route: d=1396653.52, relocalize nearest_index 422 -> 422
[WARN] [1783599720.487869943] [waypoint_follower]: far from local route: d=1396653.52, relocalize nearest_index 422 -> 422
[WARN] [1783599720.537837795] [waypoint_follower]: far from local route: d=1396653.52, relocalize nearest_index 422 -> 422
[WARN] [1783599720.587898314] [waypoint_follower]: far from local route: d=1396653.52, relocalize nearest_index 422 -> 422
[WARN] [1783599720.637832152] [waypoint_follower]: far from local route: d=1396653.52, relocalize nearest_index 422 -> 422
[WARN] [1783599720.687866304] [waypoint_follower]: far from local route: d=1396653.52, relocalize nearest_index 422 -> 422
[WARN] [1783599720.738134942] [waypoint_follower]: far from local route: d=1405703.26, relocalize nearest_index 422 -> 422
[WARN] [1783599720.739535483] [waypoint_follower]: stuck recovery: nearest_index 422 -> 422
[WARN] [1783599720.787962384] [waypoint_follower]: far from local route: d=1405703.26, relocalize nearest_index 422 -> 422
[WARN] [1783599720.837920125] [waypoint_follower]: far from local route: d=1405703.26, relocalize nearest_index 422 -> 422
[WARN] [1783599720.887975236] [waypoint_follower]: far from local route: d=1405703.26, relocalize nearest_index 422 -> 422
[WARN] [1783599720.937960335] [waypoint_follower]: far from local route: d=1405703.26, relocalize nearest_index 422 -> 422
[WARN] [1783599720.988043125] [waypoint_follower]: far from local route: d=1405703.26, relocalize nearest_index 422 -> 422
[WARN] [1783599721.037834538] [waypoint_follower]: far from local route: d=1405703.26, relocalize nearest_index 422 -> 422
[WARN] [1783599721.088810629] [waypoint_follower]: far from local route: d=1405703.26, relocalize nearest_index 422 -> 422
[WARN] [1783599721.138221036] [waypoint_follower]: far from local route: d=1405703.26, relocalize nearest_index 422 -> 422
[INFO] [1783599721.139310999] [waypoint_follower]: nearest=422, target=422, dist=1405703.26, alpha=-1.20, vx=0.00, yaw_rate=-0.45, dir=1
[WARN] [1783599721.188220950] [waypoint_follower]: far from local route: d=1405703.26, relocalize nearest_index 422 -> 422
[WARN] [1783599721.237999435] [waypoint_follower]: far from local route: d=1405703.26, relocalize nearest_index 422 -> 422
[WARN] [1783599721.288024308] [waypoint_follower]: far from local route: d=1405703.26, relocalize nearest_index 422 -> 422
[WARN] [1783599721.337961793] [waypoint_follower]: far from local route: d=1405703.26, relocalize nearest_index 422 -> 422
[WARN] [1783599721.387938252] [waypoint_follower]: far from local route: d=1405703.26, relocalize nearest_index 422 -> 422
[WARN] [1783599721.437803421] [waypoint_follower]: far from local route: d=1405703.26, relocalize nearest_index 422 -> 422
[WARN] [1783599721.487864004] [waypoint_follower]: far from local route: d=1405703.26, relocalize nearest_index 422 -> 422
[WARN] [1783599721.537766451] [waypoint_follower]: far from local route: d=1405703.26, relocalize nearest_index 422 -> 422
[WARN] [1783599721.587773117] [waypoint_follower]: far from local route: d=1405703.26, relocalize nearest_index 422 -> 422
[WARN] [1783599721.638079289] [waypoint_follower]: far from local route: d=1405703.26, relocalize nearest_index 422 -> 422
[WARN] [1783599721.687971720] [waypoint_follower]: far from local route: d=1405703.26, relocalize nearest_index 422 -> 422
[WARN] [1783599721.737767548] [waypoint_follower]: far from local route: d=1405703.26, relocalize nearest_index 422 -> 422
[WARN] [1783599721.787831299] [waypoint_follower]: far from local route: d=1405703.26, relocalize nearest_index 422 -> 422
[WARN] [1783599721.837727410] [waypoint_follower]: far from local route: d=1405703.26, relocalize nearest_index 422 -> 422
[WARN] [1783599721.887799289] [waypoint_follower]: far from local route: d=1405703.26, relocalize nearest_index 422 -> 422
[WARN] [1783599721.937734215] [waypoint_follower]: far from local route: d=1405703.26, relocalize nearest_index 422 -> 422
[WARN] [1783599721.987848875] [waypoint_follower]: far from local route: d=1405703.26, relocalize nearest_index 422 -> 422
[WARN] [1783599722.037761754] [waypoint_follower]: far from local route: d=1405703.26, relocalize nearest_index 422 -> 422
[WARN] [1783599722.087991289] [waypoint_follower]: far from local route: d=1405703.26, relocalize nearest_index 422 -> 422
[WARN] [1783599722.138021154] [waypoint_follower]: far from local route: d=1405703.26, relocalize nearest_index 422 -> 422
[WARN] [1783599722.187916337] [waypoint_follower]: far from local route: d=1405703.26, relocalize nearest_index 422 -> 422
[INFO] [1783599722.188946432] [waypoint_follower]: nearest=422, target=422, dist=1405703.26, alpha=-1.20, vx=0.00, yaw_rate=-0.45, dir=1
[WARN] [1783599722.237876957] [waypoint_follower]: far from local route: d=1405703.26, relocalize nearest_index 422 -> 422
[WARN] [1783599722.287948740] [waypoint_follower]: far from local route: d=1405703.26, relocalize nearest_index 422 -> 422
[WARN] [1783599722.337886609] [waypoint_follower]: far from local route: d=1405703.26, relocalize nearest_index 422 -> 422
[WARN] [1783599722.387961976] [waypoint_follower]: far from local route: d=1405703.26, relocalize nearest_index 422 -> 422
[WARN] [1783599722.437902437] [waypoint_follower]: far from local route: d=1405703.26, relocalize nearest_index 422 -> 422
[WARN] [1783599722.488028585] [waypoint_follower]: far from local route: d=1405703.26, relocalize nearest_index 422 -> 422
[WARN] [1783599722.537866651] [waypoint_follower]: far from local route: d=1405703.26, relocalize nearest_index 422 -> 422
[WARN] [1783599722.587877157] [waypoint_follower]: far from local route: d=1405703.26, relocalize nearest_index 422 -> 422
[WARN] [1783599722.637776308] [waypoint_follower]: far from local route: d=1405703.26, relocalize nearest_index 422 -> 422
[WARN] [1783599722.688122989] [waypoint_follower]: far from local route: d=1417374.54, relocalize nearest_index 422 -> 422
[WARN] [1783599722.739273665] [waypoint_follower]: far from local route: d=1417374.54, relocalize nearest_index 422 -> 422
[WARN] [1783599722.787940395] [waypoint_follower]: far from local route: d=1417374.54, relocalize nearest_index 422 -> 422
[WARN] [1783599722.837850841] [waypoint_follower]: far from local route: d=1417374.54, relocalize nearest_index 422 -> 422
[WARN] [1783599722.887994460] [waypoint_follower]: far from local route: d=1417374.54, relocalize nearest_index 422 -> 422
[WARN] [1783599722.938373685] [waypoint_follower]: far from local route: d=1417374.54, relocalize nearest_index 422 -> 422
[WARN] [1783599722.987962674] [waypoint_follower]: far from local route: d=1417374.54, relocalize nearest_index 422 -> 422
[WARN] [1783599723.038637052] [waypoint_follower]: far from local route: d=1417374.54, relocalize nearest_index 422 -> 422
[WARN] [1783599723.087846828] [waypoint_follower]: far from local route: d=1417374.54, relocalize nearest_index 422 -> 422
[WARN] [1783599723.137952402] [waypoint_follower]: far from local route: d=1417374.54, relocalize nearest_index 422 -> 422
[WARN] [1783599723.188113172] [waypoint_follower]: far from local route: d=1417374.54, relocalize nearest_index 422 -> 422
[INFO] [1783599723.189214080] [waypoint_follower]: nearest=422, target=422, dist=1417374.54, alpha=0.85, vx=0.12, yaw_rate=0.45, dir=1
[WARN] [1783599723.237871946] [waypoint_follower]: far from local route: d=1417374.54, relocalize nearest_index 422 -> 422
[WARN] [1783599723.287939889] [waypoint_follower]: far from local route: d=1417374.54, relocalize nearest_index 422 -> 422
[WARN] [1783599723.338047222] [waypoint_follower]: far from local route: d=1417374.54, relocalize nearest_index 422 -> 422
[WARN] [1783599723.388442797] [waypoint_follower]: far from local route: d=1417374.54, relocalize nearest_index 422 -> 422
[WARN] [1783599723.438342972] [waypoint_follower]: far from local route: d=1417374.54, relocalize nearest_index 422 -> 422
[WARN] [1783599723.488014294] [waypoint_follower]: far from local route: d=1430396.79, relocalize nearest_index 422 -> 422
[WARN] [1783599723.537829193] [waypoint_follower]: far from local route: d=1430396.79, relocalize nearest_index 422 -> 422
[WARN] [1783599723.588749768] [waypoint_follower]: far from local route: d=1430396.79, relocalize nearest_index 422 -> 422
[WARN] [1783599723.638438433] [waypoint_follower]: far from local route: d=1430396.79, relocalize nearest_index 422 -> 422
[WARN] [1783599723.689466010] [waypoint_follower]: far from local route: d=1430396.79, relocalize nearest_index 422 -> 422
[WARN] [1783599723.737858993] [waypoint_follower]: far from local route: d=1430396.79, relocalize nearest_index 422 -> 422
[WARN] [1783599723.787791550] [waypoint_follower]: far from local route: d=1430396.79, relocalize nearest_index 422 -> 422
[WARN] [1783599723.789107967] [waypoint_follower]: stuck recovery: nearest_index 422 -> 422
[WARN] [1783599723.837739435] [waypoint_follower]: far from local route: d=1430396.79, relocalize nearest_index 422 -> 422
[WARN] [1783599723.887774580] [waypoint_follower]: far from local route: d=1430396.79, relocalize nearest_index 422 -> 422
[WARN] [1783599723.937733216] [waypoint_follower]: far from local route: d=1430396.79, relocalize nearest_index 422 -> 422
[WARN] [1783599723.987760425] [waypoint_follower]: far from local route: d=1430396.79, relocalize nearest_index 422 -> 422
[WARN] [1783599724.037739380] [waypoint_follower]: far from local route: d=1430396.79, relocalize nearest_index 422 -> 422
[WARN] [1783599724.087757341] [waypoint_follower]: far from local route: d=1430396.79, relocalize nearest_index 422 -> 422
[WARN] [1783599724.137744136] [waypoint_follower]: far from local route: d=1430396.79, relocalize nearest_index 422 -> 422
[WARN] [1783599724.187973352] [waypoint_follower]: far from local route: d=1430396.79, relocalize nearest_index 422 -> 422
[WARN] [1783599724.237752668] [waypoint_follower]: far from local route: d=1430396.79, relocalize nearest_index 422 -> 422
[INFO] [1783599724.238766764] [waypoint_follower]: nearest=422, target=422, dist=1430396.79, alpha=0.94, vx=0.12, yaw_rate=0.45, dir=1
[WARN] [1783599724.287774789] [waypoint_follower]: far from local route: d=1430396.79, relocalize nearest_index 422 -> 422
[WARN] [1783599724.337778128] [waypoint_follower]: far from local route: d=1430396.79, relocalize nearest_index 422 -> 422
[WARN] [1783599724.387731932] [waypoint_follower]: far from local route: d=1430396.79, relocalize nearest_index 422 -> 422
[WARN] [1783599724.437719431] [waypoint_follower]: far from local route: d=1430396.79, relocalize nearest_index 422 -> 422
[WARN] [1783599724.487689299] [waypoint_follower]: far from local route: d=1435624.22, relocalize nearest_index 422 -> 422
[WARN] [1783599724.537780696] [waypoint_follower]: far from local route: d=1435624.22, relocalize nearest_index 422 -> 422
[WARN] [1783599724.587866782] [waypoint_follower]: far from local route: d=1435624.22, relocalize nearest_index 422 -> 422
[WARN] [1783599724.637746286] [waypoint_follower]: far from local route: d=1435624.22, relocalize nearest_index 422 -> 422
[WARN] [1783599724.687860275] [waypoint_follower]: far from local route: d=1435624.22, relocalize nearest_index 422 -> 422
[WARN] [1783599724.737795841] [waypoint_follower]: far from local route: d=1435624.22, relocalize nearest_index 422 -> 422
[WARN] [1783599724.787742157] [waypoint_follower]: far from local route: d=1435624.22, relocalize nearest_index 422 -> 422
[WARN] [1783599724.837753463] [waypoint_follower]: far from local route: d=1435624.22, relocalize nearest_index 422 -> 422
[WARN] [1783599724.888707924] [waypoint_follower]: far from local route: d=1435624.22, relocalize nearest_index 422 -> 422
[WARN] [1783599724.937995040] [waypoint_follower]: far from local route: d=1435624.22, relocalize nearest_index 422 -> 422
[WARN] [1783599724.988324826] [waypoint_follower]: far from local route: d=1435624.22, relocalize nearest_index 422 -> 422
[WARN] [1783599725.037842428] [waypoint_follower]: far from local route: d=1435624.22, relocalize nearest_index 422 -> 422
[WARN] [1783599725.087872261] [waypoint_follower]: far from local route: d=1435621.21, relocalize nearest_index 422 -> 422
[WARN] [1783599725.137921388] [waypoint_follower]: far from local route: d=1435619.96, relocalize nearest_index 422 -> 422
[WARN] [1783599725.187940406] [waypoint_follower]: far from local route: d=1435619.96, relocalize nearest_index 422 -> 422
[WARN] [1783599725.237795687] [waypoint_follower]: far from local route: d=1446090.43, relocalize nearest_index 422 -> 422
[INFO] [1783599725.238817142] [waypoint_follower]: nearest=422, target=422, dist=1446090.43, alpha=-1.23, vx=0.00, yaw_rate=-0.45, dir=1
[WARN] [1783599725.289178095] [waypoint_follower]: far from local route: d=1446090.43, relocalize nearest_index 422 -> 422
[WARN] [1783599725.337796059] [waypoint_follower]: far from local route: d=1446090.43, relocalize nearest_index 422 -> 422
[WARN] [1783599725.387813221] [waypoint_follower]: far from local route: d=1446090.43, relocalize nearest_index 422 -> 422
[WARN] [1783599725.437825038] [waypoint_follower]: far from local route: d=1446088.92, relocalize nearest_index 422 -> 422
[WARN] [1783599725.487830808] [waypoint_follower]: far from local route: d=1446088.92, relocalize nearest_index 422 -> 422
[WARN] [1783599725.538079895] [waypoint_follower]: far from local route: d=1446088.92, relocalize nearest_index 422 -> 422
[WARN] [1783599725.587843820] [waypoint_follower]: far from local route: d=1446088.92, relocalize nearest_index 422 -> 422
[WARN] [1783599725.640212933] [waypoint_follower]: far from local route: d=1446088.92, relocalize nearest_index 422 -> 422
[WARN] [1783599725.687989882] [waypoint_follower]: far from local route: d=1446088.92, relocalize nearest_index 422 -> 422
[WARN] [1783599725.737833131] [waypoint_follower]: far from local route: d=1446088.92, relocalize nearest_index 422 -> 422
[WARN] [1783599725.787802231] [waypoint_follower]: far from local route: d=1446088.92, relocalize nearest_index 422 -> 422
[WARN] [1783599725.837914908] [waypoint_follower]: far from local route: d=1446088.92, relocalize nearest_index 422 -> 422
[WARN] [1783599725.888133916] [waypoint_follower]: far from local route: d=1446088.92, relocalize nearest_index 422 -> 422
[WARN] [1783599725.938510996] [waypoint_follower]: far from local route: d=1446088.92, relocalize nearest_index 422 -> 422
[WARN] [1783599725.988375045] [waypoint_follower]: far from local route: d=1446088.92, relocalize nearest_index 422 -> 422
[WARN] [1783599726.037925476] [waypoint_follower]: far from local route: d=1446088.92, relocalize nearest_index 422 -> 422
[WARN] [1783599726.087907568] [waypoint_follower]: far from local route: d=1451999.48, relocalize nearest_index 422 -> 422
[WARN] [1783599726.137808894] [waypoint_follower]: far from local route: d=1451999.48, relocalize nearest_index 422 -> 422
[WARN] [1783599726.188433163] [waypoint_follower]: far from local route: d=1451999.48, relocalize nearest_index 422 -> 422
[WARN] [1783599726.237892399] [waypoint_follower]: far from local route: d=1451999.48, relocalize nearest_index 422 -> 422
[INFO] [1783599726.238991386] [waypoint_follower]: nearest=422, target=422, dist=1451999.48, alpha=-1.36, vx=0.00, yaw_rate=-0.45, dir=1
[WARN] [1783599726.287803229] [waypoint_follower]: far from local route: d=1451999.90, relocalize nearest_index 422 -> 422
[WARN] [1783599726.337806472] [waypoint_follower]: far from local route: d=1451999.90, relocalize nearest_index 422 -> 422
[WARN] [1783599726.388247325] [waypoint_follower]: far from local route: d=1451999.90, relocalize nearest_index 422 -> 422
[WARN] [1783599726.437812476] [waypoint_follower]: far from local route: d=1451999.90, relocalize nearest_index 422 -> 422
[WARN] [1783599726.488031675] [waypoint_follower]: far from local route: d=1451999.90, relocalize nearest_index 422 -> 422
[WARN] [1783599726.538515215] [waypoint_follower]: far from local route: d=1451999.90, relocalize nearest_index 422 -> 422
[WARN] [1783599726.587823514] [waypoint_follower]: far from local route: d=1451999.90, relocalize nearest_index 422 -> 422
[WARN] [1783599726.637893473] [waypoint_follower]: far from local route: d=1457263.43, relocalize nearest_index 422 -> 422
[WARN] [1783599726.688037412] [waypoint_follower]: far from local route: d=1457263.43, relocalize nearest_index 422 -> 422
[WARN] [1783599726.737796026] [waypoint_follower]: far from local route: d=1457263.43, relocalize nearest_index 422 -> 422
[WARN] [1783599726.788692633] [waypoint_follower]: far from local route: d=1457263.43, relocalize nearest_index 422 -> 422
[WARN] [1783599726.790021370] [waypoint_follower]: stuck recovery: nearest_index 422 -> 422
[WARN] [1783599726.837829389] [waypoint_follower]: far from local route: d=1457263.43, relocalize nearest_index 422 -> 422
[WARN] [1783599726.888756203] [waypoint_follower]: far from local route: d=1457263.43, relocalize nearest_index 422 -> 422
[WARN] [1783599726.938416773] [waypoint_follower]: far from local route: d=1457263.43, relocalize nearest_index 422 -> 422
[WARN] [1783599726.988645252] [waypoint_follower]: far from local route: d=1457263.43, relocalize nearest_index 422 -> 422
[WARN] [1783599727.037862132] [waypoint_follower]: far from local route: d=1457263.43, relocalize nearest_index 422 -> 422
[WARN] [1783599727.088006935] [waypoint_follower]: far from local route: d=1457263.43, relocalize nearest_index 422 -> 422
[WARN] [1783599727.140126620] [waypoint_follower]: far from local route: d=1459917.08, relocalize nearest_index 422 -> 422
[WARN] [1783599727.188120262] [waypoint_follower]: far from local route: d=1459917.08, relocalize nearest_index 422 -> 422
[WARN] [1783599727.237897371] [waypoint_follower]: far from local route: d=1459917.08, relocalize nearest_index 422 -> 422
[INFO] [1783599727.241218813] [waypoint_follower]: nearest=422, target=422, dist=1459917.08, alpha=-1.45, vx=0.00, yaw_rate=-0.45, dir=1
[WARN] [1783599727.288056766] [waypoint_follower]: far from local route: d=1459917.08, relocalize nearest_index 422 -> 422
[WARN] [1783599727.337697657] [waypoint_follower]: far from local route: d=1459917.08, relocalize nearest_index 422 -> 422
[WARN] [1783599727.387928889] [waypoint_follower]: far from local route: d=1459917.08, relocalize nearest_index 422 -> 422
[WARN] [1783599727.437950370] [waypoint_follower]: far from local route: d=1459917.08, relocalize nearest_index 422 -> 422
[WARN] [1783599727.488648107] [waypoint_follower]: far from local route: d=1460560.56, relocalize nearest_index 422 -> 422
[WARN] [1783599727.538030194] [waypoint_follower]: far from local route: d=1460560.56, relocalize nearest_index 422 -> 422
[WARN] [1783599727.587930881] [waypoint_follower]: far from local route: d=1460560.56, relocalize nearest_index 422 -> 422
[WARN] [1783599727.637844368] [waypoint_follower]: far from local route: d=1460560.56, relocalize nearest_index 422 -> 422
[WARN] [1783599727.687930454] [waypoint_follower]: far from local route: d=1460560.56, relocalize nearest_index 422 -> 422
[WARN] [1783599727.737892482] [waypoint_follower]: far from local route: d=1460560.56, relocalize nearest_index 422 -> 422
[WARN] [1783599727.787917771] [waypoint_follower]: far from local route: d=1460560.56, relocalize nearest_index 422 -> 422
[WARN] [1783599727.837747837] [waypoint_follower]: far from local route: d=1460560.56, relocalize nearest_index 422 -> 422
[WARN] [1783599727.887782022] [waypoint_follower]: far from local route: d=1460560.56, relocalize nearest_index 422 -> 422
[WARN] [1783599727.937755089] [waypoint_follower]: far from local route: d=1460560.56, relocalize nearest_index 422 -> 422
[WARN] [1783599727.987762811] [waypoint_follower]: far from local route: d=1460560.56, relocalize nearest_index 422 -> 422
[WARN] [1783599728.037803012] [waypoint_follower]: far from local route: d=1460560.56, relocalize nearest_index 422 -> 422
[WARN] [1783599728.087816525] [waypoint_follower]: far from local route: d=1460560.56, relocalize nearest_index 422 -> 422
[WARN] [1783599728.137940817] [waypoint_follower]: far from local route: d=1463200.67, relocalize nearest_index 422 -> 422
[WARN] [1783599728.187906685] [waypoint_follower]: far from local route: d=1463200.67, relocalize nearest_index 422 -> 422
[WARN] [1783599728.237768558] [waypoint_follower]: far from local route: d=1463200.67, relocalize nearest_index 422 -> 422
[WARN] [1783599728.287832149] [waypoint_follower]: far from local route: d=1463200.67, relocalize nearest_index 422 -> 422
[INFO] [1783599728.288894563] [waypoint_follower]: nearest=422, target=422, dist=1463200.67, alpha=-1.54, vx=0.00, yaw_rate=-0.45, dir=1
[WARN] [1783599728.337786818] [waypoint_follower]: far from local route: d=1463200.67, relocalize nearest_index 422 -> 422
[WARN] [1783599728.388239350] [waypoint_follower]: far from local route: d=1463200.67, relocalize nearest_index 422 -> 422
[WARN] [1783599728.437797622] [waypoint_follower]: far from local route: d=1463200.67, relocalize nearest_index 422 -> 422
[WARN] [1783599728.487901755] [waypoint_follower]: far from local route: d=1463200.67, relocalize nearest_index 422 -> 422
[WARN] [1783599728.537741261] [waypoint_follower]: far from local route: d=1463200.67, relocalize nearest_index 422 -> 422
[WARN] [1783599728.587829715] [waypoint_follower]: far from local route: d=1463200.67, relocalize nearest_index 422 -> 422
[WARN] [1783599728.637759904] [waypoint_follower]: far from local route: d=1463200.67, relocalize nearest_index 422 -> 422
[WARN] [1783599728.687744683] [waypoint_follower]: far from local route: d=1463200.67, relocalize nearest_index 422 -> 422
[WARN] [1783599728.737751253] [waypoint_follower]: far from local route: d=1463200.67, relocalize nearest_index 422 -> 422
[WARN] [1783599728.787802045] [waypoint_follower]: far from local route: d=1463200.67, relocalize nearest_index 422 -> 422
[WARN] [1783599728.837731979] [waypoint_follower]: far from local route: d=1463200.67, relocalize nearest_index 422 -> 422
[WARN] [1783599728.887819313] [waypoint_follower]: far from local route: d=1463200.67, relocalize nearest_index 422 -> 422
[WARN] [1783599728.937747646] [waypoint_follower]: far from local route: d=1463200.67, relocalize nearest_index 422 -> 422
[WARN] [1783599728.987835012] [waypoint_follower]: far from local route: d=1463200.67, relocalize nearest_index 422 -> 422
[WARN] [1783599729.037759666] [waypoint_follower]: far from local route: d=1463200.67, relocalize nearest_index 422 -> 422
[WARN] [1783599729.087799067] [waypoint_follower]: far from local route: d=1463200.67, relocalize nearest_index 422 -> 422
[WARN] [1783599729.137739368] [waypoint_follower]: far from local route: d=1463200.67, relocalize nearest_index 422 -> 422
[WARN] [1783599729.188130783] [waypoint_follower]: far from local route: d=1467824.92, relocalize nearest_index 422 -> 422
[WARN] [1783599729.237954834] [waypoint_follower]: far from local route: d=1467824.92, relocalize nearest_index 422 -> 422
[WARN] [1783599729.287955804] [waypoint_follower]: far from local route: d=1467824.92, relocalize nearest_index 422 -> 422
[INFO] [1783599729.289154211] [waypoint_follower]: nearest=422, target=422, dist=1467824.92, alpha=-1.55, vx=0.00, yaw_rate=-0.45, dir=1
[WARN] [1783599729.337890185] [waypoint_follower]: far from local route: d=1467824.92, relocalize nearest_index 422 -> 422
[WARN] [1783599729.388008110] [waypoint_follower]: far from local route: d=1467824.92, relocalize nearest_index 422 -> 422
[WARN] [1783599729.439469138] [waypoint_follower]: far from local route: d=1467824.92, relocalize nearest_index 422 -> 422
[WARN] [1783599729.488395056] [waypoint_follower]: far from local route: d=1467824.92, relocalize nearest_index 422 -> 422
[WARN] [1783599729.538788935] [waypoint_follower]: far from local route: d=1467824.92, relocalize nearest_index 422 -> 422
[WARN] [1783599729.588550589] [waypoint_follower]: far from local route: d=1467824.92, relocalize nearest_index 422 -> 422
[WARN] [1783599729.637940164] [waypoint_follower]: far from local route: d=1467824.92, relocalize nearest_index 422 -> 422
[WARN] [1783599729.687828788] [waypoint_follower]: far from local route: d=1467824.92, relocalize nearest_index 422 -> 422
[WARN] [1783599729.737781696] [waypoint_follower]: far from local route: d=1467824.92, relocalize nearest_index 422 -> 422
[WARN] [1783599729.788188951] [waypoint_follower]: far from local route: d=1467824.92, relocalize nearest_index 422 -> 422
[WARN] [1783599729.837817075] [waypoint_follower]: far from local route: d=1467824.92, relocalize nearest_index 422 -> 422
[WARN] [1783599729.839426054] [waypoint_follower]: stuck recovery: nearest_index 422 -> 422
[WARN] [1783599729.887814782] [waypoint_follower]: far from local route: d=1467824.92, relocalize nearest_index 422 -> 422
[WARN] [1783599729.937723628] [waypoint_follower]: far from local route: d=1467824.92, relocalize nearest_index 422 -> 422
[WARN] [1783599729.987818130] [waypoint_follower]: far from local route: d=1467824.92, relocalize nearest_index 422 -> 422
[WARN] [1783599730.037733248] [waypoint_follower]: far from local route: d=1467824.92, relocalize nearest_index 422 -> 422
[WARN] [1783599730.087794855] [waypoint_follower]: far from local route: d=1467824.92, relocalize nearest_index 422 -> 422
[WARN] [1783599730.137716917] [waypoint_follower]: far from local route: d=1467824.92, relocalize nearest_index 422 -> 422
[WARN] [1783599730.187807899] [waypoint_follower]: far from local route: d=1467824.92, relocalize nearest_index 422 -> 422
[WARN] [1783599730.237726345] [waypoint_follower]: far from local route: d=1467824.92, relocalize nearest_index 422 -> 422
[WARN] [1783599730.287786481] [waypoint_follower]: far from local route: d=1467824.92, relocalize nearest_index 422 -> 422
[WARN] [1783599730.337754269] [waypoint_follower]: far from local route: d=1467824.92, relocalize nearest_index 422 -> 422
[INFO] [1783599730.338756461] [waypoint_follower]: nearest=422, target=422, dist=1467824.92, alpha=-1.55, vx=0.00, yaw_rate=-0.45, dir=1
[WARN] [1783599730.387796581] [waypoint_follower]: far from local route: d=1467824.92, relocalize nearest_index 422 -> 422
[WARN] [1783599730.437773232] [waypoint_follower]: far from local route: d=1467824.92, relocalize nearest_index 422 -> 422
[WARN] [1783599730.487941522] [waypoint_follower]: far from local route: d=1467824.92, relocalize nearest_index 422 -> 422
[WARN] [1783599730.537723047] [waypoint_follower]: far from local route: d=1467824.92, relocalize nearest_index 422 -> 422
[WARN] [1783599730.587836876] [waypoint_follower]: far from local route: d=1467824.92, relocalize nearest_index 422 -> 422
[WARN] [1783599730.637723579] [waypoint_follower]: far from local route: d=1467824.92, relocalize nearest_index 422 -> 422
[WARN] [1783599730.687855295] [waypoint_follower]: far from local route: d=1475770.46, relocalize nearest_index 422 -> 422
[WARN] [1783599730.737772846] [waypoint_follower]: far from local route: d=1475770.46, relocalize nearest_index 422 -> 422
[WARN] [1783599730.787833045] [waypoint_follower]: far from local route: d=1475770.46, relocalize nearest_index 422 -> 422
[WARN] [1783599730.837776738] [waypoint_follower]: far from local route: d=1475770.46, relocalize nearest_index 422 -> 422
[WARN] [1783599730.887858184] [waypoint_follower]: far from local route: d=1475770.46, relocalize nearest_index 422 -> 422
[WARN] [1783599730.937829428] [waypoint_follower]: far from local route: d=1475770.46, relocalize nearest_index 422 -> 422
[WARN] [1783599730.988007957] [waypoint_follower]: far from local route: d=1475770.46, relocalize nearest_index 422 -> 422
[WARN] [1783599731.038068253] [waypoint_follower]: far from local route: d=1475770.46, relocalize nearest_index 422 -> 422
[WARN] [1783599731.088109253] [waypoint_follower]: far from local route: d=1475770.46, relocalize nearest_index 422 -> 422
[WARN] [1783599731.137918136] [waypoint_follower]: far from local route: d=1475770.46, relocalize nearest_index 422 -> 422
[WARN] [1783599731.187919107] [waypoint_follower]: far from local route: d=1475770.46, relocalize nearest_index 422 -> 422
[WARN] [1783599731.238048999] [waypoint_follower]: far from local route: d=1475770.46, relocalize nearest_index 422 -> 422
[WARN] [1783599731.287921527] [waypoint_follower]: far from local route: d=1475770.46, relocalize nearest_index 422 -> 422
[WARN] [1783599731.337808039] [waypoint_follower]: far from local route: d=1475770.46, relocalize nearest_index 422 -> 422
[INFO] [1783599731.338936785] [waypoint_follower]: nearest=422, target=422, dist=1475770.46, alpha=-1.23, vx=0.00, yaw_rate=-0.45, dir=1
[WARN] [1783599731.388002120] [waypoint_follower]: far from local route: d=1475770.46, relocalize nearest_index 422 -> 422
[WARN] [1783599731.437813147] [waypoint_follower]: far from local route: d=1475770.46, relocalize nearest_index 422 -> 422
[WARN] [1783599731.487884194] [waypoint_follower]: far from local route: d=1475770.46, relocalize nearest_index 422 -> 422
[WARN] [1783599731.537876364] [waypoint_follower]: far from local route: d=1475770.46, relocalize nearest_index 422 -> 422
[WARN] [1783599731.587898166] [waypoint_follower]: far from local route: d=1475770.46, relocalize nearest_index 422 -> 422
[WARN] [1783599731.638454757] [waypoint_follower]: far from local route: d=1475770.46, relocalize nearest_index 422 -> 422
[WARN] [1783599731.687961735] [waypoint_follower]: far from local route: d=1475770.46, relocalize nearest_index 422 -> 422
[WARN] [1783599731.737867638] [waypoint_follower]: far from local route: d=1475770.46, relocalize nearest_index 422 -> 422
[WARN] [1783599731.787947132] [waypoint_follower]: far from local route: d=1475770.46, relocalize nearest_index 422 -> 422
[WARN] [1783599731.837816109] [waypoint_follower]: far from local route: d=1475770.46, relocalize nearest_index 422 -> 422
[WARN] [1783599731.887804663] [waypoint_follower]: far from local route: d=1475770.46, relocalize nearest_index 422 -> 422
[WARN] [1783599731.937727397] [waypoint_follower]: far from local route: d=1475770.46, relocalize nearest_index 422 -> 422
[WARN] [1783599731.987881800] [waypoint_follower]: far from local route: d=1475770.46, relocalize nearest_index 422 -> 422
[WARN] [1783599732.038188292] [waypoint_follower]: far from local route: d=1475770.46, relocalize nearest_index 422 -> 422
[WARN] [1783599732.088063348] [waypoint_follower]: far from local route: d=1475770.46, relocalize nearest_index 422 -> 422
[WARN] [1783599732.137896742] [waypoint_follower]: far from local route: d=1475770.46, relocalize nearest_index 422 -> 422
[WARN] [1783599732.187931087] [waypoint_follower]: far from local route: d=1475770.46, relocalize nearest_index 422 -> 422
[WARN] [1783599732.237763201] [waypoint_follower]: far from local route: d=1475770.46, relocalize nearest_index 422 -> 422
[WARN] [1783599732.287859687] [waypoint_follower]: far from local route: d=1485723.56, relocalize nearest_index 422 -> 422
[WARN] [1783599732.337803188] [waypoint_follower]: far from local route: d=1485723.56, relocalize nearest_index 422 -> 422
[INFO] [1783599732.338924798] [waypoint_follower]: nearest=422, target=422, dist=1485723.56, alpha=0.64, vx=0.12, yaw_rate=0.45, dir=1
[WARN] [1783599732.387884090] [waypoint_follower]: far from local route: d=1485723.56, relocalize nearest_index 422 -> 422
[WARN] [1783599732.437803016] [waypoint_follower]: far from local route: d=1485723.56, relocalize nearest_index 422 -> 422
[WARN] [1783599732.487879183] [waypoint_follower]: far from local route: d=1485723.56, relocalize nearest_index 422 -> 422
[WARN] [1783599732.537799421] [waypoint_follower]: far from local route: d=1485723.56, relocalize nearest_index 422 -> 422
[WARN] [1783599732.588620032] [waypoint_follower]: far from local route: d=1485723.56, relocalize nearest_index 422 -> 422
[WARN] [1783599732.638319000] [waypoint_follower]: far from local route: d=1485723.56, relocalize nearest_index 422 -> 422
[WARN] [1783599732.688463740] [waypoint_follower]: far from local route: d=1485723.56, relocalize nearest_index 422 -> 422
[WARN] [1783599732.738011355] [waypoint_follower]: far from local route: d=1485723.56, relocalize nearest_index 422 -> 422
[WARN] [1783599732.787891563] [waypoint_follower]: far from local route: d=1485723.56, relocalize nearest_index 422 -> 422
[WARN] [1783599732.837912725] [waypoint_follower]: far from local route: d=1485723.56, relocalize nearest_index 422 -> 422
[WARN] [1783599732.839422700] [waypoint_follower]: stuck recovery: nearest_index 422 -> 422
[WARN] [1783599732.887799492] [waypoint_follower]: far from local route: d=1485723.56, relocalize nearest_index 422 -> 422
[WARN] [1783599732.938237690] [waypoint_follower]: far from local route: d=1485723.56, relocalize nearest_index 422 -> 422
[WARN] [1783599732.987907572] [waypoint_follower]: far from local route: d=1485723.56, relocalize nearest_index 422 -> 422
[WARN] [1783599733.037765669] [waypoint_follower]: far from local route: d=1485723.56, relocalize nearest_index 422 -> 422
[WARN] [1783599733.087991396] [waypoint_follower]: far from local route: d=1485723.56, relocalize nearest_index 422 -> 422
[WARN] [1783599733.137860885] [waypoint_follower]: far from local route: d=1485723.56, relocalize nearest_index 422 -> 422
[WARN] [1783599733.187874174] [waypoint_follower]: far from local route: d=1485723.56, relocalize nearest_index 422 -> 422
[WARN] [1783599733.237770093] [waypoint_follower]: far from local route: d=1485723.56, relocalize nearest_index 422 -> 422
[WARN] [1783599733.287803158] [waypoint_follower]: far from local route: d=1485723.56, relocalize nearest_index 422 -> 422
[WARN] [1783599733.337832159] [waypoint_follower]: far from local route: d=1485723.56, relocalize nearest_index 422 -> 422
[INFO] [1783599733.338956585] [waypoint_follower]: nearest=422, target=422, dist=1485723.56, alpha=0.64, vx=0.12, yaw_rate=0.45, dir=1
[WARN] [1783599733.387816618] [waypoint_follower]: far from local route: d=1485723.56, relocalize nearest_index 422 -> 422
[WARN] [1783599733.437786741] [waypoint_follower]: far from local route: d=1485723.56, relocalize nearest_index 422 -> 422
[WARN] [1783599733.488613912] [waypoint_follower]: far from local route: d=1485723.56, relocalize nearest_index 422 -> 422
[WARN] [1783599733.537827784] [waypoint_follower]: far from local route: d=1485723.56, relocalize nearest_index 422 -> 422
[WARN] [1783599733.587905582] [waypoint_follower]: far from local route: d=1497068.43, relocalize nearest_index 422 -> 422
[WARN] [1783599733.637855003] [waypoint_follower]: far from local route: d=1497068.43, relocalize nearest_index 422 -> 422
[WARN] [1783599733.687928738] [waypoint_follower]: far from local route: d=1497068.43, relocalize nearest_index 422 -> 422
[WARN] [1783599733.737904685] [waypoint_follower]: far from local route: d=1497068.43, relocalize nearest_index 422 -> 422
[WARN] [1783599733.789400496] [waypoint_follower]: far from local route: d=1497068.43, relocalize nearest_index 422 -> 422
[WARN] [1783599733.838687356] [waypoint_follower]: far from local route: d=1497068.43, relocalize nearest_index 422 -> 422
[WARN] [1783599733.892738917] [waypoint_follower]: far from local route: d=1497068.43, relocalize nearest_index 422 -> 422
[WARN] [1783599733.937909334] [waypoint_follower]: far from local route: d=1497068.43, relocalize nearest_index 422 -> 422
[WARN] [1783599733.987786566] [waypoint_follower]: far from local route: d=1497068.43, relocalize nearest_index 422 -> 422
[WARN] [1783599734.037741362] [waypoint_follower]: far from local route: d=1497068.43, relocalize nearest_index 422 -> 422
[WARN] [1783599734.087910837] [waypoint_follower]: far from local route: d=1497068.43, relocalize nearest_index 422 -> 422
[WARN] [1783599734.137678954] [waypoint_follower]: far from local route: d=1497068.43, relocalize nearest_index 422 -> 422
[WARN] [1783599734.187742161] [waypoint_follower]: far from local route: d=1497068.43, relocalize nearest_index 422 -> 422
[WARN] [1783599734.237594882] [waypoint_follower]: far from local route: d=1505045.23, relocalize nearest_index 422 -> 422
[WARN] [1783599734.288127699] [waypoint_follower]: far from local route: d=1505045.23, relocalize nearest_index 422 -> 422
[WARN] [1783599734.337791501] [waypoint_follower]: far from local route: d=1505045.23, relocalize nearest_index 422 -> 422
[WARN] [1783599734.387918034] [waypoint_follower]: far from local route: d=1505045.23, relocalize nearest_index 422 -> 422
[INFO] [1783599734.388987230] [waypoint_follower]: nearest=422, target=422, dist=1505045.23, alpha=-0.02, vx=0.25, yaw_rate=-0.02, dir=1
[WARN] [1783599734.437701222] [waypoint_follower]: far from local route: d=1505045.23, relocalize nearest_index 422 -> 422
[WARN] [1783599734.493018354] [waypoint_follower]: far from local route: d=1505045.23, relocalize nearest_index 422 -> 422
[WARN] [1783599734.537991853] [waypoint_follower]: far from local route: d=1505045.23, relocalize nearest_index 422 -> 422
[WARN] [1783599734.588134736] [waypoint_follower]: far from local route: d=1505045.23, relocalize nearest_index 422 -> 422
[WARN] [1783599734.637945443] [waypoint_follower]: far from local route: d=1505045.23, relocalize nearest_index 422 -> 422
[WARN] [1783599734.687763958] [waypoint_follower]: far from local route: d=1505045.23, relocalize nearest_index 422 -> 422
[WARN] [1783599734.737826654] [waypoint_follower]: far from local route: d=1505045.23, relocalize nearest_index 422 -> 422
[WARN] [1783599734.787831432] [waypoint_follower]: far from local route: d=1505045.23, relocalize nearest_index 422 -> 422
[WARN] [1783599734.838739302] [waypoint_follower]: far from local route: d=1505045.23, relocalize nearest_index 422 -> 422
[WARN] [1783599734.888400705] [waypoint_follower]: far from local route: d=1505045.23, relocalize nearest_index 422 -> 422
[WARN] [1783599734.939012270] [waypoint_follower]: far from local route: d=1505045.23, relocalize nearest_index 422 -> 422
[WARN] [1783599734.988121347] [waypoint_follower]: far from local route: d=1505045.23, relocalize nearest_index 422 -> 422
[WARN] [1783599735.037849786] [waypoint_follower]: far from local route: d=1505045.23, relocalize nearest_index 422 -> 422
[WARN] [1783599735.087930208] [waypoint_follower]: far from local route: d=1512402.79, relocalize nearest_index 422 -> 422
[WARN] [1783599735.137847566] [waypoint_follower]: far from local route: d=1512402.79, relocalize nearest_index 422 -> 422
[WARN] [1783599735.188617268] [waypoint_follower]: far from local route: d=1512402.79, relocalize nearest_index 422 -> 422
[WARN] [1783599735.237861154] [waypoint_follower]: far from local route: d=1512402.79, relocalize nearest_index 422 -> 422
[WARN] [1783599735.287900523] [waypoint_follower]: far from local route: d=1512402.79, relocalize nearest_index 422 -> 422
[WARN] [1783599735.337782394] [waypoint_follower]: far from local route: d=1512402.79, relocalize nearest_index 422 -> 422
[WARN] [1783599735.387852993] [waypoint_follower]: far from local route: d=1512402.79, relocalize nearest_index 422 -> 422
[INFO] [1783599735.388959756] [waypoint_follower]: nearest=422, target=422, dist=1512402.79, alpha=-0.52, vx=0.12, yaw_rate=-0.45, dir=1
[WARN] [1783599735.437876938] [waypoint_follower]: far from local route: d=1512402.79, relocalize nearest_index 422 -> 422
[WARN] [1783599735.487870741] [waypoint_follower]: far from local route: d=1512402.79, relocalize nearest_index 422 -> 422
[WARN] [1783599735.538659258] [waypoint_follower]: far from local route: d=1512402.79, relocalize nearest_index 422 -> 422
[WARN] [1783599735.588025730] [waypoint_follower]: far from local route: d=1512402.79, relocalize nearest_index 422 -> 422
[WARN] [1783599735.637909778] [waypoint_follower]: far from local route: d=1512402.79, relocalize nearest_index 422 -> 422
[WARN] [1783599735.687938075] [waypoint_follower]: far from local route: d=1512402.79, relocalize nearest_index 422 -> 422
[WARN] [1783599735.737450524] [waypoint_follower]: far from local route: d=1512402.79, relocalize nearest_index 422 -> 422
[WARN] [1783599735.787935343] [waypoint_follower]: far from local route: d=1512402.79, relocalize nearest_index 422 -> 422
[WARN] [1783599735.839202237] [waypoint_follower]: far from local route: d=1512402.79, relocalize nearest_index 422 -> 422
[WARN] [1783599735.841285273] [waypoint_follower]: stuck recovery: nearest_index 422 -> 422
[WARN] [1783599735.888491785] [waypoint_follower]: far from local route: d=1512402.79, relocalize nearest_index 422 -> 422
[WARN] [1783599735.938313788] [waypoint_follower]: far from local route: d=1512402.79, relocalize nearest_index 422 -> 422
[WARN] [1783599735.994371205] [waypoint_follower]: far from local route: d=1512402.79, relocalize nearest_index 422 -> 422
[WARN] [1783599736.038021534] [waypoint_follower]: far from local route: d=1512402.79, relocalize nearest_index 422 -> 422
[WARN] [1783599736.089751734] [waypoint_follower]: far from local route: d=1519106.82, relocalize nearest_index 422 -> 422
[WARN] [1783599736.137819356] [waypoint_follower]: far from local route: d=1519106.82, relocalize nearest_index 422 -> 422
[WARN] [1783599736.188267729] [waypoint_follower]: far from local route: d=1519106.82, relocalize nearest_index 422 -> 422
[WARN] [1783599736.237909069] [waypoint_follower]: far from local route: d=1519106.82, relocalize nearest_index 422 -> 422
[WARN] [1783599736.288003250] [waypoint_follower]: far from local route: d=1519106.82, relocalize nearest_index 422 -> 422
[WARN] [1783599736.337955359] [waypoint_follower]: far from local route: d=1519106.53, relocalize nearest_index 422 -> 422
[WARN] [1783599736.388266554] [waypoint_follower]: far from local route: d=1519106.53, relocalize nearest_index 422 -> 422
[INFO] [1783599736.389428003] [waypoint_follower]: nearest=422, target=422, dist=1519106.53, alpha=-1.00, vx=0.12, yaw_rate=-0.45, dir=1
[WARN] [1783599736.437932852] [waypoint_follower]: far from local route: d=1519106.38, relocalize nearest_index 422 -> 422
[WARN] [1783599736.487960989] [waypoint_follower]: far from local route: d=1519106.38, relocalize nearest_index 422 -> 422
[WARN] [1783599736.538924729] [waypoint_follower]: far from local route: d=1519106.38, relocalize nearest_index 422 -> 422
[WARN] [1783599736.588035118] [waypoint_follower]: far from local route: d=1522465.06, relocalize nearest_index 422 -> 422
[WARN] [1783599736.638047800] [waypoint_follower]: far from local route: d=1522465.06, relocalize nearest_index 422 -> 422
[WARN] [1783599736.689378018] [waypoint_follower]: far from local route: d=1522465.06, relocalize nearest_index 422 -> 422
[WARN] [1783599736.739481448] [waypoint_follower]: far from local route: d=1522465.06, relocalize nearest_index 422 -> 422
[WARN] [1783599736.789997945] [waypoint_follower]: far from local route: d=1522465.06, relocalize nearest_index 422 -> 422
[WARN] [1783599736.837657011] [waypoint_follower]: far from local route: d=1522465.06, relocalize nearest_index 422 -> 422
[WARN] [1783599736.887715867] [waypoint_follower]: far from local route: d=1522465.06, relocalize nearest_index 422 -> 422
[WARN] [1783599736.937710949] [waypoint_follower]: far from local route: d=1522465.06, relocalize nearest_index 422 -> 422
[WARN] [1783599736.987831114] [waypoint_follower]: far from local route: d=1522465.06, relocalize nearest_index 422 -> 422
[WARN] [1783599737.037779127] [waypoint_follower]: far from local route: d=1522465.06, relocalize nearest_index 422 -> 422
[WARN] [1783599737.087802912] [waypoint_follower]: far from local route: d=1523139.34, relocalize nearest_index 422 -> 422
[WARN] [1783599737.137851848] [waypoint_follower]: far from local route: d=1523139.34, relocalize nearest_index 422 -> 422
[WARN] [1783599737.188246655] [waypoint_follower]: far from local route: d=1523139.34, relocalize nearest_index 422 -> 422
[WARN] [1783599737.237890234] [waypoint_follower]: far from local route: d=1523139.34, relocalize nearest_index 422 -> 422
[WARN] [1783599737.288011871] [waypoint_follower]: far from local route: d=1523139.34, relocalize nearest_index 422 -> 422
[WARN] [1783599737.343013338] [waypoint_follower]: far from local route: d=1523139.34, relocalize nearest_index 422 -> 422
[WARN] [1783599737.388433215] [waypoint_follower]: far from local route: d=1523139.34, relocalize nearest_index 422 -> 422
[INFO] [1783599737.389739584] [waypoint_follower]: nearest=422, target=422, dist=1523139.34, alpha=-1.46, vx=0.00, yaw_rate=-0.45, dir=1
[WARN] [1783599737.437734283] [waypoint_follower]: far from local route: d=1523139.34, relocalize nearest_index 422 -> 422
[WARN] [1783599737.487847631] [waypoint_follower]: far from local route: d=1523139.34, relocalize nearest_index 422 -> 422
[WARN] [1783599737.537847354] [waypoint_follower]: far from local route: d=1523139.34, relocalize nearest_index 422 -> 422
[WARN] [1783599737.588785911] [waypoint_follower]: far from local route: d=1523139.34, relocalize nearest_index 422 -> 422
[WARN] [1783599737.638777602] [waypoint_follower]: far from local route: d=1523139.34, relocalize nearest_index 422 -> 422
[WARN] [1783599737.690352961] [waypoint_follower]: far from local route: d=1523139.34, relocalize nearest_index 422 -> 422
[WARN] [1783599737.745892098] [waypoint_follower]: far from local route: d=1523139.34, relocalize nearest_index 422 -> 422
[WARN] [1783599737.787882251] [waypoint_follower]: far from local route: d=1523139.34, relocalize nearest_index 422 -> 422
[WARN] [1783599737.837870774] [waypoint_follower]: far from local route: d=1523139.34, relocalize nearest_index 422 -> 422
[WARN] [1783599737.887929085] [waypoint_follower]: far from local route: d=1523139.34, relocalize nearest_index 422 -> 422
[WARN] [1783599737.937836620] [waypoint_follower]: far from local route: d=1527176.08, relocalize nearest_index 422 -> 422
[WARN] [1783599737.987904179] [waypoint_follower]: far from local route: d=1527176.08, relocalize nearest_index 422 -> 422
[WARN] [1783599738.037905533] [waypoint_follower]: far from local route: d=1527176.08, relocalize nearest_index 422 -> 422
[WARN] [1783599738.089393696] [waypoint_follower]: far from local route: d=1527176.08, relocalize nearest_index 422 -> 422
[WARN] [1783599738.137964015] [waypoint_follower]: far from local route: d=1527176.08, relocalize nearest_index 422 -> 422
[WARN] [1783599738.188034742] [waypoint_follower]: far from local route: d=1527176.08, relocalize nearest_index 422 -> 422
[WARN] [1783599738.238633315] [waypoint_follower]: far from local route: d=1527176.08, relocalize nearest_index 422 -> 422
[WARN] [1783599738.288145605] [waypoint_follower]: far from local route: d=1527176.08, relocalize nearest_index 422 -> 422
[WARN] [1783599738.339473776] [waypoint_follower]: far from local route: d=1527176.08, relocalize nearest_index 422 -> 422
[WARN] [1783599738.388335568] [waypoint_follower]: far from local route: d=1527176.08, relocalize nearest_index 422 -> 422
[WARN] [1783599738.438196737] [waypoint_follower]: far from local route: d=1527176.08, relocalize nearest_index 422 -> 422
[INFO] [1783599738.439359786] [waypoint_follower]: nearest=422, target=422, dist=1527176.08, alpha=-1.66, vx=0.00, yaw_rate=-0.45, dir=1
[WARN] [1783599738.487883450] [waypoint_follower]: far from local route: d=1527176.08, relocalize nearest_index 422 -> 422
[WARN] [1783599738.538455913] [waypoint_follower]: far from local route: d=1527176.08, relocalize nearest_index 422 -> 422
[WARN] [1783599738.587908494] [waypoint_follower]: far from local route: d=1527176.08, relocalize nearest_index 422 -> 422
[WARN] [1783599738.637882809] [waypoint_follower]: far from local route: d=1527176.08, relocalize nearest_index 422 -> 422
[WARN] [1783599738.687926305] [waypoint_follower]: far from local route: d=1527176.08, relocalize nearest_index 422 -> 422
[WARN] [1783599738.738035270] [waypoint_follower]: far from local route: d=1527176.08, relocalize nearest_index 422 -> 422
[WARN] [1783599738.787978227] [waypoint_follower]: far from local route: d=1527176.08, relocalize nearest_index 422 -> 422
[WARN] [1783599738.838131222] [waypoint_follower]: far from local route: d=1527176.08, relocalize nearest_index 422 -> 422
[WARN] [1783599738.887920490] [waypoint_follower]: far from local route: d=1527176.08, relocalize nearest_index 422 -> 422
[WARN] [1783599738.889136144] [waypoint_follower]: stuck recovery: nearest_index 422 -> 422
[WARN] [1783599738.937889078] [waypoint_follower]: far from local route: d=1527176.08, relocalize nearest_index 422 -> 422
[WARN] [1783599738.988200753] [waypoint_follower]: far from local route: d=1527176.08, relocalize nearest_index 422 -> 422
[WARN] [1783599739.037860204] [waypoint_follower]: far from local route: d=1527176.08, relocalize nearest_index 422 -> 422
[WARN] [1783599739.088248580] [waypoint_follower]: far from local route: d=1527176.08, relocalize nearest_index 422 -> 422
[WARN] [1783599739.138045304] [waypoint_follower]: far from local route: d=1527176.08, relocalize nearest_index 422 -> 422
[WARN] [1783599739.187939239] [waypoint_follower]: far from local route: d=1527176.08, relocalize nearest_index 422 -> 422
[WARN] [1783599739.237930802] [waypoint_follower]: far from local route: d=1527176.08, relocalize nearest_index 422 -> 422
[WARN] [1783599739.289802274] [waypoint_follower]: far from local route: d=1527176.08, relocalize nearest_index 422 -> 422
[WARN] [1783599739.337926662] [waypoint_follower]: far from local route: d=1527176.08, relocalize nearest_index 422 -> 422
[WARN] [1783599739.388130439] [waypoint_follower]: far from local route: d=1527176.08, relocalize nearest_index 422 -> 422
[WARN] [1783599739.437841375] [waypoint_follower]: far from local route: d=1527176.08, relocalize nearest_index 422 -> 422
[WARN] [1783599739.487981282] [waypoint_follower]: far from local route: d=1527176.08, relocalize nearest_index 422 -> 422
[INFO] [1783599739.489252965] [waypoint_follower]: nearest=422, target=422, dist=1527176.08, alpha=-1.66, vx=0.00, yaw_rate=-0.45, dir=1
[WARN] [1783599739.537989932] [waypoint_follower]: far from local route: d=1535262.40, relocalize nearest_index 422 -> 422
[WARN] [1783599739.588014005] [waypoint_follower]: far from local route: d=1535262.40, relocalize nearest_index 422 -> 422
[WARN] [1783599739.637806921] [waypoint_follower]: far from local route: d=1535262.40, relocalize nearest_index 422 -> 422
[WARN] [1783599739.687953677] [waypoint_follower]: far from local route: d=1535262.40, relocalize nearest_index 422 -> 422
[WARN] [1783599739.737842332] [waypoint_follower]: far from local route: d=1535262.40, relocalize nearest_index 422 -> 422
[WARN] [1783599739.788008734] [waypoint_follower]: far from local route: d=1535262.40, relocalize nearest_index 422 -> 422
[WARN] [1783599739.837887662] [waypoint_follower]: far from local route: d=1535262.40, relocalize nearest_index 422 -> 422
[WARN] [1783599739.887946070] [waypoint_follower]: far from local route: d=1535262.40, relocalize nearest_index 422 -> 422
[WARN] [1783599739.937803111] [waypoint_follower]: far from local route: d=1535262.40, relocalize nearest_index 422 -> 422
[WARN] [1783599739.988025702] [waypoint_follower]: far from local route: d=1535262.40, relocalize nearest_index 422 -> 422
[WARN] [1783599740.037803099] [waypoint_follower]: far from local route: d=1535262.40, relocalize nearest_index 422 -> 422
[WARN] [1783599740.087842756] [waypoint_follower]: far from local route: d=1535262.40, relocalize nearest_index 422 -> 422
[WARN] [1783599740.137980071] [waypoint_follower]: far from local route: d=1535262.40, relocalize nearest_index 422 -> 422
[WARN] [1783599740.187908053] [waypoint_follower]: far from local route: d=1535262.40, relocalize nearest_index 422 -> 422
[WARN] [1783599740.237973468] [waypoint_follower]: far from local route: d=1535262.40, relocalize nearest_index 422 -> 422
[WARN] [1783599740.287974502] [waypoint_follower]: far from local route: d=1535262.40, relocalize nearest_index 422 -> 422
[WARN] [1783599740.338004879] [waypoint_follower]: far from local route: d=1535262.40, relocalize nearest_index 422 -> 422
[WARN] [1783599740.387894975] [waypoint_follower]: far from local route: d=1535262.40, relocalize nearest_index 422 -> 422
[WARN] [1783599740.437839051] [waypoint_follower]: far from local route: d=1535262.40, relocalize nearest_index 422 -> 422
[WARN] [1783599740.487877396] [waypoint_follower]: far from local route: d=1535262.40, relocalize nearest_index 422 -> 422
[WARN] [1783599740.537886526] [waypoint_follower]: far from local route: d=1535262.40, relocalize nearest_index 422 -> 422
[INFO] [1783599740.539049766] [waypoint_follower]: nearest=422, target=422, dist=1535262.40, alpha=-1.51, vx=0.00, yaw_rate=-0.45, dir=1
[WARN] [1783599740.587919654] [waypoint_follower]: far from local route: d=1535262.40, relocalize nearest_index 422 -> 422
[WARN] [1783599740.638112519] [waypoint_follower]: far from local route: d=1535262.40, relocalize nearest_index 422 -> 422
[WARN] [1783599740.688026838] [waypoint_follower]: far from local route: d=1535262.40, relocalize nearest_index 422 -> 422
[WARN] [1783599740.737987778] [waypoint_follower]: far from local route: d=1535262.40, relocalize nearest_index 422 -> 422
[WARN] [1783599740.788074600] [waypoint_follower]: far from local route: d=1542689.91, relocalize nearest_index 422 -> 422
[WARN] [1783599740.837883259] [waypoint_follower]: far from local route: d=1542689.91, relocalize nearest_index 422 -> 422
[WARN] [1783599740.887865254] [waypoint_follower]: far from local route: d=1542689.91, relocalize nearest_index 422 -> 422
[WARN] [1783599740.938172866] [waypoint_follower]: far from local route: d=1542689.91, relocalize nearest_index 422 -> 422
[WARN] [1783599740.988604311] [waypoint_follower]: far from local route: d=1542689.91, relocalize nearest_index 422 -> 422
[WARN] [1783599741.038652223] [waypoint_follower]: far from local route: d=1542689.91, relocalize nearest_index 422 -> 422
[WARN] [1783599741.087918957] [waypoint_follower]: far from local route: d=1542689.91, relocalize nearest_index 422 -> 422
[WARN] [1783599741.139883449] [waypoint_follower]: far from local route: d=1542689.91, relocalize nearest_index 422 -> 422
[WARN] [1783599741.187997885] [waypoint_follower]: far from local route: d=1542689.91, relocalize nearest_index 422 -> 422
[WARN] [1783599741.237814096] [waypoint_follower]: far from local route: d=1542689.91, relocalize nearest_index 422 -> 422
[WARN] [1783599741.288911046] [waypoint_follower]: far from local route: d=1542689.91, relocalize nearest_index 422 -> 422
[WARN] [1783599741.337897249] [waypoint_follower]: far from local route: d=1542689.91, relocalize nearest_index 422 -> 422
[WARN] [1783599741.388285945] [waypoint_follower]: far from local route: d=1542689.91, relocalize nearest_index 422 -> 422
[WARN] [1783599741.437847736] [waypoint_follower]: far from local route: d=1542689.91, relocalize nearest_index 422 -> 422
[WARN] [1783599741.487976924] [waypoint_follower]: far from local route: d=1550130.86, relocalize nearest_index 422 -> 422
[WARN] [1783599741.538012420] [waypoint_follower]: far from local route: d=1550130.86, relocalize nearest_index 422 -> 422
[INFO] [1783599741.539146574] [waypoint_follower]: nearest=422, target=422, dist=1550130.86, alpha=-0.10, vx=0.25, yaw_rate=-0.09, dir=1
[WARN] [1783599741.587915379] [waypoint_follower]: far from local route: d=1550130.86, relocalize nearest_index 422 -> 422
[WARN] [1783599741.638380615] [waypoint_follower]: far from local route: d=1550130.86, relocalize nearest_index 422 -> 422
[WARN] [1783599741.688384689] [waypoint_follower]: far from local route: d=1550130.86, relocalize nearest_index 422 -> 422
[WARN] [1783599741.738014189] [waypoint_follower]: far from local route: d=1550130.86, relocalize nearest_index 422 -> 422
[WARN] [1783599741.788551294] [waypoint_follower]: far from local route: d=1550130.86, relocalize nearest_index 422 -> 422
[WARN] [1783599741.838210488] [waypoint_follower]: far from local route: d=1550130.86, relocalize nearest_index 422 -> 422
[WARN] [1783599741.891255825] [waypoint_follower]: far from local route: d=1550130.86, relocalize nearest_index 422 -> 422
[WARN] [1783599741.902659792] [waypoint_follower]: stuck recovery: nearest_index 422 -> 422
[WARN] [1783599741.937809696] [waypoint_follower]: far from local route: d=1550130.86, relocalize nearest_index 422 -> 422
[WARN] [1783599741.987847400] [waypoint_follower]: far from local route: d=1550130.86, relocalize nearest_index 422 -> 422
[WARN] [1783599742.037818228] [waypoint_follower]: far from local route: d=1550130.86, relocalize nearest_index 422 -> 422
[WARN] [1783599742.088033748] [waypoint_follower]: far from local route: d=1550130.86, relocalize nearest_index 422 -> 422
[WARN] [1783599742.137781418] [waypoint_follower]: far from local route: d=1550130.86, relocalize nearest_index 422 -> 422
[WARN] [1783599742.187932525] [waypoint_follower]: far from local route: d=1550130.86, relocalize nearest_index 422 -> 422
[WARN] [1783599742.237795326] [waypoint_follower]: far from local route: d=1550130.86, relocalize nearest_index 422 -> 422
[WARN] [1783599742.287967552] [waypoint_follower]: far from local route: d=1550130.86, relocalize nearest_index 422 -> 422
[WARN] [1783599742.337820241] [waypoint_follower]: far from local route: d=1550130.86, relocalize nearest_index 422 -> 422
[WARN] [1783599742.387920151] [waypoint_follower]: far from local route: d=1550130.86, relocalize nearest_index 422 -> 422
[WARN] [1783599742.437796807] [waypoint_follower]: far from local route: d=1550130.86, relocalize nearest_index 422 -> 422
[WARN] [1783599742.488789730] [waypoint_follower]: far from local route: d=1550130.86, relocalize nearest_index 422 -> 422
[WARN] [1783599742.537906390] [waypoint_follower]: far from local route: d=1550130.86, relocalize nearest_index 422 -> 422
[WARN] [1783599742.587903040] [waypoint_follower]: far from local route: d=1550130.86, relocalize nearest_index 422 -> 422
[INFO] [1783599742.588909808] [waypoint_follower]: nearest=422, target=422, dist=1550130.86, alpha=-0.10, vx=0.25, yaw_rate=-0.09, dir=1
[WARN] [1783599742.637853261] [waypoint_follower]: far from local route: d=1550130.86, relocalize nearest_index 422 -> 422
[WARN] [1783599742.688044718] [waypoint_follower]: far from local route: d=1550130.86, relocalize nearest_index 422 -> 422
[WARN] [1783599742.738056760] [waypoint_follower]: far from local route: d=1550130.86, relocalize nearest_index 422 -> 422
[WARN] [1783599742.787966502] [waypoint_follower]: far from local route: d=1550130.86, relocalize nearest_index 422 -> 422
[WARN] [1783599742.837993903] [waypoint_follower]: far from local route: d=1550130.86, relocalize nearest_index 422 -> 422
[WARN] [1783599742.888277452] [waypoint_follower]: far from local route: d=1550130.86, relocalize nearest_index 422 -> 422
[WARN] [1783599742.937969477] [waypoint_follower]: far from local route: d=1550130.86, relocalize nearest_index 422 -> 422
[WARN] [1783599742.987921489] [waypoint_follower]: far from local route: d=1550130.86, relocalize nearest_index 422 -> 422
[WARN] [1783599743.037841183] [waypoint_follower]: far from local route: d=1550130.86, relocalize nearest_index 422 -> 422
[WARN] [1783599743.089843210] [waypoint_follower]: far from local route: d=1550130.86, relocalize nearest_index 422 -> 422
[WARN] [1783599743.139000381] [waypoint_follower]: far from local route: d=1550130.86, relocalize nearest_index 422 -> 422
[WARN] [1783599743.187933658] [waypoint_follower]: far from local route: d=1550130.86, relocalize nearest_index 422 -> 422
[WARN] [1783599743.238770460] [waypoint_follower]: far from local route: d=1550130.86, relocalize nearest_index 422 -> 422
[WARN] [1783599743.288296125] [waypoint_follower]: far from local route: d=1550130.86, relocalize nearest_index 422 -> 422
[WARN] [1783599743.337910362] [waypoint_follower]: far from local route: d=1550130.86, relocalize nearest_index 422 -> 422
[WARN] [1783599743.388217525] [waypoint_follower]: far from local route: d=1550130.86, relocalize nearest_index 422 -> 422
[WARN] [1783599743.438823650] [waypoint_follower]: far from local route: d=1550130.86, relocalize nearest_index 422 -> 422
[WARN] [1783599743.488967814] [waypoint_follower]: far from local route: d=1550130.86, relocalize nearest_index 422 -> 422
[WARN] [1783599743.538644159] [waypoint_follower]: far from local route: d=1550130.86, relocalize nearest_index 422 -> 422
[WARN] [1783599743.587876270] [waypoint_follower]: far from local route: d=1550130.86, relocalize nearest_index 422 -> 422
[INFO] [1783599743.588970906] [waypoint_follower]: nearest=422, target=422, dist=1550130.86, alpha=-0.10, vx=0.25, yaw_rate=-0.09, dir=1
[WARN] [1783599743.637838042] [waypoint_follower]: far from local route: d=1550130.86, relocalize nearest_index 422 -> 422
[WARN] [1783599743.692930865] [waypoint_follower]: far from local route: d=1550130.86, relocalize nearest_index 422 -> 422
[WARN] [1783599743.738372021] [waypoint_follower]: far from local route: d=1550130.86, relocalize nearest_index 422 -> 422
[WARN] [1783599743.787929013] [waypoint_follower]: far from local route: d=1550130.86, relocalize nearest_index 422 -> 422
[WARN] [1783599743.837876322] [waypoint_follower]: far from local route: d=1550130.86, relocalize nearest_index 422 -> 422
[WARN] [1783599743.888578410] [waypoint_follower]: far from local route: d=1550130.86, relocalize nearest_index 422 -> 422
[WARN] [1783599743.938275235] [waypoint_follower]: far from local route: d=1550130.86, relocalize nearest_index 422 -> 422
[WARN] [1783599743.987981019] [waypoint_follower]: far from local route: d=1550130.86, relocalize nearest_index 422 -> 422
[WARN] [1783599744.037924968] [waypoint_follower]: far from local route: d=1550130.86, relocalize nearest_index 422 -> 422
[WARN] [1783599744.087932242] [waypoint_follower]: far from local route: d=1550130.86, relocalize nearest_index 422 -> 422
[WARN] [1783599744.137898046] [waypoint_follower]: far from local route: d=1550130.86, relocalize nearest_index 422 -> 422
[WARN] [1783599744.188015778] [waypoint_follower]: far from local route: d=1550130.86, relocalize nearest_index 422 -> 422
[WARN] [1783599744.237959663] [waypoint_follower]: far from local route: d=1550130.86, relocalize nearest_index 422 -> 422
[WARN] [1783599744.288071444] [waypoint_follower]: far from local route: d=1550130.86, relocalize nearest_index 422 -> 422
[WARN] [1783599744.337937541] [waypoint_follower]: far from local route: d=1550130.86, relocalize nearest_index 422 -> 422
[WARN] [1783599744.389023515] [waypoint_follower]: far from local route: d=1550130.86, relocalize nearest_index 422 -> 422
[WARN] [1783599744.438116241] [waypoint_follower]: far from local route: d=1550130.86, relocalize nearest_index 422 -> 422
[WARN] [1783599744.487938884] [waypoint_follower]: far from local route: d=1550130.86, relocalize nearest_index 422 -> 422
[WARN] [1783599744.537882160] [waypoint_follower]: far from local route: d=1550130.86, relocalize nearest_index 422 -> 422
[WARN] [1783599744.588253609] [waypoint_follower]: far from local route: d=1550130.86, relocalize nearest_index 422 -> 422
[INFO] [1783599744.589553995] [waypoint_follower]: nearest=422, target=422, dist=1550130.86, alpha=-0.10, vx=0.25, yaw_rate=-0.09, dir=1
[WARN] [1783599744.637934850] [waypoint_follower]: far from local route: d=1550130.86, relocalize nearest_index 422 -> 422
[WARN] [1783599744.688259773] [waypoint_follower]: far from local route: d=1550130.86, relocalize nearest_index 422 -> 422
[WARN] [1783599744.738742928] [waypoint_follower]: far from local route: d=1550130.86, relocalize nearest_index 422 -> 422
[WARN] [1783599744.788161654] [waypoint_follower]: far from local route: d=1550130.86, relocalize nearest_index 422 -> 422
[WARN] [1783599744.838330456] [waypoint_follower]: far from local route: d=1550130.86, relocalize nearest_index 422 -> 422
[WARN] [1783599744.888659283] [waypoint_follower]: far from local route: d=1550130.86, relocalize nearest_index 422 -> 422
[WARN] [1783599744.937966622] [waypoint_follower]: far from local route: d=1550130.86, relocalize nearest_index 422 -> 422
[WARN] [1783599744.939160293] [waypoint_follower]: stuck recovery: nearest_index 422 -> 422
[WARN] [1783599744.988205853] [waypoint_follower]: far from local route: d=1550130.86, relocalize nearest_index 422 -> 422
[WARN] [1783599745.037953139] [waypoint_follower]: far from local route: d=1550130.86, relocalize nearest_index 422 -> 422
[WARN] [1783599745.088046201] [waypoint_follower]: far from local route: d=1550130.86, relocalize nearest_index 422 -> 422
[WARN] [1783599745.138041956] [waypoint_follower]: far from local route: d=1550130.86, relocalize nearest_index 422 -> 422
[WARN] [1783599745.188152169] [waypoint_follower]: far from local route: d=1550130.86, relocalize nearest_index 422 -> 422
[WARN] [1783599745.238513602] [waypoint_follower]: far from local route: d=1550130.86, relocalize nearest_index 422 -> 422
[WARN] [1783599745.287972742] [waypoint_follower]: far from local route: d=1550130.86, relocalize nearest_index 422 -> 422
[WARN] [1783599745.337827383] [waypoint_follower]: far from local route: d=1550130.86, relocalize nearest_index 422 -> 422
[WARN] [1783599745.387889918] [waypoint_follower]: far from local route: d=1550130.86, relocalize nearest_index 422 -> 422
[WARN] [1783599745.437841611] [waypoint_follower]: far from local route: d=1550130.86, relocalize nearest_index 422 -> 422
[WARN] [1783599745.488016236] [waypoint_follower]: far from local route: d=1550130.86, relocalize nearest_index 422 -> 422
[WARN] [1783599745.537799393] [waypoint_follower]: far from local route: d=1550130.86, relocalize nearest_index 422 -> 422
[WARN] [1783599745.587996482] [waypoint_follower]: far from local route: d=1550130.86, relocalize nearest_index 422 -> 422
[WARN] [1783599745.637839156] [waypoint_follower]: far from local route: d=1550130.86, relocalize nearest_index 422 -> 422
[INFO] [1783599745.638877218] [waypoint_follower]: nearest=422, target=422, dist=1550130.86, alpha=-0.10, vx=0.25, yaw_rate=-0.09, dir=1
[WARN] [1783599745.687968312] [waypoint_follower]: far from local route: d=1550130.86, relocalize nearest_index 422 -> 422
[WARN] [1783599745.737942691] [waypoint_follower]: far from local route: d=1550130.86, relocalize nearest_index 422 -> 422
[WARN] [1783599745.787936590] [waypoint_follower]: far from local route: d=1550130.86, relocalize nearest_index 422 -> 422
[WARN] [1783599745.837967734] [waypoint_follower]: far from local route: d=1550130.86, relocalize nearest_index 422 -> 422
[WARN] [1783599745.888009503] [waypoint_follower]: far from local route: d=1550130.86, relocalize nearest_index 422 -> 422
[WARN] [1783599745.937943404] [waypoint_follower]: far from local route: d=1550130.86, relocalize nearest_index 422 -> 422
[WARN] [1783599745.987880121] [waypoint_follower]: far from local route: d=1550130.86, relocalize nearest_index 422 -> 422
[WARN] [1783599746.037943169] [waypoint_follower]: far from local route: d=1550130.86, relocalize nearest_index 422 -> 422
[WARN] [1783599746.087958346] [waypoint_follower]: far from local route: d=1550130.86, relocalize nearest_index 422 -> 422
[WARN] [1783599746.137801436] [waypoint_follower]: far from local route: d=1550130.86, relocalize nearest_index 422 -> 422
[WARN] [1783599746.187872867] [waypoint_follower]: far from local route: d=1550130.86, relocalize nearest_index 422 -> 422
[WARN] [1783599746.237825519] [waypoint_follower]: far from local route: d=1550130.86, relocalize nearest_index 422 -> 422
[WARN] [1783599746.287810842] [waypoint_follower]: far from local route: d=1550130.86, relocalize nearest_index 422 -> 422
[WARN] [1783599746.337766246] [waypoint_follower]: far from local route: d=1550130.86, relocalize nearest_index 422 -> 422
[WARN] [1783599746.387968135] [waypoint_follower]: far from local route: d=1550130.86, relocalize nearest_index 422 -> 422
[WARN] [1783599746.437811417] [waypoint_follower]: far from local route: d=1550130.86, relocalize nearest_index 422 -> 422
[WARN] [1783599746.487830626] [waypoint_follower]: far from local route: d=1550130.86, relocalize nearest_index 422 -> 422
[WARN] [1783599746.541305990] [waypoint_follower]: far from local route: d=1550130.86, relocalize nearest_index 422 -> 422
[WARN] [1783599746.587827607] [waypoint_follower]: far from local route: d=1550130.86, relocalize nearest_index 422 -> 422
[WARN] [1783599746.637818049] [waypoint_follower]: far from local route: d=1550130.86, relocalize nearest_index 422 -> 422
[INFO] [1783599746.642084149] [waypoint_follower]: nearest=422, target=422, dist=1550130.86, alpha=-0.10, vx=0.25, yaw_rate=-0.09, dir=1
[WARN] [1783599746.688151132] [waypoint_follower]: far from local route: d=1550130.86, relocalize nearest_index 422 -> 422
[WARN] [1783599746.738293279] [waypoint_follower]: far from local route: d=1550130.86, relocalize nearest_index 422 -> 422
[WARN] [1783599746.788122801] [waypoint_follower]: far from local route: d=1560301.88, relocalize nearest_index 422 -> 422
[WARN] [1783599746.838083166] [waypoint_follower]: far from local route: d=1560301.88, relocalize nearest_index 422 -> 422
[WARN] [1783599746.888227393] [waypoint_follower]: far from local route: d=1560301.88, relocalize nearest_index 422 -> 422
[WARN] [1783599746.938098129] [waypoint_follower]: far from local route: d=1560301.88, relocalize nearest_index 422 -> 422
[WARN] [1783599746.987963810] [waypoint_follower]: far from local route: d=1560301.88, relocalize nearest_index 422 -> 422
[WARN] [1783599747.037958508] [waypoint_follower]: far from local route: d=1560301.88, relocalize nearest_index 422 -> 422
[WARN] [1783599747.088160525] [waypoint_follower]: far from local route: d=1560301.88, relocalize nearest_index 422 -> 422
[WARN] [1783599747.138514310] [waypoint_follower]: far from local route: d=1560301.88, relocalize nearest_index 422 -> 422
[WARN] [1783599747.188281244] [waypoint_follower]: far from local route: d=1560301.88, relocalize nearest_index 422 -> 422
[WARN] [1783599747.238045169] [waypoint_follower]: far from local route: d=1560301.88, relocalize nearest_index 422 -> 422
[WARN] [1783599747.288152566] [waypoint_follower]: far from local route: d=1560301.88, relocalize nearest_index 422 -> 422
[WARN] [1783599747.337912236] [waypoint_follower]: far from local route: d=1560301.88, relocalize nearest_index 422 -> 422
[WARN] [1783599747.388196361] [waypoint_follower]: far from local route: d=1560301.88, relocalize nearest_index 422 -> 422
[WARN] [1783599747.437942943] [waypoint_follower]: far from local route: d=1560301.88, relocalize nearest_index 422 -> 422
[WARN] [1783599747.487871149] [waypoint_follower]: far from local route: d=1560301.88, relocalize nearest_index 422 -> 422
[WARN] [1783599747.537920021] [waypoint_follower]: far from local route: d=1560301.88, relocalize nearest_index 422 -> 422
[WARN] [1783599747.587905856] [waypoint_follower]: far from local route: d=1560301.88, relocalize nearest_index 422 -> 422
[WARN] [1783599747.637927753] [waypoint_follower]: far from local route: d=1560301.88, relocalize nearest_index 422 -> 422
[WARN] [1783599747.687968881] [waypoint_follower]: far from local route: d=1560301.88, relocalize nearest_index 422 -> 422
[INFO] [1783599747.689019711] [waypoint_follower]: nearest=422, target=422, dist=1560301.88, alpha=0.80, vx=0.12, yaw_rate=0.45, dir=1
[WARN] [1783599747.737932733] [waypoint_follower]: far from local route: d=1560301.88, relocalize nearest_index 422 -> 422
[WARN] [1783599747.792563402] [waypoint_follower]: far from local route: d=1560301.88, relocalize nearest_index 422 -> 422
[WARN] [1783599747.841544165] [waypoint_follower]: far from local route: d=1560301.88, relocalize nearest_index 422 -> 422
[WARN] [1783599747.887865087] [waypoint_follower]: far from local route: d=1560301.88, relocalize nearest_index 422 -> 422
[WARN] [1783599747.937969028] [waypoint_follower]: far from local route: d=1560301.88, relocalize nearest_index 422 -> 422
[WARN] [1783599747.939234408] [waypoint_follower]: stuck recovery: nearest_index 422 -> 422
[WARN] [1783599747.987903026] [waypoint_follower]: far from local route: d=1560301.88, relocalize nearest_index 422 -> 422
[WARN] [1783599748.037830239] [waypoint_follower]: far from local route: d=1560301.88, relocalize nearest_index 422 -> 422
[WARN] [1783599748.087916517] [waypoint_follower]: far from local route: d=1560301.88, relocalize nearest_index 422 -> 422
[WARN] [1783599748.137897648] [waypoint_follower]: far from local route: d=1560301.88, relocalize nearest_index 422 -> 422
[WARN] [1783599748.187803487] [waypoint_follower]: far from local route: d=1560301.88, relocalize nearest_index 422 -> 422
[WARN] [1783599748.237839016] [waypoint_follower]: far from local route: d=1560301.88, relocalize nearest_index 422 -> 422
[WARN] [1783599748.287847474] [waypoint_follower]: far from local route: d=1560301.88, relocalize nearest_index 422 -> 422
[WARN] [1783599748.338491101] [waypoint_follower]: far from local route: d=1560301.88, relocalize nearest_index 422 -> 422
[WARN] [1783599748.387889668] [waypoint_follower]: far from local route: d=1560301.88, relocalize nearest_index 422 -> 422
[WARN] [1783599748.437760436] [waypoint_follower]: far from local route: d=1560301.88, relocalize nearest_index 422 -> 422
[WARN] [1783599748.487958037] [waypoint_follower]: far from local route: d=1560301.88, relocalize nearest_index 422 -> 422
[WARN] [1783599748.537936992] [waypoint_follower]: far from local route: d=1560301.88, relocalize nearest_index 422 -> 422
[WARN] [1783599748.587985416] [waypoint_follower]: far from local route: d=1560301.88, relocalize nearest_index 422 -> 422
[WARN] [1783599748.638460380] [waypoint_follower]: far from local route: d=1560301.88, relocalize nearest_index 422 -> 422
[WARN] [1783599748.688376138] [waypoint_follower]: far from local route: d=1560301.88, relocalize nearest_index 422 -> 422
[INFO] [1783599748.689363291] [waypoint_follower]: nearest=422, target=422, dist=1560301.88, alpha=0.80, vx=0.12, yaw_rate=0.45, dir=1
[WARN] [1783599748.738125280] [waypoint_follower]: far from local route: d=1560301.88, relocalize nearest_index 422 -> 422
[WARN] [1783599748.787929428] [waypoint_follower]: far from local route: d=1560301.88, relocalize nearest_index 422 -> 422
[WARN] [1783599748.837800772] [waypoint_follower]: far from local route: d=1560301.88, relocalize nearest_index 422 -> 422
[WARN] [1783599748.887874187] [waypoint_follower]: far from local route: d=1560301.88, relocalize nearest_index 422 -> 422
[WARN] [1783599748.937755195] [waypoint_follower]: far from local route: d=1560301.88, relocalize nearest_index 422 -> 422
[WARN] [1783599748.987762437] [waypoint_follower]: far from local route: d=1560301.88, relocalize nearest_index 422 -> 422
[WARN] [1783599749.037807053] [waypoint_follower]: far from local route: d=1560301.88, relocalize nearest_index 422 -> 422
[WARN] [1783599749.087868468] [waypoint_follower]: far from local route: d=1560301.88, relocalize nearest_index 422 -> 422
[WARN] [1783599749.137771427] [waypoint_follower]: far from local route: d=1560301.88, relocalize nearest_index 422 -> 422
[WARN] [1783599749.187854825] [waypoint_follower]: far from local route: d=1560301.88, relocalize nearest_index 422 -> 422
[WARN] [1783599749.237915249] [waypoint_follower]: far from local route: d=1560301.88, relocalize nearest_index 422 -> 422
[WARN] [1783599749.288181966] [waypoint_follower]: far from local route: d=1560301.88, relocalize nearest_index 422 -> 422
[WARN] [1783599749.337838281] [waypoint_follower]: far from local route: d=1560301.88, relocalize nearest_index 422 -> 422
[WARN] [1783599749.388064872] [waypoint_follower]: far from local route: d=1560301.88, relocalize nearest_index 422 -> 422
[WARN] [1783599749.437900410] [waypoint_follower]: far from local route: d=1560301.88, relocalize nearest_index 422 -> 422
[WARN] [1783599749.487809257] [waypoint_follower]: far from local route: d=1560301.88, relocalize nearest_index 422 -> 422
[WARN] [1783599749.537795156] [waypoint_follower]: far from local route: d=1560301.88, relocalize nearest_index 422 -> 422
[WARN] [1783599749.587826589] [waypoint_follower]: far from local route: d=1560301.88, relocalize nearest_index 422 -> 422
[WARN] [1783599749.637830279] [waypoint_follower]: far from local route: d=1560301.88, relocalize nearest_index 422 -> 422
[WARN] [1783599749.687821873] [waypoint_follower]: far from local route: d=1560301.88, relocalize nearest_index 422 -> 422
[WARN] [1783599749.737817884] [waypoint_follower]: far from local route: d=1568459.72, relocalize nearest_index 422 -> 422
[INFO] [1783599749.738825836] [waypoint_follower]: nearest=422, target=422, dist=1568459.72, alpha=1.08, vx=0.00, yaw_rate=0.45, dir=1
[WARN] [1783599749.787846405] [waypoint_follower]: far from local route: d=1568459.72, relocalize nearest_index 422 -> 422
[WARN] [1783599749.837789426] [waypoint_follower]: far from local route: d=1568459.72, relocalize nearest_index 422 -> 422
[WARN] [1783599749.887871192] [waypoint_follower]: far from local route: d=1568459.72, relocalize nearest_index 422 -> 422
[WARN] [1783599749.937831748] [waypoint_follower]: far from local route: d=1568459.72, relocalize nearest_index 422 -> 422
[WARN] [1783599749.987972583] [waypoint_follower]: far from local route: d=1568459.72, relocalize nearest_index 422 -> 422
[WARN] [1783599750.038477978] [waypoint_follower]: far from local route: d=1568459.72, relocalize nearest_index 422 -> 422
[WARN] [1783599750.088316364] [waypoint_follower]: far from local route: d=1568459.72, relocalize nearest_index 422 -> 422
[WARN] [1783599750.139047859] [waypoint_follower]: far from local route: d=1568459.72, relocalize nearest_index 422 -> 422
[WARN] [1783599750.188131241] [waypoint_follower]: far from local route: d=1568459.72, relocalize nearest_index 422 -> 422
[WARN] [1783599750.237988346] [waypoint_follower]: far from local route: d=1568459.72, relocalize nearest_index 422 -> 422
[WARN] [1783599750.288161724] [waypoint_follower]: far from local route: d=1568459.72, relocalize nearest_index 422 -> 422
[WARN] [1783599750.337864660] [waypoint_follower]: far from local route: d=1568459.72, relocalize nearest_index 422 -> 422
[WARN] [1783599750.389153697] [waypoint_follower]: far from local route: d=1568459.72, relocalize nearest_index 422 -> 422
[WARN] [1783599750.437984355] [waypoint_follower]: far from local route: d=1573228.02, relocalize nearest_index 422 -> 422
[WARN] [1783599750.488109447] [waypoint_follower]: far from local route: d=1573228.02, relocalize nearest_index 422 -> 422
[WARN] [1783599750.539480048] [waypoint_follower]: far from local route: d=1573228.02, relocalize nearest_index 422 -> 422
[WARN] [1783599750.587787787] [waypoint_follower]: far from local route: d=1573228.02, relocalize nearest_index 422 -> 422
[WARN] [1783599750.637848882] [waypoint_follower]: far from local route: d=1573228.02, relocalize nearest_index 422 -> 422
[WARN] [1783599750.687870684] [waypoint_follower]: far from local route: d=1573227.62, relocalize nearest_index 422 -> 422
[WARN] [1783599750.737884741] [waypoint_follower]: far from local route: d=1573227.62, relocalize nearest_index 422 -> 422
[INFO] [1783599750.738938899] [waypoint_follower]: nearest=422, target=422, dist=1573227.62, alpha=1.21, vx=0.00, yaw_rate=0.45, dir=1
[WARN] [1783599750.788047880] [waypoint_follower]: far from local route: d=1573227.62, relocalize nearest_index 422 -> 422
[WARN] [1783599750.837984245] [waypoint_follower]: far from local route: d=1573227.62, relocalize nearest_index 422 -> 422
[WARN] [1783599750.888396395] [waypoint_follower]: far from local route: d=1573227.62, relocalize nearest_index 422 -> 422
[WARN] [1783599750.938056166] [waypoint_follower]: far from local route: d=1573227.62, relocalize nearest_index 422 -> 422
[WARN] [1783599750.939346888] [waypoint_follower]: stuck recovery: nearest_index 422 -> 422
[WARN] [1783599750.988490747] [waypoint_follower]: far from local route: d=1573227.62, relocalize nearest_index 422 -> 422
[WARN] [1783599751.038418729] [waypoint_follower]: far from local route: d=1573227.62, relocalize nearest_index 422 -> 422
[WARN] [1783599751.088062628] [waypoint_follower]: far from local route: d=1573227.62, relocalize nearest_index 422 -> 422
[WARN] [1783599751.149394577] [waypoint_follower]: far from local route: d=1573227.62, relocalize nearest_index 422 -> 422
[WARN] [1783599751.188123286] [waypoint_follower]: far from local route: d=1573227.62, relocalize nearest_index 422 -> 422
[WARN] [1783599751.237856173] [waypoint_follower]: far from local route: d=1573227.62, relocalize nearest_index 422 -> 422
[WARN] [1783599751.288097676] [waypoint_follower]: far from local route: d=1573227.62, relocalize nearest_index 422 -> 422
[WARN] [1783599751.337914015] [waypoint_follower]: far from local route: d=1573227.62, relocalize nearest_index 422 -> 422
[WARN] [1783599751.388025923] [waypoint_follower]: far from local route: d=1573227.62, relocalize nearest_index 422 -> 422
[WARN] [1783599751.437925778] [waypoint_follower]: far from local route: d=1580737.75, relocalize nearest_index 422 -> 422
[WARN] [1783599751.487897886] [waypoint_follower]: far from local route: d=1580737.75, relocalize nearest_index 422 -> 422
[WARN] [1783599751.537844875] [waypoint_follower]: far from local route: d=1580737.75, relocalize nearest_index 422 -> 422
[WARN] [1783599751.588219555] [waypoint_follower]: far from local route: d=1580737.75, relocalize nearest_index 422 -> 422
[WARN] [1783599751.638267915] [waypoint_follower]: far from local route: d=1580737.75, relocalize nearest_index 422 -> 422
[WARN] [1783599751.688000706] [waypoint_follower]: far from local route: d=1580737.75, relocalize nearest_index 422 -> 422
[WARN] [1783599751.737876818] [waypoint_follower]: far from local route: d=1580737.75, relocalize nearest_index 422 -> 422
[INFO] [1783599751.738966910] [waypoint_follower]: nearest=422, target=422, dist=1580737.75, alpha=2.40, vx=0.00, yaw_rate=0.45, dir=1
[WARN] [1783599751.787902747] [waypoint_follower]: far from local route: d=1580737.75, relocalize nearest_index 422 -> 422
[WARN] [1783599751.837815210] [waypoint_follower]: far from local route: d=1580737.75, relocalize nearest_index 422 -> 422
[WARN] [1783599751.888277214] [waypoint_follower]: far from local route: d=1580737.75, relocalize nearest_index 422 -> 422
[WARN] [1783599751.938083857] [waypoint_follower]: far from local route: d=1591685.97, relocalize nearest_index 422 -> 422
[WARN] [1783599751.987939010] [waypoint_follower]: far from local route: d=1591685.97, relocalize nearest_index 422 -> 422
[WARN] [1783599752.039301707] [waypoint_follower]: far from local route: d=1591685.97, relocalize nearest_index 422 -> 422
[WARN] [1783599752.088801550] [waypoint_follower]: far from local route: d=1591685.97, relocalize nearest_index 422 -> 422
[WARN] [1783599752.138605601] [waypoint_follower]: far from local route: d=1591685.97, relocalize nearest_index 422 -> 422
[WARN] [1783599752.188398197] [waypoint_follower]: far from local route: d=1591685.97, relocalize nearest_index 422 -> 422
[WARN] [1783599752.238027985] [waypoint_follower]: far from local route: d=1591685.97, relocalize nearest_index 422 -> 422
[WARN] [1783599752.288179764] [waypoint_follower]: far from local route: d=1597859.44, relocalize nearest_index 422 -> 422
[WARN] [1783599752.338007943] [waypoint_follower]: far from local route: d=1597859.44, relocalize nearest_index 422 -> 422
[WARN] [1783599752.389680961] [waypoint_follower]: far from local route: d=1597859.44, relocalize nearest_index 422 -> 422
[WARN] [1783599752.438150580] [waypoint_follower]: far from local route: d=1597859.44, relocalize nearest_index 422 -> 422
[WARN] [1783599752.487989606] [waypoint_follower]: far from local route: d=1597859.44, relocalize nearest_index 422 -> 422
[WARN] [1783599752.538094540] [waypoint_follower]: far from local route: d=1602668.87, relocalize nearest_index 422 -> 422
[WARN] [1783599752.590107606] [waypoint_follower]: far from local route: d=1602668.87, relocalize nearest_index 422 -> 422
[WARN] [1783599752.638125502] [waypoint_follower]: far from local route: d=1602668.87, relocalize nearest_index 422 -> 422
[WARN] [1783599752.688091306] [waypoint_follower]: far from local route: d=1602668.87, relocalize nearest_index 422 -> 422
[WARN] [1783599752.738081205] [waypoint_follower]: far from local route: d=1602668.87, relocalize nearest_index 422 -> 422
[INFO] [1783599752.739224702] [waypoint_follower]: nearest=422, target=422, dist=1602668.87, alpha=-1.51, vx=0.00, yaw_rate=-0.45, dir=1
[WARN] [1783599752.788958293] [waypoint_follower]: far from local route: d=1610235.80, relocalize nearest_index 422 -> 422
[WARN] [1783599752.838177797] [waypoint_follower]: far from local route: d=1610235.80, relocalize nearest_index 422 -> 422
[WARN] [1783599752.888067636] [waypoint_follower]: far from local route: d=1610235.80, relocalize nearest_index 422 -> 422
[WARN] [1783599752.937955076] [waypoint_follower]: far from local route: d=1610235.80, relocalize nearest_index 422 -> 422
[WARN] [1783599752.989305006] [waypoint_follower]: far from local route: d=1610235.80, relocalize nearest_index 422 -> 422
[WARN] [1783599753.037963800] [waypoint_follower]: far from local route: d=1610235.80, relocalize nearest_index 422 -> 422
[WARN] [1783599753.089761612] [waypoint_follower]: far from local route: d=1610235.80, relocalize nearest_index 422 -> 422
[WARN] [1783599753.138558736] [waypoint_follower]: far from local route: d=1610235.80, relocalize nearest_index 422 -> 422
[WARN] [1783599753.188661557] [waypoint_follower]: far from local route: d=1610235.80, relocalize nearest_index 422 -> 422
[WARN] [1783599753.241593940] [waypoint_follower]: far from local route: d=1610235.80, relocalize nearest_index 422 -> 422
[WARN] [1783599753.288189792] [waypoint_follower]: far from local route: d=1610235.80, relocalize nearest_index 422 -> 422
[WARN] [1783599753.338982885] [waypoint_follower]: far from local route: d=1610235.80, relocalize nearest_index 422 -> 422
[WARN] [1783599753.393839719] [waypoint_follower]: far from local route: d=1617807.98, relocalize nearest_index 422 -> 422
[WARN] [1783599753.440404981] [waypoint_follower]: far from local route: d=1617807.98, relocalize nearest_index 422 -> 422
[WARN] [1783599753.488015570] [waypoint_follower]: far from local route: d=1617807.98, relocalize nearest_index 422 -> 422
[WARN] [1783599753.537866467] [waypoint_follower]: far from local route: d=1617807.98, relocalize nearest_index 422 -> 422
[WARN] [1783599753.587919947] [waypoint_follower]: far from local route: d=1617807.98, relocalize nearest_index 422 -> 422
[WARN] [1783599753.638134347] [waypoint_follower]: far from local route: d=1617807.98, relocalize nearest_index 422 -> 422
[WARN] [1783599753.688295469] [waypoint_follower]: far from local route: d=1617807.98, relocalize nearest_index 422 -> 422
[WARN] [1783599753.740473647] [waypoint_follower]: far from local route: d=1617807.98, relocalize nearest_index 422 -> 422
[INFO] [1783599753.746412596] [waypoint_follower]: nearest=422, target=422, dist=1617807.98, alpha=-1.26, vx=0.00, yaw_rate=-0.45, dir=1
[WARN] [1783599753.799980787] [waypoint_follower]: far from local route: d=1617807.98, relocalize nearest_index 422 -> 422
[WARN] [1783599753.838088854] [waypoint_follower]: far from local route: d=1617807.98, relocalize nearest_index 422 -> 422
[WARN] [1783599753.888021891] [waypoint_follower]: far from local route: d=1624026.99, relocalize nearest_index 422 -> 422
[WARN] [1783599753.937850582] [waypoint_follower]: far from local route: d=1624026.99, relocalize nearest_index 422 -> 422
[WARN] [1783599753.987852224] [waypoint_follower]: far from local route: d=1624026.99, relocalize nearest_index 422 -> 422
[WARN] [1783599753.988943756] [waypoint_follower]: stuck recovery: nearest_index 422 -> 422
[WARN] [1783599754.037893960] [waypoint_follower]: far from local route: d=1626098.76, relocalize nearest_index 422 -> 422
[WARN] [1783599754.088474103] [waypoint_follower]: far from local route: d=1626098.76, relocalize nearest_index 422 -> 422
[WARN] [1783599754.138410884] [waypoint_follower]: far from local route: d=1626098.76, relocalize nearest_index 422 -> 422
[WARN] [1783599754.188885207] [waypoint_follower]: far from local route: d=1626098.76, relocalize nearest_index 422 -> 422
[WARN] [1783599754.238990973] [waypoint_follower]: far from local route: d=1626098.76, relocalize nearest_index 422 -> 422
[WARN] [1783599754.288407907] [waypoint_follower]: far from local route: d=1626098.76, relocalize nearest_index 422 -> 422
[WARN] [1783599754.337874182] [waypoint_follower]: far from local route: d=1626098.76, relocalize nearest_index 422 -> 422
[WARN] [1783599754.388022666] [waypoint_follower]: far from local route: d=1626098.76, relocalize nearest_index 422 -> 422
[WARN] [1783599754.437807454] [waypoint_follower]: far from local route: d=1626098.76, relocalize nearest_index 422 -> 422
[WARN] [1783599754.487536789] [waypoint_follower]: far from local route: d=1629556.21, relocalize nearest_index 422 -> 422
[WARN] [1783599754.538057479] [waypoint_follower]: far from local route: d=1629556.21, relocalize nearest_index 422 -> 422
[WARN] [1783599754.588707026] [waypoint_follower]: far from local route: d=1629556.21, relocalize nearest_index 422 -> 422
[WARN] [1783599754.637918018] [waypoint_follower]: far from local route: d=1629556.21, relocalize nearest_index 422 -> 422
[WARN] [1783599754.688591020] [waypoint_follower]: far from local route: d=1629556.21, relocalize nearest_index 422 -> 422
[WARN] [1783599754.737894103] [waypoint_follower]: far from local route: d=1629556.21, relocalize nearest_index 422 -> 422
[WARN] [1783599754.787942623] [waypoint_follower]: far from local route: d=1629556.21, relocalize nearest_index 422 -> 422
[INFO] [1783599754.789009164] [waypoint_follower]: nearest=422, target=422, dist=1629556.21, alpha=-1.14, vx=0.00, yaw_rate=-0.45, dir=1
[WARN] [1783599754.838020902] [waypoint_follower]: far from local route: d=1629556.21, relocalize nearest_index 422 -> 422
[WARN] [1783599754.888178504] [waypoint_follower]: far from local route: d=1629556.21, relocalize nearest_index 422 -> 422
[WARN] [1783599754.938060792] [waypoint_follower]: far from local route: d=1629556.21, relocalize nearest_index 422 -> 422
[WARN] [1783599754.988209979] [waypoint_follower]: far from local route: d=1629556.21, relocalize nearest_index 422 -> 422
[WARN] [1783599755.037828408] [waypoint_follower]: far from local route: d=1629556.21, relocalize nearest_index 422 -> 422
[WARN] [1783599755.087892607] [waypoint_follower]: far from local route: d=1629556.21, relocalize nearest_index 422 -> 422
[WARN] [1783599755.137857323] [waypoint_follower]: far from local route: d=1629556.21, relocalize nearest_index 422 -> 422
[WARN] [1783599755.187963792] [waypoint_follower]: far from local route: d=1629556.21, relocalize nearest_index 422 -> 422
[WARN] [1783599755.237846592] [waypoint_follower]: far from local route: d=1629556.21, relocalize nearest_index 422 -> 422
[WARN] [1783599755.287869449] [waypoint_follower]: far from local route: d=1629556.21, relocalize nearest_index 422 -> 422
[WARN] [1783599755.337842805] [waypoint_follower]: far from local route: d=1629556.21, relocalize nearest_index 422 -> 422
[WARN] [1783599755.388045013] [waypoint_follower]: far from local route: d=1629556.21, relocalize nearest_index 422 -> 422
[WARN] [1783599755.437855688] [waypoint_follower]: far from local route: d=1629556.21, relocalize nearest_index 422 -> 422
[WARN] [1783599755.488043946] [waypoint_follower]: far from local route: d=1631626.70, relocalize nearest_index 422 -> 422
[WARN] [1783599755.537917818] [waypoint_follower]: far from local route: d=1631626.70, relocalize nearest_index 422 -> 422
[WARN] [1783599755.588100891] [waypoint_follower]: far from local route: d=1631626.70, relocalize nearest_index 422 -> 422
[WARN] [1783599755.637905871] [waypoint_follower]: far from local route: d=1631626.70, relocalize nearest_index 422 -> 422
[WARN] [1783599755.687905625] [waypoint_follower]: far from local route: d=1631626.70, relocalize nearest_index 422 -> 422
[WARN] [1783599755.738060828] [waypoint_follower]: far from local route: d=1631626.70, relocalize nearest_index 422 -> 422
[WARN] [1783599755.787940716] [waypoint_follower]: far from local route: d=1631626.70, relocalize nearest_index 422 -> 422
[WARN] [1783599755.837882265] [waypoint_follower]: far from local route: d=1631626.70, relocalize nearest_index 422 -> 422
[INFO] [1783599755.838955078] [waypoint_follower]: nearest=422, target=422, dist=1631626.70, alpha=-0.85, vx=0.12, yaw_rate=-0.45, dir=1
[WARN] [1783599755.888425385] [waypoint_follower]: far from local route: d=1631626.70, relocalize nearest_index 422 -> 422
[WARN] [1783599755.937852079] [waypoint_follower]: far from local route: d=1631626.70, relocalize nearest_index 422 -> 422
[WARN] [1783599755.988036176] [waypoint_follower]: far from local route: d=1631626.70, relocalize nearest_index 422 -> 422
[WARN] [1783599756.037850851] [waypoint_follower]: far from local route: d=1631626.70, relocalize nearest_index 422 -> 422
[WARN] [1783599756.087894924] [waypoint_follower]: far from local route: d=1631626.70, relocalize nearest_index 422 -> 422
[WARN] [1783599756.137774268] [waypoint_follower]: far from local route: d=1631626.70, relocalize nearest_index 422 -> 422
[WARN] [1783599756.187872705] [waypoint_follower]: far from local route: d=1631626.70, relocalize nearest_index 422 -> 422
[WARN] [1783599756.237836973] [waypoint_follower]: far from local route: d=1631626.70, relocalize nearest_index 422 -> 422
[WARN] [1783599756.287849815] [waypoint_follower]: far from local route: d=1631626.70, relocalize nearest_index 422 -> 422
[WARN] [1783599756.337840705] [waypoint_follower]: far from local route: d=1631626.70, relocalize nearest_index 422 -> 422
[WARN] [1783599756.387926279] [waypoint_follower]: far from local route: d=1631626.70, relocalize nearest_index 422 -> 422
[WARN] [1783599756.438076362] [waypoint_follower]: far from local route: d=1639241.29, relocalize nearest_index 422 -> 422
[WARN] [1783599756.488059958] [waypoint_follower]: far from local route: d=1639241.29, relocalize nearest_index 422 -> 422
[WARN] [1783599756.538021186] [waypoint_follower]: far from local route: d=1639241.29, relocalize nearest_index 422 -> 422
[WARN] [1783599756.589200307] [waypoint_follower]: far from local route: d=1639241.29, relocalize nearest_index 422 -> 422
[WARN] [1783599756.639577388] [waypoint_follower]: far from local route: d=1639241.29, relocalize nearest_index 422 -> 422
[WARN] [1783599756.688897718] [waypoint_follower]: far from local route: d=1639241.29, relocalize nearest_index 422 -> 422
[WARN] [1783599756.740616910] [waypoint_follower]: far from local route: d=1639241.29, relocalize nearest_index 422 -> 422
[WARN] [1783599756.796487744] [waypoint_follower]: far from local route: d=1639241.29, relocalize nearest_index 422 -> 422
[WARN] [1783599756.840106875] [waypoint_follower]: far from local route: d=1639241.29, relocalize nearest_index 422 -> 422
[INFO] [1783599756.841378527] [waypoint_follower]: nearest=422, target=422, dist=1639241.29, alpha=0.09, vx=0.25, yaw_rate=0.08, dir=1
[WARN] [1783599756.892098950] [waypoint_follower]: far from local route: d=1639241.29, relocalize nearest_index 422 -> 422
[WARN] [1783599756.937851612] [waypoint_follower]: far from local route: d=1639241.29, relocalize nearest_index 422 -> 422
[WARN] [1783599756.987856070] [waypoint_follower]: far from local route: d=1639241.29, relocalize nearest_index 422 -> 422
[WARN] [1783599756.988991503] [waypoint_follower]: stuck recovery: nearest_index 422 -> 422
[WARN] [1783599757.037810450] [waypoint_follower]: far from local route: d=1639241.29, relocalize nearest_index 422 -> 422
[WARN] [1783599757.088185354] [waypoint_follower]: far from local route: d=1639241.29, relocalize nearest_index 422 -> 422
[WARN] [1783599757.137835013] [waypoint_follower]: far from local route: d=1639241.29, relocalize nearest_index 422 -> 422
[WARN] [1783599757.188041094] [waypoint_follower]: far from local route: d=1639241.29, relocalize nearest_index 422 -> 422
[WARN] [1783599757.237998450] [waypoint_follower]: far from local route: d=1639241.29, relocalize nearest_index 422 -> 422
[WARN] [1783599757.288045914] [waypoint_follower]: far from local route: d=1639241.29, relocalize nearest_index 422 -> 422
[WARN] [1783599757.338643912] [waypoint_follower]: far from local route: d=1639241.29, relocalize nearest_index 422 -> 422
[WARN] [1783599757.388196711] [waypoint_follower]: far from local route: d=1639241.29, relocalize nearest_index 422 -> 422
[WARN] [1783599757.438158515] [waypoint_follower]: far from local route: d=1639241.29, relocalize nearest_index 422 -> 422
[WARN] [1783599757.489044627] [waypoint_follower]: far from local route: d=1645478.13, relocalize nearest_index 422 -> 422
[WARN] [1783599757.538227236] [waypoint_follower]: far from local route: d=1645478.13, relocalize nearest_index 422 -> 422
[WARN] [1783599757.588084693] [waypoint_follower]: far from local route: d=1645478.13, relocalize nearest_index 422 -> 422
[WARN] [1783599757.638052385] [waypoint_follower]: far from local route: d=1645478.13, relocalize nearest_index 422 -> 422
[WARN] [1783599757.689267857] [waypoint_follower]: far from local route: d=1645478.13, relocalize nearest_index 422 -> 422
[WARN] [1783599757.740857648] [waypoint_follower]: far from local route: d=1645478.13, relocalize nearest_index 422 -> 422
[WARN] [1783599757.788659267] [waypoint_follower]: far from local route: d=1645478.13, relocalize nearest_index 422 -> 422
[WARN] [1783599757.838805094] [waypoint_follower]: far from local route: d=1645478.13, relocalize nearest_index 422 -> 422
[WARN] [1783599757.888222924] [waypoint_follower]: far from local route: d=1645478.13, relocalize nearest_index 422 -> 422
[INFO] [1783599757.889360406] [waypoint_follower]: nearest=422, target=422, dist=1645478.13, alpha=0.29, vx=0.25, yaw_rate=0.26, dir=1
[WARN] [1783599757.938067678] [waypoint_follower]: far from local route: d=1645478.13, relocalize nearest_index 422 -> 422
[WARN] [1783599757.988332443] [waypoint_follower]: far from local route: d=1645478.13, relocalize nearest_index 422 -> 422
[WARN] [1783599758.038161294] [waypoint_follower]: far from local route: d=1645478.13, relocalize nearest_index 422 -> 422
[WARN] [1783599758.087990272] [waypoint_follower]: far from local route: d=1645478.13, relocalize nearest_index 422 -> 422
[WARN] [1783599758.138388887] [waypoint_follower]: far from local route: d=1645478.13, relocalize nearest_index 422 -> 422
[WARN] [1783599758.188252136] [waypoint_follower]: far from local route: d=1645478.13, relocalize nearest_index 422 -> 422
[WARN] [1783599758.238114137] [waypoint_follower]: far from local route: d=1645478.13, relocalize nearest_index 422 -> 422
[WARN] [1783599758.288076293] [waypoint_follower]: far from local route: d=1645478.13, relocalize nearest_index 422 -> 422
[WARN] [1783599758.338430686] [waypoint_follower]: far from local route: d=1645478.13, relocalize nearest_index 422 -> 422
[WARN] [1783599758.388194356] [waypoint_follower]: far from local route: d=1645478.13, relocalize nearest_index 422 -> 422
[WARN] [1783599758.437981288] [waypoint_follower]: far from local route: d=1645478.13, relocalize nearest_index 422 -> 422
[WARN] [1783599758.488031024] [waypoint_follower]: far from local route: d=1645478.13, relocalize nearest_index 422 -> 422
[WARN] [1783599758.538454534] [waypoint_follower]: far from local route: d=1645478.13, relocalize nearest_index 422 -> 422
[WARN] [1783599758.588041892] [waypoint_follower]: far from local route: d=1645478.13, relocalize nearest_index 422 -> 422
[WARN] [1783599758.637960498] [waypoint_follower]: far from local route: d=1645478.13, relocalize nearest_index 422 -> 422
[WARN] [1783599758.687989179] [waypoint_follower]: far from local route: d=1645478.13, relocalize nearest_index 422 -> 422
[WARN] [1783599758.737958343] [waypoint_follower]: far from local route: d=1645478.13, relocalize nearest_index 422 -> 422
[WARN] [1783599758.787993039] [waypoint_follower]: far from local route: d=1645478.13, relocalize nearest_index 422 -> 422
[WARN] [1783599758.837945852] [waypoint_follower]: far from local route: d=1645478.13, relocalize nearest_index 422 -> 422
[WARN] [1783599758.887952678] [waypoint_follower]: far from local route: d=1653804.80, relocalize nearest_index 422 -> 422
[WARN] [1783599758.938076586] [waypoint_follower]: far from local route: d=1653804.80, relocalize nearest_index 422 -> 422
[INFO] [1783599758.940929730] [waypoint_follower]: nearest=422, target=422, dist=1653804.80, alpha=0.30, vx=0.25, yaw_rate=0.27, dir=1
[WARN] [1783599758.988175024] [waypoint_follower]: far from local route: d=1653804.80, relocalize nearest_index 422 -> 422
[WARN] [1783599759.038095230] [waypoint_follower]: far from local route: d=1653804.80, relocalize nearest_index 422 -> 422
[WARN] [1783599759.088262432] [waypoint_follower]: far from local route: d=1653804.80, relocalize nearest_index 422 -> 422
[WARN] [1783599759.138048116] [waypoint_follower]: far from local route: d=1653804.80, relocalize nearest_index 422 -> 422
[WARN] [1783599759.188600132] [waypoint_follower]: far from local route: d=1653804.80, relocalize nearest_index 422 -> 422
[WARN] [1783599759.237979564] [waypoint_follower]: far from local route: d=1653804.80, relocalize nearest_index 422 -> 422
[WARN] [1783599759.289329078] [waypoint_follower]: far from local route: d=1653804.80, relocalize nearest_index 422 -> 422
[WARN] [1783599759.338503816] [waypoint_follower]: far from local route: d=1653804.80, relocalize nearest_index 422 -> 422
[WARN] [1783599759.388416310] [waypoint_follower]: far from local route: d=1653804.80, relocalize nearest_index 422 -> 422
[WARN] [1783599759.437840924] [waypoint_follower]: far from local route: d=1653804.80, relocalize nearest_index 422 -> 422
[WARN] [1783599759.488147159] [waypoint_follower]: far from local route: d=1653804.80, relocalize nearest_index 422 -> 422
[WARN] [1783599759.537794578] [waypoint_follower]: far from local route: d=1653804.80, relocalize nearest_index 422 -> 422
[WARN] [1783599759.588575351] [waypoint_follower]: far from local route: d=1653804.80, relocalize nearest_index 422 -> 422
[WARN] [1783599759.637874531] [waypoint_follower]: far from local route: d=1653804.80, relocalize nearest_index 422 -> 422
[WARN] [1783599759.688068228] [waypoint_follower]: far from local route: d=1653804.80, relocalize nearest_index 422 -> 422
[WARN] [1783599759.737963571] [waypoint_follower]: far from local route: d=1653804.80, relocalize nearest_index 422 -> 422
[WARN] [1783599759.787882369] [waypoint_follower]: far from local route: d=1653804.80, relocalize nearest_index 422 -> 422
[WARN] [1783599759.837881804] [waypoint_follower]: far from local route: d=1653804.80, relocalize nearest_index 422 -> 422
[WARN] [1783599759.888112779] [waypoint_follower]: far from local route: d=1653804.80, relocalize nearest_index 422 -> 422
[WARN] [1783599759.938046776] [waypoint_follower]: far from local route: d=1653804.80, relocalize nearest_index 422 -> 422
[WARN] [1783599759.988134814] [waypoint_follower]: far from local route: d=1653804.80, relocalize nearest_index 422 -> 422
[WARN] [1783599759.989470462] [waypoint_follower]: stuck recovery: nearest_index 422 -> 422
[INFO] [1783599759.993003797] [waypoint_follower]: nearest=422, target=422, dist=1653804.80, alpha=0.30, vx=0.25, yaw_rate=0.27, dir=1
[WARN] [1783599760.037918675] [waypoint_follower]: far from local route: d=1653804.80, relocalize nearest_index 422 -> 422
[WARN] [1783599760.088070230] [waypoint_follower]: far from local route: d=1653804.80, relocalize nearest_index 422 -> 422
[WARN] [1783599760.138195002] [waypoint_follower]: far from local route: d=1653804.80, relocalize nearest_index 422 -> 422
[WARN] [1783599760.188051883] [waypoint_follower]: far from local route: d=1653804.80, relocalize nearest_index 422 -> 422
[WARN] [1783599760.238031702] [waypoint_follower]: far from local route: d=1653804.80, relocalize nearest_index 422 -> 422
[WARN] [1783599760.287994082] [waypoint_follower]: far from local route: d=1653804.80, relocalize nearest_index 422 -> 422
[WARN] [1783599760.338427288] [waypoint_follower]: far from local route: d=1653804.80, relocalize nearest_index 422 -> 422
[WARN] [1783599760.388051092] [waypoint_follower]: far from local route: d=1653804.80, relocalize nearest_index 422 -> 422
[WARN] [1783599760.438038751] [waypoint_follower]: far from local route: d=1653804.80, relocalize nearest_index 422 -> 422
[WARN] [1783599760.488003627] [waypoint_follower]: far from local route: d=1653804.80, relocalize nearest_index 422 -> 422
[WARN] [1783599760.538205803] [waypoint_follower]: far from local route: d=1667713.82, relocalize nearest_index 422 -> 422
[WARN] [1783599760.588166295] [waypoint_follower]: far from local route: d=1667713.82, relocalize nearest_index 422 -> 422
[WARN] [1783599760.638434485] [waypoint_follower]: far from local route: d=1667713.82, relocalize nearest_index 422 -> 422
[WARN] [1783599760.688240232] [waypoint_follower]: far from local route: d=1667713.82, relocalize nearest_index 422 -> 422
[WARN] [1783599760.738312175] [waypoint_follower]: far from local route: d=1667713.82, relocalize nearest_index 422 -> 422
[WARN] [1783599760.788400853] [waypoint_follower]: far from local route: d=1667713.82, relocalize nearest_index 422 -> 422
[WARN] [1783599760.838020626] [waypoint_follower]: far from local route: d=1667713.82, relocalize nearest_index 422 -> 422
[WARN] [1783599760.888166773] [waypoint_follower]: far from local route: d=1667713.82, relocalize nearest_index 422 -> 422
[WARN] [1783599760.938258747] [waypoint_follower]: far from local route: d=1667713.82, relocalize nearest_index 422 -> 422
[WARN] [1783599760.995264214] [waypoint_follower]: far from local route: d=1667713.82, relocalize nearest_index 422 -> 422
[INFO] [1783599761.008758385] [waypoint_follower]: nearest=422, target=422, dist=1667713.82, alpha=-0.93, vx=0.12, yaw_rate=-0.45, dir=1
[WARN] [1783599761.039795526] [waypoint_follower]: far from local route: d=1667713.82, relocalize nearest_index 422 -> 422
[WARN] [1783599761.089414562] [waypoint_follower]: far from local route: d=1667713.82, relocalize nearest_index 422 -> 422
[WARN] [1783599761.140651281] [waypoint_follower]: far from local route: d=1667713.82, relocalize nearest_index 422 -> 422
[WARN] [1783599761.188009818] [waypoint_follower]: far from local route: d=1667713.82, relocalize nearest_index 422 -> 422
[WARN] [1783599761.237730001] [waypoint_follower]: far from local route: d=1667713.82, relocalize nearest_index 422 -> 422
[WARN] [1783599761.290449530] [waypoint_follower]: far from local route: d=1667713.82, relocalize nearest_index 422 -> 422
[WARN] [1783599761.339439412] [waypoint_follower]: far from local route: d=1667713.82, relocalize nearest_index 422 -> 422
[WARN] [1783599761.389368290] [waypoint_follower]: far from local route: d=1667713.82, relocalize nearest_index 422 -> 422
[WARN] [1783599761.437824630] [waypoint_follower]: far from local route: d=1667713.82, relocalize nearest_index 422 -> 422
[WARN] [1783599761.488021079] [waypoint_follower]: far from local route: d=1667713.82, relocalize nearest_index 422 -> 422
[WARN] [1783599761.538040640] [waypoint_follower]: far from local route: d=1667713.82, relocalize nearest_index 422 -> 422
[WARN] [1783599761.588016107] [waypoint_follower]: far from local route: d=1667713.82, relocalize nearest_index 422 -> 422
[WARN] [1783599761.637739811] [waypoint_follower]: far from local route: d=1667713.82, relocalize nearest_index 422 -> 422
[WARN] [1783599761.688047774] [waypoint_follower]: far from local route: d=1679572.88, relocalize nearest_index 422 -> 422
[WARN] [1783599761.737948493] [waypoint_follower]: far from local route: d=1679572.88, relocalize nearest_index 422 -> 422
[WARN] [1783599761.787912121] [waypoint_follower]: far from local route: d=1679572.88, relocalize nearest_index 422 -> 422
[WARN] [1783599761.837799657] [waypoint_follower]: far from local route: d=1679572.88, relocalize nearest_index 422 -> 422
[WARN] [1783599761.888184673] [waypoint_follower]: far from local route: d=1679572.88, relocalize nearest_index 422 -> 422
[WARN] [1783599761.938246472] [waypoint_follower]: far from local route: d=1679572.88, relocalize nearest_index 422 -> 422
[WARN] [1783599761.988756186] [waypoint_follower]: far from local route: d=1679572.88, relocalize nearest_index 422 -> 422
[WARN] [1783599762.038061253] [waypoint_follower]: far from local route: d=1679572.88, relocalize nearest_index 422 -> 422
[INFO] [1783599762.039150513] [waypoint_follower]: nearest=422, target=422, dist=1679572.88, alpha=-2.19, vx=0.00, yaw_rate=-0.45, dir=1
[WARN] [1783599762.087860121] [waypoint_follower]: far from local route: d=1679572.88, relocalize nearest_index 422 -> 422
[WARN] [1783599762.137758088] [waypoint_follower]: far from local route: d=1679572.88, relocalize nearest_index 422 -> 422
[WARN] [1783599762.187818608] [waypoint_follower]: far from local route: d=1679572.88, relocalize nearest_index 422 -> 422
[WARN] [1783599762.237876727] [waypoint_follower]: far from local route: d=1679572.88, relocalize nearest_index 422 -> 422
[WARN] [1783599762.287845667] [waypoint_follower]: far from local route: d=1679572.88, relocalize nearest_index 422 -> 422
[WARN] [1783599762.338015909] [waypoint_follower]: far from local route: d=1679572.88, relocalize nearest_index 422 -> 422
[WARN] [1783599762.388107147] [waypoint_follower]: far from local route: d=1688667.19, relocalize nearest_index 422 -> 422
[WARN] [1783599762.437874304] [waypoint_follower]: far from local route: d=1688667.19, relocalize nearest_index 422 -> 422
[WARN] [1783599762.487972486] [waypoint_follower]: far from local route: d=1688667.19, relocalize nearest_index 422 -> 422
[WARN] [1783599762.537845334] [waypoint_follower]: far from local route: d=1688667.19, relocalize nearest_index 422 -> 422
[WARN] [1783599762.587918941] [waypoint_follower]: far from local route: d=1688667.19, relocalize nearest_index 422 -> 422
[WARN] [1783599762.637830475] [waypoint_follower]: far from local route: d=1688667.19, relocalize nearest_index 422 -> 422
[WARN] [1783599762.688023148] [waypoint_follower]: far from local route: d=1688668.59, relocalize nearest_index 422 -> 422
[WARN] [1783599762.737917019] [waypoint_follower]: far from local route: d=1688668.59, relocalize nearest_index 422 -> 422
[WARN] [1783599762.787772429] [waypoint_follower]: far from local route: d=1688669.61, relocalize nearest_index 422 -> 422
[WARN] [1783599762.837821908] [waypoint_follower]: far from local route: d=1688669.61, relocalize nearest_index 422 -> 422
[WARN] [1783599762.887895451] [waypoint_follower]: far from local route: d=1688669.61, relocalize nearest_index 422 -> 422
[WARN] [1783599762.937843912] [waypoint_follower]: far from local route: d=1694277.78, relocalize nearest_index 422 -> 422
[WARN] [1783599762.987948301] [waypoint_follower]: far from local route: d=1694277.78, relocalize nearest_index 422 -> 422
[WARN] [1783599763.037842716] [waypoint_follower]: far from local route: d=1694277.78, relocalize nearest_index 422 -> 422
[WARN] [1783599763.038983334] [waypoint_follower]: stuck recovery: nearest_index 422 -> 422
[WARN] [1783599763.087879589] [waypoint_follower]: far from local route: d=1694277.78, relocalize nearest_index 422 -> 422
[INFO] [1783599763.088967633] [waypoint_follower]: nearest=422, target=422, dist=1694277.78, alpha=-2.70, vx=0.00, yaw_rate=-0.45, dir=1
[WARN] [1783599763.137932333] [waypoint_follower]: far from local route: d=1694277.78, relocalize nearest_index 422 -> 422
[WARN] [1783599763.188022834] [waypoint_follower]: far from local route: d=1694277.78, relocalize nearest_index 422 -> 422
[WARN] [1783599763.238447176] [waypoint_follower]: far from local route: d=1694277.78, relocalize nearest_index 422 -> 422
[WARN] [1783599763.288005704] [waypoint_follower]: far from local route: d=1694277.78, relocalize nearest_index 422 -> 422
[WARN] [1783599763.337985907] [waypoint_follower]: far from local route: d=1694277.78, relocalize nearest_index 422 -> 422
[WARN] [1783599763.388480293] [waypoint_follower]: far from local route: d=1694277.78, relocalize nearest_index 422 -> 422
[WARN] [1783599763.437893836] [waypoint_follower]: far from local route: d=1694277.78, relocalize nearest_index 422 -> 422
[WARN] [1783599763.487840441] [waypoint_follower]: far from local route: d=1694277.78, relocalize nearest_index 422 -> 422
[WARN] [1783599763.537877537] [waypoint_follower]: far from local route: d=1694277.78, relocalize nearest_index 422 -> 422
[WARN] [1783599763.587958119] [waypoint_follower]: far from local route: d=1694277.78, relocalize nearest_index 422 -> 422
[WARN] [1783599763.638009871] [waypoint_follower]: far from local route: d=1694277.78, relocalize nearest_index 422 -> 422
[WARN] [1783599763.688175953] [waypoint_follower]: far from local route: d=1694277.78, relocalize nearest_index 422 -> 422
[WARN] [1783599763.737781487] [waypoint_follower]: far from local route: d=1694277.78, relocalize nearest_index 422 -> 422
[WARN] [1783599763.788107689] [waypoint_follower]: far from local route: d=1694277.78, relocalize nearest_index 422 -> 422
[WARN] [1783599763.838106131] [waypoint_follower]: far from local route: d=1694277.78, relocalize nearest_index 422 -> 422
[WARN] [1783599763.889215081] [waypoint_follower]: far from local route: d=1694277.78, relocalize nearest_index 422 -> 422
[WARN] [1783599763.938227650] [waypoint_follower]: far from local route: d=1694277.78, relocalize nearest_index 422 -> 422
[WARN] [1783599763.988539965] [waypoint_follower]: far from local route: d=1694277.78, relocalize nearest_index 422 -> 422
[WARN] [1783599764.038683393] [waypoint_follower]: far from local route: d=1694277.78, relocalize nearest_index 422 -> 422
[WARN] [1783599764.089208658] [waypoint_follower]: far from local route: d=1694277.78, relocalize nearest_index 422 -> 422
[INFO] [1783599764.090268287] [waypoint_follower]: nearest=422, target=422, dist=1694277.78, alpha=-2.70, vx=0.00, yaw_rate=-0.45, dir=1
[WARN] [1783599764.137802815] [waypoint_follower]: far from local route: d=1694277.78, relocalize nearest_index 422 -> 422
[WARN] [1783599764.189094412] [waypoint_follower]: far from local route: d=1694277.78, relocalize nearest_index 422 -> 422
[WARN] [1783599764.242703306] [waypoint_follower]: far from local route: d=1704075.80, relocalize nearest_index 422 -> 422
[WARN] [1783599764.288358180] [waypoint_follower]: far from local route: d=1704075.80, relocalize nearest_index 422 -> 422
[WARN] [1783599764.337887652] [waypoint_follower]: far from local route: d=1704075.80, relocalize nearest_index 422 -> 422
[WARN] [1783599764.387882735] [waypoint_follower]: far from local route: d=1704075.80, relocalize nearest_index 422 -> 422
[WARN] [1783599764.437868410] [waypoint_follower]: far from local route: d=1704075.80, relocalize nearest_index 422 -> 422
[WARN] [1783599764.488163158] [waypoint_follower]: far from local route: d=1704075.80, relocalize nearest_index 422 -> 422
[WARN] [1783599764.538565229] [waypoint_follower]: far from local route: d=1704075.80, relocalize nearest_index 422 -> 422
[WARN] [1783599764.592092942] [waypoint_follower]: far from local route: d=1704075.80, relocalize nearest_index 422 -> 422
[WARN] [1783599764.640074201] [waypoint_follower]: far from local route: d=1704075.80, relocalize nearest_index 422 -> 422
[WARN] [1783599764.688049220] [waypoint_follower]: far from local route: d=1704075.80, relocalize nearest_index 422 -> 422
[WARN] [1783599764.737864791] [waypoint_follower]: far from local route: d=1704075.80, relocalize nearest_index 422 -> 422
[WARN] [1783599764.787917247] [waypoint_follower]: far from local route: d=1704075.80, relocalize nearest_index 422 -> 422
[WARN] [1783599764.837703507] [waypoint_follower]: far from local route: d=1704075.80, relocalize nearest_index 422 -> 422
[WARN] [1783599764.888873542] [waypoint_follower]: far from local route: d=1704075.80, relocalize nearest_index 422 -> 422
[WARN] [1783599764.938400870] [waypoint_follower]: far from local route: d=1704075.80, relocalize nearest_index 422 -> 422
[WARN] [1783599764.988993652] [waypoint_follower]: far from local route: d=1704075.80, relocalize nearest_index 422 -> 422
[WARN] [1783599765.038693901] [waypoint_follower]: far from local route: d=1704075.80, relocalize nearest_index 422 -> 422
[WARN] [1783599765.089532335] [waypoint_follower]: far from local route: d=1704075.80, relocalize nearest_index 422 -> 422
[INFO] [1783599765.092419205] [waypoint_follower]: nearest=422, target=422, dist=1704075.80, alpha=-2.72, vx=0.00, yaw_rate=-0.45, dir=1
[WARN] [1783599765.144041218] [waypoint_follower]: far from local route: d=1704075.80, relocalize nearest_index 422 -> 422
[WARN] [1783599765.187943408] [waypoint_follower]: far from local route: d=1704075.80, relocalize nearest_index 422 -> 422
[WARN] [1783599765.237830975] [waypoint_follower]: far from local route: d=1704075.80, relocalize nearest_index 422 -> 422
[WARN] [1783599765.288146746] [waypoint_follower]: far from local route: d=1704075.80, relocalize nearest_index 422 -> 422
[WARN] [1783599765.337830548] [waypoint_follower]: far from local route: d=1712528.45, relocalize nearest_index 422 -> 422
[WARN] [1783599765.387920474] [waypoint_follower]: far from local route: d=1712528.45, relocalize nearest_index 422 -> 422
[WARN] [1783599765.438008704] [waypoint_follower]: far from local route: d=1712528.45, relocalize nearest_index 422 -> 422
[WARN] [1783599765.487978603] [waypoint_follower]: far from local route: d=1712528.45, relocalize nearest_index 422 -> 422
[WARN] [1783599765.537914329] [waypoint_follower]: far from local route: d=1712528.45, relocalize nearest_index 422 -> 422
[WARN] [1783599765.588255634] [waypoint_follower]: far from local route: d=1712528.45, relocalize nearest_index 422 -> 422
[WARN] [1783599765.637837489] [waypoint_follower]: far from local route: d=1712528.45, relocalize nearest_index 422 -> 422
[WARN] [1783599765.688375585] [waypoint_follower]: far from local route: d=1712528.45, relocalize nearest_index 422 -> 422
[WARN] [1783599765.737921953] [waypoint_follower]: far from local route: d=1712528.45, relocalize nearest_index 422 -> 422
[WARN] [1783599765.787699542] [waypoint_follower]: far from local route: d=1712528.45, relocalize nearest_index 422 -> 422
[WARN] [1783599765.837887575] [waypoint_follower]: far from local route: d=1712528.45, relocalize nearest_index 422 -> 422
[WARN] [1783599765.888916816] [waypoint_follower]: far from local route: d=1712528.45, relocalize nearest_index 422 -> 422
[WARN] [1783599765.938458096] [waypoint_follower]: far from local route: d=1712528.45, relocalize nearest_index 422 -> 422
[WARN] [1783599765.988585237] [waypoint_follower]: far from local route: d=1712528.45, relocalize nearest_index 422 -> 422
[WARN] [1783599766.040024026] [waypoint_follower]: far from local route: d=1712528.45, relocalize nearest_index 422 -> 422
[WARN] [1783599766.043431127] [waypoint_follower]: stuck recovery: nearest_index 422 -> 422
[WARN] [1783599766.087981542] [waypoint_follower]: far from local route: d=1712528.45, relocalize nearest_index 422 -> 422
[WARN] [1783599766.137871061] [waypoint_follower]: far from local route: d=1715343.42, relocalize nearest_index 422 -> 422
[INFO] [1783599766.139440458] [waypoint_follower]: nearest=422, target=422, dist=1715343.42, alpha=-0.98, vx=0.12, yaw_rate=-0.45, dir=1
[WARN] [1783599766.188695832] [waypoint_follower]: far from local route: d=1715343.42, relocalize nearest_index 422 -> 422
[WARN] [1783599766.238164988] [waypoint_follower]: far from local route: d=1716043.03, relocalize nearest_index 422 -> 422
[WARN] [1783599766.288195365] [waypoint_follower]: far from local route: d=1716043.03, relocalize nearest_index 422 -> 422
[WARN] [1783599766.337822177] [waypoint_follower]: far from local route: d=1716043.03, relocalize nearest_index 422 -> 422
[WARN] [1783599766.391962245] [waypoint_follower]: far from local route: d=1716745.48, relocalize nearest_index 422 -> 422
[WARN] [1783599766.437922800] [waypoint_follower]: far from local route: d=1716745.48, relocalize nearest_index 422 -> 422
[WARN] [1783599766.487904091] [waypoint_follower]: far from local route: d=1716745.48, relocalize nearest_index 422 -> 422
[WARN] [1783599766.537958435] [waypoint_follower]: far from local route: d=1716745.48, relocalize nearest_index 422 -> 422
[WARN] [1783599766.587763127] [waypoint_follower]: far from local route: d=1718150.87, relocalize nearest_index 422 -> 422
[WARN] [1783599766.637806719] [waypoint_follower]: far from local route: d=1718150.87, relocalize nearest_index 422 -> 422
[WARN] [1783599766.687888133] [waypoint_follower]: far from local route: d=1718150.87, relocalize nearest_index 422 -> 422
[WARN] [1783599766.737871440] [waypoint_follower]: far from local route: d=1718150.87, relocalize nearest_index 422 -> 422
[WARN] [1783599766.788602871] [waypoint_follower]: far from local route: d=1718150.87, relocalize nearest_index 422 -> 422
[WARN] [1783599766.838084026] [waypoint_follower]: far from local route: d=1718150.87, relocalize nearest_index 422 -> 422
[WARN] [1783599766.887933612] [waypoint_follower]: far from local route: d=1718150.87, relocalize nearest_index 422 -> 422
[WARN] [1783599766.937906679] [waypoint_follower]: far from local route: d=1718150.87, relocalize nearest_index 422 -> 422
[WARN] [1783599766.987919041] [waypoint_follower]: far from local route: d=1718150.87, relocalize nearest_index 422 -> 422
[WARN] [1783599767.037901196] [waypoint_follower]: far from local route: d=1718150.87, relocalize nearest_index 422 -> 422
[WARN] [1783599767.090480891] [waypoint_follower]: far from local route: d=1718150.87, relocalize nearest_index 422 -> 422
[WARN] [1783599767.137986525] [waypoint_follower]: far from local route: d=1718150.87, relocalize nearest_index 422 -> 422
[WARN] [1783599767.188521389] [waypoint_follower]: far from local route: d=1718150.87, relocalize nearest_index 422 -> 422
[INFO] [1783599767.189754642] [waypoint_follower]: nearest=422, target=422, dist=1718150.87, alpha=-0.69, vx=0.12, yaw_rate=-0.45, dir=1
[WARN] [1783599767.237962098] [waypoint_follower]: far from local route: d=1721674.76, relocalize nearest_index 422 -> 422
[WARN] [1783599767.287918270] [waypoint_follower]: far from local route: d=1721674.76, relocalize nearest_index 422 -> 422
[WARN] [1783599767.338713827] [waypoint_follower]: far from local route: d=1721674.76, relocalize nearest_index 422 -> 422
[WARN] [1783599767.388367805] [waypoint_follower]: far from local route: d=1721674.76, relocalize nearest_index 422 -> 422
[WARN] [1783599767.438540319] [waypoint_follower]: far from local route: d=1721674.76, relocalize nearest_index 422 -> 422
[WARN] [1783599767.488592711] [waypoint_follower]: far from local route: d=1721674.76, relocalize nearest_index 422 -> 422
[WARN] [1783599767.537904178] [waypoint_follower]: far from local route: d=1721674.76, relocalize nearest_index 422 -> 422
[WARN] [1783599767.588165168] [waypoint_follower]: far from local route: d=1721674.76, relocalize nearest_index 422 -> 422
[WARN] [1783599767.637817259] [waypoint_follower]: far from local route: d=1721674.76, relocalize nearest_index 422 -> 422
[WARN] [1783599767.688045610] [waypoint_follower]: far from local route: d=1721674.76, relocalize nearest_index 422 -> 422
[WARN] [1783599767.737999735] [waypoint_follower]: far from local route: d=1721674.76, relocalize nearest_index 422 -> 422
[WARN] [1783599767.788314130] [waypoint_follower]: far from local route: d=1721674.76, relocalize nearest_index 422 -> 422
[WARN] [1783599767.837999659] [waypoint_follower]: far from local route: d=1721674.76, relocalize nearest_index 422 -> 422
[WARN] [1783599767.887892155] [waypoint_follower]: far from local route: d=1721674.76, relocalize nearest_index 422 -> 422
[WARN] [1783599767.937873766] [waypoint_follower]: far from local route: d=1721674.76, relocalize nearest_index 422 -> 422
[WARN] [1783599767.987995338] [waypoint_follower]: far from local route: d=1721674.76, relocalize nearest_index 422 -> 422
[WARN] [1783599768.038537050] [waypoint_follower]: far from local route: d=1721674.76, relocalize nearest_index 422 -> 422
[WARN] [1783599768.088034845] [waypoint_follower]: far from local route: d=1721674.76, relocalize nearest_index 422 -> 422
[WARN] [1783599768.138314585] [waypoint_follower]: far from local route: d=1721674.76, relocalize nearest_index 422 -> 422
[WARN] [1783599768.188219752] [waypoint_follower]: far from local route: d=1721674.76, relocalize nearest_index 422 -> 422
[WARN] [1783599768.243894371] [waypoint_follower]: far from local route: d=1721674.76, relocalize nearest_index 422 -> 422
[INFO] [1783599768.248167287] [waypoint_follower]: nearest=422, target=422, dist=1721674.76, alpha=-0.57, vx=0.12, yaw_rate=-0.45, dir=1
[WARN] [1783599768.289614778] [waypoint_follower]: far from local route: d=1721674.76, relocalize nearest_index 422 -> 422
[WARN] [1783599768.341092158] [waypoint_follower]: far from local route: d=1721674.76, relocalize nearest_index 422 -> 422
[WARN] [1783599768.392870931] [waypoint_follower]: far from local route: d=1721674.76, relocalize nearest_index 422 -> 422
[WARN] [1783599768.438545836] [waypoint_follower]: far from local route: d=1721674.76, relocalize nearest_index 422 -> 422
[WARN] [1783599768.488126666] [waypoint_follower]: far from local route: d=1721674.76, relocalize nearest_index 422 -> 422
[WARN] [1783599768.537801444] [waypoint_follower]: far from local route: d=1721674.76, relocalize nearest_index 422 -> 422
[WARN] [1783599768.587831469] [waypoint_follower]: far from local route: d=1721674.76, relocalize nearest_index 422 -> 422
[WARN] [1783599768.637817560] [waypoint_follower]: far from local route: d=1721674.76, relocalize nearest_index 422 -> 422
[WARN] [1783599768.692379112] [waypoint_follower]: far from local route: d=1721674.76, relocalize nearest_index 422 -> 422
[WARN] [1783599768.738051777] [waypoint_follower]: far from local route: d=1724475.45, relocalize nearest_index 422 -> 422
[WARN] [1783599768.787988238] [waypoint_follower]: far from local route: d=1724475.45, relocalize nearest_index 422 -> 422
[WARN] [1783599768.837973881] [waypoint_follower]: far from local route: d=1724475.45, relocalize nearest_index 422 -> 422
[WARN] [1783599768.888167866] [waypoint_follower]: far from local route: d=1724475.45, relocalize nearest_index 422 -> 422
[WARN] [1783599768.937906161] [waypoint_follower]: far from local route: d=1724475.45, relocalize nearest_index 422 -> 422
[WARN] [1783599768.988167726] [waypoint_follower]: far from local route: d=1724475.45, relocalize nearest_index 422 -> 422
[WARN] [1783599769.037937860] [waypoint_follower]: far from local route: d=1724475.45, relocalize nearest_index 422 -> 422
[WARN] [1783599769.088620397] [waypoint_follower]: far from local route: d=1724475.45, relocalize nearest_index 422 -> 422
[WARN] [1783599769.089797365] [waypoint_follower]: stuck recovery: nearest_index 422 -> 422
[WARN] [1783599769.138148462] [waypoint_follower]: far from local route: d=1724475.45, relocalize nearest_index 422 -> 422
[WARN] [1783599769.189152904] [waypoint_follower]: far from local route: d=1724475.45, relocalize nearest_index 422 -> 422
[WARN] [1783599769.237999082] [waypoint_follower]: far from local route: d=1724475.45, relocalize nearest_index 422 -> 422
[WARN] [1783599769.288604695] [waypoint_follower]: far from local route: d=1724475.45, relocalize nearest_index 422 -> 422
[INFO] [1783599769.289882874] [waypoint_follower]: nearest=422, target=422, dist=1724475.45, alpha=-0.55, vx=0.12, yaw_rate=-0.45, dir=1
[WARN] [1783599769.338176118] [waypoint_follower]: far from local route: d=1724475.45, relocalize nearest_index 422 -> 422
[WARN] [1783599769.388083876] [waypoint_follower]: far from local route: d=1724475.45, relocalize nearest_index 422 -> 422
[WARN] [1783599769.437962676] [waypoint_follower]: far from local route: d=1724475.45, relocalize nearest_index 422 -> 422
[WARN] [1783599769.487958527] [waypoint_follower]: far from local route: d=1724475.45, relocalize nearest_index 422 -> 422
[WARN] [1783599769.537939690] [waypoint_follower]: far from local route: d=1724475.45, relocalize nearest_index 422 -> 422
[WARN] [1783599769.588047727] [waypoint_follower]: far from local route: d=1724475.45, relocalize nearest_index 422 -> 422
[WARN] [1783599769.637834595] [waypoint_follower]: far from local route: d=1724475.45, relocalize nearest_index 422 -> 422
[WARN] [1783599769.687872236] [waypoint_follower]: far from local route: d=1724475.45, relocalize nearest_index 422 -> 422
[WARN] [1783599769.737878710] [waypoint_follower]: far from local route: d=1724475.45, relocalize nearest_index 422 -> 422
[WARN] [1783599769.787877024] [waypoint_follower]: far from local route: d=1724475.45, relocalize nearest_index 422 -> 422
[WARN] [1783599769.838418640] [waypoint_follower]: far from local route: d=1724475.45, relocalize nearest_index 422 -> 422
[WARN] [1783599769.888039629] [waypoint_follower]: far from local route: d=1724475.45, relocalize nearest_index 422 -> 422
[WARN] [1783599769.937853856] [waypoint_follower]: far from local route: d=1724475.45, relocalize nearest_index 422 -> 422
[WARN] [1783599769.988929655] [waypoint_follower]: far from local route: d=1724475.45, relocalize nearest_index 422 -> 422
[WARN] [1783599770.038252609] [waypoint_follower]: far from local route: d=1724475.45, relocalize nearest_index 422 -> 422
[WARN] [1783599770.088041366] [waypoint_follower]: far from local route: d=1724475.45, relocalize nearest_index 422 -> 422
[WARN] [1783599770.137942949] [waypoint_follower]: far from local route: d=1724475.45, relocalize nearest_index 422 -> 422
[WARN] [1783599770.188042218] [waypoint_follower]: far from local route: d=1724475.45, relocalize nearest_index 422 -> 422
[WARN] [1783599770.237861757] [waypoint_follower]: far from local route: d=1724475.45, relocalize nearest_index 422 -> 422
[WARN] [1783599770.288106011] [waypoint_follower]: far from local route: d=1724475.45, relocalize nearest_index 422 -> 422
[WARN] [1783599770.337883760] [waypoint_follower]: far from local route: d=1724475.45, relocalize nearest_index 422 -> 422
[INFO] [1783599770.338984156] [waypoint_follower]: nearest=422, target=422, dist=1724475.45, alpha=-0.55, vx=0.12, yaw_rate=-0.45, dir=1
[WARN] [1783599770.387985334] [waypoint_follower]: far from local route: d=1724475.45, relocalize nearest_index 422 -> 422
[WARN] [1783599770.438035965] [waypoint_follower]: far from local route: d=1735029.83, relocalize nearest_index 422 -> 422
[WARN] [1783599770.488226687] [waypoint_follower]: far from local route: d=1735029.83, relocalize nearest_index 422 -> 422
[WARN] [1783599770.538021555] [waypoint_follower]: far from local route: d=1735029.83, relocalize nearest_index 422 -> 422
[WARN] [1783599770.588686301] [waypoint_follower]: far from local route: d=1735029.83, relocalize nearest_index 422 -> 422
[WARN] [1783599770.637998696] [waypoint_follower]: far from local route: d=1735029.83, relocalize nearest_index 422 -> 422
[WARN] [1783599770.688035825] [waypoint_follower]: far from local route: d=1735029.83, relocalize nearest_index 422 -> 422
[WARN] [1783599770.739136582] [waypoint_follower]: far from local route: d=1735029.83, relocalize nearest_index 422 -> 422
[WARN] [1783599770.789139344] [waypoint_follower]: far from local route: d=1735029.83, relocalize nearest_index 422 -> 422
[WARN] [1783599770.840190632] [waypoint_follower]: far from local route: d=1735029.83, relocalize nearest_index 422 -> 422
[WARN] [1783599770.888488452] [waypoint_follower]: far from local route: d=1735029.83, relocalize nearest_index 422 -> 422
[WARN] [1783599770.938427473] [waypoint_follower]: far from local route: d=1735029.83, relocalize nearest_index 422 -> 422
[WARN] [1783599770.988810921] [waypoint_follower]: far from local route: d=1735029.83, relocalize nearest_index 422 -> 422
[WARN] [1783599771.037928669] [waypoint_follower]: far from local route: d=1735029.83, relocalize nearest_index 422 -> 422
[WARN] [1783599771.087891433] [waypoint_follower]: far from local route: d=1735029.83, relocalize nearest_index 422 -> 422
[WARN] [1783599771.137993295] [waypoint_follower]: far from local route: d=1735029.83, relocalize nearest_index 422 -> 422
[WARN] [1783599771.188000665] [waypoint_follower]: far from local route: d=1735029.83, relocalize nearest_index 422 -> 422
[WARN] [1783599771.238553512] [waypoint_follower]: far from local route: d=1735029.83, relocalize nearest_index 422 -> 422
[WARN] [1783599771.288039435] [waypoint_follower]: far from local route: d=1748398.59, relocalize nearest_index 422 -> 422
[WARN] [1783599771.338014679] [waypoint_follower]: far from local route: d=1748398.59, relocalize nearest_index 422 -> 422
[INFO] [1783599771.339149056] [waypoint_follower]: nearest=422, target=422, dist=1748398.59, alpha=-3.14, vx=0.00, yaw_rate=-0.45, dir=1
[WARN] [1783599771.388172473] [waypoint_follower]: far from local route: d=1748398.59, relocalize nearest_index 422 -> 422
[WARN] [1783599771.438222209] [waypoint_follower]: far from local route: d=1748398.59, relocalize nearest_index 422 -> 422
[WARN] [1783599771.491320151] [waypoint_follower]: far from local route: d=1748398.59, relocalize nearest_index 422 -> 422
[WARN] [1783599771.542952980] [waypoint_follower]: far from local route: d=1748398.59, relocalize nearest_index 422 -> 422
[WARN] [1783599771.592675883] [waypoint_follower]: far from local route: d=1748398.59, relocalize nearest_index 422 -> 422
[WARN] [1783599771.638945032] [waypoint_follower]: far from local route: d=1748398.59, relocalize nearest_index 422 -> 422
[WARN] [1783599771.688712221] [waypoint_follower]: far from local route: d=1748398.59, relocalize nearest_index 422 -> 422
[WARN] [1783599771.738809379] [waypoint_follower]: far from local route: d=1748398.59, relocalize nearest_index 422 -> 422
[WARN] [1783599771.788320932] [waypoint_follower]: far from local route: d=1748398.59, relocalize nearest_index 422 -> 422
[WARN] [1783599771.839007086] [waypoint_follower]: far from local route: d=1748398.59, relocalize nearest_index 422 -> 422
[WARN] [1783599771.888170144] [waypoint_follower]: far from local route: d=1748398.59, relocalize nearest_index 422 -> 422
[WARN] [1783599771.938029329] [waypoint_follower]: far from local route: d=1748398.59, relocalize nearest_index 422 -> 422
[WARN] [1783599771.988030779] [waypoint_follower]: far from local route: d=1748398.59, relocalize nearest_index 422 -> 422
[WARN] [1783599772.038500687] [waypoint_follower]: far from local route: d=1748398.59, relocalize nearest_index 422 -> 422
[WARN] [1783599772.088046191] [waypoint_follower]: far from local route: d=1748398.59, relocalize nearest_index 422 -> 422
[WARN] [1783599772.137905664] [waypoint_follower]: far from local route: d=1748398.59, relocalize nearest_index 422 -> 422
[WARN] [1783599772.139181667] [waypoint_follower]: stuck recovery: nearest_index 422 -> 422
[WARN] [1783599772.187936936] [waypoint_follower]: far from local route: d=1748398.59, relocalize nearest_index 422 -> 422
[WARN] [1783599772.237897012] [waypoint_follower]: far from local route: d=1748398.59, relocalize nearest_index 422 -> 422
[WARN] [1783599772.287913630] [waypoint_follower]: far from local route: d=1748398.59, relocalize nearest_index 422 -> 422
[WARN] [1783599772.337870442] [waypoint_follower]: far from local route: d=1748398.59, relocalize nearest_index 422 -> 422
[WARN] [1783599772.387863189] [waypoint_follower]: far from local route: d=1748398.59, relocalize nearest_index 422 -> 422
[INFO] [1783599772.388911715] [waypoint_follower]: nearest=422, target=422, dist=1748398.59, alpha=-3.14, vx=0.00, yaw_rate=-0.45, dir=1
[WARN] [1783599772.437902717] [waypoint_follower]: far from local route: d=1748398.59, relocalize nearest_index 422 -> 422
[WARN] [1783599772.487931462] [waypoint_follower]: far from local route: d=1748398.59, relocalize nearest_index 422 -> 422
[WARN] [1783599772.537887922] [waypoint_follower]: far from local route: d=1748398.59, relocalize nearest_index 422 -> 422
[WARN] [1783599772.588098482] [waypoint_follower]: far from local route: d=1748398.59, relocalize nearest_index 422 -> 422
[WARN] [1783599772.637889223] [waypoint_follower]: far from local route: d=1748398.59, relocalize nearest_index 422 -> 422
[WARN] [1783599772.687897553] [waypoint_follower]: far from local route: d=1755442.56, relocalize nearest_index 422 -> 422
[WARN] [1783599772.737840894] [waypoint_follower]: far from local route: d=1755442.56, relocalize nearest_index 422 -> 422
[WARN] [1783599772.788181303] [waypoint_follower]: far from local route: d=1755442.56, relocalize nearest_index 422 -> 422
[WARN] [1783599772.837962540] [waypoint_follower]: far from local route: d=1755442.56, relocalize nearest_index 422 -> 422
[WARN] [1783599772.888455487] [waypoint_follower]: far from local route: d=1755442.56, relocalize nearest_index 422 -> 422
[WARN] [1783599772.938095002] [waypoint_follower]: far from local route: d=1755442.56, relocalize nearest_index 422 -> 422
[WARN] [1783599772.988962619] [waypoint_follower]: far from local route: d=1755442.56, relocalize nearest_index 422 -> 422
[WARN] [1783599773.038179339] [waypoint_follower]: far from local route: d=1755442.56, relocalize nearest_index 422 -> 422
[WARN] [1783599773.088774617] [waypoint_follower]: far from local route: d=1755442.56, relocalize nearest_index 422 -> 422
[WARN] [1783599773.138541966] [waypoint_follower]: far from local route: d=1755442.56, relocalize nearest_index 422 -> 422
[WARN] [1783599773.188575190] [waypoint_follower]: far from local route: d=1763887.89, relocalize nearest_index 422 -> 422
[WARN] [1783599773.238005340] [waypoint_follower]: far from local route: d=1763887.89, relocalize nearest_index 422 -> 422
[WARN] [1783599773.287924266] [waypoint_follower]: far from local route: d=1763887.89, relocalize nearest_index 422 -> 422
[WARN] [1783599773.337860503] [waypoint_follower]: far from local route: d=1763887.89, relocalize nearest_index 422 -> 422
[WARN] [1783599773.388401160] [waypoint_follower]: far from local route: d=1763887.89, relocalize nearest_index 422 -> 422
[INFO] [1783599773.389526290] [waypoint_follower]: nearest=422, target=422, dist=1763887.89, alpha=-2.50, vx=0.00, yaw_rate=-0.45, dir=1
[WARN] [1783599773.438010309] [waypoint_follower]: far from local route: d=1763887.89, relocalize nearest_index 422 -> 422
[WARN] [1783599773.487908404] [waypoint_follower]: far from local route: d=1763887.89, relocalize nearest_index 422 -> 422
[WARN] [1783599773.537853153] [waypoint_follower]: far from local route: d=1763887.89, relocalize nearest_index 422 -> 422
[WARN] [1783599773.588109055] [waypoint_follower]: far from local route: d=1763887.89, relocalize nearest_index 422 -> 422
[WARN] [1783599773.637990255] [waypoint_follower]: far from local route: d=1763887.89, relocalize nearest_index 422 -> 422
[WARN] [1783599773.688155921] [waypoint_follower]: far from local route: d=1763887.89, relocalize nearest_index 422 -> 422
[WARN] [1783599773.737883176] [waypoint_follower]: far from local route: d=1763887.89, relocalize nearest_index 422 -> 422
[WARN] [1783599773.788360380] [waypoint_follower]: far from local route: d=1763887.89, relocalize nearest_index 422 -> 422
[WARN] [1783599773.837962617] [waypoint_follower]: far from local route: d=1763887.89, relocalize nearest_index 422 -> 422
[WARN] [1783599773.888061374] [waypoint_follower]: far from local route: d=1763887.89, relocalize nearest_index 422 -> 422
[WARN] [1783599773.938685899] [waypoint_follower]: far from local route: d=1763887.89, relocalize nearest_index 422 -> 422
[WARN] [1783599773.988224395] [waypoint_follower]: far from local route: d=1763887.89, relocalize nearest_index 422 -> 422
[WARN] [1783599774.038202646] [waypoint_follower]: far from local route: d=1763887.89, relocalize nearest_index 422 -> 422
[WARN] [1783599774.088880192] [waypoint_follower]: far from local route: d=1763887.89, relocalize nearest_index 422 -> 422
[WARN] [1783599774.137942359] [waypoint_follower]: far from local route: d=1763887.89, relocalize nearest_index 422 -> 422
[WARN] [1783599774.188003230] [waypoint_follower]: far from local route: d=1763887.89, relocalize nearest_index 422 -> 422
[WARN] [1783599774.237831185] [waypoint_follower]: far from local route: d=1763887.89, relocalize nearest_index 422 -> 422
[WARN] [1783599774.287929590] [waypoint_follower]: far from local route: d=1763887.89, relocalize nearest_index 422 -> 422
[WARN] [1783599774.337895458] [waypoint_follower]: far from local route: d=1763887.89, relocalize nearest_index 422 -> 422
[WARN] [1783599774.387844495] [waypoint_follower]: far from local route: d=1763887.89, relocalize nearest_index 422 -> 422
[WARN] [1783599774.438008305] [waypoint_follower]: far from local route: d=1763887.89, relocalize nearest_index 422 -> 422
[INFO] [1783599774.441434414] [waypoint_follower]: nearest=422, target=422, dist=1763887.89, alpha=-2.50, vx=0.00, yaw_rate=-0.45, dir=1
[WARN] [1783599774.488387050] [waypoint_follower]: far from local route: d=1763887.89, relocalize nearest_index 422 -> 422
[WARN] [1783599774.537785361] [waypoint_follower]: far from local route: d=1763887.89, relocalize nearest_index 422 -> 422
[WARN] [1783599774.587823961] [waypoint_follower]: far from local route: d=1774455.82, relocalize nearest_index 422 -> 422
[WARN] [1783599774.637850754] [waypoint_follower]: far from local route: d=1774455.82, relocalize nearest_index 422 -> 422
[WARN] [1783599774.688082721] [waypoint_follower]: far from local route: d=1774455.82, relocalize nearest_index 422 -> 422
[WARN] [1783599774.737847574] [waypoint_follower]: far from local route: d=1774455.82, relocalize nearest_index 422 -> 422
[WARN] [1783599774.788001337] [waypoint_follower]: far from local route: d=1774455.82, relocalize nearest_index 422 -> 422
[WARN] [1783599774.839317765] [waypoint_follower]: far from local route: d=1774455.82, relocalize nearest_index 422 -> 422
[WARN] [1783599774.888530133] [waypoint_follower]: far from local route: d=1774455.82, relocalize nearest_index 422 -> 422
[WARN] [1783599774.938256460] [waypoint_follower]: far from local route: d=1774455.82, relocalize nearest_index 422 -> 422
[WARN] [1783599774.989069615] [waypoint_follower]: far from local route: d=1774455.82, relocalize nearest_index 422 -> 422
[WARN] [1783599775.037867987] [waypoint_follower]: far from local route: d=1774455.82, relocalize nearest_index 422 -> 422
[WARN] [1783599775.087872765] [waypoint_follower]: far from local route: d=1774455.82, relocalize nearest_index 422 -> 422
[WARN] [1783599775.137827305] [waypoint_follower]: far from local route: d=1774455.82, relocalize nearest_index 422 -> 422
[WARN] [1783599775.187909200] [waypoint_follower]: far from local route: d=1774455.82, relocalize nearest_index 422 -> 422
[WARN] [1783599775.192087336] [waypoint_follower]: stuck recovery: nearest_index 422 -> 422
[WARN] [1783599775.237804639] [waypoint_follower]: far from local route: d=1774455.82, relocalize nearest_index 422 -> 422
[WARN] [1783599775.287924675] [waypoint_follower]: far from local route: d=1774455.82, relocalize nearest_index 422 -> 422
[WARN] [1783599775.337847857] [waypoint_follower]: far from local route: d=1774455.82, relocalize nearest_index 422 -> 422
[WARN] [1783599775.387899001] [waypoint_follower]: far from local route: d=1780802.65, relocalize nearest_index 422 -> 422
[WARN] [1783599775.437828647] [waypoint_follower]: far from local route: d=1780802.65, relocalize nearest_index 422 -> 422
[WARN] [1783599775.488681608] [waypoint_follower]: far from local route: d=1780802.65, relocalize nearest_index 422 -> 422
[INFO] [1783599775.498178530] [waypoint_follower]: nearest=422, target=422, dist=1780802.65, alpha=-1.02, vx=0.00, yaw_rate=-0.45, dir=1
[WARN] [1783599775.540100942] [waypoint_follower]: far from local route: d=1780802.65, relocalize nearest_index 422 -> 422
[WARN] [1783599775.589371068] [waypoint_follower]: far from local route: d=1780799.78, relocalize nearest_index 422 -> 422
[WARN] [1783599775.638020614] [waypoint_follower]: far from local route: d=1780799.78, relocalize nearest_index 422 -> 422
[WARN] [1783599775.687939892] [waypoint_follower]: far from local route: d=1780799.78, relocalize nearest_index 422 -> 422
[WARN] [1783599775.737964446] [waypoint_follower]: far from local route: d=1780799.78, relocalize nearest_index 422 -> 422
[WARN] [1783599775.789665782] [waypoint_follower]: far from local route: d=1780799.78, relocalize nearest_index 422 -> 422
[WARN] [1783599775.838932132] [waypoint_follower]: far from local route: d=1780799.78, relocalize nearest_index 422 -> 422
[WARN] [1783599775.889180738] [waypoint_follower]: far from local route: d=1780799.78, relocalize nearest_index 422 -> 422
[WARN] [1783599775.940127423] [waypoint_follower]: far from local route: d=1780799.78, relocalize nearest_index 422 -> 422
[WARN] [1783599775.988417051] [waypoint_follower]: far from local route: d=1780799.78, relocalize nearest_index 422 -> 422
[WARN] [1783599776.037912893] [waypoint_follower]: far from local route: d=1780799.78, relocalize nearest_index 422 -> 422
[WARN] [1783599776.087982948] [waypoint_follower]: far from local route: d=1780799.78, relocalize nearest_index 422 -> 422
[WARN] [1783599776.138035724] [waypoint_follower]: far from local route: d=1780799.78, relocalize nearest_index 422 -> 422
[WARN] [1783599776.188428771] [waypoint_follower]: far from local route: d=1780799.78, relocalize nearest_index 422 -> 422
[WARN] [1783599776.239923910] [waypoint_follower]: far from local route: d=1780799.78, relocalize nearest_index 422 -> 422
[WARN] [1783599776.289551074] [waypoint_follower]: far from local route: d=1780799.78, relocalize nearest_index 422 -> 422
[WARN] [1783599776.337575851] [waypoint_follower]: far from local route: d=1780799.78, relocalize nearest_index 422 -> 422
[WARN] [1783599776.387817834] [waypoint_follower]: far from local route: d=1780799.78, relocalize nearest_index 422 -> 422
[WARN] [1783599776.442511827] [waypoint_follower]: far from local route: d=1790633.35, relocalize nearest_index 422 -> 422
[WARN] [1783599776.488612728] [waypoint_follower]: far from local route: d=1791335.88, relocalize nearest_index 422 -> 422
[WARN] [1783599776.538468457] [waypoint_follower]: far from local route: d=1791335.88, relocalize nearest_index 422 -> 422
[INFO] [1783599776.540593796] [waypoint_follower]: nearest=422, target=422, dist=1791335.88, alpha=-0.87, vx=0.12, yaw_rate=-0.45, dir=1
[WARN] [1783599776.592178050] [waypoint_follower]: far from local route: d=1791335.88, relocalize nearest_index 422 -> 422
[WARN] [1783599776.637798558] [waypoint_follower]: far from local route: d=1791335.88, relocalize nearest_index 422 -> 422
[WARN] [1783599776.688074555] [waypoint_follower]: far from local route: d=1791335.88, relocalize nearest_index 422 -> 422
[WARN] [1783599776.737855599] [waypoint_follower]: far from local route: d=1791335.88, relocalize nearest_index 422 -> 422
[WARN] [1783599776.793090015] [waypoint_follower]: far from local route: d=1791335.88, relocalize nearest_index 422 -> 422
[WARN] [1783599776.843836518] [waypoint_follower]: far from local route: d=1791335.88, relocalize nearest_index 422 -> 422
[WARN] [1783599776.889297481] [waypoint_follower]: far from local route: d=1791335.88, relocalize nearest_index 422 -> 422
[WARN] [1783599776.937989874] [waypoint_follower]: far from local route: d=1791335.88, relocalize nearest_index 422 -> 422
[WARN] [1783599776.988305869] [waypoint_follower]: far from local route: d=1791336.16, relocalize nearest_index 422 -> 422
[WARN] [1783599777.037812943] [waypoint_follower]: far from local route: d=1791336.16, relocalize nearest_index 422 -> 422
[WARN] [1783599777.088319777] [waypoint_follower]: far from local route: d=1791336.16, relocalize nearest_index 422 -> 422
[WARN] [1783599777.138488419] [waypoint_follower]: far from local route: d=1791336.16, relocalize nearest_index 422 -> 422
[WARN] [1783599777.187863371] [waypoint_follower]: far from local route: d=1791336.16, relocalize nearest_index 422 -> 422
[WARN] [1783599777.237851862] [waypoint_follower]: far from local route: d=1793443.72, relocalize nearest_index 422 -> 422
[WARN] [1783599777.288229070] [waypoint_follower]: far from local route: d=1793443.72, relocalize nearest_index 422 -> 422
[WARN] [1783599777.337872329] [waypoint_follower]: far from local route: d=1793443.72, relocalize nearest_index 422 -> 422
[WARN] [1783599777.388323582] [waypoint_follower]: far from local route: d=1794147.18, relocalize nearest_index 422 -> 422
[WARN] [1783599777.437863262] [waypoint_follower]: far from local route: d=1794147.18, relocalize nearest_index 422 -> 422
[WARN] [1783599777.488155803] [waypoint_follower]: far from local route: d=1794147.18, relocalize nearest_index 422 -> 422
[WARN] [1783599777.537810389] [waypoint_follower]: far from local route: d=1794147.18, relocalize nearest_index 422 -> 422
[WARN] [1783599777.587869597] [waypoint_follower]: far from local route: d=1795555.85, relocalize nearest_index 422 -> 422
[INFO] [1783599777.588901899] [waypoint_follower]: nearest=422, target=422, dist=1795555.85, alpha=-0.78, vx=0.12, yaw_rate=-0.45, dir=1
[WARN] [1783599777.637811722] [waypoint_follower]: far from local route: d=1795555.85, relocalize nearest_index 422 -> 422
[WARN] [1783599777.688001003] [waypoint_follower]: far from local route: d=1795555.85, relocalize nearest_index 422 -> 422
[WARN] [1783599777.737867355] [waypoint_follower]: far from local route: d=1795555.85, relocalize nearest_index 422 -> 422
[WARN] [1783599777.788528230] [waypoint_follower]: far from local route: d=1795555.85, relocalize nearest_index 422 -> 422
[WARN] [1783599777.837868752] [waypoint_follower]: far from local route: d=1795555.85, relocalize nearest_index 422 -> 422
[WARN] [1783599777.888344739] [waypoint_follower]: far from local route: d=1795555.85, relocalize nearest_index 422 -> 422
[WARN] [1783599777.937875332] [waypoint_follower]: far from local route: d=1795555.85, relocalize nearest_index 422 -> 422
[WARN] [1783599777.988246749] [waypoint_follower]: far from local route: d=1795555.85, relocalize nearest_index 422 -> 422
[WARN] [1783599778.038034033] [waypoint_follower]: far from local route: d=1795555.85, relocalize nearest_index 422 -> 422
[WARN] [1783599778.088085753] [waypoint_follower]: far from local route: d=1795555.85, relocalize nearest_index 422 -> 422
[WARN] [1783599778.138055364] [waypoint_follower]: far from local route: d=1795555.85, relocalize nearest_index 422 -> 422
[WARN] [1783599778.188079181] [waypoint_follower]: far from local route: d=1795555.85, relocalize nearest_index 422 -> 422
[WARN] [1783599778.238056985] [waypoint_follower]: far from local route: d=1795555.85, relocalize nearest_index 422 -> 422
[WARN] [1783599778.239204674] [waypoint_follower]: stuck recovery: nearest_index 422 -> 422
[WARN] [1783599778.287982855] [waypoint_follower]: far from local route: d=1795555.85, relocalize nearest_index 422 -> 422
[WARN] [1783599778.337912340] [waypoint_follower]: far from local route: d=1795555.85, relocalize nearest_index 422 -> 422
[WARN] [1783599778.387900639] [waypoint_follower]: far from local route: d=1795555.85, relocalize nearest_index 422 -> 422
[WARN] [1783599778.437994981] [waypoint_follower]: far from local route: d=1795555.85, relocalize nearest_index 422 -> 422
[WARN] [1783599778.488374301] [waypoint_follower]: far from local route: d=1797671.73, relocalize nearest_index 422 -> 422
[WARN] [1783599778.537878687] [waypoint_follower]: far from local route: d=1797671.73, relocalize nearest_index 422 -> 422
[WARN] [1783599778.588029186] [waypoint_follower]: far from local route: d=1797671.73, relocalize nearest_index 422 -> 422
[INFO] [1783599778.589131661] [waypoint_follower]: nearest=422, target=422, dist=1797671.73, alpha=-0.92, vx=0.12, yaw_rate=-0.45, dir=1
[WARN] [1783599778.638076682] [waypoint_follower]: far from local route: d=1797671.73, relocalize nearest_index 422 -> 422
[WARN] [1783599778.688239820] [waypoint_follower]: far from local route: d=1797671.73, relocalize nearest_index 422 -> 422
[WARN] [1783599778.738612677] [waypoint_follower]: far from local route: d=1797671.73, relocalize nearest_index 422 -> 422
[WARN] [1783599778.788322077] [waypoint_follower]: far from local route: d=1797671.73, relocalize nearest_index 422 -> 422
[WARN] [1783599778.838503806] [waypoint_follower]: far from local route: d=1797671.73, relocalize nearest_index 422 -> 422
[WARN] [1783599778.887837064] [waypoint_follower]: far from local route: d=1797671.73, relocalize nearest_index 422 -> 422
[WARN] [1783599778.937826739] [waypoint_follower]: far from local route: d=1797671.73, relocalize nearest_index 422 -> 422
[WARN] [1783599778.987992853] [waypoint_follower]: far from local route: d=1804703.99, relocalize nearest_index 422 -> 422
[WARN] [1783599779.039098187] [waypoint_follower]: far from local route: d=1804703.99, relocalize nearest_index 422 -> 422
[WARN] [1783599779.088583598] [waypoint_follower]: far from local route: d=1804703.99, relocalize nearest_index 422 -> 422
[WARN] [1783599779.138431295] [waypoint_follower]: far from local route: d=1804703.99, relocalize nearest_index 422 -> 422
[WARN] [1783599779.187883043] [waypoint_follower]: far from local route: d=1804703.99, relocalize nearest_index 422 -> 422
[WARN] [1783599779.237820625] [waypoint_follower]: far from local route: d=1804703.99, relocalize nearest_index 422 -> 422
[WARN] [1783599779.287841114] [waypoint_follower]: far from local route: d=1804703.99, relocalize nearest_index 422 -> 422
[WARN] [1783599779.337831173] [waypoint_follower]: far from local route: d=1804703.99, relocalize nearest_index 422 -> 422
[WARN] [1783599779.387895116] [waypoint_follower]: far from local route: d=1804703.99, relocalize nearest_index 422 -> 422
[WARN] [1783599779.437859608] [waypoint_follower]: far from local route: d=1804703.99, relocalize nearest_index 422 -> 422
[WARN] [1783599779.487887137] [waypoint_follower]: far from local route: d=1804703.99, relocalize nearest_index 422 -> 422
[WARN] [1783599779.537831470] [waypoint_follower]: far from local route: d=1804703.99, relocalize nearest_index 422 -> 422
[WARN] [1783599779.588021327] [waypoint_follower]: far from local route: d=1806814.81, relocalize nearest_index 422 -> 422
[WARN] [1783599779.637905822] [waypoint_follower]: far from local route: d=1806814.81, relocalize nearest_index 422 -> 422
[INFO] [1783599779.639079174] [waypoint_follower]: nearest=422, target=422, dist=1806814.81, alpha=3.03, vx=0.00, yaw_rate=0.45, dir=1
[WARN] [1783599779.688154493] [waypoint_follower]: far from local route: d=1806814.81, relocalize nearest_index 422 -> 422
[WARN] [1783599779.737928914] [waypoint_follower]: far from local route: d=1806814.81, relocalize nearest_index 422 -> 422
[WARN] [1783599779.788031799] [waypoint_follower]: far from local route: d=1806814.81, relocalize nearest_index 422 -> 422
[WARN] [1783599779.837847018] [waypoint_follower]: far from local route: d=1806814.81, relocalize nearest_index 422 -> 422
[WARN] [1783599779.887846036] [waypoint_follower]: far from local route: d=1806814.81, relocalize nearest_index 422 -> 422
[WARN] [1783599779.946369831] [waypoint_follower]: far from local route: d=1806814.81, relocalize nearest_index 422 -> 422
[WARN] [1783599779.988095421] [waypoint_follower]: far from local route: d=1806814.81, relocalize nearest_index 422 -> 422
[WARN] [1783599780.049169046] [waypoint_follower]: far from local route: d=1806814.81, relocalize nearest_index 422 -> 422
[WARN] [1783599780.088122480] [waypoint_follower]: far from local route: d=1806814.81, relocalize nearest_index 422 -> 422
[WARN] [1783599780.137848680] [waypoint_follower]: far from local route: d=1806814.81, relocalize nearest_index 422 -> 422
[WARN] [1783599780.191075992] [waypoint_follower]: far from local route: d=1810323.32, relocalize nearest_index 422 -> 422
[WARN] [1783599780.238079601] [waypoint_follower]: far from local route: d=1810323.32, relocalize nearest_index 422 -> 422
[WARN] [1783599780.288527782] [waypoint_follower]: far from local route: d=1810323.32, relocalize nearest_index 422 -> 422
[WARN] [1783599780.337995273] [waypoint_follower]: far from local route: d=1810323.32, relocalize nearest_index 422 -> 422
[WARN] [1783599780.388077232] [waypoint_follower]: far from local route: d=1810323.32, relocalize nearest_index 422 -> 422
[WARN] [1783599780.438329742] [waypoint_follower]: far from local route: d=1810323.32, relocalize nearest_index 422 -> 422
[WARN] [1783599780.488390517] [waypoint_follower]: far from local route: d=1810323.32, relocalize nearest_index 422 -> 422
[WARN] [1783599780.538122284] [waypoint_follower]: far from local route: d=1810323.32, relocalize nearest_index 422 -> 422
[WARN] [1783599780.588195763] [waypoint_follower]: far from local route: d=1810323.32, relocalize nearest_index 422 -> 422
[WARN] [1783599780.638702693] [waypoint_follower]: far from local route: d=1810323.32, relocalize nearest_index 422 -> 422
[INFO] [1783599780.642185151] [waypoint_follower]: nearest=422, target=422, dist=1810323.32, alpha=3.09, vx=0.00, yaw_rate=0.45, dir=1
[WARN] [1783599780.688554870] [waypoint_follower]: far from local route: d=1810323.32, relocalize nearest_index 422 -> 422
[WARN] [1783599780.738121461] [waypoint_follower]: far from local route: d=1810323.32, relocalize nearest_index 422 -> 422
[WARN] [1783599780.788072226] [waypoint_follower]: far from local route: d=1810323.32, relocalize nearest_index 422 -> 422
[WARN] [1783599780.838684751] [waypoint_follower]: far from local route: d=1810323.32, relocalize nearest_index 422 -> 422
[WARN] [1783599780.888144723] [waypoint_follower]: far from local route: d=1810323.32, relocalize nearest_index 422 -> 422
[WARN] [1783599780.938074144] [waypoint_follower]: far from local route: d=1810323.32, relocalize nearest_index 422 -> 422
[WARN] [1783599780.988284897] [waypoint_follower]: far from local route: d=1810323.32, relocalize nearest_index 422 -> 422
[WARN] [1783599781.038005336] [waypoint_follower]: far from local route: d=1810323.32, relocalize nearest_index 422 -> 422
[WARN] [1783599781.087891016] [waypoint_follower]: far from local route: d=1810323.32, relocalize nearest_index 422 -> 422
[WARN] [1783599781.137841557] [waypoint_follower]: far from local route: d=1810323.32, relocalize nearest_index 422 -> 422
[WARN] [1783599781.187929627] [waypoint_follower]: far from local route: d=1810323.32, relocalize nearest_index 422 -> 422
[WARN] [1783599781.237806443] [waypoint_follower]: far from local route: d=1810323.32, relocalize nearest_index 422 -> 422
[WARN] [1783599781.287935663] [waypoint_follower]: far from local route: d=1810323.32, relocalize nearest_index 422 -> 422
[WARN] [1783599781.290245344] [waypoint_follower]: stuck recovery: nearest_index 422 -> 422
[WARN] [1783599781.337867996] [waypoint_follower]: far from local route: d=1810323.32, relocalize nearest_index 422 -> 422
[WARN] [1783599781.387882502] [waypoint_follower]: far from local route: d=1814553.67, relocalize nearest_index 422 -> 422
[WARN] [1783599781.437858577] [waypoint_follower]: far from local route: d=1814553.67, relocalize nearest_index 422 -> 422
[WARN] [1783599781.488904489] [waypoint_follower]: far from local route: d=1814553.67, relocalize nearest_index 422 -> 422
[WARN] [1783599781.538322735] [waypoint_follower]: far from local route: d=1814553.67, relocalize nearest_index 422 -> 422
[WARN] [1783599781.589415237] [waypoint_follower]: far from local route: d=1814553.67, relocalize nearest_index 422 -> 422
[WARN] [1783599781.640906824] [waypoint_follower]: far from local route: d=1814553.67, relocalize nearest_index 422 -> 422
[INFO] [1783599781.643191643] [waypoint_follower]: nearest=422, target=422, dist=1814553.67, alpha=-3.09, vx=0.00, yaw_rate=-0.45, dir=1
[WARN] [1783599781.688003773] [waypoint_follower]: far from local route: d=1814553.67, relocalize nearest_index 422 -> 422
[WARN] [1783599781.737806673] [waypoint_follower]: far from local route: d=1814553.67, relocalize nearest_index 422 -> 422
[WARN] [1783599781.788162122] [waypoint_follower]: far from local route: d=1814553.67, relocalize nearest_index 422 -> 422
[WARN] [1783599781.837898881] [waypoint_follower]: far from local route: d=1814553.67, relocalize nearest_index 422 -> 422
[WARN] [1783599781.887917994] [waypoint_follower]: far from local route: d=1814553.67, relocalize nearest_index 422 -> 422
[WARN] [1783599781.937902677] [waypoint_follower]: far from local route: d=1814553.67, relocalize nearest_index 422 -> 422
[WARN] [1783599781.987995643] [waypoint_follower]: far from local route: d=1814553.67, relocalize nearest_index 422 -> 422
[WARN] [1783599782.037786895] [waypoint_follower]: far from local route: d=1814553.67, relocalize nearest_index 422 -> 422
[WARN] [1783599782.087864374] [waypoint_follower]: far from local route: d=1823695.96, relocalize nearest_index 422 -> 422
[WARN] [1783599782.138011129] [waypoint_follower]: far from local route: d=1823695.96, relocalize nearest_index 422 -> 422
[WARN] [1783599782.187983301] [waypoint_follower]: far from local route: d=1823695.96, relocalize nearest_index 422 -> 422
[WARN] [1783599782.238014317] [waypoint_follower]: far from local route: d=1823695.96, relocalize nearest_index 422 -> 422
[WARN] [1783599782.290201039] [waypoint_follower]: far from local route: d=1823695.96, relocalize nearest_index 422 -> 422
[WARN] [1783599782.338049088] [waypoint_follower]: far from local route: d=1823695.96, relocalize nearest_index 422 -> 422
[WARN] [1783599782.387962319] [waypoint_follower]: far from local route: d=1823695.96, relocalize nearest_index 422 -> 422
[WARN] [1783599782.438004887] [waypoint_follower]: far from local route: d=1823695.96, relocalize nearest_index 422 -> 422
[WARN] [1783599782.488317266] [waypoint_follower]: far from local route: d=1823695.96, relocalize nearest_index 422 -> 422
[WARN] [1783599782.538354938] [waypoint_follower]: far from local route: d=1823695.96, relocalize nearest_index 422 -> 422
[WARN] [1783599782.588437409] [waypoint_follower]: far from local route: d=1823695.96, relocalize nearest_index 422 -> 422
[WARN] [1783599782.638392493] [waypoint_follower]: far from local route: d=1823695.96, relocalize nearest_index 422 -> 422
[WARN] [1783599782.687960012] [waypoint_follower]: far from local route: d=1823695.96, relocalize nearest_index 422 -> 422
[INFO] [1783599782.689005562] [waypoint_follower]: nearest=422, target=422, dist=1823695.96, alpha=-2.26, vx=0.00, yaw_rate=-0.45, dir=1
[WARN] [1783599782.737977141] [waypoint_follower]: far from local route: d=1823695.96, relocalize nearest_index 422 -> 422
[WARN] [1783599782.787989439] [waypoint_follower]: far from local route: d=1823695.96, relocalize nearest_index 422 -> 422
[WARN] [1783599782.837803634] [waypoint_follower]: far from local route: d=1823695.96, relocalize nearest_index 422 -> 422
[WARN] [1783599782.888076047] [waypoint_follower]: far from local route: d=1823695.96, relocalize nearest_index 422 -> 422
[WARN] [1783599782.937942112] [waypoint_follower]: far from local route: d=1823695.96, relocalize nearest_index 422 -> 422
[WARN] [1783599782.988304537] [waypoint_follower]: far from local route: d=1823695.96, relocalize nearest_index 422 -> 422
[WARN] [1783599783.038363264] [waypoint_follower]: far from local route: d=1823695.96, relocalize nearest_index 422 -> 422
[WARN] [1783599783.087883074] [waypoint_follower]: far from local route: d=1823695.96, relocalize nearest_index 422 -> 422
[WARN] [1783599783.137851789] [waypoint_follower]: far from local route: d=1823695.96, relocalize nearest_index 422 -> 422
[WARN] [1783599783.188252388] [waypoint_follower]: far from local route: d=1832149.83, relocalize nearest_index 422 -> 422
[WARN] [1783599783.238057272] [waypoint_follower]: far from local route: d=1832149.83, relocalize nearest_index 422 -> 422
[WARN] [1783599783.287883371] [waypoint_follower]: far from local route: d=1832149.83, relocalize nearest_index 422 -> 422
[WARN] [1783599783.337853462] [waypoint_follower]: far from local route: d=1832857.05, relocalize nearest_index 422 -> 422
[WARN] [1783599783.388121556] [waypoint_follower]: far from local route: d=1832857.05, relocalize nearest_index 422 -> 422
[WARN] [1783599783.438068640] [waypoint_follower]: far from local route: d=1832857.05, relocalize nearest_index 422 -> 422
[WARN] [1783599783.488024045] [waypoint_follower]: far from local route: d=1832857.05, relocalize nearest_index 422 -> 422
[WARN] [1783599783.537865215] [waypoint_follower]: far from local route: d=1832857.05, relocalize nearest_index 422 -> 422
[WARN] [1783599783.587994787] [waypoint_follower]: far from local route: d=1832857.05, relocalize nearest_index 422 -> 422
[WARN] [1783599783.637972750] [waypoint_follower]: far from local route: d=1832857.05, relocalize nearest_index 422 -> 422
[WARN] [1783599783.688132016] [waypoint_follower]: far from local route: d=1832857.05, relocalize nearest_index 422 -> 422
[INFO] [1783599783.689188798] [waypoint_follower]: nearest=422, target=422, dist=1832857.05, alpha=-1.31, vx=0.00, yaw_rate=-0.45, dir=1
[WARN] [1783599783.737816298] [waypoint_follower]: far from local route: d=1832857.05, relocalize nearest_index 422 -> 422
[WARN] [1783599783.787763575] [waypoint_follower]: far from local route: d=1836376.09, relocalize nearest_index 422 -> 422
[WARN] [1783599783.841752610] [waypoint_follower]: far from local route: d=1836376.09, relocalize nearest_index 422 -> 422
[WARN] [1783599783.887888293] [waypoint_follower]: far from local route: d=1836376.09, relocalize nearest_index 422 -> 422
[WARN] [1783599783.937581086] [waypoint_follower]: far from local route: d=1836376.09, relocalize nearest_index 422 -> 422
[WARN] [1783599783.988114927] [waypoint_follower]: far from local route: d=1836376.09, relocalize nearest_index 422 -> 422
[WARN] [1783599784.038621345] [waypoint_follower]: far from local route: d=1836376.09, relocalize nearest_index 422 -> 422
[WARN] [1783599784.088430932] [waypoint_follower]: far from local route: d=1836376.09, relocalize nearest_index 422 -> 422
[WARN] [1783599784.156516638] [waypoint_follower]: far from local route: d=1836376.09, relocalize nearest_index 422 -> 422
[WARN] [1783599784.194264882] [waypoint_follower]: far from local route: d=1836376.09, relocalize nearest_index 422 -> 422
[WARN] [1783599784.251053591] [waypoint_follower]: far from local route: d=1836376.09, relocalize nearest_index 422 -> 422
[WARN] [1783599784.290146891] [waypoint_follower]: far from local route: d=1836376.09, relocalize nearest_index 422 -> 422
[WARN] [1783599784.293269782] [waypoint_follower]: stuck recovery: nearest_index 422 -> 422
[WARN] [1783599784.344913009] [waypoint_follower]: far from local route: d=1836376.09, relocalize nearest_index 422 -> 422
[WARN] [1783599784.392752515] [waypoint_follower]: far from local route: d=1836376.09, relocalize nearest_index 422 -> 422
[WARN] [1783599784.442898278] [waypoint_follower]: far from local route: d=1836376.09, relocalize nearest_index 422 -> 422
[WARN] [1783599784.487852034] [waypoint_follower]: far from local route: d=1836376.09, relocalize nearest_index 422 -> 422
[WARN] [1783599784.538235833] [waypoint_follower]: far from local route: d=1841303.59, relocalize nearest_index 422 -> 422
[WARN] [1783599784.587905012] [waypoint_follower]: far from local route: d=1841303.59, relocalize nearest_index 422 -> 422
[WARN] [1783599784.637808258] [waypoint_follower]: far from local route: d=1841303.59, relocalize nearest_index 422 -> 422
[WARN] [1783599784.688102143] [waypoint_follower]: far from local route: d=1841303.59, relocalize nearest_index 422 -> 422
[WARN] [1783599784.737900370] [waypoint_follower]: far from local route: d=1841303.59, relocalize nearest_index 422 -> 422
[INFO] [1783599784.738994942] [waypoint_follower]: nearest=422, target=422, dist=1841303.59, alpha=-0.98, vx=0.12, yaw_rate=-0.45, dir=1
[WARN] [1783599784.788042998] [waypoint_follower]: far from local route: d=1841303.59, relocalize nearest_index 422 -> 422
[WARN] [1783599784.837917958] [waypoint_follower]: far from local route: d=1841303.59, relocalize nearest_index 422 -> 422
[WARN] [1783599784.888076073] [waypoint_follower]: far from local route: d=1841303.59, relocalize nearest_index 422 -> 422
[WARN] [1783599784.937911931] [waypoint_follower]: far from local route: d=1841303.59, relocalize nearest_index 422 -> 422
[WARN] [1783599784.988351056] [waypoint_follower]: far from local route: d=1841303.59, relocalize nearest_index 422 -> 422
[WARN] [1783599785.038596783] [waypoint_follower]: far from local route: d=1841303.59, relocalize nearest_index 422 -> 422
[WARN] [1783599785.088373411] [waypoint_follower]: far from local route: d=1841303.59, relocalize nearest_index 422 -> 422
[WARN] [1783599785.138341103] [waypoint_follower]: far from local route: d=1841303.59, relocalize nearest_index 422 -> 422
[WARN] [1783599785.188613900] [waypoint_follower]: far from local route: d=1841303.59, relocalize nearest_index 422 -> 422
[WARN] [1783599785.237903449] [waypoint_follower]: far from local route: d=1841303.59, relocalize nearest_index 422 -> 422
[WARN] [1783599785.287990623] [waypoint_follower]: far from local route: d=1841303.59, relocalize nearest_index 422 -> 422
[WARN] [1783599785.339034871] [waypoint_follower]: far from local route: d=1841303.59, relocalize nearest_index 422 -> 422
[WARN] [1783599785.388234695] [waypoint_follower]: far from local route: d=1841303.59, relocalize nearest_index 422 -> 422
[WARN] [1783599785.437859492] [waypoint_follower]: far from local route: d=1841303.59, relocalize nearest_index 422 -> 422
[WARN] [1783599785.488054309] [waypoint_follower]: far from local route: d=1841303.59, relocalize nearest_index 422 -> 422
[WARN] [1783599785.537860600] [waypoint_follower]: far from local route: d=1841303.59, relocalize nearest_index 422 -> 422
[WARN] [1783599785.587929279] [waypoint_follower]: far from local route: d=1841303.59, relocalize nearest_index 422 -> 422
[WARN] [1783599785.637838062] [waypoint_follower]: far from local route: d=1841303.59, relocalize nearest_index 422 -> 422
[WARN] [1783599785.687915028] [waypoint_follower]: far from local route: d=1850453.99, relocalize nearest_index 422 -> 422
[WARN] [1783599785.737739143] [waypoint_follower]: far from local route: d=1850453.99, relocalize nearest_index 422 -> 422
[WARN] [1783599785.787817965] [waypoint_follower]: far from local route: d=1850453.99, relocalize nearest_index 422 -> 422
[INFO] [1783599785.788859835] [waypoint_follower]: nearest=422, target=422, dist=1850453.99, alpha=-0.58, vx=0.12, yaw_rate=-0.45, dir=1
[WARN] [1783599785.837745787] [waypoint_follower]: far from local route: d=1850453.99, relocalize nearest_index 422 -> 422
[WARN] [1783599785.887824193] [waypoint_follower]: far from local route: d=1850453.99, relocalize nearest_index 422 -> 422
[WARN] [1783599785.938726081] [waypoint_follower]: far from local route: d=1850453.99, relocalize nearest_index 422 -> 422
[WARN] [1783599785.988256609] [waypoint_follower]: far from local route: d=1850453.99, relocalize nearest_index 422 -> 422
[WARN] [1783599786.038305481] [waypoint_follower]: far from local route: d=1850453.99, relocalize nearest_index 422 -> 422
[WARN] [1783599786.088769821] [waypoint_follower]: far from local route: d=1850453.99, relocalize nearest_index 422 -> 422
[WARN] [1783599786.137904657] [waypoint_follower]: far from local route: d=1850453.99, relocalize nearest_index 422 -> 422
[WARN] [1783599786.187946521] [waypoint_follower]: far from local route: d=1850453.99, relocalize nearest_index 422 -> 422
[WARN] [1783599786.237880326] [waypoint_follower]: far from local route: d=1855379.11, relocalize nearest_index 422 -> 422
[WARN] [1783599786.287893104] [waypoint_follower]: far from local route: d=1855379.11, relocalize nearest_index 422 -> 422
[WARN] [1783599786.337804926] [waypoint_follower]: far from local route: d=1855379.11, relocalize nearest_index 422 -> 422
[WARN] [1783599786.387935842] [waypoint_follower]: far from local route: d=1855379.11, relocalize nearest_index 422 -> 422
[WARN] [1783599786.438058663] [waypoint_follower]: far from local route: d=1855379.11, relocalize nearest_index 422 -> 422
[WARN] [1783599786.488077040] [waypoint_follower]: far from local route: d=1858195.24, relocalize nearest_index 422 -> 422
[WARN] [1783599786.537871844] [waypoint_follower]: far from local route: d=1858195.24, relocalize nearest_index 422 -> 422
[WARN] [1783599786.587883374] [waypoint_follower]: far from local route: d=1858195.24, relocalize nearest_index 422 -> 422
[WARN] [1783599786.637955893] [waypoint_follower]: far from local route: d=1858195.24, relocalize nearest_index 422 -> 422
[WARN] [1783599786.687855652] [waypoint_follower]: far from local route: d=1858195.24, relocalize nearest_index 422 -> 422
[WARN] [1783599786.737874285] [waypoint_follower]: far from local route: d=1858195.24, relocalize nearest_index 422 -> 422
[WARN] [1783599786.787887255] [waypoint_follower]: far from local route: d=1858195.24, relocalize nearest_index 422 -> 422
[INFO] [1783599786.788971427] [waypoint_follower]: nearest=422, target=422, dist=1858195.24, alpha=-0.14, vx=0.25, yaw_rate=-0.12, dir=1
[WARN] [1783599786.837830468] [waypoint_follower]: far from local route: d=1858195.24, relocalize nearest_index 422 -> 422
[WARN] [1783599786.887922441] [waypoint_follower]: far from local route: d=1858195.24, relocalize nearest_index 422 -> 422
[WARN] [1783599786.937979505] [waypoint_follower]: far from local route: d=1858195.24, relocalize nearest_index 422 -> 422
[WARN] [1783599786.990347690] [waypoint_follower]: far from local route: d=1858195.24, relocalize nearest_index 422 -> 422
[WARN] [1783599787.037822957] [waypoint_follower]: far from local route: d=1858195.24, relocalize nearest_index 422 -> 422
[WARN] [1783599787.087868245] [waypoint_follower]: far from local route: d=1858195.24, relocalize nearest_index 422 -> 422
[WARN] [1783599787.137805954] [waypoint_follower]: far from local route: d=1858195.24, relocalize nearest_index 422 -> 422
[WARN] [1783599787.187852682] [waypoint_follower]: far from local route: d=1858195.24, relocalize nearest_index 422 -> 422
[WARN] [1783599787.237770744] [waypoint_follower]: far from local route: d=1858195.24, relocalize nearest_index 422 -> 422
[WARN] [1783599787.287946042] [waypoint_follower]: far from local route: d=1863827.06, relocalize nearest_index 422 -> 422
[WARN] [1783599787.338324722] [waypoint_follower]: far from local route: d=1863827.06, relocalize nearest_index 422 -> 422
[WARN] [1783599787.339495706] [waypoint_follower]: stuck recovery: nearest_index 422 -> 422
[WARN] [1783599787.389686907] [waypoint_follower]: far from local route: d=1863827.06, relocalize nearest_index 422 -> 422
[WARN] [1783599787.439102306] [waypoint_follower]: far from local route: d=1863827.06, relocalize nearest_index 422 -> 422
[WARN] [1783599787.487954531] [waypoint_follower]: far from local route: d=1863827.06, relocalize nearest_index 422 -> 422
[WARN] [1783599787.538010506] [waypoint_follower]: far from local route: d=1863827.06, relocalize nearest_index 422 -> 422
[WARN] [1783599787.588245801] [waypoint_follower]: far from local route: d=1863827.06, relocalize nearest_index 422 -> 422
[WARN] [1783599787.637899236] [waypoint_follower]: far from local route: d=1863827.06, relocalize nearest_index 422 -> 422
[WARN] [1783599787.687852176] [waypoint_follower]: far from local route: d=1863827.06, relocalize nearest_index 422 -> 422
[WARN] [1783599787.737858234] [waypoint_follower]: far from local route: d=1863827.06, relocalize nearest_index 422 -> 422
[WARN] [1783599787.787874820] [waypoint_follower]: far from local route: d=1863827.06, relocalize nearest_index 422 -> 422
[WARN] [1783599787.838945531] [waypoint_follower]: far from local route: d=1863827.06, relocalize nearest_index 422 -> 422
[INFO] [1783599787.840061222] [waypoint_follower]: nearest=422, target=422, dist=1863827.06, alpha=2.12, vx=0.00, yaw_rate=0.45, dir=1
[WARN] [1783599787.888027025] [waypoint_follower]: far from local route: d=1863827.06, relocalize nearest_index 422 -> 422
[WARN] [1783599787.937834340] [waypoint_follower]: far from local route: d=1863827.06, relocalize nearest_index 422 -> 422
[WARN] [1783599787.987832719] [waypoint_follower]: far from local route: d=1863827.06, relocalize nearest_index 422 -> 422
[WARN] [1783599788.038654610] [waypoint_follower]: far from local route: d=1863827.06, relocalize nearest_index 422 -> 422
[WARN] [1783599788.088018682] [waypoint_follower]: far from local route: d=1863827.06, relocalize nearest_index 422 -> 422
[WARN] [1783599788.137921321] [waypoint_follower]: far from local route: d=1863827.06, relocalize nearest_index 422 -> 422
[WARN] [1783599788.187973233] [waypoint_follower]: far from local route: d=1863827.06, relocalize nearest_index 422 -> 422
[WARN] [1783599788.237857601] [waypoint_follower]: far from local route: d=1863827.06, relocalize nearest_index 422 -> 422
[WARN] [1783599788.287886474] [waypoint_follower]: far from local route: d=1863827.06, relocalize nearest_index 422 -> 422
[WARN] [1783599788.337792248] [waypoint_follower]: far from local route: d=1863827.06, relocalize nearest_index 422 -> 422
[WARN] [1783599788.387901917] [waypoint_follower]: far from local route: d=1863827.06, relocalize nearest_index 422 -> 422
[WARN] [1783599788.437861257] [waypoint_follower]: far from local route: d=1863827.06, relocalize nearest_index 422 -> 422
[WARN] [1783599788.488151046] [waypoint_follower]: far from local route: d=1863827.06, relocalize nearest_index 422 -> 422
[WARN] [1783599788.537855582] [waypoint_follower]: far from local route: d=1863827.06, relocalize nearest_index 422 -> 422
[WARN] [1783599788.588372112] [waypoint_follower]: far from local route: d=1863827.06, relocalize nearest_index 422 -> 422
[WARN] [1783599788.638199330] [waypoint_follower]: far from local route: d=1867348.52, relocalize nearest_index 422 -> 422
[WARN] [1783599788.688453824] [waypoint_follower]: far from local route: d=1867348.52, relocalize nearest_index 422 -> 422
[WARN] [1783599788.737887878] [waypoint_follower]: far from local route: d=1867348.52, relocalize nearest_index 422 -> 422
[WARN] [1783599788.788356153] [waypoint_follower]: far from local route: d=1867348.52, relocalize nearest_index 422 -> 422
[WARN] [1783599788.838062354] [waypoint_follower]: far from local route: d=1867348.52, relocalize nearest_index 422 -> 422
[WARN] [1783599788.889406780] [waypoint_follower]: far from local route: d=1867348.52, relocalize nearest_index 422 -> 422
[INFO] [1783599788.890493640] [waypoint_follower]: nearest=422, target=422, dist=1867348.52, alpha=2.63, vx=0.00, yaw_rate=0.45, dir=1
[WARN] [1783599788.937879343] [waypoint_follower]: far from local route: d=1867348.52, relocalize nearest_index 422 -> 422
[WARN] [1783599788.987993588] [waypoint_follower]: far from local route: d=1867348.52, relocalize nearest_index 422 -> 422
[WARN] [1783599789.037980255] [waypoint_follower]: far from local route: d=1867348.52, relocalize nearest_index 422 -> 422
[WARN] [1783599789.087984201] [waypoint_follower]: far from local route: d=1867348.52, relocalize nearest_index 422 -> 422
[WARN] [1783599789.138175082] [waypoint_follower]: far from local route: d=1867348.52, relocalize nearest_index 422 -> 422
[WARN] [1783599789.187870307] [waypoint_follower]: far from local route: d=1867348.52, relocalize nearest_index 422 -> 422
[WARN] [1783599789.237861261] [waypoint_follower]: far from local route: d=1867348.52, relocalize nearest_index 422 -> 422
[WARN] [1783599789.287875159] [waypoint_follower]: far from local route: d=1867348.52, relocalize nearest_index 422 -> 422
[WARN] [1783599789.337853506] [waypoint_follower]: far from local route: d=1867348.52, relocalize nearest_index 422 -> 422
[WARN] [1783599789.387953192] [waypoint_follower]: far from local route: d=1867348.52, relocalize nearest_index 422 -> 422
[WARN] [1783599789.437833847] [waypoint_follower]: far from local route: d=1867348.52, relocalize nearest_index 422 -> 422
[WARN] [1783599789.487952060] [waypoint_follower]: far from local route: d=1867348.52, relocalize nearest_index 422 -> 422
[WARN] [1783599789.537787886] [waypoint_follower]: far from local route: d=1867348.52, relocalize nearest_index 422 -> 422
[WARN] [1783599789.587977679] [waypoint_follower]: far from local route: d=1867348.52, relocalize nearest_index 422 -> 422
[WARN] [1783599789.637879870] [waypoint_follower]: far from local route: d=1867348.52, relocalize nearest_index 422 -> 422
[WARN] [1783599789.688227832] [waypoint_follower]: far from local route: d=1867348.52, relocalize nearest_index 422 -> 422
[WARN] [1783599789.737834357] [waypoint_follower]: far from local route: d=1876511.05, relocalize nearest_index 422 -> 422
[WARN] [1783599789.788047829] [waypoint_follower]: far from local route: d=1876511.05, relocalize nearest_index 422 -> 422
[WARN] [1783599789.837907526] [waypoint_follower]: far from local route: d=1876511.05, relocalize nearest_index 422 -> 422
[WARN] [1783599789.889132821] [waypoint_follower]: far from local route: d=1876511.05, relocalize nearest_index 422 -> 422
[WARN] [1783599789.938303143] [waypoint_follower]: far from local route: d=1876511.05, relocalize nearest_index 422 -> 422
[INFO] [1783599789.939374004] [waypoint_follower]: nearest=422, target=422, dist=1876511.05, alpha=-3.10, vx=0.00, yaw_rate=-0.45, dir=1
[WARN] [1783599789.988453098] [waypoint_follower]: far from local route: d=1876511.05, relocalize nearest_index 422 -> 422
[WARN] [1783599790.038392056] [waypoint_follower]: far from local route: d=1876511.05, relocalize nearest_index 422 -> 422
[WARN] [1783599790.087907001] [waypoint_follower]: far from local route: d=1876511.05, relocalize nearest_index 422 -> 422
[WARN] [1783599790.137821767] [waypoint_follower]: far from local route: d=1876511.05, relocalize nearest_index 422 -> 422
[WARN] [1783599790.187850864] [waypoint_follower]: far from local route: d=1876511.05, relocalize nearest_index 422 -> 422
[WARN] [1783599790.237816764] [waypoint_follower]: far from local route: d=1876511.05, relocalize nearest_index 422 -> 422
[WARN] [1783599790.287818182] [waypoint_follower]: far from local route: d=1876511.05, relocalize nearest_index 422 -> 422
[WARN] [1783599790.337838127] [waypoint_follower]: far from local route: d=1876511.05, relocalize nearest_index 422 -> 422
[WARN] [1783599790.387948724] [waypoint_follower]: far from local route: d=1876511.05, relocalize nearest_index 422 -> 422
[WARN] [1783599790.389094270] [waypoint_follower]: stuck recovery: nearest_index 422 -> 422
[WARN] [1783599790.438283727] [waypoint_follower]: far from local route: d=1876511.05, relocalize nearest_index 422 -> 422
[WARN] [1783599790.489976360] [waypoint_follower]: far from local route: d=1884968.80, relocalize nearest_index 422 -> 422
[WARN] [1783599790.537918133] [waypoint_follower]: far from local route: d=1884968.80, relocalize nearest_index 422 -> 422
[WARN] [1783599790.588477060] [waypoint_follower]: far from local route: d=1884968.80, relocalize nearest_index 422 -> 422
[WARN] [1783599790.638322294] [waypoint_follower]: far from local route: d=1884968.80, relocalize nearest_index 422 -> 422
[WARN] [1783599790.687898292] [waypoint_follower]: far from local route: d=1884968.80, relocalize nearest_index 422 -> 422
[WARN] [1783599790.737898078] [waypoint_follower]: far from local route: d=1884968.80, relocalize nearest_index 422 -> 422
[WARN] [1783599790.788528107] [waypoint_follower]: far from local route: d=1884968.80, relocalize nearest_index 422 -> 422
[WARN] [1783599790.837854869] [waypoint_follower]: far from local route: d=1884968.80, relocalize nearest_index 422 -> 422
[WARN] [1783599790.887896029] [waypoint_follower]: far from local route: d=1884968.80, relocalize nearest_index 422 -> 422
[WARN] [1783599790.937821227] [waypoint_follower]: far from local route: d=1884968.80, relocalize nearest_index 422 -> 422
[WARN] [1783599790.987879826] [waypoint_follower]: far from local route: d=1884968.80, relocalize nearest_index 422 -> 422
[INFO] [1783599790.988928224] [waypoint_follower]: nearest=422, target=422, dist=1884968.80, alpha=-2.45, vx=0.00, yaw_rate=-0.45, dir=1
[WARN] [1783599791.037815680] [waypoint_follower]: far from local route: d=1889854.38, relocalize nearest_index 422 -> 422
[WARN] [1783599791.088546279] [waypoint_follower]: far from local route: d=1889854.38, relocalize nearest_index 422 -> 422
[WARN] [1783599791.138180323] [waypoint_follower]: far from local route: d=1889854.38, relocalize nearest_index 422 -> 422
[WARN] [1783599791.188530332] [waypoint_follower]: far from local route: d=1889854.38, relocalize nearest_index 422 -> 422
[WARN] [1783599791.240484265] [waypoint_follower]: far from local route: d=1889854.38, relocalize nearest_index 422 -> 422
[WARN] [1783599791.288208512] [waypoint_follower]: far from local route: d=1889854.38, relocalize nearest_index 422 -> 422
[WARN] [1783599791.337847580] [waypoint_follower]: far from local route: d=1889854.38, relocalize nearest_index 422 -> 422
[WARN] [1783599791.388099994] [waypoint_follower]: far from local route: d=1889854.38, relocalize nearest_index 422 -> 422
[WARN] [1783599791.437823921] [waypoint_follower]: far from local route: d=1889854.38, relocalize nearest_index 422 -> 422
[WARN] [1783599791.487859162] [waypoint_follower]: far from local route: d=1889854.38, relocalize nearest_index 422 -> 422
[WARN] [1783599791.537822310] [waypoint_follower]: far from local route: d=1892729.99, relocalize nearest_index 422 -> 422
[WARN] [1783599791.588076292] [waypoint_follower]: far from local route: d=1892729.99, relocalize nearest_index 422 -> 422
[WARN] [1783599791.645082527] [waypoint_follower]: far from local route: d=1892729.99, relocalize nearest_index 422 -> 422
[WARN] [1783599791.687972765] [waypoint_follower]: far from local route: d=1892729.99, relocalize nearest_index 422 -> 422
[WARN] [1783599791.737900683] [waypoint_follower]: far from local route: d=1892729.99, relocalize nearest_index 422 -> 422
[WARN] [1783599791.787952851] [waypoint_follower]: far from local route: d=1892729.99, relocalize nearest_index 422 -> 422
[WARN] [1783599791.837804132] [waypoint_follower]: far from local route: d=1892729.99, relocalize nearest_index 422 -> 422
[WARN] [1783599791.887861899] [waypoint_follower]: far from local route: d=1892729.99, relocalize nearest_index 422 -> 422
[WARN] [1783599791.951087966] [waypoint_follower]: far from local route: d=1892729.99, relocalize nearest_index 422 -> 422
[WARN] [1783599791.991186465] [waypoint_follower]: far from local route: d=1892729.99, relocalize nearest_index 422 -> 422
[INFO] [1783599791.994345002] [waypoint_follower]: nearest=422, target=422, dist=1892729.99, alpha=-1.93, vx=0.00, yaw_rate=-0.45, dir=1
[WARN] [1783599792.040094431] [waypoint_follower]: far from local route: d=1892729.99, relocalize nearest_index 422 -> 422
[WARN] [1783599792.089929394] [waypoint_follower]: far from local route: d=1892729.99, relocalize nearest_index 422 -> 422
[WARN] [1783599792.142924301] [waypoint_follower]: far from local route: d=1892729.99, relocalize nearest_index 422 -> 422
[WARN] [1783599792.189612629] [waypoint_follower]: far from local route: d=1892729.99, relocalize nearest_index 422 -> 422
[WARN] [1783599792.237834356] [waypoint_follower]: far from local route: d=1892729.99, relocalize nearest_index 422 -> 422
[WARN] [1783599792.287881084] [waypoint_follower]: far from local route: d=1892729.99, relocalize nearest_index 422 -> 422
[WARN] [1783599792.337789547] [waypoint_follower]: far from local route: d=1892729.99, relocalize nearest_index 422 -> 422
[WARN] [1783599792.387907440] [waypoint_follower]: far from local route: d=1892729.99, relocalize nearest_index 422 -> 422
[WARN] [1783599792.437815134] [waypoint_follower]: far from local route: d=1892729.99, relocalize nearest_index 422 -> 422
[WARN] [1783599792.488061277] [waypoint_follower]: far from local route: d=1892729.99, relocalize nearest_index 422 -> 422
[WARN] [1783599792.537948588] [waypoint_follower]: far from local route: d=1892729.99, relocalize nearest_index 422 -> 422
[WARN] [1783599792.587989077] [waypoint_follower]: far from local route: d=1892729.99, relocalize nearest_index 422 -> 422
[WARN] [1783599792.637894371] [waypoint_follower]: far from local route: d=1892729.99, relocalize nearest_index 422 -> 422
[WARN] [1783599792.688524784] [waypoint_follower]: far from local route: d=1901190.66, relocalize nearest_index 422 -> 422
[WARN] [1783599792.737901816] [waypoint_follower]: far from local route: d=1901190.66, relocalize nearest_index 422 -> 422
[WARN] [1783599792.787827237] [waypoint_follower]: far from local route: d=1901190.66, relocalize nearest_index 422 -> 422
[WARN] [1783599792.837903884] [waypoint_follower]: far from local route: d=1901190.66, relocalize nearest_index 422 -> 422
[WARN] [1783599792.888024432] [waypoint_follower]: far from local route: d=1901190.66, relocalize nearest_index 422 -> 422
[WARN] [1783599792.938164564] [waypoint_follower]: far from local route: d=1901190.69, relocalize nearest_index 422 -> 422
[WARN] [1783599792.989573595] [waypoint_follower]: far from local route: d=1901190.69, relocalize nearest_index 422 -> 422
[WARN] [1783599793.038256004] [waypoint_follower]: far from local route: d=1901190.69, relocalize nearest_index 422 -> 422
[INFO] [1783599793.039374383] [waypoint_follower]: nearest=422, target=422, dist=1901190.69, alpha=-1.47, vx=0.00, yaw_rate=-0.45, dir=1
[WARN] [1783599793.088586654] [waypoint_follower]: far from local route: d=1901190.69, relocalize nearest_index 422 -> 422
[WARN] [1783599793.137828397] [waypoint_follower]: far from local route: d=1901190.69, relocalize nearest_index 422 -> 422
[WARN] [1783599793.188037869] [waypoint_follower]: far from local route: d=1901190.74, relocalize nearest_index 422 -> 422
[WARN] [1783599793.237812866] [waypoint_follower]: far from local route: d=1901190.61, relocalize nearest_index 422 -> 422
[WARN] [1783599793.288096191] [waypoint_follower]: far from local route: d=1901190.61, relocalize nearest_index 422 -> 422
[WARN] [1783599793.337814774] [waypoint_follower]: far from local route: d=1901190.61, relocalize nearest_index 422 -> 422
[WARN] [1783599793.387455218] [waypoint_follower]: far from local route: d=1901190.61, relocalize nearest_index 422 -> 422
[WARN] [1783599793.389313977] [waypoint_follower]: stuck recovery: nearest_index 422 -> 422
[WARN] [1783599793.437797292] [waypoint_follower]: far from local route: d=1901190.61, relocalize nearest_index 422 -> 422
[WARN] [1783599793.487942863] [waypoint_follower]: far from local route: d=1901190.61, relocalize nearest_index 422 -> 422
[WARN] [1783599793.537795232] [waypoint_follower]: far from local route: d=1901190.61, relocalize nearest_index 422 -> 422
[WARN] [1783599793.587851080] [waypoint_follower]: far from local route: d=1901190.61, relocalize nearest_index 422 -> 422
[WARN] [1783599793.637807156] [waypoint_follower]: far from local route: d=1901190.61, relocalize nearest_index 422 -> 422
[WARN] [1783599793.688005141] [waypoint_follower]: far from local route: d=1901190.61, relocalize nearest_index 422 -> 422
[WARN] [1783599793.740357391] [waypoint_follower]: far from local route: d=1909656.18, relocalize nearest_index 422 -> 422
[WARN] [1783599793.787866320] [waypoint_follower]: far from local route: d=1909656.18, relocalize nearest_index 422 -> 422
[WARN] [1783599793.837891961] [waypoint_follower]: far from local route: d=1909656.18, relocalize nearest_index 422 -> 422
[WARN] [1783599793.887816871] [waypoint_follower]: far from local route: d=1909656.18, relocalize nearest_index 422 -> 422
[WARN] [1783599793.938693511] [waypoint_follower]: far from local route: d=1909656.18, relocalize nearest_index 422 -> 422
[WARN] [1783599793.993998260] [waypoint_follower]: far from local route: d=1909656.18, relocalize nearest_index 422 -> 422
[WARN] [1783599794.037907233] [waypoint_follower]: far from local route: d=1909656.18, relocalize nearest_index 422 -> 422
[WARN] [1783599794.088006759] [waypoint_follower]: far from local route: d=1909656.18, relocalize nearest_index 422 -> 422
[INFO] [1783599794.089114578] [waypoint_follower]: nearest=422, target=422, dist=1909656.18, alpha=-0.99, vx=0.12, yaw_rate=-0.45, dir=1
[WARN] [1783599794.137899862] [waypoint_follower]: far from local route: d=1909656.18, relocalize nearest_index 422 -> 422
[WARN] [1783599794.187939326] [waypoint_follower]: far from local route: d=1909656.18, relocalize nearest_index 422 -> 422
[WARN] [1783599794.237899819] [waypoint_follower]: far from local route: d=1909656.18, relocalize nearest_index 422 -> 422
[WARN] [1783599794.287855543] [waypoint_follower]: far from local route: d=1909656.18, relocalize nearest_index 422 -> 422
[WARN] [1783599794.337734439] [waypoint_follower]: far from local route: d=1909656.18, relocalize nearest_index 422 -> 422
[WARN] [1783599794.387984037] [waypoint_follower]: far from local route: d=1909656.18, relocalize nearest_index 422 -> 422
[WARN] [1783599794.438028397] [waypoint_follower]: far from local route: d=1913180.80, relocalize nearest_index 422 -> 422
[WARN] [1783599794.487859552] [waypoint_follower]: far from local route: d=1913180.80, relocalize nearest_index 422 -> 422
[WARN] [1783599794.537852074] [waypoint_follower]: far from local route: d=1913180.80, relocalize nearest_index 422 -> 422
[WARN] [1783599794.588036716] [waypoint_follower]: far from local route: d=1913180.80, relocalize nearest_index 422 -> 422
[WARN] [1783599794.645435796] [waypoint_follower]: far from local route: d=1913180.80, relocalize nearest_index 422 -> 422
[WARN] [1783599794.697249576] [waypoint_follower]: far from local route: d=1913180.80, relocalize nearest_index 422 -> 422
[WARN] [1783599794.737853395] [waypoint_follower]: far from local route: d=1913180.80, relocalize nearest_index 422 -> 422
[WARN] [1783599794.787859613] [waypoint_follower]: far from local route: d=1913180.80, relocalize nearest_index 422 -> 422
[WARN] [1783599794.843030320] [waypoint_follower]: far from local route: d=1913180.80, relocalize nearest_index 422 -> 422
[WARN] [1783599794.888026090] [waypoint_follower]: far from local route: d=1913180.51, relocalize nearest_index 422 -> 422
[WARN] [1783599794.937929624] [waypoint_follower]: far from local route: d=1913180.51, relocalize nearest_index 422 -> 422
[WARN] [1783599794.988052189] [waypoint_follower]: far from local route: d=1913180.51, relocalize nearest_index 422 -> 422
[WARN] [1783599795.037985674] [waypoint_follower]: far from local route: d=1913180.51, relocalize nearest_index 422 -> 422
[WARN] [1783599795.087966517] [waypoint_follower]: far from local route: d=1913180.51, relocalize nearest_index 422 -> 422
[WARN] [1783599795.137885251] [waypoint_follower]: far from local route: d=1913180.51, relocalize nearest_index 422 -> 422
[INFO] [1783599795.138934065] [waypoint_follower]: nearest=422, target=422, dist=1913180.51, alpha=-0.82, vx=0.12, yaw_rate=-0.45, dir=1
[WARN] [1783599795.187950091] [waypoint_follower]: far from local route: d=1913180.51, relocalize nearest_index 422 -> 422
[WARN] [1783599795.237964820] [waypoint_follower]: far from local route: d=1915296.02, relocalize nearest_index 422 -> 422
[WARN] [1783599795.287911297] [waypoint_follower]: far from local route: d=1915296.02, relocalize nearest_index 422 -> 422
[WARN] [1783599795.337929866] [waypoint_follower]: far from local route: d=1915296.02, relocalize nearest_index 422 -> 422
[WARN] [1783599795.387946580] [waypoint_follower]: far from local route: d=1915296.02, relocalize nearest_index 422 -> 422
[WARN] [1783599795.437903648] [waypoint_follower]: far from local route: d=1915296.02, relocalize nearest_index 422 -> 422
[WARN] [1783599795.488864092] [waypoint_follower]: far from local route: d=1915296.02, relocalize nearest_index 422 -> 422
[WARN] [1783599795.538132138] [waypoint_follower]: far from local route: d=1915296.02, relocalize nearest_index 422 -> 422
[WARN] [1783599795.588151987] [waypoint_follower]: far from local route: d=1915296.02, relocalize nearest_index 422 -> 422
[WARN] [1783599795.638101279] [waypoint_follower]: far from local route: d=1915296.02, relocalize nearest_index 422 -> 422
[WARN] [1783599795.688097866] [waypoint_follower]: far from local route: d=1915296.02, relocalize nearest_index 422 -> 422
[WARN] [1783599795.737968250] [waypoint_follower]: far from local route: d=1915296.02, relocalize nearest_index 422 -> 422
[WARN] [1783599795.787917543] [waypoint_follower]: far from local route: d=1915296.02, relocalize nearest_index 422 -> 422
[WARN] [1783599795.837904050] [waypoint_follower]: far from local route: d=1915296.02, relocalize nearest_index 422 -> 422
[WARN] [1783599795.888037974] [waypoint_follower]: far from local route: d=1919522.99, relocalize nearest_index 422 -> 422
[WARN] [1783599795.938068030] [waypoint_follower]: far from local route: d=1919522.99, relocalize nearest_index 422 -> 422
[WARN] [1783599795.989424936] [waypoint_follower]: far from local route: d=1919522.99, relocalize nearest_index 422 -> 422
[WARN] [1783599796.038283561] [waypoint_follower]: far from local route: d=1919522.99, relocalize nearest_index 422 -> 422
[WARN] [1783599796.088865687] [waypoint_follower]: far from local route: d=1919522.99, relocalize nearest_index 422 -> 422
[WARN] [1783599796.138470452] [waypoint_follower]: far from local route: d=1919522.99, relocalize nearest_index 422 -> 422
[INFO] [1783599796.141974765] [waypoint_follower]: nearest=422, target=422, dist=1919522.99, alpha=-0.39, vx=0.25, yaw_rate=-0.35, dir=1
[WARN] [1783599796.188048211] [waypoint_follower]: far from local route: d=1919522.99, relocalize nearest_index 422 -> 422
[WARN] [1783599796.238433258] [waypoint_follower]: far from local route: d=1919522.99, relocalize nearest_index 422 -> 422
[WARN] [1783599796.288127459] [waypoint_follower]: far from local route: d=1919522.99, relocalize nearest_index 422 -> 422
[WARN] [1783599796.337938934] [waypoint_follower]: far from local route: d=1919522.99, relocalize nearest_index 422 -> 422
[WARN] [1783599796.387929281] [waypoint_follower]: far from local route: d=1919522.99, relocalize nearest_index 422 -> 422
[WARN] [1783599796.437894637] [waypoint_follower]: far from local route: d=1919522.99, relocalize nearest_index 422 -> 422
[WARN] [1783599796.439152497] [waypoint_follower]: stuck recovery: nearest_index 422 -> 422
[WARN] [1783599796.487904279] [waypoint_follower]: far from local route: d=1919522.99, relocalize nearest_index 422 -> 422
[WARN] [1783599796.537873955] [waypoint_follower]: far from local route: d=1919522.99, relocalize nearest_index 422 -> 422
[WARN] [1783599796.588073443] [waypoint_follower]: far from local route: d=1919522.99, relocalize nearest_index 422 -> 422
[WARN] [1783599796.638007249] [waypoint_follower]: far from local route: d=1919522.99, relocalize nearest_index 422 -> 422
[WARN] [1783599796.687900064] [waypoint_follower]: far from local route: d=1919522.99, relocalize nearest_index 422 -> 422
[WARN] [1783599796.737864748] [waypoint_follower]: far from local route: d=1919522.99, relocalize nearest_index 422 -> 422
[WARN] [1783599796.788626002] [waypoint_follower]: far from local route: d=1919522.99, relocalize nearest_index 422 -> 422
[WARN] [1783599796.837906526] [waypoint_follower]: far from local route: d=1919522.99, relocalize nearest_index 422 -> 422
[WARN] [1783599796.889884650] [waypoint_follower]: far from local route: d=1919522.99, relocalize nearest_index 422 -> 422
[WARN] [1783599796.937853205] [waypoint_follower]: far from local route: d=1919522.99, relocalize nearest_index 422 -> 422
[WARN] [1783599796.987826433] [waypoint_follower]: far from local route: d=1919522.99, relocalize nearest_index 422 -> 422
[WARN] [1783599797.037942150] [waypoint_follower]: far from local route: d=1919522.99, relocalize nearest_index 422 -> 422
[WARN] [1783599797.088052107] [waypoint_follower]: far from local route: d=1919522.99, relocalize nearest_index 422 -> 422
[WARN] [1783599797.137910076] [waypoint_follower]: far from local route: d=1919522.99, relocalize nearest_index 422 -> 422
[WARN] [1783599797.187995682] [waypoint_follower]: far from local route: d=1919522.99, relocalize nearest_index 422 -> 422
[INFO] [1783599797.189137355] [waypoint_follower]: nearest=422, target=422, dist=1919522.99, alpha=-0.39, vx=0.25, yaw_rate=-0.35, dir=1
[WARN] [1783599797.238027882] [waypoint_follower]: far from local route: d=1919522.99, relocalize nearest_index 422 -> 422
[WARN] [1783599797.288194861] [waypoint_follower]: far from local route: d=1919522.99, relocalize nearest_index 422 -> 422
[WARN] [1783599797.337961698] [waypoint_follower]: far from local route: d=1919522.99, relocalize nearest_index 422 -> 422
[WARN] [1783599797.387924174] [waypoint_follower]: far from local route: d=1919522.99, relocalize nearest_index 422 -> 422
[WARN] [1783599797.437827325] [waypoint_follower]: far from local route: d=1919522.99, relocalize nearest_index 422 -> 422
[WARN] [1783599797.488124793] [waypoint_follower]: far from local route: d=1919522.99, relocalize nearest_index 422 -> 422
[WARN] [1783599797.537924397] [waypoint_follower]: far from local route: d=1919522.99, relocalize nearest_index 422 -> 422
[WARN] [1783599797.590172172] [waypoint_follower]: far from local route: d=1919522.99, relocalize nearest_index 422 -> 422
[WARN] [1783599797.637853573] [waypoint_follower]: far from local route: d=1919522.99, relocalize nearest_index 422 -> 422
[WARN] [1783599797.687808913] [waypoint_follower]: far from local route: d=1919522.99, relocalize nearest_index 422 -> 422
[WARN] [1783599797.737886392] [waypoint_follower]: far from local route: d=1919522.99, relocalize nearest_index 422 -> 422
[WARN] [1783599797.788391370] [waypoint_follower]: far from local route: d=1919522.99, relocalize nearest_index 422 -> 422
[WARN] [1783599797.837850510] [waypoint_follower]: far from local route: d=1919522.99, relocalize nearest_index 422 -> 422
[WARN] [1783599797.887953331] [waypoint_follower]: far from local route: d=1923043.98, relocalize nearest_index 422 -> 422
[WARN] [1783599797.937972540] [waypoint_follower]: far from local route: d=1923043.98, relocalize nearest_index 422 -> 422
[WARN] [1783599797.989815246] [waypoint_follower]: far from local route: d=1923043.98, relocalize nearest_index 422 -> 422
[WARN] [1783599798.037912244] [waypoint_follower]: far from local route: d=1923043.98, relocalize nearest_index 422 -> 422
[WARN] [1783599798.088008217] [waypoint_follower]: far from local route: d=1923043.98, relocalize nearest_index 422 -> 422
[WARN] [1783599798.137980325] [waypoint_follower]: far from local route: d=1923043.98, relocalize nearest_index 422 -> 422
[WARN] [1783599798.187983311] [waypoint_follower]: far from local route: d=1923043.98, relocalize nearest_index 422 -> 422
[WARN] [1783599798.238290219] [waypoint_follower]: far from local route: d=1923043.98, relocalize nearest_index 422 -> 422
[INFO] [1783599798.241898590] [waypoint_follower]: nearest=422, target=422, dist=1923043.98, alpha=1.26, vx=0.00, yaw_rate=0.45, dir=1
[WARN] [1783599798.288399344] [waypoint_follower]: far from local route: d=1923043.98, relocalize nearest_index 422 -> 422
[WARN] [1783599798.338070026] [waypoint_follower]: far from local route: d=1923043.98, relocalize nearest_index 422 -> 422
[WARN] [1783599798.388311368] [waypoint_follower]: far from local route: d=1923043.98, relocalize nearest_index 422 -> 422
[WARN] [1783599798.437955491] [waypoint_follower]: far from local route: d=1923043.98, relocalize nearest_index 422 -> 422
[WARN] [1783599798.490316157] [waypoint_follower]: far from local route: d=1923043.98, relocalize nearest_index 422 -> 422
[WARN] [1783599798.537902714] [waypoint_follower]: far from local route: d=1923043.98, relocalize nearest_index 422 -> 422
[WARN] [1783599798.588194839] [waypoint_follower]: far from local route: d=1923043.98, relocalize nearest_index 422 -> 422
[WARN] [1783599798.637927150] [waypoint_follower]: far from local route: d=1923043.98, relocalize nearest_index 422 -> 422
[WARN] [1783599798.698380132] [waypoint_follower]: far from local route: d=1923043.98, relocalize nearest_index 422 -> 422
[WARN] [1783599798.740169847] [waypoint_follower]: far from local route: d=1923043.98, relocalize nearest_index 422 -> 422
[WARN] [1783599798.790522992] [waypoint_follower]: far from local route: d=1923043.98, relocalize nearest_index 422 -> 422
[WARN] [1783599798.838955910] [waypoint_follower]: far from local route: d=1923043.98, relocalize nearest_index 422 -> 422
[WARN] [1783599798.888408874] [waypoint_follower]: far from local route: d=1923043.98, relocalize nearest_index 422 -> 422
[WARN] [1783599798.938456498] [waypoint_follower]: far from local route: d=1923043.98, relocalize nearest_index 422 -> 422
[WARN] [1783599798.987927829] [waypoint_follower]: far from local route: d=1923043.98, relocalize nearest_index 422 -> 422
[WARN] [1783599799.038346668] [waypoint_follower]: far from local route: d=1923043.98, relocalize nearest_index 422 -> 422
[WARN] [1783599799.088059620] [waypoint_follower]: far from local route: d=1923043.98, relocalize nearest_index 422 -> 422
[WARN] [1783599799.143327794] [waypoint_follower]: far from local route: d=1923043.98, relocalize nearest_index 422 -> 422
[WARN] [1783599799.188018682] [waypoint_follower]: far from local route: d=1923043.98, relocalize nearest_index 422 -> 422
[WARN] [1783599799.237909321] [waypoint_follower]: far from local route: d=1923043.98, relocalize nearest_index 422 -> 422
[WARN] [1783599799.288595539] [waypoint_follower]: far from local route: d=1923043.98, relocalize nearest_index 422 -> 422
[INFO] [1783599799.289754075] [waypoint_follower]: nearest=422, target=422, dist=1923043.98, alpha=1.26, vx=0.00, yaw_rate=0.45, dir=1
[WARN] [1783599799.337878751] [waypoint_follower]: far from local route: d=1923043.98, relocalize nearest_index 422 -> 422
[WARN] [1783599799.387966629] [waypoint_follower]: far from local route: d=1923043.98, relocalize nearest_index 422 -> 422
[WARN] [1783599799.437866612] [waypoint_follower]: far from local route: d=1923043.98, relocalize nearest_index 422 -> 422
[WARN] [1783599799.488138130] [waypoint_follower]: far from local route: d=1923043.98, relocalize nearest_index 422 -> 422
[WARN] [1783599799.489444915] [waypoint_follower]: stuck recovery: nearest_index 422 -> 422
[WARN] [1783599799.537791884] [waypoint_follower]: far from local route: d=1923043.98, relocalize nearest_index 422 -> 422
[WARN] [1783599799.588603344] [waypoint_follower]: far from local route: d=1923043.98, relocalize nearest_index 422 -> 422
[WARN] [1783599799.637923867] [waypoint_follower]: far from local route: d=1923043.98, relocalize nearest_index 422 -> 422
[WARN] [1783599799.688106364] [waypoint_follower]: far from local route: d=1923043.98, relocalize nearest_index 422 -> 422
[WARN] [1783599799.737880497] [waypoint_follower]: far from local route: d=1923043.98, relocalize nearest_index 422 -> 422
[WARN] [1783599799.788011381] [waypoint_follower]: far from local route: d=1923043.98, relocalize nearest_index 422 -> 422
[WARN] [1783599799.837997248] [waypoint_follower]: far from local route: d=1923043.98, relocalize nearest_index 422 -> 422
[WARN] [1783599799.887928621] [waypoint_follower]: far from local route: d=1923043.98, relocalize nearest_index 422 -> 422
[WARN] [1783599799.938065297] [waypoint_follower]: far from local route: d=1923043.98, relocalize nearest_index 422 -> 422
[WARN] [1783599799.988086362] [waypoint_follower]: far from local route: d=1923043.98, relocalize nearest_index 422 -> 422
[WARN] [1783599800.037805074] [waypoint_follower]: far from local route: d=1923043.98, relocalize nearest_index 422 -> 422
[WARN] [1783599800.087856058] [waypoint_follower]: far from local route: d=1923043.98, relocalize nearest_index 422 -> 422
[WARN] [1783599800.137844997] [waypoint_follower]: far from local route: d=1923043.98, relocalize nearest_index 422 -> 422
[WARN] [1783599800.187852719] [waypoint_follower]: far from local route: d=1923043.98, relocalize nearest_index 422 -> 422
[WARN] [1783599800.237859704] [waypoint_follower]: far from local route: d=1923043.98, relocalize nearest_index 422 -> 422
[WARN] [1783599800.287942463] [waypoint_follower]: far from local route: d=1923043.98, relocalize nearest_index 422 -> 422
[WARN] [1783599800.338310551] [waypoint_follower]: far from local route: d=1940667.34, relocalize nearest_index 422 -> 422
[INFO] [1783599800.339336102] [waypoint_follower]: nearest=422, target=422, dist=1940667.34, alpha=2.97, vx=0.00, yaw_rate=0.45, dir=1
[WARN] [1783599800.387952531] [waypoint_follower]: far from local route: d=1940667.34, relocalize nearest_index 422 -> 422
[WARN] [1783599800.437867553] [waypoint_follower]: far from local route: d=1940667.34, relocalize nearest_index 422 -> 422
[WARN] [1783599800.487988005] [waypoint_follower]: far from local route: d=1940667.34, relocalize nearest_index 422 -> 422
[WARN] [1783599800.538016142] [waypoint_follower]: far from local route: d=1940667.34, relocalize nearest_index 422 -> 422
[WARN] [1783599800.589402902] [waypoint_follower]: far from local route: d=1940667.34, relocalize nearest_index 422 -> 422
[WARN] [1783599800.639982405] [waypoint_follower]: far from local route: d=1940667.34, relocalize nearest_index 422 -> 422
[WARN] [1783599800.688707468] [waypoint_follower]: far from local route: d=1940667.34, relocalize nearest_index 422 -> 422
[WARN] [1783599800.738474785] [waypoint_follower]: far from local route: d=1940667.34, relocalize nearest_index 422 -> 422
[WARN] [1783599800.787992739] [waypoint_follower]: far from local route: d=1940667.34, relocalize nearest_index 422 -> 422
[WARN] [1783599800.837921584] [waypoint_follower]: far from local route: d=1940667.34, relocalize nearest_index 422 -> 422
[WARN] [1783599800.887974392] [waypoint_follower]: far from local route: d=1940667.34, relocalize nearest_index 422 -> 422
[WARN] [1783599800.938101180] [waypoint_follower]: far from local route: d=1940667.34, relocalize nearest_index 422 -> 422
[WARN] [1783599800.988203457] [waypoint_follower]: far from local route: d=1940667.34, relocalize nearest_index 422 -> 422
[WARN] [1783599801.037869532] [waypoint_follower]: far from local route: d=1940667.34, relocalize nearest_index 422 -> 422
[WARN] [1783599801.087933091] [waypoint_follower]: far from local route: d=1940667.34, relocalize nearest_index 422 -> 422
[WARN] [1783599801.137979147] [waypoint_follower]: far from local route: d=1940667.34, relocalize nearest_index 422 -> 422
[WARN] [1783599801.187944663] [waypoint_follower]: far from local route: d=1940667.34, relocalize nearest_index 422 -> 422
[WARN] [1783599801.239037837] [waypoint_follower]: far from local route: d=1940667.34, relocalize nearest_index 422 -> 422
[WARN] [1783599801.288372247] [waypoint_follower]: far from local route: d=1958998.24, relocalize nearest_index 422 -> 422
[WARN] [1783599801.338074191] [waypoint_follower]: far from local route: d=1958998.24, relocalize nearest_index 422 -> 422
[WARN] [1783599801.388062042] [waypoint_follower]: far from local route: d=1958998.24, relocalize nearest_index 422 -> 422
[INFO] [1783599801.389346333] [waypoint_follower]: nearest=422, target=422, dist=1958998.24, alpha=-1.46, vx=0.00, yaw_rate=-0.45, dir=1
[WARN] [1783599801.438579628] [waypoint_follower]: far from local route: d=1958998.24, relocalize nearest_index 422 -> 422
[WARN] [1783599801.488022192] [waypoint_follower]: far from local route: d=1958998.24, relocalize nearest_index 422 -> 422
[WARN] [1783599801.538433159] [waypoint_follower]: far from local route: d=1958998.24, relocalize nearest_index 422 -> 422
[WARN] [1783599801.588693573] [waypoint_follower]: far from local route: d=1958998.24, relocalize nearest_index 422 -> 422
[WARN] [1783599801.638450139] [waypoint_follower]: far from local route: d=1958998.24, relocalize nearest_index 422 -> 422
[WARN] [1783599801.688490019] [waypoint_follower]: far from local route: d=1958998.24, relocalize nearest_index 422 -> 422
[WARN] [1783599801.737818509] [waypoint_follower]: far from local route: d=1958998.24, relocalize nearest_index 422 -> 422
[WARN] [1783599801.788297153] [waypoint_follower]: far from local route: d=1958998.24, relocalize nearest_index 422 -> 422
[WARN] [1783599801.838007289] [waypoint_follower]: far from local route: d=1958998.24, relocalize nearest_index 422 -> 422
[WARN] [1783599801.887915495] [waypoint_follower]: far from local route: d=1958998.24, relocalize nearest_index 422 -> 422
[WARN] [1783599801.937807447] [waypoint_follower]: far from local route: d=1958998.24, relocalize nearest_index 422 -> 422
[WARN] [1783599801.987935515] [waypoint_follower]: far from local route: d=1958998.24, relocalize nearest_index 422 -> 422
[WARN] [1783599802.037835082] [waypoint_follower]: far from local route: d=1958998.24, relocalize nearest_index 422 -> 422
[WARN] [1783599802.091888946] [waypoint_follower]: far from local route: d=1958998.24, relocalize nearest_index 422 -> 422
[WARN] [1783599802.143030918] [waypoint_follower]: far from local route: d=1958998.24, relocalize nearest_index 422 -> 422
[WARN] [1783599802.195231399] [waypoint_follower]: far from local route: d=1958998.24, relocalize nearest_index 422 -> 422
[WARN] [1783599802.238701865] [waypoint_follower]: far from local route: d=1958998.24, relocalize nearest_index 422 -> 422
[WARN] [1783599802.287986294] [waypoint_follower]: far from local route: d=1968864.03, relocalize nearest_index 422 -> 422
[WARN] [1783599802.338654528] [waypoint_follower]: far from local route: d=1968864.03, relocalize nearest_index 422 -> 422
[WARN] [1783599802.388689417] [waypoint_follower]: far from local route: d=1968864.03, relocalize nearest_index 422 -> 422
[INFO] [1783599802.392249695] [waypoint_follower]: nearest=422, target=422, dist=1968864.03, alpha=-0.64, vx=0.12, yaw_rate=-0.45, dir=1
[WARN] [1783599802.438327588] [waypoint_follower]: far from local route: d=1968864.03, relocalize nearest_index 422 -> 422
[WARN] [1783599802.488543940] [waypoint_follower]: far from local route: d=1968864.03, relocalize nearest_index 422 -> 422
[WARN] [1783599802.490042653] [waypoint_follower]: stuck recovery: nearest_index 422 -> 422
[WARN] [1783599802.537945899] [waypoint_follower]: far from local route: d=1968864.03, relocalize nearest_index 422 -> 422
[WARN] [1783599802.588047920] [waypoint_follower]: far from local route: d=1968864.03, relocalize nearest_index 422 -> 422
[WARN] [1783599802.638342668] [waypoint_follower]: far from local route: d=1968864.03, relocalize nearest_index 422 -> 422
[WARN] [1783599802.688188830] [waypoint_follower]: far from local route: d=1968864.03, relocalize nearest_index 422 -> 422
[WARN] [1783599802.737960595] [waypoint_follower]: far from local route: d=1968864.03, relocalize nearest_index 422 -> 422
[WARN] [1783599802.788066264] [waypoint_follower]: far from local route: d=1968864.03, relocalize nearest_index 422 -> 422
[WARN] [1783599802.837929577] [waypoint_follower]: far from local route: d=1968864.03, relocalize nearest_index 422 -> 422
[WARN] [1783599802.889118651] [waypoint_follower]: far from local route: d=1968864.03, relocalize nearest_index 422 -> 422
[WARN] [1783599802.938599678] [waypoint_follower]: far from local route: d=1968864.03, relocalize nearest_index 422 -> 422
[WARN] [1783599802.988409265] [waypoint_follower]: far from local route: d=1968864.03, relocalize nearest_index 422 -> 422
[WARN] [1783599803.038671247] [waypoint_follower]: far from local route: d=1968864.03, relocalize nearest_index 422 -> 422
[WARN] [1783599803.088264972] [waypoint_follower]: far from local route: d=1968864.03, relocalize nearest_index 422 -> 422
[WARN] [1783599803.137857802] [waypoint_follower]: far from local route: d=1968864.03, relocalize nearest_index 422 -> 422
[WARN] [1783599803.187883283] [waypoint_follower]: far from local route: d=1968864.03, relocalize nearest_index 422 -> 422
[WARN] [1783599803.237936571] [waypoint_follower]: far from local route: d=1968864.03, relocalize nearest_index 422 -> 422
[WARN] [1783599803.288048576] [waypoint_follower]: far from local route: d=1968864.03, relocalize nearest_index 422 -> 422
[WARN] [1783599803.337571425] [waypoint_follower]: far from local route: d=1968864.03, relocalize nearest_index 422 -> 422
[WARN] [1783599803.388007606] [waypoint_follower]: far from local route: d=1968864.03, relocalize nearest_index 422 -> 422
[WARN] [1783599803.437905893] [waypoint_follower]: far from local route: d=1968864.03, relocalize nearest_index 422 -> 422
[INFO] [1783599803.438948275] [waypoint_follower]: nearest=422, target=422, dist=1968864.03, alpha=-0.64, vx=0.12, yaw_rate=-0.45, dir=1
[WARN] [1783599803.488013578] [waypoint_follower]: far from local route: d=1968864.03, relocalize nearest_index 422 -> 422
[WARN] [1783599803.537816094] [waypoint_follower]: far from local route: d=1968864.03, relocalize nearest_index 422 -> 422
[WARN] [1783599803.587958657] [waypoint_follower]: far from local route: d=1968864.03, relocalize nearest_index 422 -> 422
[WARN] [1783599803.637925997] [waypoint_follower]: far from local route: d=1968864.03, relocalize nearest_index 422 -> 422
[WARN] [1783599803.687918008] [waypoint_follower]: far from local route: d=1968864.03, relocalize nearest_index 422 -> 422
[WARN] [1783599803.737985663] [waypoint_follower]: far from local route: d=1968864.03, relocalize nearest_index 422 -> 422
[WARN] [1783599803.787966538] [waypoint_follower]: far from local route: d=1968864.03, relocalize nearest_index 422 -> 422
[WARN] [1783599803.837919926] [waypoint_follower]: far from local route: d=1968864.03, relocalize nearest_index 422 -> 422
[WARN] [1783599803.887885986] [waypoint_follower]: far from local route: d=1968864.03, relocalize nearest_index 422 -> 422
[WARN] [1783599803.937913067] [waypoint_follower]: far from local route: d=1968864.03, relocalize nearest_index 422 -> 422
[WARN] [1783599803.987899318] [waypoint_follower]: far from local route: d=1968864.03, relocalize nearest_index 422 -> 422
[WARN] [1783599804.037902752] [waypoint_follower]: far from local route: d=1968864.03, relocalize nearest_index 422 -> 422
[WARN] [1783599804.087955944] [waypoint_follower]: far from local route: d=1968864.03, relocalize nearest_index 422 -> 422
[WARN] [1783599804.137905908] [waypoint_follower]: far from local route: d=1968864.03, relocalize nearest_index 422 -> 422
[WARN] [1783599804.187885600] [waypoint_follower]: far from local route: d=1968864.03, relocalize nearest_index 422 -> 422
[WARN] [1783599804.240739233] [waypoint_follower]: far from local route: d=1968864.03, relocalize nearest_index 422 -> 422
[WARN] [1783599804.287987087] [waypoint_follower]: far from local route: d=1968864.03, relocalize nearest_index 422 -> 422
[WARN] [1783599804.337837889] [waypoint_follower]: far from local route: d=1968864.03, relocalize nearest_index 422 -> 422
[WARN] [1783599804.388021634] [waypoint_follower]: far from local route: d=1968864.03, relocalize nearest_index 422 -> 422
[WARN] [1783599804.437890930] [waypoint_follower]: far from local route: d=1968864.03, relocalize nearest_index 422 -> 422
[WARN] [1783599804.488230220] [waypoint_follower]: far from local route: d=1968864.03, relocalize nearest_index 422 -> 422
[INFO] [1783599804.489347063] [waypoint_follower]: nearest=422, target=422, dist=1968864.03, alpha=-0.64, vx=0.12, yaw_rate=-0.45, dir=1
[WARN] [1783599804.538000290] [waypoint_follower]: far from local route: d=1968864.03, relocalize nearest_index 422 -> 422
[WARN] [1783599804.587806453] [waypoint_follower]: far from local route: d=1968864.03, relocalize nearest_index 422 -> 422
[WARN] [1783599804.637888251] [waypoint_follower]: far from local route: d=1968864.03, relocalize nearest_index 422 -> 422
[WARN] [1783599804.687876102] [waypoint_follower]: far from local route: d=1985064.54, relocalize nearest_index 422 -> 422
[WARN] [1783599804.737839986] [waypoint_follower]: far from local route: d=1985064.54, relocalize nearest_index 422 -> 422
[WARN] [1783599804.787935864] [waypoint_follower]: far from local route: d=1985064.54, relocalize nearest_index 422 -> 422
[WARN] [1783599804.837926563] [waypoint_follower]: far from local route: d=1985064.54, relocalize nearest_index 422 -> 422
[WARN] [1783599804.887927629] [waypoint_follower]: far from local route: d=1985064.54, relocalize nearest_index 422 -> 422
[WARN] [1783599804.937866842] [waypoint_follower]: far from local route: d=1985064.54, relocalize nearest_index 422 -> 422
[WARN] [1783599804.987837702] [waypoint_follower]: far from local route: d=1985064.54, relocalize nearest_index 422 -> 422
[WARN] [1783599805.038135714] [waypoint_follower]: far from local route: d=1985064.54, relocalize nearest_index 422 -> 422
[WARN] [1783599805.087945525] [waypoint_follower]: far from local route: d=1985064.54, relocalize nearest_index 422 -> 422
[WARN] [1783599805.137914209] [waypoint_follower]: far from local route: d=1985064.54, relocalize nearest_index 422 -> 422
[WARN] [1783599805.187946889] [waypoint_follower]: far from local route: d=1985064.54, relocalize nearest_index 422 -> 422
[WARN] [1783599805.238629555] [waypoint_follower]: far from local route: d=1985064.54, relocalize nearest_index 422 -> 422
[WARN] [1783599805.288684986] [waypoint_follower]: far from local route: d=1985064.54, relocalize nearest_index 422 -> 422
[WARN] [1783599805.338421809] [waypoint_follower]: far from local route: d=1985064.54, relocalize nearest_index 422 -> 422
[WARN] [1783599805.388540342] [waypoint_follower]: far from local route: d=1985064.54, relocalize nearest_index 422 -> 422
[WARN] [1783599805.437809251] [waypoint_follower]: far from local route: d=1985064.54, relocalize nearest_index 422 -> 422
[WARN] [1783599805.487690067] [waypoint_follower]: far from local route: d=1992108.25, relocalize nearest_index 422 -> 422
[WARN] [1783599805.537883540] [waypoint_follower]: far from local route: d=1992108.25, relocalize nearest_index 422 -> 422
[WARN] [1783599805.539007262] [waypoint_follower]: stuck recovery: nearest_index 422 -> 422
[INFO] [1783599805.540045229] [waypoint_follower]: nearest=422, target=422, dist=1992108.25, alpha=1.48, vx=0.00, yaw_rate=0.45, dir=1
[WARN] [1783599805.587819937] [waypoint_follower]: far from local route: d=1992108.25, relocalize nearest_index 422 -> 422
[WARN] [1783599805.637928838] [waypoint_follower]: far from local route: d=1992108.25, relocalize nearest_index 422 -> 422
[WARN] [1783599805.687959983] [waypoint_follower]: far from local route: d=1992108.25, relocalize nearest_index 422 -> 422
[WARN] [1783599805.737716325] [waypoint_follower]: far from local route: d=1992108.25, relocalize nearest_index 422 -> 422
[WARN] [1783599805.787966787] [waypoint_follower]: far from local route: d=1992108.25, relocalize nearest_index 422 -> 422
[WARN] [1783599805.841476102] [waypoint_follower]: far from local route: d=1992108.25, relocalize nearest_index 422 -> 422
[WARN] [1783599805.887937113] [waypoint_follower]: far from local route: d=1992108.25, relocalize nearest_index 422 -> 422
[WARN] [1783599805.938837560] [waypoint_follower]: far from local route: d=1994926.87, relocalize nearest_index 422 -> 422
[WARN] [1783599805.988288253] [waypoint_follower]: far from local route: d=1994926.87, relocalize nearest_index 422 -> 422
[WARN] [1783599806.038870667] [waypoint_follower]: far from local route: d=1994926.87, relocalize nearest_index 422 -> 422
[WARN] [1783599806.088567140] [waypoint_follower]: far from local route: d=1994926.87, relocalize nearest_index 422 -> 422
[WARN] [1783599806.137862000] [waypoint_follower]: far from local route: d=1994926.87, relocalize nearest_index 422 -> 422
[WARN] [1783599806.187875033] [waypoint_follower]: far from local route: d=1994926.87, relocalize nearest_index 422 -> 422
[WARN] [1783599806.237868516] [waypoint_follower]: far from local route: d=1994926.87, relocalize nearest_index 422 -> 422
[WARN] [1783599806.288085316] [waypoint_follower]: far from local route: d=1994926.87, relocalize nearest_index 422 -> 422
[WARN] [1783599806.338192073] [waypoint_follower]: far from local route: d=1994926.87, relocalize nearest_index 422 -> 422
[WARN] [1783599806.389182212] [waypoint_follower]: far from local route: d=1998450.80, relocalize nearest_index 422 -> 422
[WARN] [1783599806.437891308] [waypoint_follower]: far from local route: d=1998450.80, relocalize nearest_index 422 -> 422
[WARN] [1783599806.488025104] [waypoint_follower]: far from local route: d=1998450.80, relocalize nearest_index 422 -> 422
[WARN] [1783599806.537915455] [waypoint_follower]: far from local route: d=1999148.64, relocalize nearest_index 422 -> 422
[INFO] [1783599806.538964109] [waypoint_follower]: nearest=422, target=422, dist=1999148.64, alpha=2.44, vx=0.00, yaw_rate=0.45, dir=1
[WARN] [1783599806.588027076] [waypoint_follower]: far from local route: d=1999148.64, relocalize nearest_index 422 -> 422
[WARN] [1783599806.638217701] [waypoint_follower]: far from local route: d=1999148.64, relocalize nearest_index 422 -> 422
[WARN] [1783599806.688613180] [waypoint_follower]: far from local route: d=1999148.64, relocalize nearest_index 422 -> 422
[WARN] [1783599806.737809837] [waypoint_follower]: far from local route: d=1999148.64, relocalize nearest_index 422 -> 422
[WARN] [1783599806.788764362] [waypoint_follower]: far from local route: d=1999148.64, relocalize nearest_index 422 -> 422
[WARN] [1783599806.838074453] [waypoint_follower]: far from local route: d=1999148.64, relocalize nearest_index 422 -> 422
[WARN] [1783599806.898860188] [waypoint_follower]: far from local route: d=1999148.64, relocalize nearest_index 422 -> 422
[WARN] [1783599806.949855350] [waypoint_follower]: far from local route: d=2001977.22, relocalize nearest_index 422 -> 422
[WARN] [1783599806.987896348] [waypoint_follower]: far from local route: d=2001977.22, relocalize nearest_index 422 -> 422
[WARN] [1783599807.037937540] [waypoint_follower]: far from local route: d=2001977.22, relocalize nearest_index 422 -> 422
[WARN] [1783599807.097250097] [waypoint_follower]: far from local route: d=2001977.22, relocalize nearest_index 422 -> 422
[WARN] [1783599807.138188877] [waypoint_follower]: far from local route: d=2001977.22, relocalize nearest_index 422 -> 422
[WARN] [1783599807.188462410] [waypoint_follower]: far from local route: d=2001977.22, relocalize nearest_index 422 -> 422
[WARN] [1783599807.238465748] [waypoint_follower]: far from local route: d=2001977.22, relocalize nearest_index 422 -> 422
[WARN] [1783599807.287910137] [waypoint_follower]: far from local route: d=2001977.22, relocalize nearest_index 422 -> 422
[WARN] [1783599807.337842566] [waypoint_follower]: far from local route: d=2001977.22, relocalize nearest_index 422 -> 422
[WARN] [1783599807.388006729] [waypoint_follower]: far from local route: d=2001977.22, relocalize nearest_index 422 -> 422
[WARN] [1783599807.437860314] [waypoint_follower]: far from local route: d=2001977.22, relocalize nearest_index 422 -> 422
[WARN] [1783599807.488011325] [waypoint_follower]: far from local route: d=2001977.22, relocalize nearest_index 422 -> 422
[WARN] [1783599807.537811633] [waypoint_follower]: far from local route: d=2001977.22, relocalize nearest_index 422 -> 422
[WARN] [1783599807.587946612] [waypoint_follower]: far from local route: d=2001977.22, relocalize nearest_index 422 -> 422
[INFO] [1783599807.589033152] [waypoint_follower]: nearest=422, target=422, dist=2001977.22, alpha=2.79, vx=0.00, yaw_rate=0.45, dir=1
[WARN] [1783599807.637887585] [waypoint_follower]: far from local route: d=2001977.22, relocalize nearest_index 422 -> 422
[WARN] [1783599807.687903307] [waypoint_follower]: far from local route: d=2001977.22, relocalize nearest_index 422 -> 422
[WARN] [1783599807.737883926] [waypoint_follower]: far from local route: d=2001977.22, relocalize nearest_index 422 -> 422
[WARN] [1783599807.787894720] [waypoint_follower]: far from local route: d=2001977.22, relocalize nearest_index 422 -> 422
[WARN] [1783599807.837900426] [waypoint_follower]: far from local route: d=2001977.22, relocalize nearest_index 422 -> 422
[WARN] [1783599807.887869717] [waypoint_follower]: far from local route: d=2004820.43, relocalize nearest_index 422 -> 422
[WARN] [1783599807.938327754] [waypoint_follower]: far from local route: d=2004820.43, relocalize nearest_index 422 -> 422
[WARN] [1783599807.987951398] [waypoint_follower]: far from local route: d=2004820.43, relocalize nearest_index 422 -> 422
[WARN] [1783599808.037870388] [waypoint_follower]: far from local route: d=2004820.43, relocalize nearest_index 422 -> 422
[WARN] [1783599808.087923548] [waypoint_follower]: far from local route: d=2004820.43, relocalize nearest_index 422 -> 422
[WARN] [1783599808.137794188] [waypoint_follower]: far from local route: d=2004820.43, relocalize nearest_index 422 -> 422
[WARN] [1783599808.187853812] [waypoint_follower]: far from local route: d=2004820.43, relocalize nearest_index 422 -> 422
[WARN] [1783599808.237864669] [waypoint_follower]: far from local route: d=2004820.43, relocalize nearest_index 422 -> 422
[WARN] [1783599808.288248565] [waypoint_follower]: far from local route: d=2004820.43, relocalize nearest_index 422 -> 422
[WARN] [1783599808.337871249] [waypoint_follower]: far from local route: d=2004820.43, relocalize nearest_index 422 -> 422
[WARN] [1783599808.387911738] [waypoint_follower]: far from local route: d=2010445.00, relocalize nearest_index 422 -> 422
[WARN] [1783599808.438590788] [waypoint_follower]: far from local route: d=2010445.00, relocalize nearest_index 422 -> 422
[WARN] [1783599808.488179553] [waypoint_follower]: far from local route: d=2010445.00, relocalize nearest_index 422 -> 422
[WARN] [1783599808.538213706] [waypoint_follower]: far from local route: d=2010445.00, relocalize nearest_index 422 -> 422
[WARN] [1783599808.540379235] [waypoint_follower]: stuck recovery: nearest_index 422 -> 422
[WARN] [1783599808.588054428] [waypoint_follower]: far from local route: d=2010445.00, relocalize nearest_index 422 -> 422
[INFO] [1783599808.589080203] [waypoint_follower]: nearest=422, target=422, dist=2010445.00, alpha=-2.47, vx=0.00, yaw_rate=-0.45, dir=1
[WARN] [1783599808.637820561] [waypoint_follower]: far from local route: d=2010445.00, relocalize nearest_index 422 -> 422
[WARN] [1783599808.687967189] [waypoint_follower]: far from local route: d=2010445.00, relocalize nearest_index 422 -> 422
[WARN] [1783599808.737812166] [waypoint_follower]: far from local route: d=2010445.00, relocalize nearest_index 422 -> 422
[WARN] [1783599808.788262811] [waypoint_follower]: far from local route: d=2010445.00, relocalize nearest_index 422 -> 422
[WARN] [1783599808.837886551] [waypoint_follower]: far from local route: d=2010445.00, relocalize nearest_index 422 -> 422
[WARN] [1783599808.888438503] [waypoint_follower]: far from local route: d=2010445.00, relocalize nearest_index 422 -> 422
[WARN] [1783599808.938888828] [waypoint_follower]: far from local route: d=2013983.15, relocalize nearest_index 422 -> 422
[WARN] [1783599808.987908405] [waypoint_follower]: far from local route: d=2013983.15, relocalize nearest_index 422 -> 422
[WARN] [1783599809.037899071] [waypoint_follower]: far from local route: d=2013983.15, relocalize nearest_index 422 -> 422
[WARN] [1783599809.087978662] [waypoint_follower]: far from local route: d=2013983.15, relocalize nearest_index 422 -> 422
[WARN] [1783599809.137990384] [waypoint_follower]: far from local route: d=2013983.15, relocalize nearest_index 422 -> 422
[WARN] [1783599809.188069814] [waypoint_follower]: far from local route: d=2013983.15, relocalize nearest_index 422 -> 422
[WARN] [1783599809.237869066] [waypoint_follower]: far from local route: d=2013983.15, relocalize nearest_index 422 -> 422
[WARN] [1783599809.288031436] [waypoint_follower]: far from local route: d=2013983.15, relocalize nearest_index 422 -> 422
[WARN] [1783599809.337868734] [waypoint_follower]: far from local route: d=2013983.15, relocalize nearest_index 422 -> 422
[WARN] [1783599809.387870376] [waypoint_follower]: far from local route: d=2013983.15, relocalize nearest_index 422 -> 422
[WARN] [1783599809.437771927] [waypoint_follower]: far from local route: d=2013983.15, relocalize nearest_index 422 -> 422
[WARN] [1783599809.487804608] [waypoint_follower]: far from local route: d=2013983.15, relocalize nearest_index 422 -> 422
[WARN] [1783599809.537757453] [waypoint_follower]: far from local route: d=2013983.15, relocalize nearest_index 422 -> 422
[WARN] [1783599809.587859954] [waypoint_follower]: far from local route: d=2013983.15, relocalize nearest_index 422 -> 422
[WARN] [1783599809.637920889] [waypoint_follower]: far from local route: d=2013983.15, relocalize nearest_index 422 -> 422
[INFO] [1783599809.639018501] [waypoint_follower]: nearest=422, target=422, dist=2013983.15, alpha=-2.19, vx=0.00, yaw_rate=-0.45, dir=1
[WARN] [1783599809.688175127] [waypoint_follower]: far from local route: d=2013983.15, relocalize nearest_index 422 -> 422
[WARN] [1783599809.738006186] [waypoint_follower]: far from local route: d=2013983.15, relocalize nearest_index 422 -> 422
[WARN] [1783599809.791096288] [waypoint_follower]: far from local route: d=2013983.15, relocalize nearest_index 422 -> 422
[WARN] [1783599809.838438473] [waypoint_follower]: far from local route: d=2013983.15, relocalize nearest_index 422 -> 422
[WARN] [1783599809.890007625] [waypoint_follower]: far from local route: d=2013983.15, relocalize nearest_index 422 -> 422
[WARN] [1783599809.938650516] [waypoint_follower]: far from local route: d=2013983.15, relocalize nearest_index 422 -> 422
[WARN] [1783599809.988289967] [waypoint_follower]: far from local route: d=2013983.15, relocalize nearest_index 422 -> 422
[WARN] [1783599810.038942682] [waypoint_follower]: far from local route: d=2013983.15, relocalize nearest_index 422 -> 422
[WARN] [1783599810.088687313] [waypoint_follower]: far from local route: d=2013983.15, relocalize nearest_index 422 -> 422
[WARN] [1783599810.137892897] [waypoint_follower]: far from local route: d=2023876.40, relocalize nearest_index 422 -> 422
[WARN] [1783599810.187988135] [waypoint_follower]: far from local route: d=2023876.40, relocalize nearest_index 422 -> 422
[WARN] [1783599810.237929972] [waypoint_follower]: far from local route: d=2023876.40, relocalize nearest_index 422 -> 422
[WARN] [1783599810.287928798] [waypoint_follower]: far from local route: d=2023876.40, relocalize nearest_index 422 -> 422
[WARN] [1783599810.337850188] [waypoint_follower]: far from local route: d=2023876.40, relocalize nearest_index 422 -> 422
[WARN] [1783599810.387947473] [waypoint_follower]: far from local route: d=2023876.40, relocalize nearest_index 422 -> 422
[WARN] [1783599810.437913533] [waypoint_follower]: far from local route: d=2023876.40, relocalize nearest_index 422 -> 422
[WARN] [1783599810.488060896] [waypoint_follower]: far from local route: d=2023876.40, relocalize nearest_index 422 -> 422
[WARN] [1783599810.537981518] [waypoint_follower]: far from local route: d=2023876.40, relocalize nearest_index 422 -> 422
[WARN] [1783599810.588048725] [waypoint_follower]: far from local route: d=2023876.40, relocalize nearest_index 422 -> 422
[WARN] [1783599810.637933413] [waypoint_follower]: far from local route: d=2023876.40, relocalize nearest_index 422 -> 422
[WARN] [1783599810.688140294] [waypoint_follower]: far from local route: d=2023876.40, relocalize nearest_index 422 -> 422
[INFO] [1783599810.689247473] [waypoint_follower]: nearest=422, target=422, dist=2023876.40, alpha=-1.95, vx=0.00, yaw_rate=-0.45, dir=1
[WARN] [1783599810.737975832] [waypoint_follower]: far from local route: d=2023876.40, relocalize nearest_index 422 -> 422
[WARN] [1783599810.788078333] [waypoint_follower]: far from local route: d=2023876.40, relocalize nearest_index 422 -> 422
[WARN] [1783599810.837951213] [waypoint_follower]: far from local route: d=2023876.40, relocalize nearest_index 422 -> 422
[WARN] [1783599810.887998709] [waypoint_follower]: far from local route: d=2023876.40, relocalize nearest_index 422 -> 422
[WARN] [1783599810.938633825] [waypoint_follower]: far from local route: d=2023876.40, relocalize nearest_index 422 -> 422
[WARN] [1783599810.987963307] [waypoint_follower]: far from local route: d=2023876.40, relocalize nearest_index 422 -> 422
[WARN] [1783599811.037867418] [waypoint_follower]: far from local route: d=2023876.40, relocalize nearest_index 422 -> 422
[WARN] [1783599811.088151287] [waypoint_follower]: far from local route: d=2023876.40, relocalize nearest_index 422 -> 422
[WARN] [1783599811.137979401] [waypoint_follower]: far from local route: d=2023876.40, relocalize nearest_index 422 -> 422
[WARN] [1783599811.188154699] [waypoint_follower]: far from local route: d=2023876.40, relocalize nearest_index 422 -> 422
[WARN] [1783599811.237966814] [waypoint_follower]: far from local route: d=2023876.40, relocalize nearest_index 422 -> 422
[WARN] [1783599811.287991079] [waypoint_follower]: far from local route: d=2023876.40, relocalize nearest_index 422 -> 422
[WARN] [1783599811.337937460] [waypoint_follower]: far from local route: d=2023876.40, relocalize nearest_index 422 -> 422
[WARN] [1783599811.388100759] [waypoint_follower]: far from local route: d=2023876.40, relocalize nearest_index 422 -> 422
[WARN] [1783599811.437914410] [waypoint_follower]: far from local route: d=2026098.52, relocalize nearest_index 422 -> 422
[WARN] [1783599811.488102795] [waypoint_follower]: far from local route: d=2026098.52, relocalize nearest_index 422 -> 422
[WARN] [1783599811.537994074] [waypoint_follower]: far from local route: d=2026098.52, relocalize nearest_index 422 -> 422
[WARN] [1783599811.588135390] [waypoint_follower]: far from local route: d=2026098.52, relocalize nearest_index 422 -> 422
[WARN] [1783599811.589427008] [waypoint_follower]: stuck recovery: nearest_index 422 -> 422
[WARN] [1783599811.638000751] [waypoint_follower]: far from local route: d=2026098.52, relocalize nearest_index 422 -> 422
[WARN] [1783599811.688105140] [waypoint_follower]: far from local route: d=2026098.52, relocalize nearest_index 422 -> 422
[WARN] [1783599811.737986148] [waypoint_follower]: far from local route: d=2026098.52, relocalize nearest_index 422 -> 422
[INFO] [1783599811.739097711] [waypoint_follower]: nearest=422, target=422, dist=2026098.52, alpha=-1.91, vx=0.00, yaw_rate=-0.45, dir=1
[WARN] [1783599811.788008685] [waypoint_follower]: far from local route: d=2026098.52, relocalize nearest_index 422 -> 422
[WARN] [1783599811.837944954] [waypoint_follower]: far from local route: d=2026098.52, relocalize nearest_index 422 -> 422
[WARN] [1783599811.888018721] [waypoint_follower]: far from local route: d=2026098.52, relocalize nearest_index 422 -> 422
[WARN] [1783599811.938191491] [waypoint_follower]: far from local route: d=2026098.52, relocalize nearest_index 422 -> 422
[WARN] [1783599811.988032053] [waypoint_follower]: far from local route: d=2026098.52, relocalize nearest_index 422 -> 422
[WARN] [1783599812.037928164] [waypoint_follower]: far from local route: d=2026098.52, relocalize nearest_index 422 -> 422
[WARN] [1783599812.087960109] [waypoint_follower]: far from local route: d=2026098.52, relocalize nearest_index 422 -> 422
[WARN] [1783599812.138048915] [waypoint_follower]: far from local route: d=2026098.52, relocalize nearest_index 422 -> 422
[WARN] [1783599812.188046013] [waypoint_follower]: far from local route: d=2026098.52, relocalize nearest_index 422 -> 422
[WARN] [1783599812.238216991] [waypoint_follower]: far from local route: d=2026098.52, relocalize nearest_index 422 -> 422
[WARN] [1783599812.288380482] [waypoint_follower]: far from local route: d=2026098.52, relocalize nearest_index 422 -> 422
[WARN] [1783599812.337953280] [waypoint_follower]: far from local route: d=2026098.52, relocalize nearest_index 422 -> 422
[WARN] [1783599812.387997160] [waypoint_follower]: far from local route: d=2026098.52, relocalize nearest_index 422 -> 422
[WARN] [1783599812.437926294] [waypoint_follower]: far from local route: d=2026098.52, relocalize nearest_index 422 -> 422
[WARN] [1783599812.487984157] [waypoint_follower]: far from local route: d=2026098.52, relocalize nearest_index 422 -> 422
[WARN] [1783599812.537944906] [waypoint_follower]: far from local route: d=2026098.52, relocalize nearest_index 422 -> 422
[WARN] [1783599812.589445676] [waypoint_follower]: far from local route: d=2035245.97, relocalize nearest_index 422 -> 422
[WARN] [1783599812.637913119] [waypoint_follower]: far from local route: d=2035245.97, relocalize nearest_index 422 -> 422
[WARN] [1783599812.688031364] [waypoint_follower]: far from local route: d=2035245.97, relocalize nearest_index 422 -> 422
[WARN] [1783599812.737949714] [waypoint_follower]: far from local route: d=2035245.97, relocalize nearest_index 422 -> 422
[WARN] [1783599812.787979995] [waypoint_follower]: far from local route: d=2035245.97, relocalize nearest_index 422 -> 422
[INFO] [1783599812.789116645] [waypoint_follower]: nearest=422, target=422, dist=2035245.97, alpha=-1.42, vx=0.00, yaw_rate=-0.45, dir=1
[WARN] [1783599812.837888778] [waypoint_follower]: far from local route: d=2035245.97, relocalize nearest_index 422 -> 422
[WARN] [1783599812.888038125] [waypoint_follower]: far from local route: d=2035245.97, relocalize nearest_index 422 -> 422
[WARN] [1783599812.938707447] [waypoint_follower]: far from local route: d=2035245.97, relocalize nearest_index 422 -> 422
[WARN] [1783599812.988628613] [waypoint_follower]: far from local route: d=2035245.97, relocalize nearest_index 422 -> 422
[WARN] [1783599813.038248289] [waypoint_follower]: far from local route: d=2035245.97, relocalize nearest_index 422 -> 422
[WARN] [1783599813.088911660] [waypoint_follower]: far from local route: d=2035245.97, relocalize nearest_index 422 -> 422
[WARN] [1783599813.138390607] [waypoint_follower]: far from local route: d=2035245.97, relocalize nearest_index 422 -> 422
[WARN] [1783599813.187917328] [waypoint_follower]: far from local route: d=2035245.97, relocalize nearest_index 422 -> 422
[WARN] [1783599813.237827358] [waypoint_follower]: far from local route: d=2035245.97, relocalize nearest_index 422 -> 422
[WARN] [1783599813.287863463] [waypoint_follower]: far from local route: d=2035245.97, relocalize nearest_index 422 -> 422
[WARN] [1783599813.337894992] [waypoint_follower]: far from local route: d=2035245.97, relocalize nearest_index 422 -> 422
[WARN] [1783599813.388154221] [waypoint_follower]: far from local route: d=2035245.97, relocalize nearest_index 422 -> 422
[WARN] [1783599813.437826919] [waypoint_follower]: far from local route: d=2035245.97, relocalize nearest_index 422 -> 422
[WARN] [1783599813.488147458] [waypoint_follower]: far from local route: d=2035245.97, relocalize nearest_index 422 -> 422
[WARN] [1783599813.538054993] [waypoint_follower]: far from local route: d=2035245.97, relocalize nearest_index 422 -> 422
[WARN] [1783599813.587826630] [waypoint_follower]: far from local route: d=2035245.97, relocalize nearest_index 422 -> 422
[WARN] [1783599813.637813713] [waypoint_follower]: far from local route: d=2035245.97, relocalize nearest_index 422 -> 422
[WARN] [1783599813.688260678] [waypoint_follower]: far from local route: d=2035245.97, relocalize nearest_index 422 -> 422
[WARN] [1783599813.738067769] [waypoint_follower]: far from local route: d=2035245.97, relocalize nearest_index 422 -> 422
[WARN] [1783599813.787899755] [waypoint_follower]: far from local route: d=2035245.97, relocalize nearest_index 422 -> 422
[WARN] [1783599813.837777404] [waypoint_follower]: far from local route: d=2035245.97, relocalize nearest_index 422 -> 422
[INFO] [1783599813.841265365] [waypoint_follower]: nearest=422, target=422, dist=2035245.97, alpha=-1.42, vx=0.00, yaw_rate=-0.45, dir=1
[WARN] [1783599813.887875009] [waypoint_follower]: far from local route: d=2035245.97, relocalize nearest_index 422 -> 422
[WARN] [1783599813.937806255] [waypoint_follower]: far from local route: d=2035245.97, relocalize nearest_index 422 -> 422
[WARN] [1783599813.987892693] [waypoint_follower]: far from local route: d=2035245.97, relocalize nearest_index 422 -> 422
[WARN] [1783599814.037838594] [waypoint_follower]: far from local route: d=2035245.97, relocalize nearest_index 422 -> 422
[WARN] [1783599814.087994372] [waypoint_follower]: far from local route: d=2035245.97, relocalize nearest_index 422 -> 422
[WARN] [1783599814.139239763] [waypoint_follower]: far from local route: d=2035245.97, relocalize nearest_index 422 -> 422
[WARN] [1783599814.188044214] [waypoint_follower]: far from local route: d=2035245.97, relocalize nearest_index 422 -> 422
[WARN] [1783599814.247337604] [waypoint_follower]: far from local route: d=2035245.97, relocalize nearest_index 422 -> 422
[WARN] [1783599814.289642910] [waypoint_follower]: far from local route: d=2035245.97, relocalize nearest_index 422 -> 422
[WARN] [1783599814.337833087] [waypoint_follower]: far from local route: d=2035245.97, relocalize nearest_index 422 -> 422
[WARN] [1783599814.388483114] [waypoint_follower]: far from local route: d=2035245.97, relocalize nearest_index 422 -> 422
[WARN] [1783599814.437913168] [waypoint_follower]: far from local route: d=2035245.97, relocalize nearest_index 422 -> 422
[WARN] [1783599814.488395139] [waypoint_follower]: far from local route: d=2035245.97, relocalize nearest_index 422 -> 422
[WARN] [1783599814.541346464] [waypoint_follower]: far from local route: d=2035245.97, relocalize nearest_index 422 -> 422
[WARN] [1783599814.589463140] [waypoint_follower]: far from local route: d=2035245.97, relocalize nearest_index 422 -> 422
[WARN] [1783599814.592178947] [waypoint_follower]: stuck recovery: nearest_index 422 -> 422
[WARN] [1783599814.639568554] [waypoint_follower]: far from local route: d=2035245.97, relocalize nearest_index 422 -> 422
[WARN] [1783599814.687838087] [waypoint_follower]: far from local route: d=2035245.97, relocalize nearest_index 422 -> 422
[WARN] [1783599814.737899662] [waypoint_follower]: far from local route: d=2047230.45, relocalize nearest_index 422 -> 422
[WARN] [1783599814.787954038] [waypoint_follower]: far from local route: d=2047230.45, relocalize nearest_index 422 -> 422
[WARN] [1783599814.837805831] [waypoint_follower]: far from local route: d=2047230.45, relocalize nearest_index 422 -> 422
[INFO] [1783599814.838859444] [waypoint_follower]: nearest=422, target=422, dist=2047230.45, alpha=-0.39, vx=0.25, yaw_rate=-0.36, dir=1
[WARN] [1783599814.888062053] [waypoint_follower]: far from local route: d=2047230.45, relocalize nearest_index 422 -> 422
[WARN] [1783599814.937858617] [waypoint_follower]: far from local route: d=2047230.45, relocalize nearest_index 422 -> 422
[WARN] [1783599814.989254688] [waypoint_follower]: far from local route: d=2047230.45, relocalize nearest_index 422 -> 422
[WARN] [1783599815.038818079] [waypoint_follower]: far from local route: d=2047230.45, relocalize nearest_index 422 -> 422
[WARN] [1783599815.088237797] [waypoint_follower]: far from local route: d=2047230.45, relocalize nearest_index 422 -> 422
[WARN] [1783599815.138389608] [waypoint_follower]: far from local route: d=2047230.45, relocalize nearest_index 422 -> 422
[WARN] [1783599815.188044291] [waypoint_follower]: far from local route: d=2047230.45, relocalize nearest_index 422 -> 422
[WARN] [1783599815.237872662] [waypoint_follower]: far from local route: d=2047230.45, relocalize nearest_index 422 -> 422
[WARN] [1783599815.288024792] [waypoint_follower]: far from local route: d=2047230.45, relocalize nearest_index 422 -> 422
[WARN] [1783599815.337930023] [waypoint_follower]: far from local route: d=2047230.45, relocalize nearest_index 422 -> 422
[WARN] [1783599815.387958544] [waypoint_follower]: far from local route: d=2047230.45, relocalize nearest_index 422 -> 422
[WARN] [1783599815.438823889] [waypoint_follower]: far from local route: d=2047230.45, relocalize nearest_index 422 -> 422
[WARN] [1783599815.487873449] [waypoint_follower]: far from local route: d=2047230.45, relocalize nearest_index 422 -> 422
[WARN] [1783599815.537887378] [waypoint_follower]: far from local route: d=2047230.45, relocalize nearest_index 422 -> 422
[WARN] [1783599815.588289097] [waypoint_follower]: far from local route: d=2047230.45, relocalize nearest_index 422 -> 422
[WARN] [1783599815.637962211] [waypoint_follower]: far from local route: d=2047230.45, relocalize nearest_index 422 -> 422
[WARN] [1783599815.688264383] [waypoint_follower]: far from local route: d=2047230.45, relocalize nearest_index 422 -> 422
[WARN] [1783599815.737924729] [waypoint_follower]: far from local route: d=2047230.45, relocalize nearest_index 422 -> 422
[WARN] [1783599815.788041822] [waypoint_follower]: far from local route: d=2047230.45, relocalize nearest_index 422 -> 422
[WARN] [1783599815.837880240] [waypoint_follower]: far from local route: d=2047230.45, relocalize nearest_index 422 -> 422
[INFO] [1783599815.838950621] [waypoint_follower]: nearest=422, target=422, dist=2047230.45, alpha=-0.39, vx=0.25, yaw_rate=-0.36, dir=1
[WARN] [1783599815.887824861] [waypoint_follower]: far from local route: d=2047230.45, relocalize nearest_index 422 -> 422
[WARN] [1783599815.937848134] [waypoint_follower]: far from local route: d=2047230.45, relocalize nearest_index 422 -> 422
[WARN] [1783599815.988141282] [waypoint_follower]: far from local route: d=2047230.45, relocalize nearest_index 422 -> 422
[WARN] [1783599816.037825531] [waypoint_follower]: far from local route: d=2047230.45, relocalize nearest_index 422 -> 422
[WARN] [1783599816.087971839] [waypoint_follower]: far from local route: d=2047230.45, relocalize nearest_index 422 -> 422
[WARN] [1783599816.137869614] [waypoint_follower]: far from local route: d=2047230.45, relocalize nearest_index 422 -> 422
[WARN] [1783599816.188043376] [waypoint_follower]: far from local route: d=2047230.45, relocalize nearest_index 422 -> 422
[WARN] [1783599816.237768999] [waypoint_follower]: far from local route: d=2047230.45, relocalize nearest_index 422 -> 422
[WARN] [1783599816.288160927] [waypoint_follower]: far from local route: d=2047230.45, relocalize nearest_index 422 -> 422
[WARN] [1783599816.337851000] [waypoint_follower]: far from local route: d=2047230.45, relocalize nearest_index 422 -> 422
[WARN] [1783599816.388200913] [waypoint_follower]: far from local route: d=2047230.45, relocalize nearest_index 422 -> 422
[WARN] [1783599816.437831885] [waypoint_follower]: far from local route: d=2047230.45, relocalize nearest_index 422 -> 422
[WARN] [1783599816.488152680] [waypoint_follower]: far from local route: d=2047230.45, relocalize nearest_index 422 -> 422
[WARN] [1783599816.537865504] [waypoint_follower]: far from local route: d=2047230.45, relocalize nearest_index 422 -> 422
[WARN] [1783599816.587768687] [waypoint_follower]: far from local route: d=2062821.13, relocalize nearest_index 422 -> 422
[WARN] [1783599816.637913298] [waypoint_follower]: far from local route: d=2062821.13, relocalize nearest_index 422 -> 422
[WARN] [1783599816.688006232] [waypoint_follower]: far from local route: d=2062821.13, relocalize nearest_index 422 -> 422
[WARN] [1783599816.737863977] [waypoint_follower]: far from local route: d=2062821.13, relocalize nearest_index 422 -> 422
[WARN] [1783599816.788360571] [waypoint_follower]: far from local route: d=2062821.13, relocalize nearest_index 422 -> 422
[WARN] [1783599816.837902588] [waypoint_follower]: far from local route: d=2062821.13, relocalize nearest_index 422 -> 422
[INFO] [1783599816.839130977] [waypoint_follower]: nearest=422, target=422, dist=2062821.13, alpha=0.88, vx=0.12, yaw_rate=0.45, dir=1
[WARN] [1783599816.888211127] [waypoint_follower]: far from local route: d=2062821.13, relocalize nearest_index 422 -> 422
[WARN] [1783599816.938022442] [waypoint_follower]: far from local route: d=2062821.13, relocalize nearest_index 422 -> 422
[WARN] [1783599816.989413714] [waypoint_follower]: far from local route: d=2062821.13, relocalize nearest_index 422 -> 422
[WARN] [1783599817.038204950] [waypoint_follower]: far from local route: d=2062821.13, relocalize nearest_index 422 -> 422
[WARN] [1783599817.088264285] [waypoint_follower]: far from local route: d=2062821.13, relocalize nearest_index 422 -> 422
[WARN] [1783599817.138512860] [waypoint_follower]: far from local route: d=2062821.13, relocalize nearest_index 422 -> 422
[WARN] [1783599817.188479560] [waypoint_follower]: far from local route: d=2062821.13, relocalize nearest_index 422 -> 422
[WARN] [1783599817.237973066] [waypoint_follower]: far from local route: d=2062821.13, relocalize nearest_index 422 -> 422
[WARN] [1783599817.287883928] [waypoint_follower]: far from local route: d=2062821.13, relocalize nearest_index 422 -> 422
[WARN] [1783599817.338284784] [waypoint_follower]: far from local route: d=2062821.13, relocalize nearest_index 422 -> 422
[WARN] [1783599817.387942442] [waypoint_follower]: far from local route: d=2062821.13, relocalize nearest_index 422 -> 422
[WARN] [1783599817.437865560] [waypoint_follower]: far from local route: d=2062821.13, relocalize nearest_index 422 -> 422
[WARN] [1783599817.498666014] [waypoint_follower]: far from local route: d=2062821.13, relocalize nearest_index 422 -> 422
[WARN] [1783599817.539749554] [waypoint_follower]: far from local route: d=2062821.13, relocalize nearest_index 422 -> 422
[WARN] [1783599817.588460474] [waypoint_follower]: far from local route: d=2062821.13, relocalize nearest_index 422 -> 422
[WARN] [1783599817.638478148] [waypoint_follower]: far from local route: d=2062821.13, relocalize nearest_index 422 -> 422
[WARN] [1783599817.639720552] [waypoint_follower]: stuck recovery: nearest_index 422 -> 422
[WARN] [1783599817.688699011] [waypoint_follower]: far from local route: d=2062821.13, relocalize nearest_index 422 -> 422
[WARN] [1783599817.738599250] [waypoint_follower]: far from local route: d=2078422.25, relocalize nearest_index 422 -> 422
[WARN] [1783599817.792716120] [waypoint_follower]: far from local route: d=2078422.25, relocalize nearest_index 422 -> 422
[WARN] [1783599817.837949382] [waypoint_follower]: far from local route: d=2078422.25, relocalize nearest_index 422 -> 422
[INFO] [1783599817.838992788] [waypoint_follower]: nearest=422, target=422, dist=2078422.25, alpha=2.51, vx=0.00, yaw_rate=0.45, dir=1
[WARN] [1783599817.887914962] [waypoint_follower]: far from local route: d=2078422.25, relocalize nearest_index 422 -> 422
[WARN] [1783599817.937884413] [waypoint_follower]: far from local route: d=2078422.25, relocalize nearest_index 422 -> 422
[WARN] [1783599817.988322643] [waypoint_follower]: far from local route: d=2078422.25, relocalize nearest_index 422 -> 422
[WARN] [1783599818.038552466] [waypoint_follower]: far from local route: d=2078422.25, relocalize nearest_index 422 -> 422
[WARN] [1783599818.088918507] [waypoint_follower]: far from local route: d=2078422.25, relocalize nearest_index 422 -> 422
[WARN] [1783599818.138301043] [waypoint_follower]: far from local route: d=2078422.25, relocalize nearest_index 422 -> 422
[WARN] [1783599818.188490004] [waypoint_follower]: far from local route: d=2078422.25, relocalize nearest_index 422 -> 422
[WARN] [1783599818.238328838] [waypoint_follower]: far from local route: d=2078422.25, relocalize nearest_index 422 -> 422
[WARN] [1783599818.288174327] [waypoint_follower]: far from local route: d=2078422.25, relocalize nearest_index 422 -> 422
[WARN] [1783599818.338081190] [waypoint_follower]: far from local route: d=2078422.25, relocalize nearest_index 422 -> 422
[WARN] [1783599818.388507708] [waypoint_follower]: far from local route: d=2078422.25, relocalize nearest_index 422 -> 422
[WARN] [1783599818.438085370] [waypoint_follower]: far from local route: d=2078422.25, relocalize nearest_index 422 -> 422
[WARN] [1783599818.488133954] [waypoint_follower]: far from local route: d=2078422.25, relocalize nearest_index 422 -> 422
[WARN] [1783599818.538120941] [waypoint_follower]: far from local route: d=2078422.25, relocalize nearest_index 422 -> 422
[WARN] [1783599818.588090457] [waypoint_follower]: far from local route: d=2078422.25, relocalize nearest_index 422 -> 422
[WARN] [1783599818.638196798] [waypoint_follower]: far from local route: d=2078422.25, relocalize nearest_index 422 -> 422
[WARN] [1783599818.688156330] [waypoint_follower]: far from local route: d=2086944.66, relocalize nearest_index 422 -> 422
[WARN] [1783599818.738674459] [waypoint_follower]: far from local route: d=2086944.66, relocalize nearest_index 422 -> 422
[WARN] [1783599818.788111521] [waypoint_follower]: far from local route: d=2086944.66, relocalize nearest_index 422 -> 422
[WARN] [1783599818.838049166] [waypoint_follower]: far from local route: d=2086944.66, relocalize nearest_index 422 -> 422
[INFO] [1783599818.839187703] [waypoint_follower]: nearest=422, target=422, dist=2086944.66, alpha=-3.00, vx=0.00, yaw_rate=-0.45, dir=1
[WARN] [1783599818.888353194] [waypoint_follower]: far from local route: d=2086944.66, relocalize nearest_index 422 -> 422
[WARN] [1783599818.938092192] [waypoint_follower]: far from local route: d=2086944.66, relocalize nearest_index 422 -> 422
[WARN] [1783599818.988133768] [waypoint_follower]: far from local route: d=2086944.66, relocalize nearest_index 422 -> 422
[WARN] [1783599819.038036631] [waypoint_follower]: far from local route: d=2086944.66, relocalize nearest_index 422 -> 422
[WARN] [1783599819.088139133] [waypoint_follower]: far from local route: d=2086944.66, relocalize nearest_index 422 -> 422
[WARN] [1783599819.138132231] [waypoint_follower]: far from local route: d=2086944.66, relocalize nearest_index 422 -> 422
[WARN] [1783599819.188299657] [waypoint_follower]: far from local route: d=2086944.66, relocalize nearest_index 422 -> 422
[WARN] [1783599819.238070847] [waypoint_follower]: far from local route: d=2086944.66, relocalize nearest_index 422 -> 422
[WARN] [1783599819.288117991] [waypoint_follower]: far from local route: d=2086944.66, relocalize nearest_index 422 -> 422
[WARN] [1783599819.338298504] [waypoint_follower]: far from local route: d=2086944.66, relocalize nearest_index 422 -> 422
[WARN] [1783599819.388136506] [waypoint_follower]: far from local route: d=2086944.66, relocalize nearest_index 422 -> 422
[WARN] [1783599819.438231552] [waypoint_follower]: far from local route: d=2086944.66, relocalize nearest_index 422 -> 422
[WARN] [1783599819.488224650] [waypoint_follower]: far from local route: d=2086944.66, relocalize nearest_index 422 -> 422
[WARN] [1783599819.538080828] [waypoint_follower]: far from local route: d=2086944.66, relocalize nearest_index 422 -> 422
[WARN] [1783599819.588199648] [waypoint_follower]: far from local route: d=2086944.66, relocalize nearest_index 422 -> 422
[WARN] [1783599819.637881594] [waypoint_follower]: far from local route: d=2086944.66, relocalize nearest_index 422 -> 422
[WARN] [1783599819.687872228] [waypoint_follower]: far from local route: d=2086944.66, relocalize nearest_index 422 -> 422
[WARN] [1783599819.737834512] [waypoint_follower]: far from local route: d=2086944.66, relocalize nearest_index 422 -> 422
[WARN] [1783599819.788029681] [waypoint_follower]: far from local route: d=2086944.66, relocalize nearest_index 422 -> 422
[WARN] [1783599819.837844996] [waypoint_follower]: far from local route: d=2086944.66, relocalize nearest_index 422 -> 422
[WARN] [1783599819.887975592] [waypoint_follower]: far from local route: d=2086944.66, relocalize nearest_index 422 -> 422
[INFO] [1783599819.889029398] [waypoint_follower]: nearest=422, target=422, dist=2086944.66, alpha=-3.00, vx=0.00, yaw_rate=-0.45, dir=1
[WARN] [1783599819.937879255] [waypoint_follower]: far from local route: d=2086944.66, relocalize nearest_index 422 -> 422
[WARN] [1783599819.987892129] [waypoint_follower]: far from local route: d=2086944.66, relocalize nearest_index 422 -> 422
[WARN] [1783599820.038441777] [waypoint_follower]: far from local route: d=2086944.66, relocalize nearest_index 422 -> 422
[WARN] [1783599820.088338464] [waypoint_follower]: far from local route: d=2086944.66, relocalize nearest_index 422 -> 422
[WARN] [1783599820.138147315] [waypoint_follower]: far from local route: d=2086944.66, relocalize nearest_index 422 -> 422
[WARN] [1783599820.188379570] [waypoint_follower]: far from local route: d=2086944.66, relocalize nearest_index 422 -> 422
[WARN] [1783599820.238430458] [waypoint_follower]: far from local route: d=2086944.66, relocalize nearest_index 422 -> 422
[WARN] [1783599820.287899486] [waypoint_follower]: far from local route: d=2086944.66, relocalize nearest_index 422 -> 422
[WARN] [1783599820.337864618] [waypoint_follower]: far from local route: d=2086944.66, relocalize nearest_index 422 -> 422
[WARN] [1783599820.388077514] [waypoint_follower]: far from local route: d=2086944.66, relocalize nearest_index 422 -> 422
[WARN] [1783599820.437847103] [waypoint_follower]: far from local route: d=2086944.66, relocalize nearest_index 422 -> 422
[WARN] [1783599820.488045376] [waypoint_follower]: far from local route: d=2086944.66, relocalize nearest_index 422 -> 422
[WARN] [1783599820.537936591] [waypoint_follower]: far from local route: d=2086944.66, relocalize nearest_index 422 -> 422
[WARN] [1783599820.588382852] [waypoint_follower]: far from local route: d=2086944.66, relocalize nearest_index 422 -> 422
[WARN] [1783599820.638069405] [waypoint_follower]: far from local route: d=2086944.66, relocalize nearest_index 422 -> 422
[WARN] [1783599820.688200385] [waypoint_follower]: far from local route: d=2086944.66, relocalize nearest_index 422 -> 422
[WARN] [1783599820.689369129] [waypoint_follower]: stuck recovery: nearest_index 422 -> 422
[WARN] [1783599820.738042099] [waypoint_follower]: far from local route: d=2086944.66, relocalize nearest_index 422 -> 422
[WARN] [1783599820.788273138] [waypoint_follower]: far from local route: d=2086944.66, relocalize nearest_index 422 -> 422
[WARN] [1783599820.838021064] [waypoint_follower]: far from local route: d=2086944.66, relocalize nearest_index 422 -> 422
[WARN] [1783599820.889064609] [waypoint_follower]: far from local route: d=2101879.47, relocalize nearest_index 422 -> 422
[INFO] [1783599820.890187275] [waypoint_follower]: nearest=422, target=422, dist=2101879.47, alpha=-2.54, vx=0.00, yaw_rate=-0.45, dir=1
[WARN] [1783599820.937978847] [waypoint_follower]: far from local route: d=2101879.47, relocalize nearest_index 422 -> 422
[WARN] [1783599820.988636842] [waypoint_follower]: far from local route: d=2101879.47, relocalize nearest_index 422 -> 422
[WARN] [1783599821.038064911] [waypoint_follower]: far from local route: d=2101879.47, relocalize nearest_index 422 -> 422
[WARN] [1783599821.088474726] [waypoint_follower]: far from local route: d=2101879.47, relocalize nearest_index 422 -> 422
[WARN] [1783599821.137969032] [waypoint_follower]: far from local route: d=2101879.47, relocalize nearest_index 422 -> 422
[WARN] [1783599821.188847049] [waypoint_follower]: far from local route: d=2101879.47, relocalize nearest_index 422 -> 422
[WARN] [1783599821.238527234] [waypoint_follower]: far from local route: d=2101879.47, relocalize nearest_index 422 -> 422
[WARN] [1783599821.289098065] [waypoint_follower]: far from local route: d=2101879.47, relocalize nearest_index 422 -> 422
[WARN] [1783599821.338412284] [waypoint_follower]: far from local route: d=2101879.47, relocalize nearest_index 422 -> 422
[WARN] [1783599821.388092854] [waypoint_follower]: far from local route: d=2101879.47, relocalize nearest_index 422 -> 422
[WARN] [1783599821.437996196] [waypoint_follower]: far from local route: d=2101879.47, relocalize nearest_index 422 -> 422
[WARN] [1783599821.488154823] [waypoint_follower]: far from local route: d=2106863.57, relocalize nearest_index 422 -> 422
[WARN] [1783599821.538019832] [waypoint_follower]: far from local route: d=2106863.57, relocalize nearest_index 422 -> 422
[WARN] [1783599821.588079807] [waypoint_follower]: far from local route: d=2106863.57, relocalize nearest_index 422 -> 422
[WARN] [1783599821.638327774] [waypoint_follower]: far from local route: d=2106863.57, relocalize nearest_index 422 -> 422
[WARN] [1783599821.687892061] [waypoint_follower]: far from local route: d=2106863.57, relocalize nearest_index 422 -> 422
[WARN] [1783599821.737821418] [waypoint_follower]: far from local route: d=2106863.57, relocalize nearest_index 422 -> 422
[WARN] [1783599821.787815957] [waypoint_follower]: far from local route: d=2106863.57, relocalize nearest_index 422 -> 422
[WARN] [1783599821.838892267] [waypoint_follower]: far from local route: d=2106863.57, relocalize nearest_index 422 -> 422
[WARN] [1783599821.889349888] [waypoint_follower]: far from local route: d=2106863.57, relocalize nearest_index 422 -> 422
[INFO] [1783599821.901687186] [waypoint_follower]: nearest=422, target=422, dist=2106863.57, alpha=-2.46, vx=0.00, yaw_rate=-0.45, dir=1
[WARN] [1783599821.957125080] [waypoint_follower]: far from local route: d=2106863.57, relocalize nearest_index 422 -> 422
[WARN] [1783599821.987987637] [waypoint_follower]: far from local route: d=2106863.57, relocalize nearest_index 422 -> 422
[WARN] [1783599822.041857703] [waypoint_follower]: far from local route: d=2106863.57, relocalize nearest_index 422 -> 422
[WARN] [1783599822.090296220] [waypoint_follower]: far from local route: d=2106863.57, relocalize nearest_index 422 -> 422
[WARN] [1783599822.138709650] [waypoint_follower]: far from local route: d=2106863.57, relocalize nearest_index 422 -> 422
[WARN] [1783599822.188202644] [waypoint_follower]: far from local route: d=2106863.57, relocalize nearest_index 422 -> 422
[WARN] [1783599822.238144449] [waypoint_follower]: far from local route: d=2106863.57, relocalize nearest_index 422 -> 422
[WARN] [1783599822.287853433] [waypoint_follower]: far from local route: d=2111142.42, relocalize nearest_index 422 -> 422
[WARN] [1783599822.337947359] [waypoint_follower]: far from local route: d=2111142.42, relocalize nearest_index 422 -> 422
[WARN] [1783599822.388146656] [waypoint_follower]: far from local route: d=2111142.42, relocalize nearest_index 422 -> 422
[WARN] [1783599822.437851448] [waypoint_follower]: far from local route: d=2111854.11, relocalize nearest_index 422 -> 422
[WARN] [1783599822.487840995] [waypoint_follower]: far from local route: d=2111854.11, relocalize nearest_index 422 -> 422
[WARN] [1783599822.537892970] [waypoint_follower]: far from local route: d=2111854.11, relocalize nearest_index 422 -> 422
[WARN] [1783599822.588569172] [waypoint_follower]: far from local route: d=2111854.11, relocalize nearest_index 422 -> 422
[WARN] [1783599822.637812707] [waypoint_follower]: far from local route: d=2111854.11, relocalize nearest_index 422 -> 422
[WARN] [1783599822.687864107] [waypoint_follower]: far from local route: d=2111854.11, relocalize nearest_index 422 -> 422
[WARN] [1783599822.738459928] [waypoint_follower]: far from local route: d=2113993.54, relocalize nearest_index 422 -> 422
[WARN] [1783599822.787868415] [waypoint_follower]: far from local route: d=2113993.54, relocalize nearest_index 422 -> 422
[WARN] [1783599822.837881256] [waypoint_follower]: far from local route: d=2113993.54, relocalize nearest_index 422 -> 422
[WARN] [1783599822.887955951] [waypoint_follower]: far from local route: d=2113993.54, relocalize nearest_index 422 -> 422
[WARN] [1783599822.938062356] [waypoint_follower]: far from local route: d=2113993.54, relocalize nearest_index 422 -> 422
[INFO] [1783599822.939181375] [waypoint_follower]: nearest=422, target=422, dist=2113993.54, alpha=-2.12, vx=0.00, yaw_rate=-0.45, dir=1
[WARN] [1783599822.989239782] [waypoint_follower]: far from local route: d=2113993.54, relocalize nearest_index 422 -> 422
[WARN] [1783599823.039263183] [waypoint_follower]: far from local route: d=2113993.54, relocalize nearest_index 422 -> 422
[WARN] [1783599823.088729619] [waypoint_follower]: far from local route: d=2113993.54, relocalize nearest_index 422 -> 422
[WARN] [1783599823.137978273] [waypoint_follower]: far from local route: d=2113993.54, relocalize nearest_index 422 -> 422
[WARN] [1783599823.196316125] [waypoint_follower]: far from local route: d=2113993.54, relocalize nearest_index 422 -> 422
[WARN] [1783599823.238117839] [waypoint_follower]: far from local route: d=2113993.54, relocalize nearest_index 422 -> 422
[WARN] [1783599823.287964673] [waypoint_follower]: far from local route: d=2117556.27, relocalize nearest_index 422 -> 422
[WARN] [1783599823.337894478] [waypoint_follower]: far from local route: d=2117556.27, relocalize nearest_index 422 -> 422
[WARN] [1783599823.388420799] [waypoint_follower]: far from local route: d=2117556.27, relocalize nearest_index 422 -> 422
[WARN] [1783599823.437899202] [waypoint_follower]: far from local route: d=2117556.27, relocalize nearest_index 422 -> 422
[WARN] [1783599823.487927723] [waypoint_follower]: far from local route: d=2117556.27, relocalize nearest_index 422 -> 422
[WARN] [1783599823.537842618] [waypoint_follower]: far from local route: d=2117556.27, relocalize nearest_index 422 -> 422
[WARN] [1783599823.588200627] [waypoint_follower]: far from local route: d=2117556.27, relocalize nearest_index 422 -> 422
[WARN] [1783599823.637811535] [waypoint_follower]: far from local route: d=2119684.12, relocalize nearest_index 422 -> 422
[WARN] [1783599823.688262436] [waypoint_follower]: far from local route: d=2119684.12, relocalize nearest_index 422 -> 422
[WARN] [1783599823.689388302] [waypoint_follower]: stuck recovery: nearest_index 422 -> 422
[WARN] [1783599823.737907711] [waypoint_follower]: far from local route: d=2119684.12, relocalize nearest_index 422 -> 422
[WARN] [1783599823.787893290] [waypoint_follower]: far from local route: d=2120407.66, relocalize nearest_index 422 -> 422
[WARN] [1783599823.837921971] [waypoint_follower]: far from local route: d=2120407.66, relocalize nearest_index 422 -> 422
[WARN] [1783599823.888031800] [waypoint_follower]: far from local route: d=2120407.66, relocalize nearest_index 422 -> 422
[WARN] [1783599823.937844779] [waypoint_follower]: far from local route: d=2120407.66, relocalize nearest_index 422 -> 422
[WARN] [1783599823.987900499] [waypoint_follower]: far from local route: d=2120407.66, relocalize nearest_index 422 -> 422
[INFO] [1783599823.988944065] [waypoint_follower]: nearest=422, target=422, dist=2120407.66, alpha=-1.50, vx=0.00, yaw_rate=-0.45, dir=1
[WARN] [1783599824.043379479] [waypoint_follower]: far from local route: d=2120407.66, relocalize nearest_index 422 -> 422
[WARN] [1783599824.088226840] [waypoint_follower]: far from local route: d=2120407.66, relocalize nearest_index 422 -> 422
[WARN] [1783599824.138318334] [waypoint_follower]: far from local route: d=2120407.66, relocalize nearest_index 422 -> 422
[WARN] [1783599824.188859182] [waypoint_follower]: far from local route: d=2120407.66, relocalize nearest_index 422 -> 422
[WARN] [1783599824.237843913] [waypoint_follower]: far from local route: d=2120407.66, relocalize nearest_index 422 -> 422
[WARN] [1783599824.287849299] [waypoint_follower]: far from local route: d=2124685.31, relocalize nearest_index 422 -> 422
[WARN] [1783599824.337940313] [waypoint_follower]: far from local route: d=2124685.31, relocalize nearest_index 422 -> 422
[WARN] [1783599824.387814729] [waypoint_follower]: far from local route: d=2124685.31, relocalize nearest_index 422 -> 422
[WARN] [1783599824.437838290] [waypoint_follower]: far from local route: d=2124685.31, relocalize nearest_index 422 -> 422
[WARN] [1783599824.488039475] [waypoint_follower]: far from local route: d=2124685.31, relocalize nearest_index 422 -> 422
[WARN] [1783599824.537762666] [waypoint_follower]: far from local route: d=2124685.31, relocalize nearest_index 422 -> 422
[WARN] [1783599824.592849537] [waypoint_follower]: far from local route: d=2124685.31, relocalize nearest_index 422 -> 422
[WARN] [1783599824.638020178] [waypoint_follower]: far from local route: d=2124685.31, relocalize nearest_index 422 -> 422
[WARN] [1783599824.715879945] [waypoint_follower]: far from local route: d=2126822.91, relocalize nearest_index 422 -> 422
[WARN] [1783599824.738045317] [waypoint_follower]: far from local route: d=2126822.91, relocalize nearest_index 422 -> 422
[WARN] [1783599824.788132299] [waypoint_follower]: far from local route: d=2126822.91, relocalize nearest_index 422 -> 422
[WARN] [1783599824.837889057] [waypoint_follower]: far from local route: d=2126822.91, relocalize nearest_index 422 -> 422
[WARN] [1783599824.888366357] [waypoint_follower]: far from local route: d=2128248.65, relocalize nearest_index 422 -> 422
[WARN] [1783599824.937805370] [waypoint_follower]: far from local route: d=2128248.65, relocalize nearest_index 422 -> 422
[WARN] [1783599824.988505827] [waypoint_follower]: far from local route: d=2128248.65, relocalize nearest_index 422 -> 422
[INFO] [1783599824.990139988] [waypoint_follower]: nearest=422, target=422, dist=2128248.65, alpha=-0.99, vx=0.12, yaw_rate=-0.45, dir=1
[WARN] [1783599825.038694564] [waypoint_follower]: far from local route: d=2128248.65, relocalize nearest_index 422 -> 422
[WARN] [1783599825.089745788] [waypoint_follower]: far from local route: d=2128248.65, relocalize nearest_index 422 -> 422
[WARN] [1783599825.140056791] [waypoint_follower]: far from local route: d=2128248.65, relocalize nearest_index 422 -> 422
[WARN] [1783599825.189056977] [waypoint_follower]: far from local route: d=2128248.65, relocalize nearest_index 422 -> 422
[WARN] [1783599825.241421386] [waypoint_follower]: far from local route: d=2128248.65, relocalize nearest_index 422 -> 422
[WARN] [1783599825.287833888] [waypoint_follower]: far from local route: d=2128248.65, relocalize nearest_index 422 -> 422
[WARN] [1783599825.337812747] [waypoint_follower]: far from local route: d=2128248.65, relocalize nearest_index 422 -> 422
[WARN] [1783599825.387980462] [waypoint_follower]: far from local route: d=2131099.71, relocalize nearest_index 422 -> 422
[WARN] [1783599825.437830559] [waypoint_follower]: far from local route: d=2131099.71, relocalize nearest_index 422 -> 422
[WARN] [1783599825.487830857] [waypoint_follower]: far from local route: d=2131099.71, relocalize nearest_index 422 -> 422
[WARN] [1783599825.537967789] [waypoint_follower]: far from local route: d=2131099.71, relocalize nearest_index 422 -> 422
[WARN] [1783599825.588004245] [waypoint_follower]: far from local route: d=2132525.29, relocalize nearest_index 422 -> 422
[WARN] [1783599825.637886757] [waypoint_follower]: far from local route: d=2132525.29, relocalize nearest_index 422 -> 422
[WARN] [1783599825.687873200] [waypoint_follower]: far from local route: d=2132525.29, relocalize nearest_index 422 -> 422
[WARN] [1783599825.737892953] [waypoint_follower]: far from local route: d=2132525.29, relocalize nearest_index 422 -> 422
[WARN] [1783599825.787970080] [waypoint_follower]: far from local route: d=2132525.29, relocalize nearest_index 422 -> 422
[WARN] [1783599825.838096068] [waypoint_follower]: far from local route: d=2132525.29, relocalize nearest_index 422 -> 422
[WARN] [1783599825.888067792] [waypoint_follower]: far from local route: d=2132525.29, relocalize nearest_index 422 -> 422
[WARN] [1783599825.937882435] [waypoint_follower]: far from local route: d=2132525.29, relocalize nearest_index 422 -> 422
[WARN] [1783599825.988159200] [waypoint_follower]: far from local route: d=2132525.29, relocalize nearest_index 422 -> 422
[WARN] [1783599826.037789500] [waypoint_follower]: far from local route: d=2132525.29, relocalize nearest_index 422 -> 422
[INFO] [1783599826.038870088] [waypoint_follower]: nearest=422, target=422, dist=2132525.29, alpha=-0.72, vx=0.12, yaw_rate=-0.45, dir=1
[WARN] [1783599826.087892609] [waypoint_follower]: far from local route: d=2132525.29, relocalize nearest_index 422 -> 422
[WARN] [1783599826.137852269] [waypoint_follower]: far from local route: d=2132525.29, relocalize nearest_index 422 -> 422
[WARN] [1783599826.188917156] [waypoint_follower]: far from local route: d=2132525.29, relocalize nearest_index 422 -> 422
[WARN] [1783599826.238093622] [waypoint_follower]: far from local route: d=2132525.29, relocalize nearest_index 422 -> 422
[WARN] [1783599826.288052002] [waypoint_follower]: far from local route: d=2132525.29, relocalize nearest_index 422 -> 422
[WARN] [1783599826.337823991] [waypoint_follower]: far from local route: d=2132525.29, relocalize nearest_index 422 -> 422
[WARN] [1783599826.387946620] [waypoint_follower]: far from local route: d=2132525.29, relocalize nearest_index 422 -> 422
[WARN] [1783599826.437822700] [waypoint_follower]: far from local route: d=2132525.29, relocalize nearest_index 422 -> 422
[WARN] [1783599826.487850613] [waypoint_follower]: far from local route: d=2132525.29, relocalize nearest_index 422 -> 422
[WARN] [1783599826.537804705] [waypoint_follower]: far from local route: d=2132525.29, relocalize nearest_index 422 -> 422
[WARN] [1783599826.587903815] [waypoint_follower]: far from local route: d=2132525.29, relocalize nearest_index 422 -> 422
[WARN] [1783599826.637863123] [waypoint_follower]: far from local route: d=2132525.29, relocalize nearest_index 422 -> 422
[WARN] [1783599826.688095698] [waypoint_follower]: far from local route: d=2133949.68, relocalize nearest_index 422 -> 422
[WARN] [1783599826.689566156] [waypoint_follower]: stuck recovery: nearest_index 422 -> 422
[WARN] [1783599826.738068478] [waypoint_follower]: far from local route: d=2133949.68, relocalize nearest_index 422 -> 422
[WARN] [1783599826.788490836] [waypoint_follower]: far from local route: d=2133949.68, relocalize nearest_index 422 -> 422
[WARN] [1783599826.838159982] [waypoint_follower]: far from local route: d=2133949.68, relocalize nearest_index 422 -> 422
[WARN] [1783599826.888315153] [waypoint_follower]: far from local route: d=2133949.68, relocalize nearest_index 422 -> 422
[WARN] [1783599826.937900847] [waypoint_follower]: far from local route: d=2133949.68, relocalize nearest_index 422 -> 422
[WARN] [1783599826.987954902] [waypoint_follower]: far from local route: d=2133949.68, relocalize nearest_index 422 -> 422
[WARN] [1783599827.037967296] [waypoint_follower]: far from local route: d=2133949.68, relocalize nearest_index 422 -> 422
[INFO] [1783599827.039133480] [waypoint_follower]: nearest=422, target=422, dist=2133949.68, alpha=-0.63, vx=0.12, yaw_rate=-0.45, dir=1
[WARN] [1783599827.087958282] [waypoint_follower]: far from local route: d=2133949.68, relocalize nearest_index 422 -> 422
[WARN] [1783599827.138028625] [waypoint_follower]: far from local route: d=2133949.68, relocalize nearest_index 422 -> 422
[WARN] [1783599827.188123511] [waypoint_follower]: far from local route: d=2133949.68, relocalize nearest_index 422 -> 422
[WARN] [1783599827.238015686] [waypoint_follower]: far from local route: d=2133949.68, relocalize nearest_index 422 -> 422
[WARN] [1783599827.287974643] [waypoint_follower]: far from local route: d=2133949.68, relocalize nearest_index 422 -> 422
[WARN] [1783599827.337991836] [waypoint_follower]: far from local route: d=2133949.68, relocalize nearest_index 422 -> 422
[WARN] [1783599827.388175294] [waypoint_follower]: far from local route: d=2133949.68, relocalize nearest_index 422 -> 422
[WARN] [1783599827.438193287] [waypoint_follower]: far from local route: d=2133949.68, relocalize nearest_index 422 -> 422
[WARN] [1783599827.488640284] [waypoint_follower]: far from local route: d=2133949.68, relocalize nearest_index 422 -> 422
[WARN] [1783599827.538390738] [waypoint_follower]: far from local route: d=2133949.68, relocalize nearest_index 422 -> 422
[WARN] [1783599827.588096394] [waypoint_follower]: far from local route: d=2133949.68, relocalize nearest_index 422 -> 422
[WARN] [1783599827.637967099] [waypoint_follower]: far from local route: d=2133949.68, relocalize nearest_index 422 -> 422
[WARN] [1783599827.688748000] [waypoint_follower]: far from local route: d=2133949.68, relocalize nearest_index 422 -> 422
[WARN] [1783599827.737886451] [waypoint_follower]: far from local route: d=2133949.68, relocalize nearest_index 422 -> 422
[WARN] [1783599827.787944154] [waypoint_follower]: far from local route: d=2133949.68, relocalize nearest_index 422 -> 422
[WARN] [1783599827.837950564] [waypoint_follower]: far from local route: d=2133949.68, relocalize nearest_index 422 -> 422
[WARN] [1783599827.888007916] [waypoint_follower]: far from local route: d=2133949.68, relocalize nearest_index 422 -> 422
[WARN] [1783599827.937934522] [waypoint_follower]: far from local route: d=2133949.68, relocalize nearest_index 422 -> 422
[WARN] [1783599827.988094748] [waypoint_follower]: far from local route: d=2133949.68, relocalize nearest_index 422 -> 422
[WARN] [1783599828.038113413] [waypoint_follower]: far from local route: d=2133949.68, relocalize nearest_index 422 -> 422
[INFO] [1783599828.039361130] [waypoint_follower]: nearest=422, target=422, dist=2133949.68, alpha=-0.63, vx=0.12, yaw_rate=-0.45, dir=1
[WARN] [1783599828.088793391] [waypoint_follower]: far from local route: d=2133949.68, relocalize nearest_index 422 -> 422
[WARN] [1783599828.138105658] [waypoint_follower]: far from local route: d=2143927.50, relocalize nearest_index 422 -> 422
[WARN] [1783599828.188412054] [waypoint_follower]: far from local route: d=2143927.50, relocalize nearest_index 422 -> 422
[WARN] [1783599828.241792991] [waypoint_follower]: far from local route: d=2143927.50, relocalize nearest_index 422 -> 422
[WARN] [1783599828.288845974] [waypoint_follower]: far from local route: d=2143927.50, relocalize nearest_index 422 -> 422
[WARN] [1783599828.338705255] [waypoint_follower]: far from local route: d=2143927.50, relocalize nearest_index 422 -> 422
[WARN] [1783599828.388721456] [waypoint_follower]: far from local route: d=2143927.50, relocalize nearest_index 422 -> 422
[WARN] [1783599828.438149174] [waypoint_follower]: far from local route: d=2143927.50, relocalize nearest_index 422 -> 422
[WARN] [1783599828.488036389] [waypoint_follower]: far from local route: d=2143927.50, relocalize nearest_index 422 -> 422
[WARN] [1783599828.538042223] [waypoint_follower]: far from local route: d=2143927.50, relocalize nearest_index 422 -> 422
[WARN] [1783599828.588125653] [waypoint_follower]: far from local route: d=2143927.50, relocalize nearest_index 422 -> 422
[WARN] [1783599828.638060291] [waypoint_follower]: far from local route: d=2143927.50, relocalize nearest_index 422 -> 422
[WARN] [1783599828.688062541] [waypoint_follower]: far from local route: d=2143927.50, relocalize nearest_index 422 -> 422
[WARN] [1783599828.737957948] [waypoint_follower]: far from local route: d=2143927.50, relocalize nearest_index 422 -> 422
[WARN] [1783599828.788478286] [waypoint_follower]: far from local route: d=2143927.50, relocalize nearest_index 422 -> 422
[WARN] [1783599828.837830839] [waypoint_follower]: far from local route: d=2143927.50, relocalize nearest_index 422 -> 422
[WARN] [1783599828.888069494] [waypoint_follower]: far from local route: d=2143927.50, relocalize nearest_index 422 -> 422
[WARN] [1783599828.937913511] [waypoint_follower]: far from local route: d=2143927.50, relocalize nearest_index 422 -> 422
[WARN] [1783599828.987924209] [waypoint_follower]: far from local route: d=2143927.50, relocalize nearest_index 422 -> 422
[WARN] [1783599829.037870462] [waypoint_follower]: far from local route: d=2143927.50, relocalize nearest_index 422 -> 422
[WARN] [1783599829.087989058] [waypoint_follower]: far from local route: d=2143927.50, relocalize nearest_index 422 -> 422
[INFO] [1783599829.089173578] [waypoint_follower]: nearest=422, target=422, dist=2143927.50, alpha=0.28, vx=0.25, yaw_rate=0.25, dir=1
[WARN] [1783599829.137825812] [waypoint_follower]: far from local route: d=2143927.50, relocalize nearest_index 422 -> 422
[WARN] [1783599829.188510046] [waypoint_follower]: far from local route: d=2143927.50, relocalize nearest_index 422 -> 422
[WARN] [1783599829.237887782] [waypoint_follower]: far from local route: d=2143927.50, relocalize nearest_index 422 -> 422
[WARN] [1783599829.288237119] [waypoint_follower]: far from local route: d=2155342.67, relocalize nearest_index 422 -> 422
[WARN] [1783599829.337867867] [waypoint_follower]: far from local route: d=2155342.67, relocalize nearest_index 422 -> 422
[WARN] [1783599829.387870629] [waypoint_follower]: far from local route: d=2155342.67, relocalize nearest_index 422 -> 422
[WARN] [1783599829.437885039] [waypoint_follower]: far from local route: d=2155342.67, relocalize nearest_index 422 -> 422
[WARN] [1783599829.487795581] [waypoint_follower]: far from local route: d=2155342.67, relocalize nearest_index 422 -> 422
[WARN] [1783599829.537871012] [waypoint_follower]: far from local route: d=2155342.67, relocalize nearest_index 422 -> 422
[WARN] [1783599829.589609115] [waypoint_follower]: far from local route: d=2155342.67, relocalize nearest_index 422 -> 422
[WARN] [1783599829.637845466] [waypoint_follower]: far from local route: d=2155342.67, relocalize nearest_index 422 -> 422
[WARN] [1783599829.688168597] [waypoint_follower]: far from local route: d=2155342.67, relocalize nearest_index 422 -> 422
[WARN] [1783599829.737712213] [waypoint_follower]: far from local route: d=2162471.97, relocalize nearest_index 422 -> 422
[WARN] [1783599829.738844510] [waypoint_follower]: stuck recovery: nearest_index 422 -> 422
[WARN] [1783599829.788058638] [waypoint_follower]: far from local route: d=2162471.97, relocalize nearest_index 422 -> 422
[WARN] [1783599829.837882081] [waypoint_follower]: far from local route: d=2162471.97, relocalize nearest_index 422 -> 422
[WARN] [1783599829.888636743] [waypoint_follower]: far from local route: d=2162471.97, relocalize nearest_index 422 -> 422
[WARN] [1783599829.938167976] [waypoint_follower]: far from local route: d=2162471.97, relocalize nearest_index 422 -> 422
[WARN] [1783599829.989161634] [waypoint_follower]: far from local route: d=2162471.97, relocalize nearest_index 422 -> 422
[WARN] [1783599830.037922472] [waypoint_follower]: far from local route: d=2162471.97, relocalize nearest_index 422 -> 422
[WARN] [1783599830.088626352] [waypoint_follower]: far from local route: d=2162471.97, relocalize nearest_index 422 -> 422
[INFO] [1783599830.089693629] [waypoint_follower]: nearest=422, target=422, dist=2162471.97, alpha=-2.94, vx=0.00, yaw_rate=-0.45, dir=1
[WARN] [1783599830.137864319] [waypoint_follower]: far from local route: d=2162471.97, relocalize nearest_index 422 -> 422
[WARN] [1783599830.188133373] [waypoint_follower]: far from local route: d=2162471.97, relocalize nearest_index 422 -> 422
[WARN] [1783599830.238002445] [waypoint_follower]: far from local route: d=2162471.97, relocalize nearest_index 422 -> 422
[WARN] [1783599830.290785650] [waypoint_follower]: far from local route: d=2162471.97, relocalize nearest_index 422 -> 422
[WARN] [1783599830.338116732] [waypoint_follower]: far from local route: d=2162471.97, relocalize nearest_index 422 -> 422
[WARN] [1783599830.389926480] [waypoint_follower]: far from local route: d=2162471.97, relocalize nearest_index 422 -> 422
[WARN] [1783599830.437987863] [waypoint_follower]: far from local route: d=2162471.97, relocalize nearest_index 422 -> 422
[WARN] [1783599830.488004736] [waypoint_follower]: far from local route: d=2162471.97, relocalize nearest_index 422 -> 422
[WARN] [1783599830.538575375] [waypoint_follower]: far from local route: d=2162471.97, relocalize nearest_index 422 -> 422
[WARN] [1783599830.588365571] [waypoint_follower]: far from local route: d=2162471.97, relocalize nearest_index 422 -> 422
[WARN] [1783599830.637968353] [waypoint_follower]: far from local route: d=2162471.97, relocalize nearest_index 422 -> 422
[WARN] [1783599830.688007369] [waypoint_follower]: far from local route: d=2162471.97, relocalize nearest_index 422 -> 422
[WARN] [1783599830.738746064] [waypoint_follower]: far from local route: d=2171755.27, relocalize nearest_index 422 -> 422
[WARN] [1783599830.788025628] [waypoint_follower]: far from local route: d=2171755.27, relocalize nearest_index 422 -> 422
[WARN] [1783599830.837913740] [waypoint_follower]: far from local route: d=2171755.27, relocalize nearest_index 422 -> 422
[WARN] [1783599830.888052176] [waypoint_follower]: far from local route: d=2171755.27, relocalize nearest_index 422 -> 422
[WARN] [1783599830.937959422] [waypoint_follower]: far from local route: d=2171755.27, relocalize nearest_index 422 -> 422
[WARN] [1783599830.990095650] [waypoint_follower]: far from local route: d=2171755.27, relocalize nearest_index 422 -> 422
[WARN] [1783599831.038821322] [waypoint_follower]: far from local route: d=2171755.27, relocalize nearest_index 422 -> 422
[WARN] [1783599831.088877361] [waypoint_follower]: far from local route: d=2171755.27, relocalize nearest_index 422 -> 422
[INFO] [1783599831.090463749] [waypoint_follower]: nearest=422, target=422, dist=2171755.27, alpha=-2.27, vx=0.00, yaw_rate=-0.45, dir=1
[WARN] [1783599831.138742050] [waypoint_follower]: far from local route: d=2171755.27, relocalize nearest_index 422 -> 422
[WARN] [1783599831.188634257] [waypoint_follower]: far from local route: d=2171755.27, relocalize nearest_index 422 -> 422
[WARN] [1783599831.238002426] [waypoint_follower]: far from local route: d=2171755.27, relocalize nearest_index 422 -> 422
[WARN] [1783599831.288204986] [waypoint_follower]: far from local route: d=2171755.27, relocalize nearest_index 422 -> 422
[WARN] [1783599831.337969040] [waypoint_follower]: far from local route: d=2171755.27, relocalize nearest_index 422 -> 422
[WARN] [1783599831.388089012] [waypoint_follower]: far from local route: d=2171755.27, relocalize nearest_index 422 -> 422
[WARN] [1783599831.437882632] [waypoint_follower]: far from local route: d=2171755.27, relocalize nearest_index 422 -> 422
[WARN] [1783599831.488536947] [waypoint_follower]: far from local route: d=2171755.27, relocalize nearest_index 422 -> 422
[WARN] [1783599831.538029846] [waypoint_follower]: far from local route: d=2171755.27, relocalize nearest_index 422 -> 422
[WARN] [1783599831.588285460] [waypoint_follower]: far from local route: d=2171755.27, relocalize nearest_index 422 -> 422
[WARN] [1783599831.637995052] [waypoint_follower]: far from local route: d=2171755.27, relocalize nearest_index 422 -> 422
[WARN] [1783599831.688052467] [waypoint_follower]: far from local route: d=2171755.27, relocalize nearest_index 422 -> 422
[WARN] [1783599831.740101116] [waypoint_follower]: far from local route: d=2171755.27, relocalize nearest_index 422 -> 422
[WARN] [1783599831.787884496] [waypoint_follower]: far from local route: d=2171755.27, relocalize nearest_index 422 -> 422
[WARN] [1783599831.838722866] [waypoint_follower]: far from local route: d=2171755.27, relocalize nearest_index 422 -> 422
[WARN] [1783599831.889029070] [waypoint_follower]: far from local route: d=2171755.27, relocalize nearest_index 422 -> 422
[WARN] [1783599831.938347256] [waypoint_follower]: far from local route: d=2171755.27, relocalize nearest_index 422 -> 422
[WARN] [1783599831.988732176] [waypoint_follower]: far from local route: d=2171755.27, relocalize nearest_index 422 -> 422
[WARN] [1783599832.038722363] [waypoint_follower]: far from local route: d=2171755.27, relocalize nearest_index 422 -> 422
[WARN] [1783599832.087858478] [waypoint_follower]: far from local route: d=2171755.27, relocalize nearest_index 422 -> 422
[WARN] [1783599832.137851545] [waypoint_follower]: far from local route: d=2182472.79, relocalize nearest_index 422 -> 422
[INFO] [1783599832.138954820] [waypoint_follower]: nearest=422, target=422, dist=2182472.79, alpha=-1.87, vx=0.00, yaw_rate=-0.45, dir=1
[WARN] [1783599832.187906721] [waypoint_follower]: far from local route: d=2182472.79, relocalize nearest_index 422 -> 422
[WARN] [1783599832.237844462] [waypoint_follower]: far from local route: d=2182472.79, relocalize nearest_index 422 -> 422
[WARN] [1783599832.288193799] [waypoint_follower]: far from local route: d=2182472.79, relocalize nearest_index 422 -> 422
[WARN] [1783599832.337839427] [waypoint_follower]: far from local route: d=2182472.79, relocalize nearest_index 422 -> 422
[WARN] [1783599832.387884587] [waypoint_follower]: far from local route: d=2182472.79, relocalize nearest_index 422 -> 422
[WARN] [1783599832.437756763] [waypoint_follower]: far from local route: d=2182472.79, relocalize nearest_index 422 -> 422
[WARN] [1783599832.488373992] [waypoint_follower]: far from local route: d=2182472.79, relocalize nearest_index 422 -> 422
[WARN] [1783599832.538092639] [waypoint_follower]: far from local route: d=2182472.79, relocalize nearest_index 422 -> 422
[WARN] [1783599832.588027469] [waypoint_follower]: far from local route: d=2182472.79, relocalize nearest_index 422 -> 422
[WARN] [1783599832.637852415] [waypoint_follower]: far from local route: d=2182472.79, relocalize nearest_index 422 -> 422
[WARN] [1783599832.687832459] [waypoint_follower]: far from local route: d=2182472.79, relocalize nearest_index 422 -> 422
[WARN] [1783599832.737859187] [waypoint_follower]: far from local route: d=2182472.79, relocalize nearest_index 422 -> 422
[WARN] [1783599832.738952831] [waypoint_follower]: stuck recovery: nearest_index 422 -> 422
[WARN] [1783599832.788167599] [waypoint_follower]: far from local route: d=2182472.79, relocalize nearest_index 422 -> 422
[WARN] [1783599832.837928389] [waypoint_follower]: far from local route: d=2182472.79, relocalize nearest_index 422 -> 422
[WARN] [1783599832.888680075] [waypoint_follower]: far from local route: d=2188196.74, relocalize nearest_index 422 -> 422
[WARN] [1783599832.938260393] [waypoint_follower]: far from local route: d=2188196.74, relocalize nearest_index 422 -> 422
[WARN] [1783599832.988390541] [waypoint_follower]: far from local route: d=2188196.74, relocalize nearest_index 422 -> 422
[WARN] [1783599833.038275069] [waypoint_follower]: far from local route: d=2188196.74, relocalize nearest_index 422 -> 422
[WARN] [1783599833.088336580] [waypoint_follower]: far from local route: d=2188196.74, relocalize nearest_index 422 -> 422
[WARN] [1783599833.137951425] [waypoint_follower]: far from local route: d=2188196.74, relocalize nearest_index 422 -> 422
[INFO] [1783599833.139036813] [waypoint_follower]: nearest=422, target=422, dist=2188196.74, alpha=-1.36, vx=0.00, yaw_rate=-0.45, dir=1
[WARN] [1783599833.188369111] [waypoint_follower]: far from local route: d=2188196.74, relocalize nearest_index 422 -> 422
[WARN] [1783599833.237827323] [waypoint_follower]: far from local route: d=2188196.74, relocalize nearest_index 422 -> 422
[WARN] [1783599833.289557971] [waypoint_follower]: far from local route: d=2188196.74, relocalize nearest_index 422 -> 422
[WARN] [1783599833.340017383] [waypoint_follower]: far from local route: d=2188196.74, relocalize nearest_index 422 -> 422
[WARN] [1783599833.388253734] [waypoint_follower]: far from local route: d=2188196.74, relocalize nearest_index 422 -> 422
[WARN] [1783599833.438074616] [waypoint_follower]: far from local route: d=2188196.74, relocalize nearest_index 422 -> 422
[WARN] [1783599833.487941289] [waypoint_follower]: far from local route: d=2188196.74, relocalize nearest_index 422 -> 422
[WARN] [1783599833.537947379] [waypoint_follower]: far from local route: d=2188196.74, relocalize nearest_index 422 -> 422
[WARN] [1783599833.587968636] [waypoint_follower]: far from local route: d=2188196.74, relocalize nearest_index 422 -> 422
[WARN] [1783599833.637863467] [waypoint_follower]: far from local route: d=2188196.74, relocalize nearest_index 422 -> 422
[WARN] [1783599833.687706365] [waypoint_follower]: far from local route: d=2193186.78, relocalize nearest_index 422 -> 422
[WARN] [1783599833.737775332] [waypoint_follower]: far from local route: d=2193186.78, relocalize nearest_index 422 -> 422
[WARN] [1783599833.788093055] [waypoint_follower]: far from local route: d=2193186.78, relocalize nearest_index 422 -> 422
[WARN] [1783599833.837851413] [waypoint_follower]: far from local route: d=2193186.78, relocalize nearest_index 422 -> 422
[WARN] [1783599833.887912412] [waypoint_follower]: far from local route: d=2193186.78, relocalize nearest_index 422 -> 422
[WARN] [1783599833.937892679] [waypoint_follower]: far from local route: d=2193186.78, relocalize nearest_index 422 -> 422
[WARN] [1783599833.988702187] [waypoint_follower]: far from local route: d=2193186.78, relocalize nearest_index 422 -> 422
[WARN] [1783599834.038349222] [waypoint_follower]: far from local route: d=2193186.78, relocalize nearest_index 422 -> 422
[WARN] [1783599834.088607172] [waypoint_follower]: far from local route: d=2193186.78, relocalize nearest_index 422 -> 422
[WARN] [1783599834.138535122] [waypoint_follower]: far from local route: d=2193186.78, relocalize nearest_index 422 -> 422
[INFO] [1783599834.144571825] [waypoint_follower]: nearest=422, target=422, dist=2193186.78, alpha=-0.77, vx=0.12, yaw_rate=-0.45, dir=1
[WARN] [1783599834.187938360] [waypoint_follower]: far from local route: d=2193186.78, relocalize nearest_index 422 -> 422
[WARN] [1783599834.237854087] [waypoint_follower]: far from local route: d=2193186.78, relocalize nearest_index 422 -> 422
[WARN] [1783599834.287898255] [waypoint_follower]: far from local route: d=2196043.73, relocalize nearest_index 422 -> 422
[WARN] [1783599834.337900601] [waypoint_follower]: far from local route: d=2196043.73, relocalize nearest_index 422 -> 422
[WARN] [1783599834.388024701] [waypoint_follower]: far from local route: d=2196043.73, relocalize nearest_index 422 -> 422
[WARN] [1783599834.438015560] [waypoint_follower]: far from local route: d=2196043.73, relocalize nearest_index 422 -> 422
[WARN] [1783599834.487888248] [waypoint_follower]: far from local route: d=2196043.73, relocalize nearest_index 422 -> 422
[WARN] [1783599834.537932608] [waypoint_follower]: far from local route: d=2197471.62, relocalize nearest_index 422 -> 422
[WARN] [1783599834.587862510] [waypoint_follower]: far from local route: d=2197471.62, relocalize nearest_index 422 -> 422
[WARN] [1783599834.637939252] [waypoint_follower]: far from local route: d=2197471.62, relocalize nearest_index 422 -> 422
[WARN] [1783599834.687567792] [waypoint_follower]: far from local route: d=2198181.69, relocalize nearest_index 422 -> 422
[WARN] [1783599834.737876972] [waypoint_follower]: far from local route: d=2198181.69, relocalize nearest_index 422 -> 422
[WARN] [1783599834.788010480] [waypoint_follower]: far from local route: d=2198181.69, relocalize nearest_index 422 -> 422
[WARN] [1783599834.837971708] [waypoint_follower]: far from local route: d=2198181.69, relocalize nearest_index 422 -> 422
[WARN] [1783599834.887967750] [waypoint_follower]: far from local route: d=2198181.69, relocalize nearest_index 422 -> 422
[WARN] [1783599834.937815352] [waypoint_follower]: far from local route: d=2198181.69, relocalize nearest_index 422 -> 422
[WARN] [1783599834.987993050] [waypoint_follower]: far from local route: d=2198181.69, relocalize nearest_index 422 -> 422
[WARN] [1783599835.038761151] [waypoint_follower]: far from local route: d=2198181.69, relocalize nearest_index 422 -> 422
[WARN] [1783599835.088323870] [waypoint_follower]: far from local route: d=2198181.69, relocalize nearest_index 422 -> 422
[WARN] [1783599835.138523487] [waypoint_follower]: far from local route: d=2198181.69, relocalize nearest_index 422 -> 422
[WARN] [1783599835.187990211] [waypoint_follower]: far from local route: d=2198181.69, relocalize nearest_index 422 -> 422
[INFO] [1783599835.189006482] [waypoint_follower]: nearest=422, target=422, dist=2198181.69, alpha=-0.47, vx=0.25, yaw_rate=-0.42, dir=1
[WARN] [1783599835.237845876] [waypoint_follower]: far from local route: d=2198181.69, relocalize nearest_index 422 -> 422
[WARN] [1783599835.288298856] [waypoint_follower]: far from local route: d=2201808.88, relocalize nearest_index 422 -> 422
[WARN] [1783599835.337947043] [waypoint_follower]: far from local route: d=2201808.88, relocalize nearest_index 422 -> 422
[WARN] [1783599835.387900528] [waypoint_follower]: far from local route: d=2201808.88, relocalize nearest_index 422 -> 422
[WARN] [1783599835.437939928] [waypoint_follower]: far from local route: d=2201808.88, relocalize nearest_index 422 -> 422
[WARN] [1783599835.488026270] [waypoint_follower]: far from local route: d=2201808.88, relocalize nearest_index 422 -> 422
[WARN] [1783599835.537910958] [waypoint_follower]: far from local route: d=2201808.88, relocalize nearest_index 422 -> 422
[WARN] [1783599835.588182763] [waypoint_follower]: far from local route: d=2201808.88, relocalize nearest_index 422 -> 422
[WARN] [1783599835.638955377] [waypoint_follower]: far from local route: d=2201808.88, relocalize nearest_index 422 -> 422
[WARN] [1783599835.687997865] [waypoint_follower]: far from local route: d=2201808.88, relocalize nearest_index 422 -> 422
[WARN] [1783599835.737871897] [waypoint_follower]: far from local route: d=2201808.88, relocalize nearest_index 422 -> 422
[WARN] [1783599835.739373489] [waypoint_follower]: stuck recovery: nearest_index 422 -> 422
[WARN] [1783599835.787999869] [waypoint_follower]: far from local route: d=2201808.88, relocalize nearest_index 422 -> 422
[WARN] [1783599835.837865614] [waypoint_follower]: far from local route: d=2201808.88, relocalize nearest_index 422 -> 422
[WARN] [1783599835.887860472] [waypoint_follower]: far from local route: d=2201808.88, relocalize nearest_index 422 -> 422
[WARN] [1783599835.937824292] [waypoint_follower]: far from local route: d=2201808.88, relocalize nearest_index 422 -> 422
[WARN] [1783599835.988018021] [waypoint_follower]: far from local route: d=2201808.88, relocalize nearest_index 422 -> 422
[WARN] [1783599836.037845559] [waypoint_follower]: far from local route: d=2201808.88, relocalize nearest_index 422 -> 422
[WARN] [1783599836.087851265] [waypoint_follower]: far from local route: d=2203186.14, relocalize nearest_index 422 -> 422
[WARN] [1783599836.137865675] [waypoint_follower]: far from local route: d=2203186.14, relocalize nearest_index 422 -> 422
[WARN] [1783599836.187872533] [waypoint_follower]: far from local route: d=2203186.14, relocalize nearest_index 422 -> 422
[WARN] [1783599836.237969754] [waypoint_follower]: far from local route: d=2203186.14, relocalize nearest_index 422 -> 422
[INFO] [1783599836.239124995] [waypoint_follower]: nearest=422, target=422, dist=2203186.14, alpha=-0.21, vx=0.25, yaw_rate=-0.19, dir=1
[WARN] [1783599836.288282134] [waypoint_follower]: far from local route: d=2203186.14, relocalize nearest_index 422 -> 422
[WARN] [1783599836.338008077] [waypoint_follower]: far from local route: d=2203186.14, relocalize nearest_index 422 -> 422
[WARN] [1783599836.388027798] [waypoint_follower]: far from local route: d=2203186.14, relocalize nearest_index 422 -> 422
[WARN] [1783599836.438021153] [waypoint_follower]: far from local route: d=2203186.14, relocalize nearest_index 422 -> 422
[WARN] [1783599836.487934351] [waypoint_follower]: far from local route: d=2203186.14, relocalize nearest_index 422 -> 422
[WARN] [1783599836.537871837] [waypoint_follower]: far from local route: d=2203186.14, relocalize nearest_index 422 -> 422
[WARN] [1783599836.588197527] [waypoint_follower]: far from local route: d=2203186.14, relocalize nearest_index 422 -> 422
[WARN] [1783599836.637839635] [waypoint_follower]: far from local route: d=2203186.14, relocalize nearest_index 422 -> 422
[WARN] [1783599836.687892826] [waypoint_follower]: far from local route: d=2203186.14, relocalize nearest_index 422 -> 422
[WARN] [1783599836.737855366] [waypoint_follower]: far from local route: d=2203186.14, relocalize nearest_index 422 -> 422
[WARN] [1783599836.788005609] [waypoint_follower]: far from local route: d=2203186.14, relocalize nearest_index 422 -> 422
[WARN] [1783599836.837898329] [waypoint_follower]: far from local route: d=2203186.14, relocalize nearest_index 422 -> 422
[WARN] [1783599836.888062811] [waypoint_follower]: far from local route: d=2203186.14, relocalize nearest_index 422 -> 422
[WARN] [1783599836.937842192] [waypoint_follower]: far from local route: d=2203186.14, relocalize nearest_index 422 -> 422
[WARN] [1783599836.987888984] [waypoint_follower]: far from local route: d=2203186.14, relocalize nearest_index 422 -> 422
[WARN] [1783599837.037905569] [waypoint_follower]: far from local route: d=2203186.14, relocalize nearest_index 422 -> 422
[WARN] [1783599837.088020358] [waypoint_follower]: far from local route: d=2203186.14, relocalize nearest_index 422 -> 422
[WARN] [1783599837.137761789] [waypoint_follower]: far from local route: d=2203186.14, relocalize nearest_index 422 -> 422
[WARN] [1783599837.188662428] [waypoint_follower]: far from local route: d=2203186.14, relocalize nearest_index 422 -> 422
[WARN] [1783599837.238786112] [waypoint_follower]: far from local route: d=2203186.14, relocalize nearest_index 422 -> 422
[INFO] [1783599837.240107201] [waypoint_follower]: nearest=422, target=422, dist=2203186.14, alpha=-0.21, vx=0.25, yaw_rate=-0.19, dir=1
[WARN] [1783599837.288617554] [waypoint_follower]: far from local route: d=2203186.14, relocalize nearest_index 422 -> 422
[WARN] [1783599837.338710328] [waypoint_follower]: far from local route: d=2203186.14, relocalize nearest_index 422 -> 422
[WARN] [1783599837.387802862] [waypoint_follower]: far from local route: d=2208903.11, relocalize nearest_index 422 -> 422
[WARN] [1783599837.437814007] [waypoint_follower]: far from local route: d=2208903.11, relocalize nearest_index 422 -> 422
[WARN] [1783599837.487797762] [waypoint_follower]: far from local route: d=2208903.11, relocalize nearest_index 422 -> 422
[WARN] [1783599837.537871753] [waypoint_follower]: far from local route: d=2208903.11, relocalize nearest_index 422 -> 422
[WARN] [1783599837.588736234] [waypoint_follower]: far from local route: d=2208903.11, relocalize nearest_index 422 -> 422
[WARN] [1783599837.637940346] [waypoint_follower]: far from local route: d=2208903.11, relocalize nearest_index 422 -> 422
[WARN] [1783599837.688476427] [waypoint_follower]: far from local route: d=2208903.11, relocalize nearest_index 422 -> 422
[WARN] [1783599837.737958638] [waypoint_follower]: far from local route: d=2208903.11, relocalize nearest_index 422 -> 422
[WARN] [1783599837.787822239] [waypoint_follower]: far from local route: d=2208903.11, relocalize nearest_index 422 -> 422
[WARN] [1783599837.837699791] [waypoint_follower]: far from local route: d=2208903.11, relocalize nearest_index 422 -> 422
[WARN] [1783599837.888027529] [waypoint_follower]: far from local route: d=2208903.11, relocalize nearest_index 422 -> 422
[WARN] [1783599837.937725602] [waypoint_follower]: far from local route: d=2208903.11, relocalize nearest_index 422 -> 422
[WARN] [1783599837.987840711] [waypoint_follower]: far from local route: d=2208903.11, relocalize nearest_index 422 -> 422
[WARN] [1783599838.037722167] [waypoint_follower]: far from local route: d=2208903.11, relocalize nearest_index 422 -> 422
[WARN] [1783599838.087747040] [waypoint_follower]: far from local route: d=2208903.11, relocalize nearest_index 422 -> 422
[WARN] [1783599838.137748106] [waypoint_follower]: far from local route: d=2208903.11, relocalize nearest_index 422 -> 422
[WARN] [1783599838.188130050] [waypoint_follower]: far from local route: d=2218917.03, relocalize nearest_index 422 -> 422
[WARN] [1783599838.237859481] [waypoint_follower]: far from local route: d=2218917.03, relocalize nearest_index 422 -> 422
[WARN] [1783599838.288115223] [waypoint_follower]: far from local route: d=2218917.03, relocalize nearest_index 422 -> 422
[INFO] [1783599838.289179204] [waypoint_follower]: nearest=422, target=422, dist=2218917.03, alpha=2.89, vx=0.00, yaw_rate=0.45, dir=1
[WARN] [1783599838.337947881] [waypoint_follower]: far from local route: d=2218917.03, relocalize nearest_index 422 -> 422
[WARN] [1783599838.387960787] [waypoint_follower]: far from local route: d=2218917.03, relocalize nearest_index 422 -> 422
[WARN] [1783599838.437894336] [waypoint_follower]: far from local route: d=2218917.03, relocalize nearest_index 422 -> 422
[WARN] [1783599838.487871052] [waypoint_follower]: far from local route: d=2218917.03, relocalize nearest_index 422 -> 422
[WARN] [1783599838.537798905] [waypoint_follower]: far from local route: d=2218917.03, relocalize nearest_index 422 -> 422
[WARN] [1783599838.587820195] [waypoint_follower]: far from local route: d=2218917.03, relocalize nearest_index 422 -> 422
[WARN] [1783599838.638049634] [waypoint_follower]: far from local route: d=2218917.03, relocalize nearest_index 422 -> 422
[WARN] [1783599838.687784953] [waypoint_follower]: far from local route: d=2218917.03, relocalize nearest_index 422 -> 422
[WARN] [1783599838.737724102] [waypoint_follower]: far from local route: d=2218917.03, relocalize nearest_index 422 -> 422
[WARN] [1783599838.787782765] [waypoint_follower]: far from local route: d=2218917.03, relocalize nearest_index 422 -> 422
[WARN] [1783599838.788873689] [waypoint_follower]: stuck recovery: nearest_index 422 -> 422
[WARN] [1783599838.837736506] [waypoint_follower]: far from local route: d=2218917.03, relocalize nearest_index 422 -> 422
[WARN] [1783599838.887757251] [waypoint_follower]: far from local route: d=2223246.68, relocalize nearest_index 422 -> 422
[WARN] [1783599838.937735022] [waypoint_follower]: far from local route: d=2223246.68, relocalize nearest_index 422 -> 422
[WARN] [1783599838.988609199] [waypoint_follower]: far from local route: d=2223246.68, relocalize nearest_index 422 -> 422
[WARN] [1783599839.038075634] [waypoint_follower]: far from local route: d=2223246.68, relocalize nearest_index 422 -> 422
[WARN] [1783599839.088580964] [waypoint_follower]: far from local route: d=2223246.68, relocalize nearest_index 422 -> 422
[WARN] [1783599839.138453429] [waypoint_follower]: far from local route: d=2223246.68, relocalize nearest_index 422 -> 422
[WARN] [1783599839.187939160] [waypoint_follower]: far from local route: d=2223246.68, relocalize nearest_index 422 -> 422
[WARN] [1783599839.237756459] [waypoint_follower]: far from local route: d=2223246.68, relocalize nearest_index 422 -> 422
[WARN] [1783599839.287973002] [waypoint_follower]: far from local route: d=2223246.68, relocalize nearest_index 422 -> 422
[WARN] [1783599839.337800509] [waypoint_follower]: far from local route: d=2223246.68, relocalize nearest_index 422 -> 422
[INFO] [1783599839.338795021] [waypoint_follower]: nearest=422, target=422, dist=2223246.68, alpha=-2.99, vx=0.00, yaw_rate=-0.45, dir=1
[WARN] [1783599839.387984926] [waypoint_follower]: far from local route: d=2223246.68, relocalize nearest_index 422 -> 422
[WARN] [1783599839.437785266] [waypoint_follower]: far from local route: d=2223246.68, relocalize nearest_index 422 -> 422
[WARN] [1783599839.487856537] [waypoint_follower]: far from local route: d=2223246.68, relocalize nearest_index 422 -> 422
[WARN] [1783599839.537742729] [waypoint_follower]: far from local route: d=2223246.68, relocalize nearest_index 422 -> 422
[WARN] [1783599839.587724404] [waypoint_follower]: far from local route: d=2230380.45, relocalize nearest_index 422 -> 422
[WARN] [1783599839.637789883] [waypoint_follower]: far from local route: d=2230380.45, relocalize nearest_index 422 -> 422
[WARN] [1783599839.687843651] [waypoint_follower]: far from local route: d=2230380.45, relocalize nearest_index 422 -> 422
[WARN] [1783599839.737819374] [waypoint_follower]: far from local route: d=2230380.45, relocalize nearest_index 422 -> 422
[WARN] [1783599839.787760635] [waypoint_follower]: far from local route: d=2230380.45, relocalize nearest_index 422 -> 422
[WARN] [1783599839.837733350] [waypoint_follower]: far from local route: d=2230380.45, relocalize nearest_index 422 -> 422
[WARN] [1783599839.888051490] [waypoint_follower]: far from local route: d=2230380.45, relocalize nearest_index 422 -> 422
[WARN] [1783599839.937861589] [waypoint_follower]: far from local route: d=2230380.45, relocalize nearest_index 422 -> 422
[WARN] [1783599839.987945339] [waypoint_follower]: far from local route: d=2230380.45, relocalize nearest_index 422 -> 422
[WARN] [1783599840.037803788] [waypoint_follower]: far from local route: d=2230380.45, relocalize nearest_index 422 -> 422
[WARN] [1783599840.087918129] [waypoint_follower]: far from local route: d=2230380.45, relocalize nearest_index 422 -> 422
[WARN] [1783599840.137864670] [waypoint_follower]: far from local route: d=2234684.78, relocalize nearest_index 422 -> 422
[WARN] [1783599840.187853832] [waypoint_follower]: far from local route: d=2234684.78, relocalize nearest_index 422 -> 422
[WARN] [1783599840.237895953] [waypoint_follower]: far from local route: d=2238272.87, relocalize nearest_index 422 -> 422
[WARN] [1783599840.287919642] [waypoint_follower]: far from local route: d=2238272.87, relocalize nearest_index 422 -> 422
[WARN] [1783599840.338657249] [waypoint_follower]: far from local route: d=2238272.87, relocalize nearest_index 422 -> 422
[INFO] [1783599840.340846072] [waypoint_follower]: nearest=422, target=422, dist=2238272.87, alpha=-1.82, vx=0.00, yaw_rate=-0.45, dir=1
[WARN] [1783599840.388858241] [waypoint_follower]: far from local route: d=2238272.87, relocalize nearest_index 422 -> 422
[WARN] [1783599840.438627703] [waypoint_follower]: far from local route: d=2238272.87, relocalize nearest_index 422 -> 422
[WARN] [1783599840.488626241] [waypoint_follower]: far from local route: d=2238272.87, relocalize nearest_index 422 -> 422
[WARN] [1783599840.537959275] [waypoint_follower]: far from local route: d=2238272.87, relocalize nearest_index 422 -> 422
[WARN] [1783599840.587833947] [waypoint_follower]: far from local route: d=2238272.87, relocalize nearest_index 422 -> 422
[WARN] [1783599840.644585763] [waypoint_follower]: far from local route: d=2238272.87, relocalize nearest_index 422 -> 422
[WARN] [1783599840.687837839] [waypoint_follower]: far from local route: d=2238272.87, relocalize nearest_index 422 -> 422
[WARN] [1783599840.737822234] [waypoint_follower]: far from local route: d=2238272.87, relocalize nearest_index 422 -> 422
[WARN] [1783599840.787810405] [waypoint_follower]: far from local route: d=2238272.87, relocalize nearest_index 422 -> 422
[WARN] [1783599840.837899883] [waypoint_follower]: far from local route: d=2238272.87, relocalize nearest_index 422 -> 422
[WARN] [1783599840.888639698] [waypoint_follower]: far from local route: d=2238272.87, relocalize nearest_index 422 -> 422
[WARN] [1783599840.938440198] [waypoint_follower]: far from local route: d=2238272.87, relocalize nearest_index 422 -> 422
[WARN] [1783599840.988411025] [waypoint_follower]: far from local route: d=2238272.87, relocalize nearest_index 422 -> 422
[WARN] [1783599841.038095691] [waypoint_follower]: far from local route: d=2238272.87, relocalize nearest_index 422 -> 422
[WARN] [1783599841.087675273] [waypoint_follower]: far from local route: d=2238272.87, relocalize nearest_index 422 -> 422
[WARN] [1783599841.137817421] [waypoint_follower]: far from local route: d=2238272.87, relocalize nearest_index 422 -> 422
[WARN] [1783599841.187832662] [waypoint_follower]: far from local route: d=2238272.87, relocalize nearest_index 422 -> 422
[WARN] [1783599841.237835136] [waypoint_follower]: far from local route: d=2238272.87, relocalize nearest_index 422 -> 422
[WARN] [1783599841.291352322] [waypoint_follower]: far from local route: d=2238272.87, relocalize nearest_index 422 -> 422
[WARN] [1783599841.337801334] [waypoint_follower]: far from local route: d=2238272.87, relocalize nearest_index 422 -> 422
[WARN] [1783599841.387853214] [waypoint_follower]: far from local route: d=2248314.31, relocalize nearest_index 422 -> 422
[INFO] [1783599841.388864398] [waypoint_follower]: nearest=422, target=422, dist=2248314.31, alpha=-1.01, vx=0.00, yaw_rate=-0.45, dir=1
[WARN] [1783599841.437942660] [waypoint_follower]: far from local route: d=2248314.31, relocalize nearest_index 422 -> 422
[WARN] [1783599841.489549217] [waypoint_follower]: far from local route: d=2248314.31, relocalize nearest_index 422 -> 422
[WARN] [1783599841.538306023] [waypoint_follower]: far from local route: d=2248314.31, relocalize nearest_index 422 -> 422
[WARN] [1783599841.588328688] [waypoint_follower]: far from local route: d=2248314.31, relocalize nearest_index 422 -> 422
[WARN] [1783599841.637929613] [waypoint_follower]: far from local route: d=2248314.31, relocalize nearest_index 422 -> 422
[WARN] [1783599841.688637366] [waypoint_follower]: far from local route: d=2248314.31, relocalize nearest_index 422 -> 422
[WARN] [1783599841.737837990] [waypoint_follower]: far from local route: d=2248314.31, relocalize nearest_index 422 -> 422
[WARN] [1783599841.787821489] [waypoint_follower]: far from local route: d=2248314.31, relocalize nearest_index 422 -> 422
[WARN] [1783599841.788894046] [waypoint_follower]: stuck recovery: nearest_index 422 -> 422
[WARN] [1783599841.837640772] [waypoint_follower]: far from local route: d=2251934.11, relocalize nearest_index 422 -> 422
[WARN] [1783599841.887817350] [waypoint_follower]: far from local route: d=2251934.11, relocalize nearest_index 422 -> 422
[WARN] [1783599841.938162784] [waypoint_follower]: far from local route: d=2251934.11, relocalize nearest_index 422 -> 422
[WARN] [1783599841.989229783] [waypoint_follower]: far from local route: d=2251934.11, relocalize nearest_index 422 -> 422
[WARN] [1783599842.037934047] [waypoint_follower]: far from local route: d=2251934.11, relocalize nearest_index 422 -> 422
[WARN] [1783599842.087980551] [waypoint_follower]: far from local route: d=2251934.11, relocalize nearest_index 422 -> 422
[WARN] [1783599842.138243941] [waypoint_follower]: far from local route: d=2251934.11, relocalize nearest_index 422 -> 422
[WARN] [1783599842.187829059] [waypoint_follower]: far from local route: d=2251934.11, relocalize nearest_index 422 -> 422
[WARN] [1783599842.237814478] [waypoint_follower]: far from local route: d=2251934.11, relocalize nearest_index 422 -> 422
[WARN] [1783599842.287898388] [waypoint_follower]: far from local route: d=2251934.11, relocalize nearest_index 422 -> 422
[WARN] [1783599842.338078998] [waypoint_follower]: far from local route: d=2251934.11, relocalize nearest_index 422 -> 422
[WARN] [1783599842.387911400] [waypoint_follower]: far from local route: d=2251934.11, relocalize nearest_index 422 -> 422
[INFO] [1783599842.389654421] [waypoint_follower]: nearest=422, target=422, dist=2251934.11, alpha=-0.79, vx=0.12, yaw_rate=-0.45, dir=1
[WARN] [1783599842.438925410] [waypoint_follower]: far from local route: d=2251934.11, relocalize nearest_index 422 -> 422
[WARN] [1783599842.488169072] [waypoint_follower]: far from local route: d=2251934.11, relocalize nearest_index 422 -> 422
[WARN] [1783599842.537967812] [waypoint_follower]: far from local route: d=2251934.11, relocalize nearest_index 422 -> 422
[WARN] [1783599842.587925840] [waypoint_follower]: far from local route: d=2251934.11, relocalize nearest_index 422 -> 422
[WARN] [1783599842.637901979] [waypoint_follower]: far from local route: d=2251934.11, relocalize nearest_index 422 -> 422
[WARN] [1783599842.687794699] [waypoint_follower]: far from local route: d=2251934.11, relocalize nearest_index 422 -> 422
[WARN] [1783599842.737858866] [waypoint_follower]: far from local route: d=2251934.11, relocalize nearest_index 422 -> 422
[WARN] [1783599842.787839613] [waypoint_follower]: far from local route: d=2258374.27, relocalize nearest_index 422 -> 422
[WARN] [1783599842.837863110] [waypoint_follower]: far from local route: d=2258374.27, relocalize nearest_index 422 -> 422
[WARN] [1783599842.887794164] [waypoint_follower]: far from local route: d=2258374.27, relocalize nearest_index 422 -> 422
[WARN] [1783599842.937763487] [waypoint_follower]: far from local route: d=2258374.27, relocalize nearest_index 422 -> 422
[WARN] [1783599842.987924386] [waypoint_follower]: far from local route: d=2258374.27, relocalize nearest_index 422 -> 422
[WARN] [1783599843.038168385] [waypoint_follower]: far from local route: d=2258374.27, relocalize nearest_index 422 -> 422
[WARN] [1783599843.088467549] [waypoint_follower]: far from local route: d=2258374.27, relocalize nearest_index 422 -> 422
[WARN] [1783599843.138428265] [waypoint_follower]: far from local route: d=2258374.27, relocalize nearest_index 422 -> 422
[WARN] [1783599843.187935946] [waypoint_follower]: far from local route: d=2258374.27, relocalize nearest_index 422 -> 422
[WARN] [1783599843.237723615] [waypoint_follower]: far from local route: d=2258374.27, relocalize nearest_index 422 -> 422
[WARN] [1783599843.287949982] [waypoint_follower]: far from local route: d=2261967.07, relocalize nearest_index 422 -> 422
[WARN] [1783599843.337802063] [waypoint_follower]: far from local route: d=2261967.07, relocalize nearest_index 422 -> 422
[WARN] [1783599843.387855863] [waypoint_follower]: far from local route: d=2261967.07, relocalize nearest_index 422 -> 422
[WARN] [1783599843.437781765] [waypoint_follower]: far from local route: d=2261967.07, relocalize nearest_index 422 -> 422
[INFO] [1783599843.438825363] [waypoint_follower]: nearest=422, target=422, dist=2261967.07, alpha=-0.29, vx=0.25, yaw_rate=-0.26, dir=1
[WARN] [1783599843.487834893] [waypoint_follower]: far from local route: d=2261967.07, relocalize nearest_index 422 -> 422
[WARN] [1783599843.537784089] [waypoint_follower]: far from local route: d=2261967.07, relocalize nearest_index 422 -> 422
[WARN] [1783599843.587885247] [waypoint_follower]: far from local route: d=2261967.07, relocalize nearest_index 422 -> 422
[WARN] [1783599843.637829996] [waypoint_follower]: far from local route: d=2261967.07, relocalize nearest_index 422 -> 422
[WARN] [1783599843.687838357] [waypoint_follower]: far from local route: d=2261967.07, relocalize nearest_index 422 -> 422
[WARN] [1783599843.737637225] [waypoint_follower]: far from local route: d=2265557.39, relocalize nearest_index 422 -> 422
[WARN] [1783599843.787811723] [waypoint_follower]: far from local route: d=2265557.39, relocalize nearest_index 422 -> 422
[WARN] [1783599843.841212435] [waypoint_follower]: far from local route: d=2265557.39, relocalize nearest_index 422 -> 422
[WARN] [1783599843.888644280] [waypoint_follower]: far from local route: d=2265557.39, relocalize nearest_index 422 -> 422
[WARN] [1783599843.938158201] [waypoint_follower]: far from local route: d=2265557.39, relocalize nearest_index 422 -> 422
[WARN] [1783599843.988524146] [waypoint_follower]: far from local route: d=2265557.39, relocalize nearest_index 422 -> 422
[WARN] [1783599844.039211355] [waypoint_follower]: far from local route: d=2265557.39, relocalize nearest_index 422 -> 422
[WARN] [1783599844.089169384] [waypoint_follower]: far from local route: d=2265557.39, relocalize nearest_index 422 -> 422
[WARN] [1783599844.138147171] [waypoint_follower]: far from local route: d=2265557.39, relocalize nearest_index 422 -> 422
[WARN] [1783599844.188106127] [waypoint_follower]: far from local route: d=2265557.39, relocalize nearest_index 422 -> 422
[WARN] [1783599844.237824647] [waypoint_follower]: far from local route: d=2268433.80, relocalize nearest_index 422 -> 422
[WARN] [1783599844.289172144] [waypoint_follower]: far from local route: d=2268433.80, relocalize nearest_index 422 -> 422
[WARN] [1783599844.337813628] [waypoint_follower]: far from local route: d=2269152.17, relocalize nearest_index 422 -> 422
[WARN] [1783599844.387827909] [waypoint_follower]: far from local route: d=2269152.17, relocalize nearest_index 422 -> 422
[WARN] [1783599844.438048645] [waypoint_follower]: far from local route: d=2269872.14, relocalize nearest_index 422 -> 422
[INFO] [1783599844.439215213] [waypoint_follower]: nearest=422, target=422, dist=2269872.14, alpha=0.00, vx=0.25, yaw_rate=0.00, dir=1
[WARN] [1783599844.488466299] [waypoint_follower]: far from local route: d=2269872.14, relocalize nearest_index 422 -> 422
[WARN] [1783599844.538012923] [waypoint_follower]: far from local route: d=2269872.14, relocalize nearest_index 422 -> 422
[WARN] [1783599844.587752818] [waypoint_follower]: far from local route: d=2269872.14, relocalize nearest_index 422 -> 422
[WARN] [1783599844.637810329] [waypoint_follower]: far from local route: d=2269872.14, relocalize nearest_index 422 -> 422
[WARN] [1783599844.688260366] [waypoint_follower]: far from local route: d=2269872.14, relocalize nearest_index 422 -> 422
[WARN] [1783599844.737886570] [waypoint_follower]: far from local route: d=2272028.88, relocalize nearest_index 422 -> 422
[WARN] [1783599844.788104010] [waypoint_follower]: far from local route: d=2272028.88, relocalize nearest_index 422 -> 422
[WARN] [1783599844.789316112] [waypoint_follower]: stuck recovery: nearest_index 422 -> 422
[WARN] [1783599844.837771076] [waypoint_follower]: far from local route: d=2272028.88, relocalize nearest_index 422 -> 422
[WARN] [1783599844.887885641] [waypoint_follower]: far from local route: d=2272028.88, relocalize nearest_index 422 -> 422
[WARN] [1783599844.937791447] [waypoint_follower]: far from local route: d=2272028.88, relocalize nearest_index 422 -> 422
[WARN] [1783599844.987900060] [waypoint_follower]: far from local route: d=2272028.88, relocalize nearest_index 422 -> 422
[WARN] [1783599845.037810891] [waypoint_follower]: far from local route: d=2272028.88, relocalize nearest_index 422 -> 422
[WARN] [1783599845.087806005] [waypoint_follower]: far from local route: d=2272028.88, relocalize nearest_index 422 -> 422
[WARN] [1783599845.137759522] [waypoint_follower]: far from local route: d=2272747.75, relocalize nearest_index 422 -> 422
[WARN] [1783599845.189033935] [waypoint_follower]: far from local route: d=2272747.75, relocalize nearest_index 422 -> 422
[WARN] [1783599845.238307420] [waypoint_follower]: far from local route: d=2272747.75, relocalize nearest_index 422 -> 422
[WARN] [1783599845.288526652] [waypoint_follower]: far from local route: d=2272747.75, relocalize nearest_index 422 -> 422
[WARN] [1783599845.337936578] [waypoint_follower]: far from local route: d=2272747.75, relocalize nearest_index 422 -> 422
[WARN] [1783599845.388286588] [waypoint_follower]: far from local route: d=2272747.75, relocalize nearest_index 422 -> 422
[WARN] [1783599845.437936151] [waypoint_follower]: far from local route: d=2272747.75, relocalize nearest_index 422 -> 422
[WARN] [1783599845.487805223] [waypoint_follower]: far from local route: d=2272747.75, relocalize nearest_index 422 -> 422
[INFO] [1783599845.488797784] [waypoint_follower]: nearest=422, target=422, dist=2272747.75, alpha=0.14, vx=0.25, yaw_rate=0.12, dir=1
[WARN] [1783599845.537776595] [waypoint_follower]: far from local route: d=2272747.75, relocalize nearest_index 422 -> 422
[WARN] [1783599845.587906679] [waypoint_follower]: far from local route: d=2272747.75, relocalize nearest_index 422 -> 422
[WARN] [1783599845.637936480] [waypoint_follower]: far from local route: d=2272747.75, relocalize nearest_index 422 -> 422
[WARN] [1783599845.687975208] [waypoint_follower]: far from local route: d=2277783.84, relocalize nearest_index 422 -> 422
[WARN] [1783599845.738002961] [waypoint_follower]: far from local route: d=2277783.84, relocalize nearest_index 422 -> 422
[WARN] [1783599845.787818532] [waypoint_follower]: far from local route: d=2277783.84, relocalize nearest_index 422 -> 422
[WARN] [1783599845.837759377] [waypoint_follower]: far from local route: d=2277783.84, relocalize nearest_index 422 -> 422
[WARN] [1783599845.887875990] [waypoint_follower]: far from local route: d=2277783.84, relocalize nearest_index 422 -> 422
[WARN] [1783599845.937839714] [waypoint_follower]: far from local route: d=2277783.84, relocalize nearest_index 422 -> 422
[WARN] [1783599845.987808525] [waypoint_follower]: far from local route: d=2277783.84, relocalize nearest_index 422 -> 422
[WARN] [1783599846.037960240] [waypoint_follower]: far from local route: d=2277783.84, relocalize nearest_index 422 -> 422
[WARN] [1783599846.087844000] [waypoint_follower]: far from local route: d=2277783.84, relocalize nearest_index 422 -> 422
[WARN] [1783599846.138948246] [waypoint_follower]: far from local route: d=2277783.84, relocalize nearest_index 422 -> 422
[WARN] [1783599846.187820566] [waypoint_follower]: far from local route: d=2280662.95, relocalize nearest_index 422 -> 422
[WARN] [1783599846.237883325] [waypoint_follower]: far from local route: d=2280662.95, relocalize nearest_index 422 -> 422
[WARN] [1783599846.287818282] [waypoint_follower]: far from local route: d=2280662.95, relocalize nearest_index 422 -> 422
[WARN] [1783599846.337916432] [waypoint_follower]: far from local route: d=2280662.95, relocalize nearest_index 422 -> 422
[WARN] [1783599846.388080466] [waypoint_follower]: far from local route: d=2280662.95, relocalize nearest_index 422 -> 422
[WARN] [1783599846.437795850] [waypoint_follower]: far from local route: d=2280662.95, relocalize nearest_index 422 -> 422
[WARN] [1783599846.487837682] [waypoint_follower]: far from local route: d=2280662.95, relocalize nearest_index 422 -> 422
[INFO] [1783599846.488868257] [waypoint_follower]: nearest=422, target=422, dist=2280662.95, alpha=3.04, vx=0.00, yaw_rate=0.45, dir=1
[WARN] [1783599846.537783999] [waypoint_follower]: far from local route: d=2280662.95, relocalize nearest_index 422 -> 422
[WARN] [1783599846.587896260] [waypoint_follower]: far from local route: d=2280662.95, relocalize nearest_index 422 -> 422
[WARN] [1783599846.637730230] [waypoint_follower]: far from local route: d=2280662.95, relocalize nearest_index 422 -> 422
[WARN] [1783599846.687812413] [waypoint_follower]: far from local route: d=2280662.95, relocalize nearest_index 422 -> 422
[WARN] [1783599846.737812551] [waypoint_follower]: far from local route: d=2284984.04, relocalize nearest_index 422 -> 422
[WARN] [1783599846.787875790] [waypoint_follower]: far from local route: d=2284984.04, relocalize nearest_index 422 -> 422
[WARN] [1783599846.841987188] [waypoint_follower]: far from local route: d=2284984.04, relocalize nearest_index 422 -> 422
[WARN] [1783599846.888128630] [waypoint_follower]: far from local route: d=2284984.04, relocalize nearest_index 422 -> 422
[WARN] [1783599846.938362869] [waypoint_follower]: far from local route: d=2284984.04, relocalize nearest_index 422 -> 422
[WARN] [1783599846.987828793] [waypoint_follower]: far from local route: d=2284984.04, relocalize nearest_index 422 -> 422
[WARN] [1783599847.037905728] [waypoint_follower]: far from local route: d=2284984.04, relocalize nearest_index 422 -> 422
[WARN] [1783599847.087959975] [waypoint_follower]: far from local route: d=2284984.04, relocalize nearest_index 422 -> 422
[WARN] [1783599847.137856439] [waypoint_follower]: far from local route: d=2284984.04, relocalize nearest_index 422 -> 422
[WARN] [1783599847.187969211] [waypoint_follower]: far from local route: d=2284984.04, relocalize nearest_index 422 -> 422
[WARN] [1783599847.237923016] [waypoint_follower]: far from local route: d=2284984.04, relocalize nearest_index 422 -> 422
[WARN] [1783599847.287911091] [waypoint_follower]: far from local route: d=2284984.04, relocalize nearest_index 422 -> 422
[WARN] [1783599847.337848000] [waypoint_follower]: far from local route: d=2290749.56, relocalize nearest_index 422 -> 422
[WARN] [1783599847.388019202] [waypoint_follower]: far from local route: d=2290749.56, relocalize nearest_index 422 -> 422
[WARN] [1783599847.437807926] [waypoint_follower]: far from local route: d=2290749.56, relocalize nearest_index 422 -> 422
[WARN] [1783599847.487885693] [waypoint_follower]: far from local route: d=2290749.56, relocalize nearest_index 422 -> 422
[INFO] [1783599847.489118690] [waypoint_follower]: nearest=422, target=422, dist=2290749.56, alpha=-2.64, vx=0.00, yaw_rate=-0.45, dir=1
[WARN] [1783599847.537870056] [waypoint_follower]: far from local route: d=2290749.56, relocalize nearest_index 422 -> 422
[WARN] [1783599847.587851411] [waypoint_follower]: far from local route: d=2290749.56, relocalize nearest_index 422 -> 422
[WARN] [1783599847.637761505] [waypoint_follower]: far from local route: d=2290749.56, relocalize nearest_index 422 -> 422
[WARN] [1783599847.687805322] [waypoint_follower]: far from local route: d=2290749.56, relocalize nearest_index 422 -> 422
[WARN] [1783599847.737771509] [waypoint_follower]: far from local route: d=2290749.56, relocalize nearest_index 422 -> 422
[WARN] [1783599847.787907673] [waypoint_follower]: far from local route: d=2290749.56, relocalize nearest_index 422 -> 422
[WARN] [1783599847.838103674] [waypoint_follower]: far from local route: d=2295077.02, relocalize nearest_index 422 -> 422
[WARN] [1783599847.839261027] [waypoint_follower]: stuck recovery: nearest_index 422 -> 422
[WARN] [1783599847.890023336] [waypoint_follower]: far from local route: d=2295077.02, relocalize nearest_index 422 -> 422
[WARN] [1783599847.937829020] [waypoint_follower]: far from local route: d=2295077.02, relocalize nearest_index 422 -> 422
[WARN] [1783599847.987862308] [waypoint_follower]: far from local route: d=2295077.02, relocalize nearest_index 422 -> 422
[WARN] [1783599848.037673431] [waypoint_follower]: far from local route: d=2295077.02, relocalize nearest_index 422 -> 422
[WARN] [1783599848.087763197] [waypoint_follower]: far from local route: d=2295077.02, relocalize nearest_index 422 -> 422
[WARN] [1783599848.137682284] [waypoint_follower]: far from local route: d=2295077.02, relocalize nearest_index 422 -> 422
[WARN] [1783599848.187780337] [waypoint_follower]: far from local route: d=2295077.02, relocalize nearest_index 422 -> 422
[WARN] [1783599848.237694751] [waypoint_follower]: far from local route: d=2297964.39, relocalize nearest_index 422 -> 422
[WARN] [1783599848.287789445] [waypoint_follower]: far from local route: d=2297964.39, relocalize nearest_index 422 -> 422
[WARN] [1783599848.338597257] [waypoint_follower]: far from local route: d=2297964.39, relocalize nearest_index 422 -> 422
[WARN] [1783599848.388209221] [waypoint_follower]: far from local route: d=2297964.39, relocalize nearest_index 422 -> 422
[WARN] [1783599848.438357545] [waypoint_follower]: far from local route: d=2297964.39, relocalize nearest_index 422 -> 422
[WARN] [1783599848.487842795] [waypoint_follower]: far from local route: d=2297964.39, relocalize nearest_index 422 -> 422
[WARN] [1783599848.537871156] [waypoint_follower]: far from local route: d=2297964.39, relocalize nearest_index 422 -> 422
[INFO] [1783599848.538979391] [waypoint_follower]: nearest=422, target=422, dist=2297964.39, alpha=-2.34, vx=0.00, yaw_rate=-0.45, dir=1
[WARN] [1783599848.587973946] [waypoint_follower]: far from local route: d=2297964.39, relocalize nearest_index 422 -> 422
[WARN] [1783599848.637722064] [waypoint_follower]: far from local route: d=2297964.39, relocalize nearest_index 422 -> 422
[WARN] [1783599848.687791319] [waypoint_follower]: far from local route: d=2297964.39, relocalize nearest_index 422 -> 422
[WARN] [1783599848.737846366] [waypoint_follower]: far from local route: d=2297964.39, relocalize nearest_index 422 -> 422
[WARN] [1783599848.787878535] [waypoint_follower]: far from local route: d=2297964.39, relocalize nearest_index 422 -> 422
[WARN] [1783599848.837796117] [waypoint_follower]: far from local route: d=2297964.39, relocalize nearest_index 422 -> 422
[WARN] [1783599848.887835390] [waypoint_follower]: far from local route: d=2297964.39, relocalize nearest_index 422 -> 422
[WARN] [1783599848.937849799] [waypoint_follower]: far from local route: d=2303016.65, relocalize nearest_index 422 -> 422
[WARN] [1783599848.987878608] [waypoint_follower]: far from local route: d=2303016.65, relocalize nearest_index 422 -> 422
[WARN] [1783599849.037803038] [waypoint_follower]: far from local route: d=2303016.65, relocalize nearest_index 422 -> 422
[WARN] [1783599849.087834087] [waypoint_follower]: far from local route: d=2303016.65, relocalize nearest_index 422 -> 422
[WARN] [1783599849.137895150] [waypoint_follower]: far from local route: d=2303016.65, relocalize nearest_index 422 -> 422
[WARN] [1783599849.188276678] [waypoint_follower]: far from local route: d=2303016.65, relocalize nearest_index 422 -> 422
[WARN] [1783599849.237936256] [waypoint_follower]: far from local route: d=2303016.65, relocalize nearest_index 422 -> 422
[WARN] [1783599849.287809009] [waypoint_follower]: far from local route: d=2303016.65, relocalize nearest_index 422 -> 422
[WARN] [1783599849.337769405] [waypoint_follower]: far from local route: d=2303016.65, relocalize nearest_index 422 -> 422
[WARN] [1783599849.387906145] [waypoint_follower]: far from local route: d=2303016.65, relocalize nearest_index 422 -> 422
[WARN] [1783599849.439465472] [waypoint_follower]: far from local route: d=2303016.65, relocalize nearest_index 422 -> 422
[WARN] [1783599849.487990929] [waypoint_follower]: far from local route: d=2303016.65, relocalize nearest_index 422 -> 422
[WARN] [1783599849.537867425] [waypoint_follower]: far from local route: d=2303016.65, relocalize nearest_index 422 -> 422
[WARN] [1783599849.588233242] [waypoint_follower]: far from local route: d=2308073.76, relocalize nearest_index 422 -> 422
[INFO] [1783599849.589416449] [waypoint_follower]: nearest=422, target=422, dist=2308073.76, alpha=-1.83, vx=0.00, yaw_rate=-0.45, dir=1
[WARN] [1783599849.638219461] [waypoint_follower]: far from local route: d=2308073.76, relocalize nearest_index 422 -> 422
[WARN] [1783599849.688280364] [waypoint_follower]: far from local route: d=2308073.76, relocalize nearest_index 422 -> 422
[WARN] [1783599849.738373490] [waypoint_follower]: far from local route: d=2308073.76, relocalize nearest_index 422 -> 422
[WARN] [1783599849.788134280] [waypoint_follower]: far from local route: d=2308073.76, relocalize nearest_index 422 -> 422
[WARN] [1783599849.838179824] [waypoint_follower]: far from local route: d=2308073.76, relocalize nearest_index 422 -> 422
[WARN] [1783599849.888233591] [waypoint_follower]: far from local route: d=2308073.76, relocalize nearest_index 422 -> 422
[WARN] [1783599849.938937120] [waypoint_follower]: far from local route: d=2308073.76, relocalize nearest_index 422 -> 422
[WARN] [1783599849.988605594] [waypoint_follower]: far from local route: d=2308073.76, relocalize nearest_index 422 -> 422
[WARN] [1783599850.038840057] [waypoint_follower]: far from local route: d=2308073.76, relocalize nearest_index 422 -> 422
[WARN] [1783599850.088722281] [waypoint_follower]: far from local route: d=2308073.76, relocalize nearest_index 422 -> 422
[WARN] [1783599850.138208364] [waypoint_follower]: far from local route: d=2308073.76, relocalize nearest_index 422 -> 422
[WARN] [1783599850.188778011] [waypoint_follower]: far from local route: d=2308073.76, relocalize nearest_index 422 -> 422
[WARN] [1783599850.238623052] [waypoint_follower]: far from local route: d=2308073.76, relocalize nearest_index 422 -> 422
[WARN] [1783599850.288053586] [waypoint_follower]: far from local route: d=2308073.76, relocalize nearest_index 422 -> 422
[WARN] [1783599850.338080635] [waypoint_follower]: far from local route: d=2308073.76, relocalize nearest_index 422 -> 422
[WARN] [1783599850.388192416] [waypoint_follower]: far from local route: d=2308073.76, relocalize nearest_index 422 -> 422
[WARN] [1783599850.438022194] [waypoint_follower]: far from local route: d=2308073.76, relocalize nearest_index 422 -> 422
[WARN] [1783599850.488061434] [waypoint_follower]: far from local route: d=2308073.76, relocalize nearest_index 422 -> 422
[WARN] [1783599850.537905420] [waypoint_follower]: far from local route: d=2308073.76, relocalize nearest_index 422 -> 422
[WARN] [1783599850.587875928] [waypoint_follower]: far from local route: d=2308073.76, relocalize nearest_index 422 -> 422
[WARN] [1783599850.637893697] [waypoint_follower]: far from local route: d=2308073.76, relocalize nearest_index 422 -> 422
[INFO] [1783599850.638956878] [waypoint_follower]: nearest=422, target=422, dist=2308073.76, alpha=-1.83, vx=0.00, yaw_rate=-0.45, dir=1
[WARN] [1783599850.688082786] [waypoint_follower]: far from local route: d=2308073.76, relocalize nearest_index 422 -> 422
[WARN] [1783599850.737910837] [waypoint_follower]: far from local route: d=2308073.76, relocalize nearest_index 422 -> 422
[WARN] [1783599850.788035769] [waypoint_follower]: far from local route: d=2308073.76, relocalize nearest_index 422 -> 422
[WARN] [1783599850.837921193] [waypoint_follower]: far from local route: d=2308073.76, relocalize nearest_index 422 -> 422
[WARN] [1783599850.888069356] [waypoint_follower]: far from local route: d=2308073.76, relocalize nearest_index 422 -> 422
[WARN] [1783599850.892788266] [waypoint_follower]: stuck recovery: nearest_index 422 -> 422
[WARN] [1783599850.937894494] [waypoint_follower]: far from local route: d=2317474.36, relocalize nearest_index 422 -> 422
[WARN] [1783599850.988185595] [waypoint_follower]: far from local route: d=2317474.36, relocalize nearest_index 422 -> 422
[WARN] [1783599851.038004494] [waypoint_follower]: far from local route: d=2317474.36, relocalize nearest_index 422 -> 422
[WARN] [1783599851.088628250] [waypoint_follower]: far from local route: d=2317474.36, relocalize nearest_index 422 -> 422
[WARN] [1783599851.137896679] [waypoint_follower]: far from local route: d=2317474.36, relocalize nearest_index 422 -> 422
[WARN] [1783599851.187965326] [waypoint_follower]: far from local route: d=2317474.36, relocalize nearest_index 422 -> 422
[WARN] [1783599851.237847230] [waypoint_follower]: far from local route: d=2317474.36, relocalize nearest_index 422 -> 422
[WARN] [1783599851.288373391] [waypoint_follower]: far from local route: d=2317474.36, relocalize nearest_index 422 -> 422
[WARN] [1783599851.338282430] [waypoint_follower]: far from local route: d=2317474.36, relocalize nearest_index 422 -> 422
[WARN] [1783599851.388233258] [waypoint_follower]: far from local route: d=2317474.36, relocalize nearest_index 422 -> 422
[WARN] [1783599851.438100283] [waypoint_follower]: far from local route: d=2317474.36, relocalize nearest_index 422 -> 422
[WARN] [1783599851.488229439] [waypoint_follower]: far from local route: d=2317474.36, relocalize nearest_index 422 -> 422
[WARN] [1783599851.538311397] [waypoint_follower]: far from local route: d=2317474.36, relocalize nearest_index 422 -> 422
[WARN] [1783599851.588179670] [waypoint_follower]: far from local route: d=2317474.36, relocalize nearest_index 422 -> 422
[WARN] [1783599851.638248701] [waypoint_follower]: far from local route: d=2317474.36, relocalize nearest_index 422 -> 422
[INFO] [1783599851.639393094] [waypoint_follower]: nearest=422, target=422, dist=2317474.36, alpha=-0.84, vx=0.12, yaw_rate=-0.45, dir=1
[WARN] [1783599851.688225672] [waypoint_follower]: far from local route: d=2317474.36, relocalize nearest_index 422 -> 422
[WARN] [1783599851.738007869] [waypoint_follower]: far from local route: d=2317474.36, relocalize nearest_index 422 -> 422
[WARN] [1783599851.788118722] [waypoint_follower]: far from local route: d=2317474.36, relocalize nearest_index 422 -> 422
[WARN] [1783599851.837912214] [waypoint_follower]: far from local route: d=2317474.36, relocalize nearest_index 422 -> 422
[WARN] [1783599851.888238800] [waypoint_follower]: far from local route: d=2317474.36, relocalize nearest_index 422 -> 422
[WARN] [1783599851.937946857] [waypoint_follower]: far from local route: d=2317474.36, relocalize nearest_index 422 -> 422
[WARN] [1783599851.988189799] [waypoint_follower]: far from local route: d=2317474.36, relocalize nearest_index 422 -> 422
[WARN] [1783599852.037882336] [waypoint_follower]: far from local route: d=2317474.36, relocalize nearest_index 422 -> 422
[WARN] [1783599852.088142046] [waypoint_follower]: far from local route: d=2317474.36, relocalize nearest_index 422 -> 422
[WARN] [1783599852.137907443] [waypoint_follower]: far from local route: d=2317474.36, relocalize nearest_index 422 -> 422
[WARN] [1783599852.188007385] [waypoint_follower]: far from local route: d=2317474.36, relocalize nearest_index 422 -> 422
[WARN] [1783599852.237890249] [waypoint_follower]: far from local route: d=2317474.36, relocalize nearest_index 422 -> 422
[WARN] [1783599852.288260737] [waypoint_follower]: far from local route: d=2317474.36, relocalize nearest_index 422 -> 422
[WARN] [1783599852.338220301] [waypoint_follower]: far from local route: d=2317474.36, relocalize nearest_index 422 -> 422
[WARN] [1783599852.388253718] [waypoint_follower]: far from local route: d=2317474.36, relocalize nearest_index 422 -> 422
[WARN] [1783599852.437900049] [waypoint_follower]: far from local route: d=2317474.36, relocalize nearest_index 422 -> 422
[WARN] [1783599852.488109233] [waypoint_follower]: far from local route: d=2317474.36, relocalize nearest_index 422 -> 422
[WARN] [1783599852.537909413] [waypoint_follower]: far from local route: d=2317474.36, relocalize nearest_index 422 -> 422
[WARN] [1783599852.587948781] [waypoint_follower]: far from local route: d=2317474.36, relocalize nearest_index 422 -> 422
[WARN] [1783599852.637944216] [waypoint_follower]: far from local route: d=2317474.36, relocalize nearest_index 422 -> 422
[WARN] [1783599852.687956770] [waypoint_follower]: far from local route: d=2317474.36, relocalize nearest_index 422 -> 422
[INFO] [1783599852.689128266] [waypoint_follower]: nearest=422, target=422, dist=2317474.36, alpha=-0.84, vx=0.12, yaw_rate=-0.45, dir=1
[WARN] [1783599852.737901006] [waypoint_follower]: far from local route: d=2317474.36, relocalize nearest_index 422 -> 422
[WARN] [1783599852.788387169] [waypoint_follower]: far from local route: d=2317474.36, relocalize nearest_index 422 -> 422
[WARN] [1783599852.838360813] [waypoint_follower]: far from local route: d=2317474.36, relocalize nearest_index 422 -> 422
[WARN] [1783599852.888821441] [waypoint_follower]: far from local route: d=2317474.36, relocalize nearest_index 422 -> 422
[WARN] [1783599852.938271046] [waypoint_follower]: far from local route: d=2317474.36, relocalize nearest_index 422 -> 422
[WARN] [1783599852.988088825] [waypoint_follower]: far from local route: d=2317474.36, relocalize nearest_index 422 -> 422
[WARN] [1783599853.037906028] [waypoint_follower]: far from local route: d=2317474.36, relocalize nearest_index 422 -> 422
[WARN] [1783599853.087992978] [waypoint_follower]: far from local route: d=2317474.36, relocalize nearest_index 422 -> 422
[WARN] [1783599853.137879841] [waypoint_follower]: far from local route: d=2317474.36, relocalize nearest_index 422 -> 422
[WARN] [1783599853.188215579] [waypoint_follower]: far from local route: d=2317474.36, relocalize nearest_index 422 -> 422
[WARN] [1783599853.237983921] [waypoint_follower]: far from local route: d=2317474.36, relocalize nearest_index 422 -> 422
[WARN] [1783599853.288068919] [waypoint_follower]: far from local route: d=2323977.37, relocalize nearest_index 422 -> 422
[WARN] [1783599853.337948871] [waypoint_follower]: far from local route: d=2323977.37, relocalize nearest_index 422 -> 422
[WARN] [1783599853.388034477] [waypoint_follower]: far from local route: d=2323977.37, relocalize nearest_index 422 -> 422
[WARN] [1783599853.437944508] [waypoint_follower]: far from local route: d=2323977.37, relocalize nearest_index 422 -> 422
[WARN] [1783599853.488096543] [waypoint_follower]: far from local route: d=2323977.37, relocalize nearest_index 422 -> 422
[WARN] [1783599853.537932017] [waypoint_follower]: far from local route: d=2323977.37, relocalize nearest_index 422 -> 422
[WARN] [1783599853.588093459] [waypoint_follower]: far from local route: d=2323977.37, relocalize nearest_index 422 -> 422
[WARN] [1783599853.638330450] [waypoint_follower]: far from local route: d=2323977.37, relocalize nearest_index 422 -> 422
[WARN] [1783599853.688039978] [waypoint_follower]: far from local route: d=2323977.37, relocalize nearest_index 422 -> 422
[INFO] [1783599853.689177396] [waypoint_follower]: nearest=422, target=422, dist=2323977.37, alpha=-0.39, vx=0.25, yaw_rate=-0.35, dir=1
[WARN] [1783599853.737959416] [waypoint_follower]: far from local route: d=2323977.37, relocalize nearest_index 422 -> 422
[WARN] [1783599853.788925364] [waypoint_follower]: far from local route: d=2323977.37, relocalize nearest_index 422 -> 422
[WARN] [1783599853.838236512] [waypoint_follower]: far from local route: d=2323977.37, relocalize nearest_index 422 -> 422
[WARN] [1783599853.888511965] [waypoint_follower]: far from local route: d=2323977.37, relocalize nearest_index 422 -> 422
[WARN] [1783599853.938624065] [waypoint_follower]: far from local route: d=2323977.37, relocalize nearest_index 422 -> 422
[WARN] [1783599853.943285091] [waypoint_follower]: stuck recovery: nearest_index 422 -> 422
[WARN] [1783599853.988411702] [waypoint_follower]: far from local route: d=2323977.37, relocalize nearest_index 422 -> 422
[WARN] [1783599854.037968629] [waypoint_follower]: far from local route: d=2323977.37, relocalize nearest_index 422 -> 422
[WARN] [1783599854.088317295] [waypoint_follower]: far from local route: d=2323977.37, relocalize nearest_index 422 -> 422
[WARN] [1783599854.140158017] [waypoint_follower]: far from local route: d=2323977.37, relocalize nearest_index 422 -> 422
[WARN] [1783599854.188026353] [waypoint_follower]: far from local route: d=2323977.37, relocalize nearest_index 422 -> 422
[WARN] [1783599854.238508964] [waypoint_follower]: far from local route: d=2323977.37, relocalize nearest_index 422 -> 422
[WARN] [1783599854.288398196] [waypoint_follower]: far from local route: d=2323977.37, relocalize nearest_index 422 -> 422
[WARN] [1783599854.338008689] [waypoint_follower]: far from local route: d=2323977.37, relocalize nearest_index 422 -> 422
[WARN] [1783599854.388124469] [waypoint_follower]: far from local route: d=2323977.37, relocalize nearest_index 422 -> 422
[WARN] [1783599854.438084386] [waypoint_follower]: far from local route: d=2323977.37, relocalize nearest_index 422 -> 422
[WARN] [1783599854.488064653] [waypoint_follower]: far from local route: d=2323977.37, relocalize nearest_index 422 -> 422
[WARN] [1783599854.538062647] [waypoint_follower]: far from local route: d=2323977.37, relocalize nearest_index 422 -> 422
[WARN] [1783599854.588126878] [waypoint_follower]: far from local route: d=2323977.37, relocalize nearest_index 422 -> 422
[WARN] [1783599854.638016846] [waypoint_follower]: far from local route: d=2323977.37, relocalize nearest_index 422 -> 422
[WARN] [1783599854.688163281] [waypoint_follower]: far from local route: d=2323977.37, relocalize nearest_index 422 -> 422
[INFO] [1783599854.689466835] [waypoint_follower]: nearest=422, target=422, dist=2323977.37, alpha=-0.39, vx=0.25, yaw_rate=-0.35, dir=1
[WARN] [1783599854.738032993] [waypoint_follower]: far from local route: d=2323977.37, relocalize nearest_index 422 -> 422
[WARN] [1783599854.790003693] [waypoint_follower]: far from local route: d=2323977.37, relocalize nearest_index 422 -> 422
[WARN] [1783599854.838138353] [waypoint_follower]: far from local route: d=2323977.37, relocalize nearest_index 422 -> 422
[WARN] [1783599854.888126556] [waypoint_follower]: far from local route: d=2323977.37, relocalize nearest_index 422 -> 422
[WARN] [1783599854.938155045] [waypoint_follower]: far from local route: d=2323977.37, relocalize nearest_index 422 -> 422
[WARN] [1783599854.988596186] [waypoint_follower]: far from local route: d=2323977.37, relocalize nearest_index 422 -> 422
[WARN] [1783599855.038649281] [waypoint_follower]: far from local route: d=2323977.37, relocalize nearest_index 422 -> 422
[WARN] [1783599855.088444853] [waypoint_follower]: far from local route: d=2323977.37, relocalize nearest_index 422 -> 422
[WARN] [1783599855.138102128] [waypoint_follower]: far from local route: d=2323977.37, relocalize nearest_index 422 -> 422
[WARN] [1783599855.188108762] [waypoint_follower]: far from local route: d=2323977.37, relocalize nearest_index 422 -> 422
[WARN] [1783599855.238010793] [waypoint_follower]: far from local route: d=2323977.37, relocalize nearest_index 422 -> 422
[WARN] [1783599855.288135565] [waypoint_follower]: far from local route: d=2323977.37, relocalize nearest_index 422 -> 422
[WARN] [1783599855.337787944] [waypoint_follower]: far from local route: d=2323977.37, relocalize nearest_index 422 -> 422
[WARN] [1783599855.387976649] [waypoint_follower]: far from local route: d=2323977.37, relocalize nearest_index 422 -> 422
[WARN] [1783599855.438008754] [waypoint_follower]: far from local route: d=2323977.37, relocalize nearest_index 422 -> 422
[WARN] [1783599855.488092152] [waypoint_follower]: far from local route: d=2323977.37, relocalize nearest_index 422 -> 422
[WARN] [1783599855.538055236] [waypoint_follower]: far from local route: d=2323977.37, relocalize nearest_index 422 -> 422
[WARN] [1783599855.588464155] [waypoint_follower]: far from local route: d=2323977.37, relocalize nearest_index 422 -> 422
[WARN] [1783599855.637798917] [waypoint_follower]: far from local route: d=2323977.37, relocalize nearest_index 422 -> 422
[WARN] [1783599855.687814350] [waypoint_follower]: far from local route: d=2323977.37, relocalize nearest_index 422 -> 422
[WARN] [1783599855.739558437] [waypoint_follower]: far from local route: d=2323977.37, relocalize nearest_index 422 -> 422
[INFO] [1783599855.740681615] [waypoint_follower]: nearest=422, target=422, dist=2323977.37, alpha=-0.39, vx=0.25, yaw_rate=-0.35, dir=1
[WARN] [1783599855.788682041] [waypoint_follower]: far from local route: d=2323977.37, relocalize nearest_index 422 -> 422
[WARN] [1783599855.839502652] [waypoint_follower]: far from local route: d=2323977.37, relocalize nearest_index 422 -> 422
[WARN] [1783599855.887888116] [waypoint_follower]: far from local route: d=2323977.37, relocalize nearest_index 422 -> 422
[WARN] [1783599855.937925852] [waypoint_follower]: far from local route: d=2323977.37, relocalize nearest_index 422 -> 422
[WARN] [1783599855.988133404] [waypoint_follower]: far from local route: d=2323977.37, relocalize nearest_index 422 -> 422
[WARN] [1783599856.037871539] [waypoint_follower]: far from local route: d=2323977.37, relocalize nearest_index 422 -> 422
[WARN] [1783599856.087873501] [waypoint_follower]: far from local route: d=2323977.37, relocalize nearest_index 422 -> 422
[WARN] [1783599856.139071822] [waypoint_follower]: far from local route: d=2323977.37, relocalize nearest_index 422 -> 422
[WARN] [1783599856.194648686] [waypoint_follower]: far from local route: d=2342797.04, relocalize nearest_index 422 -> 422
[WARN] [1783599856.238203948] [waypoint_follower]: far from local route: d=2342797.04, relocalize nearest_index 422 -> 422
[WARN] [1783599856.295382719] [waypoint_follower]: far from local route: d=2342797.04, relocalize nearest_index 422 -> 422
[WARN] [1783599856.337837522] [waypoint_follower]: far from local route: d=2342797.04, relocalize nearest_index 422 -> 422
[WARN] [1783599856.392630359] [waypoint_follower]: far from local route: d=2342797.04, relocalize nearest_index 422 -> 422
[WARN] [1783599856.438257715] [waypoint_follower]: far from local route: d=2342797.04, relocalize nearest_index 422 -> 422
[WARN] [1783599856.488314202] [waypoint_follower]: far from local route: d=2342797.04, relocalize nearest_index 422 -> 422
[WARN] [1783599856.538557849] [waypoint_follower]: far from local route: d=2342797.04, relocalize nearest_index 422 -> 422
[WARN] [1783599856.595811752] [waypoint_follower]: far from local route: d=2342797.04, relocalize nearest_index 422 -> 422
[WARN] [1783599856.640009384] [waypoint_follower]: far from local route: d=2342797.04, relocalize nearest_index 422 -> 422
[WARN] [1783599856.688494618] [waypoint_follower]: far from local route: d=2342797.04, relocalize nearest_index 422 -> 422
[WARN] [1783599856.738888018] [waypoint_follower]: far from local route: d=2342797.04, relocalize nearest_index 422 -> 422
[WARN] [1783599856.788048036] [waypoint_follower]: far from local route: d=2342797.04, relocalize nearest_index 422 -> 422
[INFO] [1783599856.789106610] [waypoint_follower]: nearest=422, target=422, dist=2342797.04, alpha=0.21, vx=0.25, yaw_rate=0.19, dir=1
[WARN] [1783599856.839202807] [waypoint_follower]: far from local route: d=2361748.43, relocalize nearest_index 422 -> 422
[WARN] [1783599856.888497667] [waypoint_follower]: far from local route: d=2361748.43, relocalize nearest_index 422 -> 422
[WARN] [1783599856.938374419] [waypoint_follower]: far from local route: d=2361748.43, relocalize nearest_index 422 -> 422
[WARN] [1783599856.988284066] [waypoint_follower]: far from local route: d=2361748.43, relocalize nearest_index 422 -> 422
[WARN] [1783599856.989493768] [waypoint_follower]: stuck recovery: nearest_index 422 -> 422
[WARN] [1783599857.038027160] [waypoint_follower]: far from local route: d=2361748.43, relocalize nearest_index 422 -> 422
[WARN] [1783599857.088133662] [waypoint_follower]: far from local route: d=2361748.43, relocalize nearest_index 422 -> 422
[WARN] [1783599857.138024781] [waypoint_follower]: far from local route: d=2361748.43, relocalize nearest_index 422 -> 422
[WARN] [1783599857.187904285] [waypoint_follower]: far from local route: d=2361748.43, relocalize nearest_index 422 -> 422
[WARN] [1783599857.237946661] [waypoint_follower]: far from local route: d=2361748.43, relocalize nearest_index 422 -> 422
[WARN] [1783599857.287985070] [waypoint_follower]: far from local route: d=2361748.43, relocalize nearest_index 422 -> 422
[WARN] [1783599857.337913115] [waypoint_follower]: far from local route: d=2361748.43, relocalize nearest_index 422 -> 422
[WARN] [1783599857.387900486] [waypoint_follower]: far from local route: d=2366014.66, relocalize nearest_index 422 -> 422
[WARN] [1783599857.437907120] [waypoint_follower]: far from local route: d=2366014.66, relocalize nearest_index 422 -> 422
[WARN] [1783599857.487803263] [waypoint_follower]: far from local route: d=2366014.66, relocalize nearest_index 422 -> 422
[WARN] [1783599857.537817673] [waypoint_follower]: far from local route: d=2366014.66, relocalize nearest_index 422 -> 422
[WARN] [1783599857.587989515] [waypoint_follower]: far from local route: d=2366014.66, relocalize nearest_index 422 -> 422
[WARN] [1783599857.637895865] [waypoint_follower]: far from local route: d=2366014.66, relocalize nearest_index 422 -> 422
[WARN] [1783599857.687970848] [waypoint_follower]: far from local route: d=2366014.66, relocalize nearest_index 422 -> 422
[WARN] [1783599857.737797747] [waypoint_follower]: far from local route: d=2366014.66, relocalize nearest_index 422 -> 422
[WARN] [1783599857.788057680] [waypoint_follower]: far from local route: d=2366014.66, relocalize nearest_index 422 -> 422
[INFO] [1783599857.789137821] [waypoint_follower]: nearest=422, target=422, dist=2366014.66, alpha=-2.79, vx=0.00, yaw_rate=-0.45, dir=1
[WARN] [1783599857.837738442] [waypoint_follower]: far from local route: d=2366014.66, relocalize nearest_index 422 -> 422
[WARN] [1783599857.887954346] [waypoint_follower]: far from local route: d=2366014.66, relocalize nearest_index 422 -> 422
[WARN] [1783599857.938095501] [waypoint_follower]: far from local route: d=2366014.66, relocalize nearest_index 422 -> 422
[WARN] [1783599857.987967710] [waypoint_follower]: far from local route: d=2366014.66, relocalize nearest_index 422 -> 422
[WARN] [1783599858.038653543] [waypoint_follower]: far from local route: d=2366014.66, relocalize nearest_index 422 -> 422
[WARN] [1783599858.087973394] [waypoint_follower]: far from local route: d=2366014.66, relocalize nearest_index 422 -> 422
[WARN] [1783599858.138591391] [waypoint_follower]: far from local route: d=2366014.66, relocalize nearest_index 422 -> 422
[WARN] [1783599858.187923721] [waypoint_follower]: far from local route: d=2366014.66, relocalize nearest_index 422 -> 422
[WARN] [1783599858.248274884] [waypoint_follower]: far from local route: d=2366014.66, relocalize nearest_index 422 -> 422
[WARN] [1783599858.287883743] [waypoint_follower]: far from local route: d=2366014.66, relocalize nearest_index 422 -> 422
[WARN] [1783599858.337957862] [waypoint_follower]: far from local route: d=2366014.66, relocalize nearest_index 422 -> 422
[WARN] [1783599858.387998894] [waypoint_follower]: far from local route: d=2366014.66, relocalize nearest_index 422 -> 422
[WARN] [1783599858.437886238] [waypoint_follower]: far from local route: d=2366014.66, relocalize nearest_index 422 -> 422
[WARN] [1783599858.487903783] [waypoint_follower]: far from local route: d=2366014.66, relocalize nearest_index 422 -> 422
[WARN] [1783599858.537856052] [waypoint_follower]: far from local route: d=2366014.66, relocalize nearest_index 422 -> 422
[WARN] [1783599858.587952825] [waypoint_follower]: far from local route: d=2366014.66, relocalize nearest_index 422 -> 422
[WARN] [1783599858.637615156] [waypoint_follower]: far from local route: d=2366014.66, relocalize nearest_index 422 -> 422
[WARN] [1783599858.688384409] [waypoint_follower]: far from local route: d=2366014.66, relocalize nearest_index 422 -> 422
[WARN] [1783599858.737861532] [waypoint_follower]: far from local route: d=2366014.66, relocalize nearest_index 422 -> 422
[WARN] [1783599858.788392525] [waypoint_follower]: far from local route: d=2366014.66, relocalize nearest_index 422 -> 422
[INFO] [1783599858.789412220] [waypoint_follower]: nearest=422, target=422, dist=2366014.66, alpha=-2.79, vx=0.00, yaw_rate=-0.45, dir=1
[WARN] [1783599858.837900911] [waypoint_follower]: far from local route: d=2366014.66, relocalize nearest_index 422 -> 422
[WARN] [1783599858.888450207] [waypoint_follower]: far from local route: d=2366014.66, relocalize nearest_index 422 -> 422
[WARN] [1783599858.937831815] [waypoint_follower]: far from local route: d=2366014.66, relocalize nearest_index 422 -> 422
[WARN] [1783599858.989035223] [waypoint_follower]: far from local route: d=2366014.66, relocalize nearest_index 422 -> 422
[WARN] [1783599859.039324756] [waypoint_follower]: far from local route: d=2366014.66, relocalize nearest_index 422 -> 422
[WARN] [1783599859.091926082] [waypoint_follower]: far from local route: d=2366014.66, relocalize nearest_index 422 -> 422
[WARN] [1783599859.138390133] [waypoint_follower]: far from local route: d=2366014.66, relocalize nearest_index 422 -> 422
[WARN] [1783599859.188785900] [waypoint_follower]: far from local route: d=2366014.66, relocalize nearest_index 422 -> 422
[WARN] [1783599859.237752936] [waypoint_follower]: far from local route: d=2366014.66, relocalize nearest_index 422 -> 422
[WARN] [1783599859.289119409] [waypoint_follower]: far from local route: d=2366014.66, relocalize nearest_index 422 -> 422
[WARN] [1783599859.337930228] [waypoint_follower]: far from local route: d=2366014.66, relocalize nearest_index 422 -> 422
[WARN] [1783599859.388118549] [waypoint_follower]: far from local route: d=2366014.66, relocalize nearest_index 422 -> 422
[WARN] [1783599859.437829261] [waypoint_follower]: far from local route: d=2366014.66, relocalize nearest_index 422 -> 422
[WARN] [1783599859.487836887] [waypoint_follower]: far from local route: d=2366014.66, relocalize nearest_index 422 -> 422
[WARN] [1783599859.537811298] [waypoint_follower]: far from local route: d=2366014.66, relocalize nearest_index 422 -> 422
[WARN] [1783599859.587789198] [waypoint_follower]: far from local route: d=2366014.66, relocalize nearest_index 422 -> 422
[WARN] [1783599859.637808151] [waypoint_follower]: far from local route: d=2366014.66, relocalize nearest_index 422 -> 422
[WARN] [1783599859.687637961] [waypoint_follower]: far from local route: d=2366014.66, relocalize nearest_index 422 -> 422
[WARN] [1783599859.737758030] [waypoint_follower]: far from local route: d=2366014.66, relocalize nearest_index 422 -> 422
[WARN] [1783599859.790849636] [waypoint_follower]: far from local route: d=2366014.66, relocalize nearest_index 422 -> 422
[INFO] [1783599859.792530452] [waypoint_follower]: nearest=422, target=422, dist=2366014.66, alpha=-2.79, vx=0.00, yaw_rate=-0.45, dir=1
[WARN] [1783599859.837808928] [waypoint_follower]: far from local route: d=2366014.66, relocalize nearest_index 422 -> 422
[WARN] [1783599859.888799547] [waypoint_follower]: far from local route: d=2366014.66, relocalize nearest_index 422 -> 422
[WARN] [1783599859.938644716] [waypoint_follower]: far from local route: d=2366014.66, relocalize nearest_index 422 -> 422
[WARN] [1783599859.990199820] [waypoint_follower]: far from local route: d=2366014.66, relocalize nearest_index 422 -> 422
[WARN] [1783599859.994426658] [waypoint_follower]: stuck recovery: nearest_index 422 -> 422
[WARN] [1783599860.037975265] [waypoint_follower]: far from local route: d=2366014.66, relocalize nearest_index 422 -> 422
[WARN] [1783599860.088127396] [waypoint_follower]: far from local route: d=2366014.66, relocalize nearest_index 422 -> 422
[WARN] [1783599860.137683811] [waypoint_follower]: far from local route: d=2366014.66, relocalize nearest_index 422 -> 422
[WARN] [1783599860.187933441] [waypoint_follower]: far from local route: d=2366014.66, relocalize nearest_index 422 -> 422
[WARN] [1783599860.238017736] [waypoint_follower]: far from local route: d=2366014.66, relocalize nearest_index 422 -> 422
[WARN] [1783599860.288398464] [waypoint_follower]: far from local route: d=2386458.79, relocalize nearest_index 422 -> 422
[WARN] [1783599860.337902274] [waypoint_follower]: far from local route: d=2386458.79, relocalize nearest_index 422 -> 422
[WARN] [1783599860.387823824] [waypoint_follower]: far from local route: d=2386458.79, relocalize nearest_index 422 -> 422
[WARN] [1783599860.437821978] [waypoint_follower]: far from local route: d=2387145.99, relocalize nearest_index 422 -> 422
[WARN] [1783599860.487815845] [waypoint_follower]: far from local route: d=2387145.99, relocalize nearest_index 422 -> 422
[WARN] [1783599860.537650359] [waypoint_follower]: far from local route: d=2387878.72, relocalize nearest_index 422 -> 422
[WARN] [1783599860.587924468] [waypoint_follower]: far from local route: d=2387878.72, relocalize nearest_index 422 -> 422
[WARN] [1783599860.637763270] [waypoint_follower]: far from local route: d=2387878.72, relocalize nearest_index 422 -> 422
[WARN] [1783599860.693141839] [waypoint_follower]: far from local route: d=2387878.72, relocalize nearest_index 422 -> 422
[WARN] [1783599860.737842678] [waypoint_follower]: far from local route: d=2387878.72, relocalize nearest_index 422 -> 422
[WARN] [1783599860.787792451] [waypoint_follower]: far from local route: d=2387878.72, relocalize nearest_index 422 -> 422
[WARN] [1783599860.837832907] [waypoint_follower]: far from local route: d=2387878.72, relocalize nearest_index 422 -> 422
[INFO] [1783599860.838873850] [waypoint_follower]: nearest=422, target=422, dist=2387878.72, alpha=-1.59, vx=0.00, yaw_rate=-0.45, dir=1
[WARN] [1783599860.887931217] [waypoint_follower]: far from local route: d=2390072.66, relocalize nearest_index 422 -> 422
[WARN] [1783599860.937985209] [waypoint_follower]: far from local route: d=2390072.66, relocalize nearest_index 422 -> 422
[WARN] [1783599860.987877192] [waypoint_follower]: far from local route: d=2390072.66, relocalize nearest_index 422 -> 422
[WARN] [1783599861.037943503] [waypoint_follower]: far from local route: d=2390072.66, relocalize nearest_index 422 -> 422
[WARN] [1783599861.087937465] [waypoint_follower]: far from local route: d=2390072.66, relocalize nearest_index 422 -> 422
[WARN] [1783599861.138680160] [waypoint_follower]: far from local route: d=2390072.66, relocalize nearest_index 422 -> 422
[WARN] [1783599861.188235264] [waypoint_follower]: far from local route: d=2390072.66, relocalize nearest_index 422 -> 422
[WARN] [1783599861.238624119] [waypoint_follower]: far from local route: d=2390072.66, relocalize nearest_index 422 -> 422
[WARN] [1783599861.288439178] [waypoint_follower]: far from local route: d=2390072.66, relocalize nearest_index 422 -> 422
[WARN] [1783599861.337868400] [waypoint_follower]: far from local route: d=2390072.66, relocalize nearest_index 422 -> 422
[WARN] [1783599861.387968245] [waypoint_follower]: far from local route: d=2390072.66, relocalize nearest_index 422 -> 422
[WARN] [1783599861.438040892] [waypoint_follower]: far from local route: d=2390072.66, relocalize nearest_index 422 -> 422
[WARN] [1783599861.488102787] [waypoint_follower]: far from local route: d=2390072.66, relocalize nearest_index 422 -> 422
[WARN] [1783599861.537873689] [waypoint_follower]: far from local route: d=2390072.66, relocalize nearest_index 422 -> 422
[WARN] [1783599861.587901538] [waypoint_follower]: far from local route: d=2390072.66, relocalize nearest_index 422 -> 422
[WARN] [1783599861.637891340] [waypoint_follower]: far from local route: d=2390072.66, relocalize nearest_index 422 -> 422
[WARN] [1783599861.688038863] [waypoint_follower]: far from local route: d=2390072.66, relocalize nearest_index 422 -> 422
[WARN] [1783599861.737823396] [waypoint_follower]: far from local route: d=2390072.66, relocalize nearest_index 422 -> 422
[WARN] [1783599861.787871564] [waypoint_follower]: far from local route: d=2390072.66, relocalize nearest_index 422 -> 422
[WARN] [1783599861.837822040] [waypoint_follower]: far from local route: d=2390072.66, relocalize nearest_index 422 -> 422
[INFO] [1783599861.838970306] [waypoint_follower]: nearest=422, target=422, dist=2390072.66, alpha=-1.31, vx=0.00, yaw_rate=-0.45, dir=1
[WARN] [1783599861.887938685] [waypoint_follower]: far from local route: d=2390072.66, relocalize nearest_index 422 -> 422
[WARN] [1783599861.937828173] [waypoint_follower]: far from local route: d=2390072.66, relocalize nearest_index 422 -> 422
[WARN] [1783599861.987836439] [waypoint_follower]: far from local route: d=2390072.66, relocalize nearest_index 422 -> 422
[WARN] [1783599862.037759908] [waypoint_follower]: far from local route: d=2390072.66, relocalize nearest_index 422 -> 422
[WARN] [1783599862.087990788] [waypoint_follower]: far from local route: d=2390072.66, relocalize nearest_index 422 -> 422
[WARN] [1783599862.137758169] [waypoint_follower]: far from local route: d=2390072.66, relocalize nearest_index 422 -> 422
[WARN] [1783599862.187932155] [waypoint_follower]: far from local route: d=2390072.66, relocalize nearest_index 422 -> 422
[WARN] [1783599862.237775117] [waypoint_follower]: far from local route: d=2390072.66, relocalize nearest_index 422 -> 422
[WARN] [1783599862.287854995] [waypoint_follower]: far from local route: d=2390072.66, relocalize nearest_index 422 -> 422
[WARN] [1783599862.337774241] [waypoint_follower]: far from local route: d=2390072.66, relocalize nearest_index 422 -> 422
[WARN] [1783599862.387841608] [waypoint_follower]: far from local route: d=2390072.66, relocalize nearest_index 422 -> 422
[WARN] [1783599862.437786133] [waypoint_follower]: far from local route: d=2390072.66, relocalize nearest_index 422 -> 422
[WARN] [1783599862.487801055] [waypoint_follower]: far from local route: d=2390072.66, relocalize nearest_index 422 -> 422
[WARN] [1783599862.537780778] [waypoint_follower]: far from local route: d=2390072.66, relocalize nearest_index 422 -> 422
[WARN] [1783599862.587881871] [waypoint_follower]: far from local route: d=2390072.66, relocalize nearest_index 422 -> 422
[WARN] [1783599862.637775358] [waypoint_follower]: far from local route: d=2390072.66, relocalize nearest_index 422 -> 422
[WARN] [1783599862.687893699] [waypoint_follower]: far from local route: d=2390072.66, relocalize nearest_index 422 -> 422
[WARN] [1783599862.737792242] [waypoint_follower]: far from local route: d=2390072.66, relocalize nearest_index 422 -> 422
[WARN] [1783599862.787870553] [waypoint_follower]: far from local route: d=2390072.66, relocalize nearest_index 422 -> 422
[WARN] [1783599862.837845508] [waypoint_follower]: far from local route: d=2390072.66, relocalize nearest_index 422 -> 422
[WARN] [1783599862.887863053] [waypoint_follower]: far from local route: d=2390072.66, relocalize nearest_index 422 -> 422
[INFO] [1783599862.888940378] [waypoint_follower]: nearest=422, target=422, dist=2390072.66, alpha=-1.31, vx=0.00, yaw_rate=-0.45, dir=1
[WARN] [1783599862.937794651] [waypoint_follower]: far from local route: d=2390072.66, relocalize nearest_index 422 -> 422
[WARN] [1783599862.987921983] [waypoint_follower]: far from local route: d=2390072.66, relocalize nearest_index 422 -> 422
[WARN] [1783599863.037770065] [waypoint_follower]: far from local route: d=2390072.66, relocalize nearest_index 422 -> 422
[WARN] [1783599863.038886779] [waypoint_follower]: stuck recovery: nearest_index 422 -> 422
[WARN] [1783599863.087841591] [waypoint_follower]: far from local route: d=2390072.66, relocalize nearest_index 422 -> 422
[WARN] [1783599863.137789060] [waypoint_follower]: far from local route: d=2390072.66, relocalize nearest_index 422 -> 422
[WARN] [1783599863.187835052] [waypoint_follower]: far from local route: d=2390072.66, relocalize nearest_index 422 -> 422
[WARN] [1783599863.237810552] [waypoint_follower]: far from local route: d=2390072.66, relocalize nearest_index 422 -> 422
[WARN] [1783599863.287760836] [waypoint_follower]: far from local route: d=2390072.66, relocalize nearest_index 422 -> 422
[WARN] [1783599863.337776046] [waypoint_follower]: far from local route: d=2390072.66, relocalize nearest_index 422 -> 422
[WARN] [1783599863.387797623] [waypoint_follower]: far from local route: d=2390072.66, relocalize nearest_index 422 -> 422
[WARN] [1783599863.437790913] [waypoint_follower]: far from local route: d=2390072.66, relocalize nearest_index 422 -> 422
[WARN] [1783599863.487874888] [waypoint_follower]: far from local route: d=2390072.66, relocalize nearest_index 422 -> 422
[WARN] [1783599863.537887473] [waypoint_follower]: far from local route: d=2390072.66, relocalize nearest_index 422 -> 422
[WARN] [1783599863.588075059] [waypoint_follower]: far from local route: d=2390072.66, relocalize nearest_index 422 -> 422
[WARN] [1783599863.637783915] [waypoint_follower]: far from local route: d=2390072.66, relocalize nearest_index 422 -> 422
[WARN] [1783599863.687812724] [waypoint_follower]: far from local route: d=2390072.66, relocalize nearest_index 422 -> 422
[WARN] [1783599863.737784543] [waypoint_follower]: far from local route: d=2390072.66, relocalize nearest_index 422 -> 422
[WARN] [1783599863.788096890] [waypoint_follower]: far from local route: d=2390072.66, relocalize nearest_index 422 -> 422
[WARN] [1783599863.837808338] [waypoint_follower]: far from local route: d=2390072.66, relocalize nearest_index 422 -> 422
[WARN] [1783599863.887794237] [waypoint_follower]: far from local route: d=2390072.66, relocalize nearest_index 422 -> 422
[WARN] [1783599863.937793864] [waypoint_follower]: far from local route: d=2390072.66, relocalize nearest_index 422 -> 422
[INFO] [1783599863.938812855] [waypoint_follower]: nearest=422, target=422, dist=2390072.66, alpha=-1.31, vx=0.00, yaw_rate=-0.45, dir=1
[WARN] [1783599863.987830064] [waypoint_follower]: far from local route: d=2390072.66, relocalize nearest_index 422 -> 422
[WARN] [1783599864.037805851] [waypoint_follower]: far from local route: d=2390072.66, relocalize nearest_index 422 -> 422
[WARN] [1783599864.087870083] [waypoint_follower]: far from local route: d=2390072.66, relocalize nearest_index 422 -> 422
[WARN] [1783599864.137942665] [waypoint_follower]: far from local route: d=2393048.35, relocalize nearest_index 422 -> 422
[WARN] [1783599864.187928180] [waypoint_follower]: far from local route: d=2393048.35, relocalize nearest_index 422 -> 422
[WARN] [1783599864.237828835] [waypoint_follower]: far from local route: d=2393048.35, relocalize nearest_index 422 -> 422
[WARN] [1783599864.287957127] [waypoint_follower]: far from local route: d=2393048.35, relocalize nearest_index 422 -> 422
[WARN] [1783599864.337816120] [waypoint_follower]: far from local route: d=2393048.35, relocalize nearest_index 422 -> 422
[WARN] [1783599864.387865376] [waypoint_follower]: far from local route: d=2393048.35, relocalize nearest_index 422 -> 422
[WARN] [1783599864.437828460] [waypoint_follower]: far from local route: d=2393048.35, relocalize nearest_index 422 -> 422
[WARN] [1783599864.487859317] [waypoint_follower]: far from local route: d=2393048.35, relocalize nearest_index 422 -> 422
[WARN] [1783599864.537811618] [waypoint_follower]: far from local route: d=2393048.35, relocalize nearest_index 422 -> 422
[WARN] [1783599864.587829163] [waypoint_follower]: far from local route: d=2393048.35, relocalize nearest_index 422 -> 422
[WARN] [1783599864.637810326] [waypoint_follower]: far from local route: d=2393048.35, relocalize nearest_index 422 -> 422
[WARN] [1783599864.687822624] [waypoint_follower]: far from local route: d=2393048.35, relocalize nearest_index 422 -> 422
[WARN] [1783599864.738046783] [waypoint_follower]: far from local route: d=2393048.35, relocalize nearest_index 422 -> 422
[WARN] [1783599864.787852659] [waypoint_follower]: far from local route: d=2393048.35, relocalize nearest_index 422 -> 422
[WARN] [1783599864.837842621] [waypoint_follower]: far from local route: d=2393048.35, relocalize nearest_index 422 -> 422
[WARN] [1783599864.887775723] [waypoint_follower]: far from local route: d=2393048.35, relocalize nearest_index 422 -> 422
[WARN] [1783599864.937768885] [waypoint_follower]: far from local route: d=2393048.35, relocalize nearest_index 422 -> 422
[WARN] [1783599864.987790847] [waypoint_follower]: far from local route: d=2393048.35, relocalize nearest_index 422 -> 422
[INFO] [1783599864.988886698] [waypoint_follower]: nearest=422, target=422, dist=2393048.35, alpha=-0.99, vx=0.12, yaw_rate=-0.45, dir=1
[WARN] [1783599865.037756267] [waypoint_follower]: far from local route: d=2393048.35, relocalize nearest_index 422 -> 422
[WARN] [1783599865.087795315] [waypoint_follower]: far from local route: d=2393048.35, relocalize nearest_index 422 -> 422
[WARN] [1783599865.137762367] [waypoint_follower]: far from local route: d=2393048.35, relocalize nearest_index 422 -> 422
[WARN] [1783599865.187785576] [waypoint_follower]: far from local route: d=2393048.35, relocalize nearest_index 422 -> 422
[WARN] [1783599865.237831472] [waypoint_follower]: far from local route: d=2393048.35, relocalize nearest_index 422 -> 422
[WARN] [1783599865.287773181] [waypoint_follower]: far from local route: d=2393048.35, relocalize nearest_index 422 -> 422
[WARN] [1783599865.337781927] [waypoint_follower]: far from local route: d=2393048.35, relocalize nearest_index 422 -> 422
[WARN] [1783599865.387786993] [waypoint_follower]: far from local route: d=2393048.35, relocalize nearest_index 422 -> 422
[WARN] [1783599865.437771836] [waypoint_follower]: far from local route: d=2393048.35, relocalize nearest_index 422 -> 422
[WARN] [1783599865.488021434] [waypoint_follower]: far from local route: d=2393048.35, relocalize nearest_index 422 -> 422
[WARN] [1783599865.537865356] [waypoint_follower]: far from local route: d=2393048.35, relocalize nearest_index 422 -> 422
[WARN] [1783599865.587807001] [waypoint_follower]: far from local route: d=2393048.35, relocalize nearest_index 422 -> 422
[WARN] [1783599865.637788516] [waypoint_follower]: far from local route: d=2393048.35, relocalize nearest_index 422 -> 422
[WARN] [1783599865.687821484] [waypoint_follower]: far from local route: d=2393048.35, relocalize nearest_index 422 -> 422
[WARN] [1783599865.737805623] [waypoint_follower]: far from local route: d=2393048.35, relocalize nearest_index 422 -> 422
[WARN] [1783599865.788098068] [waypoint_follower]: far from local route: d=2393048.35, relocalize nearest_index 422 -> 422
[WARN] [1783599865.837859689] [waypoint_follower]: far from local route: d=2393048.35, relocalize nearest_index 422 -> 422
[WARN] [1783599865.888004397] [waypoint_follower]: far from local route: d=2393048.35, relocalize nearest_index 422 -> 422
[WARN] [1783599865.937852126] [waypoint_follower]: far from local route: d=2393048.35, relocalize nearest_index 422 -> 422
[WARN] [1783599865.987899782] [waypoint_follower]: far from local route: d=2393048.35, relocalize nearest_index 422 -> 422
[INFO] [1783599865.989002609] [waypoint_follower]: nearest=422, target=422, dist=2393048.35, alpha=-0.99, vx=0.12, yaw_rate=-0.45, dir=1
[WARN] [1783599866.037877009] [waypoint_follower]: far from local route: d=2393048.35, relocalize nearest_index 422 -> 422
[WARN] [1783599866.039132149] [waypoint_follower]: stuck recovery: nearest_index 422 -> 422
[WARN] [1783599866.088561275] [waypoint_follower]: far from local route: d=2393048.35, relocalize nearest_index 422 -> 422
[WARN] [1783599866.137838184] [waypoint_follower]: far from local route: d=2393048.35, relocalize nearest_index 422 -> 422
[WARN] [1783599866.188038120] [waypoint_follower]: far from local route: d=2393048.35, relocalize nearest_index 422 -> 422
[WARN] [1783599866.237872795] [waypoint_follower]: far from local route: d=2393048.35, relocalize nearest_index 422 -> 422
[WARN] [1783599866.288207957] [waypoint_follower]: far from local route: d=2393048.35, relocalize nearest_index 422 -> 422
[WARN] [1783599866.337841648] [waypoint_follower]: far from local route: d=2393048.35, relocalize nearest_index 422 -> 422
[WARN] [1783599866.387975476] [waypoint_follower]: far from local route: d=2393048.35, relocalize nearest_index 422 -> 422
[WARN] [1783599866.437930305] [waypoint_follower]: far from local route: d=2393048.35, relocalize nearest_index 422 -> 422
[WARN] [1783599866.487889389] [waypoint_follower]: far from local route: d=2393048.35, relocalize nearest_index 422 -> 422
[WARN] [1783599866.537931637] [waypoint_follower]: far from local route: d=2393048.35, relocalize nearest_index 422 -> 422
[WARN] [1783599866.587951486] [waypoint_follower]: far from local route: d=2393048.35, relocalize nearest_index 422 -> 422
[WARN] [1783599866.637887084] [waypoint_follower]: far from local route: d=2393048.35, relocalize nearest_index 422 -> 422
[WARN] [1783599866.687954003] [waypoint_follower]: far from local route: d=2393048.35, relocalize nearest_index 422 -> 422
[WARN] [1783599866.737835779] [waypoint_follower]: far from local route: d=2393048.35, relocalize nearest_index 422 -> 422
[WARN] [1783599866.787946312] [waypoint_follower]: far from local route: d=2393048.35, relocalize nearest_index 422 -> 422
[WARN] [1783599866.837823928] [waypoint_follower]: far from local route: d=2393048.35, relocalize nearest_index 422 -> 422
[WARN] [1783599866.887892351] [waypoint_follower]: far from local route: d=2393048.35, relocalize nearest_index 422 -> 422
[WARN] [1783599866.937856203] [waypoint_follower]: far from local route: d=2393048.35, relocalize nearest_index 422 -> 422
[WARN] [1783599866.987969007] [waypoint_follower]: far from local route: d=2393048.35, relocalize nearest_index 422 -> 422
[INFO] [1783599866.989090970] [waypoint_follower]: nearest=422, target=422, dist=2393048.35, alpha=-0.99, vx=0.12, yaw_rate=-0.45, dir=1
[WARN] [1783599867.037846719] [waypoint_follower]: far from local route: d=2393048.35, relocalize nearest_index 422 -> 422
[WARN] [1783599867.087908647] [waypoint_follower]: far from local route: d=2393048.35, relocalize nearest_index 422 -> 422
[WARN] [1783599867.137875411] [waypoint_follower]: far from local route: d=2393048.35, relocalize nearest_index 422 -> 422
[WARN] [1783599867.187812480] [waypoint_follower]: far from local route: d=2393048.35, relocalize nearest_index 422 -> 422
[WARN] [1783599867.237851528] [waypoint_follower]: far from local route: d=2393048.35, relocalize nearest_index 422 -> 422
[WARN] [1783599867.288027434] [waypoint_follower]: far from local route: d=2393048.35, relocalize nearest_index 422 -> 422
[WARN] [1783599867.337900154] [waypoint_follower]: far from local route: d=2393048.35, relocalize nearest_index 422 -> 422
[WARN] [1783599867.388003776] [waypoint_follower]: far from local route: d=2393048.35, relocalize nearest_index 422 -> 422
[WARN] [1783599867.437925870] [waypoint_follower]: far from local route: d=2393048.35, relocalize nearest_index 422 -> 422
[WARN] [1783599867.487869338] [waypoint_follower]: far from local route: d=2393048.35, relocalize nearest_index 422 -> 422
[WARN] [1783599867.537941601] [waypoint_follower]: far from local route: d=2403988.78, relocalize nearest_index 422 -> 422
[WARN] [1783599867.587874383] [waypoint_follower]: far from local route: d=2403988.78, relocalize nearest_index 422 -> 422
[WARN] [1783599867.637966165] [waypoint_follower]: far from local route: d=2403988.78, relocalize nearest_index 422 -> 422
[WARN] [1783599867.687916193] [waypoint_follower]: far from local route: d=2403988.78, relocalize nearest_index 422 -> 422
[WARN] [1783599867.738008135] [waypoint_follower]: far from local route: d=2403988.78, relocalize nearest_index 422 -> 422
[WARN] [1783599867.788277092] [waypoint_follower]: far from local route: d=2403988.78, relocalize nearest_index 422 -> 422
[WARN] [1783599867.838268335] [waypoint_follower]: far from local route: d=2403988.78, relocalize nearest_index 422 -> 422
[WARN] [1783599867.888124576] [waypoint_follower]: far from local route: d=2403988.78, relocalize nearest_index 422 -> 422
[WARN] [1783599867.938048878] [waypoint_follower]: far from local route: d=2403988.78, relocalize nearest_index 422 -> 422
[WARN] [1783599867.988000699] [waypoint_follower]: far from local route: d=2403988.78, relocalize nearest_index 422 -> 422
[INFO] [1783599867.989106598] [waypoint_follower]: nearest=422, target=422, dist=2403988.78, alpha=-0.35, vx=0.25, yaw_rate=-0.32, dir=1
[WARN] [1783599868.038136862] [waypoint_follower]: far from local route: d=2403988.78, relocalize nearest_index 422 -> 422
[WARN] [1783599868.088233252] [waypoint_follower]: far from local route: d=2403988.78, relocalize nearest_index 422 -> 422
[WARN] [1783599868.138419941] [waypoint_follower]: far from local route: d=2403988.78, relocalize nearest_index 422 -> 422
[WARN] [1783599868.188463021] [waypoint_follower]: far from local route: d=2403988.78, relocalize nearest_index 422 -> 422
[WARN] [1783599868.237942928] [waypoint_follower]: far from local route: d=2403988.78, relocalize nearest_index 422 -> 422
[WARN] [1783599868.287877278] [waypoint_follower]: far from local route: d=2403988.78, relocalize nearest_index 422 -> 422
[WARN] [1783599868.337850697] [waypoint_follower]: far from local route: d=2403988.78, relocalize nearest_index 422 -> 422
[WARN] [1783599868.387859219] [waypoint_follower]: far from local route: d=2403988.78, relocalize nearest_index 422 -> 422
[WARN] [1783599868.437862749] [waypoint_follower]: far from local route: d=2403988.78, relocalize nearest_index 422 -> 422
[WARN] [1783599868.487926340] [waypoint_follower]: far from local route: d=2403988.78, relocalize nearest_index 422 -> 422
[WARN] [1783599868.537878737] [waypoint_follower]: far from local route: d=2403988.78, relocalize nearest_index 422 -> 422
[WARN] [1783599868.587937368] [waypoint_follower]: far from local route: d=2403988.78, relocalize nearest_index 422 -> 422
[WARN] [1783599868.637814536] [waypoint_follower]: far from local route: d=2403988.78, relocalize nearest_index 422 -> 422
[WARN] [1783599868.688047272] [waypoint_follower]: far from local route: d=2403988.78, relocalize nearest_index 422 -> 422
[WARN] [1783599868.737855803] [waypoint_follower]: far from local route: d=2403988.78, relocalize nearest_index 422 -> 422
[WARN] [1783599868.787934145] [waypoint_follower]: far from local route: d=2403988.78, relocalize nearest_index 422 -> 422
[WARN] [1783599868.837973034] [waypoint_follower]: far from local route: d=2403988.78, relocalize nearest_index 422 -> 422
[WARN] [1783599868.888176266] [waypoint_follower]: far from local route: d=2403988.78, relocalize nearest_index 422 -> 422
[WARN] [1783599868.938082745] [waypoint_follower]: far from local route: d=2412775.85, relocalize nearest_index 422 -> 422
[WARN] [1783599868.990821056] [waypoint_follower]: far from local route: d=2412775.85, relocalize nearest_index 422 -> 422
[INFO] [1783599868.993927148] [waypoint_follower]: nearest=422, target=422, dist=2412775.85, alpha=-0.28, vx=0.25, yaw_rate=-0.25, dir=1
[WARN] [1783599869.038833770] [waypoint_follower]: far from local route: d=2412775.85, relocalize nearest_index 422 -> 422
[WARN] [1783599869.041296180] [waypoint_follower]: stuck recovery: nearest_index 422 -> 422
[WARN] [1783599869.088691611] [waypoint_follower]: far from local route: d=2412775.85, relocalize nearest_index 422 -> 422
[WARN] [1783599869.138349717] [waypoint_follower]: far from local route: d=2412775.85, relocalize nearest_index 422 -> 422
[WARN] [1783599869.187983377] [waypoint_follower]: far from local route: d=2412775.85, relocalize nearest_index 422 -> 422
[WARN] [1783599869.238151699] [waypoint_follower]: far from local route: d=2412775.85, relocalize nearest_index 422 -> 422
[WARN] [1783599869.288187964] [waypoint_follower]: far from local route: d=2412775.85, relocalize nearest_index 422 -> 422
[WARN] [1783599869.337973040] [waypoint_follower]: far from local route: d=2412775.85, relocalize nearest_index 422 -> 422
[WARN] [1783599869.388637947] [waypoint_follower]: far from local route: d=2412775.85, relocalize nearest_index 422 -> 422
[WARN] [1783599869.438431247] [waypoint_follower]: far from local route: d=2412775.85, relocalize nearest_index 422 -> 422
[WARN] [1783599869.488165126] [waypoint_follower]: far from local route: d=2412775.85, relocalize nearest_index 422 -> 422
[WARN] [1783599869.537929467] [waypoint_follower]: far from local route: d=2412775.85, relocalize nearest_index 422 -> 422
[WARN] [1783599869.587892583] [waypoint_follower]: far from local route: d=2412775.85, relocalize nearest_index 422 -> 422
[WARN] [1783599869.637987853] [waypoint_follower]: far from local route: d=2412775.85, relocalize nearest_index 422 -> 422
[WARN] [1783599869.687905691] [waypoint_follower]: far from local route: d=2412775.85, relocalize nearest_index 422 -> 422
[WARN] [1783599869.737925348] [waypoint_follower]: far from local route: d=2412775.85, relocalize nearest_index 422 -> 422
[WARN] [1783599869.788346810] [waypoint_follower]: far from local route: d=2412775.85, relocalize nearest_index 422 -> 422
[WARN] [1783599869.837875739] [waypoint_follower]: far from local route: d=2412775.85, relocalize nearest_index 422 -> 422
[WARN] [1783599869.888063356] [waypoint_follower]: far from local route: d=2412775.85, relocalize nearest_index 422 -> 422
[WARN] [1783599869.937936045] [waypoint_follower]: far from local route: d=2412775.85, relocalize nearest_index 422 -> 422
[WARN] [1783599869.988589912] [waypoint_follower]: far from local route: d=2412775.85, relocalize nearest_index 422 -> 422
[WARN] [1783599870.037926082] [waypoint_follower]: far from local route: d=2412775.85, relocalize nearest_index 422 -> 422
[INFO] [1783599870.039001934] [waypoint_follower]: nearest=422, target=422, dist=2412775.85, alpha=-0.28, vx=0.25, yaw_rate=-0.25, dir=1
[WARN] [1783599870.087947275] [waypoint_follower]: far from local route: d=2412775.85, relocalize nearest_index 422 -> 422
[WARN] [1783599870.137971412] [waypoint_follower]: far from local route: d=2412775.85, relocalize nearest_index 422 -> 422
[WARN] [1783599870.187950239] [waypoint_follower]: far from local route: d=2412775.85, relocalize nearest_index 422 -> 422
[WARN] [1783599870.237952649] [waypoint_follower]: far from local route: d=2412775.85, relocalize nearest_index 422 -> 422
[WARN] [1783599870.288652978] [waypoint_follower]: far from local route: d=2416445.46, relocalize nearest_index 422 -> 422
[WARN] [1783599870.338010747] [waypoint_follower]: far from local route: d=2416445.46, relocalize nearest_index 422 -> 422
[WARN] [1783599870.389077650] [waypoint_follower]: far from local route: d=2416445.46, relocalize nearest_index 422 -> 422
[WARN] [1783599870.438018895] [waypoint_follower]: far from local route: d=2416445.46, relocalize nearest_index 422 -> 422
[WARN] [1783599870.488037432] [waypoint_follower]: far from local route: d=2416445.46, relocalize nearest_index 422 -> 422
[WARN] [1783599870.537965254] [waypoint_follower]: far from local route: d=2416445.46, relocalize nearest_index 422 -> 422
[WARN] [1783599870.588104970] [waypoint_follower]: far from local route: d=2416445.46, relocalize nearest_index 422 -> 422
[WARN] [1783599870.638277580] [waypoint_follower]: far from local route: d=2416445.46, relocalize nearest_index 422 -> 422
[WARN] [1783599870.691177643] [waypoint_follower]: far from local route: d=2416445.46, relocalize nearest_index 422 -> 422
[WARN] [1783599870.738056875] [waypoint_follower]: far from local route: d=2416445.46, relocalize nearest_index 422 -> 422
[WARN] [1783599870.788052245] [waypoint_follower]: far from local route: d=2416445.46, relocalize nearest_index 422 -> 422
[WARN] [1783599870.838033760] [waypoint_follower]: far from local route: d=2416445.46, relocalize nearest_index 422 -> 422
[WARN] [1783599870.888469910] [waypoint_follower]: far from local route: d=2416445.46, relocalize nearest_index 422 -> 422
[WARN] [1783599870.937962008] [waypoint_follower]: far from local route: d=2416445.46, relocalize nearest_index 422 -> 422
[WARN] [1783599870.988295218] [waypoint_follower]: far from local route: d=2416445.46, relocalize nearest_index 422 -> 422
[WARN] [1783599871.037949741] [waypoint_follower]: far from local route: d=2416445.46, relocalize nearest_index 422 -> 422
[INFO] [1783599871.039029370] [waypoint_follower]: nearest=422, target=422, dist=2416445.46, alpha=-1.38, vx=0.00, yaw_rate=-0.45, dir=1
[WARN] [1783599871.087988981] [waypoint_follower]: far from local route: d=2416445.46, relocalize nearest_index 422 -> 422
[WARN] [1783599871.138335247] [waypoint_follower]: far from local route: d=2416445.46, relocalize nearest_index 422 -> 422
[WARN] [1783599871.191298348] [waypoint_follower]: far from local route: d=2416445.46, relocalize nearest_index 422 -> 422
[WARN] [1783599871.239075200] [waypoint_follower]: far from local route: d=2416445.46, relocalize nearest_index 422 -> 422
[WARN] [1783599871.288310895] [waypoint_follower]: far from local route: d=2416445.46, relocalize nearest_index 422 -> 422
[WARN] [1783599871.337885294] [waypoint_follower]: far from local route: d=2416445.46, relocalize nearest_index 422 -> 422
[WARN] [1783599871.388116653] [waypoint_follower]: far from local route: d=2416445.46, relocalize nearest_index 422 -> 422
[WARN] [1783599871.439037707] [waypoint_follower]: far from local route: d=2416445.46, relocalize nearest_index 422 -> 422
[WARN] [1783599871.487961065] [waypoint_follower]: far from local route: d=2416445.46, relocalize nearest_index 422 -> 422
[WARN] [1783599871.542672690] [waypoint_follower]: far from local route: d=2416445.46, relocalize nearest_index 422 -> 422
[WARN] [1783599871.591153509] [waypoint_follower]: far from local route: d=2427398.70, relocalize nearest_index 422 -> 422
[WARN] [1783599871.643509918] [waypoint_follower]: far from local route: d=2427398.70, relocalize nearest_index 422 -> 422
[WARN] [1783599871.688987649] [waypoint_follower]: far from local route: d=2427398.70, relocalize nearest_index 422 -> 422
[WARN] [1783599871.738137555] [waypoint_follower]: far from local route: d=2427398.70, relocalize nearest_index 422 -> 422
[WARN] [1783599871.788457678] [waypoint_follower]: far from local route: d=2427398.70, relocalize nearest_index 422 -> 422
[WARN] [1783599871.838044908] [waypoint_follower]: far from local route: d=2427397.33, relocalize nearest_index 422 -> 422
[WARN] [1783599871.888430628] [waypoint_follower]: far from local route: d=2427397.33, relocalize nearest_index 422 -> 422
[WARN] [1783599871.938029666] [waypoint_follower]: far from local route: d=2427397.33, relocalize nearest_index 422 -> 422
[WARN] [1783599871.988463063] [waypoint_follower]: far from local route: d=2427397.33, relocalize nearest_index 422 -> 422
[WARN] [1783599872.038467329] [waypoint_follower]: far from local route: d=2427397.33, relocalize nearest_index 422 -> 422
[INFO] [1783599872.043292474] [waypoint_follower]: nearest=422, target=422, dist=2427397.33, alpha=-2.82, vx=0.00, yaw_rate=-0.45, dir=1
[WARN] [1783599872.088121116] [waypoint_follower]: far from local route: d=2427397.33, relocalize nearest_index 422 -> 422
[WARN] [1783599872.089257094] [waypoint_follower]: stuck recovery: nearest_index 422 -> 422
[WARN] [1783599872.137876338] [waypoint_follower]: far from local route: d=2427397.33, relocalize nearest_index 422 -> 422
[WARN] [1783599872.189968408] [waypoint_follower]: far from local route: d=2427397.33, relocalize nearest_index 422 -> 422
[WARN] [1783599872.237976801] [waypoint_follower]: far from local route: d=2427397.33, relocalize nearest_index 422 -> 422
[WARN] [1783599872.289089558] [waypoint_follower]: far from local route: d=2427397.33, relocalize nearest_index 422 -> 422
[WARN] [1783599872.339843453] [waypoint_follower]: far from local route: d=2427397.33, relocalize nearest_index 422 -> 422
[WARN] [1783599872.388320656] [waypoint_follower]: far from local route: d=2427397.33, relocalize nearest_index 422 -> 422
[WARN] [1783599872.439954892] [waypoint_follower]: far from local route: d=2427397.33, relocalize nearest_index 422 -> 422
[WARN] [1783599872.488115630] [waypoint_follower]: far from local route: d=2427397.33, relocalize nearest_index 422 -> 422
[WARN] [1783599872.537934369] [waypoint_follower]: far from local route: d=2443538.02, relocalize nearest_index 422 -> 422
[WARN] [1783599872.589003832] [waypoint_follower]: far from local route: d=2443538.02, relocalize nearest_index 422 -> 422
[WARN] [1783599872.638123340] [waypoint_follower]: far from local route: d=2443538.02, relocalize nearest_index 422 -> 422
[WARN] [1783599872.688062425] [waypoint_follower]: far from local route: d=2443538.02, relocalize nearest_index 422 -> 422
[WARN] [1783599872.737940106] [waypoint_follower]: far from local route: d=2443538.02, relocalize nearest_index 422 -> 422
[WARN] [1783599872.788002289] [waypoint_follower]: far from local route: d=2443538.02, relocalize nearest_index 422 -> 422
[WARN] [1783599872.837940318] [waypoint_follower]: far from local route: d=2443538.02, relocalize nearest_index 422 -> 422
[WARN] [1783599872.887949448] [waypoint_follower]: far from local route: d=2443538.02, relocalize nearest_index 422 -> 422
[WARN] [1783599872.937975889] [waypoint_follower]: far from local route: d=2443538.02, relocalize nearest_index 422 -> 422
[WARN] [1783599872.988433029] [waypoint_follower]: far from local route: d=2443538.02, relocalize nearest_index 422 -> 422
[WARN] [1783599873.038282519] [waypoint_follower]: far from local route: d=2443538.02, relocalize nearest_index 422 -> 422
[WARN] [1783599873.088760042] [waypoint_follower]: far from local route: d=2443538.02, relocalize nearest_index 422 -> 422
[INFO] [1783599873.090415515] [waypoint_follower]: nearest=422, target=422, dist=2443538.02, alpha=-2.16, vx=0.00, yaw_rate=-0.45, dir=1
[WARN] [1783599873.138785427] [waypoint_follower]: far from local route: d=2443538.02, relocalize nearest_index 422 -> 422
[WARN] [1783599873.188231576] [waypoint_follower]: far from local route: d=2443538.02, relocalize nearest_index 422 -> 422
[WARN] [1783599873.237926288] [waypoint_follower]: far from local route: d=2443538.02, relocalize nearest_index 422 -> 422
[WARN] [1783599873.290394405] [waypoint_follower]: far from local route: d=2443538.02, relocalize nearest_index 422 -> 422
[WARN] [1783599873.337945412] [waypoint_follower]: far from local route: d=2443538.02, relocalize nearest_index 422 -> 422
[WARN] [1783599873.387805941] [waypoint_follower]: far from local route: d=2443538.02, relocalize nearest_index 422 -> 422
[WARN] [1783599873.437843165] [waypoint_follower]: far from local route: d=2443538.02, relocalize nearest_index 422 -> 422
[WARN] [1783599873.487921636] [waypoint_follower]: far from local route: d=2443538.02, relocalize nearest_index 422 -> 422
[WARN] [1783599873.537906031] [waypoint_follower]: far from local route: d=2443538.02, relocalize nearest_index 422 -> 422
[WARN] [1783599873.587947191] [waypoint_follower]: far from local route: d=2443538.02, relocalize nearest_index 422 -> 422
[WARN] [1783599873.637917443] [waypoint_follower]: far from local route: d=2443538.02, relocalize nearest_index 422 -> 422
[WARN] [1783599873.687887182] [waypoint_follower]: far from local route: d=2443538.02, relocalize nearest_index 422 -> 422
[WARN] [1783599873.737977748] [waypoint_follower]: far from local route: d=2443538.02, relocalize nearest_index 422 -> 422
[WARN] [1783599873.788033372] [waypoint_follower]: far from local route: d=2443538.02, relocalize nearest_index 422 -> 422
[WARN] [1783599873.837726965] [waypoint_follower]: far from local route: d=2443538.02, relocalize nearest_index 422 -> 422
[WARN] [1783599873.888374208] [waypoint_follower]: far from local route: d=2443538.02, relocalize nearest_index 422 -> 422
[WARN] [1783599873.938369547] [waypoint_follower]: far from local route: d=2443538.02, relocalize nearest_index 422 -> 422
[WARN] [1783599873.988473936] [waypoint_follower]: far from local route: d=2443538.02, relocalize nearest_index 422 -> 422
[WARN] [1783599874.038780875] [waypoint_follower]: far from local route: d=2443538.02, relocalize nearest_index 422 -> 422
[WARN] [1783599874.088035833] [waypoint_follower]: far from local route: d=2443538.02, relocalize nearest_index 422 -> 422
[WARN] [1783599874.141285096] [waypoint_follower]: far from local route: d=2472213.18, relocalize nearest_index 422 -> 422
[INFO] [1783599874.143454592] [waypoint_follower]: nearest=422, target=422, dist=2472213.18, alpha=-0.14, vx=0.25, yaw_rate=-0.13, dir=1
[WARN] [1783599874.188615218] [waypoint_follower]: far from local route: d=2472213.18, relocalize nearest_index 422 -> 422
[WARN] [1783599874.238394055] [waypoint_follower]: far from local route: d=2472213.18, relocalize nearest_index 422 -> 422
[WARN] [1783599874.287809133] [waypoint_follower]: far from local route: d=2472213.18, relocalize nearest_index 422 -> 422
[WARN] [1783599874.338193061] [waypoint_follower]: far from local route: d=2472213.18, relocalize nearest_index 422 -> 422
[WARN] [1783599874.388087828] [waypoint_follower]: far from local route: d=2478846.47, relocalize nearest_index 422 -> 422
[WARN] [1783599874.438475404] [waypoint_follower]: far from local route: d=2478846.47, relocalize nearest_index 422 -> 422
[WARN] [1783599874.488242465] [waypoint_follower]: far from local route: d=2478846.47, relocalize nearest_index 422 -> 422
[WARN] [1783599874.538234732] [waypoint_follower]: far from local route: d=2478846.47, relocalize nearest_index 422 -> 422
[WARN] [1783599874.587932932] [waypoint_follower]: far from local route: d=2478846.47, relocalize nearest_index 422 -> 422
[WARN] [1783599874.638023402] [waypoint_follower]: far from local route: d=2478846.47, relocalize nearest_index 422 -> 422
[WARN] [1783599874.689179709] [waypoint_follower]: far from local route: d=2478846.47, relocalize nearest_index 422 -> 422
[WARN] [1783599874.737902405] [waypoint_follower]: far from local route: d=2486949.40, relocalize nearest_index 422 -> 422
[WARN] [1783599874.788013898] [waypoint_follower]: far from local route: d=2486949.40, relocalize nearest_index 422 -> 422
[WARN] [1783599874.841895578] [waypoint_follower]: far from local route: d=2486949.40, relocalize nearest_index 422 -> 422
[WARN] [1783599874.889394588] [waypoint_follower]: far from local route: d=2486949.40, relocalize nearest_index 422 -> 422
[WARN] [1783599874.938380279] [waypoint_follower]: far from local route: d=2486949.40, relocalize nearest_index 422 -> 422
[WARN] [1783599874.988626357] [waypoint_follower]: far from local route: d=2486949.40, relocalize nearest_index 422 -> 422
[WARN] [1783599875.042585634] [waypoint_follower]: far from local route: d=2486949.40, relocalize nearest_index 422 -> 422
[WARN] [1783599875.088980377] [waypoint_follower]: far from local route: d=2486949.40, relocalize nearest_index 422 -> 422
[WARN] [1783599875.090713190] [waypoint_follower]: stuck recovery: nearest_index 422 -> 422
[WARN] [1783599875.138247846] [waypoint_follower]: far from local route: d=2486949.40, relocalize nearest_index 422 -> 422
[WARN] [1783599875.192791447] [waypoint_follower]: far from local route: d=2486949.40, relocalize nearest_index 422 -> 422
[INFO] [1783599875.196571010] [waypoint_follower]: nearest=422, target=422, dist=2486949.40, alpha=-2.98, vx=0.00, yaw_rate=-0.45, dir=1
[WARN] [1783599875.238116705] [waypoint_follower]: far from local route: d=2486949.40, relocalize nearest_index 422 -> 422
[WARN] [1783599875.292840105] [waypoint_follower]: far from local route: d=2486949.40, relocalize nearest_index 422 -> 422
[WARN] [1783599875.338016730] [waypoint_follower]: far from local route: d=2486949.40, relocalize nearest_index 422 -> 422
[WARN] [1783599875.388675333] [waypoint_follower]: far from local route: d=2486949.40, relocalize nearest_index 422 -> 422
[WARN] [1783599875.438125865] [waypoint_follower]: far from local route: d=2486949.40, relocalize nearest_index 422 -> 422
[WARN] [1783599875.488512513] [waypoint_follower]: far from local route: d=2486949.40, relocalize nearest_index 422 -> 422
[WARN] [1783599875.537999044] [waypoint_follower]: far from local route: d=2486949.40, relocalize nearest_index 422 -> 422
[WARN] [1783599875.587924338] [waypoint_follower]: far from local route: d=2486949.40, relocalize nearest_index 422 -> 422
[WARN] [1783599875.637894077] [waypoint_follower]: far from local route: d=2486949.40, relocalize nearest_index 422 -> 422
[WARN] [1783599875.688476684] [waypoint_follower]: far from local route: d=2486949.40, relocalize nearest_index 422 -> 422
[WARN] [1783599875.737926192] [waypoint_follower]: far from local route: d=2486949.40, relocalize nearest_index 422 -> 422
[WARN] [1783599875.787984408] [waypoint_follower]: far from local route: d=2486949.40, relocalize nearest_index 422 -> 422
[WARN] [1783599875.837900902] [waypoint_follower]: far from local route: d=2486949.40, relocalize nearest_index 422 -> 422
[WARN] [1783599875.888001067] [waypoint_follower]: far from local route: d=2486949.40, relocalize nearest_index 422 -> 422
[WARN] [1783599875.937968727] [waypoint_follower]: far from local route: d=2493634.48, relocalize nearest_index 422 -> 422
[WARN] [1783599875.987964641] [waypoint_follower]: far from local route: d=2493634.48, relocalize nearest_index 422 -> 422
[WARN] [1783599876.037952204] [waypoint_follower]: far from local route: d=2493634.48, relocalize nearest_index 422 -> 422
[WARN] [1783599876.087978197] [waypoint_follower]: far from local route: d=2493634.48, relocalize nearest_index 422 -> 422
[WARN] [1783599876.138060060] [waypoint_follower]: far from local route: d=2493634.48, relocalize nearest_index 422 -> 422
[WARN] [1783599876.187854512] [waypoint_follower]: far from local route: d=2493634.48, relocalize nearest_index 422 -> 422
[WARN] [1783599876.238335875] [waypoint_follower]: far from local route: d=2493634.48, relocalize nearest_index 422 -> 422
[INFO] [1783599876.240139277] [waypoint_follower]: nearest=422, target=422, dist=2493634.48, alpha=-2.90, vx=0.00, yaw_rate=-0.45, dir=1
[WARN] [1783599876.288022588] [waypoint_follower]: far from local route: d=2495808.23, relocalize nearest_index 422 -> 422
[WARN] [1783599876.337865230] [waypoint_follower]: far from local route: d=2495808.23, relocalize nearest_index 422 -> 422
[WARN] [1783599876.387943124] [waypoint_follower]: far from local route: d=2495808.23, relocalize nearest_index 422 -> 422
[WARN] [1783599876.437943615] [waypoint_follower]: far from local route: d=2495808.23, relocalize nearest_index 422 -> 422
[WARN] [1783599876.488150303] [waypoint_follower]: far from local route: d=2495808.23, relocalize nearest_index 422 -> 422
[WARN] [1783599876.537905461] [waypoint_follower]: far from local route: d=2495808.23, relocalize nearest_index 422 -> 422
[WARN] [1783599876.588005626] [waypoint_follower]: far from local route: d=2495808.23, relocalize nearest_index 422 -> 422
[WARN] [1783599876.638210907] [waypoint_follower]: far from local route: d=2495808.23, relocalize nearest_index 422 -> 422
[WARN] [1783599876.687870261] [waypoint_follower]: far from local route: d=2495808.23, relocalize nearest_index 422 -> 422
[WARN] [1783599876.737816226] [waypoint_follower]: far from local route: d=2495808.23, relocalize nearest_index 422 -> 422
[WARN] [1783599876.787917799] [waypoint_follower]: far from local route: d=2499525.36, relocalize nearest_index 422 -> 422
[WARN] [1783599876.837904274] [waypoint_follower]: far from local route: d=2499525.36, relocalize nearest_index 422 -> 422
[WARN] [1783599876.888314057] [waypoint_follower]: far from local route: d=2499525.36, relocalize nearest_index 422 -> 422
[WARN] [1783599876.937893639] [waypoint_follower]: far from local route: d=2499525.36, relocalize nearest_index 422 -> 422
[WARN] [1783599876.988085512] [waypoint_follower]: far from local route: d=2499525.36, relocalize nearest_index 422 -> 422
[WARN] [1783599877.037923322] [waypoint_follower]: far from local route: d=2499525.36, relocalize nearest_index 422 -> 422
[WARN] [1783599877.087966850] [waypoint_follower]: far from local route: d=2499525.36, relocalize nearest_index 422 -> 422
[WARN] [1783599877.137946318] [waypoint_follower]: far from local route: d=2499525.36, relocalize nearest_index 422 -> 422
[WARN] [1783599877.187900378] [waypoint_follower]: far from local route: d=2499525.36, relocalize nearest_index 422 -> 422
[WARN] [1783599877.237867974] [waypoint_follower]: far from local route: d=2499525.36, relocalize nearest_index 422 -> 422
[WARN] [1783599877.288315195] [waypoint_follower]: far from local route: d=2501017.48, relocalize nearest_index 422 -> 422
[INFO] [1783599877.289397799] [waypoint_follower]: nearest=422, target=422, dist=2501017.48, alpha=-2.59, vx=0.00, yaw_rate=-0.45, dir=1
[WARN] [1783599877.338191563] [waypoint_follower]: far from local route: d=2501017.48, relocalize nearest_index 422 -> 422
[WARN] [1783599877.389037229] [waypoint_follower]: far from local route: d=2501017.48, relocalize nearest_index 422 -> 422
[WARN] [1783599877.438481137] [waypoint_follower]: far from local route: d=2501017.48, relocalize nearest_index 422 -> 422
[WARN] [1783599877.488596278] [waypoint_follower]: far from local route: d=2501017.48, relocalize nearest_index 422 -> 422
[WARN] [1783599877.538529412] [waypoint_follower]: far from local route: d=2501017.48, relocalize nearest_index 422 -> 422
[WARN] [1783599877.587897516] [waypoint_follower]: far from local route: d=2501017.48, relocalize nearest_index 422 -> 422
[WARN] [1783599877.637915797] [waypoint_follower]: far from local route: d=2506171.68, relocalize nearest_index 422 -> 422
[WARN] [1783599877.687810437] [waypoint_follower]: far from local route: d=2506171.68, relocalize nearest_index 422 -> 422
[WARN] [1783599877.738029700] [waypoint_follower]: far from local route: d=2506171.68, relocalize nearest_index 422 -> 422
[WARN] [1783599877.788869031] [waypoint_follower]: far from local route: d=2506171.68, relocalize nearest_index 422 -> 422
[WARN] [1783599877.837946973] [waypoint_follower]: far from local route: d=2506171.68, relocalize nearest_index 422 -> 422
[WARN] [1783599877.888307574] [waypoint_follower]: far from local route: d=2506171.68, relocalize nearest_index 422 -> 422
[WARN] [1783599877.937885044] [waypoint_follower]: far from local route: d=2506171.68, relocalize nearest_index 422 -> 422
[WARN] [1783599877.987955067] [waypoint_follower]: far from local route: d=2506171.68, relocalize nearest_index 422 -> 422
[WARN] [1783599878.038452590] [waypoint_follower]: far from local route: d=2506171.68, relocalize nearest_index 422 -> 422
[WARN] [1783599878.088233890] [waypoint_follower]: far from local route: d=2506171.68, relocalize nearest_index 422 -> 422
[WARN] [1783599878.137888125] [waypoint_follower]: far from local route: d=2506171.68, relocalize nearest_index 422 -> 422
[WARN] [1783599878.139018695] [waypoint_follower]: stuck recovery: nearest_index 422 -> 422
[WARN] [1783599878.189232135] [waypoint_follower]: far from local route: d=2506928.40, relocalize nearest_index 422 -> 422
[WARN] [1783599878.237879442] [waypoint_follower]: far from local route: d=2506928.40, relocalize nearest_index 422 -> 422
[WARN] [1783599878.288214700] [waypoint_follower]: far from local route: d=2506928.40, relocalize nearest_index 422 -> 422
[WARN] [1783599878.337854216] [waypoint_follower]: far from local route: d=2506928.40, relocalize nearest_index 422 -> 422
[INFO] [1783599878.338950035] [waypoint_follower]: nearest=422, target=422, dist=2506928.40, alpha=-2.01, vx=0.00, yaw_rate=-0.45, dir=1
[WARN] [1783599878.388001099] [waypoint_follower]: far from local route: d=2506928.40, relocalize nearest_index 422 -> 422
[WARN] [1783599878.437881243] [waypoint_follower]: far from local route: d=2511370.74, relocalize nearest_index 422 -> 422
[WARN] [1783599878.487992736] [waypoint_follower]: far from local route: d=2511370.74, relocalize nearest_index 422 -> 422
[WARN] [1783599878.538076038] [waypoint_follower]: far from local route: d=2511370.74, relocalize nearest_index 422 -> 422
[WARN] [1783599878.588455070] [waypoint_follower]: far from local route: d=2511370.74, relocalize nearest_index 422 -> 422
[WARN] [1783599878.638313711] [waypoint_follower]: far from local route: d=2511370.74, relocalize nearest_index 422 -> 422
[WARN] [1783599878.688533871] [waypoint_follower]: far from local route: d=2511370.74, relocalize nearest_index 422 -> 422
[WARN] [1783599878.738419742] [waypoint_follower]: far from local route: d=2511370.74, relocalize nearest_index 422 -> 422
[WARN] [1783599878.788613663] [waypoint_follower]: far from local route: d=2511370.74, relocalize nearest_index 422 -> 422
[WARN] [1783599878.837880237] [waypoint_follower]: far from local route: d=2511370.74, relocalize nearest_index 422 -> 422
[WARN] [1783599878.887923925] [waypoint_follower]: far from local route: d=2511370.74, relocalize nearest_index 422 -> 422
[WARN] [1783599878.938201362] [waypoint_follower]: far from local route: d=2511370.74, relocalize nearest_index 422 -> 422
[WARN] [1783599878.988246714] [waypoint_follower]: far from local route: d=2511370.74, relocalize nearest_index 422 -> 422
[WARN] [1783599879.037922900] [waypoint_follower]: far from local route: d=2511370.74, relocalize nearest_index 422 -> 422
[WARN] [1783599879.087932413] [waypoint_follower]: far from local route: d=2511370.74, relocalize nearest_index 422 -> 422
[WARN] [1783599879.137900969] [waypoint_follower]: far from local route: d=2511370.74, relocalize nearest_index 422 -> 422
[WARN] [1783599879.187910291] [waypoint_follower]: far from local route: d=2511370.74, relocalize nearest_index 422 -> 422
[WARN] [1783599879.238085781] [waypoint_follower]: far from local route: d=2511370.74, relocalize nearest_index 422 -> 422
[WARN] [1783599879.287964517] [waypoint_follower]: far from local route: d=2511370.74, relocalize nearest_index 422 -> 422
[WARN] [1783599879.338140231] [waypoint_follower]: far from local route: d=2511370.74, relocalize nearest_index 422 -> 422
[INFO] [1783599879.339277200] [waypoint_follower]: nearest=422, target=422, dist=2511370.74, alpha=-1.49, vx=0.00, yaw_rate=-0.45, dir=1
[WARN] [1783599879.387901692] [waypoint_follower]: far from local route: d=2511370.74, relocalize nearest_index 422 -> 422
[WARN] [1783599879.438086590] [waypoint_follower]: far from local route: d=2511370.74, relocalize nearest_index 422 -> 422
[WARN] [1783599879.487970765] [waypoint_follower]: far from local route: d=2511370.74, relocalize nearest_index 422 -> 422
[WARN] [1783599879.538486687] [waypoint_follower]: far from local route: d=2511370.74, relocalize nearest_index 422 -> 422
[WARN] [1783599879.588168376] [waypoint_follower]: far from local route: d=2511370.74, relocalize nearest_index 422 -> 422
[WARN] [1783599879.638106726] [waypoint_follower]: far from local route: d=2511370.74, relocalize nearest_index 422 -> 422
[WARN] [1783599879.688215211] [waypoint_follower]: far from local route: d=2511370.74, relocalize nearest_index 422 -> 422
[WARN] [1783599879.738158936] [waypoint_follower]: far from local route: d=2511370.74, relocalize nearest_index 422 -> 422
[WARN] [1783599879.788398646] [waypoint_follower]: far from local route: d=2511370.74, relocalize nearest_index 422 -> 422
[WARN] [1783599879.838315717] [waypoint_follower]: far from local route: d=2511370.74, relocalize nearest_index 422 -> 422
[WARN] [1783599879.888101753] [waypoint_follower]: far from local route: d=2511370.74, relocalize nearest_index 422 -> 422
[WARN] [1783599879.937945771] [waypoint_follower]: far from local route: d=2511370.74, relocalize nearest_index 422 -> 422
[WARN] [1783599879.991921079] [waypoint_follower]: far from local route: d=2511370.74, relocalize nearest_index 422 -> 422
[WARN] [1783599880.037928544] [waypoint_follower]: far from local route: d=2515035.55, relocalize nearest_index 422 -> 422
[WARN] [1783599880.088030757] [waypoint_follower]: far from local route: d=2515035.55, relocalize nearest_index 422 -> 422
[WARN] [1783599880.138641650] [waypoint_follower]: far from local route: d=2515035.55, relocalize nearest_index 422 -> 422
[WARN] [1783599880.188248591] [waypoint_follower]: far from local route: d=2515035.55, relocalize nearest_index 422 -> 422
[WARN] [1783599880.241057555] [waypoint_follower]: far from local route: d=2515035.55, relocalize nearest_index 422 -> 422
[WARN] [1783599880.289512263] [waypoint_follower]: far from local route: d=2515035.55, relocalize nearest_index 422 -> 422
[WARN] [1783599880.342826899] [waypoint_follower]: far from local route: d=2515035.55, relocalize nearest_index 422 -> 422
[INFO] [1783599880.347679531] [waypoint_follower]: nearest=422, target=422, dist=2515035.55, alpha=-1.12, vx=0.00, yaw_rate=-0.45, dir=1
[WARN] [1783599880.392406642] [waypoint_follower]: far from local route: d=2515035.55, relocalize nearest_index 422 -> 422
[WARN] [1783599880.437970224] [waypoint_follower]: far from local route: d=2515035.55, relocalize nearest_index 422 -> 422
[WARN] [1783599880.488142642] [waypoint_follower]: far from local route: d=2515035.55, relocalize nearest_index 422 -> 422
[WARN] [1783599880.537913543] [waypoint_follower]: far from local route: d=2515035.55, relocalize nearest_index 422 -> 422
[WARN] [1783599880.588820134] [waypoint_follower]: far from local route: d=2515035.55, relocalize nearest_index 422 -> 422
[WARN] [1783599880.638397700] [waypoint_follower]: far from local route: d=2515035.55, relocalize nearest_index 422 -> 422
[WARN] [1783599880.689091021] [waypoint_follower]: far from local route: d=2515035.55, relocalize nearest_index 422 -> 422
[WARN] [1783599880.738314397] [waypoint_follower]: far from local route: d=2515035.55, relocalize nearest_index 422 -> 422
[WARN] [1783599880.787990167] [waypoint_follower]: far from local route: d=2515035.55, relocalize nearest_index 422 -> 422
[WARN] [1783599880.837911077] [waypoint_follower]: far from local route: d=2515035.55, relocalize nearest_index 422 -> 422
[WARN] [1783599880.888025161] [waypoint_follower]: far from local route: d=2515035.55, relocalize nearest_index 422 -> 422
[WARN] [1783599880.937959575] [waypoint_follower]: far from local route: d=2515035.55, relocalize nearest_index 422 -> 422
[WARN] [1783599880.988149784] [waypoint_follower]: far from local route: d=2515035.55, relocalize nearest_index 422 -> 422
[WARN] [1783599881.037902286] [waypoint_follower]: far from local route: d=2515035.55, relocalize nearest_index 422 -> 422
[WARN] [1783599881.088164204] [waypoint_follower]: far from local route: d=2515035.55, relocalize nearest_index 422 -> 422
[WARN] [1783599881.137851717] [waypoint_follower]: far from local route: d=2515035.55, relocalize nearest_index 422 -> 422
[WARN] [1783599881.188438643] [waypoint_follower]: far from local route: d=2515035.55, relocalize nearest_index 422 -> 422
[WARN] [1783599881.189817137] [waypoint_follower]: stuck recovery: nearest_index 422 -> 422
[WARN] [1783599881.237845722] [waypoint_follower]: far from local route: d=2515035.55, relocalize nearest_index 422 -> 422
[WARN] [1783599881.287916928] [waypoint_follower]: far from local route: d=2515035.55, relocalize nearest_index 422 -> 422
[WARN] [1783599881.337944393] [waypoint_follower]: far from local route: d=2515035.55, relocalize nearest_index 422 -> 422
[WARN] [1783599881.388083085] [waypoint_follower]: far from local route: d=2515035.55, relocalize nearest_index 422 -> 422
[INFO] [1783599881.389194424] [waypoint_follower]: nearest=422, target=422, dist=2515035.55, alpha=-1.12, vx=0.00, yaw_rate=-0.45, dir=1
[WARN] [1783599881.437976988] [waypoint_follower]: far from local route: d=2515035.55, relocalize nearest_index 422 -> 422
[WARN] [1783599881.488192636] [waypoint_follower]: far from local route: d=2515035.55, relocalize nearest_index 422 -> 422
[WARN] [1783599881.537914516] [waypoint_follower]: far from local route: d=2515035.55, relocalize nearest_index 422 -> 422
[WARN] [1783599881.587906750] [waypoint_follower]: far from local route: d=2515035.55, relocalize nearest_index 422 -> 422
[WARN] [1783599881.637853323] [waypoint_follower]: far from local route: d=2515035.55, relocalize nearest_index 422 -> 422
[WARN] [1783599881.688061739] [waypoint_follower]: far from local route: d=2515035.55, relocalize nearest_index 422 -> 422
[WARN] [1783599881.737826561] [waypoint_follower]: far from local route: d=2515035.55, relocalize nearest_index 422 -> 422
[WARN] [1783599881.787939686] [waypoint_follower]: far from local route: d=2515035.55, relocalize nearest_index 422 -> 422
[WARN] [1783599881.837810134] [waypoint_follower]: far from local route: d=2515035.55, relocalize nearest_index 422 -> 422
[WARN] [1783599881.887891580] [waypoint_follower]: far from local route: d=2515035.55, relocalize nearest_index 422 -> 422
[WARN] [1783599881.949090767] [waypoint_follower]: far from local route: d=2515035.55, relocalize nearest_index 422 -> 422
[WARN] [1783599881.988110470] [waypoint_follower]: far from local route: d=2531292.84, relocalize nearest_index 422 -> 422
[WARN] [1783599882.039446705] [waypoint_follower]: far from local route: d=2531292.84, relocalize nearest_index 422 -> 422
[WARN] [1783599882.099033169] [waypoint_follower]: far from local route: d=2531292.84, relocalize nearest_index 422 -> 422
[WARN] [1783599882.138845090] [waypoint_follower]: far from local route: d=2531292.84, relocalize nearest_index 422 -> 422
[WARN] [1783599882.188046258] [waypoint_follower]: far from local route: d=2531292.84, relocalize nearest_index 422 -> 422
[WARN] [1783599882.238805496] [waypoint_follower]: far from local route: d=2531292.84, relocalize nearest_index 422 -> 422
[WARN] [1783599882.290018793] [waypoint_follower]: far from local route: d=2531292.84, relocalize nearest_index 422 -> 422
[WARN] [1783599882.338557465] [waypoint_follower]: far from local route: d=2531292.84, relocalize nearest_index 422 -> 422
[WARN] [1783599882.388180245] [waypoint_follower]: far from local route: d=2531292.84, relocalize nearest_index 422 -> 422
[INFO] [1783599882.389272097] [waypoint_follower]: nearest=422, target=422, dist=2531292.84, alpha=-0.36, vx=0.25, yaw_rate=-0.32, dir=1
[WARN] [1783599882.437798161] [waypoint_follower]: far from local route: d=2531292.84, relocalize nearest_index 422 -> 422
[WARN] [1783599882.488178697] [waypoint_follower]: far from local route: d=2531292.84, relocalize nearest_index 422 -> 422
[WARN] [1783599882.537954910] [waypoint_follower]: far from local route: d=2531292.84, relocalize nearest_index 422 -> 422
[WARN] [1783599882.587902827] [waypoint_follower]: far from local route: d=2531292.84, relocalize nearest_index 422 -> 422
[WARN] [1783599882.637846392] [waypoint_follower]: far from local route: d=2531292.84, relocalize nearest_index 422 -> 422
[WARN] [1783599882.687857890] [waypoint_follower]: far from local route: d=2531292.84, relocalize nearest_index 422 -> 422
[WARN] [1783599882.737845612] [waypoint_follower]: far from local route: d=2531292.84, relocalize nearest_index 422 -> 422
[WARN] [1783599882.788180391] [waypoint_follower]: far from local route: d=2531292.84, relocalize nearest_index 422 -> 422
[WARN] [1783599882.837937981] [waypoint_follower]: far from local route: d=2531292.84, relocalize nearest_index 422 -> 422
[WARN] [1783599882.888390641] [waypoint_follower]: far from local route: d=2531292.84, relocalize nearest_index 422 -> 422
[WARN] [1783599882.937990702] [waypoint_follower]: far from local route: d=2531292.84, relocalize nearest_index 422 -> 422
[WARN] [1783599882.987967770] [waypoint_follower]: far from local route: d=2531292.84, relocalize nearest_index 422 -> 422
[WARN] [1783599883.038079295] [waypoint_follower]: far from local route: d=2531292.84, relocalize nearest_index 422 -> 422
[WARN] [1783599883.088051850] [waypoint_follower]: far from local route: d=2531292.84, relocalize nearest_index 422 -> 422
[WARN] [1783599883.138082035] [waypoint_follower]: far from local route: d=2531292.84, relocalize nearest_index 422 -> 422
[WARN] [1783599883.187973762] [waypoint_follower]: far from local route: d=2543893.18, relocalize nearest_index 422 -> 422
[WARN] [1783599883.237974061] [waypoint_follower]: far from local route: d=2543893.18, relocalize nearest_index 422 -> 422
[WARN] [1783599883.287953112] [waypoint_follower]: far from local route: d=2543893.18, relocalize nearest_index 422 -> 422
[WARN] [1783599883.337886565] [waypoint_follower]: far from local route: d=2543893.18, relocalize nearest_index 422 -> 422
[WARN] [1783599883.387932653] [waypoint_follower]: far from local route: d=2543893.18, relocalize nearest_index 422 -> 422
[WARN] [1783599883.437975574] [waypoint_follower]: far from local route: d=2543893.18, relocalize nearest_index 422 -> 422
[INFO] [1783599883.439163421] [waypoint_follower]: nearest=422, target=422, dist=2543893.18, alpha=-3.13, vx=0.00, yaw_rate=-0.45, dir=1
[WARN] [1783599883.489457145] [waypoint_follower]: far from local route: d=2543893.18, relocalize nearest_index 422 -> 422
[WARN] [1783599883.537963627] [waypoint_follower]: far from local route: d=2543893.18, relocalize nearest_index 422 -> 422
[WARN] [1783599883.591760223] [waypoint_follower]: far from local route: d=2543893.18, relocalize nearest_index 422 -> 422
[WARN] [1783599883.637925409] [waypoint_follower]: far from local route: d=2543893.18, relocalize nearest_index 422 -> 422
[WARN] [1783599883.688814625] [waypoint_follower]: far from local route: d=2543893.18, relocalize nearest_index 422 -> 422
[WARN] [1783599883.737775836] [waypoint_follower]: far from local route: d=2551320.11, relocalize nearest_index 422 -> 422
[WARN] [1783599883.787923872] [waypoint_follower]: far from local route: d=2551320.11, relocalize nearest_index 422 -> 422
[WARN] [1783599883.839125200] [waypoint_follower]: far from local route: d=2551320.11, relocalize nearest_index 422 -> 422
[WARN] [1783599883.888706863] [waypoint_follower]: far from local route: d=2551320.11, relocalize nearest_index 422 -> 422
[WARN] [1783599883.938470948] [waypoint_follower]: far from local route: d=2551320.11, relocalize nearest_index 422 -> 422
[WARN] [1783599883.988420465] [waypoint_follower]: far from local route: d=2551320.11, relocalize nearest_index 422 -> 422
[WARN] [1783599884.037820728] [waypoint_follower]: far from local route: d=2551320.11, relocalize nearest_index 422 -> 422
[WARN] [1783599884.087974523] [waypoint_follower]: far from local route: d=2551320.11, relocalize nearest_index 422 -> 422
[WARN] [1783599884.141998629] [waypoint_follower]: far from local route: d=2551320.11, relocalize nearest_index 422 -> 422
[WARN] [1783599884.188308927] [waypoint_follower]: far from local route: d=2551320.11, relocalize nearest_index 422 -> 422
[WARN] [1783599884.237817217] [waypoint_follower]: far from local route: d=2551320.11, relocalize nearest_index 422 -> 422
[WARN] [1783599884.238902317] [waypoint_follower]: stuck recovery: nearest_index 422 -> 422
[WARN] [1783599884.287826251] [waypoint_follower]: far from local route: d=2551320.11, relocalize nearest_index 422 -> 422
[WARN] [1783599884.337484549] [waypoint_follower]: far from local route: d=2551320.11, relocalize nearest_index 422 -> 422
[WARN] [1783599884.387884636] [waypoint_follower]: far from local route: d=2551320.11, relocalize nearest_index 422 -> 422
[WARN] [1783599884.437830537] [waypoint_follower]: far from local route: d=2551320.11, relocalize nearest_index 422 -> 422
[WARN] [1783599884.487965357] [waypoint_follower]: far from local route: d=2551320.11, relocalize nearest_index 422 -> 422
[INFO] [1783599884.489015739] [waypoint_follower]: nearest=422, target=422, dist=2551320.11, alpha=-2.84, vx=0.00, yaw_rate=-0.45, dir=1
[WARN] [1783599884.537821630] [waypoint_follower]: far from local route: d=2551320.11, relocalize nearest_index 422 -> 422
[WARN] [1783599884.587750956] [waypoint_follower]: far from local route: d=2551320.11, relocalize nearest_index 422 -> 422
[WARN] [1783599884.637788916] [waypoint_follower]: far from local route: d=2551320.11, relocalize nearest_index 422 -> 422
[WARN] [1783599884.687823037] [waypoint_follower]: far from local route: d=2562419.14, relocalize nearest_index 422 -> 422
[WARN] [1783599884.737936353] [waypoint_follower]: far from local route: d=2562419.14, relocalize nearest_index 422 -> 422
[WARN] [1783599884.787918509] [waypoint_follower]: far from local route: d=2562419.14, relocalize nearest_index 422 -> 422
[WARN] [1783599884.847433840] [waypoint_follower]: far from local route: d=2562419.14, relocalize nearest_index 422 -> 422
[WARN] [1783599884.892527493] [waypoint_follower]: far from local route: d=2562419.14, relocalize nearest_index 422 -> 422
[WARN] [1783599884.940336760] [waypoint_follower]: far from local route: d=2562419.14, relocalize nearest_index 422 -> 422
[WARN] [1783599884.988078158] [waypoint_follower]: far from local route: d=2562419.14, relocalize nearest_index 422 -> 422
[WARN] [1783599885.041191267] [waypoint_follower]: far from local route: d=2562419.14, relocalize nearest_index 422 -> 422
[WARN] [1783599885.088330774] [waypoint_follower]: far from local route: d=2562419.14, relocalize nearest_index 422 -> 422
[WARN] [1783599885.137888182] [waypoint_follower]: far from local route: d=2562419.14, relocalize nearest_index 422 -> 422
[WARN] [1783599885.200901714] [waypoint_follower]: far from local route: d=2562419.14, relocalize nearest_index 422 -> 422
[WARN] [1783599885.238071233] [waypoint_follower]: far from local route: d=2562419.14, relocalize nearest_index 422 -> 422
[WARN] [1783599885.287992911] [waypoint_follower]: far from local route: d=2562419.14, relocalize nearest_index 422 -> 422
[WARN] [1783599885.337787395] [waypoint_follower]: far from local route: d=2562419.14, relocalize nearest_index 422 -> 422
[WARN] [1783599885.387955430] [waypoint_follower]: far from local route: d=2562419.14, relocalize nearest_index 422 -> 422
[WARN] [1783599885.437862324] [waypoint_follower]: far from local route: d=2562419.14, relocalize nearest_index 422 -> 422
[WARN] [1783599885.488015575] [waypoint_follower]: far from local route: d=2562419.14, relocalize nearest_index 422 -> 422
[INFO] [1783599885.489092196] [waypoint_follower]: nearest=422, target=422, dist=2562419.14, alpha=-2.31, vx=0.00, yaw_rate=-0.45, dir=1
[WARN] [1783599885.537947237] [waypoint_follower]: far from local route: d=2562419.14, relocalize nearest_index 422 -> 422
[WARN] [1783599885.588016204] [waypoint_follower]: far from local route: d=2562419.14, relocalize nearest_index 422 -> 422
[WARN] [1783599885.637997527] [waypoint_follower]: far from local route: d=2562419.14, relocalize nearest_index 422 -> 422
[WARN] [1783599885.688053310] [waypoint_follower]: far from local route: d=2562419.14, relocalize nearest_index 422 -> 422
[WARN] [1783599885.737964781] [waypoint_follower]: far from local route: d=2562419.14, relocalize nearest_index 422 -> 422
[WARN] [1783599885.788028116] [waypoint_follower]: far from local route: d=2562419.14, relocalize nearest_index 422 -> 422
[WARN] [1783599885.838007839] [waypoint_follower]: far from local route: d=2562419.14, relocalize nearest_index 422 -> 422
[WARN] [1783599885.888073958] [waypoint_follower]: far from local route: d=2562419.14, relocalize nearest_index 422 -> 422
[WARN] [1783599885.941626183] [waypoint_follower]: far from local route: d=2562419.14, relocalize nearest_index 422 -> 422
[WARN] [1783599886.005716335] [waypoint_follower]: far from local route: d=2562419.14, relocalize nearest_index 422 -> 422
[WARN] [1783599886.038249853] [waypoint_follower]: far from local route: d=2562419.14, relocalize nearest_index 422 -> 422
[WARN] [1783599886.089241143] [waypoint_follower]: far from local route: d=2562419.14, relocalize nearest_index 422 -> 422
[WARN] [1783599886.138546467] [waypoint_follower]: far from local route: d=2562419.14, relocalize nearest_index 422 -> 422
[WARN] [1783599886.188385973] [waypoint_follower]: far from local route: d=2562419.14, relocalize nearest_index 422 -> 422
[WARN] [1783599886.237892215] [waypoint_follower]: far from local route: d=2562419.14, relocalize nearest_index 422 -> 422
[WARN] [1783599886.288079448] [waypoint_follower]: far from local route: d=2562419.14, relocalize nearest_index 422 -> 422
[WARN] [1783599886.337865708] [waypoint_follower]: far from local route: d=2562419.14, relocalize nearest_index 422 -> 422
[WARN] [1783599886.388472442] [waypoint_follower]: far from local route: d=2562419.14, relocalize nearest_index 422 -> 422
[WARN] [1783599886.437705864] [waypoint_follower]: far from local route: d=2575770.28, relocalize nearest_index 422 -> 422
[WARN] [1783599886.487850380] [waypoint_follower]: far from local route: d=2575770.28, relocalize nearest_index 422 -> 422
[INFO] [1783599886.489310342] [waypoint_follower]: nearest=422, target=422, dist=2575770.28, alpha=-0.79, vx=0.12, yaw_rate=-0.45, dir=1
[WARN] [1783599886.537827127] [waypoint_follower]: far from local route: d=2575770.28, relocalize nearest_index 422 -> 422
[WARN] [1783599886.590570526] [waypoint_follower]: far from local route: d=2575770.28, relocalize nearest_index 422 -> 422
[WARN] [1783599886.637820236] [waypoint_follower]: far from local route: d=2575770.28, relocalize nearest_index 422 -> 422
[WARN] [1783599886.687833973] [waypoint_follower]: far from local route: d=2575770.28, relocalize nearest_index 422 -> 422
[WARN] [1783599886.737814849] [waypoint_follower]: far from local route: d=2575770.28, relocalize nearest_index 422 -> 422
[WARN] [1783599886.787919430] [waypoint_follower]: far from local route: d=2575770.28, relocalize nearest_index 422 -> 422
[WARN] [1783599886.837795350] [waypoint_follower]: far from local route: d=2575770.28, relocalize nearest_index 422 -> 422
[WARN] [1783599886.888241963] [waypoint_follower]: far from local route: d=2575770.28, relocalize nearest_index 422 -> 422
[WARN] [1783599886.938443467] [waypoint_follower]: far from local route: d=2575770.28, relocalize nearest_index 422 -> 422
[WARN] [1783599886.988490611] [waypoint_follower]: far from local route: d=2575770.28, relocalize nearest_index 422 -> 422
[WARN] [1783599887.038571162] [waypoint_follower]: far from local route: d=2575770.28, relocalize nearest_index 422 -> 422
[WARN] [1783599887.088047517] [waypoint_follower]: far from local route: d=2575770.28, relocalize nearest_index 422 -> 422
[WARN] [1783599887.137927661] [waypoint_follower]: far from local route: d=2575770.28, relocalize nearest_index 422 -> 422
[WARN] [1783599887.188077808] [waypoint_follower]: far from local route: d=2575770.28, relocalize nearest_index 422 -> 422
[WARN] [1783599887.238052028] [waypoint_follower]: far from local route: d=2575770.28, relocalize nearest_index 422 -> 422
[WARN] [1783599887.239153735] [waypoint_follower]: stuck recovery: nearest_index 422 -> 422
[WARN] [1783599887.288752324] [waypoint_follower]: far from local route: d=2575770.28, relocalize nearest_index 422 -> 422
[WARN] [1783599887.337922550] [waypoint_follower]: far from local route: d=2583206.02, relocalize nearest_index 422 -> 422
[WARN] [1783599887.387932448] [waypoint_follower]: far from local route: d=2583206.02, relocalize nearest_index 422 -> 422
[WARN] [1783599887.437780593] [waypoint_follower]: far from local route: d=2583206.02, relocalize nearest_index 422 -> 422
[WARN] [1783599887.488013169] [waypoint_follower]: far from local route: d=2583206.02, relocalize nearest_index 422 -> 422
[WARN] [1783599887.537806565] [waypoint_follower]: far from local route: d=2583206.02, relocalize nearest_index 422 -> 422
[INFO] [1783599887.538920655] [waypoint_follower]: nearest=422, target=422, dist=2583206.02, alpha=-0.47, vx=0.25, yaw_rate=-0.42, dir=1
[WARN] [1783599887.587876748] [waypoint_follower]: far from local route: d=2583206.02, relocalize nearest_index 422 -> 422
[WARN] [1783599887.638214502] [waypoint_follower]: far from local route: d=2583206.02, relocalize nearest_index 422 -> 422
[WARN] [1783599887.687646379] [waypoint_follower]: far from local route: d=2586196.48, relocalize nearest_index 422 -> 422
[WARN] [1783599887.737934567] [waypoint_follower]: far from local route: d=2586196.48, relocalize nearest_index 422 -> 422
[WARN] [1783599887.787877844] [waypoint_follower]: far from local route: d=2586196.48, relocalize nearest_index 422 -> 422
[WARN] [1783599887.837946939] [waypoint_follower]: far from local route: d=2586196.48, relocalize nearest_index 422 -> 422
[WARN] [1783599887.887969828] [waypoint_follower]: far from local route: d=2587661.98, relocalize nearest_index 422 -> 422
[WARN] [1783599887.944642928] [waypoint_follower]: far from local route: d=2587661.98, relocalize nearest_index 422 -> 422
[WARN] [1783599887.988931371] [waypoint_follower]: far from local route: d=2587661.98, relocalize nearest_index 422 -> 422
[WARN] [1783599888.038375632] [waypoint_follower]: far from local route: d=2587661.98, relocalize nearest_index 422 -> 422
[WARN] [1783599888.088696971] [waypoint_follower]: far from local route: d=2587661.98, relocalize nearest_index 422 -> 422
[WARN] [1783599888.138043860] [waypoint_follower]: far from local route: d=2587661.98, relocalize nearest_index 422 -> 422
[WARN] [1783599888.188045150] [waypoint_follower]: far from local route: d=2587661.98, relocalize nearest_index 422 -> 422
[WARN] [1783599888.237888464] [waypoint_follower]: far from local route: d=2589904.75, relocalize nearest_index 422 -> 422
[WARN] [1783599888.288124719] [waypoint_follower]: far from local route: d=2589904.75, relocalize nearest_index 422 -> 422
[WARN] [1783599888.338489864] [waypoint_follower]: far from local route: d=2589904.75, relocalize nearest_index 422 -> 422
[WARN] [1783599888.388217695] [waypoint_follower]: far from local route: d=2589904.75, relocalize nearest_index 422 -> 422
[WARN] [1783599888.437900952] [waypoint_follower]: far from local route: d=2589904.75, relocalize nearest_index 422 -> 422
[WARN] [1783599888.488039324] [waypoint_follower]: far from local route: d=2589904.75, relocalize nearest_index 422 -> 422
[WARN] [1783599888.537852623] [waypoint_follower]: far from local route: d=2589904.75, relocalize nearest_index 422 -> 422
[INFO] [1783599888.538954202] [waypoint_follower]: nearest=422, target=422, dist=2589904.75, alpha=-0.31, vx=0.25, yaw_rate=-0.28, dir=1
[WARN] [1783599888.587903799] [waypoint_follower]: far from local route: d=2589904.75, relocalize nearest_index 422 -> 422
[WARN] [1783599888.637942207] [waypoint_follower]: far from local route: d=2589904.75, relocalize nearest_index 422 -> 422
[WARN] [1783599888.688432114] [waypoint_follower]: far from local route: d=2589904.75, relocalize nearest_index 422 -> 422
[WARN] [1783599888.738197320] [waypoint_follower]: far from local route: d=2589904.75, relocalize nearest_index 422 -> 422
[WARN] [1783599888.790028922] [waypoint_follower]: far from local route: d=2589904.75, relocalize nearest_index 422 -> 422
[WARN] [1783599888.837947656] [waypoint_follower]: far from local route: d=2589904.75, relocalize nearest_index 422 -> 422
[WARN] [1783599888.888177863] [waypoint_follower]: far from local route: d=2589904.75, relocalize nearest_index 422 -> 422
[WARN] [1783599888.937944829] [waypoint_follower]: far from local route: d=2591374.62, relocalize nearest_index 422 -> 422
[WARN] [1783599888.987887082] [waypoint_follower]: far from local route: d=2591374.62, relocalize nearest_index 422 -> 422
[WARN] [1783599889.037870261] [waypoint_follower]: far from local route: d=2591374.62, relocalize nearest_index 422 -> 422
[WARN] [1783599889.087945723] [waypoint_follower]: far from local route: d=2591374.62, relocalize nearest_index 422 -> 422
[WARN] [1783599889.137862569] [waypoint_follower]: far from local route: d=2591374.62, relocalize nearest_index 422 -> 422
[WARN] [1783599889.187953743] [waypoint_follower]: far from local route: d=2591374.62, relocalize nearest_index 422 -> 422
[WARN] [1783599889.237858366] [waypoint_follower]: far from local route: d=2591374.62, relocalize nearest_index 422 -> 422
[WARN] [1783599889.287918789] [waypoint_follower]: far from local route: d=2591374.62, relocalize nearest_index 422 -> 422
[WARN] [1783599889.337865874] [waypoint_follower]: far from local route: d=2591374.62, relocalize nearest_index 422 -> 422
[WARN] [1783599889.387930201] [waypoint_follower]: far from local route: d=2591374.62, relocalize nearest_index 422 -> 422
[WARN] [1783599889.437855367] [waypoint_follower]: far from local route: d=2591374.62, relocalize nearest_index 422 -> 422
[WARN] [1783599889.487900975] [waypoint_follower]: far from local route: d=2591374.62, relocalize nearest_index 422 -> 422
[WARN] [1783599889.537832701] [waypoint_follower]: far from local route: d=2591374.62, relocalize nearest_index 422 -> 422
[WARN] [1783599889.588117177] [waypoint_follower]: far from local route: d=2591374.62, relocalize nearest_index 422 -> 422
[INFO] [1783599889.589221413] [waypoint_follower]: nearest=422, target=422, dist=2591374.62, alpha=-0.27, vx=0.25, yaw_rate=-0.24, dir=1
[WARN] [1783599889.637917037] [waypoint_follower]: far from local route: d=2591374.62, relocalize nearest_index 422 -> 422
[WARN] [1783599889.687953526] [waypoint_follower]: far from local route: d=2597368.55, relocalize nearest_index 422 -> 422
[WARN] [1783599889.737951200] [waypoint_follower]: far from local route: d=2597368.55, relocalize nearest_index 422 -> 422
[WARN] [1783599889.788006376] [waypoint_follower]: far from local route: d=2597368.55, relocalize nearest_index 422 -> 422
[WARN] [1783599889.838321763] [waypoint_follower]: far from local route: d=2597368.55, relocalize nearest_index 422 -> 422
[WARN] [1783599889.888796406] [waypoint_follower]: far from local route: d=2597368.55, relocalize nearest_index 422 -> 422
[WARN] [1783599889.938479920] [waypoint_follower]: far from local route: d=2597368.55, relocalize nearest_index 422 -> 422
[WARN] [1783599889.989620931] [waypoint_follower]: far from local route: d=2597368.55, relocalize nearest_index 422 -> 422
[WARN] [1783599890.037907583] [waypoint_follower]: far from local route: d=2597368.55, relocalize nearest_index 422 -> 422
[WARN] [1783599890.088081313] [waypoint_follower]: far from local route: d=2597368.55, relocalize nearest_index 422 -> 422
[WARN] [1783599890.137914644] [waypoint_follower]: far from local route: d=2597368.55, relocalize nearest_index 422 -> 422
[WARN] [1783599890.187997818] [waypoint_follower]: far from local route: d=2597368.55, relocalize nearest_index 422 -> 422
[WARN] [1783599890.237943367] [waypoint_follower]: far from local route: d=2597368.55, relocalize nearest_index 422 -> 422
[WARN] [1783599890.287997806] [waypoint_follower]: far from local route: d=2597368.55, relocalize nearest_index 422 -> 422
[WARN] [1783599890.289220756] [waypoint_follower]: stuck recovery: nearest_index 422 -> 422
[WARN] [1783599890.337878110] [waypoint_follower]: far from local route: d=2597368.55, relocalize nearest_index 422 -> 422
[WARN] [1783599890.388055488] [waypoint_follower]: far from local route: d=2604080.73, relocalize nearest_index 422 -> 422
[WARN] [1783599890.437921137] [waypoint_follower]: far from local route: d=2604080.73, relocalize nearest_index 422 -> 422
[WARN] [1783599890.488183854] [waypoint_follower]: far from local route: d=2604080.73, relocalize nearest_index 422 -> 422
[WARN] [1783599890.537818730] [waypoint_follower]: far from local route: d=2604080.73, relocalize nearest_index 422 -> 422
[WARN] [1783599890.588060937] [waypoint_follower]: far from local route: d=2604080.73, relocalize nearest_index 422 -> 422
[WARN] [1783599890.637908250] [waypoint_follower]: far from local route: d=2604080.73, relocalize nearest_index 422 -> 422
[INFO] [1783599890.639051908] [waypoint_follower]: nearest=422, target=422, dist=2604080.73, alpha=-2.98, vx=0.00, yaw_rate=-0.45, dir=1
[WARN] [1783599890.689730669] [waypoint_follower]: far from local route: d=2604080.73, relocalize nearest_index 422 -> 422
[WARN] [1783599890.738019369] [waypoint_follower]: far from local route: d=2604080.73, relocalize nearest_index 422 -> 422
[WARN] [1783599890.788192459] [waypoint_follower]: far from local route: d=2604080.73, relocalize nearest_index 422 -> 422
[WARN] [1783599890.838417707] [waypoint_follower]: far from local route: d=2604080.73, relocalize nearest_index 422 -> 422
[WARN] [1783599890.887899374] [waypoint_follower]: far from local route: d=2604080.73, relocalize nearest_index 422 -> 422
[WARN] [1783599890.937975348] [waypoint_follower]: far from local route: d=2604080.73, relocalize nearest_index 422 -> 422
[WARN] [1783599890.989917858] [waypoint_follower]: far from local route: d=2604080.73, relocalize nearest_index 422 -> 422
[WARN] [1783599891.038190911] [waypoint_follower]: far from local route: d=2608514.90, relocalize nearest_index 422 -> 422
[WARN] [1783599891.088599381] [waypoint_follower]: far from local route: d=2608514.90, relocalize nearest_index 422 -> 422
[WARN] [1783599891.143361340] [waypoint_follower]: far from local route: d=2608514.90, relocalize nearest_index 422 -> 422
[WARN] [1783599891.190665607] [waypoint_follower]: far from local route: d=2608514.90, relocalize nearest_index 422 -> 422
[WARN] [1783599891.237989841] [waypoint_follower]: far from local route: d=2608514.90, relocalize nearest_index 422 -> 422
[WARN] [1783599891.288472068] [waypoint_follower]: far from local route: d=2608514.90, relocalize nearest_index 422 -> 422
[WARN] [1783599891.337849932] [waypoint_follower]: far from local route: d=2608514.90, relocalize nearest_index 422 -> 422
[WARN] [1783599891.392711566] [waypoint_follower]: far from local route: d=2608514.90, relocalize nearest_index 422 -> 422
[WARN] [1783599891.444898640] [waypoint_follower]: far from local route: d=2608514.90, relocalize nearest_index 422 -> 422
[WARN] [1783599891.499415778] [waypoint_follower]: far from local route: d=2608514.90, relocalize nearest_index 422 -> 422
[WARN] [1783599891.537770521] [waypoint_follower]: far from local route: d=2608514.90, relocalize nearest_index 422 -> 422
[WARN] [1783599891.587886430] [waypoint_follower]: far from local route: d=2608514.90, relocalize nearest_index 422 -> 422
[WARN] [1783599891.637842122] [waypoint_follower]: far from local route: d=2608514.90, relocalize nearest_index 422 -> 422
[WARN] [1783599891.687919409] [waypoint_follower]: far from local route: d=2608514.90, relocalize nearest_index 422 -> 422
[INFO] [1783599891.688950943] [waypoint_follower]: nearest=422, target=422, dist=2608514.90, alpha=-2.77, vx=0.00, yaw_rate=-0.45, dir=1
[WARN] [1783599891.737807968] [waypoint_follower]: far from local route: d=2608514.90, relocalize nearest_index 422 -> 422
[WARN] [1783599891.787851272] [waypoint_follower]: far from local route: d=2608514.90, relocalize nearest_index 422 -> 422
[WARN] [1783599891.837858994] [waypoint_follower]: far from local route: d=2612191.93, relocalize nearest_index 422 -> 422
[WARN] [1783599891.888912426] [waypoint_follower]: far from local route: d=2612191.93, relocalize nearest_index 422 -> 422
[WARN] [1783599891.938156376] [waypoint_follower]: far from local route: d=2612191.93, relocalize nearest_index 422 -> 422
[WARN] [1783599891.988454324] [waypoint_follower]: far from local route: d=2612191.93, relocalize nearest_index 422 -> 422
[WARN] [1783599892.038448479] [waypoint_follower]: far from local route: d=2612191.93, relocalize nearest_index 422 -> 422
[WARN] [1783599892.087945761] [waypoint_follower]: far from local route: d=2612191.93, relocalize nearest_index 422 -> 422
[WARN] [1783599892.137798450] [waypoint_follower]: far from local route: d=2612191.93, relocalize nearest_index 422 -> 422
[WARN] [1783599892.187913335] [waypoint_follower]: far from local route: d=2612191.93, relocalize nearest_index 422 -> 422
[WARN] [1783599892.237883075] [waypoint_follower]: far from local route: d=2612191.93, relocalize nearest_index 422 -> 422
[WARN] [1783599892.287954026] [waypoint_follower]: far from local route: d=2612191.93, relocalize nearest_index 422 -> 422
[WARN] [1783599892.337875704] [waypoint_follower]: far from local route: d=2612191.93, relocalize nearest_index 422 -> 422
[WARN] [1783599892.388074456] [waypoint_follower]: far from local route: d=2612191.93, relocalize nearest_index 422 -> 422
[WARN] [1783599892.437934793] [waypoint_follower]: far from local route: d=2612191.93, relocalize nearest_index 422 -> 422
[WARN] [1783599892.487867415] [waypoint_follower]: far from local route: d=2618181.10, relocalize nearest_index 422 -> 422
[WARN] [1783599892.537959645] [waypoint_follower]: far from local route: d=2618181.10, relocalize nearest_index 422 -> 422
[WARN] [1783599892.587896842] [waypoint_follower]: far from local route: d=2618181.10, relocalize nearest_index 422 -> 422
[WARN] [1783599892.637958289] [waypoint_follower]: far from local route: d=2618181.10, relocalize nearest_index 422 -> 422
[WARN] [1783599892.687973147] [waypoint_follower]: far from local route: d=2618181.10, relocalize nearest_index 422 -> 422
[INFO] [1783599892.689102373] [waypoint_follower]: nearest=422, target=422, dist=2618181.10, alpha=-2.43, vx=0.00, yaw_rate=-0.45, dir=1
[WARN] [1783599892.737975877] [waypoint_follower]: far from local route: d=2618181.10, relocalize nearest_index 422 -> 422
[WARN] [1783599892.788027628] [waypoint_follower]: far from local route: d=2618181.10, relocalize nearest_index 422 -> 422
[WARN] [1783599892.838186831] [waypoint_follower]: far from local route: d=2618181.10, relocalize nearest_index 422 -> 422
[WARN] [1783599892.888402063] [waypoint_follower]: far from local route: d=2618181.10, relocalize nearest_index 422 -> 422
[WARN] [1783599892.937987245] [waypoint_follower]: far from local route: d=2618181.10, relocalize nearest_index 422 -> 422
[WARN] [1783599892.988162895] [waypoint_follower]: far from local route: d=2618181.10, relocalize nearest_index 422 -> 422
[WARN] [1783599893.037951779] [waypoint_follower]: far from local route: d=2618181.10, relocalize nearest_index 422 -> 422
[WARN] [1783599893.087967277] [waypoint_follower]: far from local route: d=2618181.10, relocalize nearest_index 422 -> 422
[WARN] [1783599893.138915466] [waypoint_follower]: far from local route: d=2624157.50, relocalize nearest_index 422 -> 422
[WARN] [1783599893.188070652] [waypoint_follower]: far from local route: d=2624157.50, relocalize nearest_index 422 -> 422
[WARN] [1783599893.237978539] [waypoint_follower]: far from local route: d=2624157.50, relocalize nearest_index 422 -> 422
[WARN] [1783599893.288090640] [waypoint_follower]: far from local route: d=2624157.50, relocalize nearest_index 422 -> 422
[WARN] [1783599893.289239129] [waypoint_follower]: stuck recovery: nearest_index 422 -> 422
[WARN] [1783599893.338104665] [waypoint_follower]: far from local route: d=2624157.50, relocalize nearest_index 422 -> 422
[WARN] [1783599893.388007784] [waypoint_follower]: far from local route: d=2624157.50, relocalize nearest_index 422 -> 422
[WARN] [1783599893.438005971] [waypoint_follower]: far from local route: d=2624157.50, relocalize nearest_index 422 -> 422
[WARN] [1783599893.488121911] [waypoint_follower]: far from local route: d=2624157.50, relocalize nearest_index 422 -> 422
[WARN] [1783599893.537902892] [waypoint_follower]: far from local route: d=2624157.50, relocalize nearest_index 422 -> 422
[WARN] [1783599893.588060047] [waypoint_follower]: far from local route: d=2624157.50, relocalize nearest_index 422 -> 422
[WARN] [1783599893.637930687] [waypoint_follower]: far from local route: d=2624157.50, relocalize nearest_index 422 -> 422
[WARN] [1783599893.687995814] [waypoint_follower]: far from local route: d=2624157.50, relocalize nearest_index 422 -> 422
[INFO] [1783599893.691889932] [waypoint_follower]: nearest=422, target=422, dist=2624157.50, alpha=-1.91, vx=0.00, yaw_rate=-0.45, dir=1
[WARN] [1783599893.737901781] [waypoint_follower]: far from local route: d=2624157.50, relocalize nearest_index 422 -> 422
[WARN] [1783599893.788138356] [waypoint_follower]: far from local route: d=2624157.50, relocalize nearest_index 422 -> 422
[WARN] [1783599893.837873707] [waypoint_follower]: far from local route: d=2624157.50, relocalize nearest_index 422 -> 422
[WARN] [1783599893.890098827] [waypoint_follower]: far from local route: d=2624157.50, relocalize nearest_index 422 -> 422
[WARN] [1783599893.938320618] [waypoint_follower]: far from local route: d=2624157.50, relocalize nearest_index 422 -> 422
[WARN] [1783599893.988126109] [waypoint_follower]: far from local route: d=2624157.50, relocalize nearest_index 422 -> 422
[WARN] [1783599894.038542324] [waypoint_follower]: far from local route: d=2624157.50, relocalize nearest_index 422 -> 422
[WARN] [1783599894.087952410] [waypoint_follower]: far from local route: d=2624157.50, relocalize nearest_index 422 -> 422
[WARN] [1783599894.137901159] [waypoint_follower]: far from local route: d=2631687.05, relocalize nearest_index 422 -> 422
[WARN] [1783599894.188088872] [waypoint_follower]: far from local route: d=2631687.05, relocalize nearest_index 422 -> 422
[WARN] [1783599894.238767410] [waypoint_follower]: far from local route: d=2631687.05, relocalize nearest_index 422 -> 422
[WARN] [1783599894.289682192] [waypoint_follower]: far from local route: d=2631687.05, relocalize nearest_index 422 -> 422
[WARN] [1783599894.338670123] [waypoint_follower]: far from local route: d=2631687.05, relocalize nearest_index 422 -> 422
[WARN] [1783599894.388206891] [waypoint_follower]: far from local route: d=2631687.05, relocalize nearest_index 422 -> 422
[WARN] [1783599894.437985984] [waypoint_follower]: far from local route: d=2631687.05, relocalize nearest_index 422 -> 422
[WARN] [1783599894.488408118] [waypoint_follower]: far from local route: d=2631687.05, relocalize nearest_index 422 -> 422
[WARN] [1783599894.538083536] [waypoint_follower]: far from local route: d=2631687.05, relocalize nearest_index 422 -> 422
[WARN] [1783599894.588206356] [waypoint_follower]: far from local route: d=2631687.05, relocalize nearest_index 422 -> 422
[WARN] [1783599894.643349897] [waypoint_follower]: far from local route: d=2631687.05, relocalize nearest_index 422 -> 422
[WARN] [1783599894.687933046] [waypoint_follower]: far from local route: d=2631687.05, relocalize nearest_index 422 -> 422
[WARN] [1783599894.737889826] [waypoint_follower]: far from local route: d=2635371.21, relocalize nearest_index 422 -> 422
[INFO] [1783599894.738956655] [waypoint_follower]: nearest=422, target=422, dist=2635371.21, alpha=-1.00, vx=0.00, yaw_rate=-0.45, dir=1
[WARN] [1783599894.787977352] [waypoint_follower]: far from local route: d=2635371.21, relocalize nearest_index 422 -> 422
[WARN] [1783599894.837845721] [waypoint_follower]: far from local route: d=2635371.21, relocalize nearest_index 422 -> 422
[WARN] [1783599894.888089527] [waypoint_follower]: far from local route: d=2635371.21, relocalize nearest_index 422 -> 422
[WARN] [1783599894.939137007] [waypoint_follower]: far from local route: d=2635371.21, relocalize nearest_index 422 -> 422
[WARN] [1783599894.988950307] [waypoint_follower]: far from local route: d=2635371.21, relocalize nearest_index 422 -> 422
[WARN] [1783599895.038922894] [waypoint_follower]: far from local route: d=2635371.21, relocalize nearest_index 422 -> 422
[WARN] [1783599895.088340532] [waypoint_follower]: far from local route: d=2635371.21, relocalize nearest_index 422 -> 422
[WARN] [1783599895.138458169] [waypoint_follower]: far from local route: d=2635371.21, relocalize nearest_index 422 -> 422
[WARN] [1783599895.188164497] [waypoint_follower]: far from local route: d=2635371.21, relocalize nearest_index 422 -> 422
[WARN] [1783599895.237951878] [waypoint_follower]: far from local route: d=2635372.03, relocalize nearest_index 422 -> 422
[WARN] [1783599895.287872820] [waypoint_follower]: far from local route: d=2635372.03, relocalize nearest_index 422 -> 422
[WARN] [1783599895.337864190] [waypoint_follower]: far from local route: d=2635371.79, relocalize nearest_index 422 -> 422
[WARN] [1783599895.387817003] [waypoint_follower]: far from local route: d=2635371.79, relocalize nearest_index 422 -> 422
[WARN] [1783599895.437955662] [waypoint_follower]: far from local route: d=2639817.44, relocalize nearest_index 422 -> 422
[WARN] [1783599895.487955608] [waypoint_follower]: far from local route: d=2639817.44, relocalize nearest_index 422 -> 422
[WARN] [1783599895.537938340] [waypoint_follower]: far from local route: d=2639817.44, relocalize nearest_index 422 -> 422
[WARN] [1783599895.587899472] [waypoint_follower]: far from local route: d=2639817.44, relocalize nearest_index 422 -> 422
[WARN] [1783599895.637841469] [waypoint_follower]: far from local route: d=2639817.44, relocalize nearest_index 422 -> 422
[WARN] [1783599895.687880613] [waypoint_follower]: far from local route: d=2639817.44, relocalize nearest_index 422 -> 422
[WARN] [1783599895.737941932] [waypoint_follower]: far from local route: d=2639817.44, relocalize nearest_index 422 -> 422
[INFO] [1783599895.738949820] [waypoint_follower]: nearest=422, target=422, dist=2639817.44, alpha=-0.86, vx=0.12, yaw_rate=-0.45, dir=1
[WARN] [1783599895.787863130] [waypoint_follower]: far from local route: d=2639817.44, relocalize nearest_index 422 -> 422
[WARN] [1783599895.837812551] [waypoint_follower]: far from local route: d=2639817.44, relocalize nearest_index 422 -> 422
[WARN] [1783599895.887921196] [waypoint_follower]: far from local route: d=2639817.44, relocalize nearest_index 422 -> 422
[WARN] [1783599895.937862265] [waypoint_follower]: far from local route: d=2639817.44, relocalize nearest_index 422 -> 422
[WARN] [1783599895.989765960] [waypoint_follower]: far from local route: d=2639817.44, relocalize nearest_index 422 -> 422
[WARN] [1783599896.038386292] [waypoint_follower]: far from local route: d=2639817.44, relocalize nearest_index 422 -> 422
[WARN] [1783599896.089096669] [waypoint_follower]: far from local route: d=2639817.44, relocalize nearest_index 422 -> 422
[WARN] [1783599896.138072312] [waypoint_follower]: far from local route: d=2639817.44, relocalize nearest_index 422 -> 422
[WARN] [1783599896.187951016] [waypoint_follower]: far from local route: d=2639817.44, relocalize nearest_index 422 -> 422
[WARN] [1783599896.237896341] [waypoint_follower]: far from local route: d=2646542.83, relocalize nearest_index 422 -> 422
[WARN] [1783599896.288025145] [waypoint_follower]: far from local route: d=2646542.83, relocalize nearest_index 422 -> 422
[WARN] [1783599896.338059137] [waypoint_follower]: far from local route: d=2646542.83, relocalize nearest_index 422 -> 422
[WARN] [1783599896.339342532] [waypoint_follower]: stuck recovery: nearest_index 422 -> 422
[WARN] [1783599896.387895188] [waypoint_follower]: far from local route: d=2646542.83, relocalize nearest_index 422 -> 422
[WARN] [1783599896.437963963] [waypoint_follower]: far from local route: d=2646542.83, relocalize nearest_index 422 -> 422
[WARN] [1783599896.489761103] [waypoint_follower]: far from local route: d=2646542.83, relocalize nearest_index 422 -> 422
[WARN] [1783599896.537952752] [waypoint_follower]: far from local route: d=2646542.83, relocalize nearest_index 422 -> 422
[WARN] [1783599896.587790146] [waypoint_follower]: far from local route: d=2646542.83, relocalize nearest_index 422 -> 422
[WARN] [1783599896.637961028] [waypoint_follower]: far from local route: d=2646542.83, relocalize nearest_index 422 -> 422
[WARN] [1783599896.687970061] [waypoint_follower]: far from local route: d=2646542.83, relocalize nearest_index 422 -> 422
[WARN] [1783599896.737684933] [waypoint_follower]: far from local route: d=2650286.41, relocalize nearest_index 422 -> 422
[WARN] [1783599896.787914948] [waypoint_follower]: far from local route: d=2650286.41, relocalize nearest_index 422 -> 422
[INFO] [1783599896.789079085] [waypoint_follower]: nearest=422, target=422, dist=2650286.41, alpha=-0.26, vx=0.25, yaw_rate=-0.23, dir=1
[WARN] [1783599896.838085959] [waypoint_follower]: far from local route: d=2650286.41, relocalize nearest_index 422 -> 422
[WARN] [1783599896.889995829] [waypoint_follower]: far from local route: d=2650286.41, relocalize nearest_index 422 -> 422
[WARN] [1783599896.937929506] [waypoint_follower]: far from local route: d=2650286.41, relocalize nearest_index 422 -> 422
[WARN] [1783599896.989839633] [waypoint_follower]: far from local route: d=2650286.41, relocalize nearest_index 422 -> 422
[WARN] [1783599897.038328644] [waypoint_follower]: far from local route: d=2650286.41, relocalize nearest_index 422 -> 422
[WARN] [1783599897.088825494] [waypoint_follower]: far from local route: d=2650286.41, relocalize nearest_index 422 -> 422
[WARN] [1783599897.138037862] [waypoint_follower]: far from local route: d=2650286.41, relocalize nearest_index 422 -> 422
[WARN] [1783599897.191677634] [waypoint_follower]: far from local route: d=2653272.00, relocalize nearest_index 422 -> 422
[WARN] [1783599897.237908481] [waypoint_follower]: far from local route: d=2653272.00, relocalize nearest_index 422 -> 422
[WARN] [1783599897.288133856] [waypoint_follower]: far from local route: d=2653272.00, relocalize nearest_index 422 -> 422
[WARN] [1783599897.338019568] [waypoint_follower]: far from local route: d=2653272.00, relocalize nearest_index 422 -> 422
[WARN] [1783599897.387896576] [waypoint_follower]: far from local route: d=2653272.00, relocalize nearest_index 422 -> 422
[WARN] [1783599897.437902506] [waypoint_follower]: far from local route: d=2653272.00, relocalize nearest_index 422 -> 422
[WARN] [1783599897.487927763] [waypoint_follower]: far from local route: d=2653272.00, relocalize nearest_index 422 -> 422
[WARN] [1783599897.539976923] [waypoint_follower]: far from local route: d=2653272.00, relocalize nearest_index 422 -> 422
[WARN] [1783599897.587851563] [waypoint_follower]: far from local route: d=2653272.00, relocalize nearest_index 422 -> 422
[WARN] [1783599897.637861205] [waypoint_follower]: far from local route: d=2653272.00, relocalize nearest_index 422 -> 422
[WARN] [1783599897.687837824] [waypoint_follower]: far from local route: d=2657034.27, relocalize nearest_index 422 -> 422
[WARN] [1783599897.737849738] [waypoint_follower]: far from local route: d=2657034.27, relocalize nearest_index 422 -> 422
[WARN] [1783599897.787695644] [waypoint_follower]: far from local route: d=2657034.27, relocalize nearest_index 422 -> 422
[WARN] [1783599897.840847855] [waypoint_follower]: far from local route: d=2657034.27, relocalize nearest_index 422 -> 422
[INFO] [1783599897.841908572] [waypoint_follower]: nearest=422, target=422, dist=2657034.27, alpha=2.75, vx=0.00, yaw_rate=0.45, dir=1
[WARN] [1783599897.887919205] [waypoint_follower]: far from local route: d=2657034.27, relocalize nearest_index 422 -> 422
[WARN] [1783599897.937938351] [waypoint_follower]: far from local route: d=2657034.27, relocalize nearest_index 422 -> 422
[WARN] [1783599897.988248746] [waypoint_follower]: far from local route: d=2657034.27, relocalize nearest_index 422 -> 422
[WARN] [1783599898.037752492] [waypoint_follower]: far from local route: d=2659974.73, relocalize nearest_index 422 -> 422
[WARN] [1783599898.088231903] [waypoint_follower]: far from local route: d=2659974.73, relocalize nearest_index 422 -> 422
[WARN] [1783599898.137869467] [waypoint_follower]: far from local route: d=2659974.73, relocalize nearest_index 422 -> 422
[WARN] [1783599898.188856406] [waypoint_follower]: far from local route: d=2659974.73, relocalize nearest_index 422 -> 422
[WARN] [1783599898.238502289] [waypoint_follower]: far from local route: d=2659974.73, relocalize nearest_index 422 -> 422
[WARN] [1783599898.288350243] [waypoint_follower]: far from local route: d=2659974.73, relocalize nearest_index 422 -> 422
[WARN] [1783599898.338347373] [waypoint_follower]: far from local route: d=2659974.73, relocalize nearest_index 422 -> 422
[WARN] [1783599898.387872558] [waypoint_follower]: far from local route: d=2659974.73, relocalize nearest_index 422 -> 422
[WARN] [1783599898.437878008] [waypoint_follower]: far from local route: d=2659974.73, relocalize nearest_index 422 -> 422
[WARN] [1783599898.487879810] [waypoint_follower]: far from local route: d=2659974.73, relocalize nearest_index 422 -> 422
[WARN] [1783599898.537791121] [waypoint_follower]: far from local route: d=2659974.73, relocalize nearest_index 422 -> 422
[WARN] [1783599898.587828921] [waypoint_follower]: far from local route: d=2659974.73, relocalize nearest_index 422 -> 422
[WARN] [1783599898.637879329] [waypoint_follower]: far from local route: d=2659974.73, relocalize nearest_index 422 -> 422
[WARN] [1783599898.688095745] [waypoint_follower]: far from local route: d=2659974.73, relocalize nearest_index 422 -> 422
[WARN] [1783599898.737849559] [waypoint_follower]: far from local route: d=2659974.73, relocalize nearest_index 422 -> 422
[WARN] [1783599898.788269549] [waypoint_follower]: far from local route: d=2659974.73, relocalize nearest_index 422 -> 422
[WARN] [1783599898.837840044] [waypoint_follower]: far from local route: d=2659974.73, relocalize nearest_index 422 -> 422
[WARN] [1783599898.888082378] [waypoint_follower]: far from local route: d=2659974.73, relocalize nearest_index 422 -> 422
[INFO] [1783599898.889158679] [waypoint_follower]: nearest=422, target=422, dist=2659974.73, alpha=2.89, vx=0.00, yaw_rate=0.45, dir=1
[WARN] [1783599898.937824001] [waypoint_follower]: far from local route: d=2659974.73, relocalize nearest_index 422 -> 422
[WARN] [1783599898.993246376] [waypoint_follower]: far from local route: d=2664462.59, relocalize nearest_index 422 -> 422
[WARN] [1783599899.037881555] [waypoint_follower]: far from local route: d=2664462.59, relocalize nearest_index 422 -> 422
[WARN] [1783599899.088317448] [waypoint_follower]: far from local route: d=2664462.59, relocalize nearest_index 422 -> 422
[WARN] [1783599899.137884199] [waypoint_follower]: far from local route: d=2664462.59, relocalize nearest_index 422 -> 422
[WARN] [1783599899.189570273] [waypoint_follower]: far from local route: d=2664462.59, relocalize nearest_index 422 -> 422
[WARN] [1783599899.240656631] [waypoint_follower]: far from local route: d=2664462.59, relocalize nearest_index 422 -> 422
[WARN] [1783599899.288287154] [waypoint_follower]: far from local route: d=2664462.59, relocalize nearest_index 422 -> 422
[WARN] [1783599899.337909519] [waypoint_follower]: far from local route: d=2664462.59, relocalize nearest_index 422 -> 422
[WARN] [1783599899.388125359] [waypoint_follower]: far from local route: d=2664462.59, relocalize nearest_index 422 -> 422
[WARN] [1783599899.389552650] [waypoint_follower]: stuck recovery: nearest_index 422 -> 422
[WARN] [1783599899.438149688] [waypoint_follower]: far from local route: d=2664462.59, relocalize nearest_index 422 -> 422
[WARN] [1783599899.491545312] [waypoint_follower]: far from local route: d=2664462.59, relocalize nearest_index 422 -> 422
[WARN] [1783599899.538071088] [waypoint_follower]: far from local route: d=2664462.59, relocalize nearest_index 422 -> 422
[WARN] [1783599899.588299695] [waypoint_follower]: far from local route: d=2664462.59, relocalize nearest_index 422 -> 422
[WARN] [1783599899.637913164] [waypoint_follower]: far from local route: d=2664462.59, relocalize nearest_index 422 -> 422
[WARN] [1783599899.687924821] [waypoint_follower]: far from local route: d=2664462.59, relocalize nearest_index 422 -> 422
[WARN] [1783599899.737884706] [waypoint_follower]: far from local route: d=2664462.59, relocalize nearest_index 422 -> 422
[WARN] [1783599899.787848206] [waypoint_follower]: far from local route: d=2664462.59, relocalize nearest_index 422 -> 422
[WARN] [1783599899.837829849] [waypoint_follower]: far from local route: d=2664462.59, relocalize nearest_index 422 -> 422
[WARN] [1783599899.887859618] [waypoint_follower]: far from local route: d=2664462.59, relocalize nearest_index 422 -> 422
[WARN] [1783599899.937921193] [waypoint_follower]: far from local route: d=2664462.59, relocalize nearest_index 422 -> 422
[INFO] [1783599899.939045715] [waypoint_follower]: nearest=422, target=422, dist=2664462.59, alpha=2.98, vx=0.00, yaw_rate=0.45, dir=1
[WARN] [1783599899.987990096] [waypoint_follower]: far from local route: d=2664462.59, relocalize nearest_index 422 -> 422
[WARN] [1783599900.037919997] [waypoint_follower]: far from local route: d=2664462.59, relocalize nearest_index 422 -> 422
[WARN] [1783599900.088244504] [waypoint_follower]: far from local route: d=2671925.15, relocalize nearest_index 422 -> 422
[WARN] [1783599900.137988559] [waypoint_follower]: far from local route: d=2671925.15, relocalize nearest_index 422 -> 422
[WARN] [1783599900.189490417] [waypoint_follower]: far from local route: d=2671925.15, relocalize nearest_index 422 -> 422
[WARN] [1783599900.238371985] [waypoint_follower]: far from local route: d=2671925.15, relocalize nearest_index 422 -> 422
[WARN] [1783599900.288652270] [waypoint_follower]: far from local route: d=2671925.15, relocalize nearest_index 422 -> 422
[WARN] [1783599900.338388932] [waypoint_follower]: far from local route: d=2671925.15, relocalize nearest_index 422 -> 422
[WARN] [1783599900.388983122] [waypoint_follower]: far from local route: d=2671925.15, relocalize nearest_index 422 -> 422
[WARN] [1783599900.437983532] [waypoint_follower]: far from local route: d=2671925.15, relocalize nearest_index 422 -> 422
[WARN] [1783599900.488100561] [waypoint_follower]: far from local route: d=2671925.15, relocalize nearest_index 422 -> 422
[WARN] [1783599900.538085724] [waypoint_follower]: far from local route: d=2671925.15, relocalize nearest_index 422 -> 422
[WARN] [1783599900.587883408] [waypoint_follower]: far from local route: d=2671925.15, relocalize nearest_index 422 -> 422
[WARN] [1783599900.638438847] [waypoint_follower]: far from local route: d=2671925.15, relocalize nearest_index 422 -> 422
[WARN] [1783599900.688355246] [waypoint_follower]: far from local route: d=2671925.15, relocalize nearest_index 422 -> 422
[WARN] [1783599900.737886574] [waypoint_follower]: far from local route: d=2671925.15, relocalize nearest_index 422 -> 422
[WARN] [1783599900.788346850] [waypoint_follower]: far from local route: d=2671925.15, relocalize nearest_index 422 -> 422
[WARN] [1783599900.837990718] [waypoint_follower]: far from local route: d=2671925.15, relocalize nearest_index 422 -> 422
[WARN] [1783599900.887993416] [waypoint_follower]: far from local route: d=2671925.15, relocalize nearest_index 422 -> 422
[WARN] [1783599900.937914166] [waypoint_follower]: far from local route: d=2671925.15, relocalize nearest_index 422 -> 422
[WARN] [1783599900.989897601] [waypoint_follower]: far from local route: d=2681655.32, relocalize nearest_index 422 -> 422
[INFO] [1783599900.991100360] [waypoint_follower]: nearest=422, target=422, dist=2681655.32, alpha=-2.00, vx=0.00, yaw_rate=-0.45, dir=1
[WARN] [1783599901.038034213] [waypoint_follower]: far from local route: d=2681655.32, relocalize nearest_index 422 -> 422
[WARN] [1783599901.090541175] [waypoint_follower]: far from local route: d=2681655.32, relocalize nearest_index 422 -> 422
[WARN] [1783599901.137915167] [waypoint_follower]: far from local route: d=2681655.32, relocalize nearest_index 422 -> 422
[WARN] [1783599901.189640534] [waypoint_follower]: far from local route: d=2681655.32, relocalize nearest_index 422 -> 422
[WARN] [1783599901.237976976] [waypoint_follower]: far from local route: d=2681655.32, relocalize nearest_index 422 -> 422
[WARN] [1783599901.287922685] [waypoint_follower]: far from local route: d=2681655.32, relocalize nearest_index 422 -> 422
[WARN] [1783599901.337940582] [waypoint_follower]: far from local route: d=2681655.32, relocalize nearest_index 422 -> 422
[WARN] [1783599901.387958736] [waypoint_follower]: far from local route: d=2681655.32, relocalize nearest_index 422 -> 422
[WARN] [1783599901.437931643] [waypoint_follower]: far from local route: d=2681655.32, relocalize nearest_index 422 -> 422
[WARN] [1783599901.488066367] [waypoint_follower]: far from local route: d=2681655.32, relocalize nearest_index 422 -> 422
[WARN] [1783599901.537938159] [waypoint_follower]: far from local route: d=2681655.32, relocalize nearest_index 422 -> 422
[WARN] [1783599901.589276314] [waypoint_follower]: far from local route: d=2681655.32, relocalize nearest_index 422 -> 422
[WARN] [1783599901.640203256] [waypoint_follower]: far from local route: d=2681655.32, relocalize nearest_index 422 -> 422
[WARN] [1783599901.687887089] [waypoint_follower]: far from local route: d=2687639.42, relocalize nearest_index 422 -> 422
[WARN] [1783599901.738527964] [waypoint_follower]: far from local route: d=2687639.42, relocalize nearest_index 422 -> 422
[WARN] [1783599901.788144601] [waypoint_follower]: far from local route: d=2687639.42, relocalize nearest_index 422 -> 422
[WARN] [1783599901.838406998] [waypoint_follower]: far from local route: d=2687639.42, relocalize nearest_index 422 -> 422
[WARN] [1783599901.888407297] [waypoint_follower]: far from local route: d=2687639.42, relocalize nearest_index 422 -> 422
[WARN] [1783599901.937939265] [waypoint_follower]: far from local route: d=2687639.42, relocalize nearest_index 422 -> 422
[WARN] [1783599901.987958507] [waypoint_follower]: far from local route: d=2687639.42, relocalize nearest_index 422 -> 422
[WARN] [1783599902.037958997] [waypoint_follower]: far from local route: d=2687639.42, relocalize nearest_index 422 -> 422
[INFO] [1783599902.039068064] [waypoint_follower]: nearest=422, target=422, dist=2687639.42, alpha=-1.44, vx=0.00, yaw_rate=-0.45, dir=1
[WARN] [1783599902.088018140] [waypoint_follower]: far from local route: d=2687639.42, relocalize nearest_index 422 -> 422
[WARN] [1783599902.137987400] [waypoint_follower]: far from local route: d=2687639.42, relocalize nearest_index 422 -> 422
[WARN] [1783599902.190859401] [waypoint_follower]: far from local route: d=2693694.21, relocalize nearest_index 422 -> 422
[WARN] [1783599902.237949246] [waypoint_follower]: far from local route: d=2693694.21, relocalize nearest_index 422 -> 422
[WARN] [1783599902.288327990] [waypoint_follower]: far from local route: d=2693694.21, relocalize nearest_index 422 -> 422
[WARN] [1783599902.338891302] [waypoint_follower]: far from local route: d=2693694.21, relocalize nearest_index 422 -> 422
[WARN] [1783599902.389044393] [waypoint_follower]: far from local route: d=2693694.21, relocalize nearest_index 422 -> 422
[WARN] [1783599902.390290541] [waypoint_follower]: stuck recovery: nearest_index 422 -> 422
[WARN] [1783599902.468262014] [waypoint_follower]: far from local route: d=2693694.21, relocalize nearest_index 422 -> 422
[WARN] [1783599902.488491767] [waypoint_follower]: far from local route: d=2693694.21, relocalize nearest_index 422 -> 422
[WARN] [1783599902.541533136] [waypoint_follower]: far from local route: d=2693694.21, relocalize nearest_index 422 -> 422
[WARN] [1783599902.595052338] [waypoint_follower]: far from local route: d=2693694.21, relocalize nearest_index 422 -> 422
[WARN] [1783599902.638563507] [waypoint_follower]: far from local route: d=2693694.21, relocalize nearest_index 422 -> 422
[WARN] [1783599902.687969113] [waypoint_follower]: far from local route: d=2693694.21, relocalize nearest_index 422 -> 422
[WARN] [1783599902.737940453] [waypoint_follower]: far from local route: d=2693694.21, relocalize nearest_index 422 -> 422
[WARN] [1783599902.788014028] [waypoint_follower]: far from local route: d=2693694.21, relocalize nearest_index 422 -> 422
[WARN] [1783599902.837872413] [waypoint_follower]: far from local route: d=2693694.21, relocalize nearest_index 422 -> 422
[WARN] [1783599902.887954083] [waypoint_follower]: far from local route: d=2693694.21, relocalize nearest_index 422 -> 422
[WARN] [1783599902.937930702] [waypoint_follower]: far from local route: d=2693694.21, relocalize nearest_index 422 -> 422
[WARN] [1783599902.988091537] [waypoint_follower]: far from local route: d=2693694.21, relocalize nearest_index 422 -> 422
[WARN] [1783599903.037864550] [waypoint_follower]: far from local route: d=2693694.21, relocalize nearest_index 422 -> 422
[WARN] [1783599903.087932589] [waypoint_follower]: far from local route: d=2693694.21, relocalize nearest_index 422 -> 422
[INFO] [1783599903.089030136] [waypoint_follower]: nearest=422, target=422, dist=2693694.21, alpha=-1.26, vx=0.00, yaw_rate=-0.45, dir=1
[WARN] [1783599903.137891609] [waypoint_follower]: far from local route: d=2693694.21, relocalize nearest_index 422 -> 422
[WARN] [1783599903.188036764] [waypoint_follower]: far from local route: d=2693694.21, relocalize nearest_index 422 -> 422
[WARN] [1783599903.237769587] [waypoint_follower]: far from local route: d=2702602.52, relocalize nearest_index 422 -> 422
[WARN] [1783599903.287943541] [waypoint_follower]: far from local route: d=2702602.52, relocalize nearest_index 422 -> 422
[WARN] [1783599903.337916737] [waypoint_follower]: far from local route: d=2702602.52, relocalize nearest_index 422 -> 422
[WARN] [1783599903.388405844] [waypoint_follower]: far from local route: d=2702602.52, relocalize nearest_index 422 -> 422
[WARN] [1783599903.438356000] [waypoint_follower]: far from local route: d=2702602.52, relocalize nearest_index 422 -> 422
[WARN] [1783599903.487969085] [waypoint_follower]: far from local route: d=2702602.52, relocalize nearest_index 422 -> 422
[WARN] [1783599903.537847853] [waypoint_follower]: far from local route: d=2702602.52, relocalize nearest_index 422 -> 422
[WARN] [1783599903.587846167] [waypoint_follower]: far from local route: d=2702602.52, relocalize nearest_index 422 -> 422
[WARN] [1783599903.637909439] [waypoint_follower]: far from local route: d=2702602.52, relocalize nearest_index 422 -> 422
[WARN] [1783599903.687994437] [waypoint_follower]: far from local route: d=2702602.52, relocalize nearest_index 422 -> 422
[WARN] [1783599903.737830903] [waypoint_follower]: far from local route: d=2702602.52, relocalize nearest_index 422 -> 422
[WARN] [1783599903.787925852] [waypoint_follower]: far from local route: d=2702602.52, relocalize nearest_index 422 -> 422
[WARN] [1783599903.837784046] [waypoint_follower]: far from local route: d=2702602.52, relocalize nearest_index 422 -> 422
[WARN] [1783599903.887926385] [waypoint_follower]: far from local route: d=2702602.52, relocalize nearest_index 422 -> 422
[WARN] [1783599903.938726645] [waypoint_follower]: far from local route: d=2702602.52, relocalize nearest_index 422 -> 422
[WARN] [1783599903.988235351] [waypoint_follower]: far from local route: d=2702602.52, relocalize nearest_index 422 -> 422
[WARN] [1783599904.038489237] [waypoint_follower]: far from local route: d=2702602.52, relocalize nearest_index 422 -> 422
[WARN] [1783599904.088433250] [waypoint_follower]: far from local route: d=2702602.52, relocalize nearest_index 422 -> 422
[INFO] [1783599904.089903387] [waypoint_follower]: nearest=422, target=422, dist=2702602.52, alpha=-0.87, vx=0.12, yaw_rate=-0.45, dir=1
[WARN] [1783599904.137963906] [waypoint_follower]: far from local route: d=2702602.52, relocalize nearest_index 422 -> 422
[WARN] [1783599904.187885904] [waypoint_follower]: far from local route: d=2702602.52, relocalize nearest_index 422 -> 422
[WARN] [1783599904.237784959] [waypoint_follower]: far from local route: d=2710080.32, relocalize nearest_index 422 -> 422
[WARN] [1783599904.287782698] [waypoint_follower]: far from local route: d=2710080.32, relocalize nearest_index 422 -> 422
[WARN] [1783599904.337924493] [waypoint_follower]: far from local route: d=2710080.32, relocalize nearest_index 422 -> 422
[WARN] [1783599904.387918168] [waypoint_follower]: far from local route: d=2710080.32, relocalize nearest_index 422 -> 422
[WARN] [1783599904.437911714] [waypoint_follower]: far from local route: d=2710080.32, relocalize nearest_index 422 -> 422
[WARN] [1783599904.489180752] [waypoint_follower]: far from local route: d=2710080.32, relocalize nearest_index 422 -> 422
[WARN] [1783599904.537851130] [waypoint_follower]: far from local route: d=2710080.32, relocalize nearest_index 422 -> 422
[WARN] [1783599904.587816709] [waypoint_follower]: far from local route: d=2710080.32, relocalize nearest_index 422 -> 422
[WARN] [1783599904.637905099] [waypoint_follower]: far from local route: d=2713790.82, relocalize nearest_index 422 -> 422
[WARN] [1783599904.689113276] [waypoint_follower]: far from local route: d=2713790.82, relocalize nearest_index 422 -> 422
[WARN] [1783599904.737916959] [waypoint_follower]: far from local route: d=2713790.82, relocalize nearest_index 422 -> 422
[WARN] [1783599904.788145983] [waypoint_follower]: far from local route: d=2713790.82, relocalize nearest_index 422 -> 422
[WARN] [1783599904.838345119] [waypoint_follower]: far from local route: d=2713790.82, relocalize nearest_index 422 -> 422
[WARN] [1783599904.888184593] [waypoint_follower]: far from local route: d=2713790.82, relocalize nearest_index 422 -> 422
[WARN] [1783599904.937981221] [waypoint_follower]: far from local route: d=2713790.82, relocalize nearest_index 422 -> 422
[WARN] [1783599904.988095946] [waypoint_follower]: far from local route: d=2713790.82, relocalize nearest_index 422 -> 422
[WARN] [1783599905.039423253] [waypoint_follower]: far from local route: d=2713790.82, relocalize nearest_index 422 -> 422
[WARN] [1783599905.088952213] [waypoint_follower]: far from local route: d=2713790.82, relocalize nearest_index 422 -> 422
[INFO] [1783599905.091000084] [waypoint_follower]: nearest=422, target=422, dist=2713790.82, alpha=-0.32, vx=0.25, yaw_rate=-0.29, dir=1
[WARN] [1783599905.138676749] [waypoint_follower]: far from local route: d=2713790.82, relocalize nearest_index 422 -> 422
[WARN] [1783599905.189329112] [waypoint_follower]: far from local route: d=2713790.82, relocalize nearest_index 422 -> 422
[WARN] [1783599905.238274613] [waypoint_follower]: far from local route: d=2713790.82, relocalize nearest_index 422 -> 422
[WARN] [1783599905.288076296] [waypoint_follower]: far from local route: d=2713790.71, relocalize nearest_index 422 -> 422
[WARN] [1783599905.337936857] [waypoint_follower]: far from local route: d=2713790.71, relocalize nearest_index 422 -> 422
[WARN] [1783599905.388091132] [waypoint_follower]: far from local route: d=2719838.54, relocalize nearest_index 422 -> 422
[WARN] [1783599905.437868721] [waypoint_follower]: far from local route: d=2719838.54, relocalize nearest_index 422 -> 422
[WARN] [1783599905.439057176] [waypoint_follower]: stuck recovery: nearest_index 422 -> 422
[WARN] [1783599905.487918777] [waypoint_follower]: far from local route: d=2719838.54, relocalize nearest_index 422 -> 422
[WARN] [1783599905.537925187] [waypoint_follower]: far from local route: d=2719838.54, relocalize nearest_index 422 -> 422
[WARN] [1783599905.588475283] [waypoint_follower]: far from local route: d=2719838.54, relocalize nearest_index 422 -> 422
[WARN] [1783599905.637924535] [waypoint_follower]: far from local route: d=2719838.54, relocalize nearest_index 422 -> 422
[WARN] [1783599905.687809191] [waypoint_follower]: far from local route: d=2719838.54, relocalize nearest_index 422 -> 422
[WARN] [1783599905.737921708] [waypoint_follower]: far from local route: d=2719838.54, relocalize nearest_index 422 -> 422
[WARN] [1783599905.787939285] [waypoint_follower]: far from local route: d=2719838.54, relocalize nearest_index 422 -> 422
[WARN] [1783599905.837929472] [waypoint_follower]: far from local route: d=2719838.54, relocalize nearest_index 422 -> 422
[WARN] [1783599905.890052869] [waypoint_follower]: far from local route: d=2719838.54, relocalize nearest_index 422 -> 422
[WARN] [1783599905.938567830] [waypoint_follower]: far from local route: d=2719838.54, relocalize nearest_index 422 -> 422
[WARN] [1783599905.989253695] [waypoint_follower]: far from local route: d=2719838.54, relocalize nearest_index 422 -> 422
[WARN] [1783599906.038509197] [waypoint_follower]: far from local route: d=2719838.54, relocalize nearest_index 422 -> 422
[WARN] [1783599906.088054509] [waypoint_follower]: far from local route: d=2719838.54, relocalize nearest_index 422 -> 422
[INFO] [1783599906.092743949] [waypoint_follower]: nearest=422, target=422, dist=2719838.54, alpha=-0.24, vx=0.25, yaw_rate=-0.21, dir=1
[WARN] [1783599906.138052535] [waypoint_follower]: far from local route: d=2719838.54, relocalize nearest_index 422 -> 422
[WARN] [1783599906.188070529] [waypoint_follower]: far from local route: d=2719838.54, relocalize nearest_index 422 -> 422
[WARN] [1783599906.237891700] [waypoint_follower]: far from local route: d=2719838.54, relocalize nearest_index 422 -> 422
[WARN] [1783599906.287965978] [waypoint_follower]: far from local route: d=2725785.65, relocalize nearest_index 422 -> 422
[WARN] [1783599906.337946821] [waypoint_follower]: far from local route: d=2725785.65, relocalize nearest_index 422 -> 422
[WARN] [1783599906.387935024] [waypoint_follower]: far from local route: d=2725785.65, relocalize nearest_index 422 -> 422
[WARN] [1783599906.443062053] [waypoint_follower]: far from local route: d=2725785.65, relocalize nearest_index 422 -> 422
[WARN] [1783599906.488188472] [waypoint_follower]: far from local route: d=2725785.65, relocalize nearest_index 422 -> 422
[WARN] [1783599906.539118966] [waypoint_follower]: far from local route: d=2725785.65, relocalize nearest_index 422 -> 422
[WARN] [1783599906.588041460] [waypoint_follower]: far from local route: d=2725785.65, relocalize nearest_index 422 -> 422
[WARN] [1783599906.640304786] [waypoint_follower]: far from local route: d=2725785.65, relocalize nearest_index 422 -> 422
[WARN] [1783599906.687814707] [waypoint_follower]: far from local route: d=2725785.65, relocalize nearest_index 422 -> 422
[WARN] [1783599906.737836284] [waypoint_follower]: far from local route: d=2725785.65, relocalize nearest_index 422 -> 422
[WARN] [1783599906.787856326] [waypoint_follower]: far from local route: d=2729506.50, relocalize nearest_index 422 -> 422
[WARN] [1783599906.837865968] [waypoint_follower]: far from local route: d=2729506.50, relocalize nearest_index 422 -> 422
[WARN] [1783599906.887935862] [waypoint_follower]: far from local route: d=2729506.50, relocalize nearest_index 422 -> 422
[WARN] [1783599906.944429610] [waypoint_follower]: far from local route: d=2729506.50, relocalize nearest_index 422 -> 422
[WARN] [1783599907.000545040] [waypoint_follower]: far from local route: d=2729506.50, relocalize nearest_index 422 -> 422
[WARN] [1783599907.038180073] [waypoint_follower]: far from local route: d=2729506.50, relocalize nearest_index 422 -> 422
[WARN] [1783599907.088439559] [waypoint_follower]: far from local route: d=2729506.50, relocalize nearest_index 422 -> 422
[WARN] [1783599907.138480144] [waypoint_follower]: far from local route: d=2729506.50, relocalize nearest_index 422 -> 422
[INFO] [1783599907.144861567] [waypoint_follower]: nearest=422, target=422, dist=2729506.50, alpha=-2.77, vx=0.00, yaw_rate=-0.45, dir=1
[WARN] [1783599907.190020624] [waypoint_follower]: far from local route: d=2729506.50, relocalize nearest_index 422 -> 422
[WARN] [1783599907.238698394] [waypoint_follower]: far from local route: d=2729506.50, relocalize nearest_index 422 -> 422
[WARN] [1783599907.287870731] [waypoint_follower]: far from local route: d=2729506.50, relocalize nearest_index 422 -> 422
[WARN] [1783599907.340608435] [waypoint_follower]: far from local route: d=2733277.60, relocalize nearest_index 422 -> 422
[WARN] [1783599907.387942076] [waypoint_follower]: far from local route: d=2733277.60, relocalize nearest_index 422 -> 422
[WARN] [1783599907.437876202] [waypoint_follower]: far from local route: d=2733277.60, relocalize nearest_index 422 -> 422
[WARN] [1783599907.487873524] [waypoint_follower]: far from local route: d=2733277.60, relocalize nearest_index 422 -> 422
[WARN] [1783599907.537877822] [waypoint_follower]: far from local route: d=2733277.60, relocalize nearest_index 422 -> 422
[WARN] [1783599907.587894504] [waypoint_follower]: far from local route: d=2733277.60, relocalize nearest_index 422 -> 422
[WARN] [1783599907.637832053] [waypoint_follower]: far from local route: d=2733277.60, relocalize nearest_index 422 -> 422
[WARN] [1783599907.687838751] [waypoint_follower]: far from local route: d=2733277.60, relocalize nearest_index 422 -> 422
[WARN] [1783599907.737901158] [waypoint_follower]: far from local route: d=2733277.60, relocalize nearest_index 422 -> 422
[WARN] [1783599907.791544866] [waypoint_follower]: far from local route: d=2734744.03, relocalize nearest_index 422 -> 422
[WARN] [1783599907.838184973] [waypoint_follower]: far from local route: d=2734744.03, relocalize nearest_index 422 -> 422
[WARN] [1783599907.887912964] [waypoint_follower]: far from local route: d=2734744.03, relocalize nearest_index 422 -> 422
[WARN] [1783599907.938006250] [waypoint_follower]: far from local route: d=2734744.03, relocalize nearest_index 422 -> 422
[WARN] [1783599907.988763920] [waypoint_follower]: far from local route: d=2734744.03, relocalize nearest_index 422 -> 422
[WARN] [1783599908.037883076] [waypoint_follower]: far from local route: d=2734744.03, relocalize nearest_index 422 -> 422
[WARN] [1783599908.088164097] [waypoint_follower]: far from local route: d=2734744.03, relocalize nearest_index 422 -> 422
[WARN] [1783599908.152052084] [waypoint_follower]: far from local route: d=2734744.03, relocalize nearest_index 422 -> 422
[INFO] [1783599908.153390612] [waypoint_follower]: nearest=422, target=422, dist=2734744.03, alpha=-2.77, vx=0.00, yaw_rate=-0.45, dir=1
[WARN] [1783599908.194154455] [waypoint_follower]: far from local route: d=2734744.03, relocalize nearest_index 422 -> 422
[WARN] [1783599908.240073029] [waypoint_follower]: far from local route: d=2734744.03, relocalize nearest_index 422 -> 422
[WARN] [1783599908.288761645] [waypoint_follower]: far from local route: d=2734744.03, relocalize nearest_index 422 -> 422
[WARN] [1783599908.340488133] [waypoint_follower]: far from local route: d=2734744.03, relocalize nearest_index 422 -> 422
[WARN] [1783599908.388626792] [waypoint_follower]: far from local route: d=2734744.03, relocalize nearest_index 422 -> 422
[WARN] [1783599908.438259300] [waypoint_follower]: far from local route: d=2739303.55, relocalize nearest_index 422 -> 422
[WARN] [1783599908.439484650] [waypoint_follower]: stuck recovery: nearest_index 422 -> 422
[WARN] [1783599908.488341866] [waypoint_follower]: far from local route: d=2739303.55, relocalize nearest_index 422 -> 422
[WARN] [1783599908.537976102] [waypoint_follower]: far from local route: d=2739303.55, relocalize nearest_index 422 -> 422
[WARN] [1783599908.591770107] [waypoint_follower]: far from local route: d=2739303.55, relocalize nearest_index 422 -> 422
[WARN] [1783599908.638247726] [waypoint_follower]: far from local route: d=2739303.55, relocalize nearest_index 422 -> 422
[WARN] [1783599908.688130269] [waypoint_follower]: far from local route: d=2739303.55, relocalize nearest_index 422 -> 422
[WARN] [1783599908.738078634] [waypoint_follower]: far from local route: d=2739303.55, relocalize nearest_index 422 -> 422
[WARN] [1783599908.787993624] [waypoint_follower]: far from local route: d=2739303.55, relocalize nearest_index 422 -> 422
[WARN] [1783599908.838822139] [waypoint_follower]: far from local route: d=2739303.55, relocalize nearest_index 422 -> 422
[WARN] [1783599908.888132006] [waypoint_follower]: far from local route: d=2739303.55, relocalize nearest_index 422 -> 422
[WARN] [1783599908.937853566] [waypoint_follower]: far from local route: d=2739303.55, relocalize nearest_index 422 -> 422
[WARN] [1783599908.987870183] [waypoint_follower]: far from local route: d=2739303.55, relocalize nearest_index 422 -> 422
[WARN] [1783599909.037882673] [waypoint_follower]: far from local route: d=2739303.55, relocalize nearest_index 422 -> 422
[WARN] [1783599909.087920377] [waypoint_follower]: far from local route: d=2739303.55, relocalize nearest_index 422 -> 422
[WARN] [1783599909.137856711] [waypoint_follower]: far from local route: d=2739303.55, relocalize nearest_index 422 -> 422
[WARN] [1783599909.187857073] [waypoint_follower]: far from local route: d=2739303.55, relocalize nearest_index 422 -> 422
[INFO] [1783599909.190587598] [waypoint_follower]: nearest=422, target=422, dist=2739303.55, alpha=-2.67, vx=0.00, yaw_rate=-0.45, dir=1
[WARN] [1783599909.238739601] [waypoint_follower]: far from local route: d=2739303.55, relocalize nearest_index 422 -> 422
[WARN] [1783599909.287844294] [waypoint_follower]: far from local route: d=2739303.55, relocalize nearest_index 422 -> 422
[WARN] [1783599909.337899886] [waypoint_follower]: far from local route: d=2745282.37, relocalize nearest_index 422 -> 422
[WARN] [1783599909.388694226] [waypoint_follower]: far from local route: d=2745282.37, relocalize nearest_index 422 -> 422
[WARN] [1783599909.438219795] [waypoint_follower]: far from local route: d=2745282.37, relocalize nearest_index 422 -> 422
[WARN] [1783599909.488416244] [waypoint_follower]: far from local route: d=2745282.37, relocalize nearest_index 422 -> 422
[WARN] [1783599909.538523449] [waypoint_follower]: far from local route: d=2745282.37, relocalize nearest_index 422 -> 422
[WARN] [1783599909.587846979] [waypoint_follower]: far from local route: d=2745282.37, relocalize nearest_index 422 -> 422
[WARN] [1783599909.637828910] [waypoint_follower]: far from local route: d=2745282.37, relocalize nearest_index 422 -> 422
[WARN] [1783599909.688029039] [waypoint_follower]: far from local route: d=2745282.37, relocalize nearest_index 422 -> 422
[WARN] [1783599909.737835746] [waypoint_follower]: far from local route: d=2745282.37, relocalize nearest_index 422 -> 422
[WARN] [1783599909.787987941] [waypoint_follower]: far from local route: d=2745282.37, relocalize nearest_index 422 -> 422
[WARN] [1783599909.837907220] [waypoint_follower]: far from local route: d=2745282.37, relocalize nearest_index 422 -> 422
[WARN] [1783599909.888975051] [waypoint_follower]: far from local route: d=2745282.37, relocalize nearest_index 422 -> 422
[WARN] [1783599909.937877833] [waypoint_follower]: far from local route: d=2745282.37, relocalize nearest_index 422 -> 422
[WARN] [1783599909.987920402] [waypoint_follower]: far from local route: d=2745282.37, relocalize nearest_index 422 -> 422
[WARN] [1783599910.037884478] [waypoint_follower]: far from local route: d=2751331.17, relocalize nearest_index 422 -> 422
[WARN] [1783599910.087852425] [waypoint_follower]: far from local route: d=2751331.17, relocalize nearest_index 422 -> 422
[WARN] [1783599910.137807126] [waypoint_follower]: far from local route: d=2751331.17, relocalize nearest_index 422 -> 422
[WARN] [1783599910.187924762] [waypoint_follower]: far from local route: d=2751331.17, relocalize nearest_index 422 -> 422
[INFO] [1783599910.189320408] [waypoint_follower]: nearest=422, target=422, dist=2751331.17, alpha=-2.17, vx=0.00, yaw_rate=-0.45, dir=1
[WARN] [1783599910.237880583] [waypoint_follower]: far from local route: d=2751331.17, relocalize nearest_index 422 -> 422
[WARN] [1783599910.288014026] [waypoint_follower]: far from local route: d=2751331.17, relocalize nearest_index 422 -> 422
[WARN] [1783599910.337815678] [waypoint_follower]: far from local route: d=2751331.17, relocalize nearest_index 422 -> 422
[WARN] [1783599910.387860710] [waypoint_follower]: far from local route: d=2751331.17, relocalize nearest_index 422 -> 422
[WARN] [1783599910.437814035] [waypoint_follower]: far from local route: d=2751331.17, relocalize nearest_index 422 -> 422
[WARN] [1783599910.487926744] [waypoint_follower]: far from local route: d=2751331.17, relocalize nearest_index 422 -> 422
[WARN] [1783599910.539444985] [waypoint_follower]: far from local route: d=2751331.17, relocalize nearest_index 422 -> 422
[WARN] [1783599910.589905997] [waypoint_follower]: far from local route: d=2751331.17, relocalize nearest_index 422 -> 422
[WARN] [1783599910.638054480] [waypoint_follower]: far from local route: d=2751331.17, relocalize nearest_index 422 -> 422
[WARN] [1783599910.687901634] [waypoint_follower]: far from local route: d=2751331.17, relocalize nearest_index 422 -> 422
[WARN] [1783599910.737861102] [waypoint_follower]: far from local route: d=2755819.90, relocalize nearest_index 422 -> 422
[WARN] [1783599910.788126763] [waypoint_follower]: far from local route: d=2755819.90, relocalize nearest_index 422 -> 422
[WARN] [1783599910.837912992] [waypoint_follower]: far from local route: d=2755819.90, relocalize nearest_index 422 -> 422
[WARN] [1783599910.888819455] [waypoint_follower]: far from local route: d=2755819.90, relocalize nearest_index 422 -> 422
[WARN] [1783599910.938278371] [waypoint_follower]: far from local route: d=2755819.90, relocalize nearest_index 422 -> 422
[WARN] [1783599910.988822675] [waypoint_follower]: far from local route: d=2755819.90, relocalize nearest_index 422 -> 422
[WARN] [1783599911.038455343] [waypoint_follower]: far from local route: d=2755819.90, relocalize nearest_index 422 -> 422
[WARN] [1783599911.087874229] [waypoint_follower]: far from local route: d=2755819.90, relocalize nearest_index 422 -> 422
[WARN] [1783599911.137900670] [waypoint_follower]: far from local route: d=2755819.90, relocalize nearest_index 422 -> 422
[WARN] [1783599911.187813740] [waypoint_follower]: far from local route: d=2755819.90, relocalize nearest_index 422 -> 422
[WARN] [1783599911.237855220] [waypoint_follower]: far from local route: d=2755819.90, relocalize nearest_index 422 -> 422
[INFO] [1783599911.238926657] [waypoint_follower]: nearest=422, target=422, dist=2755819.90, alpha=-1.77, vx=0.00, yaw_rate=-0.45, dir=1
[WARN] [1783599911.287904092] [waypoint_follower]: far from local route: d=2755819.90, relocalize nearest_index 422 -> 422
[WARN] [1783599911.337912006] [waypoint_follower]: far from local route: d=2755819.90, relocalize nearest_index 422 -> 422
[WARN] [1783599911.388207714] [waypoint_follower]: far from local route: d=2755819.90, relocalize nearest_index 422 -> 422
[WARN] [1783599911.437934202] [waypoint_follower]: far from local route: d=2755819.90, relocalize nearest_index 422 -> 422
[WARN] [1783599911.487894214] [waypoint_follower]: far from local route: d=2755819.90, relocalize nearest_index 422 -> 422
[WARN] [1783599911.489064238] [waypoint_follower]: stuck recovery: nearest_index 422 -> 422
[WARN] [1783599911.537932750] [waypoint_follower]: far from local route: d=2755819.90, relocalize nearest_index 422 -> 422
[WARN] [1783599911.588398466] [waypoint_follower]: far from local route: d=2755819.90, relocalize nearest_index 422 -> 422
[WARN] [1783599911.637892997] [waypoint_follower]: far from local route: d=2755819.90, relocalize nearest_index 422 -> 422
[WARN] [1783599911.688088261] [waypoint_follower]: far from local route: d=2762547.04, relocalize nearest_index 422 -> 422
[WARN] [1783599911.740636790] [waypoint_follower]: far from local route: d=2762547.04, relocalize nearest_index 422 -> 422
[WARN] [1783599911.788056635] [waypoint_follower]: far from local route: d=2762547.04, relocalize nearest_index 422 -> 422
[WARN] [1783599911.838067493] [waypoint_follower]: far from local route: d=2762547.04, relocalize nearest_index 422 -> 422
[WARN] [1783599911.888035697] [waypoint_follower]: far from local route: d=2762547.04, relocalize nearest_index 422 -> 422
[WARN] [1783599911.938084409] [waypoint_follower]: far from local route: d=2762547.04, relocalize nearest_index 422 -> 422
[WARN] [1783599911.988061060] [waypoint_follower]: far from local route: d=2762547.04, relocalize nearest_index 422 -> 422
[WARN] [1783599912.038048943] [waypoint_follower]: far from local route: d=2762547.04, relocalize nearest_index 422 -> 422
[WARN] [1783599912.088415816] [waypoint_follower]: far from local route: d=2762547.04, relocalize nearest_index 422 -> 422
[WARN] [1783599912.138161854] [waypoint_follower]: far from local route: d=2762547.04, relocalize nearest_index 422 -> 422
[WARN] [1783599912.188652721] [waypoint_follower]: far from local route: d=2762547.04, relocalize nearest_index 422 -> 422
[WARN] [1783599912.238121268] [waypoint_follower]: far from local route: d=2762547.04, relocalize nearest_index 422 -> 422
[INFO] [1783599912.239314491] [waypoint_follower]: nearest=422, target=422, dist=2762547.04, alpha=-1.09, vx=0.00, yaw_rate=-0.45, dir=1
[WARN] [1783599912.288372307] [waypoint_follower]: far from local route: d=2762547.04, relocalize nearest_index 422 -> 422
[WARN] [1783599912.337936370] [waypoint_follower]: far from local route: d=2762547.04, relocalize nearest_index 422 -> 422
[WARN] [1783599912.387983290] [waypoint_follower]: far from local route: d=2762547.04, relocalize nearest_index 422 -> 422
[WARN] [1783599912.437934246] [waypoint_follower]: far from local route: d=2762547.04, relocalize nearest_index 422 -> 422
[WARN] [1783599912.488085705] [waypoint_follower]: far from local route: d=2762547.04, relocalize nearest_index 422 -> 422
[WARN] [1783599912.538024598] [waypoint_follower]: far from local route: d=2762547.04, relocalize nearest_index 422 -> 422
[WARN] [1783599912.593645972] [waypoint_follower]: far from local route: d=2762547.04, relocalize nearest_index 422 -> 422
[WARN] [1783599912.639907537] [waypoint_follower]: far from local route: d=2767912.17, relocalize nearest_index 422 -> 422
[WARN] [1783599912.687975575] [waypoint_follower]: far from local route: d=2767912.17, relocalize nearest_index 422 -> 422
[WARN] [1783599912.738959411] [waypoint_follower]: far from local route: d=2767912.17, relocalize nearest_index 422 -> 422
[WARN] [1783599912.788641036] [waypoint_follower]: far from local route: d=2767912.17, relocalize nearest_index 422 -> 422
[WARN] [1783599912.838655830] [waypoint_follower]: far from local route: d=2767912.17, relocalize nearest_index 422 -> 422
[WARN] [1783599912.888814328] [waypoint_follower]: far from local route: d=2767912.17, relocalize nearest_index 422 -> 422
[WARN] [1783599912.938408086] [waypoint_follower]: far from local route: d=2767912.17, relocalize nearest_index 422 -> 422
[WARN] [1783599912.988000500] [waypoint_follower]: far from local route: d=2775374.11, relocalize nearest_index 422 -> 422
[WARN] [1783599913.039856005] [waypoint_follower]: far from local route: d=2775374.11, relocalize nearest_index 422 -> 422
[WARN] [1783599913.088585868] [waypoint_follower]: far from local route: d=2775374.11, relocalize nearest_index 422 -> 422
[WARN] [1783599913.138538521] [waypoint_follower]: far from local route: d=2775374.11, relocalize nearest_index 422 -> 422
[WARN] [1783599913.192471783] [waypoint_follower]: far from local route: d=2775374.11, relocalize nearest_index 422 -> 422
[WARN] [1783599913.240255099] [waypoint_follower]: far from local route: d=2775374.11, relocalize nearest_index 422 -> 422
[INFO] [1783599913.242332568] [waypoint_follower]: nearest=422, target=422, dist=2775374.11, alpha=-0.32, vx=0.25, yaw_rate=-0.29, dir=1
[WARN] [1783599913.288557494] [waypoint_follower]: far from local route: d=2777639.17, relocalize nearest_index 422 -> 422
[WARN] [1783599913.337918399] [waypoint_follower]: far from local route: d=2777639.17, relocalize nearest_index 422 -> 422
[WARN] [1783599913.387865068] [waypoint_follower]: far from local route: d=2777639.17, relocalize nearest_index 422 -> 422
[WARN] [1783599913.437843863] [waypoint_follower]: far from local route: d=2777639.17, relocalize nearest_index 422 -> 422
[WARN] [1783599913.488335530] [waypoint_follower]: far from local route: d=2777637.87, relocalize nearest_index 422 -> 422
[WARN] [1783599913.537897417] [waypoint_follower]: far from local route: d=2777637.87, relocalize nearest_index 422 -> 422
[WARN] [1783599913.589444873] [waypoint_follower]: far from local route: d=2777637.87, relocalize nearest_index 422 -> 422
[WARN] [1783599913.637871263] [waypoint_follower]: far from local route: d=2777637.87, relocalize nearest_index 422 -> 422
[WARN] [1783599913.688108606] [waypoint_follower]: far from local route: d=2777637.87, relocalize nearest_index 422 -> 422
[WARN] [1783599913.737918545] [waypoint_follower]: far from local route: d=2777637.87, relocalize nearest_index 422 -> 422
[WARN] [1783599913.787864030] [waypoint_follower]: far from local route: d=2777637.87, relocalize nearest_index 422 -> 422
[WARN] [1783599913.838418126] [waypoint_follower]: far from local route: d=2777637.87, relocalize nearest_index 422 -> 422
[WARN] [1783599913.888728393] [waypoint_follower]: far from local route: d=2777637.87, relocalize nearest_index 422 -> 422
[WARN] [1783599913.938894411] [waypoint_follower]: far from local route: d=2782183.47, relocalize nearest_index 422 -> 422
[WARN] [1783599913.988311153] [waypoint_follower]: far from local route: d=2782183.47, relocalize nearest_index 422 -> 422
[WARN] [1783599914.039077303] [waypoint_follower]: far from local route: d=2782183.47, relocalize nearest_index 422 -> 422
[WARN] [1783599914.088625815] [waypoint_follower]: far from local route: d=2782183.47, relocalize nearest_index 422 -> 422
[WARN] [1783599914.138555429] [waypoint_follower]: far from local route: d=2782183.47, relocalize nearest_index 422 -> 422
[WARN] [1783599914.188107780] [waypoint_follower]: far from local route: d=2782183.47, relocalize nearest_index 422 -> 422
[WARN] [1783599914.238960870] [waypoint_follower]: far from local route: d=2782183.47, relocalize nearest_index 422 -> 422
[WARN] [1783599914.287944288] [waypoint_follower]: far from local route: d=2782183.47, relocalize nearest_index 422 -> 422
[INFO] [1783599914.288987599] [waypoint_follower]: nearest=422, target=422, dist=2782183.47, alpha=-0.13, vx=0.25, yaw_rate=-0.11, dir=1
[WARN] [1783599914.337813425] [waypoint_follower]: far from local route: d=2782183.47, relocalize nearest_index 422 -> 422
[WARN] [1783599914.387913910] [waypoint_follower]: far from local route: d=2782183.47, relocalize nearest_index 422 -> 422
[WARN] [1783599914.437812645] [waypoint_follower]: far from local route: d=2782183.47, relocalize nearest_index 422 -> 422
[WARN] [1783599914.488790241] [waypoint_follower]: far from local route: d=2782183.47, relocalize nearest_index 422 -> 422
[WARN] [1783599914.489996871] [waypoint_follower]: stuck recovery: nearest_index 422 -> 422
[WARN] [1783599914.538896390] [waypoint_follower]: far from local route: d=2782183.47, relocalize nearest_index 422 -> 422
[WARN] [1783599914.588069656] [waypoint_follower]: far from local route: d=2782183.47, relocalize nearest_index 422 -> 422
[WARN] [1783599914.637839181] [waypoint_follower]: far from local route: d=2782183.47, relocalize nearest_index 422 -> 422
[WARN] [1783599914.687793273] [waypoint_follower]: far from local route: d=2782183.47, relocalize nearest_index 422 -> 422
[WARN] [1783599914.743635340] [waypoint_follower]: far from local route: d=2788938.37, relocalize nearest_index 422 -> 422
[WARN] [1783599914.787945447] [waypoint_follower]: far from local route: d=2788938.37, relocalize nearest_index 422 -> 422
[WARN] [1783599914.837939057] [waypoint_follower]: far from local route: d=2788938.37, relocalize nearest_index 422 -> 422
[WARN] [1783599914.888290539] [waypoint_follower]: far from local route: d=2788938.37, relocalize nearest_index 422 -> 422
[WARN] [1783599914.938190266] [waypoint_follower]: far from local route: d=2788938.37, relocalize nearest_index 422 -> 422
[WARN] [1783599914.994486583] [waypoint_follower]: far from local route: d=2788938.37, relocalize nearest_index 422 -> 422
[WARN] [1783599915.037908956] [waypoint_follower]: far from local route: d=2788938.37, relocalize nearest_index 422 -> 422
[WARN] [1783599915.087947876] [waypoint_follower]: far from local route: d=2788938.37, relocalize nearest_index 422 -> 422
[WARN] [1783599915.138485588] [waypoint_follower]: far from local route: d=2788938.37, relocalize nearest_index 422 -> 422
[WARN] [1783599915.188279593] [waypoint_follower]: far from local route: d=2788938.37, relocalize nearest_index 422 -> 422
[WARN] [1783599915.238582020] [waypoint_follower]: far from local route: d=2788938.37, relocalize nearest_index 422 -> 422
[WARN] [1783599915.288861601] [waypoint_follower]: far from local route: d=2788938.37, relocalize nearest_index 422 -> 422
[INFO] [1783599915.290587759] [waypoint_follower]: nearest=422, target=422, dist=2788938.37, alpha=-1.98, vx=0.00, yaw_rate=-0.45, dir=1
[WARN] [1783599915.338441856] [waypoint_follower]: far from local route: d=2788938.37, relocalize nearest_index 422 -> 422
[WARN] [1783599915.388566788] [waypoint_follower]: far from local route: d=2788938.37, relocalize nearest_index 422 -> 422
[WARN] [1783599915.438588973] [waypoint_follower]: far from local route: d=2788938.37, relocalize nearest_index 422 -> 422
[WARN] [1783599915.490863050] [waypoint_follower]: far from local route: d=2788938.37, relocalize nearest_index 422 -> 422
[WARN] [1783599915.537869476] [waypoint_follower]: far from local route: d=2788938.37, relocalize nearest_index 422 -> 422
[WARN] [1783599915.588038726] [waypoint_follower]: far from local route: d=2788938.37, relocalize nearest_index 422 -> 422
[WARN] [1783599915.637654051] [waypoint_follower]: far from local route: d=2795026.56, relocalize nearest_index 422 -> 422
[WARN] [1783599915.687980381] [waypoint_follower]: far from local route: d=2795026.56, relocalize nearest_index 422 -> 422
[WARN] [1783599915.737892268] [waypoint_follower]: far from local route: d=2795026.56, relocalize nearest_index 422 -> 422
[WARN] [1783599915.788025967] [waypoint_follower]: far from local route: d=2795026.56, relocalize nearest_index 422 -> 422
[WARN] [1783599915.837942878] [waypoint_follower]: far from local route: d=2795026.56, relocalize nearest_index 422 -> 422
[WARN] [1783599915.890496494] [waypoint_follower]: far from local route: d=2795027.86, relocalize nearest_index 422 -> 422
[WARN] [1783599915.938551317] [waypoint_follower]: far from local route: d=2795027.86, relocalize nearest_index 422 -> 422
[WARN] [1783599915.989307899] [waypoint_follower]: far from local route: d=2795027.86, relocalize nearest_index 422 -> 422
[WARN] [1783599916.038453198] [waypoint_follower]: far from local route: d=2795027.86, relocalize nearest_index 422 -> 422
[WARN] [1783599916.088854053] [waypoint_follower]: far from local route: d=2795027.86, relocalize nearest_index 422 -> 422
[WARN] [1783599916.138016312] [waypoint_follower]: far from local route: d=2795027.86, relocalize nearest_index 422 -> 422
[WARN] [1783599916.187829131] [waypoint_follower]: far from local route: d=2795027.86, relocalize nearest_index 422 -> 422
[WARN] [1783599916.237623359] [waypoint_follower]: far from local route: d=2795027.86, relocalize nearest_index 422 -> 422
[WARN] [1783599916.287857598] [waypoint_follower]: far from local route: d=2795027.86, relocalize nearest_index 422 -> 422
[WARN] [1783599916.337962531] [waypoint_follower]: far from local route: d=2795027.86, relocalize nearest_index 422 -> 422
[INFO] [1783599916.339035568] [waypoint_follower]: nearest=422, target=422, dist=2795027.86, alpha=-2.75, vx=0.00, yaw_rate=-0.45, dir=1
[WARN] [1783599916.388100743] [waypoint_follower]: far from local route: d=2795027.86, relocalize nearest_index 422 -> 422
[WARN] [1783599916.437807839] [waypoint_follower]: far from local route: d=2795027.86, relocalize nearest_index 422 -> 422
[WARN] [1783599916.489504216] [waypoint_follower]: far from local route: d=2795027.86, relocalize nearest_index 422 -> 422
[WARN] [1783599916.537779957] [waypoint_follower]: far from local route: d=2795027.86, relocalize nearest_index 422 -> 422
[WARN] [1783599916.588048338] [waypoint_follower]: far from local route: d=2795027.86, relocalize nearest_index 422 -> 422
[WARN] [1783599916.637750347] [waypoint_follower]: far from local route: d=2795027.86, relocalize nearest_index 422 -> 422
[WARN] [1783599916.687929356] [waypoint_follower]: far from local route: d=2803283.66, relocalize nearest_index 422 -> 422
[WARN] [1783599916.737934454] [waypoint_follower]: far from local route: d=2803283.66, relocalize nearest_index 422 -> 422
[WARN] [1783599916.788641919] [waypoint_follower]: far from local route: d=2803283.66, relocalize nearest_index 422 -> 422
[WARN] [1783599916.837894413] [waypoint_follower]: far from local route: d=2803283.66, relocalize nearest_index 422 -> 422
[WARN] [1783599916.887811483] [waypoint_follower]: far from local route: d=2804859.61, relocalize nearest_index 422 -> 422
[WARN] [1783599916.938764184] [waypoint_follower]: far from local route: d=2804859.61, relocalize nearest_index 422 -> 422
[WARN] [1783599916.988388372] [waypoint_follower]: far from local route: d=2804859.61, relocalize nearest_index 422 -> 422
[WARN] [1783599917.038472826] [waypoint_follower]: far from local route: d=2804859.61, relocalize nearest_index 422 -> 422
[WARN] [1783599917.091339579] [waypoint_follower]: far from local route: d=2804859.61, relocalize nearest_index 422 -> 422
[WARN] [1783599917.138052035] [waypoint_follower]: far from local route: d=2804859.61, relocalize nearest_index 422 -> 422
[WARN] [1783599917.188387133] [waypoint_follower]: far from local route: d=2804859.61, relocalize nearest_index 422 -> 422
[WARN] [1783599917.238127187] [waypoint_follower]: far from local route: d=2804859.61, relocalize nearest_index 422 -> 422
[WARN] [1783599917.288457294] [waypoint_follower]: far from local route: d=2804859.61, relocalize nearest_index 422 -> 422
[WARN] [1783599917.338421274] [waypoint_follower]: far from local route: d=2804859.61, relocalize nearest_index 422 -> 422
[INFO] [1783599917.344370749] [waypoint_follower]: nearest=422, target=422, dist=2804859.61, alpha=-2.45, vx=0.00, yaw_rate=-0.45, dir=1
[WARN] [1783599917.398278477] [waypoint_follower]: far from local route: d=2805562.24, relocalize nearest_index 422 -> 422
[WARN] [1783599917.446135998] [waypoint_follower]: far from local route: d=2805562.24, relocalize nearest_index 422 -> 422
[WARN] [1783599917.488067849] [waypoint_follower]: far from local route: d=2805562.24, relocalize nearest_index 422 -> 422
[WARN] [1783599917.538771314] [waypoint_follower]: far from local route: d=2805562.24, relocalize nearest_index 422 -> 422
[WARN] [1783599917.540549085] [waypoint_follower]: stuck recovery: nearest_index 422 -> 422
[WARN] [1783599917.588175673] [waypoint_follower]: far from local route: d=2805562.24, relocalize nearest_index 422 -> 422
[WARN] [1783599917.637789781] [waypoint_follower]: far from local route: d=2807757.43, relocalize nearest_index 422 -> 422
[WARN] [1783599917.687940280] [waypoint_follower]: far from local route: d=2807757.43, relocalize nearest_index 422 -> 422
[WARN] [1783599917.737905892] [waypoint_follower]: far from local route: d=2807757.43, relocalize nearest_index 422 -> 422
[WARN] [1783599917.788007658] [waypoint_follower]: far from local route: d=2807757.43, relocalize nearest_index 422 -> 422
[WARN] [1783599917.837800766] [waypoint_follower]: far from local route: d=2807757.43, relocalize nearest_index 422 -> 422
[WARN] [1783599917.887941633] [waypoint_follower]: far from local route: d=2808584.03, relocalize nearest_index 422 -> 422
[WARN] [1783599917.937857680] [waypoint_follower]: far from local route: d=2808584.03, relocalize nearest_index 422 -> 422
[WARN] [1783599917.987910935] [waypoint_follower]: far from local route: d=2808584.03, relocalize nearest_index 422 -> 422
[WARN] [1783599918.037932224] [waypoint_follower]: far from local route: d=2810844.62, relocalize nearest_index 422 -> 422
[WARN] [1783599918.088615370] [waypoint_follower]: far from local route: d=2810844.62, relocalize nearest_index 422 -> 422
[WARN] [1783599918.138278500] [waypoint_follower]: far from local route: d=2810844.62, relocalize nearest_index 422 -> 422
[WARN] [1783599918.188223633] [waypoint_follower]: far from local route: d=2810844.62, relocalize nearest_index 422 -> 422
[WARN] [1783599918.239379236] [waypoint_follower]: far from local route: d=2810844.62, relocalize nearest_index 422 -> 422
[WARN] [1783599918.289179160] [waypoint_follower]: far from local route: d=2810844.62, relocalize nearest_index 422 -> 422
[WARN] [1783599918.339514450] [waypoint_follower]: far from local route: d=2810844.62, relocalize nearest_index 422 -> 422
[WARN] [1783599918.390834141] [waypoint_follower]: far from local route: d=2810844.62, relocalize nearest_index 422 -> 422
[INFO] [1783599918.393974695] [waypoint_follower]: nearest=422, target=422, dist=2810844.62, alpha=-2.21, vx=0.00, yaw_rate=-0.45, dir=1
[WARN] [1783599918.439092443] [waypoint_follower]: far from local route: d=2810844.62, relocalize nearest_index 422 -> 422
[WARN] [1783599918.488011513] [waypoint_follower]: far from local route: d=2813869.78, relocalize nearest_index 422 -> 422
[WARN] [1783599918.538080576] [waypoint_follower]: far from local route: d=2813869.78, relocalize nearest_index 422 -> 422
[WARN] [1783599918.588674350] [waypoint_follower]: far from local route: d=2813869.78, relocalize nearest_index 422 -> 422
[WARN] [1783599918.638059637] [waypoint_follower]: far from local route: d=2813869.78, relocalize nearest_index 422 -> 422
[WARN] [1783599918.688026817] [waypoint_follower]: far from local route: d=2813869.78, relocalize nearest_index 422 -> 422
[WARN] [1783599918.738664461] [waypoint_follower]: far from local route: d=2813869.78, relocalize nearest_index 422 -> 422
[WARN] [1783599918.788099570] [waypoint_follower]: far from local route: d=2813869.78, relocalize nearest_index 422 -> 422
[WARN] [1783599918.837925156] [waypoint_follower]: far from local route: d=2813869.78, relocalize nearest_index 422 -> 422
[WARN] [1783599918.887977420] [waypoint_follower]: far from local route: d=2813869.78, relocalize nearest_index 422 -> 422
[WARN] [1783599918.937971511] [waypoint_follower]: far from local route: d=2813869.78, relocalize nearest_index 422 -> 422
[WARN] [1783599918.987857382] [waypoint_follower]: far from local route: d=2813869.78, relocalize nearest_index 422 -> 422
[WARN] [1783599919.037883279] [waypoint_follower]: far from local route: d=2813869.78, relocalize nearest_index 422 -> 422
[WARN] [1783599919.087966326] [waypoint_follower]: far from local route: d=2815398.25, relocalize nearest_index 422 -> 422
[WARN] [1783599919.137904867] [waypoint_follower]: far from local route: d=2815398.25, relocalize nearest_index 422 -> 422
[WARN] [1783599919.188231773] [waypoint_follower]: far from local route: d=2815398.25, relocalize nearest_index 422 -> 422
[WARN] [1783599919.238288389] [waypoint_follower]: far from local route: d=2815398.25, relocalize nearest_index 422 -> 422
[WARN] [1783599919.289779464] [waypoint_follower]: far from local route: d=2815398.25, relocalize nearest_index 422 -> 422
[WARN] [1783599919.337951274] [waypoint_follower]: far from local route: d=2815398.25, relocalize nearest_index 422 -> 422
[WARN] [1783599919.389212887] [waypoint_follower]: far from local route: d=2815398.25, relocalize nearest_index 422 -> 422
[WARN] [1783599919.438292622] [waypoint_follower]: far from local route: d=2815398.25, relocalize nearest_index 422 -> 422
[INFO] [1783599919.442156693] [waypoint_follower]: nearest=422, target=422, dist=2815398.25, alpha=-1.96, vx=0.00, yaw_rate=-0.45, dir=1
[WARN] [1783599919.488233851] [waypoint_follower]: far from local route: d=2815398.25, relocalize nearest_index 422 -> 422
[WARN] [1783599919.537930003] [waypoint_follower]: far from local route: d=2815398.25, relocalize nearest_index 422 -> 422
[WARN] [1783599919.587975484] [waypoint_follower]: far from local route: d=2815398.25, relocalize nearest_index 422 -> 422
[WARN] [1783599919.638018148] [waypoint_follower]: far from local route: d=2815398.25, relocalize nearest_index 422 -> 422
[WARN] [1783599919.688044653] [waypoint_follower]: far from local route: d=2815398.25, relocalize nearest_index 422 -> 422
[WARN] [1783599919.738024120] [waypoint_follower]: far from local route: d=2819923.70, relocalize nearest_index 422 -> 422
[WARN] [1783599919.788219321] [waypoint_follower]: far from local route: d=2819923.70, relocalize nearest_index 422 -> 422
[WARN] [1783599919.838333246] [waypoint_follower]: far from local route: d=2819923.70, relocalize nearest_index 422 -> 422
[WARN] [1783599919.888380838] [waypoint_follower]: far from local route: d=2819923.70, relocalize nearest_index 422 -> 422
[WARN] [1783599919.942194874] [waypoint_follower]: far from local route: d=2819923.70, relocalize nearest_index 422 -> 422
[WARN] [1783599919.988676076] [waypoint_follower]: far from local route: d=2819923.70, relocalize nearest_index 422 -> 422
[WARN] [1783599920.038257098] [waypoint_follower]: far from local route: d=2819923.70, relocalize nearest_index 422 -> 422
[WARN] [1783599920.088389838] [waypoint_follower]: far from local route: d=2819923.70, relocalize nearest_index 422 -> 422
[WARN] [1783599920.138590639] [waypoint_follower]: far from local route: d=2819923.70, relocalize nearest_index 422 -> 422
[WARN] [1783599920.187991222] [waypoint_follower]: far from local route: d=2819923.70, relocalize nearest_index 422 -> 422
[WARN] [1783599920.237954434] [waypoint_follower]: far from local route: d=2819923.70, relocalize nearest_index 422 -> 422
[WARN] [1783599920.287940876] [waypoint_follower]: far from local route: d=2819923.70, relocalize nearest_index 422 -> 422
[WARN] [1783599920.339929176] [waypoint_follower]: far from local route: d=2819923.70, relocalize nearest_index 422 -> 422
[WARN] [1783599920.388147383] [waypoint_follower]: far from local route: d=2819923.70, relocalize nearest_index 422 -> 422
[WARN] [1783599920.440981050] [waypoint_follower]: far from local route: d=2819923.70, relocalize nearest_index 422 -> 422
[INFO] [1783599920.442238526] [waypoint_follower]: nearest=422, target=422, dist=2819923.70, alpha=-1.53, vx=0.00, yaw_rate=-0.45, dir=1
[WARN] [1783599920.501529996] [waypoint_follower]: far from local route: d=2819923.70, relocalize nearest_index 422 -> 422
[WARN] [1783599920.537982750] [waypoint_follower]: far from local route: d=2819923.70, relocalize nearest_index 422 -> 422
[WARN] [1783599920.588952857] [waypoint_follower]: far from local route: d=2819923.70, relocalize nearest_index 422 -> 422
[WARN] [1783599920.590408244] [waypoint_follower]: stuck recovery: nearest_index 422 -> 422
[WARN] [1783599920.637950836] [waypoint_follower]: far from local route: d=2819923.70, relocalize nearest_index 422 -> 422
[WARN] [1783599920.687945534] [waypoint_follower]: far from local route: d=2819923.70, relocalize nearest_index 422 -> 422
[WARN] [1783599920.737957960] [waypoint_follower]: far from local route: d=2819923.70, relocalize nearest_index 422 -> 422
[WARN] [1783599920.788309057] [waypoint_follower]: far from local route: d=2819923.70, relocalize nearest_index 422 -> 422
[WARN] [1783599920.838108021] [waypoint_follower]: far from local route: d=2819923.70, relocalize nearest_index 422 -> 422
[WARN] [1783599920.887973542] [waypoint_follower]: far from local route: d=2819923.70, relocalize nearest_index 422 -> 422
[WARN] [1783599920.937951473] [waypoint_follower]: far from local route: d=2819923.70, relocalize nearest_index 422 -> 422
[WARN] [1783599920.988049719] [waypoint_follower]: far from local route: d=2819923.70, relocalize nearest_index 422 -> 422
[WARN] [1783599921.038322900] [waypoint_follower]: far from local route: d=2819923.70, relocalize nearest_index 422 -> 422
[WARN] [1783599921.087959407] [waypoint_follower]: far from local route: d=2819923.70, relocalize nearest_index 422 -> 422
[WARN] [1783599921.137870430] [waypoint_follower]: far from local route: d=2819923.70, relocalize nearest_index 422 -> 422
[WARN] [1783599921.189449533] [waypoint_follower]: far from local route: d=2819923.70, relocalize nearest_index 422 -> 422
[WARN] [1783599921.237984813] [waypoint_follower]: far from local route: d=2819923.70, relocalize nearest_index 422 -> 422
[WARN] [1783599921.287978519] [waypoint_follower]: far from local route: d=2827491.08, relocalize nearest_index 422 -> 422
[WARN] [1783599921.337906629] [waypoint_follower]: far from local route: d=2827491.08, relocalize nearest_index 422 -> 422
[WARN] [1783599921.387816883] [waypoint_follower]: far from local route: d=2827491.08, relocalize nearest_index 422 -> 422
[WARN] [1783599921.437879259] [waypoint_follower]: far from local route: d=2827491.08, relocalize nearest_index 422 -> 422
[WARN] [1783599921.488341871] [waypoint_follower]: far from local route: d=2827491.08, relocalize nearest_index 422 -> 422
[INFO] [1783599921.489392701] [waypoint_follower]: nearest=422, target=422, dist=2827491.08, alpha=-0.72, vx=0.12, yaw_rate=-0.45, dir=1
[WARN] [1783599921.537875407] [waypoint_follower]: far from local route: d=2827491.08, relocalize nearest_index 422 -> 422
[WARN] [1783599921.588429311] [waypoint_follower]: far from local route: d=2827491.08, relocalize nearest_index 422 -> 422
[WARN] [1783599921.637933121] [waypoint_follower]: far from local route: d=2827491.08, relocalize nearest_index 422 -> 422
[WARN] [1783599921.688497296] [waypoint_follower]: far from local route: d=2827491.08, relocalize nearest_index 422 -> 422
[WARN] [1783599921.737930358] [waypoint_follower]: far from local route: d=2827491.08, relocalize nearest_index 422 -> 422
[WARN] [1783599921.787935840] [waypoint_follower]: far from local route: d=2827491.08, relocalize nearest_index 422 -> 422
[WARN] [1783599921.837840142] [waypoint_follower]: far from local route: d=2827491.08, relocalize nearest_index 422 -> 422
[WARN] [1783599921.891087453] [waypoint_follower]: far from local route: d=2833572.92, relocalize nearest_index 422 -> 422
[WARN] [1783599921.937947934] [waypoint_follower]: far from local route: d=2833572.92, relocalize nearest_index 422 -> 422
[WARN] [1783599921.988880123] [waypoint_follower]: far from local route: d=2833572.92, relocalize nearest_index 422 -> 422
[WARN] [1783599922.038428571] [waypoint_follower]: far from local route: d=2833572.92, relocalize nearest_index 422 -> 422
[WARN] [1783599922.088624956] [waypoint_follower]: far from local route: d=2833572.92, relocalize nearest_index 422 -> 422
[WARN] [1783599922.138554602] [waypoint_follower]: far from local route: d=2833572.92, relocalize nearest_index 422 -> 422
[WARN] [1783599922.187915538] [waypoint_follower]: far from local route: d=2833572.92, relocalize nearest_index 422 -> 422
[WARN] [1783599922.237850752] [waypoint_follower]: far from local route: d=2833572.92, relocalize nearest_index 422 -> 422
[WARN] [1783599922.287900008] [waypoint_follower]: far from local route: d=2833572.92, relocalize nearest_index 422 -> 422
[WARN] [1783599922.337860084] [waypoint_follower]: far from local route: d=2833572.92, relocalize nearest_index 422 -> 422
[WARN] [1783599922.387842047] [waypoint_follower]: far from local route: d=2833572.92, relocalize nearest_index 422 -> 422
[WARN] [1783599922.437967011] [waypoint_follower]: far from local route: d=2833572.92, relocalize nearest_index 422 -> 422
[WARN] [1783599922.487872946] [waypoint_follower]: far from local route: d=2833572.92, relocalize nearest_index 422 -> 422
[WARN] [1783599922.538830478] [waypoint_follower]: far from local route: d=2833572.92, relocalize nearest_index 422 -> 422
[INFO] [1783599922.541869789] [waypoint_follower]: nearest=422, target=422, dist=2833572.92, alpha=-0.43, vx=0.25, yaw_rate=-0.39, dir=1
[WARN] [1783599922.587923524] [waypoint_follower]: far from local route: d=2833572.92, relocalize nearest_index 422 -> 422
[WARN] [1783599922.637890448] [waypoint_follower]: far from local route: d=2833572.92, relocalize nearest_index 422 -> 422
[WARN] [1783599922.687898074] [waypoint_follower]: far from local route: d=2833572.92, relocalize nearest_index 422 -> 422
[WARN] [1783599922.737854822] [waypoint_follower]: far from local route: d=2833572.92, relocalize nearest_index 422 -> 422
[WARN] [1783599922.787900526] [waypoint_follower]: far from local route: d=2833572.92, relocalize nearest_index 422 -> 422
[WARN] [1783599922.838052721] [waypoint_follower]: far from local route: d=2833572.92, relocalize nearest_index 422 -> 422
[WARN] [1783599922.887937729] [waypoint_follower]: far from local route: d=2833572.92, relocalize nearest_index 422 -> 422
[WARN] [1783599922.937835376] [waypoint_follower]: far from local route: d=2833572.92, relocalize nearest_index 422 -> 422
[WARN] [1783599922.987828282] [waypoint_follower]: far from local route: d=2833572.92, relocalize nearest_index 422 -> 422
[WARN] [1783599923.037931040] [waypoint_follower]: far from local route: d=2841176.45, relocalize nearest_index 422 -> 422
[WARN] [1783599923.088087362] [waypoint_follower]: far from local route: d=2841176.45, relocalize nearest_index 422 -> 422
[WARN] [1783599923.138074317] [waypoint_follower]: far from local route: d=2841176.45, relocalize nearest_index 422 -> 422
[WARN] [1783599923.188104758] [waypoint_follower]: far from local route: d=2841176.45, relocalize nearest_index 422 -> 422
[WARN] [1783599923.237964839] [waypoint_follower]: far from local route: d=2841176.45, relocalize nearest_index 422 -> 422
[WARN] [1783599923.288154472] [waypoint_follower]: far from local route: d=2841176.45, relocalize nearest_index 422 -> 422
[WARN] [1783599923.337919838] [waypoint_follower]: far from local route: d=2841176.45, relocalize nearest_index 422 -> 422
[WARN] [1783599923.387886569] [waypoint_follower]: far from local route: d=2841176.45, relocalize nearest_index 422 -> 422
[WARN] [1783599923.438008846] [waypoint_follower]: far from local route: d=2841176.45, relocalize nearest_index 422 -> 422
[WARN] [1783599923.488337576] [waypoint_follower]: far from local route: d=2841176.45, relocalize nearest_index 422 -> 422
[WARN] [1783599923.537863977] [waypoint_follower]: far from local route: d=2841176.45, relocalize nearest_index 422 -> 422
[WARN] [1783599923.587959471] [waypoint_follower]: far from local route: d=2841176.45, relocalize nearest_index 422 -> 422
[INFO] [1783599923.589054971] [waypoint_follower]: nearest=422, target=422, dist=2841176.45, alpha=-0.26, vx=0.25, yaw_rate=-0.23, dir=1
[WARN] [1783599923.637856286] [waypoint_follower]: far from local route: d=2841176.45, relocalize nearest_index 422 -> 422
[WARN] [1783599923.638955306] [waypoint_follower]: stuck recovery: nearest_index 422 -> 422
[WARN] [1783599923.688036352] [waypoint_follower]: far from local route: d=2841176.45, relocalize nearest_index 422 -> 422
[WARN] [1783599923.737795125] [waypoint_follower]: far from local route: d=2841176.45, relocalize nearest_index 422 -> 422
[WARN] [1783599923.787968055] [waypoint_follower]: far from local route: d=2841176.45, relocalize nearest_index 422 -> 422
[WARN] [1783599923.837828968] [waypoint_follower]: far from local route: d=2841176.45, relocalize nearest_index 422 -> 422
[WARN] [1783599923.887965996] [waypoint_follower]: far from local route: d=2849498.98, relocalize nearest_index 422 -> 422
[WARN] [1783599923.937829853] [waypoint_follower]: far from local route: d=2849498.98, relocalize nearest_index 422 -> 422
[WARN] [1783599923.988342958] [waypoint_follower]: far from local route: d=2849498.98, relocalize nearest_index 422 -> 422
[WARN] [1783599924.038344313] [waypoint_follower]: far from local route: d=2849498.98, relocalize nearest_index 422 -> 422
[WARN] [1783599924.088366306] [waypoint_follower]: far from local route: d=2849498.98, relocalize nearest_index 422 -> 422
[WARN] [1783599924.138328174] [waypoint_follower]: far from local route: d=2849498.98, relocalize nearest_index 422 -> 422
[WARN] [1783599924.188557517] [waypoint_follower]: far from local route: d=2849498.98, relocalize nearest_index 422 -> 422
[WARN] [1783599924.237852473] [waypoint_follower]: far from local route: d=2849498.98, relocalize nearest_index 422 -> 422
[WARN] [1783599924.287850627] [waypoint_follower]: far from local route: d=2849498.98, relocalize nearest_index 422 -> 422
[WARN] [1783599924.337869037] [waypoint_follower]: far from local route: d=2849498.98, relocalize nearest_index 422 -> 422
[WARN] [1783599924.388121675] [waypoint_follower]: far from local route: d=2849498.98, relocalize nearest_index 422 -> 422
[WARN] [1783599924.437864097] [waypoint_follower]: far from local route: d=2849498.98, relocalize nearest_index 422 -> 422
[WARN] [1783599924.488204443] [waypoint_follower]: far from local route: d=2849498.98, relocalize nearest_index 422 -> 422
[WARN] [1783599924.538412252] [waypoint_follower]: far from local route: d=2849498.98, relocalize nearest_index 422 -> 422
[WARN] [1783599924.588284364] [waypoint_follower]: far from local route: d=2849498.98, relocalize nearest_index 422 -> 422
[INFO] [1783599924.589287292] [waypoint_follower]: nearest=422, target=422, dist=2849498.98, alpha=-1.02, vx=0.00, yaw_rate=-0.45, dir=1
[WARN] [1783599924.637866410] [waypoint_follower]: far from local route: d=2849498.98, relocalize nearest_index 422 -> 422
[WARN] [1783599924.687841078] [waypoint_follower]: far from local route: d=2849498.98, relocalize nearest_index 422 -> 422
[WARN] [1783599924.737844672] [waypoint_follower]: far from local route: d=2857852.88, relocalize nearest_index 422 -> 422
[WARN] [1783599924.787912423] [waypoint_follower]: far from local route: d=2857852.88, relocalize nearest_index 422 -> 422
[WARN] [1783599924.838069257] [waypoint_follower]: far from local route: d=2857852.88, relocalize nearest_index 422 -> 422
[WARN] [1783599924.888406052] [waypoint_follower]: far from local route: d=2857852.88, relocalize nearest_index 422 -> 422
[WARN] [1783599924.938616900] [waypoint_follower]: far from local route: d=2857852.88, relocalize nearest_index 422 -> 422
[WARN] [1783599924.989320652] [waypoint_follower]: far from local route: d=2857852.88, relocalize nearest_index 422 -> 422
[WARN] [1783599925.039058851] [waypoint_follower]: far from local route: d=2857852.88, relocalize nearest_index 422 -> 422
[WARN] [1783599925.088847735] [waypoint_follower]: far from local route: d=2857852.88, relocalize nearest_index 422 -> 422
[WARN] [1783599925.137918766] [waypoint_follower]: far from local route: d=2857852.88, relocalize nearest_index 422 -> 422
[WARN] [1783599925.189503085] [waypoint_follower]: far from local route: d=2857852.88, relocalize nearest_index 422 -> 422
[WARN] [1783599925.243446074] [waypoint_follower]: far from local route: d=2857852.88, relocalize nearest_index 422 -> 422
[WARN] [1783599925.289878575] [waypoint_follower]: far from local route: d=2857852.88, relocalize nearest_index 422 -> 422
[WARN] [1783599925.338570104] [waypoint_follower]: far from local route: d=2857852.88, relocalize nearest_index 422 -> 422
[WARN] [1783599925.390018909] [waypoint_follower]: far from local route: d=2857852.88, relocalize nearest_index 422 -> 422
[WARN] [1783599925.444343608] [waypoint_follower]: far from local route: d=2857852.88, relocalize nearest_index 422 -> 422
[WARN] [1783599925.491949621] [waypoint_follower]: far from local route: d=2857852.88, relocalize nearest_index 422 -> 422
[WARN] [1783599925.537945407] [waypoint_follower]: far from local route: d=2857852.88, relocalize nearest_index 422 -> 422
[WARN] [1783599925.588097186] [waypoint_follower]: far from local route: d=2869264.75, relocalize nearest_index 422 -> 422
[INFO] [1783599925.590477456] [waypoint_follower]: nearest=422, target=422, dist=2869264.75, alpha=-2.35, vx=0.00, yaw_rate=-0.45, dir=1
[WARN] [1783599925.637923700] [waypoint_follower]: far from local route: d=2869264.75, relocalize nearest_index 422 -> 422
[WARN] [1783599925.687794373] [waypoint_follower]: far from local route: d=2869264.75, relocalize nearest_index 422 -> 422
[WARN] [1783599925.737815374] [waypoint_follower]: far from local route: d=2869264.75, relocalize nearest_index 422 -> 422
[WARN] [1783599925.788676943] [waypoint_follower]: far from local route: d=2869267.45, relocalize nearest_index 422 -> 422
[WARN] [1783599925.837984282] [waypoint_follower]: far from local route: d=2873078.20, relocalize nearest_index 422 -> 422
[WARN] [1783599925.888795390] [waypoint_follower]: far from local route: d=2873078.20, relocalize nearest_index 422 -> 422
[WARN] [1783599925.938435353] [waypoint_follower]: far from local route: d=2873078.20, relocalize nearest_index 422 -> 422
[WARN] [1783599925.988738325] [waypoint_follower]: far from local route: d=2873078.20, relocalize nearest_index 422 -> 422
[WARN] [1783599926.038556904] [waypoint_follower]: far from local route: d=2873078.20, relocalize nearest_index 422 -> 422
[WARN] [1783599926.088122951] [waypoint_follower]: far from local route: d=2873078.20, relocalize nearest_index 422 -> 422
[WARN] [1783599926.137900892] [waypoint_follower]: far from local route: d=2873078.20, relocalize nearest_index 422 -> 422
[WARN] [1783599926.188151322] [waypoint_follower]: far from local route: d=2873078.20, relocalize nearest_index 422 -> 422
[WARN] [1783599926.238851267] [waypoint_follower]: far from local route: d=2873088.37, relocalize nearest_index 422 -> 422
[WARN] [1783599926.288311879] [waypoint_follower]: far from local route: d=2873088.37, relocalize nearest_index 422 -> 422
[WARN] [1783599926.337854855] [waypoint_follower]: far from local route: d=2873088.37, relocalize nearest_index 422 -> 422
[WARN] [1783599926.387902735] [waypoint_follower]: far from local route: d=2873088.37, relocalize nearest_index 422 -> 422
[WARN] [1783599926.437669124] [waypoint_follower]: far from local route: d=2873088.37, relocalize nearest_index 422 -> 422
[WARN] [1783599926.488291537] [waypoint_follower]: far from local route: d=2873088.37, relocalize nearest_index 422 -> 422
[WARN] [1783599926.537694999] [waypoint_follower]: far from local route: d=2873088.37, relocalize nearest_index 422 -> 422
[WARN] [1783599926.588430398] [waypoint_follower]: far from local route: d=2873088.37, relocalize nearest_index 422 -> 422
[WARN] [1783599926.637637870] [waypoint_follower]: far from local route: d=2873088.37, relocalize nearest_index 422 -> 422
[INFO] [1783599926.638683516] [waypoint_follower]: nearest=422, target=422, dist=2873088.37, alpha=-2.17, vx=0.00, yaw_rate=-0.45, dir=1
[WARN] [1783599926.687975369] [waypoint_follower]: far from local route: d=2873088.37, relocalize nearest_index 422 -> 422
[WARN] [1783599926.689070708] [waypoint_follower]: stuck recovery: nearest_index 422 -> 422
[WARN] [1783599926.737931029] [waypoint_follower]: far from local route: d=2873088.37, relocalize nearest_index 422 -> 422
[WARN] [1783599926.787984317] [waypoint_follower]: far from local route: d=2881484.96, relocalize nearest_index 422 -> 422
[WARN] [1783599926.837943465] [waypoint_follower]: far from local route: d=2881484.96, relocalize nearest_index 422 -> 422
[WARN] [1783599926.888212486] [waypoint_follower]: far from local route: d=2881484.96, relocalize nearest_index 422 -> 422
[WARN] [1783599926.937834018] [waypoint_follower]: far from local route: d=2881484.96, relocalize nearest_index 422 -> 422
[WARN] [1783599926.988008740] [waypoint_follower]: far from local route: d=2881484.96, relocalize nearest_index 422 -> 422
[WARN] [1783599927.038384989] [waypoint_follower]: far from local route: d=2881484.96, relocalize nearest_index 422 -> 422
[WARN] [1783599927.088671481] [waypoint_follower]: far from local route: d=2881484.96, relocalize nearest_index 422 -> 422
[WARN] [1783599927.138355538] [waypoint_follower]: far from local route: d=2881484.96, relocalize nearest_index 422 -> 422
[WARN] [1783599927.189302735] [waypoint_follower]: far from local route: d=2881484.96, relocalize nearest_index 422 -> 422
[WARN] [1783599927.238348519] [waypoint_follower]: far from local route: d=2881484.96, relocalize nearest_index 422 -> 422
[WARN] [1783599927.288448397] [waypoint_follower]: far from local route: d=2881484.96, relocalize nearest_index 422 -> 422
[WARN] [1783599927.337775191] [waypoint_follower]: far from local route: d=2881484.96, relocalize nearest_index 422 -> 422
[WARN] [1783599927.388489343] [waypoint_follower]: far from local route: d=2881484.96, relocalize nearest_index 422 -> 422
[WARN] [1783599927.437852936] [waypoint_follower]: far from local route: d=2881484.96, relocalize nearest_index 422 -> 422
[WARN] [1783599927.488422583] [waypoint_follower]: far from local route: d=2881484.96, relocalize nearest_index 422 -> 422
[WARN] [1783599927.538158670] [waypoint_follower]: far from local route: d=2881484.96, relocalize nearest_index 422 -> 422
[WARN] [1783599927.588963506] [waypoint_follower]: far from local route: d=2881484.96, relocalize nearest_index 422 -> 422
[WARN] [1783599927.637745238] [waypoint_follower]: far from local route: d=2888336.32, relocalize nearest_index 422 -> 422
[INFO] [1783599927.638802243] [waypoint_follower]: nearest=422, target=422, dist=2888336.32, alpha=-1.10, vx=0.00, yaw_rate=-0.45, dir=1
[WARN] [1783599927.688048146] [waypoint_follower]: far from local route: d=2888336.32, relocalize nearest_index 422 -> 422
[WARN] [1783599927.737960832] [waypoint_follower]: far from local route: d=2888336.32, relocalize nearest_index 422 -> 422
[WARN] [1783599927.787958314] [waypoint_follower]: far from local route: d=2888336.32, relocalize nearest_index 422 -> 422
[WARN] [1783599927.837925878] [waypoint_follower]: far from local route: d=2888336.32, relocalize nearest_index 422 -> 422
[WARN] [1783599927.888134423] [waypoint_follower]: far from local route: d=2888336.32, relocalize nearest_index 422 -> 422
[WARN] [1783599927.939174767] [waypoint_follower]: far from local route: d=2888336.32, relocalize nearest_index 422 -> 422
[WARN] [1783599927.988921893] [waypoint_follower]: far from local route: d=2888336.32, relocalize nearest_index 422 -> 422
[WARN] [1783599928.038907312] [waypoint_follower]: far from local route: d=2888336.32, relocalize nearest_index 422 -> 422
[WARN] [1783599928.090642440] [waypoint_follower]: far from local route: d=2888336.32, relocalize nearest_index 422 -> 422
[WARN] [1783599928.138506904] [waypoint_follower]: far from local route: d=2888336.32, relocalize nearest_index 422 -> 422
[WARN] [1783599928.195472981] [waypoint_follower]: far from local route: d=2888336.32, relocalize nearest_index 422 -> 422
[WARN] [1783599928.246019173] [waypoint_follower]: far from local route: d=2888336.32, relocalize nearest_index 422 -> 422
[WARN] [1783599928.295279571] [waypoint_follower]: far from local route: d=2888336.32, relocalize nearest_index 422 -> 422
[WARN] [1783599928.339511633] [waypoint_follower]: far from local route: d=2888336.32, relocalize nearest_index 422 -> 422
[WARN] [1783599928.390011843] [waypoint_follower]: far from local route: d=2888336.32, relocalize nearest_index 422 -> 422
[WARN] [1783599928.437926289] [waypoint_follower]: far from local route: d=2892949.25, relocalize nearest_index 422 -> 422
[WARN] [1783599928.488002776] [waypoint_follower]: far from local route: d=2892949.25, relocalize nearest_index 422 -> 422
[WARN] [1783599928.538338418] [waypoint_follower]: far from local route: d=2892949.25, relocalize nearest_index 422 -> 422
[WARN] [1783599928.587966958] [waypoint_follower]: far from local route: d=2892949.25, relocalize nearest_index 422 -> 422
[WARN] [1783599928.637937913] [waypoint_follower]: far from local route: d=2892949.25, relocalize nearest_index 422 -> 422
[INFO] [1783599928.639006086] [waypoint_follower]: nearest=422, target=422, dist=2892949.25, alpha=-0.66, vx=0.12, yaw_rate=-0.45, dir=1
[WARN] [1783599928.687956995] [waypoint_follower]: far from local route: d=2892949.25, relocalize nearest_index 422 -> 422
[WARN] [1783599928.737968492] [waypoint_follower]: far from local route: d=2892949.25, relocalize nearest_index 422 -> 422
[WARN] [1783599928.788314214] [waypoint_follower]: far from local route: d=2892949.25, relocalize nearest_index 422 -> 422
[WARN] [1783599928.837923171] [waypoint_follower]: far from local route: d=2892949.25, relocalize nearest_index 422 -> 422
[WARN] [1783599928.888524433] [waypoint_follower]: far from local route: d=2892949.25, relocalize nearest_index 422 -> 422
[WARN] [1783599928.938269799] [waypoint_follower]: far from local route: d=2892949.25, relocalize nearest_index 422 -> 422
[WARN] [1783599928.988213556] [waypoint_follower]: far from local route: d=2892949.25, relocalize nearest_index 422 -> 422
[WARN] [1783599929.038480657] [waypoint_follower]: far from local route: d=2892949.25, relocalize nearest_index 422 -> 422
[WARN] [1783599929.088545528] [waypoint_follower]: far from local route: d=2892949.25, relocalize nearest_index 422 -> 422
[WARN] [1783599929.137927808] [waypoint_follower]: far from local route: d=2892949.25, relocalize nearest_index 422 -> 422
[WARN] [1783599929.189935083] [waypoint_follower]: far from local route: d=2892949.25, relocalize nearest_index 422 -> 422
[WARN] [1783599929.238648562] [waypoint_follower]: far from local route: d=2892949.25, relocalize nearest_index 422 -> 422
[WARN] [1783599929.292962958] [waypoint_follower]: far from local route: d=2898297.65, relocalize nearest_index 422 -> 422
[WARN] [1783599929.337817902] [waypoint_follower]: far from local route: d=2898297.65, relocalize nearest_index 422 -> 422
[WARN] [1783599929.388136393] [waypoint_follower]: far from local route: d=2899091.77, relocalize nearest_index 422 -> 422
[WARN] [1783599929.437945501] [waypoint_follower]: far from local route: d=2899091.77, relocalize nearest_index 422 -> 422
[WARN] [1783599929.487969542] [waypoint_follower]: far from local route: d=2899838.58, relocalize nearest_index 422 -> 422
[WARN] [1783599929.537959633] [waypoint_follower]: far from local route: d=2899838.58, relocalize nearest_index 422 -> 422
[WARN] [1783599929.587886718] [waypoint_follower]: far from local route: d=2900632.33, relocalize nearest_index 422 -> 422
[WARN] [1783599929.637866249] [waypoint_follower]: far from local route: d=2900632.33, relocalize nearest_index 422 -> 422
[WARN] [1783599929.688071370] [waypoint_follower]: far from local route: d=2900632.33, relocalize nearest_index 422 -> 422
[WARN] [1783599929.689170101] [waypoint_follower]: stuck recovery: nearest_index 422 -> 422
[INFO] [1783599929.689997550] [waypoint_follower]: nearest=422, target=422, dist=2900632.33, alpha=-0.32, vx=0.25, yaw_rate=-0.28, dir=1
[WARN] [1783599929.737808065] [waypoint_follower]: far from local route: d=2900632.33, relocalize nearest_index 422 -> 422
[WARN] [1783599929.787992866] [waypoint_follower]: far from local route: d=2900632.33, relocalize nearest_index 422 -> 422
[WARN] [1783599929.837587648] [waypoint_follower]: far from local route: d=2900632.33, relocalize nearest_index 422 -> 422
[WARN] [1783599929.888712500] [waypoint_follower]: far from local route: d=2900632.33, relocalize nearest_index 422 -> 422
[WARN] [1783599929.938378926] [waypoint_follower]: far from local route: d=2900632.33, relocalize nearest_index 422 -> 422
[WARN] [1783599929.988461269] [waypoint_follower]: far from local route: d=2900632.33, relocalize nearest_index 422 -> 422
[WARN] [1783599930.038624855] [waypoint_follower]: far from local route: d=2900632.33, relocalize nearest_index 422 -> 422
[WARN] [1783599930.088109018] [waypoint_follower]: far from local route: d=2900632.33, relocalize nearest_index 422 -> 422
[WARN] [1783599930.137947564] [waypoint_follower]: far from local route: d=2900632.33, relocalize nearest_index 422 -> 422
[WARN] [1783599930.188014259] [waypoint_follower]: far from local route: d=2902890.03, relocalize nearest_index 422 -> 422
[WARN] [1783599930.237808487] [waypoint_follower]: far from local route: d=2902890.03, relocalize nearest_index 422 -> 422
[WARN] [1783599930.288047654] [waypoint_follower]: far from local route: d=2902890.03, relocalize nearest_index 422 -> 422
[WARN] [1783599930.338030353] [waypoint_follower]: far from local route: d=2904420.16, relocalize nearest_index 422 -> 422
[WARN] [1783599930.388211794] [waypoint_follower]: far from local route: d=2904420.16, relocalize nearest_index 422 -> 422
[WARN] [1783599930.437947337] [waypoint_follower]: far from local route: d=2904420.16, relocalize nearest_index 422 -> 422
[WARN] [1783599930.488311842] [waypoint_follower]: far from local route: d=2904420.16, relocalize nearest_index 422 -> 422
[WARN] [1783599930.540278126] [waypoint_follower]: far from local route: d=2904420.16, relocalize nearest_index 422 -> 422
[WARN] [1783599930.588049891] [waypoint_follower]: far from local route: d=2904420.16, relocalize nearest_index 422 -> 422
[WARN] [1783599930.639695807] [waypoint_follower]: far from local route: d=2904420.16, relocalize nearest_index 422 -> 422
[WARN] [1783599930.691504530] [waypoint_follower]: far from local route: d=2905921.47, relocalize nearest_index 422 -> 422
[INFO] [1783599930.692803572] [waypoint_follower]: nearest=422, target=422, dist=2905921.47, alpha=-0.27, vx=0.25, yaw_rate=-0.24, dir=1
[WARN] [1783599930.738558602] [waypoint_follower]: far from local route: d=2905921.47, relocalize nearest_index 422 -> 422
[WARN] [1783599930.788380092] [waypoint_follower]: far from local route: d=2905921.47, relocalize nearest_index 422 -> 422
[WARN] [1783599930.837910461] [waypoint_follower]: far from local route: d=2905921.47, relocalize nearest_index 422 -> 422
[WARN] [1783599930.890090687] [waypoint_follower]: far from local route: d=2909012.32, relocalize nearest_index 422 -> 422
[WARN] [1783599930.938037355] [waypoint_follower]: far from local route: d=2909012.32, relocalize nearest_index 422 -> 422
[WARN] [1783599930.988054517] [waypoint_follower]: far from local route: d=2909012.32, relocalize nearest_index 422 -> 422
[WARN] [1783599931.038251830] [waypoint_follower]: far from local route: d=2909012.32, relocalize nearest_index 422 -> 422
[WARN] [1783599931.088146341] [waypoint_follower]: far from local route: d=2909012.32, relocalize nearest_index 422 -> 422
[WARN] [1783599931.140018422] [waypoint_follower]: far from local route: d=2909012.32, relocalize nearest_index 422 -> 422
[WARN] [1783599931.187958274] [waypoint_follower]: far from local route: d=2909012.32, relocalize nearest_index 422 -> 422
[WARN] [1783599931.237919502] [waypoint_follower]: far from local route: d=2909012.32, relocalize nearest_index 422 -> 422
[WARN] [1783599931.288926504] [waypoint_follower]: far from local route: d=2909012.32, relocalize nearest_index 422 -> 422
[WARN] [1783599931.338296625] [waypoint_follower]: far from local route: d=2909012.32, relocalize nearest_index 422 -> 422
[WARN] [1783599931.388580397] [waypoint_follower]: far from local route: d=2909012.32, relocalize nearest_index 422 -> 422
[WARN] [1783599931.438547417] [waypoint_follower]: far from local route: d=2909012.32, relocalize nearest_index 422 -> 422
[WARN] [1783599931.487962463] [waypoint_follower]: far from local route: d=2909012.32, relocalize nearest_index 422 -> 422
[WARN] [1783599931.537841903] [waypoint_follower]: far from local route: d=2909012.32, relocalize nearest_index 422 -> 422
[WARN] [1783599931.593091071] [waypoint_follower]: far from local route: d=2909012.32, relocalize nearest_index 422 -> 422
[WARN] [1783599931.640917137] [waypoint_follower]: far from local route: d=2915174.22, relocalize nearest_index 422 -> 422
[WARN] [1783599931.688112193] [waypoint_follower]: far from local route: d=2915174.22, relocalize nearest_index 422 -> 422
[WARN] [1783599931.739648386] [waypoint_follower]: far from local route: d=2915174.22, relocalize nearest_index 422 -> 422
[INFO] [1783599931.741980499] [waypoint_follower]: nearest=422, target=422, dist=2915174.22, alpha=-1.74, vx=0.00, yaw_rate=-0.45, dir=1
[WARN] [1783599931.788833043] [waypoint_follower]: far from local route: d=2915174.22, relocalize nearest_index 422 -> 422
[WARN] [1783599931.837967975] [waypoint_follower]: far from local route: d=2915174.22, relocalize nearest_index 422 -> 422
[WARN] [1783599931.887868086] [waypoint_follower]: far from local route: d=2915174.22, relocalize nearest_index 422 -> 422
[WARN] [1783599931.938594077] [waypoint_follower]: far from local route: d=2915174.22, relocalize nearest_index 422 -> 422
[WARN] [1783599931.988795614] [waypoint_follower]: far from local route: d=2917437.03, relocalize nearest_index 422 -> 422
[WARN] [1783599932.038377436] [waypoint_follower]: far from local route: d=2917437.03, relocalize nearest_index 422 -> 422
[WARN] [1783599932.088334312] [waypoint_foll