[INFO] [1783340182.255321924] [unitree_safe_cmd_node]: unitree_safe_cmd_node ACTIVE: obstacle -> Move(0,0,0), resume after 5 clear frames
[WARN] [1783340182.275915889] [unitree_safe_cmd_node]: SAFE OVERRIDE cmd_timeout: Move x=0.000, z=0.000, raw_x=0.000, raw_z=0.000, stop_count=0, roi_count=0, nearest_x=inf, clear_frames=0
[WARN] [1783340182.792093211] [unitree_safe_cmd_node]: SAFE OVERRIDE cmd_timeout: Move x=0.000, z=0.000, raw_x=0.000, raw_z=0.000, stop_count=0, roi_count=0, nearest_x=inf, clear_frames=2
[WARN] [1783340183.342027382] [unitree_safe_cmd_node]: SAFE OVERRIDE cmd_timeout: Move x=0.000, z=0.000, raw_x=0.000, raw_z=0.000, stop_count=0, roi_count=0, nearest_x=inf, clear_frames=6
[WARN] [1783340183.892054118] [unitree_safe_cmd_node]: SAFE OVERRIDE cmd_timeout: Move x=0.000, z=0.000, raw_x=0.000, raw_z=0.000, stop_count=0, roi_count=0, nearest_x=inf, clear_frames=10
[WARN] [1783340184.392289491] [unitree_safe_cmd_node]: SAFE OVERRIDE cmd_timeout: Move x=0.000, z=0.000, raw_x=0.000, raw_z=0.000, stop_count=0, roi_count=0, nearest_x=inf, clear_frames=11
[WARN] [1783340184.942344360] [unitree_safe_cmd_node]: SAFE OVERRIDE cmd_timeout: Move x=0.000, z=0.000, raw_x=0.000, raw_z=0.000, stop_count=0, roi_count=0, nearest_x=inf, clear_frames=13
[WARN] [1783340185.491676609] [unitree_safe_cmd_node]: SAFE OVERRIDE cmd_timeout: Move x=0.000, z=0.000, raw_x=0.000, raw_z=0.000, stop_count=0, roi_count=0, nearest_x=inf, clear_frames=16
[WARN] [1783340186.041994575] [unitree_safe_cmd_node]: SAFE OVERRIDE cmd_timeout: Move x=0.000, z=0.000, raw_x=0.000, raw_z=0.000, stop_count=0, roi_count=0, nearest_x=inf, clear_frames=19
[WARN] [1783340186.591756357] [unitree_safe_cmd_node]: SAFE OVERRIDE cmd_timeout: Move x=0.000, z=0.000, raw_x=0.000, raw_z=0.000, stop_count=0, roi_count=0, nearest_x=inf, clear_frames=22
[WARN] [1783340187.091847955] [unitree_safe_cmd_node]: SAFE OVERRIDE cmd_timeout: Move x=0.000, z=0.000, raw_x=0.000, raw_z=0.000, stop_count=0, roi_count=0, nearest_x=inf, clear_frames=24
[WARN] [1783340187.594242516] [unitree_safe_cmd_node]: SAFE OVERRIDE cmd_timeout: Move x=0.000, z=0.000, raw_x=0.000, raw_z=0.000, stop_count=0, roi_count=0, nearest_x=inf, clear_frames=26
[WARN] [1783340188.143559017] [unitree_safe_cmd_node]: SAFE OVERRIDE cmd_timeout: Move x=0.000, z=0.000, raw_x=0.000, raw_z=0.000, stop_count=0, roi_count=0, nearest_x=inf, clear_frames=28
[WARN] [1783340188.645655081] [unitree_safe_cmd_node]: SAFE OVERRIDE cmd_timeout: Move x=0.000, z=0.000, raw_x=0.000, raw_z=0.000, stop_count=0, roi_count=0, nearest_x=inf, clear_frames=31
[WARN] [1783340189.191846713] [unitree_safe_cmd_node]: SAFE OVERRIDE cmd_timeout: Move x=0.000, z=0.000, raw_x=0.000, raw_z=0.000, stop_count=0, roi_count=0, nearest_x=inf, clear_frames=34
[WARN] [1783340189.693829089] [unitree_safe_cmd_node]: SAFE OVERRIDE cmd_timeout: Move x=0.000, z=0.000, raw_x=0.000, raw_z=0.000, stop_count=0, roi_count=0, nearest_x=inf, clear_frames=36
[WARN] [1783340190.192055227] [unitree_safe_cmd_node]: SAFE OVERRIDE cmd_timeout: Move x=0.000, z=0.000, raw_x=0.000, raw_z=0.000, stop_count=0, roi_count=0, nearest_x=inf, clear_frames=39
[WARN] [1783340190.692233563] [unitree_safe_cmd_node]: SAFE OVERRIDE cmd_timeout: Move x=0.000, z=0.000, raw_x=0.000, raw_z=0.000, stop_count=0, roi_count=0, nearest_x=inf, clear_frames=43
[WARN] [1783340191.242394696] [unitree_safe_cmd_node]: SAFE OVERRIDE cmd_timeout: Move x=0.000, z=0.000, raw_x=0.000, raw_z=0.000, stop_count=0, roi_count=0, nearest_x=inf, clear_frames=49
[WARN] [1783340191.791990618] [unitree_safe_cmd_node]: SAFE OVERRIDE cmd_timeout: Move x=0.000, z=0.000, raw_x=0.000, raw_z=0.000, stop_count=0, roi_count=0, nearest_x=inf, clear_frames=54
[WARN] [1783340192.292027260] [unitree_safe_cmd_node]: SAFE OVERRIDE cmd_timeout: Move x=0.000, z=0.000, raw_x=0.000, raw_z=0.000, stop_count=0, roi_count=0, nearest_x=inf, clear_frames=58
[WARN] [1783340192.792085762] [unitree_safe_cmd_node]: SAFE OVERRIDE cmd_timeout: Move x=0.000, z=0.000, raw_x=0.000, raw_z=0.000, stop_count=0, roi_count=0, nearest_x=inf, clear_frames=64
[WARN] [1783340193.341922344] [unitree_safe_cmd_node]: SAFE OVERRIDE cmd_timeout: Move x=0.000, z=0.000, raw_x=0.000, raw_z=0.000, stop_count=0, roi_count=0, nearest_x=inf, clear_frames=69
[WARN] [1783340193.891897004] [unitree_safe_cmd_node]: SAFE OVERRIDE cmd_timeout: Move x=0.000, z=0.000, raw_x=0.000, raw_z=0.000, stop_count=0, roi_count=0, nearest_x=inf, clear_frames=71
[INFO] [1783340194.391820694] [unitree_safe_cmd_node]: Move x=0.400, z=-0.117, stop_count=0, roi_count=0, nearest_x=inf, clear_frames=73
[INFO] [1783340194.891862777] [unitree_safe_cmd_node]: Move x=0.400, z=-0.113, stop_count=0, roi_count=0, nearest_x=inf, clear_frames=75
[INFO] [1783340195.391879190] [unitree_safe_cmd_node]: Move x=0.400, z=-0.111, stop_count=0, roi_count=0, nearest_x=inf, clear_frames=76
[INFO] [1783340195.941705754] [unitree_safe_cmd_node]: Move x=0.400, z=-0.110, stop_count=0, roi_count=0, nearest_x=inf, clear_frames=79
[INFO] [1783340196.441711285] [unitree_safe_cmd_node]: Move x=0.400, z=-0.110, stop_count=0, roi_count=0, nearest_x=inf, clear_frames=81
[INFO] [1783340196.991555261] [unitree_safe_cmd_node]: Move x=0.400, z=-0.114, stop_count=0, roi_count=0, nearest_x=inf, clear_frames=84
[INFO] [1783340197.491619461] [unitree_safe_cmd_node]: Move x=0.400, z=-0.114, stop_count=0, roi_count=0, nearest_x=inf, clear_frames=86
[INFO] [1783340197.991764286] [unitree_safe_cmd_node]: Move x=0.400, z=-0.110, stop_count=0, roi_count=0, nearest_x=inf, clear_frames=89
[INFO] [1783340198.541921226] [unitree_safe_cmd_node]: Move x=0.400, z=-0.086, stop_count=0, roi_count=0, nearest_x=inf, clear_frames=92
[INFO] [1783340199.041945385] [unitree_safe_cmd_node]: Move x=0.400, z=0.003, stop_count=0, roi_count=0, nearest_x=inf, clear_frames=94
[INFO] [1783340199.591871715] [unitree_safe_cmd_node]: Move x=0.400, z=0.050, stop_count=0, roi_count=0, nearest_x=inf, clear_frames=96
[INFO] [1783340200.141615348] [unitree_safe_cmd_node]: Move x=0.400, z=0.158, stop_count=0, roi_count=0, nearest_x=inf, clear_frames=100
[INFO] [1783340200.641624881] [unitree_safe_cmd_node]: Move x=0.400, z=0.294, stop_count=0, roi_count=0, nearest_x=inf, clear_frames=103
[INFO] [1783340201.141999452] [unitree_safe_cmd_node]: Move x=0.400, z=0.373, stop_count=0, roi_count=0, nearest_x=inf, clear_frames=105
[INFO] [1783340201.691846244] [unitree_safe_cmd_node]: Move x=0.200, z=0.450, stop_count=0, roi_count=0, nearest_x=inf, clear_frames=108
[INFO] [1783340202.192108663] [unitree_safe_cmd_node]: Move x=0.200, z=0.450, stop_count=0, roi_count=0, nearest_x=inf, clear_frames=114
[INFO] [1783340202.691888545] [unitree_safe_cmd_node]: Move x=0.200, z=0.450, stop_count=0, roi_count=0, nearest_x=inf, clear_frames=118
[INFO] [1783340203.191967084] [unitree_safe_cmd_node]: Move x=0.400, z=0.439, stop_count=0, roi_count=0, nearest_x=inf, clear_frames=123
[INFO] [1783340203.742252948] [unitree_safe_cmd_node]: Move x=0.400, z=0.185, stop_count=0, roi_count=0, nearest_x=inf, clear_frames=130
[INFO] [1783340204.242304601] [unitree_safe_cmd_node]: Move x=0.400, z=-0.126, stop_count=0, roi_count=0, nearest_x=inf, clear_frames=135
[INFO] [1783340204.791580645] [unitree_safe_cmd_node]: Move x=0.400, z=-0.442, stop_count=0, roi_count=0, nearest_x=inf, clear_frames=142
[INFO] [1783340205.292046212] [unitree_safe_cmd_node]: Move x=0.200, z=-0.450, stop_count=0, roi_count=6, nearest_x=0.83, clear_frames=147
[INFO] [1783340205.795640905] [unitree_safe_cmd_node]: Move x=0.000, z=-0.450, stop_count=0, roi_count=0, nearest_x=inf, clear_frames=153
[INFO] [1783340206.342300767] [unitree_safe_cmd_node]: Move x=0.000, z=-0.450, stop_count=0, roi_count=0, nearest_x=inf, clear_frames=159
[INFO] [1783340206.892675321] [unitree_safe_cmd_node]: Move x=0.200, z=-0.450, stop_count=0, roi_count=0, nearest_x=inf, clear_frames=165
[INFO] [1783340207.442131021] [unitree_safe_cmd_node]: Move x=0.200, z=-0.450, stop_count=0, roi_count=0, nearest_x=inf, clear_frames=171
[INFO] [1783340207.991730048] [unitree_safe_cmd_node]: Move x=0.400, z=-0.350, stop_count=0, roi_count=0, nearest_x=inf, clear_frames=178
[INFO] [1783340208.492146996] [unitree_safe_cmd_node]: Move x=0.400, z=-0.140, stop_count=0, roi_count=0, nearest_x=inf, clear_frames=183
[INFO] [1783340208.992180917] [unitree_safe_cmd_node]: Move x=0.400, z=0.073, stop_count=0, roi_count=0, nearest_x=inf, clear_frames=189
[INFO] [1783340209.542059332] [unitree_safe_cmd_node]: Move x=0.400, z=0.215, stop_count=0, roi_count=0, nearest_x=inf, clear_frames=194
[INFO] [1783340210.091927345] [unitree_safe_cmd_node]: Move x=0.400, z=0.293, stop_count=0, roi_count=0, nearest_x=inf, clear_frames=200
[INFO] [1783340210.643701755] [unitree_safe_cmd_node]: Move x=0.400, z=0.223, stop_count=0, roi_count=0, nearest_x=inf, clear_frames=207
[INFO] [1783340211.191600829] [unitree_safe_cmd_node]: Move x=0.400, z=0.119, stop_count=0, roi_count=0, nearest_x=inf, clear_frames=213
[INFO] [1783340211.741578146] [unitree_safe_cmd_node]: Move x=0.400, z=-0.023, stop_count=0, roi_count=0, nearest_x=inf, clear_frames=219
[INFO] [1783340212.292378841] [unitree_safe_cmd_node]: Move x=0.400, z=-0.029, stop_count=0, roi_count=0, nearest_x=inf, clear_frames=225
[INFO] [1783340212.842533220] [unitree_safe_cmd_node]: Move x=0.400, z=-0.016, stop_count=0, roi_count=0, nearest_x=inf, clear_frames=232
[INFO] [1783340213.341818819] [unitree_safe_cmd_node]: Move x=0.400, z=-0.006, stop_count=0, roi_count=0, nearest_x=inf, clear_frames=237
[INFO] [1783340213.891574711] [unitree_safe_cmd_node]: Move x=0.400, z=0.007, stop_count=0, roi_count=0, nearest_x=inf, clear_frames=244
[INFO] [1783340214.391868401] [unitree_safe_cmd_node]: Move x=0.400, z=-0.010, stop_count=0, roi_count=0, nearest_x=inf, clear_frames=249
[INFO] [1783340214.891951901] [unitree_safe_cmd_node]: Move x=0.400, z=0.034, stop_count=0, roi_count=0, nearest_x=inf, clear_frames=254
[INFO] [1783340215.441955335] [unitree_safe_cmd_node]: Move x=0.400, z=0.052, stop_count=0, roi_count=0, nearest_x=inf, clear_frames=260
[INFO] [1783340215.941926459] [unitree_safe_cmd_node]: Move x=0.400, z=0.029, stop_count=0, roi_count=0, nearest_x=inf, clear_frames=265
[INFO] [1783340216.491959788] [unitree_safe_cmd_node]: Move x=0.400, z=0.019, stop_count=0, roi_count=0, nearest_x=inf, clear_frames=270
[INFO] [1783340217.041831705] [unitree_safe_cmd_node]: Move x=0.400, z=0.012, stop_count=0, roi_count=0, nearest_x=inf, clear_frames=275
[INFO] [1783340217.541938379] [unitree_safe_cmd_node]: Move x=0.400, z=0.015, stop_count=0, roi_count=0, nearest_x=inf, clear_frames=280
[INFO] [1783340218.091974908] [unitree_safe_cmd_node]: Move x=0.400, z=0.009, stop_count=0, roi_count=0, nearest_x=inf, clear_frames=285
[INFO] [1783340218.641605237] [unitree_safe_cmd_node]: Move x=0.400, z=-0.020, stop_count=0, roi_count=0, nearest_x=inf, clear_frames=291
[INFO] [1783340219.141620146] [unitree_safe_cmd_node]: Move x=0.400, z=0.025, stop_count=0, roi_count=0, nearest_x=inf, clear_frames=296
[INFO] [1783340219.641917517] [unitree_safe_cmd_node]: Move x=0.400, z=0.019, stop_count=0, roi_count=0, nearest_x=inf, clear_frames=300
[INFO] [1783340220.142195491] [unitree_safe_cmd_node]: Move x=0.400, z=-0.012, stop_count=0, roi_count=0, nearest_x=inf, clear_frames=304
[INFO] [1783340220.691845473] [unitree_safe_cmd_node]: Move x=0.400, z=-0.039, stop_count=0, roi_count=0, nearest_x=inf, clear_frames=310
[INFO] [1783340221.241666531] [unitree_safe_cmd_node]: Move x=0.400, z=-0.011, stop_count=0, roi_count=0, nearest_x=inf, clear_frames=316
[INFO] [1783340221.791712375] [unitree_safe_cmd_node]: Move x=0.400, z=-0.050, stop_count=0, roi_count=0, nearest_x=inf, clear_frames=322
[INFO] [1783340222.292222495] [unitree_safe_cmd_node]: Move x=0.400, z=-0.052, stop_count=0, roi_count=0, nearest_x=inf, clear_frames=326
[INFO] [1783340222.847135441] [unitree_safe_cmd_node]: Move x=0.400, z=0.001, stop_count=0, roi_count=0, nearest_x=inf, clear_frames=330
[INFO] [1783340223.392002851] [unitree_safe_cmd_node]: Move x=0.400, z=-0.039, stop_count=0, roi_count=0, nearest_x=inf, clear_frames=334
[INFO] [1783340223.942106851] [unitree_safe_cmd_node]: Move x=0.400, z=-0.022, stop_count=0, roi_count=0, nearest_x=inf, clear_frames=340
[INFO] [1783340224.491834961] [unitree_safe_cmd_node]: Move x=0.400, z=-0.002, stop_count=0, roi_count=0, nearest_x=inf, clear_frames=346
[INFO] [1783340224.991946851] [unitree_safe_cmd_node]: Move x=0.400, z=-0.052, stop_count=0, roi_count=0, nearest_x=inf, clear_frames=351
[INFO] [1783340225.491948702] [unitree_safe_cmd_node]: Move x=0.400, z=-0.033, stop_count=0, roi_count=0, nearest_x=inf, clear_frames=356
[INFO] [1783340225.993201863] [unitree_safe_cmd_node]: Move x=0.400, z=0.018, stop_count=0, roi_count=0, nearest_x=inf, clear_frames=362
[INFO] [1783340226.549193763] [unitree_safe_cmd_node]: Move x=0.400, z=0.000, stop_count=0, roi_count=0, nearest_x=inf, clear_frames=365
[INFO] [1783340227.092226215] [unitree_safe_cmd_node]: Move x=0.400, z=0.005, stop_count=0, roi_count=0, nearest_x=inf, clear_frames=370
[INFO] [1783340227.596127150] [unitree_safe_cmd_node]: Move x=0.400, z=0.001, stop_count=0, roi_count=0, nearest_x=inf, clear_frames=375
[INFO] [1783340228.141707194] [unitree_safe_cmd_node]: Move x=0.400, z=0.002, stop_count=0, roi_count=0, nearest_x=inf, clear_frames=380
[INFO] [1783340228.693607615] [unitree_safe_cmd_node]: Move x=0.400, z=0.002, stop_count=0, roi_count=0, nearest_x=inf, clear_frames=386
[INFO] [1783340229.193963334] [unitree_safe_cmd_node]: Move x=0.400, z=0.026, stop_count=0, roi_count=0, nearest_x=inf, clear_frames=391
[INFO] [1783340229.742086553] [unitree_safe_cmd_node]: Move x=0.400, z=0.022, stop_count=0, roi_count=0, nearest_x=inf, clear_frames=396
[INFO] [1783340230.291428628] [unitree_safe_cmd_node]: Move x=0.400, z=-0.017, stop_count=0, roi_count=0, nearest_x=inf, clear_frames=402
[INFO] [1783340230.792336851] [unitree_safe_cmd_node]: Move x=0.400, z=0.002, stop_count=0, roi_count=0, nearest_x=inf, clear_frames=407
[INFO] [1783340231.294636511] [unitree_safe_cmd_node]: Move x=0.400, z=-0.001, stop_count=0, roi_count=0, nearest_x=inf, clear_frames=411
[INFO] [1783340231.796619302] [unitree_safe_cmd_node]: Move x=0.400, z=-0.033, stop_count=0, roi_count=0, nearest_x=inf, clear_frames=416
[INFO] [1783340232.342126530] [unitree_safe_cmd_node]: Move x=0.400, z=0.018, stop_count=0, roi_count=0, nearest_x=inf, clear_frames=421
[INFO] [1783340232.842113498] [unitree_safe_cmd_node]: Move x=0.400, z=-0.034, stop_count=0, roi_count=0, nearest_x=inf, clear_frames=426
[INFO] [1783340233.342975758] [unitree_safe_cmd_node]: Move x=0.400, z=-0.018, stop_count=0, roi_count=0, nearest_x=inf, clear_frames=431
[INFO] [1783340233.892191150] [unitree_safe_cmd_node]: Move x=0.400, z=-0.033, stop_count=0, roi_count=0, nearest_x=inf, clear_frames=436
[INFO] [1783340234.393530314] [unitree_safe_cmd_node]: Move x=0.400, z=0.035, stop_count=0, roi_count=0, nearest_x=inf, clear_frames=441
[INFO] [1783340234.941626007] [unitree_safe_cmd_node]: Move x=0.400, z=0.013, stop_count=0, roi_count=0, nearest_x=inf, clear_frames=447
[INFO] [1783340235.442265820] [unitree_safe_cmd_node]: Move x=0.400, z=0.003, stop_count=0, roi_count=0, nearest_x=inf, clear_frames=452
[INFO] [1783340235.991474106] [unitree_safe_cmd_node]: Move x=0.400, z=0.072, stop_count=0, roi_count=0, nearest_x=inf, clear_frames=458
[INFO] [1783340236.493123609] [unitree_safe_cmd_node]: Move x=0.400, z=0.055, stop_count=0, roi_count=0, nearest_x=inf, clear_frames=462
[INFO] [1783340237.041590614] [unitree_safe_cmd_node]: Move x=0.400, z=0.054, stop_count=0, roi_count=0, nearest_x=inf, clear_frames=468
[INFO] [1783340237.591481160] [unitree_safe_cmd_node]: Move x=0.400, z=-0.038, stop_count=0, roi_count=0, nearest_x=inf, clear_frames=474
[INFO] [1783340238.091815914] [unitree_safe_cmd_node]: Move x=0.400, z=-0.029, stop_count=0, roi_count=0, nearest_x=inf, clear_frames=478
[INFO] [1783340238.591831912] [unitree_safe_cmd_node]: Move x=0.400, z=0.033, stop_count=0, roi_count=0, nearest_x=inf, clear_frames=483
[INFO] [1783340239.092744776] [unitree_safe_cmd_node]: Move x=0.400, z=0.039, stop_count=0, roi_count=0, nearest_x=inf, clear_frames=488
[INFO] [1783340239.642028630] [unitree_safe_cmd_node]: Move x=0.400, z=0.008, stop_count=0, roi_count=0, nearest_x=inf, clear_frames=494
[INFO] [1783340240.142520699] [unitree_safe_cmd_node]: Move x=0.400, z=-0.004, stop_count=0, roi_count=0, nearest_x=inf, clear_frames=498
[INFO] [1783340240.691897789] [unitree_safe_cmd_node]: Move x=0.400, z=-0.004, stop_count=0, roi_count=0, nearest_x=inf, clear_frames=504
[INFO] [1783340241.191894935] [unitree_safe_cmd_node]: Move x=0.400, z=-0.029, stop_count=0, roi_count=0, nearest_x=inf, clear_frames=509
[INFO] [1783340241.692425860] [unitree_safe_cmd_node]: Move x=0.400, z=-0.021, stop_count=0, roi_count=0, nearest_x=inf, clear_frames=513
[INFO] [1783340242.241786242] [unitree_safe_cmd_node]: Move x=0.400, z=0.022, stop_count=0, roi_count=0, nearest_x=inf, clear_frames=518
[INFO] [1783340242.791663057] [unitree_safe_cmd_node]: Move x=0.400, z=-0.030, stop_count=0, roi_count=0, nearest_x=inf, clear_frames=522
[INFO] [1783340243.291928549] [unitree_safe_cmd_node]: Move x=0.400, z=0.005, stop_count=0, roi_count=0, nearest_x=inf, clear_frames=525
[INFO] [1783340243.841539162] [unitree_safe_cmd_node]: Move x=0.400, z=0.023, stop_count=0, roi_count=0, nearest_x=inf, clear_frames=530
[INFO] [1783340244.341541940] [unitree_safe_cmd_node]: Move x=0.400, z=-0.004, stop_count=0, roi_count=0, nearest_x=inf, clear_frames=535
[INFO] [1783340244.891523514] [unitree_safe_cmd_node]: Move x=0.400, z=-0.009, stop_count=0, roi_count=0, nearest_x=inf, clear_frames=541
[INFO] [1783340245.391690808] [unitree_safe_cmd_node]: Move x=0.400, z=-0.001, stop_count=0, roi_count=0, nearest_x=inf, clear_frames=546
[INFO] [1783340245.891527247] [unitree_safe_cmd_node]: Move x=0.400, z=0.013, stop_count=0, roi_count=0, nearest_x=inf, clear_frames=551
[INFO] [1783340246.391642850] [unitree_safe_cmd_node]: Move x=0.400, z=-0.001, stop_count=0, roi_count=0, nearest_x=inf, clear_frames=556
[INFO] [1783340246.891870541] [unitree_safe_cmd_node]: Move x=0.400, z=0.021, stop_count=0, roi_count=0, nearest_x=inf, clear_frames=559
[INFO] [1783340247.392286273] [unitree_safe_cmd_node]: Move x=0.400, z=0.033, stop_count=0, roi_count=0, nearest_x=inf, clear_frames=564
[INFO] [1783340247.941858478] [unitree_safe_cmd_node]: Move x=0.400, z=0.006, stop_count=0, roi_count=0, nearest_x=inf, clear_frames=570
[INFO] [1783340248.442118496] [unitree_safe_cmd_node]: Move x=0.400, z=-0.007, stop_count=0, roi_count=0, nearest_x=inf, clear_frames=575
[INFO] [1783340248.992487610] [unitree_safe_cmd_node]: Move x=0.400, z=0.008, stop_count=0, roi_count=0, nearest_x=inf, clear_frames=581
[INFO] [1783340249.541823539] [unitree_safe_cmd_node]: Move x=0.400, z=0.019, stop_count=0, roi_count=0, nearest_x=inf, clear_frames=585
[INFO] [1783340250.044429538] [unitree_safe_cmd_node]: Move x=0.400, z=0.045, stop_count=0, roi_count=0, nearest_x=inf, clear_frames=590
[INFO] [1783340250.591944529] [unitree_safe_cmd_node]: Move x=0.400, z=-0.022, stop_count=0, roi_count=0, nearest_x=inf, clear_frames=595
[INFO] [1783340251.092937634] [unitree_safe_cmd_node]: Move x=0.400, z=-0.017, stop_count=0, roi_count=0, nearest_x=inf, clear_frames=600
[INFO] [1783340251.641681403] [unitree_safe_cmd_node]: Move x=0.400, z=0.005, stop_count=0, roi_count=0, nearest_x=inf, clear_frames=606
[INFO] [1783340252.193197357] [unitree_safe_cmd_node]: Move x=0.400, z=0.020, stop_count=0, roi_count=0, nearest_x=inf, clear_frames=612
[INFO] [1783340252.741534895] [unitree_safe_cmd_node]: Move x=0.400, z=0.013, stop_count=0, roi_count=0, nearest_x=inf, clear_frames=617
[INFO] [1783340253.241927646] [unitree_safe_cmd_node]: Move x=0.400, z=-0.014, stop_count=0, roi_count=0, nearest_x=inf, clear_frames=622
[INFO] [1783340253.741865290] [unitree_safe_cmd_node]: Move x=0.400, z=-0.004, stop_count=0, roi_count=0, nearest_x=inf, clear_frames=627
[INFO] [1783340254.292213759] [unitree_safe_cmd_node]: Move x=0.400, z=0.020, stop_count=0, roi_count=0, nearest_x=inf, clear_frames=632
[INFO] [1783340254.797249308] [unitree_safe_cmd_node]: Move x=0.400, z=0.007, stop_count=0, roi_count=0, nearest_x=inf, clear_frames=638
[INFO] [1783340255.341681583] [unitree_safe_cmd_node]: Move x=0.400, z=0.017, stop_count=0, roi_count=0, nearest_x=inf, clear_frames=643
[INFO] [1783340255.841690603] [unitree_safe_cmd_node]: Move x=0.400, z=0.007, stop_count=0, roi_count=0, nearest_x=inf, clear_frames=648
[INFO] [1783340256.341947229] [unitree_safe_cmd_node]: Move x=0.400, z=0.004, stop_count=0, roi_count=0, nearest_x=inf, clear_frames=653
[INFO] [1783340256.845909617] [unitree_safe_cmd_node]: Move x=0.400, z=0.008, stop_count=0, roi_count=0, nearest_x=inf, clear_frames=658
[INFO] [1783340257.392088767] [unitree_safe_cmd_node]: Move x=0.400, z=0.005, stop_count=0, roi_count=0, nearest_x=inf, clear_frames=663
[INFO] [1783340257.892085944] [unitree_safe_cmd_node]: Move x=0.400, z=0.027, stop_count=0, roi_count=0, nearest_x=inf, clear_frames=668
[INFO] [1783340258.442003216] [unitree_safe_cmd_node]: Move x=0.400, z=0.070, stop_count=0, roi_count=0, nearest_x=inf, clear_frames=674
[INFO] [1783340258.941932955] [unitree_safe_cmd_node]: Move x=0.400, z=0.057, stop_count=0, roi_count=0, nearest_x=inf, clear_frames=679
[INFO] [1783340259.491420565] [unitree_safe_cmd_node]: Move x=0.400, z=0.057, stop_count=0, roi_count=0, nearest_x=inf, clear_frames=684
[INFO] [1783340259.992532064] [unitree_safe_cmd_node]: Move x=0.400, z=-0.033, stop_count=0, roi_count=0, nearest_x=inf, clear_frames=689
[INFO] [1783340260.542350082] [unitree_safe_cmd_node]: Move x=0.400, z=-0.041, stop_count=0, roi_count=0, nearest_x=inf, clear_frames=694
[INFO] [1783340261.091922703] [unitree_safe_cmd_node]: Move x=0.400, z=-0.034, stop_count=0, roi_count=0, nearest_x=inf, clear_frames=700
[INFO] [1783340261.641618838] [unitree_safe_cmd_node]: Move x=0.400, z=-0.026, stop_count=0, roi_count=0, nearest_x=inf, clear_frames=705
[INFO] [1783340262.141684991] [unitree_safe_cmd_node]: Move x=0.400, z=-0.032, stop_count=0, roi_count=0, nearest_x=inf, clear_frames=710
[INFO] [1783340262.691710190] [unitree_safe_cmd_node]: Move x=0.400, z=-0.006, stop_count=0, roi_count=0, nearest_x=inf, clear_frames=715
[INFO] [1783340263.241684241] [unitree_safe_cmd_node]: Move x=0.400, z=-0.015, stop_count=0, roi_count=0, nearest_x=inf, clear_frames=720
[INFO] [1783340263.741869492] [unitree_safe_cmd_node]: Move x=0.400, z=-0.059, stop_count=0, roi_count=0, nearest_x=inf, clear_frames=725
[INFO] [1783340264.241987079] [unitree_safe_cmd_node]: Move x=0.400, z=0.022, stop_count=0, roi_count=0, nearest_x=inf, clear_frames=729
[INFO] [1783340264.792002580] [unitree_safe_cmd_node]: Move x=0.400, z=0.037, stop_count=0, roi_count=0, nearest_x=inf, clear_frames=734
[INFO] [1783340265.341974391] [unitree_safe_cmd_node]: Move x=0.400, z=0.043, stop_count=0, roi_count=0, nearest_x=inf, clear_frames=739
[INFO] [1783340265.897291296] [unitree_safe_cmd_node]: Move x=0.400, z=0.005, stop_count=0, roi_count=0, nearest_x=inf, clear_frames=745
[INFO] [1783340266.442959936] [unitree_safe_cmd_node]: Move x=0.400, z=0.010, stop_count=0, roi_count=0, nearest_x=inf, clear_frames=750
[INFO] [1783340266.992516873] [unitree_safe_cmd_node]: Move x=0.400, z=-0.039, stop_count=0, roi_count=0, nearest_x=inf, clear_frames=755
[INFO] [1783340267.542079284] [unitree_safe_cmd_node]: Move x=0.400, z=0.012, stop_count=0, roi_count=0, nearest_x=inf, clear_frames=761
[INFO] [1783340268.091907768] [unitree_safe_cmd_node]: Move x=0.400, z=-0.005, stop_count=0, roi_count=0, nearest_x=inf, clear_frames=766
[INFO] [1783340268.641649577] [unitree_safe_cmd_node]: Move x=0.400, z=-0.005, stop_count=0, roi_count=0, nearest_x=inf, clear_frames=772
[INFO] [1783340269.191691260] [unitree_safe_cmd_node]: Move x=0.400, z=-0.033, stop_count=0, roi_count=0, nearest_x=inf, clear_frames=778
[INFO] [1783340269.691830740] [unitree_safe_cmd_node]: Move x=0.400, z=0.005, stop_count=0, roi_count=0, nearest_x=inf, clear_frames=782
[INFO] [1783340270.192049662] [unitree_safe_cmd_node]: Move x=0.400, z=0.009, stop_count=0, roi_count=0, nearest_x=inf, clear_frames=788
[INFO] [1783340270.693666838] [unitree_safe_cmd_node]: Move x=0.400, z=-0.001, stop_count=0, roi_count=0, nearest_x=inf, clear_frames=792
[INFO] [1783340271.241535922] [unitree_safe_cmd_node]: Move x=0.400, z=0.016, stop_count=0, roi_count=0, nearest_x=inf, clear_frames=797
[INFO] [1783340271.741692110] [unitree_safe_cmd_node]: Move x=0.400, z=-0.020, stop_count=0, roi_count=0, nearest_x=inf, clear_frames=802
[INFO] [1783340272.242132807] [unitree_safe_cmd_node]: Move x=0.400, z=-0.023, stop_count=0, roi_count=0, nearest_x=inf, clear_frames=807
[INFO] [1783340272.791715446] [unitree_safe_cmd_node]: Move x=0.400, z=0.023, stop_count=0, roi_count=0, nearest_x=inf, clear_frames=813
[INFO] [1783340273.292070205] [unitree_safe_cmd_node]: Move x=0.400, z=0.048, stop_count=0, roi_count=0, nearest_x=inf, clear_frames=817
[INFO] [1783340273.841605602] [unitree_safe_cmd_node]: Move x=0.400, z=0.035, stop_count=0, roi_count=0, nearest_x=inf, clear_frames=823
[INFO] [1783340274.348086264] [unitree_safe_cmd_node]: Move x=0.400, z=-0.007, stop_count=0, roi_count=0, nearest_x=inf, clear_frames=827
[INFO] [1783340274.891966675] [unitree_safe_cmd_node]: Move x=0.400, z=-0.016, stop_count=0, roi_count=0, nearest_x=inf, clear_frames=832
[INFO] [1783340275.392467354] [unitree_safe_cmd_node]: Move x=0.400, z=-0.059, stop_count=0, roi_count=0, nearest_x=inf, clear_frames=837
[INFO] [1783340275.941559359] [unitree_safe_cmd_node]: Move x=0.400, z=-0.054, stop_count=0, roi_count=0, nearest_x=inf, clear_frames=841
[INFO] [1783340276.441595008] [unitree_safe_cmd_node]: Move x=0.400, z=-0.032, stop_count=0, roi_count=0, nearest_x=inf, clear_frames=846
[INFO] [1783340276.991546015] [unitree_safe_cmd_node]: Move x=0.400, z=0.036, stop_count=0, roi_count=0, nearest_x=inf, clear_frames=852
[INFO] [1783340277.492218251] [unitree_safe_cmd_node]: Move x=0.400, z=0.037, stop_count=0, roi_count=0, nearest_x=inf, clear_frames=856
[INFO] [1783340278.041665917] [unitree_safe_cmd_node]: Move x=0.400, z=0.020, stop_count=0, roi_count=0, nearest_x=inf, clear_frames=862
[INFO] [1783340278.541546845] [unitree_safe_cmd_node]: Move x=0.400, z=0.028, stop_count=11, roi_count=21, nearest_x=0.35, clear_frames=867
[WARN] [1783340278.995789086] [unitree_safe_cmd_node]: OBSTACLE DETECTED: stop_count=16, roi_count=51, nearest_x=0.35
[WARN] [1783340279.041656079] [unitree_safe_cmd_node]: SAFE OVERRIDE obstacle: Move x=0.000, z=0.000, raw_x=0.400, raw_z=0.018, stop_count=16, roi_count=51, nearest_x=0.35, clear_frames=0
[WARN] [1783340279.541772194] [unitree_safe_cmd_node]: SAFE OVERRIDE obstacle: Move x=0.000, z=0.000, raw_x=0.400, raw_z=0.030, stop_count=42, roi_count=66, nearest_x=0.35, clear_frames=0
[WARN] [1783340280.092111541] [unitree_safe_cmd_node]: SAFE OVERRIDE obstacle: Move x=0.000, z=0.000, raw_x=0.400, raw_z=0.062, stop_count=34, roi_count=58, nearest_x=0.35, clear_frames=0
[WARN] [1783340280.592486752] [unitree_safe_cmd_node]: SAFE OVERRIDE obstacle: Move x=0.000, z=0.000, raw_x=0.400, raw_z=0.048, stop_count=28, roi_count=76, nearest_x=0.35, clear_frames=0
[INFO] [1783340281.041548191] [unitree_safe_cmd_node]: obstacle cleared after 5 clear frames, resume move
[INFO] [1783340281.141709025] [unitree_safe_cmd_node]: Move x=0.400, z=0.054, stop_count=0, roi_count=53, nearest_x=0.52, clear_frames=6
[INFO] [1783340281.641865213] [unitree_safe_cmd_node]: Move x=0.400, z=0.048, stop_count=0, roi_count=0, nearest_x=inf, clear_frames=11
[INFO] [1783340282.142161527] [unitree_safe_cmd_node]: Move x=0.400, z=0.054, stop_count=0, roi_count=0, nearest_x=inf, clear_frames=14
[INFO] [1783340282.691825047] [unitree_safe_cmd_node]: Move x=0.400, z=0.033, stop_count=0, roi_count=0, nearest_x=inf, clear_frames=18
[INFO] [1783340283.191980563] [unitree_safe_cmd_node]: Move x=0.400, z=-0.098, stop_count=0, roi_count=0, nearest_x=inf, clear_frames=23
[INFO] [1783340283.692010548] [unitree_safe_cmd_node]: Move x=0.400, z=-0.091, stop_count=0, roi_count=0, nearest_x=inf, clear_frames=28
[INFO] [1783340284.241999195] [unitree_safe_cmd_node]: Move x=0.400, z=-0.008, stop_count=0, roi_count=0, nearest_x=inf, clear_frames=33
[INFO] [1783340284.791650745] [unitree_safe_cmd_node]: Move x=0.400, z=0.057, stop_count=0, roi_count=0, nearest_x=inf, clear_frames=39
[INFO] [1783340285.341524807] [unitree_safe_cmd_node]: Move x=0.400, z=0.003, stop_count=0, roi_count=0, nearest_x=inf, clear_frames=44
[INFO] [1783340285.841507933] [unitree_safe_cmd_node]: Move x=0.400, z=0.026, stop_count=0, roi_count=0, nearest_x=inf, clear_frames=49
[INFO] [1783340286.391865620] [unitree_safe_cmd_node]: Move x=0.400, z=0.045, stop_count=0, roi_count=0, nearest_x=inf, clear_frames=55
[INFO] [1783340286.891720303] [unitree_safe_cmd_node]: Move x=0.400, z=0.020, stop_count=0, roi_count=0, nearest_x=inf, clear_frames=59
[INFO] [1783340287.391936984] [unitree_safe_cmd_node]: Move x=0.400, z=-0.030, stop_count=0, roi_count=0, nearest_x=inf, clear_frames=63
[INFO] [1783340287.893068999] [unitree_safe_cmd_node]: Move x=0.400, z=-0.019, stop_count=0, roi_count=0, nearest_x=inf, clear_frames=68
[INFO] [1783340288.441638682] [unitree_safe_cmd_node]: Move x=0.400, z=0.023, stop_count=0, roi_count=0, nearest_x=inf, clear_frames=73
[INFO] [1783340288.943000571] [unitree_safe_cmd_node]: Move x=0.400, z=-0.010, stop_count=0, roi_count=0, nearest_x=inf, clear_frames=78
[INFO] [1783340289.491967269] [unitree_safe_cmd_node]: Move x=0.400, z=-0.026, stop_count=0, roi_count=0, nearest_x=inf, clear_frames=81
[INFO] [1783340289.994800645] [unitree_safe_cmd_node]: Move x=0.400, z=0.007, stop_count=0, roi_count=0, nearest_x=inf, clear_frames=87
[INFO] [1783340290.543365207] [unitree_safe_cmd_node]: Move x=0.400, z=-0.005, stop_count=0, roi_count=0, nearest_x=inf, clear_frames=92
[INFO] [1783340291.044742908] [unitree_safe_cmd_node]: Move x=0.400, z=-0.000, stop_count=0, roi_count=0, nearest_x=inf, clear_frames=96
[INFO] [1783340291.591973389] [unitree_safe_cmd_node]: Move x=0.400, z=0.016, stop_count=0, roi_count=0, nearest_x=inf, clear_frames=101
[INFO] [1783340292.095131059] [unitree_safe_cmd_node]: Move x=0.400, z=0.029, stop_count=0, roi_count=0, nearest_x=inf, clear_frames=107
[INFO] [1783340292.641561880] [unitree_safe_cmd_node]: Move x=0.400, z=0.030, stop_count=0, roi_count=0, nearest_x=inf, clear_frames=112
[INFO] [1783340293.141676266] [unitree_safe_cmd_node]: Move x=0.400, z=-0.015, stop_count=0, roi_count=0, nearest_x=inf, clear_frames=117
[INFO] [1783340293.691492972] [unitree_safe_cmd_node]: Move x=0.400, z=-0.031, stop_count=0, roi_count=0, nearest_x=inf, clear_frames=123
[INFO] [1783340294.192228485] [unitree_safe_cmd_node]: Move x=0.400, z=-0.022, stop_count=0, roi_count=0, nearest_x=inf, clear_frames=127
[INFO] [1783340294.694600929] [unitree_safe_cmd_node]: Move x=0.400, z=-0.016, stop_count=0, roi_count=0, nearest_x=inf, clear_frames=133
[INFO] [1783340295.241562489] [unitree_safe_cmd_node]: Move x=0.400, z=-0.007, stop_count=0, roi_count=0, nearest_x=inf, clear_frames=138
[INFO] [1783340295.791444905] [unitree_safe_cmd_node]: Move x=0.400, z=0.005, stop_count=0, roi_count=0, nearest_x=inf, clear_frames=144
[INFO] [1783340296.291505552] [unitree_safe_cmd_node]: Move x=0.400, z=0.019, stop_count=0, roi_count=0, nearest_x=inf, clear_frames=149
[INFO] [1783340296.842946641] [unitree_safe_cmd_node]: Move x=0.400, z=0.003, stop_count=0, roi_count=0, nearest_x=inf, clear_frames=154
[INFO] [1783340297.342114103] [unitree_safe_cmd_node]: Move x=0.400, z=-0.040, stop_count=0, roi_count=0, nearest_x=inf, clear_frames=158
[INFO] [1783340297.892149352] [unitree_safe_cmd_node]: Move x=0.400, z=0.087, stop_count=0, roi_count=0, nearest_x=inf, clear_frames=162
[INFO] [1783340298.392270012] [unitree_safe_cmd_node]: Move x=0.400, z=0.072, stop_count=0, roi_count=0, nearest_x=inf, clear_frames=166
[INFO] [1783340298.942046293] [unitree_safe_cmd_node]: Move x=0.400, z=0.066, stop_count=0, roi_count=0, nearest_x=inf, clear_frames=172
[INFO] [1783340299.494182157] [unitree_safe_cmd_node]: Move x=0.400, z=0.012, stop_count=0, roi_count=0, nearest_x=inf, clear_frames=178
[INFO] [1783340300.041977049] [unitree_safe_cmd_node]: Move x=0.400, z=0.017, stop_count=0, roi_count=0, nearest_x=inf, clear_frames=183
[INFO] [1783340300.591583309] [unitree_safe_cmd_node]: Move x=0.400, z=0.000, stop_count=0, roi_count=0, nearest_x=inf, clear_frames=188
[INFO] [1783340301.112195640] [unitree_safe_cmd_node]: Move x=0.400, z=-0.011, stop_count=0, roi_count=0, nearest_x=inf, clear_frames=193
[INFO] [1783340301.641677509] [unitree_safe_cmd_node]: Move x=0.400, z=0.021, stop_count=0, roi_count=0, nearest_x=inf, clear_frames=198
[INFO] [1783340302.191452510] [unitree_safe_cmd_node]: Move x=0.400, z=0.023, stop_count=0, roi_count=0, nearest_x=inf, clear_frames=204
[INFO] [1783340302.694924168] [unitree_safe_cmd_node]: Move x=0.400, z=-0.008, stop_count=0, roi_count=0, nearest_x=inf, clear_frames=209
[INFO] [1783340303.241595616] [unitree_safe_cmd_node]: Move x=0.400, z=-0.008, stop_count=0, roi_count=0, nearest_x=inf, clear_frames=214
[INFO] [1783340303.741757277] [unitree_safe_cmd_node]: Move x=0.400, z=0.013, stop_count=0, roi_count=0, nearest_x=inf, clear_frames=219
[INFO] [1783340304.242479252] [unitree_safe_cmd_node]: Move x=0.400, z=-0.041, stop_count=0, roi_count=0, nearest_x=inf, clear_frames=224
[INFO] [1783340304.795380882] [unitree_safe_cmd_node]: Move x=0.400, z=-0.004, stop_count=0, roi_count=0, nearest_x=inf, clear_frames=230
[INFO] [1783340305.341905386] [unitree_safe_cmd_node]: Move x=0.400, z=-0.010, stop_count=0, roi_count=0, nearest_x=inf, clear_frames=235
[INFO] [1783340305.891841318] [unitree_safe_cmd_node]: Move x=0.400, z=0.051, stop_count=0, roi_count=0, nearest_x=inf, clear_frames=241
[INFO] [1783340306.395509306] [unitree_safe_cmd_node]: Move x=0.400, z=0.059, stop_count=0, roi_count=0, nearest_x=inf, clear_frames=245
[INFO] [1783340306.941920314] [unitree_safe_cmd_node]: Move x=0.400, z=0.009, stop_count=0, roi_count=0, nearest_x=inf, clear_frames=250
[INFO] [1783340307.492607385] [unitree_safe_cmd_node]: Move x=0.400, z=-0.016, stop_count=0, roi_count=0, nearest_x=inf, clear_frames=254
[INFO] [1783340307.992133388] [unitree_safe_cmd_node]: Move x=0.400, z=-0.002, stop_count=0, roi_count=0, nearest_x=inf, clear_frames=258
[INFO] [1783340308.494286712] [unitree_safe_cmd_node]: Move x=0.400, z=0.009, stop_count=0, roi_count=0, nearest_x=inf, clear_frames=263
[INFO] [1783340308.993982641] [unitree_safe_cmd_node]: Move x=0.400, z=0.014, stop_count=0, roi_count=44, nearest_x=0.62, clear_frames=269
[INFO] [1783340309.541570287] [unitree_safe_cmd_node]: Move x=0.400, z=-0.015, stop_count=0, roi_count=101, nearest_x=0.54, clear_frames=274
[INFO] [1783340310.091453632] [unitree_safe_cmd_node]: Move x=0.400, z=-0.018, stop_count=0, roi_count=84, nearest_x=0.40, clear_frames=280
[WARN] [1783340310.393799224] [unitree_safe_cmd_node]: OBSTACLE DETECTED: stop_count=15, roi_count=64, nearest_x=0.35
[WARN] [1783340310.591578165] [unitree_safe_cmd_node]: SAFE OVERRIDE obstacle: Move x=0.000, z=0.000, raw_x=0.400, raw_z=-0.014, stop_count=18, roi_count=41, nearest_x=0.35, clear_frames=0
[WARN] [1783340311.092342260] [unitree_safe_cmd_node]: SAFE OVERRIDE obstacle: Move x=0.000, z=0.000, raw_x=0.400, raw_z=0.001, stop_count=17, roi_count=44, nearest_x=0.35, clear_frames=0
[WARN] [1783340311.641828334] [unitree_safe_cmd_node]: SAFE OVERRIDE obstacle: Move x=0.000, z=0.000, raw_x=0.400, raw_z=-0.010, stop_count=16, roi_count=42, nearest_x=0.35, clear_frames=0
[INFO] [1783340312.186165165] [unitree_safe_cmd_node]: obstacle cleared after 5 clear frames, resume move
[INFO] [1783340312.191255036] [unitree_safe_cmd_node]: Move x=0.400, z=-0.006, stop_count=1, roi_count=19, nearest_x=0.39, clear_frames=5
[INFO] [1783340312.692635104] [unitree_safe_cmd_node]: Move x=0.400, z=-0.026, stop_count=5, roi_count=9, nearest_x=0.35, clear_frames=10
[INFO] [1783340313.241534748] [unitree_safe_cmd_node]: Move x=0.400, z=-0.078, stop_count=1, roi_count=1, nearest_x=0.36, clear_frames=15
[INFO] [1783340313.741899333] [unitree_safe_cmd_node]: Move x=0.400, z=-0.084, stop_count=0, roi_count=0, nearest_x=inf, clear_frames=20
[INFO] [1783340314.294970567] [unitree_safe_cmd_node]: Move x=0.400, z=-0.096, stop_count=0, roi_count=0, nearest_x=inf, clear_frames=25
[INFO] [1783340314.842609521] [unitree_safe_cmd_node]: Move x=0.400, z=-0.043, stop_count=0, roi_count=0, nearest_x=inf, clear_frames=29
[INFO] [1783340315.396385997] [unitree_safe_cmd_node]: Move x=0.400, z=-0.016, stop_count=0, roi_count=0, nearest_x=inf, clear_frames=34
[INFO] [1783340315.941951446] [unitree_safe_cmd_node]: Move x=0.400, z=-0.052, stop_count=0, roi_count=0, nearest_x=inf, clear_frames=39
[INFO] [1783340316.442035010] [unitree_safe_cmd_node]: Move x=0.400, z=-0.054, stop_count=0, roi_count=0, nearest_x=inf, clear_frames=43
[INFO] [1783340316.991481235] [unitree_safe_cmd_node]: Move x=0.400, z=-0.024, stop_count=0, roi_count=0, nearest_x=inf, clear_frames=49
[INFO] [1783340317.492541843] [unitree_safe_cmd_node]: Move x=0.400, z=-0.011, stop_count=0, roi_count=0, nearest_x=inf, clear_frames=54
[INFO] [1783340318.042154568] [unitree_safe_cmd_node]: Move x=0.400, z=0.001, stop_count=0, roi_count=0, nearest_x=inf, clear_frames=59
[INFO] [1783340318.591738360] [unitree_safe_cmd_node]: Move x=0.400, z=-0.010, stop_count=0, roi_count=0, nearest_x=inf, clear_frames=64
[INFO] [1783340319.091686823] [unitree_safe_cmd_node]: Move x=0.400, z=-0.024, stop_count=0, roi_count=0, nearest_x=inf, clear_frames=69
[INFO] [1783340319.594353314] [unitree_safe_cmd_node]: Move x=0.400, z=0.008, stop_count=0, roi_count=0, nearest_x=inf, clear_frames=74
[INFO] [1783340320.095595529] [unitree_safe_cmd_node]: Move x=0.400, z=0.027, stop_count=0, roi_count=0, nearest_x=inf, clear_frames=79
[INFO] [1783340320.641608307] [unitree_safe_cmd_node]: Move x=0.400, z=0.025, stop_count=0, roi_count=0, nearest_x=inf, clear_frames=84
[INFO] [1783340321.191713939] [unitree_safe_cmd_node]: Move x=0.400, z=-0.007, stop_count=0, roi_count=0, nearest_x=inf, clear_frames=89
[INFO] [1783340321.692158830] [unitree_safe_cmd_node]: Move x=0.400, z=0.008, stop_count=0, roi_count=0, nearest_x=inf, clear_frames=93
[INFO] [1783340322.241600478] [unitree_safe_cmd_node]: Move x=0.400, z=0.025, stop_count=0, roi_count=0, nearest_x=inf, clear_frames=99
[INFO] [1783340322.741993773] [unitree_safe_cmd_node]: Move x=0.400, z=0.012, stop_count=0, roi_count=0, nearest_x=inf, clear_frames=104
[INFO] [1783340323.242025294] [unitree_safe_cmd_node]: Move x=0.400, z=-0.027, stop_count=0, roi_count=0, nearest_x=inf, clear_frames=109
[INFO] [1783340323.791976429] [unitree_safe_cmd_node]: Move x=0.400, z=0.044, stop_count=0, roi_count=0, nearest_x=inf, clear_frames=115
[INFO] [1783340324.342105747] [unitree_safe_cmd_node]: Move x=0.400, z=-0.053, stop_count=0, roi_count=0, nearest_x=inf, clear_frames=120
[INFO] [1783340324.841980465] [unitree_safe_cmd_node]: Move x=0.400, z=-0.013, stop_count=0, roi_count=0, nearest_x=inf, clear_frames=125
[INFO] [1783340325.391779631] [unitree_safe_cmd_node]: Move x=0.400, z=-0.001, stop_count=0, roi_count=0, nearest_x=inf, clear_frames=131
[INFO] [1783340325.941704329] [unitree_safe_cmd_node]: Move x=0.400, z=0.045, stop_count=0, roi_count=0, nearest_x=inf, clear_frames=136
[INFO] [1783340326.491478369] [unitree_safe_cmd_node]: Move x=0.400, z=0.030, stop_count=0, roi_count=0, nearest_x=inf, clear_frames=142
[INFO] [1783340327.041458278] [unitree_safe_cmd_node]: Move x=0.400, z=0.073, stop_count=0, roi_count=0, nearest_x=inf, clear_frames=147
[INFO] [1783340327.541503658] [unitree_safe_cmd_node]: Move x=0.400, z=0.024, stop_count=0, roi_count=0, nearest_x=inf, clear_frames=152
[INFO] [1783340328.042491610] [unitree_safe_cmd_node]: Move x=0.400, z=0.020, stop_count=0, roi_count=0, nearest_x=inf, clear_frames=157
[INFO] [1783340328.545119309] [unitree_safe_cmd_node]: Move x=0.400, z=0.011, stop_count=0, roi_count=0, nearest_x=inf, clear_frames=161
[INFO] [1783340329.091573238] [unitree_safe_cmd_node]: Move x=0.400, z=-0.038, stop_count=0, roi_count=0, nearest_x=inf, clear_frames=167
[INFO] [1783340329.592171442] [unitree_safe_cmd_node]: Move x=0.400, z=-0.030, stop_count=0, roi_count=0, nearest_x=inf, clear_frames=172
[INFO] [1783340330.141722554] [unitree_safe_cmd_node]: Move x=0.400, z=0.011, stop_count=0, roi_count=0, nearest_x=inf, clear_frames=176
[INFO] [1783340330.641901627] [unitree_safe_cmd_node]: Move x=0.400, z=-0.030, stop_count=0, roi_count=0, nearest_x=inf, clear_frames=181
[INFO] [1783340331.191854458] [unitree_safe_cmd_node]: Move x=0.400, z=-0.008, stop_count=0, roi_count=0, nearest_x=inf, clear_frames=186
[INFO] [1783340331.692011350] [unitree_safe_cmd_node]: Move x=0.400, z=-0.013, stop_count=0, roi_count=0, nearest_x=inf, clear_frames=191
[INFO] [1783340332.242078894] [unitree_safe_cmd_node]: Move x=0.400, z=0.004, stop_count=0, roi_count=0, nearest_x=inf, clear_frames=196
[INFO] [1783340332.792187855] [unitree_safe_cmd_node]: Move x=0.400, z=0.005, stop_count=0, roi_count=0, nearest_x=inf, clear_frames=201
[INFO] [1783340333.341853520] [unitree_safe_cmd_node]: Move x=0.400, z=0.029, stop_count=0, roi_count=0, nearest_x=inf, clear_frames=207
[INFO] [1783340333.891425565] [unitree_safe_cmd_node]: Move x=0.400, z=0.041, stop_count=0, roi_count=0, nearest_x=inf, clear_frames=213
[INFO] [1783340334.394944818] [unitree_safe_cmd_node]: Move x=0.400, z=0.005, stop_count=0, roi_count=0, nearest_x=inf, clear_frames=218
[INFO] [1783340334.942575514] [unitree_safe_cmd_node]: Move x=0.400, z=-0.001, stop_count=0, roi_count=0, nearest_x=inf, clear_frames=223
[INFO] [1783340335.495432078] [unitree_safe_cmd_node]: Move x=0.400, z=0.031, stop_count=0, roi_count=0, nearest_x=inf, clear_frames=229
[INFO] [1783340336.041531946] [unitree_safe_cmd_node]: Move x=0.400, z=0.031, stop_count=0, roi_count=0, nearest_x=inf, clear_frames=234
[INFO] [1783340336.541556490] [unitree_safe_cmd_node]: Move x=0.400, z=0.049, stop_count=0, roi_count=0, nearest_x=inf, clear_frames=239
[INFO] [1783340337.091430808] [unitree_safe_cmd_node]: Move x=0.400, z=-0.023, stop_count=0, roi_count=0, nearest_x=inf, clear_frames=245
[INFO] [1783340337.591513444] [unitree_safe_cmd_node]: Move x=0.400, z=-0.006, stop_count=0, roi_count=0, nearest_x=inf, clear_frames=250
[INFO] [1783340338.091968513] [unitree_safe_cmd_node]: Move x=0.400, z=0.006, stop_count=0, roi_count=0, nearest_x=inf, clear_frames=254
[INFO] [1783340338.591994176] [unitree_safe_cmd_node]: Move x=0.400, z=-0.088, stop_count=0, roi_count=0, nearest_x=inf, clear_frames=258
[INFO] [1783340339.141809794] [unitree_safe_cmd_node]: Move x=0.400, z=-0.065, stop_count=0, roi_count=0, nearest_x=inf, clear_frames=264
[INFO] [1783340339.642049424] [unitree_safe_cmd_node]: Move x=0.400, z=0.013, stop_count=0, roi_count=0, nearest_x=inf, clear_frames=269
[INFO] [1783340340.191915612] [unitree_safe_cmd_node]: Move x=0.400, z=0.006, stop_count=0, roi_count=0, nearest_x=inf, clear_frames=275
[INFO] [1783340340.691900243] [unitree_safe_cmd_node]: Move x=0.400, z=0.012, stop_count=0, roi_count=0, nearest_x=inf, clear_frames=279
[INFO] [1783340341.191958905] [unitree_safe_cmd_node]: Move x=0.400, z=-0.018, stop_count=0, roi_count=0, nearest_x=inf, clear_frames=284
[INFO] [1783340341.692121719] [unitree_safe_cmd_node]: Move x=0.400, z=0.011, stop_count=0, roi_count=0, nearest_x=inf, clear_frames=288
[INFO] [1783340342.241611218] [unitree_safe_cmd_node]: Move x=0.400, z=0.029, stop_count=0, roi_count=0, nearest_x=inf, clear_frames=294
[INFO] [1783340342.793325070] [unitree_safe_cmd_node]: Move x=0.400, z=0.046, stop_count=0, roi_count=0, nearest_x=inf, clear_frames=300
[INFO] [1783340343.341545142] [unitree_safe_cmd_node]: Move x=0.400, z=-0.012, stop_count=0, roi_count=0, nearest_x=inf, clear_frames=305
[INFO] [1783340343.842002195] [unitree_safe_cmd_node]: Move x=0.400, z=0.006, stop_count=0, roi_count=0, nearest_x=inf, clear_frames=310
[INFO] [1783340344.392241264] [unitree_safe_cmd_node]: Move x=0.400, z=-0.010, stop_count=0, roi_count=0, nearest_x=inf, clear_frames=316
[INFO] [1783340344.892306008] [unitree_safe_cmd_node]: Move x=0.400, z=0.010, stop_count=0, roi_count=0, nearest_x=inf, clear_frames=321
[INFO] [1783340345.442616869] [unitree_safe_cmd_node]: Move x=0.400, z=0.007, stop_count=0, roi_count=0, nearest_x=inf, clear_frames=326
[INFO] [1783340345.991695335] [unitree_safe_cmd_node]: Move x=0.400, z=-0.035, stop_count=0, roi_count=0, nearest_x=inf, clear_frames=332
[INFO] [1783340346.491936437] [unitree_safe_cmd_node]: Move x=0.400, z=-0.019, stop_count=0, roi_count=0, nearest_x=inf, clear_frames=336
[INFO] [1783340347.042165584] [unitree_safe_cmd_node]: Move x=0.400, z=-0.002, stop_count=0, roi_count=0, nearest_x=inf, clear_frames=342
[INFO] [1783340347.592105965] [unitree_safe_cmd_node]: Move x=0.400, z=0.080, stop_count=0, roi_count=0, nearest_x=inf, clear_frames=347
[INFO] [1783340348.094409178] [unitree_safe_cmd_node]: Move x=0.400, z=0.038, stop_count=0, roi_count=0, nearest_x=inf, clear_frames=353
[INFO] [1783340348.646835345] [unitree_safe_cmd_node]: Move x=0.400, z=0.017, stop_count=0, roi_count=0, nearest_x=inf, clear_frames=358
[INFO] [1783340349.193664363] [unitree_safe_cmd_node]: Move x=0.400, z=0.012, stop_count=0, roi_count=0, nearest_x=inf, clear_frames=362
[INFO] [1783340349.741605751] [unitree_safe_cmd_node]: Move x=0.400, z=0.002, stop_count=0, roi_count=0, nearest_x=inf, clear_frames=368
[INFO] [1783340350.242096635] [unitree_safe_cmd_node]: Move x=0.400, z=-0.100, stop_count=0, roi_count=0, nearest_x=inf, clear_frames=373
[INFO] [1783340350.792243844] [unitree_safe_cmd_node]: Move x=0.400, z=-0.098, stop_count=0, roi_count=0, nearest_x=inf, clear_frames=378
[INFO] [1783340351.341571164] [unitree_safe_cmd_node]: Move x=0.400, z=-0.055, stop_count=0, roi_count=0, nearest_x=inf, clear_frames=384
[INFO] [1783340351.841589786] [unitree_safe_cmd_node]: Move x=0.400, z=0.070, stop_count=0, roi_count=0, nearest_x=inf, clear_frames=389
[INFO] [1783340352.342364604] [unitree_safe_cmd_node]: Move x=0.400, z=0.027, stop_count=0, roi_count=0, nearest_x=inf, clear_frames=394
[INFO] [1783340352.891450111] [unitree_safe_cmd_node]: Move x=0.400, z=0.062, stop_count=0, roi_count=0, nearest_x=inf, clear_frames=400
[INFO] [1783340353.391832972] [unitree_safe_cmd_node]: Move x=0.400, z=0.060, stop_count=0, roi_count=0, nearest_x=inf, clear_frames=404
[INFO] [1783340353.894738620] [unitree_safe_cmd_node]: Move x=0.400, z=0.033, stop_count=0, roi_count=0, nearest_x=inf, clear_frames=410
[INFO] [1783340354.441675374] [unitree_safe_cmd_node]: Move x=0.400, z=-0.048, stop_count=0, roi_count=0, nearest_x=inf, clear_frames=415
[INFO] [1783340354.941881716] [unitree_safe_cmd_node]: Move x=0.400, z=-0.042, stop_count=0, roi_count=0, nearest_x=inf, clear_frames=419
[INFO] [1783340355.443468742] [unitree_safe_cmd_node]: Move x=0.400, z=-0.056, stop_count=0, roi_count=0, nearest_x=inf, clear_frames=424
[INFO] [1783340355.991787555] [unitree_safe_cmd_node]: Move x=0.400, z=-0.063, stop_count=0, roi_count=0, nearest_x=inf, clear_frames=429
[INFO] [1783340356.491922907] [unitree_safe_cmd_node]: Move x=0.400, z=0.130, stop_count=0, roi_count=0, nearest_x=inf, clear_frames=434
[INFO] [1783340356.991986723] [unitree_safe_cmd_node]: Move x=0.400, z=0.064, stop_count=0, roi_count=0, nearest_x=inf, clear_frames=439
[INFO] [1783340357.491944500] [unitree_safe_cmd_node]: Move x=0.400, z=0.057, stop_count=0, roi_count=0, nearest_x=inf, clear_frames=444
[INFO] [1783340358.041653982] [unitree_safe_cmd_node]: Move x=0.400, z=0.028, stop_count=0, roi_count=0, nearest_x=inf, clear_frames=450
[INFO] [1783340358.594320809] [unitree_safe_cmd_node]: Move x=0.400, z=0.013, stop_count=0, roi_count=0, nearest_x=inf, clear_frames=456
[INFO] [1783340359.141858045] [unitree_safe_cmd_node]: Move x=0.400, z=-0.027, stop_count=0, roi_count=0, nearest_x=inf, clear_frames=461
[INFO] [1783340359.694536139] [unitree_safe_cmd_node]: Move x=0.400, z=-0.030, stop_count=0, roi_count=0, nearest_x=inf, clear_frames=467
[INFO] [1783340360.196237877] [unitree_safe_cmd_node]: Move x=0.400, z=-0.021, stop_count=0, roi_count=0, nearest_x=inf, clear_frames=472
[INFO] [1783340360.741532387] [unitree_safe_cmd_node]: Move x=0.400, z=0.026, stop_count=0, roi_count=0, nearest_x=inf, clear_frames=477
[INFO] [1783340361.241673532] [unitree_safe_cmd_node]: Move x=0.400, z=-0.024, stop_count=0, roi_count=0, nearest_x=inf, clear_frames=482
[INFO] [1783340361.795041343] [unitree_safe_cmd_node]: Move x=0.400, z=0.032, stop_count=0, roi_count=0, nearest_x=inf, clear_frames=487
[INFO] [1783340362.342231592] [unitree_safe_cmd_node]: Move x=0.400, z=0.038, stop_count=0, roi_count=0, nearest_x=inf, clear_frames=491
[INFO] [1783340362.891930544] [unitree_safe_cmd_node]: Move x=0.400, z=-0.002, stop_count=0, roi_count=0, nearest_x=inf, clear_frames=497
[INFO] [1783340363.392015164] [unitree_safe_cmd_node]: Move x=0.400, z=0.013, stop_count=0, roi_count=0, nearest_x=inf, clear_frames=502
[INFO] [1783340363.892056831] [unitree_safe_cmd_node]: Move x=0.400, z=0.002, stop_count=0, roi_count=0, nearest_x=inf, clear_frames=507
[INFO] [1783340364.441983449] [unitree_safe_cmd_node]: Move x=0.400, z=-0.007, stop_count=0, roi_count=0, nearest_x=inf, clear_frames=513
[INFO] [1783340364.992018058] [unitree_safe_cmd_node]: Move x=0.400, z=0.011, stop_count=0, roi_count=0, nearest_x=inf, clear_frames=518
[INFO] [1783340365.492547991] [unitree_safe_cmd_node]: Move x=0.400, z=0.003, stop_count=0, roi_count=0, nearest_x=inf, clear_frames=523
[INFO] [1783340366.041487162] [unitree_safe_cmd_node]: Move x=0.400, z=-0.017, stop_count=0, roi_count=0, nearest_x=inf, clear_frames=529
[INFO] [1783340366.541536383] [unitree_safe_cmd_node]: Move x=0.400, z=-0.049, stop_count=0, roi_count=0, nearest_x=inf, clear_frames=534
[INFO] [1783340367.091602839] [unitree_safe_cmd_node]: Move x=0.400, z=-0.049, stop_count=0, roi_count=0, nearest_x=inf, clear_frames=539
[INFO] [1783340367.592132932] [unitree_safe_cmd_node]: Move x=0.400, z=0.011, stop_count=0, roi_count=0, nearest_x=inf, clear_frames=544
[INFO] [1783340368.141821674] [unitree_safe_cmd_node]: Move x=0.400, z=-0.004, stop_count=0, roi_count=0, nearest_x=inf, clear_frames=549
[INFO] [1783340368.691926506] [unitree_safe_cmd_node]: Move x=0.400, z=-0.005, stop_count=0, roi_count=0, nearest_x=inf, clear_frames=554
[INFO] [1783340369.248606586] [unitree_safe_cmd_node]: Move x=0.400, z=0.019, stop_count=0, roi_count=0, nearest_x=inf, clear_frames=558
[INFO] [1783340369.792385632] [unitree_safe_cmd_node]: Move x=0.400, z=-0.003, stop_count=0, roi_count=0, nearest_x=inf, clear_frames=564
[INFO] [1783340370.292647603] [unitree_safe_cmd_node]: Move x=0.400, z=-0.025, stop_count=0, roi_count=0, nearest_x=inf, clear_frames=569
[INFO] [1783340370.842162675] [unitree_safe_cmd_node]: Move x=0.400, z=0.012, stop_count=0, roi_count=0, nearest_x=inf, clear_frames=574
[INFO] [1783340371.392032865] [unitree_safe_cmd_node]: Move x=0.400, z=0.011, stop_count=0, roi_count=0, nearest_x=inf, clear_frames=579
[INFO] [1783340371.941884298] [unitree_safe_cmd_node]: Move x=0.400, z=0.041, stop_count=0, roi_count=0, nearest_x=inf, clear_frames=585
[INFO] [1783340372.442612354] [unitree_safe_cmd_node]: Move x=0.400, z=-0.028, stop_count=0, roi_count=0, nearest_x=inf, clear_frames=589
[INFO] [1783340372.992230008] [unitree_safe_cmd_node]: Move x=0.400, z=-0.031, stop_count=0, roi_count=0, nearest_x=inf, clear_frames=594
[INFO] [1783340373.541845454] [unitree_safe_cmd_node]: Move x=0.400, z=0.016, stop_count=0, roi_count=0, nearest_x=inf, clear_frames=600
[INFO] [1783340374.103802294] [unitree_safe_cmd_node]: Move x=0.400, z=-0.012, stop_count=0, roi_count=0, nearest_x=inf, clear_frames=605
[INFO] [1783340374.641571078] [unitree_safe_cmd_node]: Move x=0.400, z=-0.021, stop_count=0, roi_count=0, nearest_x=inf, clear_frames=610
[INFO] [1783340375.143306808] [unitree_safe_cmd_node]: Move x=0.400, z=0.018, stop_count=0, roi_count=0, nearest_x=inf, clear_frames=614
[INFO] [1783340375.691919061] [unitree_safe_cmd_node]: Move x=0.400, z=0.018, stop_count=0, roi_count=0, nearest_x=inf, clear_frames=619
[INFO] [1783340376.241676617] [unitree_safe_cmd_node]: Move x=0.400, z=0.007, stop_count=0, roi_count=0, nearest_x=inf, clear_frames=623
[INFO] [1783340376.741562315] [unitree_safe_cmd_node]: Move x=0.400, z=-0.003, stop_count=0, roi_count=0, nearest_x=inf, clear_frames=628
[INFO] [1783340377.292557964] [unitree_safe_cmd_node]: Move x=0.400, z=0.018, stop_count=0, roi_count=0, nearest_x=inf, clear_frames=634
[INFO] [1783340377.841534039] [unitree_safe_cmd_node]: Move x=0.400, z=0.026, stop_count=0, roi_count=0, nearest_x=inf, clear_frames=639
[INFO] [1783340378.341572570] [unitree_safe_cmd_node]: Move x=0.400, z=-0.013, stop_count=0, roi_count=0, nearest_x=inf, clear_frames=644
[INFO] [1783340378.892704985] [unitree_safe_cmd_node]: Move x=0.400, z=-0.012, stop_count=0, roi_count=0, nearest_x=inf, clear_frames=650
[INFO] [1783340379.442639828] [unitree_safe_cmd_node]: Move x=0.400, z=0.030, stop_count=0, roi_count=0, nearest_x=inf, clear_frames=653
[INFO] [1783340379.992216962] [unitree_safe_cmd_node]: Move x=0.400, z=-0.339, stop_count=0, roi_count=0, nearest_x=inf, clear_frames=658
[INFO] [1783340380.542165536] [unitree_safe_cmd_node]: Move x=0.400, z=-0.233, stop_count=0, roi_count=0, nearest_x=inf, clear_frames=664
[INFO] [1783340381.042024732] [unitree_safe_cmd_node]: Move x=0.200, z=-0.450, stop_count=0, roi_count=0, nearest_x=inf, clear_frames=669
[INFO] [1783340381.591967096] [unitree_safe_cmd_node]: Move x=0.200, z=-0.450, stop_count=0, roi_count=0, nearest_x=inf, clear_frames=674
[INFO] [1783340382.095227445] [unitree_safe_cmd_node]: Move x=0.200, z=-0.450, stop_count=0, roi_count=0, nearest_x=inf, clear_frames=680
[INFO] [1783340382.642052206] [unitree_safe_cmd_node]: Move x=0.200, z=-0.450, stop_count=0, roi_count=0, nearest_x=inf, clear_frames=684
[INFO] [1783340383.191641727] [unitree_safe_cmd_node]: Move x=0.400, z=-0.443, stop_count=0, roi_count=0, nearest_x=inf, clear_frames=691
[INFO] [1783340383.741497673] [unitree_safe_cmd_node]: Move x=0.200, z=-0.450, stop_count=0, roi_count=0, nearest_x=inf, clear_frames=696
[INFO] [1783340384.241535275] [unitree_safe_cmd_node]: Move x=0.400, z=-0.288, stop_count=0, roi_count=0, nearest_x=inf, clear_frames=701
[INFO] [1783340384.791491659] [unitree_safe_cmd_node]: Move x=0.400, z=-0.172, stop_count=0, roi_count=0, nearest_x=inf, clear_frames=707
[INFO] [1783340385.341539615] [unitree_safe_cmd_node]: Move x=0.400, z=-0.135, stop_count=0, roi_count=0, nearest_x=inf, clear_frames=712
[INFO] [1783340385.842174819] [unitree_safe_cmd_node]: Move x=0.400, z=-0.095, stop_count=0, roi_count=0, nearest_x=inf, clear_frames=717
[INFO] [1783340386.392355955] [unitree_safe_cmd_node]: Move x=0.400, z=-0.079, stop_count=0, roi_count=0, nearest_x=inf, clear_frames=721
[INFO] [1783340386.892444609] [unitree_safe_cmd_node]: Move x=0.400, z=-0.009, stop_count=0, roi_count=0, nearest_x=inf, clear_frames=727
[INFO] [1783340387.393713165] [unitree_safe_cmd_node]: Move x=0.400, z=0.029, stop_count=0, roi_count=0, nearest_x=inf, clear_frames=732
[INFO] [1783340387.941901486] [unitree_safe_cmd_node]: Move x=0.400, z=-0.007, stop_count=0, roi_count=0, nearest_x=inf, clear_frames=736
[INFO] [1783340388.441988635] [unitree_safe_cmd_node]: Move x=0.400, z=0.035, stop_count=0, roi_count=0, nearest_x=inf, clear_frames=739
[INFO] [1783340388.991901362] [unitree_safe_cmd_node]: Move x=0.400, z=-0.002, stop_count=0, roi_count=0, nearest_x=inf, clear_frames=744
[INFO] [1783340389.541903548] [unitree_safe_cmd_node]: Move x=0.400, z=0.017, stop_count=0, roi_count=0, nearest_x=inf, clear_frames=749
[INFO] [1783340390.091717437] [unitree_safe_cmd_node]: Move x=0.400, z=-0.168, stop_count=0, roi_count=0, nearest_x=inf, clear_frames=754
[INFO] [1783340390.591741948] [unitree_safe_cmd_node]: Move x=0.400, z=-0.047, stop_count=0, roi_count=0, nearest_x=inf, clear_frames=759
[INFO] [1783340391.143646050] [unitree_safe_cmd_node]: Move x=0.400, z=0.042, stop_count=0, roi_count=0, nearest_x=inf, clear_frames=764
[INFO] [1783340391.691496890] [unitree_safe_cmd_node]: Move x=0.400, z=0.040, stop_count=0, roi_count=0, nearest_x=inf, clear_frames=770
[INFO] [1783340392.195491541] [unitree_safe_cmd_node]: Move x=0.400, z=0.090, stop_count=0, roi_count=0, nearest_x=inf, clear_frames=775
[INFO] [1783340392.742091326] [unitree_safe_cmd_node]: Move x=0.400, z=-0.001, stop_count=0, roi_count=0, nearest_x=inf, clear_frames=780
[INFO] [1783340393.292187868] [unitree_safe_cmd_node]: Move x=0.400, z=-0.016, stop_count=0, roi_count=0, nearest_x=inf, clear_frames=786
[INFO] [1783340393.841493231] [unitree_safe_cmd_node]: Move x=0.400, z=0.001, stop_count=0, roi_count=0, nearest_x=inf, clear_frames=791
[INFO] [1783340394.341695349] [unitree_safe_cmd_node]: Move x=0.400, z=-0.039, stop_count=0, roi_count=0, nearest_x=inf, clear_frames=795
[INFO] [1783340394.841590200] [unitree_safe_cmd_node]: Move x=0.400, z=0.022, stop_count=0, roi_count=0, nearest_x=inf, clear_frames=800
[INFO] [1783340395.341592915] [unitree_safe_cmd_node]: Move x=0.400, z=-0.044, stop_count=0, roi_count=0, nearest_x=inf, clear_frames=805
[INFO] [1783340395.843116343] [unitree_safe_cmd_node]: Move x=0.400, z=0.033, stop_count=0, roi_count=0, nearest_x=inf, clear_frames=810
[INFO] [1783340396.391982411] [unitree_safe_cmd_node]: Move x=0.400, z=0.037, stop_count=0, roi_count=0, nearest_x=inf, clear_frames=815
[INFO] [1783340396.941801229] [unitree_safe_cmd_node]: Move x=0.400, z=0.117, stop_count=0, roi_count=0, nearest_x=inf, clear_frames=820
[INFO] [1783340397.442184058] [unitree_safe_cmd_node]: Move x=0.400, z=0.288, stop_count=0, roi_count=0, nearest_x=inf, clear_frames=824
[INFO] [1783340397.995937233] [unitree_safe_cmd_node]: Move x=0.000, z=0.450, stop_count=0, roi_count=0, nearest_x=inf, clear_frames=830
[INFO] [1783340398.542652818] [unitree_safe_cmd_node]: Move x=0.000, z=0.450, stop_count=0, roi_count=0, nearest_x=inf, clear_frames=835
[INFO] [1783340399.091587509] [unitree_safe_cmd_node]: Move x=0.000, z=0.450, stop_count=0, roi_count=0, nearest_x=inf, clear_frames=841
[INFO] [1783340399.592049779] [unitree_safe_cmd_node]: Move x=0.000, z=0.450, stop_count=0, roi_count=0, nearest_x=inf, clear_frames=846
[INFO] [1783340400.141543759] [unitree_safe_cmd_node]: Move x=0.000, z=0.450, stop_count=0, roi_count=0, nearest_x=inf, clear_frames=851
[INFO] [1783340400.641502976] [unitree_safe_cmd_node]: Move x=0.000, z=0.450, stop_count=0, roi_count=0, nearest_x=inf, clear_frames=856
[INFO] [1783340401.191564503] [unitree_safe_cmd_node]: Move x=0.000, z=0.450, stop_count=0, roi_count=13, nearest_x=0.40, clear_frames=862
[INFO] [1783340401.691895705] [unitree_safe_cmd_node]: Move x=0.000, z=0.450, stop_count=6, roi_count=25, nearest_x=0.37, clear_frames=867
[INFO] [1783340402.241715259] [unitree_safe_cmd_node]: Move x=0.000, z=0.450, stop_count=4, roi_count=35, nearest_x=0.37, clear_frames=872
[INFO] [1783340402.742125774] [unitree_safe_cmd_node]: Move x=0.000, z=0.450, stop_count=6, roi_count=40, nearest_x=0.36, clear_frames=877
[INFO] [1783340403.293097098] [unitree_safe_cmd_node]: Move x=0.000, z=0.450, stop_count=0, roi_count=79, nearest_x=0.42, clear_frames=883
[INFO] [1783340403.841787544] [unitree_safe_cmd_node]: Move x=0.000, z=0.450, stop_count=0, roi_count=82, nearest_x=0.45, clear_frames=887
[INFO] [1783340404.341958455] [unitree_safe_cmd_node]: Move x=0.000, z=0.450, stop_count=0, roi_count=99, nearest_x=0.41, clear_frames=892
[INFO] [1783340404.895516291] [unitree_safe_cmd_node]: Move x=0.000, z=0.450, stop_count=1, roi_count=83, nearest_x=0.40, clear_frames=898
[INFO] [1783340405.403551722] [unitree_safe_cmd_node]: Move x=0.000, z=0.450, stop_count=0, roi_count=71, nearest_x=0.41, clear_frames=902
[INFO] [1783340405.943739878] [unitree_safe_cmd_node]: Move x=0.000, z=0.450, stop_count=1, roi_count=60, nearest_x=0.40, clear_frames=907
[INFO] [1783340406.498123140] [unitree_safe_cmd_node]: Move x=0.000, z=0.450, stop_count=0, roi_count=39, nearest_x=0.42, clear_frames=912
[INFO] [1783340407.041823161] [unitree_safe_cmd_node]: Move x=0.000, z=0.450, stop_count=0, roi_count=15, nearest_x=0.48, clear_frames=918
[INFO] [1783340407.592291816] [unitree_safe_cmd_node]: Move x=0.000, z=0.450, stop_count=0, roi_count=0, nearest_x=inf, clear_frames=924
[INFO] [1783340408.141516202] [unitree_safe_cmd_node]: Move x=0.000, z=0.450, stop_count=0, roi_count=0, nearest_x=inf, clear_frames=929
[INFO] [1783340408.696600000] [unitree_safe_cmd_node]: Move x=0.200, z=0.450, stop_count=0, roi_count=0, nearest_x=inf, clear_frames=935
[INFO] [1783340409.241672638] [unitree_safe_cmd_node]: Move x=0.200, z=0.450, stop_count=0, roi_count=0, nearest_x=inf, clear_frames=940
[INFO] [1783340409.741771790] [unitree_safe_cmd_node]: Move x=0.200, z=0.450, stop_count=0, roi_count=0, nearest_x=inf, clear_frames=945
[INFO] [1783340410.295457366] [unitree_safe_cmd_node]: Move x=0.400, z=0.410, stop_count=0, roi_count=0, nearest_x=inf, clear_frames=951
[INFO] [1783340410.841498501] [unitree_safe_cmd_node]: Move x=0.400, z=0.250, stop_count=0, roi_count=0, nearest_x=inf, clear_frames=956
[INFO] [1783340411.341525733] [unitree_safe_cmd_node]: Move x=0.400, z=0.133, stop_count=0, roi_count=0, nearest_x=inf, clear_frames=961
[INFO] [1783340411.891747647] [unitree_safe_cmd_node]: Move x=0.400, z=-0.004, stop_count=0, roi_count=0, nearest_x=inf, clear_frames=966
[INFO] [1783340412.392510686] [unitree_safe_cmd_node]: Move x=0.400, z=-0.030, stop_count=0, roi_count=0, nearest_x=inf, clear_frames=971
[INFO] [1783340412.891868941] [unitree_safe_cmd_node]: Move x=0.400, z=-0.071, stop_count=0, roi_count=0, nearest_x=inf, clear_frames=974
[INFO] [1783340413.393311392] [unitree_safe_cmd_node]: Move x=0.400, z=-0.017, stop_count=0, roi_count=0, nearest_x=inf, clear_frames=978
[INFO] [1783340413.941886196] [unitree_safe_cmd_node]: Move x=0.400, z=-0.107, stop_count=0, roi_count=0, nearest_x=inf, clear_frames=984
[INFO] [1783340414.441963967] [unitree_safe_cmd_node]: Move x=0.400, z=-0.062, stop_count=0, roi_count=0, nearest_x=inf, clear_frames=989
[INFO] [1783340414.991866644] [unitree_safe_cmd_node]: Move x=0.400, z=-0.062, stop_count=0, roi_count=0, nearest_x=inf, clear_frames=994
[INFO] [1783340415.493676854] [unitree_safe_cmd_node]: Move x=0.400, z=-0.079, stop_count=0, roi_count=0, nearest_x=inf, clear_frames=998
[INFO] [1783340415.993263030] [unitree_safe_cmd_node]: Move x=0.400, z=0.041, stop_count=0, roi_count=0, nearest_x=inf, clear_frames=1002
[INFO] [1783340416.541820999] [unitree_safe_cmd_node]: Move x=0.400, z=-0.015, stop_count=0, roi_count=0, nearest_x=inf, clear_frames=1008
[INFO] [1783340417.094773840] [unitree_safe_cmd_node]: Move x=0.400, z=0.020, stop_count=0, roi_count=0, nearest_x=inf, clear_frames=1012
[INFO] [1783340417.641634354] [unitree_safe_cmd_node]: Move x=0.400, z=-0.005, stop_count=0, roi_count=0, nearest_x=inf, clear_frames=1017
[INFO] [1783340418.191798559] [unitree_safe_cmd_node]: Move x=0.400, z=0.005, stop_count=0, roi_count=0, nearest_x=inf, clear_frames=1023
[INFO] [1783340418.741979119] [unitree_safe_cmd_node]: Move x=0.400, z=-0.026, stop_count=0, roi_count=0, nearest_x=inf, clear_frames=1028
[INFO] [1783340419.291629549] [unitree_safe_cmd_node]: Move x=0.400, z=0.096, stop_count=0, roi_count=0, nearest_x=inf, clear_frames=1034
[INFO] [1783340419.793327767] [unitree_safe_cmd_node]: Move x=0.400, z=0.047, stop_count=0, roi_count=0, nearest_x=inf, clear_frames=1038
[INFO] [1783340420.292654591] [unitree_safe_cmd_node]: Move x=0.400, z=-0.076, stop_count=0, roi_count=0, nearest_x=inf, clear_frames=1042
[INFO] [1783340420.792670428] [unitree_safe_cmd_node]: Move x=0.400, z=0.010, stop_count=0, roi_count=0, nearest_x=inf, clear_frames=1048
[INFO] [1783340421.342144404] [unitree_safe_cmd_node]: Move x=0.400, z=-0.050, stop_count=0, roi_count=0, nearest_x=inf, clear_frames=1053
[INFO] [1783340421.842017362] [unitree_safe_cmd_node]: Move x=0.400, z=0.283, stop_count=0, roi_count=0, nearest_x=inf, clear_frames=1058
[INFO] [1783340422.341978404] [unitree_safe_cmd_node]: Move x=0.400, z=0.215, stop_count=0, roi_count=0, nearest_x=inf, clear_frames=1063
[INFO] [1783340422.894102522] [unitree_safe_cmd_node]: Move x=0.400, z=0.076, stop_count=0, roi_count=0, nearest_x=inf, clear_frames=1069
[INFO] [1783340423.442041508] [unitree_safe_cmd_node]: Move x=0.000, z=0.450, stop_count=0, roi_count=0, nearest_x=inf, clear_frames=1074
[INFO] [1783340423.991564775] [unitree_safe_cmd_node]: Move x=0.000, z=0.450, stop_count=0, roi_count=0, nearest_x=inf, clear_frames=1080
[INFO] [1783340424.491721923] [unitree_safe_cmd_node]: Move x=0.000, z=0.450, stop_count=0, roi_count=0, nearest_x=inf, clear_frames=1085
[INFO] [1783340424.995009253] [unitree_safe_cmd_node]: Move x=0.000, z=0.450, stop_count=0, roi_count=0, nearest_x=inf, clear_frames=1090
[INFO] [1783340425.541777586] [unitree_safe_cmd_node]: Move x=0.200, z=0.450, stop_count=0, roi_count=0, nearest_x=inf, clear_frames=1095
[INFO] [1783340426.092238143] [unitree_safe_cmd_node]: Move x=0.000, z=0.450, stop_count=0, roi_count=0, nearest_x=inf, clear_frames=1101
[INFO] [1783340426.591814718] [unitree_safe_cmd_node]: Move x=0.200, z=0.450, stop_count=0, roi_count=0, nearest_x=inf, clear_frames=1105
[INFO] [1783340427.092687605] [unitree_safe_cmd_node]: Move x=0.200, z=0.450, stop_count=0, roi_count=0, nearest_x=inf, clear_frames=1110
[INFO] [1783340427.641648317] [unitree_safe_cmd_node]: Move x=0.400, z=0.149, stop_count=0, roi_count=0, nearest_x=inf, clear_frames=1116
[INFO] [1783340428.142152004] [unitree_safe_cmd_node]: Move x=0.400, z=0.149, stop_count=0, roi_count=0, nearest_x=inf, clear_frames=1121
[INFO] [1783340428.642073037] [unitree_safe_cmd_node]: Move x=0.400, z=0.097, stop_count=0, roi_count=0, nearest_x=inf, clear_frames=1125
[INFO] [1783340429.142379306] [unitree_safe_cmd_node]: Move x=0.400, z=0.020, stop_count=0, roi_count=0, nearest_x=inf, clear_frames=1130
[INFO] [1783340429.696003140] [unitree_safe_cmd_node]: Move x=0.400, z=0.052, stop_count=0, roi_count=0, nearest_x=inf, clear_frames=1136
[INFO] [1783340430.242465519] [unitree_safe_cmd_node]: Move x=0.400, z=0.022, stop_count=0, roi_count=0, nearest_x=inf, clear_frames=1141
[INFO] [1783340430.798829531] [unitree_safe_cmd_node]: Move x=0.400, z=0.037, stop_count=0, roi_count=0, nearest_x=inf, clear_frames=1147
[INFO] [1783340431.344230048] [unitree_safe_cmd_node]: Move x=0.400, z=0.034, stop_count=0, roi_count=0, nearest_x=inf, clear_frames=1152
[INFO] [1783340431.842044097] [unitree_safe_cmd_node]: Move x=0.400, z=0.023, stop_count=0, roi_count=0, nearest_x=inf, clear_frames=1157
[INFO] [1783340432.393409298] [unitree_safe_cmd_node]: Move x=0.400, z=-0.003, stop_count=0, roi_count=0, nearest_x=inf, clear_frames=1163
[INFO] [1783340432.941545640] [unitree_safe_cmd_node]: Move x=0.400, z=-0.006, stop_count=0, roi_count=0, nearest_x=inf, clear_frames=1168
[INFO] [1783340433.443822671] [unitree_safe_cmd_node]: Move x=0.400, z=0.007, stop_count=0, roi_count=0, nearest_x=inf, clear_frames=1173
[INFO] [1783340433.991578610] [unitree_safe_cmd_node]: Move x=0.400, z=0.035, stop_count=0, roi_count=0, nearest_x=inf, clear_frames=1179
[INFO] [1783340434.493390709] [unitree_safe_cmd_node]: Move x=0.400, z=0.023, stop_count=0, roi_count=0, nearest_x=inf, clear_frames=1184
[INFO] [1783340435.041513672] [unitree_safe_cmd_node]: Move x=0.400, z=-0.002, stop_count=0, roi_count=0, nearest_x=inf, clear_frames=1189
[INFO] [1783340435.541558987] [unitree_safe_cmd_node]: Move x=0.400, z=-0.010, stop_count=0, roi_count=0, nearest_x=inf, clear_frames=1194
[INFO] [1783340436.091479684] [unitree_safe_cmd_node]: Move x=0.400, z=-0.015, stop_count=0, roi_count=0, nearest_x=inf, clear_frames=1200
[INFO] [1783340436.591501282] [unitree_safe_cmd_node]: Move x=0.400, z=-0.031, stop_count=0, roi_count=0, nearest_x=inf, clear_frames=1205
[INFO] [1783340437.091959744] [unitree_safe_cmd_node]: Move x=0.400, z=-0.020, stop_count=0, roi_count=0, nearest_x=inf, clear_frames=1209
[INFO] [1783340437.642246599] [unitree_safe_cmd_node]: Move x=0.400, z=0.028, stop_count=0, roi_count=0, nearest_x=inf, clear_frames=1213
[INFO] [1783340438.192149532] [unitree_safe_cmd_node]: Move x=0.400, z=0.038, stop_count=0, roi_count=0, nearest_x=inf, clear_frames=1219
[INFO] [1783340438.742105468] [unitree_safe_cmd_node]: Move x=0.400, z=-0.013, stop_count=0, roi_count=0, nearest_x=inf, clear_frames=1225
[INFO] [1783340439.291843724] [unitree_safe_cmd_node]: Move x=0.400, z=0.062, stop_count=0, roi_count=0, nearest_x=inf, clear_frames=1231
[INFO] [1783340439.841844886] [unitree_safe_cmd_node]: Move x=0.400, z=0.057, stop_count=0, roi_count=0, nearest_x=inf, clear_frames=1235
[INFO] [1783340440.342491932] [unitree_safe_cmd_node]: Move x=0.400, z=0.034, stop_count=0, roi_count=0, nearest_x=inf, clear_frames=1240
[INFO] [1783340440.891511729] [unitree_safe_cmd_node]: Move x=0.400, z=-0.021, stop_count=0, roi_count=0, nearest_x=inf, clear_frames=1246
[INFO] [1783340441.393378080] [unitree_safe_cmd_node]: Move x=0.400, z=0.029, stop_count=0, roi_count=0, nearest_x=inf, clear_frames=1251
[INFO] [1783340441.941505683] [unitree_safe_cmd_node]: Move x=0.400, z=0.004, stop_count=0, roi_count=0, nearest_x=inf, clear_frames=1256
[INFO] [1783340442.441638730] [unitree_safe_cmd_node]: Move x=0.400, z=-0.001, stop_count=0, roi_count=0, nearest_x=inf, clear_frames=1261
[INFO] [1783340442.991451307] [unitree_safe_cmd_node]: Move x=0.400, z=-0.019, stop_count=0, roi_count=0, nearest_x=inf, clear_frames=1267
[INFO] [1783340443.491543481] [unitree_safe_cmd_node]: Move x=0.400, z=0.028, stop_count=0, roi_count=0, nearest_x=inf, clear_frames=1272
[INFO] [1783340443.991967631] [unitree_safe_cmd_node]: Move x=0.400, z=-0.030, stop_count=0, roi_count=0, nearest_x=inf, clear_frames=1276
[INFO] [1783340444.541476270] [unitree_safe_cmd_node]: Move x=0.400, z=-0.001, stop_count=0, roi_count=0, nearest_x=inf, clear_frames=1282
[INFO] [1783340445.041488747] [unitree_safe_cmd_node]: Move x=0.400, z=-0.008, stop_count=0, roi_count=0, nearest_x=inf, clear_frames=1287
[INFO] [1783340445.542618938] [unitree_safe_cmd_node]: Move x=0.400, z=-0.039, stop_count=0, roi_count=0, nearest_x=inf, clear_frames=1292
[INFO] [1783340446.091891205] [unitree_safe_cmd_node]: Move x=0.400, z=0.075, stop_count=0, roi_count=0, nearest_x=inf, clear_frames=1295
[INFO] [1783340446.592105838] [unitree_safe_cmd_node]: Move x=0.400, z=0.076, stop_count=0, roi_count=0, nearest_x=inf, clear_frames=1300
[INFO] [1783340447.094137024] [unitree_safe_cmd_node]: Move x=0.400, z=0.020, stop_count=0, roi_count=0, nearest_x=inf, clear_frames=1304
[INFO] [1783340447.642154428] [unitree_safe_cmd_node]: Move x=0.400, z=-0.092, stop_count=0, roi_count=0, nearest_x=inf, clear_frames=1310
[INFO] [1783340448.141892765] [unitree_safe_cmd_node]: Move x=0.400, z=-0.043, stop_count=0, roi_count=0, nearest_x=inf, clear_frames=1315
[INFO] [1783340448.692037318] [unitree_safe_cmd_node]: Move x=0.400, z=-0.071, stop_count=0, roi_count=0, nearest_x=inf, clear_frames=1320
[INFO] [1783340449.241504924] [unitree_safe_cmd_node]: Move x=0.400, z=-0.039, stop_count=0, roi_count=0, nearest_x=inf, clear_frames=1326
[INFO] [1783340449.741708354] [unitree_safe_cmd_node]: Move x=0.400, z=0.007, stop_count=0, roi_count=0, nearest_x=inf, clear_frames=1330
[INFO] [1783340450.241842905] [unitree_safe_cmd_node]: Move x=0.400, z=0.043, stop_count=0, roi_count=0, nearest_x=inf, clear_frames=1335
[INFO] [1783340450.741894046] [unitree_safe_cmd_node]: Move x=0.400, z=0.025, stop_count=0, roi_count=0, nearest_x=inf, clear_frames=1340
[INFO] [1783340451.291543900] [unitree_safe_cmd_node]: Move x=0.400, z=-0.061, stop_count=0, roi_count=0, nearest_x=inf, clear_frames=1346
[INFO] [1783340451.791532563] [unitree_safe_cmd_node]: Move x=0.400, z=0.018, stop_count=0, roi_count=0, nearest_x=inf, clear_frames=1351
[INFO] [1783340452.341533821] [unitree_safe_cmd_node]: Move x=0.400, z=-0.080, stop_count=0, roi_count=0, nearest_x=inf, clear_frames=1356
[INFO] [1783340452.842347720] [unitree_safe_cmd_node]: Move x=0.400, z=-0.089, stop_count=0, roi_count=0, nearest_x=inf, clear_frames=1361
[INFO] [1783340453.392989788] [unitree_safe_cmd_node]: Move x=0.400, z=-0.063, stop_count=0, roi_count=0, nearest_x=inf, clear_frames=1367
[INFO] [1783340453.904206068] [unitree_safe_cmd_node]: Move x=0.400, z=0.025, stop_count=0, roi_count=0, nearest_x=inf, clear_frames=1371
[INFO] [1783340454.442058966] [unitree_safe_cmd_node]: Move x=0.400, z=0.009, stop_count=0, roi_count=0, nearest_x=inf, clear_frames=1376
[INFO] [1783340454.991907486] [unitree_safe_cmd_node]: Move x=0.400, z=0.074, stop_count=0, roi_count=0, nearest_x=inf, clear_frames=1382
[INFO] [1783340455.491934718] [unitree_safe_cmd_node]: Move x=0.400, z=0.054, stop_count=0, roi_count=0, nearest_x=inf, clear_frames=1387
[INFO] [1783340455.992108894] [unitree_safe_cmd_node]: Move x=0.400, z=-0.008, stop_count=0, roi_count=0, nearest_x=inf, clear_frames=1391
[INFO] [1783340456.541865395] [unitree_safe_cmd_node]: Move x=0.400, z=-0.013, stop_count=0, roi_count=0, nearest_x=inf, clear_frames=1396
[INFO] [1783340457.091757285] [unitree_safe_cmd_node]: Move x=0.400, z=-0.021, stop_count=0, roi_count=0, nearest_x=inf, clear_frames=1402
[INFO] [1783340457.593376062] [unitree_safe_cmd_node]: Move x=0.400, z=-0.071, stop_count=0, roi_count=0, nearest_x=inf, clear_frames=1405
[INFO] [1783340458.141528151] [unitree_safe_cmd_node]: Move x=0.400, z=0.018, stop_count=0, roi_count=0, nearest_x=inf, clear_frames=1411
[INFO] [1783340458.641559672] [unitree_safe_cmd_node]: Move x=0.400, z=0.002, stop_count=0, roi_count=0, nearest_x=inf, clear_frames=1416
[INFO] [1783340459.191690205] [unitree_safe_cmd_node]: Move x=0.400, z=0.026, stop_count=0, roi_count=0, nearest_x=inf, clear_frames=1422
[INFO] [1783340459.741515361] [unitree_safe_cmd_node]: Move x=0.400, z=-0.009, stop_count=0, roi_count=0, nearest_x=inf, clear_frames=1427
[INFO] [1783340460.241553923] [unitree_safe_cmd_node]: Move x=0.400, z=-0.036, stop_count=0, roi_count=0, nearest_x=inf, clear_frames=1432
[INFO] [1783340460.741975801] [unitree_safe_cmd_node]: Move x=0.400, z=0.033, stop_count=0, roi_count=0, nearest_x=inf, clear_frames=1437
[INFO] [1783340461.291848614] [unitree_safe_cmd_node]: Move x=0.400, z=0.021, stop_count=0, roi_count=0, nearest_x=inf, clear_frames=1442
[INFO] [1783340461.793293401] [unitree_safe_cmd_node]: Move x=0.400, z=-0.016, stop_count=0, roi_count=0, nearest_x=inf, clear_frames=1446
[INFO] [1783340462.342086397] [unitree_safe_cmd_node]: Move x=0.400, z=0.038, stop_count=0, roi_count=0, nearest_x=inf, clear_frames=1452
[INFO] [1783340462.891943912] [unitree_safe_cmd_node]: Move x=0.400, z=0.052, stop_count=0, roi_count=0, nearest_x=inf, clear_frames=1455
[INFO] [1783340463.395868244] [unitree_safe_cmd_node]: Move x=0.400, z=-0.036, stop_count=0, roi_count=0, nearest_x=inf, clear_frames=1459
[INFO] [1783340463.942006073] [unitree_safe_cmd_node]: Move x=0.400, z=-0.026, stop_count=0, roi_count=0, nearest_x=inf, clear_frames=1463
[INFO] [1783340464.443049237] [unitree_safe_cmd_node]: Move x=0.400, z=-0.011, stop_count=0, roi_count=0, nearest_x=inf, clear_frames=1467
[INFO] [1783340464.942095040] [unitree_safe_cmd_node]: Move x=0.400, z=-0.015, stop_count=0, roi_count=0, nearest_x=inf, clear_frames=1472
[INFO] [1783340465.491847956] [unitree_safe_cmd_node]: Move x=0.400, z=0.001, stop_count=0, roi_count=0, nearest_x=inf, clear_frames=1478
[INFO] [1783340466.041517878] [unitree_safe_cmd_node]: Move x=0.400, z=0.051, stop_count=0, roi_count=0, nearest_x=inf, clear_frames=1484
[INFO] [1783340466.541530803] [unitree_safe_cmd_node]: Move x=0.400, z=-0.023, stop_count=0, roi_count=0, nearest_x=inf, clear_frames=1489
[INFO] [1783340467.041577687] [unitree_safe_cmd_node]: Move x=0.400, z=0.055, stop_count=0, roi_count=0, nearest_x=inf, clear_frames=1493
[INFO] [1783340467.542963805] [unitree_safe_cmd_node]: Move x=0.400, z=0.043, stop_count=0, roi_count=0, nearest_x=inf, clear_frames=1497
[INFO] [1783340468.094816344] [unitree_safe_cmd_node]: Move x=0.400, z=0.013, stop_count=0, roi_count=0, nearest_x=inf, clear_frames=1502
[INFO] [1783340468.641698494] [unitree_safe_cmd_node]: Move x=0.400, z=0.045, stop_count=0, roi_count=0, nearest_x=inf, clear_frames=1507
[INFO] [1783340469.193118843] [unitree_safe_cmd_node]: Move x=0.400, z=-0.030, stop_count=0, roi_count=0, nearest_x=inf, clear_frames=1513
[INFO] [1783340469.741507976] [unitree_safe_cmd_node]: Move x=0.400, z=0.004, stop_count=0, roi_count=0, nearest_x=inf, clear_frames=1518
[INFO] [1783340470.242278249] [unitree_safe_cmd_node]: Move x=0.400, z=0.027, stop_count=0, roi_count=0, nearest_x=inf, clear_frames=1523
[INFO] [1783340470.743151488] [unitree_safe_cmd_node]: Move x=0.400, z=0.009, stop_count=0, roi_count=0, nearest_x=inf, clear_frames=1527
[INFO] [1783340471.293363255] [unitree_safe_cmd_node]: Move x=0.400, z=0.002, stop_count=0, roi_count=0, nearest_x=inf, clear_frames=1532
[INFO] [1783340471.842656455] [unitree_safe_cmd_node]: Move x=0.400, z=-0.014, stop_count=0, roi_count=0, nearest_x=inf, clear_frames=1537
[INFO] [1783340472.391983039] [unitree_safe_cmd_node]: Move x=0.400, z=-0.038, stop_count=0, roi_count=0, nearest_x=inf, clear_frames=1543
[INFO] [1783340472.941889044] [unitree_safe_cmd_node]: Move x=0.400, z=0.014, stop_count=0, roi_count=0, nearest_x=inf, clear_frames=1549
[INFO] [1783340473.491902368] [unitree_safe_cmd_node]: Move x=0.400, z=-0.032, stop_count=0, roi_count=0, nearest_x=inf, clear_frames=1551
[INFO] [1783340474.041496210] [unitree_safe_cmd_node]: Move x=0.400, z=-0.015, stop_count=0, roi_count=0, nearest_x=inf, clear_frames=1557
[INFO] [1783340474.542223433] [unitree_safe_cmd_node]: Move x=0.400, z=0.068, stop_count=0, roi_count=0, nearest_x=inf, clear_frames=1560
[INFO] [1783340475.091471696] [unitree_safe_cmd_node]: Move x=0.400, z=-0.032, stop_count=0, roi_count=0, nearest_x=inf, clear_frames=1566
[INFO] [1783340475.591722912] [unitree_safe_cmd_node]: Move x=0.400, z=-0.043, stop_count=0, roi_count=0, nearest_x=inf, clear_frames=1571
[INFO] [1783340476.091692436] [unitree_safe_cmd_node]: Move x=0.400, z=0.073, stop_count=0, roi_count=0, nearest_x=inf, clear_frames=1575
[INFO] [1783340476.641524409] [unitree_safe_cmd_node]: Move x=0.400, z=0.034, stop_count=0, roi_count=0, nearest_x=inf, clear_frames=1580
[INFO] [1783340477.141523987] [unitree_safe_cmd_node]: Move x=0.400, z=0.065, stop_count=0, roi_count=0, nearest_x=inf, clear_frames=1585
[INFO] [1783340477.642125519] [unitree_safe_cmd_node]: Move x=0.400, z=-0.026, stop_count=0, roi_count=0, nearest_x=inf, clear_frames=1590
[INFO] [1783340478.191697372] [unitree_safe_cmd_node]: Move x=0.400, z=-0.055, stop_count=0, roi_count=0, nearest_x=inf, clear_frames=1594
[INFO] [1783340478.693634329] [unitree_safe_cmd_node]: Move x=0.400, z=-0.005, stop_count=0, roi_count=0, nearest_x=inf, clear_frames=1599
[INFO] [1783340479.195941383] [unitree_safe_cmd_node]: Move x=0.400, z=0.020, stop_count=0, roi_count=0, nearest_x=inf, clear_frames=1604
[INFO] [1783340479.741852923] [unitree_safe_cmd_node]: Move x=0.400, z=0.052, stop_count=0, roi_count=0, nearest_x=inf, clear_frames=1609
[INFO] [1783340480.292106971] [unitree_safe_cmd_node]: Move x=0.400, z=0.062, stop_count=0, roi_count=0, nearest_x=inf, clear_frames=1611
[INFO] [1783340480.842124137] [unitree_safe_cmd_node]: Move x=0.400, z=-0.068, stop_count=0, roi_count=0, nearest_x=inf, clear_frames=1617
[INFO] [1783340481.354738767] [unitree_safe_cmd_node]: Move x=0.400, z=0.003, stop_count=0, roi_count=0, nearest_x=inf, clear_frames=1622
[INFO] [1783340481.892021462] [unitree_safe_cmd_node]: Move x=0.400, z=0.005, stop_count=0, roi_count=0, nearest_x=inf, clear_frames=1627
[INFO] [1783340482.441646414] [unitree_safe_cmd_node]: Move x=0.400, z=0.012, stop_count=0, roi_count=0, nearest_x=inf, clear_frames=1633
[INFO] [1783340482.991780404] [unitree_safe_cmd_node]: Move x=0.400, z=0.004, stop_count=0, roi_count=0, nearest_x=inf, clear_frames=1639
[INFO] [1783340483.541602743] [unitree_safe_cmd_node]: Move x=0.400, z=0.011, stop_count=0, roi_count=0, nearest_x=inf, clear_frames=1643
[INFO] [1783340484.091654700] [unitree_safe_cmd_node]: Move x=0.400, z=-0.026, stop_count=0, roi_count=0, nearest_x=inf, clear_frames=1649
[INFO] [1783340484.591855121] [unitree_safe_cmd_node]: Move x=0.400, z=0.004, stop_count=0, roi_count=0, nearest_x=inf, clear_frames=1654
[INFO] [1783340485.091829318] [unitree_safe_cmd_node]: Move x=0.400, z=-0.033, stop_count=0, roi_count=0, nearest_x=inf, clear_frames=1657
[INFO] [1783340485.594149494] [unitree_safe_cmd_node]: Move x=0.400, z=-0.009, stop_count=0, roi_count=0, nearest_x=inf, clear_frames=1663
[INFO] [1783340486.141535338] [unitree_safe_cmd_node]: Move x=0.400, z=-0.010, stop_count=0, roi_count=0, nearest_x=inf, clear_frames=1667
[INFO] [1783340486.641918743] [unitree_safe_cmd_node]: Move x=0.400, z=-0.017, stop_count=0, roi_count=0, nearest_x=inf, clear_frames=1672
[INFO] [1783340487.142039787] [unitree_safe_cmd_node]: Move x=0.400, z=0.025, stop_count=0, roi_count=0, nearest_x=inf, clear_frames=1676
[INFO] [1783340487.691837192] [unitree_safe_cmd_node]: Move x=0.400, z=-0.013, stop_count=0, roi_count=0, nearest_x=inf, clear_frames=1680
[INFO] [1783340488.192019530] [unitree_safe_cmd_node]: Move x=0.400, z=-0.052, stop_count=0, roi_count=0, nearest_x=inf, clear_frames=1685
[INFO] [1783340488.741943555] [unitree_safe_cmd_node]: Move x=0.400, z=0.070, stop_count=0, roi_count=0, nearest_x=inf, clear_frames=1691
[INFO] [1783340489.242024174] [unitree_safe_cmd_node]: Move x=0.400, z=0.027, stop_count=0, roi_count=0, nearest_x=inf, clear_frames=1696
[INFO] [1783340489.742039692] [unitree_safe_cmd_node]: Move x=0.400, z=0.006, stop_count=0, roi_count=0, nearest_x=inf, clear_frames=1699
[INFO] [1783340490.291439283] [unitree_safe_cmd_node]: Move x=0.400, z=0.017, stop_count=0, roi_count=0, nearest_x=inf, clear_frames=1705
[INFO] [1783340490.791765300] [unitree_safe_cmd_node]: Move x=0.400, z=-0.015, stop_count=0, roi_count=0, nearest_x=inf, clear_frames=1710
[INFO] [1783340491.341522441] [unitree_safe_cmd_node]: Move x=0.400, z=0.049, stop_count=0, roi_count=0, nearest_x=inf, clear_frames=1715
[INFO] [1783340491.841884433] [unitree_safe_cmd_node]: Move x=0.400, z=0.049, stop_count=0, roi_count=0, nearest_x=inf, clear_frames=1719
[INFO] [1783340492.397849095] [unitree_safe_cmd_node]: Move x=0.400, z=-0.030, stop_count=0, roi_count=0, nearest_x=inf, clear_frames=1725
[INFO] [1783340492.941818102] [unitree_safe_cmd_node]: Move x=0.400, z=0.102, stop_count=0, roi_count=0, nearest_x=inf, clear_frames=1730
[INFO] [1783340493.491545252] [unitree_safe_cmd_node]: Move x=0.400, z=0.033, stop_count=0, roi_count=0, nearest_x=inf, clear_frames=1736
[INFO] [1783340494.041518696] [unitree_safe_cmd_node]: Move x=0.400, z=-0.018, stop_count=0, roi_count=0, nearest_x=inf, clear_frames=1741
[INFO] [1783340494.541522787] [unitree_safe_cmd_node]: Move x=0.400, z=0.048, stop_count=0, roi_count=0, nearest_x=inf, clear_frames=1746
[INFO] [1783340495.044562031] [unitree_safe_cmd_node]: Move x=0.400, z=0.042, stop_count=0, roi_count=0, nearest_x=inf, clear_frames=1751
[INFO] [1783340495.591914171] [unitree_safe_cmd_node]: Move x=0.400, z=0.046, stop_count=0, roi_count=0, nearest_x=inf, clear_frames=1756
[INFO] [1783340496.091934137] [unitree_safe_cmd_node]: Move x=0.400, z=0.069, stop_count=0, roi_count=0, nearest_x=inf, clear_frames=1761
[INFO] [1783340496.592852698] [unitree_safe_cmd_node]: Move x=0.400, z=-0.022, stop_count=0, roi_count=0, nearest_x=inf, clear_frames=1766
[INFO] [1783340497.142090302] [unitree_safe_cmd_node]: Move x=0.400, z=-0.043, stop_count=0, roi_count=0, nearest_x=inf, clear_frames=1772
[INFO] [1783340497.642163912] [unitree_safe_cmd_node]: Move x=0.400, z=-0.015, stop_count=0, roi_count=0, nearest_x=inf, clear_frames=1777
[INFO] [1783340498.193341905] [unitree_safe_cmd_node]: Move x=0.400, z=0.014, stop_count=0, roi_count=0, nearest_x=inf, clear_frames=1783
[INFO] [1783340498.741855640] [unitree_safe_cmd_node]: Move x=0.400, z=0.021, stop_count=0, roi_count=0, nearest_x=inf, clear_frames=1788
[INFO] [1783340499.241893531] [unitree_safe_cmd_node]: Move x=0.400, z=0.038, stop_count=0, roi_count=0, nearest_x=inf, clear_frames=1793
[INFO] [1783340499.791504016] [unitree_safe_cmd_node]: Move x=0.400, z=-0.010, stop_count=0, roi_count=0, nearest_x=inf, clear_frames=1799
[INFO] [1783340500.341508410] [unitree_safe_cmd_node]: Move x=0.400, z=-0.034, stop_count=0, roi_count=0, nearest_x=inf, clear_frames=1804
[INFO] [1783340500.891573874] [unitree_safe_cmd_node]: Move x=0.400, z=0.005, stop_count=0, roi_count=0, nearest_x=inf, clear_frames=1810
[INFO] [1783340501.393240245] [unitree_safe_cmd_node]: Move x=0.400, z=0.001, stop_count=0, roi_count=0, nearest_x=inf, clear_frames=1814
[INFO] [1783340501.942263467] [unitree_safe_cmd_node]: Move x=0.400, z=0.040, stop_count=0, roi_count=0, nearest_x=inf, clear_frames=1820
[INFO] [1783340502.491616520] [unitree_safe_cmd_node]: Move x=0.400, z=0.020, stop_count=0, roi_count=0, nearest_x=inf, clear_frames=1826
[INFO] [1783340502.991562646] [unitree_safe_cmd_node]: Move x=0.400, z=-0.025, stop_count=0, roi_count=0, nearest_x=inf, clear_frames=1831
[INFO] [1783340503.491677833] [unitree_safe_cmd_node]: Move x=0.400, z=-0.018, stop_count=0, roi_count=0, nearest_x=inf, clear_frames=1835
[INFO] [1783340503.992009387] [unitree_safe_cmd_node]: Move x=0.400, z=0.040, stop_count=0, roi_count=0, nearest_x=inf, clear_frames=1839
[INFO] [1783340504.541913664] [unitree_safe_cmd_node]: Move x=0.400, z=0.038, stop_count=0, roi_count=0, nearest_x=inf, clear_frames=1845
[INFO] [1783340505.041834056] [unitree_safe_cmd_node]: Move x=0.400, z=-0.013, stop_count=0, roi_count=0, nearest_x=inf, clear_frames=1850
[INFO] [1783340505.542328910] [unitree_safe_cmd_node]: Move x=0.400, z=-0.028, stop_count=0, roi_count=0, nearest_x=inf, clear_frames=1855
[INFO] [1783340506.091954598] [unitree_safe_cmd_node]: Move x=0.400, z=-0.010, stop_count=0, roi_count=0, nearest_x=inf, clear_frames=1859
[INFO] [1783340506.641534516] [unitree_safe_cmd_node]: Move x=0.400, z=-0.056, stop_count=0, roi_count=0, nearest_x=inf, clear_frames=1865
[INFO] [1783340507.141668492] [unitree_safe_cmd_node]: Move x=0.400, z=-0.040, stop_count=0, roi_count=0, nearest_x=inf, clear_frames=1870
[INFO] [1783340507.691527831] [unitree_safe_cmd_node]: Move x=0.400, z=-0.002, stop_count=0, roi_count=0, nearest_x=inf, clear_frames=1876
[INFO] [1783340508.241497689] [unitree_safe_cmd_node]: Move x=0.400, z=-0.055, stop_count=0, roi_count=0, nearest_x=inf, clear_frames=1881
[INFO] [1783340508.742068015] [unitree_safe_cmd_node]: Move x=0.400, z=-0.050, stop_count=0, roi_count=0, nearest_x=inf, clear_frames=1886
[INFO] [1783340509.291889202] [unitree_safe_cmd_node]: Move x=0.400, z=0.027, stop_count=0, roi_count=0, nearest_x=inf, clear_frames=1892
[INFO] [1783340509.794341887] [unitree_safe_cmd_node]: Move x=0.400, z=0.023, stop_count=0, roi_count=0, nearest_x=inf, clear_frames=1896
[INFO] [1783340510.341483453] [unitree_safe_cmd_node]: Move x=0.400, z=0.052, stop_count=0, roi_count=0, nearest_x=inf, clear_frames=1901
[INFO] [1783340510.891581532] [unitree_safe_cmd_node]: Move x=0.400, z=0.022, stop_count=0, roi_count=0, nearest_x=inf, clear_frames=1907
[INFO] [1783340511.392438384] [unitree_safe_cmd_node]: Move x=0.400, z=0.035, stop_count=0, roi_count=0, nearest_x=inf, clear_frames=1909
[INFO] [1783340511.945130944] [unitree_safe_cmd_node]: Move x=0.400, z=0.040, stop_count=0, roi_count=0, nearest_x=inf, clear_frames=1915
[INFO] [1783340512.494388137] [unitree_safe_cmd_node]: Move x=0.400, z=-0.045, stop_count=0, roi_count=0, nearest_x=inf, clear_frames=1919
[INFO] [1783340513.042113605] [unitree_safe_cmd_node]: Move x=0.400, z=-0.037, stop_count=0, roi_count=0, nearest_x=inf, clear_frames=1925
[INFO] [1783340513.594015275] [unitree_safe_cmd_node]: Move x=0.400, z=0.020, stop_count=0, roi_count=0, nearest_x=inf, clear_frames=1931
[INFO] [1783340514.141810039] [unitree_safe_cmd_node]: Move x=0.400, z=-0.019, stop_count=0, roi_count=0, nearest_x=inf, clear_frames=1936
[INFO] [1783340514.642515145] [unitree_safe_cmd_node]: Move x=0.400, z=-0.022, stop_count=0, roi_count=0, nearest_x=inf, clear_frames=1941
[INFO] [1783340515.191487476] [unitree_safe_cmd_node]: Move x=0.400, z=-0.026, stop_count=0, roi_count=0, nearest_x=inf, clear_frames=1947
[INFO] [1783340515.691870177] [unitree_safe_cmd_node]: Move x=0.400, z=0.012, stop_count=0, roi_count=0, nearest_x=inf, clear_frames=1950
[INFO] [1783340516.241514942] [unitree_safe_cmd_node]: Move x=0.400, z=-0.008, stop_count=0, roi_count=0, nearest_x=inf, clear_frames=1956
[INFO] [1783340516.791536812] [unitree_safe_cmd_node]: Move x=0.400, z=-0.000, stop_count=0, roi_count=0, nearest_x=inf, clear_frames=1962
[INFO] [1783340517.341496428] [unitree_safe_cmd_node]: Move x=0.400, z=0.017, stop_count=0, roi_count=0, nearest_x=inf, clear_frames=1967
[INFO] [1783340517.841603614] [unitree_safe_cmd_node]: Move x=0.400, z=0.012, stop_count=0, roi_count=0, nearest_x=inf, clear_frames=1972
[INFO] [1783340518.341618011] [unitree_safe_cmd_node]: Move x=0.400, z=0.030, stop_count=0, roi_count=0, nearest_x=inf, clear_frames=1977
[INFO] [1783340518.841860969] [unitree_safe_cmd_node]: Move x=0.400, z=-0.035, stop_count=0, roi_count=0, nearest_x=inf, clear_frames=1982
[INFO] [1783340519.391836718] [unitree_safe_cmd_node]: Move x=0.400, z=-0.022, stop_count=0, roi_count=0, nearest_x=inf, clear_frames=1987
[INFO] [1783340519.891856908] [unitree_safe_cmd_node]: Move x=0.400, z=-0.034, stop_count=0, roi_count=0, nearest_x=inf, clear_frames=1992
[INFO] [1783340520.397134557] [unitree_safe_cmd_node]: Move x=0.400, z=0.036, stop_count=0, roi_count=0, nearest_x=inf, clear_frames=1998
[INFO] [1783340520.942385282] [unitree_safe_cmd_node]: Move x=0.400, z=0.046, stop_count=0, roi_count=0, nearest_x=inf, clear_frames=2003
[INFO] [1783340521.491904707] [unitree_safe_cmd_node]: Move x=0.400, z=-0.039, stop_count=0, roi_count=0, nearest_x=inf, clear_frames=2007
[INFO] [1783340521.992656320] [unitree_safe_cmd_node]: Move x=0.400, z=-0.006, stop_count=0, roi_count=0, nearest_x=inf, clear_frames=2012
[INFO] [1783340522.545717441] [unitree_safe_cmd_node]: Move x=0.400, z=-0.010, stop_count=0, roi_count=0, nearest_x=inf, clear_frames=2017
[INFO] [1783340523.092083351] [unitree_safe_cmd_node]: Move x=0.400, z=0.084, stop_count=0, roi_count=0, nearest_x=inf, clear_frames=2022
[INFO] [1783340523.592705272] [unitree_safe_cmd_node]: Move x=0.400, z=0.011, stop_count=0, roi_count=0, nearest_x=inf, clear_frames=2028
[INFO] [1783340524.141485529] [unitree_safe_cmd_node]: Move x=0.400, z=0.054, stop_count=0, roi_count=0, nearest_x=inf, clear_frames=2033
[INFO] [1783340524.641490420] [unitree_safe_cmd_node]: Move x=0.400, z=-0.162, stop_count=0, roi_count=0, nearest_x=inf, clear_frames=2038
[INFO] [1783340525.141507442] [unitree_safe_cmd_node]: Move x=0.400, z=-0.063, stop_count=0, roi_count=0, nearest_x=inf, clear_frames=2042
[INFO] [1783340525.643983332] [unitree_safe_cmd_node]: Move x=0.400, z=-0.078, stop_count=0, roi_count=0, nearest_x=inf, clear_frames=2047
[INFO] [1783340526.194047579] [unitree_safe_cmd_node]: Move x=0.400, z=0.028, stop_count=0, roi_count=0, nearest_x=inf, clear_frames=2052
[INFO] [1783340526.743023751] [unitree_safe_cmd_node]: Move x=0.400, z=0.014, stop_count=0, roi_count=0, nearest_x=inf, clear_frames=2058
[INFO] [1783340527.294742885] [unitree_safe_cmd_node]: Move x=0.400, z=0.023, stop_count=0, roi_count=0, nearest_x=inf, clear_frames=2064
[INFO] [1783340527.844257477] [unitree_safe_cmd_node]: Move x=0.400, z=0.018, stop_count=0, roi_count=0, nearest_x=inf, clear_frames=2068
[INFO] [1783340528.398836750] [unitree_safe_cmd_node]: Move x=0.400, z=-0.025, stop_count=0, roi_count=0, nearest_x=inf, clear_frames=2074
[INFO] [1783340528.942012049] [unitree_safe_cmd_node]: Move x=0.400, z=-0.046, stop_count=0, roi_count=0, nearest_x=inf, clear_frames=2079
[INFO] [1783340529.442038225] [unitree_safe_cmd_node]: Move x=0.400, z=0.028, stop_count=0, roi_count=0, nearest_x=inf, clear_frames=2081
[INFO] [1783340529.942962803] [unitree_safe_cmd_node]: Move x=0.400, z=0.035, stop_count=0, roi_count=0, nearest_x=inf, clear_frames=2087
[INFO] [1783340530.491877586] [unitree_safe_cmd_node]: Move x=0.400, z=0.037, stop_count=0, roi_count=0, nearest_x=inf, clear_frames=2091
[INFO] [1783340531.041904673] [unitree_safe_cmd_node]: Move x=0.400, z=0.033, stop_count=0, roi_count=0, nearest_x=inf, clear_frames=2097
[INFO] [1783340531.591489169] [unitree_safe_cmd_node]: Move x=0.400, z=-0.032, stop_count=0, roi_count=0, nearest_x=inf, clear_frames=2103
[INFO] [1783340532.142072216] [unitree_safe_cmd_node]: Move x=0.400, z=-0.004, stop_count=0, roi_count=0, nearest_x=inf, clear_frames=2108
[INFO] [1783340532.642193837] [unitree_safe_cmd_node]: Move x=0.400, z=0.038, stop_count=0, roi_count=0, nearest_x=inf, clear_frames=2113
[INFO] [1783340533.191462776] [unitree_safe_cmd_node]: Move x=0.400, z=0.018, stop_count=0, roi_count=0, nearest_x=inf, clear_frames=2119
[INFO] [1783340533.691466162] [unitree_safe_cmd_node]: Move x=0.400, z=-0.037, stop_count=0, roi_count=0, nearest_x=inf, clear_frames=2124
[INFO] [1783340534.191653397] [unitree_safe_cmd_node]: Move x=0.400, z=-0.014, stop_count=0, roi_count=0, nearest_x=inf, clear_frames=2129
[INFO] [1783340534.694214042] [unitree_safe_cmd_node]: Move x=0.400, z=0.049, stop_count=0, roi_count=0, nearest_x=inf, clear_frames=2134
[INFO] [1783340535.241684895] [unitree_safe_cmd_node]: Move x=0.400, z=-0.011, stop_count=0, roi_count=0, nearest_x=inf, clear_frames=2139
[INFO] [1783340535.745150952] [unitree_safe_cmd_node]: Move x=0.400, z=0.003, stop_count=0, roi_count=0, nearest_x=inf, clear_frames=2144
[INFO] [1783340536.293398646] [unitree_safe_cmd_node]: Move x=0.400, z=0.094, stop_count=0, roi_count=0, nearest_x=inf, clear_frames=2149
[INFO] [1783340536.841963849] [unitree_safe_cmd_node]: Move x=0.400, z=-0.016, stop_count=0, roi_count=0, nearest_x=inf, clear_frames=2155
[INFO] [1783340537.395848348] [unitree_safe_cmd_node]: Move x=0.400, z=-0.030, stop_count=0, roi_count=0, nearest_x=inf, clear_frames=2161
[INFO] [1783340537.941785621] [unitree_safe_cmd_node]: Move x=0.400, z=-0.026, stop_count=0, roi_count=0, nearest_x=inf, clear_frames=2166
[INFO] [1783340538.441897479] [unitree_safe_cmd_node]: Move x=0.400, z=0.038, stop_count=0, roi_count=0, nearest_x=inf, clear_frames=2171
[INFO] [1783340538.997228051] [unitree_safe_cmd_node]: Move x=0.400, z=-0.024, stop_count=0, roi_count=0, nearest_x=inf, clear_frames=2177
[INFO] [1783340539.499100771] [unitree_safe_cmd_node]: Move x=0.400, z=-0.050, stop_count=0, roi_count=0, nearest_x=inf, clear_frames=2181
[INFO] [1783340540.041494397] [unitree_safe_cmd_node]: Move x=0.400, z=0.032, stop_count=0, roi_count=0, nearest_x=inf, clear_frames=2187
[INFO] [1783340540.591499143] [unitree_safe_cmd_node]: Move x=0.400, z=0.010, stop_count=0, roi_count=0, nearest_x=inf, clear_frames=2193
[INFO] [1783340541.091489439] [unitree_safe_cmd_node]: Move x=0.400, z=-0.014, stop_count=0, roi_count=0, nearest_x=inf, clear_frames=2198
[INFO] [1783340541.591530562] [unitree_safe_cmd_node]: Move x=0.400, z=-0.009, stop_count=0, roi_count=0, nearest_x=inf, clear_frames=2203
[INFO] [1783340542.141567635] [unitree_safe_cmd_node]: Move x=0.400, z=-0.005, stop_count=0, roi_count=0, nearest_x=inf, clear_frames=2208
[INFO] [1783340542.642108963] [unitree_safe_cmd_node]: Move x=0.400, z=0.047, stop_count=0, roi_count=0, nearest_x=inf, clear_frames=2213
[INFO] [1783340543.191670573] [unitree_safe_cmd_node]: Move x=0.400, z=0.055, stop_count=0, roi_count=0, nearest_x=inf, clear_frames=2219
[INFO] [1783340543.691642113] [unitree_safe_cmd_node]: Move x=0.400, z=-0.052, stop_count=0, roi_count=0, nearest_x=inf, clear_frames=2224
[INFO] [1783340544.241490474] [unitree_safe_cmd_node]: Move x=0.400, z=-0.027, stop_count=0, roi_count=0, nearest_x=inf, clear_frames=2227
[INFO] [1783340544.742012437] [unitree_safe_cmd_node]: Move x=0.400, z=0.015, stop_count=0, roi_count=0, nearest_x=inf, clear_frames=2231
[INFO] [1783340545.291988121] [unitree_safe_cmd_node]: Move x=0.400, z=0.079, stop_count=0, roi_count=0, nearest_x=inf, clear_frames=2236
[INFO] [1783340545.841693378] [unitree_safe_cmd_node]: Move x=0.400, z=0.053, stop_count=0, roi_count=0, nearest_x=inf, clear_frames=2241
[INFO] [1783340546.342188904] [unitree_safe_cmd_node]: Move x=0.400, z=0.001, stop_count=0, roi_count=0, nearest_x=inf, clear_frames=2245
[INFO] [1783340546.892123939] [unitree_safe_cmd_node]: Move x=0.400, z=-0.089, stop_count=0, roi_count=0, nearest_x=inf, clear_frames=2251
[INFO] [1783340547.442042715] [unitree_safe_cmd_node]: Move x=0.400, z=0.021, stop_count=0, roi_count=0, nearest_x=inf, clear_frames=2257
[INFO] [1783340547.991486636] [unitree_safe_cmd_node]: Move x=0.400, z=0.031, stop_count=0, roi_count=0, nearest_x=inf, clear_frames=2262
[INFO] [1783340548.541506106] [unitree_safe_cmd_node]: Move x=0.400, z=0.016, stop_count=0, roi_count=0, nearest_x=inf, clear_frames=2267
[INFO] [1783340549.041510229] [unitree_safe_cmd_node]: Move x=0.400, z=0.038, stop_count=0, roi_count=0, nearest_x=inf, clear_frames=2272
[INFO] [1783340549.541912006] [unitree_safe_cmd_node]: Move x=0.400, z=-0.038, stop_count=0, roi_count=0, nearest_x=inf, clear_frames=2277
[INFO] [1783340550.091503062] [unitree_safe_cmd_node]: Move x=0.400, z=0.043, stop_count=0, roi_count=0, nearest_x=inf, clear_frames=2283
[INFO] [1783340550.591502416] [unitree_safe_cmd_node]: Move x=0.400, z=-0.009, stop_count=0, roi_count=0, nearest_x=inf, clear_frames=2287
[INFO] [1783340551.092029885] [unitree_safe_cmd_node]: Move x=0.400, z=-0.011, stop_count=0, roi_count=0, nearest_x=inf, clear_frames=2292
[INFO] [1783340551.641472845] [unitree_safe_cmd_node]: Move x=0.400, z=0.062, stop_count=0, roi_count=0, nearest_x=inf, clear_frames=2297
[INFO] [1783340552.141666929] [unitree_safe_cmd_node]: Move x=0.400, z=-0.024, stop_count=0, roi_count=0, nearest_x=inf, clear_frames=2302
[INFO] [1783340552.642202528] [unitree_safe_cmd_node]: Move x=0.400, z=-0.053, stop_count=0, roi_count=0, nearest_x=inf, clear_frames=2307
[INFO] [1783340553.192221581] [unitree_safe_cmd_node]: Move x=0.400, z=0.036, stop_count=0, roi_count=0, nearest_x=inf, clear_frames=2311
[INFO] [1783340553.741887790] [unitree_safe_cmd_node]: Move x=0.400, z=0.001, stop_count=0, roi_count=0, nearest_x=inf, clear_frames=2317
[INFO] [1783340554.242460804] [unitree_safe_cmd_node]: Move x=0.400, z=-0.022, stop_count=0, roi_count=0, nearest_x=inf, clear_frames=2321
[INFO] [1783340554.791865965] [unitree_safe_cmd_node]: Move x=0.400, z=-0.019, stop_count=0, roi_count=0, nearest_x=inf, clear_frames=2327
[INFO] [1783340555.295089569] [unitree_safe_cmd_node]: Move x=0.400, z=-0.004, stop_count=0, roi_count=0, nearest_x=inf, clear_frames=2331
[INFO] [1783340555.795768014] [unitree_safe_cmd_node]: Move x=0.400, z=0.027, stop_count=0, roi_count=0, nearest_x=inf, clear_frames=2337
[INFO] [1783340556.341980899] [unitree_safe_cmd_node]: Move x=0.400, z=0.001, stop_count=0, roi_count=0, nearest_x=inf, clear_frames=2342
[INFO] [1783340556.891452026] [unitree_safe_cmd_node]: Move x=0.400, z=-0.001, stop_count=0, roi_count=0, nearest_x=inf, clear_frames=2348
[INFO] [1783340557.392127879] [unitree_safe_cmd_node]: Move x=0.400, z=0.030, stop_count=0, roi_count=0, nearest_x=inf, clear_frames=2353
[INFO] [1783340557.941573208] [unitree_safe_cmd_node]: Move x=0.400, z=0.031, stop_count=0, roi_count=0, nearest_x=inf, clear_frames=2358
[INFO] [1783340558.441646818] [unitree_safe_cmd_node]: Move x=0.400, z=-0.008, stop_count=0, roi_count=0, nearest_x=inf, clear_frames=2363
[INFO] [1783340558.941656510] [unitree_safe_cmd_node]: Move x=0.400, z=0.022, stop_count=0, roi_count=0, nearest_x=inf, clear_frames=2368
[INFO] [1783340559.442123133] [unitree_safe_cmd_node]: Move x=0.400, z=0.010, stop_count=0, roi_count=0, nearest_x=inf, clear_frames=2373
[INFO] [1783340559.991413357] [unitree_safe_cmd_node]: Move x=0.400, z=-0.007, stop_count=0, roi_count=0, nearest_x=inf, clear_frames=2379
[INFO] [1783340560.491451119] [unitree_safe_cmd_node]: Move x=0.400, z=-0.035, stop_count=0, roi_count=0, nearest_x=inf, clear_frames=2384
[INFO] [1783340560.992123355] [unitree_safe_cmd_node]: Move x=0.400, z=0.024, stop_count=0, roi_count=0, nearest_x=inf, clear_frames=2388
[INFO] [1783340561.541977893] [unitree_safe_cmd_node]: Move x=0.400, z=-0.002, stop_count=0, roi_count=0, nearest_x=inf, clear_frames=2394
[INFO] [1783340562.042021448] [unitree_safe_cmd_node]: Move x=0.400, z=0.020, stop_count=0, roi_count=0, nearest_x=inf, clear_frames=2399
[INFO] [1783340562.591647841] [unitree_safe_cmd_node]: Move x=0.400, z=-0.018, stop_count=0, roi_count=0, nearest_x=inf, clear_frames=2404
[INFO] [1783340563.092160490] [unitree_safe_cmd_node]: Move x=0.400, z=-0.011, stop_count=0, roi_count=0, nearest_x=inf, clear_frames=2408
[INFO] [1783340563.641883127] [unitree_safe_cmd_node]: Move x=0.400, z=-0.003, stop_count=0, roi_count=0, nearest_x=inf, clear_frames=2414
[INFO] [1783340564.143207536] [unitree_safe_cmd_node]: Move x=0.400, z=-0.050, stop_count=0, roi_count=0, nearest_x=inf, clear_frames=2419
[INFO] [1783340564.691559348] [unitree_safe_cmd_node]: Move x=0.400, z=0.079, stop_count=0, roi_count=0, nearest_x=inf, clear_frames=2425
[INFO] [1783340565.241615914] [unitree_safe_cmd_node]: Move x=0.400, z=-0.004, stop_count=0, roi_count=0, nearest_x=inf, clear_frames=2430
[INFO] [1783340565.791456401] [unitree_safe_cmd_node]: Move x=0.400, z=0.002, stop_count=0, roi_count=0, nearest_x=inf, clear_frames=2436
[INFO] [1783340566.294071905] [unitree_safe_cmd_node]: Move x=0.400, z=0.016, stop_count=0, roi_count=0, nearest_x=inf, clear_frames=2440
[INFO] [1783340566.841602804] [unitree_safe_cmd_node]: Move x=0.400, z=-0.065, stop_count=0, roi_count=0, nearest_x=inf, clear_frames=2446
[INFO] [1783340567.341502840] [unitree_safe_cmd_node]: Move x=0.400, z=-0.003, stop_count=0, roi_count=0, nearest_x=inf, clear_frames=2451
[INFO] [1783340567.891619003] [unitree_safe_cmd_node]: Move x=0.400, z=-0.005, stop_count=0, roi_count=0, nearest_x=inf, clear_frames=2457
[INFO] [1783340568.396920145] [unitree_safe_cmd_node]: Move x=0.400, z=-0.024, stop_count=0, roi_count=0, nearest_x=inf, clear_frames=2462
[INFO] [1783340568.941456443] [unitree_safe_cmd_node]: Move x=0.400, z=-0.000, stop_count=0, roi_count=0, nearest_x=inf, clear_frames=2467
[INFO] [1783340569.442221755] [unitree_safe_cmd_node]: Move x=0.400, z=-0.014, stop_count=0, roi_count=0, nearest_x=inf, clear_frames=2472
[INFO] [1783340569.942131553] [unitree_safe_cmd_node]: Move x=0.400, z=-0.023, stop_count=0, roi_count=0, nearest_x=inf, clear_frames=2476
[INFO] [1783340570.444767254] [unitree_safe_cmd_node]: Move x=0.400, z=0.037, stop_count=0, roi_count=0, nearest_x=inf, clear_frames=2481
[INFO] [1783340570.991950782] [unitree_safe_cmd_node]: Move x=0.400, z=-0.008, stop_count=0, roi_count=0, nearest_x=inf, clear_frames=2486
[INFO] [1783340571.541891514] [unitree_safe_cmd_node]: Move x=0.400, z=0.012, stop_count=0, roi_count=0, nearest_x=inf, clear_frames=2492
[INFO] [1783340572.042075836] [unitree_safe_cmd_node]: Move x=0.400, z=0.058, stop_count=0, roi_count=0, nearest_x=inf, clear_frames=2496
[INFO] [1783340572.591476708] [unitree_safe_cmd_node]: Move x=0.400, z=-0.000, stop_count=0, roi_count=0, nearest_x=inf, clear_frames=2502
[INFO] [1783340573.092025461] [unitree_safe_cmd_node]: Move x=0.400, z=0.034, stop_count=0, roi_count=0, nearest_x=inf, clear_frames=2506
[INFO] [1783340573.592436840] [unitree_safe_cmd_node]: Move x=0.400, z=-0.034, stop_count=0, roi_count=0, nearest_x=inf, clear_frames=2511
[INFO] [1783340574.141972941] [unitree_safe_cmd_node]: Move x=0.400, z=-0.038, stop_count=0, roi_count=0, nearest_x=inf, clear_frames=2516
[INFO] [1783340574.692306847] [unitree_safe_cmd_node]: Move x=0.400, z=0.037, stop_count=0, roi_count=0, nearest_x=inf, clear_frames=2522
[INFO] [1783340575.241510268] [unitree_safe_cmd_node]: Move x=0.400, z=-0.003, stop_count=0, roi_count=0, nearest_x=inf, clear_frames=2527
[INFO] [1783340575.791572690] [unitree_safe_cmd_node]: Move x=0.400, z=0.016, stop_count=0, roi_count=0, nearest_x=inf, clear_frames=2532
[INFO] [1783340576.291600435] [unitree_safe_cmd_node]: Move x=0.400, z=0.007, stop_count=0, roi_count=0, nearest_x=inf, clear_frames=2537
[INFO] [1783340576.791927699] [unitree_safe_cmd_node]: Move x=0.400, z=-0.023, stop_count=0, roi_count=0, nearest_x=inf, clear_frames=2540
[INFO] [1783340577.292105396] [unitree_safe_cmd_node]: Move x=0.400, z=0.017, stop_count=0, roi_count=0, nearest_x=inf, clear_frames=2545
[INFO] [1783340577.842001127] [unitree_safe_cmd_node]: Move x=0.400, z=-0.022, stop_count=0, roi_count=0, nearest_x=inf, clear_frames=2551
[INFO] [1783340578.391895897] [unitree_safe_cmd_node]: Move x=0.400, z=-0.017, stop_count=0, roi_count=0, nearest_x=inf, clear_frames=2555
[INFO] [1783340578.892052757] [unitree_safe_cmd_node]: Move x=0.400, z=-0.018, stop_count=0, roi_count=0, nearest_x=inf, clear_frames=2559
[INFO] [1783340579.397631720] [unitree_safe_cmd_node]: Move x=0.400, z=-0.059, stop_count=0, roi_count=0, nearest_x=inf, clear_frames=2565
[INFO] [1783340579.942008175] [unitree_safe_cmd_node]: Move x=0.400, z=-0.006, stop_count=0, roi_count=0, nearest_x=inf, clear_frames=2567
[INFO] [1783340580.442606251] [unitree_safe_cmd_node]: Move x=0.400, z=0.164, stop_count=0, roi_count=0, nearest_x=inf, clear_frames=2573
[INFO] [1783340580.991425396] [unitree_safe_cmd_node]: Move x=0.400, z=0.024, stop_count=0, roi_count=0, nearest_x=inf, clear_frames=2579
[INFO] [1783340581.491481179] [unitree_safe_cmd_node]: Move x=0.400, z=0.028, stop_count=0, roi_count=0, nearest_x=inf, clear_frames=2584
[INFO] [1783340581.991490743] [unitree_safe_cmd_node]: Move x=0.400, z=0.064, stop_count=0, roi_count=0, nearest_x=inf, clear_frames=2589
[INFO] [1783340582.491711264] [unitree_safe_cmd_node]: Move x=0.400, z=0.015, stop_count=0, roi_count=0, nearest_x=inf, clear_frames=2594
[INFO] [1783340583.041484569] [unitree_safe_cmd_node]: Move x=0.400, z=0.055, stop_count=0, roi_count=0, nearest_x=inf, clear_frames=2599
[INFO] [1783340583.542038315] [unitree_safe_cmd_node]: Move x=0.400, z=0.018, stop_count=0, roi_count=0, nearest_x=inf, clear_frames=2604
[INFO] [1783340584.091591219] [unitree_safe_cmd_node]: Move x=0.400, z=-0.013, stop_count=0, roi_count=0, nearest_x=inf, clear_frames=2610
[INFO] [1783340584.591487959] [unitree_safe_cmd_node]: Move x=0.400, z=0.020, stop_count=0, roi_count=0, nearest_x=inf, clear_frames=2615
[INFO] [1783340585.091466764] [unitree_safe_cmd_node]: Move x=0.400, z=-0.005, stop_count=0, roi_count=0, nearest_x=inf, clear_frames=2620
[INFO] [1783340585.592108401] [unitree_safe_cmd_node]: Move x=0.400, z=0.007, stop_count=0, roi_count=0, nearest_x=inf, clear_frames=2624
[INFO] [1783340586.141964924] [unitree_safe_cmd_node]: Move x=0.400, z=0.028, stop_count=0, roi_count=0, nearest_x=inf, clear_frames=2630
[INFO] [1783340586.641973368] [unitree_safe_cmd_node]: Move x=0.400, z=-0.003, stop_count=0, roi_count=0, nearest_x=inf, clear_frames=2635
[INFO] [1783340587.142076040] [unitree_safe_cmd_node]: Move x=0.400, z=-0.042, stop_count=0, roi_count=0, nearest_x=inf, clear_frames=2637
[INFO] [1783340587.691950646] [unitree_safe_cmd_node]: Move x=0.400, z=0.033, stop_count=0, roi_count=0, nearest_x=inf, clear_frames=2642
[INFO] [1783340588.242026672] [unitree_safe_cmd_node]: Move x=0.400, z=0.016, stop_count=0, roi_count=0, nearest_x=inf, clear_frames=2648
[INFO] [1783340588.742306471] [unitree_safe_cmd_node]: Move x=0.400, z=-0.005, stop_count=0, roi_count=0, nearest_x=inf, clear_frames=2652
[INFO] [1783340589.291496929] [unitree_safe_cmd_node]: Move x=0.400, z=-0.022, stop_count=0, roi_count=0, nearest_x=inf, clear_frames=2658
[INFO] [1783340589.791841413] [unitree_safe_cmd_node]: Move x=0.400, z=0.028, stop_count=0, roi_count=0, nearest_x=inf, clear_frames=2663
[INFO] [1783340590.293691344] [unitree_safe_cmd_node]: Move x=0.400, z=0.043, stop_count=0, roi_count=0, nearest_x=inf, clear_frames=2666
[INFO] [1783340590.793627164] [unitree_safe_cmd_node]: Move x=0.400, z=0.000, stop_count=0, roi_count=0, nearest_x=inf, clear_frames=2671
[INFO] [1783340591.341503194] [unitree_safe_cmd_node]: Move x=0.400, z=-0.023, stop_count=0, roi_count=0, nearest_x=inf, clear_frames=2676
[INFO] [1783340591.842261848] [unitree_safe_cmd_node]: Move x=0.400, z=-0.044, stop_count=0, roi_count=0, nearest_x=inf, clear_frames=2681
[INFO] [1783340592.392063030] [unitree_safe_cmd_node]: Move x=0.400, z=0.003, stop_count=0, roi_count=0, nearest_x=inf, clear_frames=2686
[INFO] [1783340592.941490340] [unitree_safe_cmd_node]: Move x=0.400, z=-0.007, stop_count=0, roi_count=0, nearest_x=inf, clear_frames=2691
[INFO] [1783340593.442145644] [unitree_safe_cmd_node]: Move x=0.400, z=0.009, stop_count=0, roi_count=0, nearest_x=inf, clear_frames=2695
[INFO] [1783340593.942081592] [unitree_safe_cmd_node]: Move x=0.400, z=0.016, stop_count=0, roi_count=0, nearest_x=inf, clear_frames=2700
[INFO] [1783340594.492132428] [unitree_safe_cmd_node]: Move x=0.400, z=-0.014, stop_count=0, roi_count=0, nearest_x=inf, clear_frames=2705
[INFO] [1783340594.995279120] [unitree_safe_cmd_node]: Move x=0.400, z=-0.040, stop_count=0, roi_count=0, nearest_x=inf, clear_frames=2711
[INFO] [1783340595.541937381] [unitree_safe_cmd_node]: Move x=0.400, z=0.006, stop_count=0, roi_count=0, nearest_x=inf, clear_frames=2715
[INFO] [1783340596.091693338] [unitree_safe_cmd_node]: Move x=0.400, z=0.028, stop_count=0, roi_count=0, nearest_x=inf, clear_frames=2720
[INFO] [1783340596.593305457] [unitree_safe_cmd_node]: Move x=0.400, z=-0.028, stop_count=0, roi_count=0, nearest_x=inf, clear_frames=2725
[INFO] [1783340597.095004507] [unitree_safe_cmd_node]: Move x=0.400, z=-0.013, stop_count=0, roi_count=0, nearest_x=inf, clear_frames=2729
[INFO] [1783340597.641617959] [unitree_safe_cmd_node]: Move x=0.400, z=-0.012, stop_count=0, roi_count=0, nearest_x=inf, clear_frames=2734
[INFO] [1783340598.141600061] [unitree_safe_cmd_node]: Move x=0.400, z=0.065, stop_count=0, roi_count=0, nearest_x=inf, clear_frames=2738
[INFO] [1783340598.691587236] [unitree_safe_cmd_node]: Move x=0.400, z=-0.002, stop_count=0, roi_count=0, nearest_x=inf, clear_frames=2744
[INFO] [1783340599.191806670] [unitree_safe_cmd_node]: Move x=0.400, z=0.025, stop_count=0, roi_count=0, nearest_x=inf, clear_frames=2749
[INFO] [1783340599.741690590] [unitree_safe_cmd_node]: Move x=0.400, z=-0.001, stop_count=0, roi_count=0, nearest_x=inf, clear_frames=2753
[INFO] [1783340600.241884418] [unitree_safe_cmd_node]: Move x=0.400, z=-0.006, stop_count=0, roi_count=0, nearest_x=inf, clear_frames=2758
[INFO] [1783340600.791412901] [unitree_safe_cmd_node]: Move x=0.400, z=-0.006, stop_count=0, roi_count=0, nearest_x=inf, clear_frames=2764
[INFO] [1783340601.291446086] [unitree_safe_cmd_node]: Move x=0.400, z=0.000, stop_count=0, roi_count=0, nearest_x=inf, clear_frames=2769
[INFO] [1783340601.791615941] [unitree_safe_cmd_node]: Move x=0.400, z=0.029, stop_count=0, roi_count=0, nearest_x=inf, clear_frames=2774
[INFO] [1783340602.309465050] [unitree_safe_cmd_node]: Move x=0.400, z=-0.035, stop_count=0, roi_count=0, nearest_x=inf, clear_frames=2778
[INFO] [1783340602.841930989] [unitree_safe_cmd_node]: Move x=0.400, z=-0.040, stop_count=0, roi_count=0, nearest_x=inf, clear_frames=2784
[INFO] [1783340603.341982354] [unitree_safe_cmd_node]: Move x=0.400, z=0.002, stop_count=0, roi_count=0, nearest_x=inf, clear_frames=2789
[INFO] [1783340603.842674626] [unitree_safe_cmd_node]: Move x=0.400, z=0.035, stop_count=0, roi_count=0, nearest_x=inf, clear_frames=2792
[INFO] [1783340604.398635799] [unitree_safe_cmd_node]: Move x=0.400, z=-0.055, stop_count=0, roi_count=0, nearest_x=inf, clear_frames=2796
[INFO] [1783340604.942754118] [unitree_safe_cmd_node]: Move x=0.400, z=-0.047, stop_count=0, roi_count=0, nearest_x=inf, clear_frames=2802
[INFO] [1783340605.442252788] [unitree_safe_cmd_node]: Move x=0.400, z=-0.008, stop_count=0, roi_count=0, nearest_x=inf, clear_frames=2807
[INFO] [1783340605.991530496] [unitree_safe_cmd_node]: Move x=0.400, z=0.036, stop_count=0, roi_count=0, nearest_x=inf, clear_frames=2812
[INFO] [1783340606.541533355] [unitree_safe_cmd_node]: Move x=0.400, z=-0.126, stop_count=0, roi_count=0, nearest_x=inf, clear_frames=2817
[INFO] [1783340607.041913559] [unitree_safe_cmd_node]: Move x=0.000, z=-0.450, stop_count=0, roi_count=0, nearest_x=inf, clear_frames=2822
[INFO] [1783340607.542056656] [unitree_safe_cmd_node]: Move x=0.000, z=-0.450, stop_count=0, roi_count=0, nearest_x=inf, clear_frames=2827
[INFO] [1783340608.091623932] [unitree_safe_cmd_node]: Move x=0.000, z=-0.450, stop_count=0, roi_count=0, nearest_x=inf, clear_frames=2833
[INFO] [1783340608.641504779] [unitree_safe_cmd_node]: Move x=0.000, z=-0.450, stop_count=0, roi_count=0, nearest_x=inf, clear_frames=2838
[INFO] [1783340609.191431909] [unitree_safe_cmd_node]: Move x=0.000, z=-0.450, stop_count=0, roi_count=0, nearest_x=inf, clear_frames=2843
[INFO] [1783340609.691495885] [unitree_safe_cmd_node]: Move x=0.000, z=-0.450, stop_count=0, roi_count=0, nearest_x=inf, clear_frames=2848
[INFO] [1783340610.195131322] [unitree_safe_cmd_node]: Move x=0.000, z=-0.450, stop_count=0, roi_count=0, nearest_x=inf, clear_frames=2853
[INFO] [1783340610.742020514] [unitree_safe_cmd_node]: Move x=0.000, z=-0.450, stop_count=0, roi_count=0, nearest_x=inf, clear_frames=2856
[INFO] [1783340611.292899242] [unitree_safe_cmd_node]: Move x=0.000, z=-0.450, stop_count=1, roi_count=1, nearest_x=0.35, clear_frames=2862
[INFO] [1783340611.841923776] [unitree_safe_cmd_node]: Move x=0.000, z=-0.450, stop_count=0, roi_count=0, nearest_x=inf, clear_frames=2868
[INFO] [1783340612.391765639] [unitree_safe_cmd_node]: Move x=0.000, z=-0.450, stop_count=0, roi_count=0, nearest_x=inf, clear_frames=2873
[INFO] [1783340612.891861558] [unitree_safe_cmd_node]: Move x=0.000, z=-0.450, stop_count=8, roi_count=25, nearest_x=0.35, clear_frames=2876
[INFO] [1783340613.393399837] [unitree_safe_cmd_node]: Move x=0.000, z=-0.450, stop_count=4, roi_count=35, nearest_x=0.38, clear_frames=2881
[INFO] [1783340613.944245726] [unitree_safe_cmd_node]: Move x=0.000, z=-0.450, stop_count=9, roi_count=59, nearest_x=0.37, clear_frames=2886
[INFO] [1783340614.493933347] [unitree_safe_cmd_node]: Move x=0.000, z=-0.450, stop_count=0, roi_count=65, nearest_x=0.41, clear_frames=2891
[INFO] [1783340615.041520450] [unitree_safe_cmd_node]: Move x=0.000, z=-0.450, stop_count=11, roi_count=59, nearest_x=0.35, clear_frames=2897
[INFO] [1783340615.541547746] [unitree_safe_cmd_node]: Move x=0.200, z=-0.450, stop_count=10, roi_count=33, nearest_x=0.35, clear_frames=2902
[INFO] [1783340616.092418952] [unitree_safe_cmd_node]: Move x=0.200, z=-0.450, stop_count=1, roi_count=1, nearest_x=0.36, clear_frames=2907
[INFO] [1783340616.641515374] [unitree_safe_cmd_node]: Move x=0.200, z=-0.450, stop_count=0, roi_count=0, nearest_x=inf, clear_frames=2913
[INFO] [1783340617.142123980] [unitree_safe_cmd_node]: Move x=0.400, z=-0.297, stop_count=0, roi_count=0, nearest_x=inf, clear_frames=2918
[INFO] [1783340617.691861948] [unitree_safe_cmd_node]: Move x=0.400, z=-0.173, stop_count=0, roi_count=0, nearest_x=inf, clear_frames=2923
[INFO] [1783340618.243442204] [unitree_safe_cmd_node]: Move x=0.400, z=-0.080, stop_count=0, roi_count=0, nearest_x=inf, clear_frames=2929
[INFO] [1783340618.742618180] [unitree_safe_cmd_node]: Move x=0.400, z=-0.007, stop_count=0, roi_count=0, nearest_x=inf, clear_frames=2934
[INFO] [1783340619.293661487] [unitree_safe_cmd_node]: Move x=0.400, z=0.006, stop_count=0, roi_count=0, nearest_x=inf, clear_frames=2939
[INFO] [1783340619.797609120] [unitree_safe_cmd_node]: Move x=0.400, z=-0.003, stop_count=0, roi_count=0, nearest_x=inf, clear_frames=2943
[INFO] [1783340620.342724840] [unitree_safe_cmd_node]: Move x=0.400, z=-0.033, stop_count=0, roi_count=0, nearest_x=inf, clear_frames=2947
[WARN] [1783340620.891950601] [unitree_safe_cmd_node]: SAFE OVERRIDE cmd_timeout: Move x=0.000, z=0.000, raw_x=0.400, raw_z=-0.033, stop_count=0, roi_count=0, nearest_x=inf, clear_frames=2951
[WARN] [1783340621.392690884] [unitree_safe_cmd_node]: SAFE OVERRIDE cmd_timeout: Move x=0.000, z=0.000, raw_x=0.400, raw_z=-0.033, stop_count=0, roi_count=0, nearest_x=inf, clear_frames=2956
[WARN] [1783340621.942185568] [unitree_safe_cmd_node]: SAFE OVERRIDE cmd_timeout: Move x=0.000, z=0.000, raw_x=0.400, raw_z=-0.033, stop_count=0, roi_count=0, nearest_x=inf, clear_frames=2962
[WARN] [1783340622.442484539] [unitree_safe_cmd_node]: SAFE OVERRIDE cmd_timeout: Move x=0.000, z=0.000, raw_x=0.400, raw_z=-0.033, stop_count=0, roi_count=0, nearest_x=inf, clear_frames=2968
[WARN] [1783340622.992436314] [unitree_safe_cmd_node]: SAFE OVERRIDE cmd_timeout: Move x=0.000, z=0.000, raw_x=0.400, raw_z=-0.033, stop_count=0, roi_count=0, nearest_x=inf, clear_frames=2974
[WARN] [1783340623.541696259] [unitree_safe_cmd_node]: SAFE OVERRIDE cmd_timeout: Move x=0.000, z=0.000, raw_x=0.400, raw_z=-0.033, stop_count=0, roi_count=0, nearest_x=inf, clear_frames=2980
[WARN] [1783340624.041951828] [unitree_safe_cmd_node]: SAFE OVERRIDE cmd_timeout: Move x=0.000, z=0.000, raw_x=0.400, raw_z=-0.033, stop_count=0, roi_count=0, nearest_x=inf, clear_frames=2985
[WARN] [1783340624.594076906] [unitree_safe_cmd_node]: SAFE OVERRIDE cmd_timeout: Move x=0.000, z=0.000, raw_x=0.400, raw_z=-0.033, stop_count=0, roi_count=0, nearest_x=inf, clear_frames=2991
[WARN] [1783340625.141662376] [unitree_safe_cmd_node]: SAFE OVERRIDE cmd_timeout: Move x=0.000, z=0.000, raw_x=0.400, raw_z=-0.033, stop_count=0, roi_count=0, nearest_x=inf, clear_frames=2996
[WARN] [1783340625.691535862] [unitree_safe_cmd_node]: SAFE OVERRIDE cmd_timeout: Move x=0.000, z=0.000, raw_x=0.400, raw_z=-0.033, stop_count=0, roi_coun