[INFO] [1782639267.109203006] [unitree_safe_cmd_node]: unitree_safe_cmd_node ACTIVE: obstacle -> Move(0,0,0), resume after 5 clear frames
[WARN] [1782639267.120485666] [unitree_safe_cmd_node]: SAFE OVERRIDE cmd_timeout: Move x=0.000, z=0.000, raw_x=0.000, raw_z=0.000, stop_count=0, roi_count=0, nearest_x=inf, clear_frames=0
[WARN] [1782639267.666928312] [unitree_safe_cmd_node]: SAFE OVERRIDE cmd_timeout: Move x=0.000, z=0.000, raw_x=0.000, raw_z=0.000, stop_count=0, roi_count=0, nearest_x=inf, clear_frames=3
[WARN] [1782639268.167840454] [unitree_safe_cmd_node]: SAFE OVERRIDE cmd_timeout: Move x=0.000, z=0.000, raw_x=0.000, raw_z=0.000, stop_count=0, roi_count=0, nearest_x=inf, clear_frames=6
[WARN] [1782639268.717118157] [unitree_safe_cmd_node]: SAFE OVERRIDE cmd_timeout: Move x=0.000, z=0.000, raw_x=0.000, raw_z=0.000, stop_count=0, roi_count=0, nearest_x=inf, clear_frames=11
[WARN] [1782639269.217090058] [unitree_safe_cmd_node]: SAFE OVERRIDE cmd_timeout: Move x=0.000, z=0.000, raw_x=0.000, raw_z=0.000, stop_count=0, roi_count=0, nearest_x=inf, clear_frames=14
[WARN] [1782639269.766794289] [unitree_safe_cmd_node]: SAFE OVERRIDE cmd_timeout: Move x=0.000, z=0.000, raw_x=0.000, raw_z=0.000, stop_count=0, roi_count=0, nearest_x=inf, clear_frames=18
[WARN] [1782639270.266960001] [unitree_safe_cmd_node]: SAFE OVERRIDE cmd_timeout: Move x=0.000, z=0.000, raw_x=0.000, raw_z=0.000, stop_count=0, roi_count=0, nearest_x=inf, clear_frames=21
[WARN] [1782639270.767095218] [unitree_safe_cmd_node]: SAFE OVERRIDE cmd_timeout: Move x=0.000, z=0.000, raw_x=0.000, raw_z=0.000, stop_count=0, roi_count=0, nearest_x=inf, clear_frames=24
[WARN] [1782639271.317054548] [unitree_safe_cmd_node]: SAFE OVERRIDE cmd_timeout: Move x=0.000, z=0.000, raw_x=0.000, raw_z=0.000, stop_count=0, roi_count=0, nearest_x=inf, clear_frames=27
[WARN] [1782639271.817116391] [unitree_safe_cmd_node]: SAFE OVERRIDE cmd_timeout: Move x=0.000, z=0.000, raw_x=0.000, raw_z=0.000, stop_count=0, roi_count=0, nearest_x=inf, clear_frames=29
[WARN] [1782639272.366632502] [unitree_safe_cmd_node]: SAFE OVERRIDE cmd_timeout: Move x=0.000, z=0.000, raw_x=0.000, raw_z=0.000, stop_count=0, roi_count=0, nearest_x=inf, clear_frames=33
[WARN] [1782639272.868626083] [unitree_safe_cmd_node]: SAFE OVERRIDE cmd_timeout: Move x=0.000, z=0.000, raw_x=0.000, raw_z=0.000, stop_count=0, roi_count=0, nearest_x=inf, clear_frames=35
[WARN] [1782639273.369784034] [unitree_safe_cmd_node]: SAFE OVERRIDE cmd_timeout: Move x=0.000, z=0.000, raw_x=0.000, raw_z=0.000, stop_count=0, roi_count=0, nearest_x=inf, clear_frames=37
[WARN] [1782639273.917409929] [unitree_safe_cmd_node]: SAFE OVERRIDE cmd_timeout: Move x=0.000, z=0.000, raw_x=0.000, raw_z=0.000, stop_count=0, roi_count=0, nearest_x=inf, clear_frames=39
[WARN] [1782639274.417706363] [unitree_safe_cmd_node]: SAFE OVERRIDE cmd_timeout: Move x=0.000, z=0.000, raw_x=0.000, raw_z=0.000, stop_count=0, roi_count=0, nearest_x=inf, clear_frames=42
[WARN] [1782639274.966868420] [unitree_safe_cmd_node]: SAFE OVERRIDE cmd_timeout: Move x=0.000, z=0.000, raw_x=0.000, raw_z=0.000, stop_count=0, roi_count=0, nearest_x=inf, clear_frames=47
[WARN] [1782639275.467284228] [unitree_safe_cmd_node]: SAFE OVERRIDE cmd_timeout: Move x=0.000, z=0.000, raw_x=0.000, raw_z=0.000, stop_count=0, roi_count=0, nearest_x=inf, clear_frames=52
[WARN] [1782639276.017465873] [unitree_safe_cmd_node]: SAFE OVERRIDE cmd_timeout: Move x=0.000, z=0.000, raw_x=0.000, raw_z=0.000, stop_count=0, roi_count=0, nearest_x=inf, clear_frames=58
[WARN] [1782639276.567578720] [unitree_safe_cmd_node]: SAFE OVERRIDE cmd_timeout: Move x=0.000, z=0.000, raw_x=0.000, raw_z=0.000, stop_count=0, roi_count=0, nearest_x=inf, clear_frames=64
[WARN] [1782639277.116806268] [unitree_safe_cmd_node]: SAFE OVERRIDE cmd_timeout: Move x=0.000, z=0.000, raw_x=0.000, raw_z=0.000, stop_count=0, roi_count=0, nearest_x=inf, clear_frames=70
[WARN] [1782639277.617224744] [unitree_safe_cmd_node]: SAFE OVERRIDE cmd_timeout: Move x=0.000, z=0.000, raw_x=0.000, raw_z=0.000, stop_count=0, roi_count=0, nearest_x=inf, clear_frames=75
[WARN] [1782639278.171275756] [unitree_safe_cmd_node]: SAFE OVERRIDE cmd_timeout: Move x=0.000, z=0.000, raw_x=0.000, raw_z=0.000, stop_count=0, roi_count=0, nearest_x=inf, clear_frames=81
[WARN] [1782639278.717262192] [unitree_safe_cmd_node]: SAFE OVERRIDE cmd_timeout: Move x=0.000, z=0.000, raw_x=0.000, raw_z=0.000, stop_count=0, roi_count=0, nearest_x=inf, clear_frames=87
[WARN] [1782639279.266816717] [unitree_safe_cmd_node]: SAFE OVERRIDE cmd_timeout: Move x=0.000, z=0.000, raw_x=0.000, raw_z=0.000, stop_count=0, roi_count=0, nearest_x=inf, clear_frames=93
[WARN] [1782639279.767411727] [unitree_safe_cmd_node]: SAFE OVERRIDE cmd_timeout: Move x=0.000, z=0.000, raw_x=0.000, raw_z=0.000, stop_count=0, roi_count=0, nearest_x=inf, clear_frames=98
[WARN] [1782639280.268696766] [unitree_safe_cmd_node]: SAFE OVERRIDE cmd_timeout: Move x=0.000, z=0.000, raw_x=0.000, raw_z=0.000, stop_count=0, roi_count=0, nearest_x=inf, clear_frames=102
[WARN] [1782639280.774348597] [unitree_safe_cmd_node]: SAFE OVERRIDE cmd_timeout: Move x=0.000, z=0.000, raw_x=0.000, raw_z=0.000, stop_count=0, roi_count=0, nearest_x=inf, clear_frames=108
[WARN] [1782639281.316691725] [unitree_safe_cmd_node]: SAFE OVERRIDE cmd_timeout: Move x=0.000, z=0.000, raw_x=0.000, raw_z=0.000, stop_count=0, roi_count=0, nearest_x=inf, clear_frames=114
[WARN] [1782639281.817077038] [unitree_safe_cmd_node]: SAFE OVERRIDE cmd_timeout: Move x=0.000, z=0.000, raw_x=0.000, raw_z=0.000, stop_count=0, roi_count=0, nearest_x=inf, clear_frames=119
[WARN] [1782639282.317117277] [unitree_safe_cmd_node]: SAFE OVERRIDE cmd_timeout: Move x=0.000, z=0.000, raw_x=0.000, raw_z=0.000, stop_count=0, roi_count=0, nearest_x=inf, clear_frames=124
[WARN] [1782639282.817274933] [unitree_safe_cmd_node]: SAFE OVERRIDE cmd_timeout: Move x=0.000, z=0.000, raw_x=0.000, raw_z=0.000, stop_count=0, roi_count=0, nearest_x=inf, clear_frames=129
[WARN] [1782639283.318882536] [unitree_safe_cmd_node]: SAFE OVERRIDE cmd_timeout: Move x=0.000, z=0.000, raw_x=0.000, raw_z=0.000, stop_count=0, roi_count=0, nearest_x=inf, clear_frames=135
[WARN] [1782639283.867572907] [unitree_safe_cmd_node]: SAFE OVERRIDE cmd_timeout: Move x=0.000, z=0.000, raw_x=0.000, raw_z=0.000, stop_count=0, roi_count=0, nearest_x=inf, clear_frames=140
[WARN] [1782639284.417156937] [unitree_safe_cmd_node]: SAFE OVERRIDE cmd_timeout: Move x=0.000, z=0.000, raw_x=0.000, raw_z=0.000, stop_count=0, roi_count=0, nearest_x=inf, clear_frames=146
[WARN] [1782639284.968346569] [unitree_safe_cmd_node]: SAFE OVERRIDE cmd_timeout: Move x=0.000, z=0.000, raw_x=0.000, raw_z=0.000, stop_count=0, roi_count=0, nearest_x=inf, clear_frames=151
[WARN] [1782639285.516893295] [unitree_safe_cmd_node]: SAFE OVERRIDE cmd_timeout: Move x=0.000, z=0.000, raw_x=0.000, raw_z=0.000, stop_count=0, roi_count=0, nearest_x=inf, clear_frames=157
[WARN] [1782639286.017087513] [unitree_safe_cmd_node]: SAFE OVERRIDE cmd_timeout: Move x=0.000, z=0.000, raw_x=0.000, raw_z=0.000, stop_count=0, roi_count=0, nearest_x=inf, clear_frames=162
[WARN] [1782639286.567004696] [unitree_safe_cmd_node]: SAFE OVERRIDE cmd_timeout: Move x=0.000, z=0.000, raw_x=0.000, raw_z=0.000, stop_count=0, roi_count=0, nearest_x=inf, clear_frames=168
[WARN] [1782639287.117468984] [unitree_safe_cmd_node]: SAFE OVERRIDE cmd_timeout: Move x=0.000, z=0.000, raw_x=0.000, raw_z=0.000, stop_count=0, roi_count=0, nearest_x=inf, clear_frames=173
[WARN] [1782639287.621304327] [unitree_safe_cmd_node]: SAFE OVERRIDE cmd_timeout: Move x=0.000, z=0.000, raw_x=0.000, raw_z=0.000, stop_count=0, roi_count=0, nearest_x=inf, clear_frames=178
[WARN] [1782639288.169187026] [unitree_safe_cmd_node]: SAFE OVERRIDE cmd_timeout: Move x=0.000, z=0.000, raw_x=0.000, raw_z=0.000, stop_count=0, roi_count=0, nearest_x=inf, clear_frames=183
[WARN] [1782639288.716922679] [unitree_safe_cmd_node]: SAFE OVERRIDE cmd_timeout: Move x=0.000, z=0.000, raw_x=0.000, raw_z=0.000, stop_count=0, roi_count=0, nearest_x=inf, clear_frames=189
[WARN] [1782639289.216790270] [unitree_safe_cmd_node]: SAFE OVERRIDE cmd_timeout: Move x=0.000, z=0.000, raw_x=0.000, raw_z=0.000, stop_count=0, roi_count=0, nearest_x=inf, clear_frames=190
[INFO] [1782639289.716885110] [unitree_safe_cmd_node]: Move x=0.500, z=0.028, stop_count=0, roi_count=0, nearest_x=inf, clear_frames=192
[INFO] [1782639290.218562830] [unitree_safe_cmd_node]: Move x=0.500, z=0.033, stop_count=0, roi_count=0, nearest_x=inf, clear_frames=194
[INFO] [1782639290.766816126] [unitree_safe_cmd_node]: Move x=0.500, z=0.027, stop_count=0, roi_count=0, nearest_x=inf, clear_frames=199
[INFO] [1782639291.316667568] [unitree_safe_cmd_node]: Move x=0.500, z=0.029, stop_count=0, roi_count=0, nearest_x=inf, clear_frames=201
[INFO] [1782639291.817297649] [unitree_safe_cmd_node]: Move x=0.500, z=0.027, stop_count=0, roi_count=0, nearest_x=inf, clear_frames=204
[INFO] [1782639292.367077956] [unitree_safe_cmd_node]: Move x=0.500, z=0.023, stop_count=0, roi_count=0, nearest_x=inf, clear_frames=207
[INFO] [1782639292.916877755] [unitree_safe_cmd_node]: Move x=0.500, z=0.029, stop_count=0, roi_count=0, nearest_x=inf, clear_frames=210
[INFO] [1782639293.469573188] [unitree_safe_cmd_node]: Move x=0.500, z=0.035, stop_count=0, roi_count=0, nearest_x=inf, clear_frames=212
[INFO] [1782639294.018352034] [unitree_safe_cmd_node]: Move x=0.500, z=0.031, stop_count=0, roi_count=0, nearest_x=inf, clear_frames=215
[INFO] [1782639294.566712331] [unitree_safe_cmd_node]: Move x=0.500, z=0.019, stop_count=0, roi_count=0, nearest_x=inf, clear_frames=217
[INFO] [1782639295.116819775] [unitree_safe_cmd_node]: Move x=0.500, z=0.024, stop_count=0, roi_count=0, nearest_x=inf, clear_frames=220
[INFO] [1782639295.666854770] [unitree_safe_cmd_node]: Move x=0.500, z=0.022, stop_count=0, roi_count=0, nearest_x=inf, clear_frames=222
[INFO] [1782639296.219991074] [unitree_safe_cmd_node]: Move x=0.500, z=0.020, stop_count=0, roi_count=0, nearest_x=inf, clear_frames=225
[INFO] [1782639296.766720243] [unitree_safe_cmd_node]: Move x=0.500, z=0.027, stop_count=0, roi_count=0, nearest_x=inf, clear_frames=228
[INFO] [1782639297.266720934] [unitree_safe_cmd_node]: Move x=0.500, z=0.021, stop_count=0, roi_count=0, nearest_x=inf, clear_frames=231
[INFO] [1782639297.767109555] [unitree_safe_cmd_node]: Move x=0.500, z=0.030, stop_count=0, roi_count=0, nearest_x=inf, clear_frames=236
[INFO] [1782639298.317071533] [unitree_safe_cmd_node]: Move x=0.500, z=0.026, stop_count=0, roi_count=0, nearest_x=inf, clear_frames=242
[INFO] [1782639298.869412921] [unitree_safe_cmd_node]: Move x=0.500, z=0.011, stop_count=0, roi_count=0, nearest_x=inf, clear_frames=248
[INFO] [1782639299.367405084] [unitree_safe_cmd_node]: Move x=0.500, z=0.039, stop_count=0, roi_count=0, nearest_x=inf, clear_frames=253
[INFO] [1782639299.917132591] [unitree_safe_cmd_node]: Move x=0.500, z=0.001, stop_count=0, roi_count=0, nearest_x=inf, clear_frames=259
[INFO] [1782639300.466954572] [unitree_safe_cmd_node]: Move x=0.500, z=-0.012, stop_count=0, roi_count=0, nearest_x=inf, clear_frames=265
[INFO] [1782639301.017144543] [unitree_safe_cmd_node]: Move x=0.500, z=-0.004, stop_count=0, roi_count=0, nearest_x=inf, clear_frames=271
[INFO] [1782639301.566898940] [unitree_safe_cmd_node]: Move x=0.500, z=-0.064, stop_count=0, roi_count=0, nearest_x=inf, clear_frames=277
[INFO] [1782639302.067219893] [unitree_safe_cmd_node]: Move x=0.500, z=-0.060, stop_count=0, roi_count=0, nearest_x=inf, clear_frames=282
[INFO] [1782639302.617114687] [unitree_safe_cmd_node]: Move x=0.500, z=-0.044, stop_count=0, roi_count=0, nearest_x=inf, clear_frames=288
[INFO] [1782639303.166965384] [unitree_safe_cmd_node]: Move x=0.500, z=-0.033, stop_count=0, roi_count=0, nearest_x=inf, clear_frames=294
[INFO] [1782639303.720460783] [unitree_safe_cmd_node]: Move x=0.500, z=0.021, stop_count=0, roi_count=0, nearest_x=inf, clear_frames=299
[INFO] [1782639304.218501448] [unitree_safe_cmd_node]: Move x=0.500, z=0.027, stop_count=0, roi_count=0, nearest_x=inf, clear_frames=305
[INFO] [1782639304.724092970] [unitree_safe_cmd_node]: Move x=0.500, z=0.071, stop_count=0, roi_count=0, nearest_x=inf, clear_frames=310
[INFO] [1782639305.266736777] [unitree_safe_cmd_node]: Move x=0.500, z=0.079, stop_count=0, roi_count=0, nearest_x=inf, clear_frames=316
[INFO] [1782639305.769109388] [unitree_safe_cmd_node]: Move x=0.500, z=0.048, stop_count=0, roi_count=0, nearest_x=inf, clear_frames=321
[INFO] [1782639306.317295998] [unitree_safe_cmd_node]: Move x=0.500, z=0.023, stop_count=0, roi_count=0, nearest_x=inf, clear_frames=327
[INFO] [1782639306.867250748] [unitree_safe_cmd_node]: Move x=0.500, z=-0.031, stop_count=0, roi_count=0, nearest_x=inf, clear_frames=332
[INFO] [1782639307.369453883] [unitree_safe_cmd_node]: Move x=0.500, z=-0.078, stop_count=0, roi_count=0, nearest_x=inf, clear_frames=338
[INFO] [1782639307.917133492] [unitree_safe_cmd_node]: Move x=0.500, z=-0.039, stop_count=0, roi_count=0, nearest_x=inf, clear_frames=343
[INFO] [1782639308.467053143] [unitree_safe_cmd_node]: Move x=0.500, z=-0.053, stop_count=0, roi_count=0, nearest_x=inf, clear_frames=349
[INFO] [1782639309.017328209] [unitree_safe_cmd_node]: Move x=0.500, z=0.005, stop_count=0, roi_count=0, nearest_x=inf, clear_frames=355
[INFO] [1782639309.567630863] [unitree_safe_cmd_node]: Move x=0.500, z=-0.003, stop_count=0, roi_count=0, nearest_x=inf, clear_frames=361
[INFO] [1782639310.116884239] [unitree_safe_cmd_node]: Move x=0.500, z=-0.042, stop_count=0, roi_count=0, nearest_x=inf, clear_frames=367
[INFO] [1782639310.616951642] [unitree_safe_cmd_node]: Move x=0.500, z=-0.162, stop_count=0, roi_count=0, nearest_x=inf, clear_frames=373
[INFO] [1782639311.117240178] [unitree_safe_cmd_node]: Move x=0.500, z=-0.259, stop_count=0, roi_count=0, nearest_x=inf, clear_frames=378
[INFO] [1782639311.617210521] [unitree_safe_cmd_node]: Move x=0.500, z=-0.271, stop_count=0, roi_count=0, nearest_x=inf, clear_frames=383
[INFO] [1782639312.167806834] [unitree_safe_cmd_node]: Move x=0.500, z=-0.203, stop_count=0, roi_count=0, nearest_x=inf, clear_frames=389
[INFO] [1782639312.717183652] [unitree_safe_cmd_node]: Move x=0.500, z=-0.139, stop_count=0, roi_count=0, nearest_x=inf, clear_frames=395
[INFO] [1782639313.266814471] [unitree_safe_cmd_node]: Move x=0.500, z=-0.050, stop_count=0, roi_count=0, nearest_x=inf, clear_frames=401
[INFO] [1782639313.816814690] [unitree_safe_cmd_node]: Move x=0.500, z=0.020, stop_count=0, roi_count=0, nearest_x=inf, clear_frames=407
[INFO] [1782639314.321210814] [unitree_safe_cmd_node]: Move x=0.500, z=0.006, stop_count=0, roi_count=0, nearest_x=inf, clear_frames=412
[INFO] [1782639314.867047873] [unitree_safe_cmd_node]: Move x=0.500, z=0.049, stop_count=0, roi_count=0, nearest_x=inf, clear_frames=418
[INFO] [1782639315.418061024] [unitree_safe_cmd_node]: Move x=0.500, z=0.023, stop_count=0, roi_count=0, nearest_x=inf, clear_frames=424
[INFO] [1782639315.967464766] [unitree_safe_cmd_node]: Move x=0.500, z=-0.017, stop_count=0, roi_count=0, nearest_x=inf, clear_frames=430
[INFO] [1782639316.517064779] [unitree_safe_cmd_node]: Move x=0.500, z=0.020, stop_count=0, roi_count=0, nearest_x=inf, clear_frames=436
[INFO] [1782639317.017031490] [unitree_safe_cmd_node]: Move x=0.500, z=-0.008, stop_count=0, roi_count=0, nearest_x=inf, clear_frames=441
[INFO] [1782639317.521727131] [unitree_safe_cmd_node]: Move x=0.500, z=0.011, stop_count=0, roi_count=0, nearest_x=inf, clear_frames=446
[INFO] [1782639318.069743692] [unitree_safe_cmd_node]: Move x=0.500, z=0.018, stop_count=0, roi_count=0, nearest_x=inf, clear_frames=451
[INFO] [1782639318.617002771] [unitree_safe_cmd_node]: Move x=0.500, z=0.006, stop_count=0, roi_count=0, nearest_x=inf, clear_frames=456
[INFO] [1782639319.117592407] [unitree_safe_cmd_node]: Move x=0.500, z=-0.011, stop_count=0, roi_count=0, nearest_x=inf, clear_frames=461
[INFO] [1782639319.617734722] [unitree_safe_cmd_node]: Move x=0.500, z=-0.019, stop_count=0, roi_count=0, nearest_x=inf, clear_frames=466
[INFO] [1782639320.117337613] [unitree_safe_cmd_node]: Move x=0.500, z=-0.005, stop_count=0, roi_count=0, nearest_x=inf, clear_frames=471
[INFO] [1782639320.666927975] [unitree_safe_cmd_node]: Move x=0.500, z=-0.009, stop_count=0, roi_count=0, nearest_x=inf, clear_frames=477
[INFO] [1782639321.168599378] [unitree_safe_cmd_node]: Move x=0.500, z=0.013, stop_count=0, roi_count=0, nearest_x=inf, clear_frames=482
[INFO] [1782639321.717066828] [unitree_safe_cmd_node]: Move x=0.500, z=0.005, stop_count=0, roi_count=0, nearest_x=inf, clear_frames=487
[INFO] [1782639322.217362407] [unitree_safe_cmd_node]: Move x=0.500, z=0.028, stop_count=0, roi_count=0, nearest_x=inf, clear_frames=492
[INFO] [1782639322.720057525] [unitree_safe_cmd_node]: Move x=0.500, z=-0.002, stop_count=0, roi_count=0, nearest_x=inf, clear_frames=498
[INFO] [1782639323.266678307] [unitree_safe_cmd_node]: Move x=0.500, z=-0.014, stop_count=0, roi_count=0, nearest_x=inf, clear_frames=503
[INFO] [1782639323.817618136] [unitree_safe_cmd_node]: Move x=0.500, z=-0.010, stop_count=0, roi_count=0, nearest_x=inf, clear_frames=508
[INFO] [1782639324.366752354] [unitree_safe_cmd_node]: Move x=0.500, z=-0.000, stop_count=0, roi_count=0, nearest_x=inf, clear_frames=514
[INFO] [1782639324.866755635] [unitree_safe_cmd_node]: Move x=0.500, z=0.010, stop_count=0, roi_count=0, nearest_x=inf, clear_frames=519
[INFO] [1782639325.367375179] [unitree_safe_cmd_node]: Move x=0.500, z=-0.021, stop_count=0, roi_count=0, nearest_x=inf, clear_frames=524
[INFO] [1782639325.917279111] [unitree_safe_cmd_node]: Move x=0.500, z=-0.025, stop_count=0, roi_count=0, nearest_x=inf, clear_frames=529
[INFO] [1782639326.466689640] [unitree_safe_cmd_node]: Move x=0.500, z=0.013, stop_count=0, roi_count=0, nearest_x=inf, clear_frames=535
[INFO] [1782639326.966789892] [unitree_safe_cmd_node]: Move x=0.500, z=0.002, stop_count=0, roi_count=0, nearest_x=inf, clear_frames=540
[INFO] [1782639327.517280745] [unitree_safe_cmd_node]: Move x=0.500, z=-0.020, stop_count=0, roi_count=0, nearest_x=inf, clear_frames=545
[INFO] [1782639328.018949095] [unitree_safe_cmd_node]: Move x=0.500, z=-0.026, stop_count=0, roi_count=0, nearest_x=inf, clear_frames=550
[INFO] [1782639328.520273874] [unitree_safe_cmd_node]: Move x=0.500, z=0.005, stop_count=0, roi_count=0, nearest_x=inf, clear_frames=556
[INFO] [1782639329.023868967] [unitree_safe_cmd_node]: Move x=0.500, z=-0.018, stop_count=0, roi_count=0, nearest_x=inf, clear_frames=561
[INFO] [1782639329.566944626] [unitree_safe_cmd_node]: Move x=0.500, z=-0.039, stop_count=0, roi_count=0, nearest_x=inf, clear_frames=566
[INFO] [1782639330.116994979] [unitree_safe_cmd_node]: Move x=0.500, z=-0.001, stop_count=0, roi_count=0, nearest_x=inf, clear_frames=571
[INFO] [1782639330.617062759] [unitree_safe_cmd_node]: Move x=0.500, z=-0.009, stop_count=0, roi_count=0, nearest_x=inf, clear_frames=576
[INFO] [1782639331.120189413] [unitree_safe_cmd_node]: Move x=0.500, z=0.009, stop_count=0, roi_count=0, nearest_x=inf, clear_frames=582
[INFO] [1782639331.666719622] [unitree_safe_cmd_node]: Move x=0.500, z=0.005, stop_count=0, roi_count=0, nearest_x=inf, clear_frames=587
[INFO] [1782639332.166731466] [unitree_safe_cmd_node]: Move x=0.500, z=-0.016, stop_count=0, roi_count=0, nearest_x=inf, clear_frames=592
[INFO] [1782639332.720407422] [unitree_safe_cmd_node]: Move x=0.500, z=-0.038, stop_count=0, roi_count=0, nearest_x=inf, clear_frames=598
[INFO] [1782639333.267234933] [unitree_safe_cmd_node]: Move x=0.500, z=0.017, stop_count=0, roi_count=0, nearest_x=inf, clear_frames=603
[INFO] [1782639333.820156158] [unitree_safe_cmd_node]: Move x=0.500, z=0.020, stop_count=0, roi_count=0, nearest_x=inf, clear_frames=609
[INFO] [1782639334.321294572] [unitree_safe_cmd_node]: Move x=0.500, z=-0.015, stop_count=0, roi_count=0, nearest_x=inf, clear_frames=614
[INFO] [1782639334.866674703] [unitree_safe_cmd_node]: Move x=0.500, z=0.007, stop_count=0, roi_count=0, nearest_x=inf, clear_frames=619
[INFO] [1782639335.367506637] [unitree_safe_cmd_node]: Move x=0.500, z=0.004, stop_count=0, roi_count=0, nearest_x=inf, clear_frames=624
[INFO] [1782639335.917191991] [unitree_safe_cmd_node]: Move x=0.500, z=-0.006, stop_count=0, roi_count=0, nearest_x=inf, clear_frames=629
[INFO] [1782639336.466913382] [unitree_safe_cmd_node]: Move x=0.500, z=-0.039, stop_count=0, roi_count=0, nearest_x=inf, clear_frames=635
[INFO] [1782639336.966874514] [unitree_safe_cmd_node]: Move x=0.500, z=-0.023, stop_count=0, roi_count=0, nearest_x=inf, clear_frames=640
[INFO] [1782639337.467063214] [unitree_safe_cmd_node]: Move x=0.500, z=0.007, stop_count=0, roi_count=0, nearest_x=inf, clear_frames=645
[INFO] [1782639338.017068976] [unitree_safe_cmd_node]: Move x=0.500, z=0.004, stop_count=0, roi_count=0, nearest_x=inf, clear_frames=650
[INFO] [1782639338.566650716] [unitree_safe_cmd_node]: Move x=0.500, z=-0.012, stop_count=0, roi_count=0, nearest_x=inf, clear_frames=656
[INFO] [1782639339.117040921] [unitree_safe_cmd_node]: Move x=0.500, z=0.005, stop_count=0, roi_count=0, nearest_x=inf, clear_frames=661
[INFO] [1782639339.617287261] [unitree_safe_cmd_node]: Move x=0.500, z=-0.040, stop_count=0, roi_count=0, nearest_x=inf, clear_frames=666
[INFO] [1782639340.167055542] [unitree_safe_cmd_node]: Move x=0.500, z=-0.013, stop_count=0, roi_count=0, nearest_x=inf, clear_frames=672
[INFO] [1782639340.667107505] [unitree_safe_cmd_node]: Move x=0.500, z=0.010, stop_count=0, roi_count=0, nearest_x=inf, clear_frames=677
[INFO] [1782639341.219507596] [unitree_safe_cmd_node]: Move x=0.500, z=0.000, stop_count=0, roi_count=0, nearest_x=inf, clear_frames=682
[INFO] [1782639341.766908059] [unitree_safe_cmd_node]: Move x=0.500, z=-0.023, stop_count=0, roi_count=0, nearest_x=inf, clear_frames=688
[INFO] [1782639342.317125109] [unitree_safe_cmd_node]: Move x=0.500, z=-0.022, stop_count=0, roi_count=0, nearest_x=inf, clear_frames=693
[INFO] [1782639342.866768909] [unitree_safe_cmd_node]: Move x=0.500, z=0.009, stop_count=0, roi_count=0, nearest_x=inf, clear_frames=699
[INFO] [1782639343.366894130] [unitree_safe_cmd_node]: Move x=0.500, z=-0.009, stop_count=0, roi_count=0, nearest_x=inf, clear_frames=704
[INFO] [1782639343.866683074] [unitree_safe_cmd_node]: Move x=0.500, z=-0.016, stop_count=0, roi_count=0, nearest_x=inf, clear_frames=709
[INFO] [1782639344.417039626] [unitree_safe_cmd_node]: Move x=0.500, z=0.007, stop_count=0, roi_count=0, nearest_x=inf, clear_frames=714
[INFO] [1782639344.921520344] [unitree_safe_cmd_node]: Move x=0.500, z=0.019, stop_count=0, roi_count=0, nearest_x=inf, clear_frames=720
[INFO] [1782639345.466658630] [unitree_safe_cmd_node]: Move x=0.500, z=-0.015, stop_count=0, roi_count=0, nearest_x=inf, clear_frames=725
[INFO] [1782639345.966937144] [unitree_safe_cmd_node]: Move x=0.500, z=0.000, stop_count=0, roi_count=0, nearest_x=inf, clear_frames=730
[INFO] [1782639346.466680428] [unitree_safe_cmd_node]: Move x=0.500, z=0.000, stop_count=0, roi_count=0, nearest_x=inf, clear_frames=735
[INFO] [1782639346.966667598] [unitree_safe_cmd_node]: Move x=0.500, z=-0.033, stop_count=0, roi_count=0, nearest_x=inf, clear_frames=740
[INFO] [1782639347.520141690] [unitree_safe_cmd_node]: Move x=0.500, z=0.012, stop_count=0, roi_count=0, nearest_x=inf, clear_frames=746
[INFO] [1782639348.066650399] [unitree_safe_cmd_node]: Move x=0.500, z=-0.036, stop_count=0, roi_count=0, nearest_x=inf, clear_frames=751
[INFO] [1782639348.617469324] [unitree_safe_cmd_node]: Move x=0.500, z=0.008, stop_count=0, roi_count=0, nearest_x=inf, clear_frames=756
[INFO] [1782639349.166790206] [unitree_safe_cmd_node]: Move x=0.500, z=-0.005, stop_count=0, roi_count=0, nearest_x=inf, clear_frames=762
[INFO] [1782639349.666665824] [unitree_safe_cmd_node]: Move x=0.500, z=-0.035, stop_count=0, roi_count=0, nearest_x=inf, clear_frames=767
[INFO] [1782639350.166701035] [unitree_safe_cmd_node]: Move x=0.500, z=-0.022, stop_count=0, roi_count=0, nearest_x=inf, clear_frames=772
[INFO] [1782639350.717047903] [unitree_safe_cmd_node]: Move x=0.500, z=-0.019, stop_count=0, roi_count=0, nearest_x=inf, clear_frames=777
[INFO] [1782639351.217395264] [unitree_safe_cmd_node]: Move x=0.500, z=0.016, stop_count=0, roi_count=0, nearest_x=inf, clear_frames=782
[INFO] [1782639351.717278469] [unitree_safe_cmd_node]: Move x=0.500, z=0.027, stop_count=0, roi_count=0, nearest_x=inf, clear_frames=787
[INFO] [1782639352.266710597] [unitree_safe_cmd_node]: Move x=0.500, z=0.016, stop_count=0, roi_count=0, nearest_x=inf, clear_frames=793
[INFO] [1782639352.817548282] [unitree_safe_cmd_node]: Move x=0.500, z=0.002, stop_count=0, roi_count=0, nearest_x=inf, clear_frames=798
[INFO] [1782639353.366740237] [unitree_safe_cmd_node]: Move x=0.500, z=-0.034, stop_count=0, roi_count=0, nearest_x=inf, clear_frames=804
[INFO] [1782639353.917404666] [unitree_safe_cmd_node]: Move x=0.500, z=-0.043, stop_count=0, roi_count=0, nearest_x=inf, clear_frames=809
[INFO] [1782639354.466669876] [unitree_safe_cmd_node]: Move x=0.500, z=0.011, stop_count=0, roi_count=0, nearest_x=inf, clear_frames=815
[INFO] [1782639354.967062878] [unitree_safe_cmd_node]: Move x=0.500, z=0.009, stop_count=0, roi_count=0, nearest_x=inf, clear_frames=820
[INFO] [1782639355.517026212] [unitree_safe_cmd_node]: Move x=0.500, z=-0.026, stop_count=0, roi_count=0, nearest_x=inf, clear_frames=825
[INFO] [1782639356.017160960] [unitree_safe_cmd_node]: Move x=0.500, z=-0.004, stop_count=0, roi_count=0, nearest_x=inf, clear_frames=830
[INFO] [1782639356.566834262] [unitree_safe_cmd_node]: Move x=0.500, z=-0.017, stop_count=0, roi_count=0, nearest_x=inf, clear_frames=836
[INFO] [1782639357.067095803] [unitree_safe_cmd_node]: Move x=0.500, z=-0.003, stop_count=0, roi_count=0, nearest_x=inf, clear_frames=841
[INFO] [1782639357.617034628] [unitree_safe_cmd_node]: Move x=0.500, z=-0.003, stop_count=0, roi_count=0, nearest_x=inf, clear_frames=846
[INFO] [1782639358.126413011] [unitree_safe_cmd_node]: Move x=0.500, z=-0.029, stop_count=0, roi_count=0, nearest_x=inf, clear_frames=851
[INFO] [1782639358.666739351] [unitree_safe_cmd_node]: Move x=0.500, z=0.019, stop_count=0, roi_count=0, nearest_x=inf, clear_frames=857
[INFO] [1782639359.167283249] [unitree_safe_cmd_node]: Move x=0.500, z=0.004, stop_count=0, roi_count=0, nearest_x=inf, clear_frames=862
[INFO] [1782639359.717222172] [unitree_safe_cmd_node]: Move x=0.500, z=-0.005, stop_count=0, roi_count=0, nearest_x=inf, clear_frames=867
[INFO] [1782639360.217035404] [unitree_safe_cmd_node]: Move x=0.500, z=0.011, stop_count=0, roi_count=0, nearest_x=inf, clear_frames=872
[INFO] [1782639360.766807695] [unitree_safe_cmd_node]: Move x=0.500, z=-0.001, stop_count=0, roi_count=0, nearest_x=inf, clear_frames=878
[INFO] [1782639361.266673891] [unitree_safe_cmd_node]: Move x=0.500, z=-0.004, stop_count=0, roi_count=0, nearest_x=inf, clear_frames=883
[INFO] [1782639361.767281765] [unitree_safe_cmd_node]: Move x=0.500, z=-0.029, stop_count=0, roi_count=0, nearest_x=inf, clear_frames=888
[INFO] [1782639362.274420084] [unitree_safe_cmd_node]: Move x=0.500, z=0.015, stop_count=0, roi_count=0, nearest_x=inf, clear_frames=893
[INFO] [1782639362.817185362] [unitree_safe_cmd_node]: Move x=0.500, z=0.009, stop_count=0, roi_count=0, nearest_x=inf, clear_frames=898
[INFO] [1782639363.317093868] [unitree_safe_cmd_node]: Move x=0.500, z=0.026, stop_count=0, roi_count=0, nearest_x=inf, clear_frames=903
[INFO] [1782639363.866664680] [unitree_safe_cmd_node]: Move x=0.500, z=-0.001, stop_count=0, roi_count=0, nearest_x=inf, clear_frames=909
[INFO] [1782639364.366992413] [unitree_safe_cmd_node]: Move x=0.500, z=0.003, stop_count=0, roi_count=0, nearest_x=inf, clear_frames=914
[INFO] [1782639364.917034327] [unitree_safe_cmd_node]: Move x=0.500, z=-0.019, stop_count=0, roi_count=0, nearest_x=inf, clear_frames=919
[INFO] [1782639365.466623992] [unitree_safe_cmd_node]: Move x=0.500, z=0.000, stop_count=0, roi_count=0, nearest_x=inf, clear_frames=925
[INFO] [1782639365.966783460] [unitree_safe_cmd_node]: Move x=0.500, z=-0.016, stop_count=0, roi_count=0, nearest_x=inf, clear_frames=930
[INFO] [1782639366.466672898] [unitree_safe_cmd_node]: Move x=0.500, z=-0.010, stop_count=0, roi_count=0, nearest_x=inf, clear_frames=935
[INFO] [1782639366.967114593] [unitree_safe_cmd_node]: Move x=0.500, z=-0.030, stop_count=0, roi_count=0, nearest_x=inf, clear_frames=940
[INFO] [1782639367.519331396] [unitree_safe_cmd_node]: Move x=0.500, z=-0.046, stop_count=0, roi_count=0, nearest_x=inf, clear_frames=945
[INFO] [1782639368.066653374] [unitree_safe_cmd_node]: Move x=0.500, z=-0.017, stop_count=0, roi_count=0, nearest_x=inf, clear_frames=951
[INFO] [1782639368.617020242] [unitree_safe_cmd_node]: Move x=0.500, z=0.029, stop_count=0, roi_count=0, nearest_x=inf, clear_frames=956
[INFO] [1782639369.118715232] [unitree_safe_cmd_node]: Move x=0.500, z=-0.001, stop_count=0, roi_count=0, nearest_x=inf, clear_frames=961
[INFO] [1782639369.666635266] [unitree_safe_cmd_node]: Move x=0.500, z=-0.024, stop_count=0, roi_count=0, nearest_x=inf, clear_frames=967
[INFO] [1782639370.166723216] [unitree_safe_cmd_node]: Move x=0.500, z=0.029, stop_count=0, roi_count=0, nearest_x=inf, clear_frames=972
[INFO] [1782639370.716968064] [unitree_safe_cmd_node]: Move x=0.500, z=0.039, stop_count=0, roi_count=0, nearest_x=inf, clear_frames=977
[INFO] [1782639371.266691825] [unitree_safe_cmd_node]: Move x=0.500, z=0.020, stop_count=0, roi_count=0, nearest_x=inf, clear_frames=983
[INFO] [1782639371.766903593] [unitree_safe_cmd_node]: Move x=0.500, z=0.008, stop_count=0, roi_count=0, nearest_x=inf, clear_frames=988
[INFO] [1782639372.319061551] [unitree_safe_cmd_node]: Move x=0.500, z=-0.019, stop_count=0, roi_count=0, nearest_x=inf, clear_frames=993
[INFO] [1782639372.866761288] [unitree_safe_cmd_node]: Move x=0.500, z=-0.010, stop_count=0, roi_count=0, nearest_x=inf, clear_frames=999
[INFO] [1782639373.420588725] [unitree_safe_cmd_node]: Move x=0.500, z=-0.023, stop_count=0, roi_count=0, nearest_x=inf, clear_frames=1005
[INFO] [1782639373.966641867] [unitree_safe_cmd_node]: Move x=0.500, z=-0.012, stop_count=0, roi_count=0, nearest_x=inf, clear_frames=1010
[INFO] [1782639374.466630297] [unitree_safe_cmd_node]: Move x=0.500, z=-0.033, stop_count=0, roi_count=0, nearest_x=inf, clear_frames=1015
[INFO] [1782639375.021972867] [unitree_safe_cmd_node]: Move x=0.500, z=-0.018, stop_count=0, roi_count=0, nearest_x=inf, clear_frames=1021
[INFO] [1782639375.566703852] [unitree_safe_cmd_node]: Move x=0.500, z=0.002, stop_count=0, roi_count=0, nearest_x=inf, clear_frames=1026
[INFO] [1782639376.066708508] [unitree_safe_cmd_node]: Move x=0.500, z=0.002, stop_count=0, roi_count=0, nearest_x=inf, clear_frames=1031
[INFO] [1782639376.567096997] [unitree_safe_cmd_node]: Move x=0.500, z=0.015, stop_count=0, roi_count=0, nearest_x=inf, clear_frames=1036
[INFO] [1782639377.117051884] [unitree_safe_cmd_node]: Move x=0.500, z=-0.032, stop_count=0, roi_count=0, nearest_x=inf, clear_frames=1041
[INFO] [1782639377.619398061] [unitree_safe_cmd_node]: Move x=0.500, z=0.012, stop_count=0, roi_count=0, nearest_x=inf, clear_frames=1046
[INFO] [1782639378.166644913] [unitree_safe_cmd_node]: Move x=0.500, z=0.002, stop_count=0, roi_count=0, nearest_x=inf, clear_frames=1052
[INFO] [1782639378.717028500] [unitree_safe_cmd_node]: Move x=0.500, z=-0.012, stop_count=0, roi_count=0, nearest_x=inf, clear_frames=1057
[INFO] [1782639379.217426752] [unitree_safe_cmd_node]: Move x=0.500, z=-0.036, stop_count=0, roi_count=0, nearest_x=inf, clear_frames=1062
[INFO] [1782639379.769010926] [unitree_safe_cmd_node]: Move x=0.500, z=-0.017, stop_count=0, roi_count=0, nearest_x=inf, clear_frames=1068
[INFO] [1782639380.321396012] [unitree_safe_cmd_node]: Move x=0.500, z=-0.086, stop_count=0, roi_count=0, nearest_x=inf, clear_frames=1074
[INFO] [1782639380.866636922] [unitree_safe_cmd_node]: Move x=0.500, z=-0.104, stop_count=0, roi_count=0, nearest_x=inf, clear_frames=1079
[INFO] [1782639381.416988095] [unitree_safe_cmd_node]: Move x=0.500, z=-0.070, stop_count=0, roi_count=0, nearest_x=inf, clear_frames=1084
[INFO] [1782639381.966613592] [unitree_safe_cmd_node]: Move x=0.500, z=-0.066, stop_count=0, roi_count=0, nearest_x=inf, clear_frames=1090
[INFO] [1782639382.466619472] [unitree_safe_cmd_node]: Move x=0.500, z=-0.092, stop_count=0, roi_count=0, nearest_x=inf, clear_frames=1095
[INFO] [1782639382.966977022] [unitree_safe_cmd_node]: Move x=0.500, z=-0.018, stop_count=0, roi_count=0, nearest_x=inf, clear_frames=1100
[INFO] [1782639383.517086679] [unitree_safe_cmd_node]: Move x=0.500, z=-0.016, stop_count=0, roi_count=0, nearest_x=inf, clear_frames=1105
[INFO] [1782639384.017040397] [unitree_safe_cmd_node]: Move x=0.500, z=-0.006, stop_count=0, roi_count=0, nearest_x=inf, clear_frames=1110
[INFO] [1782639384.517067017] [unitree_safe_cmd_node]: Move x=0.500, z=-0.016, stop_count=0, roi_count=0, nearest_x=inf, clear_frames=1115
[INFO] [1782639385.066644163] [unitree_safe_cmd_node]: Move x=0.500, z=-0.027, stop_count=0, roi_count=0, nearest_x=inf, clear_frames=1121
[INFO] [1782639385.617069425] [unitree_safe_cmd_node]: Move x=0.500, z=0.019, stop_count=0, roi_count=0, nearest_x=inf, clear_frames=1126
[INFO] [1782639386.166927357] [unitree_safe_cmd_node]: Move x=0.500, z=0.021, stop_count=0, roi_count=0, nearest_x=inf, clear_frames=1132
[INFO] [1782639386.717258087] [unitree_safe_cmd_node]: Move x=0.500, z=-0.002, stop_count=0, roi_count=0, nearest_x=inf, clear_frames=1137
[INFO] [1782639387.221313914] [unitree_safe_cmd_node]: Move x=0.500, z=-0.008, stop_count=0, roi_count=0, nearest_x=inf, clear_frames=1143
[INFO] [1782639387.766593234] [unitree_safe_cmd_node]: Move x=0.500, z=-0.004, stop_count=0, roi_count=0, nearest_x=inf, clear_frames=1148
[INFO] [1782639388.317151948] [unitree_safe_cmd_node]: Move x=0.500, z=-0.019, stop_count=0, roi_count=0, nearest_x=inf, clear_frames=1153
[INFO] [1782639388.817016834] [unitree_safe_cmd_node]: Move x=0.500, z=-0.032, stop_count=0, roi_count=0, nearest_x=inf, clear_frames=1158
[INFO] [1782639389.320516053] [unitree_safe_cmd_node]: Move x=0.500, z=-0.045, stop_count=0, roi_count=0, nearest_x=inf, clear_frames=1163
[INFO] [1782639389.866761450] [unitree_safe_cmd_node]: Move x=0.500, z=-0.033, stop_count=0, roi_count=0, nearest_x=inf, clear_frames=1168
[INFO] [1782639390.366592320] [unitree_safe_cmd_node]: Move x=0.500, z=-0.055, stop_count=0, roi_count=0, nearest_x=inf, clear_frames=1173
[INFO] [1782639390.866769291] [unitree_safe_cmd_node]: Move x=0.500, z=-0.049, stop_count=0, roi_count=0, nearest_x=inf, clear_frames=1178
[INFO] [1782639391.416996436] [unitree_safe_cmd_node]: Move x=0.500, z=-0.048, stop_count=0, roi_count=0, nearest_x=inf, clear_frames=1183
[INFO] [1782639391.918506544] [unitree_safe_cmd_node]: Move x=0.500, z=-0.048, stop_count=0, roi_count=0, nearest_x=inf, clear_frames=1188
[INFO] [1782639392.466790052] [unitree_safe_cmd_node]: Move x=0.500, z=-0.013, stop_count=0, roi_count=0, nearest_x=inf, clear_frames=1194
[INFO] [1782639392.966658782] [unitree_safe_cmd_node]: Move x=0.500, z=-0.024, stop_count=0, roi_count=0, nearest_x=inf, clear_frames=1199
[INFO] [1782639393.466631264] [unitree_safe_cmd_node]: Move x=0.500, z=0.003, stop_count=0, roi_count=0, nearest_x=inf, clear_frames=1204
[INFO] [1782639394.021726674] [unitree_safe_cmd_node]: Move x=0.500, z=-0.029, stop_count=0, roi_count=0, nearest_x=inf, clear_frames=1210
[INFO] [1782639394.566733537] [unitree_safe_cmd_node]: Move x=0.500, z=0.007, stop_count=0, roi_count=0, nearest_x=inf, clear_frames=1215
[INFO] [1782639395.066875214] [unitree_safe_cmd_node]: Move x=0.500, z=0.011, stop_count=0, roi_count=0, nearest_x=inf, clear_frames=1220
[INFO] [1782639395.617067641] [unitree_safe_cmd_node]: Move x=0.500, z=-0.027, stop_count=0, roi_count=0, nearest_x=inf, clear_frames=1225
[INFO] [1782639396.117036636] [unitree_safe_cmd_node]: Move x=0.500, z=0.009, stop_count=0, roi_count=0, nearest_x=inf, clear_frames=1230
[INFO] [1782639396.666758795] [unitree_safe_cmd_node]: Move x=0.500, z=0.001, stop_count=0, roi_count=0, nearest_x=inf, clear_frames=1236
[INFO] [1782639397.166731824] [unitree_safe_cmd_node]: Move x=0.500, z=-0.005, stop_count=0, roi_count=0, nearest_x=inf, clear_frames=1241
[INFO] [1782639397.717056740] [unitree_safe_cmd_node]: Move x=0.500, z=-0.019, stop_count=0, roi_count=0, nearest_x=inf, clear_frames=1246
[INFO] [1782639398.220688680] [unitree_safe_cmd_node]: Move x=0.500, z=-0.040, stop_count=0, roi_count=0, nearest_x=inf, clear_frames=1251
[INFO] [1782639398.767096624] [unitree_safe_cmd_node]: Move x=0.500, z=-0.026, stop_count=0, roi_count=0, nearest_x=inf, clear_frames=1257
[INFO] [1782639399.317036303] [unitree_safe_cmd_node]: Move x=0.500, z=-0.037, stop_count=0, roi_count=0, nearest_x=inf, clear_frames=1262
[INFO] [1782639399.819528942] [unitree_safe_cmd_node]: Move x=0.500, z=0.034, stop_count=0, roi_count=0, nearest_x=inf, clear_frames=1268
[INFO] [1782639400.366809709] [unitree_safe_cmd_node]: Move x=0.500, z=0.009, stop_count=0, roi_count=0, nearest_x=inf, clear_frames=1273
[INFO] [1782639400.866625515] [unitree_safe_cmd_node]: Move x=0.500, z=0.014, stop_count=0, roi_count=0, nearest_x=inf, clear_frames=1278
[INFO] [1782639401.417399358] [unitree_safe_cmd_node]: Move x=0.500, z=-0.011, stop_count=0, roi_count=0, nearest_x=inf, clear_frames=1283
[INFO] [1782639401.919956419] [unitree_safe_cmd_node]: Move x=0.500, z=0.022, stop_count=0, roi_count=0, nearest_x=inf, clear_frames=1289
[INFO] [1782639402.466633695] [unitree_safe_cmd_node]: Move x=0.500, z=-0.004, stop_count=0, roi_count=0, nearest_x=inf, clear_frames=1294
[INFO] [1782639402.967086533] [unitree_safe_cmd_node]: Move x=0.500, z=-0.004, stop_count=0, roi_count=0, nearest_x=inf, clear_frames=1299
[INFO] [1782639403.466794655] [unitree_safe_cmd_node]: Move x=0.500, z=0.012, stop_count=0, roi_count=0, nearest_x=inf, clear_frames=1304
[INFO] [1782639404.017088920] [unitree_safe_cmd_node]: Move x=0.500, z=-0.016, stop_count=0, roi_count=0, nearest_x=inf, clear_frames=1309
[INFO] [1782639404.566962839] [unitree_safe_cmd_node]: Move x=0.500, z=-0.037, stop_count=0, roi_count=0, nearest_x=inf, clear_frames=1315
[INFO] [1782639405.066661137] [unitree_safe_cmd_node]: Move x=0.500, z=-0.070, stop_count=0, roi_count=0, nearest_x=inf, clear_frames=1320
[INFO] [1782639405.566830153] [unitree_safe_cmd_node]: Move x=0.500, z=-0.169, stop_count=0, roi_count=0, nearest_x=inf, clear_frames=1325
[INFO] [1782639406.066861528] [unitree_safe_cmd_node]: Move x=0.500, z=-0.169, stop_count=0, roi_count=0, nearest_x=inf, clear_frames=1330
[INFO] [1782639406.618273079] [unitree_safe_cmd_node]: Move x=0.500, z=-0.215, stop_count=0, roi_count=0, nearest_x=inf, clear_frames=1335
[INFO] [1782639407.166916814] [unitree_safe_cmd_node]: Move x=0.500, z=-0.193, stop_count=0, roi_count=0, nearest_x=inf, clear_frames=1341
[INFO] [1782639407.666645708] [unitree_safe_cmd_node]: Move x=0.500, z=-0.184, stop_count=0, roi_count=0, nearest_x=inf, clear_frames=1346
[INFO] [1782639408.216972586] [unitree_safe_cmd_node]: Move x=0.500, z=-0.153, stop_count=0, roi_count=0, nearest_x=inf, clear_frames=1351
[INFO] [1782639408.766596253] [unitree_safe_cmd_node]: Move x=0.500, z=-0.081, stop_count=0, roi_count=0, nearest_x=inf, clear_frames=1357
[INFO] [1782639409.316991840] [unitree_safe_cmd_node]: Move x=0.500, z=-0.029, stop_count=0, roi_count=0, nearest_x=inf, clear_frames=1362
[INFO] [1782639409.821394236] [unitree_safe_cmd_node]: Move x=0.500, z=-0.047, stop_count=0, roi_count=0, nearest_x=inf, clear_frames=1368
[INFO] [1782639410.366665001] [unitree_safe_cmd_node]: Move x=0.500, z=0.005, stop_count=0, roi_count=0, nearest_x=inf, clear_frames=1373
[INFO] [1782639410.866665722] [unitree_safe_cmd_node]: Move x=0.500, z=0.030, stop_count=0, roi_count=0, nearest_x=inf, clear_frames=1378
[INFO] [1782639411.417090208] [unitree_safe_cmd_node]: Move x=0.500, z=-0.006, stop_count=0, roi_count=0, nearest_x=inf, clear_frames=1383
[INFO] [1782639411.917166838] [unitree_safe_cmd_node]: Move x=0.500, z=-0.023, stop_count=0, roi_count=0, nearest_x=inf, clear_frames=1388
[INFO] [1782639412.466629443] [unitree_safe_cmd_node]: Move x=0.500, z=-0.017, stop_count=0, roi_count=0, nearest_x=inf, clear_frames=1394
[INFO] [1782639412.967012045] [unitree_safe_cmd_node]: Move x=0.500, z=0.036, stop_count=0, roi_count=0, nearest_x=inf, clear_frames=1399
[INFO] [1782639413.519275332] [unitree_safe_cmd_node]: Move x=0.500, z=0.019, stop_count=0, roi_count=0, nearest_x=inf, clear_frames=1404
[INFO] [1782639414.067088046] [unitree_safe_cmd_node]: Move x=0.500, z=-0.071, stop_count=0, roi_count=0, nearest_x=inf, clear_frames=1410
[INFO] [1782639414.629402313] [unitree_safe_cmd_node]: Move x=0.500, z=-0.051, stop_count=0, roi_count=0, nearest_x=inf, clear_frames=1415
[INFO] [1782639415.166769369] [unitree_safe_cmd_node]: Move x=0.500, z=-0.045, stop_count=0, roi_count=0, nearest_x=inf, clear_frames=1421
[INFO] [1782639415.674975872] [unitree_safe_cmd_node]: Move x=0.500, z=-0.055, stop_count=0, roi_count=0, nearest_x=inf, clear_frames=1426
[INFO] [1782639416.217061007] [unitree_safe_cmd_node]: Move x=0.500, z=-0.033, stop_count=0, roi_count=0, nearest_x=inf, clear_frames=1431
[INFO] [1782639416.717082917] [unitree_safe_cmd_node]: Move x=0.500, z=-0.040, stop_count=0, roi_count=0, nearest_x=inf, clear_frames=1436
[INFO] [1782639417.266652508] [unitree_safe_cmd_node]: Move x=0.500, z=-0.050, stop_count=0, roi_count=0, nearest_x=inf, clear_frames=1442
[INFO] [1782639417.817049222] [unitree_safe_cmd_node]: Move x=0.500, z=-0.038, stop_count=0, roi_count=0, nearest_x=inf, clear_frames=1447
[INFO] [1782639418.366624605] [unitree_safe_cmd_node]: Move x=0.500, z=-0.045, stop_count=0, roi_count=0, nearest_x=inf, clear_frames=1453
[INFO] [1782639418.866719961] [unitree_safe_cmd_node]: Move x=0.500, z=-0.041, stop_count=0, roi_count=0, nearest_x=inf, clear_frames=1458
[INFO] [1782639419.417000221] [unitree_safe_cmd_node]: Move x=0.500, z=-0.062, stop_count=0, roi_count=0, nearest_x=inf, clear_frames=1463
[INFO] [1782639419.918046099] [unitree_safe_cmd_node]: Move x=0.500, z=-0.047, stop_count=0, roi_count=0, nearest_x=inf, clear_frames=1468
[INFO] [1782639420.466666802] [unitree_safe_cmd_node]: Move x=0.500, z=-0.026, stop_count=0, roi_count=0, nearest_x=inf, clear_frames=1474
[INFO] [1782639420.966760560] [unitree_safe_cmd_node]: Move x=0.500, z=-0.041, stop_count=0, roi_count=0, nearest_x=inf, clear_frames=1479
[INFO] [1782639421.466695523] [unitree_safe_cmd_node]: Move x=0.500, z=-0.027, stop_count=0, roi_count=0, nearest_x=inf, clear_frames=1484
[INFO] [1782639421.967073490] [unitree_safe_cmd_node]: Move x=0.500, z=-0.026, stop_count=0, roi_count=0, nearest_x=inf, clear_frames=1489
[INFO] [1782639422.517255506] [unitree_safe_cmd_node]: Move x=0.500, z=0.002, stop_count=0, roi_count=0, nearest_x=inf, clear_frames=1494
[INFO] [1782639423.066808875] [unitree_safe_cmd_node]: Move x=0.500, z=-0.023, stop_count=0, roi_count=0, nearest_x=inf, clear_frames=1500
[INFO] [1782639423.620051398] [unitree_safe_cmd_node]: Move x=0.500, z=-0.062, stop_count=0, roi_count=0, nearest_x=inf, clear_frames=1505
[INFO] [1782639424.166942814] [unitree_safe_cmd_node]: Move x=0.500, z=-0.123, stop_count=0, roi_count=0, nearest_x=inf, clear_frames=1511
[INFO] [1782639424.666650726] [unitree_safe_cmd_node]: Move x=0.500, z=-0.138, stop_count=0, roi_count=0, nearest_x=inf, clear_frames=1516
[INFO] [1782639425.218516686] [unitree_safe_cmd_node]: Move x=0.500, z=-0.160, stop_count=0, roi_count=0, nearest_x=inf, clear_frames=1521
[INFO] [1782639425.766701558] [unitree_safe_cmd_node]: Move x=0.500, z=-0.129, stop_count=0, roi_count=0, nearest_x=inf, clear_frames=1527
[INFO] [1782639426.266620107] [unitree_safe_cmd_node]: Move x=0.500, z=-0.093, stop_count=0, roi_count=0, nearest_x=inf, clear_frames=1532
[INFO] [1782639426.819571350] [unitree_safe_cmd_node]: Move x=0.500, z=-0.084, stop_count=0, roi_count=0, nearest_x=inf, clear_frames=1537
[INFO] [1782639427.366623706] [unitree_safe_cmd_node]: Move x=0.500, z=-0.084, stop_count=0, roi_count=0, nearest_x=inf, clear_frames=1543
[INFO] [1782639427.867919780] [unitree_safe_cmd_node]: Move x=0.500, z=-0.053, stop_count=0, roi_count=0, nearest_x=inf, clear_frames=1548
[INFO] [1782639428.366912611] [unitree_safe_cmd_node]: Move x=0.500, z=-0.008, stop_count=0, roi_count=0, nearest_x=inf, clear_frames=1553
[INFO] [1782639428.920300681] [unitree_safe_cmd_node]: Move x=0.500, z=0.017, stop_count=0, roi_count=0, nearest_x=inf, clear_frames=1558
[INFO] [1782639429.466833455] [unitree_safe_cmd_node]: Move x=0.500, z=0.019, stop_count=0, roi_count=0, nearest_x=inf, clear_frames=1564
[INFO] [1782639430.017054517] [unitree_safe_cmd_node]: Move x=0.500, z=-0.018, stop_count=0, roi_count=0, nearest_x=inf, clear_frames=1569
[INFO] [1782639430.566630997] [unitree_safe_cmd_node]: Move x=0.500, z=-0.013, stop_count=0, roi_count=0, nearest_x=inf, clear_frames=1575
[INFO] [1782639431.066679413] [unitree_safe_cmd_node]: Move x=0.500, z=-0.025, stop_count=0, roi_count=0, nearest_x=inf, clear_frames=1580
[INFO] [1782639431.617475039] [unitree_safe_cmd_node]: Move x=0.500, z=-0.022, stop_count=0, roi_count=0, nearest_x=inf, clear_frames=1585
[INFO] [1782639432.127189802] [unitree_safe_cmd_node]: Move x=0.500, z=-0.032, stop_count=0, roi_count=0, nearest_x=inf, clear_frames=1590
[INFO] [1782639432.666820271] [unitree_safe_cmd_node]: Move x=0.500, z=-0.015, stop_count=0, roi_count=0, nearest_x=inf, clear_frames=1596
[INFO] [1782639433.174045636] [unitree_safe_cmd_node]: Move x=0.500, z=0.003, stop_count=0, roi_count=0, nearest_x=inf, clear_frames=1601
[INFO] [1782639433.717090297] [unitree_safe_cmd_node]: Move x=0.500, z=0.019, stop_count=0, roi_count=0, nearest_x=inf, clear_frames=1606
[INFO] [1782639434.218217788] [unitree_safe_cmd_node]: Move x=0.500, z=0.029, stop_count=0, roi_count=0, nearest_x=inf, clear_frames=1611
[INFO] [1782639434.766794049] [unitree_safe_cmd_node]: Move x=0.500, z=0.013, stop_count=0, roi_count=0, nearest_x=inf, clear_frames=1617
[INFO] [1782639435.266691418] [unitree_safe_cmd_node]: Move x=0.500, z=0.003, stop_count=0, roi_count=0, nearest_x=inf, clear_frames=1622
[INFO] [1782639435.817228086] [unitree_safe_cmd_node]: Move x=0.500, z=-0.111, stop_count=0, roi_count=0, nearest_x=inf, clear_frames=1627
[INFO] [1782639436.317161938] [unitree_safe_cmd_node]: Move x=0.500, z=-0.202, stop_count=0, roi_count=0, nearest_x=inf, clear_frames=1632
[INFO] [1782639436.866846492] [unitree_safe_cmd_node]: Move x=0.500, z=-0.167, stop_count=0, roi_count=0, nearest_x=inf, clear_frames=1637
[INFO] [1782639437.366748630] [unitree_safe_cmd_node]: Move x=0.500, z=-0.209, stop_count=0, roi_count=0, nearest_x=inf, clear_frames=1642
[INFO] [1782639437.917055910] [unitree_safe_cmd_node]: Move x=0.500, z=-0.179, stop_count=0, roi_count=0, nearest_x=inf, clear_frames=1647
[INFO] [1782639438.417046982] [unitree_safe_cmd_node]: Move x=0.500, z=-0.158, stop_count=0, roi_count=0, nearest_x=inf, clear_frames=1652
[INFO] [1782639438.917258771] [unitree_safe_cmd_node]: Move x=0.500, z=-0.117, stop_count=0, roi_count=0, nearest_x=inf, clear_frames=1657
[INFO] [1782639439.466796373] [unitree_safe_cmd_node]: Move x=0.500, z=-0.066, stop_count=0, roi_count=0, nearest_x=inf, clear_frames=1663
[INFO] [1782639440.017180971] [unitree_safe_cmd_node]: Move x=0.500, z=-0.017, stop_count=0, roi_count=0, nearest_x=inf, clear_frames=1668
[INFO] [1782639440.566652969] [unitree_safe_cmd_node]: Move x=0.500, z=-0.029, stop_count=0, roi_count=0, nearest_x=inf, clear_frames=1674
[INFO] [1782639441.067015745] [unitree_safe_cmd_node]: Move x=0.500, z=-0.016, stop_count=0, roi_count=0, nearest_x=inf, clear_frames=1679
[INFO] [1782639441.617177290] [unitree_safe_cmd_node]: Move x=0.500, z=-0.038, stop_count=0, roi_count=0, nearest_x=inf, clear_frames=1684
[INFO] [1782639442.166712973] [unitree_safe_cmd_node]: Move x=0.500, z=-0.030, stop_count=0, roi_count=0, nearest_x=inf, clear_frames=1690
[INFO] [1782639442.717180905] [unitree_safe_cmd_node]: Move x=0.500, z=-0.004, stop_count=0, roi_count=0, nearest_x=inf, clear_frames=1695
[INFO] [1782639443.217257552] [unitree_safe_cmd_node]: Move x=0.500, z=-0.082, stop_count=0, roi_count=0, nearest_x=inf, clear_frames=1700
[INFO] [1782639443.766608393] [unitree_safe_cmd_node]: Move x=0.500, z=-0.066, stop_count=0, roi_count=0, nearest_x=inf, clear_frames=1706
[INFO] [1782639444.317145322] [unitree_safe_cmd_node]: Move x=0.500, z=-0.036, stop_count=0, roi_count=0, nearest_x=inf, clear_frames=1711
[INFO] [1782639444.866659437] [unitree_safe_cmd_node]: Move x=0.500, z=-0.014, stop_count=0, roi_count=0, nearest_x=inf, clear_frames=1717
[INFO] [1782639445.417183053] [unitree_safe_cmd_node]: Move x=0.500, z=-0.027, stop_count=0, roi_count=0, nearest_x=inf, clear_frames=1722
[INFO] [1782639445.917245813] [unitree_safe_cmd_node]: Move x=0.500, z=-0.044, stop_count=0, roi_count=0, nearest_x=inf, clear_frames=1727
[INFO] [1782639446.466746168] [unitree_safe_cmd_node]: Move x=0.500, z=-0.038, stop_count=0, roi_count=0, nearest_x=inf, clear_frames=1733
[INFO] [1782639446.966815392] [unitree_safe_cmd_node]: Move x=0.500, z=-0.047, stop_count=0, roi_count=0, nearest_x=inf, clear_frames=1738
[INFO] [1782639447.468717016] [unitree_safe_cmd_node]: Move x=0.500, z=-0.000, stop_count=0, roi_count=0, nearest_x=inf, clear_frames=1743
[INFO] [1782639448.017056405] [unitree_safe_cmd_node]: Move x=0.500, z=0.028, stop_count=0, roi_count=0, nearest_x=inf, clear_frames=1748
[INFO] [1782639448.517088988] [unitree_safe_cmd_node]: Move x=0.500, z=0.016, stop_count=0, roi_count=0, nearest_x=inf, clear_frames=1753
[INFO] [1782639449.066801709] [unitree_safe_cmd_node]: Move x=0.500, z=0.005, stop_count=0, roi_count=0, nearest_x=inf, clear_frames=1759
[INFO] [1782639449.567687240] [unitree_safe_cmd_node]: Move x=0.500, z=0.028, stop_count=0, roi_count=0, nearest_x=inf, clear_frames=1764
[INFO] [1782639450.117599045] [unitree_safe_cmd_node]: Move x=0.500, z=-0.028, stop_count=0, roi_count=0, nearest_x=inf, clear_frames=1769
[INFO] [1782639450.617785206] [unitree_safe_cmd_node]: Move x=0.500, z=-0.010, stop_count=0, roi_count=0, nearest_x=inf, clear_frames=1774
[INFO] [1782639451.166669430] [unitree_safe_cmd_node]: Move x=0.500, z=-0.016, stop_count=0, roi_count=0, nearest_x=inf, clear_frames=1780
[INFO] [1782639451.667243839] [unitree_safe_cmd_node]: Move x=0.500, z=-0.006, stop_count=0, roi_count=0, nearest_x=inf, clear_frames=1785
[INFO] [1782639452.217463312] [unitree_safe_cmd_node]: Move x=0.500, z=-0.011, stop_count=0, roi_count=0, nearest_x=inf, clear_frames=1790
[INFO] [1782639452.766665443] [unitree_safe_cmd_node]: Move x=0.500, z=-0.040, stop_count=0, roi_count=0, nearest_x=inf, clear_frames=1796
[INFO] [1782639453.316993019] [unitree_safe_cmd_node]: Move x=0.500, z=-0.015, stop_count=0, roi_count=0, nearest_x=inf, clear_frames=1801
[INFO] [1782639453.866831990] [unitree_safe_cmd_node]: Move x=0.500, z=0.009, stop_count=0, roi_count=0, nearest_x=inf, clear_frames=1807
[INFO] [1782639454.366730966] [unitree_safe_cmd_node]: Move x=0.500, z=-0.015, stop_count=0, roi_count=0, nearest_x=inf, clear_frames=1812
[INFO] [1782639454.918421986] [unitree_safe_cmd_node]: Move x=0.500, z=-0.011, stop_count=0, roi_count=0, nearest_x=inf, clear_frames=1817
[INFO] [1782639455.466633338] [unitree_safe_cmd_node]: Move x=0.500, z=0.020, stop_count=0, roi_count=0, nearest_x=inf, clear_frames=1823
[INFO] [1782639455.966806284] [unitree_safe_cmd_node]: Move x=0.500, z=-0.026, stop_count=0, roi_count=0, nearest_x=inf, clear_frames=1828
[INFO] [1782639456.517031775] [unitree_safe_cmd_node]: Move x=0.500, z=-0.024, stop_count=0, roi_count=0, nearest_x=inf, clear_frames=1833
[INFO] [1782639457.017436864] [unitree_safe_cmd_node]: Move x=0.500, z=0.003, stop_count=0, roi_count=0, nearest_x=inf, clear_frames=1838
[INFO] [1782639457.567994503] [unitree_safe_cmd_node]: Move x=0.500, z=-0.048, stop_count=0, roi_count=0, nearest_x=inf, clear_frames=1844
[INFO] [1782639458.066760453] [unitree_safe_cmd_node]: Move x=0.500, z=-0.044, stop_count=0, roi_count=0, nearest_x=inf, clear_frames=1849
[INFO] [1782639458.566842802] [unitree_safe_cmd_node]: Move x=0.500, z=-0.038, stop_count=0, roi_count=0, nearest_x=inf, clear_frames=1854
[INFO] [1782639459.066936448] [unitree_safe_cmd_node]: Move x=0.500, z=-0.011, stop_count=0, roi_count=0, nearest_x=inf, clear_frames=1859
[INFO] [1782639459.617034317] [unitree_safe_cmd_node]: Move x=0.500, z=0.014, stop_count=0, roi_count=0, nearest_x=inf, clear_frames=1864
[INFO] [1782639460.117003604] [unitree_safe_cmd_node]: Move x=0.500, z=-0.050, stop_count=0, roi_count=0, nearest_x=inf, clear_frames=1869
[INFO] [1782639460.617035583] [unitree_safe_cmd_node]: Move x=0.500, z=-0.034, stop_count=0, roi_count=0, nearest_x=inf, clear_frames=1874
[INFO] [1782639461.117064938] [unitree_safe_cmd_node]: Move x=0.500, z=-0.040, stop_count=0, roi_count=0, nearest_x=inf, clear_frames=1879
[INFO] [1782639461.666660089] [unitree_safe_cmd_node]: Move x=0.500, z=-0.021, stop_count=0, roi_count=0, nearest_x=inf, clear_frames=1885
[INFO] [1782639462.217612474] [unitree_safe_cmd_node]: Move x=0.500, z=-0.023, stop_count=0, roi_count=0, nearest_x=inf, clear_frames=1890
[INFO] [1782639462.766933304] [unitree_safe_cmd_node]: Move x=0.500, z=-0.005, stop_count=0, roi_count=0, nearest_x=inf, clear_frames=1896
[INFO] [1782639463.266764376] [unitree_safe_cmd_node]: Move x=0.500, z=0.009, stop_count=0, roi_count=0, nearest_x=inf, clear_frames=1901
[INFO] [1782639463.816994446] [unitree_safe_cmd_node]: Move x=0.500, z=0.031, stop_count=0, roi_count=0, nearest_x=inf, clear_frames=1906
[INFO] [1782639464.317019226] [unitree_safe_cmd_node]: Move x=0.500, z=0.035, stop_count=0, roi_count=0, nearest_x=inf, clear_frames=1911
[INFO] [1782639464.866635050] [unitree_safe_cmd_node]: Move x=0.500, z=0.004, stop_count=0, roi_count=0, nearest_x=inf, clear_frames=1917
[INFO] [1782639465.417027403] [unitree_safe_cmd_node]: Move x=0.500, z=-0.033, stop_count=0, roi_count=0, nearest_x=inf, clear_frames=1922
[INFO] [1782639465.917014293] [unitree_safe_cmd_node]: Move x=0.500, z=-0.000, stop_count=0, roi_count=0, nearest_x=inf, clear_frames=1927
[INFO] [1782639466.417036609] [unitree_safe_cmd_node]: Move x=0.500, z=0.004, stop_count=0, roi_count=0, nearest_x=inf, clear_frames=1932
[INFO] [1782639466.966799355] [unitree_safe_cmd_node]: Move x=0.500, z=-0.036, stop_count=0, roi_count=0, nearest_x=inf, clear_frames=1938
[INFO] [1782639467.466700801] [unitree_safe_cmd_node]: Move x=0.500, z=-0.026, stop_count=0, roi_count=0, nearest_x=inf, clear_frames=1943
[INFO] [1782639467.966942427] [unitree_safe_cmd_node]: Move x=0.500, z=0.003, stop_count=0, roi_count=0, nearest_x=inf, clear_frames=1948
[INFO] [1782639468.517074604] [unitree_safe_cmd_node]: Move x=0.500, z=-0.003, stop_count=0, roi_count=0, nearest_x=inf, clear_frames=1953
[INFO] [1782639469.066666557] [unitree_safe_cmd_node]: Move x=0.500, z=-0.006, stop_count=0, roi_count=0, nearest_x=inf, clear_frames=1959
[INFO] [1782639469.566997821] [unitree_safe_cmd_node]: Move x=0.500, z=-0.028, stop_count=0, roi_count=0, nearest_x=inf, clear_frames=1964
[INFO] [1782639470.066987944] [unitree_safe_cmd_node]: Move x=0.500, z=-0.015, stop_count=0, roi_count=0, nearest_x=inf, clear_frames=1969
[INFO] [1782639470.617608152] [unitree_safe_cmd_node]: Move x=0.500, z=-0.022, stop_count=0, roi_count=0, nearest_x=inf, clear_frames=1974
[INFO] [1782639471.117073540] [unitree_safe_cmd_node]: Move x=0.500, z=-0.008, stop_count=0, roi_count=0, nearest_x=inf, clear_frames=1979
[INFO] [1782639471.667640144] [unitree_safe_cmd_node]: Move x=0.500, z=-0.001, stop_count=0, roi_count=0, nearest_x=inf, clear_frames=1985
[INFO] [1782639472.226970802] [unitree_safe_cmd_node]: Move x=0.500, z=-0.017, stop_count=0, roi_count=0, nearest_x=inf, clear_frames=1990
[INFO] [1782639472.767975482] [unitree_safe_cmd_node]: Move x=0.500, z=-0.015, stop_count=0, roi_count=0, nearest_x=inf, clear_frames=1996
[INFO] [1782639473.317411971] [unitree_safe_cmd_node]: Move x=0.500, z=-0.025, stop_count=0, roi_count=0, nearest_x=inf, clear_frames=2001
[INFO] [1782639473.866937873] [unitree_safe_cmd_node]: Move x=0.500, z=-0.010, stop_count=0, roi_count=0, nearest_x=inf, clear_frames=2007
[INFO] [1782639474.417146889] [unitree_safe_cmd_node]: Move x=0.500, z=-0.021, stop_count=0, roi_count=0, nearest_x=inf, clear_frames=2012
[INFO] [1782639474.918629392] [unitree_safe_cmd_node]: Move x=0.500, z=-0.027, stop_count=0, roi_count=0, nearest_x=inf, clear_frames=2017
[INFO] [1782639475.466867441] [unitree_safe_cmd_node]: Move x=0.500, z=-0.039, stop_count=0, roi_count=0, nearest_x=inf, clear_frames=2023
[INFO] [1782639476.017015525] [unitree_safe_cmd_node]: Move x=0.500, z=-0.000, stop_count=0, roi_count=0, nearest_x=inf, clear_frames=2028
[INFO] [1782639476.518508782] [unitree_safe_cmd_node]: Move x=0.500, z=-0.017, stop_count=0, roi_count=0, nearest_x=inf, clear_frames=2033
[INFO] [1782639477.066997086] [unitree_safe_cmd_node]: Move x=0.500, z=-0.017, stop_count=0, roi_count=0, nearest_x=inf, clear_frames=2039
[INFO] [1782639477.617001898] [unitree_safe_cmd_node]: Move x=0.500, z=-0.031, stop_count=0, roi_count=0, nearest_x=inf, clear_frames=2044
[INFO] [1782639478.116998264] [unitree_safe_cmd_node]: Move x=0.500, z=-0.027, stop_count=0, roi_count=0, nearest_x=inf, clear_frames=2049
[INFO] [1782639478.617246965] [unitree_safe_cmd_node]: Move x=0.500, z=0.016, stop_count=0, roi_count=0, nearest_x=inf, clear_frames=2054
[INFO] [1782639479.117702783] [unitree_safe_cmd_node]: Move x=0.500, z=-0.026, stop_count=0, roi_count=0, nearest_x=inf, clear_frames=2059
[INFO] [1782639479.666726000] [unitree_safe_cmd_node]: Move x=0.500, z=-0.026, stop_count=0, roi_count=0, nearest_x=inf, clear_frames=2065
[INFO] [1782639480.166644826] [unitree_safe_cmd_node]: Move x=0.500, z=0.032, stop_count=0, roi_count=0, nearest_x=inf, clear_frames=2070
[INFO] [1782639480.666881111] [unitree_safe_cmd_node]: Move x=0.500, z=0.045, stop_count=0, roi_count=0, nearest_x=inf, clear_frames=2075
[INFO] [1782639481.217241658] [unitree_safe_cmd_node]: Move x=0.500, z=0.009, stop_count=0, roi_count=0, nearest_x=inf, clear_frames=2080
[INFO] [1782639481.718682880] [unitree_safe_cmd_node]: Move x=0.500, z=-0.037, stop_count=0, roi_count=0, nearest_x=inf, clear_frames=2085
[INFO] [1782639482.266641777] [unitree_safe_cmd_node]: Move x=0.500, z=-0.038, stop_count=0, roi_count=0, nearest_x=inf, clear_frames=2091
[INFO] [1782639482.766578493] [unitree_safe_cmd_node]: Move x=0.500, z=-0.020, stop_count=0, roi_count=0, nearest_x=inf, clear_frames=2096
[INFO] [1782639483.317319319] [unitree_safe_cmd_node]: Move x=0.500, z=-0.010, stop_count=0, roi_count=0, nearest_x=inf, clear_frames=2101
[INFO] [1782639483.821392414] [unitree_safe_cmd_node]: Move x=0.500, z=-0.022, stop_count=0, roi_count=0, nearest_x=inf, clear_frames=2107
[INFO] [1782639484.368075746] [unitree_safe_cmd_node]: Move x=0.500, z=-0.019, stop_count=0, roi_count=0, nearest_x=inf, clear_frames=2112
[INFO] [1782639484.866978639] [unitree_safe_cmd_node]: Move x=0.500, z=0.003, stop_count=0, roi_count=0, nearest_x=inf, clear_frames=2117
[INFO] [1782639485.417113285] [unitree_safe_cmd_node]: Move x=0.500, z=0.009, stop_count=0, roi_count=0, nearest_x=inf, clear_frames=2122
[INFO] [1782639485.918290557] [unitree_safe_cmd_node]: Move x=0.500, z=-0.021, stop_count=0, roi_count=0, nearest_x=inf, clear_frames=2127
[INFO] [1782639486.420630907] [unitree_safe_cmd_node]: Move x=0.500, z=0.008, stop_count=0, roi_count=0, nearest_x=inf, clear_frames=2133
[INFO] [1782639486.966798144] [unitree_safe_cmd_node]: Move x=0.500, z=-0.014, stop_count=0, roi_count=0, nearest_x=inf, clear_frames=2138
[INFO] [1782639487.521662006] [unitree_safe_cmd_node]: Move x=0.500, z=-0.014, stop_count=0, roi_count=0, nearest_x=inf, clear_frames=2144
[INFO] [1782639488.066637012] [unitree_safe_cmd_node]: Move x=0.500, z=-0.013, stop_count=0, roi_count=0, nearest_x=inf, clear_frames=2149
[INFO] [1782639488.566730762] [unitree_safe_cmd_node]: Move x=0.500, z=-0.022, stop_count=0, roi_count=0, nearest_x=inf, clear_frames=2154
[INFO] [1782639489.066900357] [unitree_safe_cmd_node]: Move x=0.500, z=-0.027, stop_count=0, roi_count=0, nearest_x=inf, clear_frames=2159
[INFO] [1782639489.618361836] [unitree_safe_cmd_node]: Move x=0.500, z=-0.038, stop_count=0, roi_count=0, nearest_x=inf, clear_frames=2164
[INFO] [1782639490.166937285] [unitree_safe_cmd_node]: Move x=0.500, z=-0.019, stop_count=0, roi_count=0, nearest_x=inf, clear_frames=2170
[INFO] [1782639490.718368075] [unitree_safe_cmd_node]: Move x=0.500, z=-0.090, stop_count=0, roi_count=0, nearest_x=inf, clear_frames=2175
[INFO] [1782639491.266687060] [unitree_safe_cmd_node]: Move x=0.500, z=-0.091, stop_count=0, roi_count=0, nearest_x=inf, clear_frames=2181
[INFO] [1782639491.817005463] [unitree_safe_cmd_node]: Move x=0.500, z=-0.050, stop_count=0, roi_count=0, nearest_x=inf, clear_frames=2186
[INFO] [1782639492.321055935] [unitree_safe_cmd_node]: Move x=0.500, z=-0.055, stop_count=0, roi_count=0, nearest_x=inf, clear_frames=2192
[INFO] [1782639492.866641698] [unitree_safe_cmd_node]: Move x=0.500, z=-0.035, stop_count=0, roi_count=0, nearest_x=inf, clear_frames=2197
[INFO] [1782639493.417194964] [unitree_safe_cmd_node]: Move x=0.500, z=-0.007, stop_count=0, roi_count=0, nearest_x=inf, clear_frames=2202
[INFO] [1782639493.967106622] [unitree_safe_cmd_node]: Move x=0.500, z=-0.002, stop_count=0, roi_count=0, nearest_x=inf, clear_frames=2208
[INFO] [1782639494.517094733] [unitree_safe_cmd_node]: Move x=0.500, z=-0.004, stop_count=0, roi_count=0, nearest_x=inf, clear_frames=2213
[INFO] [1782639495.020809121] [unitree_safe_cmd_node]: Move x=0.500, z=-0.016, stop_count=0, roi_count=0, nearest_x=inf, clear_frames=2219
[INFO] [1782639495.520944059] [unitree_safe_cmd_node]: Move x=0.500, z=-0.023, stop_count=0, roi_count=0, nearest_x=inf, clear_frames=2224
[INFO] [1782639496.066990619] [unitree_safe_cmd_node]: Move x=0.500, z=-0.006, stop_count=0, roi_count=0, nearest_x=inf, clear_frames=2229
[INFO] [1782639496.620743151] [unitree_safe_cmd_node]: Move x=0.500, z=0.030, stop_count=0, roi_count=0, nearest_x=inf, clear_frames=2234
[INFO] [1782639497.166653543] [unitree_safe_cmd_node]: Move x=0.500, z=0.011, stop_count=0, roi_count=0, nearest_x=inf, clear_frames=2239
[INFO] [1782639497.666585845] [unitree_safe_cmd_node]: Move x=0.500, z=-0.034, stop_count=0, roi_count=0, nearest_x=inf, clear_frames=2244
[INFO] [1782639498.220928302] [unitree_safe_cmd_node]: Move x=0.500, z=-0.030, stop_count=0, roi_count=0, nearest_x=inf, clear_frames=2249
[INFO] [1782639498.766738816] [unitree_safe_cmd_node]: Move x=0.500, z=-0.051, stop_count=0, roi_count=0, nearest_x=inf, clear_frames=2255
[INFO] [1782639499.317193773] [unitree_safe_cmd_node]: Move x=0.500, z=-0.026, stop_count=0, roi_count=0, nearest_x=inf, clear_frames=2260
[INFO] [1782639499.817174686] [unitree_safe_cmd_node]: Move x=0.500, z=-0.007, stop_count=0, roi_count=0, nearest_x=inf, clear_frames=2265
[INFO] [1782639500.366650032] [unitree_safe_cmd_node]: Move x=0.500, z=-0.026, stop_count=0, roi_count=0, nearest_x=inf, clear_frames=2271
[INFO] [1782639500.917097244] [unitree_safe_cmd_node]: Move x=0.500, z=0.000, stop_count=0, roi_count=0, nearest_x=inf, clear_frames=2276
[INFO] [1782639501.420936856] [unitree_safe_cmd_node]: Move x=0.500, z=-0.028, stop_count=0, roi_count=0, nearest_x=inf, clear_frames=2282
[INFO] [1782639501.966635461] [unitree_safe_cmd_node]: Move x=0.500, z=-0.003, stop_count=0, roi_count=0, nearest_x=inf, clear_frames=2287
[INFO] [1782639502.516981611] [unitree_safe_cmd_node]: Move x=0.500, z=0.007, stop_count=0, roi_count=0, nearest_x=inf, clear_frames=2292
[INFO] [1782639503.017121543] [unitree_safe_cmd_node]: Move x=0.500, z=-0.020, stop_count=0, roi_count=0, nearest_x=inf, clear_frames=2297
[INFO] [1782639503.519460040] [unitree_safe_cmd_node]: Move x=0.500, z=-0.002, stop_count=0, roi_count=0, nearest_x=inf, clear_frames=2303
[INFO] [1782639504.066672304] [unitree_safe_cmd_node]: Move x=0.500, z=-0.033, stop_count=0, roi_count=0, nearest_x=inf, clear_frames=2308
[INFO] [1782639504.620307359] [unitree_safe_cmd_node]: Move x=0.500, z=-0.052, stop_count=0, roi_count=0, nearest_x=inf, clear_frames=2313
[INFO] [1782639505.118952032] [unitree_safe_cmd_node]: Move x=0.500, z=-0.043, stop_count=0, roi_count=0, nearest_x=inf, clear_frames=2319
[INFO] [1782639505.666582819] [unitree_safe_cmd_node]: Move x=0.500, z=0.033, stop_count=0, roi_count=0, nearest_x=inf, clear_frames=2324
[INFO] [1782639506.220024102] [unitree_safe_cmd_node]: Move x=0.500, z=0.028, stop_count=0, roi_count=0, nearest_x=inf, clear_frames=2329
[INFO] [1782639506.766645067] [unitree_safe_cmd_node]: Move x=0.500, z=0.009, stop_count=0, roi_count=0, nearest_x=inf, clear_frames=2335
[INFO] [1782639507.266713475] [unitree_safe_cmd_node]: Move x=0.500, z=0.008, stop_count=0, roi_count=0, nearest_x=inf, clear_frames=2340
[INFO] [1782639507.820988441] [unitree_safe_cmd_node]: Move x=0.500, z=0.024, stop_count=0, roi_count=0, nearest_x=inf, clear_frames=2346
[INFO] [1782639508.366918164] [unitree_safe_cmd_node]: Move x=0.500, z=-0.006, stop_count=0, roi_count=0, nearest_x=inf, clear_frames=2351
[INFO] [1782639508.919608939] [unitree_safe_cmd_node]: Move x=0.500, z=-0.003, stop_count=0, roi_count=0, nearest_x=inf, clear_frames=2357
[INFO] [1782639509.420469555] [unitree_safe_cmd_node]: Move x=0.500, z=0.012, stop_count=0, roi_count=0, nearest_x=inf, clear_frames=2362
[INFO] [1782639509.966849706] [unitree_safe_cmd_node]: Move x=0.500, z=0.000, stop_count=0, roi_count=0, nearest_x=inf, clear_frames=2367
[INFO] [1782639510.466875104] [unitree_safe_cmd_node]: Move x=0.500, z=-0.019, stop_count=0, roi_count=0, nearest_x=inf, clear_frames=2372
[INFO] [1782639511.017028572] [unitree_safe_cmd_node]: Move x=0.500, z=-0.024, stop_count=0, roi_count=0, nearest_x=inf, clear_frames=2377
[INFO] [1782639511.517052626] [unitree_safe_cmd_node]: Move x=0.500, z=-0.037, stop_count=0, roi_count=0, nearest_x=inf, clear_frames=2382
[INFO] [1782639512.020366768] [unitree_safe_cmd_node]: Move x=0.500, z=-0.038, stop_count=0, roi_count=0, nearest_x=inf, clear_frames=2387
[INFO] [1782639512.566646913] [unitree_safe_cmd_node]: Move x=0.500, z=-0.054, stop_count=0, roi_count=0, nearest_x=inf, clear_frames=2393
[INFO] [1782639513.066960713] [unitree_safe_cmd_node]: Move x=0.500, z=-0.015, stop_count=0, roi_count=0, nearest_x=inf, clear_frames=2398
[INFO] [1782639513.616997278] [unitree_safe_cmd_node]: Move x=0.500, z=-0.055, stop_count=0, roi_count=0, nearest_x=inf, clear_frames=2403
[INFO] [1782639514.117036117] [unitree_safe_cmd_node]: Move x=0.500, z=-0.055, stop_count=0, roi_count=0, nearest_x=inf, clear_frames=2408
[INFO] [1782639514.666935235] [unitree_safe_cmd_node]: Move x=0.500, z=-0.033, stop_count=0, roi_count=0, nearest_x=inf, clear_frames=2414
[INFO] [1782639515.217563997] [unitree_safe_cmd_node]: Move x=0.500, z=-0.008, stop_count=0, roi_count=0, nearest_x=inf, clear_frames=2419
[INFO] [1782639515.718994281] [unitree_safe_cmd_node]: Move x=0.500, z=-0.035, stop_count=0, roi_count=0, nearest_x=inf, clear_frames=2425
[INFO] [1782639516.221547449] [unitree_safe_cmd_node]: Move x=0.500, z=-0.036, stop_count=0, roi_count=0, nearest_x=inf, clear_frames=2430
[INFO] [1782639516.766641507] [unitree_safe_cmd_node]: Move x=0.500, z=-0.032, stop_count=0, roi_count=0, nearest_x=inf, clear_frames=2435
[INFO] [1782639517.319655758] [unitree_safe_cmd_node]: Move x=0.500, z=-0.046, stop_count=0, roi_count=0, nearest_x=inf, clear_frames=2441
[INFO] [1782639517.866658924] [unitree_safe_cmd_node]: Move x=0.500, z=-0.046, stop_count=0, roi_count=0, nearest_x=inf, clear_frames=2446
[INFO] [1782639518.366640960] [unitree_safe_cmd_node]: Move x=0.500, z=-0.078, stop_count=0, roi_count=0, nearest_x=inf, clear_frames=2451
[INFO] [1782639518.866920390] [unitree_safe_cmd_node]: Move x=0.500, z=-0.030, stop_count=0, roi_count=0, nearest_x=inf, clear_frames=2456
[INFO] [1782639519.418188296] [unitree_safe_cmd_node]: Move x=0.500, z=-0.052, stop_count=0, roi_count=0, nearest_x=inf, clear_frames=2462
[INFO] [1782639519.966792775] [unitree_safe_cmd_node]: Move x=0.500, z=-0.037, stop_count=0, roi_count=0, nearest_x=inf, clear_frames=2467
[INFO] [1782639520.517024458] [unitree_safe_cmd_node]: Move x=0.500, z=-0.031, stop_count=0, roi_count=0, nearest_x=inf, clear_frames=2472
[INFO] [1782639521.024863580] [unitree_safe_cmd_node]: Move x=0.500, z=0.010, stop_count=0, roi_count=0, nearest_x=inf, clear_frames=2478
[INFO] [1782639521.566742755] [unitree_safe_cmd_node]: Move x=0.500, z=0.006, stop_count=0, roi_count=0, nearest_x=inf, clear_frames=2483
[INFO] [1782639522.116991751] [unitree_safe_cmd_node]: Move x=0.500, z=-0.015, stop_count=0, roi_count=0, nearest_x=inf, clear_frames=2488
[INFO] [1782639522.619381966] [unitree_safe_cmd_node]: Move x=0.500, z=0.039, stop_count=0, roi_count=0, nearest_x=inf, clear_frames=2494
[INFO] [1782639523.166679422] [unitree_safe_cmd_node]: Move x=0.500, z=0.026, stop_count=0, roi_count=0, nearest_x=inf, clear_frames=2499
[INFO] [1782639523.667694578] [unitree_safe_cmd_node]: Move x=0.500, z=-0.026, stop_count=0, roi_count=0, nearest_x=inf, clear_frames=2504
[INFO] [1782639524.217042847] [unitree_safe_cmd_node]: Move x=0.500, z=-0.020, stop_count=0, roi_count=0, nearest_x=inf, clear_frames=2509
[INFO] [1782639524.719372163] [unitree_safe_cmd_node]: Move x=0.500, z=0.004, stop_count=0, roi_count=0, nearest_x=inf, clear_frames=2515
[INFO] [1782639525.219730863] [unitree_safe_cmd_node]: Move x=0.500, z=-0.037, stop_count=0, roi_count=0, nearest_x=inf, clear_frames=2520
[INFO] [1782639525.766610054] [unitree_safe_cmd_node]: Move x=0.500, z=-0.028, stop_count=0, roi_count=0, nearest_x=inf, clear_frames=2525
[INFO] [1782639526.319128149] [unitree_safe_cmd_node]: Move x=0.500, z=-0.022, stop_count=0, roi_count=0, nearest_x=inf, clear_frames=2530
[INFO] [1782639526.820728620] [unitree_safe_cmd_node]: Move x=0.500, z=0.005, stop_count=0, roi_count=0, nearest_x=inf, clear_frames=2535
[INFO] [1782639527.366659882] [unitree_safe_cmd_node]: Move x=0.500, z=-0.041, stop_count=0, roi_count=0, nearest_x=inf, clear_frames=2540
[INFO] [1782639527.866773864] [unitree_safe_cmd_node]: Move x=0.500, z=-0.012, stop_count=0, roi_count=0, nearest_x=inf, clear_frames=2545
[INFO] [1782639528.367010092] [unitree_safe_cmd_node]: Move x=0.500, z=-0.004, stop_count=0, roi_count=0, nearest_x=inf, clear_frames=2550
[INFO] [1782639528.870066685] [unitree_safe_cmd_node]: Move x=0.500, z=-0.018, stop_count=0, roi_count=0, nearest_x=inf, clear_frames=2555
[INFO] [1782639529.416635394] [unitree_safe_cmd_node]: Move x=0.500, z=-0.003, stop_count=0, roi_count=0, nearest_x=inf, clear_frames=2561
[INFO] [1782639529.917046929] [unitree_safe_cmd_node]: Move x=0.500, z=-0.009, stop_count=0, roi_count=0, nearest_x=inf, clear_frames=2565
[INFO] [1782639530.418170636] [unitree_safe_cmd_node]: Move x=0.500, z=0.001, stop_count=0, roi_count=0, nearest_x=inf, clear_frames=2571
[INFO] [1782639530.967328015] [unitree_safe_cmd_node]: Move x=0.500, z=-0.023, stop_count=0, roi_count=0, nearest_x=inf, clear_frames=2576
[INFO] [1782639531.517804258] [unitree_safe_cmd_node]: Move x=0.500, z=-0.004, stop_count=0, roi_count=0, nearest_x=inf, clear_frames=2582
[INFO] [1782639532.019438204] [unitree_safe_cmd_node]: Move x=0.500, z=-0.008, stop_count=0, roi_count=0, nearest_x=inf, clear_frames=2587
[INFO] [1782639532.567171688] [unitree_safe_cmd_node]: Move x=0.500, z=-0.034, stop_count=0, roi_count=0, nearest_x=inf, clear_frames=2592
[INFO] [1782639533.066982292] [unitree_safe_cmd_node]: Move x=0.500, z=-0.028, stop_count=0, roi_count=0, nearest_x=inf, clear_frames=2597
[INFO] [1782639533.617008747] [unitree_safe_cmd_node]: Move x=0.500, z=-0.013, stop_count=0, roi_count=0, nearest_x=inf, clear_frames=2602
[INFO] [1782639534.117069094] [unitree_safe_cmd_node]: Move x=0.500, z=-0.008, stop_count=0, roi_count=0, nearest_x=inf, clear_frames=2607
[INFO] [1782639534.617436115] [unitree_safe_cmd_node]: Move x=0.500, z=0.010, stop_count=0, roi_count=0, nearest_x=inf, clear_frames=2613
[INFO] [1782639535.120508581] [unitree_safe_cmd_node]: Move x=0.500, z=0.049, stop_count=0, roi_count=0, nearest_x=inf, clear_frames=2618
[INFO] [1782639535.666576781] [unitree_safe_cmd_node]: Move x=0.500, z=0.026, stop_count=0, roi_count=0, nearest_x=inf, clear_frames=2623
[INFO] [1782639536.166593733] [unitree_safe_cmd_node]: Move x=0.500, z=-0.035, stop_count=0, roi_count=0, nearest_x=inf, clear_frames=2628
[INFO] [1782639536.666967251] [unitree_safe_cmd_node]: Move x=0.500, z=-0.022, stop_count=0, roi_count=0, nearest_x=inf, clear_frames=2633
[INFO] [1782639537.217256635] [unitree_safe_cmd_node]: Move x=0.500, z=-0.004, stop_count=0, roi_count=0, nearest_x=inf, clear_frames=2638
[INFO] [1782639537.719075553] [unitree_safe_cmd_node]: Move x=0.500, z=-0.003, stop_count=0, roi_count=0, nearest_x=inf, clear_frames=2644
[INFO] [1782639538.221451913] [unitree_safe_cmd_node]: Move x=0.500, z=-0.024, stop_count=0, roi_count=0, nearest_x=inf, clear_frames=2649
[INFO] [1782639538.766622970] [unitree_safe_cmd_node]: Move x=0.500, z=-0.032, stop_count=0, roi_count=0, nearest_x=inf, clear_frames=2654
[INFO] [1782639539.317149137] [unitree_safe_cmd_node]: Move x=0.500, z=-0.027, stop_count=0, roi_count=0, nearest_x=inf, clear_frames=2659
[INFO] [1782639539.819847980] [unitree_safe_cmd_node]: Move x=0.500, z=-0.012, stop_count=0, roi_count=0, nearest_x=inf, clear_frames=2665
[INFO] [1782639540.366716357] [unitree_safe_cmd_node]: Move x=0.500, z=0.010, stop_count=0, roi_count=0, nearest_x=inf, clear_frames=2670
[INFO] [1782639540.866932202] [unitree_safe_cmd_node]: Move x=0.500, z=-0.004, stop_count=0, roi_count=0, nearest_x=inf, clear_frames=2675
[INFO] [1782639541.417028679] [unitree_safe_cmd_node]: Move x=0.500, z=-0.028, stop_count=0, roi_count=0, nearest_x=inf, clear_frames=2680
[INFO] [1782639541.918431924] [unitree_safe_cmd_node]: Move x=0.500, z=-0.017, stop_count=0, roi_count=0, nearest_x=inf, clear_frames=2686
[INFO] [1782639542.419578097] [unitree_safe_cmd_node]: Move x=0.500, z=-0.018, stop_count=0, roi_count=0, nearest_x=inf, clear_frames=2690
[INFO] [1782639542.966660567] [unitree_safe_cmd_node]: Move x=0.500, z=-0.032, stop_count=0, roi_count=0, nearest_x=inf, clear_frames=2696
[INFO] [1782639543.517017732] [unitree_safe_cmd_node]: Move x=0.500, z=-0.058, stop_count=0, roi_count=0, nearest_x=inf, clear_frames=2701
[INFO] [1782639544.017342991] [unitree_safe_cmd_node]: Move x=0.500, z=-0.036, stop_count=0, roi_count=0, nearest_x=inf, clear_frames=2706
[INFO] [1782639544.518808033] [unitree_safe_cmd_node]: Move x=0.500, z=0.006, stop_count=0, roi_count=0, nearest_x=inf, clear_frames=2712
[INFO] [1782639545.067081423] [unitree_safe_cmd_node]: Move x=0.500, z=-0.003, stop_count=0, roi_count=0, nearest_x=inf, clear_frames=2717
[INFO] [1782639545.616981344] [unitree_safe_cmd_node]: Move x=0.500, z=-0.007, stop_count=0, roi_count=0, nearest_x=inf, clear_frames=2722
[INFO] [1782639546.117500376] [unitree_safe_cmd_node]: Move x=0.500, z=0.036, stop_count=0, roi_count=0, nearest_x=inf, clear_frames=2727
[INFO] [1782639546.666644603] [unitree_safe_cmd_node]: Move x=0.500, z=0.017, stop_count=0, roi_count=0, nearest_x=inf, clear_frames=2733
[INFO] [1782639547.166741657] [unitree_safe_cmd_node]: Move x=0.500, z=-0.043, stop_count=0, roi_count=0, nearest_x=inf, clear_frames=2738
[INFO] [1782639547.716714031] [unitree_safe_cmd_node]: Move x=0.500, z=-0.008, stop_count=0, roi_count=0, nearest_x=inf, clear_frames=2744
[INFO] [1782639548.218509237] [unitree_safe_cmd_node]: Move x=0.500, z=-0.043, stop_count=0, roi_count=0, nearest_x=inf, clear_frames=2749
[INFO] [1782639548.766958478] [unitree_safe_cmd_node]: Move x=0.500, z=-0.056, stop_count=0, roi_count=0, nearest_x=inf, clear_frames=2754
[INFO] [1782639549.268581801] [unitree_safe_cmd_node]: Move x=0.500, z=-0.014, stop_count=0, roi_count=0, nearest_x=inf, clear_frames=2759
[INFO] [1782639549.819176069] [unitree_safe_cmd_node]: Move x=0.500, z=-0.042, stop_count=0, roi_count=0, nearest_x=inf, clear_frames=2764
[INFO] [1782639550.366983639] [unitree_safe_cmd_node]: Move x=0.500, z=-0.022, stop_count=0, roi_count=0, nearest_x=inf, clear_frames=2770
[INFO] [1782639550.866918860] [unitree_safe_cmd_node]: Move x=0.500, z=-0.031, stop_count=0, roi_count=0, nearest_x=inf, clear_frames=2775
[INFO] [1782639551.368906333] [unitree_safe_cmd_node]: Move x=0.500, z=-0.016, stop_count=0, roi_count=0, nearest_x=inf, clear_frames=2780
[INFO] [1782639551.916908316] [unitree_safe_cmd_node]: Move x=0.500, z=-0.021, stop_count=0, roi_count=0, nearest_x=inf, clear_frames=2785
[INFO] [1782639552.417403475] [unitree_safe_cmd_node]: Move x=0.500, z=-0.051, stop_count=0, roi_count=0, nearest_x=inf, clear_frames=2790
[INFO] [1782639552.917500465] [unitree_safe_cmd_node]: Move x=0.500, z=-0.030, stop_count=0, roi_count=0, nearest_x=inf, clear_frames=2795
[INFO] [1782639553.467081328] [unitree_safe_cmd_node]: Move x=0.500, z=-0.042, stop_count=0, roi_count=0, nearest_x=inf, clear_frames=2801
[INFO] [1782639554.017166925] [unitree_safe_cmd_node]: Move x=0.500, z=-0.056, stop_count=0, roi_count=0, nearest_x=inf, clear_frames=2806
[INFO] [1782639554.566619876] [unitree_safe_cmd_node]: Move x=0.500, z=-0.044, stop_count=0, roi_count=0, nearest_x=inf, clear_frames=2812
[INFO] [1782639555.066982803] [unitree_safe_cmd_node]: Move x=0.500, z=-0.089, stop_count=0, roi_count=0, nearest_x=inf, clear_frames=2817
[INFO] [1782639555.616894054] [unitree_safe_cmd_node]: Move x=0.500, z=-0.089, stop_count=0, roi_count=0, nearest_x=inf, clear_frames=2822
[INFO] [1782639556.117934366] [unitree_safe_cmd_node]: Move x=0.500, z=-0.050, stop_count=0, roi_count=0, nearest_x=inf, clear_frames=2828
[INFO] [1782639556.666711980] [unitree_safe_cmd_node]: Move x=0.500, z=-0.029, stop_count=0, roi_count=0, nearest_x=inf, clear_frames=2833
[INFO] [1782639557.166708997] [unitree_safe_cmd_node]: Move x=0.500, z=0.003, stop_count=0, roi_count=0, nearest_x=inf, clear_frames=2838
[INFO] [1782639557.717045841] [unitree_safe_cmd_node]: Move x=0.500, z=0.017, stop_count=0, roi_count=0, nearest_x=inf, clear_frames=2843
[INFO] [1782639558.266631889] [unitree_safe_cmd_node]: Move x=0.500, z=-0.001, stop_count=0, roi_count=0, nearest_x=inf, clear_frames=2849
[INFO] [1782639558.766892474] [unitree_safe_cmd_node]: Move x=0.500, z=0.004, stop_count=0, roi_count=0, nearest_x=inf, clear_frames=2854
[INFO] [1782639559.316594240] [unitree_safe_cmd_node]: Move x=0.500, z=0.008, stop_count=0, roi_count=0, nearest_x=inf, clear_frames=2860
[INFO] [1782639559.817554579] [unitree_safe_cmd_node]: Move x=0.500, z=-0.010, stop_count=0, roi_count=0, nearest_x=inf, clear_frames=2865
[INFO] [1782639560.367336639] [unitree_safe_cmd_node]: Move x=0.500, z=0.014, stop_count=0, roi_count=0, nearest_x=inf, clear_frames=2870
[INFO] [1782639560.916915006] [unitree_safe_cmd_node]: Move x=0.500, z=0.011, stop_count=0, roi_count=0, nearest_x=inf, clear_frames=2876
[INFO] [1782639561.420602359] [unitree_safe_cmd_node]: Move x=0.500, z=-0.013, stop_count=0, roi_count=0, nearest_x=inf, clear_frames=2881
[INFO] [1782639561.966849068] [unitree_safe_cmd_node]: Move x=0.500, z=-0.033, stop_count=0, roi_count=0, nearest_x=inf, clear_frames=2886
[INFO] [1782639562.516666201] [unitree_safe_cmd_node]: Move x=0.500, z=-0.013, stop_count=0, roi_count=0, nearest_x=inf, clear_frames=2892
[INFO] [1782639563.017358781] [unitree_safe_cmd_node]: Move x=0.500, z=-0.019, stop_count=0, roi_count=0, nearest_x=inf, clear_frames=2896
[INFO] [1782639563.566732271] [unitree_safe_cmd_node]: Move x=0.500, z=0.007, stop_count=0, roi_count=0, nearest_x=inf, clear_frames=2902
[INFO] [1782639564.067169571] [unitree_safe_cmd_node]: Move x=0.500, z=0.015, stop_count=0, roi_count=0, nearest_x=inf, clear_frames=2907
[INFO] [1782639564.616713377] [unitree_safe_cmd_node]: Move x=0.500, z=0.000, stop_count=0, roi_count=0, nearest_x=inf, clear_frames=2913
[INFO] [1782639565.118089230] [unitree_safe_cmd_node]: Move x=0.500, z=-0.038, stop_count=0, roi_count=0, nearest_x=inf, clear_frames=2918
[INFO] [1782639565.669397814] [unitree_safe_cmd_node]: Move x=0.500, z=-0.018, stop_count=0, roi_count=0, nearest_x=inf, clear_frames=2923
[INFO] [1782639566.217306288] [unitree_safe_cmd_node]: Move x=0.500, z=-0.050, stop_count=0, roi_count=0, nearest_x=inf, clear_frames=2929
[INFO] [1782639566.766859950] [unitree_safe_cmd_node]: Move x=0.500, z=-0.038, stop_count=0, roi_count=0, nearest_x=inf, clear_frames=2934
[INFO] [1782639567.316775138] [unitree_safe_cmd_node]: Move x=0.500, z=0.023, stop_count=0, roi_count=0, nearest_x=inf, clear_frames=2940
[INFO] [1782639567.820528992] [unitree_safe_cmd_node]: Move x=0.500, z=0.036, stop_count=0, roi_count=0, nearest_x=inf, clear_frames=2945
[INFO] [1782639568.366613867] [unitree_safe_cmd_node]: Move x=0.500, z=0.044, stop_count=0, roi_count=0, nearest_x=inf, clear_frames=2950
[INFO] [1782639568.916973914] [unitree_safe_cmd_node]: Move x=0.500, z=-0.009, stop_count=0, roi_count=0, nearest_x=inf, clear_frames=2956
[INFO] [1782639569.467867945] [unitree_safe_cmd_node]: Move x=0.500, z=0.007, stop_count=0, roi_count=0, nearest_x=inf, clear_frames=2961
[INFO] [1782639570.019442370] [unitree_safe_cmd_node]: Move x=0.500, z=-0.023, stop_count=0, roi_count=0, nearest_x=inf, clear_frames=2967
[INFO] [1782639570.566583662] [unitree_safe_cmd_node]: Move x=0.500, z=-0.030, stop_count=0, roi_count=0, nearest_x=inf, clear_frames=2972
[INFO] [1782639571.119799146] [unitree_safe_cmd_node]: Move x=0.500, z=-0.031, stop_count=0, roi_count=0, nearest_x=inf, clear_frames=2978
[INFO] [1782639571.666543134] [unitree_safe_cmd_node]: Move x=0.500, z=-0.053, stop_count=0, roi_count=0, nearest_x=inf, clear_frames=2983
[INFO] [1782639572.168673433] [unitree_safe_cmd_node]: Move x=0.500, z=-0.027, stop_count=0, roi_count=0, nearest_x=inf, clear_frames=2988
[INFO] [1782639572.719684048] [unitree_safe_cmd_node]: Move x=0.500, z=-0.003, stop_count=0, roi_count=0, nearest_x=inf, clear_frames=2993
[INFO] [1782639573.266627408] [unitree_safe_cmd_node]: Move x=0.500, z=-0.018, stop_count=0, roi_count=0, nearest_x=inf, clear_frames=2999
[INFO] [1782639573.819232871] [unitree_safe_cmd_node]: Move x=0.500, z=-0.004, stop_count=0, roi_count=0, nearest_x=inf, clear_frames=3005
[INFO] [1782639574.366707687] [unitree_safe_cmd_node]: Move x=0.500, z=0.005, stop_count=0, roi_count=0, nearest_x=inf, clear_frames=3010
[INFO] [1782639574.867756417] [unitree_safe_cmd_node]: Move x=0.500, z=0.011, stop_count=0, roi_count=0, nearest_x=inf, clear_frames=3014
[INFO] [1782639575.416534512] [unitree_safe_cmd_node]: Move x=0.500, z=-0.029, stop_count=0, roi_count=0, nearest_x=inf, clear_frames=3020
[INFO] [1782639575.966567436] [unitree_safe_cmd_node]: Move x=0.500, z=-0.011, stop_count=0, roi_count=0, nearest_x=inf, clear_frames=3025
[INFO] [1782639576.516720335] [unitree_safe_cmd_node]: Move x=0.500, z=-0.004, stop_count=0, roi_count=0, nearest_x=inf, clear_frames=3031
[INFO] [1782639577.017078111] [unitree_safe_cmd_node]: Move x=0.500, z=-0.028, stop_count=0, roi_count=0, nearest_x=inf, clear_frames=3035
[INFO] [1782639577.566939312] [unitree_safe_cmd_node]: Move x=0.500, z=-0.029, stop_count=0, roi_count=0, nearest_x=inf, clear_frames=3041
[INFO] [1782639578.116894887] [unitree_safe_cmd_node]: Move x=0.500, z=0.001, stop_count=0, roi_count=0, nearest_x=inf, clear_frames=3047
[INFO] [1782639578.618516644] [unitree_safe_cmd_node]: Move x=0.500, z=-0.011, stop_count=0, roi_count=0, nearest_x=inf, clear_frames=3052
[INFO] [1782639579.166572743] [unitree_safe_cmd_node]: Move x=0.500, z=-0.002, stop_count=0, roi_count=0, nearest_x=inf, clear_frames=3057
[INFO] [1782639579.666577058] [unitree_safe_cmd_node]: Move x=0.500, z=0.009, stop_count=0, roi_count=0, nearest_x=inf, clear_frames=3062
[INFO] [1782639580.167108637] [unitree_safe_cmd_node]: Move x=0.500, z=0.022, stop_count=0, roi_count=0, nearest_x=inf, clear_frames=3067
[INFO] [1782639580.716569846] [unitree_safe_cmd_node]: Move x=0.500, z=-0.070, stop_count=0, roi_count=0, nearest_x=inf, clear_frames=3073
[INFO] [1782639581.266937638] [unitree_safe_cmd_node]: Move x=0.500, z=-0.011, stop_count=0, roi_count=0, nearest_x=inf, clear_frames=3078
[INFO] [1782639581.816540904] [unitree_safe_cmd_node]: Move x=0.500, z=0.000, stop_count=0, roi_count=0, nearest_x=inf, clear_frames=3084
[INFO] [1782639582.316718445] [unitree_safe_cmd_node]: Move x=0.500, z=-0.009, stop_count=0, roi_count=0, nearest_x=inf, clear_frames=3089
[INFO] [1782639582.817834763] [unitree_safe_cmd_node]: Move x=0.500, z=-0.011, stop_count=0, roi_count=0, nearest_x=inf, clear_frames=3094
[INFO] [1782639583.366965008] [unitree_safe_cmd_node]: Move x=0.500, z=0.000, stop_count=0, roi_count=0, nearest_x=inf, clear_frames=3099
[INFO] [1782639583.918571884] [unitree_safe_cmd_node]: Move x=0.500, z=-0.024, stop_count=0, roi_count=0, nearest_x=inf, clear_frames=3105
[INFO] [1782639584.466699636] [unitree_safe_cmd_node]: Move x=0.500, z=-0.028, stop_count=0, roi_count=0, nearest_x=inf, clear_frames=3110
[INFO] [1782639584.966709135] [unitree_safe_cmd_node]: Move x=0.500, z=-0.016, stop_count=0, roi_count=0, nearest_x=inf, clear_frames=3115
[INFO] [1782639585.516591810] [unitree_safe_cmd_node]: Move x=0.500, z=-0.025, stop_count=0, roi_count=0, nearest_x=inf, clear_frames=3120
[INFO] [1782639586.018397243] [unitree_safe_cmd_node]: Move x=0.500, z=-0.059, stop_count=0, roi_count=0, nearest_x=inf, clear_frames=3125
[INFO] [1782639586.566858495] [unitree_safe_cmd_node]: Move x=0.500, z=-0.043, stop_count=0, roi_count=0, nearest_x=inf, clear_frames=3130
[INFO] [1782639587.066976002] [unitree_safe_cmd_node]: Move x=0.500, z=0.041, stop_count=0, roi_count=0, nearest_x=inf, clear_frames=3135
[INFO] [1782639587.567325370] [unitree_safe_cmd_node]: Move x=0.500, z=0.041, stop_count=0, roi_count=0, nearest_x=inf, clear_frames=3140
[INFO] [1782639588.116546116] [unitree_safe_cmd_node]: Move x=0.500, z=0.008, stop_count=0, roi_count=0, nearest_x=inf, clear_frames=3146
[INFO] [1782639588.616672106] [unitree_safe_cmd_node]: Move x=0.500, z=0.017, stop_count=0, roi_count=0, nearest_x=inf, clear_frames=3151
[INFO] [1782639589.167341347] [unitree_safe_cmd_node]: Move x=0.500, z=-0.021, stop_count=0, roi_count=0, nearest_x=inf, clear_frames=3156
[INFO] [1782639589.716587453] [unitree_safe_cmd_node]: Move x=0.500, z=-0.009, stop_count=0, roi_count=0, nearest_x=inf, clear_frames=3162
[INFO] [1782639590.266608693] [unitree_safe_cmd_node]: Move x=0.500, z=0.002, stop_count=0, roi_count=0, nearest_x=inf, clear_frames=3167
[INFO] [1782639590.816702855] [unitree_safe_cmd_node]: Move x=0.500, z=-0.038, stop_count=0, roi_count=0, nearest_x=inf, clear_frames=3173
[INFO] [1782639591.316731438] [unitree_safe_cmd_node]: Move x=0.500, z=-0.019, stop_count=0, roi_count=0, nearest_x=inf, clear_frames=3178
[INFO] [1782639591.817754282] [unitree_safe_cmd_node]: Move x=0.500, z=0.039, stop_count=0, roi_count=0, nearest_x=inf, clear_frames=3183
[INFO] [1782639592.366676623] [unitree_safe_cmd_node]: Move x=0.500, z=0.111, stop_count=0, roi_count=0, nearest_x=inf, clear_frames=3188
[INFO] [1782639592.916712993] [unitree_safe_cmd_node]: Move x=0.500, z=0.113, stop_count=0, roi_count=0, nearest_x=inf, clear_frames=3194
[INFO] [1782639593.466599044] [unitree_safe_cmd_node]: Move x=0.500, z=0.100, stop_count=0, roi_count=0, nearest_x=inf, clear_frames=3199
[INFO] [1782639593.966806576] [unitree_safe_cmd_node]: Move x=0.500, z=0.079, stop_count=0, roi_count=0, nearest_x=inf, clear_frames=3204
[INFO] [1782639594.467204037] [unitree_safe_cmd_node]: Move x=0.500, z=0.096, stop_count=0, roi_count=0, nearest_x=inf, clear_frames=3209
[INFO] [1782639595.017069953] [unitree_safe_cmd_node]: Move x=0.500, z=0.190, stop_count=0, roi_count=0, nearest_x=inf, clear_frames=3214
[INFO] [1782639595.567169574] [unitree_safe_cmd_node]: Move x=0.500, z=0.143, stop_count=0, roi_count=0, nearest_x=inf, clear_frames=3220
[INFO] [1782639596.116568485] [unitree_safe_cmd_node]: Move x=0.500, z=0.182, stop_count=0, roi_count=0, nearest_x=inf, clear_frames=3226
[INFO] [1782639596.616874215] [unitree_safe_cmd_node]: Move x=0.500, z=0.144, stop_count=0, roi_count=0, nearest_x=inf, clear_frames=3231
[INFO] [1782639597.166716786] [unitree_safe_cmd_node]: Move x=0.500, z=0.209, stop_count=0, roi_count=0, nearest_x=inf, clear_frames=3236
[INFO] [1782639597.666662279] [unitree_safe_cmd_node]: Move x=0.500, z=0.125, stop_count=0, roi_count=0, nearest_x=inf, clear_frames=3241
[INFO] [1782639598.216657490] [unitree_safe_cmd_node]: Move x=0.500, z=0.113, stop_count=0, roi_count=0, nearest_x=inf, clear_frames=3246
[INFO] [1782639598.766573778] [unitree_safe_cmd_node]: Move x=0.500, z=0.104, stop_count=0, roi_count=0, nearest_x=inf, clear_frames=3251
[INFO] [1782639599.266568649] [unitree_safe_cmd_node]: Move x=0.500, z=0.059, stop_count=0, roi_count=0, nearest_x=inf, clear_frames=3256
[INFO] [1782639599.816609916] [unitree_safe_cmd_node]: Move x=0.500, z=0.051, stop_count=0, roi_count=0, nearest_x=inf, clear_frames=3262
[INFO] [1782639600.366746750] [unitree_safe_cmd_node]: Move x=0.500, z=0.045, stop_count=0, roi_count=0, nearest_x=inf, clear_frames=3267
[INFO] [1782639600.916569429] [unitree_safe_cmd_node]: Move x=0.500, z=0.059, stop_count=0, roi_count=0, nearest_x=inf, clear_frames=3273
[INFO] [1782639601.416698786] [unitree_safe_cmd_node]: Move x=0.500, z=0.042, stop_count=0, roi_count=0, nearest_x=inf, clear_frames=3278
[INFO] [1782639601.966585908] [unitree_safe_cmd_node]: Move x=0.500, z=0.047, stop_count=0, roi_count=0, nearest_x=inf, clear_frames=3283
[INFO] [1782639602.466855396] [unitree_safe_cmd_node]: Move x=0.500, z=0.016, stop_count=0, roi_count=0, nearest_x=inf, clear_frames=3288
[INFO] [1782639603.017515390] [unitree_safe_cmd_node]: Move x=0.500, z=-0.020, stop_count=0, roi_count=0, nearest_x=inf, clear_frames=3294
[INFO] [1782639603.566586575] [unitree_safe_cmd_node]: Move x=0.500, z=0.038, stop_count=0, roi_count=0, nearest_x=inf, clear_frames=3299
[INFO] [1782639604.066742121] [unitree_safe_cmd_node]: Move x=0.500, z=0.033, stop_count=0, roi_count=0, nearest_x=inf, clear_frames=3304
[INFO] [1782639604.566813295] [unitree_safe_cmd_node]: Move x=0.500, z=0.055, stop_count=0, roi_count=0, nearest_x=inf, clear_frames=3309
[INFO] [1782639605.116589228] [unitree_safe_cmd_node]: Move x=0.500, z=0.023, stop_count=0, roi_count=0, nearest_x=inf, clear_frames=3315
[INFO] [1782639605.632612351] [unitree_safe_cmd_node]: Move x=0.500, z=0.065, stop_count=0, roi_count=0, nearest_x=inf, clear_frames=3319
[INFO] [1782639606.166574213] [unitree_safe_cmd_node]: Move x=0.500, z=0.023, stop_count=0, roi_count=0, nearest_x=inf, clear_frames=3325
[INFO] [1782639606.667070434] [unitree_safe_cmd_node]: Move x=0.500, z=0.048, stop_count=0, roi_count=0, nearest_x=inf, clear_frames=3330
[INFO] [1782639607.217245869] [unitree_safe_cmd_node]: Move x=0.500, z=0.104, stop_count=0, roi_count=0, nearest_x=inf, clear_frames=3336
[INFO] [1782639607.767053481] [unitree_safe_cmd_node]: Move x=0.500, z=0.065, stop_count=0, roi_count=0, nearest_x=inf, clear_frames=3341
[INFO] [1782639608.316822385] [unitree_safe_cmd_node]: Move x=0.500, z=0.078, stop_count=0, roi_count=0, nearest_x=inf, clear_frames=3347
[INFO] [1782639608.866739230] [unitree_safe_cmd_node]: Move x=0.500, z=0.059, stop_count=0, roi_count=0, nearest_x=inf, clear_frames=3352
[INFO] [1782639609.416738543] [unitree_safe_cmd_node]: Move x=0.500, z=0.018, stop_count=0, roi_count=0, nearest_x=inf, clear_frames=3358
[INFO] [1782639609.966744286] [unitree_safe_cmd_node]: Move x=0.500, z=0.016, stop_count=0, roi_count=0, nearest_x=inf, clear_frames=3363
[INFO] [1782639610.516520112] [unitree_safe_cmd_node]: Move x=0.500, z=-0.007, stop_count=0, roi_count=0, nearest_x=inf, clear_frames=3369
[INFO] [1782639611.017055628] [unitree_safe_cmd_node]: Move x=0.500, z=0.002, stop_count=0, roi_count=0, nearest_x=inf, clear_frames=3373
[INFO] [1782639611.566615976] [unitree_safe_cmd_node]: Move x=0.500, z=-0.011, stop_count=0, roi_count=0, nearest_x=inf, clear_frames=3379
[INFO] [1782639612.066757057] [unitree_safe_cmd_node]: Move x=0.500, z=-0.039, stop_count=0, roi_count=0, nearest_x=inf, clear_frames=3384
[INFO] [1782639612.617774539] [unitree_safe_cmd_node]: Move x=0.500, z=-0.018, stop_count=0, roi_count=0, nearest_x=inf, clear_frames=3390
[INFO] [1782639613.116562823] [unitree_safe_cmd_node]: Move x=0.500, z=-0.025, stop_count=0, roi_count=0, nearest_x=inf, clear_frames=3395
[INFO] [1782639613.666594805] [unitree_safe_cmd_node]: Move x=0.500, z=-0.044, stop_count=0, roi_count=0, nearest_x=inf, clear_frames=3400
[INFO] [1782639614.216772052] [unitree_safe_cmd_node]: Move x=0.500, z=-0.059, stop_count=0, roi_count=0, nearest_x=inf, clear_frames=3406
[INFO] [1782639614.766599804] [unitree_safe_cmd_node]: Move x=0.500, z=-0.053, stop_count=0, roi_count=0, nearest_x=inf, clear_frames=3411
[INFO] [1782639615.316607957] [unitree_safe_cmd_node]: Move x=0.500, z=-0.008, stop_count=0, roi_count=0, nearest_x=inf, clear_frames=3417
[INFO] [1782639615.816660894] [unitree_safe_cmd_node]: Move x=0.500, z=-0.032, stop_count=0, roi_count=0, nearest_x=inf, clear_frames=3422
[INFO] [1782639616.366830726] [unitree_safe_cmd_node]: Move x=0.500, z=0.002, stop_count=0, roi_count=0, nearest_x=inf, clear_frames=3427
[INFO] [1782639616.866823859] [unitree_safe_cmd_node]: Move x=0.500, z=-0.018, stop_count=0, roi_count=0, nearest_x=inf, clear_frames=3432
[INFO] [1782639617.416542032] [unitree_safe_cmd_node]: Move x=0.500, z=0.004, stop_count=0, roi_count=0, nearest_x=inf, clear_frames=3438
[INFO] [1782639617.916564909] [unitree_safe_cmd_node]: Move x=0.500, z=-0.017, stop_count=0, roi_count=0, nearest_x=inf, clear_frames=3443
[INFO] [1782639618.416614204] [unitree_safe_cmd_node]: Move x=0.500, z=-0.027, stop_count=0, roi_count=0, nearest_x=inf, clear_frames=3448
[INFO] [1782639618.916596713] [unitree_safe_cmd_node]: Move x=0.500, z=-0.016, stop_count=0, roi_count=0, nearest_x=inf, clear_frames=3453
[INFO] [1782639619.416647145] [unitree_safe_cmd_node]: Move x=0.500, z=-0.009, stop_count=0, roi_count=0, nearest_x=inf, clear_frames=3458
[INFO] [1782639619.966600033] [unitree_safe_cmd_node]: Move x=0.500, z=-0.020, stop_count=0, roi_count=0, nearest_x=inf, clear_frames=3463
[INFO] [1782639620.466615591] [unitree_safe_cmd_node]: Move x=0.500, z=-0.010, stop_count=0, roi_count=0, nearest_x=inf, clear_frames=3468
[INFO] [1782639620.966765348] [unitree_safe_cmd_node]: Move x=0.500, z=0.015, stop_count=0, roi_count=0, nearest_x=inf, clear_frames=3473
[INFO] [1782639621.467007102] [unitree_safe_cmd_node]: Move x=0.500, z=-0.012, stop_count=0, roi_count=0, nearest_x=inf, clear_frames=3478
[INFO] [1782639622.017146012] [unitree_safe_cmd_node]: Move x=0.500, z=0.016, stop_count=0, roi_count=0, nearest_x=inf, clear_frames=3484
[INFO] [1782639622.566552790] [unitree_safe_cmd_node]: Move x=0.500, z=0.005, stop_count=0, roi_count=0, nearest_x=inf, clear_frames=3489
[INFO] [1782639623.067927992] [unitree_safe_cmd_node]: Move x=0.500, z=0.001, stop_count=0, roi_count=0, nearest_x=inf, clear_frames=3494
[INFO] [1782639623.616653632] [unitree_safe_cmd_node]: Move x=0.500, z=-0.011, stop_count=0, roi_count=0, nearest_x=inf, clear_frames=3500
[INFO] [1782639624.166610790] [unitree_safe_cmd_node]: Move x=0.500, z=-0.024, stop_count=0, roi_count=0, nearest_x=inf, clear_frames=3505
[INFO] [1782639624.716667059] [unitree_safe_cmd_node]: Move x=0.500, z=-0.043, stop_count=0, roi_count=0, nearest_x=inf, clear_frames=3511
[INFO] [1782639625.216605635] [unitree_safe_cmd_node]: Move x=0.500, z=-0.075, stop_count=0, roi_count=0, nearest_x=inf, clear_frames=3516
[INFO] [1782639625.716747476] [unitree_safe_cmd_node]: Move x=0.500, z=-0.059, stop_count=0, roi_count=0, nearest_x=inf, clear_frames=3521
[INFO] [1782639626.267840710] [unitree_safe_cmd_node]: Move x=0.500, z=-0.047, stop_count=0, roi_count=0, nearest_x=inf, clear_frames=3526
[INFO] [1782639626.816588166] [unitree_safe_cmd_node]: Move x=0.500, z=-0.054, stop_count=0, roi_count=0, nearest_x=inf, clear_frames=3532
[INFO] [1782639627.368630969] [unitree_safe_cmd_node]: Move x=0.500, z=-0.039, stop_count=0, roi_count=0, nearest_x=inf, clear_frames=3537
[INFO] [1782639627.916592191] [unitree_safe_cmd_node]: Move x=0.500, z=-0.020, stop_count=0, roi_count=0, nearest_x=inf, clear_frames=3543
[INFO] [1782639628.416679402] [unitree_safe_cmd_node]: Move x=0.500, z=-0.018, stop_count=0, roi_count=0, nearest_x=inf, clear_frames=3548
[INFO] [1782639628.966732845] [unitree_safe_cmd_node]: Move x=0.500, z=-0.018, stop_count=0, roi_count=0, nearest_x=inf, clear_frames=3553
[INFO] [1782639629.466866919] [unitree_safe_cmd_node]: Move x=0.500, z=-0.036, stop_count=0, roi_count=0, nearest_x=inf, clear_frames=3558
[INFO] [1782639630.017026758] [unitree_safe_cmd_node]: Move x=0.500, z=0.004, stop_count=0, roi_count=0, nearest_x=inf, clear_frames=3564
[INFO] [1782639630.566639439] [unitree_safe_cmd_node]: Move x=0.500, z=0.017, stop_count=0, roi_count=0, nearest_x=inf, clear_frames=3569
[INFO] [1782639631.066926631] [unitree_safe_cmd_node]: Move x=0.500, z=-0.001, stop_count=0, roi_count=0, nearest_x=inf, clear_frames=3574
[INFO] [1782639631.616638279] [unitree_safe_cmd_node]: Move x=0.500, z=-0.001, stop_count=0, roi_count=0, nearest_x=inf, clear_frames=3580
[INFO] [1782639632.166626028] [unitree_safe_cmd_node]: Move x=0.500, z=-0.028, stop_count=0, roi_count=0, nearest_x=inf, clear_frames=3585
[INFO] [1782639632.666789942] [unitree_safe_cmd_node]: Move x=0.500, z=-0.028, stop_count=0, roi_count=0, nearest_x=inf, clear_frames=3590
[INFO] [1782639633.216557405] [unitree_safe_cmd_node]: Move x=0.500, z=-0.011, stop_count=0, roi_count=0, nearest_x=inf, clear_frames=3596
[INFO] [1782639633.716775306] [unitree_safe_cmd_node]: Move x=0.500, z=-0.005, stop_count=0, roi_count=0, nearest_x=inf, clear_frames=3601
[INFO] [1782639634.266569200] [unitree_safe_cmd_node]: Move x=0.500, z=-0.018, stop_count=0, roi_count=0, nearest_x=inf, clear_frames=3606
[INFO] [1782639634.766603766] [unitree_safe_cmd_node]: Move x=0.500, z=-0.020, stop_count=0, roi_count=0, nearest_x=inf, clear_frames=3611
[INFO] [1782639635.266858086] [unitree_safe_cmd_node]: Move x=0.500, z=-0.005, stop_count=0, roi_count=0, nearest_x=inf, clear_frames=3616
[INFO] [1782639635.816636057] [unitree_safe_cmd_node]: Move x=0.500, z=-0.014, stop_count=0, roi_count=0, nearest_x=inf, clear_frames=3622
[INFO] [1782639636.366619012] [unitree_safe_cmd_node]: Move x=0.500, z=0.009, stop_count=0, roi_count=0, nearest_x=inf, clear_frames=3627
[INFO] [1782639636.866692643] [unitree_safe_cmd_node]: Move x=0.500, z=-0.007, stop_count=0, roi_count=0, nearest_x=inf, clear_frames=3632
[INFO] [1782639637.366868475] [unitree_safe_cmd_node]: Move x=0.500, z=-0.030, stop_count=0, roi_count=0, nearest_x=inf, clear_frames=3637
[INFO] [1782639637.866607624] [unitree_safe_cmd_node]: Move x=0.500, z=-0.047, stop_count=0, roi_count=0, nearest_x=inf, clear_frames=3642
[INFO] [1782639638.416616208] [unitree_safe_cmd_node]: Move x=0.500, z=0.004, stop_count=0, roi_count=0, nearest_x=inf, clear_frames=3648
[INFO] [1782639638.916757984] [unitree_safe_cmd_node]: Move x=0.500, z=-0.016, stop_count=0, roi_count=0, nearest_x=inf, clear_frames=3653
[INFO] [1782639639.416720237] [unitree_safe_cmd_node]: Move x=0.500, z=-0.010, stop_count=0, roi_count=0, nearest_x=inf, clear_frames=3658
[INFO] [1782639639.966602558] [unitree_safe_cmd_node]: Move x=0.500, z=-0.012, stop_count=0, roi_count=0, nearest_x=inf, clear_frames=3663
[INFO] [1782639640.466585996] [unitree_safe_cmd_node]: Move x=0.500, z=0.009, stop_count=0, roi_count=0, nearest_x=inf, clear_frames=3668
[INFO] [1782639641.017476050] [unitree_safe_cmd_node]: Move x=0.500, z=0.003, stop_count=0, roi_count=0, nearest_x=inf, clear_frames=3674
[INFO] [1782639641.567053146] [unitree_safe_cmd_node]: Move x=0.500, z=-0.020, stop_count=0, roi_count=0, nearest_x=inf, clear_frames=3679
[INFO] [1782639642.066824273] [unitree_safe_cmd_node]: Move x=0.500, z=-0.019, stop_count=0, roi_count=0, nearest_x=inf, clear_frames=3684
[INFO] [1782639642.616659605] [unitree_safe_cmd_node]: Move x=0.500, z=-0.035, stop_count=0, roi_count=0, nearest_x=inf, clear_frames=3690
[INFO] [1782639643.166824948] [unitree_safe_cmd_node]: Move x=0.500, z=0.015, stop_count=0, roi_count=0, nearest_x=inf, clear_frames=3695
[INFO] [1782639643.666899504] [unitree_safe_cmd_node]: Move x=0.500, z=-0.003, stop_count=0, roi_count=0, nearest_x=inf, clear_frames=3700
[INFO] [1782639644.216557795] [unitree_safe_cmd_node]: Move x=0.500, z=0.006, stop_count=0, roi_count=0, nearest_x=inf, clear_frames=3706
[INFO] [1782639644.717773585] [unitree_safe_cmd_node]: Move x=0.500, z=-0.008, stop_count=0, roi_count=0, nearest_x=inf, clear_frames=3711
[INFO] [1782639645.266687847] [unitree_safe_cmd_node]: Move x=0.500, z=-0.038, stop_count=0, roi_count=0, nearest_x=inf, clear_frames=3716
[INFO] [1782639645.816627577] [unitree_safe_cmd_node]: Move x=0.500, z=-0.029, stop_count=0, roi_count=0, nearest_x=inf, clear_frames=3722
[INFO] [1782639646.316762099] [unitree_safe_cmd_node]: Move x=0.500, z=0.008, stop_count=0, roi_count=0, nearest_x=inf, clear_frames=3727
[INFO] [1782639646.816702672] [unitree_safe_cmd_node]: Move x=0.500, z=-0.030, stop_count=0, roi_count=0, nearest_x=inf, clear_frames=3732
[INFO] [1782639647.366593370] [unitree_safe_cmd_node]: Move x=0.500, z=-0.020, stop_count=0, roi_count=0, nearest_x=inf, clear_frames=3737
[INFO] [1782639647.867094568] [unitree_safe_cmd_node]: Move x=0.500, z=-0.001, stop_count=0, roi_count=0, nearest_x=inf, clear_frames=3742
[INFO] [1782639648.416598553] [unitree_safe_cmd_node]: Move x=0.500, z=-0.035, stop_count=0, roi_count=0, nearest_x=inf, clear_frames=3748
[INFO] [1782639648.916698310] [unitree_safe_cmd_node]: Move x=0.500, z=-0.051, stop_count=0, roi_count=0, nearest_x=inf, clear_frames=3753
[INFO] [1782639649.466609218] [unitree_safe_cmd_node]: Move x=0.500, z=-0.066, stop_count=0, roi_count=0, nearest_x=inf, clear_frames=3758
[INFO] [1782639649.967093317] [unitree_safe_cmd_node]: Move x=0.500, z=-0.043, stop_count=0, roi_count=0, nearest_x=inf, clear_frames=3762
[INFO] [1782639650.516729767] [unitree_safe_cmd_node]: Move x=0.500, z=-0.072, stop_count=0, roi_count=0, nearest_x=inf, clear_frames=3768
[INFO] [1782639651.017824255] [unitree_safe_cmd_node]: Move x=0.500, z=-0.038, stop_count=0, roi_count=0, nearest_x=inf, clear_frames=3773
[INFO] [1782639651.566740505] [unitree_safe_cmd_node]: Move x=0.500, z=-0.011, stop_count=0, roi_count=0, nearest_x=inf, clear_frames=3778
[INFO] [1782639652.066800596] [unitree_safe_cmd_node]: Move x=0.500, z=-0.035, stop_count=0, roi_count=0, nearest_x=inf, clear_frames=3783
[INFO] [1782639652.616691785] [unitree_safe_cmd_node]: Move x=0.500, z=0.000, stop_count=0, roi_count=0, nearest_x=inf, clear_frames=3789
[INFO] [1782639653.116615187] [unitree_safe_cmd_node]: Move x=0.500, z=-0.004, stop_count=0, roi_count=0, nearest_x=inf, clear_frames=3794
[INFO] [1782639653.666913361] [unitree_safe_cmd_node]: Move x=0.500, z=-0.006, stop_count=0, roi_count=0, nearest_x=inf, clear_frames=3799
[INFO] [1782639654.167753125] [unitree_safe_cmd_node]: Move x=0.500, z=-0.030, stop_count=0, roi_count=0, nearest_x=inf, clear_frames=3804
[INFO] [1782639654.716545462] [unitree_safe_cmd_node]: Move x=0.500, z=0.015, stop_count=0, roi_count=0, nearest_x=inf, clear_frames=3810
[INFO] [1782639655.216554994] [unitree_safe_cmd_node]: Move x=0.500, z=0.002, stop_count=0, roi_count=0, nearest_x=inf, clear_frames=3815
[INFO] [1782639655.716743949] [unitree_safe_cmd_node]: Move x=0.500, z=-0.017, stop_count=0, roi_count=0, nearest_x=inf, clear_frames=3820
[INFO] [1782639656.216782764] [unitree_safe_cmd_node]: Move x=0.500, z=0.001, stop_count=0, roi_count=0, nearest_x=inf, clear_frames=3825
[INFO] [1782639656.766584692] [unitree_safe_cmd_node]: Move x=0.500, z=-0.012, stop_count=0, roi_count=0, nearest_x=inf, clear_frames=3830
[INFO] [1782639657.267561790] [unitree_safe_cmd_node]: Move x=0.500, z=0.012, stop_count=0, roi_count=0, nearest_x=inf, clear_frames=3835
[INFO] [1782639657.816619050] [unitree_safe_cmd_node]: Move x=0.500, z=0.013, stop_count=0, roi_count=0, nearest_x=inf, clear_frames=3841
[INFO] [1782639658.319964879] [unitree_safe_cmd_node]: Move x=0.500, z=-0.003, stop_count=0, roi_count=0, nearest_x=inf, clear_frames=3846
[INFO] [1782639658.866615141] [unitree_safe_cmd_node]: Move x=0.500, z=-0.014, stop_count=0, roi_count=0, nearest_x=inf, clear_frames=3851
[INFO] [1782639659.416568440] [unitree_safe_cmd_node]: Move x=0.500, z=-0.016, stop_count=0, roi_count=0, nearest_x=inf, clear_frames=3857
[INFO] [1782639659.916595354] [unitree_safe_cmd_node]: Move x=0.500, z=-0.017, stop_count=0, roi_count=0, nearest_x=inf, clear_frames=3862
[INFO] [1782639660.466582752] [unitree_safe_cmd_node]: Move x=0.500, z=-0.027, stop_count=0, roi_count=0, nearest_x=inf, clear_frames=3867
[INFO] [1782639660.966977474] [unitree_safe_cmd_node]: Move x=0.500, z=-0.065, stop_count=0, roi_count=0, nearest_x=inf, clear_frames=3872
[INFO] [1782639661.467019263] [unitree_safe_cmd_node]: Move x=0.500, z=-0.043, stop_count=0, roi_count=0, nearest_x=inf, clear_frames=3877
[INFO] [1782639662.017219925] [unitree_safe_cmd_node]: Move x=0.500, z=-0.010, stop_count=0, roi_count=0, nearest_x=inf, clear_frames=3882
[INFO] [1782639662.566597818] [unitree_safe_cmd_node]: Move x=0.500, z=-0.032, stop_count=0, roi_count=0, nearest_x=inf, clear_frames=3888
[INFO] [1782639663.116571238] [unitree_safe_cmd_node]: Move x=0.500, z=0.002, stop_count=0, roi_count=0, nearest_x=inf, clear_frames=3894
[INFO] [1782639663.616800958] [unitree_safe_cmd_node]: Move x=0.500, z=0.012, stop_count=0, roi_count=0, nearest_x=inf, clear_frames=3899
[INFO] [1782639664.166665408] [unitree_safe_cmd_node]: Move x=0.500, z=-0.007, stop_count=0, roi_count=0, nearest_x=inf, clear_frames=3904
[INFO] [1782639664.716560904] [unitree_safe_cmd_node]: Move x=0.500, z=-0.027, stop_count=0, roi_count=26, nearest_x=0.57, clear_frames=3910
[INFO] [1782639665.217488776] [unitree_safe_cmd_node]: Move x=0.500, z=-0.027, stop_count=0, roi_count=18, nearest_x=0.77, clear_frames=3915
[INFO] [1782639665.766904178] [unitree_safe_cmd_node]: Move x=0.500, z=0.009, stop_count=0, roi_count=9, nearest_x=0.85, clear_frames=3920
[INFO] [1782639666.316736165] [unitree_safe_cmd_node]: Move x=0.500, z=-0.004, stop_count=0, roi_count=1, nearest_x=0.88, clear_frames=3926
[INFO] [1782639666.866693778] [unitree_safe_cmd_node]: Move x=0.500, z=-0.028, stop_count=0, roi_count=0, nearest_x=inf, clear_frames=3931
[INFO] [1782639667.416619239] [unitree_safe_cmd_node]: Move x=0.500, z=0.000, stop_count=0, roi_count=0, nearest_x=inf, clear_frames=3937
[INFO] [1782639667.966592401] [unitree_safe_cmd_node]: Move x=0.500, z=-0.013, stop_count=0, roi_count=28, nearest_x=0.78, clear_frames=3942
[INFO] [1782639668.516604838] [unitree_safe_cmd_node]: Move x=0.500, z=-0.002, stop_count=0, roi_count=140, nearest_x=0.60, clear_frames=3948
[INFO] [1782639669.017565043] [unitree_safe_cmd_node]: Move x=0.500, z=-0.031, stop_count=1, roi_count=138, nearest_x=0.40, clear_frames=3953
[WARN] [1782639669.504297137] [unitree_safe_cmd_node]: OBSTACLE DETECTED: stop_count=17, roi_count=25, nearest_x=0.35
[WARN] [1782639669.567087275] [unitree_safe_cmd_node]: SAFE OVERRIDE obstacle: Move x=0.000, z=0.000, raw_x=0.500, raw_z=-0.013, stop_count=17, roi_count=25, nearest_x=0.35, clear_frames=0
[INFO] [1782639670.005151298] [unitree_safe_cmd_node]: obstacle cleared after 5 clear frames, resume move
[INFO] [1782639670.116624168] [unitree_safe_cmd_node]: Move x=0.500, z=-0.071, stop_count=2, roi_count=2, nearest_x=0.35, clear_frames=6
[INFO] [1782639670.667353685] [unitree_safe_cmd_node]: Move x=0.500, z=-0.020, stop_count=0, roi_count=0, nearest_x=inf, clear_frames=11
[INFO] [1782639671.216623621] [unitree_safe_cmd_node]: Move x=0.500, z=-0.025, stop_count=4, roi_count=11, nearest_x=0.36, clear_frames=17
[INFO] [1782639671.766638790] [unitree_safe_cmd_node]: Move x=0.500, z=-0.011, stop_count=0, roi_count=0, nearest_x=inf, clear_frames=22
[INFO] [1782639672.266919690] [unitree_safe_cmd_node]: Move x=0.500, z=-0.035, stop_count=0, roi_count=0, nearest_x=inf, clear_frames=27
[INFO] [1782639672.816787516] [unitree_safe_cmd_node]: Move x=0.500, z=0.006, stop_count=0, roi_count=0, nearest_x=inf, clear_frames=33
[INFO] [1782639673.366598126] [unitree_safe_cmd_node]: Move x=0.500, z=-0.002, stop_count=0, roi_count=0, nearest_x=inf, clear_frames=38
[INFO] [1782639673.866611557] [unitree_safe_cmd_node]: Move x=0.500, z=-0.013, stop_count=0, roi_count=0, nearest_x=inf, clear_frames=43
[INFO] [1782639674.416639616] [unitree_safe_cmd_node]: Move x=0.500, z=-0.029, stop_count=0, roi_count=0, nearest_x=inf, clear_frames=49
[INFO] [1782639674.966884645] [unitree_safe_cmd_node]: Move x=0.500, z=-0.027, stop_count=0, roi_count=0, nearest_x=inf, clear_frames=54
[INFO] [1782639675.516586584] [unitree_safe_cmd_node]: Move x=0.500, z=0.002, stop_count=0, roi_count=0, nearest_x=inf, clear_frames=60
[INFO] [1782639676.017420739] [unitree_safe_cmd_node]: Move x=0.500, z=-0.015, stop_count=0, roi_count=0, nearest_x=inf, clear_frames=65
[INFO] [1782639676.566568574] [unitree_safe_cmd_node]: Move x=0.500, z=-0.014, stop_count=0, roi_count=0, nearest_x=inf, clear_frames=70
[INFO] [1782639677.066925046] [unitree_safe_cmd_node]: Move x=0.500, z=-0.019, stop_count=0, roi_count=0, nearest_x=inf, clear_frames=75
[INFO] [1782639677.616688578] [unitree_safe_cmd_node]: Move x=0.500, z=-0.024, stop_count=0, roi_count=0, nearest_x=inf, clear_frames=81
[INFO] [1782639678.166730872] [unitree_safe_cmd_node]: Move x=0.500, z=-0.036, stop_count=0, roi_count=0, nearest_x=inf, clear_frames=86
[INFO] [1782639678.716609595] [unitree_safe_cmd_node]: Move x=0.500, z=-0.035, stop_count=0, roi_count=0, nearest_x=inf, clear_frames=92
[INFO] [1782639679.266847376] [unitree_safe_cmd_node]: Move x=0.500, z=-0.043, stop_count=0, roi_count=0, nearest_x=inf, clear_frames=97
[INFO] [1782639679.766852851] [unitree_safe_cmd_node]: Move x=0.500, z=-0.000, stop_count=0, roi_count=0, nearest_x=inf, clear_frames=102
[INFO] [1782639680.266762406] [unitree_safe_cmd_node]: Move x=0.500, z=0.000, stop_count=0, roi_count=0, nearest_x=inf, clear_frames=107
[INFO] [1782639680.816566111] [unitree_safe_cmd_node]: Move x=0.500, z=0.005, stop_count=0, roi_count=0, nearest_x=inf, clear_frames=113
[INFO] [1782639681.317156900] [unitree_safe_cmd_node]: Move x=0.500, z=-0.015, stop_count=0, roi_count=0, nearest_x=inf, clear_frames=118
[INFO] [1782639681.866952664] [unitree_safe_cmd_node]: Move x=0.500, z=-0.018, stop_count=0, roi_count=0, nearest_x=inf, clear_frames=123
[INFO] [1782639682.416659134] [unitree_safe_cmd_node]: Move x=0.500, z=-0.005, stop_count=0, roi_count=0, nearest_x=inf, clear_frames=129
[INFO] [1782639682.967021227] [unitree_safe_cmd_node]: Move x=0.500, z=0.009, stop_count=0, roi_count=0, nearest_x=inf, clear_frames=134
[INFO] [1782639683.516566912] [unitree_safe_cmd_node]: Move x=0.500, z=0.006, stop_count=0, roi_count=0, nearest_x=inf, clear_frames=140
[INFO] [1782639684.017560203] [unitree_safe_cmd_node]: Move x=0.500, z=-0.010, stop_count=0, roi_count=0, nearest_x=inf, clear_frames=145
[INFO] [1782639684.566626735] [unitree_safe_cmd_node]: Move x=0.500, z=-0.027, stop_count=0, roi_count=0, nearest_x=inf, clear_frames=150
[INFO] [1782639685.066968627] [unitree_safe_cmd_node]: Move x=0.500, z=-0.033, stop_count=0, roi_count=0, nearest_x=inf, clear_frames=155
[INFO] [1782639685.616580326] [unitree_safe_cmd_node]: Move x=0.500, z=-0.029, stop_count=0, roi_count=0, nearest_x=inf, clear_frames=161
[INFO] [1782639686.116771199] [unitree_safe_cmd_node]: Move x=0.500, z=-0.032, stop_count=0, roi_count=0, nearest_x=inf, clear_frames=166
[INFO] [1782639686.666673634] [unitree_safe_cmd_node]: Move x=0.500, z=-0.009, stop_count=0, roi_count=0, nearest_x=inf, clear_frames=171
[INFO] [1782639687.166923735] [unitree_safe_cmd_node]: Move x=0.500, z=-0.020, stop_count=0, roi_count=0, nearest_x=inf, clear_frames=176
[INFO] [1782639687.716590308] [unitree_safe_cmd_node]: Move x=0.500, z=0.013, stop_count=0, roi_count=0, nearest_x=inf, clear_frames=182
[INFO] [1782639688.216558412] [unitree_safe_cmd_node]: Move x=0.500, z=0.001, stop_count=0, roi_count=0, nearest_x=inf, clear_frames=187
[INFO] [1782639688.766643241] [unitree_safe_cmd_node]: Move x=0.500, z=-0.002, stop_count=0, roi_count=0, nearest_x=inf, clear_frames=192
[INFO] [1782639689.319522010] [unitree_safe_cmd_node]: Move x=0.500, z=-0.001, stop_count=0, roi_count=0, nearest_x=inf, clear_frames=198
[INFO] [1782639689.866608189] [unitree_safe_cmd_node]: Move x=0.500, z=0.006, stop_count=0, roi_count=0, nearest_x=inf, clear_frames=203
[INFO] [1782639690.366730672] [unitree_safe_cmd_node]: Move x=0.500, z=-0.006, stop_count=0, roi_count=0, nearest_x=inf, clear_frames=208
[INFO] [1782639690.866600261] [unitree_safe_cmd_node]: Move x=0.500, z=-0.036, stop_count=0, roi_count=0, nearest_x=inf, clear_frames=213
[INFO] [1782639691.367060865] [unitree_safe_cmd_node]: Move x=0.500, z=-0.012, stop_count=0, roi_count=0, nearest_x=inf, clear_frames=218
[INFO] [1782639691.916861871] [unitree_safe_cmd_node]: Move x=0.500, z=-0.017, stop_count=0, roi_count=0, nearest_x=inf, clear_frames=224
[INFO] [1782639692.466663261] [unitree_safe_cmd_node]: Move x=0.500, z=0.012, stop_count=0, roi_count=0, nearest_x=inf, clear_frames=229
[INFO] [1782639693.017556365] [unitree_safe_cmd_node]: Move x=0.500, z=-0.009, stop_count=0, roi_count=0, nearest_x=inf, clear_frames=234
[INFO] [1782639693.567858997] [unitree_safe_cmd_node]: Move x=0.500, z=0.000, stop_count=0, roi_count=0, nearest_x=inf, clear_frames=240
[INFO] [1782639694.066680829] [unitree_safe_cmd_node]: Move x=0.500, z=-0.005, stop_count=0, roi_count=0, nearest_x=inf, clear_frames=245
[INFO] [1782639694.616895705] [unitree_safe_cmd_node]: Move x=0.500, z=-0.031, stop_count=0, roi_count=0, nearest_x=inf, clear_frames=251
[INFO] [1782639695.116658359] [unitree_safe_cmd_node]: Move x=0.500, z=-0.024, stop_count=0, roi_count=0, nearest_x=inf, clear_frames=256
[INFO] [1782639695.666581473] [unitree_safe_cmd_node]: Move x=0.500, z=-0.034, stop_count=0, roi_count=0, nearest_x=inf, clear_frames=261
[INFO] [1782639696.166598174] [unitree_safe_cmd_node]: Move x=0.500, z=-0.038, stop_count=0, roi_count=0, nearest_x=inf, clear_frames=266
[INFO] [1782639696.716719051] [unitree_safe_cmd_node]: Move x=0.500, z=-0.065, stop_count=0, roi_count=0, nearest_x=inf, clear_frames=272
[INFO] [1782639697.266596861] [unitree_safe_cmd_node]: Move x=0.500, z=-0.058, stop_count=0, roi_count=0, nearest_x=inf, clear_frames=277
[INFO] [1782639697.816693406] [unitree_safe_cmd_node]: Move x=0.500, z=-0.030, stop_count=0, roi_count=0, nearest_x=inf, clear_frames=283
[INFO] [1782639698.366798146] [unitree_safe_cmd_node]: Move x=0.500, z=-0.036, stop_count=0, roi_count=0, nearest_x=inf, clear_frames=288
[INFO] [1782639698.916577507] [unitree_safe_cmd_node]: Move x=0.500, z=-0.042, stop_count=0, roi_count=0, nearest_x=inf, clear_frames=294
[INFO] [1782639699.417180517] [unitree_safe_cmd_node]: Move x=0.500, z=-0.038, stop_count=0, roi_count=0, nearest_x=inf, clear_frames=299
[INFO] [1782639699.966628929] [unitree_safe_cmd_node]: Move x=0.500, z=-0.004, stop_count=0, roi_count=0, nearest_x=inf, clear_frames=304
[INFO] [1782639700.516794627] [unitree_safe_cmd_node]: Move x=0.500, z=-0.015, stop_count=0, roi_count=0, nearest_x=inf, clear_frames=310
[INFO] [1782639701.017089930] [unitree_safe_cmd_node]: Move x=0.500, z=-0.036, stop_count=0, roi_count=0, nearest_x=inf, clear_frames=314
[INFO] [1782639701.569568528] [unitree_safe_cmd_node]: Move x=0.500, z=-0.016, stop_count=0, roi_count=0, nearest_x=inf, clear_frames=320
[INFO] [1782639702.116725139] [unitree_safe_cmd_node]: Move x=0.500, z=-0.032, stop_count=0, roi_count=0, nearest_x=inf, clear_frames=326
[INFO] [1782639702.666550539] [unitree_safe_cmd_node]: Move x=0.500, z=-0.013, stop_count=0, roi_count=0, nearest_x=inf, clear_frames=331
[INFO] [1782639703.220364108] [unitree_safe_cmd_node]: Move x=0.500, z=-0.007, stop_count=0, roi_count=0, nearest_x=inf, clear_frames=337
[INFO] [1782639703.766622317] [unitree_safe_cmd_node]: Move x=0.500, z=-0.001, stop_count=0, roi_count=0, nearest_x=inf, clear_frames=342
[INFO] [1782639704.266872125] [unitree_safe_cmd_node]: Move x=0.500, z=0.004, stop_count=0, roi_count=0, nearest_x=inf, clear_frames=347
[INFO] [1782639704.816729797] [unitree_safe_cmd_node]: Move x=0.500, z=-0.015, stop_count=0, roi_count=0, nearest_x=inf, clear_frames=353
[INFO] [1782639705.366576584] [unitree_safe_cmd_node]: Move x=0.500, z=0.015, stop_count=0, roi_count=0, nearest_x=inf, clear_frames=358
[INFO] [1782639705.866626932] [unitree_safe_cmd_node]: Move x=0.500, z=-0.018, stop_count=0, roi_count=0, nearest_x=inf, clear_frames=363
[INFO] [1782639706.416723347] [unitree_safe_cmd_node]: Move x=0.500, z=-0.030, stop_count=0, roi_count=0, nearest_x=inf, clear_frames=369
[INFO] [1782639706.916677424] [unitree_safe_cmd_node]: Move x=0.500, z=-0.015, stop_count=0, roi_count=0, nearest_x=inf, clear_frames=374
[INFO] [1782639707.466606331] [unitree_safe_cmd_node]: Move x=0.500, z=-0.014, stop_count=0, roi_count=0, nearest_x=inf, clear_frames=379
[INFO] [1782639708.018186880] [unitree_safe_cmd_node]: Move x=0.500, z=-0.009, stop_count=0, roi_count=0, nearest_x=inf, clear_frames=385
[INFO] [1782639708.566600150] [unitree_safe_cmd_node]: Move x=0.500, z=-0.020, stop_count=0, roi_count=0, nearest_x=inf, clear_frames=390
[INFO] [1782639709.116619919] [unitree_safe_cmd_node]: Move x=0.500, z=-0.015, stop_count=0, roi_count=0, nearest_x=inf, clear_frames=396
[INFO] [1782639709.616730073] [unitree_safe_cmd_node]: Move x=0.500, z=-0.035, stop_count=0, roi_count=0, nearest_x=inf, clear_frames=401
[INFO] [1782639710.117815819] [unitree_safe_cmd_node]: Move x=0.500, z=-0.013, stop_count=0, roi_count=0, nearest_x=inf, clear_frames=406
[INFO] [1782639710.666642640] [unitree_safe_cmd_node]: Move x=0.500, z=-0.008, stop_count=0, roi_count=0, nearest_x=inf, clear_frames=411
[INFO] [1782639711.220461299] [unitree_safe_cmd_node]: Move x=0.500, z=0.006, stop_count=0, roi_count=0, nearest_x=inf, clear_frames=417
[INFO] [1782639711.766576972] [unitree_safe_cmd_node]: Move x=0.500, z=-0.026, stop_count=0, roi_count=0, nearest_x=inf, clear_frames=422
[INFO] [1782639712.267735042] [unitree_safe_cmd_node]: Move x=0.500, z=-0.008, stop_count=0, roi_count=0, nearest_x=inf, clear_frames=427
[INFO] [1782639712.766717721] [unitree_safe_cmd_node]: Move x=0.500, z=-0.012, stop_count=0, roi_count=0, nearest_x=inf, clear_frames=432
[INFO] [1782639713.317165320] [unitree_safe_cmd_node]: Move x=0.500, z=0.009, stop_count=0, roi_count=0, nearest_x=inf, clear_frames=438
[INFO] [1782639713.871720699] [unitree_safe_cmd_node]: Move x=0.500, z=-0.017, stop_count=0, roi_count=0, nearest_x=inf, clear_frames=443
[INFO] [1782639714.416559190] [unitree_safe_cmd_node]: Move x=0.500, z=-0.022, stop_count=0, roi_count=0, nearest_x=inf, clear_frames=449
[INFO] [1782639714.917897414] [unitree_safe_cmd_node]: Move x=0.500, z=0.006, stop_count=0, roi_count=0, nearest_x=inf, clear_frames=454
[INFO] [1782639715.418787510] [unitree_safe_cmd_node]: Move x=0.500, z=-0.016, stop_count=0, roi_count=0, nearest_x=inf, clear_frames=459
[INFO] [1782639715.967002313] [unitree_safe_cmd_node]: Move x=0.500, z=0.004, stop_count=0, roi_count=0, nearest_x=inf, clear_frames=464
[INFO] [1782639716.466782030] [unitree_safe_cmd_node]: Move x=0.500, z=0.021, stop_count=0, roi_count=0, nearest_x=inf, clear_frames=469
[INFO] [1782639716.966868332] [unitree_safe_cmd_node]: Move x=0.500, z=0.008, stop_count=0, roi_count=0, nearest_x=inf, clear_frames=474
[INFO] [1782639717.517707582] [unitree_safe_cmd_node]: Move x=0.500, z=-0.014, stop_count=0, roi_count=0, nearest_x=inf, clear_frames=480
[INFO] [1782639718.019740137] [unitree_safe_cmd_node]: Move x=0.500, z=-0.013, stop_count=0, roi_count=0, nearest_x=inf, clear_frames=485
[INFO] [1782639718.566675164] [unitree_safe_cmd_node]: Move x=0.500, z=-0.044, stop_count=0, roi_count=0, nearest_x=inf, clear_frames=490
[INFO] [1782639719.067027583] [unitree_safe_cmd_node]: Move x=0.500, z=-0.060, stop_count=0, roi_count=0, nearest_x=inf, clear_frames=495
[INFO] [1782639719.619036762] [unitree_safe_cmd_node]: Move x=0.500, z=-0.060, stop_count=0, roi_count=0, nearest_x=inf, clear_frames=501
[INFO] [1782639720.167198258] [unitree_safe_cmd_node]: Move x=0.500, z=-0.019, stop_count=0, roi_count=0, nearest_x=inf, clear_frames=505
[INFO] [1782639720.716555999] [unitree_safe_cmd_node]: Move x=0.500, z=-0.028, stop_count=0, roi_count=0, nearest_x=inf, clear_frames=511
[INFO] [1782639721.216841377] [unitree_safe_cmd_node]: Move x=0.500, z=-0.039, stop_count=0, roi_count=0, nearest_x=inf, clear_frames=515
[INFO] [1782639721.766746528] [unitree_safe_cmd_node]: Move x=0.500, z=-0.016, stop_count=0, roi_count=0, nearest_x=inf, clear_frames=521
[INFO] [1782639722.319363595] [unitree_safe_cmd_node]: Move x=0.500, z=-0.005, stop_count=0, roi_count=0, nearest_x=inf, clear_frames=527
[INFO] [1782639722.866714189] [unitree_safe_cmd_node]: Move x=0.500, z=-0.031, stop_count=0, roi_count=0, nearest_x=inf, clear_frames=532
[INFO] [1782639723.418861997] [unitree_safe_cmd_node]: Move x=0.500, z=0.006, stop_count=0, roi_count=0, nearest_x=inf, clear_frames=538
[INFO] [1782639723.967171791] [unitree_safe_cmd_node]: Move x=0.500, z=-0.022, stop_count=0, roi_count=0, nearest_x=inf, clear_frames=543
[INFO] [1782639724.516842169] [unitree_safe_cmd_node]: Move x=0.500, z=-0.046, stop_count=0, roi_count=0, nearest_x=inf, clear_frames=549
[INFO] [1782639725.018200915] [unitree_safe_cmd_node]: Move x=0.500, z=0.008, stop_count=0, roi_count=0, nearest_x=inf, clear_frames=554
[INFO] [1782639725.566627023] [unitree_safe_cmd_node]: Move x=0.500, z=-0.031, stop_count=0, roi_count=0, nearest_x=inf, clear_frames=559
[INFO] [1782639726.066665173] [unitree_safe_cmd_node]: Move x=0.500, z=0.026, stop_count=0, roi_count=0, nearest_x=inf, clear_frames=564
[INFO] [1782639726.566781539] [unitree_safe_cmd_node]: Move x=0.500, z=0.018, stop_count=0, roi_count=0, nearest_x=inf, clear_frames=569
[INFO] [1782639727.066665820] [unitree_safe_cmd_node]: Move x=0.500, z=-0.001, stop_count=0, roi_count=0, nearest_x=inf, clear_frames=574
[INFO] [1782639727.616564696] [unitree_safe_cmd_node]: Move x=0.500, z=-0.024, stop_count=0, roi_count=0, nearest_x=inf, clear_frames=580
[INFO] [1782639728.117228599] [unitree_safe_cmd_node]: Move x=0.500, z=-0.024, stop_count=0, roi_count=0, nearest_x=inf, clear_frames=585
[INFO] [1782639728.666618164] [unitree_safe_cmd_node]: Move x=0.500, z=-0.018, stop_count=0, roi_count=0, nearest_x=inf, clear_frames=590
[INFO] [1782639729.166632879] [unitree_safe_cmd_node]: Move x=0.500, z=-0.028, stop_count=0, roi_count=0, nearest_x=inf, clear_frames=595
[INFO] [1782639729.666645448] [unitree_safe_cmd_node]: Move x=0.500, z=-0.029, stop_count=0, roi_count=0, nearest_x=inf, clear_frames=600
[INFO] [1782639730.166817938] [unitree_safe_cmd_node]: Move x=0.500, z=-0.046, stop_count=0, roi_count=0, nearest_x=inf, clear_frames=605
[INFO] [1782639730.716682300] [unitree_safe_cmd_node]: Move x=0.500, z=0.019, stop_count=0, roi_count=0, nearest_x=inf, clear_frames=611
[INFO] [1782639731.217797213] [unitree_safe_cmd_node]: Move x=0.500, z=-0.001, stop_count=0, roi_count=0, nearest_x=inf, clear_frames=616
[INFO] [1782639731.766560449] [unitree_safe_cmd_node]: Move x=0.500, z=0.022, stop_count=0, roi_count=0, nearest_x=inf, clear_frames=621
[INFO] [1782639732.266575067] [unitree_safe_cmd_node]: Move x=0.500, z=-0.021, stop_count=0, roi_count=0, nearest_x=inf, clear_frames=626
[INFO] [1782639732.816863546] [unitree_safe_cmd_node]: Move x=0.500, z=-0.049, stop_count=0, roi_count=0, nearest_x=inf, clear_frames=632
[INFO] [1782639733.318044828] [unitree_safe_cmd_node]: Move x=0.500, z=-0.049, stop_count=0, roi_count=0, nearest_x=inf, clear_frames=637
[INFO] [1782639733.866562854] [unitree_safe_cmd_node]: Move x=0.500, z=-0.066, stop_count=0, roi_count=0, nearest_x=inf, clear_frames=642
[INFO] [1782639734.419770871] [unitree_safe_cmd_node]: Move x=0.500, z=-0.074, stop_count=0, roi_count=0, nearest_x=inf, clear_frames=647
[INFO] [1782639734.966748031] [unitree_safe_cmd_node]: Move x=0.500, z=-0.055, stop_count=0, roi_count=0, nearest_x=inf, clear_frames=652
[INFO] [1782639735.467045383] [unitree_safe_cmd_node]: Move x=0.500, z=-0.047, stop_count=0, roi_count=0, nearest_x=inf, clear_frames=657
[INFO] [1782639736.017429654] [unitree_safe_cmd_node]: Move x=0.500, z=-0.060, stop_count=0, roi_count=0, nearest_x=inf, clear_frames=663
[INFO] [1782639736.567128270] [unitree_safe_cmd_node]: Move x=0.500, z=-0.010, stop_count=0, roi_count=0, nearest_x=inf, clear_frames=668
[INFO] [1782639737.118206743] [unitree_safe_cmd_node]: Move x=0.500, z=-0.041, stop_count=0, roi_count=0, nearest_x=inf, clear_frames=674
[INFO] [1782639737.666730852] [unitree_safe_cmd_node]: Move x=0.500, z=-0.035, stop_count=0, roi_count=0, nearest_x=inf, clear_frames=679
[INFO] [1782639738.217151301] [unitree_safe_cmd_node]: Move x=0.500, z=-0.050, stop_count=0, roi_count=0, nearest_x=inf, clear_frames=685
[INFO] [1782639738.766618761] [unitree_safe_cmd_node]: Move x=0.500, z=-0.053, stop_count=0, roi_count=0, nearest_x=inf, clear_frames=690
[INFO] [1782639739.266637606] [unitree_safe_cmd_node]: Move x=0.500, z=-0.045, stop_count=0, roi_count=0, nearest_x=inf, clear_frames=695
[INFO] [1782639739.816544294] [unitree_safe_cmd_node]: Move x=0.500, z=-0.044, stop_count=0, roi_count=0, nearest_x=inf, clear_frames=701
[INFO] [1782639740.316700359] [unitree_safe_cmd_node]: Move x=0.500, z=-0.034, stop_count=0, roi_count=0, nearest_x=inf, clear_frames=706
[INFO] [1782639740.866894294] [unitree_safe_cmd_node]: Move x=0.500, z=-0.049, stop_count=0, roi_count=0, nearest_x=inf, clear_frames=711
[INFO] [1782639741.418788824] [unitree_safe_cmd_node]: Move x=0.500, z=-0.027, stop_count=0, roi_count=0, nearest_x=inf, clear_frames=717
[INFO] [1782639741.966794978] [unitree_safe_cmd_node]: Move x=0.500, z=-0.017, stop_count=0, roi_count=0, nearest_x=inf, clear_frames=722
[INFO] [1782639742.466579881] [unitree_safe_cmd_node]: Move x=0.500, z=-0.001, stop_count=0, roi_count=0, nearest_x=inf, clear_frames=727
[INFO] [1782639742.966745839] [unitree_safe_cmd_node]: Move x=0.500, z=-0.001, stop_count=0, roi_count=0, nearest_x=inf, clear_frames=732
[INFO] [1782639743.466624326] [unitree_safe_cmd_node]: Move x=0.500, z=-0.031, stop_count=0, roi_count=0, nearest_x=inf, clear_frames=737
[INFO] [1782639744.017153533] [unitree_safe_cmd_node]: Move x=0.500, z=0.003, stop_count=0, roi_count=0, nearest_x=inf, clear_frames=743
[INFO] [1782639744.566565189] [unitree_safe_cmd_node]: Move x=0.500, z=-0.004, stop_count=0, roi_count=0, nearest_x=inf, clear_frames=748
[INFO] [1782639745.067273946] [unitree_safe_cmd_node]: Move x=0.500, z=-0.048, stop_count=0, roi_count=0, nearest_x=inf, clear_frames=753
[INFO] [1782639745.616671804] [unitree_safe_cmd_node]: Move x=0.500, z=-0.053, stop_count=0, roi_count=0, nearest_x=inf, clear_frames=759
[INFO] [1782639746.166582078] [unitree_safe_cmd_node]: Move x=0.500, z=0.011, stop_count=0, roi_count=0, nearest_x=inf, clear_frames=764
[INFO] [1782639746.666669341] [unitree_safe_cmd_node]: Move x=0.500, z=0.012, stop_count=0, roi_count=0, nearest_x=inf, clear_frames=769
[INFO] [1782639747.216899550] [unitree_safe_cmd_node]: Move x=0.500, z=0.004, stop_count=0, roi_count=0, nearest_x=inf, clear_frames=774
[INFO] [1782639747.766591379] [unitree_safe_cmd_node]: Move x=0.500, z=-0.030, stop_count=0, roi_count=0, nearest_x=inf, clear_frames=780
[INFO] [1782639748.319777369] [unitree_safe_cmd_node]: Move x=0.500, z=0.011, stop_count=0, roi_count=0, nearest_x=inf, clear_frames=786
[INFO] [1782639748.866581707] [unitree_safe_cmd_node]: Move x=0.500, z=-0.035, stop_count=0, roi_count=0, nearest_x=inf, clear_frames=791
[INFO] [1782639749.366790246] [unitree_safe_cmd_node]: Move x=0.500, z=-0.147, stop_count=0, roi_count=0, nearest_x=inf, clear_frames=796
[INFO] [1782639749.866922171] [unitree_safe_cmd_node]: Move x=0.500, z=-0.137, stop_count=0, roi_count=0, nearest_x=inf, clear_frames=801
[INFO] [1782639750.367098054] [unitree_safe_cmd_node]: Move x=0.500, z=-0.141, stop_count=0, roi_count=0, nearest_x=inf, clear_frames=806
[INFO] [1782639750.916567276] [unitree_safe_cmd_node]: Move x=0.500, z=-0.126, stop_count=0, roi_count=0, nearest_x=inf, clear_frames=812
[INFO] [1782639751.466571932] [unitree_safe_cmd_node]: Move x=0.500, z=-0.161, stop_count=0, roi_count=0, nearest_x=inf, clear_frames=817
[INFO] [1782639751.966682919] [unitree_safe_cmd_node]: Move x=0.500, z=-0.132, stop_count=0, roi_count=0, nearest_x=inf, clear_frames=822
[INFO] [1782639752.466657229] [unitree_safe_cmd_node]: Move x=0.500, z=-0.033, stop_count=0, roi_count=0, nearest_x=inf, clear_frames=827
[INFO] [1782639752.966724258] [unitree_safe_cmd_node]: Move x=0.500, z=-0.036, stop_count=0, roi_count=0, nearest_x=inf, clear_frames=832
[INFO] [1782639753.516555644] [unitree_safe_cmd_node]: Move x=0.500, z=-0.052, stop_count=0, roi_count=0, nearest_x=inf, clear_frames=838
[INFO] [1782639754.021458625] [unitree_safe_cmd_node]: Move x=0.500, z=-0.037, stop_count=0, roi_count=0, nearest_x=inf, clear_frames=843
[INFO] [1782639754.566927223] [unitree_safe_cmd_node]: Move x=0.500, z=0.001, stop_count=0, roi_count=0, nearest_x=inf, clear_frames=848
[INFO] [1782639755.067703983] [unitree_safe_cmd_node]: Move x=0.500, z=-0.001, stop_count=0, roi_count=0, nearest_x=inf, clear_frames=853
[INFO] [1782639755.616564516] [unitree_safe_cmd_node]: Move x=0.500, z=0.006, stop_count=0, roi_count=0, nearest_x=inf, clear_frames=859
[INFO] [1782639756.119541190] [unitree_safe_cmd_node]: Move x=0.500, z=0.004, stop_count=0, roi_count=0, nearest_x=inf, clear_frames=864
[INFO] [1782639756.667096559] [unitree_safe_cmd_node]: Move x=0.500, z=-0.051, stop_count=0, roi_count=0, nearest_x=inf, clear_frames=869
[INFO] [1782639757.167179980] [unitree_safe_cmd_node]: Move x=0.500, z=-0.042, stop_count=0, roi_count=0, nearest_x=inf, clear_frames=874
[INFO] [1782639757.666981724] [unitree_safe_cmd_node]: Move x=0.500, z=-0.026, stop_count=0, roi_count=0, nearest_x=inf, clear_frames=879
[INFO] [1782639758.166953601] [unitree_safe_cmd_node]: Move x=0.500, z=-0.023, stop_count=0, roi_count=0, nearest_x=inf, clear_frames=884
[INFO] [1782639758.717931672] [unitree_safe_cmd_node]: Move x=0.500, z=-0.034, stop_count=0, roi_count=0, nearest_x=inf, clear_frames=890
[INFO] [1782639759.266608274] [unitree_safe_cmd_node]: Move x=0.500, z=0.012, stop_count=0, roi_count=0, nearest_x=inf, clear_frames=895
[INFO] [1782639759.766827698] [unitree_safe_cmd_node]: Move x=0.500, z=-0.001, stop_count=0, roi_count=0, nearest_x=inf, clear_frames=900
[INFO] [1782639760.266862871] [unitree_safe_cmd_node]: Move x=0.500, z=0.031, stop_count=0, roi_count=0, nearest_x=inf, clear_frames=905
[INFO] [1782639760.818725160] [unitree_safe_cmd_node]: Move x=0.500, z=0.034, stop_count=0, roi_count=0, nearest_x=inf, clear_frames=911
[INFO] [1782639761.366666258] [unitree_safe_cmd_node]: Move x=0.500, z=-0.063, stop_count=0, roi_count=0, nearest_x=inf, clear_frames=916
[INFO] [1782639761.919213049] [unitree_safe_cmd_node]: Move x=0.500, z=-0.077, stop_count=0, roi_count=0, nearest_x=inf, clear_frames=922
[INFO] [1782639762.466590089] [unitree_safe_cmd_node]: Move x=0.500, z=-0.061, stop_count=0, roi_count=0, nearest_x=inf, clear_frames=927
[INFO] [1782639763.019260878] [unitree_safe_cmd_node]: Move x=0.500, z=0.009, stop_count=0, roi_count=0, nearest_x=inf, clear_frames=933
[INFO] [1782639763.566619221] [unitree_safe_cmd_node]: Move x=0.500, z=0.019, stop_count=0, roi_count=0, nearest_x=inf, clear_frames=938
[INFO] [1782639764.066986271] [unitree_safe_cmd_node]: Move x=0.500, z=0.006, stop_count=0, roi_count=0, nearest_x=inf, clear_frames=943
[INFO] [1782639764.617299594] [unitree_safe_cmd_node]: Move x=0.500, z=-0.012, stop_count=0, roi_count=0, nearest_x=inf, clear_frames=949
[INFO] [1782639765.166670943] [unitree_safe_cmd_node]: Move x=0.500, z=-0.017, stop_count=0, roi_count=0, nearest_x=inf, clear_frames=954
[INFO] [1782639765.716763195] [unitree_safe_cmd_node]: Move x=0.500, z=-0.012, stop_count=0, roi_count=0, nearest_x=inf, clear_frames=960
[INFO] [1782639766.217054016] [unitree_safe_cmd_node]: Move x=0.500, z=-0.009, stop_count=0, roi_count=0, nearest_x=inf, clear_frames=964
[INFO] [1782639766.766640159] [unitree_safe_cmd_node]: Move x=0.500, z=-0.022, stop_count=0, roi_count=0, nearest_x=inf, clear_frames=970
[INFO] [1782639767.317373661] [unitree_safe_cmd_node]: Move x=0.500, z=-0.024, stop_count=0, roi_count=0, nearest_x=inf, clear_frames=975
[INFO] [1782639767.866600297] [unitree_safe_cmd_node]: Move x=0.500, z=-0.060, stop_count=0, roi_count=0, nearest_x=inf, clear_frames=981
[INFO] [1782639768.425915815] [unitree_safe_cmd_node]: Move x=0.500, z=-0.055, stop_count=0, roi_count=0, nearest_x=inf, clear_frames=986
[INFO] [1782639768.966599077] [unitree_safe_cmd_node]: Move x=0.500, z=-0.047, stop_count=0, roi_count=0, nearest_x=inf, clear_frames=992
[INFO] [1782639769.467356435] [unitree_safe_cmd_node]: Move x=0.500, z=-0.028, stop_count=0, roi_count=0, nearest_x=inf, clear_frames=997
[INFO] [1782639770.017040836] [unitree_safe_cmd_node]: Move x=0.500, z=-0.037, stop_count=0, roi_count=0, nearest_x=inf, clear_frames=1002
[INFO] [1782639770.517119646] [unitree_safe_cmd_node]: Move x=0.500, z=-0.022, stop_count=0, roi_count=0, nearest_x=inf, clear_frames=1007
[INFO] [1782639771.017291687] [unitree_safe_cmd_node]: Move x=0.500, z=-0.019, stop_count=0, roi_count=0, nearest_x=inf, clear_frames=1012
[INFO] [1782639771.519173895] [unitree_safe_cmd_node]: Move x=0.500, z=-0.036, stop_count=0, roi_count=0, nearest_x=inf, clear_frames=1018
[INFO] [1782639772.066963525] [unitree_safe_cmd_node]: Move x=0.500, z=-0.041, stop_count=0, roi_count=0, nearest_x=inf, clear_frames=1023
[INFO] [1782639772.567137711] [unitree_safe_cmd_node]: Move x=0.500, z=0.015, stop_count=0, roi_count=0, nearest_x=inf, clear_frames=1028
[INFO] [1782639773.117053107] [unitree_safe_cmd_node]: Move x=0.500, z=-0.001, stop_count=0, roi_count=0, nearest_x=inf, clear_frames=1033
[INFO] [1782639773.619031075] [unitree_safe_cmd_node]: Move x=0.500, z=-0.040, stop_count=0, roi_count=0, nearest_x=inf, clear_frames=1039
[INFO] [1782639774.166923316] [unitree_safe_cmd_node]: Move x=0.500, z=-0.006, stop_count=0, roi_count=0, nearest_x=inf, clear_frames=1044
[INFO] [1782639774.666979811] [unitree_safe_cmd_node]: Move x=0.500, z=0.002, stop_count=0, roi_count=0, nearest_x=inf, clear_frames=1049
[INFO] [1782639775.216881569] [unitree_safe_cmd_node]: Move x=0.500, z=0.001, stop_count=0, roi_count=0, nearest_x=inf, clear_frames=1054
[INFO] [1782639775.717036161] [unitree_safe_cmd_node]: Move x=0.500, z=-0.003, stop_count=0, roi_count=0, nearest_x=inf, clear_frames=1059
[INFO] [1782639776.266601718] [unitree_safe_cmd_node]: Move x=0.500, z=-0.001, stop_count=0, roi_count=0, nearest_x=inf, clear_frames=1065
[INFO] [1782639776.766774176] [unitree_safe_cmd_node]: Move x=0.500, z=-0.004, stop_count=0, roi_count=0, nearest_x=inf, clear_frames=1070
[INFO] [1782639777.320040174] [unitree_safe_cmd_node]: Move x=0.500, z=-0.020, stop_count=0, roi_count=0, nearest_x=inf, clear_frames=1076
[INFO] [1782639777.866667111] [unitree_safe_cmd_node]: Move x=0.500, z=-0.007, stop_count=0, roi_count=0, nearest_x=inf, clear_frames=1081
[INFO] [1782639778.366916535] [unitree_safe_cmd_node]: Move x=0.500, z=-0.052, stop_count=0, roi_count=0, nearest_x=inf, clear_frames=1086
[INFO] [1782639778.917034368] [unitree_safe_cmd_node]: Move x=0.500, z=-0.067, stop_count=0, roi_count=0, nearest_x=inf, clear_frames=1091
[INFO] [1782639779.417052060] [unitree_safe_cmd_node]: Move x=0.500, z=-0.030, stop_count=0, roi_count=0, nearest_x=inf, clear_frames=1096
[INFO] [1782639779.966641071] [unitree_safe_cmd_node]: Move x=0.500, z=-0.061, stop_count=0, roi_count=0, nearest_x=inf, clear_frames=1102
[INFO] [1782639780.520336625] [unitree_safe_cmd_node]: Move x=0.500, z=-0.070, stop_count=0, roi_count=0, nearest_x=inf, clear_frames=1108
[INFO] [1782639781.066947158] [unitree_safe_cmd_node]: Move x=0.500, z=-0.005, stop_count=0, roi_count=0, nearest_x=inf, clear_frames=1113
[INFO] [1782639781.617474568] [unitree_safe_cmd_node]: Move x=0.500, z=-0.006, stop_count=0, roi_count=0, nearest_x=inf, clear_frames=1118
[INFO] [1782639782.166590724] [unitree_safe_cmd_node]: Move x=0.500, z=-0.047, stop_count=0, roi_count=0, nearest_x=inf, clear_frames=1124
[INFO] [1782639782.716999938] [unitree_safe_cmd_node]: Move x=0.500, z=-0.061, stop_count=0, roi_count=0, nearest_x=inf, clear_frames=1129
[INFO] [1782639783.217035661] [unitree_safe_cmd_node]: Move x=0.500, z=-0.040, stop_count=0, roi_count=0, nearest_x=inf, clear_frames=1134
[INFO] [1782639783.718171318] [unitree_safe_cmd_node]: Move x=0.500, z=-0.001, stop_count=0, roi_count=0, nearest_x=inf, clear_frames=1139
[INFO] [1782639784.266904184] [unitree_safe_cmd_node]: Move x=0.500, z=0.012, stop_count=0, roi_count=0, nearest_x=inf, clear_frames=1145
[INFO] [1782639784.817000575] [unitree_safe_cmd_node]: Move x=0.500, z=-0.015, stop_count=0, roi_count=0, nearest_x=inf, clear_frames=1150
[INFO] [1782639785.366757673] [unitree_safe_cmd_node]: Move x=0.500, z=0.000, stop_count=0, roi_count=0, nearest_x=inf, clear_frames=1156
[INFO] [1782639785.866621352] [unitree_safe_cmd_node]: Move x=0.500, z=-0.040, stop_count=0, roi_count=0, nearest_x=inf, clear_frames=1161
[INFO] [1782639786.417061667] [unitree_safe_cmd_node]: Move x=0.500, z=-0.042, stop_count=0, roi_count=0, nearest_x=inf, clear_frames=1165
[INFO] [1782639786.917113988] [unitree_safe_cmd_node]: Move x=0.500, z=-0.041, stop_count=0, roi_count=0, nearest_x=inf, clear_frames=1170
[INFO] [1782639787.466737635] [unitree_safe_cmd_node]: Move x=0.500, z=0.001, stop_count=0, roi_count=0, nearest_x=inf, clear_frames=1176
[INFO] [1782639788.017411741] [unitree_safe_cmd_node]: Move x=0.500, z=-0.012, stop_count=0, roi_count=0, nearest_x=inf, clear_frames=1181
[INFO] [1782639788.517300253] [unitree_safe_cmd_node]: Move x=0.500, z=-0.027, stop_count=0, roi_count=0, nearest_x=inf, clear_frames=1186
[INFO] [1782639789.067130243] [unitree_safe_cmd_node]: Move x=0.500, z=0.035, stop_count=0, roi_count=0, nearest_x=inf, clear_frames=1192
[INFO] [1782639789.619802330] [unitree_safe_cmd_node]: Move x=0.500, z=-0.041, stop_count=0, roi_count=0, nearest_x=inf, clear_frames=1198
[INFO] [1782639790.167324692] [unitree_safe_cmd_node]: Move x=0.500, z=-0.056, stop_count=0, roi_count=0, nearest_x=inf, clear_frames=1203
[INFO] [1782639790.717016233] [unitree_safe_cmd_node]: Move x=0.500, z=-0.047, stop_count=0, roi_count=0, nearest_x=inf, clear_frames=1208
[INFO] [1782639791.266627761] [unitree_safe_cmd_node]: Move x=0.500, z=-0.011, stop_count=0, roi_count=0, nearest_x=inf, clear_frames=1214
[INFO] [1782639791.818556892] [unitree_safe_cmd_node]: Move x=0.500, z=0.007, stop_count=0, roi_count=0, nearest_x=inf, clear_frames=1220
[INFO] [1782639792.366616825] [unitree_safe_cmd_node]: Move x=0.500, z=0.022, stop_count=0, roi_count=0, nearest_x=inf, clear_frames=1225
[INFO] [1782639792.866731602] [unitree_safe_cmd_node]: Move x=0.500, z=-0.007, stop_count=0, roi_count=0, nearest_x=inf, clear_frames=1230
[INFO] [1782639793.416933676] [unitree_safe_cmd_node]: Move x=0.500, z=-0.011, stop_count=0, roi_count=0, nearest_x=inf, clear_frames=1236
[INFO] [1782639793.917584121] [unitree_safe_cmd_node]: Move x=0.500, z=-0.026, stop_count=0, roi_count=0, nearest_x=inf, clear_frames=1241
[INFO] [1782639794.419684694] [unitree_safe_cmd_node]: Move x=0.500, z=-0.014, stop_count=0, roi_count=0, nearest_x=inf, clear_frames=1246
[INFO] [1782639794.966608997] [unitree_safe_cmd_node]: Move x=0.500, z=0.015, stop_count=0, roi_count=0, nearest_x=inf, clear_frames=1251
[INFO] [1782639795.466656086] [unitree_safe_cmd_node]: Move x=0.500, z=0.000, stop_count=0, roi_count=0, nearest_x=inf, clear_frames=1256
[INFO] [1782639795.966628243] [unitree_safe_cmd_node]: Move x=0.500, z=-0.003, stop_count=0, roi_count=0, nearest_x=inf, clear_frames=1261
[INFO] [1782639796.517356784] [unitree_safe_cmd_node]: Move x=0.500, z=-0.007, stop_count=0, roi_count=0, nearest_x=inf, clear_frames=1266
[INFO] [1782639797.017082240] [unitree_safe_cmd_node]: Move x=0.500, z=-0.039, stop_count=0, roi_count=0, nearest_x=inf, clear_frames=1271
[INFO] [1782639797.517159534] [unitree_safe_cmd_node]: Move x=0.500, z=-0.016, stop_count=0, roi_count=0, nearest_x=inf, clear_frames=1276
[INFO] [1782639798.066765778] [unitree_safe_cmd_node]: Move x=0.500, z=0.027, stop_count=0, roi_count=0, nearest_x=inf, clear_frames=1282
[INFO] [1782639798.618855764] [unitree_safe_cmd_node]: Move x=0.500, z=-0.013, stop_count=0, roi_count=0, nearest_x=inf, clear_frames=1288
[INFO] [1782639799.166592798] [unitree_safe_cmd_node]: Move x=0.500, z=-0.033, stop_count=0, roi_count=0, nearest_x=inf, clear_frames=1293
[INFO] [1782639799.717128463] [unitree_safe_cmd_node]: Move x=0.500, z=-0.052, stop_count=0, roi_count=0, nearest_x=inf, clear_frames=1299
[INFO] [1782639800.266651354] [unitree_safe_cmd_node]: Move x=0.500, z=-0.031, stop_count=0, roi_count=0, nearest_x=inf, clear_frames=1304
[INFO] [1782639800.766601543] [unitree_safe_cmd_node]: Move x=0.500, z=-0.082, stop_count=0, roi_count=0, nearest_x=inf, clear_frames=1309
[INFO] [1782639801.317050234] [unitree_safe_cmd_node]: Move x=0.500, z=-0.032, stop_count=0, roi_count=0, nearest_x=inf, clear_frames=1314
[INFO] [1782639801.818156540] [unitree_safe_cmd_node]: Move x=0.500, z=0.009, stop_count=0, roi_count=0, nearest_x=inf, clear_frames=1320
[INFO] [1782639802.319036149] [unitree_safe_cmd_node]: Move x=0.500, z=0.015, stop_count=0, roi_count=0, nearest_x=inf, clear_frames=1325
[INFO] [1782639802.866908642] [unitree_safe_cmd_node]: Move x=0.500, z=-0.002, stop_count=0, roi_count=0, nearest_x=inf, clear_frames=1330
[INFO] [1782639803.418725663] [unitree_safe_cmd_node]: Move x=0.500, z=-0.064, stop_count=0, roi_count=0, nearest_x=inf, clear_frames=1336
[INFO] [1782639803.966631159] [unitree_safe_cmd_node]: Move x=0.500, z=-0.074, stop_count=0, roi_count=0, nearest_x=inf, clear_frames=1341
[INFO] [1782639804.473642223] [unitree_safe_cmd_node]: Move x=0.500, z=-0.071, stop_count=0, roi_count=0, nearest_x=inf, clear_frames=1346
[INFO] [1782639805.017096595] [unitree_safe_cmd_node]: Move x=0.500, z=-0.064, stop_count=0, roi_count=0, nearest_x=inf, clear_frames=1351
[INFO] [1782639805.519495264] [unitree_safe_cmd_node]: Move x=0.500, z=-0.057, stop_count=0, roi_count=0, nearest_x=inf, clear_frames=1357
[INFO] [1782639806.020217826] [unitree_safe_cmd_node]: Move x=0.500, z=-0.044, stop_count=0, roi_count=0, nearest_x=inf, clear_frames=1362
[INFO] [1782639806.567022671] [unitree_safe_cmd_node]: Move x=0.500, z=-0.039, stop_count=0, roi_count=0, nearest_x=inf, clear_frames=1367
[INFO] [1782639807.066932164] [unitree_safe_cmd_node]: Move x=0.500, z=-0.078, stop_count=0, roi_count=0, nearest_x=inf, clear_frames=1372
[INFO] [1782639807.578092532] [unitree_safe_cmd_node]: Move x=0.500, z=-0.025, stop_count=0, roi_count=0, nearest_x=inf, clear_frames=1377
[INFO] [1782639808.123719972] [unitree_safe_cmd_node]: Move x=0.500, z=-0.022, stop_count=0, roi_count=0, nearest_x=inf, clear_frames=1382
[INFO] [1782639808.666615805] [unitree_safe_cmd_node]: Move x=0.500, z=-0.029, stop_count=0, roi_count=0, nearest_x=inf, clear_frames=1388
[INFO] [1782639809.166634123] [unitree_safe_cmd_node]: Move x=0.500, z=0.030, stop_count=0, roi_count=0, nearest_x=inf, clear_frames=1393
[INFO] [1782639809.666887151] [unitree_safe_cmd_node]: Move x=0.500, z=0.041, stop_count=0, roi_count=0, nearest_x=inf, clear_frames=1398
[INFO] [1782639810.216860491] [unitree_safe_cmd_node]: Move x=0.500, z=-0.003, stop_count=0, roi_count=0, nearest_x=inf, clear_frames=1403
[INFO] [1782639810.717018328] [unitree_safe_cmd_node]: Move x=0.500, z=0.007, stop_count=0, roi_count=0, nearest_x=inf, clear_frames=1408
[INFO] [1782639811.217485511] [unitree_safe_cmd_node]: Move x=0.500, z=-0.082, stop_count=0, roi_count=0, nearest_x=inf, clear_frames=1413
[INFO] [1782639811.718506862] [unitree_safe_cmd_node]: Move x=0.500, z=-0.072, stop_count=0, roi_count=0, nearest_x=inf, clear_frames=1418
[INFO] [1782639812.266690773] [unitree_safe_cmd_node]: Move x=0.500, z=0.004, stop_count=0, roi_count=0, nearest_x=inf, clear_frames=1424
[INFO] [1782639812.767210776] [unitree_safe_cmd_node]: Move x=0.500, z=0.012, stop_count=0, roi_count=0, nearest_x=inf, clear_frames=1429
[INFO] [1782639813.316540808] [unitree_safe_cmd_node]: Move x=0.500, z=-0.027, stop_count=0, roi_count=0, nearest_x=inf, clear_frames=1435
[INFO] [1782639813.817027362] [unitree_safe_cmd_node]: Move x=0.500, z=-0.018, stop_count=0, roi_count=0, nearest_x=inf, clear_frames=1439
[INFO] [1782639814.366709795] [unitree_safe_cmd_node]: Move x=0.500, z=-0.008, stop_count=0, roi_count=0, nearest_x=inf, clear_frames=1445
[INFO] [1782639814.867151560] [unitree_safe_cmd_node]: Move x=0.500, z=0.002, stop_count=0, roi_count=0, nearest_x=inf, clear_frames=1449
[INFO] [1782639815.418993645] [unitree_safe_cmd_node]: Move x=0.500, z=-0.013, stop_count=0, roi_count=0, nearest_x=inf, clear_frames=1454
[INFO] [1782639815.967212410] [unitree_safe_cmd_node]: Move x=0.500, z=0.042, stop_count=0, roi_count=0, nearest_x=inf, clear_frames=1460
[INFO] [1782639816.517024675] [unitree_safe_cmd_node]: Move x=0.500, z=0.034, stop_count=0, roi_count=0, nearest_x=inf, clear_frames=1465
[INFO] [1782639817.019377553] [unitree_safe_cmd_node]: Move x=0.500, z=0.035, stop_count=0, roi_count=0, nearest_x=inf, clear_frames=1471
[INFO] [1782639817.566615242] [unitree_safe_cmd_node]: Move x=0.500, z=-0.004, stop_count=0, roi_count=0, nearest_x=inf, clear_frames=1476
[INFO] [1782639818.067110393] [unitree_safe_cmd_node]: Move x=0.500, z=-0.021, stop_count=0, roi_count=0, nearest_x=inf, clear_frames=1481
[INFO] [1782639818.617004782] [unitree_safe_cmd_node]: Move x=0.500, z=-0.003, stop_count=0, roi_count=0, nearest_x=inf, clear_frames=1486
[INFO] [1782639819.117141202] [unitree_safe_cmd_node]: Move x=0.500, z=-0.039, stop_count=0, roi_count=0, nearest_x=inf, clear_frames=1492
[INFO] [1782639819.666623911] [unitree_safe_cmd_node]: Move x=0.500, z=-0.035, stop_count=0, roi_count=0, nearest_x=inf, clear_frames=1497
[INFO] [1782639820.166660237] [unitree_safe_cmd_node]: Move x=0.500, z=0.008, stop_count=0, roi_count=0, nearest_x=inf, clear_frames=1502
[INFO] [1782639820.718819935] [unitree_safe_cmd_node]: Move x=0.500, z=-0.057, stop_count=0, roi_count=0, nearest_x=inf, clear_frames=1508
[INFO] [1782639821.266607466] [unitree_safe_cmd_node]: Move x=0.500, z=-0.086, stop_count=0, roi_count=0, nearest_x=inf, clear_frames=1513
[INFO] [1782639821.766736441] [unitree_safe_cmd_node]: Move x=0.500, z=-0.022, stop_count=0, roi_count=0, nearest_x=inf, clear_frames=1518
[INFO] [1782639822.319978649] [unitree_safe_cmd_node]: Move x=0.500, z=-0.003, stop_count=0, roi_count=0, nearest_x=inf, clear_frames=1524
[INFO] [1782639822.866737845] [unitree_safe_cmd_node]: Move x=0.500, z=-0.008, stop_count=0, roi_count=0, nearest_x=inf, clear_frames=1529
[INFO] [1782639823.419909945] [unitree_safe_cmd_node]: Move x=0.500, z=-0.002, stop_count=0, roi_count=0, nearest_x=inf, clear_frames=1535
[INFO] [1782639823.966621011] [unitree_safe_cmd_node]: Move x=0.500, z=-0.024, stop_count=0, roi_count=0, nearest_x=inf, clear_frames=1540
[INFO] [1782639824.516554719] [unitree_safe_cmd_node]: Move x=0.500, z=0.027, stop_count=0, roi_count=0, nearest_x=inf, clear_frames=1546
[INFO] [1782639825.020897349] [unitree_safe_cmd_node]: Move x=0.500, z=0.018, stop_count=0, roi_count=0, nearest_x=inf, clear_frames=1551
[INFO] [1782639825.520254838] [unitree_safe_cmd_node]: Move x=0.500, z=-0.058, stop_count=0, roi_count=0, nearest_x=inf, clear_frames=1556
[INFO] [1782639826.073479247] [unitree_safe_cmd_node]: Move x=0.500, z=-0.042, stop_count=0, roi_count=0, nearest_x=inf, clear_frames=1561
[INFO] [1782639826.619678282] [unitree_safe_cmd_node]: Move x=0.500, z=-0.050, stop_count=0, roi_count=0, nearest_x=inf, clear_frames=1567
[INFO] [1782639827.167099891] [unitree_safe_cmd_node]: Move x=0.500, z=-0.092, stop_count=0, roi_count=0, nearest_x=inf, clear_frames=1572
[INFO] [1782639827.716565068] [unitree_safe_cmd_node]: Move x=0.500, z=-0.086, stop_count=0, roi_count=0, nearest_x=inf, clear_frames=1578
[INFO] [1782639828.216897839] [unitree_safe_cmd_node]: Move x=0.500, z=-0.086, stop_count=0, roi_count=0, nearest_x=inf, clear_frames=1582
[INFO] [1782639828.766593035] [unitree_safe_cmd_node]: Move x=0.500, z=-0.037, stop_count=0, roi_count=0, nearest_x=inf, clear_frames=1588
[INFO] [1782639829.266585739] [unitree_safe_cmd_node]: Move x=0.500, z=-0.078, stop_count=0, roi_count=0, nearest_x=inf, clear_frames=1593
[INFO] [1782639829.817014627] [unitree_safe_cmd_node]: Move x=0.500, z=-0.051, stop_count=0, roi_count=0, nearest_x=inf, clear_frames=1598
[INFO] [1782639830.366716618] [unitree_safe_cmd_node]: Move x=0.500, z=-0.045, stop_count=0, roi_count=0, nearest_x=inf, clear_frames=1604
[INFO] [1782639830.917243449] [unitree_safe_cmd_node]: Move x=0.500, z=-0.037, stop_count=0, roi_count=0, nearest_x=inf, clear_frames=1609
[INFO] [1782639831.417195124] [unitree_safe_cmd_node]: Move x=0.500, z=-0.028, stop_count=0, roi_count=0, nearest_x=inf, clear_frames=1614
[INFO] [1782639831.966584426] [unitree_safe_cmd_node]: Move x=0.500, z=-0.031, stop_count=0, roi_count=0, nearest_x=inf, clear_frames=1620
[INFO] [1782639832.466688786] [unitree_safe_cmd_node]: Move x=0.500, z=-0.009, stop_count=0, roi_count=0, nearest_x=inf, clear_frames=1625
[INFO] [1782639832.966938899] [unitree_safe_cmd_node]: Move x=0.500, z=0.042, stop_count=0, roi_count=0, nearest_x=inf, clear_frames=1630
[INFO] [1782639833.466706689] [unitree_safe_cmd_node]: Move x=0.500, z=0.026, stop_count=0, roi_count=0, nearest_x=inf, clear_frames=1634
[INFO] [1782639834.017982681] [unitree_safe_cmd_node]: Move x=0.500, z=0.001, stop_count=0, roi_count=0, nearest_x=inf, clear_frames=1640
[INFO] [1782639834.566828733] [unitree_safe_cmd_node]: Move x=0.500, z=-0.030, stop_count=0, roi_count=0, nearest_x=inf, clear_frames=1645
[INFO] [1782639835.066935324] [unitree_safe_cmd_node]: Move x=0.500, z=0.007, stop_count=0, roi_count=0, nearest_x=inf, clear_frames=1650
[INFO] [1782639835.616545924] [unitree_safe_cmd_node]: Move x=0.500, z=0.058, stop_count=0, roi_count=0, nearest_x=inf, clear_frames=1656
[INFO] [1782639836.116912497] [unitree_safe_cmd_node]: Move x=0.500, z=0.042, stop_count=0, roi_count=0, nearest_x=inf, clear_frames=1660
[INFO] [1782639836.666604191] [unitree_safe_cmd_node]: Move x=0.500, z=-0.061, stop_count=0, roi_count=0, nearest_x=inf, clear_frames=1666
[INFO] [1782639837.216877485] [unitree_safe_cmd_node]: Move x=0.500, z=-0.051, stop_count=0, roi_count=0, nearest_x=inf, clear_frames=1671
[INFO] [1782639837.719893723] [unitree_safe_cmd_node]: Move x=0.500, z=-0.063, stop_count=0, roi_count=0, nearest_x=inf, clear_frames=1677
[INFO] [1782639838.266668795] [unitree_safe_cmd_node]: Move x=0.500, z=-0.030, stop_count=0, roi_count=0, nearest_x=inf, clear_frames=1682
[INFO] [1782639838.766601874] [unitree_safe_cmd_node]: Move x=0.500, z=-0.001, stop_count=0, roi_count=0, nearest_x=inf, clear_frames=1687
[INFO] [1782639839.319523433] [unitree_safe_cmd_node]: Move x=0.500, z=-0.004, stop_count=0, roi_count=0, nearest_x=inf, clear_frames=1693
[INFO] [1782639839.866572708] [unitree_safe_cmd_node]: Move x=0.500, z=-0.010, stop_count=0, roi_count=0, nearest_x=inf, clear_frames=1698
[INFO] [1782639840.366674864] [unitree_safe_cmd_node]: Move x=0.500, z=-0.029, stop_count=0, roi_count=0, nearest_x=inf, clear_frames=1703
[INFO] [1782639840.866559500] [unitree_safe_cmd_node]: Move x=0.500, z=-0.026, stop_count=0, roi_count=0, nearest_x=inf, clear_frames=1708
[INFO] [1782639841.366955630] [unitree_safe_cmd_node]: Move x=0.500, z=-0.066, stop_count=0, roi_count=0, nearest_x=inf, clear_frames=1713
[INFO] [1782639841.916545541] [unitree_safe_cmd_node]: Move x=0.500, z=-0.036, stop_count=0, roi_count=0, nearest_x=inf, clear_frames=1719
[INFO] [1782639842.420066195] [unitree_safe_cmd_node]: Move x=0.500, z=0.060, stop_count=0, roi_count=0, nearest_x=inf, clear_frames=1724
[INFO] [1782639842.966617588] [unitree_safe_cmd_node]: Move x=0.500, z=0.013, stop_count=0, roi_count=0, nearest_x=inf, clear_frames=1729
[INFO] [1782639843.516545773] [unitree_safe_cmd_node]: Move x=0.500, z=-0.007, stop_count=0, roi_count=0, nearest_x=inf, clear_frames=1735
[INFO] [1782639844.016993871] [unitree_safe_cmd_node]: Move x=0.500, z=-0.093, stop_count=0, roi_count=0, nearest_x=inf, clear_frames=1740
[INFO] [1782639844.566661617] [unitree_safe_cmd_node]: Move x=0.500, z=-0.067, stop_count=0, roi_count=0, nearest_x=inf, clear_frames=1745
[INFO] [1782639845.066652195] [unitree_safe_cmd_node]: Move x=0.500, z=-0.091, stop_count=0, roi_count=0, nearest_x=inf, clear_frames=1750
[INFO] [1782639845.618289261] [unitree_safe_cmd_node]: Move x=0.500, z=-0.064, stop_count=0, roi_count=0, nearest_x=inf, clear_frames=1755
[INFO] [1782639846.120511615] [unitree_safe_cmd_node]: Move x=0.500, z=-0.072, stop_count=0, roi_count=0, nearest_x=inf, clear_frames=1761
[INFO] [1782639846.667041115] [unitree_safe_cmd_node]: Move x=0.500, z=-0.061, stop_count=0, roi_count=0, nearest_x=inf, clear_frames=1766
[INFO] [1782639847.216885474] [unitree_safe_cmd_node]: Move x=0.500, z=-0.051, stop_count=0, roi_count=0, nearest_x=inf, clear_frames=1771
[INFO] [1782639847.766563641] [unitree_safe_cmd_node]: Move x=0.500, z=0.015, stop_count=0, roi_count=0, nearest_x=inf, clear_frames=1777
[INFO] [1782639848.320293057] [unitree_safe_cmd_node]: Move x=0.500, z=-0.007, stop_count=0, roi_count=0, nearest_x=inf, clear_frames=1783
[INFO] [1782639848.866578065] [unitree_safe_cmd_node]: Move x=0.500, z=0.046, stop_count=0, roi_count=0, nearest_x=inf, clear_frames=1788
[INFO] [1782639849.416581546] [unitree_safe_cmd_node]: Move x=0.500, z=0.012, stop_count=0, roi_count=0, nearest_x=inf, clear_frames=1794
[INFO] [1782639849.966833261] [unitree_safe_cmd_node]: Move x=0.500, z=0.006, stop_count=0, roi_count=0, nearest_x=inf, clear_frames=1799
[INFO] [1782639850.466833878] [unitree_safe_cmd_node]: Move x=0.500, z=-0.018, stop_count=0, roi_count=0, nearest_x=inf, clear_frames=1804
[INFO] [1782639851.016996368] [unitree_safe_cmd_node]: Move x=0.500, z=-0.005, stop_count=0, roi_count=0, nearest_x=inf, clear_frames=1810
[INFO] [1782639851.566749419] [unitree_safe_cmd_node]: Move x=0.500, z=-0.074, stop_count=0, roi_count=0, nearest_x=inf, clear_frames=1815
[INFO] [1782639852.066971623] [unitree_safe_cmd_node]: Move x=0.500, z=-0.075, stop_count=0, roi_count=0, nearest_x=inf, clear_frames=1820
[INFO] [1782639852.616567001] [unitree_safe_cmd_node]: Move x=0.500, z=-0.016, stop_count=0, roi_count=0, nearest_x=inf, clear_frames=1826
[INFO] [1782639853.116629770] [unitree_safe_cmd_node]: Move x=0.500, z=-0.089, stop_count=0, roi_count=0, nearest_x=inf, clear_frames=1831
[INFO] [1782639853.620276055] [unitree_safe_cmd_node]: Move x=0.500, z=-0.082, stop_count=0, roi_count=0, nearest_x=inf, clear_frames=1836
[INFO] [1782639854.166543904] [unitree_safe_cmd_node]: Move x=0.500, z=-0.093, stop_count=0, roi_count=0, nearest_x=inf, clear_frames=1841
[INFO] [1782639854.666544760] [unitree_safe_cmd_node]: Move x=0.500, z=-0.084, stop_count=0, roi_count=0, nearest_x=inf, clear_frames=1846
[INFO] [1782639855.166549795] [unitree_safe_cmd_node]: Move x=0.500, z=-0.049, stop_count=0, roi_count=0, nearest_x=inf, clear_frames=1851
[INFO] [1782639855.666566483] [unitree_safe_cmd_node]: Move x=0.500, z=-0.031, stop_count=0, roi_count=0, nearest_x=inf, clear_frames=1856
[INFO] [1782639856.166752512] [unitree_safe_cmd_node]: Move x=0.500, z=-0.063, stop_count=0, roi_count=0, nearest_x=inf, clear_frames=1861
[INFO] [1782639856.716521576] [unitree_safe_cmd_node]: Move x=0.500, z=-0.030, stop_count=0, roi_count=0, nearest_x=inf, clear_frames=1867
[INFO] [1782639857.216600388] [unitree_safe_cmd_node]: Move x=0.500, z=-0.023, stop_count=0, roi_count=0, nearest_x=inf, clear_frames=1872
[INFO] [1782639857.766635132] [unitree_safe_cmd_node]: Move x=0.500, z=-0.014, stop_count=0, roi_count=0, nearest_x=inf, clear_frames=1877
[INFO] [1782639858.318457359] [unitree_safe_cmd_node]: Move x=0.500, z=-0.015, stop_count=0, roi_count=0, nearest_x=inf, clear_frames=1882
[INFO] [1782639858.866755132] [unitree_safe_cmd_node]: Move x=0.500, z=-0.007, stop_count=0, roi_count=0, nearest_x=inf, clear_frames=1887
[INFO] [1782639859.366818593] [unitree_safe_cmd_node]: Move x=0.500, z=-0.006, stop_count=0, roi_count=0, nearest_x=inf, clear_frames=1892
[INFO] [1782639859.866696878] [unitree_safe_cmd_node]: Move x=0.500, z=-0.037, stop_count=0, roi_count=0, nearest_x=inf, clear_frames=1897
[INFO] [1782639860.419147454] [unitree_safe_cmd_node]: Move x=0.500, z=-0.008, stop_count=0, roi_count=0, nearest_x=inf, clear_frames=1903
[INFO] [1782639860.966695151] [unitree_safe_cmd_node]: Move x=0.500, z=-0.036, stop_count=0, roi_count=0, nearest_x=inf, clear_frames=1908
[INFO] [1782639861.516562867] [unitree_safe_cmd_node]: Move x=0.500, z=-0.024, stop_count=0, roi_count=0, nearest_x=inf, clear_frames=1914
[INFO] [1782639862.016827707] [unitree_safe_cmd_node]: Move x=0.500, z=-0.050, stop_count=0, roi_count=0, nearest_x=inf, clear_frames=1919
[INFO] [1782639862.518326290] [unitree_safe_cmd_node]: Move x=0.500, z=-0.042, stop_count=0, roi_count=0, nearest_x=inf, clear_frames=1924
[INFO] [1782639863.069564776] [unitree_safe_cmd_node]: Move x=0.500, z=0.056, stop_count=0, roi_count=0, nearest_x=inf, clear_frames=1929
[INFO] [1782639863.616606376] [unitree_safe_cmd_node]: Move x=0.500, z=-0.009, stop_count=0, roi_count=0, nearest_x=inf, clear_frames=1935
[INFO] [1782639864.117825573] [unitree_safe_cmd_node]: Move x=0.500, z=0.006, stop_count=0, roi_count=0, nearest_x=inf, clear_frames=1940
[INFO] [1782639864.666506981] [unitree_safe_cmd_node]: Move x=0.500, z=-0.079, stop_count=0, roi_count=0, nearest_x=inf, clear_frames=1945
[INFO] [1782639865.175503937] [unitree_safe_cmd_node]: Move x=0.500, z=-0.056, stop_count=0, roi_count=0, nearest_x=inf, clear_frames=1950
[INFO] [1782639865.717720887] [unitree_safe_cmd_node]: Move x=0.500, z=-0.004, stop_count=0, roi_count=0, nearest_x=inf, clear_frames=1956
[INFO] [1782639866.216889499] [unitree_safe_cmd_node]: Move x=0.500, z=0.011, stop_count=0, roi_count=0, nearest_x=inf, clear_frames=1960
[INFO] [1782639866.766604632] [unitree_safe_cmd_node]: Move x=0.500, z=0.040, stop_count=0, roi_count=0, nearest_x=inf, clear_frames=1966
[INFO] [1782639867.266909203] [unitree_safe_cmd_node]: Move x=0.500, z=0.007, stop_count=0, roi_count=0, nearest_x=inf, clear_frames=1971
[INFO] [1782639867.816575447] [unitree_safe_cmd_node]: Move x=0.500, z=-0.046, stop_count=0, roi_count=0, nearest_x=inf, clear_frames=1977
[INFO] [1782639868.317353938] [unitree_safe_cmd_node]: Move x=0.500, z=-0.068, stop_count=0, roi_count=0, nearest_x=inf, clear_frames=1982
[INFO] [1782639868.866612749] [unitree_safe_cmd_node]: Move x=0.500, z=-0.058, stop_count=0, roi_count=0, nearest_x=inf, clear_frames=1987
[INFO] [1782639869.367317721] [unitree_safe_cmd_node]: Move x=0.500, z=-0.097, stop_count=0, roi_count=0, nearest_x=inf, clear_frames=1992
[INFO] [1782639869.916727347] [unitree_safe_cmd_node]: Move x=0.500, z=-0.080, stop_count=0, roi_count=0, nearest_x=inf, clear_frames=1998
[INFO] [1782639870.466798795] [unitree_safe_cmd_node]: Move x=0.500, z=-0.033, stop_count=0, roi_count=0, nearest_x=inf, clear_frames=2003
[INFO] [1782639871.017026390] [unitree_safe_cmd_node]: Move x=0.500, z=-0.108, stop_count=0, roi_count=0, nearest_x=inf, clear_frames=2008
[INFO] [1782639871.566520664] [unitree_safe_cmd_node]: Move x=0.500, z=-0.063, stop_count=0, roi_count=0, nearest_x=inf, clear_frames=2014
[INFO] [1782639872.066657299] [unitree_safe_cmd_node]: Move x=0.500, z=-0.057, stop_count=0, roi_count=0, nearest_x=inf, clear_frames=2019
[INFO] [1782639872.616579174] [unitree_safe_cmd_node]: Move x=0.500, z=-0.059, stop_count=0, roi_count=0, nearest_x=inf, clear_frames=2025
[INFO] [1782639873.166762041] [unitree_safe_cmd_node]: Move x=0.500, z=0.007, stop_count=0, roi_count=0, nearest_x=inf, clear_frames=2030
[INFO] [1782639873.716554419] [unitree_safe_cmd_node]: Move x=0.500, z=-0.004, stop_count=0, roi_count=0, nearest_x=inf, clear_frames=2036
[INFO] [1782639874.216621086] [unitree_safe_cmd_node]: Move x=0.500, z=-0.016, stop_count=0, roi_count=0, nearest_x=inf, clear_frames=2041
[INFO] [1782639874.766569104] [unitree_safe_cmd_node]: Move x=0.500, z=-0.037, stop_count=0, roi_count=0, nearest_x=inf, clear_frames=2046
[INFO] [1782639875.266625350] [unitree_safe_cmd_node]: Move x=0.500, z=-0.006, stop_count=0, roi_count=0, nearest_x=inf, clear_frames=2051
[INFO] [1782639875.816781493] [unitree_safe_cmd_node]: Move x=0.500, z=0.001, stop_count=0, roi_count=0, nearest_x=inf, clear_frames=2057
[INFO] [1782639876.366533201] [unitree_safe_cmd_node]: Move x=0.500, z=-0.003, stop_count=0, roi_count=0, nearest_x=inf, clear_frames=2062
[INFO] [1782639876.916699391] [unitree_safe_cmd_node]: Move x=0.500, z=-0.004, stop_count=0, roi_count=0, nearest_x=inf, clear_frames=2068
[INFO] [1782639877.416702968] [unitree_safe_cmd_node]: Move x=0.500, z=-0.044, stop_count=0, roi_count=0, nearest_x=inf, clear_frames=2073
[INFO] [1782639877.916559771] [unitree_safe_cmd_node]: Move x=0.500, z=-0.016, stop_count=0, roi_count=0, nearest_x=inf, clear_frames=2078
[INFO] [1782639878.466550535] [unitree_safe_cmd_node]: Move x=0.500, z=-0.042, stop_count=0, roi_count=0, nearest_x=inf, clear_frames=2083
[INFO] [1782639879.017867164] [unitree_safe_cmd_node]: Move x=0.500, z=-0.052, stop_count=0, roi_count=0, nearest_x=inf, clear_frames=2089
[INFO] [1782639879.566538271] [unitree_safe_cmd_node]: Move x=0.500, z=-0.021, stop_count=0, roi_count=0, nearest_x=inf, clear_frames=2094
[INFO] [1782639880.067127706] [unitree_safe_cmd_node]: Move x=0.500, z=-0.020, stop_count=0, roi_count=0, nearest_x=inf, clear_frames=2099
[INFO] [1782639880.621551490] [unitree_safe_cmd_node]: Move x=0.500, z=-0.011, stop_count=0, roi_count=0, nearest_x=inf, clear_frames=2105
[INFO] [1782639881.167084075] [unitree_safe_cmd_node]: Move x=0.500, z=-0.058, stop_count=0, roi_count=0, nearest_x=inf, clear_frames=2110
[INFO] [1782639881.668919641] [unitree_safe_cmd_node]: Move x=0.500, z=-0.010, stop_count=0, roi_count=0, nearest_x=inf, clear_frames=2115
[INFO] [1782639882.216794001] [unitree_safe_cmd_node]: Move x=0.500, z=-0.026, stop_count=0, roi_count=0, nearest_x=inf, clear_frames=2121
[INFO] [1782639882.727936146] [unitree_safe_cmd_node]: Move x=0.500, z=-0.014, stop_count=0, roi_count=0, nearest_x=inf, clear_frames=2126
[INFO] [1782639883.266576950] [unitree_safe_cmd_node]: Move x=0.500, z=0.026, stop_count=0, roi_count=0, nearest_x=inf, clear_frames=2131
[INFO] [1782639883.767728671] [unitree_safe_cmd_node]: Move x=0.500, z=0.033, stop_count=0, roi_count=0, nearest_x=inf, clear_frames=2136
[INFO] [1782639884.316566839] [unitree_safe_cmd_node]: Move x=0.500, z=-0.006, stop_count=0, roi_count=0, nearest_x=inf, clear_frames=2142
[INFO] [1782639884.866576519] [unitree_safe_cmd_node]: Move x=0.500, z=-0.121, stop_count=0, roi_count=0, nearest_x=inf, clear_frames=2147
[INFO] [1782639885.416634335] [unitree_safe_cmd_node]: Move x=0.500, z=-0.119, stop_count=0, roi_count=0, nearest_x=inf, clear_frames=2153
[INFO] [1782639885.966583118] [unitree_safe_cmd_node]: Move x=0.500, z=-0.120, stop_count=0, roi_count=0, nearest_x=inf, clear_frames=2158
[INFO] [1782639886.516531935] [unitree_safe_cmd_node]: Move x=0.500, z=-0.009, stop_count=0, roi_count=0, nearest_x=inf, clear_frames=2164
[INFO] [1782639887.017678093] [unitree_safe_cmd_node]: Move x=0.500, z=-0.025, stop_count=0, roi_count=0, nearest_x=inf, clear_frames=2169
[INFO] [1782639887.566543229] [unitree_safe_cmd_node]: Move x=0.500, z=-0.024, stop_count=0, roi_count=0, nearest_x=inf, clear_frames=2174
[INFO] [1782639888.116544724] [unitree_safe_cmd_node]: Move x=0.500, z=0.009, stop_count=0, roi_count=0, nearest_x=inf, clear_frames=2180
[INFO] [1782639888.616737920] [unitree_safe_cmd_node]: Move x=0.500, z=0.010, stop_count=0, roi_count=0, nearest_x=inf, clear_frames=2185
[INFO] [1782639889.116750600] [unitree_safe_cmd_node]: Move x=0.500, z=-0.003, stop_count=0, roi_count=0, nearest_x=inf, clear_frames=2190
[INFO] [1782639889.616693267] [unitree_safe_cmd_node]: Move x=0.500, z=-0.010, stop_count=0, roi_count=0, nearest_x=inf, clear_frames=2195
[INFO] [1782639890.116827486] [unitree_safe_cmd_node]: Move x=0.500, z=-0.063, stop_count=0, roi_count=0, nearest_x=inf, clear_frames=2200
[INFO] [1782639890.616725792] [unitree_safe_cmd_node]: Move x=0.500, z=-0.035, stop_count=0, roi_count=0, nearest_x=inf, clear_frames=2205
[INFO] [1782639891.166539767] [unitree_safe_cmd_node]: Move x=0.500, z=-0.015, stop_count=0, roi_count=0, nearest_x=inf, clear_frames=2210
[INFO] [1782639891.716551275] [unitree_safe_cmd_node]: Move x=0.500, z=0.020, stop_count=0, roi_count=0, nearest_x=inf, clear_frames=2216
[INFO] [1782639892.216605824] [unitree_safe_cmd_node]: Move x=0.500, z=0.008, stop_count=0, roi_count=0, nearest_x=inf, clear_frames=2221
[INFO] [1782639892.767032645] [unitree_safe_cmd_node]: Move x=0.500, z=-0.061, stop_count=0, roi_count=0, nearest_x=inf, clear_frames=2226
[INFO] [1782639893.316730935] [unitree_safe_cmd_node]: Move x=0.500, z=-0.013, stop_count=0, roi_count=0, nearest_x=inf, clear_frames=2232
[INFO] [1782639893.866855892] [unitree_safe_cmd_node]: Move x=0.500, z=-0.033, stop_count=0, roi_count=0, nearest_x=inf, clear_frames=2237
[INFO] [1782639894.416869321] [unitree_safe_cmd_node]: Move x=0.500, z=-0.059, stop_count=0, roi_count=0, nearest_x=inf, clear_frames=2243
[INFO] [1782639894.966587858] [unitree_safe_cmd_node]: Move x=0.500, z=-0.057, stop_count=0, roi_count=0, nearest_x=inf, clear_frames=2248
[INFO] [1782639895.516583376] [unitree_safe_cmd_node]: Move x=0.500, z=-0.055, stop_count=0, roi_count=0, nearest_x=inf, clear_frames=2254
[INFO] [1782639896.017973993] [unitree_safe_cmd_node]: Move x=0.500, z=-0.012, stop_count=0, roi_count=0, nearest_x=inf, clear_frames=2259
[INFO] [1782639896.566596662] [unitree_safe_cmd_node]: Move x=0.500, z=-0.023, stop_count=0, roi_count=0, nearest_x=inf, clear_frames=2264
[INFO] [1782639897.066979016] [unitree_safe_cmd_node]: Move x=0.500, z=-0.074, stop_count=0, roi_count=0, nearest_x=inf, clear_frames=2269
[INFO] [1782639897.616614203] [unitree_safe_cmd_node]: Move x=0.500, z=-0.066, stop_count=0, roi_count=0, nearest_x=inf, clear_frames=2275
[INFO] [1782639898.167888635] [unitree_safe_cmd_node]: Move x=0.500, z=-0.048, stop_count=0, roi_count=0, nearest_x=inf, clear_frames=2280
[INFO] [1782639898.716655105] [unitree_safe_cmd_node]: Move x=0.500, z=-0.038, stop_count=0, roi_count=0, nearest_x=inf, clear_frames=2286
[INFO] [1782639899.216718482] [unitree_safe_cmd_node]: Move x=0.500, z=-0.044, stop_count=0, roi_count=0, nearest_x=inf, clear_frames=2291
[INFO] [1782639899.766531949] [unitree_safe_cmd_node]: Move x=0.500, z=-0.030, stop_count=0, roi_count=0, nearest_x=inf, clear_frames=2296
[INFO] [1782639900.267045022] [unitree_safe_cmd_node]: Move x=0.500, z=-0.050, stop_count=0, roi_count=0, nearest_x=inf, clear_frames=2301
[INFO] [1782639900.816547156] [unitree_safe_cmd_node]: Move x=0.500, z=0.009, stop_count=0, roi_count=0, nearest_x=inf, clear_frames=2307
[INFO] [1782639901.316723758] [unitree_safe_cmd_node]: Move x=0.500, z=-0.016, stop_count=0, roi_count=0, nearest_x=inf, clear_frames=2312
[INFO] [1782639901.866551138] [unitree_safe_cmd_node]: Move x=0.500, z=-0.027, stop_count=0, roi_count=0, nearest_x=inf, clear_frames=2317
[INFO] [1782639902.367301436] [unitree_safe_cmd_node]: Move x=0.500, z=0.009, stop_count=0, roi_count=0, nearest_x=inf, clear_frames=2322
[INFO] [1782639902.916622925] [unitree_safe_cmd_node]: Move x=0.500, z=-0.024, stop_count=0, roi_count=0, nearest_x=inf, clear_frames=2328
[INFO] [1782639903.416600906] [unitree_safe_cmd_node]: Move x=0.500, z=-0.011, stop_count=0, roi_count=0, nearest_x=inf, clear_frames=2333
[INFO] [1782639903.966690587] [unitree_safe_cmd_node]: Move x=0.500, z=0.026, stop_count=0, roi_count=0, nearest_x=inf, clear_frames=2338
[INFO] [1782639904.466544854] [unitree_safe_cmd_node]: Move x=0.500, z=0.012, stop_count=0, roi_count=0, nearest_x=inf, clear_frames=2343
[INFO] [1782639905.017217316] [unitree_safe_cmd_node]: Move x=0.500, z=0.009, stop_count=0, roi_count=0, nearest_x=inf, clear_frames=2349
[INFO] [1782639905.566558091] [unitree_safe_cmd_node]: Move x=0.500, z=-0.022, stop_count=0, roi_count=0, nearest_x=inf, clear_frames=2354
[INFO] [1782639906.066865156] [unitree_safe_cmd_node]: Move x=0.500, z=-0.000, stop_count=0, roi_count=0, nearest_x=inf, clear_frames=2359
[INFO] [1782639906.567242810] [unitree_safe_cmd_node]: Move x=0.500, z=-0.029, stop_count=0, roi_count=0, nearest_x=inf, clear_frames=2364
[INFO] [1782639907.067185001] [unitree_safe_cmd_node]: Move x=0.500, z=-0.000, stop_count=0, roi_count=0, nearest_x=inf, clear_frames=2369
[INFO] [1782639907.616623680] [unitree_safe_cmd_node]: Move x=0.500, z=-0.046, stop_count=0, roi_count=0, nearest_x=inf, clear_frames=2375
[INFO] [1782639908.116594433] [unitree_safe_cmd_node]: Move x=0.500, z=0.008, stop_count=0, roi_count=0, nearest_x=inf, clear_frames=2380
[INFO] [1782639908.616840984] [unitree_safe_cmd_node]: Move x=0.500, z=-0.004, stop_count=0, roi_count=0, nearest_x=inf, clear_frames=2385
[INFO] [1782639909.116635165] [unitree_safe_cmd_node]: Move x=0.500, z=0.022, stop_count=0, roi_count=0, nearest_x=inf, clear_frames=2390
[INFO] [1782639909.616621842] [unitree_safe_cmd_node]: Move x=0.500, z=0.011, stop_count=0, roi_count=0, nearest_x=inf, clear_frames=2395
[INFO] [1782639910.167167681] [unitree_safe_cmd_node]: Move x=0.500, z=0.022, stop_count=0, roi_count=0, nearest_x=inf, clear_frames=2400
[INFO] [1782639910.716631725] [unitree_safe_cmd_node]: Move x=0.500, z=0.010, stop_count=0, roi_count=0, nearest_x=inf, clear_frames=2406
[INFO] [1782639911.216577042] [unitree_safe_cmd_node]: Move x=0.500, z=0.007, stop_count=0, roi_count=0, nearest_x=inf, clear_frames=2411
[INFO] [1782639911.716600620] [unitree_safe_cmd_node]: Move x=0.500, z=0.011, stop_count=0, roi_count=0, nearest_x=inf, clear_frames=2416
[INFO] [1782639912.217532236] [unitree_safe_cmd_node]: Move x=0.500, z=-0.055, stop_count=0, roi_count=0, nearest_x=inf, clear_frames=2421
[INFO] [1782639912.766559429] [unitree_safe_cmd_node]: Move x=0.500, z=-0.007, stop_count=0, roi_count=0, nearest_x=inf, clear_frames=2426
[INFO] [1782639913.316611508] [unitree_safe_cmd_node]: Move x=0.500, z=0.002, stop_count=0, roi_count=0, nearest_x=inf, clear_frames=2432
[INFO] [1782639913.866527208] [unitree_safe_cmd_node]: Move x=0.500, z=-0.027, stop_count=0, roi_count=0, nearest_x=inf, clear_frames=2436
[INFO] [1782639914.366614279] [unitree_safe_cmd_node]: Move x=0.500, z=-0.019, stop_count=0, roi_count=0, nearest_x=inf, clear_frames=2441
[INFO] [1782639914.866634946] [unitree_safe_cmd_node]: Move x=0.500, z=-0.014, stop_count=0, roi_count=0, nearest_x=inf, clear_frames=2446
[INFO] [1782639915.416708449] [unitree_safe_cmd_node]: Move x=0.500, z=-0.014, stop_count=0, roi_count=0, nearest_x=inf, clear_frames=2452
[INFO] [1782639915.966599169] [unitree_safe_cmd_node]: Move x=0.500, z=-0.030, stop_count=0, roi_count=0, nearest_x=inf, clear_frames=2457
[INFO] [1782639916.516628286] [unitree_safe_cmd_node]: Move x=0.500, z=-0.017, stop_count=0, roi_count=0, nearest_x=inf, clear_frames=2463
[INFO] [1782639917.017070646] [unitree_safe_cmd_node]: Move x=0.500, z=-0.005, stop_count=0, roi_count=0, nearest_x=inf, clear_frames=2467
[INFO] [1782639917.566674589] [unitree_safe_cmd_node]: Move x=0.500, z=-0.023, stop_count=0, roi_count=0, nearest_x=inf, clear_frames=2473
[INFO] [1782639918.066974035] [unitree_safe_cmd_node]: Move x=0.500, z=-0.005, stop_count=0, roi_count=0, nearest_x=inf, clear_frames=2478
[INFO] [1782639918.618770643] [unitree_safe_cmd_node]: Move x=0.500, z=-0.012, stop_count=0, roi_count=0, nearest_x=inf, clear_frames=2484
[INFO] [1782639919.166683231] [unitree_safe_cmd_node]: Move x=0.500, z=-0.041, stop_count=0, roi_count=0, nearest_x=inf, clear_frames=2489
[INFO] [1782639919.667018138] [unitree_safe_cmd_node]: Move x=0.500, z=-0.009, stop_count=0, roi_count=0, nearest_x=inf, clear_frames=2493
[INFO] [1782639920.217121331] [unitree_safe_cmd_node]: Move x=0.500, z=-0.017, stop_count=0, roi_count=0, nearest_x=inf, clear_frames=2499
[INFO] [1782639920.766661004] [unitree_safe_cmd_node]: Move x=0.500, z=-0.002, stop_count=0, roi_count=0, nearest_x=inf, clear_frames=2504
[INFO] [1782639921.266930914] [unitree_safe_cmd_node]: Move x=0.500, z=0.008, stop_count=0, roi_count=0, nearest_x=inf, clear_frames=2509
[INFO] [1782639921.816670346] [unitree_safe_cmd_node]: Move x=0.500, z=-0.001, stop_count=0, roi_count=0, nearest_x=inf, clear_frames=2515
[INFO] [1782639922.316981718] [unitree_safe_cmd_node]: Move x=0.500, z=-0.003, stop_count=0, roi_count=0, nearest_x=inf, clear_frames=2520
[INFO] [1782639922.866600228] [unitree_safe_cmd_node]: Move x=0.500, z=-0.027, stop_count=0, roi_count=0, nearest_x=inf, clear_frames=2525
[INFO] [1782639923.366714690] [unitree_safe_cmd_node]: Move x=0.500, z=-0.024, stop_count=0, roi_count=0, nearest_x=inf, clear_frames=2530
[INFO] [1782639923.916564882] [unitree_safe_cmd_node]: Move x=0.500, z=-0.024, stop_count=0, roi_count=0, nearest_x=inf, clear_frames=2536
[INFO] [1782639924.466585003] [unitree_safe_cmd_node]: Move x=0.500, z=-0.002, stop_count=0, roi_count=0, nearest_x=inf, clear_frames=2541
[INFO] [1782639925.017058759] [unitree_safe_cmd_node]: Move x=0.500, z=-0.013, stop_count=0, roi_count=0, nearest_x=inf, clear_frames=2546
[INFO] [1782639925.566628032] [unitree_safe_cmd_node]: Move x=0.500, z=0.014, stop_count=0, roi_count=0, nearest_x=inf, clear_frames=2552
[INFO] [1782639926.066973695] [unitree_safe_cmd_node]: Move x=0.500, z=0.015, stop_count=0, roi_count=0, nearest_x=inf, clear_frames=2557
[INFO] [1782639926.616583106] [unitree_safe_cmd_node]: Move x=0.500, z=-0.013, stop_count=0, roi_count=0, nearest_x=inf, clear_frames=2563
[INFO] [1782639927.166653315] [unitree_safe_cmd_node]: Move x=0.500, z=-0.027, stop_count=0, roi_count=0, nearest_x=inf, clear_frames=2568
[INFO] [1782639927.716594837] [unitree_safe_cmd_node]: Move x=0.500, z=-0.009, stop_count=0, roi_count=0, nearest_x=inf, clear_frames=2574
[INFO] [1782639928.216566197] [unitree_safe_cmd_node]: Move x=0.500, z=-0.035, stop_count=0, roi_count=0, nearest_x=inf, clear_frames=2579
[INFO] [1782639928.716728657] [unitree_safe_cmd_node]: Move x=0.500, z=-0.021, stop_count=0, roi_count=0, nearest_x=inf, clear_frames=2584
[INFO] [1782639929.266659057] [unitree_safe_cmd_node]: Move x=0.500, z=-0.024, stop_count=0, roi_count=0, nearest_x=inf, clear_frames=2589
[INFO] [1782639929.766863392] [unitree_safe_cmd_node]: Move x=0.500, z=-0.029, stop_count=0, roi_count=0, nearest_x=inf, clear_frames=2594
[INFO] [1782639930.267029668] [unitree_safe_cmd_node]: Move x=0.500, z=-0.009, stop_count=0, roi_count=0, nearest_x=inf, clear_frames=2599
[INFO] [1782639930.816618746] [unitree_safe_cmd_node]: Move x=0.500, z=-0.004, stop_count=0, roi_count=0, nearest_x=inf, clear_frames=2605
[INFO] [1782639931.366561545] [unitree_safe_cmd_node]: Move x=0.500, z=0.023, stop_count=0, roi_count=0, nearest_x=inf, clear_frames=2610
[INFO] [1782639931.916668427] [unitree_safe_cmd_node]: Move x=0.500, z=-0.036, stop_count=0, roi_count=0, nearest_x=inf, clear_frames=2616
[INFO] [1782639932.466577968] [unitree_safe_cmd_node]: Move x=0.500, z=-0.033, stop_count=0, roi_count=0, nearest_x=inf, clear_frames=2621
[INFO] [1782639932.977003624] [unitree_safe_cmd_node]: Move x=0.500, z=-0.015, stop_count=0, roi_count=0, nearest_x=inf, clear_frames=2626
[INFO] [1782639933.516529461] [unitree_safe_cmd_node]: Move x=0.500, z=0.016, stop_count=0, roi_count=0, nearest_x=inf, clear_frames=2632
[INFO] [1782639934.018491497] [unitree_safe_cmd_node]: Move x=0.500, z=0.028, stop_count=0, roi_count=0, nearest_x=inf, clear_frames=2636
[INFO] [1782639934.566777412] [unitree_safe_cmd_node]: Move x=0.500, z=0.010, stop_count=0, roi_count=0, nearest_x=inf, clear_frames=2642
[INFO] [1782639935.067180953] [unitree_safe_cmd_node]: Move x=0.500, z=0.023, stop_count=0, roi_count=0, nearest_x=inf, clear_frames=2647
[INFO] [1782639935.616562855] [unitree_safe_cmd_node]: Move x=0.500, z=-0.049, stop_count=0, roi_count=0, nearest_x=inf, clear_frames=2653
[INFO] [1782639936.116693399] [unitree_safe_cmd_node]: Move x=0.500, z=-0.030, stop_count=0, roi_count=0, nearest_x=inf, clear_frames=2658
[INFO] [1782639936.666708087] [unitree_safe_cmd_node]: Move x=0.500, z=-0.010, stop_count=0, roi_count=0, nearest_x=inf, clear_frames=2663
[INFO] [1782639937.166806253] [unitree_safe_cmd_node]: Move x=0.500, z=-0.007, stop_count=0, roi_count=0, nearest_x=inf, clear_frames=2668
[INFO] [1782639937.716541929] [unitree_safe_cmd_node]: Move x=0.500, z=-0.025, stop_count=0, roi_count=0, nearest_x=inf, clear_frames=2674
[INFO] [1782639938.216859611] [unitree_safe_cmd_node]: Move x=0.500, z=0.002, stop_count=0, roi_count=0, nearest_x=inf, clear_frames=2678
[INFO] [1782639938.766593074] [unitree_safe_cmd_node]: Move x=0.500, z=-0.001, stop_count=0, roi_count=0, nearest_x=inf, clear_frames=2684
[INFO] [1782639939.316590582] [unitree_safe_cmd_node]: Move x=0.500, z=-0.019, stop_count=0, roi_count=0, nearest_x=inf, clear_frames=2690
[INFO] [1782639939.866654516] [unitree_safe_cmd_node]: Move x=0.500, z=-0.064, stop_count=0, roi_count=0, nearest_x=inf, clear_frames=2695
[INFO] [1782639940.367250104] [unitree_safe_cmd_node]: Move x=0.500, z=-0.022, stop_count=0, roi_count=0, nearest_x=inf, clear_frames=2700
[INFO] [1782639940.916759206] [unitree_safe_cmd_node]: Move x=0.500, z=-0.104, stop_count=0, roi_count=0, nearest_x=inf, clear_frames=2706
[INFO] [1782639941.466582426] [unitree_safe_cmd_node]: Move x=0.500, z=-0.144, stop_count=0, roi_count=0, nearest_x=inf, clear_frames=2711
[INFO] [1782639941.966995530] [unitree_safe_cmd_node]: Move x=0.500, z=-0.011, stop_count=0, roi_count=0, nearest_x=inf, clear_frames=2716
[INFO] [1782639942.466860057] [unitree_safe_cmd_node]: Move x=0.500, z=0.065, stop_count=0, roi_count=0, nearest_x=inf, clear_frames=2721
[INFO] [1782639943.017075110] [unitree_safe_cmd_node]: Move x=0.500, z=0.066, stop_count=0, roi_count=0, nearest_x=inf, clear_frames=2726
[INFO] [1782639943.566586019] [unitree_safe_cmd_node]: Move x=0.500, z=0.097, stop_count=0, roi_count=0, nearest_x=inf, clear_frames=2732
[INFO] [1782639944.066645259] [unitree_safe_cmd_node]: Move x=0.500, z=0.002, stop_count=0, roi_count=0, nearest_x=inf, clear_frames=2737
[INFO] [1782639944.616835447] [unitree_safe_cmd_node]: Move x=0.500, z=-0.050, stop_count=0, roi_count=0, nearest_x=inf, clear_frames=2743
[INFO] [1782639945.166633449] [unitree_safe_cmd_node]: Move x=0.500, z=-0.041, stop_count=0, roi_count=0, nearest_x=inf, clear_frames=2748
[INFO] [1782639945.666905423] [unitree_safe_cmd_node]: Move x=0.500, z=-0.030, stop_count=0, roi_count=0, nearest_x=inf, clear_frames=2753
[INFO] [1782639946.217762128] [unitree_safe_cmd_node]: Move x=0.500, z=-0.037, stop_count=0, roi_count=0, nearest_x=inf, clear_frames=2759
[INFO] [1782639946.766575373] [unitree_safe_cmd_node]: Move x=0.500, z=-0.049, stop_count=0, roi_count=0, nearest_x=inf, clear_frames=2764
[INFO] [1782639947.316633977] [unitree_safe_cmd_node]: Move x=0.500, z=-0.046, stop_count=0, roi_count=0, nearest_x=inf, clear_frames=2770
[INFO] [1782639947.816778580] [unitree_safe_cmd_node]: Move x=0.500, z=-0.021, stop_count=0, roi_count=0, nearest_x=inf, clear_frames=2775
[INFO] [1782639948.316724776] [unitree_safe_cmd_node]: Move x=0.500, z=0.014, stop_count=0, roi_count=0, nearest_x=inf, clear_frames=2780
[INFO] [1782639948.818965912] [unitree_safe_cmd_node]: Move x=0.500, z=-0.005, stop_count=0, roi_count=0, nearest_x=inf, clear_frames=2785
[INFO] [1782639949.366682259] [unitree_safe_cmd_node]: Move x=0.500, z=-0.065, stop_count=0, roi_count=0, nearest_x=inf, clear_frames=2790
[INFO] [1782639949.866924099] [unitree_safe_cmd_node]: Move x=0.500, z=-0.051, stop_count=0, roi_count=0, nearest_x=inf, clear_frames=2795
[INFO] [1782639950.420634222] [unitree_safe_cmd_node]: Move x=0.500, z=-0.008, stop_count=0, roi_count=0, nearest_x=inf, clear_frames=2801
[INFO] [1782639950.966595747] [unitree_safe_cmd_node]: Move x=0.500, z=-0.014, stop_count=0, roi_count=0, nearest_x=inf, clear_frames=2806
[INFO] [1782639951.516794767] [unitree_safe_cmd_node]: Move x=0.500, z=0.000, stop_count=0, roi_count=0, nearest_x=inf, clear_frames=2812
[INFO] [1782639952.017067820] [unitree_safe_cmd_node]: Move x=0.500, z=-0.033, stop_count=0, roi_count=0, nearest_x=inf, clear_frames=2816
[INFO] [1782639952.566585034] [unitree_safe_cmd_node]: Move x=0.500, z=-0.000, stop_count=0, roi_count=0, nearest_x=inf, clear_frames=2822
[INFO] [1782639953.066926130] [unitree_safe_cmd_node]: Move x=0.500, z=-0.021, stop_count=0, roi_count=0, nearest_x=inf, clear_frames=2827
[INFO] [1782639953.633986083] [unitree_safe_cmd_node]: Move x=0.500, z=-0.025, stop_count=0, roi_count=0, nearest_x=inf, clear_frames=2833
[INFO] [1782639954.166654944] [unitree_safe_cmd_node]: Move x=0.500, z=-0.028, stop_count=0, roi_count=0, nearest_x=inf, clear_frames=2838
[INFO] [1782639954.667013869] [unitree_safe_cmd_node]: Move x=0.500, z=-0.019, stop_count=0, roi_count=0, nearest_x=inf, clear_frames=2843
[INFO] [1782639955.217095628] [unitree_safe_cmd_node]: Move x=0.500, z=-0.001, stop_count=0, roi_count=0, nearest_x=inf, clear_frames=2848
[INFO] [1782639955.727266155] [unitree_safe_cmd_node]: Move x=0.500, z=-0.038, stop_count=0, roi_count=0, nearest_x=inf, clear_frames=2854
[INFO] [1782639956.266633827] [unitree_safe_cmd_node]: Move x=0.500, z=-0.029, stop_count=0, roi_count=0, nearest_x=inf, clear_frames=2859
[INFO] [1782639956.767374238] [unitree_safe_cmd_node]: Move x=0.500, z=0.005, stop_count=0, roi_count=0, nearest_x=inf, clear_frames=2864
[INFO] [1782639957.316584595] [unitree_safe_cmd_node]: Move x=0.500, z=0.002, stop_count=0, roi_count=0, nearest_x=inf, clear_frames=2870
[INFO] [1782639957.817864561] [unitree_safe_cmd_node]: Move x=0.500, z=-0.043, stop_count=0, roi_count=0, nearest_x=inf, clear_frames=2875
[INFO] [1782639958.366627935] [unitree_safe_cmd_node]: Move x=0.500, z=-0.035, stop_count=0, roi_count=0, nearest_x=inf, clear_frames=2880
[INFO] [1782639958.866912781] [unitree_safe_cmd_node]: Move x=0.500, z=-0.014, stop_count=0, roi_count=0, nearest_x=inf, clear_frames=2885
[INFO] [1782639959.416529964] [unitree_safe_cmd_node]: Move x=0.500, z=-0.005, stop_count=0, roi_count=0, nearest_x=inf, clear_frames=2891
[INFO] [1782639959.918905737] [unitree_safe_cmd_node]: Move x=0.500, z=-0.011, stop_count=0, roi_count=0, nearest_x=inf, clear_frames=2896
[INFO] [1782639960.466723185] [unitree_safe_cmd_node]: Move x=0.500, z=-0.072, stop_count=0, roi_count=0, nearest_x=inf, clear_frames=2901
[INFO] [1782639961.017046351] [unitree_safe_cmd_node]: Move x=0.500, z=-0.034, stop_count=0, roi_count=0, nearest_x=inf, clear_frames=2906
[INFO] [1782639961.518897727] [unitree_safe_cmd_node]: Move x=0.500, z=-0.065, stop_count=0, roi_count=0, nearest_x=inf, clear_frames=2912
[INFO] [1782639962.066792216] [unitree_safe_cmd_node]: Move x=0.500, z=-0.036, stop_count=0, roi_count=0, nearest_x=inf, clear_frames=2917
[INFO] [1782639962.566554796] [unitree_safe_cmd_node]: Move x=0.500, z=-0.012, stop_count=0, roi_count=0, nearest_x=inf, clear_frames=2922
[INFO] [1782639963.067000353] [unitree_safe_cmd_node]: Move x=0.500, z=-0.043, stop_count=0, roi_count=0, nearest_x=inf, clear_frames=2927
[INFO] [1782639963.616583370] [unitree_safe_cmd_node]: Move x=0.500, z=-0.031, stop_count=0, roi_count=0, nearest_x=inf, clear_frames=2933
[INFO] [1782639964.116691038] [unitree_safe_cmd_node]: Move x=0.500, z=-0.032, stop_count=0, roi_count=0, nearest_x=inf, clear_frames=2938
[INFO] [1782639964.666549137] [unitree_safe_cmd_node]: Move x=0.500, z=-0.026, stop_count=0, roi_count=0, nearest_x=inf, clear_frames=2943
[INFO] [1782639965.216893570] [unitree_safe_cmd_node]: Move x=0.500, z=-0.035, stop_count=0, roi_count=0, nearest_x=inf, clear_frames=2948
[INFO] [1782639965.766644790] [unitree_safe_cmd_node]: Move x=0.500, z=-0.012, stop_count=0, roi_count=0, nearest_x=inf, clear_frames=2954
[INFO] [1782639966.316708259] [unitree_safe_cmd_node]: Move x=0.500, z=0.007, stop_count=0, roi_count=0, nearest_x=inf, clear_frames=2960
[INFO] [1782639966.816729776] [unitree_safe_cmd_node]: Move x=0.500, z=0.030, stop_count=0, roi_count=0, nearest_x=inf, clear_frames=2965
[INFO] [1782639967.320761653] [unitree_safe_cmd_node]: Move x=0.500, z=0.045, stop_count=0, roi_count=0, nearest_x=inf, clear_frames=2970
[INFO] [1782639967.866668276] [unitree_safe_cmd_node]: Move x=0.500, z=-0.046, stop_count=0, roi_count=0, nearest_x=inf, clear_frames=2975
[INFO] [1782639968.366755426] [unitree_safe_cmd_node]: Move x=0.500, z=-0.029, stop_count=0, roi_count=0, nearest_x=inf, clear_frames=2980
[INFO] [1782639968.866685632] [unitree_safe_cmd_node]: Move x=0.500, z=-0.007, stop_count=0, roi_count=0, nearest_x=inf, clear_frames=2985
[INFO] [1782639969.418044834] [unitree_safe_cmd_node]: Move x=0.500, z=0.008, stop_count=0, roi_count=0, nearest_x=inf, clear_frames=2991
[INFO] [1782639969.967022813] [unitree_safe_cmd_node]: Move x=0.500, z=0.009, stop_count=0, roi_count=0, nearest_x=inf, clear_frames=2996
[INFO] [1782639970.521288957] [unitree_safe_cmd_node]: Move x=0.500, z=-0.015, stop_count=0, roi_count=0, nearest_x=inf, clear_frames=3002
[INFO] [1782639971.066674255] [unitree_safe_cmd_node]: Move x=0.500, z=0.005, stop_count=0, roi_count=0, nearest_x=inf, clear_frames=3007
[INFO] [1782639971.616948475] [unitree_safe_cmd_node]: Move x=0.500, z=0.006, stop_count=0, roi_count=0, nearest_x=inf, clear_frames=3012
[INFO] [1782639972.117074129] [unitree_safe_cmd_node]: Move x=0.500, z=-0.045, stop_count=0, roi_count=0, nearest_x=inf, clear_frames=3018
[INFO] [1782639972.666525863] [unitree_safe_cmd_node]: Move x=0.500, z=-0.033, stop_count=0, roi_count=0, nearest_x=inf, clear_frames=3023
[INFO] [1782639973.167385752] [unitree_safe_cmd_node]: Move x=0.500, z=-0.030, stop_count=0, roi_count=0, nearest_x=inf, clear_frames=3028
[INFO] [1782639973.717816017] [unitree_safe_cmd_node]: Move x=0.500, z=-0.019, stop_count=0, roi_count=0, nearest_x=inf, clear_frames=3034
[INFO] [1782639974.221385424] [unitree_safe_cmd_node]: Move x=0.500, z=-0.022, stop_count=0, roi_count=0, nearest_x=inf, clear_frames=3039
[INFO] [1782639974.766687272] [unitree_safe_cmd_node]: Move x=0.500, z=0.045, stop_count=0, roi_count=0, nearest_x=inf, clear_frames=3044
[INFO] [1782639975.266793679] [unitree_safe_cmd_node]: Move x=0.500, z=0.058, stop_count=0, roi_count=0, nearest_x=inf, clear_frames=3049
[INFO] [1782639975.821593176] [unitree_safe_cmd_node]: Move x=0.500, z=0.019, stop_count=0, roi_count=0, nearest_x=inf, clear_frames=3055
[INFO] [1782639976.366559365] [unitree_safe_cmd_node]: Move x=0.500, z=0.012, stop_count=0, roi_count=0, nearest_x=inf, clear_frames=3060
[INFO] [1782639976.916927334] [unitree_safe_cmd_node]: Move x=0.500, z=-0.043, stop_count=0, roi_count=0, nearest_x=inf, clear_frames=3066
[INFO] [1782639977.417322180] [unitree_safe_cmd_node]: Move x=0.500, z=-0.030, stop_count=0, roi_count=0, nearest_x=inf, clear_frames=3070
[INFO] [1782639977.919310483] [unitree_safe_cmd_node]: Move x=0.500, z=-0.029, stop_count=0, roi_count=0, nearest_x=inf, clear_frames=3076
[INFO] [1782639978.466938638] [unitree_safe_cmd_node]: Move x=0.500, z=-0.025, stop_count=0, roi_count=0, nearest_x=inf, clear_frames=3081
[INFO] [1782639979.016998719] [unitree_safe_cmd_node]: Move x=0.500, z=-0.031, stop_count=0, roi_count=0, nearest_x=inf, clear_frames=3086
[INFO] [1782639979.516990448] [unitree_safe_cmd_node]: Move x=0.500, z=-0.051, stop_count=0, roi_count=0, nearest_x=inf, clear_frames=3092
[INFO] [1782639980.018830301] [unitree_safe_cmd_node]: Move x=0.500, z=-0.007, stop_count=0, roi_count=0, nearest_x=inf, clear_frames=3097
[INFO] [1782639980.520154488] [unitree_safe_cmd_node]: Move x=0.500, z=0.010, stop_count=0, roi_count=0, nearest_x=inf, clear_frames=3102
[INFO] [1782639981.019501397] [unitree_safe_cmd_node]: Move x=0.500, z=-0.003, stop_count=0, roi_count=0, nearest_x=inf, clear_frames=3107
[INFO] [1782639981.566960561] [unitree_safe_cmd_node]: Move x=0.500, z=-0.020, stop_count=0, roi_count=0, nearest_x=inf, clear_frames=3112
[INFO] [1782639982.066979633] [unitree_safe_cmd_node]: Move x=0.500, z=-0.015, stop_count=0, roi_count=0, nearest_x=inf, clear_frames=3117
[INFO] [1782639982.616998822] [unitree_safe_cmd_node]: Move x=0.500, z=-0.028, stop_count=0, roi_count=0, nearest_x=inf, clear_frames=3123
[INFO] [1782639983.166766738] [unitree_safe_cmd_node]: Move x=0.500, z=-0.021, stop_count=0, roi_count=0, nearest_x=inf, clear_frames=3128
[INFO] [1782639983.666538966] [unitree_safe_cmd_node]: Move x=0.500, z=0.007, stop_count=0, roi_count=0, nearest_x=inf, clear_frames=3133
[INFO] [1782639984.219933907] [unitree_safe_cmd_node]: Move x=0.500, z=-0.022, stop_count=0, roi_count=0, nearest_x=inf, clear_frames=3139
[INFO] [1782639984.766526516] [unitree_safe_cmd_node]: Move x=0.500, z=-0.007, stop_count=0, roi_count=0, nearest_x=inf, clear_frames=3144
[INFO] [1782639985.266802794] [unitree_safe_cmd_node]: Move x=0.500, z=-0.011, stop_count=0, roi_count=0, nearest_x=inf, clear_frames=3149
[INFO] [1782639985.817525280] [unitree_safe_cmd_node]: Move x=0.500, z=-0.046, stop_count=0, roi_count=0, nearest_x=inf, clear_frames=3155
[INFO] [1782639986.366540530] [unitree_safe_cmd_node]: Move x=0.500, z=-0.040, stop_count=0, roi_count=0, nearest_x=inf, clear_frames=3160
[INFO] [1782639986.866929791] [unitree_safe_cmd_node]: Move x=0.500, z=-0.044, stop_count=0, roi_count=0, nearest_x=inf, clear_frames=3165
[INFO] [1782639987.417755778] [unitree_safe_cmd_node]: Move x=0.500, z=-0.023, stop_count=0, roi_count=0, nearest_x=inf, clear_frames=3171
[INFO] [1782639987.966538658] [unitree_safe_cmd_node]: Move x=0.500, z=-0.003, stop_count=0, roi_count=0, nearest_x=inf, clear_frames=3176
[INFO] [1782639988.466620339] [unitree_safe_cmd_node]: Move x=0.500, z=-0.004, stop_count=0, roi_count=0, nearest_x=inf, clear_frames=3181
[INFO] [1782639988.966695167] [unitree_safe_cmd_node]: Move x=0.500, z=0.016, stop_count=0, roi_count=0, nearest_x=inf, clear_frames=3186
[INFO] [1782639989.516690717] [unitree_safe_cmd_node]: Move x=0.500, z=0.008, stop_count=0, roi_count=0, nearest_x=inf, clear_frames=3192
[INFO] [1782639990.019581178] [unitree_safe_cmd_node]: Move x=0.500, z=0.002, stop_count=0, roi_count=0, nearest_x=inf, clear_frames=3197
[INFO] [1782639990.566618625] [unitree_safe_cmd_node]: Move x=0.500, z=-0.033, stop_count=0, roi_count=0, nearest_x=inf, clear_frames=3202
[INFO] [1782639991.116934189] [unitree_safe_cmd_node]: Move x=0.500, z=-0.028, stop_count=0, roi_count=0, nearest_x=inf, clear_frames=3207
[INFO] [1782639991.618164181] [unitree_safe_cmd_node]: Move x=0.500, z=-0.060, stop_count=0, roi_count=0, nearest_x=inf, clear_frames=3213
[INFO] [1782639992.167345052] [unitree_safe_cmd_node]: Move x=0.500, z=-0.043, stop_count=0, roi_count=0, nearest_x=inf, clear_frames=3217
[INFO] [1782639992.719229572] [unitree_safe_cmd_node]: Move x=0.500, z=-0.038, stop_count=0, roi_count=0, nearest_x=inf, clear_frames=3223
[INFO] [1782639993.266626307] [unitree_safe_cmd_node]: Move x=0.500, z=-0.003, stop_count=0, roi_count=0, nearest_x=inf, clear_frames=3228
[INFO] [1782639993.779543435] [unitree_safe_cmd_node]: Move x=0.500, z=-0.032, stop_count=0, roi_count=0, nearest_x=inf, clear_frames=3233
[INFO] [1782639994.317052722] [unitree_safe_cmd_node]: Move x=0.500, z=-0.032, stop_count=0, roi_count=0, nearest_x=inf, clear_frames=3238
[INFO] [1782639994.817294738] [unitree_safe_cmd_node]: Move x=0.500, z=0.012, stop_count=0, roi_count=0, nearest_x=inf, clear_frames=3243
[INFO] [1782639995.367841415] [unitree_safe_cmd_node]: Move x=0.500, z=-0.051, stop_count=0, roi_count=0, nearest_x=inf, clear_frames=3249
[INFO] [1782639995.866921148] [unitree_safe_cmd_node]: Move x=0.500, z=-0.026, stop_count=0, roi_count=0, nearest_x=inf, clear_frames=3254
[INFO] [1782639996.419245089] [unitree_safe_cmd_node]: Move x=0.500, z=0.001, stop_count=0, roi_count=0, nearest_x=inf, clear_frames=3260
[INFO] [1782639996.966977486] [unitree_safe_cmd_node]: Move x=0.500, z=0.018, stop_count=0, roi_count=0, nearest_x=inf, clear_frames=3265
[INFO] [1782639997.520169023] [unitree_safe_cmd_node]: Move x=0.500, z=-0.013, stop_count=0, roi_count=0, nearest_x=inf, clear_frames=3271
[INFO] [1782639998.022190407] [unitree_safe_cmd_node]: Move x=0.500, z=-0.023, stop_count=0, roi_count=0, nearest_x=inf, clear_frames=3276
[INFO] [1782639998.566526568] [unitree_safe_cmd_node]: Move x=0.500, z=-0.035, stop_count=0, roi_count=0, nearest_x=inf, clear_frames=3281
[INFO] [1782639999.066654489] [unitree_safe_cmd_node]: Move x=0.500, z=-0.025, stop_count=0, roi_count=0, nearest_x=inf, clear_frames=3286
[INFO] [1782639999.566884986] [unitree_safe_cmd_node]: Move x=0.500, z=-0.023, stop_count=0, roi_count=0, nearest_x=inf, clear_frames=3291
[INFO] [1782640000.066971923] [unitree_safe_cmd_node]: Move x=0.500, z=-0.018, stop_count=0, roi_count=0, nearest_x=inf, clear_frames=3296
[INFO] [1782640000.621297293] [unitree_safe_cmd_node]: Move x=0.500, z=0.013, stop_count=0, roi_count=0, nearest_x=inf, clear_frames=3302
[INFO] [1782640001.166720069] [unitree_safe_cmd_node]: Move x=0.500, z=0.003, stop_count=0, roi_count=0, nearest_x=inf, clear_frames=3307
[INFO] [1782640001.666584393] [unitree_safe_cmd_node]: Move x=0.500, z=-0.025, stop_count=0, roi_count=0, nearest_x=inf, clear_frames=3312
[INFO] [1782640002.218803522] [unitree_safe_cmd_node]: Move x=0.500, z=-0.017, stop_count=0, roi_count=0, nearest_x=inf, clear_frames=3317
[INFO] [1782640002.766776751] [unitree_safe_cmd_node]: Move x=0.500, z=-0.013, stop_count=0, roi_count=0, nearest_x=inf, clear_frames=3323
[INFO] [1782640003.317100402] [unitree_safe_cmd_node]: Move x=0.500, z=-0.052, stop_count=0, roi_count=0, nearest_x=inf, clear_frames=3328
[INFO] [1782640003.866635337] [unitree_safe_cmd_node]: Move x=0.500, z=-0.012, stop_count=0, roi_count=0, nearest_x=inf, clear_frames=3334
[INFO] [1782640004.366763594] [unitree_safe_cmd_node]: Move x=0.500, z=0.000, stop_count=0, roi_count=0, nearest_x=inf, clear_frames=3339
[INFO] [1782640004.866633482] [unitree_safe_cmd_node]: Move x=0.500, z=-0.037, stop_count=0, roi_count=0, nearest_x=inf, clear_frames=3344
[INFO] [1782640005.417205284] [unitree_safe_cmd_node]: Move x=0.500, z=-0.021, stop_count=0, roi_count=0, nearest_x=inf, clear_frames=3349
[INFO] [1782640005.917536072] [unitree_safe_cmd_node]: Move x=0.500, z=0.009, stop_count=0, roi_count=0, nearest_x=inf, clear_frames=3354
[INFO] [1782640006.466634400] [unitree_safe_cmd_node]: Move x=0.500, z=0.047, stop_count=0, roi_count=0, nearest_x=inf, clear_frames=3360
[INFO] [1782640007.017370738] [unitree_safe_cmd_node]: Move x=0.500, z=-0.012, stop_count=0, roi_count=0, nearest_x=inf, clear_frames=3365
[INFO] [1782640007.517378686] [unitree_safe_cmd_node]: Move x=0.500, z=-0.004, stop_count=0, roi_count=0, nearest_x=inf, clear_frames=3370
[INFO] [1782640008.067202657] [unitree_safe_cmd_node]: Move x=0.500, z=-0.012, stop_count=0, roi_count=0, nearest_x=inf, clear_frames=3376
[INFO] [1782640008.617055422] [unitree_safe_cmd_node]: Move x=0.500, z=-0.016, stop_count=0, roi_count=0, nearest_x=inf, clear_frames=3381
[INFO] [1782640009.179441342] [unitree_safe_cmd_node]: Move x=0.500, z=-0.058, stop_count=0, roi_count=0, nearest_x=inf, clear_frames=3387
[INFO] [1782640009.717022728] [unitree_safe_cmd_node]: Move x=0.500, z=-0.035, stop_count=0, roi_count=0, nearest_x=inf, clear_frames=3392
[INFO] [1782640010.237335941] [unitree_safe_cmd_node]: Move x=0.500, z=-0.015, stop_count=0, roi_count=0, nearest_x=inf, clear_frames=3397
[INFO] [1782640010.766626123] [unitree_safe_cmd_node]: Move x=0.500, z=-0.034, stop_count=0, roi_count=0, nearest_x=inf, clear_frames=3403
[INFO] [1782640011.266984816] [unitree_safe_cmd_node]: Move x=0.500, z=-0.060, stop_count=0, roi_count=0, nearest_x=inf, clear_frames=3408
[INFO] [1782640011.817172728] [unitree_safe_cmd_node]: Move x=0.500, z=-0.048, stop_count=0, roi_count=0, nearest_x=inf, clear_frames=3413
[INFO] [1782640012.366635939] [unitree_safe_cmd_node]: Move x=0.500, z=0.036, stop_count=0, roi_count=0, nearest_x=inf, clear_frames=3419
[INFO] [1782640012.866535646] [unitree_safe_cmd_node]: Move x=0.500, z=-0.009, stop_count=0, roi_count=0, nearest_x=inf, clear_frames=3424
[INFO] [1782640013.417804972] [unitree_safe_cmd_node]: Move x=0.500, z=-0.003, stop_count=0, roi_count=0, nearest_x=inf, clear_frames=3429
[INFO] [1782640013.922687408] [unitree_safe_cmd_node]: Move x=0.500, z=0.063, stop_count=0, roi_count=0, nearest_x=inf, clear_frames=3435
[INFO] [1782640014.466576816] [unitree_safe_cmd_node]: Move x=0.500, z=0.001, stop_count=0, roi_count=0, nearest_x=inf, clear_frames=3440
[INFO] [1782640015.017078313] [unitree_safe_cmd_node]: Move x=0.500, z=-0.060, stop_count=0, roi_count=0, nearest_x=inf, clear_frames=3445
[INFO] [1782640015.521735309] [unitree_safe_cmd_node]: Move x=0.500, z=-0.026, stop_count=0, roi_count=0, nearest_x=inf, clear_frames=3451
[INFO] [1782640016.066585351] [unitree_safe_cmd_node]: Move x=0.500, z=-0.027, stop_count=0, roi_count=0, nearest_x=inf, clear_frames=3456
[INFO] [1782640016.567020370] [unitree_safe_cmd_node]: Move x=0.500, z=-0.034, stop_count=0, roi_count=0, nearest_x=inf, clear_frames=3461
[INFO] [1782640017.116981511] [unitree_safe_cmd_node]: Move x=0.500, z=-0.020, stop_count=0, roi_count=0, nearest_x=inf, clear_frames=3466
[INFO] [1782640017.617299427] [unitree_safe_cmd_node]: Move x=0.500, z=0.005, stop_count=0, roi_count=0, nearest_x=inf, clear_frames=3471
[INFO] [1782640018.166810635] [unitree_safe_cmd_node]: Move x=0.500, z=-0.004, stop_count=0, roi_count=0, nearest_x=inf, clear_frames=3477
[INFO] [1782640018.666777604] [unitree_safe_cmd_node]: Move x=0.500, z=-0.015, stop_count=0, roi_count=0, nearest_x=inf, clear_frames=3482
[INFO] [1782640019.216968206] [unitree_safe_cmd_node]: Move x=0.500, z=0.012, stop_count=0, roi_count=0, nearest_x=inf, clear_frames=3487
[INFO] [1782640019.721945261] [unitree_safe_cmd_node]: Move x=0.500, z=0.001, stop_count=0, roi_count=0, nearest_x=inf, clear_frames=3493
[INFO] [1782640020.266851559] [unitree_safe_cmd_node]: Move x=0.500, z=-0.010, stop_count=0, roi_count=0, nearest_x=inf, clear_frames=3498
[INFO] [1782640020.766760083] [unitree_safe_cmd_node]: Move x=0.500, z=-0.008, stop_count=0, roi_count=0, nearest_x=inf, clear_frames=3503
[INFO] [1782640021.317072371] [unitree_safe_cmd_node]: Move x=0.500, z=-0.007, stop_count=0, roi_count=0, nearest_x=inf, clear_frames=3508
[INFO] [1782640021.817352523] [unitree_safe_cmd_node]: Move x=0.500, z=0.008, stop_count=0, roi_count=0, nearest_x=inf, clear_frames=3513
[INFO] [1782640022.321094682] [unitree_safe_cmd_node]: Move x=0.500, z=0.008, stop_count=0, roi_count=0, nearest_x=inf, clear_frames=3519
[INFO] [1782640022.867816190] [unitree_safe_cmd_node]: Move x=0.500, z=0.009, stop_count=0, roi_count=0, nearest_x=inf, clear_frames=3524
[INFO] [1782640023.418796796] [unitree_safe_cmd_node]: Move x=0.500, z=-0.005, stop_count=0, roi_count=0, nearest_x=inf, clear_frames=3530
[INFO] [1782640023.966540479] [unitree_safe_cmd_node]: Move x=0.500, z=-0.049, stop_count=0, roi_count=0, nearest_x=inf, clear_frames=3535
[INFO] [1782640024.466554974] [unitree_safe_cmd_node]: Move x=0.500, z=-0.015, stop_count=0, roi_count=0, nearest_x=inf, clear_frames=3540
[INFO] [1782640024.967205749] [unitree_safe_cmd_node]: Move x=0.500, z=-0.054, stop_count=0, roi_count=0, nearest_x=inf, clear_frames=3545
[INFO] [1782640025.519397032] [unitree_safe_cmd_node]: Move x=0.500, z=-0.095, stop_count=0, roi_count=0, nearest_x=inf, clear_frames=3551
[INFO] [1782640026.066793187] [unitree_safe_cmd_node]: Move x=0.500, z=-0.075, stop_count=0, roi_count=0, nearest_x=inf, clear_frames=3556
[INFO] [1782640026.567028049] [unitree_safe_cmd_node]: Move x=0.500, z=-0.063, stop_count=0, roi_count=0, nearest_x=inf, clear_frames=3561
[INFO] [1782640027.117013177] [unitree_safe_cmd_node]: Move x=0.500, z=-0.042, stop_count=0, roi_count=0, nearest_x=inf, clear_frames=3566
[INFO] [1782640027.620871365] [unitree_safe_cmd_node]: Move x=0.500, z=-0.001, stop_count=0, roi_count=0, nearest_x=inf, clear_frames=3572
[INFO] [1782640028.167805486] [unitree_safe_cmd_node]: Move x=0.500, z=0.001, stop_count=0, roi_count=0, nearest_x=inf, clear_frames=3577
[INFO] [1782640028.666568363] [unitree_safe_cmd_node]: Move x=0.500, z=-0.005, stop_count=0, roi_count=0, nearest_x=inf, clear_frames=3582
[INFO] [1782640029.167201024] [unitree_safe_cmd_node]: Move x=0.500, z=-0.029, stop_count=0, roi_count=0, nearest_x=inf, clear_frames=3587
[INFO] [1782640029.717196462] [unitree_safe_cmd_node]: Move x=0.500, z=-0.029, stop_count=0, roi_count=0, nearest_x=inf, clear_frames=3592
[INFO] [1782640030.217157717] [unitree_safe_cmd_node]: Move x=0.500, z=-0.002, stop_count=0, roi_count=0, nearest_x=inf, clear_frames=3597
[INFO] [1782640030.721946639] [unitree_safe_cmd_node]: Move x=0.500, z=-0.004, stop_count=0, roi_count=0, nearest_x=inf, clear_frames=3603
[INFO] [1782640031.266620958] [unitree_safe_cmd_node]: Move x=0.500, z=-0.022, stop_count=0, roi_count=0, nearest_x=inf, clear_frames=3608
[INFO] [1782640031.820791508] [unitree_safe_cmd_node]: Move x=0.500, z=0.007, stop_count=0, roi_count=0, nearest_x=inf, clear_frames=3614
[INFO] [1782640032.366633290] [unitree_safe_cmd_node]: Move x=0.500, z=0.012, stop_count=0, roi_count=0, nearest_x=inf, clear_frames=3619
[INFO] [1782640032.873623542] [unitree_safe_cmd_node]: Move x=0.500, z=-0.043, stop_count=0, roi_count=0, nearest_x=inf, clear_frames=3624
[INFO] [1782640033.417188230] [unitree_safe_cmd_node]: Move x=0.500, z=-0.057, stop_count=0, roi_count=0, nearest_x=inf, clear_frames=3629
[INFO] [1782640033.966857839] [unitree_safe_cmd_node]: Move x=0.500, z=0.003, stop_count=0, roi_count=0, nearest_x=inf, clear_frames=3635
[INFO] [1782640034.467058934] [unitree_safe_cmd_node]: Move x=0.500, z=0.027, stop_count=0, roi_count=0, nearest_x=inf, clear_frames=3640
[INFO] [1782640035.017085658] [unitree_safe_cmd_node]: Move x=0.500, z=0.022, stop_count=0, roi_count=0, nearest_x=inf, clear_frames=3645
[INFO] [1782640035.566747684] [unitree_safe_cmd_node]: Move x=0.500, z=0.053, stop_count=0, roi_count=0, nearest_x=inf, clear_frames=3651
[INFO] [1782640036.066603538] [unitree_safe_cmd_node]: Move x=0.500, z=0.039, stop_count=0, roi_count=0, nearest_x=inf, clear_frames=3656
[INFO] [1782640036.566611687] [unitree_safe_cmd_node]: Move x=0.500, z=0.108, stop_count=0, roi_count=0, nearest_x=inf, clear_frames=3661
[INFO] [1782640037.066992275] [unitree_safe_cmd_node]: Move x=0.500, z=0.099, stop_count=0, roi_count=0, nearest_x=inf, clear_frames=3666
[INFO] [1782640037.617158546] [unitree_safe_cmd_node]: Move x=0.500, z=0.194, stop_count=0, roi_count=0, nearest_x=inf, clear_frames=3671
[INFO] [1782640038.166878445] [unitree_safe_cmd_node]: Move x=0.500, z=0.231, stop_count=0, roi_count=0, nearest_x=inf, clear_frames=3677
[INFO] [1782640038.667035261] [unitree_safe_cmd_node]: Move x=0.500, z=0.199, stop_count=0, roi_count=0, nearest_x=inf, clear_frames=3682
[INFO] [1782640039.217459714] [unitree_safe_cmd_node]: Move x=0.500, z=0.213, stop_count=0, roi_count=0, nearest_x=inf, clear_frames=3687
[INFO] [1782640039.766855560] [unitree_safe_cmd_node]: Move x=0.500, z=0.160, stop_count=0, roi_count=0, nearest_x=inf, clear_frames=3693
[INFO] [1782640040.317027331] [unitree_safe_cmd_node]: Move x=0.500, z=0.125, stop_count=0, roi_count=0, nearest_x=inf, clear_frames=3698
[INFO] [1782640040.817087502] [unitree_safe_cmd_node]: Move x=0.500, z=0.070, stop_count=0, roi_count=0, nearest_x=inf, clear_frames=3703
[INFO] [1782640041.317024890] [unitree_safe_cmd_node]: Move x=0.500, z=0.057, stop_count=0, roi_count=0, nearest_x=inf, clear_frames=3708
[INFO] [1782640041.819812793] [unitree_safe_cmd_node]: Move x=0.500, z=0.045, stop_count=0, roi_count=0, nearest_x=inf, clear_frames=3714
[INFO] [1782640042.320416606] [unitree_safe_cmd_node]: Move x=0.500, z=0.021, stop_count=0, roi_count=0, nearest_x=inf, clear_frames=3719
[INFO] [1782640042.867005636] [unitree_safe_cmd_node]: Move x=0.500, z=0.002, stop_count=0, roi_count=0, nearest_x=inf, clear_frames=3724
[INFO] [1782640043.417038630] [unitree_safe_cmd_node]: Move x=0.500, z=-0.045, stop_count=0, roi_count=0, nearest_x=inf, clear_frames=3729
[INFO] [1782640043.966666103] [unitree_safe_cmd_node]: Move x=0.500, z=-0.030, stop_count=0, roi_count=0, nearest_x=inf, clear_frames=3735
[INFO] [1782640044.466711133] [unitree_safe_cmd_node]: Move x=0.500, z=-0.025, stop_count=0, roi_count=0, nearest_x=inf, clear_frames=3740
[INFO] [1782640045.017099446] [unitree_safe_cmd_node]: Move x=0.500, z=-0.012, stop_count=0, roi_count=0, nearest_x=inf, clear_frames=3745
[INFO] [1782640045.520359218] [unitree_safe_cmd_node]: Move x=0.500, z=0.089, stop_count=0, roi_count=0, nearest_x=inf, clear_frames=3751
[INFO] [1782640046.021971373] [unitree_safe_cmd_node]: Move x=0.500, z=0.079, stop_count=0, roi_count=0, nearest_x=inf, clear_frames=3756
[INFO] [1782640046.522073489] [unitree_safe_cmd_node]: Move x=0.500, z=0.105, stop_count=0, roi_count=0, nearest_x=inf, clear_frames=3761
[INFO] [1782640047.066615031] [unitree_safe_cmd_node]: Move x=0.500, z=0.070, stop_count=0, roi_count=0, nearest_x=inf, clear_frames=3766
[INFO] [1782640047.566940405] [unitree_safe_cmd_node]: Move x=0.500, z=0.180, stop_count=0, roi_count=0, nearest_x=inf, clear_frames=3771
[INFO] [1782640048.067333934] [unitree_safe_cmd_node]: Move x=0.500, z=0.188, stop_count=0, roi_count=0, nearest_x=inf, clear_frames=3776
[INFO] [1782640048.620218283] [unitree_safe_cmd_node]: Move x=0.500, z=0.167, stop_count=0, roi_count=0, nearest_x=inf, clear_frames=3782
[INFO] [1782640049.120584681] [unitree_safe_cmd_node]: Move x=0.500, z=0.174, stop_count=0, roi_count=0, nearest_x=inf, clear_frames=3787
[INFO] [1782640049.666631837] [unitree_safe_cmd_node]: Move x=0.500, z=0.115, stop_count=0, roi_count=0, nearest_x=inf, clear_frames=3792
[INFO] [1782640050.166913026] [unitree_safe_cmd_node]: Move x=0.500, z=0.091, stop_count=0, roi_count=0, nearest_x=inf, clear_frames=3797
[INFO] [1782640050.720867671] [unitree_safe_cmd_node]: Move x=0.500, z=0.049, stop_count=0, roi_count=0, nearest_x=inf, clear_frames=3803
[INFO] [1782640051.266606494] [unitree_safe_cmd_node]: Move x=0.500, z=0.018, stop_count=0, roi_count=0, nearest_x=inf, clear_frames=3807
[INFO] [1782640051.767309270] [unitree_safe_cmd_node]: Move x=0.500, z=-0.002, stop_count=0, roi_count=0, nearest_x=inf, clear_frames=3812
[INFO] [1782640052.317102230] [unitree_safe_cmd_node]: Move x=0.500, z=-0.015, stop_count=0, roi_count=0, nearest_x=inf, clear_frames=3818
[INFO] [1782640052.818449967] [unitree_safe_cmd_node]: Move x=0.500, z=-0.017, stop_count=0, roi_count=0, nearest_x=inf, clear_frames=3823
[INFO] [1782640053.318967660] [unitree_safe_cmd_node]: Move x=0.500, z=-0.040, stop_count=0, roi_count=0, nearest_x=inf, clear_frames=3828
[INFO] [1782640053.866592822] [unitree_safe_cmd_node]: Move x=0.500, z=-0.029, stop_count=0, roi_count=0, nearest_x=inf, clear_frames=3833
[INFO] [1782640054.366988486] [unitree_safe_cmd_node]: Move x=0.500, z=-0.028, stop_count=0, roi_count=0, nearest_x=inf, clear_frames=3838
[INFO] [1782640054.917059776] [unitree_safe_cmd_node]: Move x=0.500, z=-0.003, stop_count=0, roi_count=0, nearest_x=inf, clear_frames=3843
[INFO] [1782640055.417139576] [unitree_safe_cmd_node]: Move x=0.500, z=-0.018, stop_count=0, roi_count=0, nearest_x=inf, clear_frames=3848
[INFO] [1782640055.966910021] [unitree_safe_cmd_node]: Move x=0.500, z=-0.014, stop_count=0, roi_count=0, nearest_x=inf, clear_frames=3854
[INFO] [1782640056.480471903] [unitree_safe_cmd_node]: Move x=0.500, z=0.016, stop_count=0, roi_count=0, nearest_x=inf, clear_frames=3859
[INFO] [1782640057.023829674] [unitree_safe_cmd_node]: Move x=0.500, z=-0.021, stop_count=0, roi_count=0, nearest_x=inf, clear_frames=3865
[INFO] [1782640057.566601947] [unitree_safe_cmd_node]: Move x=0.500, z=-0.018, stop_count=0, roi_count=0, nearest_x=inf, clear_frames=3870
[INFO] [1782640058.066965581] [unitree_safe_cmd_node]: Move x=0.500, z=-0.019, stop_count=0, roi_count=0, nearest_x=inf, clear_frames=3875
[INFO] [1782640058.567009828] [unitree_safe_cmd_node]: Move x=0.500, z=-0.018, stop_count=0, roi_count=0, nearest_x=inf, clear_frames=3880
[INFO] [1782640059.116996733] [unitree_safe_cmd_node]: Move x=0.500, z=-0.029, stop_count=0, roi_count=0, nearest_x=inf, clear_frames=3885
[INFO] [1782640059.620716136] [unitree_safe_cmd_node]: Move x=0.500, z=-0.020, stop_count=0, roi_count=0, nearest_x=inf, clear_frames=3891
[INFO] [1782640060.167182380] [unitree_safe_cmd_node]: Move x=0.500, z=-0.003, stop_count=0, roi_count=0, nearest_x=inf, clear_frames=3896
[INFO] [1782640060.667056138] [unitree_safe_cmd_node]: Move x=0.500, z=-0.019, stop_count=0, roi_count=0, nearest_x=inf, clear_frames=3901
[INFO] [1782640061.219354656] [unitree_safe_cmd_node]: Move x=0.500, z=0.005, stop_count=0, roi_count=0, nearest_x=inf, clear_frames=3906
[INFO] [1782640061.720563452] [unitree_safe_cmd_node]: Move x=0.500, z=-0.006, stop_count=0, roi_count=0, nearest_x=inf, clear_frames=3912
[INFO] [1782640062.266767735] [unitree_safe_cmd_node]: Move x=0.500, z=-0.017, stop_count=0, roi_count=0, nearest_x=inf, clear_frames=3917
[INFO] [1782640062.817642156] [unitree_safe_cmd_node]: Move x=0.500, z=0.030, stop_count=0, roi_count=0, nearest_x=inf, clear_frames=3923
[INFO] [1782640063.366664823] [unitree_safe_cmd_node]: Move x=0.500, z=0.022, stop_count=0, roi_count=0, nearest_x=inf, clear_frames=3928
[INFO] [1782640063.919405473] [unitree_safe_cmd_node]: Move x=0.500, z=-0.025, stop_count=0, roi_count=0, nearest_x=inf, clear_frames=3934
[INFO] [1782640064.419732671] [unitree_safe_cmd_node]: Move x=0.500, z=-0.040, stop_count=0, roi_count=0, nearest_x=inf, clear_frames=3939
[INFO] [1782640064.966629528] [unitree_safe_cmd_node]: Move x=0.500, z=-0.053, stop_count=0, roi_count=0, nearest_x=inf, clear_frames=3944
[INFO] [1782640065.467009539] [unitree_safe_cmd_node]: Move x=0.500, z=-0.017, stop_count=0, roi_count=0, nearest_x=inf, clear_frames=3949
[INFO] [1782640066.017017038] [unitree_safe_cmd_node]: Move x=0.500, z=-0.019, stop_count=0, roi_count=0, nearest_x=inf, clear_frames=3954
[INFO] [1782640066.566775656] [unitree_safe_cmd_node]: Move x=0.500, z=-0.008, stop_count=0, roi_count=0, nearest_x=inf, clear_frames=3960
[INFO] [1782640067.066850622] [unitree_safe_cmd_node]: Move x=0.500, z=-0.015, stop_count=0, roi_count=0, nearest_x=inf, clear_frames=3965
[INFO] [1782640067.618887475] [unitree_safe_cmd_node]: Move x=0.500, z=-0.014, stop_count=0, roi_count=0, nearest_x=inf, clear_frames=3971
[INFO] [1782640068.121342493] [unitree_safe_cmd_node]: Move x=0.500, z=-0.017, stop_count=0, roi_count=0, nearest_x=inf, clear_frames=3976
[INFO] [1782640068.666608493] [unitree_safe_cmd_node]: Move x=0.500, z=0.006, stop_count=0, roi_count=0, nearest_x=inf, clear_frames=3981
[INFO] [1782640069.217380819] [unitree_safe_cmd_node]: Move x=0.500, z=-0.021, stop_count=0, roi_count=0, nearest_x=inf, clear_frames=3986
[INFO] [1782640069.721331735] [unitree_safe_cmd_node]: Move x=0.500, z=-0.006, stop_count=0, roi_count=0, nearest_x=inf, clear_frames=3992
[INFO] [1782640070.266591959] [unitree_safe_cmd_node]: Move x=0.500, z=0.005, stop_count=0, roi_count=0, nearest_x=inf, clear_frames=3997
[INFO] [1782640070.766598655] [unitree_safe_cmd_node]: Move x=0.500, z=0.009, stop_count=0, roi_count=0, nearest_x=inf, clear_frames=4002
[INFO] [1782640071.317931123] [unitree_safe_cmd_node]: Move x=0.500, z=-0.002, stop_count=0, roi_count=0, nearest_x=inf, clear_frames=4008
[INFO] [1782640071.866631388] [unitree_safe_cmd_node]: Move x=0.500, z=-0.015, stop_count=0, roi_count=0, nearest_x=inf, clear_frames=4013
[INFO] [1782640072.417973075] [unitree_safe_cmd_node]: Move x=0.500, z=-0.004, stop_count=0, roi_count=0, nearest_x=inf, clear_frames=4019
[INFO] [1782640072.967132486] [unitree_safe_cmd_node]: Move x=0.500, z=-0.013, stop_count=0, roi_count=0, nearest_x=inf, clear_frames=4024
[INFO] [1782640073.517125521] [unitree_safe_cmd_node]: Move x=0.500, z=-0.051, stop_count=0, roi_count=0, nearest_x=inf, clear_frames=4029
[INFO] [1782640074.020041150] [unitree_safe_cmd_node]: Move x=0.500, z=-0.007, stop_count=0, roi_count=0, nearest_x=inf, clear_frames=4035
[INFO] [1782640074.566620365] [unitree_safe_cmd_node]: Move x=0.500, z=0.015, stop_count=0, roi_count=0, nearest_x=inf, clear_frames=4040
[INFO] [1782640075.067007344] [unitree_safe_cmd_node]: Move x=0.500, z=0.016, stop_count=0, roi_count=0, nearest_x=inf, clear_frames=4045
[INFO] [1782640075.621783611] [unitree_safe_cmd_node]: Move x=0.500, z=-0.020, stop_count=0, roi_count=0, nearest_x=inf, clear_frames=4051
[INFO] [1782640076.122154111] [unitree_safe_cmd_node]: Move x=0.500, z=-0.010, stop_count=0, roi_count=0, nearest_x=inf, clear_frames=4056
[INFO] [1782640076.666626123] [unitree_safe_cmd_node]: Move x=0.500, z=-0.013, stop_count=0, roi_count=0, nearest_x=inf, clear_frames=4061
[INFO] [1782640077.218174134] [unitree_safe_cmd_node]: Move x=0.500, z=-0.026, stop_count=0, roi_count=0, nearest_x=inf, clear_frames=4066
[INFO] [1782640077.721796479] [unitree_safe_cmd_node]: Move x=0.500, z=0.009, stop_count=0, roi_count=0, nearest_x=inf, clear_frames=4072
[INFO] [1782640078.266678080] [unitree_safe_cmd_node]: Move x=0.500, z=-0.006, stop_count=0, roi_count=0, nearest_x=inf, clear_frames=4077
[INFO] [1782640078.766966853] [unitree_safe_cmd_node]: Move x=0.500, z=0.002, stop_count=0, roi_count=0, nearest_x=inf, clear_frames=4082
[INFO] [1782640079.317576931] [unitree_safe_cmd_node]: Move x=0.500, z=-0.015, stop_count=0, roi_count=0, nearest_x=inf, clear_frames=4088
[INFO] [1782640079.866549045] [unitree_safe_cmd_node]: Move x=0.500, z=-0.052, stop_count=0, roi_count=0, nearest_x=inf, clear_frames=4093
[INFO] [1782640080.366624538] [unitree_safe_cmd_node]: Move x=0.500, z=-0.077, stop_count=0, roi_count=0, nearest_x=inf, clear_frames=4098
[INFO] [1782640080.866921334] [unitree_safe_cmd_node]: Move x=0.500, z=-0.049, stop_count=0, roi_count=0, nearest_x=inf, clear_frames=4103
[INFO] [1782640081.416975330] [unitree_safe_cmd_node]: Move x=0.500, z=-0.050, stop_count=0, roi_count=0, nearest_x=inf, clear_frames=4108
[INFO] [1782640081.966612228] [unitree_safe_cmd_node]: Move x=0.500, z=-0.062, stop_count=0, roi_count=0, nearest_x=inf, clear_frames=4114
[INFO] [1782640082.466669728] [unitree_safe_cmd_node]: Move x=0.500, z=-0.027, stop_count=0, roi_count=0, nearest_x=inf, clear_frames=4119
[INFO] [1782640083.020663168] [unitree_safe_cmd_node]: Move x=0.500, z=-0.035, stop_count=0, roi_count=0, nearest_x=inf, clear_frames=4125
[INFO] [1782640083.522792562] [unitree_safe_cmd_node]: Move x=0.500, z=-0.022, stop_count=0, roi_count=0, nearest_x=inf, clear_frames=4130
[INFO] [1782640084.067178492] [unitree_safe_cmd_node]: Move x=0.500, z=-0.055, stop_count=0, roi_count=0, nearest_x=inf, clear_frames=4135
[INFO] [1782640084.618052619] [unitree_safe_cmd_node]: Move x=0.500, z=0.033, stop_count=0, roi_count=0, nearest_x=inf, clear_frames=4141
[INFO] [1782640085.166758752] [unitree_safe_cmd_node]: Move x=0.500, z=0.008, stop_count=0, roi_count=0, nearest_x=inf, clear_frames=4146
[INFO] [1782640085.666903857] [unitree_safe_cmd_node]: Move x=0.500, z=0.019, stop_count=0, roi_count=0, nearest_x=inf, clear_frames=4151
[INFO] [1782640086.217076756] [unitree_safe_cmd_node]: Move x=0.500, z=-0.002, stop_count=0, roi_count=0, nearest_x=inf, clear_frames=4156
[INFO] [1782640086.716996081] [unitree_safe_cmd_node]: Move x=0.500, z=-0.006, stop_count=0, roi_count=0, nearest_x=inf, clear_frames=4161
[INFO] [1782640087.217326566] [unitree_safe_cmd_node]: Move x=0.500, z=0.027, stop_count=0, roi_count=0, nearest_x=inf, clear_frames=4166
[INFO] [1782640087.718673795] [unitree_safe_cmd_node]: Move x=0.500, z=0.004, stop_count=0, roi_count=0, nearest_x=inf, clear_frames=4172
[INFO] [1782640088.266614740] [unitree_safe_cmd_node]: Move x=0.500, z=0.002, stop_count=0, roi_count=0, nearest_x=inf, clear_frames=4177
[INFO] [1782640088.766655510] [unitree_safe_cmd_node]: Move x=0.500, z=-0.016, stop_count=0, roi_count=0, nearest_x=inf, clear_frames=4182
[INFO] [1782640089.266928875] [unitree_safe_cmd_node]: Move x=0.500, z=-0.015, stop_count=0, roi_count=0, nearest_x=inf, clear_frames=4187
[INFO] [1782640089.817383446] [unitree_safe_cmd_node]: Move x=0.500, z=-0.002, stop_count=0, roi_count=0, nearest_x=inf, clear_frames=4192
[INFO] [1782640090.321760703] [unitree_safe_cmd_node]: Move x=0.500, z=-0.016, stop_count=0, roi_count=0, nearest_x=inf, clear_frames=4198
[INFO] [1782640090.867881630] [unitree_safe_cmd_node]: Move x=0.500, z=-0.040, stop_count=0, roi_count=0, nearest_x=inf, clear_frames=4203
[INFO] [1782640091.417300504] [unitree_safe_cmd_node]: Move x=0.500, z=-0.027, stop_count=0, roi_count=0, nearest_x=inf, clear_frames=4208
[INFO] [1782640091.966661544] [unitree_safe_cmd_node]: Move x=0.500, z=0.018, stop_count=0, roi_count=0, nearest_x=inf, clear_frames=4214
[INFO] [1782640092.466580756] [unitree_safe_cmd_node]: Move x=0.500, z=-0.003, stop_count=0, roi_count=0, nearest_x=inf, clear_frames=4219
[INFO] [1782640092.966913253] [unitree_safe_cmd_node]: Move x=0.500, z=-0.011, stop_count=0, roi_count=0, nearest_x=inf, clear_frames=4224
[INFO] [1782640093.517369858] [unitree_safe_cmd_node]: Move x=0.500, z=-0.010, stop_count=0, roi_count=0, nearest_x=inf, clear_frames=4229
[INFO] [1782640094.022363596] [unitree_safe_cmd_node]: Move x=0.500, z=0.005, stop_count=0, roi_count=0, nearest_x=inf, clear_frames=4235
[INFO] [1782640094.567526880] [unitree_safe_cmd_node]: Move x=0.500, z=-0.021, stop_count=0, roi_count=0, nearest_x=inf, clear_frames=4240
[INFO] [1782640095.122200686] [unitree_safe_cmd_node]: Move x=0.500, z=-0.004, stop_count=0, roi_count=0, nearest_x=inf, clear_frames=4246
[INFO] [1782640095.666909236] [unitree_safe_cmd_node]: Move x=0.500, z=0.011, stop_count=0, roi_count=0, nearest_x=inf, clear_frames=4251
[INFO] [1782640096.217017958] [unitree_safe_cmd_node]: Move x=0.500, z=-0.020, stop_count=0, roi_count=0, nearest_x=inf, clear_frames=4256
[INFO] [1782640096.722065682] [unitree_safe_cmd_node]: Move x=0.500, z=-0.013, stop_count=0, roi_count=0, nearest_x=inf, clear_frames=4262
[INFO] [1782640097.266689778] [unitree_safe_cmd_node]: Move x=0.500, z=-0.022, stop_count=0, roi_count=0, nearest_x=inf, clear_frames=4267
[INFO] [1782640097.818426862] [unitree_safe_cmd_node]: Move x=0.500, z=-0.009, stop_count=0, roi_count=0, nearest_x=inf, clear_frames=4273
[INFO] [1782640098.321417181] [unitree_safe_cmd_node]: Move x=0.500, z=-0.006, stop_count=0, roi_count=0, nearest_x=inf, clear_frames=4278
[INFO] [1782640098.822219001] [unitree_safe_cmd_node]: Move x=0.500, z=-0.012, stop_count=0, roi_count=0, nearest_x=inf, clear_frames=4283
[INFO] [1782640099.366713346] [unitree_safe_cmd_node]: Move x=0.500, z=0.039, stop_count=0, roi_count=0, nearest_x=inf, clear_frames=4288
[INFO] [1782640099.917021938] [unitree_safe_cmd_node]: Move x=0.500, z=-0.015, stop_count=0, roi_count=0, nearest_x=inf, clear_frames=4293
[INFO] [1782640100.417933944] [unitree_safe_cmd_node]: Move x=0.500, z=-0.012, stop_count=0, roi_count=0, nearest_x=inf, clear_frames=4299
[INFO] [1782640100.966769215] [unitree_safe_cmd_node]: Move x=0.500, z=-0.024, stop_count=0, roi_count=0, nearest_x=inf, clear_frames=4304
[INFO] [1782640101.466636889] [unitree_safe_cmd_node]: Move x=0.500, z=-0.026, stop_count=0, roi_count=0, nearest_x=inf, clear_frames=4309
[INFO] [1782640102.017039380] [unitree_safe_cmd_node]: Move x=0.500, z=-0.003, stop_count=0, roi_count=0, nearest_x=inf, clear_frames=4314
[INFO] [1782640102.521571518] [unitree_safe_cmd_node]: Move x=0.500, z=-0.013, stop_count=0, roi_count=0, nearest_x=inf, clear_frames=4320
[INFO] [1782640103.066639106] [unitree_safe_cmd_node]: Move x=0.500, z=-0.032, stop_count=0, roi_count=0, nearest_x=inf, clear_frames=4325
[INFO] [1782640103.566853174] [unitree_safe_cmd_node]: Move x=0.500, z=-0.060, stop_count=0, roi_count=0, nearest_x=inf, clear_frames=4330
[INFO] [1782640104.066973615] [unitree_safe_cmd_node]: Move x=0.500, z=-0.048, stop_count=0, roi_count=0, nearest_x=inf, clear_frames=4335
[INFO] [1782640104.618924772] [unitree_safe_cmd_node]: Move x=0.500, z=-0.033, stop_count=0, roi_count=0, nearest_x=inf, clear_frames=4340
[INFO] [1782640105.166513743] [unitree_safe_cmd_node]: Move x=0.500, z=-0.020, stop_count=0, roi_count=0, nearest_x=inf, clear_frames=4346
[INFO] [1782640105.717934617] [unitree_safe_cmd_node]: Move x=0.500, z=-0.057, stop_count=0, roi_count=0, nearest_x=inf, clear_frames=4352
[INFO] [1782640106.266585484] [unitree_safe_cmd_node]: Move x=0.500, z=-0.055, stop_count=0, roi_count=0, nearest_x=inf, clear_frames=4357
[INFO] [1782640106.766747186] [unitree_safe_cmd_node]: Move x=0.500, z=-0.064, stop_count=0, roi_count=0, nearest_x=inf, clear_frames=4362
[INFO] [1782640107.317727244] [unitree_safe_cmd_node]: Move x=0.500, z=0.008, stop_count=0, roi_count=0, nearest_x=inf, clear_frames=4368
[INFO] [1782640107.819215948] [unitree_safe_cmd_node]: Move x=0.500, z=-0.014, stop_count=0, roi_count=0, nearest_x=inf, clear_frames=4373
[INFO] [1782640108.321222201] [unitree_safe_cmd_node]: Move x=0.500, z=-0.010, stop_count=0, roi_count=0, nearest_x=inf, clear_frames=4378
[INFO] [1782640108.866630759] [unitree_safe_cmd_node]: Move x=0.500, z=0.025, stop_count=0, roi_count=0, nearest_x=inf, clear_frames=4383
[INFO] [1782640109.420540407] [unitree_safe_cmd_node]: Move x=0.500, z=0.007, stop_count=0, roi_count=0, nearest_x=inf, clear_frames=4389
[INFO] [1782640109.921489367] [unitree_safe_cmd_node]: Move x=0.500, z=-0.020, stop_count=0, roi_count=0, nearest_x=inf, clear_frames=4394
[INFO] [1782640110.466651342] [unitree_safe_cmd_node]: Move x=0.500, z=0.004, stop_count=0, roi_count=0, nearest_x=inf, clear_frames=4399
[INFO] [1782640110.966733446] [unitree_safe_cmd_node]: Move x=0.500, z=-0.010, stop_count=0, roi_count=0, nearest_x=inf, clear_frames=4404
[INFO] [1782640111.517019360] [unitree_safe_cmd_node]: Move x=0.500, z=-0.009, stop_count=0, roi_count=0, nearest_x=inf, clear_frames=4409
[INFO] [1782640112.066676862] [unitree_safe_cmd_node]: Move x=0.500, z=0.007, stop_count=0, roi_count=0, nearest_x=inf, clear_frames=4415
[INFO] [1782640112.566840209] [unitree_safe_cmd_node]: Move x=0.500, z=-0.016, stop_count=0, roi_count=0, nearest_x=inf, clear_frames=4420
[INFO] [1782640113.117199536] [unitree_safe_cmd_node]: Move x=0.500, z=-0.044, stop_count=0, roi_count=0, nearest_x=inf, clear_frames=4425
[INFO] [1782640113.621914760] [unitree_safe_cmd_node]: Move x=0.500, z=-0.001, stop_count=0, roi_count=0, nearest_x=inf, clear_frames=4431
[INFO] [1782640114.166689111] [unitree_safe_cmd_node]: Move x=0.500, z=-0.028, stop_count=0, roi_count=0, nearest_x=inf, clear_frames=4436
[INFO] [1782640114.718939379] [unitree_safe_cmd_node]: Move x=0.500, z=-0.030, stop_count=0, roi_count=0, nearest_x=inf, clear_frames=4442
[INFO] [1782640115.266994261] [unitree_safe_cmd_node]: Move x=0.500, z=-0.012, stop_count=0, roi_count=0, nearest_x=inf, clear_frames=4447
[INFO] [1782640115.816998120] [unitree_safe_cmd_node]: Move x=0.500, z=-0.032, stop_count=0, roi_count=0, nearest_x=inf, clear_frames=4452
[INFO] [1782640116.320668623] [unitree_safe_cmd_node]: Move x=0.500, z=-0.058, stop_count=0, roi_count=0, nearest_x=inf, clear_frames=4458
[INFO] [1782640116.866921818] [unitree_safe_cmd_node]: Move x=0.500, z=-0.060, stop_count=0, roi_count=0, nearest_x=inf, clear_frames=4463
[INFO] [1782640117.366854628] [unitree_safe_cmd_node]: Move x=0.500, z=0.029, stop_count=0, roi_count=0, nearest_x=inf, clear_frames=4468
[INFO] [1782640117.867444234] [unitree_safe_cmd_node]: Move x=0.500, z=0.020, stop_count=0, roi_count=0, nearest_x=inf, clear_frames=4473
[INFO] [1782640118.417019089] [unitree_safe_cmd_node]: Move x=0.500, z=-0.004, stop_count=0, roi_count=0, nearest_x=inf, clear_frames=4478
[INFO] [1782640118.921654473] [unitree_safe_cmd_node]: Move x=0.500, z=-0.014, stop_count=0, roi_count=0, nearest_x=inf, clear_frames=4484
[INFO] [1782640119.466587689] [unitree_safe_cmd_node]: Move x=0.500, z=-0.028, stop_count=0, roi_count=0, nearest_x=inf, clear_frames=4489
[INFO] [1782640119.966743867] [unitree_safe_cmd_node]: Move x=0.500, z=0.003, stop_count=0, roi_count=0, nearest_x=inf, clear_frames=4494
[INFO] [1782640120.466652864] [unitree_safe_cmd_node]: Move x=0.500, z=-0.042, stop_count=0, roi_count=0, nearest_x=inf, clear_frames=4499
[INFO] [1782640120.966898509] [unitree_safe_cmd_node]: Move x=0.500, z=-0.017, stop_count=0, roi_count=0, nearest_x=inf, clear_frames=4504
[INFO] [1782640121.467068404] [unitree_safe_cmd_node]: Move x=0.500, z=-0.037, stop_count=0, roi_count=0, nearest_x=inf, clear_frames=4509
[INFO] [1782640122.022019574] [unitree_safe_cmd_node]: Move x=0.500, z=-0.042, stop_count=0, roi_count=0, nearest_x=inf, clear_frames=4515
[INFO] [1782640122.520965649] [unitree_safe_cmd_node]: Move x=0.500, z=-0.039, stop_count=0, roi_count=0, nearest_x=inf, clear_frames=4520
[INFO] [1782640123.066822861] [unitree_safe_cmd_node]: Move x=0.500, z=-0.035, stop_count=0, roi_count=0, nearest_x=inf, clear_frames=4525
[INFO] [1782640123.617039977] [unitree_safe_cmd_node]: Move x=0.500, z=-0.038, stop_count=0, roi_count=0, nearest_x=inf, clear_frames=4530
[INFO] [1782640124.117284633] [unitree_safe_cmd_node]: Move x=0.500, z=-0.020, stop_count=0, roi_count=0, nearest_x=inf, clear_frames=4535
[INFO] [1782640124.666773326] [unitree_safe_cmd_node]: Move x=0.500, z=0.001, stop_count=0, roi_count=0, nearest_x=inf, clear_frames=4541
[INFO] [1782640125.216871635] [unitree_safe_cmd_node]: Move x=0.500, z=-0.011, stop_count=0, roi_count=0, nearest_x=inf, clear_frames=4546
[INFO] [1782640125.717159467] [unitree_safe_cmd_node]: Move x=0.500, z=-0.023, stop_count=0, roi_count=0, nearest_x=inf, clear_frames=4551
[INFO] [1782640126.218840368] [unitree_safe_cmd_node]: Move x=0.500, z=-0.031, stop_count=0, roi_count=0, nearest_x=inf, clear_frames=4556
[INFO] [1782640126.767435559] [unitree_safe_cmd_node]: Move x=0.500, z=-0.000, stop_count=0, roi_count=0, nearest_x=inf, clear_frames=4562
[INFO] [1782640127.319567379] [unitree_safe_cmd_node]: Move x=0.500, z=-0.001, stop_count=0, roi_count=0, nearest_x=inf, clear_frames=4568
[INFO] [1782640127.866705054] [unitree_safe_cmd_node]: Move x=0.500, z=0.000, stop_count=0, roi_count=0, nearest_x=inf, clear_frames=4573
[INFO] [1782640128.417391298] [unitree_safe_cmd_node]: Move x=0.500, z=-0.014, stop_count=0, roi_count=0, nearest_x=inf, clear_frames=4578
[INFO] [1782640128.919158420] [unitree_safe_cmd_node]: Move x=0.500, z=-0.024, stop_count=0, roi_count=0, nearest_x=inf, clear_frames=4584
[INFO] [1782640129.466598396] [unitree_safe_cmd_node]: Move x=0.500, z=-0.016, stop_count=0, roi_count=0, nearest_x=inf, clear_frames=4589
[INFO] [1782640129.966600376] [unitree_safe_cmd_node]: Move x=0.500, z=-0.003, stop_count=0, roi_count=0, nearest_x=inf, clear_frames=4594
[INFO] [1782640130.467035122] [unitree_safe_cmd_node]: Move x=0.500, z=-0.008, stop_count=0, roi_count=0, nearest_x=inf, clear_frames=4599
[INFO] [1782640131.017714639] [unitree_safe_cmd_node]: Move x=0.500, z=0.007, stop_count=0, roi_count=0, nearest_x=inf, clear_frames=4604
[INFO] [1782640131.517026281] [unitree_safe_cmd_node]: Move x=0.500, z=-0.010, stop_count=0, roi_count=0, nearest_x=inf, clear_frames=4609
[INFO] [1782640132.020343920] [unitree_safe_cmd_node]: Move x=0.500, z=-0.002, stop_count=0, roi_count=0, nearest_x=inf, clear_frames=4615
[INFO] [1782640132.566999904] [unitree_safe_cmd_node]: Move x=0.500, z=-0.018, stop_count=0, roi_count=0, nearest_x=inf, clear_frames=4620
[INFO] [1782640133.067208694] [unitree_safe_cmd_node]: Move x=0.500, z=0.014, stop_count=0, roi_count=0, nearest_x=inf, clear_frames=4625
[INFO] [1782640133.617058331] [unitree_safe_cmd_node]: Move x=0.500, z=-0.006, stop_count=0, roi_count=0, nearest_x=inf, clear_frames=4630
[INFO] [1782640134.167260172] [unitree_safe_cmd_node]: Move x=0.500, z=0.003, stop_count=0, roi_count=0, nearest_x=inf, clear_frames=4636
[INFO] [1782640134.666976953] [unitree_safe_cmd_node]: Move x=0.500, z=-0.030, stop_count=0, roi_count=0, nearest_x=inf, clear_frames=4641
[INFO] [1782640135.217345746] [unitree_safe_cmd_node]: Move x=0.500, z=0.011, stop_count=0, roi_count=0, nearest_x=inf, clear_frames=4646
[INFO] [1782640135.721729370] [unitree_safe_cmd_node]: Move x=0.500, z=0.020, stop_count=0, roi_count=0, nearest_x=inf, clear_frames=4652
[INFO] [1782640136.266605125] [unitree_safe_cmd_node]: Move x=0.500, z=-0.023, stop_count=0, roi_count=0, nearest_x=inf, clear_frames=4657
[INFO] [1782640136.767660632] [unitree_safe_cmd_node]: Move x=0.500, z=0.018, stop_count=0, roi_count=0, nearest_x=inf, clear_frames=4662
[INFO] [1782640137.317177030] [unitree_safe_cmd_node]: Move x=0.500, z=-0.017, stop_count=0, roi_count=0, nearest_x=inf, clear_frames=4667
[INFO] [1782640137.826101993] [unitree_safe_cmd_node]: Move x=0.500, z=-0.004, stop_count=0, roi_count=0, nearest_x=inf, clear_frames=4672
[INFO] [1782640138.366995202] [unitree_safe_cmd_node]: Move x=0.500, z=-0.014, stop_count=0, roi_count=0, nearest_x=inf, clear_frames=4678
[INFO] [1782640138.866941518] [unitree_safe_cmd_node]: Move x=0.500, z=0.000, stop_count=0, roi_count=0, nearest_x=inf, clear_frames=4683
[INFO] [1782640139.367280400] [unitree_safe_cmd_node]: Move x=0.500, z=-0.000, stop_count=0, roi_count=0, nearest_x=inf, clear_frames=4688
[INFO] [1782640139.867346755] [unitree_safe_cmd_node]: Move x=0.500, z=-0.023, stop_count=0, roi_count=0, nearest_x=inf, clear_frames=4693
[INFO] [1782640140.416999027] [unitree_safe_cmd_node]: Move x=0.500, z=-0.024, stop_count=0, roi_count=0, nearest_x=inf, clear_frames=4698
[INFO] [1782640140.919072297] [unitree_safe_cmd_node]: Move x=0.500, z=-0.031, stop_count=0, roi_count=0, nearest_x=inf, clear_frames=4703
[INFO] [1782640141.418606266] [unitree_safe_cmd_node]: Move x=0.500, z=-0.056, stop_count=0, roi_count=0, nearest_x=inf, clear_frames=4709
[INFO] [1782640141.966806022] [unitree_safe_cmd_node]: Move x=0.500, z=-0.042, stop_count=0, roi_count=0, nearest_x=inf, clear_frames=4714
[INFO] [1782640142.466851807] [unitree_safe_cmd_node]: Move x=0.500, z=-0.048, stop_count=0, roi_count=0, nearest_x=inf, clear_frames=4719
[INFO] [1782640142.968171129] [unitree_safe_cmd_node]: Move x=0.500, z=-0.038, stop_count=0, roi_count=0, nearest_x=inf, clear_frames=4724
[INFO] [1782640143.517345494] [unitree_safe_cmd_node]: Move x=0.500, z=-0.031, stop_count=0, roi_count=0, nearest_x=inf, clear_frames=4729
[INFO] [1782640144.020470853] [unitree_safe_cmd_node]: Move x=0.500, z=0.004, stop_count=0, roi_count=0, nearest_x=inf, clear_frames=4735
[INFO] [1782640144.566617638] [unitree_safe_cmd_node]: Move x=0.500, z=-0.027, stop_count=0, roi_count=0, nearest_x=inf, clear_frames=4740
[INFO] [1782640145.066986599] [unitree_safe_cmd_node]: Move x=0.500, z=0.010, stop_count=0, roi_count=0, nearest_x=inf, clear_frames=4745
[INFO] [1782640145.617045803] [unitree_safe_cmd_node]: Move x=0.500, z=-0.014, stop_count=0, roi_count=0, nearest_x=inf, clear_frames=4750
[INFO] [1782640146.120655299] [unitree_safe_cmd_node]: Move x=0.500, z=-0.016, stop_count=0, roi_count=0, nearest_x=inf, clear_frames=4756
[INFO] [1782640146.666640139] [unitree_safe_cmd_node]: Move x=0.500, z=0.007, stop_count=0, roi_count=0, nearest_x=inf, clear_frames=4761
[INFO] [1782640147.217474339] [unitree_safe_cmd_node]: Move x=0.500, z=0.000, stop_count=0, roi_count=0, nearest_x=inf, clear_frames=4766
[INFO] [1782640147.721122854] [unitree_safe_cmd_node]: Move x=0.500, z=-0.007, stop_count=0, roi_count=0, nearest_x=inf, clear_frames=4772
[INFO] [1782640148.267039186] [unitree_safe_cmd_node]: Move x=0.500, z=-0.032, stop_count=0, roi_count=0, nearest_x=inf, clear_frames=4777
[INFO] [1782640148.818895413] [unitree_safe_cmd_node]: Move x=0.500, z=-0.010, stop_count=0, roi_count=0, nearest_x=inf, clear_frames=4783
[INFO] [1782640149.320500332] [unitree_safe_cmd_node]: Move x=0.500, z=-0.027, stop_count=0, roi_count=0, nearest_x=inf, clear_frames=4788
[INFO] [1782640149.866724530] [unitree_safe_cmd_node]: Move x=0.500, z=-0.006, stop_count=0, roi_count=0, nearest_x=inf, clear_frames=4793
[INFO] [1782640150.420077341] [unitree_safe_cmd_node]: Move x=0.500, z=-0.020, stop_count=0, roi_count=0, nearest_x=inf, clear_frames=4799
[INFO] [1782640150.966601435] [unitree_safe_cmd_node]: Move x=0.500, z=0.002, stop_count=0, roi_count=0, nearest_x=inf, clear_frames=4804
[INFO] [1782640151.466700231] [unitree_safe_cmd_node]: Move x=0.500, z=0.025, stop_count=0, roi_count=0, nearest_x=inf, clear_frames=4809
[INFO] [1782640152.023214469] [unitree_safe_cmd_node]: Move x=0.500, z=-0.008, stop_count=0, roi_count=0, nearest_x=inf, clear_frames=4815
[INFO] [1782640152.566923947] [unitree_safe_cmd_node]: Move x=0.500, z=-0.003, stop_count=0, roi_count=0, nearest_x=inf, clear_frames=4820
[INFO] [1782640153.066984277] [unitree_safe_cmd_node]: Move x=0.500, z=-0.006, stop_count=0, roi_count=0, nearest_x=inf, clear_frames=4825
[INFO] [1782640153.617141125] [unitree_safe_cmd_node]: Move x=0.500, z=-0.004, stop_count=0, roi_count=0, nearest_x=inf, clear_frames=4830
[INFO] [1782640154.117584059] [unitree_safe_cmd_node]: Move x=0.500, z=0.018, stop_count=0, roi_count=0, nearest_x=inf, clear_frames=4836
[INFO] [1782640154.620759883] [unitree_safe_cmd_node]: Move x=0.500, z=-0.003, stop_count=0, roi_count=0, nearest_x=inf, clear_frames=4841
[INFO] [1782640155.166888464] [unitree_safe_cmd_node]: Move x=0.500, z=0.010, stop_count=0, roi_count=0, nearest_x=inf, clear_frames=4846
[INFO] [1782640155.717047227] [unitree_safe_cmd_node]: Move x=0.500, z=-0.033, stop_count=0, roi_count=0, nearest_x=inf, clear_frames=4851
[INFO] [1782640156.266608434] [unitree_safe_cmd_node]: Move x=0.500, z=-0.010, stop_count=0, roi_count=0, nearest_x=inf, clear_frames=4857
[INFO] [1782640156.766904118] [unitree_safe_cmd_node]: Move x=0.500, z=-0.010, stop_count=0, roi_count=0, nearest_x=inf, clear_frames=4862
[INFO] [1782640157.267258542] [unitree_safe_cmd_node]: Move x=0.500, z=-0.025, stop_count=0, roi_count=0, nearest_x=inf, clear_frames=4867
[INFO] [1782640157.817015659] [unitree_safe_cmd_node]: Move x=0.500, z=-0.031, stop_count=0, roi_count=0, nearest_x=inf, clear_frames=4872
[INFO] [1782640158.320082084] [unitree_safe_cmd_node]: Move x=0.500, z=-0.032, stop_count=0, roi_count=0, nearest_x=inf, clear_frames=4878
[INFO] [1782640158.866732229] [unitree_safe_cmd_node]: Move x=0.500, z=-0.050, stop_count=0, roi_count=0, nearest_x=inf, clear_frames=4883
[INFO] [1782640159.366660869] [unitree_safe_cmd_node]: Move x=0.500, z=-0.064, stop_count=0, roi_count=0, nearest_x=inf, clear_frames=4888
[INFO] [1782640159.917219107] [unitree_safe_cmd_node]: Move x=0.500, z=-0.009, stop_count=0, roi_count=0, nearest_x=inf, clear_frames=4893
[INFO] [1782640160.466720693] [unitree_safe_cmd_node]: Move x=0.500, z=-0.034, stop_count=0, roi_count=0, nearest_x=inf, clear_frames=4899
[INFO] [1782640160.966729173] [unitree_safe_cmd_node]: Move x=0.500, z=-0.045, stop_count=0, roi_count=0, nearest_x=inf, clear_frames=4904
[INFO] [1782640161.517896212] [unitree_safe_cmd_node]: Move x=0.500, z=-0.019, stop_count=0, roi_count=0, nearest_x=inf, clear_frames=4910
[INFO] [1782640162.066599423] [unitree_safe_cmd_node]: Move x=0.500, z=-0.023, stop_count=0, roi_count=0, nearest_x=inf, clear_frames=4915
[INFO] [1782640162.570640645] [unitree_safe_cmd_node]: Move x=0.500, z=-0.024, stop_count=0, roi_count=0, nearest_x=inf, clear_frames=4920
[INFO] [1782640163.119544117] [unitree_safe_cmd_node]: Move x=0.500, z=-0.029, stop_count=0, roi_count=0, nearest_x=inf, clear_frames=4926
[INFO] [1782640163.666926233] [unitree_safe_cmd_node]: Move x=0.500, z=-0.028, stop_count=0, roi_count=0, nearest_x=inf, clear_frames=4931
[INFO] [1782640164.216866759] [unitree_safe_cmd_node]: Move x=0.500, z=-0.009, stop_count=0, roi_count=0, nearest_x=inf, clear_frames=4936
[INFO] [1782640164.717375265] [unitree_safe_cmd_node]: Move x=0.500, z=-0.005, stop_count=0, roi_count=0, nearest_x=inf, clear_frames=4941
[INFO] [1782640165.266821360] [unitree_safe_cmd_node]: Move x=0.500, z=0.034, stop_count=0, roi_count=0, nearest_x=inf, clear_frames=4947
[INFO] [1782640165.817105050] [unitree_safe_cmd_node]: Move x=0.500, z=0.009, stop_count=0, roi_count=0, nearest_x=inf, clear_frames=4952
[INFO] [1782640166.366640797] [unitree_safe_cmd_node]: Move x=0.500, z=0.001, stop_count=0, roi_count=0, nearest_x=inf, clear_frames=4958
[INFO] [1782640166.866718695] [unitree_safe_cmd_node]: Move x=0.500, z=0.008, stop_count=0, roi_count=0, nearest_x=inf, clear_frames=4963
[INFO] [1782640167.366583840] [unitree_safe_cmd_node]: Move x=0.500, z=0.017, stop_count=0, roi_count=0, nearest_x=inf, clear_frames=4968
[INFO] [1782640167.866645966] [unitree_safe_cmd_node]: Move x=0.500, z=-0.002, stop_count=0, roi_count=0, nearest_x=inf, clear_frames=4973
[INFO] [1782640168.417586472] [unitree_safe_cmd_node]: Move x=0.500, z=-0.021, stop_count=0, roi_count=0, nearest_x=inf, clear_frames=4978
[INFO] [1782640168.966780424] [unitree_safe_cmd_node]: Move x=0.500, z=-0.011, stop_count=0, roi_count=0, nearest_x=inf, clear_frames=4984
[INFO] [1782640169.517053571] [unitree_safe_cmd_node]: Move x=0.500, z=-0.012, stop_count=0, roi_count=0, nearest_x=inf, clear_frames=4989
[INFO] [1782640170.017085831] [unitree_safe_cmd_node]: Move x=0.500, z=0.002, stop_count=0, roi_count=0, nearest_x=inf, clear_frames=4994
[INFO] [1782640170.520617620] [unitree_safe_cmd_node]: Move x=0.500, z=-0.028, stop_count=0, roi_count=0, nearest_x=inf, clear_frames=5000
[INFO] [1782640171.023426511] [unitree_safe_cmd_node]: Move x=0.500, z=0.005, stop_count=0, roi_count=0, nearest_x=inf, clear_frames=5005
[INFO] [1782640171.566863633] [unitree_safe_cmd_node]: Move x=0.500, z=-0.028, stop_count=0, roi_count=0, nearest_x=inf, clear_frames=5010
[INFO] [1782640172.117026324] [unitree_safe_cmd_node]: Move x=0.500, z=-0.034, stop_count=0, roi_count=0, nearest_x=inf, clear_frames=5015
[INFO] [1782640172.621617782] [unitree_safe_cmd_node]: Move x=0.500, z=0.007, stop_count=0, roi_count=0, nearest_x=inf, clear_frames=5021
[INFO] [1782640173.166827390] [unitree_safe_cmd_node]: Move x=0.500, z=-0.012, stop_count=0, roi_count=0, nearest_x=inf, clear_frames=5026
[INFO] [1782640173.721042199] [unitree_safe_cmd_node]: Move x=0.500, z=0.007, stop_count=0, roi_count=0, nearest_x=inf, clear_frames=5032
[INFO] [1782640174.266603064] [unitree_safe_cmd_node]: Move x=0.500, z=-0.017, stop_count=0, roi_count=0, nearest_x=inf, clear_frames=5037
[INFO] [1782640174.821848204] [unitree_safe_cmd_node]: Move x=0.500, z=0.018, stop_count=0, roi_count=0, nearest_x=inf, clear_frames=5043
[INFO] [1782640175.366546753] [unitree_safe_cmd_node]: Move x=0.500, z=-0.012, stop_count=0, roi_count=0, nearest_x=inf, clear_frames=5048
[INFO] [1782640175.917242261] [unitree_safe_cmd_node]: Move x=0.500, z=-0.037, stop_count=0, roi_count=0, nearest_x=inf, clear_frames=5053
[INFO] [1782640176.466754702] [unitree_safe_cmd_node]: Move x=0.500, z=-0.018, stop_count=0, roi_count=0, nearest_x=inf, clear_frames=5059
[INFO] [1782640176.968110835] [unitree_safe_cmd_node]: Move x=0.500, z=-0.036, stop_count=0, roi_count=0, nearest_x=inf, clear_frames=5064
[INFO] [1782640177.520451881] [unitree_safe_cmd_node]: Move x=0.500, z=-0.017, stop_count=0, roi_count=0, nearest_x=inf, clear_frames=5070
[INFO] [1782640178.024198468] [unitree_safe_cmd_node]: Move x=0.500, z=0.006, stop_count=0, roi_count=0, nearest_x=inf, clear_frames=5075
[INFO] [1782640178.566631506] [unitree_safe_cmd_node]: Move x=0.500, z=0.025, stop_count=0, roi_count=0, nearest_x=inf, clear_frames=5080
[INFO] [1782640179.066901105] [unitree_safe_cmd_node]: Move x=0.500, z=-0.001, stop_count=0, roi_count=0, nearest_x=inf, clear_frames=5085
[INFO] [1782640179.617169760] [unitree_safe_cmd_node]: Move x=0.500, z=-0.048, stop_count=0, roi_count=0, nearest_x=inf, clear_frames=5090
[INFO] [1782640180.166697365] [unitree_safe_cmd_node]: Move x=0.500, z=-0.014, stop_count=0, roi_count=0, nearest_x=inf, clear_frames=5096
[INFO] [1782640180.717234139] [unitree_safe_cmd_node]: Move x=0.500, z=0.022, stop_count=0, roi_count=0, nearest_x=inf, clear_frames=5101
[INFO] [1782640181.216999745] [unitree_safe_cmd_node]: Move x=0.500, z=0.004, stop_count=0, roi_count=0, nearest_x=inf, clear_frames=5106
[INFO] [1782640181.717030317] [unitree_safe_cmd_node]: Move x=0.500, z=0.013, stop_count=0, roi_count=0, nearest_x=inf, clear_frames=5111
[INFO] [1782640182.217115191] [unitree_safe_cmd_node]: Move x=0.500, z=0.008, stop_count=0, roi_count=0, nearest_x=inf, clear_frames=5116
[INFO] [1782640182.766615735] [unitree_safe_cmd_node]: Move x=0.500, z=-0.004, stop_count=0, roi_count=0, nearest_x=inf, clear_frames=5122
[INFO] [1782640183.266662494] [unitree_safe_cmd_node]: Move x=0.500, z=-0.030, stop_count=0, roi_count=0, nearest_x=inf, clear_frames=5127
[INFO] [1782640183.766849050] [unitree_safe_cmd_node]: Move x=0.500, z=-0.024, stop_count=0, roi_count=0, nearest_x=inf, clear_frames=5132
[INFO] [1782640184.321751207] [unitree_safe_cmd_node]: Move x=0.500, z=-0.026, stop_count=0, roi_count=0, nearest_x=inf, clear_frames=5138
[INFO] [1782640184.866691967] [unitree_safe_cmd_node]: Move x=0.500, z=-0.042, stop_count=0, roi_count=0, nearest_x=inf, clear_frames=5143
[INFO] [1782640185.367812376] [unitree_safe_cmd_node]: Move x=0.500, z=-0.053, stop_count=0, roi_count=0, nearest_x=inf, clear_frames=5148
[INFO] [1782640185.866640817] [unitree_safe_cmd_node]: Move x=0.500, z=-0.032, stop_count=0, roi_count=0, nearest_x=inf, clear_frames=5153
[INFO] [1782640186.417190112] [unitree_safe_cmd_node]: Move x=0.500, z=-0.020, stop_count=0, roi_count=0, nearest_x=inf, clear_frames=5158
[INFO] [1782640186.918785188] [unitree_safe_cmd_node]: Move x=0.500, z=-0.012, stop_count=0, roi_count=0, nearest_x=inf, clear_frames=5163
[INFO] [1782640187.466599168] [unitree_safe_cmd_node]: Move x=0.500, z=-0.011, stop_count=0, roi_count=0, nearest_x=inf, clear_frames=5169
[INFO] [1782640187.966711164] [unitree_safe_cmd_node]: Move x=0.500, z=-0.053, stop_count=0, roi_count=0, nearest_x=inf, clear_frames=5174
[INFO] [1782640188.517335468] [unitree_safe_cmd_node]: Move x=0.500, z=-0.020, stop_count=0, roi_count=0, nearest_x=inf, clear_frames=5179
[INFO] [1782640189.066958889] [unitree_safe_cmd_node]: Move x=0.500, z=-0.020, stop_count=0, roi_count=0, nearest_x=inf, clear_frames=5185
[INFO] [1782640189.617251219] [unitree_safe_cmd_node]: Move x=0.500, z=-0.024, stop_count=0, roi_count=0, nearest_x=inf, clear_frames=5190
[INFO] [1782640190.167001591] [unitree_safe_cmd_node]: Move x=0.500, z=0.008, stop_count=0, roi_count=0, nearest_x=inf, clear_frames=5196
[INFO] [1782640190.717102012] [unitree_safe_cmd_node]: Move x=0.500, z=-0.016, stop_count=0, roi_count=0, nearest_x=inf, clear_frames=5201
[INFO] [1782640191.217172738] [unitree_safe_cmd_node]: Move x=0.500, z=-0.005, stop_count=0, roi_count=0, nearest_x=inf, clear_frames=5206
[INFO] [1782640191.766812414] [unitree_safe_cmd_node]: Move x=0.500, z=-0.026, stop_count=0, roi_count=0, nearest_x=inf, clear_frames=5212
[INFO] [1782640192.266642100] [unitree_safe_cmd_node]: Move x=0.500, z=-0.052, stop_count=0, roi_count=0, nearest_x=inf, clear_frames=5217
[INFO] [1782640192.817029202] [unitree_safe_cmd_node]: Move x=0.500, z=-0.039, stop_count=0, roi_count=0, nearest_x=inf, clear_frames=5222
[INFO] [1782640193.322007782] [unitree_safe_cmd_node]: Move x=0.500, z=-0.059, stop_count=0, roi_count=0, nearest_x=inf, clear_frames=5227
[INFO] [1782640193.866745740] [unitree_safe_cmd_node]: Move x=0.500, z=-0.049, stop_count=0, roi_count=0, nearest_x=inf, clear_frames=5233
[INFO] [1782640194.420526688] [unitree_safe_cmd_node]: Move x=0.500, z=-0.028, stop_count=0, roi_count=0, nearest_x=inf, clear_frames=5238
[INFO] [1782640194.966658887] [unitree_safe_cmd_node]: Move x=0.500, z=-0.021, stop_count=0, roi_count=0, nearest_x=inf, clear_frames=5244
[INFO] [1782640195.467198182] [unitree_safe_cmd_node]: Move x=0.500, z=0.001, stop_count=0, roi_count=0, nearest_x=inf, clear_frames=5249
[INFO] [1782640196.017137612] [unitree_safe_cmd_node]: Move x=0.500, z=-0.015, stop_count=0, roi_count=0, nearest_x=inf, clear_frames=5254
[INFO] [1782640196.517615357] [unitree_safe_cmd_node]: Move x=0.500, z=-0.003, stop_count=0, roi_count=0, nearest_x=inf, clear_frames=5259
[INFO] [1782640197.067246789] [unitree_safe_cmd_node]: Move x=0.500, z=0.023, stop_count=0, roi_count=0, nearest_x=inf, clear_frames=5265
[INFO] [1782640197.573946663] [unitree_safe_cmd_node]: Move x=0.500, z=0.032, stop_count=0, roi_count=0, nearest_x=inf, clear_frames=5270
[INFO] [1782640198.116996064] [unitree_safe_cmd_node]: Move x=0.500, z=-0.017, stop_count=0, roi_count=0, nearest_x=inf, clear_frames=5275
[INFO] [1782640198.617194729] [unitree_safe_cmd_node]: Move x=0.500, z=-0.010, stop_count=0, roi_count=0, nearest_x=inf, clear_frames=5280
[INFO] [1782640199.166674699] [unitree_safe_cmd_node]: Move x=0.500, z=-0.013, stop_count=0, roi_count=0, nearest_x=inf, clear_frames=5286
[INFO] [1782640199.666875412] [unitree_safe_cmd_node]: Move x=0.500, z=-0.042, stop_count=0, roi_count=0, nearest_x=inf, clear_frames=5291
[INFO] [1782640200.216894768] [unitree_safe_cmd_node]: Move x=0.500, z=0.005, stop_count=0, roi_count=0, nearest_x=inf, clear_frames=5296
[INFO] [1782640200.717041827] [unitree_safe_cmd_node]: Move x=0.500, z=-0.002, stop_count=0, roi_count=0, nearest_x=inf, clear_frames=5301
[INFO] [1782640201.217065034] [unitree_safe_cmd_node]: Move x=0.500, z=-0.011, stop_count=0, roi_count=0, nearest_x=inf, clear_frames=5306
[INFO] [1782640201.717294740] [unitree_safe_cmd_node]: Move x=0.500, z=-0.016, stop_count=0, roi_count=0, nearest_x=inf, clear_frames=5311
[INFO] [1782640202.266787582] [unitree_safe_cmd_node]: Move x=0.500, z=-0.006, stop_count=0, roi_count=0, nearest_x=inf, clear_frames=5317
[INFO] [1782640202.767075951] [unitree_safe_cmd_node]: Move x=0.500, z=-0.024, stop_count=0, roi_count=0, nearest_x=inf, clear_frames=5322
[INFO] [1782640203.317097959] [unitree_safe_cmd_node]: Move x=0.500, z=-0.028, stop_count=0, roi_count=0, nearest_x=inf, clear_frames=5327
[INFO] [1782640203.817672827] [unitree_safe_cmd_node]: Move x=0.500, z=0.014, stop_count=0, roi_count=0, nearest_x=inf, clear_frames=5332
[INFO] [1782640204.367047987] [unitree_safe_cmd_node]: Move x=0.500, z=0.026, stop_count=0, roi_count=0, nearest_x=inf, clear_frames=5338
[INFO] [1782640204.917275180] [unitree_safe_cmd_node]: Move x=0.500, z=0.005, stop_count=0, roi_count=0, nearest_x=inf, clear_frames=5343
[INFO] [1782640205.466726332] [unitree_safe_cmd_node]: Move x=0.500, z=0.006, stop_count=0, roi_count=0, nearest_x=inf, clear_frames=5349
[INFO] [1782640205.967090331] [unitree_safe_cmd_node]: Move x=0.500, z=0.009, stop_count=0, roi_count=0, nearest_x=inf, clear_frames=5354
[INFO] [1782640206.466620223] [unitree_safe_cmd_node]: Move x=0.500, z=-0.019, stop_count=0, roi_count=0, nearest_x=inf, clear_frames=5359
[INFO] [1782640207.017079479] [unitree_safe_cmd_node]: Move x=0.500, z=-0.009, stop_count=0, roi_count=0, nearest_x=inf, clear_frames=5364
[INFO] [1782640207.566593836] [unitree_safe_cmd_node]: Move x=0.500, z=-0.033, stop_count=0, roi_count=0, nearest_x=inf, clear_frames=5370
[INFO] [1782640208.117028850] [unitree_safe_cmd_node]: Move x=0.500, z=-0.018, stop_count=0, roi_count=0, nearest_x=inf, clear_frames=5375
[INFO] [1782640208.617162849] [unitree_safe_cmd_node]: Move x=0.500, z=0.008, stop_count=0, roi_count=0, nearest_x=inf, clear_frames=5380
[INFO] [1782640209.117232477] [unitree_safe_cmd_node]: Move x=0.500, z=-0.011, stop_count=0, roi_count=0, nearest_x=inf, clear_frames=5385
[INFO] [1782640209.618453542] [unitree_safe_cmd_node]: Move x=0.500, z=-0.008, stop_count=0, roi_count=0, nearest_x=inf, clear_frames=5390
[INFO] [1782640210.117118841] [unitree_safe_cmd_node]: Move x=0.500, z=-0.028, stop_count=0, roi_count=0, nearest_x=inf, clear_frames=5395
[INFO] [1782640210.666633146] [unitree_safe_cmd_node]: Move x=0.500, z=-0.034, stop_count=0, roi_count=0, nearest_x=inf, clear_frames=5401
[INFO] [1782640211.217038868] [unitree_safe_cmd_node]: Move x=0.500, z=-0.023, stop_count=0, roi_count=0, nearest_x=inf, clear_frames=5406
[INFO] [1782640211.717036231] [unitree_safe_cmd_node]: Move x=0.500, z=-0.035, stop_count=0, roi_count=0, nearest_x=inf, clear_frames=5411
[INFO] [1782640212.266630273] [unitree_safe_cmd_node]: Move x=0.500, z=0.017, stop_count=0, roi_count=0, nearest_x=inf, clear_frames=5417
[INFO] [1782640212.767304345] [unitree_safe_cmd_node]: Move x=0.500, z=-0.019, stop_count=0, roi_count=0, nearest_x=inf, clear_frames=5422
[INFO] [1782640213.266936907] [unitree_safe_cmd_node]: Move x=0.500, z=-0.008, stop_count=0, roi_count=0, nearest_x=inf, clear_frames=5427
[INFO] [1782640213.817019739] [unitree_safe_cmd_node]: Move x=0.500, z=-0.021, stop_count=0, roi_count=0, nearest_x=inf, clear_frames=5432
[INFO] [1782640214.317039264] [unitree_safe_cmd_node]: Move x=0.500, z=-0.027, stop_count=0, roi_count=0, nearest_x=inf, clear_frames=5437
[INFO] [1782640214.818558779] [unitree_safe_cmd_node]: Move x=0.500, z=-0.017, stop_count=0, roi_count=0, nearest_x=inf, clear_frames=5442
[INFO] [1782640215.317216066] [unitree_safe_cmd_node]: Move x=0.500, z=-0.037, stop_count=0, roi_count=0, nearest_x=inf, clear_frames=5447
[INFO] [1782640215.866616379] [unitree_safe_cmd_node]: Move x=0.500, z=-0.013, stop_count=0, roi_count=0, nearest_x=inf, clear_frames=5453
[INFO] [1782640216.366667731] [unitree_safe_cmd_node]: Move x=0.500, z=-0.028, stop_count=0, roi_count=0, nearest_x=inf, clear_frames=5458
[INFO] [1782640216.866901563] [unitree_safe_cmd_node]: Move x=0.500, z=-0.027, stop_count=0, roi_count=0, nearest_x=inf, clear_frames=5463
[INFO] [1782640217.417131896] [unitree_safe_cmd_node]: Move x=0.500, z=-0.034, stop_count=0, roi_count=0, nearest_x=inf, clear_frames=5468
[INFO] [1782640217.966599460] [unitree_safe_cmd_node]: Move x=0.500, z=0.006, stop_count=0, roi_count=0, nearest_x=inf, clear_frames=5474
[INFO] [1782640218.466658559] [unitree_safe_cmd_node]: Move x=0.500, z=-0.013, stop_count=0, roi_count=0, nearest_x=inf, clear_frames=5479
[INFO] [1782640219.017227972] [unitree_safe_cmd_node]: Move x=0.500, z=-0.007, stop_count=0, roi_count=0, nearest_x=inf, clear_frames=5484
[INFO] [1782640219.517750373] [unitree_safe_cmd_node]: Move x=0.500, z=-0.011, stop_count=0, roi_count=0, nearest_x=inf, clear_frames=5489
[INFO] [1782640220.067220880] [unitree_safe_cmd_node]: Move x=0.500, z=-0.038, stop_count=0, roi_count=0, nearest_x=inf, clear_frames=5495
[INFO] [1782640220.617040422] [unitree_safe_cmd_node]: Move x=0.500, z=-0.003, stop_count=0, roi_count=0, nearest_x=inf, clear_frames=5500
[INFO] [1782640221.117330172] [unitree_safe_cmd_node]: Move x=0.500, z=0.005, stop_count=0, roi_count=0, nearest_x=inf, clear_frames=5505
[INFO] [1782640221.617682945] [unitree_safe_cmd_node]: Move x=0.500, z=-0.012, stop_count=0, roi_count=0, nearest_x=inf, clear_frames=5510
[INFO] [1782640222.167044042] [unitree_safe_cmd_node]: Move x=0.500, z=0.012, stop_count=0, roi_count=0, nearest_x=inf, clear_frames=5516
[INFO] [1782640222.716993624] [unitree_safe_cmd_node]: Move x=0.500, z=0.018, stop_count=0, roi_count=0, nearest_x=inf, clear_frames=5521
[INFO] [1782640223.217190815] [unitree_safe_cmd_node]: Move x=0.500, z=0.010, stop_count=0, roi_count=0, nearest_x=inf, clear_frames=5526
[INFO] [1782640223.766939545] [unitree_safe_cmd_node]: Move x=0.500, z=-0.015, stop_count=0, roi_count=0, nearest_x=inf, clear_frames=5532
[INFO] [1782640224.268023681] [unitree_safe_cmd_node]: Move x=0.500, z=-0.020, stop_count=0, roi_count=0, nearest_x=inf, clear_frames=5537
[INFO] [1782640224.817041448] [unitree_safe_cmd_node]: Move x=0.500, z=-0.029, stop_count=0, roi_count=0, nearest_x=inf, clear_frames=5542
[INFO] [1782640225.317148852] [unitree_safe_cmd_node]: Move x=0.500, z=0.019, stop_count=0, roi_count=0, nearest_x=inf, clear_frames=5547
[INFO] [1782640225.820199550] [unitree_safe_cmd_node]: Move x=0.500, z=-0.017, stop_count=0, roi_count=0, nearest_x=inf, clear_frames=5552
[INFO] [1782640226.367091327] [unitree_safe_cmd_node]: Move x=0.500, z=0.020, stop_count=0, roi_count=0, nearest_x=inf, clear_frames=5558
[INFO] [1782640226.917135616] [unitree_safe_cmd_node]: Move x=0.500, z=-0.019, stop_count=0, roi_count=0, nearest_x=inf, clear_frames=5563
[INFO] [1782640227.421497154] [unitree_safe_cmd_node]: Move x=0.500, z=-0.016, stop_count=0, roi_count=0, nearest_x=inf, clear_frames=5568
[INFO] [1782640227.967012426] [unitree_safe_cmd_node]: Move x=0.500, z=0.031, stop_count=0, roi_count=0, nearest_x=inf, clear_frames=5574
[INFO] [1782640228.466639726] [unitree_safe_cmd_node]: Move x=0.500, z=0.008, stop_count=0, roi_count=0, nearest_x=inf, clear_frames=5579
[INFO] [1782640229.017267285] [unitree_safe_cmd_node]: Move x=0.500, z=-0.035, stop_count=0, roi_count=0, nearest_x=inf, clear_frames=5584
[INFO] [1782640229.566828870] [unitree_safe_cmd_node]: Move x=0.500, z=-0.038, stop_count=0, roi_count=0, nearest_x=inf, clear_frames=5590
[INFO] [1782640230.117253263] [unitree_safe_cmd_node]: Move x=0.500, z=0.009, stop_count=0, roi_count=0, nearest_x=inf, clear_frames=5595
[INFO] [1782640230.666631389] [unitree_safe_cmd_node]: Move x=0.500, z=-0.009, stop_count=0, roi_count=0, nearest_x=inf, clear_frames=5601
[INFO] [1782640231.168607406] [unitree_safe_cmd_node]: Move x=0.500, z=-0.010, stop_count=0, roi_count=0, nearest_x=inf, clear_frames=5606
[INFO] [1782640231.717033686] [unitree_safe_cmd_node]: Move x=0.500, z=0.015, stop_count=0, roi_count=0, nearest_x=inf, clear_frames=5611
[INFO] [1782640232.217139589] [unitree_safe_cmd_node]: Move x=0.500, z=-0.013, stop_count=0, roi_count=0, nearest_x=inf, clear_frames=5616
[INFO] [1782640232.766768721] [unitree_safe_cmd_node]: Move x=0.500, z=0.000, stop_count=0, roi_count=0, nearest_x=inf, clear_frames=5622
[INFO] [1782640233.317029846] [unitree_safe_cmd_node]: Move x=0.500, z=-0.027, stop_count=0, roi_count=0, nearest_x=inf, clear_frames=5627
[INFO] [1782640233.866606001] [unitree_safe_cmd_node]: Move x=0.500, z=-0.022, stop_count=0, roi_count=0, nearest_x=inf, clear_frames=5633
[INFO] [1782640234.417092470] [unitree_safe_cmd_node]: Move x=0.500, z=-0.084, stop_count=0, roi_count=0, nearest_x=inf, clear_frames=5638
[INFO] [1782640234.918040618] [unitree_safe_cmd_node]: Move x=0.500, z=-0.093, stop_count=0, roi_count=0, nearest_x=inf, clear_frames=5643
[INFO] [1782640235.418804814] [unitree_safe_cmd_node]: Move x=0.500, z=-0.088, stop_count=0, roi_count=0, nearest_x=inf, clear_frames=5648
[INFO] [1782640235.967101275] [unitree_safe_cmd_node]: Move x=0.500, z=-0.100, stop_count=0, roi_count=0, nearest_x=inf, clear_frames=5654
[INFO] [1782640236.517058675] [unitree_safe_cmd_node]: Move x=0.500, z=-0.097, stop_count=0, roi_count=0, nearest_x=inf, clear_frames=5659
[INFO] [1782640237.017232104] [unitree_safe_cmd_node]: Move x=0.500, z=-0.087, stop_count=0, roi_count=0, nearest_x=inf, clear_frames=5664
[INFO] [1782640237.517496637] [unitree_safe_cmd_node]: Move x=0.500, z=-0.064, stop_count=0, roi_count=0, nearest_x=inf, clear_frames=5669
[INFO] [1782640238.067365820] [unitree_safe_cmd_node]: Move x=0.500, z=-0.032, stop_count=0, roi_count=0, nearest_x=inf, clear_frames=5675
[INFO] [1782640238.617179456] [unitree_safe_cmd_node]: Move x=0.500, z=-0.041, stop_count=0, roi_count=0, nearest_x=inf, clear_frames=5680
[INFO] [1782640239.117066119] [unitree_safe_cmd_node]: Move x=0.500, z=0.010, stop_count=0, roi_count=0, nearest_x=inf, clear_frames=5685
[INFO] [1782640239.668718483] [unitree_safe_cmd_node]: Move x=0.500, z=-0.001, stop_count=0, roi_count=0, nearest_x=inf, clear_frames=5691
[INFO] [1782640240.217070453] [unitree_safe_cmd_node]: Move x=0.500, z=-0.006, stop_count=0, roi_count=0, nearest_x=inf, clear_frames=5696
[INFO] [1782640240.717189501] [unitree_safe_cmd_node]: Move x=0.500, z=-0.005, stop_count=0, roi_count=0, nearest_x=inf, clear_frames=5700
[INFO] [1782640241.266591329] [unitree_safe_cmd_node]: Move x=0.500, z=-0.020, stop_count=0, roi_count=0, nearest_x=inf, clear_frames=5706
[INFO] [1782640241.817060001] [unitree_safe_cmd_node]: Move x=0.500, z=0.011, stop_count=0, roi_count=0, nearest_x=inf, clear_frames=5711
[INFO] [1782640242.366630737] [unitree_safe_cmd_node]: Move x=0.500, z=0.038, stop_count=0, roi_count=0, nearest_x=inf, clear_frames=5717
[INFO] [1782640242.866627965] [unitree_safe_cmd_node]: Move x=0.500, z=0.036, stop_count=0, roi_count=0, nearest_x=inf, clear_frames=5722
[INFO] [1782640243.417061645] [unitree_safe_cmd_node]: Move x=0.500, z=0.020, stop_count=0, roi_count=0, nearest_x=inf, clear_frames=5726
[INFO] [1782640243.917087753] [unitree_safe_cmd_node]: Move x=0.500, z=-0.009, stop_count=0, roi_count=0, nearest_x=inf, clear_frames=5731
[INFO] [1782640244.417087594] [unitree_safe_cmd_node]: Move x=0.500, z=-0.022, stop_count=0, roi_count=0, nearest_x=inf, clear_frames=5736
[INFO] [1782640244.966616815] [unitree_safe_cmd_node]: Move x=0.500, z=-0.005, stop_count=0, roi_count=0, nearest_x=inf, clear_frames=5742
[INFO] [1782640245.466617755] [unitree_safe_cmd_node]: Move x=0.500, z=-0.033, stop_count=0, roi_count=0, nearest_x=inf, clear_frames=5747
[INFO] [1782640246.017340470] [unitree_safe_cmd_node]: Move x=0.500, z=-0.027, stop_count=0, roi_count=0, nearest_x=inf, clear_frames=5752
[INFO] [1782640246.566667438] [unitree_safe_cmd_node]: Move x=0.500, z=-0.050, stop_count=0, roi_count=0, nearest_x=inf, clear_frames=5758
[INFO] [1782640247.067068808] [unitree_safe_cmd_node]: Move x=0.500, z=-0.052, stop_count=0, roi_count=0, nearest_x=inf, clear_frames=5763
[INFO] [1782640247.617291650] [unitree_safe_cmd_node]: Move x=0.500, z=-0.080, stop_count=0, roi_count=0, nearest_x=inf, clear_frames=5768
[INFO] [1782640248.166627176] [unitree_safe_cmd_node]: Move x=0.500, z=-0.075, stop_count=0, roi_count=0, nearest_x=inf, clear_frames=5774
[INFO] [1782640248.666607338] [unitree_safe_cmd_node]: Move x=0.500, z=-0.103, stop_count=0, roi_count=0, nearest_x=inf, clear_frames=5779
[INFO] [1782640249.166672030] [unitree_safe_cmd_node]: Move x=0.500, z=-0.087, stop_count=0, roi_count=0, nearest_x=inf, clear_frames=5784
[INFO] [1782640249.717045090] [unitree_safe_cmd_node]: Move x=0.500, z=-0.083, stop_count=0, roi_count=0, nearest_x=inf, clear_frames=5789
[INFO] [1782640250.217176777] [unitree_safe_cmd_node]: Move x=0.500, z=-0.086, stop_count=0, roi_count=0, nearest_x=inf, clear_frames=5794
[INFO] [1782640250.767034238] [unitree_safe_cmd_node]: Move x=0.500, z=-0.112, stop_count=0, roi_count=0, nearest_x=inf, clear_frames=5800
[INFO] [1782640251.317377577] [unitree_safe_cmd_node]: Move x=0.500, z=-0.099, stop_count=0, roi_count=0, nearest_x=inf, clear_frames=5805
[INFO] [1782640251.866663652] [unitree_safe_cmd_node]: Move x=0.500, z=-0.105, stop_count=0, roi_count=0, nearest_x=inf, clear_frames=5811
[INFO] [1782640252.417026363] [unitree_safe_cmd_node]: Move x=0.500, z=-0.122, stop_count=0, roi_count=0, nearest_x=inf, clear_frames=5816
[INFO] [1782640252.917063235] [unitree_safe_cmd_node]: Move x=0.500, z=-0.107, stop_count=0, roi_count=0, nearest_x=inf, clear_frames=5821
[INFO] [1782640253.417044326] [unitree_safe_cmd_node]: Move x=0.500, z=-0.080, stop_count=0, roi_count=0, nearest_x=inf, clear_frames=5826
[INFO] [1782640253.917088821] [unitree_safe_cmd_node]: Move x=0.500, z=-0.089, stop_count=0, roi_count=0, nearest_x=inf, clear_frames=5831
[INFO] [1782640254.466645649] [unitree_safe_cmd_node]: Move x=0.500, z=-0.053, stop_count=0, roi_count=0, nearest_x=inf, clear_frames=5837
[INFO] [1782640254.966993049] [unitree_safe_cmd_node]: Move x=0.500, z=-0.056, stop_count=0, roi_count=0, nearest_x=inf, clear_frames=5842
[INFO] [1782640255.516995110] [unitree_safe_cmd_node]: Move x=0.500, z=-0.034, stop_count=0, roi_count=0, nearest_x=inf, clear_frames=5847
[INFO] [1782640256.017033375] [unitree_safe_cmd_node]: Move x=0.500, z=-0.044, stop_count=0, roi_count=0, nearest_x=inf, clear_frames=5852
[INFO] [1782640256.517594933] [unitree_safe_cmd_node]: Move x=0.500, z=-0.009, stop_count=0, roi_count=0, nearest_x=inf, clear_frames=5857
[INFO] [1782640257.067029544] [unitree_safe_cmd_node]: Move x=0.500, z=-0.008, stop_count=0, roi_count=0, nearest_x=inf, clear_frames=5863
[INFO] [1782640257.617005852] [unitree_safe_cmd_node]: Move x=0.500, z=-0.003, stop_count=0, roi_count=0, nearest_x=inf, clear_frames=5868
[INFO] [1782640258.117040286] [unitree_safe_cmd_node]: Move x=0.500, z=0.005, stop_count=0, roi_count=0, nearest_x=inf, clear_frames=5873
[INFO] [1782640258.617475111] [unitree_safe_cmd_node]: Move x=0.500, z=0.002, stop_count=0, roi_count=0, nearest_x=inf, clear_frames=5878
[INFO] [1782640259.167271395] [unitree_safe_cmd_node]: Move x=0.500, z=0.002, stop_count=0, roi_count=0, nearest_x=inf, clear_frames=5884
[INFO] [1782640259.717421725] [unitree_safe_cmd_node]: Move x=0.500, z=-0.002, stop_count=0, roi_count=0, nearest_x=inf, clear_frames=5889
[INFO] [1782640260.268502807] [unitree_safe_cmd_node]: Move x=0.500, z=-0.030, stop_count=0, roi_count=0, nearest_x=inf, clear_frames=5895
[INFO] [1782640260.817044101] [unitree_safe_cmd_node]: Move x=0.500, z=-0.031, stop_count=0, roi_count=0, nearest_x=inf, clear_frames=5900
[INFO] [1782640261.317099543] [unitree_safe_cmd_node]: Move x=0.500, z=-0.094, stop_count=0, roi_count=0, nearest_x=inf, clear_frames=5905
[INFO] [1782640261.818580093] [unitree_safe_cmd_node]: Move x=0.500, z=-0.064, stop_count=0, roi_count=0, nearest_x=inf, clear_frames=5910
[INFO] [1782640262.367908631] [unitree_safe_cmd_node]: Move x=0.500, z=-0.112, stop_count=0, roi_count=0, nearest_x=inf, clear_frames=5916
[INFO] [1782640262.866649711] [unitree_safe_cmd_node]: Move x=0.500, z=-0.106, stop_count=0, roi_count=0, nearest_x=inf, clear_frames=5921
[INFO] [1782640263.417305709] [unitree_safe_cmd_node]: Move x=0.500, z=-0.097, stop_count=0, roi_count=0, nearest_x=inf, clear_frames=5926
[INFO] [1782640263.966636940] [unitree_safe_cmd_node]: Move x=0.500, z=-0.152, stop_count=0, roi_count=0, nearest_x=inf, clear_frames=5932
[INFO] [1782640264.466927345] [unitree_safe_cmd_node]: Move x=0.500, z=-0.151, stop_count=0, roi_count=0, nearest_x=inf, clear_frames=5937
[INFO] [1782640265.017078526] [unitree_safe_cmd_node]: Move x=0.500, z=-0.132, stop_count=0, roi_count=0, nearest_x=inf, clear_frames=5942
[INFO] [1782640265.566619014] [unitree_safe_cmd_node]: Move x=0.500, z=-0.091, stop_count=0, roi_count=0, nearest_x=inf, clear_frames=5948
[INFO] [1782640266.067177371] [unitree_safe_cmd_node]: Move x=0.500, z=-0.070, stop_count=0, roi_count=0, nearest_x=inf, clear_frames=5953
[INFO] [1782640266.616976818] [unitree_safe_cmd_node]: Move x=0.500, z=-0.102, stop_count=0, roi_count=0, nearest_x=inf, clear_frames=5958
[INFO] [1782640267.117186063] [unitree_safe_cmd_node]: Move x=0.500, z=-0.076, stop_count=0, roi_count=0, nearest_x=inf, clear_frames=5962
[INFO] [1782640267.667604402] [unitree_safe_cmd_node]: Move x=0.500, z=-0.154, stop_count=0, roi_count=0, nearest_x=inf, clear_frames=5968
[INFO] [1782640268.217159266] [unitree_safe_cmd_node]: Move x=0.500, z=-0.015, stop_count=0, roi_count=0, nearest_x=inf, clear_frames=5974
[INFO] [1782640268.717199751] [unitree_safe_cmd_node]: Move x=0.500, z=-0.010, stop_count=0, roi_count=0, nearest_x=inf, clear_frames=5979
[INFO] [1782640269.269571096] [unitree_safe_cmd_node]: Move x=0.500, z=-0.006, stop_count=0, roi_count=0, nearest_x=inf, clear_frames=5985
[INFO] [1782640269.819461350] [unitree_safe_cmd_node]: Move x=0.500, z=-0.002, stop_count=0, roi_count=0, nearest_x=inf, clear_frames=5990
[INFO] [1782640270.366603362] [unitree_safe_cmd_node]: Move x=0.500, z=-0.025, stop_count=0, roi_count=0, nearest_x=inf, clear_frames=5996
[INFO] [1782640270.866748029] [unitree_safe_cmd_node]: Move x=0.500, z=0.004, stop_count=0, roi_count=0, nearest_x=inf, clear_frames=6001
[INFO] [1782640271.366778982] [unitree_safe_cmd_node]: Move x=0.500, z=0.022, stop_count=0, roi_count=0, nearest_x=inf, clear_frames=6006
[INFO] [1782640271.916987437] [unitree_safe_cmd_node]: Move x=0.500, z=0.009, stop_count=0, roi_count=0, nearest_x=inf, clear_frames=6011
[INFO] [1782640272.420759890] [unitree_safe_cmd_node]: Move x=0.500, z=-0.008, stop_count=0, roi_count=0, nearest_x=inf, clear_frames=6017
[INFO] [1782640272.966840288] [unitree_safe_cmd_node]: Move x=0.500, z=-0.089, stop_count=0, roi_count=0, nearest_x=inf, clear_frames=6022
[INFO] [1782640273.517046762] [unitree_safe_cmd_node]: Move x=0.500, z=-0.062, stop_count=0, roi_count=0, nearest_x=inf, clear_frames=6027
[INFO] [1782640274.022561337] [unitree_safe_cmd_node]: Move x=0.500, z=-0.145, stop_count=0, roi_count=0, nearest_x=inf, clear_frames=6033
[INFO] [1782640274.566866333] [unitree_safe_cmd_node]: Move x=0.500, z=-0.159, stop_count=0, roi_count=0, nearest_x=inf, clear_frames=6038
[INFO] [1782640275.066934961] [unitree_safe_cmd_node]: Move x=0.500, z=-0.130, stop_count=0, roi_count=0, nearest_x=inf, clear_frames=6043
[INFO] [1782640275.617085846] [unitree_safe_cmd_node]: Move x=0.500, z=-0.098, stop_count=0, roi_count=0, nearest_x=inf, clear_frames=6048
[INFO] [1782640276.166787343] [unitree_safe_cmd_node]: Move x=0.500, z=-0.070, stop_count=0, roi_count=0, nearest_x=inf, clear_frames=6054
[INFO] [1782640276.667121139] [unitree_safe_cmd_node]: Move x=0.500, z=-0.043, stop_count=0, roi_count=0, nearest_x=inf, clear_frames=6059
[INFO] [1782640277.217046003] [unitree_safe_cmd_node]: Move x=0.500, z=0.007, stop_count=0, roi_count=0, nearest_x=inf, clear_frames=6064
[INFO] [1782640277.767677676] [unitree_safe_cmd_node]: Move x=0.500, z=-0.002, stop_count=0, roi_count=0, nearest_x=inf, clear_frames=6069
[INFO] [1782640278.319220577] [unitree_safe_cmd_node]: Move x=0.500, z=-0.019, stop_count=0, roi_count=0, nearest_x=inf, clear_frames=6075
[INFO] [1782640278.866524230] [unitree_safe_cmd_node]: Move x=0.500, z=-0.016, stop_count=0, roi_count=0, nearest_x=inf, clear_frames=6080
[INFO] [1782640279.367058576] [unitree_safe_cmd_node]: Move x=0.500, z=-0.018, stop_count=0, roi_count=0, nearest_x=inf, clear_frames=6085
[INFO] [1782640279.917035452] [unitree_safe_cmd_node]: Move x=0.500, z=-0.008, stop_count=0, roi_count=0, nearest_x=inf, clear_frames=6090
[INFO] [1782640280.417841301] [unitree_safe_cmd_node]: Move x=0.500, z=0.000, stop_count=0, roi_count=0, nearest_x=inf, clear_frames=6096
[INFO] [1782640280.920485573] [unitree_safe_cmd_node]: Move x=0.500, z=0.022, stop_count=0, roi_count=0, nearest_x=inf, clear_frames=6101
[INFO] [1782640281.466536538] [unitree_safe_cmd_node]: Move x=0.500, z=0.003, stop_count=0, roi_count=0, nearest_x=inf, clear_frames=6106
[INFO] [1782640281.966992792] [unitree_safe_cmd_node]: Move x=0.500, z=0.006, stop_count=0, roi_count=0, nearest_x=inf, clear_frames=6111
[INFO] [1782640282.519135767] [unitree_safe_cmd_node]: Move x=0.500, z=0.006, stop_count=0, roi_count=0, nearest_x=inf, clear_frames=6117
[INFO] [1782640283.020124561] [unitree_safe_cmd_node]: Move x=0.500, z=-0.005, stop_count=0, roi_count=0, nearest_x=inf, clear_frames=6122
[INFO] [1782640283.520526216] [unitree_safe_cmd_node]: Move x=0.500, z=-0.038, stop_count=0, roi_count=0, nearest_x=inf, clear_frames=6127
[INFO] [1782640284.022286981] [unitree_safe_cmd_node]: Move x=0.500, z=-0.020, stop_count=0, roi_count=0, nearest_x=inf, clear_frames=6132
[INFO] [1782640284.566524777] [unitree_safe_cmd_node]: Move x=0.500, z=0.028, stop_count=0, roi_count=0, nearest_x=inf, clear_frames=6137
[INFO] [1782640285.066979594] [unitree_safe_cmd_node]: Move x=0.500, z=0.018, stop_count=0, roi_count=0, nearest_x=inf, clear_frames=6142
[INFO] [1782640285.620730876] [unitree_safe_cmd_node]: Move x=0.500, z=-0.014, stop_count=0, roi_count=0, nearest_x=inf, clear_frames=6148
[INFO] [1782640286.166653983] [unitree_safe_cmd_node]: Move x=0.500, z=-0.034, stop_count=0, roi_count=0, nearest_x=inf, clear_frames=6153
[INFO] [1782640286.721004856] [unitree_safe_cmd_node]: Move x=0.500, z=-0.015, stop_count=0, roi_count=0, nearest_x=inf, clear_frames=6159
[INFO] [1782640287.266619304] [unitree_safe_cmd_node]: Move x=0.500, z=-0.034, stop_count=0, roi_count=0, nearest_x=inf, clear_frames=6164
[INFO] [1782640287.766796475] [unitree_safe_cmd_node]: Move x=0.500, z=-0.004, stop_count=0, roi_count=0, nearest_x=inf, clear_frames=6169
[INFO] [1782640288.321282412] [unitree_safe_cmd_node]: Move x=0.500, z=-0.006, stop_count=0, roi_count=0, nearest_x=inf, clear_frames=6175
[INFO] [1782640288.866612941] [unitree_safe_cmd_node]: Move x=0.500, z=0.013, stop_count=0, roi_count=0, nearest_x=inf, clear_frames=6180
[INFO] [1782640289.366602338] [unitree_safe_cmd_node]: Move x=0.500, z=0.011, stop_count=0, roi_count=0, nearest_x=inf, clear_frames=6185
[INFO] [1782640289.922463325] [unitree_safe_cmd_node]: Move x=0.500, z=-0.015, stop_count=0, roi_count=0, nearest_x=inf, clear_frames=6191
[INFO] [1782640290.422842100] [unitree_safe_cmd_node]: Move x=0.500, z=0.007, stop_count=0, roi_count=0, nearest_x=inf, clear_frames=6196
[INFO] [1782640290.966608300] [unitree_safe_cmd_node]: Move x=0.500, z=0.014, stop_count=0, roi_count=0, nearest_x=inf, clear_frames=6201
[INFO] [1782640291.520499227] [unitree_safe_cmd_node]: Move x=0.500, z=-0.012, stop_count=0, roi_count=0, nearest_x=inf, clear_frames=6207
[INFO] [1782640292.066524467] [unitree_safe_cmd_node]: Move x=0.500, z=-0.004, stop_count=0, roi_count=0, nearest_x=inf, clear_frames=6212
[INFO] [1782640292.566929936] [unitree_safe_cmd_node]: Move x=0.500, z=-0.023, stop_count=0, roi_count=0, nearest_x=inf, clear_frames=6217
[INFO] [1782640293.067135819] [unitree_safe_cmd_node]: Move x=0.500, z=-0.013, stop_count=0, roi_count=0, nearest_x=inf, clear_frames=6222
[INFO] [1782640293.617018258] [unitree_safe_cmd_node]: Move x=0.500, z=-0.003, stop_count=0, roi_count=0, nearest_x=inf, clear_frames=6227
[INFO] [1782640294.119780384] [unitree_safe_cmd_node]: Move x=0.500, z=-0.035, stop_count=0, roi_count=0, nearest_x=inf, clear_frames=6233
[INFO] [1782640294.619564564] [unitree_safe_cmd_node]: Move x=0.500, z=-0.042, stop_count=0, roi_count=0, nearest_x=inf, clear_frames=6238
[INFO] [1782640295.119944654] [unitree_safe_cmd_node]: Move x=0.500, z=-0.020, stop_count=0, roi_count=0, nearest_x=inf, clear_frames=6243
[INFO] [1782640295.621766172] [unitree_safe_cmd_node]: Move x=0.500, z=0.014, stop_count=0, roi_count=0, nearest_x=inf, clear_frames=6248
[INFO] [1782640296.166525215] [unitree_safe_cmd_node]: Move x=0.500, z=-0.056, stop_count=0, roi_count=0, nearest_x=inf, clear_frames=6253
[INFO] [1782640296.717094781] [unitree_safe_cmd_node]: Move x=0.500, z=-0.058, stop_count=0, roi_count=0, nearest_x=inf, clear_frames=6258
[INFO] [1782640297.217377927] [unitree_safe_cmd_node]: Move x=0.500, z=-0.039, stop_count=0, roi_count=0, nearest_x=inf, clear_frames=6263
[INFO] [1782640297.766588510] [unitree_safe_cmd_node]: Move x=0.500, z=-0.026, stop_count=0, roi_count=0, nearest_x=inf, clear_frames=6269
[INFO] [1782640298.266614684] [unitree_safe_cmd_node]: Move x=0.500, z=-0.011, stop_count=0, roi_count=0, nearest_x=inf, clear_frames=6274
[INFO] [1782640298.817198269] [unitree_safe_cmd_node]: Move x=0.500, z=-0.063, stop_count=0, roi_count=0, nearest_x=inf, clear_frames=6279
[INFO] [1782640299.322239055] [unitree_safe_cmd_node]: Move x=0.500, z=-0.029, stop_count=0, roi_count=0, nearest_x=inf, clear_frames=6285
[INFO] [1782640299.866721924] [unitree_safe_cmd_node]: Move x=0.500, z=-0.030, stop_count=0, roi_count=0, nearest_x=inf, clear_frames=6290
[INFO] [1782640300.417021909] [unitree_safe_cmd_node]: Move x=0.500, z=-0.002, stop_count=0, roi_count=0, nearest_x=inf, clear_frames=6295
[INFO] [1782640300.966604972] [unitree_safe_cmd_node]: Move x=0.500, z=-0.006, stop_count=0, roi_count=0, nearest_x=inf, clear_frames=6301
[INFO] [1782640301.467537125] [unitree_safe_cmd_node]: Move x=0.500, z=-0.003, stop_count=0, roi_count=0, nearest_x=inf, clear_frames=6306
[INFO] [1782640302.017638517] [unitree_safe_cmd_node]: Move x=0.500, z=0.003, stop_count=0, roi_count=0, nearest_x=inf, clear_frames=6311
[INFO] [1782640302.529608511] [unitree_safe_cmd_node]: Move x=0.500, z=-0.025, stop_count=0, roi_count=0, nearest_x=inf, clear_frames=6316
[INFO] [1782640303.066765979] [unitree_safe_cmd_node]: Move x=0.500, z=-0.022, stop_count=0, roi_count=0, nearest_x=inf, clear_frames=6322
[INFO] [1782640303.567356315] [unitree_safe_cmd_node]: Move x=0.500, z=0.020, stop_count=0, roi_count=0, nearest_x=inf, clear_frames=6327
[INFO] [1782640304.118342593] [unitree_safe_cmd_node]: Move x=0.500, z=-0.020, stop_count=0, roi_count=0, nearest_x=inf, clear_frames=6333
[INFO] [1782640304.667041443] [unitree_safe_cmd_node]: Move x=0.500, z=0.014, stop_count=0, roi_count=0, nearest_x=inf, clear_frames=6338
[INFO] [1782640305.166535593] [unitree_safe_cmd_node]: Move x=0.500, z=0.006, stop_count=0, roi_count=0, nearest_x=inf, clear_frames=6343
[INFO] [1782640305.666841850] [unitree_safe_cmd_node]: Move x=0.500, z=0.029, stop_count=0, roi_count=0, nearest_x=inf, clear_frames=6348
[INFO] [1782640306.216877663] [unitree_safe_cmd_node]: Move x=0.500, z=-0.033, stop_count=0, roi_count=0, nearest_x=inf, clear_frames=6353
[INFO] [1782640306.720071961] [unitree_safe_cmd_node]: Move x=0.500, z=-0.049, stop_count=0, roi_count=0, nearest_x=inf, clear_frames=6359
[INFO] [1782640307.266682746] [unitree_safe_cmd_node]: Move x=0.500, z=-0.049, stop_count=0, roi_count=0, nearest_x=inf, clear_frames=6364
[INFO] [1782640307.818267750] [unitree_safe_cmd_node]: Move x=0.500, z=0.012, stop_count=0, roi_count=0, nearest_x=inf, clear_frames=6370
[INFO] [1782640308.366587049] [unitree_safe_cmd_node]: Move x=0.500, z=0.014, stop_count=0, roi_count=0, nearest_x=inf, clear_frames=6375
[INFO] [1782640308.866644239] [unitree_safe_cmd_node]: Move x=0.500, z=0.023, stop_count=0, roi_count=0, nearest_x=inf, clear_frames=6380
[INFO] [1782640309.418628096] [unitree_safe_cmd_node]: Move x=0.500, z=-0.022, stop_count=0, roi_count=0, nearest_x=inf, clear_frames=6386
[INFO] [1782640309.921118499] [unitree_safe_cmd_node]: Move x=0.500, z=-0.022, stop_count=0, roi_count=0, nearest_x=inf, clear_frames=6391
[INFO] [1782640310.466601285] [unitree_safe_cmd_node]: Move x=0.500, z=0.008, stop_count=0, roi_count=0, nearest_x=inf, clear_frames=6396
[INFO] [1782640311.024491136] [unitree_safe_cmd_node]: Move x=0.500, z=0.001, stop_count=0, roi_count=0, nearest_x=inf, clear_frames=6402
[INFO] [1782640311.566524632] [unitree_safe_cmd_node]: Move x=0.500, z=0.011, stop_count=0, roi_count=0, nearest_x=inf, clear_frames=6407
[INFO] [1782640312.117029422] [unitree_safe_cmd_node]: Move x=0.500, z=-0.005, stop_count=0, roi_count=0, nearest_x=inf, clear_frames=6412
[INFO] [1782640312.619210814] [unitree_safe_cmd_node]: Move x=0.500, z=-0.029, stop_count=0, roi_count=0, nearest_x=inf, clear_frames=6418
[INFO] [1782640313.166622951] [unitree_safe_cmd_node]: Move x=0.500, z=0.006, stop_count=0, roi_count=0, nearest_x=inf, clear_frames=6423
[INFO] [1782640313.666621669] [unitree_safe_cmd_node]: Move x=0.500, z=0.006, stop_count=0, roi_count=0, nearest_x=inf, clear_frames=6428
[INFO] [1782640314.219144593] [unitree_safe_cmd_node]: Move x=0.500, z=0.023, stop_count=0, roi_count=0, nearest_x=inf, clear_frames=6433
[INFO] [1782640314.766527990] [unitree_safe_cmd_node]: Move x=0.500, z=-0.006, stop_count=0, roi_count=0, nearest_x=inf, clear_frames=6439
[INFO] [1782640315.320830288] [unitree_safe_cmd_node]: Move x=0.500, z=-0.016, stop_count=0, roi_count=0, nearest_x=inf, clear_frames=6445
[INFO] [1782640315.866658958] [unitree_safe_cmd_node]: Move x=0.500, z=-0.038, stop_count=0, roi_count=0, nearest_x=inf, clear_frames=6450
[INFO] [1782640316.420336510] [unitree_safe_cmd_node]: Move x=0.500, z=-0.062, stop_count=0, roi_count=0, nearest_x=inf, clear_frames=6456
[INFO] [1782640316.921812663] [unitree_safe_cmd_node]: Move x=0.500, z=-0.067, stop_count=0, roi_count=0, nearest_x=inf, clear_frames=6461
[INFO] [1782640317.466841964] [unitree_safe_cmd_node]: Move x=0.500, z=-0.024, stop_count=0, roi_count=0, nearest_x=inf, clear_frames=6466
[INFO] [1782640318.017525665] [unitree_safe_cmd_node]: Move x=0.500, z=-0.046, stop_count=0, roi_count=0, nearest_x=inf, clear_frames=6471
[INFO] [1782640318.519159412] [unitree_safe_cmd_node]: Move x=0.500, z=-0.050, stop_count=0, roi_count=0, nearest_x=inf, clear_frames=6477
[INFO] [1782640319.023510101] [unitree_safe_cmd_node]: Move x=0.500, z=-0.044, stop_count=0, roi_count=0, nearest_x=inf, clear_frames=6482
[INFO] [1782640319.566616164] [unitree_safe_cmd_node]: Move x=0.500, z=-0.018, stop_count=0, roi_count=0, nearest_x=inf, clear_frames=6487
[INFO] [1782640320.067271729] [unitree_safe_cmd_node]: Move x=0.500, z=-0.018, stop_count=0, roi_count=0, nearest_x=inf, clear_frames=6492
[INFO] [1782640320.618621272] [unitree_safe_cmd_node]: Move x=0.500, z=-0.019, stop_count=0, roi_count=0, nearest_x=inf, clear_frames=6497
[INFO] [1782640321.120526905] [unitree_safe_cmd_node]: Move x=0.500, z=-0.029, stop_count=0, roi_count=0, nearest_x=inf, clear_frames=6502
[INFO] [1782640321.666847370] [unitree_safe_cmd_node]: Move x=0.500, z=-0.031, stop_count=0, roi_count=0, nearest_x=inf, clear_frames=6507
[INFO] [1782640322.218507269] [unitree_safe_cmd_node]: Move x=0.500, z=0.044, stop_count=0, roi_count=0, nearest_x=inf, clear_frames=6512
[INFO] [1782640322.766583552] [unitree_safe_cmd_node]: Move x=0.500, z=0.013, stop_count=0, roi_count=0, nearest_x=inf, clear_frames=6518
[INFO] [1782640323.266602082] [unitree_safe_cmd_node]: Move x=0.500, z=-0.079, stop_count=0, roi_count=0, nearest_x=inf, clear_frames=6523
[INFO] [1782640323.822186039] [unitree_safe_cmd_node]: Move x=0.500, z=-0.029, stop_count=0, roi_count=0, nearest_x=inf, clear_frames=6529
[INFO] [1782640324.366645292] [unitree_safe_cmd_node]: Move x=0.500, z=-0.026, stop_count=0, roi_count=0, nearest_x=inf, clear_frames=6534
[INFO] [1782640324.917210414] [unitree_safe_cmd_node]: Move x=0.500, z=0.017, stop_count=0, roi_count=0, nearest_x=inf, clear_frames=6539
[INFO] [1782640325.466576228] [unitree_safe_cmd_node]: Move x=0.500, z=0.031, stop_count=0, roi_count=0, nearest_x=inf, clear_frames=6545
[INFO] [1782640325.966523449] [unitree_safe_cmd_node]: Move x=0.500, z=-0.003, stop_count=0, roi_count=0, nearest_x=inf, clear_frames=6550
[INFO] [1782640326.467016491] [unitree_safe_cmd_node]: Move x=0.500, z=0.001, stop_count=0, roi_count=0, nearest_x=inf, clear_frames=6555
[INFO] [1782640327.022677709] [unitree_safe_cmd_node]: Move x=0.500, z=0.022, stop_count=0, roi_count=0, nearest_x=inf, clear_frames=6561
[INFO] [1782640327.567751595] [unitree_safe_cmd_node]: Move x=0.500, z=-0.009, stop_count=0, roi_count=0, nearest_x=inf, clear_frames=6566
[INFO] [1782640328.067091386] [unitree_safe_cmd_node]: Move x=0.500, z=-0.025, stop_count=0, roi_count=0, nearest_x=inf, clear_frames=6571
[INFO] [1782640328.621750706] [unitree_safe_cmd_node]: Move x=0.500, z=-0.046, stop_count=0, roi_count=0, nearest_x=inf, clear_frames=6577
[INFO] [1782640329.166498489] [unitree_safe_cmd_node]: Move x=0.500, z=-0.017, stop_count=0, roi_count=0, nearest_x=inf, clear_frames=6582
[INFO] [1782640329.666574469] [unitree_safe_cmd_node]: Move x=0.500, z=-0.020, stop_count=0, roi_count=0, nearest_x=inf, clear_frames=6587
[INFO] [1782640330.166657233] [unitree_safe_cmd_node]: Move x=0.500, z=-0.026, stop_count=0, roi_count=0, nearest_x=inf, clear_frames=6592
[INFO] [1782640330.666825517] [unitree_safe_cmd_node]: Move x=0.500, z=-0.029, stop_count=0, roi_count=0, nearest_x=inf, clear_frames=6597
[INFO] [1782640331.216936193] [unitree_safe_cmd_node]: Move x=0.500, z=-0.028, stop_count=0, roi_count=0, nearest_x=inf, clear_frames=6602
[INFO] [1782640331.717643032] [unitree_safe_cmd_node]: Move x=0.500, z=-0.009, stop_count=0, roi_count=0, nearest_x=inf, clear_frames=6607
[INFO] [1782640332.266568708] [unitree_safe_cmd_node]: Move x=0.500, z=-0.009, stop_count=0, roi_count=0, nearest_x=inf, clear_frames=6613
[INFO] [1782640332.766655185] [unitree_safe_cmd_node]: Move x=0.500, z=0.006, stop_count=0, roi_count=0, nearest_x=inf, clear_frames=6618
[INFO] [1782640333.317072314] [unitree_safe_cmd_node]: Move x=0.500, z=-0.006, stop_count=0, roi_count=0, nearest_x=inf, clear_frames=6623
[INFO] [1782640333.819389698] [unitree_safe_cmd_node]: Move x=0.500, z=0.005, stop_count=0, roi_count=0, nearest_x=inf, clear_frames=6629
[INFO] [1782640334.366533727] [unitree_safe_cmd_node]: Move x=0.500, z=0.003, stop_count=0, roi_count=0, nearest_x=inf, clear_frames=6634
[INFO] [1782640334.866893947] [unitree_safe_cmd_node]: Move x=0.500, z=-0.007, stop_count=0, roi_count=0, nearest_x=inf, clear_frames=6639
[INFO] [1782640335.417092319] [unitree_safe_cmd_node]: Move x=0.500, z=-0.019, stop_count=0, roi_count=0, nearest_x=inf, clear_frames=6644
[INFO] [1782640335.917085501] [unitree_safe_cmd_node]: Move x=0.500, z=0.012, stop_count=0, roi_count=0, nearest_x=inf, clear_frames=6649
[INFO] [1782640336.420453303] [unitree_safe_cmd_node]: Move x=0.500, z=0.010, stop_count=0, roi_count=0, nearest_x=inf, clear_frames=6655
[INFO] [1782640336.966783307] [unitree_safe_cmd_node]: Move x=0.500, z=-0.026, stop_count=0, roi_count=0, nearest_x=inf, clear_frames=6660
[INFO] [1782640337.516899360] [unitree_safe_cmd_node]: Move x=0.500, z=0.010, stop_count=0, roi_count=0, nearest_x=inf, clear_frames=6665
[INFO] [1782640338.023559689] [unitree_safe_cmd_node]: Move x=0.500, z=0.006, stop_count=0, roi_count=0, nearest_x=inf, clear_frames=6671
[INFO] [1782640338.568435334] [unitree_safe_cmd_node]: Move x=0.500, z=-0.014, stop_count=0, roi_count=0, nearest_x=inf, clear_frames=6676
[INFO] [1782640339.117314154] [unitree_safe_cmd_node]: Move x=0.500, z=0.009, stop_count=0, roi_count=0, nearest_x=inf, clear_frames=6681
[INFO] [1782640339.666849821] [unitree_safe_cmd_node]: Move x=0.500, z=0.009, stop_count=0, roi_count=0, nearest_x=inf, clear_frames=6687
[INFO] [1782640340.217036511] [unitree_safe_cmd_node]: Move x=0.500, z=-0.028, stop_count=0, roi_count=0, nearest_x=inf, clear_frames=6692
[INFO] [1782640340.718272272] [unitree_safe_cmd_node]: Move x=0.500, z=-0.029, stop_count=0, roi_count=0, nearest_x=inf, clear_frames=6697
[INFO] [1782640341.267446182] [unitree_safe_cmd_node]: Move x=0.500, z=0.018, stop_count=0, roi_count=0, nearest_x=inf, clear_frames=6703
[INFO] [1782640341.817124050] [unitree_safe_cmd_node]: Move x=0.500, z=0.014, stop_count=0, roi_count=0, nearest_x=inf, clear_frames=6708
[INFO] [1782640342.366780954] [unitree_safe_cmd_node]: Move x=0.500, z=0.024, stop_count=0, roi_count=0, nearest_x=inf, clear_frames=6714
[INFO] [1782640342.917210501] [unitree_safe_cmd_node]: Move x=0.500, z=-0.029, stop_count=0, roi_count=0, nearest_x=inf, clear_frames=6719
[INFO] [1782640343.466615298] [unitree_safe_cmd_node]: Move x=0.500, z=-0.015, stop_count=0, roi_count=0, nearest_x=inf, clear_frames=6725
[INFO] [1782640343.966568953] [unitree_safe_cmd_node]: Move x=0.500, z=-0.006, stop_count=0, roi_count=0, nearest_x=inf, clear_frames=6730
[INFO] [1782640344.517103350] [unitree_safe_cmd_node]: Move x=0.500, z=-0.005, stop_count=0, roi_count=0, nearest_x=inf, clear_frames=6735
[INFO] [1782640345.019553109] [unitree_safe_cmd_node]: Move x=0.500, z=-0.008, stop_count=0, roi_count=0, nearest_x=inf, clear_frames=6740
[INFO] [1782640345.566570909] [unitree_safe_cmd_node]: Move x=0.500, z=-0.027, stop_count=0, roi_count=0, nearest_x=inf, clear_frames=6746
[INFO] [1782640346.066988675] [unitree_safe_cmd_node]: Move x=0.500, z=-0.022, stop_count=0, roi_count=0, nearest_x=inf, clear_frames=6751
[INFO] [1782640346.617366598] [unitree_safe_cmd_node]: Move x=0.500, z=-0.008, stop_count=0, roi_count=0, nearest_x=inf, clear_frames=6756
[INFO] [1782640347.166718906] [unitree_safe_cmd_node]: Move x=0.500, z=0.012, stop_count=0, roi_count=0, nearest_x=inf, clear_frames=6762
[INFO] [1782640347.717063607] [unitree_safe_cmd_node]: Move x=0.500, z=-0.034, stop_count=0, roi_count=0, nearest_x=inf, clear_frames=6767
[INFO] [1782640348.219512469] [unitree_safe_cmd_node]: Move x=0.500, z=-0.004, stop_count=0, roi_count=0, nearest_x=inf, clear_frames=6772
[INFO] [1782640348.766616108] [unitree_safe_cmd_node]: Move x=0.500, z=0.003, stop_count=0, roi_count=0, nearest_x=inf, clear_frames=6778
[INFO] [1782640349.266968519] [unitree_safe_cmd_node]: Move x=0.500, z=-0.000, stop_count=0, roi_count=0, nearest_x=inf, clear_frames=6783
[INFO] [1782640349.817079228] [unitree_safe_cmd_node]: Move x=0.500, z=-0.018, stop_count=0, roi_count=0, nearest_x=inf, clear_frames=6788
[INFO] [1782640350.366686812] [unitree_safe_cmd_node]: Move x=0.500, z=0.017, stop_count=0, roi_count=0, nearest_x=inf, clear_frames=6794
[INFO] [1782640350.867027573] [unitree_safe_cmd_node]: Move x=0.500, z=-0.013, stop_count=0, roi_count=0, nearest_x=inf, clear_frames=6799
[INFO] [1782640351.417179953] [unitree_safe_cmd_node]: Move x=0.500, z=-0.020, stop_count=0, roi_count=0, nearest_x=inf, clear_frames=6804
[INFO] [1782640351.966732840] [unitree_safe_cmd_node]: Move x=0.500, z=0.013, stop_count=0, roi_count=0, nearest_x=inf, clear_frames=6810
[INFO] [1782640352.517636131] [unitree_safe_cmd_node]: Move x=0.500, z=0.024, stop_count=0, roi_count=0, nearest_x=inf, clear_frames=6814
[INFO] [1782640353.066579283] [unitree_safe_cmd_node]: Move x=0.500, z=0.022, stop_count=0, roi_count=0, nearest_x=inf, clear_frames=6820
[INFO] [1782640353.566720074] [unitree_safe_cmd_node]: Move x=0.500, z=-0.042, stop_count=0, roi_count=0, nearest_x=inf, clear_frames=6825
[INFO] [1782640354.117080553] [unitree_safe_cmd_node]: Move x=0.500, z=-0.035, stop_count=0, roi_count=0, nearest_x=inf, clear_frames=6830
[INFO] [1782640354.666615421] [unitree_safe_cmd_node]: Move x=0.500, z=-0.009, stop_count=0, roi_count=0, nearest_x=inf, clear_frames=6836
[INFO] [1782640355.216935733] [unitree_safe_cmd_node]: Move x=0.500, z=-0.029, stop_count=0, roi_count=0, nearest_x=inf, clear_frames=6841
[INFO] [1782640355.766573786] [unitree_safe_cmd_node]: Move x=0.500, z=-0.027, stop_count=0, roi_count=0, nearest_x=inf, clear_frames=6847
[INFO] [1782640356.266733269] [unitree_safe_cmd_node]: Move x=0.500, z=-0.007, stop_count=0, roi_count=0, nearest_x=inf, clear_frames=6851
[INFO] [1782640356.817058030] [unitree_safe_cmd_node]: Move x=0.500, z=0.001, stop_count=0, roi_count=0, nearest_x=inf, clear_frames=6856
[INFO] [1782640357.366979555] [unitree_safe_cmd_node]: Move x=0.500, z=-0.021, stop_count=0, roi_count=0, nearest_x=inf, clear_frames=6862
[INFO] [1782640357.917319231] [unitree_safe_cmd_node]: Move x=0.500, z=-0.018, stop_count=0, roi_count=0, nearest_x=inf, clear_frames=6867
[INFO] [1782640358.466858323] [unitree_safe_cmd_node]: Move x=0.500, z=-0.032, stop_count=0, roi_count=0, nearest_x=inf, clear_frames=6873
[INFO] [1782640358.966622347] [unitree_safe_cmd_node]: Move x=0.500, z=-0.004, stop_count=0, roi_count=0, nearest_x=inf, clear_frames=6878
[INFO] [1782640359.466675699] [unitree_safe_cmd_node]: Move x=0.500, z=-0.013, stop_count=0, roi_count=0, nearest_x=inf, clear_frames=6883
[INFO] [1782640359.966758400] [unitree_safe_cmd_node]: Move x=0.500, z=-0.013, stop_count=0, roi_count=0, nearest_x=inf, clear_frames=6888
[INFO] [1782640360.466839341] [unitree_safe_cmd_node]: Move x=0.500, z=-0.015, stop_count=0, roi_count=0, nearest_x=inf, clear_frames=6893
[INFO] [1782640361.017082841] [unitree_safe_cmd_node]: Move x=0.500, z=-0.041, stop_count=0, roi_count=0, nearest_x=inf, clear_frames=6898
[INFO] [1782640361.517288251] [unitree_safe_cmd_node]: Move x=0.500, z=-0.014, stop_count=0, roi_count=0, nearest_x=inf, clear_frames=6903
[INFO] [1782640362.017182729] [unitree_safe_cmd_node]: Move x=0.500, z=-0.011, stop_count=0, roi_count=0, nearest_x=inf, clear_frames=6908
[INFO] [1782640362.566620908] [unitree_safe_cmd_node]: Move x=0.500, z=-0.014, stop_count=0, roi_count=0, nearest_x=inf, clear_frames=6914
[INFO] [1782640363.067353639] [unitree_safe_cmd_node]: Move x=0.500, z=-0.008, stop_count=0, roi_count=0, nearest_x=inf, clear_frames=6919
[INFO] [1782640363.617383727] [unitree_safe_cmd_node]: Move x=0.500, z=-0.008, stop_count=0, roi_count=0, nearest_x=inf, clear_frames=6924
[INFO] [1782640364.167667554] [unitree_safe_cmd_node]: Move x=0.500, z=-0.023, stop_count=0, roi_count=0, nearest_x=inf, clear_frames=6930
[INFO] [1782640364.717092482] [unitree_safe_cmd_node]: Move x=0.500, z=-0.035, stop_count=0, roi_count=0, nearest_x=inf, clear_frames=6935
[INFO] [1782640365.266674110] [unitree_safe_cmd_node]: Move x=0.500, z=-0.006, stop_count=0, roi_count=0, nearest_x=inf, clear_frames=6941
[INFO] [1782640365.767131211] [unitree_safe_cmd_node]: Move x=0.500, z=-0.007, stop_count=0, roi_count=0, nearest_x=inf, clear_frames=6946
[INFO] [1782640366.267334061] [unitree_safe_cmd_node]: Move x=0.500, z=-0.003, stop_count=0, roi_count=0, nearest_x=inf, clear_frames=6951
[INFO] [1782640366.817015321] [unitree_safe_cmd_node]: Move x=0.500, z=0.002, stop_count=0, roi_count=0, nearest_x=inf, clear_frames=6956
[INFO] [1782640367.366785460] [unitree_safe_cmd_node]: Move x=0.500, z=-0.006, stop_count=0, roi_count=0, nearest_x=inf, clear_frames=6962
[INFO] [1782640367.916914061] [unitree_safe_cmd_node]: Move x=0.500, z=0.002, stop_count=0, roi_count=0, nearest_x=inf, clear_frames=6967
[INFO] [1782640368.417487757] [unitree_safe_cmd_node]: Move x=0.500, z=-0.035, stop_count=0, roi_count=0, nearest_x=inf, clear_frames=6972
[INFO] [1782640368.917687599] [unitree_safe_cmd_node]: Move x=0.500, z=0.022, stop_count=0, roi_count=0, nearest_x=inf, clear_frames=6977
[INFO] [1782640369.466953780] [unitree_safe_cmd_node]: Move x=0.500, z=-0.002, stop_count=0, roi_count=0, nearest_x=inf, clear_frames=6983
[INFO] [1782640369.966945394] [unitree_safe_cmd_node]: Move x=0.500, z=0.003, stop_count=0, roi_count=0, nearest_x=inf, clear_frames=6988
[INFO] [1782640370.517133461] [unitree_safe_cmd_node]: Move x=0.500, z=0.001, stop_count=0, roi_count=0, nearest_x=inf, clear_frames=6993
[INFO] [1782640371.023852424] [unitree_safe_cmd_node]: Move x=0.500, z=-0.017, stop_count=0, roi_count=0, nearest_x=inf, clear_frames=6999
[INFO] [1782640371.566685867] [unitree_safe_cmd_node]: Move x=0.500, z=-0.005, stop_count=0, roi_count=0, nearest_x=inf, clear_frames=7004
[INFO] [1782640372.067039654] [unitree_safe_cmd_node]: Move x=0.500, z=-0.010, stop_count=0, roi_count=0, nearest_x=inf, clear_frames=7009
[INFO] [1782640372.616911475] [unitree_safe_cmd_node]: Move x=0.500, z=0.010, stop_count=0, roi_count=0, nearest_x=inf, clear_frames=7014
[INFO] [1782640373.118241364] [unitree_safe_cmd_node]: Move x=0.500, z=0.032, stop_count=0, roi_count=0, nearest_x=inf, clear_frames=7019
[INFO] [1782640373.666593567] [unitree_safe_cmd_node]: Move x=0.500, z=-0.030, stop_count=0, roi_count=0, nearest_x=inf, clear_frames=7025
[INFO] [1782640374.217091062] [unitree_safe_cmd_node]: Move x=0.500, z=-0.017, stop_count=0, roi_count=0, nearest_x=inf, clear_frames=7030
[INFO] [1782640374.717155232] [unitree_safe_cmd_node]: Move x=0.500, z=-0.016, stop_count=0, roi_count=0, nearest_x=inf, clear_frames=7035
[INFO] [1782640375.266705814] [unitree_safe_cmd_node]: Move x=0.500, z=-0.018, stop_count=0, roi_count=0, nearest_x=inf, clear_frames=7041
[INFO] [1782640375.817045298] [unitree_safe_cmd_node]: Move x=0.500, z=0.002, stop_count=0, roi_count=0, nearest_x=inf, clear_frames=7046
[INFO] [1782640376.366579173] [unitree_safe_cmd_node]: Move x=0.500, z=-0.005, stop_count=0, roi_count=0, nearest_x=inf, clear_frames=7052
[INFO] [1782640376.866607658] [unitree_safe_cmd_node]: Move x=0.500, z=-0.010, stop_count=0, roi_count=0, nearest_x=inf, clear_frames=7056
[INFO] [1782640377.366610698] [unitree_safe_cmd_node]: Move x=0.500, z=-0.002, stop_count=0, roi_count=0, nearest_x=inf, clear_frames=7061
[INFO] [1782640377.917039093] [unitree_safe_cmd_node]: Move x=0.500, z=-0.005, stop_count=0, roi_count=0, nearest_x=inf, clear_frames=7066
[INFO] [1782640378.466644564] [unitree_safe_cmd_node]: Move x=0.500, z=-0.025, stop_count=0, roi_count=0, nearest_x=inf, clear_frames=7072
[INFO] [1782640379.018169946] [unitree_safe_cmd_node]: Move x=0.500, z=-0.003, stop_count=0, roi_count=0, nearest_x=inf, clear_frames=7077
[INFO] [1782640379.567496522] [unitree_safe_cmd_node]: Move x=0.500, z=-0.008, stop_count=0, roi_count=0, nearest_x=inf, clear_frames=7083
[INFO] [1782640380.067167217] [unitree_safe_cmd_node]: Move x=0.500, z=-0.021, stop_count=0, roi_count=0, nearest_x=inf, clear_frames=7088
[INFO] [1782640380.618552639] [unitree_safe_cmd_node]: Move x=0.500, z=-0.044, stop_count=0, roi_count=0, nearest_x=inf, clear_frames=7093
[INFO] [1782640381.120781880] [unitree_safe_cmd_node]: Move x=0.500, z=-0.009, stop_count=0, roi_count=0, nearest_x=inf, clear_frames=7099
[INFO] [1782640381.666652830] [unitree_safe_cmd_node]: Move x=0.500, z=-0.005, stop_count=0, roi_count=0, nearest_x=inf, clear_frames=7104
[INFO] [1782640382.166790581] [unitree_safe_cmd_node]: Move x=0.500, z=-0.006, stop_count=0, roi_count=0, nearest_x=inf, clear_frames=7109
[INFO] [1782640382.720514127] [unitree_safe_cmd_node]: Move x=0.500, z=-0.005, stop_count=0, roi_count=0, nearest_x=inf, clear_frames=7115
[INFO] [1782640383.266623742] [unitree_safe_cmd_node]: Move x=0.500, z=-0.001, stop_count=0, roi_count=0, nearest_x=inf, clear_frames=7120
[INFO] [1782640383.818077911] [unitree_safe_cmd_node]: Move x=0.500, z=0.007, stop_count=0, roi_count=0, nearest_x=inf, clear_frames=7125
[INFO] [1782640384.366597054] [unitree_safe_cmd_node]: Move x=0.500, z=0.003, stop_count=0, roi_count=0, nearest_x=inf, clear_frames=7131
[INFO] [1782640384.868714213] [unitree_safe_cmd_node]: Move x=0.500, z=-0.005, stop_count=0, roi_count=0, nearest_x=inf, clear_frames=7136
[INFO] [1782640385.417036523] [unitree_safe_cmd_node]: Move x=0.500, z=-0.011, stop_count=0, roi_count=0, nearest_x=inf, clear_frames=7141
[INFO] [1782640385.967039694] [unitree_safe_cmd_node]: Move x=0.500, z=-0.017, stop_count=0, roi_count=0, nearest_x=inf, clear_frames=7147
[INFO] [1782640386.517178920] [unitree_safe_cmd_node]: Move x=0.500, z=-0.038, stop_count=0, roi_count=0, nearest_x=inf, clear_frames=7152
[INFO] [1782640387.066970823] [unitree_safe_cmd_node]: Move x=0.500, z=-0.029, stop_count=0, roi_count=0, nearest_x=inf, clear_frames=7158
[INFO] [1782640387.619876919] [unitree_safe_cmd_node]: Move x=0.500, z=0.020, stop_count=0, roi_count=0, nearest_x=inf, clear_frames=7164
[INFO] [1782640388.121092708] [unitree_safe_cmd_node]: Move x=0.500, z=0.005, stop_count=0, roi_count=0, nearest_x=inf, clear_frames=7169
[INFO] [1782640388.666599980] [unitree_safe_cmd_node]: Move x=0.500, z=0.002, stop_count=0, roi_count=0, nearest_x=inf, clear_frames=7174
[INFO] [1782640389.166782091] [unitree_safe_cmd_node]: Move x=0.500, z=0.012, stop_count=0, roi_count=0, nearest_x=inf, clear_frames=7179
[INFO] [1782640389.666855287] [unitree_safe_cmd_node]: Move x=0.500, z=-0.020, stop_count=0, roi_count=0, nearest_x=inf, clear_frames=7184
[INFO] [1782640390.217047162] [unitree_safe_cmd_node]: Move x=0.500, z=-0.026, stop_count=0, roi_count=0, nearest_x=inf, clear_frames=7189
[INFO] [1782640390.717051130] [unitree_safe_cmd_node]: Move x=0.500, z=-0.011, stop_count=0, roi_count=0, nearest_x=inf, clear_frames=7194
[INFO] [1782640391.266602832] [unitree_safe_cmd_node]: Move x=0.500, z=-0.040, stop_count=0, roi_count=0, nearest_x=inf, clear_frames=7199
[INFO] [1782640391.819157124] [unitree_safe_cmd_node]: Move x=0.500, z=-0.022, stop_count=0, roi_count=0, nearest_x=inf, clear_frames=7205
[INFO] [1782640392.366635355] [unitree_safe_cmd_node]: Move x=0.500, z=-0.089, stop_count=0, roi_count=0, nearest_x=inf, clear_frames=7210
[INFO] [1782640392.866563278] [unitree_safe_cmd_node]: Move x=0.500, z=-0.058, stop_count=0, roi_count=0, nearest_x=inf, clear_frames=7215
[INFO] [1782640393.366652316] [unitree_safe_cmd_node]: Move x=0.500, z=-0.112, stop_count=0, roi_count=0, nearest_x=inf, clear_frames=7220
[INFO] [1782640393.866842588] [unitree_safe_cmd_node]: Move x=0.500, z=-0.085, stop_count=0, roi_count=0, nearest_x=inf, clear_frames=7225
[INFO] [1782640394.422177896] [unitree_safe_cmd_node]: Move x=0.500, z=-0.055, stop_count=0, roi_count=0, nearest_x=inf, clear_frames=7231
[INFO] [1782640394.966648928] [unitree_safe_cmd_node]: Move x=0.500, z=-0.054, stop_count=0, roi_count=0, nearest_x=inf, clear_frames=7236
[INFO] [1782640395.517030659] [unitree_safe_cmd_node]: Move x=0.500, z=-0.040, stop_count=0, roi_count=0, nearest_x=inf, clear_frames=7241
[INFO] [1782640396.021499737] [unitree_safe_cmd_node]: Move x=0.500, z=-0.010, stop_count=0, roi_count=0, nearest_x=inf, clear_frames=7247
[INFO] [1782640396.521283316] [unitree_safe_cmd_node]: Move x=0.500, z=-0.006, stop_count=0, roi_count=0, nearest_x=inf, clear_frames=7252
[INFO] [1782640397.024365620] [unitree_safe_cmd_node]: Move x=0.500, z=-0.051, stop_count=0, roi_count=0, nearest_x=inf, clear_frames=7257
[INFO] [1782640397.566627823] [unitree_safe_cmd_node]: Move x=0.500, z=-0.047, stop_count=0, roi_count=0, nearest_x=inf, clear_frames=7262
[INFO] [1782640398.067062293] [unitree_safe_cmd_node]: Move x=0.500, z=0.009, stop_count=0, roi_count=0, nearest_x=inf, clear_frames=7266
[INFO] [1782640398.616905220] [unitree_safe_cmd_node]: Move x=0.500, z=0.004, stop_count=0, roi_count=0, nearest_x=inf, clear_frames=7271
[INFO] [1782640399.121889267] [unitree_safe_cmd_node]: Move x=0.500, z=-0.011, stop_count=0, roi_count=0, nearest_x=inf, clear_frames=7277
[INFO] [1782640399.666467091] [unitree_safe_cmd_node]: Move x=0.500, z=-0.009, stop_count=0, roi_count=0, nearest_x=inf, clear_frames=7282
[INFO] [1782640400.166513328] [unitree_safe_cmd_node]: Move x=0.500, z=-0.002, stop_count=0, roi_count=0, nearest_x=inf, clear_frames=7287
[INFO] [1782640400.720476274] [unitree_safe_cmd_node]: Move x=0.500, z=-0.001, stop_count=0, roi_count=0, nearest_x=inf, clear_frames=7293
[INFO] [1782640401.266552065] [unitree_safe_cmd_node]: Move x=0.500, z=-0.012, stop_count=0, roi_count=0, nearest_x=inf, clear_frames=7298
[INFO] [1782640401.766501393] [unitree_safe_cmd_node]: Move x=0.500, z=-0.023, stop_count=0, roi_count=0, nearest_x=inf, clear_frames=7303
[INFO] [1782640402.266689608] [unitree_safe_cmd_node]: Move x=0.500, z=-0.043, stop_count=0, roi_count=0, nearest_x=inf, clear_frames=7308
[INFO] [1782640402.820868758] [unitree_safe_cmd_node]: Move x=0.500, z=-0.028, stop_count=0, roi_count=0, nearest_x=inf, clear_frames=7314
[INFO] [1782640403.321928726] [unitree_safe_cmd_node]: Move x=0.500, z=0.017, stop_count=0, roi_count=0, nearest_x=inf, clear_frames=7319
[INFO] [1782640403.866525373] [unitree_safe_cmd_node]: Move x=0.500, z=-0.018, stop_count=0, roi_count=0, nearest_x=inf, clear_frames=7324
[INFO] [1782640404.418896880] [unitree_safe_cmd_node]: Move x=0.500, z=-0.029, stop_count=0, roi_count=0, nearest_x=inf, clear_frames=7330
[INFO] [1782640404.966568180] [unitree_safe_cmd_node]: Move x=0.500, z=-0.014, stop_count=0, roi_count=0, nearest_x=inf, clear_frames=7335
[INFO] [1782640405.467021434] [unitree_safe_cmd_node]: Move x=0.500, z=-0.035, stop_count=0, roi_count=0, nearest_x=inf, clear_frames=7340
[INFO] [1782640406.020794416] [unitree_safe_cmd_node]: Move x=0.500, z=-0.033, stop_count=0, roi_count=0, nearest_x=inf, clear_frames=7346
[INFO] [1782640406.524501805] [unitree_safe_cmd_node]: Move x=0.500, z=-0.014, stop_count=0, roi_count=0, nearest_x=inf, clear_frames=7350
[INFO] [1782640407.066957009] [unitree_safe_cmd_node]: Move x=0.500, z=-0.016, stop_count=0, roi_count=0, nearest_x=inf, clear_frames=7355
[INFO] [1782640407.619247724] [unitree_safe_cmd_node]: Move x=0.500, z=-0.010, stop_count=0, roi_count=0, nearest_x=inf, clear_frames=7361
[INFO] [1782640408.166759388] [unitree_safe_cmd_node]: Move x=0.500, z=-0.006, stop_count=0, roi_count=0, nearest_x=inf, clear_frames=7366
[INFO] [1782640408.722429322] [unitree_safe_cmd_node]: Move x=0.500, z=-0.019, stop_count=0, roi_count=0, nearest_x=inf, clear_frames=7372
[INFO] [1782640409.266642364] [unitree_safe_cmd_node]: Move x=0.500, z=0.047, stop_count=0, roi_count=0, nearest_x=inf, clear_frames=7377
[INFO] [1782640409.819307678] [unitree_safe_cmd_node]: Move x=0.500, z=0.030, stop_count=0, roi_count=0, nearest_x=inf, clear_frames=7383
[INFO] [1782640410.320450760] [unitree_safe_cmd_node]: Move x=0.500, z=-0.019, stop_count=0, roi_count=0, nearest_x=inf, clear_frames=7388
[INFO] [1782640410.866707149] [unitree_safe_cmd_node]: Move x=0.500, z=-0.022, stop_count=0, roi_count=0, nearest_x=inf, clear_frames=7393
[INFO] [1782640411.421480782] [unitree_safe_cmd_node]: Move x=0.500, z=-0.044, stop_count=0, roi_count=0, nearest_x=inf, clear_frames=7399
[INFO] [1782640411.966517417] [unitree_safe_cmd_node]: Move x=0.500, z=-0.027, stop_count=0, roi_count=0, nearest_x=inf, clear_frames=7404
[INFO] [1782640412.521148537] [unitree_safe_cmd_node]: Move x=0.500, z=-0.024, stop_count=0, roi_count=0, nearest_x=inf, clear_frames=7409
[INFO] [1782640413.066863006] [unitree_safe_cmd_node]: Move x=0.500, z=-0.009, stop_count=0, roi_count=0, nearest_x=inf, clear_frames=7413
[INFO] [1782640413.622479763] [unitree_safe_cmd_node]: Move x=0.500, z=-0.007, stop_count=0, roi_count=0, nearest_x=inf, clear_frames=7419
[INFO] [1782640414.166641116] [unitree_safe_cmd_node]: Move x=0.500, z=-0.001, stop_count=0, roi_count=0, nearest_x=inf, clear_frames=7424
[INFO] [1782640414.717520984] [unitree_safe_cmd_node]: Move x=0.500, z=0.009, stop_count=0, roi_count=0, nearest_x=inf, clear_frames=7429
[INFO] [1782640415.218639281] [unitree_safe_cmd_node]: Move x=0.500, z=-0.000, stop_count=0, roi_count=0, nearest_x=inf, clear_frames=7434
[INFO] [1782640415.766562893] [unitree_safe_cmd_node]: Move x=0.500, z=-0.003, stop_count=0, roi_count=0, nearest_x=inf, clear_frames=7440
[INFO] [1782640416.317020089] [unitree_safe_cmd_node]: Move x=0.500, z=-0.036, stop_count=0, roi_count=0, nearest_x=inf, clear_frames=7445
[INFO] [1782640416.817064336] [unitree_safe_cmd_node]: Move x=0.500, z=0.008, stop_count=0, roi_count=0, nearest_x=inf, clear_frames=7450
[INFO] [1782640417.320192998] [unitree_safe_cmd_node]: Move x=0.500, z=0.011, stop_count=0, roi_count=0, nearest_x=inf, clear_frames=7456
[INFO] [1782640417.821007674] [unitree_safe_cmd_node]: Move x=0.500, z=-0.018, stop_count=0, roi_count=0, nearest_x=inf, clear_frames=7461
[INFO] [1782640418.366769812] [unitree_safe_cmd_node]: Move x=0.500, z=0.007, stop_count=0, roi_count=0, nearest_x=inf, clear_frames=7466
[INFO] [1782640418.921572502] [unitree_safe_cmd_node]: Move x=0.500, z=-0.028, stop_count=0, roi_count=0, nearest_x=inf, clear_frames=7472
[INFO] [1782640419.466636603] [unitree_safe_cmd_node]: Move x=0.500, z=-0.023, stop_count=0, roi_count=0, nearest_x=inf, clear_frames=7477
[INFO] [1782640419.967283473] [unitree_safe_cmd_node]: Move x=0.500, z=-0.013, stop_count=0, roi_count=0, nearest_x=inf, clear_frames=7482
[INFO] [1782640420.517027057] [unitree_safe_cmd_node]: Move x=0.500, z=0.020, stop_count=0, roi_count=0, nearest_x=inf, clear_frames=7487
[INFO] [1782640421.017576067] [unitree_safe_cmd_node]: Move x=0.500, z=-0.005, stop_count=0, roi_count=0, nearest_x=inf, clear_frames=7492
[INFO] [1782640421.522003523] [unitree_safe_cmd_node]: Move x=0.500, z=-0.037, stop_count=0, roi_count=0, nearest_x=inf, clear_frames=7497
[INFO] [1782640422.067140424] [unitree_safe_cmd_node]: Move x=0.500, z=-0.026, stop_count=0, roi_count=0, nearest_x=inf, clear_frames=7502
[INFO] [1782640422.616991334] [unitree_safe_cmd_node]: Move x=0.500, z=-0.041, stop_count=0, roi_count=0, nearest_x=inf, clear_frames=7507
[INFO] [1782640423.117119299] [unitree_safe_cmd_node]: Move x=0.500, z=-0.028, stop_count=0, roi_count=0, nearest_x=inf, clear_frames=7512
[INFO] [1782640423.666596936] [unitree_safe_cmd_node]: Move x=0.500, z=0.010, stop_count=0, roi_count=0, nearest_x=inf, clear_frames=7517
[INFO] [1782640424.166665775] [unitree_safe_cmd_node]: Move x=0.500, z=0.013, stop_count=0, roi_count=0, nearest_x=inf, clear_frames=7522
[INFO] [1782640424.666548836] [unitree_safe_cmd_node]: Move x=0.500, z=-0.036, stop_count=0, roi_count=0, nearest_x=inf, clear_frames=7527
[INFO] [1782640425.166763546] [unitree_safe_cmd_node]: Move x=0.500, z=-0.022, stop_count=0, roi_count=0, nearest_x=inf, clear_frames=7532
[INFO] [1782640425.719968701] [unitree_safe_cmd_node]: Move x=0.500, z=0.001, stop_count=0, roi_count=0, nearest_x=inf, clear_frames=7538
[INFO] [1782640426.266676564] [unitree_safe_cmd_node]: Move x=0.500, z=0.015, stop_count=0, roi_count=0, nearest_x=inf, clear_frames=7543
[INFO] [1782640426.766935970] [unitree_safe_cmd_node]: Move x=0.500, z=0.011, stop_count=0, roi_count=0, nearest_x=inf, clear_frames=7548
[INFO] [1782640427.317683751] [unitree_safe_cmd_node]: Move x=0.500, z=0.017, stop_count=0, roi_count=0, nearest_x=inf, clear_frames=7553
[INFO] [1782640427.821363130] [unitree_safe_cmd_node]: Move x=0.500, z=0.032, stop_count=0, roi_count=0, nearest_x=inf, clear_frames=7559
[INFO] [1782640428.321476577] [unitree_safe_cmd_node]: Move x=0.500, z=-0.022, stop_count=0, roi_count=0, nearest_x=inf, clear_frames=7564
[INFO] [1782640428.866682796] [unitree_safe_cmd_node]: Move x=0.500, z=-0.106, stop_count=0, roi_count=0, nearest_x=inf, clear_frames=7569
[INFO] [1782640429.366927249] [unitree_safe_cmd_node]: Move x=0.500, z=-0.090, stop_count=0, roi_count=0, nearest_x=inf, clear_frames=7574
[INFO] [1782640429.918595253] [unitree_safe_cmd_node]: Move x=0.500, z=0.060, stop_count=0, roi_count=0, nearest_x=inf, clear_frames=7579
[INFO] [1782640430.420712823] [unitree_safe_cmd_node]: Move x=0.500, z=0.073, stop_count=0, roi_count=0, nearest_x=inf, clear_frames=7585
[INFO] [1782640430.921743136] [unitree_safe_cmd_node]: Move x=0.500, z=-0.024, stop_count=0, roi_count=0, nearest_x=inf, clear_frames=7590
[INFO] [1782640431.466574508] [unitree_safe_cmd_node]: Move x=0.500, z=-0.055, stop_count=0, roi_count=0, nearest_x=inf, clear_frames=7595
[INFO] [1782640431.966508312] [unitree_safe_cmd_node]: Move x=0.500, z=0.020, stop_count=0, roi_count=0, nearest_x=inf, clear_frames=7600
[INFO] [1782640432.466817277] [unitree_safe_cmd_node]: Move x=0.500, z=0.026, stop_count=0, roi_count=0, nearest_x=inf, clear_frames=7605
[INFO] [1782640433.017676361] [unitree_safe_cmd_node]: Move x=0.500, z=0.003, stop_count=0, roi_count=0, nearest_x=inf, clear_frames=7610
[INFO] [1782640433.521101410] [unitree_safe_cmd_node]: Move x=0.500, z=-0.055, stop_count=0, roi_count=0, nearest_x=inf, clear_frames=7616
[INFO] [1782640434.067388894] [unitree_safe_cmd_node]: Move x=0.500, z=-0.042, stop_count=0, roi_count=0, nearest_x=inf, clear_frames=7621
[INFO] [1782640434.617132006] [unitree_safe_cmd_node]: Move x=0.500, z=0.023, stop_count=0, roi_count=0, nearest_x=inf, clear_frames=7626
[INFO] [1782640435.117801893] [unitree_safe_cmd_node]: Move x=0.500, z=-0.042, stop_count=0, roi_count=0, nearest_x=inf, clear_frames=7632
[INFO] [1782640435.666620174] [unitree_safe_cmd_node]: Move x=0.500, z=-0.036, stop_count=0, roi_count=0, nearest_x=inf, clear_frames=7637
[INFO] [1782640436.216962641] [unitree_safe_cmd_node]: Move x=0.500, z=-0.007, stop_count=0, roi_count=0, nearest_x=inf, clear_frames=7642
[INFO] [1782640436.716919013] [unitree_safe_cmd_node]: Move x=0.500, z=-0.007, stop_count=0, roi_count=0, nearest_x=inf, clear_frames=7647
[INFO] [1782640437.218467303] [unitree_safe_cmd_node]: Move x=0.500, z=-0.012, stop_count=0, roi_count=0, nearest_x=inf, clear_frames=7652
[INFO] [1782640437.767016395] [unitree_safe_cmd_node]: Move x=0.500, z=-0.024, stop_count=0, roi_count=0, nearest_x=inf, clear_frames=7658
[INFO] [1782640438.318729215] [unitree_safe_cmd_node]: Move x=0.500, z=-0.055, stop_count=0, roi_count=0, nearest_x=inf, clear_frames=7664
[INFO] [1782640438.866543978] [unitree_safe_cmd_node]: Move x=0.500, z=-0.007, stop_count=0, roi_count=0, nearest_x=inf, clear_frames=7669
[INFO] [1782640439.366810404] [unitree_safe_cmd_node]: Move x=0.500, z=0.030, stop_count=0, roi_count=0, nearest_x=inf, clear_frames=7674
[INFO] [1782640439.918668197] [unitree_safe_cmd_node]: Move x=0.500, z=0.010, stop_count=0, roi_count=0, nearest_x=inf, clear_frames=7680
[INFO] [1782640440.466632908] [unitree_safe_cmd_node]: Move x=0.500, z=0.002, stop_count=0, roi_count=0, nearest_x=inf, clear_frames=7685
[INFO] [1782640441.021225360] [unitree_safe_cmd_node]: Move x=0.500, z=-0.075, stop_count=0, roi_count=0, nearest_x=inf, clear_frames=7691
[INFO] [1782640441.566639521] [unitree_safe_cmd_node]: Move x=0.500, z=-0.059, stop_count=0, roi_count=0, nearest_x=inf, clear_frames=7696
[INFO] [1782640442.066935656] [unitree_safe_cmd_node]: Move x=0.500, z=0.038, stop_count=0, roi_count=0, nearest_x=inf, clear_frames=7701
[INFO] [1782640442.616965409] [unitree_safe_cmd_node]: Move x=0.500, z=0.045, stop_count=0, roi_count=0, nearest_x=inf, clear_frames=7706
[INFO] [1782640443.119535820] [unitree_safe_cmd_node]: Move x=0.500, z=0.048, stop_count=0, roi_count=0, nearest_x=inf, clear_frames=7711
[INFO] [1782640443.666569203] [unitree_safe_cmd_node]: Move x=0.500, z=0.016, stop_count=0, roi_count=0, nearest_x=inf, clear_frames=7717
[INFO] [1782640444.166625662] [unitree_safe_cmd_node]: Move x=0.500, z=-0.053, stop_count=0, roi_count=0, nearest_x=inf, clear_frames=7722
[INFO] [1782640444.667203958] [unitree_safe_cmd_node]: Move x=0.500, z=-0.051, stop_count=0, roi_count=0, nearest_x=inf, clear_frames=7727
[INFO] [1782640445.216936682] [unitree_safe_cmd_node]: Move x=0.500, z=-0.019, stop_count=0, roi_count=0, nearest_x=inf, clear_frames=7732
[INFO] [1782640445.717680215] [unitree_safe_cmd_node]: Move x=0.500, z=-0.034, stop_count=0, roi_count=0, nearest_x=inf, clear_frames=7738
[INFO] [1782640446.266686268] [unitree_safe_cmd_node]: Move x=0.500, z=-0.040, stop_count=0, roi_count=0, nearest_x=inf, clear_frames=7743
[INFO] [1782640446.766621762] [unitree_safe_cmd_node]: Move x=0.500, z=-0.045, stop_count=0, roi_count=0, nearest_x=inf, clear_frames=7748
[INFO] [1782640447.320802116] [unitree_safe_cmd_node]: Move x=0.500, z=-0.019, stop_count=0, roi_count=0, nearest_x=inf, clear_frames=7754
[INFO] [1782640447.870900750] [unitree_safe_cmd_node]: Move x=0.500, z=0.002, stop_count=0, roi_count=0, nearest_x=inf, clear_frames=7759
[INFO] [1782640448.418795247] [unitree_safe_cmd_node]: Move x=0.500, z=0.004, stop_count=0, roi_count=0, nearest_x=inf, clear_frames=7765
[INFO] [1782640448.966620341] [unitree_safe_cmd_node]: Move x=0.500, z=0.025, stop_count=0, roi_count=0, nearest_x=inf, clear_frames=7770
[INFO] [1782640449.466856116] [unitree_safe_cmd_node]: Move x=0.500, z=-0.052, stop_count=0, roi_count=0, nearest_x=inf, clear_frames=7775
[INFO] [1782640450.019216482] [unitree_safe_cmd_node]: Move x=0.500, z=-0.017, stop_count=0, roi_count=0, nearest_x=inf, clear_frames=7780
[INFO] [1782640450.566581733] [unitree_safe_cmd_node]: Move x=0.500, z=-0.013, stop_count=0, roi_count=0, nearest_x=inf, clear_frames=7786
[INFO] [1782640451.067225422] [unitree_safe_cmd_node]: Move x=0.500, z=-0.016, stop_count=0, roi_count=0, nearest_x=inf, clear_frames=7791
[INFO] [1782640451.619830060] [unitree_safe_cmd_node]: Move x=0.500, z=-0.027, stop_count=0, roi_count=0, nearest_x=inf, clear_frames=7797
[INFO] [1782640452.166697550] [unitree_safe_cmd_node]: Move x=0.500, z=-0.017, stop_count=0, roi_count=0, nearest_x=inf, clear_frames=7802
[INFO] [1782640452.666803131] [unitree_safe_cmd_node]: Move x=0.500, z=-0.014, stop_count=0, roi_count=0, nearest_x=inf, clear_frames=7807
[INFO] [1782640453.216920463] [unitree_safe_cmd_node]: Move x=0.500, z=0.001, stop_count=0, roi_count=0, nearest_x=inf, clear_frames=7812
[INFO] [1782640453.717733831] [unitree_safe_cmd_node]: Move x=0.500, z=-0.019, stop_count=0, roi_count=0, nearest_x=inf, clear_frames=7818
[INFO] [1782640454.266734090] [unitree_safe_cmd_node]: Move x=0.500, z=0.015, stop_count=0, roi_count=0, nearest_x=inf, clear_frames=7823
[INFO] [1782640454.766934861] [unitree_safe_cmd_node]: Move x=0.500, z=-0.027, stop_count=0, roi_count=0, nearest_x=inf, clear_frames=7828
[INFO] [1782640455.325923166] [unitree_safe_cmd_node]: Move x=0.500, z=-0.039, stop_count=0, roi_count=0, nearest_x=inf, clear_frames=7833
[INFO] [1782640455.866553605] [unitree_safe_cmd_node]: Move x=0.500, z=-0.072, stop_count=0, roi_count=0, nearest_x=inf, clear_frames=7839
[INFO] [1782640456.366703473] [unitree_safe_cmd_node]: Move x=0.500, z=-0.049, stop_count=0, roi_count=0, nearest_x=inf, clear_frames=7844
[INFO] [1782640456.866612594] [unitree_safe_cmd_node]: Move x=0.500, z=-0.122, stop_count=0, roi_count=0, nearest_x=inf, clear_frames=7849
[INFO] [1782640457.416597248] [unitree_safe_cmd_node]: Move x=0.500, z=-0.109, stop_count=0, roi_count=0, nearest_x=inf, clear_frames=7855
[INFO] [1782640457.917367539] [unitree_safe_cmd_node]: Move x=0.500, z=-0.004, stop_count=0, roi_count=0, nearest_x=inf, clear_frames=7859
[INFO] [1782640458.466596155] [unitree_safe_cmd_node]: Move x=0.500, z=0.003, stop_count=0, roi_count=0, nearest_x=inf, clear_frames=7865
[INFO] [1782640458.966862123] [unitree_safe_cmd_node]: Move x=0.500, z=0.013, stop_count=0, roi_count=0, nearest_x=inf, clear_frames=7870
[INFO] [1782640459.517011093] [unitree_safe_cmd_node]: Move x=0.500, z=-0.032, stop_count=0, roi_count=0, nearest_x=inf, clear_frames=7875
[INFO] [1782640460.018594996] [unitree_safe_cmd_node]: Move x=0.500, z=-0.038, stop_count=0, roi_count=0, nearest_x=inf, clear_frames=7881
[INFO] [1782640460.518020303] [unitree_safe_cmd_node]: Move x=0.500, z=-0.010, stop_count=0, roi_count=0, nearest_x=inf, clear_frames=7886
[INFO] [1782640461.020479864] [unitree_safe_cmd_node]: Move x=0.500, z=0.017, stop_count=0, roi_count=0, nearest_x=inf, clear_frames=7891
[INFO] [1782640461.566567455] [unitree_safe_cmd_node]: Move x=0.500, z=-0.014, stop_count=0, roi_count=0, nearest_x=inf, clear_frames=7896
[INFO] [1782640462.067085107] [unitree_safe_cmd_node]: Move x=0.500, z=-0.004, stop_count=0, roi_count=0, nearest_x=inf, clear_frames=7901
[INFO] [1782640462.616897614] [unitree_safe_cmd_node]: Move x=0.500, z=-0.062, stop_count=0, roi_count=0, nearest_x=inf, clear_frames=7907
[INFO] [1782640463.166862216] [unitree_safe_cmd_node]: Move x=0.500, z=-0.035, stop_count=0, roi_count=0, nearest_x=inf, clear_frames=7912
[INFO] [1782640463.718780978] [unitree_safe_cmd_node]: Move x=0.500, z=0.001, stop_count=0, roi_count=0, nearest_x=inf, clear_frames=7917
[INFO] [1782640464.266812984] [unitree_safe_cmd_node]: Move x=0.500, z=0.029, stop_count=0, roi_count=0, nearest_x=inf, clear_frames=7923
[INFO] [1782640464.817006434] [unitree_safe_cmd_node]: Move x=0.500, z=0.023, stop_count=0, roi_count=0, nearest_x=inf, clear_frames=7928
[INFO] [1782640465.317957141] [unitree_safe_cmd_node]: Move x=0.500, z=0.014, stop_count=0, roi_count=0, nearest_x=inf, clear_frames=7934
[INFO] [1782640465.820520707] [unitree_safe_cmd_node]: Move x=0.500, z=-0.006, stop_count=0, roi_count=0, nearest_x=inf, clear_frames=7939
[INFO] [1782640466.366535596] [unitree_safe_cmd_node]: Move x=0.500, z=-0.020, stop_count=0, roi_count=0, nearest_x=inf, clear_frames=7944
[INFO] [1782640466.917068763] [unitree_safe_cmd_node]: Move x=0.500, z=-0.026, stop_count=0, roi_count=0, nearest_x=inf, clear_frames=7949
[INFO] [1782640467.417150846] [unitree_safe_cmd_node]: Move x=0.500, z=-0.060, stop_count=0, roi_count=0, nearest_x=inf, clear_frames=7954
[INFO] [1782640467.920313894] [unitree_safe_cmd_node]: Move x=0.500, z=-0.027, stop_count=0, roi_count=0, nearest_x=inf, clear_frames=7960
[INFO] [1782640468.470879576] [unitree_safe_cmd_node]: Move x=0.500, z=-0.006, stop_count=0, roi_count=0, nearest_x=inf, clear_frames=7965
[INFO] [1782640469.022966109] [unitree_safe_cmd_node]: Move x=0.500, z=-0.004, stop_count=0, roi_count=0, nearest_x=inf, clear_frames=7971
[INFO] [1782640469.566481576] [unitree_safe_cmd_node]: Move x=0.500, z=-0.023, stop_count=0, roi_count=0, nearest_x=inf, clear_frames=7976
[INFO] [1782640470.066950459] [unitree_safe_cmd_node]: Move x=0.500, z=-0.019, stop_count=0, roi_count=0, nearest_x=inf, clear_frames=7981
[INFO] [1782640470.617026343] [unitree_safe_cmd_node]: Move x=0.500, z=-0.019, stop_count=0, roi_count=0, nearest_x=inf, clear_frames=7986
[INFO] [1782640471.121983945] [unitree_safe_cmd_node]: Move x=0.500, z=-0.020, stop_count=0, roi_count=0, nearest_x=inf, clear_frames=7992
[INFO] [1782640471.666647485] [unitree_safe_cmd_node]: Move x=0.500, z=0.001, stop_count=0, roi_count=0, nearest_x=inf, clear_frames=7997
[INFO] [1782640472.166899715] [unitree_safe_cmd_node]: Move x=0.500, z=0.009, stop_count=0, roi_count=0, nearest_x=inf, clear_frames=8002
[INFO] [1782640472.717068766] [unitree_safe_cmd_node]: Move x=0.500, z=-0.034, stop_count=0, roi_count=0, nearest_x=inf, clear_frames=8007
[INFO] [1782640473.218272049] [unitree_safe_cmd_node]: Move x=0.500, z=-0.024, stop_count=0, roi_count=0, nearest_x=inf, clear_frames=8012
[INFO] [1782640473.721111301] [unitree_safe_cmd_node]: Move x=0.500, z=-0.008, stop_count=0, roi_count=0, nearest_x=inf, clear_frames=8018
[INFO] [1782640474.266574026] [unitree_safe_cmd_node]: Move x=0.500, z=-0.013, stop_count=0, roi_count=0, nearest_x=inf, clear_frames=8023
[INFO] [1782640474.766509130] [unitree_safe_cmd_node]: Move x=0.500, z=-0.039, stop_count=0, roi_count=0, nearest_x=inf, clear_frames=8028
[INFO] [1782640475.319057365] [unitree_safe_cmd_node]: Move x=0.500, z=0.002, stop_count=0, roi_count=0, nearest_x=inf, clear_frames=8034
[INFO] [1782640475.819761135] [unitree_safe_cmd_node]: Move x=0.500, z=0.016, stop_count=0, roi_count=0, nearest_x=inf, clear_frames=8039
[INFO] [1782640476.366586376] [unitree_safe_cmd_node]: Move x=0.500, z=-0.016, stop_count=0, roi_count=0, nearest_x=inf, clear_frames=8044
[INFO] [1782640476.920367312] [unitree_safe_cmd_node]: Move x=0.500, z=-0.035, stop_count=0, roi_count=0, nearest_x=inf, clear_frames=8050
[INFO] [1782640477.466948511] [unitree_safe_cmd_node]: Move x=0.500, z=0.003, stop_count=0, roi_count=0, nearest_x=inf, clear_frames=8055
[INFO] [1782640478.017554131] [unitree_safe_cmd_node]: Move x=0.500, z=-0.047, stop_count=0, roi_count=0, nearest_x=inf, clear_frames=8060
[INFO] [1782640478.566608803] [unitree_safe_cmd_node]: Move x=0.500, z=0.005, stop_count=0, roi_count=0, nearest_x=inf, clear_frames=8066
[INFO] [1782640479.067675750] [unitree_safe_cmd_node]: Move x=0.500, z=0.031, stop_count=0, roi_count=0, nearest_x=inf, clear_frames=8071
[INFO] [1782640479.616908941] [unitree_safe_cmd_node]: Move x=0.500, z=0.023, stop_count=0, roi_count=0, nearest_x=inf, clear_frames=8076
[INFO] [1782640480.117039829] [unitree_safe_cmd_node]: Move x=0.500, z=0.005, stop_count=0, roi_count=0, nearest_x=inf, clear_frames=8081
[INFO] [1782640480.666674082] [unitree_safe_cmd_node]: Move x=0.500, z=0.000, stop_count=0, roi_count=0, nearest_x=inf, clear_frames=8087
[INFO] [1782640481.217017873] [unitree_safe_cmd_node]: Move x=0.500, z=0.018, stop_count=0, roi_count=0, nearest_x=inf, clear_frames=8092
[INFO] [1782640481.766586573] [unitree_safe_cmd_node]: Move x=0.500, z=-0.065, stop_count=0, roi_count=0, nearest_x=inf, clear_frames=8097
[INFO] [1782640482.266637848] [unitree_safe_cmd_node]: Move x=0.500, z=-0.053, stop_count=0, roi_count=0, nearest_x=inf, clear_frames=8102
[INFO] [1782640482.817246870] [unitree_safe_cmd_node]: Move x=0.500, z=-0.027, stop_count=0, roi_count=0, nearest_x=inf, clear_frames=8107
[INFO] [1782640483.318914884] [unitree_safe_cmd_node]: Move x=0.500, z=-0.029, stop_count=0, roi_count=0, nearest_x=inf, clear_frames=8113
[INFO] [1782640483.866929182] [unitree_safe_cmd_node]: Move x=0.500, z=-0.036, stop_count=0, roi_count=0, nearest_x=inf, clear_frames=8118
[INFO] [1782640484.417263286] [unitree_safe_cmd_node]: Move x=0.500, z=-0.058, stop_count=0, roi_count=0, nearest_x=inf, clear_frames=8123
[INFO] [1782640484.917195987] [unitree_safe_cmd_node]: Move x=0.500, z=-0.032, stop_count=0, roi_count=0, nearest_x=inf, clear_frames=8128
[INFO] [1782640485.417086539] [unitree_safe_cmd_node]: Move x=0.500, z=-0.005, stop_count=0, roi_count=0, nearest_x=inf, clear_frames=8133
[INFO] [1782640485.966641618] [unitree_safe_cmd_node]: Move x=0.500, z=-0.015, stop_count=0, roi_count=0, nearest_x=inf, clear_frames=8139
[INFO] [1782640486.517046135] [unitree_safe_cmd_node]: Move x=0.500, z=-0.051, stop_count=0, roi_count=0, nearest_x=inf, clear_frames=8144
[INFO] [1782640487.017582036] [unitree_safe_cmd_node]: Move x=0.500, z=-0.018, stop_count=0, roi_count=0, nearest_x=inf, clear_frames=8149
[INFO] [1782640487.566632036] [unitree_safe_cmd_node]: Move x=0.500, z=-0.025, stop_count=0, roi_count=0, nearest_x=inf, clear_frames=8155
[INFO] [1782640488.070601169] [unitree_safe_cmd_node]: Move x=0.500, z=-0.011, stop_count=0, roi_count=0, nearest_x=inf, clear_frames=8160
[INFO] [1782640488.617099204] [unitree_safe_cmd_node]: Move x=0.500, z=-0.036, stop_count=0, roi_count=0, nearest_x=inf, clear_frames=8165
[INFO] [1782640489.166619024] [unitree_safe_cmd_node]: Move x=0.500, z=-0.021, stop_count=0, roi_count=0, nearest_x=inf, clear_frames=8171
[INFO] [1782640489.666629057] [unitree_safe_cmd_node]: Move x=0.500, z=0.012, stop_count=0, roi_count=0, nearest_x=inf, clear_frames=8176
[INFO] [1782640490.217008164] [unitree_safe_cmd_node]: Move x=0.500, z=-0.031, stop_count=0, roi_count=0, nearest_x=inf, clear_frames=8181
[INFO] [1782640490.718570768] [unitree_safe_cmd_node]: Move x=0.500, z=-0.017, stop_count=0, roi_count=0, nearest_x=inf, clear_frames=8186
[INFO] [1782640491.266741416] [unitree_safe_cmd_node]: Move x=0.500, z=-0.037, stop_count=0, roi_count=0, nearest_x=inf, clear_frames=8192
[INFO] [1782640491.817203719] [unitree_safe_cmd_node]: Move x=0.500, z=-0.013, stop_count=0, roi_count=0, nearest_x=inf, clear_frames=8197
[INFO] [1782640492.366602013] [unitree_safe_cmd_node]: Move x=0.500, z=-0.026, stop_count=0, roi_count=0, nearest_x=inf, clear_frames=8203
[INFO] [1782640492.866628304] [unitree_safe_cmd_node]: Move x=0.500, z=-0.028, stop_count=0, roi_count=0, nearest_x=inf, clear_frames=8208
[INFO] [1782640493.366785730] [unitree_safe_cmd_node]: Move x=0.500, z=-0.005, stop_count=0, roi_count=0, nearest_x=inf, clear_frames=8213
[INFO] [1782640493.917027190] [unitree_safe_cmd_node]: Move x=0.500, z=-0.019, stop_count=0, roi_count=0, nearest_x=inf, clear_frames=8218
[INFO] [1782640494.417337502] [unitree_safe_cmd_node]: Move x=0.500, z=-0.020, stop_count=0, roi_count=0, nearest_x=inf, clear_frames=8223
[INFO] [1782640494.966637899] [unitree_safe_cmd_node]: Move x=0.500, z=0.022, stop_count=0, roi_count=0, nearest_x=inf, clear_frames=8229
[INFO] [1782640495.517028344] [unitree_safe_cmd_node]: Move x=0.500, z=0.020, stop_count=0, roi_count=0, nearest_x=inf, clear_frames=8234
[INFO] [1782640496.017575116] [unitree_safe_cmd_node]: Move x=0.500, z=-0.012, stop_count=0, roi_count=0, nearest_x=inf, clear_frames=8239
[INFO] [1782640496.566732100] [unitree_safe_cmd_node]: Move x=0.500, z=-0.018, stop_count=0, roi_count=0, nearest_x=inf, clear_frames=8245
[INFO] [1782640497.066917967] [unitree_safe_cmd_node]: Move x=0.500, z=-0.059, stop_count=0, roi_count=0, nearest_x=inf, clear_frames=8249
[INFO] [1782640497.617026349] [unitree_safe_cmd_node]: Move x=0.500, z=-0.002, stop_count=0, roi_count=0, nearest_x=inf, clear_frames=8255
[INFO] [1782640498.117432171] [unitree_safe_cmd_node]: Move x=0.500, z=-0.011, stop_count=0, roi_count=0, nearest_x=inf, clear_frames=8260
[INFO] [1782640498.666612378] [unitree_safe_cmd_node]: Move x=0.500, z=-0.021, stop_count=0, roi_count=0, nearest_x=inf, clear_frames=8266
[INFO] [1782640499.217072010] [unitree_safe_cmd_node]: Move x=0.500, z=-0.015, stop_count=0, roi_count=0, nearest_x=inf, clear_frames=8270
[INFO] [1782640499.766596686] [unitree_safe_cmd_node]: Move x=0.500, z=0.008, stop_count=0, roi_count=0, nearest_x=inf, clear_frames=8276
[INFO] [1782640500.266600823] [unitree_safe_cmd_node]: Move x=0.500, z=-0.021, stop_count=0, roi_count=0, nearest_x=inf, clear_frames=8281
[INFO] [1782640500.766615644] [unitree_safe_cmd_node]: Move x=0.500, z=-0.066, stop_count=0, roi_count=0, nearest_x=inf, clear_frames=8286
[INFO] [1782640501.317009519] [unitree_safe_cmd_node]: Move x=0.500, z=0.020, stop_count=0, roi_count=0, nearest_x=inf, clear_frames=8291
[INFO] [1782640501.817098864] [unitree_safe_cmd_node]: Move x=0.500, z=0.032, stop_count=0, roi_count=0, nearest_x=inf, clear_frames=8296
[INFO] [1782640502.317074633] [unitree_safe_cmd_node]: Move x=0.500, z=0.002, stop_count=0, roi_count=0, nearest_x=inf, clear_frames=8301
[INFO] [1782640502.866873831] [unitree_safe_cmd_node]: Move x=0.500, z=-0.017, stop_count=0, roi_count=0, nearest_x=inf, clear_frames=8307
[INFO] [1782640503.417123587] [unitree_safe_cmd_node]: Move x=0.500, z=-0.010, stop_count=0, roi_count=0, nearest_x=inf, clear_frames=8312
[INFO] [1782640503.918476365] [unitree_safe_cmd_node]: Move x=0.500, z=-0.015, stop_count=0, roi_count=0, nearest_x=inf, clear_frames=8317
[INFO] [1782640504.424629686] [unitree_safe_cmd_node]: Move x=0.500, z=-0.014, stop_count=0, roi_count=0, nearest_x=inf, clear_frames=8322
[INFO] [1782640504.966761584] [unitree_safe_cmd_node]: Move x=0.500, z=-0.009, stop_count=0, roi_count=0, nearest_x=inf, clear_frames=8328
[INFO] [1782640505.476011916] [unitree_safe_cmd_node]: Move x=0.500, z=-0.024, stop_count=0, roi_count=0, nearest_x=inf, clear_frames=8333
[INFO] [1782640506.017068705] [unitree_safe_cmd_node]: Move x=0.500, z=-0.014, stop_count=0, roi_count=0, nearest_x=inf, clear_frames=8338
[INFO] [1782640506.517142156] [unitree_safe_cmd_node]: Move x=0.500, z=-0.035, stop_count=0, roi_count=0, nearest_x=inf, clear_frames=8343
[INFO] [1782640507.017525564] [unitree_safe_cmd_node]: Move x=0.500, z=-0.036, stop_count=0, roi_count=0, nearest_x=inf, clear_frames=8348
[INFO] [1782640507.566852872] [unitree_safe_cmd_node]: Move x=0.500, z=0.000, stop_count=0, roi_count=0, nearest_x=inf, clear_frames=8353
[INFO] [1782640508.067002318] [unitree_safe_cmd_node]: Move x=0.500, z=-0.001, stop_count=0, roi_count=0, nearest_x=inf, clear_frames=8358
[INFO] [1782640508.567341589] [unitree_safe_cmd_node]: Move x=0.500, z=-0.018, stop_count=0, roi_count=0, nearest_x=inf, clear_frames=8363
[INFO] [1782640509.117269557] [unitree_safe_cmd_node]: Move x=0.500, z=-0.019, stop_count=0, roi_count=0, nearest_x=inf, clear_frames=8368
[INFO] [1782640509.667152780] [unitree_safe_cmd_node]: Move x=0.500, z=-0.050, stop_count=0, roi_count=0, nearest_x=inf, clear_frames=8374
[INFO] [1782640510.166927533] [unitree_safe_cmd_node]: Move x=0.500, z=-0.014, stop_count=0, roi_count=0, nearest_x=inf, clear_frames=8379
[INFO] [1782640510.717042544] [unitree_safe_cmd_node]: Move x=0.500, z=0.005, stop_count=0, roi_count=0, nearest_x=inf, clear_frames=8384
[INFO] [1782640511.217208846] [unitree_safe_cmd_node]: Move x=0.500, z=0.003, stop_count=0, roi_count=0, nearest_x=inf, clear_frames=8389
[INFO] [1782640511.766588961] [unitree_safe_cmd_node]: Move x=0.500, z=0.018, stop_count=0, roi_count=0, nearest_x=inf, clear_frames=8395
[INFO] [1782640512.317036990] [unitree_safe_cmd_node]: Move x=0.500, z=0.036, stop_count=0, roi_count=0, nearest_x=inf, clear_frames=8400
[INFO] [1782640512.866900095] [unitree_safe_cmd_node]: Move x=0.500, z=0.008, stop_count=0, roi_count=0, nearest_x=inf, clear_frames=8406
[INFO] [1782640513.416997420] [unitree_safe_cmd_node]: Move x=0.500, z=-0.027, stop_count=0, roi_count=0, nearest_x=inf, clear_frames=8411
[INFO] [1782640513.917045638] [unitree_safe_cmd_node]: Move x=0.500, z=-0.011, stop_count=0, roi_count=0, nearest_x=inf, clear_frames=8416
[INFO] [1782640514.417194765] [unitree_safe_cmd_node]: Move x=0.500, z=-0.018, stop_count=0, roi_count=0, nearest_x=inf, clear_frames=8421
[INFO] [1782640514.966699170] [unitree_safe_cmd_node]: Move x=0.500, z=-0.026, stop_count=0, roi_count=0, nearest_x=inf, clear_frames=8427
[INFO] [1782640515.517020863] [unitree_safe_cmd_node]: Move x=0.500, z=-0.005, stop_count=0, roi_count=0, nearest_x=inf, clear_frames=8432
[INFO] [1782640516.017036265] [unitree_safe_cmd_node]: Move x=0.500, z=-0.019, stop_count=0, roi_count=0, nearest_x=inf, clear_frames=8437
[INFO] [1782640516.566618967] [unitree_safe_cmd_node]: Move x=0.500, z=-0.033, stop_count=0, roi_count=0, nearest_x=inf, clear_frames=8443
[INFO] [1782640517.067030460] [unitree_safe_cmd_node]: Move x=0.500, z=-0.022, stop_count=0, roi_count=0, nearest_x=inf, clear_frames=8447
[INFO] [1782640517.617008100] [unitree_safe_cmd_node]: Move x=0.500, z=0.007, stop_count=0, roi_count=0, nearest_x=inf, clear_frames=8453
[INFO] [1782640518.117053952] [unitree_safe_cmd_node]: Move x=0.500, z=0.011, stop_count=0, roi_count=0, nearest_x=inf, clear_frames=8458
[INFO] [1782640518.666598593] [unitree_safe_cmd_node]: Move x=0.500, z=0.006, stop_count=0, roi_count=0, nearest_x=inf, clear_frames=8464
[INFO] [1782640519.166622888] [unitree_safe_cmd_node]: Move x=0.500, z=0.003, stop_count=0, roi_count=0, nearest_x=inf, clear_frames=8469
[INFO] [1782640519.666726022] [unitree_safe_cmd_node]: Move x=0.500, z=-0.017, stop_count=0, roi_count=0, nearest_x=inf, clear_frames=8474
[INFO] [1782640520.217222924] [unitree_safe_cmd_node]: Move x=0.500, z=-0.009, stop_count=0, roi_count=0, nearest_x=inf, clear_frames=8479
[INFO] [1782640520.717348224] [unitree_safe_cmd_node]: Move x=0.500, z=-0.010, stop_count=0, roi_count=0, nearest_x=inf, clear_frames=8484
[INFO] [1782640521.217290831] [unitree_safe_cmd_node]: Move x=0.500, z=-0.009, stop_count=0, roi_count=0, nearest_x=inf, clear_frames=8489
[INFO] [1782640521.766867457] [unitree_safe_cmd_node]: Move x=0.500, z=-0.038, stop_count=0, roi_count=0, nearest_x=inf, clear_frames=8495
[INFO] [1782640522.317047684] [unitree_safe_cmd_node]: Move x=0.500, z=-0.012, stop_count=0, roi_count=0, nearest_x=inf, clear_frames=8500
[INFO] [1782640522.817057330] [unitree_safe_cmd_node]: Move x=0.500, z=-0.001, stop_count=0, roi_count=0, nearest_x=inf, clear_frames=8505
[INFO] [1782640523.318640685] [unitree_safe_cmd_node]: Move x=0.500, z=-0.011, stop_count=0, roi_count=0, nearest_x=inf, clear_frames=8510
[INFO] [1782640523.866643314] [unitree_safe_cmd_node]: Move x=0.500, z=0.021, stop_count=0, roi_count=0, nearest_x=inf, clear_frames=8516
[INFO] [1782640524.366656830] [unitree_safe_cmd_node]: Move x=0.500, z=-0.026, stop_count=0, roi_count=0, nearest_x=inf, clear_frames=8521
[INFO] [1782640524.917028642] [unitree_safe_cmd_node]: Move x=0.500, z=-0.036, stop_count=0, roi_count=0, nearest_x=inf, clear_frames=8526
[INFO] [1782640525.417202782] [unitree_safe_cmd_node]: Move x=0.500, z=0.004, stop_count=0, roi_count=0, nearest_x=inf, clear_frames=8531
[INFO] [1782640525.966604455] [unitree_safe_cmd_node]: Move x=0.500, z=0.016, stop_count=0, roi_count=0, nearest_x=inf, clear_frames=8537
[INFO] [1782640526.467738083] [unitree_safe_cmd_node]: Move x=0.500, z=0.015, stop_count=0, roi_count=0, nearest_x=inf, clear_frames=8542
[INFO] [1782640526.966644888] [unitree_safe_cmd_node]: Move x=0.500, z=0.048, stop_count=0, roi_count=0, nearest_x=inf, clear_frames=8547
[INFO] [1782640527.517200609] [unitree_safe_cmd_node]: Move x=0.000, z=0.450, stop_count=0, roi_count=0, nearest_x=inf, clear_frames=8552
[INFO] [1782640528.017974608] [unitree_safe_cmd_node]: Move x=0.000, z=0.450, stop_count=0, roi_count=0, nearest_x=inf, clear_frames=8557
[INFO] [1782640528.566604540] [unitree_safe_cmd_node]: Move x=0.000, z=0.450, stop_count=0, roi_count=0, nearest_x=inf, clear_frames=8563
[INFO] [1782640529.067156698] [unitree_safe_cmd_node]: Move x=0.000, z=0.450, stop_count=0, roi_count=0, nearest_x=inf, clear_frames=8568
[INFO] [1782640529.617092953] [unitree_safe_cmd_node]: Move x=0.000, z=0.450, stop_count=0, roi_count=0, nearest_x=inf, clear_frames=8573
[INFO] [1782640530.118901027] [unitree_safe_cmd_node]: Move x=0.000, z=0.450, stop_count=0, roi_count=0, nearest_x=inf, clear_frames=8578
[INFO] [1782640530.666565490] [unitree_safe_cmd_node]: Move x=0.000, z=0.450, stop_count=0, roi_count=0, nearest_x=inf, clear_frames=8584
[INFO] [1782640531.168886203] [unitree_safe_cmd_node]: Move x=0.000, z=0.450, stop_count=0, roi_count=0, nearest_x=inf, clear_frames=8589
[INFO] [1782640531.717215454] [unitree_safe_cmd_node]: Move x=0.000, z=0.450, stop_count=0, roi_count=0, nearest_x=inf, clear_frames=8594
[INFO] [1782640532.218083710] [unitree_safe_cmd_node]: Move x=0.000, z=0.450, stop_count=0, roi_count=0, nearest_x=inf, clear_frames=8599
[INFO] [1782640532.766860640] [unitree_safe_cmd_node]: Move x=0.000, z=0.450, stop_count=0, roi_count=0, nearest_x=inf, clear_frames=8605
[INFO] [1782640533.317170755] [unitree_safe_cmd_node]: Move x=0.000, z=0.450, stop_count=0, roi_count=0, nearest_x=inf, clear_frames=8610
[INFO] [1782640533.817412317] [unitree_safe_cmd_node]: Move x=0.000, z=0.450, stop_count=0, roi_count=0, nearest_x=inf, clear_frames=8615
[INFO] [1782640534.366595029] [unitree_safe_cmd_node]: Move x=0.000, z=0.450, stop_count=0, roi_count=0, nearest_x=inf, clear_frames=8621
[INFO] [1782640534.917201444] [unitree_safe_cmd_node]: Move x=0.000, z=0.450, stop_count=0, roi_count=0, nearest_x=inf, clear_frames=8626
[INFO] [1782640535.466630208] [unitree_safe_cmd_node]: Move x=0.000, z=0.450, stop_count=0, roi_count=0, nearest_x=inf, clear_frames=8632
[INFO] [1782640536.017060583] [unitree_safe_cmd_node]: Move x=0.000, z=0.450, stop_count=0, roi_count=0, nearest_x=inf, clear_frames=8637
[INFO] [1782640536.566597421] [unitree_safe_cmd_node]: Move x=0.000, z=0.450, stop_count=0, roi_count=0, nearest_x=inf, clear_frames=8643
[INFO] [1782640537.067698201] [unitree_safe_cmd_node]: Move x=0.000, z=0.450, stop_count=0, roi_count=0, nearest_x=inf, clear_frames=8648
[INFO] [1782640537.617034723] [unitree_safe_cmd_node]: Move x=0.000, z=0.450, stop_count=0, roi_count=0, nearest_x=inf, clear_frames=8653
[INFO] [1782640538.117153307] [unitree_safe_cmd_node]: Move x=0.000, z=0.450, stop_count=0, roi_count=0, nearest_x=inf, clear_frames=8658
[INFO] [1782640538.666600526] [unitree_safe_cmd_node]: Move x=0.250, z=0.450, stop_count=0, roi_count=0, nearest_x=inf, clear_frames=8664
[INFO] [1782640539.166610620] [unitree_safe_cmd_node]: Move x=0.250, z=0.450, stop_count=0, roi_count=0, nearest_x=inf, clear_frames=8669
[INFO] [1782640539.666642143] [unitree_safe_cmd_node]: Move x=0.250, z=0.450, stop_count=0, roi_count=0, nearest_x=inf, clear_frames=8674
[INFO] [1782640540.167006396] [unitree_safe_cmd_node]: Move x=0.500, z=0.400, stop_count=0, roi_count=0, nearest_x=inf, clear_frames=8679
[INFO] [1782640540.717029454] [unitree_safe_cmd_node]: Move x=0.500, z=0.128, stop_count=0, roi_count=0, nearest_x=inf, clear_frames=8683
[INFO] [1782640541.217060178] [unitree_safe_cmd_node]: Move x=0.500, z=-0.047, stop_count=0, roi_count=0, nearest_x=inf, clear_frames=8688
[INFO] [1782640541.766829316] [unitree_safe_cmd_node]: Move x=0.500, z=-0.080, stop_count=0, roi_count=0, nearest_x=inf, clear_frames=8694
[INFO] [1782640542.317060591] [unitree_safe_cmd_node]: Move x=0.500, z=-0.069, stop_count=0, roi_count=0, nearest_x=inf, clear_frames=8699
[INFO] [1782640542.817199388] [unitree_safe_cmd_node]: Move x=0.500, z=-0.102, stop_count=0, roi_count=0, nearest_x=inf, clear_frames=8704
[INFO] [1782640543.366612672] [unitree_safe_cmd_node]: Move x=0.500, z=-0.107, stop_count=0, roi_count=0, nearest_x=inf, clear_frames=8710
[INFO] [1782640543.866745872] [unitree_safe_cmd_node]: Move x=0.500, z=-0.098, stop_count=0, roi_count=0, nearest_x=inf, clear_frames=8715
[INFO] [1782640544.366647316] [unitree_safe_cmd_node]: Move x=0.500, z=-0.066, stop_count=0, roi_count=0, nearest_x=inf, clear_frames=8720
[INFO] [1782640544.917004192] [unitree_safe_cmd_node]: Move x=0.500, z=-0.044, stop_count=0, roi_count=0, nearest_x=inf, clear_frames=8725
[INFO] [1782640545.473441131] [unitree_safe_cmd_node]: Move x=0.500, z=-0.045, stop_count=0, roi_count=0, nearest_x=inf, clear_frames=8731
[INFO] [1782640546.016961970] [unitree_safe_cmd_node]: Move x=0.500, z=-0.027, stop_count=0, roi_count=0, nearest_x=inf, clear_frames=8736
[INFO] [1782640546.517107165] [unitree_safe_cmd_node]: Move x=0.500, z=-0.053, stop_count=0, roi_count=0, nearest_x=inf, clear_frames=8741
[INFO] [1782640547.067084134] [unitree_safe_cmd_node]: Move x=0.500, z=-0.042, stop_count=0, roi_count=0, nearest_x=inf, clear_frames=8747
[INFO] [1782640547.617283201] [unitree_safe_cmd_node]: Move x=0.500, z=-0.081, stop_count=0, roi_count=0, nearest_x=inf, clear_frames=8752
[INFO] [1782640548.117230990] [unitree_safe_cmd_node]: Move x=0.500, z=-0.009, stop_count=0, roi_count=0, nearest_x=inf, clear_frames=8757
[INFO] [1782640548.666631481] [unitree_safe_cmd_node]: Move x=0.500, z=-0.002, stop_count=0, roi_count=0, nearest_x=inf, clear_frames=8763
[INFO] [1782640549.217055555] [unitree_safe_cmd_node]: Move x=0.500, z=-0.050, stop_count=0, roi_count=0, nearest_x=inf, clear_frames=8768
[INFO] [1782640549.766599749] [unitree_safe_cmd_node]: Move x=0.500, z=-0.009, stop_count=0, roi_count=0, nearest_x=inf, clear_frames=8774
[INFO] [1782640550.267895312] [unitree_safe_cmd_node]: Move x=0.500, z=-0.027, stop_count=0, roi_count=0, nearest_x=inf, clear_frames=8779
[INFO] [1782640550.817000622] [unitree_safe_cmd_node]: Move x=0.500, z=-0.003, stop_count=0, roi_count=0, nearest_x=inf, clear_frames=8784
[INFO] [1782640551.319277550] [unitree_safe_cmd_node]: Move x=0.500, z=-0.033, stop_count=0, roi_count=0, nearest_x=inf, clear_frames=8789
[INFO] [1782640551.866588846] [unitree_safe_cmd_node]: Move x=0.500, z=0.006, stop_count=0, roi_count=0, nearest_x=inf, clear_frames=8794
[INFO] [1782640552.366623439] [unitree_safe_cmd_node]: Move x=0.500, z=0.014, stop_count=0, roi_count=0, nearest_x=inf, clear_frames=8799
[INFO] [1782640552.867753453] [unitree_safe_cmd_node]: Move x=0.500, z=-0.014, stop_count=0, roi_count=0, nearest_x=inf, clear_frames=8804
[INFO] [1782640553.366710442] [unitree_safe_cmd_node]: Move x=0.500, z=-0.022, stop_count=0, roi_count=0, nearest_x=inf, clear_frames=8809
[INFO] [1782640553.866712220] [unitree_safe_cmd_node]: Move x=0.500, z=-0.052, stop_count=0, roi_count=0, nearest_x=inf, clear_frames=8814
[INFO] [1782640554.417189931] [unitree_safe_cmd_node]: Move x=0.500, z=-0.055, stop_count=0, roi_count=0, nearest_x=inf, clear_frames=8819
[INFO] [1782640554.966697600] [unitree_safe_cmd_node]: Move x=0.500, z=-0.040, stop_count=0, roi_count=0, nearest_x=inf, clear_frames=8825
[INFO] [1782640555.517183435] [unitree_safe_cmd_node]: Move x=0.500, z=0.008, stop_count=0, roi_count=0, nearest_x=inf, clear_frames=8830
[INFO] [1782640556.067373291] [unitree_safe_cmd_node]: Move x=0.500, z=-0.002, stop_count=0, roi_count=0, nearest_x=inf, clear_frames=8836
[INFO] [1782640556.617167440] [unitree_safe_cmd_node]: Move x=0.500, z=-0.028, stop_count=0, roi_count=0, nearest_x=inf, clear_frames=8841
[INFO] [1782640557.166846831] [unitree_safe_cmd_node]: Move x=0.500, z=-0.013, stop_count=0, roi_count=0, nearest_x=inf, clear_frames=8847
[INFO] [1782640557.717121348] [unitree_safe_cmd_node]: Move x=0.500, z=-0.050, stop_count=0, roi_count=0, nearest_x=inf, clear_frames=8852
[INFO] [1782640558.217233343] [unitree_safe_cmd_node]: Move x=0.500, z=-0.002, stop_count=0, roi_count=0, nearest_x=inf, clear_frames=8857
[INFO] [1782640558.766630635] [unitree_safe_cmd_node]: Move x=0.500, z=-0.018, stop_count=0, roi_count=0, nearest_x=inf, clear_frames=8863
[INFO] [1782640559.317053302] [unitree_safe_cmd_node]: Move x=0.500, z=0.005, stop_count=0, roi_count=0, nearest_x=inf, clear_frames=8867
[INFO] [1782640559.867146917] [unitree_safe_cmd_node]: Move x=0.500, z=-0.014, stop_count=0, roi_count=0, nearest_x=inf, clear_frames=8873
[INFO] [1782640560.417689109] [unitree_safe_cmd_node]: Move x=0.500, z=-0.033, stop_count=0, roi_count=0, nearest_x=inf, clear_frames=8878
[INFO] [1782640560.925322077] [unitree_safe_cmd_node]: Move x=0.500, z=-0.048, stop_count=0, roi_count=0, nearest_x=inf, clear_frames=8883
[INFO] [1782640561.466608450] [unitree_safe_cmd_node]: Move x=0.500, z=0.039, stop_count=0, roi_count=0, nearest_x=inf, clear_frames=8889
[INFO] [1782640561.967125779] [unitree_safe_cmd_node]: Move x=0.500, z=-0.012, stop_count=0, roi_count=0, nearest_x=inf, clear_frames=8894
[INFO] [1782640562.517023876] [unitree_safe_cmd_node]: Move x=0.500, z=-0.075, stop_count=0, roi_count=0, nearest_x=inf, clear_frames=8899
[INFO] [1782640563.067007179] [unitree_safe_cmd_node]: Move x=0.500, z=-0.034, stop_count=0, roi_count=0, nearest_x=inf, clear_frames=8905
[INFO] [1782640563.616899359] [unitree_safe_cmd_node]: Move x=0.500, z=-0.027, stop_count=0, roi_count=0, nearest_x=inf, clear_frames=8910
[INFO] [1782640564.116990181] [unitree_safe_cmd_node]: Move x=0.500, z=-0.018, stop_count=0, roi_count=0, nearest_x=inf, clear_frames=8915
[INFO] [1782640564.617223715] [unitree_safe_cmd_node]: Move x=0.500, z=-0.036, stop_count=0, roi_count=0, nearest_x=inf, clear_frames=8920
[INFO] [1782640565.167495481] [unitree_safe_cmd_node]: Move x=0.500, z=-0.004, stop_count=0, roi_count=0, nearest_x=inf, clear_frames=8926
[INFO] [1782640565.717022021] [unitree_safe_cmd_node]: Move x=0.500, z=-0.044, stop_count=0, roi_count=0, nearest_x=inf, clear_frames=8931
[INFO] [1782640566.218049749] [unitree_safe_cmd_node]: Move x=0.500, z=-0.028, stop_count=0, roi_count=0, nearest_x=inf, clear_frames=8936
[INFO] [1782640566.766748863] [unitree_safe_cmd_node]: Move x=0.500, z=-0.040, stop_count=0, roi_count=0, nearest_x=inf, clear_frames=8942
[INFO] [1782640567.266769511] [unitree_safe_cmd_node]: Move x=0.500, z=-0.016, stop_count=0, roi_count=0, nearest_x=inf, clear_frames=8946
[INFO] [1782640567.817535718] [unitree_safe_cmd_node]: Move x=0.500, z=-0.067, stop_count=0, roi_count=0, nearest_x=inf, clear_frames=8951
[INFO] [1782640568.317558414] [unitree_safe_cmd_node]: Move x=0.500, z=0.034, stop_count=0, roi_count=0, nearest_x=inf, clear_frames=8956
[INFO] [1782640568.866639352] [unitree_safe_cmd_node]: Move x=0.500, z=0.012, stop_count=0, roi_count=0, nearest_x=inf, clear_frames=8962
[INFO] [1782640569.366655491] [unitree_safe_cmd_node]: Move x=0.500, z=-0.016, stop_count=0, roi_count=0, nearest_x=inf, clear_frames=8967
[INFO] [1782640569.917233088] [unitree_safe_cmd_node]: Move x=0.500, z=0.008, stop_count=0, roi_count=0, nearest_x=inf, clear_frames=8972
[INFO] [1782640570.417380490] [unitree_safe_cmd_node]: Move x=0.500, z=-0.022, stop_count=0, roi_count=0, nearest_x=inf, clear_frames=8977
[INFO] [1782640570.966670411] [unitree_safe_cmd_node]: Move x=0.500, z=-0.020, stop_count=0, roi_count=0, nearest_x=inf, clear_frames=8983
[INFO] [1782640571.467128185] [unitree_safe_cmd_node]: Move x=0.500, z=-0.071, stop_count=0, roi_count=0, nearest_x=inf, clear_frames=8987
[INFO] [1782640572.016896140] [unitree_safe_cmd_node]: Move x=0.500, z=-0.017, stop_count=0, roi_count=0, nearest_x=inf, clear_frames=8992
[INFO] [1782640572.517259817] [unitree_safe_cmd_node]: Move x=0.500, z=0.016, stop_count=0, roi_count=0, nearest_x=inf, clear_frames=8997
[INFO] [1782640573.025010838] [unitree_safe_cmd_node]: Move x=0.500, z=-0.032, stop_count=0, roi_count=0, nearest_x=inf, clear_frames=9003
[INFO] [1782640573.566657224] [unitree_safe_cmd_node]: Move x=0.500, z=0.000, stop_count=0, roi_count=0, nearest_x=inf, clear_frames=9008
[INFO] [1782640574.069140256] [unitree_safe_cmd_node]: Move x=0.500, z=-0.013, stop_count=0, roi_count=0, nearest_x=inf, clear_frames=9013
[INFO] [1782640574.617368885] [unitree_safe_cmd_node]: Move x=0.500, z=-0.033, stop_count=0, roi_count=0, nearest_x=inf, clear_frames=9018
[INFO] [1782640575.166607664] [unitree_safe_cmd_node]: Move x=0.500, z=-0.057, stop_count=0, roi_count=0, nearest_x=inf, clear_frames=9024
[INFO] [1782640575.666842829] [unitree_safe_cmd_node]: Move x=0.500, z=-0.006, stop_count=0, roi_count=0, nearest_x=inf, clear_frames=9029
[INFO] [1782640576.217066204] [unitree_safe_cmd_node]: Move x=0.500, z=-0.010, stop_count=0, roi_count=0, nearest_x=inf, clear_frames=9034
[INFO] [1782640576.720415683] [unitree_safe_cmd_node]: Move x=0.500, z=-0.027, stop_count=0, roi_count=0, nearest_x=inf, clear_frames=9040
[INFO] [1782640577.266611153] [unitree_safe_cmd_node]: Move x=0.500, z=0.016, stop_count=0, roi_count=0, nearest_x=inf, clear_frames=9045
[INFO] [1782640577.766607718] [unitree_safe_cmd_node]: Move x=0.500, z=-0.003, stop_count=0, roi_count=0, nearest_x=inf, clear_frames=9050
[INFO] [1782640578.316955318] [unitree_safe_cmd_node]: Move x=0.500, z=0.013, stop_count=0, roi_count=0, nearest_x=inf, clear_frames=9055
[INFO] [1782640578.820561437] [unitree_safe_cmd_node]: Move x=0.500, z=-0.022, stop_count=0, roi_count=0, nearest_x=inf, clear_frames=9061
[INFO] [1782640579.321053018] [unitree_safe_cmd_node]: Move x=0.500, z=0.014, stop_count=0, roi_count=0, nearest_x=inf, clear_frames=9066
[INFO] [1782640579.866780082] [unitree_safe_cmd_node]: Move x=0.500, z=-0.026, stop_count=0, roi_count=0, nearest_x=inf, clear_frames=9071
[INFO] [1782640580.366946034] [unitree_safe_cmd_node]: Move x=0.500, z=0.030, stop_count=0, roi_count=0, nearest_x=inf, clear_frames=9076
[INFO] [1782640580.917133555] [unitree_safe_cmd_node]: Move x=0.500, z=0.011, stop_count=0, roi_count=0, nearest_x=inf, clear_frames=9081
[INFO] [1782640581.420754323] [unitree_safe_cmd_node]: Move x=0.500, z=-0.023, stop_count=0, roi_count=0, nearest_x=inf, clear_frames=9087
[INFO] [1782640581.966700381] [unitree_safe_cmd_node]: Move x=0.500, z=-0.058, stop_count=0, roi_count=0, nearest_x=inf, clear_frames=9092
[INFO] [1782640582.520180398] [unitree_safe_cmd_node]: Move x=0.500, z=0.009, stop_count=0, roi_count=0, nearest_x=inf, clear_frames=9098
[INFO] [1782640583.066554147] [unitree_safe_cmd_node]: Move x=0.500, z=0.040, stop_count=0, roi_count=0, nearest_x=inf, clear_frames=9103
[INFO] [1782640583.566732317] [unitree_safe_cmd_node]: Move x=0.500, z=-0.001, stop_count=0, roi_count=0, nearest_x=inf, clear_frames=9108
[INFO] [1782640584.119087585] [unitree_safe_cmd_node]: Move x=0.500, z=0.030, stop_count=0, roi_count=0, nearest_x=inf, clear_frames=9113
[INFO] [1782640584.666550293] [unitree_safe_cmd_node]: Move x=0.500, z=-0.015, stop_count=0, roi_count=0, nearest_x=inf, clear_frames=9119
[INFO] [1782640585.166881346] [unitree_safe_cmd_node]: Move x=0.500, z=-0.029, stop_count=0, roi_count=0, nearest_x=inf, clear_frames=9124
[INFO] [1782640585.717197410] [unitree_safe_cmd_node]: Move x=0.500, z=-0.080, stop_count=0, roi_count=0, nearest_x=inf, clear_frames=9129
[INFO] [1782640586.266580086] [unitree_safe_cmd_node]: Move x=0.500, z=-0.033, stop_count=0, roi_count=0, nearest_x=inf, clear_frames=9135
[INFO] [1782640586.766774727] [unitree_safe_cmd_node]: Move x=0.500, z=-0.055, stop_count=0, roi_count=0, nearest_x=inf, clear_frames=9139
[INFO] [1782640587.266619912] [unitree_safe_cmd_node]: Move x=0.500, z=-0.011, stop_count=0, roi_count=0, nearest_x=inf, clear_frames=9144
[INFO] [1782640587.817194343] [unitree_safe_cmd_node]: Move x=0.500, z=-0.005, stop_count=0, roi_count=0, nearest_x=inf, clear_frames=9149
[INFO] [1782640588.317659953] [unitree_safe_cmd_node]: Move x=0.500, z=-0.007, stop_count=0, roi_count=0, nearest_x=inf, clear_frames=9155
[INFO] [1782640588.866548507] [unitree_safe_cmd_node]: Move x=0.500, z=-0.000, stop_count=0, roi_count=0, nearest_x=inf, clear_frames=9160
[INFO] [1782640589.366619818] [unitree_safe_cmd_node]: Move x=0.500, z=-0.030, stop_count=0, roi_count=0, nearest_x=inf, clear_frames=9165
[INFO] [1782640589.866822520] [unitree_safe_cmd_node]: Move x=0.500, z=-0.035, stop_count=0, roi_count=0, nearest_x=inf, clear_frames=9170
[INFO] [1782640590.421648264] [unitree_safe_cmd_node]: Move x=0.500, z=-0.033, stop_count=0, roi_count=0, nearest_x=inf, clear_frames=9176
[INFO] [1782640590.966696052] [unitree_safe_cmd_node]: Move x=0.500, z=-0.014, stop_count=0, roi_count=0, nearest_x=inf, clear_frames=9181
[INFO] [1782640591.466557996] [unitree_safe_cmd_node]: Move x=0.500, z=-0.045, stop_count=0, roi_count=0, nearest_x=inf, clear_frames=9186
[INFO] [1782640591.966544614] [unitree_safe_cmd_node]: Move x=0.500, z=0.006, stop_count=0, roi_count=0, nearest_x=inf, clear_frames=9191
[INFO] [1782640592.517002079] [unitree_safe_cmd_node]: Move x=0.500, z=-0.022, stop_count=0, roi_count=0, nearest_x=inf, clear_frames=9196
[INFO] [1782640593.017801287] [unitree_safe_cmd_node]: Move x=0.500, z=-0.038, stop_count=0, roi_count=0, nearest_x=inf, clear_frames=9202
[INFO] [1782640593.522140127] [unitree_safe_cmd_node]: Move x=0.500, z=-0.045, stop_count=0, roi_count=0, nearest_x=inf, clear_frames=9207
[INFO] [1782640594.067042612] [unitree_safe_cmd_node]: Move x=0.500, z=-0.018, stop_count=0, roi_count=0, nearest_x=inf, clear_frames=9212
[INFO] [1782640594.618197968] [unitree_safe_cmd_node]: Move x=0.500, z=-0.056, stop_count=0, roi_count=0, nearest_x=inf, clear_frames=9218
[INFO] [1782640595.122222727] [unitree_safe_cmd_node]: Move x=0.500, z=0.019, stop_count=0, roi_count=0, nearest_x=inf, clear_frames=9223
[INFO] [1782640595.666660570] [unitree_safe_cmd_node]: Move x=0.500, z=-0.017, stop_count=0, roi_count=0, nearest_x=inf, clear_frames=9228
[INFO] [1782640596.217009127] [unitree_safe_cmd_node]: Move x=0.500, z=-0.046, stop_count=0, roi_count=0, nearest_x=inf, clear_frames=9233
[INFO] [1782640596.718488997] [unitree_safe_cmd_node]: Move x=0.500, z=-0.027, stop_count=0, roi_count=0, nearest_x=inf, clear_frames=9239
[INFO] [1782640597.266614097] [unitree_safe_cmd_node]: Move x=0.500, z=-0.034, stop_count=0, roi_count=0, nearest_x=inf, clear_frames=9244
[INFO] [1782640597.766618788] [unitree_safe_cmd_node]: Move x=0.500, z=-0.010, stop_count=0, roi_count=0, nearest_x=inf, clear_frames=9249
[INFO] [1782640598.266860806] [unitree_safe_cmd_node]: Move x=0.500, z=-0.038, stop_count=0, roi_count=0, nearest_x=inf, clear_frames=9253
[INFO] [1782640598.817251517] [unitree_safe_cmd_node]: Move x=0.500, z=0.022, stop_count=0, roi_count=0, nearest_x=inf, clear_frames=9259
[INFO] [1782640599.320848471] [unitree_safe_cmd_node]: Move x=0.500, z=-0.004, stop_count=0, roi_count=0, nearest_x=inf, clear_frames=9263
[INFO] [1782640599.866583966] [unitree_safe_cmd_node]: Move x=0.500, z=0.031, stop_count=0, roi_count=0, nearest_x=inf, clear_frames=9268
[INFO] [1782640600.421244846] [unitree_safe_cmd_node]: Move x=0.500, z=-0.029, stop_count=0, roi_count=0, nearest_x=inf, clear_frames=9274
[INFO] [1782640600.966672568] [unitree_safe_cmd_node]: Move x=0.500, z=-0.050, stop_count=0, roi_count=0, nearest_x=inf, clear_frames=9279
[INFO] [1782640601.466638962] [unitree_safe_cmd_node]: Move x=0.500, z=-0.054, stop_count=0, roi_count=0, nearest_x=inf, clear_frames=9284
[INFO] [1782640601.966748994] [unitree_safe_cmd_node]: Move x=0.500, z=-0.089, stop_count=0, roi_count=0, nearest_x=inf, clear_frames=9289
[INFO] [1782640602.522319843] [unitree_safe_cmd_node]: Move x=0.500, z=0.022, stop_count=0, roi_count=0, nearest_x=inf, clear_frames=9295
[INFO] [1782640603.068467753] [unitree_safe_cmd_node]: Move x=0.500, z=-0.016, stop_count=0, roi_count=0, nearest_x=inf, clear_frames=9300
[INFO] [1782640603.616662157] [unitree_safe_cmd_node]: Move x=0.500, z=-0.052, stop_count=0, roi_count=0, nearest_x=inf, clear_frames=9306
[INFO] [1782640604.116700458] [unitree_safe_cmd_node]: Move x=0.500, z=0.006, stop_count=0, roi_count=0, nearest_x=inf, clear_frames=9311
[INFO] [1782640604.621394776] [unitree_safe_cmd_node]: Move x=0.500, z=-0.015, stop_count=0, roi_count=0, nearest_x=inf, clear_frames=9316
[INFO] [1782640605.167063294] [unitree_safe_cmd_node]: Move x=0.500, z=0.032, stop_count=0, roi_count=0, nearest_x=inf, clear_frames=9321
[INFO] [1782640605.716743544] [unitree_safe_cmd_node]: Move x=0.500, z=-0.028, stop_count=0, roi_count=0, nearest_x=inf, clear_frames=9327
[INFO] [1782640606.218170292] [unitree_safe_cmd_node]: Move x=0.500, z=-0.046, stop_count=0, roi_count=0, nearest_x=inf, clear_frames=9331
[INFO] [1782640606.766528766] [unitree_safe_cmd_node]: Move x=0.500, z=-0.026, stop_count=0, roi_count=0, nearest_x=inf, clear_frames=9337
[INFO] [1782640607.266555554] [unitree_safe_cmd_node]: Move x=0.500, z=-0.028, stop_count=0, roi_count=0, nearest_x=inf, clear_frames=9342
[INFO] [1782640607.766847206] [unitree_safe_cmd_node]: Move x=0.500, z=0.005, stop_count=0, roi_count=0, nearest_x=inf, clear_frames=9347
[INFO] [1782640608.277838606] [unitree_safe_cmd_node]: Move x=0.500, z=-0.009, stop_count=0, roi_count=0, nearest_x=inf, clear_frames=9351
[INFO] [1782640608.821537206] [unitree_safe_cmd_node]: Move x=0.500, z=0.067, stop_count=0, roi_count=0, nearest_x=inf, clear_frames=9357
[INFO] [1782640609.366745056] [unitree_safe_cmd_node]: Move x=0.500, z=0.030, stop_count=0, roi_count=0, nearest_x=inf, clear_frames=9362
[INFO] [1782640609.866623473] [unitree_safe_cmd_node]: Move x=0.500, z=0.066, stop_count=0, roi_count=0, nearest_x=inf, clear_frames=9367
[INFO] [1782640610.417795125] [unitree_safe_cmd_node]: Move x=0.500, z=0.013, stop_count=0, roi_count=0, nearest_x=inf, clear_frames=9373
[INFO] [1782640610.966531702] [unitree_safe_cmd_node]: Move x=0.500, z=0.007, stop_count=0, roi_count=0, nearest_x=inf, clear_frames=9378
[INFO] [1782640611.516716847] [unitree_safe_cmd_node]: Move x=0.500, z=-0.013, stop_count=0, roi_count=0, nearest_x=inf, clear_frames=9384
[INFO] [1782640612.020669925] [unitree_safe_cmd_node]: Move x=0.500, z=-0.027, stop_count=0, roi_count=0, nearest_x=inf, clear_frames=9389
[INFO] [1782640612.566528405] [unitree_safe_cmd_node]: Move x=0.500, z=0.010, stop_count=0, roi_count=0, nearest_x=inf, clear_frames=9394
[INFO] [1782640613.067001683] [unitree_safe_cmd_node]: Move x=0.500, z=-0.005, stop_count=0, roi_count=0, nearest_x=inf, clear_frames=9399
[INFO] [1782640613.619238723] [unitree_safe_cmd_node]: Move x=0.500, z=-0.032, stop_count=0, roi_count=0, nearest_x=inf, clear_frames=9405
[INFO] [1782640614.166620319] [unitree_safe_cmd_node]: Move x=0.500, z=-0.058, stop_count=0, roi_count=0, nearest_x=inf, clear_frames=9410
[INFO] [1782640614.666743083] [unitree_safe_cmd_node]: Move x=0.500, z=-0.008, stop_count=0, roi_count=0, nearest_x=inf, clear_frames=9415
[INFO] [1782640615.216972920] [unitree_safe_cmd_node]: Move x=0.500, z=0.002, stop_count=0, roi_count=0, nearest_x=inf, clear_frames=9420
[INFO] [1782640615.721866517] [unitree_safe_cmd_node]: Move x=0.500, z=0.026, stop_count=0, roi_count=0, nearest_x=inf, clear_frames=9426
[INFO] [1782640616.266736072] [unitree_safe_cmd_node]: Move x=0.500, z=-0.010, stop_count=0, roi_count=0, nearest_x=inf, clear_frames=9431
[INFO] [1782640616.821247045] [unitree_safe_cmd_node]: Move x=0.500, z=-0.049, stop_count=0, roi_count=0, nearest_x=inf, clear_frames=9437
[INFO] [1782640617.366729256] [unitree_safe_cmd_node]: Move x=0.500, z=-0.022, stop_count=0, roi_count=0, nearest_x=inf, clear_frames=9442
[INFO] [1782640617.917648678] [unitree_safe_cmd_node]: Move x=0.500, z=-0.042, stop_count=0, roi_count=0, nearest_x=inf, clear_frames=9447
[INFO] [1782640618.420149840] [unitree_safe_cmd_node]: Move x=0.500, z=-0.037, stop_count=0, roi_count=0, nearest_x=inf, clear_frames=9453
[INFO] [1782640618.966622659] [unitree_safe_cmd_node]: Move x=0.500, z=-0.054, stop_count=0, roi_count=0, nearest_x=inf, clear_frames=9458
[INFO] [1782640619.521169981] [unitree_safe_cmd_node]: Move x=0.500, z=0.018, stop_count=0, roi_count=0, nearest_x=inf, clear_frames=9464
[INFO] [1782640620.029623395] [unitree_safe_cmd_node]: Move x=0.500, z=0.064, stop_count=0, roi_count=0, nearest_x=inf, clear_frames=9469
[INFO] [1782640620.566992730] [unitree_safe_cmd_node]: Move x=0.500, z=0.006, stop_count=0, roi_count=0, nearest_x=inf, clear_frames=9474
[INFO] [1782640621.067125940] [unitree_safe_cmd_node]: Move x=0.500, z=0.046, stop_count=0, roi_count=0, nearest_x=inf, clear_frames=9479
[INFO] [1782640621.617249246] [unitree_safe_cmd_node]: Move x=0.500, z=0.037, stop_count=0, roi_count=0, nearest_x=inf, clear_frames=9484
[INFO] [1782640622.117202165] [unitree_safe_cmd_node]: Move x=0.500, z=-0.061, stop_count=0, roi_count=0, nearest_x=inf, clear_frames=9489
[INFO] [1782640622.667798355] [unitree_safe_cmd_node]: Move x=0.500, z=-0.086, stop_count=0, roi_count=0, nearest_x=inf, clear_frames=9495
[INFO] [1782640623.216891950] [unitree_safe_cmd_node]: Move x=0.500, z=-0.046, stop_count=0, roi_count=0, nearest_x=inf, clear_frames=9500
[INFO] [1782640623.727320439] [unitree_safe_cmd_node]: Move x=0.500, z=-0.064, stop_count=0, roi_count=0, nearest_x=inf, clear_frames=9505
[INFO] [1782640624.266611943] [unitree_safe_cmd_node]: Move x=0.500, z=0.008, stop_count=0, roi_count=0, nearest_x=inf, clear_frames=9511
[INFO] [1782640624.766856470] [unitree_safe_cmd_node]: Move x=0.500, z=-0.015, stop_count=0, roi_count=0, nearest_x=inf, clear_frames=9516
[INFO] [1782640625.317021523] [unitree_safe_cmd_node]: Move x=0.500, z=-0.051, stop_count=0, roi_count=0, nearest_x=inf, clear_frames=9521
[INFO] [1782640625.817295388] [unitree_safe_cmd_node]: Move x=0.500, z=-0.052, stop_count=0, roi_count=0, nearest_x=inf, clear_frames=9526
[INFO] [1782640626.366641057] [unitree_safe_cmd_node]: Move x=0.500, z=-0.057, stop_count=0, roi_count=0, nearest_x=inf, clear_frames=9532
[INFO] [1782640626.866833212] [unitree_safe_cmd_node]: Move x=0.500, z=0.010, stop_count=0, roi_count=0, nearest_x=inf, clear_frames=9537
[INFO] [1782640627.417294695] [unitree_safe_cmd_node]: Move x=0.500, z=-0.024, stop_count=0, roi_count=0, nearest_x=inf, clear_frames=9542
[INFO] [1782640627.921670682] [unitree_safe_cmd_node]: Move x=0.500, z=-0.044, stop_count=0, roi_count=0, nearest_x=inf, clear_frames=9548
[INFO] [1782640628.466571369] [unitree_safe_cmd_node]: Move x=0.500, z=0.038, stop_count=0, roi_count=0, nearest_x=inf, clear_frames=9553
[INFO] [1782640629.017659574] [unitree_safe_cmd_node]: Move x=0.500, z=0.009, stop_count=0, roi_count=0, nearest_x=inf, clear_frames=9558
[INFO] [1782640629.566572136] [unitree_safe_cmd_node]: Move x=0.500, z=-0.045, stop_count=0, roi_count=0, nearest_x=inf, clear_frames=9564
[INFO] [1782640630.067136936] [unitree_safe_cmd_node]: Move x=0.500, z=-0.075, stop_count=0, roi_count=0, nearest_x=inf, clear_frames=9569
[INFO] [1782640630.617025714] [unitree_safe_cmd_node]: Move x=0.500, z=-0.013, stop_count=0, roi_count=0, nearest_x=inf, clear_frames=9574
[INFO] [1782640631.117323833] [unitree_safe_cmd_node]: Move x=0.500, z=-0.042, stop_count=0, roi_count=0, nearest_x=inf, clear_frames=9579
[INFO] [1782640631.621414225] [unitree_safe_cmd_node]: Move x=0.500, z=0.033, stop_count=0, roi_count=0, nearest_x=inf, clear_frames=9585
[INFO] [1782640632.121708001] [unitree_safe_cmd_node]: Move x=0.500, z=-0.048, stop_count=0, roi_count=0, nearest_x=inf, clear_frames=9590
[INFO] [1782640632.666522078] [unitree_safe_cmd_node]: Move x=0.500, z=-0.060, stop_count=0, roi_count=0, nearest_x=inf, clear_frames=9595
[INFO] [1782640633.166643459] [unitree_safe_cmd_node]: Move x=0.500, z=0.048, stop_count=0, roi_count=0, nearest_x=inf, clear_frames=9600
[INFO] [1782640633.717030051] [unitree_safe_cmd_node]: Move x=0.500, z=-0.017, stop_count=0, roi_count=0, nearest_x=inf, clear_frames=9605
[INFO] [1782640634.217042168] [unitree_safe_cmd_node]: Move x=0.500, z=-0.066, stop_count=0, roi_count=0, nearest_x=inf, clear_frames=9610
[INFO] [1782640634.719673681] [unitree_safe_cmd_node]: Move x=0.500, z=-0.098, stop_count=0, roi_count=0, nearest_x=inf, clear_frames=9615
[INFO] [1782640635.266580251] [unitree_safe_cmd_node]: Move x=0.500, z=-0.046, stop_count=0, roi_count=0, nearest_x=inf, clear_frames=9621
[INFO] [1782640635.767063407] [unitree_safe_cmd_node]: Move x=0.500, z=-0.003, stop_count=0, roi_count=0, nearest_x=inf, clear_frames=9626
[INFO] [1782640636.317063736] [unitree_safe_cmd_node]: Move x=0.500, z=-0.029, stop_count=0, roi_count=0, nearest_x=inf, clear_frames=9631
[INFO] [1782640636.817048389] [unitree_safe_cmd_node]: Move x=0.500, z=0.014, stop_count=0, roi_count=0, nearest_x=inf, clear_frames=9636
[INFO] [1782640637.318441636] [unitree_safe_cmd_node]: Move x=0.500, z=0.027, stop_count=0, roi_count=0, nearest_x=inf, clear_frames=9641
[INFO] [1782640637.867094381] [unitree_safe_cmd_node]: Move x=0.500, z=-0.005, stop_count=0, roi_count=0, nearest_x=inf, clear_frames=9647
[INFO] [1782640638.416886139] [unitree_safe_cmd_node]: Move x=0.500, z=-0.025, stop_count=0, roi_count=0, nearest_x=inf, clear_frames=9652
[INFO] [1782640638.917179459] [unitree_safe_cmd_node]: Move x=0.500, z=-0.049, stop_count=0, roi_count=0, nearest_x=inf, clear_frames=9657
[INFO] [1782640639.466621401] [unitree_safe_cmd_node]: Move x=0.500, z=0.007, stop_count=0, roi_count=0, nearest_x=inf, clear_frames=9663
[INFO] [1782640639.966832722] [unitree_safe_cmd_node]: Move x=0.500, z=-0.001, stop_count=0, roi_count=0, nearest_x=inf, clear_frames=9668
[INFO] [1782640640.516991130] [unitree_safe_cmd_node]: Move x=0.500, z=-0.029, stop_count=0, roi_count=0, nearest_x=inf, clear_frames=9673
[INFO] [1782640641.017692783] [unitree_safe_cmd_node]: Move x=0.500, z=-0.039, stop_count=0, roi_count=0, nearest_x=inf, clear_frames=9678
[INFO] [1782640641.521017390] [unitree_safe_cmd_node]: Move x=0.500, z=-0.059, stop_count=0, roi_count=0, nearest_x=inf, clear_frames=9683
[INFO] [1782640642.023482205] [unitree_safe_cmd_node]: Move x=0.500, z=-0.068, stop_count=0, roi_count=0, nearest_x=inf, clear_frames=9688
[INFO] [1782640642.566667486] [unitree_safe_cmd_node]: Move x=0.500, z=-0.010, stop_count=0, roi_count=0, nearest_x=inf, clear_frames=9693
[INFO] [1782640643.067041142] [unitree_safe_cmd_node]: Move x=0.500, z=0.005, stop_count=0, roi_count=0, nearest_x=inf, clear_frames=9698
[INFO] [1782640643.617102605] [unitree_safe_cmd_node]: Move x=0.500, z=-0.032, stop_count=0, roi_count=0, nearest_x=inf, clear_frames=9703
[INFO] [1782640644.121819849] [unitree_safe_cmd_node]: Move x=0.500, z=-0.021, stop_count=0, roi_count=0, nearest_x=inf, clear_frames=9709
[INFO] [1782640644.666586153] [unitree_safe_cmd_node]: Move x=0.500, z=-0.036, stop_count=0, roi_count=0, nearest_x=inf, clear_frames=9714
[INFO] [1782640645.217027396] [unitree_safe_cmd_node]: Move x=0.500, z=-0.006, stop_count=0, roi_count=0, nearest_x=inf, clear_frames=9719
[INFO] [1782640645.719335397] [unitree_safe_cmd_node]: Move x=0.500, z=-0.046, stop_count=0, roi_count=0, nearest_x=inf, clear_frames=9725
[INFO] [1782640646.266750978] [unitree_safe_cmd_node]: Move x=0.500, z=0.018, stop_count=0, roi_count=0, nearest_x=inf, clear_frames=9730
[INFO] [1782640646.766620394] [unitree_safe_cmd_node]: Move x=0.500, z=-0.026, stop_count=0, roi_count=0, nearest_x=inf, clear_frames=9735
[INFO] [1782640647.266701036] [unitree_safe_cmd_node]: Move x=0.500, z=-0.049, stop_count=0, roi_count=0, nearest_x=inf, clear_frames=9740
[INFO] [1782640647.819663541] [unitree_safe_cmd_node]: Move x=0.500, z=-0.003, stop_count=0, roi_count=0, nearest_x=inf, clear_frames=9746
[INFO] [1782640648.320505258] [unitree_safe_cmd_node]: Move x=0.500, z=-0.023, stop_count=0, roi_count=0, nearest_x=inf, clear_frames=9751
[INFO] [1782640648.866622070] [unitree_safe_cmd_node]: Move x=0.500, z=-0.019, stop_count=0, roi_count=0, nearest_x=inf, clear_frames=9756
[INFO] [1782640649.417027214] [unitree_safe_cmd_node]: Move x=0.500, z=-0.038, stop_count=0, roi_count=0, nearest_x=inf, clear_frames=9761
[INFO] [1782640649.919748291] [unitree_safe_cmd_node]: Move x=0.500, z=-0.006, stop_count=0, roi_count=0, nearest_x=inf, clear_frames=9767
[INFO] [1782640650.420562606] [unitree_safe_cmd_node]: Move x=0.500, z=-0.032, stop_count=0, roi_count=0, nearest_x=inf, clear_frames=9772
[INFO] [1782640650.966478955] [unitree_safe_cmd_node]: Move x=0.500, z=-0.006, stop_count=0, roi_count=0, nearest_x=inf, clear_frames=9777
[INFO] [1782640651.519125553] [unitree_safe_cmd_node]: Move x=0.500, z=-0.020, stop_count=0, roi_count=0, nearest_x=inf, clear_frames=9783
[INFO] [1782640652.067081073] [unitree_safe_cmd_node]: Move x=0.500, z=-0.028, stop_count=0, roi_count=0, nearest_x=inf, clear_frames=9788
[INFO] [1782640652.619971981] [unitree_safe_cmd_node]: Move x=0.500, z=-0.029, stop_count=0, roi_count=0, nearest_x=inf, clear_frames=9794
[INFO] [1782640653.166515914] [unitree_safe_cmd_node]: Move x=0.500, z=-0.036, stop_count=0, roi_count=0, nearest_x=inf, clear_frames=9799
[INFO] [1782640653.672798929] [unitree_safe_cmd_node]: Move x=0.500, z=0.022, stop_count=0, roi_count=0, nearest_x=inf, clear_frames=9804
[INFO] [1782640654.216891797] [unitree_safe_cmd_node]: Move x=0.500, z=-0.009, stop_count=0, roi_count=0, nearest_x=inf, clear_frames=9809
[INFO] [1782640654.719610172] [unitree_safe_cmd_node]: Move x=0.500, z=-0.011, stop_count=0, roi_count=0, nearest_x=inf, clear_frames=9815
[INFO] [1782640655.266633097] [unitree_safe_cmd_node]: Move x=0.500, z=-0.021, stop_count=0, roi_count=0, nearest_x=inf, clear_frames=9820
[INFO] [1782640655.766775428] [unitree_safe_cmd_node]: Move x=0.500, z=-0.010, stop_count=0, roi_count=0, nearest_x=inf, clear_frames=9825
[INFO] [1782640656.318181559] [unitree_safe_cmd_node]: Move x=0.500, z=-0.033, stop_count=0, roi_count=0, nearest_x=inf, clear_frames=9831
[INFO] [1782640656.866991094] [unitree_safe_cmd_node]: Move x=0.500, z=-0.061, stop_count=0, roi_count=0, nearest_x=inf, clear_frames=9836
[INFO] [1782640657.366562169] [unitree_safe_cmd_node]: Move x=0.500, z=-0.058, stop_count=0, roi_count=0, nearest_x=inf, clear_frames=9841
[INFO] [1782640657.919092844] [unitree_safe_cmd_node]: Move x=0.500, z=-0.061, stop_count=0, roi_count=0, nearest_x=inf, clear_frames=9847
[INFO] [1782640658.466617810] [unitree_safe_cmd_node]: Move x=0.500, z=-0.002, stop_count=0, roi_count=0, nearest_x=inf, clear_frames=9852
[INFO] [1782640659.020374919] [unitree_safe_cmd_node]: Move x=0.500, z=0.005, stop_count=0, roi_count=0, nearest_x=inf, clear_frames=9857
[INFO] [1782640659.566632042] [unitree_safe_cmd_node]: Move x=0.500, z=0.000, stop_count=0, roi_count=0, nearest_x=inf, clear_frames=9862
[INFO] [1782640660.067124649] [unitree_safe_cmd_node]: Move x=0.500, z=0.013, stop_count=0, roi_count=0, nearest_x=inf, clear_frames=9867
[INFO] [1782640660.617016976] [unitree_safe_cmd_node]: Move x=0.500, z=-0.025, stop_count=0, roi_count=0, nearest_x=inf, clear_frames=9872
[INFO] [1782640661.166604022] [unitree_safe_cmd_node]: Move x=0.500, z=-0.034, stop_count=0, roi_count=0, nearest_x=inf, clear_frames=9878
[INFO] [1782640661.666600801] [unitree_safe_cmd_node]: Move x=0.500, z=-0.052, stop_count=0, roi_count=0, nearest_x=inf, clear_frames=9883
[INFO] [1782640662.217285013] [unitree_safe_cmd_node]: Move x=0.500, z=-0.005, stop_count=0, roi_count=0, nearest_x=inf, clear_frames=9888
[INFO] [1782640662.720381892] [unitree_safe_cmd_node]: Move x=0.500, z=-0.044, stop_count=0, roi_count=0, nearest_x=inf, clear_frames=9894
[INFO] [1782640663.266607469] [unitree_safe_cmd_node]: Move x=0.500, z=-0.012, stop_count=0, roi_count=0, nearest_x=inf, clear_frames=9899
[INFO] [1782640663.816861498] [unitree_safe_cmd_node]: Move x=0.500, z=-0.008, stop_count=0, roi_count=0, nearest_x=inf, clear_frames=9904
[INFO] [1782640664.317981233] [unitree_safe_cmd_node]: Move x=0.500, z=-0.036, stop_count=0, roi_count=0, nearest_x=inf, clear_frames=9909
[INFO] [1782640664.866598526] [unitree_safe_cmd_node]: Move x=0.500, z=0.010, stop_count=0, roi_count=0, nearest_x=inf, clear_frames=9914
[INFO] [1782640665.366621842] [unitree_safe_cmd_node]: Move x=0.500, z=-0.019, stop_count=0, roi_count=0, nearest_x=inf, clear_frames=9918
[INFO] [1782640665.916849204] [unitree_safe_cmd_node]: Move x=0.500, z=-0.038, stop_count=0, roi_count=0, nearest_x=inf, clear_frames=9924
[INFO] [1782640666.417224174] [unitree_safe_cmd_node]: Move x=0.500, z=-0.055, stop_count=0, roi_count=0, nearest_x=inf, clear_frames=9928
[INFO] [1782640666.966595903] [unitree_safe_cmd_node]: Move x=0.500, z=-0.015, stop_count=0, roi_count=0, nearest_x=inf, clear_frames=9934
[INFO] [1782640667.466597785] [unitree_safe_cmd_node]: Move x=0.500, z=-0.024, stop_count=0, roi_count=0, nearest_x=inf, clear_frames=9939
[INFO] [1782640668.018162619] [unitree_safe_cmd_node]: Move x=0.500, z=-0.007, stop_count=0, roi_count=0, nearest_x=inf, clear_frames=9944
[INFO] [1782640668.566637309] [unitree_safe_cmd_node]: Move x=0.500, z=-0.056, stop_count=0, roi_count=0, nearest_x=inf, clear_frames=9950
[INFO] [1782640669.081442400] [unitree_safe_cmd_node]: Move x=0.500, z=-0.004, stop_count=0, roi_count=0, nearest_x=inf, clear_frames=9954
[INFO] [1782640669.618420235] [unitree_safe_cmd_node]: Move x=0.500, z=0.002, stop_count=0, roi_count=0, nearest_x=inf, clear_frames=9960
[INFO] [1782640670.123700053] [unitree_safe_cmd_node]: Move x=0.500, z=-0.035, stop_count=0, roi_count=0, nearest_x=inf, clear_frames=9964
[INFO] [1782640670.666675725] [unitree_safe_cmd_node]: Move x=0.500, z=-0.007, stop_count=0, roi_count=0, nearest_x=inf, clear_frames=9970
[INFO] [1782640671.174887467] [unitree_safe_cmd_node]: Move x=0.500, z=-0.003, stop_count=0, roi_count=0, nearest_x=inf, clear_frames=9975
[INFO] [1782640671.719269538] [unitree_safe_cmd_node]: Move x=0.500, z=0.058, stop_count=0, roi_count=0, nearest_x=inf, clear_frames=9981
[INFO] [1782640672.267087504] [unitree_safe_cmd_node]: Move x=0.500, z=0.079, stop_count=0, roi_count=0, nearest_x=inf, clear_frames=9986
[INFO] [1782640672.820190517] [unitree_safe_cmd_node]: Move x=0.500, z=0.074, stop_count=0, roi_count=0, nearest_x=inf, clear_frames=9992
[INFO] [1782640673.366659367] [unitree_safe_cmd_node]: Move x=0.500, z=0.068, stop_count=0, roi_count=0, nearest_x=inf, clear_frames=9997
[INFO] [1782640673.918003077] [unitree_safe_cmd_node]: Move x=0.500, z=0.030, stop_count=0, roi_count=0, nearest_x=inf, clear_frames=10003
[INFO] [1782640674.418977698] [unitree_safe_cmd_node]: Move x=0.500, z=0.036, stop_count=0, roi_count=0, nearest_x=inf, clear_frames=10008
[INFO] [1782640674.920793164] [unitree_safe_cmd_node]: Move x=0.500, z=0.000, stop_count=0, roi_count=0, nearest_x=inf, clear_frames=10013
[INFO] [1782640675.466649205] [unitree_safe_cmd_node]: Move x=0.500, z=0.012, stop_count=0, roi_count=0, nearest_x=inf, clear_frames=10018
[INFO] [1782640676.017546811] [unitree_safe_cmd_node]: Move x=0.500, z=-0.000, stop_count=0, roi_count=0, nearest_x=inf, clear_frames=10023
[INFO] [1782640676.521393677] [unitree_safe_cmd_node]: Move x=0.500, z=-0.037, stop_count=0, roi_count=0, nearest_x=inf, clear_frames=10028
[INFO] [1782640677.022195030] [unitree_safe_cmd_node]: Move x=0.500, z=-0.001, stop_count=0, roi_count=0, nearest_x=inf, clear_frames=10033
[INFO] [1782640677.566530959] [unitree_safe_cmd_node]: Move x=0.500, z=-0.039, stop_count=0, roi_count=0, nearest_x=inf, clear_frames=10038
[INFO] [1782640678.067187576] [unitree_safe_cmd_node]: Move x=0.500, z=-0.034, stop_count=0, roi_count=0, nearest_x=inf, clear_frames=10043
[INFO] [1782640678.619383325] [unitree_safe_cmd_node]: Move x=0.500, z=-0.050, stop_count=0, roi_count=0, nearest_x=inf, clear_frames=10049
[INFO] [1782640679.166571311] [unitree_safe_cmd_node]: Move x=0.500, z=-0.003, stop_count=0, roi_count=0, nearest_x=inf, clear_frames=10054
[INFO] [1782640679.717128623] [unitree_safe_cmd_node]: Move x=0.500, z=-0.029, stop_count=0, roi_count=0, nearest_x=inf, clear_frames=10059
[INFO] [1782640680.266584380] [unitree_safe_cmd_node]: Move x=0.500, z=-0.052, stop_count=0, roi_count=0, nearest_x=inf, clear_frames=10065
[INFO] [1782640680.766518702] [unitree_safe_cmd_node]: Move x=0.500, z=-0.018, stop_count=0, roi_count=0, nearest_x=inf, clear_frames=10070
[INFO] [1782640681.266868147] [unitree_safe_cmd_node]: Move x=0.500, z=-0.030, stop_count=0, roi_count=0, nearest_x=inf, clear_frames=10075
[INFO] [1782640681.766578336] [unitree_safe_cmd_node]: Move x=0.500, z=-0.015, stop_count=0, roi_count=0, nearest_x=inf, clear_frames=10080
[INFO] [1782640682.317036363] [unitree_safe_cmd_node]: Move x=0.500, z=-0.024, stop_count=0, roi_count=0, nearest_x=inf, clear_frames=10085
[INFO] [1782640682.867829750] [unitree_safe_cmd_node]: Move x=0.500, z=-0.034, stop_count=0, roi_count=0, nearest_x=inf, clear_frames=10091
[INFO] [1782640683.366656213] [unitree_safe_cmd_node]: Move x=0.500, z=-0.052, stop_count=0, roi_count=0, nearest_x=inf, clear_frames=10096
[INFO] [1782640683.917029110] [unitree_safe_cmd_node]: Move x=0.500, z=-0.021, stop_count=0, roi_count=0, nearest_x=inf, clear_frames=10101
[INFO] [1782640684.421715218] [unitree_safe_cmd_node]: Move x=0.500, z=-0.015, stop_count=0, roi_count=0, nearest_x=inf, clear_frames=10107
[INFO] [1782640684.966640096] [unitree_safe_cmd_node]: Move x=0.500, z=-0.058, stop_count=0, roi_count=0, nearest_x=inf, clear_frames=10112
[INFO] [1782640685.517046898] [unitree_safe_cmd_node]: Move x=0.500, z=0.008, stop_count=0, roi_count=0, nearest_x=inf, clear_frames=10117
[INFO] [1782640686.017070624] [unitree_safe_cmd_node]: Move x=0.500, z=-0.035, stop_count=0, roi_count=0, nearest_x=inf, clear_frames=10122
[INFO] [1782640686.566643641] [unitree_safe_cmd_node]: Move x=0.500, z=-0.017, stop_count=0, roi_count=0, nearest_x=inf, clear_frames=10127
[INFO] [1782640687.070483124] [unitree_safe_cmd_node]: Move x=0.500, z=-0.045, stop_count=0, roi_count=0, nearest_x=inf, clear_frames=10132
[INFO] [1782640687.620610623] [unitree_safe_cmd_node]: Move x=0.500, z=-0.026, stop_count=0, roi_count=0, nearest_x=inf, clear_frames=10138
[INFO] [1782640688.121237002] [unitree_safe_cmd_node]: Move x=0.500, z=-0.015, stop_count=0, roi_count=0, nearest_x=inf, clear_frames=10143
[INFO] [1782640688.666615665] [unitree_safe_cmd_node]: Move x=0.500, z=-0.044, stop_count=0, roi_count=0, nearest_x=inf, clear_frames=10148
[INFO] [1782640689.216898493] [unitree_safe_cmd_node]: Move x=0.500, z=-0.047, stop_count=0, roi_count=0, nearest_x=inf, clear_frames=10153
[INFO] [1782640689.717054839] [unitree_safe_cmd_node]: Move x=0.500, z=-0.053, stop_count=0, roi_count=0, nearest_x=inf, clear_frames=10158
[INFO] [1782640690.266970814] [unitree_safe_cmd_node]: Move x=0.500, z=0.008, stop_count=0, roi_count=0, nearest_x=inf, clear_frames=10164
[INFO] [1782640690.819940033] [unitree_safe_cmd_node]: Move x=0.500, z=0.009, stop_count=0, roi_count=0, nearest_x=inf, clear_frames=10170
[INFO] [1782640691.320540442] [unitree_safe_cmd_node]: Move x=0.500, z=-0.029, stop_count=0, roi_count=0, nearest_x=inf, clear_frames=10175
[INFO] [1782640691.820371708] [unitree_safe_cmd_node]: Move x=0.500, z=-0.013, stop_count=0, roi_count=0, nearest_x=inf, clear_frames=10180
[INFO] [1782640692.366612816] [unitree_safe_cmd_node]: Move x=0.500, z=-0.036, stop_count=0, roi_count=0, nearest_x=inf, clear_frames=10184
[INFO] [1782640692.868814972] [unitree_safe_cmd_node]: Move x=0.500, z=-0.016, stop_count=0, roi_count=0, nearest_x=inf, clear_frames=10189
[INFO] [1782640693.416995249] [unitree_safe_cmd_node]: Move x=0.500, z=-0.043, stop_count=0, roi_count=0, nearest_x=inf, clear_frames=10194
[INFO] [1782640693.917177555] [unitree_safe_cmd_node]: Move x=0.500, z=0.022, stop_count=0, roi_count=0, nearest_x=inf, clear_frames=10199
[INFO] [1782640694.422603308] [unitree_safe_cmd_node]: Move x=0.500, z=-0.009, stop_count=0, roi_count=0, nearest_x=inf, clear_frames=10205
[INFO] [1782640694.966603985] [unitree_safe_cmd_node]: Move x=0.500, z=-0.033, stop_count=0, roi_count=0, nearest_x=inf, clear_frames=10210
[INFO] [1782640695.466588186] [unitree_safe_cmd_node]: Move x=0.500, z=-0.020, stop_count=0, roi_count=0, nearest_x=inf, clear_frames=10214
[INFO] [1782640695.966985584] [unitree_safe_cmd_node]: Move x=0.500, z=-0.031, stop_count=0, roi_count=0, nearest_x=inf, clear_frames=10219
[INFO] [1782640696.517419892] [unitree_safe_cmd_node]: Move x=0.500, z=-0.025, stop_count=0, roi_count=0, nearest_x=inf, clear_frames=10224
[INFO] [1782640697.067073983] [unitree_safe_cmd_node]: Move x=0.500, z=-0.037, stop_count=0, roi_count=0, nearest_x=inf, clear_frames=10230
[INFO] [1782640697.616949263] [unitree_safe_cmd_node]: Move x=0.500, z=0.010, stop_count=0, roi_count=0, nearest_x=inf, clear_frames=10235
[INFO] [1782640698.116992845] [unitree_safe_cmd_node]: Move x=0.500, z=-0.029, stop_count=0, roi_count=0, nearest_x=inf, clear_frames=10240
[INFO] [1782640698.666836283] [unitree_safe_cmd_node]: Move x=0.500, z=-0.038, stop_count=0, roi_count=0, nearest_x=inf, clear_frames=10246
[INFO] [1782640699.217228513] [unitree_safe_cmd_node]: Move x=0.500, z=-0.032, stop_count=0, roi_count=0, nearest_x=inf, clear_frames=10251
[INFO] [1782640699.766540093] [unitree_safe_cmd_node]: Move x=0.500, z=-0.036, stop_count=0, roi_count=0, nearest_x=inf, clear_frames=10257
[INFO] [1782640700.266614054] [unitree_safe_cmd_node]: Move x=0.500, z=-0.019, stop_count=0, roi_count=0, nearest_x=inf, clear_frames=10262
[INFO] [1782640700.817050908] [unitree_safe_cmd_node]: Move x=0.500, z=-0.053, stop_count=0, roi_count=0, nearest_x=inf, clear_frames=10267
[INFO] [1782640701.317033218] [unitree_safe_cmd_node]: Move x=0.500, z=-0.002, stop_count=0, roi_count=0, nearest_x=inf, clear_frames=10272
[INFO] [1782640701.866794186] [unitree_safe_cmd_node]: Move x=0.500, z=-0.000, stop_count=0, roi_count=0, nearest_x=inf, clear_frames=10278
[INFO] [1782640702.366627378] [unitree_safe_cmd_node]: Move x=0.500, z=-0.034, stop_count=0, roi_count=0, nearest_x=inf, clear_frames=10283
[INFO] [1782640702.917065954] [unitree_safe_cmd_node]: Move x=0.500, z=-0.008, stop_count=0, roi_count=0, nearest_x=inf, clear_frames=10288
[INFO] [1782640703.417295607] [unitree_safe_cmd_node]: Move x=0.500, z=-0.050, stop_count=0, roi_count=0, nearest_x=inf, clear_frames=10293
[INFO] [1782640703.917371947] [unitree_safe_cmd_node]: Move x=0.500, z=-0.004, stop_count=0, roi_count=0, nearest_x=inf, clear_frames=10298
[INFO] [1782640704.466847487] [unitree_safe_cmd_node]: Move x=0.500, z=-0.030, stop_count=0, roi_count=0, nearest_x=inf, clear_frames=10304
[INFO] [1782640705.017249507] [unitree_safe_cmd_node]: Move x=0.500, z=-0.036, stop_count=0, roi_count=0, nearest_x=inf, clear_frames=10309
[INFO] [1782640705.566607441] [unitree_safe_cmd_node]: Move x=0.500, z=-0.020, stop_count=0, roi_count=0, nearest_x=inf, clear_frames=10315
[INFO] [1782640706.067199947] [unitree_safe_cmd_node]: Move x=0.500, z=-0.030, stop_count=0, roi_count=0, nearest_x=inf, clear_frames=10320
[INFO] [1782640706.617018275] [unitree_safe_cmd_node]: Move x=0.500, z=0.008, stop_count=0, roi_count=0, nearest_x=inf, clear_frames=10325
[INFO] [1782640707.117208878] [unitree_safe_cmd_node]: Move x=0.500, z=-0.009, stop_count=0, roi_count=0, nearest_x=inf, clear_frames=10330
[INFO] [1782640707.666684188] [unitree_safe_cmd_node]: Move x=0.500, z=-0.001, stop_count=0, roi_count=0, nearest_x=inf, clear_frames=10336
[INFO] [1782640708.166674830] [unitree_safe_cmd_node]: Move x=0.500, z=-0.023, stop_count=0, roi_count=0, nearest_x=inf, clear_frames=10341
[INFO] [1782640708.667045088] [unitree_safe_cmd_node]: Move x=0.500, z=-0.030, stop_count=0, roi_count=0, nearest_x=inf, clear_frames=10346
[INFO] [1782640709.217018159] [unitree_safe_cmd_node]: Move x=0.500, z=-0.030, stop_count=0, roi_count=0, nearest_x=inf, clear_frames=10351
[INFO] [1782640709.766617039] [unitree_safe_cmd_node]: Move x=0.500, z=-0.054, stop_count=0, roi_count=0, nearest_x=inf, clear_frames=10357
[INFO] [1782640710.266751952] [unitree_safe_cmd_node]: Move x=0.500, z=0.036, stop_count=0, roi_count=0, nearest_x=inf, clear_frames=10362
[INFO] [1782640710.817015437] [unitree_safe_cmd_node]: Move x=0.500, z=-0.019, stop_count=0, roi_count=0, nearest_x=inf, clear_frames=10367
[INFO] [1782640711.318527871] [unitree_safe_cmd_node]: Move x=0.500, z=0.036, stop_count=0, roi_count=0, nearest_x=inf, clear_frames=10372
[INFO] [1782640711.867123928] [unitree_safe_cmd_node]: Move x=0.500, z=-0.023, stop_count=0, roi_count=0, nearest_x=inf, clear_frames=10378
[INFO] [1782640712.417144469] [unitree_safe_cmd_node]: Move x=0.500, z=-0.043, stop_count=0, roi_count=0, nearest_x=inf, clear_frames=10383
[INFO] [1782640712.966712449] [unitree_safe_cmd_node]: Move x=0.500, z=-0.014, stop_count=0, roi_count=0, nearest_x=inf, clear_frames=10389
[INFO] [1782640713.466769785] [unitree_safe_cmd_node]: Move x=0.500, z=-0.014, stop_count=0, roi_count=0, nearest_x=inf, clear_frames=10394
[INFO] [1782640713.966641906] [unitree_safe_cmd_node]: Move x=0.500, z=-0.014, stop_count=0, roi_count=0, nearest_x=inf, clear_frames=10399
[INFO] [1782640714.528553778] [unitree_safe_cmd_node]: Move x=0.500, z=-0.018, stop_count=0, roi_count=0, nearest_x=inf, clear_frames=10404
[INFO] [1782640715.067136807] [unitree_safe_cmd_node]: Move x=0.500, z=-0.014, stop_count=0, roi_count=0, nearest_x=inf, clear_frames=10409
[INFO] [1782640715.568911904] [unitree_safe_cmd_node]: Move x=0.500, z=-0.042, stop_count=0, roi_count=0, nearest_x=inf, clear_frames=10415
[INFO] [1782640716.071077552] [unitree_safe_cmd_node]: Move x=0.500, z=-0.079, stop_count=0, roi_count=0, nearest_x=inf, clear_frames=10420
[INFO] [1782640716.576030028] [unitree_safe_cmd_node]: Move x=0.500, z=-0.034, stop_count=0, roi_count=0, nearest_x=inf, clear_frames=10425
[INFO] [1782640717.117046520] [unitree_safe_cmd_node]: Move x=0.500, z=-0.026, stop_count=0, roi_count=0, nearest_x=inf, clear_frames=10430
[INFO] [1782640717.617124922] [unitree_safe_cmd_node]: Move x=0.500, z=-0.022, stop_count=0, roi_count=0, nearest_x=inf, clear_frames=10435
[INFO] [1782640718.166586961] [unitree_safe_cmd_node]: Move x=0.500, z=-0.004, stop_count=0, roi_count=0, nearest_x=inf, clear_frames=10441
[INFO] [1782640718.669616480] [unitree_safe_cmd_node]: Move x=0.500, z=-0.039, stop_count=0, roi_count=0, nearest_x=inf, clear_frames=10446
[INFO] [1782640719.217026482] [unitree_safe_cmd_node]: Move x=0.500, z=0.008, stop_count=0, roi_count=0, nearest_x=inf, clear_frames=10451
[INFO] [1782640719.717114595] [unitree_safe_cmd_node]: Move x=0.500, z=-0.029, stop_count=0, roi_count=0, nearest_x=inf, clear_frames=10456
[INFO] [1782640720.217102694] [unitree_safe_cmd_node]: Move x=0.500, z=-0.066, stop_count=0, roi_count=0, nearest_x=inf, clear_frames=10461
[INFO] [1782640720.766820250] [unitree_safe_cmd_node]: Move x=0.500, z=-0.045, stop_count=0, roi_count=0, nearest_x=inf, clear_frames=10467
[INFO] [1782640721.317114177] [unitree_safe_cmd_node]: Move x=0.500, z=0.010, stop_count=0, roi_count=0, nearest_x=inf, clear_frames=10472
[INFO] [1782640721.818542644] [unitree_safe_cmd_node]: Move x=0.500, z=0.008, stop_count=0, roi_count=0, nearest_x=inf, clear_frames=10477
[INFO] [1782640722.366621649] [unitree_safe_cmd_node]: Move x=0.500, z=-0.026, stop_count=0, roi_count=0, nearest_x=inf, clear_frames=10483
[INFO] [1782640722.866873995] [unitree_safe_cmd_node]: Move x=0.500, z=-0.037, stop_count=0, roi_count=0, nearest_x=inf, clear_frames=10488
[INFO] [1782640723.417666065] [unitree_safe_cmd_node]: Move x=0.500, z=0.002, stop_count=0, roi_count=0, nearest_x=inf, clear_frames=10493
[INFO] [1782640723.917630611] [unitree_safe_cmd_node]: Move x=0.500, z=-0.024, stop_count=0, roi_count=0, nearest_x=inf, clear_frames=10498
[INFO] [1782640724.466723692] [unitree_safe_cmd_node]: Move x=0.500, z=-0.037, stop_count=0, roi_count=0, nearest_x=inf, clear_frames=10504
[INFO] [1782640724.967014783] [unitree_safe_cmd_node]: Move x=0.500, z=-0.057, stop_count=0, roi_count=0, nearest_x=inf, clear_frames=10509
[INFO] [1782640725.517183950] [unitree_safe_cmd_node]: Move x=0.500, z=0.011, stop_count=0, roi_count=0, nearest_x=inf, clear_frames=10513
[INFO] [1782640726.067602780] [unitree_safe_cmd_node]: Move x=0.500, z=-0.052, stop_count=0, roi_count=0, nearest_x=inf, clear_frames=10519
[INFO] [1782640726.617240728] [unitree_safe_cmd_node]: Move x=0.500, z=-0.036, stop_count=0, roi_count=0, nearest_x=inf, clear_frames=10524
[INFO] [1782640727.166699307] [unitree_safe_cmd_node]: Move x=0.500, z=0.001, stop_count=0, roi_count=0, nearest_x=inf, clear_frames=10530
[INFO] [1782640727.666787152] [unitree_safe_cmd_node]: Move x=0.500, z=-0.021, stop_count=0, roi_count=0, nearest_x=inf, clear_frames=10535
[INFO] [1782640728.217068623] [unitree_safe_cmd_node]: Move x=0.500, z=-0.023, stop_count=0, roi_count=0, nearest_x=inf, clear_frames=10540
[INFO] [1782640728.766615517] [unitree_safe_cmd_node]: Move x=0.500, z=-0.042, stop_count=0, roi_count=0, nearest_x=inf, clear_frames=10546
[INFO] [1782640729.266592967] [unitree_safe_cmd_node]: Move x=0.500, z=0.010, stop_count=0, roi_count=0, nearest_x=inf, clear_frames=10551
[INFO] [1782640729.766657837] [unitree_safe_cmd_node]: Move x=0.500, z=-0.016, stop_count=0, roi_count=0, nearest_x=inf, clear_frames=10556
[INFO] [1782640730.316956946] [unitree_safe_cmd_node]: Move x=0.500, z=-0.013, stop_count=0, roi_count=0, nearest_x=inf, clear_frames=10561
[INFO] [1782640730.817016397] [unitree_safe_cmd_node]: Move x=0.500, z=-0.011, stop_count=0, roi_count=0, nearest_x=inf, clear_frames=10566
[INFO] [1782640731.320352499] [unitree_safe_cmd_node]: Move x=0.500, z=-0.058, stop_count=0, roi_count=0, nearest_x=inf, clear_frames=10572
[INFO] [1782640731.866665898] [unitree_safe_cmd_node]: Move x=0.500, z=-0.044, stop_count=0, roi_count=0, nearest_x=inf, clear_frames=10577
[INFO] [1782640732.416886866] [unitree_safe_cmd_node]: Move x=0.500, z=-0.037, stop_count=0, roi_count=0, nearest_x=inf, clear_frames=10582
[INFO] [1782640732.917128858] [unitree_safe_cmd_node]: Move x=0.500, z=-0.011, stop_count=0, roi_count=0, nearest_x=inf, clear_frames=10587
[INFO] [1782640733.420265241] [unitree_safe_cmd_node]: Move x=0.500, z=-0.056, stop_count=0, roi_count=0, nearest_x=inf, clear_frames=10593
[INFO] [1782640733.966591210] [unitree_safe_cmd_node]: Move x=0.500, z=-0.040, stop_count=0, roi_count=0, nearest_x=inf, clear_frames=10598
[INFO] [1782640734.517481239] [unitree_safe_cmd_node]: Move x=0.500, z=-0.013, stop_count=0, roi_count=0, nearest_x=inf, clear_frames=10603
[INFO] [1782640735.017646593] [unitree_safe_cmd_node]: Move x=0.500, z=-0.028, stop_count=0, roi_count=0, nearest_x=inf, clear_frames=10608
[INFO] [1782640735.518055443] [unitree_safe_cmd_node]: Move x=0.500, z=-0.011, stop_count=0, roi_count=0, nearest_x=inf, clear_frames=10614
[INFO] [1782640736.068990369] [unitree_safe_cmd_node]: Move x=0.500, z=-0.034, stop_count=0, roi_count=0, nearest_x=inf, clear_frames=10619
[INFO] [1782640736.618597173] [unitree_safe_cmd_node]: Move x=0.500, z=0.004, stop_count=0, roi_count=0, nearest_x=inf, clear_frames=10625
[INFO] [1782640737.120611389] [unitree_safe_cmd_node]: Move x=0.500, z=-0.052, stop_count=0, roi_count=0, nearest_x=inf, clear_frames=10629
[INFO] [1782640737.666508265] [unitree_safe_cmd_node]: Move x=0.500, z=-0.002, stop_count=0, roi_count=0, nearest_x=inf, clear_frames=10635
[INFO] [1782640738.166688694] [unitree_safe_cmd_node]: Move x=0.500, z=0.016, stop_count=0, roi_count=0, nearest_x=inf, clear_frames=10640
[INFO] [1782640738.718100613] [unitree_safe_cmd_node]: Move x=0.500, z=-0.025, stop_count=0, roi_count=0, nearest_x=inf, clear_frames=10646
[INFO] [1782640739.221937644] [unitree_safe_cmd_node]: Move x=0.500, z=-0.036, stop_count=0, roi_count=0, nearest_x=inf, clear_frames=10650
[INFO] [1782640739.766890499] [unitree_safe_cmd_node]: Move x=0.500, z=-0.054, stop_count=0, roi_count=0, nearest_x=inf, clear_frames=10656
[INFO] [1782640740.273498190] [unitree_safe_cmd_node]: Move x=0.500, z=-0.088, stop_count=0, roi_count=0, nearest_x=inf, clear_frames=10660
[INFO] [1782640740.816903343] [unitree_safe_cmd_node]: Move x=0.500, z=-0.029, stop_count=0, roi_count=0, nearest_x=inf, clear_frames=10666
[INFO] [1782640741.321051562] [unitree_safe_cmd_node]: Move x=0.500, z=-0.027, stop_count=0, roi_count=0, nearest_x=inf, clear_frames=10671
[INFO] [1782640741.866679278] [unitree_safe_cmd_node]: Move x=0.500, z=-0.013, stop_count=0, roi_count=0, nearest_x=inf, clear_frames=10676
[INFO] [1782640742.367035553] [unitree_safe_cmd_node]: Move x=0.500, z=0.011, stop_count=0, roi_count=0, nearest_x=inf, clear_frames=10681
[INFO] [1782640742.916953803] [unitree_safe_cmd_node]: Move x=0.500, z=-0.014, stop_count=0, roi_count=0, nearest_x=inf, clear_frames=10687
[INFO] [1782640743.466597053] [unitree_safe_cmd_node]: Move x=0.500, z=-0.007, stop_count=0, roi_count=0, nearest_x=inf, clear_frames=10692
[INFO] [1782640743.966832378] [unitree_safe_cmd_node]: Move x=0.500, z=-0.044, stop_count=0, roi_count=0, nearest_x=inf, clear_frames=10697
[INFO] [1782640744.517835006] [unitree_safe_cmd_node]: Move x=0.500, z=-0.025, stop_count=0, roi_count=0, nearest_x=inf, clear_frames=10703
[INFO] [1782640745.017911287] [unitree_safe_cmd_node]: Move x=0.500, z=-0.012, stop_count=0, roi_count=0, nearest_x=inf, clear_frames=10708
[INFO] [1782640745.520334314] [unitree_safe_cmd_node]: Move x=0.500, z=0.022, stop_count=0, roi_count=0, nearest_x=inf, clear_frames=10712
[INFO] [1782640746.067113584] [unitree_safe_cmd_node]: Move x=0.500, z=0.018, stop_count=0, roi_count=0, nearest_x=inf, clear_frames=10718
[INFO] [1782640746.617891243] [unitree_safe_cmd_node]: Move x=0.500, z=0.013, stop_count=0, roi_count=0, nearest_x=inf, clear_frames=10723
[INFO] [1782640747.118682926] [unitree_safe_cmd_node]: Move x=0.500, z=0.032, stop_count=0, roi_count=0, nearest_x=inf, clear_frames=10729
[INFO] [1782640747.666590591] [unitree_safe_cmd_node]: Move x=0.500, z=-0.017, stop_count=0, roi_count=0, nearest_x=inf, clear_frames=10734
[INFO] [1782640748.218354285] [unitree_safe_cmd_node]: Move x=0.500, z=0.024, stop_count=0, roi_count=0, nearest_x=inf, clear_frames=10739
[INFO] [1782640748.718876862] [unitree_safe_cmd_node]: Move x=0.500, z=-0.015, stop_count=0, roi_count=0, nearest_x=inf, clear_frames=10745
[INFO] [1782640749.266601599] [unitree_safe_cmd_node]: Move x=0.500, z=0.036, stop_count=0, roi_count=0, nearest_x=inf, clear_frames=10750
[INFO] [1782640749.766551034] [unitree_safe_cmd_node]: Move x=0.500, z=0.040, stop_count=0, roi_count=0, nearest_x=inf, clear_frames=10755
[INFO] [1782640750.266972891] [unitree_safe_cmd_node]: Move x=0.500, z=-0.002, stop_count=0, roi_count=0, nearest_x=inf, clear_frames=10759
[INFO] [1782640750.817438080] [unitree_safe_cmd_node]: Move x=0.500, z=-0.020, stop_count=0, roi_count=0, nearest_x=inf, clear_frames=10765
[INFO] [1782640751.366580492] [unitree_safe_cmd_node]: Move x=0.500, z=-0.019, stop_count=0, roi_count=0, nearest_x=inf, clear_frames=10770
[INFO] [1782640751.866572503] [unitree_safe_cmd_node]: Move x=0.500, z=-0.037, stop_count=0, roi_count=0, nearest_x=inf, clear_frames=10775
[INFO] [1782640752.416594494] [unitree_safe_cmd_node]: Move x=0.500, z=-0.001, stop_count=0, roi_count=0, nearest_x=inf, clear_frames=10781
[INFO] [1782640752.918082530] [unitree_safe_cmd_node]: Move x=0.500, z=-0.032, stop_count=0, roi_count=0, nearest_x=inf, clear_frames=10786
[INFO] [1782640753.466504389] [unitree_safe_cmd_node]: Move x=0.500, z=-0.038, stop_count=0, roi_count=0, nearest_x=inf, clear_frames=10791
[INFO] [1782640753.966597088] [unitree_safe_cmd_node]: Move x=0.500, z=-0.069, stop_count=0, roi_count=0, nearest_x=inf, clear_frames=10796
[INFO] [1782640754.466636612] [unitree_safe_cmd_node]: Move x=0.500, z=-0.002, stop_count=0, roi_count=0, nearest_x=inf, clear_frames=10801
[INFO] [1782640755.017595566] [unitree_safe_cmd_node]: Move x=0.500, z=0.020, stop_count=0, roi_count=0, nearest_x=inf, clear_frames=10806
[INFO] [1782640755.566648551] [unitree_safe_cmd_node]: Move x=0.500, z=-0.043, stop_count=0, roi_count=0, nearest_x=inf, clear_frames=10811
[INFO] [1782640756.068083806] [unitree_safe_cmd_node]: Move x=0.500, z=-0.013, stop_count=0, roi_count=0, nearest_x=inf, clear_frames=10816
[INFO] [1782640756.619208309] [unitree_safe_cmd_node]: Move x=0.500, z=-0.069, stop_count=0, roi_count=0, nearest_x=inf, clear_frames=10822
[INFO] [1782640757.166465516] [unitree_safe_cmd_node]: Move x=0.500, z=-0.038, stop_count=0, roi_count=0, nearest_x=inf, clear_frames=10827
[INFO] [1782640757.666553280] [unitree_safe_cmd_node]: Move x=0.500, z=-0.064, stop_count=0, roi_count=0, nearest_x=inf, clear_frames=10832
[INFO] [1782640758.166656292] [unitree_safe_cmd_node]: Move x=0.500, z=0.008, stop_count=0, roi_count=0, nearest_x=inf, clear_frames=10837
[INFO] [1782640758.666715421] [unitree_safe_cmd_node]: Move x=0.500, z=-0.039, stop_count=0, roi_count=0, nearest_x=inf, clear_frames=10842
[INFO] [1782640759.216886244] [unitree_safe_cmd_node]: Move x=0.500, z=-0.023, stop_count=0, roi_count=0, nearest_x=inf, clear_frames=10846
[INFO] [1782640759.717036292] [unitree_safe_cmd_node]: Move x=0.500, z=0.016, stop_count=0, roi_count=0, nearest_x=inf, clear_frames=10851
[INFO] [1782640760.266598632] [unitree_safe_cmd_node]: Move x=0.500, z=-0.031, stop_count=0, roi_count=0, nearest_x=inf, clear_frames=10857
[INFO] [1782640760.766581414] [unitree_safe_cmd_node]: Move x=0.500, z=-0.036, stop_count=0, roi_count=0, nearest_x=inf, clear_frames=10862
[INFO] [1782640761.316991595] [unitree_safe_cmd_node]: Move x=0.500, z=-0.017, stop_count=0, roi_count=0, nearest_x=inf, clear_frames=10867
[INFO] [1782640761.821507116] [unitree_safe_cmd_node]: Move x=0.500, z=-0.030, stop_count=0, roi_count=0, nearest_x=inf, clear_frames=10873
[INFO] [1782640762.366782756] [unitree_safe_cmd_node]: Move x=0.500, z=-0.007, stop_count=0, roi_count=0, nearest_x=inf, clear_frames=10878
[INFO] [1782640762.917926523] [unitree_safe_cmd_node]: Move x=0.500, z=-0.002, stop_count=0, roi_count=0, nearest_x=inf, clear_frames=10884
[INFO] [1782640763.466636769] [unitree_safe_cmd_node]: Move x=0.500, z=-0.056, stop_count=0, roi_count=0, nearest_x=inf, clear_frames=10889
[INFO] [1782640763.966536960] [unitree_safe_cmd_node]: Move x=0.500, z=-0.082, stop_count=0, roi_count=0, nearest_x=inf, clear_frames=10894
[INFO] [1782640764.519566581] [unitree_safe_cmd_node]: Move x=0.500, z=-0.043, stop_count=0, roi_count=0, nearest_x=inf, clear_frames=10900
[INFO] [1782640765.039848265] [unitree_safe_cmd_node]: Move x=0.500, z=-0.061, stop_count=0, roi_count=0, nearest_x=inf, clear_frames=10904
[INFO] [1782640765.566604940] [unitree_safe_cmd_node]: Move x=0.500, z=-0.022, stop_count=0, roi_count=0, nearest_x=inf, clear_frames=10910
[INFO] [1782640766.067504358] [unitree_safe_cmd_node]: Move x=0.500, z=0.013, stop_count=0, roi_count=0, nearest_x=inf, clear_frames=10915
[INFO] [1782640766.617354639] [unitree_safe_cmd_node]: Move x=0.500, z=-0.016, stop_count=0, roi_count=0, nearest_x=inf, clear_frames=10920
[INFO] [1782640767.117246852] [unitree_safe_cmd_node]: Move x=0.500, z=0.009, stop_count=0, roi_count=0, nearest_x=inf, clear_frames=10925
[INFO] [1782640767.618706936] [unitree_safe_cmd_node]: Move x=0.500, z=-0.018, stop_count=0, roi_count=0, nearest_x=inf, clear_frames=10929
[INFO] [1782640768.166665091] [unitree_safe_cmd_node]: Move x=0.500, z=0.022, stop_count=0, roi_count=0, nearest_x=inf, clear_frames=10935
[INFO] [1782640768.717017074] [unitree_safe_cmd_node]: Move x=0.500, z=0.037, stop_count=0, roi_count=0, nearest_x=inf, clear_frames=10940
[INFO] [1782640769.266744075] [unitree_safe_cmd_node]: Move x=0.500, z=0.001, stop_count=0, roi_count=0, nearest_x=inf, clear_frames=10946
[INFO] [1782640769.817132935] [unitree_safe_cmd_node]: Move x=0.500, z=0.008, stop_count=0, roi_count=0, nearest_x=inf, clear_frames=10951
[INFO] [1782640770.366643749] [unitree_safe_cmd_node]: Move x=0.500, z=-0.042, stop_count=0, roi_count=0, nearest_x=inf, clear_frames=10957
[INFO] [1782640770.920888584] [unitree_safe_cmd_node]: Move x=0.500, z=0.010, stop_count=0, roi_count=0, nearest_x=inf, clear_frames=10963
[INFO] [1782640771.466621824] [unitree_safe_cmd_node]: Move x=0.500, z=-0.008, stop_count=0, roi_count=0, nearest_x=inf, clear_frames=10968
[INFO] [1782640771.967293430] [unitree_safe_cmd_node]: Move x=0.500, z=-0.003, stop_count=0, roi_count=0, nearest_x=inf, clear_frames=10973
[INFO] [1782640772.517301809] [unitree_safe_cmd_node]: Move x=0.500, z=0.001, stop_count=0, roi_count=0, nearest_x=inf, clear_frames=10978
[INFO] [1782640773.018598531] [unitree_safe_cmd_node]: Move x=0.500, z=-0.008, stop_count=0, roi_count=0, nearest_x=inf, clear_frames=10983
[INFO] [1782640773.566774270] [unitree_safe_cmd_node]: Move x=0.500, z=-0.023, stop_count=0, roi_count=0, nearest_x=inf, clear_frames=10989
[INFO] [1782640774.066960110] [unitree_safe_cmd_node]: Move x=0.500, z=-0.039, stop_count=0, roi_count=0, nearest_x=inf, clear_frames=10993
[INFO] [1782640774.617276060] [unitree_safe_cmd_node]: Move x=0.500, z=-0.021, stop_count=0, roi_count=0, nearest_x=inf, clear_frames=10999
[INFO] [1782640775.117056805] [unitree_safe_cmd_node]: Move x=0.500, z=-0.010, stop_count=0, roi_count=0, nearest_x=inf, clear_frames=11004
[INFO] [1782640775.666683564] [unitree_safe_cmd_node]: Move x=0.500, z=-0.049, stop_count=0, roi_count=0, nearest_x=inf, clear_frames=11010
[INFO] [1782640776.166860652] [unitree_safe_cmd_node]: Move x=0.500, z=-0.043, stop_count=0, roi_count=0, nearest_x=inf, clear_frames=11015
[INFO] [1782640776.716945298] [unitree_safe_cmd_node]: Move x=0.500, z=-0.071, stop_count=0, roi_count=0, nearest_x=inf, clear_frames=11020
[INFO] [1782640777.217046154] [unitree_safe_cmd_node]: Move x=0.500, z=-0.008, stop_count=0, roi_count=0, nearest_x=inf, clear_frames=11025
[INFO] [1782640777.766682441] [unitree_safe_cmd_node]: Move x=0.500, z=-0.014, stop_count=0, roi_count=0, nearest_x=inf, clear_frames=11031
[INFO] [1782640778.268091444] [unitree_safe_cmd_node]: Move x=0.500, z=-0.054, stop_count=0, roi_count=0, nearest_x=inf, clear_frames=11036
[INFO] [1782640778.818488128] [unitree_safe_cmd_node]: Move x=0.500, z=0.033, stop_count=0, roi_count=0, nearest_x=inf, clear_frames=11041
[INFO] [1782640779.376761073] [unitree_safe_cmd_node]: Move x=0.500, z=-0.009, stop_count=0, roi_count=0, nearest_x=inf, clear_frames=11047
[INFO] [1782640779.918422490] [unitree_safe_cmd_node]: Move x=0.500, z=-0.067, stop_count=0, roi_count=0, nearest_x=inf, clear_frames=11052
[INFO] [1782640780.429860551] [unitree_safe_cmd_node]: Move x=0.500, z=-0.008, stop_count=0, roi_count=0, nearest_x=inf, clear_frames=11057
[INFO] [1782640780.967012485] [unitree_safe_cmd_node]: Move x=0.500, z=-0.046, stop_count=0, roi_count=0, nearest_x=inf, clear_frames=11063
[INFO] [1782640781.467069765] [unitree_safe_cmd_node]: Move x=0.500, z=-0.047, stop_count=0, roi_count=0, nearest_x=inf, clear_frames=11068
[INFO] [1782640782.017698371] [unitree_safe_cmd_node]: Move x=0.500, z=0.004, stop_count=0, roi_count=0, nearest_x=inf, clear_frames=11073
[INFO] [1782640782.517341402] [unitree_safe_cmd_node]: Move x=0.500, z=0.009, stop_count=0, roi_count=0, nearest_x=inf, clear_frames=11078
[INFO] [1782640783.067020400] [unitree_safe_cmd_node]: Move x=0.500, z=0.006, stop_count=0, roi_count=0, nearest_x=inf, clear_frames=11083
[INFO] [1782640783.582953877] [unitree_safe_cmd_node]: Move x=0.500, z=-0.025, stop_count=0, roi_count=0, nearest_x=inf, clear_frames=11089
[INFO] [1782640784.117195405] [unitree_safe_cmd_node]: Move x=0.500, z=-0.022, stop_count=0, roi_count=0, nearest_x=inf, clear_frames=11094
[INFO] [1782640784.666798843] [unitree_safe_cmd_node]: Move x=0.500, z=-0.057, stop_count=0, roi_count=0, nearest_x=inf, clear_frames=11100
[INFO] [1782640785.217493919] [unitree_safe_cmd_node]: Move x=0.500, z=-0.072, stop_count=0, roi_count=0, nearest_x=inf, clear_frames=11105
[INFO] [1782640785.766661247] [unitree_safe_cmd_node]: Move x=0.500, z=-0.007, stop_count=0, roi_count=0, nearest_x=inf, clear_frames=11111
[INFO] [1782640786.266927830] [unitree_safe_cmd_node]: Move x=0.500, z=0.014, stop_count=0, roi_count=0, nearest_x=inf, clear_frames=11116
[INFO] [1782640786.821791882] [unitree_safe_cmd_node]: Move x=0.500, z=-0.039, stop_count=0, roi_count=0, nearest_x=inf, clear_frames=11122
[INFO] [1782640787.366611577] [unitree_safe_cmd_node]: Move x=0.500, z=-0.027, stop_count=0, roi_count=0, nearest_x=inf, clear_frames=11127
[INFO] [1782640787.916887237] [unitree_safe_cmd_node]: Move x=0.500, z=-0.026, stop_count=0, roi_count=0, nearest_x=inf, clear_frames=11132
[INFO] [1782640788.417012157] [unitree_safe_cmd_node]: Move x=0.500, z=-0.043, stop_count=0, roi_count=0, nearest_x=inf, clear_frames=11137
[INFO] [1782640788.917336976] [unitree_safe_cmd_node]: Move x=0.500, z=-0.031, stop_count=0, roi_count=0, nearest_x=inf, clear_frames=11142
[INFO] [1782640789.466577989] [unitree_safe_cmd_node]: Move x=0.500, z=-0.033, stop_count=0, roi_count=0, nearest_x=inf, clear_frames=11148
[INFO] [1782640789.966597877] [unitree_safe_cmd_node]: Move x=0.500, z=-0.000, stop_count=0, roi_count=0, nearest_x=inf, clear_frames=11153
[INFO] [1782640790.466841567] [unitree_safe_cmd_node]: Move x=0.500, z=-0.014, stop_count=0, roi_count=0, nearest_x=inf, clear_frames=11158
[INFO] [1782640791.017192481] [unitree_safe_cmd_node]: Move x=0.500, z=0.110, stop_count=0, roi_count=0, nearest_x=inf, clear_frames=11163
[INFO] [1782640791.517172822] [unitree_safe_cmd_node]: Move x=0.500, z=0.044, stop_count=0, roi_count=0, nearest_x=inf, clear_frames=11168
[INFO] [1782640792.017627431] [unitree_safe_cmd_node]: Move x=0.500, z=0.103, stop_count=0, roi_count=0, nearest_x=inf, clear_frames=11173
[INFO] [1782640792.566746866] [unitree_safe_cmd_node]: Move x=0.500, z=0.082, stop_count=0, roi_count=0, nearest_x=inf, clear_frames=11179
[INFO] [1782640793.067232254] [unitree_safe_cmd_node]: Move x=0.500, z=0.043, stop_count=0, roi_count=0, nearest_x=inf, clear_frames=11183
[INFO] [1782640793.617138097] [unitree_safe_cmd_node]: Move x=0.500, z=0.019, stop_count=0, roi_count=0, nearest_x=inf, clear_frames=11189
[INFO] [1782640794.167757145] [unitree_safe_cmd_node]: Move x=0.500, z=-0.020, stop_count=0, roi_count=0, nearest_x=inf, clear_frames=11195
[INFO] [1782640794.666733708] [unitree_safe_cmd_node]: Move x=0.500, z=-0.005, stop_count=0, roi_count=0, nearest_x=inf, clear_frames=11200
[INFO] [1782640795.217121110] [unitree_safe_cmd_node]: Move x=0.500, z=-0.014, stop_count=0, roi_count=0, nearest_x=inf, clear_frames=11205
[INFO] [1782640795.766621841] [unitree_safe_cmd_node]: Move x=0.500, z=-0.060, stop_count=0, roi_count=0, nearest_x=inf, clear_frames=11211
[INFO] [1782640796.266773191] [unitree_safe_cmd_node]: Move x=0.500, z=-0.055, stop_count=0, roi_count=0, nearest_x=inf, clear_frames=11216
[INFO] [1782640796.817814188] [unitree_safe_cmd_node]: Move x=0.500, z=-0.073, stop_count=0, roi_count=0, nearest_x=inf, clear_frames=11221
[INFO] [1782640797.366576519] [unitree_safe_cmd_node]: Move x=0.500, z=0.047, stop_count=0, roi_count=0, nearest_x=inf, clear_frames=11227
[INFO] [1782640797.866608235] [unitree_safe_cmd_node]: Move x=0.500, z=0.043, stop_count=0, roi_count=0, nearest_x=inf, clear_frames=11232
[INFO] [1782640798.366717238] [unitree_safe_cmd_node]: Move x=0.500, z=-0.005, stop_count=0, roi_count=0, nearest_x=inf, clear_frames=11236
[INFO] [1782640798.917781701] [unitree_safe_cmd_node]: Move x=0.500, z=0.030, stop_count=0, roi_count=0, nearest_x=inf, clear_frames=11241
[INFO] [1782640799.466610548] [unitree_safe_cmd_node]: Move x=0.500, z=0.003, stop_count=0, roi_count=0, nearest_x=inf, clear_frames=11247
[INFO] [1782640799.966726142] [unitree_safe_cmd_node]: Move x=0.500, z=0.054, stop_count=0, roi_count=0, nearest_x=inf, clear_frames=11252
[INFO] [1782640800.466651760] [unitree_safe_cmd_node]: Move x=0.500, z=0.006, stop_count=0, roi_count=0, nearest_x=inf, clear_frames=11257
[INFO] [1782640801.019403611] [unitree_safe_cmd_node]: Move x=0.500, z=0.070, stop_count=0, roi_count=0, nearest_x=inf, clear_frames=11262
[INFO] [1782640801.566580206] [unitree_safe_cmd_node]: Move x=0.500, z=0.150, stop_count=0, roi_count=0, nearest_x=inf, clear_frames=11268
[INFO] [1782640802.067755743] [unitree_safe_cmd_node]: Move x=0.500, z=0.091, stop_count=0, roi_count=0, nearest_x=inf, clear_frames=11273
[INFO] [1782640802.617066811] [unitree_safe_cmd_node]: Move x=0.500, z=0.136, stop_count=0, roi_count=0, nearest_x=inf, clear_frames=11278
[INFO] [1782640803.117086048] [unitree_safe_cmd_node]: Move x=0.500, z=0.150, stop_count=0, roi_count=0, nearest_x=inf, clear_frames=11283
[INFO] [1782640803.666673865] [unitree_safe_cmd_node]: Move x=0.500, z=0.092, stop_count=0, roi_count=0, nearest_x=inf, clear_frames=11289
[INFO] [1782640804.166668973] [unitree_safe_cmd_node]: Move x=0.500, z=0.084, stop_count=0, roi_count=0, nearest_x=inf, clear_frames=11294
[INFO] [1782640804.717339571] [unitree_safe_cmd_node]: Move x=0.500, z=0.034, stop_count=0, roi_count=0, nearest_x=inf, clear_frames=11299
[INFO] [1782640805.217090483] [unitree_safe_cmd_node]: Move x=0.500, z=0.013, stop_count=0, roi_count=0, nearest_x=inf, clear_frames=11304
[INFO] [1782640805.766600342] [unitree_safe_cmd_node]: Move x=0.500, z=-0.042, stop_count=0, roi_count=0, nearest_x=inf, clear_frames=11310
[INFO] [1782640806.317065164] [unitree_safe_cmd_node]: Move x=0.500, z=-0.008, stop_count=0, roi_count=0, nearest_x=inf, clear_frames=11315
[INFO] [1782640806.866880076] [unitree_safe_cmd_node]: Move x=0.500, z=0.008, stop_count=0, roi_count=0, nearest_x=inf, clear_frames=11321
[INFO] [1782640807.367192666] [unitree_safe_cmd_node]: Move x=0.500, z=-0.006, stop_count=0, roi_count=0, nearest_x=inf, clear_frames=11325
[INFO] [1782640807.916999707] [unitree_safe_cmd_node]: Move x=0.500, z=-0.015, stop_count=0, roi_count=0, nearest_x=inf, clear_frames=11330
[INFO] [1782640808.417104957] [unitree_safe_cmd_node]: Move x=0.500, z=-0.023, stop_count=0, roi_count=0, nearest_x=inf, clear_frames=11334
[INFO] [1782640808.917338220] [unitree_safe_cmd_node]: Move x=0.500, z=-0.006, stop_count=0, roi_count=0, nearest_x=inf, clear_frames=11339
[INFO] [1782640809.467818216] [unitree_safe_cmd_node]: Move x=0.500, z=-0.042, stop_count=0, roi_count=0, nearest_x=inf, clear_frames=11345
[INFO] [1782640810.017578396] [unitree_safe_cmd_node]: Move x=0.500, z=-0.008, stop_count=0, roi_count=0, nearest_x=inf, clear_frames=11350
[INFO] [1782640810.566723590] [unitree_safe_cmd_node]: Move x=0.500, z=0.006, stop_count=0, roi_count=0, nearest_x=inf, clear_frames=11356
[INFO] [1782640811.067038649] [unitree_safe_cmd_node]: Move x=0.500, z=0.014, stop_count=0, roi_count=0, nearest_x=inf, clear_frames=11360
[INFO] [1782640811.617464314] [unitree_safe_cmd_node]: Move x=0.500, z=0.043, stop_count=0, roi_count=0, nearest_x=inf, clear_frames=11366
[INFO] [1782640812.117058696] [unitree_safe_cmd_node]: Move x=0.500, z=0.043, stop_count=0, roi_count=0, nearest_x=inf, clear_frames=11371
[INFO] [1782640812.666616752] [unitree_safe_cmd_node]: Move x=0.500, z=0.091, stop_count=0, roi_count=0, nearest_x=inf, clear_frames=11377
[INFO] [1782640813.166681784] [unitree_safe_cmd_node]: Move x=0.500, z=0.079, stop_count=0, roi_count=0, nearest_x=inf, clear_frames=11382
[INFO] [1782640813.717316323] [unitree_safe_cmd_node]: Move x=0.500, z=0.096, stop_count=0, roi_count=0, nearest_x=inf, clear_frames=11387
[INFO] [1782640814.266613236] [unitree_safe_cmd_node]: Move x=0.500, z=0.052, stop_count=0, roi_count=0, nearest_x=inf, clear_frames=11393
[INFO] [1782640814.766610050] [unitree_safe_cmd_node]: Move x=0.500, z=0.095, stop_count=0, roi_count=0, nearest_x=inf, clear_frames=11398
[INFO] [1782640815.266642047] [unitree_safe_cmd_node]: Move x=0.500, z=0.075, stop_count=0, roi_count=0, nearest_x=inf, clear_frames=11403
[INFO] [1782640815.766818195] [unitree_safe_cmd_node]: Move x=0.500, z=0.098, stop_count=0, roi_count=0, nearest_x=inf, clear_frames=11408
[INFO] [1782640816.316995709] [unitree_safe_cmd_node]: Move x=0.500, z=0.015, stop_count=0, roi_count=0, nearest_x=inf, clear_frames=11413
[INFO] [1782640816.817172078] [unitree_safe_cmd_node]: Move x=0.500, z=0.056, stop_count=0, roi_count=0, nearest_x=inf, clear_frames=11418
[INFO] [1782640817.366547826] [unitree_safe_cmd_node]: Move x=0.500, z=0.009, stop_count=0, roi_count=0, nearest_x=inf, clear_frames=11424
[INFO] [1782640817.866713101] [unitree_safe_cmd_node]: Move x=0.500, z=0.068, stop_count=0, roi_count=0, nearest_x=inf, clear_frames=11429
[INFO] [1782640818.366737737] [unitree_safe_cmd_node]: Move x=0.500, z=0.072, stop_count=0, roi_count=0, nearest_x=inf, clear_frames=11434
[INFO] [1782640818.917010422] [unitree_safe_cmd_node]: Move x=0.500, z=-0.022, stop_count=0, roi_count=0, nearest_x=inf, clear_frames=11439
[INFO] [1782640819.417012953] [unitree_safe_cmd_node]: Move x=0.500, z=0.010, stop_count=0, roi_count=0, nearest_x=inf, clear_frames=11444
[INFO] [1782640819.917070063] [unitree_safe_cmd_node]: Move x=0.500, z=-0.002, stop_count=0, roi_count=0, nearest_x=inf, clear_frames=11449
[INFO] [1782640820.466631836] [unitree_safe_cmd_node]: Move x=0.500, z=0.011, stop_count=0, roi_count=0, nearest_x=inf, clear_frames=11455
[INFO] [1782640820.966806893] [unitree_safe_cmd_node]: Move x=0.500, z=-0.014, stop_count=0, roi_count=0, nearest_x=inf, clear_frames=11460
[INFO] [1782640821.517211014] [unitree_safe_cmd_node]: Move x=0.500, z=-0.048, stop_count=0, roi_count=0, nearest_x=inf, clear_frames=11465
[INFO] [1782640822.070105633] [unitree_safe_cmd_node]: Move x=0.500, z=-0.035, stop_count=0, roi_count=0, nearest_x=inf, clear_frames=11471
[INFO] [1782640822.573577213] [unitree_safe_cmd_node]: Move x=0.500, z=-0.014, stop_count=0, roi_count=0, nearest_x=inf, clear_frames=11476
[INFO] [1782640823.117001082] [unitree_safe_cmd_node]: Move x=0.500, z=-0.062, stop_count=0, roi_count=0, nearest_x=inf, clear_frames=11481
[INFO] [1782640823.618973222] [unitree_safe_cmd_node]: Move x=0.500, z=-0.036, stop_count=0, roi_count=0, nearest_x=inf, clear_frames=11486
[INFO] [1782640824.166629414] [unitree_safe_cmd_node]: Move x=0.500, z=-0.006, stop_count=0, roi_count=0, nearest_x=inf, clear_frames=11492
[INFO] [1782640824.673583672] [unitree_safe_cmd_node]: Move x=0.500, z=-0.055, stop_count=0, roi_count=0, nearest_x=inf, clear_frames=11497
[INFO] [1782640825.217045928] [unitree_safe_cmd_node]: Move x=0.500, z=-0.022, stop_count=0, roi_count=0, nearest_x=inf, clear_frames=11501
[INFO] [1782640825.766637249] [unitree_safe_cmd_node]: Move x=0.500, z=-0.028, stop_count=0, roi_count=0, nearest_x=inf, clear_frames=11507
[INFO] [1782640826.266681888] [unitree_safe_cmd_node]: Move x=0.500, z=-0.003, stop_count=0, roi_count=0, nearest_x=inf, clear_frames=11512
[INFO] [1782640826.817008836] [unitree_safe_cmd_node]: Move x=0.500, z=-0.016, stop_count=0, roi_count=0, nearest_x=inf, clear_frames=11517
[INFO] [1782640827.366582854] [unitree_safe_cmd_node]: Move x=0.500, z=-0.028, stop_count=0, roi_count=0, nearest_x=inf, clear_frames=11523
[INFO] [1782640827.867000169] [unitree_safe_cmd_node]: Move x=0.500, z=0.012, stop_count=0, roi_count=0, nearest_x=inf, clear_frames=11528
[INFO] [1782640828.417287886] [unitree_safe_cmd_node]: Move x=0.500, z=-0.012, stop_count=0, roi_count=0, nearest_x=inf, clear_frames=11533
[INFO] [1782640828.917232477] [unitree_safe_cmd_node]: Move x=0.500, z=0.071, stop_count=0, roi_count=0, nearest_x=inf, clear_frames=11538
[INFO] [1782640829.466637228] [unitree_safe_cmd_node]: Move x=0.500, z=-0.020, stop_count=0, roi_count=0, nearest_x=inf, clear_frames=11544
[INFO] [1782640830.017646923] [unitree_safe_cmd_node]: Move x=0.500, z=0.088, stop_count=0, roi_count=0, nearest_x=inf, clear_frames=11549
[INFO] [1782640830.517731790] [unitree_safe_cmd_node]: Move x=0.500, z=0.128, stop_count=0, roi_count=0, nearest_x=inf, clear_frames=11553
[INFO] [1782640831.069769477] [unitree_safe_cmd_node]: Move x=0.500, z=0.064, stop_count=0, roi_count=0, nearest_x=inf, clear_frames=11559
[INFO] [1782640831.617153355] [unitree_safe_cmd_node]: Move x=0.500, z=0.018, stop_count=0, roi_count=0, nearest_x=inf, clear_frames=11564
[INFO] [1782640832.117377966] [unitree_safe_cmd_node]: Move x=0.500, z=0.006, stop_count=0, roi_count=0, nearest_x=inf, clear_frames=11569
[INFO] [1782640832.666992613] [unitree_safe_cmd_node]: Move x=0.500, z=0.009, stop_count=0, roi_count=0, nearest_x=inf, clear_frames=11575
[INFO] [1782640833.217240850] [unitree_safe_cmd_node]: Move x=0.500, z=0.010, stop_count=0, roi_count=0, nearest_x=inf, clear_frames=11580
[INFO] [1782640833.766616390] [unitree_safe_cmd_node]: Move x=0.500, z=-0.048, stop_count=0, roi_count=0, nearest_x=inf, clear_frames=11586
[INFO] [1782640834.266646791] [unitree_safe_cmd_node]: Move x=0.500, z=-0.062, stop_count=0, roi_count=0, nearest_x=inf, clear_frames=11591
[INFO] [1782640834.817298617] [unitree_safe_cmd_node]: Move x=0.500, z=0.013, stop_count=0, roi_count=0, nearest_x=inf, clear_frames=11596
[INFO] [1782640835.317141979] [unitree_safe_cmd_node]: Move x=0.500, z=-0.048, stop_count=0, roi_count=0, nearest_x=inf, clear_frames=11600
[INFO] [1782640835.866627813] [unitree_safe_cmd_node]: Move x=0.500, z=-0.055, stop_count=0, roi_count=0, nearest_x=inf, clear_frames=11606
[INFO] [1782640836.366646534] [unitree_safe_cmd_node]: Move x=0.500, z=0.000, stop_count=0, roi_count=0, nearest_x=inf, clear_frames=11610
[INFO] [1782640836.866821375] [unitree_safe_cmd_node]: Move x=0.500, z=-0.052, stop_count=0, roi_count=0, nearest_x=inf, clear_frames=11615
[INFO] [1782640837.417082585] [unitree_safe_cmd_node]: Move x=0.500, z=-0.009, stop_count=0, roi_count=0, nearest_x=inf, clear_frames=11620
[INFO] [1782640837.917013741] [unitree_safe_cmd_node]: Move x=0.500, z=-0.036, stop_count=0, roi_count=0, nearest_x=inf, clear_frames=11625
[INFO] [1782640838.466612068] [unitree_safe_cmd_node]: Move x=0.500, z=-0.046, stop_count=0, roi_count=0, nearest_x=inf, clear_frames=11630
[INFO] [1782640839.017826521] [unitree_safe_cmd_node]: Move x=0.500, z=-0.061, stop_count=0, roi_count=0, nearest_x=inf, clear_frames=11635
[INFO] [1782640839.566642451] [unitree_safe_cmd_node]: Move x=0.500, z=-0.043, stop_count=0, roi_count=0, nearest_x=inf, clear_frames=11640
[INFO] [1782640840.068171609] [unitree_safe_cmd_node]: Move x=0.500, z=0.020, stop_count=0, roi_count=0, nearest_x=inf, clear_frames=11645
[INFO] [1782640840.617059700] [unitree_safe_cmd_node]: Move x=0.500, z=-0.019, stop_count=0, roi_count=0, nearest_x=inf, clear_frames=11650
[INFO] [1782640841.129443674] [unitree_safe_cmd_node]: Move x=0.500, z=-0.032, stop_count=0, roi_count=0, nearest_x=inf, clear_frames=11655
[INFO] [1782640841.666642287] [unitree_safe_cmd_node]: Move x=0.500, z=-0.009, stop_count=0, roi_count=0, nearest_x=inf, clear_frames=11661
[INFO] [1782640842.173553374] [unitree_safe_cmd_node]: Move x=0.500, z=-0.013, stop_count=0, roi_count=0, nearest_x=inf, clear_frames=11666
[INFO] [1782640842.717587036] [unitree_safe_cmd_node]: Move x=0.500, z=-0.035, stop_count=0, roi_count=0, nearest_x=inf, clear_frames=11671
[INFO] [1782640843.267378630] [unitree_safe_cmd_node]: Move x=0.500, z=-0.040, stop_count=0, roi_count=0, nearest_x=inf, clear_frames=11676
[INFO] [1782640843.817086281] [unitree_safe_cmd_node]: Move x=0.500, z=-0.034, stop_count=0, roi_count=0, nearest_x=inf, clear_frames=11682
[INFO] [1782640844.317070225] [unitree_safe_cmd_node]: Move x=0.500, z=-0.022, stop_count=0, roi_count=0, nearest_x=inf, clear_frames=11686
[INFO] [1782640844.866845569] [unitree_safe_cmd_node]: Move x=0.500, z=-0.057, stop_count=0, roi_count=0, nearest_x=inf, clear_frames=11692
[INFO] [1782640845.417015891] [unitree_safe_cmd_node]: Move x=0.500, z=-0.023, stop_count=0, roi_count=0, nearest_x=inf, clear_frames=11697
[INFO] [1782640845.917023368] [unitree_safe_cmd_node]: Move x=0.500, z=-0.022, stop_count=0, roi_count=0, nearest_x=inf, clear_frames=11702
[INFO] [1782640846.417109762] [unitree_safe_cmd_node]: Move x=0.500, z=-0.037, stop_count=0, roi_count=0, nearest_x=inf, clear_frames=11707
[INFO] [1782640846.966652895] [unitree_safe_cmd_node]: Move x=0.500, z=-0.035, stop_count=0, roi_count=0, nearest_x=inf, clear_frames=11713
[INFO] [1782640847.517038874] [unitree_safe_cmd_node]: Move x=0.500, z=-0.003, stop_count=0, roi_count=0, nearest_x=inf, clear_frames=11718
[INFO] [1782640848.018957754] [unitree_safe_cmd_node]: Move x=0.500, z=-0.004, stop_count=0, roi_count=0, nearest_x=inf, clear_frames=11723
[INFO] [1782640848.566612594] [unitree_safe_cmd_node]: Move x=0.500, z=-0.013, stop_count=0, roi_count=0, nearest_x=inf, clear_frames=11729
[INFO] [1782640849.067029754] [unitree_safe_cmd_node]: Move x=0.500, z=-0.015, stop_count=0, roi_count=0, nearest_x=inf, clear_frames=11733
[INFO] [1782640849.617031106] [unitree_safe_cmd_node]: Move x=0.500, z=0.003, stop_count=0, roi_count=0, nearest_x=inf, clear_frames=11739
[INFO] [1782640850.117167576] [unitree_safe_cmd_node]: Move x=0.500, z=-0.011, stop_count=0, roi_count=0, nearest_x=inf, clear_frames=11744
[INFO] [1782640850.666662464] [unitree_safe_cmd_node]: Move x=0.500, z=-0.006, stop_count=0, roi_count=0, nearest_x=inf, clear_frames=11750
[INFO] [1782640851.167074525] [unitree_safe_cmd_node]: Move x=0.500, z=-0.003, stop_count=0, roi_count=0, nearest_x=inf, clear_frames=11755
[INFO] [1782640851.717014594] [unitree_safe_cmd_node]: Move x=0.500, z=0.003, stop_count=0, roi_count=0, nearest_x=inf, clear_frames=11760
[INFO] [1782640852.217198764] [unitree_safe_cmd_node]: Move x=0.500, z=-0.024, stop_count=0, roi_count=0, nearest_x=inf, clear_frames=11764
[INFO] [1782640852.766607048] [unitree_safe_cmd_node]: Move x=0.500, z=-0.036, stop_count=0, roi_count=0, nearest_x=inf, clear_frames=11770
[INFO] [1782640853.317316702] [unitree_safe_cmd_node]: Move x=0.500, z=0.009, stop_count=0, roi_count=0, nearest_x=inf, clear_frames=11775
[INFO] [1782640853.866878506] [unitree_safe_cmd_node]: Move x=0.500, z=-0.038, stop_count=0, roi_count=0, nearest_x=inf, clear_frames=11781
[INFO] [1782640854.366731185] [unitree_safe_cmd_node]: Move x=0.500, z=0.006, stop_count=0, roi_count=0, nearest_x=inf, clear_frames=11786
[INFO] [1782640854.867174937] [unitree_safe_cmd_node]: Move x=0.500, z=-0.006, stop_count=0, roi_count=0, nearest_x=inf, clear_frames=11791
[INFO] [1782640855.417179091] [unitree_safe_cmd_node]: Move x=0.500, z=-0.029, stop_count=0, roi_count=0, nearest_x=inf, clear_frames=11796
[INFO] [1782640855.966961847] [unitree_safe_cmd_node]: Move x=0.500, z=-0.039, stop_count=0, roi_count=0, nearest_x=inf, clear_frames=11802
[INFO] [1782640856.517036471] [unitree_safe_cmd_node]: Move x=0.500, z=-0.044, stop_count=0, roi_count=0, nearest_x=inf, clear_frames=11807
[INFO] [1782640857.017047321] [unitree_safe_cmd_node]: Move x=0.500, z=0.015, stop_count=0, roi_count=0, nearest_x=inf, clear_frames=11812
[INFO] [1782640857.566637166] [unitree_safe_cmd_node]: Move x=0.500, z=-0.010, stop_count=0, roi_count=0, nearest_x=inf, clear_frames=11818
[INFO] [1782640858.067033242] [unitree_safe_cmd_node]: Move x=0.500, z=-0.025, stop_count=0, roi_count=0, nearest_x=inf, clear_frames=11822
[INFO] [1782640858.617064151] [unitree_safe_cmd_node]: Move x=0.500, z=0.004, stop_count=0, roi_count=0, nearest_x=inf, clear_frames=11828
[INFO] [1782640859.166651439] [unitree_safe_cmd_node]: Move x=0.500, z=0.001, stop_count=0, roi_count=0, nearest_x=inf, clear_frames=11834
[INFO] [1782640859.717194104] [unitree_safe_cmd_node]: Move x=0.500, z=-0.057, stop_count=0, roi_count=0, nearest_x=inf, clear_frames=11839
[INFO] [1782640860.266605762] [unitree_safe_cmd_node]: Move x=0.500, z=-0.061, stop_count=0, roi_count=0, nearest_x=inf, clear_frames=11845
[INFO] [1782640860.766638052] [unitree_safe_cmd_node]: Move x=0.500, z=-0.017, stop_count=0, roi_count=0, nearest_x=inf, clear_frames=11850
[INFO] [1782640861.266803136] [unitree_safe_cmd_node]: Move x=0.500, z=-0.019, stop_count=0, roi_count=0, nearest_x=inf, clear_frames=11854
[INFO] [1782640861.817035561] [unitree_safe_cmd_node]: Move x=0.500, z=-0.041, stop_count=0, roi_count=0, nearest_x=inf, clear_frames=11859
[INFO] [1782640862.317647956] [unitree_safe_cmd_node]: Move x=0.500, z=-0.012, stop_count=0, roi_count=0, nearest_x=inf, clear_frames=11864
[INFO] [1782640862.866633661] [unitree_safe_cmd_node]: Move x=0.500, z=-0.018, stop_count=0, roi_count=0, nearest_x=inf, clear_frames=11870
[INFO] [1782640863.366716143] [unitree_safe_cmd_node]: Move x=0.500, z=-0.028, stop_count=0, roi_count=0, nearest_x=inf, clear_frames=11875
[INFO] [1782640863.866742914] [unitree_safe_cmd_node]: Move x=0.500, z=0.001, stop_count=0, roi_count=0, nearest_x=inf, clear_frames=11880
[INFO] [1782640864.366696646] [unitree_safe_cmd_node]: Move x=0.500, z=-0.039, stop_count=0, roi_count=0, nearest_x=inf, clear_frames=11885
[INFO] [1782640864.866784297] [unitree_safe_cmd_node]: Move x=0.500, z=-0.044, stop_count=0, roi_count=0, nearest_x=inf, clear_frames=11890
[INFO] [1782640865.417003924] [unitree_safe_cmd_node]: Move x=0.500, z=-0.020, stop_count=0, roi_count=0, nearest_x=inf, clear_frames=11895
[INFO] [1782640865.966622030] [unitree_safe_cmd_node]: Move x=0.500, z=0.011, stop_count=0, roi_count=0, nearest_x=inf, clear_frames=11901
[INFO] [1782640866.466625745] [unitree_safe_cmd_node]: Move x=0.500, z=-0.032, stop_count=0, roi_count=0, nearest_x=inf, clear_frames=11906
[INFO] [1782640867.017712861] [unitree_safe_cmd_node]: Move x=0.500, z=-0.031, stop_count=0, roi_count=0, nearest_x=inf, clear_frames=11911
[INFO] [1782640867.566643815] [unitree_safe_cmd_node]: Move x=0.500, z=-0.028, stop_count=0, roi_count=0, nearest_x=inf, clear_frames=11916
[INFO] [1782640868.071338567] [unitree_safe_cmd_node]: Move x=0.500, z=-0.014, stop_count=0, roi_count=0, nearest_x=inf, clear_frames=11921
[INFO] [1782640868.616985596] [unitree_safe_cmd_node]: Move x=0.500, z=0.005, stop_count=0, roi_count=0, nearest_x=inf, clear_frames=11926
[INFO] [1782640869.117547582] [unitree_safe_cmd_node]: Move x=0.500, z=-0.064, stop_count=0, roi_count=0, nearest_x=inf, clear_frames=11931
[INFO] [1782640869.666850732] [unitree_safe_cmd_node]: Move x=0.500, z=0.011, stop_count=0, roi_count=0, nearest_x=inf, clear_frames=11937
[INFO] [1782640870.217132833] [unitree_safe_cmd_node]: Move x=0.500, z=-0.056, stop_count=0, roi_count=0, nearest_x=inf, clear_frames=11941
[INFO] [1782640870.766616096] [unitree_safe_cmd_node]: Move x=0.500, z=-0.006, stop_count=0, roi_count=0, nearest_x=inf, clear_frames=11947
[INFO] [1782640871.316980947] [unitree_safe_cmd_node]: Move x=0.500, z=-0.022, stop_count=0, roi_count=0, nearest_x=inf, clear_frames=11952
[INFO] [1782640871.817061899] [unitree_safe_cmd_node]: Move x=0.500, z=0.017, stop_count=0, roi_count=0, nearest_x=inf, clear_frames=11957
[INFO] [1782640872.317333342] [unitree_safe_cmd_node]: Move x=0.500, z=0.031, stop_count=0, roi_count=0, nearest_x=inf, clear_frames=11962
[INFO] [1782640872.817185149] [unitree_safe_cmd_node]: Move x=0.500, z=0.028, stop_count=0, roi_count=0, nearest_x=inf, clear_frames=11967
[INFO] [1782640873.366958006] [unitree_safe_cmd_node]: Move x=0.500, z=-0.003, stop_count=0, roi_count=0, nearest_x=inf, clear_frames=11973
[INFO] [1782640873.866607239] [unitree_safe_cmd_node]: Move x=0.500, z=0.001, stop_count=0, roi_count=0, nearest_x=inf, clear_frames=11978
[INFO] [1782640874.366658877] [unitree_safe_cmd_node]: Move x=0.500, z=0.028, stop_count=0, roi_count=0, nearest_x=inf, clear_frames=11982
[INFO] [1782640874.866785943] [unitree_safe_cmd_node]: Move x=0.500, z=0.001, stop_count=0, roi_count=0, nearest_x=inf, clear_frames=11987
[INFO] [1782640875.417137954] [unitree_safe_cmd_node]: Move x=0.500, z=-0.024, stop_count=0, roi_count=0, nearest_x=inf, clear_frames=11991
[INFO] [1782640875.966641282] [unitree_safe_cmd_node]: Move x=0.500, z=-0.036, stop_count=0, roi_count=0, nearest_x=inf, clear_frames=11997
[INFO] [1782640876.466626345] [unitree_safe_cmd_node]: Move x=0.500, z=-0.016, stop_count=0, roi_count=0, nearest_x=inf, clear_frames=12002
[INFO] [1782640877.017183185] [unitree_safe_cmd_node]: Move x=0.500, z=-0.042, stop_count=0, roi_count=0, nearest_x=inf, clear_frames=12007
[INFO] [1782640877.566852984] [unitree_safe_cmd_node]: Move x=0.500, z=-0.018, stop_count=0, roi_count=0, nearest_x=inf, clear_frames=12013
[INFO] [1782640878.067869916] [unitree_safe_cmd_node]: Move x=0.500, z=0.011, stop_count=0, roi_count=0, nearest_x=inf, clear_frames=12018
[INFO] [1782640878.617059789] [unitree_safe_cmd_node]: Move x=0.500, z=-0.018, stop_count=0, roi_count=0, nearest_x=inf, clear_frames=12023
[INFO] [1782640879.117132371] [unitree_safe_cmd_node]: Move x=0.500, z=-0.023, stop_count=0, roi_count=0, nearest_x=inf, clear_frames=12028
[INFO] [1782640879.666604748] [unitree_safe_cmd_node]: Move x=0.500, z=-0.034, stop_count=0, roi_count=0, nearest_x=inf, clear_frames=12034
[INFO] [1782640880.166494673] [unitree_safe_cmd_node]: Move x=0.500, z=-0.004, stop_count=0, roi_count=0, nearest_x=inf, clear_frames=12039
[INFO] [1782640880.717003852] [unitree_safe_cmd_node]: Move x=0.500, z=0.018, stop_count=0, roi_count=0, nearest_x=inf, clear_frames=12044
[INFO] [1782640881.266625640] [unitree_safe_cmd_node]: Move x=0.500, z=0.020, stop_count=0, roi_count=0, nearest_x=inf, clear_frames=12050
[INFO] [1782640881.766584360] [unitree_safe_cmd_node]: Move x=0.500, z=-0.004, stop_count=0, roi_count=0, nearest_x=inf, clear_frames=12055
[INFO] [1782640882.266707512] [unitree_safe_cmd_node]: Move x=0.500, z=0.001, stop_count=0, roi_count=0, nearest_x=inf, clear_frames=12060
[INFO] [1782640882.816922134] [unitree_safe_cmd_node]: Move x=0.500, z=-0.014, stop_count=0, roi_count=0, nearest_x=inf, clear_frames=12065
[INFO] [1782640883.321760502] [unitree_safe_cmd_node]: Move x=0.500, z=-0.042, stop_count=0, roi_count=0, nearest_x=inf, clear_frames=12071
[INFO] [1782640883.866613079] [unitree_safe_cmd_node]: Move x=0.500, z=-0.053, stop_count=0, roi_count=0, nearest_x=inf, clear_frames=12076
[INFO] [1782640884.367032339] [unitree_safe_cmd_node]: Move x=0.500, z=-0.030, stop_count=0, roi_count=0, nearest_x=inf, clear_frames=12081
[INFO] [1782640884.917129870] [unitree_safe_cmd_node]: Move x=0.500, z=0.001, stop_count=0, roi_count=0, nearest_x=inf, clear_frames=12086
[INFO] [1782640885.467005945] [unitree_safe_cmd_node]: Move x=0.500, z=-0.042, stop_count=0, roi_count=0, nearest_x=inf, clear_frames=12091
[INFO] [1782640886.023354144] [unitree_safe_cmd_node]: Move x=0.500, z=-0.022, stop_count=0, roi_count=0, nearest_x=inf, clear_frames=12097
[INFO] [1782640886.566597486] [unitree_safe_cmd_node]: Move x=0.500, z=-0.004, stop_count=0, roi_count=0, nearest_x=inf, clear_frames=12102
[INFO] [1782640887.067166454] [unitree_safe_cmd_node]: Move x=0.500, z=-0.047, stop_count=0, roi_count=0, nearest_x=inf, clear_frames=12107
[INFO] [1782640887.617142472] [unitree_safe_cmd_node]: Move x=0.500, z=-0.053, stop_count=0, roi_count=0, nearest_x=inf, clear_frames=12112
[INFO] [1782640888.117392776] [unitree_safe_cmd_node]: Move x=0.500, z=-0.034, stop_count=0, roi_count=0, nearest_x=inf, clear_frames=12117
[INFO] [1782640888.617658436] [unitree_safe_cmd_node]: Move x=0.500, z=-0.021, stop_count=0, roi_count=0, nearest_x=inf, clear_frames=12123
[INFO] [1782640889.166489839] [unitree_safe_cmd_node]: Move x=0.500, z=-0.013, stop_count=0, roi_count=0, nearest_x=inf, clear_frames=12128
[INFO] [1782640889.666611175] [unitree_safe_cmd_node]: Move x=0.500, z=-0.006, stop_count=0, roi_count=0, nearest_x=inf, clear_frames=12133
[INFO] [1782640890.216825956] [unitree_safe_cmd_node]: Move x=0.500, z=0.011, stop_count=0, roi_count=0, nearest_x=inf, clear_frames=12138
[INFO] [1782640890.719424174] [unitree_safe_cmd_node]: Move x=0.500, z=-0.007, stop_count=0, roi_count=0, nearest_x=inf, clear_frames=12144
[INFO] [1782640891.266599750] [unitree_safe_cmd_node]: Move x=0.500, z=-0.049, stop_count=0, roi_count=0, nearest_x=inf, clear_frames=12149
[INFO] [1782640891.766683736] [unitree_safe_cmd_node]: Move x=0.500, z=-0.011, stop_count=0, roi_count=0, nearest_x=inf, clear_frames=12154
[INFO] [1782640892.317234954] [unitree_safe_cmd_node]: Move x=0.500, z=-0.022, stop_count=0, roi_count=0, nearest_x=inf, clear_frames=12159
[INFO] [1782640892.820159152] [unitree_safe_cmd_node]: Move x=0.500, z=-0.035, stop_count=0, roi_count=0, nearest_x=inf, clear_frames=12165
[INFO] [1782640893.366489858] [unitree_safe_cmd_node]: Move x=0.500, z=-0.046, stop_count=0, roi_count=0, nearest_x=inf, clear_frames=12169
[INFO] [1782640893.866570596] [unitree_safe_cmd_node]: Move x=0.500, z=-0.020, stop_count=0, roi_count=0, nearest_x=inf, clear_frames=12174
[INFO] [1782640894.366554242] [unitree_safe_cmd_node]: Move x=0.500, z=-0.019, stop_count=0, roi_count=0, nearest_x=inf, clear_frames=12178
[INFO] [1782640894.868274858] [unitree_safe_cmd_node]: Move x=0.500, z=-0.026, stop_count=0, roi_count=0, nearest_x=inf, clear_frames=12183
[INFO] [1782640895.419079746] [unitree_safe_cmd_node]: Move x=0.500, z=-0.015, stop_count=0, roi_count=0, nearest_x=inf, clear_frames=12189
[INFO] [1782640895.966573095] [unitree_safe_cmd_node]: Move x=0.500, z=-0.024, stop_count=0, roi_count=0, nearest_x=inf, clear_frames=12194
[INFO] [1782640896.466609268] [unitree_safe_cmd_node]: Move x=0.500, z=-0.027, stop_count=0, roi_count=0, nearest_x=inf, clear_frames=12198
[INFO] [1782640897.017439587] [unitree_safe_cmd_node]: Move x=0.500, z=-0.031, stop_count=0, roi_count=0, nearest_x=inf, clear_frames=12203
[INFO] [1782640897.518549397] [unitree_safe_cmd_node]: Move x=0.500, z=-0.010, stop_count=0, roi_count=0, nearest_x=inf, clear_frames=12208
[INFO] [1782640898.021591401] [unitree_safe_cmd_node]: Move x=0.500, z=-0.022, stop_count=0, roi_count=0, nearest_x=inf, clear_frames=12213
[INFO] [1782640898.566545974] [unitree_safe_cmd_node]: Move x=0.500, z=-0.028, stop_count=0, roi_count=0, nearest_x=inf, clear_frames=12218
[INFO] [1782640899.067026894] [unitree_safe_cmd_node]: Move x=0.500, z=-0.030, stop_count=0, roi_count=0, nearest_x=inf, clear_frames=12223
[INFO] [1782640899.618280224] [unitree_safe_cmd_node]: Move x=0.500, z=-0.064, stop_count=0, roi_count=0, nearest_x=inf, clear_frames=12229
[INFO] [1782640900.166653739] [unitree_safe_cmd_node]: Move x=0.500, z=-0.039, stop_count=0, roi_count=0, nearest_x=inf, clear_frames=12234
[INFO] [1782640900.716924558] [unitree_safe_cmd_node]: Move x=0.500, z=-0.037, stop_count=0, roi_count=0, nearest_x=inf, clear_frames=12239
[INFO] [1782640901.266584587] [unitree_safe_cmd_node]: Move x=0.500, z=-0.002, stop_count=0, roi_count=0, nearest_x=inf, clear_frames=12245
[INFO] [1782640901.766570593] [unitree_safe_cmd_node]: Move x=0.500, z=-0.016, stop_count=0, roi_count=0, nearest_x=inf, clear_frames=12250
[INFO] [1782640902.266617239] [unitree_safe_cmd_node]: Move x=0.500, z=-0.014, stop_count=0, roi_count=0, nearest_x=inf, clear_frames=12255
[INFO] [1782640902.766726196] [unitree_safe_cmd_node]: Move x=0.500, z=0.016, stop_count=0, roi_count=0, nearest_x=inf, clear_frames=12260
[INFO] [1782640903.318892570] [unitree_safe_cmd_node]: Move x=0.500, z=-0.005, stop_count=0, roi_count=0, nearest_x=inf, clear_frames=12266
[INFO] [1782640903.819882679] [unitree_safe_cmd_node]: Move x=0.500, z=-0.010, stop_count=0, roi_count=0, nearest_x=inf, clear_frames=12271
[INFO] [1782640904.366545928] [unitree_safe_cmd_node]: Move x=0.500, z=-0.032, stop_count=0, roi_count=0, nearest_x=inf, clear_frames=12276
[INFO] [1782640904.866743991] [unitree_safe_cmd_node]: Move x=0.500, z=-0.012, stop_count=0, roi_count=0, nearest_x=inf, clear_frames=12281
[INFO] [1782640905.417010928] [unitree_safe_cmd_node]: Move x=0.500, z=-0.008, stop_count=0, roi_count=0, nearest_x=inf, clear_frames=12286
[INFO] [1782640905.918263798] [unitree_safe_cmd_node]: Move x=0.500, z=0.008, stop_count=0, roi_count=0, nearest_x=inf, clear_frames=12292
[INFO] [1782640906.466569703] [unitree_safe_cmd_node]: Move x=0.500, z=0.021, stop_count=0, roi_count=0, nearest_x=inf, clear_frames=12297
[INFO] [1782640907.023815496] [unitree_safe_cmd_node]: Move x=0.500, z=0.031, stop_count=0, roi_count=0, nearest_x=inf, clear_frames=12303
[INFO] [1782640907.566631526] [unitree_safe_cmd_node]: Move x=0.500, z=-0.014, stop_count=0, roi_count=0, nearest_x=inf, clear_frames=12307
[INFO] [1782640908.067212905] [unitree_safe_cmd_node]: Move x=0.500, z=-0.006, stop_count=0, roi_count=0, nearest_x=inf, clear_frames=12312
[INFO] [1782640908.619190670] [unitree_safe_cmd_node]: Move x=0.500, z=0.035, stop_count=0, roi_count=0, nearest_x=inf, clear_frames=12317
[INFO] [1782640909.166609720] [unitree_safe_cmd_node]: Move x=0.500, z=-0.007, stop_count=0, roi_count=0, nearest_x=inf, clear_frames=12323
[INFO] [1782640909.666553581] [unitree_safe_cmd_node]: Move x=0.500, z=-0.048, stop_count=0, roi_count=0, nearest_x=inf, clear_frames=12328
[INFO] [1782640910.166849362] [unitree_safe_cmd_node]: Move x=0.500, z=-0.026, stop_count=0, roi_count=0, nearest_x=inf, clear_frames=12333
[INFO] [1782640910.718947739] [unitree_safe_cmd_node]: Move x=0.500, z=-0.028, stop_count=0, roi_count=0, nearest_x=inf, clear_frames=12339
[INFO] [1782640911.266593320] [unitree_safe_cmd_node]: Move x=0.500, z=-0.015, stop_count=0, roi_count=0, nearest_x=inf, clear_frames=12344
[INFO] [1782640911.766726379] [unitree_safe_cmd_node]: Move x=0.500, z=-0.024, stop_count=0, roi_count=0, nearest_x=inf, clear_frames=12349
[INFO] [1782640912.318828530] [unitree_safe_cmd_node]: Move x=0.500, z=-0.015, stop_count=0, roi_count=0, nearest_x=inf, clear_frames=12354
[INFO] [1782640912.866531686] [unitree_safe_cmd_node]: Move x=0.500, z=-0.011, stop_count=0, roi_count=0, nearest_x=inf, clear_frames=12359
[INFO] [1782640913.417510145] [unitree_safe_cmd_node]: Move x=0.500, z=-0.007, stop_count=0, roi_count=0, nearest_x=inf, clear_frames=12364
[INFO] [1782640913.966566224] [unitree_safe_cmd_node]: Move x=0.500, z=-0.061, stop_count=0, roi_count=0, nearest_x=inf, clear_frames=12370
[INFO] [1782640914.517027869] [unitree_safe_cmd_node]: Move x=0.500, z=-0.038, stop_count=0, roi_count=0, nearest_x=inf, clear_frames=12374
[INFO] [1782640915.020321505] [unitree_safe_cmd_node]: Move x=0.500, z=-0.043, stop_count=0, roi_count=0, nearest_x=inf, clear_frames=12380
[INFO] [1782640915.566571062] [unitree_safe_cmd_node]: Move x=0.500, z=-0.057, stop_count=0, roi_count=0, nearest_x=inf, clear_frames=12385
[INFO] [1782640916.067527004] [unitree_safe_cmd_node]: Move x=0.500, z=-0.013, stop_count=0, roi_count=0, nearest_x=inf, clear_frames=12390
[INFO] [1782640916.618305808] [unitree_safe_cmd_node]: Move x=0.500, z=-0.033, stop_count=0, roi_count=0, nearest_x=inf, clear_frames=12396
[INFO] [1782640917.166649441] [unitree_safe_cmd_node]: Move x=0.500, z=-0.027, stop_count=0, roi_count=0, nearest_x=inf, clear_frames=12400
[INFO] [1782640917.716667102] [unitree_safe_cmd_node]: Move x=0.500, z=-0.005, stop_count=0, roi_count=0, nearest_x=inf, clear_frames=12406
[INFO] [1782640918.216892893] [unitree_safe_cmd_node]: Move x=0.500, z=-0.029, stop_count=0, roi_count=0, nearest_x=inf, clear_frames=12409
[INFO] [1782640918.721435785] [unitree_safe_cmd_node]: Move x=0.500, z=-0.005, stop_count=0, roi_count=0, nearest_x=inf, clear_frames=12415
[INFO] [1782640919.266705576] [unitree_safe_cmd_node]: Move x=0.500, z=-0.036, stop_count=0, roi_count=0, nearest_x=inf, clear_frames=12420
[INFO] [1782640919.767023986] [unitree_safe_cmd_node]: Move x=0.500, z=-0.014, stop_count=0, roi_count=0, nearest_x=inf, clear_frames=12425
[INFO] [1782640920.316703147] [unitree_safe_cmd_node]: Move x=0.500, z=-0.022, stop_count=0, roi_count=0, nearest_x=inf, clear_frames=12430
[INFO] [1782640920.816782529] [unitree_safe_cmd_node]: Move x=0.500, z=-0.038, stop_count=0, roi_count=0, nearest_x=inf, clear_frames=12434
[INFO] [1782640921.366570040] [unitree_safe_cmd_node]: Move x=0.500, z=-0.017, stop_count=0, roi_count=0, nearest_x=inf, clear_frames=12440
[INFO] [1782640921.866660683] [unitree_safe_cmd_node]: Move x=0.500, z=-0.016, stop_count=0, roi_count=0, nearest_x=inf, clear_frames=12445
[INFO] [1782640922.419171730] [unitree_safe_cmd_node]: Move x=0.500, z=-0.008, stop_count=0, roi_count=0, nearest_x=inf, clear_frames=12450
[INFO] [1782640922.966798658] [unitree_safe_cmd_node]: Move x=0.500, z=-0.040, stop_count=0, roi_count=0, nearest_x=inf, clear_frames=12455
[INFO] [1782640923.517237885] [unitree_safe_cmd_node]: Move x=0.500, z=0.016, stop_count=0, roi_count=0, nearest_x=inf, clear_frames=12460
[INFO] [1782640924.025839073] [unitree_safe_cmd_node]: Move x=0.500, z=-0.010, stop_count=0, roi_count=0, nearest_x=inf, clear_frames=12466
[INFO] [1782640924.566976324] [unitree_safe_cmd_node]: Move x=0.500, z=0.018, stop_count=0, roi_count=0, nearest_x=inf, clear_frames=12471
[INFO] [1782640925.117741327] [unitree_safe_cmd_node]: Move x=0.500, z=0.009, stop_count=0, roi_count=0, nearest_x=inf, clear_frames=12476
[INFO] [1782640925.621962454] [unitree_safe_cmd_node]: Move x=0.500, z=0.017, stop_count=0, roi_count=0, nearest_x=inf, clear_frames=12481
[INFO] [1782640926.166741320] [unitree_safe_cmd_node]: Move x=0.500, z=-0.005, stop_count=0, roi_count=0, nearest_x=inf, clear_frames=12486
[INFO] [1782640926.666767474] [unitree_safe_cmd_node]: Move x=0.500, z=-0.021, stop_count=0, roi_count=0, nearest_x=inf, clear_frames=12491
[INFO] [1782640927.217160125] [unitree_safe_cmd_node]: Move x=0.500, z=-0.006, stop_count=0, roi_count=0, nearest_x=inf, clear_frames=12496
[INFO] [1782640927.717057698] [unitree_safe_cmd_node]: Move x=0.500, z=-0.006, stop_count=0, roi_count=0, nearest_x=inf, clear_frames=12501
[INFO] [1782640928.217027176] [unitree_safe_cmd_node]: Move x=0.500, z=-0.004, stop_count=0, roi_count=0, nearest_x=inf, clear_frames=12506
[INFO] [1782640928.766599880] [unitree_safe_cmd_node]: Move x=0.500, z=-0.021, stop_count=0, roi_count=0, nearest_x=inf, clear_frames=12512
[INFO] [1782640929.266962070] [unitree_safe_cmd_node]: Move x=0.500, z=-0.037, stop_count=0, roi_count=0, nearest_x=inf, clear_frames=12517
[INFO] [1782640929.817479557] [unitree_safe_cmd_node]: Move x=0.500, z=-0.027, stop_count=0, roi_count=0, nearest_x=inf, clear_frames=12522
[INFO] [1782640930.366645009] [unitree_safe_cmd_node]: Move x=0.500, z=-0.030, stop_count=0, roi_count=0, nearest_x=inf, clear_frames=12527
[INFO] [1782640930.866627840] [unitree_safe_cmd_node]: Move x=0.500, z=-0.028, stop_count=0, roi_count=0, nearest_x=inf, clear_frames=12532
[INFO] [1782640931.417016570] [unitree_safe_cmd_node]: Move x=0.500, z=-0.034, stop_count=0, roi_count=0, nearest_x=inf, clear_frames=12537
[INFO] [1782640931.966595738] [unitree_safe_cmd_node]: Move x=0.500, z=-0.045, stop_count=0, roi_count=0, nearest_x=inf, clear_frames=12543
[INFO] [1782640932.466625768] [unitree_safe_cmd_node]: Move x=0.500, z=-0.026, stop_count=0, roi_count=0, nearest_x=inf, clear_frames=12548
[INFO] [1782640933.020188494] [unitree_safe_cmd_node]: Move x=0.500, z=-0.019, stop_count=0, roi_count=0, nearest_x=inf, clear_frames=12554
[INFO] [1782640933.520107406] [unitree_safe_cmd_node]: Move x=0.500, z=-0.029, stop_count=0, roi_count=0, nearest_x=inf, clear_frames=12559
[INFO] [1782640934.026359701] [unitree_safe_cmd_node]: Move x=0.500, z=-0.033, stop_count=0, roi_count=0, nearest_x=inf, clear_frames=12564
[INFO] [1782640934.566567966] [unitree_safe_cmd_node]: Move x=0.500, z=-0.042, stop_count=0, roi_count=0, nearest_x=inf, clear_frames=12569
[INFO] [1782640935.067582590] [unitree_safe_cmd_node]: Move x=0.500, z=-0.019, stop_count=0, roi_count=0, nearest_x=inf, clear_frames=12574
[INFO] [1782640935.618418166] [unitree_safe_cmd_node]: Move x=0.500, z=-0.008, stop_count=0, roi_count=0, nearest_x=inf, clear_frames=12580
[INFO] [1782640936.166707461] [unitree_safe_cmd_node]: Move x=0.500, z=-0.018, stop_count=0, roi_count=0, nearest_x=inf, clear_frames=12584
[INFO] [1782640936.719428874] [unitree_safe_cmd_node]: Move x=0.500, z=-0.025, stop_count=0, roi_count=0, nearest_x=inf, clear_frames=12590
[INFO] [1782640937.266596032] [unitree_safe_cmd_node]: Move x=0.500, z=-0.045, stop_count=0, roi_count=0, nearest_x=inf, clear_frames=12594
[INFO] [1782640937.766517360] [unitree_safe_cmd_node]: Move x=0.500, z=-0.053, stop_count=0, roi_count=0, nearest_x=inf, clear_frames=12599
[INFO] [1782640938.266780152] [unitree_safe_cmd_node]: Move x=0.500, z=-0.020, stop_count=0, roi_count=0, nearest_x=inf, clear_frames=12603
[INFO] [1782640938.767301730] [unitree_safe_cmd_node]: Move x=0.500, z=-0.011, stop_count=0, roi_count=0, nearest_x=inf, clear_frames=12608
[INFO] [1782640939.266891030] [unitree_safe_cmd_node]: Move x=0.500, z=-0.042, stop_count=0, roi_count=0, nearest_x=inf, clear_frames=12613
[INFO] [1782640939.766997017] [unitree_safe_cmd_node]: Move x=0.500, z=-0.035, stop_count=0, roi_count=0, nearest_x=inf, clear_frames=12618
[INFO] [1782640940.316680900] [unitree_safe_cmd_node]: Move x=0.500, z=-0.034, stop_count=0, roi_count=0, nearest_x=inf, clear_frames=12624
[INFO] [1782640940.817341315] [unitree_safe_cmd_node]: Move x=0.500, z=-0.030, stop_count=0, roi_count=0, nearest_x=inf, clear_frames=12629
[INFO] [1782640941.366557549] [unitree_safe_cmd_node]: Move x=0.500, z=-0.055, stop_count=0, roi_count=0, nearest_x=inf, clear_frames=12634
[INFO] [1782640941.916420945] [unitree_safe_cmd_node]: Move x=0.500, z=-0.016, stop_count=0, roi_count=0, nearest_x=inf, clear_frames=12640
[INFO] [1782640942.417529999] [unitree_safe_cmd_node]: Move x=0.500, z=0.029, stop_count=0, roi_count=0, nearest_x=inf, clear_frames=12645
[INFO] [1782640942.966548701] [unitree_safe_cmd_node]: Move x=0.500, z=-0.018, stop_count=0, roi_count=0, nearest_x=inf, clear_frames=12650
[INFO] [1782640943.466554975] [unitree_safe_cmd_node]: Move x=0.500, z=0.005, stop_count=0, roi_count=0, nearest_x=inf, clear_frames=12654
[INFO] [1782640944.018490138] [unitree_safe_cmd_node]: Move x=0.500, z=0.024, stop_count=0, roi_count=0, nearest_x=inf, clear_frames=12660
[INFO] [1782640944.566810833] [unitree_safe_cmd_node]: Move x=0.500, z=0.027, stop_count=0, roi_count=0, nearest_x=inf, clear_frames=12665
[INFO] [1782640945.067356355] [unitree_safe_cmd_node]: Move x=0.500, z=0.005, stop_count=0, roi_count=0, nearest_x=inf, clear_frames=12669
[INFO] [1782640945.617929074] [unitree_safe_cmd_node]: Move x=0.500, z=0.030, stop_count=0, roi_count=0, nearest_x=inf, clear_frames=12676
[INFO] [1782640946.166581432] [unitree_safe_cmd_node]: Move x=0.500, z=0.009, stop_count=0, roi_count=0, nearest_x=inf, clear_frames=12680
[INFO] [1782640946.666653518] [unitree_safe_cmd_node]: Move x=0.500, z=-0.062, stop_count=0, roi_count=0, nearest_x=inf, clear_frames=12685
[INFO] [1782640947.218514376] [unitree_safe_cmd_node]: Move x=0.500, z=-0.038, stop_count=0, roi_count=0, nearest_x=inf, clear_frames=12690
[INFO] [1782640947.719442738] [unitree_safe_cmd_node]: Move x=0.500, z=-0.026, stop_count=0, roi_count=0, nearest_x=inf, clear_frames=12696
[INFO] [1782640948.266584564] [unitree_safe_cmd_node]: Move x=0.500, z=-0.038, stop_count=0, roi_count=0, nearest_x=inf, clear_frames=12700
[INFO] [1782640948.766588122] [unitree_safe_cmd_node]: Move x=0.500, z=-0.027, stop_count=0, roi_count=0, nearest_x=inf, clear_frames=12705
[INFO] [1782640949.266640544] [unitree_safe_cmd_node]: Move x=0.500, z=0.011, stop_count=0, roi_count=0, nearest_x=inf, clear_frames=12710
[INFO] [1782640949.817066448] [unitree_safe_cmd_node]: Move x=0.500, z=-0.034, stop_count=0, roi_count=0, nearest_x=inf, clear_frames=12715
[INFO] [1782640950.321127433] [unitree_safe_cmd_node]: Move x=0.500, z=0.006, stop_count=0, roi_count=0, nearest_x=inf, clear_frames=12720
[INFO] [1782640950.866548599] [unitree_safe_cmd_node]: Move x=0.500, z=-0.025, stop_count=0, roi_count=0, nearest_x=inf, clear_frames=12725
[INFO] [1782640951.417104925] [unitree_safe_cmd_node]: Move x=0.500, z=0.020, stop_count=0, roi_count=0, nearest_x=inf, clear_frames=12730
[INFO] [1782640951.966590350] [unitree_safe_cmd_node]: Move x=0.500, z=0.002, stop_count=0, roi_count=0, nearest_x=inf, clear_frames=12736
[INFO] [1782640952.466546926] [unitree_safe_cmd_node]: Move x=0.500, z=0.008, stop_count=0, roi_count=0, nearest_x=inf, clear_frames=12740
[INFO] [1782640953.022056065] [unitree_safe_cmd_node]: Move x=0.500, z=-0.018, stop_count=0, roi_count=0, nearest_x=inf, clear_frames=12746
[INFO] [1782640953.568151935] [unitree_safe_cmd_node]: Move x=0.500, z=-0.051, stop_count=0, roi_count=0, nearest_x=inf, clear_frames=12751
[INFO] [1782640954.118899291] [unitree_safe_cmd_node]: Move x=0.500, z=-0.001, stop_count=0, roi_count=0, nearest_x=inf, clear_frames=12757
[INFO] [1782640954.666603892] [unitree_safe_cmd_node]: Move x=0.500, z=-0.021, stop_count=0, roi_count=0, nearest_x=inf, clear_frames=12762
[INFO] [1782640955.166605079] [unitree_safe_cmd_node]: Move x=0.500, z=-0.017, stop_count=0, roi_count=0, nearest_x=inf, clear_frames=12766
[INFO] [1782640955.666825088] [unitree_safe_cmd_node]: Move x=0.500, z=-0.034, stop_count=0, roi_count=0, nearest_x=inf, clear_frames=12771
[INFO] [1782640956.217032184] [unitree_safe_cmd_node]: Move x=0.500, z=-0.002, stop_count=0, roi_count=0, nearest_x=inf, clear_frames=12776
[INFO] [1782640956.718949427] [unitree_safe_cmd_node]: Move x=0.500, z=0.002, stop_count=0, roi_count=0, nearest_x=inf, clear_frames=12782
[INFO] [1782640957.266613910] [unitree_safe_cmd_node]: Move x=0.500, z=-0.034, stop_count=0, roi_count=0, nearest_x=inf, clear_frames=12787
[INFO] [1782640957.766640869] [unitree_safe_cmd_node]: Move x=0.500, z=-0.007, stop_count=0, roi_count=0, nearest_x=inf, clear_frames=12792
[INFO] [1782640958.266766634] [unitree_safe_cmd_node]: Move x=0.500, z=-0.017, stop_count=0, roi_count=0, nearest_x=inf, clear_frames=12795
[INFO] [1782640958.817088603] [unitree_safe_cmd_node]: Move x=0.500, z=-0.019, stop_count=0, roi_count=0, nearest_x=inf, clear_frames=12800
[INFO] [1782640959.319267051] [unitree_safe_cmd_node]: Move x=0.500, z=-0.039, stop_count=0, roi_count=0, nearest_x=inf, clear_frames=12805
[INFO] [1782640959.820059665] [unitree_safe_cmd_node]: Move x=0.500, z=-0.010, stop_count=0, roi_count=0, nearest_x=inf, clear_frames=12810
[INFO] [1782640960.321454090] [unitree_safe_cmd_node]: Move x=0.500, z=-0.045, stop_count=0, roi_count=0, nearest_x=inf, clear_frames=12814
[INFO] [1782640960.866758401] [unitree_safe_cmd_node]: Move x=0.500, z=-0.004, stop_count=0, roi_count=0, nearest_x=inf, clear_frames=12819
[INFO] [1782640961.417039481] [unitree_safe_cmd_node]: Move x=0.500, z=0.020, stop_count=0, roi_count=0, nearest_x=inf, clear_frames=12823
[INFO] [1782640961.921319753] [unitree_safe_cmd_node]: Move x=0.500, z=0.012, stop_count=0, roi_count=0, nearest_x=inf, clear_frames=12829
[INFO] [1782640962.466747571] [unitree_safe_cmd_node]: Move x=0.500, z=-0.007, stop_count=0, roi_count=0, nearest_x=inf, clear_frames=12834
[INFO] [1782640963.027106229] [unitree_safe_cmd_node]: Move x=0.500, z=-0.010, stop_count=0, roi_count=0, nearest_x=inf, clear_frames=12840
[INFO] [1782640963.566586473] [unitree_safe_cmd_node]: Move x=0.500, z=0.011, stop_count=0, roi_count=0, nearest_x=inf, clear_frames=12844
[INFO] [1782640964.070442469] [unitree_safe_cmd_node]: Move x=0.500, z=-0.039, stop_count=0, roi_count=0, nearest_x=inf, clear_frames=12849
[INFO] [1782640964.617013538] [unitree_safe_cmd_node]: Move x=0.500, z=-0.017, stop_count=0, roi_count=0, nearest_x=inf, clear_frames=12854
[INFO] [1782640965.166499169] [unitree_safe_cmd_node]: Move x=0.500, z=-0.018, stop_count=0, roi_count=0, nearest_x=inf, clear_frames=12859
[INFO] [1782640965.716800595] [unitree_safe_cmd_node]: Move x=0.500, z=-0.024, stop_count=0, roi_count=0, nearest_x=inf, clear_frames=12864
[INFO] [1782640966.217016453] [unitree_safe_cmd_node]: Move x=0.500, z=-0.008, stop_count=0, roi_count=0, nearest_x=inf, clear_frames=12869
[INFO] [1782640966.721190996] [unitree_safe_cmd_node]: Move x=0.500, z=-0.020, stop_count=0, roi_count=0, nearest_x=inf, clear_frames=12875
[INFO] [1782640967.266805051] [unitree_safe_cmd_node]: Move x=0.500, z=-0.010, stop_count=0, roi_count=0, nearest_x=inf, clear_frames=12879
[INFO] [1782640967.766504900] [unitree_safe_cmd_node]: Move x=0.500, z=-0.037, stop_count=0, roi_count=0, nearest_x=inf, clear_frames=12884
[INFO] [1782640968.320425468] [unitree_safe_cmd_node]: Move x=0.500, z=-0.025, stop_count=0, roi_count=0, nearest_x=inf, clear_frames=12889
[INFO] [1782640968.866754109] [unitree_safe_cmd_node]: Move x=0.500, z=-0.010, stop_count=0, roi_count=0, nearest_x=inf, clear_frames=12894
[INFO] [1782640969.366605490] [unitree_safe_cmd_node]: Move x=0.500, z=-0.029, stop_count=0, roi_count=0, nearest_x=inf, clear_frames=12898
[INFO] [1782640969.917012920] [unitree_safe_cmd_node]: Move x=0.500, z=-0.047, stop_count=0, roi_count=0, nearest_x=inf, clear_frames=12903
[INFO] [1782640970.466680789] [unitree_safe_cmd_node]: Move x=0.500, z=-0.033, stop_count=0, roi_count=0, nearest_x=inf, clear_frames=12908
[INFO] [1782640971.017386447] [unitree_safe_cmd_node]: Move x=0.500, z=-0.009, stop_count=0, roi_count=0, nearest_x=inf, clear_frames=12913
[INFO] [1782640971.520952676] [unitree_safe_cmd_node]: Move x=0.500, z=-0.032, stop_count=0, roi_count=0, nearest_x=inf, clear_frames=12918
[INFO] [1782640972.067035656] [unitree_safe_cmd_node]: Move x=0.500, z=-0.035, stop_count=0, roi_count=0, nearest_x=inf, clear_frames=12922
[INFO] [1782640972.616927449] [unitree_safe_cmd_node]: Move x=0.500, z=-0.004, stop_count=0, roi_count=0, nearest_x=inf, clear_frames=12928
[INFO] [1782640973.117247696] [unitree_safe_cmd_node]: Move x=0.500, z=-0.029, stop_count=0, roi_count=0, nearest_x=inf, clear_frames=12933
[INFO] [1782640973.621029465] [unitree_safe_cmd_node]: Move x=0.500, z=-0.031, stop_count=0, roi_count=0, nearest_x=inf, clear_frames=12938
[INFO] [1782640974.166561771] [unitree_safe_cmd_node]: Move x=0.500, z=-0.007, stop_count=0, roi_count=0, nearest_x=inf, clear_frames=12943
[INFO] [1782640974.666490279] [unitree_safe_cmd_node]: Move x=0.500, z=-0.009, stop_count=0, roi_count=0, nearest_x=inf, clear_frames=12948
[INFO] [1782640975.166669629] [unitree_safe_cmd_node]: Move x=0.500, z=-0.048, stop_count=0, roi_count=0, nearest_x=inf, clear_frames=12952
[INFO] [1782640975.716862210] [unitree_safe_cmd_node]: Move x=0.500, z=-0.009, stop_count=0, roi_count=0, nearest_x=inf, clear_frames=12957
[INFO] [1782640976.216917974] [unitree_safe_cmd_node]: Move x=0.500, z=-0.000, stop_count=0, roi_count=0, nearest_x=inf, clear_frames=12961
[INFO] [1782640976.717365283] [unitree_safe_cmd_node]: Move x=0.500, z=-0.043, stop_count=0, roi_count=0, nearest_x=inf, clear_frames=12966
[INFO] [1782640977.218974624] [unitree_safe_cmd_node]: Move x=0.500, z=-0.052, stop_count=0, roi_count=0, nearest_x=inf, clear_frames=12971
[INFO] [1782640977.766707486] [unitree_safe_cmd_node]: Move x=0.500, z=-0.029, stop_count=0, roi_count=0, nearest_x=inf, clear_frames=12977
[INFO] [1782640978.317644651] [unitree_safe_cmd_node]: Move x=0.500, z=0.006, stop_count=0, roi_count=0, nearest_x=inf, clear_frames=12982
[INFO] [1782640978.821424368] [unitree_safe_cmd_node]: Move x=0.500, z=-0.027, stop_count=0, roi_count=0, nearest_x=inf, clear_frames=12988
[INFO] [1782640979.366505367] [unitree_safe_cmd_node]: Move x=0.500, z=-0.038, stop_count=0, roi_count=0, nearest_x=inf, clear_frames=12993
[INFO] [1782640979.866764078] [unitree_safe_cmd_node]: Move x=0.500, z=-0.038, stop_count=0, roi_count=0, nearest_x=inf, clear_frames=12998
[INFO] [1782640980.421276031] [unitree_safe_cmd_node]: Move x=0.500, z=-0.043, stop_count=0, roi_count=0, nearest_x=inf, clear_frames=13003
[INFO] [1782640980.966476830] [unitree_safe_cmd_node]: Move x=0.500, z=-0.043, stop_count=0, roi_count=0, nearest_x=inf, clear_frames=13008
[INFO] [1782640981.467072578] [unitree_safe_cmd_node]: Move x=0.500, z=-0.017, stop_count=0, roi_count=0, nearest_x=inf, clear_frames=13013
[INFO] [1782640981.968296366] [unitree_safe_cmd_node]: Move x=0.500, z=-0.056, stop_count=0, roi_count=0, nearest_x=inf, clear_frames=13018
[INFO] [1782640982.481955258] [unitree_safe_cmd_node]: Move x=0.500, z=-0.063, stop_count=0, roi_count=0, nearest_x=inf, clear_frames=13022
[INFO] [1782640983.017330410] [unitree_safe_cmd_node]: Move x=0.500, z=0.004, stop_count=0, roi_count=0, nearest_x=inf, clear_frames=13027
[INFO] [1782640983.517612273] [unitree_safe_cmd_node]: Move x=0.500, z=-0.029, stop_count=0, roi_count=0, nearest_x=inf, clear_frames=13031
[INFO] [1782640984.067043821] [unitree_safe_cmd_node]: Move x=0.500, z=0.005, stop_count=0, roi_count=0, nearest_x=inf, clear_frames=13036
[INFO] [1782640984.619583954] [unitree_safe_cmd_node]: Move x=0.500, z=0.018, stop_count=0, roi_count=0, nearest_x=inf, clear_frames=13042
[INFO] [1782640985.166609741] [unitree_safe_cmd_node]: Move x=0.500, z=0.052, stop_count=0, roi_count=0, nearest_x=inf, clear_frames=13046
[INFO] [1782640985.717011873] [unitree_safe_cmd_node]: Move x=0.500, z=0.032, stop_count=0, roi_count=0, nearest_x=inf, clear_frames=13051
[INFO] [1782640986.217055881] [unitree_safe_cmd_node]: Move x=0.500, z=-0.038, stop_count=0, roi_count=0, nearest_x=inf, clear_frames=13055
[INFO] [1782640986.720361175] [unitree_safe_cmd_node]: Move x=0.500, z=-0.006, stop_count=0, roi_count=0, nearest_x=inf, clear_frames=13061
[INFO] [1782640987.266594502] [unitree_safe_cmd_node]: Move x=0.500, z=-0.019, stop_count=0, roi_count=0, nearest_x=inf, clear_frames=13066
[INFO] [1782640987.766618097] [unitree_safe_cmd_node]: Move x=0.500, z=-0.018, stop_count=0, roi_count=0, nearest_x=inf, clear_frames=13071
[INFO] [1782640988.317128317] [unitree_safe_cmd_node]: Move x=0.500, z=-0.001, stop_count=0, roi_count=0, nearest_x=inf, clear_frames=13076
[INFO] [1782640988.819689145] [unitree_safe_cmd_node]: Move x=0.500, z=-0.002, stop_count=0, roi_count=0, nearest_x=inf, clear_frames=13082
[INFO] [1782640989.320708681] [unitree_safe_cmd_node]: Move x=0.500, z=-0.002, stop_count=0, roi_count=0, nearest_x=inf, clear_frames=13087
[INFO] [1782640989.866776425] [unitree_safe_cmd_node]: Move x=0.500, z=-0.047, stop_count=0, roi_count=0, nearest_x=inf, clear_frames=13092
[INFO] [1782640990.421301604] [unitree_safe_cmd_node]: Move x=0.500, z=-0.027, stop_count=0, roi_count=0, nearest_x=inf, clear_frames=13097
[INFO] [1782640990.922344770] [unitree_safe_cmd_node]: Move x=0.500, z=-0.035, stop_count=0, roi_count=0, nearest_x=inf, clear_frames=13102
[INFO] [1782640991.466487032] [unitree_safe_cmd_node]: Move x=0.500, z=-0.028, stop_count=0, roi_count=0, nearest_x=inf, clear_frames=13107
[INFO] [1782640991.966483614] [unitree_safe_cmd_node]: Move x=0.500, z=0.008, stop_count=0, roi_count=0, nearest_x=inf, clear_frames=13112
[INFO] [1782640992.466609171] [unitree_safe_cmd_node]: Move x=0.500, z=-0.018, stop_count=0, roi_count=0, nearest_x=inf, clear_frames=13116
[INFO] [1782640993.029225134] [unitree_safe_cmd_node]: Move x=0.500, z=-0.034, stop_count=0, roi_count=0, nearest_x=inf, clear_frames=13122
[INFO] [1782640993.566556690] [unitree_safe_cmd_node]: Move x=0.500, z=-0.021, stop_count=0, roi_count=0, nearest_x=inf, clear_frames=13127
[INFO] [1782640994.067340160] [unitree_safe_cmd_node]: Move x=0.500, z=-0.027, stop_count=0, roi_count=0, nearest_x=inf, clear_frames=13131
[INFO] [1782640994.617107092] [unitree_safe_cmd_node]: Move x=0.500, z=-0.008, stop_count=0, roi_count=0, nearest_x=inf, clear_frames=13137
[INFO] [1782640995.166605460] [unitree_safe_cmd_node]: Move x=0.500, z=-0.032, stop_count=0, roi_count=0, nearest_x=inf, clear_frames=13143
[INFO] [1782640995.731724865] [unitree_safe_cmd_node]: Move x=0.500, z=-0.033, stop_count=0, roi_count=0, nearest_x=inf, clear_frames=13148
[INFO] [1782640996.266579759] [unitree_safe_cmd_node]: Move x=0.500, z=-0.003, stop_count=0, roi_count=0, nearest_x=inf, clear_frames=13153
[INFO] [1782640996.821623017] [unitree_safe_cmd_node]: Move x=0.500, z=-0.026, stop_count=0, roi_count=0, nearest_x=inf, clear_frames=13159
[INFO] [1782640997.366465632] [unitree_safe_cmd_node]: Move x=0.500, z=-0.045, stop_count=0, roi_count=0, nearest_x=inf, clear_frames=13164
[INFO] [1782640997.866566322] [unitree_safe_cmd_node]: Move x=0.500, z=-0.019, stop_count=0, roi_count=0, nearest_x=inf, clear_frames=13169
[INFO] [1782640998.418410322] [unitree_safe_cmd_node]: Move x=0.500, z=-0.046, stop_count=0, roi_count=0, nearest_x=inf, clear_frames=13174
[INFO] [1782640998.919968042] [unitree_safe_cmd_node]: Move x=0.500, z=-0.054, stop_count=0, roi_count=0, nearest_x=inf, clear_frames=13179
[INFO] [1782640999.466607929] [unitree_safe_cmd_node]: Move x=0.500, z=-0.029, stop_count=0, roi_count=0, nearest_x=inf, clear_frames=13184
[INFO] [1782641000.023018181] [unitree_safe_cmd_node]: Move x=0.500, z=0.022, stop_count=0, roi_count=0, nearest_x=inf, clear_frames=13190
[INFO] [1782641000.566642543] [unitree_safe_cmd_node]: Move x=0.500, z=-0.005, stop_count=0, roi_count=0, nearest_x=inf, clear_frames=13195
[INFO] [1782641001.067769586] [unitree_safe_cmd_node]: Move x=0.500, z=-0.017, stop_count=0, roi_count=0, nearest_x=inf, clear_frames=13200
[INFO] [1782641001.617047324] [unitree_safe_cmd_node]: Move x=0.500, z=0.010, stop_count=0, roi_count=0, nearest_x=inf, clear_frames=13205
[INFO] [1782641002.117197995] [unitree_safe_cmd_node]: Move x=0.500, z=0.005, stop_count=0, roi_count=0, nearest_x=inf, clear_frames=13210
[INFO] [1782641002.620080016] [unitree_safe_cmd_node]: Move x=0.500, z=-0.044, stop_count=0, roi_count=0, nearest_x=inf, clear_frames=13216
[INFO] [1782641003.121059914] [unitree_safe_cmd_node]: Move x=0.500, z=-0.004, stop_count=0, roi_count=0, nearest_x=inf, clear_frames=13221
[INFO] [1782641003.666518411] [unitree_safe_cmd_node]: Move x=0.500, z=-0.038, stop_count=0, roi_count=0, nearest_x=inf, clear_frames=13226
[INFO] [1782641004.217045539] [unitree_safe_cmd_node]: Move x=0.500, z=-0.024, stop_count=0, roi_count=0, nearest_x=inf, clear_frames=13231
[INFO] [1782641004.718653037] [unitree_safe_cmd_node]: Move x=0.500, z=-0.001, stop_count=0, roi_count=0, nearest_x=inf, clear_frames=13237
[INFO] [1782641005.266666363] [unitree_safe_cmd_node]: Move x=0.500, z=-0.025, stop_count=0, roi_count=0, nearest_x=inf, clear_frames=13242
[INFO] [1782641005.816974376] [unitree_safe_cmd_node]: Move x=0.500, z=-0.032, stop_count=0, roi_count=0, nearest_x=inf, clear_frames=13247
[INFO] [1782641006.319068424] [unitree_safe_cmd_node]: Move x=0.500, z=-0.014, stop_count=0, roi_count=0, nearest_x=inf, clear_frames=13253
[INFO] [1782641006.866609313] [unitree_safe_cmd_node]: Move x=0.500, z=0.004, stop_count=0, roi_count=0, nearest_x=inf, clear_frames=13258
[INFO] [1782641007.366808541] [unitree_safe_cmd_node]: Move x=0.500, z=-0.030, stop_count=0, roi_count=0, nearest_x=inf, clear_frames=13262
[INFO] [1782641007.866628682] [unitree_safe_cmd_node]: Move x=0.500, z=-0.051, stop_count=0, roi_count=0, nearest_x=inf, clear_frames=13267
[INFO] [1782641008.419676959] [unitree_safe_cmd_node]: Move x=0.500, z=0.011, stop_count=0, roi_count=0, nearest_x=inf, clear_frames=13272
[INFO] [1782641008.966522399] [unitree_safe_cmd_node]: Move x=0.500, z=-0.014, stop_count=0, roi_count=0, nearest_x=inf, clear_frames=13277
[INFO] [1782641009.520248236] [unitree_safe_cmd_node]: Move x=0.500, z=-0.067, stop_count=0, roi_count=0, nearest_x=inf, clear_frames=13283
[INFO] [1782641010.023072670] [unitree_safe_cmd_node]: Move x=0.500, z=-0.045, stop_count=0, roi_count=0, nearest_x=inf, clear_frames=13288
[INFO] [1782641010.566481056] [unitree_safe_cmd_node]: Move x=0.500, z=-0.037, stop_count=0, roi_count=0, nearest_x=inf, clear_frames=13293
[INFO] [1782641011.067591191] [unitree_safe_cmd_node]: Move x=0.500, z=-0.011, stop_count=0, roi_count=0, nearest_x=inf, clear_frames=13298
[INFO] [1782641011.616992268] [unitree_safe_cmd_node]: Move x=0.500, z=-0.022, stop_count=0, roi_count=0, nearest_x=inf, clear_frames=13303
[INFO] [1782641012.118069393] [unitree_safe_cmd_node]: Move x=0.500, z=-0.026, stop_count=0, roi_count=0, nearest_x=inf, clear_frames=13308
[INFO] [1782641012.666573106] [unitree_safe_cmd_node]: Move x=0.500, z=-0.039, stop_count=0, roi_count=0, nearest_x=inf, clear_frames=13313
[INFO] [1782641013.230056279] [unitree_safe_cmd_node]: Move x=0.500, z=-0.042, stop_count=0, roi_count=0, nearest_x=inf, clear_frames=13318
[INFO] [1782641013.766618084] [unitree_safe_cmd_node]: Move x=0.500, z=-0.019, stop_count=0, roi_count=0, nearest_x=inf, clear_frames=13324
[INFO] [1782641014.321137663] [unitree_safe_cmd_node]: Move x=0.500, z=-0.025, stop_count=0, roi_count=0, nearest_x=inf, clear_frames=13329
[INFO] [1782641014.866586408] [unitree_safe_cmd_node]: Move x=0.500, z=-0.026, stop_count=0, roi_count=0, nearest_x=inf, clear_frames=13334
[INFO] [1782641015.366650974] [unitree_safe_cmd_node]: Move x=0.500, z=-0.080, stop_count=0, roi_count=0, nearest_x=inf, clear_frames=13338
[INFO] [1782641015.866853328] [unitree_safe_cmd_node]: Move x=0.500, z=-0.040, stop_count=0, roi_count=0, nearest_x=inf, clear_frames=13343
[INFO] [1782641016.417337876] [unitree_safe_cmd_node]: Move x=0.500, z=-0.154, stop_count=0, roi_count=0, nearest_x=inf, clear_frames=13347
[INFO] [1782641016.919715473] [unitree_safe_cmd_node]: Move x=0.500, z=-0.134, stop_count=0, roi_count=0, nearest_x=inf, clear_frames=13353
[INFO] [1782641017.420871610] [unitree_safe_cmd_node]: Move x=0.500, z=-0.170, stop_count=0, roi_count=0, nearest_x=inf, clear_frames=13358
[INFO] [1782641017.921685349] [unitree_safe_cmd_node]: Move x=0.500, z=-0.169, stop_count=0, roi_count=0, nearest_x=inf, clear_frames=13363
[INFO] [1782641018.466521921] [unitree_safe_cmd_node]: Move x=0.500, z=-0.161, stop_count=0, roi_count=0, nearest_x=inf, clear_frames=13368
[INFO] [1782641019.017354070] [unitree_safe_cmd_node]: Move x=0.500, z=-0.154, stop_count=0, roi_count=0, nearest_x=inf, clear_frames=13373
[INFO] [1782641019.519006179] [unitree_safe_cmd_node]: Move x=0.500, z=-0.171, stop_count=0, roi_count=0, nearest_x=inf, clear_frames=13378
[INFO] [1782641020.067056174] [unitree_safe_cmd_node]: Move x=0.500, z=-0.154, stop_count=0, roi_count=0, nearest_x=inf, clear_frames=13382
[INFO] [1782641020.566984427] [unitree_safe_cmd_node]: Move x=0.500, z=-0.119, stop_count=0, roi_count=0, nearest_x=inf, clear_frames=13388
[INFO] [1782641021.067989570] [unitree_safe_cmd_node]: Move x=0.500, z=-0.041, stop_count=0, roi_count=0, nearest_x=inf, clear_frames=13393
[INFO] [1782641021.617184025] [unitree_safe_cmd_node]: Move x=0.500, z=-0.062, stop_count=0, roi_count=0, nearest_x=inf, clear_frames=13398
[INFO] [1782641022.166612721] [unitree_safe_cmd_node]: Move x=0.500, z=-0.055, stop_count=0, roi_count=0, nearest_x=inf, clear_frames=13403
[INFO] [1782641022.717026846] [unitree_safe_cmd_node]: Move x=0.500, z=-0.029, stop_count=0, roi_count=0, nearest_x=inf, clear_frames=13408
[INFO] [1782641023.266717818] [unitree_safe_cmd_node]: Move x=0.500, z=-0.023, stop_count=0, roi_count=0, nearest_x=inf, clear_frames=13413
[INFO] [1782641023.817433738] [unitree_safe_cmd_node]: Move x=0.500, z=-0.026, stop_count=0, roi_count=0, nearest_x=inf, clear_frames=13418
[INFO] [1782641024.366671960] [unitree_safe_cmd_node]: Move x=0.500, z=-0.053, stop_count=0, roi_count=0, nearest_x=inf, clear_frames=13424
[INFO] [1782641024.917199919] [unitree_safe_cmd_node]: Move x=0.500, z=-0.079, stop_count=0, roi_count=0, nearest_x=inf, clear_frames=13429
[INFO] [1782641025.417179322] [unitree_safe_cmd_node]: Move x=0.500, z=-0.082, stop_count=0, roi_count=0, nearest_x=inf, clear_frames=13434
[INFO] [1782641025.966799750] [unitree_safe_cmd_node]: Move x=0.500, z=-0.114, stop_count=0, roi_count=0, nearest_x=inf, clear_frames=13440
[INFO] [1782641026.517187403] [unitree_safe_cmd_node]: Move x=0.500, z=-0.120, stop_count=0, roi_count=0, nearest_x=inf, clear_frames=13445
[INFO] [1782641027.067544753] [unitree_safe_cmd_node]: Move x=0.500, z=-0.196, stop_count=0, roi_count=0, nearest_x=inf, clear_frames=13451
[INFO] [1782641027.570866208] [unitree_safe_cmd_node]: Move x=0.500, z=-0.149, stop_count=0, roi_count=0, nearest_x=inf, clear_frames=13456
[INFO] [1782641028.117059330] [unitree_safe_cmd_node]: Move x=0.500, z=-0.232, stop_count=0, roi_count=0, nearest_x=inf, clear_frames=13461
[INFO] [1782641028.617059077] [unitree_safe_cmd_node]: Move x=0.500, z=-0.219, stop_count=0, roi_count=0, nearest_x=inf, clear_frames=13465
[INFO] [1782641029.166678622] [unitree_safe_cmd_node]: Move x=0.500, z=-0.202, stop_count=0, roi_count=0, nearest_x=inf, clear_frames=13470
[INFO] [1782641029.717047208] [unitree_safe_cmd_node]: Move x=0.500, z=-0.179, stop_count=0, roi_count=0, nearest_x=inf, clear_frames=13475
[INFO] [1782641030.217069105] [unitree_safe_cmd_node]: Move x=0.500, z=-0.158, stop_count=0, roi_count=0, nearest_x=inf, clear_frames=13480
[INFO] [1782641030.766553462] [unitree_safe_cmd_node]: Move x=0.500, z=-0.122, stop_count=0, roi_count=0, nearest_x=inf, clear_frames=13486
[INFO] [1782641031.266648996] [unitree_safe_cmd_node]: Move x=0.500, z=-0.114, stop_count=0, roi_count=0, nearest_x=inf, clear_frames=13491
[INFO] [1782641031.817061815] [unitree_safe_cmd_node]: Move x=0.500, z=-0.057, stop_count=0, roi_count=0, nearest_x=inf, clear_frames=13496
[INFO] [1782641032.366534408] [unitree_safe_cmd_node]: Move x=0.500, z=-0.038, stop_count=0, roi_count=0, nearest_x=inf, clear_frames=13501
[INFO] [1782641032.866609648] [unitree_safe_cmd_node]: Move x=0.500, z=-0.031, stop_count=0, roi_count=0, nearest_x=inf, clear_frames=13506
[INFO] [1782641033.417184279] [unitree_safe_cmd_node]: Move x=0.500, z=-0.041, stop_count=0, roi_count=0, nearest_x=inf, clear_frames=13510
[INFO] [1782641033.917054662] [unitree_safe_cmd_node]: Move x=0.500, z=-0.026, stop_count=0, roi_count=0, nearest_x=inf, clear_frames=13515
[INFO] [1782641034.466738097] [unitree_safe_cmd_node]: Move x=0.500, z=-0.018, stop_count=0, roi_count=0, nearest_x=inf, clear_frames=13520
[INFO] [1782641034.966629791] [unitree_safe_cmd_node]: Move x=0.500, z=-0.058, stop_count=0, roi_count=0, nearest_x=inf, clear_frames=13525
[INFO] [1782641035.466967141] [unitree_safe_cmd_node]: Move x=0.500, z=-0.015, stop_count=0, roi_count=0, nearest_x=inf, clear_frames=13529
[INFO] [1782641036.018052422] [unitree_safe_cmd_node]: Move x=0.500, z=0.030, stop_count=0, roi_count=0, nearest_x=inf, clear_frames=13535
[INFO] [1782641036.517988982] [unitree_safe_cmd_node]: Move x=0.500, z=-0.019, stop_count=0, roi_count=0, nearest_x=inf, clear_frames=13540
[INFO] [1782641037.066999586] [unitree_safe_cmd_node]: Move x=0.500, z=0.016, stop_count=0, roi_count=0, nearest_x=inf, clear_frames=13544
[INFO] [1782641037.617095254] [unitree_safe_cmd_node]: Move x=0.500, z=-0.007, stop_count=0, roi_count=0, nearest_x=inf, clear_frames=13550
[INFO] [1782641038.166681354] [unitree_safe_cmd_node]: Move x=0.500, z=-0.028, stop_count=0, roi_count=0, nearest_x=inf, clear_frames=13555
[INFO] [1782641038.717056589] [unitree_safe_cmd_node]: Move x=0.500, z=-0.010, stop_count=0, roi_count=0, nearest_x=inf, clear_frames=13560
[INFO] [1782641039.266587418] [unitree_safe_cmd_node]: Move x=0.500, z=-0.050, stop_count=0, roi_count=0, nearest_x=inf, clear_frames=13566
[INFO] [1782641039.766626508] [unitree_safe_cmd_node]: Move x=0.500, z=0.003, stop_count=0, roi_count=0, nearest_x=inf, clear_frames=13571
[INFO] [1782641040.266819331] [unitree_safe_cmd_node]: Move x=0.500, z=-0.030, stop_count=0, roi_count=0, nearest_x=inf, clear_frames=13575
[INFO] [1782641040.819480533] [unitree_safe_cmd_node]: Move x=0.500, z=0.019, stop_count=0, roi_count=0, nearest_x=inf, clear_frames=13581
[INFO] [1782641041.320744220] [unitree_safe_cmd_node]: Move x=0.500, z=0.001, stop_count=0, roi_count=0, nearest_x=inf, clear_frames=13585
[INFO] [1782641041.866716033] [unitree_safe_cmd_node]: Move x=0.500, z=0.031, stop_count=0, roi_count=0, nearest_x=inf, clear_frames=13590
[INFO] [1782641042.419492206] [unitree_safe_cmd_node]: Move x=0.500, z=-0.008, stop_count=0, roi_count=0, nearest_x=inf, clear_frames=13595
[INFO] [1782641042.921870100] [unitree_safe_cmd_node]: Move x=0.500, z=-0.006, stop_count=0, roi_count=0, nearest_x=inf, clear_frames=13600
[INFO] [1782641043.466484630] [unitree_safe_cmd_node]: Move x=0.500, z=-0.003, stop_count=0, roi_count=0, nearest_x=inf, clear_frames=13604
[INFO] [1782641043.966986897] [unitree_safe_cmd_node]: Move x=0.500, z=-0.021, stop_count=0, roi_count=0, nearest_x=inf, clear_frames=13609
[INFO] [1782641044.516973994] [unitree_safe_cmd_node]: Move x=0.500, z=0.002, stop_count=0, roi_count=0, nearest_x=inf, clear_frames=13613
[INFO] [1782641045.017044292] [unitree_safe_cmd_node]: Move x=0.500, z=-0.020, stop_count=0, roi_count=0, nearest_x=inf, clear_frames=13618
[INFO] [1782641045.520622201] [unitree_safe_cmd_node]: Move x=0.500, z=-0.085, stop_count=0, roi_count=0, nearest_x=inf, clear_frames=13624
[INFO] [1782641046.023929702] [unitree_safe_cmd_node]: Move x=0.500, z=-0.019, stop_count=0, roi_count=0, nearest_x=inf, clear_frames=13629
[INFO] [1782641046.566581949] [unitree_safe_cmd_node]: Move x=0.500, z=-0.047, stop_count=0, roi_count=0, nearest_x=inf, clear_frames=13634
[INFO] [1782641047.068073326] [unitree_safe_cmd_node]: Move x=0.500, z=-0.025, stop_count=0, roi_count=0, nearest_x=inf, clear_frames=13639
[INFO] [1782641047.617143081] [unitree_safe_cmd_node]: Move x=0.500, z=-0.027, stop_count=0, roi_count=0, nearest_x=inf, clear_frames=13644
[INFO] [1782641048.120357659] [unitree_safe_cmd_node]: Move x=0.500, z=-0.045, stop_count=0, roi_count=0, nearest_x=inf, clear_frames=13649
[INFO] [1782641048.666614050] [unitree_safe_cmd_node]: Move x=0.500, z=-0.050, stop_count=0, roi_count=0, nearest_x=inf, clear_frames=13655
[INFO] [1782641049.167978148] [unitree_safe_cmd_node]: Move x=0.500, z=-0.068, stop_count=0, roi_count=0, nearest_x=inf, clear_frames=13660
[INFO] [1782641049.716917236] [unitree_safe_cmd_node]: Move x=0.500, z=-0.033, stop_count=0, roi_count=0, nearest_x=inf, clear_frames=13665
[INFO] [1782641050.221401745] [unitree_safe_cmd_node]: Move x=0.500, z=-0.059, stop_count=0, roi_count=0, nearest_x=inf, clear_frames=13669
[INFO] [1782641050.766592991] [unitree_safe_cmd_node]: Move x=0.500, z=-0.015, stop_count=0, roi_count=0, nearest_x=inf, clear_frames=13675
[INFO] [1782641051.271683180] [unitree_safe_cmd_node]: Move x=0.500, z=-0.047, stop_count=0, roi_count=0, nearest_x=inf, clear_frames=13679
[INFO] [1782641051.817194792] [unitree_safe_cmd_node]: Move x=0.500, z=0.026, stop_count=0, roi_count=0, nearest_x=inf, clear_frames=13684
[INFO] [1782641052.318429655] [unitree_safe_cmd_node]: Move x=0.500, z=-0.018, stop_count=0, roi_count=0, nearest_x=inf, clear_frames=13689
[INFO] [1782641052.866711969] [unitree_safe_cmd_node]: Move x=0.500, z=-0.033, stop_count=0, roi_count=0, nearest_x=inf, clear_frames=13695
[INFO] [1782641053.417071006] [unitree_safe_cmd_node]: Move x=0.500, z=-0.064, stop_count=0, roi_count=0, nearest_x=inf, clear_frames=13700
[INFO] [1782641053.966585645] [unitree_safe_cmd_node]: Move x=0.500, z=0.003, stop_count=0, roi_count=0, nearest_x=inf, clear_frames=13706
[INFO] [1782641054.466610038] [unitree_safe_cmd_node]: Move x=0.500, z=-0.044, stop_count=0, roi_count=0, nearest_x=inf, clear_frames=13711
[INFO] [1782641054.966671635] [unitree_safe_cmd_node]: Move x=0.500, z=0.010, stop_count=0, roi_count=0, nearest_x=inf, clear_frames=13716
[INFO] [1782641055.517017412] [unitree_safe_cmd_node]: Move x=0.500, z=0.008, stop_count=0, roi_count=0, nearest_x=inf, clear_frames=13721
[INFO] [1782641056.017273018] [unitree_safe_cmd_node]: Move x=0.500, z=-0.045, stop_count=0, roi_count=0, nearest_x=inf, clear_frames=13726
[INFO] [1782641056.566594034] [unitree_safe_cmd_node]: Move x=0.500, z=-0.014, stop_count=0, roi_count=0, nearest_x=inf, clear_frames=13731
[INFO] [1782641057.069149746] [unitree_safe_cmd_node]: Move x=0.500, z=-0.061, stop_count=0, roi_count=0, nearest_x=inf, clear_frames=13736
[INFO] [1782641057.617031130] [unitree_safe_cmd_node]: Move x=0.500, z=0.051, stop_count=0, roi_count=0, nearest_x=inf, clear_frames=13741
[INFO] [1782641058.117207261] [unitree_safe_cmd_node]: Move x=0.500, z=0.031, stop_count=0, roi_count=0, nearest_x=inf, clear_frames=13746
[INFO] [1782641058.666733606] [unitree_safe_cmd_node]: Move x=0.500, z=-0.005, stop_count=0, roi_count=0, nearest_x=inf, clear_frames=13752
[INFO] [1782641059.217038926] [unitree_safe_cmd_node]: Move x=0.500, z=-0.025, stop_count=0, roi_count=0, nearest_x=inf, clear_frames=13756
[INFO] [1782641059.722241342] [unitree_safe_cmd_node]: Move x=0.500, z=-0.071, stop_count=0, roi_count=0, nearest_x=inf, clear_frames=13762
[INFO] [1782641060.266601110] [unitree_safe_cmd_node]: Move x=0.500, z=-0.050, stop_count=0, roi_count=0, nearest_x=inf, clear_frames=13767
[INFO] [1782641060.817047751] [unitree_safe_cmd_node]: Move x=0.500, z=-0.034, stop_count=0, roi_count=0, nearest_x=inf, clear_frames=13772
[INFO] [1782641061.321596740] [unitree_safe_cmd_node]: Move x=0.500, z=-0.054, stop_count=0, roi_count=0, nearest_x=inf, clear_frames=13778
[INFO] [1782641061.866635415] [unitree_safe_cmd_node]: Move x=0.500, z=-0.017, stop_count=0, roi_count=0, nearest_x=inf, clear_frames=13783
[INFO] [1782641062.417631180] [unitree_safe_cmd_node]: Move x=0.500, z=-0.076, stop_count=0, roi_count=0, nearest_x=inf, clear_frames=13788
[INFO] [1782641062.918296440] [unitree_safe_cmd_node]: Move x=0.500, z=0.037, stop_count=0, roi_count=0, nearest_x=inf, clear_frames=13794
[INFO] [1782641063.420473299] [unitree_safe_cmd_node]: Move x=0.500, z=-0.012, stop_count=0, roi_count=0, nearest_x=inf, clear_frames=13799
[INFO] [1782641063.966526033] [unitree_safe_cmd_node]: Move x=0.500, z=-0.023, stop_count=0, roi_count=0, nearest_x=inf, clear_frames=13804
[INFO] [1782641064.519210518] [unitree_safe_cmd_node]: Move x=0.500, z=-0.016, stop_count=0, roi_count=0, nearest_x=inf, clear_frames=13810
[INFO] [1782641065.022129946] [unitree_safe_cmd_node]: Move x=0.500, z=-0.010, stop_count=0, roi_count=0, nearest_x=inf, clear_frames=13815
[INFO] [1782641065.566596470] [unitree_safe_cmd_node]: Move x=0.500, z=-0.038, stop_count=0, roi_count=0, nearest_x=inf, clear_frames=13820
[INFO] [1782641066.067915649] [unitree_safe_cmd_node]: Move x=0.500, z=-0.042, stop_count=0, roi_count=0, nearest_x=inf, clear_frames=13825
[INFO] [1782641066.617033194] [unitree_safe_cmd_node]: Move x=0.500, z=0.007, stop_count=0, roi_count=0, nearest_x=inf, clear_frames=13830
[INFO] [1782641067.121501677] [unitree_safe_cmd_node]: Move x=0.500, z=-0.014, stop_count=0, roi_count=0, nearest_x=inf, clear_frames=13836
[INFO] [1782641067.666629834] [unitree_safe_cmd_node]: Move x=0.500, z=0.002, stop_count=0, roi_count=0, nearest_x=inf, clear_frames=13841
[INFO] [1782641068.166614722] [unitree_safe_cmd_node]: Move x=0.500, z=-0.007, stop_count=0, roi_count=0, nearest_x=inf, clear_frames=13846
[INFO] [1782641068.720089846] [unitree_safe_cmd_node]: Move x=0.500, z=-0.038, stop_count=0, roi_count=0, nearest_x=inf, clear_frames=13851
[INFO] [1782641069.266683088] [unitree_safe_cmd_node]: Move x=0.500, z=-0.031, stop_count=0, roi_count=0, nearest_x=inf, clear_frames=13857
[INFO] [1782641069.823508410] [unitree_safe_cmd_node]: Move x=0.500, z=-0.052, stop_count=0, roi_count=0, nearest_x=inf, clear_frames=13862
[INFO] [1782641070.366638428] [unitree_safe_cmd_node]: Move x=0.500, z=0.001, stop_count=0, roi_count=0, nearest_x=inf, clear_frames=13868
[INFO] [1782641070.867059006] [unitree_safe_cmd_node]: Move x=0.500, z=0.015, stop_count=0, roi_count=0, nearest_x=inf, clear_frames=13873
[INFO] [1782641071.416681940] [unitree_safe_cmd_node]: Move x=0.500, z=-0.026, stop_count=0, roi_count=0, nearest_x=inf, clear_frames=13878
[INFO] [1782641071.917214064] [unitree_safe_cmd_node]: Move x=0.500, z=-0.017, stop_count=0, roi_count=0, nearest_x=inf, clear_frames=13882
[INFO] [1782641072.466551265] [unitree_safe_cmd_node]: Move x=0.500, z=-0.065, stop_count=0, roi_count=0, nearest_x=inf, clear_frames=13888
[INFO] [1782641072.966732013] [unitree_safe_cmd_node]: Move x=0.500, z=-0.014, stop_count=0, roi_count=0, nearest_x=inf, clear_frames=13893
[INFO] [1782641073.519041808] [unitree_safe_cmd_node]: Move x=0.500, z=-0.056, stop_count=0, roi_count=0, nearest_x=inf, clear_frames=13898
[INFO] [1782641074.066998721] [unitree_safe_cmd_node]: Move x=0.500, z=0.009, stop_count=0, roi_count=0, nearest_x=inf, clear_frames=13902
[INFO] [1782641074.617088151] [unitree_safe_cmd_node]: Move x=0.500, z=0.063, stop_count=0, roi_count=0, nearest_x=inf, clear_frames=13909
[INFO] [1782641075.166503305] [unitree_safe_cmd_node]: Move x=0.500, z=-0.012, stop_count=0, roi_count=0, nearest_x=inf, clear_frames=13913
[INFO] [1782641075.666463479] [unitree_safe_cmd_node]: Move x=0.500, z=0.014, stop_count=0, roi_count=0, nearest_x=inf, clear_frames=13918
[INFO] [1782641076.166783407] [unitree_safe_cmd_node]: Move x=0.500, z=-0.023, stop_count=0, roi_count=0, nearest_x=inf, clear_frames=13923
[INFO] [1782641076.666854519] [unitree_safe_cmd_node]: Move x=0.500, z=-0.026, stop_count=0, roi_count=0, nearest_x=inf, clear_frames=13928
[INFO] [1782641077.166552377] [unitree_safe_cmd_node]: Move x=0.500, z=-0.036, stop_count=0, roi_count=0, nearest_x=inf, clear_frames=13933
[INFO] [1782641077.666608165] [unitree_safe_cmd_node]: Move x=0.500, z=-0.022, stop_count=0, roi_count=0, nearest_x=inf, clear_frames=13938
[INFO] [1782641078.217073178] [unitree_safe_cmd_node]: Move x=0.500, z=-0.005, stop_count=0, roi_count=0, nearest_x=inf, clear_frames=13942
[INFO] [1782641078.719430580] [unitree_safe_cmd_node]: Move x=0.500, z=-0.032, stop_count=0, roi_count=0, nearest_x=inf, clear_frames=13948
[INFO] [1782641079.267803379] [unitree_safe_cmd_node]: Move x=0.500, z=0.019, stop_count=0, roi_count=0, nearest_x=inf, clear_frames=13952
[INFO] [1782641079.766578334] [unitree_safe_cmd_node]: Move x=0.500, z=-0.003, stop_count=0, roi_count=0, nearest_x=inf, clear_frames=13957
[INFO] [1782641080.322005754] [unitree_safe_cmd_node]: Move x=0.500, z=-0.006, stop_count=0, roi_count=0, nearest_x=inf, clear_frames=13963
[INFO] [1782641080.866498155] [unitree_safe_cmd_node]: Move x=0.500, z=-0.014, stop_count=0, roi_count=0, nearest_x=inf, clear_frames=13968
[INFO] [1782641081.367023768] [unitree_safe_cmd_node]: Move x=0.500, z=-0.006, stop_count=0, roi_count=0, nearest_x=inf, clear_frames=13973
[INFO] [1782641081.917175214] [unitree_safe_cmd_node]: Move x=0.500, z=-0.026, stop_count=0, roi_count=0, nearest_x=inf, clear_frames=13979
[INFO] [1782641082.418477436] [unitree_safe_cmd_node]: Move x=0.500, z=-0.000, stop_count=0, roi_count=0, nearest_x=inf, clear_frames=13982
[INFO] [1782641082.966614723] [unitree_safe_cmd_node]: Move x=0.500, z=0.022, stop_count=0, roi_count=0, nearest_x=inf, clear_frames=13988
[INFO] [1782641083.466518456] [unitree_safe_cmd_node]: Move x=0.500, z=-0.039, stop_count=0, roi_count=0, nearest_x=inf, clear_frames=13992
[INFO] [1782641084.017083781] [unitree_safe_cmd_node]: Move x=0.500, z=-0.044, stop_count=0, roi_count=0, nearest_x=inf, clear_frames=13997
[INFO] [1782641084.518560759] [unitree_safe_cmd_node]: Move x=0.500, z=-0.049, stop_count=0, roi_count=0, nearest_x=inf, clear_frames=14002
[INFO] [1782641085.067342633] [unitree_safe_cmd_node]: Move x=0.500, z=-0.041, stop_count=0, roi_count=0, nearest_x=inf, clear_frames=14007
[INFO] [1782641085.620138139] [unitree_safe_cmd_node]: Move x=0.500, z=-0.006, stop_count=0, roi_count=0, nearest_x=inf, clear_frames=14013
[INFO] [1782641086.166697697] [unitree_safe_cmd_node]: Move x=0.500, z=-0.034, stop_count=0, roi_count=0, nearest_x=inf, clear_frames=14018
[INFO] [1782641086.716536504] [unitree_safe_cmd_node]: Move x=0.500, z=-0.005, stop_count=0, roi_count=0, nearest_x=inf, clear_frames=14024
[INFO] [1782641087.217006257] [unitree_safe_cmd_node]: Move x=0.500, z=-0.036, stop_count=0, roi_count=0, nearest_x=inf, clear_frames=14027
[INFO] [1782641087.766533325] [unitree_safe_cmd_node]: Move x=0.500, z=-0.008, stop_count=0, roi_count=0, nearest_x=inf, clear_frames=14033
[INFO] [1782641088.316569730] [unitree_safe_cmd_node]: Move x=0.500, z=-0.036, stop_count=0, roi_count=0, nearest_x=inf, clear_frames=14039
[INFO] [1782641088.817316415] [unitree_safe_cmd_node]: Move x=0.500, z=0.027, stop_count=0, roi_count=0, nearest_x=inf, clear_frames=14044
[INFO] [1782641089.366593771] [unitree_safe_cmd_node]: Move x=0.500, z=-0.011, stop_count=0, roi_count=0, nearest_x=inf, clear_frames=14049
[INFO] [1782641089.916535581] [unitree_safe_cmd_node]: Move x=0.500, z=-0.060, stop_count=0, roi_count=0, nearest_x=inf, clear_frames=14055
[INFO] [1782641090.416952677] [unitree_safe_cmd_node]: Move x=0.500, z=-0.031, stop_count=0, roi_count=0, nearest_x=inf, clear_frames=14058
[INFO] [1782641090.920090484] [unitree_safe_cmd_node]: Move x=0.500, z=-0.062, stop_count=0, roi_count=0, nearest_x=inf, clear_frames=14064
[INFO] [1782641091.467803293] [unitree_safe_cmd_node]: Move x=0.500, z=-0.079, stop_count=0, roi_count=0, nearest_x=inf, clear_frames=14069
[INFO] [1782641092.023383452] [unitree_safe_cmd_node]: Move x=0.500, z=-0.019, stop_count=0, roi_count=0, nearest_x=inf, clear_frames=14075
[INFO] [1782641092.566786021] [unitree_safe_cmd_node]: Move x=0.500, z=-0.050, stop_count=0, roi_count=0, nearest_x=inf, clear_frames=14080
[INFO] [1782641093.067152540] [unitree_safe_cmd_node]: Move x=0.500, z=-0.015, stop_count=0, roi_count=0, nearest_x=inf, clear_frames=14085
[INFO] [1782641093.567257959] [unitree_safe_cmd_node]: Move x=0.500, z=-0.012, stop_count=0, roi_count=0, nearest_x=inf, clear_frames=14090
[INFO] [1782641094.116507545] [unitree_safe_cmd_node]: Move x=0.500, z=0.011, stop_count=0, roi_count=0, nearest_x=inf, clear_frames=14096
[INFO] [1782641094.616522658] [unitree_safe_cmd_node]: Move x=0.500, z=-0.034, stop_count=0, roi_count=0, nearest_x=inf, clear_frames=14101
[INFO] [1782641095.117284502] [unitree_safe_cmd_node]: Move x=0.500, z=0.005, stop_count=0, roi_count=0, nearest_x=inf, clear_frames=14105
[INFO] [1782641095.666870649] [unitree_safe_cmd_node]: Move x=0.500, z=-0.037, stop_count=0, roi_count=0, nearest_x=inf, clear_frames=14110
[INFO] [1782641096.218239093] [unitree_safe_cmd_node]: Move x=0.500, z=-0.083, stop_count=0, roi_count=0, nearest_x=inf, clear_frames=14114
[INFO] [1782641096.766528895] [unitree_safe_cmd_node]: Move x=0.500, z=-0.012, stop_count=0, roi_count=0, nearest_x=inf, clear_frames=14120
[INFO] [1782641097.316778376] [unitree_safe_cmd_node]: Move x=0.500, z=-0.024, stop_count=0, roi_count=0, nearest_x=inf, clear_frames=14126
[INFO] [1782641097.866607130] [unitree_safe_cmd_node]: Move x=0.500, z=-0.023, stop_count=0, roi_count=0, nearest_x=inf, clear_frames=14131
[INFO] [1782641098.366790858] [unitree_safe_cmd_node]: Move x=0.500, z=-0.029, stop_count=0, roi_count=0, nearest_x=inf, clear_frames=14136
[INFO] [1782641098.919560027] [unitree_safe_cmd_node]: Move x=0.500, z=-0.052, stop_count=0, roi_count=0, nearest_x=inf, clear_frames=14142
[INFO] [1782641099.466509721] [unitree_safe_cmd_node]: Move x=0.500, z=-0.019, stop_count=0, roi_count=0, nearest_x=inf, clear_frames=14146
[INFO] [1782641099.966542426] [unitree_safe_cmd_node]: Move x=0.500, z=-0.048, stop_count=0, roi_count=0, nearest_x=inf, clear_frames=14151
[INFO] [1782641100.466517613] [unitree_safe_cmd_node]: Move x=0.500, z=0.008, stop_count=0, roi_count=0, nearest_x=inf, clear_frames=14155
[INFO] [1782641100.966850252] [unitree_safe_cmd_node]: Move x=0.500, z=0.021, stop_count=0, roi_count=0, nearest_x=inf, clear_frames=14160
[INFO] [1782641101.516600054] [unitree_safe_cmd_node]: Move x=0.500, z=-0.031, stop_count=0, roi_count=0, nearest_x=inf, clear_frames=14166
[INFO] [1782641102.017525203] [unitree_safe_cmd_node]: Move x=0.500, z=-0.015, stop_count=0, roi_count=0, nearest_x=inf, clear_frames=14170
[INFO] [1782641102.518202080] [unitree_safe_cmd_node]: Move x=0.500, z=-0.024, stop_count=0, roi_count=0, nearest_x=inf, clear_frames=14175
[INFO] [1782641103.020625203] [unitree_safe_cmd_node]: Move x=0.500, z=0.001, stop_count=0, roi_count=0, nearest_x=inf, clear_frames=14180
[INFO] [1782641103.566488882] [unitree_safe_cmd_node]: Move x=0.500, z=-0.021, stop_count=0, roi_count=0, nearest_x=inf, clear_frames=14185
[INFO] [1782641104.067120238] [unitree_safe_cmd_node]: Move x=0.500, z=0.010, stop_count=0, roi_count=0, nearest_x=inf, clear_frames=14190
[INFO] [1782641104.616548449] [unitree_safe_cmd_node]: Move x=0.500, z=-0.024, stop_count=0, roi_count=0, nearest_x=inf, clear_frames=14196
[INFO] [1782641105.116736941] [unitree_safe_cmd_node]: Move x=0.500, z=0.031, stop_count=0, roi_count=0, nearest_x=inf, clear_frames=14201
[INFO] [1782641105.618143147] [unitree_safe_cmd_node]: Move x=0.500, z=0.032, stop_count=0, roi_count=0, nearest_x=inf, clear_frames=14206
[INFO] [1782641106.166507513] [unitree_safe_cmd_node]: Move x=0.500, z=-0.015, stop_count=0, roi_count=0, nearest_x=inf, clear_frames=14211
[INFO] [1782641106.666627483] [unitree_safe_cmd_node]: Move x=0.500, z=-0.005, stop_count=0, roi_count=0, nearest_x=inf, clear_frames=14216
[INFO] [1782641107.166530020] [unitree_safe_cmd_node]: Move x=0.500, z=-0.030, stop_count=0, roi_count=0, nearest_x=inf, clear_frames=14221
[INFO] [1782641107.716687783] [unitree_safe_cmd_node]: Move x=0.500, z=0.004, stop_count=0, roi_count=0, nearest_x=inf, clear_frames=14227
[INFO] [1782641108.216912807] [unitree_safe_cmd_node]: Move x=0.500, z=0.033, stop_count=0, roi_count=0, nearest_x=inf, clear_frames=14230
[INFO] [1782641108.766883943] [unitree_safe_cmd_node]: Move x=0.500, z=0.023, stop_count=0, roi_count=0, nearest_x=inf, clear_frames=14236
[INFO] [1782641109.316572867] [unitree_safe_cmd_node]: Move x=0.500, z=0.004, stop_count=0, roi_count=0, nearest_x=inf, clear_frames=14241
[INFO] [1782641109.816582825] [unitree_safe_cmd_node]: Move x=0.500, z=-0.000, stop_count=0, roi_count=0, nearest_x=inf, clear_frames=14246
[INFO] [1782641110.317137660] [unitree_safe_cmd_node]: Move x=0.500, z=-0.035, stop_count=0, roi_count=0, nearest_x=inf, clear_frames=14250
[INFO] [1782641110.866521499] [unitree_safe_cmd_node]: Move x=0.500, z=-0.073, stop_count=0, roi_count=0, nearest_x=inf, clear_frames=14255
[INFO] [1782641111.366504425] [unitree_safe_cmd_node]: Move x=0.500, z=-0.034, stop_count=0, roi_count=0, nearest_x=inf, clear_frames=14260
[INFO] [1782641111.866531561] [unitree_safe_cmd_node]: Move x=0.500, z=-0.004, stop_count=0, roi_count=0, nearest_x=inf, clear_frames=14265
[INFO] [1782641112.366767684] [unitree_safe_cmd_node]: Move x=0.500, z=-0.015, stop_count=0, roi_count=0, nearest_x=inf, clear_frames=14269
[INFO] [1782641112.866894147] [unitree_safe_cmd_node]: Move x=0.500, z=0.027, stop_count=0, roi_count=0, nearest_x=inf, clear_frames=14274
[INFO] [1782641113.416543307] [unitree_safe_cmd_node]: Move x=0.500, z=-0.010, stop_count=0, roi_count=0, nearest_x=inf, clear_frames=14279
[INFO] [1782641113.916763723] [unitree_safe_cmd_node]: Move x=0.500, z=-0.065, stop_count=0, roi_count=0, nearest_x=inf, clear_frames=14284
[INFO] [1782641114.466537610] [unitree_safe_cmd_node]: Move x=0.500, z=-0.082, stop_count=0, roi_count=0, nearest_x=inf, clear_frames=14288
[INFO] [1782641114.967822830] [unitree_safe_cmd_node]: Move x=0.500, z=-0.016, stop_count=0, roi_count=0, nearest_x=inf, clear_frames=14293
[INFO] [1782641115.516593173] [unitree_safe_cmd_node]: Move x=0.500, z=-0.009, stop_count=0, roi_count=0, nearest_x=inf, clear_frames=14299
[INFO] [1782641116.017706225] [unitree_safe_cmd_node]: Move x=0.500, z=-0.021, stop_count=0, roi_count=0, nearest_x=inf, clear_frames=14304
[INFO] [1782641116.566508366] [unitree_safe_cmd_node]: Move x=0.500, z=0.001, stop_count=0, roi_count=0, nearest_x=inf, clear_frames=14309
[INFO] [1782641117.067599057] [unitree_safe_cmd_node]: Move x=0.500, z=-0.006, stop_count=0, roi_count=0, nearest_x=inf, clear_frames=14314
[INFO] [1782641117.616584178] [unitree_safe_cmd_node]: Move x=0.500, z=0.005, stop_count=0, roi_count=0, nearest_x=inf, clear_frames=14320
[INFO] [1782641118.166644595] [unitree_safe_cmd_node]: Move x=0.500, z=-0.056, stop_count=0, roi_count=0, nearest_x=inf, clear_frames=14324
[INFO] [1782641118.716537035] [unitree_safe_cmd_node]: Move x=0.500, z=-0.033, stop_count=0, roi_count=0, nearest_x=inf, clear_frames=14330
[INFO] [1782641119.217118261] [unitree_safe_cmd_node]: Move x=0.500, z=-0.037, stop_count=0, roi_count=0, nearest_x=inf, clear_frames=14334
[INFO] [1782641119.766502962] [unitree_safe_cmd_node]: Move x=0.500, z=-0.057, stop_count=0, roi_count=0, nearest_x=inf, clear_frames=14340
[INFO] [1782641120.316533181] [unitree_safe_cmd_node]: Move x=0.500, z=0.002, stop_count=0, roi_count=0, nearest_x=inf, clear_frames=14345
[INFO] [1782641120.816568761] [unitree_safe_cmd_node]: Move x=0.500, z=-0.011, stop_count=0, roi_count=0, nearest_x=inf, clear_frames=14350
[INFO] [1782641121.366504099] [unitree_safe_cmd_node]: Move x=0.500, z=0.020, stop_count=0, roi_count=0, nearest_x=inf, clear_frames=14355
[INFO] [1782641121.866702569] [unitree_safe_cmd_node]: Move x=0.500, z=0.040, stop_count=0, roi_count=0, nearest_x=inf, clear_frames=14360
[INFO] [1782641122.366934212] [unitree_safe_cmd_node]: Move x=0.500, z=-0.003, stop_count=0, roi_count=0, nearest_x=inf, clear_frames=14364
[INFO] [1782641122.916709058] [unitree_safe_cmd_node]: Move x=0.500, z=-0.028, stop_count=0, roi_count=0, nearest_x=inf, clear_frames=14370
[INFO] [1782641123.417726844] [unitree_safe_cmd_node]: Move x=0.500, z=-0.024, stop_count=0, roi_count=0, nearest_x=inf, clear_frames=14374
[INFO] [1782641123.916566846] [unitree_safe_cmd_node]: Move x=0.500, z=-0.016, stop_count=0, roi_count=0, nearest_x=inf, clear_frames=14379
[INFO] [1782641124.416574851] [unitree_safe_cmd_node]: Move x=0.500, z=-0.050, stop_count=0, roi_count=0, nearest_x=inf, clear_frames=14383
[INFO] [1782641124.966643712] [unitree_safe_cmd_node]: Move x=0.500, z=0.004, stop_count=0, roi_count=0, nearest_x=inf, clear_frames=14388
[INFO] [1782641125.516545621] [unitree_safe_cmd_node]: Move x=0.500, z=-0.037, stop_count=0, roi_count=0, nearest_x=inf, clear_frames=14393
[INFO] [1782641126.020922405] [unitree_safe_cmd_node]: Move x=0.500, z=0.014, stop_count=0, roi_count=0, nearest_x=inf, clear_frames=14398
[INFO] [1782641126.566850540] [unitree_safe_cmd_node]: Move x=0.500, z=0.030, stop_count=0, roi_count=0, nearest_x=inf, clear_frames=14403
[INFO] [1782641127.066999874] [unitree_safe_cmd_node]: Move x=0.500, z=-0.050, stop_count=0, roi_count=0, nearest_x=inf, clear_frames=14408
[INFO] [1782641127.616597017] [unitree_safe_cmd_node]: Move x=0.500, z=-0.021, stop_count=0, roi_count=0, nearest_x=inf, clear_frames=14414
[INFO] [1782641128.116583556] [unitree_safe_cmd_node]: Move x=0.500, z=-0.070, stop_count=0, roi_count=0, nearest_x=inf, clear_frames=14419
[INFO] [1782641128.616752884] [unitree_safe_cmd_node]: Move x=0.500, z=-0.022, stop_count=0, roi_count=0, nearest_x=inf, clear_frames=14424
[INFO] [1782641129.116638080] [unitree_safe_cmd_node]: Move x=0.500, z=-0.026, stop_count=0, roi_count=0, nearest_x=inf, clear_frames=14429
[INFO] [1782641129.616900688] [unitree_safe_cmd_node]: Move x=0.500, z=0.015, stop_count=0, roi_count=0, nearest_x=inf, clear_frames=14434
[INFO] [1782641130.166845974] [unitree_safe_cmd_node]: Move x=0.500, z=-0.017, stop_count=0, roi_count=0, nearest_x=inf, clear_frames=14439
[INFO] [1782641130.716565734] [unitree_safe_cmd_node]: Move x=0.500, z=-0.010, stop_count=0, roi_count=0, nearest_x=inf, clear_frames=14445
[INFO] [1782641131.216879461] [unitree_safe_cmd_node]: Move x=0.500, z=-0.026, stop_count=0, roi_count=0, nearest_x=inf, clear_frames=14449
[INFO] [1782641131.766499669] [unitree_safe_cmd_node]: Move x=0.500, z=-0.044, stop_count=0, roi_count=0, nearest_x=inf, clear_frames=14455
[INFO] [1782641132.316577104] [unitree_safe_cmd_node]: Move x=0.500, z=-0.022, stop_count=0, roi_count=0, nearest_x=inf, clear_frames=14461
[INFO] [1782641132.816699054] [unitree_safe_cmd_node]: Move x=0.500, z=-0.034, stop_count=0, roi_count=0, nearest_x=inf, clear_frames=14466
[INFO] [1782641133.316583546] [unitree_safe_cmd_node]: Move x=0.500, z=0.003, stop_count=0, roi_count=0, nearest_x=inf, clear_frames=14471
[INFO] [1782641133.866504328] [unitree_safe_cmd_node]: Move x=0.500, z=-0.031, stop_count=0, roi_count=0, nearest_x=inf, clear_frames=14476
[INFO] [1782641134.366484501] [unitree_safe_cmd_node]: Move x=0.500, z=-0.020, stop_count=0, roi_count=0, nearest_x=inf, clear_frames=14480
[INFO] [1782641134.866535242] [unitree_safe_cmd_node]: Move x=0.500, z=-0.016, stop_count=0, roi_count=0, nearest_x=inf, clear_frames=14485
[INFO] [1782641135.416616100] [unitree_safe_cmd_node]: Move x=0.500, z=-0.031, stop_count=0, roi_count=0, nearest_x=inf, clear_frames=14490
[INFO] [1782641135.916687635] [unitree_safe_cmd_node]: Move x=0.500, z=-0.024, stop_count=0, roi_count=0, nearest_x=inf, clear_frames=14495
[INFO] [1782641136.416713072] [unitree_safe_cmd_node]: Move x=0.500, z=-0.042, stop_count=0, roi_count=0, nearest_x=inf, clear_frames=14500
[INFO] [1782641136.966534590] [unitree_safe_cmd_node]: Move x=0.500, z=-0.010, stop_count=0, roi_count=0, nearest_x=inf, clear_frames=14505
[INFO] [1782641137.516827602] [unitree_safe_cmd_node]: Move x=0.500, z=0.016, stop_count=0, roi_count=0, nearest_x=inf, clear_frames=14510
[INFO] [1782641138.017592126] [unitree_safe_cmd_node]: Move x=0.500, z=0.011, stop_count=0, roi_count=0, nearest_x=inf, clear_frames=14515
[INFO] [1782641138.566631756] [unitree_safe_cmd_node]: Move x=0.500, z=0.008, stop_count=0, roi_count=0, nearest_x=inf, clear_frames=14520
[INFO] [1782641139.067087613] [unitree_safe_cmd_node]: Move x=0.500, z=-0.021, stop_count=0, roi_count=0, nearest_x=inf, clear_frames=14525
[INFO] [1782641139.617115143] [unitree_safe_cmd_node]: Move x=0.500, z=-0.056, stop_count=0, roi_count=0, nearest_x=inf, clear_frames=14530
[INFO] [1782641140.166626491] [unitree_safe_cmd_node]: Move x=0.500, z=-0.015, stop_count=0, roi_count=0, nearest_x=inf, clear_frames=14536
[INFO] [1782641140.666967025] [unitree_safe_cmd_node]: Move x=0.500, z=-0.032, stop_count=0, roi_count=0, nearest_x=inf, clear_frames=14541
[INFO] [1782641141.218223882] [unitree_safe_cmd_node]: Move x=0.500, z=-0.011, stop_count=0, roi_count=0, nearest_x=inf, clear_frames=14546
[INFO] [1782641141.766549121] [unitree_safe_cmd_node]: Move x=0.500, z=-0.020, stop_count=0, roi_count=0, nearest_x=inf, clear_frames=14551
[INFO] [1782641142.316584521] [unitree_safe_cmd_node]: Move x=0.500, z=-0.001, stop_count=0, roi_count=0, nearest_x=inf, clear_frames=14557
[INFO] [1782641142.866528239] [unitree_safe_cmd_node]: Move x=0.500, z=-0.007, stop_count=0, roi_count=0, nearest_x=inf, clear_frames=14562
[INFO] [1782641143.416622019] [unitree_safe_cmd_node]: Move x=0.500, z=-0.049, stop_count=0, roi_count=0, nearest_x=inf, clear_frames=14568
[INFO] [1782641143.966508188] [unitree_safe_cmd_node]: Move x=0.500, z=-0.047, stop_count=0, roi_count=0, nearest_x=inf, clear_frames=14573
[INFO] [1782641144.516534854] [unitree_safe_cmd_node]: Move x=0.500, z=-0.051, stop_count=0, roi_count=0, nearest_x=inf, clear_frames=14579
[INFO] [1782641145.017372827] [unitree_safe_cmd_node]: Move x=0.500, z=-0.020, stop_count=0, roi_count=0, nearest_x=inf, clear_frames=14583
[INFO] [1782641145.566925152] [unitree_safe_cmd_node]: Move x=0.500, z=-0.060, stop_count=0, roi_count=0, nearest_x=inf, clear_frames=14588
[INFO] [1782641146.067414214] [unitree_safe_cmd_node]: Move x=0.500, z=-0.006, stop_count=0, roi_count=0, nearest_x=inf, clear_frames=14593
[INFO] [1782641146.616603843] [unitree_safe_cmd_node]: Move x=0.500, z=-0.016, stop_count=0, roi_count=0, nearest_x=inf, clear_frames=14599
[INFO] [1782641147.116585742] [unitree_safe_cmd_node]: Move x=0.500, z=-0.051, stop_count=0, roi_count=0, nearest_x=inf, clear_frames=14604
[INFO] [1782641147.666505852] [unitree_safe_cmd_node]: Move x=0.500, z=-0.012, stop_count=0, roi_count=0, nearest_x=inf, clear_frames=14609
[INFO] [1782641148.218769036] [unitree_safe_cmd_node]: Move x=0.500, z=-0.010, stop_count=0, roi_count=0, nearest_x=inf, clear_frames=14615
[INFO] [1782641148.766576011] [unitree_safe_cmd_node]: Move x=0.500, z=-0.028, stop_count=0, roi_count=0, nearest_x=inf, clear_frames=14620
[INFO] [1782641149.266650713] [unitree_safe_cmd_node]: Move x=0.500, z=-0.016, stop_count=0, roi_count=0, nearest_x=inf, clear_frames=14625
[INFO] [1782641149.766850174] [unitree_safe_cmd_node]: Move x=0.500, z=-0.044, stop_count=0, roi_count=0, nearest_x=inf, clear_frames=14630
[INFO] [1782641150.316572332] [unitree_safe_cmd_node]: Move x=0.500, z=0.025, stop_count=0, roi_count=0, nearest_x=inf, clear_frames=14635
[INFO] [1782641150.816663412] [unitree_safe_cmd_node]: Move x=0.500, z=-0.048, stop_count=0, roi_count=0, nearest_x=inf, clear_frames=14640
[INFO] [1782641151.366552011] [unitree_safe_cmd_node]: Move x=0.500, z=-0.028, stop_count=0, roi_count=0, nearest_x=inf, clear_frames=14645
[INFO] [1782641151.916765849] [unitree_safe_cmd_node]: Move x=0.500, z=-0.006, stop_count=0, roi_count=0, nearest_x=inf, clear_frames=14651
[INFO] [1782641152.416738695] [unitree_safe_cmd_node]: Move x=0.500, z=-0.067, stop_count=0, roi_count=0, nearest_x=inf, clear_frames=14656
[INFO] [1782641152.966678734] [unitree_safe_cmd_node]: Move x=0.500, z=0.008, stop_count=0, roi_count=0, nearest_x=inf, clear_frames=14661
[INFO] [1782641153.516558505] [unitree_safe_cmd_node]: Move x=0.500, z=-0.005, stop_count=0, roi_count=0, nearest_x=inf, clear_frames=14667
[INFO] [1782641154.017461000] [unitree_safe_cmd_node]: Move x=0.500, z=0.004, stop_count=0, roi_count=0, nearest_x=inf, clear_frames=14671
[INFO] [1782641154.566834695] [unitree_safe_cmd_node]: Move x=0.500, z=0.014, stop_count=0, roi_count=0, nearest_x=inf, clear_frames=14677
[INFO] [1782641155.081107445] [unitree_safe_cmd_node]: Move x=0.500, z=0.006, stop_count=0, roi_count=0, nearest_x=inf, clear_frames=14682
[INFO] [1782641155.616598350] [unitree_safe_cmd_node]: Move x=0.500, z=-0.042, stop_count=0, roi_count=0, nearest_x=inf, clear_frames=14688
[INFO] [1782641156.166554575] [unitree_safe_cmd_node]: Move x=0.500, z=-0.071, stop_count=0, roi_count=0, nearest_x=inf, clear_frames=14692
[INFO] [1782641156.666606052] [unitree_safe_cmd_node]: Move x=0.500, z=-0.015, stop_count=0, roi_count=0, nearest_x=inf, clear_frames=14697
[INFO] [1782641157.219191562] [unitree_safe_cmd_node]: Move x=0.500, z=-0.054, stop_count=0, roi_count=0, nearest_x=inf, clear_frames=14703
[INFO] [1782641157.766511114] [unitree_safe_cmd_node]: Move x=0.500, z=-0.043, stop_count=0, roi_count=0, nearest_x=inf, clear_frames=14708
[INFO] [1782641158.266652065] [unitree_safe_cmd_node]: Move x=0.500, z=-0.018, stop_count=0, roi_count=0, nearest_x=inf, clear_frames=14713
[INFO] [1782641158.816582699] [unitree_safe_cmd_node]: Move x=0.500, z=-0.002, stop_count=0, roi_count=0, nearest_x=inf, clear_frames=14719
[INFO] [1782641159.316620037] [unitree_safe_cmd_node]: Move x=0.500, z=0.025, stop_count=0, roi_count=0, nearest_x=inf, clear_frames=14723
[INFO] [1782641159.866884577] [unitree_safe_cmd_node]: Move x=0.500, z=-0.037, stop_count=0, roi_count=0, nearest_x=inf, clear_frames=14728
[INFO] [1782641160.416849792] [unitree_safe_cmd_node]: Move x=0.500, z=0.011, stop_count=0, roi_count=0, nearest_x=inf, clear_frames=14733
[INFO] [1782641160.966530683] [unitree_safe_cmd_node]: Move x=0.500, z=-0.004, stop_count=0, roi_count=0, nearest_x=inf, clear_frames=14738
[INFO] [1782641161.516563300] [unitree_safe_cmd_node]: Move x=0.500, z=-0.049, stop_count=0, roi_count=0, nearest_x=inf, clear_frames=14744
[INFO] [1782641162.019378673] [unitree_safe_cmd_node]: Move x=0.500, z=-0.016, stop_count=0, roi_count=0, nearest_x=inf, clear_frames=14749
[INFO] [1782641162.566610509] [unitree_safe_cmd_node]: Move x=0.500, z=-0.034, stop_count=0, roi_count=0, nearest_x=inf, clear_frames=14754
[INFO] [1782641163.066966910] [unitree_safe_cmd_node]: Move x=0.500, z=-0.021, stop_count=0, roi_count=0, nearest_x=inf, clear_frames=14759
[INFO] [1782641163.616750680] [unitree_safe_cmd_node]: Move x=0.500, z=-0.010, stop_count=0, roi_count=0, nearest_x=inf, clear_frames=14765
[INFO] [1782641164.166566216] [unitree_safe_cmd_node]: Move x=0.500, z=-0.050, stop_count=0, roi_count=0, nearest_x=inf, clear_frames=14769
[INFO] [1782641164.666871625] [unitree_safe_cmd_node]: Move x=0.500, z=-0.005, stop_count=0, roi_count=0, nearest_x=inf, clear_frames=14774
[INFO] [1782641165.218762323] [unitree_safe_cmd_node]: Move x=0.500, z=0.000, stop_count=0, roi_count=0, nearest_x=inf, clear_frames=14780
[INFO] [1782641165.766600200] [unitree_safe_cmd_node]: Move x=0.500, z=0.012, stop_count=0, roi_count=0, nearest_x=inf, clear_frames=14785
[INFO] [1782641166.316600923] [unitree_safe_cmd_node]: Move x=0.500, z=-0.033, stop_count=0, roi_count=0, nearest_x=inf, clear_frames=14791
[INFO] [1782641166.867768113] [unitree_safe_cmd_node]: Move x=0.500, z=0.026, stop_count=0, roi_count=0, nearest_x=inf, clear_frames=14796
[INFO] [1782641167.427778813] [unitree_safe_cmd_node]: Move x=0.500, z=-0.031, stop_count=0, roi_count=0, nearest_x=inf, clear_frames=14802
[INFO] [1782641167.967482356] [unitree_safe_cmd_node]: Move x=0.500, z=-0.021, stop_count=0, roi_count=0, nearest_x=inf, clear_frames=14807
[INFO] [1782641168.466865508] [unitree_safe_cmd_node]: Move x=0.500, z=0.047, stop_count=0, roi_count=0, nearest_x=inf, clear_frames=14812
[INFO] [1782641169.018822999] [unitree_safe_cmd_node]: Move x=0.500, z=-0.012, stop_count=0, roi_count=0, nearest_x=inf, clear_frames=14818
[INFO] [1782641169.566499042] [unitree_safe_cmd_node]: Move x=0.500, z=-0.009, stop_count=0, roi_count=0, nearest_x=inf, clear_frames=14823
[INFO] [1782641170.068833676] [unitree_safe_cmd_node]: Move x=0.500, z=-0.021, stop_count=0, roi_count=0, nearest_x=inf, clear_frames=14828
[INFO] [1782641170.616695802] [unitree_safe_cmd_node]: Move x=0.500, z=0.012, stop_count=0, roi_count=0, nearest_x=inf, clear_frames=14834
[INFO] [1782641171.166869205] [unitree_safe_cmd_node]: Move x=0.500, z=0.036, stop_count=0, roi_count=0, nearest_x=inf, clear_frames=14838
[INFO] [1782641171.716615195] [unitree_safe_cmd_node]: Move x=0.500, z=0.050, stop_count=0, roi_count=0, nearest_x=inf, clear_frames=14844
[INFO] [1782641172.218621297] [unitree_safe_cmd_node]: Move x=0.500, z=0.043, stop_count=0, roi_count=0, nearest_x=inf, clear_frames=14849
[INFO] [1782641172.766541675] [unitree_safe_cmd_node]: Move x=0.500, z=-0.002, stop_count=0, roi_count=0, nearest_x=inf, clear_frames=14854
[INFO] [1782641173.316539327] [unitree_safe_cmd_node]: Move x=0.500, z=-0.038, stop_count=0, roi_count=0, nearest_x=inf, clear_frames=14859
[INFO] [1782641173.866536915] [unitree_safe_cmd_node]: Move x=0.500, z=-0.072, stop_count=0, roi_count=0, nearest_x=inf, clear_frames=14864
[INFO] [1782641174.416556512] [unitree_safe_cmd_node]: Move x=0.500, z=-0.014, stop_count=0, roi_count=0, nearest_x=inf, clear_frames=14870
[INFO] [1782641174.916614067] [unitree_safe_cmd_node]: Move x=0.500, z=0.010, stop_count=0, roi_count=0, nearest_x=inf, clear_frames=14875
[INFO] [1782641175.466481873] [unitree_safe_cmd_node]: Move x=0.500, z=-0.005, stop_count=0, roi_count=0, nearest_x=inf, clear_frames=14880
[INFO] [1782641175.966828293] [unitree_safe_cmd_node]: Move x=0.500, z=0.013, stop_count=0, roi_count=0, nearest_x=inf, clear_frames=14885
[INFO] [1782641176.516608800] [unitree_safe_cmd_node]: Move x=0.500, z=0.023, stop_count=0, roi_count=0, nearest_x=inf, clear_frames=14891
[INFO] [1782641177.017657455] [unitree_safe_cmd_node]: Move x=0.500, z=-0.025, stop_count=0, roi_count=0, nearest_x=inf, clear_frames=14896
[INFO] [1782641177.566634612] [unitree_safe_cmd_node]: Move x=0.500, z=-0.055, stop_count=0, roi_count=0, nearest_x=inf, clear_frames=14901
[INFO] [1782641178.067195154] [unitree_safe_cmd_node]: Move x=0.500, z=-0.070, stop_count=0, roi_count=0, nearest_x=inf, clear_frames=14906
[INFO] [1782641178.616730682] [unitree_safe_cmd_node]: Move x=0.500, z=-0.086, stop_count=0, roi_count=0, nearest_x=inf, clear_frames=14912
[INFO] [1782641179.166745166] [unitree_safe_cmd_node]: Move x=0.500, z=-0.101, stop_count=0, roi_count=0, nearest_x=inf, clear_frames=14917
[INFO] [1782641179.716703216] [unitree_safe_cmd_node]: Move x=0.500, z=0.061, stop_count=0, roi_count=0, nearest_x=inf, clear_frames=14923
[INFO] [1782641180.219816446] [unitree_safe_cmd_node]: Move x=0.500, z=0.018, stop_count=0, roi_count=0, nearest_x=inf, clear_frames=14927
[INFO] [1782641180.766513622] [unitree_safe_cmd_node]: Move x=0.500, z=0.064, stop_count=0, roi_count=0, nearest_x=inf, clear_frames=14932
[INFO] [1782641181.266830194] [unitree_safe_cmd_node]: Move x=0.500, z=0.054, stop_count=0, roi_count=0, nearest_x=inf, clear_frames=14937
[INFO] [1782641181.816789663] [unitree_safe_cmd_node]: Move x=0.500, z=0.034, stop_count=0, roi_count=0, nearest_x=inf, clear_frames=14943
[INFO] [1782641182.366552684] [unitree_safe_cmd_node]: Move x=0.500, z=-0.022, stop_count=0, roi_count=0, nearest_x=inf, clear_frames=14948
[INFO] [1782641182.866841112] [unitree_safe_cmd_node]: Move x=0.500, z=-0.014, stop_count=0, roi_count=0, nearest_x=inf, clear_frames=14953
[INFO] [1782641183.416763650] [unitree_safe_cmd_node]: Move x=0.500, z=-0.042, stop_count=0, roi_count=0, nearest_x=inf, clear_frames=14958
[INFO] [1782641183.916863284] [unitree_safe_cmd_node]: Move x=0.500, z=0.009, stop_count=0, roi_count=0, nearest_x=inf, clear_frames=14963
[INFO] [1782641184.466515428] [unitree_safe_cmd_node]: Move x=0.500, z=-0.039, stop_count=0, roi_count=0, nearest_x=inf, clear_frames=14967
[INFO] [1782641184.966563545] [unitree_safe_cmd_node]: Move x=0.500, z=-0.049, stop_count=0, roi_count=0, nearest_x=inf, clear_frames=14972
[INFO] [1782641185.466956577] [unitree_safe_cmd_node]: Move x=0.500, z=-0.016, stop_count=0, roi_count=0, nearest_x=inf, clear_frames=14977
[INFO] [1782641186.017481755] [unitree_safe_cmd_node]: Move x=0.500, z=-0.023, stop_count=0, roi_count=0, nearest_x=inf, clear_frames=14982
[INFO] [1782641186.566558119] [unitree_safe_cmd_node]: Move x=0.500, z=0.025, stop_count=0, roi_count=0, nearest_x=inf, clear_frames=14987
[INFO] [1782641187.067111046] [unitree_safe_cmd_node]: Move x=0.500, z=-0.038, stop_count=0, roi_count=0, nearest_x=inf, clear_frames=14991
[INFO] [1782641187.616584892] [unitree_safe_cmd_node]: Move x=0.500, z=0.005, stop_count=0, roi_count=0, nearest_x=inf, clear_frames=14997
[INFO] [1782641188.166722145] [unitree_safe_cmd_node]: Move x=0.500, z=-0.071, stop_count=0, roi_count=0, nearest_x=inf, clear_frames=15002
[INFO] [1782641188.716614704] [unitree_safe_cmd_node]: Move x=0.500, z=0.008, stop_count=0, roi_count=0, nearest_x=inf, clear_frames=15008
[INFO] [1782641189.217077461] [unitree_safe_cmd_node]: Move x=0.500, z=0.003, stop_count=0, roi_count=0, nearest_x=inf, clear_frames=15011
[INFO] [1782641189.766609809] [unitree_safe_cmd_node]: Move x=0.500, z=-0.009, stop_count=0, roi_count=0, nearest_x=inf, clear_frames=15017
[INFO] [1782641190.266581629] [unitree_safe_cmd_node]: Move x=0.500, z=0.017, stop_count=0, roi_count=0, nearest_x=inf, clear_frames=15022
[INFO] [1782641190.766937900] [unitree_safe_cmd_node]: Move x=0.500, z=-0.006, stop_count=0, roi_count=0, nearest_x=inf, clear_frames=15027
[INFO] [1782641191.317681101] [unitree_safe_cmd_node]: Move x=0.500, z=-0.048, stop_count=0, roi_count=0, nearest_x=inf, clear_frames=15033
[INFO] [1782641191.866555716] [unitree_safe_cmd_node]: Move x=0.500, z=-0.030, stop_count=0, roi_count=0, nearest_x=inf, clear_frames=15038
[INFO] [1782641192.366626227] [unitree_safe_cmd_node]: Move x=0.500, z=-0.061, stop_count=0, roi_count=0, nearest_x=inf, clear_frames=15042
[INFO] [1782641192.916807325] [unitree_safe_cmd_node]: Move x=0.500, z=-0.007, stop_count=0, roi_count=0, nearest_x=inf, clear_frames=15048
[INFO] [1782641193.466668239] [unitree_safe_cmd_node]: Move x=0.500, z=-0.046, stop_count=0, roi_count=0, nearest_x=inf, clear_frames=15053
[INFO] [1782641193.966649198] [unitree_safe_cmd_node]: Move x=0.500, z=0.024, stop_count=0, roi_count=0, nearest_x=inf, clear_frames=15058
[INFO] [1782641194.519042275] [unitree_safe_cmd_node]: Move x=0.500, z=0.050, stop_count=0, roi_count=0, nearest_x=inf, clear_frames=15063
[INFO] [1782641195.067010292] [unitree_safe_cmd_node]: Move x=0.500, z=-0.012, stop_count=0, roi_count=0, nearest_x=inf, clear_frames=15067
[INFO] [1782641195.616553547] [unitree_safe_cmd_node]: Move x=0.500, z=0.018, stop_count=0, roi_count=0, nearest_x=inf, clear_frames=15073
[INFO] [1782641196.117116103] [unitree_safe_cmd_node]: Move x=0.500, z=-0.012, stop_count=0, roi_count=0, nearest_x=inf, clear_frames=15077
[INFO] [1782641196.619405825] [unitree_safe_cmd_node]: Move x=0.500, z=0.068, stop_count=0, roi_count=0, nearest_x=inf, clear_frames=15083
[INFO] [1782641197.167016393] [unitree_safe_cmd_node]: Move x=0.500, z=0.054, stop_count=0, roi_count=0, nearest_x=inf, clear_frames=15087
[INFO] [1782641197.716431142] [unitree_safe_cmd_node]: Move x=0.500, z=0.051, stop_count=0, roi_count=0, nearest_x=inf, clear_frames=15093
[INFO] [1782641198.216940109] [unitree_safe_cmd_node]: Move x=0.500, z=0.001, stop_count=0, roi_count=0, nearest_x=inf, clear_frames=15097
[INFO] [1782641198.766533796] [unitree_safe_cmd_node]: Move x=0.500, z=-0.061, stop_count=0, roi_count=0, nearest_x=inf, clear_frames=15103
[INFO] [1782641199.316914870] [unitree_safe_cmd_node]: Move x=0.500, z=-0.021, stop_count=0, roi_count=0, nearest_x=inf, clear_frames=15109
[INFO] [1782641199.817830354] [unitree_safe_cmd_node]: Move x=0.500, z=-0.086, stop_count=0, roi_count=0, nearest_x=inf, clear_frames=15114
[INFO] [1782641200.366689256] [unitree_safe_cmd_node]: Move x=0.500, z=0.031, stop_count=0, roi_count=0, nearest_x=inf, clear_frames=15119
[INFO] [1782641200.866565963] [unitree_safe_cmd_node]: Move x=0.500, z=-0.006, stop_count=0, roi_count=0, nearest_x=inf, clear_frames=15124
[INFO] [1782641201.418508578] [unitree_safe_cmd_node]: Move x=0.500, z=-0.037, stop_count=0, roi_count=0, nearest_x=inf, clear_frames=15128
[INFO] [1782641201.966583897] [unitree_safe_cmd_node]: Move x=0.500, z=-0.035, stop_count=0, roi_count=0, nearest_x=inf, clear_frames=15133
[INFO] [1782641202.516546463] [unitree_safe_cmd_node]: Move x=0.500, z=-0.062, stop_count=0, roi_count=0, nearest_x=inf, clear_frames=15139
[INFO] [1782641203.017317179] [unitree_safe_cmd_node]: Move x=0.500, z=-0.034, stop_count=0, roi_count=0, nearest_x=inf, clear_frames=15143
[INFO] [1782641203.519826122] [unitree_safe_cmd_node]: Move x=0.500, z=-0.057, stop_count=0, roi_count=0, nearest_x=inf, clear_frames=15148
[INFO] [1782641204.067280796] [unitree_safe_cmd_node]: Move x=0.500, z=-0.021, stop_count=0, roi_count=0, nearest_x=inf, clear_frames=15153
[INFO] [1782641204.618462860] [unitree_safe_cmd_node]: Move x=0.500, z=0.036, stop_count=0, roi_count=0, nearest_x=inf, clear_frames=15159
[INFO] [1782641205.166678416] [unitree_safe_cmd_node]: Move x=0.500, z=-0.011, stop_count=0, roi_count=0, nearest_x=inf, clear_frames=15164
[INFO] [1782641205.716573923] [unitree_safe_cmd_node]: Move x=0.500, z=0.015, stop_count=0, roi_count=0, nearest_x=inf, clear_frames=15170
[INFO] [1782641206.218047743] [unitree_safe_cmd_node]: Move x=0.500, z=-0.023, stop_count=0, roi_count=0, nearest_x=inf, clear_frames=15174
[INFO] [1782641206.718223370] [unitree_safe_cmd_node]: Move x=0.500, z=-0.011, stop_count=0, roi_count=0, nearest_x=inf, clear_frames=15180
[INFO] [1782641207.266582906] [unitree_safe_cmd_node]: Move x=0.500, z=-0.052, stop_count=0, roi_count=0, nearest_x=inf, clear_frames=15185
[INFO] [1782641207.816543795] [unitree_safe_cmd_node]: Move x=0.500, z=-0.008, stop_count=0, roi_count=0, nearest_x=inf, clear_frames=15191
[INFO] [1782641208.316541057] [unitree_safe_cmd_node]: Move x=0.500, z=-0.049, stop_count=0, roi_count=0, nearest_x=inf, clear_frames=15196
[INFO] [1782641208.816554741] [unitree_safe_cmd_node]: Move x=0.500, z=-0.010, stop_count=0, roi_count=0, nearest_x=inf, clear_frames=15201
[INFO] [1782641209.316553876] [unitree_safe_cmd_node]: Move x=0.500, z=-0.028, stop_count=0, roi_count=0, nearest_x=inf, clear_frames=15206
[INFO] [1782641209.820330222] [unitree_safe_cmd_node]: Move x=0.500, z=0.022, stop_count=0, roi_count=0, nearest_x=inf, clear_frames=15211
[INFO] [1782641210.366596517] [unitree_safe_cmd_node]: Move x=0.500, z=0.103, stop_count=0, roi_count=0, nearest_x=inf, clear_frames=15215
[INFO] [1782641210.866729544] [unitree_safe_cmd_node]: Move x=0.500, z=0.030, stop_count=0, roi_count=0, nearest_x=inf, clear_frames=15220
[INFO] [1782641211.416651602] [unitree_safe_cmd_node]: Move x=0.500, z=0.041, stop_count=0, roi_count=0, nearest_x=inf, clear_frames=15226
[INFO] [1782641211.919069860] [unitree_safe_cmd_node]: Move x=0.500, z=0.037, stop_count=0, roi_count=0, nearest_x=inf, clear_frames=15231
[INFO] [1782641212.466659670] [unitree_safe_cmd_node]: Move x=0.500, z=0.065, stop_count=0, roi_count=0, nearest_x=inf, clear_frames=15235
[INFO] [1782641213.017368044] [unitree_safe_cmd_node]: Move x=0.500, z=-0.000, stop_count=0, roi_count=0, nearest_x=inf, clear_frames=15240
[INFO] [1782641213.567248048] [unitree_safe_cmd_node]: Move x=0.500, z=0.032, stop_count=0, roi_count=0, nearest_x=inf, clear_frames=15245
[INFO] [1782641214.067794913] [unitree_safe_cmd_node]: Move x=0.500, z=0.095, stop_count=0, roi_count=0, nearest_x=inf, clear_frames=15250
[INFO] [1782641214.617065921] [unitree_safe_cmd_node]: Move x=0.500, z=0.085, stop_count=0, roi_count=0, nearest_x=inf, clear_frames=15254
[INFO] [1782641215.117224690] [unitree_safe_cmd_node]: Move x=0.500, z=-0.022, stop_count=0, roi_count=0, nearest_x=inf, clear_frames=15260
[INFO] [1782641215.666959285] [unitree_safe_cmd_node]: Move x=0.500, z=-0.050, stop_count=0, roi_count=0, nearest_x=inf, clear_frames=15265
[INFO] [1782641216.216884889] [unitree_safe_cmd_node]: Move x=0.500, z=-0.046, stop_count=0, roi_count=0, nearest_x=inf, clear_frames=15270
[INFO] [1782641216.719144105] [unitree_safe_cmd_node]: Move x=0.500, z=-0.086, stop_count=0, roi_count=0, nearest_x=inf, clear_frames=15276
[INFO] [1782641217.266581069] [unitree_safe_cmd_node]: Move x=0.500, z=-0.062, stop_count=0, roi_count=0, nearest_x=inf, clear_frames=15280
[INFO] [1782641217.766576350] [unitree_safe_cmd_node]: Move x=0.500, z=-0.026, stop_count=0, roi_count=0, nearest_x=inf, clear_frames=15285
[INFO] [1782641218.320556328] [unitree_safe_cmd_node]: Move x=0.500, z=-0.058, stop_count=0, roi_count=0, nearest_x=inf, clear_frames=15290
[INFO] [1782641218.866533137] [unitree_safe_cmd_node]: Move x=0.500, z=-0.061, stop_count=0, roi_count=0, nearest_x=inf, clear_frames=15295
[INFO] [1782641219.366665782] [unitree_safe_cmd_node]: Move x=0.500, z=-0.069, stop_count=0, roi_count=0, nearest_x=inf, clear_frames=15300
[INFO] [1782641219.866887534] [unitree_safe_cmd_node]: Move x=0.500, z=0.057, stop_count=0, roi_count=0, nearest_x=inf, clear_frames=15305
[INFO] [1782641220.416690469] [unitree_safe_cmd_node]: Move x=0.500, z=0.136, stop_count=0, roi_count=0, nearest_x=inf, clear_frames=15311
[INFO] [1782641220.916711491] [unitree_safe_cmd_node]: Move x=0.500, z=0.138, stop_count=0, roi_count=0, nearest_x=inf, clear_frames=15316
[INFO] [1782641221.416773206] [unitree_safe_cmd_node]: Move x=0.500, z=0.034, stop_count=0, roi_count=0, nearest_x=inf, clear_frames=15321
[INFO] [1782641221.966523516] [unitree_safe_cmd_node]: Move x=0.500, z=-0.038, stop_count=0, roi_count=0, nearest_x=inf, clear_frames=15326
[INFO] [1782641222.466546486] [unitree_safe_cmd_node]: Move x=0.500, z=-0.041, stop_count=0, roi_count=0, nearest_x=inf, clear_frames=15330
[INFO] [1782641223.020096981] [unitree_safe_cmd_node]: Move x=0.500, z=-0.038, stop_count=0, roi_count=0, nearest_x=inf, clear_frames=15336
[INFO] [1782641223.566621887] [unitree_safe_cmd_node]: Move x=0.500, z=-0.026, stop_count=0, roi_count=0, nearest_x=inf, clear_frames=15341
[INFO] [1782641224.067785667] [unitree_safe_cmd_node]: Move x=0.500, z=-0.012, stop_count=0, roi_count=0, nearest_x=inf, clear_frames=15346
[INFO] [1782641224.616509898] [unitree_safe_cmd_node]: Move x=0.500, z=-0.025, stop_count=0, roi_count=0, nearest_x=inf, clear_frames=15352
[INFO] [1782641225.116551395] [unitree_safe_cmd_node]: Move x=0.500, z=0.016, stop_count=0, roi_count=0, nearest_x=inf, clear_frames=15356
[INFO] [1782641225.619981031] [unitree_safe_cmd_node]: Move x=0.500, z=-0.062, stop_count=0, roi_count=0, nearest_x=inf, clear_frames=15361
[INFO] [1782641226.166619577] [unitree_safe_cmd_node]: Move x=0.500, z=-0.034, stop_count=0, roi_count=0, nearest_x=inf, clear_frames=15365
[INFO] [1782641226.716544249] [unitree_safe_cmd_node]: Move x=0.500, z=-0.060, stop_count=0, roi_count=0, nearest_x=inf, clear_frames=15371
[INFO] [1782641227.216912901] [unitree_safe_cmd_node]: Move x=0.500, z=0.022, stop_count=0, roi_count=0, nearest_x=inf, clear_frames=15374
[INFO] [1782641227.766504722] [unitree_safe_cmd_node]: Move x=0.500, z=-0.025, stop_count=0, roi_count=0, nearest_x=inf, clear_frames=15380
[INFO] [1782641228.266698675] [unitree_safe_cmd_node]: Move x=0.500, z=0.004, stop_count=0, roi_count=0, nearest_x=inf, clear_frames=15385
[INFO] [1782641228.766878484] [unitree_safe_cmd_node]: Move x=0.500, z=-0.003, stop_count=0, roi_count=0, nearest_x=inf, clear_frames=15390
[INFO] [1782641229.319680559] [unitree_safe_cmd_node]: Move x=0.500, z=-0.045, stop_count=0, roi_count=0, nearest_x=inf, clear_frames=15396
[INFO] [1782641229.866705862] [unitree_safe_cmd_node]: Move x=0.500, z=-0.009, stop_count=0, roi_count=0, nearest_x=inf, clear_frames=15401
[INFO] [1782641230.419039234] [unitree_safe_cmd_node]: Move x=0.500, z=-0.023, stop_count=0, roi_count=0, nearest_x=inf, clear_frames=15407
[INFO] [1782641230.967692298] [unitree_safe_cmd_node]: Move x=0.500, z=-0.007, stop_count=0, roi_count=0, nearest_x=inf, clear_frames=15412
[INFO] [1782641231.516599011] [unitree_safe_cmd_node]: Move x=0.500, z=-0.050, stop_count=0, roi_count=0, nearest_x=inf, clear_frames=15418
[INFO] [1782641232.017039902] [unitree_safe_cmd_node]: Move x=0.500, z=-0.047, stop_count=0, roi_count=0, nearest_x=inf, clear_frames=15423
[INFO] [1782641232.516959322] [unitree_safe_cmd_node]: Move x=0.500, z=-0.026, stop_count=0, roi_count=0, nearest_x=inf, clear_frames=15427
[INFO] [1782641233.069230084] [unitree_safe_cmd_node]: Move x=0.500, z=-0.067, stop_count=0, roi_count=0, nearest_x=inf, clear_frames=15433
[INFO] [1782641233.616663628] [unitree_safe_cmd_node]: Move x=0.500, z=-0.004, stop_count=0, roi_count=0, nearest_x=inf, clear_frames=15439
[INFO] [1782641234.166680986] [unitree_safe_cmd_node]: Move x=0.500, z=-0.023, stop_count=0, roi_count=0, nearest_x=inf, clear_frames=15444
[INFO] [1782641234.716560214] [unitree_safe_cmd_node]: Move x=0.500, z=0.008, stop_count=0, roi_count=0, nearest_x=inf, clear_frames=15450
[INFO] [1782641235.217187190] [unitree_safe_cmd_node]: Move x=0.500, z=-0.040, stop_count=0, roi_count=0, nearest_x=inf, clear_frames=15453
[INFO] [1782641235.719693569] [unitree_safe_cmd_node]: Move x=0.500, z=0.003, stop_count=0, roi_count=0, nearest_x=inf, clear_frames=15459
[INFO] [1782641236.266564331] [unitree_safe_cmd_node]: Move x=0.500, z=0.042, stop_count=0, roi_count=0, nearest_x=inf, clear_frames=15463
[INFO] [1782641236.766517699] [unitree_safe_cmd_node]: Move x=0.500, z=0.008, stop_count=0, roi_count=0, nearest_x=inf, clear_frames=15468
[INFO] [1782641237.316537582] [unitree_safe_cmd_node]: Move x=0.500, z=-0.002, stop_count=0, roi_count=0, nearest_x=inf, clear_frames=15473
[INFO] [1782641237.816847358] [unitree_safe_cmd_node]: Move x=0.500, z=-0.037, stop_count=0, roi_count=0, nearest_x=inf, clear_frames=15478
[INFO] [1782641238.317406718] [unitree_safe_cmd_node]: Move x=0.500, z=0.106, stop_count=0, roi_count=0, nearest_x=inf, clear_frames=15482
[INFO] [1782641238.866604742] [unitree_safe_cmd_node]: Move x=0.500, z=0.053, stop_count=0, roi_count=0, nearest_x=inf, clear_frames=15488
[INFO] [1782641239.366846800] [unitree_safe_cmd_node]: Move x=0.500, z=0.053, stop_count=0, roi_count=0, nearest_x=inf, clear_frames=15492
[INFO] [1782641239.916564788] [unitree_safe_cmd_node]: Move x=0.500, z=0.039, stop_count=0, roi_count=0, nearest_x=inf, clear_frames=15498
[INFO] [1782641240.466540823] [unitree_safe_cmd_node]: Move x=0.500, z=-0.034, stop_count=0, roi_count=0, nearest_x=inf, clear_frames=15503
[INFO] [1782641241.017300633] [unitree_safe_cmd_node]: Move x=0.500, z=0.005, stop_count=0, roi_count=0, nearest_x=inf, clear_frames=15508
[INFO] [1782641241.566563750] [unitree_safe_cmd_node]: Move x=0.500, z=0.012, stop_count=0, roi_count=0, nearest_x=inf, clear_frames=15513
[INFO] [1782641242.067612097] [unitree_safe_cmd_node]: Move x=0.500, z=-0.054, stop_count=0, roi_count=0, nearest_x=inf, clear_frames=15518
[INFO] [1782641242.617144131] [unitree_safe_cmd_node]: Move x=0.500, z=-0.011, stop_count=0, roi_count=0, nearest_x=inf, clear_frames=15523
[INFO] [1782641243.119150737] [unitree_safe_cmd_node]: Move x=0.500, z=0.007, stop_count=0, roi_count=0, nearest_x=inf, clear_frames=15529
[INFO] [1782641243.666814702] [unitree_safe_cmd_node]: Move x=0.500, z=0.022, stop_count=0, roi_count=0, nearest_x=inf, clear_frames=15534
[INFO] [1782641244.166880185] [unitree_safe_cmd_node]: Move x=0.500, z=-0.048, stop_count=0, roi_count=0, nearest_x=inf, clear_frames=15538
[INFO] [1782641244.717737231] [unitree_safe_cmd_node]: Move x=0.500, z=-0.009, stop_count=0, roi_count=0, nearest_x=inf, clear_frames=15543
[INFO] [1782641245.266635286] [unitree_safe_cmd_node]: Move x=0.500, z=0.025, stop_count=0, roi_count=0, nearest_x=inf, clear_frames=15549
[INFO] [1782641245.816527473] [unitree_safe_cmd_node]: Move x=0.500, z=-0.023, stop_count=0, roi_count=0, nearest_x=inf, clear_frames=15555
[INFO] [1782641246.316544777] [unitree_safe_cmd_node]: Move x=0.500, z=-0.003, stop_count=0, roi_count=0, nearest_x=inf, clear_frames=15559
[INFO] [1782641246.816552856] [unitree_safe_cmd_node]: Move x=0.500, z=0.008, stop_count=0, roi_count=0, nearest_x=inf, clear_frames=15564
[INFO] [1782641247.317381070] [unitree_safe_cmd_node]: Move x=0.500, z=-0.002, stop_count=0, roi_count=0, nearest_x=inf, clear_frames=15567
[INFO] [1782641247.866624544] [unitree_safe_cmd_node]: Move x=0.500, z=-0.040, stop_count=0, roi_count=0, nearest_x=inf, clear_frames=15573
[INFO] [1782641248.419153060] [unitree_safe_cmd_node]: Move x=0.500, z=-0.047, stop_count=0, roi_count=0, nearest_x=inf, clear_frames=15578
[INFO] [1782641248.966639607] [unitree_safe_cmd_node]: Move x=0.500, z=-0.075, stop_count=0, roi_count=0, nearest_x=inf, clear_frames=15583
[INFO] [1782641249.466817349] [unitree_safe_cmd_node]: Move x=0.500, z=-0.047, stop_count=0, roi_count=0, nearest_x=inf, clear_frames=15587
[INFO] [1782641250.017883633] [unitree_safe_cmd_node]: Move x=0.500, z=-0.078, stop_count=0, roi_count=0, nearest_x=inf, clear_frames=15593
[INFO] [1782641250.566686228] [unitree_safe_cmd_node]: Move x=0.500, z=-0.023, stop_count=0, roi_count=0, nearest_x=inf, clear_frames=15598
[INFO] [1782641251.067048828] [unitree_safe_cmd_node]: Move x=0.500, z=-0.024, stop_count=0, roi_count=0, nearest_x=inf, clear_frames=15602
[INFO] [1782641251.616509651] [unitree_safe_cmd_node]: Move x=0.500, z=-0.083, stop_count=0, roi_count=0, nearest_x=inf, clear_frames=15609
[INFO] [1782641252.116668641] [unitree_safe_cmd_node]: Move x=0.500, z=-0.003, stop_count=0, roi_count=0, nearest_x=inf, clear_frames=15613
[INFO] [1782641252.617661583] [unitree_safe_cmd_node]: Move x=0.500, z=-0.043, stop_count=0, roi_count=0, nearest_x=inf, clear_frames=15618
[INFO] [1782641253.166711069] [unitree_safe_cmd_node]: Move x=0.500, z=0.010, stop_count=0, roi_count=0, nearest_x=inf, clear_frames=15623
[INFO] [1782641253.718881545] [unitree_safe_cmd_node]: Move x=0.500, z=-0.011, stop_count=0, roi_count=0, nearest_x=inf, clear_frames=15629
[INFO] [1782641254.266621786] [unitree_safe_cmd_node]: Move x=0.500, z=-0.016, stop_count=0, roi_count=0, nearest_x=inf, clear_frames=15634
[INFO] [1782641254.816678048] [unitree_safe_cmd_node]: Move x=0.500, z=0.016, stop_count=0, roi_count=0, nearest_x=inf, clear_frames=15640
[INFO] [1782641255.366547411] [unitree_safe_cmd_node]: Move x=0.500, z=-0.030, stop_count=0, roi_count=0, nearest_x=inf, clear_frames=15645
[INFO] [1782641255.866524227] [unitree_safe_cmd_node]: Move x=0.500, z=-0.052, stop_count=0, roi_count=0, nearest_x=inf, clear_frames=15650
[INFO] [1782641256.417045725] [unitree_safe_cmd_node]: Move x=0.500, z=-0.082, stop_count=0, roi_count=0, nearest_x=inf, clear_frames=15654
[INFO] [1782641256.917047135] [unitree_safe_cmd_node]: Move x=0.500, z=-0.030, stop_count=0, roi_count=0, nearest_x=inf, clear_frames=15659
[INFO] [1782641257.466582385] [unitree_safe_cmd_node]: Move x=0.500, z=-0.049, stop_count=0, roi_count=0, nearest_x=inf, clear_frames=15664
[INFO] [1782641257.966533797] [unitree_safe_cmd_node]: Move x=0.500, z=-0.014, stop_count=0, roi_count=0, nearest_x=inf, clear_frames=15669
[INFO] [1782641258.466641685] [unitree_safe_cmd_node]: Move x=0.500, z=0.051, stop_count=0, roi_count=0, nearest_x=inf, clear_frames=15674
[INFO] [1782641258.966571435] [unitree_safe_cmd_node]: Move x=0.500, z=-0.014, stop_count=0, roi_count=0, nearest_x=inf, clear_frames=15679
[INFO] [1782641259.517453876] [unitree_safe_cmd_node]: Move x=0.500, z=-0.021, stop_count=0, roi_count=0, nearest_x=inf, clear_frames=15685
[INFO] [1782641260.019206312] [unitree_safe_cmd_node]: Move x=0.500, z=0.020, stop_count=0, roi_count=0, nearest_x=inf, clear_frames=15690
[INFO] [1782641260.566581543] [unitree_safe_cmd_node]: Move x=0.500, z=0.108, stop_count=0, roi_count=0, nearest_x=inf, clear_frames=15695
[INFO] [1782641261.067002001] [unitree_safe_cmd_node]: Move x=0.500, z=0.023, stop_count=0, roi_count=0, nearest_x=inf, clear_frames=15699
[INFO] [1782641261.618358537] [unitree_safe_cmd_node]: Move x=0.500, z=0.021, stop_count=0, roi_count=0, nearest_x=inf, clear_frames=15705
[INFO] [1782641262.118532810] [unitree_safe_cmd_node]: Move x=0.500, z=0.025, stop_count=0, roi_count=0, nearest_x=inf, clear_frames=15710
[INFO] [1782641262.666758584] [unitree_safe_cmd_node]: Move x=0.500, z=0.010, stop_count=0, roi_count=0, nearest_x=inf, clear_frames=15715
[INFO] [1782641263.217420419] [unitree_safe_cmd_node]: Move x=0.500, z=-0.014, stop_count=0, roi_count=0, nearest_x=inf, clear_frames=15720
[INFO] [1782641263.718582432] [unitree_safe_cmd_node]: Move x=0.500, z=0.013, stop_count=0, roi_count=0, nearest_x=inf, clear_frames=15726
[INFO] [1782641264.266761031] [unitree_safe_cmd_node]: Move x=0.500, z=-0.032, stop_count=0, roi_count=0, nearest_x=inf, clear_frames=15730
[INFO] [1782641264.766686993] [unitree_safe_cmd_node]: Move x=0.500, z=0.035, stop_count=0, roi_count=0, nearest_x=inf, clear_frames=15735
[INFO] [1782641265.320363338] [unitree_safe_cmd_node]: Move x=0.500, z=0.007, stop_count=0, roi_count=0, nearest_x=inf, clear_frames=15741
[INFO] [1782641265.867705954] [unitree_safe_cmd_node]: Move x=0.500, z=0.003, stop_count=0, roi_count=0, nearest_x=inf, clear_frames=15746
[INFO] [1782641266.420201701] [unitree_safe_cmd_node]: Move x=0.500, z=-0.017, stop_count=0, roi_count=0, nearest_x=inf, clear_frames=15752
[INFO] [1782641266.966836980] [unitree_safe_cmd_node]: Move x=0.500, z=-0.070, stop_count=0, roi_count=0, nearest_x=inf, clear_frames=15757
[INFO] [1782641267.517201541] [unitree_safe_cmd_node]: Move x=0.500, z=0.007, stop_count=0, roi_count=0, nearest_x=inf, clear_frames=15761
[INFO] [1782641268.017360016] [unitree_safe_cmd_node]: Move x=0.500, z=-0.017, stop_count=0, roi_count=0, nearest_x=inf, clear_frames=15766
[INFO] [1782641268.519013344] [unitree_safe_cmd_node]: Move x=0.500, z=-0.051, stop_count=0, roi_count=0, nearest_x=inf, clear_frames=15770
[INFO] [1782641269.067013325] [unitree_safe_cmd_node]: Move x=0.500, z=-0.037, stop_count=0, roi_count=0, nearest_x=inf, clear_frames=15775
[INFO] [1782641269.617118803] [unitree_safe_cmd_node]: Move x=0.500, z=-0.027, stop_count=0, roi_count=0, nearest_x=inf, clear_frames=15780
[INFO] [1782641270.166603936] [unitree_safe_cmd_node]: Move x=0.500, z=-0.016, stop_count=0, roi_count=0, nearest_x=inf, clear_frames=15786
[INFO] [1782641270.666754490] [unitree_safe_cmd_node]: Move x=0.500, z=-0.027, stop_count=0, roi_count=0, nearest_x=inf, clear_frames=15791
[INFO] [1782641271.217082921] [unitree_safe_cmd_node]: Move x=0.500, z=-0.005, stop_count=0, roi_count=0, nearest_x=inf, clear_frames=15796
[INFO] [1782641271.717044480] [unitree_safe_cmd_node]: Move x=0.500, z=-0.036, stop_count=0, roi_count=0, nearest_x=inf, clear_frames=15801
[INFO] [1782641272.266598536] [unitree_safe_cmd_node]: Move x=0.500, z=-0.022, stop_count=0, roi_count=0, nearest_x=inf, clear_frames=15806
[INFO] [1782641272.766740663] [unitree_safe_cmd_node]: Move x=0.500, z=-0.050, stop_count=0, roi_count=0, nearest_x=inf, clear_frames=15811
[INFO] [1782641273.317568344] [unitree_safe_cmd_node]: Move x=0.500, z=-0.018, stop_count=0, roi_count=0, nearest_x=inf, clear_frames=15816
[INFO] [1782641273.817069252] [unitree_safe_cmd_node]: Move x=0.500, z=-0.060, stop_count=0, roi_count=0, nearest_x=inf, clear_frames=15821
[INFO] [1782641274.318948371] [unitree_safe_cmd_node]: Move x=0.500, z=-0.019, stop_count=0, roi_count=0, nearest_x=inf, clear_frames=15825
[INFO] [1782641274.866671329] [unitree_safe_cmd_node]: Move x=0.500, z=0.005, stop_count=0, roi_count=0, nearest_x=inf, clear_frames=15831
[INFO] [1782641275.416890409] [unitree_safe_cmd_node]: Move x=0.500, z=0.001, stop_count=0, roi_count=0, nearest_x=inf, clear_frames=15835
[INFO] [1782641275.919696446] [unitree_safe_cmd_node]: Move x=0.500, z=-0.001, stop_count=0, roi_count=0, nearest_x=inf, clear_frames=15841
[INFO] [1782641276.466666823] [unitree_safe_cmd_node]: Move x=0.500, z=-0.054, stop_count=0, roi_count=0, nearest_x=inf, clear_frames=15845
[INFO] [1782641277.017362923] [unitree_safe_cmd_node]: Move x=0.500, z=-0.012, stop_count=0, roi_count=0, nearest_x=inf, clear_frames=15850
[INFO] [1782641277.566610147] [unitree_safe_cmd_node]: Move x=0.500, z=-0.038, stop_count=0, roi_count=0, nearest_x=inf, clear_frames=15855
[INFO] [1782641278.067564299] [unitree_safe_cmd_node]: Move x=0.500, z=-0.015, stop_count=0, roi_count=0, nearest_x=inf, clear_frames=15860
[INFO] [1782641278.617040359] [unitree_safe_cmd_node]: Move x=0.500, z=0.047, stop_count=0, roi_count=0, nearest_x=inf, clear_frames=15865
[INFO] [1782641279.117232885] [unitree_safe_cmd_node]: Move x=0.500, z=0.012, stop_count=0, roi_count=0, nearest_x=inf, clear_frames=15870
[INFO] [1782641279.666755522] [unitree_safe_cmd_node]: Move x=0.500, z=-0.001, stop_count=0, roi_count=0, nearest_x=inf, clear_frames=15876
[INFO] [1782641280.217037186] [unitree_safe_cmd_node]: Move x=0.500, z=-0.047, stop_count=0, roi_count=0, nearest_x=inf, clear_frames=15880
[INFO] [1782641280.717427969] [unitree_safe_cmd_node]: Move x=0.500, z=-0.014, stop_count=0, roi_count=0, nearest_x=inf, clear_frames=15885
[INFO] [1782641281.217727363] [unitree_safe_cmd_node]: Move x=0.500, z=0.029, stop_count=0, roi_count=0, nearest_x=inf, clear_frames=15890
[INFO] [1782641281.719925933] [unitree_safe_cmd_node]: Move x=0.500, z=0.001, stop_count=0, roi_count=0, nearest_x=inf, clear_frames=15896
[INFO] [1782641282.266697510] [unitree_safe_cmd_node]: Move x=0.500, z=-0.005, stop_count=0, roi_count=0, nearest_x=inf, clear_frames=15901
[INFO] [1782641282.766553686] [unitree_safe_cmd_node]: Move x=0.500, z=-0.039, stop_count=0, roi_count=0, nearest_x=inf, clear_frames=15906
[INFO] [1782641283.317038659] [unitree_safe_cmd_node]: Move x=0.500, z=-0.023, stop_count=0, roi_count=0, nearest_x=inf, clear_frames=15910
[INFO] [1782641283.866734867] [unitree_safe_cmd_node]: Move x=0.500, z=-0.038, stop_count=0, roi_count=0, nearest_x=inf, clear_frames=15916
[INFO] [1782641284.366485867] [unitree_safe_cmd_node]: Move x=0.500, z=0.033, stop_count=0, roi_count=0, nearest_x=inf, clear_frames=15920
[INFO] [1782641284.866620894] [unitree_safe_cmd_node]: Move x=0.500, z=0.011, stop_count=0, roi_count=0, nearest_x=inf, clear_frames=15925
[INFO] [1782641285.416985785] [unitree_safe_cmd_node]: Move x=0.500, z=0.003, stop_count=0, roi_count=0, nearest_x=inf, clear_frames=15929
[INFO] [1782641285.917124308] [unitree_safe_cmd_node]: Move x=0.500, z=0.024, stop_count=0, roi_count=0, nearest_x=inf, clear_frames=15934
[INFO] [1782641286.417629942] [unitree_safe_cmd_node]: Move x=0.500, z=0.028, stop_count=0, roi_count=0, nearest_x=inf, clear_frames=15938
[INFO] [1782641286.966639109] [unitree_safe_cmd_node]: Move x=0.500, z=0.004, stop_count=0, roi_count=0, nearest_x=inf, clear_frames=15944
[INFO] [1782641287.466753711] [unitree_safe_cmd_node]: Move x=0.500, z=0.025, stop_count=0, roi_count=0, nearest_x=inf, clear_frames=15949
[INFO] [1782641288.017352945] [unitree_safe_cmd_node]: Move x=0.500, z=0.021, stop_count=0, roi_count=0, nearest_x=inf, clear_frames=15954
[INFO] [1782641288.566616984] [unitree_safe_cmd_node]: Move x=0.500, z=-0.000, stop_count=0, roi_count=0, nearest_x=inf, clear_frames=15959
[INFO] [1782641289.067576128] [unitree_safe_cmd_node]: Move x=0.500, z=-0.086, stop_count=0, roi_count=0, nearest_x=inf, clear_frames=15964
[INFO] [1782641289.617101947] [unitree_safe_cmd_node]: Move x=0.500, z=-0.065, stop_count=0, roi_count=0, nearest_x=inf, clear_frames=15969
[INFO] [1782641290.120783806] [unitree_safe_cmd_node]: Move x=0.500, z=0.026, stop_count=0, roi_count=0, nearest_x=inf, clear_frames=15975
[INFO] [1782641290.666517526] [unitree_safe_cmd_node]: Move x=0.500, z=-0.018, stop_count=0, roi_count=0, nearest_x=inf, clear_frames=15980
[INFO] [1782641291.166621357] [unitree_safe_cmd_node]: Move x=0.500, z=-0.015, stop_count=0, roi_count=0, nearest_x=inf, clear_frames=15984
[INFO] [1782641291.718678559] [unitree_safe_cmd_node]: Move x=0.500, z=-0.009, stop_count=0, roi_count=0, nearest_x=inf, clear_frames=15990
[INFO] [1782641292.266676333] [unitree_safe_cmd_node]: Move x=0.500, z=-0.046, stop_count=0, roi_count=0, nearest_x=inf, clear_frames=15995
[INFO] [1782641292.769816214] [unitree_safe_cmd_node]: Move x=0.500, z=-0.016, stop_count=0, roi_count=0, nearest_x=inf, clear_frames=16000
[INFO] [1782641293.320012531] [unitree_safe_cmd_node]: Move x=0.500, z=-0.006, stop_count=0, roi_count=0, nearest_x=inf, clear_frames=16005
[INFO] [1782641293.866549713] [unitree_safe_cmd_node]: Move x=0.500, z=-0.029, stop_count=0, roi_count=0, nearest_x=inf, clear_frames=16010
[INFO] [1782641294.366669121] [unitree_safe_cmd_node]: Move x=0.500, z=-0.063, stop_count=0, roi_count=0, nearest_x=inf, clear_frames=16014
[INFO] [1782641294.917000026] [unitree_safe_cmd_node]: Move x=0.500, z=0.005, stop_count=0, roi_count=0, nearest_x=inf, clear_frames=16019
[INFO] [1782641295.466511765] [unitree_safe_cmd_node]: Move x=0.500, z=0.009, stop_count=0, roi_count=0, nearest_x=inf, clear_frames=16025
[INFO] [1782641295.966525577] [unitree_safe_cmd_node]: Move x=0.500, z=-0.044, stop_count=0, roi_count=0, nearest_x=inf, clear_frames=16030
[INFO] [1782641296.466694159] [unitree_safe_cmd_node]: Move x=0.500, z=0.027, stop_count=0, roi_count=0, nearest_x=inf, clear_frames=16035
[INFO] [1782641297.018313791] [unitree_safe_cmd_node]: Move x=0.500, z=0.017, stop_count=0, roi_count=0, nearest_x=inf, clear_frames=16040
[INFO] [1782641297.567811467] [unitree_safe_cmd_node]: Move x=0.500, z=0.034, stop_count=0, roi_count=0, nearest_x=inf, clear_frames=16045
[INFO] [1782641298.067301296] [unitree_safe_cmd_node]: Move x=0.500, z=-0.055, stop_count=0, roi_count=0, nearest_x=inf, clear_frames=16049
[INFO] [1782641298.617538412] [unitree_safe_cmd_node]: Move x=0.500, z=0.008, stop_count=0, roi_count=0, nearest_x=inf, clear_frames=16056
[INFO] [1782641299.167707471] [unitree_safe_cmd_node]: Move x=0.500, z=0.054, stop_count=0, roi_count=0, nearest_x=inf, clear_frames=16060
[INFO] [1782641299.666520329] [unitree_safe_cmd_node]: Move x=0.500, z=-0.023, stop_count=0, roi_count=0, nearest_x=inf, clear_frames=16065
[INFO] [1782641300.166588669] [unitree_safe_cmd_node]: Move x=0.500, z=-0.043, stop_count=0, roi_count=0, nearest_x=inf, clear_frames=16070
[INFO] [1782641300.666512480] [unitree_safe_cmd_node]: Move x=0.500, z=-0.052, stop_count=0, roi_count=0, nearest_x=inf, clear_frames=16075
[INFO] [1782641301.166534805] [unitree_safe_cmd_node]: Move x=0.500, z=-0.065, stop_count=0, roi_count=0, nearest_x=inf, clear_frames=16079
[INFO] [1782641301.717097908] [unitree_safe_cmd_node]: Move x=0.500, z=-0.109, stop_count=0, roi_count=0, nearest_x=inf, clear_frames=16084
[INFO] [1782641302.217471606] [unitree_safe_cmd_node]: Move x=0.500, z=0.042, stop_count=0, roi_count=0, nearest_x=inf, clear_frames=16088
[INFO] [1782641302.766563428] [unitree_safe_cmd_node]: Move x=0.500, z=0.048, stop_count=0, roi_count=0, nearest_x=inf, clear_frames=16094
[INFO] [1782641303.319255985] [unitree_safe_cmd_node]: Move x=0.500, z=-0.008, stop_count=0, roi_count=0, nearest_x=inf, clear_frames=16099
[INFO] [1782641303.866569793] [unitree_safe_cmd_node]: Move x=0.500, z=-0.039, stop_count=0, roi_count=0, nearest_x=inf, clear_frames=16104
[INFO] [1782641304.366721055] [unitree_safe_cmd_node]: Move x=0.500, z=-0.033, stop_count=0, roi_count=0, nearest_x=inf, clear_frames=16108
[INFO] [1782641304.916671612] [unitree_safe_cmd_node]: Move x=0.500, z=-0.048, stop_count=0, roi_count=0, nearest_x=inf, clear_frames=16114
[INFO] [1782641305.466528110] [unitree_safe_cmd_node]: Move x=0.500, z=-0.068, stop_count=0, roi_count=0, nearest_x=inf, clear_frames=16119
[INFO] [1782641306.017388201] [unitree_safe_cmd_node]: Move x=0.500, z=-0.010, stop_count=0, roi_count=0, nearest_x=inf, clear_frames=16124
[INFO] [1782641306.566581927] [unitree_safe_cmd_node]: Move x=0.500, z=-0.072, stop_count=0, roi_count=0, nearest_x=inf, clear_frames=16129
[INFO] [1782641307.072517157] [unitree_safe_cmd_node]: Move x=0.500, z=-0.028, stop_count=0, roi_count=0, nearest_x=inf, clear_frames=16134
[INFO] [1782641307.620220362] [unitree_safe_cmd_node]: Move x=0.500, z=0.007, stop_count=0, roi_count=0, nearest_x=inf, clear_frames=16140
[INFO] [1782641308.167206039] [unitree_safe_cmd_node]: Move x=0.500, z=-0.009, stop_count=0, roi_count=0, nearest_x=inf, clear_frames=16145
[INFO] [1782641308.719807939] [unitree_safe_cmd_node]: Move x=0.500, z=-0.026, stop_count=0, roi_count=0, nearest_x=inf, clear_frames=16151
[INFO] [1782641309.266634394] [unitree_safe_cmd_node]: Move x=0.500, z=-0.023, stop_count=0, roi_count=0, nearest_x=inf, clear_frames=16156
[INFO] [1782641309.766632860] [unitree_safe_cmd_node]: Move x=0.500, z=0.009, stop_count=0, roi_count=0, nearest_x=inf, clear_frames=16161
[INFO] [1782641310.316492509] [unitree_safe_cmd_node]: Move x=0.500, z=-0.033, stop_count=0, roi_count=0, nearest_x=inf, clear_frames=16167
[INFO] [1782641310.816530881] [unitree_safe_cmd_node]: Move x=0.500, z=-0.035, stop_count=0, roi_count=0, nearest_x=inf, clear_frames=16172
[INFO] [1782641311.318830945] [unitree_safe_cmd_node]: Move x=0.500, z=-0.020, stop_count=0, roi_count=0, nearest_x=inf, clear_frames=16176
[INFO] [1782641311.866870020] [unitree_safe_cmd_node]: Move x=0.500, z=-0.044, stop_count=0, roi_count=0, nearest_x=inf, clear_frames=16182
[INFO] [1782641312.366693428] [unitree_safe_cmd_node]: Move x=0.500, z=-0.026, stop_count=0, roi_count=0, nearest_x=inf, clear_frames=16186
[INFO] [1782641312.916473572] [unitree_safe_cmd_node]: Move x=0.500, z=-0.055, stop_count=0, roi_count=0, nearest_x=inf, clear_frames=16192
[INFO] [1782641313.416592146] [unitree_safe_cmd_node]: Move x=0.500, z=0.097, stop_count=0, roi_count=0, nearest_x=inf, clear_frames=16197
[INFO] [1782641313.966652294] [unitree_safe_cmd_node]: Move x=0.500, z=0.022, stop_count=0, roi_count=0, nearest_x=inf, clear_frames=16202
[INFO] [1782641314.466889590] [unitree_safe_cmd_node]: Move x=0.500, z=0.094, stop_count=0, roi_count=0, nearest_x=inf, clear_frames=16207
[INFO] [1782641315.020660544] [unitree_safe_cmd_node]: Move x=0.500, z=0.139, stop_count=0, roi_count=0, nearest_x=inf, clear_frames=16213
[INFO] [1782641315.566635883] [unitree_safe_cmd_node]: Move x=0.500, z=0.107, stop_count=0, roi_count=0, nearest_x=inf, clear_frames=16218
[INFO] [1782641316.067762280] [unitree_safe_cmd_node]: Move x=0.500, z=0.109, stop_count=0, roi_count=0, nearest_x=inf, clear_frames=16223
[INFO] [1782641316.618625495] [unitree_safe_cmd_node]: Move x=0.500, z=0.058, stop_count=0, roi_count=0, nearest_x=inf, clear_frames=16229
[INFO] [1782641317.166487825] [unitree_safe_cmd_node]: Move x=0.500, z=-0.003, stop_count=0, roi_count=0, nearest_x=inf, clear_frames=16234
[INFO] [1782641317.716797722] [unitree_safe_cmd_node]: Move x=0.500, z=-0.020, stop_count=0, roi_count=0, nearest_x=inf, clear_frames=16240
[INFO] [1782641318.216898827] [unitree_safe_cmd_node]: Move x=0.500, z=0.020, stop_count=0, roi_count=0, nearest_x=inf, clear_frames=16244
[INFO] [1782641318.766505042] [unitree_safe_cmd_node]: Move x=0.500, z=-0.060, stop_count=0, roi_count=0, nearest_x=inf, clear_frames=16250
[INFO] [1782641319.266963507] [unitree_safe_cmd_node]: Move x=0.500, z=0.009, stop_count=0, roi_count=0, nearest_x=inf, clear_frames=16254
[INFO] [1782641319.816541627] [unitree_safe_cmd_node]: Move x=0.500, z=0.027, stop_count=0, roi_count=0, nearest_x=inf, clear_frames=16260
[INFO] [1782641320.316532788] [unitree_safe_cmd_node]: Move x=0.500, z=-0.013, stop_count=0, roi_count=0, nearest_x=inf, clear_frames=16265
[INFO] [1782641320.816529369] [unitree_safe_cmd_node]: Move x=0.500, z=0.032, stop_count=0, roi_count=0, nearest_x=inf, clear_frames=16270
[INFO] [1782641321.366538877] [unitree_safe_cmd_node]: Move x=0.500, z=0.032, stop_count=0, roi_count=0, nearest_x=inf, clear_frames=16275
[INFO] [1782641321.866553289] [unitree_safe_cmd_node]: Move x=0.500, z=-0.044, stop_count=0, roi_count=0, nearest_x=inf, clear_frames=16280
[INFO] [1782641322.417664130] [unitree_safe_cmd_node]: Move x=0.500, z=-0.049, stop_count=0, roi_count=0, nearest_x=inf, clear_frames=16286
[INFO] [1782641322.966647139] [unitree_safe_cmd_node]: Move x=0.500, z=-0.008, stop_count=0, roi_count=0, nearest_x=inf, clear_frames=16291
[INFO] [1782641323.466858705] [unitree_safe_cmd_node]: Move x=0.500, z=0.027, stop_count=0, roi_count=0, nearest_x=inf, clear_frames=16296
[INFO] [1782641324.017994242] [unitree_safe_cmd_node]: Move x=0.500, z=-0.016, stop_count=0, roi_count=0, nearest_x=inf, clear_frames=16302
[INFO] [1782641324.566545480] [unitree_safe_cmd_node]: Move x=0.500, z=0.003, stop_count=0, roi_count=0, nearest_x=inf, clear_frames=16307
[INFO] [1782641325.067045013] [unitree_safe_cmd_node]: Move x=0.500, z=-0.008, stop_count=0, roi_count=0, nearest_x=inf, clear_frames=16311
[INFO] [1782641325.616598605] [unitree_safe_cmd_node]: Move x=0.500, z=0.039, stop_count=0, roi_count=0, nearest_x=inf, clear_frames=16318
[INFO] [1782641326.166698855] [unitree_safe_cmd_node]: Move x=0.500, z=-0.003, stop_count=0, roi_count=0, nearest_x=inf, clear_frames=16322
[INFO] [1782641326.716796359] [unitree_safe_cmd_node]: Move x=0.500, z=0.029, stop_count=0, roi_count=0, nearest_x=inf, clear_frames=16328
[INFO] [1782641327.216886965] [unitree_safe_cmd_node]: Move x=0.500, z=0.014, stop_count=0, roi_count=0, nearest_x=inf, clear_frames=16332
[INFO] [1782641327.766484026] [unitree_safe_cmd_node]: Move x=0.500, z=-0.028, stop_count=0, roi_count=0, nearest_x=inf, clear_frames=16338
[INFO] [1782641328.266571893] [unitree_safe_cmd_node]: Move x=0.500, z=0.019, stop_count=0, roi_count=0, nearest_x=inf, clear_frames=16342
[INFO] [1782641328.766524981] [unitree_safe_cmd_node]: Move x=0.500, z=-0.003, stop_count=0, roi_count=0, nearest_x=inf, clear_frames=16347
[INFO] [1782641329.316838608] [unitree_safe_cmd_node]: Move x=0.500, z=-0.011, stop_count=0, roi_count=0, nearest_x=inf, clear_frames=16352
[INFO] [1782641329.818294094] [unitree_safe_cmd_node]: Move x=0.500, z=-0.023, stop_count=0, roi_count=0, nearest_x=inf, clear_frames=16357
[INFO] [1782641330.366543290] [unitree_safe_cmd_node]: Move x=0.500, z=0.042, stop_count=0, roi_count=0, nearest_x=inf, clear_frames=16362
[INFO] [1782641330.867230800] [unitree_safe_cmd_node]: Move x=0.500, z=0.013, stop_count=0, roi_count=0, nearest_x=inf, clear_frames=16367
[INFO] [1782641331.417990603] [unitree_safe_cmd_node]: Move x=0.500, z=0.063, stop_count=0, roi_count=0, nearest_x=inf, clear_frames=16372
[INFO] [1782641331.966536641] [unitree_safe_cmd_node]: Move x=0.500, z=0.010, stop_count=0, roi_count=0, nearest_x=inf, clear_frames=16377
[INFO] [1782641332.516723617] [unitree_safe_cmd_node]: Move x=0.500, z=-0.033, stop_count=0, roi_count=0, nearest_x=inf, clear_frames=16383
[INFO] [1782641333.022525603] [unitree_safe_cmd_node]: Move x=0.500, z=-0.005, stop_count=0, roi_count=0, nearest_x=inf, clear_frames=16388
[INFO] [1782641333.566502916] [unitree_safe_cmd_node]: Move x=0.500, z=-0.007, stop_count=0, roi_count=0, nearest_x=inf, clear_frames=16393
[INFO] [1782641334.067025781] [unitree_safe_cmd_node]: Move x=0.500, z=-0.015, stop_count=0, roi_count=0, nearest_x=inf, clear_frames=16397
[INFO] [1782641334.616629643] [unitree_safe_cmd_node]: Move x=0.500, z=-0.052, stop_count=0, roi_count=0, nearest_x=inf, clear_frames=16403
[INFO] [1782641335.166534604] [unitree_safe_cmd_node]: Move x=0.500, z=-0.032, stop_count=0, roi_count=0, nearest_x=inf, clear_frames=16407
[INFO] [1782641335.666529419] [unitree_safe_cmd_node]: Move x=0.500, z=0.016, stop_count=0, roi_count=0, nearest_x=inf, clear_frames=16412
[INFO] [1782641336.217001353] [unitree_safe_cmd_node]: Move x=0.500, z=-0.002, stop_count=0, roi_count=0, nearest_x=inf, clear_frames=16417
[INFO] [1782641336.766522793] [unitree_safe_cmd_node]: Move x=0.500, z=-0.020, stop_count=0, roi_count=0, nearest_x=inf, clear_frames=16423
[INFO] [1782641337.316693868] [unitree_safe_cmd_node]: Move x=0.500, z=0.012, stop_count=0, roi_count=0, nearest_x=inf, clear_frames=16429
[INFO] [1782641337.818034496] [unitree_safe_cmd_node]: Move x=0.500, z=-0.043, stop_count=0, roi_count=0, nearest_x=inf, clear_frames=16434
[INFO] [1782641338.366548691] [unitree_safe_cmd_node]: Move x=0.500, z=-0.059, stop_count=0, roi_count=0, nearest_x=inf, clear_frames=16438
[INFO] [1782641338.866706743] [unitree_safe_cmd_node]: Move x=0.500, z=-0.044, stop_count=0, roi_count=0, nearest_x=inf, clear_frames=16443
[INFO] [1782641339.416575308] [unitree_safe_cmd_node]: Move x=0.500, z=-0.047, stop_count=0, roi_count=0, nearest_x=inf, clear_frames=16448
[INFO] [1782641339.966537070] [unitree_safe_cmd_node]: Move x=0.500, z=-0.014, stop_count=0, roi_count=0, nearest_x=inf, clear_frames=16453
[INFO] [1782641340.466556848] [unitree_safe_cmd_node]: Move x=0.500, z=-0.017, stop_count=0, roi_count=0, nearest_x=inf, clear_frames=16458
[INFO] [1782641341.022154410] [unitree_safe_cmd_node]: Move x=0.500, z=-0.007, stop_count=0, roi_count=0, nearest_x=inf, clear_frames=16463
[INFO] [1782641341.566514383] [unitree_safe_cmd_node]: Move x=0.500, z=-0.007, stop_count=0, roi_count=0, nearest_x=inf, clear_frames=16469
[INFO] [1782641342.067808194] [unitree_safe_cmd_node]: Move x=0.500, z=-0.026, stop_count=0, roi_count=0, nearest_x=inf, clear_frames=16474
[INFO] [1782641342.616778498] [unitree_safe_cmd_node]: Move x=0.500, z=-0.017, stop_count=0, roi_count=0, nearest_x=inf, clear_frames=16480
[INFO] [1782641343.166742315] [unitree_safe_cmd_node]: Move x=0.500, z=-0.004, stop_count=0, roi_count=0, nearest_x=inf, clear_frames=16485
[INFO] [1782641343.666511399] [unitree_safe_cmd_node]: Move x=0.500, z=-0.035, stop_count=0, roi_count=0, nearest_x=inf, clear_frames=16490
[INFO] [1782641344.166628934] [unitree_safe_cmd_node]: Move x=0.500, z=-0.007, stop_count=0, roi_count=0, nearest_x=inf, clear_frames=16495
[INFO] [1782641344.717541416] [unitree_safe_cmd_node]: Move x=0.500, z=0.000, stop_count=0, roi_count=0, nearest_x=inf, clear_frames=16501
[INFO] [1782641345.266854020] [unitree_safe_cmd_node]: Move x=0.500, z=0.024, stop_count=0, roi_count=0, nearest_x=inf, clear_frames=16506
[INFO] [1782641345.766524888] [unitree_safe_cmd_node]: Move x=0.500, z=0.011, stop_count=0, roi_count=0, nearest_x=inf, clear_frames=16511
[INFO] [1782641346.266668190] [unitree_safe_cmd_node]: Move x=0.500, z=0.009, stop_count=0, roi_count=0, nearest_x=inf, clear_frames=16516
[INFO] [1782641346.817388765] [unitree_safe_cmd_node]: Move x=0.500, z=0.008, stop_count=0, roi_count=0, nearest_x=inf, clear_frames=16522
[INFO] [1782641347.366490604] [unitree_safe_cmd_node]: Move x=0.500, z=-0.032, stop_count=0, roi_count=0, nearest_x=inf, clear_frames=16527
[INFO] [1782641347.866560613] [unitree_safe_cmd_node]: Move x=0.500, z=-0.048, stop_count=0, roi_count=0, nearest_x=inf, clear_frames=16532
[INFO] [1782641348.366588445] [unitree_safe_cmd_node]: Move x=0.500, z=-0.047, stop_count=0, roi_count=0, nearest_x=inf, clear_frames=16536
[INFO] [1782641348.917947098] [unitree_safe_cmd_node]: Move x=0.500, z=-0.008, stop_count=0, roi_count=0, nearest_x=inf, clear_frames=16542
[INFO] [1782641349.466571162] [unitree_safe_cmd_node]: Move x=0.500, z=-0.050, stop_count=0, roi_count=0, nearest_x=inf, clear_frames=16546
[INFO] [1782641349.966623422] [unitree_safe_cmd_node]: Move x=0.500, z=-0.043, stop_count=0, roi_count=0, nearest_x=inf, clear_frames=16551
[INFO] [1782641350.518295491] [unitree_safe_cmd_node]: Move x=0.500, z=-0.008, stop_count=0, roi_count=0, nearest_x=inf, clear_frames=16557
[INFO] [1782641351.020816074] [unitree_safe_cmd_node]: Move x=0.500, z=-0.054, stop_count=0, roi_count=0, nearest_x=inf, clear_frames=16562
[INFO] [1782641351.566516009] [unitree_safe_cmd_node]: Move x=0.500, z=-0.034, stop_count=0, roi_count=0, nearest_x=inf, clear_frames=16567
[INFO] [1782641352.067503661] [unitree_safe_cmd_node]: Move x=0.500, z=-0.031, stop_count=0, roi_count=0, nearest_x=inf, clear_frames=16572
[INFO] [1782641352.616699480] [unitree_safe_cmd_node]: Move x=0.500, z=-0.027, stop_count=0, roi_count=0, nearest_x=inf, clear_frames=16578
[INFO] [1782641353.118130451] [unitree_safe_cmd_node]: Move x=0.500, z=-0.063, stop_count=0, roi_count=0, nearest_x=inf, clear_frames=16583
[INFO] [1782641353.667002982] [unitree_safe_cmd_node]: Move x=0.500, z=-0.055, stop_count=0, roi_count=0, nearest_x=inf, clear_frames=16588
[INFO] [1782641354.217096342] [unitree_safe_cmd_node]: Move x=0.500, z=0.002, stop_count=0, roi_count=0, nearest_x=inf, clear_frames=16593
[INFO] [1782641354.766588375] [unitree_safe_cmd_node]: Move x=0.500, z=-0.018, stop_count=0, roi_count=0, nearest_x=inf, clear_frames=16599
[INFO] [1782641355.316688581] [unitree_safe_cmd_node]: Move x=0.500, z=-0.020, stop_count=0, roi_count=0, nearest_x=inf, clear_frames=16605
[INFO] [1782641355.866674240] [unitree_safe_cmd_node]: Move x=0.500, z=-0.026, stop_count=0, roi_count=0, nearest_x=inf, clear_frames=16610
[INFO] [1782641356.368473962] [unitree_safe_cmd_node]: Move x=0.500, z=-0.009, stop_count=0, roi_count=0, nearest_x=inf, clear_frames=16614
[INFO] [1782641356.916613178] [unitree_safe_cmd_node]: Move x=0.500, z=-0.042, stop_count=0, roi_count=0, nearest_x=inf, clear_frames=16620
[INFO] [1782641357.417238075] [unitree_safe_cmd_node]: Move x=0.500, z=-0.008, stop_count=0, roi_count=0, nearest_x=inf, clear_frames=16625
[INFO] [1782641357.966504210] [unitree_safe_cmd_node]: Move x=0.500, z=0.004, stop_count=0, roi_count=0, nearest_x=inf, clear_frames=16630
[INFO] [1782641358.467133940] [unitree_safe_cmd_node]: Move x=0.500, z=-0.043, stop_count=0, roi_count=0, nearest_x=inf, clear_frames=16635
[INFO] [1782641359.017278245] [unitree_safe_cmd_node]: Move x=0.500, z=-0.024, stop_count=0, roi_count=0, nearest_x=inf, clear_frames=16640
[INFO] [1782641359.566762625] [unitree_safe_cmd_node]: Move x=0.500, z=-0.003, stop_count=0, roi_count=0, nearest_x=inf, clear_frames=16645
[INFO] [1782641360.067243865] [unitree_safe_cmd_node]: Move x=0.500, z=-0.050, stop_count=0, roi_count=0, nearest_x=inf, clear_frames=16650
[INFO] [1782641360.617565407] [unitree_safe_cmd_node]: Move x=0.500, z=-0.050, stop_count=0, roi_count=0, nearest_x=inf, clear_frames=16655
[INFO] [1782641361.166681490] [unitree_safe_cmd_node]: Move x=0.500, z=-0.028, stop_count=0, roi_count=0, nearest_x=inf, clear_frames=16660
[INFO] [1782641361.666702567] [unitree_safe_cmd_node]: Move x=0.500, z=-0.049, stop_count=0, roi_count=0, nearest_x=inf, clear_frames=16665
[INFO] [1782641362.216987685] [unitree_safe_cmd_node]: Move x=0.500, z=-0.037, stop_count=0, roi_count=0, nearest_x=inf, clear_frames=16670
[INFO] [1782641362.766500724] [unitree_safe_cmd_node]: Move x=0.500, z=-0.025, stop_count=0, roi_count=0, nearest_x=inf, clear_frames=16676
[INFO] [1782641363.266584160] [unitree_safe_cmd_node]: Move x=0.500, z=-0.009, stop_count=0, roi_count=0, nearest_x=inf, clear_frames=16681
[INFO] [1782641363.816538880] [unitree_safe_cmd_node]: Move x=0.500, z=-0.011, stop_count=0, roi_count=0, nearest_x=inf, clear_frames=16687
[INFO] [1782641364.316649798] [unitree_safe_cmd_node]: Move x=0.500, z=0.002, stop_count=0, roi_count=0, nearest_x=inf, clear_frames=16692
[INFO] [1782641364.816555638] [unitree_safe_cmd_node]: Move x=0.500, z=-0.001, stop_count=0, roi_count=0, nearest_x=inf, clear_frames=16697
[INFO] [1782641365.366550662] [unitree_safe_cmd_node]: Move x=0.500, z=0.010, stop_count=0, roi_count=0, nearest_x=inf, clear_frames=16702
[INFO] [1782641365.916696381] [unitree_safe_cmd_node]: Move x=0.500, z=-0.019, stop_count=0, roi_count=0, nearest_x=inf, clear_frames=16708
[INFO] [1782641366.466531552] [unitree_safe_cmd_node]: Move x=0.500, z=0.007, stop_count=0, roi_count=0, nearest_x=inf, clear_frames=16713
[INFO] [1782641367.017818837] [unitree_safe_cmd_node]: Move x=0.500, z=-0.004, stop_count=0, roi_count=0, nearest_x=inf, clear_frames=16719
[INFO] [1782641367.566692853] [unitree_safe_cmd_node]: Move x=0.500, z=0.032, stop_count=0, roi_count=0, nearest_x=inf, clear_frames=16724
[INFO] [1782641368.067901112] [unitree_safe_cmd_node]: Move x=0.500, z=-0.014, stop_count=0, roi_count=0, nearest_x=inf, clear_frames=16729
[INFO] [1782641368.616820535] [unitree_safe_cmd_node]: Move x=0.500, z=0.026, stop_count=0, roi_count=0, nearest_x=inf, clear_frames=16735
[INFO] [1782641369.166506163] [unitree_safe_cmd_node]: Move x=0.500, z=0.021, stop_count=0, roi_count=0, nearest_x=inf, clear_frames=16739
[INFO] [1782641369.666545292] [unitree_safe_cmd_node]: Move x=0.500, z=0.003, stop_count=0, roi_count=0, nearest_x=inf, clear_frames=16744
[INFO] [1782641370.166522888] [unitree_safe_cmd_node]: Move x=0.500, z=-0.016, stop_count=0, roi_count=0, nearest_x=inf, clear_frames=16748
[INFO] [1782641370.717726357] [unitree_safe_cmd_node]: Move x=0.500, z=-0.008, stop_count=0, roi_count=0, nearest_x=inf, clear_frames=16754
[INFO] [1782641371.217052351] [unitree_safe_cmd_node]: Move x=0.500, z=-0.016, stop_count=0, roi_count=0, nearest_x=inf, clear_frames=16758
[INFO] [1782641371.766627753] [unitree_safe_cmd_node]: Move x=0.500, z=-0.042, stop_count=0, roi_count=0, nearest_x=inf, clear_frames=16764
[INFO] [1782641372.316488525] [unitree_safe_cmd_node]: Move x=0.500, z=-0.020, stop_count=0, roi_count=0, nearest_x=inf, clear_frames=16769
[INFO] [1782641372.816525696] [unitree_safe_cmd_node]: Move x=0.500, z=-0.019, stop_count=0, roi_count=0, nearest_x=inf, clear_frames=16774
[INFO] [1782641373.316547238] [unitree_safe_cmd_node]: Move x=0.500, z=-0.035, stop_count=0, roi_count=0, nearest_x=inf, clear_frames=16779
[INFO] [1782641373.866862436] [unitree_safe_cmd_node]: Move x=0.500, z=0.017, stop_count=0, roi_count=0, nearest_x=inf, clear_frames=16784
[INFO] [1782641374.416613270] [unitree_safe_cmd_node]: Move x=0.500, z=0.006, stop_count=0, roi_count=0, nearest_x=inf, clear_frames=16789
[INFO] [1782641374.966517351] [unitree_safe_cmd_node]: Move x=0.500, z=-0.033, stop_count=0, roi_count=0, nearest_x=inf, clear_frames=16794
[INFO] [1782641375.516762501] [unitree_safe_cmd_node]: Move x=0.500, z=-0.027, stop_count=0, roi_count=0, nearest_x=inf, clear_frames=16800
[INFO] [1782641376.017347457] [unitree_safe_cmd_node]: Move x=0.500, z=-0.062, stop_count=0, roi_count=0, nearest_x=inf, clear_frames=16804
[INFO] [1782641376.517408506] [unitree_safe_cmd_node]: Move x=0.500, z=-0.035, stop_count=0, roi_count=0, nearest_x=inf, clear_frames=16809
[INFO] [1782641377.067070367] [unitree_safe_cmd_node]: Move x=0.500, z=-0.063, stop_count=0, roi_count=0, nearest_x=inf, clear_frames=16813
[INFO] [1782641377.616557277] [unitree_safe_cmd_node]: Move x=0.500, z=-0.026, stop_count=0, roi_count=0, nearest_x=inf, clear_frames=16819
[INFO] [1782641378.116605827] [unitree_safe_cmd_node]: Move x=0.500, z=-0.021, stop_count=0, roi_count=0, nearest_x=inf, clear_frames=16824
[INFO] [1782641378.666527331] [unitree_safe_cmd_node]: Move x=0.500, z=0.008, stop_count=0, roi_count=0, nearest_x=inf, clear_frames=16829
[INFO] [1782641379.166614398] [unitree_safe_cmd_node]: Move x=0.500, z=-0.022, stop_count=0, roi_count=0, nearest_x=inf, clear_frames=16834
[INFO] [1782641379.716544585] [unitree_safe_cmd_node]: Move x=0.500, z=-0.012, stop_count=0, roi_count=0, nearest_x=inf, clear_frames=16840
[INFO] [1782641380.216895976] [unitree_safe_cmd_node]: Move x=0.500, z=-0.016, stop_count=0, roi_count=0, nearest_x=inf, clear_frames=16844
[INFO] [1782641380.766619359] [unitree_safe_cmd_node]: Move x=0.500, z=-0.003, stop_count=0, roi_count=0, nearest_x=inf, clear_frames=16850
[INFO] [1782641381.317621766] [unitree_safe_cmd_node]: Move x=0.500, z=-0.006, stop_count=0, roi_count=0, nearest_x=inf, clear_frames=16855
[INFO] [1782641381.866646444] [unitree_safe_cmd_node]: Move x=0.500, z=-0.008, stop_count=0, roi_count=0, nearest_x=inf, clear_frames=16860
[INFO] [1782641382.416572648] [unitree_safe_cmd_node]: Move x=0.500, z=-0.042, stop_count=0, roi_count=0, nearest_x=inf, clear_frames=16866
[INFO] [1782641382.916761616] [unitree_safe_cmd_node]: Move x=0.500, z=-0.035, stop_count=0, roi_count=0, nearest_x=inf, clear_frames=16871
[INFO] [1782641383.466500174] [unitree_safe_cmd_node]: Move x=0.500, z=-0.048, stop_count=0, roi_count=0, nearest_x=inf, clear_frames=16876
[INFO] [1782641383.966881772] [unitree_safe_cmd_node]: Move x=0.500, z=0.027, stop_count=0, roi_count=0, nearest_x=inf, clear_frames=16881
[INFO] [1782641384.516516462] [unitree_safe_cmd_node]: Move x=0.500, z=0.028, stop_count=0, roi_count=0, nearest_x=inf, clear_frames=16886
[INFO] [1782641385.017328376] [unitree_safe_cmd_node]: Move x=0.500, z=-0.030, stop_count=0, roi_count=0, nearest_x=inf, clear_frames=16890
[INFO] [1782641385.566517518] [unitree_safe_cmd_node]: Move x=0.500, z=-0.024, stop_count=0, roi_count=0, nearest_x=inf, clear_frames=16895
[INFO] [1782641386.067015347] [unitree_safe_cmd_node]: Move x=0.500, z=0.014, stop_count=0, roi_count=0, nearest_x=inf, clear_frames=16899
[INFO] [1782641386.616586667] [unitree_safe_cmd_node]: Move x=0.500, z=-0.000, stop_count=0, roi_count=0, nearest_x=inf, clear_frames=16905
[INFO] [1782641387.130163677] [unitree_safe_cmd_node]: Move x=0.500, z=-0.002, stop_count=0, roi_count=0, nearest_x=inf, clear_frames=16909
[INFO] [1782641387.666587626] [unitree_safe_cmd_node]: Move x=0.500, z=-0.007, stop_count=0, roi_count=0, nearest_x=inf, clear_frames=16915
[INFO] [1782641388.166908068] [unitree_safe_cmd_node]: Move x=0.500, z=-0.025, stop_count=0, roi_count=0, nearest_x=inf, clear_frames=16920
[INFO] [1782641388.716570022] [unitree_safe_cmd_node]: Move x=0.500, z=-0.000, stop_count=0, roi_count=0, nearest_x=inf, clear_frames=16926
[INFO] [1782641389.217011353] [unitree_safe_cmd_node]: Move x=0.500, z=-0.021, stop_count=0, roi_count=0, nearest_x=inf, clear_frames=16930
[INFO] [1782641389.766874842] [unitree_safe_cmd_node]: Move x=0.500, z=-0.025, stop_count=0, roi_count=0, nearest_x=inf, clear_frames=16936
[INFO] [1782641390.316584848] [unitree_safe_cmd_node]: Move x=0.500, z=-0.047, stop_count=0, roi_count=0, nearest_x=inf, clear_frames=16942
[INFO] [1782641390.816963904] [unitree_safe_cmd_node]: Move x=0.500, z=0.014, stop_count=0, roi_count=0, nearest_x=inf, clear_frames=16947
[INFO] [1782641391.316595394] [unitree_safe_cmd_node]: Move x=0.500, z=-0.001, stop_count=0, roi_count=0, nearest_x=inf, clear_frames=16952
[INFO] [1782641391.866536816] [unitree_safe_cmd_node]: Move x=0.500, z=-0.035, stop_count=0, roi_count=0, nearest_x=inf, clear_frames=16957
[INFO] [1782641392.366554521] [unitree_safe_cmd_node]: Move x=0.500, z=-0.014, stop_count=0, roi_count=0, nearest_x=inf, clear_frames=16961
[INFO] [1782641392.866979263] [unitree_safe_cmd_node]: Move x=0.500, z=-0.026, stop_count=0, roi_count=0, nearest_x=inf, clear_frames=16966
[INFO] [1782641393.416528519] [unitree_safe_cmd_node]: Move x=0.500, z=-0.012, stop_count=0, roi_count=0, nearest_x=inf, clear_frames=16972
[INFO] [1782641393.916738952] [unitree_safe_cmd_node]: Move x=0.500, z=-0.018, stop_count=0, roi_count=0, nearest_x=inf, clear_frames=16977
[INFO] [1782641394.466560360] [unitree_safe_cmd_node]: Move x=0.500, z=-0.041, stop_count=0, roi_count=0, nearest_x=inf, clear_frames=16982
[INFO] [1782641394.966692785] [unitree_safe_cmd_node]: Move x=0.500, z=0.006, stop_count=0, roi_count=0, nearest_x=inf, clear_frames=16987
[INFO] [1782641395.516619411] [unitree_safe_cmd_node]: Move x=0.500, z=-0.020, stop_count=0, roi_count=0, nearest_x=inf, clear_frames=16992
[INFO] [1782641396.018760967] [unitree_safe_cmd_node]: Move x=0.500, z=-0.012, stop_count=0, roi_count=0, nearest_x=inf, clear_frames=16997
[INFO] [1782641396.566497097] [unitree_safe_cmd_node]: Move x=0.500, z=-0.025, stop_count=0, roi_count=0, nearest_x=inf, clear_frames=17002
[INFO] [1782641397.067014167] [unitree_safe_cmd_node]: Move x=0.500, z=-0.048, stop_count=0, roi_count=0, nearest_x=inf, clear_frames=17006
[INFO] [1782641397.616537930] [unitree_safe_cmd_node]: Move x=0.500, z=-0.042, stop_count=0, roi_count=0, nearest_x=inf, clear_frames=17012
[INFO] [1782641398.116559725] [unitree_safe_cmd_node]: Move x=0.500, z=0.014, stop_count=0, roi_count=0, nearest_x=inf, clear_frames=17017
[INFO] [1782641398.666571710] [unitree_safe_cmd_node]: Move x=0.500, z=-0.016, stop_count=0, roi_count=0, nearest_x=inf, clear_frames=17022
[INFO] [1782641399.216865149] [unitree_safe_cmd_node]: Move x=0.500, z=-0.017, stop_count=0, roi_count=0, nearest_x=inf, clear_frames=17027
[INFO] [1782641399.766545103] [unitree_safe_cmd_node]: Move x=0.500, z=-0.045, stop_count=0, roi_count=0, nearest_x=inf, clear_frames=17033
[INFO] [1782641400.316596255] [unitree_safe_cmd_node]: Move x=0.500, z=-0.039, stop_count=0, roi_count=0, nearest_x=inf, clear_frames=17038
[INFO] [1782641400.816568956] [unitree_safe_cmd_node]: Move x=0.500, z=-0.006, stop_count=0, roi_count=0, nearest_x=inf, clear_frames=17043
[INFO] [1782641401.316609396] [unitree_safe_cmd_node]: Move x=0.500, z=-0.023, stop_count=0, roi_count=0, nearest_x=inf, clear_frames=17048
[INFO] [1782641401.866996218] [unitree_safe_cmd_node]: Move x=0.500, z=0.009, stop_count=0, roi_count=0, nearest_x=inf, clear_frames=17053
[INFO] [1782641402.416580958] [unitree_safe_cmd_node]: Move x=0.500, z=-0.010, stop_count=0, roi_count=0, nearest_x=inf, clear_frames=17058
[INFO] [1782641402.916814419] [unitree_safe_cmd_node]: Move x=0.500, z=-0.032, stop_count=0, roi_count=0, nearest_x=inf, clear_frames=17063
[INFO] [1782641403.466789763] [unitree_safe_cmd_node]: Move x=0.500, z=0.026, stop_count=0, roi_count=0, nearest_x=inf, clear_frames=17068
[INFO] [1782641404.017984128] [unitree_safe_cmd_node]: Move x=0.500, z=0.017, stop_count=0, roi_count=0, nearest_x=inf, clear_frames=17074
[INFO] [1782641404.566509137] [unitree_safe_cmd_node]: Move x=0.500, z=-0.020, stop_count=0, roi_count=0, nearest_x=inf, clear_frames=17079
[INFO] [1782641405.067010010] [unitree_safe_cmd_node]: Move x=0.500, z=-0.014, stop_count=0, roi_count=0, nearest_x=inf, clear_frames=17083
[INFO] [1782641405.616573271] [unitree_safe_cmd_node]: Move x=0.500, z=-0.030, stop_count=0, roi_count=0, nearest_x=inf, clear_frames=17089
[INFO] [1782641406.117716705] [unitree_safe_cmd_node]: Move x=0.500, z=-0.039, stop_count=0, roi_count=0, nearest_x=inf, clear_frames=17093
[INFO] [1782641406.666500288] [unitree_safe_cmd_node]: Move x=0.500, z=-0.025, stop_count=0, roi_count=0, nearest_x=inf, clear_frames=17098
[INFO] [1782641407.216982212] [unitree_safe_cmd_node]: Move x=0.500, z=-0.020, stop_count=0, roi_count=0, nearest_x=inf, clear_frames=17103
[INFO] [1782641407.766513772] [unitree_safe_cmd_node]: Move x=0.500, z=-0.011, stop_count=0, roi_count=0, nearest_x=inf, clear_frames=17108
[INFO] [1782641408.266714590] [unitree_safe_cmd_node]: Move x=0.500, z=-0.055, stop_count=0, roi_count=0, nearest_x=inf, clear_frames=17112
[INFO] [1782641408.766553041] [unitree_safe_cmd_node]: Move x=0.500, z=-0.035, stop_count=0, roi_count=0, nearest_x=inf, clear_frames=17117
[INFO] [1782641409.316580049] [unitree_safe_cmd_node]: Move x=0.500, z=0.013, stop_count=0, roi_count=0, nearest_x=inf, clear_frames=17123
[INFO] [1782641409.817120035] [unitree_safe_cmd_node]: Move x=0.500, z=-0.029, stop_count=0, roi_count=0, nearest_x=inf, clear_frames=17128
[INFO] [1782641410.366534612] [unitree_safe_cmd_node]: Move x=0.500, z=-0.056, stop_count=0, roi_count=0, nearest_x=inf, clear_frames=17133
[INFO] [1782641410.866710064] [unitree_safe_cmd_node]: Move x=0.500, z=-0.041, stop_count=0, roi_count=0, nearest_x=inf, clear_frames=17138
[INFO] [1782641411.416530785] [unitree_safe_cmd_node]: Move x=0.500, z=-0.032, stop_count=0, roi_count=0, nearest_x=inf, clear_frames=17143
[INFO] [1782641411.916718862] [unitree_safe_cmd_node]: Move x=0.500, z=-0.025, stop_count=0, roi_count=0, nearest_x=inf, clear_frames=17148
[INFO] [1782641412.466541234] [unitree_safe_cmd_node]: Move x=0.500, z=0.006, stop_count=0, roi_count=0, nearest_x=inf, clear_frames=17153
[INFO] [1782641412.966641604] [unitree_safe_cmd_node]: Move x=0.500, z=0.028, stop_count=0, roi_count=0, nearest_x=inf, clear_frames=17158
[INFO] [1782641413.516706612] [unitree_safe_cmd_node]: Move x=0.500, z=0.022, stop_count=0, roi_count=0, nearest_x=inf, clear_frames=17164
[INFO] [1782641414.018448171] [unitree_safe_cmd_node]: Move x=0.500, z=0.029, stop_count=0, roi_count=0, nearest_x=inf, clear_frames=17169
[INFO] [1782641414.566505067] [unitree_safe_cmd_node]: Move x=0.500, z=0.041, stop_count=0, roi_count=0, nearest_x=inf, clear_frames=17174
[INFO] [1782641415.066978883] [unitree_safe_cmd_node]: Move x=0.500, z=0.006, stop_count=0, roi_count=0, nearest_x=inf, clear_frames=17178
[INFO] [1782641415.616573564] [unitree_safe_cmd_node]: Move x=0.500, z=0.010, stop_count=0, roi_count=0, nearest_x=inf, clear_frames=17184
[INFO] [1782641416.116586190] [unitree_safe_cmd_node]: Move x=0.500, z=-0.018, stop_count=0, roi_count=0, nearest_x=inf, clear_frames=17188
[INFO] [1782641416.667601266] [unitree_safe_cmd_node]: Move x=0.500, z=-0.024, stop_count=0, roi_count=0, nearest_x=inf, clear_frames=17193
[INFO] [1782641417.167388152] [unitree_safe_cmd_node]: Move x=0.500, z=-0.003, stop_count=0, roi_count=0, nearest_x=inf, clear_frames=17198
[INFO] [1782641417.716555898] [unitree_safe_cmd_node]: Move x=0.500, z=0.006, stop_count=0, roi_count=0, nearest_x=inf, clear_frames=17204
[INFO] [1782641418.216903401] [unitree_safe_cmd_node]: Move x=0.500, z=-0.016, stop_count=0, roi_count=0, nearest_x=inf, clear_frames=17208
[INFO] [1782641418.766716350] [unitree_safe_cmd_node]: Move x=0.500, z=-0.058, stop_count=0, roi_count=0, nearest_x=inf, clear_frames=17214
[INFO] [1782641419.316792439] [unitree_safe_cmd_node]: Move x=0.500, z=-0.008, stop_count=0, roi_count=0, nearest_x=inf, clear_frames=17220
[INFO] [1782641419.866596661] [unitree_safe_cmd_node]: Move x=0.500, z=-0.043, stop_count=0, roi_count=0, nearest_x=inf, clear_frames=17225
[INFO] [1782641420.416558253] [unitree_safe_cmd_node]: Move x=0.500, z=-0.035, stop_count=0, roi_count=0, nearest_x=inf, clear_frames=17231
[INFO] [1782641420.966544521] [unitree_safe_cmd_node]: Move x=0.500, z=-0.005, stop_count=0, roi_count=0, nearest_x=inf, clear_frames=17236
[INFO] [1782641421.516541520] [unitree_safe_cmd_node]: Move x=0.500, z=-0.017, stop_count=0, roi_count=0, nearest_x=inf, clear_frames=17241
[INFO] [1782641422.018299101] [unitree_safe_cmd_node]: Move x=0.500, z=-0.018, stop_count=0, roi_count=0, nearest_x=inf, clear_frames=17246
[INFO] [1782641422.566535273] [unitree_safe_cmd_node]: Move x=0.500, z=-0.011, stop_count=0, roi_count=0, nearest_x=inf, clear_frames=17251
[INFO] [1782641423.067703517] [unitree_safe_cmd_node]: Move x=0.500, z=-0.051, stop_count=0, roi_count=0, nearest_x=inf, clear_frames=17256
[INFO] [1782641423.616514737] [unitree_safe_cmd_node]: Move x=0.500, z=-0.063, stop_count=0, roi_count=0, nearest_x=inf, clear_frames=17262
[INFO] [1782641424.116615510] [unitree_safe_cmd_node]: Move x=0.500, z=-0.012, stop_count=0, roi_count=0, nearest_x=inf, clear_frames=17267
[INFO] [1782641424.666692895] [unitree_safe_cmd_node]: Move x=0.500, z=-0.022, stop_count=0, roi_count=0, nearest_x=inf, clear_frames=17272
[INFO] [1782641425.219756662] [unitree_safe_cmd_node]: Move x=0.500, z=-0.022, stop_count=0, roi_count=0, nearest_x=inf, clear_frames=17277
[INFO] [1782641425.766554937] [unitree_safe_cmd_node]: Move x=0.500, z=-0.005, stop_count=0, roi_count=0, nearest_x=inf, clear_frames=17283
[INFO] [1782641426.266622249] [unitree_safe_cmd_node]: Move x=0.500, z=-0.028, stop_count=0, roi_count=0, nearest_x=inf, clear_frames=17287
[INFO] [1782641426.816570993] [unitree_safe_cmd_node]: Move x=0.500, z=-0.027, stop_count=0, roi_count=0, nearest_x=inf, clear_frames=17293
[INFO] [1782641427.316707376] [unitree_safe_cmd_node]: Move x=0.500, z=-0.015, stop_count=0, roi_count=0, nearest_x=inf, clear_frames=17298
[INFO] [1782641427.816636058] [unitree_safe_cmd_node]: Move x=0.500, z=-0.023, stop_count=0, roi_count=0, nearest_x=inf, clear_frames=17303
[INFO] [1782641428.366513796] [unitree_safe_cmd_node]: Move x=0.500, z=-0.056, stop_count=0, roi_count=0, nearest_x=inf, clear_frames=17308
[INFO] [1782641428.866871715] [unitree_safe_cmd_node]: Move x=0.500, z=-0.011, stop_count=0, roi_count=0, nearest_x=inf, clear_frames=17313
[INFO] [1782641429.416905381] [unitree_safe_cmd_node]: Move x=0.500, z=-0.023, stop_count=0, roi_count=0, nearest_x=inf, clear_frames=17319
[INFO] [1782641429.966720335] [unitree_safe_cmd_node]: Move x=0.500, z=-0.020, stop_count=0, roi_count=0, nearest_x=inf, clear_frames=17324
[INFO] [1782641430.467286607] [unitree_safe_cmd_node]: Move x=0.500, z=-0.025, stop_count=0, roi_count=0, nearest_x=inf, clear_frames=17329
[INFO] [1782641431.017668542] [unitree_safe_cmd_node]: Move x=0.500, z=-0.009, stop_count=0, roi_count=0, nearest_x=inf, clear_frames=17335
[INFO] [1782641431.519402564] [unitree_safe_cmd_node]: Move x=0.500, z=-0.032, stop_count=0, roi_count=0, nearest_x=inf, clear_frames=17340
[INFO] [1782641432.067453045] [unitree_safe_cmd_node]: Move x=0.500, z=-0.032, stop_count=0, roi_count=0, nearest_x=inf, clear_frames=17345
[INFO] [1782641432.569416217] [unitree_safe_cmd_node]: Move x=0.500, z=0.014, stop_count=0, roi_count=0, nearest_x=inf, clear_frames=17350
[INFO] [1782641433.116787875] [unitree_safe_cmd_node]: Move x=0.500, z=-0.021, stop_count=0, roi_count=0, nearest_x=inf, clear_frames=17355
[INFO] [1782641433.666520887] [unitree_safe_cmd_node]: Move x=0.500, z=-0.047, stop_count=0, roi_count=0, nearest_x=inf, clear_frames=17360
[INFO] [1782641434.166622352] [unitree_safe_cmd_node]: Move x=0.500, z=-0.055, stop_count=0, roi_count=0, nearest_x=inf, clear_frames=17364
[INFO] [1782641434.716585698] [unitree_safe_cmd_node]: Move x=0.500, z=-0.023, stop_count=0, roi_count=0, nearest_x=inf, clear_frames=17370
[INFO] [1782641435.220053847] [unitree_safe_cmd_node]: Move x=0.500, z=-0.039, stop_count=0, roi_count=0, nearest_x=inf, clear_frames=17374
[INFO] [1782641435.766526593] [unitree_safe_cmd_node]: Move x=0.500, z=-0.043, stop_count=0, roi_count=0, nearest_x=inf, clear_frames=17379
[INFO] [1782641436.316552452] [unitree_safe_cmd_node]: Move x=0.500, z=0.016, stop_count=0, roi_count=0, nearest_x=inf, clear_frames=17384
[INFO] [1782641436.816679855] [unitree_safe_cmd_node]: Move x=0.500, z=-0.002, stop_count=0, roi_count=0, nearest_x=inf, clear_frames=17389
[INFO] [1782641437.366565152] [unitree_safe_cmd_node]: Move x=0.500, z=0.016, stop_count=0, roi_count=0, nearest_x=inf, clear_frames=17394
[INFO] [1782641437.916617940] [unitree_safe_cmd_node]: Move x=0.500, z=0.060, stop_count=0, roi_count=0, nearest_x=inf, clear_frames=17400
[INFO] [1782641438.466492797] [unitree_safe_cmd_node]: Move x=0.500, z=0.021, stop_count=0, roi_count=0, nearest_x=inf, clear_frames=17404
[INFO] [1782641438.966542876] [unitree_safe_cmd_node]: Move x=0.500, z=0.011, stop_count=0, roi_count=0, nearest_x=inf, clear_frames=17409
[INFO] [1782641439.466853669] [unitree_safe_cmd_node]: Move x=0.500, z=-0.012, stop_count=0, roi_count=0, nearest_x=inf, clear_frames=17414
[INFO] [1782641440.017645534] [unitree_safe_cmd_node]: Move x=0.500, z=0.002, stop_count=0, roi_count=0, nearest_x=inf, clear_frames=17419
[INFO] [1782641440.566562305] [unitree_safe_cmd_node]: Move x=0.500, z=-0.041, stop_count=0, roi_count=0, nearest_x=inf, clear_frames=17424
[INFO] [1782641441.067541761] [unitree_safe_cmd_node]: Move x=0.500, z=-0.023, stop_count=0, roi_count=0, nearest_x=inf, clear_frames=17429
[INFO] [1782641441.616776470] [unitree_safe_cmd_node]: Move x=0.500, z=-0.002, stop_count=0, roi_count=0, nearest_x=inf, clear_frames=17435
[INFO] [1782641442.166505434] [unitree_safe_cmd_node]: Move x=0.500, z=-0.029, stop_count=0, roi_count=0, nearest_x=inf, clear_frames=17439
[INFO] [1782641442.666508274] [unitree_safe_cmd_node]: Move x=0.500, z=-0.078, stop_count=0, roi_count=0, nearest_x=inf, clear_frames=17444
[INFO] [1782641443.216920858] [unitree_safe_cmd_node]: Move x=0.500, z=-0.024, stop_count=0, roi_count=0, nearest_x=inf, clear_frames=17449
[INFO] [1782641443.766628463] [unitree_safe_cmd_node]: Move x=0.500, z=0.017, stop_count=0, roi_count=0, nearest_x=inf, clear_frames=17455
[INFO] [1782641444.266855673] [unitree_safe_cmd_node]: Move x=0.500, z=-0.007, stop_count=0, roi_count=0, nearest_x=inf, clear_frames=17460
[INFO] [1782641444.816886922] [unitree_safe_cmd_node]: Move x=0.500, z=-0.024, stop_count=0, roi_count=0, nearest_x=inf, clear_frames=17466
[INFO] [1782641445.366548878] [unitree_safe_cmd_node]: Move x=0.500, z=-0.029, stop_count=0, roi_count=0, nearest_x=inf, clear_frames=17470
[INFO] [1782641445.866566002] [unitree_safe_cmd_node]: Move x=0.500, z=-0.025, stop_count=0, roi_count=0, nearest_x=inf, clear_frames=17475
[INFO] [1782641446.416824308] [unitree_safe_cmd_node]: Move x=0.500, z=-0.049, stop_count=0, roi_count=0, nearest_x=inf, clear_frames=17481
[INFO] [1782641446.972051588] [unitree_safe_cmd_node]: Move x=0.500, z=-0.050, stop_count=0, roi_count=0, nearest_x=inf, clear_frames=17486
[INFO] [1782641447.516501392] [unitree_safe_cmd_node]: Move x=0.500, z=-0.065, stop_count=0, roi_count=0, nearest_x=inf, clear_frames=17491
[INFO] [1782641448.018018269] [unitree_safe_cmd_node]: Move x=0.500, z=0.026, stop_count=0, roi_count=0, nearest_x=inf, clear_frames=17496
[INFO] [1782641448.566654000] [unitree_safe_cmd_node]: Move x=0.500, z=-0.000, stop_count=0, roi_count=0, nearest_x=inf, clear_frames=17501
[INFO] [1782641449.067181831] [unitree_safe_cmd_node]: Move x=0.500, z=0.009, stop_count=0, roi_count=0, nearest_x=inf, clear_frames=17506
[INFO] [1782641449.616685866] [unitree_safe_cmd_node]: Move x=0.500, z=0.020, stop_count=0, roi_count=0, nearest_x=inf, clear_frames=17512
[INFO] [1782641450.117004475] [unitree_safe_cmd_node]: Move x=0.500, z=-0.005, stop_count=0, roi_count=0, nearest_x=inf, clear_frames=17516
[INFO] [1782641450.666564549] [unitree_safe_cmd_node]: Move x=0.500, z=-0.003, stop_count=0, roi_count=0, nearest_x=inf, clear_frames=17522
[INFO] [1782641451.216894860] [unitree_safe_cmd_node]: Move x=0.500, z=-0.037, stop_count=0, roi_count=0, nearest_x=inf, clear_frames=17527
[INFO] [1782641451.766529081] [unitree_safe_cmd_node]: Move x=0.500, z=-0.033, stop_count=0, roi_count=0, nearest_x=inf, clear_frames=17533
[INFO] [1782641452.266633929] [unitree_safe_cmd_node]: Move x=0.500, z=-0.002, stop_count=0, roi_count=0, nearest_x=inf, clear_frames=17537
[INFO] [1782641452.766579023] [unitree_safe_cmd_node]: Move x=0.500, z=0.000, stop_count=0, roi_count=0, nearest_x=inf, clear_frames=17542
[INFO] [1782641453.266729579] [unitree_safe_cmd_node]: Move x=0.500, z=-0.016, stop_count=0, roi_count=0, nearest_x=inf, clear_frames=17546
[INFO] [1782641453.816698865] [unitree_safe_cmd_node]: Move x=0.500, z=-0.011, stop_count=0, roi_count=0, nearest_x=inf, clear_frames=17552
[INFO] [1782641454.366524541] [unitree_safe_cmd_node]: Move x=0.500, z=-0.076, stop_count=0, roi_count=0, nearest_x=inf, clear_frames=17557
[INFO] [1782641454.866624883] [unitree_safe_cmd_node]: Move x=0.500, z=-0.064, stop_count=0, roi_count=0, nearest_x=inf, clear_frames=17562
[INFO] [1782641455.416586436] [unitree_safe_cmd_node]: Move x=0.500, z=-0.069, stop_count=0, roi_count=0, nearest_x=inf, clear_frames=17568
[INFO] [1782641455.916777816] [unitree_safe_cmd_node]: Move x=0.500, z=-0.107, stop_count=0, roi_count=0, nearest_x=inf, clear_frames=17573
[INFO] [1782641456.466643485] [unitree_safe_cmd_node]: Move x=0.500, z=-0.107, stop_count=0, roi_count=0, nearest_x=inf, clear_frames=17578
[INFO] [1782641457.017367395] [unitree_safe_cmd_node]: Move x=0.500, z=-0.107, stop_count=0, roi_count=0, nearest_x=inf, clear_frames=17583
[INFO] [1782641457.566618981] [unitree_safe_cmd_node]: Move x=0.500, z=-0.140, stop_count=0, roi_count=0, nearest_x=inf, clear_frames=17588
[INFO] [1782641458.069105932] [unitree_safe_cmd_node]: Move x=0.500, z=-0.105, stop_count=0, roi_count=0, nearest_x=inf, clear_frames=17593
[INFO] [1782641458.616604285] [unitree_safe_cmd_node]: Move x=0.500, z=-0.070, stop_count=0, roi_count=0, nearest_x=inf, clear_frames=17599
[INFO] [1782641459.166567161] [unitree_safe_cmd_node]: Move x=0.500, z=-0.088, stop_count=0, roi_count=0, nearest_x=inf, clear_frames=17604
[INFO] [1782641459.716560998] [unitree_safe_cmd_node]: Move x=0.500, z=-0.039, stop_count=0, roi_count=0, nearest_x=inf, clear_frames=17610
[INFO] [1782641460.216874018] [unitree_safe_cmd_node]: Move x=0.500, z=-0.049, stop_count=0, roi_count=0, nearest_x=inf, clear_frames=17614
[INFO] [1782641460.766673352] [unitree_safe_cmd_node]: Move x=0.500, z=-0.055, stop_count=0, roi_count=0, nearest_x=inf, clear_frames=17620
[INFO] [1782641461.316559685] [unitree_safe_cmd_node]: Move x=0.500, z=-0.077, stop_count=0, roi_count=0, nearest_x=inf, clear_frames=17626
[INFO] [1782641461.816639041] [unitree_safe_cmd_node]: Move x=0.500, z=-0.074, stop_count=0, roi_count=0, nearest_x=inf, clear_frames=17631
[INFO] [1782641462.317121696] [unitree_safe_cmd_node]: Move x=0.500, z=-0.119, stop_count=0, roi_count=0, nearest_x=inf, clear_frames=17635
[INFO] [1782641462.866625205] [unitree_safe_cmd_node]: Move x=0.500, z=-0.108, stop_count=0, roi_count=0, nearest_x=inf, clear_frames=17641
[INFO] [1782641463.366670746] [unitree_safe_cmd_node]: Move x=0.500, z=-0.044, stop_count=0, roi_count=0, nearest_x=inf, clear_frames=17645
[INFO] [1782641463.916964198] [unitree_safe_cmd_node]: Move x=0.500, z=-0.039, stop_count=0, roi_count=0, nearest_x=inf, clear_frames=17650
[INFO] [1782641464.466999925] [unitree_safe_cmd_node]: Move x=0.500, z=-0.082, stop_count=0, roi_count=0, nearest_x=inf, clear_frames=17654
[INFO] [1782641465.018357544] [unitree_safe_cmd_node]: Move x=0.500, z=-0.108, stop_count=0, roi_count=0, nearest_x=inf, clear_frames=17660
[INFO] [1782641465.566536530] [unitree_safe_cmd_node]: Move x=0.500, z=-0.107, stop_count=0, roi_count=0, nearest_x=inf, clear_frames=17665
[INFO] [1782641466.067033142] [unitree_safe_cmd_node]: Move x=0.500, z=-0.085, stop_count=0, roi_count=0, nearest_x=inf, clear_frames=17669
[INFO] [1782641466.616547596] [unitree_safe_cmd_node]: Move x=0.500, z=-0.177, stop_count=0, roi_count=0, nearest_x=inf, clear_frames=17675
[INFO] [1782641467.116621389] [unitree_safe_cmd_node]: Move x=0.500, z=-0.223, stop_count=0, roi_count=0, nearest_x=inf, clear_frames=17679
[INFO] [1782641467.666562708] [unitree_safe_cmd_node]: Move x=0.500, z=-0.208, stop_count=0, roi_count=0, nearest_x=inf, clear_frames=17684
[INFO] [1782641468.216907977] [unitree_safe_cmd_node]: Move x=0.500, z=-0.162, stop_count=0, roi_count=0, nearest_x=inf, clear_frames=17689
[INFO] [1782641468.717352765] [unitree_safe_cmd_node]: Move x=0.500, z=-0.175, stop_count=0, roi_count=0, nearest_x=inf, clear_frames=17694
[INFO] [1782641469.266686298] [unitree_safe_cmd_node]: Move x=0.500, z=-0.133, stop_count=0, roi_count=0, nearest_x=inf, clear_frames=17699
[INFO] [1782641469.816565525] [unitree_safe_cmd_node]: Move x=0.500, z=-0.156, stop_count=0, roi_count=0, nearest_x=inf, clear_frames=17705
[INFO] [1782641470.366541095] [unitree_safe_cmd_node]: Move x=0.500, z=-0.167, stop_count=0, roi_count=0, nearest_x=inf, clear_frames=17710
[INFO] [1782641470.916573046] [unitree_safe_cmd_node]: Move x=0.500, z=-0.142, stop_count=0, roi_count=0, nearest_x=inf, clear_frames=17716
[INFO] [1782641471.466551686] [unitree_safe_cmd_node]: Move x=0.500, z=-0.171, stop_count=0, roi_count=0, nearest_x=inf, clear_frames=17721
[INFO] [1782641472.021961816] [unitree_safe_cmd_node]: Move x=0.500, z=-0.114, stop_count=0, roi_count=0, nearest_x=inf, clear_frames=17727
[INFO] [1782641472.566567261] [unitree_safe_cmd_node]: Move x=0.500, z=-0.052, stop_count=0, roi_count=0, nearest_x=inf, clear_frames=17732
[INFO] [1782641473.067692442] [unitree_safe_cmd_node]: Move x=0.500, z=-0.069, stop_count=0, roi_count=0, nearest_x=inf, clear_frames=17737
[INFO] [1782641473.616609827] [unitree_safe_cmd_node]: Move x=0.500, z=0.044, stop_count=0, roi_count=0, nearest_x=inf, clear_frames=17743
[INFO] [1782641474.166534522] [unitree_safe_cmd_node]: Move x=0.500, z=0.001, stop_count=0, roi_count=0, nearest_x=inf, clear_frames=17748
[INFO] [1782641474.666564139] [unitree_safe_cmd_node]: Move x=0.500, z=-0.030, stop_count=0, roi_count=0, nearest_x=inf, clear_frames=17753
[INFO] [1782641475.166716805] [unitree_safe_cmd_node]: Move x=0.500, z=-0.024, stop_count=0, roi_count=0, nearest_x=inf, clear_frames=17758
[INFO] [1782641475.716590225] [unitree_safe_cmd_node]: Move x=0.500, z=-0.047, stop_count=0, roi_count=0, nearest_x=inf, clear_frames=17764
[INFO] [1782641476.217068057] [unitree_safe_cmd_node]: Move x=0.500, z=-0.023, stop_count=0, roi_count=0, nearest_x=inf, clear_frames=17768
[INFO] [1782641476.766566776] [unitree_safe_cmd_node]: Move x=0.500, z=-0.056, stop_count=0, roi_count=0, nearest_x=inf, clear_frames=17774
[INFO] [1782641477.316560310] [unitree_safe_cmd_node]: Move x=0.500, z=-0.011, stop_count=0, roi_count=0, nearest_x=inf, clear_frames=17780
[INFO] [1782641477.816639683] [unitree_safe_cmd_node]: Move x=0.500, z=-0.035, stop_count=0, roi_count=0, nearest_x=inf, clear_frames=17785
[INFO] [1782641478.366523174] [unitree_safe_cmd_node]: Move x=0.500, z=-0.019, stop_count=0, roi_count=0, nearest_x=inf, clear_frames=17789
[INFO] [1782641478.866568824] [unitree_safe_cmd_node]: Move x=0.500, z=0.036, stop_count=0, roi_count=0, nearest_x=inf, clear_frames=17794
[INFO] [1782641479.419373855] [unitree_safe_cmd_node]: Move x=0.500, z=-0.002, stop_count=0, roi_count=0, nearest_x=inf, clear_frames=17800
[INFO] [1782641479.967070344] [unitree_safe_cmd_node]: Move x=0.500, z=-0.035, stop_count=0, roi_count=0, nearest_x=inf, clear_frames=17805
[INFO] [1782641480.517756699] [unitree_safe_cmd_node]: Move x=0.500, z=-0.054, stop_count=0, roi_count=0, nearest_x=inf, clear_frames=17811
[INFO] [1782641481.067008127] [unitree_safe_cmd_node]: Move x=0.500, z=-0.001, stop_count=0, roi_count=0, nearest_x=inf, clear_frames=17815
[INFO] [1782641481.616704034] [unitree_safe_cmd_node]: Move x=0.500, z=-0.067, stop_count=0, roi_count=0, nearest_x=inf, clear_frames=17822
[INFO] [1782641482.117055867] [unitree_safe_cmd_node]: Move x=0.500, z=-0.029, stop_count=0, roi_count=0, nearest_x=inf, clear_frames=17826
[INFO] [1782641482.617244925] [unitree_safe_cmd_node]: Move x=0.500, z=0.021, stop_count=0, roi_count=0, nearest_x=inf, clear_frames=17832
[INFO] [1782641483.166617831] [unitree_safe_cmd_node]: Move x=0.500, z=-0.010, stop_count=0, roi_count=0, nearest_x=inf, clear_frames=17836
[INFO] [1782641483.666585085] [unitree_safe_cmd_node]: Move x=0.500, z=-0.013, stop_count=0, roi_count=0, nearest_x=inf, clear_frames=17841
[INFO] [1782641484.217167788] [unitree_safe_cmd_node]: Move x=0.500, z=-0.047, stop_count=0, roi_count=0, nearest_x=inf, clear_frames=17845
[INFO] [1782641484.718713010] [unitree_safe_cmd_node]: Move x=0.500, z=-0.030, stop_count=0, roi_count=0, nearest_x=inf, clear_frames=17851
[INFO] [1782641485.266704164] [unitree_safe_cmd_node]: Move x=0.500, z=-0.011, stop_count=0, roi_count=0, nearest_x=inf, clear_frames=17856
[INFO] [1782641485.816565941] [unitree_safe_cmd_node]: Move x=0.500, z=-0.022, stop_count=0, roi_count=0, nearest_x=inf, clear_frames=17862
[INFO] [1782641486.319957247] [unitree_safe_cmd_node]: Move x=0.500, z=0.003, stop_count=0, roi_count=0, nearest_x=inf, clear_frames=17867
[INFO] [1782641486.866518855] [unitree_safe_cmd_node]: Move x=0.500, z=-0.026, stop_count=0, roi_count=0, nearest_x=inf, clear_frames=17872
[INFO] [1782641487.418850405] [unitree_safe_cmd_node]: Move x=0.500, z=-0.040, stop_count=0, roi_count=0, nearest_x=inf, clear_frames=17876
[INFO] [1782641487.966677145] [unitree_safe_cmd_node]: Move x=0.500, z=0.006, stop_count=0, roi_count=0, nearest_x=inf, clear_frames=17882
[INFO] [1782641488.466668921] [unitree_safe_cmd_node]: Move x=0.500, z=-0.014, stop_count=0, roi_count=0, nearest_x=inf, clear_frames=17887
[INFO] [1782641489.017813766] [unitree_safe_cmd_node]: Move x=0.500, z=-0.035, stop_count=0, roi_count=0, nearest_x=inf, clear_frames=17893
[INFO] [1782641489.520351180] [unitree_safe_cmd_node]: Move x=0.500, z=-0.077, stop_count=0, roi_count=0, nearest_x=inf, clear_frames=17898
[INFO] [1782641490.068361945] [unitree_safe_cmd_node]: Move x=0.500, z=-0.010, stop_count=0, roi_count=0, nearest_x=inf, clear_frames=17903
[INFO] [1782641490.616963975] [unitree_safe_cmd_node]: Move x=0.500, z=-0.067, stop_count=0, roi_count=0, nearest_x=inf, clear_frames=17908
[INFO] [1782641491.166631730] [unitree_safe_cmd_node]: Move x=0.500, z=-0.051, stop_count=0, roi_count=0, nearest_x=inf, clear_frames=17914
[INFO] [1782641491.666536695] [unitree_safe_cmd_node]: Move x=0.500, z=-0.026, stop_count=0, roi_count=0, nearest_x=inf, clear_frames=17919
[INFO] [1782641492.216928956] [unitree_safe_cmd_node]: Move x=0.500, z=-0.044, stop_count=0, roi_count=0, nearest_x=inf, clear_frames=17924
[INFO] [1782641492.766571918] [unitree_safe_cmd_node]: Move x=0.500, z=0.011, stop_count=0, roi_count=0, nearest_x=inf, clear_frames=17930
[INFO] [1782641493.317043782] [unitree_safe_cmd_node]: Move x=0.500, z=-0.014, stop_count=0, roi_count=0, nearest_x=inf, clear_frames=17935
[INFO] [1782641493.866626178] [unitree_safe_cmd_node]: Move x=0.500, z=0.013, stop_count=0, roi_count=0, nearest_x=inf, clear_frames=17940
[INFO] [1782641494.372804598] [unitree_safe_cmd_node]: Move x=0.500, z=-0.010, stop_count=0, roi_count=0, nearest_x=inf, clear_frames=17944
[INFO] [1782641494.916958293] [unitree_safe_cmd_node]: Move x=0.500, z=-0.081, stop_count=0, roi_count=0, nearest_x=inf, clear_frames=17949
[INFO] [1782641495.425256601] [unitree_safe_cmd_node]: Move x=0.500, z=-0.058, stop_count=0, roi_count=0, nearest_x=inf, clear_frames=17954
[INFO] [1782641495.966571500] [unitree_safe_cmd_node]: Move x=0.500, z=-0.079, stop_count=0, roi_count=0, nearest_x=inf, clear_frames=17959
[INFO] [1782641496.518796129] [unitree_safe_cmd_node]: Move x=0.500, z=-0.007, stop_count=0, roi_count=0, nearest_x=inf, clear_frames=17963
[INFO] [1782641497.067014895] [unitree_safe_cmd_node]: Move x=0.500, z=0.005, stop_count=0, roi_count=0, nearest_x=inf, clear_frames=17968
[INFO] [1782641497.617185914] [unitree_safe_cmd_node]: Move x=0.500, z=-0.028, stop_count=0, roi_count=0, nearest_x=inf, clear_frames=17973
[INFO] [1782641498.117036212] [unitree_safe_cmd_node]: Move x=0.500, z=0.004, stop_count=0, roi_count=0, nearest_x=inf, clear_frames=17978
[INFO] [1782641498.666564188] [unitree_safe_cmd_node]: Move x=0.500, z=-0.037, stop_count=0, roi_count=0, nearest_x=inf, clear_frames=17983
[INFO] [1782641499.167013851] [unitree_safe_cmd_node]: Move x=0.500, z=-0.046, stop_count=0, roi_count=0, nearest_x=inf, clear_frames=17988
[INFO] [1782641499.716765036] [unitree_safe_cmd_node]: Move x=0.500, z=0.020, stop_count=0, roi_count=0, nearest_x=inf, clear_frames=17994
[INFO] [1782641500.218254892] [unitree_safe_cmd_node]: Move x=0.500, z=-0.014, stop_count=0, roi_count=0, nearest_x=inf, clear_frames=17998
[INFO] [1782641500.766634193] [unitree_safe_cmd_node]: Move x=0.500, z=-0.021, stop_count=0, roi_count=0, nearest_x=inf, clear_frames=18004
[INFO] [1782641501.316564313] [unitree_safe_cmd_node]: Move x=0.500, z=-0.045, stop_count=0, roi_count=0, nearest_x=inf, clear_frames=18009
[INFO] [1782641501.817059971] [unitree_safe_cmd_node]: Move x=0.500, z=-0.022, stop_count=0, roi_count=0, nearest_x=inf, clear_frames=18013
[INFO] [1782641502.366540412] [unitree_safe_cmd_node]: Move x=0.500, z=-0.088, stop_count=0, roi_count=0, nearest_x=inf, clear_frames=18019
[INFO] [1782641502.866562782] [unitree_safe_cmd_node]: Move x=0.500, z=-0.023, stop_count=0, roi_count=0, nearest_x=inf, clear_frames=18024
[INFO] [1782641503.366888051] [unitree_safe_cmd_node]: Move x=0.500, z=0.018, stop_count=0, roi_count=0, nearest_x=inf, clear_frames=18029
[INFO] [1782641503.917031143] [unitree_safe_cmd_node]: Move x=0.500, z=-0.070, stop_count=0, roi_count=0, nearest_x=inf, clear_frames=18034
[INFO] [1782641504.466539617] [unitree_safe_cmd_node]: Move x=0.500, z=-0.013, stop_count=0, roi_count=0, nearest_x=inf, clear_frames=18039
[INFO] [1782641504.966744110] [unitree_safe_cmd_node]: Move x=0.500, z=-0.020, stop_count=0, roi_count=0, nearest_x=inf, clear_frames=18044
[INFO] [1782641505.517611366] [unitree_safe_cmd_node]: Move x=0.500, z=-0.038, stop_count=0, roi_count=0, nearest_x=inf, clear_frames=18050
[INFO] [1782641506.022286440] [unitree_safe_cmd_node]: Move x=0.500, z=-0.005, stop_count=0, roi_count=0, nearest_x=inf, clear_frames=18055
[INFO] [1782641506.566577360] [unitree_safe_cmd_node]: Move x=0.500, z=-0.023, stop_count=0, roi_count=0, nearest_x=inf, clear_frames=18060
[INFO] [1782641507.067001157] [unitree_safe_cmd_node]: Move x=0.500, z=0.010, stop_count=0, roi_count=0, nearest_x=inf, clear_frames=18064
[INFO] [1782641507.617029823] [unitree_safe_cmd_node]: Move x=0.500, z=-0.039, stop_count=0, roi_count=0, nearest_x=inf, clear_frames=18069
[INFO] [1782641508.166582392] [unitree_safe_cmd_node]: Move x=0.500, z=0.014, stop_count=0, roi_count=0, nearest_x=inf, clear_frames=18074
[INFO] [1782641508.666698439] [unitree_safe_cmd_node]: Move x=0.500, z=0.044, stop_count=0, roi_count=0, nearest_x=inf, clear_frames=18079
[INFO] [1782641509.216985156] [unitree_safe_cmd_node]: Move x=0.500, z=-0.003, stop_count=0, roi_count=0, nearest_x=inf, clear_frames=18084
[INFO] [1782641509.720660190] [unitree_safe_cmd_node]: Move x=0.500, z=0.035, stop_count=0, roi_count=0, nearest_x=inf, clear_frames=18088
[INFO] [1782641510.266665623] [unitree_safe_cmd_node]: Move x=0.500, z=0.007, stop_count=0, roi_count=0, nearest_x=inf, clear_frames=18093
[INFO] [1782641510.773698635] [unitree_safe_cmd_node]: Move x=0.500, z=0.010, stop_count=0, roi_count=0, nearest_x=inf, clear_frames=18098
[INFO] [1782641511.317058298] [unitree_safe_cmd_node]: Move x=0.500, z=0.055, stop_count=0, roi_count=0, nearest_x=inf, clear_frames=18102
[INFO] [1782641511.819302722] [unitree_safe_cmd_node]: Move x=0.500, z=0.026, stop_count=0, roi_count=0, nearest_x=inf, clear_frames=18108
[INFO] [1782641512.366628702] [unitree_safe_cmd_node]: Move x=0.500, z=-0.006, stop_count=0, roi_count=0, nearest_x=inf, clear_frames=18113
[INFO] [1782641512.918318865] [unitree_safe_cmd_node]: Move x=0.500, z=-0.045, stop_count=0, roi_count=0, nearest_x=inf, clear_frames=18119
[INFO] [1782641513.466591742] [unitree_safe_cmd_node]: Move x=0.500, z=-0.028, stop_count=0, roi_count=0, nearest_x=inf, clear_frames=18124
[INFO] [1782641513.966632178] [unitree_safe_cmd_node]: Move x=0.500, z=0.031, stop_count=0, roi_count=0, nearest_x=inf, clear_frames=18129
[INFO] [1782641514.517081625] [unitree_safe_cmd_node]: Move x=0.500, z=-0.032, stop_count=0, roi_count=0, nearest_x=inf, clear_frames=18133
[INFO] [1782641515.017341438] [unitree_safe_cmd_node]: Move x=0.500, z=-0.014, stop_count=0, roi_count=0, nearest_x=inf, clear_frames=18138
[INFO] [1782641515.566660344] [unitree_safe_cmd_node]: Move x=0.500, z=0.022, stop_count=0, roi_count=0, nearest_x=inf, clear_frames=18143
[INFO] [1782641516.071550700] [unitree_safe_cmd_node]: Move x=0.500, z=0.011, stop_count=0, roi_count=0, nearest_x=inf, clear_frames=18148
[INFO] [1782641516.617030749] [unitree_safe_cmd_node]: Move x=0.500, z=-0.055, stop_count=0, roi_count=0, nearest_x=inf, clear_frames=18153
[INFO] [1782641517.119347083] [unitree_safe_cmd_node]: Move x=0.500, z=-0.065, stop_count=0, roi_count=0, nearest_x=inf, clear_frames=18159
[INFO] [1782641517.666542323] [unitree_safe_cmd_node]: Move x=0.500, z=-0.033, stop_count=0, roi_count=0, nearest_x=inf, clear_frames=18164
[INFO] [1782641518.166817640] [unitree_safe_cmd_node]: Move x=0.500, z=-0.065, stop_count=0, roi_count=0, nearest_x=inf, clear_frames=18168
[INFO] [1782641518.717810097] [unitree_safe_cmd_node]: Move x=0.500, z=-0.023, stop_count=0, roi_count=0, nearest_x=inf, clear_frames=18174
[INFO] [1782641519.266570920] [unitree_safe_cmd_node]: Move x=0.500, z=-0.012, stop_count=0, roi_count=0, nearest_x=inf, clear_frames=18178
[INFO] [1782641519.766549362] [unitree_safe_cmd_node]: Move x=0.500, z=-0.037, stop_count=0, roi_count=0, nearest_x=inf, clear_frames=18183
[INFO] [1782641520.317052904] [unitree_safe_cmd_node]: Move x=0.500, z=0.021, stop_count=0, roi_count=0, nearest_x=inf, clear_frames=18187
[INFO] [1782641520.817127185] [unitree_safe_cmd_node]: Move x=0.500, z=-0.005, stop_count=0, roi_count=0, nearest_x=inf, clear_frames=18192
[INFO] [1782641521.366585053] [unitree_safe_cmd_node]: Move x=0.500, z=0.009, stop_count=0, roi_count=0, nearest_x=inf, clear_frames=18197
[INFO] [1782641521.919337208] [unitree_safe_cmd_node]: Move x=0.500, z=0.001, stop_count=0, roi_count=0, nearest_x=inf, clear_frames=18203
[INFO] [1782641522.420369245] [unitree_safe_cmd_node]: Move x=0.500, z=-0.062, stop_count=0, roi_count=0, nearest_x=inf, clear_frames=18208
[INFO] [1782641522.966902099] [unitree_safe_cmd_node]: Move x=0.500, z=0.017, stop_count=0, roi_count=0, nearest_x=inf, clear_frames=18213
[INFO] [1782641523.520345827] [unitree_safe_cmd_node]: Move x=0.500, z=-0.016, stop_count=0, roi_count=0, nearest_x=inf, clear_frames=18219
[INFO] [1782641524.067573916] [unitree_safe_cmd_node]: Move x=0.500, z=-0.006, stop_count=0, roi_count=0, nearest_x=inf, clear_frames=18224
[INFO] [1782641524.617357433] [unitree_safe_cmd_node]: Move x=0.500, z=-0.050, stop_count=0, roi_count=0, nearest_x=inf, clear_frames=18230
[INFO] [1782641525.133399683] [unitree_safe_cmd_node]: Move x=0.500, z=-0.007, stop_count=0, roi_count=0, nearest_x=inf, clear_frames=18234
[INFO] [1782641525.666614916] [unitree_safe_cmd_node]: Move x=0.500, z=-0.052, stop_count=0, roi_count=0, nearest_x=inf, clear_frames=18240
[INFO] [1782641526.167060138] [unitree_safe_cmd_node]: Move x=0.500, z=0.013, stop_count=0, roi_count=0, nearest_x=inf, clear_frames=18244
[INFO] [1782641526.717043093] [unitree_safe_cmd_node]: Move x=0.500, z=0.012, stop_count=0, roi_count=0, nearest_x=inf, clear_frames=18249
[INFO] [1782641527.217594172] [unitree_safe_cmd_node]: Move x=0.500, z=-0.015, stop_count=0, roi_count=0, nearest_x=inf, clear_frames=18253
[INFO] [1782641527.766960726] [unitree_safe_cmd_node]: Move x=0.500, z=-0.058, stop_count=0, roi_count=0, nearest_x=inf, clear_frames=18259
[INFO] [1782641528.267543151] [unitree_safe_cmd_node]: Move x=0.500, z=-0.071, stop_count=0, roi_count=0, nearest_x=inf, clear_frames=18264
[INFO] [1782641528.818713283] [unitree_safe_cmd_node]: Move x=0.500, z=-0.001, stop_count=0, roi_count=0, nearest_x=inf, clear_frames=18270
[INFO] [1782641529.366717792] [unitree_safe_cmd_node]: Move x=0.500, z=-0.020, stop_count=0, roi_count=0, nearest_x=inf, clear_frames=18275
[INFO] [1782641529.917133865] [unitree_safe_cmd_node]: Move x=0.500, z=-0.035, stop_count=0, roi_count=0, nearest_x=inf, clear_frames=18280
[INFO] [1782641530.418525424] [unitree_safe_cmd_node]: Move x=0.500, z=0.001, stop_count=0, roi_count=0, nearest_x=inf, clear_frames=18285
[INFO] [1782641530.966611971] [unitree_safe_cmd_node]: Move x=0.500, z=0.003, stop_count=0, roi_count=0, nearest_x=inf, clear_frames=18291
[INFO] [1782641531.466667883] [unitree_safe_cmd_node]: Move x=0.500, z=-0.034, stop_count=0, roi_count=0, nearest_x=inf, clear_frames=18296
[INFO] [1782641532.017333688] [unitree_safe_cmd_node]: Move x=0.500, z=-0.061, stop_count=0, roi_count=0, nearest_x=inf, clear_frames=18301
[INFO] [1782641532.566612339] [unitree_safe_cmd_node]: Move x=0.500, z=-0.008, stop_count=0, roi_count=0, nearest_x=inf, clear_frames=18306
[INFO] [1782641533.067590199] [unitree_safe_cmd_node]: Move x=0.500, z=-0.029, stop_count=0, roi_count=0, nearest_x=inf, clear_frames=18311
[INFO] [1782641533.616964700] [unitree_safe_cmd_node]: Move x=0.500, z=-0.069, stop_count=0, roi_count=0, nearest_x=inf, clear_frames=18316
[INFO] [1782641534.117173298] [unitree_safe_cmd_node]: Move x=0.500, z=-0.008, stop_count=0, roi_count=0, nearest_x=inf, clear_frames=18321
[INFO] [1782641534.666607992] [unitree_safe_cmd_node]: Move x=0.500, z=-0.026, stop_count=0, roi_count=0, nearest_x=inf, clear_frames=18326
[INFO] [1782641535.166684000] [unitree_safe_cmd_node]: Move x=0.500, z=-0.026, stop_count=0, roi_count=0, nearest_x=inf, clear_frames=18330
[INFO] [1782641535.717068409] [unitree_safe_cmd_node]: Move x=0.500, z=-0.007, stop_count=0, roi_count=0, nearest_x=inf, clear_frames=18335
[INFO] [1782641536.266787627] [unitree_safe_cmd_node]: Move x=0.500, z=-0.042, stop_count=0, roi_count=0, nearest_x=inf, clear_frames=18340
[INFO] [1782641536.820017548] [unitree_safe_cmd_node]: Move x=0.500, z=-0.028, stop_count=0, roi_count=0, nearest_x=inf, clear_frames=18346
[INFO] [1782641537.366749325] [unitree_safe_cmd_node]: Move x=0.500, z=-0.072, stop_count=0, roi_count=0, nearest_x=inf, clear_frames=18350
[INFO] [1782641537.866846701] [unitree_safe_cmd_node]: Move x=0.500, z=-0.008, stop_count=0, roi_count=0, nearest_x=inf, clear_frames=18355
[INFO] [1782641538.417368795] [unitree_safe_cmd_node]: Move x=0.500, z=-0.058, stop_count=0, roi_count=0, nearest_x=inf, clear_frames=18359
[INFO] [1782641538.966599588] [unitree_safe_cmd_node]: Move x=0.500, z=-0.012, stop_count=0, roi_count=0, nearest_x=inf, clear_frames=18365
[INFO] [1782641539.466612494] [unitree_safe_cmd_node]: Move x=0.500, z=-0.048, stop_count=0, roi_count=0, nearest_x=inf, clear_frames=18369
[INFO] [1782641539.966713739] [unitree_safe_cmd_node]: Move x=0.500, z=-0.011, stop_count=0, roi_count=0, nearest_x=inf, clear_frames=18374
[INFO] [1782641540.517084902] [unitree_safe_cmd_node]: Move x=0.500, z=0.019, stop_count=0, roi_count=0, nearest_x=inf, clear_frames=18379
[INFO] [1782641541.017932864] [unitree_safe_cmd_node]: Move x=0.500, z=-0.041, stop_count=0, roi_count=0, nearest_x=inf, clear_frames=18384
[INFO] [1782641541.522612180] [unitree_safe_cmd_node]: Move x=0.500, z=-0.011, stop_count=0, roi_count=0, nearest_x=inf, clear_frames=18390
[INFO] [1782641542.067601883] [unitree_safe_cmd_node]: Move x=0.500, z=-0.016, stop_count=0, roi_count=0, nearest_x=inf, clear_frames=18395
[INFO] [1782641542.620199476] [unitree_safe_cmd_node]: Move x=0.500, z=-0.043, stop_count=0, roi_count=0, nearest_x=inf, clear_frames=18401
[INFO] [1782641543.121944326] [unitree_safe_cmd_node]: Move x=0.500, z=0.001, stop_count=0, roi_count=0, nearest_x=inf, clear_frames=18406
[INFO] [1782641543.669716130] [unitree_safe_cmd_node]: Move x=0.500, z=-0.026, stop_count=0, roi_count=0, nearest_x=inf, clear_frames=18411
[INFO] [1782641544.217573218] [unitree_safe_cmd_node]: Move x=0.500, z=0.006, stop_count=0, roi_count=0, nearest_x=inf, clear_frames=18415
[INFO] [1782641544.767461133] [unitree_safe_cmd_node]: Move x=0.500, z=-0.032, stop_count=0, roi_count=0, nearest_x=inf, clear_frames=18421
[INFO] [1782641545.317114337] [unitree_safe_cmd_node]: Move x=0.500, z=0.043, stop_count=0, roi_count=0, nearest_x=inf, clear_frames=18425
[INFO] [1782641545.866602669] [unitree_safe_cmd_node]: Move x=0.500, z=0.038, stop_count=0, roi_count=0, nearest_x=inf, clear_frames=18431
[INFO] [1782641546.366791726] [unitree_safe_cmd_node]: Move x=0.500, z=-0.015, stop_count=0, roi_count=0, nearest_x=inf, clear_frames=18435
[INFO] [1782641546.917003970] [unitree_safe_cmd_node]: Move x=0.500, z=-0.005, stop_count=0, roi_count=0, nearest_x=inf, clear_frames=18440
[INFO] [1782641547.417045869] [unitree_safe_cmd_node]: Move x=0.500, z=-0.023, stop_count=0, roi_count=0, nearest_x=inf, clear_frames=18445
[INFO] [1782641547.917086574] [unitree_safe_cmd_node]: Move x=0.500, z=-0.005, stop_count=0, roi_count=0, nearest_x=inf, clear_frames=18450
[INFO] [1782641548.418660611] [unitree_safe_cmd_node]: Move x=0.500, z=0.025, stop_count=0, roi_count=0, nearest_x=inf, clear_frames=18455
[INFO] [1782641548.966608604] [unitree_safe_cmd_node]: Move x=0.500, z=0.006, stop_count=0, roi_count=0, nearest_x=inf, clear_frames=18461
[INFO] [1782641549.466742232] [unitree_safe_cmd_node]: Move x=0.500, z=0.003, stop_count=0, roi_count=0, nearest_x=inf, clear_frames=18466
[INFO] [1782641550.017704076] [unitree_safe_cmd_node]: Move x=0.500, z=-0.054, stop_count=0, roi_count=0, nearest_x=inf, clear_frames=18471
[INFO] [1782641550.566920106] [unitree_safe_cmd_node]: Move x=0.500, z=0.015, stop_count=0, roi_count=0, nearest_x=inf, clear_frames=18476
[INFO] [1782641551.067142332] [unitree_safe_cmd_node]: Move x=0.500, z=0.044, stop_count=0, roi_count=0, nearest_x=inf, clear_frames=18480
[INFO] [1782641551.617135153] [unitree_safe_cmd_node]: Move x=0.500, z=-0.003, stop_count=0, roi_count=0, nearest_x=inf, clear_frames=18485
[INFO] [1782641552.117542032] [unitree_safe_cmd_node]: Move x=0.500, z=-0.005, stop_count=0, roi_count=0, nearest_x=inf, clear_frames=18490
[INFO] [1782641552.666833745] [unitree_safe_cmd_node]: Move x=0.500, z=0.002, stop_count=0, roi_count=0, nearest_x=inf, clear_frames=18496
[INFO] [1782641553.217266127] [unitree_safe_cmd_node]: Move x=0.500, z=-0.002, stop_count=0, roi_count=0, nearest_x=inf, clear_frames=18501
[INFO] [1782641553.717155985] [unitree_safe_cmd_node]: Move x=0.500, z=-0.019, stop_count=0, roi_count=0, nearest_x=inf, clear_frames=18506
[INFO] [1782641554.219171924] [unitree_safe_cmd_node]: Move x=0.500, z=-0.004, stop_count=0, roi_count=0, nearest_x=inf, clear_frames=18511
[INFO] [1782641554.719476286] [unitree_safe_cmd_node]: Move x=0.500, z=0.015, stop_count=0, roi_count=0, nearest_x=inf, clear_frames=18516
[INFO] [1782641555.266856700] [unitree_safe_cmd_node]: Move x=0.500, z=-0.075, stop_count=0, roi_count=0, nearest_x=inf, clear_frames=18521
[INFO] [1782641555.817102591] [unitree_safe_cmd_node]: Move x=0.500, z=-0.051, stop_count=0, roi_count=0, nearest_x=inf, clear_frames=18526
[INFO] [1782641556.320655123] [unitree_safe_cmd_node]: Move x=0.500, z=-0.078, stop_count=0, roi_count=0, nearest_x=inf, clear_frames=18532
[INFO] [1782641556.866856807] [unitree_safe_cmd_node]: Move x=0.500, z=-0.063, stop_count=0, roi_count=0, nearest_x=inf, clear_frames=18537
[INFO] [1782641557.417117576] [unitree_safe_cmd_node]: Move x=0.500, z=-0.025, stop_count=0, roi_count=0, nearest_x=inf, clear_frames=18541
[INFO] [1782641557.920257414] [unitree_safe_cmd_node]: Move x=0.500, z=-0.029, stop_count=0, roi_count=0, nearest_x=inf, clear_frames=18547
[INFO] [1782641558.421194359] [unitree_safe_cmd_node]: Move x=0.500, z=0.001, stop_count=0, roi_count=0, nearest_x=inf, clear_frames=18552
[INFO] [1782641558.966547519] [unitree_safe_cmd_node]: Move x=0.500, z=-0.037, stop_count=0, roi_count=0, nearest_x=inf, clear_frames=18557
[INFO] [1782641559.517071059] [unitree_safe_cmd_node]: Move x=0.500, z=0.000, stop_count=0, roi_count=0, nearest_x=inf, clear_frames=18562
[INFO] [1782641560.017477803] [unitree_safe_cmd_node]: Move x=0.500, z=-0.029, stop_count=0, roi_count=0, nearest_x=inf, clear_frames=18567
[INFO] [1782641560.566777903] [unitree_safe_cmd_node]: Move x=0.500, z=-0.022, stop_count=0, roi_count=0, nearest_x=inf, clear_frames=18572
[INFO] [1782641561.066999931] [unitree_safe_cmd_node]: Move x=0.500, z=0.020, stop_count=0, roi_count=0, nearest_x=inf, clear_frames=18576
[INFO] [1782641561.619411834] [unitree_safe_cmd_node]: Move x=0.500, z=-0.005, stop_count=0, roi_count=0, nearest_x=inf, clear_frames=18582
[INFO] [1782641562.166740779] [unitree_safe_cmd_node]: Move x=0.500, z=-0.031, stop_count=0, roi_count=0, nearest_x=inf, clear_frames=18587
[INFO] [1782641562.717118324] [unitree_safe_cmd_node]: Move x=0.500, z=-0.062, stop_count=0, roi_count=0, nearest_x=inf, clear_frames=18592
[INFO] [1782641563.234619189] [unitree_safe_cmd_node]: Move x=0.500, z=-0.043, stop_count=0, roi_count=0, nearest_x=inf, clear_frames=18597
[INFO] [1782641563.766675862] [unitree_safe_cmd_node]: Move x=0.500, z=0.023, stop_count=0, roi_count=0, nearest_x=inf, clear_frames=18603
[INFO] [1782641564.276943465] [unitree_safe_cmd_node]: Move x=0.500, z=0.005, stop_count=0, roi_count=0, nearest_x=inf, clear_frames=18608
[INFO] [1782641564.818376766] [unitree_safe_cmd_node]: Move x=0.500, z=-0.020, stop_count=0, roi_count=0, nearest_x=inf, clear_frames=18613
[INFO] [1782641565.321084550] [unitree_safe_cmd_node]: Move x=0.500, z=-0.036, stop_count=0, roi_count=0, nearest_x=inf, clear_frames=18619
[INFO] [1782641565.866642037] [unitree_safe_cmd_node]: Move x=0.500, z=-0.012, stop_count=0, roi_count=0, nearest_x=inf, clear_frames=18624
[INFO] [1782641566.417088672] [unitree_safe_cmd_node]: Move x=0.500, z=0.002, stop_count=0, roi_count=0, nearest_x=inf, clear_frames=18629
[INFO] [1782641566.917752122] [unitree_safe_cmd_node]: Move x=0.500, z=-0.014, stop_count=0, roi_count=0, nearest_x=inf, clear_frames=18634
[INFO] [1782641567.466764627] [unitree_safe_cmd_node]: Move x=0.500, z=-0.022, stop_count=0, roi_count=0, nearest_x=inf, clear_frames=18639
[INFO] [1782641567.966618297] [unitree_safe_cmd_node]: Move x=0.500, z=-0.047, stop_count=0, roi_count=0, nearest_x=inf, clear_frames=18644
[INFO] [1782641568.466853338] [unitree_safe_cmd_node]: Move x=0.500, z=-0.021, stop_count=0, roi_count=0, nearest_x=inf, clear_frames=18649
[INFO] [1782641569.017901119] [unitree_safe_cmd_node]: Move x=0.500, z=-0.021, stop_count=0, roi_count=0, nearest_x=inf, clear_frames=18654
[INFO] [1782641569.566750860] [unitree_safe_cmd_node]: Move x=0.500, z=-0.034, stop_count=0, roi_count=0, nearest_x=inf, clear_frames=18660
[INFO] [1782641570.067783958] [unitree_safe_cmd_node]: Move x=0.500, z=-0.070, stop_count=0, roi_count=0, nearest_x=inf, clear_frames=18665
[INFO] [1782641570.617083562] [unitree_safe_cmd_node]: Move x=0.500, z=0.030, stop_count=0, roi_count=0, nearest_x=inf, clear_frames=18670
[INFO] [1782641571.117101553] [unitree_safe_cmd_node]: Move x=0.500, z=-0.073, stop_count=0, roi_count=0, nearest_x=inf, clear_frames=18675
[INFO] [1782641571.666610936] [unitree_safe_cmd_node]: Move x=0.500, z=0.013, stop_count=0, roi_count=0, nearest_x=inf, clear_frames=18681
[INFO] [1782641572.217104096] [unitree_safe_cmd_node]: Move x=0.500, z=0.032, stop_count=0, roi_count=0, nearest_x=inf, clear_frames=18685
[INFO] [1782641572.766593352] [unitree_safe_cmd_node]: Move x=0.500, z=0.032, stop_count=0, roi_count=0, nearest_x=inf, clear_frames=18691
[INFO] [1782641573.317034906] [unitree_safe_cmd_node]: Move x=0.500, z=0.053, stop_count=0, roi_count=0, nearest_x=inf, clear_frames=18695
[INFO] [1782641573.866581158] [unitree_safe_cmd_node]: Move x=0.500, z=-0.022, stop_count=0, roi_count=0, nearest_x=inf, clear_frames=18701
[INFO] [1782641574.417351546] [unitree_safe_cmd_node]: Move x=0.500, z=-0.011, stop_count=0, roi_count=0, nearest_x=inf, clear_frames=18706
[INFO] [1782641574.917212404] [unitree_safe_cmd_node]: Move x=0.500, z=-0.026, stop_count=0, roi_count=0, nearest_x=inf, clear_frames=18711
[INFO] [1782641575.421352948] [unitree_safe_cmd_node]: Move x=0.500, z=-0.009, stop_count=0, roi_count=0, nearest_x=inf, clear_frames=18717
[INFO] [1782641575.966629442] [unitree_safe_cmd_node]: Move x=0.500, z=-0.047, stop_count=0, roi_count=0, nearest_x=inf, clear_frames=18722
[INFO] [1782641576.521788346] [unitree_safe_cmd_node]: Move x=0.500, z=0.006, stop_count=0, roi_count=0, nearest_x=inf, clear_frames=18728
[INFO] [1782641577.067588974] [unitree_safe_cmd_node]: Move x=0.500, z=-0.005, stop_count=0, roi_count=0, nearest_x=inf, clear_frames=18733
[INFO] [1782641577.617064386] [unitree_safe_cmd_node]: Move x=0.500, z=-0.009, stop_count=0, roi_count=0, nearest_x=inf, clear_frames=18738
[INFO] [1782641578.166594537] [unitree_safe_cmd_node]: Move x=0.500, z=-0.026, stop_count=0, roi_count=0, nearest_x=inf, clear_frames=18743
[INFO] [1782641578.733363915] [unitree_safe_cmd_node]: Move x=0.500, z=-0.067, stop_count=0, roi_count=0, nearest_x=inf, clear_frames=18748
[INFO] [1782641579.266726798] [unitree_safe_cmd_node]: Move x=0.500, z=-0.014, stop_count=0, roi_count=0, nearest_x=inf, clear_frames=18753
[INFO] [1782641579.773523751] [unitree_safe_cmd_node]: Move x=0.500, z=-0.070, stop_count=0, roi_count=0, nearest_x=inf, clear_frames=18758
[INFO] [1782641580.319566855] [unitree_safe_cmd_node]: Move x=0.500, z=0.034, stop_count=0, roi_count=0, nearest_x=inf, clear_frames=18762
[INFO] [1782641580.833641288] [unitree_safe_cmd_node]: Move x=0.500, z=0.013, stop_count=0, roi_count=0, nearest_x=inf, clear_frames=18767
[INFO] [1782641581.366785224] [unitree_safe_cmd_node]: Move x=0.500, z=-0.034, stop_count=0, roi_count=0, nearest_x=inf, clear_frames=18773
[INFO] [1782641581.917088009] [unitree_safe_cmd_node]: Move x=0.500, z=-0.021, stop_count=0, roi_count=0, nearest_x=inf, clear_frames=18778
[INFO] [1782641582.466619482] [unitree_safe_cmd_node]: Move x=0.500, z=-0.019, stop_count=0, roi_count=0, nearest_x=inf, clear_frames=18784
[INFO] [1782641582.966622631] [unitree_safe_cmd_node]: Move x=0.500, z=0.004, stop_count=0, roi_count=0, nearest_x=inf, clear_frames=18789
[INFO] [1782641583.517059981] [unitree_safe_cmd_node]: Move x=0.500, z=-0.082, stop_count=0, roi_count=0, nearest_x=inf, clear_frames=18794
[INFO] [1782641584.017493062] [unitree_safe_cmd_node]: Move x=0.500, z=0.002, stop_count=0, roi_count=0, nearest_x=inf, clear_frames=18799
[INFO] [1782641584.566606043] [unitree_safe_cmd_node]: Move x=0.500, z=-0.035, stop_count=0, roi_count=0, nearest_x=inf, clear_frames=18804
[INFO] [1782641585.069274310] [unitree_safe_cmd_node]: Move x=0.500, z=-0.046, stop_count=0, roi_count=0, nearest_x=inf, clear_frames=18809
[INFO] [1782641585.617765209] [unitree_safe_cmd_node]: Move x=0.500, z=0.020, stop_count=0, roi_count=0, nearest_x=inf, clear_frames=18814
[INFO] [1782641586.166760285] [unitree_safe_cmd_node]: Move x=0.500, z=0.002, stop_count=0, roi_count=0, nearest_x=inf, clear_frames=18820
[INFO] [1782641586.717988997] [unitree_safe_cmd_node]: Move x=0.500, z=0.003, stop_count=0, roi_count=0, nearest_x=inf, clear_frames=18825
[INFO] [1782641587.266574877] [unitree_safe_cmd_node]: Move x=0.500, z=-0.027, stop_count=0, roi_count=0, nearest_x=inf, clear_frames=18831
[INFO] [1782641587.766606675] [unitree_safe_cmd_node]: Move x=0.500, z=0.014, stop_count=0, roi_count=0, nearest_x=inf, clear_frames=18836
[INFO] [1782641588.317023647] [unitree_safe_cmd_node]: Move x=0.500, z=-0.032, stop_count=0, roi_count=0, nearest_x=inf, clear_frames=18841
[INFO] [1782641588.817015223] [unitree_safe_cmd_node]: Move x=0.500, z=-0.024, stop_count=0, roi_count=0, nearest_x=inf, clear_frames=18846
[INFO] [1782641589.366560940] [unitree_safe_cmd_node]: Move x=0.500, z=-0.049, stop_count=0, roi_count=0, nearest_x=inf, clear_frames=18852
[INFO] [1782641589.866616588] [unitree_safe_cmd_node]: Move x=0.500, z=-0.012, stop_count=0, roi_count=0, nearest_x=inf, clear_frames=18857
[INFO] [1782641590.366626912] [unitree_safe_cmd_node]: Move x=0.500, z=-0.058, stop_count=0, roi_count=0, nearest_x=inf, clear_frames=18861
[INFO] [1782641590.866631774] [unitree_safe_cmd_node]: Move x=0.500, z=-0.020, stop_count=0, roi_count=0, nearest_x=inf, clear_frames=18866
[INFO] [1782641591.417339096] [unitree_safe_cmd_node]: Move x=0.500, z=0.002, stop_count=0, roi_count=0, nearest_x=inf, clear_frames=18870
[INFO] [1782641591.966767035] [unitree_safe_cmd_node]: Move x=0.500, z=-0.032, stop_count=0, roi_count=0, nearest_x=inf, clear_frames=18876
[INFO] [1782641592.517020829] [unitree_safe_cmd_node]: Move x=0.500, z=0.000, stop_count=0, roi_count=0, nearest_x=inf, clear_frames=18881
[INFO] [1782641593.019043923] [unitree_safe_cmd_node]: Move x=0.500, z=-0.021, stop_count=0, roi_count=0, nearest_x=inf, clear_frames=18886
[INFO] [1782641593.566579822] [unitree_safe_cmd_node]: Move x=0.500, z=-0.031, stop_count=0, roi_count=0, nearest_x=inf, clear_frames=18891
[INFO] [1782641594.067937108] [unitree_safe_cmd_node]: Move x=0.500, z=-0.068, stop_count=0, roi_count=0, nearest_x=inf, clear_frames=18896
[INFO] [1782641594.617041893] [unitree_safe_cmd_node]: Move x=0.500, z=-0.002, stop_count=0, roi_count=0, nearest_x=inf, clear_frames=18901
[INFO] [1782641595.166622531] [unitree_safe_cmd_node]: Move x=0.500, z=-0.010, stop_count=0, roi_count=0, nearest_x=inf, clear_frames=18906
[INFO] [1782641595.666617786] [unitree_safe_cmd_node]: Move x=0.500, z=-0.057, stop_count=0, roi_count=0, nearest_x=inf, clear_frames=18911
[INFO] [1782641596.166674495] [unitree_safe_cmd_node]: Move x=0.500, z=-0.011, stop_count=0, roi_count=0, nearest_x=inf, clear_frames=18915
[INFO] [1782641596.717040749] [unitree_safe_cmd_node]: Move x=0.500, z=-0.040, stop_count=0, roi_count=0, nearest_x=inf, clear_frames=18920
[INFO] [1782641597.217035661] [unitree_safe_cmd_node]: Move x=0.500, z=0.016, stop_count=0, roi_count=0, nearest_x=inf, clear_frames=18925
[INFO] [1782641597.717840152] [unitree_safe_cmd_node]: Move x=0.500, z=-0.037, stop_count=0, roi_count=0, nearest_x=inf, clear_frames=18930
[INFO] [1782641598.268891557] [unitree_safe_cmd_node]: Move x=0.500, z=-0.003, stop_count=0, roi_count=0, nearest_x=inf, clear_frames=18935
[INFO] [1782641598.817032359] [unitree_safe_cmd_node]: Move x=0.500, z=-0.011, stop_count=0, roi_count=0, nearest_x=inf, clear_frames=18940
[INFO] [1782641599.317080548] [unitree_safe_cmd_node]: Move x=0.500, z=-0.038, stop_count=0, roi_count=0, nearest_x=inf, clear_frames=18945
[INFO] [1782641599.866655086] [unitree_safe_cmd_node]: Move x=0.500, z=-0.026, stop_count=0, roi_count=0, nearest_x=inf, clear_frames=18951
[INFO] [1782641600.417043785] [unitree_safe_cmd_node]: Move x=0.500, z=-0.038, stop_count=0, roi_count=0, nearest_x=inf, clear_frames=18955
[INFO] [1782641600.966611150] [unitree_safe_cmd_node]: Move x=0.500, z=-0.006, stop_count=0, roi_count=0, nearest_x=inf, clear_frames=18961
[INFO] [1782641601.517193047] [unitree_safe_cmd_node]: Move x=0.500, z=-0.031, stop_count=0, roi_count=0, nearest_x=inf, clear_frames=18966
[INFO] [1782641602.067609528] [unitree_safe_cmd_node]: Move x=0.500, z=-0.020, stop_count=0, roi_count=0, nearest_x=inf, clear_frames=18972
[INFO] [1782641602.617081545] [unitree_safe_cmd_node]: Move x=0.500, z=-0.048, stop_count=0, roi_count=0, nearest_x=inf, clear_frames=18977
[INFO] [1782641603.117480695] [unitree_safe_cmd_node]: Move x=0.500, z=-0.047, stop_count=0, roi_count=0, nearest_x=inf, clear_frames=18982
[INFO] [1782641603.666722736] [unitree_safe_cmd_node]: Move x=0.500, z=0.010, stop_count=0, roi_count=0, nearest_x=inf, clear_frames=18988
[INFO] [1782641604.217205807] [unitree_safe_cmd_node]: Move x=0.500, z=0.006, stop_count=0, roi_count=0, nearest_x=inf, clear_frames=18993
[INFO] [1782641604.766597770] [unitree_safe_cmd_node]: Move x=0.500, z=0.055, stop_count=0, roi_count=0, nearest_x=inf, clear_frames=18999
[INFO] [1782641605.266804604] [unitree_safe_cmd_node]: Move x=0.500, z=0.001, stop_count=0, roi_count=0, nearest_x=inf, clear_frames=19004
[INFO] [1782641605.817242526] [unitree_safe_cmd_node]: Move x=0.500, z=-0.007, stop_count=0, roi_count=0, nearest_x=inf, clear_frames=19009
[INFO] [1782641606.366621118] [unitree_safe_cmd_node]: Move x=0.500, z=-0.041, stop_count=0, roi_count=0, nearest_x=inf, clear_frames=19014
[INFO] [1782641606.866638688] [unitree_safe_cmd_node]: Move x=0.500, z=0.004, stop_count=0, roi_count=0, nearest_x=inf, clear_frames=19019
[INFO] [1782641607.418892881] [unitree_safe_cmd_node]: Move x=0.500, z=-0.019, stop_count=0, roi_count=0, nearest_x=inf, clear_frames=19024
[INFO] [1782641607.917174244] [unitree_safe_cmd_node]: Move x=0.500, z=-0.033, stop_count=0, roi_count=0, nearest_x=inf, clear_frames=19029
[INFO] [1782641608.467745902] [unitree_safe_cmd_node]: Move x=0.500, z=-0.003, stop_count=0, roi_count=0, nearest_x=inf, clear_frames=19035
[INFO] [1782641608.966595262] [unitree_safe_cmd_node]: Move x=0.500, z=-0.053, stop_count=0, roi_count=0, nearest_x=inf, clear_frames=19040
[INFO] [1782641609.466860043] [unitree_safe_cmd_node]: Move x=0.500, z=0.017, stop_count=0, roi_count=0, nearest_x=inf, clear_frames=19045
[INFO] [1782641610.017358663] [unitree_safe_cmd_node]: Move x=0.500, z=-0.028, stop_count=0, roi_count=0, nearest_x=inf, clear_frames=19050
[INFO] [1782641610.567320047] [unitree_safe_cmd_node]: Move x=0.500, z=-0.037, stop_count=0, roi_count=0, nearest_x=inf, clear_frames=19055
[INFO] [1782641611.067586449] [unitree_safe_cmd_node]: Move x=0.500, z=-0.066, stop_count=0, roi_count=0, nearest_x=inf, clear_frames=19060
[INFO] [1782641611.617489799] [unitree_safe_cmd_node]: Move x=0.500, z=-0.013, stop_count=0, roi_count=0, nearest_x=inf, clear_frames=19065
[INFO] [1782641612.118437232] [unitree_safe_cmd_node]: Move x=0.500, z=0.031, stop_count=0, roi_count=0, nearest_x=inf, clear_frames=19070
[INFO] [1782641612.675988059] [unitree_safe_cmd_node]: Move x=0.500, z=0.017, stop_count=0, roi_count=0, nearest_x=inf, clear_frames=19076
[INFO] [1782641613.217003691] [unitree_safe_cmd_node]: Move x=0.500, z=-0.004, stop_count=0, roi_count=0, nearest_x=inf, clear_frames=19081
[INFO] [1782641613.717574549] [unitree_safe_cmd_node]: Move x=0.500, z=-0.058, stop_count=0, roi_count=0, nearest_x=inf, clear_frames=19086
[INFO] [1782641614.266545841] [unitree_safe_cmd_node]: Move x=0.500, z=-0.032, stop_count=0, roi_count=0, nearest_x=inf, clear_frames=19092
[INFO] [1782641614.769702959] [unitree_safe_cmd_node]: Move x=0.500, z=-0.065, stop_count=0, roi_count=0, nearest_x=inf, clear_frames=19097
[INFO] [1782641615.317134986] [unitree_safe_cmd_node]: Move x=0.500, z=0.008, stop_count=0, roi_count=0, nearest_x=inf, clear_frames=19102
[INFO] [1782641615.818889132] [unitree_safe_cmd_node]: Move x=0.500, z=-0.036, stop_count=0, roi_count=0, nearest_x=inf, clear_frames=19107
[INFO] [1782641616.366613391] [unitree_safe_cmd_node]: Move x=0.500, z=-0.030, stop_count=0, roi_count=0, nearest_x=inf, clear_frames=19112
[INFO] [1782641616.867391575] [unitree_safe_cmd_node]: Move x=0.500, z=-0.069, stop_count=0, roi_count=0, nearest_x=inf, clear_frames=19117
[INFO] [1782641617.417500640] [unitree_safe_cmd_node]: Move x=0.500, z=-0.035, stop_count=0, roi_count=0, nearest_x=inf, clear_frames=19121
[INFO] [1782641617.966580191] [unitree_safe_cmd_node]: Move x=0.500, z=0.027, stop_count=0, roi_count=0, nearest_x=inf, clear_frames=19127
[INFO] [1782641618.466613354] [unitree_safe_cmd_node]: Move x=0.500, z=-0.014, stop_count=0, roi_count=0, nearest_x=inf, clear_frames=19132
[INFO] [1782641618.967006673] [unitree_safe_cmd_node]: Move x=0.500, z=0.038, stop_count=0, roi_count=0, nearest_x=inf, clear_frames=19137
[INFO] [1782641619.517359949] [unitree_safe_cmd_node]: Move x=0.500, z=0.060, stop_count=0, roi_count=0, nearest_x=inf, clear_frames=19141
[INFO] [1782641620.067720109] [unitree_safe_cmd_node]: Move x=0.500, z=-0.005, stop_count=0, roi_count=0, nearest_x=inf, clear_frames=19147
[INFO] [1782641620.617056012] [unitree_safe_cmd_node]: Move x=0.500, z=0.056, stop_count=0, roi_count=0, nearest_x=inf, clear_frames=19152
[INFO] [1782641621.117081524] [unitree_safe_cmd_node]: Move x=0.500, z=0.046, stop_count=0, roi_count=0, nearest_x=inf, clear_frames=19157
[INFO] [1782641621.666634290] [unitree_safe_cmd_node]: Move x=0.500, z=0.003, stop_count=0, roi_count=0, nearest_x=inf, clear_frames=19163
[INFO] [1782641622.166854615] [unitree_safe_cmd_node]: Move x=0.500, z=-0.018, stop_count=0, roi_count=0, nearest_x=inf, clear_frames=19167
[INFO] [1782641622.716774942] [unitree_safe_cmd_node]: Move x=0.500, z=-0.013, stop_count=0, roi_count=0, nearest_x=inf, clear_frames=19172
[INFO] [1782641623.217032179] [unitree_safe_cmd_node]: Move x=0.500, z=-0.035, stop_count=0, roi_count=0, nearest_x=inf, clear_frames=19176
[INFO] [1782641623.717204905] [unitree_safe_cmd_node]: Move x=0.500, z=0.004, stop_count=0, roi_count=0, nearest_x=inf, clear_frames=19181
[INFO] [1782641624.266729957] [unitree_safe_cmd_node]: Move x=0.500, z=0.098, stop_count=0, roi_count=0, nearest_x=inf, clear_frames=19187
[INFO] [1782641624.766754811] [unitree_safe_cmd_node]: Move x=0.500, z=0.075, stop_count=0, roi_count=0, nearest_x=inf, clear_frames=19192
[INFO] [1782641625.317248430] [unitree_safe_cmd_node]: Move x=0.500, z=0.137, stop_count=0, roi_count=0, nearest_x=inf, clear_frames=19197
[INFO] [1782641625.866599343] [unitree_safe_cmd_node]: Move x=0.500, z=0.127, stop_count=0, roi_count=0, nearest_x=inf, clear_frames=19203
[INFO] [1782641626.366629465] [unitree_safe_cmd_node]: Move x=0.500, z=0.197, stop_count=0, roi_count=0, nearest_x=inf, clear_frames=19207
[INFO] [1782641626.916914893] [unitree_safe_cmd_node]: Move x=0.500, z=0.089, stop_count=0, roi_count=0, nearest_x=inf, clear_frames=19212
[INFO] [1782641627.417449961] [unitree_safe_cmd_node]: Move x=0.500, z=0.083, stop_count=0, roi_count=0, nearest_x=inf, clear_frames=19217
[INFO] [1782641627.966779712] [unitree_safe_cmd_node]: Move x=0.500, z=0.040, stop_count=0, roi_count=0, nearest_x=inf, clear_frames=19223
[INFO] [1782641628.466854500] [unitree_safe_cmd_node]: Move x=0.500, z=0.009, stop_count=0, roi_count=0, nearest_x=inf, clear_frames=19227
[INFO] [1782641629.017299548] [unitree_safe_cmd_node]: Move x=0.500, z=-0.013, stop_count=0, roi_count=0, nearest_x=inf, clear_frames=19232
[INFO] [1782641629.566646378] [unitree_safe_cmd_node]: Move x=0.500, z=-0.031, stop_count=0, roi_count=0, nearest_x=inf, clear_frames=19238
[INFO] [1782641630.067127353] [unitree_safe_cmd_node]: Move x=0.500, z=-0.022, stop_count=0, roi_count=0, nearest_x=inf, clear_frames=19242
[INFO] [1782641630.618505580] [unitree_safe_cmd_node]: Move x=0.500, z=-0.066, stop_count=0, roi_count=0, nearest_x=inf, clear_frames=19247
[INFO] [1782641631.166846396] [unitree_safe_cmd_node]: Move x=0.500, z=-0.012, stop_count=0, roi_count=0, nearest_x=inf, clear_frames=19252
[INFO] [1782641631.717422269] [unitree_safe_cmd_node]: Move x=0.500, z=0.028, stop_count=0, roi_count=0, nearest_x=inf, clear_frames=19257
[INFO] [1782641632.266812872] [unitree_safe_cmd_node]: Move x=0.500, z=-0.015, stop_count=0, roi_count=0, nearest_x=inf, clear_frames=19263
[INFO] [1782641632.767169928] [unitree_safe_cmd_node]: Move x=0.500, z=-0.058, stop_count=0, roi_count=0, nearest_x=inf, clear_frames=19268
[INFO] [1782641633.317104999] [unitree_safe_cmd_node]: Move x=0.500, z=-0.072, stop_count=0, roi_count=0, nearest_x=inf, clear_frames=19272
[INFO] [1782641633.866832314] [unitree_safe_cmd_node]: Move x=0.500, z=0.003, stop_count=0, roi_count=0, nearest_x=inf, clear_frames=19278
[INFO] [1782641634.366903027] [unitree_safe_cmd_node]: Move x=0.500, z=-0.064, stop_count=0, roi_count=0, nearest_x=inf, clear_frames=19283
[INFO] [1782641634.917003980] [unitree_safe_cmd_node]: Move x=0.500, z=-0.034, stop_count=0, roi_count=0, nearest_x=inf, clear_frames=19288
[INFO] [1782641635.417426665] [unitree_safe_cmd_node]: Move x=0.500, z=0.032, stop_count=0, roi_count=0, nearest_x=inf, clear_frames=19292
[INFO] [1782641635.966612165] [unitree_safe_cmd_node]: Move x=0.500, z=0.000, stop_count=0, roi_count=0, nearest_x=inf, clear_frames=19298
[INFO] [1782641636.466857373] [unitree_safe_cmd_node]: Move x=0.500, z=0.076, stop_count=0, roi_count=0, nearest_x=inf, clear_frames=19302
[INFO] [1782641636.966999214] [unitree_safe_cmd_node]: Move x=0.500, z=0.029, stop_count=0, roi_count=0, nearest_x=inf, clear_frames=19307
[INFO] [1782641637.517406616] [unitree_safe_cmd_node]: Move x=0.500, z=0.143, stop_count=0, roi_count=0, nearest_x=inf, clear_frames=19312
[INFO] [1782641638.024522499] [unitree_safe_cmd_node]: Move x=0.500, z=0.095, stop_count=0, roi_count=0, nearest_x=inf, clear_frames=19317
[INFO] [1782641638.567899198] [unitree_safe_cmd_node]: Move x=0.500, z=0.095, stop_count=0, roi_count=0, nearest_x=inf, clear_frames=19323
[INFO] [1782641639.067671299] [unitree_safe_cmd_node]: Move x=0.500, z=0.107, stop_count=0, roi_count=0, nearest_x=inf, clear_frames=19328
[INFO] [1782641639.617067312] [unitree_safe_cmd_node]: Move x=0.500, z=0.038, stop_count=0, roi_count=0, nearest_x=inf, clear_frames=19333
[INFO] [1782641640.117059373] [unitree_safe_cmd_node]: Move x=0.500, z=-0.002, stop_count=0, roi_count=0, nearest_x=inf, clear_frames=19338
[INFO] [1782641640.617144406] [unitree_safe_cmd_node]: Move x=0.500, z=0.017, stop_count=0, roi_count=0, nearest_x=inf, clear_frames=19343
[INFO] [1782641641.166783040] [unitree_safe_cmd_node]: Move x=0.500, z=0.065, stop_count=0, roi_count=0, nearest_x=inf, clear_frames=19348
[INFO] [1782641641.666805740] [unitree_safe_cmd_node]: Move x=0.500, z=-0.064, stop_count=0, roi_count=0, nearest_x=inf, clear_frames=19353
[INFO] [1782641642.166990053] [unitree_safe_cmd_node]: Move x=0.500, z=0.003, stop_count=0, roi_count=0, nearest_x=inf, clear_frames=19357
[INFO] [1782641642.667052090] [unitree_safe_cmd_node]: Move x=0.500, z=0.007, stop_count=0, roi_count=0, nearest_x=inf, clear_frames=19362
[INFO] [1782641643.217115891] [unitree_safe_cmd_node]: Move x=0.500, z=0.020, stop_count=0, roi_count=0, nearest_x=inf, clear_frames=19367
[INFO] [1782641643.717359837] [unitree_safe_cmd_node]: Move x=0.500, z=-0.028, stop_count=0, roi_count=0, nearest_x=inf, clear_frames=19372
[INFO] [1782641644.217246573] [unitree_safe_cmd_node]: Move x=0.500, z=0.055, stop_count=0, roi_count=0, nearest_x=inf, clear_frames=19377
[INFO] [1782641644.766605051] [unitree_safe_cmd_node]: Move x=0.500, z=-0.013, stop_count=0, roi_count=0, nearest_x=inf, clear_frames=19383
[INFO] [1782641645.267052349] [unitree_safe_cmd_node]: Move x=0.500, z=0.030, stop_count=0, roi_count=0, nearest_x=inf, clear_frames=19388
[INFO] [1782641645.817008768] [unitree_safe_cmd_node]: Move x=0.500, z=0.006, stop_count=0, roi_count=0, nearest_x=inf, clear_frames=19393
[INFO] [1782641646.366758519] [unitree_safe_cmd_node]: Move x=0.500, z=-0.026, stop_count=0, roi_count=0, nearest_x=inf, clear_frames=19399
[INFO] [1782641646.867114618] [unitree_safe_cmd_node]: Move x=0.500, z=0.062, stop_count=0, roi_count=0, nearest_x=inf, clear_frames=19404
[INFO] [1782641647.417056679] [unitree_safe_cmd_node]: Move x=0.500, z=0.005, stop_count=0, roi_count=0, nearest_x=inf, clear_frames=19408
[INFO] [1782641647.966802950] [unitree_safe_cmd_node]: Move x=0.500, z=0.019, stop_count=0, roi_count=0, nearest_x=inf, clear_frames=19414
[INFO] [1782641648.517158521] [unitree_safe_cmd_node]: Move x=0.500, z=-0.022, stop_count=0, roi_count=0, nearest_x=inf, clear_frames=19419
[INFO] [1782641649.017439585] [unitree_safe_cmd_node]: Move x=0.500, z=-0.007, stop_count=0, roi_count=0, nearest_x=inf, clear_frames=19424
[INFO] [1782641649.566594079] [unitree_safe_cmd_node]: Move x=0.500, z=0.024, stop_count=0, roi_count=0, nearest_x=inf, clear_frames=19429
[INFO] [1782641650.070957989] [unitree_safe_cmd_node]: Move x=0.500, z=0.007, stop_count=0, roi_count=0, nearest_x=inf, clear_frames=19434
[INFO] [1782641650.617213931] [unitree_safe_cmd_node]: Move x=0.500, z=-0.004, stop_count=0, roi_count=0, nearest_x=inf, clear_frames=19439
[INFO] [1782641651.117807991] [unitree_safe_cmd_node]: Move x=0.500, z=-0.010, stop_count=0, roi_count=0, nearest_x=inf, clear_frames=19444
[INFO] [1782641651.666843638] [unitree_safe_cmd_node]: Move x=0.500, z=0.007, stop_count=0, roi_count=0, nearest_x=inf, clear_frames=19450
[INFO] [1782641652.217077011] [unitree_safe_cmd_node]: Move x=0.500, z=-0.020, stop_count=0, roi_count=0, nearest_x=inf, clear_frames=19455
[INFO] [1782641652.717322220] [unitree_safe_cmd_node]: Move x=0.500, z=-0.064, stop_count=0, roi_count=0, nearest_x=inf, clear_frames=19460
[INFO] [1782641653.217614732] [unitree_safe_cmd_node]: Move x=0.500, z=-0.018, stop_count=0, roi_count=0, nearest_x=inf, clear_frames=19465
[INFO] [1782641653.717496302] [unitree_safe_cmd_node]: Move x=0.500, z=-0.060, stop_count=0, roi_count=0, nearest_x=inf, clear_frames=19470
[INFO] [1782641654.266561981] [unitree_safe_cmd_node]: Move x=0.500, z=0.042, stop_count=0, roi_count=0, nearest_x=inf, clear_frames=19476
[INFO] [1782641654.766801279] [unitree_safe_cmd_node]: Move x=0.500, z=0.011, stop_count=0, roi_count=0, nearest_x=inf, clear_frames=19481
[INFO] [1782641655.317138644] [unitree_safe_cmd_node]: Move x=0.500, z=0.149, stop_count=0, roi_count=0, nearest_x=inf, clear_frames=19486
[INFO] [1782641655.871192070] [unitree_safe_cmd_node]: Move x=0.500, z=0.089, stop_count=0, roi_count=0, nearest_x=inf, clear_frames=19492
[INFO] [1782641656.417083629] [unitree_safe_cmd_node]: Move x=0.500, z=0.140, stop_count=0, roi_count=0, nearest_x=inf, clear_frames=19497
[INFO] [1782641656.917452577] [unitree_safe_cmd_node]: Move x=0.500, z=0.163, stop_count=0, roi_count=0, nearest_x=inf, clear_frames=19502
[INFO] [1782641657.417332596] [unitree_safe_cmd_node]: Move x=0.500, z=0.115, stop_count=0, roi_count=0, nearest_x=inf, clear_frames=19507
[INFO] [1782641657.975435045] [unitree_safe_cmd_node]: Move x=0.500, z=0.080, stop_count=0, roi_count=0, nearest_x=inf, clear_frames=19513
[INFO] [1782641658.520859889] [unitree_safe_cmd_node]: Move x=0.500, z=0.058, stop_count=0, roi_count=0, nearest_x=inf, clear_frames=19518
[INFO] [1782641659.067863959] [unitree_safe_cmd_node]: Move x=0.500, z=0.013, stop_count=0, roi_count=0, nearest_x=inf, clear_frames=19523
[INFO] [1782641659.616860729] [unitree_safe_cmd_node]: Move x=0.500, z=-0.000, stop_count=0, roi_count=0, nearest_x=inf, clear_frames=19528
[INFO] [1782641660.117168566] [unitree_safe_cmd_node]: Move x=0.500, z=-0.011, stop_count=0, roi_count=0, nearest_x=inf, clear_frames=19533
[INFO] [1782641660.618552616] [unitree_safe_cmd_node]: Move x=0.500, z=-0.003, stop_count=0, roi_count=0, nearest_x=inf, clear_frames=19538
[INFO] [1782641661.166633577] [unitree_safe_cmd_node]: Move x=0.500, z=-0.028, stop_count=0, roi_count=0, nearest_x=inf, clear_frames=19543
[INFO] [1782641661.666623188] [unitree_safe_cmd_node]: Move x=0.500, z=-0.055, stop_count=0, roi_count=0, nearest_x=inf, clear_frames=19548
[INFO] [1782641662.166720264] [unitree_safe_cmd_node]: Move x=0.500, z=-0.026, stop_count=0, roi_count=0, nearest_x=inf, clear_frames=19553
[INFO] [1782641662.717029017] [unitree_safe_cmd_node]: Move x=0.500, z=-0.053, stop_count=0, roi_count=0, nearest_x=inf, clear_frames=19558
[INFO] [1782641663.217143187] [unitree_safe_cmd_node]: Move x=0.500, z=-0.079, stop_count=0, roi_count=0, nearest_x=inf, clear_frames=19563
[INFO] [1782641663.717762100] [unitree_safe_cmd_node]: Move x=0.500, z=-0.002, stop_count=0, roi_count=0, nearest_x=inf, clear_frames=19568
[INFO] [1782641664.266600187] [unitree_safe_cmd_node]: Move x=0.500, z=-0.019, stop_count=0, roi_count=0, nearest_x=inf, clear_frames=19574
[INFO] [1782641664.766808193] [unitree_safe_cmd_node]: Move x=0.500, z=-0.042, stop_count=0, roi_count=0, nearest_x=inf, clear_frames=19579
[INFO] [1782641665.317020564] [unitree_safe_cmd_node]: Move x=0.500, z=-0.057, stop_count=0, roi_count=0, nearest_x=inf, clear_frames=19583
[INFO] [1782641665.818796501] [unitree_safe_cmd_node]: Move x=0.500, z=-0.042, stop_count=0, roi_count=0, nearest_x=inf, clear_frames=19588
[INFO] [1782641666.366607477] [unitree_safe_cmd_node]: Move x=0.500, z=0.007, stop_count=0, roi_count=0, nearest_x=inf, clear_frames=19594
[INFO] [1782641666.866636339] [unitree_safe_cmd_node]: Move x=0.500, z=-0.042, stop_count=0, roi_count=0, nearest_x=inf, clear_frames=19599
[INFO] [1782641667.417195912] [unitree_safe_cmd_node]: Move x=0.500, z=-0.040, stop_count=0, roi_count=0, nearest_x=inf, clear_frames=19604
[INFO] [1782641667.966626728] [unitree_safe_cmd_node]: Move x=0.500, z=-0.034, stop_count=0, roi_count=0, nearest_x=inf, clear_frames=19610
[INFO] [1782641668.517048695] [unitree_safe_cmd_node]: Move x=0.500, z=-0.052, stop_count=0, roi_count=0, nearest_x=inf, clear_frames=19615
[INFO] [1782641669.067597904] [unitree_safe_cmd_node]: Move x=0.500, z=-0.017, stop_count=0, roi_count=0, nearest_x=inf, clear_frames=19621
[INFO] [1782641669.617503610] [unitree_safe_cmd_node]: Move x=0.500, z=-0.009, stop_count=0, roi_count=0, nearest_x=inf, clear_frames=19626
[INFO] [1782641670.166606184] [unitree_safe_cmd_node]: Move x=0.500, z=0.019, stop_count=0, roi_count=0, nearest_x=inf, clear_frames=19631
[INFO] [1782641670.666628849] [unitree_safe_cmd_node]: Move x=0.500, z=-0.002, stop_count=0, roi_count=0, nearest_x=inf, clear_frames=19636
[INFO] [1782641671.166709535] [unitree_safe_cmd_node]: Move x=0.500, z=0.015, stop_count=0, roi_count=0, nearest_x=inf, clear_frames=19641
[INFO] [1782641671.717001517] [unitree_safe_cmd_node]: Move x=0.500, z=0.010, stop_count=0, roi_count=0, nearest_x=inf, clear_frames=19645
[INFO] [1782641672.217044091] [unitree_safe_cmd_node]: Move x=0.500, z=0.023, stop_count=0, roi_count=0, nearest_x=inf, clear_frames=19650
[INFO] [1782641672.717064232] [unitree_safe_cmd_node]: Move x=0.500, z=-0.006, stop_count=0, roi_count=0, nearest_x=inf, clear_frames=19655
[INFO] [1782641673.266559901] [unitree_safe_cmd_node]: Move x=0.500, z=0.034, stop_count=0, roi_count=0, nearest_x=inf, clear_frames=19660
[INFO] [1782641673.766633074] [unitree_safe_cmd_node]: Move x=0.500, z=-0.028, stop_count=0, roi_count=0, nearest_x=inf, clear_frames=19665
[INFO] [1782641674.269314318] [unitree_safe_cmd_node]: Move x=0.500, z=-0.025, stop_count=0, roi_count=0, nearest_x=inf, clear_frames=19669
[INFO] [1782641674.817031871] [unitree_safe_cmd_node]: Move x=0.500, z=-0.021, stop_count=0, roi_count=0, nearest_x=inf, clear_frames=19674
[INFO] [1782641675.317222208] [unitree_safe_cmd_node]: Move x=0.500, z=-0.019, stop_count=0, roi_count=0, nearest_x=inf, clear_frames=19678
[INFO] [1782641675.817163311] [unitree_safe_cmd_node]: Move x=0.500, z=-0.025, stop_count=0, roi_count=0, nearest_x=inf, clear_frames=19683
[INFO] [1782641676.378138106] [unitree_safe_cmd_node]: Move x=0.500, z=-0.023, stop_count=0, roi_count=0, nearest_x=inf, clear_frames=19689
[INFO] [1782641676.917033005] [unitree_safe_cmd_node]: Move x=0.500, z=0.013, stop_count=0, roi_count=0, nearest_x=inf, clear_frames=19694
[INFO] [1782641677.417255894] [unitree_safe_cmd_node]: Move x=0.500, z=-0.001, stop_count=0, roi_count=0, nearest_x=inf, clear_frames=19698
[INFO] [1782641677.966620044] [unitree_safe_cmd_node]: Move x=0.500, z=-0.037, stop_count=0, roi_count=0, nearest_x=inf, clear_frames=19704
[INFO] [1782641678.469410427] [unitree_safe_cmd_node]: Move x=0.500, z=-0.048, stop_count=0, roi_count=0, nearest_x=inf, clear_frames=19708
[INFO] [1782641679.017319556] [unitree_safe_cmd_node]: Move x=0.500, z=-0.004, stop_count=0, roi_count=0, nearest_x=inf, clear_frames=19713
[INFO] [1782641679.566853548] [unitree_safe_cmd_node]: Move x=0.500, z=-0.035, stop_count=0, roi_count=0, nearest_x=inf, clear_frames=19718
[INFO] [1782641680.068902820] [unitree_safe_cmd_node]: Move x=0.500, z=-0.025, stop_count=0, roi_count=0, nearest_x=inf, clear_frames=19723
[INFO] [1782641680.618575065] [unitree_safe_cmd_node]: Move x=0.500, z=0.045, stop_count=0, roi_count=0, nearest_x=inf, clear_frames=19728
[INFO] [1782641681.166619345] [unitree_safe_cmd_node]: Move x=0.500, z=-0.009, stop_count=0, roi_count=0, nearest_x=inf, clear_frames=19733
[INFO] [1782641681.717301237] [unitree_safe_cmd_node]: Move x=0.500, z=0.054, stop_count=0, roi_count=0, nearest_x=inf, clear_frames=19738
[INFO] [1782641682.266577038] [unitree_safe_cmd_node]: Move x=0.500, z=0.051, stop_count=0, roi_count=0, nearest_x=inf, clear_frames=19743
[INFO] [1782641682.766600337] [unitree_safe_cmd_node]: Move x=0.500, z=0.048, stop_count=0, roi_count=0, nearest_x=inf, clear_frames=19748
[INFO] [1782641683.317244181] [unitree_safe_cmd_node]: Move x=0.500, z=0.036, stop_count=0, roi_count=0, nearest_x=inf, clear_frames=19753
[INFO] [1782641683.817041481] [unitree_safe_cmd_node]: Move x=0.500, z=0.018, stop_count=0, roi_count=0, nearest_x=inf, clear_frames=19758
[INFO] [1782641684.317420426] [unitree_safe_cmd_node]: Move x=0.500, z=-0.010, stop_count=0, roi_count=0, nearest_x=inf, clear_frames=19762
[INFO] [1782641684.866575647] [unitree_safe_cmd_node]: Move x=0.500, z=-0.052, stop_count=0, roi_count=0, nearest_x=inf, clear_frames=19768
[INFO] [1782641685.366602695] [unitree_safe_cmd_node]: Move x=0.500, z=-0.021, stop_count=0, roi_count=0, nearest_x=inf, clear_frames=19773
[INFO] [1782641685.917061537] [unitree_safe_cmd_node]: Move x=0.500, z=-0.040, stop_count=0, roi_count=0, nearest_x=inf, clear_frames=19778
[INFO] [1782641686.417620404] [unitree_safe_cmd_node]: Move x=0.500, z=-0.048, stop_count=0, roi_count=0, nearest_x=inf, clear_frames=19783
[INFO] [1782641686.966613216] [unitree_safe_cmd_node]: Move x=0.500, z=-0.046, stop_count=0, roi_count=0, nearest_x=inf, clear_frames=19789
[INFO] [1782641687.517025370] [unitree_safe_cmd_node]: Move x=0.500, z=0.021, stop_count=0, roi_count=0, nearest_x=inf, clear_frames=19793
[INFO] [1782641688.017442948] [unitree_safe_cmd_node]: Move x=0.500, z=-0.023, stop_count=0, roi_count=0, nearest_x=inf, clear_frames=19798
[INFO] [1782641688.566612384] [unitree_safe_cmd_node]: Move x=0.500, z=-0.037, stop_count=0, roi_count=0, nearest_x=inf, clear_frames=19803
[INFO] [1782641689.067023051] [unitree_safe_cmd_node]: Move x=0.500, z=-0.005, stop_count=0, roi_count=0, nearest_x=inf, clear_frames=19807
[INFO] [1782641689.617210680] [unitree_safe_cmd_node]: Move x=0.500, z=-0.018, stop_count=0, roi_count=0, nearest_x=inf, clear_frames=19812
[INFO] [1782641690.118707575] [unitree_safe_cmd_node]: Move x=0.500, z=-0.021, stop_count=0, roi_count=0, nearest_x=inf, clear_frames=19817
[INFO] [1782641690.666597717] [unitree_safe_cmd_node]: Move x=0.500, z=0.051, stop_count=0, roi_count=0, nearest_x=inf, clear_frames=19823
[INFO] [1782641691.166634951] [unitree_safe_cmd_node]: Move x=0.500, z=-0.067, stop_count=0, roi_count=0, nearest_x=inf, clear_frames=19827
[INFO] [1782641691.717041479] [unitree_safe_cmd_node]: Move x=0.500, z=-0.049, stop_count=0, roi_count=0, nearest_x=inf, clear_frames=19832
[INFO] [1782641692.217075353] [unitree_safe_cmd_node]: Move x=0.500, z=-0.042, stop_count=0, roi_count=0, nearest_x=inf, clear_frames=19837
[INFO] [1782641692.766635962] [unitree_safe_cmd_node]: Move x=0.500, z=0.007, stop_count=0, roi_count=0, nearest_x=inf, clear_frames=19843
[INFO] [1782641693.317349396] [unitree_safe_cmd_node]: Move x=0.500, z=-0.014, stop_count=0, roi_count=0, nearest_x=inf, clear_frames=19847
[INFO] [1782641693.824414243] [unitree_safe_cmd_node]: Move x=0.500, z=-0.025, stop_count=0, roi_count=0, nearest_x=inf, clear_frames=19852
[INFO] [1782641694.319731472] [unitree_safe_cmd_node]: Move x=0.500, z=-0.056, stop_count=0, roi_count=0, nearest_x=inf, clear_frames=19857
[INFO] [1782641694.876308172] [unitree_safe_cmd_node]: Move x=0.500, z=-0.020, stop_count=0, roi_count=0, nearest_x=inf, clear_frames=19863
[INFO] [1782641695.417202906] [unitree_safe_cmd_node]: Move x=0.500, z=-0.021, stop_count=0, roi_count=0, nearest_x=inf, clear_frames=19867
[INFO] [1782641695.966617108] [unitree_safe_cmd_node]: Move x=0.500, z=-0.024, stop_count=0, roi_count=0, nearest_x=inf, clear_frames=19873
[INFO] [1782641696.466718289] [unitree_safe_cmd_node]: Move x=0.500, z=0.001, stop_count=0, roi_count=0, nearest_x=inf, clear_frames=19877
[INFO] [1782641697.019512719] [unitree_safe_cmd_node]: Move x=0.500, z=-0.020, stop_count=0, roi_count=0, nearest_x=inf, clear_frames=19882
[INFO] [1782641697.566660478] [unitree_safe_cmd_node]: Move x=0.500, z=-0.020, stop_count=0, roi_count=0, nearest_x=inf, clear_frames=19888
[INFO] [1782641698.067399981] [unitree_safe_cmd_node]: Move x=0.500, z=-0.010, stop_count=0, roi_count=0, nearest_x=inf, clear_frames=19892
[INFO] [1782641698.617067038] [unitree_safe_cmd_node]: Move x=0.500, z=-0.037, stop_count=0, roi_count=0, nearest_x=inf, clear_frames=19897
[INFO] [1782641699.167686776] [unitree_safe_cmd_node]: Move x=0.500, z=-0.019, stop_count=0, roi_count=0, nearest_x=inf, clear_frames=19903
[INFO] [1782641699.717093527] [unitree_safe_cmd_node]: Move x=0.500, z=-0.042, stop_count=0, roi_count=0, nearest_x=inf, clear_frames=19908
[INFO] [1782641700.217102129] [unitree_safe_cmd_node]: Move x=0.500, z=-0.016, stop_count=0, roi_count=0, nearest_x=inf, clear_frames=19913
[INFO] [1782641700.718556634] [unitree_safe_cmd_node]: Move x=0.500, z=-0.005, stop_count=0, roi_count=0, nearest_x=inf, clear_frames=19918
[INFO] [1782641701.266558158] [unitree_safe_cmd_node]: Move x=0.500, z=-0.016, stop_count=0, roi_count=0, nearest_x=inf, clear_frames=19924
[INFO] [1782641701.766673362] [unitree_safe_cmd_node]: Move x=0.500, z=-0.009, stop_count=0, roi_count=0, nearest_x=inf, clear_frames=19929
[INFO] [1782641702.317196137] [unitree_safe_cmd_node]: Move x=0.500, z=-0.045, stop_count=0, roi_count=0, nearest_x=inf, clear_frames=19933
[INFO] [1782641702.866711219] [unitree_safe_cmd_node]: Move x=0.500, z=-0.053, stop_count=0, roi_count=0, nearest_x=inf, clear_frames=19939
[INFO] [1782641703.417061245] [unitree_safe_cmd_node]: Move x=0.500, z=-0.020, stop_count=0, roi_count=0, nearest_x=inf, clear_frames=19944
[INFO] [1782641703.966621131] [unitree_safe_cmd_node]: Move x=0.500, z=-0.060, stop_count=0, roi_count=0, nearest_x=inf, clear_frames=19950
[INFO] [1782641704.466665772] [unitree_safe_cmd_node]: Move x=0.500, z=-0.020, stop_count=0, roi_count=0, nearest_x=inf, clear_frames=19955
[INFO] [1782641704.966706253] [unitree_safe_cmd_node]: Move x=0.500, z=-0.020, stop_count=0, roi_count=0, nearest_x=inf, clear_frames=19960
[INFO] [1782641705.517335247] [unitree_safe_cmd_node]: Move x=0.500, z=-0.012, stop_count=0, roi_count=0, nearest_x=inf, clear_frames=19965
[INFO] [1782641706.067533169] [unitree_safe_cmd_node]: Move x=0.500, z=-0.016, stop_count=0, roi_count=0, nearest_x=inf, clear_frames=19971
[INFO] [1782641706.618555666] [unitree_safe_cmd_node]: Move x=0.500, z=-0.007, stop_count=0, roi_count=0, nearest_x=inf, clear_frames=19976
[INFO] [1782641707.167144537] [unitree_safe_cmd_node]: Move x=0.500, z=-0.038, stop_count=0, roi_count=0, nearest_x=inf, clear_frames=19981
[INFO] [1782641707.717380446] [unitree_safe_cmd_node]: Move x=0.500, z=-0.025, stop_count=0, roi_count=0, nearest_x=inf, clear_frames=19986
[INFO] [1782641708.218915861] [unitree_safe_cmd_node]: Move x=0.500, z=-0.021, stop_count=0, roi_count=0, nearest_x=inf, clear_frames=19990
[INFO] [1782641708.766597720] [unitree_safe_cmd_node]: Move x=0.500, z=-0.005, stop_count=0, roi_count=0, nearest_x=inf, clear_frames=19996
[INFO] [1782641709.317220381] [unitree_safe_cmd_node]: Move x=0.500, z=-0.018, stop_count=0, roi_count=0, nearest_x=inf, clear_frames=20001
[INFO] [1782641709.866609475] [unitree_safe_cmd_node]: Move x=0.500, z=-0.037, stop_count=0, roi_count=0, nearest_x=inf, clear_frames=20007
[INFO] [1782641710.366792436] [unitree_safe_cmd_node]: Move x=0.500, z=-0.047, stop_count=0, roi_count=0, nearest_x=inf, clear_frames=20011
[INFO] [1782641710.917058527] [unitree_safe_cmd_node]: Move x=0.500, z=-0.028, stop_count=0, roi_count=0, nearest_x=inf, clear_frames=20016
[INFO] [1782641711.466764767] [unitree_safe_cmd_node]: Move x=0.500, z=-0.034, stop_count=0, roi_count=0, nearest_x=inf, clear_frames=20021
[INFO] [1782641712.017368357] [unitree_safe_cmd_node]: Move x=0.500, z=-0.030, stop_count=0, roi_count=0, nearest_x=inf, clear_frames=20026
[INFO] [1782641712.566579488] [unitree_safe_cmd_node]: Move x=0.500, z=-0.035, stop_count=0, roi_count=0, nearest_x=inf, clear_frames=20031
[INFO] [1782641713.067189587] [unitree_safe_cmd_node]: Move x=0.500, z=-0.004, stop_count=0, roi_count=0, nearest_x=inf, clear_frames=20035
[INFO] [1782641713.617008382] [unitree_safe_cmd_node]: Move x=0.500, z=0.007, stop_count=0, roi_count=0, nearest_x=inf, clear_frames=20040
[INFO] [1782641714.117665301] [unitree_safe_cmd_node]: Move x=0.500, z=-0.019, stop_count=0, roi_count=0, nearest_x=inf, clear_frames=20045
[INFO] [1782641714.666873842] [unitree_safe_cmd_node]: Move x=0.500, z=-0.040, stop_count=0, roi_count=0, nearest_x=inf, clear_frames=20051
[INFO] [1782641715.166742414] [unitree_safe_cmd_node]: Move x=0.500, z=-0.066, stop_count=0, roi_count=0, nearest_x=inf, clear_frames=20056
[INFO] [1782641715.717074497] [unitree_safe_cmd_node]: Move x=0.500, z=-0.039, stop_count=0, roi_count=0, nearest_x=inf, clear_frames=20061
[INFO] [1782641716.217059462] [unitree_safe_cmd_node]: Move x=0.500, z=-0.024, stop_count=0, roi_count=0, nearest_x=inf, clear_frames=20066
[INFO] [1782641716.766561563] [unitree_safe_cmd_node]: Move x=0.500, z=0.020, stop_count=0, roi_count=0, nearest_x=inf, clear_frames=20072
[INFO] [1782641717.317063869] [unitree_safe_cmd_node]: Move x=0.500, z=0.002, stop_count=0, roi_count=0, nearest_x=inf, clear_frames=20077
[INFO] [1782641717.817039714] [unitree_safe_cmd_node]: Move x=0.500, z=-0.017, stop_count=0, roi_count=0, nearest_x=inf, clear_frames=20082
[INFO] [1782641718.317436008] [unitree_safe_cmd_node]: Move x=0.500, z=-0.001, stop_count=0, roi_count=0, nearest_x=inf, clear_frames=20086
[INFO] [1782641718.817069620] [unitree_safe_cmd_node]: Move x=0.500, z=-0.055, stop_count=0, roi_count=0, nearest_x=inf, clear_frames=20091
[INFO] [1782641719.317095647] [unitree_safe_cmd_node]: Move x=0.500, z=0.015, stop_count=0, roi_count=0, nearest_x=inf, clear_frames=20096
[INFO] [1782641719.817289974] [unitree_safe_cmd_node]: Move x=0.500, z=-0.028, stop_count=0, roi_count=0, nearest_x=inf, clear_frames=20101
[INFO] [1782641720.366818127] [unitree_safe_cmd_node]: Move x=0.500, z=-0.011, stop_count=0, roi_count=0, nearest_x=inf, clear_frames=20107
[INFO] [1782641720.917001851] [unitree_safe_cmd_node]: Move x=0.500, z=-0.049, stop_count=0, roi_count=0, nearest_x=inf, clear_frames=20112
[INFO] [1782641721.417292250] [unitree_safe_cmd_node]: Move x=0.500, z=-0.049, stop_count=0, roi_count=0, nearest_x=inf, clear_frames=20116
[INFO] [1782641721.918614953] [unitree_safe_cmd_node]: Move x=0.500, z=-0.015, stop_count=0, roi_count=0, nearest_x=inf, clear_frames=20121
[INFO] [1782641722.466629136] [unitree_safe_cmd_node]: Move x=0.500, z=0.008, stop_count=0, roi_count=0, nearest_x=inf, clear_frames=20126
[INFO] [1782641723.017263839] [unitree_safe_cmd_node]: Move x=0.500, z=-0.018, stop_count=0, roi_count=0, nearest_x=inf, clear_frames=20131
[INFO] [1782641723.517142784] [unitree_safe_cmd_node]: Move x=0.500, z=-0.043, stop_count=0, roi_count=0, nearest_x=inf, clear_frames=20136
[INFO] [1782641724.067604226] [unitree_safe_cmd_node]: Move x=0.500, z=-0.021, stop_count=0, roi_count=0, nearest_x=inf, clear_frames=20142
[INFO] [1782641724.568014381] [unitree_safe_cmd_node]: Move x=0.500, z=-0.051, stop_count=0, roi_count=0, nearest_x=inf, clear_frames=20147
[INFO] [1782641725.068646857] [unitree_safe_cmd_node]: Move x=0.500, z=-0.012, stop_count=0, roi_count=0, nearest_x=inf, clear_frames=20151
[INFO] [1782641725.569980506] [unitree_safe_cmd_node]: Move x=0.500, z=0.022, stop_count=0, roi_count=0, nearest_x=inf, clear_frames=20156
[INFO] [1782641726.117056699] [unitree_safe_cmd_node]: Move x=0.500, z=-0.017, stop_count=0, roi_count=0, nearest_x=inf, clear_frames=20161
[INFO] [1782641726.617100778] [unitree_safe_cmd_node]: Move x=0.500, z=-0.030, stop_count=0, roi_count=0, nearest_x=inf, clear_frames=20166
[INFO] [1782641727.166863801] [unitree_safe_cmd_node]: Move x=0.500, z=-0.041, stop_count=0, roi_count=0, nearest_x=inf, clear_frames=20172
[INFO] [1782641727.717045992] [unitree_safe_cmd_node]: Move x=0.500, z=-0.022, stop_count=0, roi_count=0, nearest_x=inf, clear_frames=20177
[INFO] [1782641728.268070423] [unitree_safe_cmd_node]: Move x=0.500, z=-0.021, stop_count=0, roi_count=0, nearest_x=inf, clear_frames=20183
[INFO] [1782641728.817047498] [unitree_safe_cmd_node]: Move x=0.500, z=-0.037, stop_count=0, roi_count=0, nearest_x=inf, clear_frames=20188
[INFO] [1782641729.317074970] [unitree_safe_cmd_node]: Move x=0.500, z=-0.004, stop_count=0, roi_count=0, nearest_x=inf, clear_frames=20193
[INFO] [1782641729.818136792] [unitree_safe_cmd_node]: Move x=0.500, z=-0.032, stop_count=0, roi_count=0, nearest_x=inf, clear_frames=20198
[INFO] [1782641730.318770999] [unitree_safe_cmd_node]: Move x=0.500, z=-0.000, stop_count=0, roi_count=0, nearest_x=inf, clear_frames=20203
[INFO] [1782641730.866729725] [unitree_safe_cmd_node]: Move x=0.500, z=-0.041, stop_count=0, roi_count=0, nearest_x=inf, clear_frames=20209
[INFO] [1782641731.417037015] [unitree_safe_cmd_node]: Move x=0.500, z=-0.029, stop_count=0, roi_count=0, nearest_x=inf, clear_frames=20214
[INFO] [1782641731.917054726] [unitree_safe_cmd_node]: Move x=0.500, z=-0.068, stop_count=0, roi_count=0, nearest_x=inf, clear_frames=20219
[INFO] [1782641732.466613864] [unitree_safe_cmd_node]: Move x=0.500, z=0.022, stop_count=0, roi_count=0, nearest_x=inf, clear_frames=20225
[INFO] [1782641732.966965425] [unitree_safe_cmd_node]: Move x=0.500, z=-0.015, stop_count=0, roi_count=0, nearest_x=inf, clear_frames=20230
[INFO] [1782641733.517033274] [unitree_safe_cmd_node]: Move x=0.500, z=-0.063, stop_count=0, roi_count=0, nearest_x=inf, clear_frames=20235
[INFO] [1782641734.067473471] [unitree_safe_cmd_node]: Move x=0.500, z=-0.009, stop_count=0, roi_count=0, nearest_x=inf, clear_frames=20241
[INFO] [1782641734.617052195] [unitree_safe_cmd_node]: Move x=0.500, z=-0.040, stop_count=0, roi_count=0, nearest_x=inf, clear_frames=20246
[INFO] [1782641735.166587748] [unitree_safe_cmd_node]: Move x=0.500, z=-0.020, stop_count=0, roi_count=0, nearest_x=inf, clear_frames=20251
[INFO] [1782641735.666646424] [unitree_safe_cmd_node]: Move x=0.500, z=-0.054, stop_count=0, roi_count=0, nearest_x=inf, clear_frames=20256
[INFO] [1782641736.217067388] [unitree_safe_cmd_node]: Move x=0.500, z=-0.016, stop_count=0, roi_count=0, nearest_x=inf, clear_frames=20260
[INFO] [1782641736.717054955] [unitree_safe_cmd_node]: Move x=0.500, z=-0.006, stop_count=0, roi_count=0, nearest_x=inf, clear_frames=20265
[INFO] [1782641737.217104351] [unitree_safe_cmd_node]: Move x=0.500, z=-0.012, stop_count=0, roi_count=0, nearest_x=inf, clear_frames=20269
[INFO] [1782641737.766832079] [unitree_safe_cmd_node]: Move x=0.500, z=-0.029, stop_count=0, roi_count=0, nearest_x=inf, clear_frames=20275
[INFO] [1782641738.317309017] [unitree_safe_cmd_node]: Move x=0.500, z=-0.068, stop_count=0, roi_count=0, nearest_x=inf, clear_frames=20279
[INFO] [1782641738.867065388] [unitree_safe_cmd_node]: Move x=0.500, z=-0.014, stop_count=0, roi_count=0, nearest_x=inf, clear_frames=20285
[INFO] [1782641739.417088051] [unitree_safe_cmd_node]: Move x=0.500, z=-0.019, stop_count=0, roi_count=0, nearest_x=inf, clear_frames=20289
[INFO] [1782641739.922967974] [unitree_safe_cmd_node]: Move x=0.500, z=-0.025, stop_count=0, roi_count=0, nearest_x=inf, clear_frames=20294
[INFO] [1782641740.466570114] [unitree_safe_cmd_node]: Move x=0.500, z=-0.016, stop_count=0, roi_count=0, nearest_x=inf, clear_frames=20299
[INFO] [1782641741.017321954] [unitree_safe_cmd_node]: Move x=0.500, z=-0.022, stop_count=0, roi_count=0, nearest_x=inf, clear_frames=20304
[INFO] [1782641741.566582032] [unitree_safe_cmd_node]: Move x=0.500, z=-0.019, stop_count=0, roi_count=0, nearest_x=inf, clear_frames=20309
[INFO] [1782641742.066995969] [unitree_safe_cmd_node]: Move x=0.500, z=-0.070, stop_count=0, roi_count=0, nearest_x=inf, clear_frames=20313
[INFO] [1782641742.617088367] [unitree_safe_cmd_node]: Move x=0.500, z=-0.040, stop_count=0, roi_count=0, nearest_x=inf, clear_frames=20318
[INFO] [1782641743.117442876] [unitree_safe_cmd_node]: Move x=0.500, z=-0.039, stop_count=0, roi_count=0, nearest_x=inf, clear_frames=20323
[INFO] [1782641743.666622948] [unitree_safe_cmd_node]: Move x=0.500, z=-0.019, stop_count=0, roi_count=0, nearest_x=inf, clear_frames=20329
[INFO] [1782641744.167037269] [unitree_safe_cmd_node]: Move x=0.500, z=-0.030, stop_count=0, roi_count=0, nearest_x=inf, clear_frames=20334
[INFO] [1782641744.717536579] [unitree_safe_cmd_node]: Move x=0.500, z=-0.016, stop_count=0, roi_count=0, nearest_x=inf, clear_frames=20339
[INFO] [1782641745.266603171] [unitree_safe_cmd_node]: Move x=0.500, z=-0.029, stop_count=0, roi_count=0, nearest_x=inf, clear_frames=20345
[INFO] [1782641745.817034955] [unitree_safe_cmd_node]: Move x=0.500, z=-0.079, stop_count=0, roi_count=0, nearest_x=inf, clear_frames=20350
[INFO] [1782641746.366590545] [unitree_safe_cmd_node]: Move x=0.500, z=0.012, stop_count=0, roi_count=0, nearest_x=inf, clear_frames=20355
[INFO] [1782641746.866606853] [unitree_safe_cmd_node]: Move x=0.500, z=-0.002, stop_count=0, roi_count=0, nearest_x=inf, clear_frames=20360
[INFO] [1782641747.366942289] [unitree_safe_cmd_node]: Move x=0.500, z=-0.018, stop_count=0, roi_count=0, nearest_x=inf, clear_frames=20365
[INFO] [1782641747.917096325] [unitree_safe_cmd_node]: Move x=0.500, z=-0.023, stop_count=0, roi_count=0, nearest_x=inf, clear_frames=20370
[INFO] [1782641748.417130107] [unitree_safe_cmd_node]: Move x=0.500, z=-0.063, stop_count=0, roi_count=0, nearest_x=inf, clear_frames=20375
[INFO] [1782641748.966999545] [unitree_safe_cmd_node]: Move x=0.500, z=-0.029, stop_count=0, roi_count=0, nearest_x=inf, clear_frames=20381
[INFO] [1782641749.517088073] [unitree_safe_cmd_node]: Move x=0.500, z=-0.007, stop_count=0, roi_count=0, nearest_x=inf, clear_frames=20386
[INFO] [1782641750.017486074] [unitree_safe_cmd_node]: Move x=0.500, z=-0.039, stop_count=0, roi_count=0, nearest_x=inf, clear_frames=20391
[INFO] [1782641750.566608672] [unitree_safe_cmd_node]: Move x=0.500, z=0.020, stop_count=0, roi_count=0, nearest_x=inf, clear_frames=20397
[INFO] [1782641751.066989265] [unitree_safe_cmd_node]: Move x=0.500, z=0.000, stop_count=0, roi_count=0, nearest_x=inf, clear_frames=20401
[INFO] [1782641751.616996858] [unitree_safe_cmd_node]: Move x=0.500, z=0.115, stop_count=0, roi_count=0, nearest_x=inf, clear_frames=20406
[INFO] [1782641752.119456906] [unitree_safe_cmd_node]: Move x=0.500, z=0.077, stop_count=0, roi_count=0, nearest_x=inf, clear_frames=20411
[INFO] [1782641752.666573047] [unitree_safe_cmd_node]: Move x=0.500, z=0.161, stop_count=0, roi_count=0, nearest_x=inf, clear_frames=20417
[INFO] [1782641753.166901316] [unitree_safe_cmd_node]: Move x=0.500, z=0.156, stop_count=0, roi_count=0, nearest_x=inf, clear_frames=20422
[INFO] [1782641753.717008918] [unitree_safe_cmd_node]: Move x=0.500, z=0.093, stop_count=0, roi_count=0, nearest_x=inf, clear_frames=20427
[INFO] [1782641754.217060270] [unitree_safe_cmd_node]: Move x=0.500, z=0.042, stop_count=0, roi_count=0, nearest_x=inf, clear_frames=20432
[INFO] [1782641754.717195149] [unitree_safe_cmd_node]: Move x=0.500, z=0.021, stop_count=0, roi_count=0, nearest_x=inf, clear_frames=20437
[INFO] [1782641755.266659085] [unitree_safe_cmd_node]: Move x=0.500, z=-0.018, stop_count=0, roi_count=0, nearest_x=inf, clear_frames=20443
[INFO] [1782641755.766640160] [unitree_safe_cmd_node]: Move x=0.500, z=-0.002, stop_count=0, roi_count=0, nearest_x=inf, clear_frames=20448
[INFO] [1782641756.317474506] [unitree_safe_cmd_node]: Move x=0.500, z=-0.019, stop_count=0, roi_count=0, nearest_x=inf, clear_frames=20453
[INFO] [1782641756.866632180] [unitree_safe_cmd_node]: Move x=0.500, z=-0.032, stop_count=0, roi_count=0, nearest_x=inf, clear_frames=20459
[INFO] [1782641757.373989628] [unitree_safe_cmd_node]: Move x=0.500, z=-0.055, stop_count=0, roi_count=0, nearest_x=inf, clear_frames=20463
[INFO] [1782641757.917023569] [unitree_safe_cmd_node]: Move x=0.500, z=-0.024, stop_count=0, roi_count=0, nearest_x=inf, clear_frames=20468
[INFO] [1782641758.417345534] [unitree_safe_cmd_node]: Move x=0.500, z=-0.050, stop_count=0, roi_count=0, nearest_x=inf, clear_frames=20473
[INFO] [1782641758.966609712] [unitree_safe_cmd_node]: Move x=0.500, z=-0.019, stop_count=0, roi_count=0, nearest_x=inf, clear_frames=20479
[INFO] [1782641759.466937086] [unitree_safe_cmd_node]: Move x=0.500, z=-0.005, stop_count=0, roi_count=0, nearest_x=inf, clear_frames=20483
[INFO] [1782641760.016910823] [unitree_safe_cmd_node]: Move x=0.500, z=-0.032, stop_count=0, roi_count=0, nearest_x=inf, clear_frames=20488
[INFO] [1782641760.516991907] [unitree_safe_cmd_node]: Move x=0.500, z=-0.030, stop_count=0, roi_count=0, nearest_x=inf, clear_frames=20493
[INFO] [1782641761.069865929] [unitree_safe_cmd_node]: Move x=0.500, z=-0.038, stop_count=0, roi_count=0, nearest_x=inf, clear_frames=20499
[INFO] [1782641761.617176358] [unitree_safe_cmd_node]: Move x=0.500, z=-0.032, stop_count=0, roi_count=0, nearest_x=inf, clear_frames=20504
[INFO] [1782641762.117176476] [unitree_safe_cmd_node]: Move x=0.500, z=-0.022, stop_count=0, roi_count=0, nearest_x=inf, clear_frames=20509
[INFO] [1782641762.666620700] [unitree_safe_cmd_node]: Move x=0.500, z=-0.051, stop_count=0, roi_count=0, nearest_x=inf, clear_frames=20515
[INFO] [1782641763.217051112] [unitree_safe_cmd_node]: Move x=0.500, z=-0.042, stop_count=0, roi_count=0, nearest_x=inf, clear_frames=20520
[INFO] [1782641763.717039485] [unitree_safe_cmd_node]: Move x=0.500, z=-0.009, stop_count=0, roi_count=0, nearest_x=inf, clear_frames=20525
[INFO] [1782641764.266607815] [unitree_safe_cmd_node]: Move x=0.500, z=-0.055, stop_count=0, roi_count=0, nearest_x=inf, clear_frames=20530
[INFO] [1782641764.766618366] [unitree_safe_cmd_node]: Move x=0.500, z=-0.042, stop_count=0, roi_count=0, nearest_x=inf, clear_frames=20535
[INFO] [1782641765.317461482] [unitree_safe_cmd_node]: Move x=0.500, z=-0.025, stop_count=0, roi_count=0, nearest_x=inf, clear_frames=20539
[INFO] [1782641765.866609652] [unitree_safe_cmd_node]: Move x=0.500, z=-0.085, stop_count=0, roi_count=0, nearest_x=inf, clear_frames=20545
[INFO] [1782641766.421409584] [unitree_safe_cmd_node]: Move x=0.000, z=-0.450, stop_count=0, roi_count=0, nearest_x=inf, clear_frames=20550
[INFO] [1782641766.966495299] [unitree_safe_cmd_node]: Move x=0.000, z=-0.450, stop_count=0, roi_count=0, nearest_x=inf, clear_frames=20555
[INFO] [1782641767.516957842] [unitree_safe_cmd_node]: Move x=0.000, z=-0.450, stop_count=0, roi_count=0, nearest_x=inf, clear_frames=20560
[INFO] [1782641768.017178041] [unitree_safe_cmd_node]: Move x=0.000, z=-0.450, stop_count=0, roi_count=0, nearest_x=inf, clear_frames=20565
[INFO] [1782641768.517482599] [unitree_safe_cmd_node]: Move x=0.000, z=-0.450, stop_count=0, roi_count=0, nearest_x=inf, clear_frames=20570
[INFO] [1782641769.017350515] [unitree_safe_cmd_node]: Move x=0.000, z=-0.450, stop_count=0, roi_count=0, nearest_x=inf, clear_frames=20575
[INFO] [1782641769.566568451] [unitree_safe_cmd_node]: Move x=0.000, z=-0.450, stop_count=0, roi_count=0, nearest_x=inf, clear_frames=20580
[INFO] [1782641770.067001243] [unitree_safe_cmd_node]: Move x=0.000, z=-0.450, stop_count=0, roi_count=0, nearest_x=inf, clear_frames=20583
[INFO] [1782641770.617030889] [unitree_safe_cmd_node]: Move x=0.000, z=-0.450, stop_count=0, roi_count=0, nearest_x=inf, clear_frames=20588
[INFO] [1782641771.166612630] [unitree_safe_cmd_node]: Move x=0.000, z=-0.450, stop_count=0, roi_count=0, nearest_x=inf, clear_frames=20593
[INFO] [1782641771.666657328] [unitree_safe_cmd_node]: Move x=0.000, z=-0.450, stop_count=0, roi_count=0, nearest_x=inf, clear_frames=20598
[INFO] [1782641772.166748014] [unitree_safe_cmd_node]: Move x=0.000, z=-0.450, stop_count=0, roi_count=0, nearest_x=inf, clear_frames=20603
[INFO] [1782641772.717198684] [unitree_safe_cmd_node]: Move x=0.000, z=-0.450, stop_count=0, roi_count=0, nearest_x=inf, clear_frames=20608
[INFO] [1782641773.266612412] [unitree_safe_cmd_node]: Move x=0.000, z=-0.450, stop_count=0, roi_count=0, nearest_x=inf, clear_frames=20614
[INFO] [1782641773.766747389] [unitree_safe_cmd_node]: Move x=0.000, z=-0.450, stop_count=0, roi_count=0, nearest_x=inf, clear_frames=20619
[INFO] [1782641774.317275026] [unitree_safe_cmd_node]: Move x=0.000, z=-0.450, stop_count=0, roi_count=0, nearest_x=inf, clear_frames=20624
[INFO] [1782641774.824176794] [unitree_safe_cmd_node]: Move x=0.000, z=-0.450, stop_count=0, roi_count=0, nearest_x=inf, clear_frames=20629
[INFO] [1782641775.366625444] [unitree_safe_cmd_node]: Move x=0.250, z=-0.450, stop_count=0, roi_count=0, nearest_x=inf, clear_frames=20635
[INFO] [1782641775.866853037] [unitree_safe_cmd_node]: Move x=0.250, z=-0.450, stop_count=0, roi_count=0, nearest_x=inf, clear_frames=20640
[INFO] [1782641776.417070442] [unitree_safe_cmd_node]: Move x=0.250, z=-0.450, stop_count=0, roi_count=0, nearest_x=inf, clear_frames=20645
[INFO] [1782641776.966619988] [unitree_safe_cmd_node]: Move x=0.500, z=-0.368, stop_count=0, roi_count=0, nearest_x=inf, clear_frames=20651
[INFO] [1782641777.466699186] [unitree_safe_cmd_node]: Move x=0.500, z=-0.155, stop_count=0, roi_count=40, nearest_x=0.79, clear_frames=20656
[INFO] [1782641777.966757166] [unitree_safe_cmd_node]: Move x=0.500, z=-0.091, stop_count=0, roi_count=144, nearest_x=0.59, clear_frames=20661
[INFO] [1782641778.517047121] [unitree_safe_cmd_node]: Move x=0.500, z=-0.034, stop_count=3, roi_count=101, nearest_x=0.39, clear_frames=20666
[INFO] [1782641779.017323133] [unitree_safe_cmd_node]: Move x=0.500, z=-0.064, stop_count=0, roi_count=12, nearest_x=0.58, clear_frames=20671
[INFO] [1782641779.566862439] [unitree_safe_cmd_node]: Move x=0.500, z=-0.043, stop_count=0, roi_count=0, nearest_x=inf, clear_frames=20676
[INFO] [1782641780.067311169] [unitree_safe_cmd_node]: Move x=0.500, z=-0.038, stop_count=0, roi_count=0, nearest_x=inf, clear_frames=20678
[INFO] [1782641780.617053083] [unitree_safe_cmd_node]: Move x=0.500, z=-0.041, stop_count=0, roi_count=0, nearest_x=inf, clear_frames=20683
[INFO] [1782641781.139675639] [unitree_safe_cmd_node]: Move x=0.500, z=-0.032, stop_count=0, roi_count=0, nearest_x=inf, clear_frames=20688
[INFO] [1782641781.666599069] [unitree_safe_cmd_node]: Move x=0.500, z=-0.026, stop_count=0, roi_count=0, nearest_x=inf, clear_frames=20694
[INFO] [1782641782.166619990] [unitree_safe_cmd_node]: Move x=0.500, z=-0.030, stop_count=0, roi_count=0, nearest_x=inf, clear_frames=20699
[INFO] [1782641782.666605869] [unitree_safe_cmd_node]: Move x=0.500, z=-0.045, stop_count=0, roi_count=0, nearest_x=inf, clear_frames=20704
[INFO] [1782641783.216995448] [unitree_safe_cmd_node]: Move x=0.500, z=-0.031, stop_count=0, roi_count=0, nearest_x=inf, clear_frames=20709
[INFO] [1782641783.719799718] [unitree_safe_cmd_node]: Move x=0.500, z=-0.024, stop_count=0, roi_count=0, nearest_x=inf, clear_frames=20715
[INFO] [1782641784.266642498] [unitree_safe_cmd_node]: Move x=0.500, z=-0.040, stop_count=0, roi_count=0, nearest_x=inf, clear_frames=20720
[INFO] [1782641784.766550867] [unitree_safe_cmd_node]: Move x=0.500, z=-0.034, stop_count=0, roi_count=0, nearest_x=inf, clear_frames=20725
[INFO] [1782641785.317020356] [unitree_safe_cmd_node]: Move x=0.500, z=-0.030, stop_count=0, roi_count=0, nearest_x=inf, clear_frames=20730
[INFO] [1782641785.817011420] [unitree_safe_cmd_node]: Move x=0.500, z=-0.037, stop_count=0, roi_count=0, nearest_x=inf, clear_frames=20735
[INFO] [1782641786.317026453] [unitree_safe_cmd_node]: Move x=0.500, z=-0.037, stop_count=0, roi_count=0, nearest_x=inf, clear_frames=20739
[INFO] [1782641786.821729557] [unitree_safe_cmd_node]: Move x=0.500, z=-0.042, stop_count=0, roi_count=0, nearest_x=inf, clear_frames=20745
[INFO] [1782641787.366629724] [unitree_safe_cmd_node]: Move x=0.500, z=-0.033, stop_count=0, roi_count=0, nearest_x=inf, clear_frames=20750
[INFO] [1782641787.921275278] [unitree_safe_cmd_node]: Move x=0.500, z=-0.040, stop_count=0, roi_count=0, nearest_x=inf, clear_frames=20756
[INFO] [1782641788.466595861] [unitree_safe_cmd_node]: Move x=0.500, z=-0.031, stop_count=0, roi_count=0, nearest_x=inf, clear_frames=20761
[INFO] [1782641789.017843683] [unitree_safe_cmd_node]: Move x=0.500, z=-0.037, stop_count=0, roi_count=0, nearest_x=inf, clear_frames=20766
[INFO] [1782641789.566618931] [unitree_safe_cmd_node]: Move x=0.500, z=-0.029, stop_count=0, roi_count=0, nearest_x=inf, clear_frames=20772
[INFO] [1782641790.067151092] [unitree_safe_cmd_node]: Move x=0.500, z=-0.031, stop_count=0, roi_count=0, nearest_x=inf, clear_frames=20776
[INFO] [1782641790.617030392] [unitree_safe_cmd_node]: Move x=0.500, z=-0.027, stop_count=0, roi_count=0, nearest_x=inf, clear_frames=20781
[INFO] [1782641791.166815958] [unitree_safe_cmd_node]: Move x=0.500, z=-0.030, stop_count=0, roi_count=0, nearest_x=inf, clear_frames=20786
[INFO] [1782641791.717097273] [unitree_safe_cmd_node]: Move x=0.500, z=-0.019, stop_count=0, roi_count=0, nearest_x=inf, clear_frames=20791
[INFO] [1782641792.217706624] [unitree_safe_cmd_node]: Move x=0.500, z=-0.029, stop_count=0, roi_count=0, nearest_x=inf, clear_frames=20796
[INFO] [1782641792.766635228] [unitree_safe_cmd_node]: Move x=0.500, z=-0.028, stop_count=0, roi_count=0, nearest_x=inf, clear_frames=20802
[INFO] [1782641793.267060693] [unitree_safe_cmd_node]: Move x=0.500, z=-0.021, stop_count=0, roi_count=0, nearest_x=inf, clear_frames=20807
[INFO] [1782641793.817416159] [unitree_safe_cmd_node]: Move x=0.500, z=-0.024, stop_count=0, roi_count=0, nearest_x=inf, clear_frames=20812
[INFO] [1782641794.319969339] [unitree_safe_cmd_node]: Move x=0.500, z=-0.025, stop_count=0, roi_count=0, nearest_x=inf, clear_frames=20817
[INFO] [1782641794.866613256] [unitree_safe_cmd_node]: Move x=0.500, z=-0.026, stop_count=0, roi_count=0, nearest_x=inf, clear_frames=20823
[INFO] [1782641795.367062083] [unitree_safe_cmd_node]: Move x=0.500, z=-0.027, stop_count=0, roi_count=0, nearest_x=inf, clear_frames=20827
[INFO] [1782641795.917291619] [unitree_safe_cmd_node]: Move x=0.500, z=-0.033, stop_count=0, roi_count=0, nearest_x=inf, clear_frames=20832
[INFO] [1782641796.417835077] [unitree_safe_cmd_node]: Move x=0.500, z=-0.032, stop_count=0, roi_count=0, nearest_x=inf, clear_frames=20836
[INFO] [1782641796.917855999] [unitree_safe_cmd_node]: Move x=0.500, z=-0.027, stop_count=0, roi_count=0, nearest_x=inf, clear_frames=20841
[INFO] [1782641797.419244322] [unitree_safe_cmd_node]: Move x=0.500, z=-0.035, stop_count=0, roi_count=0, nearest_x=inf, clear_frames=20846
[INFO] [1782641797.966906429] [unitree_safe_cmd_node]: Move x=0.500, z=-0.025, stop_count=0, roi_count=0, nearest_x=inf, clear_frames=20852
[INFO] [1782641798.470454726] [unitree_safe_cmd_node]: Move x=0.500, z=-0.031, stop_count=0, roi_count=0, nearest_x=inf, clear_frames=20856
[INFO] [1782641799.017153975] [unitree_safe_cmd_node]: Move x=0.500, z=-0.031, stop_count=0, roi_count=0, nearest_x=inf, clear_frames=20860
[INFO] [1782641799.572311249] [unitree_safe_cmd_node]: Move x=0.500, z=-0.024, stop_count=0, roi_count=0, nearest_x=inf, clear_frames=20865
[INFO] [1782641800.117034571] [unitree_safe_cmd_node]: Move x=0.500, z=-0.028, stop_count=0, roi_count=0, nearest_x=inf, clear_frames=20869
[INFO] [1782641800.618699075] [unitree_safe_cmd_node]: Move x=0.500, z=-0.028, stop_count=0, roi_count=0, nearest_x=inf, clear_frames=20874
[INFO] [1782641801.166634068] [unitree_safe_cmd_node]: Move x=0.500, z=-0.028, stop_count=0, roi_count=0, nearest_x=inf, clear_frames=20880
[INFO] [1782641801.666699314] [unitree_safe_cmd_node]: Move x=0.500, z=-0.022, stop_count=0, roi_count=0, nearest_x=inf, clear_frames=20885
[INFO] [1782641802.167666612] [unitree_safe_cmd_node]: Move x=0.000, z=0.000, stop_count=0, roi_count=0, nearest_x=inf, clear_frames=20888
[WARN] [1782641802.719666876] [unitree_safe_cmd_node]: SAFE OVERRIDE cmd_timeout: Move x=0.000, z=0.000, raw_x=0.000, raw_z=0.000, stop_count=0, roi_count=0, nearest_x=inf, clear_frames=20893
[WARN] [1782641803.266699656] [unitree_safe_cmd_node]: SAFE OVERRIDE cmd_timeout: Move x=0.000, z=0.000, raw_x=0.000, raw_z=0.000, stop_count=0, roi_count=0, nearest_x=inf, clear_frames=20898
[WARN] [1782641803.766989623] [unitree_safe_cmd_node]: SAFE OVERRIDE cmd_timeout: Move x=0.000, z=0.000, raw_x=0.000, raw_z=0.000, stop_count=0, roi_count=0, nearest_x=inf, clear_frames=20903
[WARN] [1782641804.317151954] [unitree_safe_cmd_node]: SAFE OVERRIDE cmd_timeout: Move x=0.000, z=0.000, raw_x=0.000, raw_z=0.000, stop_count=0, roi_count=0, nearest_x=inf, clear_frames=20907
[WARN] [1782641804.818095827] [unitree_safe_cmd_node]: SAFE OVERRIDE cmd_timeout: Move x=0.000, z=0.000, raw_x=0.000, raw_z=0.000, stop_count=0, roi_count=0, nearest_x=inf, clear_frames=20912
[WARN] [1782641805.366870500] [unitree_safe_cmd_node]: SAFE OVERRIDE cmd_timeout: Move x=0.000, z=0.000, raw_x=0.000, raw_z=0.000, stop_count=0, roi_count=0, nearest_x=inf, clear_frames=20918
[WARN] [1782641805.917457247] [unitree_safe_cmd_node]: SAFE OVERRIDE cmd_timeout: Move x=0.000, z=0.000, raw_x=0.000, raw_z=0.000, stop_count=0, roi_count=0, nearest_x=inf, clear_frames=20923
[WARN] [1782641806.467122228] [unitree_safe_cmd_node]: SAFE OVERRIDE cmd_timeout: Move x=0.000, z=0.000, raw_x=0.000, raw_z=0.000, stop_count=0, roi_count=0, nearest_x=inf, clear_frames=20929
[WARN] [1782641807.017387960] [unitree_safe_cmd_node]: SAFE OVERRIDE cmd_timeout: Move x=0.000, z=0.000, raw_x=0.000, raw_z=0.000, stop_count=0, roi_count=0, nearest_x=inf, clear_frames=20934
[WARN] [1782641807.517438741] [unitree_safe_cmd_node]: SAFE OVERRIDE cmd_timeout: Move x=0.000, z=0.000, raw_x=0.000, raw_z=0.000, stop_count=0, roi_count=0, nearest_x=inf, clear_frames=20938
[WARN] [1782641808.017684512] [unitree_safe_cmd_node]: SAFE OVERRIDE cmd_timeout: Move x=0.000, z=0.000, raw_x=0.000, raw_z=0.000, stop_count=0, roi_count=0, nearest_x=inf, clear_frames=20943
[WARN] [1782641808.567069760] [unitree_safe_cmd_node]: SAFE OVERRIDE cmd_timeout: Move x=0.000, z=0.000, raw_x=0.000, raw_z=0.000, stop_count=0, roi_count=0, nearest_x=inf, clear_frames=20948
[WARN] [1782641809.068263189] [unitree_safe_cmd_node]: SAFE OVERRIDE cmd_timeout: Move x=0.000, z=0.000, raw_x=0.000, raw_z=0.000, stop_count=0, roi_count=0, nearest_x=inf, clear_frames=20953
[INFO] [1782641809.362005944] [unitree_safe_cmd_node]: Ctrl+C, publish Move(0,0,0)
