[INFO] [1783770876.623161544] [unitree_safe_cmd_node]: unitree_safe_cmd_node ACTIVE: obstacle -> Move(0,0,0), resume after 5 clear frames
[WARN] [1783770876.636156042] [unitree_safe_cmd_node]: SAFE OVERRIDE cmd_timeout: Move x=0.000, z=0.000, raw_x=0.000, raw_z=0.000, stop_count=0, roi_count=0, nearest_x=inf, clear_frames=0
[WARN] [1783770877.133043511] [unitree_safe_cmd_node]: SAFE OVERRIDE cmd_timeout: Move x=0.000, z=0.000, raw_x=0.000, raw_z=0.000, stop_count=0, roi_count=0, nearest_x=inf, clear_frames=2
[INFO] [1783770877.683308960] [unitree_safe_cmd_node]: Move x=0.500, z=0.087, stop_count=0, roi_count=0, nearest_x=inf, clear_frames=4
[INFO] [1783770878.183020357] [unitree_safe_cmd_node]: Move x=0.500, z=0.086, stop_count=0, roi_count=0, nearest_x=inf, clear_frames=5
[INFO] [1783770878.683239475] [unitree_safe_cmd_node]: Move x=0.500, z=0.086, stop_count=0, roi_count=0, nearest_x=inf, clear_frames=6
[INFO] [1783770879.232850081] [unitree_safe_cmd_node]: Move x=0.500, z=0.088, stop_count=0, roi_count=0, nearest_x=inf, clear_frames=8
[INFO] [1783770879.733053564] [unitree_safe_cmd_node]: Move x=0.500, z=0.087, stop_count=0, roi_count=0, nearest_x=inf, clear_frames=9
[INFO] [1783770880.282890843] [unitree_safe_cmd_node]: Move x=0.500, z=0.085, stop_count=0, roi_count=0, nearest_x=inf, clear_frames=11
[INFO] [1783770880.784142574] [unitree_safe_cmd_node]: Move x=0.500, z=0.087, stop_count=0, roi_count=0, nearest_x=inf, clear_frames=12
[INFO] [1783770881.333814767] [unitree_safe_cmd_node]: Move x=0.500, z=0.084, stop_count=0, roi_count=0, nearest_x=inf, clear_frames=14
[INFO] [1783770881.882962913] [unitree_safe_cmd_node]: Move x=0.500, z=0.086, stop_count=0, roi_count=0, nearest_x=inf, clear_frames=15
[INFO] [1783770882.383116081] [unitree_safe_cmd_node]: Move x=0.500, z=0.089, stop_count=0, roi_count=0, nearest_x=inf, clear_frames=16
[INFO] [1783770882.932887694] [unitree_safe_cmd_node]: Move x=0.500, z=0.083, stop_count=0, roi_count=0, nearest_x=inf, clear_frames=18
[INFO] [1783770883.487918757] [unitree_safe_cmd_node]: Move x=0.500, z=0.085, stop_count=0, roi_count=0, nearest_x=inf, clear_frames=19
[INFO] [1783770884.033171820] [unitree_safe_cmd_node]: Move x=0.500, z=0.036, stop_count=0, roi_count=0, nearest_x=inf, clear_frames=22
[INFO] [1783770884.587928503] [unitree_safe_cmd_node]: Move x=0.500, z=-0.281, stop_count=0, roi_count=0, nearest_x=inf, clear_frames=28
[INFO] [1783770885.133013372] [unitree_safe_cmd_node]: Move x=0.000, z=-0.450, stop_count=0, roi_count=0, nearest_x=inf, clear_frames=34
[INFO] [1783770885.635863146] [unitree_safe_cmd_node]: Move x=0.000, z=-0.450, stop_count=0, roi_count=108, nearest_x=0.42, clear_frames=40
[INFO] [1783770886.183052242] [unitree_safe_cmd_node]: Move x=0.000, z=-0.450, stop_count=10, roi_count=97, nearest_x=0.35, clear_frames=46
[INFO] [1783770886.686554487] [unitree_safe_cmd_node]: Move x=0.000, z=-0.450, stop_count=9, roi_count=107, nearest_x=0.36, clear_frames=52
[INFO] [1783770887.234405510] [unitree_safe_cmd_node]: Move x=0.000, z=-0.450, stop_count=0, roi_count=66, nearest_x=0.42, clear_frames=58
[INFO] [1783770887.783181206] [unitree_safe_cmd_node]: Move x=0.250, z=-0.450, stop_count=0, roi_count=10, nearest_x=0.59, clear_frames=64
[INFO] [1783770888.332967461] [unitree_safe_cmd_node]: Move x=0.250, z=-0.450, stop_count=0, roi_count=12, nearest_x=0.54, clear_frames=70
[INFO] [1783770888.887008501] [unitree_safe_cmd_node]: Move x=0.250, z=-0.450, stop_count=0, roi_count=2, nearest_x=0.72, clear_frames=77
[INFO] [1783770889.432999104] [unitree_safe_cmd_node]: Move x=0.500, z=-0.373, stop_count=0, roi_count=18, nearest_x=0.50, clear_frames=83
[INFO] [1783770889.934031647] [unitree_safe_cmd_node]: Move x=0.500, z=-0.145, stop_count=0, roi_count=25, nearest_x=0.56, clear_frames=88
[INFO] [1783770890.482964078] [unitree_safe_cmd_node]: Move x=0.500, z=-0.195, stop_count=0, roi_count=28, nearest_x=0.49, clear_frames=95
[INFO] [1783770890.983415557] [unitree_safe_cmd_node]: Move x=0.500, z=-0.370, stop_count=0, roi_count=2, nearest_x=0.61, clear_frames=100
[INFO] [1783770891.533107019] [unitree_safe_cmd_node]: Move x=0.500, z=-0.394, stop_count=0, roi_count=0, nearest_x=inf, clear_frames=107
[INFO] [1783770892.033320113] [unitree_safe_cmd_node]: Move x=0.500, z=-0.090, stop_count=0, roi_count=3, nearest_x=0.56, clear_frames=112
[INFO] [1783770892.582947459] [unitree_safe_cmd_node]: Move x=0.500, z=0.074, stop_count=0, roi_count=6, nearest_x=0.74, clear_frames=119
[INFO] [1783770893.082934789] [unitree_safe_cmd_node]: Move x=0.500, z=0.247, stop_count=0, roi_count=0, nearest_x=inf, clear_frames=124
[INFO] [1783770893.583160744] [unitree_safe_cmd_node]: Move x=0.500, z=0.247, stop_count=0, roi_count=0, nearest_x=inf, clear_frames=130
[INFO] [1783770894.132918203] [unitree_safe_cmd_node]: Move x=0.500, z=0.242, stop_count=0, roi_count=0, nearest_x=inf, clear_frames=136
[INFO] [1783770894.640534874] [unitree_safe_cmd_node]: Move x=0.500, z=0.253, stop_count=0, roi_count=0, nearest_x=inf, clear_frames=140
[INFO] [1783770895.183243659] [unitree_safe_cmd_node]: Move x=0.500, z=0.256, stop_count=0, roi_count=0, nearest_x=inf, clear_frames=144
[INFO] [1783770895.732985505] [unitree_safe_cmd_node]: Move x=0.500, z=0.258, stop_count=0, roi_count=0, nearest_x=inf, clear_frames=150
[INFO] [1783770896.282940705] [unitree_safe_cmd_node]: Move x=0.500, z=0.267, stop_count=0, roi_count=0, nearest_x=inf, clear_frames=156
[INFO] [1783770896.786485205] [unitree_safe_cmd_node]: Move x=0.500, z=0.263, stop_count=0, roi_count=0, nearest_x=inf, clear_frames=162
[INFO] [1783770897.332951695] [unitree_safe_cmd_node]: Move x=0.500, z=0.266, stop_count=0, roi_count=0, nearest_x=inf, clear_frames=168
[INFO] [1783770897.833204018] [unitree_safe_cmd_node]: Move x=0.500, z=0.271, stop_count=0, roi_count=0, nearest_x=inf, clear_frames=173
[INFO] [1783770898.383093612] [unitree_safe_cmd_node]: Move x=0.500, z=0.269, stop_count=0, roi_count=0, nearest_x=inf, clear_frames=179
[INFO] [1783770898.933127713] [unitree_safe_cmd_node]: Move x=0.500, z=0.275, stop_count=0, roi_count=0, nearest_x=inf, clear_frames=184
[INFO] [1783770899.483135039] [unitree_safe_cmd_node]: Move x=0.500, z=0.279, stop_count=0, roi_count=0, nearest_x=inf, clear_frames=190
[INFO] [1783770900.032911873] [unitree_safe_cmd_node]: Move x=0.500, z=0.277, stop_count=0, roi_count=0, nearest_x=inf, clear_frames=195
[INFO] [1783770900.532922448] [unitree_safe_cmd_node]: Move x=0.500, z=0.283, stop_count=0, roi_count=0, nearest_x=inf, clear_frames=200
[INFO] [1783770901.033209040] [unitree_safe_cmd_node]: Move x=0.500, z=0.285, stop_count=0, roi_count=0, nearest_x=inf, clear_frames=205
[INFO] [1783770901.583008257] [unitree_safe_cmd_node]: Move x=0.500, z=0.288, stop_count=0, roi_count=0, nearest_x=inf, clear_frames=211
[INFO] [1783770902.083144545] [unitree_safe_cmd_node]: Move x=0.500, z=0.297, stop_count=0, roi_count=0, nearest_x=inf, clear_frames=216
[INFO] [1783770902.632887227] [unitree_safe_cmd_node]: Move x=0.500, z=0.314, stop_count=0, roi_count=0, nearest_x=inf, clear_frames=221
[INFO] [1783770903.132920244] [unitree_safe_cmd_node]: Move x=0.500, z=0.324, stop_count=0, roi_count=0, nearest_x=inf, clear_frames=226
[INFO] [1783770903.633042690] [unitree_safe_cmd_node]: Move x=0.500, z=0.335, stop_count=0, roi_count=0, nearest_x=inf, clear_frames=231
[INFO] [1783770904.132969941] [unitree_safe_cmd_node]: Move x=0.500, z=0.325, stop_count=0, roi_count=0, nearest_x=inf, clear_frames=236
[INFO] [1783770904.682970786] [unitree_safe_cmd_node]: Move x=0.500, z=0.328, stop_count=0, roi_count=0, nearest_x=inf, clear_frames=242
[INFO] [1783770905.232901590] [unitree_safe_cmd_node]: Move x=0.500, z=0.328, stop_count=0, roi_count=0, nearest_x=inf, clear_frames=247
[INFO] [1783770905.733680555] [unitree_safe_cmd_node]: Move x=0.500, z=0.327, stop_count=0, roi_count=0, nearest_x=inf, clear_frames=252
[INFO] [1783770906.233279718] [unitree_safe_cmd_node]: Move x=0.500, z=0.300, stop_count=0, roi_count=0, nearest_x=inf, clear_frames=257
[INFO] [1783770906.783187405] [unitree_safe_cmd_node]: Move x=0.500, z=0.228, stop_count=0, roi_count=0, nearest_x=inf, clear_frames=263
[INFO] [1783770907.333581558] [unitree_safe_cmd_node]: Move x=0.500, z=0.192, stop_count=0, roi_count=0, nearest_x=inf, clear_frames=268
[INFO] [1783770907.883132023] [unitree_safe_cmd_node]: Move x=0.500, z=0.079, stop_count=0, roi_count=0, nearest_x=inf, clear_frames=274
[INFO] [1783770908.383099750] [unitree_safe_cmd_node]: Move x=0.500, z=0.033, stop_count=0, roi_count=2, nearest_x=0.50, clear_frames=279
[INFO] [1783770908.933005696] [unitree_safe_cmd_node]: Move x=0.500, z=0.021, stop_count=0, roi_count=3, nearest_x=0.64, clear_frames=284
[INFO] [1783770909.432956493] [unitree_safe_cmd_node]: Move x=0.500, z=0.000, stop_count=0, roi_count=2, nearest_x=0.74, clear_frames=289
[INFO] [1783770909.932974297] [unitree_safe_cmd_node]: Move x=0.500, z=-0.033, stop_count=0, roi_count=5, nearest_x=0.54, clear_frames=294
[INFO] [1783770910.482959667] [unitree_safe_cmd_node]: Move x=0.500, z=-0.269, stop_count=0, roi_count=4, nearest_x=0.42, clear_frames=300
[INFO] [1783770910.983128679] [unitree_safe_cmd_node]: Move x=0.500, z=-0.162, stop_count=0, roi_count=6, nearest_x=0.40, clear_frames=305
[INFO] [1783770911.532889912] [unitree_safe_cmd_node]: Move x=0.250, z=0.450, stop_count=3, roi_count=6, nearest_x=0.35, clear_frames=310
[INFO] [1783770912.033146603] [unitree_safe_cmd_node]: Move x=0.000, z=0.450, stop_count=0, roi_count=15, nearest_x=0.42, clear_frames=315
[INFO] [1783770912.582985290] [unitree_safe_cmd_node]: Move x=0.000, z=0.450, stop_count=0, roi_count=10, nearest_x=0.40, clear_frames=321
[INFO] [1783770913.132851683] [unitree_safe_cmd_node]: Move x=0.000, z=0.450, stop_count=1, roi_count=11, nearest_x=0.39, clear_frames=326
[INFO] [1783770913.632993754] [unitree_safe_cmd_node]: Move x=0.000, z=0.450, stop_count=0, roi_count=16, nearest_x=0.48, clear_frames=331
[INFO] [1783770914.133054123] [unitree_safe_cmd_node]: Move x=0.000, z=0.450, stop_count=0, roi_count=14, nearest_x=0.51, clear_frames=336
[INFO] [1783770914.682933028] [unitree_safe_cmd_node]: Move x=0.250, z=0.450, stop_count=0, roi_count=3, nearest_x=0.87, clear_frames=342
[INFO] [1783770915.182985193] [unitree_safe_cmd_node]: Move x=0.000, z=0.450, stop_count=0, roi_count=6, nearest_x=0.40, clear_frames=347
[INFO] [1783770915.683014337] [unitree_safe_cmd_node]: Move x=0.000, z=0.450, stop_count=0, roi_count=10, nearest_x=0.42, clear_frames=352
[INFO] [1783770916.232969449] [unitree_safe_cmd_node]: Move x=0.000, z=0.450, stop_count=0, roi_count=8, nearest_x=0.43, clear_frames=357
[INFO] [1783770916.783159108] [unitree_safe_cmd_node]: Move x=0.000, z=0.450, stop_count=0, roi_count=0, nearest_x=inf, clear_frames=363
[INFO] [1783770917.283826892] [unitree_safe_cmd_node]: Move x=0.000, z=0.450, stop_count=0, roi_count=0, nearest_x=inf, clear_frames=368
[INFO] [1783770917.832920511] [unitree_safe_cmd_node]: Move x=0.000, z=0.450, stop_count=0, roi_count=0, nearest_x=inf, clear_frames=373
[INFO] [1783770918.332913688] [unitree_safe_cmd_node]: Move x=0.000, z=0.450, stop_count=0, roi_count=0, nearest_x=inf, clear_frames=378
[INFO] [1783770918.833002195] [unitree_safe_cmd_node]: Move x=0.000, z=0.450, stop_count=0, roi_count=0, nearest_x=inf, clear_frames=383
[INFO] [1783770919.332955005] [unitree_safe_cmd_node]: Move x=0.000, z=0.450, stop_count=0, roi_count=0, nearest_x=inf, clear_frames=388
[INFO] [1783770919.882958470] [unitree_safe_cmd_node]: Move x=0.000, z=0.450, stop_count=0, roi_count=2, nearest_x=0.86, clear_frames=394
[INFO] [1783770920.382974887] [unitree_safe_cmd_node]: Move x=0.000, z=0.450, stop_count=0, roi_count=0, nearest_x=inf, clear_frames=399
[INFO] [1783770920.933359998] [unitree_safe_cmd_node]: Move x=0.000, z=0.450, stop_count=0, roi_count=0, nearest_x=inf, clear_frames=404
[INFO] [1783770921.483008903] [unitree_safe_cmd_node]: Move x=0.000, z=0.450, stop_count=0, roi_count=0, nearest_x=inf, clear_frames=410
[INFO] [1783770921.983088049] [unitree_safe_cmd_node]: Move x=0.000, z=0.450, stop_count=0, roi_count=0, nearest_x=inf, clear_frames=415
[INFO] [1783770922.532935847] [unitree_safe_cmd_node]: Move x=0.000, z=0.450, stop_count=0, roi_count=0, nearest_x=inf, clear_frames=420
[INFO] [1783770923.033299634] [unitree_safe_cmd_node]: Move x=0.000, z=0.450, stop_count=0, roi_count=0, nearest_x=inf, clear_frames=425
[INFO] [1783770923.582938977] [unitree_safe_cmd_node]: Move x=0.000, z=0.450, stop_count=0, roi_count=0, nearest_x=inf, clear_frames=431
[INFO] [1783770924.082988778] [unitree_safe_cmd_node]: Move x=0.000, z=0.450, stop_count=0, roi_count=0, nearest_x=inf, clear_frames=436
[INFO] [1783770924.587133220] [unitree_safe_cmd_node]: Move x=0.000, z=0.450, stop_count=0, roi_count=0, nearest_x=inf, clear_frames=440
[INFO] [1783770925.134607452] [unitree_safe_cmd_node]: Move x=0.000, z=0.450, stop_count=0, roi_count=0, nearest_x=inf, clear_frames=446
[INFO] [1783770925.683045235] [unitree_safe_cmd_node]: Move x=0.000, z=0.450, stop_count=0, roi_count=0, nearest_x=inf, clear_frames=452
[INFO] [1783770926.232951981] [unitree_safe_cmd_node]: Move x=0.000, z=0.450, stop_count=0, roi_count=0, nearest_x=inf, clear_frames=457
[INFO] [1783770926.783457367] [unitree_safe_cmd_node]: Move x=0.000, z=0.450, stop_count=0, roi_count=0, nearest_x=inf, clear_frames=463
[INFO] [1783770927.332943971] [unitree_safe_cmd_node]: Move x=0.000, z=0.450, stop_count=0, roi_count=0, nearest_x=inf, clear_frames=468
[INFO] [1783770927.832918337] [unitree_safe_cmd_node]: Move x=0.000, z=0.450, stop_count=0, roi_count=0, nearest_x=inf, clear_frames=473
[INFO] [1783770928.332969670] [unitree_safe_cmd_node]: Move x=0.000, z=0.450, stop_count=0, roi_count=0, nearest_x=inf, clear_frames=478
[INFO] [1783770928.832950855] [unitree_safe_cmd_node]: Move x=0.000, z=0.450, stop_count=0, roi_count=0, nearest_x=inf, clear_frames=483
[INFO] [1783770929.333244802] [unitree_safe_cmd_node]: Move x=0.000, z=0.450, stop_count=0, roi_count=0, nearest_x=inf, clear_frames=488
[INFO] [1783770929.883009764] [unitree_safe_cmd_node]: Move x=0.000, z=0.450, stop_count=0, roi_count=0, nearest_x=inf, clear_frames=494
[INFO] [1783770930.383075589] [unitree_safe_cmd_node]: Move x=0.000, z=0.450, stop_count=0, roi_count=0, nearest_x=inf, clear_frames=499
[INFO] [1783770930.883045925] [unitree_safe_cmd_node]: Move x=0.000, z=0.450, stop_count=0, roi_count=0, nearest_x=inf, clear_frames=504
[INFO] [1783770931.383352276] [unitree_safe_cmd_node]: Move x=0.000, z=0.450, stop_count=0, roi_count=0, nearest_x=inf, clear_frames=508
[INFO] [1783770931.887292059] [unitree_safe_cmd_node]: Move x=0.000, z=0.450, stop_count=0, roi_count=0, nearest_x=inf, clear_frames=514
[INFO] [1783770932.433068380] [unitree_safe_cmd_node]: Move x=0.000, z=0.450, stop_count=0, roi_count=0, nearest_x=inf, clear_frames=519
[INFO] [1783770932.983140786] [unitree_safe_cmd_node]: Move x=0.000, z=0.450, stop_count=0, roi_count=0, nearest_x=inf, clear_frames=525
[INFO] [1783770933.483135573] [unitree_safe_cmd_node]: Move x=0.000, z=0.450, stop_count=0, roi_count=0, nearest_x=inf, clear_frames=530
[INFO] [1783770933.996036037] [unitree_safe_cmd_node]: Move x=0.000, z=0.450, stop_count=0, roi_count=0, nearest_x=inf, clear_frames=534
[INFO] [1783770934.533119443] [unitree_safe_cmd_node]: Move x=0.000, z=0.450, stop_count=0, roi_count=0, nearest_x=inf, clear_frames=540
[INFO] [1783770935.083049001] [unitree_safe_cmd_node]: Move x=0.000, z=0.450, stop_count=0, roi_count=0, nearest_x=inf, clear_frames=546
[INFO] [1783770935.584354880] [unitree_safe_cmd_node]: Move x=0.000, z=0.450, stop_count=0, roi_count=0, nearest_x=inf, clear_frames=551
[INFO] [1783770936.132960484] [unitree_safe_cmd_node]: Move x=0.000, z=0.450, stop_count=0, roi_count=0, nearest_x=inf, clear_frames=556
[INFO] [1783770936.682893042] [unitree_safe_cmd_node]: Move x=0.000, z=0.450, stop_count=0, roi_count=0, nearest_x=inf, clear_frames=562
[INFO] [1783770937.183023267] [unitree_safe_cmd_node]: Move x=0.000, z=0.450, stop_count=0, roi_count=0, nearest_x=inf, clear_frames=567
[INFO] [1783770937.733358369] [unitree_safe_cmd_node]: Move x=0.000, z=0.450, stop_count=0, roi_count=0, nearest_x=inf, clear_frames=572
[INFO] [1783770938.232958866] [unitree_safe_cmd_node]: Move x=0.250, z=0.450, stop_count=0, roi_count=0, nearest_x=inf, clear_frames=577
[INFO] [1783770938.783198989] [unitree_safe_cmd_node]: Move x=0.250, z=0.450, stop_count=0, roi_count=3, nearest_x=0.82, clear_frames=583
[INFO] [1783770939.332946447] [unitree_safe_cmd_node]: Move x=0.500, z=0.235, stop_count=0, roi_count=33, nearest_x=0.67, clear_frames=588
[INFO] [1783770939.833030165] [unitree_safe_cmd_node]: Move x=0.500, z=0.155, stop_count=0, roi_count=62, nearest_x=0.50, clear_frames=593
[INFO] [1783770940.383080938] [unitree_safe_cmd_node]: Move x=0.500, z=0.308, stop_count=0, roi_count=27, nearest_x=0.45, clear_frames=599
[INFO] [1783770940.883201384] [unitree_safe_cmd_node]: Move x=0.500, z=0.265, stop_count=0, roi_count=9, nearest_x=0.53, clear_frames=604
[INFO] [1783770941.432999519] [unitree_safe_cmd_node]: Move x=0.500, z=0.139, stop_count=0, roi_count=10, nearest_x=0.59, clear_frames=609
[INFO] [1783770941.982923227] [unitree_safe_cmd_node]: Move x=0.500, z=0.158, stop_count=0, roi_count=7, nearest_x=0.62, clear_frames=615
[INFO] [1783770942.483044179] [unitree_safe_cmd_node]: Move x=0.500, z=0.115, stop_count=0, roi_count=4, nearest_x=0.62, clear_frames=620
[INFO] [1783770942.983020607] [unitree_safe_cmd_node]: Move x=0.500, z=0.175, stop_count=0, roi_count=0, nearest_x=inf, clear_frames=625
[INFO] [1783770943.533043317] [unitree_safe_cmd_node]: Move x=0.500, z=0.183, stop_count=0, roi_count=5, nearest_x=0.62, clear_frames=630
[INFO] [1783770944.082941436] [unitree_safe_cmd_node]: Move x=0.250, z=0.450, stop_count=0, roi_count=22, nearest_x=0.79, clear_frames=636
[INFO] [1783770944.582959487] [unitree_safe_cmd_node]: Move x=0.250, z=0.450, stop_count=0, roi_count=31, nearest_x=0.64, clear_frames=641
[INFO] [1783770945.083007091] [unitree_safe_cmd_node]: Move x=0.000, z=0.450, stop_count=0, roi_count=0, nearest_x=inf, clear_frames=646
[INFO] [1783770945.583048981] [unitree_safe_cmd_node]: Move x=0.000, z=0.450, stop_count=0, roi_count=0, nearest_x=inf, clear_frames=651
[INFO] [1783770946.132957812] [unitree_safe_cmd_node]: Move x=0.000, z=-0.450, stop_count=0, roi_count=0, nearest_x=inf, clear_frames=656
[INFO] [1783770946.682983256] [unitree_safe_cmd_node]: Move x=0.000, z=-0.450, stop_count=0, roi_count=0, nearest_x=inf, clear_frames=662
[INFO] [1783770947.183022145] [unitree_safe_cmd_node]: Move x=0.000, z=-0.450, stop_count=0, roi_count=0, nearest_x=inf, clear_frames=667
[INFO] [1783770947.732998897] [unitree_safe_cmd_node]: Move x=0.000, z=-0.450, stop_count=0, roi_count=0, nearest_x=inf, clear_frames=672
[INFO] [1783770948.283194838] [unitree_safe_cmd_node]: Move x=0.000, z=-0.450, stop_count=0, roi_count=16, nearest_x=0.53, clear_frames=678
[INFO] [1783770948.783271324] [unitree_safe_cmd_node]: Move x=0.000, z=-0.450, stop_count=0, roi_count=0, nearest_x=inf, clear_frames=683
[INFO] [1783770949.284203507] [unitree_safe_cmd_node]: Move x=0.000, z=-0.450, stop_count=0, roi_count=0, nearest_x=inf, clear_frames=688
[INFO] [1783770949.832958350] [unitree_safe_cmd_node]: Move x=0.000, z=-0.450, stop_count=0, roi_count=0, nearest_x=inf, clear_frames=693
[INFO] [1783770950.383012918] [unitree_safe_cmd_node]: Move x=0.000, z=-0.450, stop_count=0, roi_count=0, nearest_x=inf, clear_frames=699
[INFO] [1783770950.886573537] [unitree_safe_cmd_node]: Move x=0.000, z=-0.450, stop_count=0, roi_count=0, nearest_x=inf, clear_frames=704
[INFO] [1783770951.433070992] [unitree_safe_cmd_node]: Move x=0.000, z=-0.450, stop_count=0, roi_count=0, nearest_x=inf, clear_frames=709
[INFO] [1783770951.982948604] [unitree_safe_cmd_node]: Move x=0.000, z=-0.450, stop_count=0, roi_count=0, nearest_x=inf, clear_frames=715
[INFO] [1783770952.483188150] [unitree_safe_cmd_node]: Move x=0.000, z=-0.450, stop_count=0, roi_count=0, nearest_x=inf, clear_frames=720
[INFO] [1783770952.982971224] [unitree_safe_cmd_node]: Move x=0.000, z=-0.450, stop_count=0, roi_count=0, nearest_x=inf, clear_frames=725
[INFO] [1783770953.485256635] [unitree_safe_cmd_node]: Move x=0.000, z=-0.450, stop_count=0, roi_count=0, nearest_x=inf, clear_frames=730
[INFO] [1783770953.985465782] [unitree_safe_cmd_node]: Move x=0.000, z=-0.450, stop_count=0, roi_count=0, nearest_x=inf, clear_frames=735
[INFO] [1783770954.533207356] [unitree_safe_cmd_node]: Move x=0.000, z=-0.450, stop_count=0, roi_count=0, nearest_x=inf, clear_frames=740
[INFO] [1783770955.033663082] [unitree_safe_cmd_node]: Move x=0.000, z=-0.450, stop_count=0, roi_count=0, nearest_x=inf, clear_frames=743
[INFO] [1783770955.582929077] [unitree_safe_cmd_node]: Move x=0.000, z=-0.450, stop_count=0, roi_count=0, nearest_x=inf, clear_frames=749
[INFO] [1783770956.132940632] [unitree_safe_cmd_node]: Move x=0.000, z=-0.450, stop_count=0, roi_count=0, nearest_x=inf, clear_frames=755
[INFO] [1783770956.633127065] [unitree_safe_cmd_node]: Move x=0.000, z=-0.450, stop_count=0, roi_count=0, nearest_x=inf, clear_frames=760
[INFO] [1783770957.183263317] [unitree_safe_cmd_node]: Move x=0.000, z=-0.450, stop_count=0, roi_count=0, nearest_x=inf, clear_frames=766
[INFO] [1783770957.732947482] [unitree_safe_cmd_node]: Move x=0.000, z=-0.450, stop_count=0, roi_count=0, nearest_x=inf, clear_frames=771
[INFO] [1783770958.232906469] [unitree_safe_cmd_node]: Move x=0.000, z=-0.450, stop_count=0, roi_count=0, nearest_x=inf, clear_frames=776
[INFO] [1783770958.783490572] [unitree_safe_cmd_node]: Move x=0.000, z=-0.450, stop_count=0, roi_count=41, nearest_x=0.64, clear_frames=782
[INFO] [1783770959.332868083] [unitree_safe_cmd_node]: Move x=0.000, z=-0.450, stop_count=0, roi_count=130, nearest_x=0.50, clear_frames=787
[INFO] [1783770959.832978188] [unitree_safe_cmd_node]: Move x=0.000, z=-0.450, stop_count=0, roi_count=112, nearest_x=0.57, clear_frames=792
[INFO] [1783770960.383007428] [unitree_safe_cmd_node]: Move x=0.000, z=-0.450, stop_count=0, roi_count=107, nearest_x=0.56, clear_frames=798
[INFO] [1783770960.883054177] [unitree_safe_cmd_node]: Move x=0.000, z=-0.450, stop_count=0, roi_count=96, nearest_x=0.56, clear_frames=803
[INFO] [1783770961.432863272] [unitree_safe_cmd_node]: Move x=0.000, z=-0.450, stop_count=0, roi_count=48, nearest_x=0.57, clear_frames=808
[INFO] [1783770961.932949603] [unitree_safe_cmd_node]: Move x=0.000, z=-0.450, stop_count=0, roi_count=36, nearest_x=0.56, clear_frames=813
[INFO] [1783770962.483018956] [unitree_safe_cmd_node]: Move x=0.000, z=-0.450, stop_count=0, roi_count=15, nearest_x=0.60, clear_frames=819
[INFO] [1783770962.982927750] [unitree_safe_cmd_node]: Move x=0.250, z=-0.450, stop_count=0, roi_count=4, nearest_x=0.64, clear_frames=824
[INFO] [1783770963.532841981] [unitree_safe_cmd_node]: Move x=0.250, z=-0.450, stop_count=0, roi_count=3, nearest_x=0.76, clear_frames=829
[INFO] [1783770964.032883613] [unitree_safe_cmd_node]: Move x=0.250, z=-0.450, stop_count=0, roi_count=0, nearest_x=inf, clear_frames=834
[INFO] [1783770964.533458593] [unitree_safe_cmd_node]: Move x=0.250, z=-0.450, stop_count=0, roi_count=0, nearest_x=inf, clear_frames=839
[INFO] [1783770965.083025974] [unitree_safe_cmd_node]: Move x=0.500, z=-0.333, stop_count=0, roi_count=0, nearest_x=inf, clear_frames=845
[INFO] [1783770965.583005146] [unitree_safe_cmd_node]: Move x=0.500, z=-0.237, stop_count=0, roi_count=0, nearest_x=inf, clear_frames=850
[INFO] [1783770966.132921498] [unitree_safe_cmd_node]: Move x=0.500, z=-0.219, stop_count=0, roi_count=0, nearest_x=inf, clear_frames=855
[INFO] [1783770966.682955381] [unitree_safe_cmd_node]: Move x=0.500, z=-0.196, stop_count=0, roi_count=0, nearest_x=inf, clear_frames=861
[INFO] [1783770967.182999780] [unitree_safe_cmd_node]: Move x=0.250, z=-0.450, stop_count=0, roi_count=0, nearest_x=inf, clear_frames=866
[INFO] [1783770967.684004907] [unitree_safe_cmd_node]: Move x=0.500, z=-0.419, stop_count=0, roi_count=0, nearest_x=inf, clear_frames=870
[INFO] [1783770968.232920694] [unitree_safe_cmd_node]: Move x=0.500, z=-0.356, stop_count=0, roi_count=0, nearest_x=inf, clear_frames=876
[INFO] [1783770968.732898090] [unitree_safe_cmd_node]: Move x=0.500, z=-0.410, stop_count=0, roi_count=0, nearest_x=inf, clear_frames=881
[INFO] [1783770969.232930054] [unitree_safe_cmd_node]: Move x=0.500, z=-0.329, stop_count=0, roi_count=0, nearest_x=inf, clear_frames=886
[INFO] [1783770969.783306346] [unitree_safe_cmd_node]: Move x=0.500, z=-0.282, stop_count=0, roi_count=19, nearest_x=0.63, clear_frames=892
[INFO] [1783770970.332952956] [unitree_safe_cmd_node]: Move x=0.500, z=-0.246, stop_count=0, roi_count=88, nearest_x=0.50, clear_frames=897
[INFO] [1783770970.832946900] [unitree_safe_cmd_node]: Move x=0.500, z=-0.130, stop_count=0, roi_count=157, nearest_x=0.42, clear_frames=902
[WARN] [1783770971.079158849] [unitree_safe_cmd_node]: OBSTACLE DETECTED: stop_count=17, roi_count=105, nearest_x=0.35
[WARN] [1783770971.382980044] [unitree_safe_cmd_node]: SAFE OVERRIDE obstacle: Move x=0.000, z=0.000, raw_x=0.500, raw_z=-0.098, stop_count=14, roi_count=98, nearest_x=0.37, clear_frames=2
[WARN] [1783770971.883017890] [unitree_safe_cmd_node]: SAFE OVERRIDE obstacle: Move x=0.000, z=0.000, raw_x=0.500, raw_z=-0.024, stop_count=13, roi_count=89, nearest_x=0.36, clear_frames=1
[WARN] [1783770972.383216351] [unitree_safe_cmd_node]: SAFE OVERRIDE obstacle: Move x=0.000, z=0.000, raw_x=0.500, raw_z=0.016, stop_count=16, roi_count=82, nearest_x=0.36, clear_frames=0
[WARN] [1783770972.933041066] [unitree_safe_cmd_node]: SAFE OVERRIDE obstacle: Move x=0.000, z=0.000, raw_x=0.500, raw_z=0.003, stop_count=17, roi_count=90, nearest_x=0.35, clear_frames=0
[WARN] [1783770973.484330041] [unitree_safe_cmd_node]: SAFE OVERRIDE obstacle: Move x=0.000, z=0.000, raw_x=0.500, raw_z=0.005, stop_count=19, roi_count=98, nearest_x=0.35, clear_frames=0
[WARN] [1783770974.033129259] [unitree_safe_cmd_node]: SAFE OVERRIDE obstacle: Move x=0.000, z=0.000, raw_x=0.500, raw_z=0.006, stop_count=18, roi_count=90, nearest_x=0.35, clear_frames=0
[WARN] [1783770974.583081623] [unitree_safe_cmd_node]: SAFE OVERRIDE obstacle: Move x=0.000, z=0.000, raw_x=0.500, raw_z=0.033, stop_count=16, roi_count=71, nearest_x=0.35, clear_frames=0
[WARN] [1783770975.083433556] [unitree_safe_cmd_node]: SAFE OVERRIDE obstacle: Move x=0.000, z=0.000, raw_x=0.500, raw_z=0.031, stop_count=20, roi_count=84, nearest_x=0.37, clear_frames=0
[WARN] [1783770975.633045203] [unitree_safe_cmd_node]: SAFE OVERRIDE obstacle: Move x=0.000, z=0.000, raw_x=0.500, raw_z=0.024, stop_count=10, roi_count=111, nearest_x=0.35, clear_frames=4
[INFO] [1783770975.678545989] [unitree_safe_cmd_node]: obstacle cleared after 5 clear frames, resume move
[WARN] [1783770975.978584747] [unitree_safe_cmd_node]: OBSTACLE DETECTED: stop_count=16, roi_count=97, nearest_x=0.36
[WARN] [1783770976.183015951] [unitree_safe_cmd_node]: SAFE OVERRIDE obstacle: Move x=0.000, z=0.000, raw_x=0.500, raw_z=0.015, stop_count=12, roi_count=45, nearest_x=0.35, clear_frames=1
[WARN] [1783770976.683123592] [unitree_safe_cmd_node]: SAFE OVERRIDE obstacle: Move x=0.000, z=0.000, raw_x=0.500, raw_z=0.099, stop_count=19, roi_count=37, nearest_x=0.35, clear_frames=0
[WARN] [1783770977.233003063] [unitree_safe_cmd_node]: SAFE OVERRIDE obstacle: Move x=0.000, z=0.000, raw_x=0.250, raw_z=0.450, stop_count=0, roi_count=0, nearest_x=inf, clear_frames=4
[INFO] [1783770977.281313114] [unitree_safe_cmd_node]: obstacle cleared after 5 clear frames, resume move
[INFO] [1783770977.783610103] [unitree_safe_cmd_node]: Move x=0.250, z=0.450, stop_count=0, roi_count=0, nearest_x=inf, clear_frames=10
[INFO] [1783770978.332949898] [unitree_safe_cmd_node]: Move x=0.000, z=0.450, stop_count=0, roi_count=0, nearest_x=inf, clear_frames=15
[INFO] [1783770978.884364812] [unitree_safe_cmd_node]: Move x=0.000, z=0.450, stop_count=0, roi_count=0, nearest_x=inf, clear_frames=21
[INFO] [1783770979.432931947] [unitree_safe_cmd_node]: Move x=0.000, z=0.450, stop_count=0, roi_count=0, nearest_x=inf, clear_frames=26
[INFO] [1783770979.982977973] [unitree_safe_cmd_node]: Move x=0.000, z=0.450, stop_count=0, roi_count=0, nearest_x=inf, clear_frames=32
[INFO] [1783770980.533273958] [unitree_safe_cmd_node]: Move x=0.000, z=0.450, stop_count=0, roi_count=0, nearest_x=inf, clear_frames=37
[INFO] [1783770981.082877961] [unitree_safe_cmd_node]: Move x=0.000, z=0.450, stop_count=0, roi_count=0, nearest_x=inf, clear_frames=43
[INFO] [1783770981.582965783] [unitree_safe_cmd_node]: Move x=0.000, z=0.450, stop_count=0, roi_count=0, nearest_x=inf, clear_frames=48
[INFO] [1783770982.132915422] [unitree_safe_cmd_node]: Move x=0.000, z=0.450, stop_count=0, roi_count=0, nearest_x=inf, clear_frames=53
[INFO] [1783770982.633158727] [unitree_safe_cmd_node]: Move x=0.000, z=0.450, stop_count=0, roi_count=0, nearest_x=inf, clear_frames=58
[INFO] [1783770983.133638466] [unitree_safe_cmd_node]: Move x=0.000, z=0.450, stop_count=0, roi_count=0, nearest_x=inf, clear_frames=63
[INFO] [1783770983.682891865] [unitree_safe_cmd_node]: Move x=0.000, z=0.450, stop_count=0, roi_count=0, nearest_x=inf, clear_frames=69
[INFO] [1783770984.183083320] [unitree_safe_cmd_node]: Move x=0.000, z=0.450, stop_count=0, roi_count=0, nearest_x=inf, clear_frames=74
[INFO] [1783770984.683058050] [unitree_safe_cmd_node]: Move x=0.000, z=0.450, stop_count=0, roi_count=0, nearest_x=inf, clear_frames=79
[INFO] [1783770985.232883481] [unitree_safe_cmd_node]: Move x=0.000, z=0.450, stop_count=0, roi_count=0, nearest_x=inf, clear_frames=84
[INFO] [1783770985.783135233] [unitree_safe_cmd_node]: Move x=0.000, z=0.450, stop_count=0, roi_count=0, nearest_x=inf, clear_frames=90
[INFO] [1783770986.332864194] [unitree_safe_cmd_node]: Move x=0.000, z=0.450, stop_count=0, roi_count=0, nearest_x=inf, clear_frames=95
[INFO] [1783770986.832882464] [unitree_safe_cmd_node]: Move x=0.000, z=0.450, stop_count=0, roi_count=0, nearest_x=inf, clear_frames=100
[INFO] [1783770987.332887014] [unitree_safe_cmd_node]: Move x=0.000, z=0.450, stop_count=0, roi_count=0, nearest_x=inf, clear_frames=105
[INFO] [1783770987.832870669] [unitree_safe_cmd_node]: Move x=0.000, z=0.450, stop_count=0, roi_count=0, nearest_x=inf, clear_frames=110
[INFO] [1783770988.333076659] [unitree_safe_cmd_node]: Move x=0.000, z=-0.450, stop_count=0, roi_count=0, nearest_x=inf, clear_frames=115
[INFO] [1783770988.883063096] [unitree_safe_cmd_node]: Move x=0.000, z=-0.450, stop_count=0, roi_count=0, nearest_x=inf, clear_frames=121
[INFO] [1783770989.433719471] [unitree_safe_cmd_node]: Move x=0.000, z=-0.450, stop_count=0, roi_count=0, nearest_x=inf, clear_frames=126
[INFO] [1783770989.987250770] [unitree_safe_cmd_node]: Move x=0.000, z=-0.450, stop_count=0, roi_count=0, nearest_x=inf, clear_frames=132
[INFO] [1783770990.532966084] [unitree_safe_cmd_node]: Move x=0.000, z=-0.450, stop_count=0, roi_count=0, nearest_x=inf, clear_frames=137
[INFO] [1783770991.082997059] [unitree_safe_cmd_node]: Move x=0.000, z=-0.450, stop_count=0, roi_count=0, nearest_x=inf, clear_frames=143
[INFO] [1783770991.632930011] [unitree_safe_cmd_node]: Move x=0.000, z=-0.450, stop_count=0, roi_count=0, nearest_x=inf, clear_frames=148
[INFO] [1783770992.183060738] [unitree_safe_cmd_node]: Move x=0.000, z=-0.450, stop_count=0, roi_count=0, nearest_x=inf, clear_frames=154
[INFO] [1783770992.682952548] [unitree_safe_cmd_node]: Move x=0.000, z=-0.450, stop_count=0, roi_count=0, nearest_x=inf, clear_frames=159
[INFO] [1783770993.232952790] [unitree_safe_cmd_node]: Move x=0.000, z=-0.450, stop_count=0, roi_count=0, nearest_x=inf, clear_frames=164
[INFO] [1783770993.783382833] [unitree_safe_cmd_node]: Move x=0.000, z=-0.450, stop_count=0, roi_count=0, nearest_x=inf, clear_frames=170
[INFO] [1783770994.332995219] [unitree_safe_cmd_node]: Move x=0.000, z=-0.450, stop_count=0, roi_count=0, nearest_x=inf, clear_frames=175
[INFO] [1783770994.833072339] [unitree_safe_cmd_node]: Move x=0.000, z=-0.450, stop_count=0, roi_count=0, nearest_x=inf, clear_frames=180
[INFO] [1783770995.382968122] [unitree_safe_cmd_node]: Move x=0.000, z=-0.450, stop_count=0, roi_count=0, nearest_x=inf, clear_frames=186
[INFO] [1783770995.883189994] [unitree_safe_cmd_node]: Move x=0.000, z=-0.450, stop_count=0, roi_count=0, nearest_x=inf, clear_frames=191
[INFO] [1783770996.432885676] [unitree_safe_cmd_node]: Move x=0.000, z=-0.450, stop_count=0, roi_count=0, nearest_x=inf, clear_frames=196
[INFO] [1783770996.982935178] [unitree_safe_cmd_node]: Move x=0.000, z=-0.450, stop_count=0, roi_count=0, nearest_x=inf, clear_frames=202
[INFO] [1783770997.483606134] [unitree_safe_cmd_node]: Move x=0.000, z=-0.450, stop_count=0, roi_count=0, nearest_x=inf, clear_frames=206
[INFO] [1783770998.032889131] [unitree_safe_cmd_node]: Move x=0.000, z=-0.450, stop_count=0, roi_count=0, nearest_x=inf, clear_frames=212
[INFO] [1783770998.582972811] [unitree_safe_cmd_node]: Move x=0.000, z=-0.450, stop_count=0, roi_count=0, nearest_x=inf, clear_frames=218
[INFO] [1783770999.132857958] [unitree_safe_cmd_node]: Move x=0.000, z=-0.450, stop_count=0, roi_count=0, nearest_x=inf, clear_frames=223
[INFO] [1783770999.632922125] [unitree_safe_cmd_node]: Move x=0.000, z=-0.450, stop_count=0, roi_count=0, nearest_x=inf, clear_frames=228
[INFO] [1783771000.184631696] [unitree_safe_cmd_node]: Move x=0.000, z=-0.450, stop_count=0, roi_count=0, nearest_x=inf, clear_frames=234
[INFO] [1783771000.733056550] [unitree_safe_cmd_node]: Move x=0.000, z=-0.450, stop_count=0, roi_count=0, nearest_x=inf, clear_frames=239
[INFO] [1783771001.233398048] [unitree_safe_cmd_node]: Move x=0.000, z=-0.450, stop_count=0, roi_count=0, nearest_x=inf, clear_frames=244
[INFO] [1783771001.783065046] [unitree_safe_cmd_node]: Move x=0.000, z=-0.450, stop_count=0, roi_count=0, nearest_x=inf, clear_frames=250
[INFO] [1783771002.282900817] [unitree_safe_cmd_node]: Move x=0.000, z=-0.450, stop_count=0, roi_count=0, nearest_x=inf, clear_frames=255
[INFO] [1783771002.783219939] [unitree_safe_cmd_node]: Move x=0.000, z=-0.450, stop_count=0, roi_count=0, nearest_x=inf, clear_frames=260
[INFO] [1783771003.283078124] [unitree_safe_cmd_node]: Move x=0.000, z=-0.450, stop_count=0, roi_count=0, nearest_x=inf, clear_frames=265
[INFO] [1783771003.783609512] [unitree_safe_cmd_node]: Move x=0.000, z=-0.450, stop_count=0, roi_count=0, nearest_x=inf, clear_frames=270
[INFO] [1783771004.333059674] [unitree_safe_cmd_node]: Move x=0.000, z=-0.450, stop_count=0, roi_count=0, nearest_x=inf, clear_frames=275
[INFO] [1783771004.883348788] [unitree_safe_cmd_node]: Move x=0.000, z=-0.450, stop_count=0, roi_count=0, nearest_x=inf, clear_frames=281
[INFO] [1783771005.432996380] [unitree_safe_cmd_node]: Move x=0.250, z=-0.450, stop_count=0, roi_count=0, nearest_x=inf, clear_frames=286
[INFO] [1783771005.984306415] [unitree_safe_cmd_node]: Move x=0.250, z=-0.450, stop_count=0, roi_count=0, nearest_x=inf, clear_frames=292
[INFO] [1783771006.483015705] [unitree_safe_cmd_node]: Move x=0.250, z=-0.450, stop_count=0, roi_count=0, nearest_x=inf, clear_frames=297
[INFO] [1783771006.988844602] [unitree_safe_cmd_node]: Move x=0.250, z=-0.450, stop_count=0, roi_count=0, nearest_x=inf, clear_frames=302
[INFO] [1783771007.532919060] [unitree_safe_cmd_node]: Move x=0.250, z=-0.450, stop_count=0, roi_count=0, nearest_x=inf, clear_frames=307
[INFO] [1783771008.083243371] [unitree_safe_cmd_node]: Move x=0.250, z=-0.450, stop_count=4, roi_count=62, nearest_x=0.36, clear_frames=313
[INFO] [1783771008.633072066] [unitree_safe_cmd_node]: Move x=0.500, z=-0.365, stop_count=11, roi_count=101, nearest_x=0.35, clear_frames=318
[WARN] [1783771009.078507288] [unitree_safe_cmd_node]: OBSTACLE DETECTED: stop_count=16, roi_count=80, nearest_x=0.35
[WARN] [1783771009.183072191] [unitree_safe_cmd_node]: SAFE OVERRIDE obstacle: Move x=0.000, z=0.000, raw_x=0.500, raw_z=-0.229, stop_count=22, roi_count=88, nearest_x=0.35, clear_frames=0
[WARN] [1783771009.683163600] [unitree_safe_cmd_node]: SAFE OVERRIDE obstacle: Move x=0.000, z=0.000, raw_x=0.500, raw_z=-0.420, stop_count=14, roi_count=55, nearest_x=0.35, clear_frames=4
[WARN] [1783771010.232965547] [unitree_safe_cmd_node]: SAFE OVERRIDE obstacle: Move x=0.000, z=0.000, raw_x=0.500, raw_z=-0.419, stop_count=16, roi_count=53, nearest_x=0.35, clear_frames=0
[WARN] [1783771010.733034689] [unitree_safe_cmd_node]: SAFE OVERRIDE obstacle: Move x=0.000, z=0.000, raw_x=0.500, raw_z=-0.422, stop_count=20, roi_count=56, nearest_x=0.35, clear_frames=0
[WARN] [1783771011.283072715] [unitree_safe_cmd_node]: SAFE OVERRIDE obstacle: Move x=0.000, z=0.000, raw_x=0.500, raw_z=-0.422, stop_count=19, roi_count=50, nearest_x=0.35, clear_frames=0
[WARN] [1783771011.783829554] [unitree_safe_cmd_node]: SAFE OVERRIDE obstacle: Move x=0.000, z=0.000, raw_x=0.500, raw_z=-0.419, stop_count=13, roi_count=50, nearest_x=0.36, clear_frames=1
[WARN] [1783771012.333266091] [unitree_safe_cmd_node]: SAFE OVERRIDE obstacle: Move x=0.000, z=0.000, raw_x=0.500, raw_z=-0.419, stop_count=14, roi_count=47, nearest_x=0.35, clear_frames=2
[WARN] [1783771012.883100876] [unitree_safe_cmd_node]: SAFE OVERRIDE obstacle: Move x=0.000, z=0.000, raw_x=0.500, raw_z=-0.243, stop_count=17, roi_count=56, nearest_x=0.35, clear_frames=0
[WARN] [1783771013.433087652] [unitree_safe_cmd_node]: SAFE OVERRIDE obstacle: Move x=0.000, z=0.000, raw_x=0.500, raw_z=-0.249, stop_count=16, roi_count=47, nearest_x=0.36, clear_frames=0
[WARN] [1783771013.983039176] [unitree_safe_cmd_node]: SAFE OVERRIDE obstacle: Move x=0.000, z=0.000, raw_x=0.500, raw_z=-0.249, stop_count=15, roi_count=52, nearest_x=0.36, clear_frames=0
[WARN] [1783771014.482986735] [unitree_safe_cmd_node]: SAFE OVERRIDE obstacle: Move x=0.000, z=0.000, raw_x=0.500, raw_z=-0.245, stop_count=16, roi_count=43, nearest_x=0.35, clear_frames=0
[WARN] [1783771014.983024353] [unitree_safe_cmd_node]: SAFE OVERRIDE obstacle: Move x=0.000, z=0.000, raw_x=0.500, raw_z=-0.245, stop_count=13, roi_count=42, nearest_x=0.36, clear_frames=1
[WARN] [1783771015.483016885] [unitree_safe_cmd_node]: SAFE OVERRIDE obstacle: Move x=0.000, z=0.000, raw_x=0.500, raw_z=-0.248, stop_count=16, roi_count=49, nearest_x=0.35, clear_frames=0
[WARN] [1783771016.032958221] [unitree_safe_cmd_node]: SAFE OVERRIDE obstacle: Move x=0.000, z=0.000, raw_x=0.500, raw_z=-0.242, stop_count=14, roi_count=40, nearest_x=0.35, clear_frames=2
[WARN] [1783771016.532985226] [unitree_safe_cmd_node]: SAFE OVERRIDE obstacle: Move x=0.000, z=0.000, raw_x=0.500, raw_z=-0.181, stop_count=5, roi_count=17, nearest_x=0.35, clear_frames=3
[INFO] [1783771016.675830029] [unitree_safe_cmd_node]: obstacle cleared after 5 clear frames, resume move
[INFO] [1783771017.032957098] [unitree_safe_cmd_node]: Move x=0.250, z=0.450, stop_count=0, roi_count=0, nearest_x=inf, clear_frames=8
[INFO] [1783771017.583181410] [unitree_safe_cmd_node]: Move x=0.000, z=0.450, stop_count=0, roi_count=0, nearest_x=inf, clear_frames=14
[INFO] [1783771018.085170034] [unitree_safe_cmd_node]: Move x=0.000, z=0.450, stop_count=0, roi_count=0, nearest_x=inf, clear_frames=19
[INFO] [1783771018.633261741] [unitree_safe_cmd_node]: Move x=0.000, z=0.450, stop_count=0, roi_count=0, nearest_x=inf, clear_frames=24
[INFO] [1783771019.188491388] [unitree_safe_cmd_node]: Move x=0.000, z=0.450, stop_count=0, roi_count=0, nearest_x=inf, clear_frames=30
[INFO] [1783771019.691149445] [unitree_safe_cmd_node]: Move x=0.000, z=0.450, stop_count=0, roi_count=0, nearest_x=inf, clear_frames=35
[INFO] [1783771020.233220912] [unitree_safe_cmd_node]: Move x=0.000, z=0.450, stop_count=0, roi_count=0, nearest_x=inf, clear_frames=40
[INFO] [1783771020.783734773] [unitree_safe_cmd_node]: Move x=0.000, z=0.450, stop_count=0, roi_count=0, nearest_x=inf, clear_frames=46
[INFO] [1783771021.285694259] [unitree_safe_cmd_node]: Move x=0.000, z=0.450, stop_count=0, roi_count=0, nearest_x=inf, clear_frames=51
[INFO] [1783771021.833264713] [unitree_safe_cmd_node]: Move x=0.000, z=0.450, stop_count=0, roi_count=0, nearest_x=inf, clear_frames=56
[INFO] [1783771022.383247166] [unitree_safe_cmd_node]: Move x=0.000, z=0.450, stop_count=0, roi_count=0, nearest_x=inf, clear_frames=62
[INFO] [1783771022.883418803] [unitree_safe_cmd_node]: Move x=0.000, z=0.450, stop_count=0, roi_count=0, nearest_x=inf, clear_frames=67
[INFO] [1783771023.433105994] [unitree_safe_cmd_node]: Move x=0.000, z=0.450, stop_count=0, roi_count=0, nearest_x=inf, clear_frames=72
[INFO] [1783771023.982977176] [unitree_safe_cmd_node]: Move x=0.000, z=0.450, stop_count=0, roi_count=0, nearest_x=inf, clear_frames=78
[INFO] [1783771024.532847003] [unitree_safe_cmd_node]: Move x=0.000, z=0.450, stop_count=0, roi_count=0, nearest_x=inf, clear_frames=83
[INFO] [1783771025.083019083] [unitree_safe_cmd_node]: Move x=0.000, z=0.450, stop_count=0, roi_count=0, nearest_x=inf, clear_frames=89
[INFO] [1783771025.632923674] [unitree_safe_cmd_node]: Move x=0.000, z=0.450, stop_count=0, roi_count=0, nearest_x=inf, clear_frames=94
[INFO] [1783771026.182873813] [unitree_safe_cmd_node]: Move x=0.000, z=0.450, stop_count=0, roi_count=0, nearest_x=inf, clear_frames=100
[INFO] [1783771026.683176726] [unitree_safe_cmd_node]: Move x=0.000, z=0.450, stop_count=0, roi_count=0, nearest_x=inf, clear_frames=105
[INFO] [1783771027.232869739] [unitree_safe_cmd_node]: Move x=0.000, z=0.450, stop_count=0, roi_count=0, nearest_x=inf, clear_frames=110
[INFO] [1783771027.732973648] [unitree_safe_cmd_node]: Move x=0.000, z=0.450, stop_count=0, roi_count=0, nearest_x=inf, clear_frames=115
[INFO] [1783771028.232938781] [unitree_safe_cmd_node]: Move x=0.000, z=0.450, stop_count=0, roi_count=5, nearest_x=0.84, clear_frames=120
[INFO] [1783771028.783074888] [unitree_safe_cmd_node]: Move x=0.000, z=0.450, stop_count=0, roi_count=5, nearest_x=0.86, clear_frames=125
[INFO] [1783771029.332845825] [unitree_safe_cmd_node]: Move x=0.000, z=0.450, stop_count=0, roi_count=6, nearest_x=0.85, clear_frames=131
[INFO] [1783771029.883435102] [unitree_safe_cmd_node]: Move x=0.000, z=0.450, stop_count=0, roi_count=0, nearest_x=inf, clear_frames=137
[INFO] [1783771030.432813998] [unitree_safe_cmd_node]: Move x=0.000, z=0.450, stop_count=0, roi_count=0, nearest_x=inf, clear_frames=142
[INFO] [1783771030.982960686] [unitree_safe_cmd_node]: Move x=0.250, z=0.450, stop_count=0, roi_count=0, nearest_x=inf, clear_frames=148
[INFO] [1783771031.484036744] [unitree_safe_cmd_node]: Move x=0.250, z=0.450, stop_count=0, roi_count=0, nearest_x=inf, clear_frames=153
[INFO] [1783771032.032866841] [unitree_safe_cmd_node]: Move x=0.250, z=0.450, stop_count=0, roi_count=0, nearest_x=inf, clear_frames=158
[INFO] [1783771032.533153053] [unitree_safe_cmd_node]: Move x=0.250, z=0.450, stop_count=0, roi_count=0, nearest_x=inf, clear_frames=163
[INFO] [1783771033.083257468] [unitree_safe_cmd_node]: Move x=0.500, z=0.312, stop_count=0, roi_count=0, nearest_x=inf, clear_frames=169
[INFO] [1783771033.632955934] [unitree_safe_cmd_node]: Move x=0.500, z=0.060, stop_count=0, roi_count=0, nearest_x=inf, clear_frames=174
[INFO] [1783771034.186258329] [unitree_safe_cmd_node]: Move x=0.500, z=-0.001, stop_count=0, roi_count=33, nearest_x=0.73, clear_frames=180
[INFO] [1783771034.732852206] [unitree_safe_cmd_node]: Move x=0.500, z=-0.005, stop_count=0, roi_count=69, nearest_x=0.57, clear_frames=185
[INFO] [1783771035.232978961] [unitree_safe_cmd_node]: Move x=0.500, z=-0.270, stop_count=0, roi_count=96, nearest_x=0.43, clear_frames=190
[WARN] [1783771035.372499325] [unitree_safe_cmd_node]: OBSTACLE DETECTED: stop_count=21, roi_count=58, nearest_x=0.35
[WARN] [1783771035.783717129] [unitree_safe_cmd_node]: SAFE OVERRIDE obstacle: Move x=0.000, z=0.000, raw_x=0.500, raw_z=-0.259, stop_count=2, roi_count=21, nearest_x=0.37, clear_frames=4
[INFO] [1783771035.877492421] [unitree_safe_cmd_node]: obstacle cleared after 5 clear frames, resume move
[INFO] [1783771036.332871217] [unitree_safe_cmd_node]: Move x=0.500, z=-0.222, stop_count=0, roi_count=12, nearest_x=0.59, clear_frames=9
[INFO] [1783771036.832931934] [unitree_safe_cmd_node]: Move x=0.500, z=-0.195, stop_count=0, roi_count=25, nearest_x=0.45, clear_frames=14
[INFO] [1783771037.382942745] [unitree_safe_cmd_node]: Move x=0.500, z=-0.359, stop_count=0, roi_count=1, nearest_x=0.89, clear_frames=20
[INFO] [1783771037.933208817] [unitree_safe_cmd_node]: Move x=0.500, z=-0.290, stop_count=0, roi_count=10, nearest_x=0.45, clear_frames=25
[INFO] [1783771038.482904922] [unitree_safe_cmd_node]: Move x=0.500, z=-0.193, stop_count=2, roi_count=17, nearest_x=0.38, clear_frames=31
[INFO] [1783771038.983094301] [unitree_safe_cmd_node]: Move x=0.500, z=-0.084, stop_count=0, roi_count=17, nearest_x=0.40, clear_frames=36
[INFO] [1783771039.532930670] [unitree_safe_cmd_node]: Move x=0.500, z=-0.075, stop_count=6, roi_count=15, nearest_x=0.35, clear_frames=41
[INFO] [1783771040.033058675] [unitree_safe_cmd_node]: Move x=0.500, z=0.158, stop_count=1, roi_count=23, nearest_x=0.36, clear_frames=46
[INFO] [1783771040.583050133] [unitree_safe_cmd_node]: Move x=0.500, z=0.142, stop_count=0, roi_count=0, nearest_x=inf, clear_frames=52
[INFO] [1783771041.132959246] [unitree_safe_cmd_node]: Move x=0.500, z=0.189, stop_count=0, roi_count=0, nearest_x=inf, clear_frames=57
[INFO] [1783771041.633013383] [unitree_safe_cmd_node]: Move x=0.500, z=0.161, stop_count=0, roi_count=0, nearest_x=inf, clear_frames=62
[INFO] [1783771042.132933594] [unitree_safe_cmd_node]: Move x=0.500, z=0.443, stop_count=0, roi_count=0, nearest_x=inf, clear_frames=67
[INFO] [1783771042.682937823] [unitree_safe_cmd_node]: Move x=0.000, z=0.450, stop_count=0, roi_count=0, nearest_x=inf, clear_frames=73
[INFO] [1783771043.183943426] [unitree_safe_cmd_node]: Move x=0.000, z=0.450, stop_count=0, roi_count=1, nearest_x=0.88, clear_frames=78
[INFO] [1783771043.732985929] [unitree_safe_cmd_node]: Move x=0.000, z=0.450, stop_count=0, roi_count=0, nearest_x=inf, clear_frames=83
[INFO] [1783771044.282967613] [unitree_safe_cmd_node]: Move x=0.000, z=-0.450, stop_count=0, roi_count=0, nearest_x=inf, clear_frames=89
[INFO] [1783771044.783551505] [unitree_safe_cmd_node]: Move x=0.000, z=-0.450, stop_count=0, roi_count=0, nearest_x=inf, clear_frames=94
[INFO] [1783771045.283839146] [unitree_safe_cmd_node]: Move x=0.000, z=-0.450, stop_count=0, roi_count=0, nearest_x=inf, clear_frames=98
[INFO] [1783771045.832945533] [unitree_safe_cmd_node]: Move x=0.000, z=-0.450, stop_count=0, roi_count=0, nearest_x=inf, clear_frames=104
[INFO] [1783771046.382896452] [unitree_safe_cmd_node]: Move x=0.000, z=-0.450, stop_count=0, roi_count=0, nearest_x=inf, clear_frames=110
[INFO] [1783771046.883251012] [unitree_safe_cmd_node]: Move x=0.000, z=-0.450, stop_count=0, roi_count=0, nearest_x=inf, clear_frames=115
[INFO] [1783771047.432930500] [unitree_safe_cmd_node]: Move x=0.000, z=-0.450, stop_count=0, roi_count=0, nearest_x=inf, clear_frames=120
[INFO] [1783771047.982995569] [unitree_safe_cmd_node]: Move x=0.000, z=-0.450, stop_count=0, roi_count=0, nearest_x=inf, clear_frames=126
[INFO] [1783771048.483080548] [unitree_safe_cmd_node]: Move x=0.000, z=-0.450, stop_count=0, roi_count=0, nearest_x=inf, clear_frames=131
[INFO] [1783771048.983033062] [unitree_safe_cmd_node]: Move x=0.250, z=-0.450, stop_count=0, roi_count=0, nearest_x=inf, clear_frames=136
[INFO] [1783771049.532941519] [unitree_safe_cmd_node]: Move x=0.250, z=-0.450, stop_count=0, roi_count=0, nearest_x=inf, clear_frames=141
[INFO] [1783771050.033074244] [unitree_safe_cmd_node]: Move x=0.250, z=-0.450, stop_count=0, roi_count=0, nearest_x=inf, clear_frames=146
[INFO] [1783771050.583007142] [unitree_safe_cmd_node]: Move x=0.250, z=-0.450, stop_count=0, roi_count=0, nearest_x=inf, clear_frames=152
[INFO] [1783771051.133143055] [unitree_safe_cmd_node]: Move x=0.250, z=-0.450, stop_count=0, roi_count=0, nearest_x=inf, clear_frames=157
[INFO] [1783771051.683184954] [unitree_safe_cmd_node]: Move x=0.250, z=-0.450, stop_count=2, roi_count=56, nearest_x=0.38, clear_frames=163
[INFO] [1783771052.232965241] [unitree_safe_cmd_node]: Move x=0.500, z=-0.442, stop_count=9, roi_count=64, nearest_x=0.35, clear_frames=168
[INFO] [1783771052.783697918] [unitree_safe_cmd_node]: Move x=0.500, z=-0.303, stop_count=14, roi_count=61, nearest_x=0.35, clear_frames=174
[WARN] [1783771053.076696876] [unitree_safe_cmd_node]: OBSTACLE DETECTED: stop_count=17, roi_count=71, nearest_x=0.35
[WARN] [1783771053.332978453] [unitree_safe_cmd_node]: SAFE OVERRIDE obstacle: Move x=0.000, z=0.000, raw_x=0.500, raw_z=-0.283, stop_count=12, roi_count=105, nearest_x=0.36, clear_frames=1
[INFO] [1783771053.672359122] [unitree_safe_cmd_node]: obstacle cleared after 5 clear frames, resume move
[INFO] [1783771053.833087535] [unitree_safe_cmd_node]: Move x=0.500, z=-0.141, stop_count=0, roi_count=61, nearest_x=0.62, clear_frames=6
[INFO] [1783771054.382998677] [unitree_safe_cmd_node]: Move x=0.500, z=0.154, stop_count=0, roi_count=0, nearest_x=inf, clear_frames=12
[INFO] [1783771054.932940037] [unitree_safe_cmd_node]: Move x=0.500, z=0.112, stop_count=0, roi_count=0, nearest_x=inf, clear_frames=17
[INFO] [1783771055.483272593] [unitree_safe_cmd_node]: Move x=0.500, z=0.072, stop_count=0, roi_count=0, nearest_x=inf, clear_frames=23
[INFO] [1783771056.033042474] [unitree_safe_cmd_node]: Move x=0.500, z=0.106, stop_count=0, roi_count=0, nearest_x=inf, clear_frames=28
[INFO] [1783771056.582896334] [unitree_safe_cmd_node]: Move x=0.500, z=0.153, stop_count=0, roi_count=0, nearest_x=inf, clear_frames=34
[INFO] [1783771057.132865445] [unitree_safe_cmd_node]: Move x=0.500, z=0.249, stop_count=0, roi_count=0, nearest_x=inf, clear_frames=39
[INFO] [1783771057.682941107] [unitree_safe_cmd_node]: Move x=0.500, z=-0.036, stop_count=0, roi_count=0, nearest_x=inf, clear_frames=45
[INFO] [1783771058.232915462] [unitree_safe_cmd_node]: Move x=0.500, z=-0.029, stop_count=0, roi_count=0, nearest_x=inf, clear_frames=50
[INFO] [1783771058.732894065] [unitree_safe_cmd_node]: Move x=0.500, z=-0.056, stop_count=0, roi_count=0, nearest_x=inf, clear_frames=55
[INFO] [1783771059.232966672] [unitree_safe_cmd_node]: Move x=0.500, z=-0.073, stop_count=0, roi_count=31, nearest_x=0.64, clear_frames=60
[INFO] [1783771059.783572124] [unitree_safe_cmd_node]: Move x=0.500, z=-0.249, stop_count=0, roi_count=121, nearest_x=0.47, clear_frames=66
[INFO] [1783771060.333085459] [unitree_safe_cmd_node]: Move x=0.500, z=-0.213, stop_count=0, roi_count=123, nearest_x=0.50, clear_frames=71
[INFO] [1783771060.882914154] [unitree_safe_cmd_node]: Move x=0.500, z=-0.118, stop_count=0, roi_count=128, nearest_x=0.46, clear_frames=77
[INFO] [1783771061.383218585] [unitree_safe_cmd_node]: Move x=0.500, z=-0.096, stop_count=0, roi_count=36, nearest_x=0.74, clear_frames=82
[INFO] [1783771061.933147167] [unitree_safe_cmd_node]: Move x=0.500, z=-0.020, stop_count=0, roi_count=0, nearest_x=inf, clear_frames=87
[INFO] [1783771062.482872489] [unitree_safe_cmd_node]: Move x=0.500, z=0.115, stop_count=0, roi_count=0, nearest_x=inf, clear_frames=93
[INFO] [1783771062.982918100] [unitree_safe_cmd_node]: Move x=0.500, z=0.121, stop_count=0, roi_count=0, nearest_x=inf, clear_frames=98
[INFO] [1783771063.532921776] [unitree_safe_cmd_node]: Move x=0.500, z=0.244, stop_count=0, roi_count=0, nearest_x=inf, clear_frames=103
[INFO] [1783771064.033531016] [unitree_safe_cmd_node]: Move x=0.500, z=0.273, stop_count=0, roi_count=0, nearest_x=inf, clear_frames=108
[INFO] [1783771064.582876293] [unitree_safe_cmd_node]: Move x=0.500, z=0.377, stop_count=0, roi_count=0, nearest_x=inf, clear_frames=114
[INFO] [1783771065.083051202] [unitree_safe_cmd_node]: Move x=0.500, z=0.121, stop_count=0, roi_count=0, nearest_x=inf, clear_frames=119
[INFO] [1783771065.632894114] [unitree_safe_cmd_node]: Move x=0.500, z=0.025, stop_count=0, roi_count=0, nearest_x=inf, clear_frames=124
[INFO] [1783771066.132982250] [unitree_safe_cmd_node]: Move x=0.500, z=0.038, stop_count=0, roi_count=0, nearest_x=inf, clear_frames=129
[INFO] [1783771066.632932156] [unitree_safe_cmd_node]: Move x=0.500, z=-0.239, stop_count=0, roi_count=0, nearest_x=inf, clear_frames=134
[INFO] [1783771067.182977209] [unitree_safe_cmd_node]: Move x=0.500, z=-0.216, stop_count=0, roi_count=2, nearest_x=0.73, clear_frames=140
[INFO] [1783771067.732892194] [unitree_safe_cmd_node]: Move x=0.500, z=-0.183, stop_count=0, roi_count=41, nearest_x=0.53, clear_frames=144
[INFO] [1783771068.282984454] [unitree_safe_cmd_node]: Move x=0.500, z=-0.320, stop_count=11, roi_count=113, nearest_x=0.37, clear_frames=150
[WARN] [1783771068.479523957] [unitree_safe_cmd_node]: OBSTACLE DETECTED: stop_count=17, roi_count=97, nearest_x=0.35
[WARN] [1783771068.783800342] [unitree_safe_cmd_node]: SAFE OVERRIDE obstacle: Move x=0.000, z=0.000, raw_x=0.500, raw_z=-0.289, stop_count=20, roi_count=51, nearest_x=0.35, clear_frames=0
[WARN] [1783771069.333014839] [unitree_safe_cmd_node]: SAFE OVERRIDE obstacle: Move x=0.000, z=0.000, raw_x=0.500, raw_z=-0.246, stop_count=14, roi_count=47, nearest_x=0.35, clear_frames=1
[WARN] [1783771069.883114013] [unitree_safe_cmd_node]: SAFE OVERRIDE obstacle: Move x=0.000, z=0.000, raw_x=0.500, raw_z=-0.242, stop_count=7, roi_count=38, nearest_x=0.36, clear_frames=2
[INFO] [1783771070.176943107] [unitree_safe_cmd_node]: obstacle cleared after 5 clear frames, resume move
[WARN] [1783771070.276982405] [unitree_safe_cmd_node]: OBSTACLE DETECTED: stop_count=18, roi_count=49, nearest_x=0.36
[WARN] [1783771070.433106349] [unitree_safe_cmd_node]: SAFE OVERRIDE obstacle: Move x=0.000, z=0.000, raw_x=0.500, raw_z=-0.240, stop_count=11, roi_count=35, nearest_x=0.35, clear_frames=1
[INFO] [1783771070.772846316] [unitree_safe_cmd_node]: obstacle cleared after 5 clear frames, resume move
[INFO] [1783771070.982949129] [unitree_safe_cmd_node]: Move x=0.500, z=-0.208, stop_count=6, roi_count=20, nearest_x=0.35, clear_frames=7
[INFO] [1783771071.483022378] [unitree_safe_cmd_node]: Move x=0.500, z=-0.273, stop_count=0, roi_count=0, nearest_x=inf, clear_frames=12
[INFO] [1783771072.032932971] [unitree_safe_cmd_node]: Move x=0.500, z=-0.229, stop_count=0, roi_count=0, nearest_x=inf, clear_frames=17
[INFO] [1783771072.582968987] [unitree_safe_cmd_node]: Move x=0.500, z=-0.012, stop_count=0, roi_count=15, nearest_x=0.65, clear_frames=23
[INFO] [1783771073.083115360] [unitree_safe_cmd_node]: Move x=0.500, z=0.069, stop_count=0, roi_count=19, nearest_x=0.46, clear_frames=28
[INFO] [1783771073.632953268] [unitree_safe_cmd_node]: Move x=0.500, z=-0.125, stop_count=0, roi_count=15, nearest_x=0.77, clear_frames=33
[INFO] [1783771074.132884725] [unitree_safe_cmd_node]: Move x=0.500, z=0.149, stop_count=0, roi_count=17, nearest_x=0.56, clear_frames=38
[INFO] [1783771074.683005126] [unitree_safe_cmd_node]: Move x=0.250, z=0.450, stop_count=0, roi_count=5, nearest_x=0.86, clear_frames=44
[INFO] [1783771075.183146896] [unitree_safe_cmd_node]: Move x=0.000, z=0.450, stop_count=0, roi_count=70, nearest_x=0.58, clear_frames=49
[INFO] [1783771075.732879345] [unitree_safe_cmd_node]: Move x=0.000, z=0.450, stop_count=0, roi_count=7, nearest_x=0.69, clear_frames=54
[INFO] [1783771076.232975477] [unitree_safe_cmd_node]: Move x=0.000, z=0.450, stop_count=0, roi_count=0, nearest_x=inf, clear_frames=59
[INFO] [1783771076.783888252] [unitree_safe_cmd_node]: Move x=0.000, z=0.450, stop_count=0, roi_count=0, nearest_x=inf, clear_frames=65
[INFO] [1783771077.333019964] [unitree_safe_cmd_node]: Move x=0.000, z=0.450, stop_count=0, roi_count=0, nearest_x=inf, clear_frames=70
[INFO] [1783771077.882933862] [unitree_safe_cmd_node]: Move x=0.000, z=0.450, stop_count=0, roi_count=0, nearest_x=inf, clear_frames=76
[INFO] [1783771078.433071479] [unitree_safe_cmd_node]: Move x=0.000, z=0.450, stop_count=0, roi_count=0, nearest_x=inf, clear_frames=81
[INFO] [1783771078.984579590] [unitree_safe_cmd_node]: Move x=0.000, z=0.450, stop_count=0, roi_count=0, nearest_x=inf, clear_frames=87
[INFO] [1783771079.533109611] [unitree_safe_cmd_node]: Move x=0.000, z=-0.450, stop_count=0, roi_count=0, nearest_x=inf, clear_frames=92
[INFO] [1783771080.033056064] [unitree_safe_cmd_node]: Move x=0.000, z=-0.450, stop_count=0, roi_count=0, nearest_x=inf, clear_frames=97
[INFO] [1783771080.582895400] [unitree_safe_cmd_node]: Move x=0.000, z=-0.450, stop_count=0, roi_count=0, nearest_x=inf, clear_frames=103
[INFO] [1783771081.083049283] [unitree_safe_cmd_node]: Move x=0.000, z=-0.450, stop_count=0, roi_count=0, nearest_x=inf, clear_frames=108
[INFO] [1783771081.583175175] [unitree_safe_cmd_node]: Move x=0.000, z=-0.450, stop_count=0, roi_count=0, nearest_x=inf, clear_frames=113
[INFO] [1783771082.132895610] [unitree_safe_cmd_node]: Move x=0.000, z=-0.450, stop_count=0, roi_count=0, nearest_x=inf, clear_frames=118
[INFO] [1783771082.632901323] [unitree_safe_cmd_node]: Move x=0.000, z=-0.450, stop_count=0, roi_count=0, nearest_x=inf, clear_frames=123
[INFO] [1783771083.182940351] [unitree_safe_cmd_node]: Move x=0.000, z=-0.450, stop_count=0, roi_count=0, nearest_x=inf, clear_frames=129
[INFO] [1783771083.732894149] [unitree_safe_cmd_node]: Move x=0.000, z=-0.450, stop_count=0, roi_count=0, nearest_x=inf, clear_frames=133
[INFO] [1783771084.282933746] [unitree_safe_cmd_node]: Move x=0.000, z=-0.450, stop_count=0, roi_count=0, nearest_x=inf, clear_frames=139
[INFO] [1783771084.784080366] [unitree_safe_cmd_node]: Move x=0.000, z=0.450, stop_count=0, roi_count=0, nearest_x=inf, clear_frames=144
[INFO] [1783771085.286047365] [unitree_safe_cmd_node]: Move x=0.000, z=0.450, stop_count=0, roi_count=0, nearest_x=inf, clear_frames=149
[INFO] [1783771085.791059139] [unitree_safe_cmd_node]: Move x=0.000, z=0.450, stop_count=0, roi_count=0, nearest_x=inf, clear_frames=154
[INFO] [1783771086.332920364] [unitree_safe_cmd_node]: Move x=0.000, z=0.450, stop_count=0, roi_count=0, nearest_x=inf, clear_frames=159
[INFO] [1783771086.882990337] [unitree_safe_cmd_node]: Move x=0.000, z=0.450, stop_count=0, roi_count=0, nearest_x=inf, clear_frames=165
[INFO] [1783771087.382951337] [unitree_safe_cmd_node]: Move x=0.000, z=0.450, stop_count=0, roi_count=0, nearest_x=inf, clear_frames=170
[INFO] [1783771087.882976363] [unitree_safe_cmd_node]: Move x=0.000, z=0.450, stop_count=0, roi_count=0, nearest_x=inf, clear_frames=175
[INFO] [1783771088.432959622] [unitree_safe_cmd_node]: Move x=0.000, z=0.450, stop_count=0, roi_count=0, nearest_x=inf, clear_frames=180
[INFO] [1783771088.983008344] [unitree_safe_cmd_node]: Move x=0.000, z=0.450, stop_count=0, roi_count=0, nearest_x=inf, clear_frames=186
[INFO] [1783771089.483024367] [unitree_safe_cmd_node]: Move x=0.000, z=0.450, stop_count=0, roi_count=34, nearest_x=0.46, clear_frames=191
[INFO] [1783771089.983185445] [unitree_safe_cmd_node]: Move x=0.000, z=0.450, stop_count=0, roi_count=48, nearest_x=0.43, clear_frames=195
[INFO] [1783771090.532803483] [unitree_safe_cmd_node]: Move x=0.000, z=-0.450, stop_count=0, roi_count=21, nearest_x=0.43, clear_frames=201
[INFO] [1783771091.082977111] [unitree_safe_cmd_node]: Move x=0.000, z=-0.450, stop_count=2, roi_count=39, nearest_x=0.37, clear_frames=207
[INFO] [1783771091.632951166] [unitree_safe_cmd_node]: Move x=0.000, z=-0.450, stop_count=0, roi_count=33, nearest_x=0.47, clear_frames=212
[INFO] [1783771092.132864029] [unitree_safe_cmd_node]: Move x=0.000, z=-0.450, stop_count=0, roi_count=55, nearest_x=0.51, clear_frames=217
[INFO] [1783771092.682973535] [unitree_safe_cmd_node]: Move x=0.000, z=-0.450, stop_count=0, roi_count=77, nearest_x=0.50, clear_frames=223
[INFO] [1783771093.182892350] [unitree_safe_cmd_node]: Move x=0.000, z=-0.450, stop_count=0, roi_count=130, nearest_x=0.49, clear_frames=228
[INFO] [1783771093.732836558] [unitree_safe_cmd_node]: Move x=0.000, z=-0.450, stop_count=0, roi_count=161, nearest_x=0.45, clear_frames=233
[INFO] [1783771094.282867752] [unitree_safe_cmd_node]: Move x=0.000, z=-0.450, stop_count=0, roi_count=148, nearest_x=0.46, clear_frames=239
[INFO] [1783771094.783556128] [unitree_safe_cmd_node]: Move x=0.000, z=-0.450, stop_count=0, roi_count=144, nearest_x=0.45, clear_frames=244
[INFO] [1783771095.332843587] [unitree_safe_cmd_node]: Move x=0.000, z=-0.450, stop_count=0, roi_count=148, nearest_x=0.45, clear_frames=249
[INFO] [1783771095.833046845] [unitree_safe_cmd_node]: Move x=0.000, z=-0.450, stop_count=0, roi_count=127, nearest_x=0.45, clear_frames=254
[INFO] [1783771096.382934302] [unitree_safe_cmd_node]: Move x=0.250, z=-0.450, stop_count=0, roi_count=98, nearest_x=0.50, clear_frames=260
[INFO] [1783771096.882990997] [unitree_safe_cmd_node]: Move x=0.250, z=-0.450, stop_count=0, roi_count=37, nearest_x=0.47, clear_frames=265
[INFO] [1783771097.432852706] [unitree_safe_cmd_node]: Move x=0.250, z=-0.450, stop_count=0, roi_count=10, nearest_x=0.59, clear_frames=270
[INFO] [1783771097.982982806] [unitree_safe_cmd_node]: Move x=0.500, z=-0.371, stop_count=0, roi_count=0, nearest_x=inf, clear_frames=276
[INFO] [1783771098.484598725] [unitree_safe_cmd_node]: Move x=0.500, z=-0.317, stop_count=0, roi_count=0, nearest_x=inf, clear_frames=281
[INFO] [1783771099.032900866] [unitree_safe_cmd_node]: Move x=0.500, z=-0.250, stop_count=0, roi_count=0, nearest_x=inf, clear_frames=286
[INFO] [1783771099.533001472] [unitree_safe_cmd_node]: Move x=0.500, z=-0.269, stop_count=0, roi_count=0, nearest_x=inf, clear_frames=291
[INFO] [1783771100.033003325] [unitree_safe_cmd_node]: Move x=0.500, z=-0.280, stop_count=0, roi_count=0, nearest_x=inf, clear_frames=296
[INFO] [1783771100.582921088] [unitree_safe_cmd_node]: Move x=0.500, z=-0.358, stop_count=0, roi_count=0, nearest_x=inf, clear_frames=302
[INFO] [1783771101.082955888] [unitree_safe_cmd_node]: Move x=0.500, z=-0.269, stop_count=0, roi_count=0, nearest_x=inf, clear_frames=307
[INFO] [1783771101.632867095] [unitree_safe_cmd_node]: Move x=0.500, z=-0.262, stop_count=0, roi_count=0, nearest_x=inf, clear_frames=312
[INFO] [1783771102.132884122] [unitree_safe_cmd_node]: Move x=0.500, z=-0.259, stop_count=0, roi_count=70, nearest_x=0.63, clear_frames=317
[INFO] [1783771102.633034385] [unitree_safe_cmd_node]: Move x=0.250, z=-0.450, stop_count=0, roi_count=114, nearest_x=0.49, clear_frames=322
[WARN] [1783771102.976523265] [unitree_safe_cmd_node]: OBSTACLE DETECTED: stop_count=31, roi_count=76, nearest_x=0.35
[WARN] [1783771103.183027788] [unitree_safe_cmd_node]: SAFE OVERRIDE obstacle: Move x=0.000, z=0.000, raw_x=0.500, raw_z=-0.346, stop_count=3, roi_count=3, nearest_x=0.35, clear_frames=1
[WARN] [1783771103.682981647] [unitree_safe_cmd_node]: SAFE OVERRIDE obstacle: Move x=0.000, z=0.000, raw_x=0.500, raw_z=-0.376, stop_count=24, roi_count=50, nearest_x=0.35, clear_frames=0
[WARN] [1783771104.183006874] [unitree_safe_cmd_node]: SAFE OVERRIDE obstacle: Move x=0.000, z=0.000, raw_x=0.500, raw_z=-0.370, stop_count=10, roi_count=16, nearest_x=0.35, clear_frames=1
[INFO] [1783771104.580470330] [unitree_safe_cmd_node]: obstacle cleared after 5 clear frames, resume move
[INFO] [1783771104.682931208] [unitree_safe_cmd_node]: Move x=0.500, z=-0.375, stop_count=11, roi_count=16, nearest_x=0.35, clear_frames=6
[INFO] [1783771105.182976497] [unitree_safe_cmd_node]: Move x=0.500, z=-0.413, stop_count=0, roi_count=0, nearest_x=inf, clear_frames=11
[INFO] [1783771105.732867313] [unitree_safe_cmd_node]: Move x=0.500, z=-0.342, stop_count=0, roi_count=0, nearest_x=inf, clear_frames=16
[INFO] [1783771106.232889376] [unitree_safe_cmd_node]: Move x=0.500, z=-0.308, stop_count=0, roi_count=0, nearest_x=inf, clear_frames=21
[INFO] [1783771106.733141816] [unitree_safe_cmd_node]: Move x=0.500, z=-0.210, stop_count=0, roi_count=0, nearest_x=inf, clear_frames=26
[INFO] [1783771107.282929707] [unitree_safe_cmd_node]: Move x=0.500, z=-0.123, stop_count=0, roi_count=23, nearest_x=0.68, clear_frames=32
[INFO] [1783771107.783661428] [unitree_safe_cmd_node]: Move x=0.500, z=-0.095, stop_count=3, roi_count=48, nearest_x=0.38, clear_frames=37
[INFO] [1783771108.333977960] [unitree_safe_cmd_node]: Move x=0.500, z=0.006, stop_count=0, roi_count=12, nearest_x=0.45, clear_frames=42
[INFO] [1783771108.883076738] [unitree_safe_cmd_node]: Move x=0.500, z=0.062, stop_count=0, roi_count=0, nearest_x=inf, clear_frames=48
[INFO] [1783771109.382974226] [unitree_safe_cmd_node]: Move x=0.500, z=0.033, stop_count=0, roi_count=3, nearest_x=0.72, clear_frames=53
[INFO] [1783771109.932979068] [unitree_safe_cmd_node]: Move x=0.500, z=0.035, stop_count=0, roi_count=0, nearest_x=inf, clear_frames=58
[INFO] [1783771110.433055040] [unitree_safe_cmd_node]: Move x=0.500, z=0.029, stop_count=0, roi_count=0, nearest_x=inf, clear_frames=63
[INFO] [1783771110.933430685] [unitree_safe_cmd_node]: Move x=0.500, z=0.015, stop_count=0, roi_count=0, nearest_x=inf, clear_frames=68
[INFO] [1783771111.482910276] [unitree_safe_cmd_node]: Move x=0.500, z=0.030, stop_count=0, roi_count=0, nearest_x=inf, clear_frames=74
[INFO] [1783771111.982934578] [unitree_safe_cmd_node]: Move x=0.500, z=0.085, stop_count=0, roi_count=0, nearest_x=inf, clear_frames=79
[INFO] [1783771112.483367629] [unitree_safe_cmd_node]: Move x=0.500, z=0.237, stop_count=0, roi_count=0, nearest_x=inf, clear_frames=84
[INFO] [1783771113.032878759] [unitree_safe_cmd_node]: Move x=0.500, z=0.246, stop_count=0, roi_count=0, nearest_x=inf, clear_frames=89
[INFO] [1783771113.582922322] [unitree_safe_cmd_node]: Move x=0.500, z=0.223, stop_count=0, roi_count=0, nearest_x=inf, clear_frames=95
[INFO] [1783771114.132920133] [unitree_safe_cmd_node]: Move x=0.500, z=0.219, stop_count=0, roi_count=0, nearest_x=inf, clear_frames=100
[INFO] [1783771114.633416503] [unitree_safe_cmd_node]: Move x=0.500, z=0.434, stop_count=0, roi_count=0, nearest_x=inf, clear_frames=105
[INFO] [1783771115.183061236] [unitree_safe_cmd_node]: Move x=0.250, z=0.450, stop_count=0, roi_count=40, nearest_x=0.59, clear_frames=111
[INFO] [1783771115.683088364] [unitree_safe_cmd_node]: Move x=0.250, z=0.450, stop_count=0, roi_count=0, nearest_x=inf, clear_frames=116
[INFO] [1783771116.233356536] [unitree_safe_cmd_node]: Move x=0.000, z=0.450, stop_count=0, roi_count=0, nearest_x=inf, clear_frames=121
[INFO] [1783771116.733178720] [unitree_safe_cmd_node]: Move x=0.000, z=0.450, stop_count=0, roi_count=0, nearest_x=inf, clear_frames=125
[INFO] [1783771117.233250444] [unitree_safe_cmd_node]: Move x=0.000, z=0.450, stop_count=0, roi_count=0, nearest_x=inf, clear_frames=126
[INFO] [1783771117.783129524] [unitree_safe_cmd_node]: Move x=0.000, z=0.450, stop_count=0, roi_count=0, nearest_x=inf, clear_frames=128
[INFO] [1783771118.283135313] [unitree_safe_cmd_node]: Move x=0.000, z=0.450, stop_count=0, roi_count=0, nearest_x=inf, clear_frames=131
[INFO] [1783771118.783389598] [unitree_safe_cmd_node]: Move x=0.000, z=0.450, stop_count=0, roi_count=0, nearest_x=inf, clear_frames=135
[INFO] [1783771119.285967468] [unitree_safe_cmd_node]: Move x=0.000, z=0.450, stop_count=0, roi_count=0, nearest_x=inf, clear_frames=138
[INFO] [1783771119.788793982] [unitree_safe_cmd_node]: Move x=0.000, z=0.450, stop_count=0, roi_count=0, nearest_x=inf, clear_frames=140
[INFO] [1783771120.332916572] [unitree_safe_cmd_node]: Move x=0.250, z=0.450, stop_count=0, roi_count=0, nearest_x=inf, clear_frames=142
[INFO] [1783771120.833113718] [unitree_safe_cmd_node]: Move x=0.250, z=0.450, stop_count=0, roi_count=0, nearest_x=inf, clear_frames=144
[INFO] [1783771121.383264878] [unitree_safe_cmd_node]: Move x=0.250, z=0.450, stop_count=0, roi_count=0, nearest_x=inf, clear_frames=146
[INFO] [1783771121.933046807] [unitree_safe_cmd_node]: Move x=0.250, z=0.450, stop_count=0, roi_count=0, nearest_x=inf, clear_frames=149
[INFO] [1783771122.433200722] [unitree_safe_cmd_node]: Move x=0.250, z=0.450, stop_count=0, roi_count=0, nearest_x=inf, clear_frames=151
[INFO] [1783771122.982970931] [unitree_safe_cmd_node]: Move x=0.000, z=0.450, stop_count=0, roi_count=0, nearest_x=inf, clear_frames=154
[INFO] [1783771123.532893521] [unitree_safe_cmd_node]: Move x=0.000, z=0.450, stop_count=0, roi_count=0, nearest_x=inf, clear_frames=156
[INFO] [1783771124.034918369] [unitree_safe_cmd_node]: Move x=0.000, z=0.450, stop_count=0, roi_count=0, nearest_x=inf, clear_frames=159
[INFO] [1783771124.583026390] [unitree_safe_cmd_node]: Move x=0.000, z=0.450, stop_count=0, roi_count=0, nearest_x=inf, clear_frames=161
[INFO] [1783771125.083066094] [unitree_safe_cmd_node]: Move x=0.250, z=0.450, stop_count=0, roi_count=0, nearest_x=inf, clear_frames=165
[INFO] [1783771125.632949604] [unitree_safe_cmd_node]: Move x=0.250, z=0.450, stop_count=0, roi_count=0, nearest_x=inf, clear_frames=170
[INFO] [1783771126.133062278] [unitree_safe_cmd_node]: Move x=0.250, z=0.450, stop_count=0, roi_count=0, nearest_x=inf, clear_frames=176
[INFO] [1783771126.633134982] [unitree_safe_cmd_node]: Move x=0.000, z=0.450, stop_count=0, roi_count=0, nearest_x=inf, clear_frames=182
[INFO] [1783771127.133628781] [unitree_safe_cmd_node]: Move x=0.000, z=0.450, stop_count=0, roi_count=0, nearest_x=inf, clear_frames=187
[INFO] [1783771127.683004694] [unitree_safe_cmd_node]: Move x=0.000, z=0.450, stop_count=0, roi_count=0, nearest_x=inf, clear_frames=194
[INFO] [1783771128.233125484] [unitree_safe_cmd_node]: Move x=0.000, z=0.450, stop_count=0, roi_count=0, nearest_x=inf, clear_frames=200
[INFO] [1783771128.784369266] [unitree_safe_cmd_node]: Move x=0.000, z=0.450, stop_count=0, roi_count=0, nearest_x=inf, clear_frames=206
[INFO] [1783771129.333322752] [unitree_safe_cmd_node]: Move x=0.000, z=0.450, stop_count=0, roi_count=0, nearest_x=inf, clear_frames=211
[INFO] [1783771129.833783335] [unitree_safe_cmd_node]: Move x=0.000, z=0.450, stop_count=0, roi_count=0, nearest_x=inf, clear_frames=216
[INFO] [1783771130.383069292] [unitree_safe_cmd_node]: Move x=0.000, z=0.450, stop_count=0, roi_count=0, nearest_x=inf, clear_frames=223
[INFO] [1783771130.883568724] [unitree_safe_cmd_node]: Move x=0.000, z=0.450, stop_count=0, roi_count=0, nearest_x=inf, clear_frames=228
[INFO] [1783771131.437670749] [unitree_safe_cmd_node]: Move x=0.000, z=0.450, stop_count=0, roi_count=0, nearest_x=inf, clear_frames=235
[INFO] [1783771131.983285168] [unitree_safe_cmd_node]: Move x=0.000, z=0.450, stop_count=0, roi_count=11, nearest_x=0.64, clear_frames=241
[INFO] [1783771132.532912455] [unitree_safe_cmd_node]: Move x=0.000, z=0.450, stop_count=0, roi_count=22, nearest_x=0.52, clear_frames=247
[INFO] [1783771133.032942726] [unitree_safe_cmd_node]: Move x=0.000, z=0.450, stop_count=0, roi_count=87, nearest_x=0.46, clear_frames=253
[INFO] [1783771133.533638516] [unitree_safe_cmd_node]: Move x=0.000, z=0.450, stop_count=0, roi_count=124, nearest_x=0.44, clear_frames=258
[INFO] [1783771134.084348334] [unitree_safe_cmd_node]: Move x=0.000, z=0.450, stop_count=0, roi_count=114, nearest_x=0.45, clear_frames=265
[INFO] [1783771134.632895366] [unitree_safe_cmd_node]: Move x=0.000, z=0.450, stop_count=0, roi_count=0, nearest_x=inf, clear_frames=271
[INFO] [1783771135.133027200] [unitree_safe_cmd_node]: Move x=0.000, z=0.450, stop_count=0, roi_count=0, nearest_x=inf, clear_frames=276
[INFO] [1783771135.637612163] [unitree_safe_cmd_node]: Move x=0.000, z=0.450, stop_count=0, roi_count=0, nearest_x=inf, clear_frames=279
[INFO] [1783771136.182908756] [unitree_safe_cmd_node]: Move x=0.000, z=-0.450, stop_count=0, roi_count=0, nearest_x=inf, clear_frames=284
[INFO] [1783771136.732923760] [unitree_safe_cmd_node]: Move x=0.000, z=-0.450, stop_count=0, roi_count=0, nearest_x=inf, clear_frames=290
[INFO] [1783771137.233057347] [unitree_safe_cmd_node]: Move x=0.000, z=-0.450, stop_count=0, roi_count=0, nearest_x=inf, clear_frames=296
[INFO] [1783771137.783801242] [unitree_safe_cmd_node]: Move x=0.000, z=-0.450, stop_count=0, roi_count=0, nearest_x=inf, clear_frames=302
[INFO] [1783771138.332940970] [unitree_safe_cmd_node]: Move x=0.000, z=-0.450, stop_count=0, roi_count=0, nearest_x=inf, clear_frames=307
[INFO] [1783771138.833400408] [unitree_safe_cmd_node]: Move x=0.000, z=-0.450, stop_count=0, roi_count=0, nearest_x=inf, clear_frames=312
[INFO] [1783771139.383092073] [unitree_safe_cmd_node]: Move x=0.000, z=-0.450, stop_count=0, roi_count=1, nearest_x=0.44, clear_frames=318
[INFO] [1783771139.932834148] [unitree_safe_cmd_node]: Move x=0.000, z=-0.450, stop_count=0, roi_count=2, nearest_x=0.47, clear_frames=323
[INFO] [1783771140.433509527] [unitree_safe_cmd_node]: Move x=0.000, z=-0.450, stop_count=0, roi_count=1, nearest_x=0.44, clear_frames=328
[INFO] [1783771140.983107782] [unitree_safe_cmd_node]: Move x=0.250, z=-0.450, stop_count=1, roi_count=11, nearest_x=0.39, clear_frames=334
[WARN] [1783771141.199541422] [unitree_safe_cmd_node]: OBSTACLE DETECTED: stop_count=17, roi_count=42, nearest_x=0.35
[WARN] [1783771141.486028723] [unitree_safe_cmd_node]: SAFE OVERRIDE obstacle: Move x=0.000, z=0.000, raw_x=0.250, raw_z=-0.450, stop_count=11, roi_count=16, nearest_x=0.35, clear_frames=3
[INFO] [1783771141.679498978] [unitree_safe_cmd_node]: obstacle cleared after 5 clear frames, resume move
[INFO] [1783771141.987083951] [unitree_safe_cmd_node]: Move x=0.250, z=-0.450, stop_count=0, roi_count=0, nearest_x=inf, clear_frames=8
[INFO] [1783771142.533560062] [unitree_safe_cmd_node]: Move x=0.250, z=-0.450, stop_count=0, roi_count=0, nearest_x=inf, clear_frames=13
[INFO] [1783771143.082894205] [unitree_safe_cmd_node]: Move x=0.250, z=-0.450, stop_count=0, roi_count=0, nearest_x=inf, clear_frames=19
[INFO] [1783771143.633003082] [unitree_safe_cmd_node]: Move x=0.500, z=-0.411, stop_count=0, roi_count=0, nearest_x=inf, clear_frames=24
[INFO] [1783771144.132995281] [unitree_safe_cmd_node]: Move x=0.500, z=-0.350, stop_count=0, roi_count=0, nearest_x=inf, clear_frames=29
[INFO] [1783771144.683125061] [unitree_safe_cmd_node]: Move x=0.500, z=-0.256, stop_count=0, roi_count=0, nearest_x=inf, clear_frames=35
[INFO] [1783771145.232899892] [unitree_safe_cmd_node]: Move x=0.500, z=-0.256, stop_count=0, roi_count=0, nearest_x=inf, clear_frames=40
[INFO] [1783771145.733666333] [unitree_safe_cmd_node]: Move x=0.500, z=-0.443, stop_count=0, roi_count=0, nearest_x=inf, clear_frames=45
[INFO] [1783771146.282945716] [unitree_safe_cmd_node]: Move x=0.500, z=-0.381, stop_count=0, roi_count=0, nearest_x=inf, clear_frames=51
[INFO] [1783771146.783581024] [unitree_safe_cmd_node]: Move x=0.500, z=-0.395, stop_count=0, roi_count=0, nearest_x=inf, clear_frames=55
[INFO] [1783771147.332964306] [unitree_safe_cmd_node]: Move x=0.500, z=-0.381, stop_count=0, roi_count=10, nearest_x=0.57, clear_frames=61
[INFO] [1783771147.833140989] [unitree_safe_cmd_node]: Move x=0.500, z=-0.416, stop_count=0, roi_count=14, nearest_x=0.68, clear_frames=66
[INFO] [1783771148.382935918] [unitree_safe_cmd_node]: Move x=0.250, z=-0.450, stop_count=0, roi_count=0, nearest_x=inf, clear_frames=72
[INFO] [1783771148.882907888] [unitree_safe_cmd_node]: Move x=0.000, z=-0.450, stop_count=0, roi_count=0, nearest_x=inf, clear_frames=77
[INFO] [1783771149.389327240] [unitree_safe_cmd_node]: Move x=0.000, z=-0.450, stop_count=0, roi_count=0, nearest_x=inf, clear_frames=82
[INFO] [1783771149.933298081] [unitree_safe_cmd_node]: Move x=0.000, z=-0.450, stop_count=0, roi_count=0, nearest_x=inf, clear_frames=87
[INFO] [1783771150.483034663] [unitree_safe_cmd_node]: Move x=0.000, z=-0.450, stop_count=0, roi_count=0, nearest_x=inf, clear_frames=93
[INFO] [1783771151.032880111] [unitree_safe_cmd_node]: Move x=0.000, z=-0.450, stop_count=0, roi_count=0, nearest_x=inf, clear_frames=98
[INFO] [1783771151.533046667] [unitree_safe_cmd_node]: Move x=0.000, z=-0.450, stop_count=0, roi_count=0, nearest_x=inf, clear_frames=103
[INFO] [1783771152.083820044] [unitree_safe_cmd_node]: Move x=0.000, z=-0.450, stop_count=0, roi_count=0, nearest_x=inf, clear_frames=109
[INFO] [1783771152.584864593] [unitree_safe_cmd_node]: Move x=0.000, z=-0.450, stop_count=0, roi_count=0, nearest_x=inf, clear_frames=113
[INFO] [1783771153.132944044] [unitree_safe_cmd_node]: Move x=0.000, z=-0.450, stop_count=0, roi_count=0, nearest_x=inf, clear_frames=118
[INFO] [1783771153.684303237] [unitree_safe_cmd_node]: Move x=0.000, z=-0.450, stop_count=0, roi_count=0, nearest_x=inf, clear_frames=124
[INFO] [1783771154.232968176] [unitree_safe_cmd_node]: Move x=0.000, z=-0.450, stop_count=0, roi_count=0, nearest_x=inf, clear_frames=129
[INFO] [1783771154.732886417] [unitree_safe_cmd_node]: Move x=0.000, z=0.450, stop_count=0, roi_count=0, nearest_x=inf, clear_frames=134
[INFO] [1783771155.233156650] [unitree_safe_cmd_node]: Move x=0.000, z=0.450, stop_count=0, roi_count=0, nearest_x=inf, clear_frames=139
[INFO] [1783771155.733084488] [unitree_safe_cmd_node]: Move x=0.000, z=0.450, stop_count=0, roi_count=0, nearest_x=inf, clear_frames=144
[INFO] [1783771156.233263804] [unitree_safe_cmd_node]: Move x=0.000, z=0.450, stop_count=0, roi_count=0, nearest_x=inf, clear_frames=149
[INFO] [1783771156.786698616] [unitree_safe_cmd_node]: Move x=0.000, z=0.450, stop_count=0, roi_count=0, nearest_x=inf, clear_frames=155
[INFO] [1783771157.333059572] [unitree_safe_cmd_node]: Move x=0.000, z=0.450, stop_count=0, roi_count=0, nearest_x=inf, clear_frames=160
[INFO] [1783771157.882913071] [unitree_safe_cmd_node]: Move x=0.000, z=0.450, stop_count=0, roi_count=0, nearest_x=inf, clear_frames=166
[INFO] [1783771158.383633977] [unitree_safe_cmd_node]: Move x=0.000, z=0.450, stop_count=0, roi_count=0, nearest_x=inf, clear_frames=171
[INFO] [1783771158.885880121] [unitree_safe_cmd_node]: Move x=0.000, z=0.450, stop_count=0, roi_count=0, nearest_x=inf, clear_frames=176
[INFO] [1783771159.437407763] [unitree_safe_cmd_node]: Move x=0.000, z=0.450, stop_count=0, roi_count=0, nearest_x=inf, clear_frames=181
[INFO] [1783771159.983244252] [unitree_safe_cmd_node]: Move x=0.000, z=0.450, stop_count=0, roi_count=0, nearest_x=inf, clear_frames=187
[INFO] [1783771160.533042837] [unitree_safe_cmd_node]: Move x=0.000, z=0.450, stop_count=0, roi_count=0, nearest_x=inf, clear_frames=192
[INFO] [1783771161.084265514] [unitree_safe_cmd_node]: Move x=0.000, z=0.450, stop_count=0, roi_count=0, nearest_x=inf, clear_frames=197
[INFO] [1783771161.632920150] [unitree_safe_cmd_node]: Move x=0.000, z=0.450, stop_count=0, roi_count=0, nearest_x=inf, clear_frames=202
[INFO] [1783771162.132870281] [unitree_safe_cmd_node]: Move x=0.000, z=0.450, stop_count=0, roi_count=0, nearest_x=inf, clear_frames=207
[INFO] [1783771162.684344542] [unitree_safe_cmd_node]: Move x=0.000, z=0.450, stop_count=0, roi_count=0, nearest_x=inf, clear_frames=213
[INFO] [1783771163.233354105] [unitree_safe_cmd_node]: Move x=0.000, z=0.450, stop_count=0, roi_count=0, nearest_x=inf, clear_frames=218
[INFO] [1783771163.785623414] [unitree_safe_cmd_node]: Move x=0.000, z=0.450, stop_count=0, roi_count=0, nearest_x=inf, clear_frames=224
[INFO] [1783771164.332910287] [unitree_safe_cmd_node]: Move x=0.000, z=0.450, stop_count=0, roi_count=0, nearest_x=inf, clear_frames=229
[INFO] [1783771164.882950402] [unitree_safe_cmd_node]: Move x=0.000, z=0.450, stop_count=0, roi_count=0, nearest_x=inf, clear_frames=235
[INFO] [1783771165.433819702] [unitree_safe_cmd_node]: Move x=0.000, z=0.450, stop_count=0, roi_count=0, nearest_x=inf, clear_frames=240
[INFO] [1783771165.983522497] [unitree_safe_cmd_node]: Move x=0.250, z=0.450, stop_count=0, roi_count=0, nearest_x=inf, clear_frames=246
[INFO] [1783771166.486063778] [unitree_safe_cmd_node]: Move x=0.250, z=0.450, stop_count=8, roi_count=14, nearest_x=0.35, clear_frames=251
[WARN] [1783771166.709571771] [unitree_safe_cmd_node]: OBSTACLE DETECTED: stop_count=17, roi_count=48, nearest_x=0.35
[WARN] [1783771167.032982174] [unitree_safe_cmd_node]: SAFE OVERRIDE obstacle: Move x=0.000, z=0.000, raw_x=0.500, raw_z=0.382, stop_count=18, roi_count=71, nearest_x=0.35, clear_frames=0
[INFO] [1783771167.480081104] [unitree_safe_cmd_node]: obstacle cleared after 5 clear frames, resume move
[INFO] [1783771167.532865256] [unitree_safe_cmd_node]: Move x=0.500, z=0.394, stop_count=0, roi_count=101, nearest_x=0.53, clear_frames=5
[INFO] [1783771168.033084977] [unitree_safe_cmd_node]: Move x=0.500, z=0.332, stop_count=0, roi_count=122, nearest_x=0.46, clear_frames=10
[INFO] [1783771168.583038685] [unitree_safe_cmd_node]: Move x=0.500, z=0.318, stop_count=0, roi_count=101, nearest_x=0.47, clear_frames=16
[INFO] [1783771169.083150232] [unitree_safe_cmd_node]: Move x=0.500, z=0.278, stop_count=0, roi_count=26, nearest_x=0.76, clear_frames=20
[INFO] [1783771169.632894059] [unitree_safe_cmd_node]: Move x=0.500, z=0.380, stop_count=0, roi_count=6, nearest_x=0.60, clear_frames=25
[INFO] [1783771170.133315032] [unitree_safe_cmd_node]: Move x=0.250, z=0.450, stop_count=0, roi_count=0, nearest_x=inf, clear_frames=30
[INFO] [1783771170.686427867] [unitree_safe_cmd_node]: Move x=0.000, z=0.450, stop_count=0, roi_count=0, nearest_x=inf, clear_frames=36
[INFO] [1783771171.232855720] [unitree_safe_cmd_node]: Move x=0.000, z=0.450, stop_count=0, roi_count=0, nearest_x=inf, clear_frames=41
[INFO] [1783771171.732854034] [unitree_safe_cmd_node]: Move x=0.000, z=0.450, stop_count=0, roi_count=0, nearest_x=inf, clear_frames=46
[INFO] [1783771172.232868100] [unitree_safe_cmd_node]: Move x=0.000, z=0.450, stop_count=0, roi_count=0, nearest_x=inf, clear_frames=51
[INFO] [1783771172.734603135] [unitree_safe_cmd_node]: Move x=0.000, z=-0.450, stop_count=0, roi_count=0, nearest_x=inf, clear_frames=56
[INFO] [1783771173.234414198] [unitree_safe_cmd_node]: Move x=0.000, z=-0.450, stop_count=0, roi_count=0, nearest_x=inf, clear_frames=61
[INFO] [1783771173.791050797] [unitree_safe_cmd_node]: Move x=0.000, z=-0.450, stop_count=0, roi_count=0, nearest_x=inf, clear_frames=67
[INFO] [1783771174.334484257] [unitree_safe_cmd_node]: Move x=0.000, z=-0.450, stop_count=0, roi_count=0, nearest_x=inf, clear_frames=72
[INFO] [1783771174.882971058] [unitree_safe_cmd_node]: Move x=0.000, z=-0.450, stop_count=0, roi_count=0, nearest_x=inf, clear_frames=78
[INFO] [1783771175.432880033] [unitree_safe_cmd_node]: Move x=0.000, z=-0.450, stop_count=0, roi_count=2, nearest_x=0.87, clear_frames=83
[INFO] [1783771175.933022848] [unitree_safe_cmd_node]: Move x=0.000, z=-0.450, stop_count=0, roi_count=6, nearest_x=0.83, clear_frames=88
[INFO] [1783771176.483094254] [unitree_safe_cmd_node]: Move x=0.000, z=-0.450, stop_count=0, roi_count=14, nearest_x=0.77, clear_frames=94
[INFO] [1783771176.990462071] [unitree_safe_cmd_node]: Move x=0.000, z=-0.450, stop_count=0, roi_count=14, nearest_x=0.78, clear_frames=99
[INFO] [1783771177.532934783] [unitree_safe_cmd_node]: Move x=0.000, z=-0.450, stop_count=0, roi_count=9, nearest_x=0.76, clear_frames=104
[INFO] [1783771178.082908070] [unitree_safe_cmd_node]: Move x=0.000, z=-0.450, stop_count=0, roi_count=8, nearest_x=0.74, clear_frames=110
[INFO] [1783771178.583256217] [unitree_safe_cmd_node]: Move x=0.000, z=-0.450, stop_count=0, roi_count=0, nearest_x=inf, clear_frames=115
[INFO] [1783771179.133028224] [unitree_safe_cmd_node]: Move x=0.000, z=-0.450, stop_count=0, roi_count=1, nearest_x=0.86, clear_frames=120
[INFO] [1783771179.687150625] [unitree_safe_cmd_node]: Move x=0.250, z=-0.450, stop_count=0, roi_count=0, nearest_x=inf, clear_frames=126
[INFO] [1783771180.230173588] [unitree_safe_cmd_node]: Move x=0.250, z=-0.450, stop_count=0, roi_count=0, nearest_x=inf, clear_frames=131
[INFO] [1783771180.736498573] [unitree_safe_cmd_node]: Move x=0.250, z=-0.450, stop_count=0, roi_count=0, nearest_x=inf, clear_frames=136
[INFO] [1783771181.282952669] [unitree_safe_cmd_node]: Move x=0.500, z=-0.427, stop_count=0, roi_count=0, nearest_x=inf, clear_frames=142
[INFO] [1783771181.784110382] [unitree_safe_cmd_node]: Move x=0.500, z=-0.367, stop_count=0, roi_count=0, nearest_x=inf, clear_frames=147
[INFO] [1783771182.332980228] [unitree_safe_cmd_node]: Move x=0.250, z=-0.450, stop_count=0, roi_count=0, nearest_x=inf, clear_frames=152
[INFO] [1783771182.833209911] [unitree_safe_cmd_node]: Move x=0.250, z=-0.450, stop_count=0, roi_count=0, nearest_x=inf, clear_frames=157
[INFO] [1783771183.382976515] [unitree_safe_cmd_node]: Move x=0.500, z=-0.405, stop_count=0, roi_count=0, nearest_x=inf, clear_frames=163
[INFO] [1783771183.883341696] [unitree_safe_cmd_node]: Move x=0.500, z=-0.385, stop_count=0, roi_count=0, nearest_x=inf, clear_frames=166
[INFO] [1783771184.390948748] [unitree_safe_cmd_node]: Move x=0.000, z=-0.450, stop_count=0, roi_count=0, nearest_x=inf, clear_frames=172
[INFO] [1783771184.934889954] [unitree_safe_cmd_node]: Move x=0.000, z=-0.450, stop_count=0, roi_count=0, nearest_x=inf, clear_frames=177
[INFO] [1783771185.433307943] [unitree_safe_cmd_node]: Move x=0.000, z=-0.450, stop_count=0, roi_count=0, nearest_x=inf, clear_frames=182
[INFO] [1783771185.983263074] [unitree_safe_cmd_node]: Move x=0.000, z=-0.450, stop_count=0, roi_count=0, nearest_x=inf, clear_frames=187
[INFO] [1783771186.535092549] [unitree_safe_cmd_node]: Move x=0.000, z=-0.450, stop_count=0, roi_count=0, nearest_x=inf, clear_frames=193
[INFO] [1783771187.033346767] [unitree_safe_cmd_node]: Move x=0.000, z=-0.450, stop_count=0, roi_count=0, nearest_x=inf, clear_frames=198
[INFO] [1783771187.583228734] [unitree_safe_cmd_node]: Move x=0.000, z=-0.450, stop_count=0, roi_count=0, nearest_x=inf, clear_frames=202
[INFO] [1783771188.133005945] [unitree_safe_cmd_node]: Move x=0.250, z=-0.450, stop_count=0, roi_count=0, nearest_x=inf, clear_frames=208
[INFO] [1783771188.635158875] [unitree_safe_cmd_node]: Move x=0.250, z=-0.450, stop_count=0, roi_count=5, nearest_x=0.84, clear_frames=213
[INFO] [1783771189.133017445] [unitree_safe_cmd_node]: Move x=0.250, z=-0.450, stop_count=0, roi_count=6, nearest_x=0.79, clear_frames=218
[INFO] [1783771189.633410653] [unitree_safe_cmd_node]: Move x=0.000, z=-0.450, stop_count=0, roi_count=0, nearest_x=inf, clear_frames=223
[INFO] [1783771190.182959986] [unitree_safe_cmd_node]: Move x=0.000, z=-0.450, stop_count=0, roi_count=0, nearest_x=inf, clear_frames=229
[INFO] [1783771190.693358202] [unitree_safe_cmd_node]: Move x=0.000, z=-0.450, stop_count=0, roi_count=0, nearest_x=inf, clear_frames=234
[INFO] [1783771191.233303183] [unitree_safe_cmd_node]: Move x=0.000, z=-0.450, stop_count=0, roi_count=0, nearest_x=inf, clear_frames=238
[INFO] [1783771191.790440344] [unitree_safe_cmd_node]: Move x=0.000, z=-0.450, stop_count=0, roi_count=0, nearest_x=inf, clear_frames=244
[INFO] [1783771192.335837081] [unitree_safe_cmd_node]: Move x=0.000, z=0.450, stop_count=0, roi_count=0, nearest_x=inf, clear_frames=249
[INFO] [1783771192.887734657] [unitree_safe_cmd_node]: Move x=0.000, z=0.450, stop_count=0, roi_count=0, nearest_x=inf, clear_frames=255
[INFO] [1783771193.437330712] [unitree_safe_cmd_node]: Move x=0.000, z=0.450, stop_count=0, roi_count=0, nearest_x=inf, clear_frames=260
[INFO] [1783771193.939901955] [unitree_safe_cmd_node]: Move x=0.000, z=0.450, stop_count=0, roi_count=0, nearest_x=inf, clear_frames=265
[INFO] [1783771194.483822540] [unitree_safe_cmd_node]: Move x=0.000, z=0.450, stop_count=0, roi_count=0, nearest_x=inf, clear_frames=269
[INFO] [1783771195.033709980] [unitree_safe_cmd_node]: Move x=0.000, z=0.450, stop_count=0, roi_count=0, nearest_x=inf, clear_frames=275
[INFO] [1783771195.533250247] [unitree_safe_cmd_node]: Move x=0.000, z=0.450, stop_count=0, roi_count=0, nearest_x=inf, clear_frames=280
[INFO] [1783771196.083212623] [unitree_safe_cmd_node]: Move x=0.000, z=0.450, stop_count=0, roi_count=0, nearest_x=inf, clear_frames=285
[INFO] [1783771196.588030718] [unitree_safe_cmd_node]: Move x=0.000, z=0.450, stop_count=0, roi_count=0, nearest_x=inf, clear_frames=291
[INFO] [1783771197.135445198] [unitree_safe_cmd_node]: Move x=0.000, z=0.450, stop_count=0, roi_count=0, nearest_x=inf, clear_frames=296
[INFO] [1783771197.684920304] [unitree_safe_cmd_node]: Move x=0.000, z=0.450, stop_count=0, roi_count=0, nearest_x=inf, clear_frames=301
[INFO] [1783771198.187012036] [unitree_safe_cmd_node]: Move x=0.000, z=0.450, stop_count=0, roi_count=0, nearest_x=inf, clear_frames=306
[INFO] [1783771198.688000968] [unitree_safe_cmd_node]: Move x=0.000, z=0.450, stop_count=0, roi_count=0, nearest_x=inf, clear_frames=311
[INFO] [1783771199.233426073] [unitree_safe_cmd_node]: Move x=0.000, z=0.450, stop_count=0, roi_count=0, nearest_x=inf, clear_frames=316
[INFO] [1783771199.733129322] [unitree_safe_cmd_node]: Move x=0.000, z=0.450, stop_count=0, roi_count=0, nearest_x=inf, clear_frames=321
[INFO] [1783771200.284099178] [unitree_safe_cmd_node]: Move x=0.000, z=0.450, stop_count=0, roi_count=0, nearest_x=inf, clear_frames=327
[INFO] [1783771200.833316080] [unitree_safe_cmd_node]: Move x=0.250, z=0.450, stop_count=0, roi_count=0, nearest_x=inf, clear_frames=332
[INFO] [1783771201.333156930] [unitree_safe_cmd_node]: Move x=0.250, z=0.450, stop_count=0, roi_count=0, nearest_x=inf, clear_frames=337
[INFO] [1783771201.883472433] [unitree_safe_cmd_node]: Move x=0.250, z=0.450, stop_count=0, roi_count=0, nearest_x=inf, clear_frames=343
[INFO] [1783771202.383385612] [unitree_safe_cmd_node]: Move x=0.500, z=0.425, stop_count=0, roi_count=0, nearest_x=inf, clear_frames=348
[INFO] [1783771202.883832579] [unitree_safe_cmd_node]: Move x=0.250, z=0.450, stop_count=0, roi_count=0, nearest_x=inf, clear_frames=353
[INFO] [1783771203.384760660] [unitree_safe_cmd_node]: Move x=0.250, z=0.450, stop_count=0, roi_count=0, nearest_x=inf, clear_frames=358
[INFO] [1783771203.933200385] [unitree_safe_cmd_node]: Move x=0.500, z=0.296, stop_count=0, roi_count=0, nearest_x=inf, clear_frames=363
[INFO] [1783771204.435817913] [unitree_safe_cmd_node]: Move x=0.500, z=0.248, stop_count=0, roi_count=0, nearest_x=inf, clear_frames=368
[INFO] [1783771204.983064236] [unitree_safe_cmd_node]: Move x=0.500, z=0.193, stop_count=0, roi_count=6, nearest_x=0.83, clear_frames=374
[INFO] [1783771205.483486514] [unitree_safe_cmd_node]: Move x=0.500, z=0.188, stop_count=0, roi_count=0, nearest_x=inf, clear_frames=379
[INFO] [1783771205.984166060] [unitree_safe_cmd_node]: Move x=0.500, z=0.143, stop_count=0, roi_count=0, nearest_x=inf, clear_frames=384
[INFO] [1783771206.490081007] [unitree_safe_cmd_node]: Move x=0.500, z=0.108, stop_count=0, roi_count=0, nearest_x=inf, clear_frames=388
[INFO] [1783771207.053194396] [unitree_safe_cmd_node]: Move x=0.500, z=0.413, stop_count=0, roi_count=0, nearest_x=inf, clear_frames=394
[INFO] [1783771207.584004879] [unitree_safe_cmd_node]: Move x=0.500, z=0.282, stop_count=0, roi_count=0, nearest_x=inf, clear_frames=399
[INFO] [1783771208.133862698] [unitree_safe_cmd_node]: Move x=0.500, z=0.046, stop_count=0, roi_count=0, nearest_x=inf, clear_frames=405
[INFO] [1783771208.687737941] [unitree_safe_cmd_node]: Move x=0.500, z=0.050, stop_count=0, roi_count=0, nearest_x=inf, clear_frames=411
[INFO] [1783771209.233049027] [unitree_safe_cmd_node]: Move x=0.500, z=0.015, stop_count=0, roi_count=0, nearest_x=inf, clear_frames=416
[INFO] [1783771209.733043301] [unitree_safe_cmd_node]: Move x=0.500, z=0.048, stop_count=0, roi_count=0, nearest_x=inf, clear_frames=421
[INFO] [1783771210.233268187] [unitree_safe_cmd_node]: Move x=0.500, z=0.042, stop_count=0, roi_count=0, nearest_x=inf, clear_frames=426
[INFO] [1783771210.784406807] [unitree_safe_cmd_node]: Move x=0.500, z=0.048, stop_count=0, roi_count=0, nearest_x=inf, clear_frames=432
[INFO] [1783771211.333171841] [unitree_safe_cmd_node]: Move x=0.500, z=0.221, stop_count=0, roi_count=0, nearest_x=inf, clear_frames=437
[INFO] [1783771211.835558598] [unitree_safe_cmd_node]: Move x=0.250, z=0.450, stop_count=0, roi_count=0, nearest_x=inf, clear_frames=441
[INFO] [1783771212.383016618] [unitree_safe_cmd_node]: Move x=0.000, z=0.450, stop_count=0, roi_count=0, nearest_x=inf, clear_frames=447
[INFO] [1783771212.883353944] [unitree_safe_cmd_node]: Move x=0.000, z=0.450, stop_count=0, roi_count=0, nearest_x=inf, clear_frames=452
[INFO] [1783771213.386397908] [unitree_safe_cmd_node]: Move x=0.000, z=0.450, stop_count=0, roi_count=0, nearest_x=inf, clear_frames=457
[INFO] [1783771213.886828471] [unitree_safe_cmd_node]: Move x=0.000, z=0.450, stop_count=0, roi_count=0, nearest_x=inf, clear_frames=462
[INFO] [1783771214.433108489] [unitree_safe_cmd_node]: Move x=0.000, z=0.450, stop_count=0, roi_count=0, nearest_x=inf, clear_frames=467
[INFO] [1783771214.943117862] [unitree_safe_cmd_node]: Move x=0.000, z=0.450, stop_count=0, roi_count=0, nearest_x=inf, clear_frames=472
[INFO] [1783771215.489241583] [unitree_safe_cmd_node]: Move x=0.000, z=0.450, stop_count=0, roi_count=0, nearest_x=inf, clear_frames=476
[INFO] [1783771216.033007848] [unitree_safe_cmd_node]: Move x=0.000, z=0.450, stop_count=0, roi_count=0, nearest_x=inf, clear_frames=481
[INFO] [1783771216.533168210] [unitree_safe_cmd_node]: Move x=0.000, z=0.450, stop_count=0, roi_count=0, nearest_x=inf, clear_frames=486
[INFO] [1783771217.083158999] [unitree_safe_cmd_node]: Move x=0.000, z=0.450, stop_count=0, roi_count=0, nearest_x=inf, clear_frames=492
[INFO] [1783771217.585215786] [unitree_safe_cmd_node]: Move x=0.000, z=0.450, stop_count=0, roi_count=0, nearest_x=inf, clear_frames=497
[INFO] [1783771218.133200652] [unitree_safe_cmd_node]: Move x=0.000, z=0.450, stop_count=0, roi_count=0, nearest_x=inf, clear_frames=502
[INFO] [1783771218.633419245] [unitree_safe_cmd_node]: Move x=0.000, z=0.450, stop_count=0, roi_count=0, nearest_x=inf, clear_frames=507
[INFO] [1783771219.134647990] [unitree_safe_cmd_node]: Move x=0.000, z=0.450, stop_count=0, roi_count=0, nearest_x=inf, clear_frames=512
[INFO] [1783771219.684492177] [unitree_safe_cmd_node]: Move x=0.000, z=0.450, stop_count=0, roi_count=0, nearest_x=inf, clear_frames=518
[INFO] [1783771220.232927434] [unitree_safe_cmd_node]: Move x=0.000, z=0.450, stop_count=0, roi_count=0, nearest_x=inf, clear_frames=523
[INFO] [1783771220.786368800] [unitree_safe_cmd_node]: Move x=0.000, z=0.450, stop_count=0, roi_count=0, nearest_x=inf, clear_frames=529
[INFO] [1783771221.332938418] [unitree_safe_cmd_node]: Move x=0.000, z=0.450, stop_count=0, roi_count=0, nearest_x=inf, clear_frames=534
[INFO] [1783771221.833322101] [unitree_safe_cmd_node]: Move x=0.000, z=0.450, stop_count=0, roi_count=0, nearest_x=inf, clear_frames=539
[INFO] [1783771222.383682467] [unitree_safe_cmd_node]: Move x=0.000, z=0.450, stop_count=0, roi_count=0, nearest_x=inf, clear_frames=544
[INFO] [1783771222.933107318] [unitree_safe_cmd_node]: Move x=0.250, z=0.450, stop_count=0, roi_count=0, nearest_x=inf, clear_frames=549
[INFO] [1783771223.483241021] [unitree_safe_cmd_node]: Move x=0.250, z=0.450, stop_count=0, roi_count=0, nearest_x=inf, clear_frames=555
[INFO] [1783771223.983133516] [unitree_safe_cmd_node]: Move x=0.250, z=0.450, stop_count=0, roi_count=0, nearest_x=inf, clear_frames=560
[INFO] [1783771224.484563297] [unitree_safe_cmd_node]: Move x=0.250, z=0.450, stop_count=0, roi_count=0, nearest_x=inf, clear_frames=565
[INFO] [1783771225.033128788] [unitree_safe_cmd_node]: Move x=0.250, z=0.450, stop_count=0, roi_count=0, nearest_x=inf, clear_frames=570
[INFO] [1783771225.534848587] [unitree_safe_cmd_node]: Move x=0.250, z=0.450, stop_count=0, roi_count=0, nearest_x=inf, clear_frames=575
[INFO] [1783771226.083157645] [unitree_safe_cmd_node]: Move x=0.250, z=0.450, stop_count=0, roi_count=0, nearest_x=inf, clear_frames=581
[INFO] [1783771226.633053648] [unitree_safe_cmd_node]: Move x=0.500, z=0.405, stop_count=0, roi_count=0, nearest_x=inf, clear_frames=586
[INFO] [1783771227.183268690] [unitree_safe_cmd_node]: Move x=0.500, z=0.339, stop_count=0, roi_count=0, nearest_x=inf, clear_frames=592
[INFO] [1783771227.732977369] [unitree_safe_cmd_node]: Move x=0.500, z=0.260, stop_count=0, roi_count=0, nearest_x=inf, clear_frames=597
[INFO] [1783771228.283484174] [unitree_safe_cmd_node]: Move x=0.500, z=0.268, stop_count=0, roi_count=0, nearest_x=inf, clear_frames=603
[INFO] [1783771228.783293854] [unitree_safe_cmd_node]: Move x=0.500, z=0.360, stop_count=0, roi_count=0, nearest_x=inf, clear_frames=607
[INFO] [1783771229.285603538] [unitree_safe_cmd_node]: Move x=0.500, z=0.269, stop_count=0, roi_count=0, nearest_x=inf, clear_frames=613
[INFO] [1783771229.786846408] [unitree_safe_cmd_node]: Move x=0.500, z=0.207, stop_count=0, roi_count=0, nearest_x=inf, clear_frames=617
[INFO] [1783771230.332941218] [unitree_safe_cmd_node]: Move x=0.500, z=0.331, stop_count=0, roi_count=0, nearest_x=inf, clear_frames=623
[INFO] [1783771230.833265431] [unitree_safe_cmd_node]: Move x=0.500, z=0.283, stop_count=0, roi_count=0, nearest_x=inf, clear_frames=628
[INFO] [1783771231.333500325] [unitree_safe_cmd_node]: Move x=0.500, z=0.253, stop_count=0, roi_count=0, nearest_x=inf, clear_frames=633
[INFO] [1783771231.883148258] [unitree_safe_cmd_node]: Move x=0.500, z=0.263, stop_count=0, roi_count=0, nearest_x=inf, clear_frames=638
[INFO] [1783771232.383850139] [unitree_safe_cmd_node]: Move x=0.500, z=0.212, stop_count=0, roi_count=0, nearest_x=inf, clear_frames=642
[INFO] [1783771232.883183335] [unitree_safe_cmd_node]: Move x=0.500, z=0.158, stop_count=0, roi_count=0, nearest_x=inf, clear_frames=647
[INFO] [1783771233.434088740] [unitree_safe_cmd_node]: Move x=0.500, z=0.100, stop_count=0, roi_count=0, nearest_x=inf, clear_frames=653
[INFO] [1783771233.983173809] [unitree_safe_cmd_node]: Move x=0.500, z=0.136, stop_count=0, roi_count=0, nearest_x=inf, clear_frames=659
[INFO] [1783771234.483718842] [unitree_safe_cmd_node]: Move x=0.500, z=0.160, stop_count=0, roi_count=0, nearest_x=inf, clear_frames=664
[INFO] [1783771235.036303745] [unitree_safe_cmd_node]: Move x=0.500, z=0.157, stop_count=0, roi_count=0, nearest_x=inf, clear_frames=669
[INFO] [1783771235.583339168] [unitree_safe_cmd_node]: Move x=0.500, z=0.156, stop_count=0, roi_count=0, nearest_x=inf, clear_frames=673
[INFO] [1783771236.083279525] [unitree_safe_cmd_node]: Move x=0.500, z=0.156, stop_count=0, roi_count=0, nearest_x=inf, clear_frames=678
[INFO] [1783771236.632982328] [unitree_safe_cmd_node]: Move x=0.500, z=0.157, stop_count=0, roi_count=0, nearest_x=inf, clear_frames=684
[INFO] [1783771237.133032958] [unitree_safe_cmd_node]: Move x=0.500, z=0.156, stop_count=0, roi_count=0, nearest_x=inf, clear_frames=689
[INFO] [1783771237.633386011] [unitree_safe_cmd_node]: Move x=0.500, z=0.158, stop_count=0, roi_count=0, nearest_x=inf, clear_frames=694
[INFO] [1783771238.184671266] [unitree_safe_cmd_node]: Move x=0.500, z=0.158, stop_count=0, roi_count=0, nearest_x=inf, clear_frames=700
[INFO] [1783771238.688454846] [unitree_safe_cmd_node]: Move x=0.500, z=0.158, stop_count=0, roi_count=0, nearest_x=inf, clear_frames=705
[INFO] [1783771239.234985721] [unitree_safe_cmd_node]: Move x=0.500, z=0.158, stop_count=0, roi_count=0, nearest_x=inf, clear_frames=708
[INFO] [1783771239.784512912] [unitree_safe_cmd_node]: Move x=0.500, z=0.168, stop_count=0, roi_count=0, nearest_x=inf, clear_frames=714
[INFO] [1783771240.333126045] [unitree_safe_cmd_node]: Move x=0.500, z=0.179, stop_count=0, roi_count=0, nearest_x=inf, clear_frames=719
[INFO] [1783771240.834595717] [unitree_safe_cmd_node]: Move x=0.500, z=0.207, stop_count=0, roi_count=0, nearest_x=inf, clear_frames=724
[INFO] [1783771241.384101905] [unitree_safe_cmd_node]: Move x=0.500, z=0.206, stop_count=0, roi_count=0, nearest_x=inf, clear_frames=730
[INFO] [1783771241.933196423] [unitree_safe_cmd_node]: Move x=0.500, z=-0.001, stop_count=0, roi_count=0, nearest_x=inf, clear_frames=735
[INFO] [1783771242.434558899] [unitree_safe_cmd_node]: Move x=0.500, z=0.012, stop_count=0, roi_count=0, nearest_x=inf, clear_frames=740
[INFO] [1783771242.985962933] [unitree_safe_cmd_node]: Move x=0.500, z=0.018, stop_count=0, roi_count=0, nearest_x=inf, clear_frames=746
[INFO] [1783771243.533078364] [unitree_safe_cmd_node]: Move x=0.500, z=0.189, stop_count=0, roi_count=0, nearest_x=inf, clear_frames=751
[INFO] [1783771244.084043793] [unitree_safe_cmd_node]: Move x=0.500, z=0.195, stop_count=0, roi_count=0, nearest_x=inf, clear_frames=757
[INFO] [1783771244.633554292] [unitree_safe_cmd_node]: Move x=0.500, z=0.195, stop_count=0, roi_count=0, nearest_x=inf, clear_frames=762
[INFO] [1783771245.185608351] [unitree_safe_cmd_node]: Move x=0.500, z=0.148, stop_count=0, roi_count=0, nearest_x=inf, clear_frames=768
[INFO] [1783771245.689359288] [unitree_safe_cmd_node]: Move x=0.500, z=-0.111, stop_count=0, roi_count=0, nearest_x=inf, clear_frames=773
[INFO] [1783771246.233936571] [unitree_safe_cmd_node]: Move x=0.500, z=-0.154, stop_count=0, roi_count=0, nearest_x=inf, clear_frames=776
[INFO] [1783771246.733277039] [unitree_safe_cmd_node]: Move x=0.500, z=-0.092, stop_count=0, roi_count=0, nearest_x=inf, clear_frames=781
[INFO] [1783771247.233316891] [unitree_safe_cmd_node]: Move x=0.500, z=-0.136, stop_count=0, roi_count=0, nearest_x=inf, clear_frames=786
[INFO] [1783771247.783543052] [unitree_safe_cmd_node]: Move x=0.500, z=-0.335, stop_count=0, roi_count=0, nearest_x=inf, clear_frames=792
[INFO] [1783771248.285850675] [unitree_safe_cmd_node]: Move x=0.500, z=-0.334, stop_count=0, roi_count=0, nearest_x=inf, clear_frames=797
[INFO] [1783771248.833342305] [unitree_safe_cmd_node]: Move x=0.250, z=-0.450, stop_count=0, roi_count=0, nearest_x=inf, clear_frames=802
[INFO] [1783771249.334852680] [unitree_safe_cmd_node]: Move x=0.500, z=-0.344, stop_count=0, roi_count=7, nearest_x=0.70, clear_frames=806
[INFO] [1783771249.883143649] [unitree_safe_cmd_node]: Move x=0.500, z=-0.307, stop_count=0, roi_count=95, nearest_x=0.46, clear_frames=811
[INFO] [1783771250.383559290] [unitree_safe_cmd_node]: Move x=0.500, z=-0.256, stop_count=8, roi_count=98, nearest_x=0.36, clear_frames=816
[WARN] [1783771250.480521977] [unitree_safe_cmd_node]: OBSTACLE DETECTED: stop_count=22, roi_count=87, nearest_x=0.35
[WARN] [1783771250.933171316] [unitree_safe_cmd_node]: SAFE OVERRIDE obstacle: Move x=0.000, z=0.000, raw_x=0.500, raw_z=-0.257, stop_count=21, roi_count=47, nearest_x=0.35, clear_frames=0
[WARN] [1783771251.434136422] [unitree_safe_cmd_node]: SAFE OVERRIDE obstacle: Move x=0.000, z=0.000, raw_x=0.500, raw_z=0.093, stop_count=12, roi_count=25, nearest_x=0.35, clear_frames=2
[INFO] [1783771251.680214416] [unitree_safe_cmd_node]: obstacle cleared after 5 clear frames, resume move
[INFO] [1783771251.983161595] [unitree_safe_cmd_node]: Move x=0.000, z=0.450, stop_count=0, roi_count=0, nearest_x=inf, clear_frames=8
[INFO] [1783771252.492758318] [unitree_safe_cmd_node]: Move x=0.000, z=0.450, stop_count=0, roi_count=0, nearest_x=inf, clear_frames=13
[INFO] [1783771253.033901549] [unitree_safe_cmd_node]: Move x=0.250, z=0.450, stop_count=0, roi_count=0, nearest_x=inf, clear_frames=18
[INFO] [1783771253.582988414] [unitree_safe_cmd_node]: Move x=0.250, z=0.450, stop_count=0, roi_count=2, nearest_x=0.84, clear_frames=24
[INFO] [1783771254.083415030] [unitree_safe_cmd_node]: Move x=0.500, z=0.345, stop_count=0, roi_count=23, nearest_x=0.67, clear_frames=29
[INFO] [1783771254.633065478] [unitree_safe_cmd_node]: Move x=0.500, z=0.268, stop_count=0, roi_count=25, nearest_x=0.51, clear_frames=34
[INFO] [1783771255.183413377] [unitree_safe_cmd_node]: Move x=0.250, z=0.450, stop_count=0, roi_count=2, nearest_x=0.57, clear_frames=40
[INFO] [1783771255.686909295] [unitree_safe_cmd_node]: Move x=0.250, z=0.450, stop_count=0, roi_count=3, nearest_x=0.88, clear_frames=45
[INFO] [1783771256.233873824] [unitree_safe_cmd_node]: Move x=0.000, z=0.450, stop_count=0, roi_count=0, nearest_x=inf, clear_frames=50
[INFO] [1783771256.791818060] [unitree_safe_cmd_node]: Move x=0.000, z=0.450, stop_count=0, roi_count=0, nearest_x=inf, clear_frames=55
[INFO] [1783771257.333163021] [unitree_safe_cmd_node]: Move x=0.000, z=0.450, stop_count=0, roi_count=0, nearest_x=inf, clear_frames=61
[INFO] [1783771257.833626995] [unitree_safe_cmd_node]: Move x=0.000, z=0.450, stop_count=0, roi_count=0, nearest_x=inf, clear_frames=66
[INFO] [1783771258.382977227] [unitree_safe_cmd_node]: Move x=0.000, z=0.450, stop_count=0, roi_count=0, nearest_x=inf, clear_frames=72
[INFO] [1783771258.883221504] [unitree_safe_cmd_node]: Move x=0.000, z=0.450, stop_count=0, roi_count=0, nearest_x=inf, clear_frames=77
[INFO] [1783771259.385421865] [unitree_safe_cmd_node]: Move x=0.000, z=0.450, stop_count=0, roi_count=0, nearest_x=inf, clear_frames=81
[INFO] [1783771259.886709099] [unitree_safe_cmd_node]: Move x=0.000, z=-0.450, stop_count=0, roi_count=0, nearest_x=inf, clear_frames=85
[INFO] [1783771260.433475909] [unitree_safe_cmd_node]: Move x=0.000, z=-0.450, stop_count=0, roi_count=0, nearest_x=inf, clear_frames=91
[INFO] [1783771260.933038553] [unitree_safe_cmd_node]: Move x=0.000, z=-0.450, stop_count=0, roi_count=0, nearest_x=inf, clear_frames=96
[INFO] [1783771261.433455540] [unitree_safe_cmd_node]: Move x=0.000, z=-0.450, stop_count=0, roi_count=0, nearest_x=inf, clear_frames=101
[INFO] [1783771261.983059497] [unitree_safe_cmd_node]: Move x=0.000, z=-0.450, stop_count=0, roi_count=0, nearest_x=inf, clear_frames=106
[INFO] [1783771262.483395379] [unitree_safe_cmd_node]: Move x=0.000, z=-0.450, stop_count=0, roi_count=0, nearest_x=inf, clear_frames=110
[INFO] [1783771262.990726774] [unitree_safe_cmd_node]: Move x=0.000, z=-0.450, stop_count=0, roi_count=0, nearest_x=inf, clear_frames=116
[INFO] [1783771263.533351757] [unitree_safe_cmd_node]: Move x=0.000, z=-0.450, stop_count=0, roi_count=0, nearest_x=inf, clear_frames=121
[INFO] [1783771264.033529038] [unitree_safe_cmd_node]: Move x=0.000, z=-0.450, stop_count=0, roi_count=0, nearest_x=inf, clear_frames=126
[INFO] [1783771264.582981895] [unitree_safe_cmd_node]: Move x=0.000, z=-0.450, stop_count=0, roi_count=0, nearest_x=inf, clear_frames=132
[INFO] [1783771265.083548003] [unitree_safe_cmd_node]: Move x=0.000, z=-0.450, stop_count=0, roi_count=0, nearest_x=inf, clear_frames=137
[INFO] [1783771265.585054564] [unitree_safe_cmd_node]: Move x=0.000, z=-0.450, stop_count=0, roi_count=0, nearest_x=inf, clear_frames=142
[INFO] [1783771266.134858849] [unitree_safe_cmd_node]: Move x=0.000, z=-0.450, stop_count=0, roi_count=0, nearest_x=inf, clear_frames=147
[INFO] [1783771266.683114168] [unitree_safe_cmd_node]: Move x=0.000, z=-0.450, stop_count=0, roi_count=0, nearest_x=inf, clear_frames=151
[INFO] [1783771267.185255657] [unitree_safe_cmd_node]: Move x=0.000, z=-0.450, stop_count=0, roi_count=0, nearest_x=inf, clear_frames=157
[INFO] [1783771267.734843948] [unitree_safe_cmd_node]: Move x=0.000, z=-0.450, stop_count=0, roi_count=0, nearest_x=inf, clear_frames=162
[INFO] [1783771268.283341088] [unitree_safe_cmd_node]: Move x=0.000, z=-0.450, stop_count=0, roi_count=0, nearest_x=inf, clear_frames=168
[INFO] [1783771268.784253891] [unitree_safe_cmd_node]: Move x=0.250, z=-0.450, stop_count=4, roi_count=5, nearest_x=0.36, clear_frames=173
[INFO] [1783771269.333020945] [unitree_safe_cmd_node]: Move x=0.250, z=-0.450, stop_count=8, roi_count=9, nearest_x=0.35, clear_frames=178
[INFO] [1783771269.833075746] [unitree_safe_cmd_node]: Move x=0.000, z=-0.450, stop_count=1, roi_count=2, nearest_x=0.38, clear_frames=182
[INFO] [1783771270.385020364] [unitree_safe_cmd_node]: Move x=0.000, z=-0.450, stop_count=0, roi_count=0, nearest_x=inf, clear_frames=188
[INFO] [1783771270.934930115] [unitree_safe_cmd_node]: Move x=0.000, z=-0.450, stop_count=0, roi_count=0, nearest_x=inf, clear_frames=193
[INFO] [1783771271.434984390] [unitree_safe_cmd_node]: Move x=0.000, z=-0.450, stop_count=0, roi_count=0, nearest_x=inf, clear_frames=198
[INFO] [1783771271.986456887] [unitree_safe_cmd_node]: Move x=0.000, z=-0.450, stop_count=0, roi_count=0, nearest_x=inf, clear_frames=204
[INFO] [1783771272.532996903] [unitree_safe_cmd_node]: Move x=0.000, z=0.450, stop_count=0, roi_count=0, nearest_x=inf, clear_frames=209
[INFO] [1783771273.040059999] [unitree_safe_cmd_node]: Move x=0.000, z=0.450, stop_count=0, roi_count=0, nearest_x=inf, clear_frames=214
[INFO] [1783771273.585256748] [unitree_safe_cmd_node]: Move x=0.000, z=0.450, stop_count=0, roi_count=0, nearest_x=inf, clear_frames=219
[INFO] [1783771274.133110042] [unitree_safe_cmd_node]: Move x=0.000, z=0.450, stop_count=0, roi_count=0, nearest_x=inf, clear_frames=225
[INFO] [1783771274.685730389] [unitree_safe_cmd_node]: Move x=0.000, z=0.450, stop_count=0, roi_count=0, nearest_x=inf, clear_frames=231
[INFO] [1783771275.235235197] [unitree_safe_cmd_node]: Move x=0.000, z=0.450, stop_count=0, roi_count=0, nearest_x=inf, clear_frames=236
[INFO] [1783771275.732963127] [unitree_safe_cmd_node]: Move x=0.000, z=0.450, stop_count=0, roi_count=0, nearest_x=inf, clear_frames=241
[INFO] [1783771276.233123438] [unitree_safe_cmd_node]: Move x=0.000, z=0.450, stop_count=0, roi_count=0, nearest_x=inf, clear_frames=246
[INFO] [1783771276.740388510] [unitree_safe_cmd_node]: Move x=0.000, z=0.450, stop_count=0, roi_count=0, nearest_x=inf, clear_frames=251
[INFO] [1783771277.283188807] [unitree_safe_cmd_node]: Move x=0.000, z=0.450, stop_count=0, roi_count=0, nearest_x=inf, clear_frames=256
[INFO] [1783771277.787022372] [unitree_safe_cmd_node]: Move x=0.000, z=0.450, stop_count=0, roi_count=0, nearest_x=inf, clear_frames=262
[INFO] [1783771278.333096521] [unitree_safe_cmd_node]: Move x=0.000, z=0.450, stop_count=0, roi_count=0, nearest_x=inf, clear_frames=267
[INFO] [1783771278.833191177] [unitree_safe_cmd_node]: Move x=0.000, z=0.450, stop_count=0, roi_count=0, nearest_x=inf, clear_frames=272
[INFO] [1783771279.387379903] [unitree_safe_cmd_node]: Move x=0.000, z=0.450, stop_count=0, roi_count=0, nearest_x=inf, clear_frames=278
[INFO] [1783771279.932958711] [unitree_safe_cmd_node]: Move x=0.000, z=0.450, stop_count=0, roi_count=0, nearest_x=inf, clear_frames=283
[INFO] [1783771280.433108227] [unitree_safe_cmd_node]: Move x=0.000, z=0.450, stop_count=0, roi_count=0, nearest_x=inf, clear_frames=288
[INFO] [1783771280.984981051] [unitree_safe_cmd_node]: Move x=0.000, z=0.450, stop_count=0, roi_count=0, nearest_x=inf, clear_frames=294
[INFO] [1783771281.532999933] [unitree_safe_cmd_node]: Move x=0.000, z=0.450, stop_count=0, roi_count=0, nearest_x=inf, clear_frames=299
[INFO] [1783771282.033329311] [unitree_safe_cmd_node]: Move x=0.000, z=0.450, stop_count=0, roi_count=0, nearest_x=inf, clear_frames=304
[INFO] [1783771282.584942964] [unitree_safe_cmd_node]: Move x=0.000, z=0.450, stop_count=0, roi_count=0, nearest_x=inf, clear_frames=310
[INFO] [1783771283.133012125] [unitree_safe_cmd_node]: Move x=0.000, z=0.450, stop_count=0, roi_count=0, nearest_x=inf, clear_frames=315
[INFO] [1783771283.633132700] [unitree_safe_cmd_node]: Move x=0.000, z=0.450, stop_count=0, roi_count=0, nearest_x=inf, clear_frames=320
[INFO] [1783771284.183174715] [unitree_safe_cmd_node]: Move x=0.000, z=0.450, stop_count=0, roi_count=0, nearest_x=inf, clear_frames=326
[INFO] [1783771284.685738995] [unitree_safe_cmd_node]: Move x=0.000, z=0.450, stop_count=0, roi_count=0, nearest_x=inf, clear_frames=331
[INFO] [1783771285.234974379] [unitree_safe_cmd_node]: Move x=0.000, z=0.450, stop_count=0, roi_count=0, nearest_x=inf, clear_frames=336
[INFO] [1783771285.789718439] [unitree_safe_cmd_node]: Move x=0.250, z=0.450, stop_count=0, roi_count=0, nearest_x=inf, clear_frames=342
[INFO] [1783771286.334916829] [unitree_safe_cmd_node]: Move x=0.250, z=0.450, stop_count=0, roi_count=0, nearest_x=inf, clear_frames=347
[INFO] [1783771286.833269253] [unitree_safe_cmd_node]: Move x=0.500, z=0.327, stop_count=0, roi_count=5, nearest_x=0.71, clear_frames=352
[INFO] [1783771287.385260800] [unitree_safe_cmd_node]: Move x=0.500, z=0.235, stop_count=0, roi_count=17, nearest_x=0.59, clear_frames=357
[INFO] [1783771287.883260631] [unitree_safe_cmd_node]: Move x=0.000, z=0.450, stop_count=0, roi_count=20, nearest_x=0.58, clear_frames=363
[INFO] [1783771288.432968509] [unitree_safe_cmd_node]: Move x=0.000, z=0.450, stop_count=0, roi_count=0, nearest_x=inf, clear_frames=368
[INFO] [1783771288.984665495] [unitree_safe_cmd_node]: Move x=0.000, z=0.450, stop_count=0, roi_count=0, nearest_x=inf, clear_frames=374
[INFO] [1783771289.535657596] [unitree_safe_cmd_node]: Move x=0.000, z=0.450, stop_count=0, roi_count=0, nearest_x=inf, clear_frames=379
[INFO] [1783771290.033832611] [unitree_safe_cmd_node]: Move x=0.000, z=0.450, stop_count=0, roi_count=0, nearest_x=inf, clear_frames=384
[INFO] [1783771290.591624794] [unitree_safe_cmd_node]: Move x=0.000, z=0.450, stop_count=0, roi_count=0, nearest_x=inf, clear_frames=389
[INFO] [1783771291.132883933] [unitree_safe_cmd_node]: Move x=0.000, z=0.450, stop_count=0, roi_count=0, nearest_x=inf, clear_frames=395
[INFO] [1783771291.632917911] [unitree_safe_cmd_node]: Move x=0.000, z=0.450, stop_count=0, roi_count=0, nearest_x=inf, clear_frames=400
[INFO] [1783771292.133171088] [unitree_safe_cmd_node]: Move x=0.000, z=0.450, stop_count=0, roi_count=0, nearest_x=inf, clear_frames=405
[INFO] [1783771292.633023345] [unitree_safe_cmd_node]: Move x=0.000, z=0.450, stop_count=0, roi_count=0, nearest_x=inf, clear_frames=410
[INFO] [1783771293.183371385] [unitree_safe_cmd_node]: Move x=0.000, z=0.450, stop_count=0, roi_count=0, nearest_x=inf, clear_frames=416
[INFO] [1783771293.692850320] [unitree_safe_cmd_node]: Move x=0.000, z=0.450, stop_count=0, roi_count=0, nearest_x=inf, clear_frames=421
[INFO] [1783771294.232985224] [unitree_safe_cmd_node]: Move x=0.000, z=0.450, stop_count=0, roi_count=0, nearest_x=inf, clear_frames=426
[INFO] [1783771294.788732490] [unitree_safe_cmd_node]: Move x=0.000, z=0.450, stop_count=0, roi_count=0, nearest_x=inf, clear_frames=432
[INFO] [1783771295.332926619] [unitree_safe_cmd_node]: Move x=0.000, z=0.450, stop_count=0, roi_count=0, nearest_x=inf, clear_frames=437
[INFO] [1783771295.833081001] [unitree_safe_cmd_node]: Move x=0.000, z=0.450, stop_count=0, roi_count=0, nearest_x=inf, clear_frames=442
[INFO] [1783771296.382959882] [unitree_safe_cmd_node]: Move x=0.000, z=0.450, stop_count=0, roi_count=0, nearest_x=inf, clear_frames=448
[INFO] [1783771296.883282032] [unitree_safe_cmd_node]: Move x=0.000, z=0.450, stop_count=0, roi_count=0, nearest_x=inf, clear_frames=453
[INFO] [1783771297.387826258] [unitree_safe_cmd_node]: Move x=0.000, z=0.450, stop_count=0, roi_count=0, nearest_x=inf, clear_frames=458
[INFO] [1783771297.933108752] [unitree_safe_cmd_node]: Move x=0.000, z=0.450, stop_count=0, roi_count=0, nearest_x=inf, clear_frames=463
[INFO] [1783771298.482880477] [unitree_safe_cmd_node]: Move x=0.000, z=0.450, stop_count=0, roi_count=0, nearest_x=inf, clear_frames=469
[INFO] [1783771298.982946537] [unitree_safe_cmd_node]: Move x=0.000, z=0.450, stop_count=0, roi_count=0, nearest_x=inf, clear_frames=474
[INFO] [1783771299.483070992] [unitree_safe_cmd_node]: Move x=0.000, z=0.450, stop_count=0, roi_count=0, nearest_x=inf, clear_frames=479
[INFO] [1783771300.032925572] [unitree_safe_cmd_node]: Move x=0.000, z=0.450, stop_count=0, roi_count=0, nearest_x=inf, clear_frames=484
[INFO] [1783771300.545719611] [unitree_safe_cmd_node]: Move x=0.000, z=0.450, stop_count=0, roi_count=0, nearest_x=inf, clear_frames=489
[INFO] [1783771301.084754667] [unitree_safe_cmd_node]: Move x=0.000, z=0.450, stop_count=0, roi_count=0, nearest_x=inf, clear_frames=494
[INFO] [1783771301.633303086] [unitree_safe_cmd_node]: Move x=0.000, z=0.450, stop_count=0, roi_count=0, nearest_x=inf, clear_frames=500
[INFO] [1783771302.133640151] [unitree_safe_cmd_node]: Move x=0.000, z=0.450, stop_count=0, roi_count=0, nearest_x=inf, clear_frames=505
[INFO] [1783771302.683358192] [unitree_safe_cmd_node]: Move x=0.000, z=0.450, stop_count=0, roi_count=0, nearest_x=inf, clear_frames=511
[INFO] [1783771303.233044342] [unitree_safe_cmd_node]: Move x=0.000, z=0.450, stop_count=0, roi_count=0, nearest_x=inf, clear_frames=516
[INFO] [1783771303.783705322] [unitree_safe_cmd_node]: Move x=0.000, z=0.450, stop_count=0, roi_count=0, nearest_x=inf, clear_frames=522
[INFO] [1783771304.284707729] [unitree_safe_cmd_node]: Move x=0.000, z=0.450, stop_count=0, roi_count=0, nearest_x=inf, clear_frames=527
[INFO] [1783771304.832926292] [unitree_safe_cmd_node]: Move x=0.000, z=0.450, stop_count=0, roi_count=0, nearest_x=inf, clear_frames=532
[INFO] [1783771305.333047151] [unitree_safe_cmd_node]: Move x=0.000, z=0.450, stop_count=0, roi_count=0, nearest_x=inf, clear_frames=537
[INFO] [1783771305.884098094] [unitree_safe_cmd_node]: Move x=0.000, z=0.450, stop_count=0, roi_count=5, nearest_x=0.79, clear_frames=543
[INFO] [1783771306.433334976] [unitree_safe_cmd_node]: Move x=0.000, z=0.450, stop_count=0, roi_count=24, nearest_x=0.75, clear_frames=548
[INFO] [1783771306.985453020] [unitree_safe_cmd_node]: Move x=0.000, z=0.450, stop_count=0, roi_count=27, nearest_x=0.74, clear_frames=554
[INFO] [1783771307.492928423] [unitree_safe_cmd_node]: Move x=0.250, z=0.450, stop_count=0, roi_count=39, nearest_x=0.76, clear_frames=558
[INFO] [1783771308.033079189] [unitree_safe_cmd_node]: Move x=0.250, z=0.450, stop_count=0, roi_count=55, nearest_x=0.69, clear_frames=564
[INFO] [1783771308.532894543] [unitree_safe_cmd_node]: Move x=0.250, z=0.450, stop_count=0, roi_count=39, nearest_x=0.63, clear_frames=569
[INFO] [1783771309.032953895] [unitree_safe_cmd_node]: Move x=0.500, z=0.436, stop_count=0, roi_count=0, nearest_x=inf, clear_frames=574
[INFO] [1783771309.534333345] [unitree_safe_cmd_node]: Move x=0.500, z=0.294, stop_count=0, roi_count=0, nearest_x=inf, clear_frames=579
[INFO] [1783771310.082970983] [unitree_safe_cmd_node]: Move x=0.500, z=0.163, stop_count=0, roi_count=0, nearest_x=inf, clear_frames=585
[INFO] [1783771310.584435777] [unitree_safe_cmd_node]: Move x=0.500, z=0.120, stop_count=0, roi_count=0, nearest_x=inf, clear_frames=590
[INFO] [1783771311.133178873] [unitree_safe_cmd_node]: Move x=0.500, z=0.067, stop_count=0, roi_count=0, nearest_x=inf, clear_frames=595
[INFO] [1783771311.636911674] [unitree_safe_cmd_node]: Move x=0.500, z=-0.006, stop_count=0, roi_count=0, nearest_x=inf, clear_frames=600
[INFO] [1783771312.184382316] [unitree_safe_cmd_node]: Move x=0.500, z=-0.206, stop_count=0, roi_count=0, nearest_x=inf, clear_frames=606
[INFO] [1783771312.684514491] [unitree_safe_cmd_node]: Move x=0.500, z=-0.168, stop_count=0, roi_count=0, nearest_x=inf, clear_frames=611
[INFO] [1783771313.234306823] [unitree_safe_cmd_node]: Move x=0.500, z=-0.158, stop_count=0, roi_count=5, nearest_x=0.85, clear_frames=616
[INFO] [1783771313.783486691] [unitree_safe_cmd_node]: Move x=0.500, z=-0.182, stop_count=0, roi_count=55, nearest_x=0.63, clear_frames=622
[INFO] [1783771314.333056603] [unitree_safe_cmd_node]: Move x=0.500, z=-0.158, stop_count=0, roi_count=102, nearest_x=0.46, clear_frames=627
[INFO] [1783771314.833401180] [unitree_safe_cmd_node]: Move x=0.500, z=-0.409, stop_count=13, roi_count=102, nearest_x=0.35, clear_frames=631
[INFO] [1783771315.383216935] [unitree_safe_cmd_node]: Move x=0.500, z=-0.381, stop_count=0, roi_count=9, nearest_x=0.45, clear_frames=637
[INFO] [1783771315.883537295] [unitree_safe_cmd_node]: Move x=0.250, z=-0.450, stop_count=0, roi_count=0, nearest_x=inf, clear_frames=642
[INFO] [1783771316.382938730] [unitree_safe_cmd_node]: Move x=0.250, z=-0.450, stop_count=0, roi_count=0, nearest_x=inf, clear_frames=647
[INFO] [1783771316.883302013] [unitree_safe_cmd_node]: Move x=0.000, z=-0.450, stop_count=0, roi_count=0, nearest_x=inf, clear_frames=652
[INFO] [1783771317.397144888] [unitree_safe_cmd_node]: Move x=0.000, z=-0.450, stop_count=0, roi_count=0, nearest_x=inf, clear_frames=657
[INFO] [1783771317.933242443] [unitree_safe_cmd_node]: Move x=0.000, z=-0.450, stop_count=0, roi_count=0, nearest_x=inf, clear_frames=662
[INFO] [1783771318.482883064] [unitree_safe_cmd_node]: Move x=0.000, z=0.450, stop_count=0, roi_count=0, nearest_x=inf, clear_frames=667
[INFO] [1783771318.983107237] [unitree_safe_cmd_node]: Move x=0.000, z=0.450, stop_count=0, roi_count=0, nearest_x=inf, clear_frames=672
[INFO] [1783771319.532954486] [unitree_safe_cmd_node]: Move x=0.000, z=0.450, stop_count=0, roi_count=0, nearest_x=inf, clear_frames=677
[INFO] [1783771320.034535258] [unitree_safe_cmd_node]: Move x=0.000, z=0.450, stop_count=0, roi_count=0, nearest_x=inf, clear_frames=682
[INFO] [1783771320.532982406] [unitree_safe_cmd_node]: Move x=0.000, z=0.450, stop_count=0, roi_count=0, nearest_x=inf, clear_frames=687
[INFO] [1783771321.083182286] [unitree_safe_cmd_node]: Move x=0.000, z=0.450, stop_count=0, roi_count=0, nearest_x=inf, clear_frames=693
[INFO] [1783771321.584767979] [unitree_safe_cmd_node]: Move x=0.000, z=0.450, stop_count=0, roi_count=0, nearest_x=inf, clear_frames=698
[INFO] [1783771322.134233325] [unitree_safe_cmd_node]: Move x=0.000, z=0.450, stop_count=0, roi_count=0, nearest_x=inf, clear_frames=703
[INFO] [1783771322.635406520] [unitree_safe_cmd_node]: Move x=0.000, z=-0.450, stop_count=0, roi_count=0, nearest_x=inf, clear_frames=708
[INFO] [1783771323.182969585] [unitree_safe_cmd_node]: Move x=0.000, z=-0.450, stop_count=0, roi_count=0, nearest_x=inf, clear_frames=714
[INFO] [1783771323.683503600] [unitree_safe_cmd_node]: Move x=0.000, z=-0.450, stop_count=0, roi_count=0, nearest_x=inf, clear_frames=719
[INFO] [1783771324.190083094] [unitree_safe_cmd_node]: Move x=0.000, z=-0.450, stop_count=0, roi_count=0, nearest_x=inf, clear_frames=724
[INFO] [1783771324.733280088] [unitree_safe_cmd_node]: Move x=0.000, z=-0.450, stop_count=0, roi_count=0, nearest_x=inf, clear_frames=729
[INFO] [1783771325.284358133] [unitree_safe_cmd_node]: Move x=0.000, z=-0.450, stop_count=0, roi_count=0, nearest_x=inf, clear_frames=735
[INFO] [1783771325.832959167] [unitree_safe_cmd_node]: Move x=0.000, z=-0.450, stop_count=0, roi_count=0, nearest_x=inf, clear_frames=740
[INFO] [1783771326.334432276] [unitree_safe_cmd_node]: Move x=0.000, z=-0.450, stop_count=0, roi_count=67, nearest_x=0.66, clear_frames=745
[INFO] [1783771326.833129932] [unitree_safe_cmd_node]: Move x=0.000, z=-0.450, stop_count=0, roi_count=110, nearest_x=0.51, clear_frames=750
[INFO] [1783771327.384644436] [unitree_safe_cmd_node]: Move x=0.000, z=-0.450, stop_count=0, roi_count=119, nearest_x=0.44, clear_frames=756
[WARN] [1783771327.580355535] [unitree_safe_cmd_node]: OBSTACLE DETECTED: stop_count=16, roi_count=73, nearest_x=0.35
[WARN] [1783771327.934796536] [unitree_safe_cmd_node]: SAFE OVERRIDE obstacle: Move x=0.000, z=0.000, raw_x=0.000, raw_z=-0.450, stop_count=21, roi_count=79, nearest_x=0.35, clear_frames=0
[WARN] [1783771328.437995416] [unitree_safe_cmd_node]: SAFE OVERRIDE obstacle: Move x=0.000, z=0.000, raw_x=0.000, raw_z=-0.450, stop_count=34, roi_count=59, nearest_x=0.35, clear_frames=0
[INFO] [1783771328.974541473] [unitree_safe_cmd_node]: obstacle cleared after 5 clear frames, resume move
[INFO] [1783771328.982786215] [unitree_safe_cmd_node]: Move x=0.000, z=-0.450, stop_count=9, roi_count=19, nearest_x=0.35, clear_frames=5
[INFO] [1783771329.534254884] [unitree_safe_cmd_node]: Move x=0.000, z=-0.450, stop_count=1, roi_count=13, nearest_x=0.39, clear_frames=10
[INFO] [1783771330.084383287] [unitree_safe_cmd_node]: Move x=0.000, z=-0.450, stop_count=1, roi_count=5, nearest_x=0.36, clear_frames=16
[INFO] [1783771330.583145684] [unitree_safe_cmd_node]: Move x=0.000, z=-0.450, stop_count=0, roi_count=8, nearest_x=0.74, clear_frames=21
[INFO] [1783771331.134747775] [unitree_safe_cmd_node]: Move x=0.000, z=-0.450, stop_count=0, roi_count=0, nearest_x=inf, clear_frames=26
[INFO] [1783771331.639472503] [unitree_safe_cmd_node]: Move x=0.000, z=-0.450, stop_count=1, roi_count=2, nearest_x=0.35, clear_frames=31
[INFO] [1783771332.182986495] [unitree_safe_cmd_node]: Move x=0.000, z=-0.450, stop_count=5, roi_count=7, nearest_x=0.35, clear_frames=37
[WARN] [1783771332.274875690] [unitree_safe_cmd_node]: OBSTACLE DETECTED: stop_count=17, roi_count=22, nearest_x=0.35
[WARN] [1783771332.733201158] [unitree_safe_cmd_node]: SAFE OVERRIDE obstacle: Move x=0.000, z=0.000, raw_x=0.000, raw_z=-0.450, stop_count=25, roi_count=48, nearest_x=0.35, clear_frames=0
[WARN] [1783771333.233186036] [unitree_safe_cmd_node]: SAFE OVERRIDE obstacle: Move x=0.000, z=0.000, raw_x=0.000, raw_z=-0.450, stop_count=7, roi_count=65, nearest_x=0.37, clear_frames=2
[INFO] [1783771333.476349144] [unitree_safe_cmd_node]: obstacle cleared after 5 clear frames, resume move
[WARN] [1783771333.777869545] [unitree_safe_cmd_node]: OBSTACLE DETECTED: stop_count=19, roi_count=63, nearest_x=0.35
[WARN] [1783771333.784067442] [unitree_safe_cmd_node]: SAFE OVERRIDE obstacle: Move x=0.000, z=0.000, raw_x=0.000, raw_z=-0.450, stop_count=19, roi_count=63, nearest_x=0.35, clear_frames=0
[WARN] [1783771334.333066332] [unitree_safe_cmd_node]: SAFE OVERRIDE obstacle: Move x=0.000, z=0.000, raw_x=0.000, raw_z=-0.450, stop_count=6, roi_count=10, nearest_x=0.36, clear_frames=2
[INFO] [1783771334.578302199] [unitree_safe_cmd_node]: obstacle cleared after 5 clear frames, resume move
[INFO] [1783771334.882935319] [unitree_safe_cmd_node]: Move x=0.000, z=-0.450, stop_count=1, roi_count=3, nearest_x=0.36, clear_frames=8
[INFO] [1783771335.383684213] [unitree_safe_cmd_node]: Move x=0.000, z=-0.450, stop_count=0, roi_count=2, nearest_x=0.45, clear_frames=11
[INFO] [1783771335.932870928] [unitree_safe_cmd_node]: Move x=0.000, z=-0.450, stop_count=0, roi_count=0, nearest_x=inf, clear_frames=17
[INFO] [1783771336.432963472] [unitree_safe_cmd_node]: Move x=0.000, z=-0.450, stop_count=0, roi_count=0, nearest_x=inf, clear_frames=22
[INFO] [1783771336.933043060] [unitree_safe_cmd_node]: Move x=0.000, z=-0.450, stop_count=0, roi_count=0, nearest_x=inf, clear_frames=27
[INFO] [1783771337.483845261] [unitree_safe_cmd_node]: Move x=0.000, z=-0.450, stop_count=0, roi_count=0, nearest_x=inf, clear_frames=33
[INFO] [1783771338.032969589] [unitree_safe_cmd_node]: Move x=0.000, z=-0.450, stop_count=0, roi_count=0, nearest_x=inf, clear_frames=38
[INFO] [1783771338.534677268] [unitree_safe_cmd_node]: Move x=0.000, z=-0.450, stop_count=0, roi_count=0, nearest_x=inf, clear_frames=43
[INFO] [1783771339.082972650] [unitree_safe_cmd_node]: Move x=0.000, z=-0.450, stop_count=0, roi_count=0, nearest_x=inf, clear_frames=48
[INFO] [1783771339.583286035] [unitree_safe_cmd_node]: Move x=0.000, z=-0.450, stop_count=0, roi_count=0, nearest_x=inf, clear_frames=53
[INFO] [1783771340.132885058] [unitree_safe_cmd_node]: Move x=0.250, z=-0.450, stop_count=2, roi_count=2, nearest_x=0.37, clear_frames=59
[INFO] [1783771340.682896794] [unitree_safe_cmd_node]: Move x=0.250, z=-0.450, stop_count=0, roi_count=0, nearest_x=inf, clear_frames=65
[INFO] [1783771341.183031803] [unitree_safe_cmd_node]: Move x=0.250, z=-0.450, stop_count=0, roi_count=0, nearest_x=inf, clear_frames=70
[INFO] [1783771341.732970927] [unitree_safe_cmd_node]: Move x=0.250, z=-0.450, stop_count=0, roi_count=0, nearest_x=inf, clear_frames=75
[INFO] [1783771342.233106612] [unitree_safe_cmd_node]: Move x=0.250, z=-0.450, stop_count=0, roi_count=0, nearest_x=inf, clear_frames=79
[INFO] [1783771342.783829345] [unitree_safe_cmd_node]: Move x=0.250, z=-0.450, stop_count=0, roi_count=0, nearest_x=inf, clear_frames=85
[INFO] [1783771343.332898859] [unitree_safe_cmd_node]: Move x=0.500, z=-0.347, stop_count=0, roi_count=0, nearest_x=inf, clear_frames=90
[INFO] [1783771343.833115399] [unitree_safe_cmd_node]: Move x=0.500, z=-0.340, stop_count=0, roi_count=0, nearest_x=inf, clear_frames=95
[INFO] [1783771344.382931367] [unitree_safe_cmd_node]: Move x=0.500, z=-0.301, stop_count=0, roi_count=0, nearest_x=inf, clear_frames=101
[INFO] [1783771344.883324309] [unitree_safe_cmd_node]: Move x=0.500, z=-0.251, stop_count=0, roi_count=0, nearest_x=inf, clear_frames=106
[INFO] [1783771345.432888411] [unitree_safe_cmd_node]: Move x=0.500, z=-0.195, stop_count=0, roi_count=2, nearest_x=0.89, clear_frames=111
[INFO] [1783771345.932899291] [unitree_safe_cmd_node]: Move x=0.500, z=-0.160, stop_count=0, roi_count=63, nearest_x=0.69, clear_frames=116
[INFO] [1783771346.435076033] [unitree_safe_cmd_node]: Move x=0.500, z=-0.111, stop_count=0, roi_count=140, nearest_x=0.50, clear_frames=121
[WARN] [1783771346.981556568] [unitree_safe_cmd_node]: OBSTACLE DETECTED: stop_count=15, roi_count=83, nearest_x=0.36
[WARN] [1783771346.983662305] [unitree_safe_cmd_node]: SAFE OVERRIDE obstacle: Move x=0.000, z=0.000, raw_x=0.500, raw_z=-0.023, stop_count=15, roi_count=83, nearest_x=0.36, clear_frames=0
[WARN] [1783771347.534335684] [unitree_safe_cmd_node]: SAFE OVERRIDE obstacle: Move x=0.000, z=0.000, raw_x=0.500, raw_z=-0.052, stop_count=15, roi_count=34, nearest_x=0.35, clear_frames=0
[WARN] [1783771348.083062548] [unitree_safe_cmd_node]: SAFE OVERRIDE obstacle: Move x=0.000, z=0.000, raw_x=0.500, raw_z=-0.030, stop_count=7, roi_count=17, nearest_x=0.36, clear_frames=2
[WARN] [1783771348.583091718] [unitree_safe_cmd_node]: SAFE OVERRIDE obstacle: Move x=0.000, z=0.000, raw_x=0.500, raw_z=-0.027, stop_count=18, roi_count=35, nearest_x=0.35, clear_frames=0
[WARN] [1783771349.133020154] [unitree_safe_cmd_node]: SAFE OVERRIDE obstacle: Move x=0.000, z=0.000, raw_x=0.500, raw_z=-0.032, stop_count=16, roi_count=27, nearest_x=0.35, clear_frames=0
[WARN] [1783771349.633290975] [unitree_safe_cmd_node]: SAFE OVERRIDE obstacle: Move x=0.000, z=0.000, raw_x=0.500, raw_z=-0.035, stop_count=16, roi_count=32, nearest_x=0.35, clear_frames=0
[WARN] [1783771350.133220101] [unitree_safe_cmd_node]: SAFE OVERRIDE obstacle: Move x=0.000, z=0.000, raw_x=0.500, raw_z=-0.034, stop_count=13, roi_count=32, nearest_x=0.35, clear_frames=4
[WARN] [1783771350.683137895] [unitree_safe_cmd_node]: SAFE OVERRIDE obstacle: Move x=0.000, z=0.000, raw_x=0.500, raw_z=-0.030, stop_count=12, roi_count=28, nearest_x=0.37, clear_frames=2
[WARN] [1783771351.232990062] [unitree_safe_cmd_node]: SAFE OVERRIDE obstacle: Move x=0.000, z=0.000, raw_x=0.500, raw_z=-0.030, stop_count=13, roi_count=25, nearest_x=0.35, clear_frames=1
[WARN] [1783771351.783548722] [unitree_safe_cmd_node]: SAFE OVERRIDE obstacle: Move x=0.000, z=0.000, raw_x=0.500, raw_z=-0.035, stop_count=9, roi_count=32, nearest_x=0.37, clear_frames=4
[INFO] [1783771351.877228466] [unitree_safe_cmd_node]: obstacle cleared after 5 clear frames, resume move
[INFO] [1783771352.332896062] [unitree_safe_cmd_node]: Move x=0.500, z=-0.060, stop_count=0, roi_count=0, nearest_x=inf, clear_frames=9
[INFO] [1783771352.883033356] [unitree_safe_cmd_node]: Move x=0.500, z=-0.064, stop_count=0, roi_count=0, nearest_x=inf, clear_frames=15
[INFO] [1783771353.383521185] [unitree_safe_cmd_node]: Move x=0.500, z=-0.033, stop_count=0, roi_count=0, nearest_x=inf, clear_frames=19
[INFO] [1783771353.932932630] [unitree_safe_cmd_node]: Move x=0.500, z=-0.009, stop_count=0, roi_count=0, nearest_x=inf, clear_frames=25
[INFO] [1783771354.432917066] [unitree_safe_cmd_node]: Move x=0.500, z=-0.038, stop_count=0, roi_count=0, nearest_x=inf, clear_frames=30
[INFO] [1783771354.983051528] [unitree_safe_cmd_node]: Move x=0.500, z=-0.049, stop_count=0, roi_count=0, nearest_x=inf, clear_frames=36
[INFO] [1783771355.532888346] [unitree_safe_cmd_node]: Move x=0.500, z=-0.018, stop_count=5, roi_count=107, nearest_x=0.36, clear_frames=41
[INFO] [1783771356.082895811] [unitree_safe_cmd_node]: Move x=0.250, z=0.450, stop_count=0, roi_count=0, nearest_x=inf, clear_frames=47
[INFO] [1783771356.583463108] [unitree_safe_cmd_node]: Move x=0.000, z=0.450, stop_count=0, roi_count=0, nearest_x=inf, clear_frames=51
[INFO] [1783771357.133012050] [unitree_safe_cmd_node]: Move x=0.000, z=0.450, stop_count=0, roi_count=0, nearest_x=inf, clear_frames=56
[INFO] [1783771357.632949536] [unitree_safe_cmd_node]: Move x=0.000, z=0.450, stop_count=0, roi_count=0, nearest_x=inf, clear_frames=61
[INFO] [1783771358.183039650] [unitree_safe_cmd_node]: Move x=0.000, z=0.450, stop_count=0, roi_count=0, nearest_x=inf, clear_frames=67
[INFO] [1783771358.684539376] [unitree_safe_cmd_node]: Move x=0.000, z=0.450, stop_count=0, roi_count=0, nearest_x=inf, clear_frames=72
[INFO] [1783771359.232903272] [unitree_safe_cmd_node]: Move x=0.000, z=0.450, stop_count=0, roi_count=0, nearest_x=inf, clear_frames=77
[INFO] [1783771359.787911631] [unitree_safe_cmd_node]: Move x=0.000, z=0.450, stop_count=0, roi_count=0, nearest_x=inf, clear_frames=83
[INFO] [1783771360.333943514] [unitree_safe_cmd_node]: Move x=0.000, z=0.450, stop_count=0, roi_count=0, nearest_x=inf, clear_frames=88
[INFO] [1783771360.882917556] [unitree_safe_cmd_node]: Move x=0.000, z=0.450, stop_count=0, roi_count=0, nearest_x=inf, clear_frames=94
[INFO] [1783771361.383416773] [unitree_safe_cmd_node]: Move x=0.000, z=0.450, stop_count=0, roi_count=0, nearest_x=inf, clear_frames=99
[INFO] [1783771361.932830403] [unitree_safe_cmd_node]: Move x=0.000, z=-0.450, stop_count=0, roi_count=0, nearest_x=inf, clear_frames=104
[INFO] [1783771362.432987103] [unitree_safe_cmd_node]: Move x=0.000, z=-0.450, stop_count=0, roi_count=0, nearest_x=inf, clear_frames=109
[INFO] [1783771362.982837728] [unitree_safe_cmd_node]: Move x=0.000, z=-0.450, stop_count=0, roi_count=0, nearest_x=inf, clear_frames=115
[INFO] [1783771363.492018524] [unitree_safe_cmd_node]: Move x=0.000, z=-0.450, stop_count=0, roi_count=0, nearest_x=inf, clear_frames=120
[INFO] [1783771364.033077852] [unitree_safe_cmd_node]: Move x=0.000, z=-0.450, stop_count=0, roi_count=0, nearest_x=inf, clear_frames=125
[INFO] [1783771364.532996639] [unitree_safe_cmd_node]: Move x=0.250, z=-0.450, stop_count=0, roi_count=0, nearest_x=inf, clear_frames=130
[INFO] [1783771365.033119963] [unitree_safe_cmd_node]: Move x=0.250, z=-0.450, stop_count=0, roi_count=0, nearest_x=inf, clear_frames=135
[INFO] [1783771365.582891398] [unitree_safe_cmd_node]: Move x=0.250, z=-0.450, stop_count=0, roi_count=0, nearest_x=inf, clear_frames=141
[INFO] [1783771366.082972461] [unitree_safe_cmd_node]: Move x=0.500, z=-0.419, stop_count=0, roi_count=0, nearest_x=inf, clear_frames=146
[INFO] [1783771366.633004742] [unitree_safe_cmd_node]: Move x=0.500, z=-0.303, stop_count=0, roi_count=0, nearest_x=inf, clear_frames=151
[INFO] [1783771367.133074972] [unitree_safe_cmd_node]: Move x=0.500, z=-0.252, stop_count=0, roi_count=0, nearest_x=inf, clear_frames=156
[INFO] [1783771367.633110328] [unitree_safe_cmd_node]: Move x=0.500, z=-0.269, stop_count=0, roi_count=0, nearest_x=inf, clear_frames=161
[INFO] [1783771368.182931470] [unitree_safe_cmd_node]: Move x=0.500, z=-0.445, stop_count=0, roi_count=0, nearest_x=inf, clear_frames=167
[INFO] [1783771368.682968280] [unitree_safe_cmd_node]: Move x=0.500, z=-0.362, stop_count=0, roi_count=0, nearest_x=inf, clear_frames=172
[INFO] [1783771369.232960401] [unitree_safe_cmd_node]: Move x=0.500, z=-0.441, stop_count=0, roi_count=0, nearest_x=inf, clear_frames=177
[INFO] [1783771369.784024394] [unitree_safe_cmd_node]: Move x=0.500, z=-0.438, stop_count=0, roi_count=0, nearest_x=inf, clear_frames=183
[INFO] [1783771370.284852257] [unitree_safe_cmd_node]: Move x=0.500, z=-0.435, stop_count=0, roi_count=0, nearest_x=inf, clear_frames=188
[INFO] [1783771370.832971295] [unitree_safe_cmd_node]: Move x=0.500, z=-0.433, stop_count=0, roi_count=0, nearest_x=inf, clear_frames=193
[INFO] [1783771371.383063011] [unitree_safe_cmd_node]: Move x=0.500, z=-0.434, stop_count=0, roi_count=0, nearest_x=inf, clear_frames=198
[INFO] [1783771371.932933971] [unitree_safe_cmd_node]: Move x=0.500, z=-0.435, stop_count=0, roi_count=0, nearest_x=inf, clear_frames=204
[INFO] [1783771372.482979617] [unitree_safe_cmd_node]: Move x=0.500, z=-0.432, stop_count=0, roi_count=0, nearest_x=inf, clear_frames=210
[INFO] [1783771372.983039392] [unitree_safe_cmd_node]: Move x=0.500, z=-0.440, stop_count=0, roi_count=0, nearest_x=inf, clear_frames=215
[INFO] [1783771373.483385899] [unitree_safe_cmd_node]: Move x=0.500, z=-0.434, stop_count=0, roi_count=0, nearest_x=inf, clear_frames=220
[INFO] [1783771374.033352544] [unitree_safe_cmd_node]: Move x=0.500, z=-0.436, stop_count=0, roi_count=0, nearest_x=inf, clear_frames=224
[INFO] [1783771374.582900114] [unitree_safe_cmd_node]: Move x=0.500, z=-0.431, stop_count=0, roi_count=0, nearest_x=inf, clear_frames=230
[INFO] [1783771375.082952521] [unitree_safe_cmd_node]: Move x=0.500, z=-0.434, stop_count=0, roi_count=0, nearest_x=inf, clear_frames=235
[INFO] [1783771375.583068273] [unitree_safe_cmd_node]: Move x=0.500, z=-0.436, stop_count=0, roi_count=0, nearest_x=inf, clear_frames=240
[INFO] [1783771376.132886576] [unitree_safe_cmd_node]: Move x=0.500, z=-0.436, stop_count=0, roi_count=0, nearest_x=inf, clear_frames=245
[INFO] [1783771376.634599188] [unitree_safe_cmd_node]: Move x=0.500, z=-0.432, stop_count=0, roi_count=0, nearest_x=inf, clear_frames=250
[INFO] [1783771377.192682300] [unitree_safe_cmd_node]: Move x=0.500, z=-0.437, stop_count=0, roi_count=0, nearest_x=inf, clear_frames=256
[INFO] [1783771377.695097722] [unitree_safe_cmd_node]: Move x=0.500, z=-0.440, stop_count=0, roi_count=0, nearest_x=inf, clear_frames=260
[INFO] [1783771378.233186514] [unitree_safe_cmd_node]: Move x=0.500, z=-0.432, stop_count=0, roi_count=0, nearest_x=inf, clear_frames=265
[INFO] [1783771378.783678971] [unitree_safe_cmd_node]: Move x=0.500, z=-0.438, stop_count=0, roi_count=0, nearest_x=inf, clear_frames=271
[INFO] [1783771379.332931424] [unitree_safe_cmd_node]: Move x=0.500, z=-0.438, stop_count=0, roi_count=0, nearest_x=inf, clear_frames=276
[INFO] [1783771379.882963489] [unitree_safe_cmd_node]: Move x=0.500, z=-0.440, stop_count=0, roi_count=0, nearest_x=inf, clear_frames=282
[INFO] [1783771380.432888093] [unitree_safe_cmd_node]: Move x=0.500, z=-0.434, stop_count=0, roi_count=0, nearest_x=inf, clear_frames=287
[INFO] [1783771380.935677474] [unitree_safe_cmd_node]: Move x=0.500, z=-0.439, stop_count=0, roi_count=0, nearest_x=inf, clear_frames=292
[INFO] [1783771381.483259651] [unitree_safe_cmd_node]: Move x=0.500, z=-0.437, stop_count=0, roi_count=0, nearest_x=inf, clear_frames=298
[INFO] [1783771382.044337197] [unitree_safe_cmd_node]: Move x=0.500, z=-0.437, stop_count=0, roi_count=0, nearest_x=inf, clear_frames=303
[INFO] [1783771382.582930123] [unitree_safe_cmd_node]: Move x=0.500, z=-0.435, stop_count=0, roi_count=0, nearest_x=inf, clear_frames=309
[INFO] [1783771383.132878338] [unitree_safe_cmd_node]: Move x=0.500, z=-0.437, stop_count=0, roi_count=0, nearest_x=inf, clear_frames=314
[INFO] [1783771383.633054941] [unitree_safe_cmd_node]: Move x=0.500, z=-0.437, stop_count=0, roi_count=0, nearest_x=inf, clear_frames=319
[INFO] [1783771384.134228553] [unitree_safe_cmd_node]: Move x=0.500, z=-0.441, stop_count=0, roi_count=0, nearest_x=inf, clear_frames=324
[INFO] [1783771384.683407771] [unitree_safe_cmd_node]: Move x=0.500, z=-0.438, stop_count=0, roi_count=0, nearest_x=inf, clear_frames=329
[INFO] [1783771385.232882449] [unitree_safe_cmd_node]: Move x=0.500, z=-0.438, stop_count=0, roi_count=0, nearest_x=inf, clear_frames=334
[INFO] [1783771385.783686305] [unitree_safe_cmd_node]: Move x=0.500, z=-0.437, stop_count=0, roi_count=0, nearest_x=inf, clear_frames=340
[INFO] [1783771386.333016977] [unitree_safe_cmd_node]: Move x=0.500, z=-0.439, stop_count=0, roi_count=0, nearest_x=inf, clear_frames=345
[INFO] [1783771386.832943175] [unitree_safe_cmd_node]: Move x=0.500, z=-0.441, stop_count=0, roi_count=0, nearest_x=inf, clear_frames=350
[INFO] [1783771387.383084859] [unitree_safe_cmd_node]: Move x=0.500, z=-0.435, stop_count=0, roi_count=0, nearest_x=inf, clear_frames=356
[INFO] [1783771387.884671891] [unitree_safe_cmd_node]: Move x=0.500, z=-0.437, stop_count=0, roi_count=0, nearest_x=inf, clear_frames=359
[INFO] [1783771388.432932062] [unitree_safe_cmd_node]: Move x=0.500, z=-0.435, stop_count=0, roi_count=0, nearest_x=inf, clear_frames=364
[INFO] [1783771388.982948494] [unitree_safe_cmd_node]: Move x=0.500, z=-0.444, stop_count=0, roi_count=0, nearest_x=inf, clear_frames=370
[INFO] [1783771389.482932961] [unitree_safe_cmd_node]: Move x=0.500, z=-0.438, stop_count=0, roi_count=0, nearest_x=inf, clear_frames=375
[INFO] [1783771390.032916694] [unitree_safe_cmd_node]: Move x=0.500, z=-0.439, stop_count=0, roi_count=0, nearest_x=inf, clear_frames=380
[INFO] [1783771390.583180081] [unitree_safe_cmd_node]: Move x=0.500, z=-0.438, stop_count=0, roi_count=0, nearest_x=inf, clear_frames=386
[INFO] [1783771391.099000858] [unitree_safe_cmd_node]: Move x=0.500, z=-0.440, stop_count=0, roi_count=0, nearest_x=inf, clear_frames=391
[INFO] [1783771391.633063206] [unitree_safe_cmd_node]: Move x=0.500, z=-0.436, stop_count=0, roi_count=0, nearest_x=inf, clear_frames=396
[INFO] [1783771392.182964258] [unitree_safe_cmd_node]: Move x=0.500, z=-0.440, stop_count=0, roi_count=0, nearest_x=inf, clear_frames=402
[INFO] [1783771392.686189748] [unitree_safe_cmd_node]: Move x=0.500, z=-0.438, stop_count=0, roi_count=0, nearest_x=inf, clear_frames=407
[INFO] [1783771393.233515735] [unitree_safe_cmd_node]: Move x=0.500, z=-0.434, stop_count=0, roi_count=0, nearest_x=inf, clear_frames=412
[INFO] [1783771393.784318532] [unitree_safe_cmd_node]: Move x=0.500, z=-0.440, stop_count=0, roi_count=0, nearest_x=inf, clear_frames=418
[INFO] [1783771394.283686447] [unitree_safe_cmd_node]: Move x=0.500, z=-0.439, stop_count=0, roi_count=0, nearest_x=inf, clear_frames=423
[INFO] [1783771394.785246738] [unitree_safe_cmd_node]: Move x=0.500, z=-0.441, stop_count=0, roi_count=0, nearest_x=inf, clear_frames=427
[INFO] [1783771395.332886183] [unitree_safe_cmd_node]: Move x=0.500, z=-0.434, stop_count=0, roi_count=0, nearest_x=inf, clear_frames=433
[INFO] [1783771395.882967024] [unitree_safe_cmd_node]: Move x=0.500, z=-0.434, stop_count=0, roi_count=0, nearest_x=inf, clear_frames=439
[INFO] [1783771396.432896493] [unitree_safe_cmd_node]: Move x=0.500, z=-0.442, stop_count=0, roi_count=0, nearest_x=inf, clear_frames=444
[INFO] [1783771396.932899021] [unitree_safe_cmd_node]: Move x=0.500, z=-0.438, stop_count=0, roi_count=0, nearest_x=inf, clear_frames=449
[INFO] [1783771397.432967386] [unitree_safe_cmd_node]: Move x=0.500, z=-0.437, stop_count=0, roi_count=0, nearest_x=inf, clear_frames=454
[INFO] [1783771397.933736853] [unitree_safe_cmd_node]: Move x=0.500, z=-0.438, stop_count=0, roi_count=0, nearest_x=inf, clear_frames=459
[INFO] [1783771398.483328985] [unitree_safe_cmd_node]: Move x=0.500, z=-0.436, stop_count=0, roi_count=0, nearest_x=inf, clear_frames=463
[INFO] [1783771399.032906364] [unitree_safe_cmd_node]: Move x=0.500, z=-0.441, stop_count=0, roi_count=0, nearest_x=inf, clear_frames=468
[INFO] [1783771399.532956305] [unitree_safe_cmd_node]: Move x=0.500, z=-0.437, stop_count=0, roi_count=0, nearest_x=inf, clear_frames=473
[INFO] [1783771400.033000582] [unitree_safe_cmd_node]: Move x=0.500, z=-0.441, stop_count=0, roi_count=0, nearest_x=inf, clear_frames=478
[INFO] [1783771400.582919706] [unitree_safe_cmd_node]: Move x=0.500, z=-0.438, stop_count=0, roi_count=0, nearest_x=inf, clear_frames=484
[INFO] [1783771401.083005497] [unitree_safe_cmd_node]: Move x=0.500, z=-0.437, stop_count=0, roi_count=0, nearest_x=inf, clear_frames=489
[INFO] [1783771401.589926363] [unitree_safe_cmd_node]: Move x=0.500, z=-0.442, stop_count=0, roi_count=0, nearest_x=inf, clear_frames=494
[INFO] [1783771402.132876935] [unitree_safe_cmd_node]: Move x=0.500, z=-0.440, stop_count=0, roi_count=0, nearest_x=inf, clear_frames=499
[INFO] [1783771402.632944877] [unitree_safe_cmd_node]: Move x=0.500, z=-0.436, stop_count=0, roi_count=0, nearest_x=inf, clear_frames=504
[INFO] [1783771403.182927348] [unitree_safe_cmd_node]: Move x=0.500, z=-0.441, stop_count=0, roi_count=0, nearest_x=inf, clear_frames=510
[INFO] [1783771403.732880763] [unitree_safe_cmd_node]: Move x=0.500, z=-0.437, stop_count=0, roi_count=0, nearest_x=inf, clear_frames=515
[INFO] [1783771404.233057620] [unitree_safe_cmd_node]: Move x=0.500, z=-0.438, stop_count=0, roi_count=0, nearest_x=inf, clear_frames=520
[INFO] [1783771404.733206411] [unitree_safe_cmd_node]: Move x=0.500, z=-0.440, stop_count=0, roi_count=0, nearest_x=inf, clear_frames=525
[INFO] [1783771405.282917598] [unitree_safe_cmd_node]: Move x=0.500, z=-0.438, stop_count=0, roi_count=0, nearest_x=inf, clear_frames=531
[INFO] [1783771405.783904728] [unitree_safe_cmd_node]: Move x=0.500, z=-0.439, stop_count=0, roi_count=0, nearest_x=inf, clear_frames=536
[INFO] [1783771406.333861996] [unitree_safe_cmd_node]: Move x=0.500, z=-0.441, stop_count=0, roi_count=0, nearest_x=inf, clear_frames=541
[INFO] [1783771406.882934238] [unitree_safe_cmd_node]: Move x=0.500, z=-0.444, stop_count=0, roi_count=0, nearest_x=inf, clear_frames=547
[INFO] [1783771407.433012165] [unitree_safe_cmd_node]: Move x=0.500, z=-0.441, stop_count=0, roi_count=0, nearest_x=inf, clear_frames=552
[INFO] [1783771407.932984149] [unitree_safe_cmd_node]: Move x=0.500, z=-0.441, stop_count=0, roi_count=0, nearest_x=inf, clear_frames=557
[INFO] [1783771408.433134492] [unitree_safe_cmd_node]: Move x=0.500, z=-0.434, stop_count=0, roi_count=0, nearest_x=inf, clear_frames=562
[INFO] [1783771408.982948970] [unitree_safe_cmd_node]: Move x=0.500, z=-0.440, stop_count=0, roi_count=0, nearest_x=inf, clear_frames=568
[INFO] [1783771409.533100802] [unitree_safe_cmd_node]: Move x=0.500, z=-0.442, stop_count=0, roi_count=0, nearest_x=inf, clear_frames=573
[INFO] [1783771410.082924566] [unitree_safe_cmd_node]: Move x=0.500, z=-0.437, stop_count=0, roi_count=0, nearest_x=inf, clear_frames=579
[INFO] [1783771410.632899390] [unitree_safe_cmd_node]: Move x=0.500, z=-0.437, stop_count=0, roi_count=0, nearest_x=inf, clear_frames=584
[INFO] [1783771411.183052188] [unitree_safe_cmd_node]: Move x=0.500, z=-0.439, stop_count=0, roi_count=0, nearest_x=inf, clear_frames=590
[INFO] [1783771411.686717657] [unitree_safe_cmd_node]: Move x=0.500, z=-0.437, stop_count=0, roi_count=0, nearest_x=inf, clear_frames=594
[INFO] [1783771412.232969509] [unitree_safe_cmd_node]: Move x=0.500, z=-0.442, stop_count=0, roi_count=0, nearest_x=inf, clear_frames=599
[INFO] [1783771412.785034271] [unitree_safe_cmd_node]: Move x=0.500, z=-0.439, stop_count=0, roi_count=0, nearest_x=inf, clear_frames=605
[INFO] [1783771413.333054646] [unitree_safe_cmd_node]: Move x=0.500, z=-0.437, stop_count=0, roi_count=0, nearest_x=inf, clear_frames=610
[INFO] [1783771413.883142422] [unitree_safe_cmd_node]: Move x=0.500, z=-0.439, stop_count=0, roi_count=0, nearest_x=inf, clear_frames=616
[INFO] [1783771414.433048772] [unitree_safe_cmd_node]: Move x=0.500, z=-0.435, stop_count=0, roi_count=0, nearest_x=inf, clear_frames=621
[INFO] [1783771414.936804661] [unitree_safe_cmd_node]: Move x=0.500, z=-0.439, stop_count=0, roi_count=0, nearest_x=inf, clear_frames=626
[INFO] [1783771415.486192749] [unitree_safe_cmd_node]: Move x=0.500, z=-0.440, stop_count=0, roi_count=0, nearest_x=inf, clear_frames=631
[INFO] [1783771416.033110192] [unitree_safe_cmd_node]: Move x=0.500, z=-0.440, stop_count=0, roi_count=0, nearest_x=inf, clear_frames=636
[INFO] [1783771416.582943582] [unitree_safe_cmd_node]: Move x=0.500, z=-0.439, stop_count=0, roi_count=0, nearest_x=inf, clear_frames=642
[INFO] [1783771417.132996901] [unitree_safe_cmd_node]: Move x=0.500, z=-0.441, stop_count=0, roi_count=0, nearest_x=inf, clear_frames=647
[INFO] [1783771417.684333150] [unitree_safe_cmd_node]: Move x=0.500, z=-0.441, stop_count=0, roi_count=0, nearest_x=inf, clear_frames=653
[INFO] [1783771418.233065685] [unitree_safe_cmd_node]: Move x=0.500, z=-0.439, stop_count=0, roi_count=0, nearest_x=inf, clear_frames=658
[INFO] [1783771418.733304359] [unitree_safe_cmd_node]: Move x=0.500, z=-0.434, stop_count=0, roi_count=0, nearest_x=inf, clear_frames=663
[INFO] [1783771419.283203972] [unitree_safe_cmd_node]: Move x=0.500, z=-0.435, stop_count=0, roi_count=0, nearest_x=inf, clear_frames=669
[INFO] [1783771419.783614892] [unitree_safe_cmd_node]: Move x=0.500, z=-0.442, stop_count=0, roi_count=0, nearest_x=inf, clear_frames=674
[INFO] [1783771420.332942572] [unitree_safe_cmd_node]: Move x=0.500, z=-0.435, stop_count=0, roi_count=0, nearest_x=inf, clear_frames=679
[INFO] [1783771420.882900884] [unitree_safe_cmd_node]: Move x=0.500, z=-0.437, stop_count=0, roi_count=0, nearest_x=inf, clear_frames=685
[INFO] [1783771421.383046947] [unitree_safe_cmd_node]: Move x=0.500, z=-0.436, stop_count=0, roi_count=0, nearest_x=inf, clear_frames=690
[INFO] [1783771421.883951816] [unitree_safe_cmd_node]: Move x=0.500, z=-0.434, stop_count=0, roi_count=0, nearest_x=inf, clear_frames=694
[INFO] [1783771422.432843517] [unitree_safe_cmd_node]: Move x=0.500, z=-0.438, stop_count=0, roi_count=0, nearest_x=inf, clear_frames=700
[INFO] [1783771422.932896004] [unitree_safe_cmd_node]: Move x=0.500, z=-0.441, stop_count=0, roi_count=0, nearest_x=inf, clear_frames=705
[INFO] [1783771423.433078269] [unitree_safe_cmd_node]: Move x=0.500, z=-0.439, stop_count=0, roi_count=0, nearest_x=inf, clear_frames=710
[INFO] [1783771423.983340751] [unitree_safe_cmd_node]: Move x=0.500, z=-0.440, stop_count=0, roi_count=0, nearest_x=inf, clear_frames=716
[INFO] [1783771424.533093322] [unitree_safe_cmd_node]: Move x=0.500, z=-0.439, stop_count=0, roi_count=0, nearest_x=inf, clear_frames=721
[INFO] [1783771425.083080032] [unitree_safe_cmd_node]: Move x=0.500, z=-0.439, stop_count=0, roi_count=0, nearest_x=inf, clear_frames=727
[INFO] [1783771425.594005172] [unitree_safe_cmd_node]: Move x=0.500, z=-0.442, stop_count=0, roi_count=0, nearest_x=inf, clear_frames=731
[INFO] [1783771426.132913200] [unitree_safe_cmd_node]: Move x=0.500, z=-0.440, stop_count=0, roi_count=0, nearest_x=inf, clear_frames=737
[INFO] [1783771426.683038906] [unitree_safe_cmd_node]: Move x=0.500, z=-0.435, stop_count=0, roi_count=0, nearest_x=inf, clear_frames=743
[INFO] [1783771427.233025685] [unitree_safe_cmd_node]: Move x=0.500, z=-0.443, stop_count=0, roi_count=0, nearest_x=inf, clear_frames=748
[INFO] [1783771427.783576914] [unitree_safe_cmd_node]: Move x=0.500, z=-0.442, stop_count=0, roi_count=0, nearest_x=inf, clear_frames=754
[INFO] [1783771428.287488535] [unitree_safe_cmd_node]: Move x=0.500, z=-0.437, stop_count=0, roi_count=0, nearest_x=inf, clear_frames=759
[INFO] [1783771428.805517456] [unitree_safe_cmd_node]: Move x=0.500, z=-0.440, stop_count=0, roi_count=0, nearest_x=inf, clear_frames=764
[INFO] [1783771429.332880226] [unitree_safe_cmd_node]: Move x=0.500, z=-0.442, stop_count=0, roi_count=0, nearest_x=inf, clear_frames=769
[INFO] [1783771429.832935033] [unitree_safe_cmd_node]: Move x=0.500, z=-0.443, stop_count=0, roi_count=0, nearest_x=inf, clear_frames=774
[INFO] [1783771430.332950029] [unitree_safe_cmd_node]: Move x=0.500, z=-0.369, stop_count=0, roi_count=0, nearest_x=inf, clear_frames=779
[INFO] [1783771430.883062207] [unitree_safe_cmd_node]: Move x=0.500, z=-0.325, stop_count=0, roi_count=24, nearest_x=0.58, clear_frames=785
[INFO] [1783771431.433164305] [unitree_safe_cmd_node]: Move x=0.500, z=-0.280, stop_count=0, roi_count=23, nearest_x=0.58, clear_frames=790
[INFO] [1783771431.982881848] [unitree_safe_cmd_node]: Move x=0.500, z=-0.159, stop_count=0, roi_count=42, nearest_x=0.54, clear_frames=796
[INFO] [1783771432.485394344] [unitree_safe_cmd_node]: Move x=0.500, z=-0.195, stop_count=0, roi_count=64, nearest_x=0.53, clear_frames=801
[INFO] [1783771433.032984323] [unitree_safe_cmd_node]: Move x=0.500, z=-0.371, stop_count=0, roi_count=26, nearest_x=0.58, clear_frames=806
[INFO] [1783771433.582883746] [unitree_safe_cmd_node]: Move x=0.500, z=-0.354, stop_count=0, roi_count=26, nearest_x=0.57, clear_frames=812
[INFO] [1783771434.132904559] [unitree_safe_cmd_node]: Move x=0.500, z=-0.357, stop_count=0, roi_count=37, nearest_x=0.59, clear_frames=817
[INFO] [1783771434.632939405] [unitree_safe_cmd_node]: Move x=0.500, z=-0.363, stop_count=0, roi_count=40, nearest_x=0.58, clear_frames=822
[INFO] [1783771435.132941672] [unitree_safe_cmd_node]: Move x=0.500, z=-0.326, stop_count=0, roi_count=46, nearest_x=0.56, clear_frames=827
[INFO] [1783771435.634296092] [unitree_safe_cmd_node]: Move x=0.500, z=-0.270, stop_count=0, roi_count=32, nearest_x=0.63, clear_frames=832
[INFO] [1783771436.183005978] [unitree_safe_cmd_node]: Move x=0.500, z=-0.310, stop_count=0, roi_count=26, nearest_x=0.68, clear_frames=838
[INFO] [1783771436.684807425] [unitree_safe_cmd_node]: Move x=0.500, z=-0.344, stop_count=0, roi_count=9, nearest_x=0.81, clear_frames=843
[INFO] [1783771437.232897115] [unitree_safe_cmd_node]: Move x=0.500, z=-0.321, stop_count=0, roi_count=16, nearest_x=0.75, clear_frames=848
[INFO] [1783771437.783587675] [unitree_safe_cmd_node]: Move x=0.500, z=-0.326, stop_count=0, roi_count=11, nearest_x=0.71, clear_frames=854
[INFO] [1783771438.332898080] [unitree_safe_cmd_node]: Move x=0.500, z=-0.326, stop_count=0, roi_count=11, nearest_x=0.76, clear_frames=859
[INFO] [1783771438.833158301] [unitree_safe_cmd_node]: Move x=0.500, z=-0.318, stop_count=0, roi_count=10, nearest_x=0.73, clear_frames=864
[INFO] [1783771439.333267691] [unitree_safe_cmd_node]: Move x=0.500, z=-0.324, stop_count=0, roi_count=7, nearest_x=0.70, clear_frames=869
[INFO] [1783771439.882957757] [unitree_safe_cmd_node]: Move x=0.500, z=-0.328, stop_count=0, roi_count=14, nearest_x=0.71, clear_frames=875
[INFO] [1783771440.383044265] [unitree_safe_cmd_node]: Move x=0.500, z=-0.331, stop_count=0, roi_count=15, nearest_x=0.72, clear_frames=880
[INFO] [1783771440.932881774] [unitree_safe_cmd_node]: Move x=0.500, z=-0.320, stop_count=0, roi_count=19, nearest_x=0.72, clear_frames=885
[INFO] [1783771441.432877681] [unitree_safe_cmd_node]: Move x=0.500, z=-0.326, stop_count=0, roi_count=13, nearest_x=0.73, clear_frames=890
[INFO] [1783771441.985517938] [unitree_safe_cmd_node]: Move x=0.500, z=-0.325, stop_count=0, roi_count=12, nearest_x=0.72, clear_frames=895
[INFO] [1783771442.533738659] [unitree_safe_cmd_node]: Move x=0.500, z=-0.335, stop_count=0, roi_count=9, nearest_x=0.71, clear_frames=901
[INFO] [1783771443.082941315] [unitree_safe_cmd_node]: Move x=0.500, z=-0.320, stop_count=0, roi_count=14, nearest_x=0.73, clear_frames=907
[INFO] [1783771443.632903386] [unitree_safe_cmd_node]: Move x=0.500, z=-0.313, stop_count=0, roi_count=9, nearest_x=0.71, clear_frames=912
[INFO] [1783771444.182904789] [unitree_safe_cmd_node]: Move x=0.500, z=-0.326, stop_count=0, roi_count=11, nearest_x=0.72, clear_frames=918
[INFO] [1783771444.682937665] [unitree_safe_cmd_node]: Move x=0.500, z=-0.328, stop_count=0, roi_count=7, nearest_x=0.71, clear_frames=923
[INFO] [1783771445.232918460] [unitree_safe_cmd_node]: Move x=0.500, z=-0.328, stop_count=0, roi_count=11, nearest_x=0.71, clear_frames=928
[INFO] [1783771445.732989165] [unitree_safe_cmd_node]: Move x=0.500, z=-0.330, stop_count=0, roi_count=15, nearest_x=0.72, clear_frames=933
[INFO] [1783771446.282996652] [unitree_safe_cmd_node]: Move x=0.500, z=-0.328, stop_count=0, roi_count=14, nearest_x=0.72, clear_frames=939
[INFO] [1783771446.783882842] [unitree_safe_cmd_node]: Move x=0.500, z=-0.319, stop_count=0, roi_count=12, nearest_x=0.74, clear_frames=944
[INFO] [1783771447.332903083] [unitree_safe_cmd_node]: Move x=0.500, z=-0.323, stop_count=0, roi_count=12, nearest_x=0.73, clear_frames=949
[INFO] [1783771447.832943163] [unitree_safe_cmd_node]: Move x=0.500, z=-0.322, stop_count=0, roi_count=16, nearest_x=0.71, clear_frames=954
[INFO] [1783771448.383035463] [unitree_safe_cmd_node]: Move x=0.500, z=-0.323, stop_count=0, roi_count=14, nearest_x=0.72, clear_frames=960
[INFO] [1783771448.883864144] [unitree_safe_cmd_node]: Move x=0.500, z=-0.323, stop_count=0, roi_count=14, nearest_x=0.70, clear_frames=965
[INFO] [1783771449.386083319] [unitree_safe_cmd_node]: Move x=0.500, z=-0.317, stop_count=0, roi_count=15, nearest_x=0.71, clear_frames=969
[INFO] [1783771449.932909237] [unitree_safe_cmd_node]: Move x=0.500, z=-0.323, stop_count=0, roi_count=10, nearest_x=0.74, clear_frames=975
[INFO] [1783771450.482922201] [unitree_safe_cmd_node]: Move x=0.500, z=-0.324, stop_count=0, roi_count=13, nearest_x=0.74, clear_frames=981
[INFO] [1783771450.982892837] [unitree_safe_cmd_node]: Move x=0.500, z=-0.323, stop_count=0, roi_count=13, nearest_x=0.70, clear_frames=986
[INFO] [1783771451.532944207] [unitree_safe_cmd_node]: Move x=0.500, z=-0.321, stop_count=0, roi_count=10, nearest_x=0.71, clear_frames=991
[INFO] [1783771452.082918705] [unitree_safe_cmd_node]: Move x=0.500, z=-0.329, stop_count=0, roi_count=13, nearest_x=0.73, clear_frames=997
[INFO] [1783771452.583190368] [unitree_safe_cmd_node]: Move x=0.500, z=-0.323, stop_count=0, roi_count=15, nearest_x=0.72, clear_frames=1001
[INFO] [1783771453.133177700] [unitree_safe_cmd_node]: Move x=0.500, z=-0.326, stop_count=0, roi_count=12, nearest_x=0.71, clear_frames=1006
[INFO] [1783771453.682919566] [unitree_safe_cmd_node]: Move x=0.500, z=-0.328, stop_count=0, roi_count=8, nearest_x=0.74, clear_frames=1013
[INFO] [1783771454.232882065] [unitree_safe_cmd_node]: Move x=0.500, z=-0.328, stop_count=0, roi_count=13, nearest_x=0.75, clear_frames=1018
[INFO] [1783771454.784587448] [unitree_safe_cmd_node]: Move x=0.500, z=-0.328, stop_count=0, roi_count=10, nearest_x=0.72, clear_frames=1024
[INFO] [1783771455.332935526] [unitree_safe_cmd_node]: Move x=0.500, z=-0.327, stop_count=0, roi_count=12, nearest_x=0.75, clear_frames=1029
[INFO] [1783771455.883060541] [unitree_safe_cmd_node]: Move x=0.500, z=-0.330, stop_count=0, roi_count=11, nearest_x=0.71, clear_frames=1035
[INFO] [1783771456.383759231] [unitree_safe_cmd_node]: Move x=0.500, z=-0.328, stop_count=0, roi_count=14, nearest_x=0.73, clear_frames=1038
[INFO] [1783771456.932851939] [unitree_safe_cmd_node]: Move x=0.500, z=-0.321, stop_count=0, roi_count=8, nearest_x=0.74, clear_frames=1044
[INFO] [1783771457.432906014] [unitree_safe_cmd_node]: Move x=0.500, z=-0.321, stop_count=0, roi_count=16, nearest_x=0.73, clear_frames=1049
[INFO] [1783771457.933488148] [unitree_safe_cmd_node]: Move x=0.500, z=-0.320, stop_count=0, roi_count=11, nearest_x=0.73, clear_frames=1054
[INFO] [1783771458.483139128] [unitree_safe_cmd_node]: Move x=0.500, z=-0.328, stop_count=0, roi_count=14, nearest_x=0.71, clear_frames=1059
[INFO] [1783771458.983342724] [unitree_safe_cmd_node]: Move x=0.500, z=-0.326, stop_count=0, roi_count=8, nearest_x=0.75, clear_frames=1065
[INFO] [1783771459.533270504] [unitree_safe_cmd_node]: Move x=0.500, z=-0.327, stop_count=0, roi_count=16, nearest_x=0.71, clear_frames=1070
[INFO] [1783771460.086890443] [unitree_safe_cmd_node]: Move x=0.500, z=-0.320, stop_count=0, roi_count=13, nearest_x=0.72, clear_frames=1075
[INFO] [1783771460.632906680] [unitree_safe_cmd_node]: Move x=0.500, z=-0.322, stop_count=0, roi_count=16, nearest_x=0.72, clear_frames=1081
[INFO] [1783771461.133034910] [unitree_safe_cmd_node]: Move x=0.500, z=-0.324, stop_count=0, roi_count=16, nearest_x=0.74, clear_frames=1086
[INFO] [1783771461.683632495] [unitree_safe_cmd_node]: Move x=0.500, z=-0.321, stop_count=0, roi_count=15, nearest_x=0.71, clear_frames=1092
[INFO] [1783771462.232861254] [unitree_safe_cmd_node]: Move x=0.500, z=-0.321, stop_count=0, roi_count=12, nearest_x=0.77, clear_frames=1097
[INFO] [1783771462.733932151] [unitree_safe_cmd_node]: Move x=0.500, z=-0.324, stop_count=0, roi_count=12, nearest_x=0.74, clear_frames=1102
[INFO] [1783771463.283300063] [unitree_safe_cmd_node]: Move x=0.500, z=-0.321, stop_count=0, roi_count=14, nearest_x=0.72, clear_frames=1105
[INFO] [1783771463.832982346] [unitree_safe_cmd_node]: Move x=0.500, z=-0.320, stop_count=0, roi_count=8, nearest_x=0.76, clear_frames=1111
[INFO] [1783771464.382951286] [unitree_safe_cmd_node]: Move x=0.500, z=-0.326, stop_count=0, roi_count=14, nearest_x=0.73, clear_frames=1117
[INFO] [1783771464.932919682] [unitree_safe_cmd_node]: Move x=0.500, z=-0.329, stop_count=0, roi_count=11, nearest_x=0.75, clear_frames=1122
[INFO] [1783771465.433092432] [unitree_safe_cmd_node]: Move x=0.500, z=-0.326, stop_count=0, roi_count=19, nearest_x=0.71, clear_frames=1127
[INFO] [1783771465.982936303] [unitree_safe_cmd_node]: Move x=0.500, z=-0.320, stop_count=0, roi_count=14, nearest_x=0.74, clear_frames=1133
[INFO] [1783771466.482980207] [unitree_safe_cmd_node]: Move x=0.500, z=-0.316, stop_count=0, roi_count=9, nearest_x=0.73, clear_frames=1138
[INFO] [1783771467.034016021] [unitree_safe_cmd_node]: Move x=0.500, z=-0.328, stop_count=0, roi_count=9, nearest_x=0.74, clear_frames=1143
[INFO] [1783771467.582942318] [unitree_safe_cmd_node]: Move x=0.500, z=-0.318, stop_count=0, roi_count=14, nearest_x=0.75, clear_frames=1149
[INFO] [1783771468.132866904] [unitree_safe_cmd_node]: Move x=0.500, z=-0.327, stop_count=0, roi_count=8, nearest_x=0.75, clear_frames=1154
[INFO] [1783771468.632883830] [unitree_safe_cmd_node]: Move x=0.500, z=-0.323, stop_count=0, roi_count=9, nearest_x=0.74, clear_frames=1159
[INFO] [1783771469.182878408] [unitree_safe_cmd_node]: Move x=0.500, z=-0.328, stop_count=0, roi_count=13, nearest_x=0.72, clear_frames=1165
[INFO] [1783771469.683884246] [unitree_safe_cmd_node]: Move x=0.500, z=-0.326, stop_count=0, roi_count=14, nearest_x=0.73, clear_frames=1170
[INFO] [1783771470.234124900] [unitree_safe_cmd_node]: Move x=0.500, z=-0.324, stop_count=0, roi_count=13, nearest_x=0.72, clear_frames=1175
[INFO] [1783771470.785583548] [unitree_safe_cmd_node]: Move x=0.500, z=-0.326, stop_count=0, roi_count=8, nearest_x=0.72, clear_frames=1181
[INFO] [1783771471.332988108] [unitree_safe_cmd_node]: Move x=0.500, z=-0.322, stop_count=0, roi_count=8, nearest_x=0.74, clear_frames=1186
[INFO] [1783771471.882905783] [unitree_safe_cmd_node]: Move x=0.500, z=-0.324, stop_count=0, roi_count=11, nearest_x=0.70, clear_frames=1192
[INFO] [1783771472.384420480] [unitree_safe_cmd_node]: Move x=0.500, z=-0.329, stop_count=0, roi_count=11, nearest_x=0.72, clear_frames=1197
[INFO] [1783771472.932923404] [unitree_safe_cmd_node]: Move x=0.500, z=-0.324, stop_count=0, roi_count=10, nearest_x=0.72, clear_frames=1202
[INFO] [1783771473.433322040] [unitree_safe_cmd_node]: Move x=0.500, z=-0.319, stop_count=0, roi_count=13, nearest_x=0.73, clear_frames=1207
[INFO] [1783771473.982934978] [unitree_safe_cmd_node]: Move x=0.500, z=-0.319, stop_count=0, roi_count=15, nearest_x=0.72, clear_frames=1213
[INFO] [1783771474.484710953] [unitree_safe_cmd_node]: Move x=0.500, z=-0.324, stop_count=0, roi_count=15, nearest_x=0.73, clear_frames=1217
[INFO] [1783771475.032902067] [unitree_safe_cmd_node]: Move x=0.500, z=-0.326, stop_count=0, roi_count=10, nearest_x=0.73, clear_frames=1223
[INFO] [1783771475.532899635] [unitree_safe_cmd_node]: Move x=0.500, z=-0.317, stop_count=0, roi_count=11, nearest_x=0.73, clear_frames=1228
[INFO] [1783771476.082952687] [unitree_safe_cmd_node]: Move x=0.500, z=-0.325, stop_count=0, roi_count=19, nearest_x=0.74, clear_frames=1233
[INFO] [1783771476.632914882] [unitree_safe_cmd_node]: Move x=0.500, z=-0.321, stop_count=0, roi_count=12, nearest_x=0.71, clear_frames=1238
[INFO] [1783771477.133009133] [unitree_safe_cmd_node]: Move x=0.500, z=-0.324, stop_count=0, roi_count=13, nearest_x=0.74, clear_frames=1242
[INFO] [1783771477.683766681] [unitree_safe_cmd_node]: Move x=0.500, z=-0.318, stop_count=0, roi_count=8, nearest_x=0.75, clear_frames=1248
[INFO] [1783771478.232912529] [unitree_safe_cmd_node]: Move x=0.500, z=-0.322, stop_count=0, roi_count=11, nearest_x=0.71, clear_frames=1253
[INFO] [1783771478.733012349] [unitree_safe_cmd_node]: Move x=0.500, z=-0.319, stop_count=0, roi_count=11, nearest_x=0.73, clear_frames=1258
[INFO] [1783771479.282992691] [unitree_safe_cmd_node]: Move x=0.500, z=-0.322, stop_count=0, roi_count=12, nearest_x=0.73, clear_frames=1264
[INFO] [1783771479.783688547] [unitree_safe_cmd_node]: Move x=0.500, z=-0.320, stop_count=0, roi_count=10, nearest_x=0.72, clear_frames=1269
[INFO] [1783771480.333250570] [unitree_safe_cmd_node]: Move x=0.500, z=-0.320, stop_count=0, roi_count=17, nearest_x=0.72, clear_frames=1273
[INFO] [1783771480.887710168] [unitree_safe_cmd_node]: Move x=0.500, z=-0.320, stop_count=0, roi_count=11, nearest_x=0.72, clear_frames=1279
[INFO] [1783771481.432878130] [unitree_safe_cmd_node]: Move x=0.500, z=-0.322, stop_count=0, roi_count=8, nearest_x=0.73, clear_frames=1284
[INFO] [1783771481.983011514] [unitree_safe_cmd_node]: Move x=0.500, z=-0.314, stop_count=0, roi_count=11, nearest_x=0.75, clear_frames=1290
[INFO] [1783771482.533025109] [unitree_safe_cmd_node]: Move x=0.500, z=-0.321, stop_count=0, roi_count=13, nearest_x=0.72, clear_frames=1295
[INFO] [1783771483.082873853] [unitree_safe_cmd_node]: Move x=0.500, z=-0.319, stop_count=0, roi_count=16, nearest_x=0.69, clear_frames=1301
[INFO] [1783771483.583082616] [unitree_safe_cmd_node]: Move x=0.500, z=-0.319, stop_count=0, roi_count=8, nearest_x=0.71, clear_frames=1306
[INFO] [1783771484.084520316] [unitree_safe_cmd_node]: Move x=0.500, z=-0.326, stop_count=0, roi_count=13, nearest_x=0.72, clear_frames=1310
[INFO] [1783771484.632988234] [unitree_safe_cmd_node]: Move x=0.500, z=-0.322, stop_count=0, roi_count=12, nearest_x=0.75, clear_frames=1316
[INFO] [1783771485.182947520] [unitree_safe_cmd_node]: Move x=0.500, z=-0.319, stop_count=0, roi_count=15, nearest_x=0.73, clear_frames=1322
[INFO] [1783771485.684019196] [unitree_safe_cmd_node]: Move x=0.500, z=-0.323, stop_count=0, roi_count=9, nearest_x=0.74, clear_frames=1327
[INFO] [1783771486.232930717] [unitree_safe_cmd_node]: Move x=0.500, z=-0.320, stop_count=0, roi_count=13, nearest_x=0.72, clear_frames=1332
[INFO] [1783771486.784546701] [unitree_safe_cmd_node]: Move x=0.500, z=-0.329, stop_count=0, roi_count=8, nearest_x=0.75, clear_frames=1338
[INFO] [1783771487.333290331] [unitree_safe_cmd_node]: Move x=0.500, z=-0.316, stop_count=0, roi_count=9, nearest_x=0.70, clear_frames=1343
[INFO] [1783771487.883052188] [unitree_safe_cmd_node]: Move x=0.500, z=-0.325, stop_count=0, roi_count=21, nearest_x=0.70, clear_frames=1349
[INFO] [1783771488.432919560] [unitree_safe_cmd_node]: Move x=0.500, z=-0.326, stop_count=0, roi_count=10, nearest_x=0.74, clear_frames=1354
[INFO] [1783771488.982926245] [unitree_safe_cmd_node]: Move x=0.500, z=-0.319, stop_count=0, roi_count=11, nearest_x=0.71, clear_frames=1360
[INFO] [1783771489.532884572] [unitree_safe_cmd_node]: Move x=0.500, z=-0.320, stop_count=0, roi_count=18, nearest_x=0.70, clear_frames=1365
[INFO] [1783771490.032894978] [unitree_safe_cmd_node]: Move x=0.500, z=-0.324, stop_count=0, roi_count=10, nearest_x=0.71, clear_frames=1370
[INFO] [1783771490.533029654] [unitree_safe_cmd_node]: Move x=0.500, z=-0.327, stop_count=0, roi_count=17, nearest_x=0.71, clear_frames=1375
[INFO] [1783771491.033220401] [unitree_safe_cmd_node]: Move x=0.500, z=-0.324, stop_count=0, roi_count=5, nearest_x=0.73, clear_frames=1379
[INFO] [1783771491.583005430] [unitree_safe_cmd_node]: Move x=0.500, z=-0.320, stop_count=0, roi_count=10, nearest_x=0.76, clear_frames=1384
[INFO] [1783771492.083010108] [unitree_safe_cmd_node]: Move x=0.500, z=-0.323, stop_count=0, roi_count=8, nearest_x=0.71, clear_frames=1390
[INFO] [1783771492.632861480] [unitree_safe_cmd_node]: Move x=0.500, z=-0.325, stop_count=0, roi_count=10, nearest_x=0.72, clear_frames=1395
[INFO] [1783771493.132870159] [unitree_safe_cmd_node]: Move x=0.500, z=-0.318, stop_count=0, roi_count=13, nearest_x=0.74, clear_frames=1400
[INFO] [1783771493.632907257] [unitree_safe_cmd_node]: Move x=0.500, z=-0.319, stop_count=0, roi_count=10, nearest_x=0.73, clear_frames=1405
[INFO] [1783771494.133645970] [unitree_safe_cmd_node]: Move x=0.500, z=-0.319, stop_count=0, roi_count=9, nearest_x=0.76, clear_frames=1410
[INFO] [1783771494.686291641] [unitree_safe_cmd_node]: Move x=0.500, z=-0.318, stop_count=0, roi_count=15, nearest_x=0.72, clear_frames=1416
[INFO] [1783771495.232979362] [unitree_safe_cmd_node]: Move x=0.500, z=-0.320, stop_count=0, roi_count=2, nearest_x=0.76, clear_frames=1421
[INFO] [1783771495.783610375] [unitree_safe_cmd_node]: Move x=0.500, z=-0.318, stop_count=0, roi_count=13, nearest_x=0.72, clear_frames=1426
[INFO] [1783771496.332994335] [unitree_safe_cmd_node]: Move x=0.500, z=-0.323, stop_count=0, roi_count=9, nearest_x=0.73, clear_frames=1431
[INFO] [1783771496.882928630] [unitree_safe_cmd_node]: Move x=0.500, z=-0.326, stop_count=0, roi_count=7, nearest_x=0.73, clear_frames=1437
[INFO] [1783771497.382975330] [unitree_safe_cmd_node]: Move x=0.500, z=-0.322, stop_count=0, roi_count=7, nearest_x=0.75, clear_frames=1442
[INFO] [1783771497.886655111] [unitree_safe_cmd_node]: Move x=0.500, z=-0.321, stop_count=0, roi_count=14, nearest_x=0.71, clear_frames=1446
[INFO] [1783771498.432896511] [unitree_safe_cmd_node]: Move x=0.500, z=-0.320, stop_count=0, roi_count=9, nearest_x=0.74, clear_frames=1451
[INFO] [1783771498.932867459] [unitree_safe_cmd_node]: Move x=0.500, z=-0.323, stop_count=0, roi_count=8, nearest_x=0.73, clear_frames=1456
[INFO] [1783771499.482937865] [unitree_safe_cmd_node]: Move x=0.500, z=-0.322, stop_count=0, roi_count=9, nearest_x=0.73, clear_frames=1462
[INFO] [1783771499.983092418] [unitree_safe_cmd_node]: Move x=0.500, z=-0.323, stop_count=0, roi_count=11, nearest_x=0.73, clear_frames=1467
[INFO] [1783771500.532907916] [unitree_safe_cmd_node]: Move x=0.500, z=-0.321, stop_count=0, roi_count=10, nearest_x=0.72, clear_frames=1472
[INFO] [1783771501.033270044] [unitree_safe_cmd_node]: Move x=0.500, z=-0.324, stop_count=0, roi_count=19, nearest_x=0.75, clear_frames=1477
[INFO] [1783771501.583117962] [unitree_safe_cmd_node]: Move x=0.500, z=-0.328, stop_count=0, roi_count=12, nearest_x=0.76, clear_frames=1483
[INFO] [1783771502.133073861] [unitree_safe_cmd_node]: Move x=0.500, z=-0.328, stop_count=0, roi_count=16, nearest_x=0.72, clear_frames=1488
[INFO] [1783771502.683043745] [unitree_safe_cmd_node]: Move x=0.500, z=-0.321, stop_count=0, roi_count=14, nearest_x=0.72, clear_frames=1494
[INFO] [1783771503.183072460] [unitree_safe_cmd_node]: Move x=0.500, z=-0.328, stop_count=0, roi_count=17, nearest_x=0.71, clear_frames=1499
[INFO] [1783771503.733048585] [unitree_safe_cmd_node]: Move x=0.500, z=-0.321, stop_count=0, roi_count=10, nearest_x=0.74, clear_frames=1504
[INFO] [1783771504.232904481] [unitree_safe_cmd_node]: Move x=0.500, z=-0.326, stop_count=0, roi_count=18, nearest_x=0.73, clear_frames=1509
[INFO] [1783771504.733359164] [unitree_safe_cmd_node]: Move x=0.500, z=-0.323, stop_count=0, roi_count=13, nearest_x=0.72, clear_frames=1513
[INFO] [1783771505.282931020] [unitree_safe_cmd_node]: Move x=0.500, z=-0.322, stop_count=0, roi_count=10, nearest_x=0.72, clear_frames=1518
[INFO] [1783771505.783817016] [unitree_safe_cmd_node]: Move x=0.500, z=-0.316, stop_count=0, roi_count=6, nearest_x=0.72, clear_frames=1523
[INFO] [1783771506.332906674] [unitree_safe_cmd_node]: Move x=0.500, z=-0.321, stop_count=0, roi_count=15, nearest_x=0.70, clear_frames=1528
[INFO] [1783771506.883223574] [unitree_safe_cmd_node]: Move x=0.500, z=-0.326, stop_count=0, roi_count=7, nearest_x=0.73, clear_frames=1532
[INFO] [1783771507.383292935] [unitree_safe_cmd_node]: Move x=0.500, z=-0.329, stop_count=0, roi_count=13, nearest_x=0.71, clear_frames=1537
[INFO] [1783771507.886538781] [unitree_safe_cmd_node]: Move x=0.500, z=-0.321, stop_count=0, roi_count=9, nearest_x=0.71, clear_frames=1543
[INFO] [1783771508.432872833] [unitree_safe_cmd_node]: Move x=0.500, z=-0.326, stop_count=0, roi_count=14, nearest_x=0.72, clear_frames=1548
[INFO] [1783771508.982929928] [unitree_safe_cmd_node]: Move x=0.500, z=-0.326, stop_count=0, roi_count=16, nearest_x=0.71, clear_frames=1554
[INFO] [1783771509.483027484] [unitree_safe_cmd_node]: Move x=0.500, z=-0.323, stop_count=0, roi_count=13, nearest_x=0.74, clear_frames=1559
[INFO] [1783771509.983738325] [unitree_safe_cmd_node]: Move x=0.500, z=-0.321, stop_count=0, roi_count=14, nearest_x=0.72, clear_frames=1564
[INFO] [1783771510.532903384] [unitree_safe_cmd_node]: Move x=0.500, z=-0.322, stop_count=0, roi_count=12, nearest_x=0.72, clear_frames=1569
[INFO] [1783771511.082905657] [unitree_safe_cmd_node]: Move x=0.500, z=-0.325, stop_count=0, roi_count=3, nearest_x=0.73, clear_frames=1575
[INFO] [1783771511.583762339] [unitree_safe_cmd_node]: Move x=0.500, z=-0.325, stop_count=0, roi_count=13, nearest_x=0.71, clear_frames=1580
[INFO] [1783771512.132885281] [unitree_safe_cmd_node]: Move x=0.500, z=-0.325, stop_count=0, roi_count=11, nearest_x=0.71, clear_frames=1585
[INFO] [1783771512.633188749] [unitree_safe_cmd_node]: Move x=0.500, z=-0.320, stop_count=0, roi_count=12, nearest_x=0.71, clear_frames=1590
[INFO] [1783771513.183016955] [unitree_safe_cmd_node]: Move x=0.500, z=-0.322, stop_count=0, roi_count=6, nearest_x=0.74, clear_frames=1596
[INFO] [1783771513.685933869] [unitree_safe_cmd_node]: Move x=0.500, z=-0.329, stop_count=0, roi_count=13, nearest_x=0.75, clear_frames=1601
[INFO] [1783771514.232919643] [unitree_safe_cmd_node]: Move x=0.500, z=-0.320, stop_count=0, roi_count=12, nearest_x=0.74, clear_frames=1606
[INFO] [1783771514.733249866] [unitree_safe_cmd_node]: Move x=0.500, z=-0.321, stop_count=0, roi_count=11, nearest_x=0.72, clear_frames=1611
[INFO] [1783771515.284064103] [unitree_safe_cmd_node]: Move x=0.500, z=-0.322, stop_count=0, roi_count=6, nearest_x=0.74, clear_frames=1617
[INFO] [1783771515.783680742] [unitree_safe_cmd_node]: Move x=0.500, z=-0.325, stop_count=0, roi_count=15, nearest_x=0.76, clear_frames=1622
[INFO] [1783771516.332980153] [unitree_safe_cmd_node]: Move x=0.500, z=-0.327, stop_count=0, roi_count=21, nearest_x=0.73, clear_frames=1627
[INFO] [1783771516.833045963] [unitree_safe_cmd_node]: Move x=0.500, z=-0.324, stop_count=0, roi_count=11, nearest_x=0.72, clear_frames=1632
[INFO] [1783771517.382949474] [unitree_safe_cmd_node]: Move x=0.500, z=-0.329, stop_count=0, roi_count=12, nearest_x=0.71, clear_frames=1638
[INFO] [1783771517.883322934] [unitree_safe_cmd_node]: Move x=0.500, z=-0.324, stop_count=0, roi_count=13, nearest_x=0.71, clear_frames=1642
[INFO] [1783771518.434502365] [unitree_safe_cmd_node]: Move x=0.500, z=-0.324, stop_count=0, roi_count=14, nearest_x=0.71, clear_frames=1647
[INFO] [1783771518.982935502] [unitree_safe_cmd_node]: Move x=0.500, z=-0.328, stop_count=0, roi_count=14, nearest_x=0.72, clear_frames=1652
[INFO] [1783771519.532922703] [unitree_safe_cmd_node]: Move x=0.500, z=-0.322, stop_count=0, roi_count=11, nearest_x=0.72, clear_frames=1657
[INFO] [1783771520.082978327] [unitree_safe_cmd_node]: Move x=0.500, z=-0.324, stop_count=0, roi_count=11, nearest_x=0.73, clear_frames=1663
[INFO] [1783771520.633043745] [unitree_safe_cmd_node]: Move x=0.500, z=-0.324, stop_count=0, roi_count=12, nearest_x=0.72, clear_frames=1668
[INFO] [1783771521.133114804] [unitree_safe_cmd_node]: Move x=0.500, z=-0.322, stop_count=0, roi_count=9, nearest_x=0.74, clear_frames=1673
[INFO] [1783771521.633601109] [unitree_safe_cmd_node]: Move x=0.500, z=-0.316, stop_count=0, roi_count=16, nearest_x=0.70, clear_frames=1678
[INFO] [1783771522.182925771] [unitree_safe_cmd_node]: Move x=0.500, z=-0.327, stop_count=0, roi_count=12, nearest_x=0.72, clear_frames=1684
[INFO] [1783771522.732916685] [unitree_safe_cmd_node]: Move x=0.500, z=-0.326, stop_count=0, roi_count=11, nearest_x=0.72, clear_frames=1689
[INFO] [1783771523.284063568] [unitree_safe_cmd_node]: Move x=0.500, z=-0.319, stop_count=0, roi_count=21, nearest_x=0.71, clear_frames=1695
[INFO] [1783771523.833105031] [unitree_safe_cmd_node]: Move x=0.500, z=-0.319, stop_count=0, roi_count=24, nearest_x=0.59, clear_frames=1700
[INFO] [1783771524.333131125] [unitree_safe_cmd_node]: Move x=0.500, z=-0.308, stop_count=0, roi_count=31, nearest_x=0.60, clear_frames=1705
[INFO] [1783771524.883048270] [unitree_safe_cmd_node]: Move x=0.500, z=-0.335, stop_count=0, roi_count=102, nearest_x=0.40, clear_frames=1711
[WARN] [1783771525.314973361] [unitree_safe_cmd_node]: OBSTACLE DETECTED: stop_count=15, roi_count=122, nearest_x=0.35
[WARN] [1783771525.383648765] [unitree_safe_cmd_node]: SAFE OVERRIDE obstacle: Move x=0.000, z=0.000, raw_x=0.500, raw_z=-0.271, stop_count=15, roi_count=122, nearest_x=0.35, clear_frames=0
[INFO] [1783771525.782253820] [unitree_safe_cmd_node]: obstacle cleared after 5 clear frames, resume move
[INFO] [1783771525.933047196] [unitree_safe_cmd_node]: Move x=0.500, z=-0.354, stop_count=5, roi_count=84, nearest_x=0.37, clear_frames=6
[INFO] [1783771526.482930258] [unitree_safe_cmd_node]: Move x=0.500, z=-0.341, stop_count=2, roi_count=91, nearest_x=0.37, clear_frames=12
[INFO] [1783771527.032880079] [unitree_safe_cmd_node]: Move x=0.500, z=-0.342, stop_count=3, roi_count=102, nearest_x=0.37, clear_frames=17
[INFO] [1783771527.532928736] [unitree_safe_cmd_node]: Move x=0.500, z=-0.368, stop_count=0, roi_count=102, nearest_x=0.42, clear_frames=22
[INFO] [1783771528.082983017] [unitree_safe_cmd_node]: Move x=0.500, z=-0.386, stop_count=0, roi_count=100, nearest_x=0.44, clear_frames=28
[INFO] [1783771528.583403492] [unitree_safe_cmd_node]: Move x=0.500, z=-0.389, stop_count=0, roi_count=108, nearest_x=0.44, clear_frames=32
[INFO] [1783771529.136059921] [unitree_safe_cmd_node]: Move x=0.500, z=-0.382, stop_count=0, roi_count=87, nearest_x=0.47, clear_frames=38
[INFO] [1783771529.685372935] [unitree_safe_cmd_node]: Move x=0.500, z=-0.386, stop_count=0, roi_count=101, nearest_x=0.46, clear_frames=44
[INFO] [1783771530.232874193] [unitree_safe_cmd_node]: Move x=0.500, z=-0.381, stop_count=0, roi_count=91, nearest_x=0.47, clear_frames=49
[INFO] [1783771530.732886494] [unitree_safe_cmd_node]: Move x=0.500, z=-0.383, stop_count=0, roi_count=100, nearest_x=0.45, clear_frames=54
[INFO] [1783771531.232931503] [unitree_safe_cmd_node]: Move x=0.500, z=-0.377, stop_count=0, roi_count=88, nearest_x=0.45, clear_frames=59
[INFO] [1783771531.783448525] [unitree_safe_cmd_node]: Move x=0.500, z=-0.381, stop_count=0, roi_count=107, nearest_x=0.46, clear_frames=65
[INFO] [1783771532.283258403] [unitree_safe_cmd_node]: Move x=0.500, z=-0.382, stop_count=0, roi_count=93, nearest_x=0.46, clear_frames=68
[INFO] [1783771532.784534846] [unitree_safe_cmd_node]: Move x=0.500, z=-0.379, stop_count=0, roi_count=104, nearest_x=0.48, clear_frames=74
[INFO] [1783771533.332885672] [unitree_safe_cmd_node]: Move x=0.500, z=-0.379, stop_count=0, roi_count=95, nearest_x=0.47, clear_frames=79
[INFO] [1783771533.888613136] [unitree_safe_cmd_node]: Move x=0.500, z=-0.387, stop_count=0, roi_count=67, nearest_x=0.46, clear_frames=85
[INFO] [1783771534.433011837] [unitree_safe_cmd_node]: Move x=0.500, z=-0.376, stop_count=0, roi_count=99, nearest_x=0.48, clear_frames=90
[INFO] [1783771534.983020418] [unitree_safe_cmd_node]: Move x=0.500, z=-0.379, stop_count=0, roi_count=74, nearest_x=0.47, clear_frames=96
[INFO] [1783771535.483485570] [unitree_safe_cmd_node]: Move x=0.500, z=-0.382, stop_count=0, roi_count=84, nearest_x=0.46, clear_frames=100
[INFO] [1783771536.032934024] [unitree_safe_cmd_node]: Move x=0.500, z=-0.380, stop_count=0, roi_count=93, nearest_x=0.48, clear_frames=106
[INFO] [1783771536.582947981] [unitree_safe_cmd_node]: Move x=0.500, z=-0.389, stop_count=0, roi_count=87, nearest_x=0.47, clear_frames=112
[INFO] [1783771537.083207254] [unitree_safe_cmd_node]: Move x=0.500, z=-0.375, stop_count=0, roi_count=99, nearest_x=0.45, clear_frames=117
[INFO] [1783771537.632891990] [unitree_safe_cmd_node]: Move x=0.500, z=-0.385, stop_count=0, roi_count=92, nearest_x=0.40, clear_frames=122
[INFO] [1783771538.133022001] [unitree_safe_cmd_node]: Move x=0.500, z=-0.416, stop_count=10, roi_count=89, nearest_x=0.35, clear_frames=127
[INFO] [1783771538.639044323] [unitree_safe_cmd_node]: Move x=0.500, z=-0.415, stop_count=4, roi_count=83, nearest_x=0.37, clear_frames=132
[INFO] [1783771539.183521689] [unitree_safe_cmd_node]: Move x=0.500, z=-0.405, stop_count=2, roi_count=75, nearest_x=0.37, clear_frames=136
[INFO] [1783771539.685089462] [unitree_safe_cmd_node]: Move x=0.500, z=-0.410, stop_count=6, roi_count=71, nearest_x=0.36, clear_frames=141
[WARN] [1783771540.175015893] [unitree_safe_cmd_node]: OBSTACLE DETECTED: stop_count=16, roi_count=98, nearest_x=0.35
[WARN] [1783771540.233053621] [unitree_safe_cmd_node]: SAFE OVERRIDE obstacle: Move x=0.000, z=0.000, raw_x=0.500, raw_z=-0.329, stop_count=16, roi_count=98, nearest_x=0.35, clear_frames=0
[WARN] [1783771540.733121513] [unitree_safe_cmd_node]: SAFE OVERRIDE obstacle: Move x=0.000, z=0.000, raw_x=0.500, raw_z=-0.360, stop_count=13, roi_count=34, nearest_x=0.35, clear_frames=1
[INFO] [1783771541.076703260] [unitree_safe_cmd_node]: obstacle cleared after 5 clear frames, resume move
[WARN] [1783771541.177830955] [unitree_safe_cmd_node]: OBSTACLE DETECTED: stop_count=22, roi_count=41, nearest_x=0.35
[WARN] [1783771541.283057382] [unitree_safe_cmd_node]: SAFE OVERRIDE obstacle: Move x=0.000, z=0.000, raw_x=0.500, raw_z=-0.394, stop_count=10, roi_count=29, nearest_x=0.35, clear_frames=1
[INFO] [1783771541.703753370] [unitree_safe_cmd_node]: obstacle cleared after 5 clear frames, resume move
[INFO] [1783771541.785905650] [unitree_safe_cmd_node]: Move x=0.500, z=-0.375, stop_count=5, roi_count=18, nearest_x=0.35, clear_frames=5
[INFO] [1783771542.333433216] [unitree_safe_cmd_node]: Move x=0.250, z=0.450, stop_count=0, roi_count=0, nearest_x=inf, clear_frames=11
[INFO] [1783771542.883077372] [unitree_safe_cmd_node]: Move x=0.000, z=0.450, stop_count=0, roi_count=0, nearest_x=inf, clear_frames=17
[INFO] [1783771543.384212296] [unitree_safe_cmd_node]: Move x=0.000, z=0.450, stop_count=0, roi_count=0, nearest_x=inf, clear_frames=22
[INFO] [1783771543.933011110] [unitree_safe_cmd_node]: Move x=0.000, z=0.450, stop_count=0, roi_count=0, nearest_x=inf, clear_frames=27
[INFO] [1783771544.482978982] [unitree_safe_cmd_node]: Move x=0.000, z=0.450, stop_count=0, roi_count=0, nearest_x=inf, clear_frames=33
[INFO] [1783771544.982912203] [unitree_safe_cmd_node]: Move x=0.000, z=-0.450, stop_count=0, roi_count=0, nearest_x=inf, clear_frames=38
[INFO] [1783771545.488315703] [unitree_safe_cmd_node]: Move x=0.000, z=-0.450, stop_count=0, roi_count=0, nearest_x=inf, clear_frames=43
[INFO] [1783771546.032902459] [unitree_safe_cmd_node]: Move x=0.000, z=-0.450, stop_count=0, roi_count=0, nearest_x=inf, clear_frames=48
[INFO] [1783771546.532929738] [unitree_safe_cmd_node]: Move x=0.000, z=-0.450, stop_count=0, roi_count=0, nearest_x=inf, clear_frames=53
[INFO] [1783771547.082976468] [unitree_safe_cmd_node]: Move x=0.000, z=-0.450, stop_count=0, roi_count=0, nearest_x=inf, clear_frames=59
[INFO] [1783771547.632967671] [unitree_safe_cmd_node]: Move x=0.000, z=-0.450, stop_count=0, roi_count=0, nearest_x=inf, clear_frames=64
[INFO] [1783771548.133004488] [unitree_safe_cmd_node]: Move x=0.000, z=-0.450, stop_count=0, roi_count=0, nearest_x=inf, clear_frames=69
[INFO] [1783771548.632906890] [unitree_safe_cmd_node]: Move x=0.000, z=-0.450, stop_count=0, roi_count=0, nearest_x=inf, clear_frames=73
[INFO] [1783771549.133009506] [unitree_safe_cmd_node]: Move x=0.000, z=-0.450, stop_count=0, roi_count=0, nearest_x=inf, clear_frames=78
[INFO] [1783771549.686330012] [unitree_safe_cmd_node]: Move x=0.000, z=-0.450, stop_count=0, roi_count=0, nearest_x=inf, clear_frames=84
[INFO] [1783771550.233046607] [unitree_safe_cmd_node]: Move x=0.000, z=0.450, stop_count=0, roi_count=0, nearest_x=inf, clear_frames=89
[INFO] [1783771550.733035387] [unitree_safe_cmd_node]: Move x=0.000, z=0.450, stop_count=0, roi_count=0, nearest_x=inf, clear_frames=94
[INFO] [1783771551.282920146] [unitree_safe_cmd_node]: Move x=0.000, z=0.450, stop_count=0, roi_count=0, nearest_x=inf, clear_frames=100
[INFO] [1783771551.784163595] [unitree_safe_cmd_node]: Move x=0.000, z=0.450, stop_count=0, roi_count=0, nearest_x=inf, clear_frames=105
[INFO] [1783771552.284962642] [unitree_safe_cmd_node]: Move x=0.000, z=0.450, stop_count=0, roi_count=0, nearest_x=inf, clear_frames=110
[INFO] [1783771552.833431786] [unitree_safe_cmd_node]: Move x=0.000, z=0.450, stop_count=0, roi_count=0, nearest_x=inf, clear_frames=115
[INFO] [1783771553.382903635] [unitree_safe_cmd_node]: Move x=0.000, z=0.450, stop_count=0, roi_count=0, nearest_x=inf, clear_frames=121
[INFO] [1783771553.882871165] [unitree_safe_cmd_node]: Move x=0.000, z=0.450, stop_count=0, roi_count=0, nearest_x=inf, clear_frames=126
[INFO] [1783771554.382895724] [unitree_safe_cmd_node]: Move x=0.000, z=0.450, stop_count=0, roi_count=0, nearest_x=inf, clear_frames=131
[INFO] [1783771554.883745881] [unitree_safe_cmd_node]: Move x=0.000, z=0.450, stop_count=0, roi_count=0, nearest_x=inf, clear_frames=136
[INFO] [1783771555.433104117] [unitree_safe_cmd_node]: Move x=0.000, z=0.450, stop_count=0, roi_count=0, nearest_x=inf, clear_frames=141
[INFO] [1783771555.944225221] [unitree_safe_cmd_node]: Move x=0.000, z=0.450, stop_count=0, roi_count=0, nearest_x=inf, clear_frames=146
[INFO] [1783771556.483312479] [unitree_safe_cmd_node]: Move x=0.000, z=0.450, stop_count=0, roi_count=0, nearest_x=inf, clear_frames=151
[INFO] [1783771557.032905301] [unitree_safe_cmd_node]: Move x=0.000, z=0.450, stop_count=0, roi_count=0, nearest_x=inf, clear_frames=157
[INFO] [1783771557.533037681] [unitree_safe_cmd_node]: Move x=0.000, z=0.450, stop_count=0, roi_count=0, nearest_x=inf, clear_frames=162
[INFO] [1783771558.082886245] [unitree_safe_cmd_node]: Move x=0.000, z=0.450, stop_count=0, roi_count=0, nearest_x=inf, clear_frames=168
[INFO] [1783771558.583291296] [unitree_safe_cmd_node]: Move x=0.000, z=0.450, stop_count=0, roi_count=0, nearest_x=inf, clear_frames=173
[INFO] [1783771559.132934812] [unitree_safe_cmd_node]: Move x=0.000, z=0.450, stop_count=0, roi_count=0, nearest_x=inf, clear_frames=178
[INFO] [1783771559.633454052] [unitree_safe_cmd_node]: Move x=0.000, z=0.450, stop_count=0, roi_count=0, nearest_x=inf, clear_frames=183
[INFO] [1783771560.183051164] [unitree_safe_cmd_node]: Move x=0.000, z=0.450, stop_count=0, roi_count=0, nearest_x=inf, clear_frames=189
[INFO] [1783771560.733032350] [unitree_safe_cmd_node]: Move x=0.000, z=0.450, stop_count=0, roi_count=0, nearest_x=inf, clear_frames=194
[INFO] [1783771561.287764247] [unitree_safe_cmd_node]: Move x=0.000, z=0.450, stop_count=0, roi_count=0, nearest_x=inf, clear_frames=199
[INFO] [1783771561.832977922] [unitree_safe_cmd_node]: Move x=0.000, z=0.450, stop_count=0, roi_count=0, nearest_x=inf, clear_frames=205
[INFO] [1783771562.382909023] [unitree_safe_cmd_node]: Move x=0.000, z=0.450, stop_count=0, roi_count=0, nearest_x=inf, clear_frames=211
[INFO] [1783771562.883541203] [unitree_safe_cmd_node]: Move x=0.000, z=0.450, stop_count=0, roi_count=0, nearest_x=inf, clear_frames=215
[INFO] [1783771563.383833634] [unitree_safe_cmd_node]: Move x=0.000, z=0.450, stop_count=0, roi_count=0, nearest_x=inf, clear_frames=221
[INFO] [1783771563.933058767] [unitree_safe_cmd_node]: Move x=0.000, z=0.450, stop_count=0, roi_count=0, nearest_x=inf, clear_frames=226
[INFO] [1783771564.483069526] [unitree_safe_cmd_node]: Move x=0.000, z=0.450, stop_count=0, roi_count=0, nearest_x=inf, clear_frames=232
[INFO] [1783771564.983078756] [unitree_safe_cmd_node]: Move x=0.000, z=0.450, stop_count=0, roi_count=0, nearest_x=inf, clear_frames=237
[INFO] [1783771565.483309739] [unitree_safe_cmd_node]: Move x=0.000, z=0.450, stop_count=0, roi_count=0, nearest_x=inf, clear_frames=242
[INFO] [1783771566.033213861] [unitree_safe_cmd_node]: Move x=0.000, z=0.450, stop_count=0, roi_count=0, nearest_x=inf, clear_frames=247
[INFO] [1783771566.533037887] [unitree_safe_cmd_node]: Move x=0.000, z=0.450, stop_count=0, roi_count=0, nearest_x=inf, clear_frames=252
[INFO] [1783771567.084188741] [unitree_safe_cmd_node]: Move x=0.000, z=0.450, stop_count=0, roi_count=0, nearest_x=inf, clear_frames=257
[INFO] [1783771567.632998565] [unitree_safe_cmd_node]: Move x=0.000, z=0.450, stop_count=0, roi_count=0, nearest_x=inf, clear_frames=263
[INFO] [1783771568.182905407] [unitree_safe_cmd_node]: Move x=0.000, z=0.450, stop_count=0, roi_count=0, nearest_x=inf, clear_frames=269
[INFO] [1783771568.683080864] [unitree_safe_cmd_node]: Move x=0.000, z=0.450, stop_count=0, roi_count=0, nearest_x=inf, clear_frames=274
[INFO] [1783771569.232899921] [unitree_safe_cmd_node]: Move x=0.000, z=0.450, stop_count=0, roi_count=0, nearest_x=inf, clear_frames=279
[INFO] [1783771569.733194080] [unitree_safe_cmd_node]: Move x=0.000, z=0.450, stop_count=0, roi_count=0, nearest_x=inf, clear_frames=284
[INFO] [1783771570.282914917] [unitree_safe_cmd_node]: Move x=0.000, z=0.450, stop_count=0, roi_count=0, nearest_x=inf, clear_frames=290
[INFO] [1783771570.784591215] [unitree_safe_cmd_node]: Move x=0.000, z=0.450, stop_count=0, roi_count=0, nearest_x=inf, clear_frames=295
[INFO] [1783771571.332901046] [unitree_safe_cmd_node]: Move x=0.000, z=0.450, stop_count=0, roi_count=0, nearest_x=inf, clear_frames=300
[INFO] [1783771571.882927743] [unitree_safe_cmd_node]: Move x=0.000, z=0.450, stop_count=0, roi_count=0, nearest_x=inf, clear_frames=306
[INFO] [1783771572.383081245] [unitree_safe_cmd_node]: Move x=0.000, z=0.450, stop_count=0, roi_count=0, nearest_x=inf, clear_frames=310
[INFO] [1783771572.932932434] [unitree_safe_cmd_node]: Move x=0.000, z=0.450, stop_count=0, roi_count=0, nearest_x=inf, clear_frames=315
[INFO] [1783771573.433052109] [unitree_safe_cmd_node]: Move x=0.000, z=0.450, stop_count=0, roi_count=0, nearest_x=inf, clear_frames=320
[INFO] [1783771573.982895392] [unitree_safe_cmd_node]: Move x=0.000, z=0.450, stop_count=0, roi_count=0, nearest_x=inf, clear_frames=326
[INFO] [1783771574.532876739] [unitree_safe_cmd_node]: Move x=0.000, z=0.450, stop_count=0, roi_count=0, nearest_x=inf, clear_frames=331
[INFO] [1783771575.082926062] [unitree_safe_cmd_node]: Move x=0.000, z=0.450, stop_count=0, roi_count=0, nearest_x=inf, clear_frames=337
[INFO] [1783771575.582886455] [unitree_safe_cmd_node]: Move x=0.000, z=0.450, stop_count=0, roi_count=0, nearest_x=inf, clear_frames=342
[INFO] [1783771576.082937227] [unitree_safe_cmd_node]: Move x=0.000, z=0.450, stop_count=0, roi_count=0, nearest_x=inf, clear_frames=347
[INFO] [1783771576.633175179] [unitree_safe_cmd_node]: Move x=0.000, z=0.450, stop_count=0, roi_count=0, nearest_x=inf, clear_frames=352
[INFO] [1783771577.182911986] [unitree_safe_cmd_node]: Move x=0.000, z=0.450, stop_count=0, roi_count=0, nearest_x=inf, clear_frames=358
[INFO] [1783771577.683159100] [unitree_safe_cmd_node]: Move x=0.000, z=0.450, stop_count=0, roi_count=0, nearest_x=inf, clear_frames=362
[INFO] [1783771578.232899108] [unitree_safe_cmd_node]: Move x=0.000, z=0.450, stop_count=0, roi_count=0, nearest_x=inf, clear_frames=368
[INFO] [1783771578.783896953] [unitree_safe_cmd_node]: Move x=0.000, z=0.450, stop_count=0, roi_count=0, nearest_x=inf, clear_frames=374
[INFO] [1783771579.333036350] [unitree_safe_cmd_node]: Move x=0.000, z=0.450, stop_count=0, roi_count=0, nearest_x=inf, clear_frames=379
[INFO] [1783771579.833242659] [unitree_safe_cmd_node]: Move x=0.000, z=0.450, stop_count=0, roi_count=0, nearest_x=inf, clear_frames=384
[INFO] [1783771580.385374488] [unitree_safe_cmd_node]: Move x=0.000, z=0.450, stop_count=0, roi_count=0, nearest_x=inf, clear_frames=390
[INFO] [1783771580.932896582] [unitree_safe_cmd_node]: Move x=0.000, z=0.450, stop_count=0, roi_count=0, nearest_x=inf, clear_frames=395
[INFO] [1783771581.432906325] [unitree_safe_cmd_node]: Move x=0.000, z=0.450, stop_count=0, roi_count=0, nearest_x=inf, clear_frames=400
[INFO] [1783771581.983344748] [unitree_safe_cmd_node]: Move x=0.000, z=0.450, stop_count=0, roi_count=0, nearest_x=inf, clear_frames=406
[INFO] [1783771582.532931075] [unitree_safe_cmd_node]: Move x=0.000, z=0.450, stop_count=0, roi_count=0, nearest_x=inf, clear_frames=411
[INFO] [1783771583.089047640] [unitree_safe_cmd_node]: Move x=0.000, z=0.450, stop_count=0, roi_count=0, nearest_x=inf, clear_frames=417
[INFO] [1783771583.633123523] [unitree_safe_cmd_node]: Move x=0.000, z=0.450, stop_count=0, roi_count=0, nearest_x=inf, clear_frames=422
[INFO] [1783771584.182929619] [unitree_safe_cmd_node]: Move x=0.000, z=0.450, stop_count=0, roi_count=0, nearest_x=inf, clear_frames=428
[INFO] [1783771584.682954595] [unitree_safe_cmd_node]: Move x=0.000, z=0.450, stop_count=0, roi_count=0, nearest_x=inf, clear_frames=433
[INFO] [1783771585.232924933] [unitree_safe_cmd_node]: Move x=0.000, z=0.450, stop_count=0, roi_count=0, nearest_x=inf, clear_frames=438
[INFO] [1783771585.783703938] [unitree_safe_cmd_node]: Move x=0.000, z=0.450, stop_count=0, roi_count=0, nearest_x=inf, clear_frames=444
[INFO] [1783771586.332872938] [unitree_safe_cmd_node]: Move x=0.000, z=0.450, stop_count=0, roi_count=0, nearest_x=inf, clear_frames=449
[INFO] [1783771586.833825315] [unitree_safe_cmd_node]: Move x=0.000, z=0.450, stop_count=0, roi_count=0, nearest_x=inf, clear_frames=453
[INFO] [1783771587.382878430] [unitree_safe_cmd_node]: Move x=0.000, z=0.450, stop_count=0, roi_count=0, nearest_x=inf, clear_frames=459
[INFO] [1783771587.882979831] [unitree_safe_cmd_node]: Move x=0.000, z=0.450, stop_count=0, roi_count=0, nearest_x=inf, clear_frames=464
[INFO] [1783771588.433004351] [unitree_safe_cmd_node]: Move x=0.000, z=0.450, stop_count=0, roi_count=0, nearest_x=inf, clear_frames=469
[INFO] [1783771588.982894073] [unitree_safe_cmd_node]: Move x=0.000, z=0.450, stop_count=0, roi_count=0, nearest_x=inf, clear_frames=475
[INFO] [1783771589.482932971] [unitree_safe_cmd_node]: Move x=0.000, z=0.450, stop_count=0, roi_count=0, nearest_x=inf, clear_frames=480
[INFO] [1783771589.982965468] [unitree_safe_cmd_node]: Move x=0.000, z=0.450, stop_count=0, roi_count=0, nearest_x=inf, clear_frames=485
[INFO] [1783771590.483390746] [unitree_safe_cmd_node]: Move x=0.000, z=0.450, stop_count=0, roi_count=0, nearest_x=inf, clear_frames=489
[INFO] [1783771591.033035767] [unitree_safe_cmd_node]: Move x=0.000, z=0.450, stop_count=0, roi_count=0, nearest_x=inf, clear_frames=495
[INFO] [1783771591.583042397] [unitree_safe_cmd_node]: Move x=0.000, z=0.450, stop_count=0, roi_count=0, nearest_x=inf, clear_frames=501
[INFO] [1783771592.083106290] [unitree_safe_cmd_node]: Move x=0.000, z=0.450, stop_count=0, roi_count=0, nearest_x=inf, clear_frames=506
[INFO] [1783771592.632889376] [unitree_safe_cmd_node]: Move x=0.000, z=0.450, stop_count=0, roi_count=0, nearest_x=inf, clear_frames=511
[INFO] [1783771593.183088027] [unitree_safe_cmd_node]: Move x=0.000, z=0.450, stop_count=0, roi_count=0, nearest_x=inf, clear_frames=517
[INFO] [1783771593.733025594] [unitree_safe_cmd_node]: Move x=0.000, z=0.450, stop_count=0, roi_count=0, nearest_x=inf, clear_frames=521
[INFO] [1783771594.288536907] [unitree_safe_cmd_node]: Move x=0.000, z=0.450, stop_count=0, roi_count=0, nearest_x=inf, clear_frames=527
[INFO] [1783771594.832953949] [unitree_safe_cmd_node]: Move x=0.000, z=0.450, stop_count=0, roi_count=0, nearest_x=inf, clear_frames=532
[INFO] [1783771595.382928864] [unitree_safe_cmd_node]: Move x=0.000, z=0.450, stop_count=0, roi_count=0, nearest_x=inf, clear_frames=538
[INFO] [1783771595.882942095] [unitree_safe_cmd_node]: Move x=0.000, z=0.450, stop_count=0, roi_count=0, nearest_x=inf, clear_frames=543
[INFO] [1783771596.382957663] [unitree_safe_cmd_node]: Move x=0.000, z=0.450, stop_count=0, roi_count=0, nearest_x=inf, clear_frames=548
[INFO] [1783771596.883090235] [unitree_safe_cmd_node]: Move x=0.000, z=0.450, stop_count=0, roi_count=0, nearest_x=inf, clear_frames=553
[INFO] [1783771597.386595379] [unitree_safe_cmd_node]: Move x=0.000, z=0.450, stop_count=0, roi_count=0, nearest_x=inf, clear_frames=558
[INFO] [1783771597.932901369] [unitree_safe_cmd_node]: Move x=0.000, z=0.450, stop_count=0, roi_count=0, nearest_x=inf, clear_frames=563
[INFO] [1783771598.432894791] [unitree_safe_cmd_node]: Move x=0.000, z=0.450, stop_count=0, roi_count=0, nearest_x=inf, clear_frames=568
[INFO] [1783771598.932986655] [unitree_safe_cmd_node]: Move x=0.000, z=0.450, stop_count=0, roi_count=0, nearest_x=inf, clear_frames=573
[INFO] [1783771599.433072918] [unitree_safe_cmd_node]: Move x=0.000, z=0.450, stop_count=0, roi_count=0, nearest_x=inf, clear_frames=578
[INFO] [1783771599.983003860] [unitree_safe_cmd_node]: Move x=0.000, z=0.450, stop_count=0, roi_count=0, nearest_x=inf, clear_frames=584
[INFO] [1783771600.483449140] [unitree_safe_cmd_node]: Move x=0.000, z=0.450, stop_count=0, roi_count=0, nearest_x=inf, clear_frames=588
[INFO] [1783771601.032915390] [unitree_safe_cmd_node]: Move x=0.000, z=0.450, stop_count=0, roi_count=0, nearest_x=inf, clear_frames=594
[INFO] [1783771601.582963817] [unitree_safe_cmd_node]: Move x=0.000, z=0.450, stop_count=0, roi_count=0, nearest_x=inf, clear_frames=600
[INFO] [1783771602.132876837] [unitree_safe_cmd_node]: Move x=0.000, z=0.450, stop_count=0, roi_count=0, nearest_x=inf, clear_frames=605
[INFO] [1783771602.633125646] [unitree_safe_cmd_node]: Move x=0.000, z=0.450, stop_count=0, roi_count=0, nearest_x=inf, clear_frames=610
[INFO] [1783771603.182942623] [unitree_safe_cmd_node]: Move x=0.000, z=0.450, stop_count=0, roi_count=0, nearest_x=inf, clear_frames=616
[INFO] [1783771603.683133603] [unitree_safe_cmd_node]: Move x=0.000, z=0.450, stop_count=0, roi_count=0, nearest_x=inf, clear_frames=621
[INFO] [1783771604.183652939] [unitree_safe_cmd_node]: Move x=0.000, z=0.450, stop_count=0, roi_count=0, nearest_x=inf, clear_frames=626
[INFO] [1783771604.688109646] [unitree_safe_cmd_node]: Move x=0.000, z=0.450, stop_count=0, roi_count=0, nearest_x=inf, clear_frames=631
[INFO] [1783771605.232849188] [unitree_safe_cmd_node]: Move x=0.000, z=0.450, stop_count=0, roi_count=0, nearest_x=inf, clear_frames=636
[INFO] [1783771605.732870132] [unitree_safe_cmd_node]: Move x=0.000, z=0.450, stop_count=0, roi_count=0, nearest_x=inf, clear_frames=641
[INFO] [1783771606.232873731] [unitree_safe_cmd_node]: Move x=0.000, z=0.450, stop_count=0, roi_count=0, nearest_x=inf, clear_frames=646
[INFO] [1783771606.783940160] [unitree_safe_cmd_node]: Move x=0.000, z=0.450, stop_count=0, roi_count=0, nearest_x=inf, clear_frames=652
[INFO] [1783771607.283726390] [unitree_safe_cmd_node]: Move x=0.000, z=0.450, stop_count=0, roi_count=0, nearest_x=inf, clear_frames=656
[INFO] [1783771607.784133842] [unitree_safe_cmd_node]: Move x=0.000, z=0.450, stop_count=0, roi_count=0, nearest_x=inf, clear_frames=662
[INFO] [1783771608.332848327] [unitree_safe_cmd_node]: Move x=0.000, z=0.450, stop_count=0, roi_count=0, nearest_x=inf, clear_frames=667
[INFO] [1783771608.833103314] [unitree_safe_cmd_node]: Move x=0.000, z=0.450, stop_count=0, roi_count=0, nearest_x=inf, clear_frames=672
[INFO] [1783771609.383004748] [unitree_safe_cmd_node]: Move x=0.000, z=0.450, stop_count=0, roi_count=0, nearest_x=inf, clear_frames=678
[INFO] [1783771609.884197984] [unitree_safe_cmd_node]: Move x=0.000, z=0.450, stop_count=0, roi_count=0, nearest_x=inf, clear_frames=683
[INFO] [1783771610.388885309] [unitree_safe_cmd_node]: Move x=0.000, z=0.450, stop_count=0, roi_count=0, nearest_x=inf, clear_frames=688
[INFO] [1783771610.936289247] [unitree_safe_cmd_node]: Move x=0.000, z=0.450, stop_count=0, roi_count=0, nearest_x=inf, clear_frames=693
[INFO] [1783771611.484677456] [unitree_safe_cmd_node]: Move x=0.000, z=0.450, stop_count=0, roi_count=0, nearest_x=inf, clear_frames=698
[INFO] [1783771612.033000281] [unitree_safe_cmd_node]: Move x=0.000, z=0.450, stop_count=0, roi_count=0, nearest_x=inf, clear_frames=703
[INFO] [1783771612.583051140] [unitree_safe_cmd_node]: Move x=0.000, z=0.450, stop_count=0, roi_count=0, nearest_x=inf, clear_frames=709
[INFO] [1783771613.083352372] [unitree_safe_cmd_node]: Move x=0.000, z=0.450, stop_count=0, roi_count=0, nearest_x=inf, clear_frames=714
[INFO] [1783771613.632893510] [unitree_safe_cmd_node]: Move x=0.000, z=0.450, stop_count=0, roi_count=0, nearest_x=inf, clear_frames=719
[INFO] [1783771614.133739315] [unitree_safe_cmd_node]: Move x=0.000, z=0.450, stop_count=0, roi_count=0, nearest_x=inf, clear_frames=724
[INFO] [1783771614.686464971] [unitree_safe_cmd_node]: Move x=0.000, z=0.450, stop_count=0, roi_count=0, nearest_x=inf, clear_frames=730
[INFO] [1783771615.232876574] [unitree_safe_cmd_node]: Move x=0.000, z=0.450, stop_count=0, roi_count=0, nearest_x=inf, clear_frames=735
[INFO] [1783771615.732986744] [unitree_safe_cmd_node]: Move x=0.000, z=0.450, stop_count=0, roi_count=0, nearest_x=inf, clear_frames=740
[INFO] [1783771616.282883730] [unitree_safe_cmd_node]: Move x=0.000, z=0.450, stop_count=0, roi_count=0, nearest_x=inf, clear_frames=746
[INFO] [1783771616.785972667] [unitree_safe_cmd_node]: Move x=0.000, z=0.450, stop_count=0, roi_count=0, nearest_x=inf, clear_frames=751
[INFO] [1783771617.333000051] [unitree_safe_cmd_node]: Move x=0.000, z=0.450, stop_count=0, roi_count=0, nearest_x=inf, clear_frames=756
[INFO] [1783771617.833171924] [unitree_safe_cmd_node]: Move x=0.000, z=0.450, stop_count=0, roi_count=0, nearest_x=inf, clear_frames=761
[INFO] [1783771618.382876025] [unitree_safe_cmd_node]: Move x=0.000, z=0.450, stop_count=0, roi_count=0, nearest_x=inf, clear_frames=767
[INFO] [1783771618.932875006] [unitree_safe_cmd_node]: Move x=0.000, z=0.450, stop_count=0, roi_count=0, nearest_x=inf, clear_frames=772
[INFO] [1783771619.432895855] [unitree_safe_cmd_node]: Move x=0.000, z=0.450, stop_count=0, roi_count=0, nearest_x=inf, clear_frames=777
[INFO] [1783771619.982875026] [unitree_safe_cmd_node]: Move x=0.000, z=0.450, stop_count=0, roi_count=0, nearest_x=inf, clear_frames=783
[INFO] [1783771620.483053364] [unitree_safe_cmd_node]: Move x=0.000, z=0.450, stop_count=0, roi_count=0, nearest_x=inf, clear_frames=788
[INFO] [1783771620.987150287] [unitree_safe_cmd_node]: Move x=0.000, z=0.450, stop_count=0, roi_count=0, nearest_x=inf, clear_frames=792
[INFO] [1783771621.533195224] [unitree_safe_cmd_node]: Move x=0.000, z=0.450, stop_count=0, roi_count=0, nearest_x=inf, clear_frames=798
[INFO] [1783771622.083099155] [unitree_safe_cmd_node]: Move x=0.000, z=0.450, stop_count=0, roi_count=0, nearest_x=inf, clear_frames=804
[INFO] [1783771622.583792367] [unitree_safe_cmd_node]: Move x=0.000, z=0.450, stop_count=0, roi_count=0, nearest_x=inf, clear_frames=809
[INFO] [1783771623.132852555] [unitree_safe_cmd_node]: Move x=0.000, z=0.450, stop_count=0, roi_count=0, nearest_x=inf, clear_frames=814
[INFO] [1783771623.632958180] [unitree_safe_cmd_node]: Move x=0.000, z=0.450, stop_count=0, roi_count=0, nearest_x=inf, clear_frames=819
[INFO] [1783771624.132877161] [unitree_safe_cmd_node]: Move x=0.000, z=0.450, stop_count=0, roi_count=0, nearest_x=inf, clear_frames=824
[INFO] [1783771624.633175417] [unitree_safe_cmd_node]: Move x=0.000, z=0.450, stop_count=0, roi_count=0, nearest_x=inf, clear_frames=829
[INFO] [1783771625.183331600] [unitree_safe_cmd_node]: Move x=0.000, z=0.450, stop_count=0, roi_count=0, nearest_x=inf, clear_frames=835
[INFO] [1783771625.683602109] [unitree_safe_cmd_node]: Move x=0.000, z=0.450, stop_count=0, roi_count=0, nearest_x=inf, clear_frames=840
[INFO] [1783771626.232887474] [unitree_safe_cmd_node]: Move x=0.000, z=0.450, stop_count=0, roi_count=0, nearest_x=inf, clear_frames=845
[INFO] [1783771626.734014111] [unitree_safe_cmd_node]: Move x=0.000, z=0.450, stop_count=0, roi_count=0, nearest_x=inf, clear_frames=850
[INFO] [1783771627.283102590] [unitree_safe_cmd_node]: Move x=0.000, z=0.450, stop_count=0, roi_count=0, nearest_x=inf, clear_frames=856
[INFO] [1783771627.790747496] [unitree_safe_cmd_node]: Move x=0.000, z=0.450, stop_count=0, roi_count=0, nearest_x=inf, clear_frames=861
[INFO] [1783771628.333914285] [unitree_safe_cmd_node]: Move x=0.000, z=0.450, stop_count=0, roi_count=0, nearest_x=inf, clear_frames=865
[INFO] [1783771628.882943910] [unitree_safe_cmd_node]: Move x=0.000, z=0.450, stop_count=0, roi_count=0, nearest_x=inf, clear_frames=871
[INFO] [1783771629.433060313] [unitree_safe_cmd_node]: Move x=0.000, z=0.450, stop_count=0, roi_count=0, nearest_x=inf, clear_frames=876
[INFO] [1783771629.982971156] [unitree_safe_cmd_node]: Move x=0.000, z=0.450, stop_count=0, roi_count=0, nearest_x=inf, clear_frames=882
[INFO] [1783771630.483003238] [unitree_safe_cmd_node]: Move x=0.000, z=0.450, stop_count=0, roi_count=0, nearest_x=inf, clear_frames=887
[INFO] [1783771631.032874173] [unitree_safe_cmd_node]: Move x=0.000, z=0.450, stop_count=0, roi_count=0, nearest_x=inf, clear_frames=892
[INFO] [1783771631.533029757] [unitree_safe_cmd_node]: Move x=0.000, z=0.450, stop_count=0, roi_count=0, nearest_x=inf, clear_frames=897
[INFO] [1783771632.033144888] [unitree_safe_cmd_node]: Move x=0.000, z=0.450, stop_count=0, roi_count=0, nearest_x=inf, clear_frames=900
[INFO] [1783771632.583598641] [unitree_safe_cmd_node]: Move x=0.000, z=0.450, stop_count=0, roi_count=0, nearest_x=inf, clear_frames=906
[INFO] [1783771633.085571965] [unitree_safe_cmd_node]: Move x=0.000, z=0.450, stop_count=0, roi_count=0, nearest_x=inf, clear_frames=912
[INFO] [1783771633.632854129] [unitree_safe_cmd_node]: Move x=0.000, z=0.450, stop_count=0, roi_count=0, nearest_x=inf, clear_frames=917
[INFO] [1783771634.132893635] [unitree_safe_cmd_node]: Move x=0.000, z=0.450, stop_count=0, roi_count=0, nearest_x=inf, clear_frames=922
[INFO] [1783771634.633234872] [unitree_safe_cmd_node]: Move x=0.000, z=0.450, stop_count=0, roi_count=0, nearest_x=inf, clear_frames=927
[INFO] [1783771635.183486874] [unitree_safe_cmd_node]: Move x=0.000, z=0.450, stop_count=0, roi_count=0, nearest_x=inf, clear_frames=931
[INFO] [1783771635.688032327] [unitree_safe_cmd_node]: Move x=0.000, z=0.450, stop_count=0, roi_count=0, nearest_x=inf, clear_frames=937
[INFO] [1783771636.232911053] [unitree_safe_cmd_node]: Move x=0.000, z=0.450, stop_count=0, roi_count=0, nearest_x=inf, clear_frames=942
[INFO] [1783771636.733051595] [unitree_safe_cmd_node]: Move x=0.000, z=0.450, stop_count=0, roi_count=0, nearest_x=inf, clear_frames=947
[INFO] [1783771637.233126753] [unitree_safe_cmd_node]: Move x=0.000, z=0.450, stop_count=0, roi_count=0, nearest_x=inf, clear_frames=951
[INFO] [1783771637.786451741] [unitree_safe_cmd_node]: Move x=0.000, z=0.450, stop_count=0, roi_count=0, nearest_x=inf, clear_frames=957
[INFO] [1783771638.333241114] [unitree_safe_cmd_node]: Move x=0.000, z=0.450, stop_count=0, roi_count=0, nearest_x=inf, clear_frames=962
[INFO] [1783771638.888934912] [unitree_safe_cmd_node]: Move x=0.000, z=0.450, stop_count=0, roi_count=0, nearest_x=inf, clear_frames=968
[INFO] [1783771639.432866715] [unitree_safe_cmd_node]: Move x=0.000, z=0.450, stop_count=0, roi_count=0, nearest_x=inf, clear_frames=973
[INFO] [1783771639.932901197] [unitree_safe_cmd_node]: Move x=0.000, z=0.450, stop_count=0, roi_count=0, nearest_x=inf, clear_frames=978
[INFO] [1783771640.484022769] [unitree_safe_cmd_node]: Move x=0.000, z=0.450, stop_count=0, roi_count=0, nearest_x=inf, clear_frames=984
[INFO] [1783771641.032878230] [unitree_safe_cmd_node]: Move x=0.000, z=0.450, stop_count=0, roi_count=0, nearest_x=inf, clear_frames=989
[INFO] [1783771641.533078811] [unitree_safe_cmd_node]: Move x=0.000, z=0.450, stop_count=0, roi_count=0, nearest_x=inf, clear_frames=994
[INFO] [1783771642.033374666] [unitree_safe_cmd_node]: Move x=0.000, z=0.450, stop_count=0, roi_count=0, nearest_x=inf, clear_frames=999
[INFO] [1783771642.583052364] [unitree_safe_cmd_node]: Move x=0.000, z=0.450, stop_count=0, roi_count=0, nearest_x=inf, clear_frames=1005
[INFO] [1783771643.089268277] [unitree_safe_cmd_node]: Move x=0.000, z=0.450, stop_count=0, roi_count=0, nearest_x=inf, clear_frames=1010
[INFO] [1783771643.632847529] [unitree_safe_cmd_node]: Move x=0.000, z=0.450, stop_count=0, roi_count=0, nearest_x=inf, clear_frames=1015
[INFO] [1783771644.132911838] [unitree_safe_cmd_node]: Move x=0.000, z=0.450, stop_count=0, roi_count=0, nearest_x=inf, clear_frames=1020
[INFO] [1783771644.632903403] [unitree_safe_cmd_node]: Move x=0.000, z=0.450, stop_count=0, roi_count=0, nearest_x=inf, clear_frames=1025
[INFO] [1783771645.134313976] [unitree_safe_cmd_node]: Move x=0.000, z=0.450, stop_count=0, roi_count=0, nearest_x=inf, clear_frames=1030
[INFO] [1783771645.686465392] [unitree_safe_cmd_node]: Move x=0.000, z=0.450, stop_count=0, roi_count=0, nearest_x=inf, clear_frames=1036
[INFO] [1783771646.232827740] [unitree_safe_cmd_node]: Move x=0.000, z=0.450, stop_count=0, roi_count=0, nearest_x=inf, clear_frames=1041
[INFO] [1783771646.733083111] [unitree_safe_cmd_node]: Move x=0.000, z=0.450, stop_count=0, roi_count=0, nearest_x=inf, clear_frames=1046
[INFO] [1783771647.232920259] [unitree_safe_cmd_node]: Move x=0.000, z=0.450, stop_count=0, roi_count=0, nearest_x=inf, clear_frames=1051
[INFO] [1783771647.784973455] [unitree_safe_cmd_node]: Move x=0.000, z=0.450, stop_count=0, roi_count=0, nearest_x=inf, clear_frames=1057
[INFO] [1783771648.333143047] [unitree_safe_cmd_node]: Move x=0.000, z=0.450, stop_count=0, roi_count=0, nearest_x=inf, clear_frames=1061
[INFO] [1783771648.833374128] [unitree_safe_cmd_node]: Move x=0.000, z=0.450, stop_count=0, roi_count=0, nearest_x=inf, clear_frames=1066
[INFO] [1783771649.383272778] [unitree_safe_cmd_node]: Move x=0.000, z=0.450, stop_count=0, roi_count=0, nearest_x=inf, clear_frames=1072
[INFO] [1783771649.883116998] [unitree_safe_cmd_node]: Move x=0.000, z=0.450, stop_count=0, roi_count=0, nearest_x=inf, clear_frames=1078
[INFO] [1783771650.383607052] [unitree_safe_cmd_node]: Move x=0.000, z=0.450, stop_count=0, roi_count=0, nearest_x=inf, clear_frames=1083
[INFO] [1783771650.885443144] [unitree_safe_cmd_node]: Move x=0.000, z=0.450, stop_count=0, roi_count=0, nearest_x=inf, clear_frames=1088
[INFO] [1783771651.432981081] [unitree_safe_cmd_node]: Move x=0.000, z=0.450, stop_count=0, roi_count=0, nearest_x=inf, clear_frames=1093
[INFO] [1783771651.983323334] [unitree_safe_cmd_node]: Move x=0.000, z=0.450, stop_count=0, roi_count=0, nearest_x=inf, clear_frames=1097
[INFO] [1783771652.497070974] [unitree_safe_cmd_node]: Move x=0.000, z=0.450, stop_count=0, roi_count=0, nearest_x=inf, clear_frames=1101
[INFO] [1783771653.033068477] [unitree_safe_cmd_node]: Move x=0.000, z=0.450, stop_count=0, roi_count=0, nearest_x=inf, clear_frames=1107
[INFO] [1783771653.533404305] [unitree_safe_cmd_node]: Move x=0.000, z=0.450, stop_count=0, roi_count=0, nearest_x=inf, clear_frames=1112
[INFO] [1783771654.036916970] [unitree_safe_cmd_node]: Move x=0.000, z=0.450, stop_count=0, roi_count=0, nearest_x=inf, clear_frames=1116
[INFO] [1783771654.582929231] [unitree_safe_cmd_node]: Move x=0.000, z=0.450, stop_count=0, roi_count=0, nearest_x=inf, clear_frames=1123
[INFO] [1783771655.083269027] [unitree_safe_cmd_node]: Move x=0.000, z=0.450, stop_count=0, roi_count=0, nearest_x=inf, clear_frames=1127
[INFO] [1783771655.583488106] [unitree_safe_cmd_node]: Move x=0.000, z=0.450, stop_count=0, roi_count=0, nearest_x=inf, clear_frames=1132
[INFO] [1783771656.133088323] [unitree_safe_cmd_node]: Move x=0.000, z=0.450, stop_count=0, roi_count=0, nearest_x=inf, clear_frames=1138
[INFO] [1783771656.633239074] [unitree_safe_cmd_node]: Move x=0.000, z=0.450, stop_count=0, roi_count=0, nearest_x=inf, clear_frames=1143
[INFO] [1783771657.183066036] [unitree_safe_cmd_node]: Move x=0.000, z=0.450, stop_count=0, roi_count=0, nearest_x=inf, clear_frames=1148
[INFO] [1783771657.683292796] [unitree_safe_cmd_node]: Move x=0.000, z=0.450, stop_count=0, roi_count=0, nearest_x=inf, clear_frames=1152
[INFO] [1783771658.250827862] [unitree_safe_cmd_node]: Move x=0.000, z=0.450, stop_count=0, roi_count=0, nearest_x=inf, clear_frames=1158
[INFO] [1783771658.783891531] [unitree_safe_cmd_node]: Move x=0.000, z=0.450, stop_count=0, roi_count=0, nearest_x=inf, clear_frames=1164
[INFO] [1783771659.294004491] [unitree_safe_cmd_node]: Move x=0.000, z=0.450, stop_count=0, roi_count=0, nearest_x=inf, clear_frames=1168
[INFO] [1783771659.833023357] [unitree_safe_cmd_node]: Move x=0.000, z=0.450, stop_count=0, roi_count=0, nearest_x=inf, clear_frames=1173
[INFO] [1783771660.333112437] [unitree_safe_cmd_node]: Move x=0.000, z=0.450, stop_count=0, roi_count=0, nearest_x=inf, clear_frames=1178
[INFO] [1783771660.834426199] [unitree_safe_cmd_node]: Move x=0.000, z=0.450, stop_count=0, roi_count=0, nearest_x=inf, clear_frames=1182
[INFO] [1783771661.386256299] [unitree_safe_cmd_node]: Move x=0.000, z=0.450, stop_count=0, roi_count=0, nearest_x=inf, clear_frames=1189
[INFO] [1783771661.932972096] [unitree_safe_cmd_node]: Move x=0.000, z=0.450, stop_count=0, roi_count=0, nearest_x=inf, clear_frames=1194
[INFO] [1783771662.433167492] [unitree_safe_cmd_node]: Move x=0.000, z=0.450, stop_count=0, roi_count=0, nearest_x=inf, clear_frames=1199
[INFO] [1783771662.985377602] [unitree_safe_cmd_node]: Move x=0.000, z=0.450, stop_count=0, roi_count=0, nearest_x=inf, clear_frames=1205
[INFO] [1783771663.533048514] [unitree_safe_cmd_node]: Move x=0.000, z=0.450, stop_count=0, roi_count=0, nearest_x=inf, clear_frames=1210
[INFO] [1783771664.083052488] [unitree_safe_cmd_node]: Move x=0.000, z=0.450, stop_count=0, roi_count=0, nearest_x=inf, clear_frames=1216
[INFO] [1783771664.588827648] [unitree_safe_cmd_node]: Move x=0.000, z=0.450, stop_count=0, roi_count=0, nearest_x=inf, clear_frames=1221
[INFO] [1783771665.132988373] [unitree_safe_cmd_node]: Move x=0.000, z=0.450, stop_count=0, roi_count=0, nearest_x=inf, clear_frames=1226
[INFO] [1783771665.639203454] [unitree_safe_cmd_node]: Move x=0.000, z=0.450, stop_count=0, roi_count=0, nearest_x=inf, clear_frames=1231
[INFO] [1783771666.183538503] [unitree_safe_cmd_node]: Move x=0.000, z=0.450, stop_count=0, roi_count=0, nearest_x=inf, clear_frames=1236
[INFO] [1783771666.683216593] [unitree_safe_cmd_node]: Move x=0.000, z=0.450, stop_count=0, roi_count=0, nearest_x=inf, clear_frames=1241
[INFO] [1783771667.183288263] [unitree_safe_cmd_node]: Move x=0.000, z=0.450, stop_count=0, roi_count=0, nearest_x=inf, clear_frames=1245
[INFO] [1783771667.733634708] [unitree_safe_cmd_node]: Move x=0.000, z=0.450, stop_count=0, roi_count=0, nearest_x=inf, clear_frames=1251
[INFO] [1783771668.282896167] [unitree_safe_cmd_node]: Move x=0.000, z=0.450, stop_count=0, roi_count=0, nearest_x=inf, clear_frames=1257
[INFO] [1783771668.790882263] [unitree_safe_cmd_node]: Move x=0.000, z=0.450, stop_count=0, roi_count=0, nearest_x=inf, clear_frames=1261
[INFO] [1783771669.334000759] [unitree_safe_cmd_node]: Move x=0.000, z=0.450, stop_count=0, roi_count=0, nearest_x=inf, clear_frames=1266
[INFO] [1783771669.834742872] [unitree_safe_cmd_node]: Move x=0.000, z=0.450, stop_count=0, roi_count=0, nearest_x=inf, clear_frames=1271
[INFO] [1783771670.338353789] [unitree_safe_cmd_node]: Move x=0.000, z=0.450, stop_count=0, roi_count=0, nearest_x=inf, clear_frames=1275
[INFO] [1783771670.882978374] [unitree_safe_cmd_node]: Move x=0.000, z=0.450, stop_count=0, roi_count=0, nearest_x=inf, clear_frames=1279
[INFO] [1783771671.383930367] [unitree_safe_cmd_node]: Move x=0.000, z=0.450, stop_count=0, roi_count=0, nearest_x=inf, clear_frames=1284
[INFO] [1783771671.932916403] [unitree_safe_cmd_node]: Move x=0.000, z=0.450, stop_count=0, roi_count=0, nearest_x=inf, clear_frames=1290
[INFO] [1783771672.433147611] [unitree_safe_cmd_node]: Move x=0.000, z=0.450, stop_count=0, roi_count=0, nearest_x=inf, clear_frames=1295
[INFO] [1783771672.933416679] [unitree_safe_cmd_node]: Move x=0.000, z=0.450, stop_count=0, roi_count=0, nearest_x=inf, clear_frames=1300
[INFO] [1783771673.482940664] [unitree_safe_cmd_node]: Move x=0.000, z=0.450, stop_count=0, roi_count=0, nearest_x=inf, clear_frames=1306
[INFO] [1783771673.983811688] [unitree_safe_cmd_node]: Move x=0.000, z=0.450, stop_count=0, roi_count=0, nearest_x=inf, clear_frames=1310
[INFO] [1783771674.533016948] [unitree_safe_cmd_node]: Move x=0.000, z=0.450, stop_count=0, roi_count=0, nearest_x=inf, clear_frames=1316
[INFO] [1783771675.033286401] [unitree_safe_cmd_node]: Move x=0.000, z=0.450, stop_count=0, roi_count=0, nearest_x=inf, clear_frames=1321
[INFO] [1783771675.582908124] [unitree_safe_cmd_node]: Move x=0.000, z=0.450, stop_count=0, roi_count=0, nearest_x=inf, clear_frames=1327
[INFO] [1783771676.082995572] [unitree_safe_cmd_node]: Move x=0.000, z=0.450, stop_count=0, roi_count=0, nearest_x=inf, clear_frames=1332
[INFO] [1783771676.583962959] [unitree_safe_cmd_node]: Move x=0.000, z=0.450, stop_count=0, roi_count=0, nearest_x=inf, clear_frames=1336
[INFO] [1783771677.132935457] [unitree_safe_cmd_node]: Move x=0.000, z=0.450, stop_count=0, roi_count=0, nearest_x=inf, clear_frames=1342
[INFO] [1783771677.632937903] [unitree_safe_cmd_node]: Move x=0.000, z=0.450, stop_count=0, roi_count=0, nearest_x=inf, clear_frames=1347
[INFO] [1783771678.182911570] [unitree_safe_cmd_node]: Move x=0.000, z=0.450, stop_count=0, roi_count=0, nearest_x=inf, clear_frames=1353
[INFO] [1783771678.683280362] [unitree_safe_cmd_node]: Move x=0.000, z=0.450, stop_count=0, roi_count=0, nearest_x=inf, clear_frames=1357
[INFO] [1783771679.183758542] [unitree_safe_cmd_node]: Move x=0.000, z=0.450, stop_count=0, roi_count=0, nearest_x=inf, clear_frames=1362
[INFO] [1783771679.733450897] [unitree_safe_cmd_node]: Move x=0.000, z=0.450, stop_count=0, roi_count=0, nearest_x=inf, clear_frames=1366
[INFO] [1783771680.235249097] [unitree_safe_cmd_node]: Move x=0.000, z=0.450, stop_count=0, roi_count=0, nearest_x=inf, clear_frames=1371
[INFO] [1783771680.787908314] [unitree_safe_cmd_node]: Move x=0.000, z=0.450, stop_count=0, roi_count=0, nearest_x=inf, clear_frames=1378
[INFO] [1783771681.333195182] [unitree_safe_cmd_node]: Move x=0.000, z=0.450, stop_count=0, roi_count=0, nearest_x=inf, clear_frames=1383
[INFO] [1783771681.833384882] [unitree_safe_cmd_node]: Move x=0.000, z=0.450, stop_count=0, roi_count=0, nearest_x=inf, clear_frames=1388
[INFO] [1783771682.382909474] [unitree_safe_cmd_node]: Move x=0.000, z=0.450, stop_count=0, roi_count=0, nearest_x=inf, clear_frames=1394
[INFO] [1783771682.889180369] [unitree_safe_cmd_node]: Move x=0.000, z=0.450, stop_count=0, roi_count=0, nearest_x=inf, clear_frames=1398
[INFO] [1783771683.433767895] [unitree_safe_cmd_node]: Move x=0.000, z=0.450, stop_count=0, roi_count=0, nearest_x=inf, clear_frames=1404
[INFO] [1783771683.983163256] [unitree_safe_cmd_node]: Move x=0.000, z=0.450, stop_count=0, roi_count=0, nearest_x=inf, clear_frames=1409
[INFO] [1783771684.483650589] [unitree_safe_cmd_node]: Move x=0.000, z=0.450, stop_count=0, roi_count=0, nearest_x=inf, clear_frames=1414
[INFO] [1783771685.032922097] [unitree_safe_cmd_node]: Move x=0.000, z=0.450, stop_count=0, roi_count=0, nearest_x=inf, clear_frames=1420
[INFO] [1783771685.533478526] [unitree_safe_cmd_node]: Move x=0.000, z=0.450, stop_count=0, roi_count=0, nearest_x=inf, clear_frames=1424
[INFO] [1783771686.033546964] [unitree_safe_cmd_node]: Move x=0.000, z=0.450, stop_count=0, roi_count=0, nearest_x=inf, clear_frames=1429
[INFO] [1783771686.583288765] [unitree_safe_cmd_node]: Move x=0.000, z=0.450, stop_count=0, roi_count=0, nearest_x=inf, clear_frames=1433
[INFO] [1783771687.087477442] [unitree_safe_cmd_node]: Move x=0.000, z=0.450, stop_count=0, roi_count=0, nearest_x=inf, clear_frames=1438
[INFO] [1783771687.633121470] [unitree_safe_cmd_node]: Move x=0.000, z=0.450, stop_count=0, roi_count=0, nearest_x=inf, clear_frames=1443
[INFO] [1783771688.133861279] [unitree_safe_cmd_node]: Move x=0.000, z=0.450, stop_count=0, roi_count=0, nearest_x=inf, clear_frames=1448
[INFO] [1783771688.683479866] [unitree_safe_cmd_node]: Move x=0.000, z=0.450, stop_count=0, roi_count=0, nearest_x=inf, clear_frames=1454
[INFO] [1783771689.232977864] [unitree_safe_cmd_node]: Move x=0.000, z=0.450, stop_count=0, roi_count=0, nearest_x=inf, clear_frames=1459
[INFO] [1783771689.783997024] [unitree_safe_cmd_node]: Move x=0.000, z=0.450, stop_count=0, roi_count=0, nearest_x=inf, clear_frames=1464
[INFO] [1783771690.333164872] [unitree_safe_cmd_node]: Move x=0.000, z=0.450, stop_count=0, roi_count=0, nearest_x=inf, clear_frames=1470
[INFO] [1783771690.833131411] [unitree_safe_cmd_node]: Move x=0.000, z=0.450, stop_count=0, roi_count=0, nearest_x=inf, clear_frames=1473
[INFO] [1783771691.383202465] [unitree_safe_cmd_node]: Move x=0.000, z=0.450, stop_count=0, roi_count=0, nearest_x=inf, clear_frames=1478
[INFO] [1783771691.932838014] [unitree_safe_cmd_node]: Move x=0.000, z=0.450, stop_count=0, roi_count=0, nearest_x=inf, clear_frames=1484
[INFO] [1783771692.433101161] [unitree_safe_cmd_node]: Move x=0.000, z=0.450, stop_count=0, roi_count=0, nearest_x=inf, clear_frames=1488
[INFO] [1783771692.982975041] [unitree_safe_cmd_node]: Move x=0.000, z=0.450, stop_count=0, roi_count=0, nearest_x=inf, clear_frames=1494
[INFO] [1783771693.533231908] [unitree_safe_cmd_node]: Move x=0.000, z=0.450, stop_count=0, roi_count=0, nearest_x=inf, clear_frames=1499
[INFO] [1783771694.034877035] [unitree_safe_cmd_node]: Move x=0.000, z=0.450, stop_count=0, roi_count=0, nearest_x=inf, clear_frames=1504
[INFO] [1783771694.585161137] [unitree_safe_cmd_node]: Move x=0.000, z=0.450, stop_count=0, roi_count=0, nearest_x=inf, clear_frames=1509
[INFO] [1783771695.132907065] [unitree_safe_cmd_node]: Move x=0.000, z=0.450, stop_count=0, roi_count=0, nearest_x=inf, clear_frames=1515
[INFO] [1783771695.633274513] [unitree_safe_cmd_node]: Move x=0.000, z=0.450, stop_count=0, roi_count=0, nearest_x=inf, clear_frames=1520
[INFO] [1783771696.182975349] [unitree_safe_cmd_node]: Move x=0.000, z=0.450, stop_count=0, roi_count=0, nearest_x=inf, clear_frames=1526
[INFO] [1783771696.683329867] [unitree_safe_cmd_node]: Move x=0.000, z=0.450, stop_count=0, roi_count=0, nearest_x=inf, clear_frames=1530
[INFO] [1783771697.232893792] [unitree_safe_cmd_node]: Move x=0.000, z=0.450, stop_count=0, roi_count=0, nearest_x=inf, clear_frames=1536
[INFO] [1783771697.733366243] [unitree_safe_cmd_node]: Move x=0.000, z=0.450, stop_count=0, roi_count=0, nearest_x=inf, clear_frames=1540
[INFO] [1783771698.282930456] [unitree_safe_cmd_node]: Move x=0.000, z=0.450, stop_count=0, roi_count=0, nearest_x=inf, clear_frames=1546
[INFO] [1783771698.787855280] [unitree_safe_cmd_node]: Move x=0.000, z=0.450, stop_count=0, roi_count=0, nearest_x=inf, clear_frames=1552
[INFO] [1783771699.333423939] [unitree_safe_cmd_node]: Move x=0.000, z=0.450, stop_count=0, roi_count=0, nearest_x=inf, clear_frames=1557
[INFO] [1783771699.833230268] [unitree_safe_cmd_node]: Move x=0.000, z=0.450, stop_count=0, roi_count=0, nearest_x=inf, clear_frames=1562
[INFO] [1783771700.388012411] [unitree_safe_cmd_node]: Move x=0.000, z=0.450, stop_count=0, roi_count=0, nearest_x=inf, clear_frames=1568
[INFO] [1783771700.933204997] [unitree_safe_cmd_node]: Move x=0.000, z=0.450, stop_count=0, roi_count=0, nearest_x=inf, clear_frames=1573
[INFO] [1783771701.484182776] [unitree_safe_cmd_node]: Move x=0.000, z=0.450, stop_count=0, roi_count=0, nearest_x=inf, clear_frames=1578
[INFO] [1783771702.033114118] [unitree_safe_cmd_node]: Move x=0.000, z=0.450, stop_count=0, roi_count=0, nearest_x=inf, clear_frames=1584
[INFO] [1783771702.535318828] [unitree_safe_cmd_node]: Move x=0.000, z=0.450, stop_count=0, roi_count=0, nearest_x=inf, clear_frames=1589
[INFO] [1783771703.086028962] [unitree_safe_cmd_node]: Move x=0.000, z=0.450, stop_count=0, roi_count=0, nearest_x=inf, clear_frames=1595
[INFO] [1783771703.633323320] [unitree_safe_cmd_node]: Move x=0.000, z=0.450, stop_count=0, roi_count=0, nearest_x=inf, clear_frames=1599
[INFO] [1783771704.182966261] [unitree_safe_cmd_node]: Move x=0.000, z=0.450, stop_count=0, roi_count=0, nearest_x=inf, clear_frames=1605
[INFO] [1783771704.683668946] [unitree_safe_cmd_node]: Move x=0.000, z=0.450, stop_count=0, roi_count=0, nearest_x=inf, clear_frames=1609
[INFO] [1783771705.233124987] [unitree_safe_cmd_node]: Move x=0.000, z=0.450, stop_count=0, roi_count=0, nearest_x=inf, clear_frames=1613
[INFO] [1783771705.734758113] [unitree_safe_cmd_node]: Move x=0.000, z=0.450, stop_count=0, roi_count=0, nearest_x=inf, clear_frames=1618
[INFO] [1783771706.283226331] [unitree_safe_cmd_node]: Move x=0.000, z=0.450, stop_count=0, roi_count=0, nearest_x=inf, clear_frames=1624
[INFO] [1783771706.783907221] [unitree_safe_cmd_node]: Move x=0.000, z=0.450, stop_count=0, roi_count=0, nearest_x=inf, clear_frames=1629
[INFO] [1783771707.333066045] [unitree_safe_cmd_node]: Move x=0.000, z=0.450, stop_count=0, roi_count=0, nearest_x=inf, clear_frames=1633
[INFO] [1783771707.883071491] [unitree_safe_cmd_node]: Move x=0.000, z=0.450, stop_count=0, roi_count=0, nearest_x=inf, clear_frames=1639
[INFO] [1783771708.383216129] [unitree_safe_cmd_node]: Move x=0.000, z=0.450, stop_count=0, roi_count=0, nearest_x=inf, clear_frames=1643
[INFO] [1783771708.883168042] [unitree_safe_cmd_node]: Move x=0.000, z=0.450, stop_count=0, roi_count=0, nearest_x=inf, clear_frames=1649
[INFO] [1783771709.432892465] [unitree_safe_cmd_node]: Move x=0.000, z=0.450, stop_count=0, roi_count=0, nearest_x=inf, clear_frames=1654
[INFO] [1783771709.983049033] [unitree_safe_cmd_node]: Move x=0.000, z=0.450, stop_count=0, roi_count=0, nearest_x=inf, clear_frames=1660
[INFO] [1783771710.485310101] [unitree_safe_cmd_node]: Move x=0.000, z=0.450, stop_count=0, roi_count=0, nearest_x=inf, clear_frames=1665
[INFO] [1783771711.032879146] [unitree_safe_cmd_node]: Move x=0.000, z=0.450, stop_count=0, roi_count=0, nearest_x=inf, clear_frames=1670
[INFO] [1783771711.533167192] [unitree_safe_cmd_node]: Move x=0.000, z=0.450, stop_count=0, roi_count=0, nearest_x=inf, clear_frames=1675
[INFO] [1783771712.083359476] [u