# .PCD v0.7 - Point Cloud Data file format
VERSION 0.7
FIELDS x y z
SIZE 4 4 4
TYPE F F F
COUNT 1 1 1
WIDTH 3777
HEIGHT 1
VIEWPOINT 0 0 0 1 0 0 0
POINTS 3777
DATA ascii
240.347504 -225.566605 7.40180016
241.092407 -221.714905 8.95300007
241.179703 -220.4646 6.23530006
241.204193 -221.915802 8.9144001
241.292099 -220.090302 6.55810022
241.536697 -222.184799 9.74800014
241.700394 -222.4478 10.1946001
241.6129 -221.245102 7.79589987
241.901093 -221.476395 5.26039982
241.854507 -221.3629 4.87839985
242.281097 -225.404404 11.9888
242.394608 -223.793701 7.59619999
242.261902 -221.724701 7.32705021
242.318802 -221.423996 7.5303998
242.361694 -221.368393 6.54199982
242.356995 -221.1689 7.25860023
242.247803 -221.098206 7.61709976
242.498703 -229.898407 4.39279985
242.589706 -229.882095 4.97910023
242.535797 -226.577805 6.55999994
242.5811 -226.412201 6.99440002
242.579407 -226.592804 11.1566
242.451202 -225.621201 11.6198997
242.419189 -225.44986 12.0706005
242.556305 -222.354095 9.40270042
242.421997 -221.622498 6.86670017
242.423096 -221.658905 7.45749998
242.765396 -230.327393 5.07730007
242.787704 -230.0755 4.4763999
242.6017 -229.677307 5.13460016
242.650894 -225.758896 11.3055
242.69165 -222.257401 10.7026997
242.884094 -227.964905 10.1066999
242.898407 -227.758301 6.23070002
242.923599 -227.657394 10.0625
242.9552 -226.350403 6.94640017
242.818207 -222.892395 10.4724998
242.924301 -222.231705 10.6133003
242.896194 -222.163101 10.8086004
242.949097 -222.157806 11.2854996
243.125 -228.620605 9.50619984
243.141495 -228.539993 7.69770002
243.088501 -228.456497 9.92850018
243.155899 -223.711899 9.40719986
243.179596 -222.919296 7.3427
243.002502 -222.689194 10.7480001
243.115601 -222.433807 10.5438004
243.108704 -222.520905 10.9298
243.268799 -228.677902 7.58190012
243.249695 -228.158798 9.77070045
243.371597 -226.408203 10.3625002
243.344406 -226.378098 7.88670015
243.351395 -226.226395 9.85289955
243.269699 -226.166397 9.95409966
243.326294 -224.727097 7.36000013
243.316101 -223.526596 9.77110004
243.232498 -222.882996 10.3417997
243.250107 -222.643799 6.03270006
243.206299 -222.688004 9.01650047
243.325104 -222.595703 5.73339987
243.242203 -222.432907 9.5468998
243.205505 -222.256104 11.0036001
243.250702 -222.120605 11.1993999
243.537704 -227.992401 8.62269974
243.583405 -226.817398 10.2423
243.472702 -226.538193 10.0822001
243.407593 -226.438904 10.2194996
243.497192 -226.424606 10.4233999
243.540894 -225.337097 10.4830999
243.554596 -223.179794 10.2023001
243.414902 -223.174805 10.4659004
243.543594 -223.117599 10.6505003
243.424896 -222.720093 9.28779984
243.718903 -228.248093 8.60519981
243.669006 -228.135895 8.46370029
243.698593 -228.041 8.98700047
243.666 -226.730301 8.69610023
243.622696 -226.598099 10.3470001
243.643494 -225.101395 8.97379971
243.729904 -225.195297 10.7739
243.601898 -224.861801 7.65229988
243.615906 -224.863007 10.3980999
243.768402 -224.716705 9.71240044
243.750702 -224.670898 10.007
243.687805 -224.665695 10.4771004
243.677094 -224.660294 10.691
243.678497 -224.014801 10.5489998
243.631104 -223.574905 9.77869987
243.734695 -223.259598 10.5362997
243.789703 -223.172897 10.7230997
243.708099 -222.671097 7.61999989
243.788406 -222.507202 7.27650023
243.747299 -221.445297 5.90059996
243.992294 -225.774902 8.71679974
243.859695 -225.214798 9.19470024
243.946594 -224.883301 10.4204998
243.874893 -224.8078 10.8254004
243.941895 -224.600494 9.62090015
243.967407 -224.435806 9.89649963
243.915604 -224.261597 9.66219997
243.820206 -224.089706 10.0816002
243.950806 -223.724106 9.19799995
243.896393 -223.791901 9.30959988
243.925797 -223.753494 9.42590046
243.835602 -223.217804 10.9240999
243.835205 -221.410995 6.18590021
243.932495 -221.436203 6.40250015
244.143707 -227.487396 9.05519962
244.069199 -227.248795 8.49639988
244.150497 -225.615707 8.60639954
244.039703 -225.598206 9.17679977
244.003799 -225.353104 9.60919952
244.087708 -225.157898 9.84399986
244.127258 -225.08139 10.7481499
244.172104 -224.326599 9.7901001
244.148407 -223.488007 9.61030006
244.160706 -222.552902 5.53079987
244.072403 -222.417099 7.57630014
244.038895 -222.346497 7.35029984
244.158295 -221.618698 6.01039982
244.072693 -221.599503 6.17689991
244.078293 -221.394699 5.89340019
244.338104 -228.286102 6.66639996
244.384705 -227.756302 7.07380009
244.398102 -226.738907 7.25089979
244.253006 -226.0746 9.46580029
244.309601 -225.559006 10.2370005
244.218399 -225.250107 10.3636999
244.222107 -225.163696 10.9310999
244.338898 -224.246506 8.29459953
244.320694 -223.652206 7.76730013
244.241196 -222.980698 8.71370029
244.212997 -222.628494 5.43030024
244.232101 -222.496796 7.54040003
244.317307 -222.293304 8.0539999
244.349701 -221.843597 4.30959988
244.257004 -221.940506 4.63950014
244.383606 -221.692093 7.9053998
244.227005 -221.547897 4.50810003
244.3647 -221.240295 8.36349964
244.522202 -239.307404 10.2667999
244.536102 -228.189896 4.77339983
244.447906 -228.165497 6.75990009
244.553207 -227.184998 4.60270023
244.437302 -226.267899 9.99530029
244.462204 -223.501404 8.63479996
244.504898 -223.481003 8.83199978
244.427902 -223.341644 8.44745064
244.427902 -223.146896 8.24300003
244.556107 -222.955795 9.22000027
244.545593 -222.003906 6.8755002
244.455597 -222.074493 7.44820023
244.554092 -221.997696 7.13439989
244.493698 -221.466904 8.3604002
244.795593 -227.289993 8.61289978
244.690308 -226.553894 5.15269995
244.649002 -226.425705 5.42939997
244.779404 -226.512695 9.06799984
244.698105 -226.230804 9.38860035
244.686096 -223.7845 8.6850996
244.604202 -222.381897 7.37020016
244.641296 -222.252655 7.46274996
244.637802 -221.664307 7.31969976
244.698303 -221.608795 7.61479998
244.9702 -227.271805 9.31499958
244.804306 -226.907303 4.79809999
244.930206 -226.690796 9.31200027
244.982803 -225.096497 8.66870022
244.964142 -224.705292 5.93480015
244.829102 -224.456802 5.26830006
244.867096 -224.573898 5.80249977
244.935806 -224.248093 5.88170004
244.930298 -223.895004 8.7489996
244.949905 -223.868698 9.37660027
244.8741 -223.787292 4.80999994
244.916 -223.385498 5.10330009
244.899597 -222.095703 4.68260002
244.812393 -221.843307 7.56750011
245.022598 -228.090195 4.09429979
245.120193 -227.854904 4.5861001
245.129395 -226.897797 9.51539993
245.180405 -226.611694 9.69200039
245.038193 -226.061798 4.98990011
245.007507 -225.7005 5.49049997
245.021606 -225.042099 8.44519997
245.008194 -225.192902 8.95810032
245.018204 -224.939499 5.6954999
245.181396 -224.406403 8.83930016
245.048492 -224.321594 5.55740023
245.192307 -224.073395 5.53539991
245.130997 -223.897095 9.4762001
245.070602 -223.784302 5.15630007
245.088806 -223.670303 5.2723999
245.014603 -223.570206 4.59030008
245.099197 -223.568207 7.02909994
245.1427 -221.783905 4.18889999
245.293701 -226.727097 9.16619968
245.304794 -225.467194 5.67999983
245.312805 -225.525696 5.80219984
245.246002 -225.1064 5.76270008
245.3237 -224.422897 8.60219955
245.2444 -224.383408 5.26249981
245.327698 -224.256805 8.99820042
245.368896 -224.133804 5.21229982
245.298447 -224.123108 9.31235027
245.216705 -223.954803 5.33319998
245.231903 -223.795898 9.01739979
245.295898 -223.440796 6.73390007
245.388397 -222.832993 5.50600004
245.340393 -221.902206 4.14160013
245.505005 -226.9944 5.10160017
245.535706 -226.8974 7.27099991
245.508194 -226.3517 7.58669996
245.470901 -225.7276 7.16079998
245.4729 -225.015503 8.0085001
245.481003 -224.953506 8.11410046
245.503296 -222.677902 6.37279987
245.497192 -222.636307 6.4611001
245.553101 -222.282104 4.00930023
245.475296 -222.087906 4.03200006
245.476593 -222.084396 4.33269978
245.5784 -221.552399 1.76719999
245.575394 -221.043701 2.45880008
245.503799 -220.834106 2.4691
245.630997 -227.153702 5.39219999
245.615601 -226.891495 7.52169991
245.700806 -226.681793 7.74020004
245.770798 -224.6017 4.55569983
245.652206 -222.401398 4.08650017
245.735504 -222.175003 2.05990005
245.66156 -221.940948 1.83664989
245.669403 -221.994095 2.04970002
245.636902 -221.714905 1.78869998
245.616501 -221.552704 2.17700005
245.621902 -221.582993 2.22539997
245.602402 -221.401001 2.55259991
245.638901 -221.324799 2.18950009
245.688995 -220.703094 3.94149995
245.736694 -220.495193 3.63860011
245.6241 -220.387604 3.76629996
245.688995 -220.278305 3.91260004
245.966293 -237.660904 8.3458004
245.951202 -227.651794 5.53649998
245.843994 -227.328796 5.44710016
245.832901 -225.014603 7.19129992
245.940399 -224.595505 5.0012002
245.9384 -223.986496 5.00589991
245.803207 -222.4729 2.28929996
245.857803 -222.5961 4.34859991
245.901596 -222.028702 5.08890009
245.844803 -220.985703 1.23450005
246.033005 -225.266907 6.77710009
246.012299 -225.092453 7.23140001
246.088196 -225.066254 7.55079985
246.011505 -224.202896 5.42640018
246.166794 -222.899994 5.06379986
246.061798 -222.731506 4.92010021
246.086197 -222.676056 5.13080025
246.014496 -222.408203 4.79829979
246.014404 -222.454254 5.06605005
246.023605 -222.304901 4.67729998
246.379303 -237.999207 8.07979965
246.393204 -227.324203 2.49889994
246.399399 -225.276398 4.91590023
246.395096 -225.240601 5.0875001
246.315308 -222.833603 5.22860003
246.276199 -222.900803 5.56279993
246.472198 -228.5401 2.53699994
246.574432 -227.917633 1.72243333
246.589355 -227.932404 1.87024999
246.483093 -227.672302 1.69749999
246.526093 -227.659805 1.83200002
246.553696 -227.543503 2.51440001
246.527405 -227.362106 1.34570003
246.483795 -227.126007 2.12240005
246.501205 -226.936401 1.90310001
246.424698 -226.842194 2.36459994
246.410202 -226.807404 2.52629995
246.573502 -226.684799 1.18529999
246.434692 -226.659698 1.74479997
246.469604 -226.753906 1.90450001
246.405106 -226.488007 1.80420005
246.593002 -225.947403 5.74049997
246.480606 -225.274094 4.63789988
246.475754 -225.094147 5.00484991
246.525803 -225.125198 5.40170002
246.403397 -224.956299 4.64239979
246.569107 -224.199402 4.72419977
246.585693 -222.651703 5.44019985
246.730392 -229.939102 2.75580001
246.746201 -229.645599 1.2572
246.740356 -229.468994 2.08445001
246.789597 -229.343399 1.56005001
246.718704 -229.291397 1.80149996
246.614197 -229.076096 1.97049999
246.762299 -229.173004 2.36290002
246.673401 -228.992004 1.53999996
246.752106 -228.987503 2.50460005
246.742599 -228.718399 1.19219995
246.772903 -228.670105 1.51540005
246.718094 -228.257401 1.45220006
246.649597 -228.352097 1.79139996
246.656906 -228.107803 1.67110002
246.601196 -228.057205 2.33789992
246.613998 -227.893997 1.70899999
246.6203 -227.745102 1.5618
246.668701 -226.629898 1.32309997
246.624207 -226.395203 5.21390009
246.768402 -224.292801 4.24849987
246.680298 -224.223999 4.49660015
246.651306 -224.339096 4.66020012
246.607803 -222.909698 5.30009985
246.7733 -222.622604 4.94280005
246.770752 -222.709595 5.28340006
246.693695 -222.585693 5.2038002
246.76181 -222.307251 5.24935007
246.917801 -231.121048 0.664900005
246.988495 -231.164902 1.23549998
246.947495 -230.910507 1.73280001
246.874893 -230.681 2.03979993
246.830597 -230.510696 1.78760004
246.881104 -230.330795 1.45879996
246.899094 -230.103394 2.12290001
246.847 -229.545105 0.589600027
246.835403 -229.511505 1.04400003
246.810501 -229.545593 1.62150002
246.821198 -229.261597 0.835699975
246.861496 -229.323898 1.17859995
246.842102 -229.369705 1.34179997
246.839294 -228.902893 1.19570005
246.904999 -224.6306 4.5546999
246.952103 -224.502899 4.01399994
246.919449 -224.247345 4.27680016
246.807297 -224.314194 4.52950001
246.938202 -224.044693 4.27080011
246.805405 -223.953094 4.46210003
246.945267 -223.482407 5.66809988
246.925903 -223.2285 5.39069986
246.970398 -223.210999 5.73479986
246.972 -223.138397 5.62820005
246.854095 -223.053802 5.82919979
246.846695 -222.670197 5.34149981
246.859299 -222.565308 5.31640005
246.940399 -220.100296 2.58509994
247.175095 -232.233505 1.22710001
247.110794 -231.966003 1.33969998
247.182297 -231.737396 1.43900001
247.131302 -231.580994 1.21529996
247.007202 -231.029907 1.19640005
247.040604 -231.026901 2.43280005
247.061493 -230.953201 1.36290002
247.050095 -230.594803 1.76189995
247.041794 -229.330399 1.11140001
247.048401 -223.477493 5.29080009
247.280807 -232.2789 0.912
247.225601 -231.751495 1.00320005
248.1203 -227.684692 2.32780004
248.621094 -231.691803 14.6100998
248.955902 -231.810059 10.12955
248.883408 -231.800903 10.5743999
248.896606 -231.844299 10.9696999
248.913849 -231.6595 5.55465031
248.895706 -231.715698 8.37979984
248.942902 -231.714767 8.50263309
248.860001 -231.751007 9.10770035
248.838898 -231.777206 12.0805998
249.107498 -231.869598 12.5837002
249.155594 -231.894394 13.9446001
249.168106 -231.946396 14.3120003
249.026001 -231.631897 6.76399994
249.133194 -231.652695 7.7505002
249.012299 -231.742996 8.59049988
249.040298 -231.701004 8.7322998
249.083206 -231.741302 10.0530996
249.166901 -231.746796 11.6476002
249.003296 -231.776306 11.8299999
249.094406 -231.595993 6.12270021
249.2314 -231.800507 10.0011997
249.227142 -231.879547 14.1506004
249.371994 -231.628204 7.7335
249.242599 -231.665405 8.30720043
249.353806 -231.679794 8.55379963
249.300598 -231.685059 8.86605072
249.33429 -231.727554 9.72064972
249.359497 -231.686005 9.88630009
249.386505 -231.714706 10.3009005
249.327896 -231.761902 10.4755001
249.282394 -231.761505 11.1925001
249.382904 -231.766998 11.2951002
249.359406 -231.787003 11.4530001
249.352493 -231.586594 5.87239981
249.361603 -231.593094 8.26830006
249.490906 -231.613403 7.2507
249.4776 -231.608597 8.12269974
249.452698 -231.673401 9.74300003
249.461807 -231.730301 9.83040047
249.453201 -231.755493 10.0565004
249.504898 -231.7314 10.4083004
249.574203 -231.732605 13.9355001
249.528595 -231.770706 14.5476999
249.4702 -231.6465 14.7603998
249.580795 -231.444397 5.29759979
249.570099 -231.560699 5.62669992
249.58606 -231.491608 6.71720028
249.503906 -231.537598 8.06729984
249.503098 -231.538895 8.46080017
249.498398 -231.544495 10.2294998
249.684402 -231.678696 7.23629999
249.784805 -231.600494 8.77579975
249.697403 -231.660995 10.0670996
249.748398 -231.666901 10.4973001
249.725006 -231.656097 10.7549
249.673996 -231.760498 10.8870001
249.723297 -231.729996 11.1914997
249.662704 -231.738495 11.6885004
249.734558 -231.703201 11.8563499
249.690399 -231.678802 12.6660995
249.754898 -231.723801 12.8856001
249.635605 -231.710007 13.6473999
249.718307 -231.471893 5.52050018
249.732193 -231.599197 5.70410013
249.695099 -231.539597 6.76060009
249.685196 -231.583801 7.63180017
249.797699 -231.574707 8.40159988
249.727402 -231.5728 8.96329975
249.686005 -231.513306 9.10420036
249.741806 -231.582306 10.2861004
249.667999 -231.590607 10.4611998
249.637802 -231.580399 11.1960001
249.904999 -231.822495 12.5570002
249.976196 -231.684601 7.03499985
249.997803 -231.600693 8.12769985
249.86084 -231.621796 8.6046505
249.911697 -231.656204 9.42140007
249.85939 -231.673798 10.0691671
249.813599 -231.626694 10.2258997
249.903702 -231.700195 11.0236998
249.827805 -231.703903 11.323
249.816299 -231.720001 12.2656002
249.809097 -231.643494 12.8254995
249.906097 -231.685806 13.3662004
249.918503 -231.705795 13.5333004
249.839706 -231.767105 13.7988997
249.839294 -231.777405 14.1550999
249.867096 -231.6315 14.9632998
249.980103 -231.508194 5.50099993
249.957306 -231.539902 5.75029993
249.846405 -231.530045 6.35400009
249.921844 -231.567139 7.15499973
249.927795 -231.512894 7.29090023
249.918533 -231.575699 7.63752508
249.839005 -231.574707 7.80079985
249.846893 -231.579605 8.12819958
249.991196 -231.583496 8.52760029
249.858398 -231.560806 8.90180016
249.894608 -231.594498 9.8263998
249.813797 -231.591995 10.2234001
249.854095 -227.291397 1.22300005
250.100998 -231.846405 9.9982996
250.141098 -231.888199 10.3064003
250.028702 -231.612198 6.49209976
250.0811 -231.701294 7.33459997
250.142502 -231.600998 8.64330006
250.143204 -231.611801 8.8071003
250.116547 -231.662903 9.47599983
250.0867 -231.655502 10.1145496
250.116394 -231.646149 10.4477005
250.186996 -231.726196 10.7973003
250.150101 -231.644104 10.8870506
250.169601 -231.638702 11.3710003
250.119797 -231.726593 14.4573002
250.103607 -231.504303 5.16720009
250.097305 -231.552399 5.69640017
250.087097 -231.547699 6.11219978
250.008194 -231.572205 6.29969978
250.138306 -231.592407 6.94680023
250.024796 -231.524094 7.33949995
250.175903 -231.544098 7.45270014
250.153 -231.545898 8.65649986
250.098495 -231.543198 9.01679993
250.060394 -231.586594 10.5059996
250.149506 -231.302795 12.0945997
250.0401 -227.3797 1.47360003
250.162704 -226.877899 0.81279999
250.204193 -232.000107 6.35669994
250.331696 -232.132202 9.67179966
250.332245 -231.815948 6.68879986
250.357407 -231.980804 7.63800001
250.288605 -231.825653 9.49020004
250.244003 -231.814301 9.75129986
250.229904 -231.826202 10.0395002
250.244003 -231.809097 10.2040997
250.313843 -231.90155 10.5151501
250.337997 -231.945602 10.6905003
250.264603 -231.9104 12.9853001
250.355698 -231.931305 13.4403
250.370407 -231.895203 13.8504
250.312103 -231.609695 5.80429983
250.306793 -231.789001 7.00110006
250.378799 -231.672699 7.81150007
250.3703 -231.645706 8.58460045
250.293213 -231.681641 9.11285019
250.392593 -231.773102 10.0360003
250.337494 -231.656204 10.5299997
250.260345 -231.68811 10.6779003
250.293304 -231.787399 10.8291998
250.333069 -231.682297 11.065033
250.316803 -231.649307 11.5191002
250.278397 -231.742493 13.1409998
250.224503 -231.746902 13.2290001
250.377258 -231.723404 13.8947001
250.326202 -231.787903 14.2484999
250.359802 -231.701004 14.4243002
250.207001 -231.578903 5.70319986
250.266693 -231.554596 7.5163002
250.303802 -231.569351 8.50979996
250.287201 -231.580994 8.80420017
250.397995 -231.496704 11.6795998
250.235001 -231.4422 14.8134003
250.273804 -231.532593 15.0277996
250.3871 -231.267899 11.9448996
250.298203 -231.196198 12.3010998
250.454498 -232.055099 7.41179991
250.4617 -232.029205 9.15939999
250.418793 -232.115097 9.69190025
250.543701 -232.020905 9.94769955
250.411301 -232.009796 12.4671001
250.451706 -232.106796 12.6134996
250.404694 -232.014603 13.0081997
250.491302 -232.101501 13.7214003
250.551498 -232.0867 13.8077002
250.572403 -231.814606 6.22450018
250.412796 -231.921204 9.29930019
250.518204 -231.853699 9.46850014
250.466248 -231.974152 9.91985035
250.458694 -231.853195 10.1698999
250.560806 -231.850403 10.6292
250.420395 -231.981506 13.7538996
250.596207 -231.623199 6.70219994
250.557007 -231.794098 7.1170001
250.442703 -231.766052 7.41860008
250.531693 -231.798798 10.1782999
250.564102 -231.761093 10.3400002
250.520096 -231.646103 11.0747004
250.55069 -231.628601 11.7241001
250.429901 -231.7995 14.2739
250.465805 -231.658295 14.7219
250.563293 -231.432693 5.32410002
250.539902 -231.489899 7.97090006
250.453308 -231.508942 8.11730003
250.478104 -231.556595 8.3508997
250.410995 -231.583603 8.55049992
250.585007 -231.502106 8.7876997
250.4151 -231.5 8.8579998
250.548096 -231.590103 11.0142002
250.578751 -231.470093 11.5676498
250.51976 -231.512161 11.7312336
250.417892 -231.414993 11.8143997
250.5672 -231.276993 12.0550003
250.592896 -231.251801 12.3352003
250.775101 -232.021896 6.44740009
250.607407 -231.898804 10.6613998
250.606796 -231.848404 13.0882998
250.654404 -231.627396 7.08839989
250.695312 -231.641052 7.53219986
250.696198 -231.723007 9.86870003
250.700806 -231.759094 10.1934996
250.695404 -231.656296 10.9057999
250.6633 -231.605499 11.0622997
250.781693 -231.719894 14.4415998
250.737305 -231.425705 5.15010023
250.691406 -231.444153 5.48715019
250.721893 -231.45874 5.74145031
250.760696 -231.532593 7.45709991
250.768799 -231.441498 7.92619991
250.623947 -231.491699 8.48114967
250.673096 -231.565506 8.68690014
250.660004 -231.477005 8.91889954
250.776505 -231.572403 9.37959957
250.795105 -231.559799 11.1058998
250.761993 -231.568512 11.4424496
250.714706 -231.526306 14.6127996
250.871994 -235.247192 14.5059996
250.901505 -231.890396 6.26144981
250.962006 -231.802505 6.79829979
250.862 -231.909302 13.2013998
250.900299 -231.855698 13.4575996
250.979797 -231.870804 13.7945004
250.822998 -231.627899 7.65210009
250.916046 -231.778992 10.0836
250.935364 -231.715225 10.2740002
250.918793 -231.731293 10.4791002
250.857697 -231.677002 14.1239996
250.924194 -231.643799 14.3629999
250.955795 -231.616699 14.4822998
250.999496 -231.553406 7.62190008
250.917694 -231.476898 7.81790018
250.979706 -231.511902 8.56289959
250.898331 -231.485657 8.89848328
250.868393 -231.425507 9.01169968
250.884796 -231.597198 11.0459003
250.977905 -231.5392 11.3730001
250.890106 -231.576447 11.4839001
250.947601 -231.506195 11.7073002
250.982803 -231.470993 11.8010998
250.936401 -231.544006 12.1780996
250.9478 -231.375107 4.94759989
251.124496 -235.309906 14.3246002
251.180496 -232.0755 9.75300026
251.002899 -232.021805 10.2659998
251.0522 -231.895294 6.28539991
251.031403 -231.945404 6.57340002
251.0457 -231.934204 10.1438999
251.073898 -231.834702 12.8066998
251.015701 -231.989807 13.2328997
251.193802 -231.797195 6.52110004
251.134506 -231.673203 6.75530005
251.100006 -231.677902 6.93470001
251.120499 -231.7034 9.94449997
251.104004 -231.762329 10.0694666
251.061798 -231.606201 10.4224997
251.046799 -231.7854 12.6068001
251.152405 -231.717697 13.6985998
251.113297 -231.752502 14.1700001
251.165207 -231.730499 14.2582998
251.122406 -231.402802 5.7013998
251.126801 -231.552399 7.57200003
251.117493 -231.434494 7.72879982
251.029907 -231.419098 8.07190037
251.088745 -231.468658 8.55249977
251.073196 -231.429901 8.74559975
251.066147 -231.483307 8.9232502
251.111649 -231.577454 11.2604008
251.155106 -231.541107 11.5099001
251.039093 -231.503799 11.7962999
251.105896 -231.517746 11.9498253
251.132706 -231.473602 15.0353003
251.1091 -231.344696 4.91480017
251.084 -231.358505 5.02019978
251.110107 -231.3974 5.75139999
251.109695 -229.178101 4.76679993
251.237701 -233.487595 14.7101002
251.343201 -232.058899 13.9027996
251.225006 -231.823105 13.1176996
251.238098 -231.739197 6.41860008
251.343704 -231.661453 6.84634972
251.345093 -231.739594 7.53249979
251.318604 -231.606506 9.60760021
251.278305 -231.702301 9.87405014
251.280396 -231.672104 10.1295004
251.362305 -231.621902 10.2447996
251.324295 -231.697693 10.5852003
251.306 -231.688705 10.7061996
251.303101 -231.651199 10.8155003
251.276459 -231.682556 12.4505005
251.260193 -231.700546 12.6716003
251.370804 -231.729202 13.1991997
251.235703 -231.784195 13.4853001
251.255203 -231.794098 14.1999998
251.206604 -231.693405 14.3775997
251.318146 -231.559998 6.9763999
251.358353 -231.562149 7.0763998
251.332993 -231.444107 7.49679995
251.360504 -231.429794 7.9776001
251.2715 -231.446045 8.09210014
251.324097 -231.4086 8.26910019
251.245148 -231.448395 8.55165005
251.241394 -231.468704 8.66160011
251.220612 -231.417542 9.02600002
251.313004 -231.499207 11.1047497
251.349304 -231.524002 11.2479
251.324295 -231.549103 11.6730003
251.3638 -231.549698 12.3816004
251.339996 -231.597794 14.2904997
251.222107 -231.528 14.5892
251.350098 -231.298492 5.25400019
251.218399 -231.363205 8.18179989
251.254196 -231.398102 8.78120041
251.338501 -231.361206 8.95899963
251.207001 -229.780304 4.90369987
251.208801 -229.231506 4.3448
251.273102 -228.683899 4.94250011
251.3479 -228.513596 3.29180002
251.589996 -233.219803 14.6093998
251.526093 -231.827606 6.28639984
251.530853 -231.891602 6.69839954
251.494507 -231.756805 6.12919998
251.449493 -231.695206 6.54419994
251.565994 -231.602402 6.79330015
251.444199 -231.606201 7.49179983
251.414093 -231.691193 9.36880016
251.507401 -231.707108 9.54769993
251.490448 -231.699707 10.2737999
251.596802 -231.747894 12.8449001
251.420395 -231.5065 7.54150009
251.585007 -231.401901 7.88520002
251.528351 -231.414307 8.15404987
251.442093 -231.419693 8.84790039
251.527206 -231.436798 9.09290028
251.405701 -231.415604 9.38099957
251.464996 -231.582108 10.7889996
251.490204 -231.525406 10.8615999
251.441895 -231.483551 11.0984497
251.452393 -231.498962 11.3036499
251.559204 -231.467804 11.7847996
251.529556 -231.508545 12.0361996
251.467102 -231.485504 12.2238998
251.583893 -231.490707 14.5193005
251.540894 -231.452194 14.8924999
251.563797 -231.296204 4.54419994
251.561401 -231.323593 5.03980017
251.47644 -231.307373 5.3190999
251.533005 -231.359497 5.43690014
251.481842 -231.376801 5.75594997
251.530594 -231.380203 7.72049999
251.542206 -231.316193 7.93709993
251.556305 -231.300201 8.52110004
251.449799 -231.319 14.7718
251.501007 -231.338196 15.0141001
251.490799 -231.194305 15.0383997
251.468994 -229.715195 4.74289989
251.507202 -229.280304 4.25710011
251.465302 -228.737701 4.33169985
251.420502 -228.728394 4.69019985
251.429703 -228.454193 3.8592999
251.588699 -227.219101 1.47689998
251.423004 -227.167999 1.44350004
251.587494 -221.824997 3.16199994
251.685394 -234.679703 14.5052996
251.664398 -232.003998 10.6182003
251.666 -231.887604 6.71950006
251.739258 -231.830994 13.0816994
251.669601 -231.766205 6.02019978
251.678497 -231.798004 9.48449993
251.694199 -231.744202 9.79039955
251.704803 -231.612503 10.3605003
251.610306 -231.614899 12.4448004
251.602203 -231.702194 13.5629997
251.698898 -231.661957 13.6587505
251.770599 -231.469604 6.88219976
251.779907 -231.531403 7.39370012
251.728195 -231.431595 7.60860014
251.799103 -231.407898 8.24549961
251.649704 -231.502991 9.25144958
251.646301 -231.570297 10.4661999
251.791794 -231.424393 10.8421001
251.748413 -231.497299 11.1172504
251.779495 -231.4207 11.2301998
251.72847 -231.4832 11.4879665
251.733093 -231.412506 11.9650002
251.708298 -231.512146 12.0370998
251.627197 -231.551804 12.2355003
251.667603 -231.580002 14.2884998
251.618301 -231.277603 5.0690999
251.642899 -231.317902 5.43120003
251.732803 -231.392502 7.62480021
251.692398 -231.389099 7.94719982
251.606995 -231.370193 8.72959995
251.644897 -231.396698 8.9822998
251.672501 -229.809906 4.76270008
251.636398 -229.5271 4.44649982
251.78775 -228.963852 4.09354973
251.763199 -228.456207 3.46379995
251.604004 -228.569305 3.98830009
251.767105 -223.475693 3.45919991
251.777298 -222.893402 2.92149997
251.778 -222.491898 1.88540006
251.778 -222.444794 2.83929992
251.774094 -222.3797 1.5036
251.6987 -222.270493 3.50200009
251.792404 -222.145203 2.9914
251.754761 -222.159149 3.67315006
251.649506 -221.862793 3.05139995
251.678802 -221.644806 2.83270001
251.644897 -221.719894 3.22480011
251.652802 -221.429993 1.49039996
251.6922 -221.596207 3.01959991
251.6698 -221.354599 1.28439999
251.817505 -231.686005 9.99180031
251.891769 -231.673233 13.5249004
251.997803 -231.736694 14.0305004
251.947495 -231.470001 6.72599983
251.822998 -231.414795 8.09309959
251.849548 -231.543503 10.2789497
251.858795 -231.537292 10.7290001
251.939194 -231.428299 10.8929005
251.906006 -231.402298 11.2112999
251.948547 -231.450195 11.8966007
251.983505 -231.565002 14.3038998
251.975403 -231.410004 14.6583996
251.897995 -231.251694 5.16540003
251.945663 -231.266602 5.36866665
251.896362 -231.317474 7.52123308
251.873138 -231.300049 8.09875011
251.989105 -231.351593 8.26739979
251.939301 -231.312592 8.49276638
251.9608 -231.395493 8.78849983
251.889557 -231.364807 8.91275024
251.894302 -231.399796 11.1153002
251.991547 -230.854553 6.28279972
251.817703 -228.847107 3.98930001
251.976303 -228.709793 3.71679997
251.955704 -227.727905 3.61829996
251.993393 -225.163696 3.63330007
251.927307 -224.611801 3.60179996
251.925293 -224.299301 3.74670005
251.913803 -224.244705 3.87779999
251.999405 -224.009796 2.98180008
251.998901 -223.928497 2.95370007
251.812897 -223.8125 3.47860003
251.905502 -223.625107 2.76309991
251.998505 -223.511307 2.55209994
251.990402 -223.498505 3.5381
251.908707 -223.542801 3.96819997
251.963303 -223.286499 2.70479989
251.874802 -223.207703 2.86540008
251.980499 -223.395294 3.32360005
251.952896 -223.386902 3.47399998
251.867599 -223.357697 3.79279995
251.923904 -223.338699 4.09940004
251.983994 -223.016098 1.04789996
251.814804 -223.066605 2.2572999
251.889893 -223.062607 2.43359995
251.866302 -223.043503 3.01440001
251.87706 -223.102264 3.24176669
251.843994 -223.136093 3.59459996
251.961243 -222.918457 1.18230009
251.941605 -222.962006 1.39199996
251.848099 -222.930603 2.26480007
251.929993 -222.905853 3.26114988
251.989304 -222.948196 3.64319992
251.832306 -222.731293 2.62930012
251.8405 -222.627502 3.09529996
251.812897 -222.753601 3.22510004
251.841095 -222.669998 3.44269991
251.894897 -222.5522 1.23689997
251.836304 -222.5811 1.87150002
251.848007 -222.417099 2.9526999
251.893494 -222.538696 3.37319994
251.913406 -222.334732 1.1214
251.835297 -222.346802 1.67999995
251.859604 -222.128693 3.45180011
251.822205 -222.161301 3.65549994
251.893906 -221.748306 1.09220004
252.009903 -231.408493 10.1801004
252.075897 -231.434097 11.3179998
252.086395 -231.417892 11.7987003
252.082504 -231.460297 11.8446503
252.170197 -231.459702 13.3920002
252.113495 -231.518097 13.5430002
252.021301 -231.410507 14.1248999
252.041595 -231.462708 14.5427999
252.028305 -231.311905 6.35690022
252.127045 -231.282501 6.53419971
252.10321 -231.289246 6.72410011
252.185196 -231.248795 6.99970007
252.097656 -231.264557 7.0165
252.1707 -231.287796 7.58090019
252.12355 -231.277618 7.71794987
252.115402 -231.298096 7.83419991
252.057693 -231.292099 8.11240005
252.198898 -231.321106 8.22410011
252.156403 -231.272507 8.86180019
252.051147 -231.381699 10.8948002
252.097 -231.064453 9.12339973
252.114304 -230.842499 6.07819986
252.1035 -230.955795 9.16100025
252.184906 -230.992798 9.20950031
252.114639 -230.860199 9.51056671
252.090302 -230.912796 9.60700035
252.139008 -228.856598 4.60300016
252.104492 -228.506195 4.37020016
252.0168 -228.341599 1.98510003
252.195099 -227.890594 3.34319997
252.182907 -227.878906 3.47199988
252.148605 -227.628998 3.0855999
252.194 -227.690308 3.60430002
252.162506 -224.851105 3.66090012
252.120804 -224.697906 1.62510002
252.095901 -224.7547 2.73900008
252.125061 -224.491608 2.76789999
252.130096 -224.5616 2.8519001
252.103394 -224.464203 3.66939998
252.167206 -224.318298 0.980000019
252.077393 -224.1026 2.64050007
252.051804 -224.094193 2.93460011
252.187103 -224.191406 3.85170007
252.146301 -223.912003 1.14349997
252.052094 -223.855698 2.99160004
252.153397 -223.607895 1.23500001
252.021606 -223.759796 3.08249998
252.007599 -223.601501 3.35349989
252.052597 -223.712311 3.43910003
252.092697 -223.465897 1.13080001
252.010101 -223.451004 2.9532001
252.012894 -223.595901 3.66020012
252.009094 -223.294998 3.72869992
252.014893 -223.364807 4.18330002
252.077499 -223.045105 0.680899978
252.112793 -223.111298 1.22479999
252.121994 -222.4431 0.763199985
252.093307 -222.352493 0.941600025
252.244095 -231.420395 10.2212
252.226898 -231.428406 11.2757998
252.249298 -231.419296 11.9204006
252.304855 -231.413193 12.5240498
252.323502 -231.461502 12.7660999
252.296097 -231.522095 13.4829998
252.3573 -231.509506 13.7658005
252.295395 -231.484802 14.4924002
252.253204 -231.243393 5.47809982
252.382202 -231.288498 6.42469978
252.377502 -231.2444 6.70190001
252.268997 -231.287796 6.92369986
252.276306 -231.327393 7.06529999
252.328354 -231.249298 7.70564985
252.280396 -231.284393 7.93510008
252.314102 -231.317902 8.50689983
252.250351 -231.311752 8.70524979
252.240906 -231.257599 8.86390018
252.224503 -231.293106 9.92599964
252.367706 -231.249802 10.0585003
252.298233 -231.327301 10.2750664
252.272049 -231.305649 10.4907999
252.349304 -231.227493 10.7208004
252.237 -231.343796 10.9539003
252.24231 -231.299301 11.0157509
252.3396 -231.337402 11.2686005
252.214706 -231.383606 11.5066004
252.361099 -231.035202 5.81479979
252.203705 -230.876007 5.89139986
252.269409 -230.856552 6.11469984
252.282303 -230.841995 6.31069994
252.253494 -230.920105 9.17039967
252.324829 -230.937851 9.26737499
252.382202 -230.979294 9.56970024
252.335999 -230.281906 4.87970018
252.309998 -229.301498 4.16739988
252.324097 -228.901199 4.05310011
252.230194 -228.854797 4.41739988
252.263397 -228.870499 4.6019001
252.373001 -228.629196 4.65570021
252.314896 -228.513199 4.86509991
252.394806 -227.9048 3.29299998
252.228699 -227.9617 3.73469996
252.218506 -227.087997 2.42190003
252.354797 -224.833496 0.721800029
252.327301 -224.882202 0.844900012
252.299149 -224.984314 1.10734999
252.233002 -224.678406 2.89280009
252.200104 -224.562103 1.19340003
252.223007 -224.452896 3.44519997
252.200302 -224.193207 1.36849999
252.217804 -223.979996 1.23689997
252.202301 -223.587006 0.987699986
252.336502 -222.078796 0.651799977
252.469604 -231.445496 10.7244997
252.408997 -231.402695 11.4618998
252.585495 -231.419403 12.5766001
252.550598 -231.447403 12.7449999
252.457092 -231.426208 12.90905
252.576294 -231.449203 14.1412001
252.432098 -231.202393 5.10580015
252.414993 -231.220398 7.29820013
252.594101 -231.2827 7.54650021
252.4245 -231.24585 7.83094978
252.485107 -231.317093 8.07830048
252.430908 -231.250641 8.32390022
252.53894 -231.303207 8.45224953
252.47168 -231.272705 8.70444012
252.546478 -231.26915 8.90530014
252.427002 -231.247406 9.05195045
252.419403 -231.319107 9.73320007
252.5047 -231.297806 9.9982996
252.510193 -231.326202 10.1322002
252.569199 -231.377502 10.2236996
252.553009 -231.321411 10.6975002
252.419998 -231.379501 11.6871996
252.428894 -231.384201 11.8818998
252.475006 -231.349197 12.4640999
252.415298 -231.376907 12.7047005
252.572495 -231.341599 12.8334999
252.582504 -231.379898 13.0358
252.593307 -231.294907 14.7718
252.513 -231.158905 5.22739983
252.414093 -231.051605 5.63850021
252.406998 -231.173203 7.66340017
252.422394 -231.012405 9.11030006
252.547546 -231.099792 9.26029968
252.493347 -230.84671 6.09119987
252.469757 -230.830856 6.25259972
252.445206 -230.938797 8.97169971
252.537094 -230.819595 9.48089981
252.5336 -230.848099 9.7031002
252.5159 -229.423492 4.09070015
252.4646 -229.332001 3.68239999
252.479904 -229.213898 4.09149981
252.477005 -228.9095 4.53000021
252.567505 -228.609802 3.78069997
252.413101 -228.3423 1.77999997
252.533096 -228.263901 3.46219993
252.580307 -228.009094 3.22580004
252.412399 -227.741592 2.76009989
252.439499 -227.087204 1.71580005
252.415207 -225.093307 1.00800002
252.402298 -224.691605 1.11549997
252.533905 -224.205902 1.06429994
252.542496 -224.151993 1.04190004
252.518005 -223.951004 0.958800018
252.576904 -223.1875 0.791199982
252.5345 -223.190994 1.02569997
252.488007 -222.995804 0.697000027
252.419205 -222.0784 0.977299988
252.525208 -220.385895 2.87059999
252.764694 -231.419495 10.7973003
252.658493 -231.400696 12.4186001
252.718399 -231.427307 13.6197996
252.749298 -231.408005 14.2833996
252.619705 -231.259705 6.70429993
252.638794 -231.266296 7.34220028
252.622406 -231.278305 7.75939989
252.792999 -231.285706 8.07310009
252.636749 -231.228607 8.3342495
252.748505 -231.238907 8.60659981
252.667297 -231.233093 8.84829998
252.745605 -231.267395 9.46959972
252.703705 -231.235001 10.1534004
252.643005 -231.268402 10.3751001
252.765396 -231.266205 10.6140003
252.642807 -231.325897 11.1773005
252.708405 -231.329605 11.4618998
252.741943 -231.386505 11.7316999
252.641296 -231.373093 11.8455
252.734299 -231.314407 12.1321001
252.650406 -231.357101 12.4642
252.654007 -231.359299 13.4432001
252.693649 -231.389648 13.6773491
252.796097 -231.389801 14.0205002
252.685898 -231.212204 14.7168999
252.70816 -231.171143 5.49769974
252.720245 -231.093246 5.73040009
252.685242 -231.161346 6.5159502
252.772202 -231.179794 6.99590015
252.687195 -231.150299 7.11030006
252.673294 -231.194504 7.97170019
252.699799 -231.124298 8.64799976
252.727707 -231.188904 8.96949959
252.711243 -231.172455 9.1005497
252.702606 -231.004395 9.57419968
252.666794 -230.826508 5.48199987
252.626801 -230.902496 5.91720009
252.666901 -230.821899 6.07439995
252.748505 -230.854904 9.19489956
252.666702 -230.884354 9.67105007
252.688705 -229.031906 4.72629976
252.652405 -228.731796 3.76859999
252.747375 -228.458969 3.72716665
252.792206 -228.230301 3.39549994
252.643799 -228.113403 3.17709994
252.759293 -228.169098 3.29889989
252.771194 -228.022705 4.4533
252.695602 -227.598801 4.29400015
252.679001 -225.036697 0.70569998
252.742554 -224.902649 0.739849985
252.759796 -224.671951 0.786550045
252.727707 -224.688004 1.11170006
252.723404 -224.031693 0.828700006
252.622894 -223.3535 0.746900022
252.649796 -223.355804 0.921500027
252.646698 -222.376801 2.2499001
252.758194 -222.197495 2.10829997
252.787903 -222.140503 2.94210005
252.697693 -221.843994 2.51270008
252.670502 -221.610306 2.35310006
252.758408 -221.208298 1.57169998
252.73085 -221.310852 2.72565007
252.745804 -220.670105 1.44930005
252.708496 -220.623703 2.61549997
252.660904 -220.566193 2.19029999
252.645096 -220.4328 2.61980009
252.700394 -220.278198 2.7658
252.868896 -231.413193 13.9062004
252.914795 -231.220001 7.36210012
252.878098 -231.200806 7.40350008
252.873093 -231.227692 7.74394989
252.813705 -231.223495 8.21220016
252.974197 -231.257507 8.41639996
252.904251 -231.316193 8.96529961
252.840195 -231.229904 9.16469955
252.897202 -231.2556 9.74989986
252.928802 -231.241699 9.81700039
252.907349 -231.258759 10.0515499
252.880295 -231.305496 10.3572998
252.989548 -231.282898 10.5556002
252.92746 -231.266357 10.7108002
252.958099 -231.221207 10.9350004
252.809998 -231.296204 11.1208
252.907501 -231.268707 11.3181
252.890289 -231.316498 11.4158001
252.914612 -231.348999 11.9218998
252.814697 -231.362305 12.1500998
252.924957 -231.350143 12.3085003
252.883408 -231.308502 12.4078999
252.9272 -231.341156 13.0713005
252.926697 -231.393005 13.2705002
252.865005 -231.374893 13.9272003
252.904205 -231.398102 14.2116003
252.852295 -231.335999 14.4906998
252.918503 -231.224594 14.7115002
252.801895 -231.144104 5.23479986
252.9375 -231.062897 5.9066
252.938995 -231.148865 6.69890022
252.86145 -231.171509 7.11495018
252.873749 -231.162262 7.32359982
252.983597 -231.167007 7.63339996
252.844543 -231.149139 8.63809967
252.816498 -231.199707 9.05309963
252.906006 -231.130905 9.40509987
252.858505 -230.9198 6.1500001
252.973999 -230.793106 6.35109997
252.882401 -229.006104 0.951799989
252.852295 -228.925095 1.12580001
252.944595 -228.462204 2.52449989
252.874496 -228.439896 3.73810005
252.804901 -228.520706 3.94239998
252.85675 -228.350098 3.45459986
252.872696 -228.38504 3.68104982
252.989899 -228.1203 3.85840011
252.926514 -228.04364 4.28464985
252.939896 -227.748795 4.11229992
252.962296 -227.604401 4.6722002
252.905304 -225.620102 0.925199986
252.880493 -225.293396 0.75454998
252.903793 -225.025101 0.979900002
252.855103 -224.768295 0.884299994
252.964096 -223.935501 2.07159996
252.934494 -223.729599 2.0013001
252.923752 -223.468948 2.6953001
252.814896 -223.396103 2.59699988
252.89975 -223.295807 2.86964989
252.908096 -223.118103 0.701600015
252.876404 -222.888397 2.15879989
252.915695 -222.690399 2.54879999
252.817902 -222.617401 2.69720006
252.937393 -222.466003 1.50080001
252.867004 -222.454803 2.72609997
252.968796 -222.304901 2.1400001
252.839996 -222.258499 2.64969993
252.905594 -222.0979 2.04879999
252.955704 -222.1017 2.35800004
252.945496 -221.905304 2.29530001
252.878845 -221.911896 2.46090007
252.87796 -221.886658 2.76324987
252.928207 -221.924698 2.85680008
252.835098 -221.641693 2.3527
252.827301 -221.561996 2.49009991
253.125458 -231.208405 8.31195068
253.031403 -231.24675 9.89620018
253.002899 -231.275208 10.0511999
253.197998 -231.257294 10.3725004
253.0755 -231.283905 10.6227999
253.031097 -231.278702 11.2131996
253.120544 -231.298157 11.5209503
253.093567 -231.305771 11.7060995
253.116592 -231.338898 11.9841003
253.097855 -231.327301 12.6453495
253.102646 -231.335693 12.8631496
253.099899 -231.304993 13.0981998
253.115997 -231.366302 13.3231001
253.149994 -231.30896 13.6688499
253.054703 -231.322906 14.1104002
253.078201 -231.312988 14.2837
253.081604 -231.356796 14.4124002
253.144775 -231.129272 5.15853357
253.025604 -231.156998 5.23150015
253.098389 -231.117554 5.56174994
253.184006 -231.0569 6.89120007
253.111404 -231.147919 7.08812523
253.114899 -231.140396 7.43349981
253.042145 -231.139709 7.69829988
253.10495 -231.139999 7.93044996
253.127167 -231.166229 8.09316635
253.178146 -231.17511 8.49704933
253.156006 -231.176407 8.64970016
253.128906 -231.161606 8.8508997
253.143494 -231.0233 9.1182003
253.1297 -231.197693 9.48589993
253.082306 -231.189896 10.3059998
253.155502 -231.168594 14.8185997
253.054001 -230.999893 6.22739983
253.178894 -230.835007 9.24680042
253.073303 -230.7547 5.7177
253.127197 -230.7146 6.02110004
253.113602 -230.689697 6.29050016
253.057297 -230.671707 6.40010023
253.091202 -228.799301 3.37420011
253.136993 -228.659607 3.51839995
253.102798 -228.363098 3.18700004
253.129501 -228.177399 3.7428
253.153503 -228.082092 4.08330011
253.054092 -228.032196 4.39650011
253.022095 -227.867004 4.19029999
253.171402 -225.825607 2.57690001
253.169296 -225.972 2.63820004
253.174606 -225.540604 2.8598001
253.030197 -225.164398 2.32570004
253.116302 -224.884903 2.20889997
253.130798 -224.8004 2.49720001
253.080002 -224.763397 0.887499988
253.024796 -224.410507 1.97379994
253.049896 -224.495605 2.86249995
253.189194 -224.289093 1.50329995
253.023102 -224.117096 1.68499994
253.0298 -224.144104 2.62409997
253.004898 -224.140396 2.83229995
253.103699 -223.819199 1.37390006
253.135803 -223.945099 1.48940003
253.126099 -223.811707 2.76220012
253.141754 -223.794159 1.46720004
253.197006 -223.650696 1.6063
253.159897 -223.745605 2.3289001
253.192993 -223.732605 2.71300006
253.198105 -223.425003 2.02679992
253.088562 -223.54805 2.46759987
253.120499 -223.374405 1.69579995
253.145706 -223.307007 1.91960001
253.170105 -223.203201 2.09089994
253.122101 -223.212204 2.61129999
253.144196 -223.010406 1.49989998
253.149506 -223.070297 1.8441
253.111694 -223.031647 2.34294987
253.0448 -222.9814 1.5941
253.042999 -222.928696 1.80859995
253.047104 -222.818802 2.49780011
253.047501 -222.973297 2.62940001
253.056107 -222.764206 2.38759995
253.062607 -222.6707 2.50300002
253.070297 -222.795303 2.74640012
253.033005 -222.561798 1.56389999
253.267242 -231.214111 8.93290043
253.241196 -231.223999 9.89820004
253.222198 -231.2453 10.0728998
253.321045 -231.27005 10.3024502
253.3255 -231.200699 10.9827995
253.254395 -231.247498 11.2030001
253.366302 -231.259705 11.4124002
253.395493 -231.2099 11.7678003
253.308899 -231.294006 12.3185997
253.251999 -231.316101 12.7040005
253.268585 -231.29985 13.3176994
253.255096 -231.367706 13.6440001
253.264297 -231.399002 14.1127005
253.392502 -231.0681 5.33669996
253.363205 -231.052795 5.73999977
253.211105 -231.130493 6.79899979
253.277893 -231.122803 7.07919979
253.328201 -231.120407 7.55039978
253.275696 -231.130798 7.69604969
253.283508 -231.126343 7.84375
253.272644 -231.121643 8.25605011
253.358795 -231.149307 8.58710003
253.356003 -231.06955 8.68914986
253.391495 -231.127899 8.90740013
253.210907 -231.192398 9.28120041
253.333954 -231.167648 9.87725067
253.288193 -231.193497 10.0166998
253.297699 -231.083694 10.6076002
253.341797 -230.989304 5.79080009
253.350693 -230.820007 6.37960005
253.3228 -230.864441 9.07623291
253.321304 -230.863693 9.20189953
253.306107 -230.740707 6.26719999
253.284149 -230.725342 9.48095036
253.207397 -229.025101 4.8046999
253.205093 -228.852203 4.32630014
253.292404 -228.897491 4.55889988
253.335007 -228.650604 3.06049991
253.368805 -228.657196 3.28830004
253.388901 -228.767197 3.57290006
253.375 -228.460297 2.68549991
253.320206 -228.553497 3.08340001
253.384796 -228.043594 3.73110008
253.288101 -228.017395 3.87779999
253.276505 -227.949097 2.37870002
253.265198 -227.837799 3.32800007
253.377899 -227.826797 3.55340004
253.279099 -227.868011 3.74349999
253.221298 -227.996902 3.8677001
253.288498 -227.076599 1.07319999
253.364594 -227.009705 1.84510005
253.337097 -226.548798 1.60300004
253.349899 -226.4496 2.09459996
253.348694 -226.526596 2.32399988
253.341064 -226.430054 2.53885007
253.295959 -225.726196 2.49524999
253.349304 -225.105301 2.59969997
253.248001 -224.866196 0.897599995
253.346695 -224.946899 2.69160008
253.335205 -224.694702 1.01800001
253.288696 -224.621307 2.0862
253.295303 -224.716095 2.3664
253.358597 -224.688843 2.4843502
253.294907 -224.693802 2.72839999
253.3004 -224.425293 2.35050011
253.243896 -224.483704 2.67309999
253.242203 -224.369995 2.08260012
253.273605 -224.297104 2.52460003
253.249603 -224.393494 2.7902
253.223801 -223.7621 1.98319995
253.238602 -223.665207 2.65440011
253.207306 -223.501999 1.94260001
253.227402 -223.568604 2.20099998
253.558502 -231.421097 13.9242001
253.520004 -231.232605 9.78349972
253.568649 -231.283051 10.5091
253.566849 -231.253204 10.8891001
253.567902 -231.219299 11.5966997
253.532318 -231.245499 11.8873749
253.458206 -231.368195 12.1119003
253.429901 -231.214005 12.8001003
253.589905 -231.259399 13.0817003
253.511688 -231.289948 13.3645
253.542099 -231.287201 13.7559004
253.519333 -231.317001 14.0879002
253.411194 -231.335907 14.2735996
253.459595 -231.282196 14.4288998
253.542999 -231.026993 5.13469982
253.514862 -231.031555 5.33704996
253.490402 -231.070099 5.4467001
253.443207 -231.067001 5.76469994
253.516403 -231.096497 6.52610016
253.464447 -231.118546 6.74870014
253.501236 -231.093597 7.10376644
253.593903 -231.066299 7.3526001
253.544739 -231.095352 7.53279972
253.491898 -231.167099 7.78100014
253.438095 -231.142456 7.94909954
253.518097 -231.097565 8.07913399
253.484955 -231.135742 8.35194969
253.475845 -231.15271 8.43835068
253.494659 -231.16391 8.70120049
253.449097 -231.128403 8.80169964
253.524658 -231.052856 9.07437515
253.517899 -231.063995 9.57439995
253.535309 -231.18045 10.1057491
253.498474 -231.154495 10.3422661
253.466003 -231.120361 10.5086498
253.502304 -231.125198 10.6611004
253.534393 -231.189407 11.2973003
253.563049 -231.187744 11.4281998
253.416794 -231.093094 14.9807997
253.504303 -230.979904 5.76240015
253.505295 -230.825394 5.86959982
253.477295 -230.925797 9.11139965
253.503296 -230.642899 5.92399979
253.514206 -230.792297 9.15960026
253.590103 -230.7276 9.49269962
253.541504 -230.727707 9.6843996
253.419907 -228.926498 4.78439999
253.515198 -228.577499 2.3362
253.454346 -228.466553 2.96654987
253.594803 -228.453506 3.11089993
253.528107 -228.117004 1.79219997
253.589996 -228.184601 3.83369994
253.561798 -227.904602 3.49679995
253.424103 -227.852005 3.80159998
253.473495 -227.9832 4.3217001
253.459595 -227.757706 1.64429998
253.449707 -227.718597 2.33330011
253.484894 -227.786102 3.53539991
253.525803 -227.780106 3.66939998
253.524506 -227.046097 0.829299986
253.492004 -227.081497 1.90310001
253.425003 -227.107803 2.16529989
253.582901 -226.893295 1.03740001
253.480606 -226.891251 1.28469992
253.426102 -226.843399 1.60239995
253.546204 -226.932007 2.35030007
253.452194 -226.823807 2.48379993
253.528793 -226.694794 2.1552
253.489197 -226.363297 1.22880006
253.556107 -226.375595 1.68299997
253.4431 -225.678696 1.59000003
253.610703 -234.135498 13.8332005
253.733994 -231.214905 10.7130003
253.704697 -231.241592 11.0769997
253.773499 -231.223907 11.3765001
253.797195 -231.204697 11.6211996
253.707306 -231.245407 11.9371004
253.655197 -231.274002 12.1697998
253.637802 -231.267349 12.3055496
253.643951 -231.255951 12.5653496
253.782196 -231.272507 13.3163996
253.742004 -231.234894 14.5361996
253.718796 -231.202301 14.7068996
253.685593 -231.014801 5.32670021
253.6418 -231.017105 5.66860008
253.751099 -231.043945 6.67729998
253.733398 -231.092453 6.94085026
253.734207 -231.078903 7.14459991
253.679794 -231.120102 7.36390018
253.671707 -231.095596 7.58139992
253.740341 -231.102097 7.71650028
253.792404 -231.119003 7.85909986
253.746307 -231.134598 8.15329933
253.76265 -231.109955 8.29985046
253.725327 -231.095062 8.50129986
253.625107 -231.153 8.7741003
253.77066 -231.048248 8.95044994
253.639008 -231.147507 9.8142004
253.641998 -231.144104 10.1479998
253.632706 -231.1241 10.5829
253.675095 -231.170303 10.8604002
253.727798 -231.189102 12.0165997
253.638107 -231.172104 12.9076004
253.719696 -231.191406 14.6618996
253.661697 -230.994705 5.09189987
253.701996 -230.985504 5.23890018
253.612793 -230.992996 5.4994998
253.702698 -230.953506 5.83169985
253.614502 -230.87355 9.16555023
253.784195 -230.829697 9.40299988
253.750595 -230.729904 6.03660011
253.714005 -230.786255 9.06060028
253.739746 -230.777557 9.30895042
253.615402 -230.557602 5.96309996
253.631393 -228.649902 3.31890011
253.626907 -228.532806 2.61540008
253.786896 -228.544693 3.37330008
253.781601 -228.423401 4.08890009
253.699905 -228.314194 2.86479998
253.745895 -228.224792 3.77209997
253.772903 -228.266006 3.83430004
253.764099 -228.128693 2.13470006
253.785507 -228.058304 2.78379989
253.754898 -228.140305 3.62809992
253.7164 -228.094894 3.81489992
253.7995 -227.8573 2.37129998
253.7379 -227.985504 2.98090005
253.706894 -227.944305 3.3592
253.666 -227.832504 3.4533999
253.723297 -227.833649 4.30550003
253.636795 -227.037598 0.820599973
253.677597 -226.991592 0.546599984
253.884399 -234.869995 14.4653997
253.948593 -231.2724 6.01130009
253.800095 -231.221603 10.1882
253.819305 -231.213593 11.0830002
253.839508 -231.239044 12.2782993
253.838593 -231.202499 13.1779003
253.878601 -231.236893 13.2931995
253.840546 -231.213699 13.4475994
253.972 -231.2043 14.1372004
253.825699 -231.244598 14.3583002
253.825607 -231.200195 14.5924997
253.929901 -231.015396 5.05649996
253.8311 -231.033707 5.30889988
253.869965 -231.04863 5.51993322
253.832245 -231.070694 5.97895002
253.862503 -231.082504 6.35860014
253.821198 -231.002594 6.47340012
253.94516 -231.0401 6.68064976
253.820206 -231.073898 6.85659981
253.909134 -231.044708 7.24493313
253.944702 -231.115097 7.55159998
253.915527 -231.076263 7.7076335
253.867203 -231.073502 7.82460022
253.887207 -231.035004 8.29129982
253.867401 -231.098999 8.56225014
253.945602 -231.013107 8.68459988
253.969193 -231.068497 8.82689953
253.957001 -231.088654 9.01644993
253.961304 -231.145798 9.22500038
253.900803 -231.062393 9.87049961
253.884094 -231.105103 10.0019999
253.842102 -231.176193 10.3952999
253.851105 -231.169205 10.5125999
253.902695 -231.186005 10.6822996
253.824905 -231.138397 10.8374004
253.889099 -231.143494 11.1941004
253.949249 -231.158356 11.3672504
253.967255 -231.165405 11.5254002
253.942307 -231.158005 11.8814001
253.940002 -231.162094 13.3915005
253.932602 -231.026093 14.8866997
253.998398 -230.913406 1.06050003
253.952896 -230.899002 1.31019998
253.852203 -230.955505 1.74950004
253.9375 -230.963898 5.80340004
253.897095 -230.942902 6.31360006
253.896896 -230.990997 6.56120014
253.802597 -230.996902 8.79950047
253.881348 -230.943695 9.64979935
253.829147 -230.757202 9.28149986
253.865295 -229.3302 2.18790007
253.981506 -228.801605 2.15339994
253.990906 -228.832703 2.5460999
253.978699 -228.614395 2.28010011
253.804398 -228.445099 2.21149993
253.929596 -228.402695 3.125
253.8629 -228.213196 2.6400001
253.804794 -228.355301 3.0848
253.988098 -228.367996 3.55259991
253.931107 -228.380096 3.74589992
253.872192 -228.348297 3.86330009
253.94339 -228.071854 1.76499999
253.880096 -228.039093 2.8835001
253.924469 -228.073166 3.1036334
253.910904 -227.997406 1.5302
253.997192 -227.936996 2.78920007
253.912201 -227.974304 3.67245007
253.906693 -227.604904 1.94500005
253.925003 -227.664703 2.92600012
253.942093 -227.770996 4.16809988
253.863953 -227.756302 4.56659985
254.155746 -231.314346 6.08860016
254.0457 -231.210098 6.34369993
254.079803 -231.242599 6.65485001
254.172394 -231.285294 6.86369991
254.127899 -231.226105 7.04230022
254.118896 -231.315796 7.28116655
254.093292 -231.301697 7.47294998
254.156006 -231.228104 8.88199997
254.160706 -231.2267 9.0703001
254.135193 -231.289551 9.36465073
254.166107 -231.239197 9.95689964
254.126495 -231.255096 10.1041498
254.087402 -231.291046 10.2515001
254.094894 -231.264709 10.6995335
254.110504 -231.229904 10.9250002
254.082199 -231.278854 12.2756004
254.037506 -231.264099 12.4731998
254.099792 -231.297852 12.6662502
254.096497 -231.321701 12.8650999
254.175797 -231.246902 13.1237001
254.113647 -231.302643 13.2431002
254.142105 -231.274536 13.5183668
254.058105 -231.332993 13.7767
254.045197 -231.277695 13.9756002
254.185394 -231.332199 14.1174002
254.190399 -231.087799 2.42540002
254.082703 -231.142197 4.28929996
254.164307 -231.054306 5.59070015
254.108994 -231.022003 5.85720015
254.007095 -231.188293 6.1420002
254.078369 -231.169434 6.48987484
254.021301 -231.098694 6.7125001
254.058411 -231.136658 6.94915009
254.166199 -231.179993 7.11740017
254.024597 -231.126404 7.20760012
254.014206 -231.147903 7.46379995
254.178101 -231.007904 7.78429985
254.07077 -231.031937 7.91533327
254.142303 -231.024994 8.21570015
254.1017 -231.059448 8.77235031
254.06955 -231.135986 8.93745041
254.140732 -231.138779 9.12257576
254.018951 -231.137421 9.49627495
254.110657 -231.163849 9.72229958
254.123901 -231.179504 9.86859989
254.073807 -231.187805 10.2877998
254.093704 -231.1922 10.7259998
254.029205 -231.103195 10.9273005
254.07016 -231.122498 11.1718502
254.004501 -231.197098 11.3666
254.100403 -231.179794 11.5960999
254.133896 -231.1091 11.6705999
254.137512 -231.174194 11.8750496
254.093262 -231.164398 12.0620337
254.072693 -231.170807 12.4194002
254.068405 -231.193207 12.7268
254.080399 -231.195496 12.9649
254.059799 -231.164795 13.6417999
254.109207 -231.1474 13.9778004
254.050507 -231.188293 14.3404999
254.183701 -231.128006 14.5677996
254.037598 -231.084503 14.7196999
254.069305 -230.932907 1.71969998
254.135193 -230.924194 4.75600004
254.178207 -230.932693 4.84770012
254.115005 -230.919693 5.14940023
254.175293 -230.973404 8.6626997
254.106796 -229.375793 4.4078002
254.025406 -228.688202 2.26370001
254.131607 -228.628601 3.54180002
254.156097 -228.475601 1.55439997
254.179993 -228.470398 2.2191
254.174393 -228.470596 2.69910002
254.195999 -228.5298 2.90910006
254.031799 -228.438751 3.42534995
254.003693 -228.471893 3.83999991
254.086502 -228.301498 1.7198
254.084106 -228.309494 4.18499994
254.106705 -227.975998 2.71479988
254.011307 -227.997604 3.66170001
254.144501 -221.545593 0.986800015
254.238098 -234.914902 14.4892998
254.388596 -231.865601 13.5433998
254.337708 -231.617905 10.8226995
254.280106 -231.522995 6.34399986
254.280304 -231.517197 6.47370005
254.348801 -231.420303 7.14389992
254.276855 -231.4711 7.26324987
254.331696 -231.503662 7.54244995
254.378052 -231.418045 10.1146507
254.215698 -231.453003 10.5979996
254.286407 -231.4021 13.7622995
254.287598 -231.521698 13.8677998
254.207108 -231.294006 3.11630011
254.324799 -231.328201 5.52580023
254.357803 -231.307693 5.9217
254.322906 -231.314301 6.04230022
254.306046 -231.276154 6.90674973
254.240601 -231.323502 9.37020016
254.2556 -231.314896 9.67453384
254.335358 -231.300552 10.2699499
254.259659 -231.268311 10.5527668
254.304398 -231.200394 10.7390003
254.259293 -231.225998 12.3822002
254.298492 -231.3647 12.6956997
254.306046 -231.378098 13.4747505
254.246994 -231.331299 13.8828001
254.349594 -231.217804 14.2915001
254.282196 -231.123703 2.46350002
254.358307 -231.136093 3.78590012
254.2854 -231.08374 4.33259964
254.249893 -231.051605 4.59870005
254.366898 -231.051697 5.71950006
254.207901 -231.172699 7.2579999
254.271805 -231.109253 7.72679996
254.341705 -231.005096 7.86460018
254.3116 -231.076797 8.02079964
254.333801 -231.056061 8.51350021
254.334274 -231.048096 8.68313313
254.294067 -231.071243 8.89173317
254.331802 -231.035294 9.06120014
254.268341 -231.051453 12.0753002
254.265503 -230.885193 0.919700027
254.353699 -230.863693 1.2263
254.346207 -230.849594 1.57389998
254.237305 -230.945999 4.58220005
254.252899 -230.961945 4.67914963
254.352005 -230.947006 4.95625019
254.280197 -230.937607 5.00220013
254.246506 -230.960602 5.36450005
254.307297 -230.951096 5.54769993
254.358505 -230.956406 7.87370014
254.361801 -230.960297 9.05350018
254.259903 -230.962402 9.75349998
254.301605 -230.877502 14.9525995
254.388306 -229.710907 3.36820006
254.242096 -229.069901 1.87950003
254.354904 -228.920105 1.97080004
254.217896 -228.836807 2.45720005
254.291794 -228.989899 3.91179991
254.309799 -228.699493 1.71360004
254.307098 -228.6418 1.84099996
254.261902 -228.711945 2.49510002
254.303162 -228.699707 3.64045
254.253006 -228.556198 3.55150008
254.227402 -228.266205 1.58010006
254.202606 -228.083694 3.13380003
254.277206 -227.948898 2.62069988
254.244095 -227.905396 2.83340001
254.228104 -227.953003 3.01049995
254.591797 -234.399399 14.4800997
254.480698 -232.621307 13.3710003
254.557999 -231.681702 9.08450031
254.465302 -231.441132 6.29780006
254.502899 -231.471695 7.37729979
254.546402 -231.516495 10.5300999
254.587997 -231.369705 6.45699978
254.434906 -231.377502 6.62080002
254.578796 -231.364502 7.19339991
254.5271 -231.326294 7.2270999
254.469101 -231.308304 7.42409992
254.456497 -231.226395 9.3508997
254.456604 -231.371902 10.0003004
254.421799 -231.250397 10.2210999
254.4431 -231.298904 10.4067001
254.493149 -231.295349 10.7044001
254.554993 -231.259598 12.6878004
254.480896 -231.307007 12.8149996
254.465805 -231.327393 13.0764999
254.512756 -231.389496 13.3365498
254.501801 -231.323303 13.4398003
254.449799 -231.363297 13.6945
254.534393 -231.368393 14.0944004
254.580704 -231.052307 2.86969995
254.507294 -231.140793 3.08719993
254.594894 -231.180496 6.59439993
254.441895 -231.057892 7.65829992
254.489044 -231.022797 7.83640003
254.479248 -231.023193 8.30419922
254.566895 -231.005493 8.41240025
254.452896 -231.020706 8.98169994
254.532501 -231.074951 11.0908003
254.47995 -231.110504 11.2986002
254.510605 -231.051102 11.4474001
254.50119 -231.129608 11.6230497
254.458252 -231.127808 11.8762493
254.438507 -231.115295 12.0586004
254.594101 -231.193802 14.5253
254.507401 -230.832306 1.28910005
254.586395 -230.850403 1.65079999
254.542999 -230.850098 1.91849995
254.524796 -230.851196 2.16630006
254.445496 -230.986404 4.37209988
254.468704 -230.962204 4.44350004
254.593399 -230.933594 4.93100023
254.462662 -230.889236 5.08866644
254.500061 -230.921356 5.27605009
254.510132 -230.922531 5.50259972
254.413605 -230.965897 5.77089977
254.590805 -230.966995 7.69269991
254.582001 -230.912994 7.89099979
254.465698 -231 8.05420017
254.524902 -230.955551 8.34379959
254.518997 -230.918503 8.67370033
254.487 -230.971603 8.96240044
254.4198 -229.1035 1.88020003
254.403595 -229.070404 2.19230008
254.520905 -229.041794 4.15460014
254.474503 -228.801804 1.7744
254.4702 -228.978195 2.44899988
254.577393 -228.947601 2.98860002
254.519302 -228.786194 3.57999992
254.484207 -228.318497 2.43409991
254.435089 -228.278351 3.50480008
254.554901 -228.179199 3.77810001
254.427887 -227.962158 2.53985
254.428497 -227.748199 2.81270003
254.416992 -227.741104 3.0387001
254.615494 -231.685593 9.42109966
254.704697 -231.467606 6.58920002
254.761795 -231.535706 9.76679993
254.760605 -231.497101 9.92080021
254.701004 -231.418503 14.1052999
254.703735 -231.297272 6.6882
254.692902 -231.322601 6.83780003
254.664001 -231.264038 7.50260019
254.611206 -231.241394 9.07229996
254.701508 -231.394302 9.42109966
254.68277 -231.26593 10.1334333
254.725693 -231.253006 10.5530996
254.653046 -231.294556 10.7336998
254.748795 -231.331696 12.2419996
254.649307 -231.300095 12.592
254.741501 -231.268097 12.8740005
254.684097 -231.314941 13.4755993
254.713745 -231.268341 13.6486502
254.704697 -231.345703 14.0235004
254.670197 -231.066406 3.273
254.610992 -231.056702 4.25890017
254.7229 -231.045395 5.61520004
254.734406 -231.134796 6.19649982
254.639099 -231.190994 6.3979001
254.737488 -231.145447 7.04435015
254.700394 -231.148102 7.2986002
254.657196 -231.13501 7.53719997
254.736069 -231.046036 7.6645999
254.711151 -231.03215 7.92224979
254.616806 -231.005905 8.03470039
254.633698 -231.104996 8.36130047
254.688202 -231.016693 8.54800034
254.741501 -231.025894 8.90649986
254.687805 -231.016998 9.18290043
254.693054 -231.148102 9.45740032
254.632904 -231.150497 10.3935003
254.701294 -231.110397 10.4883003
254.746201 -231.175003 10.6175003
254.757248 -231.107086 10.9112997
254.687393 -231.020096 11.3620996
254.639603 -231.068298 11.5818996
254.703903 -231.047699 11.8802996
254.713104 -231.111099 12.3069
254.6689 -231.133102 12.4216995
254.675797 -231.061707 14.5763998
254.657852 -231.046844 14.6309004
254.774094 -230.804306 1.48160005
254.747589 -230.850601 1.74434996
254.661072 -230.826706 1.94333327
254.710297 -230.883194 4.70319986
254.667755 -230.899796 4.87930012
254.709259 -230.909058 5.12960005
254.637405 -230.888596 5.31960011
254.677948 -230.919495 5.51405001
254.650528 -230.926804 5.66416645
254.759094 -230.903305 7.85160017
254.634048 -230.946259 8.07945061
254.664902 -230.976593 8.25419998
254.680206 -230.964096 8.99779987
254.6931 -230.988693 9.07019997
254.634399 -230.871399 14.7480001
254.678299 -230.853195 14.8778
254.792603 -230.780594 0.772199988
254.7733 -230.785004 1.61409998
254.605698 -229.330093 1.64090002
254.669098 -229.082336 2.31549978
254.655197 -229.081268 4.15666676
254.657593 -228.915207 2.09780002
254.613403 -228.964096 3.13849998
254.699097 -228.2668 3.56360006
254.984497 -231.611099 9.60050011
254.890411 -231.45343 6.14936686
254.862 -231.422241 6.74559975
254.809097 -231.429596 7.49620008
254.924301 -231.463104 9.43659973
254.866302 -231.421906 9.82740021
254.841904 -231.412506 10.0068998
254.910706 -231.369202 6.4685998
254.905396 -231.285507 7.04879999
254.966202 -231.397705 9.54629993
254.811996 -231.201599 10.3593998
254.820297 -231.2043 12.8755999
254.874405 -231.265106 13.2423
254.847 -231.2323 13.6503
254.870895 -231.267899 14.1627998
254.905304 -231.0522 3.50419998
254.9048 -231.017197 3.6861999
254.820297 -231.113907 4.13310003
254.818695 -231.052505 4.29409981
254.907394 -231.005096 5.96509981
254.8815 -231.139999 6.92329979
254.875702 -231.123505 7.26440001
254.916168 -231.080566 7.53516674
254.932495 -231.072296 7.67759991
254.856705 -231.152496 10.8712997
254.848801 -231.049133 11.0696335
254.934204 -231.083893 11.2730999
254.927322 -231.084747 11.5295
254.947998 -231.030243 11.6448002
254.913406 -231.048096 11.9036999
254.919998 -231.088898 12.1195498
254.832993 -231.096207 12.2786999
254.886047 -231.099792 14.4372501
254.886002 -231.063995 14.6286001
254.936295 -230.818604 1.70389998
254.8237 -230.823303 2.09430003
254.979996 -230.801407 2.30780005
254.829147 -230.978088 2.54049993
254.967194 -230.963196 2.78649998
254.881668 -230.865265 4.49370003
254.962997 -230.889603 4.7887001
254.921997 -230.871902 4.87650013
254.876297 -230.9879 6.00369978
254.969696 -230.947998 7.54260015
254.984497 -230.945602 7.66809988
254.942307 -230.918503 7.81546688
254.904877 -230.943604 8.12302494
254.857803 -230.952194 8.2553997
254.955704 -230.932907 8.45470047
254.893524 -230.90596 8.68926716
254.940155 -230.932861 8.91315079
254.890305 -230.943146 9.03565025
254.969101 -230.998703 11.0186996
254.976501 -230.963501 11.9511003
254.9841 -230.772095 0.971300006
254.965195 -230.741806 1.14260006
254.862 -230.778793 1.53100002
254.942505 -230.795807 2.19210005
254.815094 -229.141693 2.26620007
254.883896 -228.922394 3.12380004
254.975906 -228.862503 3.73230004
254.812698 -228.731598 3.36989999
254.992493 -220.058594 1.0086
255.105194 -231.639008 9.80770016
255.059494 -231.459305 7.23960018
255.161407 -231.489594 9.73690033
255.016693 -231.395706 6.06269979
255.025208 -231.215302 6.94680023
255.137207 -231.230698 7.08379984
255.114807 -231.212296 7.24760008
255.042053 -231.24205 10.4692001
255.140594 -231.330704 10.7700996
255.105606 -231.390106 12.7476997
255.172699 -231.209 12.8080997
255.195206 -231.259201 13.3604002
255.078293 -231.226807 13.5945997
255.092804 -231.204193 13.6794996
255.059402 -231.25824 14.1006508
255.149597 -231.039001 3.27509999
255.144699 -231.087799 3.80259991
255.126297 -231.008896 4.28760004
255.169907 -231.120804 5.99599981
255.062607 -231.104706 6.13119984
255.199707 -231.102493 6.29930019
255.1017 -231.0289 6.56174994
255.123444 -231.101578 6.89069986
255.076904 -231.082504 7.07670021
255.1362 -231.051498 7.2974
255.160904 -231.129593 7.48449993
255.06189 -231.032837 7.68650007
255.086304 -231.033707 9.09609985
255.012604 -231.006195 9.20639992
255.123093 -231.0867 9.79020023
255.093002 -231.163605 10
255.101746 -231.121902 10.2774506
255.172302 -231.163605 10.4681997
255.167801 -231.089798 10.9440002
255.139603 -231.001694 11.0902004
255.052826 -231.004868 11.3199329
255.052994 -231.071701 11.4700003
255.0439 -231.047195 11.6216002
255.111496 -231.007095 11.9280005
255.164795 -231.025208 12.0459003
255.052795 -231.001602 12.2649002
255.16893 -231.104996 12.4371338
255.081955 -231.189392 12.6762505
255.1707 -231.186707 13.4319
255.092102 -231.158707 13.6731005
255.035507 -231.182098 14.3069
255.040894 -231.026703 14.4308996
255.087799 -230.979797 2.66335011
255.105392 -230.987 2.90840006
255.169006 -230.951096 3.04920006
255.099915 -230.940338 4.31910038
255.098495 -230.85527 4.6340332
255.101471 -230.844254 4.82712507
255.102402 -230.807205 5.1171999
255.133255 -230.832001 5.31484985
255.166901 -230.857391 5.55904961
255.122696 -230.997803 6.59730005
255.142593 -230.998505 7.14909983
255.183395 -230.960495 7.59700012
255.117966 -230.943741 7.7305336
255.080795 -230.959259 8.13929939
255.146729 -230.942398 8.76563358
255.073059 -230.937988 8.88545036
255.085693 -230.965851 11.5400505
255.185806 -230.991302 14.4326
255.150696 -230.776398 0.984700024
255.130295 -228.856903 3.67779994
255.086807 -228.485107 3.28679991
255.117401 -228.253571 2.12666678
255.117996 -228.241302 2.46309996
255.125198 -228.240799 2.92770004
255.083344 -228.251404 3.09927511
255.141998 -228.220703 3.29310012
255.185898 -228.136002 2.31680012
255.042603 -228.162994 2.82130003
255.397003 -234.209396 14.7244997
255.245605 -231.440506 6.64190006
255.240997 -231.474304 9.20419979
255.227997 -231.503754 9.55539989
255.362503 -231.528107 9.88490009
255.385101 -231.268005 2.89260006
255.357697 -231.204193 5.87179995
255.266296 -231.399399 6.46439981
255.339355 -231.266296 9.73960018
255.347702 -231.208801 10.2238998
255.2155 -231.224197 10.7747002
255.35675 -231.330948 14.0090504
255.237793 -231.135605 3.96749997
255.289093 -231.131805 4.13240004
255.2117 -231.062698 5.91540003
255.288605 -231.110443 6.11210012
255.264496 -231.128296 6.38339996
255.263 -231.121704 6.44360018
255.204803 -231.078796 6.68230009
255.281601 -231.085052 6.85610008
255.294571 -231.084991 7.10643339
255.277695 -231.186203 7.3657999
255.25 -231.075333 7.50880003
255.220398 -231.069 9.13860035
255.308762 -231.088638 9.30690002
255.30661 -231.092651 10.3543997
255.224457 -231.058655 10.5000496
255.359894 -231.168304 10.7070999
255.396194 -231.108002 10.8694
255.330597 -231.051804 11.0314999
255.332901 -231.036499 12.0903997
255.279099 -231.118195 12.5499001
255.252197 -231.103699 12.7482996
255.233459 -231.177399 13.5152998
255.337799 -231.065598 14.3879004
255.274002 -231.048492 14.5916004
255.204407 -230.820801 2.1888001
255.235504 -230.970901 4.14620018
255.248199 -230.828796 4.55350018
255.210602 -230.832901 4.70879984
255.358002 -230.810303 4.87179995
255.286102 -230.803604 5.02909994
255.340698 -230.806107 5.24520016
255.388702 -230.877304 5.52010012
255.3004 -230.919495 5.85659981
255.223999 -230.9879 7.07980013
255.255951 -230.955246 7.68335009
255.2948 -230.820404 7.85440016
255.313141 -230.887939 8.10529995
255.306641 -230.8629 8.29260063
255.329803 -230.855392 8.65639973
255.294144 -230.922791 8.90114975
255.248001 -230.866501 9.09389973
255.205399 -230.932999 9.2947998
255.343796 -230.913605 11.1968002
255.343597 -230.952301 11.4454002
255.393494 -230.708099 0.607200027
255.319595 -230.7043 0.998899996
255.244202 -230.765198 1.1408
255.2995 -230.723053 1.45109999
255.336197 -230.743607 1.74950004
255.225861 -230.75351 1.89665008
255.245697 -230.777405 2.25349998
255.289307 -230.798203 4.7421999
255.392593 -230.788696 4.82609987
255.209503 -230.778305 14.7531996
255.339203 -228.806702 3.53480005
255.3022 -228.7798 3.6566
255.329605 -228.414398 2.6019001
255.266495 -228.2258 2.03620005
255.317993 -228.322296 2.57220006
255.251007 -228.280502 3.00749993
255.201797 -228.331894 3.35680008
255.399002 -228.074203 3.16199994
255.281403 -228.186203 3.28539991
255.368698 -227.987305 2.48760009
255.3172 -227.983307 2.78410006
255.300751 -227.934799 2.94400001
255.408401 -231.464798 9.69379997
255.527206 -231.275101 4.26980019
255.477631 -231.33313 6.30503321
255.546402 -231.216202 6.69099998
255.545258 -231.253906 7.10465002
255.462006 -231.343094 9.52869987
255.544647 -231.319061 10.1265001
255.525101 -231.384201 10.6643
255.454895 -231.200806 12.6885996
255.455948 -231.345306 13.0893497
255.503403 -231.226501 14.0314999
255.465698 -231.024902 5.73899984
255.402603 -231.074097 5.82270002
255.596405 -231.141495 6.7828002
255.495499 -231.113693 7.08949995
255.538208 -231.120392 7.46710014
255.466095 -231.06839 9.24740028
255.485001 -231.1763 9.7652998
255.578506 -231.096405 10.1208
255.501602 -231.137604 10.3589001
255.457794 -231.069305 10.4359999
255.529404 -231.053894 10.7369003
255.569061 -231.059845 10.8470497
255.460999 -231.017303 12.3168001
255.581497 -231.143997 14.2971001
255.458496 -231.138458 14.5415993
255.483795 -230.932602 4.27769995
255.407394 -230.800003 5.61030006
255.475998 -230.964005 7.56750011
255.440506 -230.838745 7.92980003
255.508896 -230.853241 8.12943363
255.550705 -230.861679 8.29059982
255.482635 -230.891739 8.50286674
255.537003 -230.867661 8.72290039
255.566895 -230.8853 8.82960033
255.409897 -230.918594 11.1421003
255.541504 -230.960907 11.2674999
255.546906 -230.972595 11.6702003
255.46405 -230.966797 12.0681496
255.503693 -230.9646 12.2718
255.441696 -230.855347 14.7153502
255.525101 -230.695297 1.11440003
255.509766 -230.709259 1.57010007
255.488663 -230.74176 1.75153339
255.484192 -230.709198 1.90260005
255.415604 -230.711304 2.00440001
255.574905 -230.7789 4.54190016
255.574463 -230.776703 4.91230011
255.563202 -230.764999 5.56860018
255.575806 -230.7798 8.20759964
255.506393 -228.626801 3.94899988
255.503693 -228.434494 3.62689996
255.470703 -228.212997 3.50149989
255.479706 -228.053696 2.47434998
255.531708 -228.11525 3.30585003
255.528503 -227.811005 2.21580005
255.483459 -227.773148 1.87284994
255.484695 -227.782501 2.14159989
255.572403 -227.759705 2.43169999
255.414398 -222.806 0.962599993
255.727402 -231.476807 10.6296997
255.705093 -231.231903 12.7625999
255.633804 -231.244705 12.8294001
255.606094 -231.204605 14.0689001
255.67099 -231.056091 6.99635029
255.757706 -231.166199 7.26669979
255.767807 -231.012802 9.15240002
255.721893 -231.041351 9.45014954
255.705948 -231.083847 10.1546001
255.617096 -231.102707 10.4714003
255.670197 -231.108398 12.2722998
255.616699 -231.048203 12.4055004
255.7491 -231.087097 13.6192493
255.693802 -231.108231 14.1026001
255.680786 -231.114441 14.3009501
255.614502 -230.804199 4.93665028
255.720596 -230.828293 5.0454998
255.610046 -230.847748 5.66190004
255.781876 -230.826324 5.87466669
255.709244 -230.902603 6.56999969
255.754501 -230.864151 6.64099979
255.687393 -230.988007 7.1789999
255.692505 -230.902496 7.47340012
255.702896 -230.870834 7.70779991
255.723053 -230.867249 8.04380035
255.673004 -230.866745 8.34020042
255.681702 -230.865494 8.50856686
255.719406 -230.818344 8.65275002
255.651398 -230.884796 8.83710003
255.683105 -230.973495 10.3934002
255.783997 -230.979202 10.9152002
255.670395 -230.891098 11.0024996
255.763397 -230.923294 11.2178001
255.679001 -230.931961 11.531333
255.727112 -230.955399 11.6381502
255.767303 -230.873093 11.9019003
255.772247 -230.968796 12.2828007
255.624695 -230.945801 13.8841
255.675507 -230.889999 14.7124996
255.673553 -230.665405 0.920799971
255.647141 -230.65683 1.26419997
255.655457 -230.673096 1.48545003
255.705002 -230.712296 1.79869998
255.760895 -230.670197 1.86150002
255.6082 -230.703796 2.10879993
255.786194 -230.752304 4.55800009
255.744202 -230.754593 4.77229977
255.698898 -230.751297 5.13984966
255.721039 -230.74913 5.33080006
255.783539 -230.754395 5.54749966
255.647308 -230.772247 5.68445015
255.783997 -230.781006 5.98339987
255.671097 -230.7798 8.1814003
255.701538 -230.781052 8.47134972
255.729202 -230.799805 8.8519001
255.738602 -228.875305 3.78970003
255.740295 -228.220001 1.72039998
255.750854 -228.094391 2.74530005
255.680603 -228.130402 3.30870008
255.776993 -227.974503 1.69190001
255.684799 -227.951401 2.78290009
255.681396 -227.904495 2.95429993
255.725647 -227.905487 3.1249001
255.757706 -227.750504 2.65949988
255.658493 -227.220993 3.43470001
255.873703 -231.009293 9.1491003
255.8564 -231.047104 10.5952997
255.811295 -231.085693 10.7255001
255.804901 -231.039307 11.2812004
255.896896 -231.024857 13.7090502
255.812698 -231.031799 14.1493998
255.826797 -231.162796 14.2105999
255.910706 -230.887299 5.89940023
255.957306 -230.903503 6.00409985
255.853699 -230.842896 6.61630011
255.879303 -230.929794 6.86730003
255.939758 -230.824646 7.36280012
255.959106 -230.829575 7.48483324
255.935303 -230.802505 7.65990019
255.928604 -230.803497 7.82989979
255.954498 -230.820404 8.10479927
255.851395 -230.825104 8.47679996
255.806107 -230.830399 8.63640022
255.892929 -230.850677 8.95044994
255.818497 -230.865036 9.31403351
255.855499 -230.820007 9.6935997
255.964951 -230.880493 9.93770027
255.956802 -230.967804 10.1300001
255.920593 -230.880798 10.3599005
255.849503 -230.860306 10.5523996
255.908951 -230.936157 10.6763496
255.89827 -230.921432 10.8957996
255.90564 -230.889008 11.2562008
255.972702 -230.899399 11.4554005
255.938904 -230.925735 11.7440996
255.9263 -230.85791 11.9552498
255.867706 -230.950195 12.1492004
255.826797 -230.920502 12.4947004
255.8246 -230.847397 14.7255001
255.827499 -230.641602 0.977400005
255.813599 -230.633896 1.21270001
255.903198 -230.646454 1.49740005
255.843903 -230.643799 1.68840003
255.995102 -230.640594 1.84619999
255.836304 -230.692902 2.10400009
255.997498 -230.650894 2.33590007
255.890396 -230.731201 4.68540001
255.926331 -230.705368 4.88399982
255.839203 -230.733994 5.16559982
255.837997 -230.660599 5.36959982
255.894669 -230.784073 5.62913322
255.890198 -230.722656 6.10035038
255.910431 -230.779449 6.29102516
255.934402 -230.739304 6.50349998
255.992599 -230.695694 6.69250011
255.930603 -230.742905 7.36229992
255.904999 -230.792404 7.90619993
255.910202 -230.789902 8.23820019
255.966202 -230.777206 8.47900009
255.959396 -230.596497 1.73660004
255.999405 -230.4673 12.6062002
255.914474 -228.650162 4.14639997
255.84845 -228.668396 4.30760002
255.833405 -228.070007 2.70700002
255.819199 -227.933395 0.97240001
255.902191 -227.932693 2.10790014
255.802704 -227.682907 2.09870005
255.849304 -227.796295 2.64969993
255.9785 -227.715805 2.89479995
255.852798 -227.402695 3.55180001
255.942062 -227.268936 3.12146664
255.954895 -227.336105 3.29789996
255.834595 -227.399597 3.79130006
255.906006 -227.116394 3.41109991
256.163605 -231.028305 11.4616003
256.088013 -231.060501 13.3317003
256.060699 -231.068497 13.5405998
256.015015 -231.167206 13.6899004
256.057495 -230.807007 6.3677001
256.08725 -230.816956 8.32559967
256.15741 -230.804794 8.97119999
256.072815 -230.822357 9.13380051
256.116089 -230.812897 9.38980007
256.108521 -230.837051 9.53125
256.162689 -230.846497 9.90369987
256.110962 -230.882751 10.1455002
256.149231 -230.8452 10.3656006
256.0961 -230.841095 10.5242004
256.039795 -230.802994 10.6007996
256.170807 -230.857498 10.9762001
256.156708 -230.861404 11.7158003
256.096527 -230.863693 11.8828335
256.088379 -230.8414 12.0562496
256.031097 -230.905807 12.4300003
256.19519 -230.929794 13.4284
256.087006 -230.938202 13.7641001
256.189087 -230.940201 13.9640999
256.166565 -230.954971 14.1198006
256.076202 -230.947998 14.3915005
256.154999 -230.905609 14.5360003
256.022095 -230.916901 14.6456509
256.022308 -230.632904 1.01440001
256.190002 -230.621994 1.25580001
256.023499 -230.640305 1.42209995
256.046112 -230.670395 1.73500001
256.029083 -230.635498 2.12080002
256.091888 -230.756104 4.45170021
256.081085 -230.720001 4.66779995
256.122986 -230.7108 4.86999989
256.085907 -230.66449 5.29180002
256.153595 -230.689606 5.40549994
256.070068 -230.737671 5.91680002
256.138062 -230.739197 6.11094999
256.136475 -230.712997 6.27820015
256.079987 -230.698196 6.57420015
256.07959 -230.726807 6.74490023
256.03241 -230.742096 6.89295006
256.125427 -230.758667 7.09286642
256.088989 -230.727707 7.35710001
256.153687 -230.702255 7.56729984
256.163391 -230.713104 7.75890017
256.10025 -230.764038 8.26070023
256.158295 -230.793701 8.40670013
256.057312 -230.742401 9.32730007
256.041687 -230.747192 9.73410034
256.110504 -230.599396 1.68079996
256.1633 -230.580399 12.3964005
256.124786 -230.512604 12.5780001
256.066101 -230.440201 12.7068005
256.183105 -228.672501 2.12190008
256.00589 -228.520294 3.68039989
256.037811 -227.850693 4.06680012
256.092712 -227.689896 1.81299996
256.038361 -227.619202 2.26454997
256.075989 -227.615097 2.53489995
256.112396 -227.6819 3.90289998
256.195007 -227.560898 2.56570005
256.173309 -227.539398 2.67499995
256.105804 -227.427307 3.77340007
256.184692 -227.214294 2.56110001
256.187195 -227.385193 2.71020007
256.115601 -227.288498 3.16079998
256.191589 -227.320694 3.27270007
256.077789 -227.283493 4.02069998
256.129517 -227.150696 2.94484997
256.021606 -227.144897 3.08920002
256.149994 -227.159698 3.4217
256.295288 -230.877396 6.97790003
256.2099 -230.804092 7.375
256.207397 -230.827301 8.63829994
256.295593 -230.821198 8.96580029
256.34671 -230.906097 9.18770027
256.251709 -230.829193 9.2645998
256.352386 -230.8629 9.58220005
256.30249 -230.83609 9.90184975
256.305511 -230.821793 10.0517998
256.214386 -230.845703 10.2632999
256.285919 -230.858597 10.4834661
256.261169 -230.847565 10.9127998
256.266846 -230.881699 11.0543003
256.307709 -230.822906 11.2215996
256.241486 -230.8564 11.6880999
256.246887 -230.866394 12.0010004
256.249603 -230.936005 13.5751495
256.304565 -230.944794 13.9091501
256.357391 -230.923401 14.0099001
256.330505 -230.901794 14.4064999
256.318909 -230.610397 1.29334998
256.291138 -230.6147 1.71799994
256.330444 -230.608398 1.87775004
256.314514 -230.627594 2.18460011
256.367188 -230.628494 2.32200003
256.205902 -230.661896 4.59200001
256.285034 -230.698563 4.71436644
256.249695 -230.7388 5.13810015
256.293091 -230.68689 5.51060009
256.380615 -230.730194 5.90420008
256.32019 -230.710007 6.08909988
256.32605 -230.697311 6.29436684
256.349213 -230.683807 6.4685998
256.357086 -230.685806 6.60949993
256.25061 -230.736145 6.85210037
256.295227 -230.71283 7.14762497
256.257904 -230.714905 7.35389996
256.311005 -230.654205 7.55660009
256.283508 -230.776794 7.62720013
256.299713 -230.730225 7.88616657
256.318604 -230.761398 8.06200027
256.311798 -230.723007 8.39299965
256.360809 -230.706604 8.54710007
256.317688 -230.766602 8.95580006
256.316956 -230.770004 9.14729977
256.218903 -230.741196 9.44989967
256.321503 -230.776596 9.63609982
256.365692 -230.7435 10.0500002
256.29715 -230.776978 10.6788502
256.303986 -230.762604 11.7901001
256.319305 -230.729904 14.7237997
256.307007 -230.677597 14.8939495
256.352112 -230.590393 1.10724998
256.362122 -230.580292 1.45849991
256.347504 -230.520828 12.5205336
256.384003 -228.619293 4.2894001
256.383392 -228.4953 0.932399988
256.368805 -228.575195 1.07710004
256.291595 -228.589798 1.36170006
256.269196 -227.932327 3.91540003
256.234192 -227.650299 2.28340006
256.273804 -227.626907 2.875
256.343903 -227.740906 3.72449994
256.363586 -227.4039 2.76329994
256.354187 -227.432999 2.87310004
256.317413 -227.476196 3.46810007
256.355286 -227.558105 3.65450001
256.325439 -227.371704 2.56834984
256.379456 -227.225159 2.76324987
256.235229 -227.325241 2.87276673
256.398285 -227.2491 3.13829994
256.368103 -227.318298 3.34619999
256.312897 -227.298706 3.84439993
256.379211 -227.167801 2.89899993
256.287598 -227.185394 3.16149998
256.415802 -231.045502 13.0600004
256.512604 -230.841995 7.00979996
256.510193 -230.822098 9.72799969
256.461487 -230.815598 10.3013
256.48465 -230.822357 10.8745995
256.464905 -230.836899 12.1086998
256.538696 -230.833893 12.2195997
256.582275 -230.875046 13.1561003
256.40799 -230.856903 13.3485003
256.484802 -230.902649 14.1261997
256.438782 -230.928009 14.4723501
256.453247 -230.602356 2.14900017
256.411896 -230.636993 4.86950016
256.55957 -230.660004 5.16120005
256.415985 -230.702301 5.39419985
256.473663 -230.661697 5.54979992
256.547363 -230.673187 5.68884993
256.536255 -230.682602 5.87155008
256.444855 -230.689636 6.11896658
256.479095 -230.67305 6.49189997
256.488007 -230.694397 6.63774967
256.556213 -230.700699 7.15110016
256.493591 -230.737503 7.35739994
256.450287 -230.697296 7.54339981
256.515594 -230.692337 7.67589998
256.456207 -230.714905 8.02000046
256.546814 -230.705505 8.3132
256.540649 -230.745453 9.0271492
256.430298 -230.774506 9.34689999
256.541504 -230.785751 9.48105049
256.488647 -230.754135 9.66549969
256.526733 -230.753906 9.89626694
256.511108 -230.745697 10.1476498
256.409302 -230.763504 10.4624004
256.510681 -230.774948 10.6952
256.552063 -230.785202 11.0380993
256.407013 -230.798706 11.3142996
256.50589 -230.798004 11.7291002
256.502197 -230.779495 11.8957996
256.44519 -230.662094 12.3743
256.481201 -230.767593 13.3908997
256.482513 -230.536301 0.905200005
256.462524 -230.578171 1.09350002
256.520294 -230.567902 1.22220004
256.462311 -230.584595 1.90199995
256.577606 -230.553894 2.22399998
256.579102 -230.503601 12.4447002
256.599213 -230.430496 12.7411003
256.541412 -230.572693 14.8882999
256.470795 -228.715607 0.868799984
256.596985 -228.7173 4.26179981
256.467957 -228.473251 0.953000009
256.55719 -228.5383 1.18589997
256.459351 -228.467346 1.28789997
256.54184 -228.486862 2.10493326
256.498505 -228.559799 3.86820006
256.479004 -228.454193 4.63590002
256.517914 -227.808105 2.99830008
256.502289 -227.959793 3.47040009
256.558594 -227.6306 3.27189994
256.5271 -227.636398 3.6401
256.451599 -227.215393 2.35560012
256.474487 -227.37146 2.70690012
256.515289 -227.268295 2.89190006
256.409607 -227.375305 3.02609992
256.530396 -227.396606 3.61430001
256.459686 -227.1064 2.72090006
256.477661 -227.18396 3.10680008
256.530457 -227.153259 3.38765001
256.54071 -226.947098 1.00189996
256.69101 -230.815598 9.52089977
256.73999 -230.802094 10.6884003
256.709412 -230.873093 11.0563002
256.704102 -230.814697 11.7203999
256.619385 -230.849899 11.8751001
256.774414 -230.805603 12.2799997
256.671906 -230.853195 13.1457996
256.667603 -230.835403 14.1612997
256.659729 -230.929779 14.2688751
256.690002 -230.844894 14.5384998
256.651672 -230.624649 4.80980015
256.626007 -230.633545 5.07174969
256.626099 -230.678299 5.32499981
256.73111 -230.656601 5.57539988
256.632843 -230.651321 5.71885014
256.685028 -230.649673 5.96973324
256.717041 -230.668457 6.3045001
256.664093 -230.682495 6.61759996
256.640289 -230.755402 6.93009996
256.696411 -230.643906 7.0619998
256.691498 -230.662933 7.32253313
256.652405 -230.689407 7.51160002
256.692719 -230.658127 7.74713326
256.719971 -230.688904 7.91986656
256.735504 -230.691376 8.14190006
256.649597 -230.751343 8.31564999
256.700897 -230.699005 8.47605038
256.688782 -230.757904 8.70534992
256.76593 -230.729797 9.12440014
256.694397 -230.751648 9.28165054
256.673462 -230.744293 9.47710037
256.796814 -230.709396 9.77659988
256.721252 -230.740295 9.97830009
256.678253 -230.790253 10.3059006
256.696808 -230.726074 10.470933
256.716888 -230.739395 11.1711998
256.795013 -230.7612 11.5261002
256.610504 -230.785797 11.8586998
256.759491 -230.759201 12.1309004
256.777313 -230.797501 12.4567003
256.743286 -230.758194 13.2447004
256.620087 -230.758102 14.6794996
256.675598 -230.641907 14.8224001
256.758698 -230.526703 0.900099993
256.703308 -230.525604 1.05569994
256.622498 -230.561905 1.97710001
256.720703 -230.591293 4.55019999
256.692993 -230.592697 5.74989986
256.700287 -230.599197 5.94150019
256.707397 -230.594498 6.1736002
256.681091 -230.572296 12.3868999
256.713989 -230.486496 12.5471001
256.735474 -230.448898 12.6844997
256.672424 -230.439896 12.9320002
256.794708 -228.9478 4.23059988
256.780792 -228.707703 4.19899988
256.610291 -228.451202 1.66069996
256.719299 -228.466797 1.86339998
256.681824 -228.505707 2.50054979
256.776794 -227.833694 2.79250002
256.63031 -227.824997 4.29029989
256.704987 -227.615097 2.77629995
256.790405 -227.568405 2.76169991
256.641815 -227.410507 3.01460004
256.746887 -227.48761 3.33957505
256.741211 -227.443207 3.73889995
256.63269 -227.225906 2.57389998
256.712799 -227.291306 2.77189994
256.765015 -227.295593 3.64409995
256.634003 -227.339294 3.90019989
256.693909 -220.869293 0.99000001
256.906494 -230.879608 12.2810497
256.872498 -230.898804 12.7803001
256.871002 -230.830597 12.8212004
256.893402 -230.810852 13.3308506
256.850494 -230.815094 13.6546001
256.912598 -230.835205 13.8577003
256.801788 -230.844193 14.1316004
256.862671 -230.836151 14.2209997
256.94519 -230.635254 5.28999996
256.808197 -230.617203 5.54470015
256.988556 -230.614853 5.6725502
256.899139 -230.630096 5.85459995
256.852112 -230.609207 6.38560009
256.896057 -230.645554 6.45545006
256.838745 -230.653564 6.65980005
256.926514 -230.638489 6.82159996
256.927185 -230.674255 7.09035015
256.863953 -230.665405 7.30912495
256.906555 -230.65976 7.52315044
256.874298 -230.643341 7.63509989
256.901245 -230.6577 7.87415028
256.827911 -230.709305 8.18690014
256.924469 -230.70755 8.52497482
256.909607 -230.689606 8.91699982
256.923584 -230.651077 9.07622528
256.883484 -230.674103 9.27269936
256.956207 -230.700104 9.49639988
256.895508 -230.679596 9.86999989
256.915955 -230.746063 10.0952663
256.838501 -230.750488 10.3002501
256.839844 -230.758362 10.5276508
256.83371 -230.792206 10.7465
256.954102 -230.742203 10.9576998
256.871277 -230.745636 11.0995998
256.81601 -230.720596 11.3706999
256.87323 -230.752701 11.4372501
256.865997 -230.679794 11.8333998
256.92041 -230.791504 12.1224995
256.857208 -230.619995 12.6520996
256.837708 -230.691498 12.9759998
256.994904 -230.7939 13.7557001
256.81189 -230.799103 13.9259996
256.886688 -230.483459 1.04005003
256.831787 -230.520599 1.49129999
256.825012 -230.548096 2.01880002
256.932892 -230.547897 2.33579993
256.906189 -230.567703 5.28800011
256.979706 -230.563202 5.87080002
256.997589 -230.596207 6.47170019
256.990417 -230.586609 6.72480011
256.802307 -228.7966 4.02129984
256.831299 -228.413895 1.82650006
256.926575 -228.273956 3.9300499
256.818115 -228.048004 3.24449992
256.855194 -227.862762 2.94569993
256.813812 -227.889999 3.03970003
256.854309 -227.638199 2.4756
256.809296 -227.690399 2.94689989
256.873779 -227.695892 3.06860018
256.843292 -227.403793 2.52970004
256.889801 -227.495102 2.9605999
256.901306 -227.522705 3.27509999
256.887146 -227.469696 3.54504991
256.884888 -227.513 3.63179994
256.839813 -227.303406 2.21690011
256.887604 -222.385406 0.996800005
257.076691 -230.946106 11.4742002
257.068115 -230.826797 11.7069998
257.018005 -230.805893 12.7325001
257.054993 -230.968597 13.1900997
257.066406 -230.805893 13.6652002
257.115509 -230.923004 13.9310999
257.158203 -230.838501 14.3253002
257.00351 -230.839493 14.4603004
257.141998 -230.607803 5.53910017
257.093597 -230.631302 6.06220007
257.099762 -230.616394 6.2802
257.133392 -230.604202 6.51200008
257.1763 -230.620605 6.7493
257.115814 -230.667099 6.91169977
257.008514 -230.671097 7.15969992
257.087402 -230.614395 7.33479977
257.131714 -230.621796 7.43959999
257.091644 -230.639496 7.66584969
257.003143 -230.691849 7.9691
257.074585 -230.64357 8.12862492
257.013611 -230.611206 8.32530022
257.071289 -230.660553 8.51935005
257.096863 -230.6633 8.72545052
257.169006 -230.628006 8.92720032
257.091034 -230.689804 9.12373352
257.13736 -230.667374 9.26233292
257.166687 -230.637604 9.51350021
257.002899 -230.729996 9.70009995
257.127167 -230.68483 9.88026714
257.113525 -230.691254 10.0602999
257.11557 -230.733963 10.2702799
257.152496 -230.731094 10.5249996
257.06665 -230.718842 10.6791
257.13623 -230.713455 10.8491497
257.136139 -230.736649 11.0715008
257.123413 -230.739151 11.3134003
257.18103 -230.741043 11.7714996
257.039398 -230.702499 11.9727001
257.120422 -230.734406 12.0576496
257.123291 -230.724792 13.1313
257.081787 -230.787704 13.3872995
257.138 -230.779205 13.9062996
257.097687 -230.760101 14.1858997
257.095093 -230.766693 14.3234997
257.187714 -230.724106 14.5909996
257.134247 -230.457855 1.05769992
257.132538 -230.478394 1.31645
257.075989 -230.508759 1.74020004
257.188995 -230.528198 1.90330005
257.063904 -230.522995 2.40260005
257.109589 -230.586395 4.75199986
257.031494 -230.560699 5.32569981
257.056458 -230.589203 5.46974993
257.022705 -230.595306 5.83330011
257.115723 -230.556549 6.03474998
257.108246 -230.565659 6.28906679
257.123901 -230.589706 6.42920017
257.120239 -230.570312 6.65560007
257.112091 -230.580597 6.94040012
257.133453 -230.588593 7.92115021
257.172302 -230.550797 14.7270002
257.035492 -228.874802 4.01289988
257.177612 -228.602005 4.28000021
257.026215 -228.496307 4.1638999
257.056213 -228.395905 2.36989999
257.058197 -228.223099 3.58969998
257.092987 -228.3853 3.93610001
257.112305 -228.327103 4.07859993
257.145905 -228.047806 2.78119993
257.094391 -228.1707 3.08710003
257.023804 -228.038406 3.62249994
257.164703 -228.154999 3.87840009
257.162292 -227.872696 2.5933001
257.172211 -227.873001 2.65939999
257.150604 -227.988907 3.32690001
257.173004 -227.967804 3.63179994
257.169495 -227.972397 3.9539001
257.126801 -227.738297 2.3842001
257.009613 -227.767197 2.86089993
257.131714 -227.600098 3.10290003
257.013214 -227.417099 2.59150004
257.154114 -227.454102 2.66980004
257.052002 -227.500305 3.40370011
257.064789 -222.023697 1.01250005
257.180786 -220.7668 0.961199999
257.275696 -230.836197 11.8636999
257.243591 -230.837296 12.5834999
257.31131 -230.8423 14.0833998
257.318909 -230.630493 5.81879997
257.206299 -230.657196 6.0619998
257.246216 -230.620895 6.94999981
257.316498 -230.624603 7.55950022
257.231293 -230.619507 7.64470005
257.222412 -230.643906 7.98309994
257.302246 -230.642303 8.04434967
257.263977 -230.677307 8.35980034
257.217499 -230.6017 8.50990009
257.228607 -230.6875 8.63389969
257.356903 -230.64566 8.85365009
257.310486 -230.629395 9.01749992
257.365509 -230.636902 9.23029995
257.38031 -230.619507 9.50370026
257.308746 -230.687729 9.6843996
257.385406 -230.641602 9.91940022
257.273682 -230.686249 10.2934999
257.20401 -230.666901 10.4836998
257.237701 -230.724106 10.6169004
257.325012 -230.698059 10.9215508
257.353516 -230.691956 11.0763998
257.363586 -230.733994 11.2791004
257.365173 -230.707458 11.4412498
257.29071 -230.706726 11.6735497
257.297852 -230.683807 11.9042501
257.332703 -230.74469 12.3302002
257.23941 -230.710205 12.5229998
257.283356 -230.75766 12.6080999
257.360321 -230.75946 12.8830338
257.337708 -230.748169 13.2894001
257.343018 -230.7901 14.3012505
257.240509 -230.731995 14.5137997
257.223114 -230.433899 0.915899992
257.296631 -230.464172 1.06273329
257.29541 -230.440308 1.2313
257.326385 -230.444199 1.41279995
257.295746 -230.4879 2.05695009
257.264709 -230.502594 2.25839996
257.292511 -230.518906 2.41499996
257.326508 -230.526596 4.78420019
257.2453 -230.565704 4.87699986
257.311707 -230.546402 5.26313353
257.252502 -230.577301 5.54710007
257.285706 -230.561798 5.63469982
257.333923 -230.53688 5.94948339
257.203003 -230.580994 6.15929985
257.30838 -230.567459 6.54593325
257.281494 -230.589706 7.0545001
257.225189 -230.595001 7.20069981
257.304565 -230.562851 7.54920006
257.338409 -230.576294 7.83699989
257.321808 -230.580399 8.7833004
257.2276 -230.599197 9.08940029
257.2341 -230.484406 9.38770008
257.39389 -230.570099 9.63210011
257.386292 -230.383499 1.21459997
257.386108 -228.658005 4.6335001
257.203491 -228.459198 2.30830002
257.275452 -228.453949 4.08384991
257.34375 -228.414749 4.30074978
257.30249 -228.378601 2.3993001
257.3302 -228.378098 3.80110002
257.392395 -228.286499 4.41680002
257.223297 -228.165405 2.76009989
257.359314 -228.158707 3.75990009
257.331482 -228.096893 4.45820045
257.28009 -227.897995 2.63269997
257.322296 -227.943405 3.10360003
257.378815 -227.910599 3.55240011
257.261139 -227.742554 3.33325005
257.204102 -227.779404 4.03539991
257.349609 -227.523102 2.72199988
257.340912 -223.124298 0.937600017
257.485291 -231.125 14.1539001
257.433594 -230.802795 11.5632
257.546295 -230.821899 12.4446001
257.461914 -230.607803 6.93289995
257.531799 -230.6362 7.33379984
257.540009 -230.641602 7.51420021
257.420807 -230.619598 7.6413002
257.562347 -230.61795 7.9440999
257.455627 -230.629898 8.33740044
257.485596 -230.632568 8.88800049
257.523804 -230.641174 9.31412506
257.539215 -230.732895 9.41049957
257.494293 -230.622696 9.73820019
257.463684 -230.633545 9.87650013
257.472687 -230.636703 10.0585003
257.478699 -230.6026 10.2888002
257.510803 -230.66423 10.885375
257.453888 -230.685303 11.3261003
257.50473 -230.724228 11.6814003
257.495209 -230.784805 12.1914997
257.495361 -230.736511 12.3577499
257.526215 -230.667496 12.4081001
257.470642 -230.698303 12.7257004
257.457001 -230.670197 12.8142004
257.528595 -230.698502 13.3993998
257.545685 -230.768097 13.6014996
257.576385 -230.774902 14.0853996
257.522827 -230.761414 14.2962503
257.418091 -230.633499 14.6069002
257.551392 -230.421204 0.985099971
257.511902 -230.428314 1.11229992
257.447998 -230.455994 1.34710002
257.589386 -230.425201 1.75969994
257.493896 -230.446594 2.28690004
257.488403 -230.461197 2.44344997
257.428802 -230.491806 2.61479998
257.564697 -230.4879 3.9691999
257.522797 -230.520554 4.7329998
257.484711 -230.5271 4.88810015
257.509399 -230.5466 5.10140038
257.502899 -230.558304 5.40110016
257.491577 -230.481659 5.71385002
257.521088 -230.545197 5.94820023
257.49881 -230.561005 6.0138998
257.48056 -230.552963 6.34649992
257.513184 -230.557312 6.50150013
257.555969 -230.544861 6.67210007
257.555389 -230.558746 6.90534973
257.457581 -230.575104 7.27789974
257.518982 -230.561462 8.15410042
257.497589 -230.599503 8.62629986
257.538849 -230.560043 8.89579964
257.561798 -230.570099 9.72099972
257.562592 -230.554901 10.0306997
257.588501 -230.598297 14.5897999
257.46109 -230.562897 14.9393997
257.559204 -230.396698 1.25929999
257.433289 -228.668793 4.53459978
257.487701 -228.7341 4.60699987
257.5 -228.439301 3.92065001
257.5224 -228.4216 4.13660002
257.541992 -228.478806 4.36920023
257.497742 -228.506348 4.50139999
257.411713 -228.214905 3.52850008
257.41394 -228.369949 4.04715014
257.503906 -228.319397 4.26945019
257.491394 -228.245605 4.47550011
257.42981 -228.070206 3.44880009
257.521729 -228.101151 3.73434997
257.417999 -228.095306 4.57410002
257.470093 -227.859497 2.31439996
257.428192 -227.732697 3.02559996
257.45639 -227.508499 2.97289991
257.414307 -220.243607 0.97240001
257.638702 -230.833893 12.9861002
257.774689 -230.824005 13.9877005
257.795502 -230.615799 8.40089989
257.713104 -230.63205 9.05189991
257.71167 -230.607254 9.32429981
257.709686 -230.634705 9.48569965
257.672394 -230.650208 9.63980007
257.763397 -230.620407 9.99160004
257.615601 -230.645905 10.1316004
257.718414 -230.639603 10.2914333
257.7034 -230.610199 10.5537996
257.761505 -230.636795 11.0038004
257.721588 -230.731796 11.5874004
257.757599 -230.644196 11.9811001
257.716461 -230.693436 12.3185997
257.661102 -230.673798 12.5579004
257.776703 -230.693497 12.7011003
257.713501 -230.72464 12.8962002
257.664215 -230.771103 13.0288
257.692261 -230.675751 13.2929001
257.675171 -230.74646 13.7293005
257.698303 -230.660843 13.9890499
257.695099 -230.772903 14.0747995
257.706268 -230.757339 14.3280334
257.692108 -230.702896 14.5105
257.650391 -230.406998 0.922299981
257.77771 -230.427795 1.04509997
257.704834 -230.409912 1.29594994
257.767914 -230.405594 1.57720006
257.69809 -230.425995 1.92344999
257.72641 -230.411697 2.3677001
257.615814 -230.453003 2.45530009
257.611908 -230.499603 3.79439998
257.724701 -230.478699 3.8979001
257.697113 -230.4478 4.30859995
257.678101 -230.449203 4.57229996
257.706207 -230.4711 4.71850014
257.686218 -230.484131 4.92233324
257.703644 -230.469833 5.06449986
257.717773 -230.502945 5.32734966
257.695587 -230.515839 5.58475018
257.729767 -230.497253 5.70445013
257.779785 -230.502396 5.98159981
257.726929 -230.52774 6.1222496
257.728302 -230.519501 6.25579977
257.690857 -230.473801 6.48359966
257.660492 -230.496902 6.62090015
257.645111 -230.5047 6.81699991
257.721588 -230.531204 7.06759977
257.736694 -230.555206 7.30305004
257.738403 -230.589203 7.40439987
257.641113 -230.548492 7.70660019
257.706757 -230.535965 7.85979986
257.782501 -230.54599 8.06529999
257.76236 -230.559845 8.30414963
257.73349 -230.557693 8.47679996
257.651428 -230.53685 8.76510048
257.784912 -230.572601 8.88599968
257.743713 -230.591293 9.17990017
257.743103 -230.568298 9.2262001
257.726257 -230.566101 9.54874992
257.669403 -230.513199 9.62679958
257.784698 -230.5858 9.95400047
257.664886 -230.599304 10.2061005
257.685791 -230.594406 10.6608
257.720825 -230.512543 14.7482004
257.797791 -230.570908 15.059
257.610901 -230.393097 1.0625
257.716095 -228.722595 2.59920001
257.763 -228.451004 2.80730009
257.722198 -228.415405 4.07840014
257.608002 -228.430603 4.42810011
257.627106 -228.379303 3.87339997
257.710632 -228.353607 4.16259956
257.720093 -228.395493 4.3986001
257.695007 -228.210693 4.40310001
257.6745 -228.064804 2.48709989
257.677704 -228.041901 3.66729999
257.640442 -228.101562 3.87594986
257.783508 -227.849503 2.83170009
257.606903 -227.944504 3.47140002
257.750122 -227.772308 2.92659998
257.694275 -227.737564 3.10066676
257.621796 -227.720993 3.27870011
257.63739 -227.589706 2.8125999
257.985687 -230.988403 11.7715998
257.888306 -230.911804 12.3887997
257.920837 -230.613449 3.90974998
257.854065 -230.634094 6.10599995
257.934601 -230.665924 6.24142504
257.915771 -230.653336 6.48909998
257.861145 -230.631989 6.7198
257.917847 -230.661224 6.89752483
257.920288 -230.628754 7.12779999
257.911011 -230.600906 8.16930008
257.932373 -230.607208 9.51320076
257.935608 -230.719604 9.68760014
257.903931 -230.655701 9.84829998
257.970398 -230.647202 10.1381998
257.914856 -230.615509 10.3011494
257.917236 -230.684006 10.5357494
257.88208 -230.682205 10.868
257.986908 -230.657501 11.1342001
257.850494 -230.683105 11.22225
257.937439 -230.629395 11.5032501
257.887634 -230.664673 11.8968248
257.910034 -230.635605 12.0992002
257.906708 -230.681 12.2496004
257.964203 -230.743896 12.5811996
257.881012 -230.661697 12.6483002
257.929291 -230.686005 12.9823999
257.846863 -230.689072 13.1527672
257.862427 -230.75 13.4502001
257.841797 -230.689789 13.7014503
257.820496 -230.750595 13.9129
257.98111 -230.709 14.0593004
257.928467 -230.703339 14.5063496
257.8703 -230.402206 1.42110002
257.866394 -230.427094 2.10695004
257.915405 -230.416107 2.53399992
257.825897 -230.482498 2.66280007
257.891693 -230.525208 3.14159989
257.805511 -230.596497 4.11889982
257.896729 -230.468292 4.46864986
257.915436 -230.437897 4.73309994
257.85495 -230.455124 4.85643339
257.885345 -230.455627 5.11477518
257.893738 -230.441742 5.33465004
257.905457 -230.479309 5.45050001
257.875061 -230.456207 5.70284986
257.88269 -230.588501 5.95359993
257.834503 -230.587204 6.0612998
257.862915 -230.492401 6.69059992
257.872192 -230.589096 7.0692997
257.884796 -230.570709 7.36584997
257.88681 -230.577698 7.63000011
257.8638 -230.497498 7.96700001
257.902649 -230.541351 8.16225052
257.915527 -230.562439 8.5163002
257.887512 -230.564926 8.68836594
257.866211 -230.568756 9.31165028
257.87439 -230.565598 9.46749973
257.845642 -230.571335 9.71459961
257.850403 -230.484406 10.0646
257.876312 -230.562698 10.2775002
257.85083 -230.584747 10.6967001
257.814606 -230.576096 11.4036999
257.890015 -230.395401 0.60650003
257.885254 -230.374969 1.10687494
257.893372 -230.369049 1.36545002
257.861908 -230.393707 1.82249999
257.863403 -229.245193 3.02600002
257.844086 -228.468903 2.76990008
257.862396 -228.424103 3.97519994
257.808594 -228.445908 4.33279991
257.8367 -228.341904 3.99320006
257.840912 -228.3974 4.08500004
257.873413 -228.042603 2.36490011
257.908752 -228.142502 3.48134995
257.846985 -227.978806 3.34540009
257.874207 -227.938507 3.51320004
257.891602 -227.992096 3.6494
257.916443 -227.685944 2.92560005
257.983704 -220.982101 1.0007
258.142487 -236.602493 4.50559998
258.070312 -231.002701 7.22459984
258.106689 -230.970596 6.18900013
258.084564 -230.860153 6.48010015
258.133911 -230.9254 6.79680014
258.109711 -230.871399 6.93069983
258.114899 -230.9021 7.32499981
258.197205 -230.8508 7.49730015
258.096802 -230.854202 9.73709965
258.126404 -230.851501 10.5716
258.009308 -230.925903 12.2448997
258.035004 -230.800705 12.4113998
258.082794 -230.820557 12.868
258.153809 -230.830093 13.2992001
258.100098 -230.845306 13.4964333
258.090088 -230.861847 13.7083998
258.085632 -230.888046 13.9252996
258.090393 -230.823105 14.0832005
258.129608 -230.608902 2.79629993
258.110962 -230.610107 2.88609982
258.09671 -230.625793 3.05949998
258.060791 -230.728394 6.23180008
258.104156 -230.697937 6.55656672
258.069641 -230.688126 6.64873362
258.082184 -230.679504 6.85697508
258.091003 -230.651001 7.09490013
258.023071 -230.753159 7.33676672
258.146912 -230.654999 7.61339998
258.066711 -230.643005 8.93350029
258.182892 -230.708206 9.36380005
258.18634 -230.646545 9.47570038
258.058411 -230.624603 9.7475996
258.105438 -230.739899 9.90394974
258.166809 -230.690506 10.0712004
258.024841 -230.684006 10.30235
258.117493 -230.638199 10.5176001
258.122589 -230.717407 10.6933498
258.10791 -230.649094 10.9933996
258.083588 -230.639297 11.3016005
258.075104 -230.6185 11.8704004
258.057587 -230.751602 12.1823997
258.070099 -230.613007 12.3341999
258.048309 -230.685898 12.4989996
258.070099 -230.768707 12.6992998
258.14209 -230.737396 13.1420002
258.100494 -230.784302 13.2329998
258.080078 -230.735168 13.4963007
258.076721 -230.78447 13.9171333
258.11438 -230.736938 14.2984333
258.092194 -230.477295 2.34249997
258.02771 -230.483505 4.33239985
258.108826 -230.444641 4.66759968
258.116241 -230.410645 4.98064995
258.098541 -230.446198 5.13079977
258.076904 -230.436203 5.33549976
258.165192 -230.476196 5.68030024
258.028595 -230.599106 6.9046998
258.162048 -230.522598 7.69449997
258.145813 -230.51001 7.85665035
258.194397 -230.547104 8.01690006
258.058533 -230.517456 8.31389999
258.101898 -230.526703 8.44369984
258.113586 -230.498795 8.70899963
258.138062 -230.523193 8.95994949
258.169708 -230.5009 9.06700039
258.099548 -230.570496 9.28205013
258.109894 -230.578094 11.7672997
258.058411 -230.417297 14.7893
258.096985 -230.413406 14.9266996
258.103394 -230.330307 0.966600001
258.160309 -230.3284 1.17349994
258.156799 -230.3535 1.38989997
258.075012 -230.358643 1.52279997
258.074249 -230.384247 1.66394997
258.157013 -230.380905 1.90059996
258.026703 -230.399094 2.22550011
258.173401 -230.384796 5.19239998
258.122986 -228.214401 3.704
258.067902 -228.031006 2.7730999
258.022797 -227.958206 3.49699998
258.051086 -227.701843 3.05034995
258.040588 -227.590393 3.00699997
258.070496 -223.105698 0.972000003
258.372406 -231.184998 9.16619968
258.286896 -231.005707 10.3557997
258.303711 -231.124893 12.3133001
258.295197 -231.050446 13.8401499
258.257111 -230.8638 6.15570021
258.267792 -230.871002 6.48059988
258.24411 -230.837296 6.85440016
258.349609 -230.997696 7.10330009
258.355286 -230.820694 9.42920017
258.212799 -230.832397 9.61229992
258.310944 -230.836746 9.91454983
258.327698 -230.827103 10.7959003
258.296844 -230.833344 12.7417507
258.388702 -230.824905 12.9344997
258.316803 -230.893402 13.1111002
258.228394 -230.821106 13.5818005
258.334198 -230.918457 14.09935
258.225586 -230.632996 2.76239991
258.269714 -230.675995 6.07649994
258.313446 -230.748199 6.58500004
258.313202 -230.713852 6.6796999
258.282471 -230.696121 6.90369987
258.3526 -230.690201 7.10249996
258.297302 -230.681458 7.45335007
258.324402 -230.698196 9.11900043
258.359894 -230.681305 9.22029972
258.247101 -230.733307 9.51720047
258.297607 -230.761444 9.70165062
258.212799 -230.775299 9.90209961
258.28714 -230.744431 10.0644999
258.373199 -230.695007 10.3114004
258.361389 -230.7883 10.5993004
258.2771 -230.717239 10.686367
258.387512 -230.608597 11.6801996
258.276398 -230.618195 11.9271507
258.388214 -230.642593 12.5342999
258.257507 -230.617996 14.2777004
258.290466 -230.622894 14.5223503
258.389404 -230.550705 2.87409997
258.391388 -230.552902 3.03189993
258.310394 -230.525208 3.39269996
258.399109 -230.529404 3.54310012
258.355774 -230.561539 3.70273328
258.308197 -230.556793 3.977
258.281403 -230.401993 4.17770004
258.236298 -230.571793 4.29879999
258.39801 -230.400604 4.4144001
258.296631 -230.444275 5.24485016
258.216919 -230.426697 5.68855
258.229797 -230.51825 7.74515009
258.263794 -230.478195 7.94850016
258.306763 -230.467896 8.15360069
258.363251 -230.491241 8.50580025
258.310455 -230.485397 8.68715
258.268158 -230.516953 8.91195011
258.306488 -230.544693 9.15649986
258.296387 -230.579193 11.1442661
258.318787 -230.552063 11.2968006
258.296265 -230.587494 11.5606995
258.286499 -230.571396 11.8791666
258.340454 -230.5746 14.5771999
258.353485 -230.490707 14.6732998
258.351501 -230.332993 1.11870003
258.373108 -230.303406 1.44529998
258.308014 -230.369705 1.89859998
258.395905 -230.294205 2.14590001
258.351593 -230.306702 2.2197001
258.301666 -230.387802 4.66639996
258.209991 -230.396698 5.16069984
258.20459 -230.398499 5.32320023
258.365692 -230.365906 5.60029984
258.238312 -230.367294 14.7316999
258.202698 -228.3246 3.59380007
258.439117 -230.962433 6.4715333
258.489685 -230.870361 7.24784994
258.574493 -230.831802 12.7651997
258.511902 -230.805496 12.9161997
258.582001 -230.841751 13.1283998
258.532501 -230.870697 13.3670998
258.508911 -230.969696 13.9012003
258.452515 -230.901703 14.0056496
258.577209 -230.669693 3.91759992
258.420105 -230.781906 6.39580011
258.526611 -230.664001 6.66800022
258.472809 -230.636688 6.93914986
258.436188 -230.662796 7.07550001
258.532501 -230.689133 7.26633358
258.517395 -230.637497 9.07229996
258.488403 -230.697098 9.25990009
258.514374 -230.650864 9.55459976
258.516602 -230.715607 9.6303997
258.50647 -230.678879 9.93440056
258.511047 -230.696854 10.0673504
258.492065 -230.661301 10.3799
258.554749 -230.710251 10.5473499
258.489105 -230.711594 10.6279001
258.463165 -230.625366 10.9119005
258.487091 -230.621902 11.1029997
258.455597 -230.700851 12.4703503
258.554108 -230.785706 12.6210003
258.593292 -230.6931 13.5642996
258.505432 -230.675278 14.3051252
258.525604 -230.544998 2.82220006
258.589111 -230.599304 3.13039994
258.575409 -230.515701 3.24519992
258.499908 -230.553253 3.91790009
258.509491 -230.5056 4.24625015
258.449402 -230.4104 4.89529991
258.411713 -230.535797 5.74919987
258.578613 -230.499207 5.9394002
258.516235 -230.546753 6.12424994
258.481049 -230.584747 6.5220499
258.509399 -230.553009 6.68645
258.470764 -230.543106 6.94620037
258.579803 -230.591599 7.39750004
258.483276 -230.553955 7.52935028
258.449249 -230.453293 7.72393322
258.510315 -230.446991 7.88824987
258.416046 -230.473068 8.07283306
258.456024 -230.454559 8.31777477
258.5224 -230.445099 8.56639957
258.52417 -230.451599 8.68233967
258.539795 -230.428802 8.93550014
258.547211 -230.490906 9.02859974
258.560699 -230.536697 9.35599995
258.445862 -230.546906 11.0626507
258.489288 -230.573303 11.7728996
258.416412 -230.562195 11.9298
258.415802 -230.534607 14.6732998
258.543304 -230.290497 1.02750003
258.472595 -230.305496 1.32424998
258.565918 -230.29805 1.68059993
258.430298 -230.335999 1.96930003
258.520599 -230.333496 2.06209993
258.444611 -230.363007 2.27764988
258.454407 -230.369507 2.41849995
258.552612 -230.374405 4.63910007
258.462189 -230.376694 5.52089977
258.519989 -230.374603 5.64559984
258.55899 -230.3806 5.83120012
258.578613 -230.349106 11.3025999
258.429504 -221.314896 1.00269997
258.627899 -234.236298 14.3435001
258.674988 -231.014999 6.62440014
258.654053 -230.961639 6.1314497
258.744843 -230.888306 6.31134987
258.68515 -230.889297 6.5385499
258.746948 -230.916702 6.66660023
258.786499 -230.806793 13.1455002
258.664886 -230.922699 13.9629002
258.74881 -230.865204 14.1035995
258.688904 -230.636795 5.97770023
258.650787 -230.662399 6.54320002
258.694763 -230.640747 6.89344978
258.757141 -230.652191 7.2890501
258.698212 -230.622101 7.45660019
258.744293 -230.612793 9.24100018
258.720917 -230.696793 9.4774332
258.7323 -230.673096 9.69239998
258.681396 -230.646606 9.95250034
258.647003 -230.647003 10.1489
258.663025 -230.664169 10.2867336
258.739746 -230.732208 10.4568005
258.73349 -230.647293 10.8296003
258.721405 -230.610657 12.1696997
258.735687 -230.656494 12.4816999
258.763794 -230.730499 12.6788998
258.791412 -230.744293 13.6422997
258.628906 -230.742401 13.8114004
258.684906 -230.727203 14.0928001
258.653381 -230.714844 14.2178001
258.638489 -230.432693 1.11059999
258.73999 -230.508026 2.70756674
258.657593 -230.562454 3.30264997
258.607086 -230.539505 3.69219995
258.64801 -230.561905 3.86450005
258.620911 -230.477493 5.82480001
258.753204 -230.593597 6.90240002
258.609711 -230.567902 7.08039999
258.799805 -230.493301 7.59740019
258.66684 -230.532349 7.7098999
258.654785 -230.4319 7.87934971
258.664093 -230.438995 8.19740009
258.606201 -230.462006 8.26679993
258.668213 -230.441696 8.53725052
258.664124 -230.529251 8.93510056
258.704315 -230.463699 9.10659981
258.747101 -230.582993 9.43480015
258.658813 -230.513931 11.3460331
258.639771 -230.512756 11.74965
258.70459 -230.507401 11.9675999
258.77951 -230.535904 12.1324997
258.622986 -230.555298 12.2414999
258.710602 -230.597595 14.3123999
258.6315 -230.475693 14.6514997
258.628296 -230.315796 0.820599973
258.639404 -230.264008 1.07659996
258.769226 -230.239655 1.29804993
258.719208 -230.303101 1.81029999
258.696411 -230.2939 2.09259987
258.632935 -230.306335 2.28060007
258.796814 -230.340805 4.39099979
258.723145 -230.333252 4.52272511
258.624695 -230.367294 4.7874999
258.656494 -230.375793 4.94935036
258.758362 -230.357651 5.08205032
258.633118 -230.373047 5.23764992
258.738403 -230.328491 5.43385029
258.691803 -230.389206 5.72520018
258.647705 -230.362701 8.34879971
258.707581 -230.338806 8.89365005
258.702515 -230.354401 14.7345505
258.738647 -228.048645 3.35194993
258.790894 -227.953003 3.49180007
258.9841 -236.576706 3.18099999
258.911591 -234.143494 14.3582001
258.94809 -231.0242 13.9242001
258.850586 -230.860992 6.09630013
258.893402 -230.907104 6.32439995
258.843903 -230.822998 6.46229982
258.842987 -230.896698 6.75400019
258.812103 -230.886597 6.83279991
258.850525 -230.63501 6.72359991
258.856079 -230.682953 7.10099983
258.853699 -230.710205 7.33519983
258.884003 -230.761108 7.46860027
258.912811 -230.602707 9.70460033
258.883606 -230.707199 10.0699997
258.924927 -230.6147 10.3591003
258.988892 -230.629303 10.4816999
258.88501 -230.693695 10.6389999
258.856354 -230.730774 12.5508337
258.887939 -230.7323 13.06215
258.875366 -230.751648 13.2911997
258.835114 -230.706299 13.6105003
258.808289 -230.726593 14.1083002
258.857788 -230.624695 14.3219004
258.950989 -230.607101 14.4383001
258.979309 -230.547302 2.78740001
258.912415 -230.518738 2.8639667
258.840607 -230.516602 3.1652
258.822601 -230.531693 3.43280005
258.899994 -230.538193 4.00379992
258.954895 -230.564102 5.88759995
258.96933 -230.507095 6.30366659
258.904053 -230.567261 6.93395042
258.975891 -230.555695 7.23140001
258.934692 -230.496704 7.40329981
258.88501 -230.414993 7.92500019
258.872803 -230.426102 8.29300022
258.841248 -230.408447 8.57194996
258.837799 -230.406204 8.79800034
258.821716 -230.501953 9.06459999
258.962006 -230.565704 10.8083
258.872894 -230.490097 11.1538
258.905975 -230.50177 11.3185663
258.821686 -230.470596 11.5389996
258.884338 -230.505447 11.7191505
258.957611 -230.587296 12.2880001
258.942688 -230.580551 14.3127499
258.934601 -230.450302 14.4442997
258.861389 -230.417496 14.6873999
258.89801 -230.235397 1.06110001
258.908508 -230.251297 1.52574992
258.912201 -230.293198 1.75320005
258.966309 -230.253906 1.84529996
258.873596 -230.269196 2.07450008
258.839691 -230.331802 2.28259993
258.888397 -230.312454 2.49630022
258.933105 -230.316101 4.42339993
258.888367 -230.322098 4.71999979
258.905121 -230.312698 4.87963343
258.901947 -230.311996 5.08903313
258.966614 -230.367996 5.29309988
258.909119 -230.344971 5.46495008
258.98999 -230.321304 5.82320023
258.985504 -230.393494 7.69420004
258.911072 -230.383301 7.9224
258.817688 -230.394806 8.01109982
258.899109 -230.3741 8.26294994
258.911652 -230.29306 14.7089996
258.947113 -230.373306 14.9329004
258.888306 -230.110397 0.962400019
258.97229 -230.187698 1.08659995
258.896088 -227.210297 3.64380002
258.971313 -227.1745 3.00020003
258.906494 -227.154495 3.34990001
258.862152 -227.051834 3.53176665
258.988007 -226.619202 3.95009995
258.997803 -226.589996 3.73959994
259.185608 -232.257507 14.5866003
259.071106 -231.034195 13.2172003
259.154297 -230.822601 6.12930012
259.195709 -230.876007 6.35640001
259.0448 -230.833405 13.0293999
259.051514 -230.921402 13.6899004
259.18631 -230.904099 14.0951996
259.139801 -230.611404 6.07210016
259.05011 -230.669601 6.28179979
259.122192 -230.609848 6.46930027
259.040192 -230.715302 6.71740007
259.183289 -230.792694 7.44250011
259.054504 -230.624496 9.14659977
259.003693 -230.609802 9.26319981
259.138306 -230.654388 9.89735031
259.123596 -230.663895 10.0367002
259.057098 -230.603897 10.4390001
259.101196 -230.625351 10.8887005
259.048096 -230.626007 11.3591003
259.126343 -230.733246 12.7017002
259.112854 -230.714951 12.8908997
259.017487 -230.752106 13.1798
259.097107 -230.738403 13.2842503
259.035706 -230.681 13.5959997
259.159485 -230.765396 13.7180004
259.055115 -230.751953 13.8726997
259.18631 -230.631805 14.1758003
259.102112 -230.421295 2.76819992
259.038208 -230.456894 3.45429993
259.165405 -230.440796 3.66540003
259.129211 -230.502808 3.87893343
259.113739 -230.466644 4.09805012
259.074493 -230.468796 4.21570015
259.183197 -230.410599 5.25719976
259.05542 -230.467346 5.70874977
259.031311 -230.409103 5.82009983
259.028687 -230.575195 6.12050009
259.051208 -230.530548 6.55010033
259.078308 -230.508102 6.61509991
259.144409 -230.525803 6.91330004
259.121094 -230.572601 7.09399986
259.071655 -230.527267 7.29579973
259.12851 -230.497192 7.46759987
259.116302 -230.533401 7.63780022
259.130249 -230.501343 7.84165001
259.070404 -230.418503 8.01410007
259.012787 -230.407501 8.3828001
259.030548 -230.43866 8.54745007
259.083344 -230.440033 8.92266655
259.186707 -230.525696 9.02159977
259.105957 -230.577835 9.69583321
259.14859 -230.570007 10.1906996
259.058746 -230.590103 10.2494507
259.056396 -230.573807 10.4019003
259.087494 -230.463852 11.1646996
259.08725 -230.47641 11.2687502
259.112 -230.462708 11.5344
259.13559 -230.496399 11.6834002
259.101501 -230.476562 11.9017668
259.101501 -230.499939 12.1004
259.174408 -230.456299 12.2536001
259.011505 -230.570145 14.3530502
259.086792 -230.536804 14.4396
259.022797 -230.219604 0.99059999
259.079407 -230.242493 1.18239999
259.083252 -230.221191 1.45319998
259.02359 -230.226898 1.71990001
259.14389 -230.201599 1.94519997
259.153809 -230.231003 2.34060001
259.132202 -230.243805 2.48180008
259.072113 -230.301407 4.2185998
259.006012 -230.286194 4.55880022
259.076904 -230.288834 4.70686674
259.0914 -230.320999 5.18569994
259.186615 -230.293594 5.50699997
259.073486 -230.330002 5.7256999
259.190613 -230.318405 5.8822999
259.119568 -230.342346 7.92379999
259.132294 -230.369095 8.16919994
259.139771 -230.349686 8.33205986
259.073456 -230.388199 8.49324989
259.076294 -230.366943 8.75150013
259.10849 -230.343399 8.84449959
259.105988 -228.162201 3.25110006
259.141968 -227.053329 2.88930011
259.194489 -227.180893 3.35890007
259.114105 -227.114594 3.4302001
259.033569 -227.198303 3.63890004
259.177399 -226.853607 4.01800013
259.131714 -226.837906 4.26189995
259.122498 -226.656403 3.53730011
259.110596 -226.770401 3.70840001
259.150513 -226.712402 3.8427
259.106995 -226.651947 4.33170033
259.041901 -226.554398 3.79620004
259.191803 -226.583893 4.38969994
259.193298 -226.157898 3.00110006
259.05191 -220.111847 1.08959997
259.329529 -230.849457 7.32345009
259.214905 -230.731995 5.90409994
259.378113 -230.749695 6.30764961
259.302612 -230.705795 6.78690004
259.32959 -230.655045 6.93869972
259.279236 -230.648682 7.12077522
259.329987 -230.798004 7.32000017
259.238403 -230.603394 7.51480007
259.318207 -230.665695 9.64750004
259.379303 -230.770905 9.99359989
259.373413 -230.647095 10.3472996
259.242401 -230.768204 12.4870005
259.321289 -230.733597 13.2193003
259.3237 -230.708603 13.4252005
259.359406 -230.6651 14.1311998
259.281189 -230.419693 2.32270002
259.307648 -230.425903 2.66807508
259.281891 -230.442673 3.33069992
259.253967 -230.4328 4.12819958
259.353394 -230.530304 7.00489998
259.316284 -230.511703 7.55385017
259.293304 -230.414597 8.6413002
259.282806 -230.589798 10.0365
259.284027 -230.556198 10.3151245
259.281067 -230.536606 10.46805
259.226898 -230.539703 10.8732004
259.31192 -230.474213 11.0949993
259.298035 -230.45755 11.2930498
259.313751 -230.423004 11.6137505
259.385986 -230.4048 11.9218998
259.361786 -230.459702 12.2660999
259.31311 -230.510498 14.3658504
259.273804 -230.559692 14.5983
259.208405 -230.205704 1.03279996
259.387207 -230.207901 1.49310005
259.399902 -230.214096 1.76209998
259.322906 -230.224594 2.20760012
259.351196 -230.324402 2.57669997
259.282959 -230.35376 4.29100037
259.240601 -230.273499 4.704
259.265015 -230.301239 5.1177001
259.25528 -230.305161 5.31013346
259.308838 -230.293701 5.56550026
259.299561 -230.349945 5.66820002
259.297791 -230.386505 7.67670012
259.288788 -230.335693 7.80259991
259.257416 -230.348389 8.11244965
259.308777 -230.357697 8.29253292
259.313599 -230.337097 8.43859959
259.302643 -230.364258 8.71644974
259.34375 -230.341309 8.87504959
259.317291 -230.388702 9.25049973
259.3815 -230.348602 11.1091003
259.306702 -230.382706 11.5733995
259.226318 -230.293243 14.71175
259.230499 -230.212402 14.8912001
259.295898 -230.174194 0.90259999
259.272247 -230.189651 1.30610001
259.335205 -230.185303 1.59249997
259.395508 -230.196899 1.72759998
259.210602 -228.207397 2.76130009
259.270355 -228.295853 2.90759993
259.269104 -228.049698 3.12879992
259.250885 -227.690094 3.79489994
259.287415 -227.634399 4.08640003
259.24939 -227.557495 3.91210008
259.225494 -227.2621 3.26259995
259.234497 -227.032394 2.78929996
259.229401 -227.08255 2.88529992
259.284088 -227.058395 3.19770002
259.344604 -227.040604 3.73320007
259.388702 -227.041306 4.2894001
259.293915 -226.924194 2.77130008
259.33371 -226.947403 3.0381999
259.253204 -226.952103 3.4835
259.273193 -226.846893 3.75390005
259.315002 -226.855499 3.9691999
259.301331 -226.945557 4.07222509
259.326843 -226.902649 4.25099993
259.291687 -226.631805 3.43580008
259.203796 -226.725006 3.63520002
259.297394 -226.767502 4.12150002
259.347168 -226.718445 4.29030037
259.305298 -226.753998 4.54939985
259.363586 -226.236404 3.42709994
259.277008 -226.100647 2.82354999
259.304688 -226.181107 3.23830009
259.244202 -222.872803 0.982800007
259.440308 -231.992996 13.1908998
259.40921 -230.828201 6.4689002
259.492188 -230.602203 5.81809998
259.433105 -230.674896 6.0704999
259.568695 -230.729401 6.64510012
259.410889 -230.715607 6.829
259.492401 -230.744003 7.30219984
259.504395 -230.740906 7.50180006
259.538635 -230.659363 9.67415047
259.467896 -230.608994 10.1477003
259.424896 -230.667694 10.5643997
259.478485 -230.6026 10.6618996
259.483887 -230.656494 10.8806
259.471588 -230.691696 12.3076
259.516998 -230.669296 12.9225998
259.524292 -230.740005 13.1296997
259.487946 -230.746613 13.2665997
259.460144 -230.694702 13.5227499
259.432098 -230.7724 13.6822996
259.479431 -230.442139 2.88175011
259.443115 -230.559494 6.77629995
259.494659 -230.519348 6.89589977
259.411987 -230.528595 7.02950001
259.540894 -230.485703 7.60650015
259.474213 -230.558594 9.32629967
259.462708 -230.540207 9.54769993
259.572998 -230.578995 9.69839954
259.428497 -230.556396 10.1396999
259.430115 -230.544403 10.3648996
259.587799 -230.575195 10.5998001
259.565704 -230.569901 10.7126999
259.461914 -230.460693 10.8656998
259.447296 -230.44191 11.0899
259.538513 -230.419342 11.2593002
259.480011 -230.4245 11.4469995
259.454315 -230.434601 11.9164
259.500854 -230.451599 12.0877495
259.528412 -230.488403 12.4203997
259.46521 -230.574905 14.1695995
259.560089 -230.442459 14.5271006
259.468903 -230.264206 1.04250002
259.550812 -230.2043 2.10579991
259.477814 -230.2854 2.28789997
259.515015 -230.353607 4.16429996
259.557251 -230.356354 4.25379992
259.497192 -230.254105 4.73789978
259.521851 -230.232758 5.16575003
259.485901 -230.212097 5.20959997
259.467834 -230.276947 5.52579975
259.494293 -230.329849 5.75360012
259.562408 -230.3414 5.87599993
259.475769 -230.324081 7.71424007
259.500488 -230.245255 8.07505035
259.466797 -230.313995 8.21080017
259.562195 -230.257706 8.48740005
259.403809 -230.3358 8.72049999
259.466797 -230.302597 8.81559944
259.430511 -230.348099 9.07509995
259.510498 -230.383194 11.1763
259.586395 -230.363098 11.3319998
259.592896 -230.330704 12.0018997
259.536713 -230.121796 0.757000029
259.503662 -230.164047 0.947450042
259.478577 -230.16626 1.06115007
259.553009 -230.150696 1.55019999
259.598785 -230.1754 1.79820001
259.460999 -230.1548 1.95319998
259.437592 -230.164505 14.8664999
259.474915 -227.866898 3.04450011
259.5802 -227.393295 3.7980001
259.460114 -227.038803 3.87639999
259.465088 -227.048401 4.3677001
259.584015 -226.922195 4.00169992
259.456177 -226.92334 4.36819983
259.530396 -226.890594 4.5309
259.414795 -226.776306 3.72790003
259.559448 -226.701447 3.83790016
259.431305 -226.784805 4.52390003
259.559875 -226.255646 2.67630005
259.54126 -226.298065 2.85976672
259.586914 -226.311295 3.01530004
259.512787 -226.274384 3.2623601
259.499695 -226.300461 3.48766661
259.4487 -226.167404 3.14840007
259.552612 -226.133698 3.58590007
259.655914 -230.712097 7.08659983
259.672485 -230.708694 7.30070019
259.731293 -230.644699 10.5783997
259.689911 -230.6483 12.6479998
259.642792 -230.675293 13.9491997
259.66391 -230.471207 5.6402998
259.7229 -230.4478 6.65490007
259.670898 -230.445999 7.19010019
259.678192 -230.416107 7.68349981
259.669708 -230.427902 8.87860012
259.684021 -230.483093 9.07964993
259.710846 -230.551056 9.34320068
259.721954 -230.517395 9.55025005
259.636688 -230.565308 9.72490025
259.764282 -230.51474 9.88965034
259.688599 -230.460907 10.0838003
259.702209 -230.5354 10.2005997
259.765686 -230.479996 10.6722002
259.668091 -230.428802 11.2672005
259.683105 -230.415497 11.6564503
259.69989 -230.425598 11.8698997
259.781403 -230.538406 12.3045998
259.641052 -230.497192 12.4240494
259.72229 -230.593903 12.9777002
259.699585 -230.573105 13.5475998
259.635406 -230.479507 14.2907
259.609894 -230.273193 2.24329996
259.679199 -230.340195 2.86380005
259.650299 -230.375702 3.02559996
259.686096 -230.357407 3.62190008
259.68103 -230.24733 4.32976675
259.642944 -230.226562 5.08405018
259.674042 -230.211609 5.34054995
259.660797 -230.233002 5.48423338
259.778992 -230.327896 5.79879999
259.795502 -230.287094 6.47139978
259.717957 -230.28215 6.9236002
259.731689 -230.371796 7.04300022
259.773041 -230.289246 7.30749989
259.754456 -230.253403 7.4201498
259.662903 -230.325027 7.72266674
259.621002 -230.335007 7.84100008
259.670074 -230.321732 8.13863373
259.623688 -230.266495 8.37360001
259.733398 -230.283569 8.50816631
259.675201 -230.229996 8.68330002
259.708008 -230.290497 8.86610031
259.624207 -230.366394 9.04500008
259.640808 -230.311401 11.0970001
259.743042 -230.369766 11.2876997
259.678101 -230.380997 11.8086004
259.766998 -230.382507 12.0186005
259.748108 -230.334595 12.7228003
259.747314 -230.381607 14.2143002
259.717987 -230.042603 0.723100007
259.764465 -230.132797 1.09345007
259.688995 -230.112106 1.31229997
259.721924 -230.115952 1.52639997
259.790192 -230.138107 2.20819998
259.620697 -230.195404 2.48869991
259.767303 -230.169098 4.78359985
259.6362 -230.085403 15.0146999
259.798615 -229.835297 2.62969995
259.724304 -229.829803 5.96700001
259.773102 -229.949905 9.05679989
259.695709 -229.747604 2.89599991
259.787811 -229.717499 3.06570005
259.793396 -226.875397 4.13859987
259.743408 -226.928207 4.24450016
259.780914 -226.829102 4.40850019
259.710846 -226.708496 3.90603328
259.660461 -226.703857 4.15814972
259.706238 -226.759171 4.43733311
259.762909 -226.542801 2.8375001
259.69809 -226.458435 3.52640009
259.775208 -226.508942 3.7184
259.651215 -226.535599 3.80559993
259.739288 -226.585098 4.14979982
259.654297 -226.305054 2.90810013
259.727692 -226.396805 3.06010008
259.731415 -226.308502 3.3822
259.703613 -226.269669 3.50023341
259.795502 -225.722595 0.950900018
259.967712 -232.190201 14.5979996
259.865814 -230.417297 8.15139961
259.868896 -230.447296 9.93719959
259.883209 -230.432297 10.1317997
259.913757 -230.429291 11.8966503
259.865814 -230.530594 13.3782997
259.875885 -230.553604 13.5108995
259.886597 -230.474457 14.4475002
259.915314 -230.242401 5.26789999
259.895294 -230.2108 5.57670021
259.83725 -230.20874 5.7017498
259.983795 -230.230804 6.56960011
259.927399 -230.264099 6.72720003
259.851196 -230.236694 6.97109985
259.943115 -230.261948 7.11530018
259.864441 -230.316895 7.5019002
259.909241 -230.247055 7.68540001
259.912994 -230.265106 7.9842
259.860229 -230.2771 8.08500004
259.804108 -230.256897 8.23519993
259.921417 -230.241806 8.70053387
259.899811 -230.257217 8.91022491
259.849304 -230.289902 9.26399994
259.838806 -230.365005 9.48209953
259.865509 -230.286346 10.3550501
259.882202 -230.354004 10.4473991
259.913086 -230.334396 10.6570997
259.860962 -230.336487 10.9451504
259.898102 -230.312195 11.1192999
259.913361 -230.341705 11.2678251
259.958618 -230.32666 11.4395504
259.880341 -230.369141 11.7233505
259.997101 -230.338196 11.9783001
259.947998 -230.242203 12.4230003
259.985901 -230.358902 12.6133003
259.881805 -230.238098 12.8147001
259.94928 -230.313995 13.4874001
259.961456 -230.361206 13.8708
259.946594 -230.073196 0.994700015
259.875488 -230.10965 1.16579998
259.962006 -230.129593 1.20799994
259.876587 -230.109741 1.50886667
259.920532 -230.115112 1.68799996
259.902649 -230.123352 1.87339997
259.873962 -230.144409 2.34630013
259.902191 -230.130203 2.45580006
259.973206 -230.126099 2.6027
259.870789 -230.1819 3.05349994
259.977386 -230.173599 4.81139994
259.864807 -230.195801 5.39690018
259.859497 -230.003006 5.91769981
259.869812 -230.175095 8.59309959
259.842834 -230.09549 8.88490009
259.993988 -230.119095 13.0620003
259.973907 -230.066193 14.7961998
259.842499 -229.979401 2.61999989
259.956543 -229.825333 5.93760014
259.921021 -229.846191 6.14665031
259.967804 -229.8004 6.2974
259.92218 -229.866852 9.24094963
259.882202 -229.980301 12.5775003
259.829498 -229.932007 12.7608004
259.809204 -229.759293 2.62989998
259.895203 -229.733002 2.82570004
259.816711 -229.775406 3.05839992
259.894226 -229.729492 6.14529991
259.972687 -227.097 2.64359999
259.927795 -226.955307 2.73399997
259.960297 -226.877106 4.36910009
259.932404 -226.869446 4.53625011
259.891815 -226.721695 2.7808001
259.929749 -226.6297 3.85965014
259.82431 -226.650696 4.08150005
259.933289 -226.6259 4.29155016
259.9664 -226.734451 4.49849987
259.883606 -226.409805 2.99850011
259.890808 -226.511002 3.01740003
259.859375 -226.479797 3.25691986
259.81189 -226.546204 3.80559993
259.930786 -226.516602 4.7803998
259.803497 -226.522903 4.8499999
259.800995 -226.293594 3.37210011
259.820709 -226.256302 3.50430012
