# .PCD v0.7 - Point Cloud Data file format
VERSION 0.7
FIELDS x y z
SIZE 4 4 4
TYPE F F F
COUNT 1 1 1
WIDTH 18046
HEIGHT 1
VIEWPOINT 0 0 0 1 0 0 0
POINTS 18046
DATA ascii
60.0293999 -39.6786995 -0.896700025
60.1875 -39.4858017 -0.987100005
60.0777016 -39.2532997 -0.959599972
60.0644989 -38.9258003 -0.985199988
60.0597 -38.6459007 -1.0043
60.1352005 -38.5084991 -1.05359995
60.0917511 -38.2194519 -1.04865003
60.1058998 -38.3712006 -0.992999971
60.1871986 -37.9179001 -1.04289997
60.0769005 -37.4916 -1.04949999
60.1469994 -37.3188019 -1.07019997
60.0997658 -37.1548996 -1.03659999
60.0182991 -36.725502 -1.0453999
60.0228996 -36.7736015 2.1652
60.0833015 -36.6198997 2.42079997
60.1285019 -36.5410004 -1.07735002
60.1209984 -36.5810013 2.33290005
60.1198006 -36.4323997 3.38779998
60.1397476 -36.3230972 -1.05474997
60.1562271 -36.3316994 3.25294995
60.1140518 -36.1172028 -1.1092999
60.1588516 -36.1109009 2.14260006
60.0782013 -36.1535988 2.97490001
60.1449013 -35.9738007 -1.24660003
60.1430016 -35.9833984 -1.06449997
60.1128006 -35.9132004 -0.940599978
60.1888008 -35.9957008 2.25909996
60.1383018 -35.9216003 2.73900008
60.1293488 -35.6980972 -1.09599996
60.1411018 -35.6208992 2.02259994
60.0550003 -35.4901009 0.593800008
60.0194473 -35.4346008 0.969300032
60.033699 -35.4597015 1.17060006
60.1110001 -35.450119 1.29186666
60.1847992 -35.4855003 1.58019996
60.1006508 -35.4392014 1.9607501
60.1761017 -35.4986 2.02200007
60.1594009 -35.2369003 -1.11150002
60.0849991 -35.324501 1.31150007
60.0882492 -35.3764 1.88925004
60.0038986 -35.3207016 2.05909991
60.1267014 -35.0312996 -1.14989996
60.0603981 -35.0183983 1.32770002
60.1520996 -35.0858002 1.76639998
60.1757507 -35.1179008 1.86954999
60.1232986 -34.8752518 1.14684999
60.1020508 -34.8634491 1.26020002
60.0681992 -34.854599 1.69534993
60.0797005 -34.699501 -1.14240003
60.0735016 -34.6567001 1.19230008
60.0994415 -34.7350578 1.2852
60.058548 -34.7238998 1.48865008
60.1539345 -34.746933 1.66526663
60.0522003 -34.7062988 1.86815
60.0856018 -34.4658508 -1.16184998
60.0351143 -34.4520874 1.1149714
60.0988007 -34.5868988 1.29040003
60.0494995 -34.3372002 1.11329997
60.1568985 -34.358799 1.77020001
60.0920258 -34.3302994 1.90157497
60.0691986 -34.2787743 2.14330006
60.145401 -34.2609024 2.28710008
60.0197983 -34.3352013 2.42050004
60.1991997 -34.2084999 2.71469998
60.1574478 -34.0867996 -1.13925004
60.1353989 -34.0678978 1.53079998
60.1288986 -34.0874481 1.74617505
60.0453987 -34.0812683 1.87553334
60.0233994 -34.1987 2.02979994
60.1888008 -34.0542984 2.35339999
60.1855011 -34.0306015 2.58150005
60.1262741 -34.0967255 2.70552492
60.09515 -34.0414009 2.88569999
60.1526985 -33.9367981 -1.14549994
60.1040001 -33.9566345 1.35323334
60.1309013 -33.8819809 1.50354004
60.1317978 -33.9113998 1.70582497
60.0831985 -33.972702 1.83233333
60.1595001 -33.8717003 2.58470011
60.1478004 -33.9990997 2.63569999
60.0920258 -33.9047012 2.9073751
60.0695 -33.8837509 3.02535009
60.1856995 -33.7243996 -1.18289995
60.1936989 -33.787899 1.44169998
60.0559654 -33.7336998 2.89286661
60.1884995 -33.6144981 3.07259989
60.0129013 -33.4496994 -1.14619994
60.1781006 -33.4984016 3.04920006
60.0971985 -33.5262489 3.26060009
60.1982994 -33.3851013 -1.24109995
60.1526985 -33.3445015 3.21539998
60.0561981 -33.0574989 -1.1832
60.1381989 -32.9396019 -1.07840002
60.1152992 -32.7314987 -1.17639995
60.1501999 -32.5814018 -1.20000005
60.0508995 -32.2098999 -1.23230004
60.103199 -31.8008003 -1.26020002
60.0203018 -31.6707993 -1.20099998
60.0063019 -31.2798996 -1.27380002
60.0577011 -31.0821991 -1.30690002
60.1082001 -30.8801994 -1.25279999
60.0694656 -30.8389664 2.9161334
60.1936989 -30.6070995 -1.30309999
60.0954285 -30.6760292 2.90691423
60.0931015 -30.4820004 -1.24940002
60.1795006 -30.5067005 2.8296001
60.1099014 -30.3341007 -1.28709996
60.0023994 -30.2861004 2.49070001
60.0654984 -30.3377991 2.76279998
60.1306 -30.2852993 2.91213346
60.0606995 -30.1772995 -1.30569994
60.0948486 -30.1349487 2.91090012
60.0942345 -29.8540993 -1.27479994
60.1599007 -29.8791008 2.81550002
60.113102 -29.6836319 2.77223325
60.0987015 -29.4395008 2.59680009
60.1224022 -29.489399 2.69976664
60.1094017 -29.2929001 -1.32050002
60.1693993 -29.3507996 2.59969997
60.1464767 -29.2915001 2.656075
60.0918999 -29.3340492 2.89779997
60.0638008 -29.3782997 3.11330009
60.1715469 -29.0804005 -1.31100011
60.0853996 -29.1681004 2.67549992
60.1082001 -29.1604996 2.99469995
60.1316986 -29.0734005 3.31699991
60.0826988 -28.9099007 -1.34159994
60.024601 -28.9342003 1.972
60.1573982 -28.9512005 3.2270999
60.1644974 -28.8957996 3.45289993
60.0042992 -28.7507 1.74730003
60.0297661 -28.6716671 1.91260004
60.1278343 -28.691433 3.35089993
60.0774002 -28.7098999 3.40350008
60.0762482 -28.5018501 2.97515011
60.0623016 -28.5863991 3.0322001
60.0929375 -28.4713802 3.33096004
60.040699 -28.2748508 2.54900002
60.118 -28.3193016 2.66230011
60.1032486 -28.2895737 3.34047508
60.0676994 -28.0832005 -1.33599997
60.0721397 -28.0929794 3.33884001
60.1795998 -28.0319996 3.41529989
60.0609016 -27.9172001 -1.35950005
60.0028 -27.8572006 2.79329991
60.036499 -27.8373661 2.9041667
60.0681 -27.9085999 3.14564991
60.0976982 -27.8859596 3.31193995
60.1683006 -27.9380989 3.41499996
60.1080322 -27.6832333 2.95903325
60.1738014 -27.6189003 3.13030005
60.1380005 -27.7646503 3.29299998
60.0471001 -27.4622002 -1.37349999
60.0905495 -27.5579491 2.94124985
60.1306992 -27.5396004 3.03690004
60.1688995 -27.5771008 3.21760011
60.1730003 -27.3106995 -1.45490003
60.0479012 -27.3962994 -1.30970001
60.0161018 -27.3771992 3.05259991
60.1887016 -26.9955006 -1.42799997
60.0970001 -25.8971996 -1.48520005
60.1999016 -25.6217003 1.74039996
60.1791 -25.6077003 1.86520004
60.1498985 -25.6128998 2.0302999
60.1198273 -25.4816246 1.73092508
60.1545486 -25.4855003 1.83025002
60.1343651 -25.2702675 -1.49016666
60.072998 -25.2973995 1.32128334
60.0983009 -25.3486004 1.78009999
60.0615349 -25.2581997 1.86856663
60.1202011 -25.0599995 -1.47379994
60.1089478 -25.0684013 1.19724989
60.0888748 -25.1324749 1.26874995
60.1887016 -25.1147995 1.41270006
60.0856667 -25.0765667 1.71773338
60.0625992 -25.1281338 1.9073
60.0960159 -24.9386673 1.13121665
60.1284409 -24.9416199 1.25144005
60.0677032 -24.894001 1.67275
60.1226273 -24.8798256 1.89170003
60.009201 -24.7756996 1.15830004
60.1939011 -24.7411003 1.20150006
60.0922012 -24.7022991 1.75026667
60.1332359 -24.6473007 1.86800003
60.0565987 -24.5013504 -1.45414996
60.0219994 -24.4622002 0.951799989
60.0228996 -24.4671001 1.06560004
60.0592995 -24.5606499 1.71219993
60.155201 -24.4958992 1.87409997
60.0775681 -24.4971008 2.38026667
60.12714 -24.5155869 2.50903749
60.0903015 -24.5335999 2.68165016
60.1190491 -24.2623997 -1.52489996
60.0191002 -24.2775993 0.952999949
60.0816994 -24.338501 1.73210001
60.0575981 -24.3236008 1.85309994
60.1851997 -24.3402004 2.39050007
60.1324005 -24.3009491 2.4467001
60.1716003 -24.1385002 2.14330006
60.0680771 -24.0717506 2.31822491
60.0982323 -24.1127663 2.46720004
60.0944977 -23.865942 1.50991428
60.1682663 -23.8460999 1.63523328
60.0506516 -23.8821983 2.16030002
60.1453018 -23.9631996 2.27740002
60.1464005 -23.6457996 -1.54770005
60.0504494 -23.7047501 1.49650002
60.0564995 -23.7198009 1.64400005
60.0533981 -23.7351494 2.18634987
60.0662003 -23.7929001 2.20359993
60.078701 -23.4382 1.25209999
60.0390015 -23.4298992 1.49870002
60.0593491 -23.2780991 1.12674999
60.119175 -23.2819633 1.30229998
60.1894989 -23.2371006 1.48679996
60.0456009 -23.1408329 1.08800006
60.1423988 -23.0020008 1.2378
60.1178513 -22.9412498 -1.54410005
60.0225983 -22.5396004 -1.54079998
60.1305008 -22.3917999 -1.58630002
60.1455002 -22.0960007 -1.60959995
60.1122017 -22.1665993 -1.57690001
60.0862999 -21.8710003 -1.60080004
60.1323509 -21.9304008 -1.56589997
60.0960999 -21.6033001 -1.57509995
60.037899 -21.4565506 2.32780004
60.0423012 -21.2427006 -1.65079999
60.1426315 -21.2228012 2.16106653
60.0345993 -21.3444996 2.23846674
60.0838013 -21.3971004 2.40339994
60.066658 -21.1400394 1.65266001
60.0238991 -21.059 1.83739996
60.1596985 -20.9030991 -1.59070003
60.1207504 -20.891901 1.52482498
60.0413513 -20.8042488 1.66914999
60.1643982 -20.6060009 1.3017
60.0710526 -20.6943016 1.71294999
60.0447998 -20.5366993 1.36360002
60.0113983 -20.4533997 1.49360001
60.1363983 -20.5503998 1.63600004
60.0026016 -20.2870007 0.612100005
60.0037994 -20.2609997 0.977699995
60.0530014 -20.2092991 1.31830001
60.1859016 -20.2091007 1.64289999
60.0325012 -20.132 0.849600017
60.1434479 -20.0131989 1.48409998
60.2011986 -39.8036995 -1.02779996
60.2895012 -39.9425011 -0.959900022
60.2364006 -39.6035995 -1.02069998
60.2542 -39.6376991 -0.966499984
60.3815002 -39.513401 -0.973100007
60.214901 -39.2994995 -1.04180002
60.2851982 -39.3166008 -0.984499991
60.2882996 -38.718399 -1.02429998
60.2220993 -38.2462006 -1.03999996
60.2521973 -38.3132515 -0.964100003
60.2844009 -38.1288986 -1.05690002
60.2461014 -38.1478004 -0.972199976
60.3203011 -37.9146996 -1.02530003
60.2083015 -37.6725006 -1.06900001
60.325901 -37.0633011 2.50289989
60.2631531 -36.9829025 -1.07159996
60.3460999 -36.9199982 2.38120008
60.3483658 -36.9434013 2.43720007
60.3381729 -36.6583252 2.12072492
60.253849 -36.6500511 2.42019987
60.350502 -36.7108498 3.5069499
60.3787994 -36.5882988 -1.06449997
60.3381996 -36.5747986 1.97409999
60.3476028 -36.5450516 2.06939983
60.3078499 -36.4649506 2.29885006
60.3300018 -36.5886002 2.46149993
60.2778473 -36.4337006 3.26179981
60.3599014 -36.5536995 3.41470003
60.2352982 -36.2801018 -1.0747
60.2187004 -36.2542992 2.03349996
60.2588501 -36.3616028 2.32159996
60.3846016 -36.3666992 3.15619993
60.2094994 -36.3373985 3.23219991
60.3246002 -36.0028992 1.84590006
60.3096008 -36.0569344 2.09946656
60.3296509 -36.1560974 2.29715014
60.3320808 -36.15588 3.10669994
60.2979012 -35.9071999 -1.11800003
60.2081985 -35.9901009 1.9964
60.3061981 -35.8820992 2.06255007
60.3544006 -35.9760017 2.89689994
60.3894005 -35.8417015 3.43319988
60.3614006 -35.6549988 -1.11269999
60.2751999 -35.6241989 2.2723999
60.2811966 -35.7761993 2.52515006
60.2801323 -35.4886665 1.38526666
60.3497009 -35.4681244 1.51487494
60.2840996 -35.4730988 2.2500999
60.3527985 -35.3726006 -1.14180005
60.3739014 -35.3804016 1.51419997
60.3432999 -35.2723999 1.60660005
60.3095322 -35.2967682 1.89226663
60.2173004 -35.3512001 2.36750007
60.2500992 -35.0008011 -1.15429997
60.3903008 -35.0550499 1.83790004
60.3395996 -34.8857498 1.70070004
60.2802505 -34.6462479 -1.13809991
60.3041 -34.6624985 1.10080004
60.2591476 -34.7364998 1.30130005
60.2635651 -34.6869011 1.54756665
60.2949982 -34.7589989 1.60239995
60.3600006 -34.7619019 1.85010004
60.2935982 -34.7373009 2.07660007
60.3173981 -34.6629486 2.71155
60.2691994 -34.5898018 1.07850003
60.218399 -34.4132996 1.75479996
60.3367004 -34.4881516 1.88144994
60.2887993 -34.5712013 2.08450007
60.3802986 -34.5196991 2.51379991
60.300499 -34.490799 2.74239993
60.3106995 -34.5038528 2.90144992
60.3709984 -34.3675995 1.59420002
60.3129654 -34.3276024 1.7301333
60.2425003 -34.3528023 1.89106667
60.3189659 -34.3591347 2.1044333
60.3450012 -34.2182007 2.68289995
60.2770996 -34.3828011 2.8822
60.3148003 -34.0606995 -1.28629994
60.3562012 -34.1907005 -1.17429996
60.2727013 -34.0531006 1.21469998
60.3614006 -34.024601 1.45659995
60.2315521 -34.085701 1.69650006
60.2137527 -34.1364975 1.90059996
60.3498001 -34.0820007 2.32415009
60.2813759 -34.0809021 2.48707485
60.2274017 -34.0004005 2.7980001
60.338501 -34.0456009 2.83839989
60.3778992 -33.8005981 1.32959998
60.3027611 -33.8714409 1.52124
60.2112999 -33.8639984 1.73080003
60.3154984 -33.9813004 2.38409996
60.3043518 -33.9720497 2.50629997
60.2963486 -33.9538498 2.69269991
60.2514992 -33.8930969 2.94684982
60.3338013 -33.873951 3.10409999
60.3112984 -33.9185982 3.2098999
60.2961998 -33.7631989 1.54680002
60.3505478 -33.7081528 2.96495008
60.2947502 -33.6891327 3.06200004
60.3219261 -33.5173759 3.14715004
60.2247009 -33.5195999 3.21869993
60.3251266 -33.3376999 3.29940009
60.3204994 -33.1664009 -1.16470003
60.3540993 -33.1764984 3.30690002
60.3416519 -32.921402 -1.21385002
60.207901 -32.8869019 -1.17540002
60.2080002 -32.3862 -1.23010004
60.3754997 -32.1259003 -1.24240005
60.3787003 -32.1805992 -1.19439995
60.2854996 -31.6331501 -1.25835001
60.3522034 -31.4491501 -1.25204992
60.2873497 -31.2971001 -1.25119996
60.2178993 -31.0984001 -1.26380002
60.2457008 -30.9622002 -1.24919999
60.2112007 -30.8798008 2.9842999
60.3504982 -30.6396008 -1.27939999
60.2358017 -30.7354012 2.92492008
60.2499008 -30.7047997 3.03859997
60.3213501 -30.4737015 2.96640015
60.2897987 -30.4676991 3.02329993
60.2952003 -30.3234005 2.7973001
60.2833252 -30.2688503 2.86232495
60.2644501 -30.0860004 2.75349998
60.2756996 -30.138567 2.85146666
60.3027 -29.9141006 -1.32480001
60.2969017 -29.9934006 2.78299999
60.2499008 -29.6954002 -1.35880005
60.2737732 -29.7613258 2.7729249
60.3528976 -29.71525 2.81314993
60.2820511 -29.4959984 -1.32940006
60.2774429 -29.4759865 2.70584297
60.2242012 -29.2560005 -1.37380004
60.2727661 -29.3164673 2.54103327
60.2967987 -29.2481499 2.68292499
60.2987518 -29.3028488 2.90595007
60.3153992 -29.1371002 2.7342999
60.2897987 -29.1774006 2.8197
60.2568512 -29.1182995 3.09497499
60.3825989 -29.1567993 3.26799989
60.2812996 -28.9902992 3.26200008
60.2729988 -28.6254997 -1.38390005
60.2589989 -28.7936001 2.8684001
60.2975998 -28.6154003 3.08470011
60.2909813 -28.6753006 3.29162002
60.3061523 -28.6661987 3.49475002
60.2988586 -28.5099564 2.70584297
60.3528671 -28.4738007 2.85826683
60.2884521 -28.499649 3.12260008
60.3031807 -28.49296 3.32642007
60.2389984 -28.5624008 3.4677999
60.3418007 -28.3404007 2.75180006
60.3082161 -28.3372345 3.36049986
60.323349 -28.3156509 3.45585012
60.3324013 -28.1170998 -1.3628
60.2196007 -28.0891495 3.42294979
60.2529984 -27.9557991 -1.37699997
60.2578812 -27.8503189 3.43370008
60.2921982 -27.5689011 -1.38459992
60.2903976 -27.4657497 3.12489986
60.2252007 -25.8787994 1.77170002
60.2929153 -25.8364334 1.9040333
60.2676506 -25.7210999 1.76209998
60.2865868 -25.6692276 1.86084282
60.3521652 -25.7147007 2.02936673
60.273365 -25.4847336 -1.45253336
60.2579002 -25.5249996 1.79709995
60.2638664 -25.5603333 1.88443339
60.2089996 -25.5114002 2.00480008
60.2893982 -25.2472992 1.36399996
60.2551003 -25.2511005 1.77629995
60.3460007 -25.0149002 0.949199975
60.347599 -25.1478004 1.06459999
60.237999 -25.1706009 1.52409995
60.3688011 -25.0918007 1.74129999
60.3017273 -25.0608501 1.84909999
60.3085022 -24.9187508 -1.48852503
60.2921982 -24.9177666 1.12399995
60.3179016 -24.8799667 1.23706663
60.316433 -24.9594994 1.76863325
60.3081512 -24.8965492 1.85315001
60.2420006 -24.6828995 -1.51540005
60.2804985 -24.7202663 1.13929999
60.2721329 -24.7222004 1.84276664
60.2067986 -24.6350994 2.09960008
60.3520012 -24.4090004 -1.48670006
60.2294998 -24.4358006 2.53329992
60.2194977 -24.4661503 2.65184999
60.2378006 -24.2057495 2.43825006
60.3436012 -24.0020008 -1.56490004
60.2379341 -24.0461655 1.51233327
60.3138199 -24.0897808 2.48600006
60.2528 -23.9186001 -1.55659997
60.2983017 -23.9606495 1.67674994
60.279953 -23.8680992 2.15595007
60.2813988 -23.6746998 1.42809999
60.2226982 -23.4342003 1.35699999
60.3947983 -23.2247009 -1.54799998
60.2471008 -23.2653008 1.05180001
60.2742996 -23.2859802 1.31765997
60.3065987 -22.3416996 -1.57350004
60.3838005 -22.0888004 -1.63549995
60.3959999 -21.8796997 -1.58609998
60.3408012 -21.3010998 1.47710001
60.3949013 -21.2791004 1.9375
60.3237991 -21.2850494 2.12874985
60.2903976 -21.2618999 2.23690009
60.3148994 -21.1966 -1.60450006
60.3037987 -21.0788498 1.47490001
60.3095016 -21.0903015 2.05122495
60.3311348 -21.1173325 2.32936668
60.3969002 -20.8435993 1.25699997
60.2030983 -20.9423008 1.63900006
60.3865013 -20.6630993 -1.68369997
60.2588997 -20.7413998 1.17320001
60.3156013 -20.7786007 1.21179998
60.2178993 -20.7996998 1.48380005
60.292141 -20.7053394 1.66035998
60.3209991 -20.4610004 -1.67159998
60.2889671 -20.5051003 1.64929998
60.2971497 -20.3262997 -1.62109995
60.2935982 -20.2619667 1.46299994
60.3849983 -20.0643005 -1.671
60.3792992 -20.1828995 1.28400004
60.263649 -20.0750504 1.4964
60.4864006 -38.8167992 -0.962499976
60.4033012 -38.6791 -0.980300009
60.5617981 -38.4047012 -1.07360005
60.4023018 -37.9107018 -1.08029997
60.4353981 -36.8025017 2.40709996
60.5452003 -36.6715012 2.14429998
60.4562988 -36.6931 2.39380002
60.4708328 -36.6984673 2.46843338
60.4773483 -36.6705475 3.53259993
60.4832993 -36.5918999 2.38840008
60.4557991 -36.4557991 2.41880012
60.4936981 -36.4925995 3.33759999
60.5155487 -36.4910011 3.46322489
60.5208015 -36.2723007 2.37919998
60.5262527 -36.3615494 2.45905018
60.4810486 -36.2669983 3.09605002
60.514801 -36.2523003 3.2627666
60.5952988 -36.3737984 3.56509995
60.5295982 -36.2616005 3.79859996
60.5363007 -36.1078987 -1.15450001
60.5904007 -36.0503006 2.26309991
60.4911995 -36.145134 3.10189986
60.4295998 -36.0848999 3.28189993
60.5245018 -36.0472984 3.5532999
60.4450989 -35.8518982 1.65269995
60.4150009 -35.8823013 1.89359999
60.4651985 -35.9948997 2.33929992
60.5769997 -35.9073982 2.9065001
60.5513 -35.9998016 3.57690001
60.5903015 -35.739399 -1.13329995
60.5695992 -35.6067009 1.09210002
60.5943985 -35.7807007 1.88279998
60.5091476 -35.6900482 2.52094984
60.5577354 -35.4755325 1.10940003
60.5695992 -35.4586983 1.20019996
60.4585495 -35.5016479 1.48795009
60.5101318 -35.4746323 1.65890002
60.4001999 -35.4864006 1.91170001
60.5519981 -35.5028992 2.3914001
60.4300995 -35.5660019 2.42440009
60.5365982 -35.2257004 -1.13180006
60.5900002 -35.3989983 1.72119999
60.5750008 -35.2610474 1.89389992
60.4454994 -35.3324013 2.36409998
60.5502014 -35.1711006 1.59119999
60.5027313 -35.0934334 1.74693334
60.4137001 -35.0746002 1.82729995
60.4252014 -35.158699 2.00460005
60.5783997 -35.0890007 2.49720001
60.4716988 -34.8080978 0.872850001
60.4542007 -34.8815002 1.11059999
60.5429649 -34.8197021 1.27320004
60.46735 -34.8526001 1.48175001
60.5392494 -34.813652 1.73865008
60.4847984 -34.9207497 1.83800006
60.4225006 -34.8684998 2.00889993
60.5126991 -34.8698006 2.44164991
60.4857216 -34.6996384 0.920000017
60.5165825 -34.698967 1.05126667
60.4719009 -34.6808014 1.2069
60.516468 -34.7182007 1.49290001
60.5020485 -34.6787491 1.66509998
60.4858665 -34.6761665 1.95583332
60.5491982 -34.7032013 2.10010004
60.5830002 -34.7117004 2.36794996
60.5158501 -34.7447014 2.48909998
60.4623985 -34.5517006 0.994099975
60.5057983 -34.5675507 1.05075002
60.4302979 -34.5315018 1.84154999
60.5389023 -34.4533997 2.11369991
60.5694008 -34.4314995 2.3599
60.5210495 -34.5710983 2.50519991
60.4929008 -34.5217018 2.69639993
60.5976982 -34.3185005 -1.16540003
60.4373016 -34.3483009 1.21089995
60.5048256 -34.2415504 1.49115002
60.4709015 -34.3567009 1.71959996
60.5376015 -34.3699989 1.99870002
60.5615005 -34.2800522 2.0708499
60.5344009 -34.3535004 2.37820005
60.5363388 -34.3191795 2.52934003
60.5871353 -34.2951012 2.68153334
60.5091019 -34.2689018 2.90869999
60.4922676 -34.1125984 1.32776666
60.5496521 -34.0978508 1.47944999
60.468235 -34.0994644 2.12933326
60.4567986 -34.024601 2.31750011
60.4957504 -34.1029129 2.52471256
60.5187988 -34.0976677 2.6448667
60.5087509 -34.0950012 2.8679626
60.5962982 -33.8582001 -1.20729995
60.5894012 -33.8520012 -1.1925
60.5178986 -33.9234009 1.15799999
60.485775 -33.8872261 1.29852498
60.4771996 -33.8575134 1.46774292
60.4951477 -33.897049 1.60365009
60.412899 -33.9710007 2.28369999
60.5176506 -33.9432526 2.50220013
60.5081482 -33.9045486 2.9467001
60.5197678 -33.8658981 3.06253338
60.4128036 -33.6900482 -1.19219995
60.4650993 -33.7431984 1.36450005
60.5440521 -33.657402 1.50964999
60.5196991 -33.7879486 2.77829981
60.5098419 -33.7666397 2.89093995
60.4894333 -33.6982002 3.13666654
60.5691986 -33.5344772 1.74119997
60.5484009 -33.4330673 1.89673328
60.4547005 -33.5393257 3.14292502
60.4475479 -33.3792 -1.18440008
60.4608002 -33.3311996 1.78250003
60.4699478 -33.3587494 3.23455
60.5214005 -33.2358017 3.4052
60.5395508 -33.1621017 3.51235008
60.4985008 -32.7787018 -1.19130003
60.4583015 -32.3055992 -1.21519995
60.5387497 -32.0447006 -1.26285005
60.5300522 -31.3569508 -1.26849997
60.5208015 -31.1378994 -1.26339996
60.5073013 -30.8157005 -1.29089999
60.5000343 -30.6883659 -1.26450002
60.4598999 -30.4904499 -1.2822001
60.4407501 -30.5042992 2.92770004
60.4262009 -30.4974995 3.0539999
60.571701 -30.3985996 -1.28540003
60.4808998 -30.3330326 2.90803337
60.4440994 -30.2474003 3.03590012
60.4938011 -30.1839008 -1.26660001
60.5247192 -30.042881 2.74882007
60.5016327 -30.1041451 2.87607789
60.5060005 -29.8918991 2.72754002
60.5997009 -29.9449005 2.90479994
60.5485992 -29.8764992 3.00180006
60.4944496 -29.7012997 -1.3211
60.4295006 -29.6261005 2.74390006
60.5130997 -29.7668495 2.84329987
60.4843254 -29.4726505 2.70222497
60.4249992 -29.4962997 2.80769992
60.4633217 -29.4899998 3.34001994
60.4926529 -29.2259998 2.53369999
60.4972191 -29.3074799 2.69544005
60.5121994 -29.3211327 2.87596655
60.4698486 -29.2714252 3.07399988
60.4802132 -29.3173714 3.30091429
60.5222015 -29.3556004 3.49710011
60.4744034 -29.1212006 -1.32150006
60.4151001 -29.1238995 2.66420007
60.4941483 -29.1377487 3.07870007
60.5370598 -29.13484 3.25903988
60.5181999 -28.8108006 -1.35220003
60.4345016 -28.9916 2.94749999
60.5092506 -28.6387005 2.74029994
60.4878006 -28.7350597 2.90111995
60.5737 -28.6681004 3.05290008
60.5946999 -28.4116993 -1.36020005
60.5394211 -28.4890804 2.73742008
60.4986 -28.5328598 2.87750006
60.4926147 -28.5510292 3.31718564
60.5209999 -28.5044994 3.41599989
60.4401016 -28.2710991 -1.34800005
60.4869995 -28.2943993 3.34969997
60.4664345 -28.3225327 3.43849993
60.4413986 -28.1749001 3.26845002
60.4162979 -27.9261513 3.53049994
60.4872017 -27.6224995 -1.35819995
60.4655762 -27.7171497 3.4769249
60.4724998 -27.5373325 3.48943329
60.593399 -27.2926006 -1.41900003
60.5713005 -26.2534008 -1.44710004
60.5222015 -26.2733002 -1.39269996
60.5826035 -26.1375504 -1.4993
60.4365005 -25.6429996 -1.46710002
60.4207993 -25.7565994 1.96329999
60.531868 -25.0426674 1.76559997
60.5171013 -25.0322323 1.8998667
60.5507011 -24.9715004 -1.51999998
60.5269318 -24.9565659 1.85290003
60.5649986 -24.9876995 2.20190001
60.4601517 -24.3211498 -1.55414999
60.4296684 -24.1519337 2.54536676
60.4570007 -23.4150009 -1.56420004
60.5340004 -23.0498009 -1.58539999
60.4021988 -22.9712009 -1.58850002
60.4844017 -22.7280006 -1.5539
60.452652 -22.4915009 -1.6094501
60.5543022 -22.288599 -1.60720003
60.5176468 -22.0909004 -1.6099
60.4979019 -21.9033508 -1.61919999
60.4785995 -21.9438 -1.58659995
60.4873505 -21.7206497 -1.63069999
60.5009995 -21.4192009 -1.60619998
60.51894 -21.2817802 1.35379994
60.5103989 -21.318924 1.46880007
60.4490509 -21.0548 -1.625
60.5890999 -21.1086998 1.09109998
60.5673981 -21.0684338 1.32416666
60.5511436 -21.1018848 1.50404286
60.5338516 -21.1459007 1.69669998
60.4852676 -21.0798321 1.90343332
60.4595985 -21.0168991 2.08870006
60.4534988 -20.9342995 -1.64859998
60.5376968 -20.8852501 1.23364997
60.4003983 -20.9256992 1.58850002
60.531601 -20.8807507 1.6056
60.5349007 -20.8019009 1.83159995
60.5017509 -20.9407501 2.09079981
60.4840012 -20.8962002 2.36660004
60.5047989 -20.6630001 1.56420004
60.5023994 -20.6240005 1.67260003
60.5035019 -20.7348995 1.81809998
60.4225006 -20.5286999 1.67789996
60.5004997 -20.2432003 1.53400004
60.4779015 -20.3379002 1.60290003
60.5663528 -20.1278496 1.58089995
60.4336014 -20.0056992 1.67900002
60.7110977 -39.8906021 -0.967350006
60.7865982 -39.6334 -1.02279997
60.757 -39.5489006 -0.970399976
60.7255325 -38.5220337 -1.07676661
60.7136002 -38.3135986 -1.05729997
60.7635002 -38.1114998 -1.08860004
60.7672997 -37.6541977 -1.09449995
60.7910004 -37.5564003 -1.08529997
60.7069016 -37.3311501 -1.05824995
60.6582985 -37.1096992 -1.07620001
60.7465401 -36.8693199 2.51415992
60.7624016 -36.9662018 2.69679999
60.7342987 -36.6939507 2.47646666
60.7737007 -36.4300995 2.38520002
60.7271996 -36.4625664 2.48693323
60.7308998 -36.4291 3.17050004
60.6463013 -36.4830017 3.22865009
60.6593018 -36.4277496 3.55644989
60.641201 -36.3162651 -1.09909999
60.7521019 -36.2905006 2.38120008
60.6677475 -36.3525009 2.43695021
60.6315002 -36.3995018 3.11179996
60.7424469 -36.3054008 3.33474994
60.770401 -36.3899002 3.5625
60.6585999 -36.3065491 3.68365002
60.7018509 -36.0126991 -1.13689995
60.6781006 -36.0769997 1.49759996
60.6811218 -36.0657616 1.65652001
60.7425346 -36.112133 2.36143327
60.6360016 -36.1907005 2.43569994
60.6515999 -36.0233002 2.96569991
60.7207985 -36.1591988 3.55380011
60.6214485 -35.9144745 1.72195005
60.6127472 -35.9508972 2.91385007
60.735199 -35.9001007 3.36459994
60.6676483 -35.6625175 1.07951665
60.6907005 -35.6184006 1.20130002
60.6408005 -35.6511002 1.44840002
60.6543999 -35.7536011 1.74039996
60.7052994 -35.6525993 2.38989997
60.7049332 -35.5128021 1.10625005
60.6404991 -35.4151001 1.31980002
60.6362 -35.446701 1.7414
60.7358017 -35.543602 1.86284995
60.6472015 -35.3339005 1.33580005
60.7257004 -35.2496986 1.58529997
60.6655998 -35.3975983 1.7341001
60.7201996 -35.2439995 2.33829999
60.7546997 -35.334301 2.44490004
60.6959 -35.0969009 -1.20130002
60.7821503 -35.0884476 1.3448
60.6230011 -35.0817986 1.74670005
60.7183495 -35.0358009 1.83290005
60.6125984 -35.1657982 2.1947999
60.6669006 -35.0643005 2.30200005
60.734951 -35.088501 2.43919992
60.6464005 -34.9286003 1.18669999
60.7640991 -34.8918533 1.31804991
60.6485977 -34.9253502 1.54220009
60.6513672 -34.8352661 1.72436666
60.7599983 -34.9719009 1.9289
60.7001495 -34.9366989 2.1412251
60.7320023 -34.8777008 2.30713344
60.7661514 -34.750351 1.08535004
60.7241325 -34.686367 1.31466663
60.6820869 -34.7114563 1.46879995
60.6965332 -34.7359657 1.75753331
60.6839981 -34.7320786 1.88759995
60.6812325 -34.6557655 2.08794999
60.7376747 -34.6546478 2.31725001
60.6945 -34.6338997 2.41790009
60.6862984 -34.5265999 -1.15460002
60.7556992 -34.5553513 1.24764991
60.7654991 -34.5255013 1.78540003
60.7411003 -34.5589523 2.11315012
60.7417984 -34.4099007 2.3520999
60.7652512 -34.4612503 2.51239991
60.6390991 -34.4389992 2.72379994
60.7915001 -34.2188988 -1.34879994
60.6907005 -34.3057404 1.49979997
60.6711998 -34.3027992 2.09389997
60.6960335 -34.2468338 2.34859991
60.6698341 -34.2683334 2.4725666
60.7416992 -34.2976494 2.70219994
60.658699 -34.2285004 2.81809998
60.6199989 -34.0446014 1.12619996
60.632 -34.0205994 1.95070004
60.6730995 -34.0645981 2.0871501
60.6862335 -34.1030655 2.26323342
60.6058006 -34.1123009 2.47180009
60.6892014 -34.0870018 2.77519989
60.6969757 -34.1418266 2.91700006
60.6366997 -34.0185013 3.1566
60.7084007 -33.8993988 -1.18550003
60.7047005 -33.8984795 1.11173999
60.6575012 -33.8904724 1.26302505
60.6842499 -33.8871002 1.97710001
60.6880646 -33.9085388 2.07182503
60.7888985 -33.9500999 2.2104001
60.6134987 -33.9761009 2.44460011
60.6265984 -33.8378983 2.9612
60.6735649 -33.9155998 3.13573337
60.7975006 -33.8342018 3.20479989
60.7171745 -33.7248497 1.16582501
60.7061996 -33.7761993 1.26005006
60.6591988 -33.6080017 1.63779998
60.744442 -33.6873207 1.95428002
60.6986008 -33.6985512 2.03612518
60.6855011 -33.7065582 2.90805721
60.687149 -33.7257004 3.09867501
60.7132988 -33.6488991 3.21560001
60.7016983 -33.5886993 1.48370004
60.6540642 -33.4628334 1.74889994
60.6766281 -33.5010986 1.86914289
60.6703415 -33.5708389 2.86233997
60.6675987 -33.5459976 3.11473322
60.6990013 -33.4567337 3.2548666
60.6946983 -33.2312012 1.78970003
60.691349 -33.3165512 1.89835
60.6919479 -33.3230515 3.18365002
60.6969872 -33.2723007 3.29042864
60.7975998 -33.209301 3.44370008
60.6958008 -33.132 -1.22290003
60.6969986 -33.151001 1.9454
60.6571999 -33.1125603 3.32666016
60.6744995 -33.0886993 3.46469998
60.7509537 -33.14925 3.68965006
60.6684494 -32.7410507 -1.2265501
60.7103996 -32.3755989 -1.22019994
60.7092018 -32.1875992 -1.20640004
60.7193985 -30.7558002 -1.31190002
60.6576004 -30.2341995 -1.31309998
60.6725998 -30.0344009 -1.28620005
60.7127991 -29.8862 -1.36240005
60.6282997 -29.9740009 2.92869997
60.7639999 -29.6005993 -1.29820001
60.7997017 -29.6515007 2.5013001
60.6879997 -29.7710495 2.72049999
60.6906013 -29.6805992 2.85510015
60.6860008 -29.4274006 2.69959998
60.6663017 -29.4831009 2.85560012
60.7573013 -29.3052006 -1.36810005
60.6913986 -29.2917995 2.42120004
60.7310867 -29.3104496 2.71276259
60.7932014 -29.2248993 2.898
60.6655006 -29.2268505 3.12299991
60.6863022 -29.0654488 -1.39660001
60.7620506 -29.0664501 2.50880003
60.7364006 -29.0858994 2.70706677
60.7795982 -29.1753006 2.9124999
60.637001 -29.1889496 3.10179996
60.657299 -29.0965004 3.22169995
60.7851982 -28.8563995 -1.4418
60.7795029 -28.91535 -1.34509993
60.7499657 -28.9563656 2.67809987
60.6865005 -28.8603001 2.87930012
60.7492981 -28.6298008 -1.32249999
60.6212997 -28.718399 2.65429997
60.6213989 -28.6309338 2.87623334
60.7109985 -28.6308002 3.00570011
60.7598495 -28.4354515 -1.33990002
60.6041985 -28.5287991 2.78600001
60.7804985 -28.3684006 -1.36539996
60.7924004 -27.7528992 -1.4296
60.6204987 -27.7614002 -1.38740003
60.7031555 -26.4700012 -1.50020003
60.6734009 -25.9181995 -1.48570001
60.6142006 -25.6816998 -1.45039999
60.7560997 -25.5827007 -1.50600004
60.6108475 -25.0137501 1.6983
60.6310005 -25.0189991 1.9346
60.7156982 -24.8869991 1.77049994
60.7263985 -24.7605 -1.51849997
60.7602997 -24.5832996 -1.51960003
60.7248344 -24.0647335 -1.5508666
60.763401 -23.9979992 -1.59920001
60.7787018 -23.2796001 -1.59230006
60.6594009 -22.6609993 -1.59990001
60.7756996 -22.0806503 -1.64824998
60.7220993 -21.4490013 -1.65365005
60.7492981 -21.4050007 1.45009995
60.6972504 -21.4244003 1.63680005
60.7522011 -21.3349991 -1.61759996
60.6817589 -21.3337402 1.50727999
60.7220497 -21.3209496 1.61380005
60.7975998 -21.0762005 -1.6336
60.6543655 -21.1277332 1.10346663
60.6641998 -21.1965008 1.49699998
60.6817322 -21.1595993 1.66033328
60.6583023 -21.0678005 1.88814998
60.7380981 -20.8714008 -1.66349995
60.7085495 -20.8847504 1.05725002
60.682251 -20.8755989 1.56089997
60.6444511 -20.9488506 1.64485002
60.7149506 -20.8828506 1.82264996
60.676899 -20.6658001 -1.65939999
60.6096992 -20.7992001 1.08570004
60.7668991 -20.7089005 1.64750004
60.7741013 -20.7486496 1.84439993
60.6833 -20.7357998 2.15969992
60.610199 -20.7894993 2.30539989
60.6132011 -20.4857006 -1.66470003
60.7007332 -20.5143661 1.66779995
60.7028999 -20.5870991 1.83780003
60.7678986 -20.2001991 -1.66460001
60.6015015 -20.2261009 1.54569995
60.7956009 -20.3537998 1.63100004
60.7164993 -20.1056995 1.15219998
60.6894493 -20.1217499 1.55229998
60.9690018 -39.8871002 -1.07770002
60.8978004 -39.6282005 -1.03690004
60.8437996 -39.6295013 -0.973699987
60.9076004 -39.5346985 -1.05900002
60.8808975 -39.4918518 -0.976700008
60.9044495 -39.3230743 -1.06365001
60.8752975 -39.0637512 -1.06399989
60.9141998 -39.0368004 -0.993799984
60.8919258 -38.9282494 -1.08162498
60.8743248 -38.7260742 -1.06827497
60.8739014 -38.6175995 -0.965900004
60.8545685 -38.3306351 -1.0880667
60.8824997 -38.1780014 -1.09389997
60.8802986 -37.9313507 -1.09135008
60.890583 -37.671917 -1.09593332
60.8654671 -37.5168991 -1.10516667
60.8111 -37.3600998 -1.10039997
60.9930992 -36.9514999 -1.10829997
60.8781166 -36.8818817 2.53009987
60.9449501 -36.8297501 2.63635015
60.9642982 -36.7812996 -1.08360004
60.8566017 -36.7458 2.53013349
60.9998016 -36.6049995 3.42490005
60.9525681 -36.4865341 3.36216664
60.9900017 -36.5810013 3.42149997
60.9240646 -36.301384 -1.10798335
60.885498 -36.2824478 2.32235003
60.9822998 -36.3063011 2.54999995
60.8993759 -36.3414001 3.33054996
60.9916 -36.2440987 3.41540003
60.9291992 -36.1955986 -1.21179998
60.8624496 -36.0601006 -1.13345003
60.8702507 -36.0795975 1.69834995
60.8840332 -36.0731354 1.86263335
60.9524498 -36.0014496 2.1243
60.9673004 -36.1879997 2.33249998
60.8712006 -36.1932983 2.41659999
60.889801 -36.1973991 2.74169993
60.8464012 -36.0351982 2.82620001
60.8825989 -36.0806503 3.29425001
60.9603996 -35.899601 -1.22819996
60.929451 -35.944603 -1.15020001
60.8358002 -35.969799 1.71829998
60.8396988 -35.9934998 2.71729994
60.8800011 -35.9187508 3.32585001
60.9653015 -35.6823997 -1.2191
60.8936996 -35.686367 -1.15240002
60.9609985 -35.6044006 1.14279997
60.9829483 -35.7380981 3.35984993
60.9595985 -35.6787987 3.47020006
60.9874001 -35.7528992 3.61209989
60.8962021 -35.5350647 -1.17566669
60.8180008 -35.5345993 0.961499989
60.8841019 -35.4925003 1.93449998
60.8735504 -35.262352 -1.21464992
60.8707008 -35.2760506 -1.17739999
60.8636017 -35.3033981 1.77705002
60.8283997 -35.3242989 1.80970001
60.9278984 -35.0042 -1.2773
60.8720665 -35.0869331 -1.14576662
60.8624992 -35.0238991 1.09920001
60.9157982 -35.0690651 1.2998333
60.8133011 -35.0321007 1.96889997
60.9021988 -35.0214005 2.26300001
60.8838997 -34.9165001 -1.23889995
60.9025993 -34.9902 -1.19280005
60.9344826 -34.9509163 1.14723337
60.9109497 -34.9258652 1.26046669
60.9799995 -34.968399 1.49860001
60.9031525 -34.8973999 1.74870002
60.8735657 -34.9017677 1.88833332
60.8921013 -34.9101982 2.13976669
60.8894997 -34.6637497 -1.24309993
60.8554993 -34.6959343 -1.16386664
60.8302002 -34.7745018 1.16639996
60.8495483 -34.7828979 1.30349994
60.8409309 -34.655632 1.52869999
60.8796997 -34.7239647 1.71219993
60.89534 -34.6975212 1.88321996
60.9516983 -34.6411514 2.11084986
60.8908501 -34.4911499 -1.42914999
60.9477005 -34.5080986 -1.25164998
60.8703003 -34.4658508 -1.17965007
60.9439011 -34.5648994 1.88110006
60.9453354 -34.5286674 2.02306676
60.8847008 -34.3664017 -1.2464
60.9139481 -34.303051 1.53960001
60.8438988 -34.3470993 2.10400009
60.8741989 -34.2183495 2.24060011
60.9944992 -34.2162018 2.5717001
60.8635979 -34.2981339 2.6614666
60.8978844 -34.2998505 2.8842001
60.9497986 -34.2899017 3.05019999
60.8818512 -34.1108246 -1.24445009
60.8286018 -34.0075989 2.02449989
60.9803009 -34.1829987 2.36150002
60.9065475 -34.1101494 2.48615003
60.9045334 -34.1031647 2.68633342
60.8880997 -34.1495972 2.88115001
60.918602 -34.0778999 3.07765007
60.8600998 -33.8538322 -1.22953331
60.8544998 -33.84935 1.21335006
60.9061012 -33.9043999 1.82770002
60.8868675 -33.8535995 2.08693337
60.8619003 -33.9387016 2.27270007
60.9772987 -33.9155998 2.52220011
60.9165344 -33.925766 3.16226673
60.9208984 -33.7114983 -1.18579996
60.8767014 -33.7887993 1.14789999
60.842598 -33.6842995 1.30215001
60.8904991 -33.7350006 1.41970003
60.8620987 -33.7179985 1.926
60.9658012 -33.7270737 2.12059999
60.9038582 -33.6794205 3.12614012
60.9133492 -33.6780014 3.23577499
60.9920998 -33.6478996 3.4145999
60.8671989 -33.6362 3.68390012
60.8805809 -33.5121613 -1.26285994
60.9198494 -33.5560989 3.16760015
60.888134 -33.5498009 3.2698667
60.8409996 -33.4359016 3.49860001
60.8719978 -33.3238678 -1.25303328
60.9682007 -33.3927002 3.46199989
60.8974991 -33.162899 -1.32914996
60.8894005 -32.8881416 -1.28605998
60.8989983 -32.7655487 -1.28365004
60.8965797 -32.2858582 -1.31167996
60.9091988 -32.2209015 -1.17200005
60.9057007 -32.0023003 -1.40649998
60.8871994 -32.0968742 -1.29587507
60.8456001 -31.9013996 -1.23959994
60.8765335 -31.6901665 -1.29286671
60.9005013 -31.5246334 -1.34170008
60.9006996 -31.2847004 -1.34449995
60.8768005 -31.0897007 -1.48160005
60.8803482 -31.1068993 -1.29824996
60.9232483 -30.8703003 -1.37794995
60.898159 -30.7549 -1.32588005
60.8518982 -30.4995003 -1.44739997
60.8524246 -30.5289745 -1.34185004
60.8968506 -30.2961006 -1.44315004
60.844635 -30.2737007 -1.34650004
60.8580017 -30.0930004 -1.42879999
60.8451004 -30.0330009 -1.35185003
60.8662491 -29.8722 -1.41864991
60.8454018 -29.8910675 -1.34706664
60.8352013 -29.6226997 -1.40859997
60.8460007 -29.6812515 -1.36084998
60.9754982 -29.6786995 2.59030008
60.9539642 -29.6509991 2.7349
60.9244995 -29.6989002 2.89919996
60.9310989 -29.4829006 2.59380007
60.9140854 -29.5113754 2.70596266
60.906002 -29.4425011 2.83126664
60.9376984 -29.2005005 -1.40380001
60.8462334 -29.3118343 -1.37029994
60.9261017 -29.3082008 2.50710011
60.895401 -29.2229004 2.7506001
60.9401016 -29.3582993 2.8605752
60.9018021 -29.0746002 -1.44510007
60.8821411 -29.0986996 2.72684002
60.8747025 -29.035675 2.86010003
60.9799995 -28.9783993 -1.44360006
60.8308487 -28.9577503 -1.36395001
60.8350983 -28.9729996 2.60750008
60.9229012 -28.7549 -1.50769997
60.882 -28.6970997 -1.38279998
60.9460983 -28.4573002 -1.44760001
60.854332 -28.5193329 -1.38246667
60.8986511 -28.3033257 -1.44872499
60.8815002 -28.1096001 -1.45600009
60.8892975 -27.8807507 -1.45565009
60.8694 -27.6868 -1.44186664
60.9296989 -27.7437992 -1.38520002
60.8333664 -27.4657993 -1.44079995
60.8655815 -27.3038597 -1.47606003
60.8920975 -27.134901 -1.47416663
60.8395996 -26.8029995 -1.46089995
60.8624496 -26.6953506 -1.45915008
60.8361015 -26.4494991 -1.49960005
60.8207016 -26.2922993 -1.53900003
60.8716965 -25.8864002 -1.50180006
60.9460983 -25.8553009 -1.38750005
60.9003639 -25.7524662 -1.5115
60.8483009 -25.4816666 -1.51736665
60.8915825 -25.1003494 -1.56483328
60.8369522 -24.8919506 -1.55054998
60.8600311 -24.6915665 -1.52119994
60.8169327 -24.5049324 -1.5309
60.8944016 -24.2182007 -1.62950003
60.8692017 -24.2586498 -1.55900002
60.8302002 -24.1947002 -1.55200005
60.8862343 -23.9169331 -1.66289997
60.8705521 -23.8980999 -1.58695006
60.8816986 -23.6938992 -1.66139996
60.8181 -23.4710007 -1.57649994
60.883049 -23.3153992 -1.61772501
60.8138008 -23.3708 -1.56050003
60.8843994 -23.0079994 -1.62609994
60.8479996 -23.1474323 -1.58966672
60.8202019 -22.9855995 -1.61829996
60.8242989 -22.8244991 -1.59280002
60.8784027 -22.7415009 -1.62709999
60.8292007 -22.7789993 -1.59179997
60.9071007 -22.5130005 -1.67340004
60.8195 -22.5659008 -1.59889996
60.8806648 -22.2442665 -1.66859996
60.8899002 -22.0993996 -1.6372
60.8834 -21.9304504 -1.67982507
60.9508018 -21.7607994 -1.68289995
60.8082008 -21.4587994 1.52699995
60.8548012 -21.4841995 1.73529994
60.8834 -21.3193016 1.66009998
60.9045334 -21.1091328 -1.69806671
60.9371986 -21.0011005 2.12779999
60.8569336 -20.9245663 -1.71963334
60.9122009 -20.8052998 1.59909999
60.8106995 -20.7565002 -1.6595
60.8049011 -20.7723007 1.59529996
60.8755989 -20.6487007 1.7881
60.9249992 -20.7237511 1.94280005
60.8232498 -20.5550499 -1.69389999
60.8823318 -20.5287991 1.70509994
60.8166008 -20.5646 2.26239991
60.914299 -20.2845001 -1.71609998
60.8811493 -20.3041992 1.59654999
60.8731995 -20.2693195 1.63357997
60.882534 -20.0734997 -1.73433328
60.8674507 -20.0895996 1.14769995
60.9886017 -20.1406994 1.63549995
61.0775986 -39.9906006 -1.04320002
61.0878983 -39.5834999 -1.0467
61.046299 -39.2136002 -1.07799995
61.0475006 -39.1296005 -1.11629999
61.1158981 -38.9477005 -1.09679997
61.1254005 -38.5570526 -1.11229992
61.0602493 -38.0805511 -1.14470005
61.1493988 -37.933548 -1.14195001
61.1693993 -37.7790985 -1.11189997
61.1968994 -37.4925003 -1.14090002
61.0749016 -37.2933998 -1.13320005
61.0908508 -37.0430527 -1.12695003
61.0858994 -36.91045 -1.16114998
61.0326004 -36.8522987 2.63730001
61.1173019 -36.7215309 -1.13100004
61.1082993 -36.4398994 -1.35819995
61.0684242 -36.4956741 -1.11115003
61.0193481 -36.4370003 3.35940003
61.0356674 -36.449131 3.47826672
61.0005989 -36.3394012 -1.2299
61.0250015 -36.3395004 -1.16639996
61.1650009 -36.2042007 1.69729996
61.1945 -36.2299004 2.3124001
61.0448494 -36.3012009 2.74030018
61.0803337 -36.2605324 2.84746671
61.1193771 -36.2672501 3.34167504
61.1373329 -36.2929649 3.50236678
61.1467514 -36.331749 3.69630003
61.1477013 -36.0672989 1.50419998
61.0940323 -36.0488014 1.77359998
61.1898003 -36.0489006 2.10179996
61.0498505 -36.0241013 2.26090002
61.0989342 -36.135067 2.73070002
61.0035019 -36.0993004 2.97169995
61.1419983 -36.043499 3.12940001
61.1431503 -36.0481033 3.50995016
61.1286011 -36.0343018 3.75329995
61.1960983 -35.9970016 -1.16869998
61.1091995 -35.9180527 1.51390004
61.1361389 -35.8908005 1.66323996
61.1476974 -35.9021492 1.9302001
61.1405678 -35.8562012 2.13630009
61.1350021 -35.9391022 2.26985002
61.0313416 -35.8839417 3.2950201
61.1414757 -35.9183731 3.51382494
61.1347008 -35.9603004 3.71009994
61.0652008 -35.9164009 3.84859991
61.0825996 -35.6511993 1.95510006
61.0345001 -35.6866989 2.39240003
61.1599998 -35.7084999 3.36194992
61.1546516 -35.7714005 3.42094994
61.0110016 -35.5133018 -1.2076
61.1502991 -35.4748993 1.56256664
61.1390648 -35.495533 1.68963337
61.0790329 -35.4408989 1.85223329
61.0330009 -35.5047989 2.0151999
61.0303993 -35.4402008 3.23180008
61.1744995 -35.5643997 3.49790001
61.0656013 -35.217598 1.48344994
61.1125031 -35.3208008 1.70414996
61.049099 -35.3092003 1.89400005
61.0597992 -35.1035995 -1.2471
61.037899 -35.028801 1.34469998
61.0561981 -35.1228027 1.86310005
61.0930023 -35.0939674 2.0268333
61.0821991 -35.1570015 2.51220012
61.0182991 -34.8726997 -1.28359997
61.0662003 -34.9300003 1.36430001
61.0606499 -34.9291992 1.48440003
61.1461754 -34.8694763 1.68155003
61.0968475 -34.8563995 1.84194994
61.1022491 -34.8734016 2.12139988
61.0611 -34.8412018 2.20630002
61.0467987 -34.9197998 2.41020012
61.0650482 -34.7557983 1.57369995
61.1385498 -34.7509155 1.73801661
61.1024704 -34.6774712 1.88202858
61.1342506 -34.7422028 2.0711
61.039566 -34.5577354 1.86949992
61.1338234 -34.5089493 2.07189989
61.0517998 -34.5289001 2.37229991
61.0292511 -34.358551 -1.27399993
61.0869522 -34.2982025 2.13329983
61.1258011 -34.3446999 2.39160013
61.1555481 -34.2297516 2.49475002
61.0596352 -34.3037338 2.68706656
61.1206017 -34.2052994 2.93039989
61.0856018 -34.0365982 2.12960005
61.1484756 -34.1083527 2.32695007
61.1048317 -34.0899658 2.53196669
61.0894012 -34.1772995 2.73539996
61.1092491 -34.098217 3.09396672
61.1841507 -34.022049 3.34634995
61.0707016 -33.8398018 1.93110001
61.1204414 -33.8444824 2.07389998
61.123848 -33.9122734 2.21195006
61.0739517 -33.9647522 2.47399998
61.0311012 -33.9430008 3.10310006
61.1133003 -33.9228134 3.30888748
61.0667 -33.6693001 -1.29530001
61.1405487 -33.7287979 2.11290002
61.0155983 -33.7456017 2.33060002
61.0107002 -33.7109985 2.99880004
61.0481987 -33.6399994 3.07739997
61.0844269 -33.6620369 3.29863763
61.1928329 -33.6959 3.46790004
61.0956001 -33.5523415 3.30462003
61.1397743 -33.5363235 3.44959998
61.1253014 -32.6649017 -1.32854998
61.1184006 -32.1627998 -1.32870007
61.1369019 -31.6828003 -1.34220004
61.0635986 -31.5163002 -1.33089995
61.0799484 -31.3143997 -1.35214996
61.1554985 -30.3367004 -1.3987
61.1528015 -29.6203995 -1.40999997
61.1467018 -29.7185001 -1.3901
61.0377007 -29.6438999 2.54369998
61.1072998 -29.6461334 2.71956658
61.0581017 -29.5589008 2.76189995
61.0898132 -29.5311432 2.86037135
61.1021996 -29.5445995 3.01900005
61.0438004 -29.2217007 -1.43120003
61.030201 -29.3794994 -1.39820004
61.0168991 -29.3670006 2.7046001
61.1930008 -29.1336994 -1.44710004
61.1595001 -29.0394993 -1.34200001
61.1339989 -28.8526001 -1.42850006
61.1921005 -28.7600994 -1.45099998
61.046299 -28.5778999 -1.42630005
61.1327019 -28.3929996 -1.47109997
61.0956001 -28.0993996 -1.45109999
61.0047989 -27.8318996 -1.51559997
61.0545998 -27.2898998 -1.49944997
61.0998001 -25.5021992 -1.59660006
61.077301 -25.1725998 -1.54254997
61.0037994 -24.7269001 -1.60720003
61.1649017 -23.8307991 -1.62150002
61.1036987 -23.4193001 -1.6652
61.1262016 -23.3118992 -1.67649996
61.0805321 -23.1310673 -1.66766667
61.0446014 -22.9473991 -1.50909996
61.0784988 -22.1284008 -1.68490005
61.0068016 -21.5629005 -1.72520006
61.0974007 -21.2336998 -1.73099995
61.0363007 -21.0632992 -1.72920001
61.1566505 -21.1497993 1.69289994
61.1012001 -20.9012985 -1.73414993
61.1027985 -20.8379993 1.79830003
61.0806007 -20.9134998 1.82665002
61.0285988 -20.8819008 2.04099989
61.036499 -20.7353001 1.71290004
61.0679016 -20.6058998 1.8125
61.1075325 -20.4385338 -1.74010003
61.0881805 -20.4765205 1.73119998
61.0905991 -20.2204514 1.72784996
61.1971016 -20.2975006 1.87109995
61.1662521 -20.0248985 1.08929992
61.0914001 -20.0471992 1.56070006
61.0913239 -20.1201248 1.65964997
61.2167015 -39.8419991 -1.07749999
61.2303314 -39.4981689 -1.06809998
61.3815002 -39.0211983 -1.14999998
61.2434998 -38.872551 -1.08465004
61.265152 -38.5369492 -1.07784998
61.2039986 -38.0606003 -1.1214
61.230999 -37.7106018 -1.16250002
61.3922997 -37.1834984 -1.18939996
61.3093758 -36.4636993 2.29932499
61.3078003 -36.4595985 2.41770005
61.3438988 -36.4053993 3.78189993
61.2419014 -36.3590012 -1.20229995
61.2485008 -36.2359505 2.36030006
61.2724495 -36.2779999 2.70560002
61.3098793 -36.2810211 3.72282004
61.2085991 -36.1683998 -1.19439995
61.2501335 -36.0518684 1.53009999
61.2014999 -36.0607986 1.6085
61.3051987 -36.0267982 1.87689996
61.2734985 -36.0163002 2.10150003
61.3194504 -36.1166 2.29812503
61.3359985 -36.0965996 2.53157496
61.293602 -36.1052017 2.64814997
61.2403984 -36.1236649 3.52133346
61.2689743 -36.1164513 3.74242496
61.3557968 -36.1491013 3.83734989
61.2494507 -35.9286003 1.53522503
61.2905579 -35.9010811 1.69198
61.2935486 -35.9475021 1.86879992
61.2443008 -35.9629974 2.14464998
61.3320999 -35.89785 2.28165007
61.3254013 -35.7254982 1.58299994
61.3024521 -35.6905251 1.69267499
61.2807999 -35.6240654 1.87693334
61.3834 -35.7478027 2.29635
61.2130013 -35.6926003 3.25230002
61.2494011 -35.4107018 -1.21589994
61.3136215 -35.5317421 1.72386003
61.2439613 -35.4622993 1.90292001
61.3216515 -35.5558014 2.02725005
61.3205986 -35.4174995 3.09920001
61.2134018 -35.4886017 3.2644999
61.2033005 -35.5382004 3.41869998
61.2794647 -35.3683014 1.91773331
61.2485504 -35.2639503 2.03289986
61.2719994 -35.3764 3.20799994
61.305851 -35.0691528 1.70480001
61.2840996 -35.1602516 1.92630005
61.3600006 -34.9047012 -1.26880002
61.2904015 -34.9972 1.54970002
61.3535995 -34.8482513 1.66075003
61.2937012 -34.9827995 1.82200003
61.2963791 -34.8407211 2.11400008
61.2837982 -34.8875008 2.37290001
61.2347984 -34.7652016 1.53299999
61.2834015 -34.7108498 1.69945002
61.2179031 -34.7358475 1.91764998
61.3220749 -34.700325 2.09969997
61.3432312 -34.719902 2.26116657
61.2426987 -34.4911499 2.1322999
61.2747993 -34.5154991 2.27480006
61.2170982 -34.469799 2.4539001
61.2165489 -34.2585487 2.23570013
61.3165016 -34.2260323 2.47063327
61.2075996 -34.2261009 2.73959994
61.2691994 -34.0404015 2.18190002
61.2987709 -34.12743 2.30025721
61.3413506 -34.0725021 2.50964999
61.2543488 -34.1251984 3.16324997
61.2485352 -34.0807343 3.27466655
61.3134995 -34.035099 3.44880009
61.2937012 -33.9758987 2.23670006
61.321682 -33.8852997 2.48851991
61.210701 -33.9093018 3.22970009
61.2442474 -33.9230995 3.42840004
61.3274002 -33.7714005 -1.26909995
61.3650017 -33.7491989 2.47009993
61.3316002 -33.7621994 2.64039993
61.2797012 -33.6595993 3.25500011
61.2786598 -33.6930389 3.55044007
61.2357979 -33.480999 3.4909668
61.3835983 -31.4349995 -1.35049999
61.3744011 -31.2360992 -1.38269997
61.2607002 -30.8673992 -1.3348
61.2820015 -30.7483997 -1.37039995
61.3310509 -29.1154995 -1.42715001
61.2593002 -28.7308998 -1.45009995
61.3936005 -27.9160995 -1.46169996
61.2507019 -26.6366005 -1.50489998
61.3286972 -26.5662994 -1.53355002
61.3040009 -26.0832996 -1.57309997
61.3073502 -25.9237499 -1.56850004
61.3062515 -25.7166004 -1.5783
61.2797356 -25.5207996 -1.55379999
61.3056984 -25.2712002 -1.58840001
61.3735008 -25.0821991 -1.56690001
61.2048988 -24.9573002 -1.58780003
61.3564987 -24.3104 -1.57350004
61.2747002 -23.6166992 -1.59800005
61.3200989 -22.8474007 -1.66110003
61.3212509 -22.3048 -1.70099998
61.3241005 -21.7374992 -1.72619998
61.3351669 -21.6581993 2.11790013
61.3195 -21.6674995 2.25600004
61.3353004 -21.549984 2.09676671
61.3370018 -21.5520325 2.21959996
61.2444496 -21.3075504 -1.72235
61.3031006 -21.2821503 1.89670002
61.354332 -21.3479004 2.06233335
61.2835007 -21.1222 -1.69060004
61.3067017 -21.0296516 1.7859
61.3374672 -21.0764008 1.87503338
61.2962494 -20.90835 -1.76084995
61.2757187 -20.9014511 1.88811672
61.3283005 -20.7214012 -1.72609997
61.3048668 -20.737299 1.85293329
61.2448997 -20.5457001 1.77349997
61.3319473 -20.5383492 1.82815003
61.3181343 -20.3005009 1.83150005
61.3900986 -20.0877991 -1.73389995
61.2765007 -20.0383987 1.07969999
61.2083015 -20.0923996 1.71574998
61.3583984 -20.073 1.80019999
61.5329971 -39.6440506 -1.06204998
61.4068985 -39.4049988 -1.08140004
61.5205994 -39.1828995 -1.11140001
61.4920006 -38.0164986 -1.15559995
61.4940987 -37.9137001 -1.10889995
61.5329514 -37.7629471 -1.14960003
61.5279999 -37.5928993 -1.13859999
61.5219994 -37.1702995 -1.18990004
61.4319 -36.6397018 2.64409995
61.5574989 -36.4594994 -1.16260004
61.4958 -36.493 2.26620007
61.4922829 -36.4770317 2.69805002
61.5009003 -36.3672256 2.29809999
61.443367 -36.3078003 2.53733325
61.5250015 -36.3441505 2.66750002
61.5696983 -36.2680016 2.80920005
61.4277992 -36.2742004 3.71530008
61.4277 -36.2813988 3.86080003
61.4368973 -36.0796509 2.48664999
61.4107018 -36.1949005 3.88680005
61.5765991 -35.9967003 -1.17949998
61.5600014 -35.8781013 1.4914
61.532547 -35.9238739 1.71127498
61.4560013 -35.9061508 1.89630008
61.5573997 -35.9306488 2.08850002
61.4445 -35.6940002 -1.23029995
61.4626503 -35.7565994 1.51434994
61.5076981 -35.699501 1.71642494
61.4921341 -35.7119675 1.86013329
61.4940987 -35.6741486 2.11490011
61.4925766 -35.7230988 2.31165004
61.5215988 -35.7420998 2.40159988
61.5387001 -35.4246521 -1.28180003
61.5222015 -35.5964012 1.83140004
61.5718994 -35.4892006 2.07310009
61.4585991 -35.4416008 2.26099992
61.4048004 -35.5849991 2.40479994
61.4287987 -35.4068985 3.31739998
61.4791985 -35.3083992 1.95739996
61.4530983 -35.2420006 2.02480006
61.4710007 -35.207901 2.54850006
61.4012985 -35.0987015 -1.27180004
61.4697227 -35.1052246 1.91534996
61.5755005 -35.0008011 2.15100002
61.5429993 -35.1838989 2.35170007
61.4266014 -34.9370003 1.9842
61.5059319 -34.8903999 2.1037333
61.5772476 -34.9337502 2.20459986
61.4129982 -34.6259995 -1.27049994
61.4503479 -34.6571503 1.93799996
61.4979248 -34.7003746 2.12902498
61.4836159 -34.6846008 2.28904271
61.4124985 -34.4585991 -1.26779997
61.5358505 -34.5790482 2.1644001
61.5050354 -34.559166 2.26906657
61.555851 -34.4964523 2.4298501
61.5147018 -34.4828987 2.62019992
61.588501 -34.3596001 -1.26069999
61.5118179 -34.3036652 2.4646666
61.453949 -34.0489502 2.36599994
61.4928589 -34.0645409 2.49826002
61.4995003 -33.8148994 -1.29980004
61.4464874 -33.8953018 2.508075
61.4935989 -33.9892006 2.76079988
61.4860001 -33.6870804 2.54493999
61.5012245 -33.6963997 2.64225006
61.4784012 -33.5946007 -1.28340006
61.4310989 -33.5994987 2.59220004
61.4822998 -33.5980988 2.64560008
61.533699 -33.2313004 -1.35969996
61.5455017 -32.9305 -1.3211
61.5383987 -32.6521492 -1.31710005
61.4763031 -32.5050507 -1.33329999
61.5224495 -32.1130981 -1.36220002
61.5690002 -31.6417999 -1.37660003
61.5433998 -30.9092007 -1.37240005
61.4966011 -30.6530991 -1.34150004
61.4248505 -30.2271004 -1.3721
61.5545006 -30.1210003 -1.38409996
61.4464989 -29.9008999 -1.38399994
61.5446014 -29.7217999 -1.39135003
61.5612984 -29.3274002 -1.42700005
61.5982018 -29.0074005 -1.46650004
61.4925003 -28.8305016 -1.43990004
61.5206985 -28.5008011 -1.42515004
61.5447998 -27.8250504 -1.45235002
61.4370995 -27.7502003 -1.54059994
61.5578003 -27.4969997 -1.48570001
61.5421982 -27.3258991 -1.54050004
61.4858665 -27.1187 -1.49996662
61.516201 -26.803051 -1.52955008
61.4822998 -26.780899 -1.57700002
61.5345993 -26.5112324 -1.51263332
61.4678001 -26.1814003 -1.55599999
61.5684013 -25.8570004 -1.53750002
61.482048 -25.0709991 -1.60400009
61.5424995 -24.9696999 -1.61790001
61.4813995 -24.9491997 -1.57710004
61.5323982 -24.7087002 -1.57350004
61.4793472 -24.4803009 -1.61234999
61.4317017 -24.4092007 -1.58749998
61.4688492 -24.3060493 -1.62159991
61.5075989 -24.16745 -1.62514997
61.4213982 -23.8486004 -1.65030003
61.4146996 -23.6844997 -1.63909996
61.5601997 -23.4652004 -1.58039999
61.4561005 -23.3106003 -1.63139999
61.4468002 -23.1688995 -1.65610003
61.4790001 -22.8633995 -1.67369998
61.5396004 -22.4663506 -1.67785001
61.4700012 -22.2362003 -1.66760004
61.5122986 -22.0723 -1.71430004
61.4886665 -21.8631001 -1.67753339
61.4986 -21.6842995 -1.70599997
61.4306984 -21.6070004 2.15939999
61.4520988 -21.6502991 2.26889992
61.4514999 -21.4598751 2.16012502
61.477951 -21.5223007 2.27819991
61.4425011 -21.3495007 -1.72619998
61.5194016 -21.2774677 2.10310006
61.5654984 -21.2819996 2.29399991
61.4177513 -21.0416489 1.95254993
61.5063019 -21.1782322 2.11263323
61.5421524 -20.9322014 -1.7349
61.4870987 -20.8414001 1.91413331
61.4574509 -20.949501 2.1027
61.506134 -20.6590996 1.91153336
61.5138283 -20.5201855 1.85257137
61.4278984 -20.2863998 1.79920006
61.527401 -20.2667408 1.91737998
61.5667496 -20.311451 2.01924992
61.4161987 -20.0251007 1.09259999
61.5069504 -20.1075001 1.97000003
61.4483986 -20.1109009 2.09060001
61.7103004 -39.9919014 -1.04910004
61.6679001 -39.6213989 -1.09780002
61.6054001 -39.5803986 -1.07270002
61.6438675 -39.2840996 -1.10903335
61.7332001 -39.0433006 -1.07239997
61.7635498 -38.7139511 -1.09637499
61.7263985 -38.5409012 -1.13499999
61.6393013 -38.3899002 -1.12170005
61.7188034 -38.1013489 -1.13870001
61.7337494 -37.8116989 -1.15209997
61.6730995 -37.6813011 -1.15966666
61.7854996 -37.4030991 -1.22080004
61.7621994 -37.5173988 -1.19760001
61.6877518 -37.3227005 -1.18455005
61.6519012 -37.0655518 -1.17760003
61.7661018 -36.8694992 -1.17030001
61.6273003 -36.4159012 -1.20990002
61.6178017 -36.4546013 2.69569993
61.6812592 -36.2974014 2.31529999
61.6879005 -36.2812996 2.48390007
61.6691017 -36.0023003 -1.20949996
61.6235008 -36.0752983 -1.18429995
61.6926231 -36.1141014 1.53299999
61.7299995 -36.0248985 1.61380005
61.6908493 -36.0790024 2.36219978
61.7845993 -36.1475983 2.53369999
61.7709999 -36.1707001 2.62269998
61.6495018 -35.8050995 -1.2414
61.7481995 -35.9034004 -1.17120004
61.6133995 -35.8525314 1.48106658
61.6987152 -35.8852005 1.67725718
61.7311516 -35.8630981 2.06859994
61.7061577 -35.8483276 2.29970002
61.7957993 -35.8025017 2.49760008
61.6122017 -35.7837982 1.70410001
61.7069511 -35.7002487 2.07060003
61.7210007 -35.7547493 2.20644999
61.6805992 -35.4553986 1.98179996
61.7403984 -35.4118996 2.16709995
61.7224655 -35.4752007 2.26426673
61.696701 -35.2696991 -1.23479998
61.6343002 -35.205101 1.99000001
61.6776237 -35.2557983 2.06820011
61.7346001 -35.3604012 2.3592999
61.6771011 -35.2162018 2.63470006
61.7226677 -35.0770988 1.96023333
61.7119179 -35.1367798 2.06254005
61.6941528 -35.0890007 2.25475001
61.7957001 -34.9878006 1.95079994
61.7186203 -34.9165993 2.14165998
61.7050323 -34.8587646 2.26596665
61.6632004 -34.9356995 2.67149997
61.6434326 -34.7114677 2.18406677
61.7178192 -34.6758385 2.29713988
61.6324501 -34.6819496 2.47974992
61.7835007 -34.608799 2.64650011
61.7434998 -34.4281998 2.37540007
61.7995987 -34.453701 2.43460011
61.6686516 -34.3701019 -1.28139997
61.7354507 -34.3353004 2.38740015
61.7548523 -34.3249512 2.4755249
61.6697006 -34.1344986 -1.28439999
61.689621 -34.0943794 2.55586004
61.6788406 -34.0889816 2.67454004
61.7267647 -33.9390678 2.55926681
61.6846008 -33.8312988 2.74659991
61.6235008 -33.7237015 2.63709998
61.6267014 -33.1898994 -1.30540001
61.6108017 -32.5150986 -1.35010004
61.7472992 -32.149601 -1.32459998
61.6231995 -31.4855995 -1.40240002
61.7043495 -31.4839497 -1.35374999
61.6775017 -31.3202991 -1.35080004
61.7205009 -31.1481991 -1.4102
61.7154007 -30.9283009 -1.36494994
61.6207008 -30.7437 -1.40610003
61.6593018 -30.5867004 -1.41980004
61.7224007 -30.5499001 -1.38080001
61.7610016 -30.2583008 -1.36300004
61.7369003 -29.8880005 -1.44850004
61.6375313 -29.7080002 -1.4242667
61.6773987 -29.3246994 -1.40040004
61.6594009 -29.0997009 -1.43400002
61.6864662 -28.4322338 -1.44313335
61.6997986 -27.4139004 -1.50119996
61.7669983 -27.2206001 -1.51719999
61.7692986 -26.2851009 -1.54770005
61.7568016 -25.5655994 -1.55869997
61.6026993 -24.6777 -1.61590004
61.6637993 -24.5617008 -1.60440004
61.6436996 -24.2318001 -1.61590004
61.6730995 -23.8448009 -1.63549995
61.7991982 -23.718399 -1.6243
61.7947998 -23.2145996 -1.63600004
61.6006012 -22.7882996 -1.70070004
61.7192001 -22.4482002 -1.73029995
61.7138481 -22.0601997 -1.70184994
61.6408005 -21.2324009 2.13039994
61.657074 -21.3123245 2.29837513
61.7000008 -21.0569 -1.74000001
61.6865997 -21.0795994 2.08424997
61.6908569 -21.1461143 2.28067136
61.6599655 -20.8682995 -1.75530005
61.7253647 -20.8721657 1.96599996
61.6809006 -20.9708996 2.0381999
61.7443466 -20.8316002 2.22484994
61.711853 -20.646801 1.69020009
61.6832809 -20.681139 1.93260002
61.6977005 -20.7180996 2.03640008
61.7750015 -20.4706993 -1.75880003
61.6707001 -20.5265007 1.91139996
61.6404991 -20.5331001 2.01714993
61.6727524 -20.3367996 -1.76425004
61.6893997 -20.3143501 2.06395006
61.7094002 -20.0231495 1.07809997
61.9958992 -39.8824005 -1.08360004
61.9000473 -39.7061501 -1.07310009
61.9889984 -39.4824982 -1.07889998
61.8787003 -39.3846016 -1.08290005
61.8334503 -38.9544525 -1.07780004
61.8785019 -38.6036987 -1.10479999
61.9948997 -38.289299 -1.13740003
61.9202995 -38.0634689 -1.1401
61.8174019 -37.8106003 -1.17990005
61.9939003 -37.7574005 -1.16719997
61.9542007 -37.5912018 -1.1444
61.9688988 -37.1239014 -1.19019997
61.9556999 -36.4812012 -1.21440005
61.8872986 -36.4613991 2.28609991
61.8988342 -36.3118668 2.35773325
61.869133 -36.2752686 2.46943331
61.87854 -36.2906189 2.67000008
61.9520988 -36.0242004 1.73150003
61.8411484 -36.0421982 2.29914999
61.8159027 -36.1474991 2.50024986
61.9457016 -36.0262985 2.60019994
61.9561996 -35.8671989 -1.19840002
61.8374023 -35.8415489 1.97184992
61.8571472 -35.8703995 2.26824999
61.9452515 -35.9583511 2.58064985
61.8269997 -35.7591019 2.0309999
61.904335 -35.7375984 2.28439999
61.9239998 -35.7019653 2.54390001
61.9345474 -35.6971512 2.66200018
61.9053993 -35.5077019 -1.23150003
61.8532486 -35.5129509 2.15805006
61.8429489 -35.5292511 2.25890017
61.8246002 -35.5696487 2.46194983
61.9612007 -35.3749008 -1.24629998
61.9172668 -35.2692146 2.13814998
61.9668007 -35.3167 2.22490001
61.8903656 -35.0793648 1.76059997
61.8723679 -35.1291351 1.94624996
61.9062996 -35.0728989 2.11273336
61.895668 -35.0812988 2.23123336
61.9603996 -34.8442993 -1.26479995
61.8638992 -34.8526001 2.15969992
61.8743515 -34.8972511 2.23850012
61.9852982 -34.6773987 -1.26100004
61.8493996 -34.6547318 2.31443334
61.9169006 -34.7821999 2.41039991
61.8619499 -34.7649498 2.70475006
61.9499016 -34.5219994 -1.26489997
61.9377747 -34.5258484 2.33722496
61.8930321 -34.5185318 2.45496678
61.9309006 -34.2299995 -1.26590002
61.9650345 -34.3412018 2.36513329
61.8958282 -34.2400742 2.49954987
61.924099 -34.0974808 2.52326012
61.9005013 -34.0547333 2.6188333
61.9931984 -34.1585999 2.81469989
61.9459991 -33.9087334 2.58226657
61.8900871 -33.8937988 2.67981243
61.9505348 -33.7637672 2.67436671
61.8736 -33.4328995 -1.30610001
61.9976006 -33.1380005 -1.30289996
61.9786987 -32.9291 -1.31869996
61.8554993 -32.662899 -1.3484
61.9469986 -32.4297981 -1.39339995
61.8576012 -32.1702995 -1.31420004
61.8240013 -31.9087009 -1.32070005
61.9664497 -31.5410004 -1.33899999
61.8298988 -30.8799 -1.40279996
61.8069 -30.7933998 -1.34930003
61.9732018 -30.2110004 -1.37880003
61.9729996 -29.9748001 -1.42200005
61.8865013 -29.8815994 -1.37769997
61.9361 -29.7220993 -1.38139999
61.921299 -29.4990997 -1.42410004
61.9155998 -29.2578506 -1.43214989
61.9603004 -29.0820999 -1.42620003
61.9785004 -28.3145008 -1.47809994
61.9085999 -28.0925503 -1.47074997
61.9506989 -27.844101 -1.49109995
61.8580017 -27.1627007 -1.523
61.8894005 -26.745533 -1.51056659
61.8522987 -26.5249996 -1.55560005
61.8616982 -26.3897991 -1.54540002
61.9295006 -26.0706005 -1.53970003
61.8180008 -25.7362003 -1.58369994
61.9777985 -25.4650993 -1.57270002
61.9159508 -24.8633995 -1.61319995
61.9029999 -24.8670006 -1.58099997
61.90485 -24.487999 -1.62704992
61.8079987 -24.5389996 -1.57519996
61.917099 -24.3013 -1.61749995
61.9370995 -24.3460007 -1.58669996
61.8530006 -24.0065994 -1.63300002
61.8488998 -23.8127995 -1.67270005
61.8821983 -23.6961994 -1.60500002
61.8852463 -23.4393005 -1.65195
61.8060989 -23.1278992 -1.68050003
61.9830017 -22.9046001 -1.67700005
61.9317017 -22.7112999 -1.66254997
61.9705009 -22.3540993 -1.69400001
61.9606018 -22.1700001 -1.70089996
61.9271011 -21.906601 -1.70539999
61.9707489 -21.6965504 -1.72904992
61.9897995 -21.0177002 -1.71430004
61.9071503 -21.0812988 2.06494999
61.8013992 -21.1945 2.24119997
61.9779015 -20.8747005 1.70439994
61.8710022 -20.96455 2.08015013
61.888401 -20.8656998 2.25449991
61.9174995 -20.7367992 1.92387998
61.9131012 -20.7055016 2.0632
61.989399 -20.5477009 1.98310006
61.9179001 -20.0822983 -1.77550006
61.8684998 -20.0368004 1.53620005
62.1866989 -39.9963989 -1.04229999
62.1389999 -39.7238503 -1.07500005
62.0816002 -39.5280495 -1.09995008
62.1462021 -39.0328979 -1.102
62.1696014 -38.8170013 -1.11870003
62.1264 -38.6515503 -1.10984993
62.1874008 -38.4544983 -1.13020003
62.0036011 -38.3446999 -1.12380004
62.0986023 -38.0970001 -1.16799998
62.1687012 -37.9806519 -1.14310002
62.0977249 -37.7144737 -1.16925001
62.0834999 -37.4529991 -1.19299996
62.0050011 -37.1295013 -1.18490005
62.152401 -36.587101 -1.19400001
62.1241989 -36.4453011 2.14720011
62.1091995 -36.4099998 2.34535003
62.0605011 -36.4455032 2.72865009
62.0970993 -36.2695007 -1.20179999
62.0664444 -36.3383865 2.3197
62.0832748 -36.3089752 2.51880002
62.1182594 -36.3428612 2.7200799
62.1455994 -36.2689018 2.87450004
62.1463737 -36.1317253 2.29577494
62.0273018 -36.176899 2.48440003
62.1800766 -36.1248512 2.69657493
62.1200981 -35.9209671 -1.23513341
62.1096001 -35.8733597 2.24934006
62.1668015 -35.9519997 2.97320008
62.0388031 -35.6858978 -1.21810007
62.096859 -35.6725197 2.31076002
62.0173988 -35.6297989 2.49119997
62.0596352 -35.701767 2.66166663
62.1086006 -35.7969017 2.97440004
62.0014 -35.5098 -1.23539996
62.0816002 -35.4818001 2.19740009
62.1464005 -35.4232025 2.29194999
62.0968018 -35.487648 2.52799988
62.0031013 -35.5791016 2.67090011
62.0376015 -35.3288002 -1.25230002
62.0949478 -35.2757492 2.14475012
62.1216812 -35.2733841 2.29926658
62.0814018 -35.031601 -1.26370001
62.1880989 -35.0798988 1.73959994
62.0918007 -35.0522194 1.91447997
62.1087646 -35.0792999 2.09198332
62.0949593 -35.072422 2.25798011
62.0601997 -35.0270996 2.41549993
62.0447006 -34.955349 -1.26029992
62.1236992 -34.9112015 1.99909997
62.0681839 -34.9332504 2.13596678
62.1054649 -34.909832 2.29346681
62.1369019 -34.64505 -1.24425006
62.070549 -34.6820984 2.07889986
62.0893288 -34.722702 2.32864285
62.1632996 -34.7392006 2.41050005
62.1156006 -34.4469986 -1.28460002
62.0907249 -34.5443497 2.33165002
62.0848503 -34.5165482 2.40810013
62.1579018 -34.5386009 2.62840009
62.0781021 -34.2328987 -1.25244999
62.0405998 -34.307251 2.47305012
62.1059418 -34.2799416 2.69907141
62.1230011 -34.2420006 2.87625003
62.0785789 -34.1233902 2.71088886
62.0997505 -34.0924988 2.85829997
62.0153999 -33.8886986 -1.2924
62.0220985 -33.9362984 2.49519992
62.0074005 -33.8129005 2.70589995
62.1287498 -33.6996994 -1.25495005
62.0667 -33.5155983 -1.29069996
62.0826988 -33.3322983 -1.31459999
62.0309982 -33.0345993 -1.32290006
62.0405998 -32.7691994 -1.3154
62.0527992 -32.5928993 -1.3484
62.1040649 -32.3171654 -1.35296667
62.1638985 -31.6767006 -1.36310005
62.0707016 -31.5221996 -1.40750003
62.1431007 -31.5452995 -1.37899995
62.0951004 -31.2959995 -1.39950001
62.1231499 -30.97295 -1.37045002
62.1250496 -30.7518997 -1.40269995
62.0256996 -30.2124004 -1.45809996
62.1773987 -29.4972 -1.40480006
62.1682014 -29.3449001 -1.43920004
62.0901985 -28.9260674 -1.44303334
62.1189499 -28.4916496 -1.449
62.140152 -28.2835007 -1.48749995
62.1767998 -27.9451008 -1.50160003
62.0796013 -27.6222 -1.49100006
62.1139984 -27.3360996 -1.49880004
62.0499001 -26.6599998 -1.52030003
62.0828018 -26.3924007 -1.55830002
62.185051 -25.9486008 -1.57929993
62.1259003 -25.4662991 -1.59000003
62.0719986 -25.1788998 -1.58829999
62.0096016 -24.9615002 -1.6516
62.0582008 -23.7185993 -1.6724
62.0553513 -23.5056992 -1.62879992
62.0446014 -22.9804001 -1.64030004
62.0740509 -22.6735001 -1.67420006
62.1182022 -22.1456985 -1.69984996
62.0890503 -21.7704506 -1.7069
62.1380005 -21.5009003 -1.74049997
62.1138 -21.3198662 -1.72920001
62.139801 -21.1653996 -1.74240005
62.0779381 -21.0450993 2.13346004
62.0747986 -20.9599991 -1.74090004
62.0759506 -20.9145508 1.98609996
62.0797272 -20.9014626 2.11274552
62.1534996 -20.8824997 2.29900002
62.0942154 -20.7207508 1.96074998
62.1447754 -20.7379494 2.05532503
62.1292 -20.5678997 -1.7457
62.0549011 -20.5597992 2.1315999
62.240799 -39.4196014 -1.07120001
62.3227005 -39.0897522 -1.10479999
62.2873497 -38.4413986 -1.12805009
62.3740005 -38.3268013 -1.12849998
62.3451004 -37.9619522 -1.14135003
62.2783012 -37.7643013 -1.15579998
62.3666992 -37.0502014 -1.20410001
62.2481003 -37.1500015 -1.18700004
62.2689667 -36.9545326 -1.17953336
62.2470016 -36.4822998 -1.17449999
62.2985001 -36.2367477 2.78705001
62.2735329 -36.2609673 2.84056664
62.2831345 -36.0698318 -1.21930003
62.2549019 -36.1517982 2.3211
62.2177505 -36.0890503 2.43454981
62.2649651 -36.1089325 2.76473331
62.3283653 -36.169632 2.8409667
62.271534 -35.867569 2.15253329
62.2983131 -35.8564148 2.28128576
62.3115349 -35.9659653 2.56426668
62.2985001 -35.9413986 2.68109989
62.2314987 -35.9291992 2.81780005
62.2957001 -35.6693001 -1.25600004
62.2024994 -35.7420998 -1.19500005
62.3320656 -35.6933022 2.36613345
62.2849998 -35.5777016 -1.24530005
62.2181015 -35.5051994 2.32229996
62.3049507 -35.5117989 2.47924995
62.2001991 -35.3881989 2.15400004
62.2559395 -35.2800598 2.34254003
62.2561493 -35.1079483 1.96885002
62.2939987 -35.0990486 2.06064987
62.3572998 -35.1144981 2.34136677
62.3422356 -35.1272011 2.42750001
62.2331009 -34.9455986 -1.24370003
62.2898483 -34.95895 2.13595009
62.3098412 -34.9014854 2.32550001
62.2234001 -34.8577995 2.42499995
62.3843994 -34.7720985 -1.26559997
62.2431984 -34.7601013 2.3441
62.3361511 -34.730587 2.47291255
62.2677002 -34.5984993 2.53600001
62.223999 -34.4546013 2.68179989
62.2809982 -34.3059006 2.71605015
62.2662315 -34.2366676 2.89823341
62.2405014 -34.1924019 2.56450009
62.2443008 -34.1860504 2.78250003
62.271698 -34.1674004 2.9024334
62.3846016 -33.7691002 -1.25680006
62.3209 -33.3097992 -1.31840003
62.3300018 -33.0847015 -1.33739996
62.3972015 -32.9012985 -1.33659995
62.3773994 -32.2643967 -1.35459995
62.3782005 -31.6632004 -1.3664
62.2154007 -31.2912998 -1.38339996
62.3316994 -30.8192501 -1.42234993
62.3781013 -30.6271992 -1.4483
62.3140488 -30.6540985 -1.39049995
62.2449989 -30.0893002 -1.40680003
62.3052521 -29.8701 -1.43634999
62.3889008 -29.0830994 -1.45229995
62.350399 -28.7465 -1.46730006
62.2653008 -28.5028 -1.42820001
62.3902016 -27.8567009 -1.48629999
62.209301 -27.7770004 -1.48119998
62.3480988 -27.2485008 -1.52059996
62.210701 -26.6546993 -1.55659997
62.3737984 -26.5296001 -1.57480001
62.3908997 -26.0142994 -1.57169998
62.3708992 -25.9864998 -1.56770003
62.2723999 -25.6126003 -1.58889997
62.3626022 -25.3910503 -1.59039998
62.3945999 -25.0720997 -1.58220005
62.3586998 -24.9181004 -1.62129998
62.2900009 -24.5408001 -1.61029994
62.2630997 -24.5035 -1.54519999
62.3700981 -23.9360008 -1.62150002
62.3711014 -23.6898003 -1.62039995
62.2700005 -23.3817005 -1.67390001
62.3067513 -23.0662994 -1.67420006
62.2770004 -22.1264 -1.70449996
62.2120018 -21.7278004 -1.75179994
62.2270012 -21.0226002 -1.72909999
62.2469482 -21.0223503 2.23119998
62.3176003 -20.9164009 -1.73675001
62.2981987 -20.8722 1.824
62.2088013 -20.8994999 2.19070005
62.2308998 -20.9297009 2.25149989
62.3191986 -20.6431007 -1.76279998
62.2410011 -20.72575 1.9095
62.2666016 -20.6779995 2.10500002
62.2141991 -20.4773006 -1.76569998
62.2639008 -20.3957005 -1.74600005
62.2550011 -20.1987 -1.74880004
62.5979004 -39.8686981 -1.08249998
62.5273018 -39.1459007 -1.12619996
62.5213013 -38.9374008 -1.10640001
62.5433998 -38.7874985 -1.12520003
62.4738007 -38.3667984 -1.12084997
62.5301018 -37.9553986 -1.16430008
62.4728012 -37.7345009 -1.14830005
62.4514008 -37.0802002 -1.20229995
62.5147018 -37.0070992 -1.19589996
62.5919991 -36.7092018 -1.1825
62.4648018 -36.4571991 -1.20990002
62.5171013 -36.3331985 -1.19369996
62.4436989 -36.2417984 2.95029998
62.4067001 -36.1035995 2.90319991
62.4631004 -36.0951004 3.01209998
62.5884018 -35.9584007 -1.22379994
62.4660492 -35.9008675 2.15693331
62.4627991 -35.8548508 2.31127501
62.5010529 -35.8723526 2.46255016
62.5539017 -35.6898003 -1.25549996
62.4823799 -35.7004204 2.33874011
62.5376015 -35.6346016 2.47799993
62.5676994 -35.4943008 -1.23954999
62.4575005 -35.5085983 2.33786654
62.5288773 -35.5515213 2.47986674
62.4662018 -35.3353996 -1.24220002
62.440136 -35.3123665 2.33083344
62.5257492 -35.2718506 2.43499994
62.5647011 -35.1039009 -1.25813329
62.5403519 -35.0520515 2.37704992
62.5451012 -35.0865669 2.42309999
62.452034 -34.9199677 2.34803343
62.544239 -34.8777008 2.45458007
62.4412003 -34.6675987 -1.25610006
62.5390015 -34.6110992 2.24950004
62.5238609 -34.6991386 2.47665
62.584301 -34.5740013 -1.26520002
62.4155998 -34.5433006 2.55189991
62.4659004 -34.4422989 2.77160001
62.4995995 -33.7566986 -1.28600001
62.5937004 -33.5329018 -1.31900001
62.4793015 -33.3112984 -1.33729994
62.5102005 -32.8903999 -1.33239996
62.4608002 -32.7538528 -1.32780004
62.5065346 -32.5485992 -1.34986663
62.5583992 -32.1526985 -1.33539999
62.4765663 -31.9496326 -1.36099994
62.5727005 -31.7756004 -1.40649998
62.4659004 -31.5818005 -1.39680004
62.5396004 -31.25 -1.41270006
62.5014992 -31.3234997 -1.3994
62.4721985 -31.1819992 -1.3642
62.5619507 -30.8778 -1.40709996
62.530201 -30.9536991 -1.38119996
62.5737 -30.6886005 -1.42089999
62.4286995 -30.3309994 -1.42390001
62.4375992 -30.1851997 -1.39209998
62.5331993 -29.8274002 -1.39629996
62.5177994 -29.6382999 -1.42400002
62.5221672 -29.4805012 -1.42550004
62.5318985 -29.3312988 -1.42304993
62.5126991 -29.0555 -1.43570006
62.5438347 -28.7194004 -1.44243336
62.5056 -28.4892502 -1.48434997
62.5414009 -28.2835999 -1.48590004
62.5566483 -28.1082001 -1.48014998
62.5769005 -27.8878994 -1.48109996
62.5494995 -27.6804008 -1.454
62.5842018 -27.4617996 -1.50940001
62.5173988 -27.3792 -1.49820006
62.4626007 -27.1243992 -1.50573337
62.4999352 -26.877634 -1.52793336
62.5367012 -26.3803005 -1.55920005
62.4412994 -26.1054001 -1.54750001
62.5782013 -25.8122997 -1.61969995
62.594101 -25.7868004 -1.58809996
62.4570999 -25.4461994 -1.6187501
62.5525017 -25.5417995 -1.57389998
62.5331001 -25.1320992 -1.60020006
62.4822998 -24.8241005 -1.64049995
62.4532013 -24.8476009 -1.55669999
62.4286003 -24.7710991 -1.59350002
62.5499992 -24.2632999 -1.63900006
62.4715004 -24.1586494 -1.61835003
62.5115509 -23.9061508 -1.65320003
62.4538994 -23.7014999 -1.63820004
62.4558487 -23.236599 -1.66729999
62.4730988 -23.0156498 -1.69534993
62.4776001 -22.9083004 -1.68789995
62.5686989 -22.6151009 -1.70829999
62.5073662 -22.5380669 -1.70816672
62.4211006 -22.3665009 -1.70920002
62.4441986 -22.1643009 -1.72099996
62.4957657 -21.9180336 -1.71983337
62.5749016 -21.6735001 -1.70430005
62.5936012 -21.2740993 -1.75450003
62.4795494 -21.0560493 -1.75189996
62.4051018 -20.6492004 -1.76129997
62.4436989 -20.4057007 -1.79359996
62.4030991 -20.0468998 -1.77639997
62.6417503 -39.9548492 -1.06739998
62.6371002 -39.6008987 -1.09309995
62.6105995 -39.5233994 -1.0826
62.6548004 -39.2854996 -1.11829996
62.6268501 -39.0852509 -1.12715006
62.7032013 -38.8607483 -1.12559998
62.7457504 -38.7005005 -1.12520003
62.6329994 -38.2794991 -1.2069
62.7388992 -38.2794685 -1.1389333
62.7139015 -37.8171997 -1.17449999
62.6116982 -37.6445999 -1.17149997
62.6773491 -37.5443001 -1.15840006
62.6509018 -37.3156013 -1.18270004
62.7300987 -36.6780014 -1.20140004
62.6932983 -36.4850998 -1.22860003
62.6511002 -36.5349998 -1.19910002
62.6285019 -36.2336998 -1.20490003
62.6090012 -35.9136505 -1.21560001
62.6105995 -35.6119003 -1.25580001
62.6268005 -35.6441994 2.3276999
62.6349487 -35.5591011 2.67040014
62.6016998 -35.3510017 2.47300005
62.6402245 -34.9180489 2.55342507
62.6613998 -34.8858986 2.64639997
62.7327995 -34.7070999 -1.2811501
62.6806412 -34.6838722 2.51952863
62.6882744 -34.6557007 2.63790011
62.6490479 -34.5542984 2.50110006
62.6948471 -34.5529022 2.71869993
62.608799 -34.3168983 -1.27509999
62.6706009 -33.908699 -1.30334997
62.6827011 -33.7397003 -1.27340007
62.6565018 -33.3267517 -1.30949998
62.6170998 -33.1699982 -1.31860006
62.7080002 -32.4157982 -1.32710004
62.6380005 -32.0723 -1.40999997
62.7217026 -30.4510994 -1.41069996
62.6330986 -30.5795994 -1.39709997
62.7546997 -30.3365993 -1.41009998
62.6768494 -29.7117004 -1.44484997
62.6535988 -29.4305 -1.47599995
62.6861496 -29.3123512 -1.44544995
62.615448 -29.133049 -1.45539999
62.6595001 -28.9839993 -1.46159995
62.6374016 -28.7243004 -1.44930005
62.7594986 -28.4130993 -1.45000005
62.6763 -28.3455009 -1.49339998
62.7122002 -28.0485001 -1.53190005
62.7901001 -27.8265991 -1.49059999
62.7965012 -27.7282009 -1.52049994
62.6147003 -27.1721001 -1.51400006
62.6987495 -26.5320511 -1.54460001
62.7151489 -26.3017998 -1.55704999
62.7098999 -25.9797001 -1.56920004
62.6307983 -25.6296997 -1.56210005
62.7854996 -25.5449009 -1.60689998
62.7532997 -25.2465 -1.63670003
62.7412987 -25.1546001 -1.58249998
62.7164001 -24.8917503 -1.61689997
62.7151985 -24.6576996 -1.61099994
62.7346001 -24.495966 -1.63499999
62.6501999 -24.1895008 -1.59510005
62.7779503 -23.9276009 -1.66055
62.7192993 -23.5508995 -1.62080002
62.6843987 -22.9153996 -1.71329999
62.7644005 -21.8796997 -1.72409999
62.7271996 -21.7245998 -1.72979999
62.6236992 -21.3862 -1.75530005
62.7960014 -21.0090008 -1.73940003
62.7031021 -20.9098511 -1.77090001
62.7085991 -20.6977673 -1.76806664
62.7117996 -20.5522499 -1.78364992
62.6223984 -20.0914993 -1.80410004
62.946701 -39.6004982 -1.11570001
62.8739014 -39.3863983 -1.10249996
62.9996986 -39.1456985 -1.14119995
62.8063011 -38.4466019 -1.14530003
62.9522018 -38.3196983 -1.14590001
62.8731003 -37.8619995 -1.17589998
62.8351517 -37.5103989 -1.18260002
62.9218521 -37.1530495 -1.19235003
62.8602524 -36.8632965 -1.21284997
62.8806648 -36.3092003 -1.22383332
62.9888 -36.0639992 -1.25450003
62.8651009 -35.1022987 -1.26169991
62.9159012 -34.7005997 -1.28390002
62.8396988 -34.6174011 2.53399992
62.9524002 -34.2602005 -1.30914998
62.9754982 -34.0551987 -1.33949995
62.8866997 -33.9970016 -1.30569994
62.8614998 -33.3681984 -1.3233
62.987999 -33.0416985 -1.32430005
62.9243011 -32.9575996 -1.36360002
62.9206009 -31.8631001 -1.4059
62.9349518 -31.9050503 -1.36759996
62.9015007 -31.7649002 -1.375
62.8274002 -31.2632999 -1.36290002
62.8210983 -30.8309002 -1.41589999
62.8671989 -30.9764996 -1.3944
62.8291016 -30.7583008 -1.47210002
62.8541985 -30.2577991 -1.41499996
62.8734512 -30.0504494 -1.41345
62.9343987 -29.8360996 -1.40989995
62.9158478 -28.6838493 -1.46595001
62.9399033 -27.9216003 -1.48979998
62.8723984 -27.1371002 -1.5043
62.9561996 -26.7612991 -1.60070002
62.8913612 -26.7316399 -1.52908003
62.911499 -26.4964008 -1.56649995
62.9049988 -26.3724003 -1.56570005
62.8743515 -26.1244011 -1.56914997
62.9285011 -25.6336002 -1.61380005
62.9542999 -25.7313004 -1.58510005
62.8773994 -25.4549007 -1.59249997
62.9712982 -24.5632992 -1.64219999
62.8959999 -24.1245003 -1.64144993
62.9648018 -23.7640991 -1.63059998
62.9541473 -23.5580997 -1.65879989
62.8861504 -22.9703484 -1.68079996
62.8737984 -22.7334003 -1.66289997
62.8652 -22.4230003 -1.72880006
62.9197769 -22.3020992 -1.711025
62.8428993 -21.5151997 -1.7428
62.8045998 -21.1208992 -1.76610005
62.9822006 -20.6219006 -1.7586
62.8181992 -20.4060993 -1.79509997
62.8638992 -20.0762005 -1.81980002
62.8923988 -20.0109005 -1.79649997
63.1111679 -39.8579674 -1.09630001
63.0867996 -39.6824989 -1.13610005
63.1659012 -39.5503998 -1.09860003
63.1409988 -39.3180008 -1.12259996
63.097065 -39.1074333 -1.13440001
63.1710014 -38.8931007 -1.14339995
63.1367989 -38.7191315 -1.12779999
63.146698 -38.4306488 -1.14179993
63.1729012 -38.3053017 -1.19729996
63.1832008 -38.0815659 -1.16176665
63.1750984 -37.8312988 -1.18490005
63.1241989 -37.6578522 -1.1724999
63.1254005 -37.4888496 -1.16914999
63.1233978 -37.3159332 -1.17840004
63.1172028 -37.0251503 -1.1911
63.1687012 -36.8610992 -1.20720005
63.101326 -36.6770248 -1.21729994
63.0587006 -36.4645996 -1.21710002
63.0786018 -36.0681992 -1.25880003
63.1713982 -35.9280014 -1.24039996
63.0996017 -35.7913017 -1.23570001
63.1025009 -35.5381012 -1.25106668
63.0881996 -35.3092499 -1.27775002
63.141201 -35.0694008 -1.25489998
63.1159515 -34.871048 -1.27625
63.1094017 -34.6292992 -1.28139997
63.0555992 -34.5522995 -1.28330004
63.0905342 -34.2364998 -1.29276669
63.1123009 -34.043251 -1.29380012
63.1268997 -33.6405983 -1.30583334
63.1316986 -33.5407982 -1.36800003
63.0281982 -33.2873001 -1.32169998
63.1534004 -33.1893005 -1.35520005
63.0628662 -32.7157669 -1.34473336
63.0861015 -32.5573997 -1.37800002
63.0138016 -32.1777 -1.40779996
63.0275993 -31.8862991 -1.39619994
63.0624008 -31.5508003 -1.42630005
63.1429977 -31.519249 -1.39520001
63.1873016 -31.2168999 -1.40509999
63.1315994 -31.2220993 -1.38409996
63.1152992 -31.0396004 -1.4181
63.082901 -31.1502991 -1.39649999
63.1954994 -30.9181004 -1.38859999
63.1032333 -30.6653004 -1.42563331
63.087368 -30.4986324 -1.42696667
63.0592003 -30.5051994 -1.39909995
63.1147995 -30.2621994 -1.4162333
63.1110535 -30.0475998 -1.43879998
63.0700989 -30.0657997 -1.39520001
63.0143013 -29.9997997 -1.44360006
63.0943985 -29.7126007 -1.4684
63.1395493 -29.5053501 -1.43919992
63.0578995 -29.3251495 -1.4614501
63.1285019 -29.1821003 -1.43980002
63.0987015 -28.9608002 -1.48804998
63.0712318 -28.7164001 -1.4677
63.0542984 -28.5247002 -1.47179997
63.1058006 -28.2346001 -1.45070004
63.0936508 -28.1763 -1.49489999
63.1253014 -27.8605995 -1.51300001
63.0057983 -27.6867008 -1.53719997
63.157402 -27.4309998 -1.51929998
63.0529251 -27.3333244 -1.54154992
63.1929016 -26.9596004 -1.54900002
63.1240005 -26.5412998 -1.55970001
63.0639 -26.2807999 -1.58270001
63.1753998 -26.1287003 -1.56889999
63.1021004 -25.9643002 -1.57679999
63.0838661 -25.6819324 -1.61216664
63.1534996 -25.7094002 -1.58179998
63.0144005 -25.5433006 -1.58060002
63.1108017 -25.2935009 -1.58659995
63.1231995 -25.0011997 -1.62460005
63.0126991 -23.8882008 -1.64250004
63.0047989 -23.6035004 -1.68200004
63.0388489 -23.02565 -1.68359995
63.0784988 -22.8757 -1.69770002
63.0723495 -22.7094002 -1.71539998
63.0391998 -22.5380993 -1.71510005
63.0630493 -22.2398987 -1.71825004
63.1304016 -21.9342499 -1.72320008
63.0788994 -21.7298508 -1.734725
63.0691986 -21.46945 -1.74589992
63.1156502 -21.1462002 -1.75169992
63.1170998 -20.8560009 -1.80110002
63.0021019 -20.8866005 -1.79359996
63.0876007 -20.7826004 -1.7658
63.149601 -20.4193993 -1.78820002
63.2436333 -39.6781006 -1.10856664
63.2887001 -39.4404984 -1.09630001
63.2084007 -39.2312012 -1.10070002
63.3754997 -38.8895988 -1.1401
63.3549004 -38.6786995 -1.12730002
63.3947983 -38.1078987 -1.1674
63.3727989 -37.6679993 -1.20720005
63.287632 -37.3033676 -1.17903328
63.2532997 -37.050499 -1.24549997
63.2726974 -36.5009499 -1.25555003
63.2752342 -36.2505684 -1.23280001
63.3256989 -36.1688995 -1.25189996
63.3340988 -35.5043488 -1.27559996
63.2863998 -35.013401 -1.27980006
63.2937012 -34.7840004 -1.28600001
63.3564987 -34.4841995 -1.30990005
63.3903008 -33.407299 -1.32700002
63.2734985 -32.635498 -1.33039999
63.2429008 -32.4977989 -1.37300003
63.3027992 -32.3540993 -1.36829996
63.3877983 -32.1283989 -1.37370002
63.2994003 -31.9668007 -1.38960004
63.3930016 -31.7178001 -1.39069998
63.3111 -31.5251999 -1.39779997
63.2075005 -31.3330994 -1.41869998
63.3508987 -31.3190002 -1.39750004
63.2946014 -31.0884991 -1.40339994
63.2440987 -31.1594009 -1.3994
63.3513985 -30.9852009 -1.42690003
63.3244514 -30.2506504 -1.44910002
63.2644005 -29.9937992 -1.47249997
63.2728004 -29.6595001 -1.47000003
63.3248978 -29.5181007 -1.43830001
63.3321991 -29.3838997 -1.4375
63.2282982 -29.0795994 -1.48710001
63.3922997 -28.8421993 -1.46300006
63.3238983 -28.4643002 -1.48399997
63.2360001 -28.1786995 -1.49430001
63.3572006 -27.9111004 -1.48150003
63.2532005 -27.3344994 -1.5158
63.2925987 -27.1448994 -1.54390001
63.3567505 -26.6961498 -1.57375002
63.2947998 -26.4857998 -1.53170002
63.3479996 -26.2856998 -1.61329997
63.3880997 -26.2705002 -1.57459998
63.3442993 -26.0130005 -1.59329998
63.382 -25.6695995 -1.57749999
63.297699 -25.0291996 -1.61109996
63.3753014 -25.0597 -1.5977
63.2602005 -24.6567001 -1.63269997
63.3238983 -24.5506992 -1.6214
63.3396759 -24.2692261 -1.64207506
63.2771988 -23.9993992 -1.67859995
63.3572998 -23.6404991 -1.67320001
63.2512016 -23.4036007 -1.69799995
63.2141991 -23.0825996 -1.70910001
63.3760986 -22.7404995 -1.7105
63.2719002 -22.4505997 -1.7313
63.2792015 -22.2716331 -1.72543335
63.3936996 -22.0293999 -1.71270001
63.3815994 -21.8481998 -1.73899996
63.3396988 -21.0713997 -1.77030003
63.3110008 -20.9117508 -1.77197504
63.3712997 -20.6588993 -1.80429995
63.2097015 -20.7784004 -1.7809
63.2789001 -20.5480995 -1.77199996
63.2689018 -20.2626991 -1.81219995
63.3368988 -20.3036003 -1.78929996
63.2075005 -20.0764008 -1.81889999
63.4585991 -39.9415016 -1.07780004
63.4849014 -39.3917007 -1.11570001
63.5239983 -38.8557014 -1.14129996
63.5522995 -38.5560989 -1.16670001
63.5099983 -38.1562004 -1.14919996
63.4192009 -37.9958992 -1.13329995
63.4659996 -37.7036018 -1.17709994
63.4698982 -37.2876015 -1.18439996
63.4726982 -37.0864983 -1.20340002
63.4946518 -36.8654022 -1.23274994
63.5098991 -36.6817665 -1.22759998
63.5223503 -36.5319519 -1.24860001
63.523201 -36.2556992 -1.22389996
63.476799 -36.0814018 -1.23269999
63.5415993 -35.8520966 -1.25964999
63.4164009 -35.3853989 -1.24479997
63.5014992 -35.078701 -1.28180003
63.5702019 -34.888401 -1.28569996
63.4952011 -34.6809998 -1.26880002
63.581749 -34.5139503 -1.28990006
63.5550652 -34.1124344 -1.31893337
63.5021248 -33.890625 -1.31637502
63.4912643 -33.4933014 -1.33353329
63.4967995 -33.2749481 -1.35474992
63.4136009 -33.1820984 -1.33239996
63.5309982 -32.9558983 -1.33739996
63.5786018 -32.6348991 -1.40400004
63.5384521 -32.3062973 -1.36669993
63.4925003 -32.0345001 -1.39100003
63.5362015 -31.7252007 -1.40374994
63.4611015 -31.4867001 -1.4174
63.5642014 -31.2905006 -1.40269995
63.5330009 -31.0123997 -1.41509998
63.5443001 -30.8153 -1.42040002
63.4483986 -30.9169006 -1.39779997
63.463501 -30.7103996 -1.44819999
63.4944992 -30.2654991 -1.45214999
63.5223999 -30.1110992 -1.44379997
63.5955009 -29.9461994 -1.45669997
63.4971008 -29.6152 -1.44554996
63.5605011 -29.5781994 -1.4598
63.4999504 -29.0772991 -1.46429992
63.5261002 -28.5914993 -1.47650003
63.5603027 -28.1293983 -1.49950004
63.4789505 -27.876049 -1.50115001
63.5171738 -27.696476 -1.52614999
63.4440002 -27.5974007 -1.53359997
63.4987679 -27.1210995 -1.52890003
63.501297 -26.9383335 -1.54466665
63.4766006 -26.7520008 -1.54970002
63.4598007 -26.2960663 -1.57193327
63.4992981 -26.1053009 -1.58990002
63.4614983 -25.9463005 -1.58010006
63.4334984 -25.7737999 -1.58449996
63.4284515 -25.5032501 -1.60500002
63.4687996 -25.2796993 -1.61609995
63.5093002 -25.3950005 -1.5941
63.4393997 -25.1604004 -1.62559998
63.4615479 -24.9105263 -1.62352502
63.5964012 -24.7985992 -1.65699995
63.4763985 -24.3624001 -1.6473
63.4957008 -24.0879993 -1.65719998
63.5024986 -23.8882656 -1.67456663
63.4542999 -23.7188988 -1.68200004
63.461998 -23.4722004 -1.68805003
63.5322685 -23.3041325 -1.69260001
63.516449 -23.0572014 -1.70219994
63.5771027 -22.9724998 -1.70190001
63.4587479 -22.6630001 -1.71064997
63.4477005 -22.2973003 -1.73660004
63.5758018 -21.8297997 -1.72590005
63.4720993 -21.0205994 -1.80060005
63.5849991 -21.0997009 -1.77520001
63.6769485 -39.8956985 -1.08439994
63.7173004 -39.7644997 -1.10739994
63.6781998 -39.4786682 -1.11423337
63.6984024 -39.3082504 -1.13499999
63.7010002 -39.1218338 -1.12996662
63.6504326 -38.957901 -1.13520002
63.6587982 -38.6559982 -1.16429996
63.6940651 -38.4368019 -1.16163337
63.675499 -38.3531494 -1.20359993
63.7841988 -38.2843018 -1.17385006
63.6314507 -38.0792007 -1.17414999
63.7228012 -37.8946495 -1.17895007
63.7071991 -37.7825012 -1.18190002
63.7491989 -37.2328987 -1.19280005
63.7411003 -37.0010986 -1.20350003
63.6204529 -37.0634499 -1.19354999
63.7528 -36.8457985 -1.20369995
63.6811981 -36.6757507 -1.20490003
63.6287994 -36.531601 -1.23959994
63.6278 -36.0435982 -1.23520005
63.7831001 -35.8414993 -1.23269999
63.6091995 -35.5882988 -1.27079999
63.686924 -35.324749 -1.27657497
63.7545013 -34.9516983 -1.28770006
63.6389999 -34.7179337 -1.29756665
63.6870995 -34.4229012 -1.29719996
63.6109009 -33.8558998 -1.30659997
63.7220993 -33.7514992 -1.28429997
63.6995506 -32.9088974 -1.36385
63.6342506 -32.5424004 -1.3526001
63.7729988 -32.2062988 -1.37269998
63.6239014 -32.0651016 -1.37580001
63.7380981 -31.8579998 -1.42130005
63.6775017 -31.8694 -1.3757
63.7246017 -31.7807007 -1.40330005
63.6380997 -31.5191002 -1.41750002
63.7929993 -31.3339996 -1.44799995
63.6488991 -31.0536995 -1.41149998
63.7044983 -30.8661003 -1.40129995
63.6339989 -30.8598003 -1.38049996
63.7010994 -30.6012993 -1.44350004
63.7714996 -30.5431995 -1.44350004
63.7589989 -30.3243999 -1.48269999
63.6702271 -29.926075 -1.44937503
63.7507019 -29.7136002 -1.50319993
63.7000999 -29.4720001 -1.47759998
63.6891518 -29.3239498 -1.45994997
63.6727982 -29.1026497 -1.47724998
63.7005997 -28.8808002 -1.47423339
63.6657486 -28.7509003 -1.47530007
63.6032982 -28.4253998 -1.50119996
63.6719017 -28.3885002 -1.49629998
63.6376343 -28.1079998 -1.51090002
63.6523666 -27.8505669 -1.50103331
63.7655983 -27.4694996 -1.51950002
63.7018013 -27.3826008 -1.58200002
63.660202 -27.15275 -1.55270004
63.7832985 -26.8561001 -1.54960001
63.7299004 -26.7416 -1.58780003
63.6075516 -26.5040512 -1.55655003
63.7066994 -26.1478004 -1.56710005
63.6617012 -25.8507004 -1.59360003
63.7203979 -25.6683006 -1.60769999
63.6290016 -25.4990997 -1.61310005
63.6512985 -25.3363991 -1.63460004
63.7947998 -24.9450493 -1.63739991
63.7448997 -24.6777 -1.63740003
63.6442986 -24.4692993 -1.67499995
63.7636032 -24.0930996 -1.6568501
63.6577988 -23.0545006 -1.69299996
63.6987 -22.9291992 -1.70085001
63.662365 -22.7528 -1.69190001
63.7456017 -22.2754002 -1.74629998
63.7032509 -22.1521988 -1.73654997
63.6363487 -21.8509998 -1.75024998
63.6939507 -21.4667511 -1.76582503
63.6224976 -21.2999001 -1.76160002
63.6501999 -21.1669006 -1.78100002
63.7286491 -20.9543991 -1.7885499
63.7425995 -20.7040997 -1.78480005
63.6337013 -20.4013996 -1.79799998
63.8685684 -39.9171677 -1.10640001
63.8469009 -39.7369003 -1.10880005
63.8596992 -39.5900497 -1.11960006
63.8251991 -39.2915001 -1.16499996
63.9649315 -38.9338989 -1.15250003
63.9421005 -38.7277985 -1.16939998
63.9157982 -38.5103989 -1.15919995
63.8825989 -38.1244507 -1.17900002
63.8787003 -37.3736 -1.20840001
63.905899 -37.0451012 -1.22749996
63.8643494 -36.8894997 -1.21574998
63.9849014 -36.6668015 -1.21669996
63.895401 -36.4449997 -1.2744
63.9491005 -36.3204002 -1.25689995
63.8694992 -35.6604996 -1.28610003
63.8924332 -35.4652672 -1.25563335
63.9019508 -35.1391983 -1.28104997
63.8902016 -34.5550003 -1.30330002
63.8307991 -34.1374016 -1.3161
63.9633026 -33.884552 -1.33535004
63.9075012 -33.7733002 -1.34870005
63.9106979 -33.5156021 -1.33149993
63.8492012 -33.3716011 -1.37469995
63.8553505 -33.1402512 -1.36069989
63.8680992 -32.8244019 -1.37849998
63.9842987 -32.7961998 -1.35070002
63.8403015 -32.4238014 -1.3769666
63.8648987 -32.2534027 -1.38654995
63.8303986 -32.1039009 -1.37689996
63.8648987 -31.8686008 -1.40620005
63.8084984 -31.5361004 -1.41340005
63.8367996 -31.2161999 -1.42159998
63.9598999 -31.0044003 -1.42429996
63.8992004 -30.7182007 -1.41499996
63.8768005 -30.4714336 -1.4418
63.905468 -30.314867 -1.4461
63.9263496 -29.89505 -1.45484996
63.9285965 -29.7236004 -1.45340002
63.9047012 -29.0557995 -1.49890006
63.8069992 -28.9885006 -1.50230002
63.9939003 -28.4944 -1.4727
63.885498 -28.3151665 -1.51769996
63.8363991 -27.6597004 -1.54519999
63.9666977 -27.5281487 -1.53435004
63.8676987 -27.2481003 -1.5546
63.9364014 -27.1800995 -1.58410001
63.8757477 -26.9420509 -1.55149996
63.9562683 -26.6635666 -1.56780005
63.9589996 -26.4316998 -1.5596
63.8185997 -26.3218994 -1.60440004
63.8992996 -26.2952499 -1.57500005
63.9950981 -26.1131992 -1.57669997
63.8324013 -25.8453503 -1.60765004
63.904232 -25.7058659 -1.61653328
63.9047012 -25.7490997 -1.59500003
63.912899 -25.2682991 -1.625
63.9049339 -24.9518337 -1.63853335
63.9272346 -24.7334995 -1.64403331
63.9079018 -24.5750999 -1.68050003
63.8123016 -24.3771992 -1.65170002
63.865097 -24.1195488 -1.66040003
63.895298 -23.8889008 -1.67823339
63.9525986 -23.6961002 -1.67400002
63.8581009 -23.4202003 -1.70969999
63.9624023 -23.2286987 -1.71235001
63.9242325 -23.0724678 -1.70383334
63.9094658 -22.8917999 -1.71253335
63.9494019 -22.2296009 -1.75829995
63.8796005 -22.0849991 -1.73594999
63.9749527 -21.8511505 -1.76985002
63.8237 -21.6760998 -1.74670005
63.8555984 -21.3327999 -1.77600002
63.953598 -20.8681488 -1.7737
63.8651657 -20.7211666 -1.78250003
63.9761009 -20.4827995 -1.81099999
63.8455009 -20.5119514 -1.79664993
63.9693985 -20.2810001 -1.79569995
63.8247986 -20.1956005 -1.82640004
63.9173012 -20.1187992 -1.79180002
64.1475983 -39.8520012 -1.12989998
64.16465 -39.7286491 -1.13730001
64.1985016 -39.5665016 -1.11819994
64.1357651 -39.313633 -1.13820004
64.1766968 -39.1746979 -1.13310003
64.119751 -38.8404503 -1.16444993
64.1981964 -38.7675018 -1.14789999
64.1086502 -38.2703743 -1.17647505
64.108902 -38.1018982 -1.18247497
64.1057968 -37.8888664 -1.18056667
64.0766983 -37.6744003 -1.20720005
64.174202 -37.4225006 -1.23670006
64.1287003 -37.4631004 -1.19519997
64.1316681 -37.3190002 -1.21173334
64.1197968 -37.3510017 -1.19389999
64.1255035 -37.0640984 -1.20809996
64.1547012 -37.1208 -1.18990004
64.1584015 -36.8426514 -1.22635007
64.1526031 -36.7663002 -1.24039996
64.1098022 -36.5856018 -1.22790003
64.1174011 -36.2690353 -1.24593329
64.0802002 -36.1176987 -1.25569999
64.0606003 -35.8398514 -1.27045
64.0940018 -35.6367989 -1.26660001
64.101532 -35.2458992 -1.28760004
64.0174026 -35.0834007 -1.28729999
64.1186523 -34.9390488 -1.27915001
64.0802994 -34.509201 -1.32089996
64.1451035 -34.3050003 -1.32249999
64.0576324 -34.0569 -1.31566668
64.0475006 -33.9285011 -1.32509995
64.0846024 -33.6563988 -1.34189999
64.081337 -33.5160332 -1.36133325
64.0179443 -33.2385483 -1.3506
64.1531982 -33.1958008 -1.3434
64.0891037 -32.9277992 -1.36889994
64.1011047 -32.7681999 -1.36664999
64.1380997 -32.456501 -1.40059996
64.1213989 -32.1156998 -1.39460003
64.0193024 -31.8041992 -1.421
64.0246964 -31.6599998 -1.39830005
64.0365982 -31.5400009 -1.40129995
64.0147018 -31.5981007 -1.38999999
64.069603 -31.0965996 -1.43869996
64.0267029 -30.9818993 -1.39950001
64.0799332 -30.768034 -1.42583334
64.0124969 -30.5112 -1.44749999
64.1194 -29.9116669 -1.46389997
64.1496964 -29.6809006 -1.48064995
64.0815353 -29.4720001 -1.48430002
64.111496 -29.2844505 -1.47834992
64.1058044 -29.0873489 -1.47245002
64.1437988 -28.9811001 -1.51329994
64.1032486 -28.714901 -1.49464989
64.1300507 -28.4376488 -1.49720001
64.0862427 -28.3402004 -1.495
64.0617676 -28.1308327 -1.5053333
64.0488968 -27.8824005 -1.523
64.1445999 -27.6818333 -1.5370667
64.0964966 -27.4186001 -1.53699994
64.1200027 -27.294899 -1.54594994
64.0196991 -27.0921993 -1.56389999
64.1589508 -26.9214516 -1.56120002
64.0596008 -26.2773495 -1.58784997
64.0193024 -26.0678997 -1.62559998
64.1296997 -25.5212002 -1.59640002
64.0870972 -25.3477993 -1.61660004
64.0109024 -24.9099998 -1.67569995
64.0375977 -23.6872005 -1.67289996
64.0662003 -23.4157009 -1.69930005
64.1066971 -23.2973995 -1.68879998
64.0457993 -23.1784 -1.71809995
64.0524445 -22.8757 -1.71475005
64.0521011 -22.6756992 -1.73189998
64.1496506 -22.5149994 -1.73885
64.0245972 -22.3894997 -1.71399999
64.1091309 -22.0844002 -1.7274667
64.1560974 -21.9237995 -1.76479995
64.1139526 -21.4742508 -1.77854991
64.1613007 -21.2444992 -1.78480005
64.0105972 -21.0606995 -1.81099999
64.0690002 -21.0610008 -1.76489997
64.1791992 -20.5317001 -1.81729996
64.0141983 -20.4351997 -1.77489996
64.0867004 -20.3416004 -1.81729996
64.0100021 -20.0433006 -1.83080006
64.3122025 -39.8582001 -1.13049996
64.3155975 -39.7500992 -1.13320005
64.276001 -39.4109001 -1.12724996
64.311203 -39.2512321 -1.13013339
64.2474976 -39.1399994 -1.16460001
64.282753 -38.9190521 -1.13835001
64.203598 -37.8157005 -1.18570006
64.3318024 -37.6649017 -1.21029997
64.3016052 -37.547699 -1.21469998
64.2124023 -36.8754997 -1.25419998
64.2661972 -36.1418991 -1.27550006
64.3908005 -35.8027 -1.30809999
64.3410034 -35.7897987 -1.2658
64.2046967 -35.5614014 -1.28509998
64.3796005 -35.2869987 -1.2902
64.3251038 -35.0344505 -1.31385005
64.3856506 -34.9127007 -1.31470001
64.3252029 -34.7907982 -1.29859996
64.3377991 -34.5051003 -1.309075
64.3326035 -34.1226006 -1.31299996
64.3757019 -33.9970016 -1.4073
64.2341003 -33.8801003 -1.35109997
64.3312988 -33.4297981 -1.32260001
64.3022003 -33.3790016 -1.34379995
64.2533035 -32.9855003 -1.35580003
64.2958984 -32.6777992 -1.45009995
64.281601 -32.512001 -1.39569998
64.2951508 -32.3030472 -1.37744999
64.2020035 -31.9647007 -1.3865
64.3395996 -31.7667999 -1.40149999
64.2076035 -31.7614994 -1.39139998
64.3660965 -31.5443993 -1.40999997
64.202301 -31.3248997 -1.46000004
64.229599 -31.0879993 -1.42149997
64.3820496 -30.8278503 -1.44545007
64.2304993 -30.7460995 -1.4217
64.3238983 -30.3539009 -1.43499994
64.2033005 -30.0412998 -1.4756
64.2464447 -29.9276009 -1.47924995
64.2918015 -29.2198009 -1.50300002
64.2366028 -29.1028996 -1.49520004
64.2866974 -28.6294994 -1.50220001
64.2965012 -28.5111008 -1.52190006
64.3889999 -28.2532005 -1.49845004
64.3459015 -27.5349998 -1.53289998
64.3118362 -27.0442657 -1.56913328
64.288475 -26.8504486 -1.58360004
64.3474503 -26.65345 -1.57099998
64.2754517 -26.52005 -1.5783
64.3522491 -26.2872505 -1.62925005
64.3626022 -26.3831997 -1.58800006
64.3041992 -26.1793003 -1.61689997
64.3552704 -25.8901672 -1.61003339
64.2869492 -25.6940002 -1.61774993
64.3114014 -25.5111332 -1.62506664
64.3555679 -25.261734 -1.63226664
64.3917999 -25.0638008 -1.63460004
64.2883987 -24.9106827 -1.63973331
64.3218002 -24.6983986 -1.64125001
64.3089676 -24.4540005 -1.66149998
64.3540955 -24.2423 -1.68034995
64.3260651 -23.9144993 -1.67433333
64.3038025 -23.6933002 -1.70179999
64.3295441 -23.5018005 -1.68254995
64.3615036 -23.0408001 -1.72590005
64.2474976 -22.9433002 -1.71060002
64.3824997 -22.6938 -1.75100005
64.3302002 -22.5783005 -1.70309997
64.3751984 -22.3101006 -1.73495007
64.2602997 -22.1088486 -1.76154995
64.2016983 -21.9736996 -1.73280001
64.2120972 -21.7068996 -1.7773
64.2686462 -21.4745998 -1.77534997
64.2659988 -21.2413006 -1.78620005
64.3347015 -21.157299 -1.80609989
64.2405014 -21.0681496 -1.78139997
64.2481995 -20.9633007 -1.78390002
64.2335968 -20.6861 -1.8075
64.2576981 -20.6217995 -1.79190004
64.3086014 -20.4181995 -1.80470002
64.2606964 -20.2308006 -1.81140006
64.2304993 -20.1191998 -1.83539999
64.52285 -39.9589996 -1.11765003
64.5210648 -39.6378021 -1.1311667
64.5687027 -39.4710999 -1.1494
64.5115356 -39.3350334 -1.14599991
64.5613022 -39.0261993 -1.15409994
64.5086975 -38.6980972 -1.18015003
64.4598007 -38.2528 -1.20109999
64.5743484 -38.0299988 -1.19295001
64.5939026 -37.8109016 -1.20140004
64.4788971 -37.8543015 -1.18990004
64.5578995 -37.5875015 -1.18939996
64.5187988 -37.3111992 -1.20469999
64.4533997 -37.270401 -1.19480002
64.5659027 -37.0360985 -1.23909998
64.5315552 -36.8272476 -1.23434997
64.5963974 -36.7924004 -1.2227
64.5030975 -36.4968262 -1.24900007
64.5245361 -36.1195335 -1.27643335
64.4941177 -35.8949013 -1.27363336
64.5245361 -35.7026978 -1.28653336
64.4564362 -35.2805328 -1.29893327
64.5358505 -35.0904999 -1.27754998
64.5930023 -34.9693985 -1.30509996
64.5136642 -34.6226654 -1.30159998
64.5486984 -34.4772987 -1.31669998
64.4687347 -34.0657349 -1.33393335
64.4840317 -33.8915329 -1.33956671
64.4431 -33.6134987 -1.34259999
64.5122986 -33.5118675 -1.3488667
64.4766998 -33.2789001 -1.38189995
64.5378036 -33.0500984 -1.37189996
64.4646378 -32.9070663 -1.3757
64.5224991 -32.723999 -1.38349998
64.4897995 -32.542099 -1.40499997
64.4396973 -32.5084991 -1.3678
64.4285965 -32.2563019 -1.40090001
64.4990005 -32.2868004 -1.37399995
64.510498 -32.0686035 -1.40845001
64.4756012 -31.9356003 -1.43840003
64.4032974 -31.7681007 -1.42349994
64.548645 -31.5275497 -1.41705
64.5047989 -31.3558998 -1.4242667
64.4748001 -31.1107998 -1.43270004
64.5439987 -30.9183006 -1.42540002
64.5019989 -30.6745338 -1.44983327
64.5053329 -30.4622002 -1.44446671
64.4150009 -30.3397999 -1.45340002
64.4237518 -30.0324497 -1.46429992
64.4992676 -29.8670006 -1.49456668
64.5319672 -29.7728996 -1.46969998
64.556633 -29.4775658 -1.48843336
64.5394974 -29.3901997 -1.52110004
64.4942017 -29.1387997 -1.49849999
64.5686035 -28.9111004 -1.47950006
64.5650482 -28.7161999 -1.49619997
64.491806 -28.5416756 -1.507375
64.5973969 -28.2045994 -1.52649999
64.5007019 -28.0783005 -1.51110005
64.5066528 -27.8911743 -1.5223
64.4973755 -27.6481247 -1.53312492
64.4014969 -27.4559002 -1.53190005
64.5103455 -27.2247009 -1.5559001
64.530304 -27.1757011 -1.55559993
64.4582977 -26.9311008 -1.55879998
64.5389557 -26.7518501 -1.57885003
64.4537964 -26.5594006 -1.59679997
64.5979996 -26.3097 -1.61000001
64.4519043 -26.3443985 -1.58280003
64.5865021 -26.1860008 -1.6171
64.4812012 -26.0261993 -1.5819
64.5578003 -25.9699001 -1.58800006
64.5298004 -25.0287991 -1.67470002
64.4914474 -24.8950005 -1.65069997
64.5108032 -24.6993332 -1.65963328
64.4023972 -24.4934006 -1.66760004
64.5990982 -24.2553997 -1.70220006
64.4720993 -24.0909996 -1.68659997
64.4847641 -23.9461327 -1.67993331
64.4094009 -23.7348003 -1.69060004
64.4587021 -23.4799252 -1.69620001
64.4582977 -23.2542992 -1.71580005
64.4673996 -23.1674995 -1.72414994
64.5207291 -22.8969326 -1.73073339
64.5257034 -22.675499 -1.73912001
64.4866028 -22.5060501 -1.74075007
64.4856033 -22.1595993 -1.75660002
64.4911041 -21.8873501 -1.74860001
64.4837036 -21.723999 -1.77960002
64.5446472 -21.5464497 -1.78815007
64.4200974 -21.2798996 -1.79209995
64.4124985 -21.0674 -1.80719995
64.4953003 -21.1179008 -1.78289998
64.4597015 -20.5130997 -1.83700001
64.4413986 -20.0128994 -1.80929995
64.6098022 -39.8796997 -1.12179995
64.6700974 -39.7997017 -1.14300001
64.6636276 -39.33395 -1.14779997
64.6432037 -39.038002 -1.14995003
64.7078476 -38.9399033 -1.15665007
64.7542038 -38.6622009 -1.17910004
64.6788025 -38.5005493 -1.18167496
64.6313324 -38.2900009 -1.18663335
64.6990814 -38.097374 -1.18970001
64.6365356 -37.7183342 -1.21206665
64.651001 -37.7971001 -1.19270003
64.6043015 -37.4860992 -1.20169997
64.6860962 -37.5870018 -1.19480002
64.6944504 -37.3758507 -1.22510004
64.7100983 -37.1410522 -1.24530005
64.7369003 -36.5233994 -1.25999999
64.6218491 -36.3501968 -1.24605
64.6734009 -35.9431992 -1.27990007
64.6427002 -35.6743507 -1.26364994
64.6536026 -35.4500999 -1.31490004
64.7185516 -35.0602493 -1.28964996
64.7017975 -34.8496017 -1.29410005
64.6399002 -34.7338486 -1.32389998
64.6603546 -34.2876968 -1.33990002
64.6715546 -33.9043007 -1.30940008
64.6716003 -33.6805992 -1.35099995
64.6459961 -33.4741516 -1.3592
64.6137009 -33.2246017 -1.32019997
64.7274475 -32.8795509 -1.37054992
64.6187973 -32.7601013 -1.3987
64.7001038 -32.2817001 -1.41320002
64.717598 -32.3656006 -1.38629997
64.7171021 -32.0349503 -1.44260001
64.6203995 -32.1963005 -1.38999999
64.6959 -31.8178005 -1.40820003
64.7965012 -31.8504009 -1.39970005
64.751297 -31.7148514 -1.41899991
64.6667938 -31.547699 -1.42709994
64.6557999 -31.3393002 -1.42229998
64.6428986 -31.1767006 -1.46669996
64.670166 -30.8638 -1.45270002
64.6788025 -30.6685486 -1.44620001
64.6679993 -30.5480995 -1.45630002
64.7163544 -30.3007011 -1.46665001
64.6750031 -29.9563007 -1.48539996
64.6382446 -29.6675491 -1.48749995
64.684021 -29.4617252 -1.49467504
64.6308975 -29.2674999 -1.49650002
64.6804962 -29.1166 -1.50399995
64.6717987 -28.8360004 -1.51040006
64.7416687 -28.7258663 -1.52756667
64.726799 -28.4151001 -1.53699994
64.7216034 -28.3381996 -1.53130007
64.6146011 -27.8362007 -1.53900003
64.766098 -27.6683998 -1.56799996
64.7099991 -27.4892998 -1.54694998
64.751503 -27.3150997 -1.58200002
64.7084503 -27.0281506 -1.5661
64.7155991 -26.8153992 -1.59179997
64.722702 -26.7369003 -1.58669996
64.7249985 -26.0942993 -1.62030005
64.6004028 -25.9321003 -1.60300004
64.6777954 -25.4416504 -1.61240005
64.6346664 -25.2839661 -1.6377666
64.6811981 -25.1373997 -1.63020003
64.7795029 -24.8082008 -1.67990005
64.7846985 -24.4528999 -1.66069996
64.7473984 -24.3365002 -1.65629995
64.7402496 -24.1318512 -1.6918
64.6612015 -23.8765507 -1.70024991
64.6081009 -23.0804005 -1.73249996
64.7419968 -22.8164997 -1.73179996
64.7201996 -22.7633991 -1.74185002
64.672348 -22.3221493 -1.74920011
64.7661667 -22.0725002 -1.76123333
64.6695023 -21.8360996 -1.75730002
64.7873001 -21.5247002 -1.80480003
64.6662979 -21.4055996 -1.79030001
64.6612015 -21.2943993 -1.8118
64.7520981 -21.2243004 -1.79460001
64.6221008 -21.1112995 -1.81089997
64.754303 -21.1273499 -1.78644991
64.7158508 -20.9069996 -1.81605005
64.6800995 -20.9055004 -1.7895
64.7624054 -20.7373009 -1.82019997
64.6922989 -20.5464993 -1.80050004
64.7751465 -20.0386505 -1.82379997
64.8880005 -39.8411674 -1.13763332
64.9728012 -39.9141006 0.596300006
64.9496002 -39.7639008 -1.11660004
64.9431 -39.4422989 -1.14979994
64.8325958 -39.3161469 -1.15785003
64.802803 -39.0668983 -1.18499994
64.8443985 -38.3292007 -1.19229996
64.9669037 -37.6464996 -1.23440003
64.8594971 -37.5637016 -1.19879997
64.8880997 -37.3055992 -1.22319996
64.8694305 -37.1370354 -1.23020005
64.946701 -36.3530006 -1.28649998
64.9734955 -36.1254005 -1.27340007
64.8751984 -35.9620018 -1.25829995
64.9838028 -35.5256004 -1.29900002
64.9473038 -35.3420982 -1.29910004
64.958252 -34.9305496 -1.33220005
64.9679031 -34.7024002 -1.31780005
64.8492432 -34.5045471 -1.3055501
64.9092026 -34.2442665 -1.34286666
64.9587021 -34.1111526 -1.33879995
64.8100967 -33.9133987 -1.35689998
64.9064026 -33.6831017 -1.34379995
64.814003 -33.4552994 -1.32560003
64.9506531 -33.2889023 -1.37405002
64.9096527 -33.0802994 -1.38849998
64.9206009 -32.9136658 -1.3774333
64.8158035 -32.4435005 -1.38469994
64.9934006 -32.3888016 -1.40419996
64.8649979 -32.3759995 -1.39320004
64.8606033 -31.483366 -1.42233336
64.8361053 -31.2663002 -1.42825007
64.9054489 -31.03685 -1.46019995
64.8086014 -31.1865997 -1.39559996
64.9707489 -30.9328995 -1.47950006
64.9954987 -30.5566998 -1.47220004
64.8802948 -30.2956009 -1.47294998
64.9847031 -30.0569992 -1.47459996
64.8262024 -29.8610992 -1.45910001
64.9068985 -29.6693001 -1.47940004
64.9230042 -29.4778748 -1.50434995
64.9611969 -29.2329006 -1.5043
64.8768005 -29.0508003 -1.53129995
64.9565964 -28.6350002 -1.53260005
64.9909973 -28.4487991 -1.52419996
64.9512482 -27.6602001 -1.54425001
64.8500519 -27.4579506 -1.54979992
64.8299026 -27.2084999 -1.56120002
64.8866653 -27.0364323 -1.58693337
64.8490295 -26.8785324 -1.57826662
64.9056015 -26.6154003 -1.60090005
64.9163513 -26.5008507 -1.61685002
64.9737015 -26.3988991 -1.60339999
64.8823166 -26.1082611 -1.62155998
64.9412994 -25.9463997 -1.63279998
64.9265976 -25.6571999 -1.62740004
64.8880997 -25.4629993 -1.62549996
64.8525543 -25.2129517 -1.63400006
64.8559494 -25.03615 -1.63975
64.8367996 -24.9108009 -1.65829992
64.9667969 -24.7381496 -1.67219996
64.8408203 -24.5223007 -1.668275
64.9644012 -24.2952671 -1.6791333
64.8671494 -23.7371483 -1.69199991
64.8960266 -23.4339504 -1.71085
64.9289017 -23.2723999 -1.71350002
64.9585037 -23.1723995 -1.74249995
64.9063492 -22.89925 -1.73664999
64.9832993 -22.6205997 -1.75839996
64.827301 -22.0556507 -1.76765001
64.8013 -21.6919994 -1.76470006
64.8475952 -21.4701996 -1.77999997
64.8703003 -21.2843666 -1.80696666
64.9311981 -21.3586006 -1.79299998
64.900528 -20.6938744 -1.81797504
64.8752365 -20.4491329 -1.82983339
64.8591003 -20.3544006 -1.84060001
65.0435028 -39.9618988 -1.11129999
65.1199341 -39.7389679 -1.13230002
65.1105728 -39.2658005 -1.16575003
65.1380005 -39.0740013 -1.19210005
65.1133728 -38.9310226 -1.17525005
65.1557007 -38.7596016 -1.20239997
65.108902 -38.7202988 -1.18599999
65.137352 -38.4763489 -1.18377495
65.1475983 -38.3014336 -1.18900001
65.1417007 -38.0153008 -1.20120001
65.1203995 -38.1799011 -1.19599998
65.1217957 -37.9199982 -1.21574998
65.1167984 -37.715435 -1.20869994
65.1729965 -37.5569 -1.21860003
65.1238251 -37.3241005 -1.23407495
65.1100006 -37.0834503 -1.23105001
65.0880661 -36.9396324 -1.23959994
65.1481018 -36.7188034 -1.24975002
65.0914001 -36.5163002 -1.25839996
65.0212021 -36.2863007 -1.29120004
65.145401 -36.1675987 -1.27950001
65.0977325 -35.8854332 -1.26709998
65.1082535 -35.7201996 -1.28885007
65.1317978 -35.5285492 -1.28865004
65.0618057 -35.388401 -1.30233335
65.0866623 -35.0741005 -1.3123666
65.1222 -34.9634018 -1.32570004
65.0563507 -34.742897 -1.33100009
65.0955505 -34.4712524 -1.32264996
65.1164017 -34.2499008 -1.35409999
65.0627441 -33.8983994 -1.35435009
65.0727997 -33.685051 -1.35570002
65.0111008 -33.5335007 -1.35739994
65.035202 -33.3153 -1.39670002
65.1455002 -33.1645012 -1.38250005
65.1931 -32.8698997 -1.40460002
65.0811996 -32.8628998 -1.36979997
65.0236511 -32.6500015 -1.40770006
65.1001358 -32.7660332 -1.3865
65.0461502 -32.2959976 -1.42439997
65.0111008 -31.8675003 -1.43169999
65.1122971 -31.7479 -1.44626665
65.1319504 -31.5754013 -1.44254994
65.1224365 -31.1091995 -1.44529998
65.1136169 -30.8741398 -1.45599997
65.0982056 -30.7593498 -1.46055007
65.1053009 -30.4214001 -1.46130002
65.1109009 -30.3227997 -1.46224999
65.1259689 -30.0817337 -1.48039997
65.1718979 -29.8302994 -1.50419998
65.1629486 -29.6707001 -1.49070001
65.0962296 -29.5009327 -1.4951334
65.1383514 -29.352951 -1.50539994
65.1376038 -29.0865993 -1.49919999
65.0892487 -28.6588497 -1.52645004
65.0672989 -28.4269009 -1.52030003
65.1666336 -28.2823334 -1.53726673
65.0962524 -28.1371498 -1.54190004
65.0688324 -27.9078655 -1.54526663
65.0866013 -27.6912003 -1.55859995
65.1705017 -27.4692001 -1.56579995
65.1956024 -27.3959999 -1.57360005
65.1597443 -27.1093502 -1.56209993
65.0402069 -26.8864002 -1.56544995
65.0690994 -26.7061501 -1.57520008
65.1353455 -26.5179996 -1.61004996
65.0334015 -26.4843998 -1.58329999
65.0807037 -26.2595997 -1.60109997
65.0412979 -26.1476002 -1.61039996
65.0261993 -25.8558998 -1.63399994
65.1479034 -25.6352005 -1.62269998
65.1035461 -25.5315495 -1.63989997
65.091301 -25.3279991 -1.63569999
65.0723038 -25.1833 -1.67400002
65.1004028 -24.9235001 -1.67059994
65.0378036 -24.7577991 -1.67929995
65.0557556 -24.4993 -1.6875
65.072998 -24.2339001 -1.67729998
65.0353012 -24.051466 -1.69046664
65.085701 -23.8411999 -1.71169996
65.0893631 -23.7006664 -1.71386671
65.1348038 -23.4720993 -1.73010004
65.0326004 -23.3405991 -1.72839999
65.0863495 -23.0592499 -1.73825002
65.0998993 -22.8367004 -1.75220001
65.0975494 -22.6441994 -1.75349998
65.0986481 -22.4690514 -1.76265001
65.146698 -22.3044662 -1.75703335
65.0867538 -22.1138 -1.76007497
65.1053467 -21.9617996 -1.77944994
65.1551971 -21.6912003 -1.81019998
65.1365509 -21.5848007 -1.77880001
65.1205978 -21.2425995 -1.78129995
65.1681976 -21.0051003 -1.82910001
65.1056976 -20.7831001 -1.82079995
65.1616974 -20.2234001 -1.8628
65.1671982 -20.0953999 -1.86230004
65.2886505 -39.8712006 -1.13910007
65.2306976 -39.5387001 -1.15825009
65.2673035 -39.2867012 -1.16050005
65.3210983 -39.0119019 -1.17490005
65.2769012 -38.8630981 -1.17809999
65.2266998 -38.6132011 -1.20000005
65.2926483 -38.7672005 -1.1940999
65.2560501 -38.1471481 -1.21029997
65.3056488 -37.9448013 -1.23740005
65.3945007 -37.9580994 -1.19920003
65.3253708 -37.6968994 -1.22239995
65.2689514 -37.5273018 -1.23690009
65.2655029 -37.3633003 -1.22669995
65.2892456 -37.0727501 -1.23869991
65.3355026 -36.8847008 -1.26199996
65.2805023 -36.5154991 -1.26699996
65.2319031 -36.2723007 -1.26769996
65.2585983 -36.0570984 -1.27499998
65.3047028 -35.8612251 -1.28009999
65.259697 -35.7104988 -1.29750001
65.2436523 -35.5139465 -1.3154
65.3417969 -35.1119003 -1.30830002
65.3740997 -34.8443985 -1.30610001
65.2404022 -34.6383018 -1.32420003
65.2230988 -34.3095512 -1.32795
65.2736053 -33.8593521 -1.35780001
65.2321014 -33.7308998 -1.36749995
65.2898026 -33.5606995 -1.3707
65.2043991 -33.2044983 -1.39090002
65.3205032 -33.1599007 -1.39250004
65.3794022 -32.949501 -1.41229999
65.2993011 -32.7261009 -1.38030005
65.3262024 -32.5363007 -1.46259999
65.3077011 -32.4397011 -1.39610004
65.2957687 -32.1231651 -1.42156672
65.3211746 -31.9115505 -1.42357504
65.2223969 -31.7049007 -1.41690004
65.3023987 -31.4981995 -1.42665005
65.2610016 -30.9438 -1.47850001
65.2622986 -30.5324001 -1.48969996
65.2669525 -30.2647514 -1.50580001
65.3063965 -29.9435005 -1.50974989
65.2667007 -29.6231995 -1.51820004
65.2155991 -29.2658997 -1.52199996
65.2669525 -29.0867996 -1.54435003
65.2316971 -28.8943996 -1.51374996
65.2483978 -28.5113487 -1.5388
65.2350464 -28.35215 -1.53760004
65.2715988 -27.5454006 -1.55859995
65.3251953 -27.3090668 -1.58173335
65.3164978 -27.0114002 -1.60230005
65.2782974 -27.1481991 -1.58519995
65.3483963 -26.9559994 -1.60510004
65.3088226 -26.9133492 -1.58267498
65.2718964 -26.691 -1.60300004
65.2630005 -26.4130993 -1.61960006
65.3057022 -26.2735996 -1.60189998
65.2451019 -26.3675995 -1.59920001
65.3498306 -26.1193657 -1.63663328
65.2834015 -25.9153004 -1.61559999
65.311554 -25.7599487 -1.64680004
65.3452301 -25.2976665 -1.6523
65.3311996 -25.1723499 -1.64249992
65.2957687 -24.9054661 -1.65929997
65.3190994 -24.6767502 -1.67229998
65.2149963 -24.5249004 -1.68830001
65.2569504 -24.3617496 -1.69354999
65.2554016 -24.0662994 -1.69430006
65.2707977 -23.8857994 -1.72780001
65.3627472 -23.7514496 -1.70085001
65.3236694 -23.4876003 -1.72623336
65.263298 -23.2796993 -1.72469997
65.3727493 -22.3290501 -1.76265001
65.2480011 -22.1093998 -1.77286661
65.241951 -21.8924751 -1.77857506
65.3438034 -21.5965996 -1.81369996
65.2703018 -21.3570995 -1.80830002
65.3148575 -21.0991402 -1.81636
65.3038025 -21.0991497 -1.7976501
65.3455963 -20.888649 -1.82239997
65.3276062 -20.7000999 -1.83010006
65.2611542 -20.5195007 -1.84130001
65.3143463 -20.3133507 -1.84424996
65.3423004 -20.0513325 -1.85923338
65.5158005 -39.9292526 -1.15365005
65.5753021 -39.2509499 -1.16770005
65.5907974 -38.8297997 -1.1846
65.4408035 -38.7131996 -1.16849995
65.5328979 -38.1390343 -1.21513331
65.4891968 -37.4023018 -1.24030006
65.5784988 -37.2961998 -1.2335
65.5590973 -37.1254005 -1.25899994
65.5986023 -36.8350983 -1.24979997
65.4084015 -36.7127991 -1.26429999
65.5804977 -36.5144997 -1.27279997
65.4806519 -36.2940521 -1.29834998
65.5195999 -35.8474007 -1.27699995
65.5686035 -35.723999 -1.29920006
65.5290985 -35.5393982 -1.29635
65.5220947 -35.3134499 -1.32480001
65.5580978 -35.0764999 -1.32833326
65.596344 -34.9479523 -1.32525003
65.523674 -34.687851 -1.33824992
65.5440979 -34.4215012 -1.33396661
65.4492035 -34.3047485 -1.34089994
65.5663986 -33.9329987 -1.36884999
65.5198517 -33.7451477 -1.36159992
65.5257568 -33.4939995 -1.38724995
65.528595 -33.3009033 -1.38680005
65.4808502 -33.0653 -1.40610003
65.5348969 -33.0195999 -1.37670004
65.5086975 -32.9581985 -1.41030002
65.5113983 -32.7512512 -1.42299998
65.4976044 -32.6495514 -1.39499998
65.5173492 -32.543251 -1.41050005
65.4926987 -32.3827019 -1.41600001
65.5158005 -32.1467514 -1.4224
65.5453033 -31.9118996 -1.4727
65.5178986 -31.5218658 -1.45576668
65.5066376 -31.2869339 -1.45519996
65.5795517 -31.1215 -1.48110008
65.4953003 -30.8841019 -1.47430003
65.4120026 -30.6133995 -1.46309996
65.4628983 -30.5841007 -1.47080004
65.4504013 -30.3495998 -1.48889995
65.4759979 -30.1660995 -1.50230002
65.5141983 -29.9004002 -1.50530005
65.5725021 -29.6277008 -1.48119998
65.5868988 -29.5953007 -1.49199998
65.5137634 -29.3076344 -1.52470005
65.4271011 -29.1044998 -1.51820004
65.5074005 -28.931633 -1.5298667
65.5895615 -28.6773338 -1.53406668
65.4855499 -28.3069992 -1.54894996
65.5148621 -28.1084595 -1.54214001
65.5064011 -27.848999 -1.55753326
65.5077972 -27.713501 -1.56739998
65.5012665 -27.3012657 -1.58080006
65.4836349 -27.1281662 -1.57749999
65.5767975 -26.9132004 -1.6128
65.4832001 -26.9466991 -1.5905
65.5615997 -26.7061005 -1.6085
65.4506989 -26.6289005 -1.59300005
65.4393005 -26.4076996 -1.6135
65.5093994 -26.3165512 -1.62045002
65.4722977 -25.8901997 -1.63506663
65.4203033 -25.4755001 -1.66499996
65.4337006 -25.3115501 -1.65435004
65.4172974 -25.0806007 -1.67939997
65.4440994 -24.8271008 -1.65129995
65.4266968 -24.7233009 -1.68959999
65.4054031 -24.5018997 -1.67900002
65.4380035 -24.3624001 -1.70019996
65.4147034 -24.1196327 -1.70039999
65.4720001 -23.9965 -1.704
65.4671936 -23.7052498 -1.72075009
65.4690552 -23.4981995 -1.72224998
65.4583969 -23.3097668 -1.73783338
65.5824966 -23.0352001 -1.73710001
65.4867325 -22.8685665 -1.76326668
65.523468 -22.697834 -1.76340008
65.5231018 -22.4825001 -1.76454997
65.5466309 -22.0855007 -1.78343332
65.4040985 -21.5130005 -1.81340003
65.4141006 -20.809 -1.82190001
65.4692001 -20.7756004 -1.84189999
65.5604019 -20.5414009 -1.84969997
65.4557037 -20.2787991 -1.82550001
65.4272003 -20.0667992 -1.85549998
65.6596756 -39.8619728 -1.14960003
65.6539993 -39.6893997 -1.17449999
65.6450958 -39.4741516 -1.17350006
65.6988754 -39.2923279 -1.17229998
65.671402 -39.0382004 -1.19505
65.6008987 -38.9446983 -1.20630002
65.6428986 -38.9160995 -1.18610001
65.6828995 -38.6007996 -1.21089995
65.7246552 -38.5321999 -1.21044993
65.6653519 -38.3225479 -1.21630001
65.6535034 -38.2313004 -1.1954
65.6705017 -38.0531235 -1.21665001
65.6445007 -37.8786011 -1.22759998
65.637207 -37.8573494 -1.19020009
65.6572037 -37.7756004 -1.23070002
65.6474686 -37.4932327 -1.23203337
65.6286697 -37.289566 -1.24476671
65.6378021 -37.1682014 -1.24389994
65.6297989 -36.9566002 -1.27040005
65.707901 -36.7241974 -1.26954997
65.6117325 -36.5083008 -1.27890003
65.6325073 -36.2618027 -1.2773
65.6307983 -35.8740997 -1.29799998
65.6024017 -35.6209984 -1.28410006
65.6077652 -35.4844666 -1.32246673
65.7955933 -35.2348022 2.15234995
65.6584015 -34.8635483 -1.32865
65.6786499 -34.7022476 -1.33730006
65.7396011 -34.2519989 -1.33340001
65.7099991 -34.1083641 -1.36356664
65.6473007 -33.8438988 -1.33430004
65.6479034 -33.5475006 -1.39929998
65.6950989 -33.0080986 -1.38100004
65.7856445 -32.9215012 -1.40989995
65.7210999 -32.9952011 -1.39719999
65.615303 -32.696701 -1.40869999
65.7449036 -32.5513992 -1.3793
65.6688004 -32.3516006 -1.42159998
65.7040024 -32.1142998 -1.44923329
65.7469025 -31.8511009 -1.42009997
65.6876221 -31.5192757 -1.44914997
65.7213669 -31.0898991 -1.47876668
65.731102 -30.8334999 -1.49469995
65.6748962 -30.7717991 -1.47000003
65.7067032 -30.4820499 -1.48475003
65.7204514 -30.0991993 -1.50900006
65.6391983 -29.9480495 -1.51255
65.7720032 -29.7721004 -1.52049994
65.6854553 -29.4995003 -1.53569996
65.6483002 -29.3134003 -1.52754998
65.6693192 -29.0951195 -1.52895999
65.6229019 -28.6336994 -1.53760004
65.7117996 -28.4398994 -1.5474
65.6638641 -28.3171997 -1.55973339
65.6692047 -27.9679489 -1.57244992
65.7686005 -27.8913994 3.19269991
65.697998 -27.900959 3.2581799
65.7013016 -27.5369492 -1.59200001
65.6047974 -27.3589993 -1.58109999
65.6981964 -27.1464005 -1.58130002
65.7865982 -26.8736 -1.61140001
65.7228012 -26.7259998 -1.59239995
65.705452 -26.3091507 -1.62205005
65.7442932 -26.1297989 -1.63310003
65.7584534 -25.8994484 -1.63985002
65.7016983 -25.6891003 -1.65429997
65.6721954 -25.519001 -1.65999997
65.7550507 -25.3293991 -1.64744997
65.6881027 -25.0851002 -1.68470001
65.7851028 -24.9876003 -1.67460001
65.7404022 -24.7637501 -1.67295003
65.7313995 -24.4153996 -1.72070003
65.6583023 -24.2043991 -1.71710002
65.7677994 -24.1371994 -1.70869994
65.7518997 -23.4456997 -1.72739995
65.7312012 -23.2124004 -1.76329994
65.6235962 -22.4225998 -1.79180002
65.748497 -22.3927002 -1.75950003
65.6037979 -22.1438007 -1.80079997
65.7714005 -22.1212997 -1.77060008
65.7313004 -21.9028339 -1.78756666
65.6116028 -21.6690998 -1.81920004
65.6981964 -21.7420998 -1.7931
65.6949005 -21.4189491 -1.83030009
65.7176971 -21.5622997 -1.7938
65.759552 -21.287899 -1.82695007
65.7485733 -21.0511513 -1.824525
65.7302017 -20.9030342 -1.82963336
65.7082214 -20.7650261 -1.84602499
65.7909012 -20.5076008 -1.84580004
65.7699966 -20.3029003 -1.84920001
65.8042984 -39.9065018 -1.14970005
65.9291 -39.2984009 -1.16460001
65.9292984 -39.0046005 -1.18599999
65.9587021 -38.8547974 -1.18834996
65.9490051 -37.8908501 -1.2335
65.8398972 -37.3734016 -1.25139999
65.9565964 -37.1062012 -1.26030004
65.9562302 -36.7082329 3.35826659
65.9559326 -36.6386986 3.56089997
65.9583969 -36.2352982 -1.3017
65.8563004 -36.0041008 -1.2802
65.9425964 -35.8555984 3.43195009
65.9658966 -35.8613014 3.61989999
65.8222504 -35.4376526 2.18875003
65.911499 -35.4281998 2.28209996
65.9413986 -35.2254982 1.82060003
65.9051666 -35.310276 2.1252749
65.9520035 -35.0997009 1.98010004
65.9341278 -35.1484985 2.11590004
65.9498444 -35.1437492 2.27929997
65.963501 -34.9538002 -1.35290003
65.976799 -34.7671013 -1.30999994
65.9456024 -34.5401993 -1.38499999
65.862854 -34.1099014 -1.37265003
65.9095001 -33.9855995 -1.38970006
65.8959961 -33.7639999 -1.39100003
65.9169998 -33.453701 -1.40020001
65.9133377 -33.5370674 -1.37639999
65.9889984 -33.2957001 -1.4217
65.8871002 -33.0168991 -1.40999997
65.8292999 -33.0756989 -1.38460004
65.9287491 -32.7485008 -1.40855002
65.9212036 -32.4804001 -1.42320001
65.8536987 -32.2374001 -1.43149996
65.9311981 -32.0956993 -1.4332
65.9127045 -31.9263496 -1.45039999
65.9964981 -31.6424999 -1.46459997
65.8421021 -31.5645008 -1.45159996
65.9319 -31.2828007 -1.4734
65.9211426 -31.1123505 -1.47580004
65.9193497 -30.9368496 -1.47259998
65.9109039 -30.739399 -1.48839998
65.939949 -30.3176498 -1.49664998
65.9638977 -30.1208992 -1.51600003
65.98423 -29.8966999 -1.52053332
65.9470062 -29.7012005 -1.52970004
65.995697 -28.6741009 -1.53649998
65.8595505 -28.4298992 -1.56170011
65.9228516 -28.2905998 -1.55369997
65.9537964 -28.1011009 2.94190001
65.9237366 -28.0300655 3.13793325
65.9474945 -27.8401489 -1.56879997
65.9103851 -27.9267502 3.08481669
65.8848648 -27.8820992 3.28570008
65.8930969 -27.6718998 -1.57500005
65.9023972 -27.5737 -1.56410003
65.9252472 -27.0554008 -1.61544991
65.9826965 -26.8558006 -1.61995006
65.8117981 -26.8624992 -1.55569994
65.9165344 -26.6796989 -1.61246669
65.8869476 -26.4566498 -1.62179995
65.8103027 -26.2140999 -1.64709997
65.8784485 -26.1287003 -1.63927495
65.8516006 -25.8833008 -1.65439999
65.851944 -25.6722488 -1.65849996
65.8538971 -25.5541 -1.67079997
65.8626022 -25.2560005 -1.67820001
65.839653 -25.0409012 -1.66265011
65.9004364 -24.8899994 -1.69270003
65.8794022 -24.7959995 -1.66530001
65.9067688 -24.4976673 -1.69906664
65.8641968 -24.2929497 -1.70955002
65.918663 -24.1455994 -1.71163332
65.8861008 -23.8452663 -1.72376668
65.8956985 -23.571867 -1.73986661
65.9193497 -23.3027992 -1.7414999
65.9469452 -23.1179008 -1.75055003
65.9855957 -22.8862495 -1.77104998
65.9613037 -22.7439995 -1.78079998
65.8792038 -22.4384995 -1.80270004
65.9525452 -22.5615997 -1.77485001
65.8824005 -22.0928001 -1.79480004
65.8519974 -21.8218002 -1.79130006
65.8622971 -21.4207993 -1.81729996
65.8587494 -21.2653999 -1.81110001
65.896553 -21.1357498 -1.83299994
65.9012985 -20.7171993 -1.86860001
65.8063507 -20.4813995 -1.84455001
65.879097 -20.2999001 -1.86193335
65.9460983 -20.1142006 -1.86409998
66.1697311 -39.7726326 -1.18126667
66.1776428 -39.4560013 -1.19219995
66.1396027 -39.2876015 -1.19270003
66.1201019 -39.1706505 -1.19210005
66.1367493 -38.9042511 -1.21545005
66.1593018 -38.6923256 -1.22107506
66.144249 -38.5368729 -1.20655
66.1283035 -38.3409996 -1.19630003
66.0858307 -38.0764999 -1.22543335
66.0993347 -37.9459991 -1.23740005
66.0999222 -37.7009277 -1.24315
66.0976562 -37.5181503 -1.24384999
66.124321 -37.301281 -1.25580001
66.1241455 -37.0782738 -1.26610005
66.0937347 -36.9287338 -1.27236664
66.1116028 -36.8050995 3.36529994
66.0046005 -36.8109016 3.50640011
66.1347504 -36.6873016 -1.27544999
66.0772552 -36.6300011 3.14690018
66.0699997 -36.7081108 3.26106668
66.0897141 -36.5155602 -1.27750003
66.1514969 -36.5937996 2.83739996
66.0830307 -36.5024719 3.10113001
66.0792007 -36.4774475 3.24559999
66.0786362 -36.3178978 -1.29303336
66.1374054 -36.3432503 3.06099987
66.1767349 -36.3133659 3.31583333
66.0865021 -36.0903473 -1.29709995
66.0917969 -36.1219673 2.89289999
66.0821991 -36.0284004 3.51970005
66.0635986 -35.9018021 -1.30089998
66.1277008 -35.9916992 3.09549999
66.0963669 -35.8888512 3.33578324
66.0365295 -35.9457741 3.44074988
66.0950012 -35.6812325 -1.31353331
66.1483459 -35.785202 3.31339979
66.0761032 -35.7843018 3.67050004
66.068634 -35.5686989 -1.30723333
66.0538025 -35.4266014 2.2507
66.1847992 -35.4664993 3.25650001
66.1187515 -35.4940491 3.43709993
66.055603 -35.3577499 -1.32445002
66.0188446 -35.2619476 2.09514999
66.1168976 -35.2498016 3.34660006
66.1478195 -35.3233414 3.51634002
66.0645523 -35.1042252 -1.33334994
66.0149994 -35.1212006 1.96000004
66.0660172 -35.1295204 2.07597995
66.0995026 -35.1329002 2.33290005
66.0018005 -35.1571999 2.44569993
66.1914978 -35.1222992 3.49055004
66.0550537 -34.8829498 -1.35144997
66.101532 -34.917366 1.93556666
66.1244812 -34.9147987 2.10633993
66.0301971 -34.9612999 2.20709991
66.0145035 -34.7411003 -1.35459995
66.1509018 -34.7839012 1.81739998
66.004303 -34.596199 -1.35160005
66.0562439 -34.3553009 -1.36249995
66.1821976 -34.2598 2.24659991
66.0291367 -34.1152687 -1.37179995
66.1473999 -34.1857986 2.49180007
66.0662003 -33.9798012 -1.38199997
66.0404968 -33.7490005 -1.37849998
66.0174484 -33.2506027 -1.41514993
66.1484985 -33.0494995 -1.40690005
66.1819992 -33.1058006 -1.3951
66.010849 -32.8955994 -1.41635001
66.0231476 -32.6343498 -1.43074989
66.0050964 -32.7793999 -1.39760005
66.1838989 -32.2672005 -1.44130003
66.197197 -32.3717003 1.82210004
66.0141983 -32.1855011 -1.47300005
66.024498 -31.8862 -1.45799994
66.0195007 -31.7922993 -1.4892
66.1409988 -31.4125004 -1.48239994
66.1067047 -31.1019249 -1.47070003
66.0160065 -30.9384003 -1.48495007
66.1040726 -30.7373753 -1.49452496
66.0895996 -30.4528008 -1.50705004
66.1445999 -30.3198013 -1.48609996
66.1379013 -30.0851002 -1.52359998
66.1584473 -29.8466492 -1.52955008
66.1162033 -29.6472511 -1.51102495
66.1073456 -29.5365505 -1.54174995
66.0621796 -29.3569756 -1.53069997
66.1222534 -29.0770493 -1.55025005
66.1298599 -28.8800201 -1.55700004
66.0847015 -28.6995678 -1.54513335
66.0944519 -28.5636253 -1.56277502
66.1448975 -28.4659996 3.1085999
66.0352783 -28.326725 -1.55682504
66.0429001 -28.2507 2.86339998
66.1973038 -28.2035999 3.06550002
66.0802002 -28.1177006 -1.57009995
66.0737991 -28.0499001 2.79819989
66.1897964 -28.0576 2.9677
66.1125107 -28.1060429 3.07302856
66.0958023 -28.0221996 3.21149993
66.0177002 -27.9162998 -1.56920004
66.0916824 -27.9338856 3.08291435
66.1156006 -27.8781242 3.26559997
66.1100006 -27.7460003 -1.6027
66.0046005 -27.6091995 -1.59010005
66.197197 -27.7793999 3.10030007
66.0631027 -27.7691994 3.34060001
66.0462341 -27.4847336 -1.59443331
66.0030975 -27.2868004 -1.59210002
66.1920013 -27.1721001 -1.59459996
66.0010986 -26.8297005 -1.61759996
66.1613007 -26.4381008 -1.6336
66.1922989 -25.8225994 -1.64260006
66.1342468 -25.3003502 -1.6875
66.1486969 -24.9498005 -1.67519999
66.0582962 -24.6359997 -1.71949995
66.1634979 -24.2164001 -1.73179996
66.1186523 -23.9113503 -1.72650003
66.1513977 -23.2817001 -1.77400005
66.1883011 -22.9790993 -1.75759995
66.0461502 -22.4365005 -1.77839994
66.0799484 -22.3368988 -1.77504992
66.0523987 -22.0741997 -1.81330001
66.1024017 -22.1822014 -1.77034998
66.0739975 -21.9533997 -1.80369997
66.0959015 -21.7840004 -1.83340001
66.104248 -21.5135994 -1.81840003
66.1788025 -21.3040009 -1.84189999
66.1773987 -21.1243992 -1.84459996
66.1149979 -20.5142994 -1.86300004
66.1034012 -20.3286991 -1.88039994
66.251297 -39.4040985 -1.17149997
66.2806015 -39.2750015 -1.18499994
66.2574997 -39.1604004 -1.18910003
66.2297974 -38.8442993 -1.19679999
66.2701035 -38.7858009 -1.21739995
66.2216034 -38.4748993 -1.21580005
66.251297 -37.4556999 -1.27330005
66.2257996 -37.1594009 -1.2651
66.2050018 -36.9916992 -1.27390003
66.3384705 -36.6669769 3.29332495
66.3624496 -36.6250992 3.74300003
66.251503 -36.5638504 -1.30259991
66.3379211 -36.5000763 3.1099751
66.350502 -36.4137993 3.34380007
66.2559967 -36.3512993 -1.31449997
66.374649 -36.2670746 1.91719997
66.3823013 -36.2985001 2.04320002
66.3916016 -36.2384987 2.93099999
66.2556686 -36.3347321 3.06276655
66.2612 -36.2219009 3.35389996
66.3677979 -36.1679993 1.92659998
66.3019638 -36.0652008 2.75528002
66.2904739 -36.1006508 2.91079998
66.309433 -36.130867 3.13863325
66.3245468 -36.085701 3.24349999
66.3096008 -35.8905983 2.79180002
66.2852249 -35.9562225 3.08855009
66.2865982 -35.8774033 3.2586
66.3365021 -35.6155014 2.76950002
66.3942032 -35.6346016 2.81450009
66.3971024 -35.6362991 3.13389993
66.3673477 -35.7851028 3.31150007
66.3390961 -35.5794983 2.91199994
66.248497 -35.4519005 3.17869997
66.3046494 -35.4569016 3.29859996
66.2398987 -35.4974518 3.41270018
66.2372971 -35.2170982 2.09660006
66.3407974 -35.2071991 3.13499999
66.3175201 -35.2494583 3.29873991
66.2956543 -35.1081543 2.07524443
66.2304993 -35.075901 2.31019998
66.3216248 -35.1129608 3.26296258
66.3118973 -35.1110992 3.4519999
66.2955017 -35.111599 3.61910009
66.2903976 -34.8665009 -1.36150002
66.3081131 -34.8709564 1.92275715
66.3463364 -34.8705406 2.09299994
66.2986679 -34.880867 2.30816674
66.3463974 -34.6767998 1.69836664
66.2255478 -34.7559738 1.88247502
66.3426056 -34.7392502 2.12634993
66.2354965 -34.7983017 2.31760001
66.3022003 -34.4536972 -1.37669992
66.2505951 -34.325798 2.1175499
66.2678986 -34.2361603 2.31612515
66.2771988 -34.2423325 2.47539997
66.2190018 -34.1875992 -1.37639999
66.3743515 -34.1082993 2.46605015
66.3021011 -33.7457008 -1.40540004
66.3569031 -33.3261986 -1.41849995
66.2322998 -33.1242981 -1.39569998
66.3631973 -32.9501991 -1.42094994
66.3628311 -32.6972656 -1.42480004
66.3674011 -32.5868988 -1.42970002
66.313652 -32.4215469 1.78814995
66.3769989 -32.3465996 -1.43139994
66.3621979 -32.3696671 1.72576666
66.3173676 -32.3397675 1.87235558
66.3247986 -32.3456001 2.13829994
66.3920975 -32.2771988 2.29850006
66.2095032 -31.9832001 -1.44089997
66.3303986 -31.7061996 -1.46000004
66.2185974 -31.4935989 -1.44630003
66.3972015 -31.0018005 -1.50390005
66.2282562 -30.8765984 -1.49605
66.2906036 -30.6943016 -1.51189995
66.3957977 -30.4064007 -1.51719999
66.2975311 -30.3442345 -1.50370002
66.3506012 -30.0088997 -1.53219998
66.3747025 -29.7261009 -1.54289997
66.3542023 -29.6173992 3.93000007
66.3482208 -29.725275 4.04952526
66.3932037 -29.5734997 3.7428
66.3779984 -29.4727993 3.8275001
66.3209152 -29.5339165 4.03049994
66.3190002 -29.4440002 4.2171998
66.3598022 -29.2089005 3.90330005
66.3585663 -29.3068333 4.05506659
66.3249817 -29.2918797 5.10992002
66.3951035 -29.0200996 -1.56299996
66.3832016 -29.0529003 3.86859989
66.3304977 -29.1875 5.00790024
66.3197479 -29.1345005 5.29775
66.3424301 -28.6708336 4.7128334
66.2659988 -28.6030006 4.90320015
66.3012009 -28.4708004 -1.5575
66.3677063 -28.4548492 2.64584994
66.3774033 -28.4104004 2.9309001
66.3453979 -28.4356995 3.11739993
66.3104477 -28.5554008 4.70550013
66.3130035 -28.3239002 2.41869998
66.2859268 -28.27705 2.93492508
66.2541809 -28.2726326 3.06719995
66.2479553 -28.0761147 3.07511425
66.3039017 -28.0221004 3.23329997
66.3569489 -28.1102009 3.84170008
66.3835983 -27.9123325 -1.57853329
66.2913361 -27.9331341 3.10333323
66.2414017 -27.887249 3.27285004
66.3812027 -27.6784992 -1.60319996
66.2888031 -27.689949 2.88709998
66.3759003 -27.7931995 3.34570003
66.3839035 -27.1321335 -1.61776662
66.3097992 -26.9164009 -1.62580001
66.3240051 -26.4752007 -1.6243
66.3135986 -26.3617001 -1.65649998
66.3122253 -26.1037254 -1.6566
66.3267975 -25.9852486 -1.6602
66.2554016 -25.618 -1.63870001
66.27285 -25.4473 -1.68842506
66.3126526 -25.2984505 -1.68435001
66.3154984 -25.0799332 -1.68123329
66.34655 -24.9396 -1.69764996
66.3140488 -24.8409996 1.58185005
66.2806015 -24.7292347 -1.70343328
66.3287964 -24.7715664 1.54110003
66.2463989 -24.7984009 1.67509997
66.3096237 -24.4871998 -1.70962501
66.3834991 -24.2945995 -1.70319998
66.3581543 -24.1033001 -1.72889996
66.3234558 -23.9822006 -1.73160005
66.3305511 -23.6543999 -1.75569999
66.3143692 -23.4761333 -1.7422334
66.3724976 -23.3405991 -1.76810002
66.3719025 -23.0949001 -1.77890003
66.2937927 -22.8232002 -1.76384997
66.2256012 -22.5905991 -1.80990005
66.3388977 -22.4809494 -1.78859997
66.3831024 -22.3540993 -1.78629994
66.3031006 -22.1336002 -1.79250002
66.3973999 -21.8439999 -1.81869996
66.3021011 -21.9333 -1.79920006
66.3123016 -21.7103996 -1.81239998
66.2581024 -21.7511997 -1.79209995
66.2583008 -21.4470482 -1.83975005
66.2237015 -21.5657997 -1.79149997
66.2612 -21.3159008 -1.8362
66.2937317 -21.0758667 -1.83026659
66.287735 -20.9279995 -1.84820008
66.2445679 -20.6217003 -1.85586667
66.2553558 -20.4488983 -1.85549998
66.2754517 -20.3349991 -1.86129999
66.3917999 -20.1056995 -1.8779
66.4223022 -39.589901 -1.18589997
66.5147018 -39.1237984 -1.19369996
66.5363007 -38.8722 -1.21730006
66.5416489 -38.6980515 -1.22090006
66.5367355 -38.5267334 -1.21959996
66.4539032 -38.2006989 -1.25650001
66.5239029 -37.9244995 -1.24866664
66.5515976 -37.6148987 -1.25810003
66.5608749 -37.3058014 -1.27049994
66.5317307 -37.0871315 -1.27279997
66.4019012 -36.924099 -1.28980005
66.560997 -36.6254997 -1.27359998
66.5108032 -36.6420975 3.11215019
66.5938034 -36.6413002 3.3132
66.5062485 -36.6599731 3.67857504
66.5181732 -36.4903984 -1.30342495
66.4878998 -36.4637985 2.97749996
66.4636688 -36.5280991 3.13295007
66.4774323 -36.5606995 3.29909992
66.5643005 -36.5732994 3.59430003
66.5082016 -36.5573006 3.66615009
66.5156174 -36.2947845 -1.30371666
66.4685974 -36.2764015 1.77359998
66.4379578 -36.2711411 1.89385998
66.5797501 -36.2545013 2.76574993
66.5362015 -36.2911987 2.95910001
66.5496979 -36.394001 3.4454999
66.5298309 -36.1390686 1.84833336
66.5171967 -36.1167641 2.74813342
66.4311981 -36.1690979 2.8997333
66.428299 -36.0911026 3.37860012
66.4908829 -35.8573608 -1.32421994
66.4519501 -35.9692993 3.09864998
66.4549332 -35.8739357 3.2791667
66.4801941 -35.6872482 -1.31795001
66.4606018 -35.6175995 2.79450011
66.4679413 -35.6816406 2.88100004
66.4649963 -35.7505989 3.06489992
66.5094986 -35.709301 3.27436662
66.5425644 -35.485302 -1.33756661
66.5248795 -35.5431213 2.77013993
66.4919968 -35.5117493 2.92479992
66.4658966 -35.4709015 3.17589998
66.462204 -35.4654999 3.27955008
66.4216003 -35.5469017 3.67519999
66.5196991 -35.2845993 -1.33969998
66.5273514 -35.2879028 2.15194988
66.5453033 -35.3652992 2.70079994
66.4913025 -35.3119011 3.09439993
66.5246964 -35.2568016 3.5237
66.5540009 -35.3084984 3.62190008
66.4619675 -35.1083336 -1.3283
66.4692535 -35.0827484 2.07649994
66.5370026 -35.1953011 2.84960008
66.4786758 -35.08815 3.14604998
66.4962006 -35.1734009 3.25740004
66.4571991 -35.1233521 3.44679999
66.534584 -34.8817825 -1.3571167
66.5514984 -34.8254013 1.58949995
66.4486771 -34.872242 1.90795994
66.4874268 -34.8396759 2.04042506
66.4405975 -34.9504013 2.24799991
66.4578018 -34.7378006 -1.36895001
66.5205688 -34.7008362 1.52083325
66.5018082 -34.6920242 1.71856248
66.4597244 -34.7239761 1.87147498
66.5815964 -34.7907982 2.18219995
66.5106964 -34.5828018 1.67139995
66.4815369 -34.3424683 -1.37896669
66.4765015 -34.2106018 2.25040007
66.4218979 -34.2032013 2.73379993
66.5549011 -34.3083 3.18409991
66.543396 -34.3189011 3.32966661
66.4768372 -34.1430664 -1.3714
66.5354004 -34.0581512 2.28334999
66.5451965 -34.0802994 2.56900001
66.4972992 -34.0175476 2.64125013
66.4501038 -33.8680992 -1.40910006
66.5044022 -33.9785004 -1.38757491
66.4259033 -33.9855499 2.48405004
66.4850998 -33.7549973 -1.40560007
66.501503 -33.5904007 -1.38709998
66.4913635 -33.3126335 -1.41893339
66.4475327 -33.0922356 -1.42706668
66.4364014 -32.8023987 -1.42750001
66.4922028 -32.6651001 -1.43830001
66.5353241 -32.4674225 1.69124997
66.541153 -32.4313011 1.91175008
66.4631958 -32.3204994 -1.45974994
66.5292358 -32.3443604 1.70868003
66.5055466 -32.3224831 1.89241672
66.4952621 -32.2978592 2.06133986
66.5435486 -32.1529503 -1.46140003
66.5197983 -31.9099007 -1.45729995
66.4529037 -31.705267 -1.47186673
66.5433197 -31.4933758 -1.47000003
66.4962006 -31.2660007 -1.48652005
66.4358978 -31.0837669 -1.48220003
66.4441986 -30.9199982 -1.50189996
66.5166473 -30.686451 -1.50265002
66.5314026 -30.5344009 -1.51375008
66.5040283 -30.2934494 -1.52307498
66.5171509 -30.1413002 -1.52049994
66.4984283 -29.8841743 -1.53692496
66.5824966 -29.7992001 -1.55019999
66.4593048 -29.6925507 3.99070001
66.5054703 -29.7360992 4.09616661
66.4958038 -29.6927986 4.7866497
66.4824524 -29.5420494 -1.5402
66.538826 -29.546524 3.73527503
66.4369965 -29.5166512 3.81905007
66.5548019 -29.4134007 4.08389997
66.5700989 -29.5356007 4.70429993
66.4796982 -29.2586994 -1.54059994
66.5632019 -29.3254509 3.68129992
66.5313568 -29.3349495 3.91645002
66.5267029 -29.2758999 4.77409983
66.5163345 -29.2444 4.96026659
66.4757843 -29.3067169 5.06761646
66.4585037 -29.2075005 5.48430014
66.5050964 -29.1140003 -1.56135011
66.5952988 -29.0475502 3.7744
66.4694519 -29.1263256 3.91382504
66.4533005 -29.0146999 4.40439987
66.5487976 -29.1793003 4.79879999
66.506546 -29.1008987 4.98394966
66.5364761 -28.8867493 -1.55320001
66.5654984 -28.9078007 4.9447999
66.5025024 -28.9487 5.29874992
66.5318756 -28.6779995 -1.55927503
66.5235977 -28.6438999 4.55819988
66.4442673 -28.6515675 4.69836664
66.4474487 -28.6998501 4.86120033
66.5235519 -28.5213013 -1.56727505
66.5057983 -28.4995251 2.69195008
66.4314499 -28.5413494 4.65315008
66.5247955 -28.3414993 -1.56745005
66.5176468 -28.2533493 2.3375001
66.476799 -28.3410206 2.49223995
66.5319519 -28.357399 2.68825006
66.4945221 -28.2719765 2.90967488
66.4911957 -28.2299004 3.07719994
66.5227966 -28.2817001 3.26259995
66.5578995 -28.2847004 3.5789001
66.5617676 -28.2482662 3.74003339
66.4532471 -28.1018486 -1.5819
66.4481735 -28.1538754 2.34844995
66.5725021 -28.1743507 2.41125011
66.4294968 -28.0214005 3.15689993
66.5061035 -28.1196003 3.79069996
66.4506302 -28.1741676 3.87056661
66.5157013 -27.9342499 -1.60214996
66.4288025 -27.8076992 -1.59679997
66.5079651 -27.9086323 3.06859994
66.4671478 -27.8768997 3.2276001
66.4171982 -27.9944 3.76559997
66.4484024 -27.645649 -1.58829999
66.473999 -27.6814671 2.7057333
66.4642487 -27.71455 2.89385009
66.5094986 -27.7602005 3.25239992
66.4313965 -27.3544998 -1.60829997
66.4550018 -27.3414993 -1.59430003
66.4185028 -27.1527996 -1.59179997
66.4874496 -26.9808006 -1.61954999
66.4164963 -26.8598995 -1.57200003
66.4884491 -26.6477509 -1.63890004
66.5602036 -26.6840992 1.50259995
66.5979996 -26.6222 1.65999997
66.4466019 -26.1212997 -1.66170001
66.5052948 -25.8569489 -1.66229999
66.449295 -25.3617516 -1.67299998
66.5578995 -24.8519993 1.29990005
66.5036469 -24.7560997 1.31467497
66.4743576 -24.7364006 1.45646
66.5431061 -24.6658993 1.63094997
66.4132996 -24.1338005 -1.72300005
66.4306488 -23.8885002 -1.74044991
66.4314499 -23.4531002 -1.75605011
66.4916992 -23.3125992 -1.74510002
66.4190979 -23.1310329 -1.76880002
66.4607544 -22.8650513 -1.77355003
66.5128479 -22.6262016 -1.79159999
66.4869003 -22.5405998 -1.81389999
66.4897003 -22.4519005 -1.79470003
66.5017014 -22.1604996 -1.80499995
66.5025024 -21.9117508 -1.82715011
66.467247 -21.7297001 -1.83434999
66.5477982 -21.3479996 -1.85545003
66.4172974 -20.5254002 -1.86300004
66.4540024 -20.2787991 -1.86919999
66.6041031 -39.8389015 -1.18490005
66.6734009 -39.7038002 -1.20000005
66.7259979 -39.7304001 -1.18840003
66.678299 -39.4616013 -1.20340002
66.6650543 -39.5859489 -1.18715
66.6394043 -39.2537346 -1.20816672
66.6519012 -39.2080994 -1.19809997
66.6314316 -39.0324669 -1.21496665
66.7318268 -38.8610764 -1.22484994
66.666481 -38.7081795 -1.22695994
66.6216965 -38.5839996 -1.23930001
66.6933975 -38.3900986 -1.22730005
66.7574997 -38.3807983 -1.199
66.6804504 -38.0562515 -1.24315
66.6383972 -37.9314995 -1.24769998
66.6388016 -37.6952324 -1.25383329
66.6039963 -37.4561996 -1.26380002
66.7070999 -37.3900986 -1.2608
66.6387024 -37.0060005 -1.28579998
66.608902 -36.8114014 -1.29820001
66.7282639 -36.8841324 2.33943343
66.6711502 -36.6524506 -1.28725004
66.7294006 -36.7918015 2.19630003
66.7755966 -36.7015991 3.18009996
66.7001648 -36.6795998 3.3362
66.7523041 -36.6786995 3.54139996
66.7355499 -36.7327003 3.61605
66.6774979 -36.6786003 3.84089994
66.7547989 -36.4700012 -1.31700003
66.7225037 -36.4524994 1.97449994
66.6741486 -36.4534988 2.0160501
66.7042542 -36.4524994 2.8907001
66.7023773 -36.5123978 3.10400009
66.6919479 -36.5385513 3.48360014
66.7094345 -36.2570648 1.91503334
66.6599274 -36.2906265 2.66977501
66.7639999 -36.2769012 2.90215015
66.7484741 -36.2839737 3.02909994
66.6439972 -36.0438995 -1.32640004
66.6647339 -36.1403351 1.73456669
66.6932144 -36.0794258 1.87793744
66.7101517 -36.1363983 2.92079997
66.7020569 -35.9198532 -1.29870009
66.6914978 -35.9313507 1.90830004
66.7950974 -35.959301 2.1875
66.6981964 -35.9281998 2.28683329
66.7192993 -35.8863983 2.96589994
66.7416992 -35.6321983 2.08829999
66.7610016 -35.7150002 2.23970008
66.6583557 -35.7502518 2.44569993
66.7097015 -35.6591492 2.69110012
66.6303635 -35.7209663 2.87129998
66.7713013 -35.6777 3.06776667
66.6762543 -35.4668999 1.91240001
66.6954346 -35.4823341 2.75366664
66.7182999 -35.5262489 2.89935017
66.7019043 -35.5678024 3.13604999
66.6903 -35.2494659 -1.35446668
66.7626038 -35.2980995 1.78840005
66.7203598 -35.2781181 1.87065995
66.6819382 -35.3093605 2.76117992
66.6203003 -35.2947006 2.90890002
66.7714005 -35.3227005 3.16790009
66.647644 -35.3600006 3.20160007
66.680603 -35.145401 1.89929998
66.6961975 -35.1883011 2.07929993
66.6035995 -35.0339012 2.25869989
66.6577988 -35.1377983 3.1558001
66.6325989 -35.1683006 3.2256999
66.7242966 -34.8031006 -1.3563
66.7003021 -34.8499985 1.72440004
66.7057648 -34.9267654 1.93330002
66.6897583 -34.9181213 2.09078002
66.7326508 -34.8467484 2.52929997
66.6144028 -34.8757019 2.61089993
66.7566986 -34.8077011 4.59779978
66.7994003 -34.7022018 -1.37960005
66.7845535 -34.6509476 1.52909994
66.7798004 -34.6175003 1.72409999
66.6993484 -34.7478485 1.83730006
66.7820969 -34.7916985 2.12100005
66.7556992 -34.6761017 2.35039997
66.686203 -34.7939987 2.44510007
66.7770004 -34.6472015 4.6736002
66.7182465 -34.5627518 -1.38479996
66.7503357 -34.4743652 1.50136662
66.6999664 -34.5151367 1.67999995
66.7993011 -34.5755005 2.2894001
66.745697 -34.5677986 2.95449996
66.7231979 -34.3820496 1.57859993
66.7264023 -34.3955002 1.69710004
66.7357025 -34.2162018 2.16820002
66.6940994 -34.3296013 2.33290005
66.7977982 -34.3353004 2.89610004
66.7373962 -34.2521019 3.10240006
66.7000885 -34.3190842 3.28878331
66.7595978 -34.2589989 3.45670009
66.6172028 -34.2536011 4.96229982
66.7944031 -34.0880013 1.80480003
66.686882 -34.1158409 2.29448009
66.6732025 -34.1918983 2.5078001
66.7534027 -34.0924988 2.87739992
66.6165009 -34.196701 3.56270003
66.6743011 -33.8987007 2.18309999
66.6876755 -33.9136238 2.22432494
66.6886978 -33.9785004 2.48000002
66.7345963 -33.9567986 5.21309996
66.7278976 -33.9846992 5.4749999
66.7080994 -33.4998016 -1.41719997
66.7854996 -33.4039993 2.28060007
66.7259979 -33.3666 -1.42859995
66.7200775 -33.2437172 2.48570013
66.725502 -33.1778984 -1.41939998
66.6856003 -32.9506531 -1.42930007
66.7546997 -32.7532997 -1.4612
66.6651993 -32.6025009 1.54809999
66.721283 -32.6578598 1.70793998
66.7712021 -32.5610008 -1.43309999
66.7631989 -32.4752007 1.55900002
66.6921616 -32.5037003 1.7002182
66.6941376 -32.4749832 1.8870666
66.6700974 -32.4196014 2.13890004
66.7275543 -32.2741013 -1.46834993
66.6137009 -32.3602982 1.75610006
66.6906357 -32.3191986 1.89084995
66.7682343 -32.3390656 2.07433319
66.6453018 -32.0834007 -1.48310006
66.7389526 -32.1778488 1.90450001
66.7987976 -32.1455994 2.19000006
66.7137833 -32.1070404 2.27212
66.7745972 -32.0592995 2.4684999
66.7537537 -32.0918274 2.93422508
66.6391983 -32.0497017 3.1006
66.7695999 -31.9102001 1.88549995
66.7833023 -31.993 2.22869992
66.7685013 -31.9528999 2.92580009
66.7671967 -31.6629505 -1.47665
66.7317963 -31.4006996 -1.49790001
66.6796036 -31.2429008 -1.49870002
66.7166443 -31.1210499 -1.49825001
66.7106018 -30.8029995 -1.52040005
66.7194366 -30.7112007 -1.51349998
66.6916504 -30.5379486 -1.52585006
66.6427002 -30.3978004 -1.52110004
66.7557983 -30.0023994 4.17320013
66.7740021 -30.1562996 4.24450016
66.6450195 -29.8316994 -1.52847505
66.7686005 -29.9157486 4.31229973
66.6140976 -29.6823006 -1.55700004
66.7605972 -29.6137009 2.70539999
66.6174011 -29.6672993 3.98939991
66.7388229 -29.6978989 4.07482529
66.7116394 -29.6892605 4.71104002
66.7665024 -29.5088997 2.66494989
66.6797485 -29.4524498 3.73640013
66.6907501 -29.470726 3.88499999
66.7596512 -29.5838509 4.08905029
66.6104965 -29.5331001 4.22380018
66.6613007 -29.5375671 4.75346661
66.7813034 -29.5639 4.94700003
66.682251 -29.4577484 5.07584953
66.7619019 -29.3111992 -1.57190001
66.7160187 -29.3027554 2.7133112
66.6846008 -29.3673 2.81599998
66.7196045 -29.3306007 3.56229997
66.6893692 -29.3633671 3.72189999
66.6185989 -29.2605 3.92289996
66.7796478 -29.2724495 4.79414988
66.6517487 -29.2501488 4.94869995
66.6135025 -29.3589993 5.1171999
66.6743011 -29.0139008 -1.56684995
66.716156 -29.1245174 2.69491673
66.6013031 -29.0855999 3.77929997
66.6921463 -29.14645 3.87349987
66.6539993 -29.0270004 4.67030001
66.6782379 -29.0997791 4.87453985
66.6768036 -28.9608994 -1.5575
66.7188339 -28.9333668 3.84253335
66.677803 -28.9272003 4.48183346
66.7001038 -28.8493996 4.60599995
66.7457352 -28.6703339 2.69519997
66.7695007 -28.6625004 4.59369993
66.7028503 -28.7126503 4.62969971
66.6894989 -28.6212006 5.01280022
66.6731033 -28.4127998 -1.57889998
66.670578 -28.5224495 2.68735003
66.6131973 -28.5687008 4.62750006
66.6421051 -28.2598495 2.26845002
66.6504974 -28.2094994 2.43650007
66.7008743 -28.329874 2.68884993
66.7272491 -28.300251 2.9066
66.6191025 -28.2674007 3.14050007
66.6267014 -28.2576008 3.33909988
66.7192993 -28.2868004 3.47169995
66.7263641 -28.2743492 3.69323349
66.7249832 -28.2612 3.85301661
66.7609482 -28.2617493 4.05354977
66.635498 -28.0725002 -1.58299994
66.674469 -28.1837997 2.44666672
66.7371979 -28.1075001 2.88070011
66.7062988 -28.1205006 3.0776999
66.6491547 -28.1585007 3.24795008
66.7383347 -28.1648331 3.72406673
66.701767 -28.1251335 3.95273328
66.7216492 -28.0978012 4.08065033
66.6778488 -27.9310493 -1.59395003
66.7077026 -27.9291496 2.58025002
66.6111984 -27.9232006 2.74679995
66.7480698 -27.8330002 2.89763331
66.7133789 -27.8764496 3.08270001
66.6624985 -27.8353996 3.26009989
66.7879028 -27.8285999 3.61439991
66.785202 -27.7591 -1.62179995
66.7230988 -27.6499004 -1.59660006
66.6835251 -27.7112999 2.73677492
66.6250381 -27.6977997 2.9412334
66.7221375 -27.7632675 3.09759998
66.6343002 -27.7258987 3.34899998
66.7238007 -27.4183006 2.50139999
66.7285004 -27.4990997 2.70344996
66.6780014 -27.5716991 2.80220008
66.7441025 -27.2812004 2.55949998
66.7210312 -27.2936325 2.68370008
66.7194977 -27.1776009 -1.62829995
66.686203 -27.1693001 2.55684996
66.7724457 -26.9527512 -1.64400005
66.6841965 -26.6692009 -1.63979995
66.7340012 -26.6591492 1.34109998
66.698082 -26.6541996 1.47873998
66.6449966 -26.6944008 1.61790001
66.723053 -26.4767494 -1.64824998
66.6917038 -26.5678997 1.50979996
66.7256012 -26.5562 1.68155003
66.7610931 -26.3323002 -1.66584992
66.7422028 -26.1132336 -1.67820001
66.7939987 -26.1399994 2.08270001
66.7332993 -25.8726006 -1.65266669
66.6717987 -25.7346001 -1.69640005
66.6867752 -25.4612007 -1.68307495
66.7893982 -25.4624004 3.19689989
66.7649002 -25.4006004 3.30570006
66.7312012 -25.4484997 3.55019999
66.7926025 -25.2161999 1.63709998
66.7228775 -25.3463802 3.50110006
66.6692047 -25.3432503 3.73140001
66.6976013 -25.257 5.04330015
66.7420959 -25.1506672 -1.69819999
66.7649689 -25.1039658 1.69690001
66.7360535 -25.0237503 1.85150003
66.7341003 -25.1271 4.94452477
66.766098 -25.1394997 5.07969999
66.7275009 -24.9417 -1.70190001
66.7931976 -24.8710995 1.61759996
66.719101 -24.705101 -1.70915008
66.7120972 -24.7040997 1.18480003
66.6834717 -24.7269001 1.29087496
66.7523346 -24.7593327 1.45596671
66.7510223 -24.4976254 -1.73145008
66.7434006 -24.3316002 -1.69930005
66.6772461 -24.1049995 -1.73169994
66.7332993 -23.8619995 -1.74475002
66.7668991 -23.8915997 2.94810009
66.7483673 -23.8808327 3.15533328
66.6027985 -23.6525993 -1.74059999
66.7536011 -23.7668991 2.87944984
66.7743988 -23.7630005 3.12980008
66.6497955 -23.5832005 -1.75274992
66.7706985 -23.4762001 2.72379994
66.7065964 -23.5718002 2.80410004
66.6807022 -23.4601002 3.00640011
66.6996002 -23.1385994 -1.77190006
66.6979675 -23.1712666 5.49309969
66.6305542 -22.9053993 -1.75890005
66.611702 -22.4801006 -1.79789996
66.6981964 -22.2880001 -1.81099999
66.710495 -22.1203003 -1.81690001
66.6489029 -22.1392002 -1.79079998
66.7317963 -21.9144001 -1.82589996
66.657402 -21.9016991 -1.79434991
66.6608963 -21.7782993 -1.8233
66.7443008 -21.3551998 -1.82669997
66.6852722 -21.0998993 -1.85822499
66.6857147 -20.877018 -1.8504833
66.7181549 -20.5883503 -1.85259998
66.7975998 -20.3768005 -1.88240004
66.7136002 -20.0158005 -1.88440001
66.8051987 -39.9527016 -1.17519999
66.8712006 -39.2545013 -1.20140004
66.9915009 -38.9516983 -1.23689997
66.9598999 -38.267601 -1.26185
66.9962006 -38.1924019 -1.22969997
66.8163986 -37.9794006 -1.25759995
66.8796005 -37.4514008 -1.27680004
66.9746552 -37.142601 -1.296
66.9192963 -36.8742981 -1.27569997
66.847374 -36.8539734 2.30495
66.9934998 -36.858799 3.53340006
66.834198 -36.8002014 3.61089993
66.8761139 -36.6774979 2.12688327
66.8866043 -36.7761993 2.24399996
66.8872147 -36.7345848 3.5115428
66.895134 -36.5029678 -1.30366659
66.8322754 -36.4989014 1.96042502
66.9114761 -36.5399742 2.06200004
66.9176483 -36.5301514 2.92810011
66.855957 -36.4654579 3.13190007
66.9408035 -36.5288506 3.24529982
66.8740463 -36.5550995 3.45418572
66.9898987 -36.3058014 -1.32819998
66.8690643 -36.2891998 1.91383338
66.8662033 -36.3577995 2.00209999
66.8015976 -36.2174988 2.9137001
66.8756332 -36.3409004 3.14386654
66.8379745 -36.0755501 1.70359993
66.918396 -36.0229492 1.84405005
66.8753967 -36.0340004 2.1171999
66.9530029 -36.0102005 2.59920001
66.876236 -36.1085014 2.92313337
66.8722 -36.1804008 3.28329992
66.9553986 -35.8546982 -1.29320002
66.8872986 -35.8325996 2.36960006
66.9208984 -35.9082985 2.68120003
66.9104462 -35.8823509 2.93475008
66.9816971 -35.9047012 3.01859999
66.9113464 -35.6960983 -1.34224999
66.946701 -35.6035995 2.11549997
66.8453979 -35.6428986 2.6329999
66.8858337 -35.6669006 2.88763332
66.8572998 -35.6290016 3.17009997
66.8208313 -35.4476662 1.96843338
66.893364 -35.5640678 2.13646674
66.8472977 -35.5211334 2.78436661
66.998703 -35.4449005 2.91240001
66.8826523 -35.4940491 3.06922507
66.8809967 -35.2704506 1.90100002
66.8732986 -35.2304001 2.03500009
66.9016037 -35.3210983 3.08400011
66.995697 -35.1908989 -1.36679995
66.9479523 -34.8575249 -1.34442496
66.916832 -34.8717346 1.97543335
66.8457031 -34.8069 2.26850009
66.8415985 -34.9104996 2.56690001
66.9972992 -34.844799 5.1257
66.9860001 -34.6465988 -1.40769994
66.8078003 -34.7048988 -1.36530006
66.901947 -34.625 1.49965
66.9207993 -34.7258987 1.74029994
66.8037033 -34.614399 1.84990001
66.927597 -34.6287498 2.03104997
66.819664 -34.740799 2.36176682
66.8606033 -34.6750984 2.49640012
66.9133987 -34.743 3.74550009
66.918045 -34.7481499 4.51184988
66.9114532 -34.5068512 -1.36734998
66.874115 -34.5033989 1.50760007
66.8888016 -34.4990997 1.66427779
66.8860626 -34.4702988 2.10253334
66.9048996 -34.473999 2.26670003
66.9488983 -34.5103989 3.31399989
66.9690018 -34.4706993 4.78590012
66.9414978 -34.2588005 -1.40059996
66.9180984 -34.2204018 2.33069992
66.9277039 -34.3628998 2.96484995
66.8744507 -34.3446503 3.15159988
66.8850555 -34.2665482 3.33955002
66.8984299 -34.2449684 3.50833321
66.8932037 -34.2751007 4.79699993
66.8669968 -34.2827988 4.81269979
66.9814987 -34.2559013 5.17000008
66.9030685 -34.2777672 5.27486658
66.843399 -34.1119995 -1.39890003
66.9916534 -34.0856018 2.12435007
66.9850006 -34.1554985 4.77120018
66.9854965 -34.0988998 4.83970022
66.8098984 -33.9625015 -1.40190005
66.9200974 -33.9084015 -1.38189995
66.821701 -33.9276009 2.15989995
66.8228989 -33.8693008 2.21280003
66.9001007 -33.834301 5.04850006
66.8395004 -33.6826019 -1.40219998
66.9371033 -33.6623993 -1.3944
66.8164978 -33.7715988 2.23280001
66.9726562 -33.77705 4.46150017
66.8813019 -33.4859009 -1.412925
66.930275 -33.4670486 2.11392498
66.9040527 -33.4731979 2.29145002
66.8694992 -33.3199005 -1.42030001
66.8526459 -33.3158493 2.29754996
66.8343964 -33.2542496 2.46705008
66.8952484 -33.1322479 -1.43764997
66.9955978 -33.0284996 2.148
66.8598022 -33.0900002 2.24093342
66.9256973 -32.8539009 -1.44089997
66.8423996 -32.9934998 -1.39429998
66.9642029 -32.9612999 2.0624001
66.9102478 -32.6988983 -1.4625001
66.8398514 -32.6847992 1.66834998
66.9478302 -32.4554672 1.33899999
66.866394 -32.4315491 1.4921999
66.9474487 -32.4704971 1.68085003
66.8767014 -32.522049 1.933025
66.9714355 -32.3713646 1.35283327
66.9831009 -32.3716011 1.49880004
66.8625488 -32.33535 1.73320007
66.851799 -32.2297516 1.95105004
66.8357544 -32.2564011 2.08260012
66.9266968 -32.2473984 2.26594996
66.9318008 -32.219101 2.6335001
66.8705444 -32.1081009 -1.45609999
66.9215012 -32.1890984 1.8348
66.8610001 -32.0871735 2.11957502
66.8816833 -32.0606804 2.29144001
66.9676971 -32.0960007 2.72716665
66.871788 -32.0681572 2.88257146
66.9850006 -32.0059013 3.08669996
66.9222641 -31.889101 -1.47500002
66.9268799 -31.8947792 1.73347998
66.9333038 -31.873333 1.92589998
66.9273987 -31.9176331 2.07226658
66.9574966 -31.8779984 2.94194984
66.892601 -31.6170006 -1.47920001
66.8729019 -31.7283001 1.67649996
66.9888 -31.6644993 1.81830001
66.9258499 -31.7287483 2.85300016
66.981102 -31.4867001 -1.50399995
66.8486023 -31.3055496 -1.49150002
66.9046021 -30.8731995 -1.50890005
66.8451996 -30.9078007 5.6954999
66.9934998 -30.9514008 6.34130001
66.9178009 -30.7241001 -1.53199995
66.9264984 -30.671051 5.17834997
66.9555969 -30.6905003 5.31729984
66.933876 -30.7242241 5.55367517
66.9095001 -30.5811996 5.11880016
66.9216995 -30.3542995 -1.52820003
66.9199982 -30.2129993 4.35370016
66.8279343 -30.0647659 4.17229986
66.9421692 -30.0662746 4.24004984
66.9134445 -30.1223774 5.10588884
66.9110031 -29.9724007 -1.55579996
66.9470978 -29.8981991 4.1624999
66.8324966 -29.9951992 4.27640009
66.9257965 -29.9295006 5.06139994
66.9651031 -29.6445007 -1.5632
66.8878937 -29.6684494 2.72420001
66.8147964 -29.6278992 4.58050013
66.9181976 -29.6005993 5.28910017
66.8410034 -29.4197998 2.54870009
66.887001 -29.4853725 2.69814277
66.8813019 -29.441349 3.92035007
66.9222488 -29.5209503 4.04189968
66.983902 -29.4680004 4.21670008
66.8547974 -29.5158501 4.54075003
66.9890976 -29.4531994 4.73929977
66.8470993 -29.5736504 5.01455021
66.8740005 -29.5809994 5.20550013
66.9127045 -29.3317986 -1.56325006
66.8675003 -29.3227997 3.74799991
66.882103 -29.3661671 3.94723344
66.9289017 -29.3421993 4.66160011
66.947197 -29.3689995 5.0152998
66.995697 -29.3460999 5.38240004
66.9329987 -29.1283989 -1.56900001
66.8947983 -29.0660992 2.78570008
66.893074 -29.0839005 3.85847497
66.8253021 -29.0524006 4.80970001
66.9580536 -28.8357506 -1.57229996
66.8519516 -28.8276501 2.73110008
66.8914795 -28.9006252 3.88077497
66.8491211 -28.8895988 4.67385006
66.864502 -28.9183998 4.95009995
66.8693008 -28.8997002 5.13320017
66.9142456 -28.7341995 -1.57800007
66.8525543 -28.6557007 2.56465006
66.9281006 -28.7551994 2.62100005
66.9597473 -28.7497501 3.91324997
66.9440002 -28.7262993 4.89610004
66.9185486 -28.5237999 -1.57614994
66.8839035 -28.5004005 2.5546
66.9206009 -28.4709015 2.67005014
66.9921036 -28.4272995 3.75399995
66.8068008 -28.3904991 2.5875001
66.8613739 -28.3160248 2.68822503
66.9279022 -28.2084007 2.86490011
66.8400345 -28.3469658 3.92516685
66.9585037 -28.1921997 2.77880001
66.8525009 -28.1632004 2.83369994
66.8959045 -28.1635513 3.09859991
66.8604965 -28.1968002 3.26160002
66.8432007 -28.137249 3.58319998
66.947403 -28.1693001 3.61610007
66.9216003 -28.1393661 3.86816669
66.9107513 -27.9109497 -1.60345006
66.9011002 -27.8988991 -1.58659995
66.8041 -27.8778992 2.80859995
66.953949 -27.8645515 3.07660007
66.8939972 -27.8059998 3.27970004
66.9549561 -27.9471512 3.49379992
66.8968506 -27.6886005 -1.61995006
66.8767014 -27.7933006 -1.59650004
66.9608994 -27.7049999 2.77160001
66.8878021 -27.6898994 3.01819992
66.8840027 -27.6403999 3.20020008
66.9135971 -27.7971992 3.41599989
66.9111481 -27.4832993 -1.60345006
66.8972015 -27.5366001 -1.59379995
66.8226013 -27.4769001 2.56579995
66.8548965 -27.5135994 2.67248011
66.9532013 -27.4673996 2.96000004
66.9905014 -27.3157997 -1.61520004
66.8790512 -27.3211174 2.51756668
66.857048 -27.3138256 2.7191751
66.9138947 -27.3689003 2.90070009
66.929451 -27.2807007 3.08782506
66.8485489 -27.0867004 -1.63890004
66.9569016 -26.9190006 -1.65579998
66.8522491 -26.6592999 -1.63174999
66.9580994 -26.7233009 0.896899998
66.8936996 -26.7674007 1.16429996
66.8989639 -26.6669903 1.32499003
66.9111099 -26.6740112 1.50886667
66.9852982 -26.6945 1.73950005
66.8682022 -26.4620323 -1.65746665
66.9031754 -26.5432491 1.28740001
66.8612976 -26.5608006 1.51339996
66.8884659 -26.5548325 1.68239999
66.9569016 -26.2280502 2.13304996
66.9813995 -26.0832996 -1.65629995
66.8852005 -26.1000252 1.92632496
66.9414978 -26.1396008 2.04244995
66.8327026 -25.8848 -1.68770003
66.854599 -25.9431 1.88225007
66.9707489 -25.9450493 2.10354996
66.9915009 -25.8715515 2.25650001
66.8422012 -25.6151009 -1.69480002
66.9700012 -25.4412003 3.15779996
66.8731689 -25.4828663 3.34266663
66.8727722 -25.4695244 3.477175
66.8988953 -25.3822498 -1.69815004
66.8950653 -25.2777996 3.3008666
66.8230972 -25.3941002 3.41720009
66.8038025 -25.3103008 3.71600008
66.9757004 -25.2064991 4.6882
66.8921967 -25.247551 4.87104988
66.8827972 -25.2629013 5.0258503
66.8884506 -25.1194 -1.70725
66.8579025 -25.0365009 1.57579994
66.9071655 -25.09375 1.66633332
66.9185486 -25.0780506 4.68599987
66.8306961 -25.1183662 4.85343361
66.8497009 -25.1643009 5.01609993
66.9167023 -24.9748993 -1.70669997
66.8261032 -24.8304005 1.09169996
66.9104996 -24.8117504 1.31244993
66.904274 -24.9102249 1.50627494
66.905571 -24.8987713 1.66874278
66.8921356 -24.9263668 1.91493332
66.8511963 -24.9515991 4.70609999
66.868103 -24.9279003 4.82429981
66.9991989 -24.7129002 1.16610003
66.8930969 -24.7197132 1.28613746
66.8803024 -24.7706337 1.51469994
66.8881989 -24.7334003 1.6243
66.8983002 -24.468399 -1.7339499
66.9722977 -24.5904007 3.91919994
66.8725967 -24.3568001 -1.74549997
66.8404541 -24.0457001 -1.74944997
66.8738632 -24.1333332 3.09143329
66.9261017 -23.8625488 -1.75344992
66.9698944 -23.8376503 2.93234992
66.9032669 -23.9061699 3.08842993
66.9929962 -23.8605003 3.21510005
66.8575974 -23.6975746 -1.76542497
66.8386002 -23.6612015 2.48040009
66.9405518 -23.6324005 2.72739983
66.8388367 -23.7077332 2.90096664
66.8703995 -23.7926998 3.04320002
66.8110962 -23.7786999 3.34380007
66.8974991 -23.4209499 -1.76160002
66.8899384 -23.5094204 2.54663992
66.8776093 -23.4965591 2.70496011
66.9311981 -23.4500675 2.88376665
66.9274445 -23.2490005 -1.75755
66.8338013 -23.3924999 2.75990009
66.896759 -23.28018 5.51126003
66.9447327 -23.2735004 5.66686678
66.9162979 -23.1166 -1.76950002
66.917099 -23.1450996 5.46992016
66.9445038 -23.1919003 5.69070005
66.8679962 -22.9846992 3.0388999
66.9205322 -22.9626656 5.43200016
66.9806976 -22.7006989 -1.81325006
66.8426971 -22.7257004 -1.74979997
66.9465637 -22.5123329 -1.80916667
66.8768997 -22.3635998 -1.8326
66.8205032 -21.8474998 -1.82959998
66.8348007 -21.7595997 -1.78209996
66.8795013 -21.5578003 -1.84529996
66.8781967 -21.2641487 -1.83545005
66.8348999 -21.0174999 -1.85829997
66.8608017 -20.9598999 -1.86909997
66.9727478 -20.7515488 -1.86420012
66.8240967 -20.4755001 -1.87434995
66.9318008 -20.2553997 -1.90890002
66.8399658 -20.0769672 -1.87853336
67.1601028 -39.9686012 -1.18050003
67.1701965 -39.6711998 -1.22294998
67.1826019 -39.785099 -1.1997
67.1099014 -39.5050507 -1.20249999
67.121048 -39.3031502 -1.21294999
67.0693512 -39.0158997 -1.22965002
67.111351 -38.8979492 -1.23755002
67.1147461 -38.6856499 -1.23710001
67.1429367 -38.5117645 -1.23493338
67.107872 -38.3146019 -1.26316667
67.1240997 -38.1516991 -1.25100005
67.1223984 -37.9950981 -1.26839995
67.1608658 -37.8700333 3.4896667
67.1363068 -37.6888504 -1.27880001
67.0748825 -37.5421524 -1.26215005
67.0932007 -37.2941666 -1.28840005
67.1401978 -37.214901 3.18720007
67.0477295 -37.1352005 -1.28419995
67.0717468 -37.1349487 3.16090012
67.1067963 -36.8730659 -1.29106665
67.0149994 -36.8072014 2.34750009
67.1715012 -36.9928017 3.03670001
67.140152 -36.9114532 3.29640007
67.1190567 -36.8442001 3.49708009
67.1053009 -36.6086006 -1.3175
67.046402 -36.6625519 2.16410017
67.0680008 -36.6870003 2.24300003
67.1102448 -36.7034264 3.34864998
67.0671005 -36.7333984 3.4999001
67.100296 -36.5339012 -1.31083333
67.1117477 -36.5498505 2.13085008
67.1981964 -36.4276009 2.26819992
67.1986008 -36.5666008 2.96259999
67.0307465 -36.5537987 3.10400009
67.0387573 -36.4597015 3.32439995
67.1031036 -36.2706985 -1.32609999
67.0907974 -36.2232018 1.89330006
67.09655 -36.3109512 2.07990003
67.0134964 -36.2522011 2.96320009
67.0509033 -36.3108978 3.14055014
67.076355 -36.1060028 -1.32589996
67.1041031 -36.1757011 1.94930005
67.1397324 -36.1083336 2.07513332
67.088501 -36.0727997 2.44700003
67.0459442 -36.1492996 2.94280005
67.0657043 -36.0391998 3.06475019
67.1458969 -35.9805984 -1.33150005
67.0522995 -35.8778992 2.26530004
67.1022034 -35.6769981 -1.33060002
67.0229034 -35.6617012 2.13520002
67.1882019 -35.7512016 2.30999994
67.1811981 -35.6757011 2.83780003
67.0592957 -35.5019493 -1.34039998
67.0936661 -35.4664993 2.08996677
67.0030975 -35.4896011 3.19799995
67.0680008 -35.4772987 4.76989985
67.1259003 -35.5077019 4.82859993
67.0449524 -35.3073502 -1.35185003
67.044899 -35.2915993 1.99100006
67.0509033 -35.3913002 2.02209997
67.0882034 -35.3100014 2.6487999
67.0774689 -35.3515663 3.09616661
67.1404037 -35.0004005 1.82850003
67.0970993 -34.9608002 -1.38810003
67.0923996 -34.9463005 1.98500001
67.0137024 -34.9590988 2.01079988
67.0047989 -34.9519997 2.3348999
67.1131516 -34.8927498 2.45685005
67.038002 -34.8711014 5.1392498
67.1843033 -34.8372002 5.76359987
67.0942001 -34.6771011 -1.38654995
67.0718002 -34.6086006 1.36650002
67.1116486 -34.6194992 1.48074996
67.0877533 -34.6401978 1.72210002
67.0773468 -34.7077484 1.95035005
67.0814667 -34.6283684 2.03550005
67.0044022 -34.6822014 2.33839989
67.1330032 -34.6749992 2.57150006
67.0404968 -34.6122017 4.80249977
67.1201324 -34.6542015 5.49013329
67.1363983 -34.7704506 5.68844986
67.0187988 -34.4511986 -1.38020003
67.1594543 -34.4692001 1.31155002
67.0933533 -34.5224724 1.50525713
67.0421219 -34.4772987 1.66655993
67.0769653 -34.4745674 1.91320002
67.0849533 -34.5011978 2.13572502
67.1816559 -34.482048 2.36129999
67.1610031 -34.5816994 2.52749991
67.0626984 -34.4370995 3.18589997
67.1942978 -34.4352989 3.5848999
67.1529007 -34.5876007 5.12459993
67.1708984 -34.3445015 -1.38569999
67.1797485 -34.2846527 1.52830005
67.1080322 -34.3030663 1.70423341
67.0941925 -34.3198471 2.08334994
67.0884018 -34.3232994 2.24790001
67.0711975 -34.2056999 2.51049995
67.115097 -34.3602982 3.0845499
67.0115967 -34.3530998 3.23530006
67.0061035 -34.2946014 3.59619999
67.0843964 -34.0573006 -1.40030003
67.1740036 -34.1432991 2.28859997
67.0457993 -34.1829987 2.46889997
67.006897 -33.8373985 -1.43439996
67.0795975 -33.8748016 2.0862
67.0235977 -33.9763489 2.28550005
67.0882034 -33.8627014 4.47039986
67.0953979 -33.8129005 5.27670002
67.175499 -33.7995987 -1.40989995
67.1933975 -33.6323013 2.19350004
67.1200027 -33.7224007 2.40009999
67.1088028 -33.7389984 5.12099981
67.1530991 -33.4305992 -1.43229997
67.0317001 -33.5876999 -1.398
67.063797 -33.5093498 2.09789991
67.1057968 -33.4808655 2.26486659
67.1569977 -33.5066986 4.99039984
67.1183014 -33.5237007 5.0479002
67.0681 -33.2554016 -1.44140005
67.1160965 -33.286499 2.12989998
67.1299667 -33.0362015 -1.44786668
67.1071014 -33.0720253 2.08972502
67.0251999 -33.152401 2.20600009
67.1623993 -32.9174995 -1.43844998
67.1405029 -32.8637505 2.11495018
67.0705643 -32.7351341 -1.45483327
67.1484985 -32.6004982 3.92619991
67.0982971 -32.5507011 -1.43120003
67.1348419 -32.4732018 1.28874004
67.1196976 -32.4505157 1.51898336
67.1634674 -32.4746666 1.71646667
67.129303 -32.5172997 1.88059998
67.0236969 -32.4640999 2.05879998
67.1909027 -32.5559006 3.85840011
67.1071014 -32.3609009 -1.47829998
67.0867004 -32.3250008 1.36249995
67.0722961 -32.3894005 1.47593331
67.0887451 -32.3311996 1.67774999
67.074646 -32.3410492 1.82334995
67.0423965 -32.2536011 2.07669997
67.0565491 -32.3127747 2.25414991
67.0940475 -32.2106018 2.72900009
67.1460037 -32.2970009 2.82389998
67.0343018 -32.1917992 -1.44389999
67.0395508 -32.089447 1.73769999
67.0607986 -32.1037445 1.91548574
67.0550003 -32.0788994 2.06586671
67.0671539 -32.0933495 2.37919998
67.065155 -32.16185 2.54369998
67.1381989 -32.0846672 2.72276664
67.0901031 -32.0461006 2.80240011
67.0861969 -32.044899 3.07080007
67.0796967 -31.9344501 1.57719994
67.1110153 -31.8685341 1.72479999
67.0488968 -31.8287659 1.86196673
67.0214539 -31.8821487 2.25865006
67.0811996 -31.9808998 2.43969989
67.1250992 -31.8476753 2.69295001
67.0643845 -31.8826828 2.87811661
67.1441498 -31.6378002 -1.48905003
67.1832352 -31.6360664 1.69459999
67.1230469 -31.7058487 1.82789993
67.1580963 -31.7637005 2
67.0178986 -31.7178001 2.21889997
67.0360031 -31.6825008 2.7046001
67.0887756 -31.733551 2.90807509
67.0192032 -31.6956997 3.0092001
67.1184998 -31.4194489 1.33784997
67.1176224 -31.4841251 1.48405004
67.1331024 -31.5871506 1.72819996
67.126503 -31.4104004 1.99090004
67.1680984 -31.5237007 2.09310007
67.1774673 -31.3346672 1.31936669
67.1296005 -31.2614994 1.98049998
67.078476 -31.2537251 2.05297494
67.169754 -31.0757999 -1.51824999
67.1184998 -31.1653004 1.99240005
67.0427017 -31.1112003 5.9059
67.1211548 -31.0981503 6.09724998
67.1436005 -30.9592514 -1.51775002
67.1167297 -30.8435345 5.57910013
67.0169983 -30.9449005 5.73479986
67.1313324 -30.9132004 5.9163332
67.1698685 -30.9008675 6.15039968
67.0319977 -30.9136505 6.2880497
67.0998001 -30.7229671 -1.52250004
67.1893997 -30.6042995 5.11009979
67.0746002 -30.7285004 5.46514988
67.0996017 -30.4305 -1.5395
67.0780945 -30.5130501 5.09049988
67.0977249 -30.2659492 -1.52717495
67.1630325 -30.3500004 5.27900028
67.1144028 -30.2720661 5.43396664
67.09095 -30.0606499 -1.55264997
67.0895996 -30.0132008 4.24910021
67.1510468 -30.1351738 5.0930748
67.0759964 -30.1842995 5.28843355
67.1055527 -29.8870258 -1.55410004
67.1356964 -29.8652 4.16909981
67.1354294 -29.9307003 4.22116661
67.0851974 -29.8416004 4.82539988
67.1968994 -29.7721996 -1.5539
67.0469971 -29.6208992 2.85400009
67.1955566 -29.7639503 4.15320015
67.0978012 -29.6725998 4.24240017
67.0306015 -29.6182995 5.24240017
67.0965576 -29.4754791 2.75697994
67.1824036 -29.4538994 2.80599999
67.1673965 -29.5720997 4.65089989
67.1192017 -29.4608002 4.99160004
67.062851 -29.5914993 5.14410019
67.089798 -29.2830009 -1.5618999
67.0601044 -29.3377495 2.69945002
67.0922012 -29.3311996 2.8138001
67.0252991 -29.2220993 3.83039999
67.0678024 -29.2868328 4.02706671
67.1164017 -29.3174667 4.46540022
67.1511993 -29.2817993 4.72319984
67.1610031 -29.3260994 5.20849991
67.0046005 -29.0496998 -1.56630003
67.0763016 -29.0572338 2.76069999
67.1813965 -29.0280991 2.81089997
67.0539627 -29.1387329 3.92866659
67.1600037 -29.1341991 4.00579977
67.1607971 -29.0100994 4.38079977
67.1082993 -29.1191006 4.60900021
67.1138992 -29.0879002 5.57919979
67.058403 -28.8484001 -1.59609997
67.1070709 -28.8996258 2.74804997
67.1914978 -28.8299007 2.82480001
67.0679474 -28.9544487 3.84710002
67.1253052 -28.9394493 4.47510004
67.0837021 -28.8840008 4.64709997
67.0341034 -28.6546993 -1.58329999
67.0944977 -28.6382999 2.53665018
67.1206818 -28.7131596 2.69912004
67.1155014 -28.6312008 2.85809994
67.0959015 -28.6553001 3.78195
67.1405487 -28.6977005 3.91155005
67.1526947 -28.7395496 4.62494993
67.1456985 -28.7980995 4.94740009
67.1546021 -28.6329994 5.81110001
67.0605011 -28.5166512 -1.59104991
67.118103 -28.5625 2.47860003
67.1036758 -28.4999752 2.73452497
67.1835022 -28.4080009 2.89529991
67.0701981 -28.5000992 3.72519994
67.0042038 -28.5303001 3.8032999
67.1931992 -28.5981007 4.99669981
67.0599976 -28.2392006 -1.56490004
67.1094971 -28.3381004 2.75266671
67.1718979 -28.2465992 2.97650003
67.1445007 -28.3202991 3.59130001
67.0923233 -28.2417259 3.6861999
67.0908966 -28.0848007 -1.59104991
67.0662003 -28.1258659 2.72616673
67.1083527 -28.1055508 3.26079988
67.0659256 -28.1270752 3.71057487
67.0233002 -28.0790005 4.12820005
67.0746994 -28.1728001 4.22650003
67.1179962 -27.8915672 2.88833332
67.0302963 -27.8962002 3.4059
67.1442184 -27.7260399 -1.62090003
67.0979004 -27.7028008 2.796
67.1896515 -27.6051998 2.90339994
67.1391983 -27.656601 3.33509994
67.0719528 -27.4506493 2.76170015
67.1456985 -27.4422493 2.89580011
67.1492004 -27.5236511 3.10934997
67.1099319 -27.3372326 -1.62373328
67.0301971 -27.2884998 2.57439995
67.13517 -27.3380661 2.74589992
67.1088333 -27.3547325 2.8375001
67.1294022 -27.2378998 3.2499001
67.1936035 -27.1058006 -1.64960003
67.1777496 -27.142601 2.85220003
67.0755005 -27.0981007 3.11590004
67.0579987 -26.9139004 -1.66869998
67.0235977 -26.8292999 1.49590003
67.1737976 -26.7987995 -1.62969995
67.1485977 -26.6493492 1.14195001
67.1319504 -26.6437759 1.27824998
67.0655975 -26.6322327 1.495
67.0299988 -26.7432995 1.73979998
67.102005 -26.4943008 -1.65100002
67.1007385 -26.5383205 1.34720004
67.0458984 -26.5762997 1.41729999
67.0159454 -26.5200005 1.61124992
67.0783005 -26.3477993 -1.64343333
67.0876999 -26.3512993 1.3391
67.077652 -26.2420998 2.12680006
67.1258545 -26.1464996 -1.68355
67.174469 -26.1375675 1.29633331
67.175499 -26.0928993 1.41600001
67.0884018 -26.1800995 1.73749995
67.0962296 -26.0516338 1.91743338
67.1230316 -26.1333332 2.0721333
67.0635986 -25.9323997 -1.68099999
67.1595459 -25.9371986 1.52569997
67.1989975 -25.9307003 1.74000001
67.0888214 -25.8832245 1.86290002
67.1595001 -25.8204002 2.12700009
67.0927963 -25.9666996 2.22370005
67.0998001 -25.7529335 -1.68986666
67.1285019 -25.6714001 1.72160006
67.074646 -25.7691498 2.03055
67.1723022 -25.489151 -1.69044995
67.1625977 -25.5181007 3.06130004
67.0648193 -25.4595013 3.34881997
67.061554 -25.5721512 3.41825008
67.1222992 -25.2555504 -1.69779992
67.1252975 -25.3503494 0.978600025
67.1244507 -25.3016014 1.08445001
67.1958008 -25.2042999 1.61880004
67.1526947 -25.3280487 3.29325008
67.0920486 -25.3484745 3.50360012
67.0203018 -25.3537006 3.65280008
67.0074005 -25.3230991 3.8111999
67.1399002 -25.2317009 4.70173311
67.047699 -25.2863503 4.84864998
67.0550995 -25.0589008 -1.72010005
67.1128006 -25.0632992 1.51960003
67.0719452 -25.1189003 1.67297506
67.1122971 -25.0856514 1.83614993
67.1339493 -25.1895485 3.41909981
67.1432037 -25.0592003 4.54767513
67.0193329 -25.0962334 4.6711998
67.0462952 -24.848999 -1.73110008
67.1101227 -24.8497505 1.13139999
67.1511993 -24.9074993 1.30723333
67.0778961 -24.9803505 1.49119997
67.1218033 -24.9288006 1.70130002
67.0098038 -24.9801006 1.89339995
67.1840973 -24.8896008 3.56949997
67.1169968 -24.9878674 4.53806686
67.1290359 -24.8916664 4.72073317
67.1175308 -24.7677994 1.17543328
67.0860977 -24.7644997 1.26557505
67.0911713 -24.7572994 1.48899996
67.1400986 -24.6462002 3.51119995
67.0437469 -24.4645004 -1.74644995
67.197998 -24.5426006 3.37290001
67.1038971 -24.4664993 3.44964981
67.1092987 -24.4090004 3.99970007
67.1397018 -24.4776325 4.04579973
67.1434937 -24.3029003 -1.74199998
67.1278 -24.2315998 2.99659991
67.1421051 -24.3119507 3.31795001
67.1751022 -24.3363991 3.99160004
67.1164246 -24.3232002 4.08132505
67.1553345 -24.3318996 4.25776672
67.0180969 -24.1005001 -1.74890006
67.0995865 -24.1177998 3.12847137
67.0623016 -24.1595001 3.32229996
67.0546036 -24.0156994 3.47600007
67.1222992 -24.0555 5.38819981
67.1378326 -23.9007339 -1.76196671
67.0714569 -23.9116802 2.92760015
67.1071014 -23.8155003 3.05509996
67.1434021 -23.9524994 3.27029991
67.0792007 -23.9904995 3.42930007
67.1309357 -23.9458008 5.32180023
67.0878983 -23.6467991 -1.74319994
67.0312042 -23.6243 2.52130008
67.0962296 -23.6369324 2.72239995
67.1900024 -23.7971992 2.90079999
67.1960983 -23.6601009 5.26009989
67.0205994 -23.4032993 -1.76760006
67.0929031 -23.5123005 2.57150006
67.0681381 -23.4730206 2.65472007
67.1672516 -23.4108505 5.48270035
67.1927032 -23.2658997 -1.77330005
67.1080017 -23.247551 1.94319999
67.100296 -23.3413506 2.04692507
67.1336746 -23.2389488 2.24127483
67.1064148 -23.2816658 2.70701671
67.1013031 -23.3029003 2.87849998
67.1051483 -23.2486 5.35680008
67.0731506 -23.2723503 5.43924999
67.1052017 -23.3259335 5.65836668
67.1171036 -23.0477009 -1.81389999
67.1850967 -23.0335007 1.59459996
67.0765991 -23.0604992 1.78219998
67.1624985 -23.0723991 1.90082002
67.1483994 -23.1587009 2.21429992
67.136795 -23.0934486 2.77759981
67.0570526 -23.1560993 2.87809992
67.0174026 -23.1954994 3.01410007
67.0304642 -23.1429996 5.32819986
67.1822968 -22.9964008 1.53770006
67.1377335 -22.9142342 1.70739996
67.1279984 -22.9277 1.80540001
67.1549988 -22.8283005 2.57599998
67.1345901 -22.9188137 2.72447133
67.08815 -22.83815 2.91804981
67.0513992 -22.9549007 3.12940001
67.1869965 -22.7180996 -1.80499995
67.1584015 -22.7565002 1.3441
67.1383743 -22.6939621 1.49396253
67.0291977 -22.7707005 1.65960002
67.1544037 -22.7780991 2.56410003
67.1544495 -22.7861996 2.95725012
67.0992966 -22.5377007 -1.80019999
67.097702 -22.4211998 -1.79849994
67.0687027 -22.2859001 -1.82179999
67.1317444 -22.15205 -1.81659997
67.1668243 -21.91535 -1.83340001
67.1274567 -21.66675 -1.85860002
67.1604233 -21.5104752 -1.85797501
67.1947021 -20.8139 -1.89950001
67.1286011 -20.709549 -1.87650001
67.0958023 -20.4592991 -1.87249994
67.1962967 -20.0888004 -1.9138
67.2585983 -39.952301 -1.20650005
67.3865967 -39.8977013 -1.18400002
67.2706985 -39.5713005 -1.20239997
67.2093964 -39.0014 -1.21589994
67.2126007 -38.8774986 -1.18869996
67.2602005 -38.7036324 -1.23389995
67.3159027 -38.4745026 -1.25740004
67.3005981 -38.2798004 -1.25220001
67.2917023 -37.8862991 -1.26370001
67.2892456 -37.8488998 3.33274984
67.3068619 -37.9047585 3.49495983
67.2916641 -37.6685677 -1.28866661
67.329216 -37.7008018 3.33739996
67.2735291 -37.4653664 -1.27263331
67.2873001 -37.2271004 -1.28610003
67.3421021 -37.0331993 2.75510001
67.3490448 -37.1388512 2.94710016
67.2319489 -37.0431976 3.09109998
67.2893677 -36.9432983 -1.29563332
67.3977966 -36.8482018 1.89520001
67.3244629 -36.8897591 2.93445992
67.3501511 -36.8997993 3.27189994
67.3554993 -36.9229012 3.58030009
67.2584 -36.7335968 -1.30314994
67.3441315 -36.7353668 1.76003337
67.2798004 -36.6236 1.85350001
67.3860016 -36.6301003 2.78250003
67.3381958 -36.7550011 2.91593337
67.3015289 -36.6832695 3.04620004
67.2334442 -36.7775002 3.43635011
67.3517456 -36.5552521 1.75534999
67.3559036 -36.4728012 1.85689998
67.2752991 -36.4332008 2.28609991
67.3149338 -36.5339012 2.91840005
67.2366943 -36.5317993 3.25014997
67.3050995 -36.5186005 3.46259999
67.3139038 -36.2646027 -1.32284999
67.2888031 -36.3955002 1.91250002
67.2484665 -36.2886314 2.13173342
67.3438034 -36.3297005 3.01999998
67.2453003 -36.1147003 1.9066
67.2720032 -36.0993996 2.12384009
67.3526001 -36.0769005 2.43855
67.3578033 -36.1647987 2.76239991
67.3984985 -36.0327988 2.8276
67.2722015 -36.0447998 3.14249992
67.3670502 -35.8661995 -1.3549
67.2673035 -35.801899 1.91030002
67.3040009 -35.9472008 2.04970002
67.2735977 -35.8701515 2.26695013
67.3825989 -35.9967995 2.51690006
67.3551025 -35.8049011 2.70639992
67.3097687 -35.9724007 2.90736675
67.3880997 -35.9737015 3.0308001
67.2420044 -35.683403 -1.36625004
67.2902374 -35.7168388 1.89797997
67.2866135 -35.7002487 2.0859499
67.2378998 -35.7277985 2.94149995
67.3013458 -35.5390015 -1.37240005
67.2701035 -35.5654984 2.26600003
67.324501 -35.405899 3.29460001
67.3647995 -35.4611015 4.59870005
67.2545624 -35.5387001 4.75033331
67.2492981 -35.5125008 4.83029985
67.3094482 -35.3483009 1.95160007
67.2778015 -35.2288017 2.67499995
67.376503 -35.2363014 4.68809986
67.3305969 -35.0777016 -1.36576664
67.3442001 -35.0182991 1.76709998
67.2240982 -35.0651016 1.87909997
67.3126526 -35.1497993 2.52034998
67.3427963 -35.1040001 2.61439991
67.3600998 -35.1459999 4.36089993
67.2430954 -35.1153641 4.47043324
67.343399 -35.1198006 4.63560009
67.2687988 -34.8261986 -1.38849998
67.3444977 -34.8198013 1.12829995
67.3708038 -34.8715973 1.3450501
67.3610001 -34.8712997 1.41709995
67.3796997 -34.9556007 1.73479998
67.3812027 -34.9222984 2.0072999
67.3809967 -34.8508987 4.35890007
67.2381973 -34.8079987 5.4847002
67.3208008 -34.8616982 5.8980999
67.3488007 -34.6026001 -1.40030003
67.2528992 -34.7400017 1.31930006
67.3090286 -34.7024002 1.43746674
67.3770981 -34.7915993 1.82700002
67.2830353 -34.6762009 2.0896666
67.2312469 -34.6440506 2.47539997
67.3738022 -34.7611008 5.20699978
67.2492676 -34.7827988 5.51896667
67.2281036 -34.4962006 -1.39979994
67.2859497 -34.4696503 1.49876666
67.3267212 -34.522377 1.6997
67.3118973 -34.5896988 1.97679996
67.2842026 -34.5365334 2.11229992
67.2880325 -34.5654678 2.32010007
67.2498016 -34.4127007 2.87689996
67.3660965 -34.274601 1.37870002
67.3262482 -34.2845154 1.4405334
67.2955475 -34.3594513 1.73769999
67.3629456 -34.2968521 2.08424997
67.2172012 -34.1651001 -1.41589999
67.2098007 -34.0704994 -1.39789999
67.396698 -34.1543007 1.34940004
67.3314972 -34.0096016 2.40799999
67.2759018 -34.1633987 4.34749985
67.2957993 -34.0763016 4.50880003
67.2207947 -33.9436493 -1.42759991
67.268898 -33.834301 2.48749995
67.240097 -33.9800987 4.36159992
67.3897018 -33.8241005 4.75349998
67.2981339 -33.7314339 -1.42009997
67.3749008 -33.7394981 2.60610008
67.2425003 -33.7372017 4.77680016
67.2208023 -33.767601 5.10559988
67.3114014 -33.4942017 -1.43690002
67.2201004 -33.5211983 2.37179995
67.2715225 -33.5068245 2.47189999
67.2453003 -33.3544006 2.10249996
67.2424011 -33.2815018 2.32139993
67.2733002 -33.0929489 -1.44990003
67.2279968 -33.0439987 2.10890007
67.2529984 -33.1492004 2.2125001
67.3161011 -32.9057503 -1.44694996
67.2341003 -32.9757004 2.16939998
67.2591019 -32.8811989 2.20810008
67.3472366 -32.658535 1.15320003
67.3453979 -32.6920013 1.32739997
67.3535461 -32.7128983 1.52544999
67.2345963 -32.7218018 2.02609992
67.245903 -32.4780998 -1.4418
67.2966309 -32.5022011 1.33331668
67.3032684 -32.4984665 1.44809997
67.2495499 -32.5263519 1.90215003
67.2656021 -32.5483017 2.01270008
67.3761978 -32.5157013 3.77800012
67.2906036 -32.5508995 3.83249998
67.3097992 -32.3427658 -1.46683335
67.305397 -32.3782005 1.45920002
67.2587967 -32.3694992 1.60039997
67.3127975 -32.3651009 1.87179995
67.2453995 -32.3097 2.31870008
67.3780975 -32.1665993 -1.477
67.339798 -32.1367989 2.64744997
67.2451019 -31.8687 -1.50504994
67.2993011 -31.8864002 1.32309997
67.3235016 -31.8195992 2.16190004
67.2947235 -31.9302998 2.54775
67.319603 -31.8472004 2.63509989
67.2714005 -31.8767338 2.86853337
67.2690506 -31.6403503 -1.48329997
67.3471985 -31.7017002 1.55180001
67.299202 -31.6903667 1.72819996
67.3040695 -31.6741333 1.95319998
67.3407669 -31.6890011 2.44933319
67.2334976 -31.7537994 2.85050011
67.2595978 -31.7289009 3.08500004
67.2785034 -31.7239494 5.55879974
67.2832794 -31.4978256 -1.50329995
67.2682495 -31.4118996 1.32159996
67.2832184 -31.4468441 1.49898565
67.2667465 -31.4804249 1.64330006
67.278801 -31.4274998 1.91719997
67.3201218 -31.445076 2.1321249
67.2893982 -31.5097504 2.23005009
67.2529984 -31.2453995 -1.50520003
67.2944489 -31.3013 1.17379999
67.322197 -31.3330002 1.30559993
67.2344666 -31.3728676 1.44930005
67.2024994 -31.3610992 1.68970001
67.2247009 -31.3698006 1.80760002
67.2823029 -31.3722 2.1006
67.2987976 -31.3533993 2.26189995
67.2427979 -31.1131001 -1.48955011
67.3133316 -31.0210342 5.70373344
67.2525482 -31.1718998 5.8197999
67.2146988 -31.1452999 6.12150002
67.2015991 -30.9151001 -1.51110005
67.280899 -30.8589993 5.47844982
67.2928009 -30.9972992 5.75600004
67.2501984 -30.9568005 6.29169989
67.2899017 -30.6278 -1.5388
67.3544998 -30.6196003 4.01599979
67.3759003 -30.7961998 4.33659983
67.2482986 -30.6032009 5.08699989
67.3218689 -30.748167 5.36133337
67.2740021 -30.6575508 5.50600004
67.2911987 -30.7506008 6.08890009
67.2857971 -30.6930008 6.25519991
67.2454987 -30.5527 -1.55569994
67.3458023 -30.5168324 3.96889997
67.2970276 -30.5040512 5.10842514
67.2591019 -30.5818005 5.37699986
67.2093964 -30.4400005 5.50899982
67.2526016 -30.4176006 5.66130018
67.3008499 -30.3069992 -1.54285002
67.3345032 -30.293499 5.1423502
67.3731995 -30.0044994 4.57740021
67.3182983 -30.0464001 4.64639997
67.2674026 -30.0084991 4.87360001
67.3956985 -30.1723003 5.0539999
67.2209015 -29.9379997 -1.56700003
67.2942963 -29.9631004 4.19099998
67.356102 -29.8313007 4.33349991
67.3330688 -29.9507999 4.48793316
67.2180023 -29.9381008 4.95629978
67.2624359 -29.6528664 4.15423346
67.3356018 -29.7185993 4.21019983
67.2844543 -29.6404495 4.87225008
67.3141022 -29.5002499 -1.56984997
67.2833023 -29.5016003 2.77859998
67.2530975 -29.4433994 2.87730002
67.2661972 -29.5464993 4.11339998
67.2753983 -29.5240669 4.25740004
67.2457962 -29.4305 4.64349985
67.2860031 -29.4841995 5.06500006
67.2915649 -29.4330997 5.33636665
67.3245544 -29.3442993 -1.58314991
67.2395477 -29.2805996 2.74405003
67.3471985 -29.2108002 2.82279992
67.3989029 -29.3593006 4.3130002
67.3619995 -29.2786007 4.67000008
67.2959976 -29.3336334 5.13053322
67.2672501 -29.0491982 -1.59625006
67.2238007 -29.1996002 2.75149989
67.3096008 -29.0665493 2.84689999
67.2703018 -29.0198994 3.97370005
67.2801971 -29.1417007 4.33975029
67.3983002 -29.1119995 4.44729996
67.3072968 -29.1604004 5.65799999
67.335701 -28.8666992 -1.58920002
67.2902527 -28.8946743 2.73897505
67.2932968 -28.8040009 2.84489989
67.2121964 -28.8945999 4.3130002
67.2546005 -28.9132004 5.3842001
67.2545013 -28.7462997 -1.57790005
67.2523956 -28.6575508 2.34840012
67.3059998 -28.6818008 2.86150002
67.2127991 -28.6040993 3.01430011
67.2530975 -28.6553001 3.78195
67.2413025 -28.7731991 3.88070011
67.3497009 -28.7234001 4.67089987
67.2633972 -28.6739006 5.12169981
67.3220978 -28.7621994 5.52514982
67.3908997 -28.4696999 -1.61310005
67.3265991 -28.4710503 -1.59124994
67.2491989 -28.4603004 2.14654994
67.3050003 -28.5411663 2.27509999
67.2666931 -28.5445499 2.48014998
67.2376022 -28.4574013 2.69990015
67.2126465 -28.5350494 2.87170005
67.3685989 -28.4234009 3.14980006
67.2785492 -28.4787006 3.24624991
67.3310013 -28.5186005 3.42319989
67.2236023 -28.5244007 3.71959996
67.3827972 -28.5489998 3.80220008
67.3646545 -28.3741989 2.27180004
67.2546997 -28.3106995 2.8599999
67.3458023 -28.3990002 3.76539993
67.2940979 -28.3696003 4.74319983
67.2914963 -28.1522007 2.49399996
67.3377991 -28.1679001 2.95546675
67.2397995 -28.0331001 3.57859993
67.2818222 -28.1026249 3.69957495
67.3939972 -28.1821995 3.91289997
67.2911987 -27.9329338 -1.61463332
67.335701 -27.8593006 2.58940005
67.3123016 -27.8918667 2.70333338
67.2580032 -27.8506508 2.90242505
67.2455978 -27.9076996 3.31069994
67.3309021 -27.9958 3.5453999
67.2092972 -27.7098007 2.75769997
67.2878036 -27.6553326 2.89133334
67.3125992 -27.7595005 3.4059
67.2573013 -27.4130001 -1.64760005
67.2481537 -27.5295486 2.86194992
67.2768021 -27.4181995 3.01979995
67.2986374 -27.2327995 -1.64736664
67.3594971 -27.2439995 -1.56990004
67.2705612 -27.3108997 2.87935996
67.3134689 -27.2699661 3.10236669
67.2331009 -27.0634995 -1.64160001
67.2733002 -27.0954514 2.45354986
67.3562012 -27.1905003 2.73250008
67.2817993 -27.1991005 2.80730009
67.3131485 -27.1625004 3.26819992
67.2451019 -26.8209 -1.6573
67.3781967 -26.8267994 2.38429999
67.3803024 -26.9122009 2.40380001
67.3026962 -26.6639996 -1.64479995
67.3139343 -26.6357002 1.12193334
67.2261963 -26.6180992 1.25689995
67.2699966 -26.6306 1.50779998
67.2074966 -26.6079998 1.60780001
67.3970032 -26.5366001 -1.64209998
67.2319794 -26.543026 1.26740003
67.2594986 -26.5800991 1.56939995
67.2164993 -26.2115002 -1.65279996
67.3013992 -26.2446003 1.40799999
67.2020035 -26.2434006 1.63639998
67.2968445 -26.0604496 -1.69735003
67.3013992 -26.0749664 1.12539995
67.2574844 -26.1058998 1.30757999
67.353302 -26.0746994 3.1802001
67.3144684 -26.1235657 3.30263329
67.3302002 -25.9004669 -1.69436669
67.2621002 -25.9692993 1.14069998
67.2886963 -25.9887009 1.24950004
67.3038025 -25.8334999 1.8994
67.270401 -25.9554996 2.16759992
67.275177 -25.8506603 2.32294011
67.3932037 -25.9759998 2.5374999
67.3641968 -25.9383011 3.10629988
67.3108978 -25.6731987 -1.69050002
67.3886032 -25.6396999 1.58570004
67.2695465 -25.6634502 1.74045002
67.3863983 -25.6702499 1.87720001
67.3225021 -25.7231331 2.08293343
67.2752991 -25.7320004 2.23029995
67.2509995 -25.6480007 3.26069999
67.3275681 -25.4631329 -1.71463335
67.3509979 -25.4325008 1.16890001
67.2959976 -25.5484009 1.55980003
67.3789978 -25.4382 3.12280011
67.2306976 -25.4179993 3.33389997
67.3270721 -25.2799759 -1.69985008
67.2736053 -25.3115005 0.986100018
67.2783966 -25.2712822 1.04001665
67.324501 -25.2493992 1.24510002
67.3865509 -25.28265 2.38304996
67.28508 -25.2748013 2.44389987
67.3035355 -25.2964668 3.31699991
67.3868027 -25.2651997 3.59190011
67.300499 -25.2710991 3.65249991
67.2598038 -25.2436008 4.5781002
67.3822021 -25.2768993 4.81540012
67.3114166 -25.0646 -1.72122002
67.305397 -25.1595001 0.9727
67.2921448 -25.1581497 1.10654998
67.3544998 -25.0313988 1.28999996
67.2886963 -25.0846004 1.52286673
67.3204041 -25.0447502 1.76165009
67.3575974 -25.1896992 2.27900004
67.315918 -25.1434593 3.49464011
67.25 -25.0639992 3.62610006
67.2780457 -25.1272507 4.53364992
67.2889023 -25.1837997 4.74249983
67.3338928 -25.0749016 5.6821003
67.2693024 -25.0163994 5.82660007
67.3154449 -24.8719006 1.09332502
67.3079224 -24.8340244 1.25714993
67.3146973 -24.8848 1.48889995
67.2758026 -24.9125996 1.62979996
67.2967987 -24.9386005 1.8434
67.2036972 -24.9985008 3.56760001
67.2882004 -24.8857498 3.75755
67.2996979 -24.8535995 3.84030008
67.2907791 -24.8739204 4.50434017
67.3539352 -24.9254665 4.67133331
67.352005 -24.6498489 -1.74905002
67.3433533 -24.7010002 1.08669996
67.3061523 -24.7528248 1.30877495
67.2720947 -24.7677498 1.47025001
67.3404007 -24.7514 2.27979994
67.3186035 -24.6356506 3.35489988
67.2783356 -24.6407166 3.49834991
67.3625031 -24.6673336 3.72583342
67.2627029 -24.7113991 3.83826661
67.3347702 -24.7112675 4.49450016
67.3606033 -24.7434998 4.78980017
67.3473969 -24.4968338 -1.74419999
67.2753983 -24.4790249 3.35427499
67.2772522 -24.4640503 3.43630004
67.2865982 -24.5032005 3.92554998
67.2903519 -24.4945259 4.10407495
67.2862015 -24.4137993 4.33330011
67.3829041 -24.4655991 4.70145035
67.302002 -24.2386017 2.76615
67.2479477 -24.3628502 3.25360012
67.2742996 -24.3775005 3.94370008
67.2042999 -24.3484001 4.14039993
67.3794022 -24.3887997 4.53950024
67.3506012 -24.0545006 -1.73140001
67.243103 -24.0855999 2.99359989
67.2177963 -24.1518993 3.16009998
67.2774963 -23.8950005 -1.75030005
67.3696976 -23.9267006 2.50469995
67.251503 -23.8841 2.99119997
67.2109985 -23.8787994 3.00539994
67.3044968 -23.9519997 3.3355999
67.2622986 -24 4.94169998
67.3040237 -23.8967495 5.16377497
67.3047867 -23.9081001 5.31523752
67.3427277 -23.7148514 2.31130004
67.2961349 -23.6642666 2.51830006
67.2945023 -23.6620331 2.68246675
67.2932968 -23.7346992 2.8578999
67.3673019 -23.6469002 3.68070006
67.303299 -23.7383671 5.36773348
67.3308487 -23.5870514 -1.76625001
67.3575974 -23.4356003 2.01270008
67.2832031 -23.5197487 2.5402
67.2388992 -23.4906998 2.62879992
67.2289963 -23.5646992 5.41200018
67.3263016 -23.3642006 1.52240002
67.3391571 -23.3027 1.7562499
67.264473 -23.3057003 1.88304996
67.3246002 -23.2115002 2.54150009
67.3212967 -23.2789001 2.68330002
67.3537979 -23.3449001 3.06669998
67.3892975 -23.3138008 5.34499979
67.2862015 -23.2611008 5.46052504
67.3367462 -23.2043495 5.70429993
67.3103027 -23.0128994 -1.80190003
67.2848053 -23.0597 1.59225011
67.2605362 -23.0736008 1.73333335
67.2340012 -23.1159 2.05170012
67.3106995 -23.1184502 2.67229986
67.2795486 -23.0415001 2.86135006
67.2043991 -23.1737995 5.39849997
67.3618469 -22.8477497 1.33117497
67.3226624 -22.8798008 1.51388335
67.2677612 -22.9202595 1.68801999
67.2532959 -22.9805489 1.87269998
67.3625031 -22.9885006 2.07649994
67.2197037 -22.9871998 2.38199997
67.2080002 -22.8409996 2.59249997
67.2835388 -22.9375401 2.66531992
67.2376022 -22.8507996 2.81649995
67.3152008 -22.6175003 -1.79139996
67.3815994 -22.6828995 1.03719997
67.2860184 -22.7243004 1.33482003
67.2432251 -22.7094803 1.49451995
67.3050537 -22.7751999 2.88189983
67.3029022 -22.4479008 -1.82360005
67.3746033 -22.5214005 1.27859998
67.3131256 -22.4376755 1.47512507
67.3559036 -22.4365997 3.2816999
67.3744965 -22.2868004 1.35440004
67.3074036 -22.3931503 1.45834994
67.3352509 -21.8699989 -1.84920001
67.2491989 -21.6781006 -1.82539999
67.2395935 -21.5467491 -1.85710001
67.2801743 -21.3191757 -1.87004995
67.2992325 -21.0859661 -1.8682667
67.3367004 -20.9083004 -1.88349998
67.3612061 -20.7514496 -1.86500001
67.3203278 -20.5467262 -1.883775
67.2667999 -20.3105659 -1.89740002
67.3090057 -20.0271492 -1.92390001
67.5158005 -39.8386993 -1.19760001
67.4991989 -39.4203491 -1.21309996
67.499649 -39.2696991 -1.22029996
67.5678711 -39.0886688 -1.2354666
67.5274048 -38.8776474 -1.23010004
67.5279007 -38.4294014 -1.24870002
67.564003 -38.2408981 -1.25139999
67.5374985 -38.1761017 -1.27680004
67.5530548 -38.0502014 3.35134983
67.5802002 -37.8883018 -1.28649998
67.4400711 -37.8503761 3.30509996
67.4093018 -37.9430008 3.49609995
67.5516968 -37.8788986 3.73790002
67.4516983 -37.7085991 -1.27649999
67.5854034 -37.6735497 3.11619997
67.5332947 -37.6709213 3.26602006
67.415802 -37.5171013 -1.28279996
67.4850311 -37.4902992 2.93373322
67.5185013 -37.4973526 3.06089997
67.4774017 -37.5214005 3.34910011
67.4363022 -37.3437996 -1.28550005
67.5109482 -37.3120232 2.83739996
67.5670471 -37.1829491 -1.29640007
67.5171509 -37.0601501 2.62960005
67.5029297 -37.166935 2.90140009
67.514801 -37.0149002 3.2033999
67.5646973 -37.0778656 3.51556683
67.4833984 -37.1026993 3.60150003
67.5098038 -36.9068985 -1.31850004
67.5179672 -36.8145332 1.84683335
67.4394989 -36.9975014 2.76099992
67.4323502 -36.9150505 2.93114996
67.5952988 -36.8333015 3.35829997
67.5341263 -36.9089012 3.49259996
67.5473022 -36.7412987 -1.32490003
67.5015488 -36.7140007 1.74512506
67.4456253 -36.6877251 1.83990002
67.5264969 -36.6385994 2.86240005
67.5562973 -36.6403999 3.19650006
67.5811005 -36.6843987 3.26379991
67.5086975 -36.4360504 -1.32290006
67.4650497 -36.5456009 1.77234995
67.4259338 -36.5475349 1.8987
67.433197 -36.5797005 3.28119993
67.5387497 -36.5243988 3.52129984
67.5599976 -36.4426003 3.66400003
67.5796967 -36.2694016 -1.33510005
67.5475464 -36.3019028 1.84500003
67.5189972 -36.3280487 2.11119986
67.4537201 -36.301239 2.86500001
67.4642487 -36.0660477 -1.3354001
67.4974976 -36.1936989 2.08649993
67.4754028 -36.1331482 2.30769992
67.5466995 -36.1445007 2.54959989
67.5527039 -36.0927315 2.71016669
67.4664993 -36.1174011 2.86194992
67.5208969 -35.8894997 -1.31719995
67.5139999 -35.9611015 2.5631001
67.4850998 -35.8959351 2.75533342
67.4913483 -35.859375 2.87680006
67.4810028 -35.6204987 -1.34130001
67.4065018 -35.6725998 1.80139995
67.405899 -35.6292 2.32730007
67.4599991 -35.7876015 2.48309994
67.5465012 -35.7888985 2.67729998
67.548996 -35.485199 2.15864992
67.4723053 -35.5953522 2.26349998
67.4821014 -35.5499001 4.51420021
67.4934464 -35.5231476 4.6566
67.5222015 -35.3456993 -1.3690666
67.5250015 -35.2130013 1.64219999
67.506752 -35.3029022 1.92855
67.5792007 -35.264801 3.11660004
67.4215012 -35.3667984 4.39839983
67.4794006 -35.1706009 -1.32000005
67.5171967 -35.0647278 1.51407504
67.4896317 -35.0800972 1.73436666
67.5002213 -35.0438766 1.93785
67.5404053 -35.0916977 2.46199989
67.5167389 -34.912632 -1.37993336
67.4741898 -34.8289261 1.28330004
67.5116959 -34.9044685 1.44583333
67.4642029 -34.950901 1.9569
67.4553986 -34.8897018 2.05270004
67.5482025 -34.8389511 2.51534986
67.4029999 -34.9748001 2.71860003
67.4318008 -34.8905983 5.08790016
67.4530029 -34.668499 -1.36539996
67.4141006 -34.6917 1.36539996
67.4453354 -34.6971664 1.52326667
67.530098 -34.6463242 1.69234991
67.5558014 -34.7170982 2.06870008
67.4911346 -34.7050667 2.3561666
67.4499512 -34.7482986 2.50460005
67.5283508 -34.6702003 5.375
67.4872437 -34.7508507 5.47125006
67.4956512 -34.5159988 -1.38085008
67.4456482 -34.4353027 1.56474996
67.5066986 -34.440033 1.7209667
67.4619675 -34.4781342 1.96446669
67.4262009 -34.5517502 2.31725001
67.5676498 -34.5528488 2.44114995
67.5569 -34.487999 4.42140007
67.4658966 -34.3753014 -1.40460002
67.5460968 -34.3655014 -1.3865
67.4573135 -34.3002853 1.33674288
67.4893036 -34.2774162 1.46871662
67.4139023 -34.3648987 1.65600002
67.4616547 -34.2903976 1.94420004
67.5688477 -34.2192497 2.09940004
67.5529022 -34.2370987 2.32969999
67.5027008 -34.2419014 2.44810009
67.4399033 -34.1716995 1.29170001
67.5175476 -34.1184006 1.93350005
67.5917969 -34.0293999 4.60570002
67.5227966 -33.9071999 -1.43840003
67.591301 -33.8414001 2.49620008
67.4093018 -33.9715004 5.10379982
67.5229492 -33.6647491 1.92164993
67.5921021 -33.6175995 2.2743001
67.5013504 -33.7416496 2.51804996
67.4104996 -33.7731018 4.4684
67.4707947 -33.5036011 -1.44733334
67.5677261 -33.4981499 1.14157498
67.5966034 -33.5830002 2.16479993
67.5210037 -33.5005989 2.33260012
67.5530243 -33.5612488 2.4835
67.5183487 -33.4734001 2.63724995
67.5450974 -33.2262001 -1.45190001
67.4776001 -33.354599 2.34570003
67.4614029 -33.1116333 -1.4576
67.5413971 -33.1557999 2.20140004
67.5572052 -32.880249 -1.4460001
67.5812988 -32.9752007 2.15919995
67.5121002 -32.6100998 1.14384997
67.5368271 -32.6805267 1.30752504
67.521965 -32.630867 1.45956671
67.4493027 -32.6290016 1.8427
67.493454 -32.7421494 2.10165
67.4581985 -32.6421013 3.78259993
67.498497 -32.5437012 -1.44719994
67.4468307 -32.530468 1.14346671
67.5142441 -32.4909592 1.50684285
67.5482025 -32.449398 1.68673325
67.5486984 -32.5153008 1.93379998
67.5450974 -32.5469017 3.18160009
67.4886017 -32.5696983 3.72939992
67.4179001 -32.5304985 3.81349993
67.5493469 -32.3469505 1.56419992
67.5401993 -32.3471985 1.6336
67.4291992 -32.2411003 2.23790002
67.5735016 -32.3676987 3.21379995
67.4917984 -32.1947479 -1.46875
67.5772018 -32.0615005 1.9339
67.5258026 -32.0768013 2.58130002
67.4885025 -32.0709 2.63260007
67.5734024 -31.9435005 -1.52839994
67.4831009 -31.9228001 1.57369995
67.4350967 -31.9125996 1.68970001
67.5123978 -31.9705505 2.50185013
67.4354019 -31.9510002 2.72370005
67.516098 -31.8775005 2.89723325
67.473999 -31.9232006 3.07570004
67.512001 -31.6375008 1.57379997
67.5103989 -31.7035007 1.63610005
67.5077667 -31.6565342 1.92353332
67.4483032 -31.6425991 2.04089999
67.5337067 -31.6844501 2.31625009
67.4843521 -31.7209015 2.46320009
67.4991989 -31.7852001 2.6967001
67.4545975 -31.7817001 3.38439989
67.4233551 -31.6584492 5.44864988
67.4897995 -31.7649002 5.63525009
67.5278473 -31.5754509 -1.51115
67.5437012 -31.4832401 1.31535995
67.5008163 -31.5042706 1.53375709
67.4895325 -31.4751854 1.67928565
67.4358673 -31.5095005 1.88343334
67.4996262 -31.5464249 2.10354996
67.544754 -31.53545 2.3287499
67.536499 -31.5757504 5.43254995
67.5055008 -31.2701988 -1.52929997
67.5128784 -31.2965012 1.13216662
67.5079575 -31.2641201 1.29361999
67.4742966 -31.243 1.47899997
67.5229034 -31.2702999 5.3684001
67.5297318 -31.1184006 -1.5345
67.5250015 -31.1438503 0.927600026
67.5315323 -31.1612167 1.0728333
67.5038986 -31.1509991 1.22309995
67.5548477 -31.0476494 5.72280025
67.5279007 -31.1107006 5.93690014
67.4250031 -31.0879002 6.08199978
67.5047989 -30.8873997 -1.53919995
67.4185028 -30.8267498 4.30150032
67.4615021 -30.9020004 5.88500023
67.4784012 -30.6928501 -1.52695
67.4635315 -30.6791668 4.10483313
67.5092926 -30.7008514 5.11740017
67.4983292 -30.426466 -1.55680001
67.4741974 -30.4568996 3.89400005
67.536499 -30.4266663 5.03546667
67.5186005 -30.2089996 -1.5668
67.4959564 -30.3730507 3.9595499
67.5998993 -30.3108997 5.3361001
67.4217987 -30.0104008 4.5637002
67.5103455 -30.0869999 4.75204992
67.5619965 -29.8218994 -1.57690001
67.5574036 -29.8316994 3.70379996
67.5697479 -29.8689995 4.28369999
67.5783005 -29.9094009 5.62709999
67.5064011 -29.6800003 -1.57099998
67.4944992 -29.6895504 4.13129997
67.5801544 -29.6533012 4.2585001
67.4529037 -29.7586994 5.27950001
67.5777969 -29.4046001 -1.59819996
67.4320984 -29.4062996 2.76920009
67.5447006 -29.4158993 2.81450009
67.5358505 -29.5028992 4.18074989
67.4152985 -29.4062996 4.20050001
67.5369034 -29.5587997 4.83710003
67.530899 -29.4335995 5.0605998
67.4608002 -29.2103996 -1.57159996
67.4251022 -29.3358002 2.77169991
67.5421677 -29.3450336 2.88476658
67.4094009 -29.1310997 -1.60220003
67.4923019 -29.0888996 -1.57570004
67.5078506 -29.1394997 2.76709986
67.5695038 -29.0018997 2.84450006
67.5235977 -29.1413002 4.09779978
67.5238037 -28.9036999 -1.57529998
67.4521484 -28.8523998 2.75769997
67.478302 -28.9425678 2.85226655
67.4511032 -28.9276009 3.00819993
67.5391998 -28.8943672 3.96510005
67.5007477 -28.9382248 4.06054974
67.5404968 -28.8915005 4.28529978
67.4834976 -28.8523998 4.49160004
67.424202 -28.7259007 -1.57570004
67.5747986 -28.6095009 2.59850001
67.5366974 -28.7713509 2.7418499
67.5319977 -28.7721996 4.18590021
67.4051971 -28.6888008 4.37669992
67.495903 -28.6028996 5.06769991
67.5681 -28.7509995 5.48269987
67.5393982 -28.5266991 2.32220006
67.5653 -28.4568005 2.42729998
67.5354996 -28.4862003 2.7428
67.5845032 -28.5855999 2.88400006
67.4873962 -28.5599995 3.61350012
67.5840988 -28.4645004 4.02820015
67.4341965 -28.5006008 4.53240013
67.4309006 -28.4181995 4.61999989
67.4207993 -28.3022995 -1.63080001
67.5718994 -28.2908993 -1.58529997
67.517601 -28.3386993 2.88800001
67.5385971 -28.2378006 3.06859994
67.4895477 -28.2722015 3.29430008
67.5365982 -28.3082008 3.51180005
67.4932022 -28.2364998 3.75620008
67.4966965 -28.2101002 3.95379996
67.4307022 -28.3542004 4.07969999
67.419899 -28.3349991 4.56279993
67.4788971 -28.0095997 2.51990008
67.4266968 -28.1926003 3.64249992
67.5587997 -27.9540005 -1.6142
67.5828018 -27.9463005 2.3756001
67.4674988 -27.8969994 2.44370008
67.5435028 -27.8990993 2.67070007
67.5132751 -27.85116 2.89195991
67.5263977 -27.8617001 3.00690007
67.4757996 -27.9463005 3.3441
67.4886017 -27.8530006 3.53410006
67.5131302 -27.6828671 -1.63630009
67.4753647 -27.4894333 -1.63983333
67.5073547 -27.5213509 2.76944995
67.5459976 -27.5252991 2.88455009
67.4843979 -27.4104004 3.03999996
67.4764023 -27.2940998 -1.65040004
67.533699 -27.2394009 2.77530003
67.4971008 -27.3092003 2.80890012
67.4229965 -27.2658997 3.00530005
67.4702988 -27.2957001 3.27760005
67.5195465 -27.0762501 -1.65555
67.5733032 -27.0373993 1.72210002
67.4094009 -27.0319996 2.45740008
67.552803 -27.1660995 2.72650003
67.5251465 -27.1902008 2.8987
67.4794998 -26.9370995 -1.63916671
67.5229034 -26.9633007 1.7507
67.517601 -26.8577995 2.36096668
67.5064316 -26.9069672 2.48073339
67.4776001 -26.6705017 -1.66375005
67.4448013 -26.6334 1.00650001
67.5074997 -26.6305008 1.37839997
67.4997025 -26.6377335 1.70190001
67.5145035 -26.7308998 1.82869995
67.524353 -26.4980011 -1.65352499
67.4916306 -26.4699326 1.34163332
67.5916977 -26.5447998 1.79449999
67.5756989 -26.3267002 -1.70700002
67.5297012 -26.2482986 1.47210002
67.4682007 -26.2300491 3.26329994
67.5987015 -26.0575008 0.816200018
67.4789505 -26.1273499 1.12249994
67.4797668 -26.0654335 1.26563334
67.5162964 -26.1569996 2.83159995
67.5154343 -26.0827332 3.17120004
67.4001007 -26.1632996 3.25440001
67.4414978 -25.8688507 -1.69464993
67.5728683 -25.9139671 0.902866662
67.5306702 -25.8779335 1.0668
67.5391006 -25.8561993 1.51830006
67.433403 -25.8174 2.17880011
67.5774994 -25.8536491 2.3750999
67.5755005 -25.8987999 2.49070001
67.5503387 -25.8762341 2.95766664
67.4404678 -25.8997326 3.03569984
67.5983963 -25.9738007 4.44290018
67.5997009 -25.6625004 -1.72880006
67.5500336 -25.7234669 0.952433348
67.5320969 -25.6371002 1.5165
67.5759964 -25.7509003 1.94439995
67.4652405 -25.7407398 2.08319998
67.4264984 -25.7481995 2.41079998
67.4626007 -25.7546005 3.01320004
67.5639038 -25.5620995 -1.66649997
67.5222778 -25.4805756 0.934724987
67.5867996 -25.4246006 1.01310003
67.5324554 -25.4888992 1.67284989
67.5970001 -25.5387001 2.26099992
67.5114975 -25.5883007 2.42639995
67.4364014 -25.3992004 -1.72130001
67.5375519 -25.3210487 0.8653
67.4892883 -25.2871494 1.07588995
67.5765991 -25.2973995 1.38909996
67.482048 -25.2453003 1.53205001
67.5015335 -25.2898331 1.69393337
67.5427017 -25.2858505 1.87520003
67.5589981 -25.3925991 2.06809998
67.4552002 -25.3017006 2.31920004
67.4188004 -25.3726006 2.44759989
67.432251 -25.2444 3.46002507
67.4150009 -25.2686996 3.80049992
67.5791016 -25.2075996 4.65170002
67.4890518 -25.1634998 -1.72930002
67.5475998 -25.1208 1.00530005
67.5887985 -25.1679001 1.38479996
67.5275116 -25.1048717 1.50121427
67.4440689 -25.0575676 1.70410001
67.459198 -25.1695004 2.24530005
67.4583511 -25.1164494 3.34665012
67.5008011 -25.1023998 3.46776676
67.4807968 -25.1777 3.6236999
67.4542007 -25.1142502 4.69759989
67.4179001 -25.1373005 4.87650013
67.544899 -25.0118999 5.17630005
67.4667969 -25.0414009 5.29530001
67.4276962 -25.0860004 5.74440002
67.4879837 -24.9062328 1.11249995
67.4906616 -24.8264999 1.25246668
67.4693298 -24.9216995 1.45533335
67.5268021 -24.8495998 1.61010003
67.4227982 -24.9594002 1.96210003
67.4857025 -24.8138008 2.12879992
67.5447998 -24.8924007 3.5316
67.4469452 -24.90205 3.66559982
67.4766006 -24.9375992 4.20240021
67.4761963 -24.9052505 4.6708498
67.4606705 -24.9722996 5.51923323
67.4661026 -24.6527996 -1.73629999
67.4872971 -24.7031994 0.997500002
67.4506302 -24.7241154 1.11665714
67.4293976 -24.7784996 1.31264997
67.5830994 -24.7073002 1.59529996
67.5307999 -24.7306004 1.90400004
67.4930649 -24.691267 2.11150002
67.4410019 -24.6749001 3.46580005
67.5088654 -24.7120342 3.67163348
67.4436493 -24.6882496 3.87980008
67.4295044 -24.7421494 4.10194969
67.506897 -24.6061993 4.26749992
67.5463028 -24.6807327 4.51660013
67.4182968 -24.5769997 -1.75890005
67.4057999 -24.5091 2.0157001
67.4660034 -24.5951004 3.3993001
67.5383987 -24.4976006 3.45865011
67.4655762 -24.5066242 4.08527517
67.4918671 -24.530901 4.51666641
67.4195023 -24.3183994 -1.75750005
67.5269012 -24.2497997 2.3598001
67.4623032 -24.3024006 2.44499993
67.4578018 -24.2847004 2.89700007
67.5113525 -24.3017998 3.24970007
67.5049515 -24.3372002 4.57345009
67.5153961 -24.3495007 4.72580004
67.4676666 -24.1492672 -1.7554667
67.4648972 -24.0214005 2.14459991
67.572403 -24.0011997 2.22839999
67.5102997 -24.1926003 2.46269989
67.5511017 -24.1159 2.71269989
67.4935989 -24.1671009 2.8190999
67.4643021 -24.0886497 3.13450003
67.4673004 -24.1700001 3.29419994
67.4737015 -23.9019508 -1.76900005
67.5541992 -23.9797001 2.18079996
67.4301987 -23.8460999 2.72165012
67.5317688 -23.8794327 2.87649989
67.4412994 -23.9731007 3.04139996
67.498703 -23.8701 5.13759995
67.4779968 -23.8983994 5.26066685
67.5174026 -23.8964996 5.49590015
67.5895996 -23.6294994 -1.81850004
67.5988007 -23.7154007 1.6013
67.5876007 -23.6002998 1.97669995
67.4910507 -23.6466503 2.11444998
67.5157013 -23.6921997 2.35653329
67.4773483 -23.686451 2.51172495
67.5097961 -23.676651 2.71729994
67.5690002 -23.6425991 3.52460003
67.521698 -23.7163334 5.3027668
67.5265961 -23.732399 5.54390001
67.449501 -23.4652996 -1.7924
67.513504 -23.4176998 1.79559994
67.4895248 -23.500824 1.90845001
67.4765015 -23.5683746 2.10654998
67.4998779 -23.5469742 2.29225016
67.4823761 -23.576025 2.50880003
67.4936523 -23.5235996 2.67347503
67.526001 -23.4731998 3.47950006
67.4796371 -23.4745331 3.68396664
67.5840988 -23.5205994 3.83649993
67.5406036 -23.4892998 4.01230001
67.4039001 -23.4939003 5.51240015
67.459198 -23.3806 -1.79589999
67.4625473 -23.3139496 1.67497504
67.4969025 -23.3969002 1.80019999
67.5880966 -23.3880997 3.38190007
67.5307465 -23.3054008 3.93690014
67.5632019 -23.3796501 5.34529972
67.5213013 -23.3374004 5.43340015
67.5410995 -23.2770996 5.63490009
67.4606934 -23.1083488 -1.80320001
67.5297012 -23.0634003 -1.7895
67.4985046 -23.1359997 1.47685003
67.4219055 -23.1769505 1.67694998
67.5474014 -23.1493492 2.55275011
67.4923859 -23.091917 2.65385008
67.5635986 -23.0499001 2.9223001
67.4876022 -23.0946007 3.17549992
67.5597 -23.1602001 5.38829994
67.5863037 -23.0175991 5.44309998
67.4982681 -22.8994999 -1.81690001
67.4884033 -22.8386002 -1.79480004
67.5142975 -22.8479996 1.14890003
67.5138245 -22.8550262 1.30375004
67.4440689 -22.9462337 1.44449997
67.5978012 -22.9297009 2.68239999
67.5060272 -22.8975754 2.88479996
67.5563965 -22.8097992 3.03430009
67.5748978 -22.8257999 5.19360018
67.5003052 -22.9464493 5.46600008
67.5119019 -22.7688999 -1.81570005
67.5911026 -22.6639004 -1.75349998
67.5045853 -22.6585999 0.732085705
67.5083313 -22.6511497 1.15285003
67.4796524 -22.6681004 1.30702496
67.4737473 -22.6488991 1.65705001
67.5467987 -22.7455006 2.90530014
67.495903 -22.6436234 3.07089996
67.5535965 -22.5349998 0.723200023
67.5161972 -22.5587139 0.872185707
67.5305481 -22.5642014 1.08934999
67.5349579 -22.4779606 1.28552008
67.4697189 -22.5220833 1.4577167
67.4868469 -22.4289513 1.65335
67.469101 -22.5068512 3.14112496
67.5347672 -22.5170994 3.25453329
67.5932007 -22.4257507 3.52670002
67.5384293 -22.3516998 1.24573338
67.5180359 -22.3838329 1.55306661
67.4602966 -22.3945007 1.62059999
67.564003 -22.3910007 3.10940003
67.5590973 -22.0354996 -1.77209997
67.4251022 -21.7203007 -1.86339998
67.4757996 -21.2866993 -1.8628
67.4866486 -21.0183506 -1.87829995
67.4847488 -20.9557495 -1.87845004
67.5583496 -20.3348503 -1.89324999
67.6766968 -39.8084984 -1.2062
67.7196045 -39.9258003 -1.18475008
67.6798019 -39.7738991 -1.20079994
67.6928024 -39.6683006 -1.19389999
67.7061005 -39.4238014 -1.22870004
67.6971512 -39.5079002 -1.19655001
67.6903 -39.2487679 -1.22143328
67.6986008 -39.3496017 -1.19760001
67.638298 -39.1346016 -1.24100006
67.6772003 -38.9777985 -1.21389997
67.7103958 -38.7069206 -1.22891998
67.6987305 -38.5309677 -1.2286334
67.6945038 -38.2773972 -1.26894999
67.7019348 -38.1436348 -1.23466671
67.6611633 -38.0501671 3.35006666
67.7355042 -38.0419998 3.57200003
67.7037964 -37.9099731 -1.26169991
67.7189407 -37.9152794 3.29006004
67.6643524 -37.8752975 3.55069995
67.6753616 -37.916935 3.71156669
67.6977005 -37.9473991 3.81100011
67.6399002 -37.7113495 -1.28890002
67.7331009 -37.7262268 3.12335014
67.7104721 -37.7299728 3.28519988
67.7297363 -37.497467 -1.27326667
67.7549973 -37.5121002 1.59360003
67.7462234 -37.4638252 1.74325001
67.7866974 -37.4339981 1.86129999
67.6771698 -37.5293655 2.95066667
67.7192993 -37.5647011 3.27539992
67.7132492 -37.3604507 -1.27195001
67.774498 -37.3175011 1.55770004
67.689949 -37.2705498 2.96099997
67.7419968 -37.2272987 3.12089992
67.7468796 -37.0623589 1.46803999
67.7446976 -37.0046005 1.60029995
67.6389008 -37.0026016 2.73440003
67.646698 -37.1817017 2.84459996
67.6832962 -37.0808983 3.00209999
67.6229477 -37.1162987 3.52810001
67.6725006 -36.8754005 -1.29480004
67.7308044 -36.9747505 1.53114998
67.7187958 -36.913002 1.69645
67.6660995 -36.8388329 1.87346661
67.7028656 -36.9347687 2.74359989
67.697998 -36.8110008 3.21409988
67.6251526 -36.9270477 3.46749997
67.6935654 -36.7279663 -1.29503334
67.6614685 -36.7030334 1.71439993
67.6427002 -36.6659317 1.83253336
67.7553558 -36.6691513 2.7121501
67.7426987 -36.7047997 2.94740009
67.638649 -36.7097015 3.23479986
67.6646271 -36.5021515 -1.30997503
67.6611023 -36.4193001 1.78110003
67.7186661 -36.5451012 1.84663332
67.6203995 -36.4789009 2.06900001
67.6669693 -36.528801 2.73790002
67.6356964 -36.5065994 2.85325003
67.629097 -36.5663986 3.03439999
67.6900024 -36.2338982 -1.28190005
67.7364502 -36.3411484 1.85595
67.7851028 -36.2468987 2.78570008
67.7176666 -36.2924004 2.89176679
67.6078033 -36.389801 3.58859992
67.6400986 -36.0125504 -1.34525001
67.75177 -36.1231995 1.91203332
67.7113037 -36.0652008 2.37389994
67.709877 -36.1392403 2.86821985
67.6356964 -35.9528008 -1.34389997
67.6304016 -35.9917984 1.8477
67.7136002 -35.9872017 2.54069996
67.6662979 -35.9077988 2.73329997
67.6104965 -35.9842987 2.90510011
67.6791 -35.718235 -1.34259999
67.6530991 -35.7317009 2.52570009
67.6560974 -35.5315018 -1.35450006
67.6047974 -35.575901 1.95190001
67.7231979 -35.465065 2.36763334
67.6391983 -35.2286987 -1.36870003
67.6352539 -35.3564987 1.87965
67.6445007 -35.2955017 2.01929998
67.763504 -35.3080482 2.35745001
67.7789001 -35.2019997 2.49390006
67.617897 -35.3838005 4.68300009
67.6224976 -35.0663986 -1.43830001
67.7278976 -35.1383018 -1.36590004
67.677124 -35.0944519 1.50145006
67.6730042 -35.0446205 1.63595998
67.6230011 -35.0224991 1.86660004
67.6022034 -35.0023003 2.74000001
67.7703018 -35.0021019 2.89420009
67.6559982 -35.0413513 4.48289967
67.7160034 -34.8768005 1.97790003
67.697197 -34.9021988 2.05690002
67.6014023 -34.8470001 2.5796001
67.6331024 -34.8812027 2.68655014
67.7707977 -34.8157005 2.85489988
67.797699 -34.8270988 3.875
67.6881027 -34.7868996 -1.38310003
67.677002 -34.6810532 1.66855001
67.7304993 -34.6725006 2.3907001
67.7081985 -34.7308998 2.58060002
67.6220016 -34.7384987 5.41169977
67.683197 -34.5910988 1.65269995
67.6529999 -34.487999 2.32509995
67.7950974 -34.5937996 2.49000001
67.6997986 -34.594799 2.7802999
67.6807022 -34.3176994 -1.40639997
67.6997528 -34.3530006 2.33890009
67.6921005 -34.2350998 2.40350008
67.6711655 -34.1307678 -1.41733336
67.6407013 -34.0623016 -1.39849997
67.6024017 -34.0267982 2.30970001
67.6696014 -33.8835983 -1.41209996
67.677803 -33.8757019 2.05890012
67.6589966 -33.9860992 2.50929999
67.6672974 -33.6991501 1.97884989
67.6312027 -33.7517014 2.04380012
67.6672516 -33.5437508 0.980399966
67.6956177 -33.4659195 1.08073997
67.6376038 -33.4914017 1.25559998
67.6064987 -33.4043999 2.58290005
67.7313995 -33.4505005 4.5546999
67.7968979 -33.3627014 -1.42260003
67.7414322 -33.3536339 1.13123333
67.6065979 -33.3274994 2.3835001
67.6788025 -33.2532005 2.88400006
67.6798019 -33.0875664 -1.44073331
67.7348022 -33.0746994 2.34670019
67.7454605 -32.8945808 1.11294007
67.6780167 -32.8669014 1.28322005
67.7154541 -32.8976517 1.46414995
67.7552032 -32.9294014 1.68869996
67.7054672 -32.9456673 2.32906675
67.7346497 -32.8939514 2.48955011
67.7649994 -32.9123001 2.64689994
67.7718964 -32.7807999 -1.40849996
67.6852493 -32.7636032 1.15960002
67.651062 -32.7523003 1.35036671
67.6294022 -32.7481995 1.57939994
67.6960526 -32.7178497 1.73500001
67.7939987 -32.7403984 1.98189998
67.6837997 -32.7220192 2.08807993
67.6554031 -32.7868996 2.69029999
67.6696014 -32.6925011 3.78660011
67.6733551 -32.4576492 -1.45884991
67.7229996 -32.4830017 1.49020004
67.6435013 -32.4059982 1.78830004
67.6563339 -32.5083008 2.0972333
67.7356033 -32.5256004 3.20440006
67.7808533 -32.2886009 -1.47099996
67.6548004 -32.3055 1.46329999
67.6479034 -32.3288002 1.67379999
67.6122971 -32.3487015 1.89030004
67.6882019 -32.2030983 2.32649994
67.6050034 -32.2574997 3.24600005
67.7333984 -32.0932999 -1.47724998
67.6545029 -32.0866013 2.1177001
67.7917023 -32.1164017 2.42219996
67.7301025 -32.1052017 2.68899989
67.7338028 -32.0309982 3.0546999
67.7435684 -31.9408665 -1.47706664
67.6196976 -31.9225998 1.67089999
67.7319489 -31.9526005 1.87520003
67.6201477 -31.8708 2.06769991
67.7192535 -31.9435005 2.48580003
67.7636337 -31.8999329 2.71289992
67.732399 -31.9295998 2.83780003
67.7455978 -31.9473 3.10719991
67.7651978 -31.6861992 -1.48810005
67.7553024 -31.6476994 1.17470002
67.7070007 -31.6889 1.26419997
67.7024841 -31.7056198 1.49611998
67.7227707 -31.752533 1.69720006
67.6724014 -31.7047005 1.81190002
67.6278 -31.6815491 2.12654996
67.6078033 -31.6117001 2.29530001
67.7246017 -31.7456512 2.49965
67.612999 -31.6287003 5.35370016
67.6286011 -31.7262001 5.47660017
67.6092987 -31.5340996 -1.49720001
67.6627502 -31.4671001 1.3556
67.7053223 -31.4932003 1.51675999
67.6870499 -31.4759998 2.11065006
67.7034531 -31.5141506 2.28394985
67.7176971 -31.5119495 5.37199974
67.7090454 -31.3647995 -1.51224995
67.7574005 -31.2691994 0.927200019
67.6752472 -31.2493 1.05430007
67.681633 -31.2772331 1.27256668
67.6849518 -31.2726994 1.71440005
67.7156372 -31.2938328 1.88183331
67.7597046 -31.2458496 2.11999989
67.7214966 -31.2968483 5.30035019
67.6844406 -31.1234989 0.904739976
67.6449356 -31.0913334 1.08463335
67.6578979 -31.0810509 1.22154999
67.6575699 -31.0713329 1.44729996
67.7111359 -31.1189671 1.74553335
67.7981033 -31.1634998 1.91900003
67.7967987 -31.1194 2.09179997
67.6585999 -31.0576992 5.44280005
67.6082001 -31.1375999 5.91050005
67.7412033 -30.8591995 -1.49389994
67.7436829 -30.9155426 1.3526572
67.7914963 -30.9205666 1.45773327
67.7629013 -30.9960003 1.61580002
67.7453003 -30.8141994 1.88300002
67.6465988 -30.8866997 4.24490023
67.6947021 -30.8141003 5.59630013
67.7203979 -30.8621006 5.63609982
67.7077637 -30.7362328 -1.51346672
67.6523972 -30.7089996 4.06349993
67.6656036 -30.7041512 4.21074963
67.7565002 -30.7710991 5.60349989
67.759697 -30.5531006 -1.55379999
67.6623001 -30.4969997 4.11173344
67.7922974 -30.4393997 4.23869991
67.6106033 -30.4274006 4.97349977
67.6355972 -30.4733009 5.18109989
67.7347031 -30.5615997 5.31869984
67.7162018 -30.5582008 5.53550005
67.7236328 -30.3152008 -1.52536666
67.7434998 -30.2571487 4.0703001
67.7029495 -30.0125504 -1.52935004
67.7578964 -30.0839996 4.9362998
67.7378998 -30.1751995 5.07719994
67.6018982 -29.9402008 -1.55799997
67.7387009 -29.9421005 3.92379999
67.7598038 -29.8155003 4.08099985
67.6978455 -29.8471489 4.53509998
67.721077 -29.8766499 4.7253499
67.6536026 -29.8141994 4.90320015
67.7501984 -29.8593998 5.51000023
67.7071991 -29.7695999 -1.55320001
67.6768265 -29.7248001 3.74612498
67.6222534 -29.6900501 4.31365013
67.7982025 -29.6954002 4.72970009
67.7068329 -29.5398998 -1.57009995
67.6854553 -29.5433502 4.29215002
67.7306061 -29.5854988 4.46544981
67.6946487 -29.2814255 -1.57739997
67.7067032 -29.3588009 2.87409997
67.7998962 -29.0694008 -1.59759998
67.6643982 -29.1972008 2.84485006
67.7392426 -29.0447006 4.53865004
67.7342987 -29.1371994 5.12860012
67.6620026 -28.9988003 -1.59580004
67.6793976 -28.9051018 2.91429996
67.7628021 -28.8964996 3.27810001
67.7895966 -28.9363995 4.07420015
67.6541977 -28.7248001 -1.57910001
67.6110001 -28.7929993 2.79200006
67.7045364 -28.6914597 2.89131999
67.6642456 -28.6639004 3.95000005
67.6876984 -28.7672997 4.01739979
67.6919479 -28.7332001 5.39035034
67.6685638 -28.4997673 -1.58819997
67.6863022 -28.5058002 2.28250003
67.7003021 -28.4580994 2.60220003
67.7327652 -28.5439663 2.88496661
67.7967987 -28.4325008 3.34380007
67.7647018 -28.5727997 5.62150002
67.6359024 -28.3165493 -1.60874999
67.7005005 -28.3055 -1.54449999
67.7473984 -28.2649002 2.79040003
67.6942978 -28.3591003 2.89350009
67.6173019 -28.3421001 3.06159997
67.7251968 -28.3449001 3.26559997
67.731102 -28.2203999 3.88249993
67.7167969 -28.2486496 4.06764984
67.7181778 -28.0698757 -1.61290002
67.6390991 -28.1940994 2.54150009
67.6320953 -28.0387993 2.9690001
67.6655502 -28.1231499 3.04269981
67.6712036 -28.1158009 3.72740006
67.7472992 -28.1117992 3.88179994
67.7733002 -28.1005993 4.01999998
67.685051 -27.9351501 -1.63544989
67.6865997 -27.9021988 2.44945002
67.7061005 -27.90065 2.71455002
67.6595459 -27.8843994 2.94959998
67.6992035 -27.9027004 3.1026001
67.6275024 -27.7329998 2.95029998
67.7949982 -27.7800999 3.52049994
67.7113037 -27.4691505 -1.62895
67.6330032 -27.5252991 -1.59570003
67.7730026 -27.5386009 2.53360009
67.6011963 -27.5354004 2.80559993
67.7575989 -27.5153008 3.26200008
67.7031479 -27.2894497 -1.63750005
67.777298 -27.3040009 2.48114991
67.7996979 -27.1203003 -1.62259996
67.6844025 -27.0163002 1.71949995
67.7491989 -27.100399 2.56080008
67.7261963 -27.1145 2.70350003
67.7145996 -27.1403999 2.83045006
67.6515961 -27.0321999 4.13310003
67.6643524 -26.8922501 -1.68194997
67.7109985 -26.8841324 1.73416674
67.651001 -26.8457489 1.81150007
67.6350327 -26.9120331 2.31176662
67.6416321 -26.934 2.51119995
67.6085968 -26.9382 2.62339997
67.6949005 -26.8460007 4.19229984
67.6891174 -26.7054996 1.71326661
67.6807022 -26.7417488 1.83185005
67.7956009 -26.7751999 2.00230002
67.6959 -26.7987003 2.3979001
67.7873001 -26.6410999 2.58890009
67.6102982 -26.427 -1.64269996
67.7136002 -26.5084991 1.61269999
67.6940994 -26.5856991 1.89090002
67.7895966 -26.5760994 2.21609998
67.7014008 -26.5424004 2.64380002
67.7280579 -26.4744797 3.30949998
67.6781006 -26.3444996 -1.60819995
67.7919006 -26.3190994 1.56079996
67.7307968 -26.3584995 1.75100005
67.7715988 -26.2485008 2.38980007
67.694397 -26.2560997 3.1322999
67.7464981 -26.1826992 -1.68610001
67.7558975 -26.0533676 0.741066694
67.6597977 -26.0647812 0.946280003
67.6296997 -26.1236 1.03639996
67.7032013 -26.1968994 1.46609998
67.7425003 -26.0693741 2.51867485
67.7857971 -26.0823002 2.62660003
67.680748 -26.1051254 3.08085012
67.7036972 -25.9247665 -1.68196666
67.7409286 -25.9213505 0.758149981
67.7061539 -25.8981152 0.889069259
67.7309036 -25.9661331 1.13266659
67.7218018 -25.9382992 1.4138
67.7444 -25.8547993 1.64240003
67.7546997 -25.9519005 2.32850003
67.7157288 -25.9104004 2.50317502
67.725174 -25.9156761 2.92770004
67.7858963 -25.8743 3.1178
67.6968002 -25.9883995 3.36800003
67.6865005 -25.8920994 3.4697001
67.7141037 -25.8838997 3.60010004
67.7665024 -25.8820992 4.09969997
67.6509323 -25.8963337 4.23769999
67.7373657 -25.7214336 -1.6676333
67.6783981 -25.7833004 0.89289999
67.7613068 -25.7591496 1.54279995
67.7368469 -25.6875496 1.71574998
67.6211014 -25.7141991 1.94169998
67.7265472 -25.6585007 2.10339999
67.6651306 -25.7686996 2.26863337
67.6120987 -25.7224998 2.53725004
67.7088013 -25.6485996 3.96259999
67.7061005 -25.7022514 4.04794979
67.7923965 -25.6156006 5.28779984
67.6557999 -25.4986992 -1.72640002
67.6399994 -25.5918999 1.9411
67.7112808 -25.2922802 -1.71607995
67.6158981 -25.3582993 0.9745
67.7158508 -25.2401505 1.273
67.6904526 -25.2828484 1.61630011
67.6185989 -25.2413006 1.94420004
67.6697006 -25.3338509 2.31209993
67.794899 -25.3617992 3.07229996
67.6778717 -25.2784672 4.89723349
67.658699 -25.3444996 5.16230011
67.7304993 -25.2535 5.25990009
67.6838989 -25.0683994 -1.68640006
67.657402 -25.0265007 1.47049999
67.7523956 -25.1544991 1.70854998
67.7518005 -25.1329002 1.91396666
67.7677994 -25.0382996 3.56500006
67.7542038 -25.0888004 3.75480008
67.6877518 -25.1283989 4.75839996
67.7037964 -25.1631012 4.93274975
67.684967 -25.1078339 5.28186655
67.7001038 -25.1201 5.49980021
67.6968002 -24.9070015 -1.72545004
67.7031021 -24.8931332 1.08556664
67.7190399 -24.8706398 1.24433994
67.7183685 -24.904768 1.49389994
67.6194992 -24.9375 1.68379998
67.611496 -24.885601 3.45219994
67.6857986 -24.8139 3.63619995
67.6311035 -24.8505001 4.4854002
67.6688309 -24.8871326 5.49289989
67.6970978 -24.7066002 -1.74825001
67.6678467 -24.7743988 1.05964994
67.7017517 -24.7724991 1.27709997
67.740097 -24.6404495 1.43230009
67.6135025 -24.6508007 1.91700006
67.6009979 -24.6646996 3.45609999
67.7372513 -24.7151756 3.69714999
67.6242981 -24.7000008 3.81850004
67.7138519 -24.7274494 4.23624992
67.7757034 -24.7831993 5.47200012
67.7373505 -24.5380497 1.45070004
67.6811981 -24.4502506 3.35389996
67.7366028 -24.5189495 3.45634985
67.6385651 -24.4822006 3.71863317
67.7320557 -24.5163498 4.0875001
67.7294998 -24.4235001 4.36380005
67.6997986 -24.2248001 -1.73880005
67.6800003 -24.2404995 2.38989997
67.6138992 -24.2185993 3.14669991
67.6128998 -24.2294998 3.36470008
67.7707977 -24.2522507 3.44764996
67.6973038 -24.3383999 4.26959991
67.7028503 -24.2580986 4.52595043
67.6592026 -24.3462009 4.64760017
67.6240005 -24.1212997 2.12980008
67.6177979 -24.1928005 2.41700006
67.6942978 -24.0396996 2.86999989
67.7415009 -24.1800995 3.20309997
67.7220993 -24.1637001 4.34149981
67.6798553 -24.1767502 4.64400005
67.7270966 -24.1821995 5.08470011
67.7114029 -23.8381004 1.37220001
67.7919998 -23.8125 1.4059
67.7611008 -23.9207001 2.0402
67.6826019 -23.9011993 2.58820009
67.7928009 -23.9440994 3.06529999
67.6919022 -23.9099998 5.21430016
67.7955017 -23.6301003 -1.80659997
67.6730499 -23.7124004 -1.75492501
67.6934509 -23.6777496 1.39214993
67.6981964 -23.6957664 1.44789994
67.6016006 -23.6182995 1.74629998
67.6836014 -23.6525002 1.90649998
67.7167969 -23.6616325 2.06246662
67.6724014 -23.6877995 2.27349997
67.6715012 -23.6236 2.46639991
67.6791 -23.6630001 4.69000006
67.6774979 -23.4260998 -1.81099999
67.6892014 -23.5398006 1.89750004
67.7484512 -23.5165005 2.09724998
67.6698456 -23.5496998 2.27502489
67.7044373 -23.5156326 2.48210001
67.6488037 -23.4927006 2.61560011
67.7461014 -23.5109997 3.16910005
67.625 -23.4827003 3.58400011
67.7331009 -23.4039001 3.65269995
67.6751022 -23.4925003 5.27710009
67.6912003 -23.3845005 1.59379995
67.6959686 -23.2931004 2.6310668
67.6440964 -23.2357006 3.10630012
67.6765976 -23.3645 3.69250011
67.6100998 -23.3624496 3.89725018
67.6994019 -23.3306999 4.83479977
67.7777023 -23.2418995 5.29809999
67.7068024 -23.2912006 5.53579998
67.6359024 -23.1608009 2.54699993
67.6947021 -23.0987015 2.64919996
67.7578964 -23.0522995 5.61560011
67.6364975 -22.9032001 -1.80690002
67.6907043 -22.8189507 -1.78909993
67.7148972 -22.8476009 0.802299976
67.6516037 -22.9603996 1.36740005
67.7841034 -22.8668003 1.42019999
67.7606964 -22.9104996 2.5697999
67.7142181 -22.8838196 2.76214004
67.6689987 -22.9538498 5.11540031
67.6802979 -22.8936005 5.26859999
67.6314011 -22.9160995 5.41050005
67.6923981 -22.7695999 -1.75450003
67.7491989 -22.6971512 0.587650001
67.7089615 -22.6976185 0.744481802
67.6879501 -22.6617012 1.30624998
67.751297 -22.7015991 1.73469996
67.6994324 -22.6571331 2.72399998
67.6685791 -22.6460991 2.92466664
67.6071014 -22.6623001 3.10960007
67.728302 -22.6201992 3.25040007
67.6179962 -22.7070007 5.14090014
67.6567993 -22.4479008 -1.7902
67.6783524 -22.5039673 0.712266684
67.6991425 -22.5083599 0.912100017
67.7277222 -22.4495754 1.12407494
67.7018585 -22.4710407 1.28416002
67.6933212 -22.5236797 1.48082006
67.727951 -22.4836998 2.08055019
67.6588516 -22.5564499 2.89520001
67.6594009 -22.5288258 3.09522486
67.6953506 -22.4603252 3.32540011
67.6972961 -22.4391003 3.52684999
67.6840515 -22.2902756 -1.82500005
67.7814026 -22.3574009 -1.78470004
67.7622986 -22.3600006 0.962199986
67.7179031 -22.3509007 1.14256001
67.6784973 -22.2918854 1.26747143
67.6876984 -22.353466 1.48559999
67.740303 -22.2985497 1.67820001
67.775238 -22.3114395 1.92096007
67.7028961 -22.3087997 2.08699989
67.6824036 -22.3178005 2.20079994
67.6465988 -22.3516006 3.21020007
67.6923523 -22.098175 -1.8362
67.7966003 -22.0828991 1.0984
67.7454987 -22.0774746 1.69819999
67.7891998 -22.1529007 1.83060002
67.652298 -22.1993008 3.56850004
67.6961975 -22.0820007 3.69683337
67.7795029 -22.0104008 3.83879995
67.7949982 -21.8561001 -1.80219996
67.7698975 -21.9918995 -1.79349995
67.755249 -21.9482002 1.65065002
67.7490005 -21.9434509 3.68589997
67.720726 -21.7041245 -1.84249997
67.7591019 -21.6326008 2.95770001
67.7795029 -21.4230995 -1.85549998
67.7833023 -21.5478992 2.83839989
67.72715 -21.3341999 -1.85905004
67.7736969 -21.3588009 2.92440009
67.7606049 -21.3624001 3.06060004
67.7221222 -21.0769005 -1.87475002
67.7488251 -20.7045994 -1.85299993
67.7259674 -20.508934 -1.88746667
67.7343521 -20.3865509 -1.88635004
67.7136993 -20.0755005 -1.87709999
67.8542023 -39.7733994 -1.15030003
67.9248505 -39.514801 -1.17149997
67.8154984 -39.1437988 -1.22930002
67.8548965 -39.0046005 -1.19729996
67.9137497 -38.9170494 -1.17414999
67.8781967 -38.7458 -1.23679996
67.8758011 -38.4662018 -1.20790005
67.9529037 -38.3828011 -1.18379998
67.9209976 -38.1123009 -1.28699994
67.8781738 -38.059124 3.32062483
67.9078369 -38.1161995 3.47954988
67.8947983 -38.0289993 3.66560006
67.9395981 -38.0040016 3.85080004
67.925354 -37.9296989 -1.20795
67.9712982 -37.8563004 1.76789999
67.8916016 -37.8554001 1.82079995
67.863533 -37.8469353 3.16386676
67.8661041 -37.9084816 3.25821996
67.9717026 -37.9436989 3.44849992
67.8552017 -37.9849014 3.7572999
67.8561325 -37.6917992 -1.24866664
67.9657974 -37.6809006 -1.18069994
67.9608841 -37.6842804 1.70982003
67.864502 -37.6040993 2.93099999
67.9097214 -37.6715469 3.09772491
67.847702 -37.4690475 -1.25985003
67.9132004 -37.4155998 1.57949996
67.8870697 -37.5333557 1.67943335
67.8800278 -37.4672241 2.98504996
67.8405685 -37.5088654 3.10586667
67.8405991 -37.2380981 -1.29104996
67.9293365 -37.2621994 -1.10210001
67.9406967 -37.2304001 -0.860000014
67.8755035 -37.2321014 -0.777100027
67.9208984 -37.2386665 -0.28549999
67.9092178 -37.264534 1.55320001
67.8962021 -37.3185997 1.69880009
67.9097519 -37.2951508 1.89135003
67.9235001 -37.305748 2.92912483
67.8380508 -37.2689514 3.09415007
67.9108963 -37.3691025 3.29294991
67.9539032 -37.1198997 -1.25160003
67.9354324 -37.0709343 -1.12806666
67.9548492 -37.1066017 -0.871900022
67.939003 -37.0690193 -0.688960016
67.9625015 -37.0943527 -0.501900017
67.9094009 -37.0573502 -0.287
67.9484024 -37.093399 1.36124992
67.9153137 -37.0749016 1.52928329
67.9085541 -37.1095505 1.65919995
67.9029694 -37.1007652 2.91050005
67.879097 -37.0442009 3.08599997
67.9187469 -36.8988495 -1.24979997
67.9628601 -36.8676796 -1.10255992
67.9577026 -36.9163017 -0.902899981
67.9617691 -36.9230995 -0.704566658
67.90345 -36.9859505 -0.547700047
67.9026031 -36.8893242 -0.304049999
67.9571991 -36.9762993 1.47580004
67.8586426 -36.9772987 1.64829993
67.8834991 -36.8861504 1.90144992
67.9502029 -36.948101 2.77519989
67.8604584 -36.9165802 2.86888003
67.8489685 -36.8864326 3.14706659
67.9283981 -36.66605 -1.26845002
67.9642944 -36.7103996 -1.11669993
67.9489975 -36.666748 -0.703850031
67.9436493 -36.7307968 -0.529799998
67.9105988 -36.6272011 -0.325399995
67.892601 -36.6633987 1.70945001
67.9016647 -36.7005005 1.88425004
67.8901978 -36.7106743 2.74545002
67.8733521 -36.7122498 2.86785007
67.8582993 -36.7867012 3.0868001
67.991951 -36.4874001 -1.26285005
67.9091034 -36.5690994 -1.18280005
67.9657974 -36.4131508 -0.858049989
67.9364471 -36.492424 -0.721750021
67.9311981 -36.4453506 -0.323850006
67.8992767 -36.4615021 1.73584998
67.8827515 -36.4972763 1.83517504
67.8732986 -36.5644989 2.90799999
67.8942566 -36.375351 -1.32630002
67.9419022 -36.3759003 -0.959800005
67.9674988 -36.3833008 -0.566100001
67.8664017 -36.2571983 -0.3662
67.8750992 -36.3544006 1.74559999
67.8354034 -36.3300018 1.86029994
67.9972992 -36.3096008 2.17429996
67.9626999 -36.2863007 2.74830008
67.8844986 -36.1043015 -1.28310001
67.8243561 -36.1153488 1.74679995
67.846199 -36.1921005 1.8132
67.8552017 -36.1366005 2.0223999
67.9272995 -36.1860008 2.37220001
67.9772034 -36.0113983 2.5532999
67.8522491 -36.10075 2.6862998
67.8783035 -36.1635017 2.85599995
67.8619995 -35.9604988 -1.32739997
67.8808975 -35.8782005 2.1574502
67.8555984 -35.9963989 2.42190003
67.8977814 -35.8759842 2.71791673
67.810997 -35.8454018 2.91950011
67.884552 -35.6560516 -1.35015011
67.9497986 -35.7439003 2.24769998
67.9065018 -35.6686325 2.69816661
67.8717499 -35.7034988 2.93260002
67.8433533 -35.5147018 -1.32389998
67.8582001 -35.4752998 2.77900004
67.9054565 -35.4277992 4.49550009
67.8332977 -35.3195 -1.33634996
67.9005966 -35.2770996 2.38840008
67.9392548 -35.0990982 2.32590008
67.8783035 -35.1647987 3.24379992
67.9021988 -34.8907661 -1.3252666
67.9124527 -34.8670006 2.18219995
67.9448013 -34.8659973 2.30165005
67.8158035 -34.8171005 2.7802
67.9212036 -34.9944992 3.21329999
67.9767456 -34.6413002 1.92720008
67.9075012 -34.7375984 2.49622488
67.9465027 -34.6049004 5.10319996
67.8901978 -34.485733 -1.31190002
67.8158035 -34.5161018 1.88540006
67.8945999 -34.4700012 2.30040002
67.8072968 -34.5831985 3.00830007
67.9672012 -34.5545998 5.00379992
67.887001 -34.3148499 -1.35835004
67.8128967 -34.1813011 -1.40680003
67.9044037 -34.0740318 -1.37481666
67.8443985 -33.9522018 -1.38195002
67.9327011 -33.7545013 -1.38020003
67.8768005 -33.6329994 2.23079991
67.8499374 -33.4846001 -1.42359996
67.917366 -33.5180664 -1.39033329
67.8066025 -33.4297981 0.95660001
67.8126984 -33.456501 1.03046668
67.9717026 -33.5294991 2.21630001
67.9215012 -33.5872993 2.43449998
67.8965454 -33.3204002 -1.40604997
67.9225998 -33.3232994 -1.38779998
67.9113007 -33.3012009 0.974600017
67.8881836 -33.3003502 1.08356667
67.8760986 -33.2061996 2.27160001
67.9324036 -33.2237015 2.47110009
67.8481979 -33.1447983 -1.41390002
67.9448013 -33.1091003 0.91079998
67.9617004 -33.1278496 1.15645003
67.9182739 -33.1019249 1.28404999
67.8547974 -33.1052475 1.51855004
67.9112015 -33.0317993 2.32669997
67.968399 -32.8956528 -1.42910004
67.8774033 -32.9407005 -1.39160001
67.8312531 -32.9137001 0.980949998
67.8648682 -32.9399986 1.07636666
67.8656998 -32.9202232 1.28352499
67.8584518 -32.9027023 1.71985006
67.8634491 -32.8333511 1.92475009
67.8759995 -32.8820992 2.30180001
67.8599701 -32.7348671 -1.42750001
67.9458466 -32.6953506 -1.39110005
67.8596039 -32.7403488 1.32290006
67.9138031 -32.6192017 1.40450001
67.8262024 -32.6393013 1.65090001
67.8725967 -32.7305984 2.36229992
67.9710999 -32.716301 2.40179992
67.8126984 -32.7252007 3.296
67.8264465 -32.4551468 -1.43980002
67.9493027 -32.5666008 1.99220002
67.8711014 -32.5629005 3.75939989
67.8549042 -32.3083 -1.42420006
67.8834991 -32.3591995 1.95430005
67.9626007 -32.2658005 2.19359994
67.9465485 -32.3241501 2.52540016
67.8944016 -32.2210007 3.16930008
67.9414978 -32.2866516 3.30700016
67.9024963 -32.3600006 3.73230004
67.8848343 -32.1022339 -1.4321667
67.8298035 -32.148201 1.91320002
67.9055023 -32.029953 2.52349997
67.8340988 -32.1048012 2.76699996
67.914299 -32.0772018 3.39299989
67.9696045 -31.9155006 -1.4641
67.9339981 -31.8341007 -1.38549995
67.9530029 -31.8376999 1.05429995
67.9060287 -31.8878994 2.67409992
67.8210983 -31.6774998 -1.50240004
67.9253998 -31.7978992 0.992299974
67.9123001 -31.7056198 1.05272996
67.8072968 -31.6373997 1.28919995
67.8618011 -31.6455002 1.41170001
67.9113998 -31.6991501 1.72530007
67.9796982 -31.6907005 2.54909992
67.8609009 -31.6462994 3.42260003
67.8567963 -31.6751995 3.72420001
67.9692993 -31.6492996 5.37709999
67.8929977 -31.483633 -1.48063338
67.8438568 -31.5046501 0.958099961
67.918335 -31.4929333 1.32653332
67.8154984 -31.5662003 1.61479998
67.8908005 -31.5412006 5.34200001
67.899147 -31.2331009 -1.477
67.8812027 -31.3752003 1.16159999
67.8753815 -31.2692204 1.29350007
67.9266968 -31.2814999 1.47039998
67.8374023 -31.250351 1.65009999
67.882103 -31.2339001 1.87709999
67.8906326 -31.2528324 2.13303328
67.8991013 -31.2129002 2.23160005
67.8031998 -31.3824997 5.37039995
67.9076004 -31.0983505 -1.46434999
67.9149475 -31.1612511 1.16190004
67.9677277 -31.1228504 1.28367496
67.8867264 -31.0681496 1.54640007
67.9189301 -31.095583 1.68898332
67.9304504 -31.1021671 1.84793329
67.9059448 -31.1040764 2.1017499
67.8602982 -31.1765995 5.43249989
67.9059372 -30.8665657 -1.50396669
67.9499969 -30.9752502 1.33295
67.9294434 -30.9547501 1.48070002
67.8453522 -30.9833488 1.72784996
67.8752365 -30.8890667 1.85343337
67.8187027 -30.8437004 5.41489983
67.8995972 -30.6543999 -1.51119995
67.9816971 -30.7504997 5.32439995
67.8460007 -30.6987991 5.51940012
67.8786011 -30.4770012 -1.52279997
67.8560028 -30.5599003 5.3684001
67.885849 -30.3318501 -1.45665002
67.8748474 -30.1529999 -1.46420002
67.884697 -30.1844006 4.02449989
67.8264008 -29.8113995 -1.55830002
67.819397 -29.9132004 3.83870006
67.8688965 -29.9647999 4.01719999
67.9112015 -29.7481003 -1.52119994
67.9219055 -29.4542503 -1.51959991
67.8113022 -29.4967995 4.18809986
67.903595 -29.5298004 4.51274967
67.9201965 -29.5718994 4.7052002
67.9575348 -29.2753487 -1.51118326
67.8186035 -29.3109493 4.45600033
67.9574966 -29.3325005 4.95809984
67.8314972 -29.2998009 5.13829994
67.868103 -29.0146008 -1.53320003
67.8666 -29.0233002 5.14349985
67.8702011 -28.8539505 -1.52649999
67.8628006 -28.8423004 1.1178
67.8971329 -28.876667 2.95429993
67.9048996 -28.8546009 3.09669995
67.8455963 -28.8088989 4.10360003
67.9001007 -28.7208004 -1.47839999
67.9677963 -28.6763 0.742699981
67.9037018 -28.6917992 1.14310002
67.8947983 -28.6142006 1.41919994
67.8996429 -28.7649994 2.87930012
67.8674011 -28.6675491 4.07464981
67.9645996 -28.7348003 4.66634989
67.8159027 -28.4074001 -1.60420001
67.803299 -28.5408993 -1.54960001
67.9525986 -28.5330009 1.49100006
67.9459991 -28.4374504 2.16685009
67.8678436 -28.4641495 2.30795002
67.8061981 -28.4997005 2.73959994
67.9143982 -28.3365993 -1.56449997
67.9104996 -28.3756008 2.15159988
67.8988037 -28.2612495 2.99135017
67.892395 -28.3132 3.29309988
67.8123016 -28.3055 3.4835999
67.9606018 -28.3792 3.8749001
67.907402 -28.1947994 -1.56239998
67.8603516 -28.015049 2.85085011
67.9548492 -28.1404495 3.13679981
67.8090973 -27.8311996 -1.6164
67.9832993 -27.9433994 -1.58840001
67.8708496 -27.83535 2.63259983
67.8932495 -27.9633503 2.94169998
67.868103 -27.7719994 -1.58179998
67.9835968 -27.6117992 2.52810001
67.8921509 -27.6438999 2.65990019
67.9417496 -27.7415009 3.53025007
67.9737015 -27.677 3.6157999
67.8488998 -27.4836006 -1.648
67.9227982 -27.4587002 -1.59159994
67.9289017 -27.5694008 2.49489999
67.9863968 -27.4554005 3.5322001
67.8574524 -27.3242989 -1.62199998
67.8959503 -27.3082008 -1.54264998
67.9117661 -27.3264332 3.48656654
67.9009323 -27.0923672 -1.60710001
67.9333496 -27.0370007 -1.57879996
67.8551483 -27.0531502 2.32315016
67.8401031 -27.0965004 2.4131999
67.9768982 -27.0492992 2.66890001
67.867897 -27.0268993 2.80290008
67.8471985 -27.1441002 3.53430009
67.8598022 -26.8838329 -1.63143337
67.8376999 -26.8157997 1.66225004
67.8970032 -26.8735008 2.46285009
67.9163513 -26.9243011 2.61530018
67.9822998 -26.9983006 4.16879988
67.8491516 -26.6782494 -1.61430001
67.8552475 -26.605751 2.30345011
67.9402466 -26.6803493 2.54190016
67.8710022 -26.4526005 -1.64989996
67.9293671 -26.5221996 1.66199994
67.9957962 -26.5132008 2.12820005
67.836998 -26.4750996 2.5466001
67.9354019 -26.4571991 3.21359992
67.9125519 -26.2744999 -1.62575006
67.882103 -26.3976994 -1.57609999
67.8366013 -26.2416992 1.57850003
67.8102036 -26.3740997 2.22550011
67.8309021 -26.3862 3.16759992
67.8652039 -26.0887985 -1.67315006
67.9477005 -26.0014 0.763199985
67.8473969 -26.1198997 0.854749978
67.8386993 -26.0382996 1.00559998
67.9116058 -26.0982513 1.70134997
67.8994675 -26.1049004 3.05766654
67.8430939 -25.8410492 -1.67175007
67.8440018 -25.9309006 0.565400004
67.830101 -25.9274998 0.761300027
67.9111176 -25.9171162 0.914533317
67.8757019 -25.8530998 1.06015003
67.9111023 -25.8903999 1.64494991
67.8807678 -25.8673668 3.0964334
67.8106995 -25.9594994 3.29859996
67.8321991 -25.8654995 3.47880006
67.8058014 -25.8609009 3.62120008
67.899498 -25.9326 4.14370012
67.8410034 -25.6565342 -1.68426669
67.8952484 -25.7495995 1.68269992
67.9309692 -25.6257343 1.9665333
67.9540024 -25.6509991 2.16619992
67.8932495 -25.7466011 2.27594995
67.9536972 -25.6362991 3.0072
67.9781036 -25.6086998 3.98729992
67.8994522 -25.7485504 4.05780029
67.8164978 -25.6411991 5.23640013
67.9940033 -25.6105995 5.59009981
67.8853989 -25.5464001 -1.68889999
67.9289017 -25.4698009 -1.5596
67.8654022 -25.4969501 1.69064999
67.8184052 -25.5116005 5.16260004
67.8201523 -25.3352509 -1.70064998
67.8841553 -25.2570992 1.34235001
67.9784012 -25.2285995 1.48965001
67.9459229 -25.2544003 1.72300005
67.8240967 -25.3876991 2.10319996
67.8098984 -25.3227005 3.11420012
67.8337021 -25.2364998 5.13030005
67.8225632 -25.0811329 -1.70063329
67.9664001 -25.1235008 0.713500023
67.9601364 -25.1231003 1.37810004
67.9799042 -25.0908508 1.51655006
67.8781967 -25.198 3.32399988
67.8304977 -25.0186996 3.68190002
67.9200974 -25.1406994 4.11619997
67.8811035 -25.1725998 4.21700001
67.8363953 -25.1457996 4.78369999
67.8581009 -24.9057007 -1.72650003
67.9176788 -24.8924007 1.12870002
67.971199 -24.8887005 1.36839998
67.9649963 -24.9344006 5.55770016
67.838501 -24.7177505 -1.71724999
67.9281998 -24.7341003 1.14110005
67.8048019 -24.6842003 1.38199997
67.805397 -24.7590008 3.82229996
67.8068008 -24.7791004 5.25449991
67.9099655 -24.5296993 -1.73306668
67.9651031 -24.4836006 -1.59899998
67.9737015 -24.5095005 1.17990005
67.9187012 -24.5102844 1.30836666
67.9156494 -24.4523506 3.53980017
67.9682007 -24.5814991 3.79119992
67.9629974 -24.5891991 3.8276
67.8167038 -24.5475998 4.81689978
67.9519043 -24.4341507 5.07975006
67.877533 -24.3232002 -1.73199999
67.9844971 -24.280899 2.07680011
67.8145981 -24.2224998 3.24099994
67.8624496 -24.3017998 3.74569988
67.908699 -24.2266998 4.18165016
67.8254013 -24.2819004 4.2979002
67.9024048 -24.3377666 4.49613333
67.839798 -24.2944489 4.70405006
67.8742981 -24.1291199 -1.73591995
67.8853989 -24.0160999 2.1480999
67.8237 -24.0634995 2.32710004
67.9800034 -24.1343002 4.15350008
67.9470978 -24.1086998 4.38310003
67.9085007 -24.1550007 4.4197998
67.816597 -24.0235004 5.10330009
67.886261 -23.9181194 -1.74261999
67.8631973 -23.8279991 1.10790002
67.9938965 -23.8257999 1.95500004
67.8662643 -23.9176674 2.08099985
67.9666977 -23.8146 5.16309977
67.9201965 -23.7502995 -1.74839997
67.8637543 -23.7164993 1.35940003
67.8863373 -23.65242 1.46223998
67.9236984 -23.6956329 1.94079995
67.8651505 -23.65135 2.11495018
67.8740997 -23.7696991 5.30240011
67.9656982 -23.5377998 -1.74854994
67.852356 -23.5545006 1.53900003
67.8117523 -23.5979996 2.12395
67.8002014 -23.5351009 2.38870001
67.873703 -23.4020996 2.57069993
67.8861008 -23.4946003 4.5371666
67.8585968 -23.4011993 4.78989983
67.9568024 -23.4717007 4.96670008
67.885231 -23.3022003 -1.77823341
67.8407974 -23.2805004 1.72119999
67.8707962 -23.3607998 2.63739991
67.9466019 -23.2395992 2.92810011
67.8728027 -23.3651505 3.24720001
67.9003525 -23.2726517 3.76275015
67.9138031 -23.3412991 5.51009989
67.9042282 -23.0737991 -1.770625
67.9981003 -23.0168991 1.73150003
67.8715973 -23.0300999 2.20939994
67.952301 -23.1919994 2.51629996
67.9447021 -23.0286999 4.90290022
67.8690033 -23.0067997 5.83930016
67.9082031 -22.8799992 -1.80239999
67.8565979 -22.9025002 -1.77520001
67.8751984 -22.8980007 1.14119995
67.9587021 -22.9619999 1.33969998
67.9256973 -22.8761005 1.43099999
67.9290009 -22.9156494 1.66665006
67.8117981 -22.9092007 2.57270002
67.8203964 -22.9986992 2.75580001
67.9843445 -22.8359985 4.54784966
67.8607025 -22.8139992 4.98220015
67.905899 -22.8785992 5.32469988
67.8667679 -22.6542988 -1.78606665
67.9825974 -22.6875 0.587700009
67.9320526 -22.6575832 0.689800024
67.9922028 -22.6170006 0.814700007
67.9653015 -22.6622009 1.33099997
67.8750992 -22.6207008 1.40330005
67.9637985 -22.7779999 1.60370004
67.885498 -22.7874489 1.81914997
67.8317032 -22.7495003 2.74060011
67.8717651 -22.6752319 2.97339988
67.9490967 -22.6707993 3.1953001
67.8876038 -22.7933998 4.78509998
67.8943024 -22.7777004 4.94729996
67.9073944 -22.5005989 -1.7859
67.9582977 -22.5522003 0.559499979
67.8961029 -22.556881 0.726899981
67.9699554 -22.4880009 0.9023
67.8537979 -22.4882202 1.06281996
67.8965988 -22.5957508 1.28979993
67.9030304 -22.4685993 1.47739995
67.8815002 -22.4445496 1.90354991
67.9672012 -22.4326 2.0151999
67.8087997 -22.5023994 3.10689998
67.802803 -22.4521999 3.41549993
67.9597015 -22.2313995 -1.81439996
67.8936996 -22.3065224 1.07975554
67.8123016 -22.3549671 1.33636665
67.8931351 -22.293644 1.53564441
67.8638992 -22.2625008 1.63349998
67.8608017 -22.2889004 2.10800004
67.8327026 -22.2786999 2.38369989
67.9676971 -22.2383003 2.70040011
67.9223022 -22.3511505 3.28754997
67.9033356 -22.2546997 3.46756673
67.8199997 -22.1863003 -1.81980002
67.9212036 -22.1931992 1.25890005
67.8404541 -22.1193008 1.56640005
67.8609009 -22.0436993 1.61380005
67.9201508 -22.1349506 1.92884994
67.9772034 -22.1758003 2.53259993
67.8719482 -22.1387005 3.48469996
67.9015274 -22.1465492 3.66345
67.9609985 -22.0116005 3.84080005
67.8796997 -21.8389664 -1.81786668
67.8853989 -21.8076992 3.44230008
67.8012009 -21.9948006 3.61929989
67.8662033 -21.6825008 -1.81050003
67.8377991 -21.6347008 2.796
67.9105988 -21.6189499 2.90074992
67.891098 -21.6945 3.14919996
67.9579468 -21.7625008 3.32684994
67.8972015 -21.5091 -1.8398
67.8514175 -21.522686 2.94615722
67.8284988 -21.4761009 3.11249995
67.8022995 -21.2187004 -1.87590003
67.831604 -21.3550491 2.93945003
67.9871979 -21.3505993 3.06389999
67.9208984 -21.1576996 -1.84089994
67.8160553 -21.146801 3.11229992
67.8500977 -20.9575996 -1.83309996
67.9869003 -20.6664009 -1.87010002
67.8297501 -20.5924988 -1.86650002
67.8580475 -20.2770004 -1.8642
67.8531036 -20.1054001 -1.89260006
68.1444016 -39.8540001 -1.16340005
68.0714035 -39.7024994 -1.17190003
68.0880356 -39.5208321 -1.16776669
68.1471024 -39.2947998 -1.18299997
68.1355972 -39.0662994 -1.15859997
68.1126633 -38.9257011 -1.18903339
68.1004028 -38.7517014 -1.1825
68.1863022 -38.6306992 3.6487999
68.1529007 -38.4347992 3.58624983
68.1921005 -38.480999 3.68899989
68.1751556 -38.4984512 3.90810013
68.072998 -38.2661514 -1.21160007
68.1920013 -38.2728004 3.28999996
68.1007385 -38.2831421 3.48211432
68.1303024 -38.2864647 3.71449995
68.1502991 -38.1138 3.54150009
68.0679016 -38.1772003 3.7098999
68.1521988 -37.9598007 -1.23769999
68.0056 -37.8328018 1.73370004
68.1670532 -37.90345 1.84964991
68.0818024 -37.9550018 3.13485003
68.052002 -37.9091492 3.32850003
68.1042328 -37.9459343 3.43180013
68.0512543 -37.9553986 3.62445021
68.0889511 -37.6996002 -1.22259998
68.1044769 -37.6960754 1.686625
68.1313019 -37.7089005 1.84280002
68.1561356 -37.7476006 3.11993337
68.0474014 -37.4463005 -1.25279999
68.0485001 -37.4362984 1.51629996
68.1465988 -37.575901 1.63709998
68.0145035 -37.4925003 2.98920012
68.0982971 -37.5531998 3.0562501
68.0261993 -37.3843002 -1.176
68.0761566 -37.3229523 -0.496150017
68.0968246 -37.2612228 -0.331124991
68.1120377 -37.3334999 1.57106662
68.0647964 -37.3255005 1.62940001
68.1816025 -37.269001 1.81760001
68.1241989 -37.2287979 2.08115005
68.1509018 -37.2377014 2.86479998
68.0130997 -37.1400986 -1.21519995
68.0066528 -37.1672516 -0.436349988
68.1171036 -37.1080017 -0.292299986
68.0567017 -37.1529007 1.5826
68.0734329 -37.1753654 1.91750002
68.1022644 -37.106266 2.10336661
68.1168976 -37.0619507 2.95525002
68.1975021 -37.0820999 3.08929992
68.0364532 -36.8457489 -1.22845006
68.0336456 -36.8630524 -0.476099998
68.0846405 -36.9023781 -0.336499989
68.1837006 -36.9889984 1.56840003
68.1067505 -36.9392471 1.65024996
68.0977783 -36.9344406 1.91266
68.0921402 -36.6785011 -0.476539999
68.0834503 -36.6986504 -0.391149998
68.0997314 -36.6362343 1.71266663
68.0843048 -36.7297325 1.90476668
68.1314011 -36.781601 2.03570008
68.1009979 -36.6239014 2.72694993
68.1336975 -36.6459351 2.84933329
68.0630646 -36.4625664 -1.24179995
68.059433 -36.4351349 -1.14616668
68.0255432 -36.4292984 -0.920400023
68.0394974 -36.4784012 -0.657599986
68.0757751 -36.5212479 -0.498400003
68.072197 -36.4765015 -0.330199987
68.1489563 -36.5617981 1.52924991
68.1903 -36.535202 1.71134996
68.0006027 -36.4676018 1.91690004
68.183197 -36.4359016 2.03649998
68.0540695 -36.4765358 2.72373343
68.1956024 -36.4903984 2.83969998
68.0722504 -36.344101 -1.24029994
68.0763016 -36.3670998 -1.08625007
68.0914459 -36.3380013 -0.861416698
68.1162567 -36.3302841 -0.680214286
68.0982742 -36.3487244 -0.527350008
68.0766983 -36.3595009 -0.288133323
68.0963364 -36.3353653 1.9399333
68.0385971 -36.2033005 2.06599998
68.0375977 -36.3702507 2.2736001
68.1034546 -36.16605 -1.26950002
68.0202026 -36.1932983 -1.19719994
68.052002 -36.1305008 1.98940003
68.1512299 -36.1218681 2.13870001
68.1060028 -36.1519012 2.32150006
68.1792984 -36.0027008 2.74029994
68.1661987 -36.1865005 2.88199997
68.0859985 -35.9230995 -1.29059994
68.1451035 -35.9730988 2.47259998
68.1344681 -35.6293335 -1.28579998
68.1095963 -35.6156006 2.40079999
68.0512009 -35.677948 2.69360018
68.0823975 -35.4416504 -1.31085002
68.0912018 -35.4581985 2.64229989
68.1527023 -35.3843994 2.51180005
68.1092758 -35.0582771 -1.32449996
68.1184998 -35.0130005 2.27489996
68.1989975 -34.8377991 2.31859994
68.191803 -34.9780998 2.43249989
68.0117035 -34.9031982 3.21790004
68.030899 -34.7611008 -1.33500004
68.1666031 -34.6922989 1.78149998
68.1074371 -34.7059593 1.90225995
68.1266022 -34.6897011 2.04649997
68.15345 -34.7184525 2.23219991
68.1161957 -34.7521515 2.48784995
68.1172028 -34.719101 3.88010001
68.0042038 -34.5848007 1.88180006
68.0858231 -34.5391617 2.11619997
68.0930023 -34.5925522 2.29260015
68.1473312 -34.3213997 -1.34393334
68.1355362 -34.3283348 2.04713321
68.1047974 -34.0014 -1.34280002
68.0484009 -34.1231003 2.53760004
68.1620026 -33.9798012 2.15300012
68.0755997 -33.6857986 -1.38740003
68.1626968 -33.6053009 2.02460003
68.0428009 -33.4870987 -1.36099994
68.1375275 -33.4597473 1.92159998
68.1940994 -33.5923004 2.1552
68.1904984 -33.5642014 2.31800008
68.0121994 -33.2246017 1.21749997
68.1175003 -33.3200989 1.91059995
68.1649017 -33.2412987 2.37980008
68.0550995 -33.2464981 2.43670011
68.1942978 -33.1020012 -1.4296
68.0583496 -33.1715469 1.15394998
68.0326996 -33.1132736 1.30297494
68.1048279 -33.0649986 1.50107503
68.1744995 -33.0032005 1.68869996
68.1383514 -33.0995026 1.86925006
68.0224991 -33.1489983 2.46580005
68.0622025 -32.842701 -1.41349995
68.1186523 -32.9541473 -1.34264994
68.0118027 -32.9926987 1.41530001
68.0736008 -32.9267654 1.69696665
68.1382751 -32.9374008 1.89232504
68.0826645 -32.8756332 2.11616659
68.1919022 -32.9305992 2.27489996
68.0829468 -32.72435 -1.43575001
68.1305008 -32.6147003 -1.39919996
68.055603 -32.7057991 1.62409997
68.0522995 -32.5225983 -1.43529999
68.0490036 -32.4333 3.24740005
68.1269989 -32.235199 2.03340006
68.0276031 -32.3157997 2.70720005
68.0728989 -32.2476501 3.10370016
68.0507965 -32.0084991 -1.44299996
68.038147 -32.0987473 1.85745001
68.152298 -32.1861992 2.07010007
68.1307983 -32.0671005 3.09870005
68.0101013 -31.8356991 1.08369994
68.1156998 -31.9074001 1.52429998
68.0784454 -31.8798504 1.6767
68.0582962 -31.9186001 1.81060004
68.024353 -31.8623505 2.4914
68.0279999 -31.9426994 2.71199989
68.1475983 -31.9130001 2.92910004
68.0990448 -31.9078999 3.33695006
68.1109695 -31.7112331 -1.4392333
68.0410995 -31.7278004 0.967100024
68.0126495 -31.6950493 1.11275005
68.0658035 -31.6683998 1.25510001
68.0028 -31.7388 1.44289994
68.0621796 -31.7289238 1.71720004
68.0562973 -31.7954006 2.84240007
68.0871353 -31.5136337 -1.44363332
68.0653 -31.5374489 1.74447501
68.117897 -31.5093002 1.82659996
68.0392456 -31.2961006 -1.4677999
68.038147 -31.3008995 1.49979997
68.1273041 -31.3276329 1.71588337
68.0149994 -31.2140007 2.18980002
68.0478973 -31.3792992 2.35969996
68.1339035 -31.3922005 3.38689995
68.1100006 -31.3370991 5.3604002
68.0155487 -31.0576 -1.48624992
68.1193542 -31.0764999 1.33395004
68.0389404 -31.0872192 1.50988007
68.0923004 -31.0601997 1.7252667
68.1056747 -31.1096287 1.86084282
68.0329437 -31.1102982 2.15114999
68.1905975 -31.0699997 2.91630006
68.1275024 -30.8204002 -1.47920001
68.0689316 -30.9652328 1.34443331
68.1352997 -30.9105663 1.46350002
68.0907974 -30.8929005 1.61119998
68.0326996 -30.8693008 1.903
68.0755005 -30.9528999 2.14409995
68.1490021 -30.9983997 2.97749996
68.1669006 -30.9297009 5.30480003
68.1446991 -30.7833004 1.49605
68.1779022 -30.6609993 1.69780004
68.1400452 -30.6735992 1.87910008
68.0709991 -30.6608009 4.17519999
68.1090012 -30.7231007 4.25369978
68.0066986 -30.7660999 5.32910013
68.1470032 -30.2155991 4.31949997
68.0401001 -30.3817005 5.18949986
68.0317001 -30.1900005 -1.49820006
68.1011963 -30.1921997 4.19840002
68.1419525 -30.0993996 4.24504995
68.0161972 -30.0776005 5.25890017
68.1141968 -29.8297005 -1.51964998
68.1763 -29.8073006 4.11549997
68.1064987 -29.6569996 -1.51419997
68.0416031 -29.6681995 3.97070003
68.0085983 -29.4211006 -1.52699995
68.1993027 -29.5781994 4.80719995
68.1101685 -29.1000671 -1.51156664
68.163002 -29.0659008 3.53410006
68.094101 -28.9109993 -1.54290009
68.063797 -28.8680992 2.9829998
68.0365982 -28.8948994 3.0927999
68.1960983 -28.8735008 4.56790018
68.0548019 -28.7367992 -1.42499995
68.0634995 -28.6844997 -0.930599988
68.1399994 -28.7110004 0.596400023
68.1126556 -28.666729 0.685542881
68.1470413 -28.6411152 0.891928554
68.0644989 -28.6321793 1.07700002
68.0796967 -28.6527996 1.21179998
68.052002 -28.6746998 2.92750001
68.1989975 -28.6226006 3.08380008
68.0309982 -28.7831993 4.3276
68.1230011 -28.7749996 4.98239994
68.0795975 -28.7483006 5.18769979
68.1222 -28.4846191 -1.5108
68.1784973 -28.5326996 -1.20589995
68.1396027 -28.5716 -0.877499998
68.1336975 -28.5245991 -0.736899972
68.1165009 -28.5310001 -0.425700009
68.1732025 -28.5363998 -0.205799997
68.1960983 -28.5321999 0.138899997
68.1384964 -28.5834999 0.522199988
68.1569061 -28.5793495 0.93900001
68.1693497 -28.5597 1.09170008
68.1439819 -28.5595989 1.29743993
68.059082 -28.5432663 1.46211672
68.1116257 -28.4597149 2.08698559
68.1248016 -28.5566006 3.07399988
68.1857986 -28.5142002 3.43140006
68.1764984 -28.4846992 4.02799988
68.120903 -28.5582008 4.48280001
68.0186005 -28.3201008 -1.56070006
68.0337982 -28.3903999 2.14289999
68.1036987 -28.316 3.89384985
68.0440979 -28.0437336 -1.58520007
68.0791016 -28.0377007 2.93889999
68.1681976 -28.078701 3.07666659
68.0203018 -28.0925999 3.31110001
68.0513992 -27.9169006 -1.57650006
68.0281982 -27.8195 2.7579999
68.1074677 -27.9321995 2.90743327
68.0323029 -27.6480999 -1.57070005
68.1372986 -27.6639004 2.51300001
68.1198349 -27.7290001 2.65386653
68.1811981 -27.7677994 2.81529999
68.1160965 -27.6763 3.21429992
68.0295029 -27.4524994 2.52550006
68.0276031 -27.5394001 3.58209991
68.0537033 -27.2637997 -1.59039998
68.1427002 -27.3024998 2.44397497
68.0412979 -27.3398991 3.37059999
68.008606 -27.3386993 3.52619982
68.0603027 -27.0440502 -1.63415003
68.1785965 -27.1047993 2.03620005
68.1604996 -27.0319996 2.28040004
68.1394501 -27.0645256 2.45784998
68.0110016 -27.0118008 2.65709996
68.0589981 -27.1030006 3.89750004
68.1199951 -26.8093987 1.76119995
68.1745453 -26.8652496 1.85089993
68.1345978 -26.882 2.03730011
68.063652 -26.890976 2.35047507
68.076004 -26.9029503 2.44070005
68.1666031 -26.9458008 3.92619991
68.0587311 -26.6585655 1.71303332
68.1313934 -26.7061996 1.83004999
68.1576004 -26.6382999 2.09369993
68.045929 -26.6590252 2.33159995
68.1399994 -26.7863007 3.94339991
68.1386032 -26.4002991 -1.59640002
68.0467987 -26.5809002 1.5812
68.0264511 -26.487999 1.66724992
68.1078262 -26.4761505 2.13310003
68.0359039 -26.5442009 2.3369
68.0357971 -26.4328003 3.13569999
68.1025238 -26.3601761 -1.63810003
68.104599 -26.2504997 0.953799963
68.1064987 -26.3222008 1.59570003
68.0306015 -26.2733002 1.72520006
68.0679474 -26.2999001 1.84395003
68.0493469 -26.2784004 3.12244987
68.009697 -26.1585007 -1.58800006
68.0608978 -26.0489998 0.961149991
68.0747681 -26.0744667 1.07140005
68.0662003 -26.1755009 1.75100005
68.0950012 -25.9566002 -1.66709995
68.1055756 -25.8990116 0.718188882
68.0835266 -25.8870907 0.919770002
68.1026459 -25.9784508 1.11124992
68.0888977 -25.8920994 1.99549997
68.050499 -25.8661003 2.03480005
68.0155029 -25.9134998 2.44980001
68.125946 -25.8594494 2.68805003
68.1881027 -25.7747002 -1.6882
68.1049652 -25.7196999 0.907566667
68.1044769 -25.7566986 1.0632
68.1912003 -25.7866993 1.21619999
68.0242996 -25.632 1.61580002
68.0007019 -25.7359009 2.12109995
68.0689011 -25.7408504 2.54984999
68.1440964 -25.6874008 5.50670004
68.0826035 -25.4487991 5.5532999
68.050354 -25.2395496 0.446950018
68.0740051 -25.2789001 1.51925004
68.0227051 -25.2400494 1.76800001
68.0603027 -25.2367992 1.86790001
68.1668549 -25.3543015 5.10029984
68.1840973 -25.1408005 0.309799999
68.1381531 -25.099575 0.506562471
68.1243591 -25.079813 0.690587521
68.0292969 -25.0543003 1.28349996
68.0738525 -25.1390495 1.50294995
68.1215973 -25.1159 1.88150001
68.0407028 -24.9027004 -1.69910002
68.0661011 -24.9610996 0.594600022
68.0802994 -24.9986992 0.636799991
68.0279999 -24.83255 1.2859
68.0615997 -24.9909 1.8046
68.0710983 -24.9461994 2.00440001
68.0916977 -24.9654999 4.79050016
68.1542969 -24.637001 1.09445
68.0506744 -24.6718502 1.27049994
68.1428986 -24.7749004 1.40369999
68.0593567 -24.7684498 3.76419997
68.0828018 -24.6345997 3.90429997
68.1047974 -24.5121994 -1.74039996
68.0472031 -24.5587006 0.920300007
68.1604462 -24.4766998 1.1063
68.0453568 -24.5122795 1.27818
68.1121979 -24.4870663 4.67326641
68.0252991 -24.3321991 -1.67110002
68.1718979 -24.2017002 0.980499983
68.1178589 -24.303957 1.11898577
68.0631027 -24.3356667 1.27703333
68.0195999 -24.2539005 4.48689985
68.1945038 -24.1767006 1.06809998
68.073349 -24.1076012 1.24060011
68.010498 -24.0587006 2.0769999
68.1390991 -24.0755997 3.23219991
68.0875015 -24.1280003 4.83239985
68.0547028 -23.9115009 1.22930002
68.1692963 -23.9025002 2.29349995
68.1475983 -23.9377003 2.58940005
68.020401 -23.7425003 1.36059999
68.0979996 -23.6839485 1.95845008
68.1635971 -23.6875 2.33870006
68.1348038 -23.7012005 2.47239995
68.0808029 -23.6564007 5.13759995
68.1756973 -23.4032993 -1.77100003
68.1043015 -23.5788994 1.42390001
68.0180969 -23.4461994 1.63829994
68.0530014 -23.4617004 1.82780004
68.0394516 -23.5384502 2.05690002
68.0659943 -23.5321999 2.3123498
68.1052017 -23.5515003 2.43630004
68.0372009 -23.5020008 2.60879993
68.1899033 -23.4256001 4.31570005
68.0946045 -23.4691505 4.45440006
68.0372009 -23.2189999 -1.74409997
68.014801 -23.2959003 1.30369997
68.1520996 -23.2999992 1.86889994
68.1262512 -23.2604504 2.14760017
68.1383972 -23.2551003 2.32910013
68.015152 -23.2346497 2.90285015
68.0221024 -23.2339993 4.6413002
68.1373978 -23.0244007 0.903800011
68.0597 -23.0333004 1.1358
68.1579971 -23.1309013 1.28890002
68.1368256 -23.0947495 1.50750005
68.1703033 -23.0170002 1.63150001
68.1919022 -23.1142998 1.8369
68.0634003 -23.0977001 2.13709998
68.1986008 -23.0025997 2.43479991
68.1069031 -23.0958996 2.79879999
68.0488968 -23.0944004 2.93969989
68.1939011 -23.0548 4.67530012
68.0856018 -23.1152992 5.35400009
68.0305023 -22.9491997 -1.79550004
68.1496964 -22.8752003 0.875400007
68.0966492 -22.8436508 1.05454993
68.1484985 -22.9740009 1.25259995
68.0791779 -22.8637199 1.48847997
68.0823212 -22.96735 1.73227501
68.1054001 -22.9456997 2.46670008
68.1735001 -22.9585991 2.76410007
68.1577988 -22.9139004 2.86879992
68.1548996 -22.8465996 3.03239989
68.0650024 -22.9151001 4.38290024
68.1185989 -22.9153004 4.5532999
68.1822968 -22.8953991 4.61759996
68.0048981 -22.9365997 4.98659992
68.0875015 -22.9778996 5.02479982
68.0457001 -22.9288006 5.83339977
68.1324997 -22.7513008 0.586899996
68.0928879 -22.6671715 0.717228591
68.0465698 -22.7110996 0.86953336
68.0393982 -22.6599503 1.15680003
68.0768509 -22.7345009 1.35275006
68.0595322 -22.6605663 1.67266667
68.1638031 -22.6194 1.80260003
68.0737 -22.7245998 2.70219994
68.0579605 -22.7093811 2.85854006
68.1246567 -22.7098598 3.10996008
68.0763321 -22.4475994 0.926033318
68.081749 -22.5316505 1.00320005
68.1019516 -22.4946003 1.35150003
68.1594009 -22.5625 1.54630005
68.1238327 -22.479166 1.72846663
68.153183 -22.4590206 1.89028001
68.1517029 -22.4680004 2.1572001
68.0644989 -22.3498001 -1.80400002
68.0906982 -22.3075867 1.0783143
68.0765991 -22.2947006 1.22449994
68.0646973 -22.2343998 1.56169999
68.1699982 -22.3110008 1.63139999
68.0362015 -22.2567997 1.90419996
68.1095505 -22.3218498 2.34159994
68.0927277 -22.2894993 2.46409988
68.0614014 -22.2639008 3.29710007
68.0011978 -22.2308006 3.7348001
68.1797028 -22.2380009 4.13360023
68.0944519 -22.08395 -1.81870008
68.0997009 -22.0324993 -1.78320003
68.1731033 -22.0823002 1.87899995
68.1426697 -22.0842991 3.34463334
68.1897964 -22.1550999 3.86290002
68.0803986 -21.8801003 -1.79849994
68.1885986 -21.8815994 1.92250001
68.0894012 -21.8353004 2.84599996
68.1268005 -21.8601665 3.10636663
68.0585327 -21.8359661 3.26856661
68.0662994 -21.9675007 3.62779999
68.1354523 -21.71035 -1.84995008
68.0959015 -21.6541996 2.86470008
68.0457993 -21.6523991 3.20700002
68.0895996 -21.7432003 3.6019001
68.1361008 -21.4633007 -1.83509994
68.0450974 -21.5200996 2.90700006
68.1641998 -21.5443001 3.02519989
68.1144485 -21.4926987 3.21600008
68.1054535 -21.375 -1.85800004
68.1269989 -21.3990002 3.06809998
68.1591034 -21.0939007 -1.85239995
68.1639023 -20.905899 -1.83179998
68.1350021 -20.5482998 -1.8628
68.0039978 -20.2584 -1.84720004
68.2180023 -39.8639984 -1.17390001
68.3093033 -39.4642982 -1.17589998
68.2092972 -39.1067009 -1.20589995
68.2540436 -38.9409027 -1.20709991
68.302597 -38.9248352 -1.17906666
68.2118988 -38.6281013 -1.21029997
68.2748032 -38.6772995 -1.19980001
68.2625427 -38.6992798 3.54690003
68.2480621 -38.6820335 3.68393326
68.2787018 -38.644001 3.80789995
68.2822037 -38.4786987 -1.21159995
68.283432 -38.5227013 3.45110011
68.2412338 -38.4971657 3.68670011
68.2527466 -38.5522995 3.86989999
68.2044983 -38.3834991 -1.20630002
68.2702637 -38.3047333 3.34430003
68.3031998 -38.3258514 3.44560003
68.2633667 -38.1581993 -1.22623336
68.3471985 -38.0042 1.83420002
68.2927322 -38.0863647 3.33069992
68.3705978 -38.1944008 3.42610002
68.2013016 -37.8895988 -1.21790004
68.2687531 -37.8941002 1.75460005
68.2574997 -37.9347992 1.86236668
68.3486023 -37.8878212 2.9033401
68.2875977 -37.8456001 3.04850006
68.3239594 -37.867218 3.26592016
68.2813034 -37.7484016 -1.23590004
68.3319016 -37.6337509 1.57640004
68.2607803 -37.7278976 1.6882
68.2921295 -37.6996346 3.12006664
68.2958984 -37.7527008 3.2960999
68.2126999 -37.7985992 3.47090006
68.3463974 -37.4305 1.34080005
68.2740479 -37.441349 1.57375002
68.2517319 -37.5196342 1.66863334
68.3442383 -37.4255028 3.05679989
68.2002029 -37.2355003 -0.310799986
68.2653351 -37.3129654 1.56286669
68.2278976 -37.2206993 1.67649996
68.2064972 -37.2955017 2.03430009
68.371994 -37.2222977 2.30314994
68.3327637 -37.2425346 2.91583323
68.3740005 -37.3302002 3.00519991
68.2303009 -37.0868988 -0.295100003
68.3787994 -37.1274986 1.39160001
68.3426514 -37.0713005 1.55349994
68.290535 -37.1246338 1.61453331
68.2777023 -37.0521011 1.82480001
68.278801 -37.0163002 2.08139992
68.3772964 -37.1488991 2.28660011
68.3153 -37.1132507 2.89899993
68.2565002 -37.0225983 3.08809996
68.3386993 -36.9740982 1.5236001
68.2180481 -36.9017487 1.67404997
68.3426971 -36.8308983 1.91489995
68.3208008 -36.8574982 2.95494986
68.2645035 -36.9818001 3.0013001
68.3031006 -36.6242981 -0.31189999
68.273201 -36.6697006 1.52850008
68.2939301 -36.7034492 1.72390008
68.2967987 -36.6832008 1.80649996
68.2982483 -36.6851273 2.86387491
68.3323975 -36.6637001 3.11220002
68.2759018 -36.4272995 -1.26380002
68.2974396 -36.530899 1.31296003
68.2992477 -36.5053253 1.49096251
68.316452 -36.5037231 1.67700005
68.2756653 -36.4848328 1.87306666
68.276001 -36.5337677 2.46103334
68.3714981 -36.5965996 2.63380003
68.2841034 -36.4597015 2.87115002
68.2683029 -36.3582001 -1.10797501
68.2630005 -36.3719482 -0.959399998
68.2820969 -36.3588982 -0.636399984
68.2644043 -36.3759499 -0.407700002
68.2518997 -36.3460999 -0.330300003
68.3005981 -36.3542595 1.68669999
68.3354492 -36.3214493 1.90910006
68.2839508 -36.2903976 2.07419991
68.3705978 -36.2871017 2.30380011
68.2481003 -36.3185501 2.52384996
68.260498 -36.2921982 2.75640011
68.2872467 -36.3078995 2.83419991
68.3320007 -36.0547981 2.31439996
68.2595978 -36.1312485 2.45819998
68.2985992 -36.0918503 2.72819996
68.3104019 -36.0778008 2.85820007
68.3209991 -35.9719009 -1.27610004
68.2978973 -35.9511986 2.39779997
68.3001404 -35.917881 2.68731999
68.3897018 -35.9828987 2.90199995
68.2935028 -35.7963982 2.52349997
68.2360992 -35.6506004 2.76600003
68.2537994 -35.4608994 -1.28559995
68.2909012 -35.4413986 2.48270011
68.3376999 -35.5065994 2.86350012
68.3719025 -35.2252998 -1.31579995
68.229599 -35.3936996 2.37470007
68.3107986 -35.3432007 2.7262001
68.2724991 -35.1371002 -1.31710005
68.2097015 -35.0900993 2.39899993
68.2930527 -34.9775009 2.49445009
68.2536011 -34.7244987 1.91199994
68.2770996 -34.634201 2.04390001
68.3076477 -34.7317505 2.34907484
68.341301 -34.7946014 2.48690009
68.3883972 -34.7723007 2.71810007
68.3078995 -34.4426003 -1.32860005
68.3088989 -34.4831009 2.3197
68.3591003 -34.3506012 2.62809992
68.2994003 -34.1503983 2.6019001
68.2718964 -33.8485489 2.09140015
68.3136978 -33.9276009 2.44980001
68.322464 -33.8833008 2.67836666
68.350502 -33.8013 2.81480002
68.3803024 -33.6492996 1.64069998
68.3348999 -33.6918335 2.06556678
68.3514023 -33.6321983 2.29399991
68.3834 -33.7109985 2.48670006
68.2708969 -33.7447014 2.6085
68.3648987 -33.5097008 1.68200004
68.2914658 -33.5370331 1.87450004
68.3206329 -33.4869003 2.02526665
68.234848 -33.5611496 2.26310015
68.3084335 -33.5359001 2.44900012
68.3337021 -33.2518997 1.48000002
68.3851013 -33.3148003 1.95109999
68.3592987 -33.3539009 2.39669991
68.3213959 -33.1960983 1.3503499
68.3260422 -33.0992012 1.51680005
68.3627472 -33.0429993 1.68945003
68.3145981 -33.0707016 2.66070008
68.2656021 -32.855999 1.69060004
68.3747025 -32.9628983 1.8132
68.2669678 -32.9652328 2.54233336
68.3949966 -32.6668015 -1.43089998
68.3044281 -32.6843987 -1.38143337
68.3458481 -32.2439995 -1.42935002
68.3191986 -32.3208008 -1.36790001
68.2378998 -31.8743 1.85950005
68.2673035 -31.8644009 2.61630011
68.3115005 -31.8161507 2.85430002
68.2062988 -31.6791992 1.79949999
68.3741989 -31.7632999 1.95889997
68.3436966 -31.6627998 2.0703001
68.3093033 -31.6198006 2.44650006
68.3083801 -31.7248249 2.73222494
68.379303 -31.5743999 -1.46319997
68.3390503 -31.4669991 2.52635002
68.2770996 -31.5898991 5.38649988
68.3588028 -31.3551006 -1.44780004
68.3069992 -31.2129993 2.36199999
68.2176971 -31.3607998 5.36259985
68.2203979 -31.1089993 1.77999997
68.2718506 -31.0931511 2.09735012
68.2655334 -31.1429996 2.28349996
68.3448029 -30.8956985 -1.45230007
68.2416 -30.8019009 1.11699998
68.2504501 -30.9285011 1.52099991
68.331604 -30.8638496 1.67030001
68.3240051 -30.8403511 1.97014999
68.3662033 -30.8272991 2.18379998
68.2491989 -30.8463001 3.1012001
68.2732315 -30.7292671 1.17816663
68.2905273 -30.7105293 1.26397002
68.2795334 -30.7530327 1.52626669
68.2710648 -30.7148323 1.70293331
68.3050537 -30.7161999 1.92035007
68.3337555 -30.7889519 2.09784985
68.3920975 -30.6341 2.21740007
68.3016968 -30.4237003 -1.47049999
68.3006973 -30.4762001 1.75884998
68.2458954 -30.5450001 1.83179998
68.3406982 -30.2838993 -1.48360002
68.3277664 -30.1374664 -1.50486672
68.2527008 -30.0631008 4.32429981
68.3646011 -30.1292992 4.43060017
68.2509003 -29.5823994 4.80019999
68.2330017 -29.2101002 -1.5223
68.2313004 -29.3633995 4.52600002
68.2729492 -29.3679008 4.64115
68.2830963 -29.2080994 5.10659981
68.3602982 -29.1583004 4.70639992
68.270401 -29.1350002 4.80499983
68.3115311 -28.906601 3.51333332
68.2014999 -28.9193993 3.83529997
68.2667999 -28.9368992 4.53179979
68.251297 -28.9744987 4.62590027
68.2033997 -28.6040001 -1.43889999
68.2465973 -28.6392002 0.728299975
68.2081985 -28.6228008 1.02390003
68.2491989 -28.6600494 3.11959982
68.3764954 -28.7303009 4.1590004
68.2843475 -28.77565 4.2350502
68.3557968 -28.7956009 4.46019983
68.2743607 -28.4827003 -1.47741997
68.3096466 -28.5016003 -1.26254284
68.2833557 -28.4959564 -1.08354282
68.2854996 -28.5061607 -0.891179979
68.295372 -28.4860134 -0.732675016
68.3016586 -28.4859867 -0.512842834
68.2980042 -28.4730492 -0.293074995
68.2918015 -28.4727097 -0.101850003
68.2871857 -28.491766 0.123922221
68.3048477 -28.4582367 0.284950018
68.3099442 -28.5090084 0.509472728
68.308197 -28.5224171 0.701983333
68.2957458 -28.5085011 0.913299978
68.2822113 -28.5257206 1.10316002
68.3189774 -28.5134621 1.2960875
68.2919998 -28.501976 1.51320004
68.2950439 -28.4435005 1.7198
68.2949524 -28.4674759 1.87415004
68.2927017 -28.4470005 3.14339995
68.3298035 -28.5578003 4.16340017
68.2132034 -28.5851994 4.57149982
68.2054977 -28.3852997 -1.58010006
68.3483963 -28.3722992 0.912100017
68.2807999 -28.3953991 1.80429995
68.246048 -28.2611504 3.16499996
68.3105011 -28.3134995 3.27014995
68.3679962 -28.3569489 3.9081502
68.2973022 -28.3640995 4.87699986
68.2799988 -28.1527996 -1.5575
68.2273026 -28.0328007 2.96690011
68.3087387 -28.1051197 3.10414004
68.3647003 -28.0534 4.84240007
68.3919983 -27.9235992 -1.59239995
68.2713013 -27.8955002 2.8973999
68.3686981 -27.8619003 3.02780008
68.3532028 -27.6441994 -1.59710002
68.3815002 -27.6529007 1.60259998
68.3306503 -27.6801491 2.33174992
68.3053284 -27.6982746 2.44992495
68.3776016 -27.6135006 2.79259992
68.3323517 -27.7346992 2.91454983
68.3423996 -27.5004005 -1.57669997
68.3526993 -27.4701996 2.1098001
68.3311996 -27.4957008 2.23620009
68.284935 -27.5121994 2.49800014
68.2958984 -27.5272007 2.60179996
68.3406982 -27.5548 2.97110009
68.2551498 -27.3230515 2.11544991
68.2738495 -27.3164005 2.27854991
68.3080673 -27.3240986 2.5165
68.2120972 -27.0324001 -1.60780001
68.3438568 -27.0256004 1.65024996
68.3136292 -27.0885677 1.91916668
68.2939987 -27.1203995 2.39599991
68.2826996 -27.1900997 2.44650006
68.2182007 -27.0547009 2.6263001
68.3300018 -26.9174004 -1.61660004
68.3764038 -26.9626999 1.54040003
68.2978973 -26.9860001 1.65140009
68.3293991 -26.9161339 1.94976664
68.2918015 -26.9713497 2.31465006
68.3457031 -26.9288006 2.53130007
68.3835983 -26.8673 3.7493
68.2265015 -26.9129009 3.85890007
68.3347473 -26.71805 -1.63569999
68.2182465 -26.7274513 1.9233501
68.3912964 -26.6427994 3.47919989
68.3636475 -26.4979496 -1.63915002
68.3628998 -26.435133 1.88446665
68.3192444 -26.45755 2.09074998
68.2924042 -26.5027008 2.29155016
68.2966003 -26.2780991 -1.65980005
68.3298035 -26.2304993 -1.57410002
68.232605 -26.2723503 1.06064999
68.3963013 -26.2849007 2.02489996
68.3934021 -26.2877998 3.47539997
68.2615967 -26.1571007 -1.67410004
68.2506561 -26.1627007 0.984200001
68.2984467 -26.1075497 1.06414998
68.3664017 -25.8022995 -1.67550004
68.2671204 -25.8577003 0.781799972
68.3197479 -25.9276505 0.915449977
68.3277969 -25.831501 1.13743329
68.3708954 -25.9665489 1.43085003
68.2600021 -25.9025993 2.18370008
68.2272034 -25.8302002 2.23589993
68.2322006 -25.9213009 3.04349995
68.285553 -25.8677998 3.83660007
68.2936707 -25.6761341 -1.67116666
68.2406998 -25.7607994 0.729900002
68.2919693 -25.7359333 0.875566661
68.3839569 -25.7491989 1.01845002
68.3376465 -25.7640495 1.30640006
68.2315979 -25.6133003 2.38579988
68.2073975 -25.7865009 3.72740006
68.3375702 -25.5057011 -1.68110001
68.2941437 -25.5479012 1.55550003
68.2332993 -25.5517006 2.30660009
68.2605972 -25.5450993 4.07919979
68.2854004 -25.5340996 5.08860016
68.209198 -25.5319004 5.22459984
68.2070007 -25.4332008 5.57700014
68.3246689 -25.2838669 -1.6735667
68.3887024 -25.2411003 0.34920001
68.233902 -25.3183002 0.576600015
68.3714981 -25.2306004 0.805299997
68.2087021 -25.2409 1.75999999
68.2815018 -25.296032 1.85773337
68.3360596 -25.2770596 2.12730002
68.2447968 -25.2438507 2.26515007
68.2863693 -25.1301994 -1.71130002
68.2418213 -25.1598244 0.314274997
68.3145599 -25.1474991 0.512669981
68.3098679 -25.1063328 0.652499974
68.2907028 -25.1868992 0.813399971
68.293602 -25.1390991 1.50440001
68.2705994 -25.1035995 1.67340004
68.2519989 -25.1947994 2.00250006
68.3756332 -24.9104996 1.46226668
68.3000946 -24.7350006 -1.69700003
68.2795715 -24.6590996 1.11077499
68.303299 -24.618 1.24899995
68.2761002 -24.7210999 1.54400003
68.2734985 -24.4963722 1.06149995
68.2352982 -24.4528008 4.1415
68.2968979 -24.2842999 -1.71609998
68.2970734 -24.2762566 1.06111431
68.2649994 -24.0962486 1.09800005
68.2158966 -24.1984005 4.14139986
68.2923965 -24.1665001 4.27019978
68.3562317 -23.8525333 -1.7518667
68.3207016 -23.9601002 2.77729988
68.2229996 -23.9668999 4.29250002
68.3252487 -23.7182999 -1.74044991
68.3210983 -23.7451 1.56449997
68.2721558 -23.7299004 2.47670007
68.2612 -23.7978992 3.86120009
68.241745 -23.4957008 -1.74884999
68.3376007 -23.5888996 4.25969982
68.3160477 -23.3757 -1.75244999
68.3340988 -23.2385502 1.06684995
68.3677979 -23.2859001 1.5122
68.3280487 -23.299675 1.70757508
68.3049011 -23.3347511 2.43944979
68.3822021 -23.311451 5.05665016
68.3804016 -23.3780003 5.3593998
68.3197479 -23.0401001 -1.75395
68.3050308 -23.0655994 0.887166679
68.3797989 -23.0494995 1.01470006
68.3090973 -23.0616341 1.49106669
68.3701019 -23.1074009 1.64750004
68.2139969 -23.1914997 2.24810004
68.2686691 -23.1126328 2.49326658
68.3662033 -23.1271992 3.96679997
68.2652969 -23.1651001 4.16149998
68.2293015 -23.1494007 4.34180021
68.2201996 -23.0508995 4.72179985
68.3190002 -23.1755505 5.13484955
68.2609024 -23.1359997 5.43839979
68.3222961 -22.9191513 -1.76010001
68.3780975 -22.8549995 0.385600001
68.2971497 -22.8263512 0.459800005
68.2975998 -22.8485489 0.790250003
68.3259354 -22.9772663 0.937833309
68.2324524 -22.8759499 1.1494
68.2863235 -22.9276009 1.28282499
68.3794022 -22.9722004 1.48819995
68.3933029 -22.9559002 1.81789994
68.3862 -22.9389496 2.44645
68.3442001 -22.9545002 2.66630006
68.2687988 -22.9640007 4.60760021
68.2817993 -22.9451008 5.30749989
68.2829971 -22.7884007 -1.81289995
68.3445969 -22.6672001 -1.74699998
68.2980499 -22.7613983 0.497150004
68.2811203 -22.6906204 0.684130013
68.3169632 -22.7075005 0.919266641
68.2550964 -22.730526 1.06832504
68.2595215 -22.710825 1.28832507
68.3718643 -22.7320328 1.4957
68.2993011 -22.7203751 1.70907497
68.2098007 -22.7980995 2.60019994
68.3444977 -22.6716995 2.98979998
68.2677002 -22.6396008 4.41909981
68.2134018 -22.5466003 -1.8017
68.2845001 -22.5014992 -1.78859997
68.2362976 -22.5473995 0.994099975
68.2294464 -22.5160007 1.29984999
68.2419968 -22.4627991 1.48430002
68.3275986 -22.5485992 1.68330002
68.269104 -22.4860992 1.89715004
68.2427521 -22.441349 2.30644989
68.3395996 -22.4587994 2.57879996
68.3234482 -22.5290508 2.65945005
68.2042999 -22.4160995 4.11439991
68.3592987 -22.2586002 1.56280005
68.3823013 -22.2292004 1.64419997
68.2727966 -22.3691006 1.97329998
68.2219009 -22.3446007 2.15855002
68.3909988 -22.3871994 2.39820004
68.2957993 -22.2294998 2.51765013
68.2621994 -22.3885002 2.6019001
68.2701035 -22.3687992 4.06969976
68.2854004 -22.2980995 4.44770002
68.3587036 -22.166851 1.57485008
68.2758484 -22.0524502 1.74119997
68.3464966 -22.0806503 1.90339994
68.3861008 -22.0125999 2.12759995
68.3163986 -22.1623001 3.09209991
68.3053741 -21.9409504 1.72787499
68.2917023 -21.9250603 1.87819993
68.2747955 -21.8676987 2.03894997
68.3814011 -21.8393002 2.75889993
68.2735977 -21.8227997 3.36479998
68.2093964 -21.8535995 3.46790004
68.3783493 -21.6915016 2.54200006
68.3901978 -21.7551498 2.65100002
68.274437 -21.6793003 2.93846679
68.2927322 -21.6665344 3.06513333
68.2625046 -21.6905994 3.49889994
68.3202972 -21.5058002 -1.81990004
68.3340988 -21.5245495 2.67534995
68.3855972 -21.5988998 2.84689999
68.2888031 -21.5732498 3.11854982
68.2912979 -21.5601006 3.32529998
68.2429962 -21.0324001 -1.84909999
68.3700027 -21.0615005 -1.75689995
68.2139969 -20.9850006 -1.81529999
68.2024002 -20.8365002 -1.77880001
68.2581482 -20.7514992 -1.85794997
68.3125381 -20.5111332 -1.87166667
68.2323456 -20.3369999 -1.88074994
68.2790527 -20.0910492 -1.88490009
68.5237503 -39.8861504 -1.17650008
68.5952988 -39.6927986 -1.18340003
68.5837021 -39.4874992 -1.18229997
68.5208969 -39.2876015 -1.17159998
68.5444031 -39.1977997 -1.17859995
68.5130997 -38.9162521 -1.19005001
68.456398 -38.6786995 -1.20009995
68.427803 -38.7182007 3.53800011
68.5134964 -38.3997993 -1.21720004
68.4348984 -38.2243004 3.39219999
68.5017014 -38.1220016 -1.22290003
68.4397964 -38.0093002 1.84949994
68.477829 -38.0611725 3.33877492
68.5888977 -38.1027985 3.50500011
68.4196472 -37.9026489 1.75585008
68.4382019 -37.9958992 1.8355
68.479332 -37.9021339 3.23446679
68.5024033 -37.6725006 -1.2177
68.4463959 -37.6855507 1.57169998
68.4380951 -37.7739487 1.67035007
68.5122299 -37.7614326 2.86363339
68.4771347 -37.6806335 3.18796659
68.4356003 -37.6935997 3.26994991
68.5082474 -37.5296478 -1.24644995
68.5577011 -37.5074005 1.18920004
68.5522995 -37.4977188 1.34278333
68.4702682 -37.4367332 1.4745667
68.4970016 -37.4824982 1.6056
68.473999 -37.4977989 3.1582334
68.5283966 -37.5058975 3.27050018
68.5839005 -37.3399506 1.34665
68.4818344 -37.3114319 1.43019998
68.4003983 -37.2882004 2.35459995
68.4181976 -37.2775993 2.41750002
68.4425964 -37.3198013 2.91919994
68.4082031 -37.2430992 3.13960004
68.5183563 -37.1270409 1.48293996
68.4199982 -37.1432991 2.19029999
68.436203 -37.1177979 2.46149993
68.47155 -37.0847244 2.95697498
68.5156021 -36.899601 1.57289994
68.5860977 -36.8651009 1.89859998
68.478302 -36.9775009 2.36120009
68.4768448 -36.9104385 2.89579988
68.5014038 -36.7109985 -1.27610004
68.5574036 -36.700634 1.43373334
68.460907 -36.679451 1.93385005
68.4152527 -36.732048 2.37540007
68.4365997 -36.6884995 2.51999998
68.4857712 -36.6814995 2.72149992
68.4231033 -36.7801018 3.01440001
68.5365982 -36.4390984 -1.25233328
68.4883499 -36.5062752 1.36360002
68.5030518 -36.4775505 1.51964998
68.4614029 -36.4477997 1.77869999
68.4580994 -36.5996017 1.92869997
68.5196533 -36.4485016 2.18595004
68.4007034 -36.4410019 2.30029988
68.5566025 -36.5290985 2.71300006
68.4692001 -36.4268494 2.82784986
68.5581055 -36.3419037 -1.25510001
68.5030975 -36.3621979 1.49123335
68.4903488 -36.3392487 1.70825005
68.5103989 -36.3084984 1.81819999
68.4328995 -36.3572006 2.1407001
68.4862976 -36.2753983 2.26440001
68.5673981 -36.1248016 -1.28620005
68.4011002 -36.1542015 2.55139995
68.4293518 -35.8684998 -1.27240002
68.5045471 -35.8822479 2.73614979
68.5699997 -35.8144989 2.93580008
68.4378967 -35.7122002 2.58780003
68.4716034 -35.7546005 2.77259994
68.5410995 -35.7999001 2.84759998
68.5009995 -35.4748497 -1.30925
68.5039673 -35.4644012 2.37660003
68.4776001 -35.5149002 2.51430011
68.4129028 -35.4808006 2.79110003
68.5575027 -35.3930016 -1.28890002
68.4601974 -35.3844986 2.18950009
68.4999008 -35.3370018 2.31850004
68.476799 -35.3200531 2.51340008
68.5932007 -35.3866997 2.75760007
68.5477524 -35.1105499 -1.34644997
68.5139008 -35.1819992 2.37899995
68.5064011 -35.1012001 2.40739989
68.4520035 -35.1264992 2.95630002
68.5081024 -34.8422508 -1.35385001
68.4082031 -34.9874001 2.54760003
68.4007034 -34.979599 2.63549995
68.5789032 -34.7114029 -1.33274996
68.4629974 -34.6461029 2.48075008
68.5094528 -34.5199738 2.13115001
68.4387512 -34.5479507 2.31190014
68.4958267 -34.240799 -1.33529997
68.4638977 -34.2411995 2.66219997
68.5503006 -34.176899 -1.36329997
68.5855026 -34.1349983 2.37310004
68.5038528 -33.8605499 -1.38740003
68.5230026 -33.8983002 1.92929995
68.471199 -33.9798012 2.65039992
68.506424 -33.6901512 -1.36459994
68.5486984 -33.7245483 1.91175008
68.4705429 -33.4813156 -1.35580003
68.405098 -33.5376015 1.75080001
68.422699 -33.4555016 2.0171001
68.5719986 -33.5858994 2.25270009
68.4004974 -33.4903984 2.71469998
68.5561981 -33.2111015 -1.29569995
68.5512161 -33.2575417 1.35213995
68.5019379 -33.2411613 1.51768005
68.513298 -33.3675995 1.76730001
68.5244522 -33.3690987 2.48654985
68.5633545 -33.2224998 2.65350008
68.5139008 -33.1606255 1.50555003
68.4680176 -33.0354996 1.70289993
68.5673523 -33.138649 2.13499999
68.5453949 -33.1321487 2.26634979
68.512352 -33.0212479 2.48965001
68.5371475 -32.8619995 -1.41934991
68.4788971 -32.9541016 2.24489999
68.4484024 -32.6057014 -1.42069995
68.5081482 -32.6792984 -1.38059998
68.4680481 -32.278801 -1.40649998
68.4776993 -32.202301 -1.39750004
68.5047989 -32.2098999 3.36039996
68.4192963 -32.1847992 -1.41460001
68.4904022 -32.1313019 2.10669994
68.5062485 -32.0830002 3.12384987
68.5488663 -31.9409676 -1.43939996
68.5524979 -31.7849998 -1.42680001
68.5113678 -31.5226669 -1.46156669
68.4784012 -31.5307007 2.6552999
68.486763 -31.2630653 -1.46703327
68.4131012 -31.3978996 2.52020001
68.5742035 -31.2980995 3.50279999
68.5394669 -31.1100998 -1.47056663
68.4633026 -31.0578003 -1.39520001
68.4849014 -31.1007996 1.8635
68.5029984 -31.0984001 2.37890005
68.4413986 -30.9820004 -1.48160005
68.495903 -30.8661747 1.71125007
68.4001999 -30.8855 1.87820005
68.4671021 -30.8076 2.20440006
68.4514008 -30.6128006 -1.47850001
68.4512329 -30.7573662 1.4938333
68.5435257 -30.7302246 1.74152505
68.504303 -30.6754494 1.92620003
68.4378967 -30.7597008 2.12505007
68.4395523 -30.7810497 2.33029985
68.4813309 -30.5273666 -1.48650002
68.4338989 -30.5937996 1.67719996
68.5281754 -30.5046253 1.91077495
68.4583664 -30.2824669 -1.50890005
68.5182495 -30.2573509 1.94819999
68.4788361 -30.3600674 2.09899998
68.4602509 -30.2600002 2.25414991
68.5614014 -30.0740509 -1.50059998
68.5160065 -30.1076012 1.92840004
68.4843445 -30.1287498 2.08244991
68.4921341 -29.9617996 -1.49193335
68.4584503 -29.5308495 -1.51604998
68.5106506 -29.3531494 -1.52090001
68.5558014 -29.2797508 4.64615011
68.4688492 -29.0500488 3.57754993
68.5667038 -29.0797997 3.62529993
68.5994034 -29.1359997 4.72970009
68.5404968 -29.1345997 5.0855999
68.5523987 -28.9209995 -1.54453337
68.4966965 -28.8549995 3.59290004
68.5630035 -28.8540001 4.43790007
68.4643021 -28.9519005 5.19439983
68.5310974 -28.6732006 -1.55680001
68.5108795 -28.6118011 0.699925005
68.5621033 -28.6089993 1.16680002
68.4680023 -28.6254005 3.68199992
68.5718002 -28.6501007 4.32310009
68.4716187 -28.4876404 -1.51548004
68.5084 -28.4931507 -1.29414999
68.4369965 -28.4505005 -1.10609996
68.4890366 -28.5092659 -0.876733363
68.4501953 -28.4394493 -0.741150022
68.4524994 -28.4424 -0.500166655
68.5202484 -28.4392014 -0.0710999966
68.4554977 -28.4647999 0.0718333274
68.4779968 -28.5534992 0.364100009
68.5308685 -28.4788342 0.49636668
68.4940796 -28.5529194 0.710659981
68.5362015 -28.5630836 0.934833348
68.4939346 -28.535923 1.09560001
68.5331497 -28.5560989 1.31807494
68.4849701 -28.5324001 1.47547507
68.5821991 -28.4050999 1.94599998
68.5254974 -28.5160484 2.05289984
68.468399 -28.5412006 3.22309995
68.5013504 -28.3008003 -1.56800008
68.4335022 -28.3808994 -0.409500003
68.5305023 -28.3766003 2.11660004
68.433403 -28.3729 2.20190001
68.5910034 -28.3197994 3.90149999
68.4269028 -28.3600006 4.66179991
68.4395981 -28.0720997 3.08809996
68.4207993 -28.1846008 3.76749992
68.4309006 -28.0951004 4.41499996
68.498703 -27.8720989 -1.57856667
68.5177002 -27.6203995 -1.61699998
68.4718018 -27.6634007 -1.58749998
68.4088974 -27.6534004 2.34759998
68.5889969 -27.6898994 3.05060005
68.5222015 -27.7859001 5.06139994
68.5150681 -27.5250988 -1.55316663
68.5692978 -27.4780998 1.67700005
68.4531021 -27.5228004 2.11139989
68.5209656 -27.4815006 2.29283333
68.5735016 -27.4661999 2.4835999
68.4891663 -27.5188656 2.85033345
68.5124054 -27.2812996 -1.62465
68.4877014 -27.2649002 -1.59609997
68.5365448 -27.2306004 1.48415005
68.5659027 -27.2935009 1.96060002
68.5217972 -27.2955666 2.12056661
68.4779968 -27.1618004 -1.61810005
68.5248642 -27.1316662 1.49113333
68.5012283 -27.1178131 1.70622861
68.5498047 -27.1019497 1.81830001
68.4731979 -27.1473999 2.57850003
68.4682999 -26.8684998 -1.62520003
68.4555511 -26.8555489 -1.59590006
68.4434967 -26.9972992 1.75270009
68.5129013 -26.8984337 1.92106664
68.547699 -26.8242989 2.04349995
68.4510956 -26.7273502 -1.62015009
68.5559006 -26.6152 1.91600001
68.5886993 -26.7497005 2.55299997
68.531601 -26.4741001 -1.63170004
68.5061035 -26.5485497 1.98075008
68.5540314 -26.5764008 2.05373335
68.4234009 -26.5907993 3.98930001
68.4960022 -26.3361511 -1.63724995
68.4785004 -26.3306007 1.97464991
68.5086975 -26.3370991 2.61010003
68.527298 -26.2870007 3.92149997
68.4664307 -26.1511345 -1.63316667
68.4714966 -26.155899 1.99310005
68.4613495 -25.9484997 -1.66070008
68.4540024 -25.9636993 0.944999993
68.4613495 -25.9040985 1.0654
68.4313965 -25.8733997 1.29182506
68.4241638 -25.6809673 -1.67803335
68.5279007 -25.7076664 0.951266706
68.4883499 -25.6978245 1.10321248
68.4816589 -25.72756 1.35127997
68.5819016 -25.7849007 1.5309
68.532753 -25.6431007 1.76265001
68.5196991 -25.6893005 2.69880009
68.5377731 -25.4986382 0.913874984
68.5288544 -25.5739002 1.06455004
68.5409698 -25.5641499 1.69322503
68.4394989 -25.5492001 2.53690004
68.5702972 -25.5769005 2.71609998
68.418602 -25.5517998 5.15689993
68.5484009 -25.2164993 0.499300003
68.4920502 -25.2390995 0.684750021
68.5843506 -25.3150749 0.873125017
68.5507965 -25.3889008 1.04089999
68.5884018 -25.2691994 1.79009998
68.4470978 -25.3108006 5.19780016
68.5511475 -25.0573006 -1.6888001
68.481102 -25.1912994 0.383100003
68.4456711 -25.1336708 0.534471452
68.4501038 -25.1407509 0.677049994
68.4580994 -25.1417007 0.813600004
68.4432983 -25.0958004 1.73479998
68.5485992 -25.0506992 2.06789994
68.5754547 -25.1603508 2.31155014
68.5886993 -25.1958008 5.35909986
68.4789505 -24.9193001 -1.68910003
68.5175323 -24.8950672 1.6789
68.4857483 -24.843399 1.90320003
68.5972977 -24.9983997 2.00559998
68.4785995 -24.6733513 -1.71262503
68.489975 -24.649601 1.46219993
68.5354996 -24.7982006 1.61020005
68.4106979 -24.5828991 -1.73749995
68.4274979 -24.4874001 1.16600001
68.5601501 -24.5457497 1.45039999
68.4721985 -24.3064995 -1.72776663
68.540451 -24.3863487 1.31945002
68.4794006 -24.3024998 4.46619987
68.4206009 -24.1937008 -1.73080003
68.405098 -24.1256008 0.921700001
68.4983521 -24.1818504 1.28110003
68.5597 -24.0419998 1.60160005
68.4559021 -23.8506508 -1.74725008
68.5289459 -23.9271011 1.73514998
68.5567017 -23.9871998 2.56469989
68.5383987 -23.8600006 5.99739981
68.4399033 -23.9993 6.10839987
68.5720978 -23.8799 6.31309986
68.575798 -23.6259003 -1.72109997
68.555603 -23.7570992 2.54530001
68.5338974 -23.7000008 3.96009994
68.4870987 -23.7465992 6.47319984
68.4794006 -23.5287514 -1.71899998
68.4692993 -23.4311008 2.19250011
68.4084015 -23.5051003 2.31139994
68.5372009 -23.5522003 2.54520011
68.4375992 -23.4099998 4.85340023
68.4754486 -23.3395252 -1.77077496
68.4701996 -23.3631001 0.929400027
68.5092239 -23.2713242 1.07780004
68.5001984 -23.2222996 1.21790004
68.4488297 -23.2954674 1.85469997
68.4750977 -23.2985992 2.07579994
68.4781036 -23.2913513 2.26819992
68.4704437 -23.3202 2.44225001
68.5446014 -23.2493992 4.11000013
68.5641022 -23.2747993 4.2421999
68.5644989 -23.2996998 4.9218998
68.5378036 -23.3631001 5.18499994
68.4910965 -23.2082996 5.55980015
68.4247513 -23.0862503 -1.78104997
68.5181503 -23.1071014 0.932624996
68.4922409 -23.0872402 1.09317994
68.4285965 -23.0545006 1.23570001
68.4766541 -23.1588497 1.51180005
68.492363 -23.1016998 1.6925
68.4478989 -23.0042 2.39179993
68.4065018 -23.1348 3.76990008
68.4969025 -23.1695995 3.83080006
68.555397 -23.0629005 4.09320021
68.4760437 -23.1864014 4.29220009
68.4785995 -23.1478004 4.62659979
68.5802002 -22.9157009 -1.80209994
68.4915466 -22.887249 -1.78960001
68.5091553 -22.8645496 0.332100004
68.5224991 -22.8475342 0.484933347
68.4994965 -22.8467007 0.739950001
68.4620514 -22.9343987 0.923750043
68.4834976 -22.8414001 1.31420004
68.5129547 -22.8606491 1.50055003
68.4900589 -22.8973408 1.70796001
68.4296036 -22.8889008 2.4368
68.4648972 -22.7989006 -1.78340006
68.4969482 -22.7366676 0.545750022
68.5016403 -22.7097282 0.67515713
68.5689545 -22.7169495 0.889699996
68.4673996 -22.7784328 1.48599994
68.4590988 -22.7227001 1.755
68.4497528 -22.7098503 2.92224979
68.5574036 -22.6655998 3.11129999
68.4933014 -22.5209999 -1.81079996
68.5046997 -22.5186005 -1.79206669
68.4999008 -22.5307007 0.559000015
68.5826035 -22.4710999 0.623199999
68.5070953 -22.5342331 1.70309997
68.4422989 -22.4323006 2.01250005
68.510025 -22.4790001 2.53570008
68.4798431 -22.5444984 2.72064996
68.5516968 -22.4605007 3.78539991
68.5116501 -22.467701 4.08809996
68.4846497 -22.500351 4.33065033
68.5171509 -22.3372498 -1.81935
68.5348358 -22.2949677 0.484899998
68.5219879 -22.2808552 0.70509088
68.4970551 -22.3003998 0.829900026
68.5540009 -22.3185997 1.72590005
68.4558029 -22.2777996 2.02819991
68.5459976 -22.3670998 2.25289989
68.5081482 -22.2894497 2.48750019
68.4595032 -22.3423996 2.86999989
68.5463028 -22.3439007 3.75320005
68.4905014 -22.2907333 3.88696671
68.4159012 -22.3132 4.15549994
68.4464035 -22.3302994 5.64379978
68.5220032 -22.0643997 -1.82120001
68.4804993 -22.0442009 0.725300014
68.4997253 -22.1349487 0.854174972
68.5842972 -22.1070004 1.30400002
68.5498505 -22.0995998 1.47920001
68.5206451 -22.1435509 1.64359999
68.5453033 -22.0407009 1.98769999
68.4141998 -22.0639992 2.02789998
68.5166473 -22.0812492 2.52729988
68.5034027 -21.8535995 -1.81640005
68.5354462 -21.9173012 1.18124998
68.509903 -21.9246674 1.26339996
68.4326019 -21.9634991 1.55840003
68.5360031 -21.8750992 2.31389999
68.4782028 -21.9232998 2.4282999
68.5046539 -21.7656498 -1.83430004
68.5732651 -21.7193661 1.33136666
68.4965515 -21.7035999 2.44334984
68.4283981 -21.7315998 3.18009996
68.4244995 -21.4951992 -1.81340003
68.5670013 -21.5473995 1.26470006
68.5858002 -21.5703506 1.45235002
68.5174408 -21.4792595 2.52284002
68.4517975 -21.3635006 2.55430007
68.5403976 -21.3726006 2.84910011
68.5083008 -21.0550995 -1.82140005
68.4160004 -21.1914997 2.69950008
68.5081787 -20.8566513 -1.83889997
68.4945984 -20.2248993 -1.87030005
68.4216003 -20.0007 -1.85650003
68.780899 -39.9021988 -1.12300003
68.6480255 -39.6953506 -1.16034997
68.7338333 -39.5703011 -1.17579997
68.7843018 -39.2209015 -1.20229995
68.7279358 -39.3069344 -1.18659997
68.614502 -39.1046982 -1.21029997
68.760498 -39.0461998 -1.1336
68.7335968 -38.8525009 -1.1875
68.6593246 -38.4646263 -1.21972501
68.7039032 -38.5806007 -1.18540001
68.6617966 -38.0974007 -1.21029997
68.7353745 -38.0420227 3.28590012
68.6072998 -38.1671982 3.73530006
68.7201309 -37.9006996 3.1304667
68.6735992 -37.9488678 3.29859996
68.6203995 -37.7559013 -1.22379994
68.71875 -37.7017975 2.88927507
68.6985016 -37.7000008 3.09506679
68.6838989 -37.4949493 1.30708337
68.6856003 -37.4034996 1.40170002
68.706955 -37.4799995 2.9072001
68.700798 -37.4954529 3.1006999
68.6473999 -37.3832016 1.37485003
68.6311035 -37.2492981 1.4145
68.6284027 -37.2252998 2.50990009
68.6838989 -37.3517494 2.90390015
68.6404037 -37.3903008 3.08400011
68.6702652 -37.1025658 1.45720005
68.6648026 -37.0372009 1.63160002
68.7508011 -37.0742493 2.18304992
68.6763 -37.0607681 2.95313334
68.7115479 -36.9066086 1.50162995
68.6667023 -36.8811989 1.72736001
68.686554 -36.8792 1.84100008
68.6869965 -36.8756027 2.89669991
68.7202988 -36.8236008 3.02530003
68.7713013 -36.7927017 1.38639998
68.6621017 -36.7397003 1.53496671
68.6941757 -36.689949 1.68729997
68.6829987 -36.7412987 1.82369995
68.7044983 -36.6763992 2.16880012
68.6781006 -36.773201 2.66799998
68.6975327 -36.7024994 2.85773325
68.686203 -36.7723007 3.03760004
68.6549377 -36.4989319 -1.27083337
68.6417007 -36.578701 1.71220005
68.6753998 -36.4337997 1.98689997
68.7142487 -36.4592514 2.14820004
68.6634064 -36.519249 2.46759987
68.7814026 -36.2941017 1.35300004
68.6957321 -36.2560005 1.47458339
68.6205978 -36.3200989 1.60679996
68.6232986 -36.3190002 2.74009991
68.617897 -36.0749016 -1.29110003
68.7707214 -36.1346512 1.48768747
68.7476196 -36.1348343 1.6913166
68.7640991 -36.1282005 1.88349998
68.7095947 -36.1031494 2.48500013
68.6954041 -36.1613998 2.71080017
68.6374969 -35.8792992 -1.2701
68.7464981 -35.9954987 1.57439995
68.7097015 -35.9291496 2.73115015
68.7055054 -35.6468735 -1.28635001
68.6419983 -35.6682014 2.53239989
68.7220001 -35.6671524 2.73714995
68.7814026 -35.5667 -1.28429997
68.6623993 -35.4297981 2.66919994
68.7236023 -35.3027 -1.31630003
68.6986008 -35.3591003 2.19970012
68.6752014 -35.3209 2.58299994
68.6914978 -35.2383995 2.79859996
68.6789322 -35.0988312 -1.33069992
68.7514038 -34.9438019 -1.31669998
68.7246475 -34.8597488 2.32535005
68.7097015 -34.9119492 2.47870016
68.7837982 -34.9575005 2.8276
68.7258987 -34.7901993 2.43770003
68.6631012 -34.5471001 -1.35090005
68.7198029 -34.4503021 1.30287504
68.7258453 -34.418602 1.42320001
68.725296 -34.5830498 2.69959998
68.6356964 -34.5671997 5.40530014
68.7220993 -34.382 -1.36430001
68.7597961 -34.3762016 1.35660005
68.7542038 -34.3656654 1.46693337
68.6433029 -34.3578987 2.21810007
68.740097 -34.2542496 2.74319983
68.733902 -34.0485992 2.37129998
68.686203 -34.1641998 2.54320002
68.7293015 -34.1791992 2.60179996
68.6735992 -33.9035988 -1.35399997
68.6706314 -33.9427986 1.91776669
68.6565018 -33.8979492 2.14720011
68.7835007 -33.8367996 2.71620011
68.6264038 -33.7944984 2.0065999
68.7074738 -33.6644249 2.36567497
68.6380997 -33.4201012 -1.37989998
68.6892242 -33.5034256 2.31005001
68.6660995 -33.5183983 2.40630007
68.7987976 -33.2030983 -1.34580004
68.6667633 -33.2783661 1.28153336
68.6108017 -33.2636986 1.40079999
68.7058029 -33.2566986 2.09030008
68.7888031 -33.338501 2.3124001
68.7382965 -33.2619476 2.44199991
68.6636963 -33.2742004 2.69519997
68.7938004 -33.020401 -1.38110006
68.611702 -33.1857986 1.32860005
68.6710968 -33.1749001 1.50199997
68.6232986 -33.1805 1.89219999
68.7104034 -32.9567986 -1.38530004
68.6578979 -32.9729004 2.1335001
68.7231979 -32.6240997 2.04410005
68.7237015 -32.6688004 2.3599999
68.6679993 -32.5457001 -1.42639995
68.7687988 -32.5136986 2.12899995
68.6977005 -32.0567665 -1.41183329
68.6309967 -32.0298004 3.20280004
68.6301651 -31.9591331 3.05463338
68.7361984 -31.7086506 -1.4447
68.6764984 -31.6310997 2.91619992
68.6604004 -31.5655003 2.7802
68.6503983 -31.4937 2.8039999
68.7195969 -31.5405006 3.09210014
68.6445999 -31.3686504 -1.44190001
68.6443024 -31.2567997 2.23189998
68.735199 -31.1026993 -1.48329997
68.7178497 -31.047699 1.69075
68.7514038 -31.0822506 2.07714987
68.7806015 -31.1958008 2.24099994
68.7786026 -31.0977001 3.48280001
68.7714005 -30.9967003 -1.48510003
68.6925354 -30.859333 1.71833336
68.7182999 -30.8959007 2.00640011
68.6860046 -30.6474495 1.71484995
68.7879028 -30.7546005 1.93110001
68.6078033 -30.7203999 2.04185009
68.6438675 -30.6834335 3.29273319
68.7481995 -30.5412006 -1.49220002
68.7031021 -30.5177002 1.75349998
68.6639023 -30.5753002 3.6085
68.6781006 -30.4377995 4.57919979
68.7455978 -30.3458004 -1.49389994
68.7034454 -30.0569496 -1.49994993
68.6003036 -29.8101997 -1.51569998
68.7945023 -29.9668007 5.1243
68.7285995 -29.8111992 6.08780003
68.6436005 -29.6979504 -1.5115
68.7963028 -29.6387997 5.07450008
68.6479034 -29.4832993 -1.50594997
68.7544022 -29.5965996 4.65140009
68.6358032 -29.3062496 -1.52474999
68.6259995 -29.3465996 4.56580019
68.7754974 -29.3089008 4.80999994
68.7464981 -29.0118008 3.78649998
68.717598 -29.1184998 4.70530033
68.6182022 -29.0356007 5.0953002
68.6106033 -28.9717007 3.89540005
68.6873016 -28.8073997 4.29400015
68.6597977 -28.8985004 4.52349997
68.7126007 -28.9876995 4.68669987
68.6829987 -28.6047993 -1.60529995
68.6589966 -28.7021008 -1.53929996
68.6763992 -28.6089993 0.564100027
68.7366028 -28.6046009 0.645500004
68.6791 -28.6040993 1.12010002
68.6475983 -28.6159992 1.22280002
68.6179962 -28.7420998 3.74469995
68.6971436 -28.7452011 4.37594986
68.615799 -28.6781998 5.33470011
68.7225952 -28.4815502 -1.54719996
68.6623001 -28.4342995 0.0965000018
68.7167969 -28.5991993 0.370099992
68.6795502 -28.5457497 0.51274997
68.6062012 -28.5729008 0.862100005
68.6327972 -28.5958004 1.13789999
68.6696777 -28.5673504 1.30937505
68.6006012 -28.5245991 1.56019998
68.6461639 -28.4838333 2.11459994
68.6883011 -28.4286995 3.27670002
68.6864014 -28.5126991 3.77010012
68.7279968 -28.5890999 4.14249992
68.6119003 -28.5974007 5.38579988
68.7416 -28.3647003 -1.55320001
68.6724014 -28.3644009 2.19440007
68.6909027 -28.2922001 3.22289991
68.7782974 -28.3153 3.68370008
68.6894989 -28.1331997 -1.58029997
68.7423477 -28.1162987 3.02755022
68.6416016 -28.0375996 3.28390002
68.7289505 -28.0402489 3.46259999
68.6747971 -28.1541004 3.71099997
68.6026001 -28.1753006 3.80979991
68.6959991 -27.9193001 -1.54569995
68.7192993 -27.8894005 2.84369993
68.7120209 -27.8699989 3.06392002
68.6940994 -27.8850403 3.26848006
68.7378998 -27.7945995 -1.60440004
68.7811966 -27.6585007 2.07019997
68.7069016 -27.6049004 2.24799991
68.7012634 -27.6317329 2.89369988
68.6396637 -27.7525997 3.10710001
68.6986008 -27.6522007 3.58349991
68.6662979 -27.4298 2.19959998
68.6670074 -27.467701 2.25154996
68.6099014 -27.5429001 2.89709997
68.6277008 -27.5561008 3.16759992
68.6425476 -27.2852001 1.68054998
68.6987762 -27.2860489 1.88522506
68.728302 -27.3401489 2.3039
68.707901 -27.3707008 2.46199989
68.771698 -27.2985992 2.6493001
68.7526016 -27.3127995 3.48970008
68.6229019 -27.1667004 1.37950003
68.6013031 -27.1700001 1.66079998
68.6107025 -27.1865997 1.98979998
68.6679001 -27.1194 2.13910007
68.7162476 -27.0985985 2.2904501
68.6732025 -27.1494007 2.75
68.6227036 -27.1257992 3.38680005
68.7081985 -26.9489994 -1.63390005
68.6576004 -26.8563995 1.34730005
68.7192993 -26.8761005 1.41799998
68.6423035 -26.9409008 2.10570002
68.6925507 -26.9445992 2.22405005
68.7937012 -26.8012009 2.89289999
68.6716995 -26.7586994 -1.60070002
68.7557983 -26.6622009 2.07069993
68.7742004 -26.4854012 -1.62030005
68.782402 -26.5804005 1.28040004
68.6449966 -26.4906998 2.02220011
68.7879028 -26.5382004 2.86240005
68.6309509 -26.1432991 1.79114997
68.6541977 -26.1891003 1.9145
68.6057968 -26.0771008 2.05719995
68.6662674 -26.0837326 2.68363333
68.7370987 -25.9053001 -1.68803334
68.6028976 -25.9874001 1.35119998
68.672699 -25.9204483 1.44634998
68.7672348 -25.9146996 1.73039997
68.7108994 -25.8673496 2.11189985
68.7826538 -25.7037506 -1.66275001
68.6565323 -25.6872005 1.08039999
68.6833725 -25.6800995 1.338925
68.7295609 -25.7495995 1.48257995
68.7018661 -25.6993656 1.74246669
68.7143631 -25.6995335 1.89769995
68.7702026 -25.7252007 2.00929999
68.7192001 -25.6681004 2.92260003
68.6211014 -25.4034996 0.768299997
68.665802 -25.488224 0.919775009
68.7000351 -25.5312252 1.10887504
68.6768494 -25.5469513 1.2299
68.7652969 -25.5967999 1.43719995
68.681633 -25.5322342 1.66766667
68.679451 -25.4874496 1.84065008
68.7578964 -25.5335007 2.72079992
68.7482452 -25.5229988 2.81519985
68.6789017 -25.3271999 -1.68739998
68.6517029 -25.3603001 0.503400028
68.6288986 -25.3118992 0.612600029
68.7358627 -25.3269672 1.7142334
68.620697 -25.2758007 2.50320005
68.6644974 -25.3066998 2.6091001
68.6018982 -25.0972996 0.639699996
68.6449966 -25.0394993 1.91400003
68.6997528 -25.0317001 2.28289986
68.6875 -25.1825008 2.53069997
68.72435 -24.9942017 2.15569997
68.7410965 -24.7061996 -1.68449998
68.7739029 -24.7786007 1.75100005
68.7011032 -24.5298996 -1.68710005
68.7454071 -24.4997501 1.3908999
68.7520676 -24.520134 1.49870002
68.756897 -24.2619991 -1.72379994
68.7953491 -24.2827492 1.34242499
68.7802505 -24.3300495 1.40794992
68.7629013 -24.3209991 4.08589983
68.6760025 -24.1928997 1.32860005
68.7009506 -24.1942005 1.44114995
68.7343445 -24.0277004 1.76565003
68.7715988 -24.0258007 2.73390007
68.7705002 -24.0484009 3.9124999
68.7180939 -23.9368992 -1.75539994
68.6919479 -23.8300514 6.10529995
68.6020966 -23.6522007 2.40429997
68.6317978 -23.6173 2.61540008
68.7030029 -23.7502003 6.01420021
68.7137985 -23.6718006 6.42519999
68.6330032 -23.2942009 -1.74380004
68.6662979 -23.2269993 0.986999989
68.6589584 -23.2626801 1.10423994
68.7294998 -23.285099 1.27219999
68.6544037 -23.2506008 2.0631001
68.7508011 -23.3066006 2.36809993
68.6557007 -23.3265991 4.41940022
68.6343536 -23.3213997 4.88850021
68.7107468 -23.293251 5.5074501
68.7180939 -23.1319504 -1.78055
68.6271973 -23.0125999 0.776899993
68.6676483 -23.1732483 1.06630003
68.6840973 -23.1342335 1.37143338
68.6263504 -23.0875015 1.43639994
68.6556015 -23.1543999 1.75300002
68.7348022 -23.1483002 1.90559995
68.7910004 -23.1709995 2.52150011
68.600502 -23.1532001 3.78060007
68.7330017 -23.1795006 4.90560007
68.7068939 -23.1649513 5.04769993
68.7046967 -23.0890007 5.82229996
68.7324982 -22.9151001 -1.77160001
68.6654968 -22.8370514 0.535650015
68.7528992 -22.8542995 0.779799998
68.6714478 -22.9296494 0.83739996
68.7005997 -22.9850998 1.14100003
68.7191467 -22.8369503 1.2974999
68.7542648 -22.9018669 1.42176664
68.6701965 -22.8582001 1.75699997
68.7070999 -22.9533005 5.11429977
68.6288986 -22.6903992 -1.78939998
68.6873016 -22.7007999 0.541400015
68.623703 -22.7474003 0.693466663
68.6900024 -22.6723995 1.16289997
68.6966629 -22.7089005 1.44443333
68.6523972 -22.6063004 1.63209999
68.7030029 -22.6363487 2.85109997
68.7166977 -22.6205006 3.0150001
68.6132507 -22.4617996 -1.80419993
68.7180023 -22.4995003 -1.77539992
68.6932983 -22.426651 0.386250019
68.7183762 -22.4815998 0.528625011
68.6972351 -22.475666 0.716866672
68.7137375 -22.4860668 0.909166694
68.7427063 -22.4660492 1.13884997
68.7337036 -22.5571003 1.40009999
68.629303 -22.5606995 1.6444
68.6244965 -22.5865993 3.20609999
68.7289505 -22.5219002 3.898
68.6471024 -22.5084 4.04360008
68.6076965 -22.5326004 4.27370024
68.6804962 -22.5133991 4.98029995
68.6821976 -22.2180996 -1.81009996
68.6607971 -22.2031994 -1.77559996
68.7566986 -22.2770004 0.366100013
68.6857605 -22.3148365 0.514036357
68.7222977 -22.3389339 0.693199992
68.7493973 -22.3411007 0.962800026
68.7080536 -22.3576508 1.0701499
68.6968536 -22.3191986 1.30589998
68.6779022 -22.3622513 1.51469994
68.6213989 -22.2863998 1.64954996
68.6001968 -22.3787994 1.87520003
68.7266998 -22.2633991 2.12579989
68.6608734 -22.3563499 2.34247494
68.7197037 -22.2334003 2.5381999
68.756897 -22.2283993 3.02780008
68.7942963 -22.2045002 3.20420003
68.6436996 -22.2982998 5.40630007
68.7522964 -22.1406002 -1.81879997
68.7955017 -22.1268997 -1.79990005
68.7263031 -22.1674004 0.64200002
68.6303635 -22.0876999 1.12016666
68.6361008 -22.1903992 1.55280006
68.7059479 -22.1417999 1.94015002
68.6079025 -22.1187 3.12420011
68.7898026 -22.0534 4.34600019
68.6235962 -21.8248005 -1.82120001
68.6914368 -21.8802795 1.11513996
68.6984787 -21.8745499 1.23224998
68.6241989 -21.9269009 1.55480003
68.6362991 -21.8055992 2.33940005
68.7361984 -21.8859997 2.44770002
68.6985397 -21.7243195 1.07318997
68.7053223 -21.6892338 1.2899667
68.7029037 -21.7014008 2.24040008
68.6705017 -21.6072998 2.50909996
68.6053696 -21.4690666 -1.86133337
68.6455994 -21.5664997 1.3154
68.6676407 -21.5515995 1.46819997
68.668602 -21.5916004 2.70819998
68.6416473 -21.2554512 -1.84949994
68.7378006 -21.2166996 -1.78320003
68.7888031 -21.3969002 2.52659988
68.6746521 -21.1289253 -1.84077501
68.7177963 -20.9843006 -1.84350002
68.7503967 -20.7576008 -1.83930004
68.7510529 -20.5281487 -1.8664
68.6690979 -20.2441006 -1.88380003
68.7544022 -20.1124001 -1.86230004
68.8119965 -39.7058983 -1.13429999
68.8121033 -39.4337006 -1.16799998
68.9649963 -39.3555527 -1.15689993
68.8640976 -38.8483009 -1.20990002
68.8080978 -38.9726982 -1.17680001
68.9326019 -38.6862984 -1.19910002
68.9754028 -38.2354507 2.51815009
68.891861 -38.0589333 3.13610005
68.9259033 -38.0838013 3.27710009
68.8930664 -37.9526672 3.079
68.8663254 -37.7022438 2.95241427
68.944603 -37.7951012 3.02839994
68.896698 -37.4034996 2.72189999
68.8978348 -37.4727325 2.87680006
68.9268036 -37.2476006 2.08089995
68.8756027 -37.2710991 2.3512001
68.9585037 -37.3636017 2.57310009
68.9059982 -37.2658997 2.67444992
68.8664322 -37.3178673 2.90065002
68.8210983 -37.043499 1.31140006
68.9028473 -37.0606995 1.44494998
68.9427338 -37.075798 2.1195333
68.9313965 -37.1722984 2.30380011
68.8444748 -37.1059265 2.85817504
68.9272003 -36.9311981 1.35889995
68.8618622 -36.9073982 1.48960006
68.9521027 -36.8274994 1.62810004
68.9885025 -36.9370003 1.83860004
68.9358673 -36.900898 2.71073318
68.8899536 -36.8299484 2.83314991
68.9530029 -36.6776009 -1.28320003
68.927597 -36.6637001 2.62319994
68.921402 -36.4350014 1.86440003
68.9196014 -36.4580002 2.06839991
68.8848038 -36.2005005 1.32459998
68.8233032 -36.2626495 1.49855006
68.83535 -36.2967987 1.74449992
68.8246994 -36.3032646 1.9434334
68.8525009 -36.2228012 2.11789989
68.8689499 -36.3134499 2.72814989
68.8868027 -36.1122398 1.34169996
68.8838577 -36.0937996 1.47535455
68.9081573 -36.0523605 1.71881998
68.8156967 -36.1697998 2.74860001
68.8569031 -35.9450989 1.52559996
68.9207001 -35.9508018 1.73210001
68.9726486 -35.9211998 1.84305
68.9757996 -35.9972992 2.56010008
68.8267975 -35.9047012 2.76850009
68.819397 -35.8003998 2.84599996
68.9076996 -35.6393013 -1.26479995
68.9583511 -35.6842499 2.09179997
68.8780518 -35.7310486 2.65834999
68.8741989 -35.6431999 2.81500006
68.9604492 -35.4505501 -1.30614996
68.9457016 -35.5469017 2.5934999
68.9055023 -35.4910011 2.8433001
68.9479675 -35.2570992 -1.3222667
68.8472977 -35.2126007 2.73110008
68.9588013 -35.1156502 1.25274992
68.9885483 -35.1322021 1.93379998
68.9682999 -35.1477013 2.01029992
68.8749008 -35.1389008 2.76880002
68.8439026 -35.1747017 2.81459999
68.8862305 -34.8752975 -1.3281666
68.8814697 -34.8878326 2.7184
68.8702011 -34.9065018 2.85599995
68.9344482 -34.6481018 -1.32375002
68.9996033 -34.7005997 1.42069995
68.9517517 -34.7375755 2.86455011
68.8432999 -34.4328003 1.38489997
68.9737549 -34.469101 1.50769997
68.8403015 -34.5018005 2.80730009
68.9294968 -34.3558998 1.39670002
68.8702011 -34.3655167 1.51239991
68.9216919 -34.3111992 1.67541671
68.8969498 -34.2693748 2.70387506
68.8887634 -34.1104355 2.52666664
68.9472046 -34.0778999 2.62755013
68.8532028 -33.8750992 -1.37940001
68.8887024 -33.7484665 2.37940001
68.8843002 -33.7021484 2.46149993
68.8852692 -33.4514999 2.32256675
68.8820038 -33.387001 2.36999989
68.8251038 -33.3825989 2.45709991
68.9761963 -32.801899 -1.38520002
68.8000031 -32.928299 2.18729997
68.9459534 -32.6994514 -1.41400003
68.9769974 -32.6671982 -1.38419998
68.8282013 -32.6609993 1.83539999
68.9621964 -32.4346008 -1.38320005
68.8548965 -32.5549011 1.97449994
68.8361511 -32.4977493 2.07929993
68.9643021 -32.5245018 2.33529997
68.9590988 -32.4207001 2.53740001
68.8733978 -32.3376007 -1.37829995
68.9583435 -32.3377991 2.04449987
68.9057007 -32.2672005 2.3828001
68.9044952 -32.1786499 2.45865011
68.9459 -31.9039001 -1.44535005
68.9182968 -31.8423004 2.53670001
68.896347 -31.852951 2.72265005
68.9857025 -31.5325508 -1.44164991
68.9154053 -31.4343987 1.82585001
68.8555984 -31.5492001 3.12669992
68.9735031 -31.3889999 -1.45669997
68.9247971 -31.0669994 -1.449
68.960495 -31.0530014 1.56169999
68.9881973 -31.0277996 1.96449995
68.9355011 -31.0674 2.2276001
68.854599 -31.1910992 2.43600011
68.9723969 -30.9724007 1.56029999
68.9137497 -30.9271011 1.65474999
68.8062973 -30.8024006 1.88010001
68.8775482 -30.6285496 -1.47665
68.8274994 -30.7381516 1.77950001
68.802597 -30.6891994 2.33189988
68.9378052 -30.7219009 3.55275011
68.881546 -30.4092999 -1.50425005
68.9156036 -30.5394001 1.96609998
68.9239273 -30.3089752 -1.47757506
68.8326492 -30.0771999 -1.47860003
68.8066025 -30.1224995 5.20130014
68.9533005 -29.9003506 -1.50685
68.8932037 -29.9284992 5.14639997
68.8133011 -29.6327 5.00829983
68.850502 -29.7619991 5.89989996
68.9505997 -29.2607994 4.80999994
68.8579025 -28.8759995 -1.50829995
68.8266983 -28.6159 0.821099997
68.9651031 -28.5344505 -1.50615001
68.9228973 -28.5986996 0.445800006
68.8918991 -28.4765396 2.26573992
68.9651031 -28.4211006 4.04530001
68.8582993 -28.3855991 -1.54180002
68.8605042 -28.3856506 2.2874999
68.9033966 -28.3076 3.5401001
68.9603958 -28.1620007 -1.56053329
68.8526001 -28.0063 2.92939997
68.8509979 -28.0002003 3.28069997
68.8443985 -28.0020008 3.43530011
68.9414978 -28.0837002 3.7191
68.8405991 -28.0835991 4.03609991
68.8804016 -27.9881992 -1.55949998
68.8427963 -27.9722004 3.01189995
68.990799 -27.8290997 3.46289992
68.9201965 -27.8878994 3.76719999
68.9643021 -27.7612991 -1.56840003
68.8095016 -27.6179008 1.71790004
68.9138031 -27.6830997 2.18729997
68.8918991 -27.6815491 2.29955006
68.8526993 -27.6362991 2.69700003
68.8562012 -27.7416992 2.86910009
68.8767014 -27.6138 3.37150002
68.8202972 -27.7724991 3.7565999
68.8897324 -27.4870338 -1.5916667
68.8932037 -27.4640999 2.96630001
68.9396973 -27.5198002 4.1415
68.9513016 -27.2208004 -1.59800005
68.9029541 -27.3411503 2.84765005
68.9832001 -27.0833015 -1.5704999
68.9794006 -27.0923996 2.16219997
68.9047012 -27.0636005 2.39409995
68.9686966 -27.0512009 2.78699994
68.9228516 -26.8818512 1.4928
68.9095001 -26.9836998 2.39389992
68.8254013 -26.9764996 2.51020002
68.8079987 -26.9699993 2.87809992
68.8617554 -26.6721497 -1.62120008
68.8679657 -26.7350674 1.33273327
68.9221039 -26.7708492 1.48705006
68.9685974 -26.7621994 1.88180006
68.8791046 -26.673851 2.1166501
68.8432999 -26.6709995 2.20050001
68.9200974 -26.5813007 1.22710001
68.9099503 -26.5661011 2.04764986
68.8786011 -26.4652004 4.78849983
68.9545975 -26.5743999 4.95529985
68.8752975 -26.2765999 -1.61479998
68.8634033 -26.0905991 -1.65470004
68.9114685 -26.0851002 1.96406674
68.9654999 -26.0363007 2.24169993
68.8809967 -26.0261497 2.68204999
68.8992004 -26.0690002 3.4769001
68.9417038 -25.9472008 -1.66600001
68.9499969 -25.8498993 1.51859999
68.8537521 -25.8083992 1.75550008
68.8612976 -25.887249 2.03432512
68.9894028 -25.8505001 2.83260012
68.9741974 -25.6773491 -1.66915011
68.8178482 -25.7388 1.27629995
68.8610001 -25.6737995 1.56920004
68.9169998 -25.6637993 1.74119997
68.854599 -25.6749496 1.92040002
68.9513016 -25.6692505 2.29815006
68.9988022 -25.7800999 2.92070007
68.918602 -25.5911007 -1.65830004
68.8396454 -25.5057487 2.15540004
68.9049988 -25.4883003 5.20419979
68.8833008 -25.3295002 -1.69289994
68.9329681 -25.3477993 1.97183335
68.8440018 -25.0666008 -1.6875
68.9655991 -25.1389999 2.08870006
68.8937988 -25.1422005 2.20659995
68.9239044 -24.9489002 2.24644995
68.9978027 -24.8465996 2.51399994
68.8627319 -24.6630993 -1.70459998
68.9701996 -24.7733994 1.78659999
68.9925003 -24.7766991 1.83860004
68.9399033 -24.6875992 2.09170008
68.9016495 -24.5123997 -1.72985005
68.8305664 -24.4865341 1.32523334
68.8621674 -24.3267326 -1.71383333
68.8386993 -24.2664661 1.29636669
68.8103027 -24.1592999 1.31620002
68.8049011 -24.0305004 1.77190006
68.9850006 -24.0168991 2.79320002
68.8531036 -24.1028004 2.80879998
68.8977509 -23.8787003 -1.72955
68.8542023 -23.7478008 -1.74010003
68.824646 -23.5046997 -1.75870001
68.9710007 -23.4916 4.42549992
68.9094009 -23.3069496 -1.77565002
68.8727646 -23.2891998 1.33299994
68.9151459 -23.3256493 2.1707499
68.9505997 -23.2217999 2.47289991
68.9616013 -23.3036003 2.63700008
68.9208984 -23.3248997 4.8112998
68.8070984 -23.1821003 0.94749999
68.9024963 -23.1690331 1.26863337
68.9838028 -23.0384007 1.71060002
68.8444977 -23.1354008 2.13199997
68.9105988 -23.1299 2.32189989
68.8973999 -23.1370506 4.82439995
68.9347992 -23.0834007 5.50810003
68.9973984 -22.9759007 -1.80340004
68.8805542 -22.8976498 -1.79270005
68.8373489 -22.911499 0.775650024
68.9298477 -22.9388008 0.806699991
68.8843536 -22.9517002 1.13429999
68.8042984 -22.8460999 1.36530006
68.8899002 -22.8511333 1.51333332
68.8829041 -22.9081993 1.65840006
68.9170532 -22.8727989 4.91615009
68.9743958 -22.6807499 0.57280004
68.9131317 -22.7213669 0.670433342
68.839798 -22.6965485 0.942849994
68.9029999 -22.6611004 1.1178
68.8024979 -22.6665001 1.30690002
68.9300537 -22.7098007 1.47090006
68.8395004 -22.7408009 1.67359996
68.9545975 -22.6378002 4.16629982
68.8393021 -22.4200993 0.344099998
68.9029999 -22.5678005 0.554700017
68.8916702 -22.4817505 0.673116684
68.9085617 -22.4759197 0.908840001
68.884201 -22.4733009 1.08306003
68.9135971 -22.4691677 1.33309996
68.9737015 -22.5223999 1.40639997
68.9358978 -22.4099998 2.63120008
68.8869019 -22.4456005 3.7025001
68.8723984 -22.5969009 3.81579995
68.9889984 -22.3442001 -1.82509995
68.8374023 -22.3903999 0.522499979
68.9401703 -22.3188667 0.670033336
68.8641052 -22.3714504 0.871100008
68.9819641 -22.3734322 1.08833337
68.820549 -22.291851 1.34085
68.9946976 -22.2206993 3.92569995
68.9361343 -22.3411331 5.28323317
68.9030991 -22.1378002 0.884800017
68.8030014 -22.1816998 1.09469998
68.9496002 -22.1504993 2.6875999
68.9044189 -22.1328506 2.93088341
68.9977036 -21.9787998 -1.82650006
68.9997025 -21.8096008 -1.72580004
68.8412018 -21.8164005 1.13450003
68.9196014 -21.9927006 3.63910007
68.9553986 -21.9514999 3.83979988
68.8908997 -21.7069511 1.15094995
68.9064026 -21.6350994 1.36590004
68.876503 -21.6791668 2.86773324
68.9856033 -21.4647007 2.79649997
68.9336014 -21.3554993 -1.8312
68.9223938 -21.3691502 2.83295012
68.8690033 -21.1721992 -1.82350004
68.9421997 -20.7162991 -1.86570001
68.8187027 -20.2651005 -1.85239995
68.868103 -20.1889992 -1.9109
69.0881958 -39.9620972 -1.14205003
69.139801 -39.7165985 -1.16970003
69.1031342 -39.4785004 -1.16576672
69.1301346 -39.2681351 -1.1693666
69.0503998 -39.1461983 -1.17159998
69.086998 -38.8535995 -1.18889999
69.1425018 -38.668602 -1.21975005
69.0585022 -38.6057014 -1.199
69.1540985 -38.4795532 -1.19525003
69.0623474 -38.2192993 2.48834991
69.1606979 -38.2430992 3.02880001
69.1070023 -38.2332993 3.31579995
69.1930008 -38.1516991 -1.20089996
69.0727997 -38.1899986 2.3822
69.068428 -38.0943985 2.45564985
69.1436005 -38.1410522 2.76705003
69.1095505 -38.1040993 2.91702509
69.0755005 -38.1261978 3.07089996
69.081398 -38.1602325 3.26040006
69.1964035 -37.8695984 -1.18789995
69.1008987 -37.949501 2.96620011
69.0238495 -37.9451981 3.06194997
69.1018524 -37.6886978 -1.2493
69.1283646 -37.6987648 2.5424335
69.1381989 -37.7203979 2.69499993
69.0354309 -37.7385674 2.91556668
69.1007004 -37.4566002 2.52979994
69.0289993 -37.4025002 2.76029992
69.0115967 -37.4049988 2.81049991
69.1112976 -37.3160019 -1.26450002
69.0674362 -37.3083649 2.12026668
69.1423035 -37.303299 2.25810003
69.001297 -37.3249016 2.52640009
69.1154022 -37.2951508 2.73194981
69.1776962 -37.1206017 2.36479998
69.0246964 -37.0784988 2.55819988
69.1632004 -37.0219994 2.68860006
69.0699997 -36.9528999 1.71889997
69.0681992 -36.9696503 1.88715005
69.0421982 -36.9460983 2.60489988
69.0130005 -36.9737015 2.83159995
69.1710968 -36.7224998 2.56599998
69.1261978 -36.7186508 2.61785007
69.033699 -36.4670982 -1.2773
69.1495514 -36.4964523 2.16365004
69.1229019 -36.5926018 2.80480003
69.1194 -36.2815742 -1.26695001
69.0357971 -36.2126999 1.76310003
69.0730972 -36.3732986 1.95539999
69.0838013 -36.3259354 2.08819985
69.1408005 -36.3368988 2.61190009
69.0832977 -36.1866989 -1.29059994
69.04673 -36.0867004 1.54936671
69.0793457 -36.1150513 1.74755001
69.1606979 -36.0891991 1.8046
69.146965 -36.0937347 2.06030011
69.0134964 -36.0346985 2.60349989
69.0524521 -35.8995514 -1.27480006
69.1026993 -35.8839989 1.55330002
69.1015244 -35.8806 1.73975003
69.0563812 -35.9251595 1.90618002
69.0627975 -35.983799 2.52940011
69.0672455 -35.7642975 -1.27830005
69.1203613 -35.7370491 1.51053751
69.1267014 -35.6607018 1.62479997
69.1656036 -35.7044983 2.54970002
69.0686951 -35.6099014 2.65490007
69.0832977 -35.5008507 -1.29544997
69.1044006 -35.4555016 2.75690007
69.0170975 -35.2201996 -1.26069999
69.1507034 -35.2476997 1.31340003
69.0632019 -35.2261009 2.1098001
69.1747971 -35.3619003 2.52950001
69.0891266 -35.0367737 -1.32222497
69.1053009 -35.1100159 1.15481424
69.0908966 -35.1270981 1.25750005
69.1657028 -35.0862999 1.4454
69.0771484 -35.1698494 1.97885001
69.1028976 -35.0117989 2.76959991
69.0727005 -35.0168991 2.84389997
69.1125031 -34.9331512 -1.33275008
69.0945816 -34.883934 1.36664999
69.1349792 -34.8597488 1.49536669
69.1378021 -34.9751015 2.81850004
69.0743027 -34.7657013 -1.31560004
69.0817032 -34.7181015 1.33150005
69.1206512 -34.7449989 1.49734998
69.1519012 -34.7262001 1.65390003
69.1537476 -34.6525993 1.93025005
69.1240005 -34.6694984 2.47849989
69.1558685 -34.704567 2.63053322
69.0541 -34.6203003 5.59749985
69.0453339 -34.5425682 -1.34783328
69.0246964 -34.5993004 1.36940002
69.0375977 -34.4584999 1.52894998
69.0570984 -34.4284515 1.72934997
69.0938644 -34.5056343 1.9176333
69.111351 -34.5154495 2.14269996
69.0917969 -34.5241013 2.21090007
69.1135712 -34.5307503 2.70515013
69.1812973 -34.5236015 2.81489992
69.1825027 -34.2913017 -1.30669999
69.0442734 -34.3238258 1.85214996
69.1811523 -34.3293495 2.08474994
69.0970001 -34.2995987 2.26939988
69.1896973 -34.3655014 2.79590011
69.0722046 -34.115448 -1.36494994
69.197998 -34.0353012 2.52959991
69.1494446 -34.1465988 2.70050001
69.0966034 -34.0797997 3.14759994
69.0466995 -33.9079514 -1.38034999
69.0840454 -33.8359489 2.55299997
69.1489487 -33.9416504 2.62300014
69.1082993 -33.7006989 -1.35890007
69.0998535 -33.6240005 2.35284996
69.1417007 -33.6578979 2.51695013
69.0429993 -33.5587006 2.33570004
69.0677032 -33.2112999 -1.40050006
69.1116028 -33.3286018 -1.35699999
69.0049973 -33.3858986 3.02579999
69.1278992 -33.1946983 -1.40020001
69.1565018 -33.1950989 2.40070009
69.0776367 -32.9213333 -1.41700006
69.0251999 -32.9864006 -1.33700001
69.1199646 -32.8596992 2.12773323
69.1228943 -32.9480515 2.24545002
69.1324997 -32.7442017 2.12899995
69.0421982 -32.4728012 -1.42690003
69.1137009 -32.4706001 1.99100006
69.0641022 -32.5688019 2.10319996
69.0831985 -32.421402 2.30250001
69.111702 -32.3482513 -1.40735006
69.0471649 -32.3391991 2.27996659
69.0155029 -32.2148018 2.47219992
69.0865021 -32.2162018 2.92560005
69.1173019 -32.2366982 3.00029993
69.0695496 -32.1308517 -1.40349996
69.0529022 -32.0259018 -1.36310005
69.0796967 -32.0536003 2.29870009
69.065155 -32.1086998 2.46535015
69.1250992 -32.1111984 2.76670003
69.1155014 -31.9099007 -1.41489995
69.1170959 -31.9856491 2.4379499
69.0950012 -31.7399998 -1.44570005
69.1533966 -31.6301994 1.84905005
69.1087036 -31.6297493 2.09280014
69.1892014 -31.6935005 2.41479993
69.1335983 -31.5783997 -1.41050005
69.0959015 -31.4211006 1.49230003
69.1310501 -31.5945511 1.95795
69.1855011 -31.5730991 2.03909993
69.1300964 -31.364151 1.546
69.121994 -31.3129005 1.71595001
69.1039963 -31.2978668 1.90180004
69.1136475 -31.2774506 2.25535011
69.0719986 -31.3323994 3.11890006
69.0618973 -31.2166004 3.72919989
69.0540237 -31.0762749 -1.45910001
69.0883026 -31.0522003 1.58969998
69.0904007 -31.0552006 1.65034997
69.1938019 -31.0727997 1.97790003
69.1399765 -31.1359196 2.09337997
69.0630493 -30.9482002 1.54820001
69.0848007 -30.9729004 1.65419996
69.1161957 -30.9235001 1.89380002
69.1110001 -30.8766994 2.00419998
69.0587006 -30.9473991 2.39770007
69.0460968 -30.7479992 -1.48549998
69.1900024 -30.7315998 1.56060004
69.1956024 -30.6077003 1.71720004
69.0886993 -30.6637001 1.93266666
69.1011963 -30.4922009 -1.48790002
69.0024033 -30.5713005 1.69860005
69.1038055 -30.2744999 -1.49705005
69.0169983 -30.0618 -1.51769996
69.0488968 -30.1100006 5.26709986
69.1136017 -29.7452011 -1.51180005
69.0139999 -29.6368008 4.94110012
69.1400986 -29.7056007 5.09870005
69.1745987 -29.4181004 4.83839989
69.0477982 -29.2978992 -1.53779995
69.143898 -29.1064491 -1.51894999
69.0672989 -29.0585995 4.73750019
69.0976639 -28.8602657 -1.5497334
69.1050491 -28.6447487 -1.5582
69.0378036 -28.7686005 4.41419983
69.0361023 -28.4435997 3.99300003
69.1485977 -28.5555 4.19780016
69.0608673 -28.3389339 -1.56603336
69.1579971 -28.3624992 4.05149984
69.030899 -28.0856991 -1.55840003
69.1016998 -28.1236992 3.75710011
69.1800003 -28.1921997 3.83780003
69.0759964 -27.8446007 -1.57599998
69.1147995 -27.8648987 3.06625009
69.1218338 -27.8244343 3.49250007
69.1497955 -27.9376507 3.6875999
69.0014038 -27.6989002 -1.57579994
69.1128998 -27.6550999 1.95780003
69.1548996 -27.7772007 2.53369999
69.1287003 -27.6889 2.72300005
69.1452026 -27.7684994 2.84489989
69.1766968 -27.6873016 3.09894991
69.0399323 -27.5322323 -1.57799995
69.1977005 -27.5303993 1.93889999
69.0561981 -27.4207001 2.54979992
69.1222992 -27.4106998 2.9526
69.0009003 -27.4799995 3.00020003
69.1015472 -27.3063507 -1.61870003
69.1906967 -27.3999004 2.96000004
69.1014481 -27.1173 -1.63069999
69.1731033 -27.0632992 -1.59329998
69.1304016 -27.0314999 2.14450002
69.0518036 -27.1865997 2.98810005
69.105896 -26.8755493 -1.61625004
69.0491028 -26.8959007 -1.59420002
69.0942535 -26.8761005 2.27750015
69.0202026 -26.7772007 -1.62769997
69.0410995 -26.6487999 1.13755
69.0587006 -26.6161995 1.27950001
69.1362534 -26.7457008 1.49415004
69.0481491 -26.5371513 1.15335
69.1076965 -26.5303001 1.28869998
69.0229034 -26.5627995 2.15140009
69.0391998 -26.3241005 -1.65250003
69.1539993 -26.3195 1.3276
69.1735992 -26.0778999 -1.64205003
69.0152969 -26.0272007 2.09170008
69.0113983 -25.8983994 1.88534999
69.0074005 -25.8544006 2.8591001
69.1596985 -25.2742004 -1.68610001
69.1930008 -25.0449009 2.99690008
69.0624008 -24.8306999 1.80289996
69.0363007 -24.9022999 2.40039992
69.0923004 -24.8742008 2.80640006
69.047699 -24.7315006 1.74000001
69.0766983 -24.7320004 2.51410007
69.1659012 -24.5765991 2.53489995
69.0503006 -24.2639503 2.00370002
69.0157013 -24.0792999 -1.74880004
69.0894012 -23.9526005 -1.70959997
69.0361481 -23.691 -1.76849997
69.163147 -23.7129993 2.55964994
69.1512985 -23.4216995 1.36829996
69.1981964 -23.5573006 1.40740001
69.044899 -23.5764008 2.65370011
69.1060028 -23.3029003 -1.77219999
69.0605011 -23.2364006 1.1638
69.160553 -23.3474998 1.31959999
69.1307983 -23.3547993 1.43169999
69.115097 -23.2166004 1.93990004
69.0859985 -23.2404995 2.04310012
69.0253983 -23.3593006 4.50229979
69.1461487 -23.1692009 -1.77649999
69.1049957 -23.1311493 1.09595001
69.1197968 -23.1466007 1.37109995
69.0223999 -23.1012001 1.75530005
69.1557999 -23.1518002 1.9071666
69.156601 -23.0840988 4.72105026
69.0942535 -22.8632011 0.919799984
69.0588379 -22.8671665 1.48566663
69.0873032 -22.8677998 2.14899993
69.1872025 -22.9696999 4.91569996
69.0037003 -22.7322998 -1.77429998
69.0090027 -22.6368008 0.54400003
69.0744019 -22.6348 0.690500021
69.1884995 -22.7488995 0.862900019
69.0619965 -22.7429752 1.29237497
69.0411987 -22.6576996 1.65470004
69.1063004 -22.6021996 3.44659996
69.0516968 -22.688633 4.07373333
69.1892014 -22.7119999 4.8684001
69.072731 -22.6574001 5.7682333
69.1693649 -22.6770992 5.89433336
69.0454025 -22.5788002 -1.78770006
69.1026993 -22.46908 0.549239993
69.0670013 -22.4668674 0.679449975
69.0832977 -22.4563007 0.877399981
69.0341644 -22.4459667 1.06996667
69.0754242 -22.4099751 1.24797499
69.1430969 -22.4953003 1.47379994
69.1492004 -22.5604992 1.68200004
69.1477966 -22.5627995 3.46309996
69.0323029 -22.4748001 4.91760015
69.1015015 -22.4029999 5.75169992
69.0690994 -22.4957008 6.10169983
69.1983032 -22.3738003 -1.80659997
69.052803 -22.3773994 -1.79270005
69.0561981 -22.380249 0.612949967
69.1828995 -22.2971992 0.863900006
69.1288986 -22.3512001 1.12380004
69.1828003 -22.3864994 1.30350006
69.1828003 -22.2052994 2.49580002
69.0907974 -22.2560997 2.94630003
69.1463013 -22.2964993 3.47350001
69.1029968 -22.3555489 3.66949987
69.1190033 -22.2937012 4.29339981
69.1259995 -22.3376999 5.03499985
69.1825027 -22.3162003 5.22109985
69.0604019 -22.0346508 -1.82200003
69.183403 -22.1067009 1.1516
69.104599 -22.0345001 1.33179998
69.0586014 -22.0853004 3.66549993
69.1257019 -22.132 3.99970007
69.0302963 -22.1917 4.02510023
69.0186996 -22.0867996 4.33279991
69.1824036 -22.0084991 5.20559978
69.0618973 -21.8124008 -1.82720006
69.1906967 -21.9155998 0.905700028
69.1284943 -21.8555489 2.55824995
69.0210037 -21.9498997 3.72749996
69.1433029 -21.9643993 5.25400019
69.1854477 -21.7248993 -1.82015002
69.185997 -21.7271996 -1.79809999
69.1913986 -21.7355995 0.878099978
69.1322479 -21.5049496 0.913699985
69.1318359 -21.5064011 1.12647998
69.0527954 -21.5467243 2.69807506
69.151001 -21.5337334 3.06620002
69.1947021 -21.2493 0.929400027
69.1925507 -21.2588005 3.07595015
69.1353455 -21.1420994 -1.84070003
69.1391983 -21.1798 0.920300007
69.0269012 -20.7761993 -1.85090005
69.0541992 -20.3988991 -1.8635
69.1994019 -20.1853008 -1.87370002
69.3022003 -39.7925987 -1.13329995
69.3232498 -39.5083504 -1.16974998
69.2781982 -38.9994011 -1.18350005
69.3300018 -38.6761513 -1.21315002
69.2158966 -38.4403992 -1.22479999
69.3816986 -38.2308006 2.36870003
69.3317032 -38.2911987 2.42565012
69.2525482 -38.2958527 3.12120008
69.3466034 -38.0234985 1.82050002
69.3171005 -38.0335007 2.34960008
69.3157806 -38.0863991 2.44455004
69.3223648 -38.0546684 2.72633338
69.2796478 -38.1375618 2.9225626
69.3401031 -37.8717995 -1.20749998
69.3388977 -37.8818665 1.7567333
69.3567505 -37.8674011 1.81080008
69.2928009 -37.9648018 2.51079988
69.3291016 -37.8880005 2.68849993
69.2267456 -37.8109512 2.83415008
69.2064972 -37.7667007 -1.24619997
69.3443985 -37.6896362 1.75399995
69.2465973 -37.6748009 1.82620001
69.368103 -37.7868004 2.3973999
69.2467957 -37.7037506 2.43965006
69.2395477 -37.6855469 2.84175014
69.3562698 -37.5322685 1.74590003
69.303299 -37.5371742 1.89674997
69.3460999 -37.5000992 2.29889989
69.2449646 -37.5050659 2.44260001
69.2374573 -37.5196991 2.66755009
69.2703018 -37.4883003 2.82999992
69.280098 -37.282299 -1.25080001
69.3863983 -37.2541008 -1.14810002
69.3077469 -37.2428169 1.49779999
69.3199005 -37.3045998 1.75320005
69.3668976 -37.3281021 1.92210007
69.3013992 -37.3278999 2.43319988
69.3224335 -37.0721664 -1.25336671
69.3766479 -37.1827469 1.56760001
69.3238297 -37.1492996 1.6279
69.3751678 -37.1646004 1.86989999
69.3058929 -37.1383972 2.28569984
69.2904968 -37.0397987 2.44269991
69.2759018 -37.0242004 2.61199999
69.375 -36.9305992 1.59300005
69.2728348 -36.8690338 1.68885005
69.2838287 -36.9190979 1.89283335
69.2534943 -36.8782005 2.09595013
69.302597 -36.9512482 2.54635
69.3596725 -36.6940498 1.56377494
69.274231 -36.7464676 1.73633337
69.3384552 -36.6950989 2.16444993
69.2787247 -36.7285995 2.66692495
69.2115021 -36.7529984 2.88770008
69.2913971 -36.7863007 3.07430005
69.3690033 -36.4012985 0.987800002
69.3516006 -36.4172516 1.08977497
69.2905502 -36.4121475 1.24175
69.3984985 -36.493 1.55680001
69.2246017 -36.405201 2.16759992
69.240303 -36.4487991 2.27110004
69.2576981 -36.4510498 2.49084997
69.2301025 -36.4286995 2.6170001
69.2373047 -36.3237991 -1.25955009
69.3496246 -36.3368759 1.12692499
69.3797684 -36.2975349 1.23683333
69.3229828 -36.2633209 1.54693997
69.335495 -36.2899475 1.66260004
69.3086014 -36.3103027 2.0299499
69.2179031 -36.2597008 2.32969999
69.3831024 -36.2602997 2.46169996
69.2382965 -36.1595993 1.70609999
69.2826004 -36.1145325 1.84276664
69.2203979 -36.1281013 2.14919996
69.3428497 -36.0732498 2.39205003
69.2137985 -36.1090012 2.46539998
69.27565 -35.8953514 1.91464996
69.2608337 -35.9502983 2.06286669
69.2915955 -35.9192505 2.27715015
69.2140961 -35.8355026 2.5447998
69.3191986 -35.6417007 -1.27629995
69.2554016 -35.7873001 2.34190011
69.300354 -35.6532974 2.44875002
69.2830963 -35.5253983 -1.28139997
69.3723984 -35.4365997 1.39549994
69.3970032 -35.4070015 1.68970001
69.3735962 -35.4585991 2.05830002
69.2740021 -35.52145 2.55070019
69.289238 -35.255619 1.29346001
69.3291626 -35.2905006 1.48549998
69.3197327 -35.3134346 1.7274667
69.3255463 -35.2407494 1.89120007
69.3061523 -35.2601013 2.04274988
69.3294525 -35.3255997 2.36529994
69.3121033 -35.2770996 2.48635006
69.2916336 -35.1632309 1.24603331
69.2879333 -35.0806351 1.48933327
69.2620544 -35.1178017 1.85969996
69.3057022 -35.1654015 2.18770003
69.3992996 -35.1497993 2.57590008
69.3461456 -35.0411987 2.62244987
69.2153015 -35.1341019 3.02719998
69.3298492 -34.8485489 1.48699999
69.3299179 -34.8931808 1.70024002
69.2250977 -34.8394012 1.83389997
69.3749008 -34.9982986 2.43350005
69.2985992 -34.9190979 2.65619993
69.2523499 -34.7658501 1.66285002
69.2770004 -34.7328987 1.88999999
69.2347031 -34.6397018 2.03360009
69.3269958 -34.6826019 2.45109987
69.2679977 -34.5331993 -1.36530006
69.3000488 -34.5803528 1.68334997
69.3251953 -34.4742012 1.86524999
69.3307037 -34.5026016 2.30135012
69.3698502 -34.5873489 2.53084993
69.2393951 -34.5295486 2.68449998
69.2342987 -34.407299 2.83850002
69.2738495 -34.3492966 -1.36260009
69.3083878 -34.2832451 2.52008581
69.3004456 -34.3070984 2.75274992
69.3977966 -34.0760994 1.71000004
69.3057709 -34.0936012 2.70783329
69.3693008 -33.8270988 -1.33519995
69.3755493 -33.9842491 1.67094994
69.3309021 -33.9356003 1.94389999
69.3134995 -33.9152985 2.00760007
69.291153 -33.9109497 2.56655002
69.3301315 -33.9548683 2.66406679
69.3759995 -33.6265984 1.96239996
69.2902298 -33.6257019 2.11019993
69.3507004 -33.6450996 2.53279996
69.3862991 -33.4953995 2.10509992
69.3864975 -33.4054985 2.34619999
69.3972015 -33.4981003 2.5466001
69.3722 -33.3064995 2.22810006
69.2397003 -33.1449013 -1.35710001
69.2394028 -33.0863991 2.1408999
69.3228302 -33.0707321 2.24839997
69.2922058 -33.1184998 2.47315001
69.3544006 -32.8786011 -1.38390005
69.301651 -32.9262161 2.16193342
69.2910995 -32.808197 2.24000001
69.3855972 -32.6990013 -1.42690003
69.3350983 -32.7165985 -1.39619994
69.2907944 -32.6428337 2.12583327
69.3893967 -32.5486984 1.94089997
69.2623978 -32.5749016 2.07159996
69.3701019 -32.3953018 -1.43859994
69.2770996 -32.3614006 -1.39719999
69.3483963 -32.3213196 1.95011997
69.2141037 -32.3964996 2.41840005
69.2169037 -32.1083984 -1.41649997
69.3139038 -32.1604004 -1.39059997
69.2966995 -32.0194016 2.45560002
69.2567978 -32.1786003 2.6019001
69.2356033 -31.8654995 -1.45589995
69.3070984 -31.8507843 1.71799994
69.3449554 -31.83955 2.2799499
69.3153 -31.753849 -1.44440007
69.2444 -31.6725006 1.82219994
69.269577 -31.7584496 2.05662489
69.262146 -31.7270012 2.22580004
69.308403 -31.5545998 -1.46089995
69.2630234 -31.5189495 2.12957501
69.2566986 -31.5807991 2.31820011
69.3243561 -31.3032494 1.51170003
69.2722702 -31.3369999 1.6821667
69.2012024 -31.3544006 1.8721
69.3472977 -31.2252998 2.13199997
69.2559967 -31.3096008 2.26360011
69.3183517 -31.0717506 -1.45165002
69.320549 -31.1397495 1.7421
69.2133026 -31.1256504 1.93204999
69.3582993 -31.1564007 2.3131001
69.257103 -31.1418991 2.50440001
69.3190002 -30.8584003 1.76999998
69.3243484 -30.9032497 1.88499999
69.3015976 -30.8642006 3.92379999
69.3612976 -30.7943001 1.67589998
69.2947998 -30.455101 -1.48904991
69.2955475 -30.5126495 2.07224989
69.2828979 -30.5265007 4.12909985
69.2602997 -30.2719994 -1.42030001
69.2552032 -30.1567993 -1.48790002
69.2748032 -29.8910007 -1.45595002
69.3143005 -29.9657001 4.12900019
69.2434006 -29.4776993 -1.51520002
69.2888031 -29.1744995 -1.52839994
69.2562027 -29.1721992 4.78490019
69.3300018 -28.9006004 -1.52069998
69.3050003 -28.9283009 4.67980003
69.3113022 -28.7334995 -1.53659999
69.2479477 -28.7688484 4.49380016
69.2973022 -28.5060997 -1.55970001
69.3060989 -28.5147991 3.55909991
69.2830963 -28.4547005 4.03009987
69.2783966 -28.5349007 4.23670006
69.2410965 -28.2847004 3.34039998
69.2505035 -28.3807487 3.95860004
69.3113022 -28.0790005 -1.5704
69.2289963 -28.1681995 3.95029998
69.350502 -27.8647003 -1.56005001
69.2474976 -27.9050503 2.91664982
69.2270966 -27.9078007 3.15610003
69.2951508 -27.9451504 3.28429985
69.3548508 -27.9116001 3.52815008
69.2017975 -27.8787003 3.64770007
69.2883987 -27.6672344 1.48909998
69.3151016 -27.7189503 1.67234993
69.3169022 -27.6793003 2.64369988
69.2306976 -27.6788998 2.99790001
69.2510986 -27.768301 3.12373328
69.3858032 -27.6299 3.29929996
69.2814026 -27.5163002 1.30159998
69.3155289 -27.5636673 1.44743335
69.2600555 -27.5224495 1.90779996
69.3213654 -27.4360008 2.10179996
69.2953491 -27.5029488 2.5625999
69.3915024 -27.3351994 -1.54429996
69.339798 -27.2966995 1.56920004
69.3579025 -27.3589001 2.09220004
69.2863007 -27.2096004 2.48070002
69.2830963 -27.3805008 2.90840006
69.2582016 -27.0699997 1.58309996
69.3022003 -27.0783997 1.6523
69.2005997 -27.1991005 2.32680011
69.3325043 -27.0085487 2.52570009
69.3231964 -26.835001 -1.62386668
69.2498016 -26.917099 1.57340002
69.3323975 -26.9415493 1.66330004
69.3157501 -26.7230492 -1.64805007
69.2970734 -26.6825504 1.35587502
69.3066025 -26.6903667 1.47259998
69.2987976 -26.755167 1.66366661
69.2272034 -26.7817993 3.13059998
69.3498993 -26.7448006 3.20180011
69.3036041 -26.490551 -1.63139999
69.2468033 -26.5536003 -1.59669995
69.297226 -26.4988251 1.47727501
69.3902969 -26.5233994 1.69079995
69.3423004 -26.5116997 3.33189988
69.3333969 -26.3101997 -1.63393331
69.2083969 -26.3015003 1.39499998
69.3223038 -25.9918003 -1.65929997
69.3006668 -25.7177334 -1.6681
69.3039017 -25.3352013 -1.69519997
69.3309021 -25.3637009 2.42729998
69.223999 -25.3911991 3.07349992
69.3125 -25.1124001 -1.69389999
69.2381973 -25.1152 2.4835999
69.2848969 -24.860199 -1.72274995
69.3181 -24.7362995 -1.71580005
69.282402 -24.5053673 -1.71163332
69.2148972 -24.4705009 2.40910006
69.2151031 -24.0993004 3.49399996
69.3280029 -23.9288998 -1.76450002
69.3066025 -23.7498512 -1.72845006
69.3045959 -23.6939507 2.51405001
69.2662354 -23.6397991 2.68996668
69.2603989 -23.7528992 2.87269998
69.2449036 -23.5303993 1.71619999
69.3345032 -23.5809994 1.87320006
69.2919312 -23.4694672 2.70373321
69.2621002 -23.5275002 2.80380011
69.2742004 -23.2247009 1.14999998
69.2492981 -23.3129005 1.25756669
69.2108002 -23.3882999 1.50670004
69.341301 -23.3959999 1.74249995
69.3282013 -23.3854008 2.6020999
69.3455963 -23.2868004 4.6624999
69.3376465 -23.0398502 -1.78065002
69.3246689 -23.0881672 1.08840001
69.2070999 -23.0946999 1.92250001
69.3050995 -23.0886993 2.11225009
69.3037033 -22.8742008 -1.79270005
69.2767029 -22.8341999 1.73924994
69.3806 -22.8813992 4.42759991
69.3879013 -22.6798992 0.869400024
69.2458954 -22.6812 1.06865001
69.2635345 -22.6991329 1.7021333
69.2918015 -22.6450005 3.32220006
69.2527008 -22.7131004 4.92273331
69.3667984 -22.4113007 -1.78849995
69.2666016 -22.4123001 0.572899997
69.2696304 -22.426466 0.710099995
69.3190994 -22.493824 0.890275002
69.3059235 -22.4884491 1.13592505
69.2603989 -22.5334492 1.28254998
69.316803 -22.4528008 1.54419994
69.3712997 -22.5480003 3.3032999
69.2901993 -22.5865993 3.42569995
69.319397 -22.5993004 5.39499998
69.3408966 -22.4969006 5.59030008
69.2245026 -22.2773991 -1.80729997
69.3087006 -22.2851677 -1.77823329
69.258049 -22.3673496 0.864850044
69.3150711 -22.3392658 1.05916667
69.2872314 -22.3326664 1.23893332
69.3813019 -22.3455009 3.11980009
69.3327026 -22.3645992 4.55539989
69.2286987 -22.3232002 4.72209978
69.3630371 -22.1326656 1.27283335
69.3434982 -22.0702839 1.43134999
69.2807007 -22.1205006 1.6652
69.2845001 -22.0338001 2.3901999
69.334465 -22.0702324 2.46023321
69.2497025 -22.0529995 2.86310005
69.2830963 -22.1984005 5.65339994
69.2562027 -21.8504009 -1.80729997
69.381897 -21.8096008 0.954999983
69.3343506 -21.9300995 1.06774998
69.3887024 -21.9351006 1.43690002
69.3606339 -21.8821335 2.36739993
69.3394012 -21.8729992 2.51340008
69.2902679 -21.8768005 2.7222333
69.2190018 -21.8057003 2.89179993
69.3003998 -21.9988995 5.11180019
69.289444 -21.8884506 5.42679977
69.3415527 -21.8839989 5.8593502
69.2895355 -21.6630001 0.752633333
69.336731 -21.6334991 0.859433353
69.2710037 -21.6888008 1.10440004
69.3510971 -21.7814007 2.45160007
69.2509995 -21.7140007 2.80679989
69.235199 -21.7273998 5.36079979
69.3482971 -21.7350998 5.9124999
69.3611984 -21.5855999 0.704599977
69.3199005 -21.4929886 0.890877783
69.2752991 -21.4495659 1.06959999
69.2483978 -21.4634991 1.25989997
69.325798 -21.4417992 1.43710005
69.2906494 -21.4442501 2.77479982
69.2868958 -21.5181999 2.89050007
69.3729019 -21.5557003 5.50239992
69.3269653 -21.2709675 -1.8373667
69.3749008 -21.3519993 0.783100009
69.3196182 -21.3046799 0.912850022
69.2411499 -21.3227997 1.046
69.280098 -21.3806 1.24080002
69.3787537 -21.2709503 2.64755011
69.3703995 -21.2570992 2.8354001
69.3342972 -21.3579006 3.04130006
69.2463989 -21.0956001 -1.82539999
69.2756958 -21.171299 0.886999965
69.3692017 -21.1714993 1.00310004
69.365303 -21.155899 2.63599992
69.3583984 -20.8477993 -1.83743334
69.2957306 -20.6369343 -1.86679995
69.3213501 -20.5298996 -1.86930001
69.3468933 -20.3184509 -1.85214996
69.3751984 -20.1264 -1.86150002
69.4296036 -39.9173012 -1.15489995
69.4953003 -39.7216988 -1.14740002
69.4600983 -39.4081993 -1.1365
69.5186996 -39.0828476 -1.14345002
69.5586014 -38.7125015 -1.20389998
69.5727997 -38.6940994 -1.17060006
69.4783478 -38.4880981 -1.22020006
69.4909515 -38.4173241 2.31422496
69.5187531 -38.4860992 2.46150017
69.4690552 -38.2354012 -1.21204996
69.5690308 -38.2795334 2.08676672
69.4927216 -38.3080254 2.27785015
69.4345016 -38.2874985 2.88560009
69.5027466 -38.0704002 1.82684994
69.4572449 -38.1543503 2.33055019
69.5514526 -38.0976486 2.41785002
69.4230957 -38.1333351 2.71726656
69.5061188 -37.8720589 1.78025997
69.507225 -37.9433746 1.93945003
69.4628983 -37.8059006 2.39840007
69.4494019 -37.9205017 2.43560004
69.4292984 -37.9165993 2.71289992
69.4626007 -37.6379013 -1.23220003
69.4837341 -37.7386322 1.7675333
69.5030975 -37.7346001 2.36394978
69.4586487 -37.7227478 2.40460014
69.5238037 -37.408699 -1.21819997
69.4045029 -37.5707016 1.6789
69.5438995 -37.5905991 1.88820004
69.5945969 -37.4779015 2.38779998
69.4151001 -37.4003983 2.40070009
69.5186996 -37.3566017 -1.148
69.5310974 -37.2634506 1.74689996
69.4652557 -37.3380508 1.81575
69.4943008 -37.2780685 2.34353328
69.4616013 -37.2666016 2.41269994
69.4872971 -37.1188011 1.45000005
69.5778046 -37.1336517 1.70585001
69.4565964 -37.1935997 1.80110002
69.4729691 -37.1037331 2.44869995
69.4824982 -36.8651009 -1.2421
69.513298 -36.8404007 1.58630002
69.4328995 -36.9435005 1.95780003
69.4580536 -36.8933029 2.12834978
69.5139008 -36.8885002 2.50110006
69.5718002 -36.6669006 -1.25150001
69.4238968 -36.7566986 1.66639996
69.5176544 -36.6988983 1.93954992
69.5453796 -36.722126 2.10755014
69.5370026 -36.671299 2.38969994
69.4094009 -36.7475014 2.51999998
69.5004501 -36.4800491 -1.2493
69.5291977 -36.4301987 1.43840003
69.4934006 -36.4885483 1.91149998
69.5274658 -36.5099983 2.02153325
69.5274353 -36.5268669 2.31926656
69.569603 -36.4174995 2.56290007
69.4456253 -36.3340988 1.15875006
69.4485779 -36.2945786 1.2744
69.454834 -36.3420334 1.49173331
69.4721298 -36.3323326 1.64049995
69.5378571 -36.3243484 1.93270004
69.4599457 -36.3683472 2.27799988
69.5175476 -36.3427505 2.49335003
69.4487991 -36.0593987 -1.27069998
69.5918503 -36.0921516 2.07800007
69.4264984 -35.8704987 2.0158999
69.514534 -35.8428993 2.35556674
69.5038986 -35.9626312 2.46286678
69.509201 -35.732399 2.13940001
69.4991989 -35.6918983 2.42070007
69.4516983 -35.4402008 -1.30180001
69.4291992 -35.5051003 1.37660003
69.4933014 -35.4852486 1.47992504
69.4480972 -35.4827003 1.65875995
69.5983963 -35.5896988 1.92560005
69.548851 -35.4886017 2.27730012
69.5580978 -35.4751511 2.45685005
69.5457001 -35.2072983 -1.32120001
69.4801025 -35.316082 1.31378007
69.4652328 -35.2762337 1.41186666
69.5101013 -35.2843018 1.76520002
69.4908981 -35.2561493 1.87689996
69.5034485 -35.2425003 2.04745007
69.5316467 -35.2639503 2.28040004
69.4918976 -35.3218002 2.48169994
69.5195007 -35.1292496 -1.30205011
69.4421005 -35.1976013 1.199
69.5429993 -35.1413002 1.30719995
69.478096 -35.1291313 1.48326671
69.4753036 -35.0643997 1.64310002
69.4057465 -35.1482506 1.92449999
69.5501251 -35.0807991 2.36077499
69.5309677 -35.0740662 2.52160001
69.5725021 -35.110199 5.44770002
69.4203033 -34.862999 -1.32980001
69.5750656 -34.892601 1.31809998
69.5102463 -34.8971481 1.48322499
69.5329514 -34.9398994 1.69289994
69.4937973 -34.859848 1.84844995
69.5233688 -34.8609352 2.52046657
69.4179993 -34.9715004 2.6322
69.517395 -34.6835022 -1.34395003
69.4411011 -34.7694016 1.58829999
69.5241013 -34.7858009 1.6099
69.5036469 -34.7398491 1.90269995
69.4609985 -34.7270012 2.0848999
69.5618973 -34.6703987 2.33990002
69.52565 -34.6573029 2.46819997
69.4465027 -34.6949005 2.72909999
69.4654007 -34.5056992 -1.32130003
69.4832993 -34.5163002 2.08855009
69.4445648 -34.4552345 2.52569985
69.5139008 -34.2532997 -1.2991333
69.5124969 -34.3530998 2.50339985
69.5547028 -34.1447983 -1.33969998
69.4481964 -34.0391006 1.69679999
69.5351486 -34.1206512 2.4774251
69.5021973 -34.0608521 2.63845015
69.4694672 -33.8875999 -1.34413338
69.4884338 -33.940567 1.68729997
69.5468979 -33.8423996 1.80760002
69.5591965 -33.8646011 2.05410004
69.5502014 -33.9986992 2.44630003
69.456749 -33.9268265 2.63894987
69.4714966 -33.7629013 -1.36559999
69.5379486 -33.7538986 1.75594997
69.4787521 -33.7378006 1.91369998
69.4713974 -33.6762314 2.06233335
69.5266037 -33.6903992 2.59780002
69.5139999 -33.4583015 -1.37779999
69.4517975 -33.5868988 2.10389996
69.4689255 -33.5128746 2.29127502
69.5132751 -33.4386253 2.48370004
69.4365997 -33.2196999 -1.35759997
69.5313034 -33.3746986 2.54530001
69.4906006 -33.1435013 -1.39660001
69.4087524 -33.0932007 2.15190005
69.4849319 -33.1475983 2.26156664
69.4458008 -32.9001007 2.13800001
69.5072021 -32.969799 2.26909995
69.5311966 -32.9972992 2.90899992
69.5422974 -32.7464981 -1.36790001
69.5110016 -32.6256332 1.96263337
69.4827957 -32.7254333 2.07666659
69.4833984 -32.5479012 -1.43270004
69.5794983 -32.4452019 -1.39740002
69.5071487 -32.4710503 1.95779991
69.5301514 -32.5334473 3.30749989
69.4615479 -32.3174973 -1.42545009
69.4614029 -32.335701 1.78030002
69.4391479 -32.3083 1.82945001
69.4291992 -32.330101 3.30920005
69.447403 -32.0173988 -1.41890001
69.5196533 -32.1477966 -1.36794996
69.4825974 -32.010601 1.31770003
69.4906998 -32.0550995 2.47659993
69.5270996 -32.0600014 3.24830008
69.5307465 -31.96035 -1.44064999
69.4481277 -31.958149 1.46152496
69.4694519 -31.820549 1.70959997
69.4369965 -31.8036995 1.95570004
69.5544434 -31.9165497 2.34004998
69.4730759 -31.9021244 2.45580006
69.5836945 -31.6767502 -1.43505001
69.4452972 -31.7243996 1.95570004
69.5351562 -31.7276001 2.4760499
69.5015335 -31.5051346 1.67736661
69.4989471 -31.2915497 -1.46955001
69.5473022 -31.3477001 -1.37539995
69.4481506 -31.3455009 1.52415001
69.4724197 -31.3123608 1.64934003
69.4958496 -31.2961006 1.85074997
69.5367966 -31.2563 2.17659998
69.4778976 -31.1564999 1.64110005
69.4894028 -31.0289993 1.85185003
69.565834 -31.104166 2.02386665
69.5101013 -31.0958004 2.24049997
69.5360031 -30.9775009 1.63039994
69.5704498 -30.8437996 1.93709993
69.4291 -30.9633007 2.04760003
69.4913025 -30.9202003 2.24780011
69.4778824 -30.7132206 -1.47487998
69.5125504 -30.7427006 1.71515
69.5410004 -30.7392006 1.88750005
69.5820007 -30.6291008 2.11240005
69.4777985 -30.6279488 4.04129982
69.4501038 -30.4678001 -1.46780002
69.5297012 -30.5918007 3.98230004
69.552803 -30.4988003 4.04570007
69.5076523 -30.2607002 -1.50325
69.5270004 -30.3463001 2.17650008
69.4932556 -30.0912018 -1.49839997
69.5485992 -30.1804008 3.95309997
69.5012054 -29.8516502 -1.50355005
69.5758972 -29.9869995 2.4841001
69.4261017 -29.7451 -1.51209998
69.5193024 -29.3425999 -1.53320003
69.5479965 -29.2007999 4.6388998
69.5308533 -29.1090508 -1.50199997
69.5560989 -28.9181499 -1.53865004
69.4337006 -28.4591007 -1.54729998
69.4119034 -28.5280991 3.58829999
69.5719528 -28.5557499 3.75589991
69.4366989 -28.3069 -1.55649996
69.4791031 -28.3635006 3.96230006
69.4906998 -28.0804005 -1.5582
69.516449 -28.1359501 3.28084993
69.4383011 -27.8327999 2.76979995
69.5631027 -27.8474007 3.16300011
69.5009003 -27.8728008 3.60730004
69.5886002 -27.6972008 -1.57280004
69.4980011 -27.6958008 1.23150003
69.4614029 -27.6504002 1.57360005
69.464798 -27.7509995 1.72759998
69.5556946 -27.751049 1.81570005
69.4793015 -27.6891003 2.13199997
69.403801 -27.6303997 2.78069997
69.5257034 -27.7357006 3.30859995
69.4815979 -27.6021004 3.88490009
69.5402985 -27.5347996 -1.63020003
69.516098 -27.5019493 -1.58525002
69.4145508 -27.4769993 1.5201
69.4817963 -27.5333996 2.18449998
69.4117966 -27.4979 2.2249999
69.5870514 -27.5357494 2.46609998
69.5056686 -27.500967 2.64956665
69.572197 -27.5305996 3.37339997
69.4439545 -27.3454514 -1.57924998
69.4878006 -27.2245998 3.3355999
69.5725021 -27.1800003 -1.61430001
69.5967026 -27.1679993 -1.58140004
69.4008026 -27.0191994 1.66700006
69.4976044 -26.9669991 -1.58555007
69.4766006 -26.8260994 1.71440005
69.5742035 -26.8488998 1.89989996
69.5266037 -26.9932003 2.39179993
69.4662704 -26.8662338 2.50570011
69.5026016 -26.8099003 2.65109992
69.5017471 -26.8330994 3.30334997
69.5865021 -26.9479008 3.4526999
69.5339966 -26.6616993 -1.61839998
69.4091034 -26.6562004 1.51859999
69.4589005 -26.6645012 1.65355003
69.5177002 -26.7275009 1.89475
69.5159988 -26.7203999 2.12393332
69.5280457 -26.6249504 2.70834994
69.4885025 -26.6949005 3.37899995
69.5893021 -26.4356003 -1.59159994
69.4958496 -26.5147514 1.67079997
69.4754486 -26.5615005 1.90199995
69.5423965 -26.5769997 2.65409994
69.4421997 -26.2355995 -1.61590004
69.4309998 -26.3705997 3.1026001
69.4255981 -26.1156998 -1.65769994
69.5624008 -25.8216991 -1.66630006
69.4883499 -25.6814995 -1.6342001
69.4737015 -25.5708008 -1.65339994
69.498497 -25.3827 -1.66890001
69.4996033 -25.2844009 6.50369978
69.5895004 -24.8469009 3.19499993
69.4608994 -24.6292 -1.7141
69.4716034 -24.7434998 4.05730009
69.4687347 -24.499733 -1.67680001
69.410553 -24.1015015 -1.71595001
69.5382996 -24.0536003 2.87479997
69.472702 -23.8789005 2.74609995
69.4237976 -23.9592991 3.14560008
69.5029984 -23.6674995 2.03309989
69.5315475 -23.4556007 -1.76944995
69.5271301 -23.470274 1.90575004
69.4924011 -23.5337658 2.37979984
69.5321503 -23.5050011 2.47784996
69.5153046 -23.5294991 2.65735006
69.580101 -23.4871998 2.87290001
69.5534973 -23.3966007 -1.81289995
69.4918518 -23.2937508 -1.75279999
69.4844971 -23.3248005 1.32350004
69.5274048 -23.2275505 2.0927
69.5102539 -23.3168488 2.31575012
69.5632019 -23.1772995 -1.79349995
69.5519485 -23.1627007 1.10525
69.5411072 -23.1371994 1.90295005
69.5028992 -23.0869007 2.09459996
69.444397 -23.1522007 2.28460002
69.461853 -22.9450989 -1.76590002
69.5530014 -22.906601 1.59879994
69.5830002 -22.9944992 1.65470004
69.4244995 -22.9657001 1.94420004
69.504097 -22.9542007 2.00539994
69.5739288 -22.7390327 0.745800018
69.5103149 -22.6770172 0.879783332
69.4878006 -22.4892006 -1.80219996
69.4458466 -22.5560493 0.678600013
69.4772797 -22.4845505 0.915775001
69.4751968 -22.5020008 1.15359998
69.4236984 -22.4227009 3.6961
69.5873032 -22.4151993 4.0855999
69.4705963 -22.5701008 4.68909979
69.4608994 -22.3111 -1.81019998
69.5899963 -22.3055 -1.79690003
69.4643021 -22.2747002 0.992999971
69.4807968 -22.3409996 1.05843329
69.5158997 -22.2226009 3.26009989
69.4347 -22.2315998 3.85229993
69.4266968 -22.2000999 4.66540003
69.5122986 -22.0849991 -1.77670002
69.5438004 -22.0906506 0.960000038
69.4814987 -22.1735992 1.08735001
69.4634018 -22.1798992 1.24100006
69.5486984 -22.1215992 2.56010008
69.4972 -22.1506004 3.30714989
69.526001 -22.0846004 4.99919987
69.478653 -22.1905994 5.13255024
69.5558014 -21.8799496 -1.82910001
69.4281006 -21.8892002 0.936399996
69.5746002 -21.8738995 2.1875
69.5995026 -21.9060993 2.49510002
69.5038376 -21.9093666 5.89829969
69.4602966 -21.7821999 -1.84809995
69.5401993 -21.6842995 0.769999981
69.5305023 -21.7166328 0.888466656
69.4878311 -21.7226334 2.62080002
69.5516968 -21.7896996 5.16260004
69.4326019 -21.7451992 5.88539982
69.5756989 -21.5858994 -1.82969999
69.5222473 -21.469799 0.751550019
69.4862366 -21.4736004 0.862900019
69.4157028 -21.5251007 2.64510012
69.4449997 -21.4762993 3.00539994
69.4618988 -21.3320999 0.787
69.4856491 -21.2980995 0.88744998
69.4546051 -21.2626991 2.67490005
69.4247971 -21.0464993 -1.74660003
69.4456024 -21.1359005 2.63100004
69.4589005 -21.1758995 2.88860011
69.5229034 -20.9627991 2.76900005
69.7214966 -39.9135513 -1.14269996
69.6320038 -39.6771011 -1.15310001
69.6278 -39.5251007 -1.13849998
69.6904449 -39.259201 -1.15005004
69.6956635 -39.0872002 -1.17836666
69.7458649 -39.0487328 2.77573347
69.7180023 -39.0251999 2.83739996
69.7714005 -38.9029503 2.74335003
69.7136993 -38.9333992 2.81629992
69.7939987 -38.6683998 -1.15820003
69.7727966 -38.6968994 2.7342999
69.6446991 -38.6439018 2.83660007
69.6613007 -38.5551987 -1.19089997
69.7858963 -38.4061012 2.46099997
69.7995987 -38.5658989 2.7111001
69.7556992 -38.4392014 2.83019996
69.7682037 -38.2579994 -1.22689998
69.6681213 -38.2597008 2.07570004
69.6879501 -38.3092003 2.47650003
69.6898499 -38.3370514 2.71569991
69.6849976 -38.1064987 -1.21274996
69.7902985 -38.1861992 -1.19280005
69.6511993 -38.0242996 1.67949998
69.6493988 -38.0390244 1.84762502
69.7046204 -38.1798515 2.03412485
69.6853027 -38.1185989 2.33840013
69.7318497 -38.0475006 2.42894983
69.6839981 -37.9473 -1.1961
69.6942978 -37.8910408 1.73065996
69.727684 -37.9279823 1.84689999
69.6561508 -37.8492508 2.44009995
69.6567993 -37.7975006 1.78709996
69.7135239 -37.6589508 1.85632503
69.6207962 -37.6651001 2.38840008
69.7839966 -37.6451988 2.46289992
69.6914978 -37.4584999 -1.22449994
69.7535019 -37.5293999 1.4684
69.7745056 -37.4597511 1.73455
69.7386932 -37.5428505 2.46519995
69.7650986 -37.3277969 -1.22525001
69.723053 -37.2660522 1.33099997
69.729599 -37.29496 1.44695997
69.7525635 -37.2987328 1.72926664
69.7013016 -37.2840004 1.81099999
69.606102 -37.2429008 2.37339997
69.7476654 -37.3071022 2.44246674
69.7126923 -37.1293488 1.47798002
69.7060699 -37.0629654 1.69146669
69.6669006 -37.1549988 1.8275001
69.6673508 -37.1235504 2.46080017
69.7040024 -36.9779015 -1.25969994
69.6982498 -36.9207497 1.51499999
69.6474991 -36.8980331 1.73510003
69.667778 -36.8780251 1.88752508
69.6079025 -36.9639015 2.79320002
69.7460022 -36.6773987 1.4296
69.722702 -36.6827316 1.85276663
69.7705002 -36.6355019 2.2420001
69.7151031 -36.6328011 2.53469992
69.712204 -36.4754677 -1.27780008
69.7425995 -36.4862976 1.91569996
69.6459961 -36.5465012 2.03184986
69.7167969 -36.5107994 2.36969995
69.7577972 -36.5656013 2.40820003
69.6261978 -36.2173004 -1.27869999
69.6480484 -36.3349495 1.93620002
69.7014771 -36.2969246 2.09045005
69.6111984 -36.0877991 -1.28610003
69.6966324 -36.0536003 2.06303334
69.7098541 -36.1383972 2.26655006
69.7200012 -36.1167984 2.41070008
69.6811981 -35.8805008 -1.26993334
69.6708984 -35.8755493 2.02405
69.6735992 -35.8826523 2.34864998
69.6846008 -35.9407997 2.46930003
69.7019501 -35.6741486 -1.25355005
69.6480026 -35.7891006 2.12179995
69.6376495 -35.7454529 2.34959984
69.7575531 -35.4393997 -1.30435002
69.6322479 -35.4513512 1.31590009
69.6897964 -35.5943985 1.60800004
69.6322021 -35.5149994 2.13000011
69.6302643 -35.4540329 2.26726675
69.7781982 -35.2070007 1.11389995
69.6539001 -35.3311005 1.34230006
69.6445007 -35.3583984 1.40569997
69.6358032 -35.283699 1.75899994
69.7098007 -35.362999 2.07470012
69.6799011 -35.2518997 2.29699993
69.6718979 -35.3419991 2.42790008
69.7219009 -35.2179985 3.31389999
69.6940994 -35.2486992 3.6164999
69.678299 -35.2261009 5.49380016
69.6483994 -35.0563011 -1.30209994
69.7452545 -35.1775513 1.16540003
69.6834793 -35.0858803 1.29830003
69.6490631 -35.1787987 1.48259997
69.7222366 -35.0766983 1.65880001
69.6239014 -35.1262665 1.93106675
69.6417694 -35.0758018 2.12606668
69.6864471 -35.1096992 2.26174998
69.6765976 -35.1842995 3.39919996
69.6669998 -34.8744316 1.67246664
69.7863998 -34.8278008 1.94649994
69.7153015 -34.9051857 2.09864283
69.6893997 -34.8284492 2.29799986
69.675499 -34.8581009 3.00309992
69.6634979 -34.8742981 3.477
69.6844025 -34.7733994 -1.32019997
69.6591644 -34.6871681 2.14109993
69.7132263 -34.6915245 2.28824997
69.6837006 -34.6786995 2.41875005
69.7179337 -34.5305328 2.37616658
69.6720963 -34.4821014 2.49390006
69.7397003 -34.2939987 2.33579993
69.6214981 -34.3167992 2.45079994
69.6147461 -34.0814514 -1.36179996
69.6062012 -34.0483017 2.36919999
69.7071609 -34.1138191 2.51731992
69.6353302 -33.8837318 1.70293331
69.6560974 -33.8277016 1.86819994
69.7017975 -33.8188019 2.07340002
69.730629 -33.891674 2.35820007
69.7219696 -33.8977318 2.50833344
69.6744537 -33.6707993 -1.35330009
69.6134033 -33.7504005 1.88440001
69.7026978 -33.7272263 2.50440001
69.7229004 -33.7140999 2.60019994
69.6433563 -33.5816498 -1.35284996
69.6939011 -33.5137482 2.37965012
69.6649017 -33.4243011 2.46440005
69.7353516 -33.2643509 2.35739994
69.6880951 -33.3460503 2.52920008
69.6616974 -33.3893013 2.60369992
69.6054993 -33.1666985 2.33879995
69.660202 -32.4780998 3.63790011
69.6978989 -32.3843994 -1.4095
69.7296524 -32.2849236 2.70959997
69.6862259 -32.144249 2.63977504
69.618103 -32.0550003 2.81279993
69.6575012 -31.9173508 1.43690002
69.6893997 -31.9537506 1.69264996
69.7522659 -31.9158993 2.12559986
69.668602 -31.8806992 2.31900001
69.6865005 -31.8313999 2.41090012
69.658493 -31.7041492 1.94085002
69.6683502 -31.7301998 2.11915016
69.6950989 -31.7458992 2.26189995
69.6641998 -31.47295 -1.45160007
69.6253967 -31.5972996 1.57930005
69.7178497 -31.4881001 1.89055002
69.7878036 -31.4192009 2.13240004
69.6007004 -31.2045002 1.72399998
69.705246 -31.3118 1.82010007
69.6567001 -31.2884998 2.01320004
69.7582016 -31.0132008 1.77269995
69.7272797 -31.06744 1.89777994
69.6016998 -31.0459995 2.0151999
69.7873993 -31.1923008 4.06309986
69.6999741 -30.9205494 1.73099995
69.7318268 -30.864975 1.84350002
69.6832962 -30.8092995 2.07189989
69.7711029 -30.8509998 2.79099989
69.6967468 -30.90625 4.10624981
69.6598511 -30.6815987 -1.46315002
69.6634979 -30.7727013 1.90187502
69.6798019 -30.6863003 2.15453339
69.7152023 -30.7091007 4.08780003
69.615303 -30.5543003 2.11129999
69.6959991 -30.4786987 2.30275011
69.6299515 -30.3062515 2.26534986
69.6779022 -30.3001003 4.07849979
69.7076035 -30.0259991 4.15040016
69.6662979 -29.9344997 -1.49960005
69.7165985 -29.9123993 2.39179993
69.7154999 -29.9540997 2.46359992
69.7656021 -29.8649998 4.18359995
69.7570038 -29.8120003 5.06759977
69.6651001 -29.7841988 -1.50390005
69.7667999 -29.7737007 4.19579983
69.7828979 -29.7787991 4.32690001
69.782402 -29.4641991 -1.51740003
69.6235962 -29.2082996 -1.53299999
69.6014023 -29.3925991 5.08239985
69.7966003 -29.1882992 4.56680012
69.7276001 -28.9626007 4.60690022
69.6372528 -28.7540512 -1.54329991
69.6428986 -28.6898003 4.46280003
69.6334991 -28.7868996 4.61259985
69.6147995 -28.5576 -1.54690003
69.6817017 -28.5688 4.34770012
69.773201 -28.2383499 -1.57005
69.6109009 -28.2061005 4.16669989
69.6260986 -28.0154991 -1.57799995
69.7343979 -28.0198994 3.72350001
69.7305984 -27.8614006 -1.5848
69.6007004 -27.8509007 1.96010005
69.718071 -27.9149246 2.109375
69.6884995 -27.8948994 2.22370005
69.6928024 -27.8992996 3.33200002
69.7058029 -27.6842995 1.85426664
69.675354 -27.5125999 1.93197501
69.7223969 -27.4633007 2.00589991
69.620903 -27.4803009 2.91919994
69.716095 -27.4937496 3.46234989
69.6701965 -27.5753994 3.76290011
69.6530991 -27.3738995 1.99919999
69.7172012 -27.3568993 2.05049992
69.7102356 -27.3132 2.87193346
69.6866455 -27.2997017 3.4986999
69.6907654 -27.0924339 1.89540005
69.6938324 -27.0911331 2.14446664
69.6996994 -27.1700001 2.83660007
69.7163544 -26.9528008 2.11389995
69.684845 -26.8923988 2.53025007
69.7145004 -26.9815006 2.70169997
69.6968994 -26.8959007 2.83839989
69.6309967 -26.8299999 3.59170008
69.7481003 -26.6158009 -1.61810005
69.7746964 -26.6548996 2.20169997
69.7468033 -26.4260998 -1.63610005
69.7856979 -26.4165993 1.69869995
69.7842026 -26.4347992 1.85930002
69.7544022 -26.2297993 1.93659997
69.7104034 -26.0349998 -1.64549994
69.7594986 -25.1073494 -1.68335009
69.6486969 -25.0056992 4.38219976
69.6323013 -24.9090996 -1.70190001
69.6297989 -24.8985004 4.15129995
69.7733002 -24.7144508 3.47274995
69.6216965 -24.6674995 4.17229986
69.6746979 -24.6142998 4.2665
69.6856995 -24.4330482 -1.70729995
69.6416016 -24.3665009 -1.73389995
69.6063995 -24.0240993 2.77999997
69.6316986 -24.1499996 3.21370006
69.6491013 -23.8845005 2.29229999
69.767601 -23.8845997 5.09829998
69.6820984 -23.6096992 -1.74090004
69.7173004 -23.7045002 2.53439999
69.7550964 -23.6275997 2.96469998
69.6404037 -23.5345001 -1.72570002
69.7646027 -23.4606991 1.53190005
69.6348038 -23.4239006 1.63390005
69.6537018 -23.5666008 2.2966001
69.7500992 -23.3022003 -1.77250004
69.7807999 -23.2989006 1.32599998
69.7080002 -23.2782001 2.03130007
69.6412964 -23.2572002 2.31399989
69.6348038 -23.3743 2.40089989
69.6554031 -23.0331001 -1.7651
69.6377029 -23.1994991 0.992200017
69.6973648 -23.1361332 1.08050001
69.7108002 -23.0713997 1.59500003
69.7876968 -23.0046005 1.86249995
69.6940002 -23.0198002 2.09879994
69.7454987 -23.1555004 2.34579992
69.7909012 -23.1422005 2.49659991
69.7223663 -22.9493675 1.09063339
69.7891998 -22.8624001 1.21270001
69.6520996 -22.9978008 1.74409997
69.7586975 -22.8722 2.07509995
69.6177979 -22.8591003 4.0156002
69.7276993 -22.6777 0.762300014
69.7158051 -22.6850243 0.89625001
69.6849976 -22.6963005 4.77269983
69.6169434 -22.4785004 -1.78690004
69.6651001 -22.4754009 0.79549998
69.7203979 -22.5163994 0.971650004
69.6197968 -22.4883995 3.93720007
69.7204971 -22.4818001 4.2663002
69.6896515 -22.4104996 4.51379967
69.6306992 -22.4335003 4.98890018
69.6437988 -22.2668991 -1.77989995
69.7521515 -22.3186493 0.883599997
69.794899 -22.2219009 2.30310011
69.639801 -22.2387009 2.56220007
69.603302 -22.2527008 2.66680002
69.6407013 -22.3838005 3.74370003
69.7876968 -22.3960991 3.88490009
69.6886673 -22.2528 4.85923338
69.7258759 -22.0550995 0.911974967
69.6100006 -22.1299992 1.09759998
69.7863007 -22.1543999 2.11089993
69.6015015 -22.1333008 3.00430012
69.7575989 -22.0513 4.29629993
69.7773972 -22.0886993 4.74970007
69.7918015 -21.8882008 -1.80309999
69.7218781 -21.9192333 0.904299974
69.671402 -21.8572006 2.49650002
69.7368011 -21.8668003 3.29259992
69.6849976 -21.9284992 5.2189002
69.7726669 -21.6749992 0.716899991
69.7379684 -21.6926994 0.836000025
69.748497 -21.6166 2.6249001
69.7169037 -21.7259998 2.83999991
69.6611023 -21.7632008 3.53369999
69.6969452 -21.5364494 0.752099991
69.6725006 -21.519001 0.867933333
69.6188965 -21.5144501 1.13870001
69.7182312 -21.4906673 2.64133334
69.6559448 -21.3262501 -1.86199999
69.6672974 -21.2852993 0.975700021
69.7435989 -21.2838993 1.07260001
69.6001968 -21.3540001 2.35489988
69.6810455 -21.0805511 -1.84835005
69.7574005 -21.1930008 1.19739997
69.6379013 -21.0265007 2.86350012
69.7544022 -20.9145508 -1.83730006
69.7034683 -20.536768 -1.86960006
69.6610031 -20.2810993 -1.89989996
69.9272461 -39.8544006 -1.1414001
69.8556976 -39.7038002 -1.16009998
69.9098969 -39.5654526 -1.14684999
69.9977036 -39.3524017 -1.1444
69.9011993 -39.1725006 -1.14400005
69.8520966 -39.0603485 2.7329998
69.8370972 -39.1618004 2.8671
69.8592987 -38.9225998 -1.1552
69.9512253 -38.9002228 2.54787493
69.8647766 -38.8796387 2.71187997
69.9906998 -38.7919006 -1.21420002
69.811203 -38.6542015 -1.11520004
69.9036026 -38.7430992 2.59940004
69.8520508 -38.6799011 2.70749998
69.8411026 -38.7812004 2.88000011
69.8612518 -38.4606476 2.52110004
69.8915024 -38.5117264 2.66415
69.8814011 -38.5404015 2.8111999
69.9477997 -38.2089996 1.96149993
69.893898 -38.2090988 2.05800009
69.8412018 -38.2263985 2.51469994
69.8488464 -38.2722473 2.64174986
69.9105988 -38.1861992 -1.22300005
69.8818512 -38.1361008 1.97455001
69.8770981 -38.1136017 2.4934001
69.9428024 -38.023201 2.76029992
69.9862976 -37.903801 2.57680011
69.8274612 -37.8947678 2.85263324
69.9160995 -37.7240982 1.76545
69.8838959 -37.6411514 1.8815999
69.9367371 -37.7150993 2.48426676
69.8777008 -37.5167007 1.19309998
69.8779907 -37.5069237 1.28983748
69.9422684 -37.4622993 1.7579
69.9290009 -37.4043999 1.81060004
69.814003 -37.4505997 2.36929989
69.9329605 -37.5508995 2.50625992
69.9816971 -37.3417015 -1.24820006
69.8913345 -37.2596321 1.29326665
69.8957977 -37.3089523 1.50234997
69.9756012 -37.3902016 1.75619996
69.9077759 -37.2868004 2.46096015
69.918602 -37.0418777 1.35099995
69.8014984 -37.0969009 1.46659994
69.8983231 -37.1511497 2.44037509
69.8999023 -36.9482002 -1.25469995
69.8780136 -36.9151573 1.50058568
69.9210968 -36.9569016 2.08899999
69.9104462 -36.7926483 1.51325011
69.839798 -36.7794991 1.6142
69.8205032 -36.4201012 2.08500004
69.8323059 -36.4768486 2.42400002
69.9916 -36.2703018 -1.27989995
69.9026031 -36.3352013 1.70210004
69.9757996 -36.2644005 2.05909991
69.8039017 -36.0626984 1.92990005
69.9113998 -36.1489029 2.12220001
69.936203 -35.8406982 -1.28900003
69.9712982 -35.6718979 1.6958499
69.9498978 -35.6454315 1.91773331
69.8778992 -35.5075989 -1.29700005
69.8572998 -35.5414009 1.56369996
69.9230652 -35.4798012 1.74839997
69.8994675 -35.5444336 1.85769999
69.9609985 -35.4547997 3.87050009
69.8476486 -35.3061523 -1.31730008
69.824501 -35.2248001 1.18879998
69.8077545 -35.2545013 1.24364996
69.9238358 -35.2660828 1.71346664
69.8702469 -35.3093262 1.86899996
69.8696976 -35.3988991 5.62979984
69.9331055 -35.1068993 -1.32019997
69.8280487 -35.1185493 1.16070008
69.8485489 -35.1201019 1.31410003
69.8886032 -35.1902008 1.48339999
69.956398 -35.1535988 1.74600005
69.8856049 -35.134552 1.84644997
69.8366013 -35.1108017 2.023
69.9514008 -35.1775017 2.3059001
69.9962006 -35.1091995 4.96999979
69.9505005 -34.9309998 -1.33179998
69.9695511 -34.912899 1.24329996
69.9232788 -34.9375496 1.92225003
69.8031998 -34.8778 2.04290009
69.9324036 -34.8708 5.4144001
69.9673996 -34.7691002 1.97909999
69.9450989 -34.6602325 2.07159996
69.9750977 -34.6194 2.23469996
69.9375992 -34.5130005 2.15440011
69.8688507 -34.4873505 2.28149986
69.9004059 -34.3322487 -1.37954998
69.8398972 -34.3525009 2.17779994
69.9136734 -34.2987518 2.30802488
69.8496017 -34.2557487 2.51865005
69.9263992 -34.1011009 -1.32379997
69.8816986 -34.0545006 2.38285017
69.8900986 -34.1595001 2.45210004
69.8918991 -33.8846016 -1.38839996
69.9350967 -33.6306992 2.13660002
69.9536972 -33.6954346 2.30489993
69.9136963 -33.6504974 2.51040006
69.8202057 -33.6524506 2.64725018
69.9365997 -33.4269981 -1.41859996
69.9324341 -33.4459 -1.30499995
69.9796448 -33.4993515 2.3283
69.9222717 -33.5185509 2.50022507
69.9485016 -33.2461014 -1.35350001
69.8049011 -33.2734985 2.41429996
69.8809967 -33.3179016 2.61610007
69.9738998 -33.0084991 0.00249999994
69.8992996 -33.1982994 2.71210003
69.8375015 -33.0401993 3.75979996
69.9753036 -32.8787994 -1.36189997
69.9639969 -32.9183998 -0.781599998
69.9585495 -32.9317017 -0.495500028
69.9982986 -32.989399 -0.167099997
69.9979019 -32.8779984 3.01530004
69.9638977 -32.7000999 -1.42209995
69.9322968 -32.7470016 -1.39170003
69.8843002 -32.6321983 3.93230009
69.929863 -32.4413681 -1.4156667
69.9648972 -32.5670013 3.71630001
69.9064026 -32.2456017 1.36819994
69.919632 -32.2844849 1.47036672
69.9138565 -32.1058273 1.52311432
69.9598541 -32.0745506 1.78259993
69.9881973 -32.0881996 1.84930003
69.9605026 -32.0214996 2.0237999
69.8234024 -32.0982018 2.58640003
69.9345016 -32.0060997 3.26950002
69.9219971 -31.9416008 -1.37615001
69.8234024 -31.9521999 1.53460002
69.893364 -31.9485798 1.71873999
69.9514999 -31.9185505 1.87167501
69.9698486 -31.9208488 2.05255008
69.8769989 -31.8743496 2.32305002
69.9840012 -31.6390991 1.97730005
69.8125992 -31.7511997 2.28309989
69.9123001 -31.6131001 2.93630004
69.8327026 -31.5706997 -1.46640003
69.9220352 -31.4536343 1.76499999
69.9179688 -31.5256329 1.87660003
69.8403015 -31.5596008 2.09500003
69.8003006 -31.5799007 2.2980001
69.9145966 -31.4657993 2.95129991
69.9574966 -31.4454994 3.09260011
69.8506012 -31.2672005 -1.4598
69.865448 -31.3264008 1.94860005
69.848053 -31.267849 2.10835004
69.9710999 -31.2465992 2.31030011
69.9440002 -31.1245003 -1.47463334
69.8332977 -31.1457005 1.88740003
69.9626007 -31.1369495 2.11395001
69.9921036 -30.9237995 -1.46159995
69.8143005 -30.8334007 2.04310012
69.9700012 -30.8052998 2.23000002
69.9076996 -30.8964996 4.18440008
69.9459991 -30.6128006 2.38450003
69.8962021 -30.5143509 2.18464994
69.9171448 -30.4690514 2.29365015
69.992897 -30.2205009 2.47099996
69.9760971 -30.3859005 4.32550001
69.9298019 -30.1122341 2.42813325
69.9725037 -29.9354992 -1.49170005
69.8451996 -29.8798008 2.47379994
69.9512024 -29.6487999 4.19280005
69.9589005 -29.4925995 4.18060017
69.930397 -29.4193993 4.87580013
69.9169006 -29.2042007 -1.52530003
69.913002 -29.3369007 4.82660007
69.977951 -29.1525002 4.08685017
69.8683014 -29.1474991 4.296
69.8669968 -29.0041008 4.67679977
69.9850006 -28.8281994 3.73020005
69.9493027 -28.9559994 3.86809993
69.9154968 -28.8663502 4.07530022
69.9573975 -28.8164005 4.28289986
69.9466553 -28.6964493 -1.55124998
69.9501038 -28.6480007 3.9683001
69.8808975 -28.6109009 4.28760004
69.9537964 -28.4367008 -1.53320003
69.8631973 -28.5312004 3.76999998
69.9682007 -28.4533005 4.18100023
69.9729996 -28.4778996 4.35710001
69.9272003 -28.3218002 -1.56185007
69.9751968 -28.0897007 -1.55420005
69.9262009 -28.1968994 4.23600006
69.9304504 -27.9281006 -1.58274996
69.8862457 -27.8806496 2.31939983
69.9615479 -27.97995 2.54944992
69.9179001 -27.9775009 2.60459995
69.9741974 -27.9143009 3.73670006
69.8440018 -27.7222004 1.71370006
69.8351974 -27.6578999 2.12069988
69.989502 -27.6082993 2.24429989
69.9925995 -27.6462002 3.11590004
69.9469986 -27.5522003 2.17589998
69.8211975 -27.4445992 2.99090004
69.9253998 -27.5191994 3.0857501
69.9610977 -27.4118004 3.67630005
69.9175034 -27.5328007 3.93300009
69.9665985 -27.3638 -1.59159994
69.8622971 -27.3948994 2.1250999
69.8833008 -27.3899994 2.94569993
69.9840012 -27.2735004 3.08520007
69.9674988 -27.0667 -1.60699999
69.8725662 -27.147934 2.09120011
69.9358978 -27.1970997 2.81450009
69.9061966 -27.0053005 3.36129999
69.8756638 -26.9067669 -1.61343336
69.9813995 -26.9787006 2.41580009
69.9319992 -26.9867992 2.61240005
69.9015045 -26.7360497 -1.65425003
69.8611984 -26.7465 -1.57449996
69.8442001 -26.6695004 3.04139996
69.8997345 -26.4942341 -1.62349999
69.8114014 -26.4491005 2.13380003
69.8905029 -26.5191002 2.32949996
69.925499 -26.4151001 2.51839995
69.8825989 -26.2096996 1.61370003
69.8502045 -26.34445 2.17075014
69.9432983 -26.3328991 2.58170009
69.9049377 -26.1768341 -1.64736664
69.8784027 -26.1986008 1.87950003
69.8580017 -26.1061993 3.4920001
69.9457016 -25.9685001 -1.63730001
69.9417496 -25.9229012 3.40864992
69.8604965 -25.6529999 -1.67620003
69.978302 -25.6919003 3.48920012
69.902298 -25.4505005 -1.65289998
69.8115997 -25.4843006 -1.58770001
69.9060669 -25.2392998 -1.69833326
69.8920364 -25.0779991 -1.68430007
69.9273987 -24.9288006 -1.69130003
69.9997025 -24.7726002 -1.68219995
69.9347992 -24.7786007 3.11389995
69.8924332 -24.6931667 3.35556674
69.8488007 -24.7444992 3.47740006
69.9154053 -24.5594006 -1.71375
69.9842987 -24.5522003 3.32150006
69.990303 -24.4715004 3.72110009
69.9185028 -24.3111 -1.72880006
69.8711014 -24.2908993 3.58030009
69.9609985 -24.3761997 3.91910005
69.928299 -24.3736992 4.11310005
69.9300995 -24.3090992 4.23059988
69.9532013 -24.0349998 -1.70414996
69.9454651 -23.8546677 -1.74269998
69.9521484 -23.667099 -1.77709997
69.8367004 -23.6898994 2.68099999
69.8487015 -23.4269009 -1.75370002
69.8959656 -23.3360004 -1.77623332
69.8318024 -23.3924007 1.34430003
69.8434982 -23.3745003 2.37409997
69.8063965 -23.0219994 0.995899975
69.9210968 -23.1532993 1.48469996
69.8315964 -23.0582008 1.91359997
69.8048019 -23.1443996 2.16179991
69.8510971 -23.0375004 2.20630002
69.9374008 -22.9771996 -1.8039
69.9522018 -22.8043003 -1.78139997
69.9537964 -22.8157005 0.794499993
69.8818359 -22.8815002 0.953233361
69.8708649 -22.9074326 1.04836667
69.8422012 -22.9122009 1.33130002
69.9637985 -22.9405994 2.04340005
69.8274994 -22.7835999 -1.81470001
69.9160538 -22.6973782 0.890511096
69.8773041 -22.7695503 1.12555003
69.8800964 -22.7243996 2.07334995
69.8603973 -22.5035992 -1.80949998
69.9017487 -22.5499992 0.957199991
69.975502 -22.5386009 1.01520002
69.9460983 -22.5105 1.73893332
69.8908005 -22.4176998 1.92279994
69.9011993 -22.4616013 2.07509995
69.8432999 -22.4353008 4.49569988
69.8457031 -22.2831993 -1.81490004
69.819603 -22.3551006 -1.77980006
69.9730988 -22.2716484 0.791100025
69.9284515 -22.3492012 0.841199994
69.805397 -22.3645 1.20270002
69.9875031 -22.3328991 1.55280006
69.933197 -22.3463993 1.98800004
69.8714752 -22.3037987 2.06589985
69.8986969 -22.2236004 2.52279997
69.9568024 -22.2954998 4.16680002
69.8311005 -22.3542004 4.33190012
69.852356 -22.0650997 0.756700039
69.8403015 -22.1522503 0.832599998
69.9754028 -22.0335999 2.49394989
69.9347 -22.0806007 3.3283999
69.9213028 -22.1949997 4.93639994
69.9386978 -22.0804005 5.98409986
69.9586029 -21.8528004 -1.81620002
69.8620987 -21.8334999 0.750999987
69.8086014 -21.9519997 0.805800021
69.9206009 -21.8659 2.55209994
69.9232025 -21.9286003 3.92989993
69.9754028 -21.8847008 5.61390018
69.9030991 -21.6103992 -1.86489999
69.8813019 -21.732399 0.688350022
69.846199 -21.6905403 0.865799963
69.8186035 -21.7001991 1.00310004
69.9028015 -21.7985001 3.31929994
69.9205017 -21.7889004 4.71439981
69.8498001 -21.7388992 5.57989979
69.9178772 -21.4979591 0.923099995
69.8336029 -21.4384003 1.14750004
69.8945007 -21.4787006 2.56903338
69.8850021 -21.4533997 2.6407001
69.8708954 -21.2465992 -1.84350002
69.9114761 -21.3083992 0.928174973
69.8502655 -21.2987328 1.14820004
69.8820343 -21.2504997 1.32923329
69.9163971 -21.2437 1.41820002
69.9080963 -21.2561493 2.50379992
69.91465 -21.0905495 0.901149988
69.9130859 -21.1135712 1.07354283
69.8555984 -21.1186008 1.21710002
69.9291 -21.1818008 1.40199995
69.9765015 -21.1063995 2.52099991
69.9615021 -21.1849003 2.62789989
69.9598999 -20.9678993 0.944199979
69.919014 -20.9053001 1.07628572
69.9332962 -20.9304008 2.39310002
69.9626694 -20.9508343 2.51363325
69.9046021 -20.9312992 2.61059999
69.8411026 -20.7394009 -1.82920003
69.8755951 -20.5165005 -1.85509992
69.9337463 -20.0861511 -1.89565003
70.1253967 -38.911499 -1.17480004
70.0631332 -38.8755341 2.57896662
70.1717987 -38.9155006 2.68009996
70.1088715 -38.7276993 2.5116713
70.1175003 -38.6436348 2.69173336
70.0083008 -38.476799 -1.20910001
70.1559982 -38.5242004 2.30380011
70.0298004 -38.5782013 2.60649991
70.0379028 -38.2305984 -1.20969999
70.0732346 -38.3215675 2.09996653
70.0684052 -38.3436508 2.56850004
70.1327362 -38.3014336 2.6224668
70.0630035 -38.0255966 2.0069499
70.0362015 -38.1155472 2.51154995
70.0999985 -37.8919983 -1.24269998
70.1960983 -37.9432983 -1.19089997
70.0142975 -37.8353004 1.77489996
70.1286774 -37.8989983 2.53092504
70.0162964 -37.7061005 -1.21700001
70.1792984 -37.6086006 2.13750005
70.1860962 -37.7748985 2.36019993
70.0482483 -37.6873856 2.48591661
70.0150986 -37.5237007 -1.22399998
70.060257 -37.4993973 1.72460008
70.0942993 -37.5457001 2.38849998
70.0650253 -37.4811745 2.46565008
70.0512009 -37.3541985 -1.21280003
70.1407471 -37.2303505 1.31494999
70.0981979 -37.3554001 2.40989995
70.0928192 -37.1091194 1.32720006
70.0971985 -37.0628014 1.58720005
70.1378021 -37.0639 1.78670001
70.0787659 -37.0643654 1.96336663
70.1620026 -37.0705986 2.10640001
70.0551529 -36.9099998 1.46099997
70.1428986 -36.9361992 1.84089994
70.1139297 -36.8918648 2.09926677
70.0451965 -36.7979012 1.43439996
70.0914001 -36.714901 1.68059993
70.1565628 -36.7086334 1.90263331
70.0842972 -36.4976006 -1.25740004
70.1311035 -36.5088997 1.39059997
70.1501465 -36.442749 1.58885002
70.1512833 -36.5248413 1.66688001
70.1373978 -36.4308014 1.82599998
70.0431519 -36.4553986 2.12615013
70.1863022 -36.3280983 1.45539999
70.1288376 -36.2689018 1.75133336
70.1500015 -36.3944016 1.97920001
70.0758972 -36.0703964 1.58345008
70.0614014 -36.0503006 2.15100002
70.072197 -35.9887009 -1.23599994
70.0976486 -35.839798 1.52684999
70.1618958 -35.9720993 1.66715002
70.1074982 -35.8716011 1.88045001
70.0953979 -35.8241005 2.10560012
70.0418015 -35.8680992 2.31399989
70.1183014 -35.7491989 -1.29470003
70.069603 -35.7085991 1.39460003
70.0921631 -35.7153511 1.51013339
70.0870819 -35.6794815 1.67522001
70.0441742 -35.7187729 1.84870005
70.1187973 -35.4603996 -1.29340005
70.0201035 -35.5027008 1.53629994
70.125 -35.4538002 1.67289996
70.0905991 -35.5749016 5.33710003
70.1151962 -35.4998016 5.49363327
70.0983963 -35.3930016 -1.30350006
70.1197052 -35.2519989 1.55115008
70.086731 -35.3172684 1.71733332
70.0375977 -35.3037987 2.30739999
70.1362 -35.0959015 -1.31330001
70.1900024 -35.1819 1.58169997
70.1090775 -35.0975494 1.71182501
70.0518036 -35.1696014 1.847
70.1087036 -35.0434494 5.14900017
70.0755005 -35.1439018 5.2895999
70.1847 -34.9981995 -1.35640001
70.0921021 -34.8647003 1.3362
70.1217499 -34.8954391 1.71722507
70.092453 -34.8635483 1.8740499
70.1501999 -34.8144989 2.31690001
70.1185989 -34.7022018 -1.34329998
70.0802689 -34.7664986 1.3925333
70.1875992 -34.7588005 1.55879998
70.1173782 -34.7768478 1.71297503
70.1154022 -34.7262993 1.92002499
70.0412674 -34.7035675 2.03489995
70.1067505 -34.4113007 -1.32599998
70.106781 -34.5219803 1.95570004
70.0817642 -34.472332 2.10326672
70.0566025 -34.468399 2.33119988
70.177002 -34.2854004 1.87230003
70.1249008 -34.3970985 2.08780003
70.0554047 -34.3072014 2.31139994
70.0287018 -34.3311005 2.52999997
70.0771027 -34.1534004 -1.3661499
70.1398468 -34.174202 2.1552
70.1106186 -34.1092682 2.30211663
70.0367966 -34.103199 2.44379997
70.1731033 -34.1971016 3.11400008
70.026001 -33.8008995 -1.32729995
70.178299 -33.9644012 2.19749999
70.0832977 -33.8161011 2.25629997
70.1233978 -33.9436989 2.40490007
70.1997986 -33.6786003 2.31010008
70.1495972 -33.6189995 2.48329997
70.0978012 -33.4919014 -1.41579998
70.0064011 -33.5390015 -1.31739998
70.1428986 -33.4728012 2.15779996
70.086731 -33.4994316 2.24946666
70.100502 -33.5209999 2.46539998
70.1060486 -33.228653 -1.35564995
70.1788025 -33.3190994 2.1631999
70.1445999 -33.3627319 2.26799989
70.1290665 -33.3270683 2.49716663
70.0597 -33.3055992 2.62919998
70.0864029 -33.0699005 -1.25950003
70.1163025 -33.0946999 -1.05649996
70.0733032 -33.0301018 -0.878799975
70.1121521 -33.0905991 -0.715299964
70.1491013 -33.0084991 -0.431800008
70.1106491 -33.0159492 -0.296050012
70.1128006 -33.0074005 -0.0737000033
70.1634979 -33.0685005 0.116999999
70.1823654 -33.0698013 0.269899994
70.0861511 -33.0130997 0.475400031
70.0242996 -33.0287018 0.733299971
70.1996994 -33.0054016 1.27489996
70.1681061 -33.0409508 2.53644991
70.086998 -33.0447006 2.60879993
70.1435013 -32.8168983 -1.54229999
70.06604 -32.9246712 -1.27931428
70.1046982 -32.8170242 -1.07087505
70.0617218 -32.9048386 -0.885339975
70.116951 -32.8292503 -0.729025006
70.1127472 -32.899601 -0.524924994
70.0955353 -32.8740005 -0.280216664
70.1598663 -32.8960342 -0.123966664
70.1409378 -32.9214325 0.091566667
70.1621323 -32.9226685 0.37893334
70.1449738 -32.9635506 0.492524981
70.1505356 -32.9425659 0.66566664
70.1248016 -32.9440002 1.18490005
70.0031967 -32.8174019 2.54590011
70.1292038 -32.8149986 3.02850008
70.1454163 -32.7669678 -1.27953339
70.1905975 -32.7662659 -1.1425333
70.1675034 -32.7901001 -0.922900021
70.1735992 -32.7691498 -0.675249994
70.1072998 -32.7610016 2.50970006
70.1360016 -32.3613014 -1.3779
70.0022964 -32.2137985 1.37800002
70.0296936 -32.2846985 1.47060001
70.1595993 -32.2989006 2.24070001
70.0923004 -32.1241493 1.46455002
70.0572968 -32.0754013 1.60420001
70.1156006 -32.1694984 1.97710001
70.1053619 -32.0660324 2.11376667
70.0222015 -32.0358009 3.6967001
70.1164017 -31.9099998 -1.46290004
70.0856476 -31.9478989 -1.39859998
70.0906982 -31.9874992 1.91279995
70.0250702 -31.9274006 2.09133339
70.0972519 -31.8879509 2.25040007
70.0610962 -31.7563992 -1.43700004
70.0195999 -31.7255001 2.16079998
70.1668015 -31.7824993 2.29590011
70.1559982 -31.7124996 3.35290003
70.0630035 -31.5888996 -1.43970001
70.1868973 -31.5884991 1.61010003
70.156601 -31.2143002 -1.48230004
70.075798 -31.2042999 1.99230003
70.033699 -31.3962002 2.23370004
70.1657028 -31.0412006 -1.45969999
70.0646973 -30.9083004 -1.50010002
70.1183014 -30.9782009 2.10520005
70.1065979 -30.9321995 3.13899994
70.0681992 -30.6574326 -1.47736669
70.047699 -30.7106991 1.79809999
70.0661011 -30.7094498 1.87019992
70.1618958 -30.71315 2.17484999
70.0756989 -30.6714993 2.45740008
70.1184998 -30.6806488 3.03539991
70.1573029 -30.6767998 4.4440999
70.1240997 -30.6277008 5.62599993
70.1231003 -30.5074997 -1.4928
70.1732025 -30.5764008 2.27169991
70.1465988 -30.4673672 2.70860004
70.1635971 -30.5953007 2.94309998
70.1821976 -30.5886993 3.1479001
70.1376495 -30.4960995 5.51195002
70.1085968 -30.2918739 -1.48759997
70.0437012 -30.3992996 2.37709999
70.1893997 -30.3901997 2.5388
70.1723022 -30.3654003 4.3657999
70.1828995 -30.3983994 5.05950022
70.0950012 -30.0433006 -1.48679996
70.0939026 -30.1272659 2.50353336
70.1844482 -30.09865 4.29240036
70.0764999 -30.1662998 5.83729982
70.0781479 -29.9248009 -1.49814999
70.1322021 -29.8780994 2.56965017
70.1924973 -29.8763008 2.60560012
70.0279999 -29.8729992 4.27950001
70.0122986 -29.6553001 -1.53299999
70.0899963 -29.7992001 2.58019996
70.1432266 -29.7098255 2.64499998
70.0017014 -29.7208004 4.19019985
70.172699 -29.7900009 5.41639996
70.1010971 -29.4747009 -1.52359998
70.0846024 -29.5862007 5.10200024
70.0768967 -29.0496998 -1.53649998
70.0736008 -29.0158005 4.58300018
70.0021973 -28.8374996 -1.51450002
70.137001 -28.8428993 3.4907999
70.0562973 -28.8377991 3.64949989
70.1557007 -28.7014999 -1.35459995
70.1893005 -28.6107006 0.897000015
70.1490021 -28.6322994 2.08969998
70.143898 -28.6814995 2.39960003
70.1638031 -28.611351 2.65269995
70.134201 -28.6378002 2.93919992
70.1961975 -28.6889992 3.10489988
70.1050491 -28.6734505 3.2887001
70.1167984 -28.7905998 3.43540001
70.1523361 -28.6716671 3.67250013
70.0457993 -28.7084007 4.31239986
70.0536499 -28.4872494 -1.53057504
70.1997986 -28.5091991 0.886699975
70.1554489 -28.5307999 1.07305002
70.1137009 -28.5995998 1.34969997
70.1486969 -28.5198994 1.56359994
70.1505966 -28.5156002 1.68966663
70.1423035 -28.517601 1.88444996
70.1327057 -28.485199 2.04145002
70.1620483 -28.5522003 2.30320001
70.1740341 -28.5378666 2.52596664
70.1615677 -28.552 2.70206666
70.1539001 -28.5729008 3.23530006
70.1334991 -28.5083008 3.74309993
70.0397034 -28.5287991 3.82870007
70.1011963 -28.218399 -1.5618
70.0646973 -28.3111 3.76079988
70.060997 -28.3603001 4.37599993
70.1587982 -28.0832996 -1.55250001
70.1939011 -28.0032997 2.34590006
70.1920013 -28.052 2.40199995
70.0390015 -28.0338993 3.15689993
70.1519318 -27.880434 2.29826665
70.1106033 -27.9095993 2.41619992
70.083252 -27.9860001 2.64365005
70.0406036 -27.9403992 3.0710001
70.010498 -27.6431999 -1.60389996
70.0899963 -27.7845993 -1.59749997
70.0785522 -27.7413998 2.26975012
70.040947 -27.7258987 3.10409999
70.1567993 -27.6851006 3.97889996
70.1598969 -27.6473999 4.1020999
70.199501 -27.7064991 4.26809978
70.1857986 -27.4622002 -1.60689998
70.0198975 -27.5543995 2.18400002
70.0918503 -27.5653 3.10844994
70.1575012 -27.5979004 4.25610018
70.0826035 -27.3687992 -1.60309994
70.1163025 -27.2796001 2.9440999
70.0859528 -27.3349991 3.13759995
70.1284027 -27.3398991 3.37649989
70.1322021 -27.3570995 3.98230004
70.0641022 -27.0510998 -1.60039997
70.0939484 -27.0746994 2.67549992
70.1798019 -27.1662998 2.9684
70.0242996 -27.0289993 3.06769991
70.1219025 -27.0356007 3.4625001
70.0046997 -27.1530991 3.66659999
70.1567001 -26.8994999 -1.58920002
70.0969009 -26.9881992 3.81559992
70.1297989 -26.6509991 -1.52559996
70.1141968 -26.7479 2.51040006
70.0438538 -26.5651512 -1.62054992
70.1307526 -26.2525501 -1.65225005
70.0438995 -25.8887997 -1.65489995
70.1873016 -25.7026997 -1.58539999
70.1498032 -25.6401005 -1.22249997
70.1479034 -25.4815006 -1.39090002
70.092598 -25.5277996 -1.1372
70.1740036 -25.4736252 -0.917374969
70.0949326 -25.4476662 -0.692099988
70.1996994 -25.4195004 -0.498100013
70.1677017 -25.3644009 -1.71969998
70.1674042 -25.3853989 -0.937600017
70.1922989 -25.3171997 -0.677299976
70.1762543 -25.35075 -0.572549999
70.1759644 -25.2748337 -0.0880333334
70.1536331 -25.2564659 0.124566667
70.0518036 -25.1226997 -1.69719994
70.1751022 -25.1755009 -0.165000007
70.1710968 -25.1250992 0.204400003
70.1255951 -25.02635 1.03705001
70.115303 -24.8976994 -1.66470003
70.1472015 -24.9262009 0.910399973
70.1865005 -24.9064999 1.70829999
70.1719971 -24.8924007 1.94410002
70.1363678 -24.8762169 2.13236666
70.115097 -24.8901253 2.2815001
70.1445312 -24.9183006 2.52333331
70.1302032 -24.8282509 2.69724989
70.1760025 -24.8162003 4.16660023
70.1716995 -24.8351994 4.70679998
70.1662979 -24.7845993 2.12940001
70.1461945 -24.7311001 2.28235006
70.1205521 -24.7536507 2.46490002
70.1308365 -24.7025661 2.67963338
70.1537476 -24.6707993 2.95225
70.0719986 -24.6432991 3.01959991
70.1146011 -24.7259007 4.26999998
70.0867004 -24.6874008 4.50309992
70.0311966 -24.5730991 -1.70270002
70.1246033 -24.5037003 2.70029998
70.1542969 -24.5615005 2.95799994
70.0343018 -24.5128002 3.11299992
70.0781021 -24.4929008 3.23539996
70.0690994 -24.5361996 4.50400019
70.0486984 -24.2361984 3.2736001
70.0827026 -24.2059994 3.61420012
70.1621017 -24.0168991 3.1013999
70.0578003 -24.1739006 3.60719991
70.1054993 -23.9069004 -1.73545003
70.1725998 -23.8610001 2.95790005
70.0518036 -23.9428997 3.16849995
70.0121002 -23.7061996 -1.66639996
70.1391983 -23.6501007 2.29949999
70.1969986 -23.6492996 2.48390007
70.1422348 -23.7033329 3.24386668
70.1009979 -23.4944 -1.74479997
70.1383972 -23.4514999 2.12890005
70.0389023 -23.3619003 -1.75450003
70.1166992 -23.3369999 1.74436665
70.004097 -23.2565002 2.75300002
70.0062027 -23.1058006 -1.78929996
70.0904007 -23.0872002 1.31140006
70.0133972 -23.1128006 2.34060001
70.1634979 -22.8344994 -1.79120004
70.0103989 -22.9890995 2.1565001
70.1460037 -22.8532009 2.25049996
70.1894989 -22.7348003 -1.7902
70.053299 -22.6764336 0.855933309
70.1585007 -22.6028004 1.09179997
70.0286484 -22.7891006 1.22440004
70.1829987 -22.6907005 2.15820003
70.1940002 -22.6047001 2.30599999
70.0848541 -22.4499016 -1.79139996
70.0083008 -22.4480991 0.785399973
70.0723038 -22.5830002 0.920000017
70.0921021 -22.4832001 1.5352
70.0170288 -22.4618664 1.6985333
70.1075439 -22.4719009 1.83179998
70.097168 -22.4858341 2.06303334
70.1266937 -22.2999496 -1.7808001
70.0093002 -22.2285004 0.787199974
70.0609512 -22.2677002 1.51744998
70.0487061 -22.3466988 1.61979997
70.085701 -22.3471489 1.92164993
70.1746979 -22.3950005 2.31920004
70.1007996 -22.2467995 5.07959986
70.1575012 -22.2152004 5.87629986
70.1213989 -22.0480995 -1.81760001
70.0328979 -22.0046005 0.931500018
70.044899 -22.1236 1.53680003
70.1147766 -22.0874004 1.65849996
70.1900024 -22.0254002 2.44659996
70.0177002 -22.0790005 3.87059999
70.1415024 -22.1123009 5.9073
70.1036987 -21.9116001 -1.85950005
70.0948029 -21.8873005 0.828700006
70.1402969 -21.9846992 1.54429996
70.1704559 -21.9160004 1.66279995
70.0147018 -21.9309998 2.51880002
70.0495987 -21.8978996 3.97239995
70.064003 -21.8362999 5.86749983
70.1219025 -21.7122993 0.837899983
70.059494 -21.6678009 2.53495002
70.0501022 -21.6422997 2.76480007
70.0500031 -21.7394009 3.53550005
70.0624008 -21.7131329 3.61506677
70.1233978 -21.7992001 4.01879978
70.1023483 -21.7063999 5.2758503
70.0901031 -21.6877995 5.64330006
70.0158005 -21.4752007 -1.78750002
70.1511002 -21.5039005 0.851700008
70.1456985 -21.5135994 2.33960009
70.1092987 -21.5967007 4.42749977
70.1379242 -21.3203754 0.898925006
70.1435013 -21.2367001 1.03579998
70.1354599 -21.2716789 2.50291991
70.0730362 -21.1226997 -1.84893334
70.126503 -21.1329002 0.585399985
70.1936035 -21.0662994 0.762399971
70.1314011 -21.1060677 0.87713331
70.0072021 -21.1625996 1.03260005
70.134903 -21.1979008 1.36170006
70.1467972 -21.0377998 2.39260006
70.0937271 -21.1187248 2.51679993
70.0531006 -20.8369007 -1.85329998
70.1837997 -20.8068008 0.778500021
70.1206894 -20.9403553 0.920577765
70.1272659 -20.8471832 1.11339998
70.0791473 -20.90835 1.25195003
70.1383972 -20.9591999 2.33579993
70.0037003 -20.8852997 2.45079994
70.174736 -20.763567 0.907333314
70.1641006 -20.1049995 -1.88629997
70.3588486 -39.8945999 -1.13205004
70.3454971 -39.6780014 -1.13419998
70.2834015 -39.5744019 -1.15939999
70.2130966 -39.1502991 -1.16400003
70.2724991 -38.9250984 -1.17780006
70.2754669 -38.8915672 2.71880007
70.3860016 -38.6717987 -1.1918
70.2485504 -38.6309509 2.28964996
70.215477 -38.6581993 2.46755004
70.3144989 -38.7896004 2.65070009
70.2167969 -38.4575996 -1.17320001
70.2926025 -38.4431992 2.17020011
70.2875824 -38.5190811 2.32437992
70.2397995 -38.2923012 2.19160008
70.3284225 -38.317627 2.28055
70.3722 -38.1334 -1.18920004
70.2516022 -38.093399 2.36059999
70.2268982 -38.0999985 2.47219992
70.3778992 -37.8792 2.10700011
70.2445984 -37.8997498 2.49940014
70.2885513 -37.6567993 1.83450007
70.2520981 -37.7178993 2.0308001
70.2813492 -37.7364502 2.49055004
70.2917633 -37.0888977 -1.27106667
70.2687988 -36.9099998 1.92820001
70.3744965 -36.8806 2.31739998
70.2485962 -36.6674004 1.60450006
70.3528976 -36.5330009 -1.2651
70.2603455 -36.5423012 1.51935005
70.2281494 -36.5280991 1.64744997
70.2073975 -36.4043999 1.83640003
70.294899 -36.5999985 2.0006001
70.2685547 -36.214901 -1.28340006
70.2241974 -36.362999 1.37300003
70.2858353 -36.3024673 1.4624666
70.2614517 -36.3222504 1.64995003
70.2988968 -36.2719002 1.85940003
70.3535004 -36.1271019 -1.27240002
70.2922974 -36.0741653 1.94826663
70.3031006 -36.1133003 2.0467
70.2419968 -36.1593018 2.27780008
70.2773972 -35.8423004 1.55120003
70.3638992 -35.9696999 1.70309997
70.3240967 -35.8694 1.82350004
70.2225037 -35.9814987 2.00040007
70.243103 -35.9462013 2.24160004
70.2021027 -35.7048988 -1.34399998
70.3337021 -35.7062988 1.39059997
70.3040695 -35.711235 1.49568331
70.3159637 -35.7374687 1.69566667
70.2349014 -35.4581985 -1.32500005
70.2785034 -35.5923004 5.06220007
70.3212509 -35.5151978 5.32734966
70.2787018 -35.5976982 5.47049999
70.2574005 -35.3185005 -1.29690003
70.3347473 -35.3660507 -0.871199965
70.3014984 -35.2927017 1.32186663
70.3160629 -35.2494659 1.54893327
70.3843994 -35.0680008 0.889199972
70.3237305 -35.0919228 1.28577495
70.2900543 -35.0560989 1.58194995
70.373703 -35.1799011 1.68939996
70.3040009 -35.0589981 1.8276
70.351799 -35.0455017 5.31510019
70.3833008 -34.8902016 -1.34570003
70.3339539 -34.8303528 1.33284998
70.2908707 -34.8310318 1.50513327
70.302803 -34.8040009 1.65919995
70.3067474 -34.8129501 1.90289998
70.2953033 -34.9376984 5.33099985
70.2914505 -34.7278519 1.36750007
70.284935 -34.701149 1.50625002
70.3125305 -34.7127991 1.65896666
70.3403015 -34.6011009 2.11350012
70.2230988 -34.5750008 -1.3355
70.3372955 -34.5152969 1.64094996
70.3328171 -34.4962654 1.92003334
70.3290024 -34.3344994 -0.978399992
70.2500305 -34.3164024 2.06890011
70.3539963 -34.1920013 -1.33369994
70.3862991 -34.0126991 1.78180003
70.3031006 -34.0666008 1.89119995
70.2426987 -34.0931015 2.0611999
70.2719193 -34.0860214 2.24957991
70.2846985 -33.8927994 -1.35074997
70.3466034 -33.9919014 1.81560004
70.2733994 -33.9608994 2.15560007
70.2059021 -33.9780006 2.32710004
70.2248001 -33.7961006 2.54439998
70.3227997 -33.448101 -1.37310004
70.2229004 -33.5287018 2.24769998
70.2460022 -33.2588997 -1.40559995
70.3786011 -33.2215996 1.24129999
70.2944641 -33.306633 2.07846665
70.2588043 -33.3188019 2.26699996
70.2285995 -33.2979012 2.46269989
70.2041016 -33.1372986 0.144700006
70.2203979 -33.138401 0.359800011
70.2889557 -33.1044502 0.493650019
70.2260513 -33.0698738 0.685424984
70.2763596 -33.1254387 0.94848001
70.2931213 -33.1077271 1.09189999
70.3152313 -33.0939255 1.37475002
70.3320312 -33.1129494 1.53655005
70.3548431 -33.1114998 1.67988002
70.3513031 -33.0666008 1.88003337
70.3354645 -33.1357002 2.04200006
70.2155991 -33.0135002 2.32660007
70.2888031 -33.0718498 2.53569984
70.2827454 -33.1864014 2.70770001
70.2514038 -32.8498993 -1.26894999
70.2677002 -32.8345985 -1.1516
70.3832016 -32.841301 -0.967400014
70.2640991 -32.8234329 -0.480833322
70.2640991 -32.8120003 -0.363499999
70.343399 -32.9090004 -0.052099999
70.2564621 -32.8653183 0.106679998
70.3020782 -32.8502998 0.285899997
70.2772522 -32.852623 0.491625011
70.2988434 -32.900444 0.75207144
70.2839966 -32.921524 0.913699985
70.3067017 -32.9197502 1.10730004
70.3327408 -32.9379196 1.28087997
70.3105469 -32.9570007 1.45219994
70.3558502 -32.9906998 1.77205002
70.3908997 -32.9892998 1.93464994
70.2659988 -32.9031982 3.07119989
70.3177261 -32.7233009 -1.30345714
70.3122025 -32.7655678 -1.07183337
70.3187561 -32.7648506 -0.868000031
70.2624588 -32.7632408 -0.705260038
70.2799683 -32.783535 -0.446999997
70.2636719 -32.779274 -0.324674994
70.2482986 -32.7876015 -0.155900002
70.2294006 -32.4303017 2.23920012
70.2785034 -32.2148018 -1.41199994
70.3531036 -32.296299 -1.38499999
70.2096024 -32.3437996 2.15869999
70.2911987 -32.3163986 2.27153349
70.281601 -32.1007996 2.06809998
70.2718964 -32.1704483 2.22485018
70.3911972 -32.0144997 3.32319999
70.240303 -31.9169006 -1.42579997
70.2378998 -31.9902 -1.36210001
70.357399 -31.8148994 1.37919998
70.3045578 -31.8716393 1.46241999
70.2845001 -31.8658676 2.30363345
70.3901978 -31.6301994 -1.38769996
70.3539963 -31.7535992 1.37409997
70.3432999 -31.7351665 1.50873339
70.2798996 -31.6597004 2.23530006
70.2530975 -31.4884491 -1.44770002
70.3778 -31.4022999 -1.1789
70.2650986 -31.4237003 2.81550002
70.3022003 -31.3359661 2.26646662
70.2536469 -31.2558002 2.66750002
70.3896027 -31.1544991 -1.15559995
70.3620453 -31.0770493 2.10899997
70.3488007 -31.0991993 2.24950004
70.2303009 -30.9372005 2.16930008
70.3031006 -30.8111 2.79380012
70.2694016 -30.8834991 3.17260003
70.2291031 -30.7751007 -1.45159996
70.3798981 -30.6126003 -1.051
70.3814011 -30.7653008 -0.99879998
70.2213974 -30.6434002 1.83019996
70.3320007 -30.6273003 2.15215015
70.2223969 -30.6277504 2.26060009
70.3228989 -30.6539497 2.78695011
70.2641983 -30.6518993 2.83759999
70.2641678 -30.6566658 3.10046673
70.2966995 -30.6431999 4.26079988
70.370903 -30.6651993 4.60400009
70.2276993 -30.5550003 -1.43879998
70.3609009 -30.5522499 1.93359995
70.2059021 -30.5638008 2.3059001
70.331398 -30.5123005 2.40879989
70.2233963 -30.5762997 2.6631999
70.3327026 -30.4941006 4.22949982
70.2705002 -30.4552002 5.58249998
70.3453979 -30.3691998 -1.49960005
70.3881989 -30.2078991 -1.11010003
70.2357025 -30.2493992 2.55800009
70.3924026 -30.3703995 4.95079994
70.3079987 -30.3890991 5.59170008
70.3975983 -30.0657005 -1.24849999
70.3153992 -30.1697006 5.56459999
70.3533936 -29.9780006 -1.1027
70.3786011 -29.9561996 -0.981299996
70.2368011 -29.6641006 4.11199999
70.2324982 -29.6830997 4.22219992
70.2845993 -29.7427998 4.45440006
70.3896027 -29.7518005 5.32480001
70.2070999 -29.4712009 2.69050002
70.3503036 -29.4510994 5.28200006
70.2886963 -29.2723007 -1.48609996
70.3294067 -29.2742996 2.76279998
70.279007 -29.2539501 2.83799982
70.3627014 -29.3099995 5.06020021
70.2875214 -29.068924 2.92072487
70.3983002 -29.1718998 4.34189987
70.2768021 -28.8702011 3.02979994
70.336998 -28.8029995 3.31480002
70.2659302 -28.6613674 -1.47729993
70.3160019 -28.6641674 -1.29783332
70.3892975 -28.6016006 -1.07920003
70.3199005 -28.6497993 -0.874199986
70.3793488 -28.6190491 -0.379099995
70.3728027 -28.6529999 -0.0680999979
70.3380051 -28.6583328 0.0603333339
70.2895966 -28.6342506 0.572099984
70.2900009 -28.6488991 0.701174974
70.2951355 -28.6327 0.893833339
70.3144531 -28.6852989 1.11529994
70.2636337 -28.6756172 1.28445005
70.2393341 -28.6864662 1.47000003
70.2785034 -28.6480007 1.73730004
70.2287674 -28.6730995 2.05686665
70.2957153 -28.6976662 2.27480006
70.2936478 -28.6924 2.42735004
70.2567215 -28.6930199 2.8764801
70.2710037 -28.7212009 3.07649994
70.3090515 -28.5274658 -1.52273333
70.3328018 -28.5116005 -1.31395006
70.2963715 -28.5155334 -1.08706665
70.3153152 -28.5362434 -0.902114272
70.3480606 -28.5039597 -0.690379977
70.3663025 -28.5632 -0.459850013
70.370697 -28.5216999 -0.280324996
70.3788834 -28.5308208 -0.0987599939
70.338913 -28.5257492 0.127199993
70.3311005 -28.5427246 0.318749994
70.322052 -28.5117493 0.459766656
70.3130341 -28.5052242 0.713500023
70.3114471 -28.499649 0.932325006
70.2922974 -28.4847603 1.10107005
70.2718887 -28.4816246 1.32340002
70.2593155 -28.4763851 1.47132862
70.2561417 -28.4575005 1.72572005
70.2675476 -28.4514999 1.93367505
70.2587967 -28.499485 2.09047151
70.2977371 -28.4307995 2.29229999
70.2043991 -28.4435005 2.53814983
70.2268677 -28.5503006 2.70939994
70.2451019 -28.5132999 2.80975008
70.2554932 -28.4477501 3.03499985
70.2923965 -28.4489994 3.73860002
70.2725983 -28.5067005 3.81130004
70.3423996 -28.4570999 4.51200008
70.3899994 -28.2931995 -1.5948
70.2330017 -28.3876991 1.72570002
70.294899 -28.3952007 2.40639997
70.2659988 -28.3199997 2.74830008
70.3059998 -28.3087997 2.93184996
70.2826996 -28.3924007 3.01559997
70.3526993 -28.2952995 4.42990017
70.2762985 -28.0916996 -1.60399997
70.2731018 -28.0617676 2.68313336
70.2420044 -28.0523987 2.94509983
70.322197 -28.0821991 4.2979002
70.2826996 -27.8446999 -1.21669996
70.3155975 -27.8353004 -1.14830005
70.2325439 -27.9584999 4.26739979
70.3042984 -27.7978001 -1.60039997
70.3739014 -27.7464008 -1.39199996
70.3081512 -27.7192993 -1.10065007
70.3538971 -27.4200001 -1.60979998
70.3785019 -27.5342007 -1.49510002
70.338501 -27.5263996 -1.14170003
70.2628021 -27.4831009 3.16000009
70.2984009 -27.2776012 2.86086679
70.3287964 -27.1384506 3.04080009
70.2445984 -27.1527004 3.94059992
70.2771988 -26.9769993 -1.60520005
70.3825989 -26.8122005 4.00519991
70.3179016 -26.9120007 4.3032999
70.2973022 -26.7320995 -1.61979997
70.3098984 -26.6835995 -1.59790003
70.3781967 -26.7485008 2.61470008
70.2556992 -26.7234001 2.96449995
70.2231979 -26.7968998 3.02390003
70.3945999 -26.6284008 4.11549997
70.3439026 -26.5261002 -1.60679996
70.3412018 -26.3621006 -1.61099994
70.3601303 -26.3542995 -1.23356676
70.2453995 -26.3192997 4.17850018
70.2020035 -26.2464008 4.20130014
70.3343048 -26.0869999 -1.65164995
70.3249969 -25.9375 -1.6279
70.3618011 -25.8134995 -1.53369999
70.3033981 -25.6163998 -1.67820001
70.3015518 -25.6588497 -1.10874999
70.2674026 -25.6095009 -0.92839998
70.2895355 -25.4776993 -1.6324333
70.3063889 -25.5088749 -1.51083755
70.2577896 -25.4746857 -1.29760003
70.2443542 -25.4853859 -1.07271433
70.2539978 -25.4762497 -0.848049998
70.2307053 -25.4483337 -0.686833322
70.2613983 -25.4258995 -0.517099977
70.3000031 -25.2283001 -1.6652
70.3980026 -25.3635998 -1.42149997
70.2873993 -25.3885994 -1.35710001
70.3481445 -25.3317757 -1.07975006
70.3156586 -25.316761 -0.895640016
70.2779541 -25.2898712 -0.731671453
70.2670135 -25.2856865 -0.480171412
70.2525024 -25.2940998 -0.264466673
70.2301025 -25.2806511 -0.101483338
70.2440948 -25.2735252 0.0764999986
70.2713623 -25.2434406 0.281280011
70.3293991 -25.2539997 0.512000024
70.3841019 -25.1966991 -0.60710001
70.3544998 -25.191 -0.562099993
70.3442993 -25.1700993 -0.362833321
70.3035736 -25.1458244 -0.0855500028
70.3039551 -25.1087227 0.101944447
70.2742157 -25.1129284 0.281742871
70.3050613 -25.1163864 0.509271443
70.2838516 -25.034626 0.710425019
70.271698 -25.1111012 0.893812478
70.2454529 -25.0754166 1.05411673
70.3193741 -25.0935001 1.29457498
70.3587036 -25.1000996 1.56190002
70.3514023 -25.0273991 1.60539997
70.2408981 -25.0095997 1.87440002
70.3605957 -24.9784508 0.473399997
70.3067017 -24.9620247 0.666800022
70.2620697 -24.932127 0.913509071
70.2744141 -24.9025002 1.0825125
70.2657089 -24.9110889 1.29526663
70.2558823 -24.8887005 1.47844005
70.2463608 -24.902113 1.69832492
70.2609024 -24.8853436 1.89571428
70.2569427 -24.9493599 2.11703992
70.200798 -24.8104992 2.4289999
70.3677979 -24.9517002 4.56610012
70.2889023 -24.7987995 1.78980005
70.3197021 -24.7394009 2.11430001
70.2536011 -24.6998997 2.29450011
70.2248993 -24.6504002 2.43464994
70.2907333 -24.7708664 3.09786677
70.3224487 -24.7698002 3.29449987
70.2481995 -24.6541004 4.7592001
70.373497 -24.4932003 -1.69140005
70.280098 -24.4456997 2.95020008
70.2378006 -24.4825993 3.08220005
70.2525711 -24.4456329 3.28266668
70.2439499 -24.2695999 -1.73294997
70.2897949 -24.2747498 -1.31960011
70.3691025 -24.2049007 2.79150009
70.2388992 -24.0347004 -1.72280002
70.3346558 -24.0998993 -1.33214998
70.3852005 -24.1336994 2.79399991
70.3635025 -24.1870995 2.89700007
70.2574997 -24.1896992 3.9625001
70.3363037 -23.9174995 -1.74269998
70.3899994 -23.9857006 -1.38380003
70.3287964 -23.6597996 -1.7392
70.3834 -23.7376003 -1.33089995
70.3347015 -23.4846001 -1.72720003
70.3383484 -23.4835014 -1.32990003
70.2313004 -23.5088005 2.32419991
70.2045975 -23.5564995 3.01239991
70.3562012 -23.2605495 -1.37579989
70.2863998 -23.2316513 1.56015003
70.3498993 -23.2477989 1.7313
70.3786011 -23.3731995 1.89810002
70.2698975 -23.0970993 -1.78129995
70.2268982 -23.1119995 1.54760003
70.2204971 -23.0599003 1.76040006
70.3383026 -23.0695 2.13669991
70.3746033 -23.1119995 2.43000007
70.320343 -22.8240013 -1.74734998
70.3594971 -22.8026009 -1.46809995
70.3774033 -22.8148994 2.23729992
70.2359009 -22.7563 -1.7816
70.3467026 -22.6109009 -1.41069996
70.2766037 -22.7583332 -1.37436664
70.2126999 -22.4712009 1.9641
70.3105469 -22.4449005 2.05004978
70.2903976 -22.5310001 2.24749994
70.2337036 -22.2724991 1.67019999
70.2561951 -22.3591003 1.93263328
70.3654022 -22.3197498 2.04400015
70.2798996 -22.3901005 2.39639997
70.2690964 -22.2910004 3.27909994
70.2891998 -22.0893002 -1.829
70.3001022 -22.0778008 2.21950006
70.2108002 -22.1350002 5.09320021
70.2279968 -21.9719009 -1.8585
70.3207016 -21.9960995 -1.77279997
70.3014526 -21.834549 0.995299995
70.3228455 -21.8840485 1.02520001
70.3638458 -21.8792496 1.36074996
70.3853989 -21.882 3.38790011
70.3235016 -21.9964008 4.98810005
70.2898483 -21.90345 5.15299988
70.2809982 -21.7722664 0.928466678
70.3507004 -21.7345009 1.05560005
70.3961029 -21.6993008 2.58019996
70.2076035 -21.7017994 3.2967999
70.2162018 -21.6564007 3.49099994
70.2416 -21.6464996 4.69089985
70.3582001 -21.4279003 2.51130009
70.2963028 -21.4078007 4.31260014
70.2575989 -21.4878006 4.78410006
70.3262024 -21.5159988 5.34634972
70.3469009 -21.5058002 5.59899998
70.2193985 -21.4347 5.70690012
70.2682343 -21.2887669 0.780699968
70.2279663 -21.3261662 0.87013334
70.3478012 -21.2789993 2.28999996
70.3049011 -21.2751007 2.48510003
70.3164978 -21.1357498 -1.85864997
70.2173004 -21.0723991 2.3274498
70.362999 -20.8495007 0.711799979
70.2182007 -20.9242992 0.923500001
70.2872467 -20.8482494 1.08640003
70.210701 -20.9960003 2.26110005
70.2111969 -20.7936001 1.01760006
70.2372284 -20.7474251 1.25339997
70.2009964 -20.4792004 -1.88859999
70.3074036 -20.3320007 -1.8865
70.2713013 -20.1466999 -1.90149999
70.4866943 -39.6439514 -1.15339994
70.501503 -39.3213005 -1.15110004
70.4459 -39.1638985 -1.11969995
70.4440994 -38.9348984 -1.18669999
70.5839996 -38.5918007 -1.20290005
70.5028992 -38.4604988 2.18889999
70.5833969 -38.3370018 -1.2141
70.4412994 -38.2933998 2.14289999
70.4596024 -38.2938004 2.21490002
70.5486984 -38.1058998 -1.13610005
70.4051971 -38.0910988 2.12890005
70.4830475 -37.8599472 1.97900009
70.4629974 -37.830349 2.05384994
70.5240021 -37.6923256 1.77162504
70.5090027 -37.6581993 1.89470005
70.5243988 -37.4017982 -1.20070004
70.5319748 -37.5508728 1.87814999
70.4465485 -37.5074005 2.53040004
70.5376968 -37.2375984 -1.18369997
70.4960022 -37.0714493 2.09245014
70.4944458 -37.0834503 2.27820015
70.5529022 -36.896801 -1.22959995
70.4611053 -36.9171982 1.89954996
70.5631027 -36.9963989 2.11969995
70.4454041 -36.953949 2.22070003
70.4796982 -36.6697998 2.31209993
70.510498 -36.4926987 -1.26530004
70.5835037 -36.5579987 1.65330005
70.4039993 -36.3644981 1.83780003
70.4921036 -36.0652008 -1.28690004
70.4965973 -36.0686493 1.7263999
70.5358658 -36.1022339 1.9100666
70.5407486 -35.9034996 -1.27939999
70.4123993 -35.9562988 1.5776
70.4712982 -35.8754005 1.72119999
70.4884033 -35.9076996 1.81669998
70.572197 -35.7315979 -1.29799998
70.5356979 -35.6113014 -1.03250003
70.5297012 -35.7240982 1.35479999
70.4113998 -35.6292992 5.57579994
70.46035 -35.484951 -0.93324995
70.484848 -35.4976006 -0.699149966
70.5055542 -35.5086517 1.32445002
70.5699005 -35.5732994 1.58580005
70.412796 -35.2921524 -1.24790001
70.4925995 -35.3317986 -1.09319997
70.5574722 -35.2741508 -0.89410001
70.575798 -35.2616005 1.83510005
70.4665985 -35.1221008 -1.324
70.5418015 -35.0561981 -1.10235
70.5107956 -35.0979996 -0.914866686
70.5577545 -35.0853348 0.887083292
70.5117111 -35.0414734 1.07472861
70.4887009 -35.0130005 1.27999997
70.5348053 -35.08955 1.78209996
70.4510651 -35.1362343 1.87673342
70.5567017 -35.019001 2.33170009
70.4660034 -35.0261993 5.29909992
70.5142975 -34.8866005 -1.32790005
70.5036469 -34.9395523 -1.08964992
70.5050964 -34.9107018 -0.999199986
70.5590973 -34.9944 0.987699986
70.5367966 -34.9602814 1.11940002
70.4823303 -34.878624 1.29639995
70.531601 -34.8871498 1.47724998
70.4851532 -34.9803009 1.8831501
70.4014969 -34.9021988 2.02040005
70.407402 -34.8524017 5.34369993
70.5437469 -34.6841507 -1.36734998
70.5484009 -34.7681999 -0.984600008
70.4219971 -34.7854996 1.13510001
70.4979019 -34.7150497 1.49501669
70.5412979 -34.6419983 1.68050003
70.5081787 -34.7178154 1.91470003
70.4642029 -34.7542992 5.20289993
70.4714966 -34.4930992 -1.32439995
70.5379028 -34.4970016 -1.07299995
70.4264984 -34.5276489 1.52174997
70.490448 -34.4635506 1.76835001
70.5167694 -34.4606323 1.8738333
70.4294968 -34.2639999 -1.40369999
70.523201 -34.2578011 -1.23580003
70.4654007 -34.2238998 -1.01639998
70.5653 -34.3519974 -0.917850018
70.5832291 -34.3079681 1.91649997
70.539299 -34.3432999 2.02390003
70.5130997 -34.1509018 -1.34949994
70.535202 -34.1959 -1.01549995
70.5146484 -34.1505508 -0.850149989
70.5345001 -34.1124001 2.09750009
70.5308533 -34.1247025 2.31230021
70.5102692 -33.9169312 -1.32886672
70.4955978 -33.9671021 2.22100019
70.4972382 -33.9514198 2.49130011
70.4913025 -33.8797989 3.0395999
70.4963989 -33.6664505 -1.33054996
70.4718018 -33.6208992 2.46449995
70.4853058 -33.6719971 2.62339997
70.4445038 -33.4262009 2.18179989
70.4868011 -33.5230484 2.27629995
70.4552994 -33.2210999 -1.4131
70.5835037 -33.3936005 -1.39839995
70.4065018 -33.2240982 1.36749995
70.4299011 -33.2341995 1.51789999
70.5282974 -33.2062988 1.70669997
70.4029007 -33.3377991 2.1178
70.450798 -33.1747017 0.592899978
70.4785004 -33.1944008 0.74150002
70.4300995 -33.054451 1.98285007
70.4398041 -33.026001 2.13499999
70.4718475 -33.0289497 2.32840014
70.5596008 -33.1169968 2.49090004
70.5739517 -33.1120529 2.69070005
70.5082016 -33.092701 4.2354002
70.4187012 -32.8275986 -0.0157999992
70.4793549 -32.8412018 0.1417
70.4544678 -32.8535652 0.32373333
70.4450302 -32.8756332 0.444666684
70.4891968 -32.8614502 0.718950033
70.4908829 -32.8879318 0.912450016
70.4798355 -32.896801 1.11903334
70.4850769 -32.9278259 1.31139994
70.4560318 -32.9091988 1.4928
70.4387741 -32.9322243 1.71539998
70.5178986 -32.9146729 1.89147496
70.4348526 -32.9524002 2.06410003
70.5289688 -32.9762001 2.29523325
70.5257263 -32.9293518 2.46775007
70.5691986 -32.9450989 3.07949996
70.513298 -32.9542999 3.37069988
70.5470963 -32.9294014 3.43470001
70.4512024 -32.9716988 4.45489979
70.4450989 -32.7798004 -1.24695003
70.5428467 -32.6351471 2.41949987
70.4254532 -32.4794006 -1.41709995
70.4326019 -32.469101 2.30279994
70.4758453 -32.4852524 2.46799994
70.4815979 -32.3582001 -1.43929994
70.4255676 -32.3300667 2.25733328
70.5031967 -32.1638985 -1.43509996
70.5578308 -32.1200981 2.14036679
70.4970016 -31.9382992 -1.39919996
70.4644012 -31.8585663 1.37716663
70.4720459 -31.8549995 1.46140003
70.5468979 -31.8813 2.27804995
70.5295486 -31.6837502 -1.44085002
70.4739304 -31.6951332 1.36246669
70.5493774 -31.71278 1.48288
70.5523987 -31.7126007 1.62919998
70.4041977 -31.7686005 2.19689989
70.45755 -31.7616501 2.24309993
70.4498978 -31.6889 2.99489999
70.5596008 -31.4463005 -1.4267
70.552948 -31.4713516 -1.16190004
70.5578995 -31.4971008 -0.831499994
70.5976028 -31.4776001 -0.777899981
70.5861969 -31.5205002 0.902199984
70.5746994 -31.4951 1.29955006
70.471199 -31.4293995 1.46399999
70.4902496 -31.4717503 2.29040003
70.4358978 -31.3726006 -1.2155
70.475235 -31.3173676 -1.0941
70.5705032 -31.2346992 -0.96450001
70.4960022 -31.3414993 2.15899992
70.5208511 -31.066 -1.06389999
70.4652023 -31.0662003 -0.966400027
70.5953979 -31.0863991 0.526499987
70.4849014 -31.0788994 0.605700016
70.5122986 -31.1102505 2.23204994
70.5495987 -31.1594009 2.44894981
70.4938965 -31.0263004 5.63360023
70.5150986 -30.8444004 -1.16760004
70.5960999 -30.9759007 0.683200002
70.5808029 -30.9976997 0.8477
70.5821991 -30.8600502 2.46875
70.5129013 -30.9265995 2.65709996
70.4439545 -30.6561012 -1.48175001
70.520401 -30.6860008 -1.10469997
70.4924011 -30.6665001 2.19020009
70.5019989 -30.7413998 2.36150002
70.5217743 -30.5536499 -1.07837498
70.4103012 -30.4223995 1.91129994
70.4389038 -30.5956993 2.0941
70.5233002 -30.5063 3.74850011
70.5262985 -30.4580002 5.50890017
70.5824966 -30.3841991 -1.49520004
70.5455017 -30.2329502 -1.0826
70.526947 -30.0791245 -1.43237495
70.5707016 -30.10425 -1.08280003
70.5807037 -30.0279999 -0.897700012
70.5703964 -30.0517006 3.85019994
70.4450989 -29.9382992 -1.38399994
70.5633545 -29.9122505 -1.05540001
70.5248032 -29.9806995 3.97749996
70.4853973 -29.8234005 4.10059977
70.4860992 -29.8789997 5.43739986
70.4973373 -29.6647339 -1.53026664
70.428299 -29.5620995 5.25990009
70.5596008 -29.2068996 4.69290018
70.5119019 -29.0048008 -1.51810002
70.5633011 -29.0704994 2.7723999
70.5709991 -29.1758995 4.97559977
70.4942474 -28.8656998 -1.45705009
70.5449982 -28.8809509 2.04204988
70.5310974 -28.8679008 2.7427001
70.5075989 -28.9745998 2.83099985
70.5149002 -28.8286991 3.39650011
70.4740982 -28.6401005 -1.42219996
70.4285965 -28.6809998 -0.829100013
70.4161987 -28.6625004 -0.718999982
70.4123993 -28.6532993 -0.442699999
70.4586029 -28.6668491 -0.330049992
70.4288025 -28.7003994 -0.112866662
70.4821014 -28.7021999 0.0798000023
70.5171967 -28.7105999 0.278800011
70.4418259 -28.7338505 0.487100005
70.5401993 -28.6903 0.751900017
70.4327545 -28.7357006 0.943700016
70.4195023 -28.6993008 2.30970001
70.592598 -28.5000992 -1.61109996
70.5065689 -28.446167 -1.49870002
70.4751663 -28.4359341 -1.32563329
70.4341507 -28.4380245 -1.12647498
70.4085999 -28.4958496 -0.979400039
70.4674225 -28.4154243 -0.727424979
70.4477158 -28.460001 -0.508437514
70.4357986 -28.4391994 -0.281675011
70.4970627 -28.4276199 -0.12026
70.4561996 -28.4300194 0.102140002
70.4533691 -28.4498653 0.289000005
70.4962006 -28.44244 0.512319982
70.487854 -28.4330502 0.686149955
70.4104004 -28.4221001 0.816699982
70.4591675 -28.4305344 1.06570005
70.4505997 -28.4733009 1.25814998
70.4309998 -28.4776993 1.54990005
70.490799 -28.4291 2.39540005
70.563797 -28.4698009 3.06990004
70.4459534 -28.4187508 3.74125004
70.4940033 -28.4319992 4.61280012
70.5125427 -28.3313503 -1.48344994
70.5371017 -28.3910332 -1.15260005
70.4613037 -28.3845005 -0.921700001
70.5561066 -28.3696995 -0.697399974
70.4689026 -28.3848495 -0.429199994
70.5338974 -28.3798008 -0.240799993
70.4688034 -28.3696995 0.00179999997
70.4402466 -28.3789997 0.318099976
70.5128021 -28.3731003 0.555100024
70.4629974 -28.382 2.14520001
70.5822983 -28.2926006 2.39980006
70.4996338 -28.3572006 2.45700002
70.4557037 -28.1611004 -1.58050001
70.5630035 -27.8645 -1.0751667
70.4031982 -27.906601 2.78130007
70.4391479 -27.6585999 -1.50730002
70.5155029 -27.6656494 -1.34525001
70.5915527 -27.6631012 -1.13630009
70.5665207 -27.7687798 2.53467989
70.5541992 -27.5979996 -1.54980004
70.4726486 -27.5710487 -1.31400001
70.4923401 -27.5024796 -1.16973996
70.4935989 -27.2276001 -1.45280004
70.5226364 -27.3359661 -1.27353334
70.5827026 -27.2896004 -0.879000008
70.4119034 -27.0210991 3.06110001
70.4779968 -26.8848991 -1.67270005
70.4664993 -26.8321991 -1.47110009
70.4745026 -26.8724003 -1.15980005
70.4831772 -26.6834202 -1.27750003
70.5248032 -26.7810001 -1.0632
70.408699 -26.7469997 4.18380022
70.4033966 -26.5557995 -1.63399994
70.4167938 -26.5023003 -1.48514998
70.5010986 -26.45825 -1.3348
70.5346985 -26.5185337 -1.14479995
70.5213013 -26.4629993 2.44810009
70.4558029 -26.4384003 4.17799997
70.5413666 -26.2831669 -1.61416662
70.4076996 -26.3334999 -1.53260005
70.5593338 -26.3425331 -1.18423331
70.5938034 -26.3656006 4.49760008
70.4665985 -26.1786003 -1.6013
70.4192963 -25.9587002 -1.63409996
70.4720993 -25.7322998 4.37185001
70.4545212 -25.4363194 -1.52787995
70.4842529 -25.4250488 -1.3369
70.4832001 -25.5564995 4.24429989
70.4953003 -25.3806992 -1.62349999
70.4785004 -25.3905334 -1.5074333
70.5161667 -25.3793659 -1.33529997
70.4728546 -25.3236504 -1.07840002
70.4377518 -25.278801 -0.874249995
70.478302 -25.2214012 -0.695549965
70.4582977 -25.2245998 -0.475600004
70.4126968 -25.3059998 0.333999991
70.4767532 -25.22365 3.51244998
70.4916 -25.0461006 -1.66639996
70.4589539 -25.1391983 -0.565800011
70.5465012 -25.1219006 -0.356700003
70.4925995 -25.1093998 -0.109300002
70.4930267 -25.0803757 0.0803750008
70.4985657 -25.0396328 0.23573333
70.4018021 -25.0464001 1.79750001
70.4169006 -25.1404991 3.5704999
70.5728989 -24.9965992 -1.69410002
70.4832001 -24.9990005 0.380499989
70.5493011 -24.9676991 0.420100003
70.5565033 -24.896801 0.711799979
70.4659576 -24.8967209 0.90259999
70.402298 -24.8253994 1.07910001
70.4561996 -24.8271999 2.55349994
70.4772491 -24.8226013 3.11170006
70.5304031 -24.7325993 2.44219995
70.4382019 -24.7667007 2.71320009
70.4565964 -24.7859993 3.29949999
70.5725021 -24.7591991 4.90049982
70.5270996 -24.4853001 -1.66250002
70.5742035 -24.4577007 3.30649996
70.5224533 -24.2933998 -1.73215008
70.5719376 -24.3002338 -1.27709997
70.5681 -24.2038994 -1.19430006
70.5180054 -24.0325508 -1.69149995
70.4996338 -24.0925999 -1.48993337
70.5640259 -24.113451 -1.23055005
70.4264984 -23.9827995 -1.68879998
70.5319977 -23.9389496 -1.46864998
70.5274658 -23.9163342 -1.25986671
70.4804535 -23.89855 2.55769992
70.4598007 -23.6298008 -1.43519998
70.5415039 -23.7116013 -1.34535003
70.5270004 -23.6821995 2.18840003
70.5286179 -23.6997395 2.25435996
70.4403992 -23.5106506 -1.76329994
70.4822006 -23.5178337 -1.31803334
70.5671005 -23.5636997 2.07920003
70.5252533 -23.4838505 2.24597502
70.494751 -23.3183002 -1.76629996
70.4335022 -23.2826004 -1.56190002
70.5095978 -23.3483009 -1.35179996
70.5575027 -23.2905998 -1.19509995
70.5056 -23.3348007 1.80350006
70.4432983 -23.2178993 2.62310004
70.4449997 -23.2444 2.94740009
70.5033035 -23.1738663 -1.35609996
70.4068451 -23.0416489 1.49814999
70.5017014 -22.8958664 -1.73950005
70.4855957 -22.8971996 -1.53327501
70.5032043 -22.9587002 -1.3441
70.569603 -22.8164005 2.58419991
70.4654999 -22.9736996 3.74699998
70.5335999 -22.6172009 -1.81449997
70.4548492 -22.7871513 -1.73940003
70.4821701 -22.6893139 -1.47895718
70.5527496 -22.7146988 -1.288975
70.5328979 -22.4426994 -1.83729994
70.4410019 -22.5990009 -1.42209995
70.4529037 -22.5860004 -1.33150005
70.5649033 -22.5083008 1.9533
70.4890976 -22.5431004 2.18140006
70.4690018 -22.2623005 1.8506
70.5019989 -22.2042007 3.24119997
70.4757004 -22.2637997 3.87890005
70.4456024 -22.2213001 4.36019993
70.5135498 -22.0436001 0.889775038
70.5681 -22.1147003 2.91160011
70.5225983 -22.0272007 3.21819997
70.5859985 -21.8948002 0.788949966
70.4988174 -21.9157009 0.88726002
70.4033966 -21.8612995 1.00150001
70.5359955 -21.9435997 2.16179991
70.4794006 -21.8939991 2.57130003
70.4736023 -21.8008995 2.72580004
70.4152985 -21.8346004 5.02920008
70.526001 -21.7024994 -1.80939996
70.5759964 -21.6368504 1.75489998
70.5684662 -21.6382675 1.9289
70.5145035 -21.7170753 2.05614996
70.5415497 -21.7614002 2.47239995
70.4794998 -21.7970009 2.62420011
70.4657974 -21.6086006 3.38179994
70.5326996 -21.7849998 3.55310011
70.5305481 -21.7101002 4.8718996
70.4946976 -21.7840004 5.03509998
70.5626984 -21.5709991 1.63800001
70.5283661 -21.5061169 1.91871667
70.4558029 -21.4375 2.0223
70.4829025 -21.4078999 4.86390018
70.5178986 -21.5223999 5.33160019
70.4392014 -21.3966007 -1.82099998
70.5462952 -21.352951 1.90834999
70.5342026 -21.2863007 2.102
70.4985962 -21.3390007 2.52810001
70.586853 -21.2556992 3.71245003
70.5818024 -21.3813 4.48500013
70.5111313 -21.2827339 4.86249971
70.5209045 -21.2731514 5.14385033
70.4405975 -21.3731003 5.5401001
70.5942993 -21.1396008 3.56030011
70.5819016 -21.0361996 3.74060011
70.563446 -21.1140518 3.88950014
70.5529022 -21.1877995 4.69140005
70.5458298 -21.1355343 4.89326668
70.5987015 -21.0354004 5.00939989
70.4608002 -20.9734993 -1.86080003
70.5860977 -20.9846001 4.78340006
70.4151001 -20.5993996 -1.89409995
70.5783997 -20.2842999 -1.88829994
70.6387024 -39.5268021 -1.15960002
70.6951523 -39.0943985 -1.16895008
70.7453003 -38.9439011 -1.17279994
70.6138 -38.5236015 -1.2119
70.7762985 -38.5289001 -1.18110001
70.7701035 -37.8676987 -1.22249997
70.7366028 -37.7564011 -1.2277
70.623703 -37.6226997 1.7378
70.7425003 -37.7050018 1.81400001
70.6667023 -37.7723999 2.19199991
70.7142029 -37.7681007 2.36809993
70.6779022 -37.5853996 -1.21350002
70.7965012 -37.4977989 1.75469995
70.7435303 -37.4939995 1.84430003
70.6745682 -37.3644028 1.88323331
70.7196503 -37.2710266 2.03670001
70.600502 -37.1596985 -1.25460005
70.7050705 -37.0910339 2.05760002
70.696701 -37.1077995 2.43070006
70.6205978 -36.9026985 -1.24030006
70.7260971 -36.8135986 1.93869996
70.7659988 -36.9281502 2.07730007
70.6619644 -36.7040329 -1.25949991
70.6462021 -36.4846992 1.75689995
70.6517029 -36.350399 -1.28410006
70.6754303 -36.2563667 1.34556663
70.634697 -36.3451996 1.73679996
70.797699 -36.2286987 1.8283
70.7718964 -36.2566986 2.27940011
70.7514267 -36.1266479 1.31605005
70.6911011 -36.1242981 1.55990005
70.7108765 -36.1150742 1.73800004
70.7667007 -35.9802017 -1.22309995
70.7816467 -35.9577026 1.27600002
70.7518997 -35.9903984 1.85570002
70.6710968 -35.7215996 -1.29250002
70.7950974 -35.7113991 1.18789995
70.7845306 -35.7540321 1.25586665
70.6491013 -35.5696983 -1.28059995
70.6201477 -35.4356499 -0.820950031
70.6798248 -35.4601517 -0.715025008
70.6873016 -35.4910011 -0.537800014
70.793602 -35.4257011 1.72950006
70.6835022 -35.5102997 5.32670021
70.6593475 -35.5502014 5.52640009
70.6927948 -35.2952995 -1.25629997
70.6013031 -35.3760986 -1.13750005
70.6316986 -35.3466988 -0.918299973
70.6660538 -35.3151512 -0.709800005
70.7693481 -35.3607025 -0.537800014
70.6708984 -35.3639984 0.991900027
70.7138977 -35.3003998 1.04920006
70.6456985 -35.2501984 1.70825005
70.6341019 -35.2635994 1.81879997
70.6640015 -35.0663528 -0.906499982
70.7640991 -35.1110001 -0.668299973
70.6479034 -35.1089325 0.916066647
70.7297363 -35.111599 1.05949998
70.7482986 -35.0401001 1.68099999
70.7037506 -35.1002998 1.85245001
70.6869965 -35.1373978 5.29535007
70.6840973 -34.8073997 -1.34720004
70.6891022 -34.9321518 1.15785003
70.6751633 -34.9143677 1.30561662
70.7332001 -34.9480515 1.68309999
70.6611023 -34.8805008 1.88478005
70.606102 -34.9592018 4.6882
70.7740021 -34.9459991 5.30119991
70.6252441 -34.7541504 -1.32819998
70.7671967 -34.6823997 1.12349999
70.6195526 -34.6898003 1.27785003
70.635498 -34.7225647 1.44070005
70.7266006 -34.783699 1.74699998
70.677002 -34.6041985 1.85430002
70.6529999 -34.5928993 -1.31579995
70.6464005 -34.4706497 -0.846650004
70.7110672 -34.5468025 1.12870002
70.6595459 -34.5309258 1.23740005
70.7133026 -34.4315491 1.85860002
70.6939011 -34.5646019 5.10820007
70.6422958 -34.2577324 -0.876733303
70.7132797 -34.3314667 -0.706883311
70.789299 -34.3087997 -0.532700002
70.7182999 -34.2530518 1.92449999
70.7126617 -34.2990799 2.07337999
70.7325974 -34.0229988 -1.35510004
70.6380615 -34.0740013 -0.889699996
70.7264252 -34.1352005 -0.723850012
70.7502441 -34.1486511 -0.566699982
70.6841507 -34.1313515 2.13689995
70.6480026 -34.1243668 2.32369995
70.7491989 -33.899601 -1.35829997
70.6928024 -33.9878006 -0.869000018
70.7015228 -33.9202728 2.49697495
70.7389984 -33.6471329 2.73563337
70.6266022 -33.4998016 -1.34459996
70.6502991 -33.5802002 2.79879999
70.6059036 -33.2008018 1.74129999
70.6818008 -33.3913002 2.15549994
70.6684494 -33.2619019 2.73469996
70.7498474 -33.3462486 2.99215007
70.6389008 -33.036499 1.15550005
70.6446991 -33.0009995 2.27749991
70.6059036 -33.0029984 2.88730001
70.7298965 -33.1086998 3.50970006
70.7954025 -33.0018005 4.14529991
70.6284027 -32.9991989 1.29910004
70.6284027 -32.9403 1.41700006
70.6855011 -32.9325676 1.85853338
70.6434021 -32.896347 2.06559992
70.6214981 -32.8358002 2.42989993
70.677536 -32.8853226 2.66729999
70.6690521 -32.9449005 2.88635015
70.663765 -32.9455986 3.15753341
70.7026978 -32.9603004 3.28929996
70.7088013 -32.9984016 4.59210014
70.7033005 -32.6845016 2.06285
70.6457367 -32.6185341 2.49109983
70.7359009 -32.4581985 -1.43700004
70.6987 -32.5806007 2.1789999
70.7503967 -32.4735031 2.24084997
70.7053986 -32.4852982 2.41629982
70.7556 -32.2160988 -1.38510001
70.7390823 -32.2880516 1.91425002
70.7755051 -32.2536659 2.12809992
70.7324982 -32.2685204 2.28476
70.6238022 -32.0952988 2.13369989
70.7228546 -32.16185 2.31984997
70.6852036 -31.9461002 1.52839994
70.7534485 -31.8283005 1.69639993
70.6710968 -31.8833008 2.17020011
70.7655029 -31.8740005 2.21490002
70.6610031 -31.6791 1.38180006
70.6455994 -31.7229004 1.45290005
70.6688995 -31.6536999 1.89970005
70.7465668 -31.7667656 2.14906669
70.657196 -31.4717999 -1.47123337
70.6871948 -31.4923 -1.30010009
70.6054001 -31.4477005 -1.11029994
70.6800995 -31.4689999 -0.912299991
70.6896973 -31.4662514 -0.749949992
70.65065 -31.4846001 1.07085001
70.7110519 -31.5331993 1.28585005
70.6501007 -31.5372334 1.4557333
70.7450562 -31.5053005 2.14024997
70.6631012 -31.5209999 2.27003336
70.7378998 -31.4403992 2.45679998
70.7501984 -31.3639984 -1.47035003
70.7116013 -31.2747002 -0.845099986
70.7337341 -31.2468338 -0.758400023
70.7528992 -31.3469009 1.10070002
70.7389984 -31.3309002 1.46430004
70.7467651 -31.316967 2.1208334
70.704483 -31.2607994 2.29723334
70.794899 -31.2966003 2.42799997
70.6911011 -31.0604668 -1.45939994
70.6623993 -31.156601 -1.20580006
70.7251663 -31.1080341 -0.819499969
70.6847839 -31.0786381 0.552037477
70.6993027 -31.0898666 0.654233336
70.725174 -31.0860996 0.879185736
70.7089005 -31.0585003 1.0187
70.7329712 -31.1392994 2.17132497
70.7493973 -31.0380001 2.34990001
70.7132034 -31.0002995 2.66499996
70.6757965 -30.9114323 -0.915533364
70.7533035 -30.8402004 -0.714600027
70.7024994 -30.9237003 0.664200008
70.7378006 -30.9930992 1.0036
70.7128448 -30.8412514 2.42460012
70.6272964 -30.7994995 -1.30710006
70.7016449 -30.65275 -0.938449979
70.7575989 -30.6693001 -0.786199987
70.7151031 -30.6769009 2.34380007
70.7527008 -30.6504993 2.44679999
70.6650543 -30.6466007 3.73250008
70.6428986 -30.5277004 -1.08459997
70.6692505 -30.4127998 -0.926100016
70.7416 -30.5280991 2.3134501
70.7220993 -30.5939999 2.42059994
70.6602325 -30.4901009 3.73286676
70.6697006 -30.5195999 4.65119982
70.7014008 -30.4981995 5.34040022
70.6725998 -30.2999496 -1.03474998
70.6700516 -30.28545 -0.847149968
70.7305984 -30.0478001 -1.41569996
70.6557007 -30.0972996 -1.37629998
70.6710968 -30.0404339 -1.10113335
70.698822 -30.1438007 -0.926849961
70.7514267 -30.1079502 -0.730949998
70.6042023 -30.1553993 3.7019999
70.6672974 -30.1161995 3.95549989
70.7012939 -29.8414001 -0.916000009
70.7633972 -29.6525002 5.52489996
70.6380997 -29.5016003 -1.48430002
70.7344971 -29.4457016 2.76725006
70.7257996 -29.4227486 3.55100012
70.6878967 -29.2229004 2.75449991
70.6930008 -29.3108997 2.81019998
70.6831512 -29.2517509 3.55800009
70.7996979 -29.2677002 4.50600004
70.6194992 -29.1520996 2.81929994
70.6038971 -28.9794998 2.7407999
70.6730652 -28.6764679 2.30736661
70.6108017 -28.7765999 3.35840011
70.6259003 -28.780899 4.62639999
70.6708527 -28.4854012 -1.50300002
70.6837006 -28.4183502 -1.07710004
70.6099014 -28.4097996 -0.856299996
70.6418991 -28.426733 -0.714399993
70.7715988 -28.4025002 -0.352100015
70.6435013 -28.4144001 -0.072800003
70.607399 -28.5421009 0.262600005
70.6239014 -28.4566994 0.927100003
70.6877975 -28.5317993 2.9684
70.6259003 -28.4862995 3.26869988
70.6871262 -28.4974499 3.45455003
70.7134018 -28.3519001 -0.85589999
70.6207428 -28.3909988 -0.484499991
70.680397 -28.2539997 2.9835
70.7415009 -28.3241997 3.1019001
70.626297 -28.2525997 3.64389992
70.7659988 -28.0144997 2.39759994
70.6541443 -28.1445007 3.65285015
70.6636963 -28.0519009 4.40170002
70.6557007 -27.8113995 -1.04359996
70.7088776 -27.8778496 4.35447502
70.6765594 -27.7025204 -1.04677999
70.6874161 -27.7002277 -0.892471433
70.7583466 -27.7537994 2.35400009
70.7093048 -27.6982498 2.4215498
70.7985992 -27.5746002 -1.62179995
70.6287994 -27.4915009 -1.04014993
70.6526031 -27.4973488 -0.972350001
70.7769012 -27.4382992 1.81930006
70.7884979 -27.5140991 2.04460001
70.7321014 -27.4600487 4.03855038
70.7813034 -27.5501995 4.23070002
70.7589035 -27.2847004 -1.40059996
70.6267014 -27.2117996 -1.06204998
70.6724014 -27.2713013 -0.916649997
70.7881012 -27.3328991 1.3987
70.7458954 -27.2700005 1.67194998
70.6591339 -27.3238659 4.07806683
70.6050034 -27.0298996 -1.59039998
70.6756744 -27.123951 -1.11654997
70.7136002 -27.0902119 -0.885574996
70.6768951 -27.1122513 4.03410006
70.6432037 -26.8430996 -1.49940002
70.6604996 -26.934 -1.15310001
70.6892319 -26.8887997 -0.908466697
70.6931 -26.9787006 4.20370007
70.6582642 -26.6902332 -1.09356666
70.6744003 -26.75 4.04939985
70.6537018 -26.4927006 -1.0848
70.7123489 -26.5057487 -0.946174979
70.7011032 -26.4762001 3.39619994
70.7384491 -26.5342503 4.06480026
70.6381989 -26.3003254 -1.08712506
70.6757965 -26.323801 -0.924724996
70.7685013 -26.1196995 3.73329997
70.6957016 -25.9174004 2.32369995
70.732193 -25.9349499 2.48255014
70.7224503 -25.9738998 3.64590001
70.6488037 -25.8784008 3.92449999
70.7369537 -25.6484489 -1.63960004
70.6974487 -25.6952 3.54874992
70.6069031 -25.6984005 3.89439988
70.6066971 -25.6856003 4.36429977
70.7723999 -25.4666004 3.4925499
70.6389008 -25.5196991 4.64550018
70.6837006 -25.3425007 -1.67920005
70.6776962 -25.2331009 -0.577099979
70.7254028 -25.0160007 -1.69079995
70.6846008 -25.1336994 -0.405299991
70.6103973 -25.0881004 -0.187700003
70.7612991 -25.1823006 4.8059001
70.6085968 -24.9431 0.269600004
70.6111984 -24.9307995 0.890799999
70.7453461 -24.8195992 1.98344994
70.6755066 -24.8741493 2.52845001
70.6964035 -24.8397007 3.2644999
70.703064 -24.7821331 1.6856333
70.6350021 -24.6266994 3.17000008
70.617897 -24.7751999 4.68100023
70.7720032 -24.4713993 3.24580002
70.7789993 -24.4414005 3.7328999
70.6959 -24.4354992 4.4625001
70.6099014 -24.2066002 -1.20679998
70.6312714 -24.2961998 -1.12195003
70.7855988 -24.3873997 3.1012001
70.7184982 -24.0203991 -1.76629996
70.703537 -24.1333332 -1.27450001
70.6806793 -24.1309338 -1.10868335
70.6722031 -24.0175991 4.06409979
70.7332993 -24.0011005 4.3913002
70.7620544 -23.9038506 -1.74940002
70.6546021 -23.8929996 -1.07360005
70.6593018 -23.7173004 1.91359997
70.6921005 -23.6340008 2.02900004
70.6249008 -23.6476994 2.27940011
70.7337036 -23.6410007 3.32730007
70.6031036 -23.5221996 -1.78849995
70.6199493 -23.4762745 -1.23197508
70.6924973 -23.4889278 -1.09722853
70.6246033 -23.4246998 1.94690001
70.764801 -23.5391655 2.09736657
70.6996994 -23.4713001 3.28530002
70.6551971 -23.3351002 -1.31389999
70.6814804 -23.3322411 -1.09757996
70.718399 -23.3421001 -0.987399995
70.6207962 -23.2915993 1.94389999
70.7963028 -23.3530998 2.26880002
70.643898 -23.2824993 2.88790011
70.6903992 -23.3465996 3.12579989
70.7494965 -23.0352001 -1.25989997
70.6309967 -23.10495 -1.1918
70.6958008 -23.0172005 1.48440003
70.7207031 -23.1191998 1.61769998
70.777298 -23.0456009 2.9388001
70.7966003 -23.1853008 3.07139993
70.7713013 -23.0723991 3.96259999
70.6519012 -22.8150005 -1.76499999
70.662178 -22.9181595 -1.27823997
70.644371 -22.9039669 -1.18693328
70.7424011 -22.8264008 1.16110003
70.7829971 -22.8122005 1.32050002
70.6251984 -22.9647999 1.44739997
70.7279968 -22.8164005 2.45560002
70.6826019 -22.9060001 2.62019992
70.7778015 -22.8169003 3.72390008
70.6949005 -22.7054996 -1.71805
70.6807022 -22.7047005 -1.54830003
70.6361618 -22.7294006 -1.25603998
70.6870728 -22.6966152 -1.09560001
70.7176971 -22.7623005 0.931299984
70.7288055 -22.7280502 1.25865006
70.7527008 -22.6730995 2.78979993
70.7161026 -22.6443005 2.93210006
70.6716003 -22.5028992 -1.80630004
70.7338028 -22.5330009 -1.57969999
70.6578522 -22.5357246 -1.31439996
70.7475967 -22.5294399 1.09679997
70.6636963 -22.4181004 1.22169995
70.6633453 -22.4724503 1.41435003
70.754097 -22.4755993 1.88730001
70.6561966 -22.4099998 2.07340002
70.7005005 -22.5680008 2.25029993
70.691803 -22.5263996 3.04110003
70.7229996 -22.4617996 4.08430004
70.782402 -22.2954998 -1.79460001
70.7983017 -22.3752995 0.985400021
70.7285004 -22.2793999 1.64180005
70.6794968 -22.3556004 1.87510002
70.7953033 -22.3567009 2.03410006
70.6025009 -22.2656994 3.00760007
70.7189484 -22.0818501 0.782649994
70.6773682 -22.1697674 0.843433321
70.786499 -22.1758995 1.06560004
70.7011032 -22.1445999 2.06080008
70.6924438 -22.0750008 2.33274984
70.6440506 -22.1644497 3.16599989
70.6299973 -22.0685997 3.45370007
70.7156982 -22.0375996 3.66869998
70.6205978 -21.8404999 -1.83669996
70.7070847 -21.8925171 0.751316667
70.7361984 -21.8510494 0.930649996
70.7285995 -21.8171997 1.08940005
70.6763 -21.8955994 1.8599
70.7066498 -21.9662514 2.07189989
70.6333008 -21.9174004 2.20440006
70.6140976 -21.9881001 3.37980008
70.714798 -21.968399 4.68315029
70.6372986 -21.8271999 5.07359982
70.6844025 -21.7600002 0.789399981
70.6336975 -21.7595005 0.878700018
70.732399 -21.6070995 1.26020002
70.7041473 -21.6267509 2.53714991
70.6678467 -21.5091 -1.89324999
70.7406998 -21.5545006 -1.78279996
70.6845016 -21.5345993 1.59710002
70.6411362 -21.484766 1.8666333
70.7238998 -21.5949993 2.57159996
70.7534027 -21.5797997 2.61619997
70.7615967 -21.4508991 2.81960011
70.6611938 -21.4514008 3.32465005
70.615799 -21.5097504 3.71724987
70.6009979 -21.4244995 4.79460001
70.6446991 -21.5851994 5.1493001
70.7219009 -21.2108994 -1.89820004
70.6437531 -21.353199 1.88374996
70.7024002 -21.3040009 2.0072999
70.7630997 -21.3530006 2.49469995
70.7380524 -21.2247505 2.63680005
70.612854 -21.3373985 5.4706502
70.7986984 -21.0272007 -1.83720005
70.6069031 -21.1730003 2.31960011
70.7837982 -21.1753006 3.37470007
70.6251526 -21.0610008 3.50829983
70.6712341 -21.067934 4.88509989
70.7227325 -20.9524326 -1.85889995
70.7567978 -20.9591999 2.54760003
70.7108459 -20.9015503 2.71955013
70.6078033 -20.8540993 2.88590002
70.7165985 -20.7877007 2.77329993
70.7258987 -20.4841499 -1.86360002
70.9897995 -39.7994995 -1.13929999
70.8058014 -39.5834999 -1.1322
70.9673996 -39.270401 -1.16949999
70.8626022 -38.4748001 -1.13460004
70.8704987 -38.0360031 -1.22615004
70.9513016 -37.9977989 -1.20869994
70.8380966 -37.6478004 -1.12580001
70.9615021 -37.6259995 1.8348
70.9562531 -37.7377014 2.37809992
70.9185486 -37.4742737 1.73695004
70.8228989 -37.4606018 1.80410004
70.9413986 -37.594799 2.33229995
70.9005508 -37.4555511 2.44679999
70.9620972 -37.2986984 -1.23710001
70.8880463 -37.2443008 1.87319994
70.8451004 -37.2723007 2.0381
70.8721008 -37.0541992 1.88310003
70.8827972 -37.0540009 2.13870001
70.9412994 -37.1543007 2.46379995
70.8368988 -36.8436012 1.98819995
70.9485474 -36.6623001 -1.26335001
70.9061966 -36.6329994 1.73179996
70.9295044 -36.4718475 1.79330003
70.8414993 -36.3931999 -1.28289998
70.8219452 -36.2246017 1.34299994
70.9123688 -36.2115326 1.49503326
70.8686752 -36.1463776 1.48154998
70.8169022 -36.0201988 1.71990001
70.8868027 -36.1038208 1.93816006
70.9184494 -36.0710754 2.10722494
70.8884506 -35.8525009 -1.28515005
70.8890991 -35.8185997 1.27569997
70.9018021 -35.8334007 1.96700001
70.933197 -35.6007004 -1.29050004
70.855896 -35.6790466 1.13875008
70.8759003 -35.7711983 1.2493
70.9360962 -35.781601 1.82140005
70.9130554 -35.6228027 2.26915002
70.8661957 -35.4931984 1.06599998
70.9577026 -35.5251007 1.57350004
70.8918304 -35.4903984 1.69823337
70.9308014 -35.4729004 2.27810001
70.9368362 -35.352066 1.13750005
70.9476471 -35.2585983 1.73539996
70.9195023 -35.2594986 2.22289991
70.8019028 -35.1427994 1.24070001
70.9162292 -35.0869331 1.49053335
70.9589996 -35.1526985 5.00470018
70.9053955 -35.1340485 5.23120022
70.9412994 -35.1917992 5.45170021
70.9970016 -34.9627991 -1.34080005
70.9393997 -34.9793015 1.49989998
70.8481979 -34.9337997 1.82809997
70.9105988 -34.8991013 5.24410009
70.9766541 -34.6924515 -1.34805
70.8988037 -34.7879982 1.73959994
70.9243469 -34.6662979 2.04150009
70.9951019 -34.4936981 4.99700022
70.8916016 -34.3888016 1.92200005
70.9139023 -34.3203011 2.06890011
70.9434967 -34.0840988 1.95476663
70.8903046 -34.1584015 2.08494997
70.9933014 -34.0596008 2.3440001
70.9293976 -33.9374008 2.46359992
70.8309479 -33.6919479 2.71080017
70.963501 -33.4073982 2.07380009
70.8326035 -33.5550003 2.7967
70.8646011 -33.4994011 2.81170011
70.9132996 -33.2803001 1.96319997
70.9344025 -33.3942986 2.11179996
70.9309998 -33.3406982 2.22370005
70.8744965 -33.314003 2.67894983
70.8621979 -32.8430977 1.86489999
70.8431015 -32.8488007 3.00999999
70.8751984 -32.9794998 3.70790005
70.9860001 -32.7383995 1.91830003
70.9822006 -32.7203522 2.30189991
70.8514023 -32.7369003 2.56040001
70.9172974 -32.7210503 3.25390005
70.8996964 -32.7324982 3.49530005
70.9276962 -32.5093002 1.87660003
70.9241486 -32.4984741 2.10605001
70.9251633 -32.4877663 2.35523343
70.9135971 -32.5993996 3.05489993
70.9974976 -32.4625015 3.51040006
70.9281006 -32.2457008 2.16330004
70.8460999 -32.3429985 2.39709997
70.8476639 -32.1244011 1.70410001
70.9251022 -32.1374016 1.82439995
70.8490372 -32.1079025 2.16000009
70.8420029 -32.0453987 2.27189994
70.884201 -31.8483009 1.49170005
70.8345032 -31.9941006 1.67309999
70.9038544 -31.8389015 1.94729996
70.8927994 -31.8845253 2.09170008
70.8386002 -31.6781006 1.37820005
70.9373322 -31.7139339 1.45963335
70.822998 -31.7947998 1.81500006
70.9044952 -31.7019005 2.05644989
70.8348007 -31.4277 1.1911
70.8651505 -31.5157509 1.32075
70.9343567 -31.4923992 1.92050004
70.9244537 -31.4836998 2.06357479
70.8311996 -31.4006996 2.35560012
70.8323975 -31.3139 -1.29610002
70.9252014 -31.2201996 0.977500021
70.9502029 -31.2686996 1.12683332
70.9373322 -31.2934666 1.25550008
70.9004974 -31.3582993 1.47870004
70.8767319 -31.3237991 1.93959999
70.8350525 -31.3078003 2.11520004
70.918602 -31.0573006 -1.4763
70.8128967 -31.1835003 -1.07190001
70.853302 -31.0921497 0.563250005
70.9054642 -31.1292667 0.702766657
70.9044495 -31.1499996 1.09934998
70.9643478 -31.1147995 1.23889995
70.8406677 -31.0964336 2.09570003
70.8477478 -31.1743011 2.26239991
70.8386002 -30.8125 -1.48450005
70.8574982 -30.9251003 -0.837899983
70.8672333 -30.8852005 0.670100033
70.9190979 -30.9937 1.14209998
70.9566269 -30.9360752 1.94997501
70.9471283 -30.8995743 2.0550499
70.8785019 -30.9234657 2.33149981
70.9235535 -30.8511009 2.46794987
70.9454498 -30.6727505 0.619599998
70.8594971 -30.7257004 2.34800005
70.9340973 -30.6270008 2.44199991
70.8417969 -30.6018009 4.24300003
70.8007965 -30.6033993 5.2171998
70.9254303 -30.5318336 -1.48993337
70.9834976 -30.5807991 3.80719995
70.8482971 -30.5949993 5.23519993
70.9644012 -30.2775993 -1.48290002
70.9335022 -30.3631992 4.06570005
70.8256989 -30.0764008 3.4000001
70.9156494 -30.1063004 3.68134999
70.8496017 -30.0792999 4.03599977
70.971199 -30.0230999 4.23210001
70.9633026 -30.0939999 5.00619984
70.9718323 -29.8857327 2.73070002
70.9850006 -29.9181995 2.80679989
70.862854 -29.8640499 3.67079997
70.9059982 -29.9965 4.2342
70.9285965 -29.9011993 5.53590012
70.8648758 -29.6870995 2.73007488
70.9443512 -29.6198006 3.51419997
70.8026962 -29.6110992 5.38189983
70.9031982 -29.5242996 -1.46860003
70.8078995 -29.4540005 3.51830006
70.957901 -29.4731007 4.45839977
70.8359985 -29.5128002 5.46810007
70.8099976 -29.2360001 -1.53569996
70.9128036 -29.2131004 4.5374999
70.8069992 -29.1574001 3.56410003
70.9700012 -29.1833992 4.59709978
70.9356003 -28.991951 3.33899999
70.8230972 -28.9638004 3.40170002
70.922699 -28.7668991 2.16409993
70.8867493 -28.7658997 2.33544993
70.9927979 -28.7271004 2.48189998
70.9052963 -28.5032997 -1.54086673
70.8889008 -28.405899 4.59590006
70.9642029 -28.3577003 -1.52890003
70.873497 -28.2646999 3.09459996
70.8586655 -28.2515011 4.49056673
70.8802032 -28.162899 -1.55255008
70.8386002 -28.0265999 2.34715009
70.8106995 -28.0086002 3.65820003
70.9179001 -28.0457001 4.14940023
70.8543015 -27.8262997 -1.57319999
70.8894958 -27.8759499 2.35214996
70.9561996 -27.9906006 3.53380013
70.8974991 -27.8241997 3.72180009
70.9300003 -27.9046993 4.43499994
70.9412994 -27.7966995 2.29410005
70.9347 -27.6091995 4.06969976
70.9961014 -27.4640999 -1.61189997
70.9520569 -27.5040016 1.74329996
70.8604355 -27.5060005 1.87619996
70.858902 -27.5622005 2.02203321
70.9480972 -27.2541008 -1.63954997
70.8046036 -27.2371998 -1.58969998
70.8706665 -27.3088665 1.35426664
70.9123993 -27.3899002 1.49814999
70.8547974 -27.3484497 1.66254997
70.9501038 -27.2012997 3.88210011
70.8419037 -27.0314999 -1.61150002
70.8526001 -27.1720009 -1.0187
70.8338013 -26.8743 -1.62090003
70.808403 -26.9407997 -1.56400001
70.9133682 -26.6443005 3.08456659
70.9719009 -26.6763992 3.28769994
70.9926987 -26.7851009 3.57470012
70.9051056 -26.6823997 3.64085007
70.8831024 -26.672966 3.91463327
70.952034 -26.5029659 3.08139992
70.9681625 -26.5298328 3.2870667
70.9207687 -26.4750996 3.4343667
70.9327545 -26.4770508 3.75174999
70.9871979 -26.2224998 -1.59239995
70.9438705 -26.2558002 3.30476665
70.8948975 -26.2390995 3.58470011
70.8708649 -26.1226006 -1.63049996
70.927597 -26.0000992 3.22480011
70.9403534 -26.0128498 3.50750017
70.8410034 -25.8612003 2.33099985
70.8853989 -25.9034996 2.43930006
70.9080276 -25.8638134 2.67574286
70.9540634 -25.8720665 2.87599993
70.9711304 -25.947134 3.33253336
70.8819351 -25.9155331 3.50606656
70.8296967 -25.9627991 3.61500001
70.8147964 -25.6466999 -1.57980001
70.9262009 -25.7600002 2.79320002
70.8761978 -25.7810001 2.82529998
70.9411011 -25.6305008 3.09030008
70.8639984 -25.7607002 3.27104998
70.8792648 -25.7599335 3.49926662
70.9289551 -25.4398003 -1.68645
70.9598007 -25.5365009 2.97460008
70.9244995 -25.5310001 3.26499987
70.8319016 -25.5163994 3.47160006
70.9456024 -25.316 3.17350006
70.9714966 -25.3712997 3.34940004
70.9394531 -25.3574486 4.56900024
70.9213562 -25.3152008 4.65345001
70.8249969 -25.2642994 4.8105998
70.9113007 -25.1602993 -1.68850005
70.9817963 -25.0632 3.22189999
70.8104019 -25.1420002 5.10680008
70.8136978 -24.8327007 1.90129995
70.9709015 -24.9276009 2.99629998
70.8326035 -24.8612995 3.13649988
70.8040009 -24.8600998 4.74060011
70.8881378 -24.7337799 1.69389999
70.9084702 -24.7560673 1.90376663
70.9641037 -24.7518005 2.00430012
70.8394012 -24.7096004 2.74860001
70.9796982 -24.7087994 3.51740003
70.9989014 -24.6128006 4.17000008
70.9719009 -24.4883995 -1.72399998
70.9496002 -24.4162006 3.07080007
70.8236008 -24.4447002 3.20869994
70.9194031 -24.4246006 4.36129999
70.8787994 -24.3658009 3.13849998
70.8823013 -24.2465 3.74810004
70.9449997 -24.3288994 5.22669983
70.8469009 -24.0841007 -1.74800003
70.891098 -24.0337009 3.87779999
70.9873962 -23.6774998 3.00609994
70.8609009 -23.5319996 -1.75839996
70.8544998 -23.4057007 1.78639996
70.8242035 -23.4176006 2.01970005
70.9175034 -23.5172005 3.11260009
70.9620972 -23.5823994 3.50749993
70.9225998 -23.2353992 -1.77970004
70.8177032 -23.3679008 -0.867699981
70.9328995 -23.2549496 1.76830006
70.9854965 -23.2546005 1.90439999
70.955101 -23.3258991 2.87599993
70.9499664 -23.0473995 1.47679996
70.8905029 -23.1595345 1.66783333
70.8134003 -23.0382004 2.77340007
70.8066025 -22.9159508 -1.76999998
70.8508987 -22.8097992 0.813600004
70.8732986 -22.8404999 1.19700003
70.9644012 -22.9918995 1.70140004
70.9934998 -22.9489002 2.19619989
70.9853973 -22.9736004 2.2263
70.9080429 -22.9164791 2.71794009
70.8408966 -22.8337002 2.87770009
70.8031998 -22.9598999 3.79310012
70.8253021 -22.6112995 -1.09200001
70.9391479 -22.66115 0.875116646
70.8041 -22.7381992 1.10020006
70.9035034 -22.6940994 2.3440001
70.9788971 -22.7486992 2.43239999
70.9785004 -22.6945496 2.72114992
70.8665009 -22.6917992 3.72399998
70.9403992 -22.4892006 -1.81470001
70.9059982 -22.5634327 0.895299971
70.8966446 -22.5405598 1.04183996
70.8297653 -22.4908009 1.30690002
70.9159012 -22.4705009 1.47669995
70.9269028 -22.5366993 1.745
70.8766022 -22.4724998 2.09870005
70.8727036 -22.448101 2.55986667
70.8246002 -22.5407753 2.68704987
70.9119034 -22.3523998 0.963199973
70.8417358 -22.3038006 1.08096671
70.8696976 -22.3027992 1.86360002
70.9999008 -22.2721996 2.38100004
70.8423004 -22.3330994 2.50880003
70.8330994 -22.2842999 2.83990002
70.8572998 -22.2215996 4.55660009
70.9523315 -22.1369991 0.975199997
70.8712463 -22.1575508 1.06935
70.8733978 -22.1000996 1.80509996
70.8828964 -22.0655994 2.29360008
70.9259033 -22.1791992 2.59780002
70.9882965 -22.0862007 4.1796999
70.8861008 -22.1509514 4.35004997
70.8350983 -21.8659 -1.80999994
70.9308014 -21.9015999 0.764500022
70.8587036 -21.8498993 0.8028
70.8275986 -21.901001 1.11714995
70.9300003 -21.8955994 1.26180005
70.9588013 -21.9913998 4.33949995
70.9072571 -21.6945152 0.704171419
70.9512177 -21.6897335 0.85466665
70.882576 -21.750576 1.07274997
70.8766022 -21.66675 1.32424998
70.8110962 -21.6165009 1.54990005
70.8481979 -21.6266994 2.58109999
70.9962997 -21.5788994 0.644599974
70.8809967 -21.5028496 1.41460001
70.8845367 -21.3255672 -1.84446669
70.8323975 -21.2824993 2.4927001
70.8774796 -21.0972195 2.52435994
70.9260025 -21.1819992 3.46309996
70.930397 -20.8845005 -1.82449996
70.8596649 -20.9748669 2.54446673
70.9889984 -20.9220009 2.67339993
70.8779984 -20.1185322 -1.90629995
71.1152344 -39.9370651 -1.13916659
71.1375351 -39.4509315 -1.13956666
71.0409012 -38.1380997 -1.22590005
71.1607971 -37.9115524 -1.21794999
71.1062012 -37.8328018 2.3828001
71.0019989 -37.7232018 1.8556
71.1555023 -37.743 2.39129996
71.1910019 -37.7953987 2.40370011
71.0138016 -37.5312004 -1.24870002
71.0586014 -37.5965996 2.38800001
71.0483017 -37.3354988 -1.14059997
71.0571289 -37.3603745 1.75854993
71.1078033 -37.2415009 1.83225
71.0588989 -37.3320999 2.30060005
71.1521454 -37.1856499 -1.22364998
71.1856003 -37.132 1.75680006
71.0755005 -37.1376991 1.81980002
71.123497 -36.9794006 -1.2421
71.0482025 -36.8307991 1.9576
71.1585007 -36.7025986 1.82430005
71.0794983 -36.5898018 -1.25890005
71.0473938 -36.4169464 1.76390004
71.1673431 -36.2929001 1.76020002
71.1560974 -36.2369995 2.35389996
71.1909027 -36.2102013 2.4993
71.1210022 -36.0904007 1.55729997
71.0354996 -36.0990982 1.61090004
71.0662994 -36.1623993 2.10680008
71.149704 -36.1308517 2.33165002
71.0768433 -35.8955002 -1.2823
71.160202 -35.8722992 1.56215
71.1279984 -35.6507988 -1.30439997
71.1744003 -35.6206017 1.1552
71.1652985 -35.6925011 1.50590003
71.14785 -35.7255478 1.66485
71.0482483 -35.5603485 1.26390004
71.0474014 -35.4564018 1.43040001
71.1765976 -35.5415001 1.62279999
71.1605988 -35.219101 -1.32029998
71.0399475 -35.3512993 1.13230002
71.1732025 -35.2794495 1.58735001
71.1458969 -35.2747002 1.70150006
71.0991974 -35.2691002 5.2729001
71.0597534 -35.0737495 1.47974992
71.0917969 -35.0933342 1.64446664
71.1800003 -35.0413017 4.99490023
71.0264969 -35.1680984 5.28609991
71.1854019 -34.8594017 -1.34179997
71.0401001 -34.9838982 1.58519995
71.0417023 -34.9275017 1.61989999
71.1427002 -34.6469002 2.14439988
71.0251007 -34.7142982 5.12519979
71.0083008 -34.4650993 1.7816
71.0129013 -34.2673988 -1.29869998
71.0897217 -34.2923241 1.64477503
71.1451492 -34.2443008 1.89034998
71.0351028 -34.3692017 2.09990001
71.10215 -34.1471024 -1.36074996
71.0061035 -34.1727982 1.8592
71.1501007 -34.0275993 2.20009995
71.1192017 -34.0084 2.64590001
71.1151962 -34.1032982 3.6624999
71.1660995 -33.9572983 1.99269998
71.1801453 -33.9396973 2.10695004
71.0877991 -33.9598999 2.37825012
71.1264496 -33.9519997 2.47429991
71.0449982 -33.7164001 -1.39034998
71.1302032 -33.6012001 2.5947001
71.1241455 -33.7207031 2.74405003
71.0887985 -33.5158005 2.0999999
71.0996017 -33.5453987 2.59209991
71.0295029 -33.212101 -1.41949999
71.1811981 -33.3922005 -1.38300002
71.194397 -33.2790985 1.5237
71.1238022 -33.0657997 -1.39760005
71.1090012 -33.1282997 3.78340006
71.0212021 -32.9499016 -1.40699995
71.0944977 -32.8614998 -1.37370002
71.0659027 -32.8233032 1.88424993
71.0916977 -32.7355003 -1.4109
71.1664505 -32.7014008 1.79535007
71.110199 -32.7492523 1.92289996
71.0554504 -32.6599236 2.11227512
71.0505981 -32.7020988 2.34319997
71.1363983 -32.7285004 2.4230001
71.189003 -32.7905998 2.63590002
71.1976013 -32.4584999 1.93099999
71.0851517 -32.487999 2.18225002
71.0655746 -32.5210762 2.26215005
71.1744995 -32.5945015 2.46620011
71.1053009 -32.4749527 2.97329998
71.0502014 -32.4644012 3.15359998
71.0605011 -32.4160995 3.48440003
71.0457001 -32.304451 -1.43729997
71.1653976 -32.2908478 2.10265017
71.1604996 -32.2559662 2.25423336
71.0519028 -32.3638 2.4152
71.0952988 -32.3726997 2.95869994
71.1640015 -32.2944984 3.17659998
71.1306458 -32.3110504 3.30369997
71.1828995 -32.2761993 3.63820004
71.1323013 -32.2630997 3.85080004
71.0914307 -32.1482353 -1.43323338
71.0494995 -32.0932999 1.79519999
71.1242523 -32.0774269 1.92114997
71.1107941 -32.1111488 2.13614988
71.006897 -32.1119995 2.24530005
71.1690979 -32.1105499 3.82564998
71.0996017 -31.9768009 -1.44889998
71.0871658 -31.9216328 1.47555006
71.1074982 -31.9279499 1.68694997
71.0935364 -31.8836002 1.92980003
71.0934677 -31.886034 2.07133341
71.141098 -31.9566002 3.7816999
71.0778961 -31.6644497 1.34720004
71.0590515 -31.7856483 1.49694991
71.09935 -31.687851 1.8594501
71.0938492 -31.7096004 2.09614992
71.001503 -31.7929001 3.09579992
71.0138016 -31.7912998 3.57060003
71.1333008 -31.5156994 1.15890002
71.1373291 -31.5232239 1.31630003
71.0818024 -31.4372997 1.57169998
71.1622009 -31.5109997 1.74870002
71.0665665 -31.5535336 1.94106674
71.033699 -31.4778996 2.06080008
71.1774979 -31.2436008 0.929199994
71.0573349 -31.3549671 1.1552
71.0222321 -31.2511005 1.26273334
71.088501 -31.2098999 3.67799997
71.06073 -31.1365337 -1.46773338
71.05233 -31.1550674 0.877900004
71.092865 -31.1147003 1.09870005
71.0345688 -31.1200008 1.31893337
71.0259018 -31.0979004 1.41330004
71.048996 -31.1516991 3.70069981
71.1177979 -31.0471992 5.76490021
71.1865005 -30.8962002 0.559149981
71.1339951 -30.8651657 0.656633317
71.0970383 -30.8848667 0.855166674
71.1788025 -30.8682003 1.17980003
71.0690994 -30.9363327 1.28299999
71.0064011 -30.9594994 1.4181
71.084053 -30.9118748 2.09497499
71.0337982 -30.8373985 2.32894993
71.1286469 -30.9786491 3.66599989
71.0920029 -30.8218002 4.55670023
71.1082001 -30.6632996 0.499199986
71.0763245 -30.7276993 0.698074996
71.0954132 -30.7250996 0.890616655
71.1161041 -30.7052994 1.06850004
71.1459503 -30.7252007 1.26999998
71.1714325 -30.7015343 2.33630013
71.117897 -30.7329006 2.53239989
71.1652985 -30.7018509 3.78110003
71.1190033 -30.4554005 -1.5244
71.1607971 -30.5536003 0.672500014
71.1045532 -30.5448494 0.907599986
71.1807022 -30.5870991 2.77539992
71.1908035 -30.4008007 2.81739998
71.0546036 -30.3430996 -1.49600005
71.1380005 -30.3792 0.871699989
71.0487976 -30.2476997 3.79830003
71.082901 -30.0018005 2.65919995
71.126503 -30.1119003 4.07509995
71.1848984 -30.1221008 4.29729986
71.1090469 -30.1163998 4.94320011
71.0739975 -29.8953991 -1.49450004
71.1136017 -29.8766499 2.66260004
71.032402 -29.9678001 5.02860022
71.1000977 -29.6378002 -1.51709998
71.0168991 -29.7964993 3.56590009
71.0384979 -29.7492008 3.69519997
71.1622009 -29.6606998 3.86789989
71.1295471 -29.4620514 -1.51040006
71.1719971 -29.5123005 3.58570004
71.1012497 -29.5191994 3.90245008
71.0451965 -29.5305996 4.02115011
71.0764008 -29.4752007 4.78270006
71.1228027 -29.4930992 4.88539982
71.1091995 -29.2390003 3.52929997
71.1577454 -29.2520485 3.74825001
71.1275024 -29.3162994 3.80080009
71.0419006 -29.2392998 4.55830002
71.1328964 -29.2021999 4.61490011
71.1066971 -29.1784 3.38450003
71.1535034 -28.8327999 2.15039992
71.1186218 -28.8348198 2.31279993
71.072403 -28.8848 2.4458499
71.1781006 -28.9297009 4.61299992
71.1288452 -28.8745499 4.89529991
71.0632019 -28.7653008 2.03800011
71.1085968 -28.7425003 2.27460003
71.1164703 -28.4494667 3.29446673
71.0968018 -28.5837002 4.61469984
71.0427017 -28.3145008 -1.56169999
71.1085968 -28.3621998 3.22294998
71.1306992 -28.2653999 4.51894999
71.1909027 -28.1266499 3.14240003
71.1643982 -28.0979996 3.34170008
71.1035461 -28.0922012 3.42275
71.0807037 -28.1310005 4.54780006
71.0960999 -27.9321003 -1.60580003
71.0993958 -27.8192005 2.27924991
71.1266022 -27.9174328 3.37683344
71.1371307 -27.9108009 3.45070004
71.1505966 -27.8972511 4.48130035
71.1001434 -27.6946983 2.14429998
71.1306992 -27.7704334 2.25976682
71.028595 -27.6913986 3.77314997
71.0410995 -27.7840996 4.26789999
71.0707474 -27.5088005 -1.59809995
71.1162033 -27.4643002 1.73080003
71.0792999 -27.5228004 1.88940001
71.1251678 -27.566267 3.93829989
71.0904007 -27.3276005 -1.60354996
71.0542984 -27.3267994 1.18939996
71.0413513 -27.3757 1.30069995
71.1169968 -27.2539997 2.8434
71.1663971 -27.2117004 3.66849995
71.0882492 -27.0756493 -1.53900003
71.1762009 -27.1564007 2.69429994
71.1144028 -27.0181999 3.75959992
71.1501999 -27.0634003 4.0230999
71.1626968 -26.9176006 3.61139989
71.1386032 -26.8083992 3.80369997
71.1269684 -26.6342335 3.10310006
71.1060257 -26.6771755 3.29120016
71.0597 -26.5187492 -1.62660003
71.1839981 -26.5555992 2.95440006
71.0879517 -26.5858498 3.10570002
71.1275482 -26.4557991 3.24935007
71.0295029 -26.4862995 3.81649995
71.0370026 -26.4111996 4.07789993
71.1242981 -26.2796001 -1.62240005
71.0887985 -26.3122005 3.1099999
71.0428467 -26.27355 3.29589987
71.0028992 -26.2747993 3.43339992
71.0201035 -26.2837009 3.60170007
71.0944672 -26.0890503 3.27243328
71.0917969 -25.8808002 2.51160002
71.1323547 -25.8409996 2.69974995
71.1270981 -25.9442997 3.13567996
71.0130997 -25.8278008 3.25250006
71.0146027 -25.698 2.76390004
71.0747986 -25.7271996 2.89440012
71.1009979 -25.6791992 3.10039997
71.1248016 -25.5256996 -1.66120005
71.0411987 -25.5830994 2.97350001
71.0857544 -25.560051 3.08014989
71.0207977 -25.5499001 4.63000011
71.0373993 -25.2528 -1.68089998
71.1531525 -25.3536491 3.0545001
71.1605988 -25.3453999 4.04269981
71.1768036 -25.3556995 4.47730017
71.0283966 -25.0217991 -1.72790003
71.1677017 -25.0730495 2.92815018
71.0772552 -25.1180248 3.06322503
71.0301971 -25.1513004 4.27260017
71.0960007 -24.9404488 -1.72735
71.1860962 -24.8544998 2.34759998
71.004097 -24.8535995 2.44059992
71.0089035 -24.8019009 2.60649991
71.1020966 -24.9654999 2.9921
71.123497 -24.8073006 3.46269989
71.0091019 -24.8841 4.32690001
71.194603 -24.7793007 -1.70609999
71.0042038 -24.6959 1.70710003
71.1337662 -24.7152004 1.85653329
71.1618958 -24.6661491 3.12680006
71.0762024 -24.7884007 3.32969999
71.1826019 -24.6718998 3.86980009
71.0398026 -24.594101 -1.80040002
71.0058975 -24.4242992 -1.71029997
71.0850983 -24.5515003 2.85409999
71.0945969 -24.4591007 3.11879992
71.1046982 -24.3607998 -1.76900005
71.1356964 -24.3453007 2.99499989
71.1114502 -24.3828011 3.03184986
71.1452026 -24.3829002 3.80209994
71.1441956 -24.3204002 4.05035019
71.0212021 -24.0825996 3.84870005
71.1429977 -23.9057999 -1.74699998
71.1632004 -23.9097004 3.23769999
71.1235962 -23.9619007 3.7025001
71.125267 -23.706934 -1.75613332
71.1281967 -23.6690006 0.743300021
71.0390015 -23.7136002 2.00139999
71.0762024 -23.6779995 2.91350007
71.0820999 -23.4311504 -1.74819994
71.031601 -23.4300995 1.82609999
71.0314484 -23.4598999 2.09815001
71.196701 -23.4874992 2.70889997
71.0161438 -23.4936485 3.16660023
71.1871033 -23.3223991 -1.76129997
71.1472015 -23.3134003 0.880900025
71.1727982 -23.2716007 1.08679998
71.0864029 -23.2302017 1.37030005
71.1520996 -23.2145996 1.47090006
71.1253662 -23.2942657 1.875
71.1870499 -23.3935509 2.74900007
71.1822968 -23.1341 1.09889996
71.1469727 -23.1224289 1.32211423
71.0725555 -23.1851501 1.53955007
71.0184021 -23.1180992 1.72300005
71.1836014 -23.1408997 2.51600003
71.093399 -23.1518993 2.69280005
71.1405029 -22.8773003 0.869899988
71.0912476 -22.9439507 1.11319995
71.0447998 -22.9867001 1.38279998
71.1137543 -22.9135513 1.90310001
71.1169968 -22.8868999 2.07340002
71.0102997 -22.9041004 2.66669989
71.0636978 -22.6870995 -1.79540002
71.0716019 -22.6502495 0.777949989
71.127533 -22.6725006 0.847766638
71.0185013 -22.6145992 1.00779998
71.0444031 -22.6681995 2.56809998
71.0996475 -22.4542007 -1.83095002
71.006897 -22.5699005 0.81279999
71.1613007 -22.5865993 1.03550005
71.1285019 -22.4218998 1.8118
71.1076965 -22.4041996 3.1638
71.0927963 -22.2485008 -1.8197
71.0391998 -22.2017002 0.948199987
71.0727005 -22.3234997 1.07763338
71.0587997 -22.1042995 -1.83290005
71.0645981 -22.0014 0.93629998
71.1084366 -22.0809326 1.03719997
71.0935974 -22.1952991 2.51740003
71.1256027 -22.1977997 3.24160004
71.0495987 -21.9158001 0.99940002
71.0348969 -21.9580994 1.09459996
71.1213989 -21.9990005 4.39580011
71.0326996 -21.7087994 0.583899975
71.0766754 -21.6645241 0.679650009
71.0403976 -21.6067009 0.808600008
71.1689987 -21.7003994 2.45609999
71.115097 -21.7411995 3.03640008
71.0567017 -21.7087994 3.26889992
71.1869965 -21.7462006 4.23859978
71.0783691 -21.4940987 0.708766699
71.096962 -21.4844589 0.916779995
71.1453018 -21.5209007 1.01629996
71.0503998 -21.4775009 1.41349995
71.1260986 -21.5105 3.30279994
71.1926498 -21.3260002 -1.85115004
71.0431976 -21.3829994 0.968400002
71.1639023 -21.3240337 3.28110003
71.1750031 -21.2362995 3.45749998
71.1203003 -20.9340992 -1.88440001
71.0493469 -20.333149 -1.88724995
71.177002 -20.0725994 -1.86989999
71.2409973 -39.8731003 -1.14989996
71.2033997 -39.2761993 -1.15579998
71.3386002 -38.7928009 -1.13510001
71.3021545 -38.4936981 -1.21289992
71.2249985 -38.4847984 -1.16250002
71.3093033 -37.8484993 1.50209999
71.3534012 -37.9317665 2.36803341
71.3131638 -37.9054985 2.46516657
71.2325974 -37.7578011 -1.14330006
71.3398972 -37.7795982 1.59829998
71.3128967 -37.4375 -1.25510001
71.3099518 -37.5296478 1.61529994
71.2860031 -37.4071999 2.45379996
71.2884064 -37.2843513 1.78515005
71.2446976 -37.2551994 1.8348
71.2073975 -37.3144989 2.32859993
71.2406998 -37.0530014 1.77480006
71.3066025 -37.0615005 1.83889997
71.268425 -36.8733978 1.8642
71.3276749 -36.6865005 1.85930002
71.3965988 -36.5547981 -1.32509995
71.3588028 -36.4963989 1.7586
71.34935 -36.4936981 1.88132501
71.2968521 -36.2949257 1.77847505
71.2885971 -36.219101 1.81110001
71.3427963 -36.1813011 1.75670004
71.3597336 -36.1353989 1.87266672
71.240799 -36.1882019 2.37949991
71.2589645 -35.9786339 -1.28076661
71.3037033 -35.8171005 1.40020001
71.2652969 -35.8647003 1.68980002
71.3811722 -35.6644669 1.15546668
71.2966003 -35.625824 1.23827505
71.3070984 -35.6861 1.54139996
71.2041016 -35.4127998 -1.2227
71.2720032 -35.5668983 1.35280001
71.2740631 -35.5205612 1.52173996
71.317337 -35.470665 1.65779996
71.2686462 -35.5599976 1.80649996
71.2517014 -35.3028984 -1.28079998
71.3048325 -35.2985992 1.53170002
71.2900009 -35.3022995 1.69503331
71.2955322 -35.0613327 1.32493329
71.3195038 -35.1546249 1.51362503
71.2931976 -35.1366997 1.74769998
71.2294006 -35.142601 1.81819999
71.3058014 -35.1576996 5.06489992
71.2919235 -34.897274 1.45854998
71.3656998 -34.9365005 1.66299999
71.2623978 -34.6694984 2.07660007
71.3003006 -34.5421982 -1.37489998
71.2576981 -34.4361 1.88030005
71.3576508 -34.4967995 2.05209994
71.3309021 -34.3781013 -1.37619996
71.2090988 -34.2598 1.95840001
71.3159027 -34.1514511 -1.32844996
71.3180008 -34.0954018 1.79489994
71.2694016 -34.1920013 1.87390006
71.2720032 -34.143425 2.21022511
71.2957993 -33.9990997 -1.39300001
71.3123016 -33.9133987 2.06539989
71.2956543 -33.9150467 2.28240013
71.2434006 -33.8783989 2.50830007
71.3247986 -33.8548012 2.64499998
71.2677307 -33.6594353 2.07646656
71.2861481 -33.7528992 2.44694996
71.3694992 -33.7966995 3.91560006
71.3494034 -33.6982002 4.01319981
71.2421036 -33.5850983 2.35050011
71.2670975 -33.5835991 3.12240005
71.2963028 -33.4928017 3.26939988
71.3472977 -33.2981987 1.5323
71.354599 -33.3062325 1.6650666
71.3850021 -33.3849983 3.20749998
71.2626495 -33.1387253 1.50072503
71.3712997 -32.9299011 -1.3994
71.3178024 -32.8765984 1.85169995
71.2785034 -32.892952 2.48724985
71.3578491 -32.6889763 1.727
71.3024445 -32.6218491 1.94099998
71.2121964 -32.6123009 2.23779988
71.2969284 -32.7136002 2.73769999
71.2762985 -32.6391983 3.26279998
71.2863464 -32.4665527 2.11675
71.2081985 -32.5012016 3.9066
71.2108002 -32.375 -1.40960002
71.3472977 -32.3935013 1.92110002
71.2643967 -32.2953987 2.07220006
71.3674011 -32.3858986 2.21320009
71.2807007 -32.230999 3.18930006
71.2837982 -32.2285995 3.41739988
71.219902 -32.1581001 1.56789994
71.2679977 -32.0455017 1.61039996
71.3347015 -32.124649 1.99304998
71.2881012 -32.1034012 2.13014984
71.3361511 -32.0803528 2.68484998
71.2789001 -32.0696983 3.15089989
71.3788986 -32.0626984 3.53469992
71.2509995 -32.0370483 3.72214985
71.3599014 -31.9342995 -1.37479997
71.3448029 -31.8917999 1.28439999
71.2125015 -31.9200993 1.46280003
71.2331009 -31.8715992 1.63540006
71.274498 -31.8644009 1.99950004
71.2584991 -31.8066998 2.14610004
71.2995987 -31.9067993 2.54699993
71.3739471 -31.9295998 2.72550011
71.2754974 -31.7196007 1.19389999
71.3246002 -31.7556 1.54770005
71.2125015 -31.7094994 1.75510001
71.3101501 -31.6494999 1.82700002
71.3200989 -31.6525002 2.07349992
71.2862015 -31.7798004 2.25049996
71.3302994 -31.6597996 2.98320007
71.3269501 -31.5412483 -1.47055006
71.3513031 -31.4635506 1.06204998
71.357399 -31.5039005 1.32920003
71.2869492 -31.4710007 1.65954995
71.3073349 -31.5605335 1.90779996
71.2108994 -31.5905991 2.0947001
71.3495026 -31.4020996 2.91090012
71.3063965 -31.2530003 0.717400014
71.2826996 -31.2922001 0.912899971
71.3836975 -31.3710003 1.08410001
71.3100967 -31.2950001 1.35300004
71.357605 -31.3397999 1.52714992
71.3688965 -31.3120995 1.60500002
71.2322998 -31.1098995 0.53549999
71.2659988 -31.1044006 0.667999983
71.2810059 -31.1173515 0.905249953
71.2833023 -31.0846996 1.32490003
71.228653 -30.8684502 0.560899973
71.2101974 -30.9734001 0.633599997
71.2876968 -30.9461994 0.835399985
71.3462982 -30.65275 -1.48009992
71.2996979 -30.7064991 0.481400013
71.253067 -30.638134 1.12476671
71.3274994 -30.6199341 2.14423323
71.2890015 -30.7805004 2.30040002
71.2182007 -30.6522999 2.8282001
71.2108994 -30.6723003 3.90890002
71.2977982 -30.5979996 1.14139998
71.3132019 -30.5506992 1.24230003
71.266922 -30.4335747 2.71584988
71.2863998 -30.4901009 3.77399993
71.2745667 -30.4494343 3.92743325
71.3616486 -30.2647018 2.5644002
71.3367386 -30.2592659 2.68903327
71.2655487 -30.2436504 3.55954981
71.2709961 -30.2828503 3.74410009
71.3777008 -30.3225002 3.95779991
71.3266983 -30.3087502 4.07410002
71.3402557 -30.2645988 4.2354002
71.2328033 -30.2269993 4.56269979
71.2089005 -30.0042992 2.43989992
71.2481995 -30.1145 2.6572001
71.3394012 -30.0918999 3.45840001
71.2951965 -30.0634003 3.73099995
71.3619995 -30.0233994 4.2954998
71.2322998 -30.0398998 4.96810007
71.2847977 -29.9335003 -1.53079998
71.2914963 -29.8824005 2.73790002
71.3459015 -29.8621006 3.37820005
71.2633667 -29.9020672 3.47446656
71.360199 -29.8775005 3.64179993
71.2918015 -29.9724007 3.83430004
71.3114014 -29.9125996 4.55880022
71.2622986 -29.9417992 4.61950016
71.2276001 -29.8292999 4.89970016
71.3072968 -29.9102001 5.57940006
71.3999023 -29.7206001 -1.51409996
71.3722992 -29.6732998 3.30130005
71.2845001 -29.7719994 3.43499994
71.3132019 -29.6629009 3.89820004
71.2147675 -29.6928329 4.08563328
71.322998 -29.696701 4.34665012
71.2673035 -29.6786003 4.48589993
71.2078018 -29.6177006 4.60519981
71.3939972 -29.7933006 5.55429983
71.283699 -29.5620995 -1.50030005
71.3636932 -29.4943504 3.32095003
71.2902374 -29.474966 3.52340007
71.2355499 -29.54035 3.74935007
71.3043976 -29.5082512 4.69350004
71.3077011 -29.4139996 5.3762002
71.2345963 -29.4197998 5.42199993
71.3192978 -29.3085995 3.33290005
71.3140411 -29.320879 3.47022009
71.3123016 -29.1004009 -1.54139996
71.2677002 -29.0569992 2.50250006
71.2312012 -29.1261997 2.60689998
71.3016968 -29.1532993 3.42639995
71.3170013 -29.1972008 4.69829988
71.3330002 -28.8093491 2.17824984
71.2263489 -28.842701 2.27609992
71.358902 -28.8316002 3.30490017
71.2633972 -28.8006001 4.74100018
71.3525543 -28.6640015 3.30964994
71.3408966 -28.6763992 3.92020011
71.2743988 -28.6054993 4.62680006
71.3956985 -28.5783997 -1.56350005
71.3572006 -28.539299 3.12849998
71.2301025 -28.5813007 3.37779999
71.2999496 -28.4939499 3.83874989
71.368103 -28.4521008 4.2189002
71.2595978 -28.4857998 4.45839977
71.3041992 -28.3013992 3.0144999
71.278244 -28.3188496 4.50944996
71.2927017 -28.0210991 -1.57579994
71.2752304 -28.0732994 3.11793327
71.3116989 -28.1223488 4.34060001
71.3475037 -27.8166008 2.07249999
71.2648468 -27.9561996 3.12750006
71.2100983 -27.8745995 3.2967
71.2291031 -27.8411999 4.08039999
71.3576965 -27.8710995 4.25509977
71.2838669 -27.7147999 2.07963324
71.2859039 -27.7126503 3.04470015
71.2739029 -27.7560997 3.8670001
71.2518005 -27.6965008 4.09959984
71.2953033 -27.5128002 -1.61730003
71.3973999 -27.5816002 2.55570006
71.3264008 -27.5188999 3.12660003
71.3311005 -27.4141006 3.25414991
71.3143005 -27.4162006 3.59439993
71.2825623 -27.4375668 3.65989995
71.3071976 -27.4615993 3.84353328
71.2918015 -27.3668995 -1.57420003
71.3439026 -27.3705997 1.74170005
71.3025665 -27.2178326 2.75596666
71.3079529 -27.2867012 2.87314987
71.379303 -27.3980999 3.19919991
71.2652969 -27.3729992 3.40510011
71.2462463 -27.2959003 3.73400021
71.3181458 -27.3662491 3.85840011
71.2577972 -27.3665009 4.03009987
71.2947998 -27.1387997 -1.61849999
71.3200378 -27.1119614 2.49745989
71.3302002 -27.1354008 2.70273328
71.2669983 -27.1725006 2.94149995
71.2420959 -27.0963001 3.46934986
71.2401962 -27.1487007 3.97359991
71.2621002 -26.8372002 3.06760001
71.2759018 -26.882 3.99679995
71.2093964 -26.7957993 -1.6049
71.2857971 -26.7964993 2.95860004
71.2422028 -26.7124004 3.36989999
71.2121964 -26.7238007 3.88190007
71.3110504 -26.5177994 2.95340014
71.2061996 -26.5298996 3.00410008
71.283699 -26.5158005 4.2656002
71.3255997 -26.3911991 2.96449995
71.3014984 -26.3554993 3.19230008
71.2953033 -26.1063004 -1.64820004
71.3607025 -26.0102005 2.27519989
71.2408981 -26.0776005 2.41359997
71.3149033 -25.9487991 -1.63800001
71.2924957 -25.9542255 2.3273499
71.2426453 -25.948349 2.51405001
71.3000031 -25.8634663 2.70366669
71.3269348 -25.9352341 2.87190008
71.2621002 -25.7457008 -1.64610004
71.2889481 -25.691349 2.89480019
71.2180023 -25.4648991 -1.6602
71.3554001 -25.5282516 2.86570001
71.330101 -25.5956993 4.17369986
71.3683014 -25.5781994 4.24060011
71.3009033 -25.3610992 3.00049996
71.3519974 -25.3003006 3.84220004
71.2680969 -25.2968006 4.11689997
71.3532028 -25.2490005 4.21619987
71.3399963 -25.0858994 -1.68425
71.3354034 -25.1819 3.2112999
71.3320999 -25.0774002 3.73930001
71.3162994 -25.0482998 3.86450005
71.2358475 -25.0615997 4.06344986
71.3778 -24.8055 2.40759993
71.3675995 -24.8957005 2.93510008
71.3327026 -24.9295998 3.76729989
71.2871552 -24.6278 1.66514993
71.2601471 -24.6693993 1.81645
71.2039032 -24.7133999 2.52570009
71.3550034 -24.6280003 2.6328001
71.336998 -24.7020493 2.9229002
71.2837982 -24.7683506 3.09794998
71.3159485 -24.6617012 3.71780014
71.2470016 -24.7035675 3.83756661
71.3827972 -24.5314503 1.49605
71.3159637 -24.5501003 1.73046672
71.3971024 -24.4235001 1.85889995
71.321701 -24.5425491 2.97924995
71.2563019 -24.5379009 3.0776999
71.2860031 -24.5006008 3.76550007
71.259903 -24.2792511 -1.73469996
71.3370514 -24.2812004 1.62564993
71.2209015 -24.2056007 1.93089998
71.2277985 -24.3416004 2.0862
71.3284454 -24.3880997 2.90899992
71.3835983 -24.2059002 3.43530011
71.3960037 -24.2367992 4.03779984
71.2341003 -24.1075001 -1.74479997
71.3404999 -24.1352005 1.12290001
71.364502 -24.1828995 1.22730005
71.3728027 -24.0765991 2.05850005
71.3475037 -24.1877995 2.82189989
71.290802 -24.0303001 3.04320002
71.3975983 -24.0823002 3.48909998
71.3187714 -24.1259995 3.73073339
71.3090973 -24.0478001 3.83599997
71.2348938 -23.8621483 -1.74485004
71.2699509 -23.9067497 0.846949995
71.2993011 -23.9519997 2.53629994
71.2527008 -23.8181992 3.05739999
71.3981018 -23.7859001 -1.77559996
71.2011032 -23.7327995 0.784699976
71.3492966 -23.7861996 1.92990005
71.3957977 -23.6702003 2.4532001
71.3906021 -23.6518002 2.7658999
71.2937012 -23.6312008 2.89650011
71.3967972 -23.4354 1.23450005
71.2975464 -23.4046497 1.56939995
71.2171021 -23.4326 1.83959997
71.2686996 -23.4707985 2.65724993
71.2158966 -23.5804005 2.87420011
71.2497025 -23.4459 3.24309993
71.3069992 -23.4722004 4.42430019
71.3051987 -23.2721996 0.710099995
71.3520966 -23.2975597 0.909359992
71.3048859 -23.2675171 1.08570004
71.2298965 -23.3274994 1.39600003
71.2883301 -23.3615341 1.48066664
71.2042007 -23.344101 1.62709999
71.3524017 -23.2768002 2.3520999
71.2745514 -23.3549004 2.50115013
71.3815994 -23.2168007 3.18000007
71.2570038 -23.1373005 -1.78129995
71.3564987 -23.1149006 0.759466648
71.3320312 -23.0992146 0.906028569
71.2982025 -23.1278763 1.09677505
71.2408981 -23.1544991 1.28779995
71.3779984 -23.1753998 1.79760003
71.3692017 -23.1475487 2.12724996
71.2018967 -23.1282005 2.56139994
71.3387985 -22.9158001 -1.7809
71.3570557 -22.8588753 0.876749992
71.3292542 -22.9480515 1.06264997
71.3305969 -22.9092999 2.24419999
71.3527985 -22.8964005 5.94000006
71.2241974 -22.6513996 -1.83710003
71.3491211 -22.7348194 0.837459981
71.3346024 -22.6977997 2.4447
71.2046967 -22.5189991 -1.73339999
71.3839035 -22.5534992 0.971400023
71.3925018 -22.5748997 1.10660005
71.3852005 -22.5270996 2.20180011
71.3472977 -22.4239006 3.28559995
71.3834 -22.3556004 -1.79550004
71.3134995 -22.3269997 1.36010003
71.3526001 -22.3372993 3.15210009
71.3041992 -22.3659 3.2421999
71.2567978 -22.2226009 4.87249994
71.2138977 -22.0056992 0.948000014
71.2521973 -22.0175991 1.01069999
71.2370987 -22.0447998 2.36730003
71.2776031 -21.9279003 0.916000009
71.3020248 -21.9164505 1.07260001
71.2792969 -21.8470001 1.22029996
71.3115005 -21.8223 2.35730004
71.2061996 -21.8500996 4.68580008
71.3850021 -21.6483002 2.39190006
71.2509995 -21.6149998 2.58200002
71.3184967 -21.7056007 3.02990007
71.3600998 -21.7047997 3.21760011
71.373703 -21.5149746 -1.85545003
71.3339996 -21.5741005 2.47280002
71.3721466 -21.3302994 -1.85235
71.206398 -21.1926994 -1.85140002
71.2687531 -21.1568985 3.34684992
71.2989502 -20.8862 -1.89890003
71.3043518 -20.7149506 -1.86605
71.3258972 -20.4648991 -1.87030005
71.2942963 -20.1341515 -1.90474999
71.4389038 -39.5326996 -1.13530004
71.4574966 -38.3739014 -1.16960001
71.4832001 -38.1795006 -1.20879996
71.5404053 -38.0848465 -1.15489995
71.5145493 -38.0349998 2.33199978
71.5447998 -38.1240997 2.46090007
71.5743027 -37.9145012 1.39779997
71.5363998 -37.8628769 1.52294993
71.4873962 -37.8169022 1.66974998
71.5087433 -37.8479004 2.2193501
71.4024963 -37.9441986 2.48519993
71.5840988 -37.6573982 1.37549996
71.5148239 -37.67342 1.46487999
71.5807037 -37.4315987 -1.2306
71.5959015 -37.5861015 1.37909997
71.5523758 -37.5022507 1.52967501
71.5746994 -37.2028008 -1.26699996
71.590332 -37.3356667 1.53186667
71.5181274 -37.3115501 1.66600001
71.4106979 -36.9612999 -1.22650003
71.5016785 -36.9256744 1.72694993
71.4483948 -36.8631516 1.83270001
71.4437027 -36.7318001 -1.25890005
71.5094986 -36.6747513 1.79480004
71.5290985 -36.4944649 1.85586667
71.4020004 -36.3666992 1.79960001
71.530899 -36.1124992 -1.28120005
71.4029999 -36.1945992 1.89670002
71.5334015 -35.7473984 0.718350053
71.5499115 -35.7240982 0.937099993
71.5690994 -35.6395988 1.09909999
71.524498 -35.6263008 1.32749999
71.4846039 -35.6473999 1.45089996
71.5969009 -35.6057014 1.8348
71.5079193 -35.5121994 1.09861672
71.5139465 -35.475647 1.26744998
71.4207535 -35.5158501 1.42974997
71.5569 -35.4939995 2.54099989
71.5463028 -35.4936981 4.46600008
71.5817032 -35.5694008 4.60769987
71.5715637 -35.2945671 -1.32113338
71.5591965 -35.354599 1.20249999
71.5058975 -35.3156013 1.55693328
71.4803009 -35.3465004 1.8118
71.467598 -35.2770996 4.39169979
71.5074463 -35.0995483 -1.33329999
71.4514008 -35.1347008 1.3391
71.5185471 -35.1778488 1.52454996
71.4341965 -35.1716995 4.53289986
71.4347 -35.1465988 5.42469978
71.504303 -34.8614998 1.50929999
71.5095978 -34.9230499 1.7026
71.4921951 -34.9309349 1.85546672
71.5154037 -34.9789009 2.26180005
71.5085983 -34.7817497 1.58364999
71.5595016 -34.4522018 1.55369997
71.5037537 -34.4681511 1.95819998
71.4454956 -34.2108536 -1.35870004
71.4880524 -34.209198 1.88374996
71.5597534 -34.0788994 -1.2904501
71.5954971 -34.016201 1.6365
71.4737015 -34.1203995 1.97930002
71.4569016 -34.1096992 2.10899997
71.4480972 -34.021801 2.4210999
71.5959015 -33.983799 -1.3786
71.5880508 -33.8391495 1.84364998
71.4385986 -33.9121017 2.22740006
71.5128021 -33.8745003 2.75259995
71.4682007 -33.9435997 3.55380011
71.5603027 -33.7830009 1.99479997
71.5903015 -33.6579018 2.07194996
71.5863037 -33.7696991 2.42479992
71.4698029 -33.7831993 3.17740011
71.5777969 -33.4115982 1.85810006
71.4325027 -33.5560989 2.00259995
71.5460968 -33.4165993 3.15050006
71.4312973 -33.5808983 3.98959994
71.5117035 -33.3021011 -1.38750005
71.5205002 -33.2102013 1.77020001
71.4766998 -33.3272018 1.82840002
71.555397 -33.1554985 1.24189997
71.5453339 -33.105732 1.4971
71.4763031 -33.0945511 1.61135006
71.5155029 -33.176899 1.86945009
71.5186996 -32.9235001 1.52209997
71.5513535 -32.6977997 1.70239997
71.469902 -32.6194 1.81099999
71.4439011 -32.7524986 2.03769994
71.5 -32.5722008 1.76890004
71.5337982 -32.5494995 1.84290004
71.4207001 -32.4584007 2.10960007
71.4605026 -32.5979996 2.2671001
71.5259018 -32.3558998 -1.46029997
71.5460968 -32.2417984 1.34000003
71.528801 -32.3614006 1.97660005
71.4483032 -32.2022018 2.15280008
71.518898 -32.2647018 2.2098
71.543602 -32.3252983 2.55940008
71.444603 -32.2220993 3.35030007
71.5362015 -32.0024986 -1.53890002
71.4625549 -32.0201988 1.1681
71.5948029 -32.0475006 1.59580004
71.4897461 -32.146698 1.91085005
71.4983978 -32.1260986 2.12229991
71.4185028 -31.9652004 1.1875
71.4048996 -31.8913002 1.26479995
71.5459518 -31.9074497 2.08979988
71.5812988 -31.8425007 2.47989988
71.4095993 -31.9150009 2.75250006
71.5595474 -31.8589516 3.37825012
71.4271011 -31.7660007 1.16540003
71.4330978 -31.6987 1.42999995
71.4562988 -31.7234993 1.98959994
71.5223312 -31.7092323 2.09520006
71.4913025 -31.6375999 2.21449995
71.5212326 -31.6421661 2.72743344
71.528801 -31.6450005 2.88269997
71.4076004 -31.6464996 3.02640009
71.5176468 -31.6554489 3.33314991
71.4965515 -31.5103493 1.08859992
71.5326996 -31.4274006 1.39209998
71.4981003 -31.4921989 1.65799999
71.5157471 -31.5190506 1.87175
71.5541 -31.5393009 2.75510001
71.5273972 -31.5229492 2.89090014
71.4907532 -31.4543495 3.01800013
71.5267029 -31.5904007 3.49559999
71.4905014 -31.2635002 -1.46720004
71.4235001 -31.3953991 1.01499999
71.4776001 -31.3994007 1.53659999
71.5945969 -31.3682995 2.61350012
71.5647964 -31.3836994 3.13310003
71.5635986 -31.2879009 3.27160001
71.5327454 -31.1537018 -1.48644996
71.5521011 -31.0370007 1.19219995
71.4365997 -31.0032997 1.37020004
71.5607986 -31.1807995 1.41659999
71.5692978 -31.0970993 2.95569992
71.4887009 -31.1184006 3.0632
71.5158997 -30.8470993 -1.4964
71.5506973 -30.9785004 2.34669995
71.5561981 -30.9655991 2.49679995
71.4596024 -30.9813995 2.89499998
71.5892029 -30.8726997 3.52279997
71.5587006 -30.9018002 3.97340012
71.4324036 -30.6937008 1.23380005
71.4354019 -30.6362991 1.43079996
71.4134979 -30.6149006 2.13450003
71.5764008 -30.6863499 3.46745014
71.4988022 -30.6529999 3.66639996
71.5028992 -30.7691994 4.0005002
71.5223999 -30.5163994 -1.50504994
71.580101 -30.5081501 2.87954998
71.579895 -30.4788666 3.3215332
71.5378036 -30.4605331 3.51746678
71.4627533 -30.5365486 3.70240021
71.5818024 -30.4906998 4.0559001
71.5754013 -30.2791996 2.15229988
71.4773636 -30.266367 2.36386681
71.464798 -30.3059998 2.41269994
71.4700012 -30.3332005 2.68079996
71.4294968 -30.3733006 2.83170009
71.5590515 -30.3681984 3.24230003
71.4591217 -30.2639999 3.49367499
71.4287033 -30.3444996 3.64339995
71.5419998 -30.219101 3.93650007
71.4901962 -30.1304798 3.53561997
71.509201 -30.1532993 3.61619997
71.5930023 -30.0331993 3.9230001
71.4520035 -30.0741005 4.19140005
71.5350494 -29.8874512 -1.50539994
71.5573502 -29.8688011 3.15135002
71.4386444 -29.8851509 3.32704997
71.4405975 -29.9111996 3.45479989
71.4402008 -29.8150997 3.773
71.5407028 -29.9540005 3.95110011
71.4070969 -29.8174 4.01119995
71.4105988 -29.9477997 4.6157999
71.5377502 -29.7066002 3.12494993
71.4542542 -29.7032509 3.25600004
71.536232 -29.7435665 3.50399995
71.5688019 -29.7759991 3.63509989
71.5307007 -29.6390991 5.50110006
71.4203033 -29.4405003 3.26769996
71.4117508 -29.4702988 4.68400002
71.5215378 -29.5841331 5.58023357
71.5120239 -29.2974243 3.3031249
71.566803 -29.3234997 5.0946002
71.5740967 -29.0850487 2.12485003
71.5449524 -29.1620998 2.24345016
71.5752029 -29.0709991 3.16009998
71.4802551 -29.1326504 3.25299978
71.422699 -29.0988998 3.43919992
71.5814972 -29.0998993 4.72919989
71.4609985 -28.9354 2.27690005
71.4763184 -28.8779335 3.11190009
71.5026016 -28.8602009 3.30629992
71.5122986 -28.9043999 3.4302001
71.4072037 -28.8299007 4.28369999
71.46875 -28.8809013 4.6725502
71.4497986 -28.7576008 2.1335001
71.52285 -28.7919006 2.20420003
71.482254 -28.6552505 2.85685015
71.5635681 -28.6594009 3.04396677
71.5255966 -28.6513004 3.27889991
71.4328995 -28.6000996 4.1736002
71.574501 -28.7446995 4.83760023
71.5177994 -28.5037994 2.73930001
71.5147476 -28.5152512 3.13115001
71.5180664 -28.4418011 4.26983356
71.4403992 -28.2131004 2.3433001
71.4865036 -28.2007008 2.40820003
71.5172348 -28.2989998 2.96066666
71.5696564 -28.2918015 3.04265022
71.5311966 -28.1643009 2.37770009
71.5814972 -28.1532993 2.95720005
71.5776978 -28.1462994 3.05310011
71.5972977 -28.0993004 3.2104001
71.5208969 -28.0601997 3.9203999
71.4731522 -27.83395 3.16674995
71.5025024 -27.8966255 3.90867496
71.5896988 -27.8572006 4.21330023
71.5335999 -27.6968498 1.90900004
71.5155258 -27.6898994 2.11232495
71.4695969 -27.6450996 2.20090008
71.4459534 -27.6945992 2.58909988
71.4598999 -27.7684994 2.83179998
71.4855347 -27.7584991 3.08156657
71.4325027 -27.5771999 -1.60710001
71.4877014 -27.5464001 -1.57480001
71.4806976 -27.5422001 1.78340006
71.4662628 -27.4508343 1.84576666
71.5243988 -27.5279007 2.36500001
71.4603271 -27.4908504 2.51655006
71.5179977 -27.5423012 2.65315008
71.4973984 -27.5051994 2.8448
71.5749512 -27.4400501 3.12419987
71.5121994 -27.4368 3.33100009
71.4430008 -27.5601997 3.40639997
71.4529037 -27.5372009 3.7953999
71.5469971 -27.5473995 3.91039991
71.5285492 -27.3046494 -1.64120007
71.5902023 -27.3726006 -1.59399998
71.5211029 -27.2619743 2.47937489
71.5186005 -27.278801 2.74910021
71.4937973 -27.3229008 2.90019989
71.5758972 -27.3087006 3.15849996
71.4671021 -27.3430195 3.29153991
71.4125977 -27.2649002 3.42090011
71.4317017 -27.3715 3.82859993
71.4827499 -27.1026001 -1.62295008
71.5446014 -27.0414009 2.39100003
71.4769516 -27.0701504 2.51489997
71.5153198 -27.1101398 2.71011996
71.5752029 -27.0046997 3.92680001
71.4459991 -26.9225006 2.24880004
71.5782013 -26.9606991 2.51970005
71.5865021 -26.8463993 2.79929996
71.5391006 -26.8698997 2.86689997
71.4067993 -26.8376999 3.01209998
71.4860992 -26.9771996 3.98469996
71.4117966 -26.6573009 -1.71819997
71.4732971 -26.7485008 2.86129999
71.4154968 -26.4222984 -1.64490008
71.5507965 -26.5823002 2.78769994
71.4655304 -26.5034332 2.86213326
71.4515991 -26.354351 2.91485
71.4347992 -26.3090992 3.33739996
71.5466003 -26.0764503 -1.65254998
71.5033035 -26.1044998 2.0395999
71.5747986 -26.0370998 2.29940009
71.5312042 -26.1765003 2.86114979
71.5351028 -25.8047009 -1.63779998
71.4877319 -25.9225006 2.49473333
71.4986649 -25.9021664 2.75626659
71.5085754 -25.9141254 4.35284996
71.4831009 -25.7707005 -1.65760005
71.5378342 -25.7058659 2.68413329
71.4834518 -25.6308002 2.8668499
71.5383987 -25.6576996 3.89619994
71.4123993 -25.5431004 2.88140011
71.5809479 -25.4971008 3.08585
71.4536972 -25.3794994 -1.67820001
71.4882965 -25.3264008 2.81570005
71.5082016 -25.2423 3.0480001
71.4504013 -25.1956997 -1.70500004
71.5167999 -25.0735664 2.52763343
71.5333481 -25.1010494 2.75325012
71.5626984 -25.0758991 3.1724999
71.4774323 -24.9392662 -1.70790005
71.4652023 -24.9197998 1.74559999
71.4705963 -24.9037991 2.18729997
71.4853973 -24.8742504 2.24845004
71.5389481 -24.8326988 2.62840009
71.4634018 -24.9195995 2.85349989
71.413147 -24.8823509 3.67595005
71.4953995 -24.7644005 -1.71360004
71.5369034 -24.6359005 1.39390004
71.5631027 -24.7332001 1.55449998
71.5218964 -24.6061001 1.64300001
71.4042969 -24.6236 2.40199995
71.5888977 -24.7693996 2.75469995
71.5286026 -24.6982994 3.5552001
71.5027008 -24.7406006 3.72052503
71.4442749 -24.5296249 1.48342502
71.4419022 -24.4545994 1.6656667
71.5618973 -24.5212994 1.91460001
71.4533005 -24.5890999 2.46289992
71.4664001 -24.4972992 2.91079998
71.5159988 -24.3696995 0.998600006
71.5278015 -24.3202991 1.176
71.5060349 -24.289299 1.31253338
71.5709 -24.2553997 2.52839994
71.5182037 -24.3377991 2.88145018
71.5064468 -24.2688503 3.69775009
71.5641022 -24.2621002 3.99449992
71.4815521 -24.1054001 1.05760002
71.4021988 -24.0802002 1.93830001
71.5399017 -24.0921993 2.03660011
71.5507965 -24.0641994 2.37350011
71.5233002 -24.1090336 2.66869998
71.4372025 -24.0144005 3.07360005
71.572998 -23.8878994 1.77980006
71.5790024 -23.9958992 1.83889997
71.4782562 -23.9897995 2.09065008
71.4998474 -23.8824997 2.27104998
71.5619965 -23.9902992 2.59209991
71.538147 -23.8492508 2.68764997
71.5119781 -23.907299 2.87365007
71.5240021 -23.9015007 3.33599997
71.4207993 -23.8218002 3.54629993
71.5802002 -23.6275997 1.63740003
71.5101013 -23.6081009 1.86600006
71.5586014 -23.7262001 2.15723324
71.4815063 -23.6733513 2.30749989
71.4730988 -23.6061001 2.50629997
71.5391006 -23.7314491 2.69355011
71.403801 -23.7749996 2.87980008
71.5354309 -23.5034332 1.33396673
71.5550003 -23.5096512 1.52775002
71.4409485 -23.45825 1.69254994
71.5834045 -23.4775009 1.99195004
71.5671005 -23.4766006 2.18140006
71.5016022 -23.2441998 0.526149988
71.4819031 -23.2968502 0.650950015
71.4606934 -23.3704491 0.875649989
71.5222321 -23.3765335 1.1517334
71.4825974 -23.3463669 1.3475666
71.481102 -23.3638992 1.50020003
71.4129028 -23.3164997 1.85210001
71.4450989 -23.3306007 2.05679989
71.5109024 -23.2173996 2.2822001
71.4542999 -23.0392494 -1.80785
71.5147476 -23.0656509 0.538250029
71.4726562 -23.1115723 0.655057132
71.5007477 -23.1637001 0.836899996
71.5348969 -23.0907001 1.98640001
71.4171982 -23.0342999 2.0704999
71.475502 -22.9335995 -1.82480001
71.5500031 -22.8948002 0.536966681
71.4249496 -22.9200497 0.701250017
71.4029007 -22.9146996 1.33280003
71.4028015 -22.6014004 0.997300029
71.4698486 -22.6916504 2.27924991
71.4669952 -22.7164001 3.16554999
71.486351 -22.6627502 3.20924997
71.4842987 -22.4626007 -1.83949995
71.4555969 -22.4853497 1.07034993
71.4826965 -22.498951 1.33074999
71.5292969 -22.5732994 1.9109
71.417099 -22.5974007 2.0611999
71.492897 -22.4083996 2.22539997
71.4355011 -22.5830994 3.22950006
71.4601974 -22.2488995 1.45609999
71.4878006 -22.3782005 1.91750002
71.4192963 -22.2320004 2.18899989
71.4329987 -22.2553005 3.15604997
71.4383011 -22.3428993 3.23149991
71.4617462 -22.0582504 0.89835
71.5830002 -22.1688995 1.11749995
71.5636978 -22.1989994 1.31879997
71.446701 -22.1636009 1.40999997
71.5619965 -22.0123005 2.1874001
71.4775009 -22.0529003 2.34590006
71.5507965 -22.1856003 3.1012001
71.5544968 -21.892849 -1.85345006
71.5205994 -21.9698009 1.00230002
71.5794983 -21.9514008 2.36980009
71.428299 -21.7959003 2.34019995
71.4630966 -21.7231007 3.22070003
71.4328995 -21.6308002 4.36759996
71.4732971 -21.4669991 -1.92089999
71.5227966 -21.5225983 2.36950016
71.5111771 -21.4899998 2.46429992
71.5568008 -21.5139008 3.21650004
71.4204025 -21.3623009 -1.80040002
71.5309982 -21.3374004 -1.70710003
71.5811996 -21.3183002 2.52749991
71.4487 -21.3320007 3.1256001
71.4328995 -20.1807995 -1.86220002
71.7918015 -39.9208984 -1.14590001
71.7734985 -39.6488991 -1.15310001
71.655098 -39.3689003 -1.10399997
71.7352982 -38.8146019 -1.18239999
71.7533035 -38.1911011 -1.19910002
71.7614441 -37.7163467 -1.21359992
71.6862259 -37.4629974 1.34642506
71.6267014 -37.4510002 1.40429997
71.7750015 -37.4738998 2.6961
71.763298 -37.3364983 1.38800001
71.6992645 -37.2890663 1.48803329
71.6337967 -37.3442993 1.74549997
71.7542038 -37.0656013 -1.2263
71.6756516 -37.1343498 1.52699995
71.6660385 -37.1004219 1.67545998
71.6688004 -36.952301 -1.22940004
71.7476501 -36.9348488 1.54404998
71.678421 -36.8614235 1.67762494
71.7558975 -36.6273003 1.57650006
71.7089767 -36.6981583 1.66517997
71.7332993 -36.5968018 -1.28129995
71.6917038 -36.4509659 1.69126666
71.7143021 -36.5996017 3.46560001
71.6705017 -36.233799 1.46379995
71.7012024 -36.3367004 1.71150005
71.7462006 -36.1792984 1.44389999
71.7141037 -36.1100998 1.70676661
71.6172028 -35.8632011 -1.24479997
71.6137009 -35.8386002 0.848100007
71.7293015 -35.9247017 1.79929996
71.6259995 -35.6590996 0.972299993
71.6247025 -35.7151985 1.04369998
71.6020966 -35.6959991 1.46700001
71.7974014 -35.6258011 2.48920012
71.7057037 -35.4570999 4.4769001
71.6435013 -35.5438995 4.66669989
71.607399 -35.2566986 1.28910005
71.7417984 -35.2234993 1.87829995
71.7628021 -35.3404007 2.1868999
71.7274017 -35.2904015 4.71159983
71.7131729 -35.3087769 5.11572504
71.7528 -35.2100983 5.43730021
71.6156998 -35.0668983 1.94799995
71.6417999 -35.1822014 2.23340011
71.6461945 -35.151001 5.28530025
71.6372986 -35.0451012 5.5230999
71.6115036 -34.982399 -1.23430002
71.6540985 -34.8815994 1.87440002
71.7245026 -34.6473999 -1.34990001
71.6388016 -34.7137985 1.63059998
71.7369003 -34.6512985 1.93040001
71.6496429 -34.6519508 2.04439998
71.6302032 -34.6203003 5.75010014
71.6486969 -34.4160995 -1.31700003
71.6911011 -34.5126991 1.71424997
71.6119995 -34.530899 2.0308001
71.7723999 -34.2653008 1.55589998
71.6673965 -34.2635994 1.75849998
71.687149 -34.2748032 1.9138
71.7822037 -34.2588005 2.87240005
71.7435989 -34.0960999 -1.37779999
71.6546021 -34.0521011 1.78359997
71.6328964 -34.1020012 1.8585
71.6352997 -33.9785995 1.7493
71.6737518 -33.8729019 1.91044998
71.7030716 -33.7129745 1.86164999
71.7342987 -33.6855011 3.38179994
71.7353973 -33.4880981 1.58759999
71.6323013 -33.5031013 1.75909996
71.6191025 -33.4197006 1.90190005
71.6176987 -33.4881516 2.02965021
71.6512985 -33.2806015 1.50279999
71.6852493 -33.2979507 1.65814996
71.6362991 -33.2254982 1.86769998
71.6746521 -33.2532005 2.04395008
71.6772003 -33.2094994 2.86059999
71.6632004 -33.2794991 3.27990007
71.7721024 -33.3983994 3.94889998
71.7765045 -33.0509262 1.30524993
71.7066193 -33.0852509 1.49926662
71.6597519 -33.1360016 1.71677494
71.6837006 -33.1585007 1.82029998
71.6130981 -32.8019981 -1.39610004
71.7282562 -32.9153976 1.33085001
71.7214355 -32.8908005 1.48880005
71.7567978 -32.8805008 2.7809
71.754097 -32.8838005 4.15110016
71.6733017 -32.7476997 -1.37899995
71.7488022 -32.7901993 1.38170004
71.6603012 -32.6990509 1.51250005
71.6994629 -32.6495018 1.64316666
71.7516022 -32.5954018 -1.38740003
71.7790985 -32.5778503 1.47020006
71.6912994 -32.4421997 1.83529997
71.6965027 -32.2537994 1.31529999
71.7456741 -32.3227997 1.69817495
71.6432266 -32.2742233 1.86552501
71.7966995 -32.3372993 2.36610007
71.6388016 -32.2685013 2.52539992
71.6035995 -32.0400009 -1.46879995
71.6638031 -32.0688019 1.48590004
71.713501 -32.1702499 1.63709998
71.6418991 -32.1739006 2.54699993
71.629303 -31.9281006 -1.45920002
71.774498 -31.8553009 1.51740003
71.699501 -31.8132992 1.79470003
71.6473007 -31.8599014 1.91580009
71.743103 -31.8487511 2.06274986
71.7593994 -31.7661991 1.90289998
71.6736374 -31.6646996 2.05313325
71.6028976 -31.7091007 3.42519999
71.7382965 -31.7462006 4.26840019
71.7089996 -31.5506001 1.98269999
71.6660156 -31.4841347 2.12823343
71.643898 -31.5324001 2.3828001
71.6008987 -31.4172993 2.46020007
71.6784973 -31.4635506 2.68857503
71.6153564 -31.4496002 2.84579992
71.6122971 -31.4647999 3.00180006
71.7528 -31.3216991 1.30139995
71.6239014 -31.3591995 1.58580005
71.7492523 -31.2951508 1.7098999
71.7352982 -31.3310509 2.1556499
71.730957 -31.2806511 2.29535007
71.739502 -31.3167667 2.47306657
71.6565018 -31.3925991 2.60829997
71.6988678 -31.3111172 2.90756679
71.6417007 -31.2856007 3.03130007
71.7205963 -31.3559494 3.96000004
71.7761993 -31.1231995 1.32850003
71.773407 -31.1177006 2.33265018
71.7358322 -31.0702667 2.45763326
71.6588287 -31.0406761 2.73985004
71.7689972 -31.0632992 2.9612
71.7284546 -31.0830994 3.56124997
71.6750336 -31.0988007 3.71133327
71.7467499 -31.0669003 3.88249993
71.7694016 -30.8924007 2.36479998
71.6603012 -30.9776001 2.59439993
71.7220993 -30.9618988 2.69325018
71.7569504 -30.9686489 2.90555
71.6595993 -30.8724003 3.14840007
71.702301 -30.8125992 3.36660004
71.6979065 -30.9484005 3.44099998
71.6307068 -30.8525009 3.74000001
71.7931976 -30.7399998 3.0875001
71.6820984 -30.6664009 3.25990009
71.7031555 -30.7290993 3.4835
71.6414032 -30.6704006 3.70230007
71.7826996 -30.6928997 4.1717
71.6186981 -30.4069004 2.0467
71.759903 -30.5695 2.59089994
71.7508011 -30.4855995 2.89910007
71.6367035 -30.5419006 3.39339995
71.6091003 -30.5506992 4.5935998
71.6718979 -30.3768997 -1.45749998
71.7850037 -30.3197002 2.31999993
71.7232666 -30.3352661 2.49956679
71.7712326 -30.2731323 2.72390008
71.7390976 -30.3004494 2.84525013
71.6635361 -30.3467331 3.05166674
71.6452026 -30.3428993 4.09929991
71.6458969 -30.1229992 2.74349999
71.6933975 -30.1195335 2.89633322
71.6598969 -30.1259003 3.02629995
71.7514038 -30.1748009 3.6249001
71.6919022 -29.9899998 2.78780007
71.7330246 -29.9033241 2.88942504
71.7834015 -29.9186993 3.58820009
71.6277008 -29.8852005 4.1967001
71.6741028 -29.9351006 4.41569996
71.6019974 -29.6688995 -1.50740004
71.7441025 -29.7637501 2.7175498
71.7382507 -29.6917 2.91235018
71.783844 -29.7220497 3.07525015
71.6882019 -29.6469002 3.20639992
71.6044006 -29.7618008 3.70950007
71.745903 -29.6515999 4.92350006
71.6384964 -29.6282005 5.51490021
71.7331009 -29.4388008 -1.54400003
71.7902985 -29.4046001 1.77170002
71.7288055 -29.4908752 1.97835004
71.7278976 -29.5259991 2.75329995
71.768631 -29.5343323 2.8865335
71.6672592 -29.5124607 3.08423996
71.7009964 -29.5261993 4.68289995
71.7164993 -29.4832993 5.2335
71.7637024 -29.3353996 1.73329997
71.6914978 -29.3103504 1.91822505
71.6792984 -29.3369999 2.10030007
71.6296997 -29.2110996 2.23539996
71.7621994 -29.3866997 2.8987
71.6750031 -29.2623501 3.05124998
71.665802 -29.2931004 4.8144002
71.7353973 -29.3973999 5.54020023
71.6139984 -29.1672001 -1.54260004
71.6937027 -29.0820999 2.01530004
71.7650452 -29.1278 2.9520998
71.6269379 -29.0946331 3.11783338
71.6227036 -29.1672001 4.67350006
71.6809006 -28.8069 -1.56210005
71.7305603 -28.9275398 1.92193997
71.6332016 -28.9958 2.02950001
71.6712036 -28.9769993 2.39339995
71.7160034 -28.9722996 2.97020006
71.6673508 -28.9081993 3.11905003
71.6692047 -28.8386993 4.55599976
71.653595 -28.8524513 4.6791501
71.6379013 -28.6529007 -1.54900002
71.7985001 -28.7595997 1.85290003
71.6959305 -28.7834663 2.08596659
71.6990967 -28.7502499 3.02850008
71.670433 -28.7047997 4.30296659
71.7495499 -28.5204506 -1.55725002
71.7031479 -28.4619484 2.90149999
71.7352982 -28.4612007 3.13639998
71.7966995 -28.4512997 4.21320009
71.6448517 -28.5551987 4.49284983
71.7587967 -28.3388004 2.32310009
71.6979523 -28.2568493 2.45965004
71.661499 -28.2444 2.7658999
71.7636566 -28.3355999 2.86854982
71.6182022 -28.2644005 3.1565001
71.7615967 -28.2275009 3.97169995
71.7421341 -28.3125992 4.09450006
71.7862015 -28.2024994 4.40859985
71.6929932 -28.1540489 2.24994993
71.6408997 -28.0195007 2.79450011
71.7101974 -28.1240997 2.90925002
71.6466293 -28.1259995 3.08776665
71.6580505 -27.8454514 1.91219997
71.6577988 -27.9790993 2.03439999
71.7003021 -27.9407997 2.88860011
71.6252975 -27.8978996 3.02110004
71.6223984 -27.9778996 3.21869993
71.7031021 -27.8922997 3.87776661
71.7321472 -27.6722984 1.57190001
71.7049026 -27.6460991 1.72140002
71.7416 -27.7733002 3.66790009
71.6899338 -27.751833 3.91676664
71.7029495 -27.4791489 -1.60595
71.7033997 -27.4694328 1.84143329
71.7245331 -27.4703674 2.12956667
71.6641006 -27.4832993 2.3668499
71.6523972 -27.5021 2.48646665
71.7421036 -27.4857998 2.74839997
71.6959991 -27.4829998 3.02209997
71.6610031 -27.4883995 3.9532001
71.6383972 -27.4407005 4.09399986
71.7762985 -27.3404007 1.7938
71.7665024 -27.363266 2.15260005
71.6963043 -27.3063011 2.34389997
71.6376038 -27.3535004 3.38199997
71.748703 -27.3479004 3.53189993
71.7818985 -27.0994987 2.30664992
71.6873016 -27.1136665 2.45510006
71.6926651 -27.1192665 2.70630002
71.6489487 -27.1278 2.84759998
71.7210999 -27.0359993 4.50670004
71.7032776 -26.866951 2.46475005
71.6826248 -26.9246502 2.68974996
71.7106018 -26.9113998 4.10589981
71.7527008 -26.7970009 2.36190009
71.7365341 -26.7376671 2.5333333
71.6787033 -26.7528992 2.67059994
71.7845001 -26.4496994 -1.62909997
71.7673035 -26.4386005 2.50349998
71.6835632 -26.5240669 2.76666665
71.6263504 -26.5181999 2.84840012
71.6698761 -26.3168392 2.75200009
71.7730026 -26.3812008 2.80019999
71.7329559 -26.0755005 2.2895999
71.6059036 -26.1651993 2.79809999
71.7013321 -25.9010658 2.71913338
71.6473694 -25.9105663 2.88486671
71.6513977 -25.7530003 2.5467999
71.7077026 -25.7590008 2.68530011
71.6591034 -25.4057999 -1.69579995
71.7482452 -25.4687004 2.55229998
71.6772308 -25.4513664 2.65373325
71.6617966 -25.4874992 2.89619994
71.7060547 -25.3640995 2.33794999
71.7359009 -25.2317009 2.54830003
71.7895966 -25.3423004 2.60700011
71.7809982 -25.3801003 2.91350007
71.6747513 -25.3305511 3.15735006
71.6010971 -25.2176991 3.24429989
71.7519989 -25.1646004 -1.69389999
71.6485291 -25.0860996 1.67666662
71.6729736 -25.0877743 2.48517489
71.6439972 -25.1858997 2.65899992
71.759903 -24.8857002 -1.76460004
71.6243973 -24.8062 1.51810002
71.7094498 -24.9001007 1.97939992
71.6455002 -24.8684006 2.32934999
71.7075653 -24.8871326 2.43439984
71.6603012 -24.9909992 3.26399994
71.7158966 -24.8682003 3.44619989
71.7305679 -24.6646004 1.31653333
71.672226 -24.6721001 1.44875002
71.6548996 -24.7490997 2.18379998
71.6839828 -24.6951008 2.33622003
71.6399994 -24.6522999 2.53110003
71.7919998 -24.5753994 -1.80599999
71.7272034 -24.5907001 -1.72039998
71.6863022 -24.4411507 1.08875
71.7900009 -24.4356003 2.35730004
71.7117004 -24.5545673 2.50693321
71.728302 -24.4356003 2.65219998
71.6856995 -24.4416008 3.61030006
71.6746979 -24.2865486 1.14600003
71.6950989 -24.3069 2.58260012
71.7193985 -24.3612003 2.66339993
71.6123962 -24.2206993 2.83189988
71.7401962 -24.3840008 3.69239998
71.7879028 -24.1329002 0.737699986
71.7282028 -24.1564999 1.00670004
71.6608963 -24.0202999 1.67429996
71.7946014 -24.0958004 2.59820008
71.7103348 -24.1296329 2.69186664
71.6827011 -24.1522999 3.49399996
71.7518005 -23.9279003 -1.75759995
71.7888031 -23.9256001 0.370000005
71.723175 -23.8963718 0.479985714
71.7144012 -23.8610001 0.62559998
71.725235 -23.8748665 1.7191
71.6041031 -23.9351006 2.74489999
71.6945953 -23.6720009 -1.76169991
71.7423553 -23.7923012 0.466549993
71.7770996 -23.7326508 1.53609991
71.7203979 -23.7567005 1.76480007
71.759903 -23.6296997 2.0144999
71.6762009 -23.7853012 2.4605
71.7246017 -23.4579659 1.05423331
71.7133331 -23.5014992 1.27653337
71.7100983 -23.5672665 1.48759997
71.6788025 -23.5949993 1.66509998
71.7630005 -23.5498009 1.89069998
71.7251968 -23.4857998 2.11036658
71.685997 -23.5424995 2.25279999
71.6576004 -23.5167007 2.7198
71.742897 -23.3721008 -1.77649999
71.6540985 -23.3047009 0.588999987
71.7170029 -23.3938999 1.08609998
71.6324005 -23.1264 -1.74349999
71.6917038 -23.1317005 0.342599988
71.6703033 -23.0811005 0.40200001
71.7626495 -22.9021988 0.185100004
71.7044983 -22.8999195 0.333240002
71.6108017 -22.8449993 0.436300009
71.7363129 -22.6967659 0.315844446
71.7094421 -22.7087803 0.422399998
71.705101 -22.6653004 1.65799999
71.6323471 -22.6334 3.17709994
71.7460022 -22.6317005 5.34660006
71.6544037 -22.4004002 1.85220003
71.7916031 -22.5716991 3.12789989
71.6713028 -22.3215008 1.75240004
71.7207031 -22.2241993 2.25449991
71.6621704 -22.2920666 3.11136675
71.7137985 -22.2929001 5.7874999
71.735199 -22.0347004 -1.84739995
71.694603 -22.0962009 1.02090001
71.6663971 -22.0505009 2.26379991
71.7081985 -22.1532993 2.44630003
71.6895981 -21.8861008 -1.8452667
71.6891022 -21.9188004 1.26849997
71.7507019 -21.5615005 -1.8362
71.6953964 -21.4283009 2.38249993
71.7100983 -21.3722992 -1.8283
71.6931 -21.3663998 2.36820006
71.6836014 -21.3359337 2.48940015
71.7002029 -21.0699005 -1.8786
71.6772995 -20.2880993 -1.92330003
71.7482986 -20.1149006 -1.93060005
71.9934006 -39.8190994 -1.14789999
71.8016968 -39.5886993 -1.15349996
71.8065033 -39.2918015 -1.19959998
71.9950027 -39.1894989 -1.21220005
71.8835983 -38.8737984 -1.14629996
71.9590454 -38.3459015 -1.15400004
71.8596954 -37.905201 -1.23184991
71.8574982 -37.4724007 -1.22899997
71.851799 -37.4478989 2.58049989
71.8536987 -37.3423996 -1.10759997
71.9651031 -37.3047981 2.52220011
71.8080978 -37.1528015 1.37730002
71.8480682 -37.0877991 1.47039998
71.8181992 -37.0136986 2.49169993
71.8534012 -37.0782013 2.79710007
71.9123764 -36.8975792 1.50735998
71.8170013 -36.6431007 -1.24059999
71.9169693 -36.6814346 1.57096672
71.872963 -36.6354332 1.6377666
71.8282013 -36.6778984 3.81820011
71.9969025 -36.6162987 4.2171998
71.9632034 -36.4906998 -1.30669999
71.9640045 -36.53125 1.55320001
71.8022003 -36.4397011 1.6451
71.9586029 -36.342701 2.68700004
71.8867035 -36.0304985 -1.29299998
71.9731979 -36.0685654 1.64680004
71.8965988 -36.0769005 2.18420005
71.8467026 -36.0453987 2.55310011
71.8872986 -35.9906998 1.7615
71.9322968 -35.9564514 2.49965
71.9886017 -35.7983017 1.70669997
71.8660965 -35.7442017 2.47819996
71.8392487 -35.3302994 -1.33399999
71.9086533 -35.2846489 4.95965004
71.9042969 -35.3256989 5.19150019
71.8731995 -35.0371017 -1.32799995
71.8220978 -35.1094017 1.95150006
71.8151016 -35.0192986 2.046
71.8105011 -34.8424988 5.23220015
71.9751968 -34.9317017 5.49020004
71.9720993 -34.9705009 5.72800016
71.8287506 -34.6745987 -1.32765007
71.916153 -34.729248 1.84665
71.8925476 -34.4757996 -1.34610009
71.8993301 -34.5639 1.91686666
71.9770966 -34.573101 5.11299992
71.9571991 -34.3922005 -1.30579996
71.9433975 -34.2542 1.4846499
71.9291992 -34.3300018 1.83465004
71.9781036 -34.0974007 1.68089998
71.9940033 -34.0354996 1.96169996
71.9609985 -34.0396004 2.90899992
71.9669037 -34.1306992 4.36199999
71.8292007 -33.9244003 -1.39320004
71.9819031 -33.9122009 1.78400004
71.9884033 -33.9108009 2.8513999
71.8040009 -33.8342018 3.08829999
71.9974976 -33.6422997 1.59000003
71.9339523 -33.6731987 3.08580017
71.898056 -33.4849472 -1.34739995
71.8435974 -33.5321007 1.53530002
71.941803 -33.5784988 1.69389999
71.8363037 -33.4810982 1.83510005
71.819603 -33.4810982 3.16700006
71.9140015 -33.5649986 3.89129996
71.8347015 -33.3087997 1.69120002
71.930748 -33.2754517 2.89279985
71.8304977 -33.2099991 3.04990005
71.9136963 -33.0905991 -1.46920002
71.9671021 -33.1078987 -1.39030004
71.8963013 -33.0283012 1.16690004
71.8082962 -33.0181007 1.54820001
71.8074036 -33.1241989 1.69620001
71.8211975 -33.0872993 2.39339995
71.8198013 -33.0786018 2.59310007
71.8871002 -33.0279999 3.05089998
71.9380035 -33.0826492 4.45419979
71.9108658 -32.9664993 1.34130001
71.8986969 -32.8451004 1.42840004
71.8873978 -32.9296989 1.63380003
71.8748016 -32.9558983 2.91689992
71.8824005 -32.9837494 4.36394978
71.9686966 -32.7658005 1.36489999
71.8543015 -32.7480011 2.61299992
71.8823013 -32.4845314 1.56579995
71.8096008 -32.5493011 1.70630002
71.8807983 -32.4133987 2.51629996
71.9729004 -32.5513 4.11619997
71.940094 -32.2647476 1.72180009
71.909256 -32.1228485 1.72020006
71.9782028 -32.0200005 2.02979994
71.8103027 -32.1604004 4.5236001
71.9759979 -31.8726006 -1.44739997
71.8801956 -31.9477673 1.6765666
71.9107513 -31.6987 -1.45539999
71.8984985 -31.70714 1.71589994
71.8635483 -31.7430496 1.85530007
71.8124008 -31.4909992 -1.43069994
71.9590988 -31.4111004 1.17139995
71.8212967 -31.5979996 1.77199996
71.9023514 -31.506525 1.89467502
71.8820648 -31.439867 2.08393335
71.8556976 -31.2639999 -1.42729998
71.9791031 -31.3750992 1.13730001
71.8917007 -31.2770996 1.22660005
71.9996033 -31.3794003 1.50320005
71.888855 -31.27145 1.67785001
71.9241486 -31.2947006 1.86902499
71.9286118 -31.2992287 2.08288574
71.8387985 -31.2415009 2.34540009
71.8320007 -31.2635002 2.51099992
71.8266983 -31.2250004 3.05080009
71.9689026 -31.2112999 3.34089994
71.8942032 -31.2394009 3.42540002
71.9977036 -31.1765995 1.64859998
71.9328003 -31.0205002 1.91219997
71.976799 -31.1439991 2.12989998
71.8815613 -31.1417789 2.26970005
71.9843979 -31.1805992 2.40229988
71.8653336 -31.1453667 2.73633337
71.8679962 -31.1257668 2.90046668
71.8967972 -31.0303001 3.16300011
71.8740005 -31.0522003 3.52055001
71.9634323 -30.9111004 1.93126667
71.9571991 -30.9111671 2.04876661
71.9380417 -30.9033203 2.32667994
71.895401 -30.8127995 2.41100001
71.8909149 -30.9037666 2.66645002
71.9313049 -30.8982506 2.82515001
71.906601 -30.9424 3.09360003
71.8051987 -30.7395992 -1.52779996
71.9479675 -30.7351665 2.0972333
71.9480667 -30.7213326 2.30196667
71.9394989 -30.6555004 2.4927001
71.8964005 -30.7010994 2.75409985
71.9056015 -30.7169991 2.83809996
71.8365021 -30.6182995 3.18519998
71.8202972 -30.7581997 4.10949993
71.8024979 -30.6348 4.24130011
71.8097992 -30.5634003 -1.48959994
71.9430008 -30.5331001 2.13499999
71.8888016 -30.5619507 2.34695005
71.8845978 -30.4615002 2.45099998
71.8777466 -30.5065498 2.78590012
71.8632965 -30.5417995 4.65509987
71.9797974 -30.3087997 1.85415006
71.9274521 -30.3559494 2.11689997
71.8721008 -30.3557987 2.32620001
71.9115982 -30.3698502 2.48465014
71.8227997 -30.2113991 2.62859988
71.9983978 -30.0758991 -1.52849996
71.8778 -30.1905994 2.50629997
71.8267517 -30.0764503 2.70589995
71.9801941 -30.1661987 2.83214998
71.8239975 -30.0858002 3.83870006
71.9785004 -29.8535004 -1.51460004
71.9588013 -29.9818993 2.10100007
71.8967514 -29.8378754 2.72344995
71.8777008 -29.9358006 3.90919995
71.8052979 -29.8955002 4.26719999
71.8843536 -29.9001007 4.47249985
71.8171005 -29.7548008 -2.0948
71.9105988 -29.6765995 2.65380001
71.8211975 -29.6196003 2.82450008
71.9652023 -29.4797001 2.58879995
71.814003 -29.5734997 2.77559996
71.8750992 -29.5697994 2.85489988
71.9568024 -29.5603008 4.36499977
71.8909988 -29.4980011 4.47370005
71.976799 -29.4129009 5.27829981
71.8781967 -29.2432003 -1.53740001
71.9041672 -29.3479004 1.85926664
71.9092026 -29.3092499 2.77964997
71.8492661 -29.2890663 2.84680009
71.8181 -29.2402 3.0079
71.8076019 -29.3405991 4.57509995
71.8550034 -29.2091007 4.90399981
71.9386368 -29.0926666 2.70556664
71.8902664 -29.1408329 2.89543319
71.9111481 -28.8778 1.90649998
71.9486008 -28.8101006 2.0546999
71.9296341 -28.8785667 2.93223333
71.8890533 -28.8794003 4.5007
71.8551025 -28.9960003 4.78469992
71.9850006 -28.7514 1.72070003
71.8972473 -28.7733994 1.85089993
71.8902969 -28.6126995 3.98889995
71.847702 -28.6233006 4.03000021
71.9274979 -28.4111996 2.26530004
71.8736038 -28.4780674 2.8829999
71.8787994 -28.3337002 -1.56190002
71.9123001 -28.3327999 2.31646657
71.8795013 -28.2458992 2.45230007
71.9035645 -28.3216343 2.88043332
71.8510971 -28.2509995 3.92650008
71.8504791 -28.1131744 2.85197496
71.8201981 -28.0552998 3.93219995
71.9652023 -27.8325005 -1.59609997
71.9501038 -27.8175011 2.72624993
71.939003 -27.8738995 2.89429998
71.8696976 -27.9612007 3.9282999
71.8901978 -27.8864517 4.10554981
71.9710007 -27.8290997 4.3908
71.9913025 -27.6271992 1.37730002
71.8094025 -27.6877995 1.60979998
71.8450012 -27.6907005 2.69919991
71.8873978 -27.7821999 2.82399988
71.8460007 -27.6194992 3.47449994
71.8798981 -27.5376511 1.64954996
71.9350967 -27.4263 1.95319998
71.9178009 -27.4650002 2.02920008
71.8883972 -27.4729004 2.45840001
71.8939972 -27.5811996 2.70149994
71.8082962 -27.4720993 2.82069993
71.8939972 -27.4897995 3.52929997
71.8227997 -27.5408001 3.67560005
71.8663025 -27.4081001 3.98280001
71.8893967 -27.4342003 4.2493
71.9384232 -27.2458992 1.70082498
71.8952026 -27.2443752 1.91272497
71.8717651 -27.3371658 2.08294988
71.9005966 -27.2035999 2.27139997
71.9988022 -27.1238995 -1.63080001
71.998497 -27.1807003 1.5862
71.9342041 -27.1477013 1.76289999
71.933197 -27.0816994 1.84440005
71.8942642 -27.0955677 2.11236668
71.8715057 -27.1251488 2.30585003
71.9104996 -27.0771999 3.38019991
71.9526978 -27.1947994 3.4151001
71.9822998 -27.0387001 3.63619995
71.936554 -26.9674492 1.7416501
71.8639984 -26.8560009 1.80639994
71.9842529 -26.9475002 2.09749985
71.8749542 -26.8656845 2.27008343
71.9110031 -26.8663998 3.38150001
71.9120483 -26.964901 3.48379993
71.8326035 -26.7609997 2.40240002
71.9153976 -26.5313339 -1.62779999
71.8861008 -26.5191994 2.37319994
71.8861008 -26.4762993 2.75106668
71.8407974 -26.5986996 3.8908
71.9346008 -26.3941994 -1.66279995
71.9073334 -26.2784672 2.48396659
71.8865356 -26.2978992 2.68088341
71.9644012 -26.1110992 2.17389989
71.9392014 -26.0837994 2.21720004
71.9194031 -25.8181496 2.15925002
71.8654022 -25.8560009 2.33400011
71.9994965 -25.9009991 2.57949996
71.9666977 -25.8575001 2.74300003
71.8237 -25.8180008 2.8763001
71.983902 -25.6818008 2.14030004
71.9149323 -25.7162666 2.28063345
71.8644638 -25.677433 2.42996669
71.8348007 -25.7157001 3.40989995
71.8078003 -25.5543995 -1.67279994
71.9262009 -25.5074005 2.36279988
71.963501 -25.4944 2.93869996
71.8792038 -25.2740993 -1.63789999
71.9661026 -25.3533001 1.33920002
71.9694977 -25.2768993 1.4102
71.9439468 -25.3639984 2.33249998
71.8143005 -25.2898998 2.50079989
71.8161011 -25.1970005 -1.67649996
71.9450989 -25.0496006 1.13849998
71.8659973 -25.1559677 1.47549999
71.9180984 -25.0981998 1.84239995
71.9759521 -25.0480995 2.12279987
71.8944702 -25.1093998 2.28672504
71.9287033 -25.1194496 2.51084995
71.905098 -25.1005993 2.63919997
71.8955994 -25.0506001 3.29500008
71.8576965 -24.8462009 1.17990005
71.8762665 -24.8722668 1.29206669
71.8634033 -24.8122005 1.98169994
71.9961014 -24.9701004 2.12380004
71.959198 -24.9601994 2.42549992
71.8999023 -24.6890011 0.922800004
71.9243774 -24.7223797 1.11467993
71.8792496 -24.6743011 1.23475003
71.8878479 -24.7479515 2.34114981
71.9403 -24.5540009 1.17519999
71.9927979 -24.4792995 1.21949995
71.8739014 -24.4855995 1.44739997
71.9009018 -24.5874004 2.15019989
71.9571991 -24.4754009 2.37199998
71.8394012 -24.5369492 2.50654984
71.8048019 -24.4761009 3.93919992
71.8828964 -24.2399006 -1.75800002
71.8669968 -24.3474007 0.795400023
71.8879547 -24.2586498 0.956099987
71.8946991 -24.2977505 1.09855008
71.8119965 -24.3549004 1.24010003
71.9577026 -24.236599 2.54614997
71.8883972 -24.1898003 -1.74380004
71.8575516 -24.0467491 0.554550052
71.8732986 -24.1332245 0.72724998
71.8620453 -24.0894012 2.27719998
71.8718033 -23.9505005 -1.79770005
71.8153992 -23.8621998 0.398099989
71.8203506 -23.9529495 0.508000016
71.9927979 -23.9333 1.5733
71.8791733 -23.8615761 1.702775
71.8287964 -23.8743 1.83229995
71.9246674 -23.9083328 2.48703337
71.9524994 -23.6166 1.34630001
71.9004974 -23.7377205 1.48714006
71.8585968 -23.7024746 1.67505002
71.8172989 -23.6387005 1.92610002
71.8580017 -23.4305496 1.10745001
71.8276978 -23.5555 1.50890005
71.8414993 -23.4412994 1.74310005
71.832901 -23.4235001 1.93529999
71.9802017 -23.2912006 -1.82449996
71.9346008 -23.3621006 1.53910005
71.9794006 -23.3425007 1.70220006
71.8715973 -23.2469006 1.9224
71.9589996 -23.3099995 2.05769992
71.930397 -23.1646996 -1.82089996
71.8448029 -23.0307007 -1.79949999
71.9642029 -22.7124996 -1.80869997
71.8269043 -22.6624489 0.297199994
71.8097 -22.645401 0.473733336
71.9565964 -22.7040997 1.58430004
71.9621964 -22.7131996 1.81560004
71.8124008 -22.5697002 -1.8003
71.9105988 -22.5617008 0.192300007
71.9380035 -22.5053005 0.31189999
71.8717957 -22.5741997 0.524049997
71.8404007 -22.2024994 2.12919998
71.9813995 -22.2772007 2.97259998
71.9525986 -22.0711002 -1.81420004
71.9957962 -22.1198006 1.02380002
71.9975967 -22.0886002 2.18700004
71.907402 -22.1287003 3.1947999
71.938446 -22.1020508 3.23600006
71.9072189 -21.91576 1.10487998
71.9745941 -21.8395004 1.27505004
71.9355011 -21.9538002 2.50079989
71.9542007 -21.6156006 -1.92499995
71.9720993 -21.7803001 1.26569998
71.9949036 -21.7432995 1.44229996
71.947403 -21.0783501 -1.88294995
71.8547516 -20.309 -1.90279996
71.8095016 -20.0667 -1.89209998
72.1091461 -39.8290024 -1.14995003
72.0642014 -39.2639999 -1.18980002
72.1297989 -38.8661003 -1.18879998
72.1850967 -38.4814987 -1.12639999
72.0296021 -37.6757011 -1.24790001
72.1998978 -37.5987015 -1.21710002
72.1651001 -37.2611008 -1.2198
72.1193008 -37.115799 2.61209989
72.0673981 -36.918499 1.34860003
72.0381012 -36.7686996 1.50440001
72.009903 -36.6791992 4.13329983
72.0742035 -36.6607018 4.29349995
72.037796 -36.5397987 1.55556667
72.1064987 -36.4413528 1.67009997
72.0253983 -36.5951996 4.18300009
72.1259995 -36.3809013 -1.29320002
72.0531006 -36.0484009 -1.23629999
72.1270981 -36.1744995 0.953100026
72.1038208 -35.8925514 1.5115
72.0979996 -35.8847008 1.75109994
72.1608963 -35.9379005 2.35030007
72.0430984 -35.8082008 2.46749997
72.0772018 -35.7812004 -1.28820002
72.1530991 -35.5326004 -1.24199998
72.0487976 -35.2941017 5.0875001
72.1809998 -35.2765999 5.28660011
72.1125031 -35.3778992 5.45739985
72.0914688 -35.128067 -1.34036672
72.0342026 -35.0839005 1.96249998
72.0522003 -35.1869011 2.69700003
72.0598984 -35.1487999 5.13579988
72.0998993 -35.1184502 5.32425022
72.1121979 -35.1181984 5.68919992
72.0217972 -34.8932991 1.96239996
72.0725021 -34.7230988 1.92270005
72.0385971 -34.760601 4.71029997
72.172699 -34.7344017 5.03359985
72.0513 -34.5295982 1.85360003
72.036499 -34.5139999 4.55439997
72.1899033 -34.5416985 4.96540022
72.1139755 -34.2949982 1.69277501
72.1417007 -34.3390999 1.80830002
72.1026993 -34.0032997 0.87470001
72.1417999 -34.0976982 1.0848
72.1912003 -34.0589981 1.25604999
72.1930008 -34.1055984 1.56710005
72.1855011 -34.0569992 1.69879997
72.029953 -34.0307999 2.82710004
72.0888977 -33.9604988 0.780200005
72.0507736 -33.9092484 0.882725
72.1877975 -33.9579315 1.10283339
72.0552979 -33.8828011 1.7366333
72.0827026 -33.8544006 2.92050004
72.0752029 -33.9917984 4.53009987
72.0789948 -33.7252007 1.699
72.0441971 -33.6893997 3.09570003
72.1011047 -33.4496994 1.54185009
72.1828003 -33.4902 1.72189999
72.1632996 -33.2994003 -1.36010003
72.1295013 -33.3146973 1.52815008
72.1460037 -33.3964005 1.72889996
72.053299 -33.3428001 2.93149996
72.1690979 -33.2069016 4.5461998
72.0950241 -33.0737762 1.32789993
72.1115036 -33.0096016 1.42260003
72.1110992 -33.0189514 2.74790001
72.094902 -33.1707993 2.97090006
72.1548004 -32.8382988 1.32564998
72.0871964 -32.8688354 1.5007
72.1296005 -32.8669014 2.7586
72.1361008 -32.7325516 1.3032999
72.0901031 -32.6708984 1.44729996
72.1340485 -32.6923981 2.51824999
72.1300964 -32.6276016 4.38899994
72.1267014 -32.7639008 4.4204998
72.052002 -32.5894012 -1.43640006
72.1528015 -32.5844994 1.33640003
72.0887985 -32.5141258 1.47237504
72.1424026 -32.3130035 1.49290001
72.1406021 -32.2555008 1.80050004
72.0552979 -32.3162994 4.14849997
72.1363983 -32.1473007 -1.44694996
72.1519012 -32.1404991 0.948799968
72.1673965 -32.198101 1.10140002
72.0400009 -32.0441017 4.35900021
72.043602 -31.8304996 -1.44879997
72.1457977 -31.9416008 1.66349995
72.0634003 -31.7289009 1.54610002
72.1830978 -31.6739006 1.65409994
72.0858994 -31.4701996 -1.46985006
72.146965 -31.4382343 1.35206664
72.0960007 -31.4540997 1.51100004
72.076149 -31.4790001 1.66615009
72.0112991 -31.5393009 1.83599997
72.0681992 -31.5823994 2.07340002
72.1350021 -31.2451 0.940039992
72.1576996 -31.2637997 1.19679999
72.1799469 -31.3243999 1.31069994
72.1105957 -31.3003998 1.43180001
72.1214981 -31.2140999 1.79770005
72.0527039 -31.3666 1.82384992
72.0471954 -31.3257484 2.00615001
72.1813965 -31.2154007 4.5939002
72.1856003 -31.3199997 4.65310001
72.0196991 -31.0851002 -1.39499998
72.1172485 -31.14575 0.956049979
72.1615448 -31.1633492 1.06690001
72.1244965 -31.1229992 1.46159995
72.1783981 -31.1685009 1.78380001
72.0773392 -31.0855408 1.9375
72.1060028 -31.0237007 2.05739999
72.0428009 -31.1520004 2.67919993
72.0285034 -31.1452999 3.96810007
72.0291977 -31.0965004 4.0875001
72.0660019 -30.8022995 -1.43570006
72.1151962 -30.816 1.53840005
72.074707 -30.8959999 2.04920006
72.0310974 -30.8453999 2.20449996
72.0000992 -30.8668003 2.4914999
72.1737976 -30.656601 -1.50240004
72.1875992 -30.6895008 1.53279996
72.1171494 -30.7050991 1.66547501
72.0858994 -30.65905 1.898
72.0379486 -30.7780495 2.50640011
72.0950317 -30.6758671 2.6813333
72.0644989 -30.6530991 2.96889997
72.1600037 -30.7310009 3.14890003
72.1837997 -30.4790001 1.76660001
72.1157532 -30.4454002 1.92030001
72.0534744 -30.4960499 2.10842514
72.1398697 -30.3006344 1.6869334
72.1198502 -30.2929993 1.88409996
72.0874252 -30.2971001 2.08037496
72.0691757 -30.28508 2.29703999
72.1228027 -30.2534008 2.47079992
72.0577011 -30.3894997 2.6473999
72.1417007 -30.3295994 2.8585999
72.0777664 -30.1166325 -1.51100004
72.1973038 -30.0625992 1.36609995
72.0797348 -30.0956001 1.69546664
72.1924973 -30.1669998 2.12809992
72.1114502 -30.1282005 2.27544999
72.1287537 -30.1047993 2.51917505
72.0783997 -30.1744995 2.63759995
72.0903015 -30.1075001 3.68179989
72.1666031 -29.9473 2.16564989
72.1160507 -29.9748497 2.50352502
72.0518494 -29.9180984 2.63735008
72.0905457 -29.6801987 2.52034998
72.049202 -29.6733322 2.73313332
72.0644989 -29.7070007 2.80920005
72.0763016 -29.6965008 4.98990011
72.1285553 -29.4271755 2.70392513
72.0556488 -29.4980011 4.44639969
72.0950012 -29.2810001 -1.52880001
72.1871033 -29.3104 2.57089996
72.1616974 -29.2401009 2.64660001
72.1949005 -29.3462009 4.28879976
72.0914993 -29.2166004 4.58599997
72.1011963 -29.0093002 1.9052
72.1396637 -29.141901 2.57286668
72.1503448 -29.1711006 2.68725014
72.1765976 -29.1597996 2.88969994
72.0751953 -28.8618011 -1.53464997
72.1029968 -28.8963509 1.87080002
72.1440659 -28.937767 2.89969993
72.1756973 -28.7089005 1.62769997
72.120163 -28.6779995 2.88516665
72.0577011 -28.6245003 4.11740017
72.0122986 -28.7667999 4.28719997
72.1774979 -28.4050007 1.21720004
72.1380005 -28.5748997 1.88110006
72.1085968 -28.4258995 2.10159993
72.1276016 -28.4570007 2.49329996
72.0669022 -28.5347004 2.65030003
72.0865479 -28.5072498 2.87370014
72.1455994 -28.4703999 3.74865007
72.0522995 -28.5823002 4.0625
72.1106491 -28.3567009 2.11389995
72.0449982 -28.308651 2.29174995
72.1203461 -28.2560997 2.76604986
72.1999969 -28.3446007 3.79570007
72.1708984 -28.0268993 -1.55910003
72.1199036 -28.0463009 2.64159989
72.014801 -28.1252995 2.82119989
72.1958008 -27.8251991 -1.61220002
72.1013031 -27.9195995 -1.59280002
72.1455002 -27.9395008 2.70639992
72.0712967 -27.8591995 3.57579994
72.0885468 -27.9003487 3.69775009
72.0542984 -27.7014008 -1.59940004
72.1679993 -27.6159 2.81990004
72.0028992 -27.6277008 3.58290005
72.0641632 -27.4820995 -1.6419667
72.0514984 -27.5990009 1.34599996
72.1222 -27.4848003 2.67779994
72.1032028 -27.5893993 2.84310007
72.0571976 -27.282774 1.52489996
72.0021973 -27.2150002 1.62960005
72.0400314 -27.3374996 1.85093331
72.0543976 -27.2122002 2.22729993
72.0469971 -27.3922997 4.26039982
72.0035019 -27.1900997 1.5165
72.0102005 -27.1611004 1.75010002
72.0386963 -27.0854664 1.90069997
72.0281754 -27.0672989 2.11485004
72.1699982 -27.1581001 2.59879994
72.0169983 -27.0324001 3.85879993
72.1330032 -26.8894329 1.76573336
72.103714 -26.8956337 1.90935004
72.0679016 -26.8632507 2.05425
72.1328964 -26.8927994 4.11339998
72.0923996 -26.7345676 2.10890007
72.1233978 -26.7710991 2.32450008
72.0591965 -26.6049995 2.50430012
72.1905975 -26.5867996 1.89769995
72.1107941 -26.5457001 2.12989998
72.0198975 -26.4859009 2.33870006
72.1377487 -26.5324993 2.50929999
72.1233978 -26.3514004 1.94505
72.1886444 -26.3083496 2.08579993
72.0605621 -26.2506332 2.25066662
72.0093002 -26.2698994 2.54180002
72.0663452 -26.1109009 -1.65799999
72.1786499 -26.1087494 1.93865001
72.0509033 -26.1721992 2.05819988
72.0655518 -26.1488991 2.26985002
72.0469055 -26.0449505 2.71694994
72.0723038 -25.9339008 -1.68260002
72.1229706 -25.8988342 1.92556667
72.0425034 -25.9400005 2.1170001
72.0515976 -25.8041 2.20160007
72.0597 -25.8480492 2.51184988
72.0554962 -25.8556004 3.21749997
72.1032028 -25.6259003 -1.6767
72.1576996 -25.6933613 1.91929996
72.1119003 -25.7380009 2.07383323
72.0009003 -25.6443005 3.06069994
72.0724945 -25.4588013 1.23769999
72.0856781 -25.4722004 2.14359999
72.039444 -25.5058498 2.23029995
72.0074997 -25.5697002 3.04859996
72.0325012 -25.3852005 1.26600003
72.0622025 -25.2677994 1.99119997
72.0925446 -25.3294983 2.13844991
72.0533447 -25.2982998 2.25804996
72.0960007 -25.2954998 4.14179993
72.0839005 -25.0466995 -1.73800004
72.0782013 -25.1774998 1.17949998
72.0687027 -25.0083008 1.24679995
72.0821991 -25.0016994 1.97099996
72.0147018 -25.0461998 2.08759999
72.0199966 -25.1849003 2.24609995
72.1222534 -24.9439011 1.22000003
72.1157532 -24.8526001 1.93764997
72.0543518 -24.8829498 2.09820008
72.0294037 -24.7353001 1.13059998
72.0263977 -24.6224995 1.21099997
72.1204987 -24.7143497 1.72325003
72.175499 -24.7908001 1.92460001
72.1376038 -24.5175991 0.959800005
72.1077271 -24.5034504 1.16425002
72.1536484 -24.4801998 1.90295005
72.0195999 -24.4888992 2.33380008
72.0084 -24.4384003 2.40420008
72.0664978 -24.2103996 -1.73930001
72.0190964 -24.3976002 0.766600013
72.0774994 -24.2719002 1.01699996
72.0503616 -24.3196602 1.28704
72.105835 -24.3453674 2.16456676
72.029335 -24.3635006 2.29883337
72.082901 -24.0811005 -1.77540004
72.0298996 -24.1702995 0.632700026
72.0662003 -24.1056995 1.43640006
72.161232 -24.059433 1.68666673
72.0986328 -24.1081676 1.86283326
72.0771027 -24.0683994 2.01690006
72.1291504 -24.0976505 2.38525009
72.1277008 -23.9838009 -1.77030003
72.0625992 -23.8278008 1.54999995
72.0006027 -23.8642998 1.69130003
72.052002 -23.7056007 1.41559994
72.163002 -23.4967995 -1.80830002
72.1581497 -23.4337997 1.28649998
72.0365448 -23.3097496 1.84850001
72.1163025 -23.0422001 -1.78629994
72.1020966 -22.8554993 -1.83179998
72.1345978 -22.72435 -1.78820002
72.1314011 -22.7061005 1.77450001
72.0470963 -22.4129009 -1.81050003
72.1844025 -22.4694996 1.77760005
72.0709 -22.4713001 5.14620018
72.0166016 -22.2055016 1.08065009
72.1651001 -22.3740005 1.89489996
72.0610962 -22.2412491 2.22935009
72.028801 -22.1471996 0.988600016
72.004303 -22.1357994 1.11740005
72.03685 -22.0816002 2.37660003
72.0338974 -22.0186996 3.27979994
72.0307007 -21.7453003 1.18980002
72.0037994 -21.7073994 1.25279999
72.126564 -21.068634 -1.88763332
72.0794983 -20.9647999 -1.87039995
72.0005035 -20.7700005 -1.87129998
72.1554031 -20.4967003 -1.88240004
72.0727005 -20.2880516 -1.87419999
72.2779999 -39.9388008 -1.14460003
72.2453003 -39.2593002 -1.18439996
72.3962021 -39.0381012 -1.16910005
72.3255005 -38.5505524 -1.16849995
72.2405014 -38.3820992 -1.22860003
72.2444992 -38.0640984 -1.21220005
72.2425003 -37.7943993 -1.24549997
72.2714996 -37.4435005 2.48726678
72.3996964 -37.5924988 2.71149993
72.3065033 -37.3815002 2.36350012
72.3694992 -37.2832985 2.42319989
72.2061996 -36.8958015 -1.27180004
72.2603989 -36.8111 2.72900009
72.2149963 -36.5586014 -1.28480005
72.3336029 -36.4306984 -1.19990003
72.2296982 -36.4906998 1.67040002
72.3435974 -36.4047012 4.09709978
72.3149033 -36.2304993 1.3362
72.3150024 -36.1151009 1.12386668
72.3275833 -36.0877838 1.28943336
72.3592987 -36.0833511 1.54729998
72.3675003 -36.0738983 1.71659994
72.3249969 -35.9897003 -1.27919996
72.2601013 -35.9952011 1.19980001
72.3076172 -35.9209213 1.30498004
72.2418365 -35.897419 1.47896671
72.2930984 -35.6167984 1.70074999
72.2953033 -35.6893997 2.30220008
72.3054047 -35.4646988 -1.30165005
72.3123322 -35.5269852 1.72278333
72.3018036 -35.3889008 1.74059999
72.3139038 -35.3203011 1.87755001
72.2547989 -35.3409004 5.27010012
72.3862 -35.1304474 5.25489998
72.3402023 -34.9505005 1.91620004
72.3986969 -34.9752007 2.42529988
72.3378983 -34.9006004 4.68330002
72.3627014 -34.9620018 5.30679989
72.3686981 -34.604599 2.25180006
72.3210983 -34.7709007 5.19840002
72.3401031 -34.5699997 -1.33759999
72.3598022 -34.4157982 1.83140004
72.3532028 -34.4580002 5.93930006
72.2521973 -34.3139992 -1.36759996
72.3097992 -34.335701 1.75349998
72.2617035 -34.3185005 1.8075
72.2490005 -34.3121986 3.71009994
72.3125992 -34.3264008 4.95720005
72.3948975 -34.0674019 -1.39189994
72.2145996 -34.023201 1.17139995
72.2633362 -34.0878677 1.28190005
72.2644958 -34.1204987 1.67164993
72.2664032 -33.9813995 -1.23510003
72.2169037 -33.9053001 0.97420001
72.3182755 -33.9710503 1.33385003
72.2685547 -33.9401016 1.51390004
72.3122025 -33.8718681 1.6245333
72.2895508 -33.8404503 2.88049984
72.2741013 -33.9552002 4.8769002
72.2172012 -33.7789993 1.06910002
72.3239746 -33.7004242 1.65277505
72.2991028 -33.4035988 1.3671
72.2313004 -33.5169678 1.49960005
72.2942047 -33.5017471 2.90264988
72.3230972 -33.3017998 -1.45430005
72.2052002 -33.3557014 -1.38180006
72.3161469 -33.3288345 1.31040001
72.2913971 -33.2261009 2.50430012
72.2165985 -33.3153992 2.83730006
72.2621994 -33.3914986 4.16330004
72.3606033 -33.2375984 4.53630018
72.2296982 -33.0541992 -1.38390005
72.2214966 -33.0457993 1.44190001
72.3738022 -33.1985016 2.4454
72.3733978 -33.1231995 2.90919995
72.282753 -32.868103 1.27760005
72.3154984 -32.8552017 1.56480002
72.3001022 -32.8754997 1.70990002
72.2650452 -32.945549 2.57520008
72.3648987 -32.9407005 2.62540007
72.3009338 -32.6698685 1.25863338
72.3875427 -32.6943512 2.45144987
72.3919983 -32.7235985 4.30700016
72.267601 -32.5443993 1.35300004
72.3125992 -32.5388985 2.46429992
72.2906036 -32.3754997 -1.44599998
72.2450562 -32.2629471 1.26269996
72.365799 -32.2198982 1.42579997
72.3366013 -32.3781013 2.55150008
72.3076019 -32.3652 4.35510015
72.2577667 -32.1253662 0.954566658
72.2353363 -32.1421013 1.08780003
72.3513489 -32.144928 1.32527494
72.2475662 -32.1011353 1.62150002
72.3582993 -31.9547005 1.36790001
72.3740005 -31.7478008 -1.38
72.3024445 -31.7004013 1.36925006
72.3285217 -31.6968994 1.46742499
72.2907028 -31.6044006 4.19910002
72.3298035 -31.5746002 -1.48249996
72.3187027 -31.4011993 0.726999998
72.3803024 -31.5354996 1.27174997
72.2550049 -31.4542007 1.50220001
72.2887497 -31.4662514 4.76004982
72.3338013 -31.2872009 0.797699988
72.3221817 -31.2764606 0.913219988
72.2998428 -31.2526989 1.10925996
72.3111725 -31.2506676 1.21976662
72.2496033 -31.2791004 1.78110003
72.3171005 -31.1602001 0.833599985
72.3032379 -31.1215992 1.10476661
72.2821503 -31.1532516 1.33240008
72.2238998 -31.0935993 1.49430001
72.2218018 -31.1334 1.77400005
72.2854004 -31.0202007 3.93600011
72.3735962 -30.9706001 -1.48430002
72.2843018 -30.8814507 1.38170004
72.2469025 -30.8029995 1.50039995
72.2922668 -30.9323673 1.66869998
72.2538986 -30.9326 1.90209997
72.2537003 -30.8365002 2.07410002
72.2425003 -30.8202991 4.18660021
72.3364029 -30.7294998 1.32550001
72.2253036 -30.6816998 1.41270006
72.3275452 -30.647049 1.68959999
72.3719025 -30.7264004 1.80209994
72.2633972 -30.6047001 3.9756999
72.3851013 -30.468399 1.51820004
72.2935486 -30.5009995 1.7513001
72.2705688 -30.5151329 1.87056673
72.245697 -30.4596004 2.04080009
72.3240967 -30.4097004 2.86039996
72.3045807 -30.2385406 1.54320002
72.2559967 -30.3056755 1.69027495
72.2117996 -30.3089008 1.84979999
72.2240982 -30.3726006 2.17980003
72.2893982 -30.3467007 2.59629989
72.3460007 -30.1220512 1.53285003
72.3968964 -30.0349007 1.8369
72.2807465 -30.0853996 2.12497497
72.203598 -30.1191006 2.38439989
72.2061996 -30.0270004 2.46379995
72.3468018 -29.8052006 2.19120002
72.314682 -29.8842602 2.29101992
72.2764359 -29.9103336 2.44646668
72.2860031 -29.7369995 -1.52750003
72.3018494 -29.702549 2.26574993
72.2615509 -29.6702995 2.45480013
72.3112946 -29.6418991 2.69359994
72.2151031 -29.7588997 4.23950005
72.3129501 -29.7730007 5.41804981
72.237999 -29.5013008 -1.55239999
72.3058014 -29.5846996 2.18249989
72.3499527 -29.5154495 2.30579996
72.3036346 -29.5471668 2.43963337
72.2997971 -29.5212994 2.62330008
72.2067032 -29.4146004 4.38689995
72.3153534 -29.3077011 2.53450012
72.2715988 -29.2749996 2.63529992
72.2729034 -29.0426998 1.93420005
72.2466507 -29.098875 2.68177509
72.339798 -29.1009502 2.8604002
72.3335037 -28.9864998 2.55349994
72.2714005 -28.9717007 2.96580005
72.3610992 -28.7481003 -1.53779995
72.2248993 -28.6051998 1.51520002
72.343399 -28.7285995 1.69389999
72.2860031 -28.6436996 2.77220011
72.240097 -28.7563 4.37830019
72.3595505 -28.4391003 1.33765006
72.3747025 -28.4909992 1.40799999
72.3320999 -28.4123993 1.90649998
72.2072983 -28.4037991 2.54099989
72.311203 -28.5598488 2.76014996
72.2526245 -28.483551 2.88777494
72.3067703 -28.3129673 0.939766645
72.3169632 -28.3170624 1.10332501
72.3279037 -28.3395672 1.28939998
72.3711014 -28.3548508 1.45880008
72.2037964 -28.2385006 2.48909998
72.2674713 -28.2506008 2.68219995
72.2102966 -28.1525002 -1.61459994
72.297699 -28.1562004 0.973399997
72.3156509 -28.1446991 1.14125001
72.282402 -28.1355 1.2895
72.3154297 -28.0673008 2.57130003
72.3382034 -28.0356007 2.67070007
72.2826004 -28.1688995 5.02650023
72.3455048 -27.9569016 2.54384995
72.2820969 -27.9335995 2.71790004
72.3360977 -27.7761993 -1.57690001
72.3423996 -27.6271992 2.72740006
72.2668991 -27.5699005 2.75959992
72.2413025 -27.2852001 1.20469999
72.2319031 -27.3117008 2.16219997
72.2875977 -27.3262997 2.33200002
72.2895966 -27.0725994 3.6486001
72.3175964 -26.8771496 -1.62244999
72.3245544 -26.8654003 1.68180001
72.2888489 -26.8957996 2.56384993
72.362999 -26.7206993 2.15240002
72.396698 -26.7099991 2.31879997
72.3302383 -26.7301197 2.51110005
72.2045975 -26.4508991 1.79279995
72.267601 -26.4797249 1.90785003
72.3057022 -26.5042992 2.04150009
72.2817993 -26.5655003 2.37719989
72.2931519 -26.5340996 2.44055009
72.2045975 -26.2387009 -1.74960005
72.2872009 -26.3001003 1.78410006
72.2594223 -26.3171597 1.86559999
72.2528992 -26.2374001 2.03710008
72.2192993 -26.2490005 2.2730999
72.2266998 -26.3391991 2.51515007
72.3106003 -26.1172009 1.83930004
72.3024979 -26.0077 2.09579992
72.3956985 -26.1823006 2.39689994
72.2335968 -26.1362 2.82200003
72.3696442 -25.9079514 1.76775002
72.2517776 -25.8580799 1.87846005
72.2777023 -25.6751995 -1.68050003
72.2947998 -25.7017994 1.16859996
72.3363037 -25.7022514 1.92324996
72.2528 -25.6779995 2.29119992
72.2372971 -25.7630005 2.53390002
72.2643967 -25.7668991 4.25360012
72.3720016 -25.5515003 -1.68260002
72.2388382 -25.499733 1.30753338
72.3712997 -25.4776993 1.83350003
72.2344971 -25.4937 2.07189989
72.2598038 -25.2068996 -1.69869995
72.248497 -25.3209991 1.60319996
72.276062 -25.2423325 1.87189996
72.3878021 -25.1180992 -1.70869994
72.2709961 -25.1720333 1.92013335
72.2018967 -25.0969009 3.48530006
72.2737656 -24.880167 1.11683333
72.3064499 -24.9344501 1.26034999
72.2338028 -24.9969997 1.84159994
72.2682343 -24.7546005 1.13339996
72.3835983 -24.6492004 1.48459995
72.2896652 -24.6823673 1.71633327
72.2940979 -24.7587757 1.94599998
72.3442993 -24.4260998 1.01470006
72.271698 -24.5650997 1.36119998
72.3777008 -24.4482002 1.79620004
72.281601 -24.5279999 1.88294995
72.3063965 -24.2659988 -1.74405003
72.3143997 -24.2240009 0.677100003
72.2995224 -24.3208256 0.884800017
72.3630981 -24.3493996 1.14610004
72.2522964 -24.3502998 1.38989997
72.3685989 -24.2752991 1.56099999
72.2938995 -24.2550507 1.70235002
72.3422699 -24.2841759 1.89902496
72.3968964 -24.1399002 -1.74539995
72.2941971 -24.155899 0.709699988
72.3175049 -24.1074486 1.33134997
72.2930984 -24.0926991 1.42060006
72.2843018 -24.1338997 1.68604994
72.2416992 -23.9662991 1.52279997
72.3100967 -23.7141991 1.4016
72.2154007 -23.4633999 -1.7608
72.3703003 -23.4906006 1.30550003
72.2502975 -23.4757004 1.69480002
72.362999 -23.3757992 1.27950001
72.2581024 -23.2192497 1.49944997
72.3834991 -23.1014004 -1.80770004
72.3090973 -23.0624008 1.54030001
72.3115005 -22.8043003 4.86030006
72.2358017 -22.618 1.9174
72.2946014 -22.5193996 1.66843331
72.2685013 -22.5100002 1.83729994
72.2220001 -22.4141006 2.1092
72.2679977 -22.0937996 -1.83469999
72.2918015 -21.3456993 -1.81110001
72.3398972 -20.2451992 -1.898
72.5996017 -39.5186996 -0.0923999995
72.5083008 -39.2318993 -1.14579999
72.4828949 -37.5318489 2.52020001
72.5842972 -37.3633003 2.43050003
72.4431992 -37.1503983 2.40779996
72.490799 -36.9920006 -1.11360002
72.4271011 -36.9320984 2.33890009
72.4458008 -36.635601 2.38840008
72.5344009 -36.7303009 2.52539992
72.5796967 -36.6775017 3.49749994
72.5543976 -36.0821991 -1.27960002
72.4384003 -36.1493988 1.32410002
72.4867249 -36.0696259 1.64502501
72.5048981 -35.8196983 1.49129999
72.5565033 -35.7289009 1.37249994
72.5045624 -35.7463989 1.47556663
72.4263992 -35.6567993 1.61020005
72.4254456 -35.5191498 1.77559996
72.4850998 -35.2868004 -1.16410005
72.4765015 -35.0160522 1.81959999
72.4241028 -35.0505981 5.24989986
72.5535965 -34.8871002 5.33199978
72.5803986 -34.6255989 -1.29519999
72.4651031 -34.7400017 4.45459986
72.5373993 -34.7971992 4.75689983
72.585701 -34.6212006 5.12580013
72.5078964 -34.4951668 1.64526665
72.5169983 -34.5656013 4.81430006
72.4946518 -34.3264999 -1.36879992
72.5131531 -34.0835495 1.31414998
72.4965973 -34.0371017 1.46175003
72.4188995 -34.1455002 1.63189995
72.5662994 -33.8838005 1.35169995
72.488678 -33.8505821 1.46715999
72.4477997 -33.6880989 1.57340002
72.4798508 -33.7050514 2.74900007
72.5654984 -33.417099 1.11099994
72.4373016 -33.5671005 1.67659998
72.5735016 -33.4221992 2.27979994
72.478302 -33.5065002 4.19049978
72.5951996 -33.4765015 4.37480021
72.4892426 -33.3114586 1.11769998
72.4420471 -33.3250999 1.23140001
72.5363998 -33.0993004 -1.40789998
72.4989014 -33.1443481 1.88030005
72.5737 -32.8284988 1.16250002
72.4806976 -32.8634758 1.27067494
72.4542999 -32.862999 2.56439996
72.5998993 -32.9681015 2.65829992
72.5276031 -32.8689003 2.88380003
72.4365997 -32.6231995 -1.44260001
72.5783005 -32.7705994 1.18770003
72.4636002 -32.7835007 1.27139997
72.5362549 -32.4261017 1.44335008
72.5691986 -32.5093498 2.51359987
72.5970993 -32.4355011 4.07460022
72.5490494 -32.2801514 1.37965
72.5629501 -32.2754974 1.42704999
72.5354004 -32.0139008 1.37179995
72.5108032 -32.0122986 1.55949998
72.4413986 -32.0817986 4.00939989
72.4399338 -31.9715672 1.52820003
72.4363022 -31.6131992 1.17949998
72.4427261 -31.6768246 1.33122504
72.4878006 -31.4528008 0.791100025
72.4345551 -31.540451 1.32240009
72.580101 -31.3556004 0.409500003
72.4250488 -31.2633495 0.759050012
72.4401016 -31.3698997 0.906499982
72.4235992 -31.3999996 1.23720002
72.4927979 -31.1961994 1.59150004
72.5590973 -31.1683998 1.85109997
72.5610962 -30.9295006 1.82029998
72.5783997 -30.6488991 -0.395000011
72.5641022 -30.6089001 1.51749992
72.5588989 -30.7283001 1.71599996
72.4448013 -30.7383995 1.95140004
72.5292969 -30.6709995 2.02449989
72.5469742 -30.4833508 1.46724999
72.5205994 -30.5565987 1.66155005
72.5075531 -30.5364494 1.95875001
72.4487 -30.2355003 1.93110001
72.4281006 -30.0534 -1.54159999
72.4547501 -30.1319008 1.71665001
72.5752487 -30.1162491 2.10370016
72.5005035 -30.0365505 2.27750015
72.5475998 -29.9603996 -1.51329994
72.5164032 -29.9494514 1.93900001
72.4969788 -29.8988991 2.08902502
72.5044479 -29.9047508 2.24415016
72.4018021 -29.8929005 3.96230006
72.5451508 -29.6314011 -1.51045001
72.4716949 -29.7199993 2.10864997
72.5970001 -29.6394997 2.43260002
72.5718002 -29.4549999 -1.53480005
72.5569992 -29.5160999 1.95949996
72.4667969 -29.4281998 2.06399989
72.4583359 -29.5003338 2.48136663
72.5809021 -29.2070999 2.2744
72.4645691 -29.2649002 2.47550011
72.5008469 -29.2477989 2.60960007
72.4804001 -29.0580997 1.79729998
72.5959015 -29.0646 1.86530006
72.4994354 -29.105999 2.53683329
72.5003967 -29.1196995 2.85409999
72.5998993 -28.8488998 1.76409996
72.4436951 -28.9205513 1.84520006
72.5616989 -28.9001007 2.75409985
72.4012985 -28.9776001 2.91000009
72.5361023 -28.6035004 0.986699998
72.4126968 -28.6079998 1.04120004
72.407547 -28.6056004 1.49915004
72.4157028 -28.6553993 1.73430002
72.4953461 -28.7583008 2.88634992
72.4546967 -28.7385006 4.31050014
72.4816055 -28.4396343 0.934733331
72.4700012 -28.5160656 1.08826661
72.429451 -28.4706497 1.22459996
72.4126968 -28.4589005 1.94760001
72.4983978 -28.4986992 2.62290001
72.5282974 -28.2987499 0.722000003
72.4967575 -28.302 0.895799994
72.4421005 -28.3124332 1.03646672
72.4669037 -28.2334003 1.25160003
72.5755005 -28.2063999 2.39389992
72.4989471 -28.3507996 2.48460007
72.5139008 -28.3729 2.71639991
72.4501953 -28.1226006 1.00399995
72.4785004 -27.9860001 -1.57449996
72.4679031 -27.9197998 2.50480008
72.4962006 -27.7037659 -1.62179995
72.5970993 -27.6494007 2.45799994
72.4766998 -27.542099 -1.63004994
72.5636978 -27.4780006 2.39540005
72.5027466 -27.4832001 2.47550011
72.405899 -27.3498001 -1.60029995
72.4738998 -27.320549 2.4368
72.4755554 -27.055851 2.09794998
72.4056015 -27.0275993 2.37019992
72.5225983 -26.6317005 1.92330003
72.5342026 -26.7105999 2.15339994
72.4291992 -26.7117004 2.25769997
72.4188995 -26.7987003 2.6105001
72.5175018 -26.4685516 1.73364997
72.4731979 -26.5351658 2.28583336
72.4795303 -26.2840004 1.73913336
72.4804993 -26.3033485 2.30804992
72.4693451 -26.3129005 2.48985004
72.5489044 -26.083149 1.72364998
72.449295 -26.1508503 1.83089995
72.5158005 -26.1024494 2.27610016
72.4082031 -26.1966991 2.63170004
72.5186996 -25.9093513 1.61409998
72.4441986 -25.9088001 1.99380004
72.5194016 -25.9612007 2.26719999
72.4717484 -25.7709007 1.09669995
72.5267029 -25.6061993 1.24090004
72.4909973 -25.7086754 1.69945002
72.4766541 -25.4965515 -1.65225005
72.5599976 -25.5697994 1.35370004
72.4494781 -25.5469398 1.73870003
72.4020004 -25.2134991 -1.7191
72.5822983 -25.3141003 1.54700005
72.4734039 -25.3140335 1.7246666
72.4934311 -25.2891674 1.84299994
72.5453949 -25.0525494 1.70344996
72.5355988 -24.9591999 -1.70000005
72.5390472 -24.9372501 1.71319997
72.5466995 -24.6361008 1.16760004
72.5205536 -24.7068996 1.21825004
72.4644012 -24.733633 1.82389998
72.4051971 -24.4538002 -1.70550001
72.5114365 -24.507267 1.45109999
72.4437027 -24.4920998 1.75164998
72.5606003 -24.3158989 0.662050009
72.5297012 -24.3141994 1.0266
72.4386978 -24.3215008 1.25629997
72.4197006 -24.3321991 1.44089997
72.5865021 -24.1226997 -1.73989999
72.5662994 -24.1315994 0.59009999
72.468277 -24.1198597 0.664979994
72.4138031 -24.1398506 1.54550004
72.5818024 -23.8659515 1.13615
72.4992828 -23.9334011 1.27703333
72.4588013 -23.9822998 1.51440001
72.564003 -23.7791004 -1.81529999
72.5113983 -23.7450485 1.27100003
72.4373016 -23.7008991 1.43340003
72.4019012 -23.5125999 -1.78859997
72.5513 -23.4186001 1.35780001
72.4879456 -23.3556004 1.1437
72.5744019 -23.0235004 -1.79990005
72.4525986 -22.9519997 -1.80669999
72.4511032 -22.9297009 -1.73280001
72.4406967 -22.6704998 1.6473
72.5020981 -22.3795509 1.72659993
72.4444351 -22.3391991 1.86269999
72.4730988 -20.5813999 -1.88440001
72.7778015 -39.876667 -1.06596661
72.7975998 -39.8157005 -0.170100003
72.7624969 -39.9031982 0.416700006
72.6705246 -39.6945763 -1.11752498
72.7897339 -39.7102661 -0.907100022
72.7807007 -39.7154007 -0.705600023
72.7615509 -39.674202 -0.305549979
72.7823334 -39.6860008 -0.102066666
72.7582703 -39.6702995 0.314099997
72.7533493 -39.4593506 -1.09870005
72.7696762 -39.432476 -0.972100019
72.7621994 -39.5118484 -0.721750021
72.704422 -39.5055504 -0.480674982
72.7622528 -39.4791489 -0.257200003
72.7378159 -39.4820328 -0.119950004
72.7231979 -39.4830322 0.0472999997
72.7751465 -39.4773178 0.271766663
72.7668991 -39.5064011 0.452899992
72.7792969 -39.385601 -0.1875
72.77565 -39.3735504 0.0502500013
72.7522507 -39.3186493 0.353650004
72.7965012 -39.3908005 0.593800008
72.7752991 -39.0628967 -1.15365005
72.7532959 -39.1053505 0.355599999
72.7393036 -39.0682983 0.440100014
72.7076035 -38.8228989 -1.16240001
72.7920532 -38.91465 0.259450018
72.7385025 -38.6674995 -1.16970003
72.7854004 -38.6458015 0.377999991
72.7594299 -38.5057678 0.296633333
72.7720032 -38.2397003 -0.952600002
72.7369003 -38.3501015 0.3653
72.7709732 -38.1176758 0.35255
72.7981033 -38.1946983 0.444599986
72.7549973 -37.8818016 -0.0590999983
72.7332993 -37.8216019 0.00590000022
72.7680664 -37.8820343 0.334433347
72.7564011 -37.9687996 0.490500003
72.7727509 -37.7471504 0.301474988
72.773262 -37.4851189 0.331880003
72.7882996 -37.4185982 0.420599997
72.6371002 -37.5315018 2.55889988
72.7049026 -37.5988998 2.63800001
72.7904968 -37.3610992 0.179100007
72.7705994 -37.3030396 0.310559988
72.7272034 -37.1259003 -1.2098
72.7621002 -37.0139999 -1.11559999
72.7931976 -36.9105988 0.151349992
72.741066 -36.8675003 0.261466682
72.683548 -36.859848 3.50279999
72.7299957 -36.8213997 3.64919996
72.7848053 -36.828701 4.09889984
72.7923965 -36.8815994 4.20849991
72.6504974 -36.6104012 -1.21659994
72.7927017 -36.645401 0.189999998
72.7621613 -36.721199 0.346700013
72.7050476 -36.7163467 2.32870007
72.6779251 -36.7470245 3.53480005
72.6843491 -36.635601 3.73860002
72.7610016 -36.7396011 3.97950006
72.7562485 -36.7471504 4.10169983
72.7494965 -36.6882019 4.22090006
72.7264023 -36.5768013 -0.514699996
72.791153 -36.5353012 0.168799996
72.7417984 -36.5932999 0.255100012
72.7957001 -36.5486984 3.51090002
72.7520981 -36.3796997 -1.15199995
72.7489014 -36.2744217 0.264524996
72.774498 -36.2638016 3.43610001
72.719101 -36.0345993 -1.27849996
72.674202 -36.0001984 -0.247999996
72.7947998 -36.0031013 0.151199996
72.7668991 -36.1924019 0.223199993
72.7885971 -36.1208992 3.59980011
72.661499 -35.9006004 -0.0931999981
72.7742004 -35.9339981 0.314449996
72.7088013 -35.8176003 1.39970005
72.761795 -35.6630478 -1.2802
72.7658005 -35.7803993 0.141499996
72.7577209 -35.6911507 0.291325003
72.7912979 -35.7252007 0.48089999
72.6188965 -35.7059021 1.33239996
72.7492981 -35.5727005 -1.23549998
72.7881012 -35.452301 -1.1473
72.7834015 -35.5578995 0.0948000029
72.7619019 -35.5027008 0.285899997
72.7402344 -35.2891998 -1.26276672
72.7522507 -35.3105011 -1.18369997
72.7410965 -35.2028008 -0.244100004
72.775177 -35.2583008 -0.126774997
72.7602539 -35.2547989 0.154349998
72.7808685 -35.2695999 0.317533314
72.7108002 -35.1183014 -1.29080009
72.7406998 -35.1929016 -1.14619994
72.756897 -35.1095963 -0.919200003
72.6829529 -35.1114006 -0.677700043
72.7671509 -35.0453987 -0.453100026
72.7640991 -35.0923004 -0.338699996
72.7720642 -35.123867 -0.0926000029
72.7473297 -35.1199265 0.0849249959
72.6221008 -35.1678009 0.299899995
72.6368027 -35.0643997 1.8211
72.7748032 -34.9518013 -0.617500007
72.7969971 -34.8799019 -0.505500019
72.771904 -34.9776001 -0.294133335
72.7958527 -34.9175491 -0.167600006
72.7765961 -34.8626671 0.115633331
72.7817001 -34.926033 0.271566659
72.774765 -34.8600006 1.46156669
72.6156998 -34.8805008 1.81400001
72.7370987 -34.864399 5.28009987
72.7678986 -34.6943321 0.250033319
72.7248535 -34.6394997 1.52445006
72.6816025 -34.7072983 1.62909997
72.7582016 -34.790699 2.26090002
72.7436981 -34.4747009 -1.27664995
72.7806015 -34.5707016 -0.0125000002
72.7892456 -34.4246521 0.147599995
72.7670517 -34.4715996 0.264200002
72.7958984 -34.4989014 0.984000027
72.7264023 -34.4616661 1.12339997
72.757843 -34.5028267 1.32982862
72.6995087 -34.5122871 1.50370002
72.6303024 -34.5497017 1.80190003
72.6440964 -34.5023994 4.81110001
72.7362976 -34.2779007 -1.34714997
72.7729034 -34.2972031 0.113600001
72.7080002 -34.330101 0.252700001
72.7169266 -34.3126259 1.14224994
72.7449646 -34.2865677 1.35179996
72.6714706 -34.2876244 1.45957494
72.740303 -34.3480988 2.01379991
72.612999 -34.2523994 2.72289991
72.7568359 -34.0853004 0.121299997
72.7710037 -34.0339012 0.230900005
72.6953964 -34.0234985 1.27530003
72.6841965 -34.1423988 1.47389996
72.7787018 -34.0475006 4.95720005
72.7358017 -33.8983994 -1.40820003
72.7930984 -33.8951988 -0.479499996
72.7438507 -33.8608017 0.124799997
72.7266464 -33.9304237 0.302275002
72.6380997 -33.9322014 1.2263
72.7946014 -33.8735008 4.54050016
72.7204971 -33.8804016 4.63180017
72.7226028 -33.6081009 -1.14520001
72.7848969 -33.6514015 -0.0502000004
72.7505493 -33.783699 0.189549997
72.7759018 -33.7528992 0.291500002
72.6876984 -33.6272011 4.90420008
72.7490692 -33.5081673 0.130866677
72.7574997 -33.4047012 0.290100008
72.6378021 -33.5223999 1.06239998
72.7972031 -33.221199 -1.34720004
72.7651825 -33.3256187 0.10368
72.7581024 -33.3146973 0.299250007
72.6654968 -33.2131996 2.74029994
72.6844482 -33.2380981 2.89160013
72.7424698 -33.1111679 0.148266658
72.7787476 -33.146347 0.224250004
72.7538986 -33.1674004 4.49020004
72.7386017 -32.9359016 -1.39020002
72.7958984 -32.8372002 -1.14549994
72.7714157 -32.8778343 0.0886999965
72.6436996 -32.8675003 1.14020002
72.7499008 -32.8410988 1.86039996
72.7904968 -32.6978989 -0.854099989
72.7990036 -32.7039986 -0.486600012
72.7789993 -32.732399 -0.063699998
72.786499 -32.6837997 0.0693500042
72.7545013 -32.7389984 2.53929996
72.762001 -32.718399 4.37709999
72.7475128 -32.4684982 0.0882333368
72.7866974 -32.526001 0.250499994
72.6038971 -32.5015984 4.30700016
72.6909027 -32.4533997 4.56069994
72.7982025 -32.2585983 -0.110299997
72.7698746 -32.3251266 0.108999997
72.7680969 -32.085701 -1.40559995
72.7126999 -32.1197968 -0.0967000052
72.780838 -32.1044998 0.14243333
72.7588043 -31.9237328 0.109333336
72.6316528 -31.9008999 4.67080021
72.7897034 -31.7373009 -0.0579500012
72.7662354 -31.7001667 0.131866664
72.7210999 -31.7660999 1.36474991
72.6493988 -31.7570992 1.40559995
72.6440964 -31.5393009 -1.47220004
72.6326981 -31.4419994 -1.35000002
72.7861023 -31.4262009 -0.0205000006
72.7504654 -31.4983826 0.0881500021
72.7605438 -31.2942505 -1.44035006
72.7574005 -31.2906494 -0.0735500008
72.7530823 -31.2956791 0.0938799977
72.7053528 -31.0762501 -1.45464993
72.7584534 -31.1181164 0.0901833326
72.7534485 -30.9594002 -1.30805004
72.7464294 -30.857233 -1.1279
72.6256027 -30.8689003 -0.9551
72.6099014 -30.8160496 -0.706349969
72.7186508 -30.8362007 -0.482349992
72.7659988 -30.8610992 -0.292428553
72.7838974 -30.9311008 -0.0984999985
72.7559738 -30.8955002 0.0320749991
72.7965012 -30.9869003 0.212599993
72.7657013 -30.8901005 1.33889997
72.7096024 -30.8057995 1.42209995
72.6874542 -30.7719498 -1.4454
72.7130508 -30.6762505 -1.26604998
72.7296448 -30.6840515 -1.11409998
72.7801971 -30.7590008 -0.966099977
72.7251663 -30.6966324 -0.677466691
72.7550507 -30.7306747 -0.56082499
72.7368774 -30.6781998 -0.327125013
72.7635651 -30.7136326 -0.0871333331
72.7778015 -30.6070995 0.00939999986
72.777298 -30.7833004 1.32474995
72.6767654 -30.6953659 1.48503339
72.6468506 -30.71525 1.65695
72.7315979 -30.6560001 1.97720003
72.6328964 -30.7444 2.06069994
72.7513504 -30.5713501 -1.13575006
72.7830505 -30.5855503 -0.909700036
72.7429504 -30.5109997 -0.286949992
72.7434998 -30.4799004 -0.0221500006
72.7607651 -30.5131664 0.0983666629
72.7123337 -30.5048676 1.32133329
72.6641235 -30.4675999 1.44692492
72.6718979 -30.5825996 1.72940004
72.6779022 -30.4731007 2.1566999
72.7947006 -30.2159004 -0.0971999988
72.7685318 -30.3516655 0.0562333316
72.7827988 -30.2346001 0.209600002
72.7470016 -30.3508663 1.30306673
72.6292038 -30.2635994 1.42200005
72.7367554 -30.3440495 2.07220006
72.762146 -30.1087494 -1.47035003
72.7449036 -30.0037003 -0.00300000003
72.7346497 -30.0652008 0.140450001
72.6785965 -30.0562 1.91919994
72.6612549 -30.1226006 2.0548501
72.7697983 -29.848299 -0.0678000003
72.7548981 -29.9486332 0.087333329
72.7591019 -29.9370003 1.96650004
72.7171021 -29.9766998 2.09380007
72.6748047 -29.9496498 2.29314995
72.7209473 -29.6883507 -1.49380004
72.7947006 -29.7756004 -1.22469997
72.7738724 -29.671524 -0.073224999
72.7644196 -29.7387009 0.0756999999
72.6665039 -29.6454506 2.14984989
72.7235489 -29.4477501 -1.4971
72.7806015 -29.4990005 -0.270300001
72.771225 -29.5272999 -0.0694750026
72.7534027 -29.4714012 0.0513000004
72.7212372 -29.4897327 2.12683344
72.6527023 -29.4267998 2.30782008
72.6304016 -29.4099998 2.44320011
72.7885971 -29.3932991 -0.801400006
72.763237 -29.2559338 -0.0891333371
72.7722015 -29.3584499 0.0701500028
72.703598 -29.3484001 2.18499994
72.7170639 -29.2814674 2.26126671
72.6389008 -29.2112999 2.46404982
72.7820663 -29.0750332 -0.333966672
72.7444687 -29.064867 -0.0442333333
72.7561493 -29.0982513 0.0783749968
72.7713013 -29.123951 2.18214989
72.6968994 -29.0675507 2.37054992
72.6640244 -29.0646496 2.47532511
72.624054 -29.0964012 2.69994998
72.7784042 -28.9014988 -0.102399997
72.7287979 -28.9127007 0.0399000011
72.6603012 -28.8342514 1.69860005
72.7384033 -28.8192005 1.87080002
72.7330322 -28.9475002 2.49226665
72.6951447 -28.8853989 2.67019987
72.7488022 -28.7688999 -1.51489997
72.7845001 -28.6569996 -0.891499996
72.7997971 -28.6308002 -0.651799977
72.7722549 -28.7012291 -0.0921571404
72.7734985 -28.6629333 0.0707999989
72.6913986 -28.6480007 1.33969998
72.707077 -28.7355881 1.50153339
72.7115021 -28.7346497 1.68645
72.7059021 -28.6376991 1.84249997
72.747345 -28.7408504 2.58109999
72.675499 -28.6903343 2.66934991
72.7972031 -28.5126991 -0.54339999
72.768898 -28.4398994 -0.253399998
72.7489471 -28.5008335 -0.0685166642
72.7483978 -28.4761333 0.0385666676
72.6392975 -28.4279995 0.759500027
72.7089005 -28.5107994 1.86310005
72.7370987 -28.4300995 2.53390002
72.6928024 -28.4111996 2.64639997
72.7721024 -28.318924 -0.110675
72.7850037 -28.3134995 0.0742999986
72.6284027 -28.2803001 0.689266682
72.6075516 -28.2133999 0.884449959
72.7305984 -28.3311005 2.47976661
72.7107544 -28.3260994 2.62120008
72.7356186 -28.0659199 -0.104520001
72.7707672 -28.1322327 0.052099999
72.7492981 -28.0541 3.31620002
72.7913971 -27.8988991 -1.53594995
72.7490005 -27.8076992 -0.0102000004
72.7785492 -27.9736004 0.0340000018
72.6844025 -27.9789009 2.33349991
72.7451019 -27.6896496 -1.33640003
72.7218475 -27.7420006 -0.0694499984
72.7781525 -27.7290993 0.0837500021
72.7601013 -27.6623001 1.96539998
72.6840973 -27.6763992 2.13560009
72.7552032 -27.6605492 2.47329998
72.6414032 -27.7287998 2.60389996
72.7301025 -27.4594994 -0.469300002
72.7570038 -27.5212498 -0.132550001
72.7213974 -27.5354004 0.0480999984
72.6692047 -27.4344006 2.07986665
72.6644363 -27.5138664 2.42873335
72.7443008 -27.2775002 -1.57690001
72.7751007 -27.2560005 -0.205200002
72.7574692 -27.3672657 -0.123099998
72.7528 -27.3260002 2.22849989
72.7879028 -27.071949 -0.238799989
72.7523422 -27.1194611 -0.064199999
72.7429962 -27.1218491 0.0732499957
72.6993027 -26.8209 -1.66579998
72.7400513 -26.9650993 -0.247949988
72.739563 -26.8950176 -0.107116669
72.7472534 -26.8959007 0.10785
72.7806015 -26.8085995 1.43309999
72.7650452 -26.8364506 1.66984999
72.7272034 -26.8377991 1.94319999
72.6515503 -26.8937492 2.13225007
72.6211014 -26.8983002 2.20009995
72.7555008 -26.7514992 -1.65199995
72.6773987 -26.6247005 -1.53670001
72.7730026 -26.6254005 -0.726300001
72.7913971 -26.6196995 -0.540400028
72.7856445 -26.7448502 -0.320549995
72.7546997 -26.7005157 -0.0892999992
72.7544022 -26.6338005 1.55425
72.7117996 -26.6774502 1.66557503
72.7294006 -26.7021008 1.84399998
72.7645035 -26.7138004 2.18109989
72.6888046 -26.4419003 -1.6455667
72.669754 -26.4655495 -1.52485001
72.7086945 -26.4744492 -1.32765007
72.7506485 -26.5681 -1.10100007
72.725975 -26.4714508 -0.881325006
72.7401505 -26.4358006 -0.710649967
72.700737 -26.4489326 -0.511666656
72.7276993 -26.4473991 -0.241799995
72.7877045 -26.53125 -0.0737500042
72.7811966 -26.4386997 1.51719999
72.7368011 -26.4867496 1.69284999
72.7176361 -26.4598656 2.17336679
72.7317657 -26.3171329 -1.64049995
72.7499542 -26.2686501 -1.51434994
72.7371979 -26.3125744 -1.30439997
72.7476501 -26.3372002 -1.08969998
72.7378235 -26.3132744 -0.891149998
72.7504807 -26.285429 -0.716185689
72.7395325 -26.3099823 -0.50181669
72.7054672 -26.3031158 -0.271266669
72.7161636 -26.2941322 -0.123833328
72.6954346 -26.3040333 1.66393328
72.6051025 -26.2199993 1.93120003
72.6120987 -26.3505993 2.56369996
72.7689972 -26.0415993 -1.68910003
72.7914963 -26.1667995 -1.17820001
72.790802 -26.1942997 -0.62529999
72.7426682 -26.1305332 -0.0902666673
72.6906281 -26.0509338 1.51613331
72.6428986 -26.0820007 1.64979994
72.6070023 -26.1322002 2.36339998
72.7259979 -25.8423004 -1.69624996
72.7511978 -25.8141003 -0.083766669
72.7826996 -25.8276997 0.00970000029
72.7106018 -25.8850994 1.39950001
72.7246017 -25.8976994 1.53270006
72.7606964 -25.8600998 1.62259996
72.7806473 -25.7504005 -1.64524996
72.7945023 -25.6520996 -1.47280002
72.7505264 -25.6683006 -0.129024997
72.6483002 -25.6128998 1.31239998
72.7841034 -25.4245987 -1.67700005
72.735733 -25.5042 -0.124666668
72.780899 -25.5914993 0.0300999992
72.6662979 -25.5326996 1.26160002
72.7109528 -25.4808502 1.73339999
72.7527008 -25.307066 -1.69243336
72.7966995 -25.3952007 -1.37769997
72.7918015 -25.3402004 -0.423000008
72.789505 -25.3575497 -0.292250007
72.7445984 -25.2904243 -0.146825001
72.7556458 -25.2901001 1.54725003
72.71595 -25.3171997 1.69974995
72.6810989 -25.2766991 1.80330002
72.7883987 -25.0235996 -1.65269995
72.7412033 -25.1895008 -0.215499997
72.7375031 -25.0636997 -0.161200002
72.6320953 -24.9409485 -1.73430002
72.7894974 -24.9325008 -1.28460002
72.7666016 -24.9088001 -0.969600022
72.7983017 -24.8941002 -0.699100018
72.7819977 -24.8470001 -0.502799988
72.7545013 -24.8588333 -0.301666677
72.7359848 -24.8967705 -0.125599995
72.6623001 -24.9270992 1.25820005
72.7223969 -24.8668995 1.49559999
72.6025009 -24.9899998 1.67180002
72.7914429 -24.7559509 -1.12730002
72.7820663 -24.7231674 -0.261166662
72.7200699 -24.7135334 -0.133599997
72.7248993 -24.7394485 1.51174998
72.6978989 -24.6574001 1.62720001
72.6052017 -24.4365005 -1.74240005
72.7929001 -24.4475994 -1.21510005
72.7556992 -24.5422993 -0.240500003
72.7377472 -24.5894012 -0.111900002
72.6350784 -24.4990597 0.48804
72.6307526 -24.4827003 0.654999971
72.75 -24.4792995 0.985899985
72.7774506 -24.5270996 1.08054996
72.6146011 -24.5746002 1.39520001
72.759697 -24.2985001 -1.73710001
72.7975006 -24.2670994 -1.20179999
72.7456207 -24.2808743 -0.1734
72.658699 -24.303299 0.544250011
72.7362518 -24.3777008 1.10124993
72.7371979 -24.2903004 1.2428
72.756897 -24.0492001 -1.75296664
72.7910995 -24.0853996 -1.35290003
72.7950974 -24.1299992 -0.710500002
72.7496262 -24.1030998 -0.28064999
72.7360992 -24.1007252 -0.0970499963
72.668457 -24.1180801 0.550880015
72.7435989 -24.1858006 0.603500009
72.7124023 -24.0328007 0.915499985
72.7091522 -24.043251 1.17930007
72.6121979 -24.1800995 1.30069995
72.7806015 -23.8426991 -1.67709994
72.7166443 -23.9477005 -0.256099999
72.7588959 -23.9461994 -0.138400003
72.6484528 -23.864151 1.13960004
72.6541977 -23.8784008 1.26639998
72.7886963 -23.6415997 -0.983399987
72.7689743 -23.6777992 -0.281075001
72.7625504 -23.7859497 -0.155100003
72.6987991 -23.7150002 1.52810001
72.7649994 -23.5613003 -0.80339998
72.7488632 -23.4882011 -0.255360007
72.7584991 -23.5188999 -0.135199994
72.6194992 -23.4071007 1.15530002
72.6790314 -23.4351006 1.27559996
72.6773987 -23.531601 1.55699992
72.7597504 -23.2714005 -0.789849997
72.7621994 -23.3128204 -0.307720006
72.7695389 -23.2867012 -0.119139999
72.785202 -23.2705994 1.30050004
72.7958984 -23.0916004 -1.77499998
72.7347031 -23.1902008 -1.34109998
72.7966995 -23.1616993 -0.722299993
72.7686005 -23.0046005 -0.412099987
72.7655029 -23.1107998 -0.228300005
72.7397003 -23.1693993 -0.180099994
72.6544037 -23.0862999 1.52170002
72.7677002 -22.9447994 -1.83060002
72.7962036 -22.8383999 -1.72570002
72.7651978 -22.885601 -0.266499996
72.7597504 -22.8637009 -0.128150001
72.7510986 -22.6194 -1.80570006
72.6307983 -22.7089996 -1.79999995
72.7978973 -22.6760006 -0.920700014
72.7847977 -22.6722336 -0.509200037
72.7465515 -22.6223488 -0.298500001
72.7686996 -22.6685009 -0.0815000013
72.7066956 -22.4365501 -1.71125007
72.7277756 -22.4645596 -1.33249998
72.7447052 -22.5257492 -1.04940009
72.7479019 -22.5125389 -0.947780013
72.7498016 -22.5049 -0.697640002
72.7572784 -22.5165253 -0.469150007
72.7254486 -22.5077 -0.246499985
72.7553024 -22.4862995 -0.198799998
72.7557526 -22.2845993 -1.74325001
72.7427292 -22.3148861 -1.52960002
72.7355957 -22.3404255 -1.29894996
72.7321472 -22.2947998 -1.11267495
72.7350693 -22.3088322 -0.940599978
72.7504196 -22.3241158 -0.717766643
72.7389374 -22.2880669 -0.542549968
72.7232285 -22.3022671 -0.336600006
72.7641983 -22.3656006 -0.151700005
72.7872009 -22.0198994 -1.75489998
72.7919006 -22.1466007 -1.23339999
72.7590027 -22.1863995 -0.915799975
72.7474976 -22.1471004 -0.722199976
72.7827682 -22.1165333 -0.456066668
72.7762985 -22.1124496 -0.276300013
72.7164993 -21.9013996 -1.82019997
72.7636185 -21.9045792 -0.315840006
72.7782974 -21.7859001 -1.64839995
72.7874985 -21.7588997 -0.423099995
72.7453003 -21.7558002 -0.272799999
72.7780991 -21.5056 -0.753899992
72.7361984 -21.4883003 -0.304100007
72.7996979 -21.5958996 -0.148399994
72.6144028 -21.3369999 -1.86090004
72.7882004 -21.3402004 -0.537
72.7730789 -21.2651005 -0.337540001
72.790802 -21.1683998 -0.46509999
72.7624969 -21.1774998 -0.266900003
72.7363968 -20.9797001 -1.88909996
72.7570343 -20.9860325 -0.274533331
72.7782516 -20.699501 -1.82104993
72.7778015 -20.6516991 -1.59200001
72.7860031 -20.7851009 -0.419400007
72.7649994 -20.5746002 -1.90090001
72.7602997 -20.4906502 -0.418249995
72.7743759 -20.5016403 -0.307099998
72.7715988 -20.2101002 -1.91910005
72.7346497 -20.3260994 -0.246250004
72.7825012 -20.3847008 -0.188600004
72.7881012 -20.0970001 -0.408600003
72.7436066 -20.0720501 -0.345349997
72.8378677 -39.9102669 -1.05056667
72.8563538 -39.8576508 -0.891100049
72.8754349 -39.9025002 -0.691966653
72.8661499 -39.9460983 -0.477899998
72.8820648 -39.851368 -0.268400013
72.8564987 -39.9090729 0.12015
72.8179016 -39.8364983 0.251800001
72.8567734 -39.9530754 0.509800017
72.8588028 -39.8670006 0.632700026
72.8211975 -39.7795982 -0.403400004
72.816803 -39.7332993 -0.287
72.8466034 -39.7979012 -0.117200002
72.8367996 -39.7711983 0.0929000005
72.8494644 -39.6954689 0.494133353
72.9834442 -39.7423019 0.677150011
72.9933014 -39.6450996 0.995199978
72.990448 -39.6306496 1.04075003
72.8043976 -39.5241013 -1.15250003
72.8026962 -39.4305 0.370700002
72.8863678 -39.5314331 0.487833321
72.9741974 -39.4907494 0.660349965
72.9865036 -39.4081993 1.05760002
72.8522263 -39.3057251 -1.11465001
72.8365326 -39.3461342 -0.936866701
72.8655777 -39.2865486 -0.714900017
72.8541031 -39.3699341 -0.47996667
72.8694 -39.3155251 -0.291375011
72.8663635 -39.2876015 -0.063500002
72.826004 -39.2398643 0.275266647
72.8460007 -39.2745667 0.475233316
72.9761963 -39.3274002 0.622200012
72.8991699 -39.1338997 -1.079
72.8895493 -39.0865021 -0.879500031
72.8859024 -39.0934982 -0.773999989
72.8638458 -39.1042023 -0.499249995
72.9107971 -39.1309013 -0.285533339
72.8959885 -39.1010857 -0.10095714
72.8607025 -39.1248016 0.0639999956
72.8670959 -39.1505966 0.282299995
72.8945236 -39.1270485 0.578350008
72.908577 -38.8827248 -0.913275003
72.8955002 -38.8933754 -0.666175008
72.874054 -38.9211998 -0.579100013
72.8762283 -38.9182739 -0.288349986
72.8747635 -38.9253654 -0.13499999
72.8570557 -38.9002762 0.109425001
72.8134689 -38.9172325 0.316633344
72.8740997 -38.859951 0.505550027
72.911499 -38.6781006 -1.17320001
72.8886642 -38.6855659 -0.918500006
72.8860474 -38.6809502 -0.697350025
72.8764038 -38.7340736 -0.483550012
72.8499298 -38.6831665 -0.316766679
72.9058533 -38.7518005 -0.0826999992
72.8569031 -38.7316513 0.0894749984
72.8369293 -38.6549339 0.526766658
72.8718033 -38.4071999 -0.954200029
72.8626022 -38.4473495 -0.692449987
72.8591995 -38.5564995 -0.495700002
72.8649445 -38.5520477 -0.291949987
72.8746033 -38.5505524 -0.0726500005
72.9315033 -38.4570007 0.057599999
72.850235 -38.4650345 0.498033315
72.9933014 -38.5929985 1.05830002
72.8868561 -38.2574501 -1.03719997
72.9026489 -38.3421021 -0.702650011
72.8728409 -38.2996597 -0.512840033
72.8840027 -38.3248672 -0.259566665
72.8593979 -38.2835312 -0.0582333319
72.8548965 -38.33675 0.0873000026
72.919899 -38.2387505 0.234799996
72.8490982 -38.2811012 0.431300014
72.8292007 -38.0343475 -1.08264995
72.8658295 -38.1172333 -0.889833331
72.8634491 -38.0807991 -0.779350042
72.8703003 -38.1725502 -0.483950019
72.8712997 -38.0622749 -0.319900006
72.8825302 -38.1212006 -0.0889333338
72.8690796 -38.0710526 0.100225002
72.8744049 -38.0881271 0.314999998
72.8661957 -38.1347008 0.483449996
72.8356323 -37.9328995 -1.13689995
72.8502502 -37.9423981 -0.950900018
72.9012985 -37.8342514 -0.697549999
72.8626022 -37.9371986 -0.542900026
72.9162445 -37.9829483 -0.257600009
72.8646011 -37.915802 -0.113000005
72.8497009 -37.9291992 0.158999994
72.8143005 -37.9355011 0.207100004
72.8440018 -37.9221001 0.487800002
72.8694992 -37.6455994 -0.963400006
72.8744049 -37.6425476 -0.68325001
72.8686523 -37.7882996 -0.504299998
72.9018021 -37.6850014 -0.248999998
72.8726501 -37.7079735 -0.101774998
72.8837433 -37.6662788 0.0778599977
72.8105011 -37.6635017 0.412
72.9834976 -37.7461014 1.01069999
72.8110962 -37.5289001 -1.22469997
72.8575516 -37.523201 -1.08290005
72.8592987 -37.4782677 -0.915666699
72.8835983 -37.5123482 -0.499650002
72.8654633 -37.5210991 -0.313199997
72.892334 -37.4574661 -0.104033336
72.8860321 -37.5620003 0.111966662
72.8727493 -37.4812012 0.279300004
72.8508987 -37.4572983 0.446799994
72.8425369 -37.2692337 -1.10669994
72.8679047 -37.2520981 -0.920549989
72.8737488 -37.3137016 -0.715650022
72.8828506 -37.2985153 -0.517750025
72.8807983 -37.2805672 -0.274333328
72.8777008 -37.3246994 -0.111299999
72.8372345 -37.3046684 0.0776333362
72.857132 -37.3284645 0.342066675
72.9131241 -37.2909012 0.460624993
72.8668518 -37.1015472 -1.11315
72.8650208 -37.0726242 -0.902999997
72.8787994 -37.1393013 -0.71420002
72.877655 -37.094799 -0.49575001
72.863472 -37.1026268 -0.128871426
72.8418503 -37.1415024 0.117399998
72.8920364 -37.1434975 0.478699982
72.8062973 -36.8347015 -1.26709998
72.854248 -36.8908997 -1.08912504
72.8945999 -36.8688965 -0.897899985
72.8833008 -36.885601 -0.578999996
72.8778763 -36.8951759 -0.336025
72.9113235 -36.8991776 -0.125275001
72.8390579 -36.9238625 0.0955599993
72.82547 -36.8657684 0.298400015
72.9614639 -36.9119682 0.472466677
72.864502 -36.8904991 2.34109998
72.8853989 -36.8181 4.02199984
72.8033981 -36.7661018 -1.32260001
72.8508987 -36.638401 -1.12489998
72.9003448 -36.7281494 -0.920799971
72.8446503 -36.6656494 -0.671750009
72.8516006 -36.7019005 -0.518133342
72.8603973 -36.6727982 -0.245900005
72.8629532 -36.7017517 -0.132750005
72.8375015 -36.6819229 0.086225003
72.8251038 -36.7803993 0.316199988
72.9189453 -36.7093506 0.453449994
72.9840012 -36.7038994 0.979099989
72.8945999 -36.6580963 3.93254995
72.9792023 -36.7305984 4.1157999
72.8553314 -36.5257683 -1.13610005
72.8838806 -36.4809341 -0.689283311
72.8613205 -36.5250511 -0.483350009
72.852951 -36.4896011 -0.217000008
72.8822174 -36.4586411 -0.0686200038
72.8557281 -36.4824486 0.0856999978
72.8656998 -36.4902 0.42475
72.8277969 -36.5139999 3.65429997
72.8541031 -36.4864006 3.92030001
72.8578033 -36.3950996 -1.20000005
72.8547516 -36.3404503 -0.928300023
72.888298 -36.2294998 -0.764299989
72.8936462 -36.3144493 -0.545699954
72.8791046 -36.3017502 -0.31417501
72.8908997 -36.2989998 -0.171700001
72.8768692 -36.2713318 0.0601999983
72.8640976 -36.3352013 0.296700001
72.9246521 -36.2866516 0.488099992
72.9765015 -36.2531013 0.692799985
72.990097 -36.3574982 3.89400005
72.9023438 -36.1606979 -1.15394998
72.8719025 -36.0830154 -0.918514311
72.8544312 -36.1108017 -0.677425027
72.8639984 -36.0430527 -0.494949996
72.8820648 -36.0862656 -0.258000016
72.9654007 -36.074501 -0.0516999997
72.8386002 -36.0270004 0.0710666701
72.8181 -36.0782509 0.338550001
72.9273987 -36.1338692 0.465366662
72.8384018 -35.8466759 -1.24259996
72.8368988 -35.8337479 -1.06605005
72.8931503 -35.9041519 -0.858700037
72.8701019 -35.8646011 -0.765100002
72.8825378 -35.8908653 -0.433633327
72.8760681 -35.9086685 -0.288433343
72.8695984 -35.8139 -0.0623999983
72.8479004 -35.9805984 0.103600003
72.822052 -35.9300995 0.302650005
72.9345016 -35.8392029 0.486249983
72.861702 -35.6898003 -1.28980005
72.8533325 -35.7304688 -1.10996664
72.8612518 -35.6800003 -0.839949965
72.8589478 -35.7418976 -0.685899973
72.8892975 -35.7071762 -0.520074964
72.8675308 -35.7107658 -0.329566658
72.8691025 -35.7280998 -0.072300002
72.8415527 -35.6971512 0.0689499974
72.8375015 -35.5489006 -1.21130002
72.8637009 -35.5107002 -1.10080004
72.8457031 -35.456501 -0.949800014
72.8500977 -35.451931 -0.727333367
72.8771515 -35.4616013 -0.519899964
72.896698 -35.5708008 -0.265399992
72.8665848 -35.4964409 -0.107760005
72.8571014 -35.4432983 0.0359000005
72.986702 -35.4885674 0.458366662
72.8380966 -35.2599983 -1.1257
72.9007034 -35.3862991 -0.864000022
72.8612366 -35.335701 -0.260800004
72.8491974 -35.3269501 -0.100850001
72.8625031 -35.3955994 0.354400009
72.9188004 -35.3265991 0.500699997
72.9046021 -35.2196999 0.723699987
72.8046036 -35.0573997 -0.409299999
72.8220978 -35.1358986 0.380100012
72.9325027 -35.009201 1.78960001
72.8300018 -34.8732986 -1.28955007
72.8535004 -34.8507996 -1.11530006
72.8651962 -34.8422012 -0.835200012
72.8454514 -34.9238968 -0.707450032
72.8293304 -34.9071999 -0.494100004
72.8670959 -34.8228989 -0.356549978
72.854599 -34.8894348 -0.0993999988
72.8591003 -34.8014984 0.0537
72.9479065 -34.9416504 0.383249998
72.9493027 -34.8008995 1.52569997
72.9309998 -34.8728981 1.83840001
72.8355026 -34.7939987 -1.28530002
72.8565979 -34.7002983 -1.1911
72.8497009 -34.6581993 -0.923300028
72.8578033 -34.6590004 -0.763999999
72.8638687 -34.6884651 -0.556699991
72.8506317 -34.7458992 -0.304866672
72.8706741 -34.657402 -0.144799992
72.8873978 -34.6977997 0.0786999986
72.9656219 -34.6942978 1.32897496
72.9197006 -34.7502327 1.50540006
72.8049011 -34.7596016 1.61059999
72.8477325 -34.5353661 -1.255
72.8746414 -34.5265198 -1.10360003
72.8339005 -34.4463005 -0.928600013
72.8619003 -34.4500504 -0.68432498
72.8787003 -34.4809494 -0.52700001
72.8933258 -34.5122986 -0.317225009
72.8684006 -34.4571991 -0.0812000036
72.8491058 -34.5695496 0.0454499982
72.886467 -34.4316673 0.358766675
72.9550018 -34.4948006 0.43810001
72.8078003 -34.4361992 1.01769996
72.9423981 -34.5017014 1.37810004
72.8619003 -34.5488014 2.41700006
72.8354034 -34.2394028 -1.26115
72.8342972 -34.2803993 -1.18729997
72.8556519 -34.3086014 -0.896899998
72.8384552 -34.3009987 -0.702950001
72.8571014 -34.3493004 -0.551599979
72.8733749 -34.3023224 -0.265525013
72.8722229 -34.306076 -0.129150003
72.8782272 -34.2785759 0.314799994
72.8309021 -34.1142654 -1.32093334
72.840065 -34.1007004 -1.08070004
72.8416443 -34.0980988 -0.864199996
72.8399506 -34.1018524 -0.746249974
72.8368683 -34.0514336 -0.474866658
72.8509979 -34.1118011 -0.338499993
72.8391342 -34.1018333 -0.0546000004
72.8326035 -34.0065002 0.0263
72.8151016 -34.0046997 0.30399999
72.9897003 -34.1332016 0.456099987
72.9934998 -34.1973 0.683600008
72.8516006 -34.1403999 1.14734995
72.8434677 -33.9051323 -1.25479996
72.8458023 -33.8600998 -1.09563339
72.8268509 -33.8594513 -0.828400016
72.8321686 -33.8959351 -0.721599996
72.8432236 -33.9092522 -0.546474993
72.8542252 -33.9653244 -0.28095001
72.8661728 -33.904274 -0.109275006
72.9316025 -33.8372002 0.165399998
72.9854965 -33.987999 0.845200002
72.8516006 -33.8209 2.70530009
72.8325043 -33.7105026 -1.29030001
72.8404694 -33.7406654 -1.12090003
72.8333969 -33.6473999 -0.939300001
72.8358994 -33.6616325 -0.698300004
72.8327026 -33.6921005 -0.532299995
72.8458481 -33.7270241 -0.341300011
72.8733978 -33.7126999 -0.122325003
72.9225006 -33.6917 0.377033323
72.9412003 -33.6329002 0.414700001
72.8489685 -33.476265 -1.3481667
72.8326035 -33.4379997 -1.11210001
72.8211975 -33.4580002 -0.907700002
72.8360519 -33.5428009 -0.734750032
72.8237991 -33.5604019 -0.288549989
72.8824692 -33.5315666 -0.0949666649
72.8104019 -33.5629997 0.0298999995
72.8801346 -33.5271683 0.271699995
72.8551483 -33.2673492 -1.25950003
72.8538055 -33.2706223 -1.09562504
72.8363724 -33.2967758 -0.95372498
72.8525009 -33.3131027 -0.748950005
72.8355637 -33.2933311 -0.455266684
72.850914 -33.3106995 -0.287114292
72.8767014 -33.3028336 -0.0964000002
72.8967438 -33.2846527 0.358200014
72.8992996 -33.3444977 2.8592
72.8345184 -33.0769196 -1.30048001
72.8352966 -33.0579987 -1.06640005
72.8373337 -33.0833015 -0.898766637
72.8400497 -33.0860519 -0.696799994
72.8277588 -33.0869789 -0.528699994
72.8597031 -33.1033401 -0.0966999978
72.8060989 -33.1708984 0.0164999999
72.859726 -33.0726776 0.322225004
72.9945984 -33.0951004 0.488799989
72.8087692 -32.8354988 -0.921400011
72.8325348 -32.8617668 -0.677533329
72.8452759 -32.8726234 -0.521475017
72.8330307 -32.9280014 -0.324999988
72.8627014 -32.9589996 -0.126900002
72.8576508 -32.9049988 0.00884999987
72.8596039 -32.8731995 0.260999978
72.9852524 -32.8188019 0.85680002
72.8379364 -32.7182007 -1.30083334
72.8336029 -32.6393013 -1.08990002
72.8268967 -32.615799 -0.901300013
72.8283005 -32.6565018 -0.727299988
72.8390503 -32.7263489 -0.269450009
72.8316498 -32.6554985 -0.102249995
72.8669434 -32.6968498 0.277350008
72.864502 -32.7083015 2.56209993
72.8343506 -32.6913986 4.4303503
72.8417969 -32.4577484 -1.37154996
72.8237 -32.5203018 -1.14830005
72.8459015 -32.4595985 -0.917350054
72.830101 -32.4970016 -0.604799986
72.8338699 -32.4517975 -0.529866695
72.844223 -32.4997253 -0.299324989
72.8753967 -32.5348015 0.276300013
72.9964981 -32.5423012 0.844500005
72.8699036 -32.4836998 4.51830006
72.8066025 -32.4345016 4.70039988
72.8406982 -32.3107986 -1.29869998
72.8354492 -32.3409233 -1.1164
72.8271027 -32.2372513 -0.871649981
72.8345032 -32.3249016 -0.708166659
72.8560028 -32.2925606 -0.301800013
72.8548889 -32.294651 -0.0948375016
72.9091034 -32.2930984 0.0200999994
72.8271027 -32.3446007 0.245499998
72.8799973 -32.1548996 -1.50769997
72.8323059 -32.0422974 -1.30235004
72.8336639 -32.0903015 -1.0872333
72.8430023 -32.1138 -0.635349989
72.8560944 -32.0724487 -0.556450009
72.8398514 -32.1777496 -0.251100004
72.8281021 -32.1262665 -0.0773999989
72.9143982 -32.1203232 0.31584999
72.9869995 -32.0405006 2.49000001
72.8483505 -31.9412003 -1.49644995
72.8772659 -31.8879337 -1.28886664
72.8320999 -31.9126339 -1.08159995
72.8133011 -31.8094006 -0.8847
72.8481979 -31.9538498 -0.732800007
72.8156967 -31.9726009 -0.540700018
72.8551025 -31.9059448 -0.31544444
72.8125992 -31.9282494 -0.0526000038
72.936554 -31.8567009 0.292199999
72.9135437 -31.9342995 2.47265005
72.8154984 -31.6690006 -1.41059995
72.8500977 -31.7085991 -1.39199996
72.8638992 -31.6357994 -0.925499976
72.8427505 -31.6814003 -0.656100035
72.8695679 -31.6983337 -0.546266675
72.8450699 -31.7095337 -0.349299997
72.8707962 -31.6898994 -0.0975333303
72.9030991 -31.6928005 0.0288999993
72.8666992 -31.6760998 0.261900008
72.9017792 -31.7012749 1.30712497
72.8406982 -31.6573009 1.49469995
72.8303986 -31.5074997 -1.41600001
72.8316498 -31.5259495 -1.27880001
72.8450699 -31.504734 -1.05963337
72.8684006 -31.5270004 -0.787249982
72.8555527 -31.4647999 -0.503899992
72.8671341 -31.5080662 -0.303416669
72.8622513 -31.5107498 -0.147774994
72.8585968 -31.5356007 0.0339000002
72.8746033 -31.46455 0.242449999
72.8169556 -31.5593491 1.33945
72.930603 -31.5991993 1.40750003
72.8236008 -31.2845993 -1.42229998
72.8393173 -31.3431435 -1.33372855
72.8606033 -31.2033997 -0.993600011
72.8692017 -31.2413006 -0.681800008
72.8633957 -31.2983665 -0.531033337
72.8585052 -31.2592335 -0.2764
72.8588333 -31.2838345 -0.0995333344
72.9225464 -31.2764015 0.253600001
72.8539963 -31.1833 -1.39619994
72.8800964 -31.1641006 -1.05710006
72.854866 -31.1254005 -0.886799991
72.8485489 -31.0680008 -0.704999983
72.851799 -31.1138 -0.503166676
72.8383789 -31.072319 -0.310719997
72.8751526 -31.0601501 -0.171200007
72.8564987 -31.0088997 0.166600004
72.8929977 -31.1802006 2.59080005
72.8656006 -30.8078003 -0.555100024
72.8256378 -30.9631672 -0.319799989
72.8340454 -30.8937492 0.135650009
72.9875031 -30.8817501 0.283500016
72.987999 -30.9300995 0.743600011
72.9150009 -30.8712997 1.29400003
72.9540024 -30.9867992 1.78139997
72.9185028 -30.9981003 4.52069998
72.8065033 -30.6054993 -1.37090003
72.8190994 -30.6093998 -0.82130003
72.8420029 -30.7532005 -0.330300003
72.9091034 -30.6704502 0.138449997
72.880249 -30.6623001 0.233549997
72.9970016 -30.6357994 0.818199992
72.8849792 -30.6840496 1.30322504
72.8378983 -30.6336994 1.99080002
72.8303986 -30.4405499 -1.41164994
72.8249664 -30.5130005 -1.29939997
72.8151016 -30.4598007 -1.18570006
72.8419037 -30.4747009 -0.988300025
72.8204269 -30.550375 -0.653474987
72.870224 -30.5035744 -0.513875008
72.8234253 -30.4845009 -0.255275011
72.8722992 -30.4251995 -0.1787
72.9439011 -30.4824009 0.0275999997
72.8497009 -30.5706005 0.2095
72.8464737 -30.5077744 1.27670002
72.8856964 -30.5144501 1.96650004
72.8945465 -30.4888 2.0948
72.831749 -30.27425 -1.43219995
72.8663788 -30.3062592 -1.29726005
72.8666 -30.3099003 -1.14289999
72.8349991 -30.2481995 -0.885399997
72.8619995 -30.2695999 -0.713033319
72.8753815 -30.2974396 -0.510619998
72.858429 -30.281601 -0.312425017
72.8264008 -30.3106995 -0.121649995
72.9059982 -30.3693008 0.0980499983
72.8198013 -30.3367004 1.99530005
72.8936005 -30.2409668 2.03439999
72.8515472 -30.0743999 -1.47490001
72.8518829 -30.108881 -1.29219997
72.8464966 -30.1147251 -1.105425
72.8499985 -30.0974007 -0.897000015
72.8460541 -30.1064987 -0.730350018
72.9107666 -30.1016006 -0.50636667
72.8795242 -30.0862503 -0.301849991
72.8679962 -30.1646996 -0.165999994
72.8171539 -30.0956497 0.140900001
72.9276962 -30.1527996 0.225299999
72.9383011 -30.0369987 1.78049994
72.8794556 -30.0595016 1.95624995
72.8901978 -30.1595497 2.08244991
72.8220978 -29.9189396 -1.46509993
72.8555527 -29.9104252 -1.27442503
72.8820648 -29.9220333 -1.13996661
72.8442993 -29.9351997 -0.966499984
72.8620987 -29.8386993 -0.685699999
72.876297 -29.8990993 -0.536350012
72.8532028 -29.9170341 -0.307866663
72.8609009 -29.8003006 0.120499998
72.9580002 -29.8471489 0.27609998
72.9850998 -29.8815002 0.638300002
72.9320984 -29.90905 1.74135005
72.8893814 -29.8792 1.90473998
72.8227997 -29.7024002 -1.32924998
72.8479996 -29.6973991 -1.1688
72.8314972 -29.77075 -0.853199959
72.8603973 -29.6077995 -0.615800023
72.8572998 -29.6717491 -0.447050005
72.8529968 -29.7373009 -0.323100001
72.8910522 -29.6728497 -0.183699995
72.8048019 -29.7577 0.133300006
72.9677963 -29.7231007 0.201900005
72.9054337 -29.7594662 1.69169998
72.936348 -29.6311989 2.12030005
72.8658981 -29.7024002 2.21409988
72.841362 -29.4928341 -1.50093329
72.8497467 -29.5388489 -1.29939997
72.8747482 -29.5584488 -1.04410005
72.8534012 -29.4836006 -0.739633322
72.860733 -29.4556007 -0.536966681
72.8665161 -29.5150146 -0.263971418
72.8685989 -29.5264015 -0.169950008
72.9729996 -29.5223007 0.2289
72.8035965 -29.4349995 2.06459999
72.8307953 -29.3172989 -1.48559999
72.828949 -29.2607994 -1.30185008
72.850296 -29.2547989 -1.10424995
72.8411026 -29.3492661 -0.896333337
72.8500519 -29.3259506 -0.645799994
72.8485184 -29.3299141 -0.494557142
72.854126 -29.2651749 -0.270475
72.8395767 -29.2989254 -0.141450003
72.8779526 -29.3037987 0.0989999995
72.9720001 -29.2215996 0.238299996
72.9430008 -29.3278008 1.9655
72.9944992 -29.3006001 2.03740001
72.8473358 -29.0753994 -1.45113337
72.8668976 -29.0240002 -1.00419998
72.8416519 -29.1269493 -0.901250005
72.862648 -29.0061989 -0.709800005
72.8958359 -29.0370998 -0.497733325
72.842514 -29.108984 -0.31583333
72.8861008 -29.0235004 -0.1954
72.8022003 -29.1149998 0.0546000004
72.8712463 -29.0274506 1.73180008
72.9039307 -29.1188335 1.89409995
72.8783264 -29.0561008 2.10517502
72.8407516 -29.0283012 2.28170013
72.902298 -29.0538998 2.51959991
72.8352737 -28.9087257 -1.47504997
72.8770752 -28.9158497 -1.27372503
72.8759308 -28.9144669 -1.02989995
72.8479309 -28.8966675 -0.899633348
72.9032669 -28.9114342 -0.501566648
72.8408508 -28.9930496 -0.277099997
72.8048019 -28.8703995 -0.192300007
72.8827972 -28.9319992 0.179800004
72.9295654 -28.9393997 0.290166676
72.9628983 -28.9641991 0.479999989
72.9785004 -28.8393497 0.692449987
72.9449234 -28.8969498 1.680125
72.8893509 -28.9207993 2.13539982
72.8159027 -28.9062996 2.23029995
72.884903 -28.9617996 2.40700006
72.8382721 -28.7304001 -1.44624996
72.8793945 -28.7010994 -1.30060005
72.8689575 -28.719799 -1.11634994
72.8581009 -28.6231003 -0.9023
72.8839722 -28.6743507 -0.712825
72.8903961 -28.7189789 -0.521080017
72.869133 -28.7613659 -0.25606668
72.8749542 -28.7269516 0.103399999
72.9152985 -28.7285004 1.5043
72.9559937 -28.6872501 2.33349991
72.8335037 -28.7469006 2.53990006
72.8315964 -28.4932003 -1.46609998
72.8365021 -28.5093994 -1.35780001
72.8578491 -28.5046501 -1.08710003
72.8522949 -28.4965496 -0.82554996
72.8463974 -28.4743004 -0.720550001
72.8477478 -28.5051498 -0.567499995
72.8801575 -28.5620003 -0.294440001
72.9013977 -28.5314999 -0.166700006
72.8720016 -28.5749512 0.144749999
72.9447021 -28.4508991 0.237900004
72.9218674 -28.496666 0.667500019
72.9248962 -28.5760498 1.43889999
72.9682007 -28.5953007 2.17420006
72.8343964 -28.5440998 2.34960008
72.9765015 -28.4902992 2.45009995
72.8180008 -28.2660007 -1.61179996
72.8367996 -28.3014488 -1.49195004
72.8780975 -28.311367 -1.11039996
72.8905029 -28.3378506 -0.863000035
72.8492508 -28.3146248 -0.726424992
72.8807755 -28.2934418 -0.502228558
72.8503189 -28.2624607 -0.303539991
72.8356018 -28.3456497 0.0952999964
72.9139023 -28.3551998 0.221100003
72.9829025 -28.2255993 0.680499971
72.901062 -28.2776337 2.11653328
72.8594971 -28.3539009 2.51600003
72.8373032 -28.0944405 -1.50230002
72.8377991 -28.0433998 -1.30159998
72.8378372 -28.0970001 -1.03743339
72.8524017 -28.0324993 -0.859799981
72.8472977 -28.1154499 -0.697450042
72.880249 -28.1171169 -0.532216668
72.8953476 -28.156601 -0.289600015
72.8701019 -28.1128998 0.0886999965
72.8924561 -28.1261387 2.15021992
72.853302 -27.8558998 -1.43005002
72.9973984 -27.8106003 -1.36759996
72.8505325 -27.9487 -1.13339996
72.8544693 -27.8948669 -0.893066645
72.8552704 -27.8845005 -0.714675009
72.9032974 -27.9696999 -0.444750011
72.8682556 -27.9405003 -0.310550004
72.9030685 -27.8304329 0.0926999971
72.9840012 -27.8708992 0.641499996
72.9774933 -27.8872986 2.15129995
72.8780975 -27.8726006 2.29430008
72.8104019 -27.6702995 -1.63549995
72.8311005 -27.6518745 -1.48152494
72.8920288 -27.7241325 -1.27476668
72.8417664 -27.7365341 -1.05850005
72.8906021 -27.713501 -0.88805002
72.8373337 -27.6996326 -0.689400017
72.8553391 -27.6829395 -0.50849998
72.8397751 -27.6784 -0.284525007
72.8092499 -27.78965 -0.1602
72.9819031 -27.6569004 0.638599992
72.8813019 -27.6848984 1.82045007
72.9031677 -27.7059326 2.10376668
72.933548 -27.7006989 2.25419998
72.9449997 -27.6068001 2.43560004
72.8263779 -27.4920998 -1.51287997
72.8989029 -27.5177994 -1.32509995
72.9253006 -27.4818993 -1.02190006
72.8550034 -27.4556999 -0.89319998
72.8710327 -27.4472656 -0.676866651
72.8923492 -27.5012741 -0.505375028
72.857666 -27.5354671 -0.290433347
72.8114014 -27.5965004 -0.188299999
72.85112 -27.4895992 0.0789799988
72.9862976 -27.5235004 0.381900012
72.9449005 -27.5753994 0.574100018
72.9682007 -27.4904995 0.619599998
72.8861008 -27.4969254 1.85617495
72.9322968 -27.5503006 2.24250007
72.8321533 -27.33955 -1.6257
72.8602982 -27.2701263 -1.47874999
72.834549 -27.2471008 -1.13024998
72.8954773 -27.3080997 -0.885725021
72.8491669 -27.3339996 -0.663399994
72.8364258 -27.2707996 -0.492549986
72.8414993 -27.2819004 -0.349599987
72.9256973 -27.3840008 -0.172000006
72.8973007 -27.3244667 0.0912666693
72.9498978 -27.2180004 0.616299987
72.9623032 -27.3081665 1.89289999
72.8795471 -27.243 2.25685
72.8096008 -27.1402016 -1.62314999
72.8388519 -27.0632248 -1.48942494
72.8359528 -27.1511002 -1.26209998
72.8635025 -27.1270676 -1.0984
72.9710007 -27.1765995 -0.922299981
72.8957062 -27.1140499 -0.655699968
72.8775787 -27.1151752 -0.500349998
72.8289337 -27.0235672 -0.32646668
72.8142014 -27.1539001 -0.193599999
72.938797 -27.1492004 0.185599998
72.8126984 -27.0760002 1.65890002
72.9437485 -27.0792999 1.92995
72.9176483 -27.1333008 2.07952499
72.8152008 -26.9067993 -1.6286
72.8394012 -26.8085995 -1.46510005
72.845726 -26.849575 -1.30342507
72.834198 -26.9431992 -1.16009998
72.8682327 -26.9432335 -0.883766651
72.8763733 -26.8845253 -0.699150026
72.844017 -26.9166832 -0.502466679
72.8668976 -26.8963509 -0.34692499
72.8872986 -26.8894997 0.00430000015
72.9253998 -26.8938999 0.620899975
72.8274994 -26.8509007 1.32869995
72.8809204 -26.88204 1.54377997
72.8184967 -26.9006996 1.65779996
72.8098984 -26.8388996 1.99440002
72.8003006 -26.7432995 -1.5934
72.8451538 -26.7235489 -1.23644996
72.8388977 -26.7427006 -0.965149999
72.8766022 -26.6770992 -0.719699979
72.8478546 -26.6822491 -0.552699983
72.8514252 -26.7297001 -0.332100004
72.8080978 -26.7485008 -0.1884
72.8442001 -26.7780991 0.0895999968
72.9850006 -26.6247005 0.596300006
72.9479523 -26.7859993 1.3003
72.8886032 -26.7271824 1.46111667
72.8189545 -26.490799 -1.10520005
72.830246 -26.4571495 -0.761000037
72.8022995 -26.4071007 -0.0781999975
72.8946991 -26.4251003 0.0971999988
72.9194031 -26.4120998 1.52859998
72.8097992 -26.5629997 2.2112999
72.8287048 -26.2358513 -1.24425006
72.8207016 -26.2320004 -1.13419998
72.8686981 -26.2341003 -0.947099984
72.8104019 -26.2714005 -0.503899992
72.9140015 -26.2166996 -0.227500007
72.8836594 -26.3038292 0.100299999
72.9574966 -26.3537006 0.575399995
72.9441986 -26.3244743 1.50792503
72.8243027 -26.0499001 -1.68400002
72.8694839 -26.0868397 -1.47686005
72.8828506 -26.0790501 -1.29290009
72.8493347 -26.102499 -1.07303333
72.8674164 -26.106514 -0.851828575
72.8292313 -26.1207676 -0.724600017
72.8514023 -26.0664997 -0.505500019
72.8629684 -26.1184502 -0.267399997
72.8777008 -26.0990505 -0.106000006
72.8907471 -26.1185493 0.10125
72.9574966 -26.1210003 0.79400003
72.9565964 -26.0932007 1.1882
72.9391632 -26.1290665 1.25676668
72.9129639 -26.1560402 1.46767998
72.8712997 -26.0667992 1.70599997
72.8236008 -25.9296494 -1.47597504
72.9192047 -25.8795509 -1.29999995
72.8639984 -25.8658333 -1.09646666
72.9212036 -25.941 -0.884800017
72.8619995 -25.9126568 -0.679528594
72.870697 -25.8180504 -0.535549998
72.8605652 -25.9352665 -0.328433335
72.8076019 -25.9825993 -0.0406000018
72.9837036 -25.9094009 0.372700006
72.9362488 -25.9776993 1.33949995
72.9539032 -25.9824009 1.41180003
72.8460007 -25.7388 -1.63779998
72.8242035 -25.6413994 -1.56429994
72.8388519 -25.6717491 -1.31400001
72.8348999 -25.6011009 -1.07079995
72.8449249 -25.6958008 -0.906625032
72.8429489 -25.7164249 -0.697099984
72.8670959 -25.7019005 -0.478850007
72.8290558 -25.7026501 -0.284000009
72.8496017 -25.7831993 -0.180999994
72.9944 -25.6833992 0.569599986
72.9272461 -25.7282486 1.57800007
72.9947968 -25.7411995 1.61699998
72.8173981 -25.5435486 -1.63910007
72.8558502 -25.4924507 -1.50189996
72.8482971 -25.4890995 -1.28032494
72.8628693 -25.5177002 -1.13196671
72.8348694 -25.523634 -0.934800029
72.8137512 -25.4878502 -0.785650015
72.841095 -25.4951 -0.465600014
72.8545227 -25.5395241 -0.344550014
72.9201965 -25.5865993 -0.134499997
72.9194031 -25.4806499 0.0644000024
72.9673004 -25.5016994 0.522950053
72.9768982 -25.5513496 1.52655005
72.8374023 -25.5417004 1.71089995
72.8451996 -25.5974007 1.84300005
72.8503342 -25.3092327 -1.55686665
72.8517685 -25.312233 -1.32860005
72.8044968 -25.3668995 -1.18050003
72.8583221 -25.2902794 -0.923520029
72.8488998 -25.2919331 -0.686266661
72.8653793 -25.2765999 -0.470079988
72.8544388 -25.2663593 -0.35115999
72.8554993 -25.2604256 -0.112624995
72.9972 -25.3563004 0.965699971
72.9781036 -25.3633003 1.03040004
72.8767548 -25.3363495 1.35914993
72.8470993 -25.1253166 -1.48523331
72.8240967 -25.1564007 -1.20879996
72.8514557 -25.0513496 -1.16549993
72.8294525 -25.0906487 -0.875499964
72.8469009 -25.1928005 -0.703700006
72.9343033 -25.1310997 -0.553666651
72.8273621 -25.1180668 -0.282533318
72.8845978 -25.0844994 -0.0562999994
72.9346695 -25.1352005 0.0709000006
72.9075699 -25.0696335 1.37483335
72.975502 -25.1299 1.47440004
72.8309021 -24.9028015 -1.68164992
72.8590012 -24.8621254 -1.50297499
72.8330994 -24.8682995 -1.39849997
72.8471069 -24.8996506 -1.10710001
72.8374023 -24.9220505 -0.907724977
72.8618774 -24.8882999 -0.695900023
72.8426819 -24.9446201 -0.543980002
72.8480988 -24.8987503 -0.327600002
72.8225327 -24.907999 -0.0953333378
72.9127502 -24.9073486 0.00829999987
72.8086014 -24.6583004 -1.69340003
72.8381195 -24.7112999 -1.51347995
72.8526688 -24.6481991 -1.27575004
72.8399429 -24.7648602 -1.13830006
72.8227997 -24.7331505 -0.847949982
72.8468704 -24.6910667 -0.701933324
72.8407516 -24.6605263 -0.536599994
72.8200531 -24.7108498 -0.375349998
72.8143005 -24.6541996 -0.0560999997
72.8552017 -24.6525993 0.629800022
72.8889008 -24.5086002 -1.66974998
72.8191986 -24.4448013 -1.57690001
72.8266983 -24.5393009 -1.31490004
72.8343658 -24.5216675 -1.13833332
72.8307495 -24.532299 -0.896049976
72.8569031 -24.4691753 -0.734399974
72.8482971 -24.4925003 -0.48999998
72.8113022 -24.4286995 -0.0527999997
72.9300003 -24.4671001 0.00100000005
72.8585815 -24.5240192 1.07149994
72.9013062 -24.2990494 -1.65890002
72.8562775 -24.3325005 -1.52487504
72.8440704 -24.2770672 -1.31780005
72.8181458 -24.2926502 -1.03705001
72.8311462 -24.3034 -0.894950032
72.8315659 -24.2245007 -0.697166681
72.8390503 -24.2921486 -0.468899995
72.819397 -24.2467995 -0.32280001
72.8060989 -24.3493996 -0.0798999965
72.9693985 -24.3591995 0.0120999999
72.9586029 -24.3542004 0.340799987
72.8999023 -24.3414001 0.509666681
72.893898 -24.2810993 0.695333362
72.8988037 -24.2348003 0.850149989
72.8806992 -24.2335014 1.02835
72.8505325 -24.1112003 -1.64246666
72.8283997 -24.1639004 -1.42449999
72.9006958 -24.1271 -1.29364991
72.8292465 -24.1013241 -1.06784999
72.8476028 -24.1619492 -0.943650007
72.8550034 -24.1096001 -0.743766665
72.8623581 -24.0767593 -0.491440028
72.8209686 -24.0606327 -0.307999998
72.8471375 -24.112133 -0.0822999999
72.9487991 -24.0161991 0.745500028
72.9253006 -24.1173 0.871450007
72.9225769 -24.1189747 1.04737496
72.814003 -23.9676991 -1.80250001
72.8066025 -23.9260006 -1.72710001
72.9484024 -23.9305 -1.40639997
72.8191071 -23.9122505 -1.33580005
72.8236008 -23.9197006 -1.13253331
72.8504028 -23.9259663 -0.874033332
72.8370209 -23.9057751 -0.653450012
72.8644714 -23.9090004 -0.515999973
72.8544998 -23.9990997 -0.389600009
72.8267059 -23.8824501 -0.125949994
72.8975372 -23.9005661 1.10580003
72.8476486 -23.8579998 1.2694
72.8424759 -23.6934013 -1.66750002
72.8498001 -23.6581993 -1.47329998
72.8507385 -23.6930332 -1.34380007
72.890564 -23.7675323 -1.11846673
72.8715973 -23.7793999 -0.814199984
72.8392563 -23.7110004 -0.703442872
72.8432999 -23.6902199 -0.508180022
72.853302 -23.6910667 -0.314700007
72.8083038 -23.6656494 -0.109849997
72.9891968 -23.6063995 1.19570005
72.8001022 -23.7196999 1.34029996
72.8200989 -23.4549999 -1.60300004
72.8754501 -23.5075264 -1.55470002
72.822731 -23.5261002 -1.29399991
72.8420563 -23.5009499 -1.11004996
72.8422699 -23.5492001 -0.919350028
72.8345642 -23.45825 -0.688650012
72.8694992 -23.5924988 -0.522050023
72.8500366 -23.500267 -0.273433328
72.8151016 -23.5860996 -0.0851999968
72.9459 -23.4654007 0.234099999
72.9109497 -23.4897499 1.16105008
72.9415512 -23.4157486 1.20965004
72.8292999 -23.2994995 -1.65736663
72.846199 -23.2070999 -1.27409995
72.8558731 -23.2964993 -1.06227493
72.891449 -23.35495 -0.865750015
72.8406219 -23.3175755 -0.659475029
72.8734283 -23.2857513 -0.490050018
72.8293457 -23.3073006 -0.34375
72.969902 -23.3255005 1.19760001
72.9320755 -23.3307495 1.29869998
72.9642029 -23.2052994 1.44799995
72.8215256 -23.0681744 -1.69247508
72.8491211 -23.0988503 -1.49629998
72.8299332 -23.1128998 -1.33706665
72.8337021 -23.1114998 -1.09004998
72.8536148 -23.095129 -0.891114295
72.8777008 -23.0900726 -0.728500009
72.8851013 -23.0783749 -0.513849974
72.8239975 -23.1455002 -0.35620001
72.8579483 -23.1795502 -0.0898000002
72.9518967 -23.0042 0.0643000007
72.8397675 -22.8742657 -1.73776662
72.8607941 -22.8836498 -1.4404
72.8750458 -22.9366989 -1.30139995
72.8678589 -22.8802567 -1.05994284
72.8525772 -22.8879509 -0.870474994
72.85672 -22.8722763 -0.675899982
72.8702011 -22.8652992 -0.471399993
72.8078003 -22.8834 -0.378800005
72.9382782 -22.8603191 -0.03596
72.9046021 -22.9549007 0.244200006
72.8525009 -22.7231998 -1.86909997
72.8318024 -22.7985001 -1.69679999
72.8163986 -22.7724991 -1.47099996
72.8414993 -22.7127991 -1.27679992
72.8010025 -22.6275997 -1.00670004
72.848877 -22.7232246 -0.883300006
72.876503 -22.6931763 -0.720149994
72.854805 -22.7478657 -0.505200028
72.8203964 -22.6479492 -0.301899999
72.8664703 -22.6663666 -0.102866672
72.9909973 -22.6236992 0.41139999
72.8348007 -22.5720997 -0.416900009
72.8766785 -22.4955006 -0.11265
72.9775009 -22.5494995 0.0350000001
72.8268967 -22.3001003 -1.71619999
72.9292984 -22.2173996 -1.11580002
72.805603 -22.2124996 -0.796000004
72.8264465 -22.3194504 -0.136350006
72.9874496 -22.3353004 0.286050022
72.9899979 -22.3794003 0.450800002
72.8520432 -22.117321 -1.74380004
72.8277512 -22.087574 -1.51515007
72.8430023 -22.1290398 -1.31245995
72.8560638 -22.0849991 -1.05739999
72.8552399 -22.0806408 -0.949819982
72.8509979 -22.127634 -0.732133329
72.8382034 -22.0485592 -0.525820017
72.9243622 -22.0520668 -0.0962666646
72.9518509 -22.1556015 0.0385999978
72.995697 -22.0986004 0.438199997
72.8495331 -21.8991661 -1.83389997
72.8518524 -21.924017 -1.72236669
72.8782349 -21.8841991 -1.53690004
72.8669662 -21.8840332 -1.28563333
72.8473969 -21.8782997 -1.07860005
72.8572998 -21.8512993 -0.983500004
72.8667984 -21.8861809 -0.713440001
72.8616028 -21.8941002 -0.541599989
72.8662033 -21.9028988 -0.132866666
72.8158035 -21.7994995 -1.8075
72.8395996 -21.7021332 -1.72246671
72.8618317 -21.7336655 -1.51569998
72.8965302 -21.7148991 -1.33773327
72.8912277 -21.6698246 -1.09004998
72.8633499 -21.7004738 -0.914875031
72.8841324 -21.6901989 -0.692433357
72.8357697 -21.7426338 -0.529866695
72.8160019 -21.6131992 -0.253699988
72.9705963 -21.7528 -0.0555999987
72.983902 -21.6760006 0.386299998
72.8912354 -21.4890347 -1.70763326
72.8427963 -21.5294991 -1.4892
72.8579483 -21.5572014 -1.27734995
72.8717346 -21.5095997 -1.11746669
72.8794479 -21.4887009 -0.93234998
72.8904495 -21.5207005 -0.769349992
72.8206024 -21.4571991 -0.57950002
72.8501434 -21.4491501 -0.274949998
72.9139328 -21.5403004 -0.132366672
72.9871979 -21.5242996 0.347799987
72.8169022 -21.2987003 -1.9605
72.8429031 -21.3833008 -1.77170002
72.8472672 -21.2898331 -1.54250002
72.9483032 -21.2518005 -1.23479998
72.8368988 -21.2434998 -1.09430003
72.8815842 -21.3040848 -0.913514316
72.8763199 -21.2889404 -0.706659973
72.9031525 -21.3074493 -0.560500026
72.8740997 -21.3012505 -0.273750007
72.9109344 -21.3404999 -0.1338
72.9865036 -21.3957996 0.162699997
72.8280487 -21.100399 -1.87380004
72.8475418 -21.0862808 -1.69584
72.8440704 -21.1353664 -1.4896667
72.8623352 -21.0356655 -1.31803334
72.8675995 -21.0953007 -1.13563335
72.8883438 -21.0574799 -0.922659993
72.8767014 -21.1266994 -0.730000019
72.8663559 -21.0619602 -0.543980002
72.893837 -21.1032009 -0.111599997
72.8320999 -20.8292999 -1.80480003
72.8408966 -20.9521999 -1.63180006
72.8509369 -20.9120388 -1.49981999
72.8779449 -20.8845501 -1.29809999
72.8697128 -20.8871574 -1.07498574
72.8891983 -20.9015999 -0.891749978
72.8966522 -20.90905 -0.739974976
72.8502731 -20.9258747 -0.499274999
72.8230438 -20.8221493 -0.295599997
72.9822998 -20.8283005 0.358399987
72.8211975 -20.7604008 -1.85839999
72.8373032 -20.7723007 -1.67250001
72.8479309 -20.7264347 -1.47563338
72.8778992 -20.7362003 -1.25690007
72.8612518 -20.6986008 -1.07949996
72.8812714 -20.7114258 -0.888549984
72.90625 -20.6614246 -0.708024979
72.8098984 -20.7688007 -0.253199995
72.8901978 -20.6938496 -0.139600009
72.8130035 -20.4533005 -1.86510003
72.8470459 -20.4503002 -1.47165
72.8529358 -20.4666996 -1.31690001
72.8598022 -20.4146004 -1.11039996
72.8725967 -20.46945 -0.876999974
72.905098 -20.5111332 -0.646700025
72.8500214 -20.5232754 -0.460725009
72.8280716 -20.4474678 -0.307433337
72.9073029 -20.4485512 -0.0935999975
72.9707489 -20.4301491 0.339950025
72.8473969 -20.3414001 -1.8592
72.8726425 -20.3302193 -1.67084002
72.8954468 -20.3134003 -1.50035
72.8759995 -20.2786007 -1.30200005
72.8775406 -20.2678413 -1.11585999
72.8788452 -20.2517242 -0.878750026
72.8770218 -20.3453407 -0.691340029
72.8246689 -20.2744331 -0.497666657
72.9458008 -20.3369999 -0.102600001
72.995903 -20.3442993 0.337300003
72.8359985 -20.0540009 -1.72134995
72.8587646 -20.0966835 -1.52138329
72.936554 -20.0914497 -1.26324999
72.8557434 -20.0417519 -1.10330009
72.8585281 -20.1355 -0.948675036
72.8582993 -20.08325 -0.700174987
72.8133545 -20.0488014 -0.474550009
72.8399048 -20.0443497 -0.290499985
72.884697 -20.1802998 -0.196099997
72.9777985 -20.0930004 0.375
73.0166016 -39.8857002 0.596199989
73.0139694 -39.8865318 1.07739997
73.0152969 -39.6195984 0.581799984
73.0124969 -39.6612015 0.622399986
73.0456009 -39.6253014 0.801699996
73.0189972 -39.7532005 1.12454998
73.0304031 -39.2150002 0.631299973
73.0341034 -39.0809479 1.04769993
73.0084 -38.8857994 0.560100019
73.0390015 -38.8110008 0.629599988
73.014801 -38.8218994 1.01810002
73.0083008 -38.7271004 1.028
73.0236969 -38.4131012 0.741900027
73.0481033 -38.4432983 0.974099994
73.0049973 -38.2246017 1.0309
73.0078964 -38.1380005 -0.807799995
73.0141983 -38.1903 0.943799973
73.0033035 -38.1652985 1.02110004
73.0669022 -37.9243011 0.97359997
73.0550995 -37.7168999 0.9824
73.1212997 -37.4454002 0.954200029
73.03685 -37.3355484 0.567999959
73.0422974 -37.3270988 0.980199993
73.0305023 -37.1580009 0.958350003
73.0150986 -36.9768982 0.967100024
73.0908051 -36.9491005 2.31960011
73.033699 -36.7714996 0.943300009
73.058403 -36.6459007 1.04990005
73.0567474 -36.5270996 0.934300005
73.0447006 -36.5996017 2.24979997
73.0106964 -36.285099 0.247700006
73.0500031 -36.3002014 0.720749974
73.0661469 -36.2969513 0.906700015
73.072998 -36.0551987 0.67809999
73.0953522 -35.9786987 0.928449988
73.0474014 -35.6291008 0.955799997
73.0330963 -35.4903984 0.450100005
73.0710983 -35.5649986 0.934300005
73.030899 -35.3816986 0.942250013
73.0412979 -35.1043015 0.581499994
73.0313034 -35.0988007 0.693199992
73.0316315 -35.0726013 0.896766663
73.0231018 -34.9422989 0.899600029
73.0726318 -34.8509331 1.04113328
73.0477982 -34.8625984 1.30780005
73.0687027 -34.8516998 1.42009997
73.0050964 -34.8350983 5.31260014
73.0811996 -34.7919006 0.999199986
73.0356445 -34.7387009 1.13785005
73.0097046 -34.7260513 1.23690009
73.0958023 -34.6269989 2.18239999
73.0018997 -34.7830009 5.01480007
73.0922012 -34.5129013 4.95769978
73.0215988 -34.3698006 2.42120004
73.0140991 -34.0486984 0.505800009
73.0388641 -34.1454659 0.8998667
73.1074982 -34.0077019 2.56130004
73.0117035 -33.9488983 0.414400011
73.0086975 -33.7658997 0.39230001
73.004097 -33.6066017 0.411500007
73.0579529 -33.6910019 0.867950022
73.0158005 -33.3022995 0.595200002
73.0809021 -33.2422981 4.3434
73.0565033 -33.0344009 -0.0960000008
73.0298004 -33.0145988 0.83160001
73.0086975 -32.9496002 0.563799977
73.0445023 -32.8100014 0.736800015
73.0283966 -32.8807983 0.805999994
73.0033035 -32.7823982 0.82889998
73.0314026 -32.4165993 0.323700011
73.0020981 -32.5057487 0.720149994
73.0510025 -32.5163994 2.53900003
73.0046005 -32.3792 0.325300008
73.0743713 -32.310051 0.762825012
73.0344009 -32.1833 0.739799976
73.1527023 -32.0005989 2.36319995
73.1072006 -31.8628006 0.540600002
73.0432281 -31.857151 0.701049984
73.0707016 -31.9080009 0.806800008
73.060997 -31.6163006 0.681599975
73.1075974 -31.5407009 0.335200012
73.0628967 -31.5897007 0.763499975
73.0795364 -31.2728672 0.736766636
73.1025009 -31.1396008 0.74940002
73.1569977 -30.9615993 1.85280001
73.0243988 -30.7758999 0.387800008
73.0190659 -30.7376328 0.447366655
73.0440216 -30.6997509 0.694074988
73.0787964 -30.7493992 1.88600004
73.072998 -30.4340992 -0.323500007
73.0466003 -30.4591007 0.288899988
73.0575638 -30.4881992 0.703833342
73.1741028 -30.4720001 1.91429996
73.1473007 -30.3920002 0.554899991
73.0376968 -30.2301998 0.72359997
73.0348969 -30.1233997 0.307999998
73.0323029 -30.0522995 0.78640002
73.1262512 -30.1329002 1.73977494
73.0017014 -29.9223995 0.389400005
73.0632477 -29.89575 0.499000013
73.0547028 -29.8309002 0.738099992
73.0388031 -29.8848495 1.87835002
73.1014023 -29.6065998 0.593999982
73.0578308 -29.7277489 0.672783315
73.0850525 -29.6908989 1.55404997
73.1335983 -29.7383995 1.78349996
73.0700226 -29.6877251 1.90772498
73.0062027 -29.5226994 -0.211400002
73.0016022 -29.4150009 0.693499982
73.1137009 -29.5400505 2.10640001
73.1750031 -29.5189991 4.39209986
73.1372986 -29.3236008 0.705900013
73.1450043 -29.2857494 1.69895005
73.0343018 -29.2715664 1.91976666
73.1046982 -29.2816334 2.1129334
73.1288986 -29.2175999 4.09749985
73.1100998 -29.0909328 1.73803329
73.0623016 -29.0513992 1.95020008
73.0447693 -29.129734 2.10666656
73.0164948 -28.841301 0.35860002
73.0048981 -28.8490009 0.577300012
73.0178986 -28.8682003 0.653299987
73.1152039 -28.9485016 1.55274999
73.098053 -28.9343987 2.09375
73.0457001 -28.9272003 2.22909999
73.1852036 -28.8281994 2.41829991
73.0707016 -28.7495995 2.22429991
73.1084671 -28.6919346 2.45436668
73.0764999 -28.5550995 2.45659995
73.0645981 -28.3288994 0.561399996
73.0082016 -28.3955002 0.685400009
73.1193008 -28.3696003 2.62299991
73.0706024 -28.1492996 -1.02540004
73.0202026 -28.0667992 -0.627900004
73.0217438 -28.0914993 0.121900007
73.0550003 -28.1718006 0.628499985
73.0441513 -28.1089497 1.95484996
73.1521683 -28.0182343 2.10366678
73.0267029 -27.9379997 0.188199997
73.009903 -27.8234005 0.594399989
73.1138458 -27.8851013 1.89174998
73.0842514 -27.9218006 2.13509989
73.1186981 -27.8012009 2.52090001
73.0251999 -27.6678009 -1.48409998
73.0761032 -27.7565994 0.225700006
73.0473022 -27.7401009 0.659600019
73.1511993 -27.7502995 1.97950006
73.0167999 -27.6508007 2.08675003
73.0190964 -27.4286003 1.78919995
73.0353012 -27.5781002 1.99810004
73.0186996 -27.5407009 2.16350007
73.0185013 -27.5328999 2.32450008
73.1198502 -27.3986492 1.95249999
73.0671005 -27.3892002 2.29990005
73.0784988 -27.0748997 1.75150001
73.0820694 -27.1229668 1.95710003
73.1651993 -27.1975002 2.10150003
73.0518036 -26.9923992 0.121100001
73.020401 -26.9423008 0.553300023
73.1513977 -26.8467007 0.984700024
73.0323029 -26.9368 1.32570004
73.0808029 -26.9519997 1.63339996
73.0037003 -26.7826004 0.552900016
73.1573486 -26.7192497 1.12535
73.0504532 -26.6782494 1.27330005
73.1984482 -26.4976501 1.13045001
73.1649017 -26.4967995 1.29489994
73.0615997 -26.4520493 1.45675004
73.1034012 -26.2401009 1.11930001
73.1274261 -26.3083248 1.26874995
73.141098 -26.2609997 1.40260005
73.1519012 -26.0445004 -1.20369995
73.0314026 -26.0832996 -0.933899999
73.0318985 -26.0554008 -0.672399998
73.1329041 -26.1781998 1.15579998
73.0255966 -26.1544991 1.37230003
73.0171967 -25.8544006 -0.739199996
73.0002975 -25.9190006 0.554099977
73.0851974 -25.7240009 -0.485000014
73.0223999 -25.5795002 0.198799998
73.0105972 -25.5311012 0.529200017
73.0988235 -25.4420509 1.07245004
73.1282043 -25.5261497 1.34934998
73.0835037 -25.4601994 1.42990005
73.0233459 -25.29035 0.514400005
73.0288239 -25.2809753 1.07922506
73.0619736 -25.3040504 1.29530001
73.0939026 -25.3409004 1.43436658
73.0662003 -25.184 1.18540001
73.0140991 -25.1989002 1.45459998
73.0056 -24.8731995 -1.06140006
73.0615005 -24.918499 0.476200014
73.0645981 -24.8799 1.17400002
73.15345 -24.847599 1.31984997
73.0514984 -24.8924007 1.50469995
73.1125946 -24.6385498 1.15149999
73.1015015 -24.7665005 1.25090003
73.0366974 -24.7637997 1.44729996
73.0223541 -24.4481506 0.0830999985
73.0462036 -24.5148506 0.53184998
73.0671997 -24.5060997 0.852599978
73.0704498 -24.5758514 1.07075
73.0744019 -24.2049007 0.932299972
73.0262985 -24.1900997 0.377600014
73.0285645 -24.1368999 0.491333336
73.1196976 -24.1550007 0.693899989
73.1352005 -24.1077995 0.938199997
73.1052017 -24.0944004 1.06459999
73.0054016 -23.9682999 0.489800006
73.0363998 -23.6932335 0.486366659
73.1359024 -23.7586994 1.15279996
73.1167984 -23.7872009 1.30250001
73.0888977 -23.4962997 0.280000001
73.051651 -23.4365997 0.457075
73.1003036 -23.2231007 0.057500001
73.0731964 -23.2283993 0.396899998
73.0802002 -23.3120995 0.438899994
73.1431503 -23.3542995 1.16065001
73.0995331 -23.2801666 1.26673329
73.1224976 -23.2398491 1.43739998
73.1740494 -23.0985508 1.45335007
73.0486984 -22.896101 0.443666667
73.0372009 -22.6096001 -0.0203000009
73.0737991 -22.6030998 0.361999989
73.0475311 -22.673233 0.465433329
73.0302353 -22.3332672 0.0868000016
73.0198059 -22.3592987 0.325949997
73.0296021 -22.0310001 0.392399997
73.0576019 -22.1236 0.436500013
73.0020981 -21.8213005 -0.0807000026
73.0139999 -21.8736 0.4639
73.0690994 -21.7593002 -0.430000007
73.0558014 -21.7474995 0.396400005
73.0082016 -21.5004997 -0.710399985
73.0158997 -21.4837494 -0.0700000003
73.0129013 -21.4302006 0.189199999
73.0555496 -21.4349499 0.343899995
73.0225983 -21.3139992 0.415899992
73.0373993 -21.1774998 -1.83420002
73.0381012 -21.0837994 -0.103699997
73.0073013 -21.1133003 0.368299991
73.0591965 -20.8234005 -0.0842999965
73.0050964 -20.9480991 0.422100008
73.0073013 -20.6368999 -0.0656000003
73.0495987 -20.6175995 0.370799989
73.0105972 -20.5445004 0.152899995
73.0195999 -20.4724998 0.267800003
73.0002975 -20.0440006 0.252099991
73.211998 -36.9494019 2.3908
73.3480988 -35.4822998 2.24659991
73.3462982 -35.3530998 2.24550009
73.2556 -34.9085999 1.99820006
73.3416977 -34.4910011 2.04150009
73.2606964 -32.2830009 4.65509987
73.3834 -32.0970993 2.28340006
73.2173004 -31.8889999 4.66720009
73.3423004 -30.0995007 1.51349998
73.2488022 -30.0571003 1.65030003
73.3535995 -30.0149994 5.67350006
73.2142029 -29.8881989 1.53375006
73.2771988 -29.9272003 1.77900004
73.2442017 -29.9130993 1.81630003
73.2058029 -29.8782997 2.1486001
73.3108368 -29.7362671 1.47486663
73.3748474 -29.6226006 1.94959998
73.3852005 -29.5636997 1.9648
73.3033981 -29.5440998 2.09433341
73.3451996 -29.2474003 2.28209996
73.2686005 -29.1884003 2.17619991
73.3291473 -28.9750004 2.25115013
73.3451004 -28.7994003 2.39890003
73.2098999 -28.5048008 2.1336
73.3338013 -28.4489994 2.36199999
73.294632 -27.9448662 1.92963326
73.3432007 -27.6072006 1.79630005
73.3890991 -27.7913513 1.84439993
73.2488022 -27.5247002 1.7931
73.2893677 -27.4612999 1.85010004
73.2738342 -27.4776001 2.32203341
73.3727036 -27.3199005 1.78120005
73.3039017 -27.3097 1.84060001
73.2854996 -27.1345005 1.84449995
73.3001709 -26.8412342 1.06833339
73.3880997 -26.8031006 1.22850001
73.310997 -26.6371002 0.995299995
73.3550491 -26.6889992 1.09995008
73.3197479 -26.7064514 1.24635005
73.3718033 -26.4778996 0.967100024
73.307251 -26.53335 1.11544991
73.229599 -26.456234 1.23870003
73.3031006 -26.2577 1.06219995
73.3675537 -25.8913002 1.11329997
73.3721008 -25.6690674 1.15320003
73.3271637 -25.7199345 1.33403337
73.2040024 -25.4342003 1.18060005
73.2332993 -25.5776997 1.26779997
73.262001 -25.5321999 1.40100002
73.2443542 -25.3591995 1.32439995
73.2876434 -25.0604496 1.21359992
73.2662964 -24.8188992 0.865199983
73.2886734 -24.8375244 1.0708499
73.3028564 -24.8973007 1.23360002
73.2231979 -24.6870003 0.971400023
73.3554001 -24.78405 1.0474
73.2478027 -24.0625496 0.787899971
73.2009964 -24.0548992 0.813199997
73.3218536 -23.8797989 0.948099971
73.3544006 -23.8757992 1.08580005
73.3795013 -23.7495003 0.795099974
73.3508987 -23.7446003 0.916599989
73.2268982 -23.7040005 1.31710005
73.2600021 -23.0100994 1.46490002
73.3110962 -22.9762993 1.48269999
73.5278015 -35.714901 2.14039993
73.4413986 -35.5555992 2.19140005
73.4375 -34.8815994 1.88199997
73.5950012 -34.4202003 1.92990005
73.4409027 -34.4003983 2.04550004
73.4246979 -34.5619011 5.19589996
73.5475006 -34.3970985 1.82550001
73.5302963 -34.3711014 2.0388
73.4729004 -34.2612 4.78079987
73.5081024 -33.6344986 2.67820001
73.5186996 -32.4112015 4.46339989
73.4618988 -32.0265007 1.54949999
73.4173965 -32.0164986 1.68669999
73.4810028 -31.8118992 1.54390001
73.5531006 -31.7497997 1.57509995
73.5569992 -31.6905994 1.62370002
73.5018997 -30.5571003 1.70029998
73.4829025 -30.4150009 6.06279993
73.4309998 -30.3925991 1.70650005
73.4326019 -30.1385002 1.56185007
73.4918976 -30.0363998 1.66910005
73.402298 -29.8834991 1.64339995
73.4672012 -29.5916996 1.95669997
73.5482025 -29.5074005 4.55410004
73.4953003 -29.2422981 2.29159999
73.5669022 -28.9419994 2.24049997
73.5209656 -28.6476002 2.06690001
73.430397 -28.6641006 2.3276
73.4179001 -28.5408993 1.99059999
73.4889984 -28.4655991 2.06019998
73.4700012 -28.1807995 2.21269989
73.4400482 -27.91395 1.83829999
73.4573975 -27.7117004 1.76250005
73.4201965 -27.6278 1.8585
73.4935455 -27.5364494 1.71539998
73.4830017 -27.2229004 1.55630004
73.4580231 -27.3005199 1.72994006
73.4660645 -27.2548332 2.25290012
73.5991974 -27.2591 2.4289999
73.540802 -26.8932991 1.1142
73.5093307 -26.8504333 1.2823
73.5893478 -26.90555 1.49014997
73.4908981 -26.6235008 0.949299991
73.4088974 -26.6620998 1.32770002
73.5166016 -26.7711983 1.43130004
73.4423981 -26.5373001 0.917199969
73.5065002 -26.0468006 1.23860002
73.5287552 -25.8943005 1.09010005
73.5106964 -25.9097996 1.29190004
73.4237366 -25.7467995 1.13723338
73.4054031 -25.6930008 1.48389995
73.424202 -25.7928009 1.61179996
73.5302963 -25.5953007 1.0546
73.4938965 -23.8414993 0.789499998
73.4426498 -23.7632999 0.987650037
73.4372635 -23.7599659 1.06330001
73.6894989 -35.8726006 2.12159991
73.7923965 -35.0646019 1.90970004
73.6824493 -35.0601501 2.11089993
73.6805496 -34.9513474 1.66930008
73.667099 -34.9300499 1.92264998
73.6029968 -34.4399986 1.77520001
73.7828979 -33.8991013 1.45529997
73.6138 -33.8401985 1.85420001
73.7011032 -33.1491013 2.06719995
73.7835999 -32.8424988 1.83440006
73.6007996 -32.1492004 2.19740009
73.6710968 -30.2563 1.58829999
73.7752991 -30.267601 1.72479999
73.6530991 -30.1032009 1.91840005
73.68573 -29.1082993 2.14759994
73.7204437 -28.9282494 2.10634995
73.7926025 -28.6254005 1.98459995
73.7184982 -28.7595501 2.06005001
73.6998978 -28.6404991 2.41869998
73.7690964 -28.3924999 1.86870003
73.7097015 -28.2912331 2.03153324
73.6880035 -28.1835995 2.47550011
73.6399002 -27.6082001 2.33599997
73.6334 -26.9664993 1.30089998
73.7192001 -26.9297009 1.4095
73.6975021 -24.1991005 1.54390001
73.9776001 -37.0047989 2.0848
73.9837036 -36.9492493 2.0553
73.9582977 -36.6294479 1.95180011
73.9217529 -36.6505013 2.09969997
73.9580002 -36.5003014 1.93463337
73.9286041 -36.5361671 2.05436659
73.9308472 -36.4825516 2.23510003
73.9138947 -36.3039474 1.87304997
73.924263 -36.3415985 2.08277988
73.9499969 -35.9872971 1.57210004
73.9272003 -35.9389992 1.60309994
73.9367523 -35.8375511 2.05285001
73.9240036 -35.7528 1.65620005
73.9620972 -35.4721985 1.9497
73.8026962 -35.5848999 2.26160002
73.9175034 -35.3216019 2.0158999
73.8181458 -35.0517006 1.94140005
73.8976974 -35.1870003 2.00029993
73.8830032 -34.9356003 1.67490005
73.8826447 -34.8780518 1.83174992
73.9970016 -34.6874008 1.99170005
73.9953995 -34.0517006 1.54159999
73.9077988 -34.0629005 1.93050003
73.8822021 -34.1609993 2.33979988
73.992897 -33.9201012 1.48370004
73.9953003 -33.6810989 1.42639995
73.8462982 -33.5357018 2.30690002
73.8659973 -32.5083008 1.81340003
73.8494034 -32.3586998 1.89619994
73.9661026 -30.4615002 1.73909998
73.9221039 -30.1514492 1.70494998
73.8272018 -29.9818993 1.78900003
73.8209 -29.0596008 2.00550008
73.9274368 -28.9341393 2.06022
73.8837967 -28.6546993 1.95379996
73.8701324 -28.5000668 1.90913332
74.0944977 -37.0366974 2.08964992
74.0765686 -36.8145981 1.9109
74.0223999 -36.8490982 2.01600003
74.0496674 -36.7373314 2.03536654
74.0926514 -36.4355507 1.84035003
74.1541519 -36.3132515 1.73734999
74.0896988 -36.3802986 1.93470001
74.0398483 -36.2756004 2.13960004
74.142395 -36.3046494 2.24084997
74.1576004 -36.0359993 1.71689999
74.0999985 -36.1390495 1.89505005
74.055954 -36.150074 2.02697492
74.080368 -36.141468 2.26213336
74.0947037 -35.9645996 1.27100003
74.1028976 -35.8720322 1.51905
74.1015015 -35.8067017 1.6221
74.0834351 -35.9117317 1.93180001
74.0592499 -35.9397507 2.06659985
74.1996994 -35.7899017 1.52339995
74.1399536 -35.6458511 1.77314997
74.1728973 -35.6264 1.97179997
74.0755997 -35.4855003 1.75689995
74.0379028 -35.4478989 1.90719998
74.1657333 -35.0495338 1.4768666
74.189003 -35.1096001 1.6688
74.0734024 -35.1983986 1.8362
74.1263199 -34.8888397 1.50557995
74.0991516 -34.8136978 1.66330004
74.1184006 -34.789299 1.55079997
74.052948 -34.6743011 1.88600004
74.0506973 -34.7431984 2.02040005
74.1136475 -34.4281502 1.84469998
74.143898 -34.2710991 1.81009996
74.0975037 -34.0583 1.69920003
74.0827026 -34.1080017 1.81780005
74.1151505 -33.9060516 1.48236668
74.080246 -33.8812485 1.65735006
74.0910034 -33.7235985 1.34893334
74.1270981 -33.7989006 1.56879997
74.0451965 -33.5929985 1.33379996
74.1493988 -33.5807991 1.43369997
74.013298 -33.2402687 2.04570007
74.1223984 -33.0047989 1.76549995
74.1763382 -33.0914001 1.84276664
74.1111984 -33.1407013 2.06049991
74.1715012 -28.8717003 1.74310005
74.0566025 -28.905899 1.84979999
74.0033035 -28.8568993 2.03390002
74.112648 -28.7361488 1.86759996
74.1882019 -28.5807991 1.77049994
74.1365967 -28.5919495 1.88139999
74.1650009 -28.2963676 1.87266672
74.097702 -24.3027 1.81079996
74.3181992 -36.8484001 2.01600003
74.2506027 -36.6175003 1.6566
74.3229523 -36.663353 1.94460011
74.2321014 -36.6399994 2.0381999
74.2812042 -36.5410004 1.56684995
74.3112488 -36.5533524 1.67390001
74.2718048 -36.499649 1.85595
74.365303 -36.3311005 0.961399972
74.3597488 -36.2433014 1.06309998
74.2375336 -36.3452682 1.68456674
74.2921524 -36.3747025 1.84885001
74.3609543 -36.1107483 0.972824991
74.3166656 -36.0969658 1.10283327
74.2891998 -36.1405983 1.67980003
74.3027039 -35.9408989 1.13875008
74.3193359 -35.8557358 1.301
74.2863007 -35.8358498 1.51099992
74.2901001 -35.8316002 1.66429996
74.3376999 -35.7384491 1.37960005
74.2619019 -35.7266998 1.54715002
74.2463989 -35.6669998 1.69270003
74.2877502 -35.7099991 1.84104991
74.2639999 -35.6759987 2.03309989
74.2838974 -35.550499 1.61220002
74.2382965 -35.5672989 1.85959995
74.2891541 -35.2709503 1.72255003
74.3450317 -35.0385666 1.13820004
74.2846222 -35.0445786 1.27906001
74.3814011 -35.1983986 1.42340004
74.3699036 -35.1980019 1.64479995
74.3408966 -34.9317017 1.12864995
74.271637 -34.9186668 1.37520003
74.2639999 -34.7999001 1.54799998
74.3254013 -34.4584999 1.68939996
74.319603 -34.3937988 1.58800006
74.2070999 -34.2999001 1.73989999
74.2490997 -34.1492004 1.61629999
74.267601 -33.8210983 1.03139997
74.3708344 -33.9303665 1.27296662
74.2792969 -33.9986992 1.43509996
74.3479004 -33.9085007 1.77359998
74.2485962 -33.7883987 1.27709997
74.3635025 -33.7756996 1.49699998
74.311203 -33.7610016 4.29250002
74.3170013 -33.5601006 1.32149994
74.2029037 -33.3497009 2.10870004
74.3787994 -33.1664009 1.87650001
74.2570038 -31.8271999 2.07189989
74.3389969 -29.1079998 1.73909998
74.2955017 -29.0226994 1.83829999
74.2444458 -28.8722496 1.69799995
74.2366486 -28.7268257 1.76725006
74.2029037 -28.5662003 1.79630005
74.249649 -28.2737503 1.78485
74.2172012 -28.2859993 1.87090003
74.5566483 -36.8524017 1.94564998
74.5121002 -36.9104996 2.05472493
74.5501251 -36.7130508 1.89982498
74.4577026 -36.6727982 2.01609993
74.5232697 -36.5393257 1.93169999
74.4542999 -36.5632019 2.19930005
74.4524002 -36.4687004 2.25370002
74.4577026 -36.2491989 0.846700013
74.5510025 -36.3838997 1.11059999
74.5848999 -36.282299 1.93369997
74.4216995 -35.8535995 1.47249997
74.5846024 -35.6250992 1.74300003
74.4160995 -35.7419014 2.06920004
74.4257965 -35.2458 1.6753
74.4069977 -35.3558998 1.86720002
74.4329987 -35.0147018 0.999300003
74.4109497 -35.0489006 1.29489994
74.446434 -35.1163673 1.45420003
74.4326248 -34.9160767 1.07987499
74.4825974 -34.9146996 1.90649998
74.4160995 -34.5046005 1.69869995
74.4487 -34.2015991 1.40639997
74.4833679 -34.2755013 1.68336666
74.4838028 -34.042099 1.30560005
74.574501 -34.1311989 1.53579998
74.4836502 -33.8692474 1.288275
74.4060059 -33.9679489 1.46155
74.4060974 -33.8745003 1.90180004
74.4920959 -33.8459015 2.13985014
74.4910583 -33.761219 1.29473996
74.5383987 -33.797699 2.07450008
74.5478668 -33.5400009 1.30649996
74.566803 -33.5072021 1.48195004
74.5372009 -33.4763489 2.1322999
74.5958023 -33.292099 1.46469998
74.5267029 -33.226799 1.92089999
74.4682007 -33.3928986 2.06739998
74.5925446 -33.1076508 1.50569999
74.5482025 -33.1139984 1.69140005
74.4147034 -33.1082993 1.8125
74.585701 -32.9830017 1.56110001
74.4925003 -29.0741005 1.65409994
74.4093018 -29.0631008 1.89820004
74.6387024 -37.2238998 2.10599995
74.6289368 -37.1692657 2.08256674
74.6132965 -37.1463013 2.27589989
74.6107025 -36.9126015 2.17610002
74.6474991 -36.8709984 2.23250008
74.7350006 -36.4224014 2.48839998
74.6484985 -36.3199005 2.31960011
74.6972961 -35.9150467 1.78684998
74.6465988 -35.9146996 2.16989994
74.7357025 -35.6480675 1.71863329
74.6950989 -35.5676994 1.80949998
74.6484985 -35.2186012 1.35370004
74.7387543 -35.2812996 1.4849
74.7090454 -35.3071976 1.64184999
74.6172028 -35.0223007 1.35780001
74.7080002 -35.1456528 1.51625001
74.6984024 -35.1199036 1.62785006
74.6167984 -34.905899 1.44599998
74.7265015 -34.0708008 1.80480003
74.6774979 -33.9789009 1.16680002
74.7530518 -33.6774979 1.45079994
74.7539978 -33.6435013 1.91100001
74.7505035 -33.5788994 1.18159997
74.6612015 -33.4262009 1.35839999
74.6437988 -33.4089012 1.48459995
74.6135025 -33.4219017 1.67690003
74.7449951 -33.5382004 1.8989501
74.7101517 -33.3453522 1.39219999
74.6797943 -33.3500519 1.41925001
74.6500015 -33.3224983 1.77090001
74.6567612 -33.0811005 1.53143334
74.6303024 -33.1523018 1.64649999
74.6965027 -32.8521996 1.62090003
74.8415985 -36.1903992 1.74409997
74.9913025 -36.1357002 2.10050011
74.8558502 -35.8560486 1.73594999
74.9431 -35.7169991 1.6523
74.9437637 -35.4481659 1.56910002
74.9387054 -35.314003 1.53610003
74.8902969 -35.3125992 1.6365
74.873703 -33.5237007 1.12724996
74.8865204 -33.4841995 1.29390001
74.8212967 -33.5073013 1.56529999
74.8003006 -33.5844994 2.25620008
74.9617004 -33.2761002 1.18529999
74.8070984 -33.2974014 1.41600001
74.8005981 -33.2881012 1.77479994
74.914299 -33.3506012 1.89684999
74.8004456 -33.1910477 1.63400006
75.0067978 -36.243 1.73249996
75.1093979 -36.2247009 2.0466001
75.183403 -36.0185013 1.70930004
75.1815948 -35.9588013 1.53310001
75.1303558 -35.9804497 1.7200501
75.1216965 -35.889801 2.0855
75.0019989 -35.6839981 1.64400005
75.0339966 -35.5828018 1.55599999
75.1082993 -35.2460022 1.54616666
75.0987015 -35.1290016 1.52709997
75.1213989 -35.1153984 1.64049995
75.0100021 -33.6119003 1.90849996
75.0441971 -33.4901009 1.01820004
75.1335983 -33.5153008 1.7378
75.1484985 -33.4939995 1.91129994
75.1212006 -33.3093987 1.26250005
75.0451965 -33.2066002 1.86259997
75.1345978 -32.5942993 2.1243
75.155098 -32.5513 2.6027
75.3906021 -36.4141998 1.96249998
75.3379974 -36.3939018 2.0323
75.2249985 -36.0969009 1.56079996
75.3117981 -36.1026001 1.76709998
75.2480011 -35.9642982 1.51199996
75.2360992 -35.6211014 1.37940001
75.3716965 -35.7196007 1.41820002
75.2475967 -35.5360985 1.55499995
75.2945023 -35.2904015 1.38460004
75.3600006 -35.3362999 1.41770005
75.2721481 -35.0470505 1.53980005
75.3044968 -33.6954002 1.57860005
75.2751999 -33.542099 1.59420002
75.3515015 -33.3102493 2.02880001
75.2521973 -33.2468987 2.5237999
75.3843002 -33.1862984 2.36570001
75.2130966 -32.5712013 2.17359996
75.5484009 -36.7004013 2.12039995
75.4898987 -36.6026993 2.24650002
75.4673996 -36.4916 1.96440005
75.4743958 -36.571434 2.02213335
75.4955978 -35.6072998 1.34630001
75.4601288 -35.3303261 1.31472492
75.4229965 -35.2290001 1.62129998
75.4515991 -35.0893478 1.42904997
75.4464493 -33.2748489 2.13094997
75.528801 -33.1888008 2.36360002
75.6279984 -36.7139015 2.05809999
75.6371994 -36.7602501 2.25269985
76.2870026 -20.4626007 0.52306664
76.2978973 -20.4092007 0.67900002
76.2294006 -20.2933006 0.418500006
76.3862991 -20.2686005 0.725099981
76.2689972 -20.0086002 0.377099991
76.3902969 -20.1411991 0.60589999
76.5833969 -21.6452999 7.17910004
76.5418015 -21.4925995 7.00839996
76.5242004 -21.4071007 7.28999996
76.512001 -21.3314991 6.9671998
76.5591965 -21.3024006 7.36359978
76.5932007 -21.1285 1.03100002
76.5311966 -21.1506004 7.39799976
76.5494003 -20.4782333 0.685433328
76.5703964 -20.5060997 0.906700015
76.4644012 -20.2500992 0.0883999988
76.4336014 -20.2282486 0.54914999
76.5328217 -20.3458996 0.706349969
76.4785995 -20.0118008 0.663200021
76.7996979 -21.6399994 6.97069979
76.6563034 -21.4510994 6.8762002
76.6430969 -21.4547997 7.03179979
76.6898041 -21.2337494 0.865750015
76.7552032 -21.3148003 1.11469996
76.7432022 -21.2206993 1.62100005
76.6910019 -21.2173996 1.86580002
76.6669998 -21.2707996 6.91169977
76.6756363 -21.1242332 0.514166653
76.6500015 -21.0908146 0.700171411
76.6856689 -21.0902996 0.825733364
76.658699 -21.1427994 1.14633334
76.7261047 -21.1483002 1.3312
76.6519623 -21.1095333 1.52383327
76.7405319 -21.1385002 1.73216665
76.6846008 -21.115799 1.87312496
76.7082367 -21.0837669 2.10780001
76.6843491 -21.0949497 2.47382498
76.7193985 -21.0277996 3.39910007
76.7186508 -21.0480995 3.5230999
76.7090454 -21.0340996 3.68109989
76.7782974 -21.1392994 4.14319992
76.7115021 -21.0869999 4.796
76.7539978 -21.0081005 6.65910006
76.6607513 -21.1191998 6.87814999
76.7317963 -21.0569 7.38749981
76.6490021 -20.9592991 0.486600012
76.6538315 -20.9039669 0.6771667
76.6560211 -20.8842411 0.886380017
76.6665039 -20.8507004 1.12829995
76.6611023 -20.8747673 1.29023337
76.6945267 -20.8785744 1.53299999
76.6690063 -20.9335499 1.65125
76.6796341 -20.9015007 1.91533327
76.6928329 -20.8943672 2.08556652
76.7304306 -20.9376011 2.36129999
76.6885986 -20.8869343 2.53983331
76.6847 -20.9272003 2.71825004
76.6982498 -20.9612007 3.04655004
76.7355957 -20.8740501 3.50655007
76.7531967 -20.8838997 3.66680002
76.6691971 -20.8250008 3.88960004
76.7753983 -20.9325008 4.17280006
76.6941528 -20.9815006 4.29874992
76.7612 -20.8073997 4.96689987
76.7181549 -20.948101 5.07509995
76.7619019 -20.9654007 5.50930023
76.7855988 -20.875351 5.90490007
76.7711029 -20.8824997 6.29559994
76.7361526 -20.8813 6.64190006
76.7927017 -20.9445 6.8059001
76.7490997 -20.9783001 7.15530014
76.7919998 -20.8435993 7.35640001
76.6536026 -20.8285999 7.54629993
76.7918015 -20.8106003 8.82689953
76.6981049 -20.6728497 0.51819998
76.6679993 -20.6588001 0.708500028
76.6911316 -20.7609997 0.907033324
76.665741 -20.6830997 1.06360006
76.6741943 -20.7199993 1.31424999
76.6834488 -20.7557507 1.47315001
76.6807709 -20.6984005 1.68973339
76.695343 -20.7435989 1.86105001
76.7001038 -20.7583008 2.08759999
76.7118988 -20.7786999 2.3434999
76.7554016 -20.6947002 2.82980013
76.7272034 -20.6278 3.02399993
76.7238998 -20.7009335 3.29246664
76.7092972 -20.7486 3.46029997
76.7369003 -20.7719002 3.60829997
76.7373734 -20.7119579 3.90947151
76.7416 -20.6856995 4.11199999
76.7422028 -20.7863007 4.36990023
76.7556 -20.7108002 4.49940014
76.7437973 -20.7350998 5.44189978
76.7264557 -20.6541004 5.72500038
76.7325974 -20.6457996 6.07969999
76.7191467 -20.6432495 6.92460012
76.7441635 -20.7266006 7.50413322
76.7602005 -20.7219505 8.33564949
76.7557983 -20.6016006 10.3188
76.6828995 -20.5079994 0.717199981
76.6607513 -20.4759007 0.938799977
76.6808472 -20.5272999 1.08139992
76.6874008 -20.4709663 1.30589998
76.6873016 -20.5878506 1.53550005
76.6795044 -20.4662666 1.72126663
76.7098007 -20.5575008 1.84210002
76.6887741 -20.486351 2.09594989
76.7283478 -20.5153999 2.33925009
76.6894531 -20.4611511 2.54410005
76.6962967 -20.5179996 2.78970003
76.7128448 -20.4382496 2.92425013
76.7403488 -20.4357491 3.09264994
76.711853 -20.4895515 3.32669997
76.7242966 -20.506134 3.68863344
76.7623978 -20.5345001 4.08549976
76.7459564 -20.5805511 5.7418499
76.7739029 -20.5368004 5.97389984
76.7565002 -20.5359001 6.32299995
76.7500458 -20.5026493 6.75110006
76.7519989 -20.5415001 7.954
76.790802 -20.5851994 12.2049999
76.7918015 -20.4337006 14.6086998
76.6577988 -20.5380001 14.9806995
76.6179047 -20.3236504 0.765799999
76.6790314 -20.3544674 0.864633322
76.6728516 -20.3322487 1.04925001
76.690155 -20.3712997 1.50825
76.6933441 -20.3090992 1.68245006
76.6891785 -20.3371258 1.88642502
76.7043762 -20.3330803 2.0998199
76.6769333 -20.2944336 2.30130005
76.694397 -20.3034 2.54200006
76.7253036 -20.3150997 2.74049997
76.7136002 -20.2884007 3.53839993
76.6981964 -20.2887001 3.85319996
76.7273026 -20.3458004 4.02790022
76.7639999 -20.2052994 4.27930021
76.7246552 -20.3447495 4.50615025
76.7686005 -20.2255001 4.79879999
76.697197 -20.3393993 4.92180014
76.7381363 -20.3197002 5.28369999
76.7319031 -20.2448997 5.59130001
76.6881027 -20.3899002 6.76779985
76.7695999 -20.2136993 6.80410004
76.720993 -20.3065987 7.16779995
76.6746979 -20.3640003 8.2677002
76.777298 -20.2591991 8.42310047
76.7322006 -20.2437992 8.7510004
76.748703 -20.3894005 9.83220005
76.6501999 -20.1151009 0.668600023
76.6646652 -20.0876827 0.906483352
76.6864014 -20.0854988 1.08675003
76.6953812 -20.1238995 1.34104002
76.6615677 -20.0801659 1.50683331
76.713768 -20.0333004 1.71809995
76.6652679 -20.1526337 1.9422667
76.7052002 -20.1494999 2.14980006
76.6991501 -20.1217499 2.33790016
76.7288513 -20.0940514 2.71194983
76.7053528 -20.1564999 2.80380011
76.7223969 -20.1507492 3.1487
76.7287521 -20.0431995 3.2335
76.7624054 -20.1177502 3.71495008
76.7295532 -20.1159 3.90705013
76.7492981 -20.1257 4.00570011
76.7705994 -20.1966 4.38649988
76.6817474 -20.0878983 4.47359991
76.7296982 -20.1310005 4.71685028
76.7589035 -20.0855007 4.97300005
76.7717972 -20.0144997 5.15299988
76.7680969 -20.0228996 5.48409986
76.7778015 -20.1404991 6.04839993
76.7488022 -20.0772991 6.86299992
76.7708969 -20.0676994 7.1413002
76.6190033 -20.0203991 7.45919991
76.7606964 -20.1301003 8.18789959
76.7902985 -20.1145992 8.43010044
76.7904968 -20.0653992 8.90869999
76.7755966 -20.1846008 14.6877003
76.6448975 -20.0748997 14.8240004
76.9596024 -22.2219009 1.60249996
76.9875031 -22.0254993 0.925300002
76.9360046 -22.08395 1.11774993
76.9266663 -22.1135998 1.3161
76.9232025 -22.0632515 1.50995004
76.9466019 -22.1133327 1.71459997
76.9584503 -22.0921516 1.92054999
76.9568024 -22.1765995 2.09249997
76.9625015 -22.0743999 2.21510005
76.9710007 -22.1002998 3.62730002
76.979599 -22.1781006 4.20620012
76.933197 -21.8719749 0.971825004
76.9197998 -21.8754673 1.13356674
76.9242477 -21.8838501 1.28364992
76.9648972 -21.8374004 1.40880001
76.9316025 -21.9256344 1.67009997
76.9503708 -21.9419003 1.89846671
76.9938965 -21.8813 2.1407001
76.9673996 -21.9750004 2.20149994
76.9716034 -21.9055004 2.43980002
76.9621964 -21.9766998 2.74160004
76.9761963 -21.9458008 2.89269996
76.9815979 -21.9444008 4.08570004
76.9935989 -21.8778992 4.4849
76.9328995 -21.9619007 7.36140013
76.8986969 -21.7511997 0.992200017
76.9323959 -21.6472664 1.15376663
76.8980026 -21.6203003 1.21940005
76.9459 -21.6434498 1.55495
76.9282608 -21.714241 1.68353999
76.9152527 -21.7090988 1.94860005
76.9568024 -21.7075005 2.05550003
76.9599991 -21.7082996 7.09609985
76.9179993 -21.4622002 0.997600019
76.921875 -21.4880753 1.12584996
76.9220963 -21.5459003 1.33720005
76.9473267 -21.4748993 1.51557505
76.9288025 -21.4936008 1.77900004
76.9334717 -21.4873505 1.862275
76.9752045 -21.4897499 2.06510019
76.982254 -21.5376015 2.30130005
76.9880981 -21.4669991 2.54419994
76.9584656 -21.4868679 3.93739986
76.9533997 -21.4144993 4.26359987
76.9968033 -21.5025005 4.43520021
76.9326019 -21.4717007 6.91550016
76.9375992 -21.2681675 0.694766641
76.9166489 -21.3400497 0.868600011
76.8880005 -21.2927494 1.09564996
76.9216995 -21.3233337 1.24876666
76.9295959 -21.3234997 1.4799
76.9613495 -21.2967987 2.05060005
76.8835983 -21.35005 2.52189994
76.9075012 -21.2441006 4.08820009
76.9593964 -21.3143997 4.46589994
76.8610992 -21.2236996 4.85020018
76.8031998 -21.3377991 6.94399977
76.8682022 -21.1989002 1.97739995
76.8202972 -21.1217499 2.2572
76.993103 -21.1669998 2.79690003
76.8880997 -21.1520004 2.98270011
76.9012985 -21.1035004 3.85840011
76.862999 -21.0086994 4.44950008
76.8756485 -21.0970001 5.68155003
76.8242035 -21.0300999 5.82749987
76.8988037 -21.1119003 6.29984999
76.9056015 -21.0522995 6.48810005
76.9789963 -21.1485996 6.66160011
76.8552017 -21.0293999 8.44769955
76.819046 -20.9032001 5.42705011
76.816597 -20.8325005 6.08230019
76.8228989 -20.8964996 6.28047514
76.8202057 -20.8534508 6.71689987
76.8284988 -20.9116001 6.95679998
76.9412994 -20.8817005 7.80439997
76.8228989 -20.8700008 8.13029957
76.8110962 -20.8407001 8.3980999
76.9031982 -20.8896999 8.53460026
76.8817978 -20.8166008 8.73649979
76.8508987 -20.9519997 8.86919975
76.9124985 -20.9349995 9.05140018
76.8840027 -20.8476009 9.4659996
76.8370972 -20.8593006 9.61279964
76.9252014 -20.8794003 10.7771997
76.9764557 -20.8861008 11.1347504
76.9806976 -20.8111 11.3532
76.9776993 -20.8859997 11.4787998
76.9518967 -20.8311996 11.7650003
76.8451004 -20.6401997 4.82840014
76.8108978 -20.7805004 5.93179989
76.8319016 -20.6005993 6.00699997
76.8181992 -20.6560001 6.49730015
76.8554993 -20.6042995 7.4375
76.9402008 -20.7840004 7.65479994
76.8455048 -20.7060013 8.08410072
76.8777008 -20.6634502 8.52435017
76.9064484 -20.705349 8.87605
76.8392944 -20.6202011 9.3104496
76.8600006 -20.7457008 9.41279984
76.8886032 -20.6889992 9.75580025
76.9197006 -20.7595997 9.85550022
76.8788986 -20.6909008 10.4062996
76.9112015 -20.7632008 10.9055996
76.9365997 -20.6919498 11.3566999
76.9077988 -20.6182003 12.3245001
76.9554977 -20.6325989 12.4672499
76.8724976 -20.6774006 12.7725
76.9689026 -20.7147007 12.9160995
76.9710999 -20.6415997 13.1701002
76.9852524 -20.6880989 13.4661999
76.9714966 -20.6371002 13.6597004
76.989502 -20.6191006 13.8502998
76.8247986 -20.6142998 14.04
76.8145981 -20.5098 5.36429977
76.8479004 -20.5153008 5.73920012
76.8435974 -20.4519501 5.9303503
76.8559036 -20.4228992 6.35710001
76.8225021 -20.5932999 7.33529997
76.8305054 -20.4875488 8.0539999
76.8423996 -20.5981998 8.3057003
76.8895035 -20.5990009 8.75809956
76.8719025 -20.4232006 8.8743
76.9339981 -20.5210991 9.36540031
76.8692017 -20.5792999 9.48385048
76.8531036 -20.4515495 9.72134972
76.9898987 -20.4696007 9.96140003
76.8751984 -20.4442997 10.3746996
76.9292984 -20.5669003 10.9914999
76.9618988 -20.4411507 11.1007004
76.8824005 -20.5774994 11.3822002
76.9430542 -20.5624504 11.5157499
76.9253998 -20.5563507 11.7483997
76.951355 -20.487999 12.2660999
76.9615479 -20.4206505 12.5257502
76.9224014 -20.5762997 12.6584997
76.9312973 -20.4967995 13.1896
76.9463043 -20.5578499 13.2957497
76.9819031 -20.5818005 13.5452003
76.9957428 -20.5000496 14.4948006
76.8369446 -20.5058498 14.7623501
76.9056015 -20.3581009 5.43739986
76.8367996 -20.3612003 6.87529993
76.8293991 -20.3920994 7.03599977
76.8205032 -20.3698006 7.29339981
76.8429031 -20.3535004 7.71490002
76.8003006 -20.2588997 8.01980019
76.9059982 -20.2465 8.20110035
76.8391037 -20.280899 8.76500034
76.8940964 -20.2567997 8.91779995
76.9737015 -20.3516006 9.19690037
76.8985519 -20.311451 9.29800034
76.8832016 -20.3038006 9.47630024
76.913147 -20.3299999 9.9952507
76.9080048 -20.28405 10.0629501
76.9030991 -20.2408009 10.4174995
76.8811035 -20.3283997 10.7754002
76.9218674 -20.3094673 10.9365997
76.9161377 -20.2688007 11.132967
76.9335022 -20.2161999 11.3401003
76.9761963 -20.2397003 11.4605999
76.9566498 -20.2979507 12.0788002
76.9899979 -20.2493992 12.2374001
76.9513016 -20.268734 12.4805002
76.9269333 -20.2613335 12.7232666
76.9527969 -20.3008995 13.1882
76.9383011 -20.2376003 13.6575003
76.9938965 -20.3736992 13.9450998
76.8135986 -20.0948009 6.25899982
76.8059006 -20.1590996 6.49234962
76.956398 -20.0083008 7.5532999
76.8470459 -20.1891518 7.7121501
76.827301 -20.0489998 7.85340023
76.8883972 -20.0228996 8.7244997
76.8384018 -20.1933002 8.91289997
76.8567963 -20.0337009 9.02330017
76.8228455 -20.1748009 9.3807497
76.9027023 -20.1518993 9.53269958
76.8253021 -20.0895004 9.85960007
76.9076996 -20.1480503 10.3197498
76.8585968 -20.0981007 10.5096998
76.9376984 -20.1344986 10.7330503
76.9143524 -20.1255493 10.9056501
76.9411011 -20.1606998 11.1694002
76.969902 -20.0214996 11.3827
76.925499 -20.1470985 11.4897499
76.9353027 -20.0755005 11.7727003
76.9403992 -20.1816006 12.0621996
76.9997025 -20.1928005 12.4912004
76.9980011 -20.0876999 12.8404999
76.8884964 -20.1625004 13.1410999
76.9399567 -20.0733986 13.4547005
76.8973007 -20.1746998 13.8839998
76.9862671 -20.1036663 14.1194
76.9381027 -20.0708008 14.4920998
76.8834 -20.1275997 14.6091003
77.0764999 -22.2178001 0.908100009
77.0297012 -22.2595005 1.07060003
77.0161972 -22.2511997 1.22160006
77.0699005 -22.2642994 1.75090003
77.129097 -22.2152004 2.25979996
77.1093979 -22.1506004 0.93652004
77.0251999 -22.0286999 1.51339996
77.0240936 -22.1207504 2.33345008
77.0635986 -22.0872993 3.06906676
77.052002 -22.0077991 3.37339997
77.0495987 -22.1000004 3.40179992
77.031395 -22.0581665 3.93779993
77.0224991 -21.8139 2.3671
77.0639343 -21.9466324 2.64933324
77.0194016 -21.8803005 2.83890009
77.037468 -21.8699665 3.10380006
77.0462036 -21.9454994 3.34840012
77.050766 -21.9221001 3.47416663
77.0185013 -21.9685993 3.84770012
77.0327454 -21.9490013 4.07565022
77.023201 -21.9356003 4.24160004
77.094902 -21.8386002 4.58960009
77.0719986 -21.8948994 4.9769001
77.1304016 -21.9211998 5.33669996
77.1121979 -21.8834991 5.51270008
77.1248016 -21.8777504 5.95269966
77.0858002 -21.9512997 6.08389997
77.1720963 -21.9337006 9.2347002
77.0939026 -21.7677002 0.778299987
77.0848846 -21.7151794 0.88222003
77.0651016 -21.6471004 1.47249997
77.1287994 -21.6860008 2.56299996
77.1408005 -21.7539005 2.71000004
77.0073013 -21.7252007 3.13190007
77.0038986 -21.6354008 3.21950006
77.0647964 -21.6072998 3.58730006
77.0969009 -21.7682991 3.67260003
77.0282974 -21.6389008 4.5717001
77.1427002 -21.7425995 5.51980019
77.1423035 -21.7794991 5.78929996
77.16185 -21.7135506 5.83920002
77.1828003 -21.6774006 6.19360018
77.1174469 -21.7500992 6.49135017
77.1035004 -21.670166 6.7409668
77.1822968 -21.6357994 9.0323
77.1387024 -21.7828999 9.4041996
77.1784973 -21.4916992 0.693499982
77.0037003 -21.4227009 2.18039989
77.0178528 -21.4518509 2.25375009
77.0422058 -21.5382996 2.66345
77.1033478 -21.4078484 3.47895002
77.0259018 -21.4689007 3.78640008
77.0082016 -21.4790001 3.88870001
77.0186005 -21.5711002 4.5704999
77.0384979 -21.5456009 4.9078002
77.1488037 -21.4643993 5.12879992
77.0709 -21.4650002 5.31879997
77.1872025 -21.5461006 5.76450014
77.1403046 -21.5072994 6.34805012
77.1993027 -21.4836998 8.61009979
77.169899 -21.5287991 9.67230034
77.0802765 -21.2941742 0.714399993
77.0095978 -21.3533993 1.3743
77.1373978 -21.3249512 2.96484995
77.0488434 -21.302 3.10335016
77.0392456 -21.3648987 3.67150021
77.033699 -21.2786007 3.90129995
77.1396027 -21.3411999 5.81349993
77.172699 -21.2698994 8.03059959
77.1632004 -21.3243332 9.13606644
77.1784973 -21.3418999 9.65289974
77.1511993 -21.2868996 9.89449978
77.0212021 -21.1555004 2.27579999
77.0441971 -21.1739998 5.94329977
77.0235977 -21.1007004 6.80900002
77.0650024 -21.1343994 8.95839977
77.1828995 -21.0823517 9.07750034
77.1925964 -21.1784992 9.39830017
77.1035995 -21.1306992 14.5953999
77.0083008 -20.9932995 5.83139992
77.078598 -20.9706993 11.6393003
77.0262985 -20.6116009 12.4524002
77.0615005 -20.6294994 12.9049997
77.0065002 -20.7791004 13.0515003
77.0325012 -20.6263008 13.3094997
77.1662979 -20.7035999 13.6417999
77.0045471 -20.6693001 14.1133003
77.013298 -20.4934006 10.5864
77.0190506 -20.4787998 12.1390495
77.0102005 -20.5487995 12.5079002
77.0048981 -20.4736996 12.6504002
77.106102 -20.5394993 12.8868008
77.0675964 -20.5167999 13.2273998
77.0025024 -20.4652004 14.0607996
77.0363007 -20.3066998 8.19260025
77.0008011 -20.3987999 9.71959972
77.0650024 -20.2150002 10.4384003
77.0467987 -20.3178997 10.7034998
77.0066986 -20.2658005 11.3591995
77.0867996 -20.3813992 11.5726004
77.0093994 -20.2212009 11.8718004
77.0557022 -20.2171001 12.7309999
77.0618973 -20.2779999 12.9256001
77.0822449 -20.310051 13.5034504
77.0585022 -20.2376003 13.8521004
77.0086975 -20.3059998 14.1209002
77.0197449 -20.2514992 14.2621002
77.0568008 -20.1443996 9.84990025
77.0287018 -20.0358009 10.7734003
77.0394974 -20.1667995 12.0136003
77.0239029 -20.1105003 12.4174995
77.1352997 -20.0785999 12.9886999
77.0127029 -20.0795994 13.1812
77.0007019 -20.1282997 13.2498999
77.0877991 -20.0780983 13.5528498
77.0301971 -20.0146999 13.9313002
77.0250549 -20.0564499 14.5092001
77.3939972 -22.2791004 0.881699979
77.2559967 -22.2723999 1.19149995
77.364502 -22.1931 0.851300001
77.2835007 -22.1926994 1.56659997
77.3460007 -22.1523991 8.66829967
77.388298 -22.1198997 10.2923002
77.2627029 -21.8462009 3.5999999
77.205101 -21.9463005 6.20949984
77.3403015 -21.8188 8.16829967
77.223999 -21.8525009 8.3192997
77.2089005 -21.8549004 8.61349964
77.3091965 -21.9811001 9.06210041
77.3267975 -21.8204994 11.3267002
77.2382965 -21.8122005 14.3942003
77.3874969 -21.7390003 0.840799987
77.2712021 -21.7758999 2.67700005
77.2776947 -21.723999 6.16505003
77.3457947 -21.691349 6.29694986
77.3296967 -21.6114998 8.15200043
77.3162994 -21.6499004 8.39229965
77.2343979 -21.7607994 8.43379974
77.2182007 -21.7182999 8.61789989
77.2304535 -21.7266502 8.93050003
77.2783966 -21.7157993 10.4364996
77.2406998 -21.6784 10.7265501
77.2554016 -21.664299 11.5125008
77.2978973 -21.6590996 11.6562004
77.3382034 -21.6473999 13.2382002
77.3175964 -21.7292995 13.8614998
77.2341537 -21.6751995 14.3338499
77.2336426 -21.6181984 14.4567509
77.2901993 -21.4911499 0.748700023
77.3148956 -21.459301 8.49225044
77.2721024 -21.4165993 8.60849953
77.2875519 -21.5704002 9.03590012
77.3691025 -21.4578991 10.5618
77.2572021 -21.5592003 11.2763996
77.3458023 -21.5723 11.7439003
77.3638 -21.5335007 13.7770004
77.3172989 -21.4724007 14.1494999
77.2623978 -21.5249996 14.3964005
77.2018967 -21.3216 9.56000042
77.2834015 -21.3006516 10.4337997
77.316597 -21.3250008 11.0538998
77.2984009 -21.34515 11.7159004
77.2496033 -21.2362995 11.9783001
77.3900986 -21.3754997 12.9258003
77.3679962 -21.3178005 13.7838001
77.3125 -21.3098507 14.2996998
77.3298035 -21.2416 14.4666996
77.3804016 -21.1653996 8.30760002
77.2738037 -21.1882 8.98519993
77.217598 -21.1466007 9.23089981
77.2223969 -21.1205006 11.3140001
77.2381516 -21.09445 11.7825499
77.3572006 -21.1972008 13.4254999
77.3035965 -21.1079998 14.0054998
77.3718033 -21.0174999 14.2016001
77.2556 -21.1074009 14.4344997
77.3013 -20.9867001 14
77.379303 -20.8581009 14.2503996
77.2463989 -20.8894997 14.4626999
77.3391037 -20.6594009 13.6403999
77.2910004 -20.0191994 13.9900999
77.216301 -20.0799007 14.4301996
77.5145035 -22.2488003 1.54040003
77.5169983 -22.2520008 1.66260004
77.4216995 -22.2406006 1.8786
77.5212021 -22.331501 9.90024948
77.5466995 -22.0622997 0.888466656
77.5454025 -22.0778008 9.95829964
77.5375977 -22.1376991 10.0136995
77.5141983 -22.1905994 10.2758999
77.4968033 -21.9426003 3.58400011
77.5948029 -21.9200993 3.63829994
77.5579529 -21.8295517 6.26875019
77.5758972 -21.8199005 8.97119999
77.4990997 -21.6735992 0.899900019
77.5972977 -21.6625996 6.31960011
77.4116974 -21.6373005 8.16399956
77.4692993 -21.7322006 8.99950027
77.5311966 -21.6487999 9.11019993
77.5916977 -21.6448002 13.9415998
77.5437012 -21.6583996 14.1766005
77.5423965 -21.5769005 0.712000012
77.4207001 -21.4349003 3.53430009
77.4408035 -21.4780006 6.32530022
77.5166473 -21.5480995 14.1366005
77.5503998 -21.2406006 13.8607998
77.4263 -21.3915005 14.0179005
77.592598 -21.1338005 11.6612997
77.561203 -21.1928997 13.5726995
77.4698029 -20.9841003 13.1139002
77.4929962 -20.7441998 13.7131996
77.7843475 -22.2500992 0.913049996
77.7261963 -22.2236996 1.79190004
77.6871033 -22.1627998 0.885200024
77.6439972 -22.0737 3.4986999
77.7309036 -22.1639996 9.88459969
77.6886978 -21.9402008 0.9727
77.6633987 -21.7814007 0.920000017
77.7414017 -21.6305008 3.5316
77.6430969 -21.6909008 3.61500001
77.7979965 -21.7999001 14.5782003
77.7493973 -21.4477005 3.63260007
77.6026993 -21.4312992 9.05879974
77.6845016 -21.1602993 11.6462002
77.6296005 -21.1119995 14.1889
77.8695984 -22.2397995 1.22650003
77.9465027 -22.2313995 1.94879997
77.822998 -22.3694 9.87619972
77.8274002 -22.1560993 2.05069995
77.8930969 -21.901001 0.838349998
77.9207993 -21.6795006 11.7639999
77.9968033 -21.7080002 14.2867002
77.9169006 -21.405899 2.81209993
77.8836975 -21.262001 3.02460003
78.0815964 -22.1441002 2.15229988
78.1425018 -22.1408005 2.31270003
78.0252991 -21.8703003 0.793900013
78.0662994 -21.9969997 0.808700025
78.0598984 -21.6728992 11.6407003
78.1520996 -21.6546993 14.2007999
78.1820984 -21.5534 13.9115
78.2628021 -22.2080994 0.895699978
78.3758011 -22.2343998 1.96570003
78.2180023 -22.0669994 2.81110001
78.3256989 -21.8181992 14.4691
78.3408966 -21.6522007 13.9336996
78.2535019 -21.7966003 14.5031004
78.3970032 -21.4983006 13.3972998
78.2098007 -21.3038998 2.73180008
78.5189972 -22.2464008 0.986299992
78.5445023 -22.2910995 1.08239996
78.444397 -21.7320995 6.32329988
78.5608978 -21.6436996 14.0270004
78.7451019 -22.031601 2.36229992
78.6719971 -21.5202999 14.0724001
78.9943008 -22.2651997 1.95469999
78.9367981 -22.1449013 2.26774979
78.910202 -21.8530998 14.5108995
78.947403 -21.7255001 14.3015003
78.8434982 -21.7924004 14.4118004
79.0821991 -22.2583008 1.03919995
79.1194992 -22.2644997 2.08820009
79.0633011 -21.71315 6.30235004
79.072998 -21.7677002 11.6447001
79.0548019 -21.6455002 12.9692001
79.1365967 -20.934 3.49830008
79.2009964 -22.2600994 1.38960004
79.2903976 -22.2029991 2.18319988
79.3814545 -22.1360512 2.16394997
79.3444977 -22.0958004 3.70619988
79.3059006 -21.8952007 14.6518002
79.2882996 -21.6867008 14.2561998
79.4433517 -22.2491493 1.4930501
79.4097977 -22.2425003 1.83309996
79.5831985 -22.1728992 1.98430002
79.4518967 -22.1061001 2.08150005
79.5072021 -21.8243008 14.6304998
79.5513 -21.6237507 14.2476006
79.4577026 -20.8806 3.2105
79.7092972 -22.1490002 2.2098
79.7525024 -22.1686001 3.63170004
79.7181015 -21.6594009 14.2507
79.7909012 -20.8264999 3.26880002
79.8655014 -22.2612 1.421
79.956398 -21.7166004 14.5552998
