# .PCD v0.7 - Point Cloud Data file format
VERSION 0.7
FIELDS x y z
SIZE 4 4 4
TYPE F F F
COUNT 1 1 1
WIDTH 5808
HEIGHT 1
VIEWPOINT 0 0 0 1 0 0 0
POINTS 5808
DATA ascii
160.119507 -154.764801 0.310600013
160.024597 -153.556595 0.323300004
160.130203 -152.251694 0.189300001
160.021301 -151.250793 0.254400015
160.147308 -150.664642 0.325399995
160.152802 -150.557297 0.328599989
160.175995 -150.524994 0.451400012
160.102692 -150.292908 0.506000042
160.120605 -149.441101 0.408300012
160.078201 -149.222702 0.424400002
160.084106 -148.935104 0.547999978
160.093307 -148.780304 0.422100008
160.019394 -145.958298 0.25940001
160.156204 -145.626999 0.367399991
160.003998 -145.650208 0.460700005
160.055786 -145.567047 0.36045
160.065308 -145.460602 0.428900003
160.012299 -145.383698 0.310200006
160.049805 -145.119598 0.379799992
160.102402 -144.907104 0.202700004
160.072006 -144.412994 0.193200007
160.042603 -140.907501 0.243900001
160.383102 -155.195602 0.357800007
160.336197 -153.296906 0.296099991
160.243393 -153.194595 0.479000002
160.302597 -152.334305 0.370299995
160.248993 -150.392593 0.399699986
160.248657 -150.169647 0.433200002
160.308899 -149.913971 0.362633348
160.285202 -149.917297 0.414000005
160.337204 -149.691193 0.318100005
160.262604 -149.645111 0.451099992
160.303421 -149.538574 0.310599983
160.228394 -148.995499 0.389999986
160.231201 -145.489502 0.257600009
160.249695 -144.535599 0.528299987
160.392807 -140.008301 0.266000003
160.465302 -159.916107 0.371800005
160.551605 -154.932297 0.281699985
160.457993 -154.993698 0.416099995
160.5103 -153.694397 0.317799985
160.556595 -150.115799 0.428200006
160.430603 -149.893295 0.551699996
160.427307 -149.794006 0.263099998
160.585007 -148.964706 0.317000002
160.566101 -146.251404 0.233799994
160.4702 -146.315598 0.448000014
160.471893 -140.005295 0.352299988
160.642899 -152.845093 0.33919999
160.692993 -149.3246 0.273000002
160.736603 -148.517456 0.302850008
160.752655 -148.229156 0.253199995
160.716797 -146.554901 0.326499999
160.6465 -140.144196 0.157000005
160.886093 -159.498993 0.358900011
160.847 -155.769302 0.356400013
160.915894 -149.406403 0.461800009
160.864594 -147.907104 0.462500006
160.876907 -147.7397 0.377000004
160.933105 -147.602203 0.400000006
160.881195 -147.434692 0.457399994
161.106903 -157.517105 0.337500006
161.138397 -155.048294 0.341100007
161.115494 -152.038696 0.319200009
161.139694 -151.354996 0.227200001
161.190399 -150.562302 0.252000004
161.007797 -148.213196 0.269800007
161.176193 -140.495193 0.291399986
161.229507 -143.895493 0.125599995
161.477005 -158.342896 0.312400013
161.470306 -151.379807 0.237900004
161.567902 -149.529495 0.275200009
161.483597 -140.917801 0.155499995
161.507202 -140.256607 0.25029999
161.696396 -150.113693 0.246399999
161.930206 -155.115295 0.286199987
161.934204 -153.368698 0.307200015
161.883301 -151.545105 0.261900008
161.8535 -149.988693 0.266799986
162.020004 -157.983704 0.285699993
162.172607 -155.100204 0.316900015
162.079498 -154.752106 0.283499986
162.167496 -154.117401 0.311500013
162.171707 -148.974701 0.298799992
162.0952 -148.645798 0.256399989
162.191696 -148.5849 0.306800008
162.214706 -157.417099 0.377900004
162.284393 -153.461853 0.323549986
162.219803 -152.483398 0.272899985
162.383301 -149.915298 0.201900005
162.434906 -157.633896 0.409000009
162.522202 -156.984604 0.243200004
162.555405 -155.870895 0.365700006
162.441589 -154.326904 0.331250012
162.599106 -152.764999 0.250200003
162.446503 -149.413605 0.261700004
162.626205 -157.720795 0.404100001
162.660202 -155.286896 0.305500001
162.728104 -154.429001 0.323199987
162.790207 -153.904205 0.341500014
162.785599 -151.734497 0.197799996
162.647507 -149.335602 0.458499998
162.691101 -148.409805 0.232199997
162.900696 -157.785706 0.3838
162.983994 -154.669495 0.281800002
162.903198 -154.504898 0.227699995
162.911102 -152.675095 0.286799997
162.827194 -152.003906 0.3037
162.925705 -151.886597 0.235400006
162.813599 -148.862198 0.303299993
162.884003 -145.103806 0.216299996
162.874695 -141.531998 0.372700006
162.868103 -141.559799 0.667900026
163.183502 -157.882004 0.361299992
163.0159 -157.491302 0.284299999
163.023499 -156.125793 0.380699992
163.013794 -155.661804 0.329299986
163.161499 -154.546906 0.344900012
163.018494 -152.030304 0.173999995
163.013702 -152.016296 0.215399995
163.143906 -150.484207 0.272300005
163.181 -149.536194 0.251100004
163.028503 -145.361099 0.406699985
163.084503 -145.095596 0.335500002
163.152893 -141.860596 0.524999976
163.052902 -141.821701 0.763300002
163.0103 -141.637802 0.354299992
163.041595 -140.466202 0.218999997
163.014801 -140.010605 0.202800006
163.279297 -156.0513 0.275099993
163.225403 -155.909866 0.311266661
163.352005 -155.200806 0.36649999
163.346207 -155.037796 0.395099998
163.221298 -152.837494 0.284200013
163.2164 -151.959503 0.281100005
163.252594 -150.077606 0.221599996
163.239502 -145.484802 0.521600008
163.396805 -144.269394 0.476799995
163.250107 -144.087662 0.302366674
163.375397 -142.7453 0.349099994
163.351105 -142.483093 0.751299977
163.395401 -142.009796 0.313699991
163.263947 -141.888458 0.55675
163.350861 -141.781036 0.308533341
163.314896 -141.737747 0.50849998
163.260803 -141.619797 0.619000018
163.291702 -141.480606 0.170100003
163.33255 -141.48764 0.333499998
163.298294 -141.435699 0.545249999
163.281601 -141.492996 0.730499983
163.354797 -141.376602 0.191100001
163.241699 -141.320908 0.33860001
163.307907 -141.318695 0.479799986
163.529007 -156.053894 0.293099999
163.518005 -154.549103 0.267500013
163.502701 -152.9534 0.216800004
163.548904 -151.214203 -0.0719999969
163.442902 -150.263 0.278499991
163.420593 -148.210205 0.192300007
163.511902 -145.297806 0.450399995
163.433304 -145.111603 0.416399986
163.415695 -142.655792 0.32190001
163.467697 -142.700348 0.470449984
163.457993 -142.423798 0.160600007
163.520233 -142.462402 0.302133322
163.450806 -142.466751 0.542549968
163.492996 -142.566895 0.644950032
163.490997 -142.333496 0.364600003
163.529495 -142.230301 0.506399989
163.423904 -142.047104 0.391799986
163.474609 -142.115295 0.449499995
163.598404 -141.973404 0.323599994
163.555939 -141.924698 0.499050021
163.444504 -141.685638 0.351599991
163.436646 -141.643494 0.527149975
163.418594 -141.775604 0.622099996
163.580994 -141.350296 0.274800003
163.434402 -140.1875 0.238999993
163.658401 -156.183197 0.228
163.685699 -152.866501 0.323000014
163.640305 -151.901199 -0.0233999994
163.712708 -151.287796 0.270799994
163.687561 -151.026352 0.239299998
163.750305 -144.750793 0.393700004
163.670898 -142.243393 0.317499995
163.617798 -142.309601 0.416999996
163.674698 -142.092224 0.315474987
163.627106 -141.932266 0.277049989
163.6418 -141.995102 0.46329999
163.632599 -141.9991 0.692399979
163.707108 -141.128098 0.171499997
163.952499 -155.574905 0.258899987
163.936096 -154.852097 0.317799985
163.841003 -154.382996 0.282299995
163.993607 -153.303894 0.225700006
163.894302 -152.422195 0.411900014
163.896606 -152.349396 0.208499998
163.892105 -152.191895 0.190300003
163.938904 -152.069107 0.2509
163.985199 -151.085007 0.289299995
163.826996 -144.770203 0.28549999
163.935394 -144.751694 0.478599995
163.9767 -144.238098 0.448100001
163.890793 -144.076904 0.3046
163.9039 -140.149994 0.263200015
164.1138 -155.171295 0.27579999
164.066696 -152.127106 -0.0427000001
164.188293 -150.811096 0.220200002
164.046005 -150.725296 0.156499997
164.153702 -149.316696 0.244399995
164.129105 -145.536697 0.504700005
164.062897 -144.874893 0.283899993
164.099655 -144.898102 0.453100026
164.031204 -144.649094 0.246800005
164.075394 -144.788696 0.462199986
164.045303 -144.248306 0.281699985
164.042603 -144.248703 0.421099991
164.138901 -143.693497 0.2333
164.158005 -142.409698 0.159099996
164.039307 -142.55896 0.216949999
164.0345 -142.283005 0.197699994
164.189499 -141.615601 0.236399993
164.082199 -140.437607 0.197799996
164.2668 -155.199097 0.261599988
164.251694 -154.910599 0.238299996
164.3405 -154.242004 0.32190001
164.295105 -153.484299 0.215900004
164.350998 -153.390396 0.304100007
164.263397 -152.816895 0.224600002
164.388 -152.763306 0.186800003
164.365097 -152.684906 0.229900002
164.269608 -152.184494 0.258399993
164.399094 -145.814697 0.564199984
164.290466 -145.643433 0.522833347
164.3396 -145.771698 0.630100012
164.388306 -145.455795 0.458599985
164.254501 -145.033096 0.358200014
164.264542 -145.074326 0.451999992
164.337601 -144.726105 0.217899993
164.270203 -144.032501 0.143700004
164.328354 -143.906204 0.190650001
164.245605 -143.687393 0.0161000006
164.274796 -142.807205 0.316100001
164.241623 -142.511002 0.259433329
164.360306 -141.417099 0.198500007
164.271896 -140.557205 0.146899998
164.593796 -154.830002 0.315299988
164.467804 -154.794693 0.292699993
164.459259 -154.476746 0.303350002
164.4048 -153.049698 0.217099994
164.470596 -152.533401 0.259499997
164.404205 -150.320297 0.256000012
164.573105 -148.316299 0.210500002
164.571594 -146.033295 0.62470001
164.572601 -145.896301 0.598800004
164.5867 -145.982407 0.675800025
164.556305 -145.675552 0.493000001
164.482147 -145.519897 0.494300008
164.429901 -145.484406 0.612900019
164.48027 -145.294464 0.34223333
164.500397 -145.279907 0.400400013
164.55455 -145.047195 0.127200007
164.533951 -145.141449 0.340049982
164.595398 -144.9095 0.174899995
164.529663 -144.939758 0.277850002
164.525665 -144.723267 0.156666666
164.595795 -144.626099 0.206900001
164.557098 -144.223099 0.199399993
164.571503 -144.387802 0.293900013
164.534805 -144.137695 0.2086
164.477905 -143.757507 0.266400009
164.457703 -143.2966 0.305799991
164.565094 -142.706497 0.162200004
164.414093 -142.522293 0.262400001
164.434204 -141.418198 0.144299999
164.506699 -141.444107 0.222900003
164.545303 -141.176605 0.170300007
164.790894 -156.677307 0.281599998
164.689896 -156.341797 0.273099989
164.643997 -153.793503 0.0344000012
164.606094 -153.008499 0.295300007
164.637604 -152.415298 0.236300007
164.749695 -150.640503 0.211300001
164.779205 -150.100998 0.254500002
164.638901 -148.540405 0.223800004
164.688599 -147.911804 0.280800015
164.761505 -147.822998 0.412800014
164.743393 -147.774506 0.151299998
164.728638 -147.678802 0.471450001
164.755402 -147.550095 0.361800015
164.720795 -146.692505 0.469700009
164.742416 -146.481003 0.514180005
164.678497 -146.415894 0.623000026
164.637695 -146.323502 0.596300006
164.746506 -146.061401 0.48269999
164.681702 -145.930908 0.512650013
164.699905 -145.702393 0.346500009
164.602295 -145.682602 0.418599993
164.71727 -145.491806 0.327100009
164.671005 -145.436493 0.438499987
164.780396 -145.2771 0.153899997
164.667694 -145.260025 0.320075005
164.697906 -145.041901 0.134800002
164.690796 -145.1595 0.310400009
164.643494 -144.921906 0.268599987
164.651703 -144.421295 0.180299997
164.684601 -144.196503 0.180700004
164.753906 -143.359406 0.315800011
164.781296 -142.857498 0.188500002
164.688095 -142.901306 0.2377
164.664795 -142.691406 0.231299996
164.794205 -142.504593 0.0802000016
164.600296 -140.583206 0.224900007
164.860901 -156.120407 0.3583
164.806396 -155.124207 0.265899986
164.925095 -153.737503 0.169300005
164.802002 -153.634598 0.281699985
164.961395 -153.282501 0.226300001
164.966507 -152.495804 0.266000003
164.891602 -150.476593 0.241699994
164.8479 -150.186005 0.152899995
164.824997 -149.894897 0.304500014
164.998596 -149.464706 0.156900004
164.946701 -149.442307 0.289299995
164.993805 -149.296997 0.25850001
164.810196 -147.942902 0.271100014
164.857193 -147.601593 0.331800014
164.938095 -147.431793 0.186900005
164.969299 -147.478607 0.360199988
164.902298 -147.492798 0.438899994
164.956894 -147.118698 0.416599989
164.934204 -146.513947 0.362500012
164.87439 -146.485748 0.443149984
164.885986 -146.371399 0.506000042
164.865997 -146.303497 0.638100028
164.908997 -146.08847 0.450066656
164.831757 -145.95575 0.467949986
164.919998 -145.665695 0.202099994
164.808105 -145.753403 0.431600004
164.949951 -145.544464 0.292150021
164.970993 -145.330307 0.29339999
164.905701 -145.033493 0.121200003
164.901199 -145.136627 0.294
164.848999 -144.466797 0.199100003
164.867599 -143.802094 0.193100005
164.910706 -143.648895 0.180299997
164.980194 -143.617203 0.35589999
164.908051 -143.417801 0.131050006
164.966293 -143.572693 0.281100005
164.963699 -143.380707 0.132599995
164.983994 -143.164597 0.102300003
164.872696 -142.956802 0.141800001
164.891357 -142.920197 0.323933333
164.84494 -142.679199 0.131949991
164.935852 -142.493958 0.104599997
164.92041 -142.489807 0.222550005
164.992004 -142.225494 0.168400005
164.990204 -141.4039 0.132799998
164.892197 -140.854095 0.147799999
165.080597 -157.341705 0.325199991
165.077896 -155.900497 0.318599999
165.176697 -152.104858 0.26304999
165.060394 -151.871094 0.236599997
165.024094 -151.747299 0.203799993
165.003998 -149.829605 0.148100004
165.006104 -149.721298 0.148499995
165.08905 -149.058456 0.21525
165.179367 -148.912231 0.253433347
165.114929 -148.76973 0.298666656
165.133499 -148.555603 0.187600002
165.041306 -148.171005 0.27759999
165.173706 -147.804504 0.102899998
165.057495 -147.583801 0.164299995
165.067993 -147.237396 0.328700006
165.123764 -147.272476 0.432399988
165.076782 -147.107376 0.349999994
165.050934 -146.893906 0.341285706
165.190094 -146.319107 0.327699989
165.073563 -146.251297 0.462599993
165.038254 -146.121246 0.43175
165.104996 -145.964523 0.28549999
165.095093 -145.700394 0.234099999
165.080002 -145.483704 0.253300011
165.151093 -145.2798 0.239399999
165.019196 -144.431396 0.269499987
165.130707 -144.223007 0.194000006
165.175003 -144.0513 0.228100002
165.060501 -143.826294 0.220799997
165.024506 -143.483704 0.167400002
165.156006 -142.124207 0.181700006
165.196594 -141.574493 0.0361000001
165.116699 -141.517502 0.201700002
165.238098 -154.543396 0.307099998
165.3181 -152.679398 0.246199995
165.335999 -152.442795 0.1954
165.262695 -152.270798 0.275400013
165.275543 -152.03923 0.217166662
165.317596 -151.335846 0.265799999
165.343689 -151.144302 0.222200006
165.2323 -149.538895 0.224600002
165.237793 -148.810394 0.313300014
165.228699 -148.781693 0.1866
165.245605 -148.487106 -0.0315000005
165.251602 -148.586304 0.236100003
165.203491 -147.750458 0.228850007
165.295105 -147.366104 0.383399993
165.386307 -147.153397 0.288199991
165.354706 -146.806503 0.228799999
165.3815 -146.449203 0.300399989
165.384399 -146.332901 0.248400003
165.352707 -146.182007 0.208000004
165.244797 -145.648605 0.135800004
165.316803 -145.388397 0.254400015
165.318207 -144.893204 0.149200007
165.235596 -144.493896 0.204699993
165.270004 -143.874893 0.210899994
165.233902 -142.876495 0.155000001
165.3853 -142.567505 0.238299996
165.365204 -142.282593 0.129099995
165.293503 -141.698502 0.1131
165.290695 -141.3853 0.0850000009
165.343094 -140.948898 0.189500004
165.264496 -140.3936 0.0993999988
165.518997 -158.443802 0.32980001
165.546097 -151.096802 0.25940001
165.573807 -150.694107 0.122599997
165.446304 -147.197403 0.475899994
165.487854 -146.451447 0.282000005
165.532654 -146.323303 0.274150014
165.549698 -145.603394 -0.0131000001
165.421097 -145.648605 0.182899997
165.515793 -145.400803 0.222599998
165.457199 -145.266098 0.171950012
165.483002 -145.245804 0.201100007
165.441895 -145.130905 0.076700002
165.423859 -143.909653 0.0585500002
165.432098 -143.683304 0.143199995
165.470093 -143.452499 0.112000003
165.5009 -142.628296 0.117799997
165.450302 -142.160095 0.152099997
165.535004 -141.866592 0.0895999968
165.526596 -140.891998 0.164399996
165.782303 -156.144699 0.322400004
165.708252 -150.041443 0.242850006
165.606003 -148.599396 0.369300008
165.758698 -147.998093 0.188500002
165.693497 -147.809906 0.229599997
165.680908 -147.016953 0.283800006
165.621399 -146.705093 0.153400004
165.623993 -146.7892 0.255699992
165.718307 -146.527893 0.239399999
165.654297 -146.327606 0.246399999
165.780548 -145.909088 0.163650006
165.648605 -145.794006 0.187900007
165.661804 -144.611893 0.141499996
165.751297 -144.367294 0.145199999
165.615402 -143.133606 0.166999996
165.792206 -142.333298 0.128700003
165.685104 -142.176498 0.199300006
165.758301 -142.118103 0.231199995
165.665802 -140.941696 0.147599995
165.635406 -140.970398 0.212599993
165.607895 -140.489395 0.188999996
165.688904 -140.174103 0.203199998
165.9366 -153.964706 0.294800013
165.967804 -148.529007 0.279100001
165.855804 -147.011093 0.255800009
165.858597 -146.898697 0.0970000029
165.821793 -146.991196 0.217099994
165.951599 -146.596802 0.120499998
165.929398 -146.088806 0.156049997
165.967255 -146.097351 0.255299985
165.968094 -144.471893 0.247700006
165.816193 -144.255493 0.2183
165.906403 -143.498001 0.116099998
165.828003 -141.494202 0.061900001
165.825195 -140.521103 0.125100002
166.188004 -158.065506 0.354200006
166.140701 -152.539993 0.327699989
166.128006 -147.290695 0.340299994
166.197296 -145.185593 0.100400001
166.034103 -145.106995 0.216199994
166.098907 -144.726395 0.262499988
166.366394 -156.204193 0.345400006
166.350998 -153.357498 0.301099986
166.357803 -150.059296 0.215100005
166.3293 -145.009903 0.191799998
166.529297 -158.786194 0.32069999
166.442703 -154.856293 0.315999985
166.550705 -152.891006 0.252400011
166.540894 -152.016693 0.256300002
166.571396 -151.720306 0.218600005
166.507706 -148.376297 0.228400007
166.540451 -143.117493 0.140049994
166.485001 -141.824493 0.211799994
166.628098 -159.776001 0.405400008
166.707703 -157.775208 0.422500014
166.738998 -156.481796 0.314500004
166.619293 -155.675201 0.264299989
166.721298 -155.510895 0.314399987
166.760895 -154.936798 0.260800004
166.654099 -152.431107 0.253199995
166.792999 -150.867004 0.217099994
166.757401 -150.690598 0.238600001
166.674393 -150.458603 0.215299994
166.787094 -149.982697 0.223399997
166.612701 -149.334 0.179900005
166.777496 -149.317001 0.255899996
166.789505 -148.324707 0.204799995
166.755997 -148.177307 0.261999995
166.718094 -147.830994 0.255800009
166.749603 -147.445206 0.233899996
166.6035 -143.458405 0.246800005
166.767593 -141.767197 0.290499985
166.750595 -141.160904 0.216700003
166.791794 -140.372604 0.200800002
166.864304 -155.290802 0.313499987
166.965393 -151.503403 0.252799988
166.903198 -151.296204 0.23195
166.858002 -150.479706 0.208100006
166.832703 -147.209595 0.25909999
166.944794 -146.589706 0.102399997
166.873596 -145.214294 0.248400003
166.850647 -143.740387 0.164450005
166.976501 -143.240707 0.162799999
166.928406 -142.449203 0.133300006
166.866898 -141.4841 0.148100004
167.089203 -159.861893 0.371899992
167.144196 -159.772995 0.386099994
167.067505 -155.084595 0.343699992
167.170807 -153.5784 0.276800007
167.113403 -152.720856 0.29795
167.117905 -152.222305 0.260199994
167.158096 -150.791107 0.31310001
167.054001 -149.411804 0.276600003
167.129807 -149.260406 0.221799999
167.120193 -148.779099 0.213599995
167.004807 -148.229797 0.223499998
167.104797 -147.950897 0.195299998
167.145493 -147.401199 0.222200006
167.089203 -145.983398 0.186800003
167.156006 -144.229599 0.1417
167.0215 -143.464905 0.174099997
167.145996 -142.848007 0.158500001
167.383499 -158.009003 0.388999999
167.3526 -157.935898 0.341899991
167.356506 -157.141998 0.391299993
167.288895 -155.128296 0.316399992
167.393997 -152.684296 0.266200006
167.253998 -152.239502 0.270999998
167.296265 -151.453003 0.338400006
167.3694 -151.082901 0.308600008
167.242798 -150.110901 0.226400003
167.224899 -149.173203 0.162
167.224503 -148.430099 0.237299994
167.272202 -147.9487 0.155100003
167.310242 -147.777405 0.223499998
167.328903 -147.581299 0.163399994
167.251297 -147.297195 0.225700006
167.300598 -146.844894 0.227699995
167.235199 -146.2314 0.177000001
167.282806 -145.713806 0.187900007
167.3694 -145.674194 0.222800002
167.265198 -143.953995 0.203099996
167.271896 -143.687408 0.211299986
167.2771 -140.425095 0.158800006
167.222107 -140.320694 0.117200002
167.450806 -159.869705 0.349000007
167.408493 -159.956696 0.463
167.564697 -158.912796 0.388000011
167.5298 -156.002701 0.366299987
167.546906 -155.975098 0.34740001
167.570206 -153.839096 0.26789999
167.446701 -152.107697 0.255600005
167.495804 -151.871506 0.204300001
167.586594 -149.761307 0.285400003
167.434494 -149.130005 0.0606000014
167.496597 -148.900101 0.232800007
167.429398 -148.461105 0.221799999
167.435501 -147.591095 0.0777999982
167.513504 -147.522903 0.204699993
167.419205 -147.1633 0.175400004
167.540405 -146.961899 0.2183
167.496704 -146.679306 0.193200007
167.493347 -146.469757 0.18795
167.518005 -146.015701 0.183200002
167.538391 -145.743149 0.220499992
167.401794 -145.4487 0.204699993
167.466202 -145.352097 0.180999994
167.452103 -145.171997 0.174700007
167.461594 -143.168198 0.170599997
167.590897 -142.202301 0.226699993
167.588104 -142.146301 0.152500004
167.594299 -141.492996 0.195999995
167.427505 -141.288101 0.148200005
167.421799 -141.146301 0.142700002
167.544998 -140.635605 0.186499998
167.523849 -140.474548 0.208550006
167.452194 -140.024902 0.149000004
167.739395 -159.485504 0.401499987
167.798996 -158.964005 0.329400003
167.640198 -157.741806 0.374199986
167.737793 -156.757599 0.372299999
167.630295 -156.540894 0.403800011
167.652298 -156.317001 0.361000001
167.781403 -155.007507 0.328500003
167.698593 -153.843399 0.240999997
167.668701 -152.0186 0.232299998
167.681 -151.990601 0.289200008
167.645706 -150.707703 0.214100003
167.612595 -150.025406 0.180800006
167.619598 -150.088898 0.222200006
167.7491 -149.3853 0.158299997
167.787003 -148.757294 0.280900002
167.675797 -148.346802 0.130500004
167.650497 -145.375504 0.211300001
167.748993 -143.992706 0.154300004
167.635803 -143.661102 0.194999993
167.669998 -143.536301 0.177000001
167.773499 -143.129501 0.155900002
167.609406 -142.613297 0.159199998
167.719498 -142.727493 0.229900002
167.6306 -142.452606 0.185900003
167.606903 -141.9263 0.246000007
167.739105 -140.470001 0.149599999
167.847 -159.965698 0.423900008
167.911102 -159.317993 0.4111
167.800705 -158.699707 0.358999997
167.881607 -155.194 0.375699997
167.955994 -151.132904 0.231000006
167.810104 -149.963501 0.247799993
167.9077 -149.074905 0.262699991
167.821793 -148.725494 0.191799998
167.918594 -146.648102 0.181099996
167.999603 -146.422302 0.185900003
167.829895 -145.705505 0.188500002
167.872299 -145.344696 0.249500006
167.991592 -145.061996 0.158700004
167.848602 -144.685699 0.172000006
167.816101 -143.636902 0.199499995
167.9944 -143.605804 0.216700003
167.888794 -143.351196 0.161350012
167.86911 -142.7285 0.146449998
167.882751 -141.132202 0.184850007
167.822205 -140.934601 0.146799996
167.969498 -140.0755 0.171599999
168.195999 -159.963806 0.41870001
168.010696 -158.902405 0.373100013
168.150696 -157.267395 0.298099995
168.156296 -156.944397 0.386500001
168.123199 -156.768997 0.355399996
168.000504 -153.142197 0.298799992
168.0569 -151.661407 0.267199993
168.023193 -151.020493 0.270000011
168.072601 -150.897903 0.2465
168.020706 -150.688202 0.254900008
168.199905 -150.081497 0.216000006
168.160904 -149.748291 0.129050002
168.078094 -149.173996 0.184300005
168.150696 -147.560501 0.266099989
168.119598 -147.352707 0.227599993
168.0168 -146.150803 0.208000004
168.031906 -145.986206 0.222599998
168.188004 -145.740799 0.176799998
168.174805 -144.3479 0.191699997
168.076797 -143.439407 0.218999997
168.108505 -143.347198 0.174500003
168.066406 -142.208206 0.148900002
168.030106 -141.534302 0.162900001
168.070343 -141.297745 0.164700001
168.286041 -157.337341 0.360549986
168.265198 -156.256607 0.3741
168.316803 -156.053604 0.355500013
168.350296 -155.802002 0.395500004
168.245804 -155.564697 0.314200014
168.342194 -153.707108 0.298599988
168.256897 -152.769302 0.274399996
168.310501 -150.850693 0.254000008
168.281204 -150.560898 0.285600007
168.231293 -148.873398 0.211799994
168.302505 -148.157593 0.214900002
168.369293 -146.4758 0.195299998
168.248398 -144.649597 0.122000001
168.264008 -144.713196 0.2095
168.381195 -144.147995 0.148800001
168.3405 -143.205399 0.1228
168.322754 -142.675995 0.149549991
168.284195 -141.394104 0.185499996
168.292206 -141.208405 0.226300001
168.348907 -140.994293 0.197899997
168.235504 -140.841904 0.25060001
168.251694 -140.058594 0.135399997
168.575104 -159.325897 0.370400012
168.446106 -158.815399 0.273799986
168.416901 -157.551102 0.367199987
168.447906 -156.776794 0.330199987
168.458206 -156.145996 0.318899989
168.416397 -155.202698 0.349599987
168.4991 -154.873001 0.315699995
168.595093 -154.440308 0.301600009
168.498199 -153.395203 0.310200006
168.536194 -153.046707 0.257200003
168.459503 -152.715302 0.260250002
168.4039 -152.584595 0.270900011
168.562195 -151.565399 0.263799995
168.477203 -149.482498 0.266400009
168.492706 -149.317505 0.224299997
168.559494 -147.981705 0.233899996
168.496796 -146.961395 0.116400003
168.5242 -146.916946 0.241750002
168.513306 -146.648895 0.216199994
168.576706 -144.795593 0.190899998
168.425507 -144.663406 0.210600004
168.522598 -144.436005 0.180000007
168.412003 -144.394196 0.198400006
168.427307 -143.659103 0.190400004
168.435913 -141.953445 0.176899999
168.596893 -141.697006 0.140000001
168.461502 -140.835693 0.180600002
168.565704 -140.383408 0.148900002
168.549103 -140.218201 0.227400005
168.612106 -159.727295 0.426400006
168.779602 -159.099792 0.315200001
168.633102 -158.509094 0.387499988
168.757599 -156.167206 0.375800014
168.734695 -154.404602 0.30430001
168.782196 -154.157501 0.368200004
168.646103 -153.446198 0.291299999
168.763458 -153.25145 0.32159999
168.702698 -152.984406 0.29519999
168.661102 -152.490997 0.281399995
168.753006 -151.852997 0.282099992
168.799393 -151.7995 0.250200003
168.708893 -150.531998 0.256799996
168.663254 -150.290604 0.261900008
168.674194 -149.884003 0.276250005
168.6996 -149.513 0.2377
168.761703 -148.790497 0.28670001
168.703201 -147.084106 0.249599993
168.689804 -146.985199 0.230399996
168.656906 -145.7397 0.172800004
168.676498 -145.261398 0.205200002
168.774902 -144.851593 0.135499999
168.624496 -144.473404 0.145999998
168.619293 -144.008499 0.238999993
168.789993 -143.964798 0.175899997
168.629395 -143.609497 0.240700006
168.705994 -143.448807 0.176400006
168.630493 -143.356903 0.1171
168.633194 -142.768494 0.190300003
168.628998 -141.512207 0.234999999
168.672607 -141.341507 0.132300004
168.631393 -141.077194 0.183400005
168.929596 -157.990494 0.406899989
168.935196 -157.605194 0.363999993
168.938293 -157.043304 0.398499995
168.932495 -156.172806 0.338499993
168.889999 -155.9673 0.349700004
168.998795 -153.948395 0.302100003
168.922195 -153.295593 0.316700011
168.813599 -153.034698 0.289799988
168.963104 -152.284698 0.291999996
168.9953 -151.848602 0.307399988
168.827698 -151.036499 0.300000012
168.900803 -150.901794 0.324400008
168.926498 -150.279007 0.232800007
168.904099 -150.083191 0.219549999
168.933304 -149.228302 0.268099993
168.811707 -148.771301 0.245199993
168.999207 -148.464905 0.213300005
168.863205 -148.021103 0.261000007
168.868042 -147.977203 0.242249995
168.977295 -146.897705 0.278899997
168.938797 -146.294098 0.235499993
168.810898 -146.068604 0.204099998
168.997192 -145.466293 0.193200007
168.919296 -145.552994 0.225899994
168.998703 -145.116699 0.185499996
168.893097 -144.947693 0.300500005
168.849503 -143.936996 0.184
168.977295 -142.518707 0.190099999
168.888504 -142.322693 0.165999994
169.153 -157.268097 0.378699988
169.008896 -155.758896 0.379999995
169.146606 -155.533798 0.336299986
169.021194 -154.689194 0.362699986
169.126297 -153.404907 0.332599998
169.097198 -151.832596 0.293599993
169.146301 -151.169296 0.2324
169.030396 -150.076202 0.216499999
169.104004 -149.001907 0.230100006
169.019897 -148.648895 0.250099987
169.177399 -147.581696 0.246900007
169.052505 -147.058197 0.195899993
169.189697 -147.120499 0.215000004
169.010193 -146.735306 0.229100004
169.075592 -145.713196 0.301550001
169.138107 -145.410904 0.2104
169.169205 -144.275604 0.197400004
169.179306 -142.613602 0.212799996
169.272293 -158.3349 0.377499998
169.311249 -157.948303 0.3486
169.246506 -156.4496 0.358999997
169.336197 -156.207108 0.364300013
169.336304 -153.247406 0.297899991
169.288101 -152.275757 0.261350006
169.322357 -151.984344 0.29430002
169.269501 -151.428207 0.215700001
169.211761 -151.387451 0.25850001
169.309296 -150.882797 0.130099997
169.317352 -150.531464 0.267450005
169.295395 -149.668106 0.223000005
169.314148 -149.13475 0.269749999
169.377899 -149.196701 0.400599986
169.210205 -148.771393 0.216700003
169.268097 -146.524048 0.2333
169.320007 -145.114502 0.119400002
169.282394 -143.2155 0.154100001
169.292007 -143.015106 0.147799999
169.370697 -142.906494 0.146899998
169.376999 -142.645096 0.172299996
169.296799 -142.583298 0.135900006
169.283875 -140.03157 0.15276666
169.511139 -157.441101 0.339949995
169.589096 -157.165207 0.39320001
169.402496 -156.822403 0.307300001
169.440506 -155.686295 0.333999991
169.483307 -154.338806 0.328050017
169.437103 -154.143295 0.324099988
169.533997 -153.661194 0.351399988
169.554398 -152.966599 0.334899992
169.541504 -152.778198 0.297399998
169.451706 -152.487793 0.255899996
169.467194 -151.335999 0.246099994
169.502808 -151.151505 0.275299996
169.579605 -150.835602 0.286300004
169.492096 -150.651489 0.22815001
169.474197 -150.405396 0.285299987
169.571594 -149.910995 0.242899999
169.536301 -149.779602 0.27669999
169.559006 -148.993896 0.201499999
169.497604 -148.229202 0.221200004
169.45694 -148.135696 0.243799999
169.470093 -147.876297 0.376599997
169.445602 -146.952805 0.257499993
169.542999 -146.727737 0.246233329
169.448807 -146.514893 0.209299996
169.436401 -146.298599 0.1875
169.4758 -145.709595 0.234349996
169.527802 -145.033997 0.2104
169.463806 -143.6698 0.230399996
169.589798 -143.509903 0.2456
169.594101 -143.303299 0.143600002
169.444901 -141.839493 0.195999995
169.565994 -141.912903 0.216199994
169.563995 -140.577301 0.219099998
169.411804 -140.279495 0.180299997
169.529297 -140.119507 0.148800001
169.7202 -156.972702 0.431300014
169.708694 -156.677704 0.354000002
169.644501 -156.51651 0.364300013
169.701508 -155.018295 0.352299988
169.723495 -150.959595 0.287900001
169.678711 -149.334808 0.235100001
169.634796 -148.440399 0.215499997
169.684952 -148.092102 0.257649988
169.733063 -147.62149 0.219300002
169.791595 -147.260696 0.184499994
169.630707 -146.713699 0.226799995
169.782104 -146.019806 0.249699995
169.648499 -145.936493 0.243499994
169.630203 -144.814499 0.186900005
169.749695 -144.091705 0.142399997
169.644653 -142.365005 0.169200003
169.653305 -142.048798 0.222599998
169.675293 -141.759293 0.132100001
169.755997 -141.6716 0.240700006
169.736603 -141.097794 0.149200007
169.626007 -140.904602 0.159899995
169.7948 -140.869003 0.208900005
169.875595 -156.928497 0.372500002
169.974503 -156.636307 0.367799997
169.862106 -155.854004 0.359200001
169.904007 -154.804901 0.351000011
169.861404 -153.539337 0.317499995
169.852295 -153.165207 0.292699993
169.931503 -152.828506 0.246700004
169.860794 -152.281097 0.275999993
169.916 -150.844208 0.249699995
169.904007 -149.746399 0.240099996
169.919495 -149.142197 0.279799998
169.929306 -147.848495 0.223399997
169.829193 -147.438202 0.146500006
169.810501 -147.199799 0.205799997
169.900299 -146.810196 0.220300004
169.824799 -146.365601 0.253600001
169.975693 -146.022797 0.25060001
169.828796 -145.089706 0.273799986
169.911194 -144.104904 0.214300007
169.911301 -143.6194 0.232199997
169.995407 -142.628296 0.173600003
169.952194 -142.499802 0.159199998
169.910507 -141.702606 0.169100001
169.855194 -141.032104 0.166500002
169.939697 -140.458603 0.195700005
169.860992 -140.459595 0.225099996
170.1474 -156.765549 0.363900006
170.153305 -156.414398 0.331999987
170.112061 -155.282944 0.378549993
170.091507 -155.117203 0.315200001
170.162643 -154.937149 0.347050011
170.072403 -153.190796 0.286199987
170.178894 -152.181503 0.151800007
170.179092 -151.586105 0.318500012
170.089996 -150.996094 0.282000005
170.1745 -150.389893 0.285600007
170.123993 -149.862503 0.236000001
170.179398 -148.547897 0.216199994
170.034897 -147.813095 0.1184
170.098495 -147.9021 0.235699996
170.1707 -147.428101 0.234400004
170.123596 -147.3396 0.191100001
170.152206 -147.396896 0.200299993
170.078705 -146.035507 0.196500003
170.052902 -145.468094 0.240700006
170.024994 -144.240997 0.187800005
170.039307 -143.266693 0.182400003
170.04834 -141.941742 0.165600002
170.1091 -141.242905 0.114100002
170.193893 -141.317398 0.251899987
170.146698 -141.020905 0.207200006
170.099152 -140.296844 0.178149998
170.358994 -157.9189 0.394600004
170.247696 -156.912399 0.330000013
170.350052 -156.061157 0.375400007
170.328506 -155.797897 0.340900004
170.243256 -154.355057 0.293550014
170.257507 -152.936798 0.28549999
170.2789 -152.689148 0.337300003
170.285309 -151.707153 0.295450002
170.279495 -150.644394 0.261400014
170.399399 -150.440399 0.268099993
170.344498 -149.744598 0.316500008
170.313705 -149.275101 0.361299992
170.339401 -149.038193 0.229300007
170.258057 -147.689148 0.23635
170.324707 -146.728607 0.225700006
170.251694 -146.552704 0.216900006
170.345093 -146.003204 0.252499998
170.381699 -145.743896 0.2236
170.358597 -144.075607 0.184
170.249252 -143.942139 0.2289
170.264145 -142.694351 0.173050001
170.354095 -141.052307 0.171100006
170.279861 -140.868301 0.164466664
170.331802 -140.076294 0.225899994
170.557693 -157.553894 0.360500008
170.576202 -156.427399 0.31220001
170.470245 -156.29834 0.363749981
170.5952 -156.196899 0.364100009
170.447403 -155.892395 0.356700003
170.571503 -155.495895 0.346599996
170.534302 -154.015198 0.289000005
170.505203 -153.848099 0.282400012
170.567596 -153.782394 0.35769999
170.507599 -153.454193 0.334699988
170.471603 -153.324554 0.304199994
170.486359 -152.888611 0.347949982
170.481903 -151.882507 0.289600015
170.421799 -151.391205 0.291000009
170.529999 -150.744202 0.291233331
170.443298 -149.969894 0.239700004
170.468353 -149.659256 0.28944999
170.433197 -149.305206 0.255699992
170.509949 -148.948044 0.252950013
170.451904 -148.232101 0.242799997
170.5569 -147.447006 0.254700005
170.414597 -146.4478 0.181799993
170.490707 -146.576096 0.2271
170.545395 -145.726105 0.206699997
170.455505 -145.037399 0.244450003
170.443695 -144.861954 0.264050007
170.522507 -144.4608 0.193200007
170.432404 -144.030502 0.203999996
170.479095 -143.792892 0.102200001
170.423203 -143.667297 0.208900005
170.505905 -143.599304 0.249599993
170.539093 -142.252502 0.170599997
170.558899 -141.833893 0.232999995
170.536407 -141.650101 0.150900006
170.438446 -141.319748 0.161449999
170.483398 -141.136307 0.195500001
170.503693 -140.5746 0.210800007
170.401093 -140.372498 0.202900007
170.598801 -140.090103 0.173800007
170.654297 -158.818604 0.400099993
170.634201 -158.558395 0.399500012
170.717804 -158.1819 0.416399986
170.6586 -156.444595 0.378199995
170.795197 -156.242706 0.392699987
170.791 -155.913498 0.370299995
170.667999 -155.761505 0.32100001
170.760559 -155.447998 0.350800008
170.733093 -154.615707 0.373600006
170.735703 -154.444107 0.342599988
170.761505 -152.825699 0.316500008
170.701294 -152.706696 0.302250028
170.616394 -152.3983 0.303499997
170.722397 -152.189102 0.275000006
170.653305 -151.771896 0.370299995
170.651093 -151.202896 0.335000008
170.633301 -150.918106 0.221599996
170.745407 -150.733994 0.280099988
170.760101 -150.322296 0.234599993
170.738098 -149.849106 0.261099994
170.633408 -149.689499 0.215299994
170.655197 -149.549606 0.221499994
170.744095 -149.286194 0.262899995
170.776794 -148.808701 0.258599997
170.629196 -148.774506 0.25150001
170.748901 -148.577057 0.217350006
170.658997 -148.304504 0.364199996
170.636902 -148.022507 0.263099998
170.716797 -147.817703 0.217700005
170.757004 -147.714203 0.26424998
170.770493 -147.530502 0.256999999
170.754303 -147.298096 0.324999988
170.670593 -146.991104 0.248300001
170.719803 -146.448807 0.256199986
170.623001 -146.274902 0.208199993
170.791 -146.035507 0.222200006
170.655701 -145.880402 0.219999999
170.745895 -145.154999 0.216100007
170.650208 -144.788605 0.189700007
170.780304 -144.414703 0.162699997
170.666504 -143.8479 0.151099995
170.718307 -143.674301 0.2421
170.700699 -143.472702 0.194499999
170.762695 -143.557602 0.263300002
170.636505 -143.139099 0.184200004
170.674194 -142.376801 0.175099999
170.608795 -142.309692 0.209399998
170.637741 -142.099106 0.179833338
170.750702 -141.651505 0.192300007
170.712601 -141.486099 0.178299993
170.651703 -141.450394 0.220300004
170.629593 -141.371002 0.159199998
170.616806 -141.095093 0.191300005
170.684097 -140.273407 0.197699994
170.822495 -159.1604 0.391499996
170.973297 -157.627899 0.375200003
170.951706 -156.963501 0.416500002
170.911301 -154.764008 0.355399996
170.995895 -153.477707 0.317699999
170.857498 -152.908005 0.271600008
170.900894 -152.315308 0.289499998
170.912659 -152.050049 0.293599993
170.811005 -151.140793 0.279399991
170.886398 -150.525101 0.242300004
170.901199 -150.061646 0.275950015
170.895004 -149.869995 0.221200004
170.85144 -149.541107 0.264400005
170.928207 -149.221207 0.265500009
170.940399 -149.195206 0.271600008
170.847504 -148.996994 0.245100006
170.972305 -146.460495 0.250699997
170.987595 -146.376205 0.223199993
170.867203 -145.872559 0.215700001
170.891296 -145.603104 0.245299995
170.921295 -145.2556 0.183300003
170.875595 -144.543701 0.2192
170.819595 -144.177094 0.195299998
170.982193 -143.948502 0.218199998
170.899094 -142.291199 0.204899997
170.8815 -142.146393 0.184
170.836304 -141.589294 0.168500006
170.854904 -140.995499 0.156499997
170.977402 -140.714005 0.119000003
171.186539 -159.680298 0.454433322
171.1017 -159.399994 0.410299987
171.143906 -159.160294 0.476799995
171.122803 -158.202896 0.446099997
171.071594 -158.127899 0.364050001
171.076202 -156.907043 0.329850018
171.151398 -156.599899 0.372500002
171.151993 -155.137802 0.386099994
171.150803 -154.490295 0.352200001
171.173996 -154.332306 0.358399987
171.018997 -153.380096 0.303200006
171.045807 -153.001495 0.189899996
171.104095 -151.852005 0.181999996
171.072693 -151.927002 0.271100014
171.134796 -150.194504 0.260100007
171.093903 -149.720795 0.216100007
171.061798 -149.370804 0.280999988
171.166504 -149.0271 0.2773
171.038895 -148.966003 0.231199995
171.002899 -148.120407 0.274800003
171.020004 -146.883301 0.323399991
171.022705 -146.171494 0.244800001
171.120407 -145.880005 0.230399996
171.063095 -145.704498 0.252799988
171.116302 -144.780106 0.226999998
171.151596 -144.593002 0.230599999
171.001694 -143.988602 0.173099995
171.153107 -143.050201 0.192499995
171.059296 -142.877106 0.187649995
171.134003 -142.888596 0.248199999
171.151306 -142.340607 0.243100002
171.175705 -141.991699 0.247799993
171.350006 -157.675995 0.421200007
171.398605 -157.358002 0.408899993
171.214294 -155.692093 0.37529999
171.308899 -155.484299 0.359299988
171.209396 -154.575394 0.328399986
171.228302 -153.881699 0.364199996
171.211594 -153.776596 0.327699989
171.27005 -153.557449 0.318599999
171.261398 -152.714996 0.32190001
171.345642 -152.278198 0.31765002
171.254807 -152.035004 0.286199987
171.346649 -151.94455 0.315549999
171.3992 -151.748199 0.295100003
171.380402 -151.473602 0.301600009
171.317993 -151.281693 0.300300002
171.2229 -151.029099 0.176100001
171.233505 -150.940903 0.288100004
171.229095 -150.570496 0.235300004
171.328293 -149.713699 0.226400003
171.371796 -149.109406 0.29339999
171.324295 -148.815994 0.299100012
171.229553 -148.572495 0.261449993
171.3134 -147.935303 0.263399988
171.308701 -147.498306 0.252299994
171.344696 -146.886795 0.238800004
171.342804 -146.440598 0.246600002
171.357346 -145.909546 0.214599997
171.397705 -145.751999 0.231600001
171.397003 -145.406403 0.222200006
171.267593 -144.088699 0.229999989
171.2164 -143.8237 0.162599996
171.358093 -143.753799 0.202099994
171.335602 -143.592804 0.213699996
171.277695 -143.380798 0.1655
171.218399 -143.224106 0.2051
171.314499 -143.037704 0.2042
171.365799 -142.970001 0.223700002
171.341003 -142.7043 0.188600004
171.264206 -142.622803 0.226400003
171.350204 -142.166107 0.2095
171.254105 -141.526901 0.240500003
171.278442 -140.916412 0.194700003
171.299301 -140.203293 0.1083
171.298294 -140.124298 0.160699993
171.464493 -157.6922 0.400599986
171.507294 -157.3078 0.424400002
171.408997 -156.2939 0.334399998
171.5065 -156.126404 0.328299999
171.485703 -155.845795 0.358099997
171.510895 -154.683395 0.327899992
171.401993 -154.271698 0.32249999
171.514801 -153.247101 0.373699993
171.505737 -152.876556 0.336600006
171.450607 -152.127396 0.324400008
171.5634 -151.927094 0.270599991
171.498993 -151.266098 0.2447
171.557449 -151.032349 0.249599993
171.500946 -150.633209 0.27700001
171.462997 -150.499207 0.230599999
171.502197 -150.377808 0.288599998
171.509201 -149.657501 0.3116
171.424805 -149.486694 0.250499994
171.559296 -148.821304 0.152799994
171.492905 -148.405106 0.236200005
171.513596 -148.141403 0.170699999
171.545395 -148.003601 0.241500005
171.522797 -147.985596 0.26879999
171.573395 -147.760895 0.2359
171.430496 -147.285889 0.241449997
171.436737 -146.919891 0.250699997
171.484894 -146.628098 0.218600005
171.495239 -145.905746 0.254449993
171.494202 -144.852997 0.138799995
171.554398 -144.637405 0.219400004
171.419907 -144.591202 0.231099993
171.508698 -144.377838 0.213699996
171.563354 -143.948944 0.223800004
171.459 -143.452698 0.215800002
171.412003 -143.238495 0.177599996
171.508804 -143.162399 0.194999993
171.427338 -143.075256 0.241050005
171.522705 -142.966202 0.204899997
171.407104 -142.726807 0.209900007
171.537292 -142.497894 0.172299996
171.491104 -141.9953 0.232800007
171.466003 -141.290604 0.181600004
171.531006 -141.122894 0.212500006
171.5448 -140.893005 0.167199999
171.477844 -140.108749 0.180999994
171.730103 -158.549103 0.388200015
171.765594 -158.043701 0.377099991
171.709 -156.486603 0.3204
171.643494 -156.124802 0.361600012
171.609695 -155.858307 0.371699989
171.7668 -155.418304 0.361200005
171.752899 -154.459503 0.340449989
171.739746 -154.0672 0.343850017
171.623703 -153.956497 0.318199992
171.69339 -153.3069 0.351400018
171.701202 -153.168304 0.294699997
171.751297 -152.452133 0.287533343
171.654602 -152.393097 0.3028
171.636108 -151.268799 0.290199995
171.687408 -151.077911 0.307749987
171.710907 -150.879059 0.28579998
171.736099 -150.773407 0.284299999
171.663605 -150.573349 0.288100004
171.631195 -149.243393 0.268999994
171.692993 -148.854904 0.226999998
171.617294 -148.5625 0.238199994
171.661285 -148.3517 0.247750014
171.7258 -147.921906 0.281100005
171.755402 -147.161194 0.226899996
171.707642 -146.893494 0.238499999
171.717697 -145.614899 0.226600006
171.774399 -145.446793 0.191100001
171.6651 -145.516098 0.239099994
171.719803 -145.360992 0.2447
171.679901 -144.779602 0.249500006
171.687408 -144.165741 0.229750007
171.788406 -143.611496 0.236300007
171.647095 -143.235992 0.215499997
171.721497 -142.984756 0.182300001
171.629807 -142.530197 0.252099991
171.6035 -142.116898 0.185299993
171.618103 -142.052399 0.251800001
171.742599 -141.451797 0.195899993
171.660004 -141.001907 0.254500002
171.621094 -140.713806 0.1558
171.708801 -140.522903 0.167699993
171.679306 -140.260406 0.228699997
171.790405 -140.022202 0.197799996
171.893295 -159.609497 0.479099989
171.8237 -158.447403 0.431600004
171.984802 -158.226898 0.464399993
171.9767 -157.813507 0.403400004
171.877594 -157.081696 0.421799988
171.901306 -156.889313 0.368550003
171.867294 -156.637604 0.345600009
171.854004 -155.530807 0.370000005
171.942703 -155.376495 0.378100008
171.898193 -155.111893 0.348199993
171.819504 -154.827499 0.318899989
171.948898 -154.780899 0.291799992
171.914062 -154.358093 0.352150023
171.932907 -153.857803 0.312000006
171.829895 -153.453705 0.320499986
171.953094 -153.016907 0.326299995
171.850906 -152.753296 0.291799992
171.996307 -151.8703 0.266200006
171.918228 -151.647369 0.295033336
171.850189 -151.505951 0.272599995
171.986801 -151.352203 0.248799995
171.909607 -150.908096 0.289299995
171.871902 -150.715607 0.283399999
171.806 -150.257507 0.234899998
171.948593 -150.178696 0.174899995
171.943253 -149.86441 0.2597
171.893997 -149.695694 0.291200012
171.861603 -149.302094 0.283300012
171.878601 -148.926498 0.251199991
171.802994 -148.258606 0.273799986
171.962494 -148.134293 0.248199999
171.967896 -147.627701 0.248899996
171.929199 -147.404099 0.263099998
171.834305 -147.269394 0.201800004
171.914398 -146.821503 0.239600003
171.919495 -146.633545 0.228149995
171.971802 -146.3629 0.241500005
171.897903 -145.066742 0.213750005
171.964203 -144.9729 0.178200006
171.881607 -144.140198 0.192900002
171.972107 -143.316696 0.225099996
171.867599 -142.630203 0.202199996
171.874496 -142.544601 0.239999995
171.953995 -142.348297 0.201399997
171.990295 -142.037704 0.2491
171.83345 -141.879456 0.225600004
171.841705 -141.470703 0.221699998
171.923599 -141.262497 0.215100005
171.928497 -140.924103 0.191799998
171.887207 -140.411102 0.2148
171.861099 -140.303253 0.121999994
171.860901 -140.060196 0.154499993
172.140411 -159.31424 0.41079998
172.158905 -157.308807 0.345400006
172.169998 -157.348602 0.409500003
172.031296 -155.029205 0.3477
172.196594 -154.951797 0.437400013
172.105804 -154.440308 0.33070001
172.110107 -154.225494 0.360700011
172.017197 -154.058899 0.326000005
172.089996 -153.785004 0.321700007
172.174698 -152.998505 0.357300013
172.162292 -152.613098 0.317400008
172.006805 -152.564606 0.324999988
172.084595 -152.370193 0.308499992
172.192093 -151.912094 0.306800008
172.154404 -151.104294 0.305400014
172.078705 -150.695648 0.258899987
172.159698 -150.573303 0.3046
172.1642 -150.346802 0.230949998
172.099197 -149.950806 0.179900005
172.136795 -149.925797 0.249799997
172.031693 -149.269608 0.236100003
172.082214 -149.050842 0.262300014
172.043503 -148.915497 0.291900009
172.166901 -148.774094 0.246600002
172.115692 -148.544693 0.259849995
172.071503 -147.650894 0.221599996
172.032898 -146.889206 0.231000006
172.189606 -146.278397 0.228499994
172.095993 -145.849106 0.231099993
172.176239 -145.754608 0.25029999
172.123199 -145.160202 0.242799997
172.158203 -144.974503 0.240700006
172.073807 -144.459702 0.207499996
172.024704 -144.260696 0.210800007
172.165405 -144.043396 0.200100005
172.059692 -143.624207 0.228699997
172.127304 -143.475998 0.198400006
172.169006 -143.154907 0.218400002
172.020599 -142.608902 0.237299994
172.0401 -142.077103 0.235200003
172.055099 -140.565994 0.216700003
172.386002 -159.081299 0.45629999
172.213196 -158.744598 0.411900014
172.2397 -158.2686 0.390799999
172.233704 -158.142502 0.406100005
172.286301 -157.529907 0.386599988
172.362396 -157.454697 0.423000008
172.277039 -156.848297 0.394299984
172.352005 -156.411804 0.391099989
172.315598 -156.359497 0.391499996
172.2995 -155.802002 0.378800005
172.203796 -155.743103 0.387499988
172.333801 -155.534195 0.363999993
172.246048 -155.284851 0.371450007
172.245132 -153.705307 0.318899989
172.294907 -153.303894 0.317900002
172.371704 -153.060898 0.338699996
172.273346 -152.470901 0.310499996
172.365005 -151.958694 0.298299998
172.276596 -151.621597 0.333700001
172.251801 -151.509201 0.258700013
172.349213 -151.08255 0.292750001
172.358749 -150.718399 0.286350012
172.212006 -150.422897 0.281899989
172.387894 -149.900604 0.255199999
172.261307 -149.437897 0.256999999
172.308304 -149.1017 0.176599994
172.322006 -149.136307 0.244900003
172.288895 -148.829605 0.272199988
172.226593 -148.513458 0.25999999
172.241196 -148.065201 0.226999998
172.360001 -147.885193 0.228100002
172.355698 -147.495193 0.274899989
172.327194 -147.347305 0.229800001
172.206543 -147.141251 0.247099996
172.250595 -146.903793 0.295700014
172.240005 -146.691406 0.266000003
172.373795 -145.858505 0.237900004
172.343597 -145.3255 0.198799998
172.274292 -145.211456 0.229699999
172.337097 -144.912994 0.137400001
172.287506 -144.438507 0.261500001
172.316803 -144.354294 0.220599994
172.352798 -144.180847 0.217649996
172.211395 -143.070404 0.202800006
172.275452 -142.618164 0.221700013
172.313797 -142.379105 0.220599994
172.360306 -142.159393 0.237599999
172.207703 -141.947495 0.226899996
172.296005 -141.397003 0.199399993
172.361404 -140.810104 0.194399998
172.304199 -140.253006 0.224700004
172.520401 -158.067795 0.348199993
172.447495 -157.660904 0.378199995
172.436295 -157.665298 0.427899987
172.531952 -156.479599 0.412750006
172.516403 -155.106903 0.358599991
172.596207 -154.534302 0.359100014
172.484802 -154.432693 0.424299985
172.560104 -154.000198 0.340799987
172.575806 -153.240494 0.33950001
172.535141 -152.691101 0.297100008
172.412506 -152.393799 0.341399997
172.586105 -151.914795 0.333499998
172.536896 -151.746704 0.305500001
172.470001 -151.450104 0.275000006
172.593903 -151.226395 0.316500008
172.494202 -150.859848 0.258599997
172.445099 -150.239502 0.257099986
172.49231 -149.257507 0.25850001
172.424606 -149.057297 0.263799995
172.599304 -148.784805 0.282700002
172.595398 -148.403198 0.253800005
172.529205 -148.362595 0.220100001
172.489807 -147.878906 0.280699998
172.464996 -147.660706 0.257299989
172.580994 -147.447006 0.294099987
172.596802 -147.284103 0.233799994
172.561905 -147.136795 0.248099998
172.493256 -146.801392 0.252149999
172.452698 -146.794998 0.253800005
172.529602 -146.522888 0.237049997
172.537399 -145.975296 0.231399998
172.527496 -145.693298 0.244499996
172.599304 -145.443604 0.302899987
172.501953 -145.379761 0.224749997
172.471405 -144.477493 0.187900007
172.578156 -144.101044 0.216349989
172.494293 -143.652206 0.188700005
172.453003 -143.128998 0.207149997
172.560303 -142.859695 0.234099999
172.445297 -142.239197 0.209000006
172.556 -142.121597 0.224849999
172.560806 -141.8022 0.189700007
172.403595 -141.512497 0.186199993
172.501999 -141.486496 0.242500007
172.459503 -141.277344 0.184900001
172.419205 -140.307602 0.190599993
172.640305 -159.871307 0.437299997
172.630005 -158.984497 0.409099996
172.628799 -158.080109 0.413399994
172.702499 -157.3125 0.399599999
172.664902 -157.325699 0.415800005
172.751205 -156.443298 0.40200001
172.724792 -156.226395 0.38350001
172.617203 -155.939102 0.359600008
172.661346 -155.252151 0.363999993
172.770996 -155.110397 14.6920996
172.751602 -154.999802 0.352400005
172.646103 -154.114807 0.327499986
172.705505 -153.694794 0.332800001
172.685242 -153.481598 0.349099994
172.628006 -153.121307 0.359800011
172.666504 -152.770096 0.169
172.686646 -152.749802 0.324699998
172.719208 -152.520813 0.304149985
172.770599 -152.319199 0.299299985
172.778702 -152.086807 0.314399987
172.658905 -151.6362 0.270300001
172.754898 -151.584106 0.310600013
172.728455 -151.313644 0.326350003
172.707596 -151.159302 0.282099992
172.610703 -150.899094 0.269800007
172.761505 -150.327499 0.251800001
172.768204 -150.091705 0.284799993
172.759399 -149.994995 0.287800014
172.746002 -149.655396 0.281899989
172.669907 -149.048492 0.28549999
172.738403 -148.845001 0.2588
172.701004 -148.350693 0.2333
172.728546 -147.723358 0.252200007
172.691406 -147.384903 0.264200002
172.720398 -146.953995 0.239299998
172.661301 -146.665802 0.261399984
172.652603 -146.503403 0.231199995
172.741501 -145.886108 0.269299984
172.632996 -145.516205 0.223299995
172.784607 -144.854202 0.202399999
172.679794 -143.342499 0.221000001
172.609604 -142.606705 0.217500001
172.612198 -142.534195 0.189700007
172.759003 -142.040604 0.245199993
172.677795 -141.168396 0.180399999
172.754593 -140.440598 0.185699999
172.673294 -140.567596 0.222900003
172.742493 -140.033905 0.216399997
172.934998 -159.322495 0.411000013
172.947006 -158.638596 0.371899992
172.840195 -158.306702 0.435299993
172.957703 -157.0159 0.38350001
172.810898 -157.011993 0.419699997
172.800507 -156.676804 0.402399987
172.913696 -156.218399 0.378500015
172.914398 -154.885101 0.360249996
172.880157 -154.300995 0.350300014
172.920898 -153.883453 0.326399982
172.856293 -153.794998 0.398699999
172.911591 -153.533295 0.308800012
172.949493 -152.949799 0.349599987
172.917404 -152.367004 0.283100009
172.849594 -151.732498 0.314099997
172.848099 -151.410202 0.319799989
172.854996 -151.384705 0.263500005
172.952057 -150.966309 0.251900017
172.821106 -150.4673 0.274199992
172.921997 -150.217148 0.292199999
172.872696 -149.990906 0.328599989
172.879303 -149.647705 0.279700011
172.915985 -149.556061 0.262199998
172.943497 -148.924698 0.272000015
172.872894 -148.631104 0.267399997
172.975006 -148.018906 0.275099993
172.823303 -147.947296 0.270000011
172.971497 -147.548798 0.266000003
172.987793 -147.043594 0.248500004
172.86525 -146.673294 0.239150003
172.984497 -146.308105 0.257299989
172.934204 -145.638199 0.247600004
172.841202 -145.535004 0.213100001
172.971207 -145.335007 0.239299998
172.969604 -144.837006 0.236699998
172.904404 -144.308502 0.221100003
172.873657 -143.751495 0.221949995
172.932495 -143.494293 0.162599996
172.932693 -143.487595 0.223000005
172.991699 -143.3116 0.207599998
172.912048 -143.156952 0.239500001
172.953842 -142.657837 0.230533332
172.970001 -142.494293 0.1998
172.887131 -142.481903 0.2245
172.918396 -141.801193 0.187900007
172.903595 -141.498093 0.192399994
172.825806 -141.305603 0.148900002
172.828705 -141.011703 0.178800002
172.953598 -140.7509 0.176899999
172.955399 -140.615204 0.211600006
172.844894 -140.521698 0.220300004
172.887695 -140.289902 0.184200004
172.943497 -140.272598 0.237499997
173.059204 -158.906494 0.511300027
173.137497 -158.778595 0.407400012
173.059097 -157.868896 0.38530001
173.110397 -157.848801 0.425799996
173.091705 -157.365005 0.418099999
173.151001 -156.8405 0.403600007
173.159393 -156.511658 0.38745001
173.154404 -155.54483 0.38986668
173.184692 -155.227905 0.406100005
173.045807 -155.104401 0.368250012
173.035797 -153.491302 0.348199993
173.166397 -153.267303 0.297199994
173.089294 -153.127808 0.344699979
173.174301 -151.646393 0.297500014
173.192703 -151.256302 0.305500001
173.082642 -151.079697 0.291299999
173.078003 -150.977295 0.27610001
173.039902 -150.6996 0.247700006
173.158005 -149.882797 0.337799996
173.082504 -149.6427 0.291000009
173.140427 -149.256104 0.292966664
173.089294 -148.903503 0.261849999
173.0327 -148.750107 0.269199997
173.1828 -148.335403 0.254299998
173.161301 -148.087006 0.286599994
173.049194 -147.978897 0.185900003
173.057297 -147.414902 0.239299998
173.124847 -147.30304 0.26880002
173.116898 -147.018295 0.244599998
173.113007 -146.908905 0.265300006
173.1633 -146.680405 0.269300014
173.037994 -146.566605 0.246700004
173.165405 -146.269699 0.356900007
173.197296 -146.037003 0.252600014
173.108795 -145.668396 0.254833341
173.068207 -145.597504 0.266499996
173.1147 -145.32074 0.234200001
173.153595 -145.130005 0.236900002
173.145905 -144.8237 0.276199996
173.047302 -144.588501 0.237299994
173.073593 -144.278503 0.213200003
173.151505 -143.935303 0.168500006
173.099396 -143.643997 0.215299994
173.119446 -143.4944 0.238350004
173.070602 -142.736603 0.215800002
173.195496 -142.102798 0.196700007
173.037903 -141.544098 0.242300004
173.163193 -141.235901 0.186800003
173.1026 -141.365799 0.220599994
173.038193 -141.097 0.187900007
173.050293 -140.4328 0.165800005
173.143372 -140.540695 0.212033331
173.031006 -140.262497 0.225600004
173.260193 -157.880905 0.405999988
173.206299 -157.439697 0.423400015
173.3284 -157.070496 0.426999986
173.264893 -156.986694 0.383599997
173.265106 -156.764297 0.411900014
173.239059 -156.311035 0.384233326
173.234604 -155.856094 0.409000009
173.342102 -155.440399 0.359400004
173.2388 -154.366394 0.359600008
173.262405 -154.332306 0.435699999
173.322205 -154.119293 0.344999999
173.331146 -153.733459 0.342900008
173.232605 -153.564194 0.351000011
173.339401 -152.917297 0.339850008
173.353394 -152.501801 0.315200001
173.384003 -152.241699 0.347900003
173.311005 -152.077545 0.333999991
173.382095 -151.846207 0.334800005
173.365997 -151.703201 0.284200013
173.334 -151.352707 0.335700005
173.316696 -150.663086 0.25485
173.389694 -150.596207 0.289900005
173.3172 -150.264008 0.254799992
173.279495 -150.138199 0.284200013
173.385406 -149.9048 0.299600005
173.344193 -149.704407 0.264400005
173.383087 -149.039337 0.272300005
173.261902 -148.589203 0.238700002
173.272202 -148.334396 0.256999999
173.226807 -148.022293 0.264800012
173.333801 -147.802002 0.268000007
173.225204 -147.795105 0.235200003
173.297958 -147.064804 0.270366669
173.327896 -145.344604 0.237299994
173.313095 -144.936707 0.231600001
173.2715 -144.269104 0.228799999
173.350296 -143.854507 0.238100007
173.326752 -143.314148 0.219399989
173.292206 -143.008194 0.210700005
173.371094 -142.942902 0.185399994
173.312897 -141.795898 0.193900004
173.269897 -141.724487 0.233150005
173.351501 -141.539093 0.240500003
173.210297 -141.166199 0.190799996
173.233002 -140.804092 0.204899997
173.366898 -140.667892 0.165999994
173.309692 -140.496902 0.1787
173.276306 -140.364105 0.188999996
173.248199 -140.051804 0.195500001
173.226807 -140.163803 0.232700005
173.430695 -159.763901 0.563000023
173.516449 -157.863007 0.428650022
173.414093 -157.606003 0.398600012
173.505493 -157.738403 0.415800005
173.490707 -157.431595 0.396499991
173.569 -157.332703 0.372099996
173.576599 -156.616806 0.484600008
173.471832 -156.500534 0.410366654
173.418793 -155.387299 0.372299999
173.519501 -155.268295 0.404900014
173.495499 -154.560898 0.369300008
173.445099 -154.182999 0.364800006
173.555496 -153.515594 0.350899994
173.451508 -152.888641 0.337249994
173.428406 -152.312958 0.316599995
173.516296 -152.127701 0.326400012
173.517792 -151.660599 0.307099998
173.445801 -150.343094 0.255600005
173.498947 -150.093292 0.284950018
173.502274 -149.732468 0.268933326
173.471863 -149.526962 0.255633324
173.406403 -149.343506 0.241099998
173.519302 -148.817596 0.165399998
173.520203 -148.828598 0.249699995
173.4077 -148.771698 0.291599989
173.510895 -148.393097 0.291500002
173.405594 -148.105103 0.197400004
173.427399 -148.050003 0.272199988
173.559845 -147.88916 0.27125001
173.570908 -147.664001 0.282599986
173.535797 -147.438004 0.246800005
173.506393 -147.1772 0.252999991
173.443497 -146.601105 0.246099994
173.455002 -146.430695 0.261099994
173.535706 -146.342499 0.313300014
173.538406 -146.192993 0.266099989
173.587906 -145.983704 0.246900007
173.549194 -145.406204 0.2755
173.520493 -145.224197 0.189400002
173.422607 -145.385193 0.238700002
173.445007 -145.086502 0.230250001
173.592102 -144.600998 0.189099997
173.445206 -144.608505 0.254900008
173.464493 -144.435501 0.224299997
173.519104 -144.284851 0.234200001
173.51265 -143.902191 0.213599995
173.498001 -143.690094 0.202399999
173.489502 -143.220001 0.265399992
173.452652 -143.141296 0.229499996
173.425705 -142.866394 0.235400006
173.560349 -142.768005 0.228949994
173.562103 -142.4711 0.193599999
173.495697 -142.470795 0.215200007
173.432999 -142.299103 0.2333
173.439545 -142.107147 0.232450008
173.447495 -141.606003 0.241400003
173.563599 -141.326599 0.233099997
173.541794 -141.0681 0.230399996
173.464706 -140.8134 0.226799995
173.475906 -140.627106 0.245800003
173.458801 -140.198303 0.2007
173.764206 -158.615707 0.391000003
173.683395 -158.120895 0.424600005
173.609207 -157.832901 0.407700002
173.656601 -157.636047 0.470050007
173.714294 -157.569794 0.454299986
173.746368 -157.334061 0.415699989
173.747192 -157.026199 0.414099991
173.634293 -156.803802 0.432200015
173.719009 -156.496964 0.37166667
173.6082 -156.431595 0.403400004
173.742203 -156.375702 0.395399988
173.605698 -155.824295 0.370799989
173.736603 -155.683044 0.379999995
173.694397 -155.625595 0.400000006
173.716995 -155.412399 0.410699993
173.656555 -155.290039 0.313499987
173.679291 -154.094849 0.358999997
173.7547 -153.944794 0.36559999
173.710205 -153.750504 0.354000002
173.772842 -153.475327 0.349466652
173.763306 -153.289749 0.361449987
173.687576 -153.070602 0.337949991
173.748596 -152.907104 0.333800018
173.792892 -152.048798 0.346300006
173.701538 -151.763153 0.325299978
173.755737 -151.44574 0.293799996
173.749496 -150.917801 0.229900002
173.763794 -150.667496 0.296550006
173.723938 -150.292999 0.274949998
173.630493 -150.071304 0.291500002
173.772202 -149.686096 0.258399993
173.708557 -149.454895 0.268100023
173.666901 -149.078506 0.248600006
173.709793 -148.666306 0.271200001
173.630905 -148.259308 0.244149998
173.625504 -148.144394 0.273600012
173.600494 -147.6026 0.240700006
173.639694 -147.311005 0.257999986
173.650208 -147.174606 0.262300014
173.752594 -146.901596 0.27759999
173.703003 -146.702087 0.247900009
173.704102 -146.341904 0.249699995
173.619293 -145.654358 0.273400009
173.796402 -145.542007 0.252499998
173.664093 -144.815002 0.236300007
173.686203 -144.7453 0.233949989
173.6763 -144.523102 0.243399993
173.703949 -144.317749 0.207450002
173.602997 -143.905807 0.300700009
173.720001 -143.740494 0.248799995
173.705002 -143.48349 0.234750003
173.691406 -143.085495 0.226500005
173.679306 -142.691696 0.235699996
173.628357 -142.499695 0.245799989
173.786896 -142.097107 0.240700006
173.713745 -141.87146 0.219749987
173.768005 -141.683197 0.212899998
173.718796 -141.310104 0.229300007
173.715103 -140.718201 0.219899997
173.781097 -140.571304 0.226999998
173.623398 -140.354507 0.176699996
173.710968 -140.245956 0.226366669
173.971207 -159.8936 0.870599985
173.801697 -159.534897 0.458499998
173.992203 -159.071106 0.522199988
173.849594 -157.452103 0.399399996
173.864899 -157.516296 0.402700007
173.846893 -157.161896 0.389299989
173.912796 -157.147903 0.421200007
173.979294 -156.587799 0.406599998
173.802399 -155.937302 0.417499989
173.871597 -154.983307 0.377299994
173.809296 -154.228699 0.3574
173.871094 -154.109299 0.354600012
173.992004 -154.087402 0.425599992
173.843903 -153.849548 0.327199996
173.901352 -153.659607 0.353699982
173.873596 -153.253204 0.341600001
173.858093 -152.600998 0.335700005
173.960205 -152.482498 0.38319999
173.980301 -152.060196 0.346100003
173.817795 -151.930603 0.352499992
173.858093 -151.474243 0.3116
173.876053 -151.296844 0.314199984
173.944748 -151.09549 0.286499977
173.894608 -150.945007 0.3037
173.873901 -150.750305 0.289600015
173.844894 -150.448196 0.372399986
173.903 -150.278839 0.277933329
173.899506 -149.8125 0.279700011
173.859955 -149.695862 0.256399989
173.952896 -149.375107 0.283100009
173.873199 -149.030106 0.274599999
173.814362 -148.890274 0.257566661
173.968903 -148.695007 0.253600001
173.958893 -148.393097 0.26730001
173.980896 -148.111206 0.265599996
173.908295 -147.997101 0.261099994
173.926697 -147.741699 0.271699995
173.901596 -146.968506 0.248300001
173.873993 -146.209 0.273099989
173.88385 -145.640961 0.259599984
173.925201 -145.281403 0.254999995
173.896637 -145.045593 0.250550002
173.8927 -144.894897 0.224700004
173.919891 -144.078003 0.283100009
173.94635 -143.533997 0.242200002
173.920837 -143.307541 0.230166674
173.885803 -142.934204 0.2377
173.845901 -142.639893 0.1796
173.880203 -142.725998 0.227899998
173.940598 -142.463593 0.20555
173.940002 -142.275299 0.242300004
173.921402 -142.137894 0.219799995
173.820404 -141.882996 0.222299993
173.93515 -141.703552 0.225850001
173.826004 -141.402206 0.1963
173.9086 -141.591293 0.243300006
173.893341 -141.117599 0.198833331
173.839294 -140.547501 0.191300005
173.939499 -140.016907 0.179900005
174.102097 -159.935562 0.873899996
174.150406 -159.446304 0.408499986
174.112503 -159.550507 0.600199997
174.014404 -159.382401 0.579999983
174.047501 -158.980301 0.568899989
174.198807 -158.725296 0.507300019
174.1371 -157.631393 0.381900012
174.11586 -157.477005 0.385266662
174.160004 -157.367203 0.397300005
174.080307 -157.207199 0.411500007
174.193893 -157.095703 0.389899999
174.046906 -156.554703 0.414299995
174.116455 -155.684509 0.381099999
174.029404 -155.101105 0.361200005
174.125198 -154.665649 0.359699994
174.098251 -154.497406 0.367449999
174.1595 -154.134293 0.373299986
174.034393 -153.693954 0.33950001
174.140106 -153.399902 0.343400002
174.058105 -152.9366 0.330000013
174.013397 -152.201004 0.313899994
174.154495 -152.078094 0.350800008
174.007401 -151.810303 0.310200006
174.053604 -151.412292 0.294400007
174.076111 -149.695099 0.295450002
174.095795 -149.495407 0.281500012
174.105499 -148.854202 0.261633337
174.016602 -148.563797 0.282700002
174.112701 -148.187393 0.284200013
174.098999 -147.871597 0.274599999
174.063599 -147.690796 0.257999986
174.024902 -147.550095 0.294499993
174.112595 -147.317749 0.255600005
174.144348 -147.04805 0.285099983
174.082153 -146.887497 0.275600016
174.06723 -146.676102 0.25712499
174.081497 -146.575104 0.248999998
174.040451 -146.33429 0.266099989
174.175797 -146.123093 0.281399995
174.0923 -145.9785 0.268450022
174.112061 -145.698105 0.251733333
174.070099 -145.4991 0.271100014
174.102402 -145.340607 0.270300001
174.093704 -145.059601 0.254400015
174.107224 -144.710541 0.232766673
174.060699 -144.481537 0.231133342
174.042938 -144.353699 0.241600007
174.100616 -144.080582 0.246549994
174.003403 -143.988998 0.225700006
174.095505 -143.503693 0.249300003
174.037094 -143.264999 0.228599995
174.122162 -143.128754 0.23725
174.086502 -142.851501 0.2183
174.100906 -142.586487 0.249599993
174.089294 -142.262604 0.252600014
174.057495 -141.964005 0.207599998
174.065201 -141.720901 0.165199995
174.170441 -141.559601 0.222849995
174.104401 -141.333496 0.219300002
174.121201 -140.928802 0.198699996
174.086197 -140.745499 0.245900005
174.177795 -140.5522 0.169200003
174.027893 -140.378006 0.198599994
174.218094 -159.436996 0.514699996
174.248901 -159.505096 1.12559998
174.284805 -159.1978 0.968599975
174.264694 -158.796097 0.49849999
174.298996 -158.169495 0.402999997
174.243805 -157.1409 0.3574
174.266693 -156.980698 0.338
174.344193 -156.608994 0.402399987
174.206497 -155.866898 0.384600013
174.372299 -155.156998 0.395999998
174.289093 -154.136795 0.352499992
174.238556 -153.806396 0.356150001
174.237701 -153.582993 0.343400002
174.309769 -153.239899 0.350800008
174.211594 -153.044601 0.328000009
174.361801 -152.822906 0.372500002
174.287704 -152.620605 0.337900013
174.214203 -152.526642 0.351850003
174.395599 -152.214294 0.327800006
174.310654 -152.042145 0.320649981
174.2258 -151.873795 0.303499997
174.324493 -151.748596 0.33860001
174.262939 -151.44397 0.328233331
174.302338 -151.351959 0.312350005
174.224304 -150.949799 0.318300009
174.280502 -150.712097 0.303200006
174.212006 -150.428406 0.32190001
174.265503 -150.097794 0.271100014
174.285797 -149.900146 0.286650002
174.383896 -149.713593 0.298400015
174.309296 -149.507904 0.294449985
174.325531 -149.145401 0.298166662
174.394104 -148.901505 0.283300012
174.370895 -148.773605 0.277099997
174.369202 -148.507507 0.300700009
174.305801 -148.266296 0.284200013
174.299805 -148.029907 0.270300001
174.309998 -147.636902 0.254599988
174.396103 -147.293503 0.278499991
174.277405 -147.095596 0.268000007
174.3582 -146.908401 0.268900007
174.29306 -146.515396 0.276000023
174.223404 -146.141296 0.251199991
174.315903 -145.697998 0.249650002
174.375305 -145.169998 0.242699996
174.343094 -144.911102 0.225199997
174.357803 -144.261093 0.230199993
174.289307 -142.8909 0.229900002
174.381607 -142.798996 0.257400006
174.397293 -142.314301 0.244499996
174.293198 -142.190994 0.213100001
174.288101 -141.991898 0.250999987
174.387802 -140.865997 0.197899997
174.309799 -140.8992 0.226600006
174.348999 -140.755096 0.196999997
174.337799 -140.496796 0.236200005
174.269394 -140.237106 0.190400004
174.2677 -140.369995 0.236499995
174.339493 -140.064194 0.191300005
174.325607 -140.051407 0.226500005
174.458496 -159.044693 0.681299984
174.470001 -159.084106 0.898833334
174.460907 -158.887497 0.474099994
174.484695 -158.849106 0.685599983
174.561005 -158.8405 1.17659998
174.530106 -158.734299 1.27620006
174.494247 -158.436798 0.665099978
174.545578 -158.294281 0.500474989
174.518295 -158.115799 0.438699991
174.543396 -156.451004 0.427599996
174.540497 -156.3396 0.432399988
174.519043 -156.097748 0.45085001
174.489197 -155.9729 0.45660001
174.516098 -155.3396 0.415300012
174.462906 -154.224548 0.374650002
174.44931 -153.909302 0.369899988
174.429596 -153.483597 0.341399997
174.437805 -153.346497 0.351799995
174.536804 -152.756104 0.381199986
174.460602 -152.485397 0.372999996
174.565994 -152.301193 0.334899992
174.418503 -151.891006 0.32980001
174.508347 -151.700043 0.34740001
174.490753 -151.469086 0.339749992
174.589005 -151.363998 0.327600002
174.490799 -151.159698 0.294400007
174.416702 -150.966705 0.31220001
174.523804 -150.71579 0.34465
174.475906 -150.480896 0.340499997
174.471176 -150.290192 0.280200005
174.535904 -150.100906 0.338800013
174.449097 -149.518097 0.259600013
174.540207 -149.227997 0.294800013
174.580902 -149.0914 0.25940001
174.48819 -148.717041 0.279250026
174.462997 -148.418594 0.256900012
174.451508 -148.267944 0.28974998
174.507492 -148.093338 0.25546667
174.477295 -147.807907 0.273900002
174.566437 -147.330109 0.274699986
174.537292 -146.925293 0.264899999
174.549896 -146.410904 0.267399997
174.455048 -146.041656 0.260150015
174.502258 -145.659439 0.27123332
174.493805 -145.441696 0.255100012
174.561401 -145.337097 0.257499993
174.451294 -145.073105 0.266400009
174.494705 -144.687073 0.250533342
174.445602 -144.5522 0.238199994
174.503052 -144.33194 0.235149994
174.455261 -144.05249 0.225850001
174.499405 -143.910706 0.247199997
174.423294 -143.553101 0.244499996
174.405197 -143.122696 0.243799999
174.541107 -142.878098 0.249699995
174.466904 -142.729202 0.23725
174.474594 -142.509903 0.269800007
174.459412 -142.062592 0.232800007
174.541351 -141.689148 0.210799992
174.468201 -141.358246 0.222649992
174.512497 -141.031693 0.197099999
174.526199 -141.089493 0.203899994
174.5952 -140.836395 0.186499998
174.466202 -140.929901 0.220200002
174.4879 -140.084503 0.220400006
174.724792 -159.888794 1.12740004
174.7565 -159.753906 1.10870004
174.792892 -159.320801 1.09230006
174.623993 -159.136505 0.813899994
174.667999 -158.872833 1.07723331
174.734283 -158.686523 0.948700011
174.759323 -158.688141 1.03017497
174.675751 -158.441101 0.563449979
174.736801 -158.47673 0.768100023
174.739929 -158.526566 0.900233328
174.719604 -158.526398 1.04449999
174.663361 -158.289932 0.54823333
174.700836 -158.290009 0.690880001
174.67215 -158.325897 0.856250048
174.715546 -158.109802 0.649950027
174.660599 -157.8461 0.383599997
174.710571 -157.332031 0.41929999
174.668503 -156.889694 0.349400014
174.643295 -156.5242 0.379200011
174.690643 -156.234711 0.414350003
174.7733 -155.912903 0.37439999
174.65184 -155.871826 0.414999992
174.604202 -155.729904 0.408199996
174.6297 -155.322906 0.391400009
174.770294 -155.337402 0.444299996
174.701294 -154.870193 0.372099996
174.768402 -154.178802 0.358599991
174.686493 -153.922302 0.372249991
174.650909 -153.522003 0.359650016
174.729996 -153.355362 0.34436667
174.709396 -153.143005 0.351199985
174.776093 -152.977295 0.341899991
174.716309 -152.705765 0.338499993
174.711807 -152.421097 0.353700012
174.671005 -152.364594 0.316199988
174.7659 -152.088593 0.350499988
174.645905 -151.520203 0.353399992
174.6633 -151.252304 0.337599993
174.772202 -150.727493 0.305000007
174.737198 -150.549805 0.303200006
174.754303 -150.346497 0.318500012
174.633911 -150.11496 0.298349977
174.734695 -149.5065 0.296400011
174.779404 -149.378204 0.282200009
174.701263 -148.973602 0.3028
174.603806 -147.618301 0.267199993
174.601593 -147.416397 0.264800012
174.632294 -147.366394 0.289099991
174.648697 -147.117249 0.278149992
174.738235 -146.920334 0.272933334
174.669907 -146.584305 0.265199989
174.623596 -146.204498 0.260899991
174.694702 -146.108505 0.272799999
174.655396 -145.800201 0.285299987
174.758499 -145.686859 0.260699987
174.676804 -144.714294 0.317900002
174.744797 -144.025406 0.235433325
174.611893 -143.719406 0.237200007
174.615707 -143.531006 0.227699995
174.621506 -143.330093 0.271899998
174.684174 -143.097397 0.251166672
174.742203 -142.898102 0.234500006
174.604706 -142.724197 0.316900015
174.642899 -142.408295 0.230000004
174.787994 -142.343094 0.228100002
174.739594 -142.137802 0.245900005
174.715103 -141.917099 0.239299998
174.629303 -141.473907 0.251899987
174.790695 -141.220505 0.217600003
174.71814 -141.142242 0.252700001
174.729034 -140.666473 0.210633337
174.729004 -140.249893 0.190500006
174.680206 -140.036697 0.179800004
174.767502 -140.063202 0.234300002
174.901352 -159.894012 1.12
174.871506 -159.689697 0.513999999
174.834045 -159.728027 1.12689996
174.965195 -159.541702 1.15890002
174.874939 -158.889847 0.531749964
174.943298 -158.938599 1.12660003
174.948639 -158.652328 0.906233311
174.867569 -158.729294 1.03970003
174.946198 -158.4664 0.540499985
174.859573 -158.464905 0.699379981
174.886063 -158.520721 0.880233347
174.869095 -158.302597 0.619899988
174.937897 -158.381805 1.01880002
174.973694 -157.952805 0.579699993
174.899139 -157.662506 0.534833372
174.899094 -157.604294 0.632799983
174.800705 -157.533707 0.399699986
174.915207 -157.561295 0.433800012
174.876099 -157.441193 0.662699997
174.882294 -157.139404 0.381399989
174.836807 -157.102707 0.411500007
174.865997 -156.726105 0.421000004
174.853897 -156.019104 0.463
174.910492 -155.237091 0.421649992
174.945847 -155.119553 0.399100006
174.945847 -155.097198 0.422600001
174.8936 -154.891602 0.383066654
174.866653 -154.701553 0.380599976
174.879593 -154.508301 0.39289999
174.875504 -154.579803 0.439500004
174.944748 -154.083405 0.429350019
174.981705 -153.995804 0.450300008
174.867401 -153.068207 0.333949983
174.897354 -152.719849 0.331499994
174.901535 -152.300827 0.337400019
174.932953 -152.128754 0.326200008
174.916306 -151.977203 0.325500011
174.86731 -151.647705 0.317749977
174.879898 -151.490707 0.319200009
174.867401 -151.23349 0.32159999
174.825363 -151.050842 0.304800004
174.872192 -150.890594 0.283499986
174.928299 -150.648697 0.307500005
174.963593 -150.403595 0.289600015
174.886734 -150.299332 0.278933346
174.916931 -149.714325 0.292524993
174.9133 -149.450806 0.275700003
174.900208 -149.204803 0.296200007
174.931091 -148.715302 0.280449986
174.904358 -148.57515 0.296350002
174.891953 -148.170395 0.269199997
174.874496 -147.9534 0.254500002
174.921799 -147.742798 0.276800007
174.894699 -147.444702 0.273900002
174.929001 -147.340149 0.304949999
174.939301 -147.100494 0.269600004
174.825195 -146.861298 0.243900001
174.815094 -146.084854 0.273800015
174.906952 -145.878296 0.281499982
174.913406 -145.679001 0.268400013
174.970001 -145.479095 0.275999993
174.899551 -145.278198 0.27125001
174.971603 -144.565308 0.236499995
174.964798 -144.355606 0.272199988
174.931198 -144.06424 0.231250003
174.859848 -143.713959 0.275449991
174.917755 -143.51445 0.238150001
174.995407 -143.202194 0.233199999
174.923096 -143.172195 0.249799997
174.898849 -142.954803 0.234600008
174.961395 -142.6772 0.234300002
174.972 -142.553604 0.229100004
174.895752 -142.034454 0.238849998
174.880997 -141.6474 0.231449991
174.863708 -141.338013 0.216800004
174.915451 -141.040802 0.214100003
174.875198 -140.63324 0.228650004
174.994598 -140.343307 0.235100001
174.963806 -140.025696 0.204899997
175.151093 -159.865204 0.392199993
175.116592 -159.8396 0.408100009
175.049133 -159.923492 0.627799988
175.1259 -159.966492 0.912850022
175.112747 -159.92865 1.01944995
175.078812 -159.683838 0.492060006
175.107101 -159.686005 0.692600012
175.097366 -159.702698 0.862100005
175.024307 -159.665604 1.05700004
175.175201 -159.531403 0.3292
175.096207 -159.483719 0.511799991
175.152893 -159.564896 0.804400027
175.087555 -159.544098 1.01380002
175.130203 -159.308304 0.474849999
175.105637 -159.319839 0.906133354
175.025497 -159.199997 0.583299994
175.159393 -159.125702 0.720899999
175.104477 -159.109406 0.925999999
175.034103 -159.125702 1.04560006
175.096832 -158.885834 0.540266693
175.054749 -158.865387 0.640550017
175.100922 -158.918518 0.92434001
175.038803 -158.91629 1.07850003
175.179459 -158.712265 0.449833333
175.102997 -158.722 0.673066676
175.051529 -158.718109 0.910571456
175.166504 -158.792007 1.00189996
175.08905 -158.57222 0.550774992
175.037994 -158.500198 0.743700027
175.180893 -158.557693 0.843100011
175.105698 -158.327072 0.519349992
175.134598 -158.103088 0.491950005
175.032104 -158.084702 0.69749999
175.148102 -157.929749 0.544749975
175.061646 -157.971497 0.664999962
175.098724 -157.666321 0.513700008
175.074493 -157.794296 0.601700008
175.120544 -157.485046 0.466714293
175.134705 -157.336105 0.422399998
175.197403 -157.016998 0.390599996
175.093094 -156.912201 0.384900004
175.03421 -156.910049 0.447549999
175.087204 -156.760193 0.34830001
175.186707 -156.468506 0.390799999
175.196701 -155.8172 0.365099996
175.100296 -155.759995 0.388399988
175.035202 -155.782806 0.407200009
175.138107 -155.317703 0.369899988
175.145325 -155.108566 0.374466658
175.032501 -155.075302 0.40079999
175.085007 -154.738495 0.363999993
175.114304 -154.121399 0.403299987
175.105804 -153.910004 0.426400006
175.135803 -153.212097 0.33039999
175.135101 -153.338196 0.481599987
175.106995 -153.071899 0.363900006
175.1577 -152.522797 0.323500007
175.059097 -152.040405 0.323500007
175.086197 -151.683395 0.316500008
175.190399 -151.288193 0.32159999
175.163239 -150.559647 0.3037
175.150299 -150.047699 0.282400012
175.011902 -149.890701 0.193399996
175.107101 -149.559906 0.280099988
175.058105 -149.280197 0.286500007
175.057037 -149.104156 0.279950023
175.067093 -148.848404 0.274100006
175.180099 -148.614105 0.276899993
175.141235 -148.447464 0.279833317
175.014496 -148.317001 0.27609998
175.186188 -148.052155 0.296999991
175.062958 -147.989594 0.26485002
175.092194 -147.722504 0.300900012
175.122711 -147.573792 0.276300013
175.108322 -147.279175 0.275150001
175.125458 -147.1436 0.27579999
175.157303 -146.917053 0.265500009
175.163361 -146.67485 0.260850012
175.155029 -146.454529 0.272933334
175.088394 -146.214905 0.260800004
175.109161 -146.077637 0.24000001
175.128006 -145.72406 0.268299997
175.093384 -145.5112 0.284449995
175.093796 -145.258102 0.2597
175.071106 -145.092606 0.1796
175.05249 -145.08313 0.265666664
175.024506 -144.719696 0.245399997
175.042801 -144.544205 0.246999994
175.078598 -144.278595 0.24682501
175.061295 -144.153305 0.257699996
175.077393 -143.905975 0.257666677
175.102356 -143.62854 0.256550014
175.114746 -143.449402 0.230800003
175.172394 -143.197601 0.2465
175.071625 -142.710922 0.246466666
175.068756 -142.513748 0.25850001
175.009201 -142.345993 0.223900005
175.1922 -141.895096 0.242599994
175.039398 -141.515854 0.219700009
175.073105 -141.366302 0.228200004
175.174606 -141.038895 0.215399995
175.182205 -140.813095 0.201399997
175.168625 -140.620529 0.231666654
175.036301 -140.574905 0.238900006
175.1922 -140.313995 0.203299999
175.253693 -159.717407 0.413100004
175.2379 -159.789993 0.933499992
175.253098 -159.428207 0.348699987
175.213806 -159.531998 0.788399994
175.371307 -159.111404 0.90200001
175.205002 -158.832001 0.43720001
175.233704 -158.776199 0.329100013
175.218399 -158.656998 0.41839999
175.290695 -158.503693 0.359299988
175.371002 -158.500793 0.425700009
175.294266 -158.242599 0.345933348
175.268997 -158.236404 0.457899988
175.259995 -158.088593 0.377900004
175.229996 -158.051895 0.409799993
175.291595 -157.664047 0.376349986
175.241028 -157.653702 0.466533333
175.202393 -157.524399 0.598200023
175.285095 -157.341309 0.367350012
175.236801 -157.289642 0.417199999
175.333405 -157.086456 0.345099986
175.253601 -156.802597 0.368499994
175.237564 -156.453568 0.37256667
175.362503 -156.520493 0.410899997
175.257553 -156.252899 0.369700015
175.254196 -156.193497 0.391900003
175.305649 -155.934113 0.36164999
175.349503 -155.633804 0.388700008
175.314606 -155.429993 0.43204999
175.318329 -155.286072 0.425333351
175.398804 -155.108093 0.355500013
175.286255 -154.953094 0.357199997
175.328476 -154.722153 0.363550007
175.302856 -154.559692 0.363200009
175.205307 -154.356598 0.351000011
175.287201 -153.888596 0.438899994
175.358307 -153.704102 0.390700012
175.266296 -153.742004 0.400299996
175.260498 -153.559845 0.388750017
175.235016 -153.333923 0.368425012
175.221497 -153.079407 0.34009999
175.328125 -152.926926 0.345833331
175.257706 -152.515701 0.359400004
175.344299 -152.288361 0.349700004
175.31543 -152.110992 0.354499996
175.282501 -151.963806 0.325399995
175.302734 -151.768829 0.331733346
175.37326 -151.459747 0.336549997
175.355606 -151.432404 0.432200015
175.3573 -151.234604 0.311300009
175.268494 -151.101227 0.325150013
175.337296 -150.992096 0.290800005
175.352142 -150.724503 0.295450002
175.363998 -150.541 0.319099993
175.333893 -150.289093 0.316900015
175.309601 -150.132996 0.307900012
175.338852 -149.692703 0.292299986
175.2341 -149.587601 0.275200009
175.359894 -149.256958 0.294950008
175.2892 -149.111099 0.292249978
175.203796 -148.914749 0.292050004
175.321701 -148.085403 0.289499998
175.262497 -147.893097 0.273799986
175.207993 -147.492004 0.261400014
175.241394 -147.045898 0.241899997
175.261993 -146.431 0.268299997
175.316299 -146.167099 0.264200002
175.288498 -145.718002 0.334800005
175.237 -145.222397 0.249599993
175.245499 -145.166794 0.253699988
175.299194 -144.625748 0.276950002
175.367996 -144.488998 0.268299997
175.287903 -142.911301 0.247550011
175.362198 -142.751495 0.243300006
175.308304 -142.505798 0.237100005
175.3909 -142.281494 0.227850005
175.349899 -141.646606 0.183200002
175.326202 -141.777206 0.238999993
175.291702 -141.552551 0.222599998
175.385803 -141.2621 0.227699995
175.310898 -141.178802 0.218099996
175.235397 -140.7845 0.195299998
175.29715 -140.718903 0.233500004
175.2173 -140.415802 0.222100005
175.238007 -140.322906 0.239600003
175.260803 -140.156494 0.199300006
175.2341 -140.128601 0.207000002
175.563507 -159.758896 0.367799997
175.581894 -158.853195 0.340499997
175.496994 -158.024094 0.340499997
175.488495 -157.014297 0.431600004
175.479599 -156.681396 0.339100003
175.469513 -155.621399 0.342199981
175.508743 -155.511795 0.33223334
175.427094 -155.240005 0.347499996
175.510803 -154.820602 0.3222
175.531235 -154.662643 0.332366675
175.531311 -154.284103 0.336899996
175.557404 -154.190903 0.260600001
175.529099 -153.901398 0.3574
175.529999 -153.52095 0.349950016
175.524902 -153.410599 0.424800009
175.496307 -153.335632 0.357600003
175.463303 -153.179993 0.344500005
175.43277 -152.761795 0.338400006
175.452698 -152.082596 0.326599985
175.562103 -151.649002 0.338400006
175.452194 -151.221497 0.307999998
175.440399 -151.178497 0.33919999
175.466995 -150.879807 0.288100004
175.414093 -150.505096 0.327600002
175.453476 -150.349136 0.289833337
175.45105 -150.051392 0.297699988
175.579605 -149.854294 0.2958
175.415298 -149.471298 0.291700006
175.410202 -149.185104 0.292400002
175.431854 -148.870209 0.291799992
175.47142 -148.692627 0.285899997
175.49852 -148.322449 0.280025005
175.515305 -148.104141 0.266533345
175.510574 -147.930267 0.269166678
175.570999 -147.736237 0.269050002
175.584198 -147.443497 0.267699987
175.52005 -147.047211 0.276650012
175.519394 -146.9785 0.2667
175.593445 -146.268738 0.274699986
175.499695 -146.14035 0.267199993
175.548706 -145.685349 0.294050008
175.549561 -145.517349 0.274300009
175.522598 -145.280106 0.249599993
175.554596 -145.091995 0.2597
175.47345 -144.949249 0.260900021
175.496399 -144.610107 0.264800012
175.508408 -144.5233 0.2333
175.459503 -144.3573 0.272599995
175.431198 -144.0354 0.242799997
175.525452 -143.767456 0.254999995
175.486572 -143.5177 0.246566668
175.577194 -143.329605 0.257699996
175.475739 -143.150345 0.249850005
175.530853 -142.716431 0.235974997
175.468307 -142.5504 0.239299998
175.433105 -142.261597 0.242400005
175.559494 -141.652206 0.230199993
175.421844 -141.548248 0.211649999
175.432297 -141.334259 0.214300007
175.484344 -140.917786 0.234250009
175.519363 -140.578064 0.239099994
175.438202 -140.061905 0.191599995
175.660538 -159.901291 0.371566653
175.75769 -159.651642 0.350499988
175.616653 -159.5634 0.378749996
175.696152 -159.286224 0.371574998
175.657669 -159.060226 0.363733321
175.650604 -158.940002 0.383399993
175.610107 -158.6203 0.396800011
175.722763 -158.470703 0.369300008
175.679535 -158.357803 0.364349991
175.729401 -158.035461 0.35710001
175.715195 -157.709427 0.369125009
175.701706 -157.542999 0.351599991
175.710602 -157.246201 0.349900007
175.661148 -157.104996 0.339349985
175.705704 -156.872452 0.336050004
175.721848 -156.686249 0.341549993
175.703094 -156.5177 0.358200014
175.767807 -156.327194 0.333299994
175.7267 -156.089996 0.343499988
175.738403 -155.919861 0.329299986
175.710693 -155.708801 0.350800008
175.6577 -155.4151 0.316599995
175.665558 -155.112045 0.321449995
175.666 -154.812393 0.322699994
175.698502 -154.712097 0.324349999
175.701202 -154.518005 0.317699999
175.768799 -154.225098 0.326999992
175.70076 -154.112091 0.32159999
175.696274 -153.919861 0.302833349
175.673553 -153.626007 0.338450015
175.710968 -153.274338 0.301933348
175.756897 -153.111053 0.29914999
175.681152 -152.813904 0.314549983
175.711227 -152.707092 0.317640007
175.797302 -152.391006 0.307500005
175.740433 -152.12236 0.322466671
175.771194 -152.187698 0.407999992
175.730042 -151.945801 0.345650017
175.621704 -151.690598 0.348699987
175.703247 -151.527039 0.334500015
175.761993 -151.321594 0.307900012
175.689804 -151.156204 0.356700003
175.76889 -150.873596 0.318800002
175.711563 -150.711792 0.301299989
175.632202 -150.453598 0.290800005
175.709 -150.267029 0.282674998
175.672867 -150.131561 0.298200011
175.743393 -149.889008 0.276800007
175.720947 -149.291901 0.293150008
175.651596 -149.138199 0.270000011
175.603302 -148.998703 0.265899986
175.669403 -148.7397 0.271600008
175.621002 -148.525208 0.269800007
175.7276 -148.310898 0.278800011
175.70694 -148.110107 0.285400003
175.693298 -147.501862 0.26910001
175.677841 -147.262527 0.250533342
175.631241 -147.104294 0.265300006
175.636902 -146.822495 0.276800007
175.747269 -146.788162 0.290266663
175.706604 -146.446106 0.264050007
175.769699 -146.320709 0.29519999
175.64975 -146.078094 0.264949977
175.692841 -145.699005 0.27759999
175.735794 -145.566101 0.258599997
175.777603 -145.297699 0.247299999
175.633102 -145.070801 0.246700004
175.786697 -144.768799 0.253600001
175.684601 -144.452698 0.270500004
175.6483 -144.218094 0.243200004
175.667145 -144.100754 0.25545001
175.701828 -143.863876 0.233833328
175.644699 -143.421402 0.303000003
175.604004 -143.292206 0.244900003
175.792496 -142.994095 0.251100004
175.785995 -142.728195 0.243799999
175.701111 -142.485992 0.249650002
175.686966 -142.253204 0.238000005
175.694794 -142.022293 0.227300003
175.748703 -141.874298 0.207499996
175.709702 -141.798203 0.216199994
175.641296 -141.361801 0.216000006
175.645004 -141.039902 0.218600005
175.721207 -140.860825 0.219500005
175.723801 -140.7603 0.229033321
175.739807 -140.462402 0.205899999
175.698898 -140.340057 0.230549991
175.767487 -140.095703 0.224700004
175.842804 -159.4599 0.37560001
175.825699 -159.155701 0.340999991
175.969498 -158.812195 0.399800003
175.842102 -158.527298 0.316599995
175.992294 -158.301407 0.346199989
175.928802 -157.300797 0.371450007
175.901901 -156.547897 0.354699999
175.857208 -154.863403 0.320100009
175.919403 -154.333603 0.300300002
175.906693 -153.948593 0.293799996
175.8535 -153.793198 0.326200008
175.850311 -153.539795 0.300449997
175.871002 -153.027893 0.297500014
175.811203 -152.959198 0.245199993
175.910904 -152.677795 0.276499987
175.830902 -152.570908 0.281800002
175.867645 -152.089005 0.307249993
175.884506 -151.696365 0.291233331
175.830597 -151.490753 0.297850013
175.866302 -151.268707 0.283699989
175.870438 -151.088348 0.294083327
175.874405 -150.9758 0.272399992
175.862045 -150.4673 0.283500016
175.877899 -150.365601 0.268900007
175.881805 -149.855606 0.278299987
175.840393 -149.685074 0.237000003
175.902802 -149.529144 0.270150006
175.946106 -149.229492 0.282499999
175.815308 -149.030304 0.290800005
175.990997 -148.881897 0.263200015
175.921707 -148.702957 0.276300013
175.865402 -148.503098 0.194499999
175.885101 -148.485046 0.278450012
175.964996 -148.244293 0.260100007
175.979599 -147.998993 0.257400006
175.991898 -147.459595 0.236100003
175.970795 -147.289902 0.292250007
175.982697 -147.132507 0.296099991
175.929153 -146.936844 0.259900004
175.899506 -146.730698 0.280800015
175.944199 -146.481735 0.258066654
175.887299 -146.361847 0.260199994
175.951797 -145.865997 0.264200002
175.839355 -145.501602 0.272400022
175.890594 -145.334106 0.251800001
175.908005 -145.013504 0.255499989
175.930756 -144.891998 0.244049996
175.919601 -144.5858 0.264800012
175.945709 -144.322144 0.2377
175.994995 -144.0159 0.232099995
175.855606 -143.944199 0.256599993
175.858307 -143.6586 0.232899994
175.973694 -143.393707 0.272799999
175.985703 -143.009995 0.179499999
175.900696 -143.150101 0.239999995
175.957703 -142.849792 0.245499998
175.891098 -142.542999 0.239700004
175.923431 -142.323059 0.225766659
175.89006 -141.914902 0.233940005
175.821198 -141.494904 0.218199998
175.92804 -141.225998 0.210599989
175.985199 -141.046295 0.212699994
175.986298 -140.912292 0.197699994
175.850693 -140.986801 0.211199999
175.917496 -140.772507 0.188500002
175.972504 -140.419403 0.212400004
176.09584 -159.922897 0.384000003
176.160095 -159.722595 0.36649999
176.10025 -159.520279 0.37817499
176.124695 -159.132507 0.378600001
176.114349 -158.955948 0.384649992
176.126572 -158.68634 0.378766656
176.093307 -158.503601 0.389699996
176.149597 -158.3741 0.391499996
176.090958 -158.152496 0.359033346
176.105972 -157.86937 0.35346666
176.125107 -157.502899 0.361699998
176.029694 -157.272995 0.335000008
176.040207 -157.181595 0.361000001
176.132751 -156.656052 0.352599978
176.145294 -156.526001 0.344399989
176.195801 -156.561996 0.459100008
176.082367 -156.280136 0.351300001
176.181702 -156.089905 0.335750014
176.056503 -155.742294 0.323700011
176.169205 -155.566299 0.354799986
176.144608 -155.079605 0.3037
176.139252 -154.900208 0.356750011
176.153229 -154.706039 0.325300008
176.056107 -154.205399 0.312099993
176.114456 -153.893829 0.312425017
176.062302 -153.617706 0.31220001
176.171997 -153.033905 0.300700009
176.167007 -152.889297 0.290199995
176.131851 -152.71051 0.293200016
176.111694 -152.573593 0.317999989
176.144104 -152.360306 0.288500011
176.145096 -152.009293 0.31189999
176.065598 -151.746704 0.2773
176.043503 -151.225403 0.279399991
176.094101 -151.1073 0.277549982
176.179703 -150.573593 0.256000012
176.064804 -150.223694 0.26820001
176.051849 -149.880646 0.277850002
176.137939 -149.680664 0.268366665
176.172806 -149.458954 0.252950013
176.114868 -149.321198 0.258733332
176.197495 -148.873398 0.254000008
176.046692 -148.265701 0.252000004
176.105148 -148.129303 0.274700016
176.114197 -147.851593 0.263199985
176.051071 -147.703171 0.252566665
176.103592 -147.505569 0.249666676
176.016449 -147.324905 0.261649996
176.095901 -147.06839 0.250499994
176.095459 -146.915604 0.249599993
176.188705 -146.661407 0.173999995
176.064331 -146.495804 0.243699998
176.08754 -146.132675 0.247799993
176.053055 -145.87439 0.255200028
176.049759 -145.63327 0.274533331
176.056503 -145.495193 0.199399993
176.121201 -145.555038 0.264699996
176.082077 -145.302795 0.254733354
176.014099 -145.132202 0.261999995
176.033493 -144.952194 0.259499997
176.093735 -144.658829 0.24966
176.020203 -144.470795 0.256999999
176.052002 -144.345993 0.245700002
176.057602 -144.142532 0.239299998
176.122803 -143.922897 0.228400007
176.026428 -143.698608 0.241633341
176.092606 -143.550705 0.211600006
176.066803 -143.164398 0.234500006
176.0849 -142.943298 0.242200002
176.133606 -142.733704 0.2236
176.001694 -142.513794 0.228300005
176.001404 -142.1689 0.279000014
176.115097 -141.720398 0.226600006
176.182007 -141.304092 0.220799997
176.044403 -141.038193 0.198500007
176.092194 -140.681854 0.212249994
176.038406 -140.447098 0.190300003
176.195206 -140.449493 0.236699998
176.147766 -140.320129 0.219033331
176.146301 -140.045197 0.194299996
176.097305 -140.117706 0.2042
176.267197 -159.8703 0.379700005
176.237106 -159.6129 0.372000009
176.247711 -159.5159 0.371699989
176.257095 -159.060806 0.376399994
176.304443 -158.611252 0.364849985
176.328903 -158.484497 0.397000015
176.252197 -158.276794 0.376166672
176.212494 -158.074097 0.367199987
176.218704 -157.90921 0.373050004
176.313202 -157.739197 0.363849998
176.317657 -157.514557 0.3583
176.291 -157.319 0.378100008
176.229294 -156.522705 0.347900003
176.213959 -156.306458 0.336400002
176.235306 -155.649002 0.310000002
176.3116 -155.463104 0.331400007
176.345398 -155.1194 0.3125
176.269714 -154.925995 0.330520004
176.354172 -154.723602 0.324499995
176.269043 -154.474213 0.314599991
176.267639 -154.236908 0.310450017
176.300629 -154.076294 0.313333333
176.309204 -153.891846 0.33405
176.229492 -153.709549 0.302599996
176.34227 -153.502899 0.323766679
176.25 -153.104309 0.299650013
176.261597 -152.68367 0.279033333
176.242203 -152.489395 0.301499993
176.283493 -152.345367 0.309266657
176.360657 -152.09259 0.288399994
176.328033 -151.906036 0.308433324
176.292297 -151.689026 0.295850009
176.375397 -151.460693 0.28549999
176.264648 -151.364014 0.279200017
176.314499 -151.192596 0.274500012
176.353638 -150.91185 0.261350006
176.30777 -150.70993 0.26712501
176.289062 -150.513504 0.260100007
176.317215 -150.298019 0.270880014
176.260254 -150.054504 0.267750025
176.345245 -149.828552 0.264499992
176.33374 -149.295975 0.282833338
176.386398 -149.184601 0.251700014
176.319855 -148.954956 0.308899999
176.325836 -148.688446 0.260600001
176.271805 -148.255005 0.249200001
176.268295 -148.173203 0.286199987
176.372101 -147.794006 0.251199991
176.232803 -147.523407 0.245399997
176.238602 -147.257401 0.242899999
176.270798 -147.144501 0.240799993
176.312851 -146.932297 0.24454999
176.266098 -146.277298 0.2333
176.206696 -146.127808 0.234999999
176.321701 -145.821503 0.218500003
176.366592 -145.786804 0.249799997
176.276901 -145.513351 0.260349989
176.293488 -145.261002 0.246950001
176.284607 -145.008194 0.251199991
176.240692 -144.897507 0.239333332
176.317398 -144.507004 0.216999993
176.351501 -144.363098 0.229750007
176.350601 -144.020493 0.250699997
176.324005 -143.889648 0.239950001
176.307999 -143.255005 0.215700001
176.215195 -142.660706 0.214100003
176.264893 -142.560486 0.235599995
176.320496 -142.210495 0.192499995
176.220596 -142.318893 0.238800004
176.314407 -142.070007 0.22906667
176.292175 -141.73764 0.214433327
176.301804 -141.446198 0.194399998
176.277802 -141.435898 0.200399995
176.334793 -141.2332 0.220200002
176.297485 -141.096603 0.221674994
176.293793 -140.814804 0.223800004
176.265137 -140.678696 0.213
176.241592 -140.417496 0.166299999
176.395798 -140.4534 0.208800003
176.330841 -140.273499 0.215050012
176.348602 -140.067093 0.209900007
176.518158 -159.924149 0.381349981
176.494904 -159.777298 0.390399992
176.489761 -159.494232 0.380833328
176.55925 -159.227692 0.368600011
176.587494 -159.1866 0.393299997
176.586502 -158.814102 0.403499991
176.529404 -158.740997 0.382499993
176.539703 -158.247406 0.344799995
176.486603 -157.936707 0.354600012
176.548004 -157.791702 0.385600001
176.501495 -157.565704 0.324699998
176.451706 -157.101593 0.33950001
176.559097 -156.667297 0.340600014
176.406494 -155.758102 0.331499994
176.456894 -155.544098 0.318599999
176.508408 -154.794601 0.301699996
176.589005 -154.577194 0.331
176.445602 -153.905304 0.298400015
176.457642 -153.762207 0.30675
176.576691 -153.499802 0.297600001
176.501297 -153.270004 0.240899995
176.419907 -153.104095 0.304800004
176.4207 -152.447906 0.287900001
176.598495 -152.240799 0.28580001
176.498688 -152.115555 0.282800019
176.446304 -151.522461 0.29096666
176.511505 -151.307693 0.286199987
176.406296 -151.098297 0.275299996
176.505295 -150.651703 0.287
176.5233 -150.231247 0.264600009
176.491501 -150.050598 0.277999997
176.494736 -149.875061 0.267800003
176.528046 -149.663757 0.260650009
176.487869 -149.497177 0.260433346
176.440506 -149.348206 0.251800001
176.528351 -149.10025 0.283150017
176.502548 -148.904358 0.262499988
176.511597 -148.784393 0.254599988
176.548004 -148.558197 0.245499998
176.494293 -148.305695 0.259200007
176.477341 -148.12616 0.250133336
176.506973 -147.872604 0.264133334
176.49234 -147.699631 0.264633328
176.492706 -147.504044 0.248199999
176.527328 -147.356308 0.246833339
176.497726 -147.121429 0.251533329
176.532349 -146.859604 0.249150008
176.527893 -146.612701 0.249699995
176.553299 -146.447693 0.2368
176.537643 -146.256653 0.234250009
176.542053 -146.060791 0.239549994
176.519104 -145.7388 0.235349998
176.529129 -145.28186 0.256624997
176.50116 -144.690964 0.240319997
176.519852 -144.071854 0.231550008
176.464203 -143.823593 0.226500005
176.407303 -143.789307 0.226500005
176.544449 -143.556641 0.228249997
176.490845 -143.271698 0.224399999
176.508102 -143.166595 0.225199997
176.490799 -142.908173 0.225549996
176.486664 -142.686768 0.23133333
176.487946 -142.49646 0.215200007
176.507141 -142.357254 0.22845
176.459732 -142.108704 0.211033329
176.501038 -141.902664 0.213533342
176.523651 -141.727646 0.227600008
176.457794 -141.512497 0.196999997
176.561493 -141.502304 0.212400004
176.504608 -141.268494 0.216949999
176.449493 -141.065796 0.208000004
176.485596 -140.906006 0.220449999
176.470398 -140.752045 0.203299999
176.478394 -140.524002 0.187199995
176.567596 -140.183899 0.207499996
176.709198 -159.90271 0.369800001
176.665802 -159.667511 0.368900001
176.645508 -159.527893 0.375100017
176.674103 -159.32106 0.380699992
176.671402 -159.065201 0.375233322
176.694244 -158.868195 0.363150001
176.718658 -158.690308 0.382550001
176.649902 -158.514603 0.367399991
176.665161 -158.106537 0.37166667
176.738693 -157.826202 0.359400004
176.704147 -157.63266 0.365649998
176.688965 -157.500137 0.364500016
176.691406 -157.383606 0.356599987
176.684692 -157.066803 0.349599987
176.685135 -156.886307 0.349733353
176.664856 -156.654297 0.359600008
176.667953 -156.517029 0.342024982
176.729706 -156.237 0.351000011
176.642105 -156.070297 0.328999996
176.708542 -155.905975 0.331279993
176.6017 -155.561996 0.391900003
176.695297 -155.227295 0.348100007
176.719437 -155.11264 0.323633343
176.701126 -154.873505 0.327924997
176.728302 -154.701294 0.317200005
176.744446 -154.473907 0.313350022
176.741806 -154.315399 0.30795002
176.734604 -154.083969 0.338833332
176.70993 -153.911392 0.318633348
176.763947 -153.706299 0.301499993
176.755997 -153.573898 0.323449999
176.691498 -153.348145 0.305700004
176.742401 -153.156204 0.307500005
176.678253 -152.904251 0.320850015
176.786102 -152.6026 0.278299987
176.735794 -152.484802 0.296200007
176.730301 -152.285202 0.29460001
176.778198 -152.112396 0.291200012
176.746704 -151.879395 0.300500005
176.744141 -151.7052 0.287850022
176.696091 -151.540466 0.272700012
176.7005 -150.844391 0.293300003
176.638596 -150.680298 0.271200001
176.722 -150.481903 0.294349998
176.621506 -149.845596 0.273600012
176.644897 -149.529205 0.27610001
176.782104 -149.306702 0.250200003
176.741196 -148.927902 0.279199988
176.666367 -148.636337 0.256933331
176.600296 -148.515396 0.26699999
176.634796 -148.302246 0.260500014
176.674805 -148.157867 0.254966676
176.650803 -147.606705 0.26699999
176.682495 -147.571701 0.243799999
176.715866 -147.345764 0.24589999
176.747849 -147.156555 0.242599994
176.619995 -146.928406 0.242000014
176.703201 -146.704193 0.2315
176.651901 -146.123108 0.250699997
176.692505 -145.948196 0.248599991
176.739502 -145.6548 0.277700007
176.673004 -145.587906 0.254700005
176.653046 -145.325699 0.243900001
176.726105 -145.093506 0.243799999
176.654099 -144.819 0.230800003
176.69516 -144.70903 0.234899998
176.654755 -144.5802 0.22815001
176.739105 -144.358307 0.229499996
176.700424 -144.07457 0.232999995
176.682755 -143.933197 0.22874999
176.630844 -143.667496 0.255400002
176.750397 -143.416504 0.267199993
176.643311 -143.313202 0.249149993
176.666107 -143.151093 0.242699996
176.671799 -142.932999 0.220699996
176.664993 -141.807602 0.193100005
176.674896 -141.457794 0.202500001
176.780502 -141.248093 0.208499998
176.736908 -140.85556 0.21785
176.767899 -140.651306 0.204999998
176.742996 -140.187897 0.203299999
176.957108 -159.110504 0.378399998
176.864548 -158.146652 0.350699991
176.805603 -157.990005 0.330900013
176.811752 -157.726746 0.34404999
176.901703 -157.528107 0.339399993
176.866135 -157.362534 0.342400014
176.808304 -157.051407 0.343699992
176.822403 -156.901703 0.3662
176.875946 -156.301636 0.340700001
176.850952 -155.908905 0.343500018
176.829407 -155.749695 0.337900013
176.957352 -155.132996 0.358949989
176.865906 -154.480499 0.324900001
176.892166 -154.322327 0.323533326
176.8302 -153.948242 0.300599992
176.878693 -153.752899 0.314500004
176.872192 -153.513306 0.314700007
176.835632 -153.246292 0.290633321
176.909302 -153.045364 0.30156666
176.897995 -152.864197 0.282274991
176.886002 -152.513702 0.309700012
176.858398 -152.335602 0.292899996
176.907257 -152.142746 0.311349988
176.902756 -151.940399 0.282499999
176.891953 -151.747955 0.290100008
176.914139 -151.541901 0.285100013
176.864304 -151.27182 0.278025001
176.982605 -151.099503 0.259200007
176.9272 -150.816498 0.266400009
176.893875 -150.760529 0.283499986
176.843307 -150.423294 0.272000015
176.888046 -150.273041 0.266600013
176.880798 -150.183548 0.283850014
176.880951 -149.903046 0.272599995
176.933304 -149.728394 0.272199988
176.927368 -149.525162 0.267133325
176.897461 -149.37413 0.259000003
176.976593 -149.089401 0.25850001
176.810303 -148.612701 0.263900012
176.919006 -148.419205 0.275000006
176.985504 -148.209793 0.2447
176.947998 -147.558701 0.174199998
176.853607 -147.391006 0.242400005
176.972702 -147.181 0.25940001
176.978195 -146.536407 0.236399993
176.870895 -146.394699 0.251399994
176.949402 -146.0522 0.234799996
176.851807 -145.800995 0.233899996
176.943207 -145.231506 0.236399993
176.823761 -145.069702 0.246100008
176.894196 -144.858795 0.221399993
176.919891 -144.684357 0.249500006
176.975204 -144.324799 0.219699994
176.871597 -144.061203 0.236666664
176.88681 -143.92926 0.233199999
176.938599 -143.640198 0.231399998
176.809692 -143.218094 0.232199997
176.804993 -143.010696 0.169499993
176.989304 -143.073105 0.2289
176.968445 -142.927307 0.225149989
176.969055 -142.732101 0.224799991
176.870804 -142.574799 0.216100007
176.968903 -142.343597 0.221450001
176.939758 -142.124939 0.215466663
176.938477 -141.920975 0.215849996
176.861694 -141.423904 0.157800004
176.908051 -141.524994 0.217099994
176.957794 -141.322754 0.196050003
176.877899 -141.299103 0.217500001
176.915527 -141.121292 0.213466659
176.906097 -140.96106 0.192000002
176.879501 -140.904099 0.212699994
176.805405 -140.666504 0.201299995
176.860901 -140.531738 0.219699994
176.806503 -140.233505 0.2007
176.971603 -140.020706 0.188299999
176.817596 -140.054306 0.221900001
177.128799 -159.717499 0.394600004
177.116608 -159.499527 0.374300003
177.151794 -159.410004 0.424499989
177.152237 -159.30423 0.377333343
177.153351 -159.124847 0.386099994
177.161957 -158.967194 0.38499999
177.141602 -158.699875 0.370050013
177.148224 -158.491699 0.368425012
177.134308 -158.283203 0.369949996
177.125504 -158.0952 0.380800009
177.158325 -157.920227 0.353399992
177.190994 -157.488449 0.36105001
177.151917 -157.272522 0.350199997
177.190857 -156.702652 0.355399996
177.155121 -156.495193 0.349824995
177.195297 -156.204895 0.3477
177.141495 -156.097702 0.358399987
177.130005 -155.752106 0.327499986
177.129807 -155.084137 0.323750019
177.1754 -154.873505 0.313300014
177.164093 -154.68924 0.329100013
177.189102 -154.503906 0.330500007
177.071899 -154.396103 0.342900008
177.114105 -153.084198 0.297399998
177.127106 -151.490997 0.288800001
177.112244 -151.171951 0.283349991
177.016693 -150.777802 0.254099995
177.050995 -150.409393 0.273099989
177.041595 -150.105499 0.272100002
177.06015 -149.653839 0.258149981
177.08493 -149.538773 0.275066674
177.099396 -149.270142 0.253850013
177.153702 -149.086502 0.270099998
177.172806 -148.845306 0.261500001
177.052353 -148.690277 0.265424997
177.09845 -148.449554 0.250750005
177.115601 -148.321426 0.254299998
177.088104 -148.149994 0.248100013
177.098404 -147.965393 0.253199995
177.134003 -147.661896 0.247500002
177.142776 -147.512177 0.243575007
177.050354 -147.282104 0.247099996
177.119537 -147.129074 0.246100008
177.118896 -146.854919 0.239775002
177.045303 -146.578094 0.232700005
177.100998 -146.096588 0.24064
177.0495 -145.919556 0.2421
177.111603 -145.665939 0.249666661
177.087997 -145.512604 0.187399998
177.116394 -145.532043 0.232549995
177.128799 -145.389297 0.259499997
177.04715 -145.122101 0.248099983
177.085358 -144.94165 0.23725
177.090195 -144.643509 0.236599997
177.133804 -144.503799 0.242599994
177.115021 -144.312149 0.250100017
177.088165 -144.048798 0.231100008
177.112701 -143.617661 0.23786667
177.085388 -143.426544 0.229100004
177.077133 -143.272675 0.23013334
177.08017 -143.117142 0.232133329
177.08316 -142.873245 0.21785
177.090607 -142.457047 0.225050002
177.040497 -142.370697 0.219799995
177.152802 -141.873795 0.226500005
177.140396 -141.5354 0.226899996
177.037994 -141.376907 0.203999996
177.176758 -141.170593 0.22315
177.136093 -140.932907 0.208499998
177.199905 -140.559204 0.203899994
177.106689 -140.346848 0.210250005
177.123291 -140.120499 0.219999999
177.293304 -158.346298 0.349000007
177.201096 -158.1297 0.379999995
177.290604 -157.674393 0.369300008
177.279297 -156.957901 0.363400012
177.203003 -156.315201 0.348800004
177.229599 -156.115997 0.345099986
177.214798 -155.781296 0.317600012
177.252106 -155.592804 0.340999991
177.259003 -155.092499 0.335449994
177.230804 -154.842743 0.3389
177.25827 -154.651566 0.325500011
177.266464 -154.313599 0.317566663
177.220306 -154.08577 0.311633319
177.298706 -153.921494 0.323799998
177.302536 -153.706665 0.314999998
177.294907 -153.52182 0.317299992
177.276871 -153.331894 0.299833328
177.283295 -153.071564 0.298049986
177.302582 -152.924927 0.30202499
177.26506 -152.719009 0.3037
177.289093 -152.487 0.292750001
177.268188 -152.389557 0.310100019
177.339569 -152.131256 0.289633334
177.293304 -151.925262 0.314050019
177.319855 -151.753174 0.276450008
177.3302 -151.479507 0.283300012
177.31839 -151.288345 0.285549998
177.352005 -151.139008 0.284999996
177.292938 -150.924591 0.272249997
177.325104 -150.746857 0.276899993
177.357544 -150.453949 0.287850022
177.36055 -150.255402 0.267749995
177.3591 -150.08725 0.289200008
177.316132 -149.882751 0.272074997
177.332672 -149.685333 0.265500009
177.279541 -149.540344 0.274650007
177.335007 -149.121902 0.252799988
177.248795 -148.614395 0.254200011
177.340805 -148.508301 0.253500015
177.327408 -148.258392 0.259499997
177.315643 -148.085754 0.267149985
177.248505 -147.834106 0.252200007
177.282898 -147.062698 0.239800006
177.322906 -146.914001 0.252000004
177.238052 -146.684448 0.228750005
177.253098 -146.121902 0.241699994
177.288803 -145.921234 0.238233328
177.239899 -145.468506 0.224000007
177.209503 -145.366699 0.236200005
177.238495 -144.754501 0.226500005
177.303101 -144.311493 0.252750009
177.245407 -144.028107 0.240899995
177.244797 -143.900604 0.222800002
177.256195 -142.604401 0.221000001
177.393204 -142.406906 0.230599999
177.337341 -142.333038 0.212150007
177.398605 -142.0383 0.223700002
177.391693 -141.611099 0.193800002
177.362396 -141.445236 0.213933334
177.349594 -141.202103 0.220699996
177.274994 -141.064346 0.204849988
177.290207 -140.919601 0.190300003
177.326828 -140.959747 0.207275003
177.30069 -140.754608 0.190800011
177.308701 -140.628601 0.208000004
177.266495 -140.377502 0.194199994
177.237305 -140.277695 0.215499997
177.255905 -140.153 0.217099994
177.587402 -159.896194 0.358999997
177.589493 -159.755905 0.360100001
177.509705 -159.486206 0.406899989
177.599304 -159.054199 0.381099999
177.546295 -158.100098 0.379400015
177.520294 -157.259903 0.362899989
177.416397 -156.724594 0.340799987
177.532196 -156.472 0.346899986
177.593399 -156.061905 0.328500003
177.414703 -155.960999 0.365200013
177.570206 -155.784393 0.349299997
177.440903 -155.518799 0.323000014
177.432999 -154.731598 0.32280001
177.422195 -153.876205 0.348800004
177.537201 -153.236404 0.298500001
177.439301 -152.794296 0.29550001
177.447052 -151.09491 0.288550019
177.473495 -150.912033 0.293266684
177.463806 -150.707199 0.281450003
177.516632 -150.471375 0.278466672
177.412903 -150.268906 0.275099993
177.5728 -150.026398 0.264400005
177.401398 -149.690994 0.262499988
177.559906 -149.515503 0.273600012
177.439499 -149.347168 0.269333333
177.419693 -149.1035 0.281899989
177.493042 -148.884033 0.258749992
177.484299 -148.682205 0.261266679
177.4841 -148.255646 0.250149995
177.531067 -148.081329 0.248433337
177.564362 -147.913361 0.245800003
177.561615 -147.671005 0.238799989
177.558701 -147.366806 0.250200003
177.587097 -146.996704 0.250699997
177.420502 -146.720505 0.241799995
177.546906 -146.506653 0.242599994
177.565094 -146.223999 0.256199986
177.541504 -146.070801 0.238100007
177.56308 -145.896423 0.244399995
177.538895 -145.645493 0.252299994
177.494598 -145.543793 0.233199999
177.539001 -145.277863 0.241533339
177.500458 -145.063248 0.250249982
177.493286 -144.84729 0.237749994
177.518478 -144.685547 0.237300009
177.517059 -144.522247 0.221499994
177.498093 -144.271194 0.226999998
177.526749 -144.060791 0.22240001
177.482605 -143.847504 0.218199998
177.515945 -143.690826 0.227675006
177.529846 -143.535889 0.216300011
177.535706 -143.294861 0.227620006
177.526703 -143.155701 0.223399997
177.518829 -142.934677 0.225250006
177.47612 -142.676575 0.217924997
177.458344 -142.512375 0.226500005
177.537796 -142.218399 0.237200007
177.520874 -142.148193 0.214699998
177.433105 -141.847153 0.221650004
177.424454 -141.74231 0.207199991
177.403198 -140.936401 0.214200005
177.419907 -140.686905 0.212300003
177.586594 -140.562805 0.216100007
177.603897 -159.871597 0.380299985
177.649338 -159.488266 0.386866659
177.617798 -159.259064 0.381133348
177.648041 -159.120499 0.374300003
177.608093 -158.8564 0.360700011
177.631866 -158.685501 0.386224985
177.653305 -158.429199 0.375699997
177.631165 -158.374512 0.365649998
177.646103 -158.122192 0.356000006
177.660461 -157.887634 0.370550007
177.671097 -157.720032 0.358466655
177.67337 -157.487167 0.362666667
177.669998 -157.255295 0.351300001
177.643036 -157.117798 0.364766687
177.631454 -156.889297 0.348800004
177.689606 -156.698105 0.352999985
177.633301 -156.464096 0.350499988
177.677399 -156.33223 0.337149978
177.681152 -156.190094 0.331449986
177.71022 -155.897827 0.346774995
177.647507 -155.7827 0.325700015
177.731064 -155.519333 0.325266659
177.661301 -155.088837 0.322449982
177.781296 -154.839203 0.316300005
177.703598 -154.728867 0.334500015
177.717407 -154.474945 0.329850018
177.704468 -154.254974 0.329400003
177.7099 -154.117096 0.319199979
177.740692 -153.903198 0.310099989
177.739227 -153.736404 0.320733339
177.725616 -153.462616 0.326350003
177.7285 -153.240402 0.309249997
177.778503 -153.053604 0.298799992
177.713959 -152.934296 0.292400002
177.760406 -152.619705 0.2958
177.646194 -152.531799 0.288899988
177.730148 -152.289551 0.299099982
177.7948 -152.137299 0.32249999
177.788605 -151.958206 0.284700006
177.764801 -151.301102 0.303299993
177.730347 -151.157806 0.290499985
177.724869 -150.886932 0.289400011
177.691895 -150.723297 0.280499995
177.745895 -150.366394 0.279500008
177.665344 -149.835052 0.295700014
177.772507 -149.358307 0.262400001
177.743301 -149.115997 0.265300006
177.682861 -148.868332 0.264899999
177.761902 -148.693604 0.299499989
177.762207 -148.575104 0.257800013
177.613556 -148.25769 0.267250001
177.719574 -148.054901 0.259000003
177.649796 -147.418304 0.251300007
177.673401 -147.328903 0.240500003
177.642578 -147.15715 0.243499994
177.684296 -146.859406 0.254700005
177.783096 -146.761703 0.257400006
177.600693 -146.557404 0.246700004
177.619507 -146.353363 0.243400007
177.7341 -145.666702 0.238049999
177.659607 -145.568802 0.233999997
177.615005 -145.378601 0.221799999
177.762207 -145.171204 0.214300007
177.657104 -144.851501 0.235100001
177.672195 -144.608002 0.225799993
177.628998 -144.426895 0.242899999
177.615707 -144.009094 0.192200005
177.614349 -144.141449 0.229800001
177.659653 -143.887619 0.238619998
177.634399 -143.334793 0.231800005
177.698807 -143.033493 0.234300002
177.768997 -142.572495 0.232500002
177.704407 -142.375595 0.197999999
177.726105 -141.441406 0.207900003
177.750504 -141.180801 0.194700003
177.749207 -140.886353 0.205300003
177.781494 -140.684113 0.194700003
177.680801 -140.511795 0.204899997
177.765701 -140.388901 0.220300004
177.754303 -140.142197 0.190799996
177.704697 -140.079407 0.202800006
177.993393 -159.895203 0.362500012
177.949097 -159.797104 0.414799988
177.984406 -158.842499 0.441399992
177.945099 -158.659302 0.371199995
177.996994 -158.536194 0.398999989
177.896896 -157.574997 0.385500014
177.893997 -155.194794 0.340799987
177.927856 -154.799042 0.333999991
177.935806 -154.591797 0.335000008
177.868439 -152.930252 0.317699999
177.809296 -152.667801 0.299199998
177.856033 -152.522263 0.274233341
177.873505 -152.379807 0.302599996
177.853699 -152.066299 0.305599988
177.8302 -151.831894 0.282299995
177.816345 -151.7341 0.287
177.864304 -151.494873 0.301466674
177.871735 -151.236664 0.296066672
177.839905 -151.117599 0.259600013
177.889404 -150.894897 0.284850001
177.873093 -150.776596 0.256799996
177.880402 -150.50383 0.296000004
177.877747 -150.320114 0.285259992
177.870132 -150.125427 0.273900002
177.893799 -149.841187 0.274199992
177.897827 -149.731827 0.271100014
177.874649 -149.532806 0.277500004
177.964294 -149.361603 0.263599992
177.941101 -149.133804 0.262699991
177.965149 -148.674103 0.260399997
177.965149 -148.445007 0.243900001
177.997894 -148.263901 0.280499995
177.9216 -147.9272 0.262199998
177.907898 -146.834702 0.250200003
177.934357 -146.429657 0.245350003
177.990997 -146.075195 0.239099994
177.877701 -145.540894 0.278400004
177.980606 -145.093033 0.246099994
177.865906 -144.639404 0.243300006
177.948898 -144.513153 0.243499994
177.9841 -144.298798 0.220599994
177.922394 -144.136795 0.216900006
177.983597 -143.993698 0.219500005
177.940704 -143.412109 0.224849999
177.990494 -143.308899 0.233799994
177.940201 -143.089539 0.240199998
177.945969 -142.946198 0.231433332
177.942108 -142.479401 0.222649992
177.914871 -142.260391 0.213466674
177.968994 -142.084137 0.221650004
177.852448 -141.894104 0.217900008
177.922943 -141.716949 0.218150005
177.908539 -141.266449 0.179800004
177.834045 -141.345764 0.216949999
177.818436 -141.134964 0.219733328
177.832748 -140.910614 0.208550006
177.939148 -140.261948 0.225250006
177.892502 -140.092102 0.194399998
178.110596 -159.861053 0.388599992
178.039703 -159.605698 0.372099996
178.116196 -159.740295 0.402799994
178.114105 -159.321579 0.377200007
178.093842 -159.152405 0.372850001
178.123001 -159.013596 0.404900014
178.03241 -158.898895 0.398550004
178.062897 -158.981903 0.403899997
178.14003 -158.666611 0.374733329
178.082596 -158.454971 0.367533326
178.072952 -158.311707 0.371549994
178.149246 -158.150604 0.366549999
178.090897 -157.955597 0.365799993
178.136902 -157.639801 0.356700003
178.085999 -157.511566 0.35769999
178.102234 -157.298401 0.358999997
178.180695 -157.150894 0.325800002
178.122253 -156.88269 0.366050005
178.078461 -156.695297 0.361499995
178.101593 -156.451447 0.363600016
178.164749 -156.3116 0.352899998
178.11554 -156.125351 0.340600014
178.092804 -155.671005 0.348800004
178.177155 -155.535751 0.333499998
178.100403 -155.317993 0.318300009
178.192596 -155.129807 0.336100012
178.150604 -154.880707 0.320199996
178.061401 -154.655594 0.333299994
178.139069 -154.511902 0.320600003
178.0336 -154.389297 0.3213
178.167648 -154.078308 0.313549995
178.147797 -153.886795 0.341149986
178.186295 -153.678101 0.308800012
178.134003 -153.358093 0.296200007
178.020798 -153.071396 0.329100013
178.194901 -152.6138 0.306800008
178.1521 -152.477402 0.288266659
178.084808 -152.007446 0.3134
178.190857 -151.708862 0.293500006
178.028702 -151.473007 0.307700008
178.150406 -151.298294 0.287299991
178.006104 -151.049606 0.281399995
178.080902 -150.970398 0.285699993
178.107895 -150.632599 0.286599994
178.156998 -149.384796 0.2667
178.128204 -148.917496 0.267450005
178.170105 -148.747299 0.263900012
178.185104 -148.546906 0.260100007
178.162704 -148.215393 0.266099989
178.118423 -148.158264 0.258033335
178.083832 -147.901031 0.258266658
178.087173 -147.487747 0.250099987
178.05455 -147.268738 0.253800005
178.098663 -147.081802 0.247400001
178.066803 -146.891754 0.246199995
178.087204 -146.719162 0.239366665
178.054199 -146.533493 0.232800007
178.102951 -146.311646 0.249549985
178.0439 -146.088806 0.238800004
178.065781 -145.916473 0.249980003
178.054108 -145.706253 0.238150001
178.0047 -145.497406 0.242200002
178.0896 -145.202896 0.190699995
178.0327 -145.338196 0.230833337
178.086899 -144.858139 0.226466671
178.028198 -144.515991 0.238999993
178.088745 -144.323242 0.250050008
178.057236 -144.126831 0.231733337
178.092545 -143.867279 0.231975004
178.073105 -143.639999 0.231199995
178.087006 -143.509308 0.231700003
178.051361 -143.099564 0.229033336
178.0056 -142.881805 0.234200001
178.194397 -142.725403 0.168599993
178.073547 -142.671402 0.257449985
178.196304 -141.505096 0.217299998
178.057693 -141.200897 0.208299994
178.162598 -140.8573 0.194100007
178.118896 -140.725006 0.220500007
178.087997 -140.494705 0.199100003
178.124496 -140.317505 0.203199998
178.101349 -140.129364 0.212650001
178.3647 -158.973999 0.386299998
178.269745 -157.783447 0.37529999
178.3228 -157.325195 0.362100005
178.214706 -157.105606 0.340600014
178.279602 -157.081299 0.420599997
178.232391 -156.518097 0.346666664
178.205795 -155.889404 0.338999987
178.3125 -155.417206 0.35620001
178.295654 -155.315948 0.332275003
178.269501 -155.157898 0.3222
178.251297 -154.8461 0.340200007
178.240494 -154.660675 0.338566661
178.263504 -154.242996 0.335399985
178.226501 -154.088196 0.316900015
178.218201 -153.785995 0.315699995
178.246201 -153.507004 0.332933336
178.308899 -153.302307 0.306400001
178.26265 -153.133759 0.301200002
178.272247 -152.906403 0.301750004
178.2117 -152.667206 0.288100004
178.252701 -152.456528 0.310233355
178.311157 -152.277863 0.305500001
178.313995 -152.152206 0.298200011
178.307693 -151.891663 0.296599984
178.343994 -151.7621 0.299299985
178.31192 -151.437897 0.288124979
178.286697 -151.267166 0.300266683
178.2771 -151.136047 0.26879999
178.2845 -150.881439 0.301299989
178.286346 -150.707855 0.287
178.316101 -150.555389 0.287
178.308899 -150.285675 0.29519999
178.337097 -150.09906 0.283150017
178.344498 -149.937302 0.281533331
178.353195 -149.755997 0.2755
178.231796 -149.436707 0.269600004
178.25769 -149.333847 0.269699991
178.306702 -149.072067 0.27246666
178.295731 -148.91333 0.263300002
178.231903 -148.785904 0.27579999
178.207306 -148.577301 0.26910001
178.307404 -148.254654 0.253549993
178.293304 -147.900848 0.25999999
178.331207 -147.758698 0.260466665
178.301453 -147.486206 0.241899997
178.235199 -147.038101 0.247999996
178.204102 -146.8181 0.256399989
178.325699 -146.234604 0.246900007
178.392197 -145.911896 0.265899986
178.328705 -145.459198 0.2271
178.3992 -145.210907 0.252000004
178.329346 -145.164398 0.238750011
178.290497 -144.876724 0.244900003
178.30545 -144.6866 0.254899979
178.209137 -144.503403 0.237650007
178.372406 -144.246597 0.235200003
178.372604 -144.020004 0.220899999
178.331299 -143.825699 0.217199996
178.335403 -143.708694 0.216199994
178.349503 -143.545593 0.217899993
178.367706 -143.237106 0.247199997
178.316803 -143.193893 0.2245
178.359802 -142.948898 0.233099997
178.342896 -142.609802 0.217800006
178.347687 -142.505798 0.233249992
178.396698 -142.361694 0.218099996
178.237396 -142.100601 0.212900013
178.315948 -141.90625 0.21450001
178.229507 -141.636703 0.215499997
178.315491 -141.551651 0.21509999
178.240402 -141.260803 0.1963
178.32843 -141.333694 0.216700003
178.322006 -141.094101 0.217566669
178.217896 -140.957108 0.194700003
178.309296 -140.876907 0.205799997
178.266296 -140.714294 0.207566664
178.20816 -140.5634 0.219850004
178.231293 -140.338104 0.194199994
178.227997 -140.147095 0.209999993
178.583298 -159.642807 0.389499992
178.483994 -159.717194 0.416700006
178.582397 -159.463959 0.384050012
178.493896 -159.471497 0.410100013
178.579849 -159.346954 0.357349992
178.535202 -159.283905 0.402399987
178.5392 -159.182007 0.375100017
178.573196 -158.860596 0.351700008
178.521393 -158.669907 0.374599993
178.548004 -157.940201 0.347000003
178.496643 -157.72049 0.371199995
178.571594 -157.450394 0.380699992
178.536194 -157.056 0.361699998
178.467896 -156.760803 0.355800003
178.564102 -156.4254 0.38409999
178.5103 -154.600906 0.3301
178.585495 -154.588806 0.329899997
178.519196 -153.846695 0.332100004
178.548096 -153.941101 0.414799988
178.549301 -153.268799 0.326900005
178.524002 -153.193893 0.318800002
178.560303 -152.650894 0.290499985
178.452499 -152.538498 0.264200002
178.548157 -152.082001 0.298299998
178.457245 -151.886749 0.305000007
178.466095 -151.406601 0.289299995
178.422394 -151.338898 0.294
178.49054 -151.109238 0.287699997
178.526505 -150.771103 0.29429999
178.437958 -150.426498 0.304099977
178.462006 -150.315094 0.293200016
178.434006 -150.024399 0.268099993
178.454102 -149.937302 0.282599986
178.4095 -149.601807 0.265300006
178.472198 -149.547195 0.298200011
178.486603 -149.372894 0.264899999
178.595795 -148.944107 0.25850001
178.492157 -148.727844 0.261624992
178.415207 -148.378693 0.283699989
178.4673 -148.102203 0.263599992
178.504639 -147.90094 0.261566669
178.576706 -147.560898 0.264200002
178.463943 -147.272797 0.254649997
178.577606 -147.102844 0.240199998
178.512405 -146.907898 0.246299997
178.5336 -146.493103 0.244800001
178.494949 -146.300446 0.23772499
178.478104 -146.059097 0.242500007
178.55954 -145.888901 0.259299994
178.459427 -145.719437 0.242833331
178.482758 -145.49855 0.236949995
178.500549 -145.314545 0.236299992
178.5289 -144.895798 0.230900005
178.516846 -144.684143 0.229099989
178.515015 -144.50618 0.242249995
178.468307 -144.336594 0.251700014
178.549362 -143.883301 0.224533334
178.492004 -143.638641 0.229249999
178.5177 -143.453995 0.240250006
178.481506 -143.301544 0.226200014
178.442993 -143.151199 0.225199997
178.480103 -142.94278 0.222149998
178.493805 -142.732864 0.228599995
178.52597 -142.510696 0.225166664
178.437393 -142.333206 0.209099993
178.513702 -142.013504 0.198200002
178.481506 -142.130905 0.221100003
178.429504 -141.744049 0.20905
178.594299 -141.042099 0.217600003
178.530106 -140.461105 0.204400003
178.504898 -140.060211 0.204450011
178.786407 -159.846405 0.364800006
178.725494 -159.664795 0.360000014
178.621002 -159.519501 0.368499994
178.760498 -159.298752 0.374100029
178.701202 -159.114304 0.402700007
178.712891 -158.916702 0.373449981
178.6315 -158.720352 0.37075001
178.766663 -158.707092 0.40595001
178.687698 -158.575806 0.379999995
178.692551 -158.272705 0.370700002
178.631195 -158.067841 0.382250011
178.713257 -157.643341 0.337050021
178.700562 -157.329163 0.362699986
178.734497 -157.026993 0.361400008
178.711945 -156.892151 0.3495
178.778595 -156.685806 0.333799988
178.644104 -156.439407 0.354900002
178.635605 -156.274399 0.346100003
178.698135 -156.178558 0.341899991
178.707153 -155.923752 0.323099971
178.725296 -155.728088 0.334450006
178.791794 -155.458099 0.340000004
178.637405 -155.069794 0.344099998
178.671829 -154.939331 0.335799992
178.6577 -154.794693 0.316100001
178.658051 -154.483948 0.319150001
178.682205 -154.268494 0.317099988
178.695221 -154.112457 0.318699986
178.684998 -153.845993 0.312299997
178.772095 -153.630707 0.324200004
178.659195 -153.550201 0.345999986
178.68985 -153.30249 0.303375006
178.763596 -153.008301 0.295100003
178.639603 -152.849396 0.333999991
178.721893 -152.666107 0.293099999
178.740738 -152.516266 0.308300018
178.718048 -152.320801 0.315549999
178.738342 -152.138702 0.305450022
178.707001 -151.870209 0.29944998
178.698822 -151.648727 0.28275001
178.770508 -151.437149 0.293650001
178.661804 -151.312012 0.280900002
178.719696 -151.0056 0.306499988
178.6577 -150.626297 0.276300013
178.761703 -150.484009 0.281949997
178.778503 -150.251205 0.287499994
178.742706 -150.022644 0.292199999
178.715805 -149.776596 0.304899991
178.739594 -149.5625 0.268999994
178.718994 -149.113129 0.26396668
178.66214 -148.909851 0.277149975
178.679932 -148.533005 0.271899998
178.657028 -148.144363 0.263799995
178.681641 -147.866104 0.272599995
178.616898 -147.290955 0.250499994
178.676483 -147.059479 0.250975013
178.641052 -146.883606 0.249899998
178.732803 -146.225906 0.239999995
178.727249 -146.093201 0.255524993
178.779297 -145.872894 0.249500006
178.633804 -145.647293 0.233799994
178.764206 -145.223099 0.238399997
178.661407 -145.166794 0.256799996
178.636307 -144.401703 0.2359
178.728394 -144.324097 0.221699998
178.632202 -144.199493 0.191
178.686401 -144.143494 0.223800004
178.675903 -143.651611 0.233949989
178.736755 -142.284943 0.239899993
178.678894 -141.917999 0.214200005
178.768494 -141.369995 0.205300003
178.721207 -141.068802 0.215375006
178.718536 -140.7491 0.219333336
178.674698 -140.536011 0.207249999
178.679596 -140.281006 0.195299998
178.969604 -159.972702 0.391799986
178.957397 -159.562607 0.376700014
178.819794 -159.547607 0.413800001
178.961197 -159.341293 0.363799989
178.844299 -159.070694 0.476000011
178.962906 -158.735794 0.363900006
178.891739 -158.103531 0.3662
178.869705 -157.894897 0.352100015
178.903305 -157.154495 0.357800007
178.968704 -156.736496 0.355699986
178.9095 -156.605698 0.424600005
178.947006 -156.322998 0.334433347
178.824997 -155.764999 0.381599993
178.855103 -155.303299 0.330000013
178.815201 -154.987198 0.319900006
178.943451 -154.67865 0.333100021
178.926193 -154.423798 0.328299999
178.817291 -154.288208 0.333999991
178.875793 -154.050507 0.341500014
178.898697 -153.838699 0.321200013
178.813553 -153.672791 0.343050003
178.830261 -153.430359 0.314649999
178.959946 -153.319458 0.327449977
178.89151 -153.136688 0.305649996
178.872803 -152.867752 0.303149998
178.875259 -152.2827 0.312633336
178.87825 -152.149002 0.326900005
178.820099 -151.868896 0.300849974
178.947998 -151.757294 0.296999991
178.944305 -151.477493 0.283699989
178.874573 -151.283432 0.282400012
178.864304 -151.005402 0.291000009
178.85936 -150.8517 0.307066649
178.830795 -150.639496 0.289499998
178.911697 -150.481232 0.280600011
178.9944 -150.2267 0.292400002
178.911591 -149.931702 0.278149992
178.88356 -149.460999 0.274433345
178.900894 -149.216797 0.268099993
178.889297 -149.161102 0.280099988
178.875092 -148.7043 0.256799996
178.945404 -148.397293 0.253300011
178.916733 -148.1353 0.268900007
178.967896 -147.872894 0.261099994
178.947144 -147.26239 0.248799995
178.810104 -147.1315 0.25
178.939804 -146.964493 0.245100006
178.910492 -146.733337 0.245499998
178.918793 -146.585495 0.241699994
178.921997 -146.290207 0.255499989
178.898651 -146.098907 0.243450001
178.955368 -145.873367 0.238733336
178.858994 -145.619293 0.191599995
178.956207 -145.716904 0.25909999
178.950699 -145.485596 0.234300002
178.9935 -145.2108 0.2271
178.8918 -145.03479 0.229149997
178.861404 -144.993195 0.260100007
178.852646 -144.691299 0.234899998
178.952133 -144.476196 0.237033322
178.872238 -144.081207 0.234999999
178.954163 -143.88826 0.23726666
178.943497 -143.718201 0.255100012
178.8396 -143.487793 0.191599995
178.936005 -143.489807 0.216399997
178.941025 -143.362167 0.229599997
178.919846 -143.0858 0.219799995
178.905731 -142.907837 0.234333336
178.998199 -142.572693 0.2148
178.983307 -142.346603 0.1664
178.884506 -142.340607 0.218400002
178.866806 -142.178497 0.198300004
178.846802 -142.121597 0.206699997
178.873703 -141.939941 0.21146667
178.938309 -141.704529 0.228966668
178.922195 -141.434402 0.213100001
178.872192 -141.287399 0.199100003
178.867126 -141.253403 0.228725001
178.899002 -141.146057 0.204349995
178.882706 -140.970901 0.1954
178.827194 -140.925705 0.207100004
178.875305 -140.671494 0.194999993
178.942993 -140.477203 0.243799999
178.887299 -140.210602 0.213499993
178.981201 -140.1689 0.202099994
179.137405 -159.997894 0.363200009
179.010696 -159.835007 0.415699989
179.143951 -159.740952 0.372799993
179.059692 -159.499451 0.354449987
179.141693 -159.537506 0.407099992
179.0354 -159.206406 0.375499994
179.128296 -159.117065 0.367133319
179.091873 -158.918793 0.386200011
179.189896 -158.947998 0.405099988
179.126205 -158.728653 0.380850017
179.085663 -158.48494 0.357033312
179.125504 -158.443497 0.402099997
179.145996 -158.201202 0.370599985
179.169907 -158.016098 0.3847
179.139297 -157.890701 0.349400014
179.123001 -157.804703 0.453099996
179.162598 -157.663803 0.34709999
179.103577 -157.496735 0.359124988
179.179901 -157.316299 0.333900005
179.066299 -157.010406 0.352800012
179.105148 -156.910446 0.358475
179.147995 -156.635895 0.3662
179.117737 -156.42926 0.340974987
179.09581 -156.12381 0.327866673
179.026093 -155.9095 0.344799995
179.094528 -155.705795 0.353133351
179.089172 -155.531799 0.325433314
179.019608 -155.132996 0.338200003
179.030899 -154.906097 0.336699992
179.145996 -154.519592 0.348150015
179.090271 -154.275436 0.320866674
179.194 -153.957703 0.333600014
179.016296 -153.758804 0.284200013
179.194107 -153.485794 0.312000006
179.119797 -152.988297 0.275200009
179.109406 -152.520401 0.3028
179.065002 -152.279404 0.28670001
179.16571 -151.93515 0.310849994
179.171707 -151.486694 0.299600005
179.059204 -151.206497 0.303900003
179.005203 -150.779297 0.273299992
179.063141 -150.248352 0.317750007
179.063599 -150.065948 0.284799993
179.118195 -149.903503 0.282299995
179.052246 -149.666 0.279449999
179.190598 -149.309998 0.291999996
179.089066 -148.891769 0.280799985
179.052643 -148.669205 0.264800012
179.072098 -148.522125 0.262740016
179.065918 -148.286407 0.272974998
179.011597 -148.008499 0.272199988
179.026794 -147.853104 0.251199991
179.042603 -147.648804 0.253199995
179.083023 -147.49408 0.250400007
179.095901 -147.308533 0.245333329
179.124832 -147.079391 0.248433337
179.114426 -146.906097 0.247325003
179.074203 -146.722 0.270700008
179.12207 -146.562576 0.243599996
179.0802 -146.399902 0.233999997
179.05896 -146.100845 0.260699987
179.028595 -145.946503 0.260600001
179.145004 -145.789703 0.237000003
179.167297 -145.492493 0.239899993
179.132401 -145.198196 0.235300004
179.049805 -144.933701 0.249500006
179.110901 -144.610901 0.223399997
179.0336 -144.502197 0.187299997
179.055298 -144.584503 0.248500004
179.077728 -144.315674 0.238700002
179.109299 -143.970596 0.227799997
179.110764 -143.770004 0.232600003
179.095734 -143.311066 0.233233333
179.077805 -143.126007 0.233150005
179.091599 -142.808701 0.291000009
179.062698 -142.718033 0.224433333
179.184402 -142.408203 0.223299995
179.084 -142.287445 0.219399989
179.035202 -142.063705 0.227699995
179.186005 -141.357605 0.223700002
179.095703 -141.054092 0.205300003
179.075195 -140.699005 0.212099999
179.080704 -140.4944 0.218099996
179.178894 -140.251907 0.181199998
179.082199 -140.0242 0.189799994
179.326202 -159.721558 0.365800023
179.283798 -159.552704 0.411799997
179.227707 -159.395996 0.383300006
179.261902 -158.563904 0.406500012
179.320206 -158.202194 0.345099986
179.272598 -157.601105 0.351799995
179.270798 -157.284607 0.348800004
179.313339 -157.094269 0.361433327
179.206207 -156.698502 0.369300008
179.218246 -156.330902 0.339399993
179.3255 -156.072296 0.36469999
179.339539 -155.852142 0.331149995
179.259293 -155.542206 0.336600006
179.338654 -155.349945 0.324699998
179.281601 -155.08609 0.327950001
179.224503 -154.757599 0.33160001
179.225571 -154.556564 0.334899992
179.24707 -154.131134 0.327033341
179.307556 -153.950592 0.317000002
179.201996 -153.764297 0.328900009
179.326202 -153.533798 0.313199997
179.274826 -153.279877 0.304425001
179.273361 -153.054169 0.296866655
179.254196 -152.824493 0.319499999
179.261047 -152.665161 0.309049994
179.260101 -152.425201 0.282900006
179.263184 -152.294678 0.314050019
179.237 -152.086105 0.305799991
179.308212 -151.924164 0.309080005
179.339981 -151.8759 2.92005992
179.336304 -151.9478 3.00999999
179.239304 -151.7332 0.285899997
179.319107 -151.798904 2.8894999
179.337799 -151.754807 3.34730005
179.330765 -151.511673 0.29003334
179.379593 -151.225204 0.274199992
179.346008 -151.114044 0.277199984
179.336029 -150.903137 0.308533341
179.28299 -150.759048 0.310350001
179.353333 -150.455231 0.287466675
179.313354 -150.261475 0.291559994
179.340164 -149.913437 0.27853334
179.368591 -149.530807 0.281399995
179.291763 -149.320404 0.270433336
179.305878 -149.074844 0.284974992
179.296494 -148.860413 0.265549988
179.3508 -148.702805 0.266900003
179.285248 -148.537155 0.271600008
179.235596 -148.333496 0.263000011
179.391693 -148.142899 0.248699993
179.389999 -147.744293 0.268099993
179.308197 -146.009399 0.242400005
179.322296 -145.656097 0.234300002
179.384705 -145.5466 0.243599996
179.277451 -145.327805 0.230350003
179.2491 -144.810898 0.204699993
179.2388 -144.73204 0.236566663
179.3405 -144.586899 0.227899998
179.352295 -144.126205 0.222900003
179.281998 -143.650299 0.249599993
179.2211 -143.4599 0.237299994
179.219299 -142.817902 0.221900001
179.363403 -142.652206 0.208299994
179.252243 -142.230301 0.209600002
179.313293 -141.8134 0.221200004
179.329559 -141.887772 2.72402215
179.230103 -141.671005 0.206400007
179.294739 -141.502838 0.227233335
179.283401 -141.31424 0.213166669
179.325607 -140.8423 0.1884
179.256958 -140.498505 0.207300007
179.257263 -140.261002 0.194999993
179.253296 -140.274597 0.2042
179.294907 -140.138794 0.217800006
179.434692 -159.845505 0.358399987
179.518646 -159.740112 0.449100018
179.453506 -158.563202 0.347900003
179.487106 -158.158493 0.359200001
179.572006 -157.721802 0.387699991
179.480499 -155.617294 0.359299988
179.450195 -154.667694 0.33860001
179.442001 -153.930695 0.327899992
179.5961 -153.457703 0.279599994
179.463196 -152.041199 0.292899996
179.567795 -151.965195 0.33070001
179.492798 -151.947006 2.77220011
179.590103 -151.716705 0.346899986
179.498306 -151.462631 0.328299999
179.475006 -151.386795 0.296400011
179.511703 -150.846497 0.300999999
179.459106 -150.727203 0.275000006
179.4133 -150.507202 0.2773
179.467102 -150.3694 0.295700014
179.457703 -150.186707 0.280800015
179.513397 -149.940994 0.280200005
179.459732 -149.688202 0.291166663
179.487198 -149.580994 0.272399992
179.589203 -149.349594 0.284700006
179.474594 -148.833694 0.264699996
179.4534 -148.658844 0.256700009
179.5121 -148.490051 0.254150003
179.518555 -148.158005 0.252900004
179.511505 -147.923599 0.237599999
179.481201 -147.707794 0.24849999
179.435593 -146.936798 0.275400013
179.468506 -146.717804 0.25909999
179.5215 -146.591507 0.152099997
179.569504 -145.844498 1.53559995
179.4142 -145.607407 0.233199999
179.588898 -145.097 0.289700001
179.494202 -144.823502 0.251700014
179.482101 -144.716949 0.230749995
179.512756 -144.532303 0.244149998
179.593399 -144.240601 0.236399993
179.579407 -144.3759 0.96329999
179.502502 -144.149994 0.217899993
179.531586 -143.860046 0.217000008
179.5215 -143.664093 0.219866663
179.464096 -143.406296 0.218799993
179.4478 -142.858902 0.220400006
179.530197 -142.757599 0.271400005
179.480804 -142.472351 0.227449998
179.44104 -142.223755 0.216300011
179.524597 -142.104004 0.220500007
179.520798 -141.853302 0.230000004
179.571442 -141.959549 1.9440999
179.598801 -141.882294 2.2579999
179.487396 -141.899002 2.82290006
179.449799 -141.912003 3.03970003
179.480652 -141.728851 0.226750001
179.477997 -141.355103 0.199100003
179.415604 -141.0504 0.194900006
179.464905 -140.690002 2.76970005
179.471207 -140.277603 0.219600007
179.441605 -140.154907 0.201100007
179.685547 -159.8909 0.387849987
179.638901 -159.664795 0.353100002
179.721893 -159.718307 0.412200004
179.670502 -159.52594 0.358150005
179.673187 -159.468399 0.414099991
179.703506 -159.393005 0.391799986
179.773407 -159.275696 2.4691
179.686859 -159.123871 0.385566652
179.778809 -159.098511 2.44570017
179.685806 -158.928802 0.388700008
179.787292 -158.891296 2.43530011
179.733887 -158.694061 0.378350019
179.6978 -158.7211 0.426600009
179.796448 -158.707062 2.44110012
179.757095 -158.348297 0.386399984
179.6922 -158.370407 0.490700006
179.791306 -158.269897 2.45779991
179.767303 -158.263107 2.67840004
179.716995 -158.110596 0.399800003
179.763199 -158.119904 0.436199993
179.7883 -157.953293 0.377400011
179.7798 -157.606003 0.494500011
179.733597 -157.548492 0.376100004
179.757904 -157.594406 0.459800005
179.783203 -157.592102 2.56900001
179.660995 -157.376404 0.332100004
179.781006 -157.262497 2.40879989
179.708557 -157.079544 0.376800001
179.747894 -157.044754 0.437250018
179.7827 -157.107407 2.4533999
179.616104 -156.850906 0.325199991
179.793701 -156.9543 2.37210011
179.775497 -156.896103 2.45869994
179.695557 -156.733856 0.360100001
179.768707 -156.717102 0.404100001
179.776199 -156.701202 2.35430002
179.765732 -156.361038 0.443233341
179.744598 -156.155701 0.381799996
179.774597 -156.091705 2.40400004
179.752197 -155.869293 2.39219999
179.707199 -155.686005 0.376899987
179.784897 -155.776703 0.498199999
179.643799 -155.505402 0.311300009
179.794998 -155.475098 2.10339999
179.7939 -155.144196 2.3348
179.7388 -155.022797 2.45679998
179.688705 -154.853104 0.369100004
179.786301 -154.931396 0.494800001
179.772903 -154.842896 2.36100006
179.731705 -154.718994 0.347299993
179.781464 -154.67305 2.45870018
179.767502 -154.512207 0.356099993
179.756607 -154.424698 0.455900013
179.792099 -154.294205 0.430900007
179.744141 -153.916901 0.368900001
179.789993 -153.835495 0.54519999
179.799606 -153.902893 0.999599993
179.795303 -153.9133 2.51699996
179.747833 -153.733795 0.350233346
179.767807 -153.787399 0.453700006
179.751999 -153.659698 0.886399984
179.770401 -153.736298 2.16890001
179.794907 -153.668106 2.30180001
179.798798 -153.459595 2.14899993
179.766205 -153.524399 2.38790011
179.798996 -153.534302 2.90479994
179.746643 -153.287354 0.343349993
179.738998 -153.270111 0.429899991
179.791901 -153.291794 0.767799973
179.779449 -153.295898 2.44899988
179.789062 -153.359161 2.91715002
179.707642 -153.023041 0.331366658
179.774597 -153.114594 0.538500011
179.798904 -153.139999 1.25329995
179.798492 -153.093201 1.46700001
179.796005 -153.121307 2.3283
179.747742 -152.891953 0.329549998
179.731705 -152.952698 0.436399996
179.798096 -152.850204 1.87759995
179.750504 -152.892105 2.40479994
179.754791 -152.70105 0.37105
179.798203 -152.627502 0.505400002
179.714371 -152.528442 0.328633338
179.794495 -152.403107 1.06649995
179.785294 -152.407593 1.30649996
179.790497 -152.515106 1.96239996
179.7939 -152.511795 2.13829994
179.791794 -152.556107 2.3275001
179.711243 -152.342346 0.337199986
179.766602 -152.210602 0.426200002
179.793106 -152.330902 0.757700026
179.786896 -152.384399 0.854300022
179.793503 -152.223602 1.13829994
179.7901 -152.2547 1.57179999
179.792694 -152.223999 1.66509998
179.792801 -152.215698 1.92910004
179.789993 -152.245102 2.31890011
179.772995 -152.132507 0.61589998
179.778 -152.091888 0.858200014
179.798401 -152.1064 1.28600001
179.750504 -152.009506 1.76209998
179.779602 -152.005203 2.90380001
179.768005 -151.823593 0.364899993
179.775909 -151.9552 0.492399991
179.798996 -151.892899 2.16289997
179.788651 -151.935028 2.27279997
179.730698 -151.826004 2.421
179.730743 -151.756851 0.365199983
179.786407 -151.658798 0.515600026
179.796097 -151.780396 0.663200021
179.782898 -151.789597 0.830500007
179.785507 -151.748505 2.12339997
179.796494 -151.604599 2.2736001
179.795303 -151.710098 2.48850012
179.783493 -151.738297 2.7723
179.731857 -151.497757 0.340799987
179.768997 -151.513 0.5704
179.764603 -151.535995 0.80250001
179.782806 -151.573105 1.51014996
179.794296 -151.402405 1.72870004
179.778397 -151.438797 2.12199998
179.773041 -151.530945 2.27410007
179.791199 -151.431793 2.40930009
179.784393 -151.229706 0.362800002
179.796997 -151.216202 0.514400005
179.789993 -151.238998 0.668200016
179.775101 -151.300797 1.17369998
179.787994 -151.229706 1.3427
179.757294 -151.319611 1.50760007
179.792801 -151.272293 1.96510005
179.796906 -151.394699 2.01909995
179.793335 -151.364777 2.32116675
179.743393 -151.348495 2.42600012
179.795807 -151.012695 0.339599997
179.796707 -151.141998 0.49149999
179.797195 -151.0121 0.617799997
179.7939 -151.016693 0.843699992
179.796799 -151.190704 1.38189995
179.7995 -151.095398 1.50680006
179.789505 -151.133499 2.56649995
179.731537 -150.909927 0.342033327
179.785507 -150.829697 0.523999989
179.793243 -150.892395 0.71815002
179.745697 -150.997894 0.978200018
179.794006 -150.846893 1.10049999
179.796799 -150.934692 1.39900005
179.789398 -150.817307 1.97979999
179.786102 -150.863663 2.28929996
179.747101 -150.644547 0.360650003
179.788803 -150.656799 0.769500017
179.771805 -150.698502 1.11290002
179.792847 -150.716156 1.93044996
179.771057 -150.682587 2.10754991
179.731094 -150.544006 0.239299998
179.789154 -150.516052 0.926800013
179.782898 -150.576797 1.07089996
179.784805 -150.514801 1.51489997
179.787277 -150.502167 1.77326667
179.782349 -150.47995 1.85294998
179.776901 -150.439697 2.86549997
179.780502 -150.293198 0.552600026
179.784698 -150.336395 0.76880002
179.688705 -150.324997 1.18869996
179.797607 -150.389008 2.27589989
179.745728 -150.116364 0.328079998
179.776993 -150.192795 0.516799986
179.798706 -150.102905 0.751999974
179.782898 -150.1772 0.999899983
179.796005 -150.020203 1.68260002
179.759506 -150.141098 1.89569998
179.790604 -150.100494 2.12730002
179.739548 -150.131149 2.35194993
179.799606 -150.087601 2.51169991
179.778961 -150.065704 2.86605
179.730743 -149.961197 0.299549997
179.777557 -149.84964 0.515599966
179.788803 -149.972 1.04159999
179.796005 -149.807098 1.28750002
179.783401 -149.889999 1.48819995
179.761688 -149.951996 1.72605002
179.777069 -149.833725 2.19003344
179.775894 -149.873901 2.2985332
179.799103 -149.962204 2.91960001
179.795105 -149.997894 3.07730007
179.798294 -149.746994 0.379599988
179.796997 -149.662796 0.504400015
179.798294 -149.708603 0.73180002
179.787903 -149.656494 1.51569998
179.786804 -149.777603 1.6523
179.765961 -149.676453 2.16645002
179.757233 -149.674271 2.27513337
179.738098 -149.774506 2.8736999
179.781799 -149.473633 0.344333351
179.797394 -149.400406 0.566200018
179.7901 -149.456543 0.732749999
179.768463 -149.542053 0.972450018
179.78746 -149.490173 1.30233335
179.798996 -149.5578 1.78390002
179.796295 -149.503799 2.07159996
179.752365 -149.490463 2.26112008
179.794403 -149.452103 2.41720009
179.794907 -149.474396 2.78760004
179.781601 -149.210098 0.244000003
179.761795 -149.297607 0.542299986
179.767593 -149.202698 0.77640003
179.796097 -149.306152 1.10689998
179.795807 -149.293304 1.36430001
179.773102 -149.300903 1.49230003
179.791992 -149.317749 1.85520005
179.796097 -149.322495 2.19000006
179.747955 -149.307419 2.30907488
179.692719 -149.067871 0.315575004
179.758606 -149.081894 0.52670002
179.786255 -149.132645 0.717649996
179.786896 -149.036896 0.988200009
179.770004 -149.055603 1.10389996
179.792496 -149.011398 1.24039996
179.796402 -149.134903 1.54799998
179.787262 -149.084259 2.10305023
179.704666 -149.050064 2.31800008
179.754593 -149.145203 2.44950008
179.635193 -148.870895 0.287499994
179.769028 -148.911301 0.448525012
179.793198 -148.849197 1.12679994
179.786407 -148.917694 1.26329994
179.793594 -148.864502 1.43420005
179.791901 -148.843094 1.63699996
179.741821 -148.900391 2.26401997
179.786697 -148.877106 2.76760006
179.775299 -148.752197 0.34040001
179.766052 -148.685394 0.506099999
179.776199 -148.641907 0.699400008
179.788498 -148.613907 0.828700006
179.796295 -148.627701 1.28789997
179.764999 -148.755997 1.54449999
179.782562 -148.7052 1.76294994
179.798798 -148.778 1.99810004
179.774902 -148.7043 2.16799998
179.750977 -148.703903 2.28634
179.729996 -148.495331 0.323466659
179.783707 -148.410797 0.474599987
179.733704 -148.497803 0.893599987
179.785828 -148.488098 1.07876658
179.786102 -148.521698 1.58379996
179.784302 -148.576996 1.98479998
179.787048 -148.476501 2.04830003
179.747818 -148.479736 2.28308344
179.750793 -148.350891 0.36650002
179.759598 -148.364502 0.484799981
179.78891 -148.241058 0.722350001
179.783005 -148.326828 1.27639997
179.769302 -148.235794 1.66349995
179.791794 -148.269699 1.95340002
179.78035 -148.337341 2.16820002
179.736893 -148.28067 2.28315711
179.757797 -148.367096 2.50149989
179.756042 -148.285339 2.8368001
179.756866 -148.114349 0.318399996
179.788666 -148.139465 0.45206666
179.776001 -148.052399 0.856599987
179.773895 -148.165649 1.07999992
179.798798 -148.132111 1.28990006
179.779602 -148.147995 1.44869995
179.785599 -148.0802 1.78690004
179.783295 -148.042557 1.96829998
179.782303 -148.143997 2.03909993
179.772202 -148.094101 2.25125003
179.791199 -148.190399 2.54649997
179.728546 -147.903412 0.333949983
179.786896 -147.853104 0.409700006
179.780701 -147.995605 0.79369998
179.797104 -147.987 0.833000004
179.749359 -147.885193 1.11354995
179.775803 -147.970795 1.2263
179.782898 -147.856705 1.69910002
179.780106 -147.954803 1.91600001
179.782639 -147.921906 2.1082201
179.768661 -147.897125 2.29173326
179.792206 -147.998398 2.64319992
179.745728 -147.619431 0.351700008
179.765747 -147.615356 0.475650012
179.78418 -147.680237 0.724075019
179.783203 -147.697906 1.11829996
179.782349 -147.702545 1.33295
179.773438 -147.664047 1.56050003
179.764252 -147.66835 1.67514992
179.786453 -147.652451 1.83704996
179.770493 -147.680298 2.0624001
179.74173 -147.744934 2.25592518
179.664505 -147.613403 2.4934001
179.744843 -147.669601 2.66524982
179.673004 -147.492493 0.286499977
179.776031 -147.46463 0.738333344
179.777161 -147.505463 0.889466643
179.787292 -147.531158 1.09060001
179.787094 -147.495895 1.28396666
179.768204 -147.413803 1.51059997
179.786606 -147.451599 1.78620005
179.786804 -147.555099 1.88975
179.785797 -147.505798 2.04360008
179.727478 -147.51683 2.272825
179.766403 -147.449097 2.66869998
179.777206 -147.466095 2.86129999
179.650513 -147.327301 0.263750017
179.789154 -147.338593 0.540549994
179.780899 -147.236649 1.06754994
179.791199 -147.313049 1.28780007
179.759155 -147.313156 1.66779995
179.767532 -147.292297 1.91760004
179.785492 -147.267166 2.12229991
179.746964 -147.297897 2.26453996
179.783997 -147.203094 2.84150004
179.724503 -147.154373 0.348833323
179.790802 -147.190506 0.568799973
179.783798 -147.170746 0.70934999
179.786499 -147.049805 1.01279998
179.785706 -147.1353 1.33239996
179.770905 -147.0522 1.57539999
179.792267 -147.13855 1.71472502
179.754349 -147.06189 1.9124999
179.774536 -147.075027 2.03723335
179.781006 -147.067657 2.2723999
179.764694 -147.132706 2.5230999
179.787994 -147.058594 2.74070001
179.798706 -147.153305 2.89619994
179.672501 -146.892456 0.319849998
179.789307 -146.916595 0.518350005
179.782196 -146.863327 0.740175009
179.763306 -146.852905 0.868200004
179.786377 -146.909851 1.34459996
179.793396 -146.906998 1.50740004
179.773743 -146.88121 1.70454001
179.738449 -146.880249 2.13065004
179.750351 -146.922745 2.30112505
179.758881 -146.907104 2.711025
179.763199 -146.81369 2.8348999
179.678894 -146.761795 0.265300006
179.757507 -146.676331 0.545033336
179.749496 -146.7108 0.606299996
179.798996 -146.619705 0.960099995
179.793793 -146.601196 1.10070002
179.795303 -146.640503 1.30040002
179.782166 -146.733276 1.52003336
179.788757 -146.671661 1.95226669
179.779205 -146.682343 2.11864996
179.764313 -146.653549 2.27349997
179.784805 -146.673492 2.66779995
179.723099 -146.726303 2.82999992
179.634598 -146.421494 0.281100005
179.777649 -146.526154 0.503549993
179.788406 -146.5009 0.668799996
179.761307 -146.480576 1.09906662
179.778503 -146.595001 1.27699995
179.78656 -146.478134 1.57046664
179.784195 -146.571899 1.78250003
179.773911 -146.515839 2.13596678
179.720337 -146.506882 2.26668
179.791199 -146.458206 2.58719993
179.7043 -146.571106 2.71079993
179.710999 -146.538193 2.82399988
179.693604 -146.262039 0.293333322
179.776596 -146.285004 0.479750007
179.778717 -146.313797 0.716399968
179.786255 -146.347687 0.848350048
179.788147 -146.332489 1.15464997
179.771698 -146.31601 1.28434992
179.779953 -146.305756 1.52839994
179.793655 -146.23761 1.7026999
179.757446 -146.294342 1.86045003
179.77034 -146.285431 2.14530015
179.744568 -146.290665 2.23979998
179.770905 -146.381897 2.88409996
179.720306 -146.0728 0.306950003
179.778107 -146.076447 0.529899955
179.774155 -146.156204 0.749300003
179.750595 -146.108093 0.875800014
179.788101 -146.159393 1.04499996
179.7733 -146.070496 1.27294993
179.778564 -146.097534 1.49419999
179.766251 -146.055649 1.69339991
179.779037 -146.147934 1.88366663
179.767639 -146.087036 2.09730005
179.763931 -146.100204 2.26506662
179.720993 -146.194305 2.54430008
179.741577 -146.122528 2.71705008
179.766174 -145.88797 0.480499983
179.761795 -145.811798 0.646300018
179.780304 -145.946304 0.953700006
179.773148 -145.834106 1.05130005
179.727249 -145.868607 1.3786
179.760803 -145.919296 1.4885
179.792725 -145.904907 1.671
179.780304 -145.886032 1.9018333
179.757202 -145.931107 2.11193323
179.776398 -145.872192 2.30465007
179.7173 -145.959396 2.4447
179.715805 -145.740295 0.292666674
179.77977 -145.688034 0.469866663
179.7733 -145.610596 0.975499988
179.787506 -145.72876 1.1317333
179.773529 -145.710602 1.29067492
179.784195 -145.614502 1.53400004
179.773346 -145.774445 1.67159998
179.775696 -145.717041 1.90280008
179.783997 -145.729858 2.18510008
179.731247 -145.691772 2.305125
179.707001 -145.542801 0.292899996
179.784973 -145.532104 0.521166682
179.783142 -145.511047 0.706200004
179.748001 -145.455048 0.86014998
179.778198 -145.479004 1.00230002
179.771835 -145.468567 1.34123337
179.787003 -145.505997 1.54509997
179.639893 -145.429703 1.71899998
179.764893 -145.421906 1.84329998
179.766663 -145.503159 2.13975
179.717316 -145.496719 2.28649998
179.738098 -145.406006 2.56599998
179.721298 -145.515656 2.71659994
179.695206 -145.4823 2.86849999
179.776794 -145.336899 0.379099995
179.764801 -145.328247 0.505699992
179.7827 -145.224945 0.711300015
179.767197 -145.29303 0.910233319
179.775146 -145.363052 1.07279992
179.761063 -145.303207 1.31353331
179.793304 -145.346497 1.53789997
179.743668 -145.287827 1.75269997
179.781494 -145.330872 1.94620001
179.756699 -145.268158 2.13019991
179.742645 -145.30368 2.24430013
179.741547 -145.38089 2.68480015
179.721176 -145.131699 0.309700012
179.767731 -145.07933 0.493866682
179.776306 -145.055054 0.660750031
179.778198 -145.112854 0.893050015
179.775299 -145.092255 1.06424999
179.768036 -145.112091 1.32305002
179.779984 -145.063904 1.52937996
179.77507 -145.168472 1.73163331
179.758377 -145.069427 1.90827501
179.770264 -145.074402 2.0978601
179.726807 -145.073303 2.25654984
179.787506 -145.188095 2.45580006
179.736099 -145.128693 2.67820001
179.768204 -145.147598 2.85879993
179.709076 -144.910248 0.288839996
179.746445 -144.855194 0.497350007
179.76944 -144.898804 0.766149998
179.756195 -144.855392 0.854600012
179.786331 -144.910294 1.04340005
179.778793 -144.923492 1.38919997
179.776627 -144.934021 1.69867492
179.790558 -144.863297 1.90750003
179.776611 -144.957199 2.12860012
179.701599 -144.903107 2.27959991
179.714996 -144.957108 2.43779993
179.710052 -144.665497 0.280449986
179.753296 -144.649597 0.571200013
179.776535 -144.664963 0.7026667
179.797699 -144.683304 0.970200002
179.723572 -144.686172 1.13723338
179.771698 -144.725937 1.29153335
179.785446 -144.758896 1.50189996
179.781509 -144.729126 1.71396673
179.751404 -144.747604 1.86380005
179.775574 -144.687836 2.1106751
179.731644 -144.673477 2.24245
179.772095 -144.759598 2.5625
179.712799 -144.722595 2.65234995
179.736298 -144.733307 2.80690002
179.7173 -144.553375 0.29703334
179.740601 -144.437653 0.488849998
179.783966 -144.502106 0.69857502
179.707703 -144.458344 0.887050033
179.752396 -144.458862 1.06476665
179.776993 -144.480301 1.37660003
179.770767 -144.48674 1.49054003
179.752502 -144.531464 1.74044991
179.792206 -144.523499 1.96870005
179.769775 -144.506683 2.11365008
179.722946 -144.508102 2.24832511
179.791504 -144.495697 2.75589991
179.726898 -144.410706 2.8499999
179.742401 -144.282867 0.344999999
179.795502 -144.235001 0.556299984
179.774796 -144.306 0.685566664
179.781555 -144.238098 0.917349994
179.766602 -144.24176 1.01499999
179.767975 -144.296783 1.27425003
179.768539 -144.242004 1.4872334
179.7677 -144.386307 1.77629995
179.773193 -144.294678 1.91532493
179.764801 -144.291763 2.11613321
179.709717 -144.296799 2.27640009
179.638702 -144.096497 0.297150016
179.753357 -144.1418 0.481150001
179.783493 -144.051407 0.721899986
179.763748 -144.131149 0.862900019
179.748001 -144.1026 1.04859996
179.779404 -144.017899 1.20039999
179.781357 -144.112732 1.50080001
179.695099 -144.061798 1.71870005
179.776855 -144.122803 1.86415005
179.784805 -144.112808 2.13369989
179.734299 -144.103851 2.2715857
179.714539 -143.90863 0.286274999
179.768326 -143.886154 0.466775
179.729752 -143.924774 0.706974983
179.724792 -143.921494 0.874800026
179.776398 -143.879974 1.12890005
179.799194 -143.837708 1.31490004
179.749359 -143.908173 1.56472492
179.772797 -143.896805 1.61399996
179.764313 -143.892639 1.82669997
179.760254 -143.898849 2.1052599
179.715775 -143.94101 2.27959991
179.741501 -143.738129 0.348199993
179.741196 -143.624695 0.402200013
179.775131 -143.707169 0.708774984
179.770905 -143.664108 0.899166644
179.776367 -143.674667 1.10633326
179.775208 -143.765594 1.2809
179.766907 -143.666397 1.47134995
179.773361 -143.724167 1.69593334
179.777069 -143.682144 1.91410005
179.769165 -143.754898 2.09310007
179.708099 -143.722321 2.29729986
179.763504 -143.788193 2.68330002
179.7883 -143.603104 2.88499999
179.7668 -143.485397 0.283650011
179.754852 -143.575302 0.494350016
179.774704 -143.501007 0.676599979
179.738297 -143.491806 0.837100029
179.768524 -143.509171 1.09133995
179.771271 -143.486633 1.33583331
179.785797 -143.525757 1.56064999
179.772354 -143.530319 1.72976005
179.765854 -143.5103 1.87835002
179.750732 -143.451294 2.06607509
179.732971 -143.507919 2.28446007
179.766006 -143.490784 2.74329996
179.735199 -143.210999 0.192399994
179.730118 -143.327164 0.315860003
179.740372 -143.304337 0.491766661
179.780701 -143.335526 0.667533338
179.784393 -143.220398 0.842149973
179.756943 -143.272797 1.05710006
179.766663 -143.325638 1.27103329
179.7612 -143.275101 1.46414995
179.796097 -143.293701 1.62629998
179.758408 -143.344604 1.99000001
179.740158 -143.279495 2.11381245
179.679718 -143.32193 2.258075
179.787704 -143.313599 2.42350006
179.770798 -143.257095 2.84010005
179.72876 -143.126709 0.327149987
179.771301 -143.008896 0.585300028
179.761032 -143.082336 0.649533331
179.756805 -143.104172 0.921366692
179.778442 -143.151642 1.13674998
179.787537 -143.109589 1.26010001
179.776428 -143.063065 1.4853667
179.782639 -143.128204 1.69104004
179.737549 -143.10997 1.95562851
179.722946 -143.115906 2.15654993
179.763977 -143.088928 2.35163331
179.7939 -143.016693 2.45020008
179.750107 -143.192307 2.7421999
179.75264 -142.930939 0.311199993
179.776337 -142.961563 0.477866679
179.766006 -142.950302 0.741100013
179.777237 -142.861771 0.89380002
179.746552 -142.919312 1.04824996
179.772339 -142.937759 1.25586665
179.766907 -142.891251 1.47175002
179.740601 -142.889114 1.69301999
179.747452 -142.936035 1.93700004
179.756912 -142.873566 2.11401987
179.711609 -142.937897 2.22480011
179.751404 -142.952805 2.58459997
179.744995 -142.71904 0.343199998
179.747025 -142.700043 0.508019984
179.742798 -142.739502 0.91260004
179.778427 -142.706161 1.04929996
179.761963 -142.710663 1.3014667
179.768921 -142.765182 1.4961834
179.729721 -142.734985 1.67050004
179.726135 -142.688568 1.92746663
179.741135 -142.701996 2.13078332
179.713181 -142.700195 2.24625993
179.749771 -142.499512 0.320549995
179.741394 -142.445694 0.516700029
179.776733 -142.51387 0.70873332
179.764648 -142.485901 0.948650002
179.756226 -142.47406 1.13003337
179.747345 -142.480896 1.28890002
179.766678 -142.505585 1.53677499
179.714096 -142.542206 1.68570006
179.745804 -142.498444 1.94190001
179.750473 -142.498398 2.12613988
179.711502 -142.495255 2.23005724
179.771606 -142.410995 2.40179992
179.681107 -142.510193 2.66039991
179.767441 -142.300323 0.279266655
179.758728 -142.324646 0.502219975
179.761871 -142.280731 0.727100015
179.751297 -142.323029 0.898249984
179.750702 -142.362091 1.16194999
179.711533 -142.306 1.30334997
179.77179 -142.307739 1.50149989
179.760605 -142.2883 1.686975
179.766403 -142.286316 1.90332508
179.751648 -142.275299 2.12905002
179.775055 -142.307404 2.22090006
179.726425 -142.095337 0.298720002
179.776871 -142.082565 0.502900004
179.753296 -142.183838 0.739199996
179.72644 -142.063995 0.948850036
179.781967 -142.094193 1.16953337
179.755951 -142.096649 1.38654995
179.757034 -142.157867 1.53016663
179.773849 -142.098221 1.70467496
179.722397 -142.096359 1.92996669
179.731796 -142.116684 2.08675003
179.68782 -142.055191 2.22498012
179.752808 -142.043106 2.53460002
179.787506 -142.1772 2.74250007
179.756348 -141.992859 0.544950008
179.760666 -141.923904 0.639166653
179.758911 -141.87674 0.869899988
179.762741 -141.93367 1.07476664
179.729843 -141.931625 1.30903327
179.754761 -141.940796 1.49489999
179.767776 -141.899506 1.71312499
179.756134 -141.891174 1.88495004
179.714523 -141.966537 2.12502003
179.665405 -141.833694 2.21639991
179.727295 -141.861206 2.68840003
179.75177 -141.744522 0.351099998
179.716248 -141.757004 0.487399995
179.725952 -141.702057 0.653349996
179.753067 -141.735855 0.90891999
179.750458 -141.682449 1.11284995
179.732803 -141.774307 1.22720003
179.745544 -141.6772 1.50730002
179.749496 -141.70163 1.7471
179.744934 -141.663437 1.84819996
179.684418 -141.684036 2.22086
179.726624 -141.507263 0.279219985
179.757202 -141.494507 0.466233343
179.747513 -141.537918 0.689840019
179.781342 -141.524246 0.970000029
179.747757 -141.520447 1.11989999
179.753067 -141.473038 1.32153332
179.764999 -141.486618 1.4744333
179.74173 -141.526367 1.70889997
179.736771 -141.457779 1.92820001
179.745758 -141.515091 2.1105001
179.739655 -141.498489 2.3173666
179.7314 -141.2939 0.212400004
179.76001 -141.285339 0.531149983
179.764725 -141.306519 0.68681252
179.739044 -141.303879 0.890116692
179.762024 -141.31543 1.11997497
179.7621 -141.366898 1.3427
179.764008 -141.312607 1.472
179.761032 -141.305374 1.686975
179.764221 -141.341537 1.88450003
179.71344 -141.301056 2.07637501
179.631989 -141.327194 2.26309991
179.763504 -141.278107 2.58159995
179.753052 -141.296921 2.70827484
179.722717 -141.124207 0.320225
179.775894 -141.038208 0.549399972
179.769592 -141.098694 0.730166674
179.746201 -141.030991 0.897599995
179.732452 -141.160889 1.08375001
179.779694 -141.093704 1.23819995
179.734756 -141.11499 1.51789999
179.754501 -141.050705 1.75559998
179.76741 -141.161102 1.87666667
179.738205 -141.077927 2.11030006
179.775604 -141.144669 2.33189988
179.671326 -140.883194 0.291933328
179.741302 -140.827667 0.519899964
179.792297 -140.987198 0.629000008
179.770905 -140.923096 0.988600016
179.740341 -140.903534 1.05033994
179.752899 -140.972595 1.21300006
179.752579 -140.908356 1.48567998
179.749847 -140.898193 1.73189998
179.758362 -140.916031 1.93060005
179.743393 -140.907944 2.14296007
179.756042 -140.887543 2.33344984
179.780548 -140.936096 2.45300007
179.698349 -140.727142 0.278400004
179.748199 -140.697937 0.52063334
179.732071 -140.686493 0.735966682
179.750793 -140.687256 0.907000005
179.746597 -140.709961 1.09868002
179.771606 -140.674393 1.31206667
179.751877 -140.699051 1.50432503
179.742172 -140.683807 1.67692852
179.744385 -140.662521 1.93962002
179.741623 -140.671997 2.09967494
179.721069 -140.736633 2.23153329
179.770294 -140.6716 2.43969989
179.756363 -140.680939 2.75493336
179.720764 -140.535446 0.329050004
179.78006 -140.496552 0.669650018
179.729645 -140.543243 0.940299988
179.755707 -140.502518 1.08392501
179.771301 -140.478348 1.30292499
179.743851 -140.511276 1.47547495
179.783356 -140.471695 1.72440004
179.744858 -140.465561 2.05159998
179.705841 -140.474625 2.27090001
179.729965 -140.269623 0.304820001
179.749802 -140.322556 0.500049949
179.751404 -140.299042 0.661575019
179.744324 -140.333801 0.933724999
179.760101 -140.285294 1.08580005
179.756836 -140.339859 1.2504667
179.758911 -140.314484 1.50632501
179.718704 -140.319107 1.79990005
179.754944 -140.319366 1.89849997
179.738846 -140.311829 2.09446001
179.712769 -140.290833 2.23486662
179.783005 -140.211197 2.42659998
179.729568 -140.336975 2.74503326
179.732635 -140.118958 0.322600007
179.735947 -140.1073 0.454524994
179.736099 -140.117859 0.728033304
179.714706 -140.118301 0.954566658
179.717163 -140.103439 1.15189993
179.756897 -140.079605 1.32886672
179.701508 -140.069 1.57410002
179.755539 -140.09816 1.90893328
179.738724 -140.089325 2.05974984
179.7621 -140.103195 2.23920012
179.794403 -140.154205 2.72040009
179.882294 -159.968506 0.392699987
179.892838 -159.901886 0.507799983
179.880249 -159.870453 0.658500016
179.910736 -159.918182 0.887549996
179.930252 -159.857391 1.13680005
179.915192 -159.894119 1.26352501
179.938904 -159.945908 1.41470003
179.891418 -159.887543 1.72902
179.90126 -159.865662 1.92293334
179.886719 -159.920807 2.11584997
179.892868 -159.893127 2.30234003
179.957794 -159.904297 2.4058001
179.911194 -159.890442 2.77974987
179.8992 -159.825607 2.83380008
179.9366 -159.7995 0.340200007
179.893478 -159.744431 0.522975028
179.899902 -159.77121 0.707450032
179.892944 -159.678696 0.835150003
179.878601 -159.678345 1.05314994
179.909805 -159.799606 1.22230005
179.910858 -159.69342 1.48342502
179.899704 -159.642563 1.72563326
179.912659 -159.676254 1.88450003
179.896851 -159.696594 2.12089992
179.876953 -159.678421 2.30426669
179.878281 -159.685852 2.48962498
179.919861 -159.473297 0.496866673
179.877197 -159.530807 0.641799986
179.888855 -159.50705 0.836650014
179.940994 -159.497406 1.00489998
179.899506 -159.503998 1.29611659
179.894302 -159.545593 1.45550001
179.900055 -159.479095 1.69790006
179.885803 -159.524094 1.90216672
179.869415 -159.507217 2.07376003
179.879166 -159.48851 2.33622003
179.856476 -159.504318 2.46490002
179.8591 -159.569107 2.87890005
179.981201 -159.580597 3.01959991
179.871094 -159.299652 0.460125029
179.894012 -159.217453 0.677049994
179.893997 -159.319595 0.991999984
179.910492 -159.294403 1.07875001
179.925659 -159.304352 1.24635005
179.906174 -159.295822 1.49695003
179.895447 -159.301102 1.73185003
179.879883 -159.302887 1.89933336
179.875397 -159.331497 2.10577488
179.887024 -159.297745 2.29127502
179.849945 -159.332947 2.44784999
179.955811 -159.29071 2.67580009
179.902008 -159.242599 2.91483331
179.869598 -159.202301 3.00349998
179.918152 -159.068695 0.47845
179.867905 -159.093399 0.631299973
179.896454 -159.092651 0.870183349
179.890778 -159.096069 1.09327507
179.889847 -159.061432 1.29587495
179.862442 -159.134201 1.43630004
179.889404 -159.103897 1.71768332
179.876205 -159.117706 1.85479999
179.871597 -159.098953 2.17269993
179.891861 -159.084229 2.29190016
179.877319 -159.069 2.47234988
179.953003 -159.113434 2.70753336
179.920044 -159.11937 2.88115001
179.964111 -159.033905 3.06904984
179.864197 -158.925049 0.549499989
179.901672 -158.894333 0.722433329
179.871857 -158.876251 0.902349949
179.885498 -158.896301 1.12779999
179.897369 -158.873566 1.36580002
179.884476 -158.898193 1.49919999
179.905563 -158.886734 1.70877993
179.88092 -158.869019 1.88637495
179.898621 -158.927582 2.13859987
179.891495 -158.847702 2.31719995
179.932953 -158.859192 2.4855001
179.961761 -158.837799 2.73889995
179.899078 -158.860123 2.86174273
179.994904 -158.867401 3.02419996
179.855042 -158.657059 0.383966655
179.851761 -158.622604 0.674199998
179.891174 -158.680115 0.85997498
179.891006 -158.712173 1.10032499
179.886993 -158.794907 1.38600004
179.880798 -158.734253 1.51874995
179.903259 -158.709702 1.68849993
179.896606 -158.724792 1.88179994
179.882736 -158.697495 2.1597333
179.884628 -158.661926 2.34465003
179.892792 -158.768097 2.45560002
179.954346 -158.674896 2.6486001
179.871887 -158.733444 2.9460001
179.891495 -158.745804 3.01670003
179.8918 -158.4879 0.478399992
179.889893 -158.45195 0.689049959
179.874298 -158.51886 0.957899988
179.908203 -158.538574 1.13590002
179.889236 -158.475784 1.29194009
179.9366 -158.5242 1.59850001
179.883865 -158.510941 1.66840005
179.902237 -158.509933 1.91336668
179.86731 -158.476746 2.05124998
179.866608 -158.491852 2.28559995
179.87204 -158.452469 2.44116664
179.94989 -158.510406 2.66186666
179.895996 -158.437607 2.86999989
179.918793 -158.305206 0.654299974
179.87851 -158.277023 0.891350031
179.860992 -158.358597 1.17089999
179.9077 -158.392303 1.37269998
179.879913 -158.299194 1.44554996
179.888229 -158.245239 1.73763335
179.894196 -158.285294 1.88259995
179.884247 -158.278076 2.0708499
179.861404 -158.306473 2.32097507
179.85379 -158.332794 2.44370008
179.910355 -158.305008 2.70094275
179.868088 -158.280533 2.86138344
179.926407 -158.219116 3.06734991
179.882507 -158.152863 0.515699983
179.864502 -158.022095 0.768599987
179.899933 -158.142258 0.913066685
179.884995 -158.144699 1.05040002
179.893829 -158.131256 1.29122496
179.88736 -158.037949 1.52469993
179.899017 -158.103668 1.93342495
179.883926 -158.102966 2.28705001
179.822601 -158.177902 2.40269995
179.982697 -158.034393 2.67639995
179.882446 -158.073624 2.92662501
179.969498 -158.114899 3.09209991
179.905502 -157.915894 0.363799989
179.88855 -157.96785 0.531700015
179.919128 -157.891266 0.716400027
179.891235 -157.89563 0.910400033
179.902802 -157.90509 1.0467
179.892502 -157.950378 1.31437492
179.871307 -157.896576 1.50555003
179.862198 -157.8302 1.78079998
179.905029 -157.867157 1.96033335
179.867004 -157.867004 2.07369995
179.862793 -157.850235 2.27731991
179.86087 -157.925781 2.46177506
179.903137 -157.880707 2.69537497
179.897095 -157.889893 2.94440007
179.920471 -157.893173 3.03006673
179.942596 -157.743805 0.512600005
179.889267 -157.705658 0.685100019
179.871628 -157.681305 0.888799965
179.898849 -157.794205 1.11059999
179.883102 -157.716644 1.26469994
179.908844 -157.705292 1.50652504
179.876572 -157.726364 1.74669993
179.857269 -157.703476 1.92327499
179.865982 -157.705902 2.0936799
179.872406 -157.686493 2.30761671
179.84465 -157.68045 2.41624999
179.963593 -157.690231 2.66863322
179.837616 -157.664871 2.91170001
179.933701 -157.73999 3.00749993
179.882446 -157.501495 0.510049999
179.878662 -157.496994 0.650949955
179.855103 -157.539505 0.930199981
179.886047 -157.531586 1.26489997
179.864395 -157.490906 1.50874996
179.894775 -157.564926 1.71150005
179.87648 -157.536682 1.90429997
179.899231 -157.476227 2.09796667
179.8582 -157.423996 2.21530008
179.882538 -157.494263 2.49803329
179.912354 -157.432709 2.61380005
179.859207 -157.551102 2.92120004
179.948547 -157.49231 3.09669995
179.868301 -157.271545 0.49605
179.874863 -157.316086 0.685600042
179.87764 -157.28363 0.92446667
179.856049 -157.326996 1.14820004
179.870941 -157.32251 1.36144996
179.905838 -157.317337 1.50220001
179.884247 -157.319702 1.68124998
179.874359 -157.288834 1.88363326
179.882111 -157.297104 2.13894987
179.849319 -157.333191 2.34572506
179.834595 -157.243607 2.52340007
179.886841 -157.321106 2.70429993
179.881104 -157.332504 2.94903326
179.969406 -157.209396 3.08879995
179.858002 -157.149002 0.506799996
179.871521 -157.121704 0.740424991
179.8647 -157.192093 0.967499971
179.873749 -157.109604 1.14195001
179.875732 -157.089172 1.35273337
179.882355 -157.135315 1.54079998
179.851196 -157.130325 1.87166667
179.869003 -157.052505 2.17389989
179.850006 -157.129929 2.30369997
179.936295 -157.095993 2.58809996
179.915497 -157.084442 2.66296673
179.920273 -157.098236 2.8653667
179.933594 -157.131699 3.04189992
179.8358 -156.946198 0.537699997
179.856064 -156.936707 0.70630002
179.877609 -156.815872 0.89289999
179.847305 -156.802994 1.08060002
179.856598 -156.882904 1.28770006
179.876663 -156.923965 1.50003326
179.862473 -156.900681 1.70060003
179.869232 -156.897461 1.94929993
179.87616 -156.875671 2.11203337
179.8694 -156.827698 2.34224987
179.804398 -156.970596 2.4749999
179.948105 -156.926819 2.73792505
179.961349 -156.94931 2.92464995
179.913101 -156.899902 3.02535009
179.835007 -156.625107 0.376199991
179.848938 -156.697388 0.756799996
179.877899 -156.676544 1.15390003
179.853302 -156.711075 1.292575
179.864075 -156.677231 1.73119998
179.845795 -156.737793 1.84590006
179.862549 -156.650513 2.06404996
179.869217 -156.709656 2.32529998
179.891006 -156.696045 2.52942491
179.9655 -156.615005 2.6493001
179.932907 -156.739258 2.85905004
179.832306 -156.591599 0.564100027
179.859497 -156.452393 0.68629998
179.864502 -156.526596 0.987200022
179.87645 -156.508392 1.07679999
179.871628 -156.501358 1.29939997
179.8535 -156.537308 1.49769998
179.871307 -156.454498 1.7504499
179.853897 -156.5186 1.86310005
179.877823 -156.536652 2.04872489
179.855118 -156.492508 2.29498005
179.858063 -156.5802 2.46656656
179.945404 -156.423798 2.60400009
179.903046 -156.462646 2.92895007
179.896606 -156.372299 0.377200007
179.860245 -156.294739 0.525979996
179.881409 -156.352356 0.697574973
179.874588 -156.299042 0.89884001
179.859299 -156.222 1.17040002
179.869125 -156.310257 1.30496669
179.913208 -156.292252 1.47969997
179.904999 -156.326462 1.70636666
179.86264 -156.238571 1.89157498
179.863892 -156.307571 2.11149979
179.841202 -156.290558 2.30194998
179.805099 -156.319504 2.44129992
179.938461 -156.320923 2.70636654
179.861801 -156.252335 2.95466661
179.896606 -156.049606 0.391000003
179.882523 -156.121597 0.485050023
179.886307 -156.113007 0.708800018
179.918961 -156.104599 0.940199971
179.913696 -156.035645 1.15409994
179.85733 -156.097565 1.2773
179.856506 -156.074203 1.53729999
179.880325 -156.092407 1.71589994
179.867661 -156.122955 1.89178002
179.875854 -156.066254 2.08165002
179.839828 -156.103928 2.27090001
179.868652 -156.096588 2.56229997
179.945694 -156.089203 2.73790002
179.893204 -156.005798 2.8197999
179.842804 -155.810104 0.534799993
179.933304 -155.977798 0.672100008
179.854736 -155.901566 0.895099998
179.894592 -155.904724 1.09591997
179.852997 -155.922562 1.32640004
179.851334 -155.914871 1.49800003
179.858246 -155.828278 1.71257496
179.854141 -155.931732 1.8731333
179.90065 -155.901825 2.14177513
179.854202 -155.88652 2.28130007
179.87175 -155.873596 2.4753499
179.895432 -155.850891 2.69400001
179.877823 -155.878677 2.89914989
179.830658 -155.664612 0.370499998
179.817398 -155.619995 0.509500027
179.864807 -155.696304 0.703199983
179.869003 -155.729156 0.856250048
179.851425 -155.718521 1.11465001
179.899994 -155.626007 1.36940002
179.873688 -155.740204 1.5187
179.844345 -155.711899 1.64100003
179.879395 -155.727722 1.89094996
179.859573 -155.742493 2.05726671
179.858475 -155.671722 2.26092005
179.910828 -155.684204 2.51106668
179.9245 -155.663452 2.74545002
179.990601 -155.707596 3.04310012
179.865402 -155.470596 0.536599994
179.8349 -155.521301 0.690800011
179.834595 -155.57373 0.929666638
179.852722 -155.507584 1.07485998
179.863846 -155.507401 1.25664997
179.858932 -155.507751 1.50750005
179.852295 -155.531052 1.88960004
179.861649 -155.488831 2.14297485
179.837448 -155.514603 2.30287504
179.840561 -155.489304 2.44273329
179.942841 -155.541962 2.63283324
179.896362 -155.512939 2.92280006
179.846161 -155.284698 0.369749993
179.941605 -155.237198 0.568799973
179.87886 -155.362793 0.692333341
179.846329 -155.276672 0.86500001
179.864136 -155.341873 1.11496663
179.886948 -155.278702 1.33267498
179.869797 -155.325699 1.44050002
179.825439 -155.302399 1.79139996
179.859329 -155.316269 1.88574994
179.844879 -155.299698 2.34364009
179.847305 -155.348206 2.59649992
179.957352 -155.306595 2.62564993
179.850998 -155.271194 2.88820004
179.917801 -155.259506 3.01699996
179.841049 -155.056458 0.485150009
179.880707 -155.164993 0.752799988
179.877899 -155.042404 0.866050005
179.849594 -155.0271 1.02609992
179.857605 -155.094498 1.22109997
179.864105 -155.07547 1.49442506
179.870529 -155.077942 1.69876671
179.86557 -155.079071 1.91923332
179.839691 -155.077148 2.11794996
179.838837 -155.130692 2.25396657
179.925797 -155.014297 2.58660007
179.922394 -155.069366 2.70246673
179.909805 -155.053406 2.97009993
179.972397 -155.007004 3.00740004
179.8004 -154.866699 0.396299988
179.828903 -154.88739 0.449699998
179.876038 -154.926941 0.647499979
179.836929 -154.896225 0.898033321
179.8452 -154.901703 1.1494
179.859634 -154.919937 1.30676675
179.872498 -154.848938 1.47563338
179.890976 -154.905334 1.7119
179.835968 -154.878174 1.90509999
179.873764 -154.902161 2.09549999
179.847839 -154.892944 2.25652504
179.848145 -154.886749 2.46414995
179.988998 -154.835205 3.01099992
179.861893 -154.666107 0.38530001
179.891602 -154.7556 0.454600006
179.874832 -154.673828 0.695100009
179.8517 -154.67775 0.889050007
179.8694 -154.731796 1.07089996
179.886597 -154.695496 1.36689997
179.837219 -154.725555 1.51250005
179.843033 -154.636292 1.70493329
179.855347 -154.676651 1.84759998
179.873352 -154.758636 2.09780002
179.833008 -154.740753 2.28445005
179.834625 -154.663666 2.5268333
179.947937 -154.735062 2.66743326
179.908478 -154.710526 2.90976667
179.986496 -154.612396 3.01200008
179.823502 -154.433899 0.333600014
179.864304 -154.490906 0.596599996
179.895096 -154.479874 0.65503335
179.844604 -154.484589 0.938650012
179.859406 -154.405701 1.19550002
179.837006 -154.460007 1.33700001
179.901489 -154.481659 1.51499999
179.872177 -154.519897 1.70062006
179.855286 -154.495026 1.87625718
179.833344 -154.545807 2.10930014
179.844574 -154.500244 2.28796005
179.807602 -154.593399 2.40070009
179.940903 -154.531799 2.64413333
179.913498 -154.507965 2.87806678
179.839294 -154.264999 0.480800003
179.834503 -154.308899 0.734499991
179.850784 -154.299194 0.880616665
179.83403 -154.332367 1.06126666
179.873474 -154.296173 1.28478336
179.87764 -154.250626 1.52343333
179.839203 -154.331924 1.65065002
179.821198 -154.299194 1.86870003
179.844101 -154.391495 2.1624999
179.807999 -154.282501 2.31524992
179.865799 -154.342499 2.40249991
179.87265 -154.329803 2.72315001
179.901352 -154.303299 2.93289995
179.836899 -154.068207 0.356700003
179.88237 -154.120941 0.499799997
179.824051 -154.061401 0.636399984
179.870255 -154.144897 0.889199972
179.862747 -154.117599 1.11422503
179.821869 -154.068573 1.33543336
179.880249 -154.08609 1.53014994
179.868408 -154.105133 1.69330001
179.861252 -154.076996 1.92645001
179.819199 -154.053055 2.15275002
179.821045 -154.111694 2.28290009
179.881653 -154.159454 2.47975016
179.893402 -154.138748 2.67085004
179.833176 -153.890533 0.511033356
179.861801 -153.900696 0.790700018
179.854095 -153.974899 0.951300025
179.836655 -153.855957 1.08864999
179.88916 -153.937744 1.27719998
179.870773 -153.902756 1.67432499
179.816299 -153.960403 1.88155007
179.836868 -153.89003 2.10459995
179.838501 -153.927979 2.28211999
179.922699 -153.924896 2.69950008
179.947205 -153.894592 2.95004988
179.840317 -153.688004 0.515619993
179.869598 -153.695038 0.859633327
179.861801 -153.638596 1.10769999
179.804001 -153.662903 1.32980001
179.873108 -153.745026 1.51540005
179.867203 -153.732895 1.70710003
179.846008 -153.722321 1.90567505
179.887772 -153.720139 2.07533336
179.849197 -153.744019 2.31040001
179.900421 -153.702133 2.90359998
179.904205 -153.713196 3.02339983
179.823898 -153.544601 0.315499991
179.837204 -153.500702 0.923133314
179.870178 -153.529816 1.11552501
179.858032 -153.468307 1.24874997
179.8358 -153.504211 1.48570001
179.872635 -153.514526 1.67926669
179.858337 -153.480728 1.83803332
179.884644 -153.499054 2.04379988
179.894547 -153.481094 2.4857502
179.895416 -153.517532 2.71274996
179.929596 -153.575958 2.89475012
179.856964 -153.282303 0.513199985
179.878098 -153.275803 0.777100027
179.860397 -153.289703 0.984400034
179.843353 -153.298431 1.09844995
179.852798 -153.274948 1.47455716
179.832336 -153.266357 1.70445001
179.817673 -153.348236 1.90686667
179.818756 -153.300156 2.08969998
179.809601 -153.282364 2.26623321
179.942093 -153.256805 2.58509994
179.886505 -153.332306 2.69269991
179.892471 -153.345932 2.89513326
179.850296 -153.09462 0.513625026
179.82254 -153.069748 0.6778
179.857376 -153.10994 1.08972001
179.889206 -153.064194 1.20609999
179.892441 -153.079834 1.48023331
179.839203 -153.049545 1.7177
179.8797 -153.040192 2.09765005
179.827332 -153.127808 2.27760005
179.909302 -153.138596 2.52589989
179.90274 -153.132095 2.69875002
179.88887 -153.1474 2.91680002
179.864807 -152.863403 0.425700009
179.858704 -152.89801 0.721349955
179.852127 -152.905899 0.882833302
179.842743 -152.918976 1.09802496
179.854248 -152.894592 1.30429995
179.848907 -152.815399 1.46000004
179.847031 -152.868301 1.70869994
179.898102 -152.890045 1.91900003
179.813004 -152.807693 2.04789996
179.838242 -152.894516 2.27087998
179.970505 -152.880203 2.57240009
179.943573 -152.880936 2.72893333
179.931152 -152.892395 2.90249991
179.9319 -152.949707 3.0000999
179.832596 -152.720551 0.341199994
179.86467 -152.692307 0.528066635
179.848511 -152.689758 0.709900022
179.835953 -152.698364 0.87529999
179.858505 -152.759033 1.05053329
179.864594 -152.690323 1.23726666
179.884338 -152.768341 1.48179996
179.850815 -152.710129 1.71766663
179.830505 -152.725311 1.92949998
179.828934 -152.652069 2.11316681
179.823334 -152.681824 2.31933331
179.932999 -152.735901 2.56870008
179.829605 -152.7444 2.76069999
179.857269 -152.756241 2.86100006
179.940704 -152.765396 3.03480005
179.832108 -152.5979 0.357499987
179.832306 -152.524551 0.574249983
179.834793 -152.4617 0.79610002
179.813873 -152.52327 0.899933338
179.858246 -152.497345 1.03552496
179.925201 -152.532394 1.23870003
179.805405 -152.503403 1.58109999
179.843796 -152.507599 1.68315005
179.834946 -152.497147 1.97580004
179.892502 -152.576904 2.07579994
179.820557 -152.422607 2.32700014
179.875565 -152.500671 2.47986674
179.900299 -152.48494 2.72336674
179.893723 -152.482437 2.88127995
179.820801 -152.241196 0.398400009
179.863495 -152.287521 0.553900003
179.805405 -152.356903 0.718699992
179.840805 -152.301056 0.879950047
179.870773 -152.36235 1.10570002
179.858643 -152.274826 1.35765994
179.8293 -152.3452 1.55719995
179.823898 -152.340744 1.699
179.819397 -152.281296 1.85710001
179.824051 -152.330994 2.11124992
179.840347 -152.342926 2.30042505
179.917252 -152.254395 2.68219995
179.896072 -152.307373 2.87140012
179.905853 -152.115921 0.549650013
179.8349 -152.141693 0.740450025
179.875153 -152.099762 0.926050007
179.841446 -152.08429 1.0941999
179.881668 -152.090225 1.38063335
179.825058 -152.08136 1.52240002
179.859558 -152.178101 1.72214997
179.838699 -152.071198 1.92954993
179.812897 -152.032501 2.05375004
179.835907 -152.065796 2.23399997
179.852493 -152.003403 2.4690001
179.958405 -152.098206 2.85870004
179.852325 -151.907593 0.483833343
179.861404 -151.895294 0.792800009
179.84407 -151.880875 1.098225
179.867355 -151.910049 1.32920003
179.845139 -151.857391 1.54806662
179.820007 -151.9534 1.66960001
179.861404 -151.820297 1.86240005
179.816895 -151.857239 2.11500001
179.833282 -151.909729 2.27839994
179.841797 -151.843994 2.47679996
179.893341 -151.937195 2.68309999
179.801895 -151.804596 2.88120008
179.966995 -151.991501 3.05270004
179.852493 -151.680405 0.3741
179.823425 -151.690247 0.50652504
179.848068 -151.752426 0.728266656
179.826797 -151.798096 0.961799979
179.829987 -151.764343 1.03270006
179.827133 -151.738373 1.32076669
179.826447 -151.726288 1.52014995
179.822403 -151.740097 1.76390004
179.835846 -151.704193 1.93490005
179.834869 -151.635269 2.10696673
179.852859 -151.709595 2.29408002
179.896866 -151.691162 2.70569992
179.880157 -151.644302 2.87050009
179.873093 -151.415604 0.900900006
179.84201 -151.527008 1.07179999
179.840652 -151.548889 1.28609991
179.820908 -151.541595 1.59990001
179.84877 -151.488174 1.67212498
179.856827 -151.532135 1.84506667
179.869446 -151.563599 2.09630013
179.837204 -151.488602 2.2960999
179.849701 -151.540604 2.51550007
179.936996 -151.470566 2.7342
179.836365 -151.348267 0.490366668
179.856094 -151.374695 0.964299977
179.860748 -151.272598 1.09224999
179.817596 -151.337097 1.31594992
179.867584 -151.30397 1.47309995
179.873505 -151.251129 1.75063336
179.832748 -151.356537 1.88059998
179.811295 -151.268433 2.16403341
179.825623 -151.254929 2.27819991
179.9272 -151.217606 2.57870007
179.890366 -151.32663 2.71210003
179.869461 -151.254532 2.90713334
179.812195 -151.0672 0.327499986
179.809097 -151.174606 0.410100013
179.902954 -151.041 0.694249988
179.835678 -151.127731 0.907074988
179.830444 -151.143478 1.12
179.827209 -151.032288 1.2586
179.85022 -151.095047 1.46370006
179.86702 -151.071976 1.67817998
179.862106 -151.138168 1.95306671
179.841522 -151.109177 2.13095999
179.844604 -151.068893 2.37129998
179.870209 -151.064178 2.69764996
179.829605 -150.913528 0.497875005
179.806595 -150.8125 0.638599992
179.90155 -150.832794 0.953950047
179.839294 -150.87326 1.05986667
179.852997 -150.86525 1.24779999
179.853912 -150.967163 1.49834991
179.825607 -150.933502 1.7438333
179.832611 -150.925018 1.89751661
179.844666 -150.943405 2.11786675
179.830444 -150.938599 2.24744987
179.906158 -150.929047 2.54334998
179.914307 -150.953506 2.63330007
179.947998 -150.861694 2.9454
179.837601 -150.715195 0.214300007
179.855331 -150.678558 0.541366637
179.827698 -150.639328 0.683600008
179.835754 -150.695312 0.839850008
179.832108 -150.776306 1.01390004
179.838104 -150.686707 1.28955007
179.840393 -150.729797 1.55309999
179.866348 -150.693146 1.70774996
179.890854 -150.687851 1.8793
179.819901 -150.680649 2.13014984
179.853104 -150.639496 2.2888
179.843796 -150.706497 2.5000999
179.910004 -150.722198 2.61470008
179.888641 -150.651428 2.88456655
179.8004 -150.529495 0.358999997
179.858475 -150.499512 0.699228585
179.86377 -150.475464 1.09060001
179.842102 -150.505798 1.51285005
179.86554 -150.528305 1.65916669
179.878448 -150.517303 1.87840009
179.847198 -150.482224 2.04173326
179.81076 -150.479645 2.25239992
179.847961 -150.557861 2.52040005
179.892944 -150.521896 2.68709993
179.86615 -150.419846 2.81529999
179.8116 -150.343201 0.371300012
179.815247 -150.317398 0.491149992
179.812592 -150.315887 0.705250025
179.949707 -150.363205 0.939300001
179.815399 -150.346466 1.09512496
179.84697 -150.291367 1.29849994
179.818298 -150.300674 1.50744998
179.845947 -150.272873 1.65495002
179.830994 -150.298584 1.92739999
179.821457 -150.288071 2.10109997
179.818542 -150.265991 2.28504992
179.849091 -150.2836 2.4677
179.859161 -150.332932 2.67026663
179.999802 -150.356903 2.9532001
179.818604 -150.100693 0.366100013
179.843018 -150.114944 0.879379988
179.841904 -150.059952 1.12895
179.847427 -150.12886 1.3441
179.828094 -150.118744 1.52189994
179.828796 -150.106354 1.71615005
179.826294 -150.072296 1.85539997
179.804001 -150.125656 2.10759997
179.833099 -150.073517 2.27999997
179.909393 -150.138641 2.54390001
179.922226 -150.085693 2.69283342
179.870605 -150.140152 2.8671999
179.811951 -149.887543 0.31825
179.839935 -149.873032 0.536599994
179.818497 -149.952896 0.721000016
179.838547 -149.85379 0.884649992
179.819305 -149.976746 1.11625004
179.829758 -149.909424 1.32897997
179.825775 -149.852493 1.67726672
179.854004 -149.922394 1.87469995
179.863205 -149.915161 2.04710007
179.813293 -149.989304 2.28250003
179.889496 -149.890961 2.57254982
179.886292 -149.924545 2.66759992
179.821701 -149.634399 0.351850003
179.864304 -149.786301 0.446999997
179.837524 -149.677704 0.663366675
179.829849 -149.707245 0.908949971
179.839752 -149.703781 1.06888568
179.845566 -149.678238 1.31306672
179.824799 -149.739304 1.46070004
179.829269 -149.679733 1.69693339
179.813904 -149.755203 1.99549997
179.821854 -149.682159 2.27680016
179.885071 -149.701706 2.54956675
179.938232 -149.748718 2.66037512
179.935501 -149.678299 2.92260003
179.846008 -149.523499 0.462350011
179.817505 -149.440994 0.626800001
179.853775 -149.456726 0.906774998
179.823196 -149.459793 1.02890003
179.820297 -149.54155 1.33200002
179.828201 -149.489655 1.53055
179.840851 -149.528198 1.78415
179.829803 -149.453094 1.80879998
179.819351 -149.539246 2.09000015
179.84137 -149.506897 2.30519986
179.959595 -149.531998 2.5862
179.8358 -149.415604 2.7355001
179.825104 -149.546997 2.83799982
179.82077 -149.311172 0.330033332
179.833603 -149.202805 0.579599977
179.819351 -149.28685 0.654600024
179.842743 -149.347443 0.855000019
179.844543 -149.301361 1.32274997
179.821899 -149.257401 1.71254992
179.830261 -149.312393 1.96389997
179.827591 -149.283447 2.08782005
179.819305 -149.389343 2.26970005
179.905899 -149.345596 2.5927
179.881027 -149.268463 2.72659993
179.894196 -149.276001 2.88380003
179.830505 -149.006302 0.412800014
179.842773 -149.134583 0.695075035
179.825958 -149.101593 0.97665
179.827606 -149.056046 1.32665002
179.837738 -149.104889 1.50460005
179.814102 -149.041138 1.6638
179.859695 -149.098907 1.92659998
179.842865 -149.139297 2.05396676
179.835205 -149.048157 2.31785011
179.958099 -149.160599 2.5933001
179.906494 -149.092102 2.69280005
179.904495 -149.049301 2.99489999
179.831131 -148.877808 0.321833342
179.800293 -148.991699 0.560400009
179.805603 -148.844498 0.600199997
179.856644 -148.903229 0.904425025
179.846893 -148.909897 1.00680006
179.809402 -148.867004 1.28834999
179.854858 -148.894287 1.51084995
179.816147 -148.930145 1.67995
179.819946 -148.869751 1.88384998
179.832611 -148.886658 2.11474991
179.939697 -148.949402 2.57229996
179.893753 -148.919006 2.72449994
179.885605 -148.9245 2.92210007
179.842865 -148.70253 0.697600007
179.85025 -148.621246 0.901549995
179.831757 -148.653854 1.06525004
179.807693 -148.686707 1.25380003
179.822052 -148.696747 1.53602505
179.83313 -148.71817 1.65296662
179.824127 -148.699463 1.83780003
179.819305 -148.718155 2.05165005
179.857193 -148.656693 2.5927999
179.897598 -148.721329 2.68006659
179.84436 -148.716431 2.8931334
179.831802 -148.466202 0.513999999
179.829102 -148.51712 0.668300033
179.8125 -148.566803 0.813399971
179.820099 -148.512405 1.15929997
179.819107 -148.494797 1.24399996
179.837158 -148.463043 1.44089997
179.81366 -148.513657 1.74425006
179.853546 -148.528351 1.90490007
179.820404 -148.432999 2.36849999
179.926498 -148.536194 2.54410005
179.865295 -148.488953 2.74049997
179.863602 -148.498367 2.87533331
179.863602 -148.342407 0.241899997
179.814545 -148.334793 1.19414997
179.830994 -148.341629 1.29499996
179.819305 -148.278961 1.46749997
179.836227 -148.291397 1.6699667
179.843094 -148.364105 1.84449995
179.812469 -148.282562 2.05376673
179.839905 -148.340607 2.27803326
179.924255 -148.315796 2.54929996
179.918228 -148.326401 2.70556664
179.84053 -148.286865 2.9138
179.808044 -148.142456 0.710950017
179.828461 -148.134094 0.931150019
179.811951 -148.081696 1.11304998
179.839157 -148.1138 1.24164999
179.862503 -148.156494 1.44340003
179.819305 -148.101837 1.72196674
179.807297 -148.056305 1.85109997
179.849594 -148.012497 2.04879999
179.8255 -148.087402 2.25524998
179.890701 -148.101196 2.48810005
179.907318 -148.107941 2.71397495
179.886902 -148.074905 2.91079998
179.817108 -147.82431 0.359699994
179.826355 -147.93454 0.493250012
179.9133 -147.955994 0.639500022
179.822998 -147.940903 0.908399999
179.85202 -147.842697 1.11442494
179.821548 -147.89006 1.30387998
179.859894 -147.905701 1.70739996
179.837997 -147.847397 1.94009995
179.818756 -147.846024 2.10050011
179.877716 -147.880829 2.28814983
179.949463 -147.917206 2.58494997
179.996399 -147.898102 2.66779995
179.839706 -147.600494 0.354799986
179.81987 -147.724106 0.515900016
179.837646 -147.763748 0.69659996
179.83136 -147.749146 0.956449986
179.826706 -147.685898 1.18219995
179.815048 -147.765411 1.29645002
179.847748 -147.723648 1.52655005
179.884796 -147.71405 1.78200006
179.832596 -147.721725 1.89639997
179.811005 -147.630798 2.16199994
179.817795 -147.724594 2.3203001
179.837601 -147.781494 2.41030002
179.875397 -147.710846 2.75329995
179.886642 -147.658127 2.88815999
179.850937 -147.5168 0.711000025
179.837708 -147.525055 0.886849999
179.835098 -147.483398 1.08130002
179.837036 -147.475876 1.27398002
179.813599 -147.554749 1.68160009
179.816467 -147.501862 1.89394999
179.942902 -147.497498 2.06360006
179.904266 -147.473969 2.51429987
179.907623 -147.507095 2.67382503
179.926804 -147.512375 2.87466669
179.915207 -147.582901 3.00999999
179.823868 -147.324631 0.471933335
179.803497 -147.220001 0.685299993
179.803101 -147.349701 0.953999996
179.851303 -147.210693 1.39699996
179.842041 -147.318924 1.44903338
179.840118 -147.300797 1.69585001
179.83374 -147.343994 1.92569995
179.804443 -147.322937 2.06629992
179.820999 -147.299194 2.27419996
179.889603 -147.315552 2.53604984
179.891663 -147.255966 2.71716666
179.934692 -147.220398 2.80299997
179.848938 -147.101547 0.489800006
179.896698 -147.016693 0.695800006
179.805847 -147.114151 0.873250008
179.804001 -147.170898 1.00399995
179.828796 -147.094971 1.31632495
179.886703 -147.197403 1.54879999
179.833801 -147.093307 1.74749994
179.802399 -147.053802 1.88530004
179.824158 -147.10025 2.27119994
179.929108 -147.092499 2.54153347
179.850861 -147.131027 2.89389992
179.814896 -146.991501 0.326999992
179.823807 -146.832199 0.499599993
179.871002 -146.934906 0.714699984
179.831497 -146.935898 0.94569999
179.836838 -146.912964 1.13143337
179.825027 -146.912338 1.2416333
179.849945 -146.942856 1.48799992
179.85321 -146.956696 1.77789998
179.832825 -146.870605 1.90377498
179.878998 -146.874695 2.36400008
179.882355 -146.906616 2.52193999
179.980194 -146.933594 2.66829991
179.913971 -146.857162 2.90603328
179.851273 -146.724899 0.375699997
179.837494 -146.746613 0.496800005
179.818054 -146.628647 0.730800033
179.820801 -146.791397 0.801699996
179.834122 -146.753098 1.1084249
179.90506 -146.6064 1.35004997
179.815903 -146.604904 1.65269995
179.815369 -146.689774 1.87029994
179.821793 -146.768707 2.0473001
179.859894 -146.790298 2.26440001
179.877441 -146.710907 2.51486659
179.869064 -146.635208 2.61183333
179.876205 -146.664597 2.92190003
179.801895 -146.463104 0.318399996
179.835403 -146.512497 0.504100025
179.839355 -146.506439 0.682700038
179.835541 -146.485947 0.917099953
179.854202 -146.578796 1.1240499
179.82309 -146.5625 1.31865001
179.845901 -146.495346 1.53715003
179.889893 -146.542267 2.55735016
179.945999 -146.566299 2.7486999
179.851379 -146.483444 2.86969995
179.837906 -146.334503 0.539300025
179.826141 -146.317139 0.882200003
179.825302 -146.308228 1.11212504
179.830688 -146.290344 1.4763999
179.859604 -146.253098 1.64890003
179.826508 -146.290207 1.98010004
179.87915 -146.267761 2.12755013
179.897842 -146.244019 2.49087501
179.944901 -146.307709 2.69850016
179.886032 -146.300568 2.87010002
179.817307 -146.192505 0.238399997
179.823196 -146.139496 0.418300003
179.823456 -146.190094 0.656700015
179.816498 -146.178299 0.958400011
179.847397 -146.136505 1.08836663
179.827896 -146.076508 1.59070003
179.857788 -146.111389 2.10815001
179.819199 -146.011703 2.20510006
179.874329 -146.096771 2.50306678
179.849457 -146.104095 2.61595011
179.880096 -146.112762 2.87360001
179.815796 -145.893402 0.418500006
179.804199 -145.834305 0.610700011
179.827896 -145.990295 0.801800013
179.816406 -145.830307 1.3786
179.817291 -145.863403 1.53719997
179.819794 -145.802795 1.79289997
179.814911 -145.957199 1.95295
179.804657 -145.907654 2.10395002
179.813553 -145.926804 2.29230022
179.90033 -145.903458 2.51999998
179.827896 -145.934204 2.6724
179.851593 -145.95694 2.85204983
179.843048 -145.618439 0.327000022
179.807999 -145.6306 0.585799992
179.815704 -145.626999 0.611599982
179.842255 -145.732849 0.951249957
179.818604 -145.745544 1.15369999
179.826004 -145.796997 1.21440005
179.817108 -145.72226 1.46520007
179.826004 -145.726395 1.64139998
179.8349 -145.798798 1.85329998
179.819946 -145.685059 2.05419993
179.882812 -145.700027 2.52376676
179.944397 -145.753601 2.76399994
179.858246 -145.683197 2.86364985
179.808899 -145.430603 0.672100008
179.810699 -145.482437 0.876666665
179.805405 -145.530807 1.13150001
179.814606 -145.545593 1.25399995
179.823944 -145.462952 1.5697
179.812134 -145.4832 1.68616664
179.878128 -145.487198 1.90353334
179.883499 -145.542801 2.06550002
179.800201 -145.577103 2.3124001
179.882324 -145.495544 2.51674986
179.806107 -145.424301 2.79430008
179.892899 -145.506607 2.87879992
179.802902 -145.359894 0.646899998
179.817047 -145.299561 0.8847
179.811554 -145.300949 1.08054996
179.865631 -145.343033 1.36463332
179.809906 -145.313797 1.51160002
179.808655 -145.236542 1.71230006
179.890106 -145.268463 2.50689983
179.882996 -145.331451 2.65120006
179.879395 -145.321945 2.84275007
179.822693 -145.001297 0.361699998
179.810104 -145.121506 0.598800004
179.812561 -145.096664 0.742666662
179.808502 -145.147903 0.873399973
179.804794 -145.062103 1.22140002
179.919403 -145.123901 2.5927
179.942001 -145.106293 2.66494989
179.814407 -145.093704 2.94260001
179.823898 -144.944305 0.659399986
179.829498 -144.967102 0.954300046
179.870804 -144.883698 1.1559
179.809204 -144.93866 1.28954995
179.823029 -144.9039 1.5036
179.808899 -144.982895 1.73280001
179.811798 -144.838196 1.89979994
179.842743 -144.880203 2.13540006
179.806351 -144.857849 2.31034994
179.900894 -144.871475 2.48749995
179.876831 -144.89624 2.69810009
179.850861 -144.883255 2.89104986
179.808594 -144.668594 0.40290001
179.802094 -144.679199 0.674899995
179.924194 -144.671295 0.866400003
179.820251 -144.679947 1.09824991
179.810196 -144.6465 1.23559999
179.822601 -144.6539 1.66289997
179.830704 -144.747803 1.9418
179.839996 -144.602997 2.12409997
179.836151 -144.7202 2.33379984
179.867172 -144.720596 2.55150008
179.874649 -144.724792 2.67479992
179.824631 -144.496033 0.488350004
179.825653 -144.568451 0.713099957
179.826202 -144.583801 0.819999993
179.802597 -144.504196 1.10000002
179.830139 -144.550293 1.35350001
179.827194 -144.579407 1.505
179.836304 -144.503204 1.81429994
179.825897 -144.545197 2.07909989
179.900803 -144.562897 2.52200007
179.856247 -144.529694 2.61849999
179.898834 -144.503876 2.87299991
179.860901 -144.306595 0.406399995
179.821594 -144.260742 0.702250004
179.82106 -144.310272 1.22173333
179.804398 -144.292007 1.96360004
179.858704 -144.278107 2.05579996
179.836105 -144.250305 2.5302
179.934296 -144.244904 2.63190007
179.901001 -144.156097 0.574100018
179.809006 -144.134903 0.961499989
179.812103 -144.181 1.08420002
179.802002 -144.185593 1.21689999
179.806 -144.017303 1.52090001
179.805695 -144.050003 2.10844994
179.948792 -144.12674 2.29984999
179.881546 -144.101166 2.52995992
179.920334 -144.092041 2.87366009
179.856094 -143.911301 0.901600003
179.832947 -143.929596 1.3048501
179.816803 -143.939346 1.50209999
179.805054 -143.908798 1.89960003
179.882904 -143.878448 2.52834988
179.837601 -143.848495 2.78740001
179.846954 -143.86441 2.88920021
179.886795 -143.962006 3.02819991
179.832397 -143.627594 1.0165
179.835526 -143.661499 1.69793332
179.815903 -143.7314 1.82729995
179.867706 -143.771698 2.05219984
179.862457 -143.732376 2.49746656
179.87616 -143.641098 2.69560003
179.838135 -143.677994 2.83596683
179.829498 -143.447006 0.0311999992
179.805206 -143.506393 0.381399989
179.834702 -143.505753 0.480350018
179.949997 -143.518097 0.676400006
179.815506 -143.551804 0.845700026
179.806595 -143.501724 1.08509994
179.809296 -143.562195 1.45919991
179.803894 -143.460403 1.70700002
179.816406 -143.537704 1.84130001
179.825638 -143.478745 2.08534002
179.844254 -143.559692 2.48364997
179.984695 -143.498306 2.76220012
179.852798 -143.563095 2.85439992
179.850006 -143.300354 0.909600019
179.816101 -143.28006 1.15450001
179.905243 -143.253052 1.66254997
179.805908 -143.289001 2.27099991
179.884094 -143.319 2.4533999
179.868591 -143.293152 2.63784981
179.900406 -143.009399 0.691900015
179.803345 -143.107239 0.890450001
179.826996 -143.095093 1.00660002
179.842026 -143.120071 1.51699996
179.907303 -143.041794 1.92825007
179.809692 -143.051697 2.36619997
179.835007 -143.036194 2.5474
179.905899 -143.068298 2.69414997
179.904694 -142.992905 0.601000011
179.815353 -142.885437 0.859050035
179.80954 -142.913147 1.0776
179.883804 -142.913452 1.26359999
179.803802 -142.871597 1.45105004
179.942596 -142.872498 1.72780001
179.805893 -142.852097 1.92929995
179.848907 -142.960098 2.12759995
179.887497 -142.895081 2.50465012
179.887512 -142.892593 2.67245007
179.891006 -142.843399 2.83290005
179.804596 -142.690598 0.278899997
179.816406 -142.7211 0.755100012
179.855499 -142.697906 1.15875006
179.832901 -142.698212 1.48075008
179.816498 -142.729752 1.77040005
179.806458 -142.702148 2.38695002
179.830353 -142.69873 2.50254989
179.921997 -142.673706 2.86240005
179.830795 -142.503204 1.17490005
179.801193 -142.5849 1.48210001
179.817001 -142.446594 1.66240001
179.883499 -142.541199 1.88740003
179.827301 -142.564301 2.00029993
179.802399 -142.499893 2.25049996
179.900803 -142.400208 2.49480009
179.90155 -142.520676 2.73099995
179.887497 -142.500198 2.81399989
179.849457 -142.355591 0.623749971
179.839096 -142.303497 0.987399995
179.839706 -142.395905 1.38380003
179.800095 -142.2733 1.41250002
179.824905 -142.257706 1.73000002
179.824646 -142.317947 1.93309999
179.946594 -142.300003 2.28480005
179.866898 -142.270767 2.49099994
179.88031 -142.354095 2.76520014
179.909103 -142.270798 2.84599996
179.862854 -142.148697 0.319199979
179.815994 -142.1194 1.39859998
179.8396 -142.1259 1.53439999
179.830307 -142.081894 1.6832
179.802505 -142.191101 2.23079991
179.92012 -142.094376 2.5100801
179.849197 -142.131805 2.63499999
179.811005 -141.826996 0.381000012
179.805099 -141.934799 0.849399984
179.809799 -141.894501 1.27200007
179.832703 -141.856995 1.6904
179.814697 -141.954102 2.03399992
179.898193 -141.892807 2.36999989
179.886841 -141.929962 2.56975007
179.884201 -141.904968 2.68413329
179.8284 -141.861694 2.81290007
179.836304 -141.610306 0.446200013
179.807907 -141.608994 0.908599973
179.827194 -141.682297 1.08879995
179.979202 -141.701996 2.07940006
179.900497 -141.617401 2.38960004
179.885101 -141.700607 2.49866676
179.841507 -141.745697 2.7493999
179.855408 -141.685104 2.88010001
179.8078 -141.475403 0.392100006
179.831696 -141.584106 0.540300012
179.8228 -141.535797 1.23010004
179.841003 -141.501801 1.53830004
179.866394 -141.404404 1.82099998
179.949295 -141.417297 2.39280009
179.906448 -141.500641 2.48694992
179.828156 -141.504242 2.71199989
179.931793 -141.559692 2.81489992
179.86615 -141.348099 0.345400006
179.878601 -141.343903 1.03770006
179.834793 -141.276505 1.64119995
179.864502 -141.348801 2.04270005
179.824997 -141.281998 2.33800006
179.822006 -141.350098 2.51760006
179.891205 -141.259338 2.83976674
179.858093 -141.108093 1.17930007
179.840805 -141.180603 1.79560006
179.835846 -141.142212 1.90479994
179.888031 -141.162949 2.43849993
179.875153 -141.105652 2.63275003
179.820801 -140.985001 0.81220001
179.845398 -140.868896 1.53059995
179.81955 -140.903442 1.75119996
179.812302 -140.951599 2.0230999
179.876862 -140.860947 2.49940014
179.911407 -140.855804 2.79040003
179.821106 -140.682602 0.483533323
179.880798 -140.757095 2.17079997
179.878632 -140.67955 2.47860003
179.813293 -140.629807 2.74259996
179.928207 -140.713806 2.88459992
179.809692 -140.467697 0.787299991
179.8228 -140.4505 0.941500008
179.806793 -140.437302 1.1717
179.824295 -140.576004 1.39880002
179.849503 -140.567703 1.94270003
179.859207 -140.476501 2.00480008
179.892654 -140.472412 2.46729994
179.834015 -140.504456 2.69187498
179.850403 -140.442047 2.82585001
179.867996 -140.318405 0.303499997
179.816895 -140.280197 0.637099981
179.806595 -140.384598 0.932600021
179.827499 -140.260696 1.07650006
179.835007 -140.318207 1.76059997
179.804504 -140.351303 1.90910006
179.800293 -140.285095 2.16030002
179.8237 -140.324097 2.54699993
179.8358 -140.158493 0.330599993
179.828293 -140.056702 0.984799981
179.800903 -140.076599 1.57190001
179.928894 -140.184006 2.72600007
179.953094 -140.120407 2.80290008
