# .PCD v0.7 - Point Cloud Data file format
VERSION 0.7
FIELDS x y z
SIZE 4 4 4
TYPE F F F
COUNT 1 1 1
WIDTH 12984
HEIGHT 1
VIEWPOINT 0 0 0 1 0 0 0
POINTS 12984
DATA ascii
40.0775986 -14.5927 -0.675899982
40.0750999 -13.6371498 3.05084991
40.1192017 -13.4324999 2.14650011
40.0782509 -13.5355997 2.92094994
40.1579018 -13.2126999 1.83599997
40.0494003 -13.2686996 2.05240011
40.128273 -13.2718248 2.91315007
40.0803986 -13.0832996 1.62349999
40.0825005 -13.1625004 1.98510003
40.1669998 -12.9120007 1.56770003
40.1651993 -12.8514004 1.72049999
40.0895004 -12.8467999 1.81459999
40.1212997 -12.6389999 0.197500005
40.1183662 -12.6898003 1.69149995
40.0121994 -12.6829004 1.90079999
40.1615982 -12.5073004 0.176100001
40.1836014 -12.4610004 1.51240003
40.0825005 -12.5017004 1.83340001
40.0628014 -12.4424 2.10549998
40.165699 -12.3704004 0.142100006
40.0015984 -12.3788004 0.70569998
40.1465988 -12.3298998 1.87310004
40.0512352 -12.3295002 2.07126665
40.1837997 -12.1442003 0.546899974
40.0457993 -11.9146004 -0.204799995
40.0018005 -11.8999004 2.1006
40.0619507 -11.7149506 -0.0455499999
40.0177002 -11.7431002 0.0640999973
40.0248985 -11.6292 0.283100009
40.1383514 -11.7467995 2.09439993
40.0107994 -11.6518002 2.84800005
40.0923004 -11.4355001 0.280000001
40.0772514 -11.4598665 2.12934995
40.1959 -11.2945995 0.229200006
40.0121002 -11.2573996 1.86010003
40.1161003 -11.2807999 2.17619991
40.0866013 -11.3281002 2.26359987
40.1955986 -11.1943998 -0.231199995
40.0699005 -11.1618004 0.532400012
40.0046997 -11.1028996 1.73800004
40.007 -11.1847 2.11890006
40.1306992 -11.1161003 2.20740008
40.1528015 -11.1091003 2.41980004
40.1138992 -10.9719 0.101899996
40.0906982 -10.8730507 2.0237999
40.1110001 -10.9751997 2.60940003
40.1763 -10.9657001 4.57289982
40.0270996 -10.8599005 5.57040024
40.0601997 -10.7842999 4.94180012
40.1322479 -10.6305008 5.34595013
40.075901 -10.5538998 2.4131
40.0984001 -10.4095001 5.20870018
40.1461983 -10.3156996 4.82889986
40.1865997 -10.0370998 1.67499995
40.0633011 -9.92399979 1.51520002
40.0330009 -9.94180012 4.6420002
40.035099 -9.93449974 5.06409979
40.1119003 -9.63119984 1.46679997
40.0018005 -9.7784996 4.68400002
40.1932983 -9.54030037 1.57439995
40.0900002 -9.50535011 1.68130004
40.1843987 -9.27659988 1.78740001
40.1926994 -9.3064003 4.9046998
40.0843506 -9.27625084 5.11884975
40.0773468 -9.07800007 1.66295004
40.0243988 -9.09770012 3.56200004
40.0073013 -9.11839962 4.61630011
40.1921997 -9.16569996 5.15240002
40.0626984 -8.90929985 1.80449998
40.1469002 -8.90100002 3.94210005
40.1707001 -8.76869965 4.8979001
40.0470009 -8.48630047 4.13539982
40.0652504 -8.49510002 4.34485006
40.1422348 -8.52616692 4.55189991
40.0962334 -8.55990028 4.74326658
40.0931015 -8.38809967 3.6243
40.0051994 -8.36690044 3.84599996
40.1171036 -8.10630035 2.2660501
40.0901985 -8.08549976 2.83979988
40.1809998 -8.15480042 4.1164999
40.1246986 -7.8618331 2.29336667
40.0353012 -7.85239983 2.56539989
40.0223999 -7.98140001 2.70499992
40.0223999 -7.63259983 1.77409995
40.1054001 -7.6654501 2.15794992
40.0887337 -7.7444334 4.12879992
40.0010986 -7.51859999 0.869000018
40.1049004 -7.53913355 1.0632
40.1026001 -7.48479986 1.92273331
40.0307007 -7.41060019 2.41549993
40.1262016 -7.41289997 2.70799994
40.0084991 -7.2434001 -0.636900008
40.098999 -7.33979988 1.88769996
40.0968018 -7.22800016 2.76959991
40.1347656 -7.23510027 2.87066674
40.1217995 -7.04379988 -1.30980003
40.1188011 -7.10809994 -0.675700009
40.1671982 -7.07210016 1.19289994
40.0553017 -7.15549994 1.24609995
40.1739998 -7.1262002 1.56299996
40.1301994 -7.00320005 1.82190001
40.1851997 -7.02159977 2.33130002
40.062767 -7.0619669 2.8939333
40.0517502 -6.88630009 -1.273
40.1529007 -6.85360003 -1.15470004
40.1006012 -6.96470022 -0.712599993
40.1194496 -6.8909502 1.14109993
40.1027794 -6.93393993 1.24318004
40.1343994 -6.85419989 1.49644995
40.1791992 -6.95179987 1.60759997
40.1091003 -6.91520023 1.90155005
40.1332016 -6.99539995 2.13879991
40.1829987 -6.86439991 2.22110009
40.1070328 -6.94199991 2.86296654
40.0423012 -6.93009996 3.01130009
40.1012993 -6.74049997 -1.6408
40.0896988 -6.71284962 -1.53149998
40.0525017 -6.79190016 -1.3628
40.0780487 -6.74935007 -1.08640003
40.0946503 -6.77894974 -0.818700016
40.1365585 -6.68489981 1.29993999
40.0951004 -6.67070007 1.74399996
40.0573349 -6.68340015 1.92820001
40.0903015 -6.66020012 2.16880012
40.0523987 -6.62820005 2.22480011
40.0697479 -6.69945002 2.55080009
40.040699 -6.73122501 2.66917515
40.0860252 -6.68839979 2.88544989
40.0578003 -6.52640009 1.10080004
40.1766739 -6.51765013 1.32507503
40.102581 -6.47598982 1.90188003
40.1036377 -6.50653982 2.09538007
40.0611992 -6.42509985 2.21490002
40.088932 -6.50006676 2.67526674
40.0873985 -6.54150009 2.83890009
40.0820999 -6.41480017 3.08730006
40.1469002 -6.37629986 1.36059999
40.0416031 -6.38010025 1.89569998
40.0785332 -6.29633331 2.16506672
40.0695 -6.30490017 2.29460001
40.075901 -6.32989979 3.18600011
40.1085587 -6.3110199 3.27706003
40.0895004 -6.03120041 2.09049988
40.091526 -6.04407501 2.30905008
40.1100006 -6.1092 2.40159988
40.0732994 -6.1967001 3.30979991
40.0005989 -6.18830013 3.42059994
40.1520004 -5.95725012 2.15980005
40.0988388 -5.87657976 2.25236011
40.1086006 -5.85489988 2.40400004
40.0839005 -5.95669985 2.6019001
40.139801 -5.6335001 -1.6257
40.1138268 -5.68978739 2.32173753
40.1175766 -5.69712496 2.4858501
40.0998001 -5.63240004 2.64540005
40.0707016 -5.53980017 -1.58920002
40.0934982 -5.51945019 2.34770012
40.1264801 -5.54038 2.48760009
40.0101013 -5.12230015 -1.59039998
40.1153984 -4.95550013 -1.62249994
40.1095009 -4.86560011 -1.5984
40.1012993 -4.34709978 -1.62800002
40.043602 -4.10365009 -1.62759995
40.0884018 -4.12720013 -1.59870005
40.1624985 -3.93950009 -1.65289998
40.0649986 -3.63689995 -1.60599995
40.1077003 -3.25049996 -1.68799996
40.0754471 -2.63424993 -1.68110001
40.0839005 -2.54935002 -1.71477497
40.1035004 -2.26865005 -1.70245004
40.1026993 -2.09224987 -1.72759998
40.0661469 -1.90470004 -1.73935008
40.0842323 -1.625 -1.73280001
40.1297493 -1.54640007 -1.77469993
40.0340004 -1.25090003 -1.75639999
40.1346512 -1.16464996 -1.77014995
40.1005325 -0.894400001 -1.79016674
40.056633 -0.85983336 -0.459499985
40.1339989 -0.971400023 -0.199100003
40.109951 -0.62895 -1.80645001
40.1367989 -0.58920002 -1.81379998
40.1632004 -0.200200006 -1.82029998
40.0741997 -0.0868500024 -1.80949998
40.3367004 -14.9499998 -1.0625
40.287899 -14.8558998 -0.809650004
40.2347984 -14.6032 0.0971999988
40.3879013 -14.2333002 -0.121799998
40.2458 -13.8149996 0.386299998
40.3706017 -13.8260002 2.87719989
40.3790016 -13.698 -0.159099996
40.3058472 -13.6808996 0.309350014
40.3331985 -13.6945 0.451400012
40.3573532 -13.6758995 0.672500014
40.3627014 -13.7749996 2.39829993
40.3288002 -13.69205 2.46370006
40.3780518 -13.6132002 2.70519996
40.3852005 -13.6978998 2.83150005
40.2867012 -13.4219999 2.296
40.2733002 -13.5107002 2.73790002
40.3927002 -13.4069004 3.03040004
40.2173996 -13.4181995 3.32349992
40.3661995 -13.4814997 3.4604001
40.2579002 -13.2231998 0.867600024
40.3209 -13.3844004 1.77999997
40.3121986 -13.3178997 2.46490002
40.2854004 -13.2589998 3.75839996
40.2566986 -13.0286999 -0.0326999985
40.3106995 -13.0951996 0.29460001
40.2952003 -13.1533003 0.769200027
40.259201 -13.1500502 0.845749974
40.2102013 -13.0305004 1.52240002
40.3181992 -13.0173492 1.65450001
40.3460007 -13.1837997 3.26819992
40.3325996 -12.8695002 1.54089999
40.3174667 -12.8879166 1.68868327
40.2078018 -12.9846001 3.38639998
40.3741989 -12.8600998 3.54780006
40.3010979 -12.6470327 0.688399971
40.3238983 -12.7574997 1.52859998
40.3261185 -12.6940603 1.71645999
40.3047485 -12.6519499 1.87730002
40.2414017 -12.4651003 0.353799999
40.2678986 -12.5619001 0.673699975
40.316597 -12.5644503 1.46414995
40.3456497 -12.55445 1.7344501
40.2087021 -12.4714003 1.88020003
40.2491989 -12.3185997 0.257600009
40.3769989 -12.3537998 1.98329997
40.3769989 -12.0193996 -0.527100027
40.3899994 -12.0427999 0.278299987
40.3799019 -12.1156998 0.731700003
40.2518005 -12.1808996 2.50570011
40.3395996 -11.9625998 -0.419400007
40.2146988 -11.9132996 -0.0562999994
40.3945999 -11.8734999 0.188999996
40.2266998 -11.9209003 2.18449998
40.2312012 -11.8685999 3.12380004
40.3865013 -11.6975002 -0.509599984
40.3405991 -11.7519999 0.1074
40.3927002 -11.6524 0.371699989
40.3277016 -11.6733999 0.450599998
40.2221985 -11.5867004 -0.685500026
40.3913994 -11.4309998 -0.266000003
40.3889008 -11.4287996 -0.106299996
40.2416 -11.4995003 0.115400001
40.3092995 -11.5085001 0.216999993
40.3470001 -11.5966997 0.565999985
40.3227997 -11.2111998 -0.567099988
40.264801 -11.3338003 -0.00889999978
40.3380013 -11.3277998 0.142075002
40.3600006 -11.3711004 0.289799988
40.3680992 -11.3477001 0.419800013
40.3269997 -11.2273998 1.78279996
40.3705978 -11.2606506 1.91464996
40.2657013 -11.1380997 -0.218799993
40.2074013 -11.0164003 0.109200001
40.3900986 -11.0415001 0.37560001
40.3381004 -11.1511002 0.425300002
40.3760986 -11.0894003 1.88919997
40.2480011 -11.0110998 2.57019997
40.3334007 -11.1914997 3.8828001
40.2335014 -11.0011997 5.34539986
40.3266525 -10.8710499 -0.520449996
40.2663002 -10.9735003 -0.310900003
40.2066002 -10.8606997 -0.104999997
40.3234329 -10.8687334 5.15463352
40.3829994 -10.8649998 5.42670012
40.3242989 -10.7798996 4.97980022
40.2347984 -10.4790001 2.37680006
40.3358994 -10.2044001 4.8448
40.2695999 -10.1500998 1.60070002
40.2444 -10.0388002 4.58389997
40.2425003 -10.0150003 4.76980019
40.2330017 -9.96580029 1.47259998
40.2882652 -9.88833332 1.73430002
40.2327003 -9.96525002 1.93285
40.3714981 -9.8373003 4.45510006
40.2058983 -9.86390018 5.26609993
40.3216019 -9.6409502 1.77979994
40.3919983 -9.61810017 1.86430001
40.287899 -9.65989971 2.50970006
40.2321014 -9.61240005 2.63619995
40.2668991 -9.72500038 4.66590023
40.358551 -9.4782505 1.56605005
40.3717003 -9.53759956 1.86409998
40.2809982 -9.29915047 1.50230002
40.2611008 -9.1651001 1.57799995
40.2883987 -9.14920044 1.6918
40.2340012 -9.08310032 3.4533
40.3202019 -8.99940014 3.26760006
40.2834015 -8.64019966 4.69199991
40.3625488 -8.68384933 5.1484499
40.3106003 -8.48250008 2.17070007
40.2123985 -8.5017004 4.03669977
40.2392998 -8.52425003 4.6932497
40.3255005 -8.27890015 1.98259997
40.3060989 -8.30850029 2.10615015
40.3265991 -8.29469967 4.71799994
40.2480011 -8.0904665 2.13373327
40.3292999 -7.9241333 1.92480004
40.2946014 -7.91969967 2.10249996
40.2988014 -7.86259985 2.36520004
40.3544998 -7.82439995 2.46149993
40.334198 -7.76014996 1.73599994
40.3947983 -7.71600008 1.89629996
40.3000984 -7.73904991 3.96425009
40.3186989 -7.60500002 4.13049984
40.3159981 -7.43637991 0.95569998
40.2559738 -7.44159985 1.10095
40.3905983 -7.57480001 1.76730001
40.2827988 -7.58900023 2.46639991
40.2639008 -7.43429995 2.72300005
40.2518005 -7.5795002 4.05649996
40.2739983 -7.34229994 0.952099979
40.3072739 -7.31879997 1.09537148
40.3200989 -7.27893353 1.28096664
40.3316345 -7.26236677 1.52050006
40.3484001 -7.29510021 1.75072503
40.2801018 -7.24959993 1.89890003
40.2904663 -7.27486658 2.09483337
40.3712997 -7.26090002 2.31655002
40.2957001 -7.25759983 2.5322001
40.3189011 -7.33310032 2.67449999
40.3969002 -7.02769995 -1.2579
40.3843002 -7.02460003 -0.749599993
40.3147011 -7.13490009 -0.584699988
40.3931999 -7.07219982 -0.273200005
40.3562012 -7.13895035 0.941399992
40.3246765 -7.13810015 1.12734997
40.3041 -7.06404972 1.26569998
40.2625504 -7.10669994 1.88532495
40.3834991 -7.19119978 2.0854001
40.3253021 -7.16155005 2.30719995
40.3130989 -7.12039995 2.73008013
40.3218994 -7.02299976 2.97359991
40.3108177 -6.88233328 -1.32284999
40.2389984 -6.83909988 -1.06389999
40.2373009 -6.81120014 -0.852699995
40.2975006 -6.91214991 -0.685500026
40.3289986 -6.9066 1.05320001
40.3549347 -6.85890007 1.31239998
40.2766495 -6.89589977 1.47247493
40.3011017 -6.95384979 1.91770005
40.2330017 -6.97170019 2.03649998
40.2891998 -6.92729998 2.71600008
40.3100739 -6.74447536 -1.47004998
40.2981987 -6.78130007 -1.2608
40.3256989 -6.76310015 -1.10650003
40.2966995 -6.76189995 -0.961549997
40.2606506 -6.67479992 1.12249994
40.2481804 -6.6840601 1.28175998
40.3539505 -6.70199966 1.77310002
40.3848991 -6.6644001 1.90629995
40.2468987 -6.63819981 2.79920006
40.2257004 -6.43200016 -1.53540003
40.2905388 -6.48740005 1.12437999
40.2658424 -6.48525715 1.30977142
40.3302002 -6.45619965 1.72810006
40.2424316 -6.45206642 1.91110003
40.3330383 -6.48873997 2.11096001
40.2827988 -6.50685024 2.72525001
40.3092003 -6.52255011 2.96445012
40.326767 -6.45196676 3.1091001
40.2153015 -6.42789984 3.3204999
40.3128014 -6.21229982 1.15240002
40.3049774 -6.30752516 1.30902505
40.3458023 -6.26935005 1.48545003
40.3054504 -6.36635017 1.86870003
40.2165985 -6.32390022 2.17670012
40.3013992 -6.30404997 2.20739985
40.2849998 -6.32364988 3.11910009
40.3455009 -6.28919983 3.3269999
40.2342491 -6.17539978 -1.551
40.3288002 -6.19010019 1.52970004
40.2733994 -6.04080009 1.89110005
40.3328781 -6.08981991 2.15339994
40.2862396 -5.90452003 2.15540004
40.2723007 -5.87357521 2.30114985
40.2933235 -5.66634989 2.29174995
40.326973 -5.52400017 2.30985713
40.2928505 -5.49034977 2.51840019
40.3381004 -5.23979998 -1.63119996
40.2492981 -5.33710003 2.50250006
40.350399 -5.38269997 2.6723001
40.2985344 -5.12693357 -1.63673329
40.3181 -4.73686647 -1.6462667
40.3324509 -4.57025003 -1.65354991
40.3423004 -4.22469997 -1.67030001
40.3061981 -4.18319988 -1.64100003
40.2791519 -3.65250015 -1.63995004
40.2839012 -3.54635 -1.6561501
40.3197517 -3.12405014 -1.66654992
40.3124352 -2.71136665 -1.71016669
40.2947006 -2.57684994 -1.69070005
40.3526001 -2.12989998 -1.74549997
40.3284988 -1.88844991 -1.75569999
40.3249321 -1.68303335 -1.74759996
40.2961502 -1.5869 -1.76230001
40.3490486 -1.31395006 -1.77145004
40.3005981 -1.03910005 -1.78859997
40.2561989 -1.0151 -0.415899992
40.3151016 -0.913399994 -0.467299998
40.3213005 -0.9551 -0.205799997
40.2911987 -0.605199993 -1.80110002
40.2867508 -0.567399979 -1.80800009
40.3624992 -0.125400007 -1.82614994
40.3671989 -0.136800006 -1.79890001
40.4084015 -13.8808002 -0.576399982
40.5051994 -13.7818003 0.680299997
40.4448013 -13.5724001 0.266900003
40.5573997 -13.2742996 0.1822
40.4432983 -13.2472 1.39020002
40.4639015 -13.2830505 1.75769997
40.4236984 -13.2814999 2.95700002
40.4179993 -13.2909002 3.52589989
40.4547997 -13.1922998 0.240600005
40.5219002 -13.0365 0.449099988
40.4967995 -13.1674995 1.56686664
40.4962196 -13.1306601 1.71164
40.4139023 -13.1101494 3.24284983
40.5340004 -12.8217001 2.45300007
40.5736008 -12.8853998 3.39610004
40.5601006 -12.9554996 3.55999994
40.5396996 -12.7508001 2.61439991
40.4315987 -12.4778004 -0.0750999972
40.5738983 -12.573 0.0949999988
40.5169525 -12.5006008 0.324400008
40.5652008 -12.4593 1.89499998
40.5088005 -12.4280005 2.06010008
40.5093002 -12.3072004 -0.0414000005
40.5411987 -12.3544998 0.132200003
40.4869003 -12.3431997 0.325599998
40.5643997 -12.3779001 1.78320003
40.5147018 -12.2028999 1.80789995
40.5237579 -12.2537203 2.15549994
40.5013504 -12.2406006 2.23920012
40.4017982 -12.2052002 2.46810007
40.5909004 -12.1091995 0.0958999991
40.4133987 -12.0042 0.412400007
40.584549 -12.1210003 2.14459991
40.4822998 -11.9460001 0.391099989
40.5527992 -11.8186998 2.29699993
40.456501 -11.9359999 2.9927001
40.4922981 -11.7102003 -0.184699997
40.4228516 -11.6434002 0.107549995
40.5531006 -11.7789001 3.64219999
40.4761009 -11.4383001 -0.0543499999
40.4520988 -11.4881001 0.195800006
40.4566002 -11.4743004 0.29460001
40.493 -11.5071001 0.51639998
40.5642014 -11.5059004 3.75259995
40.4859238 -11.2925749 0.100699998
40.4522018 -11.3607998 0.501999974
40.5261002 -11.1897001 0.0368000008
40.5644989 -11.1359997 0.212099999
40.4520988 -11.0588999 2.0237
40.516449 -10.9449501 0.102449998
40.4248009 -10.9547997 2.67079997
40.4189987 -10.4119997 2.23819995
40.4866982 -10.5450001 2.60279989
40.4324989 -10.0795002 1.78330004
40.5564003 -10.0200996 1.8211
40.5891991 -10.1056004 4.9770999
40.5646019 -9.80539989 1.79120004
40.4592018 -9.85490036 5.97039986
40.4889526 -9.70870018 1.93324995
40.5562019 -9.77816677 5.92543364
40.4939995 -9.4343996 2.47830009
40.4743004 -9.31169987 1.55690002
40.5121994 -9.31480026 1.7802
40.5098991 -9.34560013 2.56480002
40.5219994 -9.27092457 5.48864985
40.4835014 -9.0383997 3.50990009
40.4147491 -9.10350037 4.9208498
40.4471016 -8.88780022 1.84399998
40.4429016 -8.85449982 4.93550014
40.5435982 -8.53110027 1.94439995
40.5013351 -8.5491333 2.11303329
40.5442009 -8.48700047 4.97819996
40.5263977 -8.32945061 1.76029992
40.4795341 -8.33199978 1.88636661
40.4337997 -8.23050022 2.09450006
40.5728531 -8.34424973 4.78810024
40.5804977 -8.26580048 5.11549997
40.4360008 -7.81780005 1.48230004
40.475399 -7.85510015 1.8987
40.5819016 -7.95460033 2.36389995
40.4981995 -7.84779978 2.46169996
40.4375 -7.62659979 1.29209995
40.5842018 -7.64919996 1.65760005
40.4910507 -7.74655008 1.85564995
40.4700317 -7.71449995 2.4866333
40.5682526 -7.63784981 3.72335005
40.4518013 -7.45979977 0.900399983
40.4482002 -7.56759977 1.47759998
40.4704018 -7.54370022 1.62520003
40.457901 -7.50899982 2.14249992
40.5612984 -7.52659988 2.40070009
40.508049 -7.26076651 0.935933352
40.4752388 -7.27873993 1.09513998
40.555603 -7.30539989 1.29524994
40.509201 -7.30579996 1.53600001
40.5117989 -7.29769993 1.84029996
40.5139999 -7.32833338 2.28973317
40.594799 -7.24450016 3.89499998
40.533474 -7.25992489 4.32057524
40.5337982 -7.29286671 4.46700001
40.4711533 -7.01364994 -1.32435
40.4197998 -7.00579977 -1.14170003
40.5080986 -7.02479982 -0.608799994
40.4603004 -7.09556675 -0.509683311
40.450901 -7.09609985 -0.349750012
40.4819183 -7.11244011 1.13092005
40.5514984 -7.08979988 1.27349997
40.4938011 -7.1050334 1.72920001
40.5115013 -7.09009981 1.8956666
40.4431496 -7.09025002 2.71644998
40.4154015 -7.12360001 3.39280009
40.5759506 -7.14417505 4.28714991
40.516201 -6.95160007 -1.44239998
40.5136833 -6.93681669 -1.30108333
40.4982986 -6.88780022 -0.70630002
40.4141998 -6.98280001 -0.467700005
40.4300499 -6.90625 1.10469997
40.5086212 -6.90551996 1.30706
40.5682983 -6.80900002 2.1099999
40.5032005 -6.68935013 -1.57099998
40.4189987 -6.79780006 -1.27789998
40.4887009 -6.72163343 -1.05713332
40.5256996 -6.77264977 -0.856625021
40.4861526 -6.76849985 -0.799600005
40.4259987 -6.79239988 1.18009996
40.4850998 -6.70179987 1.77550006
40.4796982 -6.72239971 2.06715012
40.4006996 -6.5177002 1.15190005
40.4497986 -6.40380001 1.88069999
40.472332 -6.56230021 2.11433339
40.5314484 -6.50974989 2.28240013
40.4740334 -6.53053331 2.76146674
40.5023994 -6.46315002 2.87125015
40.4232178 -6.31023312 1.30526662
40.4272308 -6.32623339 1.46043336
40.4376984 -6.29650021 1.94834995
40.4935989 -6.32765007 2.09945011
40.5773506 -6.3454504 2.55320001
40.4953613 -6.31718016 2.72094011
40.5279503 -6.27072525 2.8980999
40.5484009 -6.10879993 -1.55299997
40.4426994 -6.08065033 1.48755002
40.4855499 -6.14249992 1.97440004
40.5688477 -6.13625002 2.05714989
40.5357018 -6.18060017 2.227
40.4904366 -6.11048746 2.87643766
40.5078011 -6.09013987 3.04189992
40.5321655 -5.92083311 1.96693337
40.522438 -5.9302125 2.06544995
40.5270996 -5.95940018 2.8921001
40.510376 -5.9690752 3.07962489
40.5667 -5.8453002 3.22070003
40.4327011 -5.75019979 -1.63150001
40.5124016 -5.7116003 -1.58099997
40.4345474 -5.74120045 1.95704997
40.4922295 -5.73528576 2.1207428
40.537899 -5.70530033 2.26410007
40.5438995 -5.51359987 -1.62179995
40.4506989 -5.57254982 -1.56229997
40.4333 -5.56735039 2.15799999
40.4991989 -5.54265738 2.28511429
40.4668999 -5.31780005 -1.56359994
40.4548988 -4.70429993 -1.63460004
40.4264984 -4.38990021 -1.63450003
40.5741005 -3.71635008 -1.65419996
40.5499992 -2.92219996 -1.69509995
40.4767494 -2.16094995 -1.71759999
40.5988007 -1.99629998 -1.72179997
40.5013504 -1.66210008 -1.72424996
40.5152016 -1.20799994 -1.78999996
40.4858017 -1.04690003 -1.8168
40.4440002 -1.14629996 -1.78840005
40.5237999 -1.02769995 -0.495900005
40.5138016 -0.887099981 -0.461699992
40.4822006 -0.844699979 -0.189099997
40.4977989 -0.691249967 -1.81739998
40.4081001 -0.679899991 -1.79799998
40.4779015 -0.480399996 -1.81330001
40.4636002 -0.562399983 -1.79770005
40.5572014 -0.222299993 -1.80449998
40.5156021 -0.114050001 -1.82239997
40.6092987 -13.6384001 0.247700006
40.7030983 -13.2299995 0.0865999982
40.6442986 -13.2149 1.6947
40.7498512 -13.2905998 2.87639999
40.7844009 -13.1079998 2.56060004
40.6567001 -12.6892004 -0.0162000004
40.7448006 -12.7131996 1.92209995
40.7509003 -12.5706997 1.84899998
40.6307983 -12.5735998 2.02699995
40.7300987 -12.4343996 3.30349994
40.7591019 -12.2584 1.39240003
40.7236328 -12.2594671 1.52656674
40.7324524 -12.3200998 1.97845006
40.6595993 -12.2379999 2.08049989
40.7417984 -12.3088999 2.38190007
40.7476997 -12.3982 3.13610005
40.7099991 -12.1112003 -0.0763000026
40.762001 -12.1261997 2.33209991
40.7491989 -11.9554996 1.46599996
40.7528 -11.6703663 3.27793336
40.6763 -11.6679993 3.45429993
40.6674004 -11.5602999 3.7349
40.6719017 -11.2004004 -0.145799994
40.7442017 -11.3338003 0.0639000013
40.6099014 -11.1514997 -0.0566000007
40.6161003 -10.7381001 3.87339997
40.771801 -10.7370996 4.70660019
40.6652985 -10.5620003 2.57610011
40.6551018 -10.2307997 5.62130022
40.7240334 -10.0335999 1.94496667
40.6680984 -9.95170021 1.98199999
40.6542015 -9.70180035 1.67700005
40.6809998 -9.72410011 2.18449998
40.737999 -9.70510006 5.60650015
40.6983986 -9.77169991 6.13100004
40.6002998 -9.53120041 1.63789999
40.7653999 -9.44849968 5.65170002
40.6090012 -9.21959972 1.75960004
40.739151 -9.31225014 1.91164994
40.7200012 -9.23869991 2.44790006
40.662899 -9.32929993 5.54090023
40.6950989 -9.10124969 1.97014999
40.6293983 -9.16170025 2.01309991
40.6467514 -8.90735054 1.94560003
40.6330032 -8.69754982 1.96445
40.6027985 -8.35350037 2.01729989
40.7578011 -8.38949966 2.2025001
40.6306992 -8.33670044 3.5316
40.6833992 -8.24069977 4.91919994
40.6926994 -8.20149994 5.03480005
40.7682991 -8.05490017 2.3362
40.780201 -8.06900024 4.90740013
40.7222328 -7.87519979 1.29443336
40.7680511 -7.88875008 1.42630005
40.7347984 -7.83109999 2.01810002
40.699852 -7.95760012 2.45775008
40.7414017 -7.80200005 3.82380009
40.6443481 -7.68965006 1.30669999
40.6982002 -7.73614979 2.50839996
40.6353989 -7.49069977 2.62989998
40.6034508 -7.24279976 0.896899998
40.7599983 -7.26149988 1.98199999
40.6464996 -7.2881999 2.14350009
40.7182655 -7.2531333 3.76136661
40.6095009 -7.22170019 4.38079977
40.6472473 -7.27750015 4.47049999
40.6266479 -7.03439999 -1.26485002
40.6589012 -7.15700006 2.11940002
40.6431007 -7.17000008 2.3046
40.7829018 -7.11679983 3.88179994
40.7196007 -7.07837486 4.14607525
40.7435989 -7.09815025 4.3501997
40.6721992 -6.86036682 -1.48753333
40.6362991 -6.95359993 -1.34860003
40.6809006 -6.81270027 -1.02100003
40.7882004 -6.9934001 -0.839999974
40.7247009 -6.95970011 1.14180005
40.6577988 -6.96610022 1.22580004
40.6793327 -6.92241669 1.7378
40.72966 -6.9513998 1.91022003
40.6596985 -6.93219995 2.01749992
40.6823997 -6.75453329 -1.47376668
40.6722488 -6.77174997 -1.15890002
40.7304497 -6.74415016 -0.914950013
40.6775665 -6.73726654 2.15719986
40.6507988 -6.62260008 2.20840001
40.6520996 -6.69329977 2.5697999
40.6100998 -6.77330017 2.72340012
40.7579994 -6.44379997 1.78299999
40.6805 -6.51130009 2.12120008
40.7747993 -6.40819979 2.61190009
40.7103996 -6.33109999 -1.57360005
40.7449989 -6.32600021 1.88805008
40.6680984 -6.20190001 2.01950002
40.7244492 -6.31619978 2.58730006
40.661499 -6.20480013 2.71729994
40.7008018 -6.38059998 2.92190003
40.7135735 -6.09457493 1.73277497
40.6742744 -6.07751274 1.87941253
40.6254997 -6.06389999 2.19499993
40.6542587 -6.08769989 2.92820001
40.7887993 -5.9059 -1.61080003
40.7937012 -5.84189987 -1.57089996
40.7346001 -5.98670006 1.78009999
40.7303123 -5.90482855 1.88252854
40.7969017 -5.97279978 2.05990005
40.7364006 -5.65670013 -1.58829999
40.6950989 -5.77089977 1.78009999
40.7122002 -5.68824959 1.95515001
40.7468987 -5.50680017 -1.60759997
40.7280006 -5.35230017 -1.61310005
40.6590996 -5.28690004 -1.51559997
40.7677994 -5.06050014 -1.57630002
40.6973 -4.62615013 -1.67355001
40.7615967 -4.0288496 -1.63540006
40.7514496 -3.67745018 -1.70064998
40.6366997 -3.4697001 -1.68929994
40.7136993 -3.20650005 -1.73679996
40.6674004 -3.00670004 -1.66059995
40.6778488 -2.71490002 -1.70129991
40.7650986 -2.56500006 -1.72979999
40.7714005 -2.2191999 -1.76059997
40.7612991 -2.09240007 -1.77250004
40.6716003 -1.86759996 -1.76970005
40.7057991 -1.7116667 -1.76853335
40.7914009 -1.28059995 -1.78359997
40.7130013 -1.1372 -1.80139995
40.7470016 -1.08249998 -1.79040003
40.7495995 -0.815999985 -1.80449998
40.7770996 -0.81279999 -0.229699999
40.728199 -0.601000011 -1.79200006
40.7201004 -0.729200006 -0.471199989
40.6607018 -0.519999981 -1.81920004
40.7884521 -0.312649995 -1.8283
40.7110329 -0.111066669 -1.83143342
40.8828011 -12.8125 1.75969994
40.9342499 -12.9137497 2.77629995
40.8244019 -12.6821003 1.79770005
40.9080009 -12.7089996 2.02069998
40.9803009 -12.5754995 2.39280009
40.8823013 -12.2831001 1.68169999
40.8918991 -12.1695499 1.48364997
40.8589478 -12.1561499 1.64265001
40.940464 -12.1063004 1.88769996
40.944149 -12.0995998 2.05630016
40.8022003 -12.1139002 2.24410009
40.9994011 -12.0331001 2.4612
40.8053017 -12.0934 2.99130011
40.861599 -12.0129337 3.08956671
40.9323997 -11.8629999 1.98699999
40.9192009 -11.91745 2.03375006
40.9832993 -11.3493996 2.38039994
40.8358994 -11.0152998 4.67649984
40.9113503 -10.8966007 4.33290005
40.8866997 -10.2191 5.5316
40.9161491 -10.11415 2.07150006
40.9897995 -10.0185003 2.23119998
40.9502983 -10.1934996 4.77659988
40.9678001 -9.86060047 5.34940004
40.8297005 -9.79529953 2.27819991
40.8620987 -9.61190033 5.69850016
40.9512482 -9.60855007 5.93535042
40.8810997 -9.62769985 6.05410004
40.9029999 -9.5027504 2.09995008
40.8595505 -9.47714996 6.11310005
40.9732018 -9.54979992 6.21360016
40.8354492 -9.3192997 1.96055007
40.8489227 -9.2833252 2.09482503
40.8813019 -9.3307333 5.73500013
40.8897591 -9.27035713 5.8934145
40.9202003 -9.00549984 2.11739993
40.986599 -8.98620033 5.39690018
40.8619003 -8.9914999 5.56960011
40.9415016 -8.95240021 5.65390015
40.8720016 -8.47609997 1.95449996
40.873867 -8.54346657 2.05279994
40.8918991 -8.50654984 2.27250004
40.9777985 -8.24559975 5.08059978
40.9036484 -8.17724991 4.87185001
40.8908195 -7.84471989 1.27986002
40.9188995 -7.89989996 1.45630002
40.8588982 -7.90040016 2.38369989
40.9045486 -7.85470009 2.4607501
40.9465332 -7.76706648 1.3465333
40.8524017 -7.61219978 2.36610007
40.8282013 -7.72340012 2.49830008
40.9882011 -7.4770999 1.77610004
40.9892998 -7.29869986 2.32089996
40.9461517 -7.02324963 -1.34750009
40.8742409 -7.06288004 -0.65042001
40.9019012 -7.08971643 -0.5503667
40.9375992 -7.14669991 1.9892
40.9113503 -7.1647501 3.51349998
40.8824501 -7.17525005 3.69500017
40.9259796 -7.08884001 4.05316019
40.9175186 -7.06947994 4.28041983
40.9902992 -7.07180023 4.44140005
40.8706741 -6.85165024 -1.47912502
40.8620987 -6.90241671 -1.26944995
40.8847389 -6.84350014 -1.05853999
40.8639336 -6.8635335 -0.925399959
40.9235001 -6.89970016 -0.478399992
40.819252 -6.9232502 1.91970003
40.8959999 -6.92094994 2.1029501
40.9197998 -6.97590017 4.3670001
40.9091492 -6.7340498 -1.51387501
40.9224014 -6.750175 -1.30792499
40.8055 -6.72870016 -1.07570004
40.9456329 -6.70136642 -0.916033328
40.8195992 -6.79129982 1.72759998
40.9732018 -6.66540003 1.94939995
40.9309006 -6.74354982 2.83979988
40.9437027 -6.45125008 1.7658
40.8927994 -6.44150019 1.92620003
40.9424515 -6.47902489 2.07599998
40.910099 -6.52059984 2.23370004
40.9136238 -6.28574991 1.68050003
40.861599 -6.2118001 1.98360002
40.9331017 -6.38570023 2.01760006
40.9900017 -6.33039999 2.33060002
40.9402008 -6.30854988 2.45865011
40.8671494 -6.22895002 2.74740005
40.8721008 -6.08909988 1.76701999
40.8877678 -6.12616682 1.87263334
40.9473991 -6.08890009 2.01920009
40.8885994 -6.19649982 2.56349993
40.9260025 -5.92854977 -1.66490006
40.8806 -5.92299986 1.81389999
40.8089981 -5.97539997 2.02959991
40.9696007 -5.72279978 -1.65460002
40.8748016 -5.7658 -1.58519995
40.8209 -5.7968998 1.74300003
40.8068008 -5.57849979 2.15700006
40.9588013 -5.07310009 -1.61199999
40.9679985 -4.95599985 -1.63979995
40.8740997 -4.44309998 -1.59469998
40.9289513 -4.0614996 -1.67429996
40.9055023 -3.70900011 -1.67974997
40.9453506 -3.09514999 -1.72115004
40.8011017 -2.88890004 -1.71780002
40.9043007 -2.70105004 -1.71459997
40.9210014 -2.56159997 -1.73730004
40.8975983 -2.23760009 -1.75580001
40.8529015 -2.16129994 -1.77339995
40.9931984 -1.98650002 -1.77460003
40.9513664 -1.65203333 -1.78303337
40.9538994 -1.57910001 -1.78269994
40.8339005 -1.22689998 -1.80359995
40.8255005 -1.02849996 -1.79369998
40.8087006 -1.01100004 -0.427899987
40.8811989 -0.938600004 -0.2773
40.8531494 -0.814800024 -0.121899992
40.8888016 -0.659749985 -1.81364989
40.9508018 -0.740499973 -0.527400017
40.8787003 -0.540499985 -1.83389997
40.9305649 -0.273900002 -1.84516668
40.8672981 -0.174099997 -1.82650006
41.1741982 -14.8592997 -0.796700001
41.1707993 -13.0414 1.71280003
41.1367645 -12.8870668 1.70790005
41.1945992 -12.8052998 1.85309994
41.092701 -12.9005003 2.57080007
41.0293999 -12.8801003 3.26399994
41.0013008 -12.9955997 3.44350004
41.1183014 -12.7105751 1.93467498
41.0139999 -12.4018002 1.9655
41.1436005 -12.4820995 2.25570011
41.1040993 -12.4560003 2.59629989
41.1257477 -12.3047752 1.94000006
41.0495987 -12.2502003 2.0941
41.098999 -12.0994501 1.86704993
41.1762009 -12.1830997 2.06489992
41.1094017 -12.1850004 2.6256001
41.1880989 -12.1072998 3.81949997
41.1030998 -11.9104996 2.10509992
41.167099 -11.9923 2.20120001
41.043499 -11.9833002 2.43589997
41.0111008 -11.9322996 2.68009996
41.0499001 -11.5537996 3.38080001
41.0811501 -11.2386999 3.33284998
41.1444016 -10.8099003 3.50810003
41.1987 -10.6113997 2.43420005
41.1852989 -10.4172001 2.36680007
41.1352997 -10.5930004 3.9151001
41.0690498 -10.0923004 2.16324997
41.1450996 -10.1946001 2.44790006
41.1376991 -10.0980997 4.92250013
41.0900993 -9.75909996 2.2579
41.0173988 -9.74590015 4.16260004
41.0315018 -9.63899994 5.92560005
41.1778984 -9.42259979 2.19560003
41.0998001 -9.57229996 2.3039
41.0303993 -9.38560009 2.04080009
41.0149994 -9.00969982 2.11630011
41.1115494 -8.52574921 1.97675002
41.1572495 -8.45114994 2.01450014
41.1466331 -8.44500065 2.29086661
41.1091499 -8.31430054 2.36914992
41.0660019 -8.1171999 2.41610003
41.0472488 -8.14929962 4.85589981
41.1546326 -7.82959986 1.15813339
41.0070992 -7.84245014 1.22619998
41.0957489 -7.71500015 1.14425004
41.1213493 -7.74594975 1.32227504
41.1916008 -7.65990019 1.52460003
41.1455002 -7.50349998 1.72603333
41.1687012 -7.50040007 1.83650005
41.0121994 -7.59709978 2.32249999
41.0970001 -7.29150009 2.32080007
41.1071014 -7.27960014 3.21939993
41.0974007 -7.22790003 3.75329995
41.1190338 -7.31593323 3.89530015
41.1352997 -7.37650013 4.01980019
41.0825348 -7.14076662 -0.665066659
41.0358009 -7.16179991 1.94570005
41.1051483 -7.07365036 3.37069988
41.0807686 -7.1020999 3.47896671
41.1499023 -7.18954992 3.63829994
41.0199509 -7.0941 3.99419999
41.0709343 -7.05603313 4.10823345
41.1619034 -7.10179996 4.29640007
41.0766678 -6.82783318 -1.33716667
41.0209007 -6.83179998 -0.860899985
41.1110001 -6.89620018 2.01130009
41.082901 -6.80760002 2.74429989
41.1124992 -6.72802496 -1.44914997
41.1230354 -6.69059992 -1.29353333
41.1953011 -6.74429989 -1.12580001
41.1054878 -6.73146248 -0.908150017
41.1581001 -6.70860004 -0.741699994
41.1987991 -6.6413002 1.71370006
41.1161003 -6.49407482 1.691275
41.1833 -6.56099987 1.84679997
41.0860214 -6.29581976 2.27835989
41.1413002 -6.31559992 2.45200014
41.1674995 -6.11819983 -1.56509995
41.0479012 -6.03550005 1.7141
41.1058006 -5.70759964 -1.58685005
41.0920982 -5.51480007 -1.70889997
41.1450996 -5.39349985 -1.59399998
41.096035 -5.1317668 -1.62203336
41.1541519 -4.70375013 -1.64129996
41.1390991 -4.51920033 -1.65594995
41.1442986 -4.2670002 -1.69749999
41.1996002 -4.05009985 -1.70899999
41.0868988 -3.70284986 -1.69390011
41.1609001 -3.55929995 -1.70200002
41.1229324 -3.27839994 -1.73336661
41.0331993 -3.19149995 -1.704
41.1077003 -2.90159988 -1.77250004
41.1241493 -2.13439989 -1.76160002
41.0595016 -1.98039997 -1.80180001
41.1352005 -1.94430006 -1.77849996
41.0836029 -1.51970005 -1.79859996
41.1284485 -1.23335004 -1.81075001
41.1482468 -1.06439996 -1.80760002
41.1030998 -1.09350002 -1.77180004
41.0033989 -0.878799975 -0.530399978
41.0452003 -0.703800023 -1.83519995
41.1287003 -0.737100005 -0.501600027
41.0756989 -0.792599976 -0.0936999992
41.1329002 -0.562375009 -1.84627497
41.0886002 -0.246899992 -1.84844995
41.1212997 -0.173099995 -1.81459999
41.3681984 -13.2384005 1.82449996
41.3039017 -13.0872002 1.66619992
41.3277969 -13.0928497 1.85575008
41.3624992 -13.1113997 2.11470008
41.362999 -13.0167999 2.52900004
41.3456001 -13.0783997 2.92840004
41.3195992 -13.0586996 3.38940001
41.2170486 -12.9461002 1.7888999
41.2662506 -12.9261999 2.32774997
41.3853989 -12.8170004 2.8986001
41.2748985 -12.9209003 3.13179994
41.2647018 -12.8852997 3.30310011
41.2638016 -12.7273998 1.77894998
41.2720604 -12.6827602 1.85119998
41.2285004 -12.6730003 2.03649998
41.2305984 -12.7207003 2.95840001
41.2238998 -12.4874001 1.53970003
41.2699013 -12.4565001 1.61670005
41.2872009 -12.508625 1.92032504
41.3874016 -12.4190998 2.13520002
41.3502007 -12.5663004 2.31579995
41.3216476 -12.2849007 2.09025002
41.2809982 -12.3049498 2.25550008
41.2004013 -12.1386003 2.08100009
41.3941002 -12.0556002 2.23219991
41.3993988 -12.0487003 3.37739992
41.2703018 -12.1381998 3.91659999
41.3872986 -11.7067003 1.95490003
41.3515015 -11.6265497 2.09845018
41.2844009 -11.6494999 2.21409988
41.3446007 -11.6040001 3.27080011
41.3153 -11.2802 2.93009996
41.3218994 -11.3714504 3.07854986
41.229599 -11.2526999 3.20799994
41.3753014 -11.1660995 3.46679997
41.2247009 -10.6037998 3.38660002
41.3036995 -10.5012999 2.46950006
41.3228989 -10.5654001 3.35610008
41.2356987 -10.4948997 3.44630003
41.2981987 -10.2790003 1.85230005
41.3791008 -10.3050003 2.31780005
41.2098999 -9.95530033 3.4210999
41.2981491 -9.48184967 2.1559
41.3333511 -9.23304939 2.06764984
41.3527985 -9.21350002 2.60439992
41.3306503 -9.0910244 1.72099996
41.2020988 -9.13249969 1.85239995
41.2854004 -9.0546999 5.45590019
41.2426987 -8.95790005 1.85860002
41.3707504 -8.91139984 2.37440014
41.2414017 -8.70305061 2.17434978
41.2896996 -8.70750046 2.42030001
41.3232498 -8.56505013 1.91464996
41.2861671 -8.53126717 2.06516671
41.3818016 -8.51200008 2.41980004
41.2725983 -8.39560032 2.31159997
41.2388992 -8.34070015 2.43630004
41.2210007 -7.72179985 1.12039995
41.3642006 -7.60780001 1.70819998
41.2229004 -7.75279999 2.37689996
41.274601 -7.63910007 4.2578001
41.3218994 -7.52939987 1.6214
41.3102989 -7.50543356 1.82850003
41.2709999 -7.53100014 2.35439992
41.3708992 -7.5065999 4.39750004
41.2667465 -7.23110008 -0.618250012
41.2257996 -7.38789988 1.75999999
41.3744011 -7.24700022 3.51309991
41.3358994 -7.30677986 3.69162011
41.2915993 -7.29530001 3.98679996
41.3506012 -7.21470022 4.24730015
41.2549019 -7.10109997 -0.70569998
41.3243256 -7.04899979 1.88322496
41.3067017 -7.09619999 3.38050008
41.2775993 -7.10699987 3.52160001
41.2085991 -7.09100008 3.71810007
41.3227005 -7.18849993 3.99099994
41.3574524 -7.0562501 4.16590023
41.2610245 -7.09467506 4.34710026
41.2733345 -7.07369995 4.46683311
41.3522491 -6.93869972 -1.33469999
41.3320007 -6.90061998 -0.708119988
41.3378334 -6.88240004 1.47206664
41.3686981 -6.8895998 1.76450002
41.3987007 -6.95870018 3.75320005
41.3614006 -6.88170004 4.37099981
41.3812675 -6.87699986 4.49436665
41.3143501 -6.97324991 4.67574978
41.2280006 -6.73260021 -1.60950005
41.2104988 -6.73150015 -1.44070005
41.2997513 -6.67689991 -1.30034995
41.3154793 -6.72675991 -1.12142003
41.2932014 -6.70641661 -0.929483294
41.3231659 -6.67848301 1.55990005
41.3624496 -6.68494987 1.66614997
41.2450981 -6.42770004 1.39719999
41.3496017 -6.55235004 1.54535007
41.3096008 -6.43280029 1.68610001
41.2845001 -6.43270016 2.19050002
41.3431473 -6.4145999 2.34205008
41.3203011 -6.4691 2.4453001
41.2957993 -6.2592001 2.10019994
41.2380981 -6.35930014 2.28319979
41.344799 -6.35039997 2.4855001
41.2907982 -6.02370024 -1.57079995
41.2042999 -5.98120022 -1.56169999
41.2541008 -5.74119997 -1.64209998
41.3041992 -5.7249999 -1.52250004
41.2019997 -5.49730015 -1.69780004
41.2825012 -5.56209993 -1.58930004
41.3981018 -5.48759985 2.80010009
41.2492981 -5.36310005 -1.70469999
41.2313995 -5.01900005 -1.60309994
41.2930984 -4.86915016 -1.67234993
41.3894997 -4.78219986 -1.66499996
41.2689018 -3.95869994 -1.72860003
41.2839012 -3.64890003 -1.68739998
41.3123016 -3.50929999 -1.71210003
41.3479004 -2.72685003 -1.71810007
41.3610992 -2.27874994 -1.76954997
41.3332977 -2.10144997 -1.74744999
41.3021011 -1.82229996 -1.81089997
41.2207985 -1.95799994 -1.77830005
41.3670502 -1.66190004 -1.78644991
41.2459984 -1.53219998 -1.78770006
41.3451004 -1.30334997 -1.8187499
41.2146988 -1.22640002 -1.79709995
41.375 -1.15129995 -1.82869995
41.3483009 -1.19210005 -1.78789997
41.3964005 -0.844299972 -1.82149994
41.2543678 -0.895766675 -0.515900016
41.2883987 -0.676299989 -1.8527
41.387001 -0.796000004 -0.417600006
41.3894997 -0.546000004 -1.83659995
41.3389015 -0.298999995 -1.847
41.2532501 -0.183499992 -1.85450006
41.4427986 -13.2818003 1.96340001
41.459549 -13.34725 2.12984991
41.4249992 -13.2091999 2.35229993
41.4168015 -13.1805 1.92610002
41.4375992 -13.1059999 2.06069994
41.5351982 -13.0874004 2.50950003
41.5685997 -13.0394001 2.91149998
41.5540009 -12.9146996 2.45840001
41.5744019 -12.9377003 2.66610003
41.5533981 -12.7377996 2.39229989
41.5937996 -12.6254997 2.81369996
41.4654007 -12.4659996 1.74559999
41.5397987 -12.4890003 1.88680005
41.4157982 -12.5243998 2.60750008
41.4760017 -12.5472002 3.11109996
41.4660988 -12.2694998 2.3736999
41.5968018 -12.3662996 2.76239991
41.4925995 -12.1899996 2.23670006
41.4664001 -11.8908005 2.0875001
41.544899 -11.8257999 2.2651
41.5167007 -11.7986002 2.01340008
41.5667 -11.7743998 2.72340012
41.4732018 -11.6357002 3.3678
41.5536995 -11.6222 3.62870002
41.475399 -11.4665337 2.03863335
41.4814987 -11.4415998 2.21090007
41.5239983 -11.2792997 2.12579989
41.5737686 -11.2827663 2.27789998
41.5845985 -11.2013998 2.60319996
41.4943504 -11.1159744 3.3283
41.5184479 -10.8853502 3.16930008
41.5544014 -10.9378996 3.42090011
41.4801025 -10.7289 3.28499985
41.5144997 -10.6153002 3.70350003
41.5363998 -10.5658998 2.4381001
41.4858665 -10.2390337 1.69959998
41.509201 -10.2693005 1.84720004
41.4570007 -10.2895002 2.62159991
41.5166016 -10.2236996 3.70059991
41.4858475 -10.1224995 1.91639996
41.527401 -10.0801001 2.11290002
41.5344009 -10.1421499 2.26515007
41.5777016 -9.95790005 2.04320002
41.5764999 -9.88160038 2.5625
41.4557991 -9.67230034 2.6401999
41.5625992 -9.62059975 2.88919997
41.5959015 -9.42599964 1.87
41.4964676 -9.51146698 2.70056677
41.4165993 -9.20470047 1.77960002
41.4389 -9.29294968 2.10365009
41.4758987 -9.13699913 1.66205001
41.5066986 -9.11600018 1.85035002
41.4250984 -9.1157999 2.02010012
41.451149 -9.04955006 2.46140003
41.5861015 -8.88969994 2.74329996
41.5159492 -8.63164997 1.98215008
41.5685005 -8.70610046 2.12050009
41.5013008 -8.64960003 2.57310009
41.4366989 -8.51824951 1.95440006
41.4113998 -8.55210018 2.05629992
41.591301 -8.30720043 2.6645999
41.4263992 -8.30070019 4.75309992
41.4631004 -7.7579999 2.31500006
41.4510002 -7.51319981 1.71319997
41.4743004 -7.43204975 1.88880002
41.5042496 -7.22875023 1.66860008
41.518734 -7.2762332 2.10366678
41.4819984 -7.31489992 2.35899997
41.5361023 -7.09879971 -1.25940001
41.4914017 -7.08090019 -0.719750047
41.4851532 -7.08074999 1.57805002
41.5180016 -7.09268332 1.71091664
41.5455017 -7.10473347 1.87699997
41.4035988 -7.11189985 2.10430002
41.4301987 -7.03350019 2.97490001
41.4561005 -7.17789984 3.19239998
41.4818993 -7.14440012 3.32089996
41.4791985 -7.02019978 3.58940005
41.5168533 -7.07025003 3.93455005
41.4733238 -7.06677532 4.11337471
41.4521751 -7.05887508 4.25229979
41.5051003 -6.83850002 -1.54340005
41.485424 -6.91009998 -1.35142505
41.5259018 -6.85769987 -0.858133316
41.4527016 -6.85589981 1.5675
41.463501 -6.94665003 1.74004996
41.5303993 -6.8397665 1.85343337
41.4122009 -6.96080017 3.07850003
41.4389992 -6.93739986 3.79889989
41.5640984 -6.94659996 4.08965015
41.5185013 -6.93956661 4.30760002
41.4411011 -6.99179983 4.5177002
41.4818993 -6.81510019 4.60279989
41.4519997 -6.67689991 -1.61530006
41.4122009 -6.69059992 -1.5352
41.513649 -6.74405003 -1.29030001
41.4813995 -6.72482014 -1.09420002
41.5011673 -6.75023317 -0.89078331
41.5050964 -6.76745033 1.55704999
41.4907341 -6.69523335 1.72923338
41.4351006 -6.76350021 2.15310001
41.5775986 -6.6079998 2.9447
41.5641479 -6.68379974 3.06929994
41.538002 -6.69134998 3.55489993
41.4155006 -6.78329992 3.75209999
41.4176025 -6.52349997 1.58599997
41.4570007 -6.40100002 1.73759997
41.530201 -6.44309998 2.17140007
41.5660019 -6.46540022 2.32649994
41.4342003 -6.44519997 2.43429995
41.544548 -6.52845001 3.14744997
41.5487022 -6.52926636 3.31019998
41.5662994 -6.52479982 3.55360007
41.4875984 -6.46220016 3.68950009
41.5746002 -6.50430012 3.84209991
41.5289001 -6.43109989 4.1257
41.5145493 -6.36234999 1.71445
41.5198517 -6.29565001 1.84490001
41.5463333 -6.26373339 2.08820009
41.4667015 -6.23430014 2.22280002
41.5239983 -6.34070015 2.52996659
41.4762001 -6.36539984 2.65289998
41.5766983 -6.28590012 4.1388998
41.5966988 -6.16610003 1.70920002
41.4817009 -6.11399984 2.05940008
41.5741997 -6.00969982 2.30150008
41.5219994 -6.10839987 2.60470009
41.5424995 -5.94430017 -1.60389996
41.5716019 -5.95030022 1.62969995
41.5794983 -5.9282999 2.22909999
41.5605011 -5.88940001 2.52670002
41.5439529 -5.87835026 2.6875
41.5802002 -5.78119993 -1.55190003
41.5550995 -5.6588335 2.52236676
41.5342979 -5.65653324 2.72119999
41.4874992 -5.70495033 2.84100008
41.4087982 -5.45319986 -1.61249995
41.5589981 -5.55274963 2.56010008
41.489502 -5.56550026 2.71099997
41.4626007 -5.48579979 2.87042499
41.4698982 -5.27409983 -1.61800003
41.5802994 -5.37190008 2.73119998
41.5669479 -5.34494972 2.93864989
41.5966988 -5.32569981 3.0092001
41.5676994 -5.14249992 -1.65989995
41.5129013 -4.98129988 -1.60249996
41.5643234 -4.68459988 -1.66394997
41.5859985 -4.48750019 -1.74129999
41.5006332 -4.11796665 -1.70876658
41.5488014 -3.68169999 -1.69239998
41.448101 -3.21099997 -1.7062
41.4387016 -2.77609992 -1.75129998
41.5410004 -2.5941 -1.75709999
41.5485001 -1.82770002 -1.77579999
41.4934502 -1.63774991 -1.83284998
41.4693985 -1.64820004 -1.79499996
41.5376015 -1.43690002 -1.79760003
41.5093765 -1.28939998 -1.81487501
41.5508003 -1.11039996 -1.83990002
41.430851 -0.894250035 -1.82279992
41.4792671 -0.912800014 -0.525133312
41.5165482 -0.520250022 -1.84445
41.4029007 -0.222599998 -1.85889995
41.5865021 -0.151349992 -1.84754992
41.6039009 -13.0197001 2.58500004
41.7029343 -13.1108332 2.66589999
41.6473007 -12.6463003 2.77279997
41.7561989 -12.6752005 4.21869993
41.7151985 -12.2625999 2.43400002
41.7205009 -12.1883001 2.38089991
41.6262016 -12.1527004 2.44799995
41.6526985 -11.9404001 2.52130008
41.733551 -11.70965 2.26655006
41.7779999 -11.6808996 2.43400002
41.6557999 -11.5510998 2.14750004
41.7279015 -11.4785004 2.38929987
41.75 -11.5593004 2.79310012
41.789299 -11.2631998 2.24009991
41.763401 -11.0183001 1.45130002
41.6041985 -11.0667 1.99679995
41.6153984 -11.1689997 3.1631
41.7733002 -10.9837999 1.36800003
41.6986504 -10.8951502 1.74339998
41.6147995 -10.9663 1.86769998
41.6052017 -10.8302002 2.09850001
41.7313004 -10.9519997 2.34689999
41.7120018 -10.8139 3.46569991
41.7985001 -10.7271004 1.63269997
41.6525002 -10.7950001 1.88769996
41.6128998 -10.7979002 2.5395999
41.6971016 -10.2941999 1.62370002
41.6584015 -10.1512003 1.56860006
41.6222 -10.1374998 1.88534999
41.7441483 -9.89245033 1.68324995
41.6413498 -9.9137001 1.91024995
41.6790504 -9.83415031 2.64039993
41.6369019 -9.42109966 2.15630007
41.6646996 -9.58399963 2.65790009
41.7416992 -9.0333004 2.76239991
41.6376991 -8.91469955 2.57990003
41.7358322 -8.69386673 2.06916666
41.7251511 -8.70960045 2.52680016
41.736599 -8.14999962 2.58809996
41.7574005 -7.74130011 4.98379993
41.6309013 -7.45970011 -1.26660001
41.6505661 -7.25226641 1.67789996
41.7092018 -7.29190016 1.99549997
41.6643982 -7.28310013 3.76909995
41.6503983 -7.13969994 1.58490002
41.637352 -7.02425003 1.71885002
41.6803665 -7.07019997 1.8689667
41.719532 -7.15136671 2.14840007
41.6332016 -7.03429985 3.16190004
41.7369995 -7.02419996 3.36940002
41.6652489 -7.01020002 4.35330009
41.6138 -6.9387002 -1.14540005
41.6650467 -6.83829975 -0.896950006
41.7415009 -6.89109993 -0.706200004
41.662899 -6.94589996 1.71399999
41.721138 -6.88078022 1.91463995
41.7584 -6.80229998 2.08069992
41.6343994 -6.86390018 3.11940002
41.6879005 -6.93109989 3.25679994
41.7456017 -6.85389996 3.87689996
41.6598663 -6.89960003 4.14873362
41.7103996 -6.83330011 4.21199989
41.6814995 -6.92889977 4.50174999
41.6984482 -6.72924995 -1.46845007
41.672451 -6.74215031 -1.31719995
41.6565552 -6.73081446 -1.0912714
41.7607498 -6.70269966 -0.9278
41.7026978 -6.6079998 1.70585001
41.7190018 -6.64610004 1.85343337
41.7061005 -6.71750021 2.03629994
41.6375008 -6.71850014 2.31010008
41.7621994 -6.77449989 2.72399998
41.6782494 -6.62720013 3.49924994
41.6805992 -6.66149998 3.90109992
41.7623978 -6.67510033 4.08214998
41.6419983 -6.78310013 4.40280008
41.6532745 -6.4685998 1.66452503
41.6934013 -6.4612999 1.91869998
41.7295799 -6.47633982 3.1085
41.6815338 -6.49289989 3.34719992
41.6903763 -6.50349998 3.51752496
41.6994476 -6.56334972 3.65149999
41.6571999 -6.51686668 3.89038324
41.7126732 -6.49622536 4.06657505
41.717453 -6.5543499 4.2892499
41.6652985 -6.25887489 1.67414999
41.6810341 -6.29129982 1.86063337
41.6329498 -6.30185032 2.02729988
41.671299 -6.32095003 2.4548502
41.6901474 -6.32005024 2.64440012
41.7523994 -6.32329988 3.03259993
41.7397003 -6.35650015 3.72530007
41.6745987 -6.32835007 3.897475
41.7054977 -6.28600025 4.0696497
41.7315331 -6.04556656 1.52979994
41.7205353 -6.05223322 1.68153334
41.7458 -6.07980013 1.83640003
41.7091751 -6.10507488 2.07975006
41.7247009 -6.11789989 2.30809999
41.6747017 -6.11929989 2.48889995
41.6946983 -5.81809998 -1.60119998
41.7445984 -5.89414978 1.58124995
41.7036743 -5.88129997 1.67470002
41.7194595 -5.86460018 1.93428004
41.6515999 -5.83300018 2.1638
41.7261734 -5.95825005 2.29159999
41.7278519 -5.88975 2.55835009
41.6616669 -5.85283327 2.67406678
41.7927017 -5.6868 -1.61059999
41.7508011 -5.78525019 1.5476501
41.7129669 -5.71600008 1.73313332
41.7166748 -5.72467518 1.88557494
41.7044754 -5.74025011 2.28512502
41.7310982 -5.66086006 2.47196007
41.6284485 -5.69969988 2.62669992
41.6731987 -5.49679995 -1.65450001
41.7235413 -5.54786015 2.56389999
41.6807404 -5.46852016 2.70800996
41.6366501 -5.52225018 2.90234995
41.6699982 -5.44339991 3.02719998
41.6778984 -5.30350018 -1.66390002
41.7102013 -5.26980019 -1.58580005
41.6833344 -5.30893326 2.73933339
41.6817436 -5.28638554 2.90938568
41.7000847 -5.25414276 3.06302857
41.7586517 -5.03180027 -1.66190004
41.7111015 -5.1868 2.8915
41.7458 -5.09520006 3.12540007
41.6418991 -4.97870016 -1.67610002
41.6702652 -4.2779665 -1.69140005
41.7804985 -3.71449995 -1.69149995
41.7492981 -3.12080002 -1.71379995
41.6842003 -2.99720001 -1.7687
41.7487984 -2.75079989 -1.7313
41.7616997 -2.54259992 -1.79260004
41.6828995 -2.21790004 -1.76629996
41.6793976 -2.1096499 -1.77460003
41.6287994 -1.82579994 -1.81529999
41.7644997 -1.83669996 -1.7938
41.6068001 -1.66799998 -1.81739998
41.6282005 -1.23915005 -1.8039
41.6916504 -1.06669998 -1.83544993
41.6334 -0.96904999 -1.85815001
41.6222 -0.924099982 -0.305799991
41.6638489 -0.692075014 -1.84599996
41.7075996 -0.752399981 -0.532899976
41.6215515 -0.507050037 -1.85555005
41.7402 -0.315600008 -1.84689999
41.6580009 -0.191799998 -1.85810006
41.8054008 -13.1120996 4.01929998
41.8102989 -12.9797001 2.86059999
41.8158989 -11.9378996 3.64779997
41.8686981 -11.9209995 3.83349991
41.9861984 -11.6023998 3.27920008
41.8624992 -11.6303997 3.43729997
41.8907013 -11.4179001 2.55920005
41.8765984 -11.5654001 3.6645
41.9128494 -11.3614502 2.50215006
41.9108009 -11.1283998 1.44490004
41.9307671 -11.0304661 1.63656664
41.8014984 -11.0054998 2.15949988
41.9034996 -11.1814003 3.72099996
41.8530998 -10.9863005 1.40799999
41.891201 -10.9198503 1.74675
41.8589668 -10.8623333 2.4539001
41.8302994 -10.8689003 3.36800003
41.8998985 -10.6911001 1.96759999
41.9790001 -10.7728004 2.49180007
41.9280014 -10.7851 3.39240003
41.9892998 -10.5839005 1.84519994
41.8810997 -10.1311998 1.76830006
41.885601 -10.1454 2.06780005
41.8856506 -9.90450001 1.87234998
41.9678993 -9.78849983 1.82099998
41.8936996 -9.68009949 2.53775001
41.850399 -9.63000011 2.93289995
41.9062004 -9.54829979 2.53800011
41.9620018 -9.50570011 2.76370001
41.9599991 -9.59210014 2.97839999
41.9849014 -9.33349991 1.51719999
41.895401 -9.01239967 -0.34830001
41.8591995 -9.06029987 -0.058600001
41.8479996 -9.0223999 0.196799994
41.8386002 -9.01239967 0.309100002
41.8238983 -9.01640034 1.32969999
41.9005508 -9.03784943 1.57964993
41.8151665 -9.0885334 2.07940006
41.9766006 -8.87709999 -0.488900006
41.9080353 -8.92283344 -0.3125
41.9487991 -8.85659981 -0.0636000037
41.9019508 -8.94040012 0.0874499977
41.8964996 -8.87895679 0.316000015
41.9859009 -8.80669975 0.534699976
41.8777809 -8.86633968 0.688820004
41.8992996 -8.83049965 1.23580003
41.9506989 -8.79590034 0.328200012
41.8703003 -8.76060009 0.528699994
41.983551 -8.76679993 0.686699986
41.9164391 -8.71829987 0.875899971
41.9321518 -8.73649979 1.36615002
41.9532242 -8.70135021 1.47519994
41.9924011 -8.70849991 1.67999995
41.8829498 -8.65005016 1.90164995
41.8808327 -8.6928997 2.08773327
41.9698982 -8.59179974 1.78120005
41.9696007 -8.50990009 2.68190002
41.8181 -8.36079979 2.52880001
41.9628983 -8.21030045 2.62120008
41.9053001 -8.32750034 5.11030006
41.8135986 -7.44859982 1.99810004
41.9747009 -7.43580008 3.8591001
41.861599 -7.28970003 1.74849999
41.8395996 -7.29330015 2.12089992
41.9425011 -7.05600023 -1.3901
41.8611526 -7.08349991 1.93639994
41.9113655 -6.9343667 -1.43116665
41.822998 -6.97039986 -1.35039997
41.850399 -6.96490002 -1.04910004
41.9987984 -6.82700014 -0.75910002
41.863266 -6.93106651 1.90273333
41.8596001 -6.86380005 2.08960009
41.8098984 -6.83150005 3.91079998
41.8638 -6.81759977 4.28620005
41.9622002 -6.63310003 -1.60749996
41.8459015 -6.6904335 -1.56830001
41.9150009 -6.74849987 -1.2814666
41.9117737 -6.69614983 -1.14447498
41.9402657 -6.65906668 -0.928966641
41.8297997 -6.61269999 1.83560002
41.8255997 -6.75619984 2.00679994
41.8538017 -6.70219994 2.3684001
41.9762993 -6.78980017 2.79119992
41.8027992 -6.6408 2.97239995
41.9533501 -6.72990036 3.74370003
41.8578987 -6.6887002 4.0474
41.8154984 -6.5928998 -1.02240002
41.9345016 -6.52719975 -0.866850019
41.831501 -6.48979998 1.82270002
41.8932991 -6.57295036 2.46740007
41.9141998 -6.4394002 2.96160007
41.8871002 -6.54500008 3.01749992
41.8684998 -6.42439985 3.29410005
41.9578018 -6.55179977 3.45930004
41.8490334 -6.49033356 3.70143342
41.8072014 -6.56619978 3.81220007
41.8774681 -6.51576662 4.0644331
41.900032 -6.48280001 4.28800011
41.8079987 -6.59889984 4.42980003
41.8527527 -6.23585033 2.45970011
41.9971008 -6.34320021 2.88639998
41.940834 -6.33153343 3.13260007
41.8566017 -6.35629988 3.24349999
41.9516983 -6.23339987 3.55320001
41.9578018 -6.30100012 3.61989999
41.9233475 -6.3210001 3.92614985
41.8182983 -6.32410002 4.01009989
41.8383331 -6.09766674 1.92906666
41.8959503 -6.08599997 2.09000015
41.8979683 -6.07646656 2.28670001
41.8695984 -6.05429983 2.51250005
41.9062004 -6.08039999 2.63770008
41.8456001 -6.02169991 2.82329988
41.8862991 -6.12169981 3.30200005
41.8372993 -5.95300007 1.66929996
41.9326019 -5.90549994 1.90279996
41.9205818 -5.90634012 2.08109999
41.9055328 -5.9260664 2.25626659
41.8938675 -5.93173313 2.47849989
41.8390007 -5.99510002 2.77620006
41.8786011 -5.85220003 2.96589994
41.9463997 -5.76640034 2.09464979
41.8872261 -5.68860006 2.50082493
41.8566017 -5.4552002 -1.65330005
41.9431992 -5.56710005 1.83060002
41.867218 -5.5007 2.52011681
41.8703613 -5.4552002 2.68589997
41.9464989 -5.42549992 2.8046
41.8978653 -5.35185003 2.51533341
41.905159 -5.33936024 2.73932004
41.8396988 -5.24445009 2.93015003
41.853199 -5.15369987 -1.62849998
41.8679008 -4.7951498 -1.65135002
41.9017982 -4.20800018 -1.6846
41.9250984 -4.00579977 -1.66589999
41.9207993 -3.84260011 -1.69029999
41.8507996 -3.68420005 -1.71800005
41.8796005 -3.50414991 -1.70744991
41.9005508 -3.23679996 -1.75139999
41.8647003 -2.67880011 -1.75373328
41.9636993 -2.53130007 -1.74539995
41.9402008 -2.24545002 -1.77865005
41.8324013 -1.70140004 -1.82739997
41.8798752 -1.7184 -1.79474998
41.8036995 -1.46570003 -1.78659999
41.9284973 -1.30110002 -1.81029999
41.8955994 -1.16685009 -1.82684994
41.8418007 -0.881299973 -1.84449995
41.993 -0.8671 -0.594699979
41.848999 -0.921400011 -0.344300002
41.9654503 -0.667500019 -1.84890008
41.8940506 -0.25167501 -1.86115003
41.8674507 -0.0990500003 -1.86170006
42.046299 -13.1285 3.75500011
42.0896988 -13.0910997 3.90420008
42.169899 -12.8025999 3.79299998
42.0704002 -12.7098999 3.55299997
42.0040016 -12.5598001 3.44630003
42.1893997 -12.0349998 3.9763999
42.0596008 -11.8000002 3.91549993
42.1156998 -11.7412004 3.55480003
42.0584679 -11.4296331 3.30739999
42.0505981 -11.4187002 4.01030016
42.174099 -11.2531996 3.55539989
42.1825981 -11.1140003 1.76409996
42.0110016 -10.9550495 1.70044994
42.1120987 -10.8933334 1.92456663
42.1962013 -10.8080997 3.53550005
42.061348 -10.7399998 1.96665001
42.0388985 -10.4605999 1.80350006
42.0776978 -10.30585 1.72449994
42.1365013 -10.3832998 3.23760009
42.1874008 -10.2084999 3.55509996
42.1080017 -10.0633001 1.75109994
42.1805992 -10.0830002 3.03430009
42.1488991 -9.88729954 1.7062
42.0860672 -9.8798666 1.94093335
42.1792984 -9.83979988 2.47740006
42.1362991 -9.82569981 2.60579991
42.1891479 -9.67939949 1.54480004
42.0597496 -9.72494984 1.65680003
42.0033989 -9.7663002 1.92569995
42.0297012 -9.69110012 2.04080009
42.1543999 -9.74110031 2.56299996
42.0351982 -9.56070042 2.51399994
42.0959015 -9.55290031 3.00830007
42.1941986 -9.36569977 2.01740003
42.1541519 -9.0173502 -0.519549966
42.1889 -9.02229977 0.218799993
42.1869507 -8.95050049 -0.64319998
42.1260986 -8.82390022 -0.417199999
42.1078606 -8.87398052 -0.345959991
42.1020203 -8.88603973 -0.0929899961
42.1262817 -8.8512001 0.109866664
42.1198692 -8.89070034 0.257633328
42.1966019 -8.9343996 2.06550002
42.1090012 -8.76930046 -0.246299997
42.0726662 -8.75096703 -0.121399999
42.0659332 -8.77229977 0.291400015
42.1090393 -8.72070026 0.514039993
42.0718803 -8.73353958 0.711520016
42.1058846 -8.7083168 0.898649991
42.0875473 -8.6885376 1.09967494
42.1348724 -8.69804955 1.25269997
42.0963402 -8.67617989 1.49705994
42.1206818 -8.6588335 1.68416667
42.1044006 -8.64789963 1.90598333
42.0592384 -8.6459198 2.11468005
42.067749 -8.66690063 2.36124992
42.1780014 -8.69239998 3.09750009
42.0918999 -8.56890011 -0.713800013
42.1581001 -8.58170033 1.95290005
42.0985985 -8.53540039 2.18000007
42.0782013 -8.5323 2.47729993
42.1301994 -8.42269993 3.41030002
42.1753998 -8.20149994 2.62899995
42.1978989 -8.01980019 3.3276999
42.007 -7.91529989 2.5302999
42.0895004 -7.64900017 2.49720001
42.0680008 -7.58389997 2.29410005
42.1278 -7.43839979 3.97460008
42.0584984 -7.45769978 4.07210016
42.1232986 -7.57969999 5.00129986
42.0423012 -7.08500004 1.77540004
42.0817986 -7.06120014 2.2592001
42.0565987 -7.17210007 2.46740007
42.1613007 -7.12099981 4.75559998
42.1539993 -6.85484982 -1.47500002
42.062767 -6.88063335 -1.32626665
42.083149 -6.94690037 -0.71965003
42.0663986 -6.8125 2.02900004
42.0321007 -6.85010004 2.30220008
42.1431656 -6.72240019 -1.5140667
42.1459999 -6.7177 -1.29313326
42.0945282 -6.71802473 -1.12919998
42.1675987 -6.73129988 -0.889100015
42.03965 -6.75794983 -0.765750051
42.1502991 -6.66650009 3.87779999
42.0693016 -6.7750001 4.08279991
42.097599 -6.77720022 4.53420019
42.1109009 -6.74529982 4.61819983
42.161499 -6.63579988 4.86990023
42.0276985 -6.59819984 -1.04170001
42.0699997 -6.49909973 -0.891900003
42.1091995 -6.50724983 2.95940018
42.1176643 -6.45893335 3.25026679
42.0098991 -6.50229979 3.55010009
42.1069984 -6.45170021 4.30830002
42.0368996 -6.30310011 -1.67970002
42.035099 -6.3375001 2.46729994
42.0245018 -6.38980007 3.06590009
42.066761 -6.29224014 3.29378009
42.0256996 -6.30987501 3.47469997
42.1982994 -6.35129976 3.98909998
42.1391983 -6.33069992 4.09864998
42.0662994 -6.35459995 4.22764969
42.1096992 -6.09810019 1.77610004
42.0233994 -6.06890011 1.94980001
42.0578003 -6.05289984 2.10590005
42.0437012 -6.17939997 2.25370002
42.0558014 -6.05200005 2.61139989
42.0722008 -6.14349985 3.37310004
42.0836983 -6.02110004 3.54139996
42.0633774 -6.08722496 3.68774986
42.1894989 -5.83400011 -1.69860005
42.0320015 -5.90990019 1.74689996
42.1422501 -5.90217495 1.88804996
42.0911026 -5.92264986 2.11004996
42.0443001 -5.93130016 2.32189989
42.0335464 -5.94729996 2.48309994
42.0572014 -5.91219997 2.75880003
42.0908012 -5.71850014 1.93900001
42.0843506 -5.69859982 2.08704996
42.1056519 -5.64709997 2.23020005
42.0876999 -5.53469992 -1.64390004
42.1635666 -5.56680012 1.93126667
42.1216507 -5.52150011 2.03594995
42.0354004 -5.50277519 2.65939999
42.1847 -5.39349985 2.21429992
42.0317993 -5.33790016 2.81590009
42.1431999 -5.1960001 -1.65190005
42.1479988 -4.80200005 -1.76719999
42.033699 -4.65189981 -1.66030002
42.109726 -4.27754974 -1.70515001
42.0877495 -3.85715008 -1.69199991
42.1991997 -3.7585001 -1.70410001
42.1427002 -3.41269994 -1.71300006
42.0592995 -3.36229992 -1.74950004
42.0158997 -3.18560004 -1.74059999
42.0823021 -2.71320009 -1.76316667
42.0531998 -2.19000006 -1.80809999
42.1027985 -2.09850001 -1.77980006
42.0803986 -1.83990002 -1.79359996
42.0575333 -1.6401 -1.82529998
42.0951004 -1.2816999 -1.83095002
42.1224976 -1.15814996 -1.82480001
42.1643982 -0.98089999 -1.83930004
42.0671005 -0.911000013 -0.142399997
42.1194 -0.693400025 -1.85590005
42.139801 -0.481100023 -1.87380004
42.0559998 -0.242699996 -1.86619997
42.1029205 -0.128739998 -1.88357997
42.2125015 -13.0934 4.10500002
42.2658997 -12.8347502 3.55194998
42.3465004 -12.9633999 4.04120016
42.2342987 -12.6862001 3.5618
42.2795486 -12.7719002 3.71350002
42.3204002 -12.4607 3.39409995
42.2863007 -12.4665003 3.51399994
42.3345985 -12.3462 3.46650004
42.2041016 -11.4242001 3.47359991
42.2682991 -11.2719002 3.19810009
42.2639008 -11.3727999 3.30649996
42.2975998 -11.3550997 3.60509992
42.2154999 -11.1974001 3.58310008
42.3193016 -10.9319 1.70570004
42.2749329 -10.8871002 1.82930005
42.3821983 -10.8758001 3.37240005
42.3157997 -10.9366493 3.5230999
42.2583008 -10.8063002 3.80940008
42.3302002 -10.6618996 1.62360001
42.3834 -10.6344995 1.82089996
42.2932014 -10.6584997 3.19790006
42.2928009 -10.7676001 3.24790001
42.2186012 -10.6913004 3.55579996
42.3553009 -10.5702 0.736699998
42.350399 -10.5704002 0.890600026
42.3247986 -10.4547997 3.17379999
42.3810997 -10.5825005 3.55800009
42.2551994 -10.3597002 5.29220009
42.2668991 -10.0087004 1.58570004
42.3322983 -10.0993996 5.12370014
42.3583984 -9.9975996 2.67680001
42.3237 -9.81729984 2.9059999
42.3891983 -9.9428997 3.10030007
42.3193512 -9.6664505 1.51725006
42.2740021 -9.7255497 3.05110002
42.3791008 -9.71189976 3.30949998
42.3843994 -9.47179985 1.34010005
42.3277969 -9.52134991 1.49740005
42.3047028 -9.50984955 1.61084998
42.2173004 -9.5618 2.75469995
42.2345009 -9.31579971 1.90250003
42.2742996 -9.35034943 2.0711
42.2290993 -9.13169956 2.03010011
42.2344971 -8.90609932 -0.67535001
42.2380981 -8.90530014 -0.414099991
42.2443771 -8.87857437 -0.294974983
42.2338676 -8.89719963 0.0784333348
42.2256508 -8.90124989 0.302200019
42.2551994 -8.86100006 0.559199989
42.2145004 -8.88339996 0.844500005
42.2737007 -8.85569954 1.17349994
42.3693008 -8.92259979 1.26110005
42.2403984 -8.82480049 1.48504996
42.3008003 -8.91580009 1.98160005
42.2960014 -8.86709976 2.07259989
42.2304001 -8.78149986 0.0560999997
42.2148018 -8.7123003 0.330799997
42.2154999 -8.79740047 0.443899989
42.2598991 -8.73740005 0.776199996
42.2560005 -8.72529984 0.898183346
42.2835617 -8.69931984 1.12694001
42.3328018 -8.62779999 1.31799996
42.2707672 -8.73963356 1.49233329
42.2426529 -8.70804977 1.76099992
42.2168999 -8.75860023 1.8326
42.3107986 -8.6651001 2.12389994
42.2372017 -8.64019966 2.55570006
42.3384018 -8.4861002 1.21039999
42.2094994 -8.57979965 2.12299991
42.2116013 -8.5866003 2.37849998
42.2248993 -8.57470036 2.72720003
42.3825989 -7.81020021 2.49130011
42.2299995 -7.26170015 2.3591001
42.3106995 -7.00820017 -1.47370005
42.2758026 -7.03499985 -1.37164998
42.3722 -7.08199978 2.49600005
42.2290001 -7.0545001 4.76709986
42.3995018 -7.01840019 4.85330009
42.3069 -6.90665007 -1.45109999
42.2903976 -6.88067532 -1.32837498
42.3619003 -6.82579994 -0.84890002
42.3202019 -6.86600018 2.02749991
42.217701 -6.84280014 2.3217001
42.3171997 -6.89830017 3.73130012
42.3862495 -6.94029999 3.90899992
42.3111496 -6.86980009 4.68595028
42.3236008 -6.72230005 -1.625
42.3310013 -6.70275021 -1.54927504
42.3367004 -6.66480017 -1.23319995
42.311451 -6.76714993 -1.11820006
42.2496986 -6.75306654 -0.895600021
42.2027016 -6.64559984 1.72759998
42.2173004 -6.7177 1.81649995
42.2416 -6.78480005 2.29239988
42.2272987 -6.65110016 2.91219997
42.2616997 -6.65119982 3.30200005
42.2985992 -6.7823 3.62244987
42.2186661 -6.70276642 3.91953325
42.2809982 -6.72090006 4.56570005
42.3184204 -6.65645981 4.68885994
42.2302017 -6.63745022 4.92444992
42.2118988 -6.53849983 -0.816600025
42.3078003 -6.45050001 1.72720003
42.2288017 -6.42350006 2.19070005
42.3126793 -6.47940016 3.9495399
42.2737007 -6.52320004 4.04809999
42.2959747 -6.53412485 4.90183735
42.2330017 -6.5236001 5.0854001
42.2574997 -6.34539986 -1.63999999
42.2574005 -6.35389996 1.99489999
42.3171997 -6.2828002 2.13030005
42.2873001 -6.22679996 2.27410007
42.2233009 -6.3281002 3.35529995
42.2778778 -6.33652496 3.9668498
42.2840614 -6.26022482 4.08936262
42.2262993 -6.32579994 5.18900013
42.3021011 -6.13880014 -1.6171
42.2313995 -6.0939002 1.76760006
42.2233009 -6.12169981 1.85790002
42.2773018 -6.03879976 2.56839991
42.2929993 -6.01140022 3.89709997
42.3312416 -6.12258577 4.12894297
42.335556 -6.07864428 4.29428911
42.3031998 -6.07620001 4.47175026
42.338974 -5.87120008 1.72072506
42.3069 -5.87737513 1.83735001
42.2387009 -5.82329988 2.01539993
42.2779999 -5.9151001 2.32137489
42.3368835 -5.85766697 2.48071671
42.3897018 -5.8203001 2.60159993
42.3101997 -5.86149979 4.37580013
42.3279495 -5.64070034 -1.66919994
42.3484993 -5.68970013 1.52600002
42.3458405 -5.72565985 1.68727994
42.3244514 -5.69023323 1.86246669
42.3253021 -5.65139961 2.11315012
42.3865013 -5.74310017 2.49259996
42.3267326 -5.48990011 1.95333338
42.2603989 -5.55945015 2.0857501
42.3138008 -5.51319981 2.21160007
42.2240982 -5.47170019 2.79789996
42.274601 -5.37440014 -1.71099997
42.3978004 -5.20219994 1.72019994
42.2764511 -5.39694977 2.11994982
42.229599 -5.31414986 2.3266499
42.2279015 -4.50939989 -1.73870003
42.3013 -4.27570009 -1.74909997
42.2643509 -4.1573 -1.69490004
42.2675476 -3.75220013 -1.71745002
42.2136002 -3.23530006 -1.73370004
42.2786484 -3.12510014 -1.74460006
42.3237 -2.86240005 -1.78059995
42.2977982 -2.72830009 -1.76970005
42.3835983 -2.54360008 -1.77880001
42.2945328 -2.29879999 -1.79453337
42.3173523 -2.12744999 -1.78209996
42.2779007 -1.92760003 -1.81935
42.2887993 -1.8276 -1.79229999
42.2536011 -1.60290003 -1.85099995
42.3422012 -1.58829999 -1.8046
42.3062515 -1.29920006 -1.82924998
42.355999 -1.03760004 -1.83449996
42.2426987 -1.02779996 -0.536000013
42.2326012 -0.914350033 -0.542199969
42.3143997 -0.853900015 -0.1417
42.3228798 -0.699199975 -1.86705995
42.3151016 -0.505200028 -1.88189995
42.3148499 -0.230349988 -1.87660003
42.3466988 -0.161799997 -1.89110005
42.4596481 -12.8589497 4.06324959
42.5084648 -12.7169666 3.8950665
42.5258026 -12.5739498 3.58555007
42.5508003 -11.9548998 3.31480002
42.4420013 -11.3541002 3.78609991
42.5082321 -11.2603998 3.95900011
42.4868507 -11.0641499 4.48054981
42.4714012 -10.8427 3.54570007
42.5334015 -10.8142996 3.7118001
42.594101 -10.9495001 4.41149998
42.5006027 -10.62885 1.83465004
42.4478989 -10.6856003 3.55640006
42.4670677 -10.5247002 0.881466687
42.4448013 -10.4200001 1.02335
42.4910011 -10.4737997 3.23920012
42.5583 -10.2981005 0.9278
42.5198517 -10.3410501 1.09679997
42.4684982 -10.2715998 2.69939995
42.5607986 -10.1384001 2.87870002
42.4780998 -10.0129004 3.68610001
42.5959015 -9.9119997 1.61670005
42.4743004 -9.80049992 3.40350008
42.4062996 -9.68869972 1.58340001
42.5943985 -9.65890026 2.89234996
42.4940338 -9.44263363 1.71356666
42.4624023 -9.35389996 1.31905007
42.5567207 -9.31394005 1.54359996
42.5695992 -9.36410046 1.63849998
42.5438232 -9.30360031 1.89754999
42.5467987 -9.21100044 2.0395999
42.4547997 -9.37769985 3.27920008
42.5597 -9.04829979 1.94790006
42.5087013 -9.09910011 2.03430009
42.4984016 -9.01690006 3.18470001
42.5287018 -8.95820045 2.01360011
42.424099 -8.24190044 2.2112
42.5627518 -8.0475502 2.25960016
42.5747986 -7.83449984 2.10840011
42.4973984 -7.67689991 2.90119982
42.5481987 -7.37989998 2.39229989
42.5521011 -7.07444954 -0.74150002
42.546402 -6.87794971 -1.45694995
42.4696007 -6.87660027 -1.35837495
42.5878983 -6.80039978 -1.10810006
42.4996681 -6.86183357 -0.867666662
42.4553986 -6.86390018 2.41569996
42.53545 -6.89685011 3.96210003
42.5550995 -6.8906002 4.02510023
42.524353 -6.68515015 -1.65409994
42.4869995 -6.72809982 -1.51030004
42.537899 -6.74650002 -1.31780005
42.5032501 -6.74332523 -1.08252501
42.53825 -6.69124985 -0.859400034
42.4149017 -6.70190001 3.98559999
42.4824982 -6.74403334 4.54729986
42.4792023 -6.6307497 4.67005014
42.5618515 -6.61695004 4.94099998
42.5276985 -6.40679979 -1.59819996
42.4750252 -6.47892475 3.92102504
42.4682007 -6.40829992 4.27869987
42.5612488 -6.52649975 4.53845024
42.5234985 -6.59350014 4.62230015
42.4394989 -6.59950018 4.87680006
42.5369987 -6.23750019 1.70899999
42.4235001 -6.20539999 1.82200003
42.5732002 -6.20030022 3.94359994
42.4838676 -6.24313354 4.13073349
42.5710983 -6.12330008 -1.64900005
42.5527 -6.00519991 1.57099998
42.5393829 -6.09443331 1.70668328
42.5760002 -6.05830002 1.89289999
42.4757576 -6.14054012 4.10366011
42.5619354 -6.08576679 4.30996656
42.4712982 -5.93349981 -1.64950001
42.4231987 -5.8052001 1.57050002
42.4909515 -5.90351677 1.68921661
42.5339203 -5.91012001 1.88297999
42.549099 -5.85599995 2.12966681
42.5037994 -5.92619991 2.29602504
42.495224 -5.85032511 2.45052505
42.4561005 -5.82989979 2.67359996
42.4737511 -5.73559999 -1.65509999
42.450161 -5.68122005 1.66491997
42.4836998 -5.70679998 1.88437498
42.5236435 -5.72730017 2.48932862
42.5113258 -5.67160034 2.66817498
42.5634003 -5.71019983 2.80200005
42.5359001 -5.50479984 -1.64740002
42.4342003 -5.48400021 1.46270001
42.4770889 -5.50062513 1.75323749
42.5047989 -5.53049994 1.88540006
42.4896011 -5.45760012 2.08850002
42.5932007 -5.58389997 2.33159995
42.5526505 -5.48670006 2.55270004
42.4724998 -5.34940004 1.70910001
42.4726982 -5.24940014 1.85039997
42.4457016 -4.99800014 -1.699
42.520401 -4.78739977 -1.63709998
42.5863991 -4.50769997 -1.69620001
42.4884987 -3.7572 -1.73580003
42.4294968 -3.27579999 -1.75024998
42.5876007 -3.07660007 -1.75600004
42.5470009 -2.89190006 -1.75800002
42.4896355 -2.72280002 -1.7725333
42.5487976 -2.42740011 -1.82264996
42.4709015 -2.04559994 -1.81599998
42.4631004 -2.11980009 -1.79630005
42.447197 -1.90195 -1.81490004
42.460701 -1.68426669 -1.81503332
42.5293007 -1.26716661 -1.83043337
42.5214996 -1.15139997 -1.85284996
42.4914017 -0.846099973 -1.87629998
42.5054016 -0.973800004 -0.50999999
42.5619507 -0.711700022 -1.87660003
42.5021019 -0.174899995 -1.88160002
42.7765999 -12.2175999 3.29089999
42.7333984 -12.2147999 3.51370001
42.7831001 -12.0984001 3.49720001
42.6425018 -12.1155005 3.77719998
42.6624985 -11.9413004 3.37100005
42.6441002 -11.8094997 3.96740007
42.7243996 -11.4923 2.54480004
42.7108002 -11.2709999 2.22199988
42.7830009 -11.2559004 3.45070004
42.7483521 -11.0592499 2.36420012
42.7383003 -11.0198002 4.38660002
42.6785011 -10.9263 2.17210007
42.6189995 -10.8554001 4.12629986
42.6654015 -10.6464996 1.76979995
42.6792526 -10.7446995 3.76004982
42.7034988 -10.7713003 3.99600005
42.6090012 -10.2802 0.976899981
42.6171494 -10.2581997 1.11634994
42.6086006 -10.2550001 1.25450003
42.7432022 -10.2783508 2.69560003
42.7019005 -10.2672997 2.84699988
42.6134987 -10.1998997 1.12109995
42.6835022 -10.1193504 2.95784998
42.6884995 -10.0152998 3.03690004
42.6148987 -9.93889999 1.74039996
42.7092514 -9.61574936 1.75185001
42.6687775 -9.45617485 1.73605001
42.7043991 -9.50689983 3.70679998
42.6035995 -9.25965023 1.43439996
42.6987 -9.31080055 1.87179995
42.6130981 -9.24790001 2.02340007
42.6576004 -9.15170002 1.53540003
42.625 -9.09189987 2.09229994
42.7293015 -9.11940002 3.54719996
42.6651001 -8.99610043 2.01799989
42.707901 -7.80539989 2.0065999
42.7430344 -7.84689999 2.6685667
42.793499 -7.75339985 1.97239995
42.6954384 -7.69321251 2.07401252
42.6743736 -7.66384983 2.3199749
42.7639008 -7.51395035 2.24485016
42.6612015 -7.46199989 2.51110005
42.7759018 -7.4703002 2.83789992
42.7624016 -7.22119999 -0.662899971
42.6902008 -7.32730007 3.62669992
42.7742004 -7.30299997 3.82850003
42.7617035 -7.10200024 -0.70144999
42.7742996 -7.16410017 -0.544200003
42.7201996 -7.18639994 2.36660004
42.7420998 -6.98829985 -1.4181
42.6683998 -6.90964985 -1.34154999
42.7743988 -6.99700022 -0.826099992
42.7941017 -6.80730009 -0.768599987
42.7008018 -6.68380022 -1.67136669
42.7421494 -6.72035027 -1.53639996
42.6120682 -6.72543335 -1.07570004
42.7606506 -6.73392487 -0.912524998
42.7821007 -6.68455029 3.72895002
42.7598991 -6.62519979 3.85960007
42.7002983 -6.65530014 4.07060003
42.7680511 -6.6423502 4.29819965
42.6096001 -6.60179996 4.52559996
42.6589012 -6.59250021 -1.31830001
42.7588997 -6.59130001 2.50379992
42.7720985 -6.47629976 3.18099999
42.7622986 -6.4545002 3.26760006
42.7064743 -6.54794979 3.72580004
42.7116013 -6.47613335 3.89919996
42.6985016 -6.44070005 4.2177
42.7409668 -6.51536655 4.52883339
42.7433472 -6.50584984 4.91800022
42.6170998 -6.5314002 5.04050016
42.7298012 -6.21479988 -1.63049996
42.7411499 -6.30235004 3.84654999
42.7126999 -6.29559994 4.10776663
42.770401 -6.30290031 4.34205008
42.7251015 -6.35020018 5.12249994
42.7206802 -6.05060005 1.528
42.6572723 -6.07037497 1.652825
42.6729507 -6.12860012 1.86849999
42.6483994 -6.12699986 2.3046
42.6882324 -6.13100004 4.12196636
42.7140503 -5.94040012 1.52620006
42.6982727 -5.89834976 1.65187502
42.6058998 -5.86129999 1.85810006
42.7293015 -5.90059996 2.15240002
42.6609497 -5.91884995 2.33785009
42.7965012 -5.85739994 2.55180001
42.6853981 -5.95730019 4.31939983
42.658699 -5.7638998 -1.65335
42.683548 -5.73964977 1.55815005
42.7102013 -5.7409749 1.70550001
42.7174492 -5.68111658 1.90404999
42.6991997 -5.6855998 2.11140013
42.7172012 -5.64382505 2.29710007
42.6932983 -5.65604973 2.41494989
42.667099 -5.67179966 2.66554999
42.6847 -5.52229977 -1.64960003
42.6413002 -5.58920002 1.53540003
42.6050987 -5.4625001 1.72979999
42.7709007 -5.54693365 1.92016661
42.7774506 -5.51940012 2.06524992
42.7312012 -5.53614998 2.32544994
42.6607018 -5.59210014 2.46510005
42.6678505 -5.31369972 1.95160007
42.7617989 -5.19239998 -1.66320002
42.6062012 -4.61119986 -1.72730005
42.7997017 -4.44700003 -1.70729995
42.642601 -4.18809986 -1.7148
42.6072998 -3.89630008 -1.70659995
42.7056007 -3.65510011 -1.78999996
42.6257019 -3.14989996 -1.73629999
42.7049332 -2.68386674 -1.78033328
42.6831017 -2.37400007 -1.80519998
42.6375999 -2.16680002 -1.79620004
42.6717987 -1.8477 -1.83525002
42.7857513 -1.68009996 -1.82934999
42.7918015 -1.50899994 -1.80270004
42.7109985 -1.25899994 -1.85950005
42.6152992 -1.12199998 -1.84829998
42.7246017 -0.896700025 -1.88150001
42.7518997 -0.992399991 -0.551800013
42.7673988 -0.986100018 -0.32069999
42.6626015 -0.735100031 -1.86925006
42.6445007 -0.798099995 -0.551199973
42.6876984 -0.490649998 -1.87925005
42.6697998 -0.228 -1.88466668
42.7097015 -0.138600007 -1.90563333
42.8003998 -14.8919001 -0.939999998
42.9906006 -14.6470003 -0.616999984
42.8023987 -12.3250999 3.34629989
42.8745003 -12.2707605 3.67844009
42.8221016 -11.7005997 3.68449998
42.8432007 -11.3101997 2.22219992
42.8286018 -11.2538004 2.57220006
42.9968987 -11.2187004 2.73559999
42.9477997 -11.1997004 2.53069997
42.8862991 -11.1040001 2.71329999
42.8906021 -11.0950499 3.66904998
42.9373016 -10.9167004 1.68599999
42.9648018 -10.8112001 1.921
42.8148499 -10.8589001 2.46790004
42.9892006 -10.9916 2.73270011
42.8334999 -10.6119003 2.65170002
42.962101 -10.7816 3.82290006
42.9300003 -10.5309 1.72329998
42.9544983 -10.5440998 1.83060002
42.9100494 -10.5727005 3.43475008
42.8925018 -10.5621996 3.80539989
42.8786011 -10.3418503 2.55065012
42.8554001 -10.2799997 2.67519999
42.8272018 -10.2358999 2.93479991
42.953598 -10.1082001 1.74364996
42.8694992 -10.0776997 2.56929994
42.8443985 -10.0763502 2.86940002
42.846199 -10.1847 3.65630007
42.888401 -9.97109985 2.3354001
42.8888016 -9.9993 2.82019997
42.8552017 -9.46790028 1.81120002
42.8322983 -9.40060043 3.59209991
42.8999481 -9.5685997 3.72924995
42.9935989 -9.24520016 1.93069994
42.8111 -9.24629974 2.01419997
42.9333 -9.27280045 2.81899977
42.9323997 -9.30480003 3.6803
42.9416008 -9.12209988 1.31400001
42.8347015 -9.07369995 1.94729996
42.9592018 -9.02690029 2.06570005
42.9782982 -9.18159962 3.14299989
42.9918327 -8.94326687 1.34200001
42.9123001 -8.85410023 1.43144989
42.9530983 -8.63650036 3.60010004
42.8823013 -8.00389957 2.5933001
42.9645996 -7.8270998 -0.778500021
42.9785004 -7.93179989 -0.496699989
42.9854507 -7.86709976 -0.324550003
42.9966011 -7.95900011 0.119099997
42.9898987 -7.85249996 0.273099989
42.8583984 -7.84639978 1.89030004
42.8235016 -7.95370007 5.59049988
42.9155006 -7.8059001 5.67259979
42.9928017 -7.65350008 -0.761799991
42.975502 -7.78264999 0.0756999999
42.9625015 -7.65829992 1.78999996
42.9444656 -7.72433329 1.86006665
42.8655014 -7.76210022 2.51475
42.9547005 -7.77670002 5.1099
42.9289017 -7.74109983 5.57329988
42.8919983 -7.56474972 1.94774997
42.9202499 -7.50580025 2.10590005
42.8838348 -7.43739986 2.69633341
42.8130989 -7.4218998 2.84089994
42.9067001 -7.52349997 3.95930004
42.956501 -7.48899984 5.21740007
42.8061981 -7.23129988 -0.806900024
42.8667984 -7.28034973 -0.642350018
42.8574982 -7.27559996 -0.566699982
42.9265671 -7.37993336 2.16456676
42.8818016 -7.23379993 3.98699999
42.9892998 -7.11899996 -0.829999983
42.9188004 -7.18349981 -0.739400029
42.8876991 -7.19740009 -0.577600002
42.8037987 -7.04250002 3.86080003
42.9556999 -6.80550003 -1.53799999
42.849926 -6.8218751 -1.29984999
42.9601974 -6.96949959 -0.692399979
42.9620018 -6.8828001 3.71230006
42.9095993 -6.69639969 -1.70169997
42.9970016 -6.79750013 -1.44459999
42.9041519 -6.7557168 -1.27880001
42.8772659 -6.70183325 -1.09263337
42.8789978 -6.69880009 -0.936533332
42.91045 -6.69832516 3.69572496
42.8125 -6.63219976 3.96609998
42.8414001 -6.64343309 4.3499999
42.9197998 -6.59180021 -1.57980001
42.844101 -6.53459978 3.19190001
42.9375992 -6.41739988 3.22939992
42.8913498 -6.52489996 3.69875002
42.9342995 -6.45529985 3.95123339
42.9291992 -6.49429989 4.00540018
42.9887009 -6.51590014 4.36539984
42.8409004 -6.4137001 4.53200006
42.9724503 -6.4218502 4.75670004
42.83815 -6.44779968 4.92724991
42.9502258 -6.27772522 3.12277508
42.9329529 -6.38774967 3.23245001
42.9110985 -6.36119986 3.40330005
42.9328995 -6.30319977 3.95830011
42.9002724 -6.2990427 4.06028557
42.865799 -6.3118 4.26429987
42.8609505 -6.29994965 4.45300007
42.9827995 -6.37069988 4.64120007
42.8900223 -6.25040007 4.89537525
42.9101982 -6.27139997 5.0145998
42.8688507 -6.12125015 -1.6391499
42.8049011 -6.00610018 1.61119998
42.911499 -6.02686644 2.53356671
42.9226761 -6.1248498 4.13767529
42.9044876 -6.08317471 4.28286266
42.930397 -6.06974983 4.51765013
42.9355011 -6.11793327 4.93686676
42.9169502 -6.11098337 5.0968833
42.8593483 -6.12170029 5.23225021
42.8366776 -5.93537521 1.52989995
42.8269997 -5.90630007 1.83050001
42.9678001 -5.90460014 2.09640002
42.8088989 -5.91340017 2.33209991
42.8288994 -5.86240005 2.72340012
42.8944016 -5.93779993 2.81710005
42.870575 -5.9286747 4.32865
42.8232002 -5.64139986 -1.65670002
42.8105011 -5.66914988 1.73885
42.8508339 -5.73323345 1.90616667
42.8794022 -5.71049976 2.06827497
42.8834 -5.76554966 2.31759977
42.9390984 -5.69885015 2.50582504
42.8249969 -5.50844955 1.74454999
42.8691864 -5.48282862 1.94531429
42.8908005 -5.49784279 2.12628579
42.9165993 -5.49256659 2.27530003
42.8022995 -5.39799976 1.81920004
42.8924675 -5.35296679 2.12503338
42.8562012 -5.34854984 2.25715017
42.8999481 -5.1161499 -1.70144999
42.8911018 -4.75019979 -1.70150006
42.8133011 -4.53859997 -1.72210002
42.9330978 -4.33240032 -1.72324991
42.9418488 -4.04675007 -1.73944998
42.9631004 -3.82209992 -1.71259999
42.9457016 -3.25554991 -1.77244997
42.8932495 -3.05985022 -1.78365004
42.8400002 -2.92855 -1.77714992
42.9163017 -2.61010003 -1.78699994
42.9234467 -2.55355 -1.81784999
42.8101006 -2.30660009 -1.79349995
42.9598503 -2.10965014 -1.82009995
42.9107018 -2.17630005 -1.79949999
42.8869476 -1.89689994 -1.83650005
42.9143982 -1.50685 -1.85772502
42.8793488 -1.30275011 -1.85144997
42.9427986 -1.10890007 -1.87425005
42.8779984 -0.8204 -1.87189996
42.9025993 -0.957899988 -0.604700029
42.9248009 -0.948800027 -0.556500018
42.8931999 -0.666949987 -1.88877499
42.8726997 -0.478399992 -1.8973
42.8848 -0.230100006 -1.88185
42.9569321 -0.114166662 -1.9120667
43.0068016 -10.9424 2.58820009
43.0892982 -10.9216003 3.96449995
43.0669479 -10.9750004 4.07590008
43.0529022 -10.7153502 1.87785006
43.0677986 -10.6052999 3.7808001
43.0629997 -10.6990004 3.81940007
43.1255989 -10.6587 4.02260017
43.1972008 -10.4097996 1.37290001
43.0746002 -10.415 1.50530005
43.1008759 -10.4789753 1.70872498
43.1336517 -10.5578003 1.91814995
43.1506996 -10.5149002 2.11229992
43.1848984 -10.4423504 2.6812501
43.1425018 -10.4417 2.91930008
43.1376991 -10.5018997 3.74830008
43.1677017 -10.2289 1.60759997
43.0015984 -10.2594004 2.68720007
43.0619011 -10.3388004 3.69099998
43.1896019 -10.1590004 2.06060004
43.1392021 -9.85406685 1.72543335
43.0998001 -9.88720036 2.55760002
43.1071014 -9.67809963 1.84529996
43.1954002 -9.61330032 2.89910007
43.0683517 -9.49035072 1.90085006
43.0661011 -9.4357996 2.98629999
43.0615005 -9.25296688 1.88826668
43.1753998 -9.26490021 2.95079994
43.0839996 -9.03425026 1.33334994
43.1198997 -9.01490021 1.42980003
43.1954002 -9.04109955 1.8951
43.0077019 -9.00279999 2.11540008
43.1565018 -8.99199963 1.19869995
43.0938988 -8.92504025 1.29727995
43.1178322 -8.94219971 1.50419998
43.0046005 -8.90629959 1.60829997
43.1982994 -8.88599968 1.93369997
43.1721001 -8.95230007 2.02970004
43.0200005 -8.98279953 3.54410005
43.0903015 -8.64990044 1.91719997
43.1213989 -8.01620007 -0.330900013
43.1459007 -8.15250015 1.65419996
43.0621986 -7.87584972 -0.65775001
43.0536613 -7.8207202 -0.472800016
43.0581741 -7.87322521 -0.289474994
43.0531502 -7.83157492 -0.0864500031
43.0885849 -7.86656666 0.112350002
43.0577011 -7.87739992 0.363499999
43.051899 -7.8197999 0.533800006
43.0920334 -7.85419989 0.683099985
43.1319008 -7.89659977 1.90009999
43.0326004 -7.86609983 2.49379992
43.1741486 -7.77880001 -0.707949996
43.1188011 -7.75693989 -0.486860007
43.1194344 -7.74585009 -0.314866662
43.0939751 -7.73054981 -0.0854250044
43.1544991 -7.73764992 0.0678500012
43.1205521 -7.76345015 0.33465001
43.1319504 -7.75689983 0.513683319
43.0760002 -7.76350021 0.689900041
43.1121979 -7.68519974 1.71282005
43.0682602 -7.66527987 1.92395997
43.0332985 -7.65920019 2.59240007
43.1711998 -7.55700016 1.77880001
43.0735664 -7.56316662 1.86803341
43.0351486 -7.50154972 2.03705001
43.0527992 -7.43170023 4.34280014
43.0970001 -7.23050022 -0.709100008
43.1148987 -7.13630009 -0.709399998
43.1459007 -7.11199999 2.5704999
43.1615982 -6.81869984 -1.4842
43.1808014 -6.80000019 -1.22150004
43.1473656 -6.87703323 -0.834500015
43.1278 -6.96350002 -0.714966655
43.1757011 -6.80620003 3.68249989
43.1379013 -6.8434 4.0632
43.0718002 -6.82819986 4.47429991
43.0402985 -6.68650007 -1.64660001
43.1164017 -6.74529982 -1.49185002
43.128273 -6.69252491 -1.3527
43.0526237 -6.69822502 -1.06729996
43.1189003 -6.69822502 -0.912649989
43.0320015 -6.71924973 2.4684
43.0251999 -6.6855998 3.76009989
43.0912476 -6.77419996 4.15880013
43.0993996 -6.61619997 4.37879992
43.1237259 -6.67094994 4.45664978
43.1268005 -6.67619991 4.63180017
43.092701 -6.56710005 -1.63870001
43.0423012 -6.46729994 -0.836000025
43.0979996 -6.4197998 2.52200007
43.0032997 -6.42619991 3.35089993
43.089798 -6.53899956 3.49600005
43.0365982 -6.47889996 3.66470003
43.0508995 -6.47573328 3.92759991
43.1557007 -6.47370005 4.07544994
43.0217018 -6.41099977 4.25180006
43.0923004 -6.48955011 4.42994976
43.0714989 -6.37440014 2.3670001
43.0409012 -6.21570015 2.56570005
43.0773506 -6.26752472 3.12737513
43.1364517 -6.28487492 3.30297518
43.1337242 -6.28987503 3.48469996
43.1433983 -6.22079992 3.73699999
43.038002 -6.24434996 3.92540002
43.0299988 -6.27610016 4.09197521
43.0228996 -6.20090008 4.20629978
43.1634979 -6.35009956 4.51959991
43.0446243 -6.27929974 4.72214985
43.1520996 -6.3059001 4.91270018
43.078701 -6.07399988 2.37639999
43.1781006 -6.07520008 2.40170002
43.0279999 -6.05959988 2.7355001
43.1165009 -6.0559001 2.91306663
43.091301 -6.15479994 3.24250007
43.1776009 -6.07415009 3.54540014
43.0638008 -6.10169983 4.10963345
43.0280991 -6.15380001 4.22700024
43.1095009 -6.18370008 4.74399996
43.1007156 -6.11705017 4.91578341
43.1068497 -6.09220028 5.05150032
43.009201 -5.90920019 2.38849998
43.1267204 -5.91359997 2.53636003
43.1389008 -5.92517519 2.72797489
43.0317001 -5.91279984 4.42059994
43.0027008 -5.98309994 4.97079992
43.0180016 -5.67250013 -1.71749997
43.1011009 -5.79920006 2.36929989
43.0669022 -5.74567509 2.47592497
43.1446991 -5.65789986 2.65919995
43.0348015 -5.59849977 -1.70510006
43.1153984 -4.89139986 -1.69500005
43.1546249 -4.65334988 -1.72514999
43.0168991 -4.59950018 -1.68789995
43.1403999 -4.16489983 -1.73239994
43.125824 -3.89094996 -1.755
43.0248032 -3.68659997 -1.75230002
43.0881691 -3.57360005 -1.77353334
43.1483002 -3.06629992 -1.80180001
43.1730003 -2.87520003 -1.80480003
43.0056992 -2.99020004 -1.76279998
43.0712013 -2.61380005 -1.80369997
43.0063019 -2.26620007 -1.82210004
43.1299973 -1.71654999 -1.84535003
43.1082535 -1.48029995 -1.85105002
43.1216354 -1.27566671 -1.86316669
43.100174 -1.08747506 -1.86652493
43.0097008 -0.940199971 -0.317499995
43.0511017 -0.727450013 -1.89339995
43.0559998 -0.46419999 -1.88619995
43.039299 -0.232749999 -1.90019989
43.1742477 -0.0895999968 -1.91610003
43.2294006 -11.3172998 2.58710003
43.2700005 -11.1365995 2.6631999
43.2557983 -11.0481997 4.13770008
43.2308006 -10.9542999 4.13450003
43.210701 -10.6641998 1.93630004
43.2336998 -10.6562004 2.01489997
43.2202988 -10.6091995 2.94740009
43.2578011 -10.6380997 3.79200006
43.2201996 -10.7447996 3.92440009
43.2876816 -10.52666 1.29266
43.2865524 -10.4636002 1.46350002
43.2398987 -10.4312 1.84060001
43.2588005 -10.5705004 2.24970007
43.3960991 -10.4034004 3.75900006
43.3730011 -10.5956001 3.8835001
43.3235016 -10.3978004 1.32930005
43.2892609 -10.2787399 1.50528002
43.3622017 -10.3147001 1.72430003
43.219101 -10.3640003 1.91970003
43.2355003 -10.3339996 3.78780007
43.3498001 -10.1028996 1.51670003
43.3600006 -10.0832005 1.62234998
43.2715988 -10.1631002 2.09619999
43.3936005 -9.80020046 1.67359996
43.3224983 -9.84280014 2.66689992
43.2467003 -9.66839981 1.75055003
43.278801 -9.53540039 1.78349996
43.2027016 -9.49059963 2.9749999
43.3062515 -9.22439957 1.71274996
43.2682991 -9.30519962 2.55890012
43.2032013 -9.34290028 2.6164999
43.3325996 -9.29759979 2.81789994
43.2658501 -8.89595032 1.72020006
43.3193016 -8.90620041 1.84179997
43.2564011 -8.89260006 2.0710001
43.2428017 -8.80300045 3.56480002
43.3195496 -8.71179962 1.96689999
43.321701 -8.62250042 2.11089993
43.3791008 -8.43809986 1.41820002
43.3468246 -8.51869965 1.66247499
43.2548981 -8.26074982 1.67674994
43.3264008 -8.3212328 1.91946661
43.3047981 -8.2816 2.00169992
43.230751 -8.10944939 1.71560001
43.3264999 -8.0078001 1.97099996
43.2582016 -7.81279993 -0.671400011
43.3075485 -7.8178997 -0.478500009
43.216301 -7.87160015 -0.0656000003
43.3381996 -7.82060003 0.449499995
43.2400017 -7.82359982 0.717599988
43.3186989 -7.88354969 1.54150009
43.278801 -7.93340015 1.7414
43.2714996 -7.88030005 2.10590005
43.2537994 -7.82219982 4.04580021
43.3014679 -7.76603317 -0.682733357
43.2475815 -7.7351799 -0.488819987
43.3048134 -7.74388599 -0.298557132
43.2791328 -7.74986649 -0.118733332
43.3763008 -7.7579999 0.194700003
43.2929993 -7.73715019 0.323850006
43.3101158 -7.75836658 0.540666699
43.2813339 -7.73863316 0.674966693
43.3470993 -7.79879999 1.52769995
43.2909012 -7.6911664 1.64383328
43.3460999 -7.79580021 1.95529997
43.29105 -7.66259956 2.19225001
43.2764015 -7.66450024 2.27489996
43.2826004 -7.73120022 2.4454999
43.3340988 -7.77010012 4.25689983
43.3205986 -7.56330013 1.58570004
43.2784271 -7.51065016 1.72514999
43.3668976 -7.57530022 2.09880018
43.3554001 -7.32520008 1.4993
43.3850479 -7.35175037 1.72130001
43.3223991 -7.33365011 2.44204998
43.3862991 -7.03599977 -1.46370006
43.2252007 -7.06160021 -0.788399994
43.3642006 -7.18219995 1.71430004
43.3455238 -7.09364986 2.49714994
43.2883987 -6.82469988 -1.58959997
43.3500977 -6.82320023 -1.32934999
43.3633995 -6.81599998 -1.06459999
43.2497482 -6.91810036 -0.851999998
43.2296982 -6.8572998 -0.736500025
43.2942352 -6.87879992 3.85660005
43.2569008 -6.68435001 -1.61965001
43.2588997 -6.69325018 -1.58329999
43.3061676 -6.75216675 -1.29586661
43.2909431 -6.71885729 -1.10259998
43.3094215 -6.6979599 -0.915759981
43.2977486 -6.69400024 2.47720003
43.3434982 -6.73019981 3.72370005
43.2802353 -6.65509987 3.97370005
43.3464012 -6.68540001 4.12769985
43.2725487 -6.66944981 4.56285
43.3218002 -6.73699999 4.70389986
43.2075005 -6.55660009 -0.922500014
43.3265991 -6.55109978 -0.769900024
43.3322983 -6.59310007 3.94639993
43.2999001 -6.57229996 4.14160013
43.3706017 -6.52570009 4.30779982
43.3554001 -6.48390007 4.56750011
43.3106499 -6.50594997 4.6243
43.2819519 -6.34599972 2.43904996
43.2921982 -6.31054974 3.18085003
43.2814484 -6.29400015 3.31494999
43.2988663 -6.29139996 3.50683331
43.2430344 -6.23750019 3.65536666
43.3819008 -6.30289984 4.58659983
43.2718277 -6.27584314 4.71692848
43.3036346 -6.25493336 4.84353352
43.3448982 -6.07299995 -1.66320002
43.3325996 -6.07390022 2.39280009
43.2782478 -6.04959965 2.66437483
43.2884979 -6.17895031 3.50285006
43.2902527 -6.14710045 3.65215015
43.2802582 -6.15971994 4.90278006
43.3436012 -5.89680004 -1.70159996
43.3177338 -5.92166662 2.72616673
43.2504997 -5.84474993 2.86260009
43.3263741 -5.73029995 2.84207487
43.3227997 -4.39389992 -1.699
43.2606506 -4.09045029 -1.7581501
43.2554016 -3.28125 -1.79375005
43.2416992 -3.1725502 -1.7852
43.2855492 -2.91015005 -1.80834997
43.3431015 -2.89459991 -1.77090001
43.3558006 -2.71690011 -1.81369996
43.2005997 -2.57200003 -1.81309998
43.2366982 -2.43179989 -1.7823
43.257 -2.37140012 -1.83099997
43.3139992 -2.1868999 -1.79879999
43.272049 -1.89954996 -1.84115005
43.2747345 -1.70373333 -1.85863328
43.3356476 -1.1128 -1.86555004
43.2938995 -0.931699991 -0.266000003
43.2947693 -0.699866652 -1.88876665
43.2790985 -0.562600017 -1.90799999
43.3666 -0.236699998 -1.91579998
43.2966003 -0.100299999 -1.93260002
43.5191002 -11.0436001 2.87660003
43.4370995 -10.8985004 2.78590012
43.4273987 -10.6313 1.16369998
43.412899 -10.6092997 1.52859998
43.4550018 -10.7571001 2.95519996
43.5144997 -10.7377005 3.81599998
43.5303993 -10.5455999 1.19560003
43.4297752 -10.517375 1.32385004
43.4533348 -10.5118332 1.45956671
43.405899 -10.5644999 3.75230002
43.4460335 -10.2838335 1.50733328
43.4634018 -10.2062998 3.8440001
43.4594002 -10.0667 1.51769996
43.4889984 -10.1147499 1.75419998
43.5129013 -10.0051003 1.91050005
43.4472008 -10.0902004 2.10430002
43.5050011 -10.1964998 3.8513999
43.5239983 -9.82719994 2.64310002
43.5178986 -9.99429989 3.82690001
43.4981995 -9.70839977 1.54205
43.4137993 -9.69279957 1.64979994
43.4770012 -9.47679996 1.64219999
43.4219017 -9.4343996 1.81470001
43.5032997 -9.2954998 1.71863329
43.5142975 -9.37874985 2.55345011
43.4682007 -9.30220032 2.66210008
43.4931259 -9.07304955 1.66342497
43.5657997 -9.15929985 2.79839993
43.4762001 -8.93910027 1.36000001
43.5996017 -8.94460011 3.86120009
43.5603981 -8.65190029 0.977299988
43.5932007 -8.66839981 1.10010004
43.5158234 -8.72232533 1.26180005
43.4469986 -8.65359974 1.60699999
43.5578995 -8.58430004 1.05490005
43.5969009 -8.41419983 1.26240003
43.5866013 -8.49429989 1.56980002
43.4675522 -8.46929932 1.66120005
43.4286995 -8.48939991 2.02410007
43.5920982 -8.38379955 1.37670004
43.5085182 -8.3239336 1.51903331
43.5000992 -8.23149967 1.77859998
43.5914993 -8.35509968 1.97940004
43.5761986 -8.20370007 2.30870008
43.5424004 -8.1093502 1.46635008
43.4943008 -8.08180046 1.68036664
43.4348526 -8.18134975 1.90910006
43.5164986 -8.13956642 2.14526653
43.5345001 -8.16189957 4.6704998
43.4510994 -7.81860018 -0.186100006
43.4733505 -7.80319977 0.145950004
43.4841003 -7.81990004 0.37470001
43.4243011 -7.84929991 0.589100003
43.5292015 -7.80649996 1.33720005
43.5118675 -7.91816664 1.49590003
43.4974251 -7.89309978 2.10127497
43.5760994 -7.94820023 2.21359992
43.5470009 -7.76079988 -0.619499981
43.4887009 -7.75364971 -0.483624995
43.4472656 -7.73756647 -0.271999985
43.5112 -7.73778582 -0.0931285694
43.5115738 -7.75272512 0.0860499963
43.4842987 -7.71680021 0.255199999
43.5495987 -7.71707487 0.479525
43.479599 -7.77060032 0.683040023
43.5437508 -7.71420002 1.33150005
43.5129242 -7.67157507 1.50304997
43.5290756 -7.67552471 2.13692498
43.4301987 -7.76109982 4.01240015
43.5056343 -7.51716661 1.53713334
43.5200005 -7.4684 1.69190001
43.474968 -7.49779987 1.85749996
43.5770493 -7.51289988 2.02535009
43.5164604 -7.46863985 2.27067995
43.5283012 -7.28459978 -0.78579998
43.4592018 -7.30039978 1.59280002
43.485527 -7.33012486 1.67712498
43.5401001 -7.21449995 1.97969997
43.4958496 -7.23309994 2.26655006
43.4375496 -7.30159998 2.44390011
43.5773468 -7.06945038 -1.44595003
43.5145988 -7.08109999 -0.832300007
43.4061012 -7.18860006 1.83700001
43.5573997 -7.13770008 2.5703001
43.577652 -7.04225016 4.2248497
43.4740982 -6.95300007 -1.44550002
43.4995003 -6.84060001 -1.26789999
43.5335999 -6.81890011 -1.14603329
43.4750519 -6.83950043 4.14140034
43.5233002 -6.67679977 -1.63013339
43.5334015 -6.74499989 -1.50263333
43.5000191 -6.70440006 -1.30625999
43.5469513 -6.74520016 -1.05994999
43.5130501 -6.71790028 -0.914549947
43.4511986 -6.68100023 4.2342
43.5312004 -6.64610004 4.57085037
43.5632019 -6.59049988 -0.991299987
43.5630989 -6.40170002 2.3915
43.4039001 -6.51819992 3.69689989
43.4967651 -6.50889969 4.30366659
43.5491486 -6.48054981 4.4677
43.4977036 -6.48130035 4.70225
43.4158478 -6.47025013 4.87040043
43.4891014 -6.30214977 2.35605001
43.5887527 -6.29075003 2.41925001
43.5174484 -6.27670002 3.29414988
43.4792252 -6.29285002 3.47390008
43.4555016 -6.33059978 4.5788002
43.4337997 -6.28450012 4.79370022
43.5689011 -6.27449989 4.86980009
43.4760017 -6.21350002 5.02489996
43.4140015 -6.09639978 -1.6631
43.5486336 -6.05453348 2.46950006
43.4542999 -6.10379982 2.80719995
43.5023994 -6.17579985 3.50449991
43.4563484 -6.15985012 4.94999981
43.4091988 -6.17299986 5.07889986
43.4379654 -5.84549999 2.71799994
43.4786987 -5.81850004 2.90409994
43.5466995 -5.6624999 -1.68869996
43.5436401 -5.66275978 2.73989987
43.5693512 -5.75915003 2.87004995
43.5321007 -5.06029987 -1.71599996
43.5335007 -4.40560007 -1.75849998
43.5083237 -4.07060003 -1.75397503
43.5164986 -3.0539999 -1.79429996
43.4664001 -2.89249992 -1.79540002
43.5349007 -2.68799996 -1.82354999
43.4590645 -2.16530013 -1.83869994
43.5718994 -1.98720002 -1.84300005
43.5665016 -1.62129998 -1.88479996
43.4286003 -1.54200006 -1.85329998
43.4901314 -1.31623328 -1.88246667
43.4916 -1.05599999 -1.89579999
43.4291496 -0.863499999 -0.553250015
43.544548 -0.713 -1.92754996
43.5261993 -0.522000015 -1.92830002
43.5087662 -0.152899995 -1.91910005
43.6992989 -11.0134001 2.75690007
43.670002 -11.1008005 2.84850001
43.7193985 -11.0703001 3.09249997
43.6327515 -10.8539505 2.86584997
43.7546005 -10.0964499 1.70484996
43.7206001 -10.0635004 3.76209998
43.7876015 -10.1278 3.93470001
43.6982002 -9.96899986 3.85969996
43.6497993 -9.41650009 1.65970004
43.6525002 -9.29749966 1.51960003
43.7528992 -9.25730038 1.63499999
43.668766 -9.26536655 2.72656655
43.6039009 -9.22220039 2.86509991
43.6160011 -9.26010036 3.91429996
43.6446991 -9.05875015 1.51880002
43.6822014 -9.16180038 3.01609993
43.7271004 -8.87739944 1.26773334
43.6977997 -8.90426636 1.43906665
43.6711349 -8.70013332 0.955266654
43.6951523 -8.61680031 1.10584998
43.6651001 -8.64610004 1.28530002
43.6006012 -8.74569988 1.63339996
43.7080002 -8.56344986 1.13304996
43.6741257 -8.54392433 1.270625
43.7464981 -8.5053997 1.95589995
43.6884499 -8.41819954 2.04110003
43.7140007 -8.33769989 1.1401
43.7472687 -8.35706711 1.95926666
43.6928673 -8.25683308 2.08976674
43.7193985 -8.24720001 2.34870005
43.6217995 -8.21800041 4.97009993
43.7720985 -8.03950024 1.18429995
43.7564354 -8.1444664 1.26129997
43.610199 -8.09560013 1.45290005
43.6199989 -8.05910015 1.84739995
43.6802521 -8.0970993 2.1477499
43.6971016 -8.10569954 2.23569989
43.7346001 -8.12020016 3.77850008
43.7402992 -7.81099987 -0.558099985
43.6357002 -7.84180021 0.344999999
43.6363983 -7.8046999 0.401600003
43.7594986 -7.8579998 0.689800024
43.7186012 -7.90643311 1.16143334
43.6679344 -7.91096687 1.30236661
43.6181488 -7.88605022 2.09200001
43.7723007 -7.85200024 4.52080011
43.6912994 -7.75890017 -0.665499985
43.6958008 -7.75023317 -0.528133333
43.6475525 -7.74284983 -0.366100013
43.7208557 -7.74701405 -0.0928428546
43.7116661 -7.73820019 0.0744666681
43.685276 -7.76877499 0.276275009
43.7084999 -7.75279999 0.48089999
43.7477493 -7.76894999 0.693599999
43.7573013 -7.78739977 1.23930001
43.71875 -7.68217516 1.51646256
43.6039009 -7.60470009 1.64890003
43.6300011 -7.7253499 2.04445004
43.7528992 -7.62039995 2.22259998
43.6477013 -7.48869991 0.534300029
43.6770515 -7.51990032 1.92455006
43.709877 -7.49872494 2.13109994
43.6453018 -7.53900003 2.22280002
43.6300011 -7.50169992 2.62910008
43.7854996 -7.53760004 4.36980009
43.6761017 -7.32530022 -1.03869998
43.7967987 -7.30600023 -0.986400008
43.6541328 -7.38140011 1.92483342
43.6862679 -7.29783344 2.12603331
43.6755753 -7.35144997 2.35015011
43.7574005 -7.25769997 4.35249996
43.6144981 -7.35400009 4.42799997
43.6619034 -7.0165 -1.44370008
43.7380981 -7.00159979 2.1795001
43.6696014 -7.08059978 2.59209991
43.7359009 -7.01030016 4.47179985
43.7420006 -7.09310007 4.60029984
43.6745987 -6.8831501 -1.34815001
43.6197014 -6.81549978 -1.19219995
43.6522255 -6.83917522 -0.904974997
43.7495995 -6.94929981 2.32660007
43.604599 -6.9467001 2.47410011
43.6436996 -6.80189991 3.28539991
43.787899 -6.81419992 4.33059978
43.655201 -6.71990013 -1.63859999
43.7384987 -6.73184967 -1.54725003
43.6414986 -6.69000006 -1.3391
43.7002983 -6.72322512 -1.08515
43.6924019 -6.75999975 -0.930866659
43.7036514 -6.75650024 2.48484993
43.6678009 -6.77600002 4.21320009
43.6876984 -6.68300009 5.07410002
43.6400986 -6.58360004 -1.00399995
43.7159996 -6.58799982 2.49640012
43.7458992 -6.41219997 3.48149991
43.7713013 -6.45349979 4.38670015
43.7105255 -6.49197483 4.54325008
43.6178017 -6.50150013 4.6026001
43.7353973 -6.33450031 3.10339999
43.7192268 -6.32819986 3.29632497
43.7394981 -6.33920002 3.4066
43.731266 -6.35279989 4.50893354
43.7416992 -6.36550045 4.73859978
43.7420998 -6.27104998 4.90645027
43.6444016 -6.08459997 -1.61849999
43.6807213 -6.06438017 2.35000014
43.7099991 -6.00220013 2.44449997
43.6899986 -6.1894002 3.27130008
43.7005997 -5.85099983 -1.63919997
43.6969337 -5.89429998 2.51489997
43.6755486 -5.87142467 2.67382503
43.6883507 -5.83874989 2.87494993
43.6965485 -5.66584969 -1.68840003
43.7265358 -5.70386648 2.48250008
43.7285004 -5.71075726 2.69715714
43.6469002 -5.65287495 2.84647512
43.7830009 -5.70359993 3.04710007
43.6996002 -5.55404997 -1.75390005
43.7496986 -5.50943327 2.71989989
43.7336998 -5.52579975 2.90807509
43.782299 -5.5303998 3.02699995
43.7246475 -5.26159954 -1.727
43.7644501 -5.15049982 -1.68790007
43.703701 -4.58179998 -1.70220006
43.6685982 -4.08510017 -1.74870002
43.6801987 -3.9835999 -1.77429998
43.6870499 -3.71029997 -1.78744996
43.7835999 -3.5374999 -1.82350004
43.7274666 -3.09446669 -1.81883335
43.6909485 -3.08249998 -1.78224993
43.7313995 -2.92260003 -1.80620003
43.6492004 -2.91919994 -1.79890001
43.7998009 -2.47329998 -1.84969997
43.7599983 -2.11439991 -1.84189999
43.6783981 -1.88830006 -1.86233342
43.7951012 -1.61559999 -1.88300002
43.7798004 -1.25890005 -1.90380001
43.7631989 -1.01110005 -1.91100001
43.7069016 -1.0029 -0.566850007
43.7879982 -0.961600006 -0.323399991
43.6021004 -0.652400017 -1.89919996
43.6832008 -0.474175006 -1.926875
43.7331314 -0.118133336 -1.9307667
43.9520988 -12.5895996 0.929099977
43.9827003 -11.2066002 4.43930006
43.9953003 -11.3493004 4.75950003
43.8314018 -10.8900995 4.46689987
43.9515991 -10.5545998 3.54169989
43.9457512 -10.4804001 3.69180012
43.9051018 -10.4422998 3.8973
43.8311005 -10.1145 1.55589998
43.8699341 -10.0561333 1.64590001
43.8366013 -9.96793365 1.7421
43.9035988 -9.78069973 1.61319995
43.9063988 -9.61419964 3.55170012
43.9047012 -9.70839977 4.03669977
43.9525986 -9.42249966 2.53990006
43.8765488 -9.34070015 2.54705
43.9094009 -9.31290054 2.73635006
43.8862991 -9.26959991 2.8348999
43.803299 -9.03069973 2.70490003
43.8373985 -8.81019974 1.16320002
43.9734001 -8.93500042 1.46969998
43.8848 -8.73110008 0.938399971
43.9023323 -8.75136662 1.15149999
43.9307518 -8.69845009 3.05264997
43.8987999 -8.60249996 3.23379993
43.9748993 -8.63259983 3.73729992
43.9379997 -8.66539955 3.86420012
43.8637009 -8.44515038 1.06200004
43.8352013 -8.48690033 1.37020004
43.9119987 -8.59560013 1.49660003
43.9505997 -8.59879971 1.99860001
43.9594994 -8.52789974 3.2644999
43.8462982 -8.2986002 1.24319994
43.910099 -8.27509975 1.74549997
43.9534988 -8.25914955 1.96655011
43.9174347 -8.30526638 2.27150011
43.8619995 -8.09665012 1.34264994
43.8829994 -8.07909966 1.97619998
43.9748993 -8.0965004 2.18540001
43.8931999 -8.12849998 2.30935001
43.9280014 -8.07549953 3.75419998
43.8815994 -8.17590046 4.37869978
43.8723984 -7.88859987 -0.954900026
43.973999 -7.84859991 -0.630699992
43.9728012 -7.86800003 0.0881499946
43.9514008 -7.82324982 0.306900024
43.9504318 -7.84499979 0.458400011
43.9006996 -7.84549999 0.702799976
43.8744011 -7.83029985 1.18949997
43.9516487 -7.94740009 1.34194994
43.9048996 -7.9197998 1.44799995
43.8031006 -7.96829987 2.38649988
43.825901 -7.86749983 3.59660006
43.8703003 -7.8439002 4.52029991
43.8694 -7.74164963 -0.725449979
43.9403496 -7.69855022 -0.54914999
43.8987999 -7.7408247 -0.298675001
43.9139671 -7.73559999 -0.080066666
43.8285332 -7.76733351 0.126699999
43.9000473 -7.76049995 0.314050019
43.9123001 -7.76251984 0.516460001
43.885849 -7.74813318 0.700266659
43.987999 -7.67589998 1.28289998
43.9154167 -7.69430017 1.49106669
43.9878006 -7.78760004 2.82209992
43.8162994 -7.72679996 3.56769991
43.9590988 -7.68030024 3.76769996
43.8516464 -7.69509983 4.37084961
43.8998489 -7.74434996 4.55609989
43.9477997 -7.59450006 1.52590001
43.8548508 -7.50064993 2.11509991
43.8876991 -7.43769979 2.24799991
43.8017006 -7.4696002 4.6244998
43.8593025 -7.27286673 4.24410009
43.902401 -7.02853346 -1.44529998
43.8096008 -7.13679981 -1.34730005
43.9155006 -7.11740017 -0.851899981
43.9105492 -7.13990021 -0.76335001
43.9424973 -7.11244965 2.29902506
43.9584007 -7.15189981 2.46670008
43.8866348 -7.10743332 4.32200003
43.8740997 -7.05999994 4.56419992
43.9200783 -6.92905998 -1.47974002
43.8899002 -6.80369997 -1.1006
43.9451675 -6.89306688 -0.909600019
43.8734703 -6.88049984 2.31984282
43.8827019 -6.80380011 2.42000008
43.825901 -6.94339991 4.1729002
43.9608002 -6.8217001 4.38749981
43.9051323 -6.92159986 4.48403358
43.9095993 -6.65719986 -1.60979998
43.8455658 -6.73933363 -1.49683332
43.8410988 -6.77150011 -1.3391
43.9049988 -6.71689987 -1.12012005
43.9056015 -6.61850023 2.16950011
43.8671989 -6.7349 2.33940005
43.8501015 -6.74520016 2.50250006
43.8261986 -6.76690006 4.39349985
43.9208984 -6.71630001 4.52159977
43.8395996 -6.51719999 -1.70249999
43.9204483 -6.5159502 2.3979001
43.8754997 -6.48600006 2.40009999
43.8590469 -6.4763999 3.31694984
43.8561478 -6.47830009 4.37269974
43.8492203 -6.46205997 4.48479986
43.9315987 -6.47329998 4.64680004
43.8479996 -6.40719986 4.82980013
43.8027 -6.26000023 -1.66709995
43.8987999 -6.26090002 2.34925008
43.8978004 -6.31869984 3.08410001
43.8130989 -6.27050018 3.47659993
43.9561996 -6.38630009 4.38149977
43.840126 -6.30692482 4.55595016
43.8677826 -6.27054977 4.67560005
43.8813667 -6.31143332 4.90136671
43.813652 -6.06110001 -1.66260004
43.960701 -6.06356668 2.33706665
43.9431992 -5.9380002 -1.67400002
43.8758316 -5.93146658 2.35483336
43.8212013 -5.87519979 2.50489998
43.8846016 -5.82329988 2.6493001
43.8815994 -5.72489977 -1.71850002
43.8871689 -5.72295713 2.50088573
43.9102402 -5.70527983 2.66524005
43.8623009 -5.64699984 2.86669993
43.8698997 -5.58599997 -1.68610001
43.8624001 -5.48150015 2.58400011
43.8904991 -5.50326681 2.64713335
43.8940506 -5.50330019 2.86485004
43.9006424 -5.44015694 3.08145714
43.9159012 -5.37720013 -1.72079992
43.8535004 -5.3362999 2.6802001
43.9382019 -5.3210001 2.91293335
43.9185181 -5.29839993 3.12943339
43.9348488 -5.26095009 3.24419999
43.9037018 -5.1638999 -1.7579
43.8521996 -5.09889984 3.16829991
43.8811989 -4.38339996 -1.77180004
43.9520988 -3.97379994 -1.78610003
43.9169998 -3.60430002 -1.8046
43.9003487 -3.66275001 -1.78694999
43.8769989 -3.16899991 -1.77279997
43.8969002 -2.95619988 -1.80280006
43.9745026 -2.95625019 -1.79684997
43.9227982 -2.68945003 -1.83255005
43.9735985 -2.29189992 -1.82700002
43.9605484 -2.15565014 -1.84380007
43.9981995 -1.86790001 -1.88329995
43.9398689 -1.65640008 -1.87240005
43.9642982 -1.48930001 -1.87559998
43.9272003 -1.38010001 -1.89540005
43.9128494 -1.10014999 -1.92005002
43.8882523 -0.694900036 -1.90864992
43.9398994 -0.79400003 -0.587499976
43.911026 -0.492424995 -1.93427491
43.9401016 -0.220300004 -1.95290005
43.9175987 -0.1241 -1.95039999
44.1702003 -12.8640003 0.465449989
44.135601 -12.9109001 0.658699989
44.1487999 -12.6452999 0.479799986
44.0858994 -12.6341 0.790300012
44.0499001 -11.4062996 4.74529982
44.0603981 -11.1911001 4.46150017
44.1026001 -10.8725996 4.03730011
44.1571007 -10.9888 4.29460001
44.1136017 -10.9380999 4.47700024
44.0814514 -10.7696495 4.13860035
44.0724487 -10.5274506 3.77190018
44.0920982 -10.5387669 3.84336662
44.0685005 -10.1336002 1.66159999
44.0032005 -10.0143003 3.86310005
44.0802002 -9.98690033 1.83570004
44.0789986 -9.93700027 2.01259995
44.1139984 -9.85459995 3.71519995
44.0600014 -9.8032999 3.8190999
44.0951996 -9.91460037 4.21339989
44.1857529 -9.89004993 4.64445019
44.1095009 -9.72229958 1.84899998
44.1688004 -9.71339989 3.75250006
44.1980019 -9.73779964 4.69019985
44.1435013 -9.43340015 2.49729991
44.0696487 -9.38105011 2.47294998
44.1747017 -9.22029972 3.89890003
44.1492004 -9.3118 4.07989979
44.0054016 -9.02000046 1.57280004
44.0951996 -9.15270042 1.69700003
44.0724983 -9.13239956 2.03620005
44.1197662 -8.92700005 1.52590001
44.0929985 -8.70580006 1.57930005
44.1515007 -8.70686722 3.12993336
44.1950989 -8.7823 4.29279995
44.1400528 -8.5053997 3.24970007
44.1408997 -8.27099991 1.69904995
44.1176987 -8.31760025 1.92333341
44.1492653 -8.25819969 2.07279992
44.1827011 -8.31589985 3.31369996
44.0705986 -8.21459961 4.37099981
44.1584015 -8.32260036 4.48789978
44.1855011 -8.26399994 4.69250011
44.0600014 -8.0454998 -0.350899994
44.1784515 -8.08804989 1.72869992
44.1331253 -8.15027428 1.89482498
44.0602989 -8.14389992 2.04049993
44.1190987 -8.02449989 2.44280005
44.0686989 -8.19629955 4.51900005
44.0756989 -8.19620037 4.77460003
44.0676994 -7.97130013 -0.501299977
44.1208992 -7.88089991 -0.234599993
44.0667496 -7.84249973 0.129449993
44.0671005 -7.81519985 0.360500008
44.0079498 -7.95504999 1.31729996
44.0733986 -7.92259979 4.03249979
44.0289993 -7.92199993 4.37080002
44.0847015 -7.73719978 -0.970899999
44.0036011 -7.76660013 -0.634599984
44.0194664 -7.75960016 -0.528333306
44.0561333 -7.69456673 -0.117766663
44.0671501 -7.74667501 0.0631750003
44.075367 -7.6748333 0.353833318
44.0764008 -7.73740005 0.446200013
44.0737343 -7.76989985 0.66079998
44.0647011 -7.72039986 1.28199995
44.065834 -7.72480011 1.51726663
44.0270996 -7.58620024 -0.47420001
44.0484009 -7.5498333 1.5347333
44.1063004 -7.50400019 4.47279978
44.1733017 -7.21360016 -0.965600014
44.135601 -7.20639992 -0.797399998
44.0950317 -7.32653332 2.14103341
44.111702 -7.30025005 2.24915004
44.0969009 -7.28800011 2.4381001
44.040699 -7.36420012 2.65059996
44.0476685 -7.25479984 4.30700016
44.0233994 -7.04069996 -1.31620002
44.1581001 -7.16149998 -0.772599995
44.0287018 -7.05249977 2.07550001
44.1220474 -7.09335041 2.33839989
44.1161003 -7.17390013 2.45779991
44.1346512 -7.05175018 4.35299969
44.0998802 -6.93391991 -1.47326005
44.0765991 -6.80170012 -1.25380003
44.0307007 -6.84399986 -1.19420004
44.0645981 -6.80764961 -0.916849971
44.1195984 -6.95052528 4.29244995
44.1094742 -6.8989501 4.52330017
44.1035347 -6.71753311 -1.67546666
44.0958328 -6.74049997 -1.53756666
44.1357994 -6.67893314 -1.33840001
44.104702 -6.70252848 -1.14347148
44.0919495 -6.67355013 2.2817502
44.0924988 -6.71178007 4.50468016
44.0940018 -6.47074986 2.27539992
44.1702003 -6.57270002 4.39370012
44.1258163 -6.53103352 4.51305008
44.0990334 -6.49376678 4.65460014
44.1878014 -6.44180012 4.80690002
44.1449013 -6.21229982 -1.73660004
44.1710014 -6.21010017 2.17600012
44.0444489 -6.37020016 2.30080009
44.0979996 -6.39890003 4.54250002
44.0980988 -6.32717514 4.70895004
44.1008339 -6.28459978 4.86150026
44.122551 -6.21864986 5.12985039
44.1476326 -6.07123327 2.17373323
44.0606613 -6.10983992 2.29537988
44.0222015 -6.11439991 2.43269992
44.0755005 -6.09395027 2.88199997
44.0746346 -6.17420006 4.90933323
44.0942993 -6.0963335 5.09910011
44.0912018 -5.85270023 -1.70309997
44.1323013 -5.95170021 2.11030006
44.1601486 -5.90610027 2.20449996
44.1083984 -5.77190018 1.95420003
44.040699 -5.79610014 2.48110008
44.0579681 -5.65443325 2.67313337
44.0646973 -5.52145004 2.69554996
44.0660667 -5.49116659 2.89503336
44.0298996 -5.45459986 3.09719992
44.0032005 -5.2814002 -1.73899996
44.0671005 -5.37800026 2.88105011
44.0203018 -5.37879992 3.09229994
44.0609016 -4.94469976 -1.7974
44.0835495 -4.11499977 -1.77160001
44.0990982 -3.62809992 -1.77190006
44.1486015 -3.21600008 -1.79260004
44.141468 -3.05453324 -1.8349334
44.1581001 -3.06620002 -1.78269994
44.1913986 -2.74399996 -1.84060001
44.0904999 -2.15370011 -1.85415006
44.1213989 -1.65279996 -1.89310002
44.0620003 -1.29320002 -1.88660002
44.1749344 -1.11813331 -1.91163337
44.0733681 -0.858500004 -1.92480004
44.0287018 -0.99180001 -0.323199987
44.0778999 -0.668566644 -1.92680001
44.1555023 -0.560649991 -1.93000007
44.1104012 -0.105066665 -1.95899999
44.2693481 -12.8914003 0.474900007
44.3675995 -12.8247995 0.783500016
44.29105 -12.7294502 0.315249979
44.3569984 -12.7742004 0.620599985
44.3801994 -11.4591999 0.416700006
44.3120995 -11.514533 0.690400004
44.2881012 -11.2676506 4.92354965
44.2089005 -11.0898495 4.62825012
44.2826996 -11.1464005 4.91900015
44.3213005 -10.8615494 4.09649992
44.2616005 -10.8486004 4.2349
44.2486 -10.8747997 4.59030008
44.2445984 -10.9085999 5.14639997
44.3670006 -10.6346998 3.85479999
44.2747002 -10.6968002 4.23699999
44.3629494 -10.4247999 3.94315004
44.3350983 -10.4679003 4.10559988
44.2724991 -10.3319998 2.05209994
44.292099 -10.2192001 2.44039989
44.2229996 -10.2117004 3.9375999
44.341301 -10.2017002 4.00649977
44.3611984 -10.1651497 2.12185001
44.3141479 -10.1324997 2.33474994
44.344101 -10.1901999 2.40089989
44.2831001 -9.89150047 1.94439995
44.3986015 -9.97980022 3.82690001
44.3792 -9.89610004 4.03249979
44.3619003 -9.82419968 4.85809994
44.2440987 -9.78419971 1.76489997
44.3388977 -9.71844959 1.92974997
44.2453003 -9.7753334 2.09693336
44.2826004 -9.73604965 3.65155005
44.2871017 -9.69020081 4.05280018
44.3078995 -9.55150032 1.91079998
44.2854004 -9.47280025 3.5638001
44.3022003 -9.30850029 1.86010003
44.2811012 -9.33570004 2.5381
44.3008499 -9.15979958 1.4964
44.2318993 -9.05080032 1.71959996
44.2994003 -9.14389992 3.75460005
44.2999001 -9.06659985 3.97000003
44.2872009 -9.16189957 4.19259977
44.3552017 -8.80360031 1.43669999
44.3144989 -8.70464993 1.57564998
44.3040009 -8.66055012 1.71169996
44.2396011 -8.6953001 3.10560012
44.3053017 -8.60159969 3.77509999
44.2338982 -8.76159954 4.57110023
44.2677002 -8.40750027 1.58529997
44.3184662 -8.49440002 1.6590333
44.3800011 -8.52120018 3.74370003
44.3065987 -8.53670025 3.87639999
44.2652016 -8.27560043 1.54879999
44.3196983 -8.25380039 1.69620001
44.2891655 -8.30606651 1.84666669
44.2858276 -8.32057476 2.1498251
44.3148994 -8.24670029 3.36919999
44.2681503 -8.26690006 3.52764988
44.263401 -8.29300022 4.11609983
44.3588486 -8.31814957 4.49470043
44.3768997 -8.32369995 4.76830006
44.2015991 -8.01850033 1.39909995
44.2611008 -8.13869953 1.97090006
44.2834015 -8.18130016 3.28929996
44.3641014 -8.01984978 3.96229982
44.2991982 -8.13070011 4.1408
44.2659988 -7.92654991 1.36434996
44.3423004 -7.9440999 1.75979996
44.2046013 -7.78669977 1.50370002
44.2210999 -7.42490005 2.2658999
44.2469482 -7.31095028 2.14734983
44.256424 -7.34852505 2.25234985
44.3367004 -7.36089993 2.49169993
44.2784004 -7.32480001 2.81620002
44.3442993 -7.33729982 4.57420015
44.2675018 -7.2947998 4.78429985
44.2486992 -7.02559996 -1.52020001
44.3741989 -7.15450001 -0.83069998
44.2929649 -7.13161659 -0.736366689
44.2849998 -7.0532999 -0.575699985
44.2084007 -7.17679977 2.45379996
44.2536011 -7.07299995 4.38070011
44.343399 -7.10349989 4.6552
44.2633667 -6.87836647 -1.50080001
44.2130013 -6.81225014 -1.26289999
44.3017998 -6.86803341 -0.946133316
44.2449989 -6.96029997 4.19619989
44.3118515 -6.91905022 4.31614971
44.2703323 -6.86506653 4.49533319
44.3251495 -6.87190008 4.74415016
44.221199 -6.86619997 4.86049986
44.3440018 -6.76889992 -1.64489996
44.2742348 -6.70069981 -1.27550006
44.2924728 -6.73509979 -1.09842861
44.3209 -6.63329983 4.51230001
44.2685013 -6.6644001 4.60230017
44.3393478 -6.45025015 2.2486999
44.3443985 -6.49690008 2.79189992
44.2378769 -6.5091753 4.51434994
44.3144684 -6.46058321 4.74348354
44.3234673 -6.45653343 4.83563328
44.2094994 -6.28760004 2.15689993
44.2430496 -6.31470013 2.23764992
44.2686005 -6.36723328 4.73723316
44.2504997 -6.23999977 4.84704971
44.3928986 -6.19579983 -1.65059996
44.2775497 -6.0316 2.07375002
44.2828522 -6.04734993 2.35325003
44.213501 -6.05919981 2.45860004
44.2524986 -6.16330004 4.86630011
44.2010994 -5.91930008 -1.67540002
44.2941666 -5.8185668 2.16306663
44.2683601 -5.87097979 2.30383992
44.3064346 -5.88893318 2.51203346
44.3379021 -5.89700031 2.70994997
44.2991486 -5.72811651 2.30623341
44.294899 -5.78660011 2.61479998
44.3319016 -5.58409977 2.38849998
44.3115997 -4.89919996 -1.7392
44.3151016 -4.14639997 -1.77224994
44.3392982 -3.82730007 -1.83969998
44.2389984 -3.83470011 -1.78859997
44.2975502 -3.72455001 -1.78625
44.3605995 -3.59100008 -1.81449997
44.3551025 -3.11835003 -1.82314992
44.2462997 -2.98959994 -1.83759999
44.2431984 -2.24970007 -1.88610005
44.2932739 -2.12004995 -1.87057495
44.2905006 -1.71580005 -1.89525008
44.2501984 -1.43760002 -1.88329995
44.3123016 -1.29215002 -1.88485003
44.3503685 -1.07106662 -1.91009998
44.3675003 -0.837800026 -1.91805005
44.2004013 -0.880200028 -0.617699981
44.2360001 -0.934599996 -0.564599991
44.3064995 -0.923399985 -0.356999993
44.2999992 -0.636650026 -1.91744995
44.3230324 -0.549933314 -1.94079995
44.3311691 -0.284033328 -1.94340003
44.3212013 -0.108099997 -2.02119994
44.2983665 -0.144299999 -1.94630003
44.5270004 -13.2615004 -0.103399999
44.4121017 -12.8546 -0.0284000002
44.5337982 -12.8605003 0.356700003
44.573349 -12.7326002 -0.322049975
44.4532013 -12.7896004 1.01549995
44.5261002 -12.5654001 -0.0842000023
44.5966988 -12.2326002 0.0798000023
44.4634018 -11.5230999 -0.378899992
44.5707016 -11.5105495 -0.145199999
44.5273018 -11.4695997 0.137600005
44.5159531 -11.4707508 0.42839998
44.5049973 -11.5216503 0.723399997
44.5023003 -11.3999004 -0.288500011
44.5816994 -11.3972998 -0.142000005
44.5890007 -11.3979998 0.315299988
44.5550995 -10.8746004 4.29899979
44.4968643 -10.6654339 3.87773323
44.457531 -10.689167 4.11800003
44.5447998 -10.6793995 4.57699966
44.4766998 -10.7054996 4.89760017
44.4977989 -10.5649996 4.06269979
44.4599991 -10.5731506 4.22035027
44.504097 -10.4718494 4.54290009
44.5747986 -10.5193005 4.71029997
44.5085526 -10.4941502 4.84765005
44.4897995 -10.2882004 2.17429996
44.4838486 -10.2560997 2.48335004
44.485199 -10.1752005 2.12059999
44.5144997 -10.0248003 4.29379988
44.4510994 -10.1696997 4.50769997
44.4429665 -9.81746674 3.74349999
44.5116005 -9.91469955 4.21810007
44.438797 -9.65315056 3.71850014
44.4143982 -9.79819965 3.91079998
44.4942017 -9.52560043 2.27110004
44.5606995 -9.46730042 2.42519999
44.5266991 -9.40680027 2.67020011
44.4146004 -9.55280018 3.59739995
44.4020996 -9.24260044 1.7421
44.4883003 -9.31704998 2.30980015
44.4487 -9.37489986 2.45309997
44.4211998 -9.29279995 4.4612999
44.5361977 -9.11223316 3.97946668
44.4943008 -9.18309975 4.11460018
44.4704018 -9.11520004 4.47249985
44.4798012 -9.0532999 4.6395998
44.4748993 -8.97749996 1.92400002
44.4338989 -8.98349953 3.8822
44.4388008 -8.93410015 4.39410019
44.4668007 -8.98659992 4.73969984
44.5055008 -8.68449974 1.47510004
44.4978676 -8.69076729 1.69426668
44.4594002 -8.65929985 1.80999994
44.5643005 -8.63379955 3.24629998
44.530899 -8.60029984 3.5539
44.5215988 -8.79430008 3.92330003
44.5464478 -8.72469997 4.5340004
44.4552994 -8.47420025 1.74319994
44.4636993 -8.40149975 1.94690001
44.4449005 -8.51599979 3.1953001
44.4910011 -8.58479977 3.31340003
44.4984016 -8.49100018 3.74049997
44.5564003 -8.4208498 4.12010002
44.5892982 -8.56519985 4.33309984
44.5653992 -8.48530006 4.46850014
44.4883995 -8.47389984 4.63530016
44.415699 -8.30360031 1.671
44.4077988 -8.34625053 2.13590002
44.5275993 -8.39640045 3.35579991
44.5555 -8.36310005 3.46690011
44.5242996 -8.26683331 3.93160009
44.5620003 -8.29370022 4.02220011
44.4539986 -8.3920002 4.3973999
44.5727997 -8.33479977 4.50710011
44.4194984 -8.30020046 4.88369989
44.4992981 -8.16909981 1.76409996
44.5311012 -8.0777998 3.35630012
44.4480019 -8.01930046 3.86689997
44.5066986 -8.07654953 4.11229992
44.4444008 -8.16689968 4.23050022
44.5391006 -7.88969994 4.1244998
44.452301 -7.87144995 4.32734966
44.4033012 -7.43340015 2.31159997
44.5045013 -7.07629967 -0.826550007
44.4766998 -7.09490013 -0.692200005
44.4600487 -6.81264973 -1.49915004
44.4884987 -6.89260006 -0.913699985
44.4525986 -6.88579988 4.39470005
44.402401 -6.97849989 4.73129988
44.5382996 -6.73659992 -1.6523
44.4903984 -6.70230007 -1.50890005
44.4784813 -6.73640013 -1.28382003
44.4869003 -6.73092508 -1.0898
44.4741516 -6.69939995 -0.982949972
44.4438019 -6.66470003 2.58949995
44.4367981 -6.77790022 4.50930023
44.4319992 -6.71869993 4.61920023
44.4272003 -6.41599989 2.37220001
44.4109993 -6.46439981 2.42519999
44.4790993 -6.55980015 4.7823
44.482048 -6.51809978 4.87435007
44.4964981 -6.39319992 -1.62469995
44.5013504 -6.33739996 2.28200006
44.408699 -6.2809 2.57540011
44.4824982 -6.32289982 2.67440009
44.5755997 -6.16629982 -1.68610001
44.4407654 -5.86466646 2.34389997
44.4577332 -5.91826677 2.47710013
44.5067978 -5.84047508 2.687325
44.5245514 -5.70030022 -1.72204995
44.4420013 -5.68009996 2.34614992
44.5161018 -5.74410009 2.48079991
44.5042992 -5.75061226 2.6712749
44.5289001 -5.79260015 2.85299993
44.5734024 -5.28805017 -1.76040006
44.5725021 -4.69675016 -1.77869999
44.5388985 -4.33879995 -1.78120005
44.4317017 -4.0145998 -1.8003
44.4747009 -3.80480003 -1.81350005
44.5713997 -3.66529989 -1.81760001
44.4426994 -3.74760008 -1.77040005
44.4889526 -3.30865002 -1.81830001
44.5322495 -3.11385012 -1.83034992
44.5480003 -2.81049991 -1.83179998
44.4978676 -2.73096681 -1.83940005
44.5045509 -2.27285004 -1.87030005
44.4925346 -2.17353344 -1.87049997
44.450901 -1.80320001 -1.87399995
44.520874 -1.72665 -1.88287497
44.4993973 -1.45709991 -1.88185
44.5193481 -1.28769994 -1.90280008
44.5482254 -1.07404995 -1.93480003
44.5708008 -0.800499976 -1.93900001
44.5505524 -0.676450014 -1.94787502
44.5273018 -0.753000021 -0.64230001
44.5560989 -0.751600027 -0.451299995
44.5400009 -0.757799983 -0.367000014
44.5046005 -0.560299993 -1.92680001
44.4805984 -0.344999999 -1.95079994
44.4599991 -0.161466673 -1.94220006
44.6082001 -14.1120005 -0.0214000009
44.7941017 -14.0909004 0.284399986
44.7513313 -13.9485664 -0.0764666647
44.7588997 -13.4629993 0.107299998
44.7332497 -13.4665499 0.296099991
44.7024002 -13.4294004 0.743099988
44.7411003 -13.2330999 0.0983999968
44.6911011 -12.6775999 -0.230800003
44.6282005 -12.276 -0.057599999
44.6381989 -12.1703997 -0.0496000014
44.7565994 -12.044775 0.314550012
44.7707977 -12.0239496 0.478349984
44.7068024 -12.0510998 1.06795001
44.7459984 -11.9006004 0.637000024
44.6904335 -11.4400997 -0.0566333346
44.6674004 -11.4242001 0.118500002
44.6824646 -11.4175005 0.327199996
44.6297989 -11.4046497 0.483749986
44.7865982 -11.4426003 0.646200001
44.651001 -11.4066 0.803499997
44.6651993 -11.2895002 -0.258049995
44.7439003 -11.3450499 -0.105949998
44.6996002 -11.3316994 0.0483499989
44.7150002 -11.3466997 0.237599999
44.7046738 -11.3289747 0.440950006
44.6276016 -11.0080004 4.10519981
44.6861 -10.4334002 4.54769993
44.6441002 -10.4870005 4.6099
44.7108002 -10.2561998 4.40049982
44.7528 -10.0740004 3.77390003
44.6497002 -10.0616999 3.85384989
44.7400017 -10.1309996 4.24700022
44.6689339 -9.91609955 3.95749998
44.7583008 -9.91049957 4.1171999
44.6128998 -9.37469959 2.51999998
44.7840004 -9.05049992 1.90400004
44.6068001 -9.02099991 3.8908
44.7339478 -9.07695007 4.15534973
44.7422981 -9.00399971 4.44740009
44.7243996 -9.00269985 4.84049988
44.7057991 -8.84759998 1.68920004
44.6471481 -8.9789505 2.04064989
44.6259995 -8.90674973 3.98230004
44.6185989 -8.9059 4.11870003
44.6991005 -8.94804955 4.31970024
44.7200508 -8.90814972 4.54765034
44.676651 -8.81270027 4.69684982
44.6175995 -8.6637001 1.59159994
44.6288681 -8.64693356 1.70436668
44.6902008 -8.69989967 3.37019992
44.7123985 -8.73579979 3.4605
44.6922684 -8.67276669 4.64083338
44.6734772 -8.46949959 4.51070023
44.7133255 -8.50232506 4.6803751
44.7205009 -8.34423351 4.72543335
44.7494316 -8.305233 4.85466671
44.6277008 -7.83729982 4.29320002
44.7084999 -7.68930006 4.22830009
44.6820488 -7.06678295 -0.842883348
44.6926994 -7.07609987 -0.74089998
44.6787491 -6.86189985 -0.976300001
44.6839981 -6.73566675 -1.66273332
44.6923752 -6.7361002 -1.55467498
44.6613007 -6.73199987 -1.29906666
44.6900597 -6.73716021 -1.09203994
44.6693993 -6.69630003 -0.940800011
44.6012993 -6.47879982 2.37249994
44.6679497 -6.52005005 2.54060006
44.7607994 -6.34630013 -1.71370006
44.7072983 -6.36359978 2.50059986
44.6877327 -6.33550024 2.64483333
44.7134018 -6.05229998 2.61089993
44.6736984 -5.89280033 -1.72070003
44.7150726 -5.82922506 2.50347495
44.7043991 -5.86324978 2.65369987
44.7901001 -5.79540014 2.67050004
44.7187996 -5.46315002 -1.75644994
44.7939491 -5.29150009 -1.72179997
44.667099 -4.80959988 -1.70560002
44.6405983 -4.76020002 -1.75699997
44.6817474 -4.17875004 -1.77775002
44.6110992 -3.66219997 -1.79680002
44.7775993 -3.56690001 -1.81470001
44.6335983 -3.5151 -1.78709996
44.7039337 -2.70709991 -1.8725667
44.6678009 -2.48460007 -1.86249995
44.743248 -2.25890017 -1.86170006
44.6652985 -2.12354994 -1.87459993
44.6666985 -1.9641 -1.88549995
44.6902008 -1.66719997 -1.90380001
44.6890488 -1.37360001 -1.8901
44.6293983 -1.19990003 -1.90929997
44.7876015 -1.01139998 -0.686200023
44.7812004 -0.959500015 -1.94410002
44.7877998 -0.853100002 -0.692900002
44.6618996 -0.887899995 -0.418199986
44.6453018 -0.921400011 -0.277200013
44.7426338 -0.674666643 -1.94840002
44.6162987 -0.56370002 -1.93050003
44.6200981 -0.311500013 -1.94589996
44.735199 -0.183449998 -1.94834995
44.8469658 -14.0421 -0.164266661
44.8484993 -14.0187998 0.0768000036
44.8764 -14.0282001 0.415399998
44.9762001 -13.8774004 -0.0724000037
44.8528671 -13.8951998 0.152999997
44.9006004 -13.8795996 0.336800009
44.9162254 -13.8943996 0.518025041
44.8514328 -13.875 0.641533315
44.9483986 -13.7455997 0.565299988
44.9179001 -13.6880999 0.690750003
44.9971008 -13.7972002 0.9472
44.9548988 -13.5 -0.0736000016
44.8386002 -13.5755997 0.308899999
44.9688988 -13.5836 0.681100011
44.9164009 -13.4106998 0.98210001
44.8366508 -13.3025999 0.0660500005
44.888401 -13.3554001 0.548266649
44.8955002 -13.37675 0.757449985
44.8614731 -12.0921745 0.0537
44.8466988 -12.0649996 0.207599998
44.8061981 -12.0276003 0.797200024
44.8492012 -12.0002003 0.893700004
44.9067993 -11.9699001 -0.0537
44.8941994 -11.9954004 0.0856999978
44.8176994 -11.8971004 0.296299994
44.8990479 -11.9611502 0.480350018
44.8372498 -11.96525 0.710950017
44.9037018 -11.9624004 0.829300046
44.8236008 -11.4513998 0.602900028
44.8791008 -11.3761997 -0.107199997
44.8023987 -11.3808002 0.226500005
44.8399506 -11.3465004 0.522300005
44.9612999 -11.2839003 0.666499972
44.9086494 -11.3358002 0.937250018
44.8328018 -10.2432003 4.59049988
44.8297997 -10.3923998 4.68610001
44.8651009 -10.0127001 4.07509995
44.9025002 -9.99969959 4.17469978
44.8703499 -9.13660049 3.96390009
44.8406982 -9.18150043 4.03030014
44.8146019 -8.92259979 3.75180006
44.8861504 -8.9157505 4.10220003
44.8030014 -8.80239964 4.2342
44.8123016 -8.49009991 4.80670023
44.8722992 -8.27980042 4.51289988
44.8712006 -8.34976673 4.65816689
44.9194984 -8.29419994 4.86059999
44.9343987 -7.44309998 -0.716799974
44.9564018 -7.39489985 -0.801400006
44.892601 -7.34130001 -0.679049969
44.8209991 -7.02409983 -0.86680001
44.9425011 -6.81239986 -1.05770004
44.9273682 -6.86619997 -0.851300001
44.9039993 -6.75955009 -1.62094998
44.9212685 -6.76416683 -1.49650002
44.9289017 -6.71945 -1.34127498
44.8732986 -6.75955009 -1.08945
44.8925018 -6.48880005 -1.72679996
44.8005981 -6.43760014 2.523
44.8984985 -6.14576674 -1.71516669
44.9321518 -5.85739994 -1.72059989
44.8049011 -5.83529997 2.56929994
44.9267006 -5.63369989 -1.745
44.8175011 -5.58739996 -1.69700003
44.9075012 -5.35830021 -1.73740005
44.8330498 -4.6222496 -1.76129997
44.8390503 -4.28635025 -1.78259993
44.9501991 -4.17700005 -1.8118
44.8462982 -3.61750007 -1.81990004
44.9340515 -3.67479992 -1.77664995
44.9556999 -3.22869992 -1.84070003
44.957901 -3.3736999 -1.7816
44.9170685 -3.14680004 -1.8610667
44.9032516 -2.64170003 -1.86474991
44.9424515 -2.53359985 -1.86454999
44.9492493 -2.07149982 -1.89300001
44.8773003 -1.69620001 -1.91330004
44.9379997 -1.53890002 -1.90670002
44.9281998 -1.26034999 -1.93930006
44.8524017 -0.824400008 -0.428600013
44.8237 -0.79430002 -1.94749999
44.9630013 -0.778400004 -0.601499975
44.9153976 -0.479750007 -1.94949996
44.9656982 -0.237200007 -1.97249997
44.8227997 -0.0991000012 -1.97969997
45.0211983 -13.7349005 0.768400013
45.0236015 -13.7249002 0.886200011
45.0079994 -13.4152002 0.636200011
45.0438995 -13.5895996 0.846899986
45.0332985 -10.0462999 4.08109999
45.0485497 -10.0970001 4.33644962
45.0453987 -7.43370008 -0.612299979
45.0930748 -7.33284998 -0.712350011
45.0280991 -7.11880016 -0.8495
45.1297493 -6.83925009 -1.52145004
45.134201 -6.91860008 -1.38654995
45.047699 -6.86320019 -1.09930003
45.0363998 -6.86670017 -0.913100004
45.0942993 -6.74163342 -1.67253339
45.0950012 -6.75532484 -1.50197506
45.0881653 -6.73760033 -1.31396663
45.0831757 -6.750175 -1.07467508
45.0136986 -6.75220013 -0.987500012
45.1310501 -5.86530018 -1.72500002
45.021801 -5.46784973 -1.77670002
45.1455994 -5.34539986 -1.72309995
45.0371017 -5.17339993 -1.76199996
45.0733986 -4.64499998 -1.80509996
45.0317993 -4.72009993 -1.76030004
45.1983986 -4.40180016 -1.79770005
45.1889992 -4.28480005 -1.78439999
45.1696014 -3.75830007 -1.84459996
45.0330009 -3.3591001 -1.82500005
45.1883011 -3.17580009 -1.85300004
45.0157013 -2.85349989 -1.87899995
45.1217995 -2.7506001 -1.86559999
45.1037521 -2.46549988 -1.87905002
45.0466003 -1.93040001 -1.90110004
45.1414986 -1.68509996 -1.90939999
45.1531982 -1.59749997 -1.93499994
45.0941505 -1.28294992 -1.94350004
45.0640984 -1.09539998 -1.93313336
45.0853004 -0.898100019 -1.95350003
45.1766014 -0.824199975 -0.609600008
45.1080017 -0.971599996 -0.449499995
45.0360336 -0.909266651 -0.343266666
45.0555 -0.647733331 -1.94550002
45.100853 -0.472950011 -1.97580004
45.1554985 -0.256599993 -1.98210001
45.1867981 -0.119499996 -1.99319994
45.3737984 -13.1731005 0.523299992
45.3237 -12.0235996 0.264800012
45.3488007 -7.19659996 -0.827099979
45.3742523 -6.85995007 -1.62435007
45.2807465 -6.81309986 -1.50999999
45.2151985 -6.81339979 -1.32070005
45.3661003 -6.80149984 -1.03269994
45.2834015 -6.68502522 -1.70802498
45.3869019 -6.68730021 -1.41849995
45.2859192 -6.75966644 -1.30550003
45.3072205 -6.69053984 -1.05807996
45.2953987 -6.7895999 -0.900300026
45.2117004 -6.40019989 -1.71280003
45.2621994 -6.12330008 -1.676
45.3019981 -5.44059992 -1.77929997
45.2876968 -5.26710033 -1.75744998
45.3667984 -5.1269002 -1.81050003
45.3406982 -4.71000004 -1.80219996
45.2887001 -4.63520002 -1.77364993
45.202301 -4.56510019 -1.81449997
45.3161011 -4.24705029 -1.78320003
45.3984985 -4.15549994 -1.78910005
45.2761002 -3.86849999 -1.81470001
45.2229996 -3.71199989 -1.86059999
45.3128014 -3.71469998 -1.79999995
45.3782005 -3.28119993 -1.81850004
45.3381004 -3.11059999 -1.87320006
45.3670998 -2.94009995 -1.88730001
45.2289009 -2.72315001 -1.84370005
45.3262024 -2.3059001 -1.89619994
45.2006989 -1.99590003 -1.90359998
45.2389984 -1.73670006 -1.87750006
45.2299995 -1.41980004 -1.94819999
45.3359489 -1.3447001 -1.94060004
45.3120003 -1.16349995 -1.92390001
45.2450981 -1.02199996 -0.34889999
45.3419991 -0.892199993 -0.458900005
45.330101 -0.953700006 -0.195199996
45.3212509 -0.730000019 -1.95564997
45.3713989 -0.552566648 -1.96436667
45.282135 -0.245499998 -1.96210003
45.346199 -0.152799994 -2.00329995
45.260498 -0.116150007 -1.99189997
45.5340004 -15.2589998 -1.12360001
45.4780006 -14.8162003 -0.646000028
45.4487 -14.6681004 -0.33129999
45.5158005 -13.3754997 0.1919
45.5872002 -13.2670002 0.345600009
45.4654999 -13.1076002 0.56129998
45.584301 -12.3885002 0.0447999984
45.5425987 -12.007 -0.291700006
45.5836983 -12.1576004 -0.137199998
45.53405 -12.0662498 0.165199995
45.5139503 -11.8892002 0.284099996
45.5390015 -11.9392004 0.65200001
45.4935684 -11.7390995 0.302633345
45.5055008 -11.4001999 -0.0920000002
45.5750008 -11.3150997 -0.237599999
45.4034996 -7.18179989 -0.830600023
45.4445496 -6.83290005 -1.61590004
45.5735512 -6.82130003 -1.46869993
45.4772682 -6.81990004 -1.34810007
45.5346985 -6.81230021 -1.13789999
45.4662018 -6.81640005 -0.953599989
45.5432014 -6.78620005 -1.67589998
45.4277 -6.64419985 -1.41330004
45.4926224 -6.70374012 -1.06527996
45.453598 -6.28190041 -1.72175002
45.4929504 -5.86999989 -1.72944999
45.4987984 -5.77689981 -1.73469996
45.5060997 -4.68340015 -1.80289996
45.5877991 -4.73719978 -1.79719996
45.5710526 -2.75379992 -1.88435006
45.5788002 -2.44199991 -1.84920001
45.5474014 -2.30879998 -1.89090002
45.4756012 -2.10444999 -1.9068501
45.4029999 -1.81130004 -1.8786
45.4590988 -1.6947 -1.90915
45.5636978 -1.31270003 -1.9224
45.499649 -1.13154995 -1.95235002
45.4191017 -0.895099998 -0.622200012
45.4916 -0.962199986 -0.416200012
45.5458984 -0.946399987 -0.288500011
45.5180664 -0.694899976 -1.97363329
45.5032997 -0.563950002 -1.97965002
45.5923004 -0.059799999 -2.00119996
45.528801 -0.149599999 -1.98640001
45.7666473 -13.5478001 0.127299994
45.7855988 -13.3402004 -0.250200003
45.714798 -13.3184004 0.075000003
45.7015686 -13.3164997 0.333800018
45.7035675 -13.1279001 -0.0632999986
45.6831512 -13.1095257 0.244674996
45.7213974 -12.8836994 0.386250019
45.6618996 -12.7454004 0.582499981
45.709301 -12.3133001 -0.27700001
45.6902466 -12.2831001 -0.136399999
45.7307014 -12.1891003 -0.275999993
45.7221489 -12.1194668 -0.0852833316
45.6969337 -12.0981665 0.100533336
45.7293472 -12.0613003 0.347450018
45.7270012 -12.0398998 0.646600008
45.6602478 -11.9195995 -0.32099998
45.7384987 -11.9591999 -0.0627000034
45.689949 -11.93435 0.0874499977
45.6963005 -11.9267397 0.267379999
45.7882004 -11.9829998 0.759599984
45.6809998 -11.8457003 0.809099972
45.7585983 -11.7042007 -0.0995000005
45.6581993 -11.6160002 0.0518999994
45.691452 -11.7089996 0.35255
45.7745018 -11.6337004 0.558799982
45.7481003 -11.4356003 -0.240500003
45.7621002 -11.4820004 -0.0186999999
45.6619644 -11.4846334 0.0640999973
45.7397308 -11.534833 0.272233337
45.7653503 -11.5169506 0.500649989
45.7178497 -11.4411497 0.912500024
45.7342529 -11.3813496 -0.112049997
45.6789017 -11.3801003 0.27610001
45.7479477 -11.3782997 0.728950024
45.7161789 -6.91866016 -1.49207997
45.6997337 -6.84950018 -1.28956664
45.6529007 -6.84320021 -1.05200005
45.6965485 -6.85330009 -0.942550004
45.6532593 -6.73722029 -1.6825
45.635498 -6.73260021 -1.31060004
45.7154236 -6.73102522 -1.12160003
45.6620026 -6.70110035 -0.898450017
45.6228981 -5.77139997 -1.74890006
45.7190475 -5.22930002 -1.78639996
45.714901 -5.11780024 -1.85619998
45.6366005 -5.1578002 -1.75039995
45.7421989 -4.80299997 -1.75890005
45.6439018 -4.58599997 -1.86090004
45.7310982 -4.54890013 -1.77429998
45.7798004 -4.10419989 -1.84310007
45.7947006 -3.83769989 -1.85319996
45.6569519 -3.75495005 -1.84115005
45.6680984 -3.77959991 -1.79789996
45.7829018 -3.13630009 -1.87989998
45.7610016 -2.88089991 -1.84175003
45.7823982 -2.77069998 -1.87199998
45.6723671 -2.52293324 -1.88863325
45.7741013 -2.12160015 -1.92289996
45.70755 -1.92159998 -1.91250002
45.6665001 -1.625 -1.95480001
45.6777992 -1.31774998 -1.93470001
45.719101 -1.21200001 -0.646799982
45.7691002 -1.00349998 -1.98950005
45.7818985 -1.18789995 -0.457100004
45.7456017 -1.1516 -0.324600011
45.6753998 -0.853999972 -1.9605
45.6105995 -0.95539999 -0.418000013
45.6764526 -0.651100039 -1.96499991
45.6421509 -0.529000044 -1.97494996
45.6874352 -0.272733331 -1.96350002
45.6789474 -0.0239000004 -2.00570011
45.6487007 -0.161400005 -1.99460006
45.8993988 -13.6227999 -0.292899996
45.8934479 -13.5377007 -0.514450014
45.9014015 -13.4061003 -0.295100003
45.8773727 -13.5156002 -0.114550002
45.8511009 -13.0184002 0.340900004
45.9093018 -12.8534002 0.630299985
45.9370995 -12.5452995 -0.305599988
45.8669014 -12.2664003 -0.485599995
45.8704987 -12.3603001 -0.174799994
45.8190994 -12.0611 -0.6602
45.8102989 -12.1246004 -0.0788000003
45.8568993 -11.9926004 -0.567600012
45.9194984 -11.8839998 -0.340000004
45.835701 -11.9609003 0.124700002
45.8328018 -11.9863005 0.332399994
45.9196014 -11.9503002 0.518100023
45.8479004 -11.8915997 0.82190001
45.9793015 -11.6701002 -0.410400003
45.9115982 -11.7282 -0.3653
45.8746986 -11.7877998 -0.155699998
45.8237991 -11.6541004 0.677100003
45.90205 -11.5472507 -0.261550009
45.8930511 -11.5216255 -0.145950004
45.8930969 -11.4974003 0.0952000022
45.8788261 -11.4616499 0.327275008
45.8813019 -11.2326002 -0.429899991
45.9106331 -11.3404999 -0.228966668
45.8544006 -11.3473501 -0.131449997
45.9059334 -11.3527336 0.0573000014
45.9078979 -11.3736496 0.331349999
45.8693008 -11.3502665 0.492466658
45.9293671 -11.3288336 0.638466656
45.9483643 -11.2842665 0.880966663
45.9500999 -10.8922005 -0.873399973
45.9814987 -10.8709002 0.340200007
45.9407997 -7.03380013 -0.86500001
45.9847984 -6.84200001 -1.61319995
45.8977661 -6.88546658 -1.54439998
45.8739471 -6.92315006 -1.32554996
45.8064995 -6.80620003 -1.13450003
45.8512993 -6.87883329 -0.957700014
45.8921318 -6.7354002 -1.7015667
45.8851242 -6.75997496 -1.25112498
45.8677483 -6.72392511 -1.10567498
45.851799 -6.76539993 -0.924899995
45.9033012 -6.10279989 -1.7658
45.9001999 -5.91480017 -1.79649997
45.8274002 -5.60099983 -1.79200006
45.801899 -5.11269999 -1.79139996
45.8437004 -4.68599987 -1.80569994
45.8801003 -4.25390005 -1.81070006
45.9062996 -4.12060022 -1.86109996
45.8748016 -3.27484989 -1.86759996
45.8969002 -2.30046678 -1.91400003
45.9477997 -2.18580008 -1.90970004
45.881424 -1.89705002 -1.93554997
45.8912315 -1.48843336 -1.96079993
45.9252014 -1.28779995 -1.94869995
45.8677673 -1.09216666 -1.97393334
45.8665009 -1.01100004 -0.63440001
45.9020004 -1.00779998 -0.41839999
45.9929008 -1.17929995 -0.241799995
45.9215012 -0.826200008 -1.98440003
45.8536987 -0.691033304 -1.96560001
45.8527527 -0.28125 -1.98724997
45.9420319 -0.158566669 -2.01999998
45.8581009 -0.0852999985 -1.99849999
46.1944008 -15.0657997 -0.963999987
46.0458984 -14.4531002 -0.4102
46.1791992 -14.3964996 -0.367599994
46.1422005 -13.8471003 -0.327699989
46.1123009 -11.4771996 -0.460700005
46.0045013 -11.4932003 0.253600001
46.1259003 -11.3125 -0.625500023
46.0901985 -11.3633003 -0.4278
46.0588989 -11.31775 -0.349550009
46.1225014 -11.2684669 -0.0898333341
46.0817261 -11.3301754 0.114624999
46.1441269 -11.2865753 0.322775006
46.0653 -11.2607002 0.585099995
46.1068001 -11.2596998 0.684099972
46.0377998 -11.2678003 0.820150018
46.0777016 -11.1430998 -0.820200026
46.1870003 -11.0869999 -0.120999999
46.0168991 -11.0115004 0.171200007
46.141098 -11.1093998 0.310400009
46.0879974 -11.1447506 0.596000016
46.1042519 -11.1119003 0.738700032
46.0918655 -11.1304331 0.863699973
46.1282997 -10.7397003 -0.816399992
46.0333481 -6.84459972 -1.65744996
46.1374512 -6.82439995 -1.52104998
46.0801506 -6.82264996 -1.26775002
46.1829987 -6.8295002 -1.19760001
46.0789261 -6.89939976 -0.913774967
46.1762009 -6.70410013 -1.70389998
46.1888008 -6.72039986 -1.49820006
46.0817986 -6.73859978 -1.33445001
46.0069008 -6.64569998 -0.89200002
46.0414009 -6.50759983 -1.23150003
46.0800514 -6.2965498 -1.71775007
46.1958008 -6.16800022 -1.76090002
46.1420517 -5.9850502 -1.75395
46.0954018 -5.44899988 -1.76789999
46.0386009 -5.26130009 -1.84519994
46.1921005 -4.26420021 -1.86000001
46.0856018 -3.81349993 -1.82869995
46.1527481 -3.69985008 -1.82605004
46.0930672 -3.51646662 -1.85086668
46.0603485 -3.11509991 -1.86430001
46.0766983 -2.89319992 -1.96420002
46.1461983 -2.77940011 -1.87259996
46.0699501 -2.50114989 -1.8937
46.1091003 -2.26399994 -1.90384996
46.0662003 -1.82325006 -1.95125008
46.1418495 -1.64045 -1.94365001
46.0621986 -1.58060002 -1.94299996
46.1705475 -1.32439995 -1.954
46.1777 -1.24170005 -0.619899988
46.0360985 -1.07379997 -1.97360003
46.035099 -1.0618 -0.545300007
46.0220985 -0.925999999 -1.95570004
46.0645027 -0.340499997 -1.98570001
46.0969009 -0.173899993 -2.01740003
46.3214989 -15.0802002 -1.28699994
46.2356987 -14.9609003 -0.771600008
46.2541008 -14.3305998 -0.2447
46.3524017 -11.4106998 0.834699988
46.2549248 -11.3040247 -0.276899993
46.2825012 -11.2586002 -0.122933336
46.268898 -11.2362995 0.172250003
46.2421989 -11.2566004 0.2042
46.2150002 -11.2533998 0.440800011
46.3221512 -11.3171501 0.859950006
46.2489014 -11.1834002 -0.559700012
46.2759018 -11.0302 0.0105999997
46.3739014 -11.1950998 0.266600013
46.2300262 -11.1037998 0.509225011
46.3083496 -7.09614992 -1.51384997
46.33078 -7.09471989 -0.890179992
46.3268661 -7.11773348 -0.692233324
46.3875008 -6.87319994 -1.56490004
46.3588676 -6.84130001 -1.32466662
46.3120995 -6.86509991 -1.14520001
46.2128983 -6.96070004 -0.867999971
46.272049 -6.75594997 -1.6640501
46.2843018 -6.68900013 -1.46560001
46.358799 -6.76196671 -1.28743339
46.3266525 -6.75965023 -1.0618
46.2355003 -6.76910019 -0.995100021
46.3889999 -6.49480009 -1.81040001
46.3592987 -6.56209993 -1.68859994
46.3098984 -5.75750017 -1.7845
46.2011986 -5.58930016 -1.81809998
46.2061996 -5.57859993 -1.72109997
46.3364983 -5.29379988 -1.86140001
46.2994995 -5.19840002 -1.82659996
46.3395004 -4.62179995 -1.86029994
46.2957001 -4.27939987 -1.86963332
46.2248993 -4.10400009 -1.84309995
46.2705498 -3.88789988 -1.85724998
46.3298035 -3.75845003 -1.88929999
46.2861023 -3.50364995 -1.86365008
46.2841492 -3.28325009 -1.90035009
46.3233986 -2.86969995 -1.8829
46.2834663 -2.74273324 -1.8961333
46.3740005 -1.64269996 -1.9497
46.3108521 -1.32105005 -1.96805
46.2655983 -1.12810004 -1.97800004
46.2997017 -1.01390004 -0.400700003
46.368 -1.005 -0.283800006
46.2883987 -0.909049988 -1.98039997
46.2602005 -0.669449985 -2.01219988
46.3019028 -0.724300027 -1.98029995
46.2713013 -0.288800001 -1.98769999
46.3378983 -0.100649998 -2.02425003
46.4384003 -11.2887001 -0.137099996
46.4105988 -11.2093 0.417899996
46.4048996 -11.2974997 0.827099979
46.4061012 -10.2245998 1.17579997
46.5319519 -10.1646996 0.981700003
46.4872169 -10.103466 1.07088327
46.5354004 -10.1473999 1.25220001
46.4887009 -9.99530029 0.963100016
46.4946404 -7.07787991 -0.856819987
46.4931221 -7.08599997 -0.713020027
46.4887352 -7.05893326 -0.538900018
46.5307007 -7.05560017 -0.339933336
46.4946518 -7.04390001 -0.0582000017
46.555851 -7.04555035 0.0846500024
46.5383987 -7.06360006 0.368149996
46.45895 -7.09025002 0.401800007
46.5237007 -6.85586643 -1.64393342
46.4564514 -6.87890005 -1.58450007
46.4448013 -6.97300005 -1.30429995
46.4462013 -6.89069986 -1.08490002
46.5138016 -6.86730003 -0.972500026
46.5719986 -6.91839981 -0.593299985
46.5691986 -6.8281002 0.441199988
46.5014992 -6.61390018 -1.84389997
46.5545006 -6.71759987 -1.71710002
46.4533005 -6.78429985 -1.58800006
46.4457016 -6.70136642 -1.30346668
46.5115509 -6.74909973 -1.08857501
46.4199982 -6.7270999 -0.925999999
46.5821991 -6.6097002 0.573899984
46.5286674 -6.52576685 -1.72216666
46.4902992 -6.2730999 -1.72909999
46.5373993 -5.47349977 -1.7816
46.4817505 -5.28119993 -1.81290007
46.4169998 -5.10319996 -1.83350003
46.4025993 -4.74529982 -1.82969999
46.5154991 -4.55929995 -1.82889998
46.4106979 -4.31274986 -1.84540009
46.5866013 -4.05620003 -1.8757
46.513649 -3.87599993 -1.85660005
46.5896988 -3.68919992 -1.88510001
46.410099 -3.2421999 -1.93130004
46.4587479 -3.04624987 -1.91205001
46.4424744 -2.91637516 -1.91147494
46.4415016 -2.75760007 -1.94840002
46.461998 -2.23799992 -1.94029999
46.5088501 -2.09890008 -1.94274998
46.4000015 -1.83029997 -1.93739998
46.5 -1.74110007 -1.97605002
46.5009003 -1.52020001 -1.98619998
46.4908676 -1.2900666 -1.96673334
46.5554008 -1.20379996 -0.629700005
46.5898018 -1.08309996 -2.01230001
46.5596008 -1.06040001 -0.438800007
46.5329514 -0.922999978 -1.97425008
46.5237999 -0.713440001 -2.00823998
46.5383987 -0.792599976 -1.99269998
46.4886513 -0.557150006 -2.02614999
46.46455 -0.257699996 -2.02750015
46.780201 -13.6816998 0.121699996
46.7989006 -13.6896 0.799000025
46.7555008 -13.5421 -0.069600001
46.7669983 -13.5930996 0.246099994
46.6841507 -10.0171499 1.12794995
46.6436005 -10.0122995 1.20729995
46.6979523 -9.89575005 1.05375004
46.7383995 -9.8644495 1.32396662
46.7664986 -9.80599976 2.12420011
46.7596016 -9.74020004 0.959399998
46.7492332 -9.7130661 1.08216667
46.7331734 -9.72702503 2.27292514
46.7896004 -9.1182003 1.78279996
46.7126999 -9.06960011 1.82770002
46.6627007 -7.01539993 -1.449
46.6319008 -7.04279995 -0.806400001
46.666626 -7.10480022 -0.745649993
46.6774788 -7.05505991 -0.52256
46.7387009 -7.07412481 -0.29065001
46.681942 -7.04374266 -0.121199995
46.6571999 -7.05633354 0.0850000009
46.6846008 -7.05779982 0.210800007
46.7915001 -6.8203001 -1.6947
46.6596985 -6.83869982 -1.53837502
46.6763496 -6.87074995 -1.3319
46.7314987 -6.87405014 -1.05154991
46.7541504 -6.85570002 -0.928149998
46.7195015 -6.97660017 -0.799300015
46.7119522 -6.93229961 -0.278349996
46.6465988 -6.88084984 0.274450004
46.7153015 -6.90819979 0.481900007
46.6804008 -6.73710012 -1.70070004
46.7273483 -6.76370001 -1.50944996
46.6713333 -6.73626661 -1.24010003
46.7369003 -6.71792507 -1.07357502
46.6709518 -6.78550005 0.520499945
46.6601028 -6.55739975 0.574349999
46.6944504 -6.49279976 0.613550007
46.7284012 -6.24499989 -1.85769999
46.6302986 -5.69899988 -1.80260003
46.675499 -5.74510002 -1.76559997
46.6972504 -5.28065014 -1.76999998
46.6240005 -4.94220018 -1.79170001
46.6989517 -4.7833004 -1.85074997
46.6474991 -4.52610016 -1.84010005
46.6846008 -4.35750008 -1.81239998
46.6796989 -3.82780004 -1.85479999
46.7255249 -3.73580003 -1.86214995
46.7734985 -3.29259992 -1.91779995
46.6444016 -2.84389997 -1.92719996
46.7375984 -2.56809998 -1.90079999
46.7144012 -2.29274988 -1.93729997
46.7571983 -2.11220002 -1.93065
46.6875 -1.68904996 -1.98869991
46.786499 -1.48950005 -1.97640002
46.7966995 -1.35899997 -2.00699997
46.6521988 -1.30789995 -1.96819997
46.6573982 -1.25059998 -0.486299992
46.6416016 -1.08500004 -2.00530005
46.6929474 -1.07005 -1.99150002
46.6562996 -1.0855 -0.305900007
46.7084999 -0.843699992 -1.99170005
46.6571999 -0.94599998 -0.663399994
46.7532005 -0.750699997 -1.98679996
46.7346001 -0.556200027 -2.03390002
46.6888008 -0.277233332 -2.01886678
46.9712982 -14.3069 0.0320999995
46.9817009 -14.1653996 -0.204400003
46.8568497 -13.8197002 0.67050004
46.8667984 -13.8202 0.963199973
46.8760986 -13.6476002 -0.0851999968
46.8391037 -13.6087999 0.165099993
46.8809013 -13.6680202 0.282059997
46.8729668 -13.6546335 0.515533328
46.8342018 -13.6836996 0.682799995
46.8444023 -13.7432995 0.877600014
46.9259644 -13.4989996 -0.202266663
46.9724007 -13.5023003 -0.0888999999
46.9295654 -13.5412664 0.0846666619
46.8661003 -13.5862999 0.635399997
46.8690987 -13.3790998 -0.62559998
46.9394989 -12.6622 -0.316900015
46.8987999 -12.5213003 -0.630100012
46.919899 -12.4796 -0.245199993
46.9740982 -12.3092003 -0.381999999
46.9430008 -12.1666002 -0.779399991
46.9446983 -12.0262003 -0.46450001
46.8919983 -11.2107 -0.824899971
46.949501 -11.2200499 -0.70875001
46.8841476 -11.3024998 -0.553349972
46.9023018 -11.0682001 -0.822799981
46.8903656 -11.0810337 -0.757033348
46.9407005 -10.8841 -0.973850012
46.8175011 -9.91590023 0.9903
46.8298988 -9.86670017 1.15939999
46.8604317 -9.94486713 1.52059996
46.8698006 -9.96450043 1.62800002
46.9756012 -9.65120029 0.954699993
46.8932495 -9.6786499 1.10294998
46.8548012 -9.77099991 1.31149995
46.8959656 -9.70516682 1.4339
46.9122658 -9.67863369 2.14846659
46.9119987 -9.6651001 2.22519994
46.8474998 -9.48620033 0.969699979
46.9337997 -9.51518345 1.13873339
46.9338341 -9.43383312 1.31330001
46.8336983 -9.5291996 1.45039999
46.8871002 -9.55340004 2.4210999
46.8487015 -9.32019997 1.29849994
46.9413338 -9.35103321 1.47390008
46.9469986 -9.01385021 1.67200005
46.8182983 -9.02149963 1.85889995
46.9426994 -8.97869968 1.56210005
46.9148254 -8.94202518 1.69572496
46.963726 -8.87112522 1.88607502
46.8092995 -8.83250046 2.12759995
46.9906998 -8.78569984 2.02539992
46.9671021 -8.73326683 2.47543335
46.9458008 -8.67630005 2.61129999
46.9257011 -8.5848999 2.42729998
46.8302994 -7.24900007 0.365799993
46.854351 -7.09185028 -0.82615
46.9110603 -7.07435989 -0.683939993
46.8927841 -7.06633329 -0.486533344
46.9036331 -7.06313324 -0.294433355
46.8764648 -7.06523323 -0.0830666646
46.9151649 -7.06318331 0.130633339
46.9430466 -7.14379978 0.22315
46.8077011 -6.81920004 -1.63639998
46.990799 -6.80019999 -1.55060005
46.8498993 -6.80800009 -1.02900004
46.9505005 -6.97429991 -0.722899973
46.8975983 -6.98535013 -0.0411499999
46.9742012 -6.96299982 0.198599994
46.9423981 -6.95020008 0.386399984
46.9496994 -6.69110012 -1.8017
46.9080963 -6.73040009 -1.69134998
46.860733 -6.77353334 -1.45333338
46.9661331 -6.69693327 -1.29393339
46.914341 -6.72425985 -1.09068
46.8134995 -6.42799997 -1.80649996
46.9062004 -6.42420006 -1.76670003
46.892601 -6.55959988 0.54369998
46.8476982 -6.12080002 -1.80499995
46.8278008 -5.9217 -1.80589998
46.8182983 -5.61600018 -1.83379996
46.8681984 -5.18270016 -1.83410001
46.9469986 -4.89680004 -1.85930002
46.960701 -4.70755005 -1.84039998
46.8455009 -4.30200005 -1.86160004
46.8078003 -4.13180017 -1.92260003
46.8412476 -3.7642498 -1.88440001
46.8803253 -3.50427508 -1.8786
46.8133011 -3.37109995 -1.8642
46.9019012 -3.15229988 -1.89219999
46.8964005 -2.88380003 -1.89230001
46.9406509 -2.72714996 -1.92334998
46.901001 -2.30699992 -1.92639995
46.8843498 -2.07614994 -1.97959995
46.9985008 -1.82630002 -1.98740005
46.9105988 -1.73745 -1.97395003
46.8908997 -1.48899996 -1.99870002
46.8498001 -1.28639996 -2.00609994
46.9640999 -1.28149998 -1.99100006
46.9510002 -1.16229999 -1.97549999
46.9614983 -1.09500003 -0.434599996
46.9060516 -0.644850016 -2.04145002
46.9258499 -0.316049993 -2.01725006
46.8850517 -0.068400003 -2.03944993
47.0649986 -14.4743004 -0.419999987
47.0934982 -14.4125996 0.0706999972
47.1171646 -14.4774666 0.311466664
47.1268997 -14.4259996 0.668725014
47.1193008 -14.4478998 0.945800006
47.0597687 -14.3176336 -0.269300014
47.0646248 -14.3019505 -0.132950008
47.0158997 -14.2554998 0.127599999
47.1393013 -14.3817997 0.391400009
47.108532 -14.3175669 0.43719998
47.1771011 -14.3632002 0.774399996
47.1495018 -14.3697004 0.862500012
47.1180992 -14.1927996 -0.284099996
47.1488991 -13.8106003 -0.652899981
47.1444511 -13.5093002 -0.577950001
47.0313492 -13.55305 -0.267500013
47.0391006 -13.5550003 0.0559
47.0861511 -13.30795 -0.503799975
47.144001 -13.3121004 -0.251800001
47.1796989 -13.1103001 -0.794499993
47.0213013 -12.6374998 -0.192100003
47.155899 -12.6366997 0.109200001
47.1969986 -12.6218996 0.493900001
47.1441994 -12.5497999 -0.54460001
47.0822983 -12.5012999 -0.274549991
47.1355019 -12.5593338 -0.063500002
47.1581001 -12.408 0.2227
47.1590996 -12.5452995 0.568000019
47.0886002 -12.5662003 0.702000022
47.0820999 -12.2103004 -0.896899998
47.078701 -12.2827997 -0.509500027
47.1834984 -12.1704998 -0.819100022
47.1411972 -12.1726665 -0.674733341
47.1852989 -12.0945501 -0.45569998
47.0983009 -12.0195999 -0.0872000009
47.1116982 -12.0854998 0.342500001
47.0994987 -12.0243998 0.457500011
47.1677017 -12.0218 0.806900024
47.1557007 -12.0152998 1.04789996
47.0921478 -11.9174995 -0.769349992
47.0853004 -11.8935337 -0.519200027
47.1417236 -11.8848 -0.261299998
47.0721016 -11.8199997 -0.0538999997
47.1962013 -11.9294004 0.317200005
47.145401 -11.8794336 0.475400001
47.1878357 -11.9174328 0.692000031
47.0920982 -11.8964996 0.896649957
47.1282997 -11.6532001 -0.8222
47.1903992 -11.7566996 -0.743600011
47.1191483 -11.7276001 0.646049976
47.130249 -11.2657003 -0.9472
47.0985489 -11.3130493 -0.697549999
47.0770683 -11.1336002 -0.876366675
47.1866989 -11.1184998 -0.715300024
47.0987015 -11.0677996 -0.524800003
47.1371994 -11.0145998 -0.359800011
47.1240997 -11.1603003 -0.183699995
47.0037003 -10.9750996 -0.6505
47.0714493 -10.86835 -0.470600009
47.135849 -10.9375496 -0.285099983
47.1064987 -10.7634001 -0.33070001
47.1016006 -10.7480001 -0.182999998
47.0429993 -9.89770031 1.38129997
47.0849686 -9.81353283 1.5412333
47.1202011 -9.68270016 0.915099978
47.1152992 -9.61919975 1.20150006
47.0747986 -9.77509975 1.66540003
47.0979004 -9.62150002 2.16770005
47.1099319 -9.50443363 1.13425004
47.0508003 -9.57830048 1.21669996
47.1132011 -9.50930023 2.34350014
47.1739998 -9.4385004 2.58949995
47.0862007 -9.33150005 1.19009995
47.0881004 -9.32363319 1.2385
47.1348991 -9.2869997 1.44949996
47.1152 -9.09619999 1.66270006
47.0424995 -9.17959976 2.00600004
47.0565987 -8.93980026 1.65409994
47.0828018 -8.85143375 1.88069999
47.1189995 -8.91810036 2.35710001
47.1512985 -8.74450016 1.86530006
47.0867996 -8.74289989 2.35590005
47.1792984 -8.65625 2.47437501
47.0976028 -8.64629936 2.63724995
47.1985016 -8.43939972 1.57620001
47.1124001 -8.54510021 2.4381001
47.1594009 -8.56379986 2.62159991
47.1605988 -7.85185003 1.27200007
47.1045494 -7.05735016 -0.806699991
47.1072655 -7.05946684 -0.694966674
47.0166016 -7.01289988 -0.436800003
47.1623344 -7.05569983 -0.24970001
47.065033 -7.09070015 -0.115400001
47.0692978 -7.08440018 0.147100002
47.1371002 -6.82210016 -1.69089997
47.1613007 -6.81599998 -1.53069997
47.0133018 -6.84070015 -1.37670004
47.0415993 -6.84829998 -1.08039999
47.0908012 -6.98950005 -0.466300011
47.1300507 -6.97364998 -0.239349991
47.1089325 -6.95983315 0.360533327
47.1444588 -6.73854017 -1.74704003
47.1045227 -6.75392485 -1.47379994
47.0912399 -6.69426012 -1.27833998
47.0987473 -6.75234985 -1.10955
47.0374985 -6.69525003 0.458850026
47.1917992 -6.55200005 -1.79040003
47.1202011 -6.51910019 0.525650024
47.1020012 -5.87069988 -1.86170006
47.1063995 -5.76049995 -1.79419994
47.1778984 -5.41069984 -1.82480001
47.1044502 -4.92465019 -1.83614993
47.1752014 -4.61240005 -1.85730004
47.0769997 -4.47009993 -1.84560001
47.1152 -4.30420017 -1.86734998
47.0649757 -4.12314987 -1.86884999
47.1232986 -3.97839999 -1.88339996
47.0751991 -3.64849997 -1.89680004
47.0923996 -3.44070005 -1.89260006
47.0082016 -3.35279989 -1.91610003
47.0748253 -2.87555003 -1.91824996
47.1665001 -2.45110011 -1.97570002
47.0954018 -2.29250002 -1.93079996
47.0661011 -2.08470011 -1.98889995
47.1292992 -1.84930003 -1.98220003
47.0141487 -1.7344501 -1.98565006
47.0965347 -1.27263331 -2.01600003
47.0988998 -1.25220001 -1.97650003
47.0035019 -1.06260002 -2.00640011
47.0373001 -0.819599986 -1.98870003
47.1204987 -0.668500006 -2.03489995
47.1851006 -0.510999978 -2.02020001
47.1376991 -0.297600001 -2.0687499
47.0756989 -0.156200007 -2.0302
47.3947983 -15.2761002 -1.25030005
47.3241005 -15.0851002 -1.11650002
47.3152466 -14.9306507 -0.85680002
47.3471985 -14.4556999 -0.4745
47.3845978 -14.2707996 -0.686800003
47.3367996 -14.2636003 -0.541999996
47.3333015 -14.3726997 0.726499975
47.3879013 -14.1190996 -0.811100006
47.3945007 -14.1848001 -0.628099978
47.2690315 -14.0831995 -0.518599987
47.2891312 -13.9248667 -0.524133325
47.3879013 -13.5225 -0.859899998
47.2991982 -13.5507002 -0.634299994
47.2314987 -13.5733995 -0.426699996
47.2887993 -13.3029003 -0.346599996
47.3367996 -13.1761999 -0.78670001
47.3293991 -12.9098997 -0.749599993
47.3959007 -12.9085999 -0.556800008
47.3004341 -12.6955662 -0.866566658
47.2532005 -12.7119999 -0.632200003
47.2517014 -12.6307001 -0.540400028
47.3428001 -12.5572996 -1.06019998
47.2677002 -12.5207005 0.109300002
47.2096024 -12.4566498 0.365750015
47.222599 -12.5270996 0.442799985
47.2887497 -12.2639503 -0.882300019
47.2923012 -12.1545 -0.891549945
47.2406006 -12.0547667 -0.707266688
47.250679 -12.0831795 -0.557439983
47.2596016 -12.0228004 -0.281699985
47.3618011 -11.8197002 -0.785600007
47.2698517 -11.8793497 -0.0870999992
47.2694016 -11.9221001 0.294400007
47.2846527 -11.9025993 0.526499987
47.3271484 -11.8946495 0.69904995
47.3087006 -11.8640003 0.854950011
47.2787018 -11.8050003 1.05579996
47.2706985 -11.7891998 -0.783800006
47.2710991 -11.7929001 0.874100029
47.2539978 -11.4874496 -0.892799973
47.3418999 -11.5220003 -0.776300013
47.3059006 -11.2481003 -1.20369995
47.3218346 -11.3227663 -0.915066659
47.2793999 -11.2873001 -0.685800016
47.2229996 -11.2115002 -0.504700005
47.3661003 -11.0087996 -0.763400018
47.3215027 -11.14645 -0.544250011
47.3382492 -11.11765 -0.355700016
47.3350983 -11.0058002 -0.0631000027
47.2639008 -11.0725498 0.0174000002
47.3030472 -10.882 -0.982900023
47.2749481 -10.8920498 -0.331900001
47.3304672 -10.9015665 -0.117466666
47.2643013 -10.9544001 0.0339000002
47.3722 -10.8713999 0.290499985
47.2131996 -10.7554998 -1.05599999
47.3955002 -10.6441002 0.933799982
47.3197479 -10.3643999 1.74989998
47.2617645 -10.3395996 2.12409997
47.2108002 -10.0972004 1.56550002
47.2944489 -10.0314999 1.85640001
47.2827988 -10.0506001 2.07389998
47.2340012 -10.1288004 2.28710008
47.2071991 -10.1934004 2.55839992
47.3122482 -9.71049976 1.34879994
47.361599 -9.66219997 1.62370002
47.2405014 -9.70820045 2.05110002
47.2947998 -9.47410011 1.30649996
47.3010254 -9.47630024 1.48555005
47.2322006 -9.56019974 2.12989998
47.2685471 -9.46215057 2.27224994
47.3979988 -9.33349991 0.501900017
47.3264503 -9.29775047 0.639649987
47.3730011 -9.36590004 1.14590001
47.2938004 -9.27604961 1.28117502
47.3335342 -9.30253315 1.49216664
47.3573647 -9.3496666 1.62586665
47.2895012 -9.39309978 2.1651001
47.3153 -9.2798996 2.27390003
47.282032 -9.28613377 2.42903328
47.2367477 -9.12949944 1.71895003
47.3806992 -9.00080013 2.22000003
47.2913017 -9.15989971 2.42420006
47.3414001 -8.99330044 1.59669995
47.2221985 -8.90579987 1.77059996
47.3372498 -8.86505032 1.82525003
47.3849983 -8.88479996 2.1572001
47.3412018 -8.99269962 2.35010004
47.3750992 -8.74209976 1.7421
47.3664017 -8.72737503 1.88325
47.3474007 -8.6281004 2.17339993
47.2083015 -8.66810036 2.3512001
47.3850021 -8.68255043 2.46044993
47.3939018 -8.54119968 1.27190006
47.3131027 -8.44554996 1.51789999
47.2911987 -8.44449997 1.74100006
47.3550644 -8.53773308 1.89269996
47.2906418 -8.54226017 2.28868008
47.2195015 -8.58250046 2.47390008
47.3829002 -8.35680008 1.41429996
47.3839989 -8.20740032 1.6027
47.3535004 -8.28540039 4.09200001
47.3586998 -8.03579998 0.515100002
47.2550011 -8.09039974 1.30050004
47.3227997 -8.06579971 4.26399994
47.2777328 -7.90789986 1.07406664
47.347599 -7.9066 1.27750003
47.3166008 -7.85239983 1.78390002
47.3755493 -7.91310024 1.93295002
47.3964996 -7.87349987 4.08570004
47.3945007 -7.42589998 1.56949997
47.2827988 -7.32520008 0.32069999
47.3726997 -7.26270008 1.47640002
47.3881493 -7.04240036 -0.857349992
47.3045998 -7.03034973 -0.645599961
47.3427811 -7.0603199 -0.491999984
47.2975006 -7.06694984 -0.266725004
47.2640648 -7.04006672 -0.0873666629
47.3041649 -7.04783344 0.098133333
47.2602501 -7.02439976 0.3116
47.3964005 -7.19259977 1.72790003
47.2952995 -6.87480021 -1.60370004
47.2289009 -6.83249998 -1.56009996
47.3299484 -6.93764973 -0.890499949
47.2952995 -6.99020004 -0.239500001
47.2419014 -6.91379976 -0.107500002
47.3623009 -6.99249983 0.157900006
47.293251 -6.92075014 0.310050011
47.3379021 -6.88096666 0.436199993
47.3431015 -6.72305012 -1.66834998
47.3274498 -6.73719978 -1.56754994
47.21735 -6.65630007 -1.33399999
47.2285995 -6.70384979 -1.09660006
47.3107986 -6.61380005 -0.992299974
47.3078003 -6.76830006 0.507300019
47.2574005 -6.51423311 0.547466636
47.2697983 -5.28829956 -1.81069994
47.2167015 -5.19019985 -1.83039999
47.3092995 -4.33119965 -1.86785007
47.3973007 -4.19619989 -1.88059998
47.3221016 -3.86290002 -1.88320005
47.3751984 -3.52180004 -1.89374995
47.3383484 -3.32675004 -1.91074991
47.3931007 -3.11789989 -1.9138
47.391201 -2.94140005 -1.92830002
47.3835983 -2.7973001 -1.97060001
47.3203011 -2.23519993 -2.0013001
47.2300987 -2.20000005 -1.97290003
47.3408012 -2.16709995 -1.92690003
47.3894005 -1.84290004 -2.00390005
47.3581009 -1.91480005 -1.95389998
47.323967 -1.70303333 -1.97796667
47.2402992 -1.47019994 -1.9684
47.2760658 -1.28876662 -1.99006665
47.385601 -1.19060004 -1.98230004
47.2779007 -1.15180004 -0.468899995
47.3726997 -1.01119995 -0.296499997
47.3181496 -0.894549966 -2.02745008
47.2186012 -0.96450001 -1.99010003
47.285099 -0.969600022 -0.499900013
47.2650986 -0.771000028 -2.02719998
47.2372513 -0.486450016 -2.01499987
47.3105774 -0.292674989 -2.04150009
47.3492012 -0.132799998 -2.02979994
47.5862007 -15.2131004 -1.18840003
47.5994987 -15.2470999 -0.891900003
47.5723991 -14.9636002 -0.925100029
47.5713005 -14.8234997 -0.613699973
47.4569016 -14.9260998 -0.504800022
47.5458984 -14.7709999 -0.690299988
47.5343018 -14.4462996 -0.749499977
47.4104996 -14.4477997 1.03830004
47.490448 -14.2922001 -0.697350025
47.5834007 -14.1428003 -0.924700022
47.5152016 -14.0776997 -0.700500011
47.5181007 -13.9177999 -0.844799995
47.5457993 -13.8360004 -0.756299973
47.4352989 -13.6599998 -0.835699975
47.5324326 -13.4986668 -0.963633299
47.5266991 -13.3809004 -1.00839996
47.5305481 -13.2989502 -0.933025002
47.5019989 -13.1872997 -1.06389999
47.5028 -13.0762329 -0.879500031
47.4221992 -13.0459003 -0.568300009
47.5041656 -12.9059334 -0.867166638
47.464901 -12.8189001 -0.763199985
47.4972649 -12.9450998 -0.559566677
47.5587006 -12.7685003 -0.987299979
47.4328995 -12.6899996 -0.753300011
47.422451 -12.5097008 -1.06130004
47.5278015 -12.4151001 -0.997300029
47.4446983 -12.4295998 0.792900026
47.5488014 -12.2198 -1.05599999
47.4660988 -12.2754002 -0.901450038
47.5569992 -12.1864004 -1.05739999
47.4553986 -11.9800997 -0.880100012
47.4315987 -11.7664003 -0.695900023
47.5088005 -11.4856005 -1.05400002
47.5214005 -11.3091002 -1.0108
47.5317001 -11.3639002 -0.933700025
47.4732018 -11.0342999 -0.231600001
47.4627991 -11.0664997 0.157199994
47.4875031 -10.8999996 -1.02649999
47.4001999 -10.8246002 -0.991299987
47.4948502 -10.9270496 0.150600001
47.4611511 -10.88585 0.230100006
47.4445343 -10.900733 0.469000012
47.4883003 -10.8635998 0.650300026
47.4211006 -10.8339996 0.874499977
47.4378014 -10.7559996 0.351300001
47.46035 -10.7311993 0.495700002
47.5051994 -10.6683998 0.7852
47.4855995 -10.7588997 0.839100003
47.5079002 -10.0841751 1.90024996
47.4255981 -10.0586004 2.02760005
47.5074005 -9.80389977 1.43439996
47.5099487 -9.70094967 0.655249953
47.4984016 -9.67329979 0.837300003
47.5325012 -9.71990013 1.45009995
47.588501 -9.66189957 1.9016
47.4262009 -9.61610031 2.3118
47.547348 -9.54994965 0.738199949
47.4255981 -9.44454956 2.31520009
47.5331993 -9.43480015 3.28600001
47.5093994 -9.21689987 0.38409999
47.4772263 -9.24664974 0.470050007
47.5716019 -9.37829971 0.631600022
47.4854012 -9.23085022 1.35284996
47.4636002 -9.2173996 1.55669999
47.4253006 -9.23939991 1.68050003
47.4528999 -9.34630013 2.20099998
47.5628662 -9.32520008 3.46673346
47.4688492 -9.14175034 0.302550018
47.5325241 -9.15544987 0.527675033
47.4735985 -9.19120026 1.35529995
47.5149651 -9.03493309 1.71200001
47.5672989 -9.16489983 2.52800012
47.5442009 -8.97570038 1.48169994
47.5965996 -8.86639977 1.67410004
47.5402527 -8.86569977 2.08380008
47.5044479 -8.94729996 2.23760009
47.5209007 -8.69830036 1.33800006
47.5909996 -8.60159969 1.50259995
47.5467529 -8.74110031 1.76269996
47.4375992 -8.75629997 1.92550004
47.4357491 -8.65575027 2.09819984
47.5047989 -8.51239967 1.29760003
47.5022316 -8.49440002 1.49243331
47.494751 -8.49668312 1.71018338
47.5033989 -8.45714951 1.88625002
47.5494003 -8.52799988 2.19679999
47.4308014 -8.53244972 2.2420001
47.4382019 -8.39770031 1.55910003
47.4882011 -8.36880016 1.7148
47.4575005 -8.29809952 1.82640004
47.5567017 -8.32989979 2.24250007
47.5393982 -8.27504921 3.93065
47.4082985 -8.01879978 0.3847
47.5592003 -8.11236668 1.66733336
47.5640984 -8.14760017 2.21399999
47.5814018 -8.15219975 3.86299992
47.5648994 -8.07069969 4.12489986
47.4241486 -8.03044987 4.23000002
47.4542007 -8.00520039 4.47609997
47.5704994 -7.93190002 0.291200012
47.4334488 -7.9307003 0.484300017
47.5699997 -7.99679995 0.672399998
47.5675011 -7.99399996 0.989799976
47.5333023 -7.89972496 1.10745001
47.5018005 -7.92444992 1.23930001
47.5868492 -7.96729994 1.57225001
47.5348244 -7.92547512 1.71872497
47.5218811 -7.91837978 1.88139999
47.4468002 -7.98479986 3.97720003
47.4361496 -7.92589998 4.09850025
47.4858322 -7.88696671 4.30240011
47.4873009 -7.82569981 4.41520023
47.5162506 -7.7171998 1.21605003
47.4842987 -7.69439983 1.54219997
47.5028 -7.74749994 1.7062
47.4622993 -7.69719982 2.11409998
47.5574684 -7.70646667 3.93280005
47.5284691 -7.73920012 4.07203341
47.5493011 -7.4460001 1.49189997
47.5322647 -7.53926659 4.09066677
47.5351982 -7.48549986 4.2105999
47.4314003 -7.36380005 0.337900013
47.5228004 -7.34781981 1.32407999
47.5214233 -7.28380013 1.50909996
47.5150414 -7.26230001 1.67801428
47.5167999 -7.11929989 -0.806100011
47.4965897 -7.08578873 -0.708188891
47.4782486 -7.06040001 -0.5352
47.4698029 -7.07275009 -0.297425002
47.5965996 -7.10659981 -0.153600007
47.537159 -7.09166002 0.04146
47.4915504 -7.12265015 0.258350015
47.5688019 -7.18569994 1.36300004
47.5493469 -7.14299965 1.55410004
47.5045013 -7.15075016 1.68175006
47.46735 -7.1644001 1.88300002
47.4085999 -6.80229998 -1.77939999
47.5176506 -6.85290003 -1.56019998
47.4193993 -6.80340004 -1.29359996
47.4810333 -6.84086657 -1.10526669
47.4968987 -6.9763999 0.120499998
47.5128746 -6.93832493 0.345499992
47.4875679 -6.73866653 -1.72573328
47.530365 -6.78973341 -1.49053335
47.5301323 -6.72113323 -1.28713334
47.4441338 -6.71906662 -1.14796674
47.4746017 -6.69189978 -0.942399979
47.4065018 -6.42689991 -1.80420005
47.5373993 -6.59119987 -1.28620005
47.455101 -6.53830004 -1.01040006
47.5114517 -6.55650043 0.484600008
47.4480019 -5.99329996 -1.7967
47.5061493 -5.71945 -1.83264995
47.5139999 -5.5637002 -1.78149998
47.5579987 -5.32679987 -1.91820002
47.4276009 -4.61569977 -1.87360001
47.4221001 -4.53119993 -1.86070001
47.4285011 -4.27250004 -1.89289999
47.5502014 -3.77049994 -1.85539997
47.5703011 -3.58699989 -1.88370001
47.4721985 -3.39389992 -1.9598
47.4500008 -2.70939994 -1.95539999
47.4810982 -2.45729995 -1.97019994
47.4432678 -2.28539991 -1.96123338
47.4021988 -2.04200006 -1.97029996
47.4543991 -1.81190002 -1.97500002
47.4309006 -1.63460004 -1.96860003
47.4796982 -1.48786664 -1.99136674
47.4888496 -1.24722505 -2.02049994
47.4852982 -1.33589995 -1.97889996
47.4916992 -1.01200008 -2.02405
47.5926018 -1.1961 -0.707000017
47.5626984 -1.12810004 -0.460799992
47.5397491 -0.90684998 -2.00855017
47.5976982 -0.989600003 -0.683600008
47.4726334 -0.714900017 -2.03859997
47.498848 -0.458200008 -2.02920008
47.5653 -0.332599998 -2.04225016
47.6850014 -15.0091 -0.743399978
47.7090492 -14.9471502 -0.909549952
47.7317657 -14.7347002 -0.86406666
47.7420998 -14.6399002 -0.753600001
47.6295013 -14.4868002 -0.933499992
47.6725998 -14.5761995 -0.632799983
47.7017975 -14.3622503 -0.822049975
47.6624985 -14.0527 -0.827600002
47.6208 -14.1188002 -0.758700013
47.6643982 -13.8563671 -0.948899984
47.6864014 -13.9483004 -0.78670001
47.7203522 -13.7372494 -0.884050012
47.6487007 -13.4701004 -1.02110004
47.6211014 -13.5481005 -0.955299973
47.7369003 -12.8128996 -1.06719995
47.6213493 -12.8962002 -0.86559999
47.6983986 -12.7509003 -1.03989995
47.7044983 -11.8794003 -1.00510001
47.6257477 -11.5208502 -1.09800005
47.6469002 -11.3818998 -1.04170001
47.6164017 -10.8252001 -1.09990001
47.7290993 -10.0073004 1.36080003
47.6786003 -10.0019999 1.59440005
47.6599998 -9.85700035 1.37689996
47.6954498 -9.91629982 1.4691
47.6487007 -9.92679977 1.65040004
47.7304001 -9.64260006 1.95510006
47.6707993 -9.44285011 0.676200032
47.6549988 -9.42920017 0.956099987
47.7186012 -9.41989994 1.00650001
47.7114983 -9.29649925 0.489600003
47.681839 -9.30838013 0.695079982
47.7626991 -9.29059982 1.10745001
47.6977997 -9.28750038 1.81990004
47.7747002 -9.36400032 2.17140007
47.7262001 -9.27166653 3.2876668
47.6884995 -9.25640011 3.4210999
47.6991997 -9.18239975 0.586700022
47.725647 -9.14505005 0.660599947
47.7457504 -9.11390018 1.15330005
47.7895012 -9.08379936 1.25674999
47.6530991 -9.03530025 2.19309998
47.6520996 -9.16170025 2.21429992
47.7831001 -9.19449997 3.11430001
47.7352333 -9.13786697 3.35290003
47.739502 -9.08905029 3.42674994
47.7553482 -8.8295002 1.14024997
47.7188492 -8.91534996 1.27889991
47.705864 -8.93889999 1.49810004
47.7755013 -8.88300037 1.61989999
47.780201 -8.93510056 2.52519989
47.676899 -8.69690037 1.12310004
47.7155991 -8.73320007 1.91585004
47.6272011 -8.73910046 2.08360004
47.6439018 -8.49050045 1.38039994
47.6194 -8.57849979 1.77649999
47.6324005 -8.57730007 1.96109998
47.634552 -8.54314995 2.13175011
47.7247009 -8.5564003 2.20070004
47.7867012 -8.21500015 0.141200006
47.725399 -8.36470032 1.57050002
47.6634979 -8.32947445 1.69067502
47.679451 -8.28890038 2.16690016
47.71735 -8.25035 2.26714993
47.6848984 -8.34659958 3.89919996
47.6856995 -8.13619995 -0.00529999984
47.6969986 -8.16559982 0.316399992
47.7672005 -8.05020046 0.747799993
47.6692238 -8.09707451 0.910449982
47.7738991 -8.10910034 1.24940002
47.6624985 -8.05644989 1.53055
47.6731339 -8.02229977 1.63989997
47.7069016 -8.06799984 1.82489991
47.7504997 -8.10690022 2.30760002
47.7127495 -8.10109997 3.87545013
47.6640015 -7.86619997 0.410600007
47.6400986 -7.91452503 0.904275
47.6915588 -7.90957975 1.08697999
47.7490997 -7.9513998 1.34539998
47.7298317 -7.92066669 1.45803332
47.6520653 -7.90073347 1.6789
47.6363983 -7.96450043 1.89835
47.7392998 -7.98500013 3.91400003
47.6823502 -7.92634964 4.05920029
47.778801 -7.72039986 0.766499996
47.6746674 -7.71899986 0.959233344
47.7306328 -7.67266655 1.05723333
47.7994995 -7.62349987 1.36759996
47.6453018 -7.66300011 3.94560003
47.6443024 -7.65325022 4.05150032
47.7584991 -7.47383308 0.904466689
47.7342491 -7.49508333 1.10290003
47.7010498 -7.48393345 1.3149333
47.6915016 -7.49282503 1.46257496
47.7342987 -7.55459976 3.99650002
47.7772522 -7.56060028 4.09640026
47.7439995 -7.21210003 0.309899986
47.6013985 -7.2125001 1.19509995
47.6837425 -7.30130005 1.30662858
47.6766319 -7.28022242 1.48738885
47.6092987 -7.31640005 1.7098
47.7507019 -7.08930016 -1.0007
47.7136993 -7.08806658 -0.864833355
47.7373009 -7.10960007 -0.648999989
47.6993484 -7.08804989 -0.464749992
47.6902733 -7.06967115 -0.296771437
47.6818008 -7.03436661 -0.0993999988
47.7773514 -7.01984978 0.293200016
47.6918488 -7.13450003 1.50055003
47.6340027 -7.14109993 1.66254997
47.6212006 -7.09730005 1.86909997
47.7574997 -7.02720022 2.96020007
47.7602005 -7.02370024 3.20180011
47.6733017 -6.81269979 -1.74679995
47.6708984 -6.83869982 -1.56939995
47.6231995 -6.81099987 -1.25109994
47.6907997 -6.89610004 -1.03100002
47.7490997 -6.91810036 -0.908800006
47.6708984 -6.99669981 -0.643599987
47.7832985 -6.93100023 0.381199986
47.7230492 -6.89904976 3.07984996
47.7064667 -6.91658354 3.31436658
47.7578011 -6.69173336 -1.6722666
47.6016006 -6.71274996 -1.47800004
47.7043648 -6.74676657 -1.30550003
47.7036018 -6.70406675 -1.09010005
47.6212997 -6.74480009 0.412299991
47.7644997 -6.44220018 -1.80560005
47.6879005 -6.47370005 -1.77849996
47.7881012 -5.43330002 -1.83669996
47.7803001 -4.93190002 -1.92449999
47.7574005 -4.29449987 -1.8836
47.7682991 -3.93374991 -1.90439999
47.6236 -3.31134987 -1.92834997
47.7616997 -2.79710007 -1.96949995
47.7079468 -2.31614995 -1.969625
47.7280006 -2.15750003 -1.98280001
47.6774979 -1.85119998 -1.99335003
47.6086006 -1.64119995 -2.0006001
47.7406998 -1.45770001 -2.00869989
47.6357002 -1.45220006 -1.99010003
47.6785011 -1.204 -0.527400017
47.7879982 -1.04659998 -2.0157001
47.7739983 -1.00839996 -0.537599981
47.6418991 -1.09280002 -0.36469999
47.6871758 -0.722975016 -2.03272486
47.687851 -0.373199999 -2.0543499
47.6836319 -0.154633328 -2.0539999
47.896698 -14.9736004 -0.899000049
47.8312988 -14.7419996 -0.806299984
47.8180008 -14.7060003 -0.761200011
47.8055992 -14.5065002 -0.858399987
47.8095016 -14.3973999 -0.907199979
47.9999008 -11.2166004 2.09260011
47.9656982 -10.8078003 1.43799996
47.9249992 -10.9090004 2.29110003
47.8955002 -10.7609997 1.31690001
47.982399 -10.7749004 1.51440001
47.9210014 -10.7215996 2.11570001
47.8493996 -10.1834002 1.33350003
47.9887009 -10.1407003 1.92999995
47.8372002 -9.89080048 1.14110005
47.8620491 -9.85785007 1.31220007
47.9079018 -9.83360004 1.65820003
47.9215508 -9.71039963 1.26539993
47.9930992 -9.65909958 1.52390003
47.8339996 -9.68130016 1.75699997
47.8650017 -9.41810036 1.27100003
47.9351006 -9.44449997 1.51189995
47.9241028 -9.46285057 1.62085009
47.8422012 -9.23379993 0.55339998
47.9263 -9.28919983 0.739250004
47.9572983 -9.29590034 0.915899992
47.9042015 -9.2723999 1.56879997
47.9057999 -9.30869961 3.12443328
47.8889008 -9.26959991 3.20029998
47.9611015 -9.04360008 0.431499988
47.9416008 -9.13140011 0.777700007
47.8342972 -9.14089966 1.0999999
47.8174973 -9.12759972 1.22915006
47.8774986 -9.08959961 1.84089994
47.9935989 -9.09679985 4.07399988
47.824501 -9.04249954 4.43650007
47.9024315 -8.84806633 0.304233342
47.9249992 -8.88780022 0.500999987
47.9277 -8.9048996 0.943599999
47.9030991 -8.88134956 1.12424994
47.8652 -8.9073 1.29410005
47.8709984 -8.83110046 2.4605
47.8618011 -8.87024975 2.64339995
47.967701 -8.72280025 0.440899998
47.9642982 -8.75949955 0.833000004
47.9031334 -8.73449993 1.07990003
47.9039993 -8.63204956 1.30145001
47.8815002 -8.7663002 1.92209995
47.8834991 -8.79150009 2.27010012
47.9915009 -8.78489971 2.40129995
47.9934006 -8.47369957 0.160500005
47.9425011 -8.45250034 0.339700013
47.9099998 -8.4866333 1.09739995
47.8577995 -8.48559952 1.30589998
47.8981018 -8.44445038 1.49675
47.9832993 -8.49820042 2.44460011
47.9072266 -8.33992481 1.29325008
47.9313011 -8.37819958 1.41960001
47.8501015 -8.35550022 1.73720002
47.9611969 -8.33220005 2.0935998
47.8232002 -8.37059975 2.58360004
47.8658333 -8.0936327 0.0856666639
47.9610977 -8.0054493 0.263300002
47.9321976 -8.18129921 1.1221
47.8055 -8.19449997 1.37989998
47.9079971 -8.06799984 1.76154995
47.9701996 -8.07470036 2.16230011
47.9571495 -8.06470013 2.25635004
47.9443512 -8.05560017 3.91945004
47.8972511 -7.92834997 0.101999998
47.9887009 -7.88840008 0.241099998
47.9248505 -7.90334988 0.754150033
47.9688988 -7.83690023 0.825500011
47.8950005 -7.9980998 1.17040002
47.8861504 -7.88984966 1.34544992
47.8810997 -7.87300014 1.5625999
47.882061 -7.84253979 1.71661997
47.9364014 -7.94330025 2.09350014
47.91045 -7.8744998 3.91004992
47.9910011 -7.71710014 0.124600001
47.8806 -7.66050005 0.777800024
47.8921661 -7.69233322 0.947033346
47.8706322 -7.7001667 1.0923667
47.8959999 -7.64006662 1.33653331
47.8432999 -7.77320004 1.49150002
47.8946991 -7.76929998 1.76429999
47.9292984 -7.70489979 1.83010006
47.8659515 -7.64284992 3.95974994
47.8126984 -7.71159983 4.0230999
47.8699989 -7.46190023 0.959699988
47.8652 -7.51853991 1.06423998
47.8518333 -7.52006674 1.2689333
47.9662018 -7.58069992 1.85599995
47.9084244 -7.55065012 3.93085003
47.8745995 -7.47233343 4.04696655
47.9206009 -7.31799984 -1.17369998
47.8479195 -7.29750013 1.33718002
47.9196014 -7.34310007 1.40600002
47.9197006 -7.2112999 3.29419994
47.9724998 -7.30984974 3.96580005
47.855999 -7.05889988 -0.880200028
47.8952484 -7.05892467 -0.710900009
47.9029503 -7.03994989 -0.523249984
47.8708992 -7.06706667 -0.310699999
47.8921814 -7.06141663 -0.107933335
47.9006729 -7.04382515 0.0548750013
47.8512001 -7.17519999 1.33010006
47.9278488 -7.17475033 1.41079998
47.9622993 -7.05283356 2.98119998
47.9251823 -7.02839994 3.10342002
47.9860001 -7.08360004 3.26360011
47.9916992 -6.83059978 -1.63569999
47.8855515 -6.87034988 -1.0323
47.9326324 -6.96543312 -0.0842333287
47.8767014 -6.97044992 0.149350002
47.8527985 -6.95060015 0.364899993
47.967701 -6.9222002 2.9059
47.9044304 -6.89934301 3.08097148
47.9136009 -6.89640045 3.29005003
47.8739014 -6.75882483 -1.67432499
47.8961029 -6.67810011 -1.51209998
47.8924255 -6.70300007 -1.27244997
47.8191986 -6.75290012 -1.08270001
47.9182281 -6.72644997 3.2885251
47.9432983 -6.5770998 -1.24090004
47.9155998 -6.49459982 0.511500001
47.8699341 -6.34229994 -1.81753337
47.9152985 -5.82350016 -1.81850004
47.8763504 -5.70114994 -1.84780002
47.911499 -5.49919987 -1.8721
47.9424019 -5.27339983 -1.84329998
47.8334007 -5.06349993 -1.84179997
47.982399 -4.86689997 -1.88800001
47.9122353 -4.35186672 -1.89849997
47.8501015 -4.19059992 -1.90129995
47.8797989 -3.50999999 -1.94309998
47.8537979 -3.23449993 -1.94453335
47.9248657 -3.05050015 -1.93630004
47.8987999 -2.91166663 -1.9495666
47.8138008 -2.69880009 -1.98090005
47.9269028 -2.51600003 -1.97024989
47.8869324 -2.34100008 -1.95783329
47.9883003 -2.08019996 -2.01300001
47.8098984 -2.02839994 -1.99059999
47.9487 -1.92999995 -1.97549999
47.8381996 -1.60609996 -2.0171001
47.9836998 -1.57360005 -2.00099993
47.8307495 -1.30449998 -2.04570007
47.8532982 -1.12689996 -2.01629996
47.9832993 -1.05499995 -0.533500016
47.8661995 -1.16129994 -0.340299994
47.8904495 -0.879949987 -2.04185009
47.9073029 -0.695950031 -2.04029989
47.837101 -0.319900006 -2.08410001
47.9891014 -0.0872000009 -2.06220007
48.0946007 -14.8127003 -1.07490003
48.1400528 -11.5431995 2.50189996
48.1417999 -11.5559998 2.7277
48.0574989 -11.2700005 2.17379999
48.0026016 -11.0045004 2.14650011
48.0623016 -10.8558998 1.71570003
48.0354996 -10.7658005 1.06350005
48.1008492 -10.7323494 1.28254998
48.0467987 -10.7165003 1.47809994
48.1598015 -10.6131001 1.71580005
48.0834007 -10.7077999 2.04780006
48.0498009 -10.5902996 1.30190003
48.0275993 -10.5915003 1.46969998
48.0121002 -10.5902996 1.7299
48.0326996 -10.3310003 1.6997
48.1123009 -10.2191 1.80270004
48.1651993 -10.1545 1.92030001
48.0084991 -9.59140015 1.70669997
48.0602989 -9.31739998 -1.17120004
48.1173477 -9.24950027 0.745700002
48.1110649 -9.26360035 0.975066662
48.1022987 -9.22796726 3.22493339
48.0629997 -9.13949966 0.577000022
48.1463318 -9.15826702 0.890900016
48.1488991 -9.15732479 1.08650005
48.1394997 -9.19079971 1.29079998
48.0596352 -9.06540012 1.83483326
48.1522522 -9.12279987 3.24985003
48.0591011 -9.0067997 4.05649996
48.0881004 -8.90299988 1.05229998
48.1711006 -8.83049965 2.54970002
48.0373001 -8.96109962 3.9684999
48.1170998 -8.8614006 4.03495026
48.1261978 -8.87599945 5.52709961
48.0432014 -8.60669994 0.243300006
48.0821991 -8.75689983 0.565500021
48.0483513 -8.69799995 0.656200051
48.0834007 -8.73760033 1.87199998
48.0516014 -8.72659969 2.2881
48.1820984 -8.79150009 2.49519992
48.1939011 -8.77260017 4.08169985
48.0541992 -8.40970039 0.069600001
48.0624008 -8.44799995 0.303200006
48.1088219 -8.50969982 0.475620002
48.0798492 -8.51620007 0.671550035
48.1184006 -8.42539978 0.849099994
48.0872002 -8.53363323 1.06780005
48.1506996 -8.46479988 2.06850004
48.0964661 -8.34513378 0.329400003
48.0680313 -8.31429958 0.4824
48.1022377 -8.26496029 0.71638
48.0932503 -8.30634975 0.810199976
48.0727997 -8.22324944 1.08124995
48.1305008 -8.30490017 1.52810001
48.0914993 -8.33769989 1.99679995
48.0840988 -8.25653362 2.12360001
48.0454483 -8.28579998 2.34189987
48.0800018 -8.20349979 3.91989994
48.0512695 -8.10446644 0.505266666
48.0952988 -8.08704948 0.684899986
48.104599 -8.0291996 0.970200002
48.09655 -8.06844997 1.16505003
48.117382 -8.10086632 1.2879833
48.0758018 -8.12290001 1.52079999
48.0890999 -8.111866 2.12666678
48.1060562 -8.10533333 2.28691101
48.0138016 -8.00380039 2.42059994
48.1640472 -8.13545036 3.7416501
48.1139984 -8.13070011 3.88349986
48.0251007 -7.98010015 0.1347
48.1211014 -7.96939993 0.78490001
48.0900002 -7.9124999 1.09606671
48.0970001 -7.87765026 1.33284998
48.095253 -7.87954998 1.74749994
48.1875992 -7.95870018 1.86380005
48.0741997 -7.87160015 2.06655002
48.0993004 -7.94436646 2.2939167
48.1801987 -7.93260002 3.86549997
48.0642014 -7.71519995 0.128900006
48.0595779 -7.76237488 0.300449997
48.0032005 -7.62890005 1.17550004
48.0714989 -7.74179983 1.3113333
48.1335983 -7.66450024 1.42700005
48.0981979 -7.68949986 1.71140003
48.0351677 -7.68463326 1.85399997
48.1214981 -7.79460001 2.00679994
48.1971016 -7.63929987 3.56620002
48.0203476 -7.58104992 1.29834998
48.1094513 -7.53555012 1.52935004
48.0897484 -7.48849964 1.78219998
48.1004486 -7.51037502 1.89762497
48.1823997 -7.4829998 2.33159995
48.1603508 -7.47935009 2.50379992
48.0813408 -7.49198008 3.8515799
48.1576004 -7.21649981 1.36269999
48.0802002 -7.30380011 1.48580003
48.1297989 -7.38969994 1.8757
48.0383987 -7.23210001 3.31550002
48.1590347 -7.37830019 3.87179995
48.0536995 -7.32579994 4.01679993
48.0916519 -7.08925009 -0.737299979
48.0449524 -7.0798502 -0.533450007
48.1119003 -7.11656666 -0.294866681
48.093998 -7.07172012 -0.114859998
48.1063232 -7.04965019 0.0682749972
48.1229477 -7.06439972 3.10694981
48.1253014 -7.07989979 3.23569989
48.09935 -6.81470013 -1.71755004
48.1724014 -6.81829977 -1.51740003
48.1260986 -6.83440018 -1.09805
48.1599007 -6.99690008 -0.851700008
48.0808029 -6.99234962 -0.515949965
48.1170998 -6.96479988 -0.072800003
48.1790009 -6.99819994 0.0445000008
48.1017647 -6.94413328 0.256333351
48.0046997 -6.91569996 2.97309995
48.0886497 -6.94969988 3.08599997
48.0317001 -6.98579979 3.20230007
48.1349678 -6.68466663 -1.48683333
48.0824661 -6.72656679 -1.30326664
48.0910492 -6.75605011 -1.07774997
48.0863991 -6.70340014 3.17939997
48.0610352 -6.67406654 3.31130004
48.1549988 -6.52110004 0.507799983
48.1730766 -6.51900005 3.26962495
48.1903 -6.52860022 3.42050004
48.0407486 -6.30924988 -1.8326
48.0685997 -5.91205025 -1.82439995
48.0951996 -5.40080023 -1.83589995
48.1324997 -5.01940012 -1.84080005
48.0860977 -4.97700024 -1.8276999
48.171299 -4.4302001 -1.86930001
48.1521988 -4.22830009 -1.89479995
48.0143013 -4.00559998 -1.93330002
48.1500511 -3.90014982 -1.91494989
48.198101 -3.45309997 -1.91799998
48.0438499 -3.38089991 -1.94175005
48.0746994 -3.18309999 -1.94760001
48.0746994 -2.90639997 -1.94875002
48.1847992 -2.29130006 -1.96539998
48.0908508 -1.92090011 -1.98554993
48.0799484 -1.75325 -1.97944999
48.1540985 -1.47780001 -2.0072999
48.1029015 -1.50985003 -1.99705005
48.0424995 -1.3247 -2.05139995
48.0385017 -1.24249995 -0.694800019
48.0614014 -1.20879996 -0.326799989
48.1134987 -1.19749999 -2.04390001
48.0727501 -0.886799991 -2.04340005
48.0707016 -0.756099999 -2.04099989
48.0600014 -0.44295001 -2.05025005
48.1361008 -0.380499989 -2.08049989
48.1063004 -0.155000001 -2.0474999
48.3748016 -11.9407997 1.53929996
48.339901 -11.7147999 1.69159997
48.2947998 -11.4878998 1.3096
48.211998 -11.5103502 2.68715
48.2569008 -11.4521999 2.85640001
48.2308006 -11.3256998 1.31760001
48.2471008 -11.2639999 1.40579998
48.3213997 -11.2779999 1.73389995
48.2804985 -11.3387003 2.89369988
48.2345505 -10.66045 1.14420009
48.2546501 -10.7264004 1.23619998
48.3185005 -10.6331673 1.49903333
48.2910004 -10.5829 1.34070003
48.2585983 -10.5695 1.7313
48.3526993 -10.3781996 1.29830003
48.2837486 -10.3715496 1.52835
48.3684998 -10.2799997 1.82480001
48.3016014 -10.0183001 2.02729988
48.339653 -10.0874004 3.37440014
48.3958511 -10.1224003 3.44150019
48.3133011 -10.1194 3.65219998
48.3685989 -10.1759996 3.8448
48.3322525 -9.91954994 1.5076499
48.2724762 -9.93177509 3.86012506
48.2734985 -9.72049999 1.58589995
48.2402 -9.59379959 1.38329995
48.2420006 -9.56470013 2.06760001
48.2961998 -9.53110027 3.18959999
48.2799988 -9.45250034 3.23110008
48.2089005 -9.27779961 0.88499999
48.2544594 -9.28524017 1.14276004
48.3148003 -9.30580044 1.30369997
48.3313675 -9.32196617 3.30796671
48.2303009 -9.07075024 0.495350003
48.3171005 -9.06690025 0.745700002
48.3500977 -9.12660027 0.949849963
48.3420029 -9.0927496 2.96679997
48.2340012 -9.1335001 3.16100001
48.3296013 -8.89470005 0.196099997
48.2547493 -8.91594982 0.50090003
48.3972015 -8.81280041 0.663900018
48.2519989 -8.95779991 0.890799999
48.3329468 -8.93830013 1.09280002
48.2327003 -8.93280029 1.68719995
48.2844009 -8.82839966 2.58730006
48.3383484 -8.90769958 2.69994998
48.3143005 -8.90649986 2.95370007
48.298851 -8.83940029 3.0404501
48.3969994 -8.80029964 3.38490009
48.2817001 -8.85519981 3.5703001
48.2123985 -8.80480003 4.01719999
48.3514023 -8.8845005 5.1157999
48.3297997 -8.70167542 0.481299996
48.3700485 -8.68675041 0.669800043
48.2122993 -8.61410046 0.945100009
48.2862015 -8.61439991 2.14369988
48.3216476 -8.74637508 2.8661499
48.3222008 -8.60760021 3.3915
48.3071518 -8.68414974 3.49895
48.2933998 -8.78559971 3.62059999
48.2993164 -8.71399975 5.26939964
48.2002983 -8.70839977 5.41309977
48.3695984 -8.50209999 0.534399986
48.3114014 -8.4296999 0.862650037
48.3396988 -8.4907999 1.49870002
48.3730011 -8.47189999 3.08850002
48.3679008 -8.59790039 3.41790009
48.2363014 -8.52910042 4.05140018
48.34375 -8.47529984 5.34329987
48.2481995 -8.27530003 0.541899979
48.2071991 -8.27649975 0.757200003
48.2913017 -8.30799961 0.930000007
48.3138008 -8.2894001 1.00310004
48.2750015 -8.21360016 2.08439994
48.2158012 -8.27869987 2.26810002
48.3108673 -8.29923344 3.28526664
48.3521004 -8.24750042 3.56110001
48.2383003 -8.31633377 3.64513326
48.3858986 -8.30659962 5.33760023
48.2612991 -8.06394958 1.05419993
48.3090515 -8.12139988 1.64794993
48.2840996 -8.10550022 2.00629997
48.2717972 -8.1079998 2.25465012
48.2709007 -8.17082024 3.69397998
48.2118988 -7.83080006 0.822399974
48.2987404 -7.96396017 1.08871996
48.337101 -7.94320011 1.25049996
48.3675003 -7.98990011 1.48979998
48.2505989 -7.81290007 1.71860003
48.2667999 -7.81010008 2.16260004
48.2891808 -7.90471983 2.32848001
48.2563019 -7.84329987 3.54719996
48.2994003 -7.82520008 3.79369998
48.20895 -7.94659996 3.85704994
48.2510986 -7.75670004 0.715799987
48.3739014 -7.6869998 1.05540001
48.3035393 -7.73925972 1.27686
48.2324982 -7.73880005 1.51590002
48.3987999 -7.76989985 2.12809992
48.3972015 -7.74020004 2.73409986
48.344059 -7.67662001 2.85355997
48.3255234 -7.69992495 3.69612503
48.3367004 -7.6631999 3.80760002
48.2346001 -7.67390013 4.78539991
48.3341331 -7.66029978 4.89243317
48.3008499 -7.55695009 1.28670001
48.2861023 -7.41794968 1.4230001
48.2980614 -7.47836018 2.29317999
48.2436523 -7.45510006 2.47749996
48.302475 -7.45355034 3.87177515
48.3860016 -7.51020002 4.77930021
48.3570023 -7.54726648 4.88980007
48.3642006 -7.51170015 5.01520014
48.3400002 -7.2887001 0.25940001
48.2591019 -7.37720013 1.04809999
48.2873726 -7.33201408 1.3426429
48.3116493 -7.28008318 1.44891667
48.2638474 -7.33185005 2.52995014
48.2254982 -7.21460009 2.89269996
48.3508987 -7.22020006 3.05940008
48.3071327 -7.28509998 3.8652668
48.3652 -7.3440752 4.91149998
48.2815323 -7.27416658 5.11399984
48.3084984 -7.03919983 -0.878199995
48.2845001 -7.02174997 -0.729449987
48.3155785 -7.05991983 -0.515739977
48.3098831 -7.08283329 -0.328599989
48.2871017 -7.03867149 -0.0957714319
48.244133 -7.06846666 0.0891999975
48.3148003 -7.0079999 0.218500003
48.3750992 -7.11350012 1.38300002
48.3764496 -7.17700005 1.51900005
48.3307991 -7.09709978 2.16910005
48.2272987 -7.18520021 2.77040005
48.3312607 -7.0987401 2.96472001
48.2429657 -7.09079981 3.05900002
48.3372269 -7.04877472 3.84800005
48.3908005 -7.18979979 4.0302
48.3792992 -7.18669987 4.95590019
48.3782005 -7.09499979 5.0927
48.2977524 -6.81130028 -1.70615005
48.3460999 -6.83620024 -1.35109997
48.2787018 -6.87709999 -1.03049994
48.2622528 -6.93430042 -0.883550048
48.3632736 -6.96595001 -0.106849998
48.2835617 -6.89987993 0.351099998
48.3445015 -6.93790007 2.24909997
48.3875008 -6.90579987 2.55299997
48.3143005 -6.98500013 2.90440011
48.2980003 -6.93235016 3.09925008
48.2346001 -6.95300007 3.77189994
48.2958755 -6.90245008 3.91525006
48.276001 -6.8130002 4.08620024
48.2747993 -6.7343998 -1.81190002
48.2804832 -6.74383354 -1.72238326
48.3168983 -6.7723999 -1.58879995
48.277874 -6.73252487 -1.11772501
48.3237 -6.70730019 0.361400008
48.3755989 -6.7198 2.13120008
48.3221245 -6.70667505 3.10965014
48.2507019 -6.67449999 3.3132
48.3265495 -6.73339987 3.95157504
48.3076859 -6.69500017 4.08348322
48.2515984 -6.59240007 -1.80649996
48.2549515 -6.53119993 0.486499995
48.3170013 -6.52099991 2.19000006
48.3291016 -6.57289982 2.24670005
48.3811989 -6.51119995 2.89590001
48.3361511 -6.52272511 3.12782502
48.2554016 -6.52882004 3.24596
48.342701 -6.50360012 4.17729998
48.3120995 -6.26596642 3.15919995
48.2761497 -6.32859993 3.32424998
48.3806 -6.1107502 2.86525011
48.3640327 -6.11046648 3.08920002
48.3358994 -6.11980009 3.28118563
48.2994003 -5.97009993 -1.84350002
48.3014984 -5.99660015 3.49580002
48.3553009 -5.39470005 -1.87600005
48.3156509 -3.94934988 -1.91715002
48.2971497 -3.76635003 -1.91945004
48.2507019 -3.50239992 -1.9137001
48.3731003 -2.84150004 -2.01079988
48.3169327 -2.68289995 -1.96836662
48.225399 -2.43300009 -1.97580004
48.3730011 -2.23110008 -1.98409998
48.2382011 -2.19880009 -1.98950005
48.2442017 -1.87189996 -2.02999997
48.3446999 -1.92246664 -1.98440003
48.2766991 -1.47090006 -2.02320004
48.3037987 -1.32233334 -2.02750015
48.2785988 -1.25709999 -0.706900001
48.2151985 -1.03600001 -0.561100006
48.3067017 -1.17739999 -0.30430001
48.2921677 -0.888633311 -2.03929996
48.2566528 -0.44569999 -2.06685019
48.4423485 -11.8922005 1.20904994
48.5039978 -11.9085255 1.47255003
48.4230995 -11.9548998 1.60640001
48.4073982 -11.6330996 1.06079996
48.4577332 -11.7455339 1.36430001
48.5042686 -11.7170668 1.50323331
48.5056 -11.5768003 1.38059998
48.5752983 -11.4849005 1.4576
48.4710007 -11.5618 1.80229998
48.4538002 -11.2881002 1.53830004
48.5241013 -11.0768995 -1.21290004
48.5135994 -11.0264997 -1.05359995
48.5802994 -11.0335999 1.38409996
48.5458984 -10.6477499 1.64855003
48.5466003 -10.6113005 1.81439996
48.4522018 -10.0941 3.20079994
48.4247017 -10.1078997 3.7355001
48.4570007 -10.184 4.01350021
48.5241013 -9.98219967 1.89240003
48.4830017 -9.86485004 3.22959995
48.4165001 -9.8362999 3.63870001
48.5587997 -9.7635498 2.14030004
48.5890007 -9.62520027 2.30119991
48.532032 -9.71573353 3.15859985
48.5060005 -9.68239975 3.23535013
48.5138512 -9.66240025 3.76515007
48.5361252 -9.47325039 3.06707501
48.5946999 -9.52939987 3.2184999
48.527565 -9.26653385 3.10626674
48.5700989 -9.26930046 3.31955004
48.5399017 -9.28443336 3.48449993
48.4698982 -9.26379967 4.11159992
48.4109993 -9.02929974 1.05830002
48.521347 -9.12615013 3.06360006
48.4590988 -9.03235054 4.10369968
48.4239006 -8.92140007 0.921800017
48.5032997 -8.95269966 3.71499991
48.4779015 -8.76259995 0.59009999
48.4758682 -8.71326637 0.703400016
48.5447006 -8.62849998 1.72865009
48.4316483 -8.62540054 2.15999985
48.536499 -8.62909985 2.45180011
48.4660988 -8.74250031 2.76384997
48.4119987 -8.76089954 2.83109999
48.4361 -8.79329967 4.07840014
48.5423508 -8.7560997 5.11089993
48.4819489 -8.72344971 5.22169971
48.4110489 -8.50029945 0.706349969
48.4819984 -8.4803009 0.876649976
48.5265999 -8.44979954 1.76310003
48.4339981 -8.56869984 2.36290002
48.4341011 -8.50559998 3.4217
48.5709 -8.58220005 3.92569995
48.5146217 -8.4708395 5.1461401
48.5115662 -8.50380039 5.3217001
48.5355988 -8.57175064 5.40435028
48.4570999 -8.23390007 1.8154
48.4777527 -8.29330063 3.18230009
48.4216995 -8.23289967 3.21460009
48.4812012 -8.27079964 3.49655008
48.5979996 -8.36069965 4.75969982
48.5838013 -8.30590057 4.90899992
48.5314331 -8.31703377 5.09273338
48.5283012 -8.26200008 5.21350002
48.4393005 -8.01169968 1.10380006
48.4543991 -8.00020027 1.34979999
48.4252014 -8.05529976 2.18149996
48.547699 -8.09749985 5.3755002
48.4042015 -7.8045001 0.957799971
48.5404015 -7.9080801 1.08632004
48.4876137 -7.87938547 1.2851429
48.5245018 -7.82089996 1.5165
48.5348969 -7.87435007 2.16525006
48.5994987 -7.82520008 3.58089995
48.5575676 -7.90876675 5.30800009
48.4762497 -7.91235018 5.49050045
48.5373993 -7.77440023 0.749100029
48.4802475 -7.73789978 1.08905005
48.480732 -7.69269991 1.24796665
48.540802 -7.67275 1.97444999
48.4854012 -7.66415024 2.04930019
48.5247993 -7.61299992 2.21620011
48.5217972 -7.6243 2.74694991
48.4133987 -7.62639999 2.81830001
48.5470009 -7.65810013 4.74230003
48.5099754 -7.65679979 4.85002518
48.5424995 -7.77439976 5.2350502
48.4905014 -7.74189997 5.4850502
48.5819016 -7.41680002 0.985899985
48.4731331 -7.4897666 1.18610001
48.4970398 -7.5177598 1.32272005
48.5488014 -7.59049988 1.46710002
48.5431404 -7.45484018 2.10556006
48.5103493 -7.43844986 2.26154995
48.4519997 -7.51586008 2.89055991
48.5075989 -7.43976688 3.69700003
48.4562988 -7.47459984 3.88000011
48.537899 -7.59019995 4.77829981
48.5085983 -7.44390011 4.8513999
48.4949493 -7.4444499 5.17615032
48.5133018 -7.25220013 0.198599994
48.5309982 -7.30544996 1.10570002
48.5088997 -7.28739977 1.32070005
48.5367508 -7.24900007 1.4619
48.4984016 -7.28146648 2.15050006
48.4801483 -7.37265015 2.22035003
48.4851303 -7.29760027 2.67053342
48.4616737 -7.33650017 2.93337488
48.4571991 -7.28399992 3.69985008
48.4830818 -7.31627989 3.83855987
48.5384674 -7.32359982 4.74650002
48.5211411 -7.27802849 4.88527155
48.4555511 -7.30010033 5.04329967
48.552002 -7.32705021 5.29230022
48.5227242 -7.07462502 -0.890174985
48.4853249 -7.06237507 -0.708249986
48.5387001 -7.10745001 -0.490399987
48.4628983 -7.07534981 -0.325649977
48.484066 -7.00756693 -0.0417999998
48.4748497 -7.02614975 0.0675999969
48.4960022 -7.02815008 0.262099981
48.5293694 -7.13683367 1.36076665
48.4471016 -7.13246012 1.50974
48.5283356 -7.17989969 2.15023327
48.5370483 -7.08500004 2.45024991
48.4971008 -7.18755007 2.75749993
48.5124321 -7.05443335 2.92510009
48.5606003 -7.13969994 3.80010009
48.4305 -7.14179993 5.04839993
48.4714012 -6.8579998 -1.65989995
48.4745483 -6.84135008 -1.07984996
48.5413017 -6.90473318 -0.956099987
48.4415016 -6.83599997 -0.656799972
48.5905991 -6.86429977 -0.345299989
48.5503998 -6.96740007 -0.0498999991
48.4723244 -6.9534502 0.0729999989
48.4546013 -6.83090019 0.361000001
48.4876785 -6.90040016 2.12427998
48.5260811 -6.90237999 2.33716011
48.4168015 -6.90273333 2.50603342
48.4948006 -6.90010023 2.9065001
48.4413986 -6.89340019 3.16604996
48.5355682 -6.95956659 3.29879999
48.4990311 -6.8915 3.86520004
48.5378265 -6.70739985 -1.71090007
48.4926529 -6.72464991 -1.48724997
48.4768982 -6.72457504 -1.29357505
48.4574509 -6.66384983 -1.16369998
48.5331993 -6.73769999 -0.94630003
48.4925995 -6.71869993 2.12919998
48.5189514 -6.68000031 2.26760006
48.5677986 -6.77750015 2.49690008
48.5141983 -6.61695004 2.93199992
48.4855003 -6.74760008 3.10133338
48.5600014 -6.7816 3.27659988
48.5130348 -6.71780014 3.92794991
48.4445992 -6.7645998 4.0401001
48.4585991 -6.43109989 -1.86099994
48.4225006 -6.57445002 -1.29320002
48.4071999 -6.44570017 0.498800009
48.4624023 -6.53009987 2.24224997
48.5864983 -6.48190022 2.73119998
48.5629234 -6.531425 2.90902495
48.472599 -6.49437523 3.05727506
48.5951004 -6.54949999 4.94250011
48.5116005 -6.36829996 2.37730002
48.5788994 -6.35669994 2.53049994
48.4977989 -6.2670002 2.76990008
48.5232811 -6.30257988 2.89238
48.4742508 -6.33255005 3.06920004
48.4160995 -6.3192997 3.29304981
48.4525986 -6.17299986 -1.87820005
48.4735794 -6.10393333 3.0899334
48.4367981 -6.09719992 3.20359993
48.593399 -5.92679977 3.2341001
48.4104004 -4.90859985 -1.8829
48.5547333 -4.50703335 -1.90063334
48.4411011 -3.04789996 -1.93739998
48.4902992 -2.84299994 -1.94920003
48.5469017 -2.63140011 -1.95659995
48.5555992 -2.53209996 -1.98839998
48.4972992 -2.22749996 -1.96249998
48.5976982 -1.97669995 -2.01830006
48.5012512 -1.9207499 -1.99339998
48.5808029 -1.69064999 -2.03754997
48.4107018 -1.53180003 -2.00270009
48.5341988 -1.33529997 -2.03404999
48.510601 -1.27470005 -0.674300015
48.5922012 -1.18589997 -2.05819988
48.5597 -1.02820003 -0.694800019
48.5149994 -1.15180004 -0.472900003
48.5568008 -1.14740002 -0.346399993
48.5053482 -0.860849977 -2.05635023
48.5054016 -0.546549976 -2.06355
48.5208015 -0.369899988 -2.08119988
48.4910011 -0.114699997 -2.08200002
48.7557983 -11.6515999 1.5395
48.6189003 -11.4404001 1.36909997
48.7815018 -11.4203997 1.72619998
48.7334595 -11.3346004 1.33193994
48.7603989 -11.3736 1.44299996
48.7532997 -10.9285002 1.58850002
48.7947998 -10.7873001 1.53489995
48.6220016 -10.4432001 -1.07190001
48.7680016 -10.1016998 2.10700011
48.7015343 -10.0706663 2.74303341
48.7625999 -9.97179985 2.96639991
48.7536011 -9.92129993 3.921
48.7013016 -9.68459988 2.12919998
48.6954994 -9.66429996 2.3131001
48.7723007 -9.70980072 4.03509998
48.7663002 -9.45390034 2.43109989
48.7509003 -9.5777998 3.73779988
48.713501 -9.32826614 1.31243336
48.7226982 -9.23400021 3.03379989
48.7269516 -9.21665001 3.4770999
48.703701 -9.14540005 1.17320001
48.6208992 -9.15909958 2.95600009
48.7038002 -9.07199955 3.32450008
48.6205521 -9.08940029 3.4309001
48.7844009 -8.91209984 2.87870002
48.7709999 -8.96319962 3.22410011
48.6379013 -8.9861002 4.20849991
48.6949997 -8.67475033 2.5158
48.7776031 -8.63875008 2.72490001
48.7914009 -8.77830029 2.97930002
48.72295 -8.71045017 3.30299997
48.6231003 -8.77999973 5.07340002
48.6198006 -8.71380043 5.29434967
48.7667999 -8.67380047 5.70440006
48.6379013 -8.48709965 0.958400011
48.6109009 -8.51830006 1.03349996
48.6744003 -8.49090004 1.7895
48.7288017 -8.59420013 1.82679999
48.7562485 -8.50499916 2.07739997
48.6677017 -8.41950035 3.77160001
48.6008987 -8.50459957 5.01359987
48.7980003 -8.56210041 5.52600002
48.7909012 -8.47850037 5.76679993
48.782547 -8.44309998 5.89449978
48.7991982 -8.22949982 1.69120002
48.7243004 -8.34869957 3.1809001
48.7301483 -8.27250004 3.29145002
48.6490021 -8.34774971 3.46490002
48.7338982 -8.21693325 4.71043348
48.6476669 -8.24526691 4.88343334
48.7067032 -8.21609974 5.0862999
48.799099 -8.08349991 1.5395
48.7789993 -8.17315006 1.64894998
48.7444992 -8.12450027 3.63759995
48.7072983 -8.17000008 4.67299986
48.734623 -8.11199951 4.86837482
48.7210007 -8.03349972 5.19140005
48.7074013 -8.19419956 5.29440022
48.7590485 -8.14645004 5.44254971
48.6556015 -7.8682003 0.980350018
48.7046509 -7.86627483 1.11004996
48.6234016 -7.84259987 1.31869996
48.7636986 -7.9829998 1.42149997
48.7720985 -7.9612999 2.06299996
48.6316986 -7.95249987 3.56419992
48.6871986 -7.99209976 3.60770011
48.727066 -7.88019991 4.73443317
48.7135658 -7.92163324 4.90199995
48.7868004 -7.91949987 5.11149979
48.6306 -7.88369989 5.4552002
48.6404686 -7.6791997 0.89956665
48.6298332 -7.73309994 1.0776
48.7005653 -7.75973368 1.23646665
48.7032013 -7.7737999 1.79949999
48.6687508 -7.68235016 1.93534994
48.7171669 -7.71850014 2.07003331
48.6013985 -7.7361002 2.25090003
48.6748238 -7.71759987 4.69869995
48.717701 -7.68319988 4.83799982
48.7326012 -7.58099985 0.909600019
48.7687492 -7.44810009 1.07365
48.6055984 -7.56780005 1.20529997
48.6682739 -7.46294975 2.10347509
48.7677002 -7.47749996 2.59619999
48.7397003 -7.45529985 2.77780008
48.6851997 -7.50213337 2.87913346
48.6847 -7.51055002 4.74394989
48.6946335 -7.43656683 4.83833313
48.626049 -7.44250011 5.0954504
48.719101 -7.26760006 0.229399994
48.7701988 -7.38460016 1.10450006
48.6882133 -7.31032848 2.11769986
48.7466316 -7.3232336 2.25933337
48.6338997 -7.39940023 2.4928
48.7527008 -7.31336641 2.75526667
48.6664009 -7.39099979 2.8269999
48.6437988 -7.31914997 3.70624995
48.7331657 -7.30069971 4.74690008
48.7274666 -7.2439332 4.86306667
48.6828995 -7.32079983 5.20459986
48.7027016 -7.0461998 -0.962899983
48.6898499 -7.08829975 -0.694299996
48.7418327 -7.04139996 -0.536633313
48.7279663 -7.0814333 -0.292433321
48.6604004 -7.06479979 -0.0637333319
48.6434021 -7.10050011 0.297600001
48.6399994 -7.0946002 1.40390003
48.6844482 -7.05599976 2.13645005
48.7209244 -7.09670019 2.22977495
48.7280998 -7.01100016 2.4677
48.7316666 -7.09730005 2.69856668
48.7122993 -7.09581995 2.93316007
48.7375984 -7.11374998 3.9131999
48.6987991 -7.02190018 4.65980005
48.6893005 -7.1590004 4.85685015
48.7112007 -7.1821003 5.09570026
48.7798004 -7.0637002 5.24240017
48.7306519 -6.85490036 -1.55355
48.6184998 -6.89709997 -1.05799997
48.7203522 -6.99259996 -0.919399977
48.7709007 -6.95660019 -0.745700002
48.7206001 -6.9800334 -0.0901333317
48.6996002 -6.92045021 0.0439499989
48.7135506 -6.95454979 0.304949999
48.6837006 -6.84119987 1.88139999
48.7013893 -6.88439989 2.08915997
48.7598991 -6.80359983 2.25169992
48.6401672 -6.90153313 2.45383334
48.6435013 -6.89050007 2.76090002
48.6637993 -6.82380009 2.98749995
48.6287994 -6.89330006 3.04209995
48.6823997 -6.8684001 3.43009996
48.7057991 -6.84840012 3.64269996
48.7116013 -6.86079979 3.81929994
48.7471008 -6.99469995 5.01370001
48.7106667 -6.73059988 -1.84093332
48.6119995 -6.78030014 -1.71340001
48.6918411 -6.74968004 -1.48899996
48.6977654 -6.6882 -1.35436666
48.7207756 -6.72817516 -1.10389996
48.7089996 -6.72489977 1.97389996
48.7170334 -6.73558331 2.14256668
48.6633492 -6.69254971 2.31890011
48.6876488 -6.73890018 2.43965006
48.721199 -6.68554974 2.97004986
48.691433 -6.6907835 3.71134996
48.7570496 -6.66820002 3.81215
48.7464981 -6.62639999 4.99230003
48.6714478 -6.56890011 0.440649986
48.7018013 -6.4688797 2.50358009
48.6973877 -6.50307131 2.70284271
48.7014999 -6.5272665 2.90740013
48.757 -6.54939985 3.78649998
48.7686005 -6.56029987 3.87010002
48.6745987 -6.57499981 4.89349985
48.7588997 -6.47599983 5.08430004
48.7262001 -6.23309994 -1.8448
48.7639008 -6.33190012 -0.966199994
48.6491013 -6.36250019 2.26079988
48.6966019 -6.37050009 2.54986668
48.713398 -6.2918334 2.88703322
48.766201 -6.24800014 3.03399992
48.7422485 -6.15960026 2.69744992
48.7264328 -6.08913326 2.93613338
48.7163544 -6.08109999 3.09695554
48.72995 -6.02565002 3.30209994
48.6638756 -5.91569996 2.96595001
48.6859207 -5.92350006 3.10424995
48.672451 -5.90078354 3.31436658
48.7148018 -5.89992523 3.43537498
48.6846313 -5.70863342 3.26749992
48.6744995 -5.42070007 -1.88829994
48.6016006 -4.63859987 -1.93659997
48.7330017 -4.37820005 -1.91949999
48.6301003 -4.04409981 -1.92120004
48.6612015 -3.62945008 -1.97195005
48.7341003 -3.43129992 -1.95229995
48.7074509 -2.91569996 -1.97109997
48.6657982 -2.72440004 -2.02649999
48.7386017 -2.77559996 -1.99510002
48.7439995 -2.34820008 -1.98870003
48.6899986 -2.19129992 -2.01220012
48.7332993 -2.05040002 -2
48.6612015 -1.9253 -2.0065999
48.7237015 -1.49839997 -2.02519989
48.7450981 -1.26569998 -2.03970003
48.706501 -1.04540002 -2.05060005
48.6701012 -1.00039995 -0.537699997
48.7900009 -1.17980003 -0.317400008
48.7839012 -0.868099988 -2.05010009
48.7061501 -0.689300001 -2.0697999
48.7164001 -0.463166684 -2.07373333
48.7011986 -0.0612000003 -2.10739994
48.8978004 -11.4327002 1.38950002
48.8977013 -11.2539997 1.45609999
48.8244019 -11.3987999 1.64929998
48.922451 -11.0466995 1.54130006
48.8927994 -11.0355997 1.70560002
48.9115257 -10.9387493 1.50594997
48.9544983 -10.9666996 1.755
48.8751526 -10.5052509 1.87874997
48.8916016 -10.302 -1.16559994
48.9914017 -10.2389002 2.01069999
48.8372002 -10.1962996 2.0316
48.8735008 -9.85910034 2.33430004
48.9571991 -9.83930016 3.2342999
48.9071007 -9.99429989 3.63059998
48.9111481 -9.73974991 3.26224995
48.908699 -9.43560028 3.69190001
48.914299 -9.22729969 1.3786
48.9210014 -9.33549976 3.67269993
48.9487991 -9.01589966 1.22899997
48.8471527 -9.14089966 1.4841001
48.8809013 -9.17010021 3.01830006
48.8490982 -9.13729954 4.11289978
48.8404007 -8.87839985 1.42379999
48.9573517 -8.89760017 2.71285009
48.9744034 -8.92194939 3.09665012
48.9033012 -8.7802 2.71350002
48.8662987 -8.78046703 3.04313326
48.9353981 -8.79730034 3.21620011
48.8506012 -8.56739998 1.08870006
48.9361 -8.5539999 1.83010006
48.9045982 -8.54930019 2.21009994
48.8398018 -8.42650032 5.29759979
48.8700981 -8.40180016 5.4513998
48.8708992 -8.39439964 1.27450001
48.9202499 -8.28585052 1.74900007
48.9435005 -8.32110023 2.17070007
48.9314995 -8.35060024 3.15120006
48.9486008 -8.20489979 3.29189992
48.8506012 -8.24950027 3.55010009
48.9077988 -8.2986002 4.75600004
48.8344002 -8.31130028 5.32070017
48.8683014 -8.31973362 5.53569984
48.8451996 -8.39459991 5.64370012
48.9395485 -8.08090019 0.949650049
48.9489517 -8.04979992 1.04699993
48.8878021 -8.07610035 1.33466005
48.8951988 -8.14459991 1.51849997
48.8723526 -8.10515022 1.66339993
48.91045 -8.02865028 1.87629998
48.9379997 -8.19120026 2.03990006
48.9986 -8.12769985 2.42810011
48.9855003 -8.12370014 3.33719993
48.9202003 -8.06430054 4.95609999
48.887001 -8.05210018 5.03719997
48.9054985 -8.01889992 5.33599997
48.914299 -7.81720018 0.999000013
48.8036003 -7.86079979 1.06330001
48.9241753 -7.86994982 1.30704999
48.8800392 -7.88594007 1.50453997
48.8934021 -7.90330029 1.70074999
48.9358978 -7.87255001 1.82190001
48.978199 -7.80789995 2.6565001
48.9412003 -7.90925026 5.30160046
48.9855003 -7.89209986 5.40070009
48.8754005 -7.74969959 0.931550026
48.8700981 -7.7203002 1.09140003
48.9687004 -7.73320007 1.35339999
48.9131012 -7.73643351 1.52160001
48.9737015 -7.71999979 1.62660003
48.9196243 -7.70222521 1.90509999
48.8712273 -7.67637157 2.13101435
48.9634018 -7.60370016 2.80130005
48.8989983 -7.49980021 1.22959995
48.8870659 -7.57086658 1.87213337
48.9059982 -7.5237999 2.16499996
48.884201 -7.46005011 2.53700018
48.8247986 -7.43489981 2.8361001
48.894001 -7.47480011 4.78789997
48.8097 -7.45319986 4.80959988
48.8697014 -7.21880007 -0.941399992
48.8965988 -7.26690006 0.267399997
48.8907013 -7.31419992 2.28999996
48.9665985 -7.21759987 2.41645002
48.8350983 -7.24660015 3.80749989
48.9356003 -7.21969986 4.17679977
48.8627739 -7.26224995 4.29677486
48.8560982 -7.23059988 4.46570015
48.8987007 -7.32995033 4.76469994
48.9489975 -7.27675009 4.88285017
48.8351974 -7.07025003 -0.819149971
48.9504662 -7.10223341 -0.673333347
48.8908615 -7.07753992 -0.49368
48.9398651 -7.02826691 -0.330466658
48.9169998 -7.01749992 0.066200003
48.8726006 -7.07999992 0.405000001
48.8294983 -7.18300009 2.12179995
48.8557663 -7.10773325 2.30660009
48.8560677 -7.08820009 2.48533344
48.9360504 -7.08409977 2.6557498
48.9275513 -7.0706501 2.91909981
48.8649673 -7.13803339 3.82746673
48.9534988 -7.14580011 4.38450003
48.8666 -7.08283329 4.48893309
48.9241409 -7.06867981 4.72603989
48.912735 -7.10741663 4.93431664
48.9077606 -7.13422012 5.09615993
48.8787994 -6.82520008 -1.6846
48.8348999 -6.92600012 -1.03310001
48.8730469 -6.93949986 -0.952399969
48.9564018 -6.99660015 -0.662500024
48.9911995 -6.94460011 -0.434500009
48.8892975 -6.98775005 -0.283600003
48.9143524 -6.98165035 -0.0315999985
48.9379005 -6.99030018 0.311500013
48.9164009 -6.87540007 2.06629992
48.8101997 -6.90740013 2.23309994
48.9281769 -6.95777512 2.47882509
48.912365 -6.90978336 2.71834993
48.903801 -6.89649963 2.86452508
48.9925995 -6.80509996 3.06599998
48.8745995 -6.93660021 4.45289993
48.941967 -6.90613317 4.7003665
48.9445992 -6.89013338 4.84916687
48.9313011 -6.91680002 5.07730007
48.9706993 -6.72090006 -1.80540001
48.8727036 -6.74604988 -1.62744999
48.8903999 -6.74550009 -1.42295003
48.8823318 -6.70026684 -1.2948333
48.9284401 -6.69430017 -1.11987996
48.8428001 -6.61229992 0.421400011
48.9017982 -6.68300009 1.98020005
48.8372002 -6.65399981 2.0480001
48.8698006 -6.66149998 2.32739997
48.8933487 -6.72702503 2.53667498
48.928299 -6.7677002 2.74500012
48.9687004 -6.64849997 2.80380011
48.8869019 -6.61439991 3.01180005
48.9548988 -6.69210005 3.76959991
48.9188004 -6.79510021 4.3743
48.9889984 -6.71089983 4.57219982
48.9309387 -6.73992014 4.72168016
48.8975677 -6.65170002 4.88511658
48.9313507 -6.53754997 -1.86164999
48.8757019 -6.58500004 -1.26359999
48.8310013 -6.57959986 -1.12150002
48.8763504 -6.50864983 0.491283327
48.8796997 -6.51909971 2.07556677
48.8875732 -6.48974991 2.38549995
48.8923492 -6.50223351 2.47676659
48.8546982 -6.54379988 2.62719989
48.8974991 -6.50530005 2.88726664
48.9384003 -6.57480001 4.3915
48.9534988 -6.53030014 4.71729994
48.8687592 -6.52424002 4.91862011
48.9434319 -6.45056677 5.04513311
48.9421005 -6.37794971 2.47149992
48.8744507 -6.27169991 2.91965008
48.8937988 -6.25549984 3.03469992
48.8773003 -6.1171999 -1.85889995
48.8185997 -6.11915016 2.68895006
48.8935013 -6.08100033 3.08874989
48.8904991 -5.99130011 -1.85570002
48.9804993 -5.86560011 2.8757
48.8908234 -5.90954971 3.09784985
48.9317017 -5.86320019 3.22020006
48.9617004 -5.8579998 4.28900003
48.8520012 -5.69016695 -1.86373329
48.8952484 -5.77664995 2.9458499
48.881649 -5.68289995 3.12374997
48.9870987 -5.67799997 3.24970007
48.8473015 -5.56920004 -1.88409996
48.980999 -5.59740019 2.9928
48.975399 -5.39139986 3.07189989
48.8932495 -5.03695011 -1.90680003
48.9073982 -4.68860006 -1.91480005
48.8380013 -4.55709982 -1.94760001
48.9888 -3.95099998 -1.91030002
48.979599 -3.59750009 -1.98360002
48.9332504 -3.27605009 -1.96155
48.8330994 -3.03489995 -2.01139998
48.9504013 -2.87150002 -1.9569
48.9303017 -2.47799993 -2.00500011
48.9990005 -2.41980004 -1.99150002
48.8378525 -2.35384989 -1.99460006
48.8993988 -2.04570007 -2.02189994
48.8938522 -1.89039993 -2.02085018
48.8712006 -1.4909333 -2.03049994
48.8948517 -1.32010007 -2.04745007
48.8857346 -1.13040006 -2.07243347
48.928299 -1.04100001 -0.624499977
48.8226013 -0.913100004 -2.07329988
48.837101 -0.695200026 -2.07240009
48.9080505 -0.383450001 -2.08545017
48.876297 -0.0961499959 -2.11004996
49.151001 -12.5866003 -1.27479994
49.1288986 -12.0559998 -1.09539998
49.1949005 -11.8614998 1.63129997
49.1772499 -11.6367998 1.69149995
49.1139984 -11.7554998 2.55870008
49.0475006 -11.3887997 -1.15629995
49.1806984 -11.3260002 1.58169997
49.1138535 -11.3653507 1.67779994
49.1374016 -11.2378998 1.82609999
49.1987 -11.0755997 1.48210001
49.1299515 -10.9645004 1.65090001
49.0848312 -10.9140997 1.87776673
49.1337013 -10.7986002 1.20360005
49.1591988 -10.6478004 1.59940004
49.1418991 -10.7868996 1.63349998
49.0175018 -10.7540998 1.82630002
49.0157013 -10.5902996 1.63469994
49.0219994 -10.3534002 2.09150004
49.1286469 -10.0921993 2.0942502
49.0293999 -10.0881996 2.2104001
49.0155983 -9.64789963 -1.21749997
49.0943985 -9.7262001 -1.13180006
49.1393013 -9.61009979 2.23950005
49.0424004 -9.59809971 2.39919996
49.1169014 -9.24940014 3.22420001
49.1086502 -9.02740002 1.28614998
49.0820007 -8.85840034 2.61290002
49.1105995 -8.73419952 1.19770002
49.0267982 -8.75769997 1.82430005
49.1218987 -8.77799988 3.07550001
49.0988007 -8.6576004 3.24499989
49.0896988 -8.59350014 4.01060009
49.1767998 -8.20440006 1.11520004
49.1591988 -8.29800034 1.3757
49.0837479 -8.32914925 1.57809997
49.1004028 -8.27009964 1.88435006
49.0449982 -8.30980015 2.02819991
49.0890999 -8.22290039 2.2881999
49.1917 -8.26264954 2.49714994
49.014801 -8.3519001 4.74940014
49.1152992 -8.20320034 4.86359978
49.1827011 -8.09749985 0.967400014
49.128376 -8.07750034 1.07665002
49.1291008 -8.14710045 1.26100004
49.0229988 -8.12940025 1.62899995
49.0646324 -8.11316681 1.88873339
49.0027008 -8.12769985 3.62540007
49.1450005 -8.08520031 4.86180019
49.1592484 -7.93869972 1.07459998
49.0172005 -7.89599991 1.48160005
49.0269012 -7.96210003 2.26780009
49.0173988 -7.96390009 3.44580007
49.1246681 -7.91709995 4.71176672
49.0903015 -7.97510004 4.91580009
49.0397987 -7.88920021 5.29640007
49.1391983 -7.90159988 5.42980003
49.0391502 -7.704 1.32334995
49.0391006 -7.60230017 1.55789995
49.0578003 -7.75320005 1.63
49.1269341 -7.75960016 1.90953326
49.0233002 -7.7645998 2.07430005
49.1018982 -7.73204994 2.38654995
49.0742493 -7.74880028 2.47595
49.1425476 -7.64379978 4.47529984
49.1921005 -7.62989998 4.79710007
49.0630989 -7.63740015 4.83500004
49.1315002 -7.49620008 1.18809998
49.1199837 -7.51130009 1.31605005
49.060997 -7.51415014 1.45305002
49.0646019 -7.59210014 2.39470005
49.0219994 -7.43979979 2.49469995
49.1161003 -7.43865013 2.75705004
49.0706482 -7.55270004 2.90674996
49.0026016 -7.40420008 3.70210004
49.1152 -7.53569984 3.80809999
49.1557007 -7.54390001 4.53520012
49.151432 -7.4939332 4.71740007
49.0101013 -7.44969988 5.02909994
49.1447983 -7.33339977 1.28989995
49.1739006 -7.32609987 1.45159996
49.0914993 -7.23939991 2.57319999
49.0051003 -7.36350012 2.78430009
49.0876999 -7.30959988 2.84459996
49.1539001 -7.34119987 4.13210011
49.1340675 -7.30546665 4.70873356
49.0880013 -7.33519983 4.87336683
49.0767326 -7.11036682 -0.857933342
49.0812263 -7.09980011 -0.718299985
49.1004753 -7.0545001 -0.492525011
49.1137009 -7.04554987 -0.241250008
49.1204681 -7.021667 -0.0449666679
49.0592995 -7.07200003 0.114200003
49.1055984 -7.16820002 2.73270011
49.1761017 -7.16239977 4.17409992
49.0681992 -7.10529995 4.21519995
49.0728264 -7.08564997 4.52567482
49.1486015 -7.12466669 4.65553331
49.0139008 -7.10489988 4.90303326
49.0934982 -6.83775043 -1.86494994
49.0757332 -6.84926653 -1.46263337
49.1437531 -6.83874989 -1.08684993
49.0213013 -6.99580002 -0.823800027
49.1521339 -6.98946667 -0.451833338
49.0139008 -6.95149994 -0.354299992
49.1727982 -6.9375 0.104000002
49.0898514 -6.94659996 0.270999998
49.030201 -6.92570019 2.44029999
49.060833 -6.90206671 2.67653346
49.0238647 -6.88193321 2.88696671
49.1171341 -6.89283323 4.32999992
49.1787987 -6.97319984 4.41599989
49.0694504 -6.93517494 4.69732475
49.0641327 -6.89343309 4.83156681
49.0839005 -6.98360014 5.07980013
49.0882988 -6.7486496 -1.85605001
49.0416985 -6.77699995 -1.67410004
49.1860504 -6.73824978 -1.51094997
49.0716324 -6.71899986 -1.3355
49.1114998 -6.67630005 -1.12105
49.082901 -6.66709995 4.11899996
49.1256485 -6.72755003 4.32277489
49.1461334 -6.6791997 4.49066687
49.075367 -6.68590021 4.72730017
49.0716667 -6.71010017 4.83666658
49.1175003 -6.5065999 0.464233339
49.0657997 -6.47889996 2.36989999
49.0444336 -6.49326658 2.52789998
49.0874023 -6.49594975 2.7033
49.0920753 -6.44980001 2.85072494
49.0140991 -6.42519999 3.00690007
49.0941467 -6.50055027 4.53065014
49.1091995 -6.43349981 4.75239992
49.0553017 -6.56969976 4.84670019
49.0793991 -6.56090021 5.10330009
49.0993004 -6.45230007 5.27320004
49.0769997 -6.39289999 -1.84870005
49.0511017 -6.30219984 2.49580002
49.1275024 -6.31459999 2.87290001
49.1459999 -6.22669983 3.1875
49.1661987 -6.29460001 3.20440006
49.0867004 -6.3616333 4.54306698
49.1492348 -6.36343336 4.71426678
49.0542526 -6.30429983 4.87730026
49.1043243 -6.31785011 5.09815025
49.1435013 -6.38304996 5.26795006
49.1228981 -6.17210007 2.55830002
49.1388016 -6.08654976 2.69320011
49.0596504 -6.0397501 2.94029999
49.1061249 -6.13942528 3.08537507
49.1347008 -6.16480017 3.23259997
49.1701012 -6.11149979 4.58769989
49.0795326 -6.14383316 4.76176691
49.0769997 -6.10575008 4.9513998
49.0904999 -6.07399988 5.1489501
49.1352005 -5.85349989 -1.92200005
49.1516991 -5.93419981 2.56690001
49.1472015 -5.88464975 2.72856665
49.1369247 -5.89882469 2.87567496
49.0714493 -5.93192482 3.05727506
49.1662483 -5.91670036 4.25329971
49.1130981 -5.94850016 4.92749977
49.1220665 -5.69226694 2.95686674
49.0741997 -5.70510006 3.08100009
49.1847992 -5.65869999 4.02559996
49.1771011 -5.65369987 4.38579988
49.0454483 -5.48859978 2.90810013
49.1105194 -5.5077548 3.10059094
49.0761185 -5.51335001 3.27055001
49.1884003 -5.46229982 4.20149994
49.1385002 -5.37475014 3.12610006
49.1263123 -5.31004429 3.27570009
49.1086998 -5.27264977 3.46924996
49.1144485 -5.17309999 3.27160001
49.1692009 -5.08760023 3.49020004
49.0855026 -4.82124996 -1.90289998
49.0052986 -4.25890017 -1.92379999
49.1278992 -4.15380001 -1.93130004
49.0725479 -3.84775019 -1.95099998
49.1040001 -3.76719999 -1.97440004
49.0912476 -3.54204988 -1.97399998
49.1288986 -3.39529991 -1.96430004
49.097702 -3.11144996 -1.96705008
49.0676994 -2.91689992 -1.95710003
49.1725006 -2.1953001 -1.98829997
49.1056519 -1.92324996 -2.01889992
49.0611992 -1.66579998 -2.02859998
49.0805016 -1.47099996 -2.04259992
49.1090012 -1.33169997 -2.05986667
49.0022011 -1.26110005 -0.678300023
49.1752014 -1.18499994 -0.539799988
49.0270996 -1.18560004 -0.363700002
49.1200485 -0.916399956 -2.06155014
49.0648499 -0.718549967 -2.07434988
49.0043983 -0.459699988 -2.0769999
49.1714325 -0.28396666 -2.09299994
49.1918983 -0.0922000036 -2.10100007
49.3507996 -14.7404003 -0.957499981
49.3807983 -13.9105501 -1.07595003
49.3855019 -13.0616999 -1.21329999
49.3021011 -13.0194998 -1.06910002
49.3269997 -12.9215002 -1.11370003
49.3930016 -12.1021004 1.50010002
49.3320465 -11.8204002 -1.16554999
49.3782005 -11.8852997 1.43490005
49.306881 -11.85602 1.64543998
49.3209686 -11.7409 1.68886673
49.3387985 -11.5037003 1.29110003
49.3290024 -11.439167 1.44169998
49.2653999 -11.5207005 1.8891499
49.3616982 -11.2931004 -1.27890003
49.2377014 -11.2825003 1.53620005
49.3051987 -11.2996998 1.67199993
49.2421494 -11.2975006 1.84630001
49.2639008 -11.1942997 1.50530005
49.2827988 -10.8662004 1.35459995
49.2803993 -10.8727999 1.61629999
49.3045006 -10.6606007 1.4411
49.2513008 -10.4799004 1.45809996
49.3790016 -10.4741001 1.92850006
49.3429985 -10.4015999 3.5230999
49.2891998 -10.3708 1.98940003
49.3537674 -10.0465994 2.06766677
49.3372002 -10.1138 3.0766499
49.3726997 -10.0797005 3.24169993
49.2996979 -9.84039974 4.23620033
49.2196999 -9.68080044 -1.14540005
49.2758331 -9.71459961 2.24033332
49.3003006 -9.64099979 3.16729999
49.364399 -9.59309959 2.48029995
49.2827988 -9.36135006 -1.26935005
49.2551003 -9.20720005 3.34069991
49.3395004 -9.29880047 3.40019989
49.2307014 -8.90579987 1.15170002
49.3473511 -8.8732996 1.25825
49.2830505 -8.80660057 1.50639999
49.2360992 -8.89150047 3.51180005
49.3500977 -8.61744976 1.2497499
49.3060532 -8.63675022 2.48379993
49.2276993 -8.53069973 1.07120001
49.3275261 -8.48500061 1.24707496
49.2542 -8.47756672 1.42620003
49.2004013 -8.46199989 4.95079994
49.2355995 -8.21210003 1.04270005
49.222599 -8.20489979 1.27610004
49.2761993 -8.29492474 1.69550002
49.3218269 -8.27272511 1.91732502
49.2494011 -8.28109932 2.50199986
49.2719002 -8.31439972 4.91690016
49.2489471 -8.07794952 1.13555002
49.2575989 -8.09180069 1.23434997
49.3003654 -8.17800045 1.94096673
49.2392998 -8.00129986 2.49889994
49.3913994 -8.11909962 2.67280006
49.3765984 -8.10079956 2.84879994
49.3851013 -8.18770027 3.60279989
49.2528992 -8.08819962 4.7878499
49.2429008 -8.1072998 4.81419992
49.3152008 -7.92434978 1.11545002
49.2247009 -7.82320023 1.90359998
49.2823486 -7.85419989 2.63999987
49.3712006 -7.95919991 2.8124001
49.3917999 -7.87290001 3.05599999
49.2578011 -7.9671998 3.56469989
49.2504005 -7.84130001 4.7493
49.33498 -7.71723986 1.95428002
49.2170982 -7.79099989 2.46880007
49.3209991 -7.65280008 3.12949991
49.2421989 -7.68079996 4.79080009
49.3323517 -7.72720003 5.51070023
49.2608681 -7.46299982 1.35109997
49.2382507 -7.49240017 2.67050004
49.3764992 -7.46390009 4.59759998
49.2686348 -7.53726673 4.71630001
49.2923012 -7.5163002 4.8755002
49.354599 -7.5953002 5.58900023
49.3758011 -7.49690008 5.7420001
49.2364998 -7.38920021 1.34940004
49.2635994 -7.28770018 1.48979998
49.2794991 -7.31110001 4.30809975
49.3285332 -7.32469988 4.56550026
49.3097496 -7.29839993 4.68230009
49.2228012 -7.07145023 -0.906149983
49.3223343 -7.06699991 -0.68053335
49.3861008 -7.05240011 -0.503000021
49.3493004 -7.04190016 -0.260649979
49.3033981 -7.06930017 -0.0127999997
49.3044014 -7.01240015 0.234200001
49.2741013 -7.19210005 2.66610003
49.3362999 -7.09864998 4.27915001
49.357399 -7.02320004 4.546
49.206501 -7.11490011 4.68149996
49.3465004 -6.82910013 -1.50619996
49.377449 -6.84284973 -1.02629995
49.2700996 -6.98969984 -0.578199983
49.2817993 -6.98000002 -0.307850003
49.2854996 -6.97389984 -0.100000001
49.3564758 -6.92640018 0.29795
49.2359009 -6.92080021 3.72079992
49.3403015 -6.86350012 3.85579991
49.3264008 -6.8659668 4.10459995
49.2984009 -6.92159986 4.27629995
49.2487488 -6.91604996 4.53114986
49.2763252 -6.93060017 4.7173748
49.2243996 -6.97020006 5.28469992
49.3259506 -6.73684978 -1.76629996
49.2666512 -6.73447514 -1.49245
49.311203 -6.64890003 -1.35424995
49.3224335 -6.73793316 -1.08476663
49.2761345 -6.73616648 2.69273329
49.3051987 -6.69047499 2.92720008
49.2738991 -6.60449982 3.00650001
49.3423996 -6.62090015 3.46690011
49.2468987 -6.68756676 4.25740004
49.3525009 -6.74389982 4.48089981
49.3329315 -6.73403311 4.73946667
49.2136993 -6.62390041 4.87335014
49.3930016 -6.51200008 0.377499998
49.2350998 -6.48280001 0.463200003
49.3238258 -6.49849987 2.76512504
49.3695679 -6.51669979 2.89033341
49.314827 -6.4911747 4.51924992
49.3771019 -6.39459991 -1.06060004
49.3768997 -6.20069981 2.59660006
49.2764969 -6.29444981 2.71029997
49.3125343 -6.30736685 2.92753339
49.2336998 -6.31599998 4.52400017
49.3028755 -6.30462503 4.68270016
49.2851334 -6.31556654 4.94743347
49.3326988 -6.27089977 5.22044992
49.2167015 -6.02659988 -1.93340003
49.3521004 -6.10629988 2.27119994
49.3465996 -6.02839994 2.48830009
49.2397499 -6.0770998 2.88010001
49.3221016 -6.1875 4.49609995
49.2047997 -6.1427002 4.6328001
49.2642517 -6.14869976 4.90302467
49.2980499 -6.14700031 5.16494989
49.3815002 -5.94159985 2.32060003
49.3772278 -5.89799976 2.44924998
49.2989006 -5.92248011 2.85728002
49.331749 -5.82660007 3.99300003
49.2974472 -5.98604965 4.13490009
49.283535 -5.83638334 4.27001667
49.2532501 -5.73659992 2.35800004
49.3864975 -5.73365021 2.57119989
49.385601 -5.69700003 2.70420003
49.3035812 -5.69620991 2.91264009
49.3547516 -5.64175034 3.03815007
49.3350983 -5.75440025 3.94829988
49.3496017 -5.71169996 4.08282471
49.3047829 -5.73184013 4.24518013
49.2978249 -5.65385008 4.532125
49.3667984 -5.66540003 4.66320038
49.2705498 -5.56075001 2.5704
49.2908325 -5.56396675 2.97346663
49.2850647 -5.48880005 3.11796665
49.3265991 -5.59549999 4.18209982
49.2913895 -5.53548765 4.29680014
49.2945518 -5.48346663 4.48131657
49.2882996 -5.59689999 4.77880001
49.2933006 -5.31659985 -1.96650004
49.2617989 -5.36639977 2.92939997
49.2971992 -5.20679998 3.04870009
49.2405014 -5.25530005 3.34654999
49.2657013 -5.3901 4.28249979
49.2523003 -5.30140018 4.52050018
49.3684006 -4.15649986 -1.98310006
49.2621994 -2.9447999 -1.98459995
49.2114487 -2.76914978 -1.99009991
49.3205338 -2.32463336 -2.01366663
49.3988991 -2.12619996 -2.05130005
49.2254982 -1.62559998 -2.0322001
49.339447 -1.46805 -2.05639982
49.2055016 -1.28999996 -2.05809999
49.2580986 -1.27409995 -0.727400005
49.3522987 -1.09979999 -2.05859995
49.2738991 -1.1918 -0.399300009
49.3301735 -0.707899988 -2.09292507
49.3255005 -0.441399992 -2.10685015
49.3521996 -0.342700005 -2.09610009
49.4542999 -15.0600996 -1.28729999
49.4416656 -13.5337667 -1.08256662
49.417099 -13.2382002 -1.07210004
49.4334984 -12.2182999 1.51380002
49.4194031 -12.0556507 1.46009994
49.4791489 -12.0830002 1.65404999
49.5250015 -12.0576 1.84169996
49.4379501 -11.8380251 1.51612496
49.4669991 -11.9238005 1.60430002
49.5695992 -11.9663 1.85220003
49.4857483 -11.6415005 1.26699996
49.4200516 -11.6587 1.55649996
49.4789009 -11.5029001 1.34189999
49.4820328 -11.4951 1.43709993
49.4355011 -11.4273996 1.68429995
49.5928993 -11.4855003 1.83109999
49.4357986 -11.4063997 2.59069991
49.4034996 -11.3507996 1.77999997
49.4160995 -11.3148003 2.73749995
49.4849014 -11.2664003 2.80909991
49.5784988 -10.8248997 1.61290002
49.5052986 -10.8591995 3.72819996
49.5508003 -10.7784996 1.59159994
49.571701 -10.7693996 1.63629997
49.4571991 -10.6592999 1.99370003
49.4502983 -10.6921997 2.01850009
49.5750008 -10.5391998 1.85909998
49.4322014 -10.4000998 3.30419993
49.5503998 -10.3757 2.03929996
49.5317993 -10.2938004 3.125
49.543499 -10.3008003 3.24830008
49.5937004 -10.2026997 4.00719976
49.5303993 -10.0608997 -1.29200006
49.5455017 -10.1690998 2.05835009
49.4957008 -10.1529999 3.1415
49.4068985 -9.81040001 2.27069998
49.4793015 -9.97509956 3.53259993
49.581501 -9.94029999 3.79990005
49.5415993 -9.85719967 4.53999996
49.4236984 -9.72299957 -1.32430005
49.5237007 -9.60200024 1.98839998
49.4211998 -9.65649986 2.31699991
49.4431992 -9.75020027 3.27850008
49.5429993 -9.70549965 3.55660009
49.5625992 -9.44480038 2.16680002
49.4584999 -9.50349998 3.5381
49.5418472 -9.29154968 2.23920012
49.5806007 -9.17080021 -1.28919995
49.4941483 -9.08654976 3.4361999
49.4145012 -9.01430035 3.75399995
49.5001984 -9.15859985 3.82660007
49.4660988 -8.65950012 1.20360005
49.5176506 -8.49035072 -1.25845003
49.5979004 -8.57069969 1.32920003
49.490799 -8.53835011 2.56605005
49.4850998 -8.30830002 1.79209995
49.4904022 -8.27610016 1.8987999
49.4350357 -8.23983288 2.75366664
49.4821014 -8.20600033 2.98169994
49.5256996 -8.34720039 4.82520008
49.5018997 -8.1257 1.91629994
49.5122986 -8.19180012 2.01659989
49.4748993 -8.11505032 2.88474989
49.4314003 -7.91179991 1.04920006
49.4585342 -7.90646648 1.88709998
49.5906982 -7.88310003 3.0539
49.4361992 -7.89510012 4.19579983
49.4202995 -7.84609985 5.38019991
49.5001984 -7.72888327 1.9388833
49.5672989 -7.42770004 0.277700007
49.401001 -7.58080006 1.8908
49.4888992 -7.51303339 2.11109996
49.5677986 -7.49230003 2.20289993
49.5723 -7.25330019 4.70569992
49.440731 -7.07550001 -0.884633362
49.5139999 -7.05210018 -0.719866693
49.4863014 -7.07959986 -0.223700002
49.5187988 -7.02999973 -0.0977500007
49.510601 -7.09889984 0.210500002
49.4020004 -7.0781002 4.1328001
49.5367012 -7.10640001 4.6862998
49.4505005 -7.02750015 5.15990019
49.5660019 -7.09030008 5.23509979
49.5550003 -6.83179998 -1.83284998
49.4150009 -6.84159994 -1.71669996
49.5274506 -6.82210016 -1.53215003
49.4762993 -6.86980009 -1.11940002
49.5398026 -6.96700001 -0.922999978
49.4944992 -6.97419977 -0.735000014
49.4865494 -6.95585012 -0.502300024
49.4449005 -6.99030018 -0.0351999998
49.4905663 -6.93876648 0.305966675
49.575901 -6.86749983 3.65450001
49.5054016 -6.82690001 3.90799999
49.4815979 -6.85739994 4.77600002
49.5861969 -6.89475012 4.89424992
49.5038986 -6.95480013 5.28569984
49.46035 -6.86170006 5.52929974
49.4473 -6.8499999 5.64300013
49.421299 -6.71889973 -1.86860001
49.5730019 -6.72179985 -1.78849995
49.4733009 -6.65630007 -1.55939996
49.4673996 -6.68560028 -1.29960001
49.4521484 -6.68080044 -1.14530003
49.4606018 -6.66289997 3.56839991
49.4337502 -6.70865011 3.96399999
49.4991989 -6.70976019 4.12639999
49.458149 -6.71987534 4.25234985
49.470253 -6.71635008 4.46514988
49.4645996 -6.68069983 4.76830006
49.5270004 -6.78960037 4.8888998
49.4285011 -6.75579977 5.45419979
49.4861984 -6.45609999 0.469900012
49.5892982 -6.41120005 2.95429993
49.5 -6.51874018 4.17068005
49.480217 -6.51671696 4.29603338
49.4708328 -6.50493336 4.47746658
49.4832993 -6.55019999 4.69750023
49.4768982 -6.33500004 -1.93499994
49.5056 -6.29589987 2.35039997
49.4770737 -6.26032495 2.45682502
49.4178009 -6.36000013 2.98099995
49.5597992 -6.25290012 4.32929993
49.4976273 -6.1013751 2.34832501
49.4906654 -6.0848999 2.45371675
49.4976006 -6.08833981 2.69287992
49.4583015 -6.02370024 5.06400013
49.5761986 -5.85309982 -1.90540004
49.4690018 -5.90840006 2.34305
49.47789 -5.90272236 2.49143338
49.4712486 -5.91760015 2.72644997
49.5219002 -5.85669994 2.94740009
49.4809494 -5.89284992 4.11522484
49.5299988 -5.88910007 4.3194499
49.5349998 -5.68909979 -1.93499994
49.4115486 -5.74380016 2.47914982
49.4073982 -5.7493 2.7658999
49.4142532 -5.62744999 2.96570015
49.5852013 -5.6427002 3.03349996
49.4387016 -5.7480998 3.89949989
49.5253487 -5.75740004 4.08984995
49.4617996 -5.6894002 4.24324989
49.4295998 -5.73839998 4.65929985
49.4437485 -5.49755001 -1.91160011
49.4848747 -5.54032516 2.9447999
49.4782753 -5.51207495 3.09692502
49.410099 -5.49840021 4.30380011
49.4174004 -5.45149994 4.61990023
49.4858017 -5.30249977 -1.90289998
49.5469017 -5.38430023 3.12599993
49.4043999 -5.37209988 4.48180008
49.4668999 -5.04020023 -1.98249996
49.4971008 -4.77629995 -1.95000005
49.577301 -4.5005002 -1.90100002
49.5475998 -4.28200006 -1.97210002
49.5367012 -3.96099997 -1.98160005
49.4549675 -3.68223333 -1.96490002
49.4524002 -3.51009989 -2.01729989
49.5048981 -3.09840012 -1.98300004
49.577301 -2.88754988 -2.01014996
49.4989014 -2.50990009 -2.01079988
49.5942993 -2.03509998 -2.07599998
49.4560013 -1.74815011 -2.0552001
49.4795494 -1.51925004 -2.06099987
49.5023994 -1.35679996 -2.07150006
49.547699 -1.15799999 -0.391099989
49.4901657 -0.88743335 -2.08423328
49.4287987 -0.989600003 -0.783299983
49.4915009 -0.700200021 -2.10039997
49.6903992 -12.1330996 1.66770005
49.6212997 -12.0390997 1.92460001
49.7331009 -11.8148003 1.89110005
49.7429008 -11.9254999 2.00430012
49.7019997 -11.4954004 1.90320003
49.6258011 -11.3480997 1.8585
49.6413002 -11.1471996 1.73329997
49.7572327 -10.8513002 1.69290006
49.6459007 -10.7280502 1.69175005
49.6719017 -10.7381001 3.54439998
49.7669983 -10.7565002 3.62269998
49.7042007 -10.573 1.74629998
49.7444 -10.2896996 1.89559996
49.6947021 -10.1231003 2.07916665
49.7876015 -9.89669991 2.08310008
49.7344017 -9.84319973 4.63119984
49.6720009 -9.62790012 1.97379994
49.6246986 -9.78719997 2.09929991
49.656601 -9.74530029 3.44300008
49.6402016 -9.64159966 3.84520006
49.7463989 -9.45559978 1.91069996
49.7308998 -9.4133997 2.07710004
49.6842003 -9.40450001 2.2270999
49.6083984 -9.59780025 3.49070001
49.6474991 -9.42920017 4.07270002
49.7332001 -9.3810997 1.98609996
49.6877975 -9.31544971 2.15304995
49.7266998 -8.82989979 -0.575500011
49.7710991 -8.92523384 -0.243599996
49.6939011 -8.91295052 -0.111249998
49.6114006 -8.99020004 1.02359998
49.7472992 -8.8526001 1.26839995
49.7374001 -8.85140038 3.49239993
49.6567001 -8.73149967 -1.14590001
49.7952995 -8.60560036 -0.588
49.7276001 -8.76959991 -0.27700001
49.7706985 -8.68360043 0.0729999989
49.7070999 -8.63790035 1.16980004
49.7312012 -8.6843996 3.40799999
49.7112007 -8.42879963 1.66050005
49.7290993 -8.42809963 1.90680003
49.6629486 -8.52725029 2.44825006
49.6772995 -8.25730038 1.85749996
49.6374016 -8.13154984 1.96740007
49.6107483 -7.88819981 3.10650015
49.6428986 -7.62270021 1.97829998
49.6775017 -7.69280005 3.0855999
49.6685982 -7.66450024 3.53069997
49.6506004 -7.40399981 2.0934999
49.6422997 -7.2507 0.194700003
49.6523514 -7.21764994 2.62720013
49.664299 -7.22559977 2.80270004
49.6831512 -7.3529501 3.13879991
49.7181015 -7.13520002 -0.869899988
49.7145653 -7.06449986 -0.668733358
49.7016487 -7.05259991 -0.456650019
49.6676483 -7.04370022 -0.248899996
49.7020988 -7.05859995 -0.118999995
49.7175827 -7.11530018 2.52731657
49.7150497 -7.13474989 2.6645999
49.7333527 -7.11209965 4.08625031
49.7877998 -7.125 4.2171998
49.7643013 -6.8664999 -1.73759997
49.6646004 -6.89309978 -1.0686667
49.6268501 -6.94985008 -0.977500021
49.6445999 -6.93419981 -0.118799999
49.6169014 -6.8599 0.182600006
49.6655998 -6.99090004 0.310200006
49.7448997 -6.93044996 2.68209982
49.7150497 -6.90065002 4.77390003
49.645565 -6.85413361 4.85783339
49.6413002 -6.87729979 5.00960016
49.6745987 -6.74730015 -1.85284996
49.7401276 -6.67619991 -1.68464994
49.6330986 -6.7434001 -1.45229995
49.7040482 -6.69892502 -1.23932505
49.6995239 -6.71457481 -1.14310002
49.6472015 -6.76520014 2.58389997
49.6820335 -6.71950006 2.64543343
49.6506004 -6.78779984 3.09060001
49.7616005 -6.6072998 3.76850009
49.6605988 -6.66610003 3.84689999
49.7112999 -6.69805002 4.10505009
49.6743011 -6.69089985 4.21475029
49.734848 -6.71694994 4.7326498
49.6595993 -6.70982504 4.87322521
49.7322006 -6.62010002 5.0479002
49.7190018 -6.43520021 -1.88970006
49.6492004 -6.59259987 -1.17739999
49.7299004 -6.49609995 2.54119992
49.7248993 -6.43200016 2.6651001
49.6403008 -6.47959995 2.9145999
49.7121315 -6.48230028 3.88919997
49.7034302 -6.48438597 4.07461405
49.7375183 -6.46767998 4.26070023
49.7863998 -6.40719986 4.43389988
49.7627335 -6.49296665 4.71903324
49.730999 -6.20050001 2.32200003
49.7585983 -6.29695034 2.45784998
49.7336998 -6.27946663 2.67463326
49.7331009 -6.23729992 2.82859993
49.7398987 -6.36975002 4.1092
49.6971512 -6.31080008 4.29775
49.7537308 -6.28459978 4.54996681
49.7042007 -6.33409977 4.72230005
49.7038994 -6.39569998 4.95529985
49.7132988 -6.2112999 5.09490013
49.6842995 -6.13089991 -1.88460004
49.6976013 -6.1273427 2.51345706
49.7461014 -6.01450014 2.63815022
49.7290001 -6.09159994 4.09779978
49.7369499 -6.0954752 4.26195002
49.7125015 -6.18529987 4.7342
49.6661987 -6.03240013 4.92920017
49.699501 -5.86305046 2.58585
49.7060013 -5.92079973 2.67596674
49.7168655 -5.86236668 4.13346672
49.6762505 -5.8692503 4.26434994
49.7703018 -5.94995022 5.07890034
49.7703476 -5.71730042 2.74175
49.668541 -5.70580006 2.85791993
49.6877975 -5.72335005 4.14459991
49.767601 -5.7031002 4.33799982
49.7877998 -5.53130007 2.75650001
49.780201 -5.48699999 2.98259997
49.7466011 -5.59819984 4.20900011
49.7240982 -5.3190999 -1.93799996
49.7899017 -5.18359995 -1.88820004
49.6543999 -4.8513999 -1.97539997
49.7188988 -4.42889977 -1.9892
49.7192001 -4.12230015 -1.97070003
49.7086487 -3.44024992 -1.99160004
49.7986984 -3.23970008 -1.99399996
49.7064018 -3.14280009 -2.00939989
49.7761993 -2.74639988 -2.0156498
49.6145477 -1.88059998 -2.04890013
49.7626991 -1.76100004 -2.09050012
49.7220688 -1.53326666 -2.05710006
49.6290016 -1.22880006 -2.05180001
49.7182999 -1.27880001 -0.800199986
49.7130013 -1.0029 -2.07789993
49.6568985 -0.966499984 -2.1164999
49.6464996 -0.994799972 -0.704299986
49.7192001 -0.738600016 -2.09800005
49.6543007 -0.509800017 -2.0947001
49.6674347 -0.349166662 -2.11453319
49.7509995 -0.0503749996 -2.12615013
49.9662018 -12.2651997 1.89559996
49.969799 -12.1428003 1.80180001
49.9304352 -11.9186668 1.9853667
49.9445992 -11.8374996 2.21880007
49.949501 -11.6075001 2.23740005
49.9464989 -11.3105001 1.91040003
49.9399986 -11.3944998 2.227
49.8064003 -11.0082998 1.79170001
49.8176994 -10.8179998 1.74800003
49.8296013 -10.6082001 2.51760006
49.9145508 -10.7168007 3.52279997
49.9174995 -10.4040003 1.79159999
49.9255981 -10.2781 1.81289995
49.8578987 -10.2207003 3.15770006
49.8975983 -10.1063004 -1.33389997
49.972599 -10.1794004 1.83319998
49.8827019 -9.88599968 2.07559991
49.8679008 -9.82699966 3.88750005
49.864399 -9.9034996 4.43550014
49.9454002 -9.27999973 1.99010003
49.8679008 -9.37879944 2.09455013
49.9897003 -9.11100006 -1.22940004
49.9626007 -9.08320045 -1.16040003
49.9721985 -9.01539993 1.10140002
49.9604492 -9.12440014 1.34124994
49.9385986 -9.09889984 1.98644996
49.9370003 -9.12069988 2.09249997
49.9868011 -8.80519962 -1.26259995
49.8012009 -8.80140018 -0.252600014
49.9826012 -8.96000004 -0.107799999
49.8821983 -8.88186646 0.954033315
49.89505 -8.84829998 1.15499997
49.8851013 -8.96459961 1.21949995
49.9850006 -8.77560043 -1.28680003
49.921402 -8.66930008 -0.855849981
49.8064995 -8.77890015 -0.613600016
49.8795471 -8.66695023 -0.578199983
49.8962479 -8.69510078 -0.341399997
49.9123001 -8.63159943 0.0755499974
49.8610001 -8.73649979 0.594399989
49.8412018 -8.7947998 0.606000006
49.9363022 -8.73301983 1.11485994
49.9389992 -8.75584984 1.34890008
49.9735985 -8.79529953 1.84350002
49.947998 -8.56130028 -0.279150009
49.9670982 -8.55440044 -0.128800005
49.9874992 -8.46595001 0.368349999
49.8693008 -8.53979969 0.601199985
49.940567 -8.43013287 0.882733345
49.8844986 -8.44209957 1.19239998
49.9030342 -8.49973297 1.31306672
49.9123268 -8.45812893 1.51892853
49.8410988 -8.43280029 1.74080002
49.9314003 -8.40939999 1.91400003
49.9277 -8.44219971 2.11549997
49.8103981 -8.4137001 2.54349995
49.9917984 -8.36730003 1.09109998
49.9934998 -8.34823322 1.26866663
49.9049492 -8.35470009 1.54445004
49.8891525 -8.35704994 1.67439997
49.978302 -8.30035019 1.9138
49.9416008 -8.31260014 2.35949993
49.9023323 -8.35079956 2.48383331
49.9698982 -8.29580021 2.8506999
49.9688988 -7.69229984 3.15420008
49.975399 -7.33949995 -1.24010003
49.9104996 -7.31629992 0.232600003
49.8224983 -7.2480998 2.49110007
49.9510002 -7.2013998 2.61859989
49.9007759 -7.0553751 -0.891375005
49.8697815 -7.05805969 -0.728100002
49.8577499 -7.01959991 -0.573949993
49.8823509 -7.02635002 -0.239100009
49.9345665 -7.04939985 -0.134199992
49.8739471 -7.10630035 0.151500002
49.8260994 -7.17810011 0.207300007
49.8428497 -7.13500023 2.50279999
49.8596001 -7.10400009 2.66386676
49.9233017 -6.85840034 -1.6221
49.9138985 -6.84006691 -1.49966669
49.9205017 -6.80249977 -1.30799997
49.836853 -6.85239983 -1.12794995
49.8756485 -6.94210005 -0.958599985
49.9740982 -6.95959997 -0.613499999
49.9528999 -6.9849 -0.472900003
49.8866005 -6.9920001 -0.256999999
49.8864975 -6.95935011 0.00229999982
49.9378319 -6.95879984 0.328400016
49.8125992 -6.83909988 2.56719995
49.8890991 -6.96525002 2.63604999
49.8544006 -6.90299988 2.9440999
49.871048 -6.78264999 -1.81725001
49.8232002 -6.68790007 -1.48950005
49.9157333 -6.72233343 -1.27303326
49.9357986 -6.70765018 -1.12769997
49.8770981 -6.69990015 0.295350015
49.9076004 -6.70283318 2.55953336
49.8553505 -6.74020004 2.65479994
49.8153992 -6.67740011 3.9065001
49.8600998 -6.64160013 4.14510012
49.8344994 -6.61369991 4.38759995
49.8979263 -6.70200014 4.65805006
49.8931007 -6.59439993 -1.86090004
49.9701996 -6.51859999 0.354699999
49.9435501 -6.48754978 0.493400007
49.9390488 -6.45539999 2.52449989
49.8775482 -6.56509972 2.70620012
49.9618988 -6.55084991 3.31935
49.8047981 -6.52460003 3.65319991
49.8244019 -6.49609995 3.99349999
49.8000984 -6.40549994 4.07989979
49.8151665 -6.43230009 4.52223349
49.9061012 -6.53289986 4.66919994
49.8185997 -6.32229996 -1.88080001
49.878376 -6.27540016 2.48077488
49.9239998 -6.26634979 2.6322
49.8973999 -6.2578001 2.94499993
49.8815308 -6.24576664 3.04186654
49.9267006 -6.34919977 3.2809
49.9627991 -6.3906002 3.45880008
49.9365005 -6.26539993 3.71560001
49.8246002 -6.36409998 4.12849998
49.9262848 -6.2986002 4.30934286
49.8779526 -6.31344986 4.48680019
49.922699 -6.25159979 4.75279999
49.9235001 -6.15959978 -1.87989998
49.8981667 -6.09746647 2.69416666
49.9939003 -6.03690004 2.81719995
49.9499016 -6.04069996 3.01110005
49.9776001 -6.11859989 4.49569988
49.8473015 -6.08080006 4.99189997
49.9247665 -5.91993332 2.71711659
49.8409996 -5.84899998 3.05909991
49.9995995 -5.74130011 -1.90989995
49.8297997 -5.72020006 2.45609999
49.9425659 -5.69330025 2.75746679
49.8767662 -5.6517334 2.82773328
49.9084511 -5.67780018 3.8578999
49.8363495 -5.64970016 4.12135029
49.9240379 -5.70567989 4.33735991
49.8264999 -5.52629995 2.55809999
49.9243126 -5.5005002 2.71242857
49.9001999 -5.46860027 2.85389996
49.9836006 -5.49370003 3.05660009
49.9648514 -5.52694988 4.09220028
49.9386749 -5.53125 4.31057501
49.8900528 -5.29664993 -1.92324996
49.9719009 -5.38980007 2.773
49.9347992 -5.3920002 2.8289001
49.8544502 -5.35980034 4.48729992
49.90905 -5.32445002 4.7258997
49.9785995 -5.1487999 -1.93089998
49.9233017 -5.08850002 2.55170012
49.8876343 -4.90843344 -1.95056665
49.9234314 -4.31930017 -1.96056664
49.9001007 -4.14750004 -1.96940005
49.8567009 -3.80749989 -1.96889997
49.8223 -3.7276001 -1.9777
49.8111 -3.44889998 -2.0165
49.9953003 -3.05340004 -1.99670005
49.9740982 -2.93050003 -2.02530003
49.957901 -2.6868999 -2.00950003
49.8240013 -2.40829992 -2.03590012
49.8941193 -2.32575989 -2.04225993
49.847599 -2.03279996 -2.06030011
49.8835983 -1.91113341 -2.05866671
49.8911018 -1.68496668 -2.06330013
49.8381996 -1.43604994 -2.10045004
49.8962479 -1.31509995 -2.07865
49.9785004 -1.25639999 -0.767499983
49.9486008 -1.23049998 -0.541999996
49.8069 -1.1825 -2.07719994
49.8885002 -0.9278 -2.09243345
49.8865662 -0.484866679 -2.10283327
49.841301 -0.361000001 -2.11960006
49.9076996 -0.0713 -2.15280008
50.1551018 -15.3922997 -1.35220003
50.0527992 -12.3802004 1.74749994
50.053299 -12.2949505 1.91205001
50.1623001 -12.2328997 2.09635019
50.1883011 -12.3149996 2.21469998
50.0197983 -12.1299496 1.89289999
50.0222015 -12.077733 2.10993338
50.0471001 -11.6478996 2.17120004
50.1171989 -11.6538 2.28620005
50.0579987 -11.5361996 2.2407999
50.1329994 -11.3014002 1.92369998
50.1492004 -11.3625002 2.15420008
50.0355988 -11.0077 3.54489994
50.016201 -11.1162004 3.704
50.1054001 -11.0590668 3.89663339
50.1217995 -10.8645992 3.91599989
50.1300011 -10.7656002 3.68470001
50.1413002 -10.5064001 1.73010004
50.1046982 -10.4719 3.87400007
50.1957016 -10.5312004 4.10529995
50.1258011 -10.2678003 1.30710006
50.0728493 -10.2168999 1.69149995
50.0830994 -10.3631001 1.82770002
50.1363983 -10.1125002 1.54130006
50.1806984 -10.0918999 1.62020004
50.1660004 -10.0472002 1.90980005
50.1537018 -9.86810017 1.79030001
50.1581993 -9.99950027 1.86500001
50.0003014 -9.82719994 2.06649995
50.1543999 -9.81989956 3.75320005
50.0685005 -9.82800007 4.50099993
50.0365982 -9.77029991 1.70459998
50.1135483 -9.65240002 1.91865003
50.1785011 -9.68959999 2.02010012
50.0317993 -9.74349976 3.51320004
50.051899 -9.75640011 4.65899992
50.164299 -9.50379944 2.04185009
50.0568008 -9.57619953 3.40019989
50.1545982 -9.53579998 3.78049994
50.0500984 -9.20759964 1.33829999
50.0233498 -9.02670002 -1.27335
50.0620995 -9.07769966 -1.04190004
50.0237999 -9.06669998 -0.908933342
50.0942497 -9.08110046 -0.284399986
50.0391502 -9.11179924 1.06209993
50.0671005 -9.03809929 1.32385004
50.1068497 -9.19099998 1.89234996
50.1581993 -9.0138998 3.08310008
50.0806999 -8.88809967 -1.26590002
50.0857506 -8.91950035 -1.08622503
50.0552254 -8.89895058 -0.916849971
50.0351982 -8.99680042 -0.605499983
50.0882683 -8.8852663 -0.45813334
50.1237984 -8.88010025 0.245900005
50.1781006 -8.81169987 0.671299994
50.1064415 -8.90262032 1.28489995
50.1758003 -8.86520004 1.44509995
50.0536995 -8.74540043 -0.855599999
50.0393982 -8.69639969 -0.715950012
50.0542984 -8.67689991 -0.542699993
50.1977997 -8.7645998 -0.339700013
50.1257019 -8.66825008 -0.0631999969
50.1273804 -8.69326019 0.0904000029
50.1360512 -8.64069939 0.322849989
50.1912994 -8.67630005 0.432200015
50.1400681 -8.68153286 0.731466651
50.1175003 -8.6541996 0.937250018
50.1407013 -8.64000034 1.19420004
50.0876503 -8.76410007 1.31710005
50.0950012 -8.74650002 1.53789997
50.0681992 -8.6086998 2.11509991
50.0550995 -8.54249954 -0.238800004
50.039299 -8.55313301 -0.099166669
50.0616989 -8.54290009 0.0945000052
50.1066017 -8.48400021 0.474000007
50.0999413 -8.46522045 0.666459978
50.1262589 -8.52805996 0.877240002
50.1262436 -8.4939003 1.1063571
50.1199341 -8.5017004 1.29033327
50.1493683 -8.4258337 1.49370003
50.0917511 -8.42910004 1.68779993
50.1773987 -8.45890045 1.84159994
50.1593018 -8.32900047 -1.42209995
50.0908012 -8.36170006 0.621500015
50.0995674 -8.36336708 1.12653339
50.0839996 -8.39256668 1.28439999
50.1061592 -8.31529999 1.52375996
50.0648613 -8.29296207 1.70273745
50.1158752 -8.27757454 1.90042496
50.0946007 -8.3423996 2.12704992
50.0735016 -8.30790043 2.27780008
50.0790482 -8.3022995 2.4546001
50.0783005 -8.22850037 2.69720006
50.1132507 -8.21819973 2.85689998
50.0607986 -8.23960018 3.16939998
50.1755981 -8.39620018 3.23990011
50.1444511 -8.15845013 2.89513326
50.124321 -8.14688015 3.09543991
50.1209488 -8.13059998 3.27010012
50.1341019 -7.88380003 -1.42999995
50.0695 -7.83209991 -1.33010006
50.0699005 -7.30940008 -1.02279997
50.1875 -7.22949982 3.0553
50.1651993 -7.28049994 4.81519985
50.1306 -7.00150013 -1.08309996
50.1223221 -7.07660007 -0.885819972
50.1035576 -7.07206011 -0.695500016
50.0846481 -7.08080006 -0.499799997
50.0732994 -7.03139973 -0.292400002
50.0872002 -7.02489996 -0.122375004
50.1076508 -7.16864967 0.158399999
50.0344009 -7.03590012 0.221499994
50.0783997 -7.0625 2.80960011
50.1026993 -7.01300001 4.31540012
50.1241989 -6.85825014 -1.71270001
50.0837479 -6.81540012 -1.59369993
50.1676483 -6.91539955 -1.06040001
50.0223999 -6.96020031 -0.954299986
50.1003494 -6.97599983 -0.468549997
50.0596008 -6.98015022 -0.356649995
50.1422501 -6.97344971 -0.0474999994
50.1321487 -6.92619991 0.189799994
50.1049995 -6.93569994 0.214000002
50.0227013 -6.93120003 2.64280009
50.0815353 -6.84243298 4.48469973
50.1076241 -6.72747517 -1.88765001
50.109951 -6.75940037 -1.65840006
50.0951996 -6.73260021 -1.55079997
50.1258507 -6.69408321 -1.28628337
50.1767006 -6.68270016 -1.11549997
50.1445007 -6.7743001 0.160300002
50.1142006 -6.62459993 2.64339995
50.0704994 -6.64779997 3.66589999
50.1777992 -6.63149977 4.17140007
50.1147995 -6.72209978 4.46470022
50.0993004 -6.49870014 -1.88450003
50.0463982 -6.54710007 -1.46560001
50.0669479 -6.51315022 0.431649983
50.0326996 -6.41330004 2.35689998
50.0475006 -6.59490013 2.72530007
50.0929985 -6.5374999 2.98340011
50.0419006 -6.53679991 3.34780002
50.0408478 -6.4225502 3.44969988
50.0061989 -6.44710016 3.87260008
50.0056 -6.48339987 4.04879999
50.0578995 -6.28479958 2.30014992
50.1278877 -6.31769991 2.49873328
50.031601 -6.28135014 2.71885014
50.1234016 -6.33990002 3.2895
50.1810989 -6.20919991 3.50099993
50.089447 -6.27134991 3.7430501
50.0550003 -6.26113319 4.31273365
50.0726013 -6.13819981 -1.89549994
50.0625992 -6.11452007 2.70959997
50.0737 -6.12979984 3.03270006
50.1725006 -6.10099983 3.28830004
50.1406479 -6.17475033 3.6960001
50.1273994 -6.1480999 4.19799995
50.1223602 -6.07653999 4.31156015
50.1651993 -5.97599983 2.74359989
50.1515503 -5.9442997 2.83335018
50.1766014 -5.82460022 3.67319989
50.1843987 -5.96509981 3.86330009
50.0872002 -5.87133312 4.34320021
50.0692978 -5.65439987 -1.91374993
50.0577011 -5.71976662 2.75119996
50.0854988 -5.60760021 2.8757
50.0654335 -5.7312665 3.5679667
50.1258736 -5.69127512 3.71872497
50.0941772 -5.65044975 3.88730001
50.1147995 -5.6548667 4.09496689
50.0583992 -5.65180016 4.39949989
50.1334381 -5.73655987 4.45241976
50.1282997 -5.61490011 4.72389984
50.0921021 -5.52054977 -1.92764997
50.1010017 -5.49183989 2.69878006
50.1000252 -5.5454998 3.72882509
50.0824089 -5.52331018 3.89293003
50.0155983 -5.59660006 4.39870024
50.0234489 -5.52334976 4.52995014
50.1049004 -5.52123308 4.6894331
50.0953331 -5.48676682 4.87766647
50.1332664 -5.48323345 5.08516645
50.1573982 -5.29349995 -1.92789996
50.0959358 -5.2753334 2.72756672
50.104351 -5.32784986 2.86995006
50.1530991 -5.38500023 3.39369988
50.1044998 -5.35620022 3.97720003
50.1372986 -5.35790014 4.05299997
50.1421013 -5.19700003 2.55900002
50.1269455 -5.1335001 2.70985556
50.1082497 -5.12170029 2.83812499
50.1381989 -4.94145012 -1.94624996
50.1901016 -4.98140001 2.57640004
50.0480995 -4.94689989 2.62030005
50.1134987 -4.70020008 -1.97370005
50.0043983 -3.68519998 -1.96609998
50.1766014 -3.55669999 -1.96700001
50.0619011 -3.24230003 -2.01180005
50.0195999 -3.35339999 -1.97669995
50.0451012 -2.9436667 -2.02010012
50.1678009 -2.75900006 -2.0388
50.0937996 -2.31293344 -2.06046677
50.0612984 -2.15459991 -2.03439999
50.0770721 -1.879125 -2.07469988
50.1735497 -1.69860005 -2.08065009
50.0958023 -1.43472505 -2.08095002
50.0271988 -1.27820003 -0.57980001
50.0874023 -1.11629999 -2.09369993
50.1324654 -0.897366643 -2.12336659
50.1286507 -0.765900016 -2.12085009
50.0967484 -0.415549994 -2.12494993
50.1140518 -0.307700008 -2.12314987
50.1303024 -0.0790000036 -2.14324999
50.2445984 -17.1448994 -1.13800001
50.3546982 -16.7670002 -1.23090005
50.3988991 -15.5587997 -1.37310004
50.2537003 -11.5326996 2.30480003
50.2061996 -11.4551001 2.5079
50.3128014 -11.2837 2.10570002
50.3250999 -11.3274002 2.30250001
50.2754974 -11.3266001 2.4447
50.3507996 -11.0760002 -1.26689994
50.2619019 -11.1261501 2.30474997
50.2801018 -10.8403997 3.88400006
50.2887001 -10.6377001 -1.20609999
50.3716011 -10.7383003 -1.12109995
50.2067986 -10.6023998 3.49729991
50.2420006 -10.6856003 3.74629998
50.2619324 -10.7374668 3.88879991
50.2823982 -10.4605999 1.19410002
50.2673988 -10.5138998 1.45850003
50.3423996 -10.5572004 3.25510001
50.357048 -10.4773998 3.73294997
50.2938995 -10.5600004 4.13329983
50.3362007 -10.2925997 1.1049
50.2561493 -10.2399998 1.35934997
50.335865 -10.3312664 1.52583337
50.2069016 -10.2103996 3.56100011
50.3106995 -10.1583004 1.35810006
50.2327003 -10.1328001 1.45519996
50.2972984 -10.0380001 1.73969996
50.2458992 -10.0036001 1.80069995
50.2215004 -10.1563997 3.47169995
50.3221512 -10.1652508 3.87759995
50.2551003 -10.1756001 4.03929996
50.2434502 -9.88405037 1.70580006
50.2894974 -9.87874985 1.88205004
50.2751007 -9.94390011 3.36430001
50.2775002 -9.75160027 3.30649996
50.2872009 -9.44120026 -1.26400006
50.2582016 -9.39640045 2.07439995
50.3348999 -9.38749981 3.20549989
50.3591003 -9.26309967 3.70589995
50.3903008 -9.31840038 4.99440002
50.3039017 -9.04020023 1.26440001
50.3169022 -9.125 3.15210009
50.279068 -9.0635004 3.21819997
50.2789993 -9.19719982 3.76360011
50.2975998 -9.03380013 3.80480003
50.3213997 -8.80490017 3.33990002
50.2099991 -8.66279984 0.365999997
50.2306976 -8.60344982 0.593050003
50.2061005 -8.62950039 1.05239999
50.2449493 -8.77874947 1.42534995
50.289299 -8.69890022 4.26760006
50.2338486 -8.59150028 0.648649991
50.2277985 -8.55179977 0.900300026
50.2396011 -8.44496632 1.35946667
50.3092995 -8.42710018 2.17030001
50.3888016 -8.5710001 3.11549997
50.3460999 -8.47430038 3.87770009
50.3224983 -8.30449963 -1.49290001
50.2494011 -8.24370003 2.10109997
50.2663002 -8.25105 2.47245002
50.2439995 -8.20820045 2.79530001
50.2578354 -8.24399948 2.9052
50.2749481 -8.24674988 3.12260008
50.2890015 -8.20030022 3.38899994
50.2546005 -8.20610046 3.62030005
50.2835007 -8.05580044 -1.4375
50.2475014 -8.19390011 -1.36440003
50.3059006 -8.09850025 2.50419998
50.2723999 -8.14144993 2.96385002
50.2506332 -8.13220024 3.14296675
50.3055344 -8.07800007 3.94556665
50.2532005 -8.16650009 4.00629997
50.2643013 -7.95800018 -1.40620005
50.2628021 -7.95609999 -1.33150005
50.2294998 -7.61009979 -1.25950003
50.3725014 -7.43359995 -1.3549
50.3577995 -7.44740009 0.890650034
50.3718987 -7.29729986 0.208199993
50.3707008 -7.30179977 3.1250999
50.3314514 -7.05177498 -0.883574963
50.325367 -7.05819988 -0.690666676
50.3179779 -7.02882004 -0.483640015
50.2953491 -7.04287529 -0.315524995
50.2926674 -7.04533339 -0.123433329
50.202301 -7.09280014 0.0298999995
50.2935982 -7.0170002 0.263999999
50.3123016 -7.08949995 3.24830008
50.3181 -6.81769991 -1.72486663
50.2416496 -6.91225004 -1.0927999
50.2849731 -6.984375 -0.875374973
50.3428993 -6.97865009 -0.300949991
50.2823982 -6.93540001 -0.0736000016
50.2443008 -6.9696002 0.1118
50.3764992 -6.80420017 4.54110003
50.3432999 -6.73909998 -1.88090003
50.3358498 -6.76220036 -1.64584994
50.2940331 -6.7178669 -1.50886667
50.3376503 -6.76695013 -1.31314993
50.2588997 -6.65910006 -1.17159998
50.3086014 -6.62470007 0.382299989
50.3209496 -6.70305014 2.95205021
50.3277512 -6.65740013 4.14634991
50.2645493 -6.69764996 4.41855001
50.3036995 -6.40810013 -1.91900003
50.2835503 -6.48640013 0.372950017
50.2812996 -6.49619961 0.44265002
50.3485985 -6.45559978 4.31930017
50.3560982 -6.53929996 4.40049982
50.2809982 -6.32894993 -1.88549995
50.2340012 -6.33449984 2.38579988
50.2028008 -6.27540016 2.47020006
50.3250656 -6.33400011 2.73393345
50.2147484 -6.30725002 2.86329985
50.3048325 -6.30719995 4.31920004
50.3694992 -6.35710001 4.4078002
50.2626991 -6.05280018 -1.91939998
50.219799 -6.15269995 2.51999998
50.2656326 -6.07130003 2.69266677
50.3551483 -6.10885 2.85715008
50.2804985 -6.0829668 3.28286672
50.2927322 -6.08778334 3.49779987
50.3087997 -6.10303974 3.66996002
50.2738495 -6.12094975 4.10564995
50.3027 -6.10830021 4.27196693
50.3921013 -5.82110023 -1.95420003
50.2930984 -5.88000011 2.79040003
50.3127327 -5.87216663 2.8478334
50.3813019 -5.85179996 3.09509993
50.3678017 -5.95060015 3.29130006
50.3223495 -5.9067502 3.52799988
50.2909012 -5.91214991 3.68886256
50.2721443 -5.8634572 3.87335706
50.2301483 -5.94519997 4.34294987
50.3182487 -5.81974983 4.54185009
50.2906494 -5.69810009 2.78740001
50.3317757 -5.67392492 2.86887503
50.2625999 -5.70768023 3.7023201
50.2798004 -5.78389978 3.96589994
50.3283997 -5.71120024 4.37300014
50.322998 -5.72866011 4.53501987
50.2918015 -5.61140013 4.7361002
50.3348007 -5.45039988 -1.95190001
50.2993011 -5.51735544 2.733711
50.3226585 -5.45007992 2.88109994
50.3340263 -5.44449997 3.07277489
50.2650528 -5.546 4.70985031
50.2342987 -5.59800005 4.81360006
50.2687988 -5.34350014 -1.92690003
50.2845993 -5.36639977 2.51405001
50.3279266 -5.30359983 2.8915751
50.3568001 -5.29415035 3.13660002
50.335701 -5.00460005 -1.95060003
50.2748985 -5.18919992 2.77610016
50.276947 -5.11044979 2.87239981
50.2057991 -4.84110022 -1.95140004
50.2817993 -4.2104001 -2.00570011
50.2775993 -4.32770014 -1.99319994
50.2845993 -4.02680016 -1.99890006
50.3345985 -3.99070001 -2.01340008
50.2626991 -2.89669991 -2.02830005
50.2280006 -2.48219991 -2.02959991
50.3212509 -2.36679983 -2.05334997
50.2588005 -1.94064999 -2.05909991
50.2776985 -1.63370001 -2.07430005
50.265667 -1.49286664 -2.09133339
50.2761002 -1.20140004 -2.11120009
50.2896004 -1.2579 -0.311100006
50.270401 -0.90547502 -2.11094999
50.3806 -0.644999981 -2.12179995
50.2947769 -0.464599997 -2.13872504
50.4530983 -15.7670002 -1.44560003
50.4887009 -15.3393002 -1.27610004
50.5000992 -14.8108997 -1.06840003
50.510601 -12.0592003 -1.24549997
50.5634003 -11.5545998 -1.2766
50.5769997 -10.8242998 -1.22570002
50.4315987 -10.6156998 3.87800002
50.4247513 -10.4614 1.13884997
50.4738655 -10.4584665 1.30656672
50.4805527 -10.4710007 1.52574992
50.4469986 -10.5291996 3.30360007
50.4543991 -10.5262003 3.7033999
50.515049 -10.2985744 1.31497502
50.5045471 -10.2371502 1.45290005
50.4911499 -10.3113499 1.66499996
50.4738998 -10.2441998 3.30539989
50.4147987 -10.2056999 3.86529994
50.4995995 -10.2082996 4
50.5615005 -10.3610001 4.22800016
50.5340996 -10.1239996 1.18429995
50.5403519 -10.1321507 1.34135008
50.5099983 -10.1732998 1.472
50.476532 -10.1273336 1.71276665
50.5290527 -10.0606003 1.87299991
50.5460014 -10.1370001 2.97779989
50.4533005 -10.1561508 3.75045013
50.4621506 -9.97595024 1.87925005
50.553299 -9.90180016 2.77710009
50.5245018 -9.87300014 4.74109983
50.5858994 -9.83059978 5.45569992
50.4976997 -9.73324966 2.02295017
50.5471497 -9.74295044 5.3670001
50.5702515 -9.71834946 5.54055023
50.5077019 -9.42160034 5.35459995
50.4118996 -9.48680019 5.67129993
50.5227013 -9.21974945 3.17229986
50.4618988 -9.26249981 5.56529999
50.5331001 -9.0298996 3.0855
50.4704514 -9.10599995 3.25029993
50.5334015 -9.07040024 4.96570015
50.4362984 -8.88150024 3.06750011
50.5886002 -8.97179985 5.14069986
50.5016022 -8.60429955 3.08225012
50.4211998 -8.54699993 2.40919995
50.4610519 -8.2781496 2.97799993
50.5277481 -8.27050018 3.34275007
50.4485016 -8.1644001 2.36339998
50.4947739 -8.07970047 2.46199989
50.5195007 -8.18369961 2.76110005
50.5098991 -8.14216709 2.93746662
50.5863991 -8.09119987 3.00909996
50.5371017 -7.96600008 2.43280005
50.5978012 -7.62849998 1.7421
50.5357018 -7.52629995 0.798900008
50.5107193 -7.46880007 0.910539985
50.5603027 -7.43039989 1.55929995
50.5510216 -7.3457799 0.742919981
50.5196838 -7.30614996 0.897533298
50.4229012 -7.0545001 -1.03659999
50.4023018 -7.07999992 -0.938899994
50.4693489 -7.10330009 -0.66049999
50.5507507 -7.02635002 -0.512350023
50.5182762 -7.04349995 -0.311199993
50.4289665 -7.03439999 -0.137400001
50.489502 -7.10039997 0.128399998
50.5062027 -7.17205 0.886450052
50.5728989 -6.85349989 -1.85090005
50.5373993 -6.82835007 -1.67390001
50.4897995 -6.84910011 -1.51090002
50.5215988 -6.90776682 -0.915600002
50.4601669 -6.89766693 -0.706133306
50.5013313 -6.91236639 -0.461300015
50.4955406 -6.9365201 -0.278380007
50.4734001 -6.95114994 -0.155699998
50.4864998 -6.9473753 0.119024999
50.454567 -6.89909983 0.286300004
50.5625 -6.86089993 0.883000016
50.5325012 -6.92729998 1.10590005
50.450901 -6.89419985 4.28049994
50.5723991 -6.92159986 4.45469999
50.5620995 -6.85750008 5.63490009
50.5238991 -6.75530005 -1.88390005
50.4734344 -6.7439332 -1.66126668
50.4744492 -6.71650028 -1.49909997
50.4890976 -6.68545008 -1.27049994
50.5358009 -6.6956501 -1.16674995
50.5012512 -6.70195007 -0.931300044
50.4770012 -6.78840017 -0.642799973
50.5772018 -6.79220009 0.192399994
50.535099 -6.76370001 0.323199987
50.5200005 -6.66239977 2.98149991
50.5676003 -6.62790012 4.08570004
50.5026016 -6.72450018 4.48990011
50.47995 -6.54815006 -1.27785003
50.4608002 -6.59250021 -1.07439995
50.5577011 -6.51929998 0.324600011
50.4791985 -6.53739977 0.411799997
50.5802994 -6.50099993 2.57340002
50.5173264 -6.50842524 2.88797498
50.4082985 -6.50040007 3.62170005
50.4805984 -6.4052 4.11980009
50.4964333 -6.48203325 4.35400009
50.5988998 -6.48740005 4.42390013
50.5881004 -6.32410002 2.5395999
50.5233498 -6.22755003 2.64050007
50.5136986 -6.20504999 2.89699984
50.4959984 -6.22609997 3.99390006
50.5751991 -6.2472496 4.14960003
50.5249023 -6.2677002 4.4513998
50.4822998 -6.22200012 5.12029982
50.4558983 -6.07270002 -1.91050005
50.531559 -6.11388016 2.66704011
50.4861526 -6.09737492 2.83877492
50.5597 -6.01399994 3.6809001
50.4101982 -6.0165 3.9993
50.4772339 -6.13260031 4.09103346
50.503727 -6.15240002 4.29262877
50.5059013 -6.19360018 4.49499989
50.5469017 -6.14866638 5.09553337
50.4926529 -5.88684988 -1.94659996
50.5297318 -5.93003321 2.74343348
50.5351257 -5.95769978 2.86354995
50.4520493 -5.91260004 3.3526001
50.4613495 -5.94500017 3.69645
50.4435005 -5.9605999 3.83780003
50.5653992 -5.82130003 4.17570019
50.5553017 -5.97629976 5.30569983
50.4692345 -5.63973331 2.75989985
50.4444351 -5.73329973 2.83336663
50.5754013 -5.71810007 3.02570009
50.4609985 -5.69869995 3.21889997
50.5798988 -5.68284988 4.09214973
50.4936485 -5.73985004 4.29520035
50.4987984 -5.7803998 4.48180008
50.5952988 -5.41239977 -1.96029997
50.5009003 -5.57043314 2.82966661
50.4743996 -5.43260002 3.04040003
50.5775986 -5.55499983 4.02680016
50.5901985 -5.57340002 4.26249981
50.4975014 -5.5472002 4.49919987
50.5750999 -5.43179989 4.63210011
50.4702988 -5.24350023 -1.99129999
50.4177017 -5.36969995 2.50620008
50.5221024 -5.33372879 2.90608573
50.5146217 -5.31396008 3.09712005
50.4976006 -5.32019997 3.28725004
50.4003983 -5.15210009 2.87240005
50.5119019 -5.15869999 3.02489996
50.4682999 -4.94079971 -1.96179998
50.5858002 -4.74160004 -1.94430006
50.5164986 -4.41750002 -1.97500002
50.5177994 -4.13399982 -2.01009989
50.508934 -3.89306664 -2.00733328
50.5276489 -3.90855002 -1.9927001
50.5219002 -3.04110003 -2.02859998
50.5379028 -2.86045003 -2.03270006
50.5999985 -2.60619998 -2.07590008
50.485199 -2.48650002 -2.07509995
50.4982986 -2.29094982 -2.06374979
50.5872002 -2.0151999 -2.06949997
50.5461502 -1.92639995 -2.07270002
50.4944 -1.63769996 -2.10680008
50.5345345 -1.47453332 -2.09076667
50.4692001 -1.36530006 -2.1085999
50.535099 -1.31949997 -0.717999995
50.5046997 -1.10109997 -2.10249996
50.4780006 -1.1566 -0.561200023
50.5037003 -0.839399993 -2.12700009
50.4308014 -0.757399976 -2.12770009
50.411499 -0.533599973 -2.13080001
50.5656013 -0.387800008 -2.15050006
50.5195999 -0.0104999999 -2.15079999
50.7408981 -19.6539001 -1.26289999
50.6671982 -18.4153996 -1.30929995
50.6847992 -17.5438995 -1.23000002
50.6394997 -15.6873999 -1.41919994
50.6668015 -15.0452995 -1.30429995
50.6776009 -13.8931999 -1.13699996
50.7104988 -11.9733 -1.24740005
50.7122993 -10.8388996 1.222
50.743 -10.6862001 -1.40499997
50.7122002 -10.7938995 1.11969995
50.6094017 -10.7504997 1.37899995
50.7146339 -10.4710999 1.51163328
50.6819 -10.4140997 2.88319993
50.6402512 -10.32335 1.30920005
50.684948 -10.2765751 1.52215004
50.7584 -10.3760004 3.32710004
50.6893005 -10.2226 3.47370005
50.6889992 -10.3111 3.60330009
50.7104988 -10.1660995 1.54040003
50.7360191 -10.1452198 1.68139994
50.7907982 -10.0387001 1.81359994
50.7238007 -10.1019001 3.15420008
50.6585007 -10.1794996 3.82419991
50.6743011 -9.86285019 1.89639997
50.6190987 -9.81410027 2.10360003
50.7187996 -9.98869991 3.10590005
50.7265472 -9.89234924 3.71374989
50.6545982 -9.89799976 4.94280005
50.6361504 -9.85540009 5.1328001
50.7666016 -9.67280006 1.96159995
50.7141991 -9.6850996 2.2026999
50.7162018 -9.72469997 2.53390002
50.6996002 -9.6012001 3.62269998
50.7598495 -9.72459984 4.77535009
50.6860008 -9.70909977 4.9993
50.7212524 -9.66279984 5.27235031
50.7779999 -9.54260063 1.86319995
50.6531525 -9.49365044 2.03119993
50.6492996 -9.48289967 5.29260015
50.6194992 -9.38210011 2.11619997
50.7322006 -9.2361002 2.20779991
50.6931992 -9.27630043 3.13980007
50.7243996 -9.22220039 3.27209997
50.6728973 -9.27594948 5.3366003
50.6830978 -9.06953335 3.1273334
50.7315521 -9.03375053 3.34235001
50.7291985 -8.83339977 -1.42690003
50.7002335 -8.86976624 2.44113326
50.6683998 -8.81110001 3.08660007
50.781601 -8.6072998 -1.47119999
50.6953506 -8.77962494 2.4623251
50.6861992 -8.73989964 2.96444988
50.783699 -8.60770035 3.65039992
50.7826996 -8.72570038 5.1402998
50.6882019 -8.7954998 5.26149988
50.6875992 -8.51640034 2.09590006
50.7106018 -8.50129986 5.13000011
50.7249489 -8.01955032 2.37354994
50.6861992 -8.01280022 2.46280003
50.6507988 -8.08689976 2.98659992
50.7374001 -8.13770008 3.12299991
50.6963005 -8.15279961 3.36509991
50.7001991 -7.89330006 2.35143328
50.6289978 -7.98530006 2.4224999
50.7702332 -7.94816637 2.89660001
50.6945 -7.94689989 3.00309992
50.6744003 -7.68959999 1.53680003
50.7713776 -7.67304993 2.14400005
50.7477989 -7.73850012 2.31710005
50.6418991 -7.46280003 0.789600015
50.6327019 -7.40859985 0.957899988
50.6409988 -7.47459984 1.06620002
50.6889343 -7.49770021 1.3718667
50.7694511 -7.42379999 1.44774997
50.7027512 -7.48190022 1.7701
50.7867508 -7.48635006 1.92910004
50.675499 -7.56269979 4.14090014
50.6744003 -7.22200012 0.163100004
50.7701492 -7.27064991 0.270099998
50.6478004 -7.30770016 0.747600019
50.6856117 -7.3182373 0.891862512
50.7516022 -7.26000023 1.02429998
50.6562996 -7.36000013 1.34819996
50.6808205 -7.33247995 1.49292004
50.7214661 -7.33423328 1.69309998
50.7467003 -7.3263998 1.82410002
50.6323013 -7.39239979 3.23650002
50.7897987 -7.03970003 -0.805000007
50.7333984 -7.1486001 0.158299997
50.7042999 -7.14659977 0.687900007
50.7171822 -7.08728027 0.865720034
50.7322235 -7.09172535 1.15477502
50.7164001 -7.05240011 2.45549989
50.7056007 -7.04489994 3.11430001
50.6848335 -6.84243345 -1.69613338
50.653801 -6.84924984 -1.55745006
50.6534004 -6.90649986 -1.03489995
50.7022018 -6.83650017 -0.768899977
50.6127014 -6.94189978 0.0659999996
50.6544342 -6.89839983 0.262933344
50.7909012 -6.88399982 0.430799991
50.7010345 -6.91203356 0.730366647
50.7378311 -6.90101671 0.876733303
50.7128983 -6.97590017 1.05579996
50.7402992 -6.88019991 2.59520006
50.702301 -6.85396671 2.68779993
50.6217003 -6.88829994 2.89910007
50.7578011 -6.82060003 3.13249993
50.7635994 -6.97139978 5.54419994
50.7328491 -6.90159988 5.87339973
50.6620674 -6.75373316 -1.86956668
50.6939011 -6.67105007 -1.66339993
50.7432404 -6.70932007 -1.48163998
50.7297249 -6.71805 -1.31367493
50.6798325 -6.69686651 -1.13573337
50.720047 -6.70469999 0.281399995
50.7408333 -6.70326662 0.462300003
50.7118187 -6.73388004 0.880599976
50.6431999 -6.61439991 2.67120004
50.7896004 -6.67210007 2.97790003
50.7451019 -6.70749998 3.10519981
50.6050491 -6.72184992 4.48159981
50.7207489 -6.51480007 -1.91954994
50.6987991 -6.51809978 -1.21150005
50.6643982 -6.46950006 -1.08669996
50.6647987 -6.48986673 0.359166682
50.7722015 -6.44929981 0.429800004
50.7141991 -6.53189993 2.53049994
50.638401 -6.45275021 2.71799994
50.6725006 -6.45915031 2.8661499
50.75 -6.49639988 3.43429995
50.6123009 -6.4052 4.0447998
50.6491013 -6.52860022 4.34520006
50.7263489 -6.27162504 1.13587499
50.7369003 -6.26499987 1.25150001
50.693367 -6.29686689 2.37689996
50.6696472 -6.24590015 2.42439985
50.6777649 -6.2944665 4.13233328
50.6791496 -6.30814981 4.33462524
50.706501 -6.19990015 1.13769996
50.7108994 -6.17089987 2.37930012
50.700798 -6.10389996 2.49757504
50.6599617 -6.04538012 2.67740011
50.7167511 -6.14647484 2.90995002
50.7752991 -6.10090017 3.40339994
50.6622009 -6.13749981 3.62654996
50.6562996 -6.12415028 3.90794992
50.7020493 -6.04930019 4.11759996
50.6900024 -6.18939972 4.26574993
50.7993011 -6.17460012 4.60169983
50.6123009 -6.1257 4.9362998
50.6559982 -5.88665009 2.71799994
50.7247009 -5.96479988 2.89349985
50.7521019 -5.90530014 3.03550005
50.6937485 -5.93445015 3.55439997
50.7146759 -5.88717508 3.74497509
50.6883507 -5.88899994 3.93779993
50.7986984 -5.91069984 4.15700006
50.7377014 -5.83220005 4.34499979
50.7308006 -5.8975997 4.45930004
50.6374016 -5.88119984 5.03429985
50.6111984 -5.90904999 5.31139994
50.6473007 -5.65030003 2.73620009
50.6834145 -5.66551685 2.90869999
50.7266006 -5.70486689 3.04180002
50.6272011 -5.79699993 3.78600001
50.6650009 -5.71589994 3.95120001
50.6933975 -5.6609602 4.13712025
50.7131996 -5.70009995 4.32663345
50.6923981 -5.66998577 4.47822857
50.618 -5.71099997 4.64249992
50.6128998 -5.51319981 2.61750007
50.6679688 -5.50890017 2.9305501
50.6945648 -5.50516653 3.09433341
50.674984 -5.50217152 4.29308558
50.701252 -5.51787472 4.43087482
50.6671524 -5.2816 2.94365001
50.615448 -5.25650024 3.0474
50.6806984 -5.34140015 4.40329981
50.6142006 -5.1473999 2.99410009
50.6861992 -5.13500023 3.21690011
50.6856003 -3.45044994 -2.03675008
50.6408005 -3.28670001 -2.02679992
50.6931992 -2.27565002 -2.06692505
50.6515999 -1.92209995 -2.09789991
50.7262497 -1.47290003 -2.10134983
50.7131996 -1.15190005 -2.12059999
50.6859016 -1.11549997 -0.604600012
50.6214981 -0.837800026 -2.13969994
50.665699 -0.744300008 -2.13249993
50.7227325 -0.445199996 -2.15163326
50.6012993 -0.327100009 -2.13660002
50.6855011 -0.160600007 -2.15120006
50.9859009 -15.9687004 -1.38010001
50.9836006 -14.8125 -1.25119996
50.8100014 -14.4933996 -1.10239995
50.8031998 -14.3380003 -1.20070004
50.9445496 -14.08815 -1.16645002
50.9278984 -12.5769997 -1.32620001
50.9421997 -12.2833004 -1.27100003
50.9757996 -12.1901999 -1.3951
50.9818001 -10.8815994 1.15875006
50.96315 -10.8174 1.2414
50.8860016 -10.8675003 1.48889995
50.9369011 -10.7821999 1.14999998
50.8500175 -10.7228498 1.34485006
50.9440002 -10.6698999 1.46930003
50.9929008 -10.6055002 3.99000001
50.9908981 -10.5275002 1.16690004
50.931324 -10.4932003 1.51912498
50.9346008 -10.5740004 3.84599996
50.8614006 -10.3254337 1.44286668
50.8899002 -10.3007002 1.64330006
50.9061012 -10.0051003 1.84399998
50.8876991 -10.0369997 3.27049994
50.8482018 -10.092 3.48589993
50.8061981 -10.0546999 3.76839995
50.9506989 -10.0348997 3.93860006
50.9064674 -9.96146679 1.70790005
50.8105507 -9.81604958 1.87224996
50.939949 -9.94935036 3.5457499
50.9221497 -9.89487457 3.68597507
50.9143982 -9.69869995 1.87370002
50.9939995 -9.66429996 3.21259999
50.9845009 -9.63049984 3.42309999
50.905632 -9.6885004 3.67486668
50.9950981 -9.75380039 3.90400004
50.9448013 -9.4708004 1.84870005
50.9365501 -9.4878006 2.0717001
50.9213982 -9.44200039 3.55620003
50.8821983 -9.50590038 3.65960002
50.8552017 -9.45119953 3.83820009
50.9705009 -9.42940044 4.98899984
50.8834991 -9.4048996 5.14279985
50.9085007 -9.3671999 2.06080008
50.9665985 -9.36730003 2.42709994
50.9241486 -9.2989502 3.74814987
50.9636002 -9.17609978 2.79150009
50.848999 -9.01570034 3.19239998
50.9290009 -9.15110016 3.28419995
50.9197006 -9.02789974 5.41760015
50.9462013 -8.96290016 2.62159991
50.8366013 -8.94120026 3.04469991
50.9538002 -8.98040009 3.23699999
50.9063988 -8.89319992 3.50219989
50.9959984 -8.85249996 5.37150002
50.973999 -8.65460014 2.05290008
50.8310013 -8.78009987 5.07530022
50.9272995 -8.72060013 5.2350502
50.9096985 -8.5107336 2.11836672
50.9505005 -8.2276001 4.0632
50.9024353 -8.11563301 3.29796672
50.9527016 -7.95690012 2.15969992
50.8568993 -7.85949993 2.2894001
50.8482018 -7.86469984 2.43280005
50.8654404 -7.9119401 2.87256002
50.931015 -7.71053314 2.27306676
50.9673004 -7.66730022 2.49650002
50.9188004 -7.76525021 2.65425014
50.8459015 -7.77349997 2.82459998
50.9981003 -7.46460009 -1.58899999
50.8423004 -7.4907999 1.66729999
50.8375015 -7.53630018 1.91059995
50.9249229 -7.47765017 2.08462501
50.9388008 -7.48115015 2.42309999
50.9067001 -7.54330015 4.1255002
50.8502007 -7.27850008 -1.14909995
50.8126984 -7.2343998 0.847500026
50.8954659 -7.30753326 1.04170001
50.8613319 -7.22833347 1.35576665
50.8941002 -7.25115013 1.50489998
50.9179344 -7.31559992 1.73000002
50.8885994 -7.27689981 1.89110005
50.8806 -7.22289991 2.16939998
50.8497009 -7.04809999 -0.900699973
50.8592987 -7.19929981 0.295599997
50.8039017 -7.15250015 0.991400003
50.862999 -7.12310028 1.03815007
50.9052315 -7.08043337 1.34626663
50.9672012 -7.1493001 1.51380002
50.9372482 -7.19124985 1.64049995
50.8814011 -7.16380024 2.3736999
50.9091988 -7.0960803 2.52098012
50.9151306 -7.05921412 2.70015717
50.9615479 -7.02649975 5.48624992
50.9017982 -7.0250001 5.85949993
50.8283005 -6.87820005 -1.71389997
50.8753014 -6.88224983 -0.970525026
50.8013992 -6.94339991 0.786599994
50.8532333 -6.90673351 0.896183312
50.9389496 -6.90152502 1.10240006
50.9335022 -6.90565014 1.31085002
50.90765 -6.93855 2.53525019
50.8590508 -6.86985016 2.72909999
50.8755989 -6.91429996 3.13129997
50.8745003 -6.81160021 4.49139977
50.8672981 -6.94610023 5.68050003
50.8086014 -6.77589989 -1.85930002
50.8471985 -6.73290014 -1.67932498
50.9216995 -6.7730999 -1.45710003
50.9226189 -6.68557978 -1.30802
50.8635674 -6.72343349 -1.14593327
50.8702011 -6.77710009 -0.883599997
50.9272003 -6.65695 0.738299966
50.9347 -6.70793343 0.915849984
50.9322739 -6.74547529 1.09315002
50.8950005 -6.79839993 2.59800005
50.8913002 -6.70197487 2.70044994
50.8144989 -6.60020018 2.89490008
50.9378014 -6.64300013 3.21259999
50.8363991 -6.63469982 3.60380006
50.8834 -6.5376997 -1.83975005
50.9215012 -6.58419991 -1.70120001
50.9570999 -6.5321002 -1.07879996
50.9516983 -6.59679985 0.834599972
50.9443321 -6.48203325 1.04633331
50.952301 -6.5158 2.75244999
50.921299 -6.43853331 2.85006666
50.8764801 -6.50937986 3.08676004
50.8712997 -6.29710007 0.957899988
50.8676987 -6.280375 1.09687495
50.8330002 -6.29269981 1.24960005
50.8507004 -6.3027668 2.65050006
50.8374023 -6.32820034 2.98990011
50.9329681 -6.3354001 3.06143332
50.9948006 -6.27629995 3.31599998
50.8536987 -6.16750002 1.03110003
50.8418999 -6.18959999 1.23629999
50.8950996 -6.0539999 2.52340007
50.8963013 -6.08459997 2.76160002
50.8720016 -6.08842516 2.9056499
50.9220505 -6.10687542 3.07599998
50.8584976 -6.06459999 3.31850004
50.8764801 -6.07787991 3.50611997
50.8438683 -6.12003326 3.70476675
50.9282341 -6.10743332 3.87339997
50.9099846 -6.12561417 4.10949993
50.8726807 -6.1020999 4.24353981
50.9536324 -5.9533 2.52753329
50.9053497 -5.91965008 2.65004992
50.9838982 -5.94329977 3.04570007
50.9187012 -5.94654989 3.55585003
50.891201 -5.94892502 3.69812489
50.8282013 -5.83920002 3.91300011
50.9079514 -5.86610031 4.12960005
50.8770332 -5.86223316 4.28573322
50.9054985 -5.90689993 4.42030001
50.8687973 -5.76945019 2.95879984
50.9477005 -5.6947999 3.02010012
50.9500008 -5.69689989 4.38149977
50.9095688 -5.67269993 4.45778322
50.9588661 -5.70359993 4.67080021
50.9869995 -5.67689991 4.8118
50.9849014 -5.54769993 4.3986001
50.9508514 -5.55324984 4.49909973
50.9817505 -5.52285004 4.70545006
50.9473 -5.32770014 -1.95060003
50.8036003 -5.38679981 3.02579999
50.9042015 -5.27349997 4.58990002
50.9805984 -5.38119984 4.6960001
50.8977013 -4.88196659 -1.97516668
50.990799 -4.41914988 -1.98710001
50.8451996 -4.20970011 -2.00819993
50.9148483 -4.07884979 -2.01434994
50.9935989 -3.78110003 -2.05559993
50.9894981 -3.4052 -2.04189992
50.8325996 -3.22650003 -2.02419996
50.9014015 -3.17186666 -2.05130005
50.839653 -2.70865011 -2.03714991
50.891201 -2.49670005 -2.06559992
50.8990021 -2.30865002 -2.0711
50.892601 -1.91799998 -2.10183334
50.8506012 -1.63610005 -2.12360001
50.924099 -1.41044998 -2.11199999
50.8702011 -1.2529 -2.11730003
50.890152 -1.23500001 -0.617850006
50.898201 -0.871466696 -2.13520002
50.8816986 -0.627499998 -2.15155005
50.9103508 -0.423000008 -2.15715003
50.9578323 -0.350699991 -2.14933324
50.8939972 -0.0821500048 -2.17400002
51.1627998 -14.8916998 -1.06620002
51.0925522 -14.6763 -1.15339994
51.0211983 -14.5560999 -1.23590004
51.088501 -13.7901001 -1.20130002
51.1109009 -13.7938004 -1.03639996
51.0152016 -13.5579004 -1.14649999
51.1395988 -13.1971998 -1.32130003
51.161499 -12.8682003 -1.34780002
51.1623001 -12.4188995 -1.3355
51.0433998 -12.2466002 -1.2701
51.1034012 -12.1166 -1.34290004
51.0209007 -11.6531 -1.25189996
51.0897484 -11.6118002 1.38534999
51.1707687 -11.6838331 1.56089997
51.1702003 -11.4799995 -1.40670002
51.1744003 -11.4888 -1.26240003
51.1765976 -11.43365 1.53095007
51.1680984 -11.4556503 1.65960002
51.0593987 -11.3170996 -1.28649998
51.1346016 -11.2067003 1.35469997
51.0513 -11.0446997 0.989700019
51.0803986 -11.1071749 1.12559998
51.1384964 -11.0493498 1.28635001
51.1786003 -11.1606998 1.45959997
51.0465508 -10.9098501 -1.45525002
51.0301247 -10.9194002 1.12255001
51.0684128 -10.8826571 1.28554285
51.0710983 -10.9417 1.53540003
51.114399 -10.8193998 4.18730021
51.1824989 -10.7591 1.16209996
51.0562515 -10.7072001 1.32730007
51.0695992 -10.7188492 1.45179999
51.1155663 -10.6833 3.92589998
51.1876984 -10.6559 4.14779997
51.1671982 -10.66185 4.30030012
51.0186005 -10.5517998 1.36310005
51.0327492 -10.4787502 1.49175
51.0782013 -10.4132996 1.66110003
51.0278015 -10.4917002 3.96959996
51.0809021 -10.5125999 4.01149988
51.0626984 -10.3318005 1.68449998
51.0447006 -10.2072001 1.80809999
51.1237984 -10.1014004 1.31443334
51.1145477 -10.0755749 1.46432495
51.1144981 -10.1749001 3.17470002
51.1317329 -10.0919666 3.63400006
51.1576004 -9.83100033 -1.41040003
51.1033401 -9.89391994 1.82902002
51.1615982 -9.81499958 2.0151
51.0982018 -9.98110008 3.19440007
51.0811005 -9.9975996 3.56800008
51.0667992 -9.90939999 3.74749994
51.0247993 -9.72410011 2.02659988
51.1044998 -9.68830013 3.43230009
51.1288986 -9.55700016 2.19420004
51.1401329 -9.48803329 3.48153329
51.0882988 -9.41880035 5.0875001
51.0194016 -9.27770042 2.39330006
51.1575012 -9.22220039 3.85780001
51.1346016 -9.09070015 2.40759993
51.0326004 -9.17109966 2.75749993
51.0261002 -9.12230015 3.30489993
51.1806984 -9.15559959 3.43269992
51.1952019 -9.16950035 3.68959999
51.1333008 -9.0291996 5.27600002
51.0259018 -8.87240028 2.87019992
51.1012993 -8.88500023 3.04929996
51.1166 -8.90450001 3.2881
51.1906013 -8.97509956 3.6875
51.0323982 -8.86190033 5.03149986
51.1037979 -8.97574997 5.70864964
51.1562996 -8.74530029 2.68149996
51.126049 -8.67289925 2.91160011
51.1238022 -8.73744965 3.42824984
51.174099 -8.65493298 5.12643337
51.0742989 -8.76729965 5.33459997
51.1551018 -8.47500038 1.99160004
51.1880493 -8.5291996 2.10774994
51.1848984 -8.52574921 2.89625001
51.1503983 -8.56519985 3.42359996
51.1683006 -8.3416996 2.0783
51.1757011 -8.26980019 4.11350012
51.1250992 -8.18309975 -1.43599999
51.1702995 -8.08749962 2.19560003
51.0431519 -8.06355 2.22484994
51.1169014 -8.18109989 4.05439997
51.0096016 -7.8144002 2.3578999
51.0516014 -7.92679977 2.82570004
51.0527 -7.63430023 2.4138
51.0896988 -7.73775005 2.72469997
51.1897011 -7.4447999 -0.984399974
51.0735016 -7.47599983 1.89590001
51.0907974 -7.484375 2.07889986
51.0938492 -7.46834993 2.26955009
51.0672989 -7.53830004 2.49699998
51.0653 -7.48710012 3.72009993
51.030201 -7.52880001 5.33900023
51.1683998 -7.26760006 -0.951200008
51.0383987 -7.26849985 1.77380002
51.1290665 -7.31220007 1.90371668
51.1141739 -7.328475 2.0927999
51.042099 -7.27099991 2.33839989
51.1791992 -7.3428998 2.46009994
51.1929016 -7.14319992 -1.01250005
51.0648499 -7.03944969 -0.976050019
51.1110001 -7.11810017 1.18770003
51.1085014 -7.04220009 1.23769999
51.1973 -7.19750023 1.50849998
51.1100006 -7.14243317 1.72730005
51.0979004 -7.17059994 1.89250004
51.1067009 -7.1887002 2.13039994
51.0671005 -7.16989994 2.40050006
51.0087013 -7.10809994 2.62829995
51.0073013 -6.82980013 -1.92050004
51.1472015 -6.80270004 -1.62549996
51.0656509 -6.91755009 -1.04320002
51.0942001 -6.92980003 1.10695004
51.0457306 -6.83979988 1.29173326
51.1963005 -6.81260014 1.51890004
51.0385666 -6.93223333 2.55546665
51.0707512 -6.86015034 2.6796
51.0652008 -6.93900013 5.53999996
51.1199341 -6.66483355 -1.88776672
51.0673523 -6.71710014 -1.62510002
51.0943985 -6.71472502 -1.50199997
51.0862503 -6.70940018 -1.28815007
51.0317001 -6.70463324 -1.09189999
51.074501 -6.7159996 0.933449984
51.0604324 -6.6984334 1.10096669
51.1279984 -6.67910004 2.18849993
51.0826263 -6.70962524 2.52900004
51.0634193 -6.6700201 2.66192007
51.0831985 -6.63294983 2.84509993
51.0784988 -6.73920012 3.06690001
51.0931015 -6.49944973 -1.93374991
51.1910019 -6.52089977 -1.42490005
51.1035004 -6.50740004 -1.21459997
51.1259003 -6.54205036 -1.10304999
51.0594482 -6.50125027 0.747200012
51.0660439 -6.51337147 0.894571424
51.0693207 -6.52083969 1.07146001
51.1795006 -6.56290007 1.20969999
51.1758995 -6.50419998 1.78709996
51.1697006 -6.49399996 1.92945004
51.0004997 -6.46880007 2.71339989
51.0681343 -6.5065999 2.9083333
51.0680008 -6.54589987 3.1796999
51.1264 -6.36033344 0.874933362
51.0912476 -6.33572483 1.05552506
51.0788994 -6.32740021 1.24690008
51.0360985 -6.32919979 2.82940006
51.0129471 -6.28725004 3.09070015
51.1069489 -6.2954998 3.21539998
51.0471001 -6.21199989 3.4052999
51.1551018 -6.22090006 3.98769999
51.1632996 -6.00010014 0.792800009
51.1068764 -6.12010002 1.08749998
51.0512505 -6.01585007 2.38514996
51.0977516 -6.13832521 2.92724991
51.1231003 -6.14629984 3.15059996
51.1719017 -6.12860012 3.39039993
51.1548996 -6.11639977 3.55279994
51.0150986 -6.02409983 3.68720007
51.0514336 -6.06596661 3.94663334
51.0063019 -6.01749992 4.13660002
51.0846481 -5.88335037 -1.96064997
51.1466522 -5.94379997 0.947350025
51.1323662 -5.91030025 1.08679998
51.1210365 -5.91696262 2.50460005
51.0369987 -5.88053322 2.66289997
51.1595192 -5.90278006 2.93946004
51.1294212 -5.91334009 3.08692002
51.1982002 -5.96019983 3.52150011
51.0658989 -5.95100021 3.75289989
51.108902 -5.97445011 3.93645
51.0555763 -5.93349981 4.07662487
51.0047989 -5.96169996 4.21430016
51.1428604 -5.91149998 4.50121975
51.1987991 -5.87779999 4.64659977
51.0139999 -5.7420001 -1.92159998
51.1549988 -5.72289991 1.06920004
51.0923004 -5.76949978 2.35680008
51.0820007 -5.7121501 2.9078002
51.1857529 -5.73464966 3.05865002
51.1711006 -5.77479982 3.20110011
51.1049995 -5.71409988 3.9048667
51.1140251 -5.67337513 4.52707481
51.1820984 -5.56529999 1.03980005
51.0868988 -5.58510017 3.02579999
51.1068993 -5.43520021 3.7198
51.1561012 -5.53929996 3.88140011
51.0409012 -5.57730007 4.23614979
51.0608253 -5.45034981 4.52909994
51.0942497 -5.50479984 4.67374992
51.1973 -5.27650023 -2.0244
51.1738014 -4.84770012 -2.0079999
51.0988998 -4.66079998 -1.99290001
51.0638008 -3.86613321 -2.02593327
51.1730995 -3.62010002 -2.0171001
51.0522995 -3.48639989 -2.03209996
51.0805511 -2.87535 -2.05859995
51.0621986 -2.7328999 -2.04530001
51.046299 -2.52690005 -2.08500004
51.087101 -2.34170008 -2.08925009
51.0411491 -2.09329987 -2.09454989
51.1040993 -1.83640003 -2.09770012
51.100502 -1.66820002 -2.11864996
51.0920486 -1.45889997 -2.11535001
51.1034012 -1.255 -2.13989997
51.0680466 -1.06049991 -2.15219998
51.0915985 -1.13880002 -0.778599977
51.0167007 -1.18850005 -0.434599996
51.1196518 -0.914100051 -2.14050007
51.1193504 -0.715250015 -2.15240002
51.0996017 -0.519250035 -2.16825008
51.3540001 -14.9455004 -1.14610004
51.3139 -11.8800001 1.58469999
51.3432007 -11.8938503 1.75080001
51.3703499 -11.8856001 1.8578999
51.25 -11.7944002 1.54359996
51.3126793 -11.7198801 1.69388008
51.2680511 -11.4946995 1.58325005
51.2886009 -11.5108004 1.745
51.3003006 -11.4516001 1.80519998
51.3507233 -11.3296499 1.488325
51.2621002 -11.3566999 1.62290001
51.2450981 -11.0298004 1.24629998
51.2771606 -10.9046001 1.34309995
51.3414497 -10.9119501 1.48422503
51.3899002 -10.7229996 1.35669994
51.2661285 -10.6648998 1.44712853
51.2997017 -10.7686996 1.60399997
51.2041016 -10.7315998 3.98130012
51.2122002 -10.6057997 4.04680014
51.2145996 -10.4055996 -1.38660002
51.251152 -10.4671497 1.46269989
51.3239746 -10.4890995 4.10690022
51.2774506 -10.5327749 4.24337482
51.2552986 -10.3767004 -1.38129997
51.3025665 -10.2771997 1.72740006
51.3939018 -10.3434 4.09870005
51.2444992 -10.0115995 1.37940001
51.2123985 -10.1466999 1.48020005
51.2798004 -10.0596333 1.71899998
51.3046989 -10.1441669 1.8793
51.2977982 -10.1816998 2.01390004
51.3923988 -10.0288 4.25299978
51.3377342 -9.91139984 1.26663327
51.2901688 -9.90436649 1.44545007
51.3023987 -9.92039967 1.72315001
51.3120308 -9.92783356 1.88883328
51.3666 -9.6491003 -1.4109
51.324501 -9.7833004 -1.39380002
51.3398018 -9.75 1.37989998
51.3611984 -9.74485016 1.51967502
51.2631989 -9.78709984 1.60329998
51.2613983 -9.61149979 2.73880005
51.3728981 -9.65180016 3.76130009
51.3879013 -9.5862999 -1.40600002
51.3181496 -9.58325005 3.4524498
51.3563004 -9.42700005 3.63739991
51.3297005 -9.29179955 -1.36619997
51.2762337 -9.32813358 3.47250009
51.3917007 -9.22439957 3.62980008
51.2509995 -9.17210007 2.36999989
51.3278008 -9.04629993 2.64120007
51.2626343 -9.13943291 3.27629995
51.243 -9.0024004 3.44400001
51.2635002 -9.07769966 5.18520021
51.3684006 -9.09670067 5.45830011
51.2546997 -8.94239998 -1.44490004
51.2198982 -8.92160034 3.15949988
51.2293015 -8.99005032 3.32474995
51.3347015 -8.96930027 4.91179991
51.3022995 -8.93770027 5.35860014
51.3356476 -8.94095039 5.47550011
51.3026009 -8.61569977 -1.48810005
51.2575989 -8.6342001 1.32430005
51.230999 -8.64150047 1.40970004
51.2561035 -8.73025036 3.03655005
51.2305984 -8.7652998 3.99690008
51.2770996 -8.61985016 5.06685019
51.3270988 -8.68400002 5.38180017
51.3741989 -8.7269001 5.50430012
51.3117485 -8.50007439 1.5086
51.274601 -8.49919987 1.75699997
51.2726974 -8.4755497 2.77479982
51.2412987 -8.49600029 2.8210001
51.3978004 -8.45600033 4.9197998
51.280899 -8.59570026 5.18060017
51.3577003 -8.57079983 5.51599979
51.2457008 -8.36219978 1.65419996
51.282299 -8.35929966 2.7355001
51.3282013 -8.32730007 3.2743001
51.3014984 -8.02159977 -1.44949996
51.3801498 -8.1385498 2.71425009
51.3989983 -7.84910011 1.3197
51.3084335 -7.90753317 2.66890001
51.2895012 -7.98929977 3.09870005
51.3160019 -7.91534996 3.30744982
51.2265015 -7.62160015 -1.4569
51.2842484 -7.69089985 2.72445011
51.2417984 -7.42619991 2.04060006
51.2057991 -7.43279982 2.3197
51.3057404 -7.53923988 2.48749995
51.3550491 -7.42965031 3.25194979
51.2034988 -7.59170008 3.45530009
51.3367996 -7.4934001 3.77489996
51.3322983 -7.47849989 4.59779978
51.2308998 -7.33349991 -1.65530002
51.2867012 -7.30919981 -1.53460002
51.375 -7.22090006 -1.14170003
51.2032013 -7.3446002 -0.955600023
51.2048988 -7.20690012 1.66279995
51.2725983 -7.21309996 1.9102
51.2710648 -7.32219982 2.05209994
51.2825012 -7.33010006 2.26090002
51.271801 -7.37510014 5.33004999
51.2607994 -7.31630039 5.48175001
51.2717323 -7.08449984 -1.0381
51.2355003 -7.19789982 -0.99119997
51.290451 -7.08440018 1.30365002
51.3264999 -7.06899977 1.4641
51.3171997 -7.11325979 1.69467998
51.3246841 -7.10984278 2.11058569
51.338501 -6.8267498 -1.69429994
51.3363495 -6.83920002 -1.30474997
51.2946472 -6.92980003 -1.07700002
51.25 -6.94159985 -0.943099976
51.2697983 -6.87300014 1.35790002
51.2987518 -6.94299984 1.45589995
51.2683983 -6.85790014 1.75670004
51.2719994 -6.85080004 1.83440006
51.3588982 -6.88240004 2.01719999
51.25 -6.87610006 2.36929989
51.3033981 -6.8730998 2.44910002
51.3446007 -6.89715004 3.11100006
51.2575989 -6.97559977 3.54929996
51.3717995 -6.99060011 3.76130009
51.2860985 -6.7659502 -1.89354992
51.3241005 -6.75 -1.7464
51.2805023 -6.69404984 -1.50569999
51.3471489 -6.75637484 -1.34882498
51.3569984 -6.66870022 -1.06169999
51.2776985 -6.63460016 0.98150003
51.2333488 -6.7156496 1.13405001
51.2717514 -6.65654993 1.37284994
51.2085991 -6.79519987 1.54040003
51.3324318 -6.68106651 1.71266663
51.3076515 -6.66534996 1.92309999
51.3637009 -6.73699999 2.09780002
51.2048988 -6.62489986 2.63680005
51.278759 -6.68425703 3.11707139
51.2242012 -6.73950005 3.55539989
51.3142014 -6.63089991 3.66619992
51.3717995 -6.74650002 4.34919977
51.2378998 -6.57940006 -1.91410005
51.2572746 -6.48409986 0.934350014
51.2894516 -6.52369976 1.2667501
51.2970009 -6.57410002 1.42019999
51.2746353 -6.48810005 1.7372334
51.3177223 -6.47382212 1.92501104
51.2722321 -6.49259996 2.11616659
51.3446999 -6.42330027 2.26779985
51.2987518 -6.57219982 3.15880013
51.2639008 -6.43079996 5.01910019
51.3002586 -6.28238583 0.894485712
51.3058319 -6.29118347 1.07791662
51.3304253 -6.28502512 1.68904996
51.2910576 -6.28201437 1.8742286
51.3017006 -6.31793976 2.11456013
51.3135986 -6.24720001 3.56049991
51.2832985 -6.3743 4.09649992
51.3102989 -6.3368001 4.98290014
51.2774506 -6.09189987 0.73150003
51.3121567 -6.09434271 0.875542879
51.2976761 -6.11587524 1.04882503
51.2000008 -6.11910009 1.76359999
51.3698502 -6.1152668 1.90731668
51.3232994 -6.11870003 2.00300002
51.2150002 -6.01070023 2.48880005
51.2883987 -6.07019997 2.96390009
51.3472328 -6.16989994 3.63096666
51.2787018 -6.09000015 3.81529999
51.2942505 -6.10585022 4.05644989
51.3158493 -6.10742474 4.30765009
51.3525009 -6.01000023 4.5158
51.3189011 -6.04555035 5.02024984
51.2705994 -5.87470007 -1.97525001
51.3053246 -5.94124985 0.732574999
51.3213348 -5.88923359 0.878250003
51.3050995 -5.91742516 1.03667498
51.2667999 -5.8348999 1.2924
51.3376007 -5.9447999 1.84150004
51.3339996 -5.94869995 2.00869989
51.2445984 -5.99679995 2.88199997
51.2897987 -5.88919973 3.08801675
51.2775002 -5.95550013 3.55620003
51.2358475 -5.96280003 3.73194981
51.3075981 -5.83319998 3.82389998
51.3188019 -5.88827515 4.05875015
51.3639984 -5.88509989 4.35050011
51.2896996 -5.85000038 4.51055002
51.2791023 -5.88416672 4.64310026
51.3260994 -5.73040009 0.777499974
51.3010483 -5.72455025 0.878250003
51.2604523 -5.73320007 1.0773499
51.2897263 -5.76270008 2.93517494
51.2652206 -5.75935984 3.09335995
51.2873192 -5.71716022 3.90675998
51.3058014 -5.67055035 4.01259995
51.2674255 -5.69787502 4.24222469
51.312973 -5.50022507 0.946850002
51.247467 -5.4817667 1.09229994
51.2390251 -5.56285 3.89527512
51.2750015 -5.51941442 4.06775713
51.3183517 -5.50930023 4.26525021
51.2286987 -5.49280024 4.77029991
51.3157005 -5.34644985 -2.01620007
51.2744522 -5.31209993 0.960549951
51.3665009 -5.3895998 1.14979994
51.3241501 -5.31925011 4.11600018
51.3563004 -5.34609985 4.23430014
51.3834 -4.82700014 -2.02719998
51.283699 -4.43365002 -2.02244997
51.2949982 -3.71099997 -2.04304981
51.3054504 -3.22790003 -2.06645012
51.2482986 -3.07725 -2.06599998
51.2556992 -2.75685 -2.06404996
51.331501 -2.52559996 -2.07520008
51.2891998 -2.26530004 -2.07999992
51.3230515 -1.86430001 -2.10815001
51.2005997 -1.59749997 -2.1335001
51.2928734 -1.34812498 -2.13600016
51.2739983 -1.21739995 -0.393999994
51.3821487 -1.01749992 -2.15619993
51.2635002 -0.923950016 -2.15259981
51.3246002 -0.40169999 -2.1637001
51.3792992 -0.359699994 -2.17820001
51.4263 -17.8178005 -1.35870004
51.4726982 -17.6791 -1.38759995
51.5517998 -17.3654995 -1.41859996
51.5326004 -16.0443497 -1.44519997
51.4313011 -14.9996996 -1.25650001
51.5429001 -14.9095001 -1.01929998
51.4098015 -11.7265997 1.77760005
51.4250031 -11.7247496 1.93005002
51.4122009 -11.4407997 1.7974
51.577198 -11.4619665 2.10496664
51.5594025 -11.2455502 1.36510003
51.594101 -11.2461004 1.41149998
51.4940987 -11.3907003 1.62820005
51.4832993 -11.2868004 1.8003
51.582901 -11.1660995 1.39489996
51.4924011 -11.1610003 1.4763
51.5546989 -11.092 1.79460001
51.552002 -10.8680496 -1.33435011
51.4930992 -10.8957005 1.39950001
51.4939499 -10.9258499 1.53570008
51.5556984 -10.8450003 1.63900006
51.4603996 -10.7889004 -1.37759995
51.5054016 -10.7889996 1.50619996
51.4952011 -10.6880999 1.64230001
51.4329491 -10.52425 1.43645
51.4180984 -10.5987997 1.64189994
51.460434 -10.5309 4.12739992
51.5452003 -10.2799997 1.57420003
51.5691986 -10.23985 1.84385002
51.5367317 -10.2993002 4.11726665
51.5032501 -10.2579002 4.30385017
51.4653015 -10.1355495 1.67879999
51.5530014 -10.0448999 1.83420002
51.5340996 -10.0074997 2.05599999
51.5733986 -9.88729954 -1.52250004
51.5116501 -9.90979958 1.13435006
51.4872513 -9.90579987 1.31655002
51.5236015 -9.93830013 1.78770006
51.5087013 -9.9034996 2.28180003
51.4588013 -9.91329956 3.78279996
51.5354996 -9.94773293 3.92896676
51.4199982 -9.67300034 -1.32490003
51.4384003 -9.78499985 1.35819995
51.4900322 -9.72949982 1.49786663
51.5089989 -9.76840019 1.70420003
51.4953003 -9.75809956 3.65070009
51.4143982 -9.49960041 -1.48479998
51.5387001 -9.55464935 1.49119997
51.5121994 -9.53240013 1.65869999
51.5755005 -9.40450001 2.86929989
51.4642982 -9.44680023 3.31500006
51.4402008 -9.54119968 3.54990005
51.5174026 -9.48755074 3.63560009
51.5884018 -9.47099972 3.86080003
51.4187012 -9.42370033 4.1019001
51.5642509 -9.31130028 3.52915001
51.4805984 -9.27280045 3.68157506
51.5161018 -9.33360004 3.84570003
51.4774017 -9.12819958 -1.44000006
51.4738464 -9.15614986 2.67534995
51.550499 -9.14990044 3.52780008
51.4438019 -8.96749973 -1.40639997
51.4724998 -8.90264988 2.4914
51.4607315 -8.85143375 2.66296673
51.4985008 -8.81980038 3.59980011
51.4524994 -8.87694931 5.50984955
51.5769005 -8.62979984 1.9382
51.4291992 -8.68379974 3.52139997
51.4534988 -8.48719978 1.70519996
51.5914993 -8.42850018 1.80770004
51.4379501 -8.46539974 3.89620018
51.419899 -8.5177002 5.16270018
51.5259666 -8.24086666 -1.47576666
51.4718018 -8.38659954 1.71010005
51.5377007 -8.33150005 1.82500005
51.5833015 -8.38570023 3.88930011
51.5835991 -8.07400036 -1.61199999
51.5560989 -8.11929989 -1.52919996
51.4827003 -8.02439976 2.60170007
51.5273018 -7.87949991 1.20379996
51.5360985 -7.8217001 2.9525001
51.5267982 -7.8402667 3.07853341
51.5307007 -7.98220015 3.50480008
51.5007019 -7.90700006 4.77209997
51.4840012 -7.69619989 -1.61469996
51.535099 -7.70085001 -1.57179999
51.4313507 -7.69684982 1.04605007
51.4101982 -7.77330017 1.31040001
51.4585991 -7.7177 2.90829992
51.5894012 -7.65220022 3.68160009
51.4462013 -7.4677 -1.31340003
51.546402 -7.49730015 3.1184001
51.5260773 -7.48530006 3.30122495
51.5812492 -7.48689985 3.75475001
51.415699 -7.58309984 3.89890003
51.5833015 -7.54139996 5.68590021
51.5836983 -7.31360006 -1.64180005
51.524498 -7.27614021 -1.27776003
51.5974007 -7.2104001 -1.07280004
51.5036011 -7.26344967 1.95615005
51.533699 -7.27810001 2.0454998
51.5057526 -7.27155018 3.28419995
51.4662018 -7.37489986 3.42569995
51.4981346 -7.36683321 3.8434999
51.581501 -7.33230019 5.83300018
51.478138 -7.10504007 -1.50741994
51.5747986 -7.06645012 -1.33200002
51.4536018 -7.12470007 -1.06900001
51.5125999 -7.03249979 1.52680004
51.4523201 -7.06750011 1.67332006
51.4758759 -7.03352499 1.89537501
51.5089989 -7.18720007 2.01349998
51.5111008 -7.1335001 3.26869988
51.5867996 -7.03429985 3.56170011
51.4810486 -6.87234974 -1.77569997
51.5091743 -6.90855026 -1.46959996
51.4747314 -6.82620001 -1.23693335
51.4664001 -6.90929985 -1.13296664
51.4430008 -6.80380011 1.23889995
51.5783005 -6.90159988 1.59259999
51.5160332 -6.89506674 1.74506664
51.4524002 -6.8781333 1.92653334
51.5294991 -6.89156675 2.15543342
51.5624008 -6.86850023 2.30669999
51.4687004 -6.80709982 3.21409988
51.5232506 -6.89719963 3.48134995
51.5536995 -6.7579999 -1.91670001
51.4711266 -6.71952486 -1.73825002
51.4613495 -6.72334957 -1.51460004
51.4507523 -6.76994991 -1.24664998
51.4271011 -6.64289999 -1.18379998
51.5838013 -6.76989985 0.955200016
51.5941505 -6.66295004 1.09735
51.4912682 -6.63609982 1.48556674
51.5130997 -6.73315001 1.7299
51.4411011 -6.75890017 1.83290005
51.4856491 -6.76679993 2.05299997
51.4239006 -6.67980003 3.12890005
51.4023018 -6.71330023 3.24180007
51.4182014 -6.7269001 3.67540002
51.4749985 -6.48430014 -1.93630004
51.4883995 -6.55900002 -1.37049997
51.5139999 -6.56529999 -1.15470004
51.4715996 -6.49639988 1.07150006
51.4248009 -6.55690002 1.30659997
51.4449005 -6.51000023 1.52999997
51.5214005 -6.58860016 1.72880006
51.4298477 -6.48295021 1.87469995
51.4034996 -6.51410007 2.06579995
51.5001526 -6.54695034 3.13584995
51.4793015 -6.59989977 3.26009989
51.5451012 -6.34560013 -2.00119996
51.5059166 -6.30803347 0.918300033
51.4089012 -6.25489998 1.04110003
51.4827995 -6.24020004 1.23389995
51.4998016 -6.36670017 1.71469998
51.401001 -6.25 1.87679994
51.5691986 -6.36269999 4.02419996
51.5718002 -6.31230021 4.52880001
51.5348015 -6.13259983 -1.972
51.4389 -6.08553314 0.925500035
51.4967003 -6.12973309 1.08019996
51.5107002 -6.14289999 1.59730005
51.4205475 -6.06645012 1.78684998
51.4856987 -6.12835026 1.88919997
51.4634514 -6.10239983 3.17030001
51.5005989 -6.01399994 3.70580006
51.4417992 -6.10684967 3.88744998
51.4920006 -6.06634998 4.08654976
51.485199 -6.01749992 4.33080006
51.5186996 -6.08900023 4.55429983
51.4928017 -5.98269987 -1.99150002
51.4333687 -5.93066692 0.965033352
51.5141487 -5.91129971 1.00534999
51.4388008 -5.98619986 1.27719998
51.428299 -5.94029999 1.79980004
51.4505997 -5.9987998 1.85580003
51.5089684 -5.89003325 3.68416667
51.5020981 -5.81130028 3.92065001
51.4785995 -5.92659998 4.08710003
51.5573997 -5.98129988 4.38329983
51.5304985 -5.91599989 4.47226667
51.4997673 -5.83616686 4.65876675
51.4129982 -5.6552 0.814899981
51.4375 -5.71259975 1.12762499
51.4617004 -5.65619993 1.27289999
51.4373016 -5.72504997 3.12580013
51.524601 -5.71239996 3.55800009
51.5538979 -5.68973351 3.7286334
51.5338631 -5.68442488 3.90773749
51.5057831 -5.67703342 4.08996677
51.4560318 -5.75266647 4.70883322
51.4980011 -5.49800014 -1.95850003
51.4669991 -5.58535004 0.958799958
51.4929008 -5.49697495 1.10357499
51.5695992 -5.51210022 1.23039997
51.5541 -5.57550001 3.78789997
51.4588509 -5.52384996 3.8369
51.4578018 -5.56239986 4.13450003
51.5607986 -5.57149982 4.26170015
51.4196014 -5.30880022 0.879000008
51.4220009 -5.27670002 1.18850005
51.5623016 -5.18480015 -1.97930002
51.4107018 -5.13660002 2.83590007
51.4496994 -4.76100016 -2.04579997
51.5250015 -4.54069996 -2.00209999
51.5122986 -4.3118 -2.03259993
51.4701996 -4.11140013 -2.06590009
51.5191498 -3.94124985 -2.06019998
51.5359001 -3.29180002 -2.09315014
51.5457001 -3.07345009 -2.08279991
51.4854965 -2.95690012 -2.06459999
51.5643997 -2.69860005 -2.08809996
51.4971733 -2.29115009 -2.12185001
51.5642014 -2.07399988 -2.12980008
51.5511017 -1.85660005 -2.11789989
51.4858017 -1.65474999 -2.13425016
51.4631004 -1.57290006 -2.10570002
51.5971985 -1.27520001 -2.14470005
51.4462013 -1.20669997 -0.791999996
51.456501 -1.14540005 -2.16039991
51.542099 -1.11109996 -0.405999988
51.4589996 -0.969099998 -0.654699981
51.4915009 -0.741549969 -2.16849995
51.575901 -0.414900005 -2.18709993
51.5578003 -0.316399992 -2.17610002
51.6819 -19.2770996 -1.22459996
51.6147995 -18.8813 -1.31649995
51.6972008 -16.1888008 -1.4526
51.6921005 -15.5040998 -1.51689994
51.6487999 -14.8577003 -1.20060003
51.7853012 -11.6315002 1.93980002
51.7074013 -11.4011002 1.8319
51.6903 -11.3571997 1.90709996
51.7207985 -11.3612003 2.01309991
51.6310997 -11.0973997 1.18980002
51.6801491 -11.0958004 1.50105
51.6779137 -11.1094427 1.70962858
51.6965332 -11.1299667 1.88940001
51.7608986 -10.9275999 -1.29690003
51.733902 -10.88165 1.31599998
51.7299995 -10.9331503 1.53859997
51.6869316 -10.9187336 1.68826663
51.6987991 -10.8357 1.98329997
51.7228012 -10.7306004 1.36260009
51.7108803 -10.7159605 1.5223
51.6952972 -10.6627998 1.70483327
51.7364998 -10.6106005 4.26039982
51.7213974 -10.4977331 1.71603334
51.740551 -10.53195 1.89160001
51.6445999 -10.4097004 4.10270023
51.7274437 -10.4975328 4.31776667
51.7495995 -10.4370003 4.50640011
51.6515503 -10.2259007 1.53915
51.7779007 -10.3987999 1.61619997
51.757 -10.2023001 2.96090007
51.7453003 -10.3199997 3.00460005
51.7234993 -10.2191 4.0467
51.6921501 -10.3571749 4.28052521
51.7589989 -10.3546 4.4691
51.651432 -10.1402998 1.54353333
51.6773758 -10.1022243 1.90032506
51.7032013 -10.1181002 2.7177999
51.7053986 -10.0042 3.98379993
51.7150993 -10.0401993 4.11100006
51.7263985 -10.1636 4.22130013
51.6034012 -9.80029964 1.48020005
51.6011009 -9.83880043 1.62279999
51.6424484 -9.86124992 3.90925002
51.7028503 -9.86964989 4.09205008
51.7783012 -9.69019985 -1.38779998
51.6307983 -9.66800022 2.82310009
51.7241516 -9.75374985 3.91090012
51.7372513 -9.72735023 4.13870001
51.6977005 -9.40999985 -1.41170001
51.7958984 -9.59210014 2.15140009
51.7583008 -9.58990002 2.85949993
51.6795998 -9.59969997 3.0460999
51.7132492 -9.5479002 3.6642499
51.6567993 -9.29524994 -1.46945
51.6114998 -9.27999973 2.99609995
51.7024345 -9.32890034 3.09549999
51.7063332 -9.33870029 3.65359998
51.7779999 -9.05259991 3.1795001
51.6946983 -9.17389965 3.74810004
51.7410507 -8.87985039 -1.47145009
51.7042999 -8.91654968 1.72600007
51.6006012 -8.9321003 2.56940007
51.7629013 -8.82159996 2.61360002
51.7266998 -8.94559956 2.9914
51.7354012 -8.88910007 3.74390006
51.7364006 -8.71482468 -1.47332501
51.623497 -8.66855049 1.94865
51.6485519 -8.63800049 3.66190004
51.7686005 -8.57660007 3.69149995
51.6223984 -8.4527998 3.96709991
51.6341019 -8.27579975 -1.53299999
51.6814995 -8.31369972 1.5467
51.7706985 -8.36970043 1.65600002
51.7131004 -8.23009968 1.85169995
51.6745987 -8.36069965 3.90280008
51.6725998 -8.23560047 4.9218998
51.7056999 -8.08460045 2.10844994
51.7728996 -8.0401001 2.2105999
51.6366005 -8.18500042 2.69169998
51.6004982 -8.0909996 3.89120007
51.6884995 -8.0223999 4.68249989
51.6811752 -7.87480021 1.30050004
51.7129517 -7.92560005 1.51014996
51.6203003 -7.80070019 2.84699988
51.6937027 -7.91549969 3.95060015
51.7873001 -7.91200018 4.51310015
51.637001 -7.88140011 4.73320007
51.6418991 -7.93610001 5.55149984
51.6580009 -7.90269995 5.88969994
51.6777 -7.64190006 -1.68729997
51.7288513 -7.66759968 1.2256
51.7313995 -7.7821002 1.40199995
51.6169014 -7.70620012 2.6236999
51.7432327 -7.68816662 2.92499995
51.750351 -7.64144993 3.28535008
51.6236 -7.62200022 3.52830005
51.7844009 -7.65869999 3.79460001
51.7350998 -7.76090002 5.48280001
51.7915001 -7.72970009 5.66039991
51.7501259 -7.49657488 1.08512497
51.6856995 -7.5085001 2.90159988
51.7174339 -7.49473333 3.31543326
51.7123337 -7.49716663 3.49463344
51.6842003 -7.46325016 3.88455009
51.6259995 -7.56619978 5.5948
51.6554985 -7.4066 5.68779993
51.7153015 -7.23810005 1.19659996
51.7370682 -7.28170013 2.92286658
51.7214012 -7.28709984 3.16149998
51.725502 -7.39420033 3.49534988
51.6878014 -7.35370016 3.72720003
51.736824 -7.26297522 3.91772509
51.7146988 -7.24440002 4.07210016
51.7826004 -7.21199989 4.45109987
51.6286011 -7.10244989 -1.09245002
51.7114487 -7.08094978 0.971099973
51.7667999 -7.11564016 1.10089993
51.7910004 -7.02899981 1.76779997
51.662899 -7.12883329 1.86959994
51.6273499 -7.03800011 2.11654997
51.6581001 -7.11140013 2.51220012
51.7188759 -7.15024996 2.94000006
51.7607002 -7.01440001 3.31150007
51.7028999 -6.83599997 -1.89069998
51.7129517 -6.86310005 -1.76209998
51.7557335 -6.88170004 0.942200005
51.7472992 -6.85540009 1.02269995
51.7798996 -6.99350023 1.24259996
51.6348991 -6.86390018 1.5596
51.6822014 -6.99090004 1.87129998
51.6197014 -6.9914999 2.04839993
51.6425018 -6.85489988 2.31369996
51.7388992 -6.91179991 3.53999996
51.7352982 -6.77710009 -1.87823331
51.7298012 -6.66726685 1.09406662
51.6928482 -6.73584986 1.31649995
51.6380005 -6.75110006 1.54340005
51.7296982 -6.72800016 1.95060003
51.6912994 -6.70985031 2.07060003
51.6055984 -6.65329981 2.29369998
51.7789001 -6.72090006 3.27760005
51.726799 -6.71134996 4.47920036
51.6603012 -6.57520008 1.1207
51.7139511 -6.50460005 1.28499997
51.6402016 -6.50939989 1.54149997
51.6900597 -6.49272013 1.95594001
51.7599983 -6.49560022 3.11610007
51.6025009 -6.52470016 3.25460005
51.6427994 -6.4696002 3.79940009
51.7179985 -6.5138998 4.52409983
51.7327003 -6.23280001 -1.95039999
51.7647018 -6.30149984 0.880100012
51.6637001 -6.26910019 1.01100004
51.711998 -6.30599976 1.24590003
51.7550011 -6.25629997 1.49290001
51.6581993 -6.28705025 2.92509985
51.6964493 -6.32200003 3.11794996
51.6675987 -6.3986001 3.20190001
51.6810989 -6.30670023 3.56719995
51.7246017 -6.29710007 3.73624992
51.736599 -6.25470018 4.57240009
51.7053986 -6.01380014 -1.95819998
51.6266022 -6.14834976 0.929250002
51.6999664 -6.05959988 1.04276669
51.6371994 -6.19229984 1.83669996
51.7443733 -6.09066248 3.12969995
51.7164993 -6.1229248 3.28629994
51.7557983 -6.09200001 3.59144998
51.6551666 -6.09208345 3.67805004
51.6348991 -6.07060003 4.07679987
51.719799 -6.10270023 4.54139996
51.6828995 -6.19759989 4.61509991
51.7467003 -5.95539999 0.948149979
51.6842003 -5.81519985 1.05040002
51.7229004 -5.89863348 1.3192333
51.7106018 -5.9671998 1.47130001
51.7666016 -5.88479996 2.94819999
51.7278252 -5.89760017 3.09299994
51.7952003 -5.86189985 3.35520005
51.7616501 -5.90100002 3.48154998
51.7098351 -5.88700008 3.69623327
51.6716499 -5.88472509 3.84077501
51.6581993 -5.90289974 4.10887527
51.7070007 -5.98619986 4.38990021
51.7336998 -5.95270014 4.61269999
51.7456017 -5.77510023 0.869899988
51.7016335 -5.67238331 1.09759998
51.6678009 -5.61660004 3.59689999
51.6968994 -5.72996664 3.73024988
51.6848679 -5.71929979 3.89505005
51.6599007 -5.65076637 4.1243
51.7061996 -5.44726658 0.97693336
51.6356659 -5.49283314 1.13693333
51.7060509 -5.47160006 1.31940007
51.7218018 -5.58830023 3.79590011
51.6595001 -5.58769989 4.16149998
51.6136017 -5.3592 1.15219998
51.7462006 -5.0323 -1.97920001
51.6309509 -4.92245007 -1.99084997
51.6590004 -4.30380011 -2.02579999
51.6262016 -4.35050011 -1.99160004
51.66605 -4.14869976 -2.0316
51.7737007 -3.80949998 -2.09109998
51.6268005 -3.57859993 -2.04489994
51.6921997 -3.36260009 -2.06579995
51.6081009 -2.85890007 -2.07940006
51.7785492 -2.70270014 -2.11535001
51.6957016 -2.29575014 -2.08804989
51.6226006 -1.68060005 -2.15129995
51.7085495 -1.51970005 -2.14100003
51.6272011 -1.34584999 -2.14520001
51.7486992 -1.21150005 -0.792200029
51.6996002 -1.13944995 -2.15470004
51.7153015 -1.08249998 -0.592999995
51.6838989 -0.872300029 -2.17383337
51.6124496 -0.69145 -2.16595006
51.7222328 -0.473333329 -2.17900014
51.6665993 -0.288599998 -2.21350002
51.6540985 -0.376899987 -2.19779992
51.7527504 -0.102300003 -2.20765018
51.7085991 -0.0612000003 -2.18919992
51.8688011 -16.5590992 -1.41270006
51.9846992 -14.8303003 -1.25489998
51.9870987 -14.7434998 -1.08280003
51.8109016 -11.5434999 2.01530004
51.8973999 -11.3040504 2.13925004
51.9281998 -11.3081999 2.29189992
51.9855995 -11.2607002 2.43199992
51.8050003 -11.0374002 1.46150005
51.8935013 -11.0537004 1.90960002
51.9534988 -11.1631002 2.1407001
51.9310532 -10.8885994 -1.39964998
51.8474007 -10.8863001 1.41470003
51.8759499 -10.9577999 1.9049499
51.8097 -10.6456003 1.3477
51.8614998 -10.6522999 1.52380002
51.9245987 -10.7321997 1.95360005
51.8387985 -10.5137501 1.54869998
51.821701 -10.5270996 1.85389996
51.8895988 -10.3606997 1.68019998
51.976799 -10.0764999 1.76399994
51.9387016 -10.1456003 2.0381
51.986599 -10.0691996 2.69910002
51.9459 -10.0999002 2.87059999
51.9889984 -9.82750034 -1.47189999
51.9246674 -9.90756702 1.69863331
51.9864006 -9.90089989 1.85300004
51.8749504 -9.91340065 2.09920001
51.8568001 -9.66520023 3.78979993
51.8269005 -9.71749973 3.96819997
51.8627014 -9.72210026 4.12440014
51.8376007 -9.74250031 4.32700014
51.8623009 -9.40979958 -1.37520003
51.8483009 -9.43490028 2.14969993
51.8689003 -9.49063301 3.67799997
51.9640007 -9.57499981 3.8053
51.8741989 -9.59090042 4.02299976
51.8084984 -9.51074982 4.32009983
51.8915787 -9.34243965 3.71265984
51.8931313 -9.28673363 3.86989999
51.8917007 -9.37090015 4.46470022
51.9174805 -9.10052013 3.67262006
51.985199 -9.11349964 3.8664
51.8213005 -8.96459961 1.7687
51.9254761 -8.91295052 3.69320011
51.9350014 -8.8281002 3.81080008
51.8687515 -8.76110077 -1.51664996
51.9141502 -8.69799995 1.68445003
51.8025017 -8.60219955 1.95949996
51.9314995 -8.72369957 3.39510012
51.8307991 -8.75139999 3.57240009
51.8576012 -8.75809956 3.6099999
51.9557991 -8.65340042 4.94180012
51.8075981 -8.5163002 -1.48459995
51.9789009 -8.48340034 3.32159996
51.8171997 -8.40559959 3.79290009
51.9481506 -8.50812531 3.86842489
51.9985008 -8.49940014 4.75150013
51.8320007 -8.59280014 4.98549986
51.9087982 -8.49400043 5.13119984
51.8876991 -8.20090008 -1.54610002
51.9524002 -8.36260033 -1.37849998
51.9225998 -8.22954941 1.62470007
51.9250984 -8.28359985 1.80639994
51.930748 -8.30169964 3.87085009
51.9411011 -8.3114996 4.16179991
51.8446007 -8.31290054 4.71090031
51.9752998 -8.0564003 1.39929998
51.8180313 -8.07143307 1.50753331
51.8549004 -8.14560032 3.35039997
51.9632988 -8.07359982 3.77160001
51.8544998 -8.10449982 4.04979992
51.8933334 -8.09283352 4.68830013
51.9660988 -8.14850044 5.5539999
51.9403496 -7.97105026 -1.57224989
51.8112984 -7.93289995 1.50639999
51.9360008 -7.86280012 2.83710003
51.8529015 -7.80480003 3.0697
51.8308983 -7.86019993 3.87820005
51.8951492 -7.96780014 5.73105001
51.9612999 -7.96220016 5.94999981
51.9122009 -7.64734983 -1.70354998
51.9089241 -7.65937519 1.10595
51.8829498 -7.68772507 1.35350001
51.839653 -7.79615021 1.48810005
51.9132843 -7.69579983 2.91523337
51.8736992 -7.60500002 3.36619997
51.8219986 -7.64750004 3.49020004
51.8078003 -7.78679991 3.87129998
51.8403015 -7.60290003 4.3829999
51.8078995 -7.78919983 4.90390015
51.8252983 -7.70779991 5.59310007
51.8485985 -7.61929989 5.78310013
51.8913002 -7.69710016 5.82340002
51.9239998 -7.60559988 6.00349998
51.864151 -7.50304985 -1.67484999
51.8128014 -7.56890011 0.960799992
51.9109497 -7.50909996 1.06964993
51.9160995 -7.57800007 1.29900002
51.926899 -7.54850006 1.42809999
51.9098587 -7.50990009 2.86931992
51.9128265 -7.52299976 3.48267508
51.9325981 -7.45030022 3.7730999
51.9846992 -7.55159998 3.97860003
51.8457985 -7.4138999 4.00839996
51.8488007 -7.45779991 4.49189997
51.8297997 -7.59200001 5.88700008
51.9033508 -7.29570007 -1.74327493
51.8600006 -7.23589993 0.951600015
51.8800125 -7.28191423 1.09924281
51.9342346 -7.34829998 1.28866673
51.8851013 -7.30125046 1.48635006
51.9108009 -7.26910019 1.68394995
51.9082489 -7.34924984 3.43945003
51.8487511 -7.34800005 3.74720001
51.9274521 -7.27750015 3.84445
51.8953018 -7.34229994 4.74870014
51.8914795 -7.1019001 0.926379979
51.9543533 -7.06804991 1.08249998
51.9027023 -7.10340023 1.2507
51.8140678 -7.13366652 1.71656668
51.8822212 -7.07369995 1.91815996
51.9347992 -7.07574987 2.7736249
51.8875618 -7.09847498 2.882725
51.8279991 -7.02190018 3.1099
51.902401 -7.07219982 3.26959991
51.8854523 -7.03979969 3.7178998
51.9379005 -7.13439989 3.89314985
51.8216019 -7.19740009 4.00299978
51.8805008 -6.89230013 0.768999994
51.8764877 -6.88097143 0.942028582
51.8532982 -6.91359997 1.00919998
51.8857727 -6.87342501 1.29537499
51.8810501 -6.98429966 1.92394996
51.8959007 -6.90723324 2.06669998
51.9040489 -6.91310024 2.88400006
51.8095016 -6.88999987 3.0690999
51.9486504 -6.94554996 3.87589979
51.8153 -6.81860018 4.48839998
51.9137001 -6.91695023 4.72480011
51.9772987 -6.91760015 4.82520008
51.9050026 -6.76743317 -1.89279997
51.9735985 -6.68289995 -1.7651
51.8638 -6.73210001 0.784500003
51.875 -6.78006649 0.939566672
51.8552017 -6.73320007 1.11247504
51.9417 -6.71560001 1.29130006
51.8089981 -6.67670012 1.4885
51.8077011 -6.65549994 2.00090003
51.9099998 -6.69188023 3.14091992
51.8809013 -6.79330015 3.22020006
51.8502007 -6.62480021 4.05889988
51.8045998 -6.48210001 -1.95369995
51.9777985 -6.56190014 0.946200013
51.967701 -6.41270018 1.19289994
51.9061012 -6.52026701 1.26973331
51.9432335 -6.52606678 3.14406681
51.9670982 -6.4677 3.20580006
51.9991989 -6.45499992 3.65899992
51.8129005 -6.4000001 3.81990004
51.8778992 -6.48239994 4.64540005
51.8694992 -6.30113316 -1.95709991
51.9304657 -6.2701335 0.98150003
51.8479004 -6.28643322 1.08683336
51.9142342 -6.37386656 1.31019998
51.831501 -6.38710022 1.41659999
51.9538498 -6.25984955 1.87720001
51.9174004 -6.26627493 3.08247495
51.9222603 -6.32301998 4.73504019
51.9245987 -6.2567997 4.85085011
51.926899 -6.04890013 -2.00904989
51.877327 -6.0788002 0.943274975
51.914402 -6.08447981 1.07402003
51.9255219 -6.06767511 1.26672506
51.9533768 -6.15404987 1.90139997
51.9096985 -6.07210016 2.99370003
51.9569016 -6.08973312 3.13633323
51.9996986 -6.15080023 3.22000003
51.8677673 -6.10640001 3.71073341
51.9556999 -5.85010004 0.790499985
51.8388519 -5.90435028 0.966875017
51.9360619 -5.91224003 1.07333994
51.8688965 -5.87300014 1.33605003
51.8792992 -5.87330008 1.42770004
51.9188004 -5.82929993 1.96319997
51.937149 -5.92945004 2.0640502
51.8840408 -5.95109987 3.10653996
51.9032974 -5.88857508 3.29469991
51.883316 -5.88600016 3.47518325
51.8269005 -5.94945002 3.65625
51.8171997 -5.8677001 3.80609989
51.8755989 -5.62510014 -1.99629998
51.9721985 -5.73750019 0.943650007
51.9273796 -5.77343988 1.13450003
51.8232002 -5.65240002 1.23810005
51.8204002 -5.79250002 3.22259998
51.8845978 -5.73884964 3.48160005
51.9953003 -5.55119991 1.12489998
51.9347992 -5.21680021 -1.99699998
51.9159012 -5.39449978 1.19019997
51.9794998 -4.86829996 -2.0085001
51.9870987 -4.77689981 -2.0546
51.8450012 -2.79590011 -2.1184001
51.8355484 -2.3134501 -2.12970018
51.8991661 -1.86546659 -2.12593341
51.8797989 -1.78569996 -2.12940001
51.9952011 -1.53859997 -2.15560007
51.8040009 -1.38450003 -2.17569995
51.8577003 -1.17079997 -2.16190004
51.9598007 -1.02890003 -0.922299981
51.9592018 -1.03170002 -0.646200001
51.8920517 -0.958500028 -2.17210007
51.8723984 -0.740800023 -2.17140007
51.8964348 -0.467599988 -2.18420005
51.8622513 -0.276349992 -2.23049998
51.8055 -0.158199996 -2.18540001
52.0719986 -18.8617992 -1.40139997
52.0936012 -18.9978008 -1.29540002
52.1677017 -15.4524002 -1.41229999
52.0966988 -13.4439001 -1.27810001
52.0093994 -12.6464005 -1.30060005
52.1063004 -11.1173 1.9691
52.0285988 -11.0986004 2.1651001
52.0817986 -11.1111002 2.38560009
52.0301018 -11.1568003 2.40840006
52.1082993 -10.9756002 -1.36810005
52.1934013 -10.8097 1.87670004
52.1206017 -10.6192999 1.59679997
52.157299 -10.6852999 1.77190006
52.1875992 -10.6941996 2.62080002
52.1375008 -10.5955 1.91069996
52.0396004 -10.4590998 2.04489994
52.1341019 -10.3741999 -1.38139999
52.1010017 -10.3250999 1.68309999
52.0321007 -10.2107 2.02150011
52.1651001 -10.3942003 2.4461
52.1027527 -10.1417503 -1.42879999
52.1110992 -10.0410004 1.66949999
52.1049004 -10.0768003 2.26940012
52.1255493 -10.1278 2.47510004
52.1615982 -9.96710014 1.64049995
52.1026497 -9.9449501 2.33769989
52.0662003 -9.98900032 2.58579993
52.0087013 -9.92169952 2.79710007
52.0602341 -9.68506718 1.70226669
52.0408478 -9.71269989 1.88004994
52.0335007 -9.65670013 2.08189988
52.0820999 -9.76080036 2.31730008
52.1262016 -9.47799969 -1.53820002
52.1987 -9.41499996 2.11969995
52.1808014 -9.53250027 2.31669998
52.0607529 -9.47335052 3.78270006
52.1739502 -9.48864937 3.89085007
52.0699234 -9.47472477 4.11062527
52.0564003 -9.24279976 -1.4928
52.1061478 -9.21004963 1.32159996
52.1963005 -9.2038002 2.14709997
52.1571999 -9.2286005 2.33186674
52.1517754 -9.3416996 3.71635008
52.1148262 -9.32295036 3.93304992
52.0866013 -9.38850021 4.05819988
52.1986008 -9.26449966 4.38259983
52.0547981 -9.09720039 -1.54639995
52.189949 -9.09809971 1.27119994
52.0098 -9.04440022 1.42330003
52.0690002 -9.08769989 3.69449997
52.1114998 -9.00549984 3.85380006
52.1091995 -9.16409969 4.03499985
52.1431007 -9.16100025 4.44630003
52.103199 -8.97599983 -1.5402
52.0177002 -8.96380043 1.11290002
52.1406822 -8.87716007 1.34458005
52.0964355 -8.94843388 1.46619999
52.1309013 -8.88729954 3.15709996
52.0374985 -8.85929966 3.74714994
52.0219002 -8.92280006 3.85249996
52.0126495 -8.84784985 4.99440002
52.0726662 -8.98186684 5.12839985
52.0587006 -8.79769993 -1.50899994
52.1423988 -8.74440002 1.52460003
52.0070343 -8.70033264 3.55323339
52.163147 -8.75349998 3.72809982
52.0471992 -8.60359955 3.98790002
52.1674004 -8.68319988 4.23460007
52.0778008 -8.63440037 4.44689989
52.1199989 -8.75179958 4.60860014
52.0948982 -8.77999973 5.02460003
52.1950989 -8.70405006 5.22200012
52.1380501 -8.53359985 -1.56299996
52.1743011 -8.49919987 1.59529996
52.0021019 -8.5454998 3.39529991
52.0685501 -8.47565079 3.48335004
52.0309982 -8.51364994 3.96709991
52.1278 -8.36149979 -1.6652
52.1604996 -8.2517004 -1.56690001
52.1189995 -8.2510004 1.42920005
52.1108475 -8.37655067 1.61435008
52.1710014 -8.38770008 3.38720012
52.0112991 -8.37709999 3.46720004
52.0125008 -8.38930035 3.69519997
52.118 -8.27359962 3.91219997
52.1944008 -8.09360027 -1.60039997
52.1451492 -8.14659977 -1.55949998
52.1707001 -8.0291996 1.17079997
52.1787987 -8.07159996 1.31060004
52.1115036 -8.0835495 2.89335012
52.1441994 -8.15250015 3.62840009
52.1601486 -8.06934929 3.83920002
52.1974983 -8.17920017 4.63700008
52.1599998 -8.1619997 5.31339979
52.0208015 -8.00349998 5.81629992
52.093399 -7.82110023 -1.59420002
52.0653 -7.87839985 1.36240005
52.1944008 -7.92990017 1.46560001
52.0401001 -7.97959995 2.75399995
52.0523682 -7.85680008 2.90716672
52.1093521 -7.89470005 3.72452497
52.1257324 -7.8815999 3.91166663
52.0455017 -7.82159996 4.48360014
52.1822014 -7.92799997 4.6940999
52.0683517 -7.71834993 -1.63094997
52.0807686 -7.70093346 1.11013329
52.0441017 -7.6573 1.3994
52.1609001 -7.63409996 1.67260003
52.0177994 -7.64219999 2.11450005
52.1362 -7.71449995 2.75589991
52.0068016 -7.70699978 2.84699988
52.0792503 -7.64830017 3.88485003
52.1791 -7.70349979 4.05240011
52.0956993 -7.73909998 4.58519983
52.0323982 -7.41800022 -1.70060003
52.0200005 -7.5194664 1.07599998
52.0736008 -7.56379986 1.54439998
52.1810989 -7.46019983 2.78509998
52.1473999 -7.50029993 2.83229995
52.0698013 -7.54605007 3.34030008
52.0989761 -7.44775009 3.41704988
52.046299 -7.5953002 4.2171998
52.0125999 -7.51030016 4.4380002
52.1371994 -7.5321002 4.69740009
52.1786003 -7.33799982 -1.68089998
52.0443993 -7.28739977 0.987800002
52.0938988 -7.27397537 1.07885003
52.079258 -7.29824018 1.31184006
52.0753479 -7.32275009 1.55330002
52.0800476 -7.35235023 2.02979994
52.1512985 -7.36420012 2.77559996
52.0616493 -7.33174992 2.89550018
52.1393661 -7.35053349 3.3574667
52.1296005 -7.3277998 3.40879989
52.0658989 -7.19880009 -1.7701
52.0226974 -7.10824966 1.06774998
52.0169983 -7.03259993 1.26339996
52.1214218 -7.09389973 1.52465999
52.092701 -7.10179996 1.67340004
52.1262512 -7.03995037 1.85874999
52.1094666 -7.0654335 2.85439992
52.0253525 -7.10020018 3.2437501
52.1932983 -7.19649982 3.47129989
52.1134987 -7.14650011 3.61439991
52.1447983 -7.03075027 3.90404987
52.0321999 -7.09284973 4.02904987
52.1131516 -7.10124969 4.72379971
52.1014328 -6.87909985 -1.85493326
52.1028328 -6.87173319 1.28929996
52.155899 -6.90869999 1.45249999
52.0783005 -6.91520023 1.7464
52.089798 -6.89534998 1.84205008
52.0486984 -6.9073 2.79180002
52.0820694 -6.88630009 2.88940001
52.0932007 -6.81339979 3.01530004
52.0480995 -6.88934994 3.97235012
52.1627007 -6.90159988 4.00290012
52.0642014 -6.97830009 4.59929991
52.1396332 -6.87896681 4.68770027
52.1096992 -6.70609999 -1.95469999
52.0623016 -6.78900003 0.871699989
52.1588745 -6.76739979 1.27970004
52.1239014 -6.78329992 1.53299999
52.1010666 -6.77080011 1.70616663
52.1744003 -6.63910007 1.98930001
52.1837006 -6.6560998 2.04480004
52.0766983 -6.78079987 2.92519999
52.0063019 -6.78100014 3.11229992
52.1478996 -6.77740002 3.34520006
52.1461983 -6.77460003 3.40070009
52.0159988 -6.77930021 3.87980008
52.0293999 -6.54564953 1.26440001
52.1286011 -6.50939989 1.89810002
52.0634995 -6.51932001 3.1343801
52.0828018 -6.46004963 3.28544998
52.0625992 -6.48880005 3.42560005
52.0373993 -6.54419994 4.05709982
52.0213013 -6.47230005 4.76660013
52.164299 -6.3439002 -1.94029999
52.0017014 -6.20599985 0.905300021
52.0168991 -6.28439999 1.05809999
52.0966988 -6.31093359 1.30480003
52.0777664 -6.3354001 1.44563329
52.0889816 -6.24363995 1.91208005
52.1113014 -6.3125 3.09286666
52.1016998 -6.28310013 3.23556662
52.1479988 -6.2675333 3.68936658
52.0171509 -6.07425022 1.12505007
52.1814003 -6.16359997 1.68079996
52.1259117 -6.10895538 1.9206444
52.0888519 -6.12180042 2.0465498
52.0968666 -6.15390015 3.13109994
52.1351662 -6.09263325 3.22306657
52.171299 -6.08069992 3.52850008
52.1809006 -5.82609987 -1.9655
52.1168518 -5.90775013 1.12199998
52.1110992 -5.98050022 1.86479998
52.0792007 -5.97289991 2.06509995
52.0893593 -5.88240004 3.13670015
52.1053658 -5.87386656 3.22953343
52.0385017 -5.89400005 3.46350002
52.1487007 -5.79419994 -2.0402
52.0161018 -5.7730999 0.927600026
52.1460991 -5.78114986 1.12094998
52.1511993 -5.68840027 3.10370016
52.1576653 -5.76126671 3.30856657
52.1939011 -5.53970003 -2.02909994
52.0681496 -5.24760008 -2.04944992
52.0270996 -4.72090006 -2.06769991
52.1843987 -4.41300011 -2.04349995
52.0141983 -4.2434001 -2.07360005
52.0129013 -4.18079996 -2.09209991
52.0806999 -3.93709993 -2.07556677
52.0432014 -3.7349999 -2.08769989
52.1142006 -3.22239995 -2.1175499
52.0811501 -2.28104997 -2.12209988
52.157402 -2.13625002 -2.15094995
52.1321983 -1.98500001 -2.14720011
52.0838509 -1.75374997 -2.15775013
52.1216011 -1.50300002 -2.1552999
52.0307655 -1.3338666 -2.16470003
52.1249008 -1.06589997 -2.15899992
52.0344009 -1.18889999 -0.669099987
52.0208015 -1.10839999 -0.509000003
52.1200027 -0.862500012 -2.18456674
52.1056976 -0.671450019 -2.22074986
52.1652985 -0.4921 -2.19289994
52.1614494 -0.298399985 -2.22119999
52.0695992 -0.288800001 -2.19790006
52.3021011 -19.2803993 -1.37969995
52.3401985 -13.8042002 -1.27090001
52.2490005 -13.4385004 -1.31879997
52.2611008 -11.0039997 1.97350001
52.3953514 -11.0821495 2.09599996
52.2588005 -10.9380999 -1.38520002
52.2719002 -10.9820004 1.84560001
52.2542 -10.8797998 2.02349997
52.3862 -10.7824993 1.70500004
52.2601471 -10.6743498 1.97504997
52.325901 -10.6670494 2.15210009
52.2751999 -10.6745672 2.50756669
52.3150978 -10.7535667 2.69460011
52.3410187 -10.5333328 1.72388339
52.3212509 -10.4977493 1.89740002
52.3932991 -10.5616999 2.09750009
52.3684998 -10.4168997 2.39989996
52.2863998 -10.5228004 2.57885003
52.2868004 -10.2670002 -1.53989995
52.2206993 -10.3509998 -1.25559998
52.2671013 -10.2826004 1.93490005
52.3897018 -10.3074999 2.01760006
52.2244987 -10.2944002 2.28500009
52.3801003 -10.1323004 1.70529997
52.2870483 -10.1609001 2.0632
52.3583984 -9.84910011 -1.45640004
52.3319016 -9.97770023 1.79540002
52.3396988 -9.91295052 2.29610014
52.3992004 -9.6626997 -1.52590001
52.2507477 -9.64220047 2.23000002
52.3778 -9.78670025 2.54229999
52.2961006 -9.55599976 2.21635008
52.3312988 -9.47920036 2.58400011
52.2754517 -9.51535034 2.70464993
52.2873001 -9.52506638 3.74736667
52.2346001 -9.58580017 4.00540018
52.3195992 -9.24170017 2.19720006
52.3451004 -9.20409966 2.5474
52.2887726 -9.34827518 3.91700006
52.2228012 -9.08959961 -1.41569996
52.3127747 -9.10709953 1.25217497
52.3218002 -9.16049957 2.26360011
52.3727989 -9.18229961 2.40879989
52.3363991 -9.14540005 3.13439989
52.243248 -9.05809975 3.89435005
52.3268013 -9.1722002 4.04080009
52.3711014 -9.02429962 4.36749983
52.3142014 -8.93179989 -1.57130003
52.3129997 -8.95165062 1.14814997
52.3222809 -8.8817997 1.28162003
52.2780991 -8.90750027 1.44000006
52.2835503 -8.92029953 2.13964987
52.2695999 -8.92746639 2.94726658
52.2396011 -8.93994999 3.76364994
52.2470665 -8.9180336 3.89606667
52.3671989 -8.88904953 4.09415007
52.3970985 -8.83370018 4.30569983
52.2352524 -8.90859985 5.24820042
52.2671356 -8.72996616 -1.57376671
52.3740005 -8.79380035 1.47149992
52.3204346 -8.7439003 3.74623322
52.3402023 -8.67135048 3.95350003
52.3027496 -8.64680004 4.11124992
52.3637009 -8.73469925 4.37629986
52.2075996 -8.65240002 5.16379976
52.3188248 -8.6728754 5.32767487
52.3979988 -8.58539963 -1.62269998
52.2793999 -8.49849987 -1.58994997
52.335701 -8.43560028 3.78550005
52.358902 -8.50435066 3.95809984
52.2860985 -8.58430004 4.78560019
52.3423996 -8.45699978 4.86250019
52.3330002 -8.54800034 5.0848999
52.2813988 -8.52120018 5.28770018
52.3204002 -8.29469967 -1.56359994
52.3661003 -8.25060081 1.33169997
52.2411995 -8.33759975 1.69200003
52.3712006 -8.30450058 2.92474985
52.3070984 -8.28434944 3.06484985
52.287899 -8.33170033 3.77010012
52.3273659 -8.38433361 3.91316652
52.2942657 -8.27586651 4.34753323
52.3168983 -8.22430038 4.66239977
52.3775024 -8.34440041 4.89004993
52.3699989 -8.26364994 5.17580032
52.2673759 -8.06737518 1.33364999
52.2694016 -8.14116669 1.4459666
52.2140007 -8.19309998 2.75679994
52.3921013 -8.13860035 2.83769989
52.3377533 -8.09259987 3.77405
52.3056755 -8.06057549 3.87860012
52.2370491 -8.14825058 4.3821497
52.2510986 -8.16230011 4.59229994
52.3550987 -8.03590012 4.65250015
52.2947998 -8.07450008 4.88390017
52.3328018 -8.17099953 5.04349995
52.2961998 -8.06630039 5.29510021
52.3997002 -7.94369984 -1.66919994
52.2831001 -7.96150017 1.47679996
52.344799 -7.94579983 2.38409996
52.3456001 -7.85475016 2.54379988
52.2279015 -7.91730022 3.0632
52.3599014 -7.90250015 3.70700002
52.2865486 -7.88724995 3.93175006
52.2891502 -7.86269999 4.74685001
52.2417984 -7.94110012 5.17619991
52.2911987 -7.64494991 -1.68425
52.346199 -7.65490007 2.08330011
52.3049507 -7.77304983 2.90030003
52.2103004 -7.60960007 3.34820008
52.2924652 -7.73156643 4.06066656
52.3283005 -7.60169983 4.77689981
52.2985001 -7.62820005 4.90829992
52.3610001 -7.73509979 5.07940006
52.3055267 -7.51219988 -1.68772507
52.2653503 -7.42885017 1.34979999
52.3785477 -7.46299982 1.52375007
52.3767014 -7.58349991 1.76919997
52.3428993 -7.49319983 1.96370006
52.3689003 -7.48005009 2.07840014
52.330101 -7.46014977 2.77164984
52.2434998 -7.56580019 2.80929995
52.2523994 -7.58809996 3.50819993
52.2537994 -7.48290014 3.95799994
52.3078003 -7.59730005 4.11880016
52.2467003 -7.25400019 -1.68799996
52.3016014 -7.32969999 1.4404
52.2640991 -7.20149994 1.6415
52.2321472 -7.29530001 1.85664999
52.2298012 -7.36499977 2.08929992
52.3828011 -7.29990005 2.7651999
52.3119354 -7.33396673 2.85203338
52.3939018 -7.32620001 3.12389994
52.3335991 -7.33209991 3.27410007
52.2300491 -7.32349968 3.57889986
52.3295517 -7.28474998 3.9684
52.3399658 -7.2680335 4.06043339
52.2314987 -7.09100008 -1.74860001
52.2064018 -7.18079996 1.31449997
52.239502 -7.10599995 1.5708499
52.2674026 -7.1022501 1.62635005
52.2770004 -7.02120018 1.93516672
52.2279015 -7.09929991 2.72140002
52.2142982 -7.19719982 2.81439996
52.3243408 -7.09280014 3.28690004
52.3813019 -7.11609983 4.07999992
52.3149986 -7.05494976 4.63014984
52.2723656 -6.91730022 -1.84863329
52.3303986 -6.8737998 -1.78139997
52.29076 -6.87809992 1.91610003
52.3894005 -6.80539989 2.10400009
52.3527527 -6.96500015 3.12314987
52.281601 -6.83470011 3.37859988
52.3616982 -6.9440999 3.71560001
52.2470016 -6.98869991 3.98230004
52.3119011 -6.89330006 4.60500002
52.3821983 -6.83269978 4.86630011
52.2552338 -6.6991334 -1.92159998
52.270134 -6.73486662 1.50726664
52.3176003 -6.73499966 1.72959995
52.2965012 -6.79750013 1.99170005
52.2607689 -6.70609999 2.96843338
52.3012238 -6.71532488 3.14972496
52.2707672 -6.64109993 3.24749994
52.2752228 -6.63672495 3.46125007
52.2402496 -6.69365025 3.83599997
52.2659988 -6.73960018 4.09420013
52.2565002 -6.5927 1.31210005
52.2178993 -6.58549976 1.41489995
52.3247757 -6.52729988 1.85087502
52.2202988 -6.51219988 2.0460999
52.3348007 -6.50589991 3.1297667
52.298481 -6.52774 3.29297996
52.3146019 -6.49940014 3.48173332
52.3444672 -6.4654665 3.67806673
52.3125 -6.52180004 4.04799986
52.2444 -6.34259987 1.51800001
52.3026581 -6.24686003 1.87442005
52.3362198 -6.30611992 2.07620001
52.3067017 -6.32026005 3.12109995
52.2430992 -6.26300001 3.23990011
52.3057671 -6.29153347 3.48986673
52.2882423 -6.30582857 3.70584297
52.3166008 -6.30865002 3.88417482
52.3476982 -6.09499979 -2.02209997
52.2909012 -6.14599991 -1.98979998
52.3080673 -6.06309986 1.77276671
52.2933006 -6.1356144 1.8770715
52.25 -6.1566 2.0467999
52.2802391 -6.11395979 3.1105001
52.3148994 -6.13609982 3.34360003
52.325634 -6.11483335 3.51059985
52.2145996 -6.18370008 3.78119993
52.2154999 -5.94640017 0.990499973
52.2033005 -5.89109993 1.07589996
52.2593994 -5.97860003 1.9289
52.3065987 -5.83470011 2.99300003
52.2703362 -5.87896252 3.12633753
52.2848663 -5.85496664 3.24423337
52.3254013 -5.84490013 3.89369988
52.2686996 -5.69614983 -2.04820013
52.3599472 -5.70965004 3.17894983
52.3495483 -5.76805019 3.22335005
52.2316017 -5.56479979 -2.01480007
52.2201004 -5.36369991 -1.99430001
52.2772522 -4.69624996 -2.0447998
52.2906494 -4.35505009 -2.03375006
52.3417015 -4.07460022 -2.04859996
52.3030014 -3.8433001 -2.10710001
52.3055992 -3.77920008 -2.0618999
52.2538986 -3.41720009 -2.10159993
52.3627357 -3.32200003 -2.10279989
52.3306007 -2.8289001 -2.11010003
52.3474998 -2.69245005 -2.12260008
52.2971497 -2.54974985 -2.11394978
52.3086014 -2.26760006 -2.14639997
52.2365494 -1.89779997 -2.15614986
52.3240013 -1.72430003 -2.16190004
52.2909012 -1.42304993 -2.17569995
52.3703499 -1.2658 -2.18200016
52.273201 -1.21360004 -0.835699975
52.3188019 -1.03489995 -0.707499981
52.2652016 -1.12109995 -0.451599985
52.3140335 -0.91536665 -2.18500018
52.3730011 -0.563600004 -2.2033999
52.3097992 -0.324849993 -2.21670008
52.3712006 -0.193200007 -2.2263
52.5357018 -18.4235001 -1.42260003
52.4768982 -17.8619995 -1.44449997
52.4247017 -17.7879009 -1.44760001
52.4033012 -15.9006004 -1.52559996
52.5635986 -15.5846004 -1.57539999
52.446701 -15.1894999 -1.5632
52.5805016 -14.0845003 -1.22500002
52.4866982 -13.1605997 -1.32490003
52.5432014 -12.9869003 -1.35899997
52.5794983 -11.3317499 2.29110003
52.5749016 -11.3079004 2.58310008
52.4867249 -11.1029253 2.05852509
52.5634003 -11.0384998 2.3756001
52.415699 -10.868 -1.44280005
52.5782013 -10.9431 1.91719997
52.5847015 -10.9705 2.18219995
52.5321999 -10.7740002 -1.73450005
52.4945488 -10.7285004 -1.50305009
52.4661484 -10.6810493 1.69620001
52.5032005 -10.6984501 1.86074996
52.4292984 -10.6199999 2.16420007
52.5279999 -10.7819996 2.22040009
52.4883003 -10.7448997 2.45090008
52.5686989 -10.4324999 -1.59689999
52.5185509 -10.53125 1.70515001
52.4028015 -10.5576 2.4993999
52.4941483 -10.3134003 -1.53585005
52.5018005 -10.2565002 1.78989995
52.4183998 -10.3648996 1.84920001
52.5528984 -10.3200998 2.00810003
52.5001984 -10.0981998 -1.58410001
52.5699997 -10.1238995 1.77880001
52.4899673 -10.1198997 2.10733342
52.5203018 -10.0035 2.43140006
52.5686493 -9.99870014 1.72609997
52.5802994 -9.97949982 2.07179999
52.5305481 -9.95129967 2.35934997
52.514801 -9.91266727 2.46826673
52.5550003 -9.64620018 -1.6207
52.4702988 -9.68029976 1.8276
52.5253983 -9.75039959 2.32410002
52.4492989 -9.5862999 1.84370005
52.4155998 -9.5291996 2.1809001
52.4222984 -9.42329979 2.35159993
52.5046997 -9.52939987 2.42050004
52.5138016 -9.44169998 4.27720022
52.4275017 -9.38119984 -1.62199998
52.5673981 -9.33975029 -1.57975006
52.4341011 -9.24950027 0.920899987
52.4580994 -9.35050011 1.11844993
52.4393997 -9.21389961 1.22720003
52.493 -9.34630013 1.75705004
52.4261017 -9.30389977 2.47440004
52.4978981 -9.32349968 2.8348999
52.4754982 -9.3345747 4.07232523
52.5293503 -9.30309963 4.26924992
52.4872017 -9.01580048 0.761600018
52.5461006 -9.10879993 0.822899997
52.4511604 -9.12508011 1.13150001
52.5065002 -9.05035019 1.29225004
52.4276009 -9.13459969 2.51245022
52.4828682 -9.10013294 3.95593333
52.5498657 -9.04880047 4.02886677
52.5684013 -9.00800037 4.43009996
52.5565987 -8.8821497 -1.72784996
52.5500984 -8.89719963 0.995299995
52.5124512 -8.91283703 1.05757499
52.5157661 -8.94956684 1.27974999
52.5633011 -8.90649986 1.91279995
52.5936012 -8.82540035 2.08509994
52.4801674 -8.91036701 4.09023333
52.4369011 -8.87154961 4.32375002
52.4211998 -8.88969994 4.46579981
52.4954987 -8.77960014 -1.60440004
52.5251656 -8.67961693 1.30060005
52.5452347 -8.70523357 1.43570006
52.5956993 -8.7802 2.12940001
52.5723 -8.77820015 2.88649988
52.4944 -8.71640015 3.91254997
52.4783478 -8.72394943 4.09054995
52.5368385 -8.54955959 1.32964003
52.4944 -8.47677517 1.43232501
52.4215012 -8.5316 1.7263
52.5320015 -8.55309963 2.98799992
52.4300003 -8.45919991 3.87680006
52.4500351 -8.48120022 4.94869995
52.4277 -8.47840023 5.29080009
52.5315666 -8.28926659 1.31123328
52.5033493 -8.2748003 1.45039999
52.5942001 -8.31389999 2.72090006
52.4131012 -8.21000004 2.99519992
52.452652 -8.27210045 3.12304997
52.5205994 -8.23009968 3.79940009
52.4207001 -8.21430016 4.4611001
52.4640007 -8.29880047 4.93440008
52.4333 -8.2947998 5.04029989
52.5409012 -8.3142004 5.40700006
52.4413986 -8.1164999 -1.68420005
52.4679985 -8.10330009 1.09189999
52.4292984 -8.13750076 1.28454995
52.4667664 -8.11740017 1.4616667
52.5287018 -8.04240036 2.36139989
52.4592514 -8.04955006 2.48370004
52.4561005 -8.15559959 3.10369992
52.4937515 -8.15240002 3.72539997
52.5214996 -8.10400009 3.92689991
52.4491997 -8.13059998 4.98929977
52.4679985 -8.08590031 5.0374999
52.4485016 -7.85809994 -1.64664996
52.4500999 -7.92430019 1.46379995
52.4692001 -7.83269978 2.7665
52.5401001 -7.92770004 2.83940005
52.5089493 -7.97700024 3.09539986
52.5832977 -7.93575001 3.91085005
52.4358978 -7.92090034 4.88154984
52.5299339 -7.92673349 5.10973358
52.4798012 -7.68650007 -1.78279996
52.5048981 -7.71430016 1.77555001
52.5149994 -7.60529995 1.82860005
52.4178009 -7.73839998 2.08400011
52.4107971 -7.68625021 2.48070002
52.4838028 -7.6157999 2.70055008
52.5607491 -7.69149971 3.90155005
52.5505981 -7.648633 4.1206665
52.5392494 -7.61964989 4.28994989
52.4743996 -7.65980005 4.45599985
52.4589005 -7.70219994 4.72550011
52.5284004 -7.69199991 4.84759998
52.5247002 -7.7802 5.08570004
52.5788002 -7.44080019 1.66719997
52.5812988 -7.44105005 1.81080008
52.4656982 -7.47739983 2.02929997
52.5530014 -7.43130016 2.36279988
52.4998665 -7.51280022 2.53259993
52.5271988 -7.49539995 2.74060011
52.5093994 -7.43289995 2.85514998
52.5215988 -7.42659998 4.05240011
52.5168991 -7.44904995 4.26574993
52.4690018 -7.29794979 -1.76289999
52.4737663 -7.28028345 1.51524997
52.5997009 -7.30109978 2.51819992
52.5309563 -7.32558584 2.70565724
52.4767685 -7.28009987 2.86673331
52.4846992 -7.24060011 3.98589993
52.4723015 -7.33720016 4.10879993
52.5547981 -7.22599983 4.21899986
52.4988976 -7.08926678 -1.83039999
52.4463005 -7.13903332 1.55130005
52.4720345 -7.12176657 1.77376664
52.5323334 -7.10346651 1.88516665
52.5166016 -7.0625 2.00664997
52.5671005 -7.15070009 2.80719995
52.4616013 -7.08430004 3.07380009
52.5056 -7.12603331 3.31459999
52.5313988 -7.09429979 3.43379998
52.5389481 -7.15715027 4.05894995
52.5587006 -7.05905008 4.30179977
52.4842987 -6.91374969 -1.90474999
52.4192009 -6.9927001 -1.67330003
52.4287491 -6.89970016 1.50979996
52.5226669 -6.87543344 1.67363334
52.4855499 -6.91825008 1.96195006
52.5165024 -6.84520006 2.03460002
52.4941216 -6.94413996 3.13569999
52.4940033 -6.95215034 3.22144985
52.5084 -6.87303352 3.87376666
52.4692001 -6.97079992 4.0145998
52.5266342 -6.85029984 4.67640018
52.4115982 -6.81479979 4.88700008
52.4944763 -6.64607525 1.54534996
52.5281982 -6.69337511 1.69827497
52.4956207 -6.67263985 1.86171997
52.493351 -6.64690018 2.06209993
52.5134506 -6.68459988 3.16874981
52.5034027 -6.71864986 3.87935019
52.4986496 -6.73455 4.71679974
52.4804993 -6.74980021 4.84639978
52.4201012 -6.47300005 -1.99800003
52.4834404 -6.55611992 1.71210003
52.4320984 -6.4362998 2.19280005
52.4824486 -6.48775005 3.72000003
52.5410995 -6.47105026 3.88845015
52.4921494 -6.29960012 1.93525004
52.4194984 -6.37709999 3.5552001
52.4222984 -6.22259998 3.74550009
52.4584503 -6.29413319 3.90498328
52.4496498 -6.26014996 4.05805016
52.4905014 -6.01140022 -2.02419996
52.4445992 -6.17850018 1.79050004
52.4641876 -6.08790016 1.89781249
52.4453316 -6.14359999 2.07316661
52.5360985 -6.05579996 2.21020007
52.4415665 -6.09873343 3.28888321
52.4339981 -6.10510015 3.5079999
52.5007019 -6.03520012 3.72449994
52.5086327 -6.1425333 3.88493347
52.4938507 -6.15602493 4.1246748
52.4244995 -5.95469999 -2.01539993
52.5194016 -5.80179977 -1.98590004
52.5042992 -5.9599247 2.09677505
52.5009003 -5.96729994 3.50959992
52.5276985 -5.77110004 -2.02209997
52.4404984 -5.65850019 3.22849989
52.408699 -5.58990002 -2.06100011
52.5747986 -5.33879995 -2.01379991
52.462101 -5.01310015 -2.06839991
52.4202995 -4.64690018 -2.04250002
52.5904999 -4.52769995 -2.05669999
52.5110474 -4.31060028 -2.04295015
52.5438004 -3.28985 -2.10584998
52.5092506 -3.04965019 -2.10365009
52.578701 -2.81760001 -2.09619999
52.4456024 -2.75845003 -2.1269002
52.4749985 -2.41059995 -2.1243999
52.5674019 -2.01329994 -2.1638
52.4482002 -1.90020001 -2.1644001
52.4688988 -1.7816 -2.19260001
52.4869995 -1.44490004 -2.17429996
52.4817009 -1.31550002 -2.17770004
52.5294991 -1.04079998 -0.780099988
52.4308014 -1.01989996 -0.570599973
52.5789986 -0.651600003 -2.22199988
52.5289993 -0.467599988 -2.22270012
52.4967995 -0.581900001 -2.19959998
52.4896469 -0.291000009 -2.23269987
52.4468994 -0.145500004 -2.26690006
52.7817001 -18.8526001 -1.47640002
52.7983017 -18.5454006 -1.42630005
52.7681007 -18.3542995 -1.49520004
52.6580009 -18.1359997 -1.38600004
52.6151505 -17.8721008 -1.53919995
52.6217003 -17.6970005 -1.51419997
52.7598991 -16.6005993 -1.56330001
52.7081985 -15.6162996 -1.63820004
52.7346992 -15.1675997 -1.45920002
52.6071014 -14.8802996 -1.25779998
52.6455002 -14.8188 -1.17680001
52.7108002 -14.6528997 -1.22160006
52.6580009 -14.5817003 -1.19379997
52.7607994 -14.1915998 -1.15610003
52.7575989 -13.7033997 -1.49870002
52.6416016 -11.3071003 2.25454998
52.6440506 -11.2784004 2.4531498
52.7288017 -11.1983995 2.14109993
52.6805496 -11.0628252 2.3192749
52.6413651 -11.1124668 2.52259994
52.7759018 -10.9110003 -1.60889995
52.6077003 -10.9404001 -1.32130003
52.7266006 -10.8617001 1.7938
52.7470016 -10.9554005 2.15450001
52.6277008 -10.9459 2.45830011
52.6688995 -10.7383003 -1.67260003
52.7532005 -10.7006998 -1.56140006
52.6664734 -10.6722755 1.75600004
52.7123489 -10.7083502 1.83724999
52.7359009 -10.7853003 2.25289989
52.7434006 -10.4959002 -1.67139995
52.7146988 -10.5039997 1.81649995
52.7719994 -10.3281002 -1.6796
52.6888008 -10.3508997 -1.58239996
52.6735001 -10.0436001 -1.68270004
52.6846008 -10.0721998 -1.59490001
52.7550011 -10.0038996 1.73989999
52.6777267 -10.1447496 1.88164997
52.6257019 -10.0831003 2.1789999
52.6199989 -10.0574999 2.34899998
52.7029991 -10.0801506 2.50537491
52.6484985 -10.0873003 2.64660001
52.7799988 -9.80029964 -1.68330002
52.7840004 -9.83399963 1.12230003
52.6530991 -9.95059967 1.78830004
52.7556992 -9.91494942 1.88910007
52.6058006 -9.98099995 2.64989996
52.7742004 -9.73620033 -1.79410005
52.6649017 -9.63099957 1.7493
52.6165009 -9.57610035 2.07599998
52.6483002 -9.40100002 2.38790011
52.6640015 -9.48709965 4.20749998
52.7597008 -9.26420021 -1.72689998
52.7047501 -9.32654953 1.69389999
52.7677002 -9.39630032 1.95790005
52.6214981 -9.27019978 2.31660008
52.6515999 -9.32139969 4.09549999
52.6974983 -9.08419991 -1.6092
52.7206192 -9.06351948 1.12716007
52.6988983 -9.04959965 1.24129999
52.6842995 -9.14159966 2.27060008
52.7262001 -9.02250004 2.58839989
52.7518349 -9.08549976 3.95453334
52.7943001 -9.06260014 4.06430006
52.6152 -9.19979954 4.3499999
52.6596527 -8.92449951 1.08749998
52.6651993 -8.89500046 1.22790003
52.6837997 -8.83129978 1.51359999
52.7346001 -8.85873318 2.15400004
52.7494965 -8.8519001 4.06209993
52.7550507 -8.70895004 -1.70545006
52.7654991 -8.67259979 0.787199974
52.733799 -8.71049976 1.08517504
52.6593323 -8.65146637 1.25266671
52.7037506 -8.70215034 1.41125
52.7835999 -8.75150013 1.99119997
52.7206001 -8.75520039 2.08400011
52.7740479 -8.71520042 2.25010014
52.6367989 -8.7215004 2.77029991
52.7781487 -8.6697998 2.93109989
52.7694473 -8.63470078 3.12304997
52.6657982 -8.41170025 -1.70930004
52.708683 -8.52084255 1.34651423
52.6675644 -8.49183369 1.43699992
52.7505989 -8.56949997 2.83019996
52.669899 -8.4769001 3.0086
52.6761513 -8.28350067 -1.65450001
52.6977997 -8.3003006 1.46674991
52.7498016 -8.2833004 2.55940008
52.7030487 -8.34490013 2.72039986
52.7985001 -8.35140038 2.82669997
52.6404495 -8.23744965 3.67859983
52.612999 -8.23120022 3.82159996
52.6643982 -8.15544987 -1.68009996
52.6806984 -8.18010044 1.98959994
52.7249985 -8.10200024 2.0632
52.7612991 -8.19120026 3.79200006
52.7164001 -8.16639996 3.83195019
52.6938515 -8.00819969 4.07139969
52.7569008 -7.82630014 2.09929991
52.668499 -7.91594982 3.90584993
52.7038002 -7.89869976 4.07470036
52.634201 -7.86170006 4.32200003
52.7643013 -7.74389982 -1.77740002
52.7705994 -7.65689993 1.94990003
52.7551003 -7.64870024 2.45799994
52.6180496 -7.67329979 2.65119982
52.6567497 -7.65534973 3.95204997
52.7130318 -7.67666674 4.15306664
52.6902657 -7.74530029 4.31136656
52.6865997 -7.73400021 4.72830009
52.7724991 -7.58199978 -1.74189997
52.7980003 -7.5632 1.38740003
52.7274323 -7.48333311 2.07459998
52.7290993 -7.55030012 2.54099989
52.706768 -7.48456669 2.62993336
52.6812325 -7.50199986 4.12459993
52.7250328 -7.24450016 -1.87306666
52.7409515 -7.33879995 1.32719994
52.6945 -7.31407499 1.48434997
52.6777 -7.23199987 1.68330002
52.7980995 -7.29640007 2.24379992
52.7863998 -7.21729994 2.57419991
52.7319984 -7.26921654 2.72111654
52.6811981 -7.27874994 2.82910013
52.6060982 -7.3572998 4.13810015
52.7821999 -7.3203001 4.2828002
52.7076988 -7.1228199 -1.88191998
52.7375984 -7.19589996 -1.773
52.6776009 -7.18809986 1.58949995
52.6658478 -7.12880039 1.72044992
52.7304001 -7.04145002 1.91159999
52.673275 -7.09332466 2.05792499
52.7684021 -7.06754971 2.51014996
52.7603989 -7.10930014 2.7579999
52.6641998 -7.01800013 3.30719995
52.6239014 -7.09950018 3.48079991
52.709301 -7.00719976 3.99349999
52.7132988 -7.10095024 4.15600014
52.7195015 -7.0145998 4.35090017
52.7010498 -6.95670033 -1.9384501
52.6286011 -6.88539982 1.50650001
52.799099 -6.81680012 1.75979996
52.7273674 -6.90630007 1.88296664
52.7383499 -6.95879984 2.02624989
52.6069984 -6.9689002 3.16770005
52.6220016 -6.94309998 3.35505009
52.6829987 -6.93489981 3.7112
52.674099 -6.89419985 3.89502501
52.7205505 -6.9857502 4.11630011
52.6726494 -6.89579964 4.75734997
52.7661018 -6.79729986 -1.96229994
52.6513748 -6.67377472 1.65127504
52.6602325 -6.64639997 3.96936655
52.6853981 -6.67199993 4.04432487
52.7257652 -6.46173334 -1.96586668
52.7672005 -6.57910013 1.68120003
52.7708015 -6.43270016 3.73600006
52.6712761 -6.4989748 3.89139986
52.6525002 -6.31120014 2.08389997
52.7206001 -6.33820009 3.71829987
52.6469193 -6.28603983 4.08279991
52.6615982 -6.03980017 -2.0552001
52.7583008 -6.00220013 -1.99510002
52.6081009 -6.16219997 1.98660004
52.6379013 -5.84369993 -1.97280002
52.634201 -5.79349995 -2.02250004
52.6641998 -5.48010015 -2.06159997
52.6344986 -5.28200006 -2.00760007
52.7554016 -5.0783 -2.0394001
52.6200981 -4.93440008 -2.07739997
52.7125015 -4.21465015 -2.10885
52.735199 -3.84590006 -2.11999989
52.6421013 -3.76929998 -2.05859995
52.6782494 -3.04914999 -2.12804985
52.6646996 -2.62420011 -2.11999989
52.7052498 -2.48724985 -2.12944984
52.6615219 -2.28349996 -2.14597988
52.6240005 -2.03130007 -2.13310003
52.6476517 -1.92680001 -2.14935017
52.6393509 -1.72510004 -2.16254997
52.6636009 -1.49240005 -2.17440009
52.6114006 -1.28069997 -2.21810007
52.6567001 -1.20539999 -2.17770004
52.7327003 -1.23239994 -0.765100002
52.6296005 -1.12520003 -2.21359992
52.7002983 -0.86650002 -2.2025001
52.6561012 -0.840300024 -2.19449997
52.6514015 -0.986699998 -0.543500006
52.6917 -0.70630002 -2.23819995
52.7327995 -0.704699993 -2.1954
52.6428986 -0.587899983 -2.21289992
52.6034012 -0.327399999 -2.20740008
52.8047981 -16.5202007 -1.60109997
52.8628998 -16.5275497 -1.57174993
52.9612999 -16.1982002 -1.57840002
52.8181992 -15.8150997 -1.6473
52.8638992 -15.9222002 -1.55420005
52.8660011 -15.4801502 -1.61380005
52.9986 -15.5676003 -1.55159998
52.9249001 -15.0665998 -1.34389997
52.8291016 -14.9403 -1.53910005
52.9948997 -14.8390999 -1.32149994
52.9202003 -14.6232004 -1.43499994
52.8593979 -14.7919502 -1.32270002
52.8448486 -14.5210495 -1.50714993
52.9044342 -14.5203333 -1.38883328
52.9748001 -14.2299995 -1.63020003
52.9454994 -14.2817001 -1.46624994
52.9594994 -14.3205996 -1.36660004
52.9792023 -14.0785007 -1.42755008
52.9602013 -14.1900997 -1.38160002
52.9637985 -13.9138002 -1.47407508
52.8600006 -13.890667 -1.2876333
52.9514351 -13.6915998 -1.4300667
52.9085007 -13.7728004 -1.28970003
52.9414024 -13.5158329 -1.52603328
52.9735489 -13.5800495 -1.3273499
52.8726997 -13.3515997 -1.64750004
52.9335518 -13.2970505 -1.48014998
52.9570999 -13.3275003 -1.29139996
52.9738998 -13.0718002 -1.42659998
52.9417 -13.1054001 -1.27570009
52.9640007 -12.9323997 -1.52550006
52.9100685 -12.9278002 -1.34783328
52.9940987 -12.7519999 -1.60669994
52.9817009 -12.7425003 -1.41400003
52.9897995 -12.6353998 -1.39750004
52.9878006 -12.5387001 -1.64849997
52.9356995 -12.4923 -1.48070002
52.9227982 -12.2425003 -1.52989995
52.9528999 -12.0994997 -1.62829995
52.9650993 -12.1110001 -1.42859995
52.9453011 -11.9312 -1.3197
52.9677658 -11.7571669 -1.53346658
52.9986992 -11.4666004 -1.66949999
52.9525986 -11.4842997 -1.48010004
52.9989014 -11.4460001 -1.39090002
52.8652992 -11.2079 2.36059999
52.945034 -11.0830669 -1.51243341
52.9132004 -10.8172998 -1.67830002
52.8900337 -10.8758335 -1.55503333
52.8669662 -10.7371998 -1.53596663
52.8757019 -10.7406998 -1.39849997
52.9260674 -10.4754667 -1.67400002
52.9964981 -10.302 2.25279999
52.8964996 -10.0468998 -1.72220004
52.9882011 -10.0170002 1.12740004
52.9110336 -10.0224667 1.90333331
52.917469 -9.94560051 -1.64380002
52.9617996 -9.89990044 1.13049996
52.9014015 -9.80949974 1.33490002
52.8535004 -9.90360069 1.86599994
52.9939003 -9.92800045 2.01320004
52.8164978 -9.69540024 -1.69950008
52.868 -9.65460014 0.902100027
52.9111023 -9.70985031 1.15657496
52.8367004 -9.7329998 1.90810001
52.8230019 -9.66149998 2.48370004
52.9318504 -9.48169994 1.1142
52.9925003 -9.59350014 1.2177
52.9541321 -9.51546669 2.72289991
52.9603996 -9.5177002 2.83349991
52.9089012 -9.28985023 -1.72020006
52.9757004 -9.26169968 1.17814994
52.8244019 -9.31219959 1.57850003
52.9897003 -9.21140003 2.26539993
52.9563332 -9.24386692 2.69623327
52.8331985 -9.125 -1.56229997
52.9068336 -9.1400671 1.1346333
52.8889008 -9.16884995 1.23080003
52.8885994 -9.08409977 1.46800005
52.9328346 -9.05189991 2.36330009
52.8958664 -9.06206703 2.48396683
52.9141998 -9.13439941 2.70765018
52.9803314 -9.15566635 2.92079997
52.8353996 -9.03999996 3.97909999
52.8939514 -9.06542492 4.1331749
52.9202499 -8.94509983 -1.7069
52.9883003 -8.84189987 0.807099998
52.9560013 -8.82800007 1.17289996
52.9400024 -8.82069969 1.31525004
52.9724998 -8.85039997 2.3527
52.9654007 -8.80340004 2.43120003
52.9002571 -8.92818546 4.0825572
52.8270988 -8.96339989 4.31479979
52.9358978 -8.71562004 0.885100007
52.8801384 -8.70069981 1.11767995
52.8977013 -8.6477747 1.28579998
52.8219986 -8.63189983 1.40320003
52.9425278 -8.70772552 2.2727499
52.9712982 -8.7031002 2.59100008
52.8748016 -8.75855064 2.91435003
52.8568649 -8.65839958 3.14043331
52.8495483 -8.69104958 3.22979999
52.8067017 -8.4034996 -1.745
52.8949013 -8.55214977 0.896175027
52.9206009 -8.51270008 1.14520001
52.9339981 -8.53445721 1.31447148
52.8821335 -8.49286652 1.47616673
52.9990997 -8.57970047 1.99269998
52.9405518 -8.55114937 2.14615011
52.8846016 -8.48554993 2.29390001
52.8874016 -8.40159988 2.63800001
52.8850479 -8.30265045 -1.6572001
52.9057007 -8.38490009 1.19439995
52.8725014 -8.34249973 1.38870001
52.9508324 -8.34570026 1.49376667
52.9250984 -8.20020008 1.60249996
52.9188004 -8.34560013 2.06725001
52.8303986 -8.20829964 2.22359991
52.9846001 -8.07960033 1.38030005
52.9087982 -8.07999992 1.73559999
52.832901 -8.06739998 2.29620004
52.8843994 -7.96379995 -1.75740004
52.957901 -7.81050014 1.37699997
52.9562988 -7.99039984 1.49720001
52.8266983 -7.82189989 1.79250002
52.9403 -7.80849981 4.24499989
52.8073997 -7.62949991 1.32219994
52.9643478 -7.69194984 1.49105
52.9659996 -7.7737999 1.72800004
52.9362679 -7.67186689 1.91976666
52.9762001 -7.69910002 2.09229994
52.8650513 -7.62524986 2.50939989
52.9095993 -7.62759972 4.2659502
52.858799 -7.67619991 4.50439978
52.8773003 -7.47139978 -1.8096
52.9179993 -7.48820019 -1.78209996
52.9682007 -7.4513998 1.19910002
52.9037781 -7.49384451 1.31616664
52.9006996 -7.52190018 1.45617497
52.9473 -7.55929995 1.79799998
52.9762497 -7.4755497 2.06669998
52.8877182 -7.50318336 2.50944996
52.8898392 -7.47845984 2.69490004
52.9641991 -7.59630013 2.89540005
52.9734001 -7.43529987 3.00329995
52.8199997 -7.57119989 4.18529987
52.9192734 -7.47807503 4.28994989
52.8722496 -7.33055019 -1.86330009
52.9398994 -7.29099989 -1.7815001
52.8799667 -7.2998333 1.31130004
52.9751015 -7.22130013 1.53340006
52.9217987 -7.25979996 1.98259997
52.8039017 -7.3441 2.25950003
52.9614487 -7.31025028 2.65490007
52.8786316 -7.28103352 2.83749986
52.8436012 -7.1809001 -1.86930001
52.9330521 -7.16235018 1.35159993
52.8129005 -7.19460011 1.53079998
52.9724007 -7.10179996 1.64470005
52.9054985 -7.12470007 1.92147493
52.944725 -7.14300013 2.16897511
52.9774017 -7.08939981 2.20020008
52.9786987 -7.1230998 2.52530003
52.8525772 -7.09851265 2.70716238
52.9765511 -7.0322504 2.83720016
52.8750992 -7.03950024 3.51929998
52.8474007 -7.0381999 3.99790001
52.9177017 -7.07250023 4.05459976
52.8106995 -7.09630013 4.23449993
52.8125992 -6.9849 -1.88329995
52.9322014 -6.89703321 1.90996671
52.9009514 -6.88861656 2.08206654
52.8567009 -6.92630005 2.5013001
52.9097404 -6.90980005 2.73155999
52.9613495 -6.9541502 2.86669993
52.8388519 -6.89375019 3.37069988
52.8536987 -6.95697498 3.46519995
52.8939018 -6.89359999 3.98390007
52.8912239 -6.8682251 4.13600016
52.841301 -6.71950006 1.59000003
52.9025993 -6.70115995 1.67263997
52.9026985 -6.6814332 1.91396666
52.9317474 -6.68309975 4.07905006
52.9828987 -6.73449993 4.33729982
52.9431 -6.54279995 -2.0157001
52.8097992 -6.48640013 1.59089994
52.9426003 -6.50773335 1.76353335
52.9030342 -6.52763367 1.85296667
52.9617996 -6.47079992 3.73440003
52.9744987 -6.54419994 3.82599998
52.9790993 -6.25839996 -2.05019999
52.9124985 -6.34940004 3.74313331
52.8912811 -6.33739996 3.91072011
52.9226494 -6.26000023 4.03954983
52.9708023 -6.17689991 3.92799997
52.9930992 -6.09450006 4.01130009
52.962101 -5.68529987 -1.98479998
52.9278984 -5.09310007 -2.09360003
52.8745995 -4.83039999 -2.03439999
52.8008995 -4.78550005 -2.09430003
52.8707504 -4.33924961 -2.08089995
52.8596992 -4.12769985 -2.11030006
52.843399 -3.90820003 -2.07019997
52.8499985 -3.28649998 -2.13840008
52.9188347 -3.02696681 -2.1360333
52.8603973 -2.82485008 -2.11625004
52.8790245 -2.29647493 -2.16494989
52.8649521 -1.92089999 -2.14564991
52.8834 -1.69700003 -2.16919994
52.8897667 -1.44303334 -2.16736674
52.8012009 -1.25370002 -2.2105999
52.8083 -1.33739996 -2.19910002
52.9267006 -1.1552 -2.19400001
52.957901 -1.18299997 -0.737999976
52.9294014 -1.11759996 -0.431600004
52.8337669 -0.916466653 -2.20403337
52.8439331 -0.656499982 -2.21323347
52.8153992 -0.412900001 -2.21219993
52.8462524 -0.30250001 -2.23725009
52.9320984 -0.322600007 -2.19390011
52.8762016 -0.00760000013 -2.25510001
53.1503983 -15.6967001 -1.55200005
53.1040421 -14.8815603 -1.54910004
53.0429001 -14.9182997 -1.39230001
53.1800995 -14.7919998 -1.66999996
53.0858192 -14.6777201 -1.53134
53.1024017 -14.5288668 -1.50986671
53.1696014 -14.3022003 -1.65610003
53.0088997 -14.1843004 -1.55760002
53.1231995 -13.7058001 -1.6092
53.0722008 -13.7421331 -1.53983331
53.0934486 -13.4981995 -1.71284997
53.0320511 -13.5466003 -1.48854995
53.0004997 -13.4385004 -1.3872
53.0794983 -13.33255 -1.52250004
53.1501007 -13.0630999 -1.66896665
53.0388985 -13.1625004 -1.52049994
53.0924988 -12.9769001 -1.5596
53.1168327 -12.6970673 -1.65563333
53.1260529 -12.5283499 -1.62720001
53.0251999 -12.4337997 -1.45780003
53.0031013 -12.5493002 -1.34979999
53.1081009 -12.2097998 -1.66270006
53.0116005 -12.3507996 -1.3513
53.1880989 -12.1640997 -1.79750001
53.0703011 -12.0427999 -1.58239996
53.0806503 -11.9073 -1.69980001
53.0239983 -11.9584999 -1.44000006
53.0193481 -11.7388992 -1.51130009
53.1469002 -11.5044336 -1.6724
53.0595512 -11.4582005 -1.53780007
53.0890656 -11.3324003 -1.64113331
53.017601 -11.1724005 -1.51069999
53.1440506 -10.8456001 -1.68089998
53.0130997 -10.9700003 -1.59809995
53.0946007 -10.6476498 -1.66899991
53.1783981 -10.5588999 -1.67219996
53.1940994 -10.4696999 1.75590003
53.1878014 -10.2441998 -1.80120003
53.0279007 -10.2725 -1.7744
53.1360016 -10.2985497 1.8678
53.0855217 -10.2764997 2.07435989
53.1565475 -10.2986498 2.22359991
53.1078987 -10.1788998 -1.82360005
53.0049019 -10.0655003 1.86759996
53.0936508 -10.0961504 2.02250004
53.0084 -10.1288004 2.26920009
53.0670013 -9.97239971 -1.75839996
53.1066513 -9.86934948 1.13199997
53.0844917 -9.88677025 1.29493999
53.1346016 -9.85659981 1.42490005
53.152401 -9.93393326 1.90849996
53.1082687 -9.71453381 1.11456668
53.0964241 -9.70882511 1.27597499
53.0507507 -9.7581501 1.46805
53.1228027 -9.72609997 1.7342999
53.0349998 -9.62049961 2.38089991
53.0873032 -9.6704998 2.54820013
53.1372986 -9.6935997 2.61829996
53.0817337 -9.54220009 -1.74160004
53.1916008 -9.46990013 1.12600005
53.0609512 -9.55509949 1.23280001
53.1808014 -9.53470039 1.42050004
53.134201 -9.59630013 1.60140002
53.130249 -9.47559929 2.30550003
53.1719017 -9.40200043 2.40300012
53.0715485 -9.48254967 2.73084998
53.1078987 -9.34799957 -1.7414
53.0275002 -9.33230019 1.10095
53.0919991 -9.24909973 1.24489999
53.0638008 -9.26130009 1.86290002
53.1447678 -9.26626682 2.35326672
53.1972008 -9.20629978 2.49049997
53.1287994 -9.36209965 2.66930008
53.1244011 -9.32059956 2.83330011
53.1945992 -9.12199974 -1.7888
53.0728989 -9.04440022 1.21720004
53.0940742 -9.09592438 2.32687497
53.1259003 -9.12849998 2.49040008
53.0547981 -9.16899967 2.74460006
53.0149994 -9.12759972 2.83839989
53.1184006 -8.80930042 -1.78069997
53.0209007 -8.85104942 0.914649963
53.1216278 -8.89072514 1.27645004
53.0845337 -8.89766693 2.34393334
53.1542587 -8.8664999 2.45496011
53.0653992 -8.65040016 -1.78910005
53.0130005 -8.71420002 0.645600021
53.0906181 -8.66306686 1.09198332
53.0471344 -8.69266701 1.25120008
53.0056992 -8.67080021 1.95369995
53.0886497 -8.6371994 2.08545017
53.0874481 -8.6684494 2.3131001
53.1354599 -8.67720032 2.45975995
53.1773987 -8.53800011 -1.85839999
53.0346985 -8.56869984 0.933899999
53.1214867 -8.5376873 1.11082494
53.0522499 -8.48719978 1.22900009
53.1647987 -8.49230003 1.5122
53.0419998 -8.56070042 1.86469996
53.1562996 -8.55230045 2.04900002
53.1187325 -8.46420002 2.29850006
53.0226021 -8.51780033 2.47000003
53.0486984 -8.20180035 -1.7852
53.0626984 -8.35280037 0.909099996
53.1324654 -8.27009964 1.34776664
53.1867981 -8.37510014 2.1874001
53.0233002 -8.26620007 2.43149996
53.1976013 -8.09280014 -1.89049995
53.0387001 -8.02009964 -1.7112
53.0953979 -8.11625004 1.34829998
53.0787659 -8.10336685 1.48143339
53.1983986 -8.04740047 1.91779995
53.1654015 -8.09889984 2.01699996
53.0648308 -8.13323307 2.30016661
53.0068016 -8.12969971 2.42389989
53.1353989 -7.84380007 -1.82354999
53.1120987 -7.81060028 -1.78489995
53.1621475 -7.89859962 1.31704998
53.0942535 -7.8684001 1.51265001
53.0862999 -7.88654995 1.8831501
53.1133003 -7.86954975 4.34899998
53.1014671 -7.63823318 -1.91683328
53.0850983 -7.7652998 1.15989995
53.1448975 -7.6786499 1.35864997
53.1450119 -7.67138767 1.48574996
53.1528015 -7.69729996 1.7044667
53.0326996 -7.6388998 1.96290004
53.0391006 -7.75430012 2.06629992
53.0051003 -7.65969992 2.5703001
53.0934753 -7.66864967 2.72172499
53.0194016 -7.76009989 4.13210011
53.1011505 -7.68179989 4.49615002
53.1388016 -7.49749994 -1.90030003
53.0675011 -7.4689002 1.26839995
53.0993004 -7.58470011 1.48319995
53.0822258 -7.5534749 1.87847495
53.0292015 -7.4302001 2.4289999
53.1529617 -7.46371984 2.68641996
53.1488991 -7.4937501 2.82857513
53.1769981 -7.41069984 3.09060001
53.0333023 -7.55189991 4.35719967
53.0569992 -7.54090023 4.45270014
53.0414009 -7.27040005 -1.84860003
53.0995255 -7.29794979 1.34200001
53.0292015 -7.37590027 2.14354992
53.0569 -7.26049995 2.27740002
53.0616989 -7.33905029 2.69694996
53.1199493 -7.33220005 2.88644981
53.0982513 -7.11610031 1.1635499
53.1142998 -7.17554998 1.28040004
53.128952 -7.13501692 1.45700002
53.1292496 -7.07305002 1.68674994
53.1203003 -7.15570021 1.90779996
53.0548744 -7.09280014 2.09747505
53.087368 -7.06476688 2.26583338
53.0584488 -7.11839962 2.70639992
53.0430984 -7.15509987 2.8138001
53.0550003 -6.95839977 -2.04089999
53.0425987 -6.95860004 -1.95720005
53.1015015 -6.91020012 1.49450004
53.0756989 -6.9934001 1.92369998
53.1209984 -6.87970018 2.13199997
53.1028671 -6.9064002 2.22090006
53.0704994 -6.93793344 2.7451334
53.0389481 -6.73019981 1.7141
53.0344429 -6.66528893 1.88942218
53.0755005 -6.62360001 3.76149988
53.0907974 -6.72949982 3.95939994
53.1137619 -6.67129993 4.1427598
53.0181999 -6.68769979 4.23460007
53.0822983 -6.40560007 -1.96689999
53.0671997 -6.52519989 1.76269996
53.0563812 -6.50979996 1.86212003
53.0816002 -6.51784992 3.73040009
53.0726013 -6.48466015 3.86874008
53.1511688 -6.48950005 4.05186653
53.0107994 -6.2645998 3.78139997
53.0806503 -6.35564995 3.86234999
53.1880989 -6.36920023 4.03660011
53.1240997 -6.13079977 -2.02719998
53.1966019 -5.82009983 -2.04850006
53.1348 -5.80880022 -1.98730004
53.1316986 -5.37290001 -2.0548501
53.1011009 -5.00549984 -2.01780009
53.1211014 -4.66960001 -2.05320001
53.1030312 -4.52810001 -2.08333325
53.0387001 -4.36549997 -2.11570001
53.1865997 -4.02869987 -2.09780002
53.0844994 -3.84910011 -2.11910009
53.0209999 -3.7644999 -2.15070009
53.1122322 -3.51666665 -2.12330008
53.0704002 -3.17619991 -2.12290001
53.0107994 -2.90820003 -2.11030006
53.0634995 -2.73250008 -2.13704991
53.1844978 -2.51573324 -2.16016674
53.1360016 -1.96109998 -2.21760011
53.1021996 -1.95039999 -2.15840006
53.1328506 -1.53605008 -2.17729998
53.0409012 -1.38769996 -2.18079996
53.1796989 -1.18449998 -2.24359989
53.1463013 -1.06649995 -0.504199982
53.1259995 -0.97240001 -2.19149995
53.1091347 -0.704299986 -2.22473335
53.1488495 -0.482500017 -2.23804998
53.0650673 -0.275033325 -2.25573325
53.274601 -15.6550999 -1.59990001
53.3459015 -15.0042 -1.63279998
53.2360001 -15.0681 -1.52470005
53.3074989 -14.9807997 -1.68299997
53.2350502 -14.7080498 -1.5394001
53.267601 -14.4488497 -1.69694996
53.2072983 -14.4770002 -1.53670001
53.3176003 -14.3644505 -1.65715003
53.2907982 -14.1521997 -1.85450006
53.2190018 -14.0607996 -1.72179997
53.2766991 -14.0239 -1.57620001
53.2196999 -13.9703999 -1.60720003
53.2549019 -13.9630003 -1.58270001
53.2314987 -13.6926003 -1.68180001
53.2436981 -13.6513004 -1.52769995
53.3423996 -13.2771997 -1.67920005
53.2655983 -13.3638 -1.59710002
53.2616997 -13.1906996 -1.86629999
53.2826004 -13.1808004 -1.59829998
53.2759476 -12.8722496 -1.71689999
53.267952 -12.7544003 -1.68474996
53.2252007 -12.4317999 -1.68379998
53.2883492 -12.3439999 -1.71169996
53.3221016 -11.8795004 -1.70529997
53.2496986 -11.7469997 -1.67149997
53.2574005 -11.2728996 -1.76944995
53.2593994 -10.9461002 -1.87794995
53.2543335 -10.8662004 -1.71196663
53.2682991 -10.7388 -1.85029995
53.22855 -10.7298498 -1.70502496
53.2897682 -10.5023994 -1.76419997
53.2238007 -10.5256004 1.93309999
53.2733994 -10.3200493 -1.87144995
53.2182312 -10.3461666 1.93739998
53.2382507 -10.2586498 2.12165022
53.2349014 -10.1426001 1.90530002
53.2425995 -10.1796999 2.19339991
53.3045998 -10.1420002 2.29380012
53.2766495 -9.87039948 -1.82990003
53.2533989 -9.83240032 1.27470005
53.2382011 -9.88939953 2.03469992
53.2364502 -9.70610046 -1.87774992
53.3068008 -9.70955086 1.10905004
53.2799683 -9.70406723 1.24426663
53.3577499 -9.50830078 -1.86475003
53.2337494 -9.58195019 1.14419997
53.3484993 -9.52159977 1.23724997
53.2243004 -9.45699978 2.37590003
53.3134003 -9.42879963 2.41160011
53.2242737 -9.31527519 -1.85047507
53.2131004 -9.29950047 -1.7744
53.2382507 -9.36775017 1.16315007
53.2835999 -9.30350018 1.22130001
53.28545 -9.29135036 2.36082506
53.2852554 -9.27466679 2.48226666
53.2042007 -9.23089981 2.61330009
53.206501 -9.00450039 1.06990004
53.3283997 -9.1243 1.28939998
53.2451744 -9.16232491 2.29167509
53.3123512 -9.15799999 2.50322485
53.2238998 -9.14869976 2.60500002
53.2721329 -8.90673351 -1.8755666
53.2741013 -8.80650043 -1.79050004
53.2630005 -8.85239983 1.18420005
53.275135 -8.92936611 1.30359995
53.2113991 -8.99059963 2.35630012
53.2999191 -8.86483955 2.49665999
53.2420998 -8.63129997 -1.84889996
53.2234993 -8.6814003 -1.74909997
53.3694992 -8.6491003 0.984499991
53.3266487 -8.60589981 1.14720011
53.2757835 -8.71128273 1.31738329
53.3027267 -8.69820023 2.49007154
53.3132019 -8.76490021 2.63610005
53.2842484 -8.51099968 -1.89050007
53.308197 -8.51140022 1.11214995
53.3096504 -8.54348373 1.3132
53.3570023 -8.57534981 1.4964
53.3063507 -8.41900063 1.68575001
53.2959518 -8.41765022 1.97885001
53.2897987 -8.41049957 2.11529994
53.2869682 -8.48056698 2.48226666
53.2897339 -8.26273346 -1.88196671
53.2355003 -8.30920029 -1.73889995
53.2689323 -8.33933353 1.07459998
53.3040199 -8.31842041 1.29779994
53.3288002 -8.25959969 1.5395
53.243 -8.35369968 1.95179999
53.284977 -8.27272511 2.08247495
53.3341408 -8.29631996 2.31908011
53.216301 -8.02190018 -1.87510002
53.2969246 -8.08975029 1.30917501
53.3029747 -8.07802486 1.46117496
53.2831001 -8.0716753 1.89907503
53.2925682 -8.10346699 2.09249997
53.322525 -8.12722492 2.24437499
53.3890991 -8.1637001 2.59980011
53.2192993 -7.93669987 -2.00079989
53.230999 -7.9073 -1.89396667
53.2618484 -7.89729977 1.32905006
53.303833 -7.86536646 1.4217
53.2943993 -7.90100002 1.62249994
53.3903008 -7.80499983 1.90190005
53.2959747 -7.91112518 2.07524991
53.2284012 -7.82219982 4.43830013
53.3188019 -7.74110031 -1.91149998
53.2150002 -7.74189997 1.39479995
53.3241005 -7.69880009 1.51979995
53.3922997 -7.61194992 1.68449998
53.3100014 -7.74910021 1.91559994
53.2000008 -7.46939993 -1.86539996
53.2411003 -7.48990011 1.35899997
53.2624512 -7.5713501 2.5717001
53.2721481 -7.55124998 2.74275017
53.3481522 -7.52470016 2.87709999
53.3740997 -7.2670002 1.53120005
53.3414001 -7.24246645 2.92599988
53.3406487 -7.25335026 3.06120014
53.288147 -7.14669991 1.32800007
53.2536011 -7.09981441 1.49524283
53.3661995 -7.12284994 1.63954997
53.2089005 -7.04129982 2.39560008
53.3059998 -7.13619995 2.90334988
53.2988014 -7.17059994 3.0230999
53.2481003 -6.96799994 1.37769997
53.2728653 -6.94680023 1.69760001
53.2930489 -6.70394993 4.07439995
53.374649 -6.7045002 4.27215004
53.3450012 -6.4598999 -2.06579995
53.3339005 -6.50925016 -1.9753499
53.2617989 -6.49594975 3.91655016
53.2775002 -6.5024333 4.0564332
53.3670845 -6.51904297 4.29305696
53.2971992 -6.32460022 -2.04690003
53.2210007 -6.39650011 3.95530009
53.2218018 -6.18949986 -2.06999993
53.3479004 -5.83930016 -2.05430007
53.3381004 -5.77820015 -2.00620008
53.2132988 -5.52820015 -2.08340001
53.2290001 -5.07645035 -2.07609987
53.2210999 -4.87790012 -2.07640004
53.3272018 -4.43499994 -2.16779995
53.3106651 -4.31169987 -2.0988667
53.2937508 -4.09519958 -2.08274984
53.3977013 -3.70770001 -2.13330007
53.3722 -3.37319994 -2.09190011
53.3147011 -2.70760012 -2.1654501
53.3006516 -2.46210003 -2.15394998
53.2923012 -2.29520011 -2.15310001
53.2720985 -2.02690005 -2.18950009
53.3111687 -1.85759997 -2.16943336
53.3326988 -1.75209999 -2.19190001
53.289299 -1.50629997 -2.2341001
53.3358002 -1.37419999 -2.2276001
53.3165016 -1.25709999 -2.19740009
53.3972015 -1.07280004 -2.20959997
53.2041016 -1.023 -0.7852
53.3572998 -0.904699981 -2.24920011
53.2904015 -0.991599977 -2.19829988
53.27425 -0.739650011 -2.22515011
53.3283005 -0.450199991 -2.22930002
53.2831001 -0.0932999998 -2.23819995
53.4077988 -17.3187008 -1.44459999
53.4047012 -14.5316 -1.67410004
53.4056015 -10.3062 -1.82420003
53.5382004 -9.61950016 1.32500005
53.4852982 -9.54733372 1.10133338
53.4651337 -9.50889969 1.25896668
53.4435005 -9.43770027 2.5388999
53.4544983 -9.2802 1.1997
53.4542999 -9.2833662 1.23409998
53.4642982 -9.38570023 1.62109995
53.4530983 -9.30780029 2.43630004
53.4703522 -9.2184 2.69099998
53.5643997 -9.15950012 1.17009997
53.4445992 -9.0604496 1.27125001
53.4235992 -9.06900024 2.4533
53.4098015 -9.17590046 2.63779998
53.4659004 -8.90155029 1.33039999
53.5271759 -8.91222477 1.43974996
53.468399 -8.8355999 2.49189997
53.4850502 -8.69395065 1.1796999
53.4437027 -8.67720032 1.30704999
53.5208664 -8.64876652 1.44159997
53.4619179 -8.66170025 2.53135014
53.5036736 -8.68849945 2.67630005
53.4685593 -8.49569988 1.10607994
53.4853439 -8.48137188 1.25114286
53.4510002 -8.4612999 1.40509999
53.4871521 -8.49870014 2.54780006
53.5117493 -8.51272488 2.65152502
53.4643021 -8.3437252 1.121925
53.51651 -8.30391788 1.27516365
53.5009499 -8.22644997 1.45245004
53.4252663 -8.24723339 2.40733337
53.5647011 -8.39290047 2.62759995
53.5074005 -8.04944992 1.14579999
53.4996681 -8.07073307 1.31990004
53.4468346 -8.13230038 1.44229996
53.4670601 -8.04043961 2.12434006
53.4251022 -8.10429955 2.28952503
53.4859657 -8.11906624 2.47813344
53.4454994 -7.99030018 -1.8441
53.5483475 -7.85960007 1.34509993
53.4691772 -7.89039993 1.46499991
53.4956322 -7.86206675 1.71486664
53.4155998 -7.96220016 1.94679999
53.4804878 -7.91131258 2.07491255
53.5152969 -7.94829988 2.2651
53.4824982 -7.63199997 1.34449995
53.5292511 -7.73890018 1.55476665
53.5652504 -7.65995026 1.7112
53.5496979 -7.68349981 1.86258006
53.4813004 -7.62804985 2.88910007
53.5679016 -7.50810003 1.59430003
53.4580994 -7.54269981 1.6832
53.5407219 -7.54239988 1.88834
53.4931984 -7.57723331 2.76719999
53.4515381 -7.48816013 2.91398001
53.5415993 -7.38740015 -1.94850004
53.4666977 -7.37960005 2.83240008
53.4105988 -7.3144002 3.01670003
53.4118996 -7.18610001 2.83369994
53.4556503 -6.74660015 -1.96959996
53.4516525 -6.5239501 4.31325006
53.4042015 -6.38369989 4.27400017
53.5533981 -6.06640005 -2.00959992
53.4592018 -5.60340023 -2.11059999
53.5456009 -5.4849 -2.10279989
53.4995499 -5.34450006 -2.11800003
53.5699501 -4.70160007 -2.10780001
53.4982986 -4.38084984 -2.1003499
53.5718002 -3.91070008 -2.1328001
53.5583992 -3.79369998 -2.17840004
53.5384979 -3.05870008 -2.16585016
53.5005989 -2.88140011 -2.14559984
53.4347992 -2.33380008 -2.20300007
53.5102997 -2.32620001 -2.17895007
53.4626007 -1.91579998 -2.20129991
53.4275017 -1.89269996 -2.19070005
53.4818001 -1.62600005 -2.20720005
53.4361 -1.48959994 -2.21029997
53.4428024 -1.54769993 -2.18735003
53.5979996 -1.39380002 -2.20479989
53.4402008 -1.00779998 -0.634800017
53.5198669 -0.92110002 -2.22029996
53.4211998 -0.991400003 -0.856100023
53.5593987 -0.442900002 -2.2434001
53.5018501 -0.284200013 -2.25759983
53.6874008 -19.9657001 -1.44430006
53.614399 -13.7572002 -1.61919999
53.6380997 -12.6409998 -1.676
53.6092987 -11.5207005 -1.71589994
53.7551346 -9.65740013 1.66789997
53.6913338 -9.50099945 1.17893338
53.7272987 -9.46106625 1.2676667
53.6477013 -9.50619984 1.54630005
53.7007523 -9.51463318 1.68851662
53.72295 -9.3253994 1.1832
53.6958504 -9.29547501 1.25944996
53.6203003 -9.36569977 1.61039996
53.6399994 -9.19180012 1.19959998
53.6941986 -9.07416725 1.2785666
53.7974014 -9.06245041 1.46679997
53.6858482 -9.0468998 1.68584991
53.6116982 -8.87170029 1.11510003
53.7840996 -8.90569973 1.31260002
53.6680984 -8.89789963 1.4691
53.6909752 -8.73802471 1.50162506
53.6282997 -8.61190033 1.63180006
53.6338997 -8.50109959 -1.94889998
53.6066017 -8.54109955 2.77320004
53.6124001 -8.4605999 2.81789994
53.6901665 -8.31486702 1.62783337
53.6711998 -8.04699993 1.31473339
53.6856117 -8.08269978 1.48159993
53.7062988 -8.18159962 1.69799995
53.7509499 -7.94369984 1.34404993
53.6879349 -7.90036678 1.4695667
53.6856499 -7.87694979 1.68072498
53.7241325 -7.69619989 1.53323328
53.6444016 -7.64580011 1.72889996
53.7033997 -7.64890003 1.82770002
53.6937408 -7.50337982 1.53623998
53.6887894 -7.53797293 1.69506359
53.6918411 -7.53204298 1.87707138
53.6912346 -7.48119974 2.04593325
53.6489983 -7.54629993 2.86330009
53.6982002 -7.31120014 -1.93889999
53.7221985 -7.38259983 1.48969996
53.7975006 -6.93930006 -2.04889989
53.7905006 -6.45769978 -2.03430009
53.7929001 -6.24179983 -2.05999994
53.7795982 -5.61390018 -2.03570008
53.6848526 -5.05385017 -2.06239986
53.7232018 -4.8920002 -2.12700009
53.6884995 -4.33090019 -2.09574986
53.646801 -4.03569984 -2.09879994
53.7251015 -3.91910005 -2.18050003
53.6081009 -3.40380001 -2.13369989
53.6711006 -3.17000008 -2.11750007
53.7294464 -2.94290018 -2.15089989
53.6968994 -2.72329998 -2.1552999
53.711834 -2.45576668 -2.17579985
53.6897011 -2.20309997 -2.17190003
53.634201 -2.07139993 -2.16950011
53.7099495 -1.96230006 -2.17869997
53.6847 -1.76335001 -2.20510006
53.7096024 -1.6868 -2.19570017
53.7458992 -1.47169995 -2.22210002
53.6932983 -1.24615002 -2.25575018
53.7178993 -1.14890003 -2.20720005
53.6978989 -1.01639998 -0.577700019
53.7132988 -0.813199997 -2.22880006
53.7587013 -0.945599973 -0.831700027
53.6767006 -0.759000003 -2.2482667
53.7258682 -0.293633342 -2.26110005
53.6240997 -0.0271000005 -2.26259995
53.9678001 -18.9575996 -1.47000003
53.8708 -14.9184999 -1.4964
53.9407997 -14.5342999 -1.62080002
53.9492989 -13.4692001 -1.69910002
53.9202003 -9.53899956 1.16439998
53.9365501 -9.50562477 1.32692504
53.9706993 -9.4211998 1.46420002
53.8296013 -9.59020042 1.70710003
53.8775024 -9.29244995 1.19035006
53.8886261 -9.26637459 1.25454998
53.9099007 -9.07183361 1.11129999
53.9051666 -9.11450005 1.28033328
53.9070015 -9.06427956 1.52170002
53.8235016 -9.00119972 1.60169995
53.9665985 -8.83409977 -1.93710005
53.9077988 -8.94320011 1.13744998
53.9117012 -8.99650002 1.30009997
53.9548492 -8.93354988 1.46469998
53.9467468 -8.96719933 1.66790009
53.8652 -8.38430023 1.68369997
53.8819237 -8.08417797 1.51728892
53.8942986 -8.11680031 1.66991997
53.8530006 -7.9282999 1.39059997
53.8941994 -7.72060013 -1.92840004
53.8174019 -7.61280012 1.62849998
53.9505997 -7.41760015 -2.01320004
53.9598007 -7.53539991 -1.96060002
53.8492737 -7.50657511 1.56999993
53.8680191 -7.54892015 1.68415999
53.8207016 -7.26259995 1.57620001
53.9025993 -7.34719992 1.86450005
53.8232994 -6.91800022 -2.00620008
53.9440002 -6.87559986 -1.95500004
53.9846992 -6.76970005 -2.03069997
53.9352989 -6.28310013 -2.0638001
53.8395996 -5.92810011 -2.12700009
53.8969002 -4.88110018 -2.17519999
53.9402008 -4.46169996 -2.07130003
53.8426018 -4.35200024 -2.14770007
53.8619499 -3.95235014 -2.15264988
53.8390999 -3.43210006 -2.17720008
53.8510971 -3.12669992 -2.14760017
53.9122314 -2.93693328 -2.17120004
53.8314018 -2.66890001 -2.23920012
53.8633995 -2.42919993 -2.17659998
53.8291016 -2.26259995 -2.18729997
53.9305 -2.08820009 -2.20709991
53.9293518 -1.92729998 -2.20414996
53.8470993 -1.89999998 -2.18989992
53.9395752 -1.72565007 -2.23247504
53.9814987 -1.20120001 -2.22869992
53.8863525 -0.91655004 -2.24565005
53.9780998 -0.916199982 -0.892199993
53.868 -0.878300011 -0.611100018
53.9631996 -0.767349958 -2.25944996
53.8656006 -0.422066659 -2.26253319
53.9636002 -0.260699987 -2.28620005
53.8765755 -0.0960500017 -2.26709986
54.0255013 -15.5017996 -1.61070001
54.1287994 -11.0612001 -1.83220005
54.1850014 -10.8837004 -1.80659997
54.1371002 -10.6065998 -1.82990003
54.0401993 -10.3050003 -1.88209999
54.1124001 -9.84819984 -1.80280006
54.0182991 -9.26519966 1.30007505
54.0985985 -9.31659985 1.41569996
54.0223999 -9.04349995 1.19939995
54.0816002 -9.05270004 1.30200005
54.0824966 -8.89190006 1.08809996
54.0881157 -8.94229984 1.30799997
54.1273613 -8.87275982 1.49008
54.0579987 -8.73750019 1.19309998
54.0138016 -8.30879974 -1.88310003
54.1278992 -8.01910019 -1.93710005
54.0036011 -8.14859962 1.54700005
54.0396996 -8.16419983 1.69159997
54 -7.96430016 1.60769999
54.1367989 -7.7519002 -1.98670006
54.0690994 -7.48915005 -1.90464997
54.0178986 -7.51999998 1.67349994
54.1407013 -7.25829983 -2.09780002
54.1495018 -7.02979994 -1.9928
54.0555992 -6.78480005 -2.07780004
54.1452484 -6.35410023 -2.03434992
54.1966019 -6.18909979 -2.00810003
54.0233994 -5.72660017 -2.08049989
54.1705017 -4.89760017 -2.14890003
54.0730019 -4.53919983 -2.17079997
54.1080513 -4.26370001 -2.12739992
54.0681992 -3.93169999 -2.15923333
54.0460014 -3.72970009 -2.14899993
54.1413994 -3.30320001 -2.21650004
54.0582008 -3.32979989 -2.16190004
54.1193008 -2.9921999 -2.1566999
54.0032997 -2.41960001 -2.21029997
54.0542526 -2.446275 -2.16332483
54.1786995 -2.28740001 -2.2019999
54.1138992 -2.02519989 -2.21620011
54.0261002 -1.96519995 -2.20160007
54.1916008 -1.97029996 -2.19039989
54.1087646 -1.44503331 -2.23329997
54.0097008 -1.51250005 -2.19779992
54.1517029 -1.28734994 -2.24014997
54.1147995 -0.858966649 -2.25370002
54.134201 -0.68900001 -2.26300001
54.1358757 -0.451324999 -2.26850009
54.1228981 -0.181999996 -2.27710009
54.3051987 -19.3724995 -1.43219995
54.385601 -14.5124998 -1.72399998
54.2288017 -10.6350002 -1.81840003
54.3633003 -9.52789974 -1.90980005
54.2556 -9.02029991 1.11759996
54.2851982 -9.00259972 1.37150002
54.2360001 -8.85199928 1.35570002
54.2844009 -8.8998251 1.460675
54.2257996 -8.77120018 1.37240005
54.2835999 -8.74779987 1.59280002
54.3997002 -8.5795002 -1.99530005
54.2178001 -8.01690006 -1.95529997
54.3091011 -7.4914999 -1.99730003
54.273201 -6.47609997 -2.07669997
54.2089996 -6.28830004 -2.01049995
54.2830009 -5.96700001 -2.12910008
54.33395 -5.55780029 -2.07945013
54.3311996 -5.39820004 -2.12859988
54.2960014 -4.44210005 -2.15179992
54.2707977 -4.05309963 -2.14090014
54.2099991 -3.86369991 -2.17129993
54.2447014 -3.27629995 -2.21280003
54.2961006 -3.31204987 -2.16840005
54.332901 -3.00259995 -2.15569997
54.3211975 -2.83474994 -2.22239995
54.2596016 -2.80850005 -2.18510008
54.2421989 -2.454 -2.21600008
54.3124008 -2.28730011 -2.21639991
54.3903999 -1.8585 -2.27670002
54.2938004 -1.93620002 -2.19980001
54.3348999 -1.60759997 -2.24460006
54.3389969 -1.25005007 -2.25969982
54.2014999 -1.08720005 -0.823700011
54.2056007 -1.01250005 -0.583199978
54.3779984 -0.880500019 -2.25200009
54.3095016 -0.877499998 -0.648899972
54.3147011 -0.774600029 -2.2887001
54.2722015 -0.551100016 -2.26799989
54.2999649 -0.243499994 -2.29256654
54.4231987 -14.6501999 -1.68439996
54.5656013 -13.7720003 -1.66480005
54.5255013 -11.9352999 -1.73749995
54.5396996 -10.7521 -1.7888
54.5102997 -10.3881998 -1.99919999
54.4972992 -9.30029964 -2.0473001
54.4865494 -9.11384964 -1.89365005
54.5107002 -8.92199993 -1.90775001
54.4605484 -8.70860004 -1.95609999
54.4589996 -8.51819992 -1.90060008
54.4393997 -8.31960011 -2.00810003
54.4034996 -8.39890003 -1.96340001
54.5830002 -8.16349983 -1.95630002
54.5340996 -7.93100023 -2.08599997
54.5064011 -7.97520018 -1.9497
54.5830994 -7.60319996 -1.97409999
54.5461006 -7.36530018 -1.98199999
54.5726013 -7.02139997 -2.00889993
54.5037994 -6.87179995 -2.05509996
54.4201012 -6.93050003 -1.99989998
54.4416008 -6.67770004 -2.0374999
54.5847015 -6.59320021 -2.04859996
54.5208015 -6.25629997 -2.14610004
54.4280014 -6.17399979 -2.11290002
54.4878006 -5.69070005 -2.09559989
54.5648994 -5.38609982 -2.12330008
54.4045982 -5.11590004 -2.12759995
54.4861984 -4.26725006 -2.16090012
54.5297012 -3.8375001 -2.20079994
54.54105 -3.48535013 -2.16939998
54.4049988 -3.38439989 -2.18770003
54.5485497 -3.15135002 -2.18634987
54.5435486 -2.72350001 -2.20915008
54.4591522 -2.45350003 -2.19430017
54.5970993 -1.96109998 -2.21479988
54.4931488 -1.54535007 -2.24370003
54.4760666 -1.33010006 -2.24650002
54.5093002 -1.06005001 -2.25064993
54.4300995 -0.939199984 -0.863200009
54.4919014 -0.916700006 -0.729600012
54.5453339 -0.742200017 -2.29603338
54.4034004 -0.556500018 -2.27279997
54.469101 -0.299400002 -2.30609989
54.4738503 -0.111400001 -2.2895999
54.7960014 -17.7164993 -1.51269996
54.6142998 -13.5521002 -1.69000006
54.6722488 -10.8786497 -1.86969995
54.7260017 -10.0023003 -1.90040004
54.7909508 -9.03815079 -1.93670011
54.6352005 -8.86740017 -1.87469995
54.6311989 -8.05049992 -1.95679998
54.7167015 -7.73089981 -1.95770001
54.7247467 -7.49069977 -1.94075
54.6987991 -7.23500013 -2.12100005
54.7512016 -7.12529993 -1.99940002
54.6143494 -6.08295012 -2.08969998
54.696701 -5.75640011 -2.13030005
54.6110992 -5.43989992 -2.13319993
54.7780991 -5.16300011 -2.12709999
54.7189026 -4.83869982 -2.1401
54.6529007 -4.05049992 -2.1473
54.7232513 -3.81859994 -2.1704998
54.6595993 -3.62849998 -2.17070007
54.6730003 -3.4453001 -2.21149993
54.7636986 -3.329 -2.21280003
54.7881012 -3.39759994 -2.18280005
54.733799 -3.09159994 -2.20869994
54.6987991 -2.30150008 -2.18959999
54.7057495 -2.07445002 -2.22485018
54.640831 -1.88306665 -2.25653338
54.6800003 -1.68410003 -2.25209999
54.644268 -1.48249996 -2.28769994
54.7416992 -1.34979999 -2.28979993
54.6627007 -1.19939995 -2.30159998
54.6321983 -1.06879997 -0.831099987
54.7194977 -0.820800006 -2.30385017
54.7383003 -0.668299973 -2.28690004
54.6495323 -0.463333338 -2.30546665
54.7132607 -0.325819999 -2.32646012
54.7310982 -0.180999994 -2.30550003
54.9272995 -17.8707008 -1.6056
54.9302979 -17.3355007 -1.52390003
54.8889999 -16.0872002 -1.54219997
54.9013519 -14.8768501 -1.69720006
54.9488983 -14.5206003 -1.66989994
54.9541016 -13.5453997 -1.75209999
54.9617996 -11.7419996 -1.80999994
54.9813995 -11.0167999 -2.02760005
54.8344994 -11.1892996 -1.79519999
54.8031006 -10.8237 -2.02699995
54.9454994 -10.7888002 -1.96039999
54.9211998 -9.21420002 -1.95130002
54.8045006 -9.12800026 -1.93009996
54.9216995 -8.99339962 -2.01139998
54.9514999 -8.94110012 -1.95599997
54.9656982 -7.78730011 -2.04999995
54.9262009 -7.29430008 -2.08529997
54.9521484 -7.31809998 -1.98635006
54.9138489 -6.92479992 -2.11739993
54.842247 -6.49384975 -2.04979992
54.8857002 -4.79300022 -2.14179993
54.8904991 -4.53200006 -2.19939995
54.8652 -4.31589985 -2.22490001
54.8320999 -4.30000019 -2.16030002
54.9472008 -3.95420003 -2.22830009
54.8185997 -2.95129991 -2.19829988
54.9218521 -2.29299998 -2.22455001
54.8866997 -2.12085009 -2.23129988
54.8977509 -1.86100006 -2.2507
54.9169998 -1.41680002 -2.2894001
54.8960495 -1.32115006 -2.28604984
54.8558998 -1.08010006 -0.818499982
54.9987984 -0.823400021 -2.31960011
54.911499 -0.948000014 -0.936600029
54.9280014 -0.709900022 -2.29515004
54.8130989 -0.47420001 -2.29349995
54.858902 -0.346050024 -2.33730006
54.9574013 -0.0417000018 -2.31529999
55.0051994 -10.8137999 -1.85739994
55.0550003 -9.30720043 -1.89320004
55.0752983 -8.85659981 -1.95860004
55.1987 -8.59710026 -1.95940006
55.0831985 -8.04599953 -1.98090005
55.0371017 -7.83570004 -1.98199999
55.1630478 -7.30494976 -2.05894995
55.0313988 -7.16610003 -2.02539992
55.1889 -6.69920015 -2.06539989
55.0401001 -6.38240004 -2.04830003
55.1957016 -6.08230019 -2.06030011
55.1913986 -5.98330021 -2.09890008
55.1352997 -5.61940002 -2.12019992
55.0447998 -5.58389997 -2.20869994
55.1907005 -5.44040012 -2.11409998
55.1423492 -5.08314991 -2.1496501
55.0521011 -4.84700012 -2.2119
55.158226 -4.85575008 -2.13517499
55.0852509 -4.43560028 -2.17700005
55.0051003 -4.33830023 -2.15689993
55.0875015 -3.36989999 -2.1875
55.0075989 -3.08590007 -2.20309997
55.0793991 -2.43160009 -2.25469995
55.0848999 -1.80550003 -2.30760002
55.1733017 -1.74839997 -2.25760007
55.0604019 -1.56325006 -2.26004982
55.1111336 -1.32929993 -2.28056669
55.1612015 -1.00899994 -0.937600017
55.0808983 -1.19949996 -0.796299994
55.064949 -0.969200015 -2.29944992
55.1310654 -0.663133323 -2.32500005
55.0373001 -0.492700011 -2.29850006
55.0980988 -0.278299987 -2.32060003
55.1097984 -0.177599996 -2.33960009
55.257 -11.2614002 -1.83130002
55.2585487 -10.9174004 -1.89359999
55.2341995 -9.36929989 -1.86300004
55.2118988 -8.72920036 -2.0631001
55.2835007 -8.46710014 -1.99619997
55.3890991 -8.24849987 -2.0158
55.3053017 -8.07180023 -2.02069998
55.3652992 -8.16969967 -1.95940006
55.3203011 -7.73729992 -2.02649999
55.3667984 -7.48409986 -2.03679991
55.3610992 -7.55019999 -1.98150003
55.3678017 -7.296 -2.06710005
55.2748985 -7.1638999 -2.14129996
55.2345009 -6.95069981 -2.06100011
55.2067986 -6.4295001 -2.06940007
55.3036003 -6.21080017 -2.13820004
55.2447014 -5.66309977 -2.14289999
55.3504982 -5.4440999 -2.16179991
55.3933983 -4.80030012 -2.15779996
55.209301 -4.6257 -2.17000008
55.2270012 -4.55259991 -2.12689996
55.3069992 -4.24639988 -2.16580009
55.2388992 -4.11199999 -2.14319992
55.2387009 -3.61919999 -2.19709992
55.3502502 -3.48175001 -2.21204996
55.3268013 -3.2506001 -2.20469999
55.2032013 -3.16869998 -2.2026999
55.3930016 -2.98300004 -2.23679996
55.3275986 -2.77979994 -2.21639991
55.3819008 -2.204 -2.23990011
55.2200508 -2.1243 -2.26985002
55.2394981 -1.74460006 -2.26469994
55.2991982 -1.49549997 -2.27489996
55.2992477 -1.29729998 -2.31010008
55.2737007 -1.06857502 -2.29312491
55.3464012 -1.16439998 -0.820100009
55.2875671 -0.525466681 -2.32076669
55.3549995 -0.33829999 -2.38610005
55.2964478 -0.129950002 -2.33435011
55.4039001 -15.0246 -1.74460006
55.5019989 -11.9784002 -1.81330001
55.4757996 -10.5347996 -1.85415006
55.5755005 -9.53380013 -1.88440001
55.4612999 -8.84249973 -1.98029995
55.4881744 -7.88304996 -2.04692507
55.5528336 -7.74203348 -2.02343321
55.5428009 -7.73750019 -1.98039997
55.5139503 -7.45504999 -2.09529996
55.4384995 -7.01200008 -2.08520007
55.4263 -6.82980013 -2.04640007
55.4275017 -6.43130016 -2.09520006
55.5281982 -6.29879999 -2.08800006
55.4924011 -5.9618001 -2.12989998
55.509201 -5.66874981 -2.11485004
55.5458984 -5.12020016 -2.15260005
55.5079498 -4.26254988 -2.23944998
55.4044991 -4.32180023 -2.15560007
55.4175987 -3.75259995 -2.17379999
55.4688492 -3.30889988 -2.19385004
55.4104996 -3.14510012 -2.29999995
55.4538994 -2.95659995 -2.28859997
55.4757347 -2.33403325 -2.23320007
55.5612488 -2.14905 -2.26095009
55.4303017 -1.85070002 -2.28259993
55.5451012 -1.67970002 -2.27970004
55.4340515 -1.49360001 -2.29565001
55.483551 -1.27224994 -2.2904501
55.584301 -1.0517 -2.30060005
55.4123001 -0.999800026 -0.935500026
55.4415016 -0.989199996 -0.70480001
55.4299011 -0.758599997 -2.29200006
55.4735489 -0.313800007 -2.3369751
55.5410995 -0.0528500006 -2.35424995
55.7112999 -10.9933004 -1.92630005
55.7631989 -9.79419994 -1.9418
55.6310005 -9.40869999 -1.92279994
55.6096992 -8.81970024 -1.97889996
55.7484016 -8.53139973 -2.04809999
55.6027985 -8.22029972 -2.01810002
55.7709007 -8.25360012 -1.9928
55.7542992 -8.13599968 -2.01180005
55.6846008 -7.64179993 -2.07345009
55.7145004 -7.03130007 -2.10170007
55.6936989 -6.87650013 -2.10739994
55.6867523 -6.56309986 -2.0796001
55.7117996 -5.97340012 -2.10649991
55.7369003 -5.2821002 -2.18300009
55.7896004 -4.76030016 -2.18149996
55.7419014 -4.4060998 -2.21560001
55.7672997 -4.30670023 -2.2349999
55.615799 -4.20489979 -2.17510009
55.7033997 -4.10360003 -2.20900011
55.6944656 -3.73306656 -2.22896671
55.7577019 -3.41070008 -2.24850011
55.7756004 -3.31410003 -2.20050001
55.6008987 -2.72930002 -2.2427001
55.7110519 -2.30605006 -2.27279997
55.7750015 -2.16289997 -2.24559999
55.6041985 -1.87199998 -2.2888999
55.6695023 -1.70869994 -2.26919985
55.687851 -1.34860003 -2.32124996
55.7371521 -1.16394997 -2.32570004
55.6362991 -1.12849998 -0.950900018
55.7247505 -0.895799994 -2.36424994
55.6024017 -0.944100022 -0.693700016
55.6752014 -0.641950011 -2.31955004
55.7242012 -0.285966665 -2.36658335
55.773201 -0.15095 -2.34940004
55.959301 -13.3041 -1.77890003
55.9934998 -11.9197998 -1.84089994
55.9039001 -9.93500042 -1.9224
55.9822998 -9.64890003 -1.97809994
55.8520012 -9.21619987 -1.9598
55.9011002 -9.02820015 -1.99189997
55.9680481 -8.48705006 -2.01749992
55.8209 -8.55480003 -1.98450005
55.8123016 -8.36590004 -2.02020001
55.9388008 -8.37090015 -2
55.8496017 -7.84250021 -2.04929996
55.9376984 -7.73199987 -1.98549998
55.9159508 -7.50790024 -2.12529993
55.8153 -7.27570009 -2.08349991
55.8742981 -7.14979982 -2.15899992
55.9575996 -6.39680004 -2.17549992
55.9390984 -5.76259995 -2.15359998
55.8111 -5.21120024 -2.12199998
55.8446999 -5.01590014 -2.18179989
55.9016495 -4.81645012 -2.18379998
55.97015 -3.30305004 -2.25145006
55.8716011 -3.15479994 -2.22869992
55.8572006 -2.64459991 -2.28754997
55.9110985 -2.45149994 -2.24600005
55.8578682 -2.34049988 -2.27426672
55.8676414 -1.47959995 -2.30516005
55.9081993 -1.12199998 -0.906099975
55.9159012 -0.867799997 -2.32660007
55.9338989 -0.695050001 -2.32620001
55.8991013 -0.571033299 -2.35106659
55.85495 -0.252250016 -2.34014988
56.0602989 -16.2434006 -1.61609995
56.0121002 -14.9580002 -1.71889997
56.1208992 -13.6167002 2.26460004
56.1534996 -13.5002003 -1.75109994
56.0601006 -13.3052998 -1.73959994
56.0872993 -13.2449999 2.57850003
56.0037994 -13.2409 2.68390012
56.0454483 -13.1423998 -1.72224998
56.1330986 -13.1105003 2.51419997
56.1376991 -13.1826 2.61170006
56.1716003 -12.8243999 2.86529994
56.0746002 -12.2254 -1.88
56.1931992 -11.8193998 -1.74940002
56.1483994 -11.6993999 -1.9756
56.0870018 -11.1534004 -1.75549996
56.1679993 -10.8621998 -1.98740005
56.0509491 -10.6514997 -1.88759995
56.1969986 -10.2278996 -1.84660006
56.1665001 -10.1894999 -1.85350001
56.1441002 -9.76749992 -1.99969995
56.1790009 -9.35029984 -1.93900001
56.0499001 -9.06439972 -2.01169991
56.0587997 -8.70149994 -2.02699995
56.1357994 -8.7791996 -1.97979999
56.1901016 -8.36929989 -2.06820011
56.0685997 -7.95809984 -2.24230003
56.1035995 -7.52619982 -2.06049991
56.1902008 -6.6624999 -2.15479994
56.0714493 -6.13380003 -2.1263001
56.0439491 -5.66580009 -2.17999983
56.1637993 -5.46266651 -2.17466664
56.1689987 -5.35739994 -2.25690007
56.0023003 -4.83479977 -2.13930011
56.1194 -4.72914982 -2.20770001
56.1624985 -4.41839981 -2.20810008
56.1331024 -4.32390022 -2.20860004
56.1265488 -3.86310005 -2.23035002
56.0494003 -3.68400002 -2.22959995
56.0721245 -3.27552509 -2.22932506
56.1436005 -3.1875999 -2.24300003
56.0466995 -2.72740006 -2.24449992
56.0401001 -2.48519993 -2.30180001
56.1097488 -2.29579997 -2.2887001
56.0369987 -2.07220006 -2.26620007
56.1303482 -1.86094999 -2.29775
56.1747017 -1.76119995 -2.31949997
56.1431007 -1.58840001 -2.33310008
56.1419983 -1.34975004 -2.32909989
56.1189499 -1.08614993 -2.3298502
56.1348495 -1.09539998 -0.892099977
56.1403999 -1.06550002 -0.666899979
56.1213989 -0.980199993 -2.3527
56.1780014 -0.523800015 -2.36470008
56.0583496 -0.363749981 -2.36275005
56.1610985 -0.1699 -2.36870003
56.3013 -17.1240997 -1.59200001
56.2668991 -16.8017998 -1.60409999
56.2957001 -16.6184998 -1.64059997
56.2713013 -16.6942005 -1.59469998
56.3269005 -16.4754009 -1.63329995
56.3885994 -14.5584002 -1.63909996
56.3207016 -13.8914003 -1.69690001
56.3024673 -13.6710997 2.1133666
56.2991486 -13.5347004 2.11960006
56.2286987 -13.5844002 2.30480003
56.3751984 -13.5644999 2.55839992
56.2839012 -13.3327999 -1.67139995
56.3069 -13.2577 1.5582
56.2537994 -13.2188997 1.96440005
56.385601 -13.2411003 2.76020002
56.2798004 -13.1128998 2.15409994
56.2155533 -13.0650997 2.33984995
56.2922516 -13.1613007 2.4760499
56.3365021 -13.1034508 2.64709997
56.235199 -13.0847998 3.01769996
56.344799 -12.8891001 2.50386667
56.341301 -12.8967285 2.74449992
56.3395233 -12.857975 2.90527511
56.362999 -12.9189501 3.05104995
56.3378983 -12.8679504 3.28170013
56.2761993 -12.1310997 -1.73064995
56.2709007 -11.0393 -1.8779
56.3655014 -10.8523998 -1.77909994
56.3278999 -10.0545998 -1.84669995
56.3087349 -10.0465002 1.91093338
56.3592987 -10.0621004 2.00079989
56.290699 -10.0003004 3.01290011
56.2574501 -9.87880039 -1.89724994
56.2791519 -9.95034981 2.93025017
56.3111 -9.79810047 -2.01180005
56.2813339 -9.524333 -1.94920003
56.2795334 -9.34796715 -1.95553339
56.3195496 -9.09889984 -1.99024999
56.2331009 -8.80520058 -2.01569986
56.3535004 -8.54389954 -2.16659999
56.2210999 -8.13899994 -1.99259996
56.3945999 -7.71680021 -2.10310006
56.3838997 -7.59539986 -2.11759996
56.3146019 -6.99480009 -2.06620002
56.2302017 -5.81860018 -2.22379994
56.2387505 -5.4758997 -2.18219995
56.2616005 -5.36089993 -2.19140005
56.2527008 -4.9612999 -2.21079993
56.3734016 -4.65679979 -2.20359993
56.2672005 -4.72730017 -2.18589997
56.2405014 -4.29559994 -2.17199993
56.3505478 -3.81820011 -2.24954987
56.2825012 -3.31355 -2.26060009
56.3005981 -3.07910013 -2.25680017
56.270401 -2.88118005 -2.27595997
56.2758484 -2.68254995 -2.26405001
56.3568001 -2.38150001 -2.3046999
56.2852325 -2.10936666 -2.28390002
56.3358994 -1.90139997 -2.30256677
56.3142014 -1.3348 -2.34533334
56.2368507 -1.12400007 -2.32690001
56.2532997 -0.850899994 -2.35940003
56.3278999 -0.715350032 -2.38094997
56.263401 -0.355300009 -2.37960005
56.3875008 -0.193299994 -2.4072001
56.2938995 -0.0733499974 -2.38404989
56.5629997 -18.4218006 -1.57019997
56.4247017 -16.8455009 -1.58039999
56.4905014 -14.3682003 -1.64769995
56.4673996 -13.6415997 2.1882
56.4881248 -13.6602001 2.29425001
56.535099 -13.4538002 2.10414982
56.526001 -13.4347 2.37579989
56.5080986 -13.2709999 1.52810001
56.4177475 -13.2591496 1.64460003
56.4780006 -13.2311001 1.86580002
56.5451508 -13.3118 2.1324749
56.4048996 -13.2525997 2.37190008
56.4221992 -13.2200003 2.58579993
56.4146996 -13.3735504 2.69449997
56.5926018 -13.1362 1.49960005
56.4494019 -13.1261997 1.73559999
56.4722519 -13.0550003 1.84599996
56.5312805 -13.1124001 2.1470201
56.4983521 -13.1029501 2.34814978
56.4068985 -13.0479002 2.5302999
56.4900017 -13.0346003 2.67389989
56.5695992 -13.0021 2.84249997
56.4464989 -13.0127001 3.03259993
56.5982018 -12.9316998 1.96000004
56.5067978 -12.9285803 2.12881994
56.5226402 -12.8431396 2.27839994
56.4778976 -12.9518499 2.45179987
56.4776001 -12.9607 2.72969985
56.4552498 -12.8733006 2.91120005
56.4619331 -12.9108667 3.14616656
56.5895004 -12.7226 -1.77569997
56.5004501 -12.7082005 2.08365011
56.5139008 -12.7278662 2.36246681
56.5796013 -12.7533998 2.45740008
56.509449 -12.7948494 2.72114992
56.4954681 -12.7672338 2.90880013
56.4660988 -12.5275002 -1.70949996
56.5085983 -12.1327991 -1.80634999
56.5185013 -12.1611996 -1.74329996
56.4842987 -11.8479996 -1.83599997
56.4584007 -11.7674999 -1.80289996
56.4110489 -11.6935005 -1.72895002
56.498951 -11.2906494 -1.86154997
56.5825005 -11.0458498 -1.87160003
56.4486008 -10.8248997 -1.8628
56.550251 -10.5050507 -1.78729999
56.5681992 -10.2012997 -1.83930004
56.5438004 -10.1722002 -1.85940003
56.5682983 -10.068675 -1.70924997
56.5661011 -10.0596504 -1.44169998
56.5597343 -10.0972662 -1.29836667
56.5229988 -10.1080999 -1.12010002
56.5554504 -10.0627995 -0.891100049
56.5898018 -10.0462999 -0.747200012
56.5331497 -10.0737495 -0.519899964
56.5648994 -10.0379 0.132599995
56.5830994 -10.0410004 0.507000029
56.541153 -10.0072002 1.773
56.5130997 -10.0291748 1.92142498
56.4625015 -10.0832005 2.0158999
56.5066986 -10.0371504 2.86214995
56.480999 -9.8508997 -1.94149995
56.5974007 -9.98159981 -1.06850004
56.5760994 -9.96240044 -0.966000021
56.5685005 -9.9946003 -0.720350027
56.5917015 -9.98980045 0.444400012
56.5068855 -9.96381664 1.89581668
56.5279617 -9.92973995 2.12068009
56.5474663 -9.88863277 2.46953344
56.5924988 -9.91660023 2.62709999
56.5289001 -9.98700047 2.92729998
56.5278015 -9.51245022 -1.98210001
56.5130005 -9.29749966 -2.15240002
56.4651985 -9.30410004 -1.96109998
56.5654984 -9.16880035 -2.04340005
56.4842987 -8.87849998 -2.01300001
56.4607506 -8.4796505 -2.03299999
56.4790993 -8.11909962 -2.01950002
56.4576645 -7.88033342 -2.10533333
56.575901 -7.71409988 -2.0868001
56.4248009 -7.17880011 -2.10360003
56.5270004 -6.53009987 -2.12669992
56.4752007 -6.09649992 -2.2118001
56.4057007 -5.76859999 -2.18000007
56.5779991 -5.30229998 -2.20819998
56.5760002 -4.85979986 -2.27640009
56.4634514 -4.22280025 -2.22970009
56.521801 -4.0777998 -2.26110005
56.562149 -3.93630004 -2.23895001
56.553299 -3.4375 -2.27279997
56.5579987 -3.3276 -2.28830004
56.5788994 -2.51480007 -2.31279993
56.536869 -2.31040001 -2.30063343
56.5845985 -2.03449988 -2.34369993
56.4757996 -1.70945001 -2.32959986
56.4340324 -1.50176668 -2.34673333
56.5204315 -1.27643335 -2.3538332
56.4995003 -1.05009997 -2.36430001
56.5097008 -0.849099994 -2.38070011
56.4613991 -0.979499996 -0.935100019
56.4266014 -0.915700018 -0.758599997
56.4574013 -0.927699983 -0.576300025
56.4425507 -0.722949982 -2.3744998
56.4970016 -0.515600026 -2.37840009
56.4085007 -0.287299991 -2.38630009
56.7332001 -19.9759998 -1.52470005
56.6547012 -19.8717003 2.83039999
56.789299 -19.9995995 3.01810002
56.717701 -19.7024994 -1.54410005
56.7184982 -18.5028 -1.53779995
56.6610985 -18.1739006 -1.45609999
56.6399002 -17.0995998 -1.6063
56.6077995 -16.8826008 -1.59570003
56.7756004 -16.2003002 -1.65129995
56.6820984 -16.3582993 -1.57990003
56.7591019 -13.8340998 1.56809998
56.7630005 -13.8041 1.86899996
56.6165009 -13.6967001 -1.71140003
56.7076988 -13.6924667 1.55076671
56.7050018 -13.7387505 1.68799996
56.7013474 -13.7421494 2.10050011
56.6834984 -13.7662001 2.25139999
56.740799 -13.5629997 1.38999999
56.7101974 -13.4831505 2.08334994
56.785099 -13.3392 1.36290002
56.6214981 -13.2573004 1.52939999
56.6515999 -13.3542995 1.66209996
56.7310028 -13.2980499 1.85304999
56.6277008 -13.3053999 2.21020007
56.7840996 -13.1285 1.21669996
56.7280502 -13.1711998 1.59579992
56.6440506 -13.0894003 1.71654999
56.7024002 -13.0798664 1.93229997
56.7073517 -13.1091499 2.10612488
56.7448006 -13.0289001 2.33130002
56.7650986 -12.9707003 -1.755
56.6908798 -12.9077196 1.88230002
56.6823502 -12.8940172 2.08338332
56.6866341 -12.9306669 2.27773333
56.6811218 -12.9136 2.46025991
56.6523018 -12.9820004 2.91980004
56.6679344 -12.7058334 2.15210009
56.6310501 -12.7439499 2.48430014
56.7733002 -11.5910997 -1.72930002
56.6851006 -11 -1.81770003
56.6910019 -10.4298 -1.81459999
56.654747 -10.3192501 -1.87594998
56.6781998 -10.2038002 2.4066999
56.7146988 -10.0456753 -1.87549996
56.6600494 -10.0885506 -1.68340003
56.6961403 -10.0797195 -1.49466002
56.6527977 -10.057271 -1.28680003
56.6715279 -10.054143 -1.11455715
56.6931 -10.0560665 -0.940699995
56.6707993 -10.0615711 -0.707042813
56.6785507 -10.0227509 -0.548949957
56.7132721 -10.0469713 -0.317642868
56.7056007 -10.0387001 -0.0731000006
56.7073669 -10.0762005 0.0537666678
56.6890411 -10.0386 0.282440007
56.7400322 -10.0576 0.502699971
56.7343674 -10.0259666 0.671266675
56.6941986 -10.0471001 0.900399983
56.7054977 -10.0226994 1.13380003
56.7449341 -10.0318336 1.27306664
56.6366997 -10.1155996 1.72899997
56.7329788 -10.0585403 2.30004001
56.6936989 -10.0699005 2.45716667
56.7625999 -10.0285997 2.97180009
56.6545029 -9.92437553 -1.92032504
56.6548996 -9.97784996 -1.49834991
56.6416016 -9.9282999 -1.21599996
56.6725006 -9.92059994 -1.01349998
56.6456985 -9.96510029 -0.994599998
56.6679001 -9.97509956 -0.6602
56.6278 -9.98670006 -0.469599992
56.6917801 -9.96938038 -0.287039995
56.6706581 -9.98460007 -0.120499998
56.7007294 -9.94337177 0.113571428
56.7150993 -9.95355988 0.320739985
56.7252693 -9.95538521 0.531142831
56.675415 -9.95723343 0.701399982
56.7275009 -9.95221996 0.893939972
56.7233772 -9.94452477 1.12957501
56.7013588 -9.95361996 1.26691997
56.7233009 -9.94977474 1.47986245
56.7304497 -9.9126997 1.69914997
56.6830978 -9.93388367 1.92764997
56.7271004 -9.93300056 2.06309986
56.7300339 -9.8774662 2.29386663
56.7054749 -9.91833782 2.47445011
56.7458649 -9.90626717 2.74866652
56.7209625 -9.89875031 2.86918759
56.7666016 -9.91425037 3.0243001
56.6879997 -9.4286499 -2.05454993
56.7667999 -9.5855999 -1.97930002
56.7823982 -9.20549965 -2.06830001
56.6128998 -9.26840019 -1.97420001
56.6727486 -9.06945038 -2.02094984
56.7094002 -8.89750004 -2.07599998
56.6375008 -8.63035011 -2.05100012
56.7675018 -8.2751503 -2.03105021
56.7340012 -7.88370037 -2.12660003
56.7496986 -7.68540001 -2.09949994
56.6750984 -7.59070015 -2.09750009
56.7523003 -7.30595016 -2.09354997
56.6823997 -6.57410002 -2.25300002
56.6249504 -6.53504992 -2.14510012
56.6841011 -6.0328002 -2.22379994
56.7630997 -5.62249994 -2.2105
56.6581497 -5.73190022 -2.17729998
56.7482986 -5.24650002 -2.17280006
56.6360016 -4.83370018 -2.22764993
56.6800995 -4.69344997 -2.23204994
56.7476997 -4.60050011 -2.19790006
56.7200012 -4.3345499 -2.2421
56.6353989 -3.77020001 -2.26749992
56.6403008 -3.50929999 -2.25460005
56.7924004 -3.2046001 -2.29530001
56.675499 -2.81110001 -2.29970002
56.6464005 -2.68330002 -2.28390002
56.7470016 -2.28994989 -2.29244995
56.6025009 -2.17659998 -2.31430006
56.7887993 -1.82070005 -2.34120011
56.6692505 -1.50395 -2.35160017
56.6464005 -1.22529995 -2.35150003
56.7541008 -1.08440006 -2.33979988
56.7727013 -1.09995008 -0.876100004
56.6889343 -0.870366693 -2.36803341
56.6682014 -0.712049961 -2.36229992
56.6888008 -0.782899976 -0.947300017
56.7196999 -0.470400006 -2.3592
56.6562996 -0.3213 -2.41720009
56.7050667 -0.31703335 -2.39693332
56.6335983 -0.164099991 -2.37440014
56.9370003 -19.9997997 2.68149996
56.8851013 -19.9892502 2.85529995
56.8764992 -19.7891998 -1.5244
56.9762993 -19.5842991 1.23360002
56.8470993 -18.6396008 -1.54770005
56.8927994 -17.3309994 -1.71780002
56.9987984 -17.1595993 -1.65789998
56.9136505 -14.9306498 -1.68855
56.882 -14.7191 -1.69260001
56.8713989 -14.6618996 2.00390005
56.9033585 -14.6261406 2.29200006
56.8642006 -14.6821499 2.53375006
56.9180984 -14.5410004 1.95109999
56.9549026 -14.5143003 2.13614988
56.9234009 -14.5616665 2.28786659
56.9535484 -14.4592495 2.44525003
56.8321991 -14.4043999 2.6789
56.9707985 -14.2601995 2.25999999
56.9312592 -14.31812 2.55169988
56.8807983 -14.3369999 2.77800012
56.8241005 -14.1731997 -1.89639997
56.9933014 -14.0757999 -1.72609997
56.8153992 -13.8963003 -1.78890002
56.8954315 -13.8446665 1.50913334
56.9957008 -13.9730997 2.18000007
56.9039001 -13.6924496 -1.74265003
56.8042984 -13.6576004 1.48039997
56.9662018 -13.6504002 1.99870002
56.9131012 -13.7262669 2.0399332
56.8662491 -13.5563498 1.28275001
56.8297997 -13.5182495 1.46654999
56.9318008 -13.4847002 1.8914001
56.9952011 -13.5490999 2.05010009
56.9698982 -13.4034004 2.27570009
56.96875 -13.22645 1.16205001
56.8196983 -13.2712002 1.30350006
56.9968987 -13.3579998 1.43099999
56.8933983 -13.2560997 1.60930002
56.8918991 -13.3477001 1.93505001
56.9011192 -13.2631598 2.07557988
56.9910011 -13.2951002 2.23329997
56.9415016 -13.0278997 -1.76329994
56.9311409 -13.1307602 1.29709995
56.8935661 -13.0849667 1.47418332
56.9255333 -13.1301661 1.70819998
56.8519516 -13.1443005 2.09329987
56.9665451 -13.1123714 2.26622844
56.8608017 -13.0654001 2.46720004
56.9821014 -12.9932003 1.38479996
56.8741989 -12.9210501 1.55675006
56.9874001 -12.9471998 1.70609999
56.9059486 -12.9237251 2.33347511
56.882 -12.9390001 2.49604988
56.8960991 -12.3015003 -1.77100003
56.917099 -11.5466995 -1.81120002
56.8270988 -11.2542 -1.79279995
56.8788986 -10.8171997 -1.84730005
56.8566971 -10.4316502 -1.85715008
56.9538002 -10.2194996 -1.87769997
56.8045006 -10.0570002 1.20350003
56.8504982 -10.0066004 1.74530005
56.8989677 -10.0536671 2.06466675
56.8106003 -10.0500002 2.31369996
56.8903999 -10.0321999 2.92560005
56.8618011 -10.1136494 3.10707498
56.9008331 -9.88256645 -1.89526665
56.8100014 -9.9989996 0.479600012
56.8410988 -9.9510498 1.25539994
56.8148994 -9.91759968 1.40620005
56.8239517 -9.96030045 1.74764991
56.8881569 -9.91915703 2.09211421
56.8196487 -9.90710068 2.22154999
56.8680992 -9.97029972 2.42659998
56.8117981 -9.91189957 2.66140008
56.8190002 -9.93809986 2.89874983
56.9311981 -9.68260002 -2.00250006
56.9110336 -9.67430019 -1.96440005
56.859951 -9.48480034 -2.08554983
56.8064995 -9.29834938 -2.03550005
56.9149513 -9.01889992 -2.0699501
56.9916 -8.93840027 -2.0302
56.8712997 -8.59720039 -2.00830007
56.9808998 -8.22710037 -2.11249995
56.8171997 -8.00290012 -2.14380002
56.9393997 -7.87220001 -2.10640001
56.882103 -7.68824959 -2.11290002
56.8702011 -7.3908 -2.09039998
56.9251022 -6.9625001 -2.12059999
56.9505005 -6.43340015 -2.1322
56.9527016 -5.81739998 -2.15179992
56.902401 -5.60900021 -2.21420002
56.8384018 -5.50400019 -2.24780011
56.9236984 -5.20429993 -2.2198
56.8950005 -5.19780016 -2.18969989
56.891201 -4.29207516 -2.23937488
56.9506989 -3.37260008 -2.27900004
56.9824982 -3.19510007 -2.28909993
56.8861656 -2.88646674 -2.28680015
56.8655014 -2.71219993 -2.34980011
56.8811493 -2.36609983 -2.32235003
56.8540001 -1.86666667 -2.32209992
56.8184013 -1.7931 -2.37470007
56.986599 -1.23310006 -2.34549999
56.9444008 -1.1645 -2.38840008
56.894249 -0.876199961 -2.40505004
56.9698982 -0.971700013 -0.612999976
56.8871994 -0.715999961 -2.38252497
56.8718987 -0.796299994 -0.873700023
56.9123993 -0.508000016 -2.38700008
56.8658981 -0.367700011 -2.40739989
56.8036003 -0.156299993 -2.3987
57.1991005 -19.9715004 -1.5359
57.1539993 -19.9132004 2.10010004
57.121666 -19.9701328 2.33220005
57.0023994 -19.9944 2.42659998
57.1492004 -19.9769993 2.71510005
57.0845985 -19.9510994 2.98790002
57.1122513 -19.4944496 1.28464997
57.060833 -19.5062332 1.49919999
57.1343994 -19.5137997 1.61409998
57.1759987 -18.0072994 -1.60099995
57.1725502 -17.4991989 -1.57524991
57.1559982 -16.7420998 -1.65400004
57.0290985 -15.4350004 -1.70120001
57.0886536 -15.3708496 -1.6918
57.0486984 -15.2720003 -1.58560002
57.1548996 -14.4265003 1.72409999
57.071167 -14.4460669 1.92106664
57.0527 -14.4478998 2.2960999
57.1105652 -14.2293329 -1.70036674
57.0976028 -14.2396507 1.47344995
57.0943413 -14.2685432 1.67984283
57.1412354 -14.2748003 1.85660005
57.157032 -14.2618666 2.11743331
57.0243988 -14.3554001 2.39350009
57.0280647 -14.274334 2.41526675
57.1219406 -14.1007004 1.50984001
57.1443024 -14.1295996 1.75520003
57.1747513 -14.1084003 1.91059995
57.1266022 -14.1492662 2.11983347
57.0021019 -14.1113005 2.23629999
57.0539017 -14.1495495 2.51239991
57.1477013 -13.9470329 1.48726666
57.1561317 -13.9305334 1.73083329
57.1612015 -13.8880501 1.89734995
57.1445999 -13.9005003 2.04310012
57.1832008 -13.9383001 2.3046
57.1509018 -13.7012501 1.10175002
57.1292267 -13.6937752 1.46887493
57.1338005 -13.6771002 1.79410005
57.1221161 -13.6985502 1.90155005
57.0710983 -13.4680004 -1.75269997
57.139801 -13.4420996 0.998600006
57.120327 -13.5252495 1.06655002
57.1769485 -13.4517002 1.27810001
57.1447983 -13.5316 1.4138
57.1094894 -13.4580631 1.72513747
57.1129799 -13.4802999 1.92934
57.114151 -13.4104996 2.04099989
57.1614342 -13.4490995 2.30570006
57.0591507 -13.4849491 2.42245007
57.0261002 -13.3754997 -1.74749994
57.0885506 -13.3188496 1.15464997
57.1052818 -13.2764997 1.30229998
57.1912003 -13.2762003 1.53349996
57.1267014 -13.2873001 1.60679996
57.1570015 -13.2091999 1.94439995
57.0668182 -13.3050804 2.12650013
57.1274986 -13.249733 2.29766679
57.1306648 -13.3021336 2.46663332
57.1088257 -13.1071129 1.30661249
57.1151009 -13.061512 1.51293755
57.0720215 -13.1164598 1.66973996
57.0811005 -13.1419334 2.14843345
57.094368 -13.1251831 2.2658
57.0562973 -13.0191002 2.54620004
57.1273994 -12.9846992 1.33710003
57.0349998 -12.8451004 1.55420005
57.0021019 -12.9919004 2.13669991
57.1820984 -12.9389 2.36619997
57.1479988 -12.8852005 2.46659994
57.1258507 -12.9531002 2.70175004
57.0867004 -11.8853998 -1.79675007
57.0138016 -11.4806995 -1.88450003
57.1893005 -10.1898003 -1.91859996
57.0633011 -9.86359978 -2.0065999
57.199501 -9.83069992 -1.96510005
57.1118507 -9.94317532 2.16164994
57.0983353 -9.63943386 -2.06309986
57.0905991 -9.30723286 -2.07923341
57.0527 -8.98019981 -2.07450008
57.1245995 -8.76840019 -2.03040004
57.1964989 -8.43869972 -2.05929995
57.1661987 -8.21070004 -2.1098001
57.144249 -8.11569977 -2.11969995
57.0788994 -7.37900019 -2.10739994
57.1503983 -7.12629986 -2.12339997
57.0004005 -6.8526001 -2.17659998
57.0597 -6.66309977 -2.14770007
57.1887016 -6.44659996 -2.17479992
57.0222015 -6.13019991 -2.16759992
57.132 -5.80560017 -2.17799997
57.1618996 -5.62169981 -2.22600007
57.0051003 -5.64099979 -2.18330002
57.1320992 -5.50360012 -2.21210003
57.0867004 -4.83760023 -2.2269001
57.0265007 -4.72249985 -2.22939992
57.1181984 -4.41669989 -2.24399996
57.0438995 -3.82369995 -2.28430009
57.1102676 -3.70153332 -2.26366663
57.1893005 -3.29570007 -2.31599998
57.1433983 -2.72000003 -2.31473327
57.1706009 -2.45289993 -2.33229995
57.0158997 -2.32655001 -2.30999994
57.0726776 -1.90065002 -2.34430003
57.133049 -1.66174996 -2.36259985
57.1148987 -1.48285007 -2.35995007
57.1041336 -1.28903329 -2.36053324
57.0619965 -1.12879992 -2.37564993
57.0068016 -1.07529998 -0.984099984
57.1801987 -0.907400012 -2.37674999
57.145649 -0.917199969 -0.691249967
57.0065994 -0.788999975 -2.40249991
57.1392975 -0.702900052 -2.39794993
57.137001 -0.35710001 -2.40980005
57.0629997 -0.0237000007 -2.4447
57.2922325 -19.8841343 2.23413324
57.2042999 -19.9983997 2.40680003
57.3386993 -19.6462517 1.28804994
57.3403473 -19.6318493 2.17275
57.2523994 -19.6086998 2.41199994
57.3362999 -19.4032993 1.03970003
57.3493652 -19.499733 2.3331666
57.3007507 -19.4787998 2.45879984
57.2939987 -19.3878994 -1.49689996
57.3889008 -19.3885994 1.02289999
57.3478012 -19.3540001 1.21249998
57.3904991 -19.3617992 2.5934999
57.2547684 -18.9508343 -1.54680002
57.2985649 -18.8350677 1.28649998
57.2170982 -18.7523994 -1.58220005
57.3869019 -18.6986008 1.18579996
57.3103981 -18.7089996 1.26320004
57.2686996 -17.6643486 -1.64964998
57.3031998 -17.4503002 -1.56939995
57.3521996 -17.3759003 -1.67780006
57.2310982 -17.0079994 -1.64499998
57.2294006 -16.8875675 -1.6873666
57.3181992 -16.6464005 -1.64690006
57.2820015 -16.4631004 -1.65859997
57.2961998 -16.0361996 -1.6681
57.3331985 -15.5020008 -1.68060005
57.3806992 -15.2601004 -1.68529999
57.3539009 -14.9856005 -1.70910001
57.2159996 -14.7335997 -1.73670006
57.2475014 -14.4314003 1.79779994
57.2930984 -14.5881996 1.87759995
57.2947998 -14.3781004 -1.6918
57.2575989 -14.2733002 1.89359999
57.2552681 -14.3013668 2.09866667
57.2419014 -14.0594997 1.73430002
57.2594337 -14.0842667 1.87533331
57.2348671 -14.1197996 2.13540006
57.2736015 -13.8091002 1.52110004
57.2424507 -13.8443747 1.69317508
57.2458 -13.8739996 1.89859998
57.2520676 -13.8685331 2.11100006
57.210701 -13.7212 1.14359999
57.3253479 -13.6499996 1.23559999
57.26474 -13.7255602 1.49971998
57.3055611 -13.7132998 1.77611995
57.2946014 -13.7205801 1.87595999
57.2526016 -13.7418499 2.11669993
57.3137016 -13.4774494 0.990549982
57.2855988 -13.5058002 1.08682001
57.3222809 -13.5058498 1.30899
57.2616501 -13.46665 1.54252505
57.2282486 -13.5906 1.72650003
57.2506485 -13.4739494 1.86175001
57.3241005 -13.4350996 2.32319999
57.2654991 -13.4330997 2.40190005
57.2827988 -13.3185005 0.985350013
57.2478333 -13.3612003 1.11613333
57.25 -13.33395 1.28485
57.2540665 -13.3125334 1.44533336
57.2025986 -13.3727999 1.70519996
57.3109016 -13.2142 2.18860006
57.2400742 -13.2732248 2.27240014
57.2561989 -13.2475004 2.40330005
57.2112999 -13.1267004 1.39199996
57.2712212 -13.0944204 1.49062002
57.2496376 -13.0995197 2.27934003
57.3000031 -13.1044006 2.47879982
57.2467995 -12.9928999 -1.82120001
57.3063011 -12.9314003 -1.78960001
57.2742996 -12.9743996 1.35179996
57.3330345 -12.9251671 1.48380005
57.2933235 -12.937788 2.48571253
57.2742271 -12.923625 2.67557502
57.2933006 -12.6337996 -1.76719999
57.2700996 -12.4190998 -1.7859
57.2911987 -12.3462 -1.84490001
57.2573013 -11.6975002 -1.7608
57.3130493 -10.4843998 -1.83695006
57.2807007 -10.2763662 -1.91250002
57.2927246 -10.0813999 -1.93169999
57.3171005 -10.0130997 2.12033319
57.3270988 -9.83240032 -2.06369996
57.3378487 -9.92415047 -1.89389992
57.2872505 -9.94028378 2.12928343
57.2123985 -9.93309975 2.25200009
57.3301392 -9.70613956 -2.06346011
57.3637505 -9.76329994 -1.98064995
57.2975998 -9.54839993 -2.05054998
57.3792992 -9.52509975 -1.98280001
57.2913513 -9.33164978 -2.02930021
57.2820511 -9.12080002 -2.09859991
57.2807007 -8.82260036 -2.06100011
57.2476997 -8.49020004 -2.08004999
57.257 -8.07849979 -2.09430003
57.2555008 -7.98880005 -2.11159992
57.3432007 -7.71829987 -2.13794994
57.2182999 -7.48360014 -2.11199999
57.2047005 -7.32969999 -2.15280008
57.2486992 -7.00239992 -2.11599994
57.3588982 -6.94129992 -2.2256999
57.3269997 -6.82259989 -2.15840006
57.2921982 -6.70030022 -2.14310002
57.3240013 -6.1651001 -2.14400005
57.327301 -5.87519979 -2.2263
57.3068008 -5.70580006 -2.21169996
57.2184982 -5.28590012 -2.23460007
57.2613983 -5.00619984 -2.25049996
57.3744507 -4.84109974 -2.21885014
57.3160019 -4.42659998 -2.24710011
57.3992996 -4.36439991 -2.33060002
57.2994995 -4.0875001 -2.24569988
57.3987007 -3.81430006 -2.27979994
57.2635002 -3.50440001 -2.29979992
57.2732506 -3.3133502 -2.27154994
57.2300987 -3.17370009 -2.30960011
57.3894005 -2.78480005 -2.3217001
57.3386765 -2.27729988 -2.33562493
57.2925987 -2.1624999 -2.3434
57.3921013 -1.72080004 -2.35879993
57.3204994 -1.43900001 -2.36280012
57.2542992 -1.22819996 -2.42519999
57.3270493 -1.34039998 -2.36880016
57.2127991 -1.07620001 -0.951900005
57.2454987 -0.905399978 -2.38730001
57.3498001 -0.835699975 -0.890500009
57.3945999 -0.696799994 -2.41109991
57.2229996 -0.683600008 -2.39569998
57.3456001 -0.486400008 -2.4131
57.2803993 -0.334699988 -2.41973329
57.2282982 -0.133599997 -2.43059993
57.4429016 -19.8579006 1.3369
57.4838486 -19.8766499 2.46220016
57.4860497 -19.7314491 1.26250005
57.5300522 -19.7710991 1.43840003
57.4431992 -19.5158997 -1.58029997
57.4079018 -19.4137993 0.87529999
57.4559212 -19.4622192 1.11127996
57.4636497 -19.5115509 1.35520005
57.5312004 -19.5783005 1.80499995
57.4322014 -19.4067993 2.22169995
57.4413986 -19.5613995 2.43910003
57.4520988 -19.3439007 -1.48339999
57.4616508 -19.2916985 0.96359998
57.5201492 -19.3313675 1.1002667
57.5532341 -19.0797005 1.06023335
57.4954605 -18.9158211 1.10896003
57.4333 -18.8383007 1.32679999
57.4662018 -18.8862 1.44990003
57.5060005 -17.5065002 -1.6717
57.4241486 -16.2593994 -1.67810011
57.4421997 -16.1982002 -1.76810002
57.4001007 -15.901 -1.69840002
57.4020004 -15.7159996 -1.80320001
57.4153976 -15.7303495 -1.71449995
57.5498009 -15.1687002 -1.77610004
57.514801 -14.3986998 -1.84200001
57.492466 -13.683567 1.29463327
57.4001999 -13.7607002 1.73450005
57.4836998 -13.5837002 -1.74310005
57.5727501 -13.5220509 -0.0830999985
57.5811996 -13.4450998 0.1197
57.5299683 -13.501667 0.311499983
57.5654755 -13.495575 0.476549983
57.4931984 -13.4660873 0.718037486
57.4657249 -13.4771004 0.862749994
57.4715309 -13.5127335 1.32883334
57.4383011 -13.5576 1.40020001
57.4762001 -13.2358999 -1.82290006
57.5581017 -13.3958998 0.530600011
57.518898 -13.3880997 0.716250002
57.4983482 -13.3507004 0.952916682
57.4533348 -13.3040667 1.0517
57.4654007 -13.1245003 1.52709997
57.4124985 -13.1175003 2.39560008
57.519001 -12.4502001 -1.79009998
57.449852 -11.53895 -1.77999997
57.4193993 -10.7785997 -1.8082
57.4934006 -10.6606998 -1.77090001
57.4705009 -10.4090004 -1.84889996
57.5009499 -10.2561493 -1.87470007
57.5355988 -10.0165663 2.07416677
57.5633621 -9.8898201 -2.04082012
57.4361992 -9.9442997 -1.94169998
57.47715 -9.94260025 2.16070008
57.4633484 -9.96445084 2.21420002
57.5098686 -9.72786617 -2.09430003
57.4910011 -9.00650024 -2.0848999
57.5154991 -8.8895998 -2.10899997
57.4872017 -8.46416664 -2.11276674
57.5657997 -8.22900009 -2.15969992
57.5738983 -8.03289986 -2.12590003
57.5126991 -7.7421999 -2.11870003
57.4294014 -7.49943352 -2.12966681
57.4942513 -7.05700016 -2.1486001
57.4389992 -6.99090004 -2.21580005
57.5691986 -6.85020018 -2.16210008
57.5895004 -6.74049997 -2.11759996
57.4136009 -6.54530001 -2.24449992
57.5276985 -6.37209988 -2.16030002
57.4425011 -6.01590014 -2.16109991
57.5952988 -5.5928998 -2.25749993
57.4557991 -5.35909986 -2.22860003
57.5703011 -4.96750021 -2.26300001
57.5330009 -4.91610003 -2.19880009
57.5696983 -4.59070015 -2.27160001
57.4157982 -3.61479998 -2.27029991
57.536499 -3.50679994 -2.30410004
57.4438324 -3.13033342 -2.31883335
57.5517998 -2.86590004 -2.33820009
57.4112015 -2.74480009 -2.31040001
57.5200996 -2.5237999 -2.34220004
57.544426 -2.2746501 -2.34885001
57.4709015 -2.1868 -2.34060001
57.5091019 -1.85720003 -2.3678
57.4026985 -1.75370002 -2.36260009
57.5336533 -1.51180005 -2.34800005
57.488266 -1.30346668 -2.37849998
57.4864006 -1.1257 -0.863300025
57.4426994 -0.954400003 -2.44009995
57.4796982 -0.830900013 -2.39619994
57.4351006 -0.909600019 -1.05639994
57.4490013 -0.9648 -0.657299995
57.4420013 -0.74180001 -2.43370008
57.4781494 -0.49089998 -2.41790009
57.4766655 -0.326900005 -2.41773343
57.415699 -0.0482000001 -2.4282999
57.7879982 -19.8419991 2.02959991
57.6918488 -19.7040501 1.30799997
57.6055984 -19.6051998 2.32710004
57.6419983 -19.4150009 1.20039999
57.6693001 -19.4817009 1.97140002
57.7074661 -19.5304661 2.15163326
57.6681519 -19.5553017 2.23640013
57.7053986 -19.2852993 1.29770005
57.7018661 -19.2436333 1.47870004
57.6856651 -19.2661343 1.69780004
57.6959763 -19.2726498 1.871575
57.7416992 -19.3087006 2.33990002
57.6779022 -19.0907001 1.08816671
57.7447243 -19.1441746 1.28712499
57.6805992 -19.1877003 1.44070005
57.7882004 -19.1539001 2.33330011
57.7580986 -19.1795006 2.40820003
57.6826401 -18.9195194 1.12950003
57.7319489 -18.9407997 1.30065
57.6016006 -18.7486992 0.976599991
57.6533012 -17.4034996 -1.58899999
57.6254997 -15.8122997 -1.66480005
57.6844482 -14.6655998 -1.75744998
57.7372665 -13.6785336 -1.69256663
57.6594009 -13.6339998 -1.52909994
57.7154007 -13.6595001 -1.10420001
57.7756996 -13.6068001 -0.817200005
57.7128983 -13.6004 0.193599999
57.7560616 -13.5418797 -1.48775995
57.7525482 -13.5320749 -1.13222504
57.7683983 -13.5183172 -0.919233322
57.7433662 -13.5061998 -0.676933348
57.737648 -13.4949245 -0.451974988
57.7234879 -13.4927139 -0.274757147
57.7276611 -13.5043497 -0.096450001
57.7038651 -13.4730339 0.127483338
57.6920013 -13.4405003 0.236399993
57.6281013 -13.46 0.465499997
57.622551 -13.4675503 0.664799988
57.7613983 -13.2000999 -1.82350004
57.6007996 -13.3571997 0.867399991
57.6702003 -13.1244001 -1.80190003
57.7005501 -13.1434002 -1.76429999
57.6971016 -12.9519997 -1.86240005
57.7387009 -12.7997999 -1.82290006
57.6898003 -12.0770493 -1.84455001
57.7882996 -11.8459997 -1.84790003
57.6334991 -11.5347996 -1.82389998
57.7046013 -10.8399 -1.87779999
57.7139664 -10.5551329 -1.94153333
57.6909485 -10.3186493 -2.05754995
57.702652 -10.3372002 -1.92209995
57.7214508 -10.1032753 -2.06157494
57.7213249 -10.0849743 -1.98379993
57.7110977 -10.0120001 2.10710001
57.6328011 -10.0099001 2.26929998
57.6820259 -9.94524956 -2.11129999
57.7007599 -9.94909954 2.15553999
57.7761002 -9.96689987 2.23729992
57.6795006 -9.58119965 -2.03999996
57.7234993 -9.33920002 -2.08410001
57.649601 -9.12619972 -2.08330011
57.6666489 -8.72204971 -2.09959984
57.6928482 -8.52370071 -2.10694981
57.7081985 -8.15114975 -2.11899996
57.7997017 -7.40490007 -2.13779998
57.7275009 -6.82660007 -2.11809993
57.71315 -6.70300007 -2.2414999
57.6838989 -6.51690006 -2.19970012
57.6939011 -6.29040003 -2.27620006
57.6116982 -6.30429983 -2.16599989
57.7289009 -5.89359999 -2.21029997
57.7924004 -5.42910004 -2.2105
57.743 -5.24280024 -2.25760007
57.6414986 -4.93709993 -2.21090007
57.7069473 -4.75090027 -2.26730013
57.6604996 -4.44210005 -2.27749991
57.7874527 -4.32375002 -2.27970004
57.6749992 -3.82879996 -2.28719997
57.6669998 -3.6716001 -2.27940011
57.7359009 -3.52399993 -2.31990004
57.7185516 -3.31290007 -2.29789996
57.7168007 -2.92529988 -2.37109995
57.6481018 -2.62004995 -2.33844995
57.6727982 -2.49740005 -2.3283
57.6601028 -2.30730009 -2.33194995
57.7252998 -1.9842 -2.37540007
57.7067986 -1.69280005 -2.38109994
57.6786499 -1.47235 -2.36355019
57.6846504 -1.35140002 -2.38654995
57.6940994 -1.02999997 -2.42880011
57.6856003 -1.04289997 -1.01919997
57.6584015 -0.9375 -2.39779997
57.6651001 -0.872099996 -0.861000001
57.6584015 -0.736599982 -2.3921001
57.7220993 -0.776000023 -1.10070002
57.6728668 -0.268316656 -2.44248343
57.6964989 -0.0806000009 -2.4131
57.9377975 -19.9063492 1.09039998
57.9393997 -19.6401005 -1.56889999
57.8302002 -19.7202492 1.33859992
57.9880981 -19.7413006 1.4296
57.8620987 -19.7492008 2.0855999
57.8264008 -19.4913998 1.29100001
57.8806 -19.5135002 1.99070001
57.8773003 -19.3670006 1.28279996
57.8717003 -19.2907009 1.64880002
57.8781662 -19.3146343 1.92920005
57.8723526 -19.2794495 2.04425001
57.8190002 -19.3624001 2.25979996
57.8147011 -19.0314999 0.701399982
57.9478989 -19.0394001 1.15349996
57.8563004 -19.1686001 1.39380002
57.9271011 -19.16675 1.96324992
57.9034996 -19.0459003 2.1322
57.9406013 -19.1341 2.2482667
57.883503 -19.0874004 2.43756676
57.8909988 -18.9435005 1.13919997
57.8158989 -18.9437008 1.52890003
57.8697968 -18.9760494 2.31414986
57.846199 -18.9930992 2.42429996
57.9910011 -18.4365005 1.20790005
57.9738998 -18.3220997 1.18830001
57.9758987 -17.7511005 -1.54900002
57.9630013 -16.8073997 -1.67649996
57.9439507 -16.6259003 -1.72920001
57.9259987 -16.3920002 -1.75129998
57.8522987 -16.1114006 -1.71850002
57.9325981 -15.9587002 -1.7098
57.9202995 -15.3292999 -1.75829995
57.9441986 -15.0186996 -1.82560003
57.8614998 -14.7936001 -1.78079998
57.8414993 -14.5881004 -1.76709998
57.8124008 -14.2160997 -1.80980003
57.9398003 -13.6339998 -1.67736661
57.8855019 -13.6599998 -1.53349996
57.9047012 -13.6217003 -1.36494994
57.9342003 -13.6089001 -0.599399984
57.9106483 -13.5639668 -1.71286666
57.8782997 -13.5635252 -1.48223758
57.878624 -13.5309258 -1.32122505
57.8897018 -13.5055666 -1.08663332
57.8779259 -13.5091753 -0.911000013
57.8540001 -13.5158997 -0.715674996
57.864727 -13.4760752 -0.554374993
57.8161011 -13.4919252 -0.287624985
57.9038506 -13.2606506 -1.82754993
57.8782005 -13.0612001 -1.80490005
57.9221992 -12.3913002 -1.81229997
57.9556999 -12.0207996 -1.86530006
57.9625015 -11.8353996 -1.87989998
57.9239502 -11.7409 -1.85279989
57.8471985 -11.5712996 -1.88039994
57.8944664 -10.8667002 -1.90849996
57.979599 -10.6447001 -2.00110006
57.8395996 -10.6418495 -1.88389993
57.9682999 -10.467 -2.02719998
57.9459 -10.4479008 -1.95379996
57.8885994 -10.2725248 -1.97169995
57.8831329 -10.1835003 -2.06576681
57.8446007 -10.1255999 -1.9964
57.888401 -10.0442333 2.1273334
57.8848991 -9.87650013 -2.08430004
57.8929672 -9.97923279 2.1700666
57.9159012 -9.94549942 2.21945
57.9618988 -9.48349953 -2.07870007
57.8941994 -9.36369991 -2.06459999
57.9995003 -9.09080029 -2.04879999
57.8941994 -8.80889988 -2.1164
57.9416008 -8.87199974 -1.99520004
57.8348999 -8.73820019 -2.2276001
57.9728012 -8.53294945 -2.10435009
57.9631996 -8.36830044 -2.12089992
57.8484001 -8.1528492 -2.08990002
57.952301 -7.88530016 -2.1027
57.986599 -7.75360012 -2.13369989
57.985199 -7.41330004 -2.13890004
57.8931007 -7.32509995 -2.1480999
57.9009514 -7.10255003 -2.16739988
57.9401016 -6.99760008 -2.05640006
57.9297981 -6.22109985 -2.25500011
57.9597015 -5.87160015 -2.3053
57.9323997 -5.8130002 -2.16810012
57.8401985 -5.77790022 -2.22350001
57.8900986 -5.50330019 -2.23250008
57.9283981 -5.3197999 -2.26065016
57.9065018 -4.28760004 -2.25939989
57.9733505 -3.77255011 -2.27635002
57.8367004 -3.55990005 -2.3046
57.9453011 -3.02220011 -2.3276999
57.9014511 -2.88999987 -2.34584999
57.9141502 -2.77874994 -2.32550001
57.922348 -2.25265002 -2.34724998
57.8689003 -1.90849996 -2.36100006
57.8423996 -1.71150005 -2.40899992
57.965168 -1.48343337 -2.38313341
57.9106522 -1.2730999 -2.42509985
57.9362984 -1.34710002 -2.39280009
57.9341011 -1.0316 -2.39479995
57.9658012 -1.09319997 -0.921599984
57.8573532 -0.863600016 -2.42005014
57.8965988 -0.880699992 -0.677200019
57.9144974 -0.679633319 -2.42803335
57.9155998 -0.445300013 -2.42059994
57.8925247 -0.31417501 -2.43455005
57.8684998 -0.125499994 -2.43720007
58.0654984 -19.8477001 2.49580002
58.1155014 -19.6201992 1.21630001
58.0484009 -19.7583008 1.90050006
58.1556015 -19.7868004 2.56940007
58.1298523 -19.4918499 -1.55710006
58.1475487 -19.5345497 1.24950004
58.1021996 -19.2003994 1.22609997
58.0811996 -19.2075996 1.49349999
58.091301 -19.3202 1.90769994
58.0693016 -19.2278004 2.26160002
58.1791992 -19.1287994 -1.54130006
58.1650009 -19.1117001 0.713400006
58.1661339 -19.0401669 1.50276673
58.0489998 -19.0578995 1.73370004
58.0666313 -19.0676003 1.93396664
58.0596008 -19.0883503 2.08482504
58.1455002 -18.8880997 -1.56289995
58.1156998 -18.9887009 1.45650005
58.1750984 -18.9351997 1.93280005
58.1721992 -18.8614998 2.08340001
58.1349983 -18.7709007 1.17209995
58.0956001 -18.6300011 1.24600005
58.087101 -18.5445004 1.10973334
58.0945015 -18.4139004 1.26380002
58.0937004 -18.3488998 1.13100004
58.049099 -17.0137997 -1.67729998
58.0971985 -16.2924004 -1.68470001
58.0796013 -15.7275 -1.79620004
58.0007019 -15.2756996 -1.72080004
58.1241989 -14.2334003 -1.78719997
58.1972008 -13.8499002 -1.71239996
58.0842018 -13.7055998 -1.77709997
58.1563988 -13.5016499 -1.80684996
58.0746002 -13.5970001 -1.77690005
58.0317993 -13.5500002 -1.36259997
58.0602989 -12.7580996 -1.82260001
58.0723495 -12.4811001 -1.87440002
58.1207008 -12.1455002 -1.84570003
58.1843987 -11.5369997 -1.90880001
58.0167999 -11.0690002 -1.93669999
58.1397018 -10.6099005 -2.02699995
58.0750008 -10.4014997 -2.05180001
58.0594025 -10.5057507 -1.97979999
58.0768585 -10.3426399 -2.03678012
58.0284996 -10.0135002 -2.07550001
58.0712013 -10.0325336 2.06443334
58.1132965 -9.93194962 2.14769983
58.1590691 -9.95316696 2.27116656
58.1977005 -9.45230007 -2.16090012
58.0102997 -9.28030014 -2.22449994
58.0416985 -8.8125 -2.11249995
58.1912003 -8.61499977 -2.10400009
58.0107002 -8.58180046 -2.03629994
58.1079254 -7.90667486 -2.09754992
58.0984497 -7.55840015 -2.15544987
58.0686989 -7.04540014 -2.1651001
58.1323013 -6.93690014 -2.15409994
58.1226997 -6.65229988 -2.18330002
58.0531006 -6.51249981 -2.25640011
58.1329994 -6.41219997 -2.17479992
58.0620995 -6.26289988 -2.14615011
58.1668015 -5.67460012 -2.30819988
58.1696014 -5.4698 -2.21939993
58.0210495 -5.31099987 -2.21889997
58.1333008 -5.03469992 -2.28320003
58.1492233 -4.89857483 -2.27845001
58.0553017 -4.69899988 -2.22119999
58.0862999 -4.31260014 -2.2198
58.0992012 -4.0619998 -2.29349995
58.1228027 -3.86479998 -2.26889992
58.0764999 -3.79060006 -2.30890012
58.0345993 -3.58349991 -2.33500004
58.1515503 -3.22114992 -2.29510021
58.0942001 -2.78849983 -2.30859995
58.1192017 -2.53069997 -2.36345005
58.1083984 -2.05224991 -2.36124992
58.148201 -1.76714993 -2.36525011
58.0629005 -1.52400005 -2.38400006
58.0367012 -0.912899971 -2.39949989
58.0019989 -0.912400007 -1.02970004
58.0032997 -0.941299975 -0.814100027
58.157299 -0.711750031 -2.41534996
58.1987991 -0.0480000004 -2.46029997
58.3592987 -19.8439007 1.30209994
58.332901 -19.8241005 1.70280004
58.3931007 -19.9044991 1.94910002
58.2046013 -19.9141998 2.37800002
58.3760986 -19.8992004 2.44700003
58.2316971 -19.7020988 1.29154992
58.216301 -19.4326992 -1.61240005
58.2577019 -19.5953999 1.1983
58.2899017 -19.2129993 1.1573
58.3260994 -19.0032997 -1.61489999
58.2917519 -19.1151009 1.73160005
58.2235985 -19.0042 1.85689998
58.2622986 -18.8682003 -1.60590005
58.2528 -18.8672009 0.880400002
58.3344994 -18.8377991 1.69669998
58.3078995 -18.8229008 1.97640002
58.2444 -18.8770008 2.0388
58.2470016 -18.6594009 1.07480001
58.2383003 -18.7626991 2.1164999
58.2251015 -18.5123997 -1.60300004
58.2111015 -18.1637993 -1.60609996
58.2489014 -18.1557007 1.57509995
58.2696991 -17.6275997 0.985700011
58.3552513 -17.4716492 1.09780002
58.3125992 -17.2285004 -1.66789997
58.2773018 -17.0909996 -1.65180004
58.2229996 -16.8626003 -1.68379998
58.3398018 -16.0032005 -1.71259999
58.3720016 -15.6643 -1.75730002
58.2702484 -14.6331501 -1.74055004
58.3698006 -14.2101002 -1.84350002
58.2556992 -14.2045002 -1.78129995
58.3446007 -13.8472996 -1.8075
58.2518997 -13.8462 -1.74179995
58.2070007 -13.7166004 -1.77719998
58.3494034 -13.4697495 -1.82404995
58.2196999 -13.1402998 -1.74849999
58.3352013 -12.9961004 -1.88530004
58.3273506 -12.5528507 -1.89540005
58.2823982 -12.0632 -1.84759998
58.345768 -10.9166336 -1.93190002
58.3125267 -10.6591377 -2.06131244
58.2807121 -10.7143145 -1.96218574
58.3009987 -10.5677004 -2.13689995
58.2069016 -10.5627003 -1.96640003
58.2636986 -10.0221004 2.12680006
58.2947235 -10.0207748 2.26252508
58.2098007 -9.86410046 2.20149994
58.2705002 -9.74709988 -2.06579995
58.2742004 -9.01454926 -2.0861001
58.2643509 -8.90920067 -2.12645006
58.2775497 -7.69057512 -2.14584994
58.2322998 -7.54265022 -2.17184997
58.3799019 -7.31960011 -2.19370008
58.3165359 -7.11546659 -2.14916682
58.3622017 -6.98390007 -2.23690009
58.3772011 -6.87039995 -2.1710999
58.2957001 -6.43030024 -2.21280003
58.2366982 -6.30369997 -2.19289994
58.2719498 -5.93060017 -2.24004984
58.2420006 -5.97590017 -2.18009996
58.3106995 -5.60349989 -2.19749999
58.3372002 -5.28800011 -2.27255011
58.3129005 -5.07240009 -2.30040002
58.3628006 -4.91349983 -2.26259995
58.2577019 -4.67689991 -2.19910002
58.3792 -4.4394002 -2.28360009
58.3035965 -4.33224964 -2.30170012
58.3059998 -3.73195004 -2.32165003
58.3667984 -3.22359991 -2.36150002
58.3350983 -3.12940001 -2.3197
58.3311348 -2.90916681 -2.34993339
58.3163986 -2.7730999 -2.37479997
58.3374252 -2.26425004 -2.35957479
58.331749 -1.89989996 -2.38925004
58.2060013 -1.63999999 -2.38000011
58.398201 -1.4296 -2.39170003
58.3176994 -1.24539995 -2.41610003
58.3506012 -1.36054993 -2.39715004
58.2999992 -1.04830003 -0.880200028
58.2080002 -0.924600005 -0.85710001
58.2542 -0.964699984 -0.708800018
58.2596741 -0.691550016 -2.43335009
58.3839989 -0.262400001 -2.43510008
58.2508507 -0.118249997 -2.45630002
58.5756493 -19.9590988 -1.53559995
58.5817986 -19.8472996 1.52460003
58.4902992 -19.6151009 -1.59239995
58.5363007 -19.6595993 1.31060004
58.5619011 -19.6397991 2.15829992
58.4644012 -19.5697002 -1.52830005
58.4996986 -19.4291 2.02530003
58.5639992 -19.3959999 1.98140001
58.5910988 -19.3687992 2.28349996
58.5627518 -19.063549 0.713800013
58.5603752 -19.0284748 0.894950032
58.5597992 -19.0119991 1.00189996
58.4550018 -19.1963997 1.30429995
58.5252991 -19.0065002 1.61259997
58.4487991 -18.8829994 0.796999991
58.5157242 -18.927124 0.878624976
58.5417328 -18.8791008 1.10033333
58.4999504 -18.8904495 1.39374995
58.5657997 -18.7880001 1.36650002
58.5486984 -18.4419003 0.506099999
58.5507011 -18.4608994 0.679374993
58.5890999 -18.2595005 0.425700009
58.5769997 -18.3253002 0.609000027
58.5606003 -18.2443008 1.32620001
58.5357018 -18.2080994 1.58729994
58.5533981 -18.0004005 0.768100023
58.4850006 -18.0639992 1.56359994
58.4562988 -18.0844994 1.62030005
58.5852013 -17.9036999 0.878000021
58.4828491 -17.6691513 0.968100011
58.4890518 -17.4511242 0.934749961
58.5223236 -17.5031509 1.07924998
58.5778008 -17.4610004 1.40620005
58.5082016 -17.3723488 0.93264997
58.5442009 -17.3656998 1.1796
58.5536003 -16.9160004 -1.69940007
58.5752983 -16.7042007 -1.72539997
58.4859238 -16.333025 -1.73457503
58.5313644 -15.7276335 -1.72596669
58.4305992 -14.7341003 -1.75329995
58.5221672 -13.7260332 -1.86023331
58.4333 -13.0286999 -1.85090005
58.5511017 -11.6389999 -1.86160004
58.4754677 -11.275733 -1.90536666
58.4440994 -11.1751003 -1.86960006
58.4933128 -10.8792858 -2.08967137
58.5346985 -10.967 -1.95780003
58.4706001 -10.7957001 -1.99520004
58.5259018 -10.5956001 -2.10899997
58.4773979 -10.3053331 -2.09719992
58.4925995 -10.0328999 2.1786499
58.5607986 -10.0115995 2.24440002
58.4472008 -9.90149975 -2.10229993
58.5798988 -9.96479988 2.2328999
58.5573006 -9.43844986 -2.1027
58.5728493 -9.13554955 -2.102
58.4754982 -8.88650036 -2.13590002
58.5444984 -8.73820019 -2.13639998
58.5144005 -8.51519966 -2.13789988
58.5742493 -7.7279501 -2.13735008
58.5663986 -7.34709978 -2.25679994
58.5495987 -7.2569499 -2.16610003
58.5049973 -6.52025032 -2.2112999
58.5777016 -6.4144001 -2.17930007
58.4723015 -6.32870007 -2.24946666
58.4832993 -6.06069994 -2.22119999
58.4870987 -5.98920012 -2.24230003
58.4417 -5.74049997 -2.24979997
58.5290337 -5.47593355 -2.2469666
58.4951324 -5.10906649 -2.29683328
58.4644508 -4.88990021 -2.30345011
58.5311508 -4.49510002 -2.28394985
58.5405006 -4.35550022 -2.29005003
58.5197983 -4.17649984 -2.31030011
58.4927254 -3.85255003 -2.33410001
58.5614014 -3.26154995 -2.33949995
58.4911995 -2.63820004 -2.34789991
58.4998512 -2.26854992 -2.37134981
58.4317017 -2.17210007 -2.39059997
58.4692001 -1.41260004 -2.4224999
58.4660988 -1.35099995 -2.41339993
58.4095001 -1.26380002 -2.39039993
58.5834007 -1.19920003 -2.42409992
58.5617981 -0.898599982 -2.43830013
58.5271988 -0.738699973 -2.45409989
58.5257339 -0.432300001 -2.45403337
58.4948654 -0.282366663 -2.4642334
58.7196999 -19.9214993 -1.61000001
58.7324982 -19.6716003 1.61039996
58.625 -19.5331993 -1.57000005
58.7134323 -19.4895992 1.46700001
58.6725998 -19.5930004 1.69819999
58.7480011 -19.5277004 2.18490005
58.6082993 -19.5323009 2.26659989
58.7304993 -19.3036003 1.45270002
58.7896004 -19.3665009 2.2249999
58.6282005 -19.1343002 -1.61839998
58.6151505 -19.104351 0.764999986
58.6475983 -19.0748005 0.829200029
58.656601 -19.1124001 1.39670002
58.7130013 -19.0935993 1.43470001
58.7904015 -19.1513004 1.93869996
58.7070999 -18.8246994 0.494800001
58.6635017 -18.8575001 0.698499978
58.6759186 -18.9104195 0.911520004
58.6514015 -18.8395004 1.04159999
58.7313995 -18.9328995 1.28910005
58.6741486 -18.9446487 1.4763999
58.6348991 -18.9365997 1.78970003
58.718399 -18.6340008 -1.63660002
58.683197 -18.7146492 0.380100012
58.6861801 -18.7211609 0.487659991
58.7204018 -18.6499004 0.773599982
58.6890984 -18.7408657 0.89713335
58.672699 -18.7105999 1.03900003
58.7201004 -18.7947006 1.34329998
58.7913017 -18.4465008 -1.64209998
58.6841011 -18.4291 0.359400004
58.6997833 -18.4940662 0.479333341
58.7219009 -18.5506001 0.686500013
58.688221 -18.3239193 0.524379969
58.6671982 -18.3631992 1.29879999
58.641201 -18.1907005 0.398299992
58.6424026 -18.0844002 1.30270004
58.6613388 -18.0639191 1.50909996
58.7306709 -17.910244 0.729742825
58.7407532 -17.9027996 0.889950037
58.6637001 -17.8572998 1.74230003
58.7770004 -17.7998009 0.789799988
58.7246017 -17.7385998 0.827899992
58.6389008 -17.6525993 1.05009997
58.729599 -17.6676006 1.29789996
58.6242523 -17.5337486 0.862300038
58.7069855 -17.4962006 1.1056
58.6828499 -17.4048004 1.27030003
58.6458015 -17.4277992 1.53840005
58.6114998 -17.2143002 0.815500021
58.706749 -17.3502502 1.30340004
58.6966019 -17.3824997 1.40409994
58.6511002 -17.0844994 -1.7121501
58.7961006 -16.9757004 -1.68690002
58.7387009 -16.0209007 -1.78279996
58.6665993 -15.8242998 -1.79849994
58.7271996 -15.6008997 -1.7924
58.7140007 -15.3188 -1.75320005
58.7436981 -15.1359997 -1.80410004
58.6408005 -15.1196995 -1.78939998
58.6932983 -14.8711996 -1.76470006
58.7010994 -14.4414997 -1.7615
58.6371994 -13.9672003 -1.8599
58.7428017 -13.5123997 -1.93929994
58.6857986 -13.3055 -1.8519001
58.787899 -13.1485004 -1.89049995
58.7817993 -12.5969 -1.92209995
58.7263985 -12.1715002 -1.89719999
58.6790009 -11.9315996 -1.92920005
58.6221008 -11.5525999 -1.91229999
58.7058411 -11.2753716 -1.91990006
58.7040291 -11.1445713 -2.06135702
58.6675262 -11.0742245 -1.96534991
58.6250992 -10.9688997 -2.09474993
58.6756325 -10.052 2.10179996
58.6881485 -10.05305 2.2437501
58.7374344 -9.97246647 2.11236668
58.7723351 -9.95296669 2.31649995
58.7477989 -9.53369999 -2.08459997
58.7060013 -8.90915012 -2.06795001
58.7068481 -8.75304985 -2.1076498
58.6623001 -8.49160004 -2.11980009
58.6432991 -8.30130005 -2.13759995
58.7181015 -8.0642004 -2.22210002
58.7713013 -8.12349987 -2.13590002
58.6931 -7.9699502 -2.17094994
58.6792984 -7.64359999 -2.26769996
58.760498 -7.62814999 -2.17425013
58.6647491 -7.45800018 -2.18184996
58.7034988 -7.3263998 -2.14980006
58.7602997 -7.0007 -2.17820001
58.707901 -6.92619991 -2.22860003
58.6041985 -6.60309982 -2.23629999
58.7098999 -6.44630003 -2.24370003
58.7188988 -6.41949987 -2.17799997
58.7423325 -5.88189983 -2.23383331
58.7754974 -5.46825027 -2.26049995
58.7333527 -5.23969984 -2.26880002
58.6209984 -4.9921999 -2.27950001
58.7160492 -4.76640034 -2.29620004
58.7338982 -4.41289997 -2.26329994
58.7103348 -4.35876656 -2.34923339
58.6902008 -4.14519978 -2.32990003
58.719799 -3.85492492 -2.3352499
58.7134018 -3.48440003 -2.3434999
58.6702003 -3.23930001 -2.31690001
58.7649994 -3.00550008 -2.34360003
58.7341003 -2.90919995 -2.38499999
58.680748 -2.72429991 -2.35689998
58.6286011 -2.23620009 -2.37579989
58.7194519 -1.90989995 -2.43464994
58.7246017 -1.93920004 -2.38689995
58.6588974 -1.75410008 -2.38754988
58.6845016 -1.32535005 -2.42017508
58.7619019 -1.22070003 -0.903699994
58.6365013 -1.18610001 -2.43659997
58.7173996 -1.11430001 -1.06990004
58.7411995 -0.848399997 -2.4224
58.6488495 -0.675500035 -2.44684982
58.6775208 -0.291559994 -2.45896006
58.8470001 -19.8875008 -1.58864999
58.8065987 -19.9053001 1.11150002
58.9005013 -19.7980995 -1.59860003
58.9585991 -19.7991009 1.6293
58.8751984 -19.4692001 1.505
58.9329987 -19.5125008 2.1249001
58.8443985 -19.3701992 1.36440003
58.8480988 -19.3500996 2.15330005
58.8928986 -19.0153999 1.45930004
58.9734001 -18.8516006 -1.62720001
58.9400673 -18.8248672 0.740999997
58.8871498 -18.8900242 0.912250042
58.8765984 -18.9141006 1.01600003
58.8008003 -18.9440002 1.28240001
58.894001 -18.8264008 1.43550003
58.8582001 -18.6315002 -1.61790001
58.8914795 -18.6682796 0.522539973
58.909481 -18.6576405 0.669560015
58.8723984 -18.7191658 0.92750001
58.9056587 -18.6809406 1.05700004
58.990097 -18.7233505 1.44429994
58.8484993 -18.5653 -1.66830003
58.8844681 -18.5656509 0.505633354
58.8997002 -18.4953499 0.688033342
58.9292641 -18.513567 1.0708667
58.9916992 -18.4244995 1.3484
58.8977013 -18.4834995 1.71010005
58.8894653 -18.1023006 0.902100027
58.8470993 -18.0464001 1.31770003
58.8619652 -17.9320011 0.758599997
58.9153519 -17.8805332 0.900950015
58.9097519 -17.9559498 1.25804996
58.9205475 -17.8784504 1.53314996
58.9081001 -17.9661999 1.62510002
58.8083992 -17.7670994 0.788900018
58.9034004 -17.6744995 0.947799981
58.8995972 -17.6205502 1.07349992
58.8663025 -17.7078514 1.26209998
58.9245987 -17.6959 1.45940006
58.8055992 -17.5389004 -1.65320003
58.8708344 -17.4442673 1.14216661
58.9254341 -17.4633675 1.28189993
58.9775009 -17.2213993 -1.81560004
58.9022331 -17.3324661 1.11580002
58.9580002 -17.3633995 1.26920009
58.8381004 -17.0832996 -1.67920005
58.9715996 -17.071949 0.786350012
58.8964996 -17.1314335 0.933966696
58.9290009 -17.1295509 1.04830003
58.9514008 -16.9737015 0.903949976
58.9986 -16.9573994 1.10479999
58.8948517 -16.6627007 -1.72934997
58.9198494 -16.2729492 -1.79355001
58.8139 -15.8002005 -1.78310001
58.9681015 -15.4768 -1.82070005
58.9898987 -14.8472996 -1.79069996
58.9263 -14.5377998 -1.81359994
58.8742981 -14.3807001 -1.83700001
58.9106979 -13.8768997 -1.87989998
58.9239998 -13.6863337 -1.84029996
58.9594994 -13.5328999 -1.83790004
58.8921013 -13.3575001 -1.88069999
58.9541016 -12.8084002 -1.8944
58.8386993 -12.1160002 -1.89890003
58.8522987 -11.6126003 -1.9145
58.9586983 -11.4017 -2.03850007
58.9117508 -11.5002995 -1.93230009
58.9492607 -11.3094997 -2.04839993
58.8656502 -11.1728497 -2.12680006
58.9227982 -10.8164997 -2.02209997
58.9998016 -10.5562 -2.06870008
58.8544998 -10.1143999 2.10330009
58.8770485 -9.7371006 -2.04489994
58.9290009 -9.57240009 -2.11019993
58.9337502 -9.32124996 -2.13735008
58.9656982 -9.09160042 -2.10220003
58.9062347 -8.94540024 -2.1340332
58.9553986 -8.76519966 -2.20549989
58.8463974 -8.69029999 -2.10214996
58.8886642 -8.49633312 -2.11273336
58.8387527 -8.35684967 -2.15930009
58.9337502 -8.0447998 -2.14720011
58.8622322 -7.75960016 -2.1511333
58.9193001 -7.49440002 -2.16494989
58.969101 -7.20539999 -2.15199995
58.9822006 -7.12650013 -2.2118001
58.9286003 -6.82933331 -2.24723339
58.9431992 -6.60309982 -2.25289989
58.8983002 -6.76490021 -2.17560005
58.9746017 -6.52820015 -2.2572
58.9479523 -6.08899975 -2.24530005
58.9283981 -6.10379982 -2.19079995
58.8813477 -5.97834969 -2.23699999
58.898201 -5.14939976 -2.26555014
58.8798332 -4.92000008 -2.28626657
58.8728485 -4.65455008 -2.29554987
58.9030991 -4.46580029 -2.31270003
58.8558998 -4.27865028 -2.29949999
58.8328018 -3.93840003 -2.29229999
58.891201 -3.74519992 -2.31999993
58.9264984 -3.59730005 -2.3527
58.8671494 -3.22539997 -2.35454988
58.8171997 -3.10489988 -2.35649991
58.8097992 -2.74335003 -2.36940002
58.9552994 -2.34264994 -2.40880013
58.9163017 -2.10479999 -2.39330006
58.9236984 -1.88709998 -2.40569997
58.9057999 -1.41289997 -2.45090008
58.8981514 -1.33679998 -2.43210006
58.9737015 -1.17420006 -2.44950008
58.8625679 -0.878000021 -2.44676661
58.8135986 -0.969399989 -0.89319998
58.8709488 -0.722350001 -2.45735002
58.912899 -0.475400001 -2.47199988
58.8806343 -0.273266673 -2.4698
58.9749985 -0.0209999997 -2.47869992
59.1369019 -19.9008007 -1.60430002
59.0990982 -19.9869003 1.66830003
59.1241989 -19.7476997 0.70570004
59.0760002 -19.7283993 0.828000009
59.1744003 -19.7311001 1.00039995
59.0447998 -19.6082993 1.70949996
59.1683998 -19.4514999 -1.60819995
59.1509018 -19.5488014 0.760850012
59.1339989 -19.5496006 1.67949998
59.1612015 -19.2451 1.64269996
59.1437988 -19.3684006 2.10800004
59.1595993 -19.0366993 0.943099976
59.1954002 -18.8927002 -1.64600003
59.0891991 -18.8794994 0.914600015
59.0937004 -18.9659996 1.61580002
59.1265984 -18.8715 1.84239995
59.0421982 -18.7353992 -1.6128
59.1006012 -18.6639996 0.364199996
59.03825 -18.65975 0.512700021
59.0576782 -18.6667805 0.698379993
59.0441017 -18.6345997 0.968500018
59.156601 -18.7369995 1.73959994
59.0686989 -18.6413994 1.90740001
59.1121979 -18.5680008 0.47330001
59.0040016 -18.5372009 0.711799979
59.0198517 -18.499649 0.862299979
59.030899 -18.4941006 1.19710004
59.1781998 -18.5944004 1.95930004
59.1310005 -18.5489998 2.13849998
59.0493011 -18.3167 -1.64059997
59.0424995 -18.3785992 0.650300026
59.0012016 -18.3873997 0.934199989
59.0444984 -17.8185997 0.681100011
59.0294991 -17.8757992 0.963500023
59.1739006 -17.8152008 1.04970002
59.1395988 -17.8616505 1.29410005
59.1715012 -17.823349 1.51985002
59.1062012 -17.7291603 1.11300004
59.1627998 -17.7220497 1.67849994
59.0667 -17.7586002 1.80340004
59.0774689 -17.5443668 1.11986673
59.1547012 -17.3223495 0.754950047
59.1573982 -17.2597008 0.80250001
59.09132 -17.0813198 0.870859981
59.0518494 -16.9381485 0.867749989
59.1147003 -16.6131001 -1.68850005
59.0639992 -16.2745323 -1.74033332
59.0848999 -15.3037996 -1.79849994
59.0667496 -15.1515999 -1.78410006
59.0195999 -14.3747997 -1.75090003
59.1650009 -13.8673496 -1.89514995
59.0784988 -13.1399994 -1.88190007
59.0267982 -12.9254999 -1.91040003
59.0867004 -12.3797493 -1.91939998
59.0008011 -12.0421 -1.89999998
59.1171989 -11.862133 -1.95353329
59.1340027 -11.6982994 -1.93114996
59.0743675 -11.4935331 -2.07290006
59.0626526 -11.4969501 -1.95469999
59.1273651 -11.3010998 -2.04830003
59.0414009 -10.9974003 -2.03609991
59.156601 -10.0641994 -2.1338501
59.1520004 -9.69239998 -2.07540011
59.1485519 -9.02855015 -2.11420012
59.0859985 -8.68019962 -2.1333499
59.1911011 -8.59029961 -2.14599991
59.1531982 -8.26510048 -2.15054989
59.1684494 -8.04870033 -2.17789984
59.1152496 -7.92609978 -2.15845013
59.0061989 -7.46019983 -2.18580008
59.0709496 -7.26039982 -2.16974998
59.0125999 -7.14069986 -2.13790011
59.0820999 -6.97510004 -2.20530009
59.0550003 -6.70944977 -2.25174999
59.0561981 -6.27960014 -2.25145006
59.0925484 -5.83909988 -2.26219988
59.1076012 -5.60629988 -2.26789999
59.0181007 -5.20760012 -2.24040008
59.1474991 -4.93204975 -2.29605007
59.0045013 -4.46780014 -2.29310012
59.0797348 -4.30389977 -2.33243322
59.1060982 -4.07469988 -2.31150007
59.1169014 -3.88753343 -2.3447001
59.077652 -3.77594995 -2.32819986
59.1179008 -3.52740002 -2.33414984
59.149601 -3.29966664 -2.36206675
59.0956497 -3.11229992 -2.34584999
59.0276985 -2.95059991 -2.34389997
59.1202011 -2.30200005 -2.39559984
59.145401 -2.12529993 -2.40949988
59.1128006 -2.09680009 -2.38330007
59.0527992 -1.90709996 -2.44009995
59.0071983 -1.71060002 -2.43339992
59.1945992 -1.27470005 -2.45810008
59.0463982 -1.27240002 -1.08539999
59.1097984 -1.24810004 -0.922999978
59.1469002 -1.05935001 -2.44790006
59.0038986 -1.16410005 -0.844099998
59.0614014 -1.15579998 -0.668299973
59.1106491 -0.839850008 -2.45900011
59.0372009 -0.664399981 -2.45469999
59.1622009 -0.334800005 -2.47765017
59.2327003 -19.8857002 -1.56200004
59.3184013 -19.8251991 1.64769995
59.2145996 -19.7847004 -1.61730003
59.2153015 -19.6494999 0.677299976
59.2585983 -19.71595 0.920050025
59.3576508 -19.7007999 1.09490001
59.3377991 -19.4668007 -1.6674
59.2005997 -19.4829998 -1.5984
59.3303986 -19.3092003 -1.64769995
59.3067017 -19.2670994 1.49259996
59.3090515 -19.0374508 1.65295005
59.2039986 -18.9463997 -1.66480005
59.3368988 -18.8446999 1.58720005
59.2853012 -18.9524994 1.63970006
59.2169991 -18.9419994 1.95599997
59.2028999 -18.7705994 0.596400023
59.3681984 -18.7499008 0.95389998
59.2846985 -18.7080994 1.85800004
59.2145004 -18.7476006 2.03480005
59.2004013 -18.5932007 0.734099984
59.3936996 -18.4347992 1.07239997
59.2750015 -18.5828991 1.29970002
59.3555336 -18.0668335 1.06350005
59.3923988 -17.9529991 0.676800013
59.3213997 -17.9150009 0.898550034
59.2758751 -17.8559246 1.32682502
59.2938995 -17.8491001 1.46434999
59.2486992 -17.9347 1.61020005
59.2952995 -17.6940994 0.954400003
59.2815018 -17.6854 1.07980001
59.3120995 -17.7551498 1.30659997
59.3212738 -17.7456245 1.53869998
59.3513985 -17.5384998 1.18350005
59.203701 -17.2429008 -1.7119
59.3729477 -17.2626991 0.525600016
59.3042717 -17.2640438 0.719428539
59.2556 -17.3504486 0.886049986
59.3256989 -17.1133995 -1.76859999
59.3574982 -17.1725998 0.541599989
59.3181763 -17.0851002 0.693350017
59.2835999 -17.1713009 0.867500007
59.3089981 -16.875 -1.71709991
59.3815002 -16.405899 -1.77869999
59.2923012 -16.2429504 -1.73199999
59.3092995 -16.1403999 -1.77815008
59.3586006 -15.7999001 -1.75940001
59.3134003 -15.1913996 -1.80410004
59.3961983 -14.8388004 -1.82659996
59.3478012 -14.6714001 -1.83770001
59.2500992 -14.5196495 -1.82054996
59.3182755 -14.2995996 -1.83245003
59.3510017 -14.1459999 -1.84739995
59.2442017 -13.8058004 -1.90559995
59.3085022 -13.7112503 -1.88744998
59.2224007 -12.8767004 -1.86730003
59.2654991 -12.6382999 -1.92680001
59.3917007 -12.5486002 -1.8872
59.3546982 -12.0630493 -1.95864999
59.3417664 -11.9127998 -1.9544667
59.2626266 -11.6890755 -2.04830003
59.2418976 -11.7529001 -1.98399997
59.2042007 -11.4445 -2.05410004
59.3667984 -11.2143002 -2.05290008
59.3376999 -10.8877001 -1.99720001
59.2172012 -10.6001997 -2.16820002
59.3232002 -10.49475 -2.06304979
59.3988991 -10.3425999 -2.07590008
59.3828011 -10.1406002 -2.11260009
59.3790016 -9.85079956 -2.11490011
59.2513008 -9.52219963 -2.0381999
59.3442497 -9.3267498 -2.09105015
59.3889999 -9.12119961 -2.09610009
59.243 -8.99489975 -2.21140003
59.2130013 -8.92850018 -2.12330008
59.2462006 -8.67430019 -2.14319992
59.3138008 -8.56719971 -2.08809996
59.354599 -8.02760029 -2.2499001
59.3711014 -8.01329994 -2.13010001
59.2854996 -7.95569992 -2.2111001
59.2798004 -7.78104973 -2.15674996
59.2645988 -7.20979977 -2.18939996
59.3366013 -7.0838666 -2.23903346
59.3634491 -7.15059996 -2.17359996
59.3548012 -6.84539986 -2.21670008
59.2496986 -6.98549986 -2.18169999
59.3843002 -6.4854002 -2.24154997
59.2934647 -6.29716682 -2.23006678
59.3386497 -6.03579998 -2.24275017
59.3979988 -5.80749989 -2.26620007
59.2719002 -5.7249999 -2.31929994
59.3219528 -5.45510006 -2.27810001
59.3334007 -5.26420021 -2.28929996
59.2578011 -4.86359978 -2.28500009
59.3881989 -4.43209982 -2.30080009
59.2987328 -4.29150009 -2.33973336
59.2882004 -3.99499989 -2.35299993
59.3376999 -3.69799995 -2.3756001
59.2668343 -3.55823326 -2.3543334
59.3544006 -3.33349991 -2.421
59.333252 -3.29294991 -2.3906498
59.3736992 -3.13520002 -2.35150003
59.293499 -2.91300011 -2.43429995
59.2522964 -2.89794993 -2.38579988
59.2914009 -2.71989989 -2.37249994
59.3134346 -2.5237 -2.37166667
59.3311005 -2.07380009 -2.42709994
59.2767334 -1.86670005 -2.44040012
59.2596016 -1.70060003 -2.43729997
59.3382988 -1.48895001 -2.45424986
59.3828011 -1.23380005 -2.42659998
59.2821007 -1.27409995 -0.66079998
59.3034973 -1.13860011 -2.47595
59.2929001 -1.15505004 -1.07060003
59.2779999 -0.872399986 -2.47300005
59.3143997 -0.728733361 -2.47856665
59.2913666 -0.518133342 -2.4951334
59.2577972 -0.131449997 -2.49539995
59.4031982 -19.8740005 1.63699996
59.5629005 -19.7457008 -1.61339998
59.4333992 -19.6438999 0.96390003
59.4808998 -19.65555 1.11580002
59.4962006 -19.6979008 1.22819996
59.4118004 -19.4018993 0.774100006
59.521698 -19.4982567 0.88028568
59.4720993 -19.4335995 1.10609996
59.4972992 -19.5084991 1.59150004
59.5125008 -19.3600006 0.788100004
59.5536652 -19.2868328 0.943666637
59.5760002 -19.2238998 1.06330001
59.4065475 -19.2449989 1.51944995
59.5032501 -19.1265984 0.788275003
59.5259781 -19.0746002 0.920424998
59.5611 -19.1513996 1.08369994
59.549633 -18.945467 -1.67316663
59.5519981 -18.9382 0.770799994
59.4951324 -18.9715328 0.859200001
59.5820007 -18.7390003 -1.68060005
59.5147018 -18.7338505 0.935899973
59.5555 -18.7539005 1.01689994
59.4702988 -18.7545013 2.12290001
59.4869995 -18.4363003 -1.7076
59.5584984 -18.4368248 0.905875027
59.4014015 -18.3306007 -1.74119997
59.535347 -18.3292503 0.896749973
59.4301987 -18.2252007 1.40439999
59.5867996 -18.3066006 1.68079996
59.5459671 -18.1126328 1.0964334
59.5359993 -17.8486671 0.793933332
59.4740334 -17.9108677 0.949066639
59.5094986 -17.8449993 1.18959999
59.4207993 -17.9164009 1.42470002
59.5015335 -17.8945007 1.63273335
59.5428009 -17.6509991 0.773800015
59.5818024 -17.6906509 0.881999969
59.5005341 -17.7110329 1.09113336
59.5195007 -17.717701 1.27135003
59.4364014 -17.7693005 1.63259995
59.5169983 -17.5760002 0.830799997
59.5390015 -17.5844002 1.24160004
59.5700989 -17.5130005 1.45799994
59.4855499 -17.5576992 1.69009995
59.4566193 -17.2981205 0.733500004
59.4602013 -17.2672501 0.846599996
59.5563011 -17.3834991 1.16869998
59.4782982 -17.3922997 1.51689994
59.4109001 -17.1973 0.734200001
59.4877014 -16.8901005 -1.75680006
59.4726982 -16.4843006 -1.75890005
59.5948982 -16.2985992 -1.72759998
59.4443016 -15.9475002 -1.80250001
59.4775009 -15.9933996 -1.78299999
59.4324989 -15.6823997 -1.73179996
59.487999 -15.4768 -1.78289998
59.4934502 -14.5837002 -1.86520004
59.5281982 -14.3486996 -1.85529995
59.4454994 -14.0635004 -1.85469997
59.4734001 -13.8771 -1.87709999
59.4528503 -13.7042999 -1.88682497
59.5455017 -13.4493504 -1.88744998
59.5289001 -12.8753996 -2.00480008
59.4090996 -12.4518003 -1.93169999
59.5485535 -12.2537003 -1.96580005
59.548275 -12.0678501 -2.04362488
59.4850998 -12.0148001 -1.95019996
59.4281006 -11.8789501 -2.05844998
59.4661026 -11.6745501 -2.04524994
59.4033012 -11.6429996 -1.9677
59.5858002 -11.5237999 -2.00769997
59.521801 -11.3120003 -2.01460004
59.4062996 -11.1464996 -2.02080011
59.4086533 -10.6583996 -2.09905005
59.4089012 -10.4177999 -2.08759999
59.4626007 -9.87010002 -2.12170005
59.4867516 -9.64072514 -2.10322499
59.5141983 -9.45619965 -2.12790012
59.4820328 -9.2682333 -2.10520005
59.4784012 -8.91073322 -2.13403344
59.5019989 -8.6789999 -2.11415005
59.5183487 -8.49909973 -2.19000006
59.5177498 -8.31285 -2.17650008
59.458168 -7.90946674 -2.17020011
59.4759979 -7.69124985 -2.17275
59.4192009 -7.50939989 -2.18409991
59.4868011 -7.23400021 -2.22740006
59.4661484 -7.33479977 -2.19094992
59.405201 -7.05420017 -2.19309998
59.473465 -6.92359972 -2.21573329
59.5498505 -6.67090034 -2.24699998
59.5168991 -6.35419989 -2.27399993
59.5980988 -6.11199999 -2.31680012
59.5969009 -5.95289993 -2.26480007
59.5161018 -5.69820023 -2.23880005
59.5726013 -5.4236002 -2.32259989
59.4686012 -5.30210018 -2.30890012
59.4493484 -4.82954979 -2.30294991
59.5065002 -4.41860008 -2.30780005
59.5880013 -4.24230003 -2.3440001
59.4924011 -4.11940002 -2.33360004
59.4528999 -3.97930002 -2.35299993
59.4608994 -3.76220012 -2.33579993
59.4347992 -3.36269999 -2.32419991
59.5219994 -3.10759997 -2.37719989
59.4655991 -2.94334984 -2.39685011
59.5275497 -2.69752502 -2.38490009
59.4399986 -2.38070011 -2.41610003
59.5866013 -2.38380003 -2.38260007
59.4208984 -2.13689995 -2.44219995
59.4712982 -1.94719994 -2.44109988
59.4834976 -1.70723331 -2.43409991
59.4722328 -1.53489995 -2.44720006
59.5195999 -1.42429996 -1.04030001
59.4466019 -1.27384996 -2.45050001
59.5023003 -1.21300006 -0.868700027
59.4870987 -1.01750004 -2.4776001
59.4598007 -0.913900018 -2.50040007
59.4774513 -0.732150018 -2.4828999
59.5438499 -0.542649984 -2.47800016
59.5538025 -0.301466674 -2.49163342
59.7169991 -19.8864994 1.2313
59.6865997 -19.8150005 1.52419996
59.7293015 -19.7737007 -1.61450005
59.676651 -19.6722507 1.54189992
59.707901 -19.4743996 -1.67289996
59.6626015 -19.2219009 -1.61950004
59.6585007 -19.2093506 0.907050014
59.7246666 -19.3169994 1.57073331
59.6572495 -19.3271484 1.63325
59.737999 -19.0557995 -1.66579998
59.6223984 -19.0657997 0.952600002
59.7146187 -19.0808201 1.05507994
59.6986465 -18.8815994 1.03259993
59.6374016 -18.7096004 0.761699975
59.6623993 -18.6005001 0.965499997
59.7446976 -18.6963501 1.05610001
59.7795982 -18.6002998 1.51209998
59.7897987 -18.4701996 -1.70480001
59.6817513 -18.4958344 0.933566689
59.6081009 -18.4470005 1.02059996
59.7004318 -18.3168335 0.699499965
59.6530495 -18.3418751 0.878749967
59.6123009 -18.2768993 1.48710001
59.7784996 -18.1741009 -1.71969998
59.6951752 -18.1479492 0.846174955
59.7222977 -18.1109009 1.54945004
59.7630997 -17.8852005 -1.64849997
59.7117004 -17.8749504 1.46654999
59.799099 -17.7444 -1.61409998
59.6990814 -17.7169609 0.882640004
59.6184998 -17.6018009 1.26730001
59.6767502 -17.7529507 1.44809997
59.6011009 -17.6476994 1.72880006
59.6242981 -17.5699005 0.97299999
59.7536125 -17.4955139 1.09521425
59.6793785 -17.4892807 1.30102003
59.6837769 -17.5265999 1.50417495
59.7425003 -17.507 1.68260002
59.7019005 -17.3341007 -1.21580005
59.7910995 -17.2635002 -1.13639998
59.7602997 -17.2567005 -0.989700019
59.6749992 -17.3957996 1.11670005
59.6693993 -17.2975006 1.20000005
59.769001 -17.3092003 1.50129998
59.7767487 -17.3134995 1.63174999
59.7170982 -17.1581001 1.53559995
59.7310486 -16.7012501 -1.75440001
59.7078018 -16.1846008 -1.8046
59.7144012 -15.9271002 -1.81040001
59.6688995 -15.6568003 -1.79330003
59.7399521 -15.3028002 -1.81605005
59.6423988 -14.6608 -1.85239995
59.7501984 -14.3837004 -1.83759999
59.6026993 -13.7336998 -1.89409995
59.6078987 -13.4657001 -1.93069994
59.6916008 -13.4566002 -1.79400003
59.7406998 -13.3028507 -1.90199995
59.6855011 -12.4626999 -1.93760002
59.7130356 -12.3317337 -2.02020001
59.7006989 -12.2506504 -1.95574999
59.6834488 -12.1541004 -2.02130008
59.6130981 -12.1143494 -1.99234998
59.7136993 -11.9299002 -1.99389994
59.7911987 -11.7944002 -2.08870006
59.6996002 -11.4961996 -2.01530004
59.7700005 -11.0169001 -2.04629993
59.6763 -10.8871002 -2.07270002
59.7355003 -10.6661997 -2.11560011
59.6663017 -10.5572996 -2.1091001
59.6796989 -10.3280001 -2.11660004
59.7611504 -10.1089497 -2.07989979
59.7723999 -9.69059944 -2.10284996
59.6892014 -9.49060059 -2.08699989
59.7682991 -9.20429993 -2.06550002
59.7094994 -9.07699966 -2.13919997
59.6351013 -8.51434994 -2.12995005
59.7961998 -8.31060028 -2.19330001
59.6621475 -8.10550022 -2.15350008
59.6380005 -7.93930006 -2.20020008
59.7122993 -7.8993001 -2.19309998
59.71595 -7.4453001 -2.22484994
59.716465 -7.52683353 -2.16186666
59.6585999 -7.36159992 -2.20090008
59.6945 -6.87179995 -2.24090004
59.6897011 -6.5296998 -2.23839998
59.714653 -6.33820009 -2.2656498
59.6108475 -5.91435003 -2.26410007
59.7462502 -5.30179977 -2.29409981
59.7738991 -5.00299978 -2.31609988
59.7560997 -4.54829979 -2.3348
59.6371994 -4.32800007 -2.32669997
59.7731018 -4.03130007 -2.37700009
59.7220001 -3.9463501 -2.35325003
59.6637993 -3.68449998 -2.35885
59.7133484 -3.05644989 -2.37345004
59.7859993 -2.81850004 -2.41170001
59.6932526 -2.93589997 -2.38269997
59.7490005 -2.67519999 -2.41330004
59.6923523 -2.50469995 -2.41254997
59.7299995 -2.4216001 -2.39660001
59.6457977 -2.29399991 -2.42685008
59.6080017 -2.023 -2.41170001
59.6702003 -1.94113338 -2.43296671
59.7701988 -1.74440002 -2.45020008
59.6683998 -1.53734994 -2.45359993
59.7275009 -1.52639997 -1.04400003
59.6504517 -1.2581501 -2.46644998
59.6787987 -1.227 -0.80369997
59.6287994 -1.15460002 -2.45020008
59.7639008 -0.865100026 -2.46659994
59.6721992 -0.763999999 -2.48769999
59.7056313 -0.477400005 -2.50349998
59.8959999 -19.9894009 1.12549996
59.8891792 -19.9405594 1.32376003
59.9132347 -19.9111996 1.52593338
59.8854752 -19.7056007 1.26714993
59.8801003 -19.7108498 1.52974999
59.9292984 -19.4099998 1.18200004
59.9426003 -19.4797001 1.24536669
59.9312515 -19.3566513 -1.67229998
59.8571663 -19.2930336 1.1347667
59.9229012 -19.3103333 1.23213339
59.9138336 -19.3028336 1.52700007
59.8264999 -19.0384998 0.984799981
59.9042015 -19.0931511 1.15970004
59.9217987 -19.0121994 1.20389998
59.8951759 -19.1385746 1.52865005
59.9213028 -18.8848 -1.69840002
59.8770485 -18.8997993 1.11570001
59.9139481 -18.8527489 1.34774995
59.9655991 -18.9874001 1.41960001
59.9247742 -18.6789494 1.10837495
59.8945999 -18.6497993 1.52499998
59.8520012 -18.5874996 -1.72099996
59.8936501 -18.5832996 1.12779999
59.9109993 -18.5571995 1.59920001
59.9759979 -18.2584 -1.65900004
59.8535004 -18.3083 0.970600009
59.9673004 -18.2984009 1.02540004
59.9878006 -18.0813007 -1.60679996
59.8866997 -18.0781994 -1.25259995
59.8195 -18.1462002 -1.02550006
59.8274994 -18.0319004 -0.792999983
59.9934006 -18.0515995 -0.0899000019
59.9458504 -18.0945511 0.953050017
59.8730011 -18.0323009 1.03480005
59.9726982 -18.0454998 1.55330002
59.8064003 -17.9363995 -1.33920002
59.8414993 -17.9083996 -1.0898
59.8149986 -17.9584999 -0.729099989
59.8302994 -17.8850994 -0.414400011
59.8134003 -17.9692001 -0.169799998
59.9101334 -17.8976669 0.968699992
59.9679985 -17.9923 1.59930003
59.8981018 -17.7182999 -0.194100007
59.9415016 -17.7052994 0.738200009
59.9151001 -17.6840324 0.909600019
59.9206505 -17.7192669 1.12228334
59.9538994 -17.7168007 1.35749996
59.9151802 -17.6920795 1.52970004
59.8809013 -17.7257004 1.64429998
59.9762001 -17.4221001 -1.65310001
59.9510002 -17.5620995 0.818599999
59.8474503 -17.5694504 1.13559997
59.8683662 -17.531332 1.36293328
59.9147186 -17.4839401 1.50621998
59.9561005 -17.4039001 1.6006
59.9256516 -17.2654991 -1.65485001
59.9142151 -17.2490158 -1.51110005
59.8866005 -17.2127666 -1.28260005
59.9566994 -17.2028008 -1.05719995
59.9291992 -17.2790489 -0.920700014
59.8679504 -17.355751 -0.669350028
59.8101006 -17.2257996 -0.3495
59.9544983 -17.2867012 1.54145002
59.8405991 -17.3712997 1.73080003
59.8296509 -17.3106499 1.86855006
59.8443985 -17.0881996 -1.62740004
59.9800987 -17.1973 -1.42180002
59.8711014 -17.1998997 -1.16139996
59.9462509 -17.1664505 -0.951849997
59.8863983 -17.1735992 -0.743499994
59.9770012 -17.1800995 -0.458499998
59.931675 -17.1690502 -0.312050015
59.8139 -17.1791 -0.176699996
59.9627991 -16.8892994 -1.73529994
59.8647003 -16.4514008 -1.83089995
59.910553 -16.4712486 -1.76104999
59.9397011 -15.8979998 -1.79009998
59.9548988 -15.6996002 -1.79100001
59.8367996 -15.2089996 -1.83780003
59.8712997 -14.8576002 -1.84650004
59.8728981 -14.4916 -1.88540006
59.8564987 -14.3493996 -1.83770001
59.9029999 -14.1534004 -1.85829997
59.8087006 -12.8488998 -1.93840003
59.9276009 -12.6894999 -1.95015001
59.9505997 -12.455533 -2.02636671
59.8087006 -12.3569002 -2.01839995
59.8630981 -12.3633499 -1.97219992
59.9808006 -11.4672003 -2.05789995
59.8958015 -11.4342003 -1.98080003
59.8666992 -11.2372999 -2.0539999
59.9505997 -11.1589003 -2.04780006
59.9116974 -10.7304993 -2.06815004
59.8883018 -10.4993 -2.08049989
59.9589996 -9.96049976 -2.11310005
59.9062004 -9.36410046 -2.12024999
59.8382988 -9.01879978 -2.1565001
59.9975014 -8.86979961 -2.13549995
59.9700012 -8.78730011 -2.14439988
59.8969498 -8.57909966 -2.13875008
59.9204483 -8.36124992 -2.22830009
59.8687515 -8.14760017 -2.18099999
59.9178009 -7.79110003 -2.17199993
59.9097519 -7.54209995 -2.21674991
59.9157982 -7.10909986 -2.25679994
59.8849487 -6.90939999 -2.23119998
59.9000511 -6.75329971 -2.25939989
59.9513512 -6.30894995 -2.25430012
59.850132 -6.12756681 -2.29016662
59.9715004 -5.88660002 -2.27719998
59.9333 -5.1187501 -2.32730007
59.8514481 -4.91900015 -2.30014992
59.8535004 -4.50244999 -2.34404993
59.8972015 -4.30894995 -2.3438499
59.8428497 -3.76765013 -2.36514997
59.8834991 -3.5007 -2.37164998
59.9805984 -3.36100006 -2.3836
59.800499 -2.84260011 -2.40440011
59.9193497 -2.57835007 -2.40190005
59.9849014 -2.28839993 -2.45409989
59.9384232 -2.10485005 -2.43949986
59.9477005 -1.65999997 -2.46880007
59.9952011 -1.59159994 -2.45479989
59.9343987 -1.58159995 -1.06630003
59.8539505 -1.48605001 -0.882449985
59.9500504 -1.13339996 -2.47669983
59.9085999 -0.912299991 -2.48140001
59.9050674 -0.724300027 -2.49390006
59.8991661 -0.301333338 -2.50283337
59.9407997 -0.0793000013 -2.51189995
