# .PCD v0.7 - Point Cloud Data file format
VERSION 0.7
FIELDS x y z
SIZE 4 4 4
TYPE F F F
COUNT 1 1 1
WIDTH 14204
HEIGHT 1
VIEWPOINT 0 0 0 1 0 0 0
POINTS 14204
DATA ascii
40.1399994 -28.0643997 1.91279995
40.0178986 -27.8080006 4.79610014
40.0107994 -27.8775997 6.14729977
40.0270996 -27.7661991 4.06470013
40.1643982 -27.6725006 4.36609983
40.1005478 -27.780201 4.4677
40.0833015 -27.7133999 4.9066
40.1559982 -27.6912994 5.0710001
40.1791 -27.7168999 5.27670002
40.1571655 -27.7147331 5.52460003
40.0185013 -27.7296009 5.7020998
40.0418663 -27.7259674 5.87416649
40.1277008 -27.6578007 6.86850023
40.0920486 -27.6227989 7.14645004
40.0467987 -27.6504002 7.4545002
40.0997505 -27.6577492 7.91680002
40.1124496 -27.6688995 8.04229927
40.1913986 -27.7119999 8.42819977
40.1332016 -27.7528 8.67809963
40.1211014 -27.6112003 9.07419968
40.1485977 -27.6298008 10.5265999
40.1481018 -27.5428009 6.76539993
40.1851997 -27.4964008 7.05039978
40.0489998 -27.5627995 7.45539999
40.1635017 -27.5471001 7.83290005
40.1030998 -27.5625992 8.31209946
40.0346985 -27.5018005 8.57310009
40.0870018 -27.5748997 8.9034996
40.0951004 -27.4674492 10.9534998
40.032299 -27.5324001 11.0572996
40.1216011 -27.5032997 11.4787502
40.1422005 -27.3903999 11.6358995
40.1811981 -27.2208996 11.9965
40.0750999 -25.9211006 0.463400006
40.1105995 -25.8561497 1.92234993
40.0440979 -25.844799 2.10500002
40.172699 -25.9449005 2.79299998
40.1442986 -25.9605999 2.90969992
40.1133003 -25.7453003 1.76559997
40.0709 -25.7803497 2.00685
40.0070992 -25.7514992 2.74790001
40.0974007 -25.7842999 3.14409995
40.1227989 -25.6490993 3.47930002
40.3158989 -27.8421001 4.71369982
40.2518997 -27.8097992 4.93970013
40.3277016 -27.8456001 5.51919985
40.3375015 -27.8701992 5.63910007
40.3515015 -27.6497993 4.39309978
40.3539009 -27.6655006 4.41480017
40.2098999 -27.7068005 4.95219994
40.3619995 -27.6548004 5.33150005
40.2849007 -27.7766991 5.78410006
40.3347015 -27.7411995 5.83659983
40.2700996 -27.7453003 6.1789999
40.3569984 -27.7420998 6.66829967
40.3046989 -27.6707001 7.38079977
40.2790337 -27.6336002 7.53743315
40.2523994 -27.7861004 7.74599981
40.2547989 -27.6933002 7.82690001
40.2608986 -27.6128006 8.12559986
40.2310982 -27.6186008 8.99170017
40.3530998 -27.7761002 9.69820023
40.2922974 -27.6512489 11.4960499
40.2804985 -27.5557003 7.29239988
40.3722992 -27.5950508 7.55359983
40.3422012 -27.5242996 7.96780014
40.2650681 -27.5012321 8.50046635
40.3031998 -27.4664993 8.78289986
40.2762985 -27.5482998 8.90310001
40.3410988 -27.5629005 9.02719975
40.3539009 -27.4657001 10.7299004
40.3728981 -27.5230007 10.835
40.3959007 -27.5097008 11.0139999
40.2615013 -27.5014992 11.2489996
40.3414001 -27.4563007 11.4491997
40.3042984 -27.4293003 11.74545
40.3799515 -26.7423496 11.8246002
40.2680016 -26.0545006 1.66900003
40.2182999 -26.0816994 2.06960011
40.2825012 -25.9971008 0.975600004
40.2587013 -25.9053001 1.98249996
40.3391991 -25.8535995 2.11409998
40.285347 -25.9478989 2.2342
40.2952995 -25.9524994 2.52929997
40.269249 -25.9146996 2.67054987
40.3255005 -25.8507004 3.00880003
40.3549995 -25.8528996 3.32529998
40.3819008 -25.7879009 2.72049999
40.3354988 -25.7894001 3.18790007
40.2308998 -25.7765007 3.38179994
40.5299988 -35.1333008 2.04399991
40.4989014 -28.0896988 4.84920025
40.5036011 -28.1077995 5.60459995
40.4370995 -27.9531994 5.01200008
40.5119019 -27.9452496 5.52729988
40.4319992 -27.9505997 5.75790024
40.4755478 -27.9095993 6.46650028
40.4714012 -27.8448009 8.8902998
40.4939003 -27.8997993 9.5156002
40.5866013 -27.8192997 9.94069958
40.475399 -27.8572006 10.4912996
40.4314003 -27.7597008 3.98320007
40.5528984 -27.7931004 4.09929991
40.5028992 -27.7814007 4.31759977
40.4464989 -27.6389999 4.48649979
40.5222015 -27.7439003 4.60510015
40.5535011 -27.7752991 4.94579983
40.5503998 -27.7122002 5.70340014
40.5191994 -27.7397995 5.88999987
40.5242996 -27.7908993 6.07110023
40.5276489 -27.6923485 6.56085014
40.4188004 -27.6555672 7.25443316
40.4527016 -27.6487007 7.9685998
40.5932007 -27.7283993 8.42430019
40.5859985 -27.6490993 9.20489979
40.528801 -27.6191006 10.2763996
40.5996017 -27.7262001 10.9491997
40.453598 -27.5376511 6.74314976
40.5185013 -27.5370998 7.62820005
40.5816994 -27.5293007 7.8670001
40.4906502 -27.5105495 10.7685003
40.4561996 -27.5984993 11.0806999
40.5985985 -27.4109993 11.8261995
40.4133987 -27.3831005 10.9511003
40.5653992 -27.3948002 11.3233995
40.476799 -27.1837997 11.8381996
40.5069008 -25.8598003 2.11954999
40.533699 -25.9969006 2.26110005
40.5598984 -25.8994999 2.41009998
40.4053001 -25.8644009 2.71639991
40.4113007 -25.9570999 2.83019996
40.5192986 -25.7581005 0.887199998
40.524601 -25.7259007 1.96659994
40.6008987 -27.8187008 5.00759983
40.7526016 -27.8624992 5.64830017
40.6803017 -27.8666 6.00390005
40.7356987 -27.8509007 6.66590023
40.6668015 -27.9766006 6.88430023
40.7803001 -27.9025002 7.25360012
40.6077003 -27.8152008 7.47060013
40.7143478 -27.7754002 4.31075001
40.6225014 -27.6616001 4.56860018
40.6096992 -27.7630005 4.73019981
40.7258987 -27.7138996 6.17269993
40.7157974 -27.70825 6.37565041
40.7639008 -27.6494999 6.59049988
40.7402 -27.6252003 6.84770012
40.7641487 -27.6916008 7.30344963
40.6397476 -27.6329994 7.68184996
40.6884003 -27.6046009 8.23630047
40.6445007 -27.6947994 8.42440033
40.6179008 -27.7518997 10.6850004
40.7130013 -27.6802006 11.0249004
40.6800003 -27.5373001 7.12179995
40.6843987 -27.5452003 7.51749992
40.6346016 -27.5522995 7.79879999
40.6197014 -27.5702 7.99800014
40.7500992 -27.5676994 8.21580029
40.6567001 -27.5907001 10.3570004
40.6609001 -27.4580994 11.7179003
40.6506996 -26.6653996 11.3497
40.7932014 -26.5727997 11.7200003
40.7980995 -26.5886002 11.8219004
40.7270012 -25.9824009 0.92809999
40.7036018 -25.9361 2.44289994
40.678833 -25.907032 3.05386662
40.6668015 -25.9043007 3.27110004
40.6613998 -25.7605991 2.98629999
40.6481018 -25.7721004 3.18939996
40.7447014 -25.7399006 3.29360008
40.8633995 -35.1987 1.84590006
40.8212013 -28.0305996 1.58940005
40.9631996 -27.8204994 5.40490007
40.9568481 -27.8724003 6.10430002
40.9662018 -27.8735008 9.71619987
40.9283981 -27.8887005 9.95580006
40.9289017 -27.7243996 4.21670008
40.975399 -27.781601 5.28219986
40.9247017 -27.7968006 5.5946002
40.9358521 -27.7195511 5.69330025
40.8706512 -27.6595497 6.0475502
40.9939995 -27.7362995 6.29339981
40.9133682 -27.6805 6.49373341
40.9948997 -27.6299 6.71850014
40.9382019 -27.6620007 6.81360006
40.8536987 -27.6695004 7.13089991
40.9310989 -27.6498508 7.49674988
40.9446983 -27.7670994 7.63189983
40.8918991 -27.6509991 7.9763999
40.8995018 -27.7145996 9.19050026
40.903801 -27.7047997 10.3850002
40.9039001 -27.6991005 10.618
40.9051971 -27.6289005 11.1008501
40.8502998 -27.5839996 6.83230019
40.8507996 -27.5608997 7.54869986
40.8180504 -27.5714493 7.95709991
40.9926987 -27.4726009 8.05510044
40.9715996 -27.5781994 8.51760006
40.9667015 -27.5133991 8.95899963
40.8300018 -27.5104008 11.0567999
40.9814987 -27.5618992 11.6763
40.9547997 -27.3929005 10.8663998
40.8249016 -27.3623009 11.5059996
40.8571014 -27.3148994 11.6370001
40.963501 -27.0776005 11.3906002
40.8922997 -26.8297997 11.7349997
40.9342003 -26.4619007 11.7041998
40.9305 -25.8771 1.73074996
40.8377991 -25.8689003 1.96210003
40.8452988 -25.9724998 2.53329992
40.8386002 -25.8059006 2.7980001
40.9271011 -25.9817009 2.90210009
40.9670982 -25.7679005 3.29690003
41.0690994 -27.8230991 3.7262001
41.1353989 -27.8535995 5.00470018
41.0839005 -27.8794994 5.68540001
41.0844002 -27.8533001 7.20930004
41.0183983 -27.8980007 9.67800045
41.0820007 -27.7602501 4.51485014
41.1152 -27.7989998 4.72249985
41.1865997 -27.7042007 5.03469992
41.1610985 -27.6140003 5.99139977
41.1458015 -27.7255001 6.13870001
41.0326004 -27.7381001 6.32660007
41.1119003 -27.7677994 6.52649975
41.0915985 -27.6123009 6.74770021
41.1088028 -27.7286987 7.14429998
41.1901016 -27.7593002 7.67129993
41.1501999 -27.6014996 8.00150013
41.1847 -27.6949997 9.65670013
41.0379982 -27.7637997 10.5053997
41.1307983 -27.6058006 11.2976999
41.1623993 -27.5611 6.69525003
41.1930008 -27.5568008 6.83209991
41.1922989 -27.5485001 7.72790003
41.0130005 -27.566 7.8427
41.0631027 -27.5226002 8.49100018
41.1786003 -27.5170002 8.80370045
41.085701 -27.5951004 9.17529964
41.1394005 -27.4375 10.6750002
41.1036491 -27.4560013 10.9156494
41.1931 -27.5809002 11.0892
41.0211983 -27.5697002 11.2595997
41.1041489 -27.4705505 11.5797005
41.1562996 -27.3558006 11.5944996
41.0531998 -27.2493 11.7786999
41.0956993 -27.0181999 11.9245005
41.1352005 -27.1368999 12.0559998
41.1674995 -26.9139004 11.5899
41.0231018 -26.6553993 11.8829002
41.0933495 -26.4867516 11.8976002
41.0060997 -25.9839993 -0.810599983
41.1590004 -25.8395004 0.487100005
41.0373993 -25.8843002 0.864600003
41.0443993 -25.9148998 1.28040004
41.1104012 -25.8428001 1.68120003
41.0619011 -25.8269005 2.08864999
41.1034012 -25.9400997 2.30275011
41.0917511 -25.9388008 2.48425007
41.0271988 -25.9619007 3.02200007
41.1585999 -25.7905006 1.43840003
41.1958008 -25.7933006 2.85339999
41.1576996 -25.7784004 3.09689999
41.0359001 -25.6924 3.30780005
41.3608017 -27.8250999 5.68209982
41.3634491 -27.7701492 4.56739998
41.2893982 -27.6842995 4.75600004
41.3978004 -27.7563992 4.88399982
41.2627983 -27.6254005 5.11509991
41.2753525 -27.6446991 5.3604002
41.3334999 -27.6657677 5.49280024
41.3696518 -27.6891003 5.90460014
41.2940979 -27.6523018 6.04434967
41.387001 -27.7301006 6.39489985
41.2064018 -27.6781998 6.53599977
41.2831497 -27.65975 6.90499973
41.2592659 -27.6812992 7.49873352
41.3936996 -27.7789001 7.7579999
41.3356018 -27.7565994 8.12709999
41.2616005 -27.6672001 8.69834995
41.2313004 -27.6940002 8.8100996
41.2820511 -27.6395988 9.28950024
41.3997002 -27.6961002 10.5667
41.2140007 -27.5611992 6.06290007
41.2980995 -27.5137005 6.82600021
41.3628998 -27.5351009 7.01319981
41.3202019 -27.5596008 7.71369982
41.3135986 -27.5349007 7.82159996
41.2947998 -27.4958 8.12030029
41.3370018 -27.5727997 8.33150005
41.2298012 -27.5289001 8.57769966
41.3638496 -27.5310497 9.91609955
41.3493004 -27.5596008 10.9467001
41.3540001 -27.4983006 11.3697004
41.2447662 -27.4821663 11.5670671
41.3835526 -27.2877007 11.7227497
41.3363991 -26.0179996 0.988499999
41.3830986 -26.0643997 1.61380005
41.3068008 -25.9594002 0.607900023
41.2047005 -25.9225998 1.57459998
41.3011017 -25.8376007 1.99100006
41.2807007 -25.8414497 2.18044996
41.2522011 -25.8711338 2.32236671
41.2858238 -25.8624001 2.51415014
41.3030014 -25.9228001 2.77920008
41.3386002 -25.8239002 3.21339989
41.2150993 -25.7903996 1.87310004
41.3068008 -25.7142506 3.31869984
41.3750992 -25.6923008 3.48090005
41.5013008 -27.9853992 1.64670002
41.5183029 -27.8441505 5.09579992
41.4673004 -27.8365002 6.10489988
41.527401 -27.8297997 6.40380001
41.4817963 -27.7315998 4.29839993
41.4350967 -27.6983986 4.52559996
41.5597496 -27.6832504 4.68254995
41.5918007 -27.7905998 4.8441
41.5273018 -27.6226997 5.18050003
41.5708008 -27.6455002 5.25250006
41.4026985 -27.7208004 5.45219994
41.4992981 -27.732275 5.89760017
41.5616531 -27.6558495 6.47704983
41.5821533 -27.6856003 6.72585011
41.4356995 -27.6140995 7.26469994
41.4772987 -27.7089996 8.08119965
41.5315514 -27.6790504 8.26395035
41.4365997 -27.6018009 8.92689991
41.5269012 -27.6376991 9.79699993
41.4267006 -27.5874004 5.97949982
41.5442009 -27.5489006 6.51249981
41.4556999 -27.5725002 6.79510021
41.4252014 -27.5869999 6.96239996
41.4090004 -27.5277996 7.2677002
41.4658012 -27.5321999 7.5027504
41.5974998 -27.5760002 8.05529976
41.5522995 -27.4888992 8.90680027
41.4080009 -27.5718994 9.07129955
41.4622002 -27.5095005 10.5010004
41.4878006 -27.5480995 11.1252337
41.4583015 -27.4050999 11.3985996
41.5368004 -27.4703999 11.4382496
41.5353012 -27.3925991 11.2778997
41.5203018 -25.8814011 2.13774991
41.5542984 -25.9152985 2.43260002
41.5303993 -25.9736004 2.6099
41.4057007 -25.8757 3.08200002
41.417099 -25.7707996 2.44239998
41.4222984 -25.7087002 2.80999994
41.4813004 -25.7078991 3.2033
41.6311989 -27.8565998 1.81519997
41.7355995 -27.7355003 4.22669983
41.7038994 -27.6984005 4.58650017
41.6715012 -27.6406002 4.73820019
41.7963982 -27.7068005 4.91239977
41.6958008 -27.6581497 5.10690022
41.6948013 -27.6035995 5.21019983
41.7845001 -27.6310005 5.62179995
41.6945 -27.6602001 5.98210001
41.7311478 -27.7532005 6.16324997
41.7351494 -27.65205 6.52390003
41.6612015 -27.6320992 6.90369987
41.6988983 -27.6574001 7.05679989
41.7719002 -27.6601009 7.34679985
41.6791 -27.7345505 7.48804998
41.6325989 -27.7298508 7.72539997
41.6626015 -27.6187 7.94659996
41.6824989 -27.6833992 8.24499989
41.6200981 -27.6140003 8.55780029
41.6722984 -27.7446995 9.70069981
41.7099495 -27.6877003 9.89599991
41.7751007 -27.7126007 10.0959997
41.7089005 -27.7262993 10.2812004
41.7552986 -27.6222 10.4666996
41.6250992 -27.5823994 5.98759985
41.669899 -27.5368996 6.18849993
41.6285019 -27.5359993 6.43949986
41.6972008 -27.5921993 6.99970007
41.7108994 -27.5765991 7.14870024
41.7475014 -27.5200005 8.18470001
41.7919006 -27.5443993 8.39729977
41.7601013 -27.4144993 8.67329979
41.6911507 -27.4902496 9.10639954
41.6772995 -27.4902 9.30756664
41.7054977 -27.4883003 9.53610039
41.6175995 -27.4384995 9.63619995
41.6427002 -27.4372005 9.89239979
41.7807007 -27.4953995 10.4512997
41.6910019 -27.5086498 10.6560993
41.7340012 -27.5653 11.0560999
41.7426987 -27.4941006 11.5455999
41.6015015 -27.5337009 11.6695004
41.7296982 -27.3938999 10.9168997
41.7854996 -27.2945995 11.6834002
41.651001 -27.0340996 11.8856001
41.7510986 -26.4118004 12.3339005
41.6357002 -26.3871002 12.0799999
41.7226982 -26.1205006 0.335999995
41.6729012 -26.0837994 3.49429989
41.7360992 -26.0172005 4.02780008
41.7402 -25.9848003 0.648999989
41.6789513 -25.9281502 2.10304999
41.6548996 -25.9524326 2.51629996
41.7840004 -25.8325996 2.98270011
41.6562996 -25.7615509 3.12580013
41.6575012 -25.7254009 3.39280009
41.9306984 -27.8276005 5.81339979
41.8060989 -27.9055996 6.08599997
41.8409004 -27.8178005 9.32019997
41.9875984 -27.6975994 4.70790005
41.9266014 -27.7007675 4.86429977
41.8021011 -27.7497997 5.04899979
41.8810501 -27.687149 5.32299995
41.9365997 -27.7222996 6.14756632
41.9459 -27.6513996 6.30970001
41.9712486 -27.7557507 7.29339981
41.8916016 -27.6075001 7.75119972
41.8586006 -27.6677742 7.85827494
41.8109016 -27.7236004 8.20890045
41.8134995 -27.6086998 8.79249954
41.9289017 -27.7359009 9.2652998
41.8562012 -27.7029991 9.90089989
41.8484001 -27.7092991 10.2953997
41.969799 -27.6175003 10.4741001
41.9781494 -27.6606998 10.9326496
41.9370995 -27.5377998 5.24830008
41.8918991 -27.5886993 6.44369984
41.9057999 -27.53895 6.63755035
41.8809509 -27.5047989 7.93945026
41.8509979 -27.5100994 8.25854969
41.9617996 -27.5324993 8.68889999
41.9389 -27.5611 8.91180038
41.8993988 -27.5396004 9.43610001
41.8554001 -27.4416008 9.79749966
41.9229012 -27.5028992 10.7351999
41.9466019 -27.5825996 11.0304003
41.8250999 -27.4130001 11.3163996
41.8734016 -27.5625992 11.4183998
41.956501 -26.7063007 12.5654001
41.8652 -26.3057003 11.8783998
41.9393005 -25.9216995 2.14420009
41.8370018 -25.9342003 2.29469991
41.9986 -25.9099998 2.57220006
41.9762001 -25.9477997 2.71009994
41.9187012 -25.9682007 3.03839993
41.9931984 -25.8034 3.29419994
41.9656982 -25.7542992 2.11870003
41.9705009 -25.6959991 3.2901001
42.0760994 -27.8880005 4.72240019
42.1716003 -27.8533993 5.05779982
42.0690002 -27.8610001 5.99100018
42.0349007 -27.8593998 6.01380014
42.0876007 -27.8129005 6.43279982
42.1150017 -27.7782993 4.73920012
42.0957985 -27.6906338 4.85703325
42.1627502 -27.6814995 5.11009979
42.111351 -27.6585999 5.5088501
42.0772018 -27.7227001 5.68130016
42.1159325 -27.7261333 6.09926653
42.1528015 -27.6049995 6.36999989
42.1535988 -27.6159992 6.47349977
42.1894989 -27.6128998 6.6704998
42.1287003 -27.7966995 6.94990015
42.1596985 -27.6926994 7.55389977
42.1055984 -27.6515999 7.72919989
42.1190987 -27.7001324 8.15670013
42.1257019 -27.6124001 8.9144001
42.0625 -27.6784992 9.32439995
42.1535988 -27.6012993 9.68130016
42.1772003 -27.6270008 10.2739
42.085701 -27.6231003 10.4036999
42.0497017 -27.6849003 11.6000996
42.1629982 -27.5422993 5.76639986
42.1150513 -27.5647507 6.91870022
42.1848526 -27.5755501 7.06529999
42.1232986 -27.5618248 7.48382521
42.0545998 -27.4869995 7.86899996
42.0432014 -27.5557995 8.16230011
42.1041985 -27.5958004 8.23799992
42.1408997 -27.5457993 9.42140007
42.1139984 -27.4039993 10.1013002
42.0982513 -27.5774498 10.5442505
42.0982018 -27.5168991 11.0686998
42.1506004 -27.4256001 11.4729996
42.0037994 -27.3992004 11.7704
42.1579018 -27.1068001 11.7632999
42.1753998 -26.9974995 11.7344999
42.1924019 -26.1264992 3.84910011
42.1831017 -25.9011993 1.70819998
42.0279007 -25.9267006 2.15470004
42.0681 -25.8726997 2.26719999
42.1969986 -25.9179001 2.71099997
42.0531006 -25.8465996 2.97119999
42.1851997 -25.9197998 3.0553
42.023201 -25.8223991 3.59369993
42.0753479 -25.7923012 3.08430004
42.0139999 -25.7332993 3.23130012
42.3363991 -27.8463993 4.58039999
42.2106018 -27.8339996 4.88719988
42.321701 -27.9132996 5.97170019
42.3158989 -27.66045 4.90515041
42.277401 -27.7173328 5.07310009
42.3296013 -27.7124004 5.22900009
42.322052 -27.6634502 5.48702526
42.2868996 -27.6798 5.73029995
42.3928986 -27.7448997 6.35809994
42.2582474 -27.6350994 6.42945004
42.2106018 -27.7108002 7.11749983
42.3196983 -27.7374992 7.3604002
42.2046013 -27.7532997 8.04510021
42.3973999 -27.7325001 9.67160034
42.3581009 -27.6646004 10.1887999
42.2761993 -27.6002007 10.5860004
42.2563019 -27.6105995 10.8902998
42.2289009 -27.6952 11.0944004
42.2450027 -27.6473999 11.5285492
42.3866005 -27.5736008 6.57369995
42.2943993 -27.5450993 7.23280001
42.3526001 -27.4519005 8.77709961
42.2248993 -27.5820007 9.13630009
42.3778 -27.4372997 9.76410007
42.3693008 -27.5335007 11.3151999
42.219101 -27.4183998 11.5572996
42.3152008 -27.5995998 11.6195002
42.2192001 -27.3488998 11.7203999
42.3619003 -26.9277 11.5284996
42.2603989 -26.0163002 2.10689998
42.3303986 -25.9701004 0.140200004
42.3127327 -25.8742008 1.45606661
42.2192993 -25.8031998 1.82669997
42.2815018 -25.8481998 2.10345006
42.2168999 -25.8610001 2.36590004
42.3096352 -25.9069328 2.47640014
42.2875519 -25.8452988 2.77259994
42.2755013 -25.8444996 3.13190007
42.292099 -25.7945995 1.46930003
42.2672997 -25.7763004 2.36610007
42.4421997 -28.0956993 1.58879995
42.5036011 -27.9109993 4.49669981
42.550251 -27.9239502 5.32224989
42.4496994 -27.7348995 4.6328001
42.4701004 -27.7320995 4.94859982
42.4755745 -27.7086258 5.13759995
42.520752 -27.6874008 5.28340006
42.541748 -27.7667007 5.51659966
42.4650345 -27.6855335 5.63180017
42.5478973 -27.6157494 5.88679981
42.4754982 -27.6690331 6.03936672
42.4942017 -27.6109009 6.53579998
42.5741997 -27.6602993 7.1802001
42.5824013 -27.6532001 7.52549982
42.4842987 -27.6527004 7.88700008
42.5281982 -27.6672993 8.26200008
42.5244522 -27.6471004 8.85409927
42.5228004 -27.6641998 9.61940002
42.5619507 -27.6973495 10.3448505
42.4468994 -27.6867008 10.7012997
42.5363007 -27.6622009 10.8864002
42.4877014 -27.6685009 11.3514996
42.5760994 -27.5986004 6.56920004
42.5993996 -27.5972004 6.98290014
42.5876007 -27.5653496 7.90939999
42.4908981 -27.5289993 8.40460014
42.4421997 -27.4826508 8.74360085
42.4056015 -27.4846992 8.94839954
42.5586014 -27.5986996 9.10400009
42.5340004 -27.4832993 9.79889965
42.5004997 -27.5569992 9.96350002
42.5460014 -27.5268002 10.7617331
42.4875488 -27.5288734 10.9188004
42.512001 -27.5569 11.0768995
42.4005013 -27.5937996 11.5510998
42.4206009 -26.8232994 11.8029003
42.5254974 -26.7164001 11.6828995
42.4211006 -25.8414001 1.80799997
42.574852 -25.9029503 2.07805014
42.4291992 -25.8523006 2.33130002
42.5317001 -25.8589993 2.48440003
42.5151978 -25.9598503 2.6875
42.459053 -25.8586998 2.92715001
42.5254517 -25.8526497 3.07054996
42.4480019 -25.7196007 2.4065001
42.4906998 -25.6650009 3.45370007
42.6195984 -27.9699001 1.25129998
42.6867676 -27.861599 4.73436689
42.610199 -27.8043003 4.92420006
42.6650009 -27.8456993 5.83890009
42.7419014 -27.8302994 6.89139986
42.7109985 -27.7317505 4.72165012
42.6332474 -27.7038994 4.87895012
42.6189003 -27.6594009 5.21360016
42.7247009 -27.6406002 5.55380011
42.7034988 -27.7637501 5.69519997
42.7473526 -27.7086506 5.93815041
42.7375488 -27.6791496 6.16425037
42.6424026 -27.7059498 6.21500015
42.6619492 -27.6463013 6.49760008
42.786499 -27.6546993 6.68209982
42.6523018 -27.6231995 7.09649992
42.6777 -27.7558002 7.7572999
42.6142998 -27.7280006 7.84940004
42.7383995 -27.7667007 8.08080006
42.6791 -27.6196003 8.77050018
42.6582336 -27.6377659 9.52903271
42.7826004 -27.6557999 9.83170033
42.6839981 -27.6475983 10.0572004
42.7033997 -27.5986004 5.01819992
42.7276993 -27.5916996 6.1868
42.7275009 -27.5816994 6.40810013
42.7299995 -27.5984993 7.00960016
42.7561989 -27.5746994 8.14939976
42.6394005 -27.5062008 8.4545002
42.6263008 -27.5671005 8.86429977
42.6964035 -27.4744987 9.90674973
42.6521988 -27.5615997 11.2159996
42.6403008 -27.4330006 11.6468
42.6444511 -26.766449 11.72575
42.7005005 -26.4193993 4.36409998
42.7949982 -26.0410995 4.03779984
42.735199 -25.9169998 1.33539999
42.6753006 -25.8089008 1.94239998
42.7804985 -25.9288006 2.05660009
42.743 -25.7602997 3.33529997
42.6599998 -25.7369995 3.4152
42.9277992 -27.8241997 4.74170017
42.8189011 -27.8370991 5.71670008
42.9179993 -27.8980007 6.37200022
42.8230019 -27.7296009 4.5781002
42.9052505 -27.6961498 4.81850004
42.8832016 -27.6786499 5.12135029
42.9403992 -27.7625999 5.25330019
42.8958511 -27.7623501 5.48400021
42.9298325 -27.6593342 5.75540018
42.8535995 -27.6651001 5.85579967
42.8585014 -27.6436996 6.18879986
42.9742012 -27.6942005 6.37979984
42.8748016 -27.7625999 6.63450003
42.9016991 -27.7334995 6.89839983
42.9459 -27.7705994 7.09600019
42.8569984 -27.6417007 7.34649992
42.8632011 -27.6938992 7.65180016
42.8871994 -27.6615009 8.31960011
42.9116974 -27.6537495 9.07474995
42.8731003 -27.6410007 9.6402998
42.9061012 -27.6056004 9.96549988
42.8956985 -27.6791 10.9178009
42.8014984 -27.6208 11.0084
42.8633003 -27.6236 11.5950003
42.8608017 -27.5736008 5.71929979
42.8007011 -27.5743999 6.3348999
42.8035011 -27.5902996 6.69859982
42.8169518 -27.5525513 7.3125
42.9192009 -27.5869007 7.60430002
42.9000015 -27.5876007 8.02169991
42.8731995 -27.4570007 8.88129997
42.9196014 -27.493 9.05930042
42.9097977 -27.5205994 9.87240028
42.8471527 -27.5188503 10.2973003
42.9798012 -27.4972 10.4081001
42.8534012 -27.4335995 11.1546001
42.8554001 -27.4584999 11.3220501
42.8574982 -27.4375992 11.5266504
42.9962997 -27.4088001 11.6774998
42.8153992 -27.4461994 11.8865004
42.8707008 -27.3910007 8.82260036
42.9522018 -27.3542995 11.6303997
42.8744011 -27.0389996 11.6719999
42.9928017 -26.4344997 4.23750019
42.8702011 -26.3950996 3.98939991
42.9287987 -26.3400993 4.10010004
42.8485985 -26.2810001 4.40759993
42.9656982 -26.0317001 2.39269996
42.9900017 -26.0925007 2.50740004
42.9562988 -25.9256001 1.88080001
42.8200989 -25.8700008 2.15059996
42.883934 -25.938633 2.4817667
42.9340515 -25.963501 2.68319988
42.832901 -25.8726006 2.82680011
42.9994011 -25.9416008 3.09459996
42.865799 -25.8726006 3.26699996
42.8688011 -25.7614498 3.30784988
42.9188004 -25.7824001 3.76370001
43.1062012 -27.8654499 4.70219994
43.1310997 -27.8442993 4.86219978
43.0498505 -27.8555489 5.01945019
43.1573982 -27.8769493 5.24154997
43.1001511 -27.8263512 5.4224
43.1534004 -27.8988495 5.73215008
43.1226006 -27.843401 5.94579983
43.1599998 -27.8694992 6.16769981
43.1321983 -27.7628002 5.2203002
43.1003342 -27.7479668 5.47630024
43.0723343 -27.7468662 5.90736675
43.1106682 -27.753067 6.07606649
43.1515007 -27.6998997 6.28560019
43.1177979 -27.6520004 6.53055
43.0117989 -27.6014996 6.64750004
43.1238022 -27.6536503 8.41125011
43.1744995 -27.7066002 8.71609974
43.0441017 -27.6769009 9.15890026
43.1475983 -27.6675491 9.51025009
43.0740509 -27.6419487 9.75444984
43.0628014 -27.6334 10.0079002
43.1166 -27.7099991 10.4425001
43.0181007 -27.6632996 10.7173996
43.0821991 -27.6254997 11.2786999
43.1116028 -27.5695992 6.27745008
43.0453987 -27.5452995 7.13859987
43.0870018 -27.5393009 7.26469994
43.1194 -27.5247993 7.57429981
43.0937004 -27.5195999 8.1456995
43.169899 -27.5344009 8.33370018
43.0378494 -27.5331497 8.49040031
43.0255013 -27.5984993 8.70940018
43.0998001 -27.5972004 10.0998001
43.110199 -27.4829006 10.5551004
43.1257324 -27.5036335 10.7420998
43.1855011 -27.4260006 10.9144001
43.0971985 -27.4258995 11.3718996
43.017601 -27.4225998 11.7912998
43.1445007 -26.8857994 11.6892004
43.0397987 -26.7679996 11.7891998
43.1699982 -26.4696999 11.4847002
43.0909004 -26.5363007 11.8045998
43.0377007 -26.3495007 4.20979977
43.0654984 -26.3820992 11.9326
43.1492004 -26.0172005 2.4618001
43.0973015 -26.0704994 2.6243
43.0965004 -25.9076004 1.57490003
43.1883011 -25.8967991 1.79900002
43.0909996 -25.9269333 2.29573321
43.0425987 -25.9729004 2.73869991
43.0014992 -25.8747997 2.80749989
43.0091019 -25.8360996 3.16630006
43.1064987 -25.9862995 3.68639994
43.0175018 -25.9605007 3.84209991
43.1069984 -25.7653008 2.83500004
43.1486015 -25.7772999 3.29290009
43.2773018 -27.9862003 1.47730005
43.3730011 -27.8514004 4.99240017
43.2575989 -27.8395004 5.57439995
43.2555008 -27.8796005 5.66365004
43.3166008 -27.8572006 5.90573311
43.322052 -27.8960495 6.12235022
43.3928986 -27.8959999 6.40350008
43.2246017 -27.8365002 6.70749998
43.3728981 -27.8897991 9.49559975
43.2265015 -27.8050003 9.62709999
43.3172989 -27.8999996 10.1880999
43.2971001 -27.8397999 10.4334002
43.2589989 -27.7353001 4.69089985
43.3148499 -27.6806488 5.10169983
43.2857018 -27.6893997 5.74100018
43.2216988 -27.7758007 6.2881999
43.2944031 -27.7137985 6.47424984
43.3939018 -27.6084003 6.8288002
43.3544006 -27.6903992 7.50199986
43.285099 -27.7663002 7.97599983
43.2635994 -27.6469002 8.25499916
43.3269997 -27.6772003 8.5600996
43.2868004 -27.7973995 9.13389969
43.210701 -27.6210995 9.94489956
43.3312988 -27.7884998 10.2650003
43.2083015 -27.6786003 10.5474997
43.2176018 -27.6207008 10.7282
43.2336998 -27.6525497 11.0923004
43.323101 -27.5779991 5.38530016
43.2933006 -27.5568008 6.47469997
43.2949982 -27.5883999 6.77950001
43.3953018 -27.5706997 8.33010006
43.2486992 -27.4783993 8.68190002
43.2043991 -27.5463009 9.68159962
43.3251495 -27.5186501 10.7126999
43.2048988 -27.5387001 10.8525
43.2599983 -27.4409008 11.1505003
43.3394012 -27.5608997 11.559
43.3142014 -27.2947006 11.4372997
43.2615013 -27.2486992 11.8333998
43.3106995 -26.6497002 11.7336998
43.3432007 -26.4001007 11.8915005
43.2103004 -25.8017006 0.645900011
43.3558006 -25.9248505 1.47184992
43.3099976 -25.8619003 1.97440004
43.3097992 -25.9703999 2.97889996
43.3287506 -25.7701492 3.27160001
43.5555 -27.8838005 5.59369993
43.4162521 -27.9080009 5.68155003
43.5133018 -27.8486004 6.12659979
43.4606018 -27.8003006 6.2736001
43.455101 -27.8497009 8.73810005
43.5236015 -27.7605991 4.68720007
43.530899 -27.7377338 5.7013998
43.5387993 -27.6966 5.89629984
43.5547981 -27.7420006 6.3270998
43.5564995 -27.7339993 6.59910011
43.4721985 -27.6452999 6.61299992
43.4802475 -27.7001991 6.95374966
43.4955521 -27.6911507 7.09230042
43.5514526 -27.6201 7.34284973
43.4306984 -27.6082001 7.69560003
43.4804001 -27.7133999 8.22990036
43.478199 -27.6522999 8.42259979
43.5055008 -27.6394005 8.98880005
43.5321999 -27.6166 10.4343996
43.5399017 -27.6826992 10.9598999
43.4903488 -27.666851 11.28195
43.5021019 -27.6154995 11.7540998
43.5732002 -27.5842991 6.13079977
43.5680008 -27.5559998 6.89820004
43.4636002 -27.5750008 7.10629988
43.5101318 -27.5227661 7.27503347
43.5955009 -27.5893002 7.41429996
43.4883995 -27.5046005 8.03909969
43.4698982 -27.4892006 8.22239971
43.5362015 -27.5802994 8.87769985
43.4749985 -27.4440994 10.2988997
43.4234009 -27.5881996 11.0571003
43.5197487 -27.5676498 11.3431501
43.5956993 -27.3481998 11.7853003
43.5332985 -27.0939999 11.5577002
43.5541992 -26.2010994 12.0938997
43.4748993 -25.8535995 0.972500026
43.4737015 -25.8894005 2.10899997
43.5556984 -25.8689003 2.35570002
43.5647011 -25.8076992 2.51979995
43.5298004 -25.8360996 2.84990001
43.4775009 -25.7624512 3.51644993
43.7578011 -27.8001003 5.27990007
43.645401 -27.8204994 5.75839996
43.7134018 -27.9037991 5.9776001
43.6733017 -27.8015003 6.8743
43.6035004 -27.8498001 7.30620003
43.6757011 -27.8071995 7.7730999
43.6435013 -27.7680016 4.72900009
43.6174011 -27.7168007 4.86049986
43.773201 -27.7192001 5.07800007
43.7793007 -27.7560005 5.44850016
43.7589493 -27.7663994 6.30970001
43.7220993 -27.6975994 6.58799982
43.6669998 -27.6886501 6.72984982
43.6259003 -27.6623001 6.88059998
43.7980003 -27.6298008 7.0302
43.7141991 -27.7054005 7.35169983
43.7257004 -27.6039009 7.88600016
43.7021484 -27.6498985 8.28149986
43.7047005 -27.7453003 8.78540039
43.6166992 -27.6420994 9.99050045
43.6525993 -27.7476006 10.5014
43.6649475 -27.5613995 6.47869968
43.7276993 -27.5575008 6.7407999
43.7522011 -27.4946003 7.0612998
43.7042007 -27.5552006 7.4060998
43.6814003 -27.5307007 7.99529982
43.6595001 -27.5650997 8.77789974
43.7509003 -27.4384003 8.8664999
43.6651993 -27.5186996 11.1204004
43.6833 -27.4319992 11.6761999
43.6823006 -27.3638 11.5567999
43.7294502 -27.2873001 11.8126497
43.6120987 -27.3705006 12.0186005
43.7728996 -27.0165005 11.4145002
43.6127014 -26.3493004 11.9586
43.7038994 -26.0137005 3.75830007
43.6580009 -25.9321995 1.97070003
43.7549019 -25.9972 2.52839994
43.6982994 -25.9137001 3.29789996
43.6904984 -25.7702999 3.14564991
43.7313995 -25.7313995 3.24559999
43.8061981 -28.0578003 5.46430016
43.8917999 -27.8502998 4.54110003
43.8969002 -27.8397007 4.76980019
43.9334984 -27.8698997 4.85949993
43.9682999 -27.8250999 5.2645998
43.9064484 -27.90975 6.34490013
43.9224014 -27.8349991 7.04080009
43.9333992 -27.7542 4.7013998
43.9199982 -27.7949009 5.47580004
43.9514008 -27.7460499 5.7343998
43.911499 -27.7336998 6.15500021
43.8572502 -27.7255001 6.26140022
43.8459473 -27.6420002 6.71269989
43.9334984 -27.6560993 6.86119986
43.8404007 -27.6110992 7.34849977
43.8953514 -27.7208996 7.56744957
43.9779015 -27.7021008 8.12129974
43.8945999 -27.7600002 8.23260021
43.9746017 -27.7618008 8.68480015
43.9357986 -27.6947994 9.01229954
43.8693008 -27.7117996 9.34869957
43.8139992 -27.7185993 10.2154999
43.9854012 -27.6695995 10.4019003
43.9341011 -27.6515007 10.6307001
43.9804001 -27.6049004 10.9177999
43.8502007 -27.6149998 11.5108004
43.8987007 -27.5683002 6.98010015
43.9511986 -27.5466003 7.01709986
43.8549995 -27.5228004 7.875
43.967701 -27.5706005 8.61639977
43.8255005 -27.5958996 8.90810013
43.8265495 -27.5603504 10.1415005
43.9734001 -27.5928001 11.1520004
43.8755989 -27.5261002 11.3303003
43.8334999 -27.4384003 11.5608997
43.9396019 -27.2765007 11.4671001
43.8227997 -26.7350006 11.8023005
43.8739014 -26.5863495 11.8814001
43.9245987 -26.1322002 3.64540005
43.9982986 -25.9206009 1.36380005
43.9329987 -25.9549999 2.69860005
43.8736 -25.8876495 2.85719991
43.8063011 -25.7894993 1.62100005
43.9819984 -25.7481003 3.18860006
44.103199 -28.0653 4.60109997
44.0088005 -28.0678997 6.25810003
44.1092529 -27.9177513 5.11269999
44.168499 -27.8743992 5.53980017
44.0060005 -27.8036003 5.8526001
44.013401 -27.8617992 6.17689991
44.0255013 -27.8026009 6.27640009
44.0555 -27.8491001 6.61829996
44.1474495 -27.85215 9.32429981
44.1750984 -27.8041992 9.57919979
44.0866013 -27.7817993 5.59229994
44.0659485 -27.7905006 5.73544979
44.1184006 -27.6965008 6.39979982
44.115799 -27.7360344 6.48000002
44.1570015 -27.6543007 6.60050011
44.0103989 -27.6746998 6.95550013
44.1599007 -27.6718006 7.36079979
44.0924492 -27.7361507 7.73589993
44.1180992 -27.7401009 8.37110043
44.0918007 -27.7250004 8.46039963
44.0432014 -27.6707001 8.73989964
44.0145988 -27.7611008 9.36670017
44.118248 -27.7881508 9.74005032
44.0458984 -27.6543999 10.5830002
44.0591011 -27.6739998 11.3508997
44.1505013 -27.7152004 11.5570002
44.0463982 -27.5674 6.94150019
44.0397987 -27.5725002 7.52790022
44.0381012 -27.4139004 7.82250023
44.1072006 -27.4775009 8.78479958
44.1203003 -27.5925007 10.1695995
44.0243988 -27.5830994 10.2269001
44.0182991 -27.4519005 10.6428003
44.0854988 -27.5268993 10.9798002
44.0693016 -27.3426991 11.6084995
44.050499 -27.2779007 11.8435001
44.0926018 -26.6751003 11.7858
44.091301 -26.4633999 4.10500002
44.0793991 -26.5795994 11.6636
44.1683006 -26.3390007 3.68860006
44.0121994 -26.2754002 3.95810008
44.0623016 -26.3225994 4.31890011
44.0377007 -26.1271 3.72210002
44.1505013 -25.9297009 2.93569994
44.0816002 -25.9172001 3.08590007
44.375 -27.8103008 4.58160019
44.3025017 -27.8439007 4.79190016
44.3894005 -27.8202991 5.28149986
44.3688011 -27.8868999 5.59019995
44.2874527 -27.8216515 5.74539995
44.271347 -27.924099 6.1015501
44.3429985 -27.8197002 7.70359993
44.3265991 -27.8034 8.39719963
44.2257004 -27.7199993 6.02299976
44.3624001 -27.65415 6.57194996
44.3241005 -27.6739998 6.9756999
44.3105011 -27.7010498 7.14490032
44.3000984 -27.6112995 7.8586998
44.2709007 -27.6112003 8.34150028
44.3443985 -27.6469002 10.1494999
44.3320007 -27.7071991 10.5366001
44.3800011 -27.5848999 7.39989996
44.3269997 -27.5254993 7.85739994
44.3426018 -27.5727997 8.05029964
44.2018013 -27.5673008 8.80480003
44.2435989 -27.5734005 10.7514
44.3451996 -27.5690002 10.8459997
44.2963982 -27.4092007 11.0822001
44.3474007 -27.5067997 11.5258999
44.368 -27.5233994 11.7419996
44.3722 -27.3684998 11.6145
44.2636986 -26.8677998 11.6029997
44.3345985 -26.7036991 11.5296001
44.2863998 -26.4087009 3.99609995
44.2895012 -26.5273991 11.6535997
44.2915993 -25.9055996 1.70424998
44.2770996 -25.934 2.3369
44.3362007 -25.9428005 2.66560006
44.2994003 -25.9013996 2.8678
44.3454018 -25.9249001 3.02020001
44.3811989 -25.9445992 3.94910002
44.4678001 -28.0018005 5.58190012
44.5103645 -27.8626003 4.69036674
44.5451012 -27.8146 4.81619978
44.5145493 -27.8639488 5.29185009
44.5083008 -27.8820496 5.58465004
44.5567017 -27.8141994 5.7750001
44.4477005 -27.9253006 5.85669994
44.4581985 -27.8266506 6.31120014
44.5183983 -27.8393993 6.75979996
44.4903984 -27.7777996 5.59170008
44.4382019 -27.7010002 5.75899982
44.4453011 -27.7723007 5.80170012
44.4817009 -27.7982006 6.14099979
44.5051498 -27.7075996 6.49065018
44.5553017 -27.6490002 6.8375001
44.5882988 -27.7168007 7.33640003
44.5569992 -27.7010994 7.50269985
44.5746002 -27.7546997 7.86950016
44.4087982 -27.7591991 8.08720016
44.4874992 -27.6907997 8.28050041
44.4588509 -27.6728249 8.48037529
44.5340996 -27.7784996 9.81820011
44.4488983 -27.6124001 10.4148998
44.5391998 -27.6238995 10.6961002
44.4449501 -27.6219997 11.0709
44.5499992 -27.5216999 6.86709976
44.5222015 -27.5531006 7.38140011
44.5466003 -27.5718994 7.4073
44.501049 -27.5545006 8.29450035
44.4538002 -27.5955009 10.6545
44.5747986 -27.4204006 11.1266003
44.5298996 -27.5893002 11.4638004
44.5363007 -27.4500999 11.6334
44.5541 -27.3717995 11.4172001
44.4736023 -27.3386002 11.6533508
44.5997009 -27.1826 11.5284004
44.4005013 -26.8687 11.7503996
44.5511017 -26.5247993 11.5958004
44.4328003 -26.5909004 11.6386995
44.5299988 -26.2999001 3.98889995
44.4262009 -26.0179005 2.3131001
44.5284004 -25.9993 1.10500002
44.4653015 -25.9762993 1.59650004
44.476799 -25.9519005 2.58590007
44.5273018 -25.9132996 2.61059999
44.5881996 -25.8134003 3.30290008
44.5522003 -25.9449997 3.59829998
44.4897995 -25.7369995 3.21989989
44.4958992 -25.7134991 3.41770005
44.6609993 -27.875 4.73339987
44.7028008 -27.9657001 5.66830015
44.7408981 -27.8176003 6.6651001
44.780201 -27.7367992 4.57280016
44.6856995 -27.7796001 4.8432498
44.7290001 -27.7159004 5.12584972
44.7476006 -27.6636009 5.25605011
44.6870995 -27.7230339 5.77570009
44.6789017 -27.7784004 6.05019999
44.705101 -27.6037998 6.5156002
44.7779999 -27.6142998 6.66559982
44.6400986 -27.6343002 6.93989992
44.7905006 -27.6203995 7.14610004
44.7063332 -27.6664333 7.50619984
44.797699 -27.7059002 9.54500008
44.7253494 -27.7220497 10.5390501
44.7414017 -27.6294003 10.9671001
44.6477013 -27.6180992 11.0871
44.7281647 -27.6639996 11.3241663
44.6299019 -27.5732994 6.8434
44.6445007 -27.5181007 8.0642004
44.7020988 -27.5853996 8.74489975
44.7094994 -27.5562 10.1984997
44.7401009 -27.5659008 10.5588999
44.7347488 -27.5474014 10.6416502
44.7000999 -27.5460663 11.2946663
44.6824989 -27.3717995 11.6854
44.7811012 -27.0823002 11.5901003
44.7202988 -26.9839993 11.8042002
44.7229004 -26.5772991 11.5016003
44.6100998 -26.4892998 11.8539
44.7672997 -26.3533001 4.0868001
44.6365013 -26.3535995 4.22970009
44.6790009 -25.8652992 1.14380002
44.7044525 -25.9190998 1.20289993
44.6224976 -25.9363995 1.45020008
44.7611008 -25.9337997 2.15389991
44.729248 -25.9306984 2.89330006
44.6451988 -25.7360992 3.26869988
44.8246994 -35.2420998 2.45510006
44.8199997 -27.8292999 4.58739996
44.9920998 -27.8621006 5.08500004
44.9692001 -27.8139 5.5788002
44.9165993 -27.8173008 7.7809
44.8376007 -27.7660999 4.5861001
44.9422989 -27.7735004 4.60039997
44.8879013 -27.7304001 4.85440016
44.8885727 -27.7084999 5.10557508
44.983551 -27.669899 5.34039974
44.9189987 -27.7040997 5.66039991
44.8325005 -27.6187 6.01900005
44.8841019 -27.6981506 6.22952509
44.8747978 -27.6445999 6.70706654
44.8119011 -27.6762009 6.99739981
44.8783989 -27.6821995 7.34989977
44.8998985 -27.7616997 7.62879992
44.8961678 -27.674099 7.89489985
44.9379005 -27.7390003 8.38770008
44.9791985 -27.6816998 9.22700024
44.8003006 -27.7070999 9.98970032
44.9446983 -27.6208992 10.5681
44.8756027 -27.666851 10.6228008
44.8838997 -27.6786003 11.0532999
44.9295998 -27.6156006 11.2831001
44.8518982 -27.5890999 6.07270002
44.9216003 -27.5741997 6.40999985
44.9313011 -27.5573997 6.87209988
44.8092995 -27.4524002 8.68970013
44.969799 -27.5711994 9.14890003
44.9768982 -27.5317001 9.59249973
44.8731995 -27.5820007 10.0665998
44.8674469 -27.5513 10.2092495
44.9253006 -27.5179996 10.5325003
44.8935013 -27.5601006 10.6770668
44.8358994 -27.5341339 11.5087671
44.8438988 -27.3855991 11.7174997
44.8506012 -27.2731991 11.8410997
44.9869003 -27.0387001 11.7407999
44.9595985 -27.1847 11.8667002
44.9939995 -26.7933998 11.7791996
44.8807983 -26.4249001 4.00430012
44.9504013 -26.5865993 11.5011997
44.8593979 -26.5681992 11.76015
44.9496002 -26.2758999 3.82119989
44.9701996 -26.0102005 3.6322999
44.9061012 -26.1459999 3.92129993
44.9967003 -25.9508991 1.20480001
44.8687973 -25.8829994 1.43079996
44.84655 -25.8756504 1.87914991
44.8567009 -25.9363995 2.1243999
44.9385338 -25.8702011 2.46530008
44.8720512 -25.924099 2.73915005
44.8367996 -25.7880001 1.5115
44.8546982 -25.7779999 2.93969989
45.0535011 -27.8395996 4.46549988
45.1180992 -27.9165993 5.33820009
45.0372009 -27.8561993 5.61590004
45.0206985 -27.8178997 6.25199986
45.1465988 -27.8677998 6.64909983
45.0449982 -27.7228508 4.7048502
45.0326004 -27.7614994 5.11089993
45.0940018 -27.7563 5.28709984
45.1359673 -27.6799011 5.53459978
45.1251984 -27.6780663 5.68693352
45.1145477 -27.6859493 5.92994976
45.1517754 -27.6933002 6.10712528
45.1016006 -27.6093006 6.56809998
45.1274986 -27.6212006 6.84919977
45.1119995 -27.7206001 7.1408
45.0541 -27.72925 7.71749973
45.0135002 -27.6303005 7.96439981
45.0493011 -27.6492996 8.13469982
45.0616989 -27.6357994 8.66250038
45.1381531 -27.6315994 9.33104992
45.0224991 -27.6355515 9.43280029
45.1562996 -27.6100006 9.73530006
45.0539017 -27.6063995 9.96510029
45.1278 -27.6527996 10.0496998
45.1192513 -27.6764488 10.8614006
45.0741997 -27.6863003 11.2820997
45.0259018 -27.5900993 7.91970015
45.0948486 -27.5174503 8.02694988
45.1282005 -27.4974499 8.68260002
45.0559006 -27.5477009 9.17409992
45.1124001 -27.5569 9.53549957
45.1095009 -27.4202003 9.92850018
45.1166496 -27.5006504 10.3736
45.1903 -27.4848995 10.6362
45.1153679 -27.5111332 10.8746996
45.0923996 -27.4239998 11.5326996
45.0969467 -27.3847008 11.6987
45.1362 -26.4771996 11.8135004
45.0399017 -26.2026997 3.66860008
45.1007004 -26.3029995 3.84319997
45.0814018 -26.3610992 11.9018002
45.1366005 -26.0723 2.4993
45.1697006 -25.9671001 1.50660002
45.0951004 -25.9095001 1.74899995
45.3499985 -27.9500008 0.998700023
45.3255997 -27.8771992 1.33309996
45.3460999 -27.9419994 1.81029999
45.3792992 -27.8502007 6.31809998
45.3353004 -27.6252995 4.52530003
45.3116341 -27.7570343 4.64186668
45.2649002 -27.7271996 4.93480015
45.2894516 -27.7066994 5.10465002
45.3253021 -27.6805325 5.47633314
45.3172684 -27.7088661 5.70813322
45.3016014 -27.6588993 5.86240005
45.3460999 -27.7005005 6.1269002
45.2734489 -27.6760006 6.66814995
45.3681984 -27.6999016 6.94449997
45.2817001 -27.6917992 7.13199997
45.237751 -27.6833 7.52560043
45.2237015 -27.7224007 7.73409986
45.3376999 -27.7521992 8.10569954
45.2643013 -27.6753998 8.31984997
45.3069992 -27.7245007 8.73630047
45.3151016 -27.6725006 9.11279964
45.2140007 -27.7495003 10.0088997
45.3611526 -27.6310997 10.4913502
45.254097 -27.6623001 10.7730503
45.2924004 -27.6007996 10.9709997
45.3058014 -27.6158009 11.5565996
45.2526016 -27.6186008 11.6374998
45.2980995 -27.5753994 5.3973999
45.2473984 -27.5256004 6.13859987
45.3557014 -27.5907001 6.4526
45.2915001 -27.4874001 7.08529997
45.2547989 -27.5160999 7.96379995
45.2062988 -27.5042 8.63689995
45.2089005 -27.5653992 9.13230038
45.3574982 -27.4722996 9.55280018
45.2464981 -27.594101 9.76169968
45.3661995 -27.5862999 9.86180019
45.394001 -27.4692993 10.5132999
45.2579994 -27.5632992 10.7269001
45.3344994 -27.5210495 10.9317999
45.3208008 -27.4828491 11.2656498
45.2210999 -27.4328003 11.5145998
45.219799 -26.8507996 11.5461998
45.2285004 -26.8416004 11.8264999
45.3471985 -26.0510998 0.652400017
45.296299 -26.1110992 4.14769983
45.2546005 -25.9740009 1.6487
45.3468018 -25.9934998 2.7980001
45.2631989 -25.8316002 3.20560002
45.5424995 -27.8327007 6.2802
45.5299988 -27.8209991 6.87970018
45.4530983 -27.7672997 4.36380005
45.4727478 -27.7412491 4.7118001
45.5367012 -27.6597996 4.80420017
45.5684013 -27.7098999 5.01200008
45.5001984 -27.7385502 5.50250006
45.4924011 -27.7508011 5.66594982
45.4681511 -27.7451 5.8461504
45.4622993 -27.7015991 6.0777998
45.513649 -27.6805992 6.29244995
45.4386673 -27.7257328 6.53950024
45.5794983 -27.6121006 6.87820005
45.476799 -27.7423 7.07929993
45.5870018 -27.6401005 7.26599979
45.5686493 -27.7193489 7.54580021
45.5969009 -27.6739998 7.65630007
45.5598984 -27.6977997 8.14869976
45.4798965 -27.6406002 8.65074921
45.5060005 -27.6826 9.38829994
45.5293999 -27.6819 10.0643997
45.5135994 -27.6427994 10.2083998
45.4459 -27.6065998 11.3718004
45.4902992 -27.5410995 6.3513999
45.5023994 -27.5194016 7.11670017
45.5783005 -27.559 8.20549965
45.5959015 -27.5100994 9.1651001
45.5906982 -27.5354004 10.4505997
45.4707985 -27.5454006 10.8478003
45.4987984 -27.5937004 11.0297003
45.5020332 -27.5128994 11.2827997
45.4364471 -27.3040009 11.6492996
45.5511017 -27.0969009 11.5719995
45.5494995 -26.8218994 11.6921997
45.446701 -26.5688992 11.5086002
45.5157013 -26.3833008 4.09115028
45.4967995 -26.1174507 3.65044999
45.4654007 -25.9365005 2.0158999
45.5298996 -25.9722996 2.65429997
45.5371017 -25.8815994 2.9928
45.473999 -25.9008007 3.23699999
45.5806999 -25.6544991 3.13770008
45.4846001 -22.7625999 -0.945299983
45.5109482 -22.5265007 -1.05914998
45.7056007 -27.8840008 4.7816
45.6590004 -27.8736992 4.86329985
45.6609993 -27.8304996 5.27190018
45.6469002 -27.8731995 5.43480015
45.7442017 -27.8358994 5.66930008
45.732399 -27.8171997 6.5250001
45.7812996 -27.6926003 4.77780008
45.7028008 -27.7082005 4.89650011
45.6589012 -27.7882004 5.44939995
45.7038994 -27.6317997 5.68865013
45.750351 -27.7182503 6.25174999
45.7464981 -27.6074009 6.46339989
45.7725983 -27.6893005 6.94869995
45.6083984 -27.7070007 7.08479977
45.6465988 -27.7376995 7.35529995
45.6733017 -27.7296009 7.40320015
45.6902008 -27.6863995 7.91435003
45.6153984 -27.7956009 8.1157999
45.6753998 -27.6786995 8.96510029
45.6973 -27.6404991 9.35499954
45.6300011 -27.7213993 9.47290039
45.6007004 -27.6436005 9.94279957
45.6814995 -27.6854 10.1791
45.7132988 -27.6560993 10.3200998
45.6264 -27.6429005 10.4366999
45.6450996 -27.5832996 5.63689995
45.6974983 -27.5653 6.84579992
45.7779007 -27.5825996 8.20919991
45.7170982 -27.5116997 8.50879955
45.6839981 -27.527626 9.9239006
45.7644501 -27.5214005 10.1195002
45.6435509 -27.5303993 10.4387493
45.721199 -27.5408993 10.7044506
45.6678009 -27.4970016 10.8271503
45.740799 -27.462101 11.1862001
45.7405014 -27.4666004 11.6218996
45.6311989 -27.3038998 11.1097002
45.6194992 -27.2873993 11.5698996
45.6985016 -27.1247005 11.1355
45.6580009 -27.0977993 11.6559
45.6963005 -26.8438492 11.7059498
45.7815018 -26.9498005 11.8360996
45.7863007 -26.7894001 11.4493999
45.6838989 -26.1571999 1.41559994
45.6607018 -26.0214005 2.02329993
45.7547989 -25.8572998 0.691999972
45.6057014 -25.8269997 1.66460001
45.7106018 -25.8799 1.93490005
45.7981987 -25.9239006 2.31669998
45.7029991 -25.9573002 3.02929997
45.7991982 -25.7987003 1.40180004
45.7092018 -25.0639 1.00940001
45.7583008 -24.9692993 1.03100002
45.7541008 -24.9493999 1.8082
45.7994995 -24.6830006 1.90929997
45.7593002 -24.7061996 2.02010012
45.7809982 -24.1336994 0.371899992
45.7568016 -24.0247002 0.665300012
45.6853981 -24.0207996 1.74860001
45.7989006 -23.2845993 1.32299995
45.7734985 -23.1483994 2.36019993
45.7210999 -23.1200008 2.60010004
45.7729988 -22.6385002 1.39339995
45.7028008 -22.6534996 1.65409994
45.969101 -39.2863998 7.01009989
45.9110985 -27.8264999 4.71339989
45.9320984 -27.8145008 4.87190008
45.9394989 -27.8404999 5.171
45.9356995 -27.8875999 5.69519997
45.9372482 -27.7508011 4.71465015
45.8310013 -27.7691002 4.82620001
45.8319016 -27.6690006 5.11819983
45.9277 -27.6758995 5.26819992
45.9122238 -27.6907749 5.47415018
45.8758812 -27.6885395 5.74100018
45.8369331 -27.6590004 5.87290001
45.8885994 -27.7329006 6.21619987
45.857399 -27.7088337 6.51139975
45.8572998 -27.6655006 6.84040022
45.9019012 -27.635601 7.09574986
45.9921989 -27.7306995 7.45559978
45.9277992 -27.7297993 7.73150015
45.9389992 -27.6632004 7.90210009
45.9561996 -27.6750984 8.41724968
45.9989014 -27.7301998 8.75629997
45.8862 -27.6851997 9.2907505
45.8759995 -27.6525002 9.75129986
45.9506493 -27.7336998 9.93370056
45.8703003 -27.6144009 10.2145004
45.8819008 -27.7052002 11.0662003
45.9570007 -27.6445999 11.3175001
45.8977013 -27.5907001 5.30609989
45.9589996 -27.5296001 7.82329988
45.8226013 -27.5562992 8.1218996
45.8864517 -27.5681496 8.54059982
45.8030014 -27.4953003 9.29349995
45.9127007 -27.4931488 9.54854965
45.9958992 -27.4743004 9.85369968
45.8128014 -27.5284996 10.9293003
45.8666992 -27.4321995 11.5740995
45.9324989 -27.3325996 11.5031004
45.9962997 -26.4150009 4.04750013
45.8871994 -26.3570995 4.35529995
45.8288002 -25.8670006 1.69360006
45.8849678 -25.8550339 2.90146661
45.9813004 -25.8206997 3.21530008
45.9933014 -25.7681007 3.28929996
45.8680992 -25.5771999 2.102
45.8060989 -25.2682991 1.24759996
45.8170013 -25.2140007 2.3835001
45.8955994 -25.0664997 1.37409997
45.8117981 -25.0275993 1.74600005
45.885601 -25.0125008 2.08209991
45.847599 -24.7080994 0.464599997
45.8012009 -24.7723999 0.979799986
45.8851013 -24.4685993 1.78820002
45.8666 -23.7126007 0.574500024
45.8075981 -23.6732998 2.55410004
45.8045998 -23.5193005 1.94799995
45.8208008 -23.2812996 1.1652
45.9802017 -22.7189999 -0.544499993
45.9510994 -22.6527004 -0.282099992
45.8368988 -22.7637997 0.994599998
45.9831009 -22.6492004 1.09115005
45.8599014 -22.7861004 1.39660001
45.8660011 -22.6016006 1.61819994
45.9866982 -22.7105007 1.82309997
45.8908005 -22.6196995 2.09249997
45.9636993 -22.7082996 2.48280001
45.9030991 -22.5976009 -0.515600026
45.8381996 -22.5955009 1.46930003
45.8658981 -22.5718002 1.89349997
45.8888016 -22.5247002 2.15249991
46.0614014 -30.8481007 6.81820011
46.1385994 -27.8057003 5.58720016
46.0763016 -27.8341007 5.63189983
46.0330009 -27.8334999 6.94070005
46.1599998 -27.8402004 7.27829981
46.0910034 -27.6886005 4.77270031
46.1094666 -27.6999664 4.87543344
46.1153488 -27.7251511 5.04460001
46.1940002 -27.6467991 5.56510019
46.0445328 -27.6804333 5.69379997
46.0861015 -27.6723995 5.9921999
46.1202621 -27.6740799 6.10833979
46.0898018 -27.6450996 6.38430023
46.1819 -27.7429008 6.59759998
46.0395012 -27.6762009 6.76020002
46.1836014 -27.7849998 6.9224
46.0259018 -27.6667995 7.14389992
46.138401 -27.6082993 7.33010006
46.0224991 -27.6844997 7.63810015
46.0958023 -27.65205 8.10104942
46.1707001 -27.7154999 8.36499977
46.0873985 -27.6751003 8.94839954
46.1142998 -27.6455994 9.14369965
46.0119019 -27.6975994 9.49720001
46.1023483 -27.6789513 9.62779999
46.1082001 -27.6100006 9.8987999
46.1786995 -27.6376991 10.1198997
46.160099 -27.6571999 10.3615999
46.199501 -27.6033993 10.7378998
46.0581017 -27.6678009 10.8634996
46.0780983 -27.6165009 11.0297003
46.1624985 -27.6336994 11.3691998
46.0304985 -27.5056992 5.89799976
46.1128998 -27.5806999 6.78329992
46.1800995 -27.5916004 7.36899996
46.0970993 -27.5862007 7.40869999
46.0026016 -27.5990009 9.20660019
46.0807991 -27.5473003 9.99209976
46.1198997 -27.4514008 10.1274996
46.1526985 -27.5694008 10.3144999
46.0634003 -27.4853001 10.8654003
46.0923004 -27.5963001 11.0745001
46.0571671 -27.5443993 11.3229666
46.1250992 -27.5970993 11.5107002
46.0559998 -27.4326992 11.6323996
46.0410004 -27.3959999 10.1115999
46.0235519 -27.3125496 11.5029507
46.0975494 -27.3801994 11.7147999
46.1391983 -26.8586006 11.8985004
46.1567993 -26.6149006 11.5602999
46.0945511 -26.66465 11.7164497
46.0185013 -26.4183006 4.32590008
46.1198997 -26.1212997 3.67440009
46.1010017 -25.8181 3.09520006
46.1767006 -23.0363998 1.49489999
46.1637993 -22.8579998 -0.0951000005
46.160099 -22.8640003 0.471899986
46.1242981 -22.8519993 0.611299992
46.1526985 -22.9356995 0.862399995
46.172699 -22.8547993 1.01730001
46.1383018 -22.8470993 1.32124996
46.1584015 -22.8195992 1.50279999
46.1996002 -22.8593998 2.51920009
46.1341019 -22.7984009 -0.378199995
46.0625992 -22.7985001 -0.0331999995
46.0191994 -22.7705002 0.338800013
46.1222992 -22.7943001 0.4745
46.0567017 -22.7081013 0.700699985
46.0563507 -22.719799 0.878800035
46.0498009 -22.6774006 1.14530003
46.1521492 -22.7126999 1.27355003
46.0878525 -22.6431007 1.48239994
46.1988983 -22.7157001 1.78579998
46.0632019 -22.6602993 1.87934995
46.1298523 -22.6488495 2.0302
46.1287498 -22.6863499 2.21745014
46.1114006 -22.7057991 2.49589992
46.1040993 -22.4330006 2.03469992
46.1501007 -22.5976009 2.37360001
46.3933983 -27.8054008 4.65810013
46.2416992 -27.8831005 4.93050003
46.264801 -27.8316994 5.08905029
46.2370987 -27.8342991 6.03980017
46.2612 -27.8010998 6.31419992
46.2947998 -27.6737995 4.5559001
46.2685013 -27.7453003 4.97109985
46.3012009 -27.7252007 5.07590008
46.2996521 -27.7306499 5.31194973
46.3877983 -27.7287006 5.50080013
46.2629662 -27.6964664 5.69019985
46.3121986 -27.6487999 5.92420006
46.2675018 -27.6522999 6.06159973
46.257 -27.6653996 6.25899982
46.2598 -27.6288986 7.09684992
46.3669014 -27.6639004 7.36030006
46.3652496 -27.716301 7.6902504
46.3400497 -27.70965 7.89330006
46.3200989 -27.7168007 8.13309956
46.3129501 -27.6645012 8.51165009
46.3304977 -27.6639004 8.6760664
46.206501 -27.6436996 10.8934002
46.3557014 -27.6758995 11.1473999
46.3191986 -27.6882992 11.4797001
46.2000999 -27.5883999 5.98479986
46.2863007 -27.4953003 7.05849981
46.280201 -27.5799007 7.55039978
46.3722992 -27.4554005 9.29819965
46.3362007 -27.5821991 9.44209957
46.243866 -27.5039005 10.1379337
46.3811989 -27.4363995 10.4904003
46.2645988 -27.4915009 11.2142
46.2377014 -27.5130997 11.6194
46.2701492 -27.1105003 11.5034504
46.2538986 -26.8267994 11.5116997
46.3581009 -26.6853008 11.4920998
46.2635002 -26.4169006 4.17859983
46.3762016 -26.3754997 4.10270023
46.2456017 -26.1879997 3.74950004
46.3538017 -26.1893005 3.90280008
46.2388992 -26.1966 11.5612001
46.2507019 -25.9993992 3.51920009
46.3376999 -25.7038002 3.2190001
46.2858009 -23.0279007 0.370200008
46.278801 -23.0221004 1.31939995
46.2541008 -23.0128002 1.60710001
46.2899017 -22.9090996 -0.68629998
46.3639984 -22.8763504 -0.0981000066
46.3516998 -22.8813 0.128700003
46.2268524 -22.9750004 0.32160002
46.2851677 -22.9054012 0.480900019
46.3368988 -22.8057003 0.764100015
46.3618011 -22.8608513 1.34439993
46.298027 -22.9157505 1.52005005
46.3183327 -22.8847008 1.68113327
46.3358994 -22.8257008 1.82809997
46.2593994 -22.8034992 2.83109999
46.3652992 -22.7952995 -0.975099981
46.3987007 -22.7514 -0.5273
46.2778473 -22.7670002 -0.0637499988
46.2752991 -22.6804008 1.95560002
46.3572006 -22.6933994 2.07520008
46.2873001 -22.6550999 2.27653337
46.5805016 -27.9386005 4.39340019
46.535099 -27.8181992 5.05719995
46.5904999 -27.8474007 5.25589991
46.577301 -27.8113995 6.25939989
46.5446014 -27.8260994 8.61439991
46.4915771 -27.7333241 5.12612534
46.4957008 -27.7621994 5.31220007
46.494751 -27.6735992 5.4864502
46.5075531 -27.7097015 5.73479986
46.4467506 -27.7442493 5.88379955
46.5658989 -27.7532997 6.0156002
46.5192986 -27.7943001 6.21899986
46.4501991 -27.6651001 6.95800018
46.547348 -27.7178497 7.10134983
46.4866028 -27.7048664 7.28499985
46.5736008 -27.7894993 7.76919985
46.5031967 -27.7122498 8.44075012
46.4664993 -27.6875992 8.88379955
46.5702019 -27.6786995 9.27900028
46.5144005 -27.6417007 9.50139999
46.4205017 -27.6224003 9.94509983
46.4942017 -27.6256008 10.1219997
46.5561981 -27.6466999 10.2658997
46.5625 -27.6389008 10.5951996
46.5098991 -27.6571007 10.7715998
46.5125999 -27.6056004 11.0377998
46.5591011 -27.5534 6.58010006
46.4556999 -27.5713997 8.06519985
46.4939995 -27.5809994 9.00349998
46.4719353 -27.5015335 10.0881004
46.4412994 -27.5035 10.5335999
46.4840012 -27.4358997 10.6991997
46.4953499 -27.5718994 11.1444492
46.5515671 -27.4804668 11.2843666
46.4776497 -27.5142994 11.4965496
46.4245491 -27.2474003 11.5143499
46.4146004 -26.6009998 11.5036001
46.4154015 -26.3631992 4.1072998
46.4891014 -22.8003006 -1.04990005
46.5191994 -22.8992004 -0.193499997
46.5685997 -22.9349003 0.1127
46.4234009 -22.8363991 0.297699988
46.4878998 -22.9129009 0.682299972
46.4947815 -22.8817196 0.877160013
46.4305 -22.9085999 1.24975002
46.5128479 -22.8617001 1.50690007
46.5294991 -22.8782005 1.62450004
46.4698029 -22.9081993 1.87384999
46.5222015 -22.75 -0.620999992
46.4929008 -22.7744999 -0.549000025
46.4425011 -22.7138996 1.49100006
46.4039993 -22.7873001 1.7902
46.4944 -22.6805992 1.99699998
46.4628983 -22.6289005 2.31279993
46.549099 -22.6664009 2.5545001
46.452301 -22.5748997 2.42370009
46.6562996 -27.8866997 4.27059984
46.70755 -27.881649 4.71904993
46.7335968 -27.8703995 4.91450024
46.6795006 -27.8752003 5.0223999
46.6077995 -27.8412991 5.21299982
46.7103004 -27.8969002 5.71740007
46.6172981 -27.8187008 5.83309984
46.7240982 -27.9046993 6.20069981
46.6236992 -27.9438992 9.9975996
46.671299 -27.7549992 4.86399984
46.6404991 -27.6250992 5.27850008
46.6642494 -27.7573013 5.69505024
46.6403008 -27.6909008 6.40999985
46.781601 -27.6298008 6.74669981
46.6439667 -27.7359676 6.93986702
46.6227989 -27.6739998 7.3586998
46.702549 -27.7201004 7.45739985
46.6589012 -27.7984009 7.94390011
46.6450996 -27.7411003 8.39350033
46.6032982 -27.6515007 8.68000031
46.7341003 -27.7415009 8.85104942
46.7049484 -27.6968002 9.08914948
46.6997986 -27.6366005 9.37249947
46.7626991 -27.6802998 9.5777998
46.7789497 -27.707901 9.7823
46.6915016 -27.6315994 9.84039974
46.7428017 -27.7198009 10.0249996
46.7019005 -27.7054005 10.3673
46.6361008 -27.6128998 10.6388998
46.7629013 -27.5984993 6.99230003
46.7709999 -27.5918999 7.26179981
46.7140999 -27.5974007 7.91730022
46.7837982 -27.5310993 8.23680019
46.6399002 -27.5146999 8.9932003
46.6195984 -27.5471001 9.30659962
46.6964989 -27.552 9.45619965
46.7485008 -27.4617004 9.75220013
46.7932014 -27.5510006 10.0602999
46.6165009 -27.5470009 10.3231001
46.7128983 -27.5865002 10.4689999
46.668499 -27.5401001 10.6070004
46.7630005 -27.5937004 10.8587999
46.667099 -27.5414505 11.1283998
46.7434006 -27.4466 11.5578003
46.6109009 -27.4622993 11.6394997
46.7887993 -27.2560997 11.526
46.7666016 -27.0951996 11.5257998
46.7159996 -26.7826004 11.6815996
46.6380005 -26.4120007 4.32840014
46.6655006 -26.4910507 11.7002001
46.7238998 -26.3111992 3.92869997
46.7807999 -26.3686008 11.7811003
46.7550011 -26.0296993 3.34669995
46.722702 -22.8927498 -0.898699999
46.6823006 -22.8612003 -0.386999995
46.7416 -22.9253998 0.1017
46.692234 -22.9347992 0.471833348
46.7122498 -22.9284992 0.673150003
46.6399994 -22.8737335 1.52066672
46.6721992 -22.8717003 1.7118001
46.6926003 -22.7268009 -0.635699987
46.7611008 -22.7623997 0.239899993
46.7312012 -22.7562008 1.70350003
46.6225319 -22.7058659 1.88300002
46.7120018 -22.6480999 2.44580007
46.7340012 -22.5566998 2.26440001
46.9305 -28.0126991 5.5928998
46.9180984 -27.9060993 4.69659996
46.8476486 -27.8296509 4.89580011
46.8532982 -27.9477005 5.03000021
46.8250999 -27.9946995 5.20580006
46.9029007 -27.9057999 5.65400028
46.9106979 -27.8731499 5.89245033
46.9924011 -27.9729996 6.29279995
46.9786987 -27.8022003 6.70050001
46.9827995 -27.8934002 9.33650017
46.8785019 -27.7793999 5.58039999
46.8628006 -27.7598 5.79559994
46.9182014 -27.7341995 6.50516653
46.8759499 -27.6704502 6.63389969
46.8853989 -27.7917995 6.81010008
46.8841476 -27.7417488 7.27540016
46.9167671 -27.676033 7.54586649
46.9050522 -27.7122498 7.7418499
46.8740501 -27.6844997 7.86524963
46.9048996 -27.7569008 8.76140022
46.833847 -27.6148491 8.86299992
46.8745995 -27.6893005 9.28030014
46.9084015 -27.7833004 9.67040062
46.8132019 -27.7817993 9.88049984
46.8277016 -27.6895008 10.1206999
46.969101 -27.7621002 10.3278999
46.9371986 -27.6532001 10.4358997
46.8535995 -27.6569004 10.7929001
46.8456001 -27.6095009 11.2754002
46.8695984 -27.6530991 11.4812002
46.8480988 -27.5548 7.18839979
46.9182014 -27.4925995 8.59599972
46.8736 -27.5471001 10.0136995
46.8605003 -27.4701004 10.7542
46.8834534 -27.5310497 10.8494492
46.9775009 -27.5205994 11.3590002
46.9179001 -27.5898991 11.5024004
46.9471016 -27.4342995 11.6721001
46.8479004 -27.3481007 10.9292002
46.9959984 -26.8549004 11.5696001
46.8781509 -26.8965988 11.7291498
46.9774017 -26.4081993 3.8052001
46.9544487 -22.8719006 -1.0927
46.9748993 -22.9148998 -0.509899974
46.927002 -22.8713989 -0.130549997
46.8236008 -22.9050007 0.0074
46.9634018 -22.8694992 0.521700025
46.9701004 -22.8052998 0.777800024
46.8524017 -22.8495007 1.00520003
46.8165016 -22.9186993 1.70140004
46.9417 -22.8369999 2.66109991
46.9659004 -22.7576008 -0.633300006
46.9671021 -22.71385 0.844799995
46.8998985 -22.7954998 1.01370001
46.8498688 -22.7311325 1.87036669
46.9265518 -22.6770515 2.04909992
46.8515015 -22.655201 2.51200008
47.1585999 -28.0081005 4.6164999
47.0680008 -27.8889999 4.44750023
47.0148506 -27.8677483 4.6494503
47.1363983 -27.8110008 4.87760019
47.1253014 -27.8381996 5.53660011
47.0820007 -27.8528004 5.99480009
47.1626015 -27.8038006 6.72419977
47.1032486 -27.8676491 8.73254967
47.0172997 -27.8101997 8.94180012
47.0339012 -27.9227009 9.40769958
47.0933533 -27.9200516 10.3700504
47.1548996 -27.6522007 6.26970005
47.0951996 -27.6900005 6.41300011
47.1196976 -27.7169495 6.62405014
47.0270004 -27.7801991 7.09800005
47.0611 -27.6704998 7.52199984
47.0252991 -27.6860008 7.94210005
47.1332474 -27.6336994 8.71294975
47.1390991 -27.6417007 8.83390045
47.1791 -27.7134514 9.84720039
47.0978012 -27.7914009 10.3401003
47.1114006 -27.6574993 10.9490995
47.096199 -27.6231995 11.3645
47.1487999 -27.5813007 6.26779985
47.1138 -27.5438995 7.19089985
47.0363007 -27.5403004 7.23040009
47.0717316 -27.4862671 10.9212999
47.1035004 -27.5517998 11.4948997
47.1891479 -27.4723511 11.6769505
47.0850983 -27.3078003 11.5697498
47.1200981 -26.6334 11.5425997
47.0093002 -26.4578991 3.97099996
47.0620995 -26.5429993 11.6660995
47.0935326 -26.3778 4.13096666
47.1000977 -26.1343498 3.65014982
47.0526009 -22.9047508 -0.97905004
47.1204987 -22.8316994 -0.187700003
47.0987015 -22.8239002 0.321999997
47.0615005 -22.7805004 -0.869599998
47.1537018 -22.7777004 -0.133499995
47.0786018 -22.7877007 0.00400000019
47.1467018 -22.7029991 0.53490001
47.0477982 -22.6872005 0.648199975
47.1661987 -22.7464485 0.916000009
47.1079483 -22.7216988 1.29575002
47.1296997 -22.6872005 1.42229998
47.0620995 -22.7635994 1.69545007
47.0756493 -22.6944008 1.95195007
47.0481491 -22.743 2.04764986
47.0942993 -22.6397514 2.32259989
47.0060997 -22.6331005 2.51480007
47.2761002 -27.8553009 4.84969997
47.3677979 -27.8468513 5.08234978
47.3891983 -27.8157997 5.36619997
47.2382011 -27.8024998 5.52199984
47.2812996 -27.8553505 5.71920013
47.2677994 -27.8408012 6.09520006
47.2748985 -27.8318005 6.23530006
47.2739983 -27.8031006 6.40339994
47.2050018 -27.9507999 10.2032003
47.2770004 -27.7768002 4.78270006
47.2699013 -27.7462997 5.36990023
47.3941002 -27.6737003 5.72889996
47.2767029 -27.6410999 6.48110008
47.3715515 -27.7392006 6.6868
47.3213005 -27.6504002 7.27489996
47.289978 -27.6897259 7.45332479
47.2644501 -27.6943016 7.96609974
47.2551003 -27.7415009 8.05510044
47.2029991 -27.7031994 9.2215004
47.3692017 -27.6938 9.63780022
47.3246002 -27.7364502 9.81040001
47.3218002 -27.6763992 10.3976002
47.3203506 -27.7432499 10.4352503
47.2044983 -27.6933002 10.8394003
47.2025986 -27.6394005 11.198
47.2548523 -27.5493507 10.7096996
47.2316017 -27.4591007 10.9327002
47.3123016 -27.5135002 11.3413
47.2812996 -27.5827999 11.4988003
47.3698997 -27.3104992 11.5014
47.3496017 -27.0394993 11.6661997
47.2543983 -26.7971001 11.5909004
47.2262001 -26.6937008 11.6087999
47.3330994 -26.3628006 3.96320009
47.2142982 -26.3745003 4.01319981
47.2526016 -26.2166004 11.9111996
47.3258018 -26.0093002 3.45619988
47.3097 -26.0368004 3.7823
47.3795013 -22.9333 -1.07550001
47.302002 -22.8536491 -0.842749953
47.2939987 -22.8784008 -0.699100018
47.3054008 -22.8171997 0.495400012
47.2996521 -22.8391991 2.05770016
47.2480011 -22.7131004 0.290899992
47.2658997 -22.7607002 0.573599994
47.3680496 -22.7702999 0.704949975
47.2015991 -22.7124996 0.909699976
47.3211517 -22.7581501 1.18954992
47.2938995 -22.7235489 1.35150003
47.2453003 -22.7209511 1.50520003
47.3334503 -22.7290993 1.72495008
47.3515015 -22.7182999 1.96080005
47.2742996 -22.7248344 2.09546661
47.2918015 -22.6604004 2.23070002
47.2546997 -22.7106991 2.51049995
47.4042015 -28.0046005 10.3729
47.4808502 -27.8571014 4.69404984
47.4492989 -27.9053001 4.9993
47.4524002 -27.8195992 5.1718998
47.5504341 -27.9132996 5.32336664
47.5617981 -27.8922997 5.58650017
47.4210014 -27.8302002 5.66009998
47.5278015 -27.8712997 5.91804981
47.4639015 -27.9350662 6.12906694
47.5230484 -27.9158001 6.2251997
47.5733986 -27.8003998 9.87489986
47.4682999 -27.7749996 4.96330023
47.5166016 -27.7935009 6.15350008
47.5127983 -27.7805996 6.38950014
47.5066986 -27.7269001 6.50909996
47.4157982 -27.7427006 7.02250004
47.5811996 -27.6956005 7.37750006
47.5135994 -27.7146664 7.69493341
47.4263 -27.6954994 7.96290016
47.5295982 -27.6123009 8.06900024
47.5173035 -27.6940994 8.32960033
47.4997482 -27.6858501 8.91864967
47.5968018 -27.6588001 9.64439964
47.4799004 -27.6850338 10.5027666
47.4869003 -27.6039009 10.99195
47.5611992 -27.7038994 11.4954004
47.4471016 -27.5659008 8.66549969
47.4473991 -27.5534 10.7775002
47.5164986 -27.5181007 11.2672005
47.4365997 -27.5669994 11.4624996
47.482048 -27.4591007 11.6415997
47.5368996 -27.3080997 11.4800997
47.5120506 -27.3142014 11.6864004
47.5115013 -27.0895996 11.5316
47.5868988 -27.1499004 11.6380997
47.5732002 -26.7530994 11.6466999
47.5027008 -26.6270008 11.8106003
47.4673996 -26.5112991 11.5627003
47.5281982 -26.4650002 11.7081003
47.4323006 -26.5862007 12.1822996
47.5676003 -26.5746994 12.5100002
47.4712982 -26.3486996 4.15579987
47.4655991 -26.3621998 4.46080017
47.4523506 -26.10425 3.48094988
47.4311981 -26.1954002 3.66170001
47.4504013 -25.9554005 3.4152
47.5345001 -25.9811993 3.65100002
47.5211678 -22.8978329 -1.11580002
47.5110474 -22.8771992 -0.73694998
47.5099487 -22.8507004 -0.495999992
47.4836998 -22.8441753 -0.287649989
47.4634018 -22.8523998 -0.108599998
47.5075531 -22.8628006 0.0847000033
47.4272499 -22.8411007 0.222449988
47.4858322 -22.8450336 0.500633359
47.4854012 -22.888401 0.626649976
47.5187988 -22.8312492 0.859799981
47.5139008 -22.8255997 1.14170003
47.4928513 -22.8901482 1.28684998
47.5578499 -22.8564243 1.50279999
47.5283012 -22.8090992 1.68270004
47.4169998 -22.7852993 -0.35769999
47.4062004 -22.7705994 0.380499989
47.4749985 -22.7844009 0.419999987
47.5362015 -22.7140999 0.781300008
47.4780006 -22.7893009 0.923300028
47.4757004 -22.762867 1.28859997
47.5181999 -22.7865009 1.45220006
47.4443512 -22.7399998 1.66684997
47.5331993 -22.7456493 1.85527492
47.5290604 -22.6971607 2.0991199
47.5209656 -22.6606331 2.30893326
47.4765015 -22.7213001 2.63890004
47.6647987 -28.1221008 4.94119978
47.7165985 -27.8393002 5.27659988
47.6801682 -27.8654671 5.51520014
47.6072006 -27.9349003 5.76130009
47.7849007 -27.8017006 7.58979988
47.7122993 -27.8940506 9.3132
47.6629982 -27.8211002 9.52729988
47.7873497 -27.8209 10.2809505
47.6185989 -27.7943993 5.29829979
47.6625671 -27.7200336 6.32060003
47.6048012 -27.7385006 6.58990002
47.7083015 -27.6317997 6.80140018
47.6715469 -27.6545486 7.33055019
47.6717491 -27.7294502 7.96049976
47.6071014 -27.6665993 8.45549965
47.6217003 -27.7451 8.95100021
47.6800003 -27.7763004 9.66930008
47.7507019 -27.7276993 9.80659962
47.6918983 -27.6417007 10.5370998
47.7253494 -27.6286011 10.7558002
47.750351 -27.6701508 10.9067497
47.6956329 -27.6368675 11.1274672
47.710701 -27.6535988 11.2915497
47.6711502 -27.5591011 6.90549994
47.7501984 -27.5617008 7.17280006
47.7980995 -27.5760002 7.76919985
47.6894989 -27.5960999 8.17660046
47.7313995 -27.4190006 8.94260025
47.6707993 -27.4326992 10.9243002
47.6193008 -27.5904007 11.21
47.7042007 -27.4246006 11.4385004
47.6659012 -27.4708004 11.6052999
47.7835007 -27.3803005 11.6458998
47.6545677 -27.0853996 11.4743662
47.6334991 -26.8143997 11.4933004
47.7566986 -26.7124004 11.7096996
47.6884003 -26.4869003 11.4277
47.7472992 -26.3374996 11.7883997
47.7174988 -26.0235996 3.52850008
47.6506996 -23.0116005 0.307599992
47.6955986 -23.0494003 1.38940001
47.7717018 -22.9624004 -0.966099977
47.6296005 -22.9897003 -0.531499982
47.749649 -22.8618507 -0.356949985
47.6242981 -22.9119987 -0.0200999994
47.6055984 -22.9139996 0.00719999988
47.6955986 -22.9771004 0.552699983
47.6147995 -22.9596996 0.788600028
47.7929001 -22.8579998 0.888899982
47.6938019 -22.8994331 1.26203334
47.6208 -22.9256001 1.52100003
47.762249 -22.8482494 1.62459993
47.729248 -22.8303986 2.06325006
47.6388016 -22.7721996 -0.31279999
47.7854004 -22.7630997 0.951900005
47.7289505 -22.7468491 1.31585002
47.7613983 -22.7605 1.73790002
47.6908989 -22.6845341 1.90883327
47.6720772 -22.687849 2.09502506
47.6035004 -22.6308994 2.25510001
47.9132996 -28.0041008 4.84660006
47.9617996 -27.8836994 5.42500019
47.8665657 -27.8435345 6.09560013
47.898201 -27.809 6.25969982
47.9625015 -27.8302002 9.89120007
47.9452019 -27.7297993 5.7961998
47.8125 -27.7584 6.16720009
47.8554993 -27.6723003 6.4980998
47.9058647 -27.7025661 6.73673344
47.9180984 -27.7061996 7.26624966
47.8890991 -27.7094498 7.52900028
47.9435997 -27.6817513 7.62185001
47.9424019 -27.6947002 8.12370014
47.9164009 -27.6427002 8.42889977
47.8278999 -27.743 9.7968998
47.8604012 -27.7558002 9.93780041
47.8871994 -27.7281494 10.0888004
47.8999672 -27.6885662 10.4906998
47.8272018 -27.6203995 10.6885996
47.9967995 -27.6665001 10.9237003
47.9950485 -27.65695 11.1083508
47.9351997 -27.6547508 11.3330002
47.9000015 -27.5289993 7.70069981
47.8576965 -27.5282001 8.49870014
47.8924675 -27.5445004 10.6963329
47.8917999 -27.5555 10.8191004
47.8967514 -27.5188484 11.0928993
47.8536987 -27.5778008 11.3572998
47.8682327 -27.5002995 11.4829664
47.8036003 -27.3987007 11.7539997
47.9849014 -27.1581001 11.5405998
47.8142014 -26.5470009 3.95700002
47.8935013 -26.5921993 11.8565998
47.8774986 -26.3595009 3.97300005
47.868 -26.0331001 3.3499999
47.906601 -25.9796009 3.37459993
47.9025002 -25.8600006 3.6868
47.8587494 -22.8654499 -1.07885003
47.8392982 -22.9190998 -0.67839998
47.967701 -22.8465996 -0.435000002
47.8191986 -22.9638004 -0.0671999976
47.9994011 -22.8409004 0.360000014
47.9529991 -22.8090992 0.59740001
47.8819008 -22.8099995 1.079
47.9571991 -22.8138008 1.64359999
47.9331017 -22.7495003 -0.803300023
47.9846001 -22.7901993 -0.117700003
47.880249 -22.7885494 1.28534997
47.8002014 -22.6875 1.91159999
47.906601 -22.7712002 2.11465001
47.8669395 -22.7025204 2.28320003
47.9119987 -22.7752991 2.45709991
48.1953011 -27.8745995 4.59240007
48.0373001 -27.9888992 4.64720011
48.1944008 -27.9386997 5.04990005
48.1729012 -27.8026009 5.29570007
48.0793991 -27.8346004 5.91809988
48.1284981 -27.9338665 6.15140009
48.1016998 -27.9083996 9.73620033
48.1929016 -27.7915001 5.1104002
48.1221008 -27.7947998 5.30310011
48.1762009 -27.7873001 5.71120024
48.0042 -27.7215996 6.22310019
48.0338516 -27.7338486 6.50224972
48.1172981 -27.7658005 6.62360001
48.0853996 -27.7316513 6.8373003
48.1220016 -27.6054993 7.13210011
48.0014992 -27.6758995 7.72879982
48.097599 -27.6688995 7.95599985
48.169899 -27.7234001 8.00580025
48.1085243 -27.6767254 8.30519962
48.1152992 -27.6767006 8.49349976
48.1584015 -27.6886005 8.63589954
48.0155983 -27.7271996 9.74199963
48.0763016 -27.6478004 10.1026001
48.0903015 -27.7467995 10.3064003
48.1086349 -27.6863327 10.524333
48.0080986 -27.6587009 10.7826004
48.1040001 -27.7004013 10.8941002
48.1650009 -27.649601 11.3017998
48.1646996 -27.5492001 7.0545001
48.0814514 -27.5528488 8.08500004
48.0612984 -27.5205994 8.41499996
48.0665512 -27.5911503 10.4973507
48.1220016 -27.5244999 11.3294668
48.1627998 -27.5317001 11.5950003
48.1320992 -27.2395992 11.5128498
48.1683006 -26.8236008 11.5923996
48.1605988 -26.8959007 11.6035004
48.1711998 -26.7101994 11.5099001
48.1672516 -26.5216484 3.96680021
48.1400986 -26.5674992 4.07390022
48.1451988 -26.5098 11.4664001
48.0396996 -26.5545998 11.6274996
48.1814003 -26.4780998 11.8627996
48.0982018 -26.1818008 3.57249999
48.1333504 -22.8614502 -1.14785004
48.1730652 -22.8823338 -0.887699962
48.1362991 -22.9589005 -0.638499975
48.1245003 -22.8264008 -0.328599989
48.0280685 -22.9207993 -0.0792333335
48.0894012 -22.8547001 0.141000003
48.112648 -22.9165993 0.341300011
48.0709991 -22.8511009 0.466699988
48.0639992 -22.8104 0.633599997
48.1887016 -22.8367004 0.832599998
48.084301 -22.8602009 1.29550004
48.0401993 -22.8017998 1.70210004
48.0377007 -22.7630005 0.77670002
48.1156502 -22.7746506 0.890150011
48.0489006 -22.7852993 1.0553
48.1263008 -22.7705002 1.57280004
48.1869011 -22.6667995 1.68289995
48.0947495 -22.713501 1.89004993
48.1096992 -22.6851006 2.05130005
48.1809006 -22.7175007 2.28679991
48.0643005 -22.7254009 2.40350008
48.3983002 -29.3917999 11.0637999
48.2472992 -28.0198002 5.98740005
48.2058983 -27.9848995 4.44029999
48.3254013 -27.8971996 4.69999981
48.3236008 -27.8020992 4.93130016
48.3630981 -27.8096008 5.50500011
48.2514992 -27.8180008 5.67859983
48.2545013 -27.8990993 6.13850021
48.2638664 -27.8332005 6.24346685
48.2114983 -27.8020992 7.26779985
48.2182999 -27.8192997 7.44180012
48.3086014 -27.8446999 9.64000034
48.3102493 -27.8634491 10.3074999
48.2719002 -27.8729992 10.5780001
48.3339005 -27.7964993 4.90789986
48.3983994 -27.7574997 5.12459993
48.2835007 -27.7768002 5.91860008
48.3623009 -27.6993008 6.12949991
48.256897 -27.7031498 6.5868001
48.3504982 -27.7698994 6.74459982
48.3289986 -27.7220993 7.11639977
48.3384018 -27.7446995 7.38670015
48.3122673 -27.683466 7.71326685
48.3493004 -27.7264004 7.85410023
48.3152008 -27.7066002 8.00119972
48.2635002 -27.7560005 8.42510033
48.2765007 -27.6547012 8.78319931
48.3922005 -27.6956997 9.24520016
48.3459015 -27.7761993 9.70069981
48.2832336 -27.7581997 9.86816692
48.3133469 -27.6842003 10.3882008
48.2172012 -27.6308994 11.1400003
48.3218002 -27.6714001 11.4151001
48.286499 -27.5948009 5.49280024
48.394001 -27.4703999 9.9453001
48.3456001 -27.4904995 10.8446999
48.3300667 -27.4582329 11.0714998
48.2249985 -27.4701996 11.5228996
48.280201 -27.3404999 11.5226002
48.2644005 -27.1513996 11.3799
48.2831001 -27.1203995 11.5609999
48.2521973 -26.8321495 11.4901505
48.2454529 -26.7399483 11.5202503
48.2645988 -26.4452 4.0158
48.398201 -26.5125999 11.5244999
48.2145996 -26.2558002 3.73830009
48.3839989 -26.3644009 3.85030007
48.3297501 -26.3688507 4.02225018
48.2695999 -26.3209991 11.8045998
48.3848991 -25.9158001 3.33010006
48.2697334 -25.940567 3.46039987
48.2244987 -22.8377991 -1.09360003
48.2887001 -22.9001007 -0.911800027
48.325901 -22.9295998 -0.471566677
48.286232 -22.8873329 -0.293099999
48.3465004 -22.9913998 0.0223999992
48.272049 -22.8608494 0.343999982
48.305851 -22.8270493 1.54215002
48.2538986 -22.8439999 1.64750004
48.3143005 -22.8307991 2.06459999
48.3222008 -22.7623997 -0.0680999979
48.3420982 -22.7640991 0.380499989
48.3345985 -22.7556992 0.585799992
48.3858986 -22.7399006 0.81400001
48.3087349 -22.7433662 1.08850002
48.2303009 -22.7409992 1.24660003
48.3515015 -22.7572002 1.56239998
48.3571014 -22.7637005 1.72280002
48.2855988 -22.7325993 1.98689997
48.3827019 -22.7586994 2.11759996
48.3236504 -22.71455 2.29585004
48.2728004 -22.6812 2.4835
48.5237503 -27.8437004 4.67930031
48.4085007 -27.8078995 5.20909977
48.5690002 -27.8085995 5.69999981
48.5962982 -27.8171997 7.65290022
48.4849014 -27.8055992 7.87589979
48.4815521 -27.722599 4.90269995
48.5659485 -27.7574997 5.31010008
48.5281982 -27.7388992 5.70179987
48.5094986 -27.7069664 5.90023327
48.4469986 -27.7863998 6.10129976
48.5152512 -27.7126007 6.32260036
48.5499001 -27.7520008 6.73099995
48.5481987 -27.7360001 7.45120001
48.4841499 -27.6631508 7.68449974
48.5505981 -27.7222996 7.81260014
48.5427475 -27.7140999 8.53125
48.5903015 -27.7439003 8.60879993
48.5825996 -27.7175999 9.08430004
48.5388985 -27.6343002 10.2749996
48.5158272 -27.6529503 10.51015
48.4227982 -27.6119995 10.6746998
48.4174004 -27.6187992 10.9321003
48.4798012 -27.6159 11.4245996
48.4454002 -27.4878006 7.5875001
48.5559998 -27.5835991 8.04740047
48.5 -27.5685005 10.1149502
48.5035019 -27.5851002 10.4559002
48.5468979 -27.5811501 11.3463993
48.5597 -27.2196999 11.5823002
48.5158005 -27.0850487 11.5593996
48.4469986 -26.6595001 11.5135002
48.4444008 -26.5979996 11.5960999
48.4589005 -26.4419003 11.6500998
48.4089012 -26.3624992 11.7959003
48.4647522 -26.0708504 3.4706502
48.5271988 -26.0876999 3.76539993
48.5315018 -25.9451008 3.52080011
48.5433006 -22.9169998 -1.04649997
48.5396004 -22.8456993 -0.511600018
48.5399017 -22.8048992 -0.375699997
48.4267998 -22.8665009 0.50120002
48.4065018 -22.8346996 0.77579999
48.5028992 -22.8619003 0.880599976
48.5042 -22.7873001 0.326700002
48.4550018 -22.7982006 0.716700017
48.4793015 -22.7837009 0.829200029
48.4842758 -22.7401752 1.27482498
48.5045013 -22.7341995 1.52433336
48.5094681 -22.6987 1.91283333
48.5506516 -22.7306499 2.03065014
48.5271759 -22.733551 2.26932502
48.7066994 -27.8274994 4.53049994
48.6172981 -27.8383007 4.77339983
48.7248993 -27.8318005 5.1079998
48.6473999 -27.9465008 5.3979001
48.7132988 -27.8041 5.4822998
48.7456017 -27.8225002 10.3205996
48.6293983 -27.7299995 4.56650019
48.6842499 -27.7794991 4.68389988
48.7144012 -27.7749996 5.03499985
48.7939987 -27.6056995 5.36310005
48.6965485 -27.7106991 5.49749994
48.6867981 -27.7171001 6.13810015
48.6994019 -27.7369499 6.32940006
48.7687988 -27.7376003 7.18389988
48.7480507 -27.7328987 7.28380013
48.6151009 -27.7409992 7.4604001
48.7453003 -27.7042999 7.77376652
48.6564484 -27.6777496 7.91689968
48.7011986 -27.6068001 8.33479977
48.7492981 -27.6138 8.53209972
48.6712341 -27.7057991 9.17223358
48.691597 -27.6776009 10.0855999
48.7011032 -27.7402496 10.3433495
48.7360001 -27.7245998 10.5599003
48.7210503 -27.6601505 10.6756496
48.6769981 -27.6152 10.8102999
48.6824341 -27.6580334 11.0635328
48.7369003 -27.6660004 11.2924004
48.6866989 -27.6534328 11.5022335
48.6119003 -27.5958996 5.9625001
48.7714005 -27.5366993 6.18179989
48.6735001 -27.5806999 6.56580019
48.6865997 -27.5529995 7.83920002
48.6353989 -27.5555496 8.35815048
48.6036987 -27.4948997 8.61100006
48.7015991 -27.4447002 9.13230038
48.7738991 -27.5324001 9.34370041
48.7172012 -27.4176006 9.77719975
48.7274017 -27.5139008 10.9122
48.6208992 -27.5625992 11.0854998
48.7380524 -27.5162506 11.2859001
48.7180023 -27.304451 11.45965
48.7994003 -27.3862 11.6506004
48.7463989 -27.1905003 11.5690002
48.7899017 -26.7702999 11.5492001
48.7770004 -26.6795998 11.6314001
48.6910019 -25.8864994 3.53830004
48.7904015 -22.8185997 -0.210700005
48.7024002 -22.8606491 -0.0802500024
48.7588005 -22.8225994 0.0749000013
48.7004013 -22.8554001 0.287900001
48.7559662 -22.8346996 0.500666678
48.7125015 -22.8332996 0.69599998
48.6642494 -22.8045998 1.33015001
48.7957993 -22.8155994 1.88689995
48.6110001 -22.7691002 -0.430900007
48.6710663 -22.7690659 0.0403000005
48.6870003 -22.7803993 0.243300006
48.6767693 -22.7848663 0.535233319
48.6780014 -22.7819996 0.900200009
48.6352997 -22.7271996 1.2493
48.6595688 -22.7655334 1.49556661
48.6679993 -22.7646999 1.71799994
48.6564331 -22.7138672 1.91323328
48.7212982 -22.7160988 2.0381999
48.7717018 -22.6714993 2.43429995
48.8748016 -27.8462009 4.76310015
48.8596992 -27.8020992 5.05119991
48.8342018 -27.8470993 5.77899981
48.8353996 -27.8141994 9.29259968
48.9858017 -27.7807007 4.44789982
48.9252014 -27.6888199 4.7167201
48.930603 -27.6949501 4.89769983
48.9832001 -27.6529999 5.48829985
48.8115997 -27.7994995 5.93569994
48.9771996 -27.7189999 6.14410019
48.9421005 -27.6366005 6.2901001
48.979248 -27.7091484 6.42344999
48.9817009 -27.6888008 7.00629997
48.8805008 -27.6744003 7.42299986
48.9678001 -27.6261005 7.71120024
48.8931999 -27.6145992 8.65200043
48.9905014 -27.6747017 8.89780045
48.8593674 -27.6884995 9.11310005
48.8964653 -27.6818333 9.32833385
48.8133011 -27.6348 9.75599957
48.9948997 -27.6501999 9.8032999
48.8903008 -27.6368999 10.3353004
48.9183998 -27.6914005 10.4256001
48.8439026 -27.6458511 10.7409
48.8869476 -27.6403503 11.1328497
48.8470993 -27.6851997 11.6164999
48.9189987 -27.5842991 5.79839993
48.8070984 -27.5991993 6.30849981
48.9462013 -27.5862007 8.35309982
48.9236984 -27.5991993 9.31709957
48.9221992 -27.5900993 10.5641003
48.8985977 -27.5483017 10.7212505
48.9558487 -27.5900497 11.1652498
48.8579025 -27.4513493 11.4993496
48.8704987 -27.5088005 11.6241999
48.8628006 -27.2845497 10.5372
48.9336014 -27.3756008 11.3687
48.9119987 -27.1343002 11.6202002
48.9636002 -26.8868999 11.6599503
48.8556976 -26.7440491 11.5312996
48.9609985 -26.5858002 3.93070006
48.9995003 -26.4827003 4.1493001
48.8386002 -26.4860001 4.35050011
48.9812012 -26.5351009 11.6601
48.9168015 -26.3504009 4.09689999
48.9206009 -23.0629005 0.820100009
48.9449997 -23.0144997 1.47909999
48.9944 -22.8558006 -1.01549995
48.8662987 -22.861866 -0.928833306
48.898365 -22.9181004 -0.548466682
48.9289017 -22.8246498 -0.316949993
48.8936996 -22.8497009 -0.070600003
48.8964348 -22.9263325 0.157800004
48.8845749 -22.8948002 0.313199997
48.9245682 -22.9228992 0.488433331
48.9133186 -22.8752003 0.696479976
48.8699646 -22.871933 0.902433336
48.9119682 -22.8887329 1.0935334
48.9238014 -22.8582993 1.47365999
48.8791008 -22.8237 1.61720002
48.9473991 -22.7675991 -0.988499999
48.9210014 -22.7500992 -0.5
48.8931007 -22.7626343 -0.281666666
48.8866997 -22.7744999 1.31429994
48.8284988 -22.7943001 1.50539994
48.9375992 -22.7933006 1.61049998
48.9074326 -22.7415009 1.92850006
48.9693527 -22.7353001 2.09095001
48.9375 -22.6625996 2.2506001
49.0516014 -27.9013004 4.5532999
49.1824989 -27.8528004 5.55880022
49.1411018 -27.8162003 6.1809001
49.0368004 -27.7444992 4.58529997
49.0764008 -27.7311001 4.64279985
49.1435013 -27.7113991 5.11520004
49.0985985 -27.7866993 5.5310998
49.1199493 -27.6943245 5.69710016
49.1839981 -27.7462006 5.90479994
49.1072998 -27.7844009 6.13119984
49.1149521 -27.6785011 6.50979996
49.1540985 -27.7085991 6.75290012
49.1834984 -27.7611008 6.80429983
49.0992012 -27.6273003 7.18569994
49.0643349 -27.7271328 7.2821002
49.1665001 -27.6273003 7.44570017
49.0835342 -27.6902676 8.75349998
49.0793991 -27.6193008 8.91380024
49.0654984 -27.6763992 9.13409996
49.0545006 -27.7395 9.3526001
49.0746002 -27.7047672 9.74860001
49.0257988 -27.6870995 9.91429996
49.0527 -27.6291504 10.3320007
49.1191483 -27.6847992 10.5216999
49.166153 -27.6475983 10.7474499
49.1637993 -27.7478008 10.9820995
49.0474014 -27.7451 11.1389999
49.0601997 -27.6637001 11.3954
49.0994034 -27.4929008 4.69280005
49.1526985 -27.5191002 5.00439978
49.1016006 -27.5779991 8.50629997
49.156601 -27.5575008 9.5781002
49.0545998 -27.5400009 10.3729
49.1730003 -27.5445004 10.4779997
49.0348015 -27.5737991 10.6738997
49.0963974 -27.5550499 10.8323002
49.1701012 -27.5251675 11.1304998
49.0133972 -27.5503998 11.2732506
49.0658493 -27.4891014 11.5555496
49.1478004 -27.3313999 4.24639988
49.1203995 -27.3057251 4.75720024
49.1856003 -27.2334003 4.93380022
49.0831985 -27.2213993 5.17780018
49.1638985 -27.2539005 7.72340012
49.1491013 -27.3596001 7.99490023
49.1123009 -27.3809509 11.5387497
49.1609001 -27.3054008 11.6085997
49.1511497 -27.1501007 5.08074999
49.1637993 -27.1201992 5.23190022
49.1175995 -27.0860996 6.04780006
49.0872993 -27.0792332 11.4301338
49.1805 -26.7628002 11.3980999
49.1484985 -26.5960999 11.4111004
49.0816994 -26.4213009 11.6470003
49.0806007 -26.2261009 3.89590001
49.1791 -26.1833 3.54570007
49.1539001 -26.1639004 3.69849992
49.0407982 -23.1268005 0.971499979
49.1251984 -22.8506508 -0.688650012
49.1520996 -22.8651009 -0.513999999
49.1018982 -22.8206005 -0.324550003
49.1724014 -22.8199997 -0.116300002
49.0196991 -22.9790993 0.409299999
49.1355324 -22.8780003 1.12916672
49.1088486 -22.8554001 1.2263
49.1163483 -22.8526993 1.57929993
49.077301 -22.8241997 1.7773
49.0427017 -22.7786007 -0.248500004
49.0467987 -22.7992992 -0.0838000029
49.0717316 -22.7309341 1.85220003
49.1114655 -22.683033 2.09603333
49.0486984 -22.6622009 2.28250003
49.0014 -22.7849007 2.4605
49.3445015 -27.8153 7.22170019
49.3246994 -27.7695007 4.17390013
49.2841988 -27.7534008 4.42570019
49.2936478 -27.7382011 5.74735022
49.2262993 -27.6368999 5.86520004
49.3660507 -27.6431007 6.09595013
49.2004013 -27.6958008 6.38509989
49.279068 -27.6699333 6.5128336
49.2646484 -27.6921997 6.72130013
49.2644005 -27.7326508 6.83749962
49.2839508 -27.7250004 7.08205032
49.2448997 -27.6795998 7.53579998
49.2280006 -27.7586002 8.65089989
49.2653999 -27.7126999 8.97570038
49.3698006 -27.6837006 9.22500038
49.2064018 -27.7182007 9.54300022
49.344101 -27.687233 9.92716694
49.2500992 -27.6296997 10.0489998
49.2714996 -27.6540337 10.2585001
49.3799973 -27.6658497 10.5801001
49.2426987 -27.6353493 10.6419506
49.3945007 -27.6490002 11.3955002
49.3431015 -27.5918007 4.59759998
49.3091011 -27.5863991 4.65019989
49.2216988 -27.5991001 7.30499983
49.2462006 -27.5657005 9.27509975
49.3367996 -27.5695992 9.7123003
49.2965508 -27.5428505 10.7007504
49.2598495 -27.5257988 11.3148499
49.3040009 -27.559 11.4379997
49.2898026 -27.3292999 4.37479973
49.2361984 -27.2856007 4.52729988
49.3493004 -27.3107338 4.7439003
49.3452988 -27.2636986 4.85694981
49.2848511 -27.2261505 11.6189499
49.3310509 -27.15555 4.93385029
49.2299995 -27.1788006 5.05609989
49.3978004 -27.1222992 5.23929977
49.2541008 -27.1070004 7.59499979
49.3027 -27.0946999 7.68624973
49.2742996 -27.1054993 7.80319977
49.3493004 -27.0363998 11.4981003
49.2580986 -27.1033993 12.9056997
49.3992004 -26.9129009 11.4906998
49.2831993 -26.8064003 11.6373997
49.3446007 -26.6292992 4.00339985
49.3951988 -26.6847 11.5312996
49.2588005 -26.4398003 4.08059978
49.2355003 -26.5620003 11.3900995
49.2540016 -26.5793991 11.4819002
49.2515984 -26.5177002 11.6379004
49.3917999 -26.2336998 3.5711
49.2630005 -26.3857002 4.01970005
49.2767982 -25.9598999 3.31680012
49.2616005 -25.9869995 3.41350007
49.3716011 -22.9535007 -1.051
49.2075996 -22.8493004 -0.817499995
49.3600998 -22.8588982 -0.729699969
49.3189011 -22.8292999 -0.414499998
49.3979988 -22.8775997 -0.257099986
49.3579483 -22.9205017 -0.0574999973
49.2728004 -22.9302502 0.126499996
49.3339005 -22.9109001 0.33860001
49.263401 -22.9193993 0.404500008
49.2919998 -22.8955994 0.967050016
49.2919998 -22.8449993 1.14170003
49.3229675 -22.8603992 1.3551333
49.3042641 -22.862566 1.51133335
49.3179016 -22.8628998 1.78690004
49.3949013 -22.8209 1.80869997
49.2672997 -22.7605 -1.36029994
49.389801 -22.7987995 -0.27669999
49.228199 -22.7987003 0.0524999984
49.3095016 -22.7954998 1.30490005
49.3104515 -22.759201 1.73800004
49.381752 -22.7423515 1.86879992
49.2758255 -22.7106247 2.08107495
49.3312988 -22.7266998 2.37949991
49.585701 -27.8187008 4.18660021
49.5802002 -27.8495007 4.32550001
49.4908981 -27.678566 4.14769983
49.5063248 -27.7355995 4.28625011
49.4415016 -27.6403999 4.43889999
49.4915009 -27.6537991 4.62519979
49.4137001 -27.6371002 5.6638999
49.5221977 -27.7639999 5.95309973
49.514801 -27.7574997 6.09649992
49.4858017 -27.6550255 6.34945011
49.4726982 -27.7490997 6.4980998
49.5540504 -27.7537003 6.66610003
49.4007988 -27.7033005 6.93249989
49.5960999 -27.6522007 7.31479979
49.5211983 -27.6623001 8.51830006
49.4990997 -27.7280998 8.88955021
49.5881996 -27.7180004 9.04850006
49.4712982 -27.7549 9.36050034
49.4063988 -27.6898994 9.48159981
49.4657516 -27.6555996 9.73320007
49.4701996 -27.6562004 9.90789986
49.4297981 -27.7059994 10.6625004
49.426899 -27.6732006 10.9890003
49.4586983 -27.6478996 11.2805004
49.4731979 -27.4758987 4.09290028
49.5103989 -27.4495506 4.54250002
49.5558014 -27.4612999 7.51639986
49.4322014 -27.5695992 8.86709976
49.5112648 -27.5643997 9.50699997
49.5483017 -27.5352001 9.75160027
49.4244003 -27.5960999 10.0974998
49.4211006 -27.5769997 10.2098999
49.5433006 -27.4300995 11.3044004
49.5659332 -27.4779339 11.5235004
49.5956001 -27.3484993 4.38250017
49.4236984 -27.3326988 4.46455002
49.5250015 -27.3027496 4.68615007
49.5937004 -27.2884998 7.39400005
49.4702988 -27.3663006 9.42819977
49.4522324 -27.3226662 11.4534664
49.5802994 -27.1970997 3.91869998
49.4557991 -27.0657005 4.16039991
49.4173012 -27.1749992 5.04920006
49.5424347 -27.1257324 5.28296661
49.5317993 -27.1203003 7.53389978
49.4410019 -27.1021004 7.74954987
49.5003014 -27.0314007 7.8888998
49.5396996 -27.0011005 8.10410023
49.5805016 -27.0680008 8.24569988
49.5848007 -27.0112 11.5955
49.5307007 -27.1760998 11.6100998
49.4740982 -26.8101006 3.96239996
49.5741997 -26.9983006 8.4236002
49.5345993 -26.9030495 11.5605001
49.5707016 -26.8456993 12.3484001
49.4043999 -26.6455994 3.96989989
49.4379501 -26.7070751 11.4907246
49.5009003 -26.4942017 11.4977493
49.5923996 -26.3929005 11.6184998
49.4299011 -26.3549995 11.9113998
49.4025002 -23.0074997 1.07060003
49.4023018 -22.8577003 -1.21510005
49.4887505 -22.8452492 -1.06865001
49.4747505 -22.85005 -0.930150032
49.4219017 -22.9146004 -0.637099981
49.4460983 -22.8752995 -0.58130002
49.5354004 -22.8187008 -0.397399992
49.5085983 -22.8589001 -0.0886000022
49.5699997 -22.8910007 0.201100007
49.5261002 -22.8752995 0.42809999
49.5788002 -22.9330997 0.670799971
49.4798508 -22.9090004 0.954050004
49.574501 -22.8155003 1.15460002
49.4210014 -22.8150005 1.26450002
49.5998001 -22.8292007 1.5941
49.4907494 -22.8272495 1.668275
49.4297981 -22.8304996 2.02830005
49.5173988 -22.7924995 -0.172999993
49.4625015 -22.7844009 1.26100004
49.5537491 -22.7224007 1.90370011
49.4291992 -22.7034664 2.11386681
49.4734497 -22.7294006 2.36870003
49.4178467 -22.6931992 2.50325012
49.5811005 -22.6779995 2.65849996
49.5187988 -20.7616997 -1.18809998
49.4026985 -20.2824001 -1.19860005
49.6598015 -27.8810005 4.19890022
49.7598 -27.8104 5.31419992
49.6293983 -27.8092995 5.5474
49.7951012 -27.8096008 6.90889978
49.7475014 -27.8010006 8.44839954
49.6977997 -27.7955513 5.70320034
49.7135658 -27.7283001 5.94673347
49.6766014 -27.737566 6.08033323
49.729351 -27.7439995 6.3362999
49.6856346 -27.6476669 6.49636698
49.6164017 -27.7719002 6.88530016
49.6808014 -27.6881332 7.30193329
49.6200981 -27.7182999 8.48760033
49.7879028 -27.6907005 8.74110031
49.7560005 -27.744751 8.92199993
49.6085014 -27.6469002 9.02709961
49.7483521 -27.7028236 9.29812527
49.7584 -27.6657009 9.68420029
49.7565994 -27.6921005 9.93480015
49.6484985 -27.6606998 10.1518002
49.7410011 -27.6679001 10.2732
49.7475014 -27.6774998 10.5051003
49.6420975 -27.6408501 10.71945
49.6355019 -27.6515007 10.9091997
49.6544991 -27.6278992 11.0945997
49.7265015 -27.6543007 11.3254995
49.6133995 -27.6165009 11.5937004
49.7169991 -27.5128002 6.56759977
49.7372017 -27.5167007 6.86439991
49.6554985 -27.5764008 9.19719982
49.6148987 -27.4864006 9.99170017
49.7867012 -27.5638008 10.5585003
49.766201 -27.5727005 10.8135004
49.6393013 -27.4885998 11.1364002
49.6563683 -27.5249653 11.3402672
49.7103004 -27.4726753 11.488925
49.6894493 -27.4610004 11.6230507
49.7251015 -27.3735008 4.6942668
49.7219467 -27.2884998 4.87230015
49.7456017 -27.2745991 5.04209995
49.759201 -27.2306995 5.31090021
49.7496986 -27.2091007 7.91970015
49.7491493 -27.2811012 11.4953995
49.6990013 -27.1121006 3.64520001
49.6969986 -27.1261005 5.09859991
49.6957474 -27.1567993 5.46869993
49.6497002 -27.1853008 7.32420015
49.7016487 -27.0993996 7.53725004
49.7686005 -27.1086006 7.61689997
49.799099 -27.1576004 7.99830008
49.6557999 -27.1814003 8.08320045
49.6469002 -27.0839996 11.5277996
49.6883011 -27.0599995 11.6408005
49.6157227 -26.8965263 11.4515753
49.6030006 -26.8743 11.6639004
49.7541008 -26.7413006 3.60470009
49.7130013 -26.6215992 11.4652996
49.7640991 -26.7826996 11.6632996
49.7549019 -26.2383003 3.45370007
49.793499 -25.8388004 3.32089996
49.7280998 -22.8670998 -0.965799987
49.6888008 -22.8417511 -0.672800004
49.6391983 -22.8202991 -0.559499979
49.7229996 -22.8351994 -0.313866675
49.7014008 -22.8645992 -0.0258000009
49.6505013 -22.8882504 0.109999999
49.6927338 -22.9185333 0.333999991
49.6948318 -22.8965321 0.529900014
49.6981812 -22.8963394 0.670960009
49.6419792 -22.8709011 0.902899981
49.709198 -22.8482742 1.1171
49.7446327 -22.8493996 1.29636669
49.6785507 -22.8689003 1.47204995
49.7900009 -22.8514996 1.64919996
49.7671013 -22.8006001 1.93719995
49.7830009 -22.9678001 2.546
49.7467995 -22.9027004 2.63269997
49.6296997 -22.7726994 1.17980003
49.7117348 -22.7735996 1.70893335
49.6355667 -22.7241993 1.94533336
49.6100006 -22.6844006 2.08990002
49.7709007 -22.7425995 2.2269001
49.792099 -21.1056004 -1.17949998
49.8484001 -27.8244991 3.5776
49.8919983 -27.8670006 3.77209997
49.9191017 -27.8157997 4.11259985
49.8396988 -27.8770008 5.59590006
49.9740982 -27.8887997 6.64669991
49.9263992 -27.8155994 6.83260012
49.8314018 -27.7507 3.98740005
49.9780006 -27.7745991 4.38999987
49.935051 -27.7200012 4.49779987
49.9148483 -27.7265511 4.66480017
49.990799 -27.7789001 5.4144001
49.8787994 -27.7587662 5.6940999
49.9982986 -27.7702999 6.18739986
49.84935 -27.7621002 6.71055031
49.8250008 -27.7320004 6.9598999
49.8736992 -27.7602997 7.00409985
49.8618011 -27.7259674 7.28256655
49.901001 -27.7175007 8.59920025
49.8652992 -27.7600002 8.78989983
49.8755989 -27.7886009 8.93610001
49.8968315 -27.6327991 9.07273388
49.8646774 -27.7189999 9.30700016
49.9047012 -27.6982002 9.47819996
49.8274994 -27.6893005 9.63020039
49.8577652 -27.6763992 9.91446686
49.9552002 -27.6720009 10.0696001
49.8697968 -27.7166996 10.3122997
49.9998016 -27.6637993 10.5951004
49.9901009 -27.6819 10.6162004
49.9110985 -27.7217007 11.0657997
49.9161644 -27.6579666 11.4281664
49.9397011 -27.5848999 4.67789984
49.9972992 -27.5025005 4.9847002
49.8578987 -27.5480003 7.1564002
49.8908997 -27.5669003 7.46689987
49.9634018 -27.5097008 9.88990021
49.9530487 -27.5638504 10.1212502
49.9152985 -27.5394001 10.5944996
49.8661995 -27.5697002 10.7721004
49.9084015 -27.5797997 10.9188995
49.9799004 -27.4848003 11.1566
49.8545685 -27.4930668 11.2936668
49.8606339 -27.5116329 11.4951
49.9286995 -27.3918991 4.53310013
49.8261986 -27.2371998 4.75360012
49.9127998 -27.2712002 4.90320015
49.904747 -27.2674503 5.17414999
49.8760986 -27.2296009 5.3671999
49.8993988 -27.2854004 7.48999977
49.8278008 -27.2586002 7.8599
49.8412018 -27.1746998 4.7336998
49.9704018 -27.118 7.83319998
49.9855995 -27.0618992 8.39009953
49.9707985 -27.0972004 11.1969004
49.8410988 -27.0909004 11.4344997
49.925499 -26.8803005 11.4587002
49.8922997 -26.6253014 11.4939499
49.857399 -26.6145992 11.6015997
49.9215508 -26.5149002 11.4898005
49.8252983 -23.0251007 1.40999997
49.8404999 -22.8917007 -1.32149994
49.9738998 -22.8281002 -1.01400006
49.8508987 -22.8792992 -0.883000016
49.8942986 -22.8442001 -0.44690001
49.9838982 -22.8278008 -0.0816000029
49.9700012 -22.8892002 0.340900004
49.9432983 -22.9230995 0.530399978
49.9605331 -22.8827343 0.902800024
49.8560677 -22.8705654 1.03639996
49.848999 -22.9057007 1.33255005
49.864502 -22.8608494 1.51139998
49.9690323 -22.8443661 1.70949996
49.8190994 -22.8218994 1.86179996
49.9033012 -22.7968006 -0.977500021
49.8501015 -22.7956009 -0.586600006
49.8296013 -22.7882996 0.920799971
49.8954239 -22.7475014 1.7256
49.8841171 -22.7249489 1.92725003
49.9892006 -22.7143993 2.2565999
49.9818001 -20.3463001 -1.43929994
50.1837997 -27.7896004 3.69169998
50.0827484 -27.7903004 3.91074991
50.0047989 -27.7751999 4.0763998
50.1058998 -27.765049 4.32854986
50.1199036 -27.7642498 4.70740032
50.0023994 -27.7332993 4.94099998
50.0556984 -27.7425003 5.00820017
50.1492004 -27.7719994 5.66930008
50.0050011 -27.7514 5.81659985
50.1156006 -27.6629009 6.36219978
50.0539017 -27.6676006 6.57089996
50.0634003 -27.7618999 6.70410013
50.1039009 -27.6828995 6.82000017
50.0388489 -27.7220993 7.16809988
50.0978012 -27.7721996 8.25269985
50.0931015 -27.7651997 8.47719955
50.0054016 -27.7439995 8.77810001
50.101799 -27.6733513 8.97234917
50.1643982 -27.6811008 9.32040024
50.1568527 -27.7430992 9.5557003
50.1425018 -27.6373997 9.71430016
50.0586014 -27.7353001 9.99660015
50.1276016 -27.7168007 10.0242004
50.1020508 -27.6714497 10.2792501
50.0400505 -27.6281013 10.4855499
50.1736984 -27.7429008 11.1296997
50.1728516 -27.6731491 11.2817993
50.0962982 -27.5198002 4.61180019
50.1032982 -27.5400009 5.19700003
50.1394997 -27.5895004 6.93499994
50.1587982 -27.4309998 7.8519001
50.1796989 -27.5976009 8.10569954
50.0784988 -27.4540005 10.1350002
50.1391983 -27.4964008 10.2971001
50.1413994 -27.5338001 10.5754995
50.1194 -27.5818005 10.7160997
50.0036011 -27.5664997 10.9527998
50.0395012 -27.5960007 11.1435003
50.1216011 -27.4228992 11.2749996
50.0750999 -27.5324001 11.5586996
50.0946999 -27.4468994 11.6183996
50.1408997 -27.2985992 4.35519981
50.1293983 -27.3339996 4.61740017
50.0753479 -27.2445488 4.8118
50.0518036 -27.2882004 5.1415
50.044548 -27.2920494 5.29934978
50.0614014 -27.3113995 7.94350004
50.10606 -27.3217793 11.5122004
50.0033989 -27.1732006 5.05310011
50.026001 -27.1602993 7.9993
50.0925331 -27.0550327 11.4496002
50.0722008 -26.9862003 7.66099977
50.1213989 -26.9124508 11.5039501
50.1064339 -26.7081661 11.4765005
50.0583992 -26.6238003 11.7540998
50.0036011 -26.7434998 11.8444996
50.1842003 -26.5153008 11.6244001
50.1841011 -26.3955994 11.5354996
50.0685654 -22.8647671 -1.02146661
50.1009674 -22.8449669 -0.829966664
50.0934982 -22.8472996 -0.736500025
50.0998993 -22.8384991 -0.410100013
50.1298523 -22.8369484 -0.377849996
50.1240997 -22.9261494 -0.0953500047
50.1010742 -22.8400993 0.0612750016
50.1734505 -22.8640003 0.221249998
50.1277008 -22.8997002 0.417699993
50.1161499 -22.9445992 0.776550055
50.1044998 -22.8474998 1.12010002
50.110733 -22.8748341 1.2529
50.1367989 -22.8591499 1.48329997
50.1346016 -22.8110008 2.19190001
50.1304016 -22.7994003 -0.524100006
50.1113968 -22.7835999 -0.324900001
50.1543999 -22.7780991 1.52559996
50.1337509 -22.7317505 1.86597502
50.0860138 -22.7256565 2.09347153
50.1441002 -22.7133007 2.27349997
50.1054001 -22.7042007 2.46070004
50.3888016 -28.0646992 4.91669989
50.3462982 -28.0457993 5.14529991
50.3325996 -27.8866005 3.49699998
50.2742004 -27.8595009 3.65229988
50.2192001 -27.8759003 4.06720018
50.3869019 -27.9519005 4.38679981
50.3077011 -27.8640003 4.46210003
50.2853394 -27.8892002 4.70122004
50.3748016 -27.9382 5.19239998
50.239399 -27.8511009 5.4847002
50.3362007 -27.8512993 5.79629993
50.3487015 -27.8927002 5.92299986
50.3604012 -27.8407993 6.14190006
50.3949013 -27.8218002 8.87020016
50.3908997 -27.8279991 9.18060017
50.3664017 -27.8185997 9.26449966
50.3558006 -27.8092995 9.97350025
50.3722 -27.7591 3.73609996
50.2444 -27.7653999 4.24989986
50.343399 -27.7558002 4.73960018
50.2586517 -27.7452011 6.26140022
50.3080978 -27.6575508 6.48810005
50.3185005 -27.7506008 6.70499992
50.2495995 -27.7766991 7.10669994
50.2943993 -27.6121998 7.48379993
50.2094002 -27.6548996 7.82240009
50.2425003 -27.6767006 8.02400017
50.3708 -27.6247997 8.20170021
50.222847 -27.6838989 8.67794991
50.2819977 -27.6733341 9.13463402
50.2839012 -27.6613998 9.32549953
50.3277016 -27.7201996 9.4489994
50.3252335 -27.6971664 9.71096706
50.3310471 -27.6917496 9.88170052
50.3031464 -27.717701 10.2902498
50.2788467 -27.6734009 10.4699497
50.3316994 -27.6490002 10.6744661
50.2612991 -27.6326675 10.8953333
50.2603989 -27.6118011 11.0263004
50.339901 -27.6601334 11.2431002
50.2104988 -27.4634991 5.07189989
50.2242012 -27.4972 7.1809001
50.2873497 -27.4738503 7.91645002
50.2307014 -27.4699001 8.07009983
50.3772011 -27.5548992 8.77190018
50.3581009 -27.5716 9.31799984
50.2766495 -27.5855999 9.42510033
50.2838516 -27.5330009 11.0659008
50.2491531 -27.4648514 11.3328495
50.2977982 -27.5237751 11.493475
50.2536011 -27.3249512 7.54695034
50.2258987 -27.2075996 7.72310019
50.2052994 -27.2623005 7.82660007
50.3736992 -27.3729992 11.3451004
50.3297005 -27.3076992 11.4849997
50.2561989 -27.1340008 7.72510004
50.3498993 -27.0326004 8.11159992
50.3950996 -27.1198997 11.4919004
50.2701988 -27.0657005 11.9139004
50.3501015 -26.9491005 11.2966995
50.2067986 -26.8218994 11.4608002
50.2903748 -26.4544487 11.5104752
50.3544502 -22.8693504 -1.16324997
50.3275986 -22.9034996 -0.833599985
50.2863998 -22.8501015 -0.542549968
50.3041 -22.8540497 -0.294025004
50.3075485 -22.8806496 -0.0828000009
50.2703018 -22.8834 0.180800006
50.276001 -22.8535995 0.39230001
50.3832016 -22.8248997 0.409200013
50.2946472 -22.8288002 0.918950021
50.3155746 -22.8363762 1.04957497
50.2868652 -22.8484993 1.34116662
50.3324013 -22.8567333 1.67136669
50.2114983 -22.8087006 1.8204
50.3016014 -22.8066998 2.24539995
50.2769012 -22.8087006 2.51469994
50.396801 -22.7950993 1.44330001
50.327301 -22.7713013 1.77635002
50.2713013 -22.7512016 2.06090021
50.2248993 -22.7164001 2.39779997
50.5073013 -28.0133991 5.00129986
50.5597992 -28.0620995 5.21049976
50.4528999 -27.8721008 3.33590007
50.4864998 -27.9041996 3.42149997
50.4063988 -27.8435993 3.88689995
50.5231514 -27.8653755 4.10637522
50.4690475 -27.8955498 4.26814985
50.4328003 -27.9271011 4.81260014
50.4980507 -27.9216747 5.27652502
50.5318985 -27.9402008 5.4861002
50.4062996 -27.8815002 5.94229984
50.5950012 -27.9671993 6.11619997
50.5155983 -27.8255005 6.91359997
50.4453011 -27.8099003 8.53289986
50.4043999 -27.8391991 8.79109955
50.4508018 -27.8369999 9.20160007
50.4760017 -27.8097 9.5777998
50.5494003 -27.8393002 9.71940041
50.5681 -27.9349995 9.84389973
50.4815979 -27.7910004 3.71845007
50.4486008 -27.7980003 4.04110003
50.5156479 -27.7476501 6.2251997
50.4875488 -27.7146988 6.50670004
50.5065231 -27.6854744 6.66147518
50.4033012 -27.7296009 6.94430017
50.4814987 -27.7331009 7.0954504
50.5297012 -27.6357994 7.37060022
50.5195656 -27.6623669 7.49109983
50.4560509 -27.6817017 7.67110014
50.4894981 -27.6070995 7.90859985
50.5203018 -27.7136993 8.10955048
50.5881996 -27.7127991 8.35659981
50.4360008 -27.7742004 8.85900021
50.4365997 -27.6930008 9.20110035
50.4744987 -27.7698994 9.46420002
50.4291992 -27.7203999 9.60659981
50.4772682 -27.7145329 9.88983345
50.5098495 -27.7171001 10.1037998
50.4884262 -27.7296257 10.2800503
50.4877014 -27.6320496 10.4761505
50.511631 -27.6238003 10.8901997
50.5092506 -27.6600494 11.1319504
50.5609016 -27.6369991 11.3446999
50.5325012 -27.7793007 11.4105997
50.4374008 -27.5949001 8.63869953
50.4090996 -27.5524998 10.3353996
50.4629326 -27.5738678 10.8873329
50.4903984 -27.4445992 11.0974998
50.422699 -27.5501995 11.3851004
50.5527992 -27.5116005 11.4976997
50.5352325 -27.2778339 11.5094004
50.4480019 -27.3938007 11.6150999
50.4169998 -27.3456001 11.9338999
50.4617996 -27.0273991 11.2182999
50.5427017 -27.1587009 11.4291
50.4306984 -26.8953991 11.5054998
50.4907494 -26.5256004 11.4930496
50.469101 -26.5944996 11.6438999
50.5554008 -22.9092007 -1.01440001
50.4869995 -22.8640003 -0.883766651
50.5223999 -22.8349495 -0.614149988
50.4452515 -22.8723488 -0.438250005
50.5344696 -22.8451004 -0.296033323
50.5694008 -22.9123993 -0.165700004
50.4564514 -22.8078499 0.13499999
50.5205002 -22.8307495 0.743849993
50.5112 -22.8497009 0.965499997
50.4991989 -22.9270992 1.70770001
50.5320015 -22.8169003 2.07969999
50.4432983 -22.8614006 2.59139991
50.5555 -22.7789001 -0.417400002
50.5217018 -22.7535992 0.160500005
50.4860992 -22.7852001 0.302100003
50.5127983 -22.7439995 0.407999992
50.4736481 -22.7713509 0.672350049
50.4978485 -22.7539005 1.06844997
50.4234505 -22.77495 1.50814998
50.408699 -22.7607498 1.73699999
50.493969 -22.7387333 1.95636666
50.465168 -22.745266 2.09076667
50.4419479 -22.72575 2.22900009
50.4782982 -20.8964996 -1.10039997
50.7748985 -28.0685997 3.36500001
50.6670494 -27.8610001 3.70705009
50.665451 -27.9522514 4.35974979
50.6819992 -27.9067497 4.43350029
50.6722984 -27.8990002 5.37349987
50.7617989 -27.8703003 5.56930017
50.6561012 -27.9216003 5.99790001
50.6299019 -27.8061008 6.31589985
50.6917343 -27.864233 6.48040009
50.7444 -27.8763008 8.93200016
50.6314011 -27.8523998 9.19209957
50.7560005 -27.9925995 10.0967999
50.6617012 -27.9199009 10.2767
50.7514992 -27.8437996 10.4260998
50.7056007 -27.7703991 3.98379993
50.6935997 -27.7698002 4.62720013
50.6725998 -27.7756004 5.76329994
50.7563019 -27.7902489 6.10890007
50.6159515 -27.6858501 6.31869984
50.7176018 -27.6452007 6.56839991
50.6973 -27.6518993 6.77010012
50.7120514 -27.6968002 6.91680002
50.6777992 -27.7667999 7.03690004
50.7286987 -27.7549992 7.37370014
50.6823502 -27.7515488 7.66870022
50.7813988 -27.7511005 7.96070004
50.697998 -27.7658997 8.07089996
50.6091003 -27.7024002 8.20339966
50.7033997 -27.7168503 9.6908493
50.7125664 -27.637167 10.1156998
50.665802 -27.6759491 10.4928493
50.6206017 -27.7091007 10.6443005
50.7080002 -27.7133999 10.9022999
50.6861992 -27.6694794 11.3045197
50.7743988 -27.7019005 11.4200001
50.6963997 -27.5599003 7.42749977
50.6946983 -27.5692005 8.61670017
50.7158012 -27.5825005 10.6252003
50.7977982 -27.5410995 11.0950003
50.6761017 -27.4799004 11.5107002
50.7495003 -27.0230999 11.5249004
50.7235985 -27.0321999 11.6005001
50.6225014 -26.8250008 11.3438997
50.6702003 -26.8701 11.4278002
50.7685013 -26.7665997 11.4022999
50.7257996 -26.4741001 11.5219002
50.7070999 -22.8234482 -1.2493
50.7412987 -22.8693333 -1.0485667
50.6111984 -22.8166008 -0.957499981
50.708168 -22.8577671 -0.693633318
50.7087479 -22.8502007 -0.477050006
50.6601982 -22.8871002 -0.233999997
50.7142258 -22.8524246 -0.0894749984
50.6425476 -22.8251991 0.127800003
50.6719017 -22.8019009 0.380299985
50.6227989 -22.8365002 0.918900013
50.6008987 -22.8845005 1.02349997
50.6054001 -22.8659 2.33310008
50.7405014 -22.9032001 2.49760008
50.6924973 -22.78895 -0.335350007
50.6737976 -22.7915001 0.0914500058
50.7841988 -22.7812996 0.318500012
50.619751 -22.7515488 0.704249978
50.7105255 -22.7630997 0.896624982
50.7216492 -22.77425 1.08255005
50.6967735 -22.746851 1.51104999
50.7374001 -22.6837997 1.71239996
50.6705017 -22.7407341 1.89816666
50.7682495 -22.7557487 2.1249001
50.7860336 -22.6777992 2.26889992
50.8702011 -27.9174995 3.67930007
50.9008484 -27.8426495 3.95799994
50.9510498 -27.8787498 4.25129986
50.9242744 -27.9039001 4.50887489
50.9393501 -27.888401 4.69925022
50.961998 -27.8684006 4.97154999
50.9831009 -27.8393002 5.02600002
50.848999 -27.9754009 5.39169979
50.90625 -27.883049 5.46939993
50.8804016 -27.8870506 5.63094997
50.8578682 -27.8976669 6.09240007
50.9584999 -27.8666 6.32040024
50.8807983 -27.8568993 6.51749992
50.962101 -27.8647003 9.64070034
50.9273987 -27.9897003 10.1582003
50.9149017 -27.8185997 10.3848
50.898201 -27.8199005 10.4622002
50.9706497 -27.7395496 4.08304977
50.9926987 -27.698 6.26889992
50.8689499 -27.7154999 6.51270008
50.9651031 -27.6874008 6.70270014
50.9132004 -27.6649494 7.03585005
50.9123001 -27.7383995 7.32119989
50.8880997 -27.7113991 7.55060005
50.895401 -27.7471008 7.94239998
50.9112511 -27.6576004 8.06959915
50.9370995 -27.6980991 8.24680042
50.8303986 -27.7579994 8.52070045
50.9510002 -27.7674007 9.68789959
50.8465996 -27.7222996 9.8409996
50.8746986 -27.7791996 10.0071001
50.9013329 -27.6599331 10.4215336
50.9517975 -27.6981506 10.7596998
50.8418007 -27.6205006 10.8658504
50.8892975 -27.6673012 11.0737
50.8999481 -27.6485004 11.3451004
50.8446007 -27.6620998 11.4443998
50.9822006 -27.5800991 8.90410042
50.8234482 -27.5616493 10.7646999
50.8900528 -27.5395508 10.9219503
50.8604012 -27.4874001 11.3316002
50.8343506 -27.5120506 11.4296503
50.9099998 -27.2791004 11.4282999
50.8686333 -27.1008987 11.4829664
50.8818016 -26.8346004 11.1189003
50.8232002 -26.8132992 11.3921003
50.8782005 -26.8612003 11.4903002
50.8246994 -26.8990002 11.6129999
50.8320999 -26.6921005 11.3039999
50.8585014 -26.7735996 12.2363997
50.9407997 -26.4988995 11.4847002
50.9580994 -26.5 11.7244997
50.8791008 -26.4514008 11.9960003
50.9933014 -26.3813992 11.5951996
50.9892998 -26.3290005 11.9214001
50.8506012 -23.0410995 2.51679993
50.9012985 -22.8173008 -1.07389998
50.8580818 -22.83992 -0.914820015
50.9575996 -22.8533001 -0.725849986
50.9132996 -22.8479996 -0.359600008
50.9244003 -22.8250008 -0.128666669
50.8496017 -22.8369999 0.265749991
50.9054985 -22.8202 0.408600003
50.9116516 -22.8078995 1.08284998
50.9370995 -22.8146 1.22280002
50.964798 -22.8099003 1.50989997
50.8805008 -22.8043995 1.69219995
50.8428993 -22.8108006 2.02870011
50.8978996 -22.9582996 2.58890009
50.9981995 -22.7616005 -0.569999993
50.8457985 -22.7527008 0.39410001
50.9468002 -22.7751999 0.476700008
50.8992004 -22.7698498 0.748099983
50.8823662 -22.7716331 0.869400024
50.9237976 -22.7860985 1.34724998
50.8455009 -22.7463341 1.65503335
50.8920326 -22.7126331 1.92349994
50.9040985 -22.7528992 2.13614988
50.9057503 -22.71595 2.32605004
50.8600006 -22.7313995 2.44930005
51.1196518 -27.8460999 3.57800007
51.028801 -27.8933487 3.72029996
51.0532684 -27.9010334 3.89069986
51.1040497 -27.8848495 4.11044979
51.1164322 -27.9275665 4.73416662
51.0018005 -27.8906002 5.21080017
51.1475983 -27.9081001 5.58900023
51.1607018 -27.9193993 5.62809992
51.0248985 -27.9498997 5.90320015
51.0992012 -27.8255997 6.42199993
51.0555 -27.8414993 7.51039982
51.1374016 -27.9109993 10.1759005
51.0986328 -27.8968658 10.302
51.0665016 -27.7992992 4.98530006
51.0376511 -27.7341003 6.31104994
51.0741005 -27.6748009 6.52150011
51.0811005 -27.6861 6.60979986
51.1038513 -27.695549 7.07415009
51.0334015 -27.7049999 7.33330011
51.0004005 -27.6933002 7.56580019
51.0963516 -27.7458496 7.7045002
51.1416473 -27.7044487 7.8590498
51.0358009 -27.6615009 8.14690018
51.1977997 -27.7444 8.69970036
51.1772499 -27.7619495 8.93700027
51.1254005 -27.7782993 9.14330006
51.0561981 -27.6947994 9.40200043
51.1290016 -27.7017002 9.7798996
51.0680008 -27.7485008 9.94509983
51.1352348 -27.6644344 10.7074337
51.1231651 -27.687067 10.8209333
51.0758018 -27.6033001 11.1866999
51.0432968 -27.6786003 11.4664001
51.0766983 -27.5632 8.67389965
51.0805321 -27.5747337 10.5798664
51.1208992 -27.5737 10.7428999
51.1539993 -27.5261993 10.8399
51.0972748 -27.5043755 11.2673502
51.1132317 -27.4934998 11.4729338
51.0508003 -27.5258999 11.6307001
51.1050339 -27.2968006 11.5080662
51.1223984 -27.1230507 11.5067005
51.1580009 -26.9145508 11.4144001
51.148201 -26.6989002 11.1782999
51.1069336 -26.7329006 11.4756336
51.1167984 -26.5669003 11.3842001
51.115799 -26.4710999 11.53195
51.1570015 -23.0030003 0.507799983
51.114502 -22.8584347 -0.914399981
51.1234016 -22.8271999 -0.663200021
51.1668015 -22.8396492 -0.505299985
51.0898018 -22.8261662 -0.259433329
51.0159988 -22.8589993 -0.0929000005
51.0975609 -22.9111996 0.158100009
51.084301 -22.9342499 0.329050004
51.129734 -22.8959675 0.477266669
51.1246986 -22.9221001 0.677299976
51.0999489 -22.9186249 0.8495
51.0112 -22.8525009 1.03439999
51.069767 -22.8509331 1.29480004
51.1193771 -22.8462257 1.51920009
51.030899 -22.7982998 -0.792200029
51.0463982 -22.7772999 -0.462700009
51.0424995 -22.7994003 0.29550001
51.0205002 -22.7796993 1.57809997
51.0606194 -22.7741394 1.68568003
51.1936989 -22.7835999 1.80420005
51.0997009 -22.722599 2.05723333
51.0047989 -22.6658993 2.25349998
51.160099 -22.7682991 2.41230011
51.2341995 -28.0000992 5.38140011
51.3502007 -28.0498009 6.10029984
51.3997993 -28.0245991 10.2714005
51.339901 -27.8859005 3.54110003
51.3034515 -27.8352509 3.8657999
51.3908997 -27.8006992 4.03240013
51.2350006 -27.9129009 4.53719997
51.2234993 -27.9678001 4.9776001
51.3040504 -27.9645004 5.25075006
51.2016983 -27.8950005 5.44869995
51.2895012 -27.8393002 5.62169981
51.3414001 -27.8859005 6.18489981
51.2330513 -27.8185997 6.22119999
51.3703003 -27.8654995 6.66400003
51.2472 -27.8201008 6.8506999
51.3927994 -27.8220005 7.4552002
51.2249985 -27.8085995 7.67869997
51.3022499 -27.8296509 9.15184975
51.3076477 -27.8437996 9.34010029
51.3602982 -27.9006996 9.50790024
51.3648987 -27.8351002 9.6711998
51.2024002 -27.8206997 10.1497002
51.3036499 -27.7961502 3.92580009
51.3522987 -27.7824993 4.6243
51.2630997 -27.7632008 6.15240002
51.3279991 -27.7689991 6.23810005
51.354248 -27.7305489 6.95629978
51.249649 -27.642601 7.0791502
51.3084335 -27.7288342 7.33706665
51.3517494 -27.6717491 7.48525
51.3888016 -27.7728004 7.64279985
51.2792511 -27.7368507 7.92980003
51.2640991 -27.77075 8.07435036
51.2644005 -27.7285671 8.30940056
51.2556992 -27.7176991 9.23509979
51.2458 -27.7196007 9.79080009
51.3930016 -27.7535992 9.87030029
51.3411026 -27.7040653 10.1182661
51.3575974 -27.7094498 10.3952999
51.3562012 -27.6688995 10.5404501
51.230999 -27.6324005 10.6950998
51.2980003 -27.6285496 10.9474001
51.2919312 -27.6923656 11.0768003
51.334198 -27.6161995 11.2541008
51.2848511 -27.6560497 11.4370499
51.2843018 -27.5410004 8.35929966
51.2438011 -27.5557003 9.9854002
51.2827988 -27.5527 10.5123997
51.3228989 -27.4195995 10.7733002
51.3735008 -27.5228996 10.8119001
51.3698006 -27.5946007 11.073
51.2547493 -27.4979 11.2645493
51.3736992 -27.5876007 11.5180998
51.3469009 -27.3745003 11.3961
51.283535 -27.322567 11.4979668
51.2459984 -27.0044003 11.4771996
51.3670006 -26.8561993 11.3887997
51.344101 -26.8658009 11.5215998
51.2670517 -26.7731514 11.4545002
51.2831001 -26.5135994 11.5183001
51.2458992 -26.5414009 11.9947004
51.2986984 -26.3328991 11.4098997
51.2789001 -23.0251007 0.302399993
51.2835999 -23.0039997 0.501900017
51.2831001 -23.0193005 0.686800003
51.3677979 -23.1191502 0.957149982
51.3998985 -23.0184994 2.43449998
51.2266006 -22.8719997 -1.26020002
51.3446007 -22.8502998 -1.09309995
51.2598991 -22.8245506 -0.938899994
51.3356514 -22.8267498 -0.726699948
51.3362999 -22.8416004 -0.403699994
51.2240982 -22.8348503 -0.29034999
51.3030243 -22.9101753 -0.126574993
51.2893753 -22.9092751 0.0811000019
51.3365479 -22.9691505 0.503450036
51.291748 -22.9632492 0.729600012
51.2916985 -22.9710999 0.950999975
51.2179031 -22.9145012 1.07145
51.2621193 -22.8796406 1.27061999
51.2653999 -22.9155006 1.51335001
51.3041992 -22.8813 2.27029991
51.3350677 -22.8633327 2.49659991
51.2905998 -22.7999992 -1.0898
51.3157997 -22.7945995 -0.30399999
51.3055 -22.7579498 1.76359999
51.353199 -22.7502995 1.87720001
51.2591019 -22.7481003 2.05044985
51.2607002 -22.6858006 2.30130005
51.3865013 -22.3619995 -1.25469995
51.2158012 -22.1277008 -1.33920002
51.3422012 -20.4459991 -1.30490005
51.4431992 -28.0331993 4.95090008
51.5521011 -28.0522995 5.63700008
51.4168015 -27.9682999 3.4625001
51.4093018 -27.9437008 3.8283
51.4235992 -27.8328991 4.11670017
51.5368004 -27.8768997 4.2038002
51.4087982 -27.8780994 6.13549995
51.5407982 -27.8787003 6.2967
51.4782028 -27.8252983 7.26329994
51.5054016 -27.9204998 8.56980038
51.4511986 -27.9484997 8.94799995
51.4127998 -27.9076996 9.14000034
51.4690018 -27.8550987 9.30789948
51.464901 -27.8304996 9.93229961
51.4594002 -27.9037514 10.2861004
51.4501495 -27.8446999 10.4640503
51.5377998 -27.7975006 6.42229986
51.4528999 -27.72365 6.73834991
51.4812508 -27.7206993 6.92320013
51.5414009 -27.7584991 7.34609985
51.5601006 -27.7780991 7.43249989
51.5174026 -27.7010002 7.6633997
51.4944496 -27.7220001 7.84245014
51.5550995 -27.6861992 8.12779999
51.4371986 -27.7287006 8.29559994
51.5704994 -27.7271996 8.52830029
51.4406013 -27.6828995 8.61330032
51.4500008 -27.7500992 9.65209961
51.4580498 -27.695549 9.88665009
51.5277023 -27.7943001 10.1609001
51.5460663 -27.7349339 10.2801666
51.4054985 -27.6553001 10.4069004
51.4610519 -27.6527748 10.7216244
51.5326347 -27.6510658 11.099967
51.5377502 -27.6219006 11.3207998
51.4939003 -27.6229496 11.4204502
51.5844994 -27.4813995 7.03170013
51.4440002 -27.5718002 10.4962997
51.5388031 -27.5880013 10.9086504
51.4020004 -27.5977001 11.0347996
51.5252647 -27.5668659 11.2679996
51.4969673 -27.506916 11.480566
51.5163994 -27.3892994 11.3683996
51.507267 -27.2721672 11.4715672
51.4684486 -26.9240494 11.3580999
51.4740982 -26.8950005 11.5312004
51.4389343 -26.6807003 11.5256338
51.5712013 -26.5055008 11.5389004
51.4758987 -23.0382004 -0.0778999999
51.4782982 -23.0946999 0.0683000013
51.5623474 -23.0555992 0.671299994
51.5680008 -23.0072002 0.942900002
51.5578995 -23.0393009 2.51489997
51.5169983 -22.8922997 -1.25030005
51.4990997 -22.8206329 -0.860933304
51.5957489 -22.84025 -0.717000008
51.5375748 -22.8274498 -0.517099977
51.4897614 -22.84482 -0.350800008
51.4992752 -22.9218254 -0.0838750005
51.5816994 -22.9974995 0.329100013
51.5261002 -22.9692001 0.531700015
51.5877991 -22.9393005 0.732299984
51.47575 -22.9435997 0.846300006
51.440834 -22.9080658 1.09186661
51.4661026 -22.9238338 1.31406665
51.5198784 -22.8742199 1.51191998
51.469799 -22.8071995 2.24379992
51.4813538 -22.8803501 2.45020008
51.4305992 -22.7975998 -0.200200006
51.5224991 -22.7684498 1.7651
51.513649 -22.7994499 1.90525007
51.5272675 -22.7255325 2.1037333
51.593399 -22.7406006 2.2966001
51.4123993 -22.7833996 2.42379999
51.7047005 -28.0335007 5.20660019
51.7607002 -28.0645008 5.9927001
51.7675018 -27.8707008 3.70615005
51.6767502 -27.8496246 3.90252495
51.6646996 -27.8707008 4.13509989
51.7207031 -27.8239517 4.32079983
51.7905006 -27.9557991 4.52640009
51.7011986 -27.9799004 4.94560003
51.7252998 -27.8868999 5.10059977
51.6977005 -27.8727989 5.35109997
51.7085991 -27.8715 5.57560015
51.6514015 -27.8644009 5.74569988
51.7815018 -27.8225994 6.22870016
51.7401009 -27.8507996 6.83990002
51.6706009 -27.8113003 8.16790009
51.6884995 -27.8234005 9.75199986
51.6551018 -27.8223 10.1470003
51.6903 -27.9434013 10.2581501
51.6142998 -27.7486 5.67549992
51.6828995 -27.7758007 6.18650007
51.6295013 -27.7409 6.49900007
51.7003021 -27.77705 6.64914989
51.6877975 -27.7043991 6.93044996
51.6428986 -27.7064514 7.09959984
51.6958008 -27.7178001 7.34119987
51.6678009 -27.7367001 7.67070007
51.6972351 -27.7244339 7.93830013
51.7513008 -27.7560997 8.33735085
51.7921982 -27.6228008 8.42940044
51.6791992 -27.6954994 8.63430023
51.6565018 -27.7134991 9.75279999
51.6441994 -27.7737007 9.85770035
51.7187996 -27.7702999 10.3879004
51.6640015 -27.6706009 10.5228996
51.7284508 -27.672699 10.9053001
51.6343002 -27.642849 11.1035004
51.7408981 -27.6529007 11.2812004
51.7787018 -27.6243 11.4210997
51.6801987 -27.5986004 10.7572002
51.7568359 -27.5645008 11.1241665
51.6715012 -27.4850006 11.3608494
51.7916985 -27.4836006 11.4654999
51.7671013 -27.2490997 11.4534998
51.672699 -27.1844997 11.3071003
51.7764015 -27.0657005 11.4723997
51.6682243 -26.9110756 11.4668503
51.6557999 -26.6704998 11.3744001
51.7061653 -26.722599 11.4647331
51.634201 -26.6674995 12.0150003
51.6949005 -26.4885502 11.5069504
51.7020493 -26.4448509 11.6334496
51.7807999 -26.5030994 12.0179996
51.7428017 -26.2966003 11.6549339
51.7315521 -22.869875 -1.07249999
51.6736984 -22.8469009 -0.976599991
51.6945 -22.8980999 -0.709900022
51.7000999 -22.8164997 -0.501699984
51.7004738 -22.852951 -0.318275005
51.7321472 -22.9011002 -0.0834999979
51.6487007 -22.9197998 0.0947000012
51.7267647 -22.9144993 0.529666662
51.7479019 -22.9203663 0.67869997
51.6963997 -22.8589001 0.900699973
51.7119255 -22.9144745 1.09969997
51.7211342 -22.8747997 1.28943336
51.6536026 -22.8408508 1.52474999
51.6836014 -22.9192009 1.60360003
51.6913528 -22.8921013 2.35734987
51.7876015 -22.9123993 2.54489994
51.7092018 -22.7124004 1.99129999
51.6634331 -22.7172661 2.07103348
51.7528 -22.7740993 2.27169991
51.7319984 -22.7112007 2.70370007
51.6969986 -22.3318005 -1.20169997
51.9304008 -27.8743992 3.81200004
51.8308983 -27.8694 4.2336998
51.9364014 -27.9137001 4.74620008
51.9123993 -27.9489002 4.80910015
51.8753014 -27.8962994 5.10809994
51.8520012 -27.8575993 5.26230001
51.8363991 -27.8267002 5.67939997
51.8328018 -27.9300995 9.05169964
51.8883018 -27.8537006 9.76809978
51.8448982 -27.8861008 9.82050037
51.9510002 -27.8309994 10.2491999
51.9599991 -27.7926998 3.89450002
51.9197006 -27.7710991 6.32644987
51.9598007 -27.6669998 7.2335
51.9757004 -27.7336998 7.40959978
51.9003983 -27.7175007 7.61959982
51.8905983 -27.6494007 8.00039959
51.9472008 -27.698 8.21730042
51.8862991 -27.7357998 8.6875
51.9720001 -27.6825008 9.95040035
51.8384018 -27.7780991 10.0797997
51.9472504 -27.7350998 10.3211994
51.91605 -27.6960754 10.4881001
51.8428497 -27.6437492 10.7343502
51.8962517 -27.6584015 10.8504505
51.8502998 -27.618 11.1169996
51.9048004 -27.6791325 11.2784996
51.9347992 -27.6035995 11.4392996
51.9747009 -27.5790997 8.52859974
51.8221512 -27.5709 10.4951
51.9477997 -27.5888996 10.7208996
51.8749504 -27.5792999 11.0627995
51.8997498 -27.4617004 11.3789005
51.898941 -27.5177193 11.5076399
51.9758987 -27.2742004 11.3983002
51.9487 -27.2432995 11.5984001
51.9604988 -27.1648998 11.3815002
51.8325996 -27.1259003 11.4129
51.8282013 -27.0020008 12.9427996
51.9052505 -26.8385506 11.3341007
51.866951 -26.8941002 11.4278498
51.8960991 -26.6280003 11.3969002
51.9272346 -26.688467 11.453867
51.8690491 -26.4770012 11.47435
51.8702011 -26.4888 11.6217003
51.8874016 -26.3948002 11.4389
51.9754982 -23.0053005 0.472299993
51.8610001 -22.9116993 -1.29439998
51.9487 -22.8673992 -1.17789996
51.9023514 -22.8479996 -0.937900007
51.8560333 -22.829567 -0.702166677
51.9114494 -22.8421249 -0.558025002
51.8941002 -22.8306503 -0.289299995
51.9337997 -22.8831997 -0.0987666696
51.8782005 -22.9164009 0.0674500018
51.9439011 -22.9062004 0.294449985
51.9211006 -22.9174252 0.499350011
51.9371758 -22.9054756 0.724775016
51.8877487 -22.8862247 0.901650012
51.8639526 -22.8805504 1.15140009
51.9650993 -22.8856735 1.29629993
51.9868317 -22.8402328 1.53223336
51.8607674 -22.8477993 1.70150006
51.8688011 -22.8803005 2.1888001
51.8596001 -22.7919006 -0.408399999
51.9921989 -22.7847996 1.75629997
51.8491974 -22.7730484 1.90764999
51.8907013 -22.7160492 2.09749985
51.9348488 -22.6947002 2.29034996
52.0969009 -27.8516998 3.56069994
52.0982018 -27.8666 3.74769998
52.0513 -27.8488007 3.88129997
52.1677017 -27.8400002 4.09639978
52.1775017 -27.8806992 4.41499996
52.088501 -27.8675003 4.88460016
52.1833992 -27.8997002 5.01350021
52.0391006 -27.8075008 10.3943005
52.1355019 -27.8644009 10.783
52.1520996 -27.7052002 4.21570015
52.0667 -27.7928505 4.71350002
52.1534004 -27.7754993 4.87519979
52.0766487 -27.7756004 5.33399963
52.1172485 -27.7103004 5.50880003
52.115448 -27.7586994 5.70695019
52.0674019 -27.7647991 6.03709984
52.0596008 -27.7600002 6.32019997
52.0684509 -27.7227497 6.42990017
52.0561333 -27.7139339 6.86436653
52.0490494 -27.6488495 7.06739998
52.0507011 -27.6847992 7.33760023
52.0772018 -27.7284336 7.50823355
52.016449 -27.7058506 7.66020012
52.1820984 -27.6424007 7.88880014
52.1338005 -27.6335487 8.08060074
52.1377487 -27.7622986 8.2614994
52.0793991 -27.6599007 8.47189999
52.0961494 -27.7315998 8.97640038
52.0912476 -27.6728516 9.1328001
52.1912003 -27.6620998 9.38500023
52.0087013 -27.6147995 9.47659969
52.1161346 -27.7676659 9.72630024
52.0881996 -27.77075 9.8926506
52.0500984 -27.6751995 10.3332996
52.1276016 -27.6380997 10.5272503
52.1540604 -27.6856995 10.6850595
52.1264648 -27.6686668 10.9144669
52.0897675 -27.6265335 11.0898666
52.0771484 -27.6465759 11.2863007
52.1109009 -27.6324005 11.4454002
52.0651016 -27.5972996 6.85529995
52.1404991 -27.5443993 10.4608002
52.1227989 -27.5224991 10.7362003
52.1007233 -27.5396004 10.885725
52.1242981 -27.5718002 11.0953007
52.165802 -27.5087013 11.3863497
52.0397682 -27.4939003 11.4882336
52.0974503 -27.3379498 11.3796997
52.1253014 -27.3092003 11.4805002
52.0702515 -27.0644493 11.4920998
52.0965996 -26.8752995 11.3410997
52.0930595 -26.9008808 11.4481401
52.1036987 -26.7140999 11.1525002
52.1203003 -26.6859016 11.3243504
52.1881485 -26.7107506 11.45895
52.0545006 -26.5608006 11.4608002
52.0173988 -26.5841999 11.8774004
52.0278015 -23.0342007 0.186000004
52.0634995 -23.0244999 0.738799989
52.0662003 -23.0109997 1.20439994
52.0984001 -22.9416504 -1.49600005
52.0744019 -22.8726997 -1.06490004
52.073101 -22.8632507 -0.920700014
52.0972481 -22.8471756 -0.691874981
52.0857315 -22.8577671 -0.450399995
52.1175003 -22.8375511 -0.352299988
52.0871735 -22.8742256 -0.108325005
52.1148987 -22.8826008 0.0713
52.0625992 -22.8430004 0.559499979
52.0993996 -22.9419994 0.697700024
52.0069008 -22.9529991 0.985099971
52.0667648 -22.8886662 1.09630001
52.0705986 -22.8989601 1.28823996
52.1329994 -22.9018993 1.46483338
52.0740013 -22.8337498 1.65814996
52.0528984 -22.8092995 1.91229999
52.1813011 -22.9676991 2.37689996
52.0116005 -22.8520508 2.53474998
52.1375999 -22.7987003 -0.207699999
52.0433006 -22.7735996 1.64160001
52.0562019 -22.7519321 1.9152
52.0894012 -22.7579994 2.07010007
52.149601 -22.7987003 2.45149994
52.1799011 -21.5751991 -1.22529995
52.3291016 -27.8704987 3.64024997
52.3329506 -27.8660011 3.91970015
52.3045998 -27.8495007 4.09040022
52.3326492 -27.8384514 4.31809998
52.3097 -27.8309002 4.65220022
52.3050652 -27.8358002 4.86889982
52.2686996 -27.8607006 5.1427002
52.3095016 -27.8528996 5.61689997
52.2346992 -27.8024006 6.27029991
52.2970009 -27.8309002 8.98569965
52.2682991 -27.8575993 10.2685003
52.2891006 -27.7576008 3.9777
52.2748985 -27.7938004 4.1954999
52.3293495 -27.7261505 4.49835014
52.3277016 -27.7194996 5.41270018
52.2879028 -27.7297497 5.70979977
52.3852005 -27.7900009 5.93260002
52.3176994 -27.7495995 7.35500002
52.2836533 -27.7120495 7.53934956
52.2928467 -27.7345009 7.86119986
52.2693329 -27.7485008 8.1145668
52.3427505 -27.7141991 8.25045013
52.2501984 -27.7455997 8.44950008
52.289299 -27.7567005 8.67860031
52.2789001 -27.7203007 8.94460011
52.2634506 -27.6151009 9.27295017
52.3362999 -27.6012993 9.46860027
52.2618484 -27.6380501 9.84634972
52.3778992 -27.6324997 10.1698999
52.3292656 -27.7138672 10.3017998
52.3606987 -27.6993999 10.5431004
52.2615509 -27.6778488 10.6945
52.2537994 -27.6423988 10.9293003
52.3276329 -27.6280994 11.2783337
52.3059502 -27.6392498 11.4809999
52.2872505 -27.4911995 9.5013504
52.3516006 -27.5510998 10.0109997
52.2671013 -27.5998993 10.2341003
52.2514 -27.4669991 10.5742998
52.2531013 -27.5492001 10.6262999
52.3773994 -27.5769005 10.9862003
52.2436981 -27.4323997 11.0479002
52.3162994 -27.5414505 11.3488007
52.2742996 -27.4559498 11.4936504
52.3526497 -27.3311501 11.3841
52.2498016 -27.3083 11.4664497
52.2237015 -27.2332001 11.7124004
52.399601 -27.1334991 11.3471003
52.3917999 -27.0282993 11.4394999
52.2679977 -26.8334007 11.38515
52.2169991 -26.9498997 11.4671001
52.3275986 -26.6898994 11.4233665
52.3755989 -26.7513008 11.6983004
52.2790985 -26.4838753 11.5083256
52.3815536 -26.482151 11.7265501
52.2029991 -23.0821991 0.43779999
52.3282013 -22.8895664 -1.23746669
52.2784004 -22.858799 -1.06139994
52.3215485 -22.8962498 -0.853100002
52.3062515 -22.8435497 -0.692425013
52.3404999 -22.8395004 -0.539099991
52.3096504 -22.8600006 -0.310850024
52.2593155 -22.8631172 -0.114
52.2859764 -22.9179497 0.135749996
52.3234024 -22.8949509 0.310750008
52.2430992 -22.8682995 0.587400019
52.2723999 -22.8948498 0.852349997
52.2540016 -22.8624344 1.08840001
52.3459015 -22.8722992 1.30325007
52.3352013 -22.8974495 1.5000999
52.3039017 -22.8810005 1.66540003
52.3003502 -22.8100014 1.87895
52.2195511 -22.8321495 2.32459998
52.3297997 -22.9067993 2.40159988
52.2228012 -22.9272995 2.63010001
52.3927002 -22.7824001 -0.98299998
52.2103996 -22.7994995 1.04489994
52.2436676 -22.7602329 1.74666667
52.334198 -22.7521992 1.95523334
52.260601 -22.7255001 2.13599992
52.2215004 -22.6471004 2.24049997
52.4334488 -27.9154015 3.53515005
52.4342995 -27.8143997 3.77340007
52.4267006 -27.8570995 4.17080021
52.5565987 -27.8593006 4.28970003
52.4934006 -27.8059006 4.73464966
52.5303993 -27.8246002 5.10610008
52.5616989 -27.8561993 5.25129986
52.5284996 -27.8094997 5.93470001
52.4261017 -27.8255997 6.66860008
52.5946007 -27.8050003 6.85610008
52.4754028 -27.8260994 7.26935005
52.5527992 -27.7266006 4.26210022
52.5969009 -27.7926998 4.61730003
52.5709991 -27.7562008 4.94950008
52.4275017 -27.7632008 5.3526001
52.5353012 -27.7000008 5.56110001
52.4640007 -27.7735996 5.72429991
52.4235992 -27.6993999 5.89389992
52.4300995 -27.7612991 6.20200014
52.453598 -27.7344513 6.48089981
52.4581985 -27.7985992 6.83739996
52.5261993 -27.7495003 7.13479996
52.5656013 -27.727066 7.37123346
52.4844017 -27.7181664 7.49679995
52.5006256 -27.7374744 7.90717506
52.5853996 -27.6727009 8.06219959
52.5797005 -27.7686005 8.24120045
52.5397987 -27.7019997 8.47830009
52.5165672 -27.7154331 8.69966602
52.4836998 -27.6180992 8.82349968
52.5219345 -27.7321339 9.11000061
52.5657501 -27.7240486 9.30834961
52.4657516 -27.7252998 9.53770065
52.4846992 -27.6847668 9.6746664
52.4828987 -27.6972504 9.92294979
52.5802994 -27.6229992 10.0302
52.4741821 -27.6820202 10.3150196
52.4399986 -27.6452999 10.5064001
52.4877014 -27.7283993 10.7007999
52.4873505 -27.6304493 10.8760996
52.5541344 -27.630167 11.2585669
52.5970993 -27.6124001 11.5320997
52.5108986 -27.5930996 8.20839977
52.4575996 -27.4946003 9.34729958
52.4006004 -27.5620003 9.58360004
52.4780502 -27.5779495 9.69034958
52.5783997 -27.5855999 9.96990013
52.4589005 -27.5944996 10.1204996
52.5861015 -27.5846004 10.5359001
52.509201 -27.5086002 10.7660999
52.4110985 -27.5160999 10.8009996
52.4542503 -27.5942993 11.3311996
52.4630013 -27.5124493 11.4742002
52.5774994 -27.3633003 11.3822002
52.5036011 -27.3109608 11.4969997
52.5405998 -27.2542 12.3513002
52.4188004 -27.0772991 11.5302
52.4920006 -26.8864994 11.3358002
52.5367355 -26.9080677 11.4554338
52.5597 -26.8157997 11.6237001
52.5147018 -26.6742992 11.3773499
52.4919395 -26.7048607 11.4707003
52.4989662 -26.5053329 11.4679327
52.5241013 -23.0014 1.07159996
52.5088997 -23.0554008 2.46580005
52.514801 -22.8619003 -1.07854998
52.5054016 -22.8623409 -0.908840001
52.5000343 -22.8342323 -0.765699983
52.442234 -22.8605671 -0.490133345
52.5272522 -22.8688011 -0.267199993
52.5012512 -22.8893757 -0.0985499993
52.5257988 -22.8732491 0.25120002
52.5316238 -22.8822746 0.518999994
52.4972 -22.8710995 0.711950004
52.5680008 -22.8318996 0.98299998
52.4731598 -22.8612404 1.28338003
52.5304985 -22.8726997 1.52139997
52.5516319 -22.8603668 1.65323329
52.5344467 -22.8252487 1.95595002
52.4720001 -22.9848003 2.31159997
52.4017982 -22.9790001 2.60369992
52.4814758 -22.7347755 1.8793
52.4708672 -22.7560997 2.15636659
52.4238968 -22.7343998 2.27519989
52.5410004 -20.6847992 -1.29260004
52.7789993 -27.9351006 0.123999998
52.7792015 -27.8369007 3.57010007
52.7657013 -27.9055996 3.78509998
52.6889 -27.8075008 3.98970008
52.6952972 -27.8299484 4.12949991
52.7797012 -27.8687992 4.24280024
52.7075996 -27.8243008 5.21630001
52.7664986 -27.8066998 5.75349998
52.7325516 -27.8544998 6.14554977
52.6781998 -27.8789997 6.70690012
52.6086998 -27.8414001 7.18240023
52.6525993 -27.8055992 7.35809994
52.7965012 -27.6187 0.462300003
52.7266998 -27.7733002 4.41669989
52.7671013 -27.7609997 4.74249983
52.6439018 -27.7514992 4.94180012
52.695549 -27.7696495 5.31165028
52.6216507 -27.7383499 5.45580006
52.672699 -27.7237015 6.13175011
52.703701 -27.7945995 6.27440023
52.6813011 -27.6653004 6.61990023
52.6709518 -27.7874985 7.12879992
52.7901993 -27.7504005 7.23000002
52.6895981 -27.7006989 7.48929977
52.7394981 -27.6853657 7.67353344
52.6253014 -27.7201996 7.92700005
52.6669006 -27.6980991 8.17780018
52.6845474 -27.7069492 8.54030037
52.6559334 -27.6852665 8.71966648
52.6464996 -27.7882996 8.8355999
52.6155014 -27.7066002 9.18019962
52.6721497 -27.6803513 9.32905006
52.728302 -27.7033997 9.55825043
52.7055969 -27.64645 9.66209984
52.7020988 -27.6478004 9.95800018
52.7200241 -27.6525993 10.1219254
52.7115326 -27.7123337 10.3308334
52.6178017 -27.6264 10.5347996
52.6917 -27.6547661 10.7018337
52.6468239 -27.6347008 10.9114494
52.6707497 -27.6479988 11.1216507
52.7330017 -27.6135998 11.3549995
52.6125984 -27.6145 11.4143
52.7939987 -27.5781002 9.16460037
52.7036018 -27.5139999 9.7638998
52.6785507 -27.5706501 10.1063004
52.7106018 -27.5240993 10.3733997
52.7091522 -27.5716496 10.7320995
52.7224998 -27.5911007 10.8614502
52.7139015 -27.5552998 11.0202999
52.7273598 -27.5472794 11.3062401
52.7652016 -27.5001659 11.4841337
52.6214981 -27.3717003 11.4827003
52.7748985 -27.0856991 11.3569002
52.6572342 -27.1365337 11.435133
52.6525497 -26.9179993 11.3594999
52.7778015 -26.9615993 11.4677
52.7095985 -26.6809006 11.2658997
52.664299 -26.7055016 11.4214001
52.6444016 -26.4315491 11.4622498
52.7636986 -26.3360004 11.5704002
52.7322006 -25.8558006 3.04290009
52.7938995 -22.8649998 -1.21259999
52.7683983 -22.8915005 -1.05149996
52.7346497 -22.8584499 -0.923699975
52.6319008 -22.8875999 -0.742500007
52.6540985 -22.847599 -0.494150013
52.6295013 -22.8460007 -0.249799997
52.7793999 -22.8609009 -0.175600007
52.6917992 -22.8521004 0.063699998
52.7697983 -22.8379498 0.312000006
52.6916008 -22.8348007 0.941299975
52.6495972 -22.9406013 1.04815006
52.6047974 -22.8390007 1.49344993
52.7000008 -22.8048 1.79069996
52.6725349 -22.862566 2.28189993
52.7256012 -22.7733002 -0.870549977
52.7504997 -22.7877007 -0.694599986
52.762001 -22.7436008 -0.241099998
52.7649994 -22.7038994 0.499599993
52.7879982 -22.6238995 0.730599999
52.7407532 -22.7582493 1.08099997
52.7597008 -22.7301006 1.53620005
52.7710991 -22.7514992 1.81700003
52.7126007 -22.7327995 2.10459995
52.7350006 -20.5781002 -1.45840001
52.6939011 -20.2593002 -1.39929998
52.9976006 -33.4660988 -0.54549998
52.9958 -33.3778992 0.424899995
52.9995003 -33.3737984 1.25250006
52.926899 -31.9591999 -0.901300013
52.8628006 -28.0188007 -0.250400007
52.8106995 -28.0025005 0.0825999975
52.9356995 -28.1259003 0.742399991
52.8722992 -27.864399 -0.508450031
52.9230995 -27.9207325 -0.27426666
52.955101 -27.9794006 -0.163900003
52.9315987 -27.9382992 0.0606999993
52.9047012 -27.91605 0.257250011
52.9104004 -27.8230991 0.53670001
52.9409027 -27.875351 0.903550029
52.8820992 -27.8141994 1.09389997
52.8191986 -27.9493999 3.50710011
52.855999 -27.8789005 3.62989998
52.9338341 -27.8759003 3.87996674
52.8432999 -27.8560009 4.04899979
52.8666992 -27.8684998 4.24450016
52.9439011 -27.8083 4.5546999
52.9678993 -27.8428993 5.27269983
52.9133987 -27.8367996 5.57919979
52.9201012 -27.8050995 6.46460009
52.8535995 -27.8444004 6.74490023
52.9757996 -27.906601 9.3217001
52.9650497 -27.6606503 -0.5273
52.9189491 -27.6863499 -0.243099988
52.9314003 -27.7108002 -0.0755999982
52.8937988 -27.7567997 0.322699994
52.9252014 -27.6159 0.419
52.9571991 -27.7977009 0.638700008
52.9054985 -27.6938 0.869099975
52.8289986 -27.7639008 3.93729997
52.8067017 -27.7924995 4.12120008
52.9631004 -27.7975006 4.74240017
52.8510017 -27.7187004 4.95830011
52.8620987 -27.7728004 5.16209984
52.8660965 -27.739151 5.46005011
52.8645477 -27.7246494 5.75390005
52.9613495 -27.7269497 5.91155005
52.8200989 -27.7313004 6.32219982
52.8171997 -27.7124996 6.45389986
52.9806519 -27.7914009 6.71914959
52.892601 -27.7764511 6.89645004
52.9130402 -27.7530804 7.04097986
52.9267998 -27.7374496 7.51490021
52.8554001 -27.6459999 7.68400002
52.8269997 -27.7460995 7.92080021
52.8866005 -27.7476997 8.08473396
52.911274 -27.7069244 8.28639984
52.9420013 -27.7544003 8.41619968
52.8637199 -27.6998806 8.68132019
52.8373985 -27.6532001 8.91940022
52.8525009 -27.7115498 9.02364922
52.9113808 -27.6620388 9.2855196
52.9095993 -27.6387005 9.47949982
52.834568 -27.6798668 9.6668005
52.892868 -27.6786499 9.87994957
52.8933487 -27.6412506 10.1049995
52.8199005 -27.6343994 10.2810001
52.8734016 -27.6728802 10.5209599
52.8457031 -27.6366997 10.6497498
52.8605499 -27.6212006 10.8704996
52.8842659 -27.679266 11.1255007
52.9439011 -27.6591492 11.224
52.9504013 -27.6716995 11.4546003
52.9897995 -27.5837994 0.314599991
52.8902016 -27.5319004 8.19470024
52.917099 -27.5550003 8.57149982
52.9538994 -27.5951996 8.64820004
52.9952011 -27.4862003 8.82260036
52.9039001 -27.5870991 10.1975002
52.8947983 -27.5918007 10.4407997
52.8778 -27.5557003 10.6598997
52.9431496 -27.53475 10.8852501
52.9758492 -27.5485497 11.0786495
52.8655014 -27.5967999 11.3211002
52.8837013 -27.5188999 11.4422503
52.9272499 -27.3125992 11.4806499
52.8485489 -27.1133003 11.4346504
52.9362984 -26.8605003 11.3358669
52.8963013 -26.9545994 11.4294004
52.9538994 -26.6954002 11.1536999
52.914238 -26.7061596 11.3185396
52.8502998 -26.6394005 11.4216003
52.901001 -26.5278339 11.4361668
52.8893013 -26.3701 11.5115004
52.8065987 -25.9407005 2.75699997
52.9382019 -25.9318008 2.84705019
52.8965988 -23.0324001 2.45650005
52.918602 -22.8588486 -1.22900009
52.9088326 -22.8521996 -1.05473328
52.990799 -22.8253002 -0.793799996
52.9799995 -22.8715 -0.451400012
52.9469986 -22.8395996 -0.210299999
52.8033981 -22.8626003 0.186700001
52.9313011 -22.8157005 0.263599992
52.8213997 -22.8073997 0.650699973
52.8264008 -22.9018993 2.50029993
52.8482018 -22.7660007 -0.810899973
52.9402504 -22.7342243 -0.697025001
52.9239998 -22.7551498 -0.492000014
52.9034996 -22.7636337 -0.293866664
52.8726997 -22.7819996 -0.134900004
52.9924011 -22.6627998 0.197500005
52.9958 -22.7454491 0.2368
52.9491997 -22.7810993 0.4384
52.8830986 -22.7851658 0.684300005
52.9585495 -22.7717514 1.08599997
52.9954987 -22.6282997 1.48160005
52.9477501 -22.7482491 1.69400001
52.8639641 -22.706768 1.96863329
52.8813591 -22.6765003 2.11671996
52.8041 -22.7702999 2.23079991
52.9821014 -21.0235996 -1.31359994
53.0849991 -34.3605003 0.679700017
53.1557999 -34.3885994 1.19389999
53.0431976 -33.4633484 -0.43779999
53.1213989 -33.4827003 -0.214300007
53.1707993 -33.4459991 -0.125200003
53.0087013 -33.3763008 0.352999985
53.0138016 -33.3364983 0.774200022
53.0877991 -33.3544006 1.15489995
53.1529007 -33.3604012 1.86730003
53.0273018 -33.2383003 3.20059991
53.1194992 -33.2612 6.85750008
53.0833015 -33.1343994 6.86159992
53.0595016 -32.571701 -0.688499987
53.1866989 -32.2891006 -0.722599983
53.1716003 -32.1580009 -0.718699992
53.0940018 -32.0261993 1.46589994
53.1935005 -31.8381004 5.23810005
53.198101 -31.3516998 -0.701099992
53.1865997 -31.3066998 0.820299983
53.1006012 -31.2094994 1.22959995
53.042099 -30.9596004 0.353700012
53.1465988 -30.5312996 2.54889989
53.1502991 -30.3274994 -1.0618
53.1130981 -29.4687996 -0.890500009
53.0756989 -29.4015999 -0.0263999999
53.1964989 -29.3176003 -1.08159995
53.0926018 -29.2805996 0.702499986
53.1890984 -28.6926994 -0.932299972
53.1016998 -28.2642994 -0.854399979
53.1711998 -28.2042007 1.15250003
53.1022491 -28.0680008 -0.712900043
53.1629982 -28.0093994 -0.425199986
53.1689987 -28.0065002 -0.262800008
53.0912476 -28.1637993 0.0848999992
53.1646004 -28.0226002 0.66170001
53.1990013 -28.1399002 1.95809996
53.1827011 -28.0083008 2.09669995
53.1921997 -27.8684006 -0.939700007
53.1363678 -27.9403667 -0.681566656
53.1400604 -27.8829403 -0.487220019
53.1743011 -27.9720001 -0.219699994
53.1581268 -27.8828735 -0.122850001
53.138401 -27.8950996 0.114799999
53.1723328 -27.9046001 0.273533344
53.0523529 -27.8933754 0.523675025
53.1325264 -27.8865509 0.700275004
53.1749992 -27.9309006 0.860700011
53.1792984 -27.8131008 1.14279997
53.1870003 -27.8987999 1.33139992
53.1261978 -27.8701515 1.51695001
53.1175652 -27.853199 1.9018333
53.0932999 -27.9214001 2.16129994
53.1375999 -27.8472996 2.33739996
53.1661987 -27.9384995 3.43720007
53.1343002 -27.9026508 3.72504997
53.1790009 -27.9076004 4.19309998
53.0527 -27.8910007 5.02479982
53.1596985 -27.8491001 5.24249983
53.1913986 -27.8131008 6.1578002
53.1512985 -27.8478508 6.35330009
53.1787987 -27.8038006 7.43860006
53.1258011 -27.6019001 -0.830799997
53.1322021 -27.6991673 -0.68386668
53.0558014 -27.6954002 -0.42050001
53.0856667 -27.6707325 -0.342666686
53.0828667 -27.6821327 -0.124200001
53.0536003 -27.7702999 0.115500003
53.0964012 -27.7527008 0.325300008
53.1408005 -27.6306992 0.4384
53.1150513 -27.7285252 0.681100011
53.0898323 -27.7798996 0.868566692
53.1304512 -27.7121754 1.097175
53.1860008 -27.6926994 1.50539994
53.1864319 -27.6847 1.77006662
53.1705017 -27.7322006 1.94079995
53.1761017 -27.7082005 2.18219995
53.1697006 -27.7614994 2.20510006
53.1757011 -27.7658005 2.40479994
53.1267014 -27.7503014 4.69785023
53.1231003 -27.7789993 4.9914999
53.1929016 -27.6975994 5.03380013
53.0365524 -27.7217484 5.31369972
53.0321503 -27.7535496 5.53450012
53.0194016 -27.7577991 5.94059992
53.1432991 -27.7708015 6.29540014
53.1333008 -27.7651997 7.24720001
53.065731 -27.7637005 7.46763325
53.1530991 -27.7525997 7.69270039
53.03825 -27.7486 7.93139982
53.0274506 -27.7504997 8.11950016
53.1367645 -27.6931667 8.27659988
53.1646004 -27.6954994 8.53269958
53.0786209 -27.6943207 8.70491982
53.056366 -27.7504997 8.86856651
53.1578979 -27.676899 9.09130001
53.1171494 -27.7649498 9.26749992
53.0670357 -27.6764336 9.50896645
53.084568 -27.6469994 9.71696663
53.1516991 -27.7227001 9.99670029
53.1052475 -27.6730747 10.1425247
53.1429749 -27.6567001 10.2754002
53.0826263 -27.6522503 10.5146751
53.0451012 -27.6739998 10.7538004
53.0857735 -27.6545753 10.8783751
53.1950989 -27.6019001 11.3515997
53.1808014 -27.6525993 11.4179001
53.1160011 -27.4904003 -0.834299982
53.1240997 -27.5464001 -0.665699959
53.0974503 -27.5023499 -0.547500014
53.1167984 -27.4468002 -0.358200014
53.125 -27.4904499 0.0945499986
53.1307678 -27.4779339 0.295133322
53.1407318 -27.4643993 0.506199956
53.1260986 -27.5007992 0.69690001
53.1021004 -27.4789009 0.947149992
53.1389999 -27.4826202 1.08671999
53.1627998 -27.47855 1.3901
53.1673317 -27.5482655 1.47756672
53.1395988 -27.5445995 1.67349994
53.1565018 -27.4995995 2.14560008
53.1719017 -27.4580994 2.3448
53.1363983 -27.5948009 6.6406002
53.0568008 -27.4857998 9.20590019
53.1938019 -27.5564003 9.7887001
53.0317993 -27.4305992 10.1918001
53.1920013 -27.5198994 10.4809999
53.0035019 -27.530899 10.6870003
53.0077019 -27.5557003 11.0848999
53.1272011 -27.5405998 11.3244991
53.113987 -27.5147991 11.463171
53.1276779 -27.2949409 -0.644620001
53.1194992 -27.3204994 -0.540000021
53.1413002 -27.3225517 -0.272899985
53.152401 -27.2059994 -0.00159999996
53.1335526 -27.2780495 0.0951500013
53.1738014 -27.3418999 0.535000026
53.125 -27.3892994 0.791400015
53.1537476 -27.3304005 0.915699959
53.1539345 -27.2453671 1.14020002
53.16045 -27.2943249 1.30437493
53.1578979 -27.2369995 1.95815003
53.1949005 -27.2637005 2.03040004
53.1787987 -27.2991009 2.37529993
53.1232986 -27.3747005 10.0446997
53.1305008 -27.3416996 11.3464003
53.0833664 -27.3028336 11.4720669
53.1865005 -27.1366005 -0.844500005
53.1751022 -27.0741997 -0.708600044
53.1587677 -27.0947666 -0.526833355
53.1743011 -27.1422005 -0.359266669
53.1861992 -27.0545006 -0.149399996
53.1890335 -27.0533009 0.0784666687
53.1531982 -27.0471992 0.265450001
53.1817474 -27.1703987 0.575399995
53.1722984 -27.1105003 0.907999992
53.1655006 -27.1709003 1.16949999
53.1696663 -27.0963001 1.24090004
53.1907997 -27.0519009 1.87129998
53.1887016 -27.1914997 2.53259993
53.1074982 -27.0587254 11.3757496
53.1553993 -27.1312504 11.4257498
53.1706009 -26.8512001 -1.17289996
53.1684494 -26.8973007 -0.668449998
53.1669006 -26.9976997 -0.470699996
53.1553268 -26.8708 -0.356824994
53.1394005 -26.8539009 -0.0454999991
53.194603 -26.8930511 0.536300004
53.1817474 -26.9855995 0.762099981
53.1803665 -26.8971996 0.88196665
53.1773529 -26.9147987 1.10765004
53.1949005 -26.9526005 1.68620002
53.1833992 -26.8181 1.88619995
53.1977501 -26.9095993 2.10804987
53.1996002 -26.8479996 2.5309999
53.0508499 -26.8692513 11.3255005
53.1044998 -26.8027992 11.4440002
53.1721497 -26.6509018 -0.782850027
53.1615524 -26.7577496 -0.477200001
53.1705513 -26.6496506 -0.224250004
53.1917 -26.6338005 -0.107699998
53.1880989 -26.6315002 0.2958
53.1479988 -26.7576008 0.727699995
53.1824989 -26.6117992 0.824800014
53.1729507 -26.65905 1.07969999
53.1853027 -26.6250992 1.23160005
53.1077003 -26.6851997 1.99790001
53.175499 -26.6399994 2.10829997
53.1678009 -26.7336998 2.25374985
53.0334473 -26.7214012 11.3563499
53.1325684 -26.7224674 11.4538002
53.0563011 -26.7112007 12.0688
53.1488991 -26.5578995 -0.797100008
53.168602 -26.5435505 -0.565349996
53.1279984 -26.5251007 -0.224199995
53.1685982 -26.5549507 -0.0865499973
53.1582985 -26.5238991 0.100700006
53.1926689 -26.5519333 0.287166655
53.1680984 -26.5065994 0.505599976
53.1999016 -26.4291992 0.6074
53.1753006 -26.4993515 0.903249979
53.1735497 -26.5546494 1.72179997
53.1542015 -26.5589504 11.3710003
53.1086502 -26.5232506 11.5142002
53.1476517 -26.4845505 11.6664505
53.1610985 -26.5690994 11.8190002
53.1743011 -26.3011246 -0.472424984
53.1807327 -26.2599335 -0.079066664
53.138401 -26.3120499 0.060800001
53.1816025 -26.2804489 0.302549988
53.1501007 -26.3043003 0.406899989
53.1581993 -26.2073002 1.13049996
53.1596985 -26.3943996 1.29820001
53.1943016 -26.3104992 2.34489989
53.1584015 -26.3388004 11.4962997
53.1713982 -26.1637001 -0.563899994
53.1707001 -26.1634998 -0.0627999976
53.1926003 -26.0673008 0.373400003
53.1828995 -26.1776009 0.561500013
53.1571503 -26.1039505 1.86054993
53.1903992 -26.1615009 2.01850009
53.1411018 -25.8330002 0.926999986
53.1528015 -25.8006001 2.53740001
53.0875015 -25.9090996 2.66499996
53.0321999 -25.9067001 2.85380006
53.0676994 -25.4458008 0.956099987
53.1086502 -25.5135002 2.72830009
53.0435982 -25.2238007 -0.117200002
53.1897011 -25.3792992 2.49569988
53.1414986 -25.0720997 -0.909099996
53.1203003 -25.0844994 1.60259998
53.1334991 -25.0599003 2.62450004
53.1842003 -24.9601994 1.98409998
53.0834999 -24.8390999 2.56200004
53.0400009 -24.6646996 -0.792699993
53.1074524 -24.71945 -0.277899981
53.1781006 -24.6385002 -0.115599997
53.1559982 -24.5830994 -0.426200002
53.1773987 -24.5860996 0.944899976
53.1324997 -24.4571991 2.49725008
53.0718994 -24.3003998 -1.04809999
53.1594009 -24.3400993 -0.987399995
53.1231995 -24.3458996 -0.273200005
53.1502991 -24.2078991 1.34519994
53.1421013 -24.0499992 -0.142900005
53.1278992 -24.1546993 0.6523
53.0862007 -24.1749992 0.84920001
53.1896019 -24.1124001 2.48740005
53.1608009 -23.9780998 1.59319997
53.1258011 -23.7716999 0.743499994
53.0709991 -23.7810001 1.30760002
53.1451988 -23.6345997 1.79939997
53.1817017 -23.2290993 0.706799984
53.1694489 -23.3241501 2.52010012
53.1455002 -23.0172997 2.50489998
53.0321007 -22.9549007 -1.41120005
53.0592995 -22.9039345 -1.24866664
53.1315002 -22.9105568 -1.08675718
53.0028992 -22.8346004 -0.895799994
53.1240005 -22.8844662 -0.653666675
53.1390991 -22.8824673 -0.523699999
53.1296234 -22.8765755 -0.331425011
53.0331001 -22.8373489 -0.124449998
53.0664749 -22.8390503 0.131074995
53.1068993 -22.8265991 0.392399997
53.1341476 -22.8880997 0.574999988
53.1577492 -22.8255997 0.722550035
53.1501999 -22.83815 0.953649998
53.047699 -22.8017998 1.95000005
53.0873985 -22.9379997 2.14129996
53.0393982 -22.7842007 -0.689400017
53.0033989 -22.6653004 -0.439700007
53.0750008 -22.7814007 -0.0593999997
53.1026001 -22.7689991 0.063500002
53.0789986 -22.7385006 0.330200016
53.0574989 -22.7213001 0.687179983
53.1230774 -22.7762394 0.850459993
53.0839195 -22.7531204 1.12338006
53.0806313 -22.7234669 1.28779995
53.0416756 -22.7303505 1.52842498
53.0984001 -22.7328205 1.69115996
53.1259346 -22.7084675 1.87010002
53.066597 -22.7526016 2.07735014
53.1088333 -22.7063999 2.25506663
53.0332985 -22.5912991 1.67550004
53.2858009 -35.2209015 0.785099983
53.2139015 -35.2528 1.24689996
53.2649994 -35.2453003 1.46360004
53.216301 -34.7854004 1.37390006
53.2397003 -34.6663017 1.88100004
53.2032013 -34.4090004 1.67180002
53.2476006 -34.3704987 1.62629998
53.3931999 -34.2761002 10.9280005
53.2056999 -34.0856018 1.69879997
53.3712006 -34.1618004 11.3902998
53.3272018 -33.9216003 6.94710016
53.3443985 -33.8502007 7.60570002
53.3526993 -33.8203011 10.5047998
53.3596001 -33.6604996 6.5781002
53.2426987 -33.4604988 -0.632399976
53.3140984 -33.4548988 -0.464100003
53.3048019 -33.4459991 -0.146266669
53.3420486 -33.5061493 0.155599996
53.2687988 -33.4149475 0.342449993
53.3499985 -33.4215012 0.407900006
53.2628021 -33.4334488 0.701499999
53.3362007 -33.4045982 0.802299976
53.3325996 -33.4445992 1.10549998
53.3305016 -33.4000015 1.58340001
53.3101006 -33.4048004 1.63709998
53.3916016 -33.453701 1.91680002
53.2304993 -33.3471985 -0.618200004
53.2443008 -33.3128967 -0.522549987
53.217701 -33.2248993 -0.331200004
53.2705498 -33.2875519 -0.0959499925
53.3252983 -33.266201 0.134100005
53.2422981 -33.2434998 0.235400006
53.2727013 -33.2123985 0.497700006
53.266098 -33.324749 0.71965003
53.2596016 -33.2215004 0.981400013
53.2869339 -33.2936325 1.13539994
53.3113022 -33.3265991 1.26850009
53.2859726 -33.2508011 1.51364994
53.2881012 -33.3023338 1.69643331
53.298439 -33.2963219 1.9059
53.3277321 -33.3258324 2.1322
53.3248329 -33.3056335 2.28326654
53.3148003 -33.2828979 2.52130008
53.3382492 -33.3097992 2.72739983
53.3448982 -33.3680992 2.98130012
53.2830009 -33.3471985 3.16129994
53.3418007 -33.2405472 3.31760001
53.3564987 -33.3021011 3.48400021
53.2910347 -33.3475647 3.65510011
53.3165321 -33.2972336 3.90613341
53.3133507 -33.3100014 4.18914986
53.327301 -33.2349014 4.58129978
53.2858009 -33.2827988 5.05609989
53.3185997 -33.331749 5.85105038
53.3077011 -33.2882004 6.046
53.3927002 -33.3885994 6.53999996
53.3772011 -33.3022003 6.68520021
53.3707008 -33.3959007 6.98059988
53.3987999 -33.2291985 7.1099
53.3698997 -33.2312012 8.67269993
53.3871002 -33.2771988 11.5023003
53.238369 -33.0986328 -0.472550005
53.2420502 -33.1380501 -0.288349986
53.2559662 -33.1065674 -0.0914333314
53.2659988 -33.0262985 0.1963
53.2573662 -33.0587006 0.507633328
53.2702179 -33.1239014 0.678600013
53.2796669 -33.1129341 0.897833347
53.2806473 -33.1386261 1.07624996
53.2715988 -33.167099 1.36880004
53.276001 -33.0127983 1.43299997
53.2993507 -33.0809021 1.71165001
53.2447014 -33.0421982 1.83940005
53.3038483 -33.1277504 2.08144999
53.2978516 -33.1399002 2.27075005
53.3041 -33.1119499 2.51280022
53.3316002 -33.1184502 2.71509981
53.324501 -33.1839981 3.19709992
53.3296013 -33.0884018 3.24659991
53.3367004 -33.0881004 3.48336673
53.334198 -33.1158981 3.68344998
53.3378525 -33.1170502 3.87549996
53.357399 -33.1442032 4.09325027
53.3624992 -33.0438995 4.25360012
53.328701 -33.0833015 4.47349977
53.3390503 -33.052803 4.70050001
53.3630981 -33.0746002 4.82420015
53.3474007 -33.1964989 5.11639977
53.3712997 -33.1882019 5.25899982
53.3769989 -33.1344986 5.82119989
53.3637009 -33.1191025 6.30529976
53.3540993 -33.0542984 6.47389984
53.3420334 -33.1082649 6.93566656
53.3863983 -33.1925011 7.09929991
53.3494987 -33.0057983 7.28849983
53.3605003 -33.1889992 7.40500021
53.3900986 -33.0155983 7.70730019
53.3518982 -33.0307007 7.95940018
53.3718987 -33.1613998 8.0625
53.3815002 -33.0284996 8.26830006
53.3873978 -33.1179504 9.05139923
53.3759995 -33.0900002 9.28820038
53.3666992 -33.1037979 9.46039963
53.355999 -33.1371002 9.82540035
53.3937988 -33.0793991 11.4062996
53.2344208 -32.8856392 -0.517960012
53.2219009 -32.8240013 -0.383899987
53.2548523 -32.9151993 -0.104000002
53.2535019 -32.947567 0.12743333
53.2754669 -32.8436012 0.314599991
53.2724495 -32.8682022 0.493600011
53.27565 -32.9718475 0.70994997
53.260601 -32.9962997 0.947300017
53.2963982 -32.8889999 1.19749999
53.3037987 -32.9850998 1.38409996
53.3042336 -32.8813324 1.50436664
53.3078232 -32.9075012 1.69569993
53.3064995 -32.885231 1.91760004
53.2946014 -32.9129333 2.05009985
53.3318481 -32.8698006 2.46409988
53.3080673 -32.9614334 2.69746661
53.3126526 -32.8991013 2.87295008
53.3232002 -32.9237518 3.06454992
53.331501 -32.8997002 3.25410008
53.321701 -32.9870987 3.76060009
53.3406982 -32.8103981 3.9914999
53.3628998 -32.9432983 4.19049978
53.3568001 -32.8807983 6.41410017
53.3518982 -32.9570007 6.6704998
53.3230972 -32.9005508 7.26315022
53.3571014 -32.9077644 7.72016668
53.3741989 -32.8623009 8.58710003
53.3853989 -32.9810982 8.94130039
53.3567009 -32.8476982 9.32460022
53.3816986 -32.9077988 9.77980042
53.3944016 -32.912899 10.4034004
53.3776016 -32.9435005 10.9910002
53.3597984 -32.8815002 11.1392002
53.365799 -32.652401 -0.833800018
53.3622017 -32.6640015 -0.710300028
53.2459488 -32.6601486 -0.476550013
53.2439003 -32.6458664 -0.268999994
53.2609673 -32.7362328 -0.0662999973
53.270401 -32.6964989 0.1664
53.257 -32.6351509 0.377550006
53.2677498 -32.7801971 0.469449997
53.2907486 -32.6447525 0.69690001
53.2845993 -32.6612511 1.30382502
53.2910995 -32.7603989 1.74660003
53.3050995 -32.6553001 1.94953334
53.2906647 -32.7598648 2.10249996
53.308567 -32.6641655 2.28670001
53.3142319 -32.6749001 2.49029994
53.3292503 -32.7137489 2.62790012
53.3215027 -32.6512985 2.90919995
53.3226013 -32.6996498 3.08270001
53.3191986 -32.7481995 3.32396674
53.3157997 -32.6055984 3.60870004
53.3260002 -32.7375984 3.97379994
53.3571014 -32.7980995 4.05249977
53.3322525 -32.6511002 4.29990005
53.3554993 -32.6499481 5.10255003
53.3843994 -32.7652016 5.52120018
53.3563995 -32.6514015 6.37230015
53.3759003 -32.6884003 6.91130018
53.3219986 -32.7821007 7.11329985
53.3624992 -32.7291985 7.94509983
53.3807983 -32.7113495 8.35165024
53.3900986 -32.6371994 9.17070007
53.3860016 -32.6360016 9.75179958
53.3266983 -32.6302986 10.6219997
53.3919983 -32.6561012 11.3487997
53.3875008 -32.4174995 -0.92019999
53.2426643 -32.5090332 -0.701499999
53.2252502 -32.5709534 -0.585500002
53.2575989 -32.5461006 -0.363400012
53.2545738 -32.5270233 -0.107700005
53.2687531 -32.4814529 0.109099999
53.2543259 -32.5164757 0.298449993
53.2765388 -32.4751205 0.49594
53.2914009 -32.4049988 0.735199988
53.2884979 -32.5053253 0.908275008
53.2944679 -32.4570999 1.09329998
53.2697678 -32.4953651 1.3047334
53.2973251 -32.5109024 1.50080001
53.2816315 -32.475399 1.70043337
53.3040466 -32.4181519 1.92330003
53.2834473 -32.5690498 2.09025002
53.3059273 -32.4674988 2.28745008
53.3067017 -32.5454674 2.52060008
53.3383484 -32.4860992 2.7272501
53.28685 -32.4408989 3.01975012
53.3410988 -32.4398003 3.21379995
53.3139 -32.5563011 4.68620014
53.3196983 -32.4012985 4.93720007
53.3171997 -32.4409485 5.08249998
53.3395996 -32.5979004 5.73509979
53.355751 -32.5140495 6.33895016
53.3552017 -32.5211983 6.40840006
53.3437004 -32.5017014 6.76340008
53.3717003 -32.4704514 7.02575016
53.3782997 -32.4578018 7.46579981
53.3560677 -32.5191002 7.73896646
53.3493004 -32.5143509 7.89440012
53.3409996 -32.4747658 8.09846687
53.3892975 -32.5764503 8.58144951
53.3614998 -32.4119987 8.73079967
53.3824005 -32.5741997 8.87860012
53.3852997 -32.4217987 9.70899963
53.3927002 -32.4029007 10.0321999
53.3759003 -32.4620018 10.5670004
53.2438011 -32.2092018 -0.995700002
53.2821999 -32.2900658 -0.672733366
53.2239494 -32.33535 -0.536599994
53.2435417 -32.2956581 -0.0950599983
53.2686653 -32.3422012 0.0901333317
53.2580986 -32.3288002 0.32950002
53.2533035 -32.3390007 0.576300025
53.2672005 -32.2628326 0.727633357
53.3061523 -32.3089485 0.962700009
53.2949982 -32.3216019 1.03729999
53.293457 -32.2800446 1.30708575
53.3087654 -32.319767 1.52303326
53.2884979 -32.3009605 1.72907996
53.304451 -32.27285 1.91964996
53.3055 -32.3378334 2.16269994
53.3143501 -32.3019257 2.30970001
53.3073006 -32.3026505 2.52679992
53.3217773 -32.2907753 2.66514993
53.3043976 -32.3442001 2.87975001
53.3451996 -32.2588501 3.0697999
53.3132019 -32.2047005 3.23259997
53.3233986 -32.3956985 3.57340002
53.3437004 -32.2041016 3.73709989
53.3474998 -32.3376999 3.84540009
53.3195992 -32.3056984 4.50209999
53.3535004 -32.3662987 4.8112998
53.3650017 -32.216301 5.26709986
53.3685989 -32.3609505 6.46644974
53.361599 -32.2272987 6.63500023
53.3631973 -32.3149033 6.90500021
53.3515015 -32.2445984 7.0401001
53.3862 -32.2617989 7.3427
53.3676987 -32.2156982 7.53119993
53.3434982 -32.3353996 7.66884995
53.3331985 -32.2881012 7.9224
53.3805008 -32.2360001 8.29609966
53.387001 -32.3815994 8.49230003
53.3662987 -32.3522987 9.2507
53.3661995 -32.3246002 10.5474005
53.3823013 -32.2762985 10.7446003
53.3549995 -32.2658005 11.3525
53.2472763 -32.122673 -0.898275018
53.2354507 -32.0611992 -0.673500001
53.2451477 -32.0428238 -0.510699987
53.2649002 -32.0697479 -0.321249992
53.2675476 -32.1318016 -0.0456499979
53.2435989 -32.1241493 0.0857000053
53.2705994 -32.1055679 0.32493332
53.2844734 -32.0750237 0.536049962
53.2897491 -32.0716019 0.985949993
53.2993011 -32.099659 1.14196002
53.3021011 -32.1128998 1.31229997
53.3055 -32.1771011 1.5395
53.2750359 -32.1023979 1.74603331
53.3134232 -32.1133995 1.89542496
53.3164673 -32.0824013 2.08023334
53.3442993 -32.1795006 2.25200009
53.3154984 -32.1138992 2.4937501
53.3115501 -32.0731506 2.71169996
53.3311005 -32.0981331 2.87470007
53.3398018 -32.1151009 3.17639995
53.3248978 -32.0839005 3.57605004
53.3222008 -32.1287003 3.70650005
53.2738991 -32.1954994 5.51270008
53.365448 -32.0667496 6.50319958
53.3558006 -32.0497017 6.86479998
53.3795319 -32.1292992 7.13353348
53.370697 -32.1208992 7.33699989
53.3655014 -32.0335007 7.71810007
53.3633995 -32.0236015 8.78600025
53.3950996 -32.0397987 9.0376997
53.3855515 -32.0920486 9.33794975
53.3494987 -32.0814018 10.0363998
53.3930016 -32.0670013 10.7272997
53.2382507 -31.9016495 -1.03565001
53.2399521 -31.9088497 -0.881099999
53.2489014 -31.8582497 -0.669499993
53.2694473 -31.8652 -0.402400017
53.2644348 -31.9431992 -0.246266663
53.2712212 -31.8935204 -0.0817599967
53.2767982 -31.9291668 0.349400014
53.2503662 -31.913866 0.471133351
53.3009338 -31.8834 0.678066671
53.2931671 -31.9284668 0.934066653
53.2977982 -31.9445763 1.29664993
53.3135338 -31.9003334 1.48273337
53.2997017 -31.9221001 1.69793332
53.3152008 -31.9695511 1.9296
53.3161736 -31.8272743 2.09695005
53.2974014 -31.9871006 2.26259995
53.3064346 -31.8530006 2.47586656
53.3254013 -31.9230003 2.71600008
53.3228989 -31.866951 2.94775009
53.3281326 -31.9052677 3.16020012
53.3172989 -31.8470993 3.43319988
53.3295326 -31.9396667 3.67260003
53.3471985 -31.8269005 4.1255002
53.3355026 -31.8754997 4.96675014
53.3664017 -31.8425999 5.80340004
53.3260002 -31.9188995 6.14299965
53.382 -31.9920998 6.25299978
53.3356018 -31.8419991 6.42770004
53.3386993 -31.8817997 6.73430014
53.3792 -31.8274002 6.88199997
53.3778496 -31.8456001 7.56649971
53.3746986 -31.9496994 7.71820021
53.3493996 -31.9016991 7.90889978
53.3807983 -31.9585495 8.25409985
53.3791008 -31.8216 8.69350052
53.3761978 -31.9507999 8.94655037
53.3949013 -31.8950996 9.00349998
53.3876991 -31.9857006 9.3355999
53.3903999 -31.8586998 9.6498003
53.3190002 -31.9417 10.0228004
53.3918991 -31.8139 10.3408003
53.3969002 -31.8848 11.3882999
53.2318993 -31.7167492 -0.864075005
53.2392502 -31.6805248 -0.663025022
53.2542992 -31.7303009 -0.521099985
53.2610664 -31.7350006 -0.3292
53.253273 -31.7139492 -0.164000005
53.2624016 -31.7096004 0.0885666683
53.2785988 -31.6865501 0.234950006
53.2827988 -31.7111511 0.42612499
53.274765 -31.7320995 0.706033349
53.2911339 -31.7214336 0.892433345
53.2786331 -31.6694336 1.10466671
53.2878494 -31.6463509 1.35654998
53.3212013 -31.6875 1.46809995
53.3147964 -31.7010994 1.64135003
53.3194389 -31.71208 1.86732006
53.3053398 -31.6712608 2.06403995
53.3090515 -31.6381245 2.31664991
53.3144493 -31.6879749 2.4909749
53.3023491 -31.6981754 2.73227501
53.337326 -31.7026997 2.87497497
53.3319016 -31.6168003 3.15820003
53.3013992 -31.7175999 3.47009993
53.3445015 -31.6418991 4.2737999
53.3269005 -31.6154003 4.53660011
53.3255997 -31.7945004 5.2494998
53.3642006 -31.7984009 5.59170008
53.3117981 -31.7000504 6.48094988
53.3668518 -31.7006989 6.96654987
53.3586006 -31.6826 7.03919983
53.3972015 -31.7950001 7.38430023
53.3893013 -31.7250004 8.10309982
53.3514252 -31.70755 8.28489971
53.3583984 -31.7075996 8.51284981
53.3851471 -31.7008495 9.07859993
53.3874016 -31.7982006 9.2184
53.3391991 -31.7313004 9.77499962
53.3923988 -31.7252007 9.91699982
53.3700981 -31.7563992 10.6966
53.3038025 -31.4967499 -1.02469993
53.2370338 -31.4507008 -0.883233368
53.2915001 -31.5956993 -0.77640003
53.2350006 -31.4561005 -0.575399995
53.2411995 -31.5226994 -0.382499993
53.2636681 -31.4957333 -0.111999996
53.2765999 -31.5114002 0.0242499989
53.2641754 -31.4915009 0.362574995
53.2907753 -31.4748001 0.466049999
53.29142 -31.5450802 0.708540022
53.2653999 -31.4923 0.904200017
53.2827988 -31.4899197 1.11412001
53.3004341 -31.4540997 1.28483331
53.2955246 -31.5065746 1.48110008
53.3208008 -31.5298004 1.70425713
53.3269997 -31.4176998 1.921
53.3031807 -31.5156403 2.09037995
53.315052 -31.519249 2.30242491
53.35075 -31.4090996 2.45149994
53.3369331 -31.4691658 2.72079992
53.3400497 -31.4986496 2.90190005
53.3440018 -31.4776001 3.08109999
53.2846489 -31.5320015 3.49324989
53.3627014 -31.5202999 3.64249992
53.3342018 -31.4074993 4.17640018
53.3698997 -31.5256004 6.52365017
53.3950005 -31.4412003 7.15189981
53.3474998 -31.5251999 7.29500008
53.3779984 -31.4695492 7.70639992
53.3812485 -31.4929504 7.9375
53.3633499 -31.4647484 8.02404976
53.3596992 -31.5212002 8.32059956
53.3744011 -31.5477333 8.52766609
53.3602982 -31.5704002 8.72070026
53.3897018 -31.4249001 8.81389999
53.3634491 -31.5566483 9.10905075
53.3836975 -31.5636997 9.27645016
53.3691483 -31.4734497 9.46585083
53.3981018 -31.4582005 10.2228003
53.2220001 -31.3288002 -1.03279996
53.2454681 -31.3563671 -0.868399978
53.2612991 -31.3052006 -0.712100029
53.2439995 -31.2584496 -0.48574999
53.2743988 -31.2317009 -0.234400004
53.2513504 -31.3516502 -0.135649994
53.2691002 -31.2026997 0.0264999997
53.2603493 -31.3341999 0.262849987
53.2752495 -31.2856998 0.499774992
53.2751007 -31.2851009 0.662266672
53.2909317 -31.257534 0.916783333
53.2751999 -31.3293991 1.11339998
53.3101501 -31.2715492 1.34634995
53.3121758 -31.2840767 1.51380002
53.301033 -31.2838001 1.68588328
53.3012352 -31.3248005 1.92949998
53.3019981 -31.324667 2.08786678
53.303524 -31.2509995 2.2897501
53.3346329 -31.2688007 2.53243327
53.3226776 -31.3484993 2.68257499
53.3623009 -31.2289009 2.93309999
53.3254662 -31.3068657 3.04593325
53.3181 -31.2521 3.25769997
53.3106995 -31.3772011 3.47545004
53.3586006 -31.2880001 4.08129978
53.3262024 -31.2290993 4.28375006
53.3391991 -31.2033997 5.06470013
53.3946991 -31.3857002 5.32329988
53.3670006 -31.2176991 6.96729994
53.3871002 -31.2996006 7.09060001
53.3716011 -31.3372993 7.55789995
53.382 -31.3174 7.86630011
53.3777008 -31.3208008 8.22819996
53.3627014 -31.2022991 8.45580006
53.376049 -31.3294983 9.05185032
53.3721008 -31.2847672 9.34809971
53.3799019 -31.3439007 9.42539978
53.3879013 -31.3003006 9.73630047
53.3964996 -31.3297997 10.132
53.3904991 -31.2115002 10.3055
53.3800011 -31.3136997 10.6654997
53.3814011 -31.2700005 11.3699999
53.223999 -31.1737995 -1.02649999
53.2364998 -31.1107998 -0.850399971
53.2288513 -31.0664501 -0.633749962
53.2388496 -31.0741005 -0.492349982
53.240799 -31.1419983 -0.320250005
53.2560501 -31.0750504 -0.136649996
53.2774353 -31.1226673 0.127166674
53.2618713 -31.0812435 0.309385717
53.2786484 -31.0737 0.674199998
53.2881355 -31.0889664 0.861800015
53.3042984 -31.1651001 1.07200003
53.2938004 -31.1079006 1.29229999
53.2689018 -31.0470009 1.52359998
53.3013992 -31.1295662 1.71850002
53.3031006 -31.0188007 1.90359998
53.3124008 -31.1208 2.08130002
53.3316994 -31.0338993 2.26086664
53.3294678 -31.0490341 2.50660014
53.3468018 -31.1356506 2.76179981
53.3408012 -31.1429996 2.88730001
53.3078995 -31.0730495 3.25152493
53.3577995 -31.1434002 3.49530005
53.3124008 -31.1917 4.1473999
53.3745995 -31.0618 4.28009987
53.3567009 -31.0881996 4.96239996
53.3523026 -31.1018505 5.36155033
53.3931007 -31.1987 6.05319977
53.395401 -31.1306992 6.85290003
53.3764 -31.1082001 7.31195021
53.2779007 -31.1103001 8.11810017
53.3732986 -31.0212002 8.64039993
53.3604012 -31.1393661 9.73313332
53.3769493 -31.0429001 9.8526001
53.2347984 -30.9745998 -1.08809996
53.2406998 -30.8969002 -0.89230001
53.2050018 -30.8383007 -0.776199996
53.2248001 -30.8188992 -0.512300014
53.2504005 -30.9613991 -0.367000014
53.2576523 -30.9254494 -0.0766500011
53.2695999 -30.8833008 0.0994166657
53.2570992 -30.9181995 0.363399982
53.2747765 -30.8369007 0.505900025
53.3240318 -30.9703674 0.737900019
53.2733498 -30.9060993 0.868449986
53.3000336 -30.9151669 1.07159996
53.2724991 -30.8772507 1.23514998
53.2997818 -30.9031334 1.53276658
53.3037491 -30.8688507 1.63435006
53.3281326 -30.9047661 1.92139995
53.2971001 -30.9125671 2.17213345
53.3068008 -30.8213997 2.24030018
53.3286018 -30.9022675 2.54559994
53.3129997 -30.8765507 2.72424984
53.3549995 -30.9377995 2.97670007
53.3361015 -30.9116001 3.2451334
53.3554001 -30.9965992 3.55920005
53.3269005 -30.9452991 3.76609993
53.3477478 -30.8715496 5.43209982
53.3379517 -30.8890495 6.14125013
53.3737984 -30.993 6.40740013
53.3637009 -30.8843994 7.19049978
53.396801 -30.9888992 7.59000015
53.3773003 -30.9759007 7.63840008
53.3512001 -30.8819008 8.00570011
53.3758011 -30.8531666 8.33710003
53.357399 -30.9043007 8.46399975
53.3442001 -30.8896484 8.8532505
53.3376999 -30.9113998 9.11620045
53.3616982 -30.8880997 9.22990036
53.3796997 -30.9563007 9.58549976
53.3437004 -30.8687 9.73700047
53.274353 -30.7087002 -1.02269995
53.2490005 -30.6991005 -0.978299975
53.2397003 -30.6887341 -0.674733341
53.2552986 -30.6800003 -0.434450001
53.2550507 -30.6865501 -0.236450002
53.2524986 -30.7171993 -0.0540000014
53.2606316 -30.7108326 0.0849333331
53.2813683 -30.6799679 0.355000019
53.2742996 -30.7206001 0.472299993
53.3135986 -30.6054993 0.678600013
53.2884827 -30.6857662 0.861783326
53.3093185 -30.6942406 1.0812
53.3213501 -30.7459984 1.28999996
53.285099 -30.7828007 1.42139995
53.2981987 -30.6835499 1.71451664
53.2927513 -30.7235985 1.83214998
53.3247528 -30.6252003 2.13604999
53.3373337 -30.6627007 2.28603339
53.312561 -30.6812992 2.48938012
53.3239326 -30.7587337 2.69593334
53.3452988 -30.6355991 2.96289992
53.3304977 -30.7158508 3.08199978
53.331749 -30.7187996 3.53009987
53.3502007 -30.6973991 5.08090019
53.3535995 -30.6410999 5.32040024
53.3586998 -30.7924004 5.47139978
53.3768349 -30.6831341 7.30480003
53.2780495 -30.6903496 7.49779987
53.368248 -30.6809006 7.75514984
53.3622017 -30.7924004 7.89190006
53.364399 -30.7812004 8.12639999
53.3916473 -30.7029991 8.26539993
53.3358002 -30.7893009 8.48130035
53.387001 -30.7735996 8.60499954
53.3827019 -30.7054005 9.01580048
53.3824005 -30.7007008 9.36170006
53.3969002 -30.7423 9.48680019
53.3813019 -30.7945004 9.87759972
53.3795013 -30.6012993 10.1470003
53.3951988 -30.6812 10.2921505
53.3857002 -30.6242008 11.0565004
53.2391014 -30.559967 -1.08799994
53.2302246 -30.515625 -0.726199985
53.2493744 -30.4927254 -0.518275023
53.2544479 -30.5188999 -0.336849988
53.2732353 -30.4510002 -0.0632333383
53.2572479 -30.4981003 0.094750002
53.2607994 -30.4029999 0.324400008
53.2855339 -30.5741329 0.523033321
53.2682991 -30.5289001 0.693099976
53.2829437 -30.5006008 0.890957177
53.2795029 -30.4971008 1.13820004
53.2961006 -30.4986286 1.31578577
53.2891998 -30.5998993 1.52479994
53.330368 -30.5039997 2.13283324
53.3165512 -30.5601997 2.36450005
53.3359985 -30.4405003 2.51290011
53.338501 -30.5830002 2.86759996
53.3655014 -30.4550991 3.30250001
53.3482513 -30.4828491 3.47860003
53.3577003 -30.5898991 4.66289997
53.3372993 -30.5415001 5.19449997
53.3330498 -30.46665 5.54055023
53.3801003 -30.5345993 6.15740013
53.3512001 -30.4367504 6.30119991
53.3801994 -30.4624996 6.69570017
53.3959007 -30.4841995 7.10150003
53.3430672 -30.4699669 7.50943327
53.3072014 -30.4087009 7.69990015
53.395401 -30.4647007 8.06830025
53.3681488 -30.5438004 8.32105064
53.3787003 -30.5394993 8.49489975
53.3787994 -30.4501991 8.62609959
53.3679504 -30.5101509 9.24835014
53.2998505 -30.4184494 9.58010006
53.3664017 -30.5137997 9.71889973
53.3750992 -30.5657997 10.6195002
53.3693008 -30.5330009 11.1162004
53.2381516 -30.262249 -0.940999985
53.2243652 -30.2823677 -0.741933346
53.2396355 -30.3264332 -0.469799995
53.2411003 -30.3808002 -0.313800007
53.2658386 -30.2762394 -0.0971999988
53.2583008 -30.2861996 0.0862499997
53.2559662 -30.321434 0.304566652
53.28088 -30.2968998 0.494679987
53.268261 -30.3327999 0.709879994
53.2901497 -30.3614998 0.887150049
53.2930679 -30.3003826 1.10193336
53.3008194 -30.2741203 1.34459996
53.3330002 -30.2838497 1.53360009
53.3078003 -30.3374996 1.67309999
53.3941994 -30.3682003 2.15499997
53.3102989 -30.2978992 2.55660009
53.3423996 -30.3642006 2.71499991
53.3755989 -30.2024002 2.88439989
53.3189011 -30.3631001 3.34859991
53.3488998 -30.2551003 3.62800002
53.3163528 -30.3368492 3.85800004
53.3359528 -30.3013992 4.22955036
53.3729477 -30.2977486 5.38310003
53.3851013 -30.2791004 5.67659998
53.3698006 -30.2532997 5.94059992
53.3685989 -30.2492008 6.25369978
53.3591003 -30.2423992 6.48950005
53.3853989 -30.2695007 6.87720013
53.3857002 -30.3507004 7.26450014
53.3751984 -30.3498001 7.95120001
53.3745499 -30.2374001 8.27314949
53.3902016 -30.3677998 8.95330048
53.3864975 -30.361599 9.03674984
53.388401 -30.2586994 9.60359955
53.3728027 -30.3558502 10.4744492
53.2355003 -30.1019993 -1.18840003
53.2271004 -30.0031509 -0.843500018
53.2467651 -30.1350327 -0.681699991
53.2495003 -30.0984745 -0.120274998
53.2630386 -30.1028404 0.11208
53.2721329 -30.1088657 0.268399984
53.2788391 -30.0678196 0.479440004
53.2669525 -30.1375999 0.694175005
53.2786331 -30.0618668 0.838999987
53.2966499 -30.1702499 1.13765001
53.3190498 -30.1430511 1.26890004
53.2932014 -30.0932007 1.54470003
53.3069 -30.1445007 2.58710003
53.3348007 -30.1057663 2.86533332
53.3459015 -30.0398998 3.11059999
53.3488998 -30.0002995 3.21519995
53.347599 -30.1159 3.58769989
53.3610992 -30.1005993 3.74189997
53.3731995 -30.1688995 4.23080015
53.3451004 -30.1313992 4.59380007
53.3655014 -30.1825008 5.16730022
53.3619995 -30.1340008 5.44369984
53.3675003 -30.0223999 5.60909986
53.3540649 -30.0774002 6.35389996
53.3881989 -30.1504002 6.68660021
53.3674011 -30.0014992 6.9829998
53.3890991 -30.0163002 7.33209991
53.3468018 -30.0580997 7.77925014
53.3665009 -30.0407009 7.93480015
53.3736992 -30.0016003 8.09860039
53.3745003 -30.0028992 8.64319992
53.3534012 -30.0699997 8.83059978
53.3695984 -30.0161991 9.00109959
53.3750992 -30.0427017 9.31509972
53.3512993 -30.0783005 9.97283363
53.3456001 -30.0813999 10.0716
53.3921013 -30.0228996 10.7423
53.3810005 -30.1125984 10.8979502
53.2128983 -29.9939003 -1.07299995
53.2542496 -29.8715515 -0.916450024
53.2474327 -29.8563004 -0.650299966
53.2564659 -29.914299 -0.537266672
53.2698326 -29.9469337 -0.268866658
53.2598991 -29.8097 -0.0487999991
53.2674408 -29.8842392 0.311960012
53.2841492 -29.9342499 0.518000007
53.2975006 -29.9720993 0.753799975
53.3102493 -29.9216499 0.891849995
53.2877388 -29.8977604 1.06930006
53.2931671 -29.9015331 1.33783329
53.2881508 -29.9207249 1.48804998
53.3156967 -29.8466988 1.60734999
53.3185501 -29.9283981 2.69775009
53.3530006 -29.9169006 2.91155005
53.3319016 -29.9526997 5.82119989
53.3772011 -29.9305992 6.51800013
53.3988991 -29.8108997 6.74350023
53.3974991 -29.9993 7.08720016
53.3987999 -29.9533997 7.87839985
53.3795013 -29.8640003 8.06190014
53.3578987 -29.9025002 8.27350044
53.3855972 -29.8983994 8.50379944
53.3862991 -29.8998489 8.61310005
53.3945007 -29.9323997 8.92259979
53.3810997 -29.9160995 9.18970013
53.3857994 -29.9440002 9.74510002
53.3708 -29.8358002 9.88969994
53.3818321 -29.9712658 10.2381668
53.3480988 -29.8652992 10.4761
53.3712006 -29.9692001 11.0403996
53.2409515 -29.6729507 -0.833899975
53.2325325 -29.7181339 -0.701699972
53.2531509 -29.703701 -0.457699984
53.2720146 -29.715929 -0.277185708
53.2705994 -29.6601486 -0.117624998
53.2546005 -29.7198486 0.0724500045
53.2848015 -29.6704006 0.252499998
53.2828979 -29.7066994 0.529299974
53.2793999 -29.6557503 0.919149995
53.3069 -29.6700001 1.17359996
53.2924995 -29.6980743 1.34042501
53.3079643 -29.7193871 1.50100005
53.3643494 -29.6869011 1.70534992
53.3093987 -29.6040001 1.97870004
53.3614006 -29.6305008 2.21280003
53.3031006 -29.6930504 2.54115009
53.3521996 -29.7034492 2.67980003
53.3558006 -29.7084007 3.13969994
53.3508987 -29.6949005 3.49110007
53.3291016 -29.6896 3.62280011
53.3409996 -29.780899 3.98659992
53.3182526 -29.6949005 5.9204998
53.3961983 -29.7826004 6.14470005
53.3577003 -29.6688004 6.20469999
53.2770004 -29.6198006 8.10200024
53.391201 -29.7351494 8.27915001
53.3940506 -29.72085 8.61490059
53.3407021 -29.6564331 8.91176701
53.3726997 -29.7370491 9.5302
53.3921013 -29.7686996 9.93459988
53.3240013 -29.7388496 10.2770004
53.3665009 -29.6191006 11.0564003
53.3992004 -29.7859001 11.4475002
53.2335358 -29.4874992 -1.05066669
53.2486 -29.4975739 -0.726074994
53.254467 -29.5121002 -0.492466688
53.2490997 -29.5448666 -0.324266672
53.2617989 -29.4538765 -0.169650003
53.2517319 -29.5355339 0.057
53.280735 -29.4827995 0.305666655
53.3084984 -29.5352993 0.513000011
53.2545013 -29.5763512 0.716149986
53.2930984 -29.5017242 0.88122499
53.2733002 -29.5146751 1.14342499
53.2882004 -29.5597992 1.26450002
53.2807236 -29.5213757 1.50247502
53.2979012 -29.4755993 1.68060005
53.338501 -29.5631008 1.81509995
53.2745323 -29.518734 2.04863334
53.3173981 -29.553299 2.31419992
53.3604507 -29.552 2.49434996
53.3459511 -29.4511986 2.66860008
53.2977982 -29.5009003 2.98930001
53.3546982 -29.540451 3.44575
53.3857002 -29.5135002 6.14050007
53.3773994 -29.4484005 6.69089985
53.3993988 -29.5706997 6.9131999
53.3871994 -29.4901009 7.2512002
53.3891983 -29.4892998 7.44199991
53.3922005 -29.4927998 7.76910019
53.3896484 -29.5234489 8.08450031
53.3801003 -29.5070992 8.37950039
53.3555984 -29.4867001 8.67770004
53.3404007 -29.5925999 8.82120037
53.3703995 -29.5976009 9.78479958
53.3830986 -29.5939999 10.5398998
53.3223 -29.5102005 10.8042002
53.2466011 -29.3118744 -0.907099962
53.2397499 -29.27145 -0.724049985
53.2358513 -29.3511505 -0.542150021
53.2544975 -29.2828197 -0.28233999
53.2626648 -29.3033657 -0.0397999994
53.2694016 -29.2942009 0.0869999975
53.251667 -29.2372341 0.237499997
53.2602501 -29.2489014 0.453150004
53.2869492 -29.3962002 0.696799994
53.2873497 -29.3010502 0.967550039
53.2842979 -29.321701 1.10039997
53.306366 -29.2891655 1.2967
53.3073502 -29.2522507 1.45895004
53.2910995 -29.3095245 1.68162501
53.305233 -29.2689323 1.89899993
53.324379 -29.2943993 2.08263993
53.3075981 -29.3227673 2.32836676
53.3258018 -29.2944012 2.48316669
53.3321495 -29.2686501 2.6875
53.3260002 -29.3700008 4.87109995
53.3375015 -29.2075005 6.0781002
53.3856506 -29.3307991 6.56314993
53.3698006 -29.3564339 6.69853306
53.3853989 -29.2019997 7.06260014
53.3964996 -29.3393002 8.31260014
53.3516998 -29.246151 8.43330002
53.3891983 -29.3115997 8.89710045
53.3805008 -29.3243504 9.24479961
53.3736992 -29.3407001 9.63430023
53.3342018 -29.2777996 10.7777004
53.3432999 -29.3059006 10.8579998
53.3563995 -29.3929996 11.1851997
53.3947983 -29.2845993 11.4327002
53.2304993 -29.0820999 -1.10179996
53.2290001 -29.1433487 -0.880499959
53.2341995 -29.0707245 -0.671000004
53.2604256 -29.10215 -0.479274988
53.2773018 -29.0408993 -0.116499998
53.2791519 -29.0400505 0.0847000033
53.2699013 -29.068924 0.307325006
53.2811508 -29.0355988 0.521300018
53.2919006 -29.0515995 0.743849993
53.3097 -29.1534004 0.820500016
53.2733994 -29.1011009 1.07185006
53.3178749 -29.0825748 1.32875001
53.3022499 -29.0606003 1.4576
53.3026237 -29.145649 1.73927498
53.2953262 -29.1155758 1.932675
53.2915001 -29.1357002 2.12299991
53.300766 -29.0694332 2.35103345
53.3362503 -29.0957489 2.53639984
53.3266487 -29.1005497 6.27025032
53.3717499 -29.1390495 6.68930006
53.3189011 -29.1576004 7.12979984
53.3088989 -29.1973991 7.33599997
53.3745995 -29.0993004 7.5479002
53.3964005 -29.0564995 7.94920015
53.3534241 -29.0949497 8.13739967
53.3893356 -29.1015339 8.30973339
53.395401 -29.1285 8.54660034
53.3959007 -29.0744991 8.84720039
53.3796997 -29.0556755 9.07329941
53.3993988 -29.1674995 9.26690006
53.3987007 -29.0095997 9.57960033
53.3949013 -29.0435009 9.70460033
53.3694992 -29.0743999 9.96409988
53.3743515 -29.0777512 10.1632004
53.3833656 -29.113966 10.6627665
53.2262001 -29.0135002 11.1351995
53.2381325 -28.8553009 -0.920333326
53.2857018 -28.9655991 -0.638499975
53.2291336 -28.891634 -0.482233316
53.2520981 -28.890049 -0.310775012
53.2524681 -28.8694 -0.0975999981
53.2732773 -28.8563004 0.0881749988
53.2672729 -28.8973503 0.248300001
53.2663841 -28.9075165 0.503383338
53.2975998 -28.9118004 0.71116668
53.2774315 -28.9228001 0.909300029
53.3147011 -28.9871998 1.04900002
53.3063011 -28.9430504 1.31280005
53.2833328 -28.9123001 1.49316669
53.2859993 -28.8355999 1.60959995
53.3074989 -28.9245338 1.90793335
53.3223763 -28.9369507 2.07000017
53.3271332 -28.9507008 2.26769996
53.3881989 -28.8383999 2.48779988
53.3339005 -28.9577007 2.71499991
53.3484001 -28.9333496 5.16110039
53.372364 -28.8873329 6.13793325
53.3973999 -28.9958992 6.49870014
53.3563004 -28.9328995 6.7585001
53.3936996 -28.8113003 7.09140015
53.3893013 -28.8453999 7.42600012
53.3688011 -28.8957996 7.6072998
53.379303 -28.9039993 8.10550022
53.3884506 -28.9979515 8.30439949
53.3339005 -28.9008999 8.47340012
53.3611984 -28.9193001 8.87940025
53.396801 -28.9790993 9.01039982
53.3689995 -28.8990002 10.6752996
53.2834015 -28.9036999 10.9871998
53.3740005 -28.8609009 11.0833998
53.3939018 -28.8260994 11.2595997
53.2261276 -28.6574993 -1.04984999
53.2406998 -28.6967678 -0.87196666
53.2387009 -28.6837387 -0.705960035
53.2475014 -28.701149 -0.54005003
53.2555237 -28.6775742 -0.269674987
53.2574997 -28.6446495 -0.0604000017
53.2607994 -28.6791 0.169366673
53.2854996 -28.6883507 0.296350002
53.2776413 -28.6744995 0.531780005
53.2997322 -28.7379341 0.656433344
53.2751007 -28.7390003 0.939300001
53.2804604 -28.7143402 1.12284005
53.3089981 -28.7071991 1.27464998
53.2912674 -28.6667328 1.52233338
53.3064995 -28.6562004 1.78299999
53.3003311 -28.6906662 1.88446665
53.3088226 -28.750824 2.03480005
53.2961006 -28.6821995 2.2348001
53.3241997 -28.6560993 2.58660007
53.3479996 -28.757 2.60669994
53.3667984 -28.7511005 5.56360006
53.3041 -28.6131992 5.97609997
53.3571014 -28.7311001 6.40420008
53.3796997 -28.7635002 6.65789986
53.3605003 -28.6259003 6.88240004
53.3750992 -28.6641998 7.02729988
53.3765984 -28.7765999 7.75379992
53.3670006 -28.6991997 8.14970016
53.3507767 -28.6771507 8.30879974
53.2616997 -28.7527008 8.50710011
53.3714981 -28.7146988 8.9001503
53.3591003 -28.7681503 9.3036499
53.3410988 -28.6935997 10.5163002
53.3728981 -28.6954002 10.7213001
53.2313995 -28.5300007 -1.11010003
53.2374725 -28.4923496 -0.935500026
53.2835007 -28.453867 -0.653566658
53.3325005 -28.4451008 -0.494700015
53.2905998 -28.510849 -0.268899977
53.2805023 -28.5219803 -0.138960004
53.2729988 -28.5052204 0.126159996
53.2906265 -28.5172749 0.338649988
53.2801514 -28.5509987 0.514800012
53.3291016 -28.5846004 0.756500006
53.2951012 -28.5976009 0.815299988
53.2978325 -28.5085659 1.1140666
53.3030014 -28.5385666 1.33429992
53.2916794 -28.4960804 1.50588
53.2989349 -28.5329666 1.66326666
53.3080978 -28.4964752 1.86004996
53.3194504 -28.479126 2.09224987
53.3148499 -28.5662498 2.26314998
53.3647995 -28.4514008 5.03809977
53.3269997 -28.5477009 6.02600002
53.3908997 -28.4015999 6.40390015
53.3712006 -28.5081997 6.68429995
53.3838997 -28.5443001 6.94560003
53.3778992 -28.5834007 7.18709993
53.3456497 -28.4831009 7.47165012
53.378933 -28.4737339 7.87050009
53.3767014 -28.4132996 8.13770008
53.3728981 -28.5762997 8.66849995
53.3967018 -28.5527 8.88799953
53.3218994 -28.4836006 9.19659996
53.3544998 -28.4578991 9.41409969
53.3746986 -28.4333 10.5692997
53.3162003 -28.4701004 10.6828003
53.2661667 -28.291666 -1.07776666
53.2791748 -28.3157749 -0.909675002
53.3044014 -28.3117332 -0.716766655
53.3172989 -28.3309994 -0.52820003
53.3381386 -28.3037395 -0.283259988
53.3026352 -28.2882671 -0.063500002
53.2958603 -28.2817001 0.0755200014
53.2747498 -28.2882004 0.295100003
53.338932 -28.2573662 0.569566667
53.3281479 -28.2687988 0.740499973
53.3271484 -28.2817497 0.900733352
53.3256264 -28.3248253 1.08562493
53.3196259 -28.2687988 1.31505001
53.3143997 -28.2795334 1.44456673
53.3419266 -28.3035431 1.72557139
53.3523178 -28.2518406 1.87163997
53.2989998 -28.3031006 2.06699991
53.3761253 -28.2975502 2.28649998
53.3699989 -28.3186493 2.44775009
53.376133 -28.3288326 6.26889992
53.365799 -28.3572998 6.92570019
53.3879013 -28.3771 7.11689997
53.3736992 -28.3153992 7.67600012
53.3700485 -28.2835007 7.87900019
53.3807487 -28.27425 8.50670052
53.3760986 -28.3845005 9.15180016
53.3650017 -28.3250999 9.37059975
53.3731003 -28.2775002 9.84049988
53.3834991 -28.3345337 11.1364994
53.2270012 -28.0230999 -1.27359998
53.2323532 -28.1105995 -1.05640006
53.2264328 -28.0771332 -0.955900013
53.2381973 -28.0856209 -0.72104001
53.2286987 -28.0757008 -0.487800002
53.2757492 -28.1053009 -0.284999996
53.2727242 -28.0862255 -0.0808750018
53.2901993 -28.1322002 0.130400002
53.2840004 -28.1221008 0.215800002
53.2517319 -28.1166668 0.48210001
53.2943192 -28.1058807 0.682280004
53.2811012 -28.1165009 0.914600015
53.3022003 -28.1244011 1.17140007
53.2758675 -28.0583324 1.2821666
53.3032341 -28.1223679 1.49106669
53.2522659 -28.128767 1.68636668
53.3223991 -28.0049992 1.80219996
53.3668518 -28.1230011 2.07439995
53.3131409 -28.1144791 2.27986002
53.3210983 -28.0605507 2.65059996
53.3474998 -28.0807991 2.85030007
53.3151016 -28.1298008 3.75670004
53.2504005 -28.1091003 3.87109995
53.3488998 -28.0497341 4.25710011
53.2770996 -28.0630989 4.91650009
53.3883018 -28.1082993 5.70949984
53.3786011 -28.0324993 6.55490017
53.2695007 -28.1016998 8.94620037
53.3549004 -28.0608006 9.11349964
53.3748016 -28.1112995 10.1913004
53.2519531 -27.8897495 -1.09124994
53.2211494 -27.8703003 -0.93114996
53.2189026 -27.9777489 0.130349994
53.2131004 -27.9678001 0.32159999
53.2517014 -27.9913998 0.547800004
53.2571983 -27.9582005 0.72420001
53.2588501 -27.8778496 0.958649993
53.2620239 -27.9366245 1.11542499
53.2687988 -27.9288998 1.56080008
53.2685013 -27.8777008 1.70480001
53.2659492 -27.8418007 1.89420009
53.2891502 -27.96385 2.12365007
53.2562027 -27.8987007 2.30819988
53.257 -27.8890495 2.48970008
53.2084007 -27.8808994 2.67750001
53.2185974 -27.9071999 3.71525002
53.2338982 -27.9839001 3.9375999
53.3378983 -27.8871002 4.33470011
53.3698997 -27.8743 4.43160009
53.2055016 -27.8568993 4.62589979
53.2294998 -27.9566994 5.30380011
53.3457489 -27.9104748 5.69522476
53.2501984 -27.8598995 5.95499992
53.3347473 -27.9874496 6.2788496
53.3549995 -27.9148998 6.45860004
53.3380508 -27.9248505 6.7420001
53.2773018 -27.8792 7.0552001
53.2793007 -27.884449 7.34309959
53.3386993 -27.9417 7.56769991
53.2837982 -27.8567009 7.70120001
53.3642006 -27.8696995 8.19820023
53.3423996 -27.9682007 8.57460022
53.3798981 -27.8726997 8.65880013
53.3904991 -27.8726006 8.9368
53.3710251 -27.9047241 9.11124992
53.3751984 -27.8838997 9.25949955
53.3387985 -27.8155994 9.4751997
53.3871498 -27.8291492 10.0054493
53.3955994 -27.8036995 10.6957998
53.2525024 -27.7238007 -1.07800007
53.2434998 -27.6818752 -0.91337502
53.2388 -27.6980991 1.35679996
53.2510986 -27.6473007 1.52750003
53.2667503 -27.6948509 1.67515004
53.2050018 -27.6030998 2.16330004
53.2198982 -27.7338657 2.31430006
53.2313004 -27.6252995 2.49600005
53.2449989 -27.7966995 5.00330019
53.362999 -27.6807003 5.29949999
53.2551994 -27.7192001 5.82870007
53.2812004 -27.7276001 6.07600021
53.2882996 -27.7915001 6.72489977
53.2127991 -27.7514 7.01569986
53.2998009 -27.7090664 7.29923344
53.2901001 -27.7561493 7.46654987
53.2639503 -27.7288494 7.66720009
53.3041992 -27.6987991 7.87540007
53.2159996 -27.7672997 8.17179966
53.339901 -27.7693996 8.36159992
53.3396645 -27.7492008 8.55386639
53.2817993 -27.7317677 8.70339966
53.3516235 -27.7385006 8.92794991
53.277977 -27.7078495 9.11097527
53.2625847 -27.7092667 9.28973389
53.2193985 -27.6837997 9.46710014
53.2945862 -27.6919994 9.72424316
53.2936478 -27.72365 9.96484947
53.2513275 -27.6685257 10.0953751
53.3300323 -27.7011013 10.3244667
53.2972221 -27.6658993 10.4858398
53.2966995 -27.6785755 10.6837997
53.3017006 -27.6214504 10.9251499
53.3294983 -27.6306992 11.080925
53.3689995 -27.6250992 11.2219
53.2324982 -27.4954987 -1.07260001
53.2333679 -27.5321674 -0.893400013
53.2224503 -27.5085258 1.51970005
53.227932 -27.4815998 1.7021333
53.2300987 -27.5939999 1.96519995
53.2626991 -27.5042 2.41619992
53.3328018 -27.5834007 2.91750002
53.354599 -27.5664997 7.72450018
53.2032013 -27.4979992 8.48820019
53.3811989 -27.5536003 9.71749973
53.2028008 -27.5925007 10.7299995
53.3877983 -27.5867004 10.9182997
53.3059502 -27.5690994 11.0804996
53.2943993 -27.4495754 11.46175
53.2374001 -27.4911003 11.6132002
53.2540016 -27.3341007 -1.0395
53.2445984 -27.3081512 -0.97360003
53.2355995 -27.2283001 0.0348000005
53.2141495 -27.2306995 0.638749957
53.2654991 -27.3745995 1.59389997
53.3027992 -27.3481998 1.75090003
53.2127991 -27.2577 1.87489998
53.2588005 -27.2714996 2.65280008
53.3369331 -27.2786674 2.92453337
53.239399 -27.3637009 3.29819989
53.2915154 -27.2993164 11.431633
53.2457504 -27.1327248 -1.06465006
53.2196999 -27.0993004 -0.901000023
53.2367477 -27.16185 -0.310699999
53.2224007 -27.1890984 -0.0582000017
53.2452011 -27.1814995 0.382699996
53.2042999 -27.1308002 0.521899998
53.2210007 -27.0492992 0.632600009
53.2456017 -27.1291008 0.908599973
53.2385674 -27.0849342 1.11000001
53.2266502 -27.0516014 1.27789998
53.2434998 -27.1166 1.47930002
53.259201 -27.0517673 1.6796
53.2919998 -27.1303997 1.84899998
53.2747002 -27.0223999 2.08240008
53.2187004 -27.0299664 2.32183337
53.2839012 -27.0170002 2.5151
53.2318993 -27.0606003 2.61949992
53.3360977 -27.1255493 11.3386002
53.3036995 -27.0834503 11.4344501
53.2112007 -26.8920002 -1.03040004
53.2506027 -26.8690491 -0.948199987
53.2114029 -26.9605007 -0.708899975
53.2327003 -26.9001999 -0.557500005
53.2002983 -26.906601 -0.0894000009
53.2132683 -26.8232327 0.12923333
53.2162018 -26.9195518 0.294950008
53.2055969 -26.8894005 0.420149982
53.2494507 -26.9752998 0.729049981
53.269001 -26.9785004 0.982200027
53.2260513 -26.9062996 1.05990005
53.2458496 -26.9319992 1.31387496
53.2215004 -26.9514999 1.49594998
53.2524986 -26.8465996 1.67040002
53.3011017 -26.9087009 1.95599997
53.3367996 -26.9619999 2.41009998
53.2022018 -26.918251 2.60879993
53.2807999 -26.9367008 3.01079988
53.2411003 -26.9032993 11.3703995
53.2660599 -26.9303398 11.4467201
53.2896996 -26.968399 11.6014004
53.2622528 -26.692749 -1.07520008
53.2344246 -26.7135506 -0.900125027
53.2130013 -26.7012997 -0.601800025
53.2224998 -26.6662006 -0.0204000007
53.2192497 -26.6352005 0.18235001
53.2397995 -26.6833992 0.496899992
53.226799 -26.6778488 0.88985002
53.2282982 -26.7283993 1.20809996
53.2336273 -26.7258492 1.48899996
53.2630997 -26.6888332 1.64326668
53.2248001 -26.6786003 1.87785006
53.2086029 -26.7005005 2.04430008
53.2318497 -26.78195 2.30240011
53.3253479 -26.6984501 2.88695002
53.3297997 -26.7282009 3.28340006
53.3218002 -26.6522007 11.1847
53.2711754 -26.7063999 11.3176498
53.2853661 -26.7064838 11.4722004
53.2439003 -26.5606995 -1.21109998
53.2691269 -26.537426 -1.08835006
53.2180481 -26.4967003 -0.914800048
53.2111015 -26.5666008 -0.468899995
53.2122002 -26.4673996 0.450800002
53.2248993 -26.5125999 0.676699996
53.2168999 -26.4857006 0.904524982
53.2284012 -26.4861507 1.12989998
53.2075005 -26.5606003 1.30014992
53.3069 -26.594101 1.53900003
53.2415237 -26.4330502 1.69360006
53.2080002 -26.5594997 2.35459995
53.2847672 -26.5537338 2.7682333
53.3055 -26.4244003 3.04155016
53.294426 -26.5195255 11.3314495
53.3118744 -26.5000496 11.4926748
53.2658005 -26.2978668 -1.01859999
53.2602501 -26.3182487 -0.905499995
53.2279015 -26.3619995 -0.770699978
53.2565994 -26.3079491 -0.541849971
53.2612648 -26.2936001 -0.334166646
53.2744522 -26.2782993 -0.148250014
53.2380333 -26.2678661 0.0774666667
53.2475014 -26.2458 0.416599989
53.2462997 -26.2563 0.692866683
53.2114983 -26.2819996 0.80250001
53.251049 -26.2977257 1.08850002
53.2705994 -26.2841797 1.28516006
53.2553253 -26.27425 1.51084995
53.2303352 -26.2919674 1.69986665
53.2398682 -26.3058319 1.90450001
53.248848 -26.3899002 2.36999989
53.2818985 -26.3137493 2.70510006
53.2932014 -26.3252487 2.82179999
53.3129997 -26.3726006 3.05979991
53.3100014 -26.3694 11.4549999
53.2672997 -26.1996002 -1.20309997
53.230999 -26.0953007 -1.06999993
53.226265 -26.0761662 -0.902533352
53.2111015 -26.0478001 -0.620800018
53.2618484 -26.0740013 -0.480800003
53.2516022 -26.1922989 -0.348349988
53.2499008 -26.0363007 -0.108350001
53.2482491 -26.1108837 0.118100002
53.2475243 -26.1362991 0.520075023
53.2581978 -26.1306 0.685199976
53.2500992 -26.0435009 0.819299996
53.2813835 -26.108717 1.28390002
53.2822495 -26.104599 1.51197505
53.263401 -26.0872993 1.67966664
53.2924652 -26.1220665 1.9362334
53.2468491 -26.0692501 2.1944499
53.2854996 -26.0437012 2.25304985
53.2572021 -26.0504494 2.41480017
53.3569984 -26.0835991 2.70619988
53.3410988 -26.0324993 2.95779991
53.2531013 -25.9175339 -1.13926661
53.2835999 -25.9440994 -0.864000022
53.263401 -25.9097004 -0.702300012
53.2661514 -25.919775 -0.463349998
53.2528 -25.9160004 -0.37985
53.2799797 -25.9090195 -0.104500003
53.2838211 -25.8734798 0.0995000005
53.2933502 -25.9161758 0.297999978
53.2792244 -25.924675 0.45539999
53.3040009 -25.8699989 0.687049985
53.3011322 -25.9067345 0.848066628
53.3143997 -25.905899 1.07819998
53.318779 -25.8782196 1.28279996
53.3153 -25.8729 1.4842
53.3344994 -25.9204006 1.71169996
53.3258018 -25.9874992 1.80760002
53.3096008 -25.9242001 2.01620007
53.3311386 -25.8891602 2.27291989
53.2465324 -25.9554996 2.68720007
53.2523994 -25.9244995 2.85089993
53.2549019 -25.7674007 -1.33290005
53.2448654 -25.7168331 -1.06790006
53.2870674 -25.6884003 -0.913299978
53.261261 -25.7557812 -0.684319973
53.2590027 -25.6750202 -0.483900011
53.2896004 -25.7073002 -0.287200004
53.2734489 -25.688549 -0.125224993
53.2982483 -25.6637993 0.0919000059
53.27425 -25.7294502 0.26730001
53.2881508 -25.7084007 0.46360001
53.313633 -25.7000656 0.702499986
53.3105011 -25.7483673 0.975666642
53.3253174 -25.7036495 1.11304998
53.3223 -25.7128334 1.27643335
53.350502 -25.7388668 1.48769999
53.3159332 -25.6884995 2.1346333
53.3913994 -25.7907009 2.2901001
53.2787018 -25.5398006 -1.22590005
53.2700996 -25.5246506 -1.12654996
53.2636986 -25.4864998 -0.855700016
53.2909241 -25.5241756 -0.698175013
53.2677498 -25.4827499 -0.559949994
53.2634354 -25.5260334 -0.337733328
53.2824478 -25.4628983 -0.03015
53.2949982 -25.4646988 0.1461
53.2708015 -25.4657001 0.370200008
53.2941513 -25.4811001 0.508300006
53.2848206 -25.4992599 0.706820011
53.3017006 -25.5712662 0.858433366
53.3125992 -25.5424004 1.11934996
53.3465004 -25.4878006 1.3276
53.3441353 -25.5428009 1.49650002
53.3656998 -25.4167004 2.19580007
53.3388176 -25.5038395 2.3390801
53.3195992 -25.5377007 2.51909995
53.3474007 -25.2570992 -1.26789999
53.2794991 -25.2926998 -1.00339997
53.2828979 -25.3777008 -0.543900013
53.2946014 -25.2896671 -0.269666672
53.285759 -25.2909393 -0.10588
53.2809982 -25.29175 0.152049989
53.2845001 -25.2984657 0.285533339
53.290802 -25.3297005 0.436766654
53.3139 -25.3320332 0.699366689
53.2989502 -25.2497501 0.862100005
53.3040009 -25.2864494 1.08203328
53.2896004 -25.3432999 1.28345001
53.2859993 -25.2912006 1.47899997
53.3280983 -25.3997002 2.19560003
53.3497009 -25.2660999 2.25600004
53.2621994 -25.3031998 2.44090009
53.2741013 -25.0780487 -1.23154998
53.2612991 -25.0853996 -1.13770008
53.280899 -25.0886002 -0.893599987
53.271553 -25.1229 -0.674000025
53.2720985 -25.0014992 -0.509500027
53.382 -25.1035004 -0.310200006
53.3045502 -25.1863499 -0.0788500011
53.2806015 -25.1336002 0.0691
53.2859993 -25.0482998 0.279850006
53.2985497 -25.0887489 0.532083333
53.2931213 -25.0934601 0.690479994
53.3262024 -25.0622997 0.875
53.3211517 -25.1113758 1.11399996
53.3299255 -25.0978756 1.31562495
53.3434982 -25.0699329 1.50336671
53.3199997 -25.0725174 1.68433332
53.321701 -25.0356007 1.84669995
53.2275009 -25.0580997 2.07739997
53.3188019 -25.1998997 2.38750005
53.2980003 -25.1581993 2.43910003
53.2547989 -24.8134995 -1.21609998
53.276001 -24.9332008 -1.01859999
53.2571335 -24.9170666 -0.870633304
53.2632332 -24.9349346 -0.680866659
53.2823677 -24.8551998 -0.45266667
53.2996521 -24.9652996 -0.299250007
53.2891655 -24.8992329 -0.141033337
53.3126984 -24.8661003 0.00730000017
53.3064346 -24.9324665 0.309366673
53.2900009 -24.9790993 0.428600013
53.2944183 -24.9053993 0.710780025
53.3089981 -24.9022331 0.953133345
53.3234978 -24.9039669 1.07369995
53.366951 -24.9039497 1.29610002
53.3219528 -24.9659996 1.54489994
53.3274002 -24.9131508 1.67630005
53.33255 -24.8565998 1.94694996
53.3452339 -24.8820667 2.12393332
53.3348198 -24.905241 2.28936005
53.2833481 -24.9300499 2.43634987
53.2975998 -24.6244507 -1.30730009
53.2649498 -24.72715 -1.04334998
53.2602005 -24.7087326 -0.91109997
53.2582016 -24.6179008 -0.701900005
53.270401 -24.6949005 -0.254400015
53.2849007 -24.6515007 -0.0659499988
53.3047791 -24.7306004 0.0900399983
53.3292007 -24.6626511 0.292850018
53.309433 -24.7003994 0.519633293
53.3022003 -24.7786007 0.707099974
53.3263474 -24.6267509 0.940750003
53.3184738 -24.7015495 1.15167499
53.3395004 -24.6968994 1.32850003
53.3090401 -24.6877003 1.52630007
53.3397751 -24.7365494 1.67037499
53.3286018 -24.6287003 1.99559999
53.3405495 -24.7121506 2.08169985
53.2877502 -24.6681499 2.37804985
53.3802986 -24.7900009 2.40330005
53.2753983 -24.4699745 -1.11399996
53.2690239 -24.4832001 -0.889575005
53.2753983 -24.5037003 -0.734899998
53.2989502 -24.5105 -0.442400008
53.2985992 -24.5711498 -0.276250005
53.2933502 -24.5074997 -0.0760999992
53.2937737 -24.4599247 0.117650002
53.3019333 -24.4686337 0.285433322
53.3030014 -24.4956245 0.484225005
53.2950516 -24.5532341 0.694516659
53.3322487 -24.4744492 0.862699986
53.3344269 -24.5311508 1.10210001
53.337532 -24.4825993 1.29306662
53.326767 -24.4783325 1.54400003
53.3285484 -24.4980011 1.65359998
53.3316994 -24.4910507 1.85860002
53.3540382 -24.4780598 2.12804008
53.3311501 -24.4939003 2.29489994
53.2749176 -24.2695332 -1.24286664
53.3091316 -24.2498665 -1.12170005
53.2832985 -24.2579498 -0.846400023
53.2973518 -24.3223 -0.764750004
53.2879181 -24.3019199 -0.454740018
53.3404007 -24.3502998 -0.276600003
53.3083992 -24.3230495 -0.152200013
53.2985649 -24.2914658 0.113666669
53.2973022 -24.2917252 0.279900014
53.3115196 -24.3073807 0.530820012
53.3790016 -24.2040997 0.789900005
53.3297005 -24.3120403 0.922519982
53.3188477 -24.3083496 1.10835004
53.3358231 -24.2750492 1.312325
53.3131676 -24.2721672 1.51985002
53.3318138 -24.2953281 1.9144572
53.3546677 -24.3217659 2.08529997
53.3580017 -24.351799 2.24070001
53.2818985 -24.1786003 -1.17159998
53.2805519 -24.0675507 -0.984425008
53.2938995 -24.1077003 -0.756600022
53.2923508 -24.0361004 -0.567399979
53.2849998 -24.1636009 -0.209800005
53.3183517 -24.0939007 0.15959999
53.2949982 -24.0978012 0.296649992
53.3031006 -24.1441994 0.498800009
53.3447495 -24.0223999 0.729950011
53.3249016 -24.1046257 0.90654999
53.3137589 -24.1470203 1.11733997
53.3321991 -24.1117496 1.31159997
53.3423004 -24.1091003 1.51076007
53.3587646 -24.0541325 1.72653329
53.3321991 -24.1334991 1.89219999
53.364151 -24.1240005 2.15315008
53.2683029 -24.1044502 2.30189991
53.2873001 -23.8787003 -1.28199995
53.2885208 -23.9182606 -0.897660017
53.2915001 -23.8055 -0.770500004
53.2978249 -23.8806 -0.503974974
53.2957001 -23.9111996 -0.305249989
53.2922783 -23.9242592 -0.0637400001
53.2885971 -23.9295502 0.118150003
53.3134995 -23.8546009 0.215000004
53.3446999 -23.9256001 0.585799992
53.3260994 -23.8981495 0.691074967
53.3148994 -23.862999 0.844675004
53.3190498 -23.9373512 1.02904999
53.3371506 -23.9196243 1.32532501
53.3268661 -23.8997993 1.46256673
53.328434 -23.8492661 1.66896665
53.3500595 -23.8928604 1.94395995
53.3596191 -23.8764591 2.15395999
53.2665482 -23.7550507 -1.29594994
53.2899361 -23.6837997 -0.928900003
53.2867012 -23.6759338 -0.702933311
53.2879486 -23.7378502 -0.514024973
53.292099 -23.6809006 -0.333299994
53.2960014 -23.7539997 -0.193100005
53.3209496 -23.7210007 0.0700000003
53.3069801 -23.6996212 0.260479987
53.3005676 -23.7823658 0.501466691
53.3083 -23.6870499 0.713250041
53.3286972 -23.71595 0.944999993
53.2817001 -23.7013321 1.06806672
53.3181992 -23.6812992 1.31389999
53.3329353 -23.7068005 1.50076663
53.3570251 -23.6825008 1.70882499
53.3711243 -23.7234993 1.88872504
53.3589516 -23.7386246 2.09037495
53.3163986 -23.7280998 2.27974987
53.2523003 -23.7430992 2.51629996
53.2923012 -23.5209999 -1.24889994
53.2919502 -23.4983501 -1.10245001
53.276268 -23.4997005 -0.905233324
53.2865677 -23.5285664 -0.644666672
53.3031998 -23.5173759 -0.497025013
53.2828255 -23.5197754 -0.322750002
53.3016014 -23.5436993 -0.0355000012
53.2392998 -23.5974998 0.0178999994
53.3148003 -23.5771008 0.240700006
53.3236351 -23.4680653 0.519333363
53.3157272 -23.5293751 0.682799995
53.3242188 -23.4923592 0.898699999
53.3483238 -23.5387001 1.08724999
53.3481979 -23.4820328 1.32253337
53.3484001 -23.4537659 1.44509995
53.3492584 -23.467041 1.71221995
53.3685989 -23.5121002 1.88225007
53.3638992 -23.5020504 2.1496501
53.3576012 -23.5856991 2.21090007
53.2854996 -23.3476009 -1.41700006
53.2633514 -23.2769241 -1.32484996
53.294651 -23.270525 -1.08280003
53.3022385 -23.2644405 -0.915059984
53.2818336 -23.2882004 -0.711933315
53.28405 -23.290699 -0.457949996
53.2999496 -23.3374481 -0.28670001
53.2597008 -23.3470993 -0.0167999994
53.3087425 -23.3156281 0.100142859
53.2871017 -23.3337002 0.232500002
53.3070984 -23.3346004 0.524800003
53.3311195 -23.3378601 0.71359998
53.3358002 -23.2808495 0.870424986
53.3353996 -23.3491001 1.15269995
53.3197594 -23.2992001 1.27900004
53.3591995 -23.2462749 1.51310003
53.3244019 -23.3515797 1.68119991
53.3642998 -23.2658386 1.89315999
53.2719994 -23.3880997 2.34060001
53.2709656 -23.074234 -1.26486671
53.2879486 -23.1562004 -1.0999999
53.2642326 -23.0886669 -0.937433362
53.2867584 -23.0514603 -0.719020009
53.3027992 -23.0950794 -0.515839994
53.3073158 -23.1185341 -0.303216666
53.2974319 -23.1144676 -0.0756999999
53.3113327 -23.0639668 0.0324999988
53.3115616 -23.1237793 0.323619992
53.3125496 -23.0711994 0.50819999
53.2991982 -23.1467991 0.615100026
53.3124352 -23.0678005 0.913300037
53.3446236 -23.0458508 1.113325
53.359478 -23.1186008 1.30897999
53.337574 -23.0921249 1.52292502
53.351944 -23.1096859 1.72157145
53.3880005 -23.0811996 1.90409994
53.3452263 -23.0923748 2.11730003
53.2621002 -23.1658993 2.33920002
53.3003006 -22.9522991 -1.2902
53.2423019 -22.9193497 -0.977500021
53.2372513 -22.9267998 -0.716799974
53.2536011 -22.844101 -0.436800003
53.2428246 -22.8805504 -0.296424985
53.269249 -22.9333496 -0.0786666647
53.2993011 -22.9361992 0.0670000017
53.2955513 -22.9062004 0.293150008
53.3411484 -22.9806004 0.505550027
53.2838974 -22.9340744 0.702300012
53.2899017 -22.8670006 0.879799962
53.2947617 -22.8582802 1.05651999
53.2922821 -22.8954792 1.29931998
53.3206329 -22.8953991 1.46319997
53.3064995 -22.8623829 1.70124996
53.3488503 -22.9233742 1.90209997
53.3346024 -22.9141502 2.18374991
53.2935982 -22.9916992 2.3361001
53.2004013 -22.7985001 -1.14059997
53.2160988 -22.7896004 0.956399977
53.2837257 -22.7473755 1.08367503
53.3362999 -22.7838993 1.32360005
53.3111496 -22.6925507 1.46794999
53.2494011 -22.7779007 1.90859997
53.3014984 -22.7493 2.11999989
53.2668991 -22.7805004 2.24530005
53.4360008 -34.6794014 10.9371996
53.4239006 -34.2398987 11.3212004
53.4776001 -34.2102013 11.4624004
53.4137001 -34.174099 7.2020998
53.4228516 -34.1277008 10.3797998
53.4916 -34.0470009 11.3664999
53.410099 -33.9132004 6.77580023
53.4277496 -33.9470978 10.5342999
53.5056 -33.9137001 10.7159004
53.4555511 -33.9177475 10.9137001
53.4785309 -33.5335007 -0.641233325
53.5667992 -33.5358009 -0.255800009
53.5055008 -33.4888 -0.105850004
53.5108032 -33.5293503 0.026349999
53.4971466 -33.5092506 0.327149987
53.4994011 -33.4707985 0.694299996
53.4880524 -33.4661484 1.54530001
53.470253 -33.4503479 1.66245008
53.5499992 -33.4855995 1.88469994
53.512001 -33.4304008 2.16849995
53.5156479 -33.41325 2.30474997
53.4578018 -33.4650993 2.79769993
53.5838013 -33.4028015 2.87940001
53.4197006 -33.4067993 3.50510001
53.5247993 -33.4452019 3.61599994
53.5558014 -33.5009003 5.76119995
53.5690994 -33.5275002 9.6196003
53.5400009 -33.4019012 9.98530006
53.5401993 -33.4574013 10.0419998
53.5275002 -33.4858017 10.3085003
53.5163002 -33.3928986 1.28559995
53.5228004 -33.3918991 1.53250003
53.4285507 -33.2392502 1.87374997
53.5135002 -33.3991013 2.07690001
53.4718475 -33.3608017 2.52270007
53.4514999 -33.3059006 2.92509985
53.4585991 -33.3759995 3.53279996
53.5343018 -33.3641014 4.48339987
53.4174995 -33.3123016 4.80170012
53.4744987 -33.346199 5.93959999
53.5951004 -33.2118988 6.72700024
53.4472008 -33.2165985 7.28840017
53.4496994 -33.3209 7.51709986
53.5113983 -33.240303 8.14444923
53.5056 -33.2640991 9.13464928
53.5778999 -33.3745003 9.24520016
53.4678268 -33.2624245 9.4945755
53.4968605 -33.288002 9.7349596
53.4970474 -33.2462006 9.90285015
53.5257034 -33.2588005 10.1420002
53.4982338 -33.3009644 10.2876329
53.5542984 -33.2346992 10.4977503
53.5046005 -33.2895508 10.7027998
53.4882011 -33.2504997 10.9264002
53.4252014 -33.2387009 11.1526003
53.4538994 -33.273201 11.2883501
53.5087738 -33.2940254 11.5093498
53.5620003 -33.1921997 7.49910021
53.4711494 -33.1687508 7.9215498
53.463501 -33.1758995 8.0447998
53.4598351 -33.1440353 8.28450012
53.4285507 -33.0974998 8.54829979
53.5014992 -33.1609001 8.65229988
53.5055275 -33.132988 8.88609982
53.4561005 -33.0988998 9.13576603
53.5028648 -33.1457329 9.27619934
53.4608994 -33.1536026 9.48530006
53.4883003 -33.0912018 9.7755003
53.4864998 -33.174099 9.80739975
53.4365234 -33.099926 10.0655003
53.5009003 -33.1147499 10.3349495
53.4426498 -33.0517502 10.5595999
53.4665985 -33.07164 10.6842804
53.4417496 -33.1428986 11.1124496
53.5160484 -33.1010513 11.2965002
53.4935989 -33.0737686 11.5045671
53.5653 -33.0383987 11.6159
53.4009018 -32.8484001 7.68310022
53.4383011 -32.9880981 8.1473999
53.4221992 -32.905468 8.35299969
53.4514313 -32.9062004 8.93430042
53.408699 -32.8012009 9.15200043
53.4557991 -32.8903008 9.20820045
53.4519997 -32.8258018 9.5248003
53.4533997 -32.8279991 9.76869965
53.4755516 -32.8713493 9.87529945
53.4461517 -32.8838501 10.0809498
53.4744987 -32.8768005 10.2678003
53.5057983 -32.8165016 10.4352999
53.4500008 -32.8801003 10.8416004
53.4525986 -32.9211731 11.0899
53.4336014 -32.9104004 11.3771
53.4851494 -32.8460503 11.4871998
53.5014 -32.9971008 11.6462002
53.4000015 -32.6309013 -0.655399978
53.4560013 -32.7220001 7.76189995
53.5876007 -32.6152992 8.24209976
53.4393501 -32.7243996 8.47229958
53.4463997 -32.6310997 8.62660027
53.4701996 -32.7299004 8.99110031
53.4143982 -32.6248016 9.2809
53.4457016 -32.6092987 9.52859974
53.4272995 -32.7036018 9.60149956
53.4328346 -32.6607323 9.98573303
53.4760971 -32.7231483 10.1124754
53.4467506 -32.71595 10.4713497
53.4778976 -32.6406021 10.7880001
53.4815521 -32.7564011 10.9683495
53.4589996 -32.709301 11.0671997
53.4768982 -32.7079506 11.5722504
53.5608978 -32.487751 -0.612900019
53.4051018 -32.4294014 6.29339981
53.4012985 -32.4202003 7.60129976
53.4324989 -32.4034004 7.94019985
53.4200516 -32.5215988 8.03709984
53.4287491 -32.4529495 8.23340034
53.4287987 -32.4925995 8.71000004
53.4737473 -32.4924011 9.10725021
53.4664001 -32.5657005 9.31459999
53.4159012 -32.4466019 9.61900043
53.4789009 -32.482151 9.88000011
53.4681015 -32.5183487 10.3688507
53.4758987 -32.551899 10.5881996
53.4463997 -32.47575 10.6427002
53.4738846 -32.493885 11.0931568
53.4361992 -32.424099 11.3878002
53.5079994 -32.4543991 11.5592003
53.5228996 -32.3690987 -1.23179996
53.5203476 -32.3172493 -0.904349983
53.4219017 -32.2378998 6.14039993
53.4002991 -32.2879982 7.90899992
53.4202995 -32.292099 8.11359978
53.4096985 -32.3045998 8.20129967
53.4676971 -32.2067986 8.49494934
53.4328003 -32.2813988 8.71460056
53.4424019 -32.3928986 8.89470005
53.4464989 -32.2289009 9.07559967
53.4691238 -32.2964745 9.32839966
53.4360008 -32.3721008 9.57050037
53.4446335 -32.3484993 9.70333385
53.4533997 -32.2533989 9.86999989
53.4855995 -32.3111343 10.0853662
53.4681015 -32.3192673 10.2599001
53.4524002 -32.2099991 10.5031004
53.4709511 -32.3445511 10.7712002
53.4375 -32.3107986 11.2135506
53.4800491 -32.294651 11.50105
53.4394989 -32.0074005 7.83640003
53.4230309 -32.1082993 8.29066658
53.5032997 -32.0367012 8.55039978
53.4487991 -32.1465988 8.7227335
53.4939995 -32.1131325 8.89299965
53.4604492 -32.1226997 9.25905037
53.4832687 -32.0773354 9.45839977
53.4777679 -32.152565 9.72583389
53.4761353 -32.0865173 9.87160015
53.4642029 -32.1167526 10.0148497
53.521347 -32.09795 10.2728996
53.4776497 -32.1120529 10.6410503
53.4766998 -32.0834007 10.8507996
53.5047989 -32.1590004 11.3207998
53.5163651 -32.1324348 11.5422668
53.4059982 -31.8089008 6.04050016
53.4205017 -31.9311008 6.85160017
53.4222984 -31.8516006 7.52829981
53.4328003 -31.8633995 7.88724995
53.427002 -31.8622017 8.11775017
53.4076004 -31.9946995 8.65089989
53.4168015 -31.8451004 9.07390022
53.4403 -31.8704662 9.26273346
53.4166985 -31.8386993 9.49260044
53.432251 -31.9043999 9.77855015
53.44944 -31.8936005 9.85830021
53.4891014 -31.8397007 10.0452995
53.4373016 -31.9752998 10.3176003
53.460434 -31.9468002 10.4991665
53.4941673 -31.9251003 10.7109337
53.4770355 -31.9592667 10.895133
53.4570999 -31.854351 11.1198006
53.4269981 -31.8414993 11.3214998
53.4832001 -31.8841667 11.4944668
53.517601 -31.8994007 11.6011
53.4113998 -31.6037006 6.05889988
53.4323502 -31.6306496 7.00294971
53.4045982 -31.7787991 7.27780008
53.4039993 -31.7416 7.79930019
53.4145012 -31.6385002 8.39169979
53.4578476 -31.7029991 8.45979977
53.4291 -31.6198006 8.79660034
53.4635773 -31.6836243 8.89515018
53.4411507 -31.7124004 9.32989979
53.458252 -31.64995 9.48915005
53.4695015 -31.6490002 9.76930046
53.453701 -31.7088795 10.08496
53.4559021 -31.662899 10.5051003
53.4644012 -31.7537003 10.6176996
53.4113007 -31.6867008 10.8828001
53.4014015 -31.7695999 11.3519001
53.4802246 -31.6893501 11.5148754
53.4039001 -31.5237999 5.7874999
53.412899 -31.4305 6.45739985
53.4197006 -31.5084991 7.60690022
53.4542999 -31.4731007 8.24969959
53.4533005 -31.5993996 8.42029953
53.4335251 -31.4845238 8.68997478
53.4397659 -31.5084991 8.84013367
53.4662476 -31.5153503 9.07699966
53.4618988 -31.4448662 9.33780003
53.4379005 -31.4856491 9.57875061
53.4621353 -31.5212326 9.71399975
53.440834 -31.4634342 9.8913002
53.4543648 -31.4290657 10.1225328
53.5326996 -31.4384003 10.3275995
53.4860001 -31.5131493 10.5295
53.4534988 -31.5145493 10.6752501
53.4197998 -31.5972004 10.8239002
53.4846992 -31.4298992 11.1725998
53.5033264 -31.5269012 11.2545252
53.4687004 -31.4867001 11.7397003
53.4197006 -31.3516006 6.20580006
53.4115982 -31.2415009 6.85820007
53.4011993 -31.2324009 7.12370014
53.4300995 -31.3608341 8.10336685
53.4712753 -31.2938995 8.28579998
53.422699 -31.3348503 8.55489922
53.4281502 -31.3212013 8.72259998
53.4183006 -31.3516006 8.99960041
53.4456482 -31.3556499 9.14299965
53.4404984 -31.2923012 9.33749962
53.4640007 -31.3383999 9.48869991
53.4486008 -31.2929001 9.72986698
53.4747009 -31.3931999 9.96660042
53.4869347 -31.3178005 10.0860338
53.5251503 -31.3210487 10.3586502
53.4613342 -31.2921009 10.4607334
53.4609489 -31.3706512 10.6785498
53.4487648 -31.2982674 10.8295326
53.4846001 -31.2854004 11.1127996
53.5180016 -31.2978992 11.2426004
53.4403992 -31.3980999 11.4879999
53.4131012 -31.0814991 5.95739985
53.4020996 -31.0470009 6.53709984
53.4040985 -31.1625004 6.7045002
53.4627991 -31.0891991 7.08620024
53.4188004 -31.0135498 7.4595499
53.4519997 -31.0007 8.00949955
53.4432983 -31.1263008 8.39949989
53.4208527 -31.1877003 8.67045021
53.4258499 -31.0604 8.91970062
53.4281502 -31.0415497 9.06494999
53.4456482 -31.1263504 9.31869984
53.4434319 -31.0895004 9.49820042
53.405899 -31.0030003 9.60319996
53.4672508 -31.1204987 9.85879993
53.4407997 -31.0846996 10.0722494
53.4372482 -31.0219994 10.37115
53.4511986 -31.1933002 10.6124001
53.4382019 -31.0559998 10.8070002
53.5028992 -31.1872997 11.0935001
53.4631996 -31.0806999 11.3497
53.5376663 -31.1031666 11.5018663
53.4297981 -30.9743996 7.15969992
53.4449997 -30.90135 7.73894978
53.4190979 -30.8560982 7.96409988
53.4554977 -30.9063492 8.3777504
53.411499 -30.8621006 8.42300034
53.459301 -30.8062992 8.79759979
53.5694008 -30.8649006 9.19239998
53.4388657 -30.9521332 9.30889988
53.4723015 -30.8540993 9.49250031
53.4538651 -30.8372002 9.66310024
53.4583511 -30.830101 9.83759975
53.4591408 -30.8757801 10.1037598
53.4595985 -30.8854656 10.2619333
53.489502 -30.9120502 10.4943504
53.4366989 -30.9237995 10.6030998
53.5000343 -30.9088669 11.0433664
53.463932 -30.8312664 11.3186998
53.4202995 -30.7327003 7.06650019
53.4017982 -30.7066994 8.18060017
53.4445992 -30.6886501 8.87815094
53.4365501 -30.7231998 9.12565041
53.4556694 -30.7077007 9.23063374
53.4401741 -30.7019253 9.69847488
53.4435425 -30.6779404 9.92901993
53.4012489 -30.7144508 10.1222496
53.4793739 -30.7065754 10.2590246
53.4096489 -30.6379509 10.6090002
53.4612007 -30.7157326 10.8878994
53.5010986 -30.7173996 11.0326996
53.4962006 -30.6804008 11.2732506
53.4133987 -30.7087994 11.4038
53.4140015 -30.4001999 1.80519998
53.4403 -30.5116005 7.3137002
53.4159012 -30.4960995 7.42439985
53.4109993 -30.4685001 7.79279995
53.4750519 -30.5162506 7.95704985
53.4454994 -30.5646 8.44099998
53.4278984 -30.5256996 8.62699986
53.4291 -30.4283009 8.94830036
53.4225998 -30.4950504 9.08625031
53.4514503 -30.5129509 9.36520004
53.438797 -30.4831505 9.46199989
53.4229012 -30.5084991 9.74069977
53.4398994 -30.4748001 9.94410038
53.4912987 -30.4407997 10.1760998
53.4862671 -30.5379658 10.2582998
53.4396515 -30.5091 10.5459003
53.4747505 -30.4850998 10.754425
53.4748001 -30.4648342 11.080267
53.534874 -30.5178757 11.5141001
53.4964981 -30.3435001 1.64534998
53.5898018 -30.3031006 1.97420001
53.4095993 -30.3525009 6.77850008
53.4062004 -30.3225002 7.04090023
53.4366493 -30.2568512 7.52194977
53.4299011 -30.3889999 7.86339998
53.429451 -30.2252998 8.15534973
53.4454498 -30.2371502 8.31274986
53.4266014 -30.3121986 8.51655006
53.4704018 -30.3733006 8.60639954
53.4342728 -30.3063736 8.8519001
53.4503479 -30.3762016 9.15184975
53.4387512 -30.3355999 9.35210037
53.4314995 -30.2054005 9.49020004
53.4057999 -30.2956009 9.76070023
53.4416733 -30.3483505 9.90957451
53.4653473 -30.2782993 10.0637999
53.4417 -30.2637501 10.3333502
53.4556999 -30.3048 10.5382004
53.4759254 -30.3024998 10.6807251
53.4732323 -30.2768669 10.8829002
53.4900017 -30.3374004 11.1920004
53.4966011 -30.3672009 11.4972
53.4558983 -30.0820999 1.64553332
53.4362984 -30.1389332 6.8737669
53.4395981 -30.1321487 7.15439987
53.4296989 -30.1131001 7.22849989
53.4398003 -30.0862007 7.59749985
53.4197502 -30.10145 7.67630005
53.4510002 -30.1602001 8.11769962
53.4373474 -30.0970001 8.30070019
53.4679985 -30.0216999 8.50290012
53.4483757 -30.0826492 8.89430046
53.4571991 -30.1175499 9.17379951
53.4642258 -30.0594501 9.26882553
53.4162979 -30.0933495 9.65500069
53.4606476 -30.0735512 9.98080063
53.4488335 -30.08815 10.1124001
53.5568008 -30.0622005 10.2014999
53.4379501 -30.1387501 10.4875746
53.4740486 -30.1385002 10.8637009
53.4723969 -30.0702744 11.0819998
53.5914993 -30.1415997 11.3264999
53.5218506 -30.081501 11.4929008
53.4126015 -29.8029995 1.65199995
53.5419006 -29.8717003 2.3276
53.5625496 -29.9547501 2.43184996
53.4089012 -29.8945999 4.63990021
53.4201508 -29.91115 7.27155018
53.4194984 -29.8654995 7.55219984
53.4166489 -29.8754005 7.92150021
53.4464035 -29.8976517 8.15295029
53.4250031 -29.9344997 8.28104973
53.4179001 -29.934 8.5237999
53.4267654 -29.9005337 8.7062664
53.4226685 -29.859766 8.90960026
53.4095001 -29.8580513 9.07205009
53.4463501 -29.8825493 9.30780029
53.4541817 -29.9073601 9.51208019
53.4604759 -29.9214993 9.68167496
53.4510994 -29.9224339 9.89896679
53.4511414 -29.87784 10.1120396
53.4651756 -29.9319992 10.3238497
53.4850502 -29.9367752 10.4729004
53.4665604 -29.9295998 10.6925602
53.4576988 -29.9169998 10.9392004
53.4406509 -29.8800507 11.0520496
53.456501 -29.9519005 11.3078003
53.4687996 -29.9575996 11.4052
53.4290009 -29.7423992 1.50010002
53.5037003 -29.6819744 1.68369997
53.5312004 -29.6851997 2.19740009
53.4746017 -29.7693996 6.30719995
53.4492493 -29.7658005 7.12540007
53.4230995 -29.6613007 7.20529985
53.4089012 -29.6835003 7.48920012
53.4193993 -29.7982006 7.68830013
53.4475479 -29.6613007 7.85529995
53.5438995 -29.6590996 8.34449959
53.4257507 -29.6826 8.47920036
53.4593506 -29.7866001 8.74510002
53.4319 -29.7535992 8.94180012
53.4319687 -29.6966991 9.09770012
53.4123993 -29.7245007 9.30900002
53.4975014 -29.6012001 9.41699982
53.4445801 -29.7001991 9.67700005
53.4663506 -29.6523514 9.87820053
53.4650688 -29.6720657 10.1226997
53.4079018 -29.6952991 10.3441
53.4844513 -29.7480011 10.5344248
53.4595413 -29.7010403 10.7005997
53.4463997 -29.7737007 10.8577003
53.4889488 -29.6865501 11.1312504
53.5018997 -29.7245007 11.3542004
53.5467987 -29.7719002 11.5339499
53.5890007 -29.5946007 1.98870003
53.5018997 -29.5827999 2.04180002
53.4389 -29.5905991 6.6006999
53.4137993 -29.4911499 7.1166501
53.4387016 -29.4326992 7.20949984
53.4487991 -29.5482998 7.94229984
53.4006004 -29.4206009 8.22599983
53.5127983 -29.5587006 8.88459969
53.4379272 -29.5425758 9.07705021
53.4383812 -29.4833603 9.29928017
53.4847488 -29.4951115 9.90901279
53.4712982 -29.4899006 10.1576004
53.4546318 -29.5000668 10.2852669
53.4678001 -29.5168991 10.4244003
53.4562988 -29.49156 10.6749802
53.4684525 -29.4615498 10.8983002
53.4736671 -29.5276337 11.0588999
53.4723511 -29.4753494 11.3460999
53.5325012 -29.5030003 11.47435
53.4533997 -29.3656006 -1.04799998
53.4269981 -29.2901993 6.58379984
53.4357986 -29.2992001 6.77580023
53.5047989 -29.3092995 7.07410002
53.4666977 -29.2966499 7.36514997
53.4157486 -29.2984505 7.94105005
53.5135994 -29.3976994 8.2755003
53.4361496 -29.2994003 8.48964977
53.4095001 -29.2600994 8.71650028
53.4836006 -29.2696991 8.81879997
53.4305 -29.3148327 9.04046631
53.462101 -29.3025494 9.28709984
53.4471512 -29.28405 9.43795013
53.4863014 -29.2556496 9.66240025
53.4654007 -29.2859993 9.88563347
53.4529991 -29.2381992 10.0939999
53.4503326 -29.2577324 10.3253002
53.4957237 -29.3082752 10.5319996
53.4804993 -29.2431755 10.6861496
53.4737015 -29.2777252 10.8942747
53.4496994 -29.2687988 11.0463505
53.4742012 -29.3123741 11.3666496
53.4190979 -29.2836494 11.42665
53.4463997 -29.0237999 1.8326
53.4081993 -29.1238995 6.28789997
53.4374504 -29.1016998 6.45615005
53.4486504 -29.0866013 6.79374981
53.4518013 -29.1597004 6.98269987
53.4259491 -29.1282997 7.39144993
53.4009018 -29.1919003 7.77530003
53.4144516 -29.0934486 7.86870003
53.4593811 -29.090559 8.08065987
53.4352989 -29.1114006 8.53553295
53.4627991 -29.1221504 8.74799919
53.4113503 -29.1137505 8.83320045
53.4020996 -29.0834007 9.06890011
53.4429512 -29.1013756 9.32027531
53.4567757 -29.083374 9.51117516
53.4637985 -29.1106339 9.68603325
53.4459991 -29.1044674 9.89236641
53.4665985 -29.1159992 10.1464005
53.4632149 -29.0873337 10.2839499
53.4659348 -29.0704327 10.5248003
53.4537354 -29.1266003 10.7496004
53.4602013 -29.1196327 10.9388666
53.4623756 -29.1282501 11.1445255
53.4669495 -29.1025505 11.2458
53.5056496 -29.1086502 11.5158997
53.5550003 -28.8588009 -0.950600028
53.4048996 -28.8889008 6.85239983
53.426899 -28.9923 7.47919989
53.4354477 -28.8819008 7.77180004
53.4431992 -28.9685993 7.98890018
53.4264679 -28.8827 8.07376671
53.4343987 -28.9284992 8.3448
53.4291992 -28.8101997 8.50650024
53.4119987 -28.8953991 8.67650032
53.4461517 -28.8355751 8.90347481
53.4363213 -28.89184 9.10132027
53.4323997 -28.9197006 9.23130035
53.4423752 -28.9039745 9.51959991
53.4716415 -28.9098854 9.8778286
53.4694977 -28.9445496 10.1033497
53.4514008 -28.8889809 10.2821999
53.4528809 -28.9040203 10.4902802
53.4657745 -28.887949 10.6973495
53.4188499 -28.8491497 10.8759003
53.4760666 -28.9074669 11.1030998
53.4828987 -28.8432007 11.2021999
53.5083008 -28.9122009 11.5325747
53.4250984 -28.6639996 6.71379995
53.4640999 -28.7392998 7.05789995
53.4445496 -28.6666489 7.34724998
53.4235001 -28.6222 7.52440023
53.4356003 -28.6115494 7.87584972
53.4749527 -28.7662506 8.34390068
53.5094986 -28.6854 8.59430027
53.4456482 -28.7041512 8.70779991
53.4204979 -28.6688328 8.94746685
53.4589691 -28.7115326 9.12856674
53.4598656 -28.6840668 9.4664669
53.4337997 -28.733799 9.71899986
53.4435997 -28.6688995 9.94390011
53.4759789 -28.6956997 10.0939999
53.4422989 -28.6047001 10.283
53.4798813 -28.7306004 10.7150602
53.4159012 -28.6630001 10.8140001
53.5534325 -28.7418671 11.0731001
53.4970016 -28.6971245 11.2926998
53.5279999 -28.6809006 11.4678497
53.4034996 -28.4004002 1.37030005
53.4366531 -28.493 7.07999992
53.4029007 -28.5739994 7.38679981
53.4594002 -28.5484009 7.49980021
53.4332008 -28.5792999 7.78049994
53.4527016 -28.5534 7.99529982
53.4641495 -28.4902496 8.30195045
53.5371017 -28.5242004 8.53899956
53.4656677 -28.4976997 8.68179989
53.4271355 -28.4723339 8.88799953
53.4140472 -28.4600487 9.09060001
53.4903755 -28.5383492 9.3015995
53.510601 -28.5783997 9.59729958
53.4325981 -28.5070591 9.71224022
53.4699173 -28.4893665 9.90433311
53.4630203 -28.5199203 10.0927601
53.4696274 -28.4371986 10.3444748
53.4832993 -28.5044003 10.5314999
53.4192009 -28.507 10.6386995
53.4352493 -28.523201 10.9102497
53.4744987 -28.5169754 11.12885
53.4794006 -28.5067329 11.3057671
53.5718002 -28.4519997 11.489933
53.4023018 -28.281601 -0.136199996
53.4235001 -28.2411995 0.308400005
53.4085503 -28.2491493 0.810899973
53.4668007 -28.2026005 1.51349998
53.5060997 -28.2310009 2.49060011
53.4387016 -28.3146992 2.85439992
53.5772018 -28.2535 3.60479999
53.4316025 -28.3081512 7.26055002
53.4436646 -28.2308998 7.51779985
53.510601 -28.2353001 7.74739981
53.4365005 -28.3241501 8.1473999
53.4587669 -28.282999 8.47483349
53.4085999 -28.3089008 8.77519989
53.4694252 -28.3110752 8.91732502
53.4310646 -28.2819004 9.06186676
53.4323997 -28.360899 9.30666637
53.4758987 -28.2676506 9.49877548
53.456501 -28.2999001 9.72992039
53.4216995 -28.3223991 9.8586998
53.4528008 -28.2154999 10.1831999
53.4393501 -28.2150993 10.2930508
53.4544678 -28.3245335 10.5262337
53.4780998 -28.3303165 10.6558666
53.4398994 -28.3143005 10.8878002
53.5139999 -28.2954998 11.0585995
53.5006218 -28.2973194 11.3231201
53.4668999 -28.3467007 11.5387001
53.4378014 -28.1737003 1.69149995
53.4447975 -28.1765327 1.91920006
53.4286003 -28.1952991 2.02719998
53.4934006 -28.1996002 2.35730004
53.4140015 -28.0004005 3.8138001
53.4310989 -28.1161003 4.2821002
53.4122467 -28.0492496 5.02589989
53.4724007 -28.1697998 6.27850008
53.4543991 -28.0685997 6.41470003
53.543499 -28.1035004 6.71570015
53.5452003 -28.0864506 7.26360035
53.4305496 -28.0865993 7.43074989
53.5519981 -28.0683002 7.75699997
53.4087982 -28.0407009 7.90859985
53.5458984 -28.0496006 8.13119984
53.5058212 -28.0775604 8.28540039
53.4864006 -28.0480328 8.47656631
53.4879341 -28.0466003 8.72143364
53.4883499 -28.0754242 8.9150753
53.5143509 -28.0920506 9.11499977
53.4802742 -28.0820503 9.25059986
53.5110779 -28.0420399 9.49291992
53.4966011 -28.0409012 9.69064999
53.5050621 -28.0648403 9.91186047
53.5400009 -28.0485992 10.1393003
53.485199 -28.0293503 10.2879
53.5138664 -28.0901489 10.4871168
53.4521675 -28.1075993 10.6875668
53.5082397 -28.09552 10.8874598
53.4992981 -28.1695004 11.0636997
53.5015755 -28.0853004 11.3091745
53.540699 -28.0450516 11.4414005
53.4847984 -27.9846992 5.98629999
53.5340004 -27.8803997 6.47809982
53.4210014 -27.8742008 6.94750023
53.4365005 -27.8355999 7.02190018
53.5546494 -27.9137993 7.33909988
53.4729004 -27.9626007 7.54580021
53.4048004 -27.9713993 7.66750002
53.4346504 -27.8755989 8.27740002
53.4957008 -27.9688663 8.51259995
53.5037994 -27.9130497 8.76189995
53.5072746 -27.941124 8.92637539
53.5322342 -27.865633 9.15086651
53.5098343 -27.8719997 9.27496624
53.4760742 -27.8761501 9.50699997
53.4642334 -27.9265003 9.70330048
53.4983788 -27.9068794 9.90356064
53.5282021 -27.9010334 10.1345329
53.4762001 -27.8483601 10.3113604
53.4828987 -27.8693008 10.5983
53.4996605 -27.8871002 10.71698
53.4765015 -27.9741993 10.9198999
53.5419617 -27.8963795 11.0527
53.5400314 -27.8910007 11.2667665
53.5784988 -27.9123001 11.4111004
53.4866982 -27.7647991 7.18489981
53.4962997 -27.6289005 7.27939987
53.4197006 -27.6005001 7.77880001
53.4015007 -27.7710991 8.11929989
53.4664001 -27.6746998 8.2887001
53.4104004 -27.7602005 8.41699982
53.4854507 -27.7573509 8.69104958
53.4404984 -27.7164993 8.97259998
53.4259682 -27.7238007 9.53166676
53.4113007 -27.7096996 9.71080017
53.4417 -27.7439995 9.90485001
53.4098511 -27.6705494 10.0731001
53.4731216 -27.7055988 10.3140202
53.5182495 -27.7632999 10.4872999
53.4796257 -27.7060242 10.7207251
53.5347977 -27.7621498 10.8842001
53.5247345 -27.7014675 11.1327667
53.5147591 -27.6881866 11.2992859
53.46875 -27.4809494 11.3702497
53.5243988 -27.5028496 11.4682007
53.4770012 -27.4211006 11.6292
53.5648003 -27.2915001 11.4439001
53.4967499 -27.0769997 11.4563503
53.5085983 -26.9909 -1.19799995
53.4417 -26.8549995 11.3587999
53.5485001 -26.8414001 11.7777996
53.5966988 -26.6907005 11.3816004
53.5797997 -26.7387009 11.4839001
53.5672989 -26.4743996 11.4540997
53.4305992 -26.2148991 3.00149989
53.5542984 -25.9080009 1.77289999
53.4623985 -25.9538994 1.86160004
53.4897499 -25.8591995 2.0545001
53.4286995 -25.7343006 1.42330003
53.5467987 -25.2525997 1.44029999
53.5395012 -25.2271996 2.15089989
53.4841576 -25.096899 1.52119994
53.4882507 -25.0629997 1.71630001
53.4752007 -25.0638008 1.87530005
53.4702492 -25.0414505 2.06159997
53.4011002 -25.0207996 2.25530005
53.4067001 -24.9333 -1.19149995
53.5097008 -24.9689007 1.75020003
53.4329987 -24.8731995 1.88626671
53.5129013 -24.9533997 2.13089991
53.4194984 -24.7247009 0.543600023
53.4278984 -24.4801998 2.14840007
53.4104996 -24.3391991 1.0941
53.4196014 -24.2912006 2.29629993
53.4241982 -23.9517002 1.76639998
53.4062996 -23.6299 2.27270007
53.4296989 -23.2185993 1.75740004
53.407299 -23.3423004 2.18549991
53.4006004 -23.0291996 1.54100001
53.4393501 -23.1228752 2.11652493
53.4113007 -22.9139004 1.80209994
53.415699 -22.9449997 2.21880007
53.4111481 -22.7271996 1.81474996
53.6151009 -35.8100014 7.35470009
53.6899986 -34.4623985 11.5485001
53.6748009 -34.5573997 11.6155005
53.7877998 -33.6502991 -0.500100017
53.7952995 -33.6749992 -0.302100003
53.6186981 -33.5145988 -0.631299973
53.7116241 -33.5555496 -0.520624995
53.7267418 -33.5385399 -0.282499999
53.7071991 -33.5326004 -0.0967999995
53.7426682 -33.5377007 0.12213333
53.7445984 -33.5479965 0.312999994
53.7263336 -33.533165 0.54763335
53.7681999 -33.5446243 0.847050011
53.7433014 -33.481369 1.08156669
53.7044334 -33.5112305 1.34793329
53.7092743 -33.4538727 1.527475
53.7650986 -33.5098 1.60259998
53.6282997 -33.4810982 2.23259997
53.6281319 -33.4141655 2.50169992
53.6563988 -33.4389992 2.71230006
53.7303467 -33.4355011 2.8765502
53.710701 -33.4459 3.01160002
53.6040001 -33.4025002 3.46210003
53.6503983 -33.4071999 6.07579994
53.6945992 -33.4488983 9.45330048
53.6357002 -33.5601997 11.5960999
53.7006989 -33.3917999 0.858699977
53.7829018 -33.3897018 1.79630005
53.7672997 -33.380249 2.10680008
53.6597519 -33.350502 2.36584997
53.6054993 -33.3581009 2.4216001
53.6402016 -33.2841988 2.81620002
53.6575508 -33.3132477 3.30325007
53.7572021 -33.2960968 3.91665006
53.7142982 -33.2930984 7.1796999
53.7523994 -33.3049011 7.33479977
53.7604523 -33.2993507 7.47834969
53.7145004 -33.244751 7.70795012
53.7027016 -33.2556 8.15240002
53.713501 -33.2350998 8.30249977
53.660099 -33.2661018 8.63010025
53.6036987 -33.2485008 10.1092997
53.6594009 -33.3460999 10.3599997
53.6669006 -33.3306999 10.4266996
53.7943993 -33.2799988 11.3463001
53.7181015 -33.1353989 8.46304989
53.6599998 -33.1865005 8.80410004
53.6851997 -33.1469994 9.10739994
53.7650986 -33.1987 9.48690033
53.6924019 -33.1996994 10.2828999
53.6418991 -33.0986671 11.6770334
53.7255478 -32.8991013 11.7004499
53.6027985 -32.651001 11.2725
53.6807327 -32.6507339 11.628767
53.6408005 -32.7594986 11.8697004
53.7250977 -32.4234505 -0.808899999
53.6613998 -32.5523987 11.6665001
53.6763992 -32.3552017 -0.646099985
53.7882004 -32.263298 11.5570507
53.757 -32.3488007 11.6625004
53.7066994 -32.0992012 11.5908003
53.726799 -32.1549988 11.6721001
53.6575012 -31.8517494 11.5657005
53.7554016 -31.7217007 11.5278997
53.6341019 -31.6664009 11.6848001
53.6343994 -31.2859001 -1.00969994
53.6271973 -31.2830505 11.5613499
53.6124992 -30.8167992 9.97280025
53.6907501 -30.8848495 11.5358
53.6303482 -30.4757004 1.72519994
53.7298012 -30.4561005 2.26550007
53.7608681 -30.3099995 1.77199996
53.7272987 -30.2673988 1.87257504
53.7352982 -30.3083992 2.13249993
53.7023659 -30.2959003 2.26503348
53.700901 -30.2957497 11.5531502
53.7507019 -30.1784992 1.70120001
53.7533989 -30.089468 1.92353332
53.740448 -30.0728493 2.05994987
53.7643013 -30.1257 2.22390008
53.705452 -30.1078491 11.4905748
53.7080994 -29.9948006 1.59360003
53.7541008 -29.9011002 1.67869997
53.7360229 -29.8561745 1.93199992
53.7421989 -29.985466 2.12773347
53.6110992 -29.8104992 11.3673
53.7579498 -29.9728508 11.5325499
53.7433014 -29.7177505 1.56344998
53.6806984 -29.6987 1.71683335
53.7018509 -29.6436749 1.86000001
53.738575 -29.709774 2.09200001
53.6963005 -29.6030998 2.31629992
53.6198006 -29.6312008 2.45779991
53.6756516 -29.6547012 11.5330753
53.6748009 -29.7116013 11.6501503
53.6445007 -29.5949993 1.8398
53.7568665 -29.5415668 2.11859989
53.6827011 -29.5629005 10.0086002
53.6654739 -29.5017242 11.5537996
53.6823997 -29.3427258 11.492425
53.6703987 -29.1160507 11.4691505
53.6377983 -28.8652992 11.4794998
53.6973 -28.7838993 11.3927002
53.6731987 -28.6961994 11.4630003
53.771801 -28.4328671 11.4507332
53.7578011 -28.5433006 11.6126003
53.6634521 -28.3532982 11.3735504
53.7038002 -28.3074989 11.4660006
53.6338005 -28.0729008 5.97349977
53.6296997 -28.0566998 7.4368
53.6078987 -28.0352001 8.86200047
53.6239014 -28.0074997 9.58399963
53.7705002 -28.0380001 11.1771002
53.7655983 -28.1177006 11.3837004
53.7248993 -28.1530247 11.4595499
53.6637001 -27.9577007 5.91970015
53.6441994 -27.9508991 8.58399963
53.7070999 -27.9459991 8.75739956
53.6407013 -27.9986992 8.95820045
53.6660004 -27.9156322 9.5156002
53.6367493 -27.9035988 10.3331499
53.6455002 -27.9489498 10.47925
53.6194992 -27.9941998 10.6073999
53.6156006 -27.9841995 10.8306999
53.6431007 -27.9284992 11.0563002
53.6277237 -27.8497753 11.2860003
53.7290497 -27.9148998 11.4722996
53.6259995 -27.7817001 9.15250015
53.6141014 -27.6597004 10.8128996
53.7054977 -27.72085 11.3063498
53.740799 -27.7765007 11.4947004
53.7555008 -27.5886002 11.3978004
53.6663017 -27.3164005 11.3246002
53.6936989 -27.2898006 11.4587498
53.7274666 -27.1302662 11.3382998
53.6874008 -27.1823006 11.4469995
53.6365013 -26.9323997 -1.13709998
53.6861992 -26.8241005 11.3753004
53.7591019 -26.9263 11.4113007
53.7669983 -26.7605 11.3817997
53.697998 -26.5339508 11.3290501
53.6744995 -26.4132004 11.4506998
53.7243004 -25.8027 1.45599997
53.7112999 -25.891449 1.72705007
53.6954498 -25.8283501 1.85264993
53.7048988 -25.7290001 1.52489996
53.6991653 -25.7447338 1.70966661
53.703022 -25.7002602 1.89142001
53.6836014 -25.6446991 2.00939989
53.700901 -25.4983997 1.50590003
53.7053375 -25.5374737 1.71389997
53.6540985 -25.4571991 1.98815
53.7355003 -25.5004005 2.02920008
53.7356987 -25.2029991 1.32550001
53.7080498 -25.3358002 1.53865004
53.7535744 -25.302824 1.72787499
53.7431412 -25.3006992 1.84622002
53.6836472 -25.3360996 2.0536499
53.7120323 -25.0895672 1.56230009
53.7005997 -25.1296864 1.70995712
53.6908722 -25.1157494 1.91624999
53.7422981 -25.0809994 2.02519989
53.7360992 -24.9729004 1.67050004
53.6519012 -24.4629002 -1.2378
53.7088013 -22.7821999 -1.33130002
53.6535988 -21.2287006 -1.3786
53.8678017 -35.9536018 7.15619993
53.9029999 -34.1719017 11.6049004
53.8297997 -33.7066002 -0.516900003
53.8529015 -33.6641006 -0.143299997
53.9827995 -33.6451988 0.0114000002
53.8209991 -33.6677017 0.50120002
53.8715019 -33.6599998 0.691850007
53.8898506 -33.6921005 1.06235003
53.9776993 -33.6622009 1.38380003
53.8914986 -33.6884003 1.43330002
53.8773003 -33.5545998 -0.248199999
53.9069252 -33.5503769 0.120750003
53.824501 -33.5719986 0.393400013
53.8525009 -33.5737991 0.650600016
53.8599014 -33.5638504 0.917800009
53.8328018 -33.5644493 1.06835008
53.9594994 -33.5867996 1.31500006
53.9022331 -33.5391312 1.4622333
53.915699 -33.5036316 1.71323335
53.8101997 -33.4378014 1.83169997
53.8948975 -33.422699 2.25804996
53.8185997 -33.4197998 2.77010012
53.9572983 -33.4296989 2.80110002
53.9803009 -33.4343987 3.15190005
53.8821983 -33.4098015 3.96670008
53.9185982 -33.4094009 11.5242996
53.8167 -33.385601 1.68980002
53.9323997 -33.3937988 1.89390004
53.8026009 -33.3246994 2.47989988
53.9654999 -33.3242989 2.9533999
53.9499016 -33.2995987 3.19569993
53.9990005 -33.3866005 3.2421999
53.830101 -33.3311996 3.56399989
53.9925995 -33.3166008 3.67280006
53.9165497 -33.3172989 3.86980009
53.8022995 -33.3289986 4.43249989
53.9410667 -33.2991333 4.73766661
53.9514008 -33.3796005 4.91179991
53.9827003 -33.3889008 5.23339987
53.9733009 -33.3250008 5.57229996
53.8871498 -33.287899 7.57910013
53.987751 -33.2105026 7.85624981
53.8773003 -33.2341995 8.14369965
53.8681488 -33.2147522 8.32584953
53.8408012 -33.2550011 8.5053997
53.9090996 -33.2374001 10.4431
53.8334007 -33.2811012 11.5906
53.8307991 -33.1988983 7.68949986
53.9103012 -33.1929016 8.08580017
53.8539505 -33.1899986 8.66079998
53.8198013 -33.142601 8.91650009
53.9316483 -32.9385986 11.6448002
53.9137001 -32.6500015 11.5741997
53.9506989 -32.6982002 11.7030001
53.8306007 -32.5522995 -0.841899991
53.885601 -32.5438004 -0.592000008
53.9906998 -32.4650993 11.5880003
53.9558983 -32.2799988 -1.04410005
53.9353981 -32.2989998 -0.869000018
53.9574013 -32.301651 11.5854998
53.8182983 -32.3134995 11.6077995
53.9622993 -31.9659996 11.5401001
53.8873978 -31.6580505 11.5281
53.8442001 -31.4580002 11.5211496
53.8890991 -31.3313332 11.5151329
53.8457985 -31.0321999 -0.981000006
53.8225479 -30.9235001 11.5633497
53.8176994 -30.8246994 11.6352997
53.9432983 -30.8157005 12.7383003
53.8820343 -30.7215328 11.5692663
53.913147 -30.7475014 11.6248493
53.886467 -30.4853992 11.5609999
53.8781013 -30.2954998 11.5553999
53.9093018 -30.2591991 11.6191998
53.8937645 -30.1676998 11.5499668
53.8023987 -29.9160995 2.12019992
53.9216003 -29.9820995 11.4813995
53.8137016 -29.6991005 1.95039999
53.8106003 -29.6627998 2.24830008
53.9557991 -29.6023006 11.5431004
53.9174004 -29.4899006 11.4797001
53.9592018 -29.2395992 11.5405998
53.9956017 -29.316 11.6934004
53.9929008 -29.0800991 11.3613997
53.9650993 -29.1574001 11.5658998
53.9086761 -28.8757744 11.5195255
53.8820343 -28.7446995 11.4677162
53.9921989 -28.6972008 11.6868
53.8572006 -28.5198002 11.4474001
53.8200989 -28.3402996 11.1747999
53.9047394 -28.2952805 11.4665003
53.855732 -28.1299324 11.3258333
53.8557663 -28.0553341 11.5007668
53.8828011 -27.8599663 11.4901667
53.9361 -27.6390991 11.3778
53.875 -27.7339001 11.4358997
53.9561996 -27.5198002 11.3105001
53.8948975 -27.4824505 11.4602003
53.8322983 -27.3379993 11.1084003
53.8945351 -27.3268661 11.3038998
53.8783989 -27.2120991 12.8010998
53.9389 -27.1818008 11.1714001
53.8855972 -27.0475998 11.3561001
53.9138489 -26.9756012 11.3422499
53.9322014 -26.7861996 11.3882999
53.9046669 -26.5546989 11.3142338
53.862999 -26.4843998 11.4489002
53.8073006 -25.8633003 1.97590005
53.8641014 -25.4248009 -1.27119994
53.8088989 -25.5422001 1.96529996
53.8389511 -25.240551 1.87269998
53.8021011 -25.1907997 1.87520003
53.956501 -23.2544994 -1.34140003
53.8717995 -21.3733006 -1.32369995
54.0643005 -35.698101 7.25820017
54.0755997 -33.8120003 11.6328001
54.0848999 -33.6156998 -0.386049986
54.0438995 -33.6464996 -0.061900001
54.1158981 -33.6928482 0.125499994
54.0890999 -33.6158981 0.573400021
54.0637016 -33.6908989 1.30519998
54.1108017 -33.6310997 11.4954996
54.0683517 -33.5662498 -0.669550002
54.1787987 -33.5741997 -0.422300011
54.0741501 -33.5477753 -0.313475013
54.1910019 -33.5279007 0.766900003
54.0023994 -33.4947014 1.27250004
54.1122017 -33.5225983 1.70780003
54.1399994 -33.4791985 2.0243001
54.0229988 -33.4504013 2.32529998
54.0727997 -33.4015999 2.49060011
54.1666985 -33.4263992 2.86120009
54.1021996 -33.4130516 3.04659986
54.1046982 -33.4183998 6.06659985
54.1902008 -33.475399 6.95620012
54.1239014 -33.5205002 11.5410004
54.0130005 -33.5744019 11.6976995
54.0485992 -33.3735008 1.8671
54.0404015 -33.3651009 2.15540004
54.1148987 -33.3543472 2.34329987
54.120697 -33.3630524 3.45975018
54.0196991 -33.2686996 3.96539998
54.1999016 -33.3112984 4.0007
54.0896988 -33.3345985 4.33900023
54.0409012 -33.3190002 4.59870005
54.151001 -33.2514992 4.60160017
54.0675011 -33.3748016 4.89309978
54.0365982 -33.2942009 5.4527998
54.0648003 -33.3917007 5.73909998
54.125351 -33.3560486 6.29269981
54.1462021 -33.3510513 6.50710011
54.1176987 -33.3116989 7.0618
54.1665993 -33.3431511 7.25045013
54.0755005 -33.2200012 7.45270014
54.0533981 -33.2433243 7.91922474
54.0834999 -33.2369003 8.19040012
54.1511993 -33.2011986 8.29360008
54.1608658 -33.2527008 8.48896694
54.0313988 -33.2308006 8.65960026
54.0525017 -33.3255005 9.1267004
54.1333008 -33.2355003 9.24330044
54.1757011 -33.3600998 9.5302
54.1455345 -33.2550011 9.68379974
54.1688995 -33.2939987 10.4583998
54.094101 -33.2057991 11.0705004
54.1790009 -33.2373009 11.3381996
54.0387993 -33.3758011 11.6199999
54.1085014 -33.1814003 7.92740011
54.1379013 -33.1202011 8.11690044
54.1001968 -33.1463509 8.37240028
54.0112991 -33.1394997 9.32015038
54.1430016 -33.1913986 10.4597998
54.0667 -33.0521011 11.7087002
54.0698471 -32.913002 11.5877495
54.1940002 -32.8986015 11.6735001
54.0837326 -32.710865 11.6345005
54.0571327 -32.3108673 -0.869466662
54.0033989 -32.3246002 -0.795300007
54.1468658 -32.3001328 11.5545006
54.0999985 -32.2564011 11.6953001
54.152401 -32.0578003 11.5705996
54.0880013 -32.1257477 11.6472998
54.0890007 -31.9263992 11.5481997
54.0435028 -31.4997501 11.5056992
54.1049652 -31.5481663 11.627533
54.1099014 -31.2929993 11.5760994
54.0698509 -31.1103001 11.5282001
54.1865005 -31.0948009 11.6057997
54.0014992 -30.8771992 11.6632996
54.1089325 -30.6913338 11.5313663
54.1327019 -30.4778996 11.4513998
54.0519981 -30.2707996 11.5833998
54.1469994 -30.2687492 11.6413994
54.1744995 -30.0869999 11.4885998
54.051899 -29.8525009 -1.07529998
54.1753502 -29.9019508 11.4781504
54.0596504 -29.7164497 11.5423002
54.1680984 -29.7423992 11.6167002
54.1415329 -29.4639664 11.4757662
54.1119003 -29.27285 -1.12505007
54.0649033 -29.3037987 11.3565998
54.1548996 -29.1891994 11.3512001
54.0784416 -28.9235992 11.4799604
54.1861 -28.6194992 11.3824997
54.0806656 -28.7273674 11.5522337
54.0663986 -28.4988995 11.3322001
54.1106033 -28.5907516 11.4957504
54.0261993 -28.5606995 12.7553997
54.0772476 -28.2289505 11.4369001
54.0974007 -28.0771503 11.4782333
54.1972008 -27.8043995 11.3830004
54.0335999 -27.9417 11.5101995
54.1270523 -27.6781502 -1.12709999
54.1996994 -27.7796001 11.3458004
54.0722008 -27.6592999 11.4284
54.0822334 -27.495966 11.3683996
54.1316986 -27.4267006 11.4883003
54.1716995 -27.2353992 11.3866997
54.1662979 -27.2782993 11.4516335
54.0626984 -27.1882 11.3102999
54.1707001 -27.1149998 11.4395008
54.1904984 -26.8288002 11.3571997
54.0791473 -26.8990002 11.4780006
54.1403008 -26.7007999 -1.25479996
54.1212654 -26.6646996 11.2988663
54.0056992 -26.7031002 11.4431
54.0990524 -26.5648994 11.35355
54.0401001 -26.4391003 11.5972996
54.082901 -24.5534992 -1.30929995
54.1935005 -23.7299995 -1.31889999
54.2813988 -35.6875 7.36829996
54.2041016 -34.1194 11.5159998
54.3273506 -33.625 -0.70389998
54.3667984 -33.6260529 -0.454100013
54.3048477 -33.6236 -0.132849991
54.2118988 -33.5676994 -0.667500019
54.3003998 -33.5606003 -0.487800002
54.2388496 -33.5335999 -0.275700003
54.2237015 -33.5461998 -0.111949995
54.2301025 -33.5859489 0.1259
54.3303986 -33.5548477 0.317000002
54.3195 -33.4361 0.463999987
54.3223 -33.4500999 0.79610002
54.3072014 -33.4855003 1.14330006
54.3829994 -33.5485001 1.33840001
54.3619995 -33.4908981 1.42420006
54.2999001 -33.4979744 1.66514993
54.3052025 -33.4532661 1.84280002
54.3087997 -33.4099007 2.7651
54.3992004 -33.4289017 3.08159995
54.3081017 -33.4808998 7.26940012
54.2995987 -33.401001 9.44239998
54.2941971 -33.4462509 11.6177998
54.2457008 -33.3490982 2.26440001
54.3087997 -33.341301 2.65789986
54.3107986 -33.3972015 2.9612
54.3945007 -33.3546982 3.09640002
54.2770653 -33.3693657 3.30256677
54.3716507 -33.3509979 3.47970009
54.2112999 -33.3194008 3.78480005
54.3116989 -33.2610016 3.85649991
54.2028999 -33.3457985 4.52589989
54.3021011 -33.2949524 4.65530014
54.3942986 -33.3853989 6.15229988
54.2462997 -33.3848991 6.20469999
54.2117996 -33.2845993 6.47300005
54.2139015 -33.3429985 6.64830017
54.3033485 -33.2815018 7.35795021
54.2674484 -33.3215485 7.43375015
54.2683678 -33.2219658 7.69190025
54.2982483 -33.2520523 8.15614986
54.2472992 -33.2024994 8.64260006
54.2434998 -33.2394981 8.92230034
54.280899 -33.2344017 9.00749969
54.2784004 -33.3843002 9.56659985
54.2314987 -33.2645988 9.65869999
54.2261009 -33.2369995 9.94439983
54.2721024 -33.2696991 10.3146496
54.3216019 -33.2631989 10.4106998
54.2314987 -33.2284012 10.8046999
54.3297997 -33.203701 11.2257996
54.219799 -33.2820015 11.5705996
54.3987999 -33.2703018 11.6344995
54.3123512 -33.1904984 7.91114998
54.3036995 -33.1624985 10.4070997
54.2999992 -33.1544495 10.60495
54.2468987 -33.1806984 10.8432999
54.283699 -33.1800003 11.5531998
54.2789001 -33.1725998 11.7093
54.225399 -32.6053009 -0.781599998
54.2646484 -32.6611023 11.5655994
54.3819008 -32.4079018 -0.958999991
54.3241997 -32.5722008 11.5781002
54.334301 -32.344799 -1.06630003
54.2955017 -32.3065987 -0.90079999
54.34235 -32.2912521 11.5799503
54.3344994 -32.0609016 11.4588003
54.2691994 -32.1138 11.651
54.2991486 -31.9001007 11.5242004
54.2410011 -31.7208996 11.2714996
54.3002014 -31.7640991 11.5425997
54.2694473 -31.7531509 11.6238003
54.2363014 -31.5508003 11.5549002
54.3079987 -31.4570007 11.6083002
54.3223495 -31.2712002 11.5688992
54.3106003 -31.0251007 11.5726004
54.2125015 -31.0219994 12.2271996
54.3605995 -30.9927998 11.5276003
54.2805481 -30.46315 11.5313501
54.3031006 -30.344101 11.5348997
54.321125 -30.0620003 11.512125
54.3289337 -29.9218998 11.5036335
54.2971001 -29.6988392 11.52244
54.327774 -29.3353004 11.4764996
54.3169022 -29.0938263 11.5077496
54.2571487 -28.9005013 11.4746504
54.3260002 -28.6954994 12.1947002
54.2972984 -28.5545998 11.3130999
54.2863007 -28.4563656 11.4532328
54.279026 -28.3220997 11.4791498
54.2509995 -28.0559998 11.3751001
54.3110008 -28.0722504 11.4393501
54.2734337 -27.8987331 11.3681002
54.3464508 -27.9040489 11.4778996
54.3681984 -27.6284008 11.3926001
54.3153 -27.7341671 11.4769001
54.2155991 -27.7383995 11.6265001
54.3391991 -27.5818005 -1.11759996
54.2458496 -27.5058002 11.4752998
54.2920494 -27.2516518 11.3507996
54.3404007 -27.3237495 11.4789
54.3067017 -27.0639992 11.3113003
54.3700027 -27.0792007 11.4419994
54.3352318 -26.9308014 11.3761997
54.3642006 -26.6490002 11.1415997
54.2247009 -26.6945 11.3367996
54.3400002 -26.7714005 11.4412003
54.2251015 -26.5695992 11.1433001
54.3243484 -26.5336761 11.332675
54.2062988 -26.5485992 11.4965
54.3391495 -26.5445499 11.7073002
54.2801018 -22.0023994 -1.31729996
54.2759018 -21.8425999 -1.37189996
54.3017998 -20.1077995 -1.41369998
54.5250015 -33.8328018 7.71449995
54.4397011 -33.6365013 -0.589900017
54.4985313 -33.6362 -0.273166656
54.537899 -33.6020012 -0.140599996
54.5317001 -33.6150017 0.0832000002
54.5404015 -33.6292 0.354499996
54.5657005 -33.6425018 1.06159997
54.4609489 -33.5401993 -0.675150037
54.4597321 -33.5599327 -0.466199994
54.5074997 -33.547821 -0.26512
54.4582748 -33.5446014 0.0685250014
54.4872322 -33.5609665 0.3046
54.4931488 -33.553524 0.456699997
54.4960785 -33.5535393 0.706560016
54.5243187 -33.5507584 0.919440031
54.4296989 -33.5033989 1.16859996
54.5103989 -33.5120354 1.28193331
54.5327492 -33.4868011 1.51730001
54.5012245 -33.4981003 1.703475
54.4900017 -33.4604988 1.93439996
54.5577011 -33.4165993 2.02469993
54.4649506 -33.4584503 2.33804989
54.4930992 -33.4196014 2.43490005
54.5262985 -33.4180984 2.83660007
54.4892998 -33.4099007 3.34649992
54.4940987 -33.4040985 5.97200012
54.4682999 -33.5009995 11.6322002
54.5085983 -33.3278999 1.98000002
54.5005493 -33.3842506 2.28504992
54.5937004 -33.3923988 2.53530002
54.5279007 -33.3456993 3.17499995
54.5398674 -33.3522987 3.30929995
54.498867 -33.3157005 3.89359999
54.4664993 -33.2514992 4.46983337
54.5694008 -33.2771988 4.7020998
54.4314003 -33.3684006 6.30000019
54.4956017 -33.2794991 7.23649979
54.5418663 -33.2254333 7.48616648
54.4659996 -33.2011986 7.70669985
54.5139008 -33.2585983 7.89690018
54.4404526 -33.2165985 8.07989979
54.4776993 -33.2196007 8.36870003
54.5112 -33.2277985 8.49730015
54.4756508 -33.2209015 8.73270035
54.4716988 -33.2566986 9.05319977
54.4718018 -33.2986526 11.5205994
54.4919014 -33.3681984 11.6592999
54.4235001 -33.1179008 7.69320011
54.5368996 -33.1503983 8.17319965
54.5189018 -33.1786003 8.28359985
54.5369987 -33.1902008 8.67965031
54.5103989 -33.1987 8.87580013
54.5702019 -33.1655998 10.5813999
54.5656013 -33.0181999 11.6183996
54.4216995 -32.6589012 -0.667900026
54.5444031 -32.7256508 11.5724001
54.5741005 -32.6273994 11.6405001
54.5150986 -32.4118004 -0.906400025
54.5122528 -32.4972992 -0.644900024
54.4690018 -32.3749008 -0.441399992
54.4814987 -32.3931007 11.5429001
54.53265 -32.1155014 11.6442003
54.5155029 -31.9590988 11.53545
54.5763016 -31.9249992 11.6113997
54.5037994 -31.6898994 11.5938501
54.5574493 -31.5072002 11.6164999
54.4937515 -31.3064499 11.5562248
54.5264015 -31.2672005 11.6511002
54.4527016 -31.1501999 11.5228004
54.5796013 -31.1093006 11.7973003
54.5131531 -30.9375992 11.5397997
54.5852013 -30.8505001 11.6346998
54.5190506 -30.6707001 11.5092497
54.5523987 -30.6532993 11.6726999
54.5414658 -30.5308323 11.5425005
54.4319992 -30.4512997 11.6148996
54.5704002 -30.3868999 11.7086
54.5279007 -30.1182995 11.5314999
54.5555 -30.1018009 11.6014004
54.4543991 -29.8362007 11.5607004
54.5802994 -29.8439007 11.6264
54.4620514 -29.6625996 11.5364494
54.5177765 -29.4997997 11.5455999
54.4974518 -29.3267498 11.5240993
54.4968491 -29.0959015 11.4937
54.4462013 -28.8143005 11.3936996
54.5234985 -28.8439007 11.6408005
54.5051842 -28.6668167 11.5050669
54.4099998 -28.6961002 11.6365004
54.4696007 -28.5073509 11.4782505
54.4365997 -28.3547993 11.3698997
54.5458755 -28.0904999 11.4650745
54.5859489 -27.8845253 11.509325
54.4889679 -27.7182007 11.3645668
54.4847984 -27.6616669 11.4676332
54.4328995 -27.4351006 -1.16069996
54.4887009 -27.5280495 11.3806
54.5307007 -27.5043201 11.4867001
54.4263 -27.3857994 11.1716003
54.4461403 -27.3135395 11.3184004
54.5323982 -27.2285995 11.4115
54.405201 -27.1417007 11.3913002
54.5102997 -27.1471996 11.4677505
54.5681 -27.0293007 11.6273003
54.4291 -26.9585991 11.3781004
54.5610657 -26.9459667 11.5258331
54.4373016 -26.6075001 11.1493998
54.5750008 -26.7478008 11.3743
54.4858017 -26.6021004 11.5149002
54.5012016 -26.4789009 -1.24310005
54.5505981 -26.5566502 11.3252497
54.5363503 -26.3934498 11.5006504
54.6883011 -33.6278992 -0.50849998
54.6821671 -33.644165 -0.288033336
54.7891998 -33.648201 0.161699995
54.6282997 -33.6236 0.341700017
54.6475525 -33.6178513 0.931300044
54.6230011 -33.6702003 1.06340003
54.6792984 -33.5536995 -0.814300001
54.6519012 -33.5924988 -0.663399994
54.7188988 -33.5990982 -0.434700012
54.7322998 -33.5583992 -0.298150003
54.6982002 -33.5565338 0.0646333322
54.661499 -33.539299 0.216000006
54.7937012 -33.4575996 0.526899993
54.7184982 -33.5339012 0.726999998
54.7663002 -33.5362015 1.13709998
54.6752472 -33.482399 1.44679999
54.7009506 -33.4322739 1.74259996
54.641201 -33.4179993 1.82990003
54.6489983 -33.4612007 2.16240001
54.6180992 -33.4127998 2.81469989
54.7294998 -33.4441986 3.11139989
54.7601509 -33.5050011 11.5770998
54.6518021 -33.3731003 1.93710005
54.7845001 -33.365799 2.04889989
54.7172012 -33.344799 2.24359989
54.6465988 -33.3498993 2.4756999
54.6948013 -33.3873978 2.90644979
54.7205505 -33.3521996 3.14082503
54.7265015 -33.3017006 3.30550003
54.6714478 -33.3372002 3.91265011
54.6043015 -33.2612991 4.29979992
54.6584015 -33.3804016 4.58529997
54.7775993 -33.3452988 5.17670012
54.7186012 -33.3059998 6.26090002
54.6371994 -33.3117981 7.31664991
54.7316017 -33.2396011 7.50159979
54.6451492 -33.2226028 7.69779968
54.6740685 -33.2289658 7.9477334
54.7054977 -33.2175522 8.2989502
54.6772499 -33.2319489 8.48399925
54.6571007 -33.2302017 8.78740025
54.6369019 -33.207901 11.5840998
54.6562004 -33.178299 7.98820019
54.7190475 -33.188797 8.07290077
54.6814995 -33.1973991 8.37539959
54.7097015 -33.1842499 8.65569973
54.7559013 -33.1819992 8.86970043
54.7514992 -33.1743011 9.18400002
54.7115021 -32.9696999 11.5826998
54.7148972 -32.8592491 11.6264496
54.6240005 -32.6725006 11.4835997
54.7145996 -32.6072006 11.6428499
54.6389008 -32.5514984 -0.943499982
54.7076645 -32.5152359 -0.731100023
54.6901016 -32.5405502 11.5779495
54.7613983 -32.4497986 11.6042004
54.7178001 -32.2901649 11.6199331
54.7328987 -32.0679016 11.5832996
54.7501984 -32.1194 11.7713003
54.6747017 -31.9468994 -1.03729999
54.6609001 -31.8775997 11.8277998
54.7633018 -31.7714996 11.7621002
54.7228012 -31.5496998 -1.03869998
54.6570969 -31.4526005 11.6750498
54.7666016 -30.9097004 -1.06050003
54.6721001 -30.8199005 11.7474003
54.7069016 -30.6795006 11.5629997
54.6264992 -30.6000004 11.7243996
54.7929993 -30.4354 -1.10829997
54.6096992 -30.4375992 11.6275997
54.6081009 -30.1007996 11.6388998
54.6486015 -29.6662006 11.3766003
54.6235008 -29.7436008 11.6784
54.7815018 -29.6924992 11.8366003
54.6142006 -29.5419998 11.6079998
54.6623993 -29.2586002 11.6700001
54.6623001 -29.1478996 11.5028
54.7475014 -29.0419006 11.7145996
54.6759987 -28.9106007 11.5796003
54.6049995 -28.7336006 11.3984003
54.6049004 -28.509201 11.5258503
54.6801987 -28.5506992 11.7584
54.6032982 -28.3805008 11.5109997
54.6484985 -28.2901001 11.6183996
54.6650009 -28.1399994 11.6374998
54.6923981 -27.8946991 -1.12240005
54.6240005 -27.8820992 11.5284996
54.7191505 -27.9396992 11.6247501
54.6108017 -27.1079006 -1.28550005
54.6870003 -27.1334991 11.4951496
54.7383995 -27.1793995 11.7040997
54.6072006 -26.9449005 11.4672003
54.6703987 -26.7849007 11.4917002
54.6085014 -26.4069996 11.2826996
54.6826019 -26.5462494 11.5152502
54.7025986 -26.2520008 -1.2299
54.7625008 -20.8243008 -1.43610001
54.8008003 -33.6110992 -0.600399971
54.8880005 -33.6817017 -0.511500001
54.8971481 -33.6341019 0.0702500045
54.9712982 -33.5187988 -0.676999986
54.9548988 -33.5587006 -0.460099995
54.9127998 -33.5640984 -0.397899985
54.8859024 -33.549633 -0.118100002
54.905098 -33.5342331 0.138766676
54.9981003 -33.5279007 0.212300003
54.9172974 -33.5065498 0.494700015
54.9888992 -33.5093994 0.70599997
54.9001503 -33.4925003 0.8847
54.8277016 -33.4513016 1.15219998
54.9990005 -33.5509987 1.59879994
54.9598007 -33.4585991 1.68400002
54.8347015 -33.4429016 1.85439992
54.8326988 -33.4084015 2.1006999
54.8970985 -33.4319992 2.30110002
54.9315987 -33.4096985 2.58170009
54.8490982 -33.4324989 2.90085006
54.8531494 -33.4487991 3.0402
54.8119011 -33.4317017 3.20889997
54.9891014 -33.4356995 11.5080004
54.9207993 -33.3673477 2.14499998
54.8856506 -33.3289986 2.9533
54.9862518 -33.3695488 3.30830002
54.9631004 -33.3809013 3.61139989
54.8664322 -33.3437347 3.88103342
54.8620987 -33.339901 4.1500001
54.8204002 -33.2967987 4.24440002
54.8684998 -33.3588982 4.59019995
54.8971481 -33.2865982 4.71819973
54.9841995 -33.2901001 5.61399984
54.9808998 -33.3597984 5.83769989
54.9208527 -33.3469009 6.34640026
54.9296989 -33.2818985 6.98659992
54.9842987 -33.3139 7.33319998
54.8661995 -33.2182999 7.48579979
54.9651985 -33.2289009 7.61959982
54.9230003 -33.2248001 8.07960033
54.9352989 -33.2243004 8.27460003
54.879303 -33.2074509 8.54999924
54.9132004 -33.2056007 8.91219997
54.8652 -33.2932014 9.38930035
54.9709015 -33.2029991 11.6033001
54.9922981 -33.1953011 7.44500017
54.917099 -33.1604996 7.72469997
54.9299011 -33.1829987 7.89680004
54.9627991 -33.1783981 8.19989967
54.8871346 -33.1641655 8.33153343
54.9075317 -33.1529655 8.50913334
54.9678001 -33.1395988 8.67329979
54.8375015 -33.1859016 8.89949989
54.8223991 -33.1660995 11.5562
54.8456001 -33.1629982 11.6367998
54.9770012 -32.625 -0.59859997
54.8717003 -32.7008324 11.5684004
54.8776016 -32.7863007 11.6386995
54.9300995 -32.4686012 -0.869799972
54.8584518 -32.5046997 11.5875502
54.8736 -32.3492012 -1.10909998
54.8734016 -32.3451004 -0.968400002
54.8958015 -32.2402 11.5487003
54.8838501 -32.3735008 11.6320496
54.9170647 -32.1120682 11.5396996
54.8163986 -32.0096016 11.6154003
54.959301 -29.4484005 1.81490004
54.9231987 -29.1084995 -1.10380006
54.9716988 -28.9412003 -1.10370004
54.8423996 -28.6777992 -1.0869
54.8610992 -28.5998001 -1.2076
54.9623985 -28.4508991 -1.18560004
54.9389992 -26.6959 -1.19060004
54.8818016 -23.4568005 -1.33000004
54.8045006 -20.3794994 -1.45519996
55.1935005 -33.4855995 -0.635299981
55.1436005 -33.5343018 -0.507799983
55.0604019 -33.5006027 -0.31645
55.1013336 -33.5066338 -0.105499998
55.082901 -33.5206985 0.105366662
55.1934013 -33.4441986 0.365099996
55.1655998 -33.4639015 0.561500013
55.1168976 -33.5085983 0.711400032
55.0437012 -33.4324989 1.10720003
55.0423012 -33.5229988 1.24580002
55.1324997 -33.4411011 1.67490005
55.1479988 -33.4254494 2.1177001
55.0930023 -33.4362488 2.51179981
55.0675354 -33.4406662 2.69663334
55.1834984 -33.411499 3.28800011
55.0293999 -33.4535522 5.704
55.1080475 -33.4216995 5.96869993
55.1058998 -33.4062996 6.13149977
55.1257019 -33.4214478 6.42850018
55.1209984 -33.4034996 9.79679966
55.0848007 -33.3745995 0.944299996
55.0631485 -33.3757477 1.49839997
55.0854988 -33.3894005 2.37899995
55.1217651 -33.3445663 2.4514668
55.1074982 -33.3762512 2.61460018
55.1781998 -33.3669014 2.97889996
55.1596489 -33.3516006 3.55609989
55.1640015 -33.2285004 4.17030001
55.1641998 -33.355999 4.23379993
55.16045 -33.2748032 4.58389997
55.033699 -33.2896004 4.94010019
55.0405998 -33.3325996 5.39519978
55.0884018 -33.2994995 5.66330004
55.0335007 -33.3750992 6.33549976
55.0737 -33.3064995 6.45009995
55.0922012 -33.2987518 7.18949986
55.0897331 -33.3718681 7.30870008
55.0782013 -33.2598 7.5479002
55.1955986 -33.2113991 7.63460016
55.0599518 -33.2122993 7.90945005
55.0923996 -33.2193985 8.24520016
55.0937996 -33.3713989 8.4968996
55.1097984 -33.2181358 8.66320038
55.1131516 -33.2818985 9.07999992
55.0833664 -33.2338333 9.29173374
55.1258011 -33.3150024 9.52869987
55.0670509 -33.2789497 9.68634987
55.0535011 -33.2461014 9.88529968
55.1248474 -33.2469749 10.1257744
55.1274986 -33.2927017 10.3017998
55.1080017 -33.2709999 10.9362507
55.0150986 -33.2214012 11.2897997
55.1102982 -33.2556 11.5573997
55.0922012 -33.1610985 7.91020012
55.1114998 -33.1623993 8.12320042
55.1066017 -33.1321983 8.26889992
55.0685005 -33.183548 8.66464996
55.0847511 -33.1498489 8.85814953
55.1786003 -33.196701 9.13790035
55.0005989 -33.1379013 10.1316996
55.0511017 -33.1819992 10.3936005
55.1046982 -33.1750984 10.9643002
55.0284004 -33.1184998 11.6896
55.1136017 -32.8442001 11.6226997
55.0150986 -32.6519012 11.3488998
55.1589012 -32.7971001 11.4926996
55.0814018 -32.5742989 -0.649100006
55.0219994 -32.4301987 -0.329699993
55.0723991 -32.5682983 11.5848999
55.0966988 -32.4716988 11.6056995
55.0839996 -32.3352509 -0.917350054
55.0538483 -32.2547493 11.5646
55.0242996 -32.1006012 11.5318003
55.0070992 -32.1959991 11.6462002
55.1724014 -30.4871998 2.18600011
55.0679016 -29.4459 1.63530004
55.277401 -35.1072006 7.68839979
55.3080521 -33.4874001 -0.682450056
55.3372002 -33.5337982 -0.480199993
55.2890511 -33.4841995 -0.281399995
55.3088989 -33.4671516 -0.0894500017
55.3596649 -33.4506683 0.0872000009
55.2410011 -33.487999 0.339249998
55.2970314 -33.4519348 0.51880002
55.3680344 -33.4381676 0.700566649
55.2929001 -33.4496994 0.947999954
55.3969994 -33.4169006 1.09230006
55.3032341 -33.4445343 1.29436672
55.3047333 -33.4921341 1.47863328
55.2775993 -33.4265976 1.73835003
55.3787994 -33.4622993 1.89069998
55.360199 -33.4530983 2.3124001
55.3963013 -33.4213982 2.48140001
55.3250999 -33.4015999 2.64269996
55.3947983 -33.4243011 3.22009993
55.3260994 -33.4016991 4.1697998
55.3436012 -33.410099 6.14470005
55.2803993 -33.4777985 9.75829983
55.3427238 -33.2824249 -0.754325032
55.3734016 -33.394001 -0.0573000014
55.3804016 -33.3866997 1.18470001
55.2486 -33.3949013 1.2234
55.3339005 -33.3921013 1.61459994
55.2016983 -33.3858986 2.07579994
55.2042007 -33.388401 2.37100005
55.3007011 -33.3791008 2.42740011
55.2840996 -33.3903008 2.60369992
55.2050018 -33.3411026 3.29610014
55.2317009 -33.3041 3.75550008
55.2981987 -33.3042984 3.86240005
55.3616982 -33.2615013 4.42719984
55.2341995 -33.3255005 6.22720003
55.2946472 -33.2850494 7.32439995
55.2617683 -33.2551651 7.54393339
55.2303009 -33.2611504 7.62835026
55.3848 -33.2131004 8.13770008
55.3674507 -33.2354507 8.50625038
55.3780518 -33.290699 10.3425007
55.2294006 -33.2670975 10.4235497
55.3516655 -33.2995644 11.5820999
55.3437996 -33.0864258 -0.703125
55.2695999 -33.1842995 7.53690004
55.3734016 -33.1617012 7.79190016
55.3035011 -33.1910019 8.1175499
55.2653008 -33.1701508 8.32209969
55.2462502 -33.1529007 8.47949982
55.2611008 -33.1711998 8.60009956
55.27705 -33.1033478 11.5049496
55.3642006 -32.8604012 -0.8653
55.3423996 -32.8162994 -0.792699993
55.3026009 -32.7302017 -0.898500025
55.3930016 -32.7164993 -0.79400003
55.2224998 -32.5465012 -0.814599991
55.3039017 -32.5992012 -0.745700002
55.3783989 -32.3516006 11.5320997
55.266201 -32.2299995 11.6085997
55.3865013 -32.0493011 11.5993996
55.3979988 -31.9447994 11.5991001
55.2869987 -30.8537998 -1.0187
55.3272018 -30.6026001 -1.03439999
55.260601 -30.4050999 -1.10409999
55.3362503 -30.2568493 1.93525004
55.3390503 -30.3255005 2.14980006
55.3791008 -30.1917992 1.97259998
55.3781013 -29.6053009 1.80550003
55.3250999 -29.4836006 1.51740003
55.3867989 -29.5186996 1.72239995
55.2607994 -29.5793991 2.01670003
55.3016014 -29.1707001 1.98399997
55.2094002 -28.3125 -1.1825
55.4211006 -35.2448997 7.63180017
55.5791473 -33.4934502 -1.06459999
55.4545517 -33.4724998 -0.842000008
55.5031013 -33.4714317 -0.704999983
55.522049 -33.4862976 -0.543299973
55.4561996 -33.5032997 -0.297749996
55.560051 -33.482399 -0.0687500015
55.4696007 -33.4625473 0.109499998
55.5223351 -33.4512672 0.298933327
55.5358505 -33.4561501 0.69115001
55.5728989 -33.4939003 0.989400029
55.529438 -33.4463615 1.11425996
55.5191002 -33.4990997 1.23259997
55.5246506 -33.4756508 1.47375
55.4520988 -33.4271011 1.95630002
55.4654007 -33.4087982 2.08419991
55.482399 -33.4126015 2.29640007
55.4888 -33.4277992 2.4388001
55.5443993 -33.4290009 2.71749997
55.5023994 -33.4117012 2.81410003
55.4213982 -33.4502983 4.96990013
55.4511986 -33.4210014 6.21299982
55.5531998 -33.2972984 -0.84740001
55.5233994 -33.3909492 1.66755009
55.5122986 -33.3747482 1.8987
55.4674988 -33.3469009 2.04754996
55.5466995 -33.3681984 2.35700011
55.5536003 -33.3970985 2.59940004
55.4416008 -33.303299 2.98530006
55.4371986 -33.3465996 3.12019992
55.5606499 -33.3670502 3.30025005
55.5603981 -33.3339996 3.47939992
55.5965004 -33.296299 4.13320017
55.4888992 -33.3115005 4.21589994
55.5201988 -33.3832016 4.75699997
55.5587006 -33.2938995 6.29050016
55.5993004 -33.2627983 7.19339991
55.5482979 -33.2673988 7.30639982
55.5217972 -33.2143478 8.11025047
55.5256996 -33.2106018 8.57240009
55.5890007 -33.2769012 8.99849987
55.5368996 -33.2541504 10.2991505
55.5432014 -33.2000999 11.5805998
55.5046997 -33.2097015 11.6704998
55.4823532 -33.1097984 -0.86469996
55.4418983 -33.1969986 8.00710011
55.4827003 -33.16325 8.30484962
55.512001 -33.1853676 8.4944334
55.5317001 -33.132 8.78059959
55.5163994 -33.1733017 10.5159998
55.5839996 -33.1423988 11.5811005
55.4771004 -33.0480995 11.6142006
55.4986992 -32.9863014 -0.912199974
55.4123001 -32.9124985 11.4390001
55.4547005 -32.8577995 11.6073999
55.5833015 -32.6446991 -0.938199997
55.4925995 -32.6851997 -0.705200016
55.4406013 -32.5032005 -0.839100003
55.4980316 -32.4938011 11.5505333
55.4841995 -32.4963989 11.6338997
55.5318985 -32.3630981 11.4945002
55.4981003 -32.2344017 11.6405001
55.4917488 -32.0917511 11.5634003
55.5836983 -32.0452995 11.6049004
55.5505981 -31.9764996 -0.977999985
55.5721016 -31.9867992 11.493
55.5219002 -31.941 11.6135998
55.5658493 -31.0312996 2.15929985
55.5262985 -30.8551998 2.23869991
55.5409012 -30.6110992 2.16700006
55.5304985 -30.6732006 2.7592001
55.456501 -30.4769993 2.06710005
55.4869995 -30.47435 2.2729001
55.4658241 -30.350975 1.93937504
55.591301 -30.2593994 2.06599998
55.5485001 -30.0524006 2.00370002
55.5951996 -30.0098 2.4058001
55.4967995 -29.9470005 1.91945004
55.5825005 -29.6257992 1.77209997
55.521347 -29.7243004 1.83949995
55.4552002 -29.4706993 1.5661
55.5100174 -29.4934006 1.75825
55.5770988 -29.5 1.82350004
55.5409012 -29.3097992 1.83650005
55.5238495 -29.1355 1.77040005
55.4933014 -21.7278996 -1.4059
55.7355003 -33.4421005 -1.01390004
55.7621002 -33.4791336 -0.820966661
55.7687988 -33.4763985 -0.660700023
55.7246475 -33.4729004 -0.478799999
55.6208992 -33.5572014 -0.326599985
55.7027016 -33.4309998 -0.0507999994
55.7466011 -33.4959488 0.0949000046
55.7584991 -33.4634323 0.299866676
55.773201 -33.443634 0.439500004
55.7350998 -33.441433 0.68506664
55.7160988 -33.4721985 0.997399986
55.6867981 -33.4633484 1.11225009
55.7406998 -33.4916534 1.30279994
55.7056007 -33.4376984 1.47660005
55.6362 -33.4336014 1.66729999
55.7333984 -33.4056015 2.21000004
55.7117004 -33.4575996 2.76530004
55.6991997 -33.4031982 2.82879996
55.7130013 -33.2181015 -1.00399995
55.6607399 -33.3071594 -0.883880019
55.7293015 -33.3861008 0.106799997
55.7584 -33.3925018 1.00460005
55.6884995 -33.3666992 1.28569996
55.6040993 -33.3539009 1.95360005
55.7416992 -33.3941002 2.68899989
55.7442017 -33.375351 2.93099999
55.725399 -33.3422012 3.11269999
55.6437988 -33.3265991 3.36400008
55.7964478 -33.3610497 3.63415003
55.7483978 -33.3039474 3.91869998
55.6921997 -33.3023987 4.17350006
55.7792015 -33.3152008 4.97809982
55.7204018 -33.2737999 5.41970015
55.6371994 -33.3577995 5.79260015
55.7771988 -33.2784996 6.55515003
55.7510986 -33.2664986 7.09689999
55.6455994 -33.2326508 7.34570026
55.6809998 -33.2392998 7.77979994
55.6871986 -33.2112503 7.91224957
55.6744652 -33.2541008 8.07979965
55.611599 -33.2094002 8.24909973
55.6469002 -33.2099991 9.84990025
55.6358986 -33.1002998 -0.923900008
55.6240005 -33.1735001 7.59800005
55.7318001 -33.1913986 7.65999985
55.7839012 -33.1940002 7.89510012
55.7417984 -33.1711502 8.08250046
55.6324654 -33.1729012 8.34080029
55.7941017 -33.1968002 8.55029964
55.6697998 -33.1641998 8.70180035
55.719101 -33.1222992 8.88729954
55.71455 -33.1617966 9.91790009
55.7442017 -33.1044998 10.3845997
55.6954002 -33.0881996 11.5791502
55.7625504 -33.0889969 11.6375504
55.6814995 -32.8544006 11.3671999
55.6677017 -32.8987999 11.4461498
55.7170677 -32.912735 11.6286669
55.6481476 -32.6226006 -1.06384993
55.6506348 -32.7588997 -0.972800016
55.700264 -32.6909332 11.5427332
55.6853027 -32.5668488 -0.960749984
55.6539993 -32.4887009 11.6177998
55.6570015 -32.3446007 -1.37559998
55.7252998 -32.27565 -1.00705004
55.6470985 -32.3858986 -0.893700004
55.7224007 -32.3195992 11.5131998
55.6142006 -32.1226006 11.5778999
55.6596985 -32.1682014 11.6086998
55.6693001 -31.9120998 11.5503998
55.6038017 -31.9137993 11.6176004
55.6119003 -31.0804996 2.16720009
55.7041016 -31.0172997 2.21230006
55.6012993 -30.8911991 1.96739995
55.6543808 -30.8987598 2.1398201
55.7472992 -30.8539009 2.24154997
55.6711006 -30.7366009 2.18099999
55.7310982 -30.6926994 2.31185007
55.7501984 -30.4515991 2.2723
55.7154236 -30.2814999 2.15567493
55.6637001 -30.0909252 2.03970003
55.7254601 -29.8787403 1.89714003
55.7651978 -29.7589989 1.93834996
55.6301003 -29.7737007 2.13860011
55.7398987 -29.7448006 2.48460007
55.6876984 -29.4921989 1.7734499
55.7765999 -29.5079994 2.75119996
55.7033005 -29.3007507 1.76240003
55.7074356 -29.2853336 1.8459667
55.7392006 -29.1387997 1.77069998
55.7615013 -29.1145992 1.92299998
55.7860985 -28.9633999 1.81169999
55.9872017 -33.6198006 0.265899986
55.8919334 -33.4733009 -0.90353334
55.8855515 -33.4707489 -0.510100007
55.9538498 -33.4530029 -0.289550006
55.9160004 -33.4356995 -0.00230000005
55.8711319 -33.4761009 0.0768666714
55.8255005 -33.4462013 0.346199989
55.8989487 -33.4662018 0.459874988
55.8857994 -33.4814987 0.710933328
55.9757996 -33.4331017 0.967800021
55.8902016 -33.4504013 1.37370002
55.848999 -33.4311981 1.72979999
55.9074669 -33.4187012 1.83623338
55.8871002 -33.4112473 2.12645006
55.9792023 -33.41465 2.29905009
55.8850021 -33.4080505 2.42449999
55.9238014 -33.4150009 2.66100001
55.891201 -33.4119987 8.60630035
55.8935013 -33.3939018 0.9727
55.8860016 -33.376503 1.1322
55.9432983 -33.3956985 1.68529999
55.9424019 -33.3782997 2.08829999
55.8700981 -33.3828011 2.55380011
55.9230003 -33.3849983 2.95230007
55.8690491 -33.3703003 3.22090006
55.8394508 -33.3722992 3.97364998
55.9920998 -33.3641014 4.46640015
55.8580017 -33.2989006 4.8105998
55.9561501 -33.2946472 5.05154991
55.9580994 -33.2731018 5.31589985
55.9290009 -33.2709007 5.58430004
55.9841995 -33.2589989 5.73169994
55.8531494 -33.2843475 5.89309978
55.9636993 -33.2607002 6.14569998
55.9674988 -33.2238007 6.82910013
55.8833008 -33.2028999 7.02010012
55.8583336 -33.2462692 7.32726669
55.9201012 -33.2472763 7.52602482
55.9421005 -33.2071991 7.60809994
55.8247986 -33.2448997 7.81689978
55.8191986 -33.2504005 8.21049976
55.9105988 -33.2262993 8.51790047
55.8936996 -33.2243996 8.67990017
55.8317986 -33.2513008 10.1610003
55.8120003 -33.3317986 11.3502998
55.9295006 -33.143898 7.35645008
55.9542999 -33.1478004 7.48200035
55.8384018 -33.1605988 7.68130016
55.9442329 -33.1904984 7.88693333
55.8549995 -33.0335999 8.37209988
55.9279022 -33.1628036 8.54669952
55.8274002 -33.1915016 8.60109997
55.8805008 -33.1489983 8.85669994
55.9542503 -33.1525002 9.08474922
55.9359665 -33.1253014 9.34150028
55.9132004 -33.1385002 9.4282999
55.9000015 -33.0742989 9.76609993
55.8754997 -33.0396004 10.5607004
55.9654999 -33.1388016 10.7587004
55.9159317 -33.0845985 10.9184332
55.8359489 -32.9368515 11.5539503
55.8083992 -32.9869995 11.6346998
55.9542999 -32.6146011 -0.990700006
55.9844017 -32.6165009 11.5143995
55.9747467 -32.4647484 11.5333996
55.9486008 -32.5387993 11.6124001
55.9082985 -32.3404732 11.5473995
55.8616982 -32.3185997 11.7598
55.9603004 -32.0783005 -0.986199975
55.9206009 -32.0579681 11.5036335
55.9686012 -32.1217995 11.6042995
55.9640007 -31.0312004 2.33439994
55.9499016 -31.1865997 2.45819998
55.9203491 -30.9278488 2.31244993
55.9107513 -30.7258987 2.27915001
55.9230003 -30.4766674 2.27139997
55.8800011 -30.3087997 2.12409997
55.8933983 -30.2987003 2.31229997
55.830265 -30.1206322 2.12380004
55.8676987 -30.1422997 2.22839999
55.9402657 -29.9307671 2.15139985
55.9407997 -29.7111244 1.90402496
55.857399 -29.6544991 2.58850002
55.9976997 -29.5358009 1.77020001
55.9869995 -29.5545998 2.63319993
55.8925018 -29.2970009 1.81509995
55.9025993 -29.1371002 1.51660001
55.8330002 -29.1238995 2
55.8698502 -28.9496498 1.88985002
55.9165001 -28.0972004 1.66199994
55.8732986 -28.0104008 1.91170001
56.146698 -39.9235001 -0.710449994
56.1596985 -39.9205666 -0.510533333
56.1636238 -39.9219246 -0.274774998
56.1613998 -39.8700752 -0.102349997
56.1681213 -39.9549408 0.111819997
56.1745987 -39.9361763 0.320649981
56.1711731 -39.8979492 0.494825006
56.1769485 -39.9389 0.66869998
56.1729965 -39.9435501 0.868399978
56.1856499 -39.9145241 1.097
56.1962013 -39.8723984 1.36170006
56.1854477 -39.8904991 1.47880006
56.1898994 -39.8646011 1.73559999
56.1921997 -39.8872986 4.15460014
56.1203003 -39.8423996 10.3099003
56.1584015 -39.7717018 -0.737800002
56.1590004 -39.6673012 -0.588500023
56.1613998 -39.6699982 -0.287349999
56.1766319 -39.6271667 -0.161300004
56.1725006 -39.6957588 0.272920012
56.1643333 -39.6974335 0.452199996
56.1746025 -39.6691322 0.704966664
56.1781349 -39.668766 0.92689997
56.1818504 -39.660202 1.08894992
56.1939011 -39.6545982 1.23090005
56.1833992 -39.6990013 1.48000002
56.1936989 -39.7304993 3.54979992
56.1949997 -39.6837997 4.40360022
56.1848984 -39.7198982 8.49510002
56.1921005 -39.7298012 8.9520998
56.1758003 -39.6944008 10.2334995
56.1478653 -39.5075645 -0.714833319
56.1557007 -39.5023346 -0.505566657
56.1750984 -39.5365982 -0.246999994
56.1781502 -39.5304489 -0.0533500016
56.1495018 -39.5043983 0.0357000008
56.1609001 -39.4730988 0.399899989
56.1744499 -39.5431519 0.503700018
56.1858978 -39.5000992 0.707049966
56.1755333 -39.5671997 0.913500011
56.1820679 -39.471199 1.11570001
56.1744995 -39.4883766 1.32840002
56.198101 -39.5121994 1.56529999
56.1959 -39.4987984 3.3046999
56.1725006 -39.4562988 3.82940006
56.1323013 -39.5983009 10.0922003
56.157299 -39.5285988 10.2989998
56.1329994 -39.5035019 11.2048998
56.1412506 -39.2532501 -0.674174964
56.1565018 -39.3427505 -0.519599974
56.1507492 -39.3136978 -0.229900002
56.1517334 -39.3395309 -0.0535999984
56.1567497 -39.2794991 0.10125
56.1535683 -39.3408356 0.309100002
56.1682014 -39.2989006 0.491400003
56.1851501 -39.3218994 0.742650032
56.1759987 -39.2954674 0.903266668
56.1945 -39.2650986 1.13
56.1869011 -39.3467979 1.3008666
56.1584015 -39.2415466 1.54544997
56.1879997 -39.3316002 1.60430002
56.1729507 -39.2389526 1.86965001
56.1954002 -39.2663002 2.94219995
56.1948013 -39.3362007 5.06519985
56.1362 -39.3194504 8.4925499
56.1845016 -39.2717018 9.80090046
56.1679001 -39.2014008 10.8233004
56.1969986 -39.3945007 11.2133999
56.1358986 -39.1097984 -0.648800015
56.1408997 -39.1595993 -0.489749998
56.1313019 -39.1557007 -0.301699996
56.1567001 -39.0652008 -0.0601000004
56.1707001 -39.1222 0.173500001
56.1635971 -39.140049 0.252700001
56.1777 -39.0906982 0.470750004
56.1797028 -39.1218491 0.69492501
56.178299 -39.0981483 0.887600005
56.1893005 -39.1065521 1.0934999
56.1995506 -39.0820465 1.25814998
56.1910019 -39.1304016 1.57099998
56.1888008 -39.037899 1.9068501
56.1824493 -39.0142517 2.11544991
56.1997986 -39.1843987 2.39849997
56.1940002 -39.1464005 3.10389996
56.1931 -39.0755997 3.21550012
56.1980019 -39.1650009 3.58570004
56.1860008 -39.0085983 4.99560022
56.1938019 -39.0898018 5.24749994
56.1898003 -39.0912018 8.24919987
56.1403008 -38.8380013 -0.797399998
56.1204987 -38.8834991 -0.558499992
56.1388016 -38.8554993 -0.328299999
56.1529999 -38.8017998 -0.0949999988
56.1603012 -38.8934326 0.104566671
56.1972008 -38.8569984 0.357600003
56.1642494 -38.9421997 0.499850005
56.1643791 -38.9383812 0.707059979
56.1751022 -38.862999 0.944399953
56.1733017 -38.8704491 1.26754999
56.1828003 -38.8797989 1.40880001
56.1950989 -38.8661003 1.79929996
56.1903 -38.9348984 1.86909997
56.1927986 -38.9060516 2.10724998
56.1786995 -38.9626999 7.21159983
56.1296005 -38.969101 8.12860012
56.1669998 -38.7639999 0.1778
56.1983986 -38.7681999 0.340499997
56.1805 -38.6464005 0.725899994
56.1890984 -38.6959 0.975799978
56.1954002 -38.7649994 1.18579996
56.1869011 -38.7388 1.3017
56.1829987 -38.7369003 1.86500001
56.1973991 -38.6603012 2.47720003
56.1865997 -38.7887001 2.92840004
56.1980019 -38.6269989 3.37969995
56.1705017 -38.786499 7.46099997
56.1300011 -38.4604988 -0.659799993
56.1631508 -38.5046501 -0.54065001
56.1506004 -38.4143982 0.162300006
56.1915016 -38.5831985 1.76960003
56.1562996 -38.5201988 1.99479997
56.1832008 -38.4866982 2.07730007
56.1776009 -38.5037994 2.23230004
56.1763992 -38.4049988 2.88429999
56.1931992 -38.5363007 3.97900009
56.1809998 -38.4460983 7.27909994
56.1976013 -38.4674988 10.1416998
56.1529999 -38.4255981 11.1918001
56.1160011 -38.4634018 11.4601002
56.1460991 -38.2394981 -0.674399972
56.1773491 -38.2529526 -0.474849999
56.1714478 -38.2456017 -0.0821499974
56.1747513 -38.2551003 0.0816500038
56.1842003 -38.3863983 0.750400007
56.1761017 -38.3236504 1.69910002
56.1858978 -38.3027496 2.1241498
56.1968994 -38.365799 2.25510001
56.1800995 -38.3622017 3.04500008
56.1766014 -38.3344002 4.13910007
56.1815987 -38.2877998 8.12030029
56.1632004 -38.3616982 10.4350996
56.1973495 -38.1585999 1.74055004
56.1792984 -38.1474991 1.90890002
56.1838989 -38.1707993 2.13199997
56.1893997 -38.0503006 2.25929999
56.1943016 -38.0443993 8.25510025
56.1920013 -38.1375008 8.79800034
56.1832008 -37.9134979 1.57805002
56.1846466 -37.9207001 1.74084997
56.1921005 -37.9581985 1.93509996
56.1994019 -37.9289017 2.29159999
56.1941986 -37.9878998 5.47429991
56.1960983 -37.8497009 5.94770002
56.1433983 -37.8247986 9.76480007
56.1849976 -37.7534027 1.48720002
56.1954002 -37.6179008 1.63989997
56.1864014 -37.7564011 1.87479997
56.1833992 -37.6299019 2.05220008
56.1879005 -37.7383003 2.25119996
56.1939011 -37.7438011 3.6802001
56.1701012 -37.651001 9.86079979
56.1635017 -37.4458008 1.24629998
56.183651 -37.4920998 1.49659991
56.1962013 -37.5716019 1.70000005
56.190033 -37.4687653 1.89003336
56.1983986 -37.5849991 2.16560006
56.1906013 -37.4243011 2.29530001
56.1857986 -37.4878006 2.41790009
56.1914978 -37.4432983 3.53979993
56.1898994 -37.4211998 4.58449984
56.1982994 -37.5694008 9.13169956
56.1924019 -37.4757004 9.34329987
56.1619987 -37.5360985 9.69550037
56.1907997 -37.3627014 1.5668
56.1820984 -37.2647476 1.7313
56.1918678 -37.3355675 1.93456662
56.1963005 -37.2405014 2.2822001
56.1867981 -37.2937012 3.16779995
56.1801987 -37.3264999 3.52180004
56.1226006 -37.3432999 9.34570026
56.1773987 -37.0738983 1.49414992
56.1866989 -37.0652008 1.74720001
56.1871338 -37.037735 1.89513338
56.162899 -37.1991005 2.34529996
56.1618996 -37.0630989 2.91090012
56.1862984 -37.1789017 3.92869997
56.1912003 -37.1633987 5.39319992
56.1223984 -37.0502014 9.94270039
56.1646996 -37.0929985 10.7477999
56.1876526 -36.9384499 1.71735001
56.1666985 -36.9740982 2.40389991
56.1773987 -36.9524994 2.80859995
56.1859016 -36.9898987 7.13240004
56.1767006 -36.8210983 10.9843998
56.1759987 -36.7752991 -0.600000024
56.1599007 -36.6319008 -0.119999997
56.0615997 -36.6338997 0.935299993
56.1091003 -36.7452011 1.05869997
56.1729012 -36.7579002 1.44340003
56.1980019 -36.7944984 3.53060007
56.1973 -36.6155014 4.56879997
56.1696014 -36.7812996 9.34790039
56.1867981 -36.4235001 0.705799997
56.1553001 -36.5241013 0.844900012
56.1582985 -36.4453011 1.07739997
56.1764526 -36.4353027 1.50655007
56.1879501 -36.4719009 1.65149999
56.1925011 -36.4410019 2.7125001
56.1836014 -36.4332008 4.37260008
56.1591988 -36.4873009 8.92529964
56.158699 -36.3741989 -0.917999983
56.1651497 -36.280899 -0.722249985
56.1707993 -36.3132668 -0.261266679
56.1484985 -36.2426987 -0.0899000019
56.158699 -36.2900009 0.0368999988
56.1743507 -36.2325516 0.309050024
56.1757507 -36.274601 0.488750011
56.1720009 -36.2655983 0.84829998
56.1596985 -36.3000984 1.04159999
56.1716499 -36.2482986 1.574
56.1770477 -36.3200989 1.67584991
56.1937485 -36.3015518 2.21815014
56.1904984 -36.2627029 2.62954998
56.1906013 -36.2489014 2.83520007
56.1833 -36.2523003 4.51980019
56.1180992 -36.3577003 10.4431
56.1749001 -36.1060486 -0.881399989
56.1875992 -36.0424995 -0.797399998
56.1729012 -36.0575981 -0.27790001
56.1656685 -36.0895004 -0.145766661
56.1650009 -36.0298996 0.152400002
56.1689529 -36.0962982 0.268549979
56.1706352 -36.1178017 0.448333323
56.1683998 -36.0346489 0.663249969
56.1582336 -36.0651665 0.928433359
56.1828003 -36.0560532 1.11140001
56.1578522 -36.0940018 1.35614991
56.1830673 -36.0471344 1.48469996
56.1792488 -36.0891037 1.66044998
56.1259003 -36.077301 1.80809999
56.1949005 -36.1873016 2.08109999
56.1976013 -36.1020012 2.40380001
56.1997986 -36.1898994 5.61910009
56.1643982 -36.1800003 8.29529953
56.1610794 -35.9378815 -0.845659971
56.1353531 -35.8916016 -0.761299968
56.1590004 -35.8466988 -0.263799995
56.1632004 -35.8760529 -0.0819000006
56.1785011 -35.9361763 0.136024997
56.1556015 -35.8888016 0.334380001
56.1707993 -35.9075012 0.476900011
56.1856995 -35.9935989 0.789499998
56.1907272 -35.8830986 0.91869998
56.1752319 -35.8572655 1.08420002
56.1826248 -35.873848 1.29789996
56.1777611 -35.9321175 1.50774002
56.1827011 -35.9762993 1.67019999
56.1929016 -35.8134995 2.25410008
56.1958008 -35.9538002 2.77729988
56.1800995 -35.9748001 3.64989996
56.1683998 -35.8933983 4.06990004
56.1906013 -35.9342003 5.18009996
56.1524239 -35.6832504 -0.858500004
56.1381989 -35.7428017 -0.665799975
56.1638985 -35.6323013 -0.568300009
56.1669273 -35.681427 -0.104000002
56.1961975 -35.773201 0.0506500006
56.1697502 -35.6900482 0.23574999
56.1729507 -35.6259995 0.593700051
56.1778984 -35.7854004 0.708299994
56.1888504 -35.6541748 0.939074993
56.1728325 -35.664299 1.09826672
56.1767006 -35.7178268 1.33074999
56.1795006 -35.7437668 1.46739995
56.1931 -35.6436996 1.89979994
56.1828003 -35.6536484 2.12960005
56.1888008 -35.7146988 2.20309997
56.1980019 -35.6114998 3.05890012
56.158699 -35.6127014 5.24440002
56.1725998 -35.7611008 10.8213997
56.1564484 -35.5238991 -0.917050004
56.1903992 -35.513649 -0.68659997
56.1581001 -35.5863991 -0.0820999965
56.1539764 -35.5087013 0.273849994
56.1738014 -35.4997482 0.548025012
56.1909676 -35.431366 0.728999972
56.1982994 -35.5479012 0.965600014
56.1833496 -35.5010757 1.13042498
56.1977997 -35.4098015 1.39830005
56.1842346 -35.4496994 1.50463331
56.1860008 -35.4732018 1.63030005
56.1907005 -35.5736008 1.87559998
56.1898003 -35.5211983 3.72860003
56.1880989 -35.521801 9.40369987
56.1441994 -35.2592354 -0.858666658
56.1641006 -35.2919998 -0.0116999997
56.1618004 -35.3246002 0.178449988
56.134552 -35.3034515 0.363449991
56.1789742 -35.2973747 0.506550014
56.1646004 -35.3174744 0.695675015
56.1792488 -35.2499008 0.93900001
56.1725998 -35.2639008 1.08560002
56.173851 -35.2748489 1.24830008
56.1837997 -35.283226 1.46510005
56.1733017 -35.2383995 1.77219999
56.1911659 -35.3144341 1.81813335
56.1333008 -35.110466 -0.884433329
56.1351013 -35.1335983 -0.777700007
56.163868 -35.1368675 0.121699996
56.1645508 -35.0611 0.291500002
56.1677513 -35.1065521 0.492500007
56.1656494 -35.09795 0.66415
56.1784515 -35.1072998 0.886749983
56.1484985 -35.1417007 1.19239998
56.1919022 -35.1486511 1.26534998
56.1659012 -35.0792007 1.49539995
56.1890678 -35.1041336 1.69316661
56.1877518 -35.03265 1.88989997
56.1925011 -35.1148987 2.29349995
56.1935005 -35.0014 3.12310004
56.1809006 -35.1819 4.66909981
56.1954002 -35.0969009 10.7296
56.1469994 -34.9982986 -0.933099985
56.1790771 -34.913475 0.143574998
56.1652489 -34.8692474 0.309650004
56.1664505 -34.8899994 0.444899976
56.1816673 -34.8759995 0.699766695
56.1823997 -34.8750343 0.919366658
56.1619492 -34.870224 1.07977498
56.1938515 -34.8562469 1.36059999
56.1868744 -34.8863983 1.48889995
56.1862984 -34.9490013 1.74679995
56.1889 -34.9608994 1.84220004
56.1959991 -34.9048996 2.16580009
56.1982002 -34.9836998 2.25230002
56.1460991 -34.898201 3.27679992
56.1977997 -34.9351997 8.74750042
56.1339989 -34.6716003 -0.825800002
56.15205 -34.6469498 0.141149998
56.1545753 -34.686348 0.296649992
56.1781311 -34.7369652 0.524500012
56.168026 -34.6636734 0.664824963
56.1710014 -34.7425995 0.993399978
56.1776009 -34.6875 1.08080006
56.1997986 -34.7625008 1.20599997
56.1933517 -34.7392006 1.49635005
56.1921997 -34.6818466 1.71930003
56.1807518 -34.702301 1.93985009
56.1927986 -34.6431007 2.01600003
56.1971016 -34.7882996 2.2723999
56.1897011 -34.6889992 2.42860007
56.1828003 -34.7364006 2.98460007
56.1529999 -34.4522018 -0.785600007
56.1642342 -34.458065 0.344433337
56.1669998 -34.5124016 0.501100004
56.1746979 -34.512249 0.728950024
56.1681328 -34.4983673 0.884966671
56.1338997 -34.4706001 1.02030003
56.1947479 -34.4646988 1.3563
56.1732483 -34.4792023 1.44315004
56.1870995 -34.5800018 1.64129996
56.1838531 -34.4979019 1.88080001
56.1678009 -34.5256004 2.0144999
56.1882019 -34.4972992 2.22939992
56.1646996 -34.4819984 2.40249991
56.1898003 -34.4160004 6.40019989
56.1939011 -34.4098015 10.6457996
56.1431999 -34.3352013 -0.908200026
56.1659012 -34.2408981 -0.0133499997
56.1917 -34.3169479 0.0813000053
56.163353 -34.2965012 0.253275007
56.1644974 -34.2616997 0.455500007
56.1883011 -34.2744026 0.677366674
56.1897583 -34.3083992 0.892099977
56.1650009 -34.3983002 1.06200004
56.1870346 -34.3140678 1.34519994
56.1735992 -34.3096008 1.53136671
56.1897316 -34.2783661 1.6589334
56.1883011 -34.2317009 1.89300001
56.1898003 -34.2277985 2.01379991
56.1963501 -34.2554512 2.21764994
56.1433983 -34.2052002 7.15329981
56.1767998 -34.3634987 9.20860004
56.1795006 -34.0886993 -1.05439997
56.1696472 -34.0144501 -0.939149976
56.1912003 -34.139801 0.140499994
56.1847 -34.0853729 0.303649992
56.1870003 -34.0937004 0.413199991
56.1735649 -34.1371651 0.68720001
56.1815987 -34.1563988 0.833700001
56.1935997 -34.0597992 1.15639997
56.1802979 -34.1371651 1.26786673
56.1914978 -34.0677643 1.50440001
56.1925011 -34.0284996 1.78240001
56.1511993 -34.0610008 1.9418
56.1562996 -33.8716011 -0.854933321
56.1132011 -33.8703995 -0.721199989
56.1405983 -33.8438988 -0.0707999989
56.1637001 -33.8658981 0.182600006
56.1665344 -33.8233337 0.240566671
56.1851654 -33.9449348 0.496399999
56.1783333 -33.9348335 0.668866634
56.1758995 -33.8800774 0.923500001
56.1853333 -33.9168663 1.29736662
56.1707001 -33.8650017 1.48150003
56.1842003 -33.8204002 1.69690001
56.194603 -33.9705009 2.0704
56.1889496 -33.9115982 2.35019994
56.1553001 -33.8386993 11.4545002
56.1447334 -33.6453667 -0.85893333
56.1469002 -33.6488991 -0.663600028
56.1713982 -33.6794014 -0.0936999992
56.1744766 -33.7332993 0.110474996
56.1737747 -33.6727753 0.313250005
56.1611023 -33.782402 0.507000029
56.1906013 -33.724781 0.71351999
56.1553993 -33.6745987 0.890399992
56.1687813 -33.735199 1.15434003
56.1795998 -33.6641006 1.30410004
56.1832008 -33.6417007 1.45319998
56.1635017 -33.7108002 1.69930005
56.1937485 -33.6299515 2.12614989
56.186203 -33.7349472 2.30299997
56.1156998 -33.6637993 2.46009994
56.198101 -33.7510986 10.5641003
56.112999 -33.5462685 -0.915833354
56.1547012 -33.5245018 -0.600499988
56.0466995 -33.5354004 -0.402799994
56.0692978 -33.4781685 -0.271566659
56.0714989 -33.5325012 -0.00820000004
56.1483345 -33.5072975 0.0554666668
56.0850372 -33.4992256 0.302724987
56.1405182 -33.5414009 0.524559975
56.0961647 -33.4940987 0.725366652
56.1213188 -33.4864578 0.845679998
56.1641006 -33.5264511 1.09630001
56.1742325 -33.5084343 1.2847333
56.1888657 -33.5177002 1.47213328
56.1861992 -33.4558983 1.75119996
56.1720009 -33.4136009 1.9425
56.1591988 -33.5033684 2.05866671
56.1238327 -33.4846001 2.23883343
56.1455994 -33.4346008 2.60610008
56.1920013 -33.4803009 3.03620005
56.1214981 -33.3606987 0.634800017
56.0891495 -33.3787003 1.2802
56.0704994 -33.3310013 1.47510004
56.1762009 -33.3732986 1.93334997
56.1561012 -33.3708992 2.28600001
56.0752983 -33.3834991 3.10170007
56.0777512 -33.2990494 3.94990015
56.1264 -33.3899994 4.15789986
56.1003494 -33.311348 4.28865004
56.1627007 -33.2144012 4.5935998
56.0362015 -33.2967491 4.72924995
56.0513992 -33.2631989 5.0486002
56.135498 -33.2818527 5.48955011
56.0457993 -33.2478981 5.63479996
56.1082993 -33.2342987 5.85370016
56.0376015 -33.2160988 6.6644001
56.1685982 -33.2162018 7.02150011
56.1339836 -33.2391319 7.2630167
56.1287994 -33.264801 7.43190002
56.0796013 -33.2047997 7.94540024
56.1954002 -33.2282982 8.04030037
56.1925011 -33.2174988 8.36620045
56.141098 -33.2204971 8.52824974
56.144001 -33.2055016 9.1243
56.1813011 -33.2131996 9.49800014
56.0045013 -33.344101 9.77630043
56.1683998 -33.2532997 10.6216002
56.1417007 -33.2290001 11.0302
56.044899 -33.2714996 11.4893999
56.0723 -33.1026993 5.98979998
56.1152 -33.1785011 6.22109985
56.0702019 -33.1612015 7.06209993
56.0330009 -33.1878014 7.6644001
56.1096497 -33.1252975 7.87405014
56.0251007 -33.1626015 8.52649975
56.0867004 -33.1632996 9.10949993
56.0523987 -33.1226006 9.40060043
56.178299 -33.1226006 9.99339962
56.0876007 -33.0956001 10.1912003
56.0606003 -33.1437988 10.5063496
56.0486984 -33.0424004 10.6785002
56.0877495 -33.0928497 11.3073997
56.0973244 -33.0467491 11.538475
56.1233978 -32.8795509 5.98990011
56.0873985 -32.8844681 11.5398998
56.1120987 -32.6982994 11.5557499
56.162735 -32.711132 11.7056999
56.1411018 -32.4225998 11.2449999
56.0626984 -32.4100494 11.5757008
56.0918007 -32.4076004 11.6648998
56.1273003 -32.3351517 11.5464497
56.0026016 -32.1706009 11.5480003
56.1160011 -32.1106987 11.6486998
56.1917 -31.8778 11.2000999
56.0447998 -31.9668007 11.5897999
56.0688019 -31.0587502 2.35695004
56.1400986 -30.8478336 2.29563332
56.0785332 -30.7859325 2.27923322
56.1959991 -30.4206009 2.19309998
56.0435982 -30.5014 2.22309995
56.0029984 -30.4438 2.40479994
56.0676994 -30.3192005 2.35704994
56.1136665 -30.0894337 2.3355
56.0750999 -29.8318501 2.12094998
56.0710983 -29.8575993 2.30669999
56.0763016 -29.6823006 1.86979997
56.1114159 -29.6733437 2.09604287
56.1073494 -29.529974 1.93449998
56.1865005 -29.5881996 2.38080001
56.0395012 -29.4118004 2.87069988
56.0256996 -29.3616009 1.74170005
56.125061 -29.3290596 1.88212001
56.0184479 -29.0367508 1.5575
56.0587006 -29.1886005 1.74749994
56.1636009 -29.1277657 1.84033334
56.1422005 -28.8316002 1.16499996
56.1945992 -28.8038998 1.44760001
56.1819992 -28.9794006 1.89839995
56.0969009 -28.1748009 1.67400002
56.1378517 -28.0167007 1.93024993
56.0066986 -28.0121994 2.0776
56.1227989 -27.9459 1.70560002
56.0760994 -27.9853001 1.81789994
56.1123009 -25.2033005 2.36339998
56.2039986 -39.8074989 0.294
56.2101974 -39.9280472 1.51714993
56.2568741 -39.9415016 1.662925
56.2378807 -39.9307022 1.90898001
56.3329506 -39.8911743 2.10492492
56.3836517 -39.8642502 2.30075002
56.3748665 -39.8820992 2.58656669
56.3507996 -39.8888474 2.73915005
56.240551 -39.8556519 2.92140007
56.236599 -39.895359 3.10738015
56.2200508 -39.9171524 3.27554989
56.2292328 -39.8787346 3.51363325
56.2257996 -39.9015656 3.68120003
56.2224503 -39.9355507 3.92339993
56.2323189 -39.915699 4.1220603
56.2474976 -39.8848495 4.32934999
56.2739334 -39.8885994 4.47989988
56.2403755 -39.8908768 4.69227505
56.2536507 -39.9179993 5.08520031
56.2615242 -39.8681488 5.27865028
56.2528534 -39.8648758 5.49475002
56.2838745 -39.9287758 5.76469994
56.2569237 -39.9350014 5.92834997
56.2610512 -39.8448486 6.01795006
56.2529984 -39.9351349 6.29759979
56.2728271 -39.8995705 6.4973855
56.2797508 -39.913826 6.72254992
56.2704582 -39.9067001 6.88320017
56.2817192 -39.9076996 7.11863995
56.2788506 -39.8620834 7.2831502
56.2775269 -39.9127731 7.49857521
56.2476006 -39.9841003 7.7270999
56.2667999 -39.8933411 7.8815999
56.3202515 -39.9148483 8.13265038
56.3009491 -39.9344482 8.28472519
56.3107986 -39.8843536 8.49615002
56.3193016 -39.8930511 8.73080063
56.2951012 -39.9074745 8.86765003
56.2932014 -39.8204994 9.00990009
56.338974 -39.9307747 9.30577469
56.3286667 -39.8770332 9.52120018
56.2887344 -39.9257011 9.67633343
56.3296204 -39.9175415 9.91372013
56.3253212 -39.9057388 10.0764599
56.2314987 -39.8017006 10.3800001
56.3381004 -39.9165993 10.5209665
56.3334007 -39.9260674 10.6736002
56.2855988 -39.8012009 10.8411999
56.3785019 -39.9827995 11.1174002
56.3760986 -39.903801 11.2312002
56.3012009 -39.906601 11.5305004
56.3250999 -39.9101982 11.7096004
56.219101 -39.7910995 0.690900028
56.2112503 -39.7014008 1.36610007
56.2426682 -39.7087975 1.51170003
56.2399521 -39.7250671 1.72274995
56.2175331 -39.7331352 1.92173338
56.321167 -39.6925659 2.11800003
56.3562851 -39.6745491 2.26426673
56.3649254 -39.7478256 2.48647499
56.3475494 -39.7499771 2.70942497
56.2531166 -39.6633682 2.87094998
56.2294998 -39.6310997 3.0460999
56.222702 -39.6870003 3.30534983
56.2224503 -39.7181015 3.47635007
56.2314987 -39.7201004 3.87559986
56.2398682 -39.7289658 4.10206699
56.250618 -39.7041664 4.30716658
56.2499008 -39.6563339 4.55159998
56.2404022 -39.6848526 4.68537521
56.2602005 -39.6641998 4.91785002
56.2531509 -39.6434021 5.09207487
56.2803307 -39.6829987 5.25186682
56.2852516 -39.7834473 5.49520016
56.2621994 -39.6873016 5.72480011
56.2735519 -39.7450256 5.95387506
56.2646332 -39.7092667 6.10593319
56.267067 -39.6721344 6.30596685
56.2490997 -39.7076988 6.59749985
56.2850494 -39.7043991 6.69509983
56.2594261 -39.7020493 6.84179974
56.2386017 -39.6976013 7.05704975
56.2706528 -39.660202 7.26834965
56.2737007 -39.723835 7.49669981
56.2663841 -39.7010498 7.70760012
56.3143654 -39.6802673 7.90159988
56.3021011 -39.7266235 8.12897491
56.3015327 -39.697567 8.33119965
56.3156319 -39.7317009 8.47633362
56.3067017 -39.683651 8.71802521
56.2980499 -39.7105255 8.86392498
56.2859001 -39.7109985 9.0774498
56.3339005 -39.729435 9.33926678
56.2981491 -39.711525 9.44407463
56.3139992 -39.7219505 9.63055038
56.3049812 -39.7109413 9.9499197
56.3171501 -39.7285004 10.0910997
56.2789001 -39.7443008 10.3096504
56.3274002 -39.7524261 10.4900494
56.3226318 -39.6906319 10.6878328
56.3293991 -39.691433 10.9205332
56.3059387 -39.6890984 11.3004799
56.3386765 -39.6755257 11.4782248
56.2097015 -39.5741005 0.736299992
56.2006989 -39.5075989 0.925100029
56.2094345 -39.4482002 1.49899995
56.2205353 -39.5403328 1.72053337
56.2793007 -39.5056992 1.93120003
56.2793999 -39.4992561 2.07927132
56.3371315 -39.4488335 2.26193333
56.3700485 -39.4357986 2.47749996
56.33955 -39.474926 2.73027492
56.2288017 -39.4925995 2.91726661
56.229599 -39.5688324 3.15783334
56.2415009 -39.4543991 3.20580006
56.2210007 -39.5825005 3.41190004
56.2346001 -39.4734001 3.75573325
56.2241516 -39.54245 3.8822999
56.2403488 -39.4766998 4.09399986
56.2403755 -39.5336494 4.31627512
56.2374496 -39.4714508 4.49037504
56.2346001 -39.5236664 4.71246672
56.2456665 -39.4715652 4.92630005
56.2465973 -39.4365005 5.13019991
56.2254982 -39.4687004 5.30210018
56.2430992 -39.5093994 5.48629999
56.2818985 -39.4028015 5.61359978
56.2662506 -39.5124245 5.94605017
56.2776337 -39.5606003 6.10136652
56.2602997 -39.4227982 6.32280016
56.2757988 -39.5616531 6.52719975
56.2852402 -39.5020409 6.7232399
56.2768478 -39.4976234 6.90509987
56.2643013 -39.4411011 7.13614988
56.290699 -39.4786644 7.27110004
56.2795029 -39.4440002 7.50269985
56.3222008 -39.4099998 7.65490007
56.2729988 -39.5219193 7.92980003
56.3209648 -39.530201 8.12170029
56.3279495 -39.5615005 8.30730057
56.3014412 -39.4567184 8.49458027
56.3195992 -39.4921989 8.76994991
56.237999 -39.5009995 8.80539989
56.3105507 -39.5256004 9.11429977
56.2860489 -39.5001488 9.28960037
56.2923355 -39.5176659 9.47226715
56.3072815 -39.5349007 9.71650028
56.3348351 -39.5487328 9.90573311
56.2967987 -39.5376015 10.1022997
56.2929153 -39.5030861 10.3031855
56.3039017 -39.4138489 10.4997005
56.3368492 -39.5788002 10.6367493
56.3139687 -39.5224991 10.9092331
56.2954674 -39.4644661 11.0832672
56.2610016 -39.584053 11.4611998
56.3219986 -39.4040985 11.6192999
56.2122993 -39.3632011 1.13310003
56.2121506 -39.3095016 1.30754995
56.2104988 -39.3781013 1.67019999
56.2290268 -39.2804756 1.93062496
56.2856331 -39.3193321 2.13793325
56.3006516 -39.2631149 2.31268334
56.3601685 -39.2959824 2.5160501
56.2765999 -39.3069534 2.60769987
56.2375488 -39.2726746 2.86022496
56.2256012 -39.2847824 3.11078
56.2262993 -39.2785988 3.28780007
56.228981 -39.3104782 3.52403998
56.282299 -39.3507996 3.73219991
56.22575 -39.3024483 3.91855001
56.2455521 -39.3017006 4.11639977
56.2536011 -39.3866997 4.34619999
56.2542 -39.3570023 4.51517487
56.2761993 -39.3184013 4.74800014
56.2479019 -39.286068 4.94386673
56.2525406 -39.3254585 5.07070017
56.2550316 -39.2821999 5.29016685
56.2514992 -39.3222504 5.55430031
56.2999992 -39.2507019 5.7519002
56.2670326 -39.3261986 5.84859991
56.3056984 -39.2513008 6.0605998
56.2697334 -39.2988663 6.3470335
56.2752533 -39.2399521 6.53135014
56.2639008 -39.398201 6.71400023
56.2661018 -39.3688011 6.82719994
56.2730751 -39.3047752 7.09929991
56.2826653 -39.3001823 7.31708336
56.2860184 -39.3086014 7.47796011
56.2812653 -39.3144646 7.67753315
56.3022003 -39.2682991 7.95050001
56.3082657 -39.2735672 8.10208321
56.2915001 -39.35075 8.32884979
56.2919235 -39.2962723 8.51095009
56.2993393 -39.2774582 8.73269939
56.3111496 -39.3871498 8.87757492
56.3015213 -39.2748795 9.07623959
56.3162346 -39.3398666 9.47019958
56.3260002 -39.3173981 9.76080036
56.3757019 -39.2879982 9.8888998
56.2831497 -39.302002 10.1115999
56.318573 -39.3307266 10.3227005
56.3198013 -39.2706528 10.5166245
56.3588982 -39.3070984 10.7150002
56.3126984 -39.2709007 10.8624001
56.3081589 -39.2831192 11.0982599
56.3815994 -39.2735977 11.3141499
56.317749 -39.3235321 11.4804497
56.2719002 -39.2890015 11.6190996
56.268074 -39.1386757 1.50940001
56.2639656 -39.1005325 1.68156672
56.2180252 -39.1207733 1.86975002
56.2042503 -39.0616531 2.11325002
56.2176208 -39.1070786 2.30281997
56.2651215 -39.0773392 2.49591994
56.296627 -39.0803986 2.7265501
56.2131004 -39.1206512 2.921
56.2220993 -39.0387993 3.13059998
56.2162323 -39.074501 3.29986668
56.2464333 -39.1007652 3.53123331
56.2342339 -39.1803665 3.70249987
56.2304001 -39.1208992 4.10777998
56.2495384 -39.099659 4.25933981
56.2432404 -39.1090813 4.48854017
56.2355499 -39.1345978 4.64545012
56.2313004 -39.1406326 4.81803322
56.2585335 -39.115799 5.14556694
56.2548676 -39.0362663 5.30946684
56.2406654 -39.0509338 5.52783346
56.2779007 -39.0323982 5.68389988
56.2871323 -39.0587997 5.89550018
56.2504501 -39.0885468 6.11019993
56.2731667 -39.1131668 6.29593325
56.2597008 -39.0730019 6.52446651
56.2629013 -39.0696793 6.73477983
56.3031998 -39.094101 6.91292524
56.2845192 -39.1154213 7.07123995
56.2788658 -39.1408997 7.27050018
56.2751236 -39.1223526 7.54125023
56.3062744 -39.1363983 7.71679974
56.2742004 -39.0045013 7.8513999
56.3076744 -39.0946732 8.09794998
56.2979622 -39.0732613 8.3132
56.3195992 -39.1185646 8.52449989
56.2984505 -39.1486015 8.67329979
56.2943649 -39.1194649 8.94643307
56.3081017 -39.1291008 9.00319958
56.3194389 -39.1128998 9.27729988
56.3096008 -39.1154671 9.46243382
56.3456993 -39.1148262 9.68837547
56.3425674 -39.0950012 9.85186672
56.3012009 -39.0896339 10.1265001
56.3366013 -39.0433006 10.3063002
56.3177757 -39.1026993 10.5358
56.3116226 -39.1081772 10.7191248
56.3437653 -39.1065331 10.9455671
56.2913666 -39.0830345 11.3141832
56.3916016 -39.1212997 11.5368996
56.3245659 -39.145401 11.6771669
56.217701 -38.8354988 0.687099993
56.2335014 -38.8502007 0.904799998
56.2022018 -38.9288483 1.25355005
56.2272263 -38.9206734 1.56047499
56.243248 -38.891449 1.71640003
56.2208481 -38.9440498 1.94309998
56.2154999 -38.9132996 2.15370011
56.2496986 -38.9179001 2.27870011
56.2844582 -38.8599396 2.51085997
56.2705498 -38.8459015 2.69754982
56.2311478 -38.8889503 2.90549994
56.2294502 -38.8765488 3.09404993
56.232235 -38.9672012 3.26256657
56.2261009 -38.9220657 3.51613331
56.2453499 -38.8944511 3.79510021
56.2289658 -38.8976326 3.92546678
56.2229996 -38.8621979 4.15175009
56.2457008 -38.8647003 4.3526001
56.2377472 -38.869175 4.52592516
56.2336998 -38.9421654 4.73913336
56.2477341 -38.8683853 4.86878347
56.2434654 -38.945034 5.07910013
56.2392998 -38.8648682 5.32469988
56.2580986 -38.8816223 5.50336027
56.2734985 -38.928299 5.79220009
56.2521248 -38.9524002 6.08239985
56.2466507 -38.8871498 6.26249981
56.3083992 -38.83535 6.43959999
56.284523 -38.909874 6.68429995
56.266861 -38.9063988 6.8901
56.2688522 -38.8882523 7.12492514
56.2945328 -38.918499 7.28433323
56.2843742 -38.8875008 7.48629999
56.3015518 -38.8688736 7.68455029
56.2658005 -38.8908005 7.92030001
56.3283005 -38.8944016 8.11394978
56.2936668 -38.8765984 8.30966663
56.292675 -38.8926735 8.46625042
56.3328323 -38.9086342 8.66779995
56.323101 -38.8847008 9.09380054
56.3265762 -38.9419022 9.30697441
56.2846985 -38.9217491 9.51222515
56.2398529 -38.9028015 9.68869972
56.2957344 -38.8472672 9.8774004
56.3524666 -38.8208656 10.1158333
56.2826996 -38.9417992 10.2420998
56.3436508 -38.9336014 10.4092503
56.2970009 -38.9258003 10.6915998
56.3079414 -38.8864594 10.8829603
56.3016319 -38.8817024 11.0587006
56.3111992 -38.8319016 11.3596001
56.3338013 -38.8434525 11.5425997
56.3356018 -38.9197502 11.6452503
56.2178497 -38.6859512 0.55490005
56.2641983 -38.6853981 0.768100023
56.300499 -38.6436005 1.14109993
56.2598495 -38.7767487 1.31830001
56.2372818 -38.7507019 1.52346671
56.2179337 -38.6446991 1.72066665
56.2184982 -38.7203674 1.93529999
56.2105026 -38.7140503 2.07955003
56.2244263 -38.7223511 2.28585005
56.2800674 -38.7192001 2.52889991
56.362999 -38.7378006 2.66904998
56.2536659 -38.7055321 2.90303326
56.2372017 -38.7345505 3.08719993
56.2205505 -38.6885757 3.29167509
56.2167969 -38.6690979 3.53439999
56.2276344 -38.7065315 3.66689992
56.22155 -38.6608505 3.91505003
56.2344742 -38.7405739 4.12319994
56.2550011 -38.6064987 4.54220009
56.2328491 -38.6969986 4.64449978
56.2237015 -38.7172012 4.92914963
56.2656479 -38.6513519 5.12249994
56.2587013 -38.7196503 5.30310011
56.2555008 -38.6977997 5.41604996
56.2523384 -38.7229004 5.67882013
56.2599983 -38.662632 5.90093327
56.2832336 -38.6953659 6.12879992
56.2558022 -38.6672325 6.3338666
56.2835503 -38.7087479 6.69725037
56.2522011 -38.7998009 6.82070017
56.285202 -38.6677017 7.11800003
56.2970009 -38.6873016 7.5142498
56.2469482 -38.6675491 7.73925018
56.3148994 -38.6528015 7.84165001
56.2859497 -38.6657486 8.03030014
56.2801514 -38.6960983 8.32215023
56.3325653 -38.664566 8.48180008
56.294548 -38.7236748 8.69827461
56.3112793 -38.6627007 8.88744068
56.3547325 -38.7447014 9.15346718
56.3050995 -38.7350006 9.35942554
56.2789001 -38.6777 9.6942997
56.3021011 -38.6861191 9.90503979
56.2882004 -38.7212982 10.1764498
56.3168983 -38.6969986 10.2440004
56.3681984 -38.6868324 10.4743338
56.3164597 -38.6618805 10.7004795
56.3267975 -38.6793976 10.893425
56.3216019 -38.7228661 11.1016502
56.3481255 -38.6746979 11.6702251
56.2455978 -38.552597 -0.0537
56.3050995 -38.5131989 0.0775000006
56.2905006 -38.4818001 0.215399995
56.2109985 -38.5853996 0.612800002
56.2687988 -38.4780579 1.55501997
56.2408218 -38.4724197 1.69397998
56.2248001 -38.4030991 1.91030002
56.2202682 -38.5268669 2.14423347
56.2467003 -38.4712677 2.33643341
56.3222809 -38.4646988 2.50431991
56.2266197 -38.4921799 2.87828016
56.2258835 -38.5248833 3.1247499
56.223381 -38.5420799 3.25282001
56.2318993 -38.5733681 3.49426651
56.2291489 -38.500618 3.6965332
56.2422981 -38.5035019 3.94140005
56.2288513 -38.4837494 4.09282494
56.2464981 -38.5008011 4.32575035
56.2559013 -38.5507011 4.64559984
56.2524338 -38.4873314 4.92789984
56.2448997 -38.4916153 5.0791502
56.2484741 -38.5433502 5.29747486
56.2341995 -38.4951744 5.48120022
56.2740517 -38.4406509 5.73339987
56.2388 -38.5402985 5.8263998
56.2560005 -38.4173012 6.12300014
56.3008499 -38.5485001 6.24119997
56.2704506 -38.4361496 6.53874969
56.2703247 -38.5035019 6.75352478
56.2989502 -38.5554504 6.9140501
56.2436523 -38.4570503 7.06674957
56.2489586 -38.5173798 7.30242014
56.3142204 -38.4860802 7.54829979
56.3177338 -38.5167999 7.70490026
56.2742767 -38.5120239 7.9395752
56.2984772 -38.5087242 8.13834953
56.322197 -38.4991989 8.26784992
56.3063393 -38.5293617 8.48110008
56.3237991 -38.4784737 8.70364952
56.2992477 -38.4860497 8.87345028
56.3040237 -38.4718018 9.11019993
56.2916985 -38.5152206 9.28816032
56.3663483 -38.4712982 9.55245018
56.3048019 -38.5663681 9.724967
56.3381653 -38.5122337 9.93766689
56.2861481 -38.5339508 10.05655
56.3654327 -38.4708328 10.2938328
56.3474998 -38.4715996 10.5942001
56.2823029 -38.5485001 10.6991005
56.3256493 -38.5423508 10.9167995
56.3358994 -38.4798012 11.0964003
56.3349533 -38.4993515 11.4745007
56.2505989 -38.2610016 -0.600199997
56.2639503 -38.2661972 -0.227200001
56.2154007 -38.2942009 0.123999998
56.2150993 -38.2617989 0.606299996
56.2380676 -38.3148346 1.5189333
56.2298241 -38.2854996 1.68502498
56.2052994 -38.2015991 1.92330003
56.2158012 -38.3548012 2.28909993
56.2841988 -38.2945175 2.50081658
56.2751007 -38.2004013 2.69090009
56.2528 -38.2870789 2.92330003
56.2345238 -38.3445015 3.06774998
56.2424011 -38.3484993 3.28077507
56.2363243 -38.2937241 3.4758749
56.2278252 -38.3134003 3.6865499
56.2364655 -38.3139687 3.87800002
56.2243004 -38.3603973 4.05380011
56.2266998 -38.3577003 4.21950006
56.2296486 -38.2751999 4.56484985
56.2517738 -38.3084755 4.70975018
56.2586327 -38.287468 4.8574667
56.2644005 -38.2905502 5.10715008
56.2523499 -38.3351517 5.28845024
56.2406998 -38.3024521 5.50090027
56.2485008 -38.2937469 5.74594975
56.2599182 -38.2886505 5.90878344
56.2678337 -38.3271675 6.10449982
56.2526474 -38.2768478 6.25950003
56.2693024 -38.3056984 6.50810003
56.2746658 -38.2698326 6.70249987
56.2650337 -38.3143005 6.90383339
56.2773018 -38.3045998 7.07849979
56.2810974 -38.3175735 7.27544975
56.2902985 -38.2980003 7.47210026
56.2919388 -38.2781181 7.6880002
56.2951736 -38.2990265 7.95065022
56.301033 -38.3355675 8.12326622
56.2969589 -38.3156395 8.33220005
56.3041687 -38.2897339 8.53938293
56.3200989 -38.2207489 8.69915009
56.3299484 -38.3428001 8.92490005
56.2644997 -38.3218994 9.3104496
56.2929649 -38.2933998 9.66433334
56.3605652 -38.3096352 9.84659958
56.3516998 -38.3388977 10.1300507
56.3362007 -38.3041992 10.3471003
56.3199005 -38.300499 10.4607496
56.3310509 -38.3090515 10.7511501
56.3087196 -38.2897606 10.9042397
56.2975006 -38.3741989 11.1123505
56.3569984 -38.2622986 11.3211002
56.3190002 -38.3287506 11.5651999
56.3567009 -38.2776985 11.7031002
56.3741989 -38.1969986 -0.1127
56.2867508 -38.1459999 0.379649997
56.214901 -38.1757011 0.817200005
56.3914986 -38.1509018 1.01800001
56.2105484 -38.1487503 1.52515006
56.2157326 -38.0992508 1.68593335
56.2143517 -38.10075 1.93924999
56.2312469 -38.0718498 2.03915
56.2368011 -38.0894737 2.29072499
56.3102989 -38.0910988 2.49187994
56.3684006 -38.1268005 2.7407999
56.2287674 -38.0736008 2.90076661
56.2217979 -38.093132 3.08820009
56.2402649 -38.1448669 3.31229997
56.232399 -38.1006508 3.52045012
56.2611008 -38.111599 3.70289993
56.2206993 -38.1903992 3.90380001
56.2355309 -38.0642319 4.02829981
56.2385254 -38.0914764 4.24074984
56.2481995 -38.0786018 4.57299995
56.2371674 -38.1008339 4.73686647
56.2495995 -38.1226006 4.9073
56.2317352 -38.0962677 5.12716675
56.2376022 -38.0623512 5.26749992
56.2877998 -38.1008987 5.75010014
56.2655983 -38.0500984 5.82410002
56.2447014 -38.104351 6.11940002
56.2803001 -38.110302 6.25836658
56.2636986 -38.1287994 6.58290005
56.2697983 -38.1491814 6.71657991
56.2744865 -38.0718994 6.89488554
56.2957993 -38.1563988 7.06510019
56.2961006 -38.1132317 7.28103352
56.2919312 -38.1172333 7.49655008
56.2794991 -38.0938644 7.67569971
56.3096008 -38.1318016 7.98169994
56.3223763 -38.1046257 8.04470062
56.3216667 -38.0728645 8.2378664
56.2705994 -38.1343994 8.41759968
56.2505493 -38.1940498 8.71224976
56.3318329 -38.108902 8.88173294
56.282135 -38.0641975 9.10363293
56.3069 -38.0449333 9.26806641
56.2809677 -38.0797653 9.65799999
56.319767 -38.1189995 9.87520027
56.3070526 -38.0633507 10.0861254
56.3325005 -38.1268005 10.3030605
56.327652 -38.1081009 10.4071503
56.3181 -38.0634499 10.7335501
56.33004 -38.1084213 10.90874
56.3060532 -38.0707016 11.2938995
56.3106003 -38.0724678 11.5450668
56.3681488 -38.1367493 11.7229996
56.2536659 -37.9326668 1.67748332
56.208149 -37.8795013 1.83169997
56.2178993 -37.8850517 2.10470009
56.2518387 -37.8877411 2.34784007
56.2115746 -37.9218483 2.50202513
56.2450027 -37.9324493 2.93265009
56.2381516 -37.9033012 3.08820009
56.2240982 -37.9443016 3.2335999
56.2300987 -37.903801 3.44059992
56.2266808 -37.8874397 3.72562003
56.2640991 -37.9267998 3.89039993
56.2402 -37.9109993 4.10763311
56.2454987 -37.9114494 4.3057003
56.2386475 -37.8255005 4.66755009
56.2451477 -37.8913498 4.95979977
56.2656326 -37.9067993 5.34343338
56.2336655 -37.8804665 5.56279993
56.2548218 -37.9214821 5.72111988
56.2584991 -37.9762001 5.94190025
56.2781334 -37.9217682 6.15150023
56.2574196 -37.9030991 6.32511997
56.2767982 -37.8582993 6.49620008
56.2577019 -37.9234009 6.6631999
56.3032494 -37.9033012 6.87870026
56.2982483 -37.8336487 7.06125021
56.3002205 -37.9343987 7.30202007
56.2998505 -37.9368515 7.50059986
56.2892647 -37.8722343 7.71573305
56.2967339 -37.8961334 7.87043333
56.3101997 -37.8846741 8.10544968
56.2793007 -37.8762512 8.35610008
56.3044014 -37.8783493 8.49060059
56.3172989 -37.9137497 8.72644997
56.3117828 -37.8962173 8.89698315
56.2799988 -37.9166679 9.09529972
56.3530006 -37.8140984 9.44050026
56.3536987 -37.9249992 9.72990036
56.3471756 -37.8976974 9.86402512
56.3366013 -37.8933487 10.0872498
56.3180237 -37.8880997 10.3131504
56.3649521 -37.9873009 10.5427494
56.3152657 -37.8606682 10.6860666
56.2862473 -37.9013519 10.9072495
56.2919502 -37.8880997 11.0802994
56.3034515 -37.9745483 11.5402498
56.3539238 -37.9000015 11.6808996
56.3232689 -37.716732 1.32536662
56.2170334 -37.7042999 1.53443336
56.2110329 -37.7675018 1.68206668
56.2196999 -37.7262993 1.97529995
56.2234001 -37.7130661 2.28023338
56.2608261 -37.7072754 2.49125004
56.2719994 -37.6509018 2.74830008
56.2215347 -37.6669693 2.93179989
56.2354012 -37.6156998 3.0625
56.2182999 -37.6781654 3.35106659
56.236702 -37.7124329 3.50856662
56.2504005 -37.7246666 3.70319986
56.2387466 -37.7236023 3.91849995
56.2187996 -37.7106476 4.10344982
56.2290001 -37.7357025 4.36044979
56.2345314 -37.6531982 4.46356678
56.2346992 -37.6906509 4.69244957
56.2507019 -37.7811012 4.94180012
56.2424011 -37.7997017 5.16550016
56.2440987 -37.7130013 5.29570007
56.2598991 -37.7131653 5.45166683
56.2400208 -37.684639 5.71386003
56.2455254 -37.7336502 6.07555008
56.278759 -37.7067604 6.44772005
56.2742157 -37.6923561 6.73248577
56.2952003 -37.7324982 6.88269997
56.2579002 -37.7527008 7.04990005
56.3221512 -37.6960487 7.30189991
56.2958221 -37.7198792 7.52818012
56.2880478 -37.6755981 7.6807003
56.2910995 -37.6921005 7.9319334
56.2746391 -37.7211189 8.10900021
56.3221016 -37.6902008 8.30278015
56.3498001 -37.7561989 8.57559967
56.3003578 -37.7244987 8.68822002
56.3243332 -37.6767006 8.88756657
56.3305511 -37.651947 9.11824989
56.3045006 -37.6901474 9.29339981
56.2759476 -37.6913528 9.51849937
56.2925491 -37.7097511 9.69202518
56.3293762 -37.6951485 9.89274979
56.2946205 -37.7373199 10.0672998
56.2850494 -37.6562004 10.5272503
56.3944016 -37.7112007 10.6054001
56.3736992 -37.7408981 11.0907993
56.3125992 -37.6021996 11.368
56.3549995 -37.6526031 11.7094002
56.2141991 -37.4617996 1.51359999
56.2206001 -37.5574989 1.62
56.2277756 -37.4564247 1.88492501
56.2147675 -37.4901657 2.16903329
56.2413979 -37.5308342 2.33896661
56.3179016 -37.5018997 2.52955008
56.3250999 -37.4796524 2.67254996
56.2337646 -37.502533 2.89529991
56.2472534 -37.5156479 3.07080007
56.2574005 -37.5647507 3.29115009
56.2281494 -37.5018768 3.45669985
56.223175 -37.4986496 3.711375
56.230732 -37.4339333 3.85236669
56.2324753 -37.5070496 4.07474995
56.2371674 -37.4891319 4.27523327
56.2409668 -37.5254326 4.48769999
56.2407761 -37.5180244 4.7102499
56.2602005 -37.5130348 4.91103315
56.2394028 -37.5029678 5.07929993
56.2514992 -37.5273323 5.32596684
56.2420006 -37.5201988 5.48150015
56.2526016 -37.4538002 5.91239977
56.266098 -37.5037003 6.04174995
56.2709999 -37.500351 6.26324987
56.2722664 -37.4843979 6.44846678
56.2491531 -37.515049 6.66744995
56.2416 -37.5338669 6.92600012
56.2792664 -37.497467 7.07386684
56.2975998 -37.4901009 7.26570034
56.2947998 -37.5116501 7.50371647
56.3157501 -37.5211029 7.71689987
56.290432 -37.5393677 7.82216644
56.3216019 -37.5222015 8.00160027
56.3207474 -37.5287476 8.30349922
56.2988014 -37.4364014 8.45790005
56.314167 -37.5301666 8.68223286
56.2778473 -37.4866753 8.89297485
56.3301506 -37.4914017 9.15915012
56.312233 -37.5065994 9.32583332
56.2978516 -37.4439011 9.44754982
56.3487015 -37.508667 9.67696667
56.3322983 -37.5606499 10.3195496
56.3218994 -37.4571991 10.4316998
56.3107681 -37.4912682 10.6559
56.3404999 -37.5073662 11.0721998
56.3260002 -37.5139503 11.3365746
56.3235016 -37.5951996 11.6330004
56.2158508 -37.280098 1.47985005
56.2228012 -37.330101 1.72947502
56.223999 -37.2625008 1.88479996
56.2196503 -37.3123512 2.04390001
56.2522659 -37.2607002 2.3860333
56.3064346 -37.2848663 2.50810003
56.2497406 -37.334198 2.86220002
56.2237511 -37.3838501 3.12204981
56.2270012 -37.3815002 3.31010008
56.2440987 -37.3564987 3.40249991
56.2230988 -37.3055 3.6875999
56.2422028 -37.332901 3.97495008
56.2411499 -37.3483009 4.12695026
56.242775 -37.2496986 4.52442503
56.230423 -37.3081741 4.67357492
56.2531013 -37.2486 4.89190006
56.2515488 -37.2523499 5.12389994
56.2282028 -37.2861023 5.30585003
56.2450981 -37.3671989 5.51599979
56.2546501 -37.3306503 5.65904999
56.2362976 -37.2338486 5.87785006
56.2671738 -37.3434982 6.08402491
56.2701492 -37.2439003 6.33850002
56.2868652 -37.3116341 6.45270014
56.2747612 -37.2975197 6.88533974
56.2737007 -37.2817993 7.13833332
56.2906494 -37.2896729 7.32977486
56.2796021 -37.3281517 7.50944996
56.3320007 -37.3521996 7.77010012
56.2944489 -37.2745247 8.10812473
56.2993507 -37.2891006 8.29522514
56.300251 -37.3001022 8.5665493
56.3068504 -37.2576523 8.67754936
56.2692986 -37.3638496 8.83855057
56.2839317 -37.3209 9.05013275
56.3181343 -37.3065987 9.3222332
56.3132477 -37.2783012 9.44215012
56.3148994 -37.3655472 9.67855072
56.2789497 -37.3121033 9.89315033
56.3047333 -37.279335 10.0728006
56.3474998 -37.2659988 10.2943001
56.3726006 -37.3959999 10.4461002
56.2892685 -37.275135 10.6954002
56.283699 -37.2935333 10.9308662
56.3474007 -37.3185005 11.0045996
56.3002014 -37.2650528 11.3047504
56.3459473 -37.2878494 11.5777998
56.3148994 -37.3139992 11.6852999
56.2140007 -37.0677986 1.37639999
56.2144012 -37.1113014 1.53305006
56.2208328 -37.0601311 1.70403337
56.2080994 -37.0662994 1.94509995
56.210701 -37.0993347 2.07629991
56.2625999 -37.0783005 2.34189987
56.328167 -37.1218338 2.5394001
56.2293015 -37.1808014 2.91479993
56.217926 -37.1207237 3.11082506
56.2242012 -37.0912018 3.31820011
56.2317734 -37.1087265 3.46525002
56.2481003 -37.1234322 3.69716668
56.2574005 -37.1342773 4.28012514
56.2444496 -37.1700516 4.44130039
56.2276993 -37.1464996 4.74569988
56.2376671 -37.059166 4.89846659
56.2464523 -37.0945511 5.10739994
56.2511673 -37.0861664 5.3052001
56.2436981 -37.086998 5.43490028
56.2356491 -37.0810509 5.69202518
56.2736511 -37.1108017 5.89309978
56.2641678 -37.1072998 6.13819981
56.2508011 -37.1940994 6.26620007
56.2751999 -37.0761261 6.49744987
56.28405 -37.1160507 6.74469995
56.2989655 -37.1129646 6.89449978
56.2989006 -37.0802002 7.12205029
56.3013268 -37.1060486 7.27097511
56.2670021 -37.0703316 7.47696638
56.3109741 -37.0901489 7.68505001
56.2953415 -37.0620613 7.89425993
56.3066025 -37.1340485 8.13150024
56.2633514 -37.0797997 8.34910011
56.3141022 -37.1388016 8.5095005
56.3266678 -37.1388321 8.71906662
56.2527008 -37.0280991 8.91139984
56.2785988 -37.0747986 9.11219978
56.3214989 -37.1904984 9.26364994
56.3228493 -37.0361023 9.4442997
56.3709984 -37.0970993 9.65260029
56.2671318 -37.1184998 9.899333
56.2992668 -37.1240349 10.1216831
56.3118019 -37.1036987 10.3079996
56.3450241 -37.0871735 10.5242996
56.2811508 -37.1099472 10.7130003
56.2874527 -37.0797501 11.1078253
56.3666992 -37.0736008 11.3451004
56.3661346 -37.1222343 11.5299997
56.364399 -37.1959534 11.6378994
56.2787018 -36.8797989 -0.633300006
56.3083992 -36.8754005 -0.516700029
56.2835999 -36.8237 0.913299978
56.2499008 -36.8394012 1.24530005
56.2098999 -36.9665985 1.4734
56.245903 -36.8973007 1.61249995
56.2318001 -36.9179993 1.89584994
56.2155991 -36.8526993 2.09879994
56.2468262 -36.9080238 2.29404998
56.3013992 -36.8873978 2.47406673
56.2191238 -36.9052734 2.96379995
56.2218018 -36.9547501 3.12209988
56.2386475 -36.921051 3.36144996
56.2316017 -36.8547516 3.6027
56.2252502 -36.9346504 3.91287494
56.2420502 -36.884449 4.11120033
56.2244263 -36.9304504 4.25379992
56.2332993 -36.8825989 4.47154999
56.2314987 -36.8213005 4.7887001
56.2417793 -36.9057198 4.9211998
56.2291985 -36.8894997 5.14063311
56.2523499 -36.8565979 5.70055008
56.2512245 -36.9071007 5.90904999
56.2802582 -36.9119987 6.10784006
56.2523499 -36.8804817 6.30988312
56.2513008 -36.9600983 6.58790016
56.2639008 -36.848999 6.66830015
56.2537689 -36.8600998 6.89003325
56.2935677 -36.9072342 7.12056684
56.2952003 -36.9208984 7.29023314
56.303299 -36.9342995 7.45919991
56.3270988 -36.9182014 7.69886684
56.2880249 -36.9364777 7.88884974
56.2304993 -36.8946991 8.10540009
56.3144341 -36.9180984 8.35863304
56.2737656 -36.940567 8.5539999
56.3362007 -36.9617004 8.71010017
56.3100662 -36.9166336 8.89493275
56.278759 -36.9452782 9.12335968
56.3076744 -36.8835487 9.35307503
56.3391495 -36.8945503 9.43315029
56.3216476 -36.9300995 9.75090027
56.331501 -36.8810005 9.92389965
56.3951988 -36.8247986 10.0817003
56.2850494 -36.9547729 10.3165245
56.3035507 -36.9775009 10.5511494
56.2931976 -36.9139481 10.7667503
56.3218002 -36.9496002 10.9975996
56.3931999 -36.9614983 11.0453997
56.3207245 -36.8960266 11.2853756
56.2817993 -36.8953018 11.5243998
56.365799 -36.8075981 11.6341
56.3942986 -36.634201 -0.172199994
56.2487984 -36.7956009 0.197699994
56.3041 -36.7886009 0.415800005
56.3552017 -36.6821976 0.685350001
56.3745003 -36.6139526 0.928149998
56.292099 -36.758049 1.12409997
56.3664017 -36.6663513 1.37395
56.3333244 -36.6905518 1.47777498
56.2950211 -36.7051811 1.69275999
56.2827606 -36.6907806 1.92603993
56.2993317 -36.732933 2.11156654
56.3450012 -36.6982002 2.28866673
56.3507996 -36.7159996 2.58069992
56.2613525 -36.7638474 2.65005016
56.3092499 -36.7087021 2.80949998
56.2321014 -36.7204514 3.09767485
56.2340012 -36.6952324 3.24943328
56.2295799 -36.6990395 3.45467997
56.2262001 -36.7411995 3.72434998
56.2178001 -36.6948662 4.1388998
56.2242012 -36.763401 4.27159977
56.233902 -36.7346992 4.50503349
56.2322998 -36.6662331 4.89286661
56.2397003 -36.7483521 5.08479977
56.2793999 -36.7164001 5.2809
56.243248 -36.7010498 5.4375
56.2897987 -36.7547989 5.87979984
56.2643013 -36.6788673 6.10663319
56.343399 -36.6372986 6.20529985
56.2840004 -36.7952003 6.50710011
56.2439346 -36.7234344 6.67243338
56.2719002 -36.6652985 6.89560032
56.3098526 -36.6795006 7.10739994
56.2873497 -36.7125015 7.34579992
56.2889824 -36.6851387 7.53796005
56.2779999 -36.7213326 7.68823338
56.2582512 -36.6366005 7.90359974
56.2896004 -36.7427673 8.13100052
56.336998 -36.6819496 8.3335495
56.2866745 -36.6949768 8.46037483
56.3246002 -36.7015495 8.70285034
56.3094482 -36.6507492 9.12160015
56.2817001 -36.7314339 9.25266647
56.3139992 -36.7056007 9.51299953
56.3085022 -36.7725677 9.73256683
56.2995529 -36.6789474 9.91015053
56.3143768 -36.660202 10.0701504
56.282547 -36.767601 10.2234001
56.3264008 -36.7296982 10.5204
56.3111496 -36.7506027 10.7112999
56.3381996 -36.7092514 10.9225502
56.3282814 -36.6959801 11.1240196
56.3973999 -36.6484985 11.2480001
56.3456001 -36.6184006 11.6892004
56.206501 -36.4043999 -0.711099982
56.3229523 -36.4949493 -0.174250007
56.3294334 -36.5085678 0.0781666636
56.3828011 -36.4682999 0.366299987
56.3288307 -36.5251656 0.494566679
56.2820015 -36.5388985 0.641499996
56.3003006 -36.5375404 0.901340008
56.2918015 -36.5205002 1.10459995
56.2796974 -36.5588341 1.35106671
56.2923012 -36.5209656 1.51716673
56.2950554 -36.5126839 1.72060001
56.3032761 -36.5109749 1.90962505
56.261898 -36.4818993 2.0697999
56.3080254 -36.529026 2.3369751
56.3101006 -36.4785995 2.46219993
56.3182983 -36.5069008 2.63450003
56.2176971 -36.5153008 2.99084997
56.2242317 -36.5516014 3.11756659
56.2370987 -36.5623016 3.3670001
56.2378998 -36.4783516 3.49970007
56.2248993 -36.5222473 3.60765004
56.2344742 -36.5167007 3.91755009
56.240799 -36.5039673 4.09990025
56.2388 -36.5621986 4.3901
56.2010002 -36.5354996 4.42390013
56.2823486 -36.4818001 4.77019978
56.2518997 -36.5914993 5.11520004
56.2357025 -36.4788971 5.29920006
56.2563019 -36.4803505 5.47070026
56.2505608 -36.4747391 5.90120029
56.2734985 -36.4979477 6.09157515
56.2627335 -36.4606667 6.29876661
56.2574997 -36.483799 6.47520018
56.2947998 -36.4959335 6.69076681
56.2606316 -36.4827652 6.95853329
56.2997971 -36.5159531 7.07979965
56.2537994 -36.4701004 7.22819996
56.2682991 -36.5323334 7.49453306
56.3097763 -36.4227257 7.69127464
56.299202 -36.4783478 7.92405033
56.3017159 -36.4866676 8.12650013
56.3134842 -36.481781 8.5045166
56.3131981 -36.4863739 8.6928997
56.3181 -36.5087738 8.89015007
56.3321991 -36.4188995 9.09259987
56.3370972 -36.4782028 9.29850006
56.2955513 -36.4869499 9.54769993
56.2276993 -36.5061493 9.70335007
56.294899 -36.4984016 9.95020008
56.3146515 -36.5134506 10.1140995
56.3185501 -36.4822502 10.2304497
56.3396225 -36.5042992 10.489275
56.353447 -36.5537033 10.7336998
56.293766 -36.4817314 10.9022331
56.2961998 -36.5331268 11.2921
56.3606987 -36.5470009 11.5727997
56.3508987 -36.5063019 11.6082001
56.2902985 -36.217701 -0.861999989
56.2442322 -36.3238335 -0.300300002
56.3060989 -36.3125992 0.141100004
56.2308006 -36.3240013 0.308299989
56.2122993 -36.2521019 0.486999989
56.2770271 -36.360527 0.713925004
56.2131996 -36.2986526 0.907999992
56.3091011 -36.3250999 1.13017499
56.2046013 -36.2596016 1.25440001
56.2193985 -36.3276482 1.51464999
56.2589493 -36.2961502 1.62014997
56.2344971 -36.2686005 1.91965008
56.2274323 -36.3403015 2.10146666
56.2649994 -36.3888016 2.38210011
56.2504349 -36.3292656 2.51846671
56.2673492 -36.2938499 2.60484982
56.2238998 -36.3577003 2.89152503
56.2220001 -36.3371315 3.07333326
56.2397995 -36.2883492 3.53495002
56.2313347 -36.2440338 3.68356657
56.2378998 -36.239399 3.9539001
56.2464333 -36.2536316 4.14243317
56.2402649 -36.3284683 4.33786678
56.2447014 -36.3908005 4.43270016
56.2381248 -36.3472977 4.74510002
56.2806015 -36.2336006 4.86870003
56.2469673 -36.3071976 5.05320024
56.2639008 -36.3302994 5.25364971
56.2448311 -36.3163643 5.45959997
56.2405319 -36.2847672 5.68513346
56.2334671 -36.339901 5.90656662
56.2655983 -36.3106995 6.1882
56.2613335 -36.2929001 6.3253665
56.2661743 -36.2827492 6.48317528
56.2751007 -36.2005997 6.70249987
56.2893982 -36.2937012 6.91750002
56.2983208 -36.2911606 7.10579967
56.2924004 -36.2604752 7.34857512
56.3157997 -36.3988991 7.45419979
56.2906494 -36.2415504 7.69245005
56.309166 -36.2634659 7.90626669
56.3139496 -36.3729019 8.03824997
56.3330002 -36.3230019 8.27729988
56.3163681 -36.2959671 8.49693298
56.3053665 -36.2548981 8.68413353
56.3039513 -36.2795029 8.92227554
56.2813492 -36.3283005 9.13140011
56.327774 -36.3244247 9.30525017
56.2792664 -36.3142014 9.45580006
56.3179016 -36.3238602 9.69820023
56.3309021 -36.2827988 10.0330505
56.289299 -36.2602997 10.2724495
56.3227997 -36.2641983 10.4618244
56.3352814 -36.3171349 10.7124166
56.3067017 -36.3326683 10.8802671
56.2741013 -36.2537994 11.3140001
56.2966003 -36.2238998 11.5261497
56.2538986 -36.120903 -0.929549992
56.335701 -36.0783005 -0.601899981
56.2322006 -36.160099 -0.233199999
56.2888985 -36.1226006 -0.177100003
56.2143021 -36.0859489 0.655149996
56.2439995 -36.0521011 0.940400004
56.2233505 -36.0069008 1.09605002
56.2258987 -36.0167007 1.21150005
56.2313004 -36.116951 1.49860001
56.2128677 -36.1292992 1.74319994
56.2306976 -36.1886978 1.87940001
56.2262497 -36.1346283 2.04837513
56.2184982 -36.0625229 2.30362511
56.2276993 -36.0806503 2.48379993
56.263298 -36.0657501 2.85599995
56.2334175 -36.1100197 3.09211993
56.2284393 -36.0711212 3.48205996
56.2271996 -36.1142998 3.6493001
56.2333755 -36.1158752 3.94987512
56.233902 -36.0893478 4.03135014
56.2331505 -36.1250496 4.2816
56.2117004 -36.0603981 4.57840014
56.2466011 -36.0822678 4.70673323
56.2219009 -36.1388016 4.90010023
56.2397003 -36.0293503 5.29530001
56.2584991 -36.157299 5.44980001
56.238102 -36.0963669 5.72163343
56.2467003 -36.0412521 5.89340019
56.2546005 -36.1315346 6.02519989
56.2853661 -36.0960655 6.23356676
56.2640991 -36.082634 6.48806667
56.2625999 -36.0747528 6.65444994
56.2842026 -36.0804977 6.88172531
56.2927017 -36.0223999 7.07495022
56.2966995 -36.019001 7.23579979
56.3036003 -36.1373329 7.43779993
56.2957649 -36.0546684 7.66226673
56.3043671 -36.1265678 7.90496683
56.2801971 -36.1359024 8.08060074
56.3085022 -36.1354675 8.32273388
56.2807999 -36.1182022 8.71883297
56.3678017 -36.1797981 8.89750004
56.2762985 -36.0592995 9.07149982
56.3310471 -36.0648003 9.50629997
56.3316345 -36.0938988 9.74136639
56.3119011 -36.0032997 9.94349957
56.3530998 -36.0872002 10.0341997
56.2962265 -36.119873 10.3029499
56.3233986 -36.1050339 10.5246668
56.2956314 -36.0326996 10.6990662
56.3394394 -36.0958595 10.9103003
56.307251 -36.0882988 11.09375
56.398201 -36.0793991 11.5008001
56.3862 -36.1799011 11.6043997
56.2887001 -35.9542999 -0.584500015
56.2178993 -35.9239998 -0.331
56.2182999 -35.8689003 0.602400005
56.2025986 -35.8801994 1.17499995
56.2521973 -35.9351501 1.30400002
56.2110977 -35.9586754 1.90797496
56.2148514 -35.8197021 2.11570001
56.227951 -35.9143524 2.28110003
56.245182 -35.8927307 2.50921679
56.2379684 -35.8569679 2.71339989
56.2313004 -35.9490509 2.9145999
56.2430992 -35.8445015 3.30100012
56.226265 -35.9309998 3.53413343
56.227066 -35.885067 3.72989988
56.2491341 -35.8978348 3.87776661
56.2254982 -35.8308983 4.09630013
56.2397003 -35.9227982 4.2026
56.2500496 -35.8857002 4.47179985
56.2223663 -35.951767 4.86063337
56.2775002 -35.8936996 5.08549976
56.2636032 -35.8504486 5.28095007
56.2672997 -35.9505005 5.53679991
56.273735 -35.8976669 5.89593363
56.2771988 -35.8495483 6.08974981
56.2672729 -35.8877983 6.32495022
56.246151 -35.982048 6.54769993
56.2742996 -35.9022331 6.92589998
56.2863998 -35.8879662 7.12440014
56.2922668 -35.8717346 7.28600025
56.2932739 -35.8926506 7.45907497
56.3321991 -35.9614487 7.71440029
56.3206673 -35.9024315 7.88086653
56.3070259 -35.889225 8.09434986
56.3124008 -35.9099998 8.26639938
56.3235321 -35.8869019 8.52216625
56.2999001 -35.8754005 8.61270046
56.3017006 -35.9033012 8.89542484
56.345932 -35.8846321 9.03329945
56.3268013 -35.8936996 9.3991003
56.303051 -35.8237 9.43235016
56.3106995 -35.8993988 9.9385004
56.3227501 -35.8190536 10.1654501
56.3304977 -35.8472672 10.3247328
56.3341522 -35.8674507 10.5228996
56.3876991 -35.9021988 10.7990999
56.2579002 -35.9410019 10.8125
56.290966 -35.9290009 11.0975332
56.3526993 -35.8792 11.2468996
56.3206482 -35.8809509 11.4922504
56.3614006 -35.8866501 11.63025
56.2473984 -35.714901 -0.4296
56.2374992 -35.657547 0.0964999944
56.2089005 -35.7616997 1.11785007
56.2036018 -35.6679497 1.27539992
56.2098999 -35.6539993 1.49699998
56.2084999 -35.7196007 1.71305001
56.2449989 -35.6450005 1.89950001
56.2500496 -35.7221985 2.09509993
56.2120514 -35.7278519 2.30725002
56.2383003 -35.7304001 2.5482502
56.2024002 -35.7182007 2.61120009
56.2350502 -35.7148743 2.90902495
56.2338486 -35.6924515 3.0634501
56.2437973 -35.7267342 3.32299995
56.2274017 -35.6585007 3.58520007
56.2420006 -35.6800346 3.75783324
56.2360992 -35.6808662 3.92323327
56.2280998 -35.7770996 4.04199982
56.2433014 -35.6762009 4.24499989
56.2361984 -35.6875496 4.42510033
56.2327003 -35.7268486 4.78874969
56.2594986 -35.7127495 4.88885021
56.262001 -35.6931992 5.22389984
56.2649002 -35.7134018 5.704
56.262001 -35.6944008 5.86883354
56.2467003 -35.7146988 6.02409983
56.2768593 -35.6500778 6.32696009
56.2456017 -35.6127014 6.56360006
56.2899017 -35.7388992 6.76499987
56.2851334 -35.7185974 6.90393353
56.3088989 -35.6808014 7.15089989
56.2728996 -35.6914978 7.37080002
56.3139 -35.6379509 7.49145031
56.2750473 -35.6763496 7.73385
56.288868 -35.7174683 7.8998332
56.3046494 -35.7634506 8.11750031
56.2819328 -35.6914673 8.30659962
56.3166504 -35.71035 8.44935036
56.3022995 -35.7526016 8.6857996
56.3307991 -35.6841011 8.9066
56.3341751 -35.7438011 9.09220028
56.2421989 -35.7762985 9.27210045
56.3511009 -35.6375008 9.48139954
56.3567505 -35.6576996 9.66945076
56.3596497 -35.6430969 9.83279991
56.3257332 -35.7308006 10.0626335
56.3296013 -35.6767998 10.2526999
56.3167496 -35.7672501 10.5093002
56.3363991 -35.6497765 10.8480749
56.3293991 -35.7044983 11.0878
56.3157997 -35.7279015 11.3265495
56.2714005 -35.6717987 11.4436493
56.3269005 -35.7681007 11.6098003
56.240799 -35.5861015 0.646200001
56.21735 -35.5135994 0.854550004
56.217701 -35.4104996 1.30309999
56.3022003 -35.5173988 1.44149995
56.2129517 -35.5110245 1.73577499
56.2208481 -35.4991493 1.97060001
56.2257996 -35.451149 2.13590002
56.2286682 -35.5334663 2.36856675
56.2081985 -35.5340004 2.43930006
56.2419014 -35.4313011 2.62109995
56.2420998 -35.5334473 2.94810009
56.2434349 -35.5293999 3.06603336
56.2126999 -35.4361 3.34889984
56.2466316 -35.503334 3.50553346
56.2369499 -35.4985008 3.92584991
56.2399979 -35.5080261 4.11367512
56.2333336 -35.4510994 4.25653362
56.238533 -35.4957314 4.56629992
56.2503014 -35.5293999 4.7335
56.231369 -35.5049667 4.85483313
56.278801 -35.5806999 5.18380022
56.2660522 -35.4626999 5.36285019
56.2331009 -35.5377007 5.45879984
56.2513008 -35.4971237 5.70422506
56.2512016 -35.5229988 5.92859983
56.2557411 -35.5052185 6.12748003
56.2752342 -35.4496651 6.32969999
56.2686005 -35.5031395 6.47065973
56.2582016 -35.4463997 6.66849995
56.3147507 -35.5635986 6.85535002
56.2576981 -35.5077972 7.02594995
56.2742996 -35.4776001 7.30810022
56.3027992 -35.4808006 7.50260019
56.3176994 -35.4994659 7.6831665
56.3056259 -35.5409508 7.91200018
56.2954674 -35.4997978 8.14763355
56.2927589 -35.5620613 8.31315994
56.2881737 -35.480999 8.53234959
56.3050766 -35.4721489 8.73270035
56.3227005 -35.4659004 8.82576656
56.3498001 -35.5125999 9.01490021
56.2794342 -35.5258675 9.25706673
56.3468742 -35.4916763 9.50602531
56.2868004 -35.4542007 9.72970009
56.338768 -35.5403671 9.87763309
56.3260994 -35.5328674 10.0881329
56.3218231 -35.4951248 10.2978754
56.3109016 -35.523365 10.567667
56.3619995 -35.4874992 10.8722
56.2641487 -35.5535507 11.0739002
56.292469 -35.5171318 11.3173666
56.3526993 -35.5195999 11.4820337
56.3246498 -35.5019989 11.6227493
56.2271996 -35.3703995 1.23899996
56.2024994 -35.3829994 1.43429995
56.2392006 -35.2527008 1.73169994
56.2036514 -35.2676468 1.94105005
56.2248688 -35.3001328 2.32373333
56.2318993 -35.3208771 2.51587486
56.2394028 -35.3337021 2.79545021
56.2285995 -35.2914658 2.87039995
56.2243004 -35.3168983 3.0092001
56.2128983 -35.2925987 3.28139997
56.2564011 -35.3082008 3.43199992
56.2285347 -35.3102684 3.6389668
56.2280998 -35.2845001 3.80850005
56.2530975 -35.2918015 4.07019997
56.2260971 -35.2415009 4.28355026
56.2206001 -35.3693008 4.77019978
56.2122002 -35.3354988 4.92320013
56.2417984 -35.3437996 5.02829981
56.2704468 -35.2891006 5.2673502
56.2378006 -35.2584 5.55319977
56.2837982 -35.333149 5.75549984
56.2420006 -35.2043991 5.89400005
56.2958527 -35.2778015 6.33810043
56.287899 -35.3003006 6.73839998
56.3167 -35.2552986 6.95340014
56.2861671 -35.3686981 7.1121335
56.3078995 -35.3451004 7.21799994
56.2888985 -35.3320999 7.57140017
56.2962494 -35.3306999 7.68663311
56.3145981 -35.3361778 7.88961983
56.2901611 -35.3063622 8.09626007
56.2937012 -35.2943001 8.2663002
56.2886505 -35.2849007 8.56785011
56.2640991 -35.3587494 8.77210045
56.2837486 -35.2384987 8.88529968
56.3097343 -35.3386993 9.09860039
56.2971001 -35.3145523 9.26850033
56.351799 -35.2234993 9.52649975
56.301239 -35.3266792 9.72270012
56.3549995 -35.3672981 9.94810009
56.311821 -35.3259392 10.0524006
56.3162689 -35.2931671 10.2664328
56.3120003 -35.2098999 10.5647001
56.3049583 -35.2774811 10.6871195
56.3515663 -35.297966 10.9244337
56.3089523 -35.2526512 11.14715
56.311348 -35.2550507 11.2540503
56.2967987 -35.3087006 11.5419254
56.3134003 -35.0620995 -0.931100011
56.2126007 -35.1423988 0.263799995
56.2047005 -35.0225983 1.15890002
56.2309036 -35.1166496 1.36669993
56.2204323 -35.1554337 1.47896671
56.2168503 -35.0631027 1.73140001
56.2025986 -35.0920982 1.84459996
56.2223015 -35.1135674 2.10213327
56.229599 -35.1075974 2.22660017
56.2029991 -35.1295013 2.96469998
56.2352333 -35.1004677 3.0923667
56.2420998 -35.1701012 3.58159995
56.2362518 -35.0948029 3.72309995
56.2397995 -35.0853004 4.05700016
56.2232513 -35.03545 4.3678503
56.2388 -35.0307007 4.46514988
56.2556496 -35.1467514 4.7118001
56.2490501 -35.1088753 4.9072504
56.2408981 -35.0569496 5.24154997
56.2265015 -35.0550499 5.50530005
56.2651672 -35.1157341 5.89583349
56.2578011 -35.1222 6.11724997
56.2485657 -35.1251335 6.32256651
56.2804184 -35.0919991 6.5085001
56.3258018 -35.0536995 6.67000008
56.2692337 -35.1036644 6.84590006
56.2944756 -35.0768242 7.11977482
56.2819672 -35.1440353 7.31536674
56.2916985 -35.1014328 7.47900009
56.3104019 -35.0591011 7.70226669
56.28965 -35.1450005 7.87839985
56.296917 -35.0833321 8.10955048
56.2732468 -35.139801 8.30694962
56.3335991 -35.0964813 8.47119999
56.27705 -35.0744019 8.73647499
56.3039474 -35.109951 8.94457531
56.2938004 -35.1184006 9.08316708
56.3173256 -35.0871239 9.30459976
56.2961998 -35.1939011 9.57559967
56.3158646 -35.1239662 9.67859936
56.357048 -35.0853004 9.86505032
56.3227501 -35.0672989 10.1118002
56.3429489 -35.1473007 10.2858505
56.3181 -35.123848 10.5239496
56.3499527 -35.0830765 10.7067251
56.3817978 -35.1541977 10.842
56.2498016 -35.0116997 11.0368004
56.3006516 -35.0869522 11.4561005
56.3028679 -34.9086647 -0.059799999
56.2000008 -34.9799004 0.498699993
56.2284012 -34.8451004 0.834900022
56.2276993 -34.9515991 1.16620004
56.2234001 -34.8820992 1.2306
56.2223015 -34.8391991 1.45630002
56.2046738 -34.8832245 1.73994994
56.2234993 -34.9732018 1.91709995
56.2096672 -34.9346313 2.05183339
56.2327003 -34.8871994 2.32610011
56.239399 -34.8535004 2.55150008
56.2430992 -34.9054489 2.67070007
56.205101 -34.9964981 2.81229997
56.2342339 -34.8944664 3.06356668
56.2218666 -34.9350357 3.29450011
56.2362518 -34.8827515 3.48005009
56.2307358 -34.8702316 3.68843341
56.2444992 -34.9161987 3.87689996
56.219101 -34.8848 4.16179991
56.2388992 -34.9642982 4.35249996
56.2319984 -34.8864326 4.49499989
56.2413483 -34.9473495 4.84735012
56.2420998 -34.8465004 5.04995012
56.2696533 -34.8347015 5.50619984
56.259552 -34.8110504 5.93350029
56.2677994 -34.935276 6.12024975
56.2839012 -34.9841003 6.24459982
56.259449 -34.871151 6.48754978
56.2801743 -34.8950996 6.68050003
56.2462997 -34.9107971 6.84815025
56.2867737 -34.9211502 7.04454994
56.3037987 -34.8670006 7.22644997
56.2895203 -34.8927193 7.52712011
56.2856979 -34.9049187 7.73176003
56.2793503 -34.9585991 7.88249969
56.3073006 -34.8684998 8.17430019
56.287632 -34.8969498 8.31005001
56.3200188 -34.8988609 8.48338032
56.3145485 -34.8896828 8.67561722
56.3133507 -34.9600677 8.92453289
56.2020988 -34.9462013 9.01889992
56.3173981 -34.9419022 9.24345016
56.3256989 -34.9265022 9.53009987
56.2514992 -34.8862 9.76509953
56.330368 -34.8784637 9.9066
56.3634491 -34.9099998 10.1292992
56.3074341 -34.9135666 10.3062334
56.3009644 -34.8678665 10.4695663
56.253952 -34.9544983 10.8852005
56.2877655 -34.9249344 11.0982332
56.3443985 -34.9513016 11.2779999
56.3547668 -34.9090347 11.5105667
56.3975983 -34.9511986 11.6365995
56.2019997 -34.6824989 -0.83829999
56.2779007 -34.665699 0.0901999995
56.2032013 -34.7006989 1.15919995
56.2061005 -34.7140999 1.27559996
56.2173004 -34.6793976 1.52075005
56.2207756 -34.7041016 1.88927507
56.2104034 -34.7183495 2.03530002
56.223465 -34.644001 2.32630014
56.219799 -34.722599 2.59540009
56.2398987 -34.7389984 2.70840001
56.2310982 -34.6786003 3.04419994
56.2287979 -34.7028503 3.50029993
56.225399 -34.7787018 3.70475006
56.2492752 -34.6697006 3.89564991
56.2467346 -34.6265984 4.11673307
56.2304497 -34.6488495 4.27664995
56.2546005 -34.7586517 4.55354977
56.257 -34.6859016 4.66379976
56.2442513 -34.7137985 4.90695
56.2438011 -34.6021996 5.28179979
56.2294006 -34.6502991 5.81939983
56.2490005 -34.7356758 6.10682487
56.2750015 -34.7612 6.24370003
56.2695503 -34.676075 6.48652506
56.2817993 -34.7090988 6.63580036
56.2807999 -34.6700974 6.88745022
56.2916489 -34.729351 7.02050018
56.3106499 -34.7401237 7.50387478
56.2521515 -34.7789497 7.94260025
56.2905998 -34.6987991 8.10429955
56.3156013 -34.6900673 8.32059956
56.3077354 -34.7569008 8.51156712
56.3083 -34.6449013 8.78264999
56.3105011 -34.7154999 8.91629982
56.2843475 -34.7098007 9.11784935
56.2986679 -34.739933 9.29353333
56.3070755 -34.6699524 9.49757481
56.3405533 -34.667099 9.63885021
56.2931519 -34.6625977 9.86135006
56.2971344 -34.6545334 10.0895338
56.3059998 -34.7014771 10.3096504
56.3162994 -34.7055511 10.5361004
56.3204002 -34.6060982 10.9140997
56.3329773 -34.6421242 11.09725
56.346077 -34.7130508 11.2888002
56.3073997 -34.7256012 11.5340996
56.2209015 -34.5014992 -0.0200999994
56.206501 -34.4996986 0.130549997
56.2016983 -34.471199 0.337900013
56.2056999 -34.4882507 0.90625
56.2100983 -34.4567986 1.23300004
56.2223015 -34.5970001 1.44760001
56.2257996 -34.5056 1.66330004
56.2192345 -34.5683327 1.93653333
56.2136993 -34.4505997 2.07179999
56.229599 -34.4814491 2.47125006
56.2439003 -34.5704994 2.86999989
56.2428017 -34.5891991 3.07570004
56.2302017 -34.4446983 3.25440001
56.2293015 -34.4955482 3.50710011
56.2602005 -34.4263992 3.7665
56.233902 -34.4933319 3.9313333
56.2444496 -34.5009995 4.08879995
56.242897 -34.5773468 4.34749985
56.2391014 -34.5334015 4.60820007
56.2503967 -34.5306015 5.4850502
56.2565002 -34.4797516 5.65369987
56.2361984 -34.4597015 5.81349993
56.2561989 -34.5648994 6.09579992
56.2437668 -34.4742012 6.3022666
56.2684479 -34.5139999 6.4767499
56.2686005 -34.4501495 6.69484997
56.3007011 -34.5265999 6.91610003
56.2994995 -34.4665489 7.02155018
56.2780495 -34.4773026 7.27710009
56.3474007 -34.4846992 7.49450016
56.3152657 -34.529068 7.70576668
56.3172989 -34.4783478 7.92115021
56.2807007 -34.5470009 8.03129959
56.3540993 -34.5839996 8.3355999
56.2887497 -34.4723511 8.43400002
56.2991524 -34.5211487 8.74880028
56.2732506 -34.4803238 8.89470005
56.2745018 -34.4160004 9.08749962
56.3012505 -34.4998016 9.30994987
56.3142014 -34.5233994 9.53009987
56.3601341 -34.5187988 9.67656708
56.3304176 -34.5363312 9.90083313
56.3157997 -34.4813995 10.1660995
56.3312988 -34.5094986 10.3076
56.3290672 -34.4511986 10.5275335
56.2945023 -34.5394516 10.7019005
56.3526001 -34.4030991 10.8525
56.368248 -34.5299988 11.0727997
56.3322525 -34.428299 11.2809505
56.3187599 -34.5056419 11.5107002
56.3865013 -34.5946007 11.6555996
56.2313004 -34.285099 -0.93599999
56.3674011 -34.2877007 -0.157000005
56.2846985 -34.2192001 0.0983999968
56.2206001 -34.346199 1.28180003
56.2122993 -34.2486 1.59319997
56.2169266 -34.3293495 1.71437502
56.2312012 -34.3619003 1.86749995
56.2064018 -34.3017502 2.09789991
56.2195511 -34.2958984 2.29395008
56.2192001 -34.3899994 2.50510001
56.2086983 -34.3810997 2.89969993
56.2084999 -34.3953018 3.03649998
56.2482986 -34.257 3.57739997
56.2326508 -34.2255478 3.72744989
56.2556992 -34.2518997 4.0085001
56.245903 -34.3439484 4.51125002
56.2841988 -34.3250504 4.93904972
56.2600021 -34.2236481 5.05700016
56.2751999 -34.2126999 5.4678998
56.2767982 -34.2261009 5.78929996
56.2584496 -34.3053017 5.92685032
56.2657013 -34.3342514 6.10839987
56.2689972 -34.3095665 6.51653337
56.3223 -34.3839989 6.73239994
56.2818336 -34.336235 6.90933323
56.2572479 -34.3458481 7.10405016
56.2553673 -34.2738991 7.28356647
56.2889023 -34.2791672 7.48150015
56.3222656 -34.3462334 7.67920017
56.3072014 -34.2713509 7.90054989
56.3227005 -34.2117996 8.01169968
56.2867661 -34.3088646 8.32140064
56.3106194 -34.3130417 8.45359993
56.3212662 -34.2972641 8.67385006
56.2837524 -34.305748 8.9698
56.3086014 -34.266201 9.07600021
56.3409996 -34.2681313 9.28929996
56.3194504 -34.3246498 9.50370026
56.2977982 -34.2856255 9.67544937
56.3092995 -34.323101 9.87757492
56.3532486 -34.3731003 10.1405001
56.3389511 -34.312973 10.2999496
56.3288994 -34.2639503 10.4553499
56.3241997 -34.3569984 10.7853003
56.3162003 -34.3318977 10.9041338
56.3801994 -34.2200012 11.2398996
56.3386993 -34.2890015 11.5207338
56.2893333 -34.0595322 -0.87590003
56.2466011 -34.0814018 0.0599000007
56.2013016 -34.0028 0.511099994
56.2085991 -34.1013985 0.729200006
56.2139015 -34.0663986 1.14810002
56.2028999 -34.0438004 1.38100004
56.2265015 -34.0932503 1.58469999
56.2136002 -34.1317673 1.72466671
56.2217484 -34.0988998 1.93180001
56.2075996 -34.0702019 2.09540009
56.2256012 -34.1197014 2.41849995
56.2210007 -34.1804008 2.88750005
56.2256012 -34.0778008 3.13529992
56.2248993 -34.1386986 3.31389999
56.2462997 -34.1554985 3.88100004
56.2386322 -34.102932 4.12196684
56.2591019 -34.1646004 4.25559998
56.2738991 -34.0597992 4.65859985
56.2564011 -34.0171013 5.18590021
56.2588997 -34.125 5.26889992
56.2915497 -34.0209999 5.47884989
56.2868996 -34.0303001 5.75099993
56.2714615 -34.0526009 6.08579969
56.2842484 -34.1107254 6.50842524
56.2621994 -34.1273994 6.70079994
56.2906494 -34.0569992 6.86584997
56.3130341 -34.1192017 7.06356668
56.3201752 -34.0928764 7.23839998
56.2752991 -34.0858345 7.47593355
56.3228989 -34.1208 7.7803998
56.3372993 -34.1171494 7.87779999
56.3031006 -34.1196404 8.05871964
56.2913322 -34.1158333 8.2748003
56.2931328 -34.1148338 8.46773338
56.2946663 -34.0775681 8.71070004
56.3166008 -34.0559502 8.88210011
56.3106995 -34.1608734 9.12170029
56.3171501 -34.1242981 9.32304955
56.2860985 -34.0158005 9.55169964
56.3011017 -34.0253983 9.79529953
56.3635674 -34.0788345 10.1027002
56.3833008 -34.0112991 10.3678999
56.3162689 -34.0659332 10.4933338
56.2925034 -34.0666504 10.6544495
56.2901001 -34.1747017 10.9511003
56.3307991 -34.0881004 11.3042002
56.3329659 -34.113266 11.5041332
56.3260994 -34.1324005 11.7066002
56.3221016 -33.8488998 -0.0175999999
56.2735977 -33.886734 0.0513333343
56.2120018 -33.9346008 0.837800026
56.2116013 -33.8700027 1.08170009
56.2019005 -33.948101 1.27509999
56.2300987 -33.9229012 1.55964994
56.2446518 -33.8380508 1.79355001
56.227951 -33.959549 1.89514995
56.2333984 -33.9231491 2.17070007
56.2345009 -33.8838005 2.28415012
56.209198 -33.8771973 2.49637508
56.2514992 -33.8554993 2.79320002
56.2261009 -33.8423004 2.98539996
56.2317009 -33.8147011 3.18000007
56.2546005 -33.9696999 3.59759998
56.2430992 -33.8454018 3.73280001
56.2453995 -33.8922005 3.8434
56.2531013 -33.9440994 4.09070015
56.2363014 -33.8450012 4.21619987
56.2603989 -33.9207993 4.46280003
56.2345657 -33.9267654 4.66203356
56.2246475 -33.8673019 4.90899992
56.2645645 -33.9109001 5.11066675
56.2840996 -33.8627014 5.46640015
56.2817993 -33.8417969 5.67964983
56.2411995 -33.9107018 5.95079994
56.2793007 -33.9906006 6.17430019
56.2908669 -33.8989677 6.30310011
56.2768326 -33.9435349 6.50250006
56.2703018 -33.9213486 6.67024994
56.2664337 -33.9172325 6.91419983
56.3102417 -33.8801994 7.28287983
56.2770157 -33.898735 7.46386671
56.290638 -33.8476982 7.69017982
56.2847252 -33.8448029 7.86129999
56.3217239 -33.9632988 8.09242439
56.3008003 -33.8930664 8.31799984
56.3272018 -33.8670006 8.4144001
56.3325386 -33.9338989 8.72891998
56.3057022 -33.9076996 8.81780052
56.3085251 -33.8928986 9.1052494
56.339386 -33.9135132 9.34595013
56.326973 -33.8693008 9.4592247
56.2939987 -33.9099998 9.67642498
56.3566513 -33.862751 9.95120049
56.3496323 -33.9441338 10.0845671
56.2872009 -33.8624496 10.3106251
56.3292007 -33.9961014 10.5909996
56.3354034 -33.9173012 10.7028503
56.3493996 -33.8003998 10.9820995
56.3167992 -33.8757019 11.0087996
56.3672981 -33.8256989 11.2747002
56.3492012 -33.9084663 11.4451666
56.3195992 -33.6199989 -0.387400001
56.2277985 -33.7837982 0.0353000015
56.2285004 -33.7923012 0.842100024
56.2098007 -33.6561012 1.04419994
56.2251015 -33.6343002 1.22070003
56.2126999 -33.7324982 1.54079998
56.2127991 -33.6305504 1.73204994
56.2218475 -33.7616501 1.96055007
56.2565002 -33.6949005 2.12739992
56.2266998 -33.6989212 2.29307985
56.2380524 -33.7350502 2.50160003
56.2178688 -33.7321663 2.72860003
56.2080498 -33.6658478 2.92624998
56.2002983 -33.7853012 3.87689996
56.2588005 -33.6537018 4.04430008
56.2541351 -33.707634 4.32596684
56.2361984 -33.7938004 4.50320005
56.2421494 -33.7445984 4.93569994
56.2658997 -33.6687012 5.27580023
56.2444 -33.7416 5.52370024
56.3047981 -33.6747017 5.78049994
56.2851982 -33.6441002 6.04839993
56.2514992 -33.6355019 6.38679981
56.3432503 -33.7275009 6.57585001
56.2848015 -33.6430016 6.74055004
56.2789345 -33.683651 6.88816643
56.2613983 -33.7042007 7.09730005
56.2909775 -33.657299 7.29069996
56.2917328 -33.7499657 7.49663305
56.3191528 -33.6830978 7.63019991
56.2901001 -33.7584991 7.88239956
56.3226242 -33.6725006 8.07147503
56.3028488 -33.703949 8.25835037
56.321579 -33.6626205 8.70312023
56.3155823 -33.6801987 8.91944981
56.3174973 -33.7182236 9.13780022
56.3120689 -33.7108994 9.49183273
56.3311005 -33.6316986 9.73159981
56.3348503 -33.7441025 9.89865017
56.3279495 -33.7370529 10.1157999
56.3245621 -33.6605186 10.2921
56.3349724 -33.6851158 10.4906282
56.3931999 -33.6705017 10.7559004
56.3069992 -33.6922493 10.9125004
56.3785019 -33.6955986 11.0760336
56.3481979 -33.697052 11.2271004
56.3288994 -33.6922989 11.4921999
56.2736969 -33.5489502 -0.492550015
56.3376999 -33.5792999 -0.135600001
56.2071991 -33.4387016 1.01699996
56.2112999 -33.5521011 1.25269997
56.2069016 -33.5508003 1.48199999
56.2252007 -33.5038986 1.64429998
56.2024994 -33.5427017 1.96089995
56.2000999 -33.5545998 2.26290011
56.2368011 -33.5764999 2.41709995
56.2095985 -33.4561005 2.61560011
56.2094994 -33.578701 2.9921999
56.2097015 -33.5758018 3.1243
56.2345657 -33.5323677 3.86689997
56.2263489 -33.4391022 4.02474976
56.2476006 -33.4029007 4.34719992
56.2458 -33.5468521 4.52869987
56.2302017 -33.5334015 4.74590015
56.2499313 -33.5205345 4.91079998
56.2476006 -33.4740982 5.05834961
56.2501984 -33.516449 5.25450039
56.2711487 -33.459301 5.58259964
56.2787018 -33.4654999 5.70604992
56.2312012 -33.4807014 5.9151001
56.2456017 -33.5677986 6.41550016
56.2738991 -33.4519386 6.76187992
56.2611313 -33.5088654 6.86630011
56.2710648 -33.5343666 7.08426666
56.2775993 -33.4365501 7.30850029
56.3138847 -33.4859161 7.48646641
56.2910347 -33.5169678 7.87336683
56.3028679 -33.4691315 8.02000046
56.3073997 -33.4799995 8.33699989
56.2960396 -33.5259399 8.50949955
56.2936745 -33.4577751 8.67347527
56.3089981 -33.506752 8.86683273
56.3540993 -33.4612999 9.14229965
56.2986984 -33.5891991 9.30599976
56.3709984 -33.4320984 9.54160023
56.3384018 -33.4983978 9.7255249
56.3237 -33.5559998 9.93889999
56.3191986 -33.5247002 10.2853508
56.3647995 -33.4958992 10.5931997
56.3123016 -33.4738503 10.7196999
56.3588676 -33.4475327 11.0928001
56.3186493 -33.517601 11.3297005
56.3355331 -33.4760017 11.4855337
56.3101006 -33.3993988 -0.704200029
56.2470016 -33.3782005 2.12969995
56.2154999 -33.3932991 3.0855
56.2313004 -33.3955002 3.55559993
56.2294998 -33.3838997 3.84439993
56.2402 -33.273201 4.71570015
56.246376 -33.3894005 4.92047501
56.2258987 -33.389801 5.09889984
56.2111015 -33.3434982 5.24510002
56.2056999 -33.2943001 5.51160002
56.2903328 -33.2926331 5.70783329
56.2896996 -33.2877007 5.96330023
56.259201 -33.3545532 6.09325027
56.2933998 -33.3570824 6.29633999
56.2582474 -33.2630997 6.57839966
56.292099 -33.3161011 6.68170023
56.2773514 -33.2961502 6.93655014
56.3122406 -33.3348198 7.13640022
56.2917213 -33.2996407 7.34433985
56.2731476 -33.3237991 7.51679993
56.2844658 -33.2494659 7.69716692
56.2807999 -33.3000412 7.86573982
56.3100662 -33.3031998 8.04956627
56.3731003 -33.3293991 8.3441
56.2902336 -33.2683983 8.48863316
56.3212013 -33.2980499 8.72615051
56.3106003 -33.2941513 8.85440063
56.3207512 -33.3069 9.11816597
56.3433609 -33.3189011 9.33351994
56.305748 -33.284668 9.49600029
56.3214684 -33.2591667 9.72140026
56.3320618 -33.318821 9.88325977
56.3126869 -33.2526855 10.0766001
56.2642517 -33.2947502 10.2881498
56.3311005 -33.2239494 10.459775
56.3928986 -33.2406006 10.6420498
56.2884331 -33.265934 10.9531002
56.3250999 -33.2150497 11.1651497
56.338501 -33.3055 11.3148003
56.3284988 -33.3041992 11.4099998
56.3014984 -33.1567001 7.98579979
56.3269005 -33.1687012 8.20400047
56.3520012 -33.1800995 8.57190037
56.2405014 -33.0852013 8.98700047
56.206501 -33.1621017 9.15929985
56.2462997 -33.1192017 9.35309982
56.2893982 -33.1240997 9.78674984
56.3216019 -33.1346359 10.0823336
56.2543983 -33.1688995 10.5888996
56.3233986 -33.0427017 10.7965002
56.2783012 -33.1014023 11.0892
56.3409004 -33.1091347 11.3051004
56.3862991 -33.081501 11.4927254
56.2466011 -32.9090996 -1.05250001
56.2607498 -32.8937988 11.2902498
56.3925018 -32.9150009 11.5014
56.3065987 -32.9570999 11.6091003
56.3236008 -32.676899 11.3361998
56.3714981 -32.6474991 11.4768
56.2678986 -32.5845985 11.5696001
56.3516006 -32.2489014 -0.974399984
56.3153496 -32.3574982 11.5193005
56.3091011 -32.1531982 -0.993600011
56.3604012 -32.1190987 11.3723001
56.2459984 -32.1657982 11.5393
56.2105484 -32.0947495 11.6840496
56.2248001 -31.9871998 -1.03910005
56.2489014 -31.9155006 11.3621998
56.3096657 -31.9421673 11.5213003
56.3773003 -31.6210995 -1.00370002
56.3540993 -31.093399 2.53239989
56.2506027 -30.8226013 2.30355
56.2214508 -30.6999493 2.07605004
56.2098007 -30.7998009 2.36989999
56.2569008 -30.3153992 -1.0582
56.2106018 -30.2458992 2.2421999
56.221199 -30.0326996 2.37260008
56.2541008 -29.5862999 1.91270006
56.2368011 -29.4746494 2.05014992
56.2725487 -29.4908485 2.49014997
56.2523346 -29.3390331 1.95173335
56.2533989 -29.3001995 2.70440006
56.3921013 -28.8658009 1.37199998
56.3324013 -28.852932 1.49880004
56.2769012 -28.9314995 1.91279995
56.3250008 -28.687851 1.36510003
56.3469009 -28.7274189 1.49442005
56.3340988 -28.2663326 1.68809998
56.2963982 -28.0788002 1.71703339
56.3838997 -27.8540001 1.24249995
56.3717003 -27.8553009 1.86689997
56.2793007 -26.8358002 -1.19200003
56.3265991 -26.6697998 -1.22000003
56.3522987 -26.3631001 -1.25899994
56.2973518 -25.1238499 2.18284988
56.3550987 -25.0970993 2.43249989
56.3181496 -22.9692001 2.49009991
56.2820015 -22.3535004 -1.40929997
56.4391022 -39.9426003 2.43265009
56.4428482 -39.9057999 2.62109995
56.4420013 -39.9039993 9.92510033
56.408699 -39.9611969 10.2749996
56.427948 -39.986351 11.2939501
56.4081993 -39.861599 11.7800999
56.4090996 -39.7737007 2.18670011
56.4096985 -39.6684494 2.29395008
56.4318008 -39.6808014 2.51069999
56.4406013 -39.6992989 11.0844002
56.4168015 -39.637001 11.4651003
56.4549484 -39.6511002 11.7122498
56.4816513 -39.6877518 11.8054504
56.4090004 -39.589901 2.18059993
56.4135017 -39.5410004 2.29239988
56.4034996 -39.5186005 2.52780008
56.4264984 -39.5298004 2.64240003
56.4994011 -39.5042 11.7859001
56.5070992 -39.5010986 11.8053999
56.4590988 -39.3611984 2.46230006
56.4062004 -39.2053986 2.71239996
56.4249992 -39.2969017 9.77770042
56.4165993 -39.2162018 10.5958996
56.4532013 -39.3771019 11.2007999
56.5172501 -39.3059235 11.762825
56.4155998 -39.1495018 10.8428001
56.4883995 -39.157299 11.5756998
56.4992485 -39.0210495 11.6995506
56.5786018 -38.9914017 -0.819199979
56.4477997 -38.901001 2.5460999
56.4334488 -38.950901 11.5187502
56.4606018 -38.8515511 11.7019501
56.5653992 -38.6738014 -0.483999997
56.5559998 -38.6461983 -0.0665000007
56.5569992 -38.6226997 0.709699988
56.4832993 -38.7216988 2.5625
56.4569016 -38.7164001 2.6342001
56.4039001 -38.7443008 10.4031
56.4305992 -38.6734009 10.757
56.4188004 -38.6887016 11.4497995
56.5350266 -38.7156219 11.7224751
56.5483017 -38.5951004 0.877300024
56.4168015 -38.4620018 2.54340005
56.4426994 -38.4277992 11.1899996
56.4151001 -38.408699 11.5390997
56.5069275 -38.4638519 11.7349501
56.4496994 -38.4878998 11.8559999
56.4276009 -38.2532005 2.60419989
56.5213013 -38.3380203 11.7369003
56.5953522 -38.1630478 1.03635001
56.4477997 -38.1525993 2.56579995
56.4440002 -38.1325989 11.2910995
56.4576492 -38.0622025 11.5753994
56.4541512 -38.0633469 11.7238503
56.4048996 -37.9982986 2.52589989
56.4262009 -37.8582993 2.61520004
56.4011002 -37.889801 9.51229954
56.4283981 -37.9203987 10.9775
56.4062004 -37.9180984 11.0923004
56.440731 -37.9180984 11.7051001
56.4941673 -37.7588654 11.7445002
56.4150009 -37.4925995 2.61929989
56.5005417 -37.4664993 11.70784
56.4012985 -37.2854996 2.49040008
56.4045982 -37.3235016 8.14900017
56.4158516 -37.3538513 10.9066
56.498848 -37.3119507 11.7185497
56.4193001 -37.0383987 2.51559997
56.4117012 -37.0914993 10.0950003
56.468399 -37.1170998 11.5915499
56.4860802 -37.047821 11.6924601
56.5924988 -36.8844986 -0.751800001
56.5428009 -36.8688011 -0.49180001
56.5902481 -36.9529991 -0.341149986
56.5430984 -36.8825989 -0.107799999
56.5681 -36.9023018 0.0724999979
56.4817314 -36.8487015 0.262233317
56.5172005 -36.8563995 0.54764998
56.517231 -36.8253326 0.694133341
56.5079002 -36.8081512 1.12405002
56.4085007 -36.8737984 2.57969999
56.4196014 -36.8628998 10.6618004
56.4093018 -36.9519997 10.9027996
56.428299 -36.8485985 11.4832001
56.5126991 -36.957901 11.6913996
56.4278679 -36.7080345 -0.348933339
56.4148674 -36.7366676 -0.112733334
56.4599342 -36.7623329 0.0667999983
56.4108009 -36.7046013 0.231600001
56.4538994 -36.7918015 0.576699972
56.4482994 -36.796299 0.639400005
56.4998016 -36.7743988 0.811550021
56.4382019 -36.607399 1.54069996
56.4468002 -36.6138 1.95360005
56.4856262 -36.6408768 2.28999996
56.4522324 -36.6798668 2.47106671
56.4590988 -36.7546005 2.62199998
56.4151001 -36.7579994 10.2266998
56.4039993 -36.645401 11.4075003
56.4465675 -36.6794662 11.6634331
56.4738998 -36.4991989 -0.416399986
56.5875015 -36.5098991 -0.332500011
56.5001488 -36.4708023 -0.0977500007
56.4560509 -36.4964981 0.0127000008
56.4976006 -36.5203018 0.315100014
56.4999008 -36.4259987 0.658200026
56.5194016 -36.4310989 0.94054997
56.4406509 -36.493 1.30914998
56.4038467 -36.5635986 1.55760002
56.4255981 -36.5009003 1.63069999
56.4095993 -36.5982018 1.99489999
56.4925995 -36.5798988 2.0532999
56.4208527 -36.5530014 2.43104982
56.4306488 -36.5297508 2.75330019
56.402401 -36.5651016 10.0091
56.4081001 -36.5183983 11.2596998
56.4911003 -36.5758972 11.6445503
56.4529991 -36.3741989 -0.824599981
56.4865494 -36.3902512 -0.688050032
56.5790482 -36.260498 -0.512199998
56.5992012 -36.3157997 -0.118900001
56.5185013 -36.3134003 0.369700015
56.4910507 -36.3392487 0.772950053
56.53405 -36.3303986 1.07649994
56.4057999 -36.3983002 8.36540031
56.4454002 -36.2141991 11.1960001
56.4000015 -36.3478012 11.3478003
56.5345001 -36.3676987 11.5713997
56.4787674 -36.2597008 11.6356668
56.4510994 -36.051899 9.52719975
56.4081001 -36.1260986 11.5417004
56.5238991 -36.0181007 11.7017002
56.5531998 -35.9146996 -0.644800007
56.5652008 -35.9123001 -0.435000002
56.4239006 -35.8405991 11.2824001
56.4068985 -35.9037018 11.5922003
56.5343018 -35.8470001 11.6956005
56.4426994 -35.7080994 9.37290001
56.4129982 -35.7891006 10.4680004
56.4320526 -35.7471504 11.2990494
56.4259987 -35.7797012 11.4573002
56.4005013 -35.5102005 7.37020016
56.5281487 -35.5035477 11.5832996
56.4440765 -35.4953232 11.6523495
56.5867004 -35.3069992 -0.736500025
56.5714989 -35.3409004 11.6758003
56.4150009 -35.0223007 11.2096996
56.4501495 -35.160553 11.5195007
56.5499496 -35.1145744 11.6596756
56.4239006 -34.8363991 -0.944400012
56.5632019 -34.9408989 -0.346599996
56.4920006 -34.9636993 0.163499996
56.5642014 -34.8939018 0.307900012
56.4916534 -34.873497 11.58535
56.4896507 -34.9203262 11.6709499
56.4933014 -34.7340012 10.4394999
56.5228004 -34.7667007 11.276
56.5513992 -34.7463989 11.6363335
56.5197983 -34.5323982 11.6458998
56.4454994 -34.2139015 -0.968699992
56.4015999 -34.3740997 9.08570004
56.469799 -34.2303009 10.2964001
56.5065994 -34.2518005 11.0892
56.4956017 -34.2849007 11.3753996
56.5196495 -34.3158264 11.5167751
56.510498 -34.2971992 11.6357994
56.4487 -34.0873985 -0.931599975
56.422699 -34.016201 -0.653800011
56.4808006 -34.1954002 -0.565999985
56.4511986 -34.1794014 10.8815002
56.4224014 -34.1027985 11.0288
56.5704994 -34.196701 11.3573999
56.4410477 -34.0654488 11.5086002
56.4822502 -34.0650024 11.6938496
56.4712982 -33.9196472 -0.692299962
56.4411011 -33.8987999 -0.333899975
56.4580002 -33.8336983 -0.169799998
56.4541016 -33.9411507 11.5764503
56.5135002 -33.8880997 11.6480999
56.4394989 -33.6627998 -0.417899996
56.468399 -33.6417007 -0.300599992
56.4609985 -33.7542 -0.199000001
56.4029999 -33.6175003 10.7270002
56.4251022 -33.7036667 11.5098333
56.4444008 -33.702301 11.6323996
56.5878983 -33.4062996 -0.471799999
56.4738998 -33.5327988 -0.312875003
56.4760017 -33.410099 -0.0976999998
56.4179001 -33.4496002 9.10169983
56.4076996 -33.4194984 9.4005003
56.4053993 -33.5130005 10.1982002
56.4239998 -33.5624008 10.5993996
56.4196014 -33.4900017 11.2098999
56.5180016 -33.5439987 11.5650997
56.4410477 -33.5241013 11.6418495
56.4924011 -33.3558006 -0.218099996
56.4015999 -33.3171997 9.57199955
56.4548988 -33.3916016 9.82740021
56.4127007 -33.3283997 10.6268997
56.4277 -33.3445015 11.2947998
56.4749413 -33.2989388 11.5574799
56.5974998 -33.3777008 11.6025
56.4323997 -33.1649017 9.3586998
56.4211998 -33.1267014 10.1719999
56.4178009 -33.1096001 10.8652496
56.5038986 -33.1935005 11.2145996
56.5057602 -33.1255188 11.4911003
56.5595016 -33.1249008 11.6358995
56.5507317 -32.8610001 11.4776001
56.4253998 -32.6663017 11.2957001
56.4775009 -32.6772003 11.5035
56.5365982 -32.4741974 11.5186005
56.5443993 -32.2742996 11.2109003
56.4339981 -32.2639008 11.5418997
56.4746475 -32.1601486 -1.05435002
56.5138016 -32.0840988 11.5170002
56.4777985 -31.8458996 -1.09150004
56.464901 -31.8598995 11.5649996
56.4262009 -31.6870003 -1.05984998
56.4747009 -31.5942993 -1.0905
56.4687004 -31.2924004 -1.07869995
56.5480995 -30.9860992 2.48589993
56.4351997 -30.7717991 -1.17320001
56.4880981 -30.5349998 -1.1645
56.4776001 -30.533699 2.26725006
56.5522003 -30.3132 2.41109991
56.4590988 -30.1187992 -1.15890002
56.4137993 -29.7691002 -1.13820004
56.4388008 -29.4741001 1.97520006
56.4775009 -29.5064507 2.1563499
56.5347519 -29.3125496 2.04285002
56.5041008 -29.1221008 -1.13740003
56.5138016 -29.1804008 2.0165
56.5632019 -29.1420994 2.73629999
56.5154495 -28.9420509 1.98874998
56.4752998 -28.7835999 1.48609996
56.5251007 -28.719101 1.79809999
56.4338989 -28.4529991 -1.16170001
56.5186005 -28.5433998 1.70449996
56.5054016 -28.3192005 1.72880006
56.5317993 -28.0841999 -1.18060005
56.5373993 -28.1245003 1.7931
56.4681015 -27.8953991 1.32089996
56.5960007 -27.8959999 1.74520004
56.5144005 -27.566967 1.29509997
56.4600983 -27.3747997 1.91320002
56.4952011 -27.1204338 1.53376663
56.5426025 -26.8957005 1.50080001
56.5177345 -26.8918343 1.70869994
56.5197983 -26.8376999 1.88110006
56.5749016 -25.7113991 -1.28649998
56.5440674 -25.4812012 -1.28130007
56.4687996 -25.1662998 2.11459994
56.4613991 -24.7884007 -1.31379998
56.4283981 -24.5879002 -1.33270001
56.5367012 -24.1182003 2.69449997
56.5667992 -23.9846992 3.17339993
56.4525986 -23.0895996 2.17619991
56.5575485 -23.0873508 2.26109982
56.4353981 -22.9375 2.30299997
56.4679985 -22.9561005 2.44099998
56.543499 -21.2609501 -1.47689998
56.5675011 -21.1854 -1.46249998
56.5633011 -20.0349998 3.09360003
56.6923523 -39.959053 -0.771200001
56.7435532 -39.8414497 11.7568493
56.6668015 -39.8701477 11.8555508
56.7455521 -39.7452011 11.7224503
56.7378006 -39.4219017 -0.792699993
56.6847496 -39.5560989 11.7816505
56.7139511 -39.5425034 11.8639498
56.6128998 -39.3753014 -0.80430001
56.7287521 -39.3182526 11.7379999
56.7224998 -39.2771988 11.8199997
56.7943001 -39.1459007 -0.801999986
56.6455002 -39.0653992 11.7361002
56.6896973 -39.1267014 11.8340502
56.6435013 -38.9222984 11.6640997
56.7608986 -38.6851006 -0.323000014
56.6744499 -38.6846504 0.350350022
56.7613983 -38.6483002 0.488200009
56.7383003 -38.6547012 0.797399998
56.763401 -38.6618004 0.882600009
56.6616325 -38.6175652 1.1056
56.6562653 -38.7477341 11.6931
56.7140007 -38.5886993 -0.839999974
56.6946487 -38.4860497 11.7558498
56.7084007 -38.2424011 -0.255299985
56.7967987 -38.3947983 0.221799999
56.7262001 -38.2075996 0.688499987
56.6993484 -38.2344513 0.948199987
56.7067337 -38.2813644 11.7123003
56.7501984 -38.091301 -0.935500026
56.7077332 -38.1485672 -0.672466695
56.6916656 -38.1359329 -0.475366682
56.7332993 -38.1139984 -0.340700001
56.7033005 -38.0702515 -0.0534500033
56.7370796 -38.1286812 0.0743400007
56.7063332 -38.113533 0.272500008
56.6986504 -38.0983505 0.486699998
56.7126999 -38.1292 0.789900005
56.7075348 -38.1067848 0.934650004
56.7525482 -38.0400009 1.09232497
56.7019844 -38.103466 11.7278337
56.661499 -37.9571991 -0.479099989
56.6921997 -37.8715515 -0.326499999
56.6903343 -37.9291344 -0.0872666687
56.6997986 -37.882576 0.0718249977
56.7183189 -37.8864403 0.323679984
56.7372246 -37.9148026 0.488300025
56.7387009 -37.8923035 0.733399987
56.7268982 -37.8835182 0.924099982
56.7444992 -37.9276657 1.05713332
56.6658669 -37.9023514 11.6890001
56.653801 -37.6544991 -0.650666654
56.7052498 -37.7030029 -0.448599994
56.690033 -37.680603 -0.263566673
56.6953659 -37.7020645 -0.0846000016
56.7025337 -37.6709328 0.060899999
56.7047997 -37.7972984 0.215800002
56.7171478 -37.7121506 0.481849998
56.7028008 -37.7369003 0.657100022
56.7219467 -37.7088509 0.953150034
56.7072983 -37.6863022 1.07275009
56.7882996 -37.7798004 11.724
56.7168503 -37.5089493 -0.639600039
56.6838989 -37.538765 -0.450700015
56.6752548 -37.5247726 -0.301914275
56.6823006 -37.4641991 -0.105899997
56.7004242 -37.5336494 0.137474999
56.6959991 -37.5105324 0.307000011
56.7088013 -37.5209503 0.54825002
56.7136002 -37.4375343 0.738900006
56.7256241 -37.5087013 0.885574996
56.6944008 -37.4671021 11.7284508
56.6876526 -37.3246536 -0.664450049
56.6593666 -37.3063011 -0.462233335
56.6908989 -37.3023682 -0.130333334
56.6750984 -37.2902985 0.0544000007
56.6789017 -37.2512016 0.368699998
56.6921501 -37.2813759 0.488099992
56.722599 -37.3974991 0.604200006
56.7291336 -37.2569656 0.920733333
56.7655983 -37.2927513 1.09085
56.6459999 -37.3414001 11.7714005
56.6884995 -37.0613022 -0.654866695
56.6463013 -37.0040016 -0.473800004
56.6673012 -37.1220016 -0.234200001
56.6866493 -37.0792999 -0.0603500009
56.6672516 -37.0706482 0.110400006
56.6786652 -37.0995331 0.340200007
56.6826019 -37.0995483 0.491550028
56.7117004 -37.1490021 0.731175005
56.6920242 -37.0645981 0.872749984
56.7083015 -37.0983009 1.07379997
56.7095985 -37.1269989 11.7076998
56.7150993 -36.9514008 -0.681599975
56.6471481 -36.9705009 -0.432300001
56.6451988 -36.9710503 -0.290450007
56.6195984 -36.8988991 -0.0459333323
56.6588516 -36.8804474 0.1039
56.6593475 -36.8767014 0.281899989
56.7039986 -36.9573021 0.508166671
56.6866989 -36.9447784 0.706399977
56.6898994 -36.9389496 0.86954999
56.7290993 -36.9855003 1.07930005
56.7260017 -36.9202003 11.7121
56.7765007 -36.792099 0.717899978
56.6535988 -36.719799 11.5675001
56.6845016 -36.7076988 11.7407999
56.7224503 -36.4389992 -0.697950006
56.7909012 -36.4311485 -0.516950011
56.6377983 -36.5684013 0.156299993
56.7902985 -36.4011002 0.581900001
56.732399 -36.5331001 11.6550999
56.7678986 -36.3862 -0.665799975
56.6063004 -36.339901 -0.0680999979
56.7240982 -36.3317986 0.141900003
56.7411003 -36.2728004 0.294800013
56.7335968 -36.3262024 0.554849982
56.6805 -36.2871666 1.10446668
56.6741753 -36.3290253 11.6932755
56.6325989 -36.0653 -0.870700002
56.6357994 -36.0818329 -0.688466668
56.6278 -36.0195999 -0.432500005
56.742897 -36.1201019 -0.324000001
56.676899 -36.1163673 -0.127399996
56.7032013 -36.0233994 11.6932001
56.6617012 -35.9474983 -0.811399996
56.6381989 -35.9383011 -0.644400001
56.6786995 -35.8604012 -0.411199987
56.6585503 -35.9179001 -0.257975012
56.6979523 -35.8997765 -0.0900999978
56.7762985 -35.8578033 0.119149998
56.7120323 -35.9237671 11.6795664
56.6793976 -35.7645988 -0.625649989
56.6986008 -35.7420006 -0.52609998
56.6138 -35.6994019 0.137099996
56.6800995 -35.6878014 11.5944996
56.713459 -35.7196999 11.6957798
56.7966003 -35.5863991 -0.618399978
56.7150002 -35.5093994 11.68575
56.6657486 -35.330452 11.6355
56.7087402 -35.0839005 11.6539602
56.760601 -35.0157013 11.8395004
56.7106018 -34.8496017 -0.730599999
56.7123985 -34.9943008 -0.00829999987
56.723053 -34.8945007 0.1391
56.7144012 -34.8981018 0.270700008
56.6607018 -34.9972 11.5650997
56.7042999 -34.8507347 11.6581669
56.7739983 -34.7700996 11.5809002
56.6838989 -34.7308006 11.6213999
56.7375984 -34.4374008 11.5661001
56.675499 -34.4108009 11.6288004
56.7667999 -34.2004013 11.5709
56.7064514 -34.3228493 11.6875
56.6902008 -34.1777 11.3513002
56.7220497 -34.0713005 11.6422005
56.724865 -33.9309006 11.5352335
56.72015 -33.8561478 11.6581497
56.6848984 -33.6379013 11.5393
56.7854996 -33.4403 -0.800999999
56.6972504 -33.4320526 -0.747550011
56.6465988 -33.4048004 -0.42719999
56.6836014 -33.5970001 11.5707998
56.6352997 -33.4833984 11.6276999
56.7360001 -33.3975487 11.5608501
56.7451477 -33.1348 -1.01170003
56.7020988 -33.1198997 11.5594997
56.6904526 -32.9259491 11.5532494
56.7152328 -32.7268677 11.5579338
56.6423988 -32.4920998 -1.06200004
56.6778984 -32.510601 -0.987100005
56.6625786 -32.4978409 11.5508804
56.6930504 -32.2767029 11.5193005
56.6968193 -32.0926399 11.5270805
56.6413994 -31.8868999 11.2992001
56.7617989 -31.9578991 11.5762997
56.7991982 -31.6217995 2.17989993
56.7924004 -31.6392002 2.40980005
56.7151985 -31.5205994 2.29533339
56.7354012 -31.3637009 2.15019989
56.6473007 -31.3017998 2.33500004
56.700901 -31.2777996 2.41989994
56.7812004 -31.1571007 -1.13469994
56.6391983 -31.0977497 2.47179985
56.6338005 -30.9668999 2.43939996
56.7793999 -30.4953003 2.34629989
56.7169991 -30.2777996 2.47860003
56.6677017 -29.5452995 1.8348
56.6134987 -29.4815006 2.13404989
56.726799 -29.4048996 2.23390007
56.6217003 -29.3537006 2.05209994
56.7100983 -29.0713997 2.52999997
56.7137985 -29.0354004 2.64510012
56.635849 -28.7294502 1.77180004
56.6808014 -28.7245998 1.81089997
56.6181984 -28.4652996 -1.20899999
56.6917 -28.5897999 1.70749998
56.6694489 -28.2847748 1.72654998
56.7420998 -28.2427998 2.06990004
56.6725998 -28.2488995 2.20169997
56.6172981 -28.0146008 1.79809999
56.7461014 -28.1112003 2.61089993
56.6361008 -27.9136009 -1.0381
56.7867012 -27.8029003 1.25279999
56.7010994 -27.8409996 1.57710004
56.7294655 -27.8531322 1.70060003
56.782299 -27.8829498 1.87115002
56.6240997 -27.625 -1.19210005
56.723484 -27.6689682 1.33801663
56.6269989 -27.6180992 1.40600002
56.669632 -27.4697323 1.34393334
56.7505989 -27.5176601 1.47873998
56.7387009 -27.2905502 1.56467497
56.7099991 -27.2388 1.63890004
56.7038002 -27.1410007 1.53583336
56.7375488 -27.0184498 1.6721499
56.717701 -26.9249172 1.49768329
56.7079201 -26.89464 1.67457998
56.773201 -26.9146996 1.86380005
56.7116013 -26.7758999 1.35090005
56.6865005 -26.7989006 1.6997
56.6785011 -26.6823997 1.8506
56.7282486 -25.9482002 -1.2608
56.6775017 -25.4929008 -1.30669999
56.7841988 -25.2045994 2.36089993
56.6996002 -25.2066002 2.49920011
56.7271996 -25.0217991 2.33060002
56.7296982 -25.0946007 2.52640009
56.7060013 -25.1702995 2.87590003
56.6619987 -24.9745998 -1.35189998
56.6517982 -24.8533993 1.70169997
56.6817017 -24.9577007 2.9999001
56.6291008 -24.7406998 1.91869998
56.7266006 -24.6758499 2.07940006
56.7748985 -24.2078991 2.99329996
56.7919006 -24.2943993 3.13129997
56.6114006 -24.0184002 3.03189993
56.774601 -23.9263992 -1.37249994
56.7691994 -23.9552994 3.22129989
56.7108994 -23.7364006 2.35430002
56.6203003 -23.4209995 2.11409998
56.6934013 -23.4246998 2.22609997
56.6911011 -23.306675 2.12622499
56.7989998 -23.3672009 2.25469995
56.614399 -23.1422997 2.1730001
56.7406006 -23.1261177 2.30236673
56.6378021 -22.9631004 2.47399998
56.7942009 -22.6438999 -1.40069997
56.600399 -21.6144009 -1.44229996
56.7008018 -21.7138996 -1.39100003
56.7388 -21.3565006 -1.41680002
56.7154007 -20.4330997 -1.42060006
56.781601 -20.2782993 2.75600004
56.6291008 -20.0806007 2.78800011
56.7468987 -20.0230255 2.88962507
56.8373985 -39.7854004 11.7818003
56.9260025 -39.6501007 11.8241501
56.9123993 -39.5014992 -0.819499969
56.8884506 -39.5162506 -0.76335001
56.9201202 -39.5219612 11.7307796
56.8488998 -39.5186996 11.8521004
56.9105988 -39.3288994 -0.827099979
56.8680992 -39.1375999 11.7628002
56.941433 -38.8409653 11.6992331
56.8101997 -38.9241486 11.8456497
56.9393005 -38.6819992 -0.653400004
56.908699 -38.6333008 -0.192100003
56.8548012 -38.6310005 0.353700012
56.8778 -38.639801 0.481700003
56.9258003 -38.6267014 0.686999977
56.9347343 -38.6535645 0.880166709
56.8456993 -38.6116486 1.14314997
56.8832016 -38.6808014 1.22150004
56.9618988 -38.7290001 11.5619001
56.8107986 -38.6389008 11.7383003
56.8781013 -38.5340004 11.5985003
56.9689484 -38.5319977 11.7115993
56.9248505 -38.2943497 11.6972504
56.8865013 -38.103199 1.06420004
56.906601 -38.0601997 11.5993996
56.9113998 -38.1409531 11.6837997
56.9412994 -38.1151009 11.8097
56.8045998 -37.8367996 -0.602299988
56.8135986 -37.9221001 0.864700019
56.8022995 -37.9166985 1.13619995
56.8218002 -37.9944992 1.2155
56.8377991 -37.9790001 11.7175999
56.8782005 -37.9757004 11.8207998
56.9137497 -37.7845993 11.6938496
56.9854012 -37.5852013 -0.832099974
56.8506012 -37.4408989 -0.750899971
56.9202003 -37.4343491 11.7266502
56.9305992 -37.2394981 11.5903997
56.8947601 -37.2928009 11.7315397
56.935585 -37.0819321 11.6943331
56.9678001 -36.9659996 -0.896799982
56.9636993 -36.9702988 0.482899994
56.8483009 -36.8960991 11.5840998
56.9506989 -36.8261986 11.7343998
56.9125977 -36.6790504 11.6903992
56.9151993 -36.4748993 -0.872950017
56.9271507 -36.4829483 -0.642449975
56.8674011 -36.4933014 -0.457700014
56.8162003 -36.5962982 0.999800026
56.8953514 -36.5032005 11.5731506
56.8539238 -36.485775 11.6724253
56.8632011 -36.3387985 -0.790300012
56.9131012 -36.3283005 -0.0421000011
56.9645004 -36.3558998 0.0122999996
56.844799 -36.2932014 0.324400008
56.8391991 -36.3568993 0.523999989
56.8682251 -36.3448753 0.731149971
56.8981018 -36.3155518 0.990499973
56.8740463 -36.288002 1.13065004
56.8906021 -36.2365494 11.5713997
56.9078522 -36.2669983 11.6834507
56.8451004 -36.1730995 11.5473003
56.9574013 -36.1506996 11.6112003
56.8829002 -35.8073006 -0.445300013
56.9980011 -35.8804016 11.4274998
56.9383011 -35.8629532 11.6634502
56.8956985 -35.7419014 -0.404300004
56.8311005 -35.7678986 0.0868000016
56.8908348 -35.6991653 11.643033
56.8678017 -35.516201 -0.815800011
56.9908981 -35.4536018 -0.645900011
56.8971024 -35.4948997 11.6398001
56.9929008 -35.2160988 -0.657400012
56.8899002 -35.3017998 -0.541750014
56.826149 -35.300148 11.5193996
56.9192009 -35.2408981 11.6247997
56.9569016 -35.1421013 -0.811600029
56.9717484 -35.0930023 -0.72815001
56.9617004 -35.0045013 -0.581900001
56.827301 -35.1461983 11.5883999
56.8911514 -35.1022034 11.6809006
56.9765015 -34.9412994 -0.856299996
56.9639015 -34.9436989 -0.584599972
56.884552 -34.959301 -0.0364499986
56.8605499 -34.9476471 0.146050006
56.8893013 -34.6899986 11.6780005
56.830101 -34.4948006 11.5495005
56.9201012 -34.5299988 11.6274004
56.8484993 -34.2629013 11.4268999
56.8836517 -34.255249 11.6653004
56.9646988 -34.1150017 -0.832199991
56.878952 -34.0993996 11.5563002
56.9650002 -34.1057014 11.6232996
56.8465729 -33.8873253 11.5588493
56.8642998 -33.6026001 11.4624996
56.8387985 -33.7551003 11.6800003
56.8569336 -33.4485016 -0.701966643
56.9553986 -33.4786987 -0.591099977
56.8706017 -33.5708008 11.3985996
56.9277992 -33.5314484 11.5573502
56.8175011 -33.3754997 -0.730199993
56.9367981 -33.3961983 -0.554199994
56.8994408 -33.2977791 11.5623798
56.8195992 -33.0401001 11.5382996
56.8908997 -32.8639526 11.5372505
56.8656006 -32.8847008 11.6167498
56.9585342 -32.7220306 11.524334
56.8370018 -32.7457008 11.6316996
56.9379005 -32.4187012 -1.11510003
56.8698006 -32.4513664 11.5327663
56.8419991 -32.4609985 11.6239004
56.8802986 -32.2987518 -1.06620002
56.9136009 -32.318367 11.5225668
56.8316994 -32.0139999 -1.07309997
56.9007492 -32.0860252 11.514925
56.9263 -31.8458004 -1.07029998
56.9028015 -31.6334991 2.33509994
56.8231964 -31.6611996 2.5
56.8125992 -31.5515995 -1.176
56.8929672 -31.5376663 2.35896659
56.9258499 -31.2670994 2.21974993
56.9234009 -31.3792 2.48469996
56.8845978 -31.3399506 2.61824989
56.8609009 -31.1327 -1.07840002
56.9107018 -31.0712337 2.25613332
56.9735489 -30.9365005 2.1157999
56.9361992 -30.7369003 2.28419995
56.9230995 -30.6215992 2.42860007
56.8301506 -30.5785484 2.37765002
56.9673004 -30.0723991 2.1868
56.8748016 -29.1961994 1.54089999
56.9538994 -29.0205002 2.06839991
56.8381996 -29.0480003 2.58780003
56.8406982 -28.9025002 -1.14649999
56.8473015 -28.9158993 1.74810004
56.9383507 -28.7218513 -1.13269997
56.9155006 -28.6721001 1.69630003
56.8630981 -28.7422009 1.84150004
56.9864006 -28.5785999 -1.1437
56.9588013 -28.4731998 2.02480006
56.8349991 -28.2702999 1.79299998
56.8740005 -28.2005005 1.80920005
56.8894005 -28.3283005 2.00979996
56.9277 -28.2103996 2.56609988
56.8796005 -28.0769005 1.61389995
56.8917465 -28.0620995 1.82695007
56.8274994 -28.0750008 2.13820004
56.8241997 -27.8108501 1.28200006
56.8748665 -27.8690338 1.50956666
56.8690987 -27.8428669 1.64829993
56.8616028 -27.8108501 1.82124996
56.853653 -27.7232018 1.29565001
56.9066429 -27.7039146 1.53101432
56.8372993 -27.5114994 1.34739995
56.9077415 -27.5108204 1.49852002
56.8334999 -27.4915333 1.63779998
56.8745995 -27.3287392 1.51196003
56.9497986 -27.3950996 1.67490005
56.882103 -27.1222 1.25320005
56.9134521 -27.1633492 1.55885005
56.8887482 -27.1110001 1.61654997
56.8112984 -26.8591003 1.49580002
56.9421997 -26.9193497 1.7744
56.9807014 -26.7791004 1.71949995
56.9584007 -26.7975998 1.8664
56.9067001 -25.8738003 -1.22259998
56.8979988 -25.6707993 1.68560004
56.9225998 -25.2476006 1.54999995
56.8689003 -25.3633995 1.64629996
56.9406013 -25.1693993 2.68720007
56.8761978 -24.6385994 1.89524996
56.8597984 -24.5704002 -1.3628
56.9449005 -24.5629005 1.77279997
56.9155006 -24.1140995 2.18260002
56.8746986 -24.0261002 2.93319988
56.9822006 -24.1422005 3.07570004
56.9990005 -23.8999004 3.02099991
56.8684006 -23.1574993 2.68350005
56.9846992 -22.9584999 2.41950011
56.967701 -22.0445995 -1.4102
56.9136009 -21.7849998 -1.38859999
56.8068504 -21.4969501 -1.52340007
56.9011002 -21.3801003 -1.50419998
56.8782997 -21.0981998 -1.46420002
56.9049988 -20.0475502 2.2737999
56.9953995 -20.0818005 2.40639997
56.8924026 -20.1040497 2.69049978
56.8995018 -20.0417995 2.88660002
57.137001 -39.9173012 11.7912998
57.040802 -39.9738007 11.8884001
57.0558014 -39.7551003 -0.766499996
57.0994682 -39.7002678 11.7372665
57.151001 -39.5000992 -0.856299996
57.1122971 -39.5419655 11.7305336
57.1610985 -39.3222008 11.7529001
57.0988998 -39.1903 -0.828299999
57.0683517 -39.0396996 11.7225494
57.1386986 -39.0488014 11.8081999
57.100399 -38.8734016 11.7756996
57.1987 -38.6703987 -0.520900011
57.1536484 -38.6624527 0.0698499978
57.1459999 -38.658699 0.558300018
57.1688347 -38.6269989 0.704833329
57.1107483 -38.6102524 0.875149965
57.1156998 -38.6950989 1.23759997
57.0633812 -38.7202415 11.7400398
57.0856018 -38.5980988 -0.736100018
57.1519508 -38.5568008 -0.286949992
57.1377487 -38.5783997 0.00379999983
57.1478996 -38.5419998 0.225099996
57.0615997 -38.5416985 0.685000002
57.1707497 -38.5261002 0.873299956
57.1236 -38.4964981 11.7070999
57.1850014 -38.2666016 -0.836300015
57.1940002 -38.3991013 0.103100002
57.0110016 -38.3704491 11.7268505
57.1268005 -38.0040016 -0.795300007
57.1713982 -38.1477013 -0.39410001
57.0954018 -38.1030998 -0.116099998
57.1829987 -38.1554985 11.7528
57.0622025 -37.8404999 -0.698449969
57.1902008 -37.8451996 1.06389999
57.0827675 -37.8900337 11.7136669
57.0752487 -37.6983032 11.7258501
57.1884995 -37.4567986 -0.822700024
57.1763 -37.4673996 11.5604
57.1182747 -37.5460739 11.7015753
57.1278 -37.3383484 -0.666000009
57.0830994 -37.3630981 -0.523400009
57.1273003 -37.2419014 11.6924
57.1581993 -37.1094017 -0.694599986
57.1953011 -37.1651001 11.5858002
57.1048508 -37.1582985 11.6907005
57.1861 -36.9863014 -0.567099988
57.1147995 -36.8423996 0.289200008
57.1693993 -36.618 -0.91109997
57.1744652 -36.6470985 -0.712599993
57.0133018 -36.7647018 11.5591002
57.0877342 -36.7087669 11.7211666
57.1603661 -36.5144005 -0.887000024
57.0984612 -36.492878 -0.685499966
57.1040497 -36.4266968 -0.503600001
57.1901512 -36.4225502 0.127849996
57.0875015 -36.4986992 0.280099988
57.1076508 -36.527298 11.65555
57.0256004 -36.3045998 -1.02900004
57.1369514 -36.3629494 -0.714300036
57.1362 -36.3807983 -0.566200018
57.1511002 -36.3852005 -0.262800008
57.1817017 -36.3931007 -0.0907000005
57.1729012 -36.2559013 0.0258000009
57.1487999 -36.3451004 0.291099995
57.056675 -36.3283997 0.503724992
57.1035614 -36.3184204 0.688260019
57.0812683 -36.3334999 0.893700004
57.074501 -36.2757988 11.6329002
57.0676994 -36.1314507 -0.919350028
57.0917511 -36.0798492 11.6452751
57.0875664 -35.8999825 11.6868668
57.0904999 -35.6375008 11.7424002
57.1755981 -35.5685997 -0.96390003
57.0767517 -35.458252 11.5748005
57.075634 -35.5278015 11.6513329
57.0920982 -35.237999 -0.755500019
57.1404991 -35.3445969 -0.383300006
57.1118011 -35.2706985 -0.184699997
57.1755981 -35.3536987 11.7149
57.0508003 -35.1958008 -0.709999979
57.1777 -35.0036011 -0.439799994
57.1501999 -35.169899 -0.157399997
57.0887985 -35.0880318 11.6300001
57.0269012 -34.8502007 -0.968400002
57.0258331 -34.8408012 -0.688766658
57.0732994 -34.9536018 -0.590300024
57.1783981 -34.9897995 -0.0648000017
57.0872002 -34.9822006 0.186499998
57.0461998 -34.9410019 11.6512003
57.1497993 -34.7938004 -0.750699997
57.1960983 -34.6694984 -0.558300018
57.155201 -34.7647018 -0.313899994
57.0363998 -34.6055984 11.5733004
57.1051025 -34.6460991 11.6394501
57.1371002 -34.4534988 -0.826200008
57.1297646 -34.5426331 -0.664766669
57.1814995 -34.4346008 11.5980997
57.0045013 -34.4329987 11.6035995
57.1706009 -34.3713989 -0.672100008
57.1908989 -34.2494011 -0.550999999
57.0953979 -34.0402489 -1.02254999
57.1463013 -34.0977478 -0.851199985
57.1021004 -34.097599 11.5611
57.0908241 -34.1130981 11.6555996
57.0140991 -33.8918991 -0.98269999
57.1521988 -33.8558998 -0.567700028
57.0785484 -33.8726997 11.5699501
57.1889 -33.7303009 11.5410004
57.1133995 -33.6810989 11.6049995
57.0391998 -33.4698982 -1.03489995
57.1693001 -33.4757004 -0.832700014
57.1097488 -33.5184479 -0.68840003
57.1428986 -33.450901 -0.541000009
57.1254501 -33.5135994 11.4960995
57.0181999 -33.3036995 11.5601501
57.1179504 -33.3372993 11.6490002
57.0996017 -33.1855011 11.5584002
57.1544495 -33.1568985 11.7042999
57.0965652 -32.9113655 11.5321331
57.1350327 -32.6983986 11.5049334
57.1870995 -32.4431992 -1.0862
57.0853004 -32.5034981 11.5130005
57.153801 -32.5428009 11.6625996
57.1204987 -32.3139992 -1.04676664
57.1228485 -32.3022995 11.5188503
57.095562 -32.1059189 11.5158195
57.1030235 -31.9611759 11.508275
57.1184006 -31.8201008 11.7217999
57.0798988 -31.6741009 2.34159994
57.1668015 -31.4888 -1.09739995
57.0868492 -31.4542007 2.34859991
57.0793533 -31.5340004 2.46570015
57.0359001 -31.2469006 -1.05400002
57.0401993 -31.2859001 2.39980006
57.0681496 -31.0841007 2.32495022
57.0507011 -31.1271992 2.56439996
57.0738983 -30.8227005 2.1716001
57.0786018 -30.6977997 2.10369992
57.1944008 -30.7098007 2.32139993
57.1133995 -30.5060997 2.11630011
57.1498985 -30.2173004 2.0631001
57.0598984 -30.0471001 2.12599993
57.1037521 -29.887825 2.04620004
57.0182991 -29.8645 2.20709991
57.163002 -29.7006989 2.07315016
57.0178986 -29.7362995 2.2183001
57.0732994 -29.5832005 -1.171
57.1761017 -29.2290001 2.13940001
57.0932999 -29.1506004 -1.15349996
57.085701 -29.0345001 2.07454991
57.1800995 -29.1574993 2.48670006
57.0312004 -28.9687004 1.98450005
57.1165009 -28.7292995 -1.15450001
57.0788994 -28.6644001 1.98930001
57.1306 -28.7443008 2.07824993
57.1229019 -28.0890503 1.86067498
57.0093002 -27.9139004 1.71039999
57.1397018 -27.8755245 1.88547492
57.0794983 -27.6562996 1.52320004
57.1109009 -27.691 1.64963329
57.1753006 -27.6813507 1.86119998
57.1001015 -27.4290009 1.58729994
57.0662498 -27.2934494 -1.27250004
57.111702 -27.229599 1.57274997
57.1082993 -27.3274002 1.62160003
57.0031013 -27.1686001 -1.18990004
57.1893005 -27.0283508 1.74784994
57.0848007 -27.0559502 1.85605001
57.0090485 -26.9072495 1.71600008
57.1703987 -26.9298 1.84829998
57.1440506 -26.528801 -1.25650001
57.1828995 -26.0321007 1.8786
57.1018982 -25.9533997 -1.28180003
57.1725998 -25.8889999 1.87370002
57.0679016 -25.1163998 -1.28620005
57.1813011 -25.1735992 0.978999972
57.1515999 -25.1921005 1.07179999
57.1587982 -25.1466999 1.22169995
57.0901985 -24.5261993 1.56729996
57.1433487 -24.5091 1.70000005
57.0699997 -24.5228004 1.80299997
57.0083008 -24.3185005 -1.36919999
57.1699982 -24.0319996 1.72619998
57.1534004 -24.1986008 2.27180004
57.1711998 -24.1653996 3.03789997
57.1921005 -23.8997993 1.59230006
57.1974983 -23.7583008 2.04209995
57.1736984 -23.5317001 2.3828001
57.1458015 -23.3610001 2.14669991
57.1437683 -23.3491001 2.30150008
57.0630493 -23.1006012 2.24440002
57.0157013 -23.1042004 2.66910005
57.0615005 -21.9109993 -1.46074998
57.1500015 -21.7679996 -1.4339
57.1016006 -21.1683006 -1.45340002
57.1218033 -20.2449989 -1.46794999
57.1409988 -20.0266991 2.36100006
57.0611992 -20.0568504 2.69509983
57.0660019 -20.0050507 2.85344982
57.3330345 -39.9170685 11.8664999
57.2734985 -39.7452011 11.7803001
57.235199 -39.4375 -0.781099975
57.3021317 -39.5342674 11.7735329
57.213501 -39.2310486 11.7026501
57.3548012 -39.3676987 11.8542004
57.2954483 -39.1252975 11.7378998
57.2996521 -38.9289017 11.7549496
57.2547989 -38.6291008 -0.939599991
57.2993774 -38.7134514 -0.684475005
57.2765007 -38.685833 -0.502699971
57.2893982 -38.7038498 -0.080400005
57.302433 -38.690834 0.0784333348
57.2851181 -38.7009811 0.288300008
57.2975998 -38.6452484 0.442099988
57.315567 -38.6626663 0.698599994
57.3222504 -38.6097488 0.905249953
57.2807999 -38.6596985 1.05877995
57.3381004 -38.6351013 1.26160002
57.3353996 -38.7672005 11.8091002
57.2407455 -38.5086784 -0.698055565
57.2672997 -38.4482994 -0.518100023
57.2500992 -38.514061 -0.297659993
57.2547531 -38.4233513 -0.0488499999
57.2705994 -38.4057007 0.177599996
57.2537003 -38.501503 0.327250004
57.2372742 -38.5449219 0.540875018
57.2736015 -38.4864998 0.752499998
57.2677193 -38.4919815 0.933539987
57.3285408 -38.5378418 1.13116002
57.2765999 -38.4735985 11.7212
57.3348656 -38.3137016 -0.87559998
57.2299995 -38.3156013 -0.612100005
57.2291336 -38.2411652 -0.501900017
57.2364998 -38.3161011 -0.29855001
57.2680817 -38.3080597 -0.0767199993
57.2967339 -38.3304329 0.157900006
57.2560349 -38.2998352 0.343433321
57.2660522 -38.2303467 0.555500031
57.2750664 -38.2938347 0.927733302
57.326725 -38.2971992 1.14050007
57.3388329 -38.2554321 11.7376671
57.2399979 -38.1575012 -0.874950051
57.2507019 -38.0248985 -0.789900005
57.2625313 -38.0705338 -0.522300005
57.2556 -38.094101 -0.300000012
57.2445984 -38.0121002 0.075000003
57.3080826 -38.1162491 0.337766677
57.2901154 -38.1170845 0.488849998
57.2854767 -38.0794487 0.659874976
57.3219986 -38.1624985 0.873199999
57.3318253 -38.1128235 1.11944997
57.3279991 -38.0859985 1.23749995
57.3135986 -38.1142502 11.7635994
57.2518768 -37.9173737 -0.857725024
57.2507973 -37.9339981 -0.675833344
57.2146988 -37.8101006 -0.519500017
57.2709236 -37.9424515 -0.105700001
57.2645493 -37.9211502 0.0833500028
57.2862663 -37.8689995 0.319499999
57.2825241 -37.9141998 0.520850003
57.3009987 -37.8838501 0.762099981
57.3294525 -37.9152374 1.10780001
57.347599 -37.9986 1.21010005
57.2724495 -37.8880501 11.7341003
57.2574005 -37.6114006 -0.926100016
57.2591476 -37.7314987 -0.663424969
57.2599983 -37.7918015 -0.128900006
57.2829514 -37.7722015 0.0641499981
57.2353516 -37.7652512 0.306450009
57.3602982 -37.6240005 0.530300021
57.3126984 -37.7322998 0.948099971
57.3110504 -37.7089348 1.08383334
57.3098335 -37.7165985 11.705534
57.3094025 -37.4405975 -0.853349984
57.2765007 -37.5234985 -0.734200001
57.2218018 -37.4811478 -0.590049982
57.2717018 -37.4530983 -0.239399999
57.2932014 -37.4710503 0.123549998
57.3203011 -37.4925003 0.220799997
57.2621994 -37.5723 0.567499995
57.2797356 -37.5076675 0.952633321
57.3395805 -37.537899 1.07858002
57.2957993 -37.4258499 11.6925001
57.2794647 -37.2784348 -0.855333328
57.2467499 -37.3258972 -0.710100055
57.3019485 -37.2417488 -0.581849992
57.2321014 -37.346199 -0.291399986
57.267952 -37.3253021 -0.066399999
57.2580986 -37.3862 0.00359999994
57.2331467 -37.2061501 0.30430001
57.2722015 -37.2925987 0.503400028
57.3694 -37.2840996 0.792699993
57.2547531 -37.3680496 0.890150011
57.3222389 -37.2509422 1.07148004
57.2274017 -37.1040001 -1.04849994
57.2951508 -37.1146507 -0.914200008
57.2436981 -37.0027008 -0.725000024
57.2555313 -37.036335 -0.495466679
57.2492523 -37.0954971 -0.0993999988
57.2822495 -37.072052 0.0974999964
57.3310013 -37.1246986 0.291500002
57.273201 -37.0109024 0.448449999
57.3294983 -37.0419502 0.634850025
57.3089218 -37.0724258 1.10334992
57.2513657 -36.876133 -0.85799998
57.2077484 -36.8551025 -0.760050058
57.2307014 -36.9096985 -0.493800014
57.247551 -36.8516006 -0.302950025
57.2891502 -36.959549 -0.036650002
57.2714005 -36.8268356 0.126866668
57.2687149 -36.8845673 0.270783335
57.2625999 -36.8588486 0.451950014
57.2458267 -36.904274 0.663774967
57.2645988 -36.8452988 0.984200001
57.3222275 -36.886776 1.06017494
57.2299004 -36.740097 -0.870000005
57.2296982 -36.7314491 -0.723700047
57.2504005 -36.7373009 -0.510500014
57.2333984 -36.6222 -0.368200004
57.2434235 -36.6910477 -0.129724994
57.287735 -36.7106667 0.28973335
57.2496338 -36.6764679 0.510566652
57.2646866 -36.68433 0.697828591
57.2771339 -36.6411667 0.921599984
57.3466988 -36.6220016 1.10570002
57.3943024 -36.6939011 11.6998997
57.2183533 -36.5107994 -0.852299988
57.27005 -36.550251 -0.710500002
57.2569008 -36.5149994 -0.447099984
57.274868 -36.5131989 -0.274699986
57.2431259 -36.499176 -0.108800001
57.2536469 -36.4927521 0.156599998
57.2825012 -36.4981422 0.290928572
57.2698326 -36.4472313 0.481933326
57.2508659 -36.5466003 0.710466683
57.3000336 -36.5310669 0.946883321
57.3278198 -36.5103798 1.1171
57.3758507 -36.5051498 11.6607504
57.2238007 -36.3711014 -0.729700029
57.2584991 -36.2789001 -0.351700008
57.2405014 -36.3106995 -0.0576499999
57.216301 -36.2888985 0.0595999993
57.2529259 -36.3686256 0.329899997
57.2378502 -36.3247986 0.491649985
57.262825 -36.3377228 0.694575012
57.2378311 -36.328598 0.908433318
57.2892189 -36.3043022 1.06783998
57.2492981 -36.2402 11.5606003
57.2831001 -36.2914009 11.6705999
57.2668991 -36.1847 11.5873003
57.3188019 -36.0766983 11.6357002
57.2603989 -35.8106003 -0.968299985
57.2920494 -35.9366493 11.6404753
57.2443008 -35.7261009 -1.06449997
57.3239517 -35.7466011 11.6646996
57.233799 -35.5298004 11.5408001
57.3294983 -35.4505997 11.6491003
57.2990494 -35.3355484 11.6898499
57.3028984 -35.165699 -0.964999974
57.2310028 -35.0135498 -0.310450017
57.2901993 -35.0834503 11.6436005
57.3964996 -34.8693008 -0.989899993
57.3041992 -34.8663483 -0.443350017
57.2708015 -34.8617668 -0.273766667
57.2667503 -34.8749008 -0.150350004
57.2798004 -34.844101 0.0322000012
57.3093491 -34.8811493 11.6581001
57.2755661 -34.6756668 -0.517399967
57.2679672 -34.7253342 -0.348066658
57.2691994 -34.7321472 -0.132249996
57.2649002 -34.7123032 0.0346999988
57.2354012 -34.6185989 11.5909996
57.2440987 -34.7984009 11.6073999
57.2793503 -34.5184479 -0.886049986
57.3378983 -34.4094009 -0.694599986
57.2574005 -34.5147018 -0.545699954
57.2859802 -34.4766808 -0.293480009
57.3118591 -34.4685402 -0.112599999
57.3132019 -34.4746017 0.0649999976
57.2036018 -34.4874001 11.3635998
57.3261986 -34.2961006 -1.00915003
57.2891998 -34.2321472 -0.88775003
57.2448502 -34.2164001 -0.678149998
57.2896194 -34.2883682 -0.544466674
57.295269 -34.3070679 -0.286733329
57.3129997 -34.2378006 -0.126900002
57.2845001 -34.2071991 11.5363998
57.3908997 -34.2491989 11.6419001
57.344799 -34.1515007 -1.06099999
57.2972984 -34.1358986 -0.823499978
57.2754784 -34.1119385 -0.651979983
57.320385 -34.1256027 -0.461666673
57.3411484 -34.0592995 -0.319799989
57.3567009 -34.039299 -0.177000001
57.3151016 -34.1238022 11.5433998
57.3162994 -33.940567 -0.5248667
57.3603745 -33.9281006 -0.292750001
57.3689499 -33.9385757 -0.109250002
57.2401505 -33.9222031 11.5750999
57.3706017 -33.7910995 -1.02939999
57.3703499 -33.6916008 -0.445450008
57.3959007 -33.6123009 -0.370299995
57.2932014 -33.656868 11.5313997
57.2048988 -33.4817009 -0.910700023
57.3216019 -33.501976 -0.692175031
57.2988815 -33.5071182 -0.54246664
57.2561989 -33.4544525 11.6110001
57.2782516 -33.2952003 11.47435
57.3981018 -33.0662003 -1.06780005
57.3398018 -33.0606995 11.5028
57.3580017 -33.0970993 11.6192999
57.2260017 -32.9625015 -1.04550004
57.2729988 -32.9049339 11.5124998
57.3468018 -32.6267014 11.3947001
57.2869034 -32.7331505 11.5609999
57.3067245 -32.3422737 11.5174751
57.3240509 -32.1728516 -1.11055005
57.3044014 -32.0643005 11.5228004
57.3203011 -31.6436005 2.3361001
57.3512993 -31.6193008 2.44180012
57.2382011 -31.2348003 2.32780004
57.3828011 -30.9386997 2.31620002
57.2963028 -30.9015999 2.46720004
57.2591019 -30.1651993 1.94379997
57.3023987 -30.1765995 2.49099994
57.3997993 -29.5132008 1.65110004
57.3041992 -29.5013008 1.87419999
57.359848 -29.3428497 1.9760499
57.3342018 -29.2605991 2.04979992
57.2622986 -29.3476505 2.28509998
57.2939987 -29.1800003 1.99520004
57.3082504 -29.1009502 2.16070008
57.3353004 -28.8341007 1.72140002
57.3384018 -28.9540005 1.83369994
57.3777008 -28.9190006 2.12660003
57.2630005 -28.9640999 2.4374001
57.3284988 -28.7886009 1.74689996
57.2590675 -28.6751995 1.89049995
57.2754669 -28.4855328 1.85826671
57.3031998 -28.5827007 2.45849991
57.2953987 -28.2035999 2.05069995
57.2886505 -28.1681499 -1.23309994
57.2701988 -28.0594006 1.97109997
57.2378006 -27.9057503 1.89170003
57.3628998 -27.7369003 1.57490003
57.2283478 -27.7481003 1.88999999
57.3258018 -27.6949997 2.21930003
57.2985992 -27.5124664 1.72210002
57.3088493 -27.4885006 1.82544994
57.280899 -27.2476006 -1.11370003
57.3240585 -27.2727795 1.73181999
57.3265991 -26.9822998 1.93710005
57.3186989 -26.6513996 -1.28639996
57.2832985 -26.5440998 -1.29330003
57.2568016 -26.3341007 -1.25849998
57.3694992 -25.7824001 -1.29209995
57.2799988 -25.3103008 -1.34210002
57.2793999 -25.2518997 1.17490005
57.3471489 -25.0927505 1.08472502
57.3418999 -25.1777992 1.2342
57.3931007 -24.9689007 1.19860005
57.2839012 -24.5084 -1.36619997
57.3204002 -24.4995003 1.60549998
57.2224998 -24.4818001 2.12420011
57.2052994 -24.343399 -1.31729996
57.3827019 -24.3868008 1.62240005
57.3754005 -24.3036003 2.97440004
57.3066025 -24.0827999 2.9293499
57.3401985 -24.0536995 3.69749999
57.2053986 -24.0007 3.98320007
57.3013992 -23.9538002 1.74559999
57.3894997 -23.9908009 2.98979998
57.3082008 -23.6219997 1.4849
57.2977982 -23.6089001 1.86259997
57.3917999 -23.6030006 3.11500001
57.3666992 -23.446701 1.68729997
57.3512001 -23.3243999 2.28699994
57.3069992 -23.0986004 2.2881
57.3044014 -22.2889996 -1.46220005
57.2076988 -21.6896992 -1.43610001
57.325901 -21.3796997 3.06520009
57.3563995 -21.1257 2.23049998
57.3484993 -20.9239998 2.59590006
57.3777008 -20.5492992 -1.50380003
57.3835983 -20.2642994 2.6796
57.3965988 -20.1012001 -1.49880004
57.3157005 -20.0062008 2.0611999
57.5413017 -39.9374008 -0.77759999
57.4465027 -39.9538002 11.8353004
57.4920998 -39.7422981 -0.810699999
57.4452019 -39.6529999 11.8290005
57.4812012 -39.4546013 11.8706999
57.5097008 -39.3501015 -0.8301
57.4154015 -39.0838013 11.7744999
57.5461998 -39.0912018 11.8313007
57.5293999 -38.8690491 -0.853999972
57.4065018 -38.8121986 11.7552004
57.4614983 -38.8955002 11.8843994
57.4721985 -38.6856003 -0.322600007
57.4504013 -38.6453018 11.7938995
57.4500008 -38.7456512 11.8521996
57.4664993 -38.4995003 -0.890500009
57.4743004 -38.4846001 1.22759998
57.5278015 -38.3243484 -0.861249983
57.412899 -38.3774986 11.7554998
57.4020004 -38.2047997 11.8318996
57.4659004 -38.1234512 11.7532501
57.4448509 -37.8694992 11.7573004
57.4768982 -37.7624016 11.6584997
57.513401 -37.6968002 11.8170004
57.4561005 -37.4517517 -0.90139997
57.4785995 -37.2307014 11.7943001
57.5867996 -37.3366013 11.8142004
57.5145988 -37.0536995 -0.8495
57.5097008 -37.1538467 11.7779503
57.545433 -36.8339348 -0.915533304
57.4350014 -36.8642006 1.16620004
57.5073509 -36.9053497 11.7520504
57.5026016 -36.713501 -0.955799997
57.4752502 -36.78265 11.7360497
57.4331017 -36.4403992 1.13590002
57.4536018 -36.5900002 11.7909002
57.4306984 -36.2986984 11.7007999
57.5868988 -36.0161018 -1.14310002
57.4163513 -36.1380501 11.6771002
57.428299 -35.7753983 11.6967001
57.5460014 -35.6741982 11.8292999
57.4581985 -35.4303017 11.2494001
57.4426994 -35.5122681 11.6774673
57.4445992 -35.2901993 -0.965600014
57.47015 -35.2965469 11.7014503
57.5530014 -35.0152016 -1.0273
57.4516487 -35.0634995 11.6856003
57.5170517 -34.9829483 11.7395
57.5521011 -34.6551018 11.7356005
57.521801 -34.6222 11.8295002
57.4125977 -34.4597473 -0.478200018
57.4636002 -34.4470406 11.6755199
57.5138016 -34.2159996 -0.894999981
57.5233002 -34.2915001 11.7568998
57.4285011 -34.1029015 -0.996800005
57.5076447 -34.1307716 11.6813288
57.5256004 -33.971199 11.7538996
57.503952 -33.675251 -1.06314993
57.4367981 -33.6035004 -0.563399971
57.4105988 -33.6374016 -0.154400006
57.4347992 -33.6717987 0.0308999997
57.4814987 -33.6497002 11.5588999
57.5609016 -33.7745018 11.8564997
57.4314995 -33.5937996 -0.4111
57.4422989 -33.5561981 -0.276650012
57.4373016 -33.5546989 -0.0671999976
57.4081993 -33.4132004 11.5396004
57.5306473 -33.1144485 11.7299747
57.4295998 -32.8453979 -1.10385001
57.5163994 -32.8656998 11.7216997
57.4110985 -32.6064987 -1.23380005
57.4528999 -32.7292671 11.5452003
57.5611 -32.759201 11.6503
57.4561996 -32.5708008 11.3640003
57.524601 -32.4452019 11.6542997
57.5189018 -32.4014015 11.8478003
57.4624023 -32.2715988 11.5771999
57.5191002 -32.3046989 11.6905003
57.4550018 -32.1749001 -1.0431
57.4810982 -32.0459251 11.5354252
57.425499 -31.9792995 11.5103998
57.5909996 -31.6441994 2.3111999
57.5543518 -31.4911995 2.2815001
57.4311981 -31.344101 -1.10880005
57.457901 -31.1121006 2.26090002
57.5660019 -31.1093006 2.46399999
57.5438995 -30.9431 2.29390001
57.4635468 -30.7114506 2.15390015
57.4592018 -29.4232006 1.58410001
57.4712982 -29.4244995 1.74539995
57.5029411 -29.2691803 1.70044005
57.591301 -29.2938995 1.81260002
57.5010986 -29.2171993 2.3059001
57.5149002 -29.0419006 1.91755009
57.4482002 -28.9291992 1.76789999
57.4688988 -28.7441006 2.32430005
57.5187988 -28.7756996 2.47679996
57.5271988 -28.2120991 1.9461
57.5615997 -28.3747997 2.28559995
57.4802017 -28.1235008 1.9296
57.5433502 -28.0931492 2.12514997
57.4047012 -27.941 -1.21210003
57.4262009 -27.8554993 2.06349993
57.4761314 -27.7010994 1.926
57.5225983 -27.7763004 2.27870011
57.5235519 -27.5361252 1.68229997
57.5495987 -27.5112 2.09080005
57.5144997 -27.5722008 2.44989991
57.5592995 -27.3402004 1.76209998
57.4585495 -27.0902004 1.78804994
57.4299011 -27.1865997 1.83510005
57.5192986 -26.9343987 1.89475
57.5469017 -26.6644001 2.02080011
57.4155006 -25.8920994 -1.36619997
57.5362015 -25.6931 -1.30439997
57.5021019 -25.2479992 1.13769996
57.4614029 -25.2516518 1.23880005
57.4283981 -25.0971489 1.17895007
57.4820557 -25.0983562 1.30261421
57.4640007 -25.0354004 1.47870004
57.5920982 -25.0867996 2.95429993
57.5525017 -25.0862999 3.13389993
57.5046005 -24.8302994 -1.3937
57.5163689 -24.9151001 1.26196671
57.5145988 -24.7052994 2.98230004
57.551899 -24.0167999 3.23009992
57.5014 -24.0128002 3.99390006
57.5180511 -23.865799 1.24005008
57.4318008 -23.8099003 1.95159996
57.4067993 -23.9493008 3.80310011
57.4718018 -23.844101 4.00579977
57.5774002 -23.7394009 0.936500013
57.5295982 -23.6313 1.2895
57.4031982 -23.7703991 3.25029993
57.4331017 -23.7546997 3.82130003
57.5513 -23.5690002 0.820500016
57.5691986 -23.4888992 1.33959997
57.5181999 -23.5249004 1.55350006
57.4791489 -23.4911003 1.70019996
57.5643997 -23.4174004 1.82379997
57.405899 -23.2777996 -1.42690003
57.5369987 -23.3465996 1.86530006
57.5447006 -22.869833 -1.38313329
57.5839005 -22.7206993 -1.37269998
57.5811996 -22.5137005 -1.41709995
57.4555016 -20.8393993 -1.50010002
57.4300003 -20.7751999 2.30890012
57.5693016 -20.5081005 -1.55420005
57.5224991 -20.4347992 2.82660007
57.5833015 -20.2985992 2.51230001
57.5541992 -20.0468006 2.04859996
57.6973 -39.8263016 -0.860800028
57.7602005 -39.7490997 -0.854099989
57.7476006 -39.4407997 -0.851100028
57.6464005 -39.2783012 -0.845399976
57.6445503 -39.1162987 -0.880599976
57.6006012 -38.7913017 -0.975899994
57.7112999 -38.5984001 -0.87349999
57.6986008 -37.6685982 -1.09689999
57.7084007 -37.6809006 -0.934400022
57.6485519 -37.4361992 -0.933799982
57.6214981 -37.1875992 -0.934800029
57.6955986 -36.8932991 -0.956099987
57.6744003 -36.4453011 -0.99059999
57.7784996 -35.7458992 -0.978699982
57.7341995 -34.9183998 -1.10689998
57.729599 -34.6907005 -1.03100002
57.6002007 -34.6604996 11.4820004
57.6436005 -34.4922981 -1.04530001
57.7089996 -34.1791 -1.02769995
57.7902985 -33.2683983 -1.09459996
57.7303658 -32.9154015 -1.08360004
57.678833 -32.5069656 -1.09399998
57.6495018 -32.3307991 -1.23029995
57.6948318 -32.3408356 -1.09300005
57.6012001 -32.2654991 11.4917002
57.6654015 -31.7047005 2.37380004
57.6612015 -31.7805996 2.48889995
57.703083 -31.5278511 2.33835006
57.7305984 -31.3787003 2.30710006
57.6503983 -31.2110996 2.50399995
57.6251984 -31.0415001 2.42050004
57.7481003 -30.9234009 2.13019991
57.7547989 -30.7127495 1.96210003
57.6986351 -30.6621666 2.06360006
57.717701 -30.6782494 2.26380014
57.7742004 -30.5925007 2.24370003
57.7994995 -30.2103996 1.66589999
57.7305984 -30.2049007 2.31139994
57.7531013 -30.3346996 2.86109996
57.7565002 -30.1889 2.30739999
57.7416992 -30.0398998 2.45469999
57.7901001 -30.0456009 2.64129996
57.6882019 -29.8197994 -1.18169999
57.7854996 -29.4599991 -1.11469996
57.7238007 -29.3651009 -1.36489999
57.699852 -29.2987003 -1.10535002
57.6960983 -29.2369995 1.50294995
57.6976013 -29.2381001 1.67470002
57.6399994 -29.1548996 -1.13909996
57.6553993 -29.1406994 1.71150005
57.7855988 -29.1821003 2.44140005
57.6683998 -28.9307995 -1.1846
57.6786003 -28.8974991 2.36330009
57.7384987 -28.6380997 -1.17270005
57.7453995 -28.6921005 2.42420006
57.6393013 -28.4221001 1.99829996
57.6959 -28.4388008 2.3836
57.7798004 -28.5172997 2.43219995
57.6403999 -28.3654003 1.94280005
57.7420006 -28.2570992 2.16680002
57.7239532 -28.2996502 2.31444979
57.6879005 -28.3838997 2.43429995
57.6954346 -28.1248665 2.30766678
57.6486015 -28.0902996 2.41120005
57.7403984 -27.9734001 -1.2744
57.6796646 -27.9062347 1.93059993
57.7478333 -27.8726673 2.32556653
57.7445984 -27.8626003 2.5862
57.6279984 -27.7378006 -1.21080005
57.7756004 -27.4412994 1.597
57.6509018 -27.5559998 1.81509995
57.6231995 -27.2402 1.77170002
57.701149 -27.3160496 1.90770006
57.7402992 -27.2612 2.00209999
57.7535019 -27.184 1.92390001
57.6632004 -27.0093002 2.02080011
57.638134 -26.9233665 1.93343329
57.7633018 -26.8024006 2.9447
57.6439018 -26.7266998 1.96350002
57.7620659 -26.7262669 2.06879997
57.7158012 -26.3064003 -1.26830006
57.7611008 -26.0526009 1.48269999
57.7262001 -26.0935001 2.0381
57.6805 -25.9661999 -1.33539999
57.7113991 -25.2166004 -1.36520004
57.6104012 -25.2131004 1.26209998
57.759201 -25.2733994 1.45480001
57.6417999 -25.2049999 3.31680012
57.6548004 -25.2360992 3.46989989
57.7237015 -25.0291004 3.19770002
57.6954994 -25.0759506 3.2418499
57.7238998 -25.0464001 3.45280004
57.7033997 -24.4888 1.63900006
57.7464523 -24.2140999 0.940450013
57.7989998 -24.2758999 1.07200003
57.6185989 -24.1340008 0.909699976
57.7072983 -24.0615005 1.43719995
57.7486 -24.0004997 3.94199991
57.7154999 -23.9156342 0.903500021
57.658268 -23.9260674 1.04299998
57.7694016 -23.9267998 3.53760004
57.7504997 -23.9001007 3.87770009
57.695343 -23.7151146 0.894928575
57.7188988 -23.7882004 1.11049998
57.6034012 -23.6569004 1.54949999
57.6991997 -23.6068001 1.67470002
57.7923012 -23.6254005 3.3822
57.7641983 -23.4384995 -1.44360006
57.6969986 -23.4246006 -1.19729996
57.7090988 -23.5590496 0.972249985
57.7966995 -23.4304008 1.32389998
57.6660004 -23.4382 1.79540002
57.7769012 -23.4057999 1.93710005
57.6573982 -23.4340992 2.08270001
57.646801 -23.3351994 1.74300003
57.6921997 -23.0832405 1.90111995
57.7830009 -23.0272999 2.20129991
57.6335983 -22.9351006 -1.44420004
57.7228012 -22.9489002 -1.37899995
57.668602 -22.9601498 1.87654996
57.7386017 -22.9473 2.28649998
57.7102509 -22.7132759 -1.42447495
57.6304016 -22.5123997 -1.41030002
57.6664009 -22.3936005 -1.45439994
57.7265015 -21.7728996 2.61500001
57.6193008 -21.4323006 2.49510002
57.6725006 -21.2553997 2.20180011
57.7728996 -21.1329002 1.78079998
57.6767998 -21.1970997 2.12030005
57.6489983 -20.4496994 -1.51040006
57.6086006 -20.5886002 2.08179998
57.7762985 -20.2262001 1.77550006
57.6690483 -20.205101 2.05879998
57.6407013 -20.1415997 -1.51489997
57.6403008 -20.1396999 1.71399999
57.7472992 -20.0923004 1.90789998
57.8486023 -39.4689026 -0.902549982
57.8227997 -38.966301 -0.922500014
57.8186989 -38.6871986 -0.896200001
57.9191017 -38.2775993 -0.922599971
57.8093987 -38.1520996 -1.0223
57.8759003 -38.077652 -0.942449987
57.8595009 -37.5534515 -0.955350041
57.8744011 -37.1497993 -0.948899984
57.8335991 -36.6962013 -0.920400023
57.969799 -36.3984985 -0.971899986
57.8223991 -35.8979988 -0.976400018
57.8744011 -35.7489014 -1.02339995
57.9080505 -35.6739006 -0.976150036
57.9494019 -35.3684998 -1.00479996
57.9831009 -34.7402 -1.04340005
57.8866005 -34.268898 -1.0462501
57.9362984 -34.1402016 -1.04639995
57.8992004 -33.7338982 -1.08519995
57.8902016 -33.399601 -1.08870006
57.9936981 -32.5003014 -1.24909997
57.9705009 -31.8442993 2.38860011
57.9360809 -31.9074211 2.45641994
57.9420662 -31.6954994 2.4357667
57.9562988 -31.4619007 2.13569999
57.9880981 -31.5876999 2.37350011
57.8293991 -31.5284004 2.40149999
57.8353004 -31.2152004 2.15359998
57.8691254 -31.3329506 2.27182508
57.84095 -31.2123489 2.45090008
57.8372993 -31.1089993 2.35540009
57.8846664 -30.8421345 2.29623318
57.9021988 -30.9088001 2.41109991
57.8785019 -30.7621002 -1.17540002
57.8932991 -30.6592999 2.00900006
57.8368492 -30.6990013 2.2890501
57.8814011 -30.7224007 2.44370008
57.8650017 -30.4088993 -1.12230003
57.9071503 -30.5595512 1.9605
57.8320999 -30.2798004 -1.18859994
57.9547997 -30.296051 1.70795012
57.9055519 -30.2799511 2.10124993
57.9850998 -30.3799 2.5381999
57.8684006 -30.0970993 1.58060002
57.9004402 -30.1008797 1.67087996
57.8562012 -30.1982994 2.03489995
57.8521004 -30.1068993 2.29869986
57.9740982 -29.8955994 -1.18499994
57.9630013 -29.9286995 1.54639995
57.9995995 -29.8684006 1.61940002
57.8050003 -29.9255009 2.03069997
57.8642998 -29.9993 2.57620001
57.9897995 -29.7744007 -1.1523
57.9875984 -29.7887993 1.89390004
57.8128014 -29.7672005 2.14680004
57.956501 -29.7147007 2.69910002
57.9528999 -29.5412502 -0.880650043
57.9626007 -29.4846001 -0.694500029
57.8609009 -29.5615005 2.63409996
57.9536514 -29.3884506 -1.12409997
57.9856987 -29.3488998 -0.916299999
57.9076004 -29.2338009 1.37339997
57.8721161 -29.269083 1.47606659
57.9816017 -29.2366009 2.74020004
57.9613991 -29.1896 1.17610002
57.9402008 -28.8178005 -1.23699999
57.9427986 -28.8934002 1.80499995
57.9213982 -28.9631996 2.51200008
57.9178009 -28.6653004 1.6293
57.8526001 -28.6466999 2.41070008
57.9765015 -28.4284992 1.91059995
57.8927002 -28.5466995 2.38319993
57.8627014 -28.3057995 1.82019997
57.9054489 -28.3120003 2.23285007
57.8460999 -28.2618008 2.43770003
57.8614998 -28.0365009 1.9813
57.9023514 -28.0311012 2.32595015
57.8586502 -28.0835495 2.50889993
57.8885002 -27.8913002 -1.2191
57.8718491 -27.6647491 2.10284996
57.9037209 -27.7405796 2.30218005
57.9528999 -27.4482002 1.56289995
57.9351349 -27.4926338 2.13993335
57.8554001 -27.581501 2.29725003
57.9908981 -27.3845005 1.454
57.9919014 -27.2835007 1.90680003
57.9622002 -27.2458992 2.00309992
57.9369011 -27.3834 2.22079992
57.9499016 -27.0496006 1.88320005
57.952301 -27.1389999 2.09920001
57.8801003 -26.8889008 2.17280006
57.9726982 -26.8859997 2.24530005
57.9771004 -26.6973991 -1.30239999
57.8818512 -26.7070007 2.08157492
57.9137993 -26.2213001 1.57739997
57.8165016 -26.2064991 1.70350003
57.8902016 -26.2000999 2.16680002
57.8731651 -26.1653328 1.6857667
57.9990005 -25.8409004 2.08389997
57.9544983 -25.7273502 2.13119984
57.9351006 -25.4342003 -1.33879995
57.8890533 -25.2556496 -1.38964999
57.9239998 -25.2318993 1.35750008
57.8709984 -25.3053341 1.48773336
57.9510994 -24.9815998 -1.40110004
57.9280472 -24.8828506 3.11295009
57.9296989 -24.5251007 0.977299988
57.957901 -24.5736008 3.59030008
57.9048004 -24.3146992 0.818000019
57.8734322 -24.2616329 1.02030003
57.837101 -24.3442993 1.25100005
57.8737984 -24.1516991 0.939300001
57.8998756 -24.1101494 1.05054998
57.8484001 -24.0562 1.84679997
57.9875984 -23.8190002 -0.818300009
57.857399 -23.8714008 -0.664900005
57.8775482 -23.9242496 0.965999961
57.9361 -23.8661327 1.05263329
57.8595009 -23.8115997 3.51250005
57.8758011 -23.8772507 3.68184996
57.9707985 -23.7117996 -1.18830001
57.9873009 -23.7283001 0.929899991
57.8936501 -23.7765503 1.06089997
57.8344002 -23.6839008 1.22660005
57.9192505 -23.6721992 1.77419996
57.8507996 -23.6874008 1.95729995
57.8967018 -23.6322994 2.96709991
57.8134003 -23.7078991 3.08319998
57.9837036 -23.5002499 -1.42245007
57.9764481 -23.4264488 -1.27030003
57.9829025 -23.5237007 -1.15474999
57.9295006 -23.4333992 1.29509997
57.9576988 -23.5021 1.88059998
57.8097 -23.5324993 3.21700001
57.9214516 -23.2733002 -1.37440002
57.978199 -23.3768005 1.11849999
57.9901009 -23.3362999 1.25610006
57.8526497 -23.312851 1.77244997
57.8246994 -23.2047005 1.85520005
57.8017006 -23.3917007 2.16120005
57.9253006 -23.3057995 2.42790008
57.8148994 -23.1393509 1.91394997
57.8161011 -23.0438004 2.26165009
57.8801498 -23.0112 2.50934982
57.9042511 -22.8772507 -1.47595
57.8796997 -22.9118004 2.37700009
57.8560982 -22.6697998 -1.54449999
57.8334999 -21.6672001 -1.46749997
57.9250984 -21.4041004 -1.50450003
57.8176994 -21.0426006 -1.50109994
57.8404007 -20.8537998 -1.48699999
57.9094009 -20.7334995 1.44159997
57.9543991 -20.6550007 1.70959997
57.8941002 -20.5268993 -1.50160003
57.9197006 -20.4174995 1.83599997
57.8848991 -20.4754009 2.21950006
57.8605003 -20.2150993 -1.54830003
57.8638992 -20.1956005 1.75880003
57.9138985 -20.0415993 1.83019996
58.063797 -39.8965988 -0.851400018
58.0335999 -39.651001 -0.879599988
58.0564003 -39.4443016 -0.905799985
58.1506996 -39.2913017 -0.932299972
58.0966492 -38.9346504 -0.948549986
58.0880013 -38.6283989 -0.902700007
58.1983986 -38.4357986 -1.09749997
58.1844482 -38.2774506 -0.936500013
58.0028992 -37.8013992 -0.952700019
58.0576477 -37.5058517 -0.948650002
58.0443001 -37.2299995 -0.954100013
58.0568008 -36.1808014 -1.07340002
58.1576004 -36.0637016 -0.985499978
58.1151009 -35.9285011 -1.00779998
58.0718994 -35.7909012 -0.993099988
58.1830521 -35.4852982 -1.07410002
58.1780014 -35.0978012 -1.03359997
58.0778503 -34.9486008 -1.03644991
58.0975494 -34.7552986 -1.06019998
58.1041985 -34.5481987 -1.04139996
58.1301994 -33.9331512 -1.07225001
58.0864983 -33.6837006 -1.12769997
58.0292015 -33.3540993 -1.11810005
58.1523018 -33.2684212 1.91252005
58.1269989 -33.2104988 2.12260008
58.1165009 -33.1917992 1.88049996
58.1131248 -33.1147499 2.10847497
58.0551987 -32.2874489 -1.12610006
58.0365982 -32.0499001 -1.13139999
58.0863991 -31.8946991 -1.14059997
58.0731812 -31.8820992 2.50765991
58.1211014 -31.8188 2.62800002
58.0888519 -31.7306499 2.47972488
58.0960999 -31.4787998 2.45725012
58.1194 -31.2324009 2.38050008
58.1049004 -31.2963676 2.41903329
58.1148987 -31.1504002 -1.14339995
58.0345001 -30.9274006 2.30480003
58.1024017 -30.8041 2.41880012
58.0295982 -30.7917004 2.14630008
58.0842323 -30.691267 2.30736661
58.0812149 -30.4986343 2.3547833
58.0041008 -30.2523003 2.1724
58.1015511 -30.287674 2.49697495
58.1711998 -30.1902008 -1.09459996
58.0704994 -30.0333004 2.16059995
58.1264496 -30.1521988 2.28075004
58.0708008 -30.0293007 2.46499991
58.1274986 -29.9538994 -1.21580005
58.0693016 -29.8796005 -1.12940001
58.0768509 -29.8577499 1.71510005
58.0908508 -29.7231503 -1.06395006
58.0839005 -29.7078991 -0.979300022
58.1749992 -29.6326008 2.54500008
58.1006317 -29.5538673 -1.0738833
58.1069412 -29.5096607 -0.95134002
58.1077003 -29.4622002 -0.692000031
58.1846008 -29.5293999 -0.4208
58.199501 -29.5358009 2.70580006
58.1818008 -29.3976994 -0.57160002
58.072567 -29.3465996 -0.338433325
58.1865997 -29.3376007 -0.149599999
58.0917969 -29.3439999 0.0981000066
58.1924019 -29.2357006 0.208399996
58.0387993 -29.2127991 1.17219996
58.1165009 -29.3490009 1.42470002
58.1080017 -29.2271004 1.64590001
58.1268005 -29.28965 2.67880011
58.0774002 -29.1205997 0.950200021
58.1791992 -29.1787491 1.27819991
58.1152496 -28.8534012 -1.25625002
58.1054993 -28.8356991 2.4763
58.1437988 -28.8490009 2.67919993
58.1711006 -28.5270004 1.94239998
58.1791992 -28.5233002 2.0302
58.0810318 -28.5303001 2.71029997
58.0503006 -28.2940998 -1.24440002
58.0098991 -28.3439007 1.93359995
58.1231995 -28.3194008 2.06469989
58.0766983 -28.2805996 2.65159988
58.1091003 -28.1238995 1.95519996
58.1560516 -28.0820999 2.11894989
58.1005478 -28.1525002 2.72200012
58.1688004 -28.1051998 2.87280011
58.1736984 -27.8880005 1.96504998
58.0819016 -27.8775997 2.54405022
58.081749 -27.8640499 2.67219996
58.125 -27.9511662 2.8585
58.0071983 -27.7155991 -1.24979997
58.1442986 -27.6889 1.98670006
58.1278648 -27.7222996 2.28789997
58.0676498 -27.4231987 1.58050001
58.1842995 -27.5711002 1.7306
58.0287018 -27.4421997 2.10820007
58.0110016 -27.5582008 2.24650002
58.1618004 -27.2838001 1.79910004
58.1838989 -27.2639008 1.86029994
58.0468674 -27.2752991 2.0808332
58.0694351 -27.2709332 2.26370001
58.0028992 -27.1229992 1.77569997
58.1393013 -27.1861 1.91789997
58.0684509 -27.172451 2.12260008
58.1568756 -27.0564499 2.27527499
58.0139008 -26.8178005 1.97739995
58.109333 -26.8578339 2.23919988
58.0900269 -26.6656246 2.18085003
58.0485992 -26.7030487 2.23909998
58.0498352 -26.4518986 2.15499997
58.1212502 -26.5369987 2.22520018
58.0783005 -26.2724991 -1.33329999
58.1797981 -26.2035999 1.21360004
58.0822983 -26.2129993 2.14299989
58.1027336 -26.322834 2.23123336
58.1461983 -26.0338993 1.84689999
58.1591988 -25.9218998 1.6099
58.108799 -25.9643002 2.1637001
58.1049995 -25.6819 1.60570002
58.1469994 -25.7127991 2.07999992
58.0189018 -25.5809994 -1.36889994
58.1703987 -25.5589008 1.31309998
58.0624008 -25.5942001 1.9727
58.1175003 -25.5029488 2.08589983
58.110199 -25.2579002 -1.38849998
58.1856995 -25.3539009 1.35810006
58.0597343 -25.3412991 2.0491333
58.1856995 -25.0258007 3.1703999
58.1777 -24.9221001 3.08039999
58.1043015 -24.6704006 0.817300022
58.0298996 -24.6821995 1.6918
58.1323013 -24.5706997 0.747200012
58.0971794 -24.5105991 0.885399997
58.1652985 -24.2476997 -1.45379996
58.0309982 -24.3169498 0.894449949
58.017601 -24.2735004 1.09220004
58.0826988 -24.1357994 -1.36909997
58.174099 -24.0760002 0.127900004
58.0051003 -24.1881008 0.938799977
58.1963005 -24.0284004 1.50909996
58.1699982 -23.8623505 -1.07515001
58.1885986 -23.8582993 -0.852999985
58.1036987 -23.8495998 -0.504666686
58.1935997 -23.8700008 -0.368600011
58.0719986 -23.8749008 1.10479999
58.0438004 -23.9347992 3.58450007
58.1809006 -23.9808006 3.78850007
58.1343575 -23.6881561 -1.27281427
58.1585236 -23.6988754 -1.05445004
58.1248245 -23.7313499 -0.906324983
58.1842003 -23.7975006 -0.426999986
58.0714188 -23.5248795 -1.36396003
58.1052475 -23.47085 0.918500006
58.085701 -23.5611 3.03859997
58.0135994 -23.3729992 -1.52629995
58.1563492 -23.250351 0.916399956
58.0437012 -23.2794991 1.12639999
58.0730019 -23.2444 1.29219997
58.1374016 -23.3549995 2.7104001
58.0065994 -23.1089001 -1.37969995
58.1797028 -23.1238499 1.10840011
58.0318985 -22.6299992 -1.41050005
58.0382004 -22.5063 -1.48959994
58.0555992 -22.3929005 -1.49720001
58.0632019 -22.2849998 2.70970011
58.103199 -22.0562 1.70319998
58.0164986 -21.8269997 2.3736999
58.1693001 -21.7723007 1.84379995
58.1722984 -20.7206993 -1.49450004
58.1575012 -20.6672993 1.77030003
58.0630989 -20.6177006 1.84650004
58.0200996 -20.5771999 1.59660006
58.0205994 -20.5639992 1.69869995
58.0158005 -20.5380993 1.88030005
58.1184998 -20.5652008 2.00740004
58.0624008 -20.3083 2.00550008
58.1024017 -20.0244999 1.12399995
58.0643997 -20.0851002 2.0086
58.2966995 -39.8415985 -0.894900024
58.2773018 -39.2888985 -0.900600016
58.2000008 -38.9439011 -0.899800003
58.2099991 -38.3530006 -1.01069999
58.2755241 -37.932251 -0.952849984
58.2216988 -37.5331993 -0.959800005
58.2341499 -37.0800476 -0.987950027
58.212101 -36.8841019 -0.981700003
58.3422012 -36.6576996 -1.00539994
58.3983002 -36.2024994 1.13789999
58.3693008 -36.031601 -1.1286
58.3555527 -36.1609497 1.33780003
58.3284988 -35.5634003 -1.03219998
58.3935013 -35.3518982 -1.04400003
58.2933998 -35.1983986 -1.07179999
58.3647003 -34.6487999 -1.07149994
58.3722992 -34.2995987 -1.09720004
58.3204994 -34.1133995 1.74895
58.3837013 -33.9847984 -1.13740003
58.3710022 -33.8694 1.76289999
58.2098007 -33.6091995 1.71280003
58.2512321 -33.4621658 1.85080004
58.3319473 -33.3093491 -1.11520004
58.260067 -33.3573341 1.86899996
58.3419991 -33.358799 2.01460004
58.2116013 -32.6831017 -1.12740004
58.3069 -32.5312996 -1.09549999
58.3535995 -31.6560001 2.47729993
58.331501 -31.5841999 2.38050008
58.2709007 -31.4496002 2.45779991
58.230999 -31.3581009 -1.13409996
58.2597008 -31.2187004 2.21720004
58.3031654 -31.2563992 2.44276667
58.2382011 -31.0132999 2.39240003
58.3197021 -31.0863323 2.45603323
58.3963013 -30.8162994 -1.12639999
58.2001991 -30.8407001 2.36999989
58.3238487 -30.7248001 2.4857502
58.270401 -30.6576996 2.61960006
58.3748016 -30.4694004 1.59710002
58.3232994 -30.5133991 1.65859997
58.3951988 -30.4974995 2.61490011
58.3180504 -30.2625008 -1.16299999
58.3015251 -30.2801743 2.53174996
58.2843018 -30.3982506 2.67995
58.3171997 -30.0953007 -1.2148
58.3614235 -30.1505508 2.55902505
58.3897018 -29.8775997 2.57735014
58.3921013 -29.6077995 -1.17630005
58.2226982 -29.6308002 -0.723699987
58.2555008 -29.6646996 1.699
58.2089005 -29.7863007 2.59960008
58.2961998 -29.6898003 2.67824984
58.2276001 -29.5970001 -0.676100016
58.2080994 -29.4083004 -0.431400001
58.2435226 -29.490675 -0.281650007
58.2954483 -29.4859505 -0.0952499956
58.3120003 -29.428051 0.1558
58.2830009 -29.4509335 0.313300014
58.3389015 -29.4064007 0.631900012
58.2587013 -29.4062004 0.922500014
58.354599 -29.4083004 1.08780003
58.3891983 -29.4081993 1.30200005
58.2521019 -29.5333996 1.45679998
58.327301 -29.4372005 2.6652
58.2376671 -29.3753662 -0.306400001
58.2821007 -29.3644753 -0.0837249979
58.2629623 -29.3267994 0.0823799968
58.2882195 -29.2971401 0.308519989
58.3184624 -29.2932758 0.484425008
58.2833252 -29.2751007 0.662800014
58.3091011 -29.2643204 0.870140016
58.3385811 -29.2551594 1.06509995
58.3351212 -29.3048401 1.27698004
58.3916016 -29.3402996 1.42359996
58.3829002 -29.3386002 1.66180003
58.3497009 -29.1277008 -1.21329999
58.2833481 -29.1905003 0.469599992
58.2756996 -29.1854 0.648999989
58.3077011 -29.1919003 0.971700013
58.3436356 -29.1517658 1.16126668
58.3218002 -29.1608009 1.48010004
58.3018761 -29.1464005 1.69599998
58.3126984 -29.0387993 2.53849983
58.3693008 -29.1079006 2.69720006
58.3041992 -28.8998508 2.54200006
58.2621994 -28.9440002 2.70939994
58.3908997 -28.6793995 -1.18970001
58.3675003 -28.7005005 1.91240001
58.2588501 -28.7243004 2.44134998
58.3195992 -28.7766991 2.71000004
58.243 -28.4552994 -1.28320003
58.3055 -28.4953995 1.74909997
58.3543015 -28.4780998 2.09429979
58.3069992 -28.4729004 2.35855007
58.3607483 -28.47995 2.50505018
58.3883018 -28.4827003 2.87039995
58.3218994 -28.3866997 1.8836
58.2723999 -28.3033333 2.05093336
58.3189316 -28.3302002 2.49456668
58.2434998 -28.2695999 2.60745001
58.3432007 -28.3458004 2.91689992
58.3050003 -28.1569996 2.17420006
58.3403015 -28.0960007 2.38429999
58.2262001 -28.0853004 2.58109999
58.2511978 -28.0153008 2.68074989
58.2932014 -27.8374996 -1.24539995
58.2866974 -27.8393993 1.85634995
58.2663002 -27.8969002 2.0171001
58.2216988 -27.7502995 -1.26339996
58.3172989 -27.7413998 1.63390005
58.3852005 -27.6970997 2.31699991
58.2248993 -27.7703991 2.78119993
58.2868004 -27.4351997 1.38320005
58.3128738 -27.46875 1.51792502
58.3525009 -27.4083996 1.71389997
58.2010994 -27.4274998 2.30299997
58.3494492 -27.4552498 2.46479988
58.2190018 -27.4640999 2.74729991
58.3688011 -27.5298004 2.95469999
58.25 -27.3640003 1.37590003
58.3081017 -27.3409996 1.43599999
58.2798309 -27.2910995 1.8295666
58.2447014 -27.2826004 2.15009999
58.2369499 -27.2490997 2.30920005
58.2290993 -27.0834999 1.88999999
58.3606682 -27.1511002 2.26533341
58.2525024 -26.9372501 -1.31419992
58.3875999 -26.882 2.0711
58.3015671 -26.8495674 2.25393343
58.2527008 -26.8344002 2.49169993
58.2186012 -26.6375999 2.05410004
58.2270012 -26.4398994 1.15499997
58.350399 -26.5641994 1.39810002
58.2946014 -26.5275002 1.43770003
58.2412987 -26.3726997 -1.34660006
58.2938995 -26.3932991 1.19330001
58.3055763 -26.3125343 1.3128444
58.2812996 -26.3397999 1.42480004
58.3042374 -26.0958405 1.30185997
58.2144012 -26.0821991 1.44315004
58.2905998 -25.9808998 1.38880002
58.2568016 -25.9414997 1.74109995
58.2698975 -25.9011497 2.1029501
58.2995987 -25.6283493 1.898
58.3121033 -25.687851 2.0230999
58.3734016 -25.5543995 -1.36070001
58.2879982 -25.5510006 1.71870005
58.2957993 -25.5610008 2.04789996
58.2345009 -25.3703003 -1.33879995
58.2925987 -25.2003994 1.24629998
58.2738495 -25.3552513 1.44759989
58.3790016 -25.3943005 1.89139998
58.3471985 -25.0254993 -1.39760005
58.2843018 -25.0100498 1.10004997
58.3241005 -25.1413002 1.20379996
58.3199005 -25.0317001 1.59590006
58.3200989 -25.0683002 1.74580002
58.3094482 -25.0806007 1.93519998
58.3563499 -25.0300999 3.29850006
58.3367004 -24.9297009 1.09689999
58.3843994 -24.9274006 1.46560001
58.2781982 -24.8782005 3.1413002
58.3405991 -24.869751 3.28955007
58.2869987 -24.7178993 -1.42069995
58.3908005 -24.6935997 1.47580004
58.3054504 -24.7348003 3.1722002
58.3300476 -24.6269493 3.24005008
58.3647003 -24.7584991 3.63840008
58.3848991 -24.6646996 3.82870007
58.2801514 -24.4313507 0.915449977
58.3904991 -24.4078007 1.28600001
58.3208237 -24.4969749 3.31975007
58.3655014 -24.4535007 3.54290009
58.2001991 -24.5769997 3.61229992
58.3922005 -24.2812004 0.431300014
58.3478661 -24.2636833 0.728416681
58.3216019 -24.2883205 0.878600001
58.2394981 -24.2530994 1.01619995
58.3023987 -24.2779999 3.37829995
58.3436012 -24.0345001 -0.611899972
58.2667999 -24.0212994 -0.498800009
58.2692986 -24.0958996 -0.306800008
58.2934761 -24.0727005 -0.115374997
58.329834 -24.1064663 0.11293333
58.3042526 -24.1123505 0.276849985
58.3635979 -24.1614342 0.466533333
58.3184662 -24.1527004 0.6796
58.3312988 -24.1187992 0.852100015
58.2462006 -24.0070992 1.46619999
58.2728004 -24.0592995 3.24289989
58.223835 -23.8701668 -0.864833355
58.2396317 -23.910984 -0.686083317
58.2753525 -23.9245243 -0.498274982
58.2884331 -23.9474659 -0.288166672
58.2638741 -23.9482002 -0.0983249992
58.2933998 -23.9948997 0.639699996
58.3162994 -23.9435997 0.988300025
58.3754005 -23.9440002 1.06589997
58.3769989 -23.8465996 1.4842
58.3106003 -23.6624489 -1.44379997
58.2559662 -23.7283669 -1.36193335
58.2122002 -23.7558994 -1.19239998
58.236599 -23.7875996 -0.617200017
58.2741661 -23.7294331 1.06553328
58.2574997 -23.5091 -1.39719999
58.2694016 -23.4641991 0.969449997
58.2482986 -23.5158672 1.04273331
58.3491325 -23.456934 1.72863328
58.3297997 -23.2133007 -1.35099995
58.248951 -23.2646999 0.92157501
58.3612671 -23.2936001 1.07350004
58.2687988 -23.3162003 1.81550002
58.2336006 -23.2068005 2.44460011
58.2670021 -23.1044254 0.944000006
58.3185997 -22.8853989 1.06974995
58.2893486 -22.7849998 0.957650006
58.3242645 -22.7748337 1.05796659
58.387001 -22.4046001 -1.45949996
58.3277016 -22.3227005 2.35719991
58.321701 -22.3134003 2.47970009
58.3269005 -22.0676003 1.6681
58.3102989 -22.1485004 2.30139995
58.3897018 -22.1765003 2.43400002
58.2291985 -22.1800995 2.76769996
58.2303009 -21.9134998 -1.46019995
58.2178993 -21.9726009 1.58309996
58.2674332 -21.8739662 1.70621669
58.2977524 -21.8768005 1.86989999
58.2694016 -21.9787006 2.34870005
58.289299 -21.7744007 1.67299998
58.3801994 -21.7642994 1.93599999
58.3740997 -21.2479992 1.80120003
58.3146019 -21.0112991 1.78489995
58.3110237 -20.8703995 1.73985004
58.2383652 -20.7180328 1.71536672
58.3460007 -20.5442009 -1.49450004
58.4344482 -39.8911514 -0.891600013
58.4894028 -39.0289001 -0.909399986
58.5774994 -38.4025993 -0.930400014
58.5024986 -37.9286995 -0.972000003
58.4743996 -37.6242981 -1.00109994
58.5233994 -36.918251 -0.972450018
58.4964981 -36.4688492 1.2799499
58.5304985 -36.4151001 1.40149999
58.4175987 -36.375 -1.07729995
58.4104004 -36.3913002 -0.988200009
58.5820007 -36.301899 1.1178
58.5339813 -36.3070183 1.26227999
58.5628014 -36.1399994 1.34089994
58.4081993 -35.9141006 -1.01909995
58.5847015 -35.4982986 1.23189998
58.5838013 -35.4511986 1.79910004
58.5424995 -35.1263008 -1.04999995
58.5172997 -35.1823006 1.17200005
58.5937004 -35.0335999 1.26329994
58.5872993 -35.1403999 2.02699995
58.4939003 -34.9953995 1.25039995
58.4435005 -34.7254486 -1.07772493
58.5376015 -34.4824333 -1.09520006
58.4761009 -34.3479996 -1.09609997
58.4473343 -34.1021309 1.7707001
58.4768982 -33.9528008 1.69860005
58.5395508 -33.9166489 1.84255004
58.4737015 -33.6403008 -1.11810005
58.4311981 -33.7347488 1.72230005
58.4844017 -33.4790993 -1.13859999
58.5231018 -33.4546013 1.78620005
58.5009995 -33.4944 1.88019991
58.4267006 -33.3646011 1.88199997
58.5176659 -32.9099998 2.32913327
58.5517006 -32.8669014 2.67000008
58.4934006 -32.6561012 -1.16349995
58.5178986 -32.3754005 -1.13839996
58.5890007 -31.8047009 2.38150001
58.5198517 -31.8991508 2.43130016
58.5290527 -31.7022495 2.33125019
58.5848999 -31.4748993 2.47289991
58.5022011 -31.3369331 2.49119997
58.4034996 -31.0797997 2.18939996
58.4561996 -31.0977993 2.28710008
58.4872322 -31.1299343 2.4581666
58.4077988 -30.9542999 -1.22119999
58.5140991 -30.8015995 2.25410008
58.4827995 -30.9154663 2.47916675
58.4221992 -30.6404991 -1.13419998
58.5320015 -30.6651001 1.69140005
58.5365677 -30.7331333 2.54100013
58.4566994 -30.5408993 -1.1415
58.5048981 -30.4947014 1.67910004
58.554451 -30.5220985 2.16919994
58.5559998 -30.5018005 2.35279989
58.5320015 -30.5385513 2.50794983
58.5756989 -30.4554005 2.65700006
58.4962006 -30.3326492 1.58080006
58.5023003 -30.2378998 1.67200005
58.5017014 -30.3180008 1.95500004
58.4954987 -30.3013992 2.16599989
58.5111351 -30.3652 2.57929993
58.4519997 -30.3108997 2.60619998
58.5522003 -30.1599998 2.5704999
58.5040741 -30.1324997 2.65229988
58.5412521 -29.9169006 2.37190008
58.5427017 -29.9729004 2.6947999
58.5951004 -29.7080994 -1.31070006
58.5881004 -29.7045002 1.60580003
58.4678497 -29.6601505 2.16659999
58.5848007 -29.6105995 2.21670008
58.5154495 -29.7493515 2.44579983
58.5057526 -29.6985016 2.63260007
58.4584999 -29.4657001 -0.188500002
58.4544525 -29.4748993 1.52944994
58.4613991 -29.4197006 1.66530001
58.5326996 -29.4130993 2.37199998
58.4775009 -29.4134998 2.60520005
58.4714012 -29.3458996 -1.22090006
58.4650993 -29.3006001 0.882300019
58.4191017 -29.2196999 1.11399996
58.4551811 -29.2801208 1.31182003
58.45998 -29.2474804 1.51435995
58.5444489 -29.2182999 1.65205002
58.5890007 -29.3855991 1.88619995
58.5904007 -29.3370991 2.15869999
58.4990005 -29.2691994 2.61139989
58.5667 -29.0384007 -1.16530001
58.4510994 -29.1377487 1.32679999
58.4315987 -29.1280994 1.4684
58.5448341 -29.1003342 1.66366673
58.4075012 -29.0615501 2.57844996
58.5735512 -28.9299011 -1.24959993
58.4710999 -28.9629993 1.37769997
58.5330009 -28.8978996 1.85500002
58.4998474 -28.8218498 2.0378499
58.5966988 -28.8605003 2.31520009
58.5141983 -28.969101 2.59360003
58.5845985 -28.6331005 1.51769996
58.4762993 -28.7294998 2.13770008
58.5595016 -28.7688007 2.24390006
58.5962982 -28.7959003 2.86789989
58.4248009 -28.5564003 -1.26520002
58.5526009 -28.5923004 1.65559995
58.448925 -28.5107746 2.13240004
58.4286995 -28.4302998 2.26729989
58.5243988 -28.2536507 2.33195019
58.5775986 -28.3258991 2.59089994
58.5582008 -28.2733994 2.7342999
58.4124985 -28.2418003 2.82150006
58.4715004 -28.0676994 -1.273
58.5173683 -28.0894661 2.31519985
58.5862007 -28.0463009 2.42540002
58.4553986 -28.1749001 2.80340004
58.5601997 -27.8574505 1.75814998
58.5582008 -27.9318008 1.80519998
58.4949989 -27.9162006 2.39319992
58.4866982 -27.8159008 2.59730005
58.5555992 -27.9316006 2.80660009
58.5430984 -27.7113991 -1.23029995
58.5252647 -27.6574001 1.56913328
58.4676247 -27.6917992 1.67965007
58.4538002 -27.7104988 2.25689983
58.5894012 -27.7609997 2.72959995
58.544899 -27.5083008 -1.27450001
58.52845 -27.4819984 1.51180005
58.4831238 -27.5022259 1.66482496
58.5211983 -27.5515003 1.82070005
58.4118004 -27.5058994 2.31100011
58.4062004 -27.4146004 2.48709989
58.5508003 -27.3941002 1.55659997
58.5545998 -27.2977009 1.71790004
58.4765015 -27.281601 2.15159988
58.5306511 -27.2842503 2.30255008
58.4689484 -27.3022995 2.51569986
58.5027809 -27.1289787 2.31855989
58.4332504 -26.8813 -1.33060002
58.5112495 -26.9134007 2.21915007
58.5312004 -26.9965 2.8125999
58.4528999 -26.5471001 -1.30900002
58.4715004 -26.5125999 2.18289995
58.5435486 -26.4983997 2.7897501
58.4832993 -26.3509998 2.23959994
58.4782982 -26.3995991 2.63630009
58.5287018 -26.2817001 2.88062501
58.5078011 -26.0485001 -1.36870003
58.4662018 -26.0396004 1.53690004
58.4131012 -26.0067005 2.17429996
58.5831985 -26.1459999 2.20530009
58.4500008 -25.8948669 1.32853341
58.5529022 -25.9438324 1.51316667
58.5688019 -25.9107513 1.67075002
58.5205383 -25.8742599 2.12874007
58.5220985 -25.9564991 2.28769994
58.4764481 -25.6462517 -1.36654997
58.5606995 -25.7425003 1.25800002
58.5246506 -25.6944237 1.50107503
58.4500008 -25.6368999 1.70669997
58.5051003 -25.6840992 1.89400005
58.5716019 -25.6387005 2.08360004
58.4757004 -25.4708996 1.22619998
58.4469986 -25.5051498 1.45125008
58.4843979 -25.5297508 1.63100004
58.4595985 -25.2315998 -1.41690004
58.4872017 -25.2451 1.12230003
58.5107994 -25.3157501 1.43334997
58.4603996 -25.2273006 1.76090002
58.5918007 -25.2747993 1.91240001
58.5167999 -25.1506004 -1.41129994
58.5500336 -25.1597672 1.08089995
58.4609985 -25.1818008 1.27250004
58.4175987 -25.1970997 1.61960006
58.5206985 -25.1537018 1.88845003
58.4211998 -25.0723 2.69280005
58.5955009 -24.8330002 1.82149994
58.4230499 -24.8227005 3.2887001
58.5074997 -24.8617496 3.69545007
58.4490013 -24.7849007 1.06359994
58.4174995 -24.7493 1.3283
58.485466 -24.7105331 2.06373334
58.4464989 -24.7408009 3.4224
58.4965973 -24.7421989 3.69752502
58.4183006 -24.5051003 -1.39429998
58.5505981 -24.4018993 3.53449988
58.4070015 -24.5230999 3.60330009
58.4612999 -24.2278004 0.451200008
58.4325256 -24.2330513 0.691025019
58.4759483 -24.325676 0.909374952
58.4846649 -24.3295326 1.05803335
58.4972992 -24.2654991 1.86909997
58.4888 -24.2357998 2.94140005
58.539299 -24.2408009 3.02659988
58.4580994 -24.2660007 3.34179997
58.4710007 -24.3600998 3.43129992
58.4491997 -24.3526993 3.64849997
58.5965004 -24.0613995 -1.41789997
58.4171524 -24.1115494 0.693949997
58.5796013 -24.1921005 1.06040001
58.4868011 -24.0119991 1.74559999
58.5478973 -24.14715 2.95109987
58.4462509 -24.1397495 3.27620006
58.5936012 -24.1284008 3.77460003
58.5970001 -24.0303993 3.86689997
58.4972992 -24.1030006 4.0005002
58.5793991 -23.8062 -1.4016
58.4653015 -23.8162994 -1.39499998
58.4548988 -23.8511009 1.00820005
58.4989014 -23.8040009 1.57640004
58.5035744 -23.9206009 1.72354996
58.4875984 -23.9237995 1.94550002
58.5551987 -23.9752007 2.78259993
58.5136986 -23.8234997 2.95700002
58.5838013 -23.8572006 3.29189992
58.4272995 -23.9116993 3.52810001
58.4633484 -23.7458496 -1.43634999
58.4984016 -23.6993008 1.51820004
58.5241013 -23.7063999 2.53670001
58.5092468 -23.6862488 2.92680001
58.524601 -23.7740002 3.02830005
58.5951004 -23.4577007 -1.28279996
58.5620346 -23.5080662 2.93930006
58.5136032 -23.348999 -1.43560004
58.4734001 -23.2113991 1.00709999
58.4961014 -23.3686008 2.17709994
58.5574493 -23.2827492 2.27545023
58.4147987 -23.0494003 0.99000001
58.5311241 -23.0715504 1.093925
58.5341492 -23.0848007 1.72280002
58.4555016 -23.0552006 1.99409997
58.4332008 -23.1536007 2.00769997
58.5955009 -23.1394005 2.8513
58.5123978 -22.8285484 -1.5043
58.4975739 -22.9029503 1.10572505
58.514576 -22.8962746 1.23720002
58.4897003 -22.8983002 1.48140001
58.531868 -22.9273663 1.73790002
58.457901 -22.7052994 1.05799997
58.5032997 -22.7297001 1.80130005
58.5009003 -22.3887005 -1.51540005
58.5710983 -22.3633003 2.40339994
58.4980507 -22.123951 -1.4753499
58.5063019 -22.0167007 1.64139998
58.5219002 -22.1254997 2.4124999
58.4373016 -21.8185997 1.74329996
58.4499016 -21.8038006 1.86020005
58.587101 -21.8537006 2.13930011
58.5774994 -21.6910992 -1.50839996
58.4617996 -21.7793999 1.74310005
58.5301514 -21.6919498 1.86995006
58.4379005 -21.2935009 -1.50399995
58.5756989 -21.2443008 1.59969997
58.5845985 -21.2381992 1.65569997
58.5225983 -21.0237007 1.92760003
58.5848007 -20.9536991 -1.53359997
58.5252991 -20.9078007 1.65320003
58.5661011 -20.6762009 -1.5029
58.4687004 -20.7288208 1.73493993
58.4101982 -20.3097992 -1.55050004
58.5502014 -20.3894005 1.86629999
58.4361 -20.0330009 -1.60329998
58.4594994 -20.1334991 1.73469996
58.6249008 -38.9525986 -0.926100016
58.6236 -37.0575981 -0.983299971
58.6296005 -36.7546997 -0.987299979
58.7503014 -36.426899 1.42009997
58.6592751 -36.2457733 1.34492505
58.6879997 -36.3978004 1.41050005
58.7373505 -36.1065521 1.28974998
58.7686501 -35.9581528 1.42875004
58.7120514 -35.4320526 1.30944991
58.6956024 -35.3469009 1.30465007
58.7924995 -35.385601 1.40880001
58.6025009 -35.1561012 1.15170002
58.7182999 -35.0875702 1.31589997
58.7807999 -34.9984016 1.2967
58.6655998 -34.7117996 -1.11070001
58.7563019 -34.4389 -1.07739997
58.6585999 -34.3194008 1.75903332
58.6220016 -33.9123993 1.66250002
58.6623993 -33.8632011 1.92689991
58.6751022 -33.7058487 -1.09474993
58.7713509 -33.7572021 1.68945003
58.6847 -33.6085014 1.80770004
58.6861992 -33.7565002 2.03279996
58.7901001 -33.7921982 2.59660006
58.7159615 -33.7186394 2.71316004
58.7191505 -33.7189026 2.84695005
58.7057991 -33.5217323 1.8702333
58.6191025 -33.2485008 1.97079992
58.7010002 -33.0816994 -1.13919997
58.6638985 -33.0261002 1.93019998
58.7274818 -33.0769005 2.07765007
58.7498474 -33.0598526 2.26049995
58.6151505 -32.9547501 1.98795009
58.6551018 -32.91716 2.06525993
58.6952972 -32.9514008 2.23745012
58.6668015 -32.9327011 2.40459991
58.6222 -32.9379997 2.82319999
58.6479492 -32.6441994 -1.11730003
58.6645012 -32.7232018 2.2277
58.6875534 -31.8866997 -1.17065001
58.6510506 -31.9099503 2.46644998
58.6279984 -31.6352005 -1.14849997
58.6442986 -31.6769009 2.48117995
58.7005997 -31.7031002 2.6558001
58.6859741 -31.5031509 2.48742509
58.6761017 -31.5650005 2.64229989
58.6881752 -31.293251 2.50182486
58.7444992 -31.1282005 -1.2105
58.6699982 -31.0573006 2.39840007
58.7052002 -31.0723991 2.5546
58.660553 -31.0754509 2.73150015
58.6342506 -30.9155502 -1.16705
58.7528 -30.9143505 2.52624989
58.672699 -30.8377991 2.69099998
58.6198997 -30.7075005 1.65199995
58.7006989 -30.6147499 2.15180016
58.6987 -30.6259003 2.23959994
58.7025528 -30.7467995 2.65890002
58.7238007 -30.4158993 1.57449996
58.6104507 -30.4660988 2.13205004
58.7025986 -30.4199505 2.27610016
58.7639008 -30.5888996 2.56730008
58.6735497 -30.5250492 2.65324998
58.6943016 -30.3412991 -1.21640003
58.6964989 -30.3945999 2.52710009
58.7189674 -30.3263664 2.67400002
58.676899 -30.1086998 -1.15779996
58.7863998 -30.1653996 1.57009995
58.7120972 -30.0699005 2.12459993
58.7368011 -30.0206661 2.29270005
58.6078987 -30.0671005 2.4059
58.7420006 -30.1959 2.65289998
58.6125984 -29.8918991 -1.30519998
58.7835999 -29.9752007 1.597
58.7972984 -29.8840008 1.63890004
58.6053009 -29.9846992 1.87779999
58.6791 -29.9995995 2.14619994
58.7146339 -29.9026661 2.55893326
58.6111984 -29.9820995 2.61599994
58.6745987 -29.7119999 1.63470006
58.7663994 -29.6287003 2.37380004
58.6162987 -29.4382992 -1.21539998
58.7645988 -29.2762985 1.4734
58.7742996 -29.2563992 1.9346
58.7059021 -29.2280998 2.16190004
58.6797485 -29.2951012 2.31285
58.7150002 -29.3106995 2.7112999
58.6904984 -29.1709995 1.35430002
58.732399 -29.1343002 1.53919995
58.7148514 -29.0938492 2.10150003
58.6693993 -29.0806007 2.21539998
58.7655983 -29.1471996 2.46390009
58.6755753 -29.0426502 2.67599988
58.7044525 -28.9032497 -1.28524995
58.6838989 -28.8311996 1.65775001
58.7331009 -28.929451 2.04260015
58.7786331 -28.8778667 2.29653335
58.7276993 -28.8831997 2.69039989
58.7262993 -28.6312008 -1.22660005
58.657402 -28.71175 2.73584986
58.6845016 -28.6298008 2.82620001
58.6058006 -28.4981995 2.30139995
58.7999992 -28.5788994 2.49160004
58.6649475 -28.4733505 2.67814994
58.6539993 -28.5298996 2.86894989
58.721199 -28.3794994 2.5480001
58.6193008 -28.2467003 2.671
58.7033997 -28.2212009 2.80920005
58.7260017 -28.0548 -1.2694
58.6190987 -28.1107998 2.44269991
58.6403999 -28.1102009 2.96720004
58.7654991 -27.8948994 2.94180012
58.638298 -27.6858006 1.53189993
58.6170006 -27.7117004 1.75619996
58.7846985 -27.6613998 1.94159997
58.7588997 -27.6854 2.08445001
58.6491013 -27.7123489 2.30044985
58.7602501 -27.6767006 2.64254999
58.6231995 -27.6662998 2.91140008
58.7752991 -27.4659004 -1.32309997
58.6319008 -27.5962009 1.68280005
58.7050667 -27.2670345 -1.33356667
58.6971016 -27.2924995 2.13820004
58.7140999 -27.3229008 2.34759998
58.6568985 -27.1030998 2.17320013
58.7126007 -27.1807995 2.24679995
58.7416992 -27.0727997 2.42459989
58.7377014 -27.0435009 2.7033999
58.6946983 -26.9097996 -1.37119997
58.7644005 -26.8190002 2.33089995
58.7859993 -26.9081001 2.65779996
58.6203003 -26.6758003 -1.34730005
58.762001 -26.7443008 2.3204
58.771801 -26.7642002 2.5302999
58.7756996 -26.7844009 2.83419991
58.6405983 -26.5820999 -1.33940005
58.64645 -26.4727993 2.74534988
58.663147 -26.2728996 -1.37135005
58.7153015 -26.2465 1.37979996
58.7824326 -26.2550335 1.46126664
58.6212006 -26.2765503 2.10750008
58.6590004 -26.1000996 -1.31719995
58.6722984 -26.0741005 1.3448
58.7213593 -26.1056805 1.44638002
58.6278992 -25.8430996 -1.33630002
58.6479988 -25.9643993 1.49846673
58.6487122 -25.889286 2.29095721
58.6048012 -25.7416992 -1.38469994
58.6798019 -25.6583004 2.15450001
58.6160011 -25.4209003 1.23000002
58.6020012 -25.5097008 1.41320002
58.6155014 -25.4097004 1.77040005
58.6458015 -25.5368004 2.05749989
58.6366005 -25.2702007 1.89960003
58.7136497 -25.2998505 2.07984996
58.6719513 -25.0077 1.72220004
58.7131004 -24.8388996 3.62050009
58.7024994 -24.7274513 -1.44480002
58.766098 -24.6544495 0.8829
58.7781525 -24.6471004 2.2895999
58.7624321 -24.6777992 3.85909986
58.7081985 -24.5028496 0.94295001
58.7210007 -24.4279003 1.67929995
58.7980995 -24.4626007 3.6012001
58.6940002 -24.3725014 0.991150022
58.7272682 -24.2684994 1.05123329
58.6973991 -24.2040005 3.55769992
58.6575012 -24.0615997 1.87660003
58.6685982 -24.0611 2.2046001
58.6190987 -24.1285992 2.96790004
58.7159996 -24.0928993 3.06279993
58.7944984 -24.1303997 3.3440001
58.7052994 -24.0869007 3.82570004
58.6307983 -23.8300991 -1.47650003
58.6615982 -23.8593998 0.999199986
58.77565 -23.9985504 2.0638001
58.7666016 -23.9298992 2.94460011
58.688652 -23.9337502 3.01950002
58.6892014 -23.7758007 1.04779994
58.6819992 -23.6664009 1.67910004
58.6952972 -23.7088509 2.94624996
58.6791992 -23.71245 3.09619999
58.6610985 -23.6797009 3.21749997
58.6769485 -23.4379997 -1.46580005
58.7145996 -23.5671997 -1.39300001
58.7388 -23.5244999 1.02929997
58.6500015 -23.5191994 1.7608
58.7141991 -23.4832001 1.9059
58.7162018 -23.4743996 2.94755006
58.7139511 -23.4974995 3.03539991
58.7494011 -23.4332008 3.2658999
58.6963654 -23.2536335 1.06833339
58.6414986 -23.3334999 1.76890004
58.6982994 -23.3323002 1.81169999
58.6973991 -23.2621994 2.5703001
58.675499 -23.2001991 2.63930011
58.6938477 -23.3246002 2.92207503
58.7378006 -23.3241005 3.29379988
58.6712265 -23.1194134 1.11061251
58.7355995 -23.0436001 1.3380667
58.7213516 -23.1505508 1.77710009
58.6809006 -23.1037998 2.53579998
58.7196999 -23.0217991 2.79180002
58.7342682 -23.1036339 2.87689996
58.7515984 -23.0827007 3.05699992
58.6716995 -22.9993 -1.495
58.6492004 -22.8867493 1.36109996
58.7780991 -22.8395004 1.49940002
58.6161003 -22.8841515 1.68379998
58.7019272 -22.8802261 1.85649991
58.6035004 -22.9228001 2.08369994
58.7480011 -22.9216995 2.83809996
58.6030998 -22.6695995 -1.47399998
58.6257019 -22.7602005 1.79639995
58.6949997 -22.7554512 1.85745001
58.7262993 -22.7651005 2.38000011
58.7033997 -22.4616013 -1.52084994
58.6399994 -22.2687988 2.43805003
58.7254982 -22.1928005 -1.49549997
58.7695007 -22.1320992 2.31270003
58.7398262 -22.1414509 2.48339987
58.6152992 -21.7968006 1.79320002
58.7062531 -21.2564011 1.74635005
58.6292 -21.2066994 1.87
58.7673492 -21.1346493 1.92120004
58.6404495 -20.8642502 1.78189993
58.6021996 -20.6805992 -1.53629994
58.7756004 -20.6797009 1.68200004
58.6923485 -20.6604996 1.91985011
58.6403008 -20.4636993 -1.55649996
58.632103 -20.4234009 1.74399996
58.7855988 -20.5158005 1.91820002
58.740799 -20.3925991 -1.6049
58.6162987 -20.25 -1.58130002
58.8861008 -39.1702995 -0.91930002
58.8260994 -38.7549019 -0.931699991
58.8660011 -38.5923996 -0.948899984
58.9581985 -37.2345009 -0.994400024
58.9421005 -36.5601006 1.44739997
58.8591003 -36.4600983 1.60599995
58.8710251 -36.2841721 1.29482496
58.8794479 -36.2689514 1.44309998
58.919899 -36.3442993 1.6243
58.9285011 -36.2573395 1.90869999
58.8832016 -36.2911415 2.08886003
58.8842659 -36.1096001 1.29156661
58.9646988 -36.1007004 1.41330004
58.9757996 -36.1898994 2.04310012
58.9723511 -35.8757477 1.35259998
58.9939003 -35.8045006 1.51909995
58.8568993 -35.7462006 1.34780002
58.9338989 -35.6407013 1.51964998
58.9547005 -35.5007019 1.3549
58.9064827 -35.4981995 1.47788334
58.9262009 -35.5061989 1.66435003
58.8596497 -35.3021736 1.43617499
58.827301 -35.10075 1.36765003
58.8785477 -35.0915985 1.52824998
58.8149986 -34.7192001 -1.13469994
58.9784012 -34.7523994 1.44025004
58.9817009 -34.4164009 1.16550004
58.9949989 -34.4283981 1.23029995
58.9524002 -34.324501 1.28260005
58.9322014 -34.0228996 -1.14450002
58.8591003 -33.8443985 1.58309996
58.9146004 -33.8265991 1.75520003
58.9123001 -33.9054985 1.94019997
58.8224983 -33.928299 2.0164001
58.9009247 -33.9059525 2.7341249
58.8919983 -33.705349 1.53725004
58.9037247 -33.712925 1.66040003
58.9090996 -33.7327766 1.85897505
58.9141998 -33.6621666 2.06876659
58.9303513 -33.7600479 2.24690008
58.853199 -33.7350006 2.55229998
58.8097 -33.7625999 2.71390009
58.8923683 -33.7090988 2.81903338
58.8454018 -33.5209007 1.52839994
58.8818016 -33.5382996 1.70469999
58.9803009 -33.5831985 1.95749998
58.8711014 -33.5807991 2.15459991
58.8834991 -33.3074493 2.03215003
58.8872337 -33.078167 2.09060001
58.9151497 -33.0783997 2.25759983
58.9402008 -31.8467007 -1.17499995
58.8429985 -31.6336002 2.52080011
58.8061981 -31.4354 -1.1911
58.9752007 -31.4775677 2.5499332
58.9472008 -31.2262001 -1.18529999
58.9836998 -31.1511993 2.48110008
58.9948006 -30.9216003 -1.22409999
58.9529495 -30.8392487 2.73084998
58.9021492 -30.8988991 2.82179999
58.9840012 -30.7823009 2.329
58.8768501 -30.7129498 2.65985012
58.8959999 -30.4277 -1.25300002
58.9641991 -30.5214005 1.54840004
58.8935013 -30.4167995 2.12809992
58.8517227 -30.4751244 2.29097509
58.9748993 -30.2318993 -1.22090006
58.8201981 -30.2984009 2.74119997
58.9324989 -30.3661003 2.86549997
58.8540993 -30.0049992 -1.23280001
58.8554993 -30.1082993 -1.19850004
58.8610497 -30.1278992 1.59239995
58.9597015 -30.0693016 1.64289999
58.9950981 -30.1732006 2.04559994
58.8563004 -30.1643505 2.22370005
58.8627014 -29.9750996 1.66869998
58.9771004 -29.8999996 1.83299994
58.8443985 -29.8395996 2.40939999
58.8916473 -29.7192993 1.68895006
58.9756012 -29.64855 2.5869
58.9025002 -29.4503994 -1.21150005
58.947567 -29.459734 2.35463333
58.9710999 -29.4964008 2.43269992
58.9783669 -29.4407673 2.68639994
58.8622017 -29.2085991 -1.27789998
58.8842354 -29.2546005 1.35440004
58.8308983 -29.2607002 2.10940003
58.9002991 -29.3282242 2.30357504
58.9207001 -29.3318005 2.63980007
58.8246002 -29.0875511 -1.21405005
58.9370346 -29.1305676 1.49676669
58.8290482 -29.1105003 2.28270006
58.8583984 -29.0079002 2.57710004
58.9380646 -29.0909672 2.7221334
58.8312988 -28.8703995 2.28180003
58.8530006 -28.9563999 2.57489991
58.9546585 -28.9104996 2.69903994
58.8075981 -28.9195004 2.82680011
58.8798523 -28.6462498 -1.28515005
58.9455986 -28.6888008 1.77129996
58.8082008 -28.7346001 2.36030006
58.8339005 -28.6987991 2.7974
58.980999 -28.7332993 2.93319988
58.8987503 -28.5345497 1.50574994
58.8694 -28.4839001 1.62460005
58.9345016 -28.5972004 1.8484
58.9225998 -28.4032993 2.77449989
58.8961983 -28.4680996 3.35960007
58.8362007 -28.3939991 -1.30340004
58.8582344 -28.3046989 1.49726665
58.9561005 -28.3922997 2.55970001
58.8311996 -28.3432007 2.77629995
58.9187012 -28.3126507 2.9447
58.8272018 -28.1369991 -1.25250006
58.96035 -28.1060486 2.53674984
58.9606018 -28.1285 2.60680008
58.9818993 -28.0499001 2.80739999
58.9029007 -27.8874493 2.33230019
58.8011017 -27.9724998 2.59069991
58.9916992 -27.8694992 2.85669994
58.901947 -27.6198502 1.99110007
58.8444519 -27.6793499 2.05180001
58.8981018 -27.6926498 2.28485012
58.9095001 -27.6756001 2.72519994
58.9752998 -27.6502991 2.91840005
58.9758987 -27.4146996 -1.31239998
58.961132 -27.4903336 1.94536662
58.9317322 -27.5269337 2.05776668
58.9617004 -27.5084 2.76929998
58.9530487 -27.4880486 2.93165016
58.8367004 -27.2504005 2.11109996
58.8115997 -27.2593994 2.62829995
58.8498688 -27.2516003 2.89046669
58.9618492 -27.1018505 -1.30145001
58.8467484 -27.0186501 2.69134998
58.8277016 -26.9592991 2.41140008
58.8757019 -26.9130001 2.69050002
58.937149 -26.8656998 2.89344978
58.8325005 -26.7336006 -1.31429994
58.8214989 -26.691 2.13759995
58.8252678 -26.7225666 2.27583337
58.9861488 -26.6408997 2.56795001
58.8846016 -26.6961994 2.60800004
58.8868332 -26.7505341 2.91723323
58.8987732 -26.5166626 2.31758761
58.8362007 -26.4323997 2.52530003
58.8126984 -26.2182999 -1.3671
58.8909988 -26.2837009 1.33589995
58.9347 -26.2846489 2.29990005
58.9222984 -26.375 2.4546001
58.8031006 -26.1569004 1.54330003
58.8167992 -26.1758003 1.60220003
58.842701 -26.1993999 2.3736999
58.8485985 -25.7728996 -1.4404
58.9698486 -25.6915016 -1.39339995
58.9427986 -25.5389996 -1.40419996
58.9578018 -25.4734001 0.90170002
58.9935989 -25.3430996 0.893700004
58.9908981 -25.2903996 1.57219994
58.8376007 -25.3477993 2.1335001
58.8153992 -25.1478004 -1.44579995
58.8036003 -25.1208 1.11189997
58.8031998 -25.1546001 1.74030006
58.9888992 -25.0806007 2.35949993
58.9189987 -24.8682003 -1.43239999
58.8681984 -24.8922005 0.866400003
58.9749985 -24.9490013 1.71259999
58.84935 -24.8686504 2.29274988
58.8312988 -24.8167992 3.86019993
58.8151016 -24.7217999 -1.45519996
58.8189507 -24.6359997 0.910849988
58.9046669 -24.6459332 1.03180003
58.9076004 -24.7084007 2.53290009
58.9912987 -24.6959 3.32690001
58.9636002 -24.7938004 3.4453001
58.8851204 -24.7165394 3.70000005
58.8323669 -24.6987324 3.85750008
58.8818016 -24.4850006 -1.42770004
58.9214478 -24.5468483 1.0675
58.919899 -24.5286007 2.32349992
58.8146019 -24.4305 3.33349991
58.9197998 -24.5214996 3.47574997
58.9074669 -24.4787674 3.73163319
58.8031006 -24.5736008 3.84030008
58.9183998 -24.2870007 1.02970004
58.9149017 -24.3780994 3.3348999
58.9474487 -24.2672501 3.50979996
58.9473991 -24.2948322 3.67073345
58.8442993 -24.1744995 -1.44270003
58.8777008 -24.0653 0.921899974
58.9158249 -24.1055489 1.057675
58.8504982 -24.1448994 1.86220002
58.9496994 -24.0702 2.5999999
58.8307991 -24.1170998 3.00370002
58.9355354 -24.1276665 3.26353335
58.8882523 -24.1523247 3.46409988
58.8703995 -24.0366001 3.86109996
58.8628998 -23.8565998 -1.53069997
58.8965988 -23.9085999 0.916000009
58.902626 -23.8619003 1.04532504
58.9864006 -23.9803009 1.69920003
58.9547005 -23.9050999 2.95799994
58.8335991 -23.9920006 3.05879998
58.9978981 -23.8446007 3.35840011
58.9510498 -23.9459991 3.51419997
58.9249992 -23.7116756 0.894950032
58.9349518 -23.7322006 1.02480006
58.8757019 -23.7241001 2.01079988
58.859333 -23.6817665 3.07933331
58.9137497 -23.5545998 0.746600032
58.9199982 -23.5440998 1.02849996
58.8539009 -23.4076004 2.94819999
58.8320656 -23.4764328 3.09173322
58.859375 -23.5366001 3.30517507
58.9143982 -23.3997993 -1.52810001
58.8394508 -23.362751 0.911499977
58.8927231 -23.2794495 1.08352494
58.9992981 -23.3943005 1.33000004
58.8372498 -23.2868996 3.03600001
58.8563004 -23.2803764 3.28002501
58.8516006 -23.2479 3.4375999
58.853199 -23.1312008 -1.42999995
58.9407005 -23.1005001 1.12119997
58.975399 -23.1182995 1.23599994
58.8984985 -23.1165009 2.03850007
58.9018021 -23.1096497 2.8994
58.8914032 -23.0978508 3.08899999
58.8946991 -23.1616001 3.296
58.9484978 -22.9384327 1.32403338
58.9592018 -22.8101997 1.4059
58.8415527 -22.9482994 2.06659985
58.8206482 -22.8797989 2.53455019
58.889473 -22.9177494 2.86025
58.9888 -22.9132996 3.02139997
58.8651009 -22.7355995 -1.50979996
58.9112015 -22.7598 2.59640002
58.9000015 -22.7740993 2.63269997
58.8689651 -22.1283665 2.31166673
58.9972992 -21.8143005 -1.60689998
58.8139992 -21.8390007 -1.51049995
58.9926987 -21.8589993 2.15700006
58.9466476 -21.8718491 2.26625013
58.8689003 -21.8370991 2.4691999
58.8722992 -21.7917995 2.13750005
58.9692497 -21.5016518 1.69050002
58.9403992 -21.3111992 -1.55789995
58.9706001 -21.3162994 1.66075003
58.9337997 -20.9458008 -1.62339997
58.9421997 -20.9398003 -1.52400005
58.9501991 -20.6077003 -1.55410004
58.958252 -20.7178001 1.7265501
58.8759995 -20.5354996 -1.58759999
58.8204994 -20.5615997 1.48759997
58.8487015 -20.5909996 1.79250002
58.8396988 -20.0137005 -1.58609998
58.9272003 -20.0067997 0.815699995
59.1509018 -36.9541016 -1.00730002
59.1789474 -36.5466995 1.28375006
59.146965 -36.4536324 1.48033333
59.0737 -36.4705009 1.64479995
59.1561012 -36.4696999 2.11989999
59.0493011 -36.2798996 1.38039994
59.1753998 -36.2933006 1.49629998
59.1106491 -36.3127518 1.64534998
59.0635986 -36.2046013 1.89929998
59.1026001 -36.3156013 2.10309982
59.0900993 -36.3965988 2.24880004
59.0822334 -36.0899315 1.36236668
59.1177254 -36.0761757 1.46914995
59.0442009 -36.075901 1.6049
59.1882019 -36.0777016 1.89740002
59.0830498 -36.1231766 2.0629251
59.1276016 -35.9922981 -1.03320003
59.1805496 -35.9323006 1.51915002
59.0335999 -35.9514008 1.61389995
59.1487007 -35.7360992 -0.999100029
59.1250992 -35.6431999 1.71309996
59.040802 -35.4987488 1.56064999
59.0136986 -35.4323006 1.75960004
59.0632477 -35.214798 1.56190002
59.0949783 -35.3126984 1.67903996
59.0195007 -35.1791992 1.5388
59.0815315 -35.1289673 1.66103327
59.0527 -34.8390007 -1.1056
59.1383018 -34.8478012 1.61269999
59.1295013 -34.6582985 1.24179995
59.1389999 -34.6879997 1.66859996
59 -34.5077019 -1.10730004
59.0970993 -34.4230003 1.24815011
59.0438995 -34.3927994 1.06710005
59.1055984 -34.3671989 1.28799999
59.1847992 -34.3783989 1.41429996
59.1065521 -34.2639236 2.4758749
59.1591988 -34.3661995 2.61940002
59.1470985 -34.0984993 1.73629999
59.071701 -34.0811996 1.85090005
59.0201988 -34.1007996 2.54110003
59.0788994 -34.0237007 2.70490003
59.1141968 -33.8380013 1.69630003
59.0096016 -33.8134003 1.93949997
59.1091995 -33.9197006 2.71650004
59.0984993 -33.8518982 2.87159991
59.1697006 -33.8482018 3.03130007
59.0119019 -33.7770004 1.57179999
59.0475006 -33.7042236 1.699175
59.0472488 -33.6786995 2.08804989
59.0668983 -33.7876015 2.55970001
59.0564003 -33.7835007 2.71269989
59.069252 -33.731575 2.88517499
59.0989685 -33.6546021 3.29623342
59.0060997 -33.4453011 -1.04439998
59.1088982 -33.4034004 2.07850003
59.1366997 -33.4884987 3.2901001
59.1963005 -33.5494003 3.42289996
59.199501 -33.2293015 1.94879997
59.1655006 -33.3093987 2.0697999
59.0031013 -33.0802002 -1.13950002
59.0601845 -33.1272583 2.12401438
59.1308517 -33.0774498 2.24245
59.1095009 -32.8574982 -1.13880002
59.0923996 -32.0568008 -1.19519997
59.1352997 -32.0918007 2.57710004
59.0912018 -31.8563328 2.51936674
59.0918999 -31.7621002 2.54390001
59.0056992 -31.4088001 2.53850007
59.164299 -31.3645 2.50160003
59.1103668 -31.2963333 2.64426661
59.1048965 -31.0548496 -1.22350001
59.1007004 -31.1812992 -1.16750002
59.1833 -31.1308994 2.56539989
59.1265182 -31.0600986 2.67180014
59.0269012 -30.9694996 2.58290005
59.0834732 -30.9204502 2.73924994
59.0691986 -30.7042999 -1.21609998
59.0210991 -30.6175995 2.79760003
59.0887985 -30.4451008 -1.25680006
59.0660019 -30.4994335 1.67501664
59.0942993 -30.4426994 1.82949996
59.0080986 -30.2730999 1.5984
59.1238022 -30.313549 1.69854999
59.0792007 -30.0065994 -1.26300001
59.1314011 -30.1466331 1.70266664
59.0696487 -30.1070995 2.26270008
59.109684 -30.1153717 2.66828561
59.0396004 -29.8344994 2.35840011
59.08955 -29.8904495 2.55165005
59.0826988 -29.8307991 2.6487999
59.1512985 -29.7305489 1.49860001
59.1405983 -29.7360992 1.65900004
59.0112991 -29.7959995 2.59699988
59.0963974 -29.6875 2.69885015
59.1400986 -29.5886993 1.70319998
59.067379 -29.5259609 2.52101994
59.1601028 -29.4250507 2.73105001
59.1111984 -29.4687004 2.83310008
59.1334991 -29.2823009 -1.28989995
59.1230011 -29.2376328 1.3252666
59.1287651 -29.225399 1.57266665
59.1323357 -29.3500004 1.7366333
59.0703011 -29.3468494 2.6789
59.1898994 -29.2024002 2.85450006
59.0009003 -29.1324005 -1.24360001
59.1091003 -29.1891994 1.35500002
59.1096344 -29.1420326 1.49693334
59.1641998 -29.0219994 2.54419994
59.073101 -29.1142006 2.72259998
59.0066986 -29.1389999 2.86540008
59.1057014 -28.8034992 -1.24909997
59.1864014 -28.8222008 2.51760006
59.0391998 -28.9825993 2.63330007
59.1078987 -28.9302483 2.84990001
59.1263008 -28.7001991 -1.28550005
59.1306496 -28.6706505 1.6983
59.076149 -28.7192497 2.49604988
59.1337013 -28.7243004 2.71195006
59.0603981 -28.4934998 -1.26719999
59.0822983 -28.5004005 1.33640003
59.1851997 -28.5998001 1.40030003
59.0984993 -28.4880009 1.81029999
59.1509476 -28.5311508 2.77010012
59.1353989 -28.2255993 -1.31244993
59.1059265 -28.3031998 1.36010003
59.1072006 -28.3153496 1.45367503
59.1133003 -28.3719006 2.63310003
59.1553993 -28.1879997 1.31260002
59.1883011 -28.1587009 1.46280003
59.0667992 -28.0531006 2.63179994
59.0632019 -28.1448994 2.97149992
59.1388016 -27.8101006 -1.35549998
59.1553993 -27.8938999 2.63429999
59.0126991 -27.9678993 2.80419993
59.0725327 -27.6938 2.06883335
59.0270996 -27.7695007 2.46659994
59.0041008 -27.7311001 2.61529994
59.0158997 -27.7094002 2.91059995
59.0796242 -27.4667244 1.96319997
59.0593987 -27.5946999 2.03500009
59.0299988 -27.5474014 2.85384989
59.1758003 -27.2943001 -1.24300003
59.1710014 -27.2844334 1.95833337
59.0834198 -27.3034801 2.89118004
59.1617012 -27.0797997 2.29719996
59.1092339 -27.1095333 2.86774993
59.1780014 -26.9652996 2.7808001
59.1554337 -26.8745327 2.85800004
59.1287994 -26.7026997 -1.37349999
59.0209656 -26.6774998 2.66986656
59.1389999 -26.7565994 2.83200002
59.1404495 -26.5197487 2.74035001
59.1913986 -26.4673004 2.86570001
59.1231995 -26.3168755 2.88669991
59.1879005 -26.2145996 3.0697
59.026001 -25.5330009 -1.37440002
59.0023994 -25.4001999 0.797999978
59.0891495 -25.4441986 0.935350001
59.1502342 -25.2718658 0.89410001
59.1182022 -25.3265991 1.0460999
59.1705017 -25.0489006 -1.45379996
59.0508003 -25.0666008 0.787599981
59.1713676 -25.1134663 0.914099991
59.100399 -25.1348991 1.10119998
59.0647507 -25.0966835 1.51789999
59.1460419 -24.8934593 0.943579972
59.0828018 -24.90065 1.02509999
59.1481743 -24.9250488 1.66935003
59.1447983 -24.9624996 1.81239998
59.1763 -24.7180004 -1.44570005
59.0834999 -24.6838665 1.03129995
59.082901 -24.7537003 1.69974995
59.0998001 -24.6837006 1.80379999
59.0284004 -24.6294994 3.61960006
59.0145988 -24.6103992 3.88260007
59.0401001 -24.4698009 1.12170005
59.1063309 -24.5106335 1.72766662
59.0884514 -24.5149765 1.864025
59.1931992 -24.4622993 2.50020003
59.0024986 -24.5163994 3.39280009
59.0105019 -24.5475006 3.50169992
59.0586014 -24.3843994 1.005
59.0444984 -24.3351994 1.77170002
59.1652985 -24.2271996 2.00020003
59.0535011 -24.3945999 2.3138001
59.017601 -24.198 -1.44459999
59.0400772 -24.0827007 1.10255003
59.1796989 -24.1002007 1.36310005
59.0936508 -24.0639 2.97160006
59.0497513 -24.0855999 3.50204992
59.1990013 -24.0214996 3.6006999
59.144001 -23.9123001 -1.43859994
59.0506325 -23.915266 1.1516
59.1301003 -23.8777008 1.25909996
59.1590996 -23.9662991 1.71860003
59.1879005 -23.9673996 2.0394001
59.1278992 -23.9108009 2.95243335
59.1286011 -23.9257011 3.01254988
59.035099 -23.8959007 3.3190999
59.1096992 -23.8171997 3.46499991
59.1003265 -23.9336758 3.7097249
59.1206017 -23.6163006 -1.4605
59.0729675 -23.7435665 0.889533341
59.0486298 -23.6614704 1.12547147
59.0981522 -23.6097488 1.25714993
59.0757332 -23.6866341 3.31886673
59.0877151 -23.4795837 1.10818338
59.0994987 -23.5713005 1.78750002
59.0936012 -23.5259991 2.00300002
59.0639 -23.4491005 3.34960008
59.0688019 -23.3715992 -1.48549998
59.1593018 -23.3955002 0.919700027
59.0408478 -23.3055763 1.09827495
59.0124016 -23.3703995 1.40760005
59.1931992 -23.3819008 3.64159989
59.0972672 -23.1183662 1.15856671
59.0983009 -23.0624657 1.25503337
59.0695267 -23.1175003 2.1338501
59.0138016 -23.0662003 2.93460011
59.0105019 -23.1606007 3.02559996
59.0721016 -23.0233002 3.23970008
59.0769005 -22.9741001 1.08039999
59.0633583 -22.9591808 1.33982003
59.1195984 -22.9796009 1.42349994
59.0209999 -22.8444996 2.78060007
59.0894508 -22.9927006 2.90014982
59.0430984 -22.9090996 3.05037999
59.1096001 -22.7162991 -1.47860003
59.1057014 -22.2644997 1.5747
59.1125984 -22.092701 -1.51275003
59.1137009 -22.0230999 1.49070001
59.0195999 -21.9197998 -1.52149999
59.1130219 -21.8547249 1.53267503
59.1099014 -21.9501991 1.60185003
59.084301 -21.8101006 2.14510012
59.0652466 -21.7458992 -1.51609993
59.1930008 -21.7910004 1.48749995
59.1657333 -21.6672001 1.66663337
59.1010017 -21.6424007 1.91939998
59.1843987 -21.7399006 2.10380006
59.0941238 -21.7440262 2.22694993
59.1091499 -21.5276489 -1.54554999
59.1073532 -21.4340515 1.30905008
59.1846008 -21.5592995 1.83510005
59.1038666 -21.2583656 1.36343336
59.0005989 -21.2952003 1.77219999
59.1758995 -21.1023006 1.42709994
59.050499 -20.9111996 1.48529994
59.1138 -20.9260006 1.89310002
59.0982018 -20.7509995 -1.56009996
59.0194016 -20.5732994 1.74689996
59.1028519 -20.3262749 1.34455001
59.1518021 -20.2473488 1.51839995
59.1006012 -20.0937328 1.11276662
59.1003494 -20.0861511 1.27819991
59.1879997 -20.1084995 1.52839994
59.3576012 -39.6785011 -0.896600008
59.2979507 -39.540802 -0.906800032
59.2924995 -38.8933983 -0.954599977
59.2770996 -38.6789017 -0.950399995
59.2227516 -38.3482971 -0.937550008
59.3516006 -38.1074982 -0.970950007
59.2882004 -37.8991508 -0.972249985
59.3473511 -37.2623978 -0.991549969
59.3535995 -36.6018982 1.43180001
59.273201 -36.4684982 1.36360002
59.2551003 -36.4693184 1.48927999
59.2779999 -36.4108009 2.10134983
59.253231 -36.347332 -1.01973331
59.2347984 -36.2299004 1.16069996
59.2128983 -36.3494987 1.54809999
59.2136993 -36.1632996 1.39020002
59.3136673 -36.163166 1.47206664
59.2280006 -36.0334015 1.6006
59.2376976 -36.0946999 1.84259999
59.3255653 -36.1092682 2.1758666
59.3013992 -35.9777222 1.49880004
59.2734985 -35.9594994 1.71766663
59.3176994 -35.9786987 1.84759998
59.3377495 -35.6685486 1.89170003
59.2965012 -35.7097015 2.09730005
59.3801994 -35.405201 -0.00930000003
59.2901497 -35.503952 1.89709997
59.3227005 -35.3281326 1.71556664
59.2989006 -35.0695992 -1.04999995
59.3212013 -34.9975014 -1.1099
59.385601 -34.6895981 -1.12265003
59.2485008 -34.7568016 1.53840005
59.2830315 -34.6846352 1.67893326
59.3264999 -34.4099007 1.09039998
59.2401505 -34.4401016 1.26335001
59.2879028 -34.4855995 1.5148499
59.3437004 -34.4091988 1.71945
59.3866997 -34.3045998 -1.12549996
59.3344269 -34.3063011 1.17917502
59.2628479 -34.281601 1.33054996
59.3012733 -34.3378372 1.50248742
59.3057289 -34.3395729 1.68714285
59.3103981 -34.3922997 1.99220002
59.3008347 -34.2613678 2.25830007
59.3158989 -34.2052994 2.40860009
59.3206253 -34.0471268 1.72434998
59.3272514 -34.1170006 1.80254996
59.2649002 -34.1869965 2.30210018
59.2116013 -34.1645012 2.42429996
59.2851982 -33.9305992 -1.1142
59.3045006 -33.8931999 1.58169997
59.2980995 -33.9075012 1.72883999
59.2402 -33.9068985 1.81930006
59.3379326 -33.8603325 2.72833323
59.3909988 -33.7154007 1.6085
59.3733978 -33.709198 1.88805008
59.2883987 -33.7058983 2.20720005
59.3366318 -33.7692337 2.50316668
59.303051 -33.7267494 2.76555014
59.2386017 -33.7210007 2.82999992
59.226799 -33.7464981 3.0302999
59.3395767 -33.6664009 3.28609991
59.3157005 -33.5447998 1.78299999
59.3365211 -33.4624405 1.93216002
59.2547989 -33.4355011 2.04085016
59.3174515 -33.5277023 3.30819988
59.2714996 -33.4261513 3.45805001
59.2593994 -33.4154015 3.61919999
59.2738647 -33.2936668 2.08748341
59.3157005 -33.2201004 2.27110004
59.2064018 -33.3653984 3.37700009
59.2097015 -33.3005981 3.41580009
59.3821983 -33.1437988 -1.1329
59.2580986 -33.1591988 2.16359997
59.3745995 -32.5802002 -1.14419997
59.3101997 -32.3661003 -1.2177
59.3406982 -32.3284988 -1.17069995
59.3047485 -32.0882988 2.66642499
59.3047981 -31.8715 -1.25699997
59.2195511 -31.9030495 2.59084988
59.3599319 -31.9109993 2.6928668
59.3496513 -31.7384491 2.52614999
59.3160248 -31.6867256 2.68270016
59.2186012 -31.5925999 -1.22889996
59.321701 -31.517849 2.53800011
59.2187004 -31.3990993 2.54480004
59.310318 -31.313221 2.69794011
59.3521996 -31.2880993 2.8282001
59.2762985 -31.1436501 2.32719994
59.2514992 -30.8057003 -1.1789
59.2523994 -30.9090996 2.53500009
59.2534332 -30.8992672 2.73233342
59.3297997 -30.7026501 2.27110004
59.33918 -30.6935997 2.75417995
59.2508774 -30.4771004 2.757375
59.3376007 -30.4904003 2.81839991
59.2172012 -30.2716999 -1.23399997
59.2873001 -30.2938995 2.77710009
59.2675476 -30.2992001 2.80955005
59.3186989 -30.1088009 1.63530004
59.2360992 -30.0856991 1.93669999
59.2703018 -30.14505 2.72309995
59.3283997 -30.1868992 2.81229997
59.3888016 -29.8425007 1.69910002
59.2505989 -29.9435997 1.83870006
59.2846718 -29.9262142 2.70597148
59.3848 -29.7224007 -1.21829998
59.3386002 -29.6647339 1.50473332
59.3210678 -29.7161331 1.67513335
59.3367004 -29.6033001 2.43479991
59.2366028 -29.7442513 2.62890005
59.2639008 -29.4188004 -1.22510004
59.3002701 -29.5080719 1.50801432
59.3030014 -29.5317326 1.65693331
59.3008995 -29.5601006 2.48160005
59.2919998 -29.4828491 2.66569996
59.2397003 -29.4279995 2.80830002
59.2696228 -29.2925758 1.31244993
59.3286514 -29.3237991 1.47905004
59.3364029 -29.3040504 1.72184992
59.2397003 -29.3243008 2.90770006
59.3959999 -29.2406006 3.02649999
59.2862511 -29.0752487 1.4533
59.2256012 -29.031601 1.61969995
59.2139015 -29.1140995 2.75679994
59.28368 -29.1001205 2.85786009
59.2052994 -28.8167992 -1.31529999
59.3093987 -28.8973999 1.53149998
59.3167992 -28.8367996 1.65489995
59.2136993 -28.9776993 2.58039999
59.3819008 -28.9904995 2.63700008
59.362999 -28.9083996 2.87150002
59.3391991 -28.9092484 3.11074996
59.3183975 -28.6289501 -1.30570006
59.2911224 -28.7113991 1.5223
59.337101 -28.6876755 1.66214991
59.2457008 -28.6224995 2.54949999
59.2103004 -28.6942005 2.62159991
59.2239685 -28.7058659 2.85249996
59.2220993 -28.7119007 3.01740003
59.327301 -28.6581001 3.29649997
59.3774986 -28.4200993 -1.28400004
59.2346992 -28.4858017 1.37444997
59.3110504 -28.5392494 1.55375004
59.2100983 -28.4521999 1.6027
59.2006989 -28.5641003 2.59710002
59.3207016 -28.5846996 2.66650009
59.3227997 -28.4701996 3.01629996
59.2154007 -28.2621994 1.36210001
59.3000984 -28.3731995 1.46539998
59.3707008 -28.3495007 2.74309993
59.3153496 -28.3271484 2.90899992
59.3558006 -28.0182991 2.87190008
59.3255005 -28.0764503 3.04104996
59.3233986 -27.9291 -1.34730005
59.3950005 -27.9626999 2.2434001
59.3715973 -27.9454002 2.91200018
59.2779007 -27.8481007 3.04809999
59.2534485 -27.6328506 2.320575
59.3507996 -27.6028004 2.40569997
59.2221985 -27.6795006 2.64179993
59.3828011 -27.7688007 2.99110007
59.3743019 -27.7777004 3.07139993
59.2932014 -27.4705009 -1.35723329
59.2911644 -27.5365677 2.08016658
59.2617035 -27.5159988 2.53670001
59.2979507 -27.4748001 2.88404989
59.3711014 -27.5624008 3.09120011
59.233799 -27.3374004 -1.35280001
59.3671494 -27.3465004 1.99425006
59.346199 -27.2770996 2.2112
59.3442001 -27.3488998 2.90790009
59.332901 -27.1651001 -1.26090002
59.3456497 -27.1402512 1.98164999
59.3339996 -27.0191994 2.02999997
59.2495003 -26.9001007 -1.41439998
59.2514992 -26.9312 1.92635
59.3580017 -26.9874001 2.03294992
59.3124809 -26.8969193 2.89592004
59.3146019 -26.9570007 3.03990006
59.239151 -26.7218513 2.79430008
59.2221985 -26.706501 2.86094999
59.3911018 -26.6588001 3.08669996
59.2703514 -26.4904251 2.88905001
59.2705002 -26.4314003 3.03579998
59.2257004 -26.3801003 2.95140004
59.3586006 -26.1884003 -1.38520002
59.3125496 -25.8449516 -1.45539999
59.2453995 -25.8183002 -1.38390005
59.283699 -25.4605007 -1.40129995
59.3628006 -25.4771004 1.06559992
59.2266998 -25.3740997 -1.44389999
59.2397995 -25.2843494 0.945449948
59.2919998 -25.3071499 1.08577502
59.3148994 -25.0268993 -1.44799995
59.3745003 -25.0345993 -1.3714
59.2028008 -25.1924992 0.824199975
59.2473984 -25.0891495 1.00724995
59.2900505 -25.0439987 1.69729996
59.3003006 -24.8895493 -1.45430005
59.2568016 -24.9731007 1.58780003
59.3546982 -24.8096008 1.62419999
59.2444 -24.8155994 2.23049998
59.2918015 -24.6226006 1.1358
59.2988014 -24.6256008 1.58169997
59.2997246 -24.6929512 1.64462495
59.2089005 -24.6802006 2.32590008
59.3278999 -24.4447994 0.97329998
59.2802505 -24.4728508 1.13310003
59.321701 -24.4186993 1.78069997
59.2416992 -24.4780998 2.25189996
59.3816986 -24.4578991 2.41560006
59.2002983 -24.2705994 -1.47409999
59.2841682 -24.2863998 0.902499974
59.3572998 -24.2472 1.10440004
59.3271751 -24.3345757 1.35175002
59.2492981 -24.3314991 1.53729999
59.2597008 -24.3822002 1.84930003
59.3270988 -24.2056007 2.09870005
59.2821503 -24.22085 2.21405005
59.3036995 -24.1103992 1.18589997
59.3932991 -24.1720009 1.28380001
59.3658981 -24.0324001 1.88530004
59.2229004 -24.1219006 2.6421001
59.3111343 -24.0293674 3.57833338
59.3537521 -24.1314507 3.62100005
59.3017998 -23.9263496 -1.45184994
59.2979507 -23.9771996 1.14525008
59.338501 -23.8925514 1.2328999
59.3115349 -23.8851662 2.1686666
59.3186989 -23.9417 2.89450002
59.3101006 -23.9127998 3.02749991
59.3429489 -23.8849487 3.56424999
59.25 -23.9030991 3.68300009
59.3704987 -23.9494991 3.8131001
59.2481003 -23.7126999 -1.47420001
59.3143005 -23.755249 1.16764998
59.2887993 -23.625 1.67680001
59.2786484 -23.7169991 2.08585
59.3353996 -23.7026997 2.34649992
59.2858009 -23.7793007 3.13529992
59.3183746 -23.6794758 3.34854984
59.2951813 -23.7502003 3.48713994
59.3468018 -23.6158009 3.79340005
59.2602005 -23.509325 0.922299981
59.2748985 -23.4802799 1.12852001
59.2933006 -23.5387001 1.30254996
59.2447014 -23.5797005 1.5007
59.3312683 -23.5048332 2.17306662
59.2779007 -23.5405998 3.35630012
59.2170982 -23.5741005 3.44770002
59.3237991 -23.4454002 3.61849999
59.357399 -23.2812996 0.970399976
59.3147583 -23.2829399 1.10112
59.3368988 -23.2768993 1.24179995
59.34795 -23.3009987 2.07115006
59.3703995 -23.3679008 3.48950005
59.3268013 -23.0037003 -1.74549997
59.2385254 -23.137825 1.09535003
59.3810997 -23.1867008 1.21570003
59.2923012 -23.1201992 2.3973999
59.3165016 -22.9361 -1.54519999
59.2671013 -22.9262009 1.06959999
59.2756004 -22.9717999 1.38549995
59.3084984 -22.6662998 -1.53610003
59.2498016 -22.434 -1.48479998
59.343399 -22.0346489 1.37545002
59.2241974 -22.1240501 1.72570002
59.3342018 -21.9766998 -1.60870004
59.365799 -21.9120998 1.33399999
59.2873993 -21.8373489 1.57169998
59.2471313 -21.8969326 1.7092334
59.2432671 -21.6500664 1.24689996
59.2639694 -21.7118664 1.54083335
59.2811012 -21.7336006 1.77970004
59.2446518 -21.6187515 2.18659997
59.2355995 -21.6161995 2.21760011
59.2743988 -21.5557003 1.28320003
59.2468987 -21.4305992 1.46749997
59.3521996 -21.4116993 2.17519999
59.3202019 -21.3502007 -1.60160005
59.3036995 -21.3043003 -1.55509996
59.3890991 -21.3700008 1.62
59.2965012 -21.3514996 1.99740005
59.3140984 -21.1329002 1.49779999
59.3088989 -21.1900997 1.99679995
59.382 -20.8397007 -1.62160003
59.2141991 -20.8605995 1.09710002
59.3651009 -20.6975002 -1.24300003
59.2974014 -20.7910995 -0.853299975
59.2804794 -20.6689205 1.04809999
59.2719994 -20.5042496 -1.59154999
59.3469315 -20.4860668 1.07369995
59.2274017 -20.5615005 1.72570002
59.3977013 -20.2474003 -1.58220005
59.3857002 -20.3787003 0.941299975
59.3638 -20.2833004 1.29299998
59.2308006 -20.1527996 -1.70510006
59.2103996 -20.1217003 1.30980003
59.2681007 -20.1450005 1.58179998
59.501297 -39.9852982 -0.949050009
59.5614014 -39.7294998 -0.906799972
59.5998993 -39.4938011 -0.924899995
59.4623985 -39.1447983 -0.933099985
59.5065002 -38.6531525 -0.965200007
59.4852982 -38.4160995 -1.00580001
59.4742012 -38.5796013 -0.994499981
59.468399 -38.0253983 -0.944999993
59.4667015 -37.9337997 -0.994000018
59.5994987 -37.7439995 -1.13320005
59.4239006 -37.7733002 -0.998600006
59.5774994 -37.0438499 -1.01394999
59.5027008 -37.1665993 -0.990999997
59.5265007 -36.6730995 -1.04709995
59.5135994 -36.2668991 -1.08080006
59.4133987 -36.3051987 2.20160007
59.5688019 -36.0541992 -1.02119994
59.5644989 -36.0797501 2.12755013
59.5928001 -35.9616013 -1.05589998
59.4609985 -35.8636017 1.78470004
59.4789009 -35.8883018 2.06876659
59.4472008 -35.7122002 1.93610001
59.4688034 -35.4859009 -0.442999989
59.4264984 -35.5098 -0.332500011
59.4849014 -35.5413971 1.89324999
59.5570526 -35.33255 1.82605004
59.5756989 -35.0564003 1.80060005
59.5079994 -34.8809509 1.69124997
59.4164009 -34.9812012 1.82669997
59.4333 -34.8484001 2.03530002
59.4202003 -34.7382011 -1.10829997
59.4505997 -34.6721001 1.58099997
59.485466 -34.6592674 1.6541667
59.5960007 -34.5563011 -1.14629996
59.5100746 -34.4617004 1.27567506
59.5516205 -34.4698181 1.47818005
59.5293503 -34.4631996 1.66969991
59.4151993 -34.4007988 2.22270012
59.4671516 -34.3467026 1.26390004
59.5172005 -34.3638496 1.42295003
59.5248985 -34.2952003 2.14919996
59.4860344 -34.2794991 2.32990003
59.5277481 -34.2712479 2.43505001
59.4063988 -34.1814995 1.31869996
59.4776993 -34.0667 1.57860005
59.5184746 -34.0490265 1.71737504
59.4660988 -34.0938988 1.83350003
59.4751015 -33.8548012 -1.13110006
59.5015984 -33.9394989 1.70700002
59.5035019 -33.9473495 1.86345005
59.5523987 -33.8689499 2.34705019
59.4561501 -33.8432465 2.47429991
59.418499 -33.8404999 2.73620009
59.5411987 -33.9011993 2.84030008
59.4132996 -33.7673988 1.68359995
59.5988998 -33.7472992 1.81710005
59.5685997 -33.7817001 2.68889999
59.4578781 -33.7006989 2.94249988
59.4693985 -33.6678391 3.08845997
59.4398003 -33.5363007 -1.21969998
59.5578499 -33.4476471 -1.15429997
59.4949989 -33.5234985 1.95200002
59.4684334 -33.4682312 2.10963345
59.5713997 -33.5536995 2.24699998
59.4938507 -33.5010529 3.16849995
59.4930267 -33.4917526 3.30662489
59.5763016 -33.3699989 3.32969999
59.5016022 -32.0967484 -1.17830002
59.4299011 -32.1402016 2.67980003
59.4705009 -31.934 -1.18550003
59.4407005 -31.8563671 2.69446659
59.4309006 -31.9979 2.80640006
59.455101 -31.7178993 2.33960009
59.4226341 -31.666666 2.53419995
59.4819336 -31.7559338 2.71923327
59.5647011 -31.4433994 -1.21270001
59.5853996 -31.4941998 -1.18889999
59.5056 -31.2604008 2.50880003
59.4833412 -31.26688 2.68237996
59.4798012 -31.0474758 2.33130002
59.4474983 -31.052 2.41759992
59.5181007 -31.1013489 2.68834996
59.5102005 -31.0681 2.80100012
59.5508995 -30.8988991 2.19169998
59.4636002 -30.9876003 2.32470012
59.5138474 -30.9417992 2.73425007
59.5246506 -30.9223003 2.81669998
59.5054016 -30.6299 2.25379992
59.5428467 -30.7355995 2.84980011
59.5012016 -30.4251003 -1.25709999
59.5222511 -30.5182495 2.23892498
59.4852982 -30.4113998 2.71343327
59.5135994 -30.2278004 -1.22829998
59.5181007 -30.3845005 2.72510004
59.4564018 -30.3687992 2.83890009
59.5488014 -30.0650005 -1.28740001
59.4919014 -30.1126003 2.7019999
59.4385986 -30.1301003 2.87330008
59.5471001 -29.8512993 1.5002501
59.4645004 -29.9937 2.83649993
59.5196991 -29.6564999 -1.30964994
59.4020004 -29.6119995 1.33959997
59.4837837 -29.6968822 1.50951672
59.4894791 -29.6725407 2.70801997
59.4812012 -29.6672993 2.83920002
59.4676018 -29.5585003 -1.29519999
59.4468994 -29.4620991 1.36329997
59.4360008 -29.4918671 1.54939997
59.4152985 -29.4288006 1.68599999
59.4819336 -29.5296001 2.71710014
59.5728493 -29.4532013 2.86630011
59.5046997 -29.2870483 -1.26485002
59.4966507 -29.3376999 1.31015003
59.489399 -29.3950005 1.47370005
59.4747658 -29.2297325 1.69570005
59.5139008 -29.2287006 2.75200009
59.4275017 -29.2502003 3.05970001
59.4978485 -29.1002007 -1.32459998
59.4794006 -29.1541004 1.59940004
59.5656967 -29.1327496 1.70635009
59.5017014 -29.0393009 2.90300012
59.5205994 -29.0004997 3.11759996
59.507 -28.9195995 1.31159997
59.5247383 -28.8964806 1.49896002
59.5223007 -28.9808674 1.71903336
59.5018501 -28.8326988 2.92854977
59.474762 -28.7153797 1.51005995
59.5632477 -28.6830006 1.60854995
59.5758018 -28.6394997 1.96280003
59.4946518 -28.7070503 2.11969995
59.5377007 -28.7399006 2.2493999
59.465168 -28.6876011 2.86483335
59.5727997 -28.4347 -1.36450005
59.5466003 -28.5240993 1.38600004
59.4547997 -28.5806999 2.09069991
59.5912018 -28.4085007 2.54999995
59.4764023 -28.5569 2.67845011
59.4883995 -28.4817009 2.96615005
59.5130501 -28.2744007 -1.27520001
59.5209351 -28.234333 2.49933338
59.5889015 -28.2975998 2.77110004
59.4714012 -28.3815994 2.86350012
59.5816002 -28.3559494 3.04115009
59.4197998 -28.2639008 3.21149993
59.5167999 -28.0531998 -1.32130003
59.4804001 -28.1483002 2.54850006
59.4976997 -28.0505009 2.78239989
59.4805336 -28.0953007 2.93343329
59.4374008 -28.0063 3.09369993
59.5094986 -27.9542007 -1.32700002
59.5826988 -27.9771004 2.3678
59.5517998 -27.9512005 2.91652012
59.447998 -27.9384327 3.14090014
59.4006004 -27.8414001 3.20180011
59.5144501 -27.6807251 2.7272501
59.5218506 -27.661499 3.01464987
59.5535011 -27.4906006 1.95459998
59.550499 -27.4295006 2.00749993
59.5040016 -27.5820999 2.71359992
59.5308342 -27.5182991 2.88474989
59.5141983 -27.4906006 3.03154993
59.4105988 -27.2416 -1.36179996
59.4641495 -27.3244991 1.97409999
59.5120125 -27.3040237 2.08896255
59.4216995 -27.2782001 2.37930012
59.4082985 -27.2952003 2.46000004
59.479248 -27.2629509 2.90875006
59.4627647 -27.1109657 2.05753326
59.4683495 -27.1546001 2.23745012
59.5307999 -27.0856991 2.97573328
59.5785332 -27.0656338 3.12286663
59.5152016 -27.1308002 3.28909993
59.4532013 -26.8313999 2.7349
59.4912338 -26.8760662 2.90723324
59.5589676 -26.9073658 3.0964334
59.4511986 -26.7103004 -1.38230002
59.543499 -26.7985992 2.06579995
59.5349998 -26.7733994 2.87870002
59.4438744 -26.7473259 3.12642503
59.4348984 -26.7528 3.25600004
59.5009995 -26.4792995 2.92269993
59.47715 -26.5383492 3.1022501
59.4821014 -25.9804001 -1.42719996
59.4962006 -25.8759003 -1.38090003
59.5836029 -25.6573982 -1.41925001
59.596199 -25.7667007 -1.39880002
59.5346985 -25.4214993 -1.44169998
59.4724007 -25.4213505 1.07005
59.4463005 -25.3043995 -1.43659997
59.4510193 -25.29076 1.0848
59.5555 -25.2406998 1.23909998
59.5346985 -25.2796993 1.41410005
59.5300484 -25.1142502 -1.46959996
59.4915352 -25.1250324 1.08439994
59.5890007 -25.1355991 1.23860002
59.4896507 -25.1008492 1.66694999
59.5443993 -24.8400993 1.14129996
59.5174828 -24.9413166 1.66343331
59.5606995 -24.8442993 2.2967999
59.5019989 -24.6744995 -1.47090006
59.5441666 -24.6585999 1.12793338
59.4727173 -24.6897163 1.71831667
59.5525017 -24.6746006 1.93579996
59.4673996 -24.7910004 2.23099995
59.5133667 -24.6281338 2.4398334
59.472599 -24.4846001 0.993900001
59.4225006 -24.4034996 1.12650001
59.4933014 -24.5198193 1.73370004
59.5009995 -24.4738331 1.84850001
59.533699 -24.4845009 2.02880001
59.5890999 -24.4305 2.28480005
59.5466003 -24.4269009 2.48110008
59.4113007 -24.2931995 -1.41729999
59.4686012 -24.2157993 0.94630003
59.5128517 -24.2509995 1.28170002
59.5229988 -24.3724995 1.56700003
59.5055008 -24.3775997 1.68229997
59.4696007 -24.2737007 1.83210003
59.4030991 -24.2082005 2.25169992
59.4244003 -24.0156002 -1.50399995
59.5840988 -24.1795006 1.00730002
59.4389 -24.0993004 1.29879999
59.5108681 -24.0622673 1.46763337
59.5682335 -24.0979004 1.69703341
59.487442 -24.0550995 2.14576006
59.5373344 -24.1338654 2.26763344
59.4747009 -24.1238003 2.89709997
59.5499992 -24.1159992 3.03049994
59.4584999 -23.9549999 -1.47350001
59.4884987 -23.8903008 1.18690002
59.551651 -23.9510002 1.34780002
59.5018997 -23.9405003 1.65620005
59.5141983 -23.8229008 1.86930001
59.5290489 -23.9748993 2.12699986
59.5691986 -23.8927994 2.43149996
59.5822983 -23.9831009 2.95609999
59.4996681 -23.8747177 3.07961655
59.5292015 -23.9176006 3.2111001
59.5105515 -23.8876495 3.58824992
59.4615402 -23.9187012 3.71918011
59.4588013 -23.9384003 3.81539989
59.4990005 -23.7301006 -1.4612
59.5587997 -23.702034 1.28686666
59.5284996 -23.7292004 1.78219998
59.4853973 -23.6772003 2.15993333
59.5382004 -23.6547508 2.22595
59.4343987 -23.6832008 3.17650008
59.437149 -23.6408997 3.37505007
59.5427017 -23.6682148 3.50950003
59.5297012 -23.6612988 3.67366672
59.4444008 -23.4307003 1.14049995
59.5446014 -23.4960995 1.20369995
59.5056992 -23.5704994 1.48689997
59.4283981 -23.5513 1.62240005
59.549202 -23.516201 1.87829995
59.5203018 -23.4771004 2.1328001
59.5705986 -23.5189991 2.2902
59.5695648 -23.5104656 3.33920002
59.4526176 -23.4485798 3.50794005
59.4603653 -23.3497009 1.08513331
59.4174995 -23.3645 1.38310003
59.5234489 -23.2816658 2.12543344
59.5386314 -23.3096676 2.26970005
59.5221672 -23.3620663 3.49426675
59.5536003 -23.3334007 3.68214989
59.4850502 -23.137249 -1.55314994
59.5791016 -23.0669003 1.10090005
59.479599 -23.0608997 1.9598
59.4918556 -23.1362 2.06078577
59.4103012 -23.1669006 2.2671001
59.4190483 -22.9015999 -1.50940001
59.4011993 -22.6840992 -1.54530001
59.4592018 -22.0205994 1.35160005
59.4677353 -21.9387341 1.33236659
59.4235992 -21.8690987 1.45024991
59.5704994 -21.8393002 2.30019999
59.4998665 -21.7251339 1.53266668
59.509201 -21.698349 2.17694998
59.5825005 -21.7262993 2.30290008
59.591301 -21.6802998 2.49480009
59.5331001 -21.5338001 -1.60080004
59.5553513 -21.5078011 1.53745008
59.5732994 -21.5018005 1.60319996
59.5545006 -21.4190006 2.2026999
59.4441528 -21.373951 1.51425004
59.4424019 -21.2623997 2.03049994
59.4012985 -21.1721992 1.97389996
59.4992981 -21.0643005 2.03410006
59.5982018 -20.8999004 -1.60710001
59.4085007 -20.7861996 -1.61179996
59.5415497 -20.6811485 -1.49679995
59.5267982 -20.6551991 -1.36549997
59.5402985 -20.6194 -1.12259996
59.4569016 -20.6473999 -0.959100008
59.5637016 -20.4951992 -1.61459994
59.5852013 -20.4983997 -0.403600007
59.5472984 -20.5573997 -0.301999986
59.5174484 -20.462326 1.08500004
59.5433998 -20.3899994 0.0935999975
59.5471992 -20.3724003 0.273400009
59.527401 -20.3908997 0.990100026
59.5093002 -20.1912003 0.989400029
59.7463493 -39.9523506 -0.962899983
59.6302986 -39.0954018 -0.963199973
59.6926994 -38.9828987 -1.00899994
59.6331482 -38.7352486 -0.966250002
59.6408997 -38.5451012 -0.961300015
59.6689987 -38.3596992 -0.932099998
59.6659012 -38.0778999 -0.986500025
59.7265015 -37.9078522 -1.02114999
59.6254997 -37.7953987 -1.07850003
59.7537994 -37.3857994 -1.00440001
59.7288017 -37.1192017 -1.01489997
59.6991997 -36.6086998 -1.02139997
59.7187996 -36.5153008 -1.02769995
59.7067986 -36.4021988 2.18420005
59.7075005 -36.5098 2.37619996
59.7150002 -36.2515984 2.14389992
59.6621017 -36.1903534 -1.07054996
59.7644005 -36.1397018 1.61240005
59.7536011 -36.1253014 2.20689988
59.6958008 -36.024601 3.05780005
59.6763992 -35.8358994 1.76380002
59.6768684 -35.9729652 2.04806662
59.714901 -35.9935989 2.59509993
59.7361984 -35.7335014 -1.05789995
59.7006493 -35.6643982 -0.960999966
59.7776985 -35.614399 -0.674899995
59.7952995 -35.6111984 -0.494700015
59.7294502 -35.6424026 -0.217500001
59.6514015 -35.6879005 1.79980004
59.7578011 -35.7416992 2.04200006
59.701767 -35.5048332 -1.05849993
59.679924 -35.5005493 -0.865474999
59.7332878 -35.5054703 -0.724928558
59.7239647 -35.4889221 -0.515955567
59.7206993 -35.4905663 -0.306699991
59.7119484 -35.4736748 -0.0848375037
59.7335014 -35.424202 0.0901000053
59.7746506 -35.4356003 0.254150003
59.7793007 -35.5045013 0.444099993
59.7913017 -35.403801 1.55359995
59.7587013 -35.5614014 1.78190005
59.6561737 -35.5387726 1.91579998
59.7125015 -35.2804489 -1.09039998
59.7048988 -35.3927002 -0.943499982
59.6713982 -35.3758011 0.180399999
59.7452011 -35.3704987 0.317999989
59.7432327 -35.3708687 0.503733337
59.6914978 -35.1115494 -1.11164999
59.6800003 -35.0967484 1.81634998
59.7317009 -34.8554001 1.60179996
59.6763496 -34.7345009 1.48940003
59.6446991 -34.6417999 1.6652
59.7042007 -34.5200005 1.19840002
59.6869659 -34.5097313 1.37
59.6175003 -34.5873985 1.57850003
59.7290001 -34.4760017 1.89250004
59.6808014 -34.236599 -1.16670001
59.7134018 -34.2531013 1.55659997
59.7275505 -34.2838974 2.11245012
59.6941681 -34.2796326 2.35646653
59.7551994 -34.2402 2.61689997
59.6954994 -34.075901 1.57799995
59.722599 -34.0354004 1.70679998
59.7748985 -34.1792984 2.02279997
59.7352982 -34.0792007 2.36695004
59.6808662 -34.0737991 2.47616673
59.7434998 -34.1142998 2.73819995
59.7066002 -33.9976997 -1.12720001
59.7747993 -33.9859009 1.58309996
59.7063522 -33.8866997 1.76104999
59.6869011 -33.8292656 1.88726664
59.6921501 -33.8602524 2.01810002
59.6824341 -33.8983994 2.46416664
59.7269974 -33.8843765 2.72385001
59.6945 -33.8612976 2.88840008
59.6655998 -33.6394005 1.56900001
59.6537476 -33.6977501 1.72679996
59.7005501 -33.7408981 1.97119999
59.6685028 -33.6943512 2.86984992
59.6473351 -33.7027016 3.07833338
59.6743507 -33.494751 -1.13785005
59.7299347 -33.4673653 2.94736671
59.68853 -33.4822578 3.11124277
59.690033 -33.5148354 3.28649998
59.6165009 -33.5724983 3.45149994
59.6870003 -32.7126007 -1.16750002
59.7066002 -32.47155 -1.17630005
59.6641006 -32.3019981 -1.17270005
59.6441002 -32.0662537 -1.20945001
59.667099 -31.9646492 -1.18720007
59.6044998 -31.6998005 -1.18710005
59.6116982 -31.5848999 -1.23670006
59.6389008 -31.4200001 2.55080009
59.6945992 -31.2639198 2.51604009
59.6900787 -31.2501602 2.63676
59.6870346 -31.2505665 2.88843346
59.6408997 -31.0489006 -1.25
59.6352997 -31.0648003 2.54369998
59.6953392 -31.1260395 2.73815989
59.7008018 -31.0871201 2.86154008
59.6408997 -30.8209991 2.77760005
59.6979332 -30.8964672 2.88921666
59.7040024 -30.6343994 -1.2349
59.7369499 -30.6483002 2.71460009
59.6885262 -30.6888752 2.87349987
59.671299 -30.4683495 -1.24070001
59.6096001 -30.4747009 2.19339991
59.7425003 -30.5035992 2.73020005
59.7241402 -30.4893799 2.86504006
59.6114006 -30.3792 -1.20280004
59.6831017 -30.2408009 2.6329
59.6886749 -30.2693501 2.85649991
59.7081337 -30.124567 2.90703321
59.6521988 -29.8184338 2.72056675
59.6900482 -29.922699 2.82075
59.6832008 -29.6487007 -1.26269996
59.6077995 -29.7607002 1.55250001
59.7017517 -29.6854496 2.69080019
59.7210999 -29.6830997 2.86109996
59.7013741 -29.5039749 2.69772506
59.6887016 -29.5818996 2.92670012
59.7458 -29.4722004 3.02085018
59.6351013 -29.3395996 -1.28199995
59.6700401 -29.2788811 2.72767997
59.716362 -29.3116398 2.90836
59.6939011 -29.1690998 2.87140012
59.655201 -29.1522999 3.03340006
59.639801 -28.8477993 1.58360004
59.7050018 -28.8367996 2.13870001
59.7278976 -28.9451008 2.92965007
59.6665993 -28.6748009 1.59570003
59.7546005 -28.7343998 1.66490006
59.7616997 -28.675766 1.85786664
59.6567497 -28.7807999 2.16834998
59.7433662 -28.7448997 2.9412334
59.6537018 -28.4815502 -1.29454994
59.7034988 -28.5692673 2.88993335
59.7561989 -28.4067993 3.09859991
59.7444992 -28.4034004 3.21359992
59.7173004 -28.2377014 2.33400011
59.723568 -28.304533 2.49915552
59.7571983 -28.3579998 2.69770002
59.7324982 -28.2154007 2.95120001
59.7162323 -28.2613659 3.0941
59.756649 -28.3122997 3.24245
59.6574326 -28.167366 -1.34423339
59.6933746 -28.0648994 2.3508749
59.6569328 -28.1135674 2.46093345
59.7498016 -28.0673008 2.70619988
59.6934967 -28.1421509 2.84555006
59.730732 -28.0941334 3.13073325
59.7830009 -28.0144005 3.27880001
59.651001 -27.8451996 -1.36530006
59.600399 -27.8190994 2.1803
59.7000504 -27.9118004 2.31355
59.6405983 -27.8997993 2.59660006
59.7402 -27.8745995 2.6171999
59.7360992 -27.8645248 2.87415004
59.6984024 -27.7540493 -1.34445
59.6432991 -27.7691002 2.4453001
59.6721001 -27.674099 2.7318666
59.7203789 -27.6675606 2.87364006
59.7761002 -27.6324997 3.08290005
59.7515488 -27.6982002 3.35625005
59.6314011 -27.4610996 -1.37194991
59.6341019 -27.4484005 2.94280005
59.7296982 -27.4328995 3.03244996
59.7589989 -27.5601006 3.27530003
59.6078987 -27.2598991 -1.3398
59.6323013 -27.2220993 1.98699999
59.668499 -27.3815002 2.07119989
59.6849327 -27.3318672 2.96230006
59.7485237 -27.2566242 3.05632496
59.7760506 -27.2612495 3.25629997
59.6543007 -27.0569 -1.40639997
59.7914009 -27.0442009 -1.38629997
59.6091003 -27.1664009 1.98029995
59.6960411 -27.0501995 2.04796004
59.6591988 -27.0723324 2.91013336
59.6431007 -27.1086998 3.07903337
59.7085991 -27.1938992 3.20869994
59.6850014 -26.8815002 1.921
59.6918259 -26.9291248 2.08607507
59.6323013 -26.9701004 2.77740002
59.6561356 -26.8456345 2.92966652
59.7282028 -26.8801003 3.02075005
59.6721992 -26.7486992 -1.35829997
59.7710991 -26.7642002 1.92120004
59.7849998 -26.7770996 2.01620007
59.6561508 -26.7674007 2.87284994
59.7549019 -26.4605999 -1.40059996
59.6666985 -26.1886997 -1.45270002
59.645401 -26.1102486 -1.35679996
59.7750015 -25.8358994 -1.41830003
59.7538261 -25.6584759 1.70879996
59.6788483 -25.4948502 1.74399996
59.7622986 -25.5310001 1.83319998
59.6044006 -25.2782001 1.17729998
59.667099 -25.2579994 1.5855
59.6903992 -25.3227997 1.6396333
59.6189995 -25.0666008 1.13629997
59.6539001 -25.1261005 1.58239996
59.7557983 -25.1315002 1.62769997
59.6427002 -25.0664005 2.16770005
59.7066002 -24.8922501 1.13997495
59.7887001 -24.8125992 1.20130002
59.6940994 -24.9329987 1.69379997
59.780201 -24.7390995 0.753899992
59.7065735 -24.6783752 1.09407496
59.6938019 -24.7346001 1.22160006
59.7083511 -24.7010994 1.69739997
59.7033997 -24.7386665 2.51226664
59.707325 -24.7099991 2.65212512
59.601799 -24.5368004 -1.48720002
59.6555023 -24.578701 0.898400009
59.6682663 -24.513567 1.11563337
59.6323013 -24.5939999 1.29449999
59.6146011 -24.5575008 1.58860004
59.705101 -24.4911003 1.76679993
59.7993011 -24.5219002 2.3203001
59.7297516 -24.509201 2.45749998
59.6141014 -24.2929001 -1.5266
59.7290993 -24.2618504 0.92385
59.6749649 -24.3303661 1.03973329
59.6679001 -24.2099991 1.22490001
59.7143478 -24.3329506 2.28679991
59.6898003 -24.1257992 -1.45799994
59.7132988 -24.1532001 1.18780005
59.7428017 -24.1945 1.37800002
59.7353516 -24.0075989 1.49504995
59.6655998 -24.0527992 2.23850012
59.6520996 -24.0121994 2.9368999
59.6599007 -24.0648003 3.04999995
59.7783012 -23.9258995 -1.52740002
59.6627998 -23.9706001 1.35280001
59.6328011 -23.8988991 1.43599999
59.6977005 -23.8521996 1.93089998
59.6462479 -23.898201 2.15985012
59.7773514 -23.8271008 2.28674984
59.704567 -23.9031219 3.12809992
59.6262016 -23.8741493 3.28609991
59.6847992 -23.7129498 1.24195004
59.6196976 -23.70895 2.27815008
59.6138992 -23.7917995 3.44810009
59.770401 -23.5276508 1.34539998
59.655201 -23.4955997 1.52950001
59.7402992 -23.4190006 1.68630004
59.6239014 -23.4608994 1.86679995
59.7127991 -23.4199009 2.18000007
59.6548004 -23.5497665 2.24416661
59.7546997 -23.4636002 3.35330009
59.6385994 -23.485775 3.66059995
59.629097 -23.3623009 -1.5065999
59.7038841 -23.2950172 1.08761668
59.6781006 -23.2904339 1.28069997
59.7512016 -23.3518009 1.59130001
59.6001015 -23.3658009 1.62129998
59.6409492 -23.3880501 2.15010023
59.7021484 -23.3381004 2.25164986
59.6907997 -23.1100998 1.14533329
59.6879501 -23.1849003 1.31490004
59.6048012 -23.1856995 2.25629997
59.7672005 -22.8411999 -1.53149998
59.635601 -22.5813007 -1.53349996
59.7532005 -22.1336002 -1.57879996
59.6221008 -21.9519997 -1.57939994
59.7869492 -21.8167 1.50010002
59.6948471 -21.7569504 -1.54715002
59.66325 -21.7178993 1.55174994
59.6295509 -21.6908989 2.30194998
59.7108002 -21.5697002 -1.60450006
59.7913017 -21.5951004 -1.57360005
59.7027664 -21.5515671 1.68526661
59.642334 -21.514267 2.12816668
59.6301994 -21.5077 2.23119998
59.7326012 -21.2579994 -1.57869995
59.7165527 -21.3801498 1.76230001
59.7587013 -21.3889008 2.12619996
59.699852 -21.0420494 -1.62049997
59.6669006 -21.0774002 -1.50800002
59.696701 -21.0951004 1.63769996
59.7683983 -21.1758995 2.11249995
59.6894836 -20.8820171 -1.51615
59.6442986 -20.9941998 1.70799994
59.6696014 -20.6607494 -1.6184001
59.6889496 -20.7435493 -1.52292502
59.6750603 -20.6787205 -1.27432001
59.7159004 -20.6920204 -1.06783998
59.7335739 -20.7136497 -0.914124966
59.7426987 -20.6800003 -0.699000001
59.7750015 -20.7147007 -0.507000029
59.625 -20.5948009 -1.22899997
59.6618004 -20.5723 -1.06529999
59.6794662 -20.5685005 -0.915766656
59.7260399 -20.5583801 -0.692579985
59.740818 -20.5406494 -0.484683335
59.7415123 -20.5195866 -0.2901375
59.748848 -20.5014744 -0.0870000049
59.7313004 -20.3971996 -0.0951000005
59.7188683 -20.3780994 0.150833338
59.7110977 -20.3470001 0.300750017
59.758049 -20.2476006 0.48299998
59.7032013 -20.2425671 0.703100026
59.6938515 -20.2884998 1.06340003
59.691452 -20.1158504 -1.61765003
59.7155991 -20.1807995 0.737800002
59.7627029 -20.1513996 0.85710001
59.8209 -39.3644981 -0.941500008
59.8768997 -38.5625 -1.02049994
59.8781013 -38.0348015 -0.975899994
59.8765488 -37.6861496 -1.03680003
59.8997002 -37.2596016 -1.02310002
59.9201012 -36.8409004 2.29959989
59.9604988 -36.7569008 2.32459998
59.9836006 -36.2616997 -1.09609997
59.8148003 -36.3618011 2.15219998
59.8204002 -36.078701 -1.227
59.9939995 -36.0433006 1.8628
59.8177986 -36.0172005 2.55830002
59.8872986 -36.1199493 3.11919999
59.9305992 -35.9874992 -1.10940003
59.8310013 -35.8998032 2.09544992
59.9062004 -35.9397011 2.54329991
59.8292007 -35.6969986 -1.0359
59.948349 -35.6254005 -0.942749977
59.9171982 -35.6255989 -0.637499988
59.8522987 -35.674099 2.02959991
59.9151993 -35.5570335 -1.11860001
59.8822479 -35.5209999 -0.885850012
59.8180008 -35.5056 -0.623399973
59.8274994 -35.5172997 -0.59890002
59.915699 -35.4952011 -0.344200015
59.8577728 -35.4817505 -0.0911500007
59.8306007 -35.5321999 0.068400003
59.8866997 -35.4920998 0.295399994
59.8380508 -35.4485245 0.48545
59.8727989 -35.4688606 0.692439973
59.8759995 -35.4432983 0.885399997
59.8989792 -35.4998207 1.11070001
59.9179001 -35.4604988 1.28357506
59.9219513 -35.4394493 1.53680003
59.8684006 -35.5433998 1.70490003
59.8124008 -35.3459015 0.567200005
59.8331985 -35.3520966 0.730100036
59.8819504 -35.2812729 0.85847497
59.907032 -35.350235 1.0898
59.8881989 -35.3809013 1.43359995
59.8917007 -35.1563492 0.952100039
59.9405327 -35.0657997 1.05745006
59.8759651 -35.1145668 1.68610001
59.8143997 -35.0192986 1.8096
59.9462013 -34.9359741 1.10877502
59.9262505 -34.8244476 1.28415
59.9337997 -34.9119987 1.68130004
59.9285736 -34.6722755 1.347525
59.8670502 -34.7050018 1.58249998
59.9577484 -34.6922989 1.68510008
59.9485016 -34.4054985 -1.11090004
59.9772987 -34.5402985 1.68470001
59.8370018 -34.4081993 1.96159995
59.8822021 -34.2376022 1.87510002
59.9738998 -34.2771683 2.16116667
59.8834991 -34.3075981 2.31820011
59.9079514 -34.317749 2.4914999
59.8815002 -34.0107002 1.78820002
59.9353981 -34.1074982 1.90149999
59.8977318 -34.0505981 2.15289998
59.9094009 -34.0909996 2.30570006
59.8867607 -34.1004181 2.55048013
59.9103661 -34.0875015 2.73200011
59.9193268 -34.1118507 2.85262489
59.9046021 -33.8967018 -1.13619995
59.8685646 -33.9290009 1.71316671
59.8958511 -33.9251251 1.91367507
59.8886337 -33.9529343 2.02973342
59.8942986 -33.956234 2.56973338
59.9006004 -33.8924675 2.71116662
59.9404526 -33.9569473 2.96184993
59.9670982 -33.9803009 3.0638001
59.8633003 -33.7435989 -1.16279995
59.8100014 -33.7713013 1.99670005
59.8340988 -33.7989998 2.10669994
59.8033333 -33.7377319 2.73036671
59.9253006 -33.7241325 2.96923327
59.9107513 -33.6553497 3.03284979
59.8188515 -33.7094994 3.28605008
59.9439011 -33.4007988 -1.21669996
59.9625015 -33.5878983 -1.17460001
59.9005775 -33.4751434 3.11736655
59.979599 -33.4696999 3.27270007
59.8998985 -33.2470016 -1.16429996
59.8585739 -33.3550262 3.10584998
59.9142494 -33.2699013 3.23889995
59.9382019 -33.2891006 3.43280005
59.9146004 -32.9072342 -1.18393338
59.9450989 -32.4872017 -1.20519996
59.9396019 -32.2932014 -1.20220006
59.9972992 -32.1917 -1.16729999
59.8209991 -31.4403 2.58089995
59.8218994 -31.2278004 2.77180004
59.9833984 -31.1947994 -1.25800002
59.8426018 -31.1527996 2.7902
59.8288002 -31.0949497 2.89900017
59.9468994 -31.0128994 3.11910009
59.9142609 -30.9128208 2.90129995
59.9168015 -30.9304008 3.06830001
59.9959984 -30.7896004 -1.26629996
59.8866005 -30.7978001 2.97029996
59.9211502 -30.7122993 3.02174997
59.8432655 -30.5136662 2.94793344
59.955101 -30.3381996 -1.25300002
59.9650993 -30.3335991 2.59089994
59.9861984 -30.3281994 2.62579989
59.9247322 -30.2594337 2.86246657
59.9253998 -30.0841999 2.86209989
59.8874969 -29.8668003 2.71834993
59.9245491 -29.8687 2.84345007
59.8527985 -29.6096001 -1.31519997
59.8881683 -29.6872997 2.72079992
59.8689995 -29.6748009 2.8283751
59.9364014 -29.4218998 -1.2809
59.8992004 -29.5557995 2.72296667
59.9314995 -29.3719006 -1.27909994
59.8945007 -29.3237 2.57559991
59.8802986 -29.3213005 2.63089991
59.8619003 -29.0188999 -1.27579999
59.9660988 -29.1233006 2.94619989
59.9799004 -29.1525993 3.02550006
59.9189339 -28.8962326 1.97070003
59.9419479 -28.8814011 2.04904985
59.8120003 -28.873951 2.97214985
59.8558006 -28.9832993 3.0467
59.9784012 -28.6546516 -1.32700002
59.8636818 -28.7035999 1.89966667
59.9800987 -28.7889996 2.03800011
59.8667984 -28.7000008 2.71959996
59.8861008 -28.6175995 2.80080009
59.8847008 -28.4577332 2.74716663
59.8083 -28.5408993 2.94569993
59.955101 -28.5503006 3.05455017
59.9393997 -28.4029007 3.27679992
59.8762016 -28.3159008 -1.3592
59.9361 -28.2383003 2.38860011
59.9440651 -28.3020325 2.45533323
59.8622322 -28.2966003 3.11796665
59.8775482 -28.3102989 3.30945015
59.9327507 -28.0828495 2.33174992
59.8974838 -28.1175861 2.46282864
59.9309998 -28.1362743 2.70507503
59.831398 -28.0879002 2.86859989
59.9075317 -27.9014664 2.68653345
59.9654007 -27.8717995 2.90885997
59.9802017 -27.9148006 3.25250006
59.8661003 -27.6184006 -1.41589999
59.8718491 -27.6955986 2.94335008
59.9916 -27.6306 3.05089998
59.898201 -27.5198002 -1.3405
59.8977585 -27.5213795 2.89991999
59.8809013 -27.4518242 3.0385251
59.8946991 -27.2907009 -1.41939998
59.8974342 -27.3530998 2.97036672
59.9107513 -27.2526512 3.1010499
59.8221016 -27.1989994 3.23300004
59.8398018 -26.9328995 -1.37020004
59.8508492 -26.9063492 2.14580011
59.8316002 -26.7446995 1.94070005
59.8841248 -26.7329006 2.10290003
59.8735657 -26.1160336 -1.43513334
59.9235535 -25.8921509 -1.42479992
59.9291 -25.8373985 1.73819995
59.9779015 -25.8999996 1.82360005
59.9364014 -25.7748508 -1.45190001
59.892601 -25.7221489 1.74530005
59.8082008 -25.4223003 1.14320004
59.9112015 -25.4363003 1.3143667
59.8440018 -25.4088993 1.52699995
59.8907471 -25.5195999 1.70169997
59.8725014 -25.5841007 1.82239997
59.9654999 -25.4841995 2.1020999
59.8815002 -25.2507992 -1.45270002
59.8512993 -25.2640991 1.11769998
59.9141998 -25.2908001 1.33249998
59.9099998 -25.2282009 1.57990003
59.8972015 -25.316515 1.67481434
59.9766998 -25.0737 -1.46539998
59.9059982 -25.1214752 1.10762501
59.9291496 -25.1289501 1.28122497
59.8337479 -25.1203003 1.47469997
59.9225006 -25.0780487 1.70475006
59.8970985 -25.1390991 2.09200001
59.9248505 -24.8963013 0.856899977
59.9012337 -24.8980007 1.13221669
59.8446007 -24.8889332 1.25033331
59.9347 -24.9356995 1.59630001
59.8880348 -24.9267998 1.64883339
59.9137001 -24.6636009 -1.49450004
59.8979988 -24.7663994 1.08790004
59.8362999 -24.7292995 1.38080001
59.8873329 -24.6617336 1.69186664
59.9592018 -24.7402 1.96379995
59.9403992 -24.7238998 2.44930005
59.9225006 -24.5513 -1.50489998
59.8088989 -24.4223003 1.03970003
59.906456 -24.465971 1.72071433
59.907402 -24.4778996 2.16085005
59.9175987 -24.5622005 2.3526001
59.885498 -24.5460167 2.47659993
59.8967018 -24.3180141 0.935414255
59.9197655 -24.2830009 1.06473339
59.9564018 -24.3582993 1.73080003
59.9121017 -24.3235016 2.34875011
59.9306488 -24.3424492 2.40770006
59.9603996 -24.1919003 0.87379998
59.8349991 -24.0081997 1.45360005
59.9514008 -24.0769501 2.5065999
59.9794006 -24.0450993 2.66720009
59.8291016 -24.0186005 3.1888001
59.9441528 -23.8635502 1.47434998
59.8688507 -23.8889008 2.16454983
59.9515495 -23.9067001 2.30574989
59.8345985 -23.9394341 3.23803329
59.8408012 -23.8477993 3.48119998
59.8488007 -23.7527008 -1.52919996
59.8806992 -23.6661987 1.32255006
59.8938332 -23.7374001 1.45706666
59.8469009 -23.6807995 1.6925
59.9724007 -23.7266006 2.14650011
59.9845009 -23.4330006 -1.55649996
59.9301987 -23.4368 0.972500026
59.9351997 -23.5414505 1.25870001
59.9756012 -23.4034004 1.47350001
59.8095474 -23.2880001 -1.52559996
59.8963318 -23.3171329 0.913066685
59.9124107 -23.3217258 1.07358754
59.8134003 -23.2717991 1.65639997
59.9245529 -23.0646 -1.50740004
59.9636993 -23.1278 0.976700008
59.894001 -23.1595497 1.07424998
59.8941498 -23.1223488 1.25905001
59.8764992 -22.2369003 -1.56729996
59.8325005 -22.1699009 -1.56550002
59.8916016 -22.0874004 1.50769997
59.9813499 -22.1315498 1.63954997
59.9653015 -21.9699993 -1.5862
59.8581581 -21.9057808 1.55817997
59.9279671 -21.9675674 1.66943336
59.8522987 -21.7401009 -1.57650006
59.8882523 -21.7473488 1.58299994
59.957901 -21.7588997 1.60500002
59.9127998 -21.5384007 -1.62600005
59.8563004 -21.5709496 1.68274999
59.8496017 -21.4274998 2.25670004
59.8335991 -21.2481995 2.09260011
59.9109001 -21.3430672 2.29776669
59.8284988 -21.1492004 -1.60469997
59.8465004 -21.0888004 -1.46039999
59.9455986 -21.1979008 1.8829
59.8103981 -21.0056 2.28719997
59.9775009 -20.8483009 -1.65269995
59.9299011 -20.8612003 -1.56879997
59.9388275 -20.8829498 1.55272508
59.9738998 -20.9743004 1.63839996
59.8053017 -20.6758995 -1.16589999
59.8890495 -20.6854496 -0.904999971
59.8013 -20.6053009 -0.601499975
59.9527016 -20.7207985 1.51160002
59.9858017 -20.7509995 1.70060003
59.9636993 -20.4855003 -1.63429999
59.8284988 -20.4972 -0.889299989
59.8641968 -20.5112 -0.387349993
59.823719 -20.4861603 -0.127159998
59.8666344 -20.4615326 0.0579666682
59.8297005 -20.4543324 0.30309999
59.9013977 -20.4443512 0.469799995
59.8759003 -20.4027996 0.649999976
59.9611015 -20.5144997 1.55159998
59.9720993 -20.5214996 1.64750004
59.8666992 -20.3955994 -1.62969995
59.8793983 -20.3570004 0.105099998
59.8741684 -20.3469658 0.314666659
59.8727722 -20.3014565 0.502714276
59.8877983 -20.2721577 0.693271458
59.8899002 -20.245533 0.920333326
59.8551025 -20.3182487 1.11879992
59.8696518 -20.2080002 1.30629992
59.9586334 -20.2798004 1.52476668
59.8438988 -20.3050995 1.67929995
59.832901 -20.1396999 -1.59669995
59.8824348 -20.1637993 0.908349991
59.8735008 -20.1135674 1.10307777
59.9027824 -20.0889835 1.27030003
59.9533005 -20.1320992 1.49880004
59.848999 -20.1713009 1.66859996
