[INFO] [launch]: All log files can be found below /tmp/ros_logs/2026-07-25-02-53-38-019202-ubuntu-4651
[INFO] [launch]: Default logging verbosity is set to INFO
[INFO] [fastlio_mapping-1]: process started with pid [4788]
[fastlio_mapping-1] 1784919218.476650 [0] fastlio_ma: config: //CycloneDDS/Domain/General: 'NetworkInterfaceAddress': deprecated element (file:///tmp/go2_cyclonedds_eth0.xml line 4)
[fastlio_mapping-1] [INFO] [1784919218.546357437] [laser_mapping]: p_pre->lidar_type 1
[fastlio_mapping-1] Multi thread started 
[fastlio_mapping-1] ~~~~/home/unitree/go2_fastlio_ws/src/FAST_LIO/ file opened
[fastlio_mapping-1] [INFO] [1784919218.562672234] [laser_mapping]: Input QoS configured: lidar_depth=2/best_effort imu_depth=400/reliable
[fastlio_mapping-1] [INFO] [1784919218.593464709] [laser_mapping]: Node init finished.
[fastlio_mapping-1] IMU Initial Done
[fastlio_mapping-1] [WARN] [1784919218.834076835] [laser_mapping]: No point, skip this scan!
[fastlio_mapping-1] 
[fastlio_mapping-1] [INFO] [1784919218.938233927] [laser_mapping]: Initialize the map kdtree
[fastlio_mapping-1] FAST_LIO_INPUT_TIMING age_ms_avg=173.402 age_ms_max=246.502 samples=11 lidar_buffer=0 imu_buffer=55
[fastlio_mapping-1] FAST_LIO_OUTPUT_TIMING age_ms_avg=195.534 age_ms_max=214.288 samples=11
[fastlio_mapping-1] FAST_LIO_INPUT_TIMING age_ms_avg=235.187 age_ms_max=366.036 samples=8 lidar_buffer=0 imu_buffer=131
[fastlio_mapping-1] FAST_LIO_OUTPUT_TIMING age_ms_avg=311.448 age_ms_max=421.137 samples=6
[fastlio_mapping-1] FAST_LIO_INPUT_TIMING age_ms_avg=265.493 age_ms_max=339.615 samples=5 lidar_buffer=0 imu_buffer=71
[fastlio_mapping-1] FAST_LIO_OUTPUT_TIMING age_ms_avg=267.443 age_ms_max=332.989 samples=6
[fastlio_mapping-1] FAST_LIO_INPUT_TIMING age_ms_avg=245.275 age_ms_max=328.772 samples=6 lidar_buffer=0 imu_buffer=76
[fastlio_mapping-1] FAST_LIO_OUTPUT_TIMING age_ms_avg=275.835 age_ms_max=373.524 samples=6
[fastlio_mapping-1] FAST_LIO_INPUT_TIMING age_ms_avg=168.089 age_ms_max=209.507 samples=10 lidar_buffer=0 imu_buffer=43
[fastlio_mapping-1] FAST_LIO_OUTPUT_TIMING age_ms_avg=177.676 age_ms_max=229.676 samples=10
[fastlio_mapping-1] FAST_LIO_INPUT_TIMING age_ms_avg=183.303 age_ms_max=289.442 samples=7 lidar_buffer=0 imu_buffer=49
[fastlio_mapping-1] FAST_LIO_OUTPUT_TIMING age_ms_avg=225.664 age_ms_max=332.626 samples=7
[fastlio_mapping-1] FAST_LIO_INPUT_TIMING age_ms_avg=173.634 age_ms_max=188.576 samples=10 lidar_buffer=0 imu_buffer=55
[fastlio_mapping-1] FAST_LIO_OUTPUT_TIMING age_ms_avg=201.795 age_ms_max=215.667 samples=10
[fastlio_mapping-1] FAST_LIO_INPUT_TIMING age_ms_avg=188.791 age_ms_max=233.312 samples=9 lidar_buffer=0 imu_buffer=65
[fastlio_mapping-1] FAST_LIO_OUTPUT_TIMING age_ms_avg=219.419 age_ms_max=267.312 samples=8
[fastlio_mapping-1] FAST_LIO_INPUT_TIMING age_ms_avg=150.588 age_ms_max=218.016 samples=10 lidar_buffer=0 imu_buffer=45
[fastlio_mapping-1] FAST_LIO_OUTPUT_TIMING age_ms_avg=169.538 age_ms_max=248.447 samples=10
[fastlio_mapping-1] FAST_LIO_INPUT_TIMING age_ms_avg=152.191 age_ms_max=167.024 samples=10 lidar_buffer=0 imu_buffer=52
[fastlio_mapping-1] FAST_LIO_OUTPUT_TIMING age_ms_avg=186.755 age_ms_max=264.518 samples=10
[fastlio_mapping-1] FAST_LIO_INPUT_TIMING age_ms_avg=192.757 age_ms_max=300.047 samples=7 lidar_buffer=0 imu_buffer=46
[fastlio_mapping-1] FAST_LIO_OUTPUT_TIMING age_ms_avg=211.188 age_ms_max=332.996 samples=7
[fastlio_mapping-1] FAST_LIO_INPUT_TIMING age_ms_avg=160.774 age_ms_max=176.344 samples=10 lidar_buffer=0 imu_buffer=52
[fastlio_mapping-1] FAST_LIO_OUTPUT_TIMING age_ms_avg=193.033 age_ms_max=209.282 samples=10
[fastlio_mapping-1] FAST_LIO_INPUT_TIMING age_ms_avg=190.237 age_ms_max=203.07 samples=10 lidar_buffer=0 imu_buffer=58
[fastlio_mapping-1] FAST_LIO_OUTPUT_TIMING age_ms_avg=216.85 age_ms_max=234.863 samples=10
[fastlio_mapping-1] FAST_LIO_INPUT_TIMING age_ms_avg=146.075 age_ms_max=213.626 samples=10 lidar_buffer=0 imu_buffer=45
[fastlio_mapping-1] FAST_LIO_OUTPUT_TIMING age_ms_avg=165.762 age_ms_max=233.499 samples=10
[fastlio_mapping-1] FAST_LIO_INPUT_TIMING age_ms_avg=152.052 age_ms_max=166.19 samples=10 lidar_buffer=0 imu_buffer=51
[fastlio_mapping-1] FAST_LIO_OUTPUT_TIMING age_ms_avg=177.266 age_ms_max=190.763 samples=10
[fastlio_mapping-1] FAST_LIO_INPUT_TIMING age_ms_avg=184.396 age_ms_max=197.794 samples=10 lidar_buffer=0 imu_buffer=57
[fastlio_mapping-1] FAST_LIO_OUTPUT_TIMING age_ms_avg=209.901 age_ms_max=224.186 samples=10
[fastlio_mapping-1] FAST_LIO_INPUT_TIMING age_ms_avg=156.31 age_ms_max=210.689 samples=10 lidar_buffer=0 imu_buffer=44
[fastlio_mapping-1] FAST_LIO_OUTPUT_TIMING age_ms_avg=172.143 age_ms_max=232.361 samples=10
[fastlio_mapping-1] FAST_LIO_INPUT_TIMING age_ms_avg=151.218 age_ms_max=164.67 samples=10 lidar_buffer=0 imu_buffer=51
[fastlio_mapping-1] FAST_LIO_OUTPUT_TIMING age_ms_avg=178.733 age_ms_max=191.092 samples=10
[fastlio_mapping-1] FAST_LIO_INPUT_TIMING age_ms_avg=188.153 age_ms_max=246.97 samples=10 lidar_buffer=0 imu_buffer=67
[fastlio_mapping-1] FAST_LIO_OUTPUT_TIMING age_ms_avg=218.258 age_ms_max=302.17 samples=9
[fastlio_mapping-1] FAST_LIO_INPUT_TIMING age_ms_avg=280.021 age_ms_max=315.824 samples=5 lidar_buffer=0 imu_buffer=107
[fastlio_mapping-1] FAST_LIO_OUTPUT_TIMING age_ms_avg=326.918 age_ms_max=363.616 samples=5
[fastlio_mapping-1] FAST_LIO_INPUT_TIMING age_ms_avg=316.48 age_ms_max=329.578 samples=5 lidar_buffer=0 imu_buffer=120
[fastlio_mapping-1] FAST_LIO_OUTPUT_TIMING age_ms_avg=358.879 age_ms_max=380.53 samples=5
[fastlio_mapping-1] FAST_LIO_INPUT_TIMING age_ms_avg=298.68 age_ms_max=384.351 samples=4 lidar_buffer=0 imu_buffer=124
[fastlio_mapping-1] FAST_LIO_OUTPUT_TIMING age_ms_avg=357.61 age_ms_max=434.084 samples=4
[fastlio_mapping-1] FAST_LIO_INPUT_TIMING age_ms_avg=283.942 age_ms_max=339.462 samples=5 lidar_buffer=0 imu_buffer=105
[fastlio_mapping-1] FAST_LIO_OUTPUT_TIMING age_ms_avg=352.253 age_ms_max=403.64 samples=5
[fastlio_mapping-1] FAST_LIO_INPUT_TIMING age_ms_avg=270.761 age_ms_max=327.43 samples=5 lidar_buffer=0 imu_buffer=104
[fastlio_mapping-1] FAST_LIO_OUTPUT_TIMING age_ms_avg=329.299 age_ms_max=384.521 samples=5
[fastlio_mapping-1] FAST_LIO_INPUT_TIMING age_ms_avg=278.381 age_ms_max=341.262 samples=5 lidar_buffer=0 imu_buffer=106
[fastlio_mapping-1] FAST_LIO_OUTPUT_TIMING age_ms_avg=326.887 age_ms_max=390.78 samples=5
[fastlio_mapping-1] FAST_LIO_INPUT_TIMING age_ms_avg=247.513 age_ms_max=332.225 samples=5 lidar_buffer=0 imu_buffer=117
[fastlio_mapping-1] FAST_LIO_OUTPUT_TIMING age_ms_avg=299.762 age_ms_max=384.077 samples=5
[fastlio_mapping-1] FAST_LIO_INPUT_TIMING age_ms_avg=221.267 age_ms_max=373.881 samples=6 lidar_buffer=0 imu_buffer=44
[fastlio_mapping-1] FAST_LIO_OUTPUT_TIMING age_ms_avg=240.198 age_ms_max=423.983 samples=7
[fastlio_mapping-1] FAST_LIO_INPUT_TIMING age_ms_avg=158.255 age_ms_max=233.375 samples=10 lidar_buffer=0 imu_buffer=64
[fastlio_mapping-1] FAST_LIO_OUTPUT_TIMING age_ms_avg=191.449 age_ms_max=279.328 samples=9
[fastlio_mapping-1] FAST_LIO_INPUT_TIMING age_ms_avg=186.48 age_ms_max=249.401 samples=9 lidar_buffer=0 imu_buffer=45
[fastlio_mapping-1] FAST_LIO_OUTPUT_TIMING age_ms_avg=213.98 age_ms_max=297.935 samples=9
[fastlio_mapping-1] FAST_LIO_INPUT_TIMING age_ms_avg=173.214 age_ms_max=222.724 samples=10 lidar_buffer=0 imu_buffer=46
[fastlio_mapping-1] FAST_LIO_OUTPUT_TIMING age_ms_avg=197.899 age_ms_max=248.256 samples=10
[fastlio_mapping-1] FAST_LIO_INPUT_TIMING age_ms_avg=170.559 age_ms_max=215.586 samples=10 lidar_buffer=0 imu_buffer=50
[fastlio_mapping-1] FAST_LIO_OUTPUT_TIMING age_ms_avg=195.561 age_ms_max=239.456 samples=10
[fastlio_mapping-1] FAST_LIO_INPUT_TIMING age_ms_avg=172.134 age_ms_max=218.115 samples=10 lidar_buffer=0 imu_buffer=52
[fastlio_mapping-1] FAST_LIO_OUTPUT_TIMING age_ms_avg=196.905 age_ms_max=241.554 samples=10
[fastlio_mapping-1] FAST_LIO_INPUT_TIMING age_ms_avg=176.536 age_ms_max=223.838 samples=10 lidar_buffer=0 imu_buffer=54
[fastlio_mapping-1] FAST_LIO_OUTPUT_TIMING age_ms_avg=199.982 age_ms_max=247.586 samples=10
[fastlio_mapping-1] FAST_LIO_INPUT_TIMING age_ms_avg=224.807 age_ms_max=438.774 samples=8 lidar_buffer=0 imu_buffer=124
[fastlio_mapping-1] FAST_LIO_OUTPUT_TIMING age_ms_avg=257.386 age_ms_max=478.918 samples=8
[fastlio_mapping-1] FAST_LIO_INPUT_TIMING age_ms_avg=338.056 age_ms_max=403.276 samples=4 lidar_buffer=0 imu_buffer=118
[fastlio_mapping-1] FAST_LIO_OUTPUT_TIMING age_ms_avg=383.883 age_ms_max=453.11 samples=4
[fastlio_mapping-1] FAST_LIO_INPUT_TIMING age_ms_avg=336.466 age_ms_max=387.651 samples=4 lidar_buffer=0 imu_buffer=133
[fastlio_mapping-1] FAST_LIO_OUTPUT_TIMING age_ms_avg=397.056 age_ms_max=458.784 samples=4
[fastlio_mapping-1] FAST_LIO_INPUT_TIMING age_ms_avg=267.942 age_ms_max=317.466 samples=5 lidar_buffer=0 imu_buffer=82
[fastlio_mapping-1] FAST_LIO_OUTPUT_TIMING age_ms_avg=325.841 age_ms_max=398.072 samples=5
[fastlio_mapping-1] FAST_LIO_INPUT_TIMING age_ms_avg=276.221 age_ms_max=329.293 samples=5 lidar_buffer=0 imu_buffer=92
[fastlio_mapping-1] FAST_LIO_OUTPUT_TIMING age_ms_avg=353.156 age_ms_max=443.827 samples=5
[fastlio_mapping-1] FAST_LIO_INPUT_TIMING age_ms_avg=284.879 age_ms_max=332.791 samples=5 lidar_buffer=0 imu_buffer=111
[fastlio_mapping-1] FAST_LIO_OUTPUT_TIMING age_ms_avg=360.225 age_ms_max=410.427 samples=5
[fastlio_mapping-1] FAST_LIO_INPUT_TIMING age_ms_avg=312.671 age_ms_max=332.727 samples=5 lidar_buffer=0 imu_buffer=102
[fastlio_mapping-1] FAST_LIO_OUTPUT_TIMING age_ms_avg=366.178 age_ms_max=388.536 samples=5
[fastlio_mapping-1] FAST_LIO_INPUT_TIMING age_ms_avg=305.95 age_ms_max=356.772 samples=5 lidar_buffer=0 imu_buffer=128
[fastlio_mapping-1] FAST_LIO_OUTPUT_TIMING age_ms_avg=361.244 age_ms_max=410.881 samples=5
[fastlio_mapping-1] FAST_LIO_INPUT_TIMING age_ms_avg=186.748 age_ms_max=202.51 samples=10 lidar_buffer=0 imu_buffer=58
[fastlio_mapping-1] FAST_LIO_OUTPUT_TIMING age_ms_avg=212.126 age_ms_max=229.248 samples=10
[fastlio_mapping-1] FAST_LIO_INPUT_TIMING age_ms_avg=160.256 age_ms_max=214.92 samples=10 lidar_buffer=0 imu_buffer=44
[fastlio_mapping-1] FAST_LIO_OUTPUT_TIMING age_ms_avg=184.471 age_ms_max=238.822 samples=10
[fastlio_mapping-1] FAST_LIO_INPUT_TIMING age_ms_avg=155.245 age_ms_max=172.967 samples=10 lidar_buffer=0 imu_buffer=50
[fastlio_mapping-1] FAST_LIO_OUTPUT_TIMING age_ms_avg=179.867 age_ms_max=198.786 samples=10
[fastlio_mapping-1] FAST_LIO_INPUT_TIMING age_ms_avg=188.91 age_ms_max=206.711 samples=10 lidar_buffer=0 imu_buffer=57
[fastlio_mapping-1] FAST_LIO_OUTPUT_TIMING age_ms_avg=214.143 age_ms_max=232.404 samples=10
[fastlio_mapping-1] FAST_LIO_INPUT_TIMING age_ms_avg=163.942 age_ms_max=218.229 samples=10 lidar_buffer=0 imu_buffer=44
[fastlio_mapping-1] FAST_LIO_OUTPUT_TIMING age_ms_avg=189.29 age_ms_max=243.743 samples=10
[fastlio_mapping-1] FAST_LIO_INPUT_TIMING age_ms_avg=152.324 age_ms_max=165.162 samples=10 lidar_buffer=0 imu_buffer=50
[fastlio_mapping-1] FAST_LIO_OUTPUT_TIMING age_ms_avg=176.288 age_ms_max=185.93 samples=10
[fastlio_mapping-1] FAST_LIO_INPUT_TIMING age_ms_avg=183.764 age_ms_max=195.749 samples=10 lidar_buffer=0 imu_buffer=56
[fastlio_mapping-1] FAST_LIO_OUTPUT_TIMING age_ms_avg=206.71 age_ms_max=218.935 samples=10
[fastlio_mapping-1] FAST_LIO_INPUT_TIMING age_ms_avg=173.983 age_ms_max=213.797 samples=10 lidar_buffer=0 imu_buffer=43
[fastlio_mapping-1] FAST_LIO_OUTPUT_TIMING age_ms_avg=197.623 age_ms_max=237.411 samples=10
[fastlio_mapping-1] FAST_LIO_OUTPUT_TIMING age_ms_avg=223.628 age_ms_max=277.698 samples=8
[fastlio_mapping-1] FAST_LIO_INPUT_TIMING age_ms_avg=181.654 age_ms_max=225.897 samples=9 lidar_buffer=0 imu_buffer=68
[fastlio_mapping-1] FAST_LIO_OUTPUT_TIMING age_ms_avg=205.194 age_ms_max=248.243 samples=9
[fastlio_mapping-1] FAST_LIO_INPUT_TIMING age_ms_avg=181.119 age_ms_max=220.268 samples=9 lidar_buffer=0 imu_buffer=58
[fastlio_mapping-1] FAST_LIO_OUTPUT_TIMING age_ms_avg=218.412 age_ms_max=267.222 samples=9
[fastlio_mapping-1] FAST_LIO_INPUT_TIMING age_ms_avg=181.575 age_ms_max=238.946 samples=9 lidar_buffer=0 imu_buffer=70
[fastlio_mapping-1] FAST_LIO_OUTPUT_TIMING age_ms_avg=221.498 age_ms_max=274.75 samples=8
[fastlio_mapping-1] FAST_LIO_INPUT_TIMING age_ms_avg=180.836 age_ms_max=223.948 samples=8 lidar_buffer=0 imu_buffer=52
[fastlio_mapping-1] FAST_LIO_OUTPUT_TIMING age_ms_avg=228.786 age_ms_max=296.964 samples=9
[fastlio_mapping-1] FAST_LIO_INPUT_TIMING age_ms_avg=188.213 age_ms_max=223.119 samples=9 lidar_buffer=0 imu_buffer=58
[fastlio_mapping-1] FAST_LIO_OUTPUT_TIMING age_ms_avg=219.785 age_ms_max=271.713 samples=9
[fastlio_mapping-1] FAST_LIO_INPUT_TIMING age_ms_avg=190.426 age_ms_max=278.892 samples=9 lidar_buffer=0 imu_buffer=72
[fastlio_mapping-1] FAST_LIO_OUTPUT_TIMING age_ms_avg=243.606 age_ms_max=317.345 samples=8
[fastlio_mapping-1] FAST_LIO_INPUT_TIMING age_ms_avg=190.972 age_ms_max=258.83 samples=9 lidar_buffer=0 imu_buffer=57
[fastlio_mapping-1] FAST_LIO_OUTPUT_TIMING age_ms_avg=242.505 age_ms_max=313.404 samples=8
[fastlio_mapping-1] FAST_LIO_INPUT_TIMING age_ms_avg=211.616 age_ms_max=287.584 samples=8 lidar_buffer=0 imu_buffer=59
[fastlio_mapping-1] FAST_LIO_OUTPUT_TIMING age_ms_avg=196.782 age_ms_max=255.725 samples=10
[fastlio_mapping-1] FAST_LIO_INPUT_TIMING age_ms_avg=162.403 age_ms_max=233.325 samples=10 lidar_buffer=0 imu_buffer=50
[fastlio_mapping-1] FAST_LIO_OUTPUT_TIMING age_ms_avg=204.271 age_ms_max=223.886 samples=10
[fastlio_mapping-1] FAST_LIO_INPUT_TIMING age_ms_avg=187.234 age_ms_max=204.772 samples=10 lidar_buffer=0 imu_buffer=57
[fastlio_mapping-1] FAST_LIO_OUTPUT_TIMING age_ms_avg=207.192 age_ms_max=246.205 samples=10
[fastlio_mapping-1] FAST_LIO_INPUT_TIMING age_ms_avg=168.174 age_ms_max=219.95 samples=10 lidar_buffer=0 imu_buffer=43
[fastlio_mapping-1] FAST_LIO_OUTPUT_TIMING age_ms_avg=165.574 age_ms_max=179.427 samples=10
[fastlio_mapping-1] FAST_LIO_INPUT_TIMING age_ms_avg=150.284 age_ms_max=170.702 samples=10 lidar_buffer=0 imu_buffer=50
[fastlio_mapping-1] FAST_LIO_OUTPUT_TIMING age_ms_avg=203.183 age_ms_max=215.498 samples=10
[fastlio_mapping-1] FAST_LIO_INPUT_TIMING age_ms_avg=184.794 age_ms_max=202.593 samples=10 lidar_buffer=0 imu_buffer=57
[fastlio_mapping-1] FAST_LIO_OUTPUT_TIMING age_ms_avg=215.389 age_ms_max=240.53 samples=10
[fastlio_mapping-1] FAST_LIO_INPUT_TIMING age_ms_avg=176.72 age_ms_max=216.285 samples=10 lidar_buffer=0 imu_buffer=43
[fastlio_mapping-1] FAST_LIO_OUTPUT_TIMING age_ms_avg=168.47 age_ms_max=180.102 samples=10
[fastlio_mapping-1] FAST_LIO_INPUT_TIMING age_ms_avg=149.477 age_ms_max=161.413 samples=10 lidar_buffer=0 imu_buffer=49
[fastlio_mapping-1] FAST_LIO_OUTPUT_TIMING age_ms_avg=198.924 age_ms_max=221.997 samples=10
[fastlio_mapping-1] FAST_LIO_INPUT_TIMING age_ms_avg=180.881 age_ms_max=192.973 samples=10 lidar_buffer=0 imu_buffer=56
[fastlio_mapping-1] FAST_LIO_OUTPUT_TIMING age_ms_avg=223.583 age_ms_max=245.053 samples=10
[fastlio_mapping-1] FAST_LIO_INPUT_TIMING age_ms_avg=185.039 age_ms_max=216.195 samples=10 lidar_buffer=0 imu_buffer=42
[fastlio_mapping-1] FAST_LIO_OUTPUT_TIMING age_ms_avg=166.88 age_ms_max=175.61 samples=10
[fastlio_mapping-1] FAST_LIO_INPUT_TIMING age_ms_avg=147.711 age_ms_max=164.963 samples=10 lidar_buffer=0 imu_buffer=48
[fastlio_mapping-1] FAST_LIO_OUTPUT_TIMING age_ms_avg=199.285 age_ms_max=212.429 samples=10
[fastlio_mapping-1] FAST_LIO_INPUT_TIMING age_ms_avg=177.954 age_ms_max=190.113 samples=10 lidar_buffer=0 imu_buffer=55
[fastlio_mapping-1] FAST_LIO_OUTPUT_TIMING age_ms_avg=231.315 age_ms_max=251.483 samples=10
[fastlio_mapping-1] FAST_LIO_INPUT_TIMING age_ms_avg=190.772 age_ms_max=220.866 samples=10 lidar_buffer=0 imu_buffer=41
[fastlio_mapping-1] FAST_LIO_OUTPUT_TIMING age_ms_avg=159.958 age_ms_max=176.331 samples=10
[fastlio_mapping-1] FAST_LIO_INPUT_TIMING age_ms_avg=141.892 age_ms_max=153.949 samples=10 lidar_buffer=0 imu_buffer=47
[fastlio_mapping-1] FAST_LIO_OUTPUT_TIMING age_ms_avg=193.328 age_ms_max=207.979 samples=10
[fastlio_mapping-1] FAST_LIO_INPUT_TIMING age_ms_avg=173.356 age_ms_max=187.513 samples=10 lidar_buffer=0 imu_buffer=54
[fastlio_mapping-1] FAST_LIO_OUTPUT_TIMING age_ms_avg=224.268 age_ms_max=243.612 samples=10
[fastlio_mapping-1] FAST_LIO_INPUT_TIMING age_ms_avg=204.325 age_ms_max=218.312 samples=10 lidar_buffer=0 imu_buffer=60
[fastlio_mapping-1] FAST_LIO_OUTPUT_TIMING age_ms_avg=184.964 age_ms_max=248.315 samples=8
[fastlio_mapping-1] FAST_LIO_INPUT_TIMING age_ms_avg=138.947 age_ms_max=152.099 samples=8 lidar_buffer=0 imu_buffer=46
[fastlio_mapping-1] FAST_LIO_OUTPUT_TIMING age_ms_avg=186.794 age_ms_max=197.439 samples=10
[fastlio_mapping-1] FAST_LIO_INPUT_TIMING age_ms_avg=165.294 age_ms_max=179.972 samples=10 lidar_buffer=0 imu_buffer=53
[fastlio_mapping-1] FAST_LIO_OUTPUT_TIMING age_ms_avg=219.579 age_ms_max=238.775 samples=10
[fastlio_mapping-1] FAST_LIO_INPUT_TIMING age_ms_avg=198.855 age_ms_max=211.393 samples=10 lidar_buffer=0 imu_buffer=59
[fastlio_mapping-1] FAST_LIO_OUTPUT_TIMING age_ms_avg=181.81 age_ms_max=239.016 samples=10
[fastlio_mapping-1] FAST_LIO_INPUT_TIMING age_ms_avg=142.146 age_ms_max=214.706 samples=10 lidar_buffer=0 imu_buffer=45
[fastlio_mapping-1] FAST_LIO_OUTPUT_TIMING age_ms_avg=183.861 age_ms_max=205.338 samples=10
[fastlio_mapping-1] FAST_LIO_INPUT_TIMING age_ms_avg=163.583 age_ms_max=176.953 samples=10 lidar_buffer=0 imu_buffer=53
[fastlio_mapping-1] FAST_LIO_OUTPUT_TIMING age_ms_avg=217.325 age_ms_max=238.236 samples=10
[fastlio_mapping-1] FAST_LIO_INPUT_TIMING age_ms_avg=198.531 age_ms_max=217.16 samples=10 lidar_buffer=0 imu_buffer=59
[fastlio_mapping-1] FAST_LIO_OUTPUT_TIMING age_ms_avg=189.817 age_ms_max=246.731 samples=10
[fastlio_mapping-1] FAST_LIO_INPUT_TIMING age_ms_avg=150.971 age_ms_max=219.441 samples=10 lidar_buffer=0 imu_buffer=46
[fastlio_mapping-1] FAST_LIO_OUTPUT_TIMING age_ms_avg=185.702 age_ms_max=207.191 samples=10
[fastlio_mapping-1] FAST_LIO_INPUT_TIMING age_ms_avg=166.205 age_ms_max=178.369 samples=10 lidar_buffer=0 imu_buffer=52
[fastlio_mapping-1] FAST_LIO_OUTPUT_TIMING age_ms_avg=215.949 age_ms_max=232.675 samples=10
[fastlio_mapping-1] FAST_LIO_INPUT_TIMING age_ms_avg=198.457 age_ms_max=213.923 samples=10 lidar_buffer=0 imu_buffer=59
[fastlio_mapping-1] FAST_LIO_OUTPUT_TIMING age_ms_avg=185.178 age_ms_max=238.145 samples=10
[fastlio_mapping-1] FAST_LIO_INPUT_TIMING age_ms_avg=148.017 age_ms_max=215.932 samples=10 lidar_buffer=0 imu_buffer=45
[fastlio_mapping-1] FAST_LIO_OUTPUT_TIMING age_ms_avg=180.911 age_ms_max=201.987 samples=10
[fastlio_mapping-1] FAST_LIO_INPUT_TIMING age_ms_avg=163.596 age_ms_max=179.692 samples=10 lidar_buffer=0 imu_buffer=52
[fastlio_mapping-1] FAST_LIO_OUTPUT_TIMING age_ms_avg=216.041 age_ms_max=233.126 samples=10
[fastlio_mapping-1] FAST_LIO_INPUT_TIMING age_ms_avg=195.277 age_ms_max=208.253 samples=10 lidar_buffer=0 imu_buffer=59
[fastlio_mapping-1] FAST_LIO_OUTPUT_TIMING age_ms_avg=195.174 age_ms_max=240.216 samples=10
[fastlio_mapping-1] FAST_LIO_INPUT_TIMING age_ms_avg=158.305 age_ms_max=218.413 samples=10 lidar_buffer=0 imu_buffer=45
[fastlio_mapping-1] FAST_LIO_OUTPUT_TIMING age_ms_avg=179.979 age_ms_max=190.963 samples=10
[fastlio_mapping-1] FAST_LIO_INPUT_TIMING age_ms_avg=162.716 age_ms_max=180.045 samples=10 lidar_buffer=0 imu_buffer=51
[fastlio_mapping-1] FAST_LIO_OUTPUT_TIMING age_ms_avg=211.82 age_ms_max=222.016 samples=10
[fastlio_mapping-1] FAST_LIO_INPUT_TIMING age_ms_avg=193.43 age_ms_max=210.865 samples=10 lidar_buffer=0 imu_buffer=58
[fastlio_mapping-1] FAST_LIO_OUTPUT_TIMING age_ms_avg=196.053 age_ms_max=242.882 samples=10
[fastlio_mapping-1] FAST_LIO_INPUT_TIMING age_ms_avg=158.091 age_ms_max=217.312 samples=10 lidar_buffer=0 imu_buffer=45
[fastlio_mapping-1] FAST_LIO_OUTPUT_TIMING age_ms_avg=180.951 age_ms_max=196.081 samples=10
[fastlio_mapping-1] FAST_LIO_INPUT_TIMING age_ms_avg=162.164 age_ms_max=177.199 samples=10 lidar_buffer=0 imu_buffer=51
[fastlio_mapping-1] FAST_LIO_OUTPUT_TIMING age_ms_avg=213.633 age_ms_max=254.722 samples=9
[fastlio_mapping-1] FAST_LIO_INPUT_TIMING age_ms_avg=191.415 age_ms_max=222.142 samples=9 lidar_buffer=0 imu_buffer=58
[fastlio_mapping-1] FAST_LIO_OUTPUT_TIMING age_ms_avg=201.874 age_ms_max=258.04 samples=10
[fastlio_mapping-1] FAST_LIO_INPUT_TIMING age_ms_avg=166.892 age_ms_max=228.263 samples=10 lidar_buffer=0 imu_buffer=62
[fastlio_mapping-1] FAST_LIO_OUTPUT_TIMING age_ms_avg=216.534 age_ms_max=265.769 samples=9
[fastlio_mapping-1] FAST_LIO_INPUT_TIMING age_ms_avg=171.307 age_ms_max=232.652 samples=9 lidar_buffer=0 imu_buffer=63
[fastlio_mapping-1] FAST_LIO_OUTPUT_TIMING age_ms_avg=255.489 age_ms_max=312.618 samples=8
[fastlio_mapping-1] FAST_LIO_INPUT_TIMING age_ms_avg=198.415 age_ms_max=263.436 samples=8 lidar_buffer=0 imu_buffer=66
[fastlio_mapping-1] FAST_LIO_OUTPUT_TIMING age_ms_avg=242.955 age_ms_max=302.147 samples=9
[fastlio_mapping-1] FAST_LIO_INPUT_TIMING age_ms_avg=195.664 age_ms_max=241.297 samples=9 lidar_buffer=0 imu_buffer=48
[fastlio_mapping-1] FAST_LIO_OUTPUT_TIMING age_ms_avg=213.702 age_ms_max=255.795 samples=10
[fastlio_mapping-1] FAST_LIO_INPUT_TIMING age_ms_avg=183.288 age_ms_max=220.748 samples=9 lidar_buffer=0 imu_buffer=74
[fastlio_mapping-1] FAST_LIO_OUTPUT_TIMING age_ms_avg=201.576 age_ms_max=250.952 samples=9
[fastlio_mapping-1] FAST_LIO_INPUT_TIMING age_ms_avg=170.593 age_ms_max=223.846 samples=9 lidar_buffer=0 imu_buffer=56
[fastlio_mapping-1] FAST_LIO_OUTPUT_TIMING age_ms_avg=202.03 age_ms_max=250.141 samples=10
[fastlio_mapping-1] FAST_LIO_INPUT_TIMING age_ms_avg=160.106 age_ms_max=221.926 samples=10 lidar_buffer=0 imu_buffer=51
[fastlio_mapping-1] FAST_LIO_OUTPUT_TIMING age_ms_avg=203.669 age_ms_max=251.155 samples=10
[fastlio_mapping-1] FAST_LIO_INPUT_TIMING age_ms_avg=173.082 age_ms_max=223.753 samples=10 lidar_buffer=0 imu_buffer=43
[fastlio_mapping-1] FAST_LIO_OUTPUT_TIMING age_ms_avg=173.243 age_ms_max=189.397 samples=10
[fastlio_mapping-1] FAST_LIO_INPUT_TIMING age_ms_avg=153.242 age_ms_max=172.162 samples=10 lidar_buffer=0 imu_buffer=50
[fastlio_mapping-1] FAST_LIO_OUTPUT_TIMING age_ms_avg=210.005 age_ms_max=225.268 samples=10
[fastlio_mapping-1] FAST_LIO_INPUT_TIMING age_ms_avg=187.683 age_ms_max=202.851 samples=10 lidar_buffer=0 imu_buffer=56
[fastlio_mapping-1] FAST_LIO_OUTPUT_TIMING age_ms_avg=218.344 age_ms_max=248.963 samples=10
[fastlio_mapping-1] FAST_LIO_INPUT_TIMING age_ms_avg=186.575 age_ms_max=221.479 samples=10 lidar_buffer=0 imu_buffer=42
[fastlio_mapping-1] FAST_LIO_OUTPUT_TIMING age_ms_avg=163.971 age_ms_max=176.562 samples=10
[fastlio_mapping-1] FAST_LIO_INPUT_TIMING age_ms_avg=143.951 age_ms_max=159.361 samples=10 lidar_buffer=0 imu_buffer=47
[fastlio_mapping-1] FAST_LIO_OUTPUT_TIMING age_ms_avg=190.77 age_ms_max=199.314 samples=10
[fastlio_mapping-1] FAST_LIO_INPUT_TIMING age_ms_avg=169.449 age_ms_max=181.022 samples=10 lidar_buffer=0 imu_buffer=53
[fastlio_mapping-1] FAST_LIO_OUTPUT_TIMING age_ms_avg=215.7 age_ms_max=226.848 samples=10
[fastlio_mapping-1] FAST_LIO_INPUT_TIMING age_ms_avg=197.598 age_ms_max=208.737 samples=10 lidar_buffer=0 imu_buffer=58
[fastlio_mapping-1] FAST_LIO_OUTPUT_TIMING age_ms_avg=190.802 age_ms_max=247.529 samples=10
[fastlio_mapping-1] FAST_LIO_INPUT_TIMING age_ms_avg=159.332 age_ms_max=221.744 samples=10 lidar_buffer=0 imu_buffer=44
[fastlio_mapping-1] FAST_LIO_OUTPUT_TIMING age_ms_avg=178.333 age_ms_max=191.18 samples=10
[fastlio_mapping-1] FAST_LIO_INPUT_TIMING age_ms_avg=156.405 age_ms_max=169.916 samples=10 lidar_buffer=0 imu_buffer=49
[fastlio_mapping-1] FAST_LIO_OUTPUT_TIMING age_ms_avg=202.732 age_ms_max=221.114 samples=10
[fastlio_mapping-1] FAST_LIO_INPUT_TIMING age_ms_avg=180.106 age_ms_max=194.439 samples=10 lidar_buffer=0 imu_buffer=56
[fastlio_mapping-1] FAST_LIO_OUTPUT_TIMING age_ms_avg=230.003 age_ms_max=240.636 samples=10
[fastlio_mapping-1] FAST_LIO_INPUT_TIMING age_ms_avg=198.774 age_ms_max=216.627 samples=10 lidar_buffer=0 imu_buffer=61
[fastlio_mapping-1] FAST_LIO_OUTPUT_TIMING age_ms_avg=157.079 age_ms_max=177.102 samples=10
[fastlio_mapping-1] FAST_LIO_INPUT_TIMING age_ms_avg=137.668 age_ms_max=154.102 samples=10 lidar_buffer=0 imu_buffer=87
[fastlio_mapping-1] FAST_LIO_OUTPUT_TIMING age_ms_avg=192.544 age_ms_max=204.663 samples=8
[fastlio_mapping-1] FAST_LIO_INPUT_TIMING age_ms_avg=172.866 age_ms_max=182.911 samples=10 lidar_buffer=0 imu_buffer=53
[fastlio_mapping-1] FAST_LIO_OUTPUT_TIMING age_ms_avg=215.146 age_ms_max=230.025 samples=10
[fastlio_mapping-1] FAST_LIO_INPUT_TIMING age_ms_avg=200.114 age_ms_max=211.534 samples=10 lidar_buffer=0 imu_buffer=58
[fastlio_mapping-1] FAST_LIO_OUTPUT_TIMING age_ms_avg=215.148 age_ms_max=250.823 samples=10
[fastlio_mapping-1] FAST_LIO_INPUT_TIMING age_ms_avg=168.68 age_ms_max=224.28 samples=10 lidar_buffer=0 imu_buffer=43
[fastlio_mapping-1] FAST_LIO_OUTPUT_TIMING age_ms_avg=172.662 age_ms_max=187.97 samples=10
[fastlio_mapping-1] FAST_LIO_INPUT_TIMING age_ms_avg=154.267 age_ms_max=165.134 samples=10 lidar_buffer=0 imu_buffer=50
[fastlio_mapping-1] FAST_LIO_OUTPUT_TIMING age_ms_avg=195.118 age_ms_max=207.494 samples=10
[fastlio_mapping-1] FAST_LIO_INPUT_TIMING age_ms_avg=179.5 age_ms_max=195.581 samples=10 lidar_buffer=0 imu_buffer=55
[fastlio_mapping-1] FAST_LIO_OUTPUT_TIMING age_ms_avg=220.663 age_ms_max=238.513 samples=10
[fastlio_mapping-1] FAST_LIO_INPUT_TIMING age_ms_avg=205.369 age_ms_max=215.983 samples=10 lidar_buffer=0 imu_buffer=60
[fastlio_mapping-1] FAST_LIO_OUTPUT_TIMING age_ms_avg=189.686 age_ms_max=252.203 samples=10
[fastlio_mapping-1] FAST_LIO_INPUT_TIMING age_ms_avg=143.331 age_ms_max=224.108 samples=10 lidar_buffer=0 imu_buffer=46
[fastlio_mapping-1] FAST_LIO_OUTPUT_TIMING age_ms_avg=176.765 age_ms_max=187.752 samples=10
[fastlio_mapping-1] FAST_LIO_INPUT_TIMING age_ms_avg=160.18 age_ms_max=175.092 samples=10 lidar_buffer=0 imu_buffer=51
[fastlio_mapping-1] FAST_LIO_OUTPUT_TIMING age_ms_avg=204.055 age_ms_max=213.117 samples=10
[fastlio_mapping-1] FAST_LIO_INPUT_TIMING age_ms_avg=186.049 age_ms_max=196.528 samples=10 lidar_buffer=0 imu_buffer=56
[fastlio_mapping-1] FAST_LIO_OUTPUT_TIMING age_ms_avg=233.756 age_ms_max=244.926 samples=10
[fastlio_mapping-1] FAST_LIO_INPUT_TIMING age_ms_avg=195.123 age_ms_max=220.344 samples=10 lidar_buffer=0 imu_buffer=42
[fastlio_mapping-1] FAST_LIO_OUTPUT_TIMING age_ms_avg=171.237 age_ms_max=243.124 samples=10
[fastlio_mapping-1] FAST_LIO_INPUT_TIMING age_ms_avg=142.735 age_ms_max=160.76 samples=10 lidar_buffer=0 imu_buffer=48
[fastlio_mapping-1] FAST_LIO_OUTPUT_TIMING age_ms_avg=189.18 age_ms_max=202.86 samples=10
[fastlio_mapping-1] FAST_LIO_INPUT_TIMING age_ms_avg=171.764 age_ms_max=187.132 samples=10 lidar_buffer=0 imu_buffer=53
[fastlio_mapping-1] FAST_LIO_OUTPUT_TIMING age_ms_avg=217.507 age_ms_max=229.93 samples=10
[fastlio_mapping-1] FAST_LIO_INPUT_TIMING age_ms_avg=199.192 age_ms_max=215.269 samples=10 lidar_buffer=0 imu_buffer=58
[fastlio_mapping-1] FAST_LIO_OUTPUT_TIMING age_ms_avg=192.847 age_ms_max=242.168 samples=10
[fastlio_mapping-1] FAST_LIO_INPUT_TIMING age_ms_avg=146.026 age_ms_max=214.868 samples=10 lidar_buffer=0 imu_buffer=44
[fastlio_mapping-1] FAST_LIO_OUTPUT_TIMING age_ms_avg=169.868 age_ms_max=183.45 samples=10
[fastlio_mapping-1] FAST_LIO_INPUT_TIMING age_ms_avg=155.737 age_ms_max=170.701 samples=10 lidar_buffer=0 imu_buffer=50
[fastlio_mapping-1] FAST_LIO_OUTPUT_TIMING age_ms_avg=199.092 age_ms_max=206.45 samples=10
[fastlio_mapping-1] FAST_LIO_INPUT_TIMING age_ms_avg=182.794 age_ms_max=201.126 samples=10 lidar_buffer=0 imu_buffer=55
[fastlio_mapping-1] FAST_LIO_OUTPUT_TIMING age_ms_avg=229.596 age_ms_max=244.488 samples=10
[fastlio_mapping-1] FAST_LIO_INPUT_TIMING age_ms_avg=193.121 age_ms_max=222.751 samples=10 lidar_buffer=0 imu_buffer=42
[fastlio_mapping-1] FAST_LIO_OUTPUT_TIMING age_ms_avg=163.763 age_ms_max=249.606 samples=10
[fastlio_mapping-1] FAST_LIO_INPUT_TIMING age_ms_avg=139.251 age_ms_max=149.981 samples=10 lidar_buffer=0 imu_buffer=46
[fastlio_mapping-1] FAST_LIO_OUTPUT_TIMING age_ms_avg=184.715 age_ms_max=197.016 samples=10
[fastlio_mapping-1] FAST_LIO_INPUT_TIMING age_ms_avg=167.679 age_ms_max=176.461 samples=10 lidar_buffer=0 imu_buffer=52
[fastlio_mapping-1] FAST_LIO_OUTPUT_TIMING age_ms_avg=216.888 age_ms_max=268.718 samples=8
[fastlio_mapping-1] FAST_LIO_INPUT_TIMING age_ms_avg=194.941 age_ms_max=240.339 samples=7 lidar_buffer=0 imu_buffer=66
[fastlio_mapping-1] FAST_LIO_OUTPUT_TIMING age_ms_avg=221.788 age_ms_max=267.138 samples=9
[fastlio_mapping-1] FAST_LIO_INPUT_TIMING age_ms_avg=178.351 age_ms_max=229.321 samples=9 lidar_buffer=0 imu_buffer=43
[fastlio_mapping-1] FAST_LIO_OUTPUT_TIMING age_ms_avg=197.431 age_ms_max=278.5 samples=7
[fastlio_mapping-1] FAST_LIO_INPUT_TIMING age_ms_avg=181.592 age_ms_max=247.334 samples=7 lidar_buffer=0 imu_buffer=53
[fastlio_mapping-1] FAST_LIO_OUTPUT_TIMING age_ms_avg=190.466 age_ms_max=250.326 samples=10
[fastlio_mapping-1] FAST_LIO_INPUT_TIMING age_ms_avg=155.14 age_ms_max=217.23 samples=10 lidar_buffer=0 imu_buffer=48
[fastlio_mapping-1] FAST_LIO_OUTPUT_TIMING age_ms_avg=217.148 age_ms_max=254.407 samples=10
[fastlio_mapping-1] FAST_LIO_INPUT_TIMING age_ms_avg=181.195 age_ms_max=222.267 samples=10 lidar_buffer=0 imu_buffer=42
[fastlio_mapping-1] FAST_LIO_OUTPUT_TIMING age_ms_avg=194.339 age_ms_max=242.05 samples=9
[fastlio_mapping-1] FAST_LIO_INPUT_TIMING age_ms_avg=172.752 age_ms_max=217.886 samples=9 lidar_buffer=0 imu_buffer=60
[fastlio_mapping-1] FAST_LIO_OUTPUT_TIMING age_ms_avg=249.752 age_ms_max=329.957 samples=7
[fastlio_mapping-1] FAST_LIO_INPUT_TIMING age_ms_avg=225.553 age_ms_max=300.066 samples=7 lidar_buffer=0 imu_buffer=65
[fastlio_mapping-1] FAST_LIO_OUTPUT_TIMING age_ms_avg=252.425 age_ms_max=311.289 samples=8
[fastlio_mapping-1] FAST_LIO_INPUT_TIMING age_ms_avg=199.912 age_ms_max=240.974 samples=8 lidar_buffer=0 imu_buffer=62
[fastlio_mapping-1] FAST_LIO_OUTPUT_TIMING age_ms_avg=193.037 age_ms_max=260.202 samples=9
[fastlio_mapping-1] FAST_LIO_INPUT_TIMING age_ms_avg=158.149 age_ms_max=169.249 samples=10 lidar_buffer=0 imu_buffer=51
[fastlio_mapping-1] FAST_LIO_OUTPUT_TIMING age_ms_avg=198.316 age_ms_max=219.129 samples=10
[fastlio_mapping-1] FAST_LIO_INPUT_TIMING age_ms_avg=185.212 age_ms_max=201.055 samples=10 lidar_buffer=0 imu_buffer=56
[fastlio_mapping-1] FAST_LIO_OUTPUT_TIMING age_ms_avg=229.493 age_ms_max=243.765 samples=10
[fastlio_mapping-1] FAST_LIO_INPUT_TIMING age_ms_avg=183.414 age_ms_max=217.072 samples=10 lidar_buffer=0 imu_buffer=41
[fastlio_mapping-1] FAST_LIO_OUTPUT_TIMING age_ms_avg=157.232 age_ms_max=175.001 samples=10
[fastlio_mapping-1] FAST_LIO_INPUT_TIMING age_ms_avg=141.351 age_ms_max=156.415 samples=10 lidar_buffer=0 imu_buffer=47
[fastlio_mapping-1] FAST_LIO_OUTPUT_TIMING age_ms_avg=184.709 age_ms_max=196.534 samples=10
[fastlio_mapping-1] FAST_LIO_INPUT_TIMING age_ms_avg=166.779 age_ms_max=177.073 samples=10 lidar_buffer=0 imu_buffer=53
[fastlio_mapping-1] FAST_LIO_OUTPUT_TIMING age_ms_avg=211.516 age_ms_max=230.279 samples=10
[fastlio_mapping-1] FAST_LIO_INPUT_TIMING age_ms_avg=195.914 age_ms_max=207.513 samples=10 lidar_buffer=0 imu_buffer=58
[fastlio_mapping-1] FAST_LIO_OUTPUT_TIMING age_ms_avg=200.145 age_ms_max=235.462 samples=10
[fastlio_mapping-1] FAST_LIO_INPUT_TIMING age_ms_avg=152.237 age_ms_max=212.715 samples=10 lidar_buffer=0 imu_buffer=44
[fastlio_mapping-1] FAST_LIO_OUTPUT_TIMING age_ms_avg=165.633 age_ms_max=184.301 samples=10
[fastlio_mapping-1] FAST_LIO_INPUT_TIMING age_ms_avg=150.012 age_ms_max=162.139 samples=10 lidar_buffer=0 imu_buffer=49
[fastlio_mapping-1] FAST_LIO_OUTPUT_TIMING age_ms_avg=194.712 age_ms_max=209.351 samples=10
[fastlio_mapping-1] FAST_LIO_INPUT_TIMING age_ms_avg=178.329 age_ms_max=189.901 samples=10 lidar_buffer=0 imu_buffer=55
[fastlio_mapping-1] FAST_LIO_OUTPUT_TIMING age_ms_avg=223.543 age_ms_max=235.941 samples=10
[fastlio_mapping-1] FAST_LIO_INPUT_TIMING age_ms_avg=204.667 age_ms_max=214.398 samples=10 lidar_buffer=0 imu_buffer=61
[fastlio_mapping-1] FAST_LIO_OUTPUT_TIMING age_ms_avg=181.115 age_ms_max=243.092 samples=10
[fastlio_mapping-1] FAST_LIO_INPUT_TIMING age_ms_avg=132.716 age_ms_max=143.781 samples=10 lidar_buffer=0 imu_buffer=46
[fastlio_mapping-1] FAST_LIO_OUTPUT_TIMING age_ms_avg=180.589 age_ms_max=196.881 samples=10
[fastlio_mapping-1] FAST_LIO_INPUT_TIMING age_ms_avg=161.108 age_ms_max=170.767 samples=10 lidar_buffer=0 imu_buffer=51
[fastlio_mapping-1] FAST_LIO_OUTPUT_TIMING age_ms_avg=204.223 age_ms_max=221.19 samples=10
[fastlio_mapping-1] FAST_LIO_INPUT_TIMING age_ms_avg=188.332 age_ms_max=204.614 samples=10 lidar_buffer=0 imu_buffer=58
[fastlio_mapping-1] FAST_LIO_OUTPUT_TIMING age_ms_avg=215.125 age_ms_max=243.711 samples=10
[fastlio_mapping-1] FAST_LIO_INPUT_TIMING age_ms_avg=167.872 age_ms_max=218.133 samples=10 lidar_buffer=0 imu_buffer=43
[fastlio_mapping-1] FAST_LIO_OUTPUT_TIMING age_ms_avg=157.493 age_ms_max=166.936 samples=10
[fastlio_mapping-1] FAST_LIO_INPUT_TIMING age_ms_avg=141.257 age_ms_max=157.607 samples=10 lidar_buffer=0 imu_buffer=48
[fastlio_mapping-1] FAST_LIO_OUTPUT_TIMING age_ms_avg=186.27 age_ms_max=203.442 samples=10
[fastlio_mapping-1] FAST_LIO_INPUT_TIMING age_ms_avg=168.902 age_ms_max=182.072 samples=10 lidar_buffer=0 imu_buffer=53
[fastlio_mapping-1] FAST_LIO_OUTPUT_TIMING age_ms_avg=210.672 age_ms_max=223.764 samples=10
[fastlio_mapping-1] FAST_LIO_INPUT_TIMING age_ms_avg=195.491 age_ms_max=210.131 samples=10 lidar_buffer=0 imu_buffer=59
[fastlio_mapping-1] FAST_LIO_OUTPUT_TIMING age_ms_avg=190.505 age_ms_max=246.827 samples=10
[fastlio_mapping-1] FAST_LIO_INPUT_TIMING age_ms_avg=143.314 age_ms_max=217.496 samples=10 lidar_buffer=0 imu_buffer=44
[fastlio_mapping-1] FAST_LIO_OUTPUT_TIMING age_ms_avg=165.679 age_ms_max=184.118 samples=10
[fastlio_mapping-1] FAST_LIO_INPUT_TIMING age_ms_avg=151.185 age_ms_max=160.639 samples=10 lidar_buffer=0 imu_buffer=49
[fastlio_mapping-1] FAST_LIO_OUTPUT_TIMING age_ms_avg=190.236 age_ms_max=210.769 samples=10
[fastlio_mapping-1] FAST_LIO_INPUT_TIMING age_ms_avg=178.038 age_ms_max=193.218 samples=10 lidar_buffer=0 imu_buffer=55
[fastlio_mapping-1] FAST_LIO_OUTPUT_TIMING age_ms_avg=220.381 age_ms_max=233.176 samples=10
[fastlio_mapping-1] FAST_LIO_INPUT_TIMING age_ms_avg=194.337 age_ms_max=213.851 samples=10 lidar_buffer=0 imu_buffer=60
[fastlio_mapping-1] FAST_LIO_OUTPUT_TIMING age_ms_avg=165.515 age_ms_max=237.032 samples=10
[fastlio_mapping-1] FAST_LIO_INPUT_TIMING age_ms_avg=131.722 age_ms_max=145.053 samples=10 lidar_buffer=0 imu_buffer=46
[fastlio_mapping-1] FAST_LIO_OUTPUT_TIMING age_ms_avg=178.565 age_ms_max=188.294 samples=10
[fastlio_mapping-1] FAST_LIO_INPUT_TIMING age_ms_avg=158.77 age_ms_max=170.228 samples=10 lidar_buffer=0 imu_buffer=51
[fastlio_mapping-1] FAST_LIO_OUTPUT_TIMING age_ms_avg=199.534 age_ms_max=210.407 samples=10
[fastlio_mapping-1] FAST_LIO_INPUT_TIMING age_ms_avg=184.922 age_ms_max=200.208 samples=10 lidar_buffer=0 imu_buffer=57
[fastlio_mapping-1] FAST_LIO_OUTPUT_TIMING age_ms_avg=217.268 age_ms_max=265.828 samples=10
[fastlio_mapping-1] FAST_LIO_INPUT_TIMING age_ms_avg=175.978 age_ms_max=238.006 samples=10 lidar_buffer=0 imu_buffer=48
[fastlio_mapping-1] FAST_LIO_OUTPUT_TIMING age_ms_avg=180.654 age_ms_max=191.206 samples=10
[fastlio_mapping-1] FAST_LIO_INPUT_TIMING age_ms_avg=163.909 age_ms_max=174.83 samples=10 lidar_buffer=0 imu_buffer=53
[fastlio_mapping-1] FAST_LIO_OUTPUT_TIMING age_ms_avg=203.641 age_ms_max=217.926 samples=10
[fastlio_mapping-1] FAST_LIO_INPUT_TIMING age_ms_avg=189.873 age_ms_max=204.626 samples=10 lidar_buffer=0 imu_buffer=58
[fastlio_mapping-1] FAST_LIO_OUTPUT_TIMING age_ms_avg=204.296 age_ms_max=260.993 samples=10
[fastlio_mapping-1] FAST_LIO_INPUT_TIMING age_ms_avg=158.287 age_ms_max=217.329 samples=10 lidar_buffer=0 imu_buffer=43
[fastlio_mapping-1] FAST_LIO_OUTPUT_TIMING age_ms_avg=161.32 age_ms_max=172.341 samples=10
[fastlio_mapping-1] FAST_LIO_INPUT_TIMING age_ms_avg=145.573 age_ms_max=155.065 samples=10 lidar_buffer=0 imu_buffer=48
[fastlio_mapping-1] FAST_LIO_OUTPUT_TIMING age_ms_avg=182.991 age_ms_max=201.843 samples=10
[fastlio_mapping-1] FAST_LIO_INPUT_TIMING age_ms_avg=172.36 age_ms_max=182.775 samples=10 lidar_buffer=0 imu_buffer=54
[fastlio_mapping-1] FAST_LIO_OUTPUT_TIMING age_ms_avg=213.072 age_ms_max=227.733 samples=10
[fastlio_mapping-1] FAST_LIO_INPUT_TIMING age_ms_avg=198.066 age_ms_max=208.213 samples=10 lidar_buffer=0 imu_buffer=59
[fastlio_mapping-1] FAST_LIO_OUTPUT_TIMING age_ms_avg=178.285 age_ms_max=233.546 samples=10
[fastlio_mapping-1] FAST_LIO_INPUT_TIMING age_ms_avg=134.586 age_ms_max=210.689 samples=10 lidar_buffer=0 imu_buffer=44
[fastlio_mapping-1] FAST_LIO_OUTPUT_TIMING age_ms_avg=183.658 age_ms_max=250.571 samples=10
[fastlio_mapping-1] FAST_LIO_INPUT_TIMING age_ms_avg=161.198 age_ms_max=213.447 samples=9 lidar_buffer=0 imu_buffer=52
[fastlio_mapping-1] FAST_LIO_OUTPUT_TIMING age_ms_avg=227.611 age_ms_max=290.807 samples=8
[fastlio_mapping-1] FAST_LIO_INPUT_TIMING age_ms_avg=183.123 age_ms_max=253.644 samples=9 lidar_buffer=0 imu_buffer=52
[fastlio_mapping-1] FAST_LIO_OUTPUT_TIMING age_ms_avg=216.811 age_ms_max=290.761 samples=8
[fastlio_mapping-1] FAST_LIO_INPUT_TIMING age_ms_avg=209.802 age_ms_max=255.919 samples=8 lidar_buffer=0 imu_buffer=84
[fastlio_mapping-1] FAST_LIO_OUTPUT_TIMING age_ms_avg=229.114 age_ms_max=291.021 samples=8
[fastlio_mapping-1] FAST_LIO_INPUT_TIMING age_ms_avg=187.124 age_ms_max=238.812 samples=8 lidar_buffer=0 imu_buffer=66
[fastlio_mapping-1] FAST_LIO_OUTPUT_TIMING age_ms_avg=227.303 age_ms_max=265.888 samples=7
[fastlio_mapping-1] FAST_LIO_INPUT_TIMING age_ms_avg=178.998 age_ms_max=215.276 samples=5 lidar_buffer=0 imu_buffer=56
[fastlio_mapping-1] FAST_LIO_INPUT_TIMING age_ms_avg=157.282 age_ms_max=214.548 samples=9 lidar_buffer=0 imu_buffer=57
[fastlio_mapping-1] FAST_LIO_OUTPUT_TIMING age_ms_avg=198.024 age_ms_max=258.298 samples=10
[fastlio_mapping-1] FAST_LIO_INPUT_TIMING age_ms_avg=165.238 age_ms_max=235.509 samples=9 lidar_buffer=0 imu_buffer=56
[fastlio_mapping-1] FAST_LIO_OUTPUT_TIMING age_ms_avg=205.741 age_ms_max=276.158 samples=9
[fastlio_mapping-1] FAST_LIO_INPUT_TIMING age_ms_avg=155.053 age_ms_max=213.714 samples=10 lidar_buffer=0 imu_buffer=51
[fastlio_mapping-1] FAST_LIO_OUTPUT_TIMING age_ms_avg=191.113 age_ms_max=250.579 samples=10
[fastlio_mapping-1] FAST_LIO_INPUT_TIMING age_ms_avg=158.526 age_ms_max=215.942 samples=10 lidar_buffer=0 imu_buffer=49
[fastlio_mapping-1] FAST_LIO_OUTPUT_TIMING age_ms_avg=186.064 age_ms_max=252.504 samples=10
[fastlio_mapping-1] FAST_LIO_INPUT_TIMING age_ms_avg=175.143 age_ms_max=185.079 samples=10 lidar_buffer=0 imu_buffer=54
[fastlio_mapping-1] FAST_LIO_OUTPUT_TIMING age_ms_avg=201.033 age_ms_max=212.924 samples=10
[fastlio_mapping-1] FAST_LIO_INPUT_TIMING age_ms_avg=202.337 age_ms_max=212.115 samples=10 lidar_buffer=0 imu_buffer=60
[fastlio_mapping-1] FAST_LIO_OUTPUT_TIMING age_ms_avg=227.566 age_ms_max=236.914 samples=10
[fastlio_mapping-1] FAST_LIO_INPUT_TIMING age_ms_avg=128.668 age_ms_max=138.457 samples=10 lidar_buffer=0 imu_buffer=46
[fastlio_mapping-1] FAST_LIO_OUTPUT_TIMING age_ms_avg=153.583 age_ms_max=163.145 samples=10
[fastlio_mapping-1] FAST_LIO_INPUT_TIMING age_ms_avg=156.169 age_ms_max=171.944 samples=10 lidar_buffer=0 imu_buffer=51
[fastlio_mapping-1] FAST_LIO_OUTPUT_TIMING age_ms_avg=180.164 age_ms_max=198.147 samples=10
[fastlio_mapping-1] FAST_LIO_INPUT_TIMING age_ms_avg=182.971 age_ms_max=198.084 samples=10 lidar_buffer=0 imu_buffer=57
[fastlio_mapping-1] FAST_LIO_OUTPUT_TIMING age_ms_avg=207.74 age_ms_max=225.137 samples=10
[fastlio_mapping-1] FAST_LIO_INPUT_TIMING age_ms_avg=180.296 age_ms_max=211.119 samples=10 lidar_buffer=0 imu_buffer=42
[fastlio_mapping-1] FAST_LIO_OUTPUT_TIMING age_ms_avg=208.935 age_ms_max=243.26 samples=10
[fastlio_mapping-1] FAST_LIO_INPUT_TIMING age_ms_avg=138.136 age_ms_max=151.789 samples=10 lidar_buffer=0 imu_buffer=47
[fastlio_mapping-1] FAST_LIO_OUTPUT_TIMING age_ms_avg=166.784 age_ms_max=182.418 samples=10
[fastlio_mapping-1] FAST_LIO_INPUT_TIMING age_ms_avg=163.071 age_ms_max=178.844 samples=10 lidar_buffer=0 imu_buffer=53
[fastlio_mapping-1] FAST_LIO_OUTPUT_TIMING age_ms_avg=189.495 age_ms_max=206.452 samples=10
[fastlio_mapping-1] FAST_LIO_INPUT_TIMING age_ms_avg=189.897 age_ms_max=200.334 samples=10 lidar_buffer=0 imu_buffer=58
[fastlio_mapping-1] FAST_LIO_OUTPUT_TIMING age_ms_avg=216.482 age_ms_max=226.847 samples=10
[fastlio_mapping-1] FAST_LIO_INPUT_TIMING age_ms_avg=156.41 age_ms_max=216.724 samples=10 lidar_buffer=0 imu_buffer=43
[fastlio_mapping-1] FAST_LIO_OUTPUT_TIMING age_ms_avg=181.678 age_ms_max=247.787 samples=10
[fastlio_mapping-1] FAST_LIO_INPUT_TIMING age_ms_avg=142.637 age_ms_max=158.378 samples=10 lidar_buffer=0 imu_buffer=48
[fastlio_mapping-1] FAST_LIO_OUTPUT_TIMING age_ms_avg=168.078 age_ms_max=186.525 samples=10
[fastlio_mapping-1] FAST_LIO_INPUT_TIMING age_ms_avg=167.73 age_ms_max=177.107 samples=10 lidar_buffer=0 imu_buffer=53
[fastlio_mapping-1] FAST_LIO_OUTPUT_TIMING age_ms_avg=192.979 age_ms_max=202.19 samples=10
[fastlio_mapping-1] FAST_LIO_INPUT_TIMING age_ms_avg=192.681 age_ms_max=202.874 samples=10 lidar_buffer=0 imu_buffer=59
[fastlio_mapping-1] FAST_LIO_OUTPUT_TIMING age_ms_avg=217.435 age_ms_max=228.58 samples=10
[fastlio_mapping-1] FAST_LIO_INPUT_TIMING age_ms_avg=151.032 age_ms_max=216.509 samples=10 lidar_buffer=0 imu_buffer=44
[fastlio_mapping-1] FAST_LIO_OUTPUT_TIMING age_ms_avg=178.242 age_ms_max=246.57 samples=10
[fastlio_mapping-1] FAST_LIO_INPUT_TIMING age_ms_avg=148.081 age_ms_max=162.088 samples=10 lidar_buffer=0 imu_buffer=51
[fastlio_mapping-1] FAST_LIO_OUTPUT_TIMING age_ms_avg=175.631 age_ms_max=189.872 samples=10
[fastlio_mapping-1] FAST_LIO_INPUT_TIMING age_ms_avg=176.51 age_ms_max=192.717 samples=10 lidar_buffer=0 imu_buffer=56
[fastlio_mapping-1] FAST_LIO_OUTPUT_TIMING age_ms_avg=202.228 age_ms_max=221.042 samples=10
[fastlio_mapping-1] FAST_LIO_INPUT_TIMING age_ms_avg=186.109 age_ms_max=209.66 samples=10 lidar_buffer=0 imu_buffer=41
[fastlio_mapping-1] FAST_LIO_OUTPUT_TIMING age_ms_avg=213.797 age_ms_max=236.189 samples=10
[fastlio_mapping-1] FAST_LIO_INPUT_TIMING age_ms_avg=134.409 age_ms_max=143.769 samples=10 lidar_buffer=0 imu_buffer=46
[fastlio_mapping-1] FAST_LIO_OUTPUT_TIMING age_ms_avg=162.031 age_ms_max=170.063 samples=10
[fastlio_mapping-1] FAST_LIO_INPUT_TIMING age_ms_avg=160.226 age_ms_max=170.098 samples=10 lidar_buffer=0 imu_buffer=52
[fastlio_mapping-1] FAST_LIO_OUTPUT_TIMING age_ms_avg=187.443 age_ms_max=194.665 samples=10
[fastlio_mapping-1] FAST_LIO_INPUT_TIMING age_ms_avg=186.02 age_ms_max=198.017 samples=10 lidar_buffer=0 imu_buffer=57
[fastlio_mapping-1] FAST_LIO_OUTPUT_TIMING age_ms_avg=213.202 age_ms_max=225.328 samples=10
[fastlio_mapping-1] FAST_LIO_INPUT_TIMING age_ms_avg=163.257 age_ms_max=216.661 samples=10 lidar_buffer=0 imu_buffer=42
[fastlio_mapping-1] FAST_LIO_OUTPUT_TIMING age_ms_avg=190.128 age_ms_max=247.101 samples=10
[fastlio_mapping-1] FAST_LIO_INPUT_TIMING age_ms_avg=141.345 age_ms_max=154.778 samples=10 lidar_buffer=0 imu_buffer=48
[fastlio_mapping-1] FAST_LIO_OUTPUT_TIMING age_ms_avg=168.816 age_ms_max=181.276 samples=10
[fastlio_mapping-1] FAST_LIO_INPUT_TIMING age_ms_avg=169.129 age_ms_max=182.536 samples=10 lidar_buffer=0 imu_buffer=53
[fastlio_mapping-1] FAST_LIO_OUTPUT_TIMING age_ms_avg=196.287 age_ms_max=210.778 samples=10
[fastlio_mapping-1] FAST_LIO_INPUT_TIMING age_ms_avg=195.045 age_ms_max=210.329 samples=10 lidar_buffer=0 imu_buffer=59
[fastlio_mapping-1] FAST_LIO_OUTPUT_TIMING age_ms_avg=221.331 age_ms_max=238.109 samples=10
[fastlio_mapping-1] FAST_LIO_INPUT_TIMING age_ms_avg=142.541 age_ms_max=215.985 samples=10 lidar_buffer=0 imu_buffer=45
[fastlio_mapping-1] FAST_LIO_OUTPUT_TIMING age_ms_avg=169.514 age_ms_max=246.998 samples=10
[fastlio_mapping-1] FAST_LIO_INPUT_TIMING age_ms_avg=150.465 age_ms_max=166.344 samples=10 lidar_buffer=0 imu_buffer=50
[fastlio_mapping-1] FAST_LIO_OUTPUT_TIMING age_ms_avg=177.821 age_ms_max=196.287 samples=10
[fastlio_mapping-1] FAST_LIO_INPUT_TIMING age_ms_avg=177.621 age_ms_max=185.882 samples=10 lidar_buffer=0 imu_buffer=55
[fastlio_mapping-1] FAST_LIO_OUTPUT_TIMING age_ms_avg=206.451 age_ms_max=216.916 samples=10
[fastlio_mapping-1] FAST_LIO_INPUT_TIMING age_ms_avg=192.866 age_ms_max=214.484 samples=10 lidar_buffer=0 imu_buffer=61
[fastlio_mapping-1] FAST_LIO_OUTPUT_TIMING age_ms_avg=221.074 age_ms_max=245.461 samples=10
[fastlio_mapping-1] FAST_LIO_INPUT_TIMING age_ms_avg=127.745 age_ms_max=143.33 samples=10 lidar_buffer=0 imu_buffer=46
[fastlio_mapping-1] FAST_LIO_OUTPUT_TIMING age_ms_avg=156.609 age_ms_max=174.034 samples=10
[fastlio_mapping-1] FAST_LIO_INPUT_TIMING age_ms_avg=152.487 age_ms_max=169.11 samples=10 lidar_buffer=0 imu_buffer=51
[fastlio_mapping-1] FAST_LIO_OUTPUT_TIMING age_ms_avg=179.111 age_ms_max=197.57 samples=10
[fastlio_mapping-1] FAST_LIO_INPUT_TIMING age_ms_avg=181.924 age_ms_max=197.214 samples=10 lidar_buffer=0 imu_buffer=57
[fastlio_mapping-1] FAST_LIO_OUTPUT_TIMING age_ms_avg=209.972 age_ms_max=227.209 samples=10
[fastlio_mapping-1] FAST_LIO_INPUT_TIMING age_ms_avg=169.658 age_ms_max=208.838 samples=10 lidar_buffer=0 imu_buffer=42
[fastlio_mapping-1] FAST_LIO_OUTPUT_TIMING age_ms_avg=195.552 age_ms_max=235.584 samples=10
[fastlio_mapping-1] FAST_LIO_INPUT_TIMING age_ms_avg=136.283 age_ms_max=144.68 samples=10 lidar_buffer=0 imu_buffer=47
[fastlio_mapping-1] FAST_LIO_OUTPUT_TIMING age_ms_avg=163.488 age_ms_max=171.918 samples=10
[fastlio_mapping-1] FAST_LIO_INPUT_TIMING age_ms_avg=164.412 age_ms_max=176.005 samples=10 lidar_buffer=0 imu_buffer=53
[fastlio_mapping-1] FAST_LIO_OUTPUT_TIMING age_ms_avg=194.053 age_ms_max=205.044 samples=10
[fastlio_mapping-1] FAST_LIO_INPUT_TIMING age_ms_avg=187.67 age_ms_max=199.513 samples=10 lidar_buffer=0 imu_buffer=58
[fastlio_mapping-1] FAST_LIO_OUTPUT_TIMING age_ms_avg=214.286 age_ms_max=225.423 samples=10
[fastlio_mapping-1] FAST_LIO_INPUT_TIMING age_ms_avg=193.982 age_ms_max=243.376 samples=9 lidar_buffer=0 imu_buffer=58
[fastlio_mapping-1] FAST_LIO_OUTPUT_TIMING age_ms_avg=233.174 age_ms_max=281.425 samples=9
[fastlio_mapping-1] FAST_LIO_INPUT_TIMING age_ms_avg=193.102 age_ms_max=298.981 samples=8 lidar_buffer=0 imu_buffer=64
[fastlio_mapping-1] FAST_LIO_OUTPUT_TIMING age_ms_avg=233.43 age_ms_max=328.352 samples=8
[fastlio_mapping-1] FAST_LIO_INPUT_TIMING age_ms_avg=171.051 age_ms_max=192.555 samples=10 lidar_buffer=0 imu_buffer=57
[fastlio_mapping-1] FAST_LIO_OUTPUT_TIMING age_ms_avg=211.334 age_ms_max=234.663 samples=10
[fastlio_mapping-1] FAST_LIO_INPUT_TIMING age_ms_avg=172.327 age_ms_max=209.261 samples=10 lidar_buffer=0 imu_buffer=59
[fastlio_mapping-1] FAST_LIO_OUTPUT_TIMING age_ms_avg=209.95 age_ms_max=253.253 samples=10
[fastlio_mapping-1] FAST_LIO_OUTPUT_TIMING age_ms_avg=213.641 age_ms_max=273.587 samples=9
[fastlio_mapping-1] FAST_LIO_INPUT_TIMING age_ms_avg=168.545 age_ms_max=209.013 samples=10 lidar_buffer=0 imu_buffer=53
[fastlio_mapping-1] FAST_LIO_OUTPUT_TIMING age_ms_avg=183.649 age_ms_max=245.706 samples=10
[fastlio_mapping-1] FAST_LIO_INPUT_TIMING age_ms_avg=141.125 age_ms_max=209.398 samples=10 lidar_buffer=0 imu_buffer=48
[fastlio_mapping-1] FAST_LIO_OUTPUT_TIMING age_ms_avg=228.207 age_ms_max=262.689 samples=9
[fastlio_mapping-1] FAST_LIO_INPUT_TIMING age_ms_avg=180.895 age_ms_max=214.144 samples=9 lidar_buffer=0 imu_buffer=60
[fastlio_mapping-1] FAST_LIO_INPUT_TIMING age_ms_avg=199.873 age_ms_max=253.726 samples=7 lidar_buffer=0 imu_buffer=62
[fastlio_mapping-1] FAST_LIO_OUTPUT_TIMING age_ms_avg=239.055 age_ms_max=286.236 samples=8
[fastlio_mapping-1] FAST_LIO_INPUT_TIMING age_ms_avg=156.139 age_ms_max=167.85 samples=10 lidar_buffer=0 imu_buffer=52
[fastlio_mapping-1] FAST_LIO_OUTPUT_TIMING age_ms_avg=183.212 age_ms_max=192.124 samples=10
[fastlio_mapping-1] FAST_LIO_INPUT_TIMING age_ms_avg=185.855 age_ms_max=200.781 samples=10 lidar_buffer=0 imu_buffer=57
[fastlio_mapping-1] FAST_LIO_OUTPUT_TIMING age_ms_avg=212.898 age_ms_max=230.44 samples=10
[fastlio_mapping-1] FAST_LIO_INPUT_TIMING age_ms_avg=165.378 age_ms_max=215.923 samples=10 lidar_buffer=0 imu_buffer=43
[fastlio_mapping-1] FAST_LIO_OUTPUT_TIMING age_ms_avg=194.605 age_ms_max=246.401 samples=10
[fastlio_mapping-1] FAST_LIO_INPUT_TIMING age_ms_avg=146.047 age_ms_max=157.66 samples=8 lidar_buffer=0 imu_buffer=49
[fastlio_mapping-1] FAST_LIO_OUTPUT_TIMING age_ms_avg=176.149 age_ms_max=188.65 samples=8
[fastlio_mapping-1] FAST_LIO_INPUT_TIMING age_ms_avg=169.29 age_ms_max=180.939 samples=10 lidar_buffer=0 imu_buffer=54
[fastlio_mapping-1] FAST_LIO_OUTPUT_TIMING age_ms_avg=196.575 age_ms_max=207.662 samples=10
[fastlio_mapping-1] FAST_LIO_INPUT_TIMING age_ms_avg=199.895 age_ms_max=212.789 samples=10 lidar_buffer=0 imu_buffer=60
[fastlio_mapping-1] FAST_LIO_OUTPUT_TIMING age_ms_avg=227.976 age_ms_max=243.113 samples=10
[fastlio_mapping-1] FAST_LIO_INPUT_TIMING age_ms_avg=127.59 age_ms_max=138.408 samples=10 lidar_buffer=0 imu_buffer=46
[fastlio_mapping-1] FAST_LIO_OUTPUT_TIMING age_ms_avg=156.952 age_ms_max=169.767 samples=10
[fastlio_mapping-1] FAST_LIO_INPUT_TIMING age_ms_avg=152.166 age_ms_max=162.948 samples=10 lidar_buffer=0 imu_buffer=50
[fastlio_mapping-1] FAST_LIO_OUTPUT_TIMING age_ms_avg=180.435 age_ms_max=190.213 samples=10
[fastlio_mapping-1] FAST_LIO_INPUT_TIMING age_ms_avg=181.476 age_ms_max=196.371 samples=10 lidar_buffer=0 imu_buffer=57
[fastlio_mapping-1] FAST_LIO_OUTPUT_TIMING age_ms_avg=210.801 age_ms_max=228.315 samples=10
[fastlio_mapping-1] FAST_LIO_INPUT_TIMING age_ms_avg=169.711 age_ms_max=212.647 samples=10 lidar_buffer=0 imu_buffer=42
[fastlio_mapping-1] FAST_LIO_OUTPUT_TIMING age_ms_avg=199.672 age_ms_max=244.382 samples=10
[fastlio_mapping-1] FAST_LIO_INPUT_TIMING age_ms_avg=134.261 age_ms_max=152.045 samples=10 lidar_buffer=0 imu_buffer=47
[fastlio_mapping-1] FAST_LIO_OUTPUT_TIMING age_ms_avg=162.213 age_ms_max=182.796 samples=10
[fastlio_mapping-1] FAST_LIO_INPUT_TIMING age_ms_avg=164.347 age_ms_max=173.967 samples=10 lidar_buffer=0 imu_buffer=54
[fastlio_mapping-1] FAST_LIO_OUTPUT_TIMING age_ms_avg=193.257 age_ms_max=203.55 samples=10
[fastlio_mapping-1] FAST_LIO_INPUT_TIMING age_ms_avg=190.299 age_ms_max=199.748 samples=10 lidar_buffer=0 imu_buffer=59
[fastlio_mapping-1] FAST_LIO_OUTPUT_TIMING age_ms_avg=219.25 age_ms_max=231.691 samples=10
[fastlio_mapping-1] FAST_LIO_INPUT_TIMING age_ms_avg=148.505 age_ms_max=211.359 samples=10 lidar_buffer=0 imu_buffer=44
[fastlio_mapping-1] FAST_LIO_OUTPUT_TIMING age_ms_avg=177.935 age_ms_max=241.198 samples=10
[fastlio_mapping-1] FAST_LIO_INPUT_TIMING age_ms_avg=144.779 age_ms_max=158.092 samples=10 lidar_buffer=0 imu_buffer=50
[fastlio_mapping-1] FAST_LIO_OUTPUT_TIMING age_ms_avg=173.539 age_ms_max=188.645 samples=10
[fastlio_mapping-1] FAST_LIO_INPUT_TIMING age_ms_avg=171.353 age_ms_max=183.624 samples=10 lidar_buffer=0 imu_buffer=55
[fastlio_mapping-1] FAST_LIO_OUTPUT_TIMING age_ms_avg=198.595 age_ms_max=209.945 samples=10
[fastlio_mapping-1] FAST_LIO_INPUT_TIMING age_ms_avg=191.88 age_ms_max=211.785 samples=10 lidar_buffer=0 imu_buffer=60
[fastlio_mapping-1] FAST_LIO_OUTPUT_TIMING age_ms_avg=221.547 age_ms_max=242.347 samples=10
[fastlio_mapping-1] FAST_LIO_INPUT_TIMING age_ms_avg=128.281 age_ms_max=143.113 samples=10 lidar_buffer=0 imu_buffer=46
[fastlio_mapping-1] FAST_LIO_OUTPUT_TIMING age_ms_avg=156.214 age_ms_max=171.639 samples=10
[fastlio_mapping-1] FAST_LIO_INPUT_TIMING age_ms_avg=156.093 age_ms_max=164.37 samples=8 lidar_buffer=0 imu_buffer=51
[fastlio_mapping-1] FAST_LIO_OUTPUT_TIMING age_ms_avg=183.059 age_ms_max=191.746 samples=8
[fastlio_mapping-1] FAST_LIO_INPUT_TIMING age_ms_avg=182.318 age_ms_max=193.935 samples=10 lidar_buffer=0 imu_buffer=57
[fastlio_mapping-1] FAST_LIO_OUTPUT_TIMING age_ms_avg=209.437 age_ms_max=221.017 samples=10
[fastlio_mapping-1] FAST_LIO_INPUT_TIMING age_ms_avg=161.782 age_ms_max=212.393 samples=10 lidar_buffer=0 imu_buffer=43
[fastlio_mapping-1] FAST_LIO_OUTPUT_TIMING age_ms_avg=187.171 age_ms_max=237.717 samples=10
[fastlio_mapping-1] FAST_LIO_INPUT_TIMING age_ms_avg=138.13 age_ms_max=151.143 samples=10 lidar_buffer=0 imu_buffer=48
[fastlio_mapping-1] FAST_LIO_OUTPUT_TIMING age_ms_avg=163.48 age_ms_max=179.649 samples=10
[fastlio_mapping-1] FAST_LIO_INPUT_TIMING age_ms_avg=164.849 age_ms_max=177.013 samples=10 lidar_buffer=0 imu_buffer=53
[fastlio_mapping-1] FAST_LIO_OUTPUT_TIMING age_ms_avg=189.605 age_ms_max=204.816 samples=10
[fastlio_mapping-1] FAST_LIO_INPUT_TIMING age_ms_avg=191.005 age_ms_max=202.776 samples=10 lidar_buffer=0 imu_buffer=58
[fastlio_mapping-1] FAST_LIO_OUTPUT_TIMING age_ms_avg=215.735 age_ms_max=229.754 samples=10
[fastlio_mapping-1] FAST_LIO_INPUT_TIMING age_ms_avg=140.559 age_ms_max=207.572 samples=10 lidar_buffer=0 imu_buffer=45
[fastlio_mapping-1] FAST_LIO_OUTPUT_TIMING age_ms_avg=165.864 age_ms_max=229.726 samples=10
[fastlio_mapping-1] FAST_LIO_INPUT_TIMING age_ms_avg=146.215 age_ms_max=157.22 samples=10 lidar_buffer=0 imu_buffer=50
[fastlio_mapping-1] FAST_LIO_OUTPUT_TIMING age_ms_avg=170.967 age_ms_max=181.767 samples=10
[fastlio_mapping-1] FAST_LIO_INPUT_TIMING age_ms_avg=174.007 age_ms_max=186.044 samples=10 lidar_buffer=0 imu_buffer=55
[fastlio_mapping-1] FAST_LIO_OUTPUT_TIMING age_ms_avg=197.996 age_ms_max=209.799 samples=10
[fastlio_mapping-1] FAST_LIO_INPUT_TIMING age_ms_avg=188.818 age_ms_max=215.463 samples=8 lidar_buffer=0 imu_buffer=61
[fastlio_mapping-1] FAST_LIO_OUTPUT_TIMING age_ms_avg=215.149 age_ms_max=252.729 samples=8
[fastlio_mapping-1] FAST_LIO_INPUT_TIMING age_ms_avg=128.922 age_ms_max=143.138 samples=10 lidar_buffer=0 imu_buffer=46
[fastlio_mapping-1] FAST_LIO_OUTPUT_TIMING age_ms_avg=154.412 age_ms_max=168.033 samples=10
[fastlio_mapping-1] FAST_LIO_INPUT_TIMING age_ms_avg=155.955 age_ms_max=165.485 samples=10 lidar_buffer=0 imu_buffer=51
[fastlio_mapping-1] FAST_LIO_OUTPUT_TIMING age_ms_avg=180.664 age_ms_max=193.001 samples=10
[fastlio_mapping-1] FAST_LIO_INPUT_TIMING age_ms_avg=181.575 age_ms_max=192.126 samples=10 lidar_buffer=0 imu_buffer=56
[fastlio_mapping-1] FAST_LIO_OUTPUT_TIMING age_ms_avg=204.786 age_ms_max=213.33 samples=10
[fastlio_mapping-1] FAST_LIO_INPUT_TIMING age_ms_avg=168.241 age_ms_max=208.83 samples=10 lidar_buffer=0 imu_buffer=43
[fastlio_mapping-1] FAST_LIO_OUTPUT_TIMING age_ms_avg=190.324 age_ms_max=230.876 samples=10
[fastlio_mapping-1] FAST_LIO_OUTPUT_TIMING age_ms_avg=225.615 age_ms_max=269.713 samples=7
[fastlio_mapping-1] FAST_LIO_INPUT_TIMING age_ms_avg=192.809 age_ms_max=237.599 samples=8 lidar_buffer=0 imu_buffer=72
[fastlio_mapping-1] FAST_LIO_OUTPUT_TIMING age_ms_avg=201.004 age_ms_max=257.508 samples=9
[fastlio_mapping-1] FAST_LIO_INPUT_TIMING age_ms_avg=177.269 age_ms_max=225.91 samples=9 lidar_buffer=0 imu_buffer=59
[fastlio_mapping-1] FAST_LIO_OUTPUT_TIMING age_ms_avg=207.749 age_ms_max=258.819 samples=9
[fastlio_mapping-1] FAST_LIO_INPUT_TIMING age_ms_avg=174.375 age_ms_max=208.768 samples=10 lidar_buffer=0 imu_buffer=59
[fastlio_mapping-1] FAST_LIO_OUTPUT_TIMING age_ms_avg=192.189 age_ms_max=243.592 samples=10
[fastlio_mapping-1] FAST_LIO_INPUT_TIMING age_ms_avg=161.467 age_ms_max=208.983 samples=10 lidar_buffer=0 imu_buffer=59
[fastlio_mapping-1] FAST_LIO_OUTPUT_TIMING age_ms_avg=220.778 age_ms_max=263.283 samples=9
[fastlio_mapping-1] FAST_LIO_INPUT_TIMING age_ms_avg=180.867 age_ms_max=240.324 samples=9 lidar_buffer=0 imu_buffer=50
[fastlio_mapping-1] FAST_LIO_OUTPUT_TIMING age_ms_avg=210.258 age_ms_max=245.632 samples=9
[fastlio_mapping-1] FAST_LIO_INPUT_TIMING age_ms_avg=177.225 age_ms_max=211.749 samples=9 lidar_buffer=0 imu_buffer=48
[fastlio_mapping-1] FAST_LIO_OUTPUT_TIMING age_ms_avg=221.594 age_ms_max=280.135 samples=8
[fastlio_mapping-1] FAST_LIO_INPUT_TIMING age_ms_avg=174.778 age_ms_max=249.14 samples=9 lidar_buffer=0 imu_buffer=50
[fastlio_mapping-1] FAST_LIO_OUTPUT_TIMING age_ms_avg=207.309 age_ms_max=242.683 samples=10
[fastlio_mapping-1] FAST_LIO_INPUT_TIMING age_ms_avg=175.525 age_ms_max=203.703 samples=10 lidar_buffer=0 imu_buffer=47
[fastlio_mapping-1] FAST_LIO_OUTPUT_TIMING age_ms_avg=183.627 age_ms_max=190.049 samples=10
[fastlio_mapping-1] FAST_LIO_INPUT_TIMING age_ms_avg=166.849 age_ms_max=184.093 samples=10 lidar_buffer=0 imu_buffer=54
[fastlio_mapping-1] FAST_LIO_OUTPUT_TIMING age_ms_avg=211.897 age_ms_max=227.372 samples=10
[fastlio_mapping-1] FAST_LIO_INPUT_TIMING age_ms_avg=195.128 age_ms_max=209.075 samples=10 lidar_buffer=0 imu_buffer=60
[fastlio_mapping-1] FAST_LIO_OUTPUT_TIMING age_ms_avg=182.009 age_ms_max=232.606 samples=10
[fastlio_mapping-1] FAST_LIO_INPUT_TIMING age_ms_avg=135.186 age_ms_max=207.259 samples=10 lidar_buffer=0 imu_buffer=45
[fastlio_mapping-1] FAST_LIO_OUTPUT_TIMING age_ms_avg=169.88 age_ms_max=184.477 samples=10
[fastlio_mapping-1] FAST_LIO_INPUT_TIMING age_ms_avg=150.967 age_ms_max=164.303 samples=10 lidar_buffer=0 imu_buffer=50
[fastlio_mapping-1] FAST_LIO_OUTPUT_TIMING age_ms_avg=194.414 age_ms_max=205.122 samples=10
[fastlio_mapping-1] FAST_LIO_INPUT_TIMING age_ms_avg=178.089 age_ms_max=192.891 samples=10 lidar_buffer=0 imu_buffer=56
[fastlio_mapping-1] FAST_LIO_OUTPUT_TIMING age_ms_avg=220.491 age_ms_max=238.88 samples=10
[fastlio_mapping-1] FAST_LIO_INPUT_TIMING age_ms_avg=175.407 age_ms_max=212.354 samples=10 lidar_buffer=0 imu_buffer=41
[fastlio_mapping-1] FAST_LIO_OUTPUT_TIMING age_ms_avg=149.045 age_ms_max=162.143 samples=10
[fastlio_mapping-1] FAST_LIO_INPUT_TIMING age_ms_avg=133.211 age_ms_max=148.062 samples=10 lidar_buffer=0 imu_buffer=47
[fastlio_mapping-1] FAST_LIO_OUTPUT_TIMING age_ms_avg=179.082 age_ms_max=193.266 samples=10
[fastlio_mapping-1] FAST_LIO_INPUT_TIMING age_ms_avg=162.814 age_ms_max=173.901 samples=10 lidar_buffer=0 imu_buffer=53
[fastlio_mapping-1] FAST_LIO_OUTPUT_TIMING age_ms_avg=206.462 age_ms_max=215.976 samples=10
[fastlio_mapping-1] FAST_LIO_INPUT_TIMING age_ms_avg=187.067 age_ms_max=196.914 samples=10 lidar_buffer=0 imu_buffer=58
[fastlio_mapping-1] FAST_LIO_OUTPUT_TIMING age_ms_avg=198.966 age_ms_max=237.8 samples=10
[fastlio_mapping-1] FAST_LIO_INPUT_TIMING age_ms_avg=154.635 age_ms_max=211.876 samples=10 lidar_buffer=0 imu_buffer=43
[fastlio_mapping-1] FAST_LIO_OUTPUT_TIMING age_ms_avg=157.049 age_ms_max=180.039 samples=10
[fastlio_mapping-1] FAST_LIO_INPUT_TIMING age_ms_avg=142.06 age_ms_max=151.762 samples=10 lidar_buffer=0 imu_buffer=49
[fastlio_mapping-1] FAST_LIO_OUTPUT_TIMING age_ms_avg=188.113 age_ms_max=205.134 samples=10
[fastlio_mapping-1] FAST_LIO_INPUT_TIMING age_ms_avg=169.999 age_ms_max=184.915 samples=10 lidar_buffer=0 imu_buffer=54
[fastlio_mapping-1] FAST_LIO_OUTPUT_TIMING age_ms_avg=211.677 age_ms_max=224.429 samples=10
[fastlio_mapping-1] FAST_LIO_INPUT_TIMING age_ms_avg=195.95 age_ms_max=212.2 samples=10 lidar_buffer=0 imu_buffer=60
[fastlio_mapping-1] FAST_LIO_OUTPUT_TIMING age_ms_avg=178.437 age_ms_max=237.761 samples=10
[fastlio_mapping-1] FAST_LIO_INPUT_TIMING age_ms_avg=134.617 age_ms_max=208.683 samples=10 lidar_buffer=0 imu_buffer=46
[fastlio_mapping-1] FAST_LIO_OUTPUT_TIMING age_ms_avg=171.342 age_ms_max=192.099 samples=10
[fastlio_mapping-1] FAST_LIO_INPUT_TIMING age_ms_avg=154.332 age_ms_max=168.739 samples=10 lidar_buffer=0 imu_buffer=51
[fastlio_mapping-1] FAST_LIO_OUTPUT_TIMING age_ms_avg=194.546 age_ms_max=215.743 samples=10
[fastlio_mapping-1] FAST_LIO_INPUT_TIMING age_ms_avg=181.351 age_ms_max=197.589 samples=10 lidar_buffer=0 imu_buffer=57
[fastlio_mapping-1] FAST_LIO_OUTPUT_TIMING age_ms_avg=217.338 age_ms_max=238.17 samples=10
[fastlio_mapping-1] FAST_LIO_INPUT_TIMING age_ms_avg=170.878 age_ms_max=210.931 samples=10 lidar_buffer=0 imu_buffer=43
[fastlio_mapping-1] FAST_LIO_OUTPUT_TIMING age_ms_avg=153.138 age_ms_max=170.218 samples=10
[fastlio_mapping-1] FAST_LIO_INPUT_TIMING age_ms_avg=139.24 age_ms_max=149.375 samples=10 lidar_buffer=0 imu_buffer=49
[fastlio_mapping-1] FAST_LIO_OUTPUT_TIMING age_ms_avg=179.124 age_ms_max=191.799 samples=10
[fastlio_mapping-1] FAST_LIO_INPUT_TIMING age_ms_avg=167.144 age_ms_max=180.773 samples=10 lidar_buffer=0 imu_buffer=54
[fastlio_mapping-1] FAST_LIO_OUTPUT_TIMING age_ms_avg=208.34 age_ms_max=222.184 samples=10
[fastlio_mapping-1] FAST_LIO_INPUT_TIMING age_ms_avg=196.321 age_ms_max=212.926 samples=10 lidar_buffer=0 imu_buffer=59
[fastlio_mapping-1] FAST_LIO_OUTPUT_TIMING age_ms_avg=167.812 age_ms_max=233.938 samples=10
[fastlio_mapping-1] FAST_LIO_INPUT_TIMING age_ms_avg=125.697 age_ms_max=137.802 samples=10 lidar_buffer=0 imu_buffer=46
[fastlio_mapping-1] FAST_LIO_OUTPUT_TIMING age_ms_avg=166.194 age_ms_max=180.566 samples=10
[fastlio_mapping-1] FAST_LIO_INPUT_TIMING age_ms_avg=152.858 age_ms_max=167.566 samples=10 lidar_buffer=0 imu_buffer=51
[fastlio_mapping-1] FAST_LIO_OUTPUT_TIMING age_ms_avg=189.384 age_ms_max=208.078 samples=10
[fastlio_mapping-1] FAST_LIO_INPUT_TIMING age_ms_avg=177.935 age_ms_max=188.517 samples=10 lidar_buffer=0 imu_buffer=57
[fastlio_mapping-1] FAST_LIO_OUTPUT_TIMING age_ms_avg=221.882 age_ms_max=233.385 samples=10
[fastlio_mapping-1] FAST_LIO_INPUT_TIMING age_ms_avg=186.803 age_ms_max=216.861 samples=10 lidar_buffer=0 imu_buffer=42
[fastlio_mapping-1] FAST_LIO_OUTPUT_TIMING age_ms_avg=154.361 age_ms_max=238.498 samples=10
[fastlio_mapping-1] FAST_LIO_INPUT_TIMING age_ms_avg=132.507 age_ms_max=147.01 samples=10 lidar_buffer=0 imu_buffer=47
[fastlio_mapping-1] FAST_LIO_OUTPUT_TIMING age_ms_avg=170.461 age_ms_max=179.421 samples=10
[fastlio_mapping-1] FAST_LIO_INPUT_TIMING age_ms_avg=158.894 age_ms_max=173.677 samples=10 lidar_buffer=0 imu_buffer=52
[fastlio_mapping-1] FAST_LIO_OUTPUT_TIMING age_ms_avg=197.058 age_ms_max=216.985 samples=10
[fastlio_mapping-1] FAST_LIO_INPUT_TIMING age_ms_avg=187.022 age_ms_max=202.877 samples=10 lidar_buffer=0 imu_buffer=57
[fastlio_mapping-1] FAST_LIO_OUTPUT_TIMING age_ms_avg=200.724 age_ms_max=236.719 samples=10
[fastlio_mapping-1] FAST_LIO_INPUT_TIMING age_ms_avg=155.565 age_ms_max=212.986 samples=10 lidar_buffer=0 imu_buffer=43
[fastlio_mapping-1] FAST_LIO_OUTPUT_TIMING age_ms_avg=151.255 age_ms_max=172.251 samples=10
[fastlio_mapping-1] FAST_LIO_INPUT_TIMING age_ms_avg=141.015 age_ms_max=157.05 samples=10 lidar_buffer=0 imu_buffer=48
[fastlio_mapping-1] FAST_LIO_OUTPUT_TIMING age_ms_avg=177.558 age_ms_max=187.915 samples=10
[fastlio_mapping-1] FAST_LIO_INPUT_TIMING age_ms_avg=166.464 age_ms_max=184.169 samples=10 lidar_buffer=0 imu_buffer=55
[fastlio_mapping-1] FAST_LIO_OUTPUT_TIMING age_ms_avg=211.711 age_ms_max=228.65 samples=10
[fastlio_mapping-1] FAST_LIO_INPUT_TIMING age_ms_avg=197.765 age_ms_max=207.676 samples=10 lidar_buffer=0 imu_buffer=60
[fastlio_mapping-1] FAST_LIO_OUTPUT_TIMING age_ms_avg=166.785 age_ms_max=232.17 samples=10
[fastlio_mapping-1] FAST_LIO_INPUT_TIMING age_ms_avg=124.668 age_ms_max=136.12 samples=10 lidar_buffer=0 imu_buffer=45
[fastlio_mapping-1] FAST_LIO_OUTPUT_TIMING age_ms_avg=165.382 age_ms_max=180.071 samples=10
[fastlio_mapping-1] FAST_LIO_INPUT_TIMING age_ms_avg=153.497 age_ms_max=163.42 samples=10 lidar_buffer=0 imu_buffer=51
[fastlio_mapping-1] FAST_LIO_OUTPUT_TIMING age_ms_avg=190.828 age_ms_max=208.524 samples=10
[fastlio_mapping-1] FAST_LIO_INPUT_TIMING age_ms_avg=181.404 age_ms_max=197.091 samples=10 lidar_buffer=0 imu_buffer=57
[fastlio_mapping-1] FAST_LIO_OUTPUT_TIMING age_ms_avg=209.851 age_ms_max=235.202 samples=10
[fastlio_mapping-1] FAST_LIO_INPUT_TIMING age_ms_avg=168.253 age_ms_max=213.373 samples=10 lidar_buffer=0 imu_buffer=42
[fastlio_mapping-1] FAST_LIO_OUTPUT_TIMING age_ms_avg=146.295 age_ms_max=166.116 samples=10
[fastlio_mapping-1] FAST_LIO_INPUT_TIMING age_ms_avg=135.263 age_ms_max=146.561 samples=10 lidar_buffer=0 imu_buffer=47
[fastlio_mapping-1] FAST_LIO_OUTPUT_TIMING age_ms_avg=173.576 age_ms_max=191.5 samples=10
[fastlio_mapping-1] FAST_LIO_INPUT_TIMING age_ms_avg=163.18 age_ms_max=177.434 samples=10 lidar_buffer=0 imu_buffer=54
[fastlio_mapping-1] FAST_LIO_OUTPUT_TIMING age_ms_avg=207.472 age_ms_max=222.897 samples=10
[fastlio_mapping-1] FAST_LIO_INPUT_TIMING age_ms_avg=194.025 age_ms_max=205.083 samples=10 lidar_buffer=0 imu_buffer=59
[fastlio_mapping-1] FAST_LIO_OUTPUT_TIMING age_ms_avg=186.048 age_ms_max=239.991 samples=10
[fastlio_mapping-1] FAST_LIO_INPUT_TIMING age_ms_avg=153.889 age_ms_max=213.454 samples=10 lidar_buffer=0 imu_buffer=56
[fastlio_mapping-1] FAST_LIO_OUTPUT_TIMING age_ms_avg=221.523 age_ms_max=252.968 samples=9
[fastlio_mapping-1] FAST_LIO_INPUT_TIMING age_ms_avg=195.228 age_ms_max=226.392 samples=9 lidar_buffer=0 imu_buffer=73
[fastlio_mapping-1] FAST_LIO_OUTPUT_TIMING age_ms_avg=228.282 age_ms_max=265.372 samples=8
[fastlio_mapping-1] FAST_LIO_INPUT_TIMING age_ms_avg=193.899 age_ms_max=230.706 samples=8 lidar_buffer=0 imu_buffer=63
[fastlio_mapping-1] FAST_LIO_OUTPUT_TIMING age_ms_avg=236.318 age_ms_max=265.557 samples=7
[fastlio_mapping-1] FAST_LIO_INPUT_TIMING age_ms_avg=180.409 age_ms_max=235.041 samples=8 lidar_buffer=0 imu_buffer=53
[fastlio_mapping-1] FAST_LIO_OUTPUT_TIMING age_ms_avg=216.151 age_ms_max=257.524 samples=9
[fastlio_mapping-1] FAST_LIO_INPUT_TIMING age_ms_avg=192.001 age_ms_max=228.317 samples=8 lidar_buffer=0 imu_buffer=60
[fastlio_mapping-1] FAST_LIO_OUTPUT_TIMING age_ms_avg=227.569 age_ms_max=259.671 samples=8
[fastlio_mapping-1] FAST_LIO_INPUT_TIMING age_ms_avg=190.824 age_ms_max=220.204 samples=8 lidar_buffer=0 imu_buffer=62
[fastlio_mapping-1] FAST_LIO_OUTPUT_TIMING age_ms_avg=204.672 age_ms_max=249.423 samples=9
[fastlio_mapping-1] FAST_LIO_INPUT_TIMING age_ms_avg=159.982 age_ms_max=215.05 samples=9 lidar_buffer=0 imu_buffer=54
[fastlio_mapping-1] FAST_LIO_OUTPUT_TIMING age_ms_avg=200.344 age_ms_max=242.679 samples=9
[fastlio_mapping-1] FAST_LIO_INPUT_TIMING age_ms_avg=175.891 age_ms_max=221.645 samples=9 lidar_buffer=0 imu_buffer=64
[fastlio_mapping-1] FAST_LIO_OUTPUT_TIMING age_ms_avg=219.808 age_ms_max=268.409 samples=8
[fastlio_mapping-1] FAST_LIO_INPUT_TIMING age_ms_avg=166.117 age_ms_max=230.656 samples=9 lidar_buffer=0 imu_buffer=46
[fastlio_mapping-1] FAST_LIO_OUTPUT_TIMING age_ms_avg=165.691 age_ms_max=177.64 samples=10
[fastlio_mapping-1] FAST_LIO_INPUT_TIMING age_ms_avg=159.164 age_ms_max=173.845 samples=10 lidar_buffer=0 imu_buffer=52
[fastlio_mapping-1] FAST_LIO_OUTPUT_TIMING age_ms_avg=199.196 age_ms_max=204.465 samples=10
[fastlio_mapping-1] FAST_LIO_INPUT_TIMING age_ms_avg=184.655 age_ms_max=199.232 samples=10 lidar_buffer=0 imu_buffer=58
[fastlio_mapping-1] FAST_LIO_OUTPUT_TIMING age_ms_avg=213.047 age_ms_max=239.421 samples=10
[fastlio_mapping-1] FAST_LIO_INPUT_TIMING age_ms_avg=164.1 age_ms_max=214.717 samples=10 lidar_buffer=0 imu_buffer=43
[fastlio_mapping-1] FAST_LIO_OUTPUT_TIMING age_ms_avg=149.302 age_ms_max=156.875 samples=10
[fastlio_mapping-1] FAST_LIO_INPUT_TIMING age_ms_avg=140.828 age_ms_max=157.298 samples=10 lidar_buffer=0 imu_buffer=49
[fastlio_mapping-1] FAST_LIO_OUTPUT_TIMING age_ms_avg=184.252 age_ms_max=199.506 samples=10
[fastlio_mapping-1] FAST_LIO_INPUT_TIMING age_ms_avg=170.78 age_ms_max=182.965 samples=10 lidar_buffer=0 imu_buffer=54
[fastlio_mapping-1] FAST_LIO_OUTPUT_TIMING age_ms_avg=209.776 age_ms_max=221.544 samples=10
[fastlio_mapping-1] FAST_LIO_INPUT_TIMING age_ms_avg=195.927 age_ms_max=211.513 samples=10 lidar_buffer=0 imu_buffer=60
[fastlio_mapping-1] FAST_LIO_OUTPUT_TIMING age_ms_avg=184.132 age_ms_max=236.129 samples=10
[fastlio_mapping-1] FAST_LIO_INPUT_TIMING age_ms_avg=132.775 age_ms_max=207.253 samples=10 lidar_buffer=0 imu_buffer=45
[fastlio_mapping-1] FAST_LIO_OUTPUT_TIMING age_ms_avg=159.672 age_ms_max=170.526 samples=10
[fastlio_mapping-1] FAST_LIO_INPUT_TIMING age_ms_avg=149.947 age_ms_max=164.465 samples=10 lidar_buffer=0 imu_buffer=51
[fastlio_mapping-1] FAST_LIO_OUTPUT_TIMING age_ms_avg=185.03 age_ms_max=203.835 samples=10
[fastlio_mapping-1] FAST_LIO_INPUT_TIMING age_ms_avg=177.604 age_ms_max=191.837 samples=10 lidar_buffer=0 imu_buffer=56
[fastlio_mapping-1] FAST_LIO_OUTPUT_TIMING age_ms_avg=213.465 age_ms_max=232.353 samples=10
[fastlio_mapping-1] FAST_LIO_INPUT_TIMING age_ms_avg=175.994 age_ms_max=214.048 samples=10 lidar_buffer=0 imu_buffer=42
[fastlio_mapping-1] FAST_LIO_OUTPUT_TIMING age_ms_avg=149.295 age_ms_max=235.903 samples=10
[fastlio_mapping-1] FAST_LIO_INPUT_TIMING age_ms_avg=132.638 age_ms_max=144.271 samples=10 lidar_buffer=0 imu_buffer=48
[fastlio_mapping-1] FAST_LIO_OUTPUT_TIMING age_ms_avg=168.921 age_ms_max=183.449 samples=10
[fastlio_mapping-1] FAST_LIO_INPUT_TIMING age_ms_avg=162.443 age_ms_max=177.508 samples=10 lidar_buffer=0 imu_buffer=53
[fastlio_mapping-1] FAST_LIO_OUTPUT_TIMING age_ms_avg=197.724 age_ms_max=211.962 samples=10
[fastlio_mapping-1] FAST_LIO_INPUT_TIMING age_ms_avg=189.984 age_ms_max=205.756 samples=10 lidar_buffer=0 imu_buffer=58
[fastlio_mapping-1] FAST_LIO_OUTPUT_TIMING age_ms_avg=197.278 age_ms_max=235.533 samples=10
[fastlio_mapping-1] FAST_LIO_INPUT_TIMING age_ms_avg=147.535 age_ms_max=213.707 samples=10 lidar_buffer=0 imu_buffer=44
[fastlio_mapping-1] FAST_LIO_OUTPUT_TIMING age_ms_avg=151.728 age_ms_max=162.595 samples=10
[fastlio_mapping-1] FAST_LIO_INPUT_TIMING age_ms_avg=145.22 age_ms_max=157.366 samples=10 lidar_buffer=0 imu_buffer=49
[fastlio_mapping-1] FAST_LIO_OUTPUT_TIMING age_ms_avg=183.077 age_ms_max=192.602 samples=10
[fastlio_mapping-1] FAST_LIO_INPUT_TIMING age_ms_avg=171.882 age_ms_max=182.003 samples=10 lidar_buffer=0 imu_buffer=55
[fastlio_mapping-1] FAST_LIO_OUTPUT_TIMING age_ms_avg=207.575 age_ms_max=225.843 samples=10
[fastlio_mapping-1] FAST_LIO_INPUT_TIMING age_ms_avg=188.813 age_ms_max=206.58 samples=10 lidar_buffer=0 imu_buffer=61
[fastlio_mapping-1] FAST_LIO_OUTPUT_TIMING age_ms_avg=164.885 age_ms_max=226.259 samples=10
[fastlio_mapping-1] FAST_LIO_INPUT_TIMING age_ms_avg=126.055 age_ms_max=137.452 samples=10 lidar_buffer=0 imu_buffer=47
[fastlio_mapping-1] FAST_LIO_OUTPUT_TIMING age_ms_avg=163.399 age_ms_max=176.779 samples=10
[fastlio_mapping-1] FAST_LIO_INPUT_TIMING age_ms_avg=154.459 age_ms_max=168.013 samples=10 lidar_buffer=0 imu_buffer=52
[fastlio_mapping-1] FAST_LIO_OUTPUT_TIMING age_ms_avg=191.952 age_ms_max=205.286 samples=10
[fastlio_mapping-1] FAST_LIO_INPUT_TIMING age_ms_avg=184.222 age_ms_max=195.916 samples=10 lidar_buffer=0 imu_buffer=57
[fastlio_mapping-1] FAST_LIO_OUTPUT_TIMING age_ms_avg=208.029 age_ms_max=224.643 samples=10
[fastlio_mapping-1] FAST_LIO_INPUT_TIMING age_ms_avg=160.475 age_ms_max=205.822 samples=10 lidar_buffer=0 imu_buffer=43
[fastlio_mapping-1] FAST_LIO_OUTPUT_TIMING age_ms_avg=150.46 age_ms_max=169.691 samples=10
[fastlio_mapping-1] FAST_LIO_INPUT_TIMING age_ms_avg=143.746 age_ms_max=156.031 samples=10 lidar_buffer=0 imu_buffer=49
[fastlio_mapping-1] FAST_LIO_OUTPUT_TIMING age_ms_avg=179.965 age_ms_max=189.03 samples=10
[fastlio_mapping-1] FAST_LIO_INPUT_TIMING age_ms_avg=172.788 age_ms_max=185.363 samples=10 lidar_buffer=0 imu_buffer=55
[fastlio_mapping-1] FAST_LIO_OUTPUT_TIMING age_ms_avg=209.016 age_ms_max=228.195 samples=10
[fastlio_mapping-1] FAST_LIO_INPUT_TIMING age_ms_avg=191.667 age_ms_max=210.873 samples=10 lidar_buffer=0 imu_buffer=61
[fastlio_mapping-1] FAST_LIO_OUTPUT_TIMING age_ms_avg=165.286 age_ms_max=232.653 samples=10
[fastlio_mapping-1] FAST_LIO_INPUT_TIMING age_ms_avg=128.967 age_ms_max=141.814 samples=10 lidar_buffer=0 imu_buffer=46
[fastlio_mapping-1] FAST_LIO_OUTPUT_TIMING age_ms_avg=168.06 age_ms_max=184.552 samples=10
[fastlio_mapping-1] FAST_LIO_INPUT_TIMING age_ms_avg=158.962 age_ms_max=170.054 samples=10 lidar_buffer=0 imu_buffer=52
[fastlio_mapping-1] FAST_LIO_OUTPUT_TIMING age_ms_avg=194.105 age_ms_max=208.052 samples=10
[fastlio_mapping-1] FAST_LIO_INPUT_TIMING age_ms_avg=183.923 age_ms_max=194.996 samples=10 lidar_buffer=0 imu_buffer=57
[fastlio_mapping-1] FAST_LIO_OUTPUT_TIMING age_ms_avg=207.937 age_ms_max=235.155 samples=10
[fastlio_mapping-1] FAST_LIO_INPUT_TIMING age_ms_avg=163.449 age_ms_max=214.105 samples=10 lidar_buffer=0 imu_buffer=43
[fastlio_mapping-1] FAST_LIO_OUTPUT_TIMING age_ms_avg=148.84 age_ms_max=160.047 samples=10
[fastlio_mapping-1] FAST_LIO_INPUT_TIMING age_ms_avg=141.85 age_ms_max=156.573 samples=10 lidar_buffer=0 imu_buffer=49
[fastlio_mapping-1] FAST_LIO_OUTPUT_TIMING age_ms_avg=177.679 age_ms_max=194.825 samples=10
[fastlio_mapping-1] FAST_LIO_INPUT_TIMING age_ms_avg=168.595 age_ms_max=180.027 samples=10 lidar_buffer=0 imu_buffer=54
[fastlio_mapping-1] FAST_LIO_OUTPUT_TIMING age_ms_avg=201.362 age_ms_max=211.664 samples=10
[fastlio_mapping-1] FAST_LIO_INPUT_TIMING age_ms_avg=194.137 age_ms_max=207.926 samples=10 lidar_buffer=0 imu_buffer=61
[fastlio_mapping-1] FAST_LIO_OUTPUT_TIMING age_ms_avg=197.49 age_ms_max=231.424 samples=7
[fastlio_mapping-1] FAST_LIO_INPUT_TIMING age_ms_avg=139.233 age_ms_max=169.431 samples=7 lidar_buffer=0 imu_buffer=51
[fastlio_mapping-1] FAST_LIO_OUTPUT_TIMING age_ms_avg=183.161 age_ms_max=236.784 samples=8
[fastlio_mapping-1] FAST_LIO_INPUT_TIMING age_ms_avg=182.908 age_ms_max=220.191 samples=7 lidar_buffer=0 imu_buffer=73
[fastlio_mapping-1] FAST_LIO_OUTPUT_TIMING age_ms_avg=230.878 age_ms_max=263.471 samples=7
[fastlio_mapping-1] FAST_LIO_INPUT_TIMING age_ms_avg=198.394 age_ms_max=228.251 samples=7 lidar_buffer=0 imu_buffer=69
[fastlio_mapping-1] FAST_LIO_OUTPUT_TIMING age_ms_avg=208.918 age_ms_max=280.327 samples=8
[fastlio_mapping-1] FAST_LIO_INPUT_TIMING age_ms_avg=176.228 age_ms_max=256.53 samples=8 lidar_buffer=0 imu_buffer=54
[fastlio_mapping-1] FAST_LIO_OUTPUT_TIMING age_ms_avg=199.927 age_ms_max=258.469 samples=9
[fastlio_mapping-1] FAST_LIO_INPUT_TIMING age_ms_avg=186.617 age_ms_max=238.27 samples=9 lidar_buffer=0 imu_buffer=66
[fastlio_mapping-1] FAST_LIO_OUTPUT_TIMING age_ms_avg=199.248 age_ms_max=242.633 samples=10
[fastlio_mapping-1] FAST_LIO_INPUT_TIMING age_ms_avg=183.136 age_ms_max=249.283 samples=10 lidar_buffer=0 imu_buffer=68
[fastlio_mapping-1] FAST_LIO_OUTPUT_TIMING age_ms_avg=219.563 age_ms_max=296.068 samples=8
[fastlio_mapping-1] FAST_LIO_INPUT_TIMING age_ms_avg=197.34 age_ms_max=274.401 samples=8 lidar_buffer=0 imu_buffer=62
[fastlio_mapping-1] FAST_LIO_OUTPUT_TIMING age_ms_avg=196.757 age_ms_max=240.716 samples=9
[fastlio_mapping-1] FAST_LIO_INPUT_TIMING age_ms_avg=185.225 age_ms_max=242.284 samples=9 lidar_buffer=0 imu_buffer=67
[fastlio_mapping-1] FAST_LIO_OUTPUT_TIMING age_ms_avg=198.777 age_ms_max=257.95 samples=9
[fastlio_mapping-1] FAST_LIO_INPUT_TIMING age_ms_avg=172.097 age_ms_max=189.148 samples=10 lidar_buffer=0 imu_buffer=55
[fastlio_mapping-1] FAST_LIO_OUTPUT_TIMING age_ms_avg=206.033 age_ms_max=223.943 samples=10
[fastlio_mapping-1] FAST_LIO_INPUT_TIMING age_ms_avg=190.301 age_ms_max=206.662 samples=10 lidar_buffer=0 imu_buffer=61
[fastlio_mapping-1] FAST_LIO_OUTPUT_TIMING age_ms_avg=161.675 age_ms_max=222.846 samples=10
[fastlio_mapping-1] FAST_LIO_INPUT_TIMING age_ms_avg=167.344 age_ms_max=322.447 samples=8 lidar_buffer=0 imu_buffer=108
[fastlio_mapping-1] FAST_LIO_OUTPUT_TIMING age_ms_avg=305.343 age_ms_max=334.229 samples=5
[fastlio_mapping-1] FAST_LIO_INPUT_TIMING age_ms_avg=282.658 age_ms_max=322.545 samples=5 lidar_buffer=0 imu_buffer=93
[fastlio_mapping-1] FAST_LIO_OUTPUT_TIMING age_ms_avg=278.128 age_ms_max=310.252 samples=5
[fastlio_mapping-1] FAST_LIO_INPUT_TIMING age_ms_avg=264.519 age_ms_max=292.291 samples=5 lidar_buffer=0 imu_buffer=93
[fastlio_mapping-1] FAST_LIO_OUTPUT_TIMING age_ms_avg=225.323 age_ms_max=301.266 samples=8
[fastlio_mapping-1] FAST_LIO_INPUT_TIMING age_ms_avg=192.377 age_ms_max=206.809 samples=10 lidar_buffer=0 imu_buffer=59
[fastlio_mapping-1] FAST_LIO_OUTPUT_TIMING age_ms_avg=195.17 age_ms_max=231.498 samples=10
[fastlio_mapping-1] FAST_LIO_INPUT_TIMING age_ms_avg=150.392 age_ms_max=214.029 samples=10 lidar_buffer=0 imu_buffer=44
[fastlio_mapping-1] FAST_LIO_OUTPUT_TIMING age_ms_avg=151.645 age_ms_max=164.95 samples=10
[fastlio_mapping-1] FAST_LIO_INPUT_TIMING age_ms_avg=145.352 age_ms_max=157.834 samples=10 lidar_buffer=0 imu_buffer=49
[fastlio_mapping-1] FAST_LIO_OUTPUT_TIMING age_ms_avg=177.222 age_ms_max=194.123 samples=10
[fastlio_mapping-1] FAST_LIO_INPUT_TIMING age_ms_avg=170.783 age_ms_max=184.786 samples=10 lidar_buffer=0 imu_buffer=55
[fastlio_mapping-1] FAST_LIO_OUTPUT_TIMING age_ms_avg=204.163 age_ms_max=212.459 samples=8
[fastlio_mapping-1] FAST_LIO_INPUT_TIMING age_ms_avg=198.249 age_ms_max=209.307 samples=8 lidar_buffer=0 imu_buffer=60
[fastlio_mapping-1] FAST_LIO_OUTPUT_TIMING age_ms_avg=174.609 age_ms_max=232.695 samples=10
[fastlio_mapping-1] FAST_LIO_INPUT_TIMING age_ms_avg=124.062 age_ms_max=136.199 samples=10 lidar_buffer=0 imu_buffer=45
[fastlio_mapping-1] FAST_LIO_OUTPUT_TIMING age_ms_avg=166.402 age_ms_max=179.98 samples=10
[fastlio_mapping-1] FAST_LIO_INPUT_TIMING age_ms_avg=152.5 age_ms_max=162.152 samples=10 lidar_buffer=0 imu_buffer=51
[fastlio_mapping-1] FAST_LIO_OUTPUT_TIMING age_ms_avg=191.812 age_ms_max=207.515 samples=10
[fastlio_mapping-1] FAST_LIO_INPUT_TIMING age_ms_avg=179.208 age_ms_max=192.62 samples=10 lidar_buffer=0 imu_buffer=56
[fastlio_mapping-1] FAST_LIO_OUTPUT_TIMING age_ms_avg=220.069 age_ms_max=236.941 samples=10
[fastlio_mapping-1] FAST_LIO_INPUT_TIMING age_ms_avg=184.335 age_ms_max=213.608 samples=10 lidar_buffer=0 imu_buffer=41
[fastlio_mapping-1] FAST_LIO_OUTPUT_TIMING age_ms_avg=166.288 age_ms_max=239.206 samples=10
[fastlio_mapping-1] FAST_LIO_INPUT_TIMING age_ms_avg=134.737 age_ms_max=146.85 samples=10 lidar_buffer=0 imu_buffer=47
[fastlio_mapping-1] FAST_LIO_OUTPUT_TIMING age_ms_avg=173.235 age_ms_max=188.891 samples=10
[fastlio_mapping-1] FAST_LIO_INPUT_TIMING age_ms_avg=158.469 age_ms_max=167.395 samples=10 lidar_buffer=0 imu_buffer=52
[fastlio_mapping-1] FAST_LIO_OUTPUT_TIMING age_ms_avg=192.8 age_ms_max=214.506 samples=10
[fastlio_mapping-1] FAST_LIO_INPUT_TIMING age_ms_avg=184.605 age_ms_max=197.853 samples=10 lidar_buffer=0 imu_buffer=57
[fastlio_mapping-1] FAST_LIO_OUTPUT_TIMING age_ms_avg=212.252 age_ms_max=228.913 samples=10
[fastlio_mapping-1] FAST_LIO_INPUT_TIMING age_ms_avg=159.824 age_ms_max=207.556 samples=10 lidar_buffer=0 imu_buffer=43
[fastlio_mapping-1] FAST_LIO_OUTPUT_TIMING age_ms_avg=149.396 age_ms_max=169.906 samples=10
[fastlio_mapping-1] FAST_LIO_INPUT_TIMING age_ms_avg=138.175 age_ms_max=149.092 samples=10 lidar_buffer=0 imu_buffer=48
[fastlio_mapping-1] FAST_LIO_OUTPUT_TIMING age_ms_avg=175.497 age_ms_max=194.294 samples=10
[fastlio_mapping-1] FAST_LIO_INPUT_TIMING age_ms_avg=161.759 age_ms_max=177.312 samples=10 lidar_buffer=0 imu_buffer=53
[fastlio_mapping-1] FAST_LIO_OUTPUT_TIMING age_ms_avg=204.59 age_ms_max=220.495 samples=10
[fastlio_mapping-1] FAST_LIO_INPUT_TIMING age_ms_avg=191.072 age_ms_max=203.997 samples=10 lidar_buffer=0 imu_buffer=59
[fastlio_mapping-1] FAST_LIO_OUTPUT_TIMING age_ms_avg=202.233 age_ms_max=241.093 samples=10
[fastlio_mapping-1] FAST_LIO_INPUT_TIMING age_ms_avg=146.328 age_ms_max=211.386 samples=10 lidar_buffer=0 imu_buffer=44
[fastlio_mapping-1] FAST_LIO_OUTPUT_TIMING age_ms_avg=157.12 age_ms_max=172.675 samples=10
[fastlio_mapping-1] FAST_LIO_INPUT_TIMING age_ms_avg=145.006 age_ms_max=157.521 samples=10 lidar_buffer=0 imu_buffer=49
[fastlio_mapping-1] FAST_LIO_OUTPUT_TIMING age_ms_avg=184.649 age_ms_max=195.317 samples=10
[fastlio_mapping-1] FAST_LIO_INPUT_TIMING age_ms_avg=169.76 age_ms_max=183.906 samples=10 lidar_buffer=0 imu_buffer=54
[fastlio_mapping-1] FAST_LIO_OUTPUT_TIMING age_ms_avg=210.983 age_ms_max=225.156 samples=10
[fastlio_mapping-1] FAST_LIO_INPUT_TIMING age_ms_avg=196.513 age_ms_max=205.927 samples=10 lidar_buffer=0 imu_buffer=59
[fastlio_mapping-1] FAST_LIO_OUTPUT_TIMING age_ms_avg=178.618 age_ms_max=227.293 samples=10
[fastlio_mapping-1] FAST_LIO_INPUT_TIMING age_ms_avg=127.289 age_ms_max=139.106 samples=10 lidar_buffer=0 imu_buffer=45
[fastlio_mapping-1] FAST_LIO_OUTPUT_TIMING age_ms_avg=160.991 age_ms_max=167.835 samples=10
[fastlio_mapping-1] FAST_LIO_INPUT_TIMING age_ms_avg=147.52 age_ms_max=161.56 samples=10 lidar_buffer=0 imu_buffer=50
[fastlio_mapping-1] FAST_LIO_OUTPUT_TIMING age_ms_avg=187.202 age_ms_max=205.928 samples=10
[fastlio_mapping-1] FAST_LIO_INPUT_TIMING age_ms_avg=175.632 age_ms_max=185.087 samples=10 lidar_buffer=0 imu_buffer=55
[fastlio_mapping-1] FAST_LIO_OUTPUT_TIMING age_ms_avg=214.346 age_ms_max=233.52 samples=10
[fastlio_mapping-1] FAST_LIO_INPUT_TIMING age_ms_avg=182.124 age_ms_max=207.291 samples=10 lidar_buffer=0 imu_buffer=41
[fastlio_mapping-1] FAST_LIO_OUTPUT_TIMING age_ms_avg=157.536 age_ms_max=225.954 samples=10
[fastlio_mapping-1] FAST_LIO_INPUT_TIMING age_ms_avg=130.202 age_ms_max=144.676 samples=10 lidar_buffer=0 imu_buffer=46
[fastlio_mapping-1] FAST_LIO_OUTPUT_TIMING age_ms_avg=169.678 age_ms_max=176.729 samples=10
[fastlio_mapping-1] FAST_LIO_INPUT_TIMING age_ms_avg=155.209 age_ms_max=171.36 samples=10 lidar_buffer=0 imu_buffer=52
[fastlio_mapping-1] FAST_LIO_OUTPUT_TIMING age_ms_avg=199.32 age_ms_max=211.62 samples=10
[fastlio_mapping-1] FAST_LIO_INPUT_TIMING age_ms_avg=183.493 age_ms_max=198.195 samples=10 lidar_buffer=0 imu_buffer=57
[fastlio_mapping-1] FAST_LIO_OUTPUT_TIMING age_ms_avg=213.479 age_ms_max=230.256 samples=10
[fastlio_mapping-1] FAST_LIO_INPUT_TIMING age_ms_avg=159.348 age_ms_max=206.207 samples=10 lidar_buffer=0 imu_buffer=43
[fastlio_mapping-1] FAST_LIO_OUTPUT_TIMING age_ms_avg=149.809 age_ms_max=158.709 samples=10
[fastlio_mapping-1] FAST_LIO_INPUT_TIMING age_ms_avg=138.522 age_ms_max=154.201 samples=10 lidar_buffer=0 imu_buffer=48
[fastlio_mapping-1] FAST_LIO_OUTPUT_TIMING age_ms_avg=185.464 age_ms_max=198.41 samples=10
[fastlio_mapping-1] FAST_LIO_INPUT_TIMING age_ms_avg=168.488 age_ms_max=181.125 samples=10 lidar_buffer=0 imu_buffer=54
[fastlio_mapping-1] FAST_LIO_OUTPUT_TIMING age_ms_avg=208.933 age_ms_max=219.59 samples=10
[fastlio_mapping-1] FAST_LIO_INPUT_TIMING age_ms_avg=192.037 age_ms_max=202.082 samples=10 lidar_buffer=0 imu_buffer=59
[fastlio_mapping-1] FAST_LIO_OUTPUT_TIMING age_ms_avg=194.27 age_ms_max=242.769 samples=10
[fastlio_mapping-1] FAST_LIO_INPUT_TIMING age_ms_avg=140.722 age_ms_max=212.918 samples=10 lidar_buffer=0 imu_buffer=44
[fastlio_mapping-1] FAST_LIO_OUTPUT_TIMING age_ms_avg=162.02 age_ms_max=174.425 samples=10
[fastlio_mapping-1] FAST_LIO_INPUT_TIMING age_ms_avg=146.002 age_ms_max=156.815 samples=10 lidar_buffer=0 imu_buffer=50
[fastlio_mapping-1] FAST_LIO_OUTPUT_TIMING age_ms_avg=188.066 age_ms_max=201.759 samples=10
[fastlio_mapping-1] FAST_LIO_INPUT_TIMING age_ms_avg=171.183 age_ms_max=179.335 samples=10 lidar_buffer=0 imu_buffer=55
[fastlio_mapping-1] FAST_LIO_OUTPUT_TIMING age_ms_avg=208.993 age_ms_max=226.674 samples=10
[fastlio_mapping-1] FAST_LIO_INPUT_TIMING age_ms_avg=195.545 age_ms_max=204.938 samples=10 lidar_buffer=0 imu_buffer=59
[fastlio_mapping-1] FAST_LIO_OUTPUT_TIMING age_ms_avg=180.543 age_ms_max=227.66 samples=10
[fastlio_mapping-1] FAST_LIO_INPUT_TIMING age_ms_avg=130.821 age_ms_max=208.308 samples=10 lidar_buffer=0 imu_buffer=45
[fastlio_mapping-1] FAST_LIO_OUTPUT_TIMING age_ms_avg=162.712 age_ms_max=181.391 samples=10
[fastlio_mapping-1] FAST_LIO_INPUT_TIMING age_ms_avg=150.447 age_ms_max=160.38 samples=10 lidar_buffer=0 imu_buffer=51
[fastlio_mapping-1] FAST_LIO_OUTPUT_TIMING age_ms_avg=191.117 age_ms_max=209.665 samples=10
[fastlio_mapping-1] FAST_LIO_INPUT_TIMING age_ms_avg=174.79 age_ms_max=184.135 samples=10 lidar_buffer=0 imu_buffer=56
[fastlio_mapping-1] FAST_LIO_OUTPUT_TIMING age_ms_avg=221.797 age_ms_max=236.284 samples=10
[fastlio_mapping-1] FAST_LIO_INPUT_TIMING age_ms_avg=192.311 age_ms_max=207.036 samples=10 lidar_buffer=0 imu_buffer=61
[fastlio_mapping-1] FAST_LIO_OUTPUT_TIMING age_ms_avg=170.655 age_ms_max=239.435 samples=10
[fastlio_mapping-1] FAST_LIO_INPUT_TIMING age_ms_avg=127.51 age_ms_max=141.861 samples=10 lidar_buffer=0 imu_buffer=46
[fastlio_mapping-1] FAST_LIO_OUTPUT_TIMING age_ms_avg=174.051 age_ms_max=183.345 samples=10
[fastlio_mapping-1] FAST_LIO_INPUT_TIMING age_ms_avg=153.502 age_ms_max=164.78 samples=10 lidar_buffer=0 imu_buffer=51
[fastlio_mapping-1] FAST_LIO_OUTPUT_TIMING age_ms_avg=196.216 age_ms_max=212.6 samples=10
[fastlio_mapping-1] FAST_LIO_INPUT_TIMING age_ms_avg=182.655 age_ms_max=191.935 samples=10 lidar_buffer=0 imu_buffer=57
[fastlio_mapping-1] FAST_LIO_OUTPUT_TIMING age_ms_avg=223.294 age_ms_max=239.246 samples=10
[fastlio_mapping-1] FAST_LIO_INPUT_TIMING age_ms_avg=167.596 age_ms_max=211.189 samples=10 lidar_buffer=0 imu_buffer=42
[fastlio_mapping-1] FAST_LIO_OUTPUT_TIMING age_ms_avg=144.871 age_ms_max=159.553 samples=8
[fastlio_mapping-1] FAST_LIO_INPUT_TIMING age_ms_avg=134.119 age_ms_max=143.296 samples=8 lidar_buffer=0 imu_buffer=47
[fastlio_mapping-1] FAST_LIO_OUTPUT_TIMING age_ms_avg=173.162 age_ms_max=195.007 samples=10
[fastlio_mapping-1] FAST_LIO_INPUT_TIMING age_ms_avg=160.866 age_ms_max=177.842 samples=10 lidar_buffer=0 imu_buffer=52
[fastlio_mapping-1] FAST_LIO_OUTPUT_TIMING age_ms_avg=203.116 age_ms_max=209.203 samples=10
[fastlio_mapping-1] FAST_LIO_INPUT_TIMING age_ms_avg=187.168 age_ms_max=200.535 samples=10 lidar_buffer=0 imu_buffer=58
[fastlio_mapping-1] FAST_LIO_OUTPUT_TIMING age_ms_avg=200.518 age_ms_max=231.304 samples=10
[fastlio_mapping-1] FAST_LIO_INPUT_TIMING age_ms_avg=144.02 age_ms_max=205.443 samples=10 lidar_buffer=0 imu_buffer=44
[fastlio_mapping-1] FAST_LIO_OUTPUT_TIMING age_ms_avg=161.847 age_ms_max=178.223 samples=10
[fastlio_mapping-1] FAST_LIO_INPUT_TIMING age_ms_avg=146.158 age_ms_max=158.104 samples=10 lidar_buffer=0 imu_buffer=49
[fastlio_mapping-1] FAST_LIO_OUTPUT_TIMING age_ms_avg=191.676 age_ms_max=202.433 samples=10
[fastlio_mapping-1] FAST_LIO_INPUT_TIMING age_ms_avg=171.664 age_ms_max=181.109 samples=10 lidar_buffer=0 imu_buffer=55
[fastlio_mapping-1] FAST_LIO_OUTPUT_TIMING age_ms_avg=208.438 age_ms_max=214.206 samples=10
[fastlio_mapping-1] FAST_LIO_INPUT_TIMING age_ms_avg=192.528 age_ms_max=203.099 samples=10 lidar_buffer=0 imu_buffer=59
[fastlio_mapping-1] FAST_LIO_OUTPUT_TIMING age_ms_avg=188.76 age_ms_max=230.319 samples=10
[fastlio_mapping-1] FAST_LIO_INPUT_TIMING age_ms_avg=133.623 age_ms_max=205.837 samples=9 lidar_buffer=0 imu_buffer=86
[fastlio_mapping-1] FAST_LIO_OUTPUT_TIMING age_ms_avg=166.53 age_ms_max=180.972 samples=8
[fastlio_mapping-1] FAST_LIO_INPUT_TIMING age_ms_avg=152.132 age_ms_max=163.508 samples=10 lidar_buffer=0 imu_buffer=51
[fastlio_mapping-1] FAST_LIO_OUTPUT_TIMING age_ms_avg=191.808 age_ms_max=207.425 samples=10
[fastlio_mapping-1] FAST_LIO_INPUT_TIMING age_ms_avg=180.003 age_ms_max=193.293 samples=10 lidar_buffer=0 imu_buffer=56
[fastlio_mapping-1] FAST_LIO_OUTPUT_TIMING age_ms_avg=218.126 age_ms_max=223.297 samples=10
[fastlio_mapping-1] FAST_LIO_INPUT_TIMING age_ms_avg=174.12 age_ms_max=206.152 samples=10 lidar_buffer=0 imu_buffer=42
[fastlio_mapping-1] FAST_LIO_OUTPUT_TIMING age_ms_avg=166.282 age_ms_max=226.646 samples=10
[fastlio_mapping-1] FAST_LIO_INPUT_TIMING age_ms_avg=132.303 age_ms_max=141.003 samples=10 lidar_buffer=0 imu_buffer=47
[fastlio_mapping-1] FAST_LIO_OUTPUT_TIMING age_ms_avg=168.703 age_ms_max=189.791 samples=10
[fastlio_mapping-1] FAST_LIO_INPUT_TIMING age_ms_avg=159.212 age_ms_max=175.645 samples=10 lidar_buffer=0 imu_buffer=52
[fastlio_mapping-1] FAST_LIO_OUTPUT_TIMING age_ms_avg=200.988 age_ms_max=216.982 samples=10
[fastlio_mapping-1] FAST_LIO_INPUT_TIMING age_ms_avg=187.678 age_ms_max=200.801 samples=10 lidar_buffer=0 imu_buffer=57
[fastlio_mapping-1] FAST_LIO_OUTPUT_TIMING age_ms_avg=228.259 age_ms_max=238.321 samples=10
[fastlio_mapping-1] FAST_LIO_INPUT_TIMING age_ms_avg=162.738 age_ms_max=209.378 samples=10 lidar_buffer=0 imu_buffer=43
[fastlio_mapping-1] FAST_LIO_OUTPUT_TIMING age_ms_avg=153.396 age_ms_max=169.456 samples=10
[fastlio_mapping-1] FAST_LIO_INPUT_TIMING age_ms_avg=140.249 age_ms_max=153.042 samples=10 lidar_buffer=0 imu_buffer=48
[fastlio_mapping-1] FAST_LIO_OUTPUT_TIMING age_ms_avg=185.314 age_ms_max=199.211 samples=8
[fastlio_mapping-1] FAST_LIO_INPUT_TIMING age_ms_avg=168.35 age_ms_max=178.624 samples=8 lidar_buffer=0 imu_buffer=53
[fastlio_mapping-1] FAST_LIO_OUTPUT_TIMING age_ms_avg=207.062 age_ms_max=222.148 samples=10
[fastlio_mapping-1] FAST_LIO_INPUT_TIMING age_ms_avg=190.325 age_ms_max=199.462 samples=10 lidar_buffer=0 imu_buffer=59
[fastlio_mapping-1] FAST_LIO_OUTPUT_TIMING age_ms_avg=201.541 age_ms_max=242.654 samples=10
[fastlio_mapping-1] FAST_LIO_INPUT_TIMING age_ms_avg=137.937 age_ms_max=211.483 samples=10 lidar_buffer=0 imu_buffer=44
[fastlio_mapping-1] FAST_LIO_OUTPUT_TIMING age_ms_avg=161.39 age_ms_max=180.012 samples=10
[fastlio_mapping-1] FAST_LIO_INPUT_TIMING age_ms_avg=145.503 age_ms_max=159.685 samples=10 lidar_buffer=0 imu_buffer=49
[fastlio_mapping-1] FAST_LIO_OUTPUT_TIMING age_ms_avg=190.763 age_ms_max=204.406 samples=10
[fastlio_mapping-1] FAST_LIO_INPUT_TIMING age_ms_avg=172.448 age_ms_max=181.875 samples=10 lidar_buffer=0 imu_buffer=54
[fastlio_mapping-1] FAST_LIO_OUTPUT_TIMING age_ms_avg=214.439 age_ms_max=230.46 samples=10
[fastlio_mapping-1] FAST_LIO_INPUT_TIMING age_ms_avg=200.283 age_ms_max=213.882 samples=10 lidar_buffer=0 imu_buffer=60
[fastlio_mapping-1] FAST_LIO_OUTPUT_TIMING age_ms_avg=193.755 age_ms_max=247.875 samples=10
[fastlio_mapping-1] FAST_LIO_INPUT_TIMING age_ms_avg=124.905 age_ms_max=141.159 samples=10 lidar_buffer=0 imu_buffer=45
[fastlio_mapping-1] FAST_LIO_OUTPUT_TIMING age_ms_avg=170.784 age_ms_max=186.917 samples=10
[fastlio_mapping-1] FAST_LIO_INPUT_TIMING age_ms_avg=153.002 age_ms_max=161.758 samples=10 lidar_buffer=0 imu_buffer=50
[fastlio_mapping-1] FAST_LIO_OUTPUT_TIMING age_ms_avg=194.904 age_ms_max=205.056 samples=10
[fastlio_mapping-1] FAST_LIO_INPUT_TIMING age_ms_avg=178.001 age_ms_max=189.508 samples=10 lidar_buffer=0 imu_buffer=56
[fastlio_mapping-1] FAST_LIO_OUTPUT_TIMING age_ms_avg=218.422 age_ms_max=226.707 samples=10
[fastlio_mapping-1] FAST_LIO_INPUT_TIMING age_ms_avg=180.665 age_ms_max=206.994 samples=10 lidar_buffer=0 imu_buffer=41
[fastlio_mapping-1] FAST_LIO_OUTPUT_TIMING age_ms_avg=176.388 age_ms_max=235.446 samples=10
[fastlio_mapping-1] FAST_LIO_INPUT_TIMING age_ms_avg=131.893 age_ms_max=139.417 samples=10 lidar_buffer=0 imu_buffer=46
[fastlio_mapping-1] FAST_LIO_OUTPUT_TIMING age_ms_avg=173.415 age_ms_max=188.464 samples=10
[fastlio_mapping-1] FAST_LIO_INPUT_TIMING age_ms_avg=155.039 age_ms_max=163.426 samples=10 lidar_buffer=0 imu_buffer=52
[fastlio_mapping-1] FAST_LIO_OUTPUT_TIMING age_ms_avg=194.386 age_ms_max=203.651 samples=10
[fastlio_mapping-1] FAST_LIO_INPUT_TIMING age_ms_avg=179.493 age_ms_max=194.797 samples=10 lidar_buffer=0 imu_buffer=57
[fastlio_mapping-1] FAST_LIO_OUTPUT_TIMING age_ms_avg=221.937 age_ms_max=229.498 samples=10
[fastlio_mapping-1] FAST_LIO_INPUT_TIMING age_ms_avg=173.968 age_ms_max=206.81 samples=10 lidar_buffer=0 imu_buffer=41
[fastlio_mapping-1] FAST_LIO_OUTPUT_TIMING age_ms_avg=167.507 age_ms_max=231.263 samples=10
[fastlio_mapping-1] FAST_LIO_INPUT_TIMING age_ms_avg=132.329 age_ms_max=140.956 samples=10 lidar_buffer=0 imu_buffer=47
[fastlio_mapping-1] FAST_LIO_OUTPUT_TIMING age_ms_avg=171.488 age_ms_max=189.375 samples=10
[fastlio_mapping-1] FAST_LIO_INPUT_TIMING age_ms_avg=158.866 age_ms_max=169.704 samples=10 lidar_buffer=0 imu_buffer=52
[fastlio_mapping-1] FAST_LIO_OUTPUT_TIMING age_ms_avg=198.691 age_ms_max=212.506 samples=10
[fastlio_mapping-1] FAST_LIO_INPUT_TIMING age_ms_avg=182.605 age_ms_max=196.906 samples=10 lidar_buffer=0 imu_buffer=57
[fastlio_mapping-1] FAST_LIO_OUTPUT_TIMING age_ms_avg=225.891 age_ms_max=238.852 samples=10
[fastlio_mapping-1] FAST_LIO_INPUT_TIMING age_ms_avg=168.04 age_ms_max=208.223 samples=10 lidar_buffer=0 imu_buffer=43
[fastlio_mapping-1] FAST_LIO_OUTPUT_TIMING age_ms_avg=157.829 age_ms_max=236.84 samples=10
[fastlio_mapping-1] FAST_LIO_INPUT_TIMING age_ms_avg=137.405 age_ms_max=150.28 samples=10 lidar_buffer=0 imu_buffer=48
[fastlio_mapping-1] FAST_LIO_OUTPUT_TIMING age_ms_avg=179.761 age_ms_max=189.006 samples=10
[fastlio_mapping-1] FAST_LIO_INPUT_TIMING age_ms_avg=162.871 age_ms_max=177.009 samples=10 lidar_buffer=0 imu_buffer=53
[fastlio_mapping-1] FAST_LIO_OUTPUT_TIMING age_ms_avg=205.201 age_ms_max=222.014 samples=10
[fastlio_mapping-1] FAST_LIO_INPUT_TIMING age_ms_avg=191.051 age_ms_max=199.903 samples=10 lidar_buffer=0 imu_buffer=59
[fastlio_mapping-1] FAST_LIO_OUTPUT_TIMING age_ms_avg=211.75 age_ms_max=245.39 samples=10
[fastlio_mapping-1] FAST_LIO_INPUT_TIMING age_ms_avg=149.848 age_ms_max=213.859 samples=10 lidar_buffer=0 imu_buffer=44
[fastlio_mapping-1] FAST_LIO_OUTPUT_TIMING age_ms_avg=163.06 age_ms_max=176.813 samples=10
[fastlio_mapping-1] FAST_LIO_INPUT_TIMING age_ms_avg=145.114 age_ms_max=159.375 samples=10 lidar_buffer=0 imu_buffer=49
[fastlio_mapping-1] FAST_LIO_OUTPUT_TIMING age_ms_avg=188.061 age_ms_max=203.668 samples=10
[fastlio_mapping-1] FAST_LIO_INPUT_TIMING age_ms_avg=171.904 age_ms_max=180.18 samples=10 lidar_buffer=0 imu_buffer=55
[fastlio_mapping-1] FAST_LIO_OUTPUT_TIMING age_ms_avg=213.047 age_ms_max=230.946 samples=10
[fastlio_mapping-1] FAST_LIO_INPUT_TIMING age_ms_avg=198.147 age_ms_max=206.427 samples=10 lidar_buffer=0 imu_buffer=60
[fastlio_mapping-1] FAST_LIO_OUTPUT_TIMING age_ms_avg=184.427 age_ms_max=233.55 samples=10
[fastlio_mapping-1] FAST_LIO_INPUT_TIMING age_ms_avg=123.127 age_ms_max=140.307 samples=10 lidar_buffer=0 imu_buffer=45
[fastlio_mapping-1] FAST_LIO_OUTPUT_TIMING age_ms_avg=166.322 age_ms_max=185.374 samples=10
[fastlio_mapping-1] FAST_LIO_INPUT_TIMING age_ms_avg=152.402 age_ms_max=160.19 samples=10 lidar_buffer=0 imu_buffer=51
[fastlio_mapping-1] FAST_LIO_OUTPUT_TIMING age_ms_avg=196.378 age_ms_max=212.167 samples=10
[fastlio_mapping-1] FAST_LIO_INPUT_TIMING age_ms_avg=180.173 age_ms_max=193.082 samples=10 lidar_buffer=0 imu_buffer=56
[fastlio_mapping-1] FAST_LIO_OUTPUT_TIMING age_ms_avg=223.098 age_ms_max=237.501 samples=10
[fastlio_mapping-1] FAST_LIO_INPUT_TIMING age_ms_avg=185.771 age_ms_max=213.532 samples=10 lidar_buffer=0 imu_buffer=41
[fastlio_mapping-1] FAST_LIO_OUTPUT_TIMING age_ms_avg=177.64 age_ms_max=244.434 samples=10
[fastlio_mapping-1] FAST_LIO_INPUT_TIMING age_ms_avg=132.714 age_ms_max=146.548 samples=10 lidar_buffer=0 imu_buffer=47
[fastlio_mapping-1] FAST_LIO_OUTPUT_TIMING age_ms_avg=176.076 age_ms_max=188.479 samples=10
[fastlio_mapping-1] FAST_LIO_INPUT_TIMING age_ms_avg=160.389 age_ms_max=173.199 samples=10 lidar_buffer=0 imu_buffer=53
[fastlio_mapping-1] FAST_LIO_OUTPUT_TIMING age_ms_avg=202.047 age_ms_max=213.701 samples=10
[fastlio_mapping-1] FAST_LIO_INPUT_TIMING age_ms_avg=185.74 age_ms_max=200.582 samples=10 lidar_buffer=0 imu_buffer=58
[fastlio_mapping-1] FAST_LIO_OUTPUT_TIMING age_ms_avg=219.457 age_ms_max=243.301 samples=10
[fastlio_mapping-1] FAST_LIO_INPUT_TIMING age_ms_avg=153.656 age_ms_max=211.437 samples=10 lidar_buffer=0 imu_buffer=43
[fastlio_mapping-1] FAST_LIO_OUTPUT_TIMING age_ms_avg=154.155 age_ms_max=166.051 samples=10
[fastlio_mapping-1] FAST_LIO_INPUT_TIMING age_ms_avg=137.342 age_ms_max=152.59 samples=10 lidar_buffer=0 imu_buffer=48
[fastlio_mapping-1] FAST_LIO_OUTPUT_TIMING age_ms_avg=180.006 age_ms_max=197.091 samples=10
[fastlio_mapping-1] FAST_LIO_INPUT_TIMING age_ms_avg=165.879 age_ms_max=175.981 samples=10 lidar_buffer=0 imu_buffer=53
[fastlio_mapping-1] FAST_LIO_OUTPUT_TIMING age_ms_avg=200.27 age_ms_max=211.141 samples=10
[fastlio_mapping-1] FAST_LIO_INPUT_TIMING age_ms_avg=187.475 age_ms_max=203.515 samples=10 lidar_buffer=0 imu_buffer=58
[fastlio_mapping-1] FAST_LIO_OUTPUT_TIMING age_ms_avg=209.383 age_ms_max=241.28 samples=10
[fastlio_mapping-1] FAST_LIO_INPUT_TIMING age_ms_avg=144.479 age_ms_max=211.413 samples=10 lidar_buffer=0 imu_buffer=44
[fastlio_mapping-1] FAST_LIO_OUTPUT_TIMING age_ms_avg=149.909 age_ms_max=160.223 samples=10
[fastlio_mapping-1] FAST_LIO_INPUT_TIMING age_ms_avg=141.529 age_ms_max=156.56 samples=10 lidar_buffer=0 imu_buffer=49
[fastlio_mapping-1] FAST_LIO_OUTPUT_TIMING age_ms_avg=183.526 age_ms_max=200.343 samples=10
[fastlio_mapping-1] FAST_LIO_INPUT_TIMING age_ms_avg=168.72 age_ms_max=183.017 samples=10 lidar_buffer=0 imu_buffer=54
[fastlio_mapping-1] FAST_LIO_OUTPUT_TIMING age_ms_avg=208.521 age_ms_max=225.588 samples=10
[fastlio_mapping-1] FAST_LIO_INPUT_TIMING age_ms_avg=194.514 age_ms_max=207.582 samples=10 lidar_buffer=0 imu_buffer=58
[fastlio_mapping-1] FAST_LIO_OUTPUT_TIMING age_ms_avg=202.737 age_ms_max=241.871 samples=10
[fastlio_mapping-1] FAST_LIO_INPUT_TIMING age_ms_avg=138.853 age_ms_max=212.625 samples=10 lidar_buffer=0 imu_buffer=44
[fastlio_mapping-1] FAST_LIO_OUTPUT_TIMING age_ms_avg=153.077 age_ms_max=161.18 samples=10
[fastlio_mapping-1] FAST_LIO_INPUT_TIMING age_ms_avg=142.856 age_ms_max=155.298 samples=10 lidar_buffer=0 imu_buffer=49
[fastlio_mapping-1] FAST_LIO_OUTPUT_TIMING age_ms_avg=180.01 age_ms_max=186.459 samples=10
[fastlio_mapping-1] FAST_LIO_INPUT_TIMING age_ms_avg=167.341 age_ms_max=183.146 samples=10 lidar_buffer=0 imu_buffer=54
[fastlio_mapping-1] FAST_LIO_OUTPUT_TIMING age_ms_avg=207.702 age_ms_max=227.119 samples=10
[fastlio_mapping-1] FAST_LIO_INPUT_TIMING age_ms_avg=195.286 age_ms_max=204.233 samples=10 lidar_buffer=0 imu_buffer=60
[fastlio_mapping-1] FAST_LIO_OUTPUT_TIMING age_ms_avg=194.102 age_ms_max=233.331 samples=10
[fastlio_mapping-1] FAST_LIO_INPUT_TIMING age_ms_avg=130.432 age_ms_max=206.129 samples=10 lidar_buffer=0 imu_buffer=45
[fastlio_mapping-1] FAST_LIO_OUTPUT_TIMING age_ms_avg=162.741 age_ms_max=173.012 samples=10
[fastlio_mapping-1] FAST_LIO_INPUT_TIMING age_ms_avg=148.306 age_ms_max=160.501 samples=10 lidar_buffer=0 imu_buffer=50
[fastlio_mapping-1] FAST_LIO_OUTPUT_TIMING age_ms_avg=187.197 age_ms_max=195.424 samples=10
[fastlio_mapping-1] FAST_LIO_INPUT_TIMING age_ms_avg=169.707 age_ms_max=180.17 samples=10 lidar_buffer=0 imu_buffer=55
[fastlio_mapping-1] FAST_LIO_OUTPUT_TIMING age_ms_avg=207.012 age_ms_max=228.112 samples=10
[fastlio_mapping-1] FAST_LIO_INPUT_TIMING age_ms_avg=197.517 age_ms_max=211.224 samples=10 lidar_buffer=0 imu_buffer=60
[fastlio_mapping-1] FAST_LIO_OUTPUT_TIMING age_ms_avg=190.4 age_ms_max=241.25 samples=10
[fastlio_mapping-1] FAST_LIO_INPUT_TIMING age_ms_avg=121.87 age_ms_max=130.874 samples=10 lidar_buffer=0 imu_buffer=44
[fastlio_mapping-1] FAST_LIO_OUTPUT_TIMING age_ms_avg=155.358 age_ms_max=165.726 samples=10
[fastlio_mapping-1] FAST_LIO_INPUT_TIMING age_ms_avg=147.213 age_ms_max=163.215 samples=10 lidar_buffer=0 imu_buffer=50
[fastlio_mapping-1] FAST_LIO_OUTPUT_TIMING age_ms_avg=190.665 age_ms_max=205.714 samples=10
[fastlio_mapping-1] FAST_LIO_INPUT_TIMING age_ms_avg=177.456 age_ms_max=190.104 samples=10 lidar_buffer=0 imu_buffer=55
[fastlio_mapping-1] FAST_LIO_OUTPUT_TIMING age_ms_avg=221.287 age_ms_max=233.5 samples=10
[fastlio_mapping-1] FAST_LIO_INPUT_TIMING age_ms_avg=191.938 age_ms_max=207.251 samples=10 lidar_buffer=0 imu_buffer=60
[fastlio_mapping-1] FAST_LIO_OUTPUT_TIMING age_ms_avg=176.326 age_ms_max=234.686 samples=10
[fastlio_mapping-1] FAST_LIO_INPUT_TIMING age_ms_avg=129.129 age_ms_max=145.176 samples=10 lidar_buffer=0 imu_buffer=47
[fastlio_mapping-1] FAST_LIO_OUTPUT_TIMING age_ms_avg=173.22 age_ms_max=182.648 samples=10
[fastlio_mapping-1] FAST_LIO_INPUT_TIMING age_ms_avg=157.148 age_ms_max=167.126 samples=10 lidar_buffer=0 imu_buffer=52
[fastlio_mapping-1] FAST_LIO_OUTPUT_TIMING age_ms_avg=198.063 age_ms_max=217.487 samples=10
[fastlio_mapping-1] FAST_LIO_INPUT_TIMING age_ms_avg=186.645 age_ms_max=200.802 samples=10 lidar_buffer=0 imu_buffer=58
[fastlio_mapping-1] FAST_LIO_OUTPUT_TIMING age_ms_avg=219.277 age_ms_max=240.158 samples=10
[fastlio_mapping-1] FAST_LIO_INPUT_TIMING age_ms_avg=155.899 age_ms_max=209.563 samples=10 lidar_buffer=0 imu_buffer=44
[fastlio_mapping-1] FAST_LIO_OUTPUT_TIMING age_ms_avg=156.329 age_ms_max=163.884 samples=10
[fastlio_mapping-1] FAST_LIO_INPUT_TIMING age_ms_avg=138.293 age_ms_max=154.071 samples=10 lidar_buffer=0 imu_buffer=48
[fastlio_mapping-1] FAST_LIO_OUTPUT_TIMING age_ms_avg=182.207 age_ms_max=195.055 samples=10
[fastlio_mapping-1] FAST_LIO_INPUT_TIMING age_ms_avg=165.789 age_ms_max=175.563 samples=10 lidar_buffer=0 imu_buffer=54
[fastlio_mapping-1] FAST_LIO_OUTPUT_TIMING age_ms_avg=204.429 age_ms_max=217.605 samples=10
[fastlio_mapping-1] FAST_LIO_INPUT_TIMING age_ms_avg=191.941 age_ms_max=206.738 samples=10 lidar_buffer=0 imu_buffer=59
[fastlio_mapping-1] FAST_LIO_OUTPUT_TIMING age_ms_avg=204.465 age_ms_max=242.419 samples=10
[fastlio_mapping-1] FAST_LIO_INPUT_TIMING age_ms_avg=138.715 age_ms_max=211.588 samples=10 lidar_buffer=0 imu_buffer=44
[fastlio_mapping-1] FAST_LIO_OUTPUT_TIMING age_ms_avg=155.004 age_ms_max=176.017 samples=10
[fastlio_mapping-1] FAST_LIO_INPUT_TIMING age_ms_avg=145.108 age_ms_max=154.645 samples=10 lidar_buffer=0 imu_buffer=49
[fastlio_mapping-1] FAST_LIO_OUTPUT_TIMING age_ms_avg=183.811 age_ms_max=211.164 samples=10
[fastlio_mapping-1] FAST_LIO_INPUT_TIMING age_ms_avg=171.676 age_ms_max=182.45 samples=8 lidar_buffer=0 imu_buffer=56
[fastlio_mapping-1] FAST_LIO_OUTPUT_TIMING age_ms_avg=214.68 age_ms_max=226.805 samples=10
[fastlio_mapping-1] FAST_LIO_INPUT_TIMING age_ms_avg=188.497 age_ms_max=206.195 samples=10 lidar_buffer=0 imu_buffer=61
[fastlio_mapping-1] FAST_LIO_OUTPUT_TIMING age_ms_avg=161.026 age_ms_max=229.102 samples=10
[fastlio_mapping-1] FAST_LIO_INPUT_TIMING age_ms_avg=125.748 age_ms_max=140.849 samples=10 lidar_buffer=0 imu_buffer=45
[fastlio_mapping-1] FAST_LIO_OUTPUT_TIMING age_ms_avg=170.532 age_ms_max=184.251 samples=10
[fastlio_mapping-1] FAST_LIO_INPUT_TIMING age_ms_avg=152.693 age_ms_max=160.448 samples=10 lidar_buffer=0 imu_buffer=51
[fastlio_mapping-1] FAST_LIO_OUTPUT_TIMING age_ms_avg=190.33 age_ms_max=214.44 samples=10
[fastlio_mapping-1] FAST_LIO_INPUT_TIMING age_ms_avg=176.015 age_ms_max=191.443 samples=10 lidar_buffer=0 imu_buffer=56
[fastlio_mapping-1] FAST_LIO_OUTPUT_TIMING age_ms_avg=217.9 age_ms_max=235.555 samples=10
[fastlio_mapping-1] FAST_LIO_INPUT_TIMING age_ms_avg=182.056 age_ms_max=211.945 samples=10 lidar_buffer=0 imu_buffer=41
[fastlio_mapping-1] FAST_LIO_OUTPUT_TIMING age_ms_avg=160.74 age_ms_max=240.187 samples=10
[fastlio_mapping-1] FAST_LIO_INPUT_TIMING age_ms_avg=131.032 age_ms_max=144.789 samples=10 lidar_buffer=0 imu_buffer=46
[fastlio_mapping-1] FAST_LIO_OUTPUT_TIMING age_ms_avg=176.966 age_ms_max=190.636 samples=10
[fastlio_mapping-1] FAST_LIO_INPUT_TIMING age_ms_avg=158.143 age_ms_max=170.136 samples=10 lidar_buffer=0 imu_buffer=52
[fastlio_mapping-1] FAST_LIO_OUTPUT_TIMING age_ms_avg=196.631 age_ms_max=202.288 samples=10
[fastlio_mapping-1] FAST_LIO_INPUT_TIMING age_ms_avg=180.051 age_ms_max=191.123 samples=10 lidar_buffer=0 imu_buffer=57
[fastlio_mapping-1] FAST_LIO_OUTPUT_TIMING age_ms_avg=211.353 age_ms_max=231.515 samples=10
[fastlio_mapping-1] FAST_LIO_INPUT_TIMING age_ms_avg=167.669 age_ms_max=207.125 samples=10 lidar_buffer=0 imu_buffer=42
[fastlio_mapping-1] FAST_LIO_OUTPUT_TIMING age_ms_avg=148.439 age_ms_max=158.104 samples=10
[fastlio_mapping-1] FAST_LIO_INPUT_TIMING age_ms_avg=133.601 age_ms_max=144.502 samples=10 lidar_buffer=0 imu_buffer=48
[fastlio_mapping-1] FAST_LIO_OUTPUT_TIMING age_ms_avg=176.22 age_ms_max=192.888 samples=10
[fastlio_mapping-1] FAST_LIO_INPUT_TIMING age_ms_avg=161.635 age_ms_max=171.352 samples=10 lidar_buffer=0 imu_buffer=53
[fastlio_mapping-1] FAST_LIO_OUTPUT_TIMING age_ms_avg=205.241 age_ms_max=223.152 samples=10
[fastlio_mapping-1] FAST_LIO_INPUT_TIMING age_ms_avg=190.803 age_ms_max=204.388 samples=10 lidar_buffer=0 imu_buffer=58
[fastlio_mapping-1] FAST_LIO_OUTPUT_TIMING age_ms_avg=193.447 age_ms_max=240.421 samples=10
[fastlio_mapping-1] FAST_LIO_INPUT_TIMING age_ms_avg=147.94 age_ms_max=214.251 samples=10 lidar_buffer=0 imu_buffer=44
[fastlio_mapping-1] FAST_LIO_OUTPUT_TIMING age_ms_avg=157.288 age_ms_max=170.744 samples=10
[fastlio_mapping-1] FAST_LIO_INPUT_TIMING age_ms_avg=141.376 age_ms_max=151.759 samples=10 lidar_buffer=0 imu_buffer=49
[fastlio_mapping-1] FAST_LIO_OUTPUT_TIMING age_ms_avg=182.686 age_ms_max=204.134 samples=10
[fastlio_mapping-1] FAST_LIO_INPUT_TIMING age_ms_avg=170.423 age_ms_max=182.358 samples=10 lidar_buffer=0 imu_buffer=54
[fastlio_mapping-1] FAST_LIO_OUTPUT_TIMING age_ms_avg=209.36 age_ms_max=220.632 samples=10
[fastlio_mapping-1] FAST_LIO_INPUT_TIMING age_ms_avg=195.483 age_ms_max=212.753 samples=10 lidar_buffer=0 imu_buffer=61
[fastlio_mapping-1] FAST_LIO_OUTPUT_TIMING age_ms_avg=175.129 age_ms_max=241.97 samples=10
[fastlio_mapping-1] FAST_LIO_INPUT_TIMING age_ms_avg=125.139 age_ms_max=134.165 samples=10 lidar_buffer=0 imu_buffer=46
[fastlio_mapping-1] FAST_LIO_OUTPUT_TIMING age_ms_avg=171.198 age_ms_max=186.625 samples=10
[fastlio_mapping-1] FAST_LIO_INPUT_TIMING age_ms_avg=150.633 age_ms_max=158.193 samples=10 lidar_buffer=0 imu_buffer=50
[fastlio_mapping-1] FAST_LIO_OUTPUT_TIMING age_ms_avg=186.923 age_ms_max=196.918 samples=10
[fastlio_mapping-1] FAST_LIO_INPUT_TIMING age_ms_avg=173.283 age_ms_max=189.939 samples=10 lidar_buffer=0 imu_buffer=55
[fastlio_mapping-1] FAST_LIO_OUTPUT_TIMING age_ms_avg=217.227 age_ms_max=232.405 samples=10
[fastlio_mapping-1] FAST_LIO_INPUT_TIMING age_ms_avg=182.751 age_ms_max=212.761 samples=10 lidar_buffer=0 imu_buffer=41
[fastlio_mapping-1] FAST_LIO_OUTPUT_TIMING age_ms_avg=158.739 age_ms_max=239.575 samples=10
[fastlio_mapping-1] FAST_LIO_INPUT_TIMING age_ms_avg=131.458 age_ms_max=144.651 samples=10 lidar_buffer=0 imu_buffer=46
[fastlio_mapping-1] FAST_LIO_OUTPUT_TIMING age_ms_avg=176.339 age_ms_max=189.309 samples=10
[fastlio_mapping-1] FAST_LIO_INPUT_TIMING age_ms_avg=157.207 age_ms_max=169.649 samples=10 lidar_buffer=0 imu_buffer=51
[fastlio_mapping-1] FAST_LIO_OUTPUT_TIMING age_ms_avg=202.007 age_ms_max=213.012 samples=10
[fastlio_mapping-1] FAST_LIO_INPUT_TIMING age_ms_avg=181.339 age_ms_max=193.735 samples=10 lidar_buffer=0 imu_buffer=57
[fastlio_mapping-1] FAST_LIO_OUTPUT_TIMING age_ms_avg=224.5 age_ms_max=238.696 samples=10
[fastlio_mapping-1] FAST_LIO_INPUT_TIMING age_ms_avg=175.325 age_ms_max=206.347 samples=10 lidar_buffer=0 imu_buffer=41
[fastlio_mapping-1] FAST_LIO_OUTPUT_TIMING age_ms_avg=148.393 age_ms_max=165.999 samples=10
[fastlio_mapping-1] FAST_LIO_INPUT_TIMING age_ms_avg=133.893 age_ms_max=147.086 samples=10 lidar_buffer=0 imu_buffer=47
[fastlio_mapping-1] FAST_LIO_OUTPUT_TIMING age_ms_avg=173.662 age_ms_max=181.166 samples=10
[fastlio_mapping-1] FAST_LIO_INPUT_TIMING age_ms_avg=159.377 age_ms_max=174.037 samples=10 lidar_buffer=0 imu_buffer=53
[fastlio_mapping-1] FAST_LIO_OUTPUT_TIMING age_ms_avg=205.429 age_ms_max=218.319 samples=10
[fastlio_mapping-1] FAST_LIO_INPUT_TIMING age_ms_avg=186.101 age_ms_max=194.65 samples=10 lidar_buffer=0 imu_buffer=58
[fastlio_mapping-1] FAST_LIO_OUTPUT_TIMING age_ms_avg=198.678 age_ms_max=239.897 samples=10
[fastlio_mapping-1] FAST_LIO_INPUT_TIMING age_ms_avg=154.039 age_ms_max=211.955 samples=10 lidar_buffer=0 imu_buffer=43
[fastlio_mapping-1] FAST_LIO_OUTPUT_TIMING age_ms_avg=161.502 age_ms_max=172.526 samples=10
[fastlio_mapping-1] FAST_LIO_INPUT_TIMING age_ms_avg=141.446 age_ms_max=153.862 samples=10 lidar_buffer=0 imu_buffer=49
[fastlio_mapping-1] FAST_LIO_OUTPUT_TIMING age_ms_avg=180.203 age_ms_max=193.844 samples=10
[fastlio_mapping-1] FAST_LIO_INPUT_TIMING age_ms_avg=164.713 age_ms_max=173.984 samples=10 lidar_buffer=0 imu_buffer=54
[fastlio_mapping-1] FAST_LIO_OUTPUT_TIMING age_ms_avg=205.189 age_ms_max=219.354 samples=10
[fastlio_mapping-1] FAST_LIO_INPUT_TIMING age_ms_avg=192.806 age_ms_max=208.309 samples=10 lidar_buffer=0 imu_buffer=59
[fastlio_mapping-1] FAST_LIO_OUTPUT_TIMING age_ms_avg=178.497 age_ms_max=238.431 samples=10
[fastlio_mapping-1] FAST_LIO_INPUT_TIMING age_ms_avg=134.378 age_ms_max=212.995 samples=10 lidar_buffer=0 imu_buffer=45
[fastlio_mapping-1] FAST_LIO_OUTPUT_TIMING age_ms_avg=164.62 age_ms_max=180.87 samples=10
[fastlio_mapping-1] FAST_LIO_INPUT_TIMING age_ms_avg=149.384 age_ms_max=160.712 samples=10 lidar_buffer=0 imu_buffer=50
[fastlio_mapping-1] FAST_LIO_OUTPUT_TIMING age_ms_avg=185.995 age_ms_max=203.104 samples=10
[fastlio_mapping-1] FAST_LIO_INPUT_TIMING age_ms_avg=172.695 age_ms_max=184.025 samples=10 lidar_buffer=0 imu_buffer=55
[fastlio_mapping-1] FAST_LIO_OUTPUT_TIMING age_ms_avg=209.766 age_ms_max=223.025 samples=10
[fastlio_mapping-1] FAST_LIO_INPUT_TIMING age_ms_avg=180.483 age_ms_max=205.657 samples=10 lidar_buffer=0 imu_buffer=42
[fastlio_mapping-1] FAST_LIO_OUTPUT_TIMING age_ms_avg=153.631 age_ms_max=222.534 samples=10
[fastlio_mapping-1] FAST_LIO_INPUT_TIMING age_ms_avg=128.886 age_ms_max=137.564 samples=10 lidar_buffer=0 imu_buffer=46
[fastlio_mapping-1] FAST_LIO_OUTPUT_TIMING age_ms_avg=164.462 age_ms_max=180.912 samples=10
[fastlio_mapping-1] FAST_LIO_INPUT_TIMING age_ms_avg=153.085 age_ms_max=163.693 samples=10 lidar_buffer=0 imu_buffer=51
[fastlio_mapping-1] FAST_LIO_OUTPUT_TIMING age_ms_avg=188.785 age_ms_max=197.668 samples=10
[fastlio_mapping-1] FAST_LIO_INPUT_TIMING age_ms_avg=177.849 age_ms_max=189.203 samples=10 lidar_buffer=0 imu_buffer=56
[fastlio_mapping-1] FAST_LIO_OUTPUT_TIMING age_ms_avg=223.064 age_ms_max=238.215 samples=10
[fastlio_mapping-1] FAST_LIO_INPUT_TIMING age_ms_avg=179.396 age_ms_max=213.263 samples=10 lidar_buffer=0 imu_buffer=42
[fastlio_mapping-1] FAST_LIO_OUTPUT_TIMING age_ms_avg=148.921 age_ms_max=159.921 samples=10
[fastlio_mapping-1] FAST_LIO_INPUT_TIMING age_ms_avg=133.29 age_ms_max=147.289 samples=10 lidar_buffer=0 imu_buffer=47
[fastlio_mapping-1] FAST_LIO_OUTPUT_TIMING age_ms_avg=173.03 age_ms_max=184.661 samples=10
[fastlio_mapping-1] FAST_LIO_INPUT_TIMING age_ms_avg=157.477 age_ms_max=166.909 samples=10 lidar_buffer=0 imu_buffer=52
[fastlio_mapping-1] FAST_LIO_OUTPUT_TIMING age_ms_avg=195.083 age_ms_max=214.791 samples=10
[fastlio_mapping-1] FAST_LIO_INPUT_TIMING age_ms_avg=183.857 age_ms_max=194.282 samples=10 lidar_buffer=0 imu_buffer=58
[fastlio_mapping-1] FAST_LIO_OUTPUT_TIMING age_ms_avg=195.677 age_ms_max=220.65 samples=10
[fastlio_mapping-1] FAST_LIO_INPUT_TIMING age_ms_avg=159.99 age_ms_max=207 samples=10 lidar_buffer=0 imu_buffer=43
[fastlio_mapping-1] FAST_LIO_OUTPUT_TIMING age_ms_avg=146.957 age_ms_max=153.645 samples=10
[fastlio_mapping-1] FAST_LIO_INPUT_TIMING age_ms_avg=138.325 age_ms_max=153.315 samples=10 lidar_buffer=0 imu_buffer=48
[fastlio_mapping-1] FAST_LIO_OUTPUT_TIMING age_ms_avg=175.4 age_ms_max=189.765 samples=10
[fastlio_mapping-1] FAST_LIO_INPUT_TIMING age_ms_avg=164.182 age_ms_max=179.269 samples=10 lidar_buffer=0 imu_buffer=54
[fastlio_mapping-1] FAST_LIO_OUTPUT_TIMING age_ms_avg=201.348 age_ms_max=213.506 samples=10
[fastlio_mapping-1] FAST_LIO_INPUT_TIMING age_ms_avg=191.858 age_ms_max=205.186 samples=10 lidar_buffer=0 imu_buffer=59
[fastlio_mapping-1] FAST_LIO_OUTPUT_TIMING age_ms_avg=186.339 age_ms_max=233.725 samples=10
[fastlio_mapping-1] FAST_LIO_INPUT_TIMING age_ms_avg=147.46 age_ms_max=212.879 samples=10 lidar_buffer=0 imu_buffer=43
[fastlio_mapping-1] FAST_LIO_OUTPUT_TIMING age_ms_avg=149.781 age_ms_max=173.748 samples=8
[fastlio_mapping-1] FAST_LIO_INPUT_TIMING age_ms_avg=142.82 age_ms_max=158.18 samples=8 lidar_buffer=0 imu_buffer=49
[fastlio_mapping-1] FAST_LIO_OUTPUT_TIMING age_ms_avg=185.062 age_ms_max=198.317 samples=10
[fastlio_mapping-1] FAST_LIO_INPUT_TIMING age_ms_avg=171.097 age_ms_max=178.679 samples=10 lidar_buffer=0 imu_buffer=55
[fastlio_mapping-1] FAST_LIO_OUTPUT_TIMING age_ms_avg=201.822 age_ms_max=219.65 samples=10
[fastlio_mapping-1] FAST_LIO_INPUT_TIMING age_ms_avg=194.481 age_ms_max=205.113 samples=10 lidar_buffer=0 imu_buffer=60
[fastlio_mapping-1] FAST_LIO_OUTPUT_TIMING age_ms_avg=159.116 age_ms_max=218.447 samples=10
[fastlio_mapping-1] FAST_LIO_INPUT_TIMING age_ms_avg=122.545 age_ms_max=135.003 samples=10 lidar_buffer=0 imu_buffer=45
[fastlio_mapping-1] FAST_LIO_OUTPUT_TIMING age_ms_avg=157.811 age_ms_max=169.389 samples=10
[fastlio_mapping-1] FAST_LIO_INPUT_TIMING age_ms_avg=148.051 age_ms_max=160.184 samples=10 lidar_buffer=0 imu_buffer=50
[fastlio_mapping-1] FAST_LIO_OUTPUT_TIMING age_ms_avg=184.903 age_ms_max=204.003 samples=10
[fastlio_mapping-1] FAST_LIO_INPUT_TIMING age_ms_avg=175.27 age_ms_max=187.402 samples=10 lidar_buffer=0 imu_buffer=55
[fastlio_mapping-1] FAST_LIO_OUTPUT_TIMING age_ms_avg=212.869 age_ms_max=228.395 samples=10
[fastlio_mapping-1] FAST_LIO_INPUT_TIMING age_ms_avg=190.899 age_ms_max=207.562 samples=10 lidar_buffer=0 imu_buffer=60
[fastlio_mapping-1] FAST_LIO_OUTPUT_TIMING age_ms_avg=158.49 age_ms_max=221.156 samples=10
[fastlio_mapping-1] FAST_LIO_INPUT_TIMING age_ms_avg=129.668 age_ms_max=141.063 samples=10 lidar_buffer=0 imu_buffer=46
[fastlio_mapping-1] FAST_LIO_OUTPUT_TIMING age_ms_avg=162.708 age_ms_max=179.994 samples=10
[fastlio_mapping-1] FAST_LIO_INPUT_TIMING age_ms_avg=152.211 age_ms_max=167.19 samples=10 lidar_buffer=0 imu_buffer=51
[fastlio_mapping-1] FAST_LIO_OUTPUT_TIMING age_ms_avg=191.957 age_ms_max=200.349 samples=10
[fastlio_mapping-1] FAST_LIO_INPUT_TIMING age_ms_avg=178.043 age_ms_max=186.382 samples=10 lidar_buffer=0 imu_buffer=56
[fastlio_mapping-1] FAST_LIO_OUTPUT_TIMING age_ms_avg=211.17 age_ms_max=226.557 samples=10
[fastlio_mapping-1] FAST_LIO_INPUT_TIMING age_ms_avg=175.461 age_ms_max=206.162 samples=10 lidar_buffer=0 imu_buffer=42
[fastlio_mapping-1] FAST_LIO_OUTPUT_TIMING age_ms_avg=140.392 age_ms_max=145.761 samples=10
[fastlio_mapping-1] FAST_LIO_INPUT_TIMING age_ms_avg=129.253 age_ms_max=140.235 samples=10 lidar_buffer=0 imu_buffer=47
[fastlio_mapping-1] FAST_LIO_OUTPUT_TIMING age_ms_avg=161.269 age_ms_max=183.801 samples=10
[fastlio_mapping-1] FAST_LIO_INPUT_TIMING age_ms_avg=155.768 age_ms_max=167.092 samples=10 lidar_buffer=0 imu_buffer=52
[fastlio_mapping-1] FAST_LIO_OUTPUT_TIMING age_ms_avg=190.292 age_ms_max=212.161 samples=10
[fastlio_mapping-1] FAST_LIO_INPUT_TIMING age_ms_avg=184.862 age_ms_max=197.722 samples=10 lidar_buffer=0 imu_buffer=58
[fastlio_mapping-1] FAST_LIO_OUTPUT_TIMING age_ms_avg=191.295 age_ms_max=231.718 samples=10
[fastlio_mapping-1] FAST_LIO_INPUT_TIMING age_ms_avg=151.622 age_ms_max=211.205 samples=10 lidar_buffer=0 imu_buffer=43
[fastlio_mapping-1] FAST_LIO_OUTPUT_TIMING age_ms_avg=148.55 age_ms_max=164.644 samples=10
[fastlio_mapping-1] FAST_LIO_INPUT_TIMING age_ms_avg=141.459 age_ms_max=152.688 samples=10 lidar_buffer=0 imu_buffer=48
[fastlio_mapping-1] FAST_LIO_OUTPUT_TIMING age_ms_avg=173.78 age_ms_max=188.286 samples=10
[fastlio_mapping-1] FAST_LIO_INPUT_TIMING age_ms_avg=167.105 age_ms_max=180.039 samples=10 lidar_buffer=0 imu_buffer=54
[fastlio_mapping-1] FAST_LIO_OUTPUT_TIMING age_ms_avg=196.683 age_ms_max=209.364 samples=10
[fastlio_mapping-1] FAST_LIO_INPUT_TIMING age_ms_avg=192.889 age_ms_max=205.072 samples=10 lidar_buffer=0 imu_buffer=59
[fastlio_mapping-1] FAST_LIO_OUTPUT_TIMING age_ms_avg=179.623 age_ms_max=221.159 samples=10
[fastlio_mapping-1] FAST_LIO_INPUT_TIMING age_ms_avg=146.149 age_ms_max=209.323 samples=10 lidar_buffer=0 imu_buffer=43
[fastlio_mapping-1] FAST_LIO_OUTPUT_TIMING age_ms_avg=145.715 age_ms_max=159.201 samples=10
[fastlio_mapping-1] FAST_LIO_INPUT_TIMING age_ms_avg=141.858 age_ms_max=150.066 samples=10 lidar_buffer=0 imu_buffer=49
[fastlio_mapping-1] FAST_LIO_OUTPUT_TIMING age_ms_avg=171.154 age_ms_max=185.637 samples=10
[fastlio_mapping-1] FAST_LIO_INPUT_TIMING age_ms_avg=170.36 age_ms_max=179.32 samples=10 lidar_buffer=0 imu_buffer=54
[fastlio_mapping-1] FAST_LIO_OUTPUT_TIMING age_ms_avg=195.428 age_ms_max=209.929 samples=10
[fastlio_mapping-1] FAST_LIO_INPUT_TIMING age_ms_avg=194.242 age_ms_max=207.598 samples=10 lidar_buffer=0 imu_buffer=59
[fastlio_mapping-1] FAST_LIO_OUTPUT_TIMING age_ms_avg=168.507 age_ms_max=220.19 samples=10
[fastlio_mapping-1] FAST_LIO_INPUT_TIMING age_ms_avg=138.055 age_ms_max=213.055 samples=10 lidar_buffer=0 imu_buffer=45
[fastlio_mapping-1] FAST_LIO_OUTPUT_TIMING age_ms_avg=142.741 age_ms_max=162.21 samples=10
[fastlio_mapping-1] FAST_LIO_INPUT_TIMING age_ms_avg=144.468 age_ms_max=154.98 samples=10 lidar_buffer=0 imu_buffer=50
[fastlio_mapping-1] FAST_LIO_OUTPUT_TIMING age_ms_avg=170.349 age_ms_max=183.42 samples=10
[fastlio_mapping-1] FAST_LIO_INPUT_TIMING age_ms_avg=171.108 age_ms_max=181.081 samples=10 lidar_buffer=0 imu_buffer=55
[fastlio_mapping-1] FAST_LIO_OUTPUT_TIMING age_ms_avg=196.089 age_ms_max=213.771 samples=10
[fastlio_mapping-1] FAST_LIO_INPUT_TIMING age_ms_avg=198.369 age_ms_max=211.908 samples=10 lidar_buffer=0 imu_buffer=59
[fastlio_mapping-1] FAST_LIO_OUTPUT_TIMING age_ms_avg=154.897 age_ms_max=221.735 samples=10
[fastlio_mapping-1] FAST_LIO_INPUT_TIMING age_ms_avg=121.879 age_ms_max=131.119 samples=10 lidar_buffer=0 imu_buffer=45
[fastlio_mapping-1] FAST_LIO_OUTPUT_TIMING age_ms_avg=148.954 age_ms_max=164.983 samples=10
[fastlio_mapping-1] FAST_LIO_INPUT_TIMING age_ms_avg=148.321 age_ms_max=161.435 samples=10 lidar_buffer=0 imu_buffer=50
[fastlio_mapping-1] FAST_LIO_OUTPUT_TIMING age_ms_avg=171.934 age_ms_max=189.739 samples=10
[fastlio_mapping-1] FAST_LIO_INPUT_TIMING age_ms_avg=172.223 age_ms_max=186.821 samples=10 lidar_buffer=0 imu_buffer=55
[fastlio_mapping-1] FAST_LIO_OUTPUT_TIMING age_ms_avg=200.097 age_ms_max=216.032 samples=10
[fastlio_mapping-1] FAST_LIO_INPUT_TIMING age_ms_avg=198.807 age_ms_max=212.838 samples=10 lidar_buffer=0 imu_buffer=61
[fastlio_mapping-1] FAST_LIO_OUTPUT_TIMING age_ms_avg=158.44 age_ms_max=223.633 samples=10
[fastlio_mapping-1] FAST_LIO_INPUT_TIMING age_ms_avg=125.359 age_ms_max=134.001 samples=10 lidar_buffer=0 imu_buffer=45
[fastlio_mapping-1] FAST_LIO_OUTPUT_TIMING age_ms_avg=152.809 age_ms_max=166.238 samples=10
[fastlio_mapping-1] FAST_LIO_INPUT_TIMING age_ms_avg=151.591 age_ms_max=160.328 samples=10 lidar_buffer=0 imu_buffer=51
[fastlio_mapping-1] FAST_LIO_OUTPUT_TIMING age_ms_avg=173.589 age_ms_max=183.793 samples=10
[fastlio_mapping-1] FAST_LIO_INPUT_TIMING age_ms_avg=174.544 age_ms_max=188.245 samples=10 lidar_buffer=0 imu_buffer=56
[fastlio_mapping-1] FAST_LIO_OUTPUT_TIMING age_ms_avg=204.137 age_ms_max=221.06 samples=10
[fastlio_mapping-1] FAST_LIO_INPUT_TIMING age_ms_avg=184.995 age_ms_max=213.085 samples=10 lidar_buffer=0 imu_buffer=42
[fastlio_mapping-1] FAST_LIO_OUTPUT_TIMING age_ms_avg=143.119 age_ms_max=223.785 samples=10
[fastlio_mapping-1] FAST_LIO_INPUT_TIMING age_ms_avg=130.233 age_ms_max=139.595 samples=10 lidar_buffer=0 imu_buffer=46
[fastlio_mapping-1] FAST_LIO_OUTPUT_TIMING age_ms_avg=158.38 age_ms_max=174.356 samples=10
[fastlio_mapping-1] FAST_LIO_INPUT_TIMING age_ms_avg=156.944 age_ms_max=165.757 samples=10 lidar_buffer=0 imu_buffer=51
[fastlio_mapping-1] FAST_LIO_OUTPUT_TIMING age_ms_avg=181.012 age_ms_max=198.362 samples=10
[fastlio_mapping-1] FAST_LIO_INPUT_TIMING age_ms_avg=183.372 age_ms_max=198.637 samples=10 lidar_buffer=0 imu_buffer=59
[fastlio_mapping-1] FAST_LIO_OUTPUT_TIMING age_ms_avg=173.585 age_ms_max=213.556 samples=10
[fastlio_mapping-1] FAST_LIO_INPUT_TIMING age_ms_avg=145.483 age_ms_max=207.428 samples=10 lidar_buffer=0 imu_buffer=44
[fastlio_mapping-1] FAST_LIO_OUTPUT_TIMING age_ms_avg=166.509 age_ms_max=227.081 samples=9
[fastlio_mapping-1] FAST_LIO_INPUT_TIMING age_ms_avg=168.101 age_ms_max=212.139 samples=9 lidar_buffer=0 imu_buffer=53
[fastlio_mapping-1] FAST_LIO_OUTPUT_TIMING age_ms_avg=196.374 age_ms_max=225.386 samples=10
[fastlio_mapping-1] FAST_LIO_INPUT_TIMING age_ms_avg=169.42 age_ms_max=209.554 samples=10 lidar_buffer=0 imu_buffer=84
[fastlio_mapping-1] FAST_LIO_OUTPUT_TIMING age_ms_avg=156.048 age_ms_max=175.755 samples=8
[fastlio_mapping-1] FAST_LIO_INPUT_TIMING age_ms_avg=167.769 age_ms_max=181.067 samples=10 lidar_buffer=0 imu_buffer=55
[fastlio_mapping-1] FAST_LIO_OUTPUT_TIMING age_ms_avg=188.556 age_ms_max=228.222 samples=10
[fastlio_mapping-1] FAST_LIO_INPUT_TIMING age_ms_avg=181.574 age_ms_max=217.468 samples=8 lidar_buffer=0 imu_buffer=107
[fastlio_mapping-1] FAST_LIO_OUTPUT_TIMING age_ms_avg=177.903 age_ms_max=227.586 samples=7
[fastlio_mapping-1] FAST_LIO_INPUT_TIMING age_ms_avg=165.028 age_ms_max=208.171 samples=10 lidar_buffer=0 imu_buffer=42
[fastlio_mapping-1] FAST_LIO_OUTPUT_TIMING age_ms_avg=161.384 age_ms_max=215.194 samples=10
[fastlio_mapping-1] FAST_LIO_INPUT_TIMING age_ms_avg=148.693 age_ms_max=176.393 samples=10 lidar_buffer=0 imu_buffer=54
[fastlio_mapping-1] FAST_LIO_OUTPUT_TIMING age_ms_avg=179.986 age_ms_max=207.249 samples=10
[fastlio_mapping-1] FAST_LIO_INPUT_TIMING age_ms_avg=196.605 age_ms_max=260.229 samples=10 lidar_buffer=0 imu_buffer=58
[fastlio_mapping-1] FAST_LIO_OUTPUT_TIMING age_ms_avg=203.05 age_ms_max=269.814 samples=7
[fastlio_mapping-1] FAST_LIO_INPUT_TIMING age_ms_avg=126.548 age_ms_max=139.426 samples=8 lidar_buffer=0 imu_buffer=47
[fastlio_mapping-1] FAST_LIO_OUTPUT_TIMING age_ms_avg=143.463 age_ms_max=156.204 samples=10
[fastlio_mapping-1] FAST_LIO_INPUT_TIMING age_ms_avg=156.757 age_ms_max=172.196 samples=10 lidar_buffer=0 imu_buffer=52
[fastlio_mapping-1] FAST_LIO_OUTPUT_TIMING age_ms_avg=173.614 age_ms_max=183.982 samples=10
[fastlio_mapping-1] FAST_LIO_INPUT_TIMING age_ms_avg=184.386 age_ms_max=193.835 samples=8 lidar_buffer=0 imu_buffer=57
[fastlio_mapping-1] FAST_LIO_OUTPUT_TIMING age_ms_avg=201.586 age_ms_max=208.452 samples=8
[fastlio_mapping-1] FAST_LIO_INPUT_TIMING age_ms_avg=159.763 age_ms_max=209.236 samples=10 lidar_buffer=0 imu_buffer=42
[fastlio_mapping-1] FAST_LIO_OUTPUT_TIMING age_ms_avg=146.816 age_ms_max=220.303 samples=10
[fastlio_mapping-1] FAST_LIO_INPUT_TIMING age_ms_avg=135.899 age_ms_max=150.685 samples=10 lidar_buffer=0 imu_buffer=48
[fastlio_mapping-1] FAST_LIO_OUTPUT_TIMING age_ms_avg=152.499 age_ms_max=169.612 samples=10
[fastlio_mapping-1] FAST_LIO_INPUT_TIMING age_ms_avg=162.42 age_ms_max=173.896 samples=10 lidar_buffer=0 imu_buffer=53
[fastlio_mapping-1] FAST_LIO_OUTPUT_TIMING age_ms_avg=178.776 age_ms_max=188.226 samples=10
[fastlio_mapping-1] FAST_LIO_INPUT_TIMING age_ms_avg=188.141 age_ms_max=204.46 samples=10 lidar_buffer=0 imu_buffer=58
[fastlio_mapping-1] FAST_LIO_OUTPUT_TIMING age_ms_avg=207.128 age_ms_max=222.677 samples=10
[fastlio_mapping-1] FAST_LIO_INPUT_TIMING age_ms_avg=145.887 age_ms_max=212.079 samples=10 lidar_buffer=0 imu_buffer=44
[fastlio_mapping-1] FAST_LIO_OUTPUT_TIMING age_ms_avg=128.992 age_ms_max=150.859 samples=8
[fastlio_mapping-1] FAST_LIO_INPUT_TIMING age_ms_avg=143.597 age_ms_max=151.268 samples=8 lidar_buffer=0 imu_buffer=49
[fastlio_mapping-1] FAST_LIO_OUTPUT_TIMING age_ms_avg=154.653 age_ms_max=168.32 samples=10
[fastlio_mapping-1] FAST_LIO_INPUT_TIMING age_ms_avg=167.568 age_ms_max=180.464 samples=10 lidar_buffer=0 imu_buffer=54
[fastlio_mapping-1] FAST_LIO_OUTPUT_TIMING age_ms_avg=184.53 age_ms_max=205.648 samples=9
[fastlio_mapping-1] FAST_LIO_INPUT_TIMING age_ms_avg=194.544 age_ms_max=202.353 samples=8 lidar_buffer=0 imu_buffer=60
[fastlio_mapping-1] FAST_LIO_OUTPUT_TIMING age_ms_avg=182.019 age_ms_max=222.019 samples=10
[fastlio_mapping-1] FAST_LIO_INPUT_TIMING age_ms_avg=130.322 age_ms_max=211.376 samples=10 lidar_buffer=0 imu_buffer=44
[fastlio_mapping-1] FAST_LIO_OUTPUT_TIMING age_ms_avg=136.423 age_ms_max=155.079 samples=10
[fastlio_mapping-1] FAST_LIO_INPUT_TIMING age_ms_avg=144.576 age_ms_max=159.764 samples=10 lidar_buffer=0 imu_buffer=49
[fastlio_mapping-1] FAST_LIO_OUTPUT_TIMING age_ms_avg=165.615 age_ms_max=176.514 samples=10
[fastlio_mapping-1] FAST_LIO_INPUT_TIMING age_ms_avg=170.565 age_ms_max=183.151 samples=10 lidar_buffer=0 imu_buffer=55
[fastlio_mapping-1] FAST_LIO_OUTPUT_TIMING age_ms_avg=190.479 age_ms_max=208.94 samples=10
[fastlio_mapping-1] FAST_LIO_INPUT_TIMING age_ms_avg=190.962 age_ms_max=211.238 samples=10 lidar_buffer=0 imu_buffer=61
[fastlio_mapping-1] FAST_LIO_OUTPUT_TIMING age_ms_avg=171.626 age_ms_max=222.05 samples=10
[fastlio_mapping-1] FAST_LIO_INPUT_TIMING age_ms_avg=125.676 age_ms_max=134.898 samples=10 lidar_buffer=0 imu_buffer=45
[fastlio_mapping-1] FAST_LIO_OUTPUT_TIMING age_ms_avg=144.42 age_ms_max=161.421 samples=10
[fastlio_mapping-1] FAST_LIO_INPUT_TIMING age_ms_avg=151.407 age_ms_max=161.191 samples=10 lidar_buffer=0 imu_buffer=51
[fastlio_mapping-1] FAST_LIO_OUTPUT_TIMING age_ms_avg=170.057 age_ms_max=184.961 samples=10
[fastlio_mapping-1] FAST_LIO_INPUT_TIMING age_ms_avg=178.64 age_ms_max=190.627 samples=10 lidar_buffer=0 imu_buffer=56
[fastlio_mapping-1] FAST_LIO_OUTPUT_TIMING age_ms_avg=198.142 age_ms_max=212.203 samples=10
[fastlio_mapping-1] FAST_LIO_INPUT_TIMING age_ms_avg=182.148 age_ms_max=208.691 samples=10 lidar_buffer=0 imu_buffer=41
[fastlio_mapping-1] FAST_LIO_OUTPUT_TIMING age_ms_avg=160.291 age_ms_max=220.113 samples=10
[fastlio_mapping-1] FAST_LIO_INPUT_TIMING age_ms_avg=127.205 age_ms_max=138.718 samples=10 lidar_buffer=0 imu_buffer=47
[fastlio_mapping-1] FAST_LIO_OUTPUT_TIMING age_ms_avg=146.225 age_ms_max=165.529 samples=10
[fastlio_mapping-1] FAST_LIO_INPUT_TIMING age_ms_avg=155.509 age_ms_max=167.312 samples=10 lidar_buffer=0 imu_buffer=52
[fastlio_mapping-1] FAST_LIO_OUTPUT_TIMING age_ms_avg=174.377 age_ms_max=187.561 samples=10
[fastlio_mapping-1] FAST_LIO_INPUT_TIMING age_ms_avg=180.877 age_ms_max=191.27 samples=10 lidar_buffer=0 imu_buffer=56
[fastlio_mapping-1] FAST_LIO_OUTPUT_TIMING age_ms_avg=200.605 age_ms_max=213.881 samples=10
[fastlio_mapping-1] FAST_LIO_INPUT_TIMING age_ms_avg=166.268 age_ms_max=206.754 samples=10 lidar_buffer=0 imu_buffer=43
[fastlio_mapping-1] FAST_LIO_OUTPUT_TIMING age_ms_avg=145.044 age_ms_max=215.016 samples=10
[fastlio_mapping-1] FAST_LIO_INPUT_TIMING age_ms_avg=134.112 age_ms_max=144.635 samples=10 lidar_buffer=0 imu_buffer=48
[fastlio_mapping-1] FAST_LIO_OUTPUT_TIMING age_ms_avg=155.308 age_ms_max=171.906 samples=10
[fastlio_mapping-1] FAST_LIO_INPUT_TIMING age_ms_avg=164.137 age_ms_max=175.731 samples=10 lidar_buffer=0 imu_buffer=53
[fastlio_mapping-1] FAST_LIO_OUTPUT_TIMING age_ms_avg=181.389 age_ms_max=188.232 samples=10
[fastlio_mapping-1] FAST_LIO_INPUT_TIMING age_ms_avg=187.102 age_ms_max=200.36 samples=10 lidar_buffer=0 imu_buffer=59
[fastlio_mapping-1] FAST_LIO_OUTPUT_TIMING age_ms_avg=186.435 age_ms_max=211.6 samples=10
[fastlio_mapping-1] FAST_LIO_INPUT_TIMING age_ms_avg=138.29 age_ms_max=205.667 samples=10 lidar_buffer=0 imu_buffer=44
[fastlio_mapping-1] FAST_LIO_OUTPUT_TIMING age_ms_avg=136.254 age_ms_max=142.795 samples=10
[fastlio_mapping-1] FAST_LIO_INPUT_TIMING age_ms_avg=143.25 age_ms_max=157.941 samples=10 lidar_buffer=0 imu_buffer=49
[fastlio_mapping-1] FAST_LIO_OUTPUT_TIMING age_ms_avg=164.368 age_ms_max=179.039 samples=10
[fastlio_mapping-1] FAST_LIO_INPUT_TIMING age_ms_avg=167.679 age_ms_max=178.127 samples=10 lidar_buffer=0 imu_buffer=54
[fastlio_mapping-1] FAST_LIO_OUTPUT_TIMING age_ms_avg=183.895 age_ms_max=194.357 samples=10
[fastlio_mapping-1] FAST_LIO_INPUT_TIMING age_ms_avg=193.364 age_ms_max=204.825 samples=10 lidar_buffer=0 imu_buffer=60
[fastlio_mapping-1] FAST_LIO_OUTPUT_TIMING age_ms_avg=183.118 age_ms_max=214.797 samples=10
[fastlio_mapping-1] FAST_LIO_INPUT_TIMING age_ms_avg=131.254 age_ms_max=207.825 samples=10 lidar_buffer=0 imu_buffer=45
[fastlio_mapping-1] FAST_LIO_OUTPUT_TIMING age_ms_avg=143.262 age_ms_max=160.181 samples=10
[fastlio_mapping-1] FAST_LIO_INPUT_TIMING age_ms_avg=152.215 age_ms_max=164.186 samples=10 lidar_buffer=0 imu_buffer=50
[fastlio_mapping-1] FAST_LIO_OUTPUT_TIMING age_ms_avg=169.269 age_ms_max=175.773 samples=10
[fastlio_mapping-1] FAST_LIO_INPUT_TIMING age_ms_avg=173.86 age_ms_max=190.738 samples=10 lidar_buffer=0 imu_buffer=56
[fastlio_mapping-1] FAST_LIO_OUTPUT_TIMING age_ms_avg=195.549 age_ms_max=212.37 samples=10
[fastlio_mapping-1] FAST_LIO_INPUT_TIMING age_ms_avg=184.735 age_ms_max=210.919 samples=10 lidar_buffer=0 imu_buffer=41
[fastlio_mapping-1] FAST_LIO_OUTPUT_TIMING age_ms_avg=164.981 age_ms_max=221.854 samples=10
[fastlio_mapping-1] FAST_LIO_INPUT_TIMING age_ms_avg=130.997 age_ms_max=141.074 samples=10 lidar_buffer=0 imu_buffer=46
[fastlio_mapping-1] FAST_LIO_OUTPUT_TIMING age_ms_avg=149.003 age_ms_max=159.742 samples=10
[fastlio_mapping-1] FAST_LIO_INPUT_TIMING age_ms_avg=154.065 age_ms_max=167.933 samples=10 lidar_buffer=0 imu_buffer=52
[fastlio_mapping-1] FAST_LIO_OUTPUT_TIMING age_ms_avg=172.508 age_ms_max=181.668 samples=10
[fastlio_mapping-1] FAST_LIO_INPUT_TIMING age_ms_avg=181.235 age_ms_max=195.221 samples=10 lidar_buffer=0 imu_buffer=58
[fastlio_mapping-1] FAST_LIO_OUTPUT_TIMING age_ms_avg=198.976 age_ms_max=207.56 samples=10
[fastlio_mapping-1] FAST_LIO_INPUT_TIMING age_ms_avg=159.055 age_ms_max=211.064 samples=10 lidar_buffer=0 imu_buffer=42
[fastlio_mapping-1] FAST_LIO_OUTPUT_TIMING age_ms_avg=141.581 age_ms_max=221.87 samples=10
[fastlio_mapping-1] FAST_LIO_INPUT_TIMING age_ms_avg=135.087 age_ms_max=146.353 samples=10 lidar_buffer=0 imu_buffer=48
[fastlio_mapping-1] FAST_LIO_OUTPUT_TIMING age_ms_avg=154.529 age_ms_max=170.041 samples=10
[fastlio_mapping-1] FAST_LIO_INPUT_TIMING age_ms_avg=161.779 age_ms_max=171.185 samples=10 lidar_buffer=0 imu_buffer=53
[fastlio_mapping-1] FAST_LIO_OUTPUT_TIMING age_ms_avg=180.457 age_ms_max=196.268 samples=10
[fastlio_mapping-1] FAST_LIO_INPUT_TIMING age_ms_avg=187.456 age_ms_max=197.9 samples=10 lidar_buffer=0 imu_buffer=58
[fastlio_mapping-1] FAST_LIO_OUTPUT_TIMING age_ms_avg=195.616 age_ms_max=223.177 samples=10
[fastlio_mapping-1] FAST_LIO_INPUT_TIMING age_ms_avg=145.153 age_ms_max=212.261 samples=10 lidar_buffer=0 imu_buffer=44
[fastlio_mapping-1] FAST_LIO_OUTPUT_TIMING age_ms_avg=135.141 age_ms_max=154.692 samples=10
[fastlio_mapping-1] FAST_LIO_INPUT_TIMING age_ms_avg=145.775 age_ms_max=163.218 samples=10 lidar_buffer=0 imu_buffer=90
[fastlio_mapping-1] FAST_LIO_OUTPUT_TIMING age_ms_avg=164.934 age_ms_max=178.927 samples=8
[fastlio_mapping-1] FAST_LIO_INPUT_TIMING age_ms_avg=176.046 age_ms_max=187.924 samples=10 lidar_buffer=0 imu_buffer=55
[fastlio_mapping-1] FAST_LIO_OUTPUT_TIMING age_ms_avg=189.681 age_ms_max=198.468 samples=10
[fastlio_mapping-1] FAST_LIO_INPUT_TIMING age_ms_avg=180.884 age_ms_max=207.569 samples=10 lidar_buffer=0 imu_buffer=41
[fastlio_mapping-1] FAST_LIO_OUTPUT_TIMING age_ms_avg=176.155 age_ms_max=218.618 samples=10
[fastlio_mapping-1] FAST_LIO_INPUT_TIMING age_ms_avg=128.075 age_ms_max=139.369 samples=10 lidar_buffer=0 imu_buffer=47
[fastlio_mapping-1] FAST_LIO_OUTPUT_TIMING age_ms_avg=142.851 age_ms_max=161.589 samples=10
[fastlio_mapping-1] FAST_LIO_INPUT_TIMING age_ms_avg=157.948 age_ms_max=172.665 samples=10 lidar_buffer=0 imu_buffer=52
[fastlio_mapping-1] FAST_LIO_OUTPUT_TIMING age_ms_avg=171.478 age_ms_max=186.484 samples=10
[fastlio_mapping-1] FAST_LIO_INPUT_TIMING age_ms_avg=183.068 age_ms_max=194.421 samples=10 lidar_buffer=0 imu_buffer=57
[fastlio_mapping-1] FAST_LIO_OUTPUT_TIMING age_ms_avg=195.37 age_ms_max=209.226 samples=10
[fastlio_mapping-1] FAST_LIO_INPUT_TIMING age_ms_avg=149.171 age_ms_max=203.736 samples=10 lidar_buffer=0 imu_buffer=43
[fastlio_mapping-1] FAST_LIO_OUTPUT_TIMING age_ms_avg=141.162 age_ms_max=209.781 samples=10
[fastlio_mapping-1] FAST_LIO_INPUT_TIMING age_ms_avg=136.901 age_ms_max=146.316 samples=10 lidar_buffer=0 imu_buffer=48
[fastlio_mapping-1] FAST_LIO_OUTPUT_TIMING age_ms_avg=152.201 age_ms_max=168.584 samples=10
[fastlio_mapping-1] FAST_LIO_INPUT_TIMING age_ms_avg=163.682 age_ms_max=175.597 samples=10 lidar_buffer=0 imu_buffer=53
[fastlio_mapping-1] FAST_LIO_OUTPUT_TIMING age_ms_avg=176.299 age_ms_max=186.412 samples=10
[fastlio_mapping-1] FAST_LIO_INPUT_TIMING age_ms_avg=187.81 age_ms_max=199.516 samples=10 lidar_buffer=0 imu_buffer=59
[fastlio_mapping-1] FAST_LIO_OUTPUT_TIMING age_ms_avg=201.652 age_ms_max=221.543 samples=10
[fastlio_mapping-1] FAST_LIO_INPUT_TIMING age_ms_avg=138.895 age_ms_max=210.607 samples=10 lidar_buffer=0 imu_buffer=44
[fastlio_mapping-1] FAST_LIO_OUTPUT_TIMING age_ms_avg=133.801 age_ms_max=148.755 samples=10
[fastlio_mapping-1] FAST_LIO_INPUT_TIMING age_ms_avg=145.165 age_ms_max=158.865 samples=10 lidar_buffer=0 imu_buffer=49
[fastlio_mapping-1] FAST_LIO_OUTPUT_TIMING age_ms_avg=160.606 age_ms_max=176.559 samples=10
[fastlio_mapping-1] FAST_LIO_INPUT_TIMING age_ms_avg=168.953 age_ms_max=180.129 samples=10 lidar_buffer=0 imu_buffer=55
[fastlio_mapping-1] FAST_LIO_OUTPUT_TIMING age_ms_avg=180.377 age_ms_max=191.117 samples=10
[fastlio_mapping-1] FAST_LIO_INPUT_TIMING age_ms_avg=195.937 age_ms_max=211.9 samples=10 lidar_buffer=0 imu_buffer=60
[fastlio_mapping-1] FAST_LIO_OUTPUT_TIMING age_ms_avg=190.168 age_ms_max=223.008 samples=10
[fastlio_mapping-1] FAST_LIO_INPUT_TIMING age_ms_avg=124.414 age_ms_max=139.354 samples=10 lidar_buffer=0 imu_buffer=45
[fastlio_mapping-1] FAST_LIO_OUTPUT_TIMING age_ms_avg=138.618 age_ms_max=153.035 samples=10
[fastlio_mapping-1] FAST_LIO_INPUT_TIMING age_ms_avg=150.978 age_ms_max=161.69 samples=10 lidar_buffer=0 imu_buffer=52
[fastlio_mapping-1] FAST_LIO_OUTPUT_TIMING age_ms_avg=163.689 age_ms_max=173.221 samples=10
[fastlio_mapping-1] FAST_LIO_INPUT_TIMING age_ms_avg=180.3 age_ms_max=194.369 samples=10 lidar_buffer=0 imu_buffer=57
[fastlio_mapping-1] FAST_LIO_OUTPUT_TIMING age_ms_avg=194.732 age_ms_max=205.424 samples=10
[fastlio_mapping-1] FAST_LIO_INPUT_TIMING age_ms_avg=165.058 age_ms_max=210.046 samples=10 lidar_buffer=0 imu_buffer=42
[fastlio_mapping-1] FAST_LIO_OUTPUT_TIMING age_ms_avg=160.594 age_ms_max=220.996 samples=10
[fastlio_mapping-1] FAST_LIO_INPUT_TIMING age_ms_avg=133.902 age_ms_max=144.989 samples=10 lidar_buffer=0 imu_buffer=48
[fastlio_mapping-1] FAST_LIO_OUTPUT_TIMING age_ms_avg=147.211 age_ms_max=155.749 samples=10
[fastlio_mapping-1] FAST_LIO_INPUT_TIMING age_ms_avg=157.558 age_ms_max=169.408 samples=10 lidar_buffer=0 imu_buffer=53
[fastlio_mapping-1] FAST_LIO_OUTPUT_TIMING age_ms_avg=170.604 age_ms_max=187.118 samples=10
[fastlio_mapping-1] FAST_LIO_INPUT_TIMING age_ms_avg=189.091 age_ms_max=202.769 samples=10 lidar_buffer=0 imu_buffer=58
[fastlio_mapping-1] FAST_LIO_OUTPUT_TIMING age_ms_avg=205.062 age_ms_max=219.393 samples=10
[fastlio_mapping-1] FAST_LIO_INPUT_TIMING age_ms_avg=144.888 age_ms_max=208.117 samples=10 lidar_buffer=0 imu_buffer=44
[fastlio_mapping-1] FAST_LIO_OUTPUT_TIMING age_ms_avg=136.868 age_ms_max=213.574 samples=10
[fastlio_mapping-1] FAST_LIO_INPUT_TIMING age_ms_avg=139.129 age_ms_max=151.258 samples=10 lidar_buffer=0 imu_buffer=49
[fastlio_mapping-1] FAST_LIO_OUTPUT_TIMING age_ms_avg=152.447 age_ms_max=173.262 samples=10
[fastlio_mapping-1] FAST_LIO_INPUT_TIMING age_ms_avg=168.44 age_ms_max=176.899 samples=10 lidar_buffer=0 imu_buffer=54
[fastlio_mapping-1] FAST_LIO_OUTPUT_TIMING age_ms_avg=182.102 age_ms_max=190.306 samples=10
[fastlio_mapping-1] FAST_LIO_INPUT_TIMING age_ms_avg=193.46 age_ms_max=207.954 samples=10 lidar_buffer=0 imu_buffer=60
[fastlio_mapping-1] FAST_LIO_OUTPUT_TIMING age_ms_avg=188.152 age_ms_max=218.461 samples=10
[fastlio_mapping-1] FAST_LIO_INPUT_TIMING age_ms_avg=121.487 age_ms_max=137.07 samples=10 lidar_buffer=0 imu_buffer=45
[fastlio_mapping-1] FAST_LIO_OUTPUT_TIMING age_ms_avg=133.98 age_ms_max=147.935 samples=10
[fastlio_mapping-1] FAST_LIO_INPUT_TIMING age_ms_avg=148.744 age_ms_max=162.628 samples=10 lidar_buffer=0 imu_buffer=50
[fastlio_mapping-1] FAST_LIO_OUTPUT_TIMING age_ms_avg=163.193 age_ms_max=173.673 samples=10
[fastlio_mapping-1] FAST_LIO_INPUT_TIMING age_ms_avg=175.759 age_ms_max=187.455 samples=10 lidar_buffer=0 imu_buffer=56
[fastlio_mapping-1] FAST_LIO_OUTPUT_TIMING age_ms_avg=190.913 age_ms_max=198.403 samples=10
[fastlio_mapping-1] FAST_LIO_INPUT_TIMING age_ms_avg=170.512 age_ms_max=206.389 samples=10 lidar_buffer=0 imu_buffer=42
[fastlio_mapping-1] FAST_LIO_OUTPUT_TIMING age_ms_avg=165.21 age_ms_max=217.546 samples=10
[fastlio_mapping-1] FAST_LIO_INPUT_TIMING age_ms_avg=130.331 age_ms_max=139.751 samples=10 lidar_buffer=0 imu_buffer=47
[fastlio_mapping-1] FAST_LIO_OUTPUT_TIMING age_ms_avg=143.525 age_ms_max=163.065 samples=10
[fastlio_mapping-1] FAST_LIO_INPUT_TIMING age_ms_avg=158.106 age_ms_max=170.472 samples=10 lidar_buffer=0 imu_buffer=53
[fastlio_mapping-1] FAST_LIO_OUTPUT_TIMING age_ms_avg=170.975 age_ms_max=180.708 samples=10
[fastlio_mapping-1] FAST_LIO_INPUT_TIMING age_ms_avg=182.608 age_ms_max=195.637 samples=10 lidar_buffer=0 imu_buffer=58
[fastlio_mapping-1] FAST_LIO_OUTPUT_TIMING age_ms_avg=196.19 age_ms_max=206.304 samples=10
[fastlio_mapping-1] FAST_LIO_INPUT_TIMING age_ms_avg=151.269 age_ms_max=210.005 samples=10 lidar_buffer=0 imu_buffer=43
[fastlio_mapping-1] FAST_LIO_OUTPUT_TIMING age_ms_avg=147.582 age_ms_max=219.052 samples=10
[fastlio_mapping-1] FAST_LIO_INPUT_TIMING age_ms_avg=140.072 age_ms_max=153.044 samples=10 lidar_buffer=0 imu_buffer=49
[fastlio_mapping-1] FAST_LIO_OUTPUT_TIMING age_ms_avg=156.145 age_ms_max=170.086 samples=10
[fastlio_mapping-1] FAST_LIO_INPUT_TIMING age_ms_avg=165.44 age_ms_max=174.596 samples=10 lidar_buffer=0 imu_buffer=54
[fastlio_mapping-1] FAST_LIO_OUTPUT_TIMING age_ms_avg=177.708 age_ms_max=186.166 samples=10
[fastlio_mapping-1] FAST_LIO_INPUT_TIMING age_ms_avg=192.193 age_ms_max=204.104 samples=10 lidar_buffer=0 imu_buffer=60
[fastlio_mapping-1] FAST_LIO_OUTPUT_TIMING age_ms_avg=197.601 age_ms_max=218.015 samples=10
[fastlio_mapping-1] FAST_LIO_INPUT_TIMING age_ms_avg=128.07 age_ms_max=203.661 samples=10 lidar_buffer=0 imu_buffer=45
[fastlio_mapping-1] FAST_LIO_OUTPUT_TIMING age_ms_avg=131.821 age_ms_max=151.119 samples=10
[fastlio_mapping-1] FAST_LIO_INPUT_TIMING age_ms_avg=145.925 age_ms_max=155.474 samples=10 lidar_buffer=0 imu_buffer=51
[fastlio_mapping-1] FAST_LIO_OUTPUT_TIMING age_ms_avg=158.366 age_ms_max=166.618 samples=10
[fastlio_mapping-1] FAST_LIO_INPUT_TIMING age_ms_avg=171.72 age_ms_max=182.95 samples=10 lidar_buffer=0 imu_buffer=56
[fastlio_mapping-1] FAST_LIO_OUTPUT_TIMING age_ms_avg=186.477 age_ms_max=205.309 samples=10
[fastlio_mapping-1] FAST_LIO_INPUT_TIMING age_ms_avg=191.869 age_ms_max=211.088 samples=10 lidar_buffer=0 imu_buffer=61
[fastlio_mapping-1] FAST_LIO_OUTPUT_TIMING age_ms_avg=187.502 age_ms_max=222.108 samples=10
[fastlio_mapping-1] FAST_LIO_INPUT_TIMING age_ms_avg=125.885 age_ms_max=142.511 samples=10 lidar_buffer=0 imu_buffer=47
[fastlio_mapping-1] FAST_LIO_OUTPUT_TIMING age_ms_avg=140.441 age_ms_max=157.739 samples=10
[fastlio_mapping-1] FAST_LIO_INPUT_TIMING age_ms_avg=153.198 age_ms_max=169.208 samples=10 lidar_buffer=0 imu_buffer=52
[fastlio_mapping-1] FAST_LIO_OUTPUT_TIMING age_ms_avg=166.899 age_ms_max=187.656 samples=10
[fastlio_mapping-1] FAST_LIO_INPUT_TIMING age_ms_avg=183.544 age_ms_max=192.654 samples=10 lidar_buffer=0 imu_buffer=57
[fastlio_mapping-1] FAST_LIO_OUTPUT_TIMING age_ms_avg=196.763 age_ms_max=208.103 samples=10
[fastlio_mapping-1] FAST_LIO_INPUT_TIMING age_ms_avg=152.148 age_ms_max=209.933 samples=10 lidar_buffer=0 imu_buffer=44
[fastlio_mapping-1] FAST_LIO_OUTPUT_TIMING age_ms_avg=148.781 age_ms_max=220.635 samples=10
[fastlio_mapping-1] FAST_LIO_INPUT_TIMING age_ms_avg=139.748 age_ms_max=149.02 samples=10 lidar_buffer=0 imu_buffer=49
[fastlio_mapping-1] FAST_LIO_OUTPUT_TIMING age_ms_avg=153.199 age_ms_max=161.645 samples=10
[fastlio_mapping-1] FAST_LIO_INPUT_TIMING age_ms_avg=165.392 age_ms_max=179.947 samples=10 lidar_buffer=0 imu_buffer=54
[fastlio_mapping-1] FAST_LIO_OUTPUT_TIMING age_ms_avg=180.752 age_ms_max=193.328 samples=10
[fastlio_mapping-1] FAST_LIO_INPUT_TIMING age_ms_avg=192.146 age_ms_max=199.694 samples=10 lidar_buffer=0 imu_buffer=58
[fastlio_mapping-1] FAST_LIO_OUTPUT_TIMING age_ms_avg=206.426 age_ms_max=214.125 samples=10
[fastlio_mapping-1] FAST_LIO_INPUT_TIMING age_ms_avg=138.04 age_ms_max=206.794 samples=10 lidar_buffer=0 imu_buffer=45
[fastlio_mapping-1] FAST_LIO_OUTPUT_TIMING age_ms_avg=133.044 age_ms_max=142.995 samples=10
[fastlio_mapping-1] FAST_LIO_INPUT_TIMING age_ms_avg=147.364 age_ms_max=161.623 samples=10 lidar_buffer=0 imu_buffer=50
[fastlio_mapping-1] FAST_LIO_OUTPUT_TIMING age_ms_avg=162.921 age_ms_max=175.455 samples=10
[fastlio_mapping-1] FAST_LIO_INPUT_TIMING age_ms_avg=174.647 age_ms_max=188.589 samples=10 lidar_buffer=0 imu_buffer=55
[fastlio_mapping-1] FAST_LIO_OUTPUT_TIMING age_ms_avg=188.491 age_ms_max=199.377 samples=10
[fastlio_mapping-1] FAST_LIO_INPUT_TIMING age_ms_avg=181.1 age_ms_max=209.598 samples=10 lidar_buffer=0 imu_buffer=41
[fastlio_mapping-1] FAST_LIO_OUTPUT_TIMING age_ms_avg=176.824 age_ms_max=220.306 samples=10
[fastlio_mapping-1] FAST_LIO_INPUT_TIMING age_ms_avg=127.528 age_ms_max=142.736 samples=10 lidar_buffer=0 imu_buffer=47
[fastlio_mapping-1] FAST_LIO_OUTPUT_TIMING age_ms_avg=143.398 age_ms_max=159.072 samples=10
[fastlio_mapping-1] FAST_LIO_INPUT_TIMING age_ms_avg=153.967 age_ms_max=162.859 samples=10 lidar_buffer=0 imu_buffer=51
[fastlio_mapping-1] FAST_LIO_OUTPUT_TIMING age_ms_avg=167.705 age_ms_max=184.657 samples=10
[fastlio_mapping-1] FAST_LIO_INPUT_TIMING age_ms_avg=180.735 age_ms_max=194.29 samples=10 lidar_buffer=0 imu_buffer=57
[fastlio_mapping-1] FAST_LIO_OUTPUT_TIMING age_ms_avg=195.938 age_ms_max=211.342 samples=10
[fastlio_mapping-1] FAST_LIO_INPUT_TIMING age_ms_avg=166.673 age_ms_max=207.453 samples=10 lidar_buffer=0 imu_buffer=42
[fastlio_mapping-1] FAST_LIO_OUTPUT_TIMING age_ms_avg=161.123 age_ms_max=215.591 samples=10
[fastlio_mapping-1] FAST_LIO_INPUT_TIMING age_ms_avg=133.128 age_ms_max=145.761 samples=10 lidar_buffer=0 imu_buffer=47
[fastlio_mapping-1] FAST_LIO_OUTPUT_TIMING age_ms_avg=147.464 age_ms_max=165.745 samples=10
[fastlio_mapping-1] FAST_LIO_INPUT_TIMING age_ms_avg=163.712 age_ms_max=173.26 samples=10 lidar_buffer=0 imu_buffer=54
[fastlio_mapping-1] FAST_LIO_OUTPUT_TIMING age_ms_avg=180.164 age_ms_max=191.841 samples=10
[fastlio_mapping-1] FAST_LIO_INPUT_TIMING age_ms_avg=186.709 age_ms_max=199.078 samples=10 lidar_buffer=0 imu_buffer=59
[fastlio_mapping-1] FAST_LIO_OUTPUT_TIMING age_ms_avg=201.037 age_ms_max=221.663 samples=10
[fastlio_mapping-1] FAST_LIO_INPUT_TIMING age_ms_avg=139.3 age_ms_max=210.674 samples=10 lidar_buffer=0 imu_buffer=44
[fastlio_mapping-1] FAST_LIO_OUTPUT_TIMING age_ms_avg=132.107 age_ms_max=138.017 samples=10
[fastlio_mapping-1] FAST_LIO_INPUT_TIMING age_ms_avg=143.004 age_ms_max=151.808 samples=10 lidar_buffer=0 imu_buffer=50
[fastlio_mapping-1] FAST_LIO_OUTPUT_TIMING age_ms_avg=156.777 age_ms_max=163.802 samples=10
[fastlio_mapping-1] FAST_LIO_INPUT_TIMING age_ms_avg=168.854 age_ms_max=179.037 samples=10 lidar_buffer=0 imu_buffer=55
[fastlio_mapping-1] FAST_LIO_OUTPUT_TIMING age_ms_avg=182.067 age_ms_max=190.685 samples=10
[fastlio_mapping-1] FAST_LIO_INPUT_TIMING age_ms_avg=194.682 age_ms_max=208.382 samples=10 lidar_buffer=0 imu_buffer=60
[fastlio_mapping-1] FAST_LIO_OUTPUT_TIMING age_ms_avg=187.104 age_ms_max=219.244 samples=10
[fastlio_mapping-1] FAST_LIO_INPUT_TIMING age_ms_avg=122.837 age_ms_max=133.116 samples=10 lidar_buffer=0 imu_buffer=46
[fastlio_mapping-1] FAST_LIO_OUTPUT_TIMING age_ms_avg=136.347 age_ms_max=144.624 samples=10
[fastlio_mapping-1] FAST_LIO_INPUT_TIMING age_ms_avg=151.663 age_ms_max=164.26 samples=10 lidar_buffer=0 imu_buffer=51
[fastlio_mapping-1] FAST_LIO_OUTPUT_TIMING age_ms_avg=166.188 age_ms_max=177.34 samples=10
[fastlio_mapping-1] FAST_LIO_INPUT_TIMING age_ms_avg=180.763 age_ms_max=195.257 samples=10 lidar_buffer=0 imu_buffer=57
[fastlio_mapping-1] FAST_LIO_OUTPUT_TIMING age_ms_avg=195.616 age_ms_max=206.29 samples=10
[fastlio_mapping-1] FAST_LIO_INPUT_TIMING age_ms_avg=164.637 age_ms_max=208.201 samples=10 lidar_buffer=0 imu_buffer=43
[fastlio_mapping-1] FAST_LIO_OUTPUT_TIMING age_ms_avg=159.805 age_ms_max=219.121 samples=10
[fastlio_mapping-1] FAST_LIO_INPUT_TIMING age_ms_avg=135.772 age_ms_max=149.147 samples=10 lidar_buffer=0 imu_buffer=48
[fastlio_mapping-1] FAST_LIO_OUTPUT_TIMING age_ms_avg=149.078 age_ms_max=160.024 samples=10
[fastlio_mapping-1] FAST_LIO_INPUT_TIMING age_ms_avg=160.858 age_ms_max=176.425 samples=10 lidar_buffer=0 imu_buffer=53
[fastlio_mapping-1] FAST_LIO_OUTPUT_TIMING age_ms_avg=176.282 age_ms_max=192.48 samples=10
[fastlio_mapping-1] FAST_LIO_INPUT_TIMING age_ms_avg=187.967 age_ms_max=201.646 samples=10 lidar_buffer=0 imu_buffer=58
[fastlio_mapping-1] FAST_LIO_OUTPUT_TIMING age_ms_avg=200.227 age_ms_max=212.458 samples=10
[fastlio_mapping-1] FAST_LIO_INPUT_TIMING age_ms_avg=142.576 age_ms_max=208.793 samples=10 lidar_buffer=0 imu_buffer=44
[fastlio_mapping-1] FAST_LIO_OUTPUT_TIMING age_ms_avg=137.981 age_ms_max=219.769 samples=10
[fastlio_mapping-1] FAST_LIO_INPUT_TIMING age_ms_avg=137.096 age_ms_max=153.543 samples=10 lidar_buffer=0 imu_buffer=49
[fastlio_mapping-1] FAST_LIO_OUTPUT_TIMING age_ms_avg=151.531 age_ms_max=169.063 samples=10
[fastlio_mapping-1] FAST_LIO_INPUT_TIMING age_ms_avg=166.587 age_ms_max=178.65 samples=10 lidar_buffer=0 imu_buffer=53
[fastlio_mapping-1] FAST_LIO_OUTPUT_TIMING age_ms_avg=182.07 age_ms_max=195.027 samples=10
[fastlio_mapping-1] FAST_LIO_INPUT_TIMING age_ms_avg=192.211 age_ms_max=204.456 samples=10 lidar_buffer=0 imu_buffer=59
[fastlio_mapping-1] FAST_LIO_OUTPUT_TIMING age_ms_avg=207.289 age_ms_max=221.679 samples=10
[fastlio_mapping-1] FAST_LIO_INPUT_TIMING age_ms_avg=137.339 age_ms_max=210.877 samples=10 lidar_buffer=0 imu_buffer=45
[fastlio_mapping-1] FAST_LIO_OUTPUT_TIMING age_ms_avg=130.578 age_ms_max=150.059 samples=10
[fastlio_mapping-1] FAST_LIO_INPUT_TIMING age_ms_avg=145.16 age_ms_max=161.638 samples=10 lidar_buffer=0 imu_buffer=50
[fastlio_mapping-1] FAST_LIO_OUTPUT_TIMING age_ms_avg=159.895 age_ms_max=176.42 samples=10
[fastlio_mapping-1] FAST_LIO_INPUT_TIMING age_ms_avg=172.467 age_ms_max=180.655 samples=10 lidar_buffer=0 imu_buffer=56
[fastlio_mapping-1] FAST_LIO_OUTPUT_TIMING age_ms_avg=187.171 age_ms_max=202.163 samples=10
[fastlio_mapping-1] FAST_LIO_INPUT_TIMING age_ms_avg=187.907 age_ms_max=205.003 samples=10 lidar_buffer=0 imu_buffer=61
[fastlio_mapping-1] FAST_LIO_OUTPUT_TIMING age_ms_avg=181.65 age_ms_max=213.281 samples=10
[fastlio_mapping-1] FAST_LIO_INPUT_TIMING age_ms_avg=128.329 age_ms_max=142.524 samples=10 lidar_buffer=0 imu_buffer=47
[fastlio_mapping-1] FAST_LIO_OUTPUT_TIMING age_ms_avg=144.818 age_ms_max=157.346 samples=10
[fastlio_mapping-1] FAST_LIO_INPUT_TIMING age_ms_avg=153.37 age_ms_max=163.63 samples=10 lidar_buffer=0 imu_buffer=52
[fastlio_mapping-1] FAST_LIO_OUTPUT_TIMING age_ms_avg=167.707 age_ms_max=182.08 samples=10
[fastlio_mapping-1] FAST_LIO_INPUT_TIMING age_ms_avg=177.152 age_ms_max=187.517 samples=10 lidar_buffer=0 imu_buffer=57
[fastlio_mapping-1] FAST_LIO_OUTPUT_TIMING age_ms_avg=190.542 age_ms_max=201.435 samples=10
[fastlio_mapping-1] FAST_LIO_INPUT_TIMING age_ms_avg=163.464 age_ms_max=203.843 samples=10 lidar_buffer=0 imu_buffer=42
[fastlio_mapping-1] FAST_LIO_OUTPUT_TIMING age_ms_avg=158.808 age_ms_max=214.751 samples=10
[fastlio_mapping-1] FAST_LIO_INPUT_TIMING age_ms_avg=134.292 age_ms_max=147.625 samples=10 lidar_buffer=0 imu_buffer=48
[fastlio_mapping-1] FAST_LIO_OUTPUT_TIMING age_ms_avg=149.67 age_ms_max=164.019 samples=10
[fastlio_mapping-1] FAST_LIO_INPUT_TIMING age_ms_avg=159.407 age_ms_max=167.583 samples=10 lidar_buffer=0 imu_buffer=53
[fastlio_mapping-1] FAST_LIO_OUTPUT_TIMING age_ms_avg=172.23 age_ms_max=181.145 samples=10
[fastlio_mapping-1] FAST_LIO_INPUT_TIMING age_ms_avg=185.732 age_ms_max=199.06 samples=10 lidar_buffer=0 imu_buffer=58
[fastlio_mapping-1] FAST_LIO_OUTPUT_TIMING age_ms_avg=200.601 age_ms_max=217.608 samples=10
[fastlio_mapping-1] FAST_LIO_INPUT_TIMING age_ms_avg=144.958 age_ms_max=209.208 samples=10 lidar_buffer=0 imu_buffer=43
[fastlio_mapping-1] FAST_LIO_OUTPUT_TIMING age_ms_avg=140.006 age_ms_max=220.243 samples=10
[fastlio_mapping-1] FAST_LIO_INPUT_TIMING age_ms_avg=140.31 age_ms_max=155.37 samples=10 lidar_buffer=0 imu_buffer=49
[fastlio_mapping-1] FAST_LIO_OUTPUT_TIMING age_ms_avg=155.256 age_ms_max=169.825 samples=10
[fastlio_mapping-1] FAST_LIO_INPUT_TIMING age_ms_avg=165.776 age_ms_max=180.751 samples=10 lidar_buffer=0 imu_buffer=54
[fastlio_mapping-1] FAST_LIO_OUTPUT_TIMING age_ms_avg=180.142 age_ms_max=196.696 samples=10
[fastlio_mapping-1] FAST_LIO_INPUT_TIMING age_ms_avg=193.15 age_ms_max=201.093 samples=10 lidar_buffer=0 imu_buffer=59
[fastlio_mapping-1] FAST_LIO_OUTPUT_TIMING age_ms_avg=195.416 age_ms_max=211.976 samples=10
[fastlio_mapping-1] FAST_LIO_INPUT_TIMING age_ms_avg=127.528 age_ms_max=202.902 samples=10 lidar_buffer=0 imu_buffer=45
[fastlio_mapping-1] FAST_LIO_OUTPUT_TIMING age_ms_avg=132.738 age_ms_max=149.779 samples=10
[fastlio_mapping-1] FAST_LIO_INPUT_TIMING age_ms_avg=144.57 age_ms_max=160.514 samples=10 lidar_buffer=0 imu_buffer=51
[fastlio_mapping-1] FAST_LIO_OUTPUT_TIMING age_ms_avg=159.148 age_ms_max=175.727 samples=10
[fastlio_mapping-1] FAST_LIO_INPUT_TIMING age_ms_avg=173.149 age_ms_max=184.645 samples=10 lidar_buffer=0 imu_buffer=55
[fastlio_mapping-1] FAST_LIO_OUTPUT_TIMING age_ms_avg=186.115 age_ms_max=201.698 samples=10
[fastlio_mapping-1] FAST_LIO_INPUT_TIMING age_ms_avg=176.442 age_ms_max=201.906 samples=10 lidar_buffer=0 imu_buffer=41
[fastlio_mapping-1] FAST_LIO_OUTPUT_TIMING age_ms_avg=169.516 age_ms_max=207.869 samples=10
[fastlio_mapping-1] FAST_LIO_INPUT_TIMING age_ms_avg=123.895 age_ms_max=137.071 samples=8 lidar_buffer=0 imu_buffer=86
[fastlio_mapping-1] FAST_LIO_OUTPUT_TIMING age_ms_avg=140.498 age_ms_max=158.649 samples=8
[fastlio_mapping-1] FAST_LIO_INPUT_TIMING age_ms_avg=155.723 age_ms_max=169.061 samples=10 lidar_buffer=0 imu_buffer=52
[fastlio_mapping-1] FAST_LIO_OUTPUT_TIMING age_ms_avg=170.059 age_ms_max=182.657 samples=10
[fastlio_mapping-1] FAST_LIO_INPUT_TIMING age_ms_avg=181.825 age_ms_max=197.783 samples=10 lidar_buffer=0 imu_buffer=58
[fastlio_mapping-1] FAST_LIO_OUTPUT_TIMING age_ms_avg=196.047 age_ms_max=210.329 samples=10
[fastlio_mapping-1] FAST_LIO_INPUT_TIMING age_ms_avg=157.818 age_ms_max=210.057 samples=10 lidar_buffer=0 imu_buffer=43
[fastlio_mapping-1] FAST_LIO_OUTPUT_TIMING age_ms_avg=150.877 age_ms_max=221.023 samples=10
[fastlio_mapping-1] FAST_LIO_INPUT_TIMING age_ms_avg=136.797 age_ms_max=146.153 samples=10 lidar_buffer=0 imu_buffer=48
[fastlio_mapping-1] FAST_LIO_OUTPUT_TIMING age_ms_avg=150.843 age_ms_max=157.405 samples=10
[fastlio_mapping-1] FAST_LIO_INPUT_TIMING age_ms_avg=162.913 age_ms_max=178.702 samples=10 lidar_buffer=0 imu_buffer=54
[fastlio_mapping-1] FAST_LIO_OUTPUT_TIMING age_ms_avg=177.59 age_ms_max=190.248 samples=10
[fastlio_mapping-1] FAST_LIO_INPUT_TIMING age_ms_avg=190.994 age_ms_max=202.182 samples=10 lidar_buffer=0 imu_buffer=59
[fastlio_mapping-1] FAST_LIO_OUTPUT_TIMING age_ms_avg=205.192 age_ms_max=213.189 samples=10
[fastlio_mapping-1] FAST_LIO_INPUT_TIMING age_ms_avg=138.549 age_ms_max=205.621 samples=10 lidar_buffer=0 imu_buffer=44
[fastlio_mapping-1] FAST_LIO_OUTPUT_TIMING age_ms_avg=133.786 age_ms_max=150.024 samples=10
[fastlio_mapping-1] FAST_LIO_INPUT_TIMING age_ms_avg=147.541 age_ms_max=160.862 samples=10 lidar_buffer=0 imu_buffer=50
[fastlio_mapping-1] FAST_LIO_OUTPUT_TIMING age_ms_avg=162.777 age_ms_max=175.006 samples=10
[fastlio_mapping-1] FAST_LIO_INPUT_TIMING age_ms_avg=171.347 age_ms_max=180.945 samples=10 lidar_buffer=0 imu_buffer=55
[fastlio_mapping-1] FAST_LIO_OUTPUT_TIMING age_ms_avg=185.637 age_ms_max=194.481 samples=10
[fastlio_mapping-1] FAST_LIO_INPUT_TIMING age_ms_avg=187.367 age_ms_max=209.771 samples=10 lidar_buffer=0 imu_buffer=60
[fastlio_mapping-1] FAST_LIO_OUTPUT_TIMING age_ms_avg=183.39 age_ms_max=223.408 samples=10
[fastlio_mapping-1] FAST_LIO_INPUT_TIMING age_ms_avg=123.882 age_ms_max=132.72 samples=10 lidar_buffer=0 imu_buffer=46
[fastlio_mapping-1] FAST_LIO_OUTPUT_TIMING age_ms_avg=138.093 age_ms_max=156.318 samples=10
[fastlio_mapping-1] FAST_LIO_INPUT_TIMING age_ms_avg=152.658 age_ms_max=163.072 samples=10 lidar_buffer=0 imu_buffer=51
[fastlio_mapping-1] FAST_LIO_OUTPUT_TIMING age_ms_avg=167.901 age_ms_max=182.175 samples=10
[fastlio_mapping-1] FAST_LIO_INPUT_TIMING age_ms_avg=177.245 age_ms_max=187.935 samples=10 lidar_buffer=0 imu_buffer=57
[fastlio_mapping-1] FAST_LIO_OUTPUT_TIMING age_ms_avg=188.286 age_ms_max=203.158 samples=9
[fastlio_mapping-1] FAST_LIO_INPUT_TIMING age_ms_avg=155.995 age_ms_max=204.243 samples=8 lidar_buffer=0 imu_buffer=43
[fastlio_mapping-1] FAST_LIO_OUTPUT_TIMING age_ms_avg=148.586 age_ms_max=210.173 samples=10
[fastlio_mapping-1] FAST_LIO_INPUT_TIMING age_ms_avg=133.673 age_ms_max=146.52 samples=10 lidar_buffer=0 imu_buffer=48
[fastlio_mapping-1] FAST_LIO_OUTPUT_TIMING age_ms_avg=153.202 age_ms_max=164.755 samples=10
[fastlio_mapping-1] FAST_LIO_INPUT_TIMING age_ms_avg=158.759 age_ms_max=179.671 samples=10 lidar_buffer=0 imu_buffer=94
[fastlio_mapping-1] FAST_LIO_OUTPUT_TIMING age_ms_avg=173.584 age_ms_max=193.219 samples=8
[fastlio_mapping-1] FAST_LIO_INPUT_TIMING age_ms_avg=190.477 age_ms_max=206.586 samples=10 lidar_buffer=0 imu_buffer=60
[fastlio_mapping-1] FAST_LIO_OUTPUT_TIMING age_ms_avg=201.577 age_ms_max=220.44 samples=10
[fastlio_mapping-1] FAST_LIO_INPUT_TIMING age_ms_avg=127.425 age_ms_max=209.413 samples=10 lidar_buffer=0 imu_buffer=45
[fastlio_mapping-1] FAST_LIO_OUTPUT_TIMING age_ms_avg=127.816 age_ms_max=147.213 samples=10
[fastlio_mapping-1] FAST_LIO_INPUT_TIMING age_ms_avg=144.697 age_ms_max=154.472 samples=10 lidar_buffer=0 imu_buffer=50
[fastlio_mapping-1] FAST_LIO_OUTPUT_TIMING age_ms_avg=155.367 age_ms_max=165.783 samples=10
[fastlio_mapping-1] FAST_LIO_INPUT_TIMING age_ms_avg=169.614 age_ms_max=180.198 samples=10 lidar_buffer=0 imu_buffer=56
[fastlio_mapping-1] FAST_LIO_OUTPUT_TIMING age_ms_avg=179.484 age_ms_max=188.478 samples=10
[fastlio_mapping-1] FAST_LIO_INPUT_TIMING age_ms_avg=188.065 age_ms_max=206.647 samples=10 lidar_buffer=0 imu_buffer=61
[fastlio_mapping-1] FAST_LIO_OUTPUT_TIMING age_ms_avg=191.364 age_ms_max=218.056 samples=10
[fastlio_mapping-1] FAST_LIO_INPUT_TIMING age_ms_avg=125.216 age_ms_max=134.753 samples=10 lidar_buffer=0 imu_buffer=46
[fastlio_mapping-1] FAST_LIO_OUTPUT_TIMING age_ms_avg=136.782 age_ms_max=143.999 samples=10
[fastlio_mapping-1] FAST_LIO_INPUT_TIMING age_ms_avg=150.059 age_ms_max=160.095 samples=10 lidar_buffer=0 imu_buffer=52
[fastlio_mapping-1] FAST_LIO_OUTPUT_TIMING age_ms_avg=160.306 age_ms_max=169.461 samples=10
[fastlio_mapping-1] FAST_LIO_INPUT_TIMING age_ms_avg=176.173 age_ms_max=186.811 samples=10 lidar_buffer=0 imu_buffer=57
[fastlio_mapping-1] FAST_LIO_OUTPUT_TIMING age_ms_avg=186.857 age_ms_max=196.037 samples=10
[fastlio_mapping-1] FAST_LIO_INPUT_TIMING age_ms_avg=163.412 age_ms_max=209.207 samples=10 lidar_buffer=0 imu_buffer=42
[fastlio_mapping-1] FAST_LIO_OUTPUT_TIMING age_ms_avg=164.224 age_ms_max=220.03 samples=10
[fastlio_mapping-1] FAST_LIO_INPUT_TIMING age_ms_avg=134.059 age_ms_max=148.587 samples=10 lidar_buffer=0 imu_buffer=48
[fastlio_mapping-1] FAST_LIO_OUTPUT_TIMING age_ms_avg=146.795 age_ms_max=162.807 samples=10
[fastlio_mapping-1] FAST_LIO_INPUT_TIMING age_ms_avg=160.436 age_ms_max=170.324 samples=10 lidar_buffer=0 imu_buffer=54
[fastlio_mapping-1] FAST_LIO_OUTPUT_TIMING age_ms_avg=170.549 age_ms_max=179.35 samples=10
[fastlio_mapping-1] FAST_LIO_INPUT_TIMING age_ms_avg=188.163 age_ms_max=198.148 samples=10 lidar_buffer=0 imu_buffer=59
[fastlio_mapping-1] FAST_LIO_OUTPUT_TIMING age_ms_avg=199.158 age_ms_max=209.453 samples=10
[fastlio_mapping-1] FAST_LIO_INPUT_TIMING age_ms_avg=135.774 age_ms_max=203.497 samples=10 lidar_buffer=0 imu_buffer=45
[fastlio_mapping-1] FAST_LIO_OUTPUT_TIMING age_ms_avg=138.091 age_ms_max=216.342 samples=10
[fastlio_mapping-1] FAST_LIO_INPUT_TIMING age_ms_avg=144.877 age_ms_max=157.902 samples=10 lidar_buffer=0 imu_buffer=50
[fastlio_mapping-1] FAST_LIO_OUTPUT_TIMING age_ms_avg=156.073 age_ms_max=168.689 samples=10
[fastlio_mapping-1] FAST_LIO_INPUT_TIMING age_ms_avg=169.931 age_ms_max=185.233 samples=10 lidar_buffer=0 imu_buffer=55
[fastlio_mapping-1] FAST_LIO_OUTPUT_TIMING age_ms_avg=182.311 age_ms_max=198.897 samples=10
[fastlio_mapping-1] FAST_LIO_INPUT_TIMING age_ms_avg=176.899 age_ms_max=201.638 samples=10 lidar_buffer=0 imu_buffer=41
[fastlio_mapping-1] FAST_LIO_OUTPUT_TIMING age_ms_avg=177.091 age_ms_max=207.511 samples=10
[fastlio_mapping-1] FAST_LIO_INPUT_TIMING age_ms_avg=123.917 age_ms_max=133.093 samples=10 lidar_buffer=0 imu_buffer=46
[fastlio_mapping-1] FAST_LIO_OUTPUT_TIMING age_ms_avg=136.782 age_ms_max=152.826 samples=10
[fastlio_mapping-1] FAST_LIO_INPUT_TIMING age_ms_avg=149.432 age_ms_max=160.157 samples=10 lidar_buffer=0 imu_buffer=51
[fastlio_mapping-1] FAST_LIO_OUTPUT_TIMING age_ms_avg=158.346 age_ms_max=170.39 samples=10
[fastlio_mapping-1] FAST_LIO_INPUT_TIMING age_ms_avg=175.465 age_ms_max=189.604 samples=10 lidar_buffer=0 imu_buffer=57
[fastlio_mapping-1] FAST_LIO_OUTPUT_TIMING age_ms_avg=185.663 age_ms_max=198.607 samples=10
[fastlio_mapping-1] FAST_LIO_INPUT_TIMING age_ms_avg=158.845 age_ms_max=209.249 samples=10 lidar_buffer=0 imu_buffer=43
[fastlio_mapping-1] FAST_LIO_OUTPUT_TIMING age_ms_avg=161.002 age_ms_max=220.217 samples=10
[fastlio_mapping-1] FAST_LIO_INPUT_TIMING age_ms_avg=133.446 age_ms_max=147.507 samples=10 lidar_buffer=0 imu_buffer=48
[fastlio_mapping-1] FAST_LIO_OUTPUT_TIMING age_ms_avg=146.281 age_ms_max=162.146 samples=10
[fastlio_mapping-1] FAST_LIO_INPUT_TIMING age_ms_avg=159.786 age_ms_max=169.441 samples=10 lidar_buffer=0 imu_buffer=53
[fastlio_mapping-1] FAST_LIO_OUTPUT_TIMING age_ms_avg=170.857 age_ms_max=183.276 samples=10
[fastlio_mapping-1] FAST_LIO_INPUT_TIMING age_ms_avg=186.869 age_ms_max=201.761 samples=10 lidar_buffer=0 imu_buffer=58
[fastlio_mapping-1] FAST_LIO_OUTPUT_TIMING age_ms_avg=198.851 age_ms_max=215.135 samples=10
[fastlio_mapping-1] FAST_LIO_INPUT_TIMING age_ms_avg=141.866 age_ms_max=204.098 samples=10 lidar_buffer=0 imu_buffer=44
[fastlio_mapping-1] FAST_LIO_OUTPUT_TIMING age_ms_avg=142.451 age_ms_max=208.676 samples=10
[fastlio_mapping-1] FAST_LIO_INPUT_TIMING age_ms_avg=139.458 age_ms_max=149.269 samples=10 lidar_buffer=0 imu_buffer=49
[fastlio_mapping-1] FAST_LIO_OUTPUT_TIMING age_ms_avg=149.554 age_ms_max=157.446 samples=10
[fastlio_mapping-1] FAST_LIO_INPUT_TIMING age_ms_avg=166.993 age_ms_max=182.461 samples=10 lidar_buffer=0 imu_buffer=54
[fastlio_mapping-1] FAST_LIO_OUTPUT_TIMING age_ms_avg=179.298 age_ms_max=196.295 samples=10
[fastlio_mapping-1] FAST_LIO_INPUT_TIMING age_ms_avg=197.116 age_ms_max=208.665 samples=10 lidar_buffer=0 imu_buffer=60
[fastlio_mapping-1] FAST_LIO_OUTPUT_TIMING age_ms_avg=200.757 age_ms_max=219.61 samples=10
[fastlio_mapping-1] FAST_LIO_INPUT_TIMING age_ms_avg=121.765 age_ms_max=132.249 samples=10 lidar_buffer=0 imu_buffer=45
[fastlio_mapping-1] FAST_LIO_OUTPUT_TIMING age_ms_avg=132.977 age_ms_max=143.249 samples=10
[fastlio_mapping-1] FAST_LIO_INPUT_TIMING age_ms_avg=147.39 age_ms_max=160.646 samples=10 lidar_buffer=0 imu_buffer=50
[fastlio_mapping-1] FAST_LIO_OUTPUT_TIMING age_ms_avg=159.186 age_ms_max=171.706 samples=10
[fastlio_mapping-1] FAST_LIO_INPUT_TIMING age_ms_avg=171.001 age_ms_max=181.669 samples=10 lidar_buffer=0 imu_buffer=56
[fastlio_mapping-1] FAST_LIO_OUTPUT_TIMING age_ms_avg=181.466 age_ms_max=191.231 samples=10
[fastlio_mapping-1] FAST_LIO_INPUT_TIMING age_ms_avg=177.677 age_ms_max=203.104 samples=10 lidar_buffer=0 imu_buffer=41
[fastlio_mapping-1] FAST_LIO_OUTPUT_TIMING age_ms_avg=178.787 age_ms_max=211.663 samples=10
[fastlio_mapping-1] FAST_LIO_INPUT_TIMING age_ms_avg=125.177 age_ms_max=142.291 samples=10 lidar_buffer=0 imu_buffer=46
[fastlio_mapping-1] FAST_LIO_OUTPUT_TIMING age_ms_avg=135.433 age_ms_max=154.698 samples=10
[fastlio_mapping-1] FAST_LIO_INPUT_TIMING age_ms_avg=153.694 age_ms_max=168.1 samples=10 lidar_buffer=0 imu_buffer=52
[fastlio_mapping-1] FAST_LIO_OUTPUT_TIMING age_ms_avg=165.184 age_ms_max=181.957 samples=10
[fastlio_mapping-1] FAST_LIO_INPUT_TIMING age_ms_avg=180.512 age_ms_max=188.49 samples=10 lidar_buffer=0 imu_buffer=57
[fastlio_mapping-1] FAST_LIO_OUTPUT_TIMING age_ms_avg=192.175 age_ms_max=199.682 samples=10
[fastlio_mapping-1] FAST_LIO_INPUT_TIMING age_ms_avg=163.668 age_ms_max=203.847 samples=10 lidar_buffer=0 imu_buffer=42
[fastlio_mapping-1] FAST_LIO_OUTPUT_TIMING age_ms_avg=165.976 age_ms_max=214.394 samples=10
[fastlio_mapping-1] FAST_LIO_INPUT_TIMING age_ms_avg=131.907 age_ms_max=145.403 samples=10 lidar_buffer=0 imu_buffer=48
[fastlio_mapping-1] FAST_LIO_OUTPUT_TIMING age_ms_avg=143.592 age_ms_max=161.706 samples=10
[fastlio_mapping-1] FAST_LIO_INPUT_TIMING age_ms_avg=159.999 age_ms_max=169.616 samples=10 lidar_buffer=0 imu_buffer=53
[fastlio_mapping-1] FAST_LIO_OUTPUT_TIMING age_ms_avg=171.282 age_ms_max=189.67 samples=10
[fastlio_mapping-1] FAST_LIO_INPUT_TIMING age_ms_avg=186.956 age_ms_max=197.478 samples=10 lidar_buffer=0 imu_buffer=58
[fastlio_mapping-1] FAST_LIO_OUTPUT_TIMING age_ms_avg=196.435 age_ms_max=206.12 samples=10
[fastlio_mapping-1] FAST_LIO_INPUT_TIMING age_ms_avg=137.255 age_ms_max=208.673 samples=10 lidar_buffer=0 imu_buffer=44
[fastlio_mapping-1] FAST_LIO_OUTPUT_TIMING age_ms_avg=141.189 age_ms_max=219.699 samples=10
[fastlio_mapping-1] FAST_LIO_INPUT_TIMING age_ms_avg=141.269 age_ms_max=150.803 samples=8 lidar_buffer=0 imu_buffer=49
[fastlio_mapping-1] FAST_LIO_OUTPUT_TIMING age_ms_avg=150.396 age_ms_max=159.278 samples=8
[fastlio_mapping-1] FAST_LIO_INPUT_TIMING age_ms_avg=165.14 age_ms_max=177.469 samples=10 lidar_buffer=0 imu_buffer=55
[fastlio_mapping-1] FAST_LIO_OUTPUT_TIMING age_ms_avg=174.455 age_ms_max=185.707 samples=10
[fastlio_mapping-1] FAST_LIO_INPUT_TIMING age_ms_avg=192.005 age_ms_max=202.129 samples=10 lidar_buffer=0 imu_buffer=60
[fastlio_mapping-1] FAST_LIO_OUTPUT_TIMING age_ms_avg=192.094 age_ms_max=208.155 samples=10
[fastlio_mapping-1] FAST_LIO_INPUT_TIMING age_ms_avg=119.216 age_ms_max=129.148 samples=10 lidar_buffer=0 imu_buffer=45
[fastlio_mapping-1] FAST_LIO_OUTPUT_TIMING age_ms_avg=129.972 age_ms_max=138.298 samples=10
[fastlio_mapping-1] FAST_LIO_INPUT_TIMING age_ms_avg=146.078 age_ms_max=155.245 samples=10 lidar_buffer=0 imu_buffer=50
[fastlio_mapping-1] FAST_LIO_OUTPUT_TIMING age_ms_avg=157.691 age_ms_max=164.145 samples=10
[fastlio_mapping-1] FAST_LIO_INPUT_TIMING age_ms_avg=172.811 age_ms_max=183.635 samples=10 lidar_buffer=0 imu_buffer=57
[fastlio_mapping-1] FAST_LIO_OUTPUT_TIMING age_ms_avg=184.967 age_ms_max=203.362 samples=10
[fastlio_mapping-1] FAST_LIO_INPUT_TIMING age_ms_avg=171.559 age_ms_max=202.764 samples=10 lidar_buffer=0 imu_buffer=42
[fastlio_mapping-1] FAST_LIO_OUTPUT_TIMING age_ms_avg=172.677 age_ms_max=211.801 samples=10
[fastlio_mapping-1] FAST_LIO_INPUT_TIMING age_ms_avg=130.037 age_ms_max=143.777 samples=10 lidar_buffer=0 imu_buffer=47
[fastlio_mapping-1] FAST_LIO_OUTPUT_TIMING age_ms_avg=143.172 age_ms_max=157.351 samples=10
[fastlio_mapping-1] FAST_LIO_INPUT_TIMING age_ms_avg=156.703 age_ms_max=171.108 samples=10 lidar_buffer=0 imu_buffer=53
[fastlio_mapping-1] FAST_LIO_OUTPUT_TIMING age_ms_avg=168.577 age_ms_max=184.569 samples=10
[fastlio_mapping-1] FAST_LIO_INPUT_TIMING age_ms_avg=183.575 age_ms_max=196.516 samples=8 lidar_buffer=0 imu_buffer=58
[fastlio_mapping-1] FAST_LIO_OUTPUT_TIMING age_ms_avg=197.701 age_ms_max=209.458 samples=8
[fastlio_mapping-1] FAST_LIO_INPUT_TIMING age_ms_avg=157.917 age_ms_max=209.383 samples=10 lidar_buffer=0 imu_buffer=43
[fastlio_mapping-1] FAST_LIO_OUTPUT_TIMING age_ms_avg=158.958 age_ms_max=220.268 samples=10
[fastlio_mapping-1] FAST_LIO_INPUT_TIMING age_ms_avg=133.524 age_ms_max=147.311 samples=10 lidar_buffer=0 imu_buffer=48
[fastlio_mapping-1] FAST_LIO_OUTPUT_TIMING age_ms_avg=144.704 age_ms_max=158.178 samples=10
[fastlio_mapping-1] FAST_LIO_INPUT_TIMING age_ms_avg=158.98 age_ms_max=173.015 samples=10 lidar_buffer=0 imu_buffer=53
[fastlio_mapping-1] FAST_LIO_OUTPUT_TIMING age_ms_avg=172.122 age_ms_max=186.229 samples=10
[fastlio_mapping-1] FAST_LIO_INPUT_TIMING age_ms_avg=182.406 age_ms_max=195.271 samples=10 lidar_buffer=0 imu_buffer=58
[fastlio_mapping-1] FAST_LIO_OUTPUT_TIMING age_ms_avg=192.968 age_ms_max=211.602 samples=10
[fastlio_mapping-1] FAST_LIO_INPUT_TIMING age_ms_avg=150.783 age_ms_max=209.002 samples=10 lidar_buffer=0 imu_buffer=43
[fastlio_mapping-1] FAST_LIO_OUTPUT_TIMING age_ms_avg=151.178 age_ms_max=219.37 samples=10
[fastlio_mapping-1] FAST_LIO_INPUT_TIMING age_ms_avg=139.927 age_ms_max=155.002 samples=10 lidar_buffer=0 imu_buffer=49
[fastlio_mapping-1] FAST_LIO_OUTPUT_TIMING age_ms_avg=151.767 age_ms_max=166.215 samples=10
[fastlio_mapping-1] FAST_LIO_INPUT_TIMING age_ms_avg=168.011 age_ms_max=183.759 samples=10 lidar_buffer=0 imu_buffer=55
[fastlio_mapping-1] FAST_LIO_OUTPUT_TIMING age_ms_avg=181.082 age_ms_max=196.6 samples=10
[fastlio_mapping-1] FAST_LIO_INPUT_TIMING age_ms_avg=193.013 age_ms_max=203.488 samples=10 lidar_buffer=0 imu_buffer=60
[fastlio_mapping-1] FAST_LIO_OUTPUT_TIMING age_ms_avg=194.009 age_ms_max=209.715 samples=10
[fastlio_mapping-1] FAST_LIO_INPUT_TIMING age_ms_avg=121.28 age_ms_max=136.41 samples=10 lidar_buffer=0 imu_buffer=46
[fastlio_mapping-1] FAST_LIO_OUTPUT_TIMING age_ms_avg=134.282 age_ms_max=152.211 samples=10
[fastlio_mapping-1] FAST_LIO_INPUT_TIMING age_ms_avg=149.886 age_ms_max=162.959 samples=10 lidar_buffer=0 imu_buffer=51
[fastlio_mapping-1] FAST_LIO_OUTPUT_TIMING age_ms_avg=161.668 age_ms_max=173.726 samples=10
[fastlio_mapping-1] FAST_LIO_INPUT_TIMING age_ms_avg=174.481 age_ms_max=185.439 samples=10 lidar_buffer=0 imu_buffer=56
[fastlio_mapping-1] FAST_LIO_OUTPUT_TIMING age_ms_avg=185.338 age_ms_max=198.088 samples=10
[fastlio_mapping-1] FAST_LIO_INPUT_TIMING age_ms_avg=163.529 age_ms_max=208.204 samples=10 lidar_buffer=0 imu_buffer=43
[fastlio_mapping-1] FAST_LIO_OUTPUT_TIMING age_ms_avg=165.408 age_ms_max=219.3 samples=10
[fastlio_mapping-1] FAST_LIO_INPUT_TIMING age_ms_avg=131.384 age_ms_max=150.342 samples=10 lidar_buffer=0 imu_buffer=88
[fastlio_mapping-1] FAST_LIO_OUTPUT_TIMING age_ms_avg=141.187 age_ms_max=161.309 samples=9
[fastlio_mapping-1] FAST_LIO_INPUT_TIMING age_ms_avg=164.397 age_ms_max=175.136 samples=10 lidar_buffer=0 imu_buffer=54
[fastlio_mapping-1] FAST_LIO_OUTPUT_TIMING age_ms_avg=174.443 age_ms_max=186.198 samples=10
[fastlio_mapping-1] FAST_LIO_INPUT_TIMING age_ms_avg=190.399 age_ms_max=204.402 samples=10 lidar_buffer=0 imu_buffer=59
[fastlio_mapping-1] FAST_LIO_OUTPUT_TIMING age_ms_avg=199.69 age_ms_max=215.871 samples=10
[fastlio_mapping-1] FAST_LIO_INPUT_TIMING age_ms_avg=137.753 age_ms_max=206.901 samples=10 lidar_buffer=0 imu_buffer=44
[fastlio_mapping-1] FAST_LIO_OUTPUT_TIMING age_ms_avg=147.793 age_ms_max=218.185 samples=10
[fastlio_mapping-1] FAST_LIO_INPUT_TIMING age_ms_avg=140.753 age_ms_max=156.083 samples=10 lidar_buffer=0 imu_buffer=50
[fastlio_mapping-1] FAST_LIO_OUTPUT_TIMING age_ms_avg=149.402 age_ms_max=167.257 samples=10
[fastlio_mapping-1] FAST_LIO_INPUT_TIMING age_ms_avg=167.514 age_ms_max=183.721 samples=10 lidar_buffer=0 imu_buffer=55
[fastlio_mapping-1] FAST_LIO_OUTPUT_TIMING age_ms_avg=176.093 age_ms_max=194.44 samples=10
[fastlio_mapping-1] FAST_LIO_INPUT_TIMING age_ms_avg=184.969 age_ms_max=207.803 samples=10 lidar_buffer=0 imu_buffer=60
[fastlio_mapping-1] FAST_LIO_OUTPUT_TIMING age_ms_avg=193.647 age_ms_max=218.824 samples=10
[fastlio_mapping-1] FAST_LIO_INPUT_TIMING age_ms_avg=124.446 age_ms_max=138.077 samples=10 lidar_buffer=0 imu_buffer=45
[fastlio_mapping-1] FAST_LIO_OUTPUT_TIMING age_ms_avg=133.67 age_ms_max=148.996 samples=10
[fastlio_mapping-1] FAST_LIO_INPUT_TIMING age_ms_avg=147.54 age_ms_max=160.209 samples=10 lidar_buffer=0 imu_buffer=52
[fastlio_mapping-1] FAST_LIO_OUTPUT_TIMING age_ms_avg=155.522 age_ms_max=167.79 samples=10
[fastlio_mapping-1] FAST_LIO_INPUT_TIMING age_ms_avg=175.588 age_ms_max=185.832 samples=10 lidar_buffer=0 imu_buffer=56
[fastlio_mapping-1] FAST_LIO_OUTPUT_TIMING age_ms_avg=183.696 age_ms_max=196.88 samples=10
[fastlio_mapping-1] FAST_LIO_INPUT_TIMING age_ms_avg=170.251 age_ms_max=206.026 samples=10 lidar_buffer=0 imu_buffer=41
[fastlio_mapping-1] FAST_LIO_OUTPUT_TIMING age_ms_avg=177.799 age_ms_max=216.691 samples=10
[fastlio_mapping-1] FAST_LIO_INPUT_TIMING age_ms_avg=127.853 age_ms_max=142.943 samples=10 lidar_buffer=0 imu_buffer=47
[fastlio_mapping-1] FAST_LIO_OUTPUT_TIMING age_ms_avg=136.949 age_ms_max=152.539 samples=10
[fastlio_mapping-1] FAST_LIO_INPUT_TIMING age_ms_avg=153.601 age_ms_max=161.181 samples=10 lidar_buffer=0 imu_buffer=52
[fastlio_mapping-1] FAST_LIO_OUTPUT_TIMING age_ms_avg=162.899 age_ms_max=172.05 samples=10
[fastlio_mapping-1] FAST_LIO_INPUT_TIMING age_ms_avg=176.097 age_ms_max=188.051 samples=10 lidar_buffer=0 imu_buffer=57
[fastlio_mapping-1] FAST_LIO_OUTPUT_TIMING age_ms_avg=182.868 age_ms_max=200.534 samples=10
[fastlio_mapping-1] FAST_LIO_INPUT_TIMING age_ms_avg=156.488 age_ms_max=207.45 samples=10 lidar_buffer=0 imu_buffer=43
[fastlio_mapping-1] FAST_LIO_OUTPUT_TIMING age_ms_avg=165.967 age_ms_max=218.444 samples=10
[fastlio_mapping-1] FAST_LIO_INPUT_TIMING age_ms_avg=134.38 age_ms_max=144.375 samples=10 lidar_buffer=0 imu_buffer=48
[fastlio_mapping-1] FAST_LIO_OUTPUT_TIMING age_ms_avg=142.812 age_ms_max=152.938 samples=10
[fastlio_mapping-1] FAST_LIO_INPUT_TIMING age_ms_avg=160.988 age_ms_max=172.197 samples=10 lidar_buffer=0 imu_buffer=54
[fastlio_mapping-1] FAST_LIO_OUTPUT_TIMING age_ms_avg=168.52 age_ms_max=178.553 samples=10
[fastlio_mapping-1] FAST_LIO_INPUT_TIMING age_ms_avg=188.3 age_ms_max=198.934 samples=10 lidar_buffer=0 imu_buffer=59
[fastlio_mapping-1] FAST_LIO_OUTPUT_TIMING age_ms_avg=196.047 age_ms_max=209.976 samples=10
[fastlio_mapping-1] FAST_LIO_INPUT_TIMING age_ms_avg=124.083 age_ms_max=201.529 samples=10 lidar_buffer=0 imu_buffer=45
[fastlio_mapping-1] FAST_LIO_OUTPUT_TIMING age_ms_avg=131.007 age_ms_max=207.661 samples=10
[fastlio_mapping-1] FAST_LIO_INPUT_TIMING age_ms_avg=143.356 age_ms_max=159.074 samples=10 lidar_buffer=0 imu_buffer=50
[fastlio_mapping-1] FAST_LIO_OUTPUT_TIMING age_ms_avg=151.951 age_ms_max=169.909 samples=10
[fastlio_mapping-1] FAST_LIO_INPUT_TIMING age_ms_avg=173.27 age_ms_max=185.936 samples=10 lidar_buffer=0 imu_buffer=56
[fastlio_mapping-1] FAST_LIO_OUTPUT_TIMING age_ms_avg=184.59 age_ms_max=197.422 samples=10
[fastlio_mapping-1] FAST_LIO_INPUT_TIMING age_ms_avg=185.704 age_ms_max=203.588 samples=10 lidar_buffer=0 imu_buffer=61
[fastlio_mapping-1] FAST_LIO_OUTPUT_TIMING age_ms_avg=193.093 age_ms_max=209.486 samples=10
[fastlio_mapping-1] FAST_LIO_INPUT_TIMING age_ms_avg=123.77 age_ms_max=139.089 samples=10 lidar_buffer=0 imu_buffer=46
[fastlio_mapping-1] FAST_LIO_OUTPUT_TIMING age_ms_avg=132.26 age_ms_max=150.627 samples=10
[fastlio_mapping-1] FAST_LIO_INPUT_TIMING age_ms_avg=151.164 age_ms_max=165.462 samples=10 lidar_buffer=0 imu_buffer=51
[fastlio_mapping-1] FAST_LIO_OUTPUT_TIMING age_ms_avg=161.104 age_ms_max=176.803 samples=10
[fastlio_mapping-1] FAST_LIO_INPUT_TIMING age_ms_avg=177.439 age_ms_max=188.046 samples=10 lidar_buffer=0 imu_buffer=57
[fastlio_mapping-1] FAST_LIO_OUTPUT_TIMING age_ms_avg=185.233 age_ms_max=196.556 samples=10
[fastlio_mapping-1] FAST_LIO_INPUT_TIMING age_ms_avg=158.263 age_ms_max=207.928 samples=10 lidar_buffer=0 imu_buffer=124
[fastlio_mapping-1] FAST_LIO_OUTPUT_TIMING age_ms_avg=167.619 age_ms_max=218.767 samples=10
[fastlio_mapping-1] FAST_LIO_INPUT_TIMING age_ms_avg=141.949 age_ms_max=150.404 samples=10 lidar_buffer=0 imu_buffer=50
[fastlio_mapping-1] FAST_LIO_OUTPUT_TIMING age_ms_avg=151.117 age_ms_max=160.154 samples=10
[fastlio_mapping-1] FAST_LIO_INPUT_TIMING age_ms_avg=166.864 age_ms_max=178.67 samples=10 lidar_buffer=0 imu_buffer=55
[fastlio_mapping-1] FAST_LIO_OUTPUT_TIMING age_ms_avg=173.538 age_ms_max=185.968 samples=10
[fastlio_mapping-1] FAST_LIO_INPUT_TIMING age_ms_avg=185.036 age_ms_max=207.883 samples=10 lidar_buffer=0 imu_buffer=61
[fastlio_mapping-1] FAST_LIO_OUTPUT_TIMING age_ms_avg=192.879 age_ms_max=218.57 samples=10
[fastlio_mapping-1] FAST_LIO_INPUT_TIMING age_ms_avg=124.274 age_ms_max=136.471 samples=10 lidar_buffer=0 imu_buffer=46
[fastlio_mapping-1] FAST_LIO_OUTPUT_TIMING age_ms_avg=134.868 age_ms_max=147.443 samples=10
[fastlio_mapping-1] FAST_LIO_INPUT_TIMING age_ms_avg=148.14 age_ms_max=164.535 samples=10 lidar_buffer=0 imu_buffer=51
[fastlio_mapping-1] FAST_LIO_OUTPUT_TIMING age_ms_avg=156.349 age_ms_max=175.499 samples=10
[fastlio_mapping-1] FAST_LIO_INPUT_TIMING age_ms_avg=176.166 age_ms_max=191.61 samples=10 lidar_buffer=0 imu_buffer=57
[fastlio_mapping-1] FAST_LIO_OUTPUT_TIMING age_ms_avg=185.294 age_ms_max=202.595 samples=10
[fastlio_mapping-1] FAST_LIO_INPUT_TIMING age_ms_avg=163.049 age_ms_max=202.271 samples=10 lidar_buffer=0 imu_buffer=42
[fastlio_mapping-1] FAST_LIO_OUTPUT_TIMING age_ms_avg=172.057 age_ms_max=210.598 samples=10
[fastlio_mapping-1] FAST_LIO_INPUT_TIMING age_ms_avg=128.411 age_ms_max=144.244 samples=10 lidar_buffer=0 imu_buffer=47
[fastlio_mapping-1] FAST_LIO_OUTPUT_TIMING age_ms_avg=136.244 age_ms_max=154.87 samples=10
[fastlio_mapping-1] FAST_LIO_INPUT_TIMING age_ms_avg=153.745 age_ms_max=166.482 samples=10 lidar_buffer=0 imu_buffer=52
[fastlio_mapping-1] FAST_LIO_OUTPUT_TIMING age_ms_avg=161.835 age_ms_max=177.747 samples=10
[fastlio_mapping-1] FAST_LIO_INPUT_TIMING age_ms_avg=179.831 age_ms_max=187.679 samples=10 lidar_buffer=0 imu_buffer=57
[fastlio_mapping-1] FAST_LIO_OUTPUT_TIMING age_ms_avg=189.247 age_ms_max=197.015 samples=10
[fastlio_mapping-1] FAST_LIO_INPUT_TIMING age_ms_avg=165.341 age_ms_max=209.184 samples=10 lidar_buffer=0 imu_buffer=42
[fastlio_mapping-1] FAST_LIO_OUTPUT_TIMING age_ms_avg=174.366 age_ms_max=220.174 samples=10
[fastlio_mapping-1] FAST_LIO_INPUT_TIMING age_ms_avg=132.188 age_ms_max=142.334 samples=10 lidar_buffer=0 imu_buffer=47
[fastlio_mapping-1] FAST_LIO_OUTPUT_TIMING age_ms_avg=140.157 age_ms_max=149.711 samples=10
[fastlio_mapping-1] FAST_LIO_INPUT_TIMING age_ms_avg=157.544 age_ms_max=169.621 samples=10 lidar_buffer=0 imu_buffer=54
[fastlio_mapping-1] FAST_LIO_OUTPUT_TIMING age_ms_avg=164.596 age_ms_max=175.433 samples=10
[fastlio_mapping-1] FAST_LIO_INPUT_TIMING age_ms_avg=186.173 age_ms_max=196.475 samples=10 lidar_buffer=0 imu_buffer=59
[fastlio_mapping-1] FAST_LIO_OUTPUT_TIMING age_ms_avg=194.471 age_ms_max=203.595 samples=10
[fastlio_mapping-1] FAST_LIO_INPUT_TIMING age_ms_avg=135.69 age_ms_max=202.194 samples=10 lidar_buffer=0 imu_buffer=44
[fastlio_mapping-1] FAST_LIO_OUTPUT_TIMING age_ms_avg=144.662 age_ms_max=210.39 samples=10
[fastlio_mapping-1] FAST_LIO_INPUT_TIMING age_ms_avg=143.177 age_ms_max=154.932 samples=10 lidar_buffer=0 imu_buffer=50
[fastlio_mapping-1] FAST_LIO_OUTPUT_TIMING age_ms_avg=152.562 age_ms_max=165.687 samples=10
[fastlio_mapping-1] FAST_LIO_INPUT_TIMING age_ms_avg=169.24 age_ms_max=180.265 samples=10 lidar_buffer=0 imu_buffer=55
[fastlio_mapping-1] FAST_LIO_OUTPUT_TIMING age_ms_avg=178.226 age_ms_max=191.047 samples=10
[fastlio_mapping-1] FAST_LIO_INPUT_TIMING age_ms_avg=175.185 age_ms_max=202.254 samples=10 lidar_buffer=0 imu_buffer=41
[fastlio_mapping-1] FAST_LIO_OUTPUT_TIMING age_ms_avg=182.238 age_ms_max=212.861 samples=10
[fastlio_mapping-1] FAST_LIO_INPUT_TIMING age_ms_avg=128.498 age_ms_max=141.36 samples=10 lidar_buffer=0 imu_buffer=47
[fastlio_mapping-1] FAST_LIO_OUTPUT_TIMING age_ms_avg=138.478 age_ms_max=150.326 samples=10
[fastlio_mapping-1] FAST_LIO_INPUT_TIMING age_ms_avg=152.478 age_ms_max=164.707 samples=10 lidar_buffer=0 imu_buffer=52
[fastlio_mapping-1] FAST_LIO_OUTPUT_TIMING age_ms_avg=160.452 age_ms_max=173.219 samples=10
[fastlio_mapping-1] FAST_LIO_INPUT_TIMING age_ms_avg=176.519 age_ms_max=188.129 samples=8 lidar_buffer=0 imu_buffer=57
[fastlio_mapping-1] FAST_LIO_OUTPUT_TIMING age_ms_avg=183.445 age_ms_max=195.148 samples=8
[fastlio_mapping-1] FAST_LIO_INPUT_TIMING age_ms_avg=166.507 age_ms_max=209.668 samples=10 lidar_buffer=0 imu_buffer=42
[fastlio_mapping-1] FAST_LIO_OUTPUT_TIMING age_ms_avg=175.918 age_ms_max=220.467 samples=10
[fastlio_mapping-1] FAST_LIO_INPUT_TIMING age_ms_avg=130.059 age_ms_max=141.79 samples=10 lidar_buffer=0 imu_buffer=48
[fastlio_mapping-1] FAST_LIO_OUTPUT_TIMING age_ms_avg=137.101 age_ms_max=148.651 samples=10
[fastlio_mapping-1] FAST_LIO_INPUT_TIMING age_ms_avg=158.533 age_ms_max=172.808 samples=10 lidar_buffer=0 imu_buffer=53
[fastlio_mapping-1] FAST_LIO_OUTPUT_TIMING age_ms_avg=166.732 age_ms_max=183.697 samples=10
[fastlio_mapping-1] FAST_LIO_INPUT_TIMING age_ms_avg=188.034 age_ms_max=197.024 samples=10 lidar_buffer=0 imu_buffer=58
[fastlio_mapping-1] FAST_LIO_OUTPUT_TIMING age_ms_avg=197.311 age_ms_max=206.176 samples=10
[fastlio_mapping-1] FAST_LIO_INPUT_TIMING age_ms_avg=134.851 age_ms_max=202.143 samples=10 lidar_buffer=0 imu_buffer=44
[fastlio_mapping-1] FAST_LIO_OUTPUT_TIMING age_ms_avg=143.745 age_ms_max=207.963 samples=10
[fastlio_mapping-1] FAST_LIO_INPUT_TIMING age_ms_avg=140.041 age_ms_max=150.311 samples=10 lidar_buffer=0 imu_buffer=49
[fastlio_mapping-1] FAST_LIO_OUTPUT_TIMING age_ms_avg=148.58 age_ms_max=156.768 samples=10
[fastlio_mapping-1] FAST_LIO_INPUT_TIMING age_ms_avg=165.894 age_ms_max=176.127 samples=10 lidar_buffer=0 imu_buffer=54
[fastlio_mapping-1] FAST_LIO_OUTPUT_TIMING age_ms_avg=174.401 age_ms_max=187.106 samples=10
[fastlio_mapping-1] FAST_LIO_INPUT_TIMING age_ms_avg=194.965 age_ms_max=204.279 samples=10 lidar_buffer=0 imu_buffer=60
[fastlio_mapping-1] FAST_LIO_OUTPUT_TIMING age_ms_avg=204.481 age_ms_max=215.276 samples=10
[fastlio_mapping-1] FAST_LIO_INPUT_TIMING age_ms_avg=122.669 age_ms_max=130.021 samples=10 lidar_buffer=0 imu_buffer=45
[fastlio_mapping-1] FAST_LIO_OUTPUT_TIMING age_ms_avg=132.773 age_ms_max=140.445 samples=10
[fastlio_mapping-1] FAST_LIO_INPUT_TIMING age_ms_avg=149.659 age_ms_max=156.772 samples=8 lidar_buffer=0 imu_buffer=50
[fastlio_mapping-1] FAST_LIO_OUTPUT_TIMING age_ms_avg=157.591 age_ms_max=162.763 samples=8
[fastlio_mapping-1] FAST_LIO_INPUT_TIMING age_ms_avg=171.915 age_ms_max=185.493 samples=10 lidar_buffer=0 imu_buffer=56
[fastlio_mapping-1] FAST_LIO_OUTPUT_TIMING age_ms_avg=180.011 age_ms_max=196.193 samples=10
[fastlio_mapping-1] FAST_LIO_INPUT_TIMING age_ms_avg=188.811 age_ms_max=208.759 samples=10 lidar_buffer=0 imu_buffer=61
[fastlio_mapping-1] FAST_LIO_OUTPUT_TIMING age_ms_avg=198.641 age_ms_max=219.923 samples=10
[fastlio_mapping-1] FAST_LIO_INPUT_TIMING age_ms_avg=123.426 age_ms_max=139.061 samples=10 lidar_buffer=0 imu_buffer=46
[fastlio_mapping-1] FAST_LIO_OUTPUT_TIMING age_ms_avg=131.27 age_ms_max=150.374 samples=10
[fastlio_mapping-1] FAST_LIO_INPUT_TIMING age_ms_avg=149.166 age_ms_max=159.119 samples=10 lidar_buffer=0 imu_buffer=52
[fastlio_mapping-1] FAST_LIO_OUTPUT_TIMING age_ms_avg=157.1 age_ms_max=167.408 samples=10
[fastlio_mapping-1] FAST_LIO_INPUT_TIMING age_ms_avg=176.072 age_ms_max=186.727 samples=10 lidar_buffer=0 imu_buffer=57
[fastlio_mapping-1] FAST_LIO_OUTPUT_TIMING age_ms_avg=184.898 age_ms_max=197.901 samples=10
[fastlio_mapping-1] FAST_LIO_INPUT_TIMING age_ms_avg=162.272 age_ms_max=201.928 samples=10 lidar_buffer=0 imu_buffer=42
[fastlio_mapping-1] FAST_LIO_OUTPUT_TIMING age_ms_avg=170.665 age_ms_max=207.996 samples=10
[fastlio_mapping-1] FAST_LIO_INPUT_TIMING age_ms_avg=131.171 age_ms_max=144.636 samples=10 lidar_buffer=0 imu_buffer=48
[fastlio_mapping-1] FAST_LIO_OUTPUT_TIMING age_ms_avg=140.736 age_ms_max=155.76 samples=10
[fastlio_mapping-1] FAST_LIO_INPUT_TIMING age_ms_avg=157.12 age_ms_max=167.876 samples=10 lidar_buffer=0 imu_buffer=53
[fastlio_mapping-1] FAST_LIO_OUTPUT_TIMING age_ms_avg=166 age_ms_max=174.039 samples=10
[fastlio_mapping-1] FAST_LIO_INPUT_TIMING age_ms_avg=184.701 age_ms_max=199.022 samples=10 lidar_buffer=0 imu_buffer=58
[fastlio_mapping-1] FAST_LIO_OUTPUT_TIMING age_ms_avg=193.957 age_ms_max=209.832 samples=10
[fastlio_mapping-1] FAST_LIO_INPUT_TIMING age_ms_avg=141.041 age_ms_max=206.698 samples=10 lidar_buffer=0 imu_buffer=44
[fastlio_mapping-1] FAST_LIO_OUTPUT_TIMING age_ms_avg=150.327 age_ms_max=220.524 samples=10
[fastlio_mapping-1] FAST_LIO_INPUT_TIMING age_ms_avg=136.81 age_ms_max=152.282 samples=10 lidar_buffer=0 imu_buffer=49
[fastlio_mapping-1] FAST_LIO_OUTPUT_TIMING age_ms_avg=145.193 age_ms_max=163.415 samples=10
[fastlio_mapping-1] FAST_LIO_INPUT_TIMING age_ms_avg=164.028 age_ms_max=172.255 samples=10 lidar_buffer=0 imu_buffer=54
[fastlio_mapping-1] FAST_LIO_OUTPUT_TIMING age_ms_avg=173.829 age_ms_max=183.096 samples=10
[fastlio_mapping-1] FAST_LIO_INPUT_TIMING age_ms_avg=188.827 age_ms_max=204.816 samples=10 lidar_buffer=0 imu_buffer=59
[fastlio_mapping-1] FAST_LIO_OUTPUT_TIMING age_ms_avg=197.13 age_ms_max=215.885 samples=10
[fastlio_mapping-1] FAST_LIO_INPUT_TIMING age_ms_avg=123.781 age_ms_max=200.869 samples=10 lidar_buffer=0 imu_buffer=45
[fastlio_mapping-1] FAST_LIO_OUTPUT_TIMING age_ms_avg=130.957 age_ms_max=207.274 samples=10
[fastlio_mapping-1] FAST_LIO_INPUT_TIMING age_ms_avg=141.436 age_ms_max=154.741 samples=10 lidar_buffer=0 imu_buffer=50
[fastlio_mapping-1] FAST_LIO_OUTPUT_TIMING age_ms_avg=150.466 age_ms_max=163.068 samples=10
[fastlio_mapping-1] FAST_LIO_INPUT_TIMING age_ms_avg=166.809 age_ms_max=177.312 samples=10 lidar_buffer=0 imu_buffer=55
[fastlio_mapping-1] FAST_LIO_OUTPUT_TIMING age_ms_avg=175.075 age_ms_max=186.28 samples=10
[fastlio_mapping-1] FAST_LIO_INPUT_TIMING age_ms_avg=186.957 age_ms_max=207.352 samples=10 lidar_buffer=0 imu_buffer=61
[fastlio_mapping-1] FAST_LIO_OUTPUT_TIMING age_ms_avg=197.637 age_ms_max=220.969 samples=10
[fastlio_mapping-1] FAST_LIO_INPUT_TIMING age_ms_avg=119.564 age_ms_max=129.987 samples=10 lidar_buffer=0 imu_buffer=46
[fastlio_mapping-1] FAST_LIO_OUTPUT_TIMING age_ms_avg=127.56 age_ms_max=139.67 samples=10
[fastlio_mapping-1] FAST_LIO_INPUT_TIMING age_ms_avg=148.489 age_ms_max=163.382 samples=10 lidar_buffer=0 imu_buffer=51
[fastlio_mapping-1] FAST_LIO_OUTPUT_TIMING age_ms_avg=157.785 age_ms_max=174.33 samples=10
[fastlio_mapping-1] FAST_LIO_INPUT_TIMING age_ms_avg=173.046 age_ms_max=182.974 samples=10 lidar_buffer=0 imu_buffer=57
[fastlio_mapping-1] FAST_LIO_OUTPUT_TIMING age_ms_avg=180.664 age_ms_max=192.325 samples=10
[fastlio_mapping-1] FAST_LIO_INPUT_TIMING age_ms_avg=171.997 age_ms_max=204.437 samples=10 lidar_buffer=0 imu_buffer=42
[fastlio_mapping-1] FAST_LIO_OUTPUT_TIMING age_ms_avg=181.751 age_ms_max=215.474 samples=10
[fastlio_mapping-1] FAST_LIO_INPUT_TIMING age_ms_avg=127.315 age_ms_max=141.178 samples=10 lidar_buffer=0 imu_buffer=47
[fastlio_mapping-1] FAST_LIO_OUTPUT_TIMING age_ms_avg=136.565 age_ms_max=151.67 samples=10
[fastlio_mapping-1] FAST_LIO_INPUT_TIMING age_ms_avg=152.795 age_ms_max=165.437 samples=10 lidar_buffer=0 imu_buffer=52
[fastlio_mapping-1] FAST_LIO_OUTPUT_TIMING age_ms_avg=162.096 age_ms_max=176.608 samples=10
[fastlio_mapping-1] FAST_LIO_INPUT_TIMING age_ms_avg=177.403 age_ms_max=186.206 samples=10 lidar_buffer=0 imu_buffer=58
[fastlio_mapping-1] FAST_LIO_OUTPUT_TIMING age_ms_avg=186.552 age_ms_max=196.617 samples=10
[fastlio_mapping-1] FAST_LIO_INPUT_TIMING age_ms_avg=152.104 age_ms_max=199.939 samples=10 lidar_buffer=0 imu_buffer=43
[fastlio_mapping-1] FAST_LIO_OUTPUT_TIMING age_ms_avg=158.796 age_ms_max=205.819 samples=10
[fastlio_mapping-1] FAST_LIO_INPUT_TIMING age_ms_avg=132.152 age_ms_max=142.172 samples=10 lidar_buffer=0 imu_buffer=48
[fastlio_mapping-1] FAST_LIO_OUTPUT_TIMING age_ms_avg=140.549 age_ms_max=153.164 samples=10
[fastlio_mapping-1] FAST_LIO_INPUT_TIMING age_ms_avg=157.899 age_ms_max=171.332 samples=10 lidar_buffer=0 imu_buffer=54
[fastlio_mapping-1] FAST_LIO_OUTPUT_TIMING age_ms_avg=165.303 age_ms_max=181.987 samples=10
[fastlio_mapping-1] FAST_LIO_INPUT_TIMING age_ms_avg=183.399 age_ms_max=194.974 samples=10 lidar_buffer=0 imu_buffer=59
[fastlio_mapping-1] FAST_LIO_OUTPUT_TIMING age_ms_avg=190.666 age_ms_max=205.402 samples=10
[fastlio_mapping-1] FAST_LIO_INPUT_TIMING age_ms_avg=130.141 age_ms_max=199.77 samples=10 lidar_buffer=0 imu_buffer=45
[fastlio_mapping-1] FAST_LIO_OUTPUT_TIMING age_ms_avg=138.855 age_ms_max=206.186 samples=10
[fastlio_mapping-1] FAST_LIO_INPUT_TIMING age_ms_avg=137.338 age_ms_max=148.423 samples=10 lidar_buffer=0 imu_buffer=49
[fastlio_mapping-1] FAST_LIO_OUTPUT_TIMING age_ms_avg=146.767 age_ms_max=159.377 samples=10
[fastlio_mapping-1] FAST_LIO_INPUT_TIMING age_ms_avg=163.086 age_ms_max=175.982 samples=10 lidar_buffer=0 imu_buffer=54
[fastlio_mapping-1] FAST_LIO_OUTPUT_TIMING age_ms_avg=173.234 age_ms_max=187.068 samples=10
[fastlio_mapping-1] FAST_LIO_INPUT_TIMING age_ms_avg=186.169 age_ms_max=202.188 samples=10 lidar_buffer=0 imu_buffer=59
[fastlio_mapping-1] FAST_LIO_OUTPUT_TIMING age_ms_avg=194.451 age_ms_max=213.655 samples=10
[fastlio_mapping-1] FAST_LIO_INPUT_TIMING age_ms_avg=123.976 age_ms_max=205.931 samples=10 lidar_buffer=0 imu_buffer=45
[fastlio_mapping-1] FAST_LIO_OUTPUT_TIMING age_ms_avg=133.469 age_ms_max=217.242 samples=10
[fastlio_mapping-1] FAST_LIO_INPUT_TIMING age_ms_avg=140.645 age_ms_max=152.48 samples=10 lidar_buffer=0 imu_buffer=49
[fastlio_mapping-1] FAST_LIO_OUTPUT_TIMING age_ms_avg=151.006 age_ms_max=163.193 samples=10
[fastlio_mapping-1] FAST_LIO_INPUT_TIMING age_ms_avg=163.867 age_ms_max=175.478 samples=10 lidar_buffer=0 imu_buffer=55
[fastlio_mapping-1] FAST_LIO_OUTPUT_TIMING age_ms_avg=172.105 age_ms_max=181.867 samples=10
[fastlio_mapping-1] FAST_LIO_INPUT_TIMING age_ms_avg=181.469 age_ms_max=200.572 samples=10 lidar_buffer=0 imu_buffer=61
[fastlio_mapping-1] FAST_LIO_OUTPUT_TIMING age_ms_avg=190.547 age_ms_max=211.365 samples=10
[fastlio_mapping-1] FAST_LIO_INPUT_TIMING age_ms_avg=119.097 age_ms_max=129.988 samples=10 lidar_buffer=0 imu_buffer=46
[fastlio_mapping-1] FAST_LIO_OUTPUT_TIMING age_ms_avg=129.125 age_ms_max=141.224 samples=10
[fastlio_mapping-1] FAST_LIO_INPUT_TIMING age_ms_avg=142.404 age_ms_max=153.755 samples=10 lidar_buffer=0 imu_buffer=51
[fastlio_mapping-1] FAST_LIO_OUTPUT_TIMING age_ms_avg=150.584 age_ms_max=161.191 samples=10
[fastlio_mapping-1] FAST_LIO_INPUT_TIMING age_ms_avg=170.742 age_ms_max=179.935 samples=10 lidar_buffer=0 imu_buffer=57
[fastlio_mapping-1] FAST_LIO_OUTPUT_TIMING age_ms_avg=179.425 age_ms_max=190.758 samples=10
[fastlio_mapping-1] FAST_LIO_INPUT_TIMING age_ms_avg=167.847 age_ms_max=200.086 samples=10 lidar_buffer=0 imu_buffer=42
[fastlio_mapping-1] FAST_LIO_OUTPUT_TIMING age_ms_avg=176.589 age_ms_max=210.818 samples=10
[fastlio_mapping-1] FAST_LIO_INPUT_TIMING age_ms_avg=125.09 age_ms_max=136.733 samples=10 lidar_buffer=0 imu_buffer=48
[fastlio_mapping-1] FAST_LIO_OUTPUT_TIMING age_ms_avg=133.717 age_ms_max=151.051 samples=10
[fastlio_mapping-1] FAST_LIO_INPUT_TIMING age_ms_avg=152.73 age_ms_max=168.652 samples=10 lidar_buffer=0 imu_buffer=54
[fastlio_mapping-1] FAST_LIO_OUTPUT_TIMING age_ms_avg=161.072 age_ms_max=179.405 samples=10
[fastlio_mapping-1] FAST_LIO_INPUT_TIMING age_ms_avg=180.649 age_ms_max=195.407 samples=10 lidar_buffer=0 imu_buffer=59
[fastlio_mapping-1] FAST_LIO_OUTPUT_TIMING age_ms_avg=189.162 age_ms_max=206.129 samples=10
[fastlio_mapping-1] FAST_LIO_INPUT_TIMING age_ms_avg=142.978 age_ms_max=202.959 samples=8 lidar_buffer=0 imu_buffer=84
[fastlio_mapping-1] FAST_LIO_OUTPUT_TIMING age_ms_avg=151.527 age_ms_max=213.912 samples=8
[fastlio_mapping-1] FAST_LIO_INPUT_TIMING age_ms_avg=134.562 age_ms_max=145.141 samples=10 lidar_buffer=0 imu_buffer=50
[fastlio_mapping-1] FAST_LIO_OUTPUT_TIMING age_ms_avg=142.365 age_ms_max=153.896 samples=10
[fastlio_mapping-1] FAST_LIO_INPUT_TIMING age_ms_avg=160.406 age_ms_max=176.087 samples=10 lidar_buffer=0 imu_buffer=55
[fastlio_mapping-1] FAST_LIO_OUTPUT_TIMING age_ms_avg=168.579 age_ms_max=186.938 samples=10
[fastlio_mapping-1] FAST_LIO_INPUT_TIMING age_ms_avg=187.117 age_ms_max=196.609 samples=10 lidar_buffer=0 imu_buffer=60
[fastlio_mapping-1] FAST_LIO_OUTPUT_TIMING age_ms_avg=196.039 age_ms_max=203.82 samples=10
[fastlio_mapping-1] FAST_LIO_INPUT_TIMING age_ms_avg=124.2 age_ms_max=204.133 samples=10 lidar_buffer=0 imu_buffer=46
[fastlio_mapping-1] FAST_LIO_OUTPUT_TIMING age_ms_avg=133.036 age_ms_max=215.561 samples=10
[fastlio_mapping-1] FAST_LIO_INPUT_TIMING age_ms_avg=143.764 age_ms_max=156.871 samples=10 lidar_buffer=0 imu_buffer=51
[fastlio_mapping-1] FAST_LIO_OUTPUT_TIMING age_ms_avg=153.656 age_ms_max=167.727 samples=10
[fastlio_mapping-1] FAST_LIO_INPUT_TIMING age_ms_avg=167.514 age_ms_max=179.804 samples=10 lidar_buffer=0 imu_buffer=56
[fastlio_mapping-1] FAST_LIO_OUTPUT_TIMING age_ms_avg=175.543 age_ms_max=190.718 samples=10
[fastlio_mapping-1] FAST_LIO_INPUT_TIMING age_ms_avg=175.043 age_ms_max=199.454 samples=10 lidar_buffer=0 imu_buffer=42
[fastlio_mapping-1] FAST_LIO_OUTPUT_TIMING age_ms_avg=183.814 age_ms_max=206.934 samples=10
[fastlio_mapping-1] FAST_LIO_INPUT_TIMING age_ms_avg=121.127 age_ms_max=134.368 samples=10 lidar_buffer=0 imu_buffer=47
[fastlio_mapping-1] FAST_LIO_OUTPUT_TIMING age_ms_avg=129.184 age_ms_max=145.274 samples=10
[fastlio_mapping-1] FAST_LIO_INPUT_TIMING age_ms_avg=146.962 age_ms_max=157.343 samples=10 lidar_buffer=0 imu_buffer=52
[fastlio_mapping-1] FAST_LIO_OUTPUT_TIMING age_ms_avg=155.153 age_ms_max=164.534 samples=10
[fastlio_mapping-1] FAST_LIO_INPUT_TIMING age_ms_avg=171.963 age_ms_max=182.652 samples=10 lidar_buffer=0 imu_buffer=57
[fastlio_mapping-1] FAST_LIO_OUTPUT_TIMING age_ms_avg=179.592 age_ms_max=188.944 samples=10
[fastlio_mapping-1] FAST_LIO_INPUT_TIMING age_ms_avg=150.892 age_ms_max=196.362 samples=10 lidar_buffer=0 imu_buffer=43
[fastlio_mapping-1] FAST_LIO_OUTPUT_TIMING age_ms_avg=159.046 age_ms_max=202.32 samples=10
[fastlio_mapping-1] FAST_LIO_INPUT_TIMING age_ms_avg=128.335 age_ms_max=145.932 samples=10 lidar_buffer=0 imu_buffer=48
[fastlio_mapping-1] FAST_LIO_OUTPUT_TIMING age_ms_avg=135.43 age_ms_max=157.143 samples=10
[fastlio_mapping-1] FAST_LIO_INPUT_TIMING age_ms_avg=156.147 age_ms_max=165.25 samples=10 lidar_buffer=0 imu_buffer=53
[fastlio_mapping-1] FAST_LIO_OUTPUT_TIMING age_ms_avg=164.127 age_ms_max=171.095 samples=10
[fastlio_mapping-1] FAST_LIO_INPUT_TIMING age_ms_avg=184.245 age_ms_max=196.019 samples=10 lidar_buffer=0 imu_buffer=60
[fastlio_mapping-1] FAST_LIO_OUTPUT_TIMING age_ms_avg=193.742 age_ms_max=206.648 samples=10
[fastlio_mapping-1] FAST_LIO_INPUT_TIMING age_ms_avg=121.923 age_ms_max=201.384 samples=10 lidar_buffer=0 imu_buffer=45
[fastlio_mapping-1] FAST_LIO_OUTPUT_TIMING age_ms_avg=132.293 age_ms_max=212.163 samples=10
[fastlio_mapping-1] FAST_LIO_INPUT_TIMING age_ms_avg=137.767 age_ms_max=152.876 samples=10 lidar_buffer=0 imu_buffer=50
[fastlio_mapping-1] FAST_LIO_OUTPUT_TIMING age_ms_avg=146.571 age_ms_max=163.587 samples=10
[fastlio_mapping-1] FAST_LIO_INPUT_TIMING age_ms_avg=165.909 age_ms_max=181.111 samples=10 lidar_buffer=0 imu_buffer=55
[fastlio_mapping-1] FAST_LIO_OUTPUT_TIMING age_ms_avg=175.056 age_ms_max=192.091 samples=10
[fastlio_mapping-1] FAST_LIO_INPUT_TIMING age_ms_avg=164.506 age_ms_max=198.318 samples=10 lidar_buffer=0 imu_buffer=42
[fastlio_mapping-1] FAST_LIO_OUTPUT_TIMING age_ms_avg=173.204 age_ms_max=206.599 samples=10
[fastlio_mapping-1] FAST_LIO_INPUT_TIMING age_ms_avg=119.055 age_ms_max=135.392 samples=10 lidar_buffer=0 imu_buffer=47
[fastlio_mapping-1] FAST_LIO_OUTPUT_TIMING age_ms_avg=126.316 age_ms_max=146.321 samples=10
[fastlio_mapping-1] FAST_LIO_INPUT_TIMING age_ms_avg=147.033 age_ms_max=161.389 samples=10 lidar_buffer=0 imu_buffer=52
[fastlio_mapping-1] FAST_LIO_OUTPUT_TIMING age_ms_avg=155.971 age_ms_max=171.984 samples=10
[fastlio_mapping-1] FAST_LIO_INPUT_TIMING age_ms_avg=172.595 age_ms_max=186.873 samples=10 lidar_buffer=0 imu_buffer=98
[fastlio_mapping-1] FAST_LIO_OUTPUT_TIMING age_ms_avg=180.871 age_ms_max=195.472 samples=10
[fastlio_mapping-1] FAST_LIO_INPUT_TIMING age_ms_avg=136.423 age_ms_max=200.321 samples=10 lidar_buffer=0 imu_buffer=44
[fastlio_mapping-1] FAST_LIO_OUTPUT_TIMING age_ms_avg=146.711 age_ms_max=211.34 samples=10
[fastlio_mapping-1] FAST_LIO_INPUT_TIMING age_ms_avg=130.306 age_ms_max=143.691 samples=10 lidar_buffer=0 imu_buffer=49
[fastlio_mapping-1] FAST_LIO_OUTPUT_TIMING age_ms_avg=137.467 age_ms_max=150.427 samples=10
[fastlio_mapping-1] FAST_LIO_INPUT_TIMING age_ms_avg=161.067 age_ms_max=174.605 samples=10 lidar_buffer=0 imu_buffer=54
[fastlio_mapping-1] FAST_LIO_OUTPUT_TIMING age_ms_avg=171.2 age_ms_max=185.491 samples=10
[fastlio_mapping-1] FAST_LIO_INPUT_TIMING age_ms_avg=185.462 age_ms_max=195.572 samples=10 lidar_buffer=0 imu_buffer=60
[fastlio_mapping-1] FAST_LIO_OUTPUT_TIMING age_ms_avg=194.117 age_ms_max=206.422 samples=10
[fastlio_mapping-1] FAST_LIO_INPUT_TIMING age_ms_avg=111.527 age_ms_max=120.639 samples=10 lidar_buffer=0 imu_buffer=45
[fastlio_mapping-1] FAST_LIO_OUTPUT_TIMING age_ms_avg=119.86 age_ms_max=126.849 samples=10
[fastlio_mapping-1] FAST_LIO_INPUT_TIMING age_ms_avg=137.163 age_ms_max=147.982 samples=10 lidar_buffer=0 imu_buffer=50
[fastlio_mapping-1] FAST_LIO_OUTPUT_TIMING age_ms_avg=145.091 age_ms_max=156.875 samples=10
[fastlio_mapping-1] FAST_LIO_INPUT_TIMING age_ms_avg=164.808 age_ms_max=174.068 samples=10 lidar_buffer=0 imu_buffer=55
[fastlio_mapping-1] FAST_LIO_OUTPUT_TIMING age_ms_avg=173.54 age_ms_max=185.429 samples=10
[fastlio_mapping-1] FAST_LIO_INPUT_TIMING age_ms_avg=170.971 age_ms_max=200.072 samples=10 lidar_buffer=0 imu_buffer=41
[fastlio_mapping-1] FAST_LIO_OUTPUT_TIMING age_ms_avg=179.717 age_ms_max=211.104 samples=10
[fastlio_mapping-1] FAST_LIO_INPUT_TIMING age_ms_avg=116.172 age_ms_max=127.491 samples=10 lidar_buffer=0 imu_buffer=47
[fastlio_mapping-1] FAST_LIO_OUTPUT_TIMING age_ms_avg=123.613 age_ms_max=133.76 samples=10
[fastlio_mapping-1] FAST_LIO_INPUT_TIMING age_ms_avg=144.019 age_ms_max=155.233 samples=10 lidar_buffer=0 imu_buffer=52
[fastlio_mapping-1] FAST_LIO_OUTPUT_TIMING age_ms_avg=151.413 age_ms_max=164.645 samples=10
[fastlio_mapping-1] FAST_LIO_INPUT_TIMING age_ms_avg=173.033 age_ms_max=181.264 samples=10 lidar_buffer=0 imu_buffer=57
[fastlio_mapping-1] FAST_LIO_OUTPUT_TIMING age_ms_avg=182.846 age_ms_max=190.123 samples=10
[fastlio_mapping-1] FAST_LIO_INPUT_TIMING age_ms_avg=147.249 age_ms_max=195.379 samples=10 lidar_buffer=0 imu_buffer=43
[fastlio_mapping-1] FAST_LIO_OUTPUT_TIMING age_ms_avg=154.413 age_ms_max=206.485 samples=10
[fastlio_mapping-1] FAST_LIO_INPUT_TIMING age_ms_avg=123.729 age_ms_max=135.172 samples=10 lidar_buffer=0 imu_buffer=48
[fastlio_mapping-1] FAST_LIO_OUTPUT_TIMING age_ms_avg=130.632 age_ms_max=143.819 samples=10
[fastlio_mapping-1] FAST_LIO_INPUT_TIMING age_ms_avg=155.787 age_ms_max=168.42 samples=10 lidar_buffer=0 imu_buffer=53
[fastlio_mapping-1] FAST_LIO_OUTPUT_TIMING age_ms_avg=166.206 age_ms_max=179.428 samples=10
[fastlio_mapping-1] FAST_LIO_INPUT_TIMING age_ms_avg=179.96 age_ms_max=190.688 samples=10 lidar_buffer=0 imu_buffer=59
[fastlio_mapping-1] FAST_LIO_OUTPUT_TIMING age_ms_avg=189.014 age_ms_max=201.399 samples=10
[fastlio_mapping-1] FAST_LIO_INPUT_TIMING age_ms_avg=127.362 age_ms_max=195.229 samples=10 lidar_buffer=0 imu_buffer=44
[fastlio_mapping-1] FAST_LIO_OUTPUT_TIMING age_ms_avg=136.148 age_ms_max=201.298 samples=10
[fastlio_mapping-1] FAST_LIO_INPUT_TIMING age_ms_avg=133.318 age_ms_max=144.546 samples=10 lidar_buffer=0 imu_buffer=49
[fastlio_mapping-1] FAST_LIO_OUTPUT_TIMING age_ms_avg=141.483 age_ms_max=153.612 samples=10
[fastlio_mapping-1] FAST_LIO_INPUT_TIMING age_ms_avg=161 age_ms_max=176.276 samples=10 lidar_buffer=0 imu_buffer=55
[fastlio_mapping-1] FAST_LIO_OUTPUT_TIMING age_ms_avg=171.76 age_ms_max=187.1 samples=10
[fastlio_mapping-1] FAST_LIO_INPUT_TIMING age_ms_avg=173.489 age_ms_max=194.573 samples=8 lidar_buffer=0 imu_buffer=61
[fastlio_mapping-1] FAST_LIO_OUTPUT_TIMING age_ms_avg=180.29 age_ms_max=203.502 samples=8
[fastlio_mapping-1] FAST_LIO_INPUT_TIMING age_ms_avg=113.751 age_ms_max=128.906 samples=10 lidar_buffer=0 imu_buffer=45
[fastlio_mapping-1] FAST_LIO_OUTPUT_TIMING age_ms_avg=121.559 age_ms_max=139.727 samples=10
[fastlio_mapping-1] FAST_LIO_INPUT_TIMING age_ms_avg=139.338 age_ms_max=152.336 samples=10 lidar_buffer=0 imu_buffer=51
[fastlio_mapping-1] FAST_LIO_OUTPUT_TIMING age_ms_avg=147.415 age_ms_max=163.297 samples=10
[fastlio_mapping-1] FAST_LIO_INPUT_TIMING age_ms_avg=165.525 age_ms_max=182.864 samples=10 lidar_buffer=0 imu_buffer=57
[fastlio_mapping-1] FAST_LIO_OUTPUT_TIMING age_ms_avg=172.898 age_ms_max=193.877 samples=10
[fastlio_mapping-1] FAST_LIO_INPUT_TIMING age_ms_avg=156.991 age_ms_max=198.69 samples=10 lidar_buffer=0 imu_buffer=42
[fastlio_mapping-1] FAST_LIO_OUTPUT_TIMING age_ms_avg=167.606 age_ms_max=209.276 samples=10
[fastlio_mapping-1] FAST_LIO_INPUT_TIMING age_ms_avg=121.766 age_ms_max=135.583 samples=10 lidar_buffer=0 imu_buffer=48
[fastlio_mapping-1] FAST_LIO_OUTPUT_TIMING age_ms_avg=130.814 age_ms_max=146.699 samples=10
[fastlio_mapping-1] FAST_LIO_INPUT_TIMING age_ms_avg=145.855 age_ms_max=157.033 samples=10 lidar_buffer=0 imu_buffer=53
[fastlio_mapping-1] FAST_LIO_OUTPUT_TIMING age_ms_avg=153.725 age_ms_max=163.955 samples=10
[fastlio_mapping-1] FAST_LIO_INPUT_TIMING age_ms_avg=174.084 age_ms_max=182.404 samples=10 lidar_buffer=0 imu_buffer=58
[fastlio_mapping-1] FAST_LIO_OUTPUT_TIMING age_ms_avg=182.733 age_ms_max=191.045 samples=10
[fastlio_mapping-1] FAST_LIO_INPUT_TIMING age_ms_avg=141.412 age_ms_max=198.592 samples=10 lidar_buffer=0 imu_buffer=44
[fastlio_mapping-1] FAST_LIO_OUTPUT_TIMING age_ms_avg=150.907 age_ms_max=209.421 samples=10
[fastlio_mapping-1] FAST_LIO_INPUT_TIMING age_ms_avg=128.865 age_ms_max=139.172 samples=10 lidar_buffer=0 imu_buffer=49
[fastlio_mapping-1] FAST_LIO_OUTPUT_TIMING age_ms_avg=139.032 age_ms_max=149.835 samples=10
[fastlio_mapping-1] FAST_LIO_INPUT_TIMING age_ms_avg=151.912 age_ms_max=163.872 samples=10 lidar_buffer=0 imu_buffer=54
[fastlio_mapping-1] FAST_LIO_OUTPUT_TIMING age_ms_avg=159.397 age_ms_max=176.661 samples=10
[fastlio_mapping-1] FAST_LIO_INPUT_TIMING age_ms_avg=179.246 age_ms_max=194.392 samples=10 lidar_buffer=0 imu_buffer=60
[fastlio_mapping-1] FAST_LIO_OUTPUT_TIMING age_ms_avg=188.33 age_ms_max=205.409 samples=10
[fastlio_mapping-1] FAST_LIO_INPUT_TIMING age_ms_avg=126.984 age_ms_max=199.169 samples=10 lidar_buffer=0 imu_buffer=45
[fastlio_mapping-1] FAST_LIO_OUTPUT_TIMING age_ms_avg=135.974 age_ms_max=209.915 samples=10
[fastlio_mapping-1] FAST_LIO_INPUT_TIMING age_ms_avg=132.508 age_ms_max=146.176 samples=10 lidar_buffer=0 imu_buffer=50
[fastlio_mapping-1] FAST_LIO_OUTPUT_TIMING age_ms_avg=140.785 age_ms_max=156.852 samples=10
[fastlio_mapping-1] FAST_LIO_INPUT_TIMING age_ms_avg=158.469 age_ms_max=169.137 samples=10 lidar_buffer=0 imu_buffer=56
[fastlio_mapping-1] FAST_LIO_OUTPUT_TIMING age_ms_avg=166.245 age_ms_max=179.931 samples=10
[fastlio_mapping-1] FAST_LIO_INPUT_TIMING age_ms_avg=176.785 age_ms_max=192.347 samples=10 lidar_buffer=0 imu_buffer=61
[fastlio_mapping-1] FAST_LIO_OUTPUT_TIMING age_ms_avg=185.724 age_ms_max=201.401 samples=10
[fastlio_mapping-1] FAST_LIO_INPUT_TIMING age_ms_avg=114.979 age_ms_max=130.412 samples=10 lidar_buffer=0 imu_buffer=46
[fastlio_mapping-1] FAST_LIO_OUTPUT_TIMING age_ms_avg=124.062 age_ms_max=141.464 samples=10
[fastlio_mapping-1] FAST_LIO_INPUT_TIMING age_ms_avg=140.773 age_ms_max=149.944 samples=10 lidar_buffer=0 imu_buffer=52
[fastlio_mapping-1] FAST_LIO_OUTPUT_TIMING age_ms_avg=150.066 age_ms_max=160.784 samples=10
[fastlio_mapping-1] FAST_LIO_INPUT_TIMING age_ms_avg=167.436 age_ms_max=175.122 samples=10 lidar_buffer=0 imu_buffer=57
[fastlio_mapping-1] FAST_LIO_OUTPUT_TIMING age_ms_avg=177.106 age_ms_max=186.186 samples=10
[fastlio_mapping-1] FAST_LIO_INPUT_TIMING age_ms_avg=161.567 age_ms_max=194.148 samples=10 lidar_buffer=0 imu_buffer=42
[fastlio_mapping-1] FAST_LIO_OUTPUT_TIMING age_ms_avg=169.676 age_ms_max=205.083 samples=10
[fastlio_mapping-1] FAST_LIO_INPUT_TIMING age_ms_avg=117.826 age_ms_max=128.66 samples=8 lidar_buffer=0 imu_buffer=48
[fastlio_mapping-1] FAST_LIO_OUTPUT_TIMING age_ms_avg=126.594 age_ms_max=136.312 samples=8
[fastlio_mapping-1] FAST_LIO_INPUT_TIMING age_ms_avg=143.849 age_ms_max=161.495 samples=10 lidar_buffer=0 imu_buffer=53
[fastlio_mapping-1] FAST_LIO_OUTPUT_TIMING age_ms_avg=151.03 age_ms_max=172.228 samples=10
[fastlio_mapping-1] FAST_LIO_INPUT_TIMING age_ms_avg=171.814 age_ms_max=182.706 samples=10 lidar_buffer=0 imu_buffer=58
[fastlio_mapping-1] FAST_LIO_OUTPUT_TIMING age_ms_avg=180.307 age_ms_max=193.115 samples=10
[fastlio_mapping-1] FAST_LIO_INPUT_TIMING age_ms_avg=129.787 age_ms_max=190.846 samples=10 lidar_buffer=0 imu_buffer=43
[fastlio_mapping-1] FAST_LIO_OUTPUT_TIMING age_ms_avg=138.79 age_ms_max=199.663 samples=10
[fastlio_mapping-1] FAST_LIO_INPUT_TIMING age_ms_avg=127.678 age_ms_max=134.742 samples=10 lidar_buffer=0 imu_buffer=49
[fastlio_mapping-1] FAST_LIO_OUTPUT_TIMING age_ms_avg=137.502 age_ms_max=143.887 samples=10
[fastlio_mapping-1] FAST_LIO_INPUT_TIMING age_ms_avg=151.473 age_ms_max=160.973 samples=10 lidar_buffer=0 imu_buffer=54
[fastlio_mapping-1] FAST_LIO_OUTPUT_TIMING age_ms_avg=160.022 age_ms_max=168.903 samples=10
[fastlio_mapping-1] FAST_LIO_INPUT_TIMING age_ms_avg=177.793 age_ms_max=188.848 samples=10 lidar_buffer=0 imu_buffer=59
[fastlio_mapping-1] FAST_LIO_OUTPUT_TIMING age_ms_avg=186.221 age_ms_max=199.66 samples=10
[fastlio_mapping-1] FAST_LIO_INPUT_TIMING age_ms_avg=115.469 age_ms_max=191.288 samples=10 lidar_buffer=0 imu_buffer=45
[fastlio_mapping-1] FAST_LIO_OUTPUT_TIMING age_ms_avg=123.304 age_ms_max=197.396 samples=10
[fastlio_mapping-1] FAST_LIO_INPUT_TIMING age_ms_avg=136.744 age_ms_max=149.279 samples=10 lidar_buffer=0 imu_buffer=50
[fastlio_mapping-1] FAST_LIO_OUTPUT_TIMING age_ms_avg=147.266 age_ms_max=161.162 samples=10
[fastlio_mapping-1] FAST_LIO_INPUT_TIMING age_ms_avg=162.037 age_ms_max=178.088 samples=10 lidar_buffer=0 imu_buffer=56
[fastlio_mapping-1] FAST_LIO_OUTPUT_TIMING age_ms_avg=170.982 age_ms_max=189.004 samples=10
[fastlio_mapping-1] FAST_LIO_INPUT_TIMING age_ms_avg=167.598 age_ms_max=193.155 samples=10 lidar_buffer=0 imu_buffer=42
[fastlio_mapping-1] FAST_LIO_OUTPUT_TIMING age_ms_avg=175.028 age_ms_max=200.27 samples=10
[fastlio_mapping-1] FAST_LIO_INPUT_TIMING age_ms_avg=116.01 age_ms_max=130.555 samples=10 lidar_buffer=0 imu_buffer=47
[fastlio_mapping-1] FAST_LIO_OUTPUT_TIMING age_ms_avg=124.965 age_ms_max=141.518 samples=10
[fastlio_mapping-1] FAST_LIO_INPUT_TIMING age_ms_avg=141.745 age_ms_max=158.379 samples=10 lidar_buffer=0 imu_buffer=52
[fastlio_mapping-1] FAST_LIO_OUTPUT_TIMING age_ms_avg=151.587 age_ms_max=169.188 samples=10
[fastlio_mapping-1] FAST_LIO_INPUT_TIMING age_ms_avg=170.164 age_ms_max=184.926 samples=10 lidar_buffer=0 imu_buffer=57
[fastlio_mapping-1] FAST_LIO_OUTPUT_TIMING age_ms_avg=179.239 age_ms_max=195.982 samples=10
[fastlio_mapping-1] FAST_LIO_INPUT_TIMING age_ms_avg=153.456 age_ms_max=191.922 samples=10 lidar_buffer=0 imu_buffer=42
[fastlio_mapping-1] FAST_LIO_OUTPUT_TIMING age_ms_avg=162.247 age_ms_max=202.131 samples=10
[fastlio_mapping-1] FAST_LIO_INPUT_TIMING age_ms_avg=120.657 age_ms_max=134.106 samples=10 lidar_buffer=0 imu_buffer=47
[fastlio_mapping-1] FAST_LIO_OUTPUT_TIMING age_ms_avg=130.952 age_ms_max=145.129 samples=10
[fastlio_mapping-1] FAST_LIO_INPUT_TIMING age_ms_avg=144.808 age_ms_max=161.378 samples=10 lidar_buffer=0 imu_buffer=52
[fastlio_mapping-1] FAST_LIO_OUTPUT_TIMING age_ms_avg=152.736 age_ms_max=172.175 samples=10
[fastlio_mapping-1] FAST_LIO_INPUT_TIMING age_ms_avg=171.269 age_ms_max=183.883 samples=10 lidar_buffer=0 imu_buffer=58
[fastlio_mapping-1] FAST_LIO_OUTPUT_TIMING age_ms_avg=180.519 age_ms_max=193.458 samples=10
[fastlio_mapping-1] FAST_LIO_INPUT_TIMING age_ms_avg=135.833 age_ms_max=190.609 samples=10 lidar_buffer=0 imu_buffer=43
[fastlio_mapping-1] FAST_LIO_OUTPUT_TIMING age_ms_avg=143.815 age_ms_max=199.883 samples=10
[fastlio_mapping-1] FAST_LIO_INPUT_TIMING age_ms_avg=126.111 age_ms_max=136.775 samples=10 lidar_buffer=0 imu_buffer=48
[fastlio_mapping-1] FAST_LIO_OUTPUT_TIMING age_ms_avg=136.077 age_ms_max=147.851 samples=10
[fastlio_mapping-1] FAST_LIO_INPUT_TIMING age_ms_avg=153.061 age_ms_max=165.553 samples=10 lidar_buffer=0 imu_buffer=54
[fastlio_mapping-1] FAST_LIO_OUTPUT_TIMING age_ms_avg=163.572 age_ms_max=177.882 samples=10
[fastlio_mapping-1] FAST_LIO_INPUT_TIMING age_ms_avg=176.45 age_ms_max=187.573 samples=10 lidar_buffer=0 imu_buffer=59
[fastlio_mapping-1] FAST_LIO_OUTPUT_TIMING age_ms_avg=184.645 age_ms_max=193.793 samples=10
[fastlio_mapping-1] FAST_LIO_INPUT_TIMING age_ms_avg=116.59 age_ms_max=191.425 samples=10 lidar_buffer=0 imu_buffer=44
[fastlio_mapping-1] FAST_LIO_OUTPUT_TIMING age_ms_avg=125.794 age_ms_max=197.412 samples=10
[fastlio_mapping-1] FAST_LIO_INPUT_TIMING age_ms_avg=132.031 age_ms_max=141.61 samples=10 lidar_buffer=0 imu_buffer=50
[fastlio_mapping-1] FAST_LIO_OUTPUT_TIMING age_ms_avg=140.076 age_ms_max=147.643 samples=10
[fastlio_mapping-1] FAST_LIO_INPUT_TIMING age_ms_avg=157.025 age_ms_max=173.845 samples=10 lidar_buffer=0 imu_buffer=55
[fastlio_mapping-1] FAST_LIO_OUTPUT_TIMING age_ms_avg=164.076 age_ms_max=184.717 samples=10
[fastlio_mapping-1] FAST_LIO_INPUT_TIMING age_ms_avg=166.06 age_ms_max=196.278 samples=10 lidar_buffer=0 imu_buffer=41
[fastlio_mapping-1] FAST_LIO_OUTPUT_TIMING age_ms_avg=173.95 age_ms_max=207.297 samples=10
[fastlio_mapping-1] FAST_LIO_INPUT_TIMING age_ms_avg=110.672 age_ms_max=121.79 samples=10 lidar_buffer=0 imu_buffer=46
[fastlio_mapping-1] FAST_LIO_OUTPUT_TIMING age_ms_avg=118.375 age_ms_max=132.312 samples=10
[fastlio_mapping-1] FAST_LIO_INPUT_TIMING age_ms_avg=140.608 age_ms_max=154.652 samples=10 lidar_buffer=0 imu_buffer=51
[fastlio_mapping-1] FAST_LIO_OUTPUT_TIMING age_ms_avg=150.121 age_ms_max=165.792 samples=10
[fastlio_mapping-1] FAST_LIO_INPUT_TIMING age_ms_avg=164.153 age_ms_max=175.584 samples=10 lidar_buffer=0 imu_buffer=57
[fastlio_mapping-1] FAST_LIO_OUTPUT_TIMING age_ms_avg=171.457 age_ms_max=181.522 samples=10
[fastlio_mapping-1] FAST_LIO_INPUT_TIMING age_ms_avg=151.234 age_ms_max=194.351 samples=10 lidar_buffer=0 imu_buffer=42
[fastlio_mapping-1] FAST_LIO_OUTPUT_TIMING age_ms_avg=159.788 age_ms_max=205.295 samples=10
[fastlio_mapping-1] FAST_LIO_INPUT_TIMING age_ms_avg=117.486 age_ms_max=133.594 samples=10 lidar_buffer=0 imu_buffer=47
[fastlio_mapping-1] FAST_LIO_OUTPUT_TIMING age_ms_avg=125.628 age_ms_max=144.897 samples=10
[fastlio_mapping-1] FAST_LIO_INPUT_TIMING age_ms_avg=143.452 age_ms_max=153.233 samples=10 lidar_buffer=0 imu_buffer=52
[fastlio_mapping-1] FAST_LIO_OUTPUT_TIMING age_ms_avg=151.496 age_ms_max=159.618 samples=10
[fastlio_mapping-1] FAST_LIO_INPUT_TIMING age_ms_avg=171.223 age_ms_max=183.015 samples=10 lidar_buffer=0 imu_buffer=58
[fastlio_mapping-1] FAST_LIO_OUTPUT_TIMING age_ms_avg=180.199 age_ms_max=195.597 samples=10
[fastlio_mapping-1] FAST_LIO_INPUT_TIMING age_ms_avg=139.586 age_ms_max=193.783 samples=10 lidar_buffer=0 imu_buffer=43
[fastlio_mapping-1] FAST_LIO_OUTPUT_TIMING age_ms_avg=150.211 age_ms_max=206.669 samples=10
[fastlio_mapping-1] FAST_LIO_INPUT_TIMING age_ms_avg=126.509 age_ms_max=137.167 samples=10 lidar_buffer=0 imu_buffer=49
[fastlio_mapping-1] FAST_LIO_OUTPUT_TIMING age_ms_avg=135.171 age_ms_max=145.237 samples=10
[fastlio_mapping-1] FAST_LIO_INPUT_TIMING age_ms_avg=155.664 age_ms_max=169.873 samples=10 lidar_buffer=0 imu_buffer=54
[fastlio_mapping-1] FAST_LIO_OUTPUT_TIMING age_ms_avg=165.536 age_ms_max=180.96 samples=10
[fastlio_mapping-1] FAST_LIO_INPUT_TIMING age_ms_avg=181.624 age_ms_max=196.062 samples=10 lidar_buffer=0 imu_buffer=60
[fastlio_mapping-1] FAST_LIO_OUTPUT_TIMING age_ms_avg=191.102 age_ms_max=207.065 samples=10
[fastlio_mapping-1] FAST_LIO_INPUT_TIMING age_ms_avg=110.096 age_ms_max=115.465 samples=8 lidar_buffer=0 imu_buffer=45
[fastlio_mapping-1] FAST_LIO_OUTPUT_TIMING age_ms_avg=119.824 age_ms_max=124.047 samples=8
[fastlio_mapping-1] FAST_LIO_INPUT_TIMING age_ms_avg=130.231 age_ms_max=140.005 samples=10 lidar_buffer=0 imu_buffer=50
[fastlio_mapping-1] FAST_LIO_OUTPUT_TIMING age_ms_avg=137.944 age_ms_max=149.657 samples=10
[fastlio_mapping-1] FAST_LIO_INPUT_TIMING age_ms_avg=156.204 age_ms_max=168.626 samples=10 lidar_buffer=0 imu_buffer=55
[fastlio_mapping-1] FAST_LIO_OUTPUT_TIMING age_ms_avg=164.571 age_ms_max=179.712 samples=10
[fastlio_mapping-1] FAST_LIO_INPUT_TIMING age_ms_avg=182.91 age_ms_max=196.474 samples=10 lidar_buffer=0 imu_buffer=60
[fastlio_mapping-1] FAST_LIO_OUTPUT_TIMING age_ms_avg=192.069 age_ms_max=207.494 samples=10
[fastlio_mapping-1] FAST_LIO_INPUT_TIMING age_ms_avg=109.029 age_ms_max=124.355 samples=10 lidar_buffer=0 imu_buffer=45
[fastlio_mapping-1] FAST_LIO_OUTPUT_TIMING age_ms_avg=117.494 age_ms_max=135.664 samples=10
[fastlio_mapping-1] FAST_LIO_INPUT_TIMING age_ms_avg=135.065 age_ms_max=150.529 samples=10 lidar_buffer=0 imu_buffer=51
[fastlio_mapping-1] FAST_LIO_OUTPUT_TIMING age_ms_avg=143.806 age_ms_max=161.428 samples=10
[fastlio_mapping-1] FAST_LIO_INPUT_TIMING age_ms_avg=162.58 age_ms_max=175.321 samples=10 lidar_buffer=0 imu_buffer=56
[fastlio_mapping-1] FAST_LIO_OUTPUT_TIMING age_ms_avg=171.791 age_ms_max=186.074 samples=10
[fastlio_mapping-1] FAST_LIO_INPUT_TIMING age_ms_avg=156.736 age_ms_max=189.826 samples=10 lidar_buffer=0 imu_buffer=42
[fastlio_mapping-1] FAST_LIO_OUTPUT_TIMING age_ms_avg=165.373 age_ms_max=198.759 samples=10
[fastlio_mapping-1] FAST_LIO_INPUT_TIMING age_ms_avg=117.385 age_ms_max=131.932 samples=10 lidar_buffer=0 imu_buffer=47
[fastlio_mapping-1] FAST_LIO_OUTPUT_TIMING age_ms_avg=126.796 age_ms_max=142.9 samples=10
[fastlio_mapping-1] FAST_LIO_INPUT_TIMING age_ms_avg=142.293 age_ms_max=157.409 samples=10 lidar_buffer=0 imu_buffer=52
[fastlio_mapping-1] FAST_LIO_OUTPUT_TIMING age_ms_avg=150.843 age_ms_max=168.303 samples=10
[fastlio_mapping-1] FAST_LIO_INPUT_TIMING age_ms_avg=169.117 age_ms_max=179.221 samples=10 lidar_buffer=0 imu_buffer=58
[fastlio_mapping-1] FAST_LIO_OUTPUT_TIMING age_ms_avg=178.022 age_ms_max=185.987 samples=10
[fastlio_mapping-1] FAST_LIO_INPUT_TIMING age_ms_avg=136.409 age_ms_max=191.517 samples=10 lidar_buffer=0 imu_buffer=43
[fastlio_mapping-1] FAST_LIO_OUTPUT_TIMING age_ms_avg=146.338 age_ms_max=202.803 samples=10
[fastlio_mapping-1] FAST_LIO_INPUT_TIMING age_ms_avg=120.072 age_ms_max=136.208 samples=10 lidar_buffer=0 imu_buffer=48
[fastlio_mapping-1] FAST_LIO_OUTPUT_TIMING age_ms_avg=127.829 age_ms_max=147.306 samples=10
[fastlio_mapping-1] FAST_LIO_INPUT_TIMING age_ms_avg=147.464 age_ms_max=156.308 samples=10 lidar_buffer=0 imu_buffer=53
[fastlio_mapping-1] FAST_LIO_OUTPUT_TIMING age_ms_avg=156.368 age_ms_max=167.363 samples=10
[fastlio_mapping-1] FAST_LIO_INPUT_TIMING age_ms_avg=174.524 age_ms_max=186.306 samples=10 lidar_buffer=0 imu_buffer=58
[fastlio_mapping-1] FAST_LIO_OUTPUT_TIMING age_ms_avg=183.807 age_ms_max=197.189 samples=10
[fastlio_mapping-1] FAST_LIO_INPUT_TIMING age_ms_avg=130.066 age_ms_max=196.711 samples=10 lidar_buffer=0 imu_buffer=44
[fastlio_mapping-1] FAST_LIO_OUTPUT_TIMING age_ms_avg=139.01 age_ms_max=207.465 samples=10
[fastlio_mapping-1] FAST_LIO_INPUT_TIMING age_ms_avg=126.137 age_ms_max=138.884 samples=10 lidar_buffer=0 imu_buffer=49
[fastlio_mapping-1] FAST_LIO_OUTPUT_TIMING age_ms_avg=135.901 age_ms_max=149.914 samples=10
[fastlio_mapping-1] FAST_LIO_INPUT_TIMING age_ms_avg=147.722 age_ms_max=158.147 samples=10 lidar_buffer=0 imu_buffer=53
[fastlio_mapping-1] FAST_LIO_OUTPUT_TIMING age_ms_avg=155.058 age_ms_max=165.635 samples=10
[fastlio_mapping-1] FAST_LIO_INPUT_TIMING age_ms_avg=173.049 age_ms_max=184.693 samples=10 lidar_buffer=0 imu_buffer=59
[fastlio_mapping-1] FAST_LIO_OUTPUT_TIMING age_ms_avg=180.827 age_ms_max=195.595 samples=10
[fastlio_mapping-1] FAST_LIO_INPUT_TIMING age_ms_avg=120.866 age_ms_max=189.059 samples=10 lidar_buffer=0 imu_buffer=45
[fastlio_mapping-1] FAST_LIO_OUTPUT_TIMING age_ms_avg=130.304 age_ms_max=198.234 samples=10
[fastlio_mapping-1] FAST_LIO_INPUT_TIMING age_ms_avg=126.689 age_ms_max=142.51 samples=10 lidar_buffer=0 imu_buffer=49
[fastlio_mapping-1] FAST_LIO_OUTPUT_TIMING age_ms_avg=134.572 age_ms_max=153.121 samples=10
[fastlio_mapping-1] FAST_LIO_INPUT_TIMING age_ms_avg=154.693 age_ms_max=169.489 samples=10 lidar_buffer=0 imu_buffer=55
[fastlio_mapping-1] FAST_LIO_OUTPUT_TIMING age_ms_avg=164.491 age_ms_max=180.398 samples=10
[fastlio_mapping-1] FAST_LIO_INPUT_TIMING age_ms_avg=179.476 age_ms_max=191.342 samples=10 lidar_buffer=0 imu_buffer=60
[fastlio_mapping-1] FAST_LIO_OUTPUT_TIMING age_ms_avg=188.354 age_ms_max=202.278 samples=10
[fastlio_mapping-1] FAST_LIO_INPUT_TIMING age_ms_avg=113.852 age_ms_max=190.454 samples=10 lidar_buffer=0 imu_buffer=45
[fastlio_mapping-1] FAST_LIO_OUTPUT_TIMING age_ms_avg=120.537 age_ms_max=196.473 samples=10
[fastlio_mapping-1] FAST_LIO_INPUT_TIMING age_ms_avg=133.704 age_ms_max=148.728 samples=10 lidar_buffer=0 imu_buffer=51
[fastlio_mapping-1] FAST_LIO_OUTPUT_TIMING age_ms_avg=143.081 age_ms_max=160.014 samples=10
[fastlio_mapping-1] FAST_LIO_INPUT_TIMING age_ms_avg=159.426 age_ms_max=174.242 samples=10 lidar_buffer=0 imu_buffer=56
[fastlio_mapping-1] FAST_LIO_OUTPUT_TIMING age_ms_avg=167.213 age_ms_max=184.907 samples=10
[fastlio_mapping-1] FAST_LIO_INPUT_TIMING age_ms_avg=165.559 age_ms_max=188.775 samples=10 lidar_buffer=0 imu_buffer=41
[fastlio_mapping-1] FAST_LIO_OUTPUT_TIMING age_ms_avg=174.928 age_ms_max=199.654 samples=10
[fastlio_mapping-1] FAST_LIO_INPUT_TIMING age_ms_avg=110.273 age_ms_max=125.393 samples=10 lidar_buffer=0 imu_buffer=47
[fastlio_mapping-1] FAST_LIO_OUTPUT_TIMING age_ms_avg=117.84 age_ms_max=136.054 samples=10
[fastlio_mapping-1] FAST_LIO_INPUT_TIMING age_ms_avg=138.064 age_ms_max=152.202 samples=10 lidar_buffer=0 imu_buffer=52
[fastlio_mapping-1] FAST_LIO_OUTPUT_TIMING age_ms_avg=146.77 age_ms_max=163.16 samples=10
[fastlio_mapping-1] FAST_LIO_INPUT_TIMING age_ms_avg=164.042 age_ms_max=172.784 samples=10 lidar_buffer=0 imu_buffer=57
[fastlio_mapping-1] FAST_LIO_OUTPUT_TIMING age_ms_avg=172.192 age_ms_max=179.328 samples=10
[fastlio_mapping-1] FAST_LIO_INPUT_TIMING age_ms_avg=148.734 age_ms_max=194.6 samples=10 lidar_buffer=0 imu_buffer=42
[fastlio_mapping-1] FAST_LIO_OUTPUT_TIMING age_ms_avg=156.4 age_ms_max=205.206 samples=10
[fastlio_mapping-1] FAST_LIO_INPUT_TIMING age_ms_avg=116.243 age_ms_max=124.665 samples=10 lidar_buffer=0 imu_buffer=47
[fastlio_mapping-1] FAST_LIO_OUTPUT_TIMING age_ms_avg=126.655 age_ms_max=136.123 samples=10
[fastlio_mapping-1] FAST_LIO_INPUT_TIMING age_ms_avg=141.107 age_ms_max=151.661 samples=10 lidar_buffer=0 imu_buffer=52
[fastlio_mapping-1] FAST_LIO_OUTPUT_TIMING age_ms_avg=149.159 age_ms_max=159.636 samples=10
[fastlio_mapping-1] FAST_LIO_INPUT_TIMING age_ms_avg=168.265 age_ms_max=184.293 samples=8 lidar_buffer=0 imu_buffer=57
[fastlio_mapping-1] FAST_LIO_OUTPUT_TIMING age_ms_avg=175.299 age_ms_max=191.385 samples=8
[fastlio_mapping-1] FAST_LIO_INPUT_TIMING age_ms_avg=136.655 age_ms_max=194.858 samples=10 lidar_buffer=0 imu_buffer=43
[fastlio_mapping-1] FAST_LIO_OUTPUT_TIMING age_ms_avg=145.674 age_ms_max=205.834 samples=10
[fastlio_mapping-1] FAST_LIO_INPUT_TIMING age_ms_avg=121.17 age_ms_max=134.165 samples=10 lidar_buffer=0 imu_buffer=48
[fastlio_mapping-1] FAST_LIO_OUTPUT_TIMING age_ms_avg=129.098 age_ms_max=145.118 samples=10
[fastlio_mapping-1] FAST_LIO_INPUT_TIMING age_ms_avg=145.18 age_ms_max=159.483 samples=10 lidar_buffer=0 imu_buffer=53
[fastlio_mapping-1] FAST_LIO_OUTPUT_TIMING age_ms_avg=152.071 age_ms_max=166.734 samples=10
[fastlio_mapping-1] FAST_LIO_INPUT_TIMING age_ms_avg=175.859 age_ms_max=187.416 samples=10 lidar_buffer=0 imu_buffer=59
[fastlio_mapping-1] FAST_LIO_OUTPUT_TIMING age_ms_avg=186.755 age_ms_max=199.203 samples=10
[fastlio_mapping-1] FAST_LIO_INPUT_TIMING age_ms_avg=127.934 age_ms_max=189.667 samples=10 lidar_buffer=0 imu_buffer=43
[fastlio_mapping-1] FAST_LIO_OUTPUT_TIMING age_ms_avg=136.575 age_ms_max=200.664 samples=10
[fastlio_mapping-1] FAST_LIO_INPUT_TIMING age_ms_avg=121.122 age_ms_max=129.711 samples=10 lidar_buffer=0 imu_buffer=48
[fastlio_mapping-1] FAST_LIO_OUTPUT_TIMING age_ms_avg=129.949 age_ms_max=139.254 samples=10
[fastlio_mapping-1] FAST_LIO_INPUT_TIMING age_ms_avg=146.456 age_ms_max=163.267 samples=10 lidar_buffer=0 imu_buffer=54
[fastlio_mapping-1] FAST_LIO_OUTPUT_TIMING age_ms_avg=154.464 age_ms_max=173.955 samples=10
[fastlio_mapping-1] FAST_LIO_INPUT_TIMING age_ms_avg=173.868 age_ms_max=183.248 samples=10 lidar_buffer=0 imu_buffer=59
[fastlio_mapping-1] FAST_LIO_OUTPUT_TIMING age_ms_avg=182.493 age_ms_max=192.014 samples=10
[fastlio_mapping-1] FAST_LIO_INPUT_TIMING age_ms_avg=121.852 age_ms_max=194.541 samples=10 lidar_buffer=0 imu_buffer=44
[fastlio_mapping-1] FAST_LIO_OUTPUT_TIMING age_ms_avg=130.996 age_ms_max=205.425 samples=10
[fastlio_mapping-1] FAST_LIO_INPUT_TIMING age_ms_avg=129.572 age_ms_max=144.457 samples=10 lidar_buffer=0 imu_buffer=51
[fastlio_mapping-1] FAST_LIO_OUTPUT_TIMING age_ms_avg=139.651 age_ms_max=156.944 samples=10
[fastlio_mapping-1] FAST_LIO_INPUT_TIMING age_ms_avg=154.951 age_ms_max=165.082 samples=10 lidar_buffer=0 imu_buffer=56
[fastlio_mapping-1] FAST_LIO_OUTPUT_TIMING age_ms_avg=163.274 age_ms_max=173.361 samples=10
[fastlio_mapping-1] FAST_LIO_INPUT_TIMING age_ms_avg=171.409 age_ms_max=188 samples=10 lidar_buffer=0 imu_buffer=60
[fastlio_mapping-1] FAST_LIO_OUTPUT_TIMING age_ms_avg=179.685 age_ms_max=194.144 samples=10
[fastlio_mapping-1] FAST_LIO_INPUT_TIMING age_ms_avg=108.695 age_ms_max=124.353 samples=10 lidar_buffer=0 imu_buffer=47
[fastlio_mapping-1] FAST_LIO_OUTPUT_TIMING age_ms_avg=117.649 age_ms_max=135.926 samples=10
[fastlio_mapping-1] FAST_LIO_INPUT_TIMING age_ms_avg=132.844 age_ms_max=144.559 samples=10 lidar_buffer=0 imu_buffer=52
[fastlio_mapping-1] FAST_LIO_OUTPUT_TIMING age_ms_avg=139.743 age_ms_max=150.546 samples=10
[fastlio_mapping-1] FAST_LIO_INPUT_TIMING age_ms_avg=163.495 age_ms_max=174.754 samples=10 lidar_buffer=0 imu_buffer=57
[fastlio_mapping-1] FAST_LIO_OUTPUT_TIMING age_ms_avg=173.178 age_ms_max=185.789 samples=10
[fastlio_mapping-1] FAST_LIO_INPUT_TIMING age_ms_avg=149.981 age_ms_max=190.796 samples=10 lidar_buffer=0 imu_buffer=43
[fastlio_mapping-1] FAST_LIO_OUTPUT_TIMING age_ms_avg=158.939 age_ms_max=201.69 samples=10
[fastlio_mapping-1] FAST_LIO_INPUT_TIMING age_ms_avg=116.904 age_ms_max=128.407 samples=10 lidar_buffer=0 imu_buffer=48
[fastlio_mapping-1] FAST_LIO_OUTPUT_TIMING age_ms_avg=126.168 age_ms_max=139.14 samples=10
[fastlio_mapping-1] FAST_LIO_INPUT_TIMING age_ms_avg=141.147 age_ms_max=152.735 samples=10 lidar_buffer=0 imu_buffer=53
[fastlio_mapping-1] FAST_LIO_OUTPUT_TIMING age_ms_avg=148.321 age_ms_max=158.674 samples=10
[fastlio_mapping-1] FAST_LIO_INPUT_TIMING age_ms_avg=170.497 age_ms_max=178.301 samples=10 lidar_buffer=0 imu_buffer=58
[fastlio_mapping-1] FAST_LIO_OUTPUT_TIMING age_ms_avg=180.153 age_ms_max=187.063 samples=10
[fastlio_mapping-1] FAST_LIO_INPUT_TIMING age_ms_avg=126.75 age_ms_max=192.669 samples=10 lidar_buffer=0 imu_buffer=44
[fastlio_mapping-1] FAST_LIO_OUTPUT_TIMING age_ms_avg=136.323 age_ms_max=203.654 samples=10
[fastlio_mapping-1] FAST_LIO_INPUT_TIMING age_ms_avg=120.455 age_ms_max=128.933 samples=10 lidar_buffer=0 imu_buffer=48
[fastlio_mapping-1] FAST_LIO_OUTPUT_TIMING age_ms_avg=128.886 age_ms_max=138.654 samples=10
[fastlio_mapping-1] FAST_LIO_INPUT_TIMING age_ms_avg=144.995 age_ms_max=155.271 samples=10 lidar_buffer=0 imu_buffer=54
[fastlio_mapping-1] FAST_LIO_OUTPUT_TIMING age_ms_avg=154.057 age_ms_max=162.654 samples=10
[fastlio_mapping-1] FAST_LIO_INPUT_TIMING age_ms_avg=172.132 age_ms_max=187.293 samples=10 lidar_buffer=0 imu_buffer=59
[fastlio_mapping-1] FAST_LIO_OUTPUT_TIMING age_ms_avg=180.661 age_ms_max=197.992 samples=10
[fastlio_mapping-1] FAST_LIO_INPUT_TIMING age_ms_avg=120.112 age_ms_max=192.261 samples=10 lidar_buffer=0 imu_buffer=44
[fastlio_mapping-1] FAST_LIO_OUTPUT_TIMING age_ms_avg=130.43 age_ms_max=203.202 samples=10
[fastlio_mapping-1] FAST_LIO_INPUT_TIMING age_ms_avg=125.075 age_ms_max=138.51 samples=10 lidar_buffer=0 imu_buffer=49
[fastlio_mapping-1] FAST_LIO_OUTPUT_TIMING age_ms_avg=135.011 age_ms_max=149.847 samples=10
[fastlio_mapping-1] FAST_LIO_INPUT_TIMING age_ms_avg=150.435 age_ms_max=164.594 samples=10 lidar_buffer=0 imu_buffer=55
[fastlio_mapping-1] FAST_LIO_OUTPUT_TIMING age_ms_avg=159.061 age_ms_max=175.67 samples=10
[fastlio_mapping-1] FAST_LIO_INPUT_TIMING age_ms_avg=177.154 age_ms_max=191.216 samples=10 lidar_buffer=0 imu_buffer=60
[fastlio_mapping-1] FAST_LIO_OUTPUT_TIMING age_ms_avg=186.229 age_ms_max=202.143 samples=10
[fastlio_mapping-1] FAST_LIO_INPUT_TIMING age_ms_avg=112.778 age_ms_max=193.757 samples=10 lidar_buffer=0 imu_buffer=44
[fastlio_mapping-1] FAST_LIO_OUTPUT_TIMING age_ms_avg=122.137 age_ms_max=204.584 samples=10
[fastlio_mapping-1] FAST_LIO_INPUT_TIMING age_ms_avg=127.68 age_ms_max=139.071 samples=10 lidar_buffer=0 imu_buffer=51
[fastlio_mapping-1] FAST_LIO_OUTPUT_TIMING age_ms_avg=135.522 age_ms_max=146.294 samples=10
[fastlio_mapping-1] FAST_LIO_INPUT_TIMING age_ms_avg=156.645 age_ms_max=170.422 samples=10 lidar_buffer=0 imu_buffer=56
[fastlio_mapping-1] FAST_LIO_OUTPUT_TIMING age_ms_avg=165.908 age_ms_max=181.574 samples=10
[fastlio_mapping-1] FAST_LIO_INPUT_TIMING age_ms_avg=171.98 age_ms_max=194.047 samples=10 lidar_buffer=0 imu_buffer=60
[fastlio_mapping-1] FAST_LIO_OUTPUT_TIMING age_ms_avg=180.554 age_ms_max=204.937 samples=10
[fastlio_mapping-1] FAST_LIO_INPUT_TIMING age_ms_avg=109.141 age_ms_max=117.61 samples=10 lidar_buffer=0 imu_buffer=46
[fastlio_mapping-1] FAST_LIO_OUTPUT_TIMING age_ms_avg=118.179 age_ms_max=126.513 samples=10
[fastlio_mapping-1] FAST_LIO_INPUT_TIMING age_ms_avg=135.264 age_ms_max=149.558 samples=10 lidar_buffer=0 imu_buffer=51
[fastlio_mapping-1] FAST_LIO_OUTPUT_TIMING age_ms_avg=144.563 age_ms_max=160.5 samples=10
[fastlio_mapping-1] FAST_LIO_INPUT_TIMING age_ms_avg=161.516 age_ms_max=174.974 samples=10 lidar_buffer=0 imu_buffer=56
[fastlio_mapping-1] FAST_LIO_OUTPUT_TIMING age_ms_avg=171.177 age_ms_max=185.873 samples=10
[fastlio_mapping-1] FAST_LIO_INPUT_TIMING age_ms_avg=155.541 age_ms_max=187.472 samples=10 lidar_buffer=0 imu_buffer=42
[fastlio_mapping-1] FAST_LIO_OUTPUT_TIMING age_ms_avg=164.165 age_ms_max=198.001 samples=10
[fastlio_mapping-1] FAST_LIO_INPUT_TIMING age_ms_avg=115.782 age_ms_max=125.9 samples=8 lidar_buffer=0 imu_buffer=47
[fastlio_mapping-1] FAST_LIO_OUTPUT_TIMING age_ms_avg=125.347 age_ms_max=137.096 samples=8
[fastlio_mapping-1] FAST_LIO_INPUT_TIMING age_ms_avg=139.233 age_ms_max=154.83 samples=10 lidar_buffer=0 imu_buffer=52
[fastlio_mapping-1] FAST_LIO_OUTPUT_TIMING age_ms_avg=146.993 age_ms_max=165.985 samples=10
[fastlio_mapping-1] FAST_LIO_INPUT_TIMING age_ms_avg=163.041 age_ms_max=176.756 samples=10 lidar_buffer=0 imu_buffer=57
[fastlio_mapping-1] FAST_LIO_OUTPUT_TIMING age_ms_avg=170.073 age_ms_max=187.409 samples=10
[fastlio_mapping-1] FAST_LIO_INPUT_TIMING age_ms_avg=140.078 age_ms_max=187.054 samples=10 lidar_buffer=0 imu_buffer=43
[fastlio_mapping-1] FAST_LIO_OUTPUT_TIMING age_ms_avg=148.081 age_ms_max=195.227 samples=10
[fastlio_mapping-1] FAST_LIO_INPUT_TIMING age_ms_avg=115.996 age_ms_max=124.789 samples=10 lidar_buffer=0 imu_buffer=48
[fastlio_mapping-1] FAST_LIO_OUTPUT_TIMING age_ms_avg=124.577 age_ms_max=131.893 samples=10
[fastlio_mapping-1] FAST_LIO_INPUT_TIMING age_ms_avg=141.375 age_ms_max=149.425 samples=10 lidar_buffer=0 imu_buffer=52
[fastlio_mapping-1] FAST_LIO_OUTPUT_TIMING age_ms_avg=150.541 age_ms_max=156.272 samples=10
[fastlio_mapping-1] FAST_LIO_INPUT_TIMING age_ms_avg=164.883 age_ms_max=180.497 samples=10 lidar_buffer=0 imu_buffer=58
[fastlio_mapping-1] FAST_LIO_OUTPUT_TIMING age_ms_avg=172.85 age_ms_max=191.094 samples=10
[fastlio_mapping-1] FAST_LIO_INPUT_TIMING age_ms_avg=140.685 age_ms_max=191.089 samples=10 lidar_buffer=0 imu_buffer=42
[fastlio_mapping-1] FAST_LIO_OUTPUT_TIMING age_ms_avg=148.837 age_ms_max=201.945 samples=10
[fastlio_mapping-1] FAST_LIO_INPUT_TIMING age_ms_avg=118.565 age_ms_max=128.183 samples=10 lidar_buffer=0 imu_buffer=47
[fastlio_mapping-1] FAST_LIO_OUTPUT_TIMING age_ms_avg=129.167 age_ms_max=137.695 samples=10
[fastlio_mapping-1] FAST_LIO_INPUT_TIMING age_ms_avg=141.094 age_ms_max=151.002 samples=10 lidar_buffer=0 imu_buffer=53
[fastlio_mapping-1] FAST_LIO_OUTPUT_TIMING age_ms_avg=149.988 age_ms_max=159.086 samples=10
[fastlio_mapping-1] FAST_LIO_INPUT_TIMING age_ms_avg=167.555 age_ms_max=175.798 samples=10 lidar_buffer=0 imu_buffer=58
[fastlio_mapping-1] FAST_LIO_OUTPUT_TIMING age_ms_avg=175.878 age_ms_max=186.34 samples=10
[fastlio_mapping-1] FAST_LIO_INPUT_TIMING age_ms_avg=133.861 age_ms_max=192.188 samples=10 lidar_buffer=0 imu_buffer=43
[fastlio_mapping-1] FAST_LIO_OUTPUT_TIMING age_ms_avg=142.851 age_ms_max=203.194 samples=10
[fastlio_mapping-1] FAST_LIO_INPUT_TIMING age_ms_avg=121.017 age_ms_max=128.496 samples=10 lidar_buffer=0 imu_buffer=48
[fastlio_mapping-1] FAST_LIO_OUTPUT_TIMING age_ms_avg=130.134 age_ms_max=137.723 samples=10
[fastlio_mapping-1] FAST_LIO_INPUT_TIMING age_ms_avg=147.478 age_ms_max=161.857 samples=10 lidar_buffer=0 imu_buffer=54
[fastlio_mapping-1] FAST_LIO_OUTPUT_TIMING age_ms_avg=156.717 age_ms_max=173.203 samples=10
[fastlio_mapping-1] FAST_LIO_INPUT_TIMING age_ms_avg=172.167 age_ms_max=181.443 samples=10 lidar_buffer=0 imu_buffer=59
[fastlio_mapping-1] FAST_LIO_OUTPUT_TIMING age_ms_avg=180.679 age_ms_max=187.421 samples=10
[fastlio_mapping-1] FAST_LIO_INPUT_TIMING age_ms_avg=120.602 age_ms_max=192.352 samples=10 lidar_buffer=0 imu_buffer=44
[fastlio_mapping-1] FAST_LIO_OUTPUT_TIMING age_ms_avg=130.787 age_ms_max=203.422 samples=10
[fastlio_mapping-1] FAST_LIO_INPUT_TIMING age_ms_avg=125.615 age_ms_max=138.316 samples=10 lidar_buffer=0 imu_buffer=50
[fastlio_mapping-1] FAST_LIO_OUTPUT_TIMING age_ms_avg=135.238 age_ms_max=149.334 samples=10
[fastlio_mapping-1] FAST_LIO_INPUT_TIMING age_ms_avg=152.015 age_ms_max=166.054 samples=10 lidar_buffer=0 imu_buffer=55
[fastlio_mapping-1] FAST_LIO_OUTPUT_TIMING age_ms_avg=160.779 age_ms_max=177.277 samples=10
[fastlio_mapping-1] FAST_LIO_INPUT_TIMING age_ms_avg=178.341 age_ms_max=186.348 samples=10 lidar_buffer=0 imu_buffer=59
[fastlio_mapping-1] FAST_LIO_OUTPUT_TIMING age_ms_avg=188.03 age_ms_max=197.383 samples=10
[fastlio_mapping-1] FAST_LIO_INPUT_TIMING age_ms_avg=100.986 age_ms_max=113.398 samples=10 lidar_buffer=0 imu_buffer=46
[fastlio_mapping-1] FAST_LIO_OUTPUT_TIMING age_ms_avg=107.755 age_ms_max=120.534 samples=10
[fastlio_mapping-1] FAST_LIO_INPUT_TIMING age_ms_avg=131.413 age_ms_max=145.822 samples=10 lidar_buffer=0 imu_buffer=51
[fastlio_mapping-1] FAST_LIO_OUTPUT_TIMING age_ms_avg=140.349 age_ms_max=157.163 samples=10
[fastlio_mapping-1] FAST_LIO_INPUT_TIMING age_ms_avg=155.875 age_ms_max=169.433 samples=10 lidar_buffer=0 imu_buffer=55
[fastlio_mapping-1] FAST_LIO_OUTPUT_TIMING age_ms_avg=164.688 age_ms_max=180.681 samples=10
[fastlio_mapping-1] FAST_LIO_INPUT_TIMING age_ms_avg=170.974 age_ms_max=187.043 samples=10 lidar_buffer=0 imu_buffer=61
[fastlio_mapping-1] FAST_LIO_OUTPUT_TIMING age_ms_avg=180.989 age_ms_max=196.271 samples=10
[fastlio_mapping-1] FAST_LIO_INPUT_TIMING age_ms_avg=107.378 age_ms_max=118.846 samples=10 lidar_buffer=0 imu_buffer=46
[fastlio_mapping-1] FAST_LIO_OUTPUT_TIMING age_ms_avg=116.45 age_ms_max=129.904 samples=10
[fastlio_mapping-1] FAST_LIO_INPUT_TIMING age_ms_avg=133.382 age_ms_max=146.7 samples=10 lidar_buffer=0 imu_buffer=51
[fastlio_mapping-1] FAST_LIO_OUTPUT_TIMING age_ms_avg=142.82 age_ms_max=157.646 samples=10
[fastlio_mapping-1] FAST_LIO_INPUT_TIMING age_ms_avg=158.755 age_ms_max=169.204 samples=10 lidar_buffer=0 imu_buffer=57
[fastlio_mapping-1] FAST_LIO_OUTPUT_TIMING age_ms_avg=166.797 age_ms_max=180.116 samples=10
[fastlio_mapping-1] FAST_LIO_INPUT_TIMING age_ms_avg=146.853 age_ms_max=191.109 samples=10 lidar_buffer=0 imu_buffer=42
[fastlio_mapping-1] FAST_LIO_OUTPUT_TIMING age_ms_avg=155.207 age_ms_max=201.852 samples=10
[fastlio_mapping-1] FAST_LIO_INPUT_TIMING age_ms_avg=112.928 age_ms_max=123.035 samples=10 lidar_buffer=0 imu_buffer=47
[fastlio_mapping-1] FAST_LIO_OUTPUT_TIMING age_ms_avg=121.494 age_ms_max=130.244 samples=10
