[rosmaster.main][INFO] 2023-09-04 16:48:56,352: initialization complete, waiting for shutdown
[rosmaster.main][INFO] 2023-09-04 16:48:56,352: Starting ROS Master Node
[xmlrpc][INFO] 2023-09-04 16:48:56,356: XML-RPC server binding to 0.0.0.0:11311
[xmlrpc][INFO] 2023-09-04 16:48:56,356: Started XML-RPC server [http://ubuntu:11311/]
[rosmaster.master][INFO] 2023-09-04 16:48:56,357: Master initialized: port[11311], uri[http://ubuntu:11311/]
[xmlrpc][INFO] 2023-09-04 16:48:56,357: xml rpc node: starting XML-RPC server
[rosmaster.master][INFO] 2023-09-04 16:48:56,471: +PARAM [/run_id] by /roslaunch
[rosmaster.master][INFO] 2023-09-04 16:48:56,472: +PARAM [/roslaunch/uris/host_ubuntu__34299] by /roslaunch
[rosmaster.master][INFO] 2023-09-04 16:48:56,589: +PARAM [/rosversion] by /roslaunch
[rosmaster.master][INFO] 2023-09-04 16:48:56,590: +PARAM [/rosdistro] by /roslaunch
[rosmaster.master][INFO] 2023-09-04 16:48:56,616: +SERVICE [/rosout/get_loggers] /rosout http://ubuntu:36231/
[rosmaster.master][INFO] 2023-09-04 16:48:56,616: +SERVICE [/rosout/set_logger_level] /rosout http://ubuntu:36231/
[rosmaster.master][INFO] 2023-09-04 16:48:56,618: +PUB [/rosout_agg] /rosout http://ubuntu:36231/
[rosmaster.master][INFO] 2023-09-04 16:48:56,621: +SUB [/rosout] /rosout http://ubuntu:36231/
[rosmaster.master][INFO] 2023-09-04 16:49:23,388: +PARAM [/roslaunch/uris/host_ubuntu__45005] by /roslaunch
[rosmaster.master][INFO] 2023-09-04 16:49:23,396: +PARAM [/rosversion] by /roslaunch
[rosmaster.master][INFO] 2023-09-04 16:49:23,397: +PARAM [/rosdistro] by /roslaunch
[rosmaster.master][INFO] 2023-09-04 16:49:23,397: +PARAM [/camera/realsense2_camera/serial_no] by /roslaunch
[rosmaster.master][INFO] 2023-09-04 16:49:23,397: +PARAM [/camera/realsense2_camera/usb_port_id] by /roslaunch
[rosmaster.master][INFO] 2023-09-04 16:49:23,397: +PARAM [/camera/realsense2_camera/device_type] by /roslaunch
[rosmaster.master][INFO] 2023-09-04 16:49:23,397: +PARAM [/camera/realsense2_camera/json_file_path] by /roslaunch
[rosmaster.master][INFO] 2023-09-04 16:49:23,398: +PARAM [/camera/realsense2_camera/rosbag_filename] by /roslaunch
[rosmaster.master][INFO] 2023-09-04 16:49:23,398: +PARAM [/camera/realsense2_camera/enable_pointcloud] by /roslaunch
[rosmaster.master][INFO] 2023-09-04 16:49:23,398: +PARAM [/camera/realsense2_camera/pointcloud_texture_stream] by /roslaunch
[rosmaster.master][INFO] 2023-09-04 16:49:23,398: +PARAM [/camera/realsense2_camera/pointcloud_texture_index] by /roslaunch
[rosmaster.master][INFO] 2023-09-04 16:49:23,398: +PARAM [/camera/realsense2_camera/allow_no_texture_points] by /roslaunch
[rosmaster.master][INFO] 2023-09-04 16:49:23,398: +PARAM [/camera/realsense2_camera/ordered_pc] by /roslaunch
[rosmaster.master][INFO] 2023-09-04 16:49:23,398: +PARAM [/camera/realsense2_camera/enable_sync] by /roslaunch
[rosmaster.master][INFO] 2023-09-04 16:49:23,399: +PARAM [/camera/realsense2_camera/align_depth] by /roslaunch
[rosmaster.master][INFO] 2023-09-04 16:49:23,399: +PARAM [/camera/realsense2_camera/fisheye_width] by /roslaunch
[rosmaster.master][INFO] 2023-09-04 16:49:23,399: +PARAM [/camera/realsense2_camera/fisheye_height] by /roslaunch
[rosmaster.master][INFO] 2023-09-04 16:49:23,399: +PARAM [/camera/realsense2_camera/enable_fisheye] by /roslaunch
[rosmaster.master][INFO] 2023-09-04 16:49:23,399: +PARAM [/camera/realsense2_camera/enable_fisheye1] by /roslaunch
[rosmaster.master][INFO] 2023-09-04 16:49:23,399: +PARAM [/camera/realsense2_camera/enable_fisheye2] by /roslaunch
[rosmaster.master][INFO] 2023-09-04 16:49:23,399: +PARAM [/camera/realsense2_camera/depth_width] by /roslaunch
[rosmaster.master][INFO] 2023-09-04 16:49:23,400: +PARAM [/camera/realsense2_camera/depth_height] by /roslaunch
[rosmaster.master][INFO] 2023-09-04 16:49:23,400: +PARAM [/camera/realsense2_camera/enable_depth] by /roslaunch
[rosmaster.master][INFO] 2023-09-04 16:49:23,400: +PARAM [/camera/realsense2_camera/confidence_width] by /roslaunch
[rosmaster.master][INFO] 2023-09-04 16:49:23,400: +PARAM [/camera/realsense2_camera/confidence_height] by /roslaunch
[rosmaster.master][INFO] 2023-09-04 16:49:23,400: +PARAM [/camera/realsense2_camera/enable_confidence] by /roslaunch
[rosmaster.master][INFO] 2023-09-04 16:49:23,400: +PARAM [/camera/realsense2_camera/confidence_fps] by /roslaunch
[rosmaster.master][INFO] 2023-09-04 16:49:23,400: +PARAM [/camera/realsense2_camera/color_width] by /roslaunch
[rosmaster.master][INFO] 2023-09-04 16:49:23,400: +PARAM [/camera/realsense2_camera/color_height] by /roslaunch
[rosmaster.master][INFO] 2023-09-04 16:49:23,400: +PARAM [/camera/realsense2_camera/enable_color] by /roslaunch
[rosmaster.master][INFO] 2023-09-04 16:49:23,400: +PARAM [/camera/realsense2_camera/infra_width] by /roslaunch
[rosmaster.master][INFO] 2023-09-04 16:49:23,401: +PARAM [/camera/realsense2_camera/infra_height] by /roslaunch
[rosmaster.master][INFO] 2023-09-04 16:49:23,401: +PARAM [/camera/realsense2_camera/enable_infra] by /roslaunch
[rosmaster.master][INFO] 2023-09-04 16:49:23,401: +PARAM [/camera/realsense2_camera/enable_infra1] by /roslaunch
[rosmaster.master][INFO] 2023-09-04 16:49:23,401: +PARAM [/camera/realsense2_camera/enable_infra2] by /roslaunch
[rosmaster.master][INFO] 2023-09-04 16:49:23,401: +PARAM [/camera/realsense2_camera/infra_rgb] by /roslaunch
[rosmaster.master][INFO] 2023-09-04 16:49:23,401: +PARAM [/camera/realsense2_camera/fisheye_fps] by /roslaunch
[rosmaster.master][INFO] 2023-09-04 16:49:23,401: +PARAM [/camera/realsense2_camera/depth_fps] by /roslaunch
[rosmaster.master][INFO] 2023-09-04 16:49:23,401: +PARAM [/camera/realsense2_camera/infra_fps] by /roslaunch
[rosmaster.master][INFO] 2023-09-04 16:49:23,401: +PARAM [/camera/realsense2_camera/color_fps] by /roslaunch
[rosmaster.master][INFO] 2023-09-04 16:49:23,401: +PARAM [/camera/realsense2_camera/gyro_fps] by /roslaunch
[rosmaster.master][INFO] 2023-09-04 16:49:23,401: +PARAM [/camera/realsense2_camera/accel_fps] by /roslaunch
[rosmaster.master][INFO] 2023-09-04 16:49:23,402: +PARAM [/camera/realsense2_camera/enable_gyro] by /roslaunch
[rosmaster.master][INFO] 2023-09-04 16:49:23,402: +PARAM [/camera/realsense2_camera/enable_accel] by /roslaunch
[rosmaster.master][INFO] 2023-09-04 16:49:23,402: +PARAM [/camera/realsense2_camera/enable_pose] by /roslaunch
[rosmaster.master][INFO] 2023-09-04 16:49:23,402: +PARAM [/camera/realsense2_camera/base_frame_id] by /roslaunch
[rosmaster.master][INFO] 2023-09-04 16:49:23,402: +PARAM [/camera/realsense2_camera/depth_frame_id] by /roslaunch
[rosmaster.master][INFO] 2023-09-04 16:49:23,402: +PARAM [/camera/realsense2_camera/infra1_frame_id] by /roslaunch
[rosmaster.master][INFO] 2023-09-04 16:49:23,402: +PARAM [/camera/realsense2_camera/infra2_frame_id] by /roslaunch
[rosmaster.master][INFO] 2023-09-04 16:49:23,402: +PARAM [/camera/realsense2_camera/color_frame_id] by /roslaunch
[rosmaster.master][INFO] 2023-09-04 16:49:23,402: +PARAM [/camera/realsense2_camera/fisheye_frame_id] by /roslaunch
[rosmaster.master][INFO] 2023-09-04 16:49:23,402: +PARAM [/camera/realsense2_camera/fisheye1_frame_id] by /roslaunch
[rosmaster.master][INFO] 2023-09-04 16:49:23,402: +PARAM [/camera/realsense2_camera/fisheye2_frame_id] by /roslaunch
[rosmaster.master][INFO] 2023-09-04 16:49:23,402: +PARAM [/camera/realsense2_camera/accel_frame_id] by /roslaunch
[rosmaster.master][INFO] 2023-09-04 16:49:23,403: +PARAM [/camera/realsense2_camera/gyro_frame_id] by /roslaunch
[rosmaster.master][INFO] 2023-09-04 16:49:23,403: +PARAM [/camera/realsense2_camera/pose_frame_id] by /roslaunch
[rosmaster.master][INFO] 2023-09-04 16:49:23,403: +PARAM [/camera/realsense2_camera/depth_optical_frame_id] by /roslaunch
[rosmaster.master][INFO] 2023-09-04 16:49:23,403: +PARAM [/camera/realsense2_camera/infra1_optical_frame_id] by /roslaunch
[rosmaster.master][INFO] 2023-09-04 16:49:23,403: +PARAM [/camera/realsense2_camera/infra2_optical_frame_id] by /roslaunch
[rosmaster.master][INFO] 2023-09-04 16:49:23,403: +PARAM [/camera/realsense2_camera/color_optical_frame_id] by /roslaunch
[rosmaster.master][INFO] 2023-09-04 16:49:23,403: +PARAM [/camera/realsense2_camera/fisheye_optical_frame_id] by /roslaunch
[rosmaster.master][INFO] 2023-09-04 16:49:23,403: +PARAM [/camera/realsense2_camera/fisheye1_optical_frame_id] by /roslaunch
[rosmaster.master][INFO] 2023-09-04 16:49:23,403: +PARAM [/camera/realsense2_camera/fisheye2_optical_frame_id] by /roslaunch
[rosmaster.master][INFO] 2023-09-04 16:49:23,403: +PARAM [/camera/realsense2_camera/accel_optical_frame_id] by /roslaunch
[rosmaster.master][INFO] 2023-09-04 16:49:23,404: +PARAM [/camera/realsense2_camera/gyro_optical_frame_id] by /roslaunch
[rosmaster.master][INFO] 2023-09-04 16:49:23,404: +PARAM [/camera/realsense2_camera/imu_optical_frame_id] by /roslaunch
[rosmaster.master][INFO] 2023-09-04 16:49:23,404: +PARAM [/camera/realsense2_camera/pose_optical_frame_id] by /roslaunch
[rosmaster.master][INFO] 2023-09-04 16:49:23,404: +PARAM [/camera/realsense2_camera/aligned_depth_to_color_frame_id] by /roslaunch
[rosmaster.master][INFO] 2023-09-04 16:49:23,404: +PARAM [/camera/realsense2_camera/aligned_depth_to_infra1_frame_id] by /roslaunch
[rosmaster.master][INFO] 2023-09-04 16:49:23,404: +PARAM [/camera/realsense2_camera/aligned_depth_to_infra2_frame_id] by /roslaunch
[rosmaster.master][INFO] 2023-09-04 16:49:23,404: +PARAM [/camera/realsense2_camera/aligned_depth_to_fisheye_frame_id] by /roslaunch
[rosmaster.master][INFO] 2023-09-04 16:49:23,404: +PARAM [/camera/realsense2_camera/aligned_depth_to_fisheye1_frame_id] by /roslaunch
[rosmaster.master][INFO] 2023-09-04 16:49:23,404: +PARAM [/camera/realsense2_camera/aligned_depth_to_fisheye2_frame_id] by /roslaunch
[rosmaster.master][INFO] 2023-09-04 16:49:23,404: +PARAM [/camera/realsense2_camera/publish_tf] by /roslaunch
[rosmaster.master][INFO] 2023-09-04 16:49:23,404: +PARAM [/camera/realsense2_camera/tf_publish_rate] by /roslaunch
[rosmaster.master][INFO] 2023-09-04 16:49:23,404: +PARAM [/camera/realsense2_camera/odom_frame_id] by /roslaunch
[rosmaster.master][INFO] 2023-09-04 16:49:23,405: +PARAM [/camera/realsense2_camera/topic_odom_in] by /roslaunch
[rosmaster.master][INFO] 2023-09-04 16:49:23,405: +PARAM [/camera/realsense2_camera/calib_odom_file] by /roslaunch
[rosmaster.master][INFO] 2023-09-04 16:49:23,405: +PARAM [/camera/realsense2_camera/publish_odom_tf] by /roslaunch
[rosmaster.master][INFO] 2023-09-04 16:49:23,405: +PARAM [/camera/realsense2_camera/stereo_module/exposure/1] by /roslaunch
[rosmaster.master][INFO] 2023-09-04 16:49:23,405: +PARAM [/camera/realsense2_camera/stereo_module/gain/1] by /roslaunch
[rosmaster.master][INFO] 2023-09-04 16:49:23,405: +PARAM [/camera/realsense2_camera/stereo_module/exposure/2] by /roslaunch
[rosmaster.master][INFO] 2023-09-04 16:49:23,405: +PARAM [/camera/realsense2_camera/stereo_module/gain/2] by /roslaunch
[rosmaster.master][INFO] 2023-09-04 16:49:23,405: +PARAM [/camera/realsense2_camera/filters] by /roslaunch
[rosmaster.master][INFO] 2023-09-04 16:49:23,405: +PARAM [/camera/realsense2_camera/clip_distance] by /roslaunch
[rosmaster.master][INFO] 2023-09-04 16:49:23,405: +PARAM [/camera/realsense2_camera/linear_accel_cov] by /roslaunch
[rosmaster.master][INFO] 2023-09-04 16:49:23,405: +PARAM [/camera/realsense2_camera/initial_reset] by /roslaunch
[rosmaster.master][INFO] 2023-09-04 16:49:23,405: +PARAM [/camera/realsense2_camera/reconnect_timeout] by /roslaunch
[rosmaster.master][INFO] 2023-09-04 16:49:23,406: +PARAM [/camera/realsense2_camera/wait_for_device_timeout] by /roslaunch
[rosmaster.master][INFO] 2023-09-04 16:49:23,406: +PARAM [/camera/realsense2_camera/unite_imu_method] by /roslaunch
[rosmaster.master][INFO] 2023-09-04 16:49:23,492: +PUB [/rosout] /camera/realsense2_camera http://ubuntu:40833/
[rosmaster.master][INFO] 2023-09-04 16:49:23,493: +SERVICE [/camera/realsense2_camera/get_loggers] /camera/realsense2_camera http://ubuntu:40833/
[rosmaster.master][INFO] 2023-09-04 16:49:23,494: +SERVICE [/camera/realsense2_camera/set_logger_level] /camera/realsense2_camera http://ubuntu:40833/
[rosmaster.master][INFO] 2023-09-04 16:49:23,495: +CACHEDPARAM [/rosout_disable_topics_generation] by /camera/realsense2_camera
[rosmaster.master][INFO] 2023-09-04 16:49:23,496: publisherUpdate[/rosout] -> http://ubuntu:36231/ ['http://ubuntu:40833/']
[rosmaster.master][INFO] 2023-09-04 16:49:23,499: +PARAM [/camera/realsense2_camera] by /camera/realsense2_camera
[rosmaster.master][INFO] 2023-09-04 16:49:23,503: publisherUpdate[/rosout] -> http://ubuntu:36231/ ['http://ubuntu:40833/']: sec=0.01, result=[1, '', 0]
[rosmaster.master][INFO] 2023-09-04 16:49:23,509: +PUB [/rosout] /camera/realsense2_camera_manager http://ubuntu:36845/
[rosmaster.master][INFO] 2023-09-04 16:49:23,509: +SERVICE [/camera/realsense2_camera_manager/get_loggers] /camera/realsense2_camera_manager http://ubuntu:36845/
[rosmaster.master][INFO] 2023-09-04 16:49:23,510: +SERVICE [/camera/realsense2_camera_manager/set_logger_level] /camera/realsense2_camera_manager http://ubuntu:36845/
[rosmaster.master][INFO] 2023-09-04 16:49:23,512: +CACHEDPARAM [/rosout_disable_topics_generation] by /camera/realsense2_camera_manager
[rosmaster.master][INFO] 2023-09-04 16:49:23,513: +SERVICE [/camera/realsense2_camera_manager/load_nodelet] /camera/realsense2_camera_manager http://ubuntu:36845/
[rosmaster.master][INFO] 2023-09-04 16:49:23,513: +SERVICE [/camera/realsense2_camera_manager/unload_nodelet] /camera/realsense2_camera_manager http://ubuntu:36845/
[rosmaster.master][INFO] 2023-09-04 16:49:23,514: +SERVICE [/camera/realsense2_camera_manager/list] /camera/realsense2_camera_manager http://ubuntu:36845/
[rosmaster.master][INFO] 2023-09-04 16:49:23,597: publisherUpdate[/rosout] -> http://ubuntu:36231/ ['http://ubuntu:40833/', 'http://ubuntu:36845/']
[rosmaster.master][INFO] 2023-09-04 16:49:23,599: publisherUpdate[/rosout] -> http://ubuntu:36231/ ['http://ubuntu:40833/', 'http://ubuntu:36845/']: sec=0.00, result=[1, '', 0]
[rosmaster.master][INFO] 2023-09-04 16:49:23,679: +PUB [/camera/realsense2_camera_manager/bond] /camera/realsense2_camera_manager http://ubuntu:36845/
[rosmaster.master][INFO] 2023-09-04 16:49:23,682: +SUB [/camera/realsense2_camera_manager/bond] /camera/realsense2_camera_manager http://ubuntu:36845/
[rosmaster.master][INFO] 2023-09-04 16:49:23,693: +SERVICE [/camera/enable] /camera/realsense2_camera_manager http://ubuntu:36845/
[rosmaster.master][INFO] 2023-09-04 16:49:23,696: +SERVICE [/camera/realsense2_camera/reset] /camera/realsense2_camera_manager http://ubuntu:36845/
[rosmaster.master][INFO] 2023-09-04 16:49:23,699: +PUB [/camera/realsense2_camera_manager/bond] /camera/realsense2_camera http://ubuntu:40833/
[rosmaster.master][INFO] 2023-09-04 16:49:23,700: publisherUpdate[/camera/realsense2_camera_manager/bond] -> http://ubuntu:36845/ ['http://ubuntu:36845/', 'http://ubuntu:40833/']
[rosmaster.master][INFO] 2023-09-04 16:49:23,702: publisherUpdate[/camera/realsense2_camera_manager/bond] -> http://ubuntu:36845/ ['http://ubuntu:36845/', 'http://ubuntu:40833/']: sec=0.00, result=[1, '', 0]
[rosmaster.master][INFO] 2023-09-04 16:49:23,704: +SUB [/camera/realsense2_camera_manager/bond] /camera/realsense2_camera http://ubuntu:40833/
[rosmaster.master][INFO] 2023-09-04 16:49:23,959: +PUB [/tf_static] /camera/realsense2_camera_manager http://ubuntu:36845/
[rosmaster.master][INFO] 2023-09-04 16:49:23,960: +CACHEDPARAM [/rosout/omit_topics] by /rosout
[rosmaster.master][INFO] 2023-09-04 16:49:23,962: +PUB [/tf] /camera/realsense2_camera_manager http://ubuntu:36845/
[rosmaster.master][INFO] 2023-09-04 16:49:27,435: +PUB [/camera/stereo_module/parameter_descriptions] /camera/realsense2_camera_manager http://ubuntu:36845/
[rosmaster.master][INFO] 2023-09-04 16:49:27,438: +PUB [/camera/stereo_module/parameter_updates] /camera/realsense2_camera_manager http://ubuntu:36845/
[rosmaster.master][INFO] 2023-09-04 16:49:27,441: +SERVICE [/camera/stereo_module/set_parameters] /camera/realsense2_camera_manager http://ubuntu:36845/
[rosmaster.master][INFO] 2023-09-04 16:49:29,033: +PUB [/camera/rgb_camera/parameter_descriptions] /camera/realsense2_camera_manager http://ubuntu:36845/
[rosmaster.master][INFO] 2023-09-04 16:49:29,034: +PUB [/camera/rgb_camera/parameter_updates] /camera/realsense2_camera_manager http://ubuntu:36845/
[rosmaster.master][INFO] 2023-09-04 16:49:29,035: +SERVICE [/camera/rgb_camera/set_parameters] /camera/realsense2_camera_manager http://ubuntu:36845/
[rosmaster.master][INFO] 2023-09-04 16:49:29,039: +PUB [/camera/motion_module/parameter_descriptions] /camera/realsense2_camera_manager http://ubuntu:36845/
[rosmaster.master][INFO] 2023-09-04 16:49:29,039: +PUB [/camera/motion_module/parameter_updates] /camera/realsense2_camera_manager http://ubuntu:36845/
[rosmaster.master][INFO] 2023-09-04 16:49:29,042: +SERVICE [/camera/motion_module/set_parameters] /camera/realsense2_camera_manager http://ubuntu:36845/
[rosmaster.master][INFO] 2023-09-04 16:49:29,048: +PUB [/diagnostics] /camera/realsense2_camera_manager http://ubuntu:36845/
[rosmaster.master][INFO] 2023-09-04 16:49:29,052: +CACHEDPARAM [/camera/realsense2_camera_manager/diagnostic_period] by /camera/realsense2_camera_manager
[rosmaster.master][INFO] 2023-09-04 16:49:29,058: +PUB [/camera/depth/image_rect_raw/compressedDepth] /camera/realsense2_camera_manager http://ubuntu:36845/
[rosmaster.master][INFO] 2023-09-04 16:49:29,060: +SERVICE [/camera/depth/image_rect_raw/compressedDepth/set_parameters] /camera/realsense2_camera_manager http://ubuntu:36845/
[rosmaster.master][INFO] 2023-09-04 16:49:29,062: +PUB [/camera/depth/image_rect_raw/compressedDepth/parameter_descriptions] /camera/realsense2_camera_manager http://ubuntu:36845/
[rosmaster.master][INFO] 2023-09-04 16:49:29,067: +PUB [/camera/depth/image_rect_raw/compressedDepth/parameter_updates] /camera/realsense2_camera_manager http://ubuntu:36845/
[rosmaster.master][INFO] 2023-09-04 16:49:29,072: +PARAM [/camera/depth/image_rect_raw/compressedDepth/format] by /camera/realsense2_camera_manager
[rosmaster.master][INFO] 2023-09-04 16:49:29,073: +PARAM [/camera/depth/image_rect_raw/compressedDepth/depth_max] by /camera/realsense2_camera_manager
[rosmaster.master][INFO] 2023-09-04 16:49:29,078: +PARAM [/camera/depth/image_rect_raw/compressedDepth/depth_quantization] by /camera/realsense2_camera_manager
[rosmaster.master][INFO] 2023-09-04 16:49:29,082: +PARAM [/camera/depth/image_rect_raw/compressedDepth/png_level] by /camera/realsense2_camera_manager
[rosmaster.master][INFO] 2023-09-04 16:49:29,083: +PARAM [/camera/depth/image_rect_raw/compressedDepth/format] by /camera/realsense2_camera_manager
[rosmaster.master][INFO] 2023-09-04 16:49:29,083: +PARAM [/camera/depth/image_rect_raw/compressedDepth/depth_max] by /camera/realsense2_camera_manager
[rosmaster.master][INFO] 2023-09-04 16:49:29,084: +PARAM [/camera/depth/image_rect_raw/compressedDepth/depth_quantization] by /camera/realsense2_camera_manager
[rosmaster.master][INFO] 2023-09-04 16:49:29,085: +PARAM [/camera/depth/image_rect_raw/compressedDepth/png_level] by /camera/realsense2_camera_manager
[rosmaster.master][INFO] 2023-09-04 16:49:29,091: +PUB [/camera/depth/image_rect_raw/compressed] /camera/realsense2_camera_manager http://ubuntu:36845/
[rosmaster.master][INFO] 2023-09-04 16:49:29,093: +SERVICE [/camera/depth/image_rect_raw/compressed/set_parameters] /camera/realsense2_camera_manager http://ubuntu:36845/
[rosmaster.master][INFO] 2023-09-04 16:49:29,099: +PUB [/camera/depth/image_rect_raw/compressed/parameter_descriptions] /camera/realsense2_camera_manager http://ubuntu:36845/
[rosmaster.master][INFO] 2023-09-04 16:49:29,101: +PUB [/camera/depth/image_rect_raw/compressed/parameter_updates] /camera/realsense2_camera_manager http://ubuntu:36845/
[rosmaster.master][INFO] 2023-09-04 16:49:29,111: +PARAM [/camera/depth/image_rect_raw/compressed/format] by /camera/realsense2_camera_manager
[rosmaster.master][INFO] 2023-09-04 16:49:29,112: +PARAM [/camera/depth/image_rect_raw/compressed/jpeg_quality] by /camera/realsense2_camera_manager
[rosmaster.master][INFO] 2023-09-04 16:49:29,113: +PARAM [/camera/depth/image_rect_raw/compressed/jpeg_progressive] by /camera/realsense2_camera_manager
[rosmaster.master][INFO] 2023-09-04 16:49:29,118: +PARAM [/camera/depth/image_rect_raw/compressed/jpeg_optimize] by /camera/realsense2_camera_manager
[rosmaster.master][INFO] 2023-09-04 16:49:29,118: +PARAM [/camera/depth/image_rect_raw/compressed/jpeg_restart_interval] by /camera/realsense2_camera_manager
[rosmaster.master][INFO] 2023-09-04 16:49:29,119: +PARAM [/camera/depth/image_rect_raw/compressed/png_level] by /camera/realsense2_camera_manager
[rosmaster.master][INFO] 2023-09-04 16:49:29,123: +PARAM [/camera/depth/image_rect_raw/compressed/format] by /camera/realsense2_camera_manager
[rosmaster.master][INFO] 2023-09-04 16:49:29,125: +PARAM [/camera/depth/image_rect_raw/compressed/jpeg_quality] by /camera/realsense2_camera_manager
[rosmaster.master][INFO] 2023-09-04 16:49:29,127: +PARAM [/camera/depth/image_rect_raw/compressed/jpeg_progressive] by /camera/realsense2_camera_manager
[rosmaster.master][INFO] 2023-09-04 16:49:29,128: +PARAM [/camera/depth/image_rect_raw/compressed/jpeg_optimize] by /camera/realsense2_camera_manager
[rosmaster.master][INFO] 2023-09-04 16:49:29,128: +PARAM [/camera/depth/image_rect_raw/compressed/jpeg_restart_interval] by /camera/realsense2_camera_manager
[rosmaster.master][INFO] 2023-09-04 16:49:29,135: +PARAM [/camera/depth/image_rect_raw/compressed/png_level] by /camera/realsense2_camera_manager
[rosmaster.master][INFO] 2023-09-04 16:49:29,139: +PUB [/camera/depth/image_rect_raw] /camera/realsense2_camera_manager http://ubuntu:36845/
[rosmaster.master][INFO] 2023-09-04 16:49:29,149: +PUB [/camera/depth/image_rect_raw/theora] /camera/realsense2_camera_manager http://ubuntu:36845/
[rosmaster.master][INFO] 2023-09-04 16:49:29,150: +SERVICE [/camera/depth/image_rect_raw/theora/set_parameters] /camera/realsense2_camera_manager http://ubuntu:36845/
[rosmaster.master][INFO] 2023-09-04 16:49:29,151: +PUB [/camera/depth/image_rect_raw/theora/parameter_descriptions] /camera/realsense2_camera_manager http://ubuntu:36845/
[rosmaster.master][INFO] 2023-09-04 16:49:29,154: +PUB [/camera/depth/image_rect_raw/theora/parameter_updates] /camera/realsense2_camera_manager http://ubuntu:36845/
[rosmaster.master][INFO] 2023-09-04 16:49:29,161: +PARAM [/camera/depth/image_rect_raw/theora/optimize_for] by /camera/realsense2_camera_manager
[rosmaster.master][INFO] 2023-09-04 16:49:29,163: +PARAM [/camera/depth/image_rect_raw/theora/target_bitrate] by /camera/realsense2_camera_manager
[rosmaster.master][INFO] 2023-09-04 16:49:29,164: +PARAM [/camera/depth/image_rect_raw/theora/quality] by /camera/realsense2_camera_manager
[rosmaster.master][INFO] 2023-09-04 16:49:29,165: +PARAM [/camera/depth/image_rect_raw/theora/keyframe_frequency] by /camera/realsense2_camera_manager
[rosmaster.master][INFO] 2023-09-04 16:49:29,170: +PARAM [/camera/depth/image_rect_raw/theora/optimize_for] by /camera/realsense2_camera_manager
[rosmaster.master][INFO] 2023-09-04 16:49:29,171: +PARAM [/camera/depth/image_rect_raw/theora/target_bitrate] by /camera/realsense2_camera_manager
[rosmaster.master][INFO] 2023-09-04 16:49:29,172: +PARAM [/camera/depth/image_rect_raw/theora/quality] by /camera/realsense2_camera_manager
[rosmaster.master][INFO] 2023-09-04 16:49:29,172: +PARAM [/camera/depth/image_rect_raw/theora/keyframe_frequency] by /camera/realsense2_camera_manager
[rosmaster.master][INFO] 2023-09-04 16:49:29,173: +PUB [/camera/depth/camera_info] /camera/realsense2_camera_manager http://ubuntu:36845/
[rosmaster.master][INFO] 2023-09-04 16:49:29,173: +PUB [/camera/depth/metadata] /camera/realsense2_camera_manager http://ubuntu:36845/
[rosmaster.master][INFO] 2023-09-04 16:49:29,175: +PUB [/camera/infra1/image_rect_raw/compressedDepth] /camera/realsense2_camera_manager http://ubuntu:36845/
[rosmaster.master][INFO] 2023-09-04 16:49:29,177: +SERVICE [/camera/infra1/image_rect_raw/compressedDepth/set_parameters] /camera/realsense2_camera_manager http://ubuntu:36845/
[rosmaster.master][INFO] 2023-09-04 16:49:29,182: +PUB [/camera/infra1/image_rect_raw/compressedDepth/parameter_descriptions] /camera/realsense2_camera_manager http://ubuntu:36845/
[rosmaster.master][INFO] 2023-09-04 16:49:29,183: +PUB [/camera/infra1/image_rect_raw/compressedDepth/parameter_updates] /camera/realsense2_camera_manager http://ubuntu:36845/
[rosmaster.master][INFO] 2023-09-04 16:49:29,189: +PARAM [/camera/infra1/image_rect_raw/compressedDepth/format] by /camera/realsense2_camera_manager
[rosmaster.master][INFO] 2023-09-04 16:49:29,189: +PARAM [/camera/infra1/image_rect_raw/compressedDepth/depth_max] by /camera/realsense2_camera_manager
[rosmaster.master][INFO] 2023-09-04 16:49:29,190: +PARAM [/camera/infra1/image_rect_raw/compressedDepth/depth_quantization] by /camera/realsense2_camera_manager
[rosmaster.master][INFO] 2023-09-04 16:49:29,191: +PARAM [/camera/infra1/image_rect_raw/compressedDepth/png_level] by /camera/realsense2_camera_manager
[rosmaster.master][INFO] 2023-09-04 16:49:29,191: +PARAM [/camera/infra1/image_rect_raw/compressedDepth/format] by /camera/realsense2_camera_manager
[rosmaster.master][INFO] 2023-09-04 16:49:29,192: +PARAM [/camera/infra1/image_rect_raw/compressedDepth/depth_max] by /camera/realsense2_camera_manager
[rosmaster.master][INFO] 2023-09-04 16:49:29,193: +PARAM [/camera/infra1/image_rect_raw/compressedDepth/depth_quantization] by /camera/realsense2_camera_manager
[rosmaster.master][INFO] 2023-09-04 16:49:29,193: +PARAM [/camera/infra1/image_rect_raw/compressedDepth/png_level] by /camera/realsense2_camera_manager
[rosmaster.master][INFO] 2023-09-04 16:49:29,194: +PUB [/camera/infra1/image_rect_raw/compressed] /camera/realsense2_camera_manager http://ubuntu:36845/
[rosmaster.master][INFO] 2023-09-04 16:49:29,195: +SERVICE [/camera/infra1/image_rect_raw/compressed/set_parameters] /camera/realsense2_camera_manager http://ubuntu:36845/
[rosmaster.master][INFO] 2023-09-04 16:49:29,195: +PUB [/camera/infra1/image_rect_raw/compressed/parameter_descriptions] /camera/realsense2_camera_manager http://ubuntu:36845/
[rosmaster.master][INFO] 2023-09-04 16:49:29,196: +PUB [/camera/infra1/image_rect_raw/compressed/parameter_updates] /camera/realsense2_camera_manager http://ubuntu:36845/
[rosmaster.master][INFO] 2023-09-04 16:49:29,205: +PARAM [/camera/infra1/image_rect_raw/compressed/format] by /camera/realsense2_camera_manager
[rosmaster.master][INFO] 2023-09-04 16:49:29,208: +PARAM [/camera/infra1/image_rect_raw/compressed/jpeg_quality] by /camera/realsense2_camera_manager
[rosmaster.master][INFO] 2023-09-04 16:49:29,210: +PARAM [/camera/infra1/image_rect_raw/compressed/jpeg_progressive] by /camera/realsense2_camera_manager
[rosmaster.master][INFO] 2023-09-04 16:49:29,211: +PARAM [/camera/infra1/image_rect_raw/compressed/jpeg_optimize] by /camera/realsense2_camera_manager
[rosmaster.master][INFO] 2023-09-04 16:49:29,212: +PARAM [/camera/infra1/image_rect_raw/compressed/jpeg_restart_interval] by /camera/realsense2_camera_manager
[rosmaster.master][INFO] 2023-09-04 16:49:29,212: +PARAM [/camera/infra1/image_rect_raw/compressed/png_level] by /camera/realsense2_camera_manager
[rosmaster.master][INFO] 2023-09-04 16:49:29,213: +PARAM [/camera/infra1/image_rect_raw/compressed/format] by /camera/realsense2_camera_manager
[rosmaster.master][INFO] 2023-09-04 16:49:29,214: +PARAM [/camera/infra1/image_rect_raw/compressed/jpeg_quality] by /camera/realsense2_camera_manager
[rosmaster.master][INFO] 2023-09-04 16:49:29,214: +PARAM [/camera/infra1/image_rect_raw/compressed/jpeg_progressive] by /camera/realsense2_camera_manager
[rosmaster.master][INFO] 2023-09-04 16:49:29,215: +PARAM [/camera/infra1/image_rect_raw/compressed/jpeg_optimize] by /camera/realsense2_camera_manager
[rosmaster.master][INFO] 2023-09-04 16:49:29,216: +PARAM [/camera/infra1/image_rect_raw/compressed/jpeg_restart_interval] by /camera/realsense2_camera_manager
[rosmaster.master][INFO] 2023-09-04 16:49:29,216: +PARAM [/camera/infra1/image_rect_raw/compressed/png_level] by /camera/realsense2_camera_manager
[rosmaster.master][INFO] 2023-09-04 16:49:29,223: +PUB [/camera/infra1/image_rect_raw] /camera/realsense2_camera_manager http://ubuntu:36845/
[rosmaster.master][INFO] 2023-09-04 16:49:29,226: +PUB [/camera/infra1/image_rect_raw/theora] /camera/realsense2_camera_manager http://ubuntu:36845/
[rosmaster.master][INFO] 2023-09-04 16:49:29,228: +SERVICE [/camera/infra1/image_rect_raw/theora/set_parameters] /camera/realsense2_camera_manager http://ubuntu:36845/
[rosmaster.master][INFO] 2023-09-04 16:49:29,229: +PUB [/camera/infra1/image_rect_raw/theora/parameter_descriptions] /camera/realsense2_camera_manager http://ubuntu:36845/
[rosmaster.master][INFO] 2023-09-04 16:49:29,229: +PUB [/camera/infra1/image_rect_raw/theora/parameter_updates] /camera/realsense2_camera_manager http://ubuntu:36845/
[rosmaster.master][INFO] 2023-09-04 16:49:29,232: +PARAM [/camera/infra1/image_rect_raw/theora/optimize_for] by /camera/realsense2_camera_manager
[rosmaster.master][INFO] 2023-09-04 16:49:29,233: +PARAM [/camera/infra1/image_rect_raw/theora/target_bitrate] by /camera/realsense2_camera_manager
[rosmaster.master][INFO] 2023-09-04 16:49:29,233: +PARAM [/camera/infra1/image_rect_raw/theora/quality] by /camera/realsense2_camera_manager
[rosmaster.master][INFO] 2023-09-04 16:49:29,236: +PARAM [/camera/infra1/image_rect_raw/theora/keyframe_frequency] by /camera/realsense2_camera_manager
[rosmaster.master][INFO] 2023-09-04 16:49:29,237: +PARAM [/camera/infra1/image_rect_raw/theora/optimize_for] by /camera/realsense2_camera_manager
[rosmaster.master][INFO] 2023-09-04 16:49:29,237: +PARAM [/camera/infra1/image_rect_raw/theora/target_bitrate] by /camera/realsense2_camera_manager
[rosmaster.master][INFO] 2023-09-04 16:49:29,238: +PARAM [/camera/infra1/image_rect_raw/theora/quality] by /camera/realsense2_camera_manager
[rosmaster.master][INFO] 2023-09-04 16:49:29,242: +PARAM [/camera/infra1/image_rect_raw/theora/keyframe_frequency] by /camera/realsense2_camera_manager
[rosmaster.master][INFO] 2023-09-04 16:49:29,245: +PUB [/camera/infra1/camera_info] /camera/realsense2_camera_manager http://ubuntu:36845/
[rosmaster.master][INFO] 2023-09-04 16:49:29,247: +PUB [/camera/infra1/metadata] /camera/realsense2_camera_manager http://ubuntu:36845/
[rosmaster.master][INFO] 2023-09-04 16:49:29,249: +PUB [/camera/infra2/image_rect_raw/compressedDepth] /camera/realsense2_camera_manager http://ubuntu:36845/
[rosmaster.master][INFO] 2023-09-04 16:49:29,249: +SERVICE [/camera/infra2/image_rect_raw/compressedDepth/set_parameters] /camera/realsense2_camera_manager http://ubuntu:36845/
[rosmaster.master][INFO] 2023-09-04 16:49:29,250: +PUB [/camera/infra2/image_rect_raw/compressedDepth/parameter_descriptions] /camera/realsense2_camera_manager http://ubuntu:36845/
[rosmaster.master][INFO] 2023-09-04 16:49:29,250: +PUB [/camera/infra2/image_rect_raw/compressedDepth/parameter_updates] /camera/realsense2_camera_manager http://ubuntu:36845/
[rosmaster.master][INFO] 2023-09-04 16:49:29,253: +PARAM [/camera/infra2/image_rect_raw/compressedDepth/format] by /camera/realsense2_camera_manager
[rosmaster.master][INFO] 2023-09-04 16:49:29,259: +PARAM [/camera/infra2/image_rect_raw/compressedDepth/depth_max] by /camera/realsense2_camera_manager
[rosmaster.master][INFO] 2023-09-04 16:49:29,262: +PARAM [/camera/infra2/image_rect_raw/compressedDepth/depth_quantization] by /camera/realsense2_camera_manager
[rosmaster.master][INFO] 2023-09-04 16:49:29,264: +PARAM [/camera/infra2/image_rect_raw/compressedDepth/png_level] by /camera/realsense2_camera_manager
[rosmaster.master][INFO] 2023-09-04 16:49:29,265: +PARAM [/camera/infra2/image_rect_raw/compressedDepth/format] by /camera/realsense2_camera_manager
[rosmaster.master][INFO] 2023-09-04 16:49:29,266: +PARAM [/camera/infra2/image_rect_raw/compressedDepth/depth_max] by /camera/realsense2_camera_manager
[rosmaster.master][INFO] 2023-09-04 16:49:29,266: +PARAM [/camera/infra2/image_rect_raw/compressedDepth/depth_quantization] by /camera/realsense2_camera_manager
[rosmaster.master][INFO] 2023-09-04 16:49:29,267: +PARAM [/camera/infra2/image_rect_raw/compressedDepth/png_level] by /camera/realsense2_camera_manager
[rosmaster.master][INFO] 2023-09-04 16:49:29,268: +PUB [/camera/infra2/image_rect_raw/compressed] /camera/realsense2_camera_manager http://ubuntu:36845/
[rosmaster.master][INFO] 2023-09-04 16:49:29,269: +SERVICE [/camera/infra2/image_rect_raw/compressed/set_parameters] /camera/realsense2_camera_manager http://ubuntu:36845/
[rosmaster.master][INFO] 2023-09-04 16:49:29,269: +PUB [/camera/infra2/image_rect_raw/compressed/parameter_descriptions] /camera/realsense2_camera_manager http://ubuntu:36845/
[rosmaster.master][INFO] 2023-09-04 16:49:29,272: +PUB [/camera/infra2/image_rect_raw/compressed/parameter_updates] /camera/realsense2_camera_manager http://ubuntu:36845/
[rosmaster.master][INFO] 2023-09-04 16:49:29,276: +PARAM [/camera/infra2/image_rect_raw/compressed/format] by /camera/realsense2_camera_manager
[rosmaster.master][INFO] 2023-09-04 16:49:29,277: +PARAM [/camera/infra2/image_rect_raw/compressed/jpeg_quality] by /camera/realsense2_camera_manager
[rosmaster.master][INFO] 2023-09-04 16:49:29,277: +PARAM [/camera/infra2/image_rect_raw/compressed/jpeg_progressive] by /camera/realsense2_camera_manager
[rosmaster.master][INFO] 2023-09-04 16:49:29,278: +PARAM [/camera/infra2/image_rect_raw/compressed/jpeg_optimize] by /camera/realsense2_camera_manager
[rosmaster.master][INFO] 2023-09-04 16:49:29,281: +PARAM [/camera/infra2/image_rect_raw/compressed/jpeg_restart_interval] by /camera/realsense2_camera_manager
[rosmaster.master][INFO] 2023-09-04 16:49:29,282: +PARAM [/camera/infra2/image_rect_raw/compressed/png_level] by /camera/realsense2_camera_manager
[rosmaster.master][INFO] 2023-09-04 16:49:29,282: +PARAM [/camera/infra2/image_rect_raw/compressed/format] by /camera/realsense2_camera_manager
[rosmaster.master][INFO] 2023-09-04 16:49:29,283: +PARAM [/camera/infra2/image_rect_raw/compressed/jpeg_quality] by /camera/realsense2_camera_manager
[rosmaster.master][INFO] 2023-09-04 16:49:29,284: +PARAM [/camera/infra2/image_rect_raw/compressed/jpeg_progressive] by /camera/realsense2_camera_manager
[rosmaster.master][INFO] 2023-09-04 16:49:29,284: +PARAM [/camera/infra2/image_rect_raw/compressed/jpeg_optimize] by /camera/realsense2_camera_manager
[rosmaster.master][INFO] 2023-09-04 16:49:29,285: +PARAM [/camera/infra2/image_rect_raw/compressed/jpeg_restart_interval] by /camera/realsense2_camera_manager
[rosmaster.master][INFO] 2023-09-04 16:49:29,285: +PARAM [/camera/infra2/image_rect_raw/compressed/png_level] by /camera/realsense2_camera_manager
[rosmaster.master][INFO] 2023-09-04 16:49:29,286: +PUB [/camera/infra2/image_rect_raw] /camera/realsense2_camera_manager http://ubuntu:36845/
[rosmaster.master][INFO] 2023-09-04 16:49:29,287: +PUB [/camera/infra2/image_rect_raw/theora] /camera/realsense2_camera_manager http://ubuntu:36845/
[rosmaster.master][INFO] 2023-09-04 16:49:29,287: +SERVICE [/camera/infra2/image_rect_raw/theora/set_parameters] /camera/realsense2_camera_manager http://ubuntu:36845/
[rosmaster.master][INFO] 2023-09-04 16:49:29,288: +PUB [/camera/infra2/image_rect_raw/theora/parameter_descriptions] /camera/realsense2_camera_manager http://ubuntu:36845/
[rosmaster.master][INFO] 2023-09-04 16:49:29,288: +PUB [/camera/infra2/image_rect_raw/theora/parameter_updates] /camera/realsense2_camera_manager http://ubuntu:36845/
[rosmaster.master][INFO] 2023-09-04 16:49:29,290: +PARAM [/camera/infra2/image_rect_raw/theora/optimize_for] by /camera/realsense2_camera_manager
[rosmaster.master][INFO] 2023-09-04 16:49:29,291: +PARAM [/camera/infra2/image_rect_raw/theora/target_bitrate] by /camera/realsense2_camera_manager
[rosmaster.master][INFO] 2023-09-04 16:49:29,292: +PARAM [/camera/infra2/image_rect_raw/theora/quality] by /camera/realsense2_camera_manager
[rosmaster.master][INFO] 2023-09-04 16:49:29,292: +PARAM [/camera/infra2/image_rect_raw/theora/keyframe_frequency] by /camera/realsense2_camera_manager
[rosmaster.master][INFO] 2023-09-04 16:49:29,293: +PARAM [/camera/infra2/image_rect_raw/theora/optimize_for] by /camera/realsense2_camera_manager
[rosmaster.master][INFO] 2023-09-04 16:49:29,293: +PARAM [/camera/infra2/image_rect_raw/theora/target_bitrate] by /camera/realsense2_camera_manager
[rosmaster.master][INFO] 2023-09-04 16:49:29,294: +PARAM [/camera/infra2/image_rect_raw/theora/quality] by /camera/realsense2_camera_manager
[rosmaster.master][INFO] 2023-09-04 16:49:29,294: +PARAM [/camera/infra2/image_rect_raw/theora/keyframe_frequency] by /camera/realsense2_camera_manager
[rosmaster.master][INFO] 2023-09-04 16:49:29,295: +PUB [/camera/infra2/camera_info] /camera/realsense2_camera_manager http://ubuntu:36845/
[rosmaster.master][INFO] 2023-09-04 16:49:29,295: +PUB [/camera/infra2/metadata] /camera/realsense2_camera_manager http://ubuntu:36845/
[rosmaster.master][INFO] 2023-09-04 16:49:29,297: +PUB [/camera/color/image_raw/compressedDepth] /camera/realsense2_camera_manager http://ubuntu:36845/
[rosmaster.master][INFO] 2023-09-04 16:49:29,297: +SERVICE [/camera/color/image_raw/compressedDepth/set_parameters] /camera/realsense2_camera_manager http://ubuntu:36845/
[rosmaster.master][INFO] 2023-09-04 16:49:29,298: +PUB [/camera/color/image_raw/compressedDepth/parameter_descriptions] /camera/realsense2_camera_manager http://ubuntu:36845/
[rosmaster.master][INFO] 2023-09-04 16:49:29,299: +PUB [/camera/color/image_raw/compressedDepth/parameter_updates] /camera/realsense2_camera_manager http://ubuntu:36845/
[rosmaster.master][INFO] 2023-09-04 16:49:29,301: +PARAM [/camera/color/image_raw/compressedDepth/format] by /camera/realsense2_camera_manager
[rosmaster.master][INFO] 2023-09-04 16:49:29,301: +PARAM [/camera/color/image_raw/compressedDepth/depth_max] by /camera/realsense2_camera_manager
[rosmaster.master][INFO] 2023-09-04 16:49:29,302: +PARAM [/camera/color/image_raw/compressedDepth/depth_quantization] by /camera/realsense2_camera_manager
[rosmaster.master][INFO] 2023-09-04 16:49:29,302: +PARAM [/camera/color/image_raw/compressedDepth/png_level] by /camera/realsense2_camera_manager
[rosmaster.master][INFO] 2023-09-04 16:49:29,303: +PARAM [/camera/color/image_raw/compressedDepth/format] by /camera/realsense2_camera_manager
[rosmaster.master][INFO] 2023-09-04 16:49:29,304: +PARAM [/camera/color/image_raw/compressedDepth/depth_max] by /camera/realsense2_camera_manager
[rosmaster.master][INFO] 2023-09-04 16:49:29,304: +PARAM [/camera/color/image_raw/compressedDepth/depth_quantization] by /camera/realsense2_camera_manager
[rosmaster.master][INFO] 2023-09-04 16:49:29,305: +PARAM [/camera/color/image_raw/compressedDepth/png_level] by /camera/realsense2_camera_manager
[rosmaster.master][INFO] 2023-09-04 16:49:29,305: +PUB [/camera/color/image_raw/compressed] /camera/realsense2_camera_manager http://ubuntu:36845/
[rosmaster.master][INFO] 2023-09-04 16:49:29,306: +SERVICE [/camera/color/image_raw/compressed/set_parameters] /camera/realsense2_camera_manager http://ubuntu:36845/
[rosmaster.master][INFO] 2023-09-04 16:49:29,307: +PUB [/camera/color/image_raw/compressed/parameter_descriptions] /camera/realsense2_camera_manager http://ubuntu:36845/
[rosmaster.master][INFO] 2023-09-04 16:49:29,307: +PUB [/camera/color/image_raw/compressed/parameter_updates] /camera/realsense2_camera_manager http://ubuntu:36845/
[rosmaster.master][INFO] 2023-09-04 16:49:29,310: +PARAM [/camera/color/image_raw/compressed/format] by /camera/realsense2_camera_manager
[rosmaster.master][INFO] 2023-09-04 16:49:29,311: +PARAM [/camera/color/image_raw/compressed/jpeg_quality] by /camera/realsense2_camera_manager
[rosmaster.master][INFO] 2023-09-04 16:49:29,312: +PARAM [/camera/color/image_raw/compressed/jpeg_progressive] by /camera/realsense2_camera_manager
[rosmaster.master][INFO] 2023-09-04 16:49:29,312: +PARAM [/camera/color/image_raw/compressed/jpeg_optimize] by /camera/realsense2_camera_manager
[rosmaster.master][INFO] 2023-09-04 16:49:29,313: +PARAM [/camera/color/image_raw/compressed/jpeg_restart_interval] by /camera/realsense2_camera_manager
[rosmaster.master][INFO] 2023-09-04 16:49:29,313: +PARAM [/camera/color/image_raw/compressed/png_level] by /camera/realsense2_camera_manager
[rosmaster.master][INFO] 2023-09-04 16:49:29,314: +PARAM [/camera/color/image_raw/compressed/format] by /camera/realsense2_camera_manager
[rosmaster.master][INFO] 2023-09-04 16:49:29,314: +PARAM [/camera/color/image_raw/compressed/jpeg_quality] by /camera/realsense2_camera_manager
[rosmaster.master][INFO] 2023-09-04 16:49:29,315: +PARAM [/camera/color/image_raw/compressed/jpeg_progressive] by /camera/realsense2_camera_manager
[rosmaster.master][INFO] 2023-09-04 16:49:29,315: +PARAM [/camera/color/image_raw/compressed/jpeg_optimize] by /camera/realsense2_camera_manager
[rosmaster.master][INFO] 2023-09-04 16:49:29,316: +PARAM [/camera/color/image_raw/compressed/jpeg_restart_interval] by /camera/realsense2_camera_manager
[rosmaster.master][INFO] 2023-09-04 16:49:29,317: +PARAM [/camera/color/image_raw/compressed/png_level] by /camera/realsense2_camera_manager
[rosmaster.master][INFO] 2023-09-04 16:49:29,317: +PUB [/camera/color/image_raw] /camera/realsense2_camera_manager http://ubuntu:36845/
[rosmaster.master][INFO] 2023-09-04 16:49:29,318: +PUB [/camera/color/image_raw/theora] /camera/realsense2_camera_manager http://ubuntu:36845/
[rosmaster.master][INFO] 2023-09-04 16:49:29,318: +SERVICE [/camera/color/image_raw/theora/set_parameters] /camera/realsense2_camera_manager http://ubuntu:36845/
[rosmaster.master][INFO] 2023-09-04 16:49:29,319: +PUB [/camera/color/image_raw/theora/parameter_descriptions] /camera/realsense2_camera_manager http://ubuntu:36845/
[rosmaster.master][INFO] 2023-09-04 16:49:29,319: +PUB [/camera/color/image_raw/theora/parameter_updates] /camera/realsense2_camera_manager http://ubuntu:36845/
[rosmaster.master][INFO] 2023-09-04 16:49:29,322: +PARAM [/camera/color/image_raw/theora/optimize_for] by /camera/realsense2_camera_manager
[rosmaster.master][INFO] 2023-09-04 16:49:29,322: +PARAM [/camera/color/image_raw/theora/target_bitrate] by /camera/realsense2_camera_manager
[rosmaster.master][INFO] 2023-09-04 16:49:29,323: +PARAM [/camera/color/image_raw/theora/quality] by /camera/realsense2_camera_manager
[rosmaster.master][INFO] 2023-09-04 16:49:29,323: +PARAM [/camera/color/image_raw/theora/keyframe_frequency] by /camera/realsense2_camera_manager
[rosmaster.master][INFO] 2023-09-04 16:49:29,324: +PARAM [/camera/color/image_raw/theora/optimize_for] by /camera/realsense2_camera_manager
[rosmaster.master][INFO] 2023-09-04 16:49:29,324: +PARAM [/camera/color/image_raw/theora/target_bitrate] by /camera/realsense2_camera_manager
[rosmaster.master][INFO] 2023-09-04 16:49:29,325: +PARAM [/camera/color/image_raw/theora/quality] by /camera/realsense2_camera_manager
[rosmaster.master][INFO] 2023-09-04 16:49:29,326: +PARAM [/camera/color/image_raw/theora/keyframe_frequency] by /camera/realsense2_camera_manager
[rosmaster.master][INFO] 2023-09-04 16:49:29,326: +PUB [/camera/color/camera_info] /camera/realsense2_camera_manager http://ubuntu:36845/
[rosmaster.master][INFO] 2023-09-04 16:49:29,327: +PUB [/camera/color/metadata] /camera/realsense2_camera_manager http://ubuntu:36845/
[rosmaster.master][INFO] 2023-09-04 16:49:29,327: +PUB [/camera/extrinsics/depth_to_color] /camera/realsense2_camera_manager http://ubuntu:36845/
[rosmaster.master][INFO] 2023-09-04 16:49:29,328: +PUB [/camera/extrinsics/depth_to_infra1] /camera/realsense2_camera_manager http://ubuntu:36845/
[rosmaster.master][INFO] 2023-09-04 16:49:29,329: +PUB [/camera/extrinsics/depth_to_infra2] /camera/realsense2_camera_manager http://ubuntu:36845/
[rosmaster.master][INFO] 2023-09-04 16:49:29,760: +PUB [/camera/stereo_module/auto_exposure_roi/parameter_descriptions] /camera/realsense2_camera_manager http://ubuntu:36845/
[rosmaster.master][INFO] 2023-09-04 16:49:29,761: +PUB [/camera/stereo_module/auto_exposure_roi/parameter_updates] /camera/realsense2_camera_manager http://ubuntu:36845/
[rosmaster.master][INFO] 2023-09-04 16:49:29,761: +SERVICE [/camera/stereo_module/auto_exposure_roi/set_parameters] /camera/realsense2_camera_manager http://ubuntu:36845/
[rosmaster.master][INFO] 2023-09-04 16:49:29,770: +PUB [/camera/rgb_camera/auto_exposure_roi/parameter_descriptions] /camera/realsense2_camera_manager http://ubuntu:36845/
[rosmaster.master][INFO] 2023-09-04 16:49:29,771: +PUB [/camera/rgb_camera/auto_exposure_roi/parameter_updates] /camera/realsense2_camera_manager http://ubuntu:36845/
[rosmaster.master][INFO] 2023-09-04 16:49:29,772: +SERVICE [/camera/rgb_camera/auto_exposure_roi/set_parameters] /camera/realsense2_camera_manager http://ubuntu:36845/
[rosmaster.master][INFO] 2023-09-04 16:49:29,774: +SERVICE [/camera/realsense2_camera/device_info] /camera/realsense2_camera_manager http://ubuntu:36845/
[rosmaster.master][INFO] 2023-09-04 16:49:33,388: +PUB [/rosout] /rviz_1693817373377548719 http://ubuntu:41667/
[rosmaster.master][INFO] 2023-09-04 16:49:33,389: +SERVICE [/rviz_1693817373377548719/get_loggers] /rviz_1693817373377548719 http://ubuntu:41667/
[rosmaster.master][INFO] 2023-09-04 16:49:33,390: +SERVICE [/rviz_1693817373377548719/set_logger_level] /rviz_1693817373377548719 http://ubuntu:41667/
[rosmaster.master][INFO] 2023-09-04 16:49:33,392: +CACHEDPARAM [/rosout_disable_topics_generation] by /rviz_1693817373377548719
[rosmaster.master][INFO] 2023-09-04 16:49:33,417: publisherUpdate[/rosout] -> http://ubuntu:36231/ ['http://ubuntu:40833/', 'http://ubuntu:36845/', 'http://ubuntu:41667/']
[rosmaster.master][INFO] 2023-09-04 16:49:33,419: publisherUpdate[/rosout] -> http://ubuntu:36231/ ['http://ubuntu:40833/', 'http://ubuntu:36845/', 'http://ubuntu:41667/']: sec=0.00, result=[1, '', 0]
[rosmaster.master][INFO] 2023-09-04 16:49:34,330: +SUB [/tf] /rviz_1693817373377548719 http://ubuntu:41667/
[rosmaster.master][INFO] 2023-09-04 16:49:34,335: +SUB [/tf_static] /rviz_1693817373377548719 http://ubuntu:41667/
[rosmaster.master][INFO] 2023-09-04 16:49:34,424: +PUB [/initialpose] /rviz_1693817373377548719 http://ubuntu:41667/
[rosmaster.master][INFO] 2023-09-04 16:49:34,426: +PUB [/goal] /rviz_1693817373377548719 http://ubuntu:41667/
[rosmaster.master][INFO] 2023-09-04 16:49:34,431: -PUB [/goal] /rviz_1693817373377548719 http://ubuntu:41667/
[rosmaster.master][INFO] 2023-09-04 16:49:34,432: -PUB [/initialpose] /rviz_1693817373377548719 http://ubuntu:41667/
[rosmaster.master][INFO] 2023-09-04 16:49:34,439: +PUB [/initialpose] /rviz_1693817373377548719 http://ubuntu:41667/
[rosmaster.master][INFO] 2023-09-04 16:49:34,441: +PUB [/goal] /rviz_1693817373377548719 http://ubuntu:41667/
[rosmaster.master][INFO] 2023-09-04 16:49:34,441: +PUB [/move_base_simple/goal] /rviz_1693817373377548719 http://ubuntu:41667/
[rosmaster.master][INFO] 2023-09-04 16:49:34,442: -PUB [/goal] /rviz_1693817373377548719 http://ubuntu:41667/
[rosmaster.master][INFO] 2023-09-04 16:49:34,443: +PUB [/clicked_point] /rviz_1693817373377548719 http://ubuntu:41667/
[rosmaster.master][INFO] 2023-09-04 16:49:34,555: +SERVICE [/rviz_1693817373377548719/reload_shaders] /rviz_1693817373377548719 http://ubuntu:41667/
[rosmaster.master][INFO] 2023-09-04 16:49:34,557: +SERVICE [/rviz_1693817373377548719/load_config] /rviz_1693817373377548719 http://ubuntu:41667/
[rosmaster.master][INFO] 2023-09-04 16:49:34,558: +SERVICE [/rviz_1693817373377548719/load_config_discarding_changes] /rviz_1693817373377548719 http://ubuntu:41667/
[rosmaster.master][INFO] 2023-09-04 16:49:34,558: +SERVICE [/rviz_1693817373377548719/save_config] /rviz_1693817373377548719 http://ubuntu:41667/
[rosmaster.master][INFO] 2023-09-04 16:49:50,797: +SUB [/svo/pose_graph_pointcloud] /rviz_1693817373377548719 http://ubuntu:41667/
[rosmaster.master][INFO] 2023-09-04 16:49:50,801: +SUB [/visualization_marker] /rviz_1693817373377548719 http://ubuntu:41667/
[rosmaster.master][INFO] 2023-09-04 16:49:50,804: +SUB [/visualization_marker_array] /rviz_1693817373377548719 http://ubuntu:41667/
[rosmaster.master][INFO] 2023-09-04 16:49:50,806: -SUB [/visualization_marker] /rviz_1693817373377548719 http://ubuntu:41667/
[rosmaster.master][INFO] 2023-09-04 16:49:50,806: -SUB [/visualization_marker_array] /rviz_1693817373377548719 http://ubuntu:41667/
[rosmaster.master][INFO] 2023-09-04 16:49:50,809: +SUB [/svo/visible_fixed_landmarks] /rviz_1693817373377548719 http://ubuntu:41667/
[rosmaster.master][INFO] 2023-09-04 16:49:50,811: +SUB [/svo/visible_fixed_landmarks_array] /rviz_1693817373377548719 http://ubuntu:41667/
[rosmaster.master][INFO] 2023-09-04 16:49:50,820: +SUB [/visualization_marker] /rviz_1693817373377548719 http://ubuntu:41667/
[rosmaster.master][INFO] 2023-09-04 16:49:50,822: +SUB [/visualization_marker_array] /rviz_1693817373377548719 http://ubuntu:41667/
[rosmaster.master][INFO] 2023-09-04 16:49:50,824: -SUB [/visualization_marker] /rviz_1693817373377548719 http://ubuntu:41667/
[rosmaster.master][INFO] 2023-09-04 16:49:50,826: -SUB [/visualization_marker_array] /rviz_1693817373377548719 http://ubuntu:41667/
[rosmaster.master][INFO] 2023-09-04 16:49:50,829: +SUB [/svo/loop_closures] /rviz_1693817373377548719 http://ubuntu:41667/
[rosmaster.master][INFO] 2023-09-04 16:49:50,832: +SUB [/svo/loop_closures_array] /rviz_1693817373377548719 http://ubuntu:41667/
[rosmaster.master][INFO] 2023-09-04 16:49:50,838: +SUB [/svo/pose_graph] /rviz_1693817373377548719 http://ubuntu:41667/
[rosmaster.master][INFO] 2023-09-04 16:49:50,843: +SUB [/svo/global_map_query_kfs] /rviz_1693817373377548719 http://ubuntu:41667/
[rosmaster.master][INFO] 2023-09-04 16:49:50,854: +SUB [/svo/backend_pose_imu_viz] /rviz_1693817373377548719 http://ubuntu:41667/
[rosmaster.master][INFO] 2023-09-04 16:49:50,861: +SUB [/svo/global_map_pts] /rviz_1693817373377548719 http://ubuntu:41667/
[rosmaster.master][INFO] 2023-09-04 16:49:50,866: +SUB [/visualization_marker] /rviz_1693817373377548719 http://ubuntu:41667/
[rosmaster.master][INFO] 2023-09-04 16:49:50,870: +SUB [/visualization_marker_array] /rviz_1693817373377548719 http://ubuntu:41667/
[rosmaster.master][INFO] 2023-09-04 16:49:50,872: -SUB [/visualization_marker] /rviz_1693817373377548719 http://ubuntu:41667/
[rosmaster.master][INFO] 2023-09-04 16:49:50,872: -SUB [/visualization_marker_array] /rviz_1693817373377548719 http://ubuntu:41667/
[rosmaster.master][INFO] 2023-09-04 16:49:50,874: +SUB [/svo/points] /rviz_1693817373377548719 http://ubuntu:41667/
[rosmaster.master][INFO] 2023-09-04 16:49:50,879: +SUB [/svo/points_array] /rviz_1693817373377548719 http://ubuntu:41667/
[rosmaster.master][INFO] 2023-09-04 16:49:50,887: +SUB [/svo/backend_points] /rviz_1693817373377548719 http://ubuntu:41667/
[rosmaster.master][INFO] 2023-09-04 16:49:50,893: +SUB [/visualization_marker] /rviz_1693817373377548719 http://ubuntu:41667/
[rosmaster.master][INFO] 2023-09-04 16:49:50,895: +SUB [/visualization_marker_array] /rviz_1693817373377548719 http://ubuntu:41667/
[rosmaster.master][INFO] 2023-09-04 16:49:50,896: -SUB [/visualization_marker] /rviz_1693817373377548719 http://ubuntu:41667/
[rosmaster.master][INFO] 2023-09-04 16:49:50,897: -SUB [/visualization_marker_array] /rviz_1693817373377548719 http://ubuntu:41667/
[rosmaster.master][INFO] 2023-09-04 16:49:50,899: +SUB [/svo/keyframes] /rviz_1693817373377548719 http://ubuntu:41667/
[rosmaster.master][INFO] 2023-09-04 16:49:50,901: +SUB [/svo/keyframes_array] /rviz_1693817373377548719 http://ubuntu:41667/
[rosmaster.master][INFO] 2023-09-04 16:49:51,160: +SUB [/svo/image/0] /rviz_1693817373377548719 http://ubuntu:41667/
[rosmaster.master][INFO] 2023-09-04 16:49:51,232: -PUB [/clicked_point] /rviz_1693817373377548719 http://ubuntu:41667/
[rosmaster.master][INFO] 2023-09-04 16:49:51,234: -PUB [/move_base_simple/goal] /rviz_1693817373377548719 http://ubuntu:41667/
[rosmaster.master][INFO] 2023-09-04 16:49:51,234: -PUB [/initialpose] /rviz_1693817373377548719 http://ubuntu:41667/
[rosmaster.master][INFO] 2023-09-04 16:49:51,238: +PUB [/initialpose] /rviz_1693817373377548719 http://ubuntu:41667/
[rosmaster.master][INFO] 2023-09-04 16:49:51,241: +PUB [/goal] /rviz_1693817373377548719 http://ubuntu:41667/
[rosmaster.master][INFO] 2023-09-04 16:49:51,249: +PUB [/move_base_simple/goal] /rviz_1693817373377548719 http://ubuntu:41667/
[rosmaster.master][INFO] 2023-09-04 16:49:51,254: -PUB [/goal] /rviz_1693817373377548719 http://ubuntu:41667/
[rosmaster.master][INFO] 2023-09-04 16:49:51,255: +PUB [/clicked_point] /rviz_1693817373377548719 http://ubuntu:41667/
[rosmaster.master][INFO] 2023-09-04 16:49:51,335: -SUB [/svo/image/0] /rviz_1693817373377548719 http://ubuntu:41667/
[rosmaster.master][INFO] 2023-09-04 16:49:51,340: +SUB [/svo/image/0] /rviz_1693817373377548719 http://ubuntu:41667/
[rosmaster.master][INFO] 2023-09-04 16:51:29,019: +PARAM [/roslaunch/uris/host_ubuntu__38927] by /roslaunch
[rosmaster.master][INFO] 2023-09-04 16:51:29,033: +PARAM [/rosversion] by /roslaunch
[rosmaster.master][INFO] 2023-09-04 16:51:29,034: +PARAM [/rosdistro] by /roslaunch
[rosmaster.master][INFO] 2023-09-04 16:51:29,034: +PARAM [/svo/pipeline_is_stereo] by /roslaunch
[rosmaster.master][INFO] 2023-09-04 16:51:29,034: +PARAM [/svo/automatic_reinitialization] by /roslaunch
[rosmaster.master][INFO] 2023-09-04 16:51:29,034: +PARAM [/svo/max_depth_inv] by /roslaunch
[rosmaster.master][INFO] 2023-09-04 16:51:29,034: +PARAM [/svo/min_depth_inv] by /roslaunch
[rosmaster.master][INFO] 2023-09-04 16:51:29,034: +PARAM [/svo/mean_depth_inv] by /roslaunch
[rosmaster.master][INFO] 2023-09-04 16:51:29,034: +PARAM [/svo/use_imu] by /roslaunch
[rosmaster.master][INFO] 2023-09-04 16:51:29,034: +PARAM [/svo/img_align_prior_lambda_rot] by /roslaunch
[rosmaster.master][INFO] 2023-09-04 16:51:29,034: +PARAM [/svo/poseoptim_prior_lambda] by /roslaunch
[rosmaster.master][INFO] 2023-09-04 16:51:29,035: +PARAM [/svo/max_n_kfs] by /roslaunch
[rosmaster.master][INFO] 2023-09-04 16:51:29,035: +PARAM [/svo/kfselect_criterion] by /roslaunch
[rosmaster.master][INFO] 2023-09-04 16:51:29,035: +PARAM [/svo/kfselect_numkfs_upper_thresh] by /roslaunch
[rosmaster.master][INFO] 2023-09-04 16:51:29,035: +PARAM [/svo/kfselect_numkfs_lower_thresh] by /roslaunch
[rosmaster.master][INFO] 2023-09-04 16:51:29,035: +PARAM [/svo/kfselect_min_num_frames_between_kfs] by /roslaunch
[rosmaster.master][INFO] 2023-09-04 16:51:29,035: +PARAM [/svo/kfselect_min_disparity] by /roslaunch
[rosmaster.master][INFO] 2023-09-04 16:51:29,035: +PARAM [/svo/kfselect_min_angle] by /roslaunch
[rosmaster.master][INFO] 2023-09-04 16:51:29,035: +PARAM [/svo/kfselect_min_dist_metric] by /roslaunch
[rosmaster.master][INFO] 2023-09-04 16:51:29,035: +PARAM [/svo/update_seeds_with_old_keyframes] by /roslaunch
[rosmaster.master][INFO] 2023-09-04 16:51:29,036: +PARAM [/svo/img_align_max_level] by /roslaunch
[rosmaster.master][INFO] 2023-09-04 16:51:29,036: +PARAM [/svo/img_align_min_level] by /roslaunch
[rosmaster.master][INFO] 2023-09-04 16:51:29,036: +PARAM [/svo/poseoptim_thresh] by /roslaunch
[rosmaster.master][INFO] 2023-09-04 16:51:29,036: +PARAM [/svo/use_async_reprojectors] by /roslaunch
[rosmaster.master][INFO] 2023-09-04 16:51:29,036: +PARAM [/svo/reprojector_max_n_kfs] by /roslaunch
[rosmaster.master][INFO] 2023-09-04 16:51:29,036: +PARAM [/svo/max_fts] by /roslaunch
[rosmaster.master][INFO] 2023-09-04 16:51:29,036: +PARAM [/svo/grid_size] by /roslaunch
[rosmaster.master][INFO] 2023-09-04 16:51:29,036: +PARAM [/svo/n_pyr_levels] by /roslaunch
[rosmaster.master][INFO] 2023-09-04 16:51:29,036: +PARAM [/svo/detector_threshold_primary] by /roslaunch
[rosmaster.master][INFO] 2023-09-04 16:51:29,036: +PARAM [/svo/detector_threshold_secondary] by /roslaunch
[rosmaster.master][INFO] 2023-09-04 16:51:29,037: +PARAM [/svo/use_ceres_backend] by /roslaunch
[rosmaster.master][INFO] 2023-09-04 16:51:29,037: +PARAM [/svo/cam0_topic] by /roslaunch
[rosmaster.master][INFO] 2023-09-04 16:51:29,037: +PARAM [/svo/cam1_topic] by /roslaunch
[rosmaster.master][INFO] 2023-09-04 16:51:29,037: +PARAM [/svo/calib_file] by /roslaunch
[rosmaster.master][INFO] 2023-09-04 16:51:29,037: +PARAM [/svo/init_rx] by /roslaunch
[rosmaster.master][INFO] 2023-09-04 16:51:29,037: +PARAM [/svo/init_ry] by /roslaunch
[rosmaster.master][INFO] 2023-09-04 16:51:29,037: +PARAM [/svo/init_rz] by /roslaunch
[rosmaster.master][INFO] 2023-09-04 16:51:29,403: +PUB [/rosout] /svo http://ubuntu:39207/
[rosmaster.master][INFO] 2023-09-04 16:51:29,404: +SERVICE [/svo/get_loggers] /svo http://ubuntu:39207/
[rosmaster.master][INFO] 2023-09-04 16:51:29,405: +SERVICE [/svo/set_logger_level] /svo http://ubuntu:39207/
[rosmaster.master][INFO] 2023-09-04 16:51:29,408: +CACHEDPARAM [/rosout_disable_topics_generation] by /svo
[rosmaster.master][INFO] 2023-09-04 16:51:29,430: publisherUpdate[/rosout] -> http://ubuntu:36231/ ['http://ubuntu:40833/', 'http://ubuntu:36845/', 'http://ubuntu:41667/', 'http://ubuntu:39207/']
[rosmaster.master][INFO] 2023-09-04 16:51:29,432: publisherUpdate[/rosout] -> http://ubuntu:36231/ ['http://ubuntu:40833/', 'http://ubuntu:36845/', 'http://ubuntu:41667/', 'http://ubuntu:39207/']: sec=0.00, result=[1, '', 0]
[rosmaster.master][INFO] 2023-09-04 16:51:29,535: +PUB [/tf] /svo http://ubuntu:39207/
[rosmaster.master][INFO] 2023-09-04 16:51:29,541: +PUB [/svo/keyframes] /svo http://ubuntu:39207/
[rosmaster.master][INFO] 2023-09-04 16:51:29,541: +PUB [/svo/points] /svo http://ubuntu:39207/
[rosmaster.master][INFO] 2023-09-04 16:51:29,542: +PUB [/svo/pose_imu] /svo http://ubuntu:39207/
[rosmaster.master][INFO] 2023-09-04 16:51:29,543: +PUB [/svo/info] /svo http://ubuntu:39207/
[rosmaster.master][INFO] 2023-09-04 16:51:29,543: +PUB [/svo/markers] /svo http://ubuntu:39207/
[rosmaster.master][INFO] 2023-09-04 16:51:29,544: +PUB [/svo/pointcloud] /svo http://ubuntu:39207/
[rosmaster.master][INFO] 2023-09-04 16:51:29,548: +PUB [/svo/dense_input/0] /svo http://ubuntu:39207/
[rosmaster.master][INFO] 2023-09-04 16:51:29,549: publisherUpdate[/tf] -> http://ubuntu:41667/ ['http://ubuntu:36845/', 'http://ubuntu:39207/']
[rosmaster.master][INFO] 2023-09-04 16:51:29,552: publisherUpdate[/tf] -> http://ubuntu:41667/ ['http://ubuntu:36845/', 'http://ubuntu:39207/']: sec=0.00, result=[1, '', 0]
[rosmaster.master][INFO] 2023-09-04 16:51:29,552: publisherUpdate[/svo/keyframes] -> http://ubuntu:41667/ ['http://ubuntu:39207/']
[rosmaster.master][INFO] 2023-09-04 16:51:29,553: publisherUpdate[/svo/keyframes] -> http://ubuntu:41667/ ['http://ubuntu:39207/']: sec=0.00, result=[1, '', 0]
[rosmaster.master][INFO] 2023-09-04 16:51:29,553: publisherUpdate[/svo/points] -> http://ubuntu:41667/ ['http://ubuntu:39207/']
[rosmaster.master][INFO] 2023-09-04 16:51:29,554: +PUB [/svo/image/0/compressedDepth] /svo http://ubuntu:39207/
[rosmaster.master][INFO] 2023-09-04 16:51:29,554: publisherUpdate[/svo/points] -> http://ubuntu:41667/ ['http://ubuntu:39207/']: sec=0.00, result=[1, '', 0]
[rosmaster.master][INFO] 2023-09-04 16:51:29,555: +SERVICE [/svo/image/0/compressedDepth/set_parameters] /svo http://ubuntu:39207/
[rosmaster.master][INFO] 2023-09-04 16:51:29,557: +PUB [/svo/image/0/compressedDepth/parameter_descriptions] /svo http://ubuntu:39207/
[rosmaster.master][INFO] 2023-09-04 16:51:29,561: +PUB [/svo/image/0/compressedDepth/parameter_updates] /svo http://ubuntu:39207/
[rosmaster.master][INFO] 2023-09-04 16:51:29,564: +PARAM [/svo/image/0/compressedDepth/format] by /svo
[rosmaster.master][INFO] 2023-09-04 16:51:29,564: +PARAM [/svo/image/0/compressedDepth/depth_max] by /svo
[rosmaster.master][INFO] 2023-09-04 16:51:29,565: +PARAM [/svo/image/0/compressedDepth/depth_quantization] by /svo
[rosmaster.master][INFO] 2023-09-04 16:51:29,566: +PARAM [/svo/image/0/compressedDepth/png_level] by /svo
[rosmaster.master][INFO] 2023-09-04 16:51:29,566: +PARAM [/svo/image/0/compressedDepth/format] by /svo
[rosmaster.master][INFO] 2023-09-04 16:51:29,567: +PARAM [/svo/image/0/compressedDepth/depth_max] by /svo
[rosmaster.master][INFO] 2023-09-04 16:51:29,567: +PARAM [/svo/image/0/compressedDepth/depth_quantization] by /svo
[rosmaster.master][INFO] 2023-09-04 16:51:29,568: +PARAM [/svo/image/0/compressedDepth/png_level] by /svo
[rosmaster.master][INFO] 2023-09-04 16:51:29,573: +PUB [/svo/image/0/compressed] /svo http://ubuntu:39207/
[rosmaster.master][INFO] 2023-09-04 16:51:29,573: +SERVICE [/svo/image/0/compressed/set_parameters] /svo http://ubuntu:39207/
[rosmaster.master][INFO] 2023-09-04 16:51:29,574: +PUB [/svo/image/0/compressed/parameter_descriptions] /svo http://ubuntu:39207/
[rosmaster.master][INFO] 2023-09-04 16:51:29,575: +PUB [/svo/image/0/compressed/parameter_updates] /svo http://ubuntu:39207/
[rosmaster.master][INFO] 2023-09-04 16:51:29,578: +PARAM [/svo/image/0/compressed/format] by /svo
[rosmaster.master][INFO] 2023-09-04 16:51:29,578: +PARAM [/svo/image/0/compressed/jpeg_quality] by /svo
[rosmaster.master][INFO] 2023-09-04 16:51:29,579: +PARAM [/svo/image/0/compressed/jpeg_progressive] by /svo
[rosmaster.master][INFO] 2023-09-04 16:51:29,580: +PARAM [/svo/image/0/compressed/jpeg_optimize] by /svo
[rosmaster.master][INFO] 2023-09-04 16:51:29,580: +PARAM [/svo/image/0/compressed/jpeg_restart_interval] by /svo
[rosmaster.master][INFO] 2023-09-04 16:51:29,581: +PARAM [/svo/image/0/compressed/png_level] by /svo
[rosmaster.master][INFO] 2023-09-04 16:51:29,582: +PARAM [/svo/image/0/compressed/format] by /svo
[rosmaster.master][INFO] 2023-09-04 16:51:29,583: +PARAM [/svo/image/0/compressed/jpeg_quality] by /svo
[rosmaster.master][INFO] 2023-09-04 16:51:29,584: +PARAM [/svo/image/0/compressed/jpeg_progressive] by /svo
[rosmaster.master][INFO] 2023-09-04 16:51:29,584: +PARAM [/svo/image/0/compressed/jpeg_optimize] by /svo
[rosmaster.master][INFO] 2023-09-04 16:51:29,585: +PARAM [/svo/image/0/compressed/jpeg_restart_interval] by /svo
[rosmaster.master][INFO] 2023-09-04 16:51:29,585: +PARAM [/svo/image/0/compressed/png_level] by /svo
[rosmaster.master][INFO] 2023-09-04 16:51:29,590: +PUB [/svo/image/0] /svo http://ubuntu:39207/
[rosmaster.master][INFO] 2023-09-04 16:51:29,596: +PUB [/svo/image/0/theora] /svo http://ubuntu:39207/
[rosmaster.master][INFO] 2023-09-04 16:51:29,597: +SERVICE [/svo/image/0/theora/set_parameters] /svo http://ubuntu:39207/
[rosmaster.master][INFO] 2023-09-04 16:51:29,598: +PUB [/svo/image/0/theora/parameter_descriptions] /svo http://ubuntu:39207/
[rosmaster.master][INFO] 2023-09-04 16:51:29,599: +PUB [/svo/image/0/theora/parameter_updates] /svo http://ubuntu:39207/
[rosmaster.master][INFO] 2023-09-04 16:51:29,601: +PARAM [/svo/image/0/theora/optimize_for] by /svo
[rosmaster.master][INFO] 2023-09-04 16:51:29,601: +PARAM [/svo/image/0/theora/target_bitrate] by /svo
[rosmaster.master][INFO] 2023-09-04 16:51:29,602: +PARAM [/svo/image/0/theora/quality] by /svo
[rosmaster.master][INFO] 2023-09-04 16:51:29,602: +PARAM [/svo/image/0/theora/keyframe_frequency] by /svo
[rosmaster.master][INFO] 2023-09-04 16:51:29,603: +PARAM [/svo/image/0/theora/optimize_for] by /svo
[rosmaster.master][INFO] 2023-09-04 16:51:29,604: +PARAM [/svo/image/0/theora/target_bitrate] by /svo
[rosmaster.master][INFO] 2023-09-04 16:51:29,605: +PARAM [/svo/image/0/theora/quality] by /svo
[rosmaster.master][INFO] 2023-09-04 16:51:29,605: +PARAM [/svo/image/0/theora/keyframe_frequency] by /svo
[rosmaster.master][INFO] 2023-09-04 16:51:29,606: +PUB [/svo/pose_cam/0] /svo http://ubuntu:39207/
[rosmaster.master][INFO] 2023-09-04 16:51:29,606: +PUB [/svo/dense_input/1] /svo http://ubuntu:39207/
[rosmaster.master][INFO] 2023-09-04 16:51:29,607: +PUB [/svo/image/1/compressedDepth] /svo http://ubuntu:39207/
[rosmaster.master][INFO] 2023-09-04 16:51:29,608: +SERVICE [/svo/image/1/compressedDepth/set_parameters] /svo http://ubuntu:39207/
[rosmaster.master][INFO] 2023-09-04 16:51:29,608: +PUB [/svo/image/1/compressedDepth/parameter_descriptions] /svo http://ubuntu:39207/
[rosmaster.master][INFO] 2023-09-04 16:51:29,609: +PUB [/svo/image/1/compressedDepth/parameter_updates] /svo http://ubuntu:39207/
[rosmaster.master][INFO] 2023-09-04 16:51:29,611: +PARAM [/svo/image/1/compressedDepth/format] by /svo
[rosmaster.master][INFO] 2023-09-04 16:51:29,612: +PARAM [/svo/image/1/compressedDepth/depth_max] by /svo
[rosmaster.master][INFO] 2023-09-04 16:51:29,612: +PARAM [/svo/image/1/compressedDepth/depth_quantization] by /svo
[rosmaster.master][INFO] 2023-09-04 16:51:29,613: +PARAM [/svo/image/1/compressedDepth/png_level] by /svo
[rosmaster.master][INFO] 2023-09-04 16:51:29,614: +PARAM [/svo/image/1/compressedDepth/format] by /svo
[rosmaster.master][INFO] 2023-09-04 16:51:29,614: +PARAM [/svo/image/1/compressedDepth/depth_max] by /svo
[rosmaster.master][INFO] 2023-09-04 16:51:29,615: +PARAM [/svo/image/1/compressedDepth/depth_quantization] by /svo
[rosmaster.master][INFO] 2023-09-04 16:51:29,616: +PARAM [/svo/image/1/compressedDepth/png_level] by /svo
[rosmaster.master][INFO] 2023-09-04 16:51:29,617: +PUB [/svo/image/1/compressed] /svo http://ubuntu:39207/
[rosmaster.master][INFO] 2023-09-04 16:51:29,618: +SERVICE [/svo/image/1/compressed/set_parameters] /svo http://ubuntu:39207/
[rosmaster.master][INFO] 2023-09-04 16:51:29,618: +PUB [/svo/image/1/compressed/parameter_descriptions] /svo http://ubuntu:39207/
[rosmaster.master][INFO] 2023-09-04 16:51:29,619: +PUB [/svo/image/1/compressed/parameter_updates] /svo http://ubuntu:39207/
[rosmaster.master][INFO] 2023-09-04 16:51:29,622: +PARAM [/svo/image/1/compressed/format] by /svo
[rosmaster.master][INFO] 2023-09-04 16:51:29,622: +PARAM [/svo/image/1/compressed/jpeg_quality] by /svo
[rosmaster.master][INFO] 2023-09-04 16:51:29,623: +PARAM [/svo/image/1/compressed/jpeg_progressive] by /svo
[rosmaster.master][INFO] 2023-09-04 16:51:29,624: +PARAM [/svo/image/1/compressed/jpeg_optimize] by /svo
[rosmaster.master][INFO] 2023-09-04 16:51:29,624: +PARAM [/svo/image/1/compressed/jpeg_restart_interval] by /svo
[rosmaster.master][INFO] 2023-09-04 16:51:29,625: +PARAM [/svo/image/1/compressed/png_level] by /svo
[rosmaster.master][INFO] 2023-09-04 16:51:29,626: +PARAM [/svo/image/1/compressed/format] by /svo
[rosmaster.master][INFO] 2023-09-04 16:51:29,627: +PARAM [/svo/image/1/compressed/jpeg_quality] by /svo
[rosmaster.master][INFO] 2023-09-04 16:51:29,627: +PARAM [/svo/image/1/compressed/jpeg_progressive] by /svo
[rosmaster.master][INFO] 2023-09-04 16:51:29,628: +PARAM [/svo/image/1/compressed/jpeg_optimize] by /svo
[rosmaster.master][INFO] 2023-09-04 16:51:29,629: +PARAM [/svo/image/1/compressed/jpeg_restart_interval] by /svo
[rosmaster.master][INFO] 2023-09-04 16:51:29,629: +PARAM [/svo/image/1/compressed/png_level] by /svo
[rosmaster.master][INFO] 2023-09-04 16:51:29,630: +PUB [/svo/image/1] /svo http://ubuntu:39207/
[rosmaster.master][INFO] 2023-09-04 16:51:29,631: +PUB [/svo/image/1/theora] /svo http://ubuntu:39207/
[rosmaster.master][INFO] 2023-09-04 16:51:29,631: +SERVICE [/svo/image/1/theora/set_parameters] /svo http://ubuntu:39207/
[rosmaster.master][INFO] 2023-09-04 16:51:29,632: +PUB [/svo/image/1/theora/parameter_descriptions] /svo http://ubuntu:39207/
[rosmaster.master][INFO] 2023-09-04 16:51:29,632: publisherUpdate[/svo/image/0] -> http://ubuntu:41667/ ['http://ubuntu:39207/']
[rosmaster.master][INFO] 2023-09-04 16:51:29,635: publisherUpdate[/svo/image/0] -> http://ubuntu:41667/ ['http://ubuntu:39207/']: sec=0.00, result=[1, '', 0]
[rosmaster.master][INFO] 2023-09-04 16:51:29,635: +PUB [/svo/image/1/theora/parameter_updates] /svo http://ubuntu:39207/
[rosmaster.master][INFO] 2023-09-04 16:51:29,639: +PARAM [/svo/image/1/theora/optimize_for] by /svo
[rosmaster.master][INFO] 2023-09-04 16:51:29,639: +PARAM [/svo/image/1/theora/target_bitrate] by /svo
[rosmaster.master][INFO] 2023-09-04 16:51:29,640: +PARAM [/svo/image/1/theora/quality] by /svo
[rosmaster.master][INFO] 2023-09-04 16:51:29,640: +PARAM [/svo/image/1/theora/keyframe_frequency] by /svo
[rosmaster.master][INFO] 2023-09-04 16:51:29,641: +PARAM [/svo/image/1/theora/optimize_for] by /svo
[rosmaster.master][INFO] 2023-09-04 16:51:29,642: +PARAM [/svo/image/1/theora/target_bitrate] by /svo
[rosmaster.master][INFO] 2023-09-04 16:51:29,642: +PARAM [/svo/image/1/theora/quality] by /svo
[rosmaster.master][INFO] 2023-09-04 16:51:29,643: +PARAM [/svo/image/1/theora/keyframe_frequency] by /svo
[rosmaster.master][INFO] 2023-09-04 16:51:29,643: +PUB [/svo/pose_cam/1] /svo http://ubuntu:39207/
[rosmaster.master][INFO] 2023-09-04 16:51:29,644: +PUB [/svo/loop_closures] /svo http://ubuntu:39207/
[rosmaster.master][INFO] 2023-09-04 16:51:29,645: +PUB [/svo/pose_graph] /svo http://ubuntu:39207/
[rosmaster.master][INFO] 2023-09-04 16:51:29,645: +PUB [/svo/pose_graph_pointcloud] /svo http://ubuntu:39207/
[rosmaster.master][INFO] 2023-09-04 16:51:29,657: publisherUpdate[/svo/loop_closures] -> http://ubuntu:41667/ ['http://ubuntu:39207/']
[rosmaster.master][INFO] 2023-09-04 16:51:29,661: publisherUpdate[/svo/loop_closures] -> http://ubuntu:41667/ ['http://ubuntu:39207/']: sec=0.00, result=[1, '', 0]
[rosmaster.master][INFO] 2023-09-04 16:51:29,661: publisherUpdate[/svo/pose_graph] -> http://ubuntu:41667/ ['http://ubuntu:39207/']
[rosmaster.master][INFO] 2023-09-04 16:51:29,663: publisherUpdate[/svo/pose_graph] -> http://ubuntu:41667/ ['http://ubuntu:39207/']: sec=0.00, result=[1, '', 0]
[rosmaster.master][INFO] 2023-09-04 16:51:29,663: publisherUpdate[/svo/pose_graph_pointcloud] -> http://ubuntu:41667/ ['http://ubuntu:39207/']
[rosmaster.master][INFO] 2023-09-04 16:51:29,666: publisherUpdate[/svo/pose_graph_pointcloud] -> http://ubuntu:41667/ ['http://ubuntu:39207/']: sec=0.00, result=[1, '', 0]
[rosmaster.master][INFO] 2023-09-04 16:51:29,667: +SUB [/svo/remote_key] /svo http://ubuntu:39207/
[rosmaster.master][INFO] 2023-09-04 16:51:29,670: +SUB [/camera/infra1/image_rect_raw] /svo http://ubuntu:39207/
[rosmaster.master][INFO] 2023-09-04 16:51:29,675: +SUB [/camera/infra2/image_rect_raw] /svo http://ubuntu:39207/
[rosmaster.master][INFO] 2023-09-04 16:51:51,369: -PUB [/camera/extrinsics/depth_to_infra2] /camera/realsense2_camera_manager http://ubuntu:36845/
[rosmaster.master][INFO] 2023-09-04 16:51:51,370: -PUB [/camera/extrinsics/depth_to_infra1] /camera/realsense2_camera_manager http://ubuntu:36845/
[rosmaster.master][INFO] 2023-09-04 16:51:51,371: -PUB [/camera/extrinsics/depth_to_color] /camera/realsense2_camera_manager http://ubuntu:36845/
[rosmaster.master][INFO] 2023-09-04 16:51:51,372: -PUB [/camera/infra2/metadata] /camera/realsense2_camera_manager http://ubuntu:36845/
[rosmaster.master][INFO] 2023-09-04 16:51:51,373: -PUB [/camera/infra1/metadata] /camera/realsense2_camera_manager http://ubuntu:36845/
[rosmaster.master][INFO] 2023-09-04 16:51:51,373: -PUB [/camera/color/metadata] /camera/realsense2_camera_manager http://ubuntu:36845/
[rosmaster.master][INFO] 2023-09-04 16:51:51,373: -PUB [/camera/depth/metadata] /camera/realsense2_camera_manager http://ubuntu:36845/
[rosmaster.master][INFO] 2023-09-04 16:51:51,374: -PUB [/camera/infra2/camera_info] /camera/realsense2_camera_manager http://ubuntu:36845/
[rosmaster.master][INFO] 2023-09-04 16:51:51,374: -PUB [/camera/infra1/camera_info] /camera/realsense2_camera_manager http://ubuntu:36845/
[rosmaster.master][INFO] 2023-09-04 16:51:51,375: -PUB [/camera/color/camera_info] /camera/realsense2_camera_manager http://ubuntu:36845/
[rosmaster.master][INFO] 2023-09-04 16:51:51,375: -PUB [/camera/depth/camera_info] /camera/realsense2_camera_manager http://ubuntu:36845/
[rosmaster.master][INFO] 2023-09-04 16:51:51,376: -PUB [/camera/infra2/image_rect_raw/compressedDepth] /camera/realsense2_camera_manager http://ubuntu:36845/
[rosmaster.master][INFO] 2023-09-04 16:51:51,376: -PUB [/camera/infra2/image_rect_raw/compressed] /camera/realsense2_camera_manager http://ubuntu:36845/
[rosmaster.master][INFO] 2023-09-04 16:51:51,377: -PUB [/camera/infra2/image_rect_raw] /camera/realsense2_camera_manager http://ubuntu:36845/
[rosmaster.master][INFO] 2023-09-04 16:51:51,378: -PUB [/camera/infra2/image_rect_raw/theora] /camera/realsense2_camera_manager http://ubuntu:36845/
[rosmaster.master][INFO] 2023-09-04 16:51:51,378: -PUB [/camera/infra2/image_rect_raw/compressedDepth/parameter_descriptions] /camera/realsense2_camera_manager http://ubuntu:36845/
[rosmaster.master][INFO] 2023-09-04 16:51:51,379: -PUB [/camera/infra2/image_rect_raw/compressedDepth/parameter_updates] /camera/realsense2_camera_manager http://ubuntu:36845/
[rosmaster.master][INFO] 2023-09-04 16:51:51,379: -SERVICE [/camera/infra2/image_rect_raw/compressedDepth/set_parameters] /camera/realsense2_camera_manager rosrpc://ubuntu:35303
[rosmaster.master][INFO] 2023-09-04 16:51:51,380: -PUB [/camera/infra2/image_rect_raw/compressed/parameter_descriptions] /camera/realsense2_camera_manager http://ubuntu:36845/
[rosmaster.master][INFO] 2023-09-04 16:51:51,380: -PUB [/camera/infra2/image_rect_raw/compressed/parameter_updates] /camera/realsense2_camera_manager http://ubuntu:36845/
[rosmaster.master][INFO] 2023-09-04 16:51:51,381: -SERVICE [/camera/infra2/image_rect_raw/compressed/set_parameters] /camera/realsense2_camera_manager rosrpc://ubuntu:35303
[rosmaster.master][INFO] 2023-09-04 16:51:51,381: -PUB [/camera/infra2/image_rect_raw/theora/parameter_descriptions] /camera/realsense2_camera_manager http://ubuntu:36845/
[rosmaster.master][INFO] 2023-09-04 16:51:51,382: -PUB [/camera/infra2/image_rect_raw/theora/parameter_updates] /camera/realsense2_camera_manager http://ubuntu:36845/
[rosmaster.master][INFO] 2023-09-04 16:51:51,382: -SERVICE [/camera/infra2/image_rect_raw/theora/set_parameters] /camera/realsense2_camera_manager rosrpc://ubuntu:35303
[rosmaster.master][INFO] 2023-09-04 16:51:51,383: -PUB [/camera/infra1/image_rect_raw/compressedDepth] /camera/realsense2_camera_manager http://ubuntu:36845/
[rosmaster.master][INFO] 2023-09-04 16:51:51,383: -PUB [/camera/infra1/image_rect_raw/compressed] /camera/realsense2_camera_manager http://ubuntu:36845/
[rosmaster.master][INFO] 2023-09-04 16:51:51,384: -PUB [/camera/infra1/image_rect_raw] /camera/realsense2_camera_manager http://ubuntu:36845/
[rosmaster.master][INFO] 2023-09-04 16:51:51,384: -PUB [/camera/infra1/image_rect_raw/theora] /camera/realsense2_camera_manager http://ubuntu:36845/
[rosmaster.master][INFO] 2023-09-04 16:51:51,385: -PUB [/camera/infra1/image_rect_raw/compressedDepth/parameter_descriptions] /camera/realsense2_camera_manager http://ubuntu:36845/
[rosmaster.master][INFO] 2023-09-04 16:51:51,385: -PUB [/camera/infra1/image_rect_raw/compressedDepth/parameter_updates] /camera/realsense2_camera_manager http://ubuntu:36845/
[rosmaster.master][INFO] 2023-09-04 16:51:51,386: -SERVICE [/camera/infra1/image_rect_raw/compressedDepth/set_parameters] /camera/realsense2_camera_manager rosrpc://ubuntu:35303
[rosmaster.master][INFO] 2023-09-04 16:51:51,386: -PUB [/camera/infra1/image_rect_raw/compressed/parameter_descriptions] /camera/realsense2_camera_manager http://ubuntu:36845/
[rosmaster.master][INFO] 2023-09-04 16:51:51,387: -PUB [/camera/infra1/image_rect_raw/compressed/parameter_updates] /camera/realsense2_camera_manager http://ubuntu:36845/
[rosmaster.master][INFO] 2023-09-04 16:51:51,387: -SERVICE [/camera/infra1/image_rect_raw/compressed/set_parameters] /camera/realsense2_camera_manager rosrpc://ubuntu:35303
[rosmaster.master][INFO] 2023-09-04 16:51:51,388: -PUB [/camera/infra1/image_rect_raw/theora/parameter_descriptions] /camera/realsense2_camera_manager http://ubuntu:36845/
[rosmaster.master][INFO] 2023-09-04 16:51:51,388: -PUB [/camera/infra1/image_rect_raw/theora/parameter_updates] /camera/realsense2_camera_manager http://ubuntu:36845/
[rosmaster.master][INFO] 2023-09-04 16:51:51,389: -SERVICE [/camera/infra1/image_rect_raw/theora/set_parameters] /camera/realsense2_camera_manager rosrpc://ubuntu:35303
[rosmaster.master][INFO] 2023-09-04 16:51:51,389: -PUB [/camera/color/image_raw/compressedDepth] /camera/realsense2_camera_manager http://ubuntu:36845/
[rosmaster.master][INFO] 2023-09-04 16:51:51,390: -PUB [/camera/color/image_raw/compressed] /camera/realsense2_camera_manager http://ubuntu:36845/
[rosmaster.master][INFO] 2023-09-04 16:51:51,390: -PUB [/camera/color/image_raw] /camera/realsense2_camera_manager http://ubuntu:36845/
[rosmaster.master][INFO] 2023-09-04 16:51:51,390: -PUB [/camera/color/image_raw/theora] /camera/realsense2_camera_manager http://ubuntu:36845/
[rosmaster.master][INFO] 2023-09-04 16:51:51,391: -PUB [/camera/color/image_raw/compressedDepth/parameter_descriptions] /camera/realsense2_camera_manager http://ubuntu:36845/
[rosmaster.master][INFO] 2023-09-04 16:51:51,391: -PUB [/camera/color/image_raw/compressedDepth/parameter_updates] /camera/realsense2_camera_manager http://ubuntu:36845/
[rosmaster.master][INFO] 2023-09-04 16:51:51,392: -SERVICE [/camera/color/image_raw/compressedDepth/set_parameters] /camera/realsense2_camera_manager rosrpc://ubuntu:35303
[rosmaster.master][INFO] 2023-09-04 16:51:51,392: -PUB [/camera/color/image_raw/compressed/parameter_descriptions] /camera/realsense2_camera_manager http://ubuntu:36845/
[rosmaster.master][INFO] 2023-09-04 16:51:51,393: -PUB [/camera/color/image_raw/compressed/parameter_updates] /camera/realsense2_camera_manager http://ubuntu:36845/
[rosmaster.master][INFO] 2023-09-04 16:51:51,393: publisherUpdate[/camera/infra2/image_rect_raw] -> http://ubuntu:39207/ []
[rosmaster.master][INFO] 2023-09-04 16:51:51,394: -SERVICE [/camera/color/image_raw/compressed/set_parameters] /camera/realsense2_camera_manager rosrpc://ubuntu:35303
[rosmaster.master][INFO] 2023-09-04 16:51:51,394: -PUB [/camera/color/image_raw/theora/parameter_descriptions] /camera/realsense2_camera_manager http://ubuntu:36845/
[rosmaster.master][INFO] 2023-09-04 16:51:51,395: publisherUpdate[/camera/infra2/image_rect_raw] -> http://ubuntu:39207/ []: sec=0.00, result=[1, '', 0]
[rosmaster.master][INFO] 2023-09-04 16:51:51,395: publisherUpdate[/camera/infra1/image_rect_raw] -> http://ubuntu:39207/ []
[rosmaster.master][INFO] 2023-09-04 16:51:51,395: -PUB [/camera/color/image_raw/theora/parameter_updates] /camera/realsense2_camera_manager http://ubuntu:36845/
[rosmaster.master][INFO] 2023-09-04 16:51:51,396: publisherUpdate[/camera/infra1/image_rect_raw] -> http://ubuntu:39207/ []: sec=0.00, result=[1, '', 0]
[rosmaster.master][INFO] 2023-09-04 16:51:51,396: -SERVICE [/camera/color/image_raw/theora/set_parameters] /camera/realsense2_camera_manager rosrpc://ubuntu:35303
[rosmaster.master][INFO] 2023-09-04 16:51:51,398: -PUB [/diagnostics] /camera/realsense2_camera_manager http://ubuntu:36845/
[rosmaster.master][INFO] 2023-09-04 16:51:51,398: -PUB [/camera/depth/image_rect_raw/compressedDepth] /camera/realsense2_camera_manager http://ubuntu:36845/
[rosmaster.master][INFO] 2023-09-04 16:51:51,399: -PUB [/camera/depth/image_rect_raw/compressed] /camera/realsense2_camera_manager http://ubuntu:36845/
[rosmaster.master][INFO] 2023-09-04 16:51:51,399: -PUB [/camera/depth/image_rect_raw] /camera/realsense2_camera_manager http://ubuntu:36845/
[rosmaster.master][INFO] 2023-09-04 16:51:51,400: -PUB [/camera/depth/image_rect_raw/theora] /camera/realsense2_camera_manager http://ubuntu:36845/
[rosmaster.master][INFO] 2023-09-04 16:51:51,400: -PUB [/camera/depth/image_rect_raw/compressedDepth/parameter_descriptions] /camera/realsense2_camera_manager http://ubuntu:36845/
[rosmaster.master][INFO] 2023-09-04 16:51:51,401: -PUB [/camera/depth/image_rect_raw/compressedDepth/parameter_updates] /camera/realsense2_camera_manager http://ubuntu:36845/
[rosmaster.master][INFO] 2023-09-04 16:51:51,401: -SERVICE [/camera/depth/image_rect_raw/compressedDepth/set_parameters] /camera/realsense2_camera_manager rosrpc://ubuntu:35303
[rosmaster.master][INFO] 2023-09-04 16:51:51,402: -PUB [/camera/depth/image_rect_raw/compressed/parameter_descriptions] /camera/realsense2_camera_manager http://ubuntu:36845/
[rosmaster.master][INFO] 2023-09-04 16:51:51,402: -PUB [/camera/depth/image_rect_raw/compressed/parameter_updates] /camera/realsense2_camera_manager http://ubuntu:36845/
[rosmaster.master][INFO] 2023-09-04 16:51:51,402: -SERVICE [/camera/depth/image_rect_raw/compressed/set_parameters] /camera/realsense2_camera_manager rosrpc://ubuntu:35303
[rosmaster.master][INFO] 2023-09-04 16:51:51,403: -PUB [/camera/depth/image_rect_raw/theora/parameter_descriptions] /camera/realsense2_camera_manager http://ubuntu:36845/
[rosmaster.master][INFO] 2023-09-04 16:51:51,403: -PUB [/camera/depth/image_rect_raw/theora/parameter_updates] /camera/realsense2_camera_manager http://ubuntu:36845/
[rosmaster.master][INFO] 2023-09-04 16:51:51,404: -SERVICE [/camera/depth/image_rect_raw/theora/set_parameters] /camera/realsense2_camera_manager rosrpc://ubuntu:35303
[rosmaster.master][INFO] 2023-09-04 16:51:51,406: -PUB [/tf] /camera/realsense2_camera_manager http://ubuntu:36845/
[rosmaster.master][INFO] 2023-09-04 16:51:51,406: -PUB [/tf_static] /camera/realsense2_camera_manager http://ubuntu:36845/
[rosmaster.master][INFO] 2023-09-04 16:51:51,407: -SERVICE [/camera/stereo_module/set_parameters] /camera/realsense2_camera_manager rosrpc://ubuntu:35303
[rosmaster.master][INFO] 2023-09-04 16:51:51,408: -PUB [/camera/stereo_module/parameter_updates] /camera/realsense2_camera_manager http://ubuntu:36845/
[rosmaster.master][INFO] 2023-09-04 16:51:51,408: -PUB [/camera/stereo_module/parameter_descriptions] /camera/realsense2_camera_manager http://ubuntu:36845/
[rosmaster.master][INFO] 2023-09-04 16:51:51,409: -SERVICE [/camera/rgb_camera/set_parameters] /camera/realsense2_camera_manager rosrpc://ubuntu:35303
[rosmaster.master][INFO] 2023-09-04 16:51:51,409: -PUB [/camera/rgb_camera/parameter_updates] /camera/realsense2_camera_manager http://ubuntu:36845/
[rosmaster.master][INFO] 2023-09-04 16:51:51,410: -PUB [/camera/rgb_camera/parameter_descriptions] /camera/realsense2_camera_manager http://ubuntu:36845/
[rosmaster.master][INFO] 2023-09-04 16:51:51,410: -SERVICE [/camera/motion_module/set_parameters] /camera/realsense2_camera_manager rosrpc://ubuntu:35303
[rosmaster.master][INFO] 2023-09-04 16:51:51,410: -PUB [/camera/motion_module/parameter_updates] /camera/realsense2_camera_manager http://ubuntu:36845/
[rosmaster.master][INFO] 2023-09-04 16:51:51,411: -PUB [/camera/motion_module/parameter_descriptions] /camera/realsense2_camera_manager http://ubuntu:36845/
[rosmaster.master][INFO] 2023-09-04 16:51:51,411: -SERVICE [/camera/stereo_module/auto_exposure_roi/set_parameters] /camera/realsense2_camera_manager rosrpc://ubuntu:35303
[rosmaster.master][INFO] 2023-09-04 16:51:51,412: -PUB [/camera/stereo_module/auto_exposure_roi/parameter_updates] /camera/realsense2_camera_manager http://ubuntu:36845/
[rosmaster.master][INFO] 2023-09-04 16:51:51,412: -PUB [/camera/stereo_module/auto_exposure_roi/parameter_descriptions] /camera/realsense2_camera_manager http://ubuntu:36845/
[rosmaster.master][INFO] 2023-09-04 16:51:51,413: -SERVICE [/camera/rgb_camera/auto_exposure_roi/set_parameters] /camera/realsense2_camera_manager rosrpc://ubuntu:35303
[rosmaster.master][INFO] 2023-09-04 16:51:51,414: -PUB [/camera/rgb_camera/auto_exposure_roi/parameter_updates] /camera/realsense2_camera_manager http://ubuntu:36845/
[rosmaster.master][INFO] 2023-09-04 16:51:51,415: -PUB [/camera/rgb_camera/auto_exposure_roi/parameter_descriptions] /camera/realsense2_camera_manager http://ubuntu:36845/
[rosmaster.master][INFO] 2023-09-04 16:51:51,415: -SERVICE [/camera/realsense2_camera/device_info] /camera/realsense2_camera_manager rosrpc://ubuntu:35303
[rosmaster.master][INFO] 2023-09-04 16:51:51,415: publisherUpdate[/tf] -> http://ubuntu:41667/ ['http://ubuntu:39207/']
[rosmaster.master][INFO] 2023-09-04 16:51:51,416: publisherUpdate[/tf] -> http://ubuntu:41667/ ['http://ubuntu:39207/']: sec=0.00, result=[1, '', 0]
[rosmaster.master][INFO] 2023-09-04 16:51:51,416: publisherUpdate[/tf_static] -> http://ubuntu:41667/ []
[rosmaster.master][INFO] 2023-09-04 16:51:51,417: publisherUpdate[/tf_static] -> http://ubuntu:41667/ []: sec=0.00, result=[1, '', 0]
[rosmaster.master][INFO] 2023-09-04 16:51:52,705: +PUB [/tf_static] /camera/realsense2_camera_manager http://ubuntu:36845/
[rosmaster.master][INFO] 2023-09-04 16:51:52,710: +PUB [/tf] /camera/realsense2_camera_manager http://ubuntu:36845/
[rosmaster.master][INFO] 2023-09-04 16:51:52,720: publisherUpdate[/tf_static] -> http://ubuntu:41667/ ['http://ubuntu:36845/']
[rosmaster.master][INFO] 2023-09-04 16:51:52,722: publisherUpdate[/tf_static] -> http://ubuntu:41667/ ['http://ubuntu:36845/']: sec=0.00, result=[1, '', 0]
[rosmaster.master][INFO] 2023-09-04 16:51:52,722: publisherUpdate[/tf] -> http://ubuntu:41667/ ['http://ubuntu:39207/', 'http://ubuntu:36845/']
[rosmaster.master][INFO] 2023-09-04 16:51:52,723: publisherUpdate[/tf] -> http://ubuntu:41667/ ['http://ubuntu:39207/', 'http://ubuntu:36845/']: sec=0.00, result=[1, '', 0]
[rosmaster.master][INFO] 2023-09-04 16:51:56,586: +PUB [/camera/stereo_module/parameter_descriptions] /camera/realsense2_camera_manager http://ubuntu:36845/
[rosmaster.master][INFO] 2023-09-04 16:51:56,588: +PUB [/camera/stereo_module/parameter_updates] /camera/realsense2_camera_manager http://ubuntu:36845/
[rosmaster.master][INFO] 2023-09-04 16:51:56,589: +SERVICE [/camera/stereo_module/set_parameters] /camera/realsense2_camera_manager http://ubuntu:36845/
[rosmaster.master][INFO] 2023-09-04 16:51:57,811: -PUB [/rosout] /svo http://ubuntu:39207/
[rosmaster.master][INFO] 2023-09-04 16:51:57,812: publisherUpdate[/rosout] -> http://ubuntu:36231/ ['http://ubuntu:40833/', 'http://ubuntu:36845/', 'http://ubuntu:41667/']
[rosmaster.master][INFO] 2023-09-04 16:51:57,814: publisherUpdate[/rosout] -> http://ubuntu:36231/ ['http://ubuntu:40833/', 'http://ubuntu:36845/', 'http://ubuntu:41667/']: sec=0.00, result=[1, '', 0]
[rosmaster.master][INFO] 2023-09-04 16:51:57,815: -PUB [/tf] /svo http://ubuntu:39207/
[rosmaster.master][INFO] 2023-09-04 16:51:57,816: -PUB [/svo/keyframes] /svo http://ubuntu:39207/
[rosmaster.master][INFO] 2023-09-04 16:51:57,821: -PUB [/svo/points] /svo http://ubuntu:39207/
[rosmaster.master][INFO] 2023-09-04 16:51:57,822: -PUB [/svo/pose_imu] /svo http://ubuntu:39207/
[rosmaster.master][INFO] 2023-09-04 16:51:57,823: -PUB [/svo/info] /svo http://ubuntu:39207/
[rosmaster.master][INFO] 2023-09-04 16:51:57,824: -PUB [/svo/markers] /svo http://ubuntu:39207/
[rosmaster.master][INFO] 2023-09-04 16:51:57,825: -PUB [/svo/pointcloud] /svo http://ubuntu:39207/
[rosmaster.master][INFO] 2023-09-04 16:51:57,826: -PUB [/svo/dense_input/0] /svo http://ubuntu:39207/
[rosmaster.master][INFO] 2023-09-04 16:51:57,827: -PUB [/svo/image/0/compressedDepth] /svo http://ubuntu:39207/
[rosmaster.master][INFO] 2023-09-04 16:51:57,827: -PUB [/svo/image/0/compressedDepth/parameter_descriptions] /svo http://ubuntu:39207/
[rosmaster.master][INFO] 2023-09-04 16:51:57,828: -PUB [/svo/image/0/compressedDepth/parameter_updates] /svo http://ubuntu:39207/
[rosmaster.master][INFO] 2023-09-04 16:51:57,828: -PUB [/svo/image/0/compressed] /svo http://ubuntu:39207/
[rosmaster.master][INFO] 2023-09-04 16:51:57,829: -PUB [/svo/image/0/compressed/parameter_descriptions] /svo http://ubuntu:39207/
[rosmaster.master][INFO] 2023-09-04 16:51:57,829: -PUB [/svo/image/0/compressed/parameter_updates] /svo http://ubuntu:39207/
[rosmaster.master][INFO] 2023-09-04 16:51:57,829: -PUB [/svo/image/0] /svo http://ubuntu:39207/
[rosmaster.master][INFO] 2023-09-04 16:51:57,834: -PUB [/svo/image/0/theora] /svo http://ubuntu:39207/
[rosmaster.master][INFO] 2023-09-04 16:51:57,837: -PUB [/svo/image/0/theora/parameter_descriptions] /svo http://ubuntu:39207/
[rosmaster.master][INFO] 2023-09-04 16:51:57,838: -PUB [/svo/image/0/theora/parameter_updates] /svo http://ubuntu:39207/
[rosmaster.master][INFO] 2023-09-04 16:51:57,839: publisherUpdate[/tf] -> http://ubuntu:41667/ ['http://ubuntu:36845/']
[rosmaster.master][INFO] 2023-09-04 16:51:57,840: publisherUpdate[/tf] -> http://ubuntu:41667/ ['http://ubuntu:36845/']: sec=0.00, result=[1, '', 0]
[rosmaster.master][INFO] 2023-09-04 16:51:57,840: publisherUpdate[/svo/keyframes] -> http://ubuntu:41667/ []
[rosmaster.master][INFO] 2023-09-04 16:51:57,841: publisherUpdate[/svo/keyframes] -> http://ubuntu:41667/ []: sec=0.00, result=[1, '', 0]
[rosmaster.master][INFO] 2023-09-04 16:51:57,841: publisherUpdate[/svo/points] -> http://ubuntu:41667/ []
[rosmaster.master][INFO] 2023-09-04 16:51:57,842: publisherUpdate[/svo/points] -> http://ubuntu:41667/ []: sec=0.00, result=[1, '', 0]
[rosmaster.master][INFO] 2023-09-04 16:51:57,842: publisherUpdate[/svo/image/0] -> http://ubuntu:41667/ []
[rosmaster.master][INFO] 2023-09-04 16:51:57,844: publisherUpdate[/svo/image/0] -> http://ubuntu:41667/ []: sec=0.00, result=[1, '', 0]
[rosmaster.master][INFO] 2023-09-04 16:51:57,846: -PUB [/svo/pose_cam/0] /svo http://ubuntu:39207/
[rosmaster.master][INFO] 2023-09-04 16:51:57,848: -PUB [/svo/dense_input/1] /svo http://ubuntu:39207/
[rosmaster.master][INFO] 2023-09-04 16:51:57,849: -PUB [/svo/image/1/compressedDepth] /svo http://ubuntu:39207/
[rosmaster.master][INFO] 2023-09-04 16:51:57,853: -PUB [/svo/image/1/compressedDepth/parameter_descriptions] /svo http://ubuntu:39207/
[rosmaster.master][INFO] 2023-09-04 16:51:57,854: -PUB [/svo/image/1/compressedDepth/parameter_updates] /svo http://ubuntu:39207/
[rosmaster.master][INFO] 2023-09-04 16:51:57,855: -PUB [/svo/image/1/compressed] /svo http://ubuntu:39207/
[rosmaster.master][INFO] 2023-09-04 16:51:57,856: -PUB [/svo/image/1/compressed/parameter_descriptions] /svo http://ubuntu:39207/
[rosmaster.master][INFO] 2023-09-04 16:51:57,857: -PUB [/svo/image/1/compressed/parameter_updates] /svo http://ubuntu:39207/
[rosmaster.master][INFO] 2023-09-04 16:51:57,857: -PUB [/svo/image/1] /svo http://ubuntu:39207/
[rosmaster.master][INFO] 2023-09-04 16:51:57,858: -PUB [/svo/image/1/theora] /svo http://ubuntu:39207/
[rosmaster.master][INFO] 2023-09-04 16:51:57,859: -PUB [/svo/image/1/theora/parameter_descriptions] /svo http://ubuntu:39207/
[rosmaster.master][INFO] 2023-09-04 16:51:57,860: -PUB [/svo/image/1/theora/parameter_updates] /svo http://ubuntu:39207/
[rosmaster.master][INFO] 2023-09-04 16:51:57,861: -PUB [/svo/pose_cam/1] /svo http://ubuntu:39207/
[rosmaster.master][INFO] 2023-09-04 16:51:57,861: -PUB [/svo/loop_closures] /svo http://ubuntu:39207/
[rosmaster.master][INFO] 2023-09-04 16:51:57,862: -PUB [/svo/pose_graph] /svo http://ubuntu:39207/
[rosmaster.master][INFO] 2023-09-04 16:51:57,864: -PUB [/svo/pose_graph_pointcloud] /svo http://ubuntu:39207/
[rosmaster.master][INFO] 2023-09-04 16:51:57,865: -SUB [/svo/remote_key] /svo http://ubuntu:39207/
[rosmaster.master][INFO] 2023-09-04 16:51:57,867: -SUB [/camera/infra1/image_rect_raw] /svo http://ubuntu:39207/
[rosmaster.master][INFO] 2023-09-04 16:51:57,868: -SUB [/camera/infra2/image_rect_raw] /svo http://ubuntu:39207/
[rosmaster.master][INFO] 2023-09-04 16:51:57,871: -SERVICE [/svo/get_loggers] /svo rosrpc://ubuntu:52625
[rosmaster.master][INFO] 2023-09-04 16:51:57,872: -SERVICE [/svo/set_logger_level] /svo rosrpc://ubuntu:52625
[rosmaster.master][INFO] 2023-09-04 16:51:57,873: -SERVICE [/svo/image/0/compressedDepth/set_parameters] /svo rosrpc://ubuntu:52625
[rosmaster.master][INFO] 2023-09-04 16:51:57,874: -SERVICE [/svo/image/0/compressed/set_parameters] /svo rosrpc://ubuntu:52625
[rosmaster.master][INFO] 2023-09-04 16:51:57,875: publisherUpdate[/svo/loop_closures] -> http://ubuntu:41667/ []
[rosmaster.master][INFO] 2023-09-04 16:51:57,876: publisherUpdate[/svo/loop_closures] -> http://ubuntu:41667/ []: sec=0.00, result=[1, '', 0]
[rosmaster.master][INFO] 2023-09-04 16:51:57,877: publisherUpdate[/svo/pose_graph] -> http://ubuntu:41667/ []
[rosmaster.master][INFO] 2023-09-04 16:51:57,877: publisherUpdate[/svo/pose_graph] -> http://ubuntu:41667/ []: sec=0.00, result=[1, '', 0]
[rosmaster.master][INFO] 2023-09-04 16:51:57,878: publisherUpdate[/svo/pose_graph_pointcloud] -> http://ubuntu:41667/ []
[rosmaster.master][INFO] 2023-09-04 16:51:57,879: publisherUpdate[/svo/pose_graph_pointcloud] -> http://ubuntu:41667/ []: sec=0.00, result=[1, '', 0]
[rosmaster.master][INFO] 2023-09-04 16:51:57,881: -SERVICE [/svo/image/0/theora/set_parameters] /svo rosrpc://ubuntu:52625
[rosmaster.master][INFO] 2023-09-04 16:51:57,882: -SERVICE [/svo/image/1/compressedDepth/set_parameters] /svo rosrpc://ubuntu:52625
[rosmaster.master][INFO] 2023-09-04 16:51:57,888: -SERVICE [/svo/image/1/compressed/set_parameters] /svo rosrpc://ubuntu:52625
[rosmaster.master][INFO] 2023-09-04 16:51:57,890: -SERVICE [/svo/image/1/theora/set_parameters] /svo rosrpc://ubuntu:52625
[rosmaster.master][INFO] 2023-09-04 16:51:57,891: -CACHEDPARAM [/rosout_disable_topics_generation] by /svo
[rosmaster.master][INFO] 2023-09-04 16:51:58,092: +PUB [/camera/rgb_camera/parameter_descriptions] /camera/realsense2_camera_manager http://ubuntu:36845/
[rosmaster.master][INFO] 2023-09-04 16:51:58,096: +PUB [/camera/rgb_camera/parameter_updates] /camera/realsense2_camera_manager http://ubuntu:36845/
[rosmaster.master][INFO] 2023-09-04 16:51:58,099: +SERVICE [/camera/rgb_camera/set_parameters] /camera/realsense2_camera_manager http://ubuntu:36845/
[rosmaster.master][INFO] 2023-09-04 16:51:58,103: +PUB [/camera/motion_module/parameter_descriptions] /camera/realsense2_camera_manager http://ubuntu:36845/
[rosmaster.master][INFO] 2023-09-04 16:51:58,104: +PUB [/camera/motion_module/parameter_updates] /camera/realsense2_camera_manager http://ubuntu:36845/
[rosmaster.master][INFO] 2023-09-04 16:51:58,105: +SERVICE [/camera/motion_module/set_parameters] /camera/realsense2_camera_manager http://ubuntu:36845/
[rosmaster.master][INFO] 2023-09-04 16:51:58,111: +PUB [/diagnostics] /camera/realsense2_camera_manager http://ubuntu:36845/
[rosmaster.master][INFO] 2023-09-04 16:51:58,117: +PUB [/camera/depth/image_rect_raw/compressedDepth] /camera/realsense2_camera_manager http://ubuntu:36845/
[rosmaster.master][INFO] 2023-09-04 16:51:58,118: +SERVICE [/camera/depth/image_rect_raw/compressedDepth/set_parameters] /camera/realsense2_camera_manager http://ubuntu:36845/
[rosmaster.master][INFO] 2023-09-04 16:51:58,119: +PUB [/camera/depth/image_rect_raw/compressedDepth/parameter_descriptions] /camera/realsense2_camera_manager http://ubuntu:36845/
[rosmaster.master][INFO] 2023-09-04 16:51:58,120: +PUB [/camera/depth/image_rect_raw/compressedDepth/parameter_updates] /camera/realsense2_camera_manager http://ubuntu:36845/
[rosmaster.master][INFO] 2023-09-04 16:51:58,123: +PARAM [/camera/depth/image_rect_raw/compressedDepth/format] by /camera/realsense2_camera_manager
[rosmaster.master][INFO] 2023-09-04 16:51:58,123: +PARAM [/camera/depth/image_rect_raw/compressedDepth/depth_max] by /camera/realsense2_camera_manager
[rosmaster.master][INFO] 2023-09-04 16:51:58,124: +PARAM [/camera/depth/image_rect_raw/compressedDepth/depth_quantization] by /camera/realsense2_camera_manager
[rosmaster.master][INFO] 2023-09-04 16:51:58,125: +PARAM [/camera/depth/image_rect_raw/compressedDepth/png_level] by /camera/realsense2_camera_manager
[rosmaster.master][INFO] 2023-09-04 16:51:58,125: +PARAM [/camera/depth/image_rect_raw/compressedDepth/format] by /camera/realsense2_camera_manager
[rosmaster.master][INFO] 2023-09-04 16:51:58,126: +PARAM [/camera/depth/image_rect_raw/compressedDepth/depth_max] by /camera/realsense2_camera_manager
[rosmaster.master][INFO] 2023-09-04 16:51:58,126: +PARAM [/camera/depth/image_rect_raw/compressedDepth/depth_quantization] by /camera/realsense2_camera_manager
[rosmaster.master][INFO] 2023-09-04 16:51:58,127: +PARAM [/camera/depth/image_rect_raw/compressedDepth/png_level] by /camera/realsense2_camera_manager
[rosmaster.master][INFO] 2023-09-04 16:51:58,134: +PUB [/camera/depth/image_rect_raw/compressed] /camera/realsense2_camera_manager http://ubuntu:36845/
[rosmaster.master][INFO] 2023-09-04 16:51:58,135: +SERVICE [/camera/depth/image_rect_raw/compressed/set_parameters] /camera/realsense2_camera_manager http://ubuntu:36845/
[rosmaster.master][INFO] 2023-09-04 16:51:58,137: +PUB [/camera/depth/image_rect_raw/compressed/parameter_descriptions] /camera/realsense2_camera_manager http://ubuntu:36845/
[rosmaster.master][INFO] 2023-09-04 16:51:58,142: +PUB [/camera/depth/image_rect_raw/compressed/parameter_updates] /camera/realsense2_camera_manager http://ubuntu:36845/
[rosmaster.master][INFO] 2023-09-04 16:51:58,149: +PARAM [/camera/depth/image_rect_raw/compressed/format] by /camera/realsense2_camera_manager
[rosmaster.master][INFO] 2023-09-04 16:51:58,150: +PARAM [/camera/depth/image_rect_raw/compressed/jpeg_quality] by /camera/realsense2_camera_manager
[rosmaster.master][INFO] 2023-09-04 16:51:58,151: +PARAM [/camera/depth/image_rect_raw/compressed/jpeg_progressive] by /camera/realsense2_camera_manager
[rosmaster.master][INFO] 2023-09-04 16:51:58,152: +PARAM [/camera/depth/image_rect_raw/compressed/jpeg_optimize] by /camera/realsense2_camera_manager
[rosmaster.master][INFO] 2023-09-04 16:51:58,153: +PARAM [/camera/depth/image_rect_raw/compressed/jpeg_restart_interval] by /camera/realsense2_camera_manager
[rosmaster.master][INFO] 2023-09-04 16:51:58,154: +PARAM [/camera/depth/image_rect_raw/compressed/png_level] by /camera/realsense2_camera_manager
[rosmaster.master][INFO] 2023-09-04 16:51:58,155: +PARAM [/camera/depth/image_rect_raw/compressed/format] by /camera/realsense2_camera_manager
[rosmaster.master][INFO] 2023-09-04 16:51:58,156: +PARAM [/camera/depth/image_rect_raw/compressed/jpeg_quality] by /camera/realsense2_camera_manager
[rosmaster.master][INFO] 2023-09-04 16:51:58,157: +PARAM [/camera/depth/image_rect_raw/compressed/jpeg_progressive] by /camera/realsense2_camera_manager
[rosmaster.master][INFO] 2023-09-04 16:51:58,158: +PARAM [/camera/depth/image_rect_raw/compressed/jpeg_optimize] by /camera/realsense2_camera_manager
[rosmaster.master][INFO] 2023-09-04 16:51:58,161: +PARAM [/camera/depth/image_rect_raw/compressed/jpeg_restart_interval] by /camera/realsense2_camera_manager
[rosmaster.master][INFO] 2023-09-04 16:51:58,166: +PARAM [/camera/depth/image_rect_raw/compressed/png_level] by /camera/realsense2_camera_manager
[rosmaster.master][INFO] 2023-09-04 16:51:58,168: +PUB [/camera/depth/image_rect_raw] /camera/realsense2_camera_manager http://ubuntu:36845/
[rosmaster.master][INFO] 2023-09-04 16:51:58,181: +PUB [/camera/depth/image_rect_raw/theora] /camera/realsense2_camera_manager http://ubuntu:36845/
[rosmaster.master][INFO] 2023-09-04 16:51:58,183: +SERVICE [/camera/depth/image_rect_raw/theora/set_parameters] /camera/realsense2_camera_manager http://ubuntu:36845/
[rosmaster.master][INFO] 2023-09-04 16:51:58,186: +PUB [/camera/depth/image_rect_raw/theora/parameter_descriptions] /camera/realsense2_camera_manager http://ubuntu:36845/
[rosmaster.master][INFO] 2023-09-04 16:51:58,187: +PUB [/camera/depth/image_rect_raw/theora/parameter_updates] /camera/realsense2_camera_manager http://ubuntu:36845/
[rosmaster.master][INFO] 2023-09-04 16:51:58,191: +PARAM [/camera/depth/image_rect_raw/theora/optimize_for] by /camera/realsense2_camera_manager
[rosmaster.master][INFO] 2023-09-04 16:51:58,194: +PARAM [/camera/depth/image_rect_raw/theora/target_bitrate] by /camera/realsense2_camera_manager
[rosmaster.master][INFO] 2023-09-04 16:51:58,195: +PARAM [/camera/depth/image_rect_raw/theora/quality] by /camera/realsense2_camera_manager
[rosmaster.master][INFO] 2023-09-04 16:51:58,197: +PARAM [/camera/depth/image_rect_raw/theora/keyframe_frequency] by /camera/realsense2_camera_manager
[rosmaster.master][INFO] 2023-09-04 16:51:58,200: +PARAM [/camera/depth/image_rect_raw/theora/optimize_for] by /camera/realsense2_camera_manager
[rosmaster.master][INFO] 2023-09-04 16:51:58,200: +PARAM [/camera/depth/image_rect_raw/theora/target_bitrate] by /camera/realsense2_camera_manager
[rosmaster.master][INFO] 2023-09-04 16:51:58,202: +PARAM [/camera/depth/image_rect_raw/theora/quality] by /camera/realsense2_camera_manager
[rosmaster.master][INFO] 2023-09-04 16:51:58,203: +PARAM [/camera/depth/image_rect_raw/theora/keyframe_frequency] by /camera/realsense2_camera_manager
[rosmaster.master][INFO] 2023-09-04 16:51:58,205: +PUB [/camera/depth/camera_info] /camera/realsense2_camera_manager http://ubuntu:36845/
[rosmaster.master][INFO] 2023-09-04 16:51:58,206: +PUB [/camera/depth/metadata] /camera/realsense2_camera_manager http://ubuntu:36845/
[rosmaster.master][INFO] 2023-09-04 16:51:58,208: +PUB [/camera/infra1/image_rect_raw/compressedDepth] /camera/realsense2_camera_manager http://ubuntu:36845/
[rosmaster.master][INFO] 2023-09-04 16:51:58,208: +SERVICE [/camera/infra1/image_rect_raw/compressedDepth/set_parameters] /camera/realsense2_camera_manager http://ubuntu:36845/
[rosmaster.master][INFO] 2023-09-04 16:51:58,209: +PUB [/camera/infra1/image_rect_raw/compressedDepth/parameter_descriptions] /camera/realsense2_camera_manager http://ubuntu:36845/
[rosmaster.master][INFO] 2023-09-04 16:51:58,210: +PUB [/camera/infra1/image_rect_raw/compressedDepth/parameter_updates] /camera/realsense2_camera_manager http://ubuntu:36845/
[rosmaster.master][INFO] 2023-09-04 16:51:58,213: +PARAM [/camera/infra1/image_rect_raw/compressedDepth/format] by /camera/realsense2_camera_manager
[rosmaster.master][INFO] 2023-09-04 16:51:58,214: +PARAM [/camera/infra1/image_rect_raw/compressedDepth/depth_max] by /camera/realsense2_camera_manager
[rosmaster.master][INFO] 2023-09-04 16:51:58,215: +PARAM [/camera/infra1/image_rect_raw/compressedDepth/depth_quantization] by /camera/realsense2_camera_manager
[rosmaster.master][INFO] 2023-09-04 16:51:58,217: +PARAM [/camera/infra1/image_rect_raw/compressedDepth/png_level] by /camera/realsense2_camera_manager
[rosmaster.master][INFO] 2023-09-04 16:51:58,218: +PARAM [/camera/infra1/image_rect_raw/compressedDepth/format] by /camera/realsense2_camera_manager
[rosmaster.master][INFO] 2023-09-04 16:51:58,219: +PARAM [/camera/infra1/image_rect_raw/compressedDepth/depth_max] by /camera/realsense2_camera_manager
[rosmaster.master][INFO] 2023-09-04 16:51:58,220: +PARAM [/camera/infra1/image_rect_raw/compressedDepth/depth_quantization] by /camera/realsense2_camera_manager
[rosmaster.master][INFO] 2023-09-04 16:51:58,222: +PARAM [/camera/infra1/image_rect_raw/compressedDepth/png_level] by /camera/realsense2_camera_manager
[rosmaster.master][INFO] 2023-09-04 16:51:58,223: +PUB [/camera/infra1/image_rect_raw/compressed] /camera/realsense2_camera_manager http://ubuntu:36845/
[rosmaster.master][INFO] 2023-09-04 16:51:58,224: +SERVICE [/camera/infra1/image_rect_raw/compressed/set_parameters] /camera/realsense2_camera_manager http://ubuntu:36845/
[rosmaster.master][INFO] 2023-09-04 16:51:58,224: +PUB [/camera/infra1/image_rect_raw/compressed/parameter_descriptions] /camera/realsense2_camera_manager http://ubuntu:36845/
[rosmaster.master][INFO] 2023-09-04 16:51:58,225: +PUB [/camera/infra1/image_rect_raw/compressed/parameter_updates] /camera/realsense2_camera_manager http://ubuntu:36845/
[rosmaster.master][INFO] 2023-09-04 16:51:58,228: +PARAM [/camera/infra1/image_rect_raw/compressed/format] by /camera/realsense2_camera_manager
[rosmaster.master][INFO] 2023-09-04 16:51:58,229: +PARAM [/camera/infra1/image_rect_raw/compressed/jpeg_quality] by /camera/realsense2_camera_manager
[rosmaster.master][INFO] 2023-09-04 16:51:58,229: +PARAM [/camera/infra1/image_rect_raw/compressed/jpeg_progressive] by /camera/realsense2_camera_manager
[rosmaster.master][INFO] 2023-09-04 16:51:58,230: +PARAM [/camera/infra1/image_rect_raw/compressed/jpeg_optimize] by /camera/realsense2_camera_manager
[rosmaster.master][INFO] 2023-09-04 16:51:58,231: +PARAM [/camera/infra1/image_rect_raw/compressed/jpeg_restart_interval] by /camera/realsense2_camera_manager
[rosmaster.master][INFO] 2023-09-04 16:51:58,232: +PARAM [/camera/infra1/image_rect_raw/compressed/png_level] by /camera/realsense2_camera_manager
[rosmaster.master][INFO] 2023-09-04 16:51:58,233: +PARAM [/camera/infra1/image_rect_raw/compressed/format] by /camera/realsense2_camera_manager
[rosmaster.master][INFO] 2023-09-04 16:51:58,234: +PARAM [/camera/infra1/image_rect_raw/compressed/jpeg_quality] by /camera/realsense2_camera_manager
[rosmaster.master][INFO] 2023-09-04 16:51:58,235: +PARAM [/camera/infra1/image_rect_raw/compressed/jpeg_progressive] by /camera/realsense2_camera_manager
[rosmaster.master][INFO] 2023-09-04 16:51:58,235: +PARAM [/camera/infra1/image_rect_raw/compressed/jpeg_optimize] by /camera/realsense2_camera_manager
[rosmaster.master][INFO] 2023-09-04 16:51:58,236: +PARAM [/camera/infra1/image_rect_raw/compressed/jpeg_restart_interval] by /camera/realsense2_camera_manager
[rosmaster.master][INFO] 2023-09-04 16:51:58,236: +PARAM [/camera/infra1/image_rect_raw/compressed/png_level] by /camera/realsense2_camera_manager
[rosmaster.master][INFO] 2023-09-04 16:51:58,237: +PUB [/camera/infra1/image_rect_raw] /camera/realsense2_camera_manager http://ubuntu:36845/
[rosmaster.master][INFO] 2023-09-04 16:51:58,238: +PUB [/camera/infra1/image_rect_raw/theora] /camera/realsense2_camera_manager http://ubuntu:36845/
[rosmaster.master][INFO] 2023-09-04 16:51:58,239: +SERVICE [/camera/infra1/image_rect_raw/theora/set_parameters] /camera/realsense2_camera_manager http://ubuntu:36845/
[rosmaster.master][INFO] 2023-09-04 16:51:58,239: +PUB [/camera/infra1/image_rect_raw/theora/parameter_descriptions] /camera/realsense2_camera_manager http://ubuntu:36845/
[rosmaster.master][INFO] 2023-09-04 16:51:58,240: +PUB [/camera/infra1/image_rect_raw/theora/parameter_updates] /camera/realsense2_camera_manager http://ubuntu:36845/
[rosmaster.master][INFO] 2023-09-04 16:51:58,245: +PARAM [/camera/infra1/image_rect_raw/theora/optimize_for] by /camera/realsense2_camera_manager
[rosmaster.master][INFO] 2023-09-04 16:51:58,247: +PARAM [/camera/infra1/image_rect_raw/theora/target_bitrate] by /camera/realsense2_camera_manager
[rosmaster.master][INFO] 2023-09-04 16:51:58,248: +PARAM [/camera/infra1/image_rect_raw/theora/quality] by /camera/realsense2_camera_manager
[rosmaster.master][INFO] 2023-09-04 16:51:58,248: +PARAM [/camera/infra1/image_rect_raw/theora/keyframe_frequency] by /camera/realsense2_camera_manager
[rosmaster.master][INFO] 2023-09-04 16:51:58,249: +PARAM [/camera/infra1/image_rect_raw/theora/optimize_for] by /camera/realsense2_camera_manager
[rosmaster.master][INFO] 2023-09-04 16:51:58,250: +PARAM [/camera/infra1/image_rect_raw/theora/target_bitrate] by /camera/realsense2_camera_manager
[rosmaster.master][INFO] 2023-09-04 16:51:58,250: +PARAM [/camera/infra1/image_rect_raw/theora/quality] by /camera/realsense2_camera_manager
[rosmaster.master][INFO] 2023-09-04 16:51:58,251: +PARAM [/camera/infra1/image_rect_raw/theora/keyframe_frequency] by /camera/realsense2_camera_manager
[rosmaster.master][INFO] 2023-09-04 16:51:58,252: +PUB [/camera/infra1/camera_info] /camera/realsense2_camera_manager http://ubuntu:36845/
[rosmaster.master][INFO] 2023-09-04 16:51:58,252: +PUB [/camera/infra1/metadata] /camera/realsense2_camera_manager http://ubuntu:36845/
[rosmaster.master][INFO] 2023-09-04 16:51:58,254: +PUB [/camera/infra2/image_rect_raw/compressedDepth] /camera/realsense2_camera_manager http://ubuntu:36845/
[rosmaster.master][INFO] 2023-09-04 16:51:58,254: +SERVICE [/camera/infra2/image_rect_raw/compressedDepth/set_parameters] /camera/realsense2_camera_manager http://ubuntu:36845/
[rosmaster.master][INFO] 2023-09-04 16:51:58,255: +PUB [/camera/infra2/image_rect_raw/compressedDepth/parameter_descriptions] /camera/realsense2_camera_manager http://ubuntu:36845/
[rosmaster.master][INFO] 2023-09-04 16:51:58,256: +PUB [/camera/infra2/image_rect_raw/compressedDepth/parameter_updates] /camera/realsense2_camera_manager http://ubuntu:36845/
[rosmaster.master][INFO] 2023-09-04 16:51:58,259: +PARAM [/camera/infra2/image_rect_raw/compressedDepth/format] by /camera/realsense2_camera_manager
[rosmaster.master][INFO] 2023-09-04 16:51:58,260: +PARAM [/camera/infra2/image_rect_raw/compressedDepth/depth_max] by /camera/realsense2_camera_manager
[rosmaster.master][INFO] 2023-09-04 16:51:58,261: +PARAM [/camera/infra2/image_rect_raw/compressedDepth/depth_quantization] by /camera/realsense2_camera_manager
[rosmaster.master][INFO] 2023-09-04 16:51:58,261: +PARAM [/camera/infra2/image_rect_raw/compressedDepth/png_level] by /camera/realsense2_camera_manager
[rosmaster.master][INFO] 2023-09-04 16:51:58,262: +PARAM [/camera/infra2/image_rect_raw/compressedDepth/format] by /camera/realsense2_camera_manager
[rosmaster.master][INFO] 2023-09-04 16:51:58,263: +PARAM [/camera/infra2/image_rect_raw/compressedDepth/depth_max] by /camera/realsense2_camera_manager
[rosmaster.master][INFO] 2023-09-04 16:51:58,264: +PARAM [/camera/infra2/image_rect_raw/compressedDepth/depth_quantization] by /camera/realsense2_camera_manager
[rosmaster.master][INFO] 2023-09-04 16:51:58,265: +PARAM [/camera/infra2/image_rect_raw/compressedDepth/png_level] by /camera/realsense2_camera_manager
[rosmaster.master][INFO] 2023-09-04 16:51:58,266: +PUB [/camera/infra2/image_rect_raw/compressed] /camera/realsense2_camera_manager http://ubuntu:36845/
[rosmaster.master][INFO] 2023-09-04 16:51:58,266: +SERVICE [/camera/infra2/image_rect_raw/compressed/set_parameters] /camera/realsense2_camera_manager http://ubuntu:36845/
[rosmaster.master][INFO] 2023-09-04 16:51:58,267: +PUB [/camera/infra2/image_rect_raw/compressed/parameter_descriptions] /camera/realsense2_camera_manager http://ubuntu:36845/
[rosmaster.master][INFO] 2023-09-04 16:51:58,268: +PUB [/camera/infra2/image_rect_raw/compressed/parameter_updates] /camera/realsense2_camera_manager http://ubuntu:36845/
[rosmaster.master][INFO] 2023-09-04 16:51:58,270: +PARAM [/camera/infra2/image_rect_raw/compressed/format] by /camera/realsense2_camera_manager
[rosmaster.master][INFO] 2023-09-04 16:51:58,271: +PARAM [/camera/infra2/image_rect_raw/compressed/jpeg_quality] by /camera/realsense2_camera_manager
[rosmaster.master][INFO] 2023-09-04 16:51:58,272: +PARAM [/camera/infra2/image_rect_raw/compressed/jpeg_progressive] by /camera/realsense2_camera_manager
[rosmaster.master][INFO] 2023-09-04 16:51:58,272: +PARAM [/camera/infra2/image_rect_raw/compressed/jpeg_optimize] by /camera/realsense2_camera_manager
[rosmaster.master][INFO] 2023-09-04 16:51:58,273: +PARAM [/camera/infra2/image_rect_raw/compressed/jpeg_restart_interval] by /camera/realsense2_camera_manager
[rosmaster.master][INFO] 2023-09-04 16:51:58,274: +PARAM [/camera/infra2/image_rect_raw/compressed/png_level] by /camera/realsense2_camera_manager
[rosmaster.master][INFO] 2023-09-04 16:51:58,274: +PARAM [/camera/infra2/image_rect_raw/compressed/format] by /camera/realsense2_camera_manager
[rosmaster.master][INFO] 2023-09-04 16:51:58,275: +PARAM [/camera/infra2/image_rect_raw/compressed/jpeg_quality] by /camera/realsense2_camera_manager
[rosmaster.master][INFO] 2023-09-04 16:51:58,276: +PARAM [/camera/infra2/image_rect_raw/compressed/jpeg_progressive] by /camera/realsense2_camera_manager
[rosmaster.master][INFO] 2023-09-04 16:51:58,276: +PARAM [/camera/infra2/image_rect_raw/compressed/jpeg_optimize] by /camera/realsense2_camera_manager
[rosmaster.master][INFO] 2023-09-04 16:51:58,277: +PARAM [/camera/infra2/image_rect_raw/compressed/jpeg_restart_interval] by /camera/realsense2_camera_manager
[rosmaster.master][INFO] 2023-09-04 16:51:58,277: +PARAM [/camera/infra2/image_rect_raw/compressed/png_level] by /camera/realsense2_camera_manager
[rosmaster.master][INFO] 2023-09-04 16:51:58,278: +PUB [/camera/infra2/image_rect_raw] /camera/realsense2_camera_manager http://ubuntu:36845/
[rosmaster.master][INFO] 2023-09-04 16:51:58,279: +PUB [/camera/infra2/image_rect_raw/theora] /camera/realsense2_camera_manager http://ubuntu:36845/
[rosmaster.master][INFO] 2023-09-04 16:51:58,280: +SERVICE [/camera/infra2/image_rect_raw/theora/set_parameters] /camera/realsense2_camera_manager http://ubuntu:36845/
[rosmaster.master][INFO] 2023-09-04 16:51:58,280: +PUB [/camera/infra2/image_rect_raw/theora/parameter_descriptions] /camera/realsense2_camera_manager http://ubuntu:36845/
[rosmaster.master][INFO] 2023-09-04 16:51:58,281: +PUB [/camera/infra2/image_rect_raw/theora/parameter_updates] /camera/realsense2_camera_manager http://ubuntu:36845/
[rosmaster.master][INFO] 2023-09-04 16:51:58,283: +PARAM [/camera/infra2/image_rect_raw/theora/optimize_for] by /camera/realsense2_camera_manager
[rosmaster.master][INFO] 2023-09-04 16:51:58,284: +PARAM [/camera/infra2/image_rect_raw/theora/target_bitrate] by /camera/realsense2_camera_manager
[rosmaster.master][INFO] 2023-09-04 16:51:58,285: +PARAM [/camera/infra2/image_rect_raw/theora/quality] by /camera/realsense2_camera_manager
[rosmaster.master][INFO] 2023-09-04 16:51:58,285: +PARAM [/camera/infra2/image_rect_raw/theora/keyframe_frequency] by /camera/realsense2_camera_manager
[rosmaster.master][INFO] 2023-09-04 16:51:58,286: +PARAM [/camera/infra2/image_rect_raw/theora/optimize_for] by /camera/realsense2_camera_manager
[rosmaster.master][INFO] 2023-09-04 16:51:58,286: +PARAM [/camera/infra2/image_rect_raw/theora/target_bitrate] by /camera/realsense2_camera_manager
[rosmaster.master][INFO] 2023-09-04 16:51:58,287: +PARAM [/camera/infra2/image_rect_raw/theora/quality] by /camera/realsense2_camera_manager
[rosmaster.master][INFO] 2023-09-04 16:51:58,288: +PARAM [/camera/infra2/image_rect_raw/theora/keyframe_frequency] by /camera/realsense2_camera_manager
[rosmaster.master][INFO] 2023-09-04 16:51:58,288: +PUB [/camera/infra2/camera_info] /camera/realsense2_camera_manager http://ubuntu:36845/
[rosmaster.master][INFO] 2023-09-04 16:51:58,289: +PUB [/camera/infra2/metadata] /camera/realsense2_camera_manager http://ubuntu:36845/
[rosmaster.master][INFO] 2023-09-04 16:51:58,291: +PUB [/camera/color/image_raw/compressedDepth] /camera/realsense2_camera_manager http://ubuntu:36845/
[rosmaster.master][INFO] 2023-09-04 16:51:58,292: +SERVICE [/camera/color/image_raw/compressedDepth/set_parameters] /camera/realsense2_camera_manager http://ubuntu:36845/
[rosmaster.master][INFO] 2023-09-04 16:51:58,292: +PUB [/camera/color/image_raw/compressedDepth/parameter_descriptions] /camera/realsense2_camera_manager http://ubuntu:36845/
[rosmaster.master][INFO] 2023-09-04 16:51:58,293: +PUB [/camera/color/image_raw/compressedDepth/parameter_updates] /camera/realsense2_camera_manager http://ubuntu:36845/
[rosmaster.master][INFO] 2023-09-04 16:51:58,296: +PARAM [/camera/color/image_raw/compressedDepth/format] by /camera/realsense2_camera_manager
[rosmaster.master][INFO] 2023-09-04 16:51:58,297: +PARAM [/camera/color/image_raw/compressedDepth/depth_max] by /camera/realsense2_camera_manager
[rosmaster.master][INFO] 2023-09-04 16:51:58,297: +PARAM [/camera/color/image_raw/compressedDepth/depth_quantization] by /camera/realsense2_camera_manager
[rosmaster.master][INFO] 2023-09-04 16:51:58,298: +PARAM [/camera/color/image_raw/compressedDepth/png_level] by /camera/realsense2_camera_manager
[rosmaster.master][INFO] 2023-09-04 16:51:58,299: +PARAM [/camera/color/image_raw/compressedDepth/format] by /camera/realsense2_camera_manager
[rosmaster.master][INFO] 2023-09-04 16:51:58,299: +PARAM [/camera/color/image_raw/compressedDepth/depth_max] by /camera/realsense2_camera_manager
[rosmaster.master][INFO] 2023-09-04 16:51:58,300: +PARAM [/camera/color/image_raw/compressedDepth/depth_quantization] by /camera/realsense2_camera_manager
[rosmaster.master][INFO] 2023-09-04 16:51:58,300: +PARAM [/camera/color/image_raw/compressedDepth/png_level] by /camera/realsense2_camera_manager
[rosmaster.master][INFO] 2023-09-04 16:51:58,301: +PUB [/camera/color/image_raw/compressed] /camera/realsense2_camera_manager http://ubuntu:36845/
[rosmaster.master][INFO] 2023-09-04 16:51:58,302: +SERVICE [/camera/color/image_raw/compressed/set_parameters] /camera/realsense2_camera_manager http://ubuntu:36845/
[rosmaster.master][INFO] 2023-09-04 16:51:58,302: +PUB [/camera/color/image_raw/compressed/parameter_descriptions] /camera/realsense2_camera_manager http://ubuntu:36845/
[rosmaster.master][INFO] 2023-09-04 16:51:58,303: +PUB [/camera/color/image_raw/compressed/parameter_updates] /camera/realsense2_camera_manager http://ubuntu:36845/
[rosmaster.master][INFO] 2023-09-04 16:51:58,306: +PARAM [/camera/color/image_raw/compressed/format] by /camera/realsense2_camera_manager
[rosmaster.master][INFO] 2023-09-04 16:51:58,307: +PARAM [/camera/color/image_raw/compressed/jpeg_quality] by /camera/realsense2_camera_manager
[rosmaster.master][INFO] 2023-09-04 16:51:58,307: +PARAM [/camera/color/image_raw/compressed/jpeg_progressive] by /camera/realsense2_camera_manager
[rosmaster.master][INFO] 2023-09-04 16:51:58,308: +PARAM [/camera/color/image_raw/compressed/jpeg_optimize] by /camera/realsense2_camera_manager
[rosmaster.master][INFO] 2023-09-04 16:51:58,308: +PARAM [/camera/color/image_raw/compressed/jpeg_restart_interval] by /camera/realsense2_camera_manager
[rosmaster.master][INFO] 2023-09-04 16:51:58,309: +PARAM [/camera/color/image_raw/compressed/png_level] by /camera/realsense2_camera_manager
[rosmaster.master][INFO] 2023-09-04 16:51:58,310: +PARAM [/camera/color/image_raw/compressed/format] by /camera/realsense2_camera_manager
[rosmaster.master][INFO] 2023-09-04 16:51:58,310: +PARAM [/camera/color/image_raw/compressed/jpeg_quality] by /camera/realsense2_camera_manager
[rosmaster.master][INFO] 2023-09-04 16:51:58,311: +PARAM [/camera/color/image_raw/compressed/jpeg_progressive] by /camera/realsense2_camera_manager
[rosmaster.master][INFO] 2023-09-04 16:51:58,311: +PARAM [/camera/color/image_raw/compressed/jpeg_optimize] by /camera/realsense2_camera_manager
[rosmaster.master][INFO] 2023-09-04 16:51:58,312: +PARAM [/camera/color/image_raw/compressed/jpeg_restart_interval] by /camera/realsense2_camera_manager
[rosmaster.master][INFO] 2023-09-04 16:51:58,312: +PARAM [/camera/color/image_raw/compressed/png_level] by /camera/realsense2_camera_manager
[rosmaster.master][INFO] 2023-09-04 16:51:58,313: +PUB [/camera/color/image_raw] /camera/realsense2_camera_manager http://ubuntu:36845/
[rosmaster.master][INFO] 2023-09-04 16:51:58,314: +PUB [/camera/color/image_raw/theora] /camera/realsense2_camera_manager http://ubuntu:36845/
[rosmaster.master][INFO] 2023-09-04 16:51:58,315: +SERVICE [/camera/color/image_raw/theora/set_parameters] /camera/realsense2_camera_manager http://ubuntu:36845/
[rosmaster.master][INFO] 2023-09-04 16:51:58,315: +PUB [/camera/color/image_raw/theora/parameter_descriptions] /camera/realsense2_camera_manager http://ubuntu:36845/
[rosmaster.master][INFO] 2023-09-04 16:51:58,316: +PUB [/camera/color/image_raw/theora/parameter_updates] /camera/realsense2_camera_manager http://ubuntu:36845/
[rosmaster.master][INFO] 2023-09-04 16:51:58,318: +PARAM [/camera/color/image_raw/theora/optimize_for] by /camera/realsense2_camera_manager
[rosmaster.master][INFO] 2023-09-04 16:51:58,319: +PARAM [/camera/color/image_raw/theora/target_bitrate] by /camera/realsense2_camera_manager
[rosmaster.master][INFO] 2023-09-04 16:51:58,319: +PARAM [/camera/color/image_raw/theora/quality] by /camera/realsense2_camera_manager
[rosmaster.master][INFO] 2023-09-04 16:51:58,320: +PARAM [/camera/color/image_raw/theora/keyframe_frequency] by /camera/realsense2_camera_manager
[rosmaster.master][INFO] 2023-09-04 16:51:58,320: +PARAM [/camera/color/image_raw/theora/optimize_for] by /camera/realsense2_camera_manager
[rosmaster.master][INFO] 2023-09-04 16:51:58,321: +PARAM [/camera/color/image_raw/theora/target_bitrate] by /camera/realsense2_camera_manager
[rosmaster.master][INFO] 2023-09-04 16:51:58,321: +PARAM [/camera/color/image_raw/theora/quality] by /camera/realsense2_camera_manager
[rosmaster.master][INFO] 2023-09-04 16:51:58,322: +PARAM [/camera/color/image_raw/theora/keyframe_frequency] by /camera/realsense2_camera_manager
[rosmaster.master][INFO] 2023-09-04 16:51:58,323: +PUB [/camera/color/camera_info] /camera/realsense2_camera_manager http://ubuntu:36845/
[rosmaster.master][INFO] 2023-09-04 16:51:58,323: +PUB [/camera/color/metadata] /camera/realsense2_camera_manager http://ubuntu:36845/
[rosmaster.master][INFO] 2023-09-04 16:51:58,324: +PUB [/camera/extrinsics/depth_to_color] /camera/realsense2_camera_manager http://ubuntu:36845/
[rosmaster.master][INFO] 2023-09-04 16:51:58,324: +PUB [/camera/extrinsics/depth_to_infra1] /camera/realsense2_camera_manager http://ubuntu:36845/
[rosmaster.master][INFO] 2023-09-04 16:51:58,325: +PUB [/camera/extrinsics/depth_to_infra2] /camera/realsense2_camera_manager http://ubuntu:36845/
[rosmaster.master][INFO] 2023-09-04 16:52:00,495: -SUB [/svo/image/0] /rviz_1693817373377548719 http://ubuntu:41667/
[rosmaster.master][INFO] 2023-09-04 16:57:19,759: +PARAM [/roslaunch/uris/host_ubuntu__39593] by /roslaunch
[rosmaster.master][INFO] 2023-09-04 16:57:19,762: -PARAM [/svo] by /roslaunch
[rosmaster.master][INFO] 2023-09-04 16:57:19,769: +PARAM [/rosversion] by /roslaunch
[rosmaster.master][INFO] 2023-09-04 16:57:19,770: +PARAM [/rosdistro] by /roslaunch
[rosmaster.master][INFO] 2023-09-04 16:57:19,770: +PARAM [/svo/pipeline_is_stereo] by /roslaunch
[rosmaster.master][INFO] 2023-09-04 16:57:19,770: +PARAM [/svo/automatic_reinitialization] by /roslaunch
[rosmaster.master][INFO] 2023-09-04 16:57:19,770: +PARAM [/svo/max_depth_inv] by /roslaunch
[rosmaster.master][INFO] 2023-09-04 16:57:19,770: +PARAM [/svo/min_depth_inv] by /roslaunch
[rosmaster.master][INFO] 2023-09-04 16:57:19,770: +PARAM [/svo/mean_depth_inv] by /roslaunch
[rosmaster.master][INFO] 2023-09-04 16:57:19,770: +PARAM [/svo/use_imu] by /roslaunch
[rosmaster.master][INFO] 2023-09-04 16:57:19,770: +PARAM [/svo/img_align_prior_lambda_rot] by /roslaunch
[rosmaster.master][INFO] 2023-09-04 16:57:19,771: +PARAM [/svo/poseoptim_prior_lambda] by /roslaunch
[rosmaster.master][INFO] 2023-09-04 16:57:19,771: +PARAM [/svo/max_n_kfs] by /roslaunch
[rosmaster.master][INFO] 2023-09-04 16:57:19,771: +PARAM [/svo/kfselect_criterion] by /roslaunch
[rosmaster.master][INFO] 2023-09-04 16:57:19,771: +PARAM [/svo/kfselect_numkfs_upper_thresh] by /roslaunch
[rosmaster.master][INFO] 2023-09-04 16:57:19,771: +PARAM [/svo/kfselect_numkfs_lower_thresh] by /roslaunch
[rosmaster.master][INFO] 2023-09-04 16:57:19,771: +PARAM [/svo/kfselect_min_num_frames_between_kfs] by /roslaunch
[rosmaster.master][INFO] 2023-09-04 16:57:19,771: +PARAM [/svo/kfselect_min_disparity] by /roslaunch
[rosmaster.master][INFO] 2023-09-04 16:57:19,771: +PARAM [/svo/kfselect_min_angle] by /roslaunch
[rosmaster.master][INFO] 2023-09-04 16:57:19,771: +PARAM [/svo/kfselect_min_dist_metric] by /roslaunch
[rosmaster.master][INFO] 2023-09-04 16:57:19,772: +PARAM [/svo/update_seeds_with_old_keyframes] by /roslaunch
[rosmaster.master][INFO] 2023-09-04 16:57:19,772: +PARAM [/svo/img_align_max_level] by /roslaunch
[rosmaster.master][INFO] 2023-09-04 16:57:19,772: +PARAM [/svo/img_align_min_level] by /roslaunch
[rosmaster.master][INFO] 2023-09-04 16:57:19,772: +PARAM [/svo/poseoptim_thresh] by /roslaunch
[rosmaster.master][INFO] 2023-09-04 16:57:19,772: +PARAM [/svo/use_async_reprojectors] by /roslaunch
[rosmaster.master][INFO] 2023-09-04 16:57:19,772: +PARAM [/svo/reprojector_max_n_kfs] by /roslaunch
[rosmaster.master][INFO] 2023-09-04 16:57:19,772: +PARAM [/svo/max_fts] by /roslaunch
[rosmaster.master][INFO] 2023-09-04 16:57:19,772: +PARAM [/svo/grid_size] by /roslaunch
[rosmaster.master][INFO] 2023-09-04 16:57:19,772: +PARAM [/svo/n_pyr_levels] by /roslaunch
[rosmaster.master][INFO] 2023-09-04 16:57:19,772: +PARAM [/svo/detector_threshold_primary] by /roslaunch
[rosmaster.master][INFO] 2023-09-04 16:57:19,773: +PARAM [/svo/detector_threshold_secondary] by /roslaunch
[rosmaster.master][INFO] 2023-09-04 16:57:19,773: +PARAM [/svo/use_ceres_backend] by /roslaunch
[rosmaster.master][INFO] 2023-09-04 16:57:19,773: +PARAM [/svo/cam0_topic] by /roslaunch
[rosmaster.master][INFO] 2023-09-04 16:57:19,773: +PARAM [/svo/cam1_topic] by /roslaunch
[rosmaster.master][INFO] 2023-09-04 16:57:19,773: +PARAM [/svo/calib_file] by /roslaunch
[rosmaster.master][INFO] 2023-09-04 16:57:19,773: +PARAM [/svo/init_rx] by /roslaunch
[rosmaster.master][INFO] 2023-09-04 16:57:19,773: +PARAM [/svo/init_ry] by /roslaunch
[rosmaster.master][INFO] 2023-09-04 16:57:19,773: +PARAM [/svo/init_rz] by /roslaunch
[rosmaster.master][INFO] 2023-09-04 16:57:20,106: +PUB [/rosout] /svo http://ubuntu:36099/
[rosmaster.master][INFO] 2023-09-04 16:57:20,107: +SERVICE [/svo/get_loggers] /svo http://ubuntu:36099/
[rosmaster.master][INFO] 2023-09-04 16:57:20,108: +SERVICE [/svo/set_logger_level] /svo http://ubuntu:36099/
[rosmaster.master][INFO] 2023-09-04 16:57:20,111: +CACHEDPARAM [/rosout_disable_topics_generation] by /svo
[rosmaster.master][INFO] 2023-09-04 16:57:20,130: publisherUpdate[/rosout] -> http://ubuntu:36231/ ['http://ubuntu:40833/', 'http://ubuntu:36845/', 'http://ubuntu:41667/', 'http://ubuntu:36099/']
[rosmaster.master][INFO] 2023-09-04 16:57:20,132: publisherUpdate[/rosout] -> http://ubuntu:36231/ ['http://ubuntu:40833/', 'http://ubuntu:36845/', 'http://ubuntu:41667/', 'http://ubuntu:36099/']: sec=0.00, result=[1, '', 0]
[rosmaster.master][INFO] 2023-09-04 16:57:20,207: +PUB [/tf] /svo http://ubuntu:36099/
[rosmaster.master][INFO] 2023-09-04 16:57:20,211: +PUB [/svo/keyframes] /svo http://ubuntu:36099/
[rosmaster.master][INFO] 2023-09-04 16:57:20,212: +PUB [/svo/points] /svo http://ubuntu:36099/
[rosmaster.master][INFO] 2023-09-04 16:57:20,213: +PUB [/svo/pose_imu] /svo http://ubuntu:36099/
[rosmaster.master][INFO] 2023-09-04 16:57:20,213: +PUB [/svo/info] /svo http://ubuntu:36099/
[rosmaster.master][INFO] 2023-09-04 16:57:20,214: +PUB [/svo/markers] /svo http://ubuntu:36099/
[rosmaster.master][INFO] 2023-09-04 16:57:20,214: +PUB [/svo/pointcloud] /svo http://ubuntu:36099/
[rosmaster.master][INFO] 2023-09-04 16:57:20,218: +PUB [/svo/dense_input/0] /svo http://ubuntu:36099/
[rosmaster.master][INFO] 2023-09-04 16:57:20,223: +PUB [/svo/image/0/compressedDepth] /svo http://ubuntu:36099/
[rosmaster.master][INFO] 2023-09-04 16:57:20,224: +SERVICE [/svo/image/0/compressedDepth/set_parameters] /svo http://ubuntu:36099/
[rosmaster.master][INFO] 2023-09-04 16:57:20,225: +PUB [/svo/image/0/compressedDepth/parameter_descriptions] /svo http://ubuntu:36099/
[rosmaster.master][INFO] 2023-09-04 16:57:20,225: +PUB [/svo/image/0/compressedDepth/parameter_updates] /svo http://ubuntu:36099/
[rosmaster.master][INFO] 2023-09-04 16:57:20,228: +PARAM [/svo/image/0/compressedDepth/format] by /svo
[rosmaster.master][INFO] 2023-09-04 16:57:20,228: +PARAM [/svo/image/0/compressedDepth/depth_max] by /svo
[rosmaster.master][INFO] 2023-09-04 16:57:20,229: +PARAM [/svo/image/0/compressedDepth/depth_quantization] by /svo
[rosmaster.master][INFO] 2023-09-04 16:57:20,229: +PARAM [/svo/image/0/compressedDepth/png_level] by /svo
[rosmaster.master][INFO] 2023-09-04 16:57:20,230: +PARAM [/svo/image/0/compressedDepth/format] by /svo
[rosmaster.master][INFO] 2023-09-04 16:57:20,230: +PARAM [/svo/image/0/compressedDepth/depth_max] by /svo
[rosmaster.master][INFO] 2023-09-04 16:57:20,231: +PARAM [/svo/image/0/compressedDepth/depth_quantization] by /svo
[rosmaster.master][INFO] 2023-09-04 16:57:20,231: publisherUpdate[/tf] -> http://ubuntu:41667/ ['http://ubuntu:36845/', 'http://ubuntu:36099/']
[rosmaster.master][INFO] 2023-09-04 16:57:20,233: publisherUpdate[/tf] -> http://ubuntu:41667/ ['http://ubuntu:36845/', 'http://ubuntu:36099/']: sec=0.00, result=[1, '', 0]
[rosmaster.master][INFO] 2023-09-04 16:57:20,233: publisherUpdate[/svo/keyframes] -> http://ubuntu:41667/ ['http://ubuntu:36099/']
[rosmaster.master][INFO] 2023-09-04 16:57:20,234: publisherUpdate[/svo/keyframes] -> http://ubuntu:41667/ ['http://ubuntu:36099/']: sec=0.00, result=[1, '', 0]
[rosmaster.master][INFO] 2023-09-04 16:57:20,234: publisherUpdate[/svo/points] -> http://ubuntu:41667/ ['http://ubuntu:36099/']
[rosmaster.master][INFO] 2023-09-04 16:57:20,235: publisherUpdate[/svo/points] -> http://ubuntu:41667/ ['http://ubuntu:36099/']: sec=0.00, result=[1, '', 0]
[rosmaster.master][INFO] 2023-09-04 16:57:20,236: +PARAM [/svo/image/0/compressedDepth/png_level] by /svo
[rosmaster.master][INFO] 2023-09-04 16:57:20,240: +PUB [/svo/image/0/compressed] /svo http://ubuntu:36099/
[rosmaster.master][INFO] 2023-09-04 16:57:20,241: +SERVICE [/svo/image/0/compressed/set_parameters] /svo http://ubuntu:36099/
[rosmaster.master][INFO] 2023-09-04 16:57:20,241: +PUB [/svo/image/0/compressed/parameter_descriptions] /svo http://ubuntu:36099/
[rosmaster.master][INFO] 2023-09-04 16:57:20,242: +PUB [/svo/image/0/compressed/parameter_updates] /svo http://ubuntu:36099/
[rosmaster.master][INFO] 2023-09-04 16:57:20,245: +PARAM [/svo/image/0/compressed/format] by /svo
[rosmaster.master][INFO] 2023-09-04 16:57:20,246: +PARAM [/svo/image/0/compressed/jpeg_quality] by /svo
[rosmaster.master][INFO] 2023-09-04 16:57:20,246: +PARAM [/svo/image/0/compressed/jpeg_progressive] by /svo
[rosmaster.master][INFO] 2023-09-04 16:57:20,247: +PARAM [/svo/image/0/compressed/jpeg_optimize] by /svo
[rosmaster.master][INFO] 2023-09-04 16:57:20,247: +PARAM [/svo/image/0/compressed/jpeg_restart_interval] by /svo
[rosmaster.master][INFO] 2023-09-04 16:57:20,248: +PARAM [/svo/image/0/compressed/png_level] by /svo
[rosmaster.master][INFO] 2023-09-04 16:57:20,248: +PARAM [/svo/image/0/compressed/format] by /svo
[rosmaster.master][INFO] 2023-09-04 16:57:20,249: +PARAM [/svo/image/0/compressed/jpeg_quality] by /svo
[rosmaster.master][INFO] 2023-09-04 16:57:20,249: +PARAM [/svo/image/0/compressed/jpeg_progressive] by /svo
[rosmaster.master][INFO] 2023-09-04 16:57:20,250: +PARAM [/svo/image/0/compressed/jpeg_optimize] by /svo
[rosmaster.master][INFO] 2023-09-04 16:57:20,250: +PARAM [/svo/image/0/compressed/jpeg_restart_interval] by /svo
[rosmaster.master][INFO] 2023-09-04 16:57:20,251: +PARAM [/svo/image/0/compressed/png_level] by /svo
[rosmaster.master][INFO] 2023-09-04 16:57:20,255: +PUB [/svo/image/0] /svo http://ubuntu:36099/
[rosmaster.master][INFO] 2023-09-04 16:57:20,260: +PUB [/svo/image/0/theora] /svo http://ubuntu:36099/
[rosmaster.master][INFO] 2023-09-04 16:57:20,260: +SERVICE [/svo/image/0/theora/set_parameters] /svo http://ubuntu:36099/
[rosmaster.master][INFO] 2023-09-04 16:57:20,261: +PUB [/svo/image/0/theora/parameter_descriptions] /svo http://ubuntu:36099/
[rosmaster.master][INFO] 2023-09-04 16:57:20,262: +PUB [/svo/image/0/theora/parameter_updates] /svo http://ubuntu:36099/
[rosmaster.master][INFO] 2023-09-04 16:57:20,264: +PARAM [/svo/image/0/theora/optimize_for] by /svo
[rosmaster.master][INFO] 2023-09-04 16:57:20,265: +PARAM [/svo/image/0/theora/target_bitrate] by /svo
[rosmaster.master][INFO] 2023-09-04 16:57:20,265: +PARAM [/svo/image/0/theora/quality] by /svo
[rosmaster.master][INFO] 2023-09-04 16:57:20,266: +PARAM [/svo/image/0/theora/keyframe_frequency] by /svo
[rosmaster.master][INFO] 2023-09-04 16:57:20,266: +PARAM [/svo/image/0/theora/optimize_for] by /svo
[rosmaster.master][INFO] 2023-09-04 16:57:20,267: +PARAM [/svo/image/0/theora/target_bitrate] by /svo
[rosmaster.master][INFO] 2023-09-04 16:57:20,267: +PARAM [/svo/image/0/theora/quality] by /svo
[rosmaster.master][INFO] 2023-09-04 16:57:20,268: +PARAM [/svo/image/0/theora/keyframe_frequency] by /svo
[rosmaster.master][INFO] 2023-09-04 16:57:20,268: +PUB [/svo/pose_cam/0] /svo http://ubuntu:36099/
[rosmaster.master][INFO] 2023-09-04 16:57:20,269: +PUB [/svo/dense_input/1] /svo http://ubuntu:36099/
[rosmaster.master][INFO] 2023-09-04 16:57:20,270: +PUB [/svo/image/1/compressedDepth] /svo http://ubuntu:36099/
[rosmaster.master][INFO] 2023-09-04 16:57:20,271: +SERVICE [/svo/image/1/compressedDepth/set_parameters] /svo http://ubuntu:36099/
[rosmaster.master][INFO] 2023-09-04 16:57:20,271: +PUB [/svo/image/1/compressedDepth/parameter_descriptions] /svo http://ubuntu:36099/
[rosmaster.master][INFO] 2023-09-04 16:57:20,272: +PUB [/svo/image/1/compressedDepth/parameter_updates] /svo http://ubuntu:36099/
[rosmaster.master][INFO] 2023-09-04 16:57:20,274: +PARAM [/svo/image/1/compressedDepth/format] by /svo
[rosmaster.master][INFO] 2023-09-04 16:57:20,274: +PARAM [/svo/image/1/compressedDepth/depth_max] by /svo
[rosmaster.master][INFO] 2023-09-04 16:57:20,275: +PARAM [/svo/image/1/compressedDepth/depth_quantization] by /svo
[rosmaster.master][INFO] 2023-09-04 16:57:20,275: +PARAM [/svo/image/1/compressedDepth/png_level] by /svo
[rosmaster.master][INFO] 2023-09-04 16:57:20,276: +PARAM [/svo/image/1/compressedDepth/format] by /svo
[rosmaster.master][INFO] 2023-09-04 16:57:20,276: +PARAM [/svo/image/1/compressedDepth/depth_max] by /svo
[rosmaster.master][INFO] 2023-09-04 16:57:20,277: +PARAM [/svo/image/1/compressedDepth/depth_quantization] by /svo
[rosmaster.master][INFO] 2023-09-04 16:57:20,278: +PARAM [/svo/image/1/compressedDepth/png_level] by /svo
[rosmaster.master][INFO] 2023-09-04 16:57:20,278: +PUB [/svo/image/1/compressed] /svo http://ubuntu:36099/
[rosmaster.master][INFO] 2023-09-04 16:57:20,279: +SERVICE [/svo/image/1/compressed/set_parameters] /svo http://ubuntu:36099/
[rosmaster.master][INFO] 2023-09-04 16:57:20,279: +PUB [/svo/image/1/compressed/parameter_descriptions] /svo http://ubuntu:36099/
[rosmaster.master][INFO] 2023-09-04 16:57:20,280: +PUB [/svo/image/1/compressed/parameter_updates] /svo http://ubuntu:36099/
[rosmaster.master][INFO] 2023-09-04 16:57:20,283: +PARAM [/svo/image/1/compressed/format] by /svo
[rosmaster.master][INFO] 2023-09-04 16:57:20,283: +PARAM [/svo/image/1/compressed/jpeg_quality] by /svo
[rosmaster.master][INFO] 2023-09-04 16:57:20,284: +PARAM [/svo/image/1/compressed/jpeg_progressive] by /svo
[rosmaster.master][INFO] 2023-09-04 16:57:20,285: +PARAM [/svo/image/1/compressed/jpeg_optimize] by /svo
[rosmaster.master][INFO] 2023-09-04 16:57:20,285: +PARAM [/svo/image/1/compressed/jpeg_restart_interval] by /svo
[rosmaster.master][INFO] 2023-09-04 16:57:20,286: +PARAM [/svo/image/1/compressed/png_level] by /svo
[rosmaster.master][INFO] 2023-09-04 16:57:20,286: +PARAM [/svo/image/1/compressed/format] by /svo
[rosmaster.master][INFO] 2023-09-04 16:57:20,287: +PARAM [/svo/image/1/compressed/jpeg_quality] by /svo
[rosmaster.master][INFO] 2023-09-04 16:57:20,287: +PARAM [/svo/image/1/compressed/jpeg_progressive] by /svo
[rosmaster.master][INFO] 2023-09-04 16:57:20,288: +PARAM [/svo/image/1/compressed/jpeg_optimize] by /svo
[rosmaster.master][INFO] 2023-09-04 16:57:20,288: +PARAM [/svo/image/1/compressed/jpeg_restart_interval] by /svo
[rosmaster.master][INFO] 2023-09-04 16:57:20,289: +PARAM [/svo/image/1/compressed/png_level] by /svo
[rosmaster.master][INFO] 2023-09-04 16:57:20,289: +PUB [/svo/image/1] /svo http://ubuntu:36099/
[rosmaster.master][INFO] 2023-09-04 16:57:20,290: +PUB [/svo/image/1/theora] /svo http://ubuntu:36099/
[rosmaster.master][INFO] 2023-09-04 16:57:20,291: +SERVICE [/svo/image/1/theora/set_parameters] /svo http://ubuntu:36099/
[rosmaster.master][INFO] 2023-09-04 16:57:20,291: +PUB [/svo/image/1/theora/parameter_descriptions] /svo http://ubuntu:36099/
[rosmaster.master][INFO] 2023-09-04 16:57:20,292: +PUB [/svo/image/1/theora/parameter_updates] /svo http://ubuntu:36099/
[rosmaster.master][INFO] 2023-09-04 16:57:20,294: +PARAM [/svo/image/1/theora/optimize_for] by /svo
[rosmaster.master][INFO] 2023-09-04 16:57:20,294: +PARAM [/svo/image/1/theora/target_bitrate] by /svo
[rosmaster.master][INFO] 2023-09-04 16:57:20,295: +PARAM [/svo/image/1/theora/quality] by /svo
[rosmaster.master][INFO] 2023-09-04 16:57:20,295: +PARAM [/svo/image/1/theora/keyframe_frequency] by /svo
[rosmaster.master][INFO] 2023-09-04 16:57:20,296: +PARAM [/svo/image/1/theora/optimize_for] by /svo
[rosmaster.master][INFO] 2023-09-04 16:57:20,297: +PARAM [/svo/image/1/theora/target_bitrate] by /svo
[rosmaster.master][INFO] 2023-09-04 16:57:20,297: +PARAM [/svo/image/1/theora/quality] by /svo
[rosmaster.master][INFO] 2023-09-04 16:57:20,298: +PARAM [/svo/image/1/theora/keyframe_frequency] by /svo
[rosmaster.master][INFO] 2023-09-04 16:57:20,299: +PUB [/svo/pose_cam/1] /svo http://ubuntu:36099/
[rosmaster.master][INFO] 2023-09-04 16:57:20,299: +PUB [/svo/loop_closures] /svo http://ubuntu:36099/
[rosmaster.master][INFO] 2023-09-04 16:57:20,300: +PUB [/svo/pose_graph] /svo http://ubuntu:36099/
[rosmaster.master][INFO] 2023-09-04 16:57:20,300: +PUB [/svo/pose_graph_pointcloud] /svo http://ubuntu:36099/
[rosmaster.master][INFO] 2023-09-04 16:57:20,307: +SUB [/svo/remote_key] /svo http://ubuntu:36099/
[rosmaster.master][INFO] 2023-09-04 16:57:20,315: +SUB [/camera/infra1/image_rect_raw] /svo http://ubuntu:36099/
[rosmaster.master][INFO] 2023-09-04 16:57:20,318: +SUB [/camera/infra2/image_rect_raw] /svo http://ubuntu:36099/
[rosmaster.master][INFO] 2023-09-04 16:57:20,333: publisherUpdate[/svo/loop_closures] -> http://ubuntu:41667/ ['http://ubuntu:36099/']
[rosmaster.master][INFO] 2023-09-04 16:57:20,336: publisherUpdate[/svo/loop_closures] -> http://ubuntu:41667/ ['http://ubuntu:36099/']: sec=0.00, result=[1, '', 0]
[rosmaster.master][INFO] 2023-09-04 16:57:20,336: publisherUpdate[/svo/pose_graph] -> http://ubuntu:41667/ ['http://ubuntu:36099/']
[rosmaster.master][INFO] 2023-09-04 16:57:20,337: publisherUpdate[/svo/pose_graph] -> http://ubuntu:41667/ ['http://ubuntu:36099/']: sec=0.00, result=[1, '', 0]
[rosmaster.master][INFO] 2023-09-04 16:57:20,337: publisherUpdate[/svo/pose_graph_pointcloud] -> http://ubuntu:41667/ ['http://ubuntu:36099/']
[rosmaster.master][INFO] 2023-09-04 16:57:20,338: publisherUpdate[/svo/pose_graph_pointcloud] -> http://ubuntu:41667/ ['http://ubuntu:36099/']: sec=0.00, result=[1, '', 0]
[rosmaster.master][INFO] 2023-09-04 16:57:25,253: +SUB [/svo/image/0] /rviz_1693817373377548719 http://ubuntu:41667/
[rosmaster.master][INFO] 2023-09-04 16:57:32,452: -SUB [/svo/image/0] /rviz_1693817373377548719 http://ubuntu:41667/
[rosmaster.master][INFO] 2023-09-04 16:57:32,581: -SUB [/svo/visible_fixed_landmarks] /rviz_1693817373377548719 http://ubuntu:41667/
[rosmaster.master][INFO] 2023-09-04 16:57:32,583: -SUB [/svo/visible_fixed_landmarks_array] /rviz_1693817373377548719 http://ubuntu:41667/
[rosmaster.master][INFO] 2023-09-04 16:57:32,585: -SUB [/svo/global_map_pts] /rviz_1693817373377548719 http://ubuntu:41667/
[rosmaster.master][INFO] 2023-09-04 16:57:32,586: -SUB [/svo/global_map_query_kfs] /rviz_1693817373377548719 http://ubuntu:41667/
[rosmaster.master][INFO] 2023-09-04 16:57:32,587: -SUB [/svo/backend_points] /rviz_1693817373377548719 http://ubuntu:41667/
[rosmaster.master][INFO] 2023-09-04 16:57:32,588: -SUB [/svo/pose_graph_pointcloud] /rviz_1693817373377548719 http://ubuntu:41667/
[rosmaster.master][INFO] 2023-09-04 16:57:32,589: -SUB [/svo/pose_graph] /rviz_1693817373377548719 http://ubuntu:41667/
[rosmaster.master][INFO] 2023-09-04 16:57:32,590: -SUB [/svo/keyframes] /rviz_1693817373377548719 http://ubuntu:41667/
[rosmaster.master][INFO] 2023-09-04 16:57:32,591: -SUB [/svo/keyframes_array] /rviz_1693817373377548719 http://ubuntu:41667/
[rosmaster.master][INFO] 2023-09-04 16:57:32,637: -SUB [/svo/loop_closures] /rviz_1693817373377548719 http://ubuntu:41667/
[rosmaster.master][INFO] 2023-09-04 16:57:32,638: -SUB [/svo/loop_closures_array] /rviz_1693817373377548719 http://ubuntu:41667/
[rosmaster.master][INFO] 2023-09-04 16:57:32,640: -SUB [/svo/backend_pose_imu_viz] /rviz_1693817373377548719 http://ubuntu:41667/
[rosmaster.master][INFO] 2023-09-04 16:57:32,641: -SUB [/svo/points] /rviz_1693817373377548719 http://ubuntu:41667/
[rosmaster.master][INFO] 2023-09-04 16:57:32,641: -SUB [/svo/points_array] /rviz_1693817373377548719 http://ubuntu:41667/
[rosmaster.master][INFO] 2023-09-04 16:57:32,967: -PUB [/clicked_point] /rviz_1693817373377548719 http://ubuntu:41667/
[rosmaster.master][INFO] 2023-09-04 16:57:32,968: -PUB [/move_base_simple/goal] /rviz_1693817373377548719 http://ubuntu:41667/
[rosmaster.master][INFO] 2023-09-04 16:57:32,969: -PUB [/initialpose] /rviz_1693817373377548719 http://ubuntu:41667/
[rosmaster.master][INFO] 2023-09-04 16:57:32,997: -SUB [/tf_static] /rviz_1693817373377548719 http://ubuntu:41667/
[rosmaster.master][INFO] 2023-09-04 16:57:32,999: -SUB [/tf] /rviz_1693817373377548719 http://ubuntu:41667/
[rosmaster.master][INFO] 2023-09-04 16:57:33,006: -SERVICE [/rviz_1693817373377548719/save_config] /rviz_1693817373377548719 rosrpc://ubuntu:48051
[rosmaster.master][INFO] 2023-09-04 16:57:33,007: -SERVICE [/rviz_1693817373377548719/load_config_discarding_changes] /rviz_1693817373377548719 rosrpc://ubuntu:48051
[rosmaster.master][INFO] 2023-09-04 16:57:33,007: -SERVICE [/rviz_1693817373377548719/load_config] /rviz_1693817373377548719 rosrpc://ubuntu:48051
[rosmaster.master][INFO] 2023-09-04 16:57:33,008: -SERVICE [/rviz_1693817373377548719/reload_shaders] /rviz_1693817373377548719 rosrpc://ubuntu:48051
[rosmaster.master][INFO] 2023-09-04 16:57:33,264: -PUB [/rosout] /rviz_1693817373377548719 http://ubuntu:41667/
[rosmaster.master][INFO] 2023-09-04 16:57:33,265: publisherUpdate[/rosout] -> http://ubuntu:36231/ ['http://ubuntu:40833/', 'http://ubuntu:36845/', 'http://ubuntu:36099/']
[rosmaster.master][INFO] 2023-09-04 16:57:33,267: -SERVICE [/rviz_1693817373377548719/get_loggers] /rviz_1693817373377548719 rosrpc://ubuntu:48051
[rosmaster.master][INFO] 2023-09-04 16:57:33,268: publisherUpdate[/rosout] -> http://ubuntu:36231/ ['http://ubuntu:40833/', 'http://ubuntu:36845/', 'http://ubuntu:36099/']: sec=0.00, result=[1, '', 0]
[rosmaster.master][INFO] 2023-09-04 16:57:33,269: -SERVICE [/rviz_1693817373377548719/set_logger_level] /rviz_1693817373377548719 rosrpc://ubuntu:48051
[rosmaster.master][INFO] 2023-09-04 16:57:33,270: -CACHEDPARAM [/rosout_disable_topics_generation] by /rviz_1693817373377548719
[rosmaster.master][INFO] 2023-09-04 16:57:54,213: +PUB [/rosout] /rviz_1693817874202959044 http://ubuntu:40235/
[rosmaster.master][INFO] 2023-09-04 16:57:54,214: +SERVICE [/rviz_1693817874202959044/get_loggers] /rviz_1693817874202959044 http://ubuntu:40235/
[rosmaster.master][INFO] 2023-09-04 16:57:54,214: +SERVICE [/rviz_1693817874202959044/set_logger_level] /rviz_1693817874202959044 http://ubuntu:40235/
[rosmaster.master][INFO] 2023-09-04 16:57:54,217: +CACHEDPARAM [/rosout_disable_topics_generation] by /rviz_1693817874202959044
[rosmaster.master][INFO] 2023-09-04 16:57:54,249: publisherUpdate[/rosout] -> http://ubuntu:36231/ ['http://ubuntu:40833/', 'http://ubuntu:36845/', 'http://ubuntu:36099/', 'http://ubuntu:40235/']
[rosmaster.master][INFO] 2023-09-04 16:57:54,251: publisherUpdate[/rosout] -> http://ubuntu:36231/ ['http://ubuntu:40833/', 'http://ubuntu:36845/', 'http://ubuntu:36099/', 'http://ubuntu:40235/']: sec=0.00, result=[1, '', 0]
[rosmaster.master][INFO] 2023-09-04 16:57:54,946: +SUB [/tf] /rviz_1693817874202959044 http://ubuntu:40235/
[rosmaster.master][INFO] 2023-09-04 16:57:54,949: +SUB [/tf_static] /rviz_1693817874202959044 http://ubuntu:40235/
[rosmaster.master][INFO] 2023-09-04 16:57:55,012: +PUB [/initialpose] /rviz_1693817874202959044 http://ubuntu:40235/
[rosmaster.master][INFO] 2023-09-04 16:57:55,014: +PUB [/goal] /rviz_1693817874202959044 http://ubuntu:40235/
[rosmaster.master][INFO] 2023-09-04 16:57:55,018: -PUB [/goal] /rviz_1693817874202959044 http://ubuntu:40235/
[rosmaster.master][INFO] 2023-09-04 16:57:55,020: -PUB [/initialpose] /rviz_1693817874202959044 http://ubuntu:40235/
[rosmaster.master][INFO] 2023-09-04 16:57:55,024: +PUB [/initialpose] /rviz_1693817874202959044 http://ubuntu:40235/
[rosmaster.master][INFO] 2023-09-04 16:57:55,025: +PUB [/goal] /rviz_1693817874202959044 http://ubuntu:40235/
[rosmaster.master][INFO] 2023-09-04 16:57:55,026: +PUB [/move_base_simple/goal] /rviz_1693817874202959044 http://ubuntu:40235/
[rosmaster.master][INFO] 2023-09-04 16:57:55,026: -PUB [/goal] /rviz_1693817874202959044 http://ubuntu:40235/
[rosmaster.master][INFO] 2023-09-04 16:57:55,027: +PUB [/clicked_point] /rviz_1693817874202959044 http://ubuntu:40235/
[rosmaster.master][INFO] 2023-09-04 16:57:55,085: +SERVICE [/rviz_1693817874202959044/reload_shaders] /rviz_1693817874202959044 http://ubuntu:40235/
[rosmaster.master][INFO] 2023-09-04 16:57:55,086: +SERVICE [/rviz_1693817874202959044/load_config] /rviz_1693817874202959044 http://ubuntu:40235/
[rosmaster.master][INFO] 2023-09-04 16:57:55,087: +SERVICE [/rviz_1693817874202959044/load_config_discarding_changes] /rviz_1693817874202959044 http://ubuntu:40235/
[rosmaster.master][INFO] 2023-09-04 16:57:55,087: +SERVICE [/rviz_1693817874202959044/save_config] /rviz_1693817874202959044 http://ubuntu:40235/
[rosmaster.master][INFO] 2023-09-04 16:58:08,777: +SUB [/svo/global_map_query_kfs] /rviz_1693817874202959044 http://ubuntu:40235/
[rosmaster.master][INFO] 2023-09-04 16:58:08,785: +SUB [/svo/backend_points] /rviz_1693817874202959044 http://ubuntu:40235/
[rosmaster.master][INFO] 2023-09-04 16:58:08,794: +SUB [/visualization_marker] /rviz_1693817874202959044 http://ubuntu:40235/
[rosmaster.master][INFO] 2023-09-04 16:58:08,801: +SUB [/visualization_marker_array] /rviz_1693817874202959044 http://ubuntu:40235/
[rosmaster.master][INFO] 2023-09-04 16:58:08,803: -SUB [/visualization_marker] /rviz_1693817874202959044 http://ubuntu:40235/
[rosmaster.master][INFO] 2023-09-04 16:58:08,804: -SUB [/visualization_marker_array] /rviz_1693817874202959044 http://ubuntu:40235/
[rosmaster.master][INFO] 2023-09-04 16:58:08,808: +SUB [/svo/visible_fixed_landmarks] /rviz_1693817874202959044 http://ubuntu:40235/
[rosmaster.master][INFO] 2023-09-04 16:58:08,812: +SUB [/svo/visible_fixed_landmarks_array] /rviz_1693817874202959044 http://ubuntu:40235/
[rosmaster.master][INFO] 2023-09-04 16:58:08,819: +SUB [/svo/pose_graph_pointcloud] /rviz_1693817874202959044 http://ubuntu:40235/
[rosmaster.master][INFO] 2023-09-04 16:58:08,827: +SUB [/svo/pose_graph] /rviz_1693817874202959044 http://ubuntu:40235/
[rosmaster.master][INFO] 2023-09-04 16:58:08,838: +SUB [/visualization_marker] /rviz_1693817874202959044 http://ubuntu:40235/
[rosmaster.master][INFO] 2023-09-04 16:58:08,841: +SUB [/visualization_marker_array] /rviz_1693817874202959044 http://ubuntu:40235/
[rosmaster.master][INFO] 2023-09-04 16:58:08,842: -SUB [/visualization_marker] /rviz_1693817874202959044 http://ubuntu:40235/
[rosmaster.master][INFO] 2023-09-04 16:58:08,842: -SUB [/visualization_marker_array] /rviz_1693817874202959044 http://ubuntu:40235/
[rosmaster.master][INFO] 2023-09-04 16:58:08,845: +SUB [/svo/points] /rviz_1693817874202959044 http://ubuntu:40235/
[rosmaster.master][INFO] 2023-09-04 16:58:08,849: +SUB [/svo/points_array] /rviz_1693817874202959044 http://ubuntu:40235/
[rosmaster.master][INFO] 2023-09-04 16:58:08,853: +SUB [/visualization_marker] /rviz_1693817874202959044 http://ubuntu:40235/
[rosmaster.master][INFO] 2023-09-04 16:58:08,856: +SUB [/visualization_marker_array] /rviz_1693817874202959044 http://ubuntu:40235/
[rosmaster.master][INFO] 2023-09-04 16:58:08,857: -SUB [/visualization_marker] /rviz_1693817874202959044 http://ubuntu:40235/
[rosmaster.master][INFO] 2023-09-04 16:58:08,858: -SUB [/visualization_marker_array] /rviz_1693817874202959044 http://ubuntu:40235/
[rosmaster.master][INFO] 2023-09-04 16:58:08,861: +SUB [/svo/keyframes] /rviz_1693817874202959044 http://ubuntu:40235/
[rosmaster.master][INFO] 2023-09-04 16:58:08,864: +SUB [/svo/keyframes_array] /rviz_1693817874202959044 http://ubuntu:40235/
[rosmaster.master][INFO] 2023-09-04 16:58:08,868: +SUB [/svo/backend_pose_imu_viz] /rviz_1693817874202959044 http://ubuntu:40235/
[rosmaster.master][INFO] 2023-09-04 16:58:08,874: +SUB [/svo/global_map_pts] /rviz_1693817874202959044 http://ubuntu:40235/
[rosmaster.master][INFO] 2023-09-04 16:58:09,099: +SUB [/svo/image/0] /rviz_1693817874202959044 http://ubuntu:40235/
[rosmaster.master][INFO] 2023-09-04 16:58:09,110: +SUB [/visualization_marker] /rviz_1693817874202959044 http://ubuntu:40235/
[rosmaster.master][INFO] 2023-09-04 16:58:09,113: +SUB [/visualization_marker_array] /rviz_1693817874202959044 http://ubuntu:40235/
[rosmaster.master][INFO] 2023-09-04 16:58:09,115: -SUB [/visualization_marker] /rviz_1693817874202959044 http://ubuntu:40235/
[rosmaster.master][INFO] 2023-09-04 16:58:09,115: -SUB [/visualization_marker_array] /rviz_1693817874202959044 http://ubuntu:40235/
[rosmaster.master][INFO] 2023-09-04 16:58:09,119: +SUB [/svo/loop_closures] /rviz_1693817874202959044 http://ubuntu:40235/
[rosmaster.master][INFO] 2023-09-04 16:58:09,125: +SUB [/svo/loop_closures_array] /rviz_1693817874202959044 http://ubuntu:40235/
[rosmaster.master][INFO] 2023-09-04 16:58:09,174: -PUB [/clicked_point] /rviz_1693817874202959044 http://ubuntu:40235/
[rosmaster.master][INFO] 2023-09-04 16:58:09,175: -PUB [/move_base_simple/goal] /rviz_1693817874202959044 http://ubuntu:40235/
[rosmaster.master][INFO] 2023-09-04 16:58:09,176: -PUB [/initialpose] /rviz_1693817874202959044 http://ubuntu:40235/
[rosmaster.master][INFO] 2023-09-04 16:58:09,180: +PUB [/initialpose] /rviz_1693817874202959044 http://ubuntu:40235/
[rosmaster.master][INFO] 2023-09-04 16:58:09,185: +PUB [/goal] /rviz_1693817874202959044 http://ubuntu:40235/
[rosmaster.master][INFO] 2023-09-04 16:58:09,187: +PUB [/move_base_simple/goal] /rviz_1693817874202959044 http://ubuntu:40235/
[rosmaster.master][INFO] 2023-09-04 16:58:09,187: -PUB [/goal] /rviz_1693817874202959044 http://ubuntu:40235/
[rosmaster.master][INFO] 2023-09-04 16:58:09,188: +PUB [/clicked_point] /rviz_1693817874202959044 http://ubuntu:40235/
[rosmaster.master][INFO] 2023-09-04 16:58:09,253: -SUB [/svo/image/0] /rviz_1693817874202959044 http://ubuntu:40235/
[rosmaster.master][INFO] 2023-09-04 16:58:09,259: +SUB [/svo/image/0] /rviz_1693817874202959044 http://ubuntu:40235/
[rosmaster.master][INFO] 2023-09-04 16:58:17,306: -PUB [/rosout] /svo http://ubuntu:36099/
[rosmaster.master][INFO] 2023-09-04 16:58:17,308: -PUB [/tf] /svo http://ubuntu:36099/
[rosmaster.master][INFO] 2023-09-04 16:58:17,309: -PUB [/svo/keyframes] /svo http://ubuntu:36099/
[rosmaster.master][INFO] 2023-09-04 16:58:17,310: -PUB [/svo/points] /svo http://ubuntu:36099/
[rosmaster.master][INFO] 2023-09-04 16:58:17,315: -PUB [/svo/pose_imu] /svo http://ubuntu:36099/
[rosmaster.master][INFO] 2023-09-04 16:58:17,316: -PUB [/svo/info] /svo http://ubuntu:36099/
[rosmaster.master][INFO] 2023-09-04 16:58:17,317: -PUB [/svo/markers] /svo http://ubuntu:36099/
[rosmaster.master][INFO] 2023-09-04 16:58:17,317: -PUB [/svo/pointcloud] /svo http://ubuntu:36099/
[rosmaster.master][INFO] 2023-09-04 16:58:17,318: -PUB [/svo/dense_input/0] /svo http://ubuntu:36099/
[rosmaster.master][INFO] 2023-09-04 16:58:17,318: -PUB [/svo/image/0/compressedDepth] /svo http://ubuntu:36099/
[rosmaster.master][INFO] 2023-09-04 16:58:17,319: -PUB [/svo/image/0/compressedDepth/parameter_descriptions] /svo http://ubuntu:36099/
[rosmaster.master][INFO] 2023-09-04 16:58:17,320: -PUB [/svo/image/0/compressedDepth/parameter_updates] /svo http://ubuntu:36099/
[rosmaster.master][INFO] 2023-09-04 16:58:17,320: -PUB [/svo/image/0/compressed] /svo http://ubuntu:36099/
[rosmaster.master][INFO] 2023-09-04 16:58:17,321: -PUB [/svo/image/0/compressed/parameter_descriptions] /svo http://ubuntu:36099/
[rosmaster.master][INFO] 2023-09-04 16:58:17,321: -PUB [/svo/image/0/compressed/parameter_updates] /svo http://ubuntu:36099/
[rosmaster.master][INFO] 2023-09-04 16:58:17,322: -PUB [/svo/image/0] /svo http://ubuntu:36099/
[rosmaster.master][INFO] 2023-09-04 16:58:17,323: -PUB [/svo/image/0/theora] /svo http://ubuntu:36099/
[rosmaster.master][INFO] 2023-09-04 16:58:17,324: -PUB [/svo/image/0/theora/parameter_descriptions] /svo http://ubuntu:36099/
[rosmaster.master][INFO] 2023-09-04 16:58:17,324: -PUB [/svo/image/0/theora/parameter_updates] /svo http://ubuntu:36099/
[rosmaster.master][INFO] 2023-09-04 16:58:17,325: -PUB [/svo/pose_cam/0] /svo http://ubuntu:36099/
[rosmaster.master][INFO] 2023-09-04 16:58:17,326: -PUB [/svo/dense_input/1] /svo http://ubuntu:36099/
[rosmaster.master][INFO] 2023-09-04 16:58:17,327: -PUB [/svo/image/1/compressedDepth] /svo http://ubuntu:36099/
[rosmaster.master][INFO] 2023-09-04 16:58:17,328: -PUB [/svo/image/1/compressedDepth/parameter_descriptions] /svo http://ubuntu:36099/
[rosmaster.master][INFO] 2023-09-04 16:58:17,329: -PUB [/svo/image/1/compressedDepth/parameter_updates] /svo http://ubuntu:36099/
[rosmaster.master][INFO] 2023-09-04 16:58:17,331: -PUB [/svo/image/1/compressed] /svo http://ubuntu:36099/
[rosmaster.master][INFO] 2023-09-04 16:58:17,332: -PUB [/svo/image/1/compressed/parameter_descriptions] /svo http://ubuntu:36099/
[rosmaster.master][INFO] 2023-09-04 16:58:17,334: -PUB [/svo/image/1/compressed/parameter_updates] /svo http://ubuntu:36099/
[rosmaster.master][INFO] 2023-09-04 16:58:17,335: -PUB [/svo/image/1] /svo http://ubuntu:36099/
[rosmaster.master][INFO] 2023-09-04 16:58:17,337: publisherUpdate[/rosout] -> http://ubuntu:36231/ ['http://ubuntu:40833/', 'http://ubuntu:36845/', 'http://ubuntu:40235/']
[rosmaster.master][INFO] 2023-09-04 16:58:17,340: -PUB [/svo/image/1/theora] /svo http://ubuntu:36099/
[rosmaster.master][INFO] 2023-09-04 16:58:17,341: -PUB [/svo/image/1/theora/parameter_descriptions] /svo http://ubuntu:36099/
[rosmaster.master][INFO] 2023-09-04 16:58:17,342: -PUB [/svo/image/1/theora/parameter_updates] /svo http://ubuntu:36099/
[rosmaster.master][INFO] 2023-09-04 16:58:17,343: -PUB [/svo/pose_cam/1] /svo http://ubuntu:36099/
[rosmaster.master][INFO] 2023-09-04 16:58:17,344: -PUB [/svo/loop_closures] /svo http://ubuntu:36099/
[rosmaster.master][INFO] 2023-09-04 16:58:17,346: -PUB [/svo/pose_graph] /svo http://ubuntu:36099/
[rosmaster.master][INFO] 2023-09-04 16:58:17,347: publisherUpdate[/tf] -> http://ubuntu:40235/ ['http://ubuntu:36845/']
[rosmaster.master][INFO] 2023-09-04 16:58:17,349: -PUB [/svo/pose_graph_pointcloud] /svo http://ubuntu:36099/
[rosmaster.master][INFO] 2023-09-04 16:58:17,350: publisherUpdate[/rosout] -> http://ubuntu:36231/ ['http://ubuntu:40833/', 'http://ubuntu:36845/', 'http://ubuntu:40235/']: sec=0.01, result=[1, '', 0]
[rosmaster.master][INFO] 2023-09-04 16:58:17,350: publisherUpdate[/tf] -> http://ubuntu:40235/ ['http://ubuntu:36845/']: sec=0.00, result=[1, '', 0]
[rosmaster.master][INFO] 2023-09-04 16:58:17,351: publisherUpdate[/svo/keyframes] -> http://ubuntu:40235/ []
[rosmaster.master][INFO] 2023-09-04 16:58:17,352: publisherUpdate[/svo/keyframes] -> http://ubuntu:40235/ []: sec=0.00, result=[1, '', 0]
[rosmaster.master][INFO] 2023-09-04 16:58:17,352: publisherUpdate[/svo/points] -> http://ubuntu:40235/ []
[rosmaster.master][INFO] 2023-09-04 16:58:17,353: -SUB [/svo/remote_key] /svo http://ubuntu:36099/
[rosmaster.master][INFO] 2023-09-04 16:58:17,353: publisherUpdate[/svo/points] -> http://ubuntu:40235/ []: sec=0.00, result=[1, '', 0]
[rosmaster.master][INFO] 2023-09-04 16:58:17,353: publisherUpdate[/svo/image/0] -> http://ubuntu:40235/ []
[rosmaster.master][INFO] 2023-09-04 16:58:17,354: publisherUpdate[/svo/image/0] -> http://ubuntu:40235/ []: sec=0.00, result=[1, '', 0]
[rosmaster.master][INFO] 2023-09-04 16:58:17,354: publisherUpdate[/svo/loop_closures] -> http://ubuntu:40235/ []
[rosmaster.master][INFO] 2023-09-04 16:58:17,356: publisherUpdate[/svo/loop_closures] -> http://ubuntu:40235/ []: sec=0.00, result=[1, '', 0]
[rosmaster.master][INFO] 2023-09-04 16:58:17,356: publisherUpdate[/svo/pose_graph] -> http://ubuntu:40235/ []
[rosmaster.master][INFO] 2023-09-04 16:58:17,357: publisherUpdate[/svo/pose_graph] -> http://ubuntu:40235/ []: sec=0.00, result=[1, '', 0]
[rosmaster.master][INFO] 2023-09-04 16:58:17,357: publisherUpdate[/svo/pose_graph_pointcloud] -> http://ubuntu:40235/ []
[rosmaster.master][INFO] 2023-09-04 16:58:17,358: publisherUpdate[/svo/pose_graph_pointcloud] -> http://ubuntu:40235/ []: sec=0.00, result=[1, '', 0]
[rosmaster.master][INFO] 2023-09-04 16:58:17,354: -SUB [/camera/infra1/image_rect_raw] /svo http://ubuntu:36099/
[rosmaster.master][INFO] 2023-09-04 16:58:17,359: -SUB [/camera/infra2/image_rect_raw] /svo http://ubuntu:36099/
[rosmaster.master][INFO] 2023-09-04 16:58:17,363: -SERVICE [/svo/get_loggers] /svo rosrpc://ubuntu:58611
[rosmaster.master][INFO] 2023-09-04 16:58:17,365: -SERVICE [/svo/set_logger_level] /svo rosrpc://ubuntu:58611
[rosmaster.master][INFO] 2023-09-04 16:58:17,366: -SERVICE [/svo/image/0/compressedDepth/set_parameters] /svo rosrpc://ubuntu:58611
[rosmaster.master][INFO] 2023-09-04 16:58:17,368: -SERVICE [/svo/image/0/compressed/set_parameters] /svo rosrpc://ubuntu:58611
[rosmaster.master][INFO] 2023-09-04 16:58:17,369: -SERVICE [/svo/image/0/theora/set_parameters] /svo rosrpc://ubuntu:58611
[rosmaster.master][INFO] 2023-09-04 16:58:17,371: -SERVICE [/svo/image/1/compressedDepth/set_parameters] /svo rosrpc://ubuntu:58611
[rosmaster.master][INFO] 2023-09-04 16:58:17,372: -SERVICE [/svo/image/1/compressed/set_parameters] /svo rosrpc://ubuntu:58611
[rosmaster.master][INFO] 2023-09-04 16:58:17,373: -SERVICE [/svo/image/1/theora/set_parameters] /svo rosrpc://ubuntu:58611
[rosmaster.master][INFO] 2023-09-04 16:58:17,375: -CACHEDPARAM [/rosout_disable_topics_generation] by /svo
[rosmaster.master][INFO] 2023-09-04 16:58:21,976: +PARAM [/roslaunch/uris/host_ubuntu__36821] by /roslaunch
[rosmaster.master][INFO] 2023-09-04 16:58:21,989: -PARAM [/svo] by /roslaunch
[rosmaster.master][INFO] 2023-09-04 16:58:21,995: +PARAM [/rosversion] by /roslaunch
[rosmaster.master][INFO] 2023-09-04 16:58:21,995: +PARAM [/rosdistro] by /roslaunch
[rosmaster.master][INFO] 2023-09-04 16:58:21,996: +PARAM [/svo/pipeline_is_stereo] by /roslaunch
[rosmaster.master][INFO] 2023-09-04 16:58:21,996: +PARAM [/svo/automatic_reinitialization] by /roslaunch
[rosmaster.master][INFO] 2023-09-04 16:58:21,996: +PARAM [/svo/max_depth_inv] by /roslaunch
[rosmaster.master][INFO] 2023-09-04 16:58:21,996: +PARAM [/svo/min_depth_inv] by /roslaunch
[rosmaster.master][INFO] 2023-09-04 16:58:21,996: +PARAM [/svo/mean_depth_inv] by /roslaunch
[rosmaster.master][INFO] 2023-09-04 16:58:21,996: +PARAM [/svo/use_imu] by /roslaunch
[rosmaster.master][INFO] 2023-09-04 16:58:21,996: +PARAM [/svo/img_align_prior_lambda_rot] by /roslaunch
[rosmaster.master][INFO] 2023-09-04 16:58:21,996: +PARAM [/svo/poseoptim_prior_lambda] by /roslaunch
[rosmaster.master][INFO] 2023-09-04 16:58:21,996: +PARAM [/svo/max_n_kfs] by /roslaunch
[rosmaster.master][INFO] 2023-09-04 16:58:21,996: +PARAM [/svo/kfselect_criterion] by /roslaunch
[rosmaster.master][INFO] 2023-09-04 16:58:21,997: +PARAM [/svo/kfselect_numkfs_upper_thresh] by /roslaunch
[rosmaster.master][INFO] 2023-09-04 16:58:21,997: +PARAM [/svo/kfselect_numkfs_lower_thresh] by /roslaunch
[rosmaster.master][INFO] 2023-09-04 16:58:21,997: +PARAM [/svo/kfselect_min_num_frames_between_kfs] by /roslaunch
[rosmaster.master][INFO] 2023-09-04 16:58:21,997: +PARAM [/svo/kfselect_min_disparity] by /roslaunch
[rosmaster.master][INFO] 2023-09-04 16:58:21,997: +PARAM [/svo/kfselect_min_angle] by /roslaunch
[rosmaster.master][INFO] 2023-09-04 16:58:21,997: +PARAM [/svo/kfselect_min_dist_metric] by /roslaunch
[rosmaster.master][INFO] 2023-09-04 16:58:21,997: +PARAM [/svo/update_seeds_with_old_keyframes] by /roslaunch
[rosmaster.master][INFO] 2023-09-04 16:58:21,997: +PARAM [/svo/img_align_max_level] by /roslaunch
[rosmaster.master][INFO] 2023-09-04 16:58:21,997: +PARAM [/svo/img_align_min_level] by /roslaunch
[rosmaster.master][INFO] 2023-09-04 16:58:21,997: +PARAM [/svo/poseoptim_thresh] by /roslaunch
[rosmaster.master][INFO] 2023-09-04 16:58:21,997: +PARAM [/svo/use_async_reprojectors] by /roslaunch
[rosmaster.master][INFO] 2023-09-04 16:58:21,998: +PARAM [/svo/reprojector_max_n_kfs] by /roslaunch
[rosmaster.master][INFO] 2023-09-04 16:58:21,998: +PARAM [/svo/max_fts] by /roslaunch
[rosmaster.master][INFO] 2023-09-04 16:58:21,998: +PARAM [/svo/grid_size] by /roslaunch
[rosmaster.master][INFO] 2023-09-04 16:58:21,998: +PARAM [/svo/n_pyr_levels] by /roslaunch
[rosmaster.master][INFO] 2023-09-04 16:58:21,998: +PARAM [/svo/detector_threshold_primary] by /roslaunch
[rosmaster.master][INFO] 2023-09-04 16:58:21,998: +PARAM [/svo/detector_threshold_secondary] by /roslaunch
[rosmaster.master][INFO] 2023-09-04 16:58:21,998: +PARAM [/svo/use_ceres_backend] by /roslaunch
[rosmaster.master][INFO] 2023-09-04 16:58:21,998: +PARAM [/svo/cam0_topic] by /roslaunch
[rosmaster.master][INFO] 2023-09-04 16:58:21,998: +PARAM [/svo/cam1_topic] by /roslaunch
[rosmaster.master][INFO] 2023-09-04 16:58:21,998: +PARAM [/svo/calib_file] by /roslaunch
[rosmaster.master][INFO] 2023-09-04 16:58:21,998: +PARAM [/svo/init_rx] by /roslaunch
[rosmaster.master][INFO] 2023-09-04 16:58:21,999: +PARAM [/svo/init_ry] by /roslaunch
[rosmaster.master][INFO] 2023-09-04 16:58:21,999: +PARAM [/svo/init_rz] by /roslaunch
[rosmaster.master][INFO] 2023-09-04 16:58:22,347: +PUB [/rosout] /svo http://ubuntu:35003/
[rosmaster.master][INFO] 2023-09-04 16:58:22,348: +SERVICE [/svo/get_loggers] /svo http://ubuntu:35003/
[rosmaster.master][INFO] 2023-09-04 16:58:22,348: +SERVICE [/svo/set_logger_level] /svo http://ubuntu:35003/
[rosmaster.master][INFO] 2023-09-04 16:58:22,351: +CACHEDPARAM [/rosout_disable_topics_generation] by /svo
[rosmaster.master][INFO] 2023-09-04 16:58:22,362: publisherUpdate[/rosout] -> http://ubuntu:36231/ ['http://ubuntu:40833/', 'http://ubuntu:36845/', 'http://ubuntu:40235/', 'http://ubuntu:35003/']
[rosmaster.master][INFO] 2023-09-04 16:58:22,364: publisherUpdate[/rosout] -> http://ubuntu:36231/ ['http://ubuntu:40833/', 'http://ubuntu:36845/', 'http://ubuntu:40235/', 'http://ubuntu:35003/']: sec=0.00, result=[1, '', 0]
[rosmaster.master][INFO] 2023-09-04 16:58:22,521: +PUB [/tf] /svo http://ubuntu:35003/
[rosmaster.master][INFO] 2023-09-04 16:58:22,529: +PUB [/svo/keyframes] /svo http://ubuntu:35003/
[rosmaster.master][INFO] 2023-09-04 16:58:22,531: +PUB [/svo/points] /svo http://ubuntu:35003/
[rosmaster.master][INFO] 2023-09-04 16:58:22,532: +PUB [/svo/pose_imu] /svo http://ubuntu:35003/
[rosmaster.master][INFO] 2023-09-04 16:58:22,533: +PUB [/svo/info] /svo http://ubuntu:35003/
[rosmaster.master][INFO] 2023-09-04 16:58:22,535: +PUB [/svo/markers] /svo http://ubuntu:35003/
[rosmaster.master][INFO] 2023-09-04 16:58:22,537: +PUB [/svo/pointcloud] /svo http://ubuntu:35003/
[rosmaster.master][INFO] 2023-09-04 16:58:22,544: +PUB [/svo/dense_input/0] /svo http://ubuntu:35003/
[rosmaster.master][INFO] 2023-09-04 16:58:22,556: +PUB [/svo/image/0/compressedDepth] /svo http://ubuntu:35003/
[rosmaster.master][INFO] 2023-09-04 16:58:22,560: +SERVICE [/svo/image/0/compressedDepth/set_parameters] /svo http://ubuntu:35003/
[rosmaster.master][INFO] 2023-09-04 16:58:22,565: +PUB [/svo/image/0/compressedDepth/parameter_descriptions] /svo http://ubuntu:35003/
[rosmaster.master][INFO] 2023-09-04 16:58:22,566: +PUB [/svo/image/0/compressedDepth/parameter_updates] /svo http://ubuntu:35003/
[rosmaster.master][INFO] 2023-09-04 16:58:22,574: +PARAM [/svo/image/0/compressedDepth/format] by /svo
[rosmaster.master][INFO] 2023-09-04 16:58:22,575: publisherUpdate[/tf] -> http://ubuntu:40235/ ['http://ubuntu:36845/', 'http://ubuntu:35003/']
[rosmaster.master][INFO] 2023-09-04 16:58:22,576: publisherUpdate[/tf] -> http://ubuntu:40235/ ['http://ubuntu:36845/', 'http://ubuntu:35003/']: sec=0.00, result=[1, '', 0]
[rosmaster.master][INFO] 2023-09-04 16:58:22,577: publisherUpdate[/svo/keyframes] -> http://ubuntu:40235/ ['http://ubuntu:35003/']
[rosmaster.master][INFO] 2023-09-04 16:58:22,578: publisherUpdate[/svo/keyframes] -> http://ubuntu:40235/ ['http://ubuntu:35003/']: sec=0.00, result=[1, '', 0]
[rosmaster.master][INFO] 2023-09-04 16:58:22,578: publisherUpdate[/svo/points] -> http://ubuntu:40235/ ['http://ubuntu:35003/']
[rosmaster.master][INFO] 2023-09-04 16:58:22,579: +PARAM [/svo/image/0/compressedDepth/depth_max] by /svo
[rosmaster.master][INFO] 2023-09-04 16:58:22,579: publisherUpdate[/svo/points] -> http://ubuntu:40235/ ['http://ubuntu:35003/']: sec=0.00, result=[1, '', 0]
[rosmaster.master][INFO] 2023-09-04 16:58:22,580: +PARAM [/svo/image/0/compressedDepth/depth_quantization] by /svo
[rosmaster.master][INFO] 2023-09-04 16:58:22,581: +PARAM [/svo/image/0/compressedDepth/png_level] by /svo
[rosmaster.master][INFO] 2023-09-04 16:58:22,582: +PARAM [/svo/image/0/compressedDepth/format] by /svo
[rosmaster.master][INFO] 2023-09-04 16:58:22,582: +PARAM [/svo/image/0/compressedDepth/depth_max] by /svo
[rosmaster.master][INFO] 2023-09-04 16:58:22,583: +PARAM [/svo/image/0/compressedDepth/depth_quantization] by /svo
[rosmaster.master][INFO] 2023-09-04 16:58:22,583: +PARAM [/svo/image/0/compressedDepth/png_level] by /svo
[rosmaster.master][INFO] 2023-09-04 16:58:22,589: +PUB [/svo/image/0/compressed] /svo http://ubuntu:35003/
[rosmaster.master][INFO] 2023-09-04 16:58:22,592: +SERVICE [/svo/image/0/compressed/set_parameters] /svo http://ubuntu:35003/
[rosmaster.master][INFO] 2023-09-04 16:58:22,594: +PUB [/svo/image/0/compressed/parameter_descriptions] /svo http://ubuntu:35003/
[rosmaster.master][INFO] 2023-09-04 16:58:22,597: +PUB [/svo/image/0/compressed/parameter_updates] /svo http://ubuntu:35003/
[rosmaster.master][INFO] 2023-09-04 16:58:22,610: +PARAM [/svo/image/0/compressed/format] by /svo
[rosmaster.master][INFO] 2023-09-04 16:58:22,613: +PARAM [/svo/image/0/compressed/jpeg_quality] by /svo
[rosmaster.master][INFO] 2023-09-04 16:58:22,613: +PARAM [/svo/image/0/compressed/jpeg_progressive] by /svo
[rosmaster.master][INFO] 2023-09-04 16:58:22,615: +PARAM [/svo/image/0/compressed/jpeg_optimize] by /svo
[rosmaster.master][INFO] 2023-09-04 16:58:22,618: +PARAM [/svo/image/0/compressed/jpeg_restart_interval] by /svo
[rosmaster.master][INFO] 2023-09-04 16:58:22,619: +PARAM [/svo/image/0/compressed/png_level] by /svo
[rosmaster.master][INFO] 2023-09-04 16:58:22,621: +PARAM [/svo/image/0/compressed/format] by /svo
[rosmaster.master][INFO] 2023-09-04 16:58:22,623: +PARAM [/svo/image/0/compressed/jpeg_quality] by /svo
[rosmaster.master][INFO] 2023-09-04 16:58:22,626: +PARAM [/svo/image/0/compressed/jpeg_progressive] by /svo
[rosmaster.master][INFO] 2023-09-04 16:58:22,627: +PARAM [/svo/image/0/compressed/jpeg_optimize] by /svo
[rosmaster.master][INFO] 2023-09-04 16:58:22,628: +PARAM [/svo/image/0/compressed/jpeg_restart_interval] by /svo
[rosmaster.master][INFO] 2023-09-04 16:58:22,631: +PARAM [/svo/image/0/compressed/png_level] by /svo
[rosmaster.master][INFO] 2023-09-04 16:58:22,636: +PUB [/svo/image/0] /svo http://ubuntu:35003/
[rosmaster.master][INFO] 2023-09-04 16:58:22,645: +PUB [/svo/image/0/theora] /svo http://ubuntu:35003/
[rosmaster.master][INFO] 2023-09-04 16:58:22,646: +SERVICE [/svo/image/0/theora/set_parameters] /svo http://ubuntu:35003/
[rosmaster.master][INFO] 2023-09-04 16:58:22,647: +PUB [/svo/image/0/theora/parameter_descriptions] /svo http://ubuntu:35003/
[rosmaster.master][INFO] 2023-09-04 16:58:22,648: +PUB [/svo/image/0/theora/parameter_updates] /svo http://ubuntu:35003/
[rosmaster.master][INFO] 2023-09-04 16:58:22,651: +PARAM [/svo/image/0/theora/optimize_for] by /svo
[rosmaster.master][INFO] 2023-09-04 16:58:22,653: +PARAM [/svo/image/0/theora/target_bitrate] by /svo
[rosmaster.master][INFO] 2023-09-04 16:58:22,653: +PARAM [/svo/image/0/theora/quality] by /svo
[rosmaster.master][INFO] 2023-09-04 16:58:22,654: +PARAM [/svo/image/0/theora/keyframe_frequency] by /svo
[rosmaster.master][INFO] 2023-09-04 16:58:22,655: +PARAM [/svo/image/0/theora/optimize_for] by /svo
[rosmaster.master][INFO] 2023-09-04 16:58:22,663: +PARAM [/svo/image/0/theora/target_bitrate] by /svo
[rosmaster.master][INFO] 2023-09-04 16:58:22,672: +PARAM [/svo/image/0/theora/quality] by /svo
[rosmaster.master][INFO] 2023-09-04 16:58:22,673: +PARAM [/svo/image/0/theora/keyframe_frequency] by /svo
[rosmaster.master][INFO] 2023-09-04 16:58:22,674: +PUB [/svo/pose_cam/0] /svo http://ubuntu:35003/
[rosmaster.master][INFO] 2023-09-04 16:58:22,675: +PUB [/svo/dense_input/1] /svo http://ubuntu:35003/
[rosmaster.master][INFO] 2023-09-04 16:58:22,676: publisherUpdate[/svo/image/0] -> http://ubuntu:40235/ ['http://ubuntu:35003/']
[rosmaster.master][INFO] 2023-09-04 16:58:22,677: +PUB [/svo/image/1/compressedDepth] /svo http://ubuntu:35003/
[rosmaster.master][INFO] 2023-09-04 16:58:22,678: publisherUpdate[/svo/image/0] -> http://ubuntu:40235/ ['http://ubuntu:35003/']: sec=0.00, result=[1, '', 0]
[rosmaster.master][INFO] 2023-09-04 16:58:22,679: +SERVICE [/svo/image/1/compressedDepth/set_parameters] /svo http://ubuntu:35003/
[rosmaster.master][INFO] 2023-09-04 16:58:22,692: +PUB [/svo/image/1/compressedDepth/parameter_descriptions] /svo http://ubuntu:35003/
[rosmaster.master][INFO] 2023-09-04 16:58:22,693: +PUB [/svo/image/1/compressedDepth/parameter_updates] /svo http://ubuntu:35003/
[rosmaster.master][INFO] 2023-09-04 16:58:22,697: +PARAM [/svo/image/1/compressedDepth/format] by /svo
[rosmaster.master][INFO] 2023-09-04 16:58:22,705: +PARAM [/svo/image/1/compressedDepth/depth_max] by /svo
[rosmaster.master][INFO] 2023-09-04 16:58:22,706: +PARAM [/svo/image/1/compressedDepth/depth_quantization] by /svo
[rosmaster.master][INFO] 2023-09-04 16:58:22,707: +PARAM [/svo/image/1/compressedDepth/png_level] by /svo
[rosmaster.master][INFO] 2023-09-04 16:58:22,708: +PARAM [/svo/image/1/compressedDepth/format] by /svo
[rosmaster.master][INFO] 2023-09-04 16:58:22,709: +PARAM [/svo/image/1/compressedDepth/depth_max] by /svo
[rosmaster.master][INFO] 2023-09-04 16:58:22,710: +PARAM [/svo/image/1/compressedDepth/depth_quantization] by /svo
[rosmaster.master][INFO] 2023-09-04 16:58:22,711: +PARAM [/svo/image/1/compressedDepth/png_level] by /svo
[rosmaster.master][INFO] 2023-09-04 16:58:22,712: +PUB [/svo/image/1/compressed] /svo http://ubuntu:35003/
[rosmaster.master][INFO] 2023-09-04 16:58:22,713: +SERVICE [/svo/image/1/compressed/set_parameters] /svo http://ubuntu:35003/
[rosmaster.master][INFO] 2023-09-04 16:58:22,716: +PUB [/svo/image/1/compressed/parameter_descriptions] /svo http://ubuntu:35003/
[rosmaster.master][INFO] 2023-09-04 16:58:22,717: +PUB [/svo/image/1/compressed/parameter_updates] /svo http://ubuntu:35003/
[rosmaster.master][INFO] 2023-09-04 16:58:22,734: +PARAM [/svo/image/1/compressed/format] by /svo
[rosmaster.master][INFO] 2023-09-04 16:58:22,738: +PARAM [/svo/image/1/compressed/jpeg_quality] by /svo
[rosmaster.master][INFO] 2023-09-04 16:58:22,739: +PARAM [/svo/image/1/compressed/jpeg_progressive] by /svo
[rosmaster.master][INFO] 2023-09-04 16:58:22,741: +PARAM [/svo/image/1/compressed/jpeg_optimize] by /svo
[rosmaster.master][INFO] 2023-09-04 16:58:22,744: +PARAM [/svo/image/1/compressed/jpeg_restart_interval] by /svo
[rosmaster.master][INFO] 2023-09-04 16:58:22,745: +PARAM [/svo/image/1/compressed/png_level] by /svo
[rosmaster.master][INFO] 2023-09-04 16:58:22,746: +PARAM [/svo/image/1/compressed/format] by /svo
[rosmaster.master][INFO] 2023-09-04 16:58:22,747: +PARAM [/svo/image/1/compressed/jpeg_quality] by /svo
[rosmaster.master][INFO] 2023-09-04 16:58:22,753: +PARAM [/svo/image/1/compressed/jpeg_progressive] by /svo
[rosmaster.master][INFO] 2023-09-04 16:58:22,756: +PARAM [/svo/image/1/compressed/jpeg_optimize] by /svo
[rosmaster.master][INFO] 2023-09-04 16:58:22,759: +PARAM [/svo/image/1/compressed/jpeg_restart_interval] by /svo
[rosmaster.master][INFO] 2023-09-04 16:58:22,761: +PARAM [/svo/image/1/compressed/png_level] by /svo
[rosmaster.master][INFO] 2023-09-04 16:58:22,764: +PUB [/svo/image/1] /svo http://ubuntu:35003/
[rosmaster.master][INFO] 2023-09-04 16:58:22,765: +PUB [/svo/image/1/theora] /svo http://ubuntu:35003/
[rosmaster.master][INFO] 2023-09-04 16:58:22,767: +SERVICE [/svo/image/1/theora/set_parameters] /svo http://ubuntu:35003/
[rosmaster.master][INFO] 2023-09-04 16:58:22,770: +PUB [/svo/image/1/theora/parameter_descriptions] /svo http://ubuntu:35003/
[rosmaster.master][INFO] 2023-09-04 16:58:22,773: +PUB [/svo/image/1/theora/parameter_updates] /svo http://ubuntu:35003/
[rosmaster.master][INFO] 2023-09-04 16:58:22,778: +PARAM [/svo/image/1/theora/optimize_for] by /svo
[rosmaster.master][INFO] 2023-09-04 16:58:22,788: +PARAM [/svo/image/1/theora/target_bitrate] by /svo
[rosmaster.master][INFO] 2023-09-04 16:58:22,789: +PARAM [/svo/image/1/theora/quality] by /svo
[rosmaster.master][INFO] 2023-09-04 16:58:22,790: +PARAM [/svo/image/1/theora/keyframe_frequency] by /svo
[rosmaster.master][INFO] 2023-09-04 16:58:22,791: +PARAM [/svo/image/1/theora/optimize_for] by /svo
[rosmaster.master][INFO] 2023-09-04 16:58:22,793: +PARAM [/svo/image/1/theora/target_bitrate] by /svo
[rosmaster.master][INFO] 2023-09-04 16:58:22,796: +PARAM [/svo/image/1/theora/quality] by /svo
[rosmaster.master][INFO] 2023-09-04 16:58:22,797: +PARAM [/svo/image/1/theora/keyframe_frequency] by /svo
[rosmaster.master][INFO] 2023-09-04 16:58:22,798: +PUB [/svo/pose_cam/1] /svo http://ubuntu:35003/
[rosmaster.master][INFO] 2023-09-04 16:58:22,798: +PUB [/svo/loop_closures] /svo http://ubuntu:35003/
[rosmaster.master][INFO] 2023-09-04 16:58:22,800: +PUB [/svo/pose_graph] /svo http://ubuntu:35003/
[rosmaster.master][INFO] 2023-09-04 16:58:22,801: +PUB [/svo/pose_graph_pointcloud] /svo http://ubuntu:35003/
[rosmaster.master][INFO] 2023-09-04 16:58:22,810: publisherUpdate[/svo/loop_closures] -> http://ubuntu:40235/ ['http://ubuntu:35003/']
[rosmaster.master][INFO] 2023-09-04 16:58:22,817: +SUB [/svo/remote_key] /svo http://ubuntu:35003/
[rosmaster.master][INFO] 2023-09-04 16:58:22,818: publisherUpdate[/svo/loop_closures] -> http://ubuntu:40235/ ['http://ubuntu:35003/']: sec=0.01, result=[1, '', 0]
[rosmaster.master][INFO] 2023-09-04 16:58:22,818: publisherUpdate[/svo/pose_graph] -> http://ubuntu:40235/ ['http://ubuntu:35003/']
[rosmaster.master][INFO] 2023-09-04 16:58:22,820: publisherUpdate[/svo/pose_graph] -> http://ubuntu:40235/ ['http://ubuntu:35003/']: sec=0.00, result=[1, '', 0]
[rosmaster.master][INFO] 2023-09-04 16:58:22,821: publisherUpdate[/svo/pose_graph_pointcloud] -> http://ubuntu:40235/ ['http://ubuntu:35003/']
[rosmaster.master][INFO] 2023-09-04 16:58:22,823: publisherUpdate[/svo/pose_graph_pointcloud] -> http://ubuntu:40235/ ['http://ubuntu:35003/']: sec=0.00, result=[1, '', 0]
[rosmaster.master][INFO] 2023-09-04 16:58:22,823: +SUB [/camera/infra1/image_rect_raw] /svo http://ubuntu:35003/
[rosmaster.master][INFO] 2023-09-04 16:58:22,829: +SUB [/camera/infra2/image_rect_raw] /svo http://ubuntu:35003/
[rosmaster.master][INFO] 2023-09-04 16:58:28,942: -PUB [/rosout] /svo http://ubuntu:35003/
[rosmaster.master][INFO] 2023-09-04 16:58:28,944: -PUB [/tf] /svo http://ubuntu:35003/
[rosmaster.master][INFO] 2023-09-04 16:58:28,945: -PUB [/svo/keyframes] /svo http://ubuntu:35003/
[rosmaster.master][INFO] 2023-09-04 16:58:28,947: -PUB [/svo/points] /svo http://ubuntu:35003/
[rosmaster.master][INFO] 2023-09-04 16:58:28,948: -PUB [/svo/pose_imu] /svo http://ubuntu:35003/
[rosmaster.master][INFO] 2023-09-04 16:58:28,949: -PUB [/svo/info] /svo http://ubuntu:35003/
[rosmaster.master][INFO] 2023-09-04 16:58:28,950: -PUB [/svo/markers] /svo http://ubuntu:35003/
[rosmaster.master][INFO] 2023-09-04 16:58:28,950: -PUB [/svo/pointcloud] /svo http://ubuntu:35003/
[rosmaster.master][INFO] 2023-09-04 16:58:28,951: -PUB [/svo/dense_input/0] /svo http://ubuntu:35003/
[rosmaster.master][INFO] 2023-09-04 16:58:28,953: -PUB [/svo/image/0/compressedDepth] /svo http://ubuntu:35003/
[rosmaster.master][INFO] 2023-09-04 16:58:28,953: -PUB [/svo/image/0/compressedDepth/parameter_descriptions] /svo http://ubuntu:35003/
[rosmaster.master][INFO] 2023-09-04 16:58:28,955: -PUB [/svo/image/0/compressedDepth/parameter_updates] /svo http://ubuntu:35003/
[rosmaster.master][INFO] 2023-09-04 16:58:28,956: -PUB [/svo/image/0/compressed] /svo http://ubuntu:35003/
[rosmaster.master][INFO] 2023-09-04 16:58:28,958: -PUB [/svo/image/0/compressed/parameter_descriptions] /svo http://ubuntu:35003/
[rosmaster.master][INFO] 2023-09-04 16:58:28,959: -PUB [/svo/image/0/compressed/parameter_updates] /svo http://ubuntu:35003/
[rosmaster.master][INFO] 2023-09-04 16:58:28,961: -PUB [/svo/image/0] /svo http://ubuntu:35003/
[rosmaster.master][INFO] 2023-09-04 16:58:28,964: -PUB [/svo/image/0/theora] /svo http://ubuntu:35003/
[rosmaster.master][INFO] 2023-09-04 16:58:28,965: -PUB [/svo/image/0/theora/parameter_descriptions] /svo http://ubuntu:35003/
[rosmaster.master][INFO] 2023-09-04 16:58:28,969: -PUB [/svo/image/0/theora/parameter_updates] /svo http://ubuntu:35003/
[rosmaster.master][INFO] 2023-09-04 16:58:28,970: -PUB [/svo/pose_cam/0] /svo http://ubuntu:35003/
[rosmaster.master][INFO] 2023-09-04 16:58:28,972: -PUB [/svo/dense_input/1] /svo http://ubuntu:35003/
[rosmaster.master][INFO] 2023-09-04 16:58:28,975: -PUB [/svo/image/1/compressedDepth] /svo http://ubuntu:35003/
[rosmaster.master][INFO] 2023-09-04 16:58:28,978: -PUB [/svo/image/1/compressedDepth/parameter_descriptions] /svo http://ubuntu:35003/
[rosmaster.master][INFO] 2023-09-04 16:58:28,979: -PUB [/svo/image/1/compressedDepth/parameter_updates] /svo http://ubuntu:35003/
[rosmaster.master][INFO] 2023-09-04 16:58:28,979: -PUB [/svo/image/1/compressed] /svo http://ubuntu:35003/
[rosmaster.master][INFO] 2023-09-04 16:58:28,982: -PUB [/svo/image/1/compressed/parameter_descriptions] /svo http://ubuntu:35003/
[rosmaster.master][INFO] 2023-09-04 16:58:28,983: -PUB [/svo/image/1/compressed/parameter_updates] /svo http://ubuntu:35003/
[rosmaster.master][INFO] 2023-09-04 16:58:28,985: -PUB [/svo/image/1] /svo http://ubuntu:35003/
[rosmaster.master][INFO] 2023-09-04 16:58:28,988: -PUB [/svo/image/1/theora] /svo http://ubuntu:35003/
[rosmaster.master][INFO] 2023-09-04 16:58:28,989: -PUB [/svo/image/1/theora/parameter_descriptions] /svo http://ubuntu:35003/
[rosmaster.master][INFO] 2023-09-04 16:58:28,991: -PUB [/svo/image/1/theora/parameter_updates] /svo http://ubuntu:35003/
[rosmaster.master][INFO] 2023-09-04 16:58:28,992: -PUB [/svo/pose_cam/1] /svo http://ubuntu:35003/
[rosmaster.master][INFO] 2023-09-04 16:58:28,994: -PUB [/svo/loop_closures] /svo http://ubuntu:35003/
[rosmaster.master][INFO] 2023-09-04 16:58:28,996: -PUB [/svo/pose_graph] /svo http://ubuntu:35003/
[rosmaster.master][INFO] 2023-09-04 16:58:28,998: -PUB [/svo/pose_graph_pointcloud] /svo http://ubuntu:35003/
[rosmaster.master][INFO] 2023-09-04 16:58:29,001: -SUB [/svo/remote_key] /svo http://ubuntu:35003/
[rosmaster.master][INFO] 2023-09-04 16:58:29,001: publisherUpdate[/rosout] -> http://ubuntu:36231/ ['http://ubuntu:40833/', 'http://ubuntu:36845/', 'http://ubuntu:40235/']
[rosmaster.master][INFO] 2023-09-04 16:58:29,003: -SUB [/camera/infra1/image_rect_raw] /svo http://ubuntu:35003/
[rosmaster.master][INFO] 2023-09-04 16:58:29,004: publisherUpdate[/rosout] -> http://ubuntu:36231/ ['http://ubuntu:40833/', 'http://ubuntu:36845/', 'http://ubuntu:40235/']: sec=0.00, result=[1, '', 0]
[rosmaster.master][INFO] 2023-09-04 16:58:29,004: publisherUpdate[/tf] -> http://ubuntu:40235/ ['http://ubuntu:36845/']
[rosmaster.master][INFO] 2023-09-04 16:58:29,005: -SUB [/camera/infra2/image_rect_raw] /svo http://ubuntu:35003/
[rosmaster.master][INFO] 2023-09-04 16:58:29,006: publisherUpdate[/tf] -> http://ubuntu:40235/ ['http://ubuntu:36845/']: sec=0.00, result=[1, '', 0]
[rosmaster.master][INFO] 2023-09-04 16:58:29,006: publisherUpdate[/svo/keyframes] -> http://ubuntu:40235/ []
[rosmaster.master][INFO] 2023-09-04 16:58:29,007: publisherUpdate[/svo/keyframes] -> http://ubuntu:40235/ []: sec=0.00, result=[1, '', 0]
[rosmaster.master][INFO] 2023-09-04 16:58:29,009: publisherUpdate[/svo/points] -> http://ubuntu:40235/ []
[rosmaster.master][INFO] 2023-09-04 16:58:29,010: publisherUpdate[/svo/points] -> http://ubuntu:40235/ []: sec=0.00, result=[1, '', 0]
[rosmaster.master][INFO] 2023-09-04 16:58:29,011: publisherUpdate[/svo/image/0] -> http://ubuntu:40235/ []
[rosmaster.master][INFO] 2023-09-04 16:58:29,009: -SERVICE [/svo/get_loggers] /svo rosrpc://ubuntu:47435
[rosmaster.master][INFO] 2023-09-04 16:58:29,013: publisherUpdate[/svo/image/0] -> http://ubuntu:40235/ []: sec=0.00, result=[1, '', 0]
[rosmaster.master][INFO] 2023-09-04 16:58:29,013: publisherUpdate[/svo/loop_closures] -> http://ubuntu:40235/ []
[rosmaster.master][INFO] 2023-09-04 16:58:29,014: -SERVICE [/svo/set_logger_level] /svo rosrpc://ubuntu:47435
[rosmaster.master][INFO] 2023-09-04 16:58:29,015: publisherUpdate[/svo/loop_closures] -> http://ubuntu:40235/ []: sec=0.00, result=[1, '', 0]
[rosmaster.master][INFO] 2023-09-04 16:58:29,015: publisherUpdate[/svo/pose_graph] -> http://ubuntu:40235/ []
[rosmaster.master][INFO] 2023-09-04 16:58:29,016: -SERVICE [/svo/image/0/compressedDepth/set_parameters] /svo rosrpc://ubuntu:47435
[rosmaster.master][INFO] 2023-09-04 16:58:29,017: publisherUpdate[/svo/pose_graph] -> http://ubuntu:40235/ []: sec=0.00, result=[1, '', 0]
[rosmaster.master][INFO] 2023-09-04 16:58:29,018: publisherUpdate[/svo/pose_graph_pointcloud] -> http://ubuntu:40235/ []
[rosmaster.master][INFO] 2023-09-04 16:58:29,018: publisherUpdate[/svo/pose_graph_pointcloud] -> http://ubuntu:40235/ []: sec=0.00, result=[1, '', 0]
[rosmaster.master][INFO] 2023-09-04 16:58:29,020: -SERVICE [/svo/image/0/compressed/set_parameters] /svo rosrpc://ubuntu:47435
[rosmaster.master][INFO] 2023-09-04 16:58:29,022: -SERVICE [/svo/image/0/theora/set_parameters] /svo rosrpc://ubuntu:47435
[rosmaster.master][INFO] 2023-09-04 16:58:29,023: -SERVICE [/svo/image/1/compressedDepth/set_parameters] /svo rosrpc://ubuntu:47435
[rosmaster.master][INFO] 2023-09-04 16:58:29,025: -SERVICE [/svo/image/1/compressed/set_parameters] /svo rosrpc://ubuntu:47435
[rosmaster.master][INFO] 2023-09-04 16:58:29,026: -SERVICE [/svo/image/1/theora/set_parameters] /svo rosrpc://ubuntu:47435
[rosmaster.master][INFO] 2023-09-04 16:58:29,027: -CACHEDPARAM [/rosout_disable_topics_generation] by /svo
[rosmaster.master][INFO] 2023-09-04 16:58:37,604: +PARAM [/roslaunch/uris/host_ubuntu__43929] by /roslaunch
[rosmaster.master][INFO] 2023-09-04 16:58:37,608: -PARAM [/svo] by /roslaunch
[rosmaster.master][INFO] 2023-09-04 16:58:37,613: +PARAM [/rosversion] by /roslaunch
[rosmaster.master][INFO] 2023-09-04 16:58:37,613: +PARAM [/rosdistro] by /roslaunch
[rosmaster.master][INFO] 2023-09-04 16:58:37,613: +PARAM [/svo/pipeline_is_stereo] by /roslaunch
[rosmaster.master][INFO] 2023-09-04 16:58:37,613: +PARAM [/svo/automatic_reinitialization] by /roslaunch
[rosmaster.master][INFO] 2023-09-04 16:58:37,613: +PARAM [/svo/max_depth_inv] by /roslaunch
[rosmaster.master][INFO] 2023-09-04 16:58:37,614: +PARAM [/svo/min_depth_inv] by /roslaunch
[rosmaster.master][INFO] 2023-09-04 16:58:37,614: +PARAM [/svo/mean_depth_inv] by /roslaunch
[rosmaster.master][INFO] 2023-09-04 16:58:37,614: +PARAM [/svo/use_imu] by /roslaunch
[rosmaster.master][INFO] 2023-09-04 16:58:37,614: +PARAM [/svo/img_align_prior_lambda_rot] by /roslaunch
[rosmaster.master][INFO] 2023-09-04 16:58:37,614: +PARAM [/svo/poseoptim_prior_lambda] by /roslaunch
[rosmaster.master][INFO] 2023-09-04 16:58:37,614: +PARAM [/svo/max_n_kfs] by /roslaunch
[rosmaster.master][INFO] 2023-09-04 16:58:37,614: +PARAM [/svo/kfselect_criterion] by /roslaunch
[rosmaster.master][INFO] 2023-09-04 16:58:37,614: +PARAM [/svo/kfselect_numkfs_upper_thresh] by /roslaunch
[rosmaster.master][INFO] 2023-09-04 16:58:37,614: +PARAM [/svo/kfselect_numkfs_lower_thresh] by /roslaunch
[rosmaster.master][INFO] 2023-09-04 16:58:37,614: +PARAM [/svo/kfselect_min_num_frames_between_kfs] by /roslaunch
[rosmaster.master][INFO] 2023-09-04 16:58:37,614: +PARAM [/svo/kfselect_min_disparity] by /roslaunch
[rosmaster.master][INFO] 2023-09-04 16:58:37,615: +PARAM [/svo/kfselect_min_angle] by /roslaunch
[rosmaster.master][INFO] 2023-09-04 16:58:37,615: +PARAM [/svo/kfselect_min_dist_metric] by /roslaunch
[rosmaster.master][INFO] 2023-09-04 16:58:37,615: +PARAM [/svo/update_seeds_with_old_keyframes] by /roslaunch
[rosmaster.master][INFO] 2023-09-04 16:58:37,615: +PARAM [/svo/img_align_max_level] by /roslaunch
[rosmaster.master][INFO] 2023-09-04 16:58:37,615: +PARAM [/svo/img_align_min_level] by /roslaunch
[rosmaster.master][INFO] 2023-09-04 16:58:37,615: +PARAM [/svo/poseoptim_thresh] by /roslaunch
[rosmaster.master][INFO] 2023-09-04 16:58:37,615: +PARAM [/svo/use_async_reprojectors] by /roslaunch
[rosmaster.master][INFO] 2023-09-04 16:58:37,615: +PARAM [/svo/reprojector_max_n_kfs] by /roslaunch
[rosmaster.master][INFO] 2023-09-04 16:58:37,615: +PARAM [/svo/max_fts] by /roslaunch
[rosmaster.master][INFO] 2023-09-04 16:58:37,616: +PARAM [/svo/grid_size] by /roslaunch
[rosmaster.master][INFO] 2023-09-04 16:58:37,616: +PARAM [/svo/n_pyr_levels] by /roslaunch
[rosmaster.master][INFO] 2023-09-04 16:58:37,616: +PARAM [/svo/detector_threshold_primary] by /roslaunch
[rosmaster.master][INFO] 2023-09-04 16:58:37,616: +PARAM [/svo/detector_threshold_secondary] by /roslaunch
[rosmaster.master][INFO] 2023-09-04 16:58:37,616: +PARAM [/svo/use_ceres_backend] by /roslaunch
[rosmaster.master][INFO] 2023-09-04 16:58:37,616: +PARAM [/svo/cam0_topic] by /roslaunch
[rosmaster.master][INFO] 2023-09-04 16:58:37,616: +PARAM [/svo/cam1_topic] by /roslaunch
[rosmaster.master][INFO] 2023-09-04 16:58:37,616: +PARAM [/svo/calib_file] by /roslaunch
[rosmaster.master][INFO] 2023-09-04 16:58:37,616: +PARAM [/svo/init_rx] by /roslaunch
[rosmaster.master][INFO] 2023-09-04 16:58:37,616: +PARAM [/svo/init_ry] by /roslaunch
[rosmaster.master][INFO] 2023-09-04 16:58:37,616: +PARAM [/svo/init_rz] by /roslaunch
[rosmaster.master][INFO] 2023-09-04 16:58:37,970: +PUB [/rosout] /svo http://ubuntu:43433/
[rosmaster.master][INFO] 2023-09-04 16:58:37,971: +SERVICE [/svo/get_loggers] /svo http://ubuntu:43433/
[rosmaster.master][INFO] 2023-09-04 16:58:37,972: +SERVICE [/svo/set_logger_level] /svo http://ubuntu:43433/
[rosmaster.master][INFO] 2023-09-04 16:58:37,975: +CACHEDPARAM [/rosout_disable_topics_generation] by /svo
[rosmaster.master][INFO] 2023-09-04 16:58:38,026: publisherUpdate[/rosout] -> http://ubuntu:36231/ ['http://ubuntu:40833/', 'http://ubuntu:36845/', 'http://ubuntu:40235/', 'http://ubuntu:43433/']
[rosmaster.master][INFO] 2023-09-04 16:58:38,028: publisherUpdate[/rosout] -> http://ubuntu:36231/ ['http://ubuntu:40833/', 'http://ubuntu:36845/', 'http://ubuntu:40235/', 'http://ubuntu:43433/']: sec=0.00, result=[1, '', 0]
[rosmaster.master][INFO] 2023-09-04 16:58:38,087: +PUB [/tf] /svo http://ubuntu:43433/
[rosmaster.master][INFO] 2023-09-04 16:58:38,094: +PUB [/svo/keyframes] /svo http://ubuntu:43433/
[rosmaster.master][INFO] 2023-09-04 16:58:38,096: +PUB [/svo/points] /svo http://ubuntu:43433/
[rosmaster.master][INFO] 2023-09-04 16:58:38,097: +PUB [/svo/pose_imu] /svo http://ubuntu:43433/
[rosmaster.master][INFO] 2023-09-04 16:58:38,098: +PUB [/svo/info] /svo http://ubuntu:43433/
[rosmaster.master][INFO] 2023-09-04 16:58:38,100: +PUB [/svo/markers] /svo http://ubuntu:43433/
[rosmaster.master][INFO] 2023-09-04 16:58:38,101: +PUB [/svo/pointcloud] /svo http://ubuntu:43433/
[rosmaster.master][INFO] 2023-09-04 16:58:38,128: publisherUpdate[/tf] -> http://ubuntu:40235/ ['http://ubuntu:36845/', 'http://ubuntu:43433/']
[rosmaster.master][INFO] 2023-09-04 16:58:38,130: publisherUpdate[/tf] -> http://ubuntu:40235/ ['http://ubuntu:36845/', 'http://ubuntu:43433/']: sec=0.00, result=[1, '', 0]
[rosmaster.master][INFO] 2023-09-04 16:58:38,131: publisherUpdate[/svo/keyframes] -> http://ubuntu:40235/ ['http://ubuntu:43433/']
[rosmaster.master][INFO] 2023-09-04 16:58:38,132: publisherUpdate[/svo/keyframes] -> http://ubuntu:40235/ ['http://ubuntu:43433/']: sec=0.00, result=[1, '', 0]
[rosmaster.master][INFO] 2023-09-04 16:58:38,132: publisherUpdate[/svo/points] -> http://ubuntu:40235/ ['http://ubuntu:43433/']
[rosmaster.master][INFO] 2023-09-04 16:58:38,133: publisherUpdate[/svo/points] -> http://ubuntu:40235/ ['http://ubuntu:43433/']: sec=0.00, result=[1, '', 0]
[rosmaster.master][INFO] 2023-09-04 16:58:38,143: +PUB [/svo/dense_input/0] /svo http://ubuntu:43433/
[rosmaster.master][INFO] 2023-09-04 16:58:38,159: +PUB [/svo/image/0/compressedDepth] /svo http://ubuntu:43433/
[rosmaster.master][INFO] 2023-09-04 16:58:38,160: +SERVICE [/svo/image/0/compressedDepth/set_parameters] /svo http://ubuntu:43433/
[rosmaster.master][INFO] 2023-09-04 16:58:38,168: +PUB [/svo/image/0/compressedDepth/parameter_descriptions] /svo http://ubuntu:43433/
[rosmaster.master][INFO] 2023-09-04 16:58:38,172: +PUB [/svo/image/0/compressedDepth/parameter_updates] /svo http://ubuntu:43433/
[rosmaster.master][INFO] 2023-09-04 16:58:38,174: +PARAM [/svo/image/0/compressedDepth/format] by /svo
[rosmaster.master][INFO] 2023-09-04 16:58:38,175: +PARAM [/svo/image/0/compressedDepth/depth_max] by /svo
[rosmaster.master][INFO] 2023-09-04 16:58:38,176: +PARAM [/svo/image/0/compressedDepth/depth_quantization] by /svo
[rosmaster.master][INFO] 2023-09-04 16:58:38,176: +PARAM [/svo/image/0/compressedDepth/png_level] by /svo
[rosmaster.master][INFO] 2023-09-04 16:58:38,177: +PARAM [/svo/image/0/compressedDepth/format] by /svo
[rosmaster.master][INFO] 2023-09-04 16:58:38,178: +PARAM [/svo/image/0/compressedDepth/depth_max] by /svo
[rosmaster.master][INFO] 2023-09-04 16:58:38,178: +PARAM [/svo/image/0/compressedDepth/depth_quantization] by /svo
[rosmaster.master][INFO] 2023-09-04 16:58:38,179: +PARAM [/svo/image/0/compressedDepth/png_level] by /svo
[rosmaster.master][INFO] 2023-09-04 16:58:38,185: +PUB [/svo/image/0/compressed] /svo http://ubuntu:43433/
[rosmaster.master][INFO] 2023-09-04 16:58:38,187: +SERVICE [/svo/image/0/compressed/set_parameters] /svo http://ubuntu:43433/
[rosmaster.master][INFO] 2023-09-04 16:58:38,187: +PUB [/svo/image/0/compressed/parameter_descriptions] /svo http://ubuntu:43433/
[rosmaster.master][INFO] 2023-09-04 16:58:38,188: +PUB [/svo/image/0/compressed/parameter_updates] /svo http://ubuntu:43433/
[rosmaster.master][INFO] 2023-09-04 16:58:38,192: +PARAM [/svo/image/0/compressed/format] by /svo
[rosmaster.master][INFO] 2023-09-04 16:58:38,195: +PARAM [/svo/image/0/compressed/jpeg_quality] by /svo
[rosmaster.master][INFO] 2023-09-04 16:58:38,196: +PARAM [/svo/image/0/compressed/jpeg_progressive] by /svo
[rosmaster.master][INFO] 2023-09-04 16:58:38,198: +PARAM [/svo/image/0/compressed/jpeg_optimize] by /svo
[rosmaster.master][INFO] 2023-09-04 16:58:38,198: +PARAM [/svo/image/0/compressed/jpeg_restart_interval] by /svo
[rosmaster.master][INFO] 2023-09-04 16:58:38,199: +PARAM [/svo/image/0/compressed/png_level] by /svo
[rosmaster.master][INFO] 2023-09-04 16:58:38,200: +PARAM [/svo/image/0/compressed/format] by /svo
[rosmaster.master][INFO] 2023-09-04 16:58:38,200: +PARAM [/svo/image/0/compressed/jpeg_quality] by /svo
[rosmaster.master][INFO] 2023-09-04 16:58:38,201: +PARAM [/svo/image/0/compressed/jpeg_progressive] by /svo
[rosmaster.master][INFO] 2023-09-04 16:58:38,201: +PARAM [/svo/image/0/compressed/jpeg_optimize] by /svo
[rosmaster.master][INFO] 2023-09-04 16:58:38,202: +PARAM [/svo/image/0/compressed/jpeg_restart_interval] by /svo
[rosmaster.master][INFO] 2023-09-04 16:58:38,202: +PARAM [/svo/image/0/compressed/png_level] by /svo
[rosmaster.master][INFO] 2023-09-04 16:58:38,207: +PUB [/svo/image/0] /svo http://ubuntu:43433/
[rosmaster.master][INFO] 2023-09-04 16:58:38,212: +PUB [/svo/image/0/theora] /svo http://ubuntu:43433/
[rosmaster.master][INFO] 2023-09-04 16:58:38,220: +SERVICE [/svo/image/0/theora/set_parameters] /svo http://ubuntu:43433/
[rosmaster.master][INFO] 2023-09-04 16:58:38,220: +PUB [/svo/image/0/theora/parameter_descriptions] /svo http://ubuntu:43433/
[rosmaster.master][INFO] 2023-09-04 16:58:38,221: +PUB [/svo/image/0/theora/parameter_updates] /svo http://ubuntu:43433/
[rosmaster.master][INFO] 2023-09-04 16:58:38,223: +PARAM [/svo/image/0/theora/optimize_for] by /svo
[rosmaster.master][INFO] 2023-09-04 16:58:38,223: +PARAM [/svo/image/0/theora/target_bitrate] by /svo
[rosmaster.master][INFO] 2023-09-04 16:58:38,224: +PARAM [/svo/image/0/theora/quality] by /svo
[rosmaster.master][INFO] 2023-09-04 16:58:38,224: +PARAM [/svo/image/0/theora/keyframe_frequency] by /svo
[rosmaster.master][INFO] 2023-09-04 16:58:38,225: +PARAM [/svo/image/0/theora/optimize_for] by /svo
[rosmaster.master][INFO] 2023-09-04 16:58:38,225: +PARAM [/svo/image/0/theora/target_bitrate] by /svo
[rosmaster.master][INFO] 2023-09-04 16:58:38,226: +PARAM [/svo/image/0/theora/quality] by /svo
[rosmaster.master][INFO] 2023-09-04 16:58:38,226: +PARAM [/svo/image/0/theora/keyframe_frequency] by /svo
[rosmaster.master][INFO] 2023-09-04 16:58:38,227: +PUB [/svo/pose_cam/0] /svo http://ubuntu:43433/
[rosmaster.master][INFO] 2023-09-04 16:58:38,227: +PUB [/svo/dense_input/1] /svo http://ubuntu:43433/
[rosmaster.master][INFO] 2023-09-04 16:58:38,229: +PUB [/svo/image/1/compressedDepth] /svo http://ubuntu:43433/
[rosmaster.master][INFO] 2023-09-04 16:58:38,230: +SERVICE [/svo/image/1/compressedDepth/set_parameters] /svo http://ubuntu:43433/
[rosmaster.master][INFO] 2023-09-04 16:58:38,231: +PUB [/svo/image/1/compressedDepth/parameter_descriptions] /svo http://ubuntu:43433/
[rosmaster.master][INFO] 2023-09-04 16:58:38,233: +PUB [/svo/image/1/compressedDepth/parameter_updates] /svo http://ubuntu:43433/
[rosmaster.master][INFO] 2023-09-04 16:58:38,234: publisherUpdate[/svo/image/0] -> http://ubuntu:40235/ ['http://ubuntu:43433/']
[rosmaster.master][INFO] 2023-09-04 16:58:38,237: publisherUpdate[/svo/image/0] -> http://ubuntu:40235/ ['http://ubuntu:43433/']: sec=0.00, result=[1, '', 0]
[rosmaster.master][INFO] 2023-09-04 16:58:38,238: +PARAM [/svo/image/1/compressedDepth/format] by /svo
[rosmaster.master][INFO] 2023-09-04 16:58:38,239: +PARAM [/svo/image/1/compressedDepth/depth_max] by /svo
[rosmaster.master][INFO] 2023-09-04 16:58:38,240: +PARAM [/svo/image/1/compressedDepth/depth_quantization] by /svo
[rosmaster.master][INFO] 2023-09-04 16:58:38,247: +PARAM [/svo/image/1/compressedDepth/png_level] by /svo
[rosmaster.master][INFO] 2023-09-04 16:58:38,248: +PARAM [/svo/image/1/compressedDepth/format] by /svo
[rosmaster.master][INFO] 2023-09-04 16:58:38,250: +PARAM [/svo/image/1/compressedDepth/depth_max] by /svo
[rosmaster.master][INFO] 2023-09-04 16:58:38,252: +PARAM [/svo/image/1/compressedDepth/depth_quantization] by /svo
[rosmaster.master][INFO] 2023-09-04 16:58:38,253: +PARAM [/svo/image/1/compressedDepth/png_level] by /svo
[rosmaster.master][INFO] 2023-09-04 16:58:38,254: +PUB [/svo/image/1/compressed] /svo http://ubuntu:43433/
[rosmaster.master][INFO] 2023-09-04 16:58:38,254: +SERVICE [/svo/image/1/compressed/set_parameters] /svo http://ubuntu:43433/
[rosmaster.master][INFO] 2023-09-04 16:58:38,255: +PUB [/svo/image/1/compressed/parameter_descriptions] /svo http://ubuntu:43433/
[rosmaster.master][INFO] 2023-09-04 16:58:38,256: +PUB [/svo/image/1/compressed/parameter_updates] /svo http://ubuntu:43433/
[rosmaster.master][INFO] 2023-09-04 16:58:38,259: +PARAM [/svo/image/1/compressed/format] by /svo
[rosmaster.master][INFO] 2023-09-04 16:58:38,260: +PARAM [/svo/image/1/compressed/jpeg_quality] by /svo
[rosmaster.master][INFO] 2023-09-04 16:58:38,260: +PARAM [/svo/image/1/compressed/jpeg_progressive] by /svo
[rosmaster.master][INFO] 2023-09-04 16:58:38,261: +PARAM [/svo/image/1/compressed/jpeg_optimize] by /svo
[rosmaster.master][INFO] 2023-09-04 16:58:38,262: +PARAM [/svo/image/1/compressed/jpeg_restart_interval] by /svo
[rosmaster.master][INFO] 2023-09-04 16:58:38,263: +PARAM [/svo/image/1/compressed/png_level] by /svo
[rosmaster.master][INFO] 2023-09-04 16:58:38,264: +PARAM [/svo/image/1/compressed/format] by /svo
[rosmaster.master][INFO] 2023-09-04 16:58:38,265: +PARAM [/svo/image/1/compressed/jpeg_quality] by /svo
[rosmaster.master][INFO] 2023-09-04 16:58:38,267: +PARAM [/svo/image/1/compressed/jpeg_progressive] by /svo
[rosmaster.master][INFO] 2023-09-04 16:58:38,268: +PARAM [/svo/image/1/compressed/jpeg_optimize] by /svo
[rosmaster.master][INFO] 2023-09-04 16:58:38,269: +PARAM [/svo/image/1/compressed/jpeg_restart_interval] by /svo
[rosmaster.master][INFO] 2023-09-04 16:58:38,270: +PARAM [/svo/image/1/compressed/png_level] by /svo
[rosmaster.master][INFO] 2023-09-04 16:58:38,272: +PUB [/svo/image/1] /svo http://ubuntu:43433/
[rosmaster.master][INFO] 2023-09-04 16:58:38,273: +PUB [/svo/image/1/theora] /svo http://ubuntu:43433/
[rosmaster.master][INFO] 2023-09-04 16:58:38,275: +SERVICE [/svo/image/1/theora/set_parameters] /svo http://ubuntu:43433/
[rosmaster.master][INFO] 2023-09-04 16:58:38,276: +PUB [/svo/image/1/theora/parameter_descriptions] /svo http://ubuntu:43433/
[rosmaster.master][INFO] 2023-09-04 16:58:38,278: +PUB [/svo/image/1/theora/parameter_updates] /svo http://ubuntu:43433/
[rosmaster.master][INFO] 2023-09-04 16:58:38,282: +PARAM [/svo/image/1/theora/optimize_for] by /svo
[rosmaster.master][INFO] 2023-09-04 16:58:38,284: +PARAM [/svo/image/1/theora/target_bitrate] by /svo
[rosmaster.master][INFO] 2023-09-04 16:58:38,286: +PARAM [/svo/image/1/theora/quality] by /svo
[rosmaster.master][INFO] 2023-09-04 16:58:38,287: +PARAM [/svo/image/1/theora/keyframe_frequency] by /svo
[rosmaster.master][INFO] 2023-09-04 16:58:38,289: +PARAM [/svo/image/1/theora/optimize_for] by /svo
[rosmaster.master][INFO] 2023-09-04 16:58:38,290: +PARAM [/svo/image/1/theora/target_bitrate] by /svo
[rosmaster.master][INFO] 2023-09-04 16:58:38,291: +PARAM [/svo/image/1/theora/quality] by /svo
[rosmaster.master][INFO] 2023-09-04 16:58:38,292: +PARAM [/svo/image/1/theora/keyframe_frequency] by /svo
[rosmaster.master][INFO] 2023-09-04 16:58:38,294: +PUB [/svo/pose_cam/1] /svo http://ubuntu:43433/
[rosmaster.master][INFO] 2023-09-04 16:58:38,295: +PUB [/svo/loop_closures] /svo http://ubuntu:43433/
[rosmaster.master][INFO] 2023-09-04 16:58:38,296: +PUB [/svo/pose_graph] /svo http://ubuntu:43433/
[rosmaster.master][INFO] 2023-09-04 16:58:38,297: +PUB [/svo/pose_graph_pointcloud] /svo http://ubuntu:43433/
[rosmaster.master][INFO] 2023-09-04 16:58:38,312: +SUB [/svo/remote_key] /svo http://ubuntu:43433/
[rosmaster.master][INFO] 2023-09-04 16:58:38,325: +SUB [/camera/infra1/image_rect_raw] /svo http://ubuntu:43433/
[rosmaster.master][INFO] 2023-09-04 16:58:38,328: +SUB [/camera/infra2/image_rect_raw] /svo http://ubuntu:43433/
[rosmaster.master][INFO] 2023-09-04 16:58:38,338: publisherUpdate[/svo/loop_closures] -> http://ubuntu:40235/ ['http://ubuntu:43433/']
[rosmaster.master][INFO] 2023-09-04 16:58:38,340: publisherUpdate[/svo/loop_closures] -> http://ubuntu:40235/ ['http://ubuntu:43433/']: sec=0.00, result=[1, '', 0]
[rosmaster.master][INFO] 2023-09-04 16:58:38,340: publisherUpdate[/svo/pose_graph] -> http://ubuntu:40235/ ['http://ubuntu:43433/']
[rosmaster.master][INFO] 2023-09-04 16:58:38,341: publisherUpdate[/svo/pose_graph] -> http://ubuntu:40235/ ['http://ubuntu:43433/']: sec=0.00, result=[1, '', 0]
[rosmaster.master][INFO] 2023-09-04 16:58:38,341: publisherUpdate[/svo/pose_graph_pointcloud] -> http://ubuntu:40235/ ['http://ubuntu:43433/']
[rosmaster.master][INFO] 2023-09-04 16:58:38,342: publisherUpdate[/svo/pose_graph_pointcloud] -> http://ubuntu:40235/ ['http://ubuntu:43433/']: sec=0.00, result=[1, '', 0]
[rosmaster.master][INFO] 2023-09-04 16:59:04,688: -PUB [/rosout] /camera/realsense2_camera_manager http://ubuntu:36845/
[rosmaster.master][INFO] 2023-09-04 16:59:04,689: -PUB [/camera/realsense2_camera_manager/bond] /camera/realsense2_camera_manager http://ubuntu:36845/
[rosmaster.master][INFO] 2023-09-04 16:59:04,690: -PUB [/tf_static] /camera/realsense2_camera_manager http://ubuntu:36845/
[rosmaster.master][INFO] 2023-09-04 16:59:04,691: -PUB [/tf] /camera/realsense2_camera_manager http://ubuntu:36845/
[rosmaster.master][INFO] 2023-09-04 16:59:04,692: -PUB [/camera/stereo_module/parameter_descriptions] /camera/realsense2_camera_manager http://ubuntu:36845/
[rosmaster.master][INFO] 2023-09-04 16:59:04,698: publisherUpdate[/rosout] -> http://ubuntu:36231/ ['http://ubuntu:40833/', 'http://ubuntu:40235/', 'http://ubuntu:43433/']
[rosmaster.master][INFO] 2023-09-04 16:59:04,698: publisherUpdate[/camera/realsense2_camera_manager/bond] -> http://ubuntu:36845/ ['http://ubuntu:40833/']
[rosmaster.master][INFO] 2023-09-04 16:59:04,700: publisherUpdate[/camera/realsense2_camera_manager/bond] -> http://ubuntu:36845/ ['http://ubuntu:40833/']: sec=0.00, exception=<Fault -1: 'publisherUpdate: unknown method name'>
[rosmaster.master][INFO] 2023-09-04 16:59:04,700: publisherUpdate[/rosout] -> http://ubuntu:36231/ ['http://ubuntu:40833/', 'http://ubuntu:40235/', 'http://ubuntu:43433/']: sec=0.00, result=[1, '', 0]
[rosmaster.master][INFO] 2023-09-04 16:59:04,701: publisherUpdate[/camera/realsense2_camera_manager/bond] -> http://ubuntu:40833/ ['http://ubuntu:40833/']
[rosmaster.master][INFO] 2023-09-04 16:59:04,702: -PUB [/camera/stereo_module/parameter_updates] /camera/realsense2_camera_manager http://ubuntu:36845/
[rosmaster.master][INFO] 2023-09-04 16:59:04,703: -PUB [/camera/rgb_camera/parameter_descriptions] /camera/realsense2_camera_manager http://ubuntu:36845/
[rosmaster.master][INFO] 2023-09-04 16:59:04,704: publisherUpdate[/camera/realsense2_camera_manager/bond] -> http://ubuntu:40833/ ['http://ubuntu:40833/']: sec=0.00, result=[1, '', 0]
[rosmaster.master][INFO] 2023-09-04 16:59:04,705: publisherUpdate[/tf_static] -> http://ubuntu:40235/ []
[rosmaster.threadpool][ERROR] 2023-09-04 16:59:04,706: Traceback (most recent call last):
  File "/opt/ros/noetic/lib/python3/dist-packages/rosmaster/threadpool.py", line 218, in run
    result = cmd(*args)
  File "/opt/ros/noetic/lib/python3/dist-packages/rosmaster/master_api.py", line 210, in publisher_update_task
    ret = xmlrpcapi(api).publisherUpdate('/master', topic, pub_uris)
  File "/usr/lib/python3.8/xmlrpc/client.py", line 1109, in __call__
    return self.__send(self.__name, args)
  File "/usr/lib/python3.8/xmlrpc/client.py", line 1450, in __request
    response = self.__transport.request(
  File "/usr/lib/python3.8/xmlrpc/client.py", line 1153, in request
    return self.single_request(host, handler, request_body, verbose)
  File "/usr/lib/python3.8/xmlrpc/client.py", line 1169, in single_request
    return self.parse_response(resp)
  File "/usr/lib/python3.8/xmlrpc/client.py", line 1341, in parse_response
    return u.close()
  File "/usr/lib/python3.8/xmlrpc/client.py", line 655, in close
    raise Fault(**self._stack[0])
xmlrpc.client.Fault: <Fault -1: 'publisherUpdate: unknown method name'>

[rosmaster.master][INFO] 2023-09-04 16:59:04,706: publisherUpdate[/tf_static] -> http://ubuntu:40235/ []: sec=0.00, result=[1, '', 0]
[rosmaster.master][INFO] 2023-09-04 16:59:04,707: publisherUpdate[/tf] -> http://ubuntu:40235/ ['http://ubuntu:43433/']
[rosmaster.master][INFO] 2023-09-04 16:59:04,708: -PUB [/camera/rgb_camera/parameter_updates] /camera/realsense2_camera_manager http://ubuntu:36845/
[rosmaster.master][INFO] 2023-09-04 16:59:04,708: publisherUpdate[/tf] -> http://ubuntu:40235/ ['http://ubuntu:43433/']: sec=0.00, result=[1, '', 0]
[rosmaster.master][INFO] 2023-09-04 16:59:04,709: -PUB [/camera/motion_module/parameter_descriptions] /camera/realsense2_camera_manager http://ubuntu:36845/
[rosmaster.master][INFO] 2023-09-04 16:59:04,710: -PUB [/camera/motion_module/parameter_updates] /camera/realsense2_camera_manager http://ubuntu:36845/
[rosmaster.master][INFO] 2023-09-04 16:59:04,710: -PUB [/diagnostics] /camera/realsense2_camera_manager http://ubuntu:36845/
[rosmaster.master][INFO] 2023-09-04 16:59:04,711: -PUB [/camera/depth/image_rect_raw/compressedDepth] /camera/realsense2_camera_manager http://ubuntu:36845/
[rosmaster.master][INFO] 2023-09-04 16:59:04,712: -PUB [/camera/depth/image_rect_raw/compressedDepth/parameter_descriptions] /camera/realsense2_camera_manager http://ubuntu:36845/
[rosmaster.master][INFO] 2023-09-04 16:59:04,712: -PUB [/camera/depth/image_rect_raw/compressedDepth/parameter_updates] /camera/realsense2_camera_manager http://ubuntu:36845/
[rosmaster.master][INFO] 2023-09-04 16:59:04,713: -PUB [/camera/depth/image_rect_raw/compressed] /camera/realsense2_camera_manager http://ubuntu:36845/
[rosmaster.master][INFO] 2023-09-04 16:59:04,714: -PUB [/camera/depth/image_rect_raw/compressed/parameter_descriptions] /camera/realsense2_camera_manager http://ubuntu:36845/
[rosmaster.master][INFO] 2023-09-04 16:59:04,715: -PUB [/camera/depth/image_rect_raw/compressed/parameter_updates] /camera/realsense2_camera_manager http://ubuntu:36845/
[rosmaster.master][INFO] 2023-09-04 16:59:04,715: -PUB [/camera/depth/image_rect_raw] /camera/realsense2_camera_manager http://ubuntu:36845/
[rosmaster.master][INFO] 2023-09-04 16:59:04,716: -PUB [/camera/depth/image_rect_raw/theora] /camera/realsense2_camera_manager http://ubuntu:36845/
[rosmaster.master][INFO] 2023-09-04 16:59:04,716: -PUB [/camera/depth/image_rect_raw/theora/parameter_descriptions] /camera/realsense2_camera_manager http://ubuntu:36845/
[rosmaster.master][INFO] 2023-09-04 16:59:04,718: -PUB [/camera/depth/image_rect_raw/theora/parameter_updates] /camera/realsense2_camera_manager http://ubuntu:36845/
[rosmaster.master][INFO] 2023-09-04 16:59:04,719: -PUB [/camera/depth/camera_info] /camera/realsense2_camera_manager http://ubuntu:36845/
[rosmaster.master][INFO] 2023-09-04 16:59:04,719: -PUB [/camera/depth/metadata] /camera/realsense2_camera_manager http://ubuntu:36845/
[rosmaster.master][INFO] 2023-09-04 16:59:04,720: -PUB [/camera/infra1/image_rect_raw/compressedDepth] /camera/realsense2_camera_manager http://ubuntu:36845/
[rosmaster.master][INFO] 2023-09-04 16:59:04,720: -PUB [/camera/infra1/image_rect_raw/compressedDepth/parameter_descriptions] /camera/realsense2_camera_manager http://ubuntu:36845/
[rosmaster.master][INFO] 2023-09-04 16:59:04,721: -PUB [/camera/infra1/image_rect_raw/compressedDepth/parameter_updates] /camera/realsense2_camera_manager http://ubuntu:36845/
[rosmaster.master][INFO] 2023-09-04 16:59:04,722: -PUB [/camera/infra1/image_rect_raw/compressed] /camera/realsense2_camera_manager http://ubuntu:36845/
[rosmaster.master][INFO] 2023-09-04 16:59:04,722: -PUB [/camera/infra1/image_rect_raw/compressed/parameter_descriptions] /camera/realsense2_camera_manager http://ubuntu:36845/
[rosmaster.master][INFO] 2023-09-04 16:59:04,723: -PUB [/camera/infra1/image_rect_raw/compressed/parameter_updates] /camera/realsense2_camera_manager http://ubuntu:36845/
[rosmaster.master][INFO] 2023-09-04 16:59:04,723: -PUB [/camera/infra1/image_rect_raw] /camera/realsense2_camera_manager http://ubuntu:36845/
[rosmaster.master][INFO] 2023-09-04 16:59:04,725: -PUB [/camera/infra1/image_rect_raw/theora] /camera/realsense2_camera_manager http://ubuntu:36845/
[rosmaster.master][INFO] 2023-09-04 16:59:04,725: -PUB [/camera/infra1/image_rect_raw/theora/parameter_descriptions] /camera/realsense2_camera_manager http://ubuntu:36845/
[rosmaster.master][INFO] 2023-09-04 16:59:04,726: -PUB [/camera/infra1/image_rect_raw/theora/parameter_updates] /camera/realsense2_camera_manager http://ubuntu:36845/
[rosmaster.master][INFO] 2023-09-04 16:59:04,726: -PUB [/camera/infra1/camera_info] /camera/realsense2_camera_manager http://ubuntu:36845/
[rosmaster.master][INFO] 2023-09-04 16:59:04,727: -PUB [/camera/infra1/metadata] /camera/realsense2_camera_manager http://ubuntu:36845/
[rosmaster.master][INFO] 2023-09-04 16:59:04,728: -PUB [/camera/infra2/image_rect_raw/compressedDepth] /camera/realsense2_camera_manager http://ubuntu:36845/
[rosmaster.master][INFO] 2023-09-04 16:59:04,728: -PUB [/camera/infra2/image_rect_raw/compressedDepth/parameter_descriptions] /camera/realsense2_camera_manager http://ubuntu:36845/
[rosmaster.master][INFO] 2023-09-04 16:59:04,729: -PUB [/camera/infra2/image_rect_raw/compressedDepth/parameter_updates] /camera/realsense2_camera_manager http://ubuntu:36845/
[rosmaster.master][INFO] 2023-09-04 16:59:04,729: -PUB [/camera/infra2/image_rect_raw/compressed] /camera/realsense2_camera_manager http://ubuntu:36845/
[rosmaster.master][INFO] 2023-09-04 16:59:04,730: -PUB [/camera/infra2/image_rect_raw/compressed/parameter_descriptions] /camera/realsense2_camera_manager http://ubuntu:36845/
[rosmaster.master][INFO] 2023-09-04 16:59:04,730: publisherUpdate[/camera/infra1/image_rect_raw] -> http://ubuntu:43433/ []
[rosmaster.master][INFO] 2023-09-04 16:59:04,731: publisherUpdate[/camera/infra1/image_rect_raw] -> http://ubuntu:43433/ []: sec=0.00, result=[1, '', 0]
[rosmaster.master][INFO] 2023-09-04 16:59:04,734: -PUB [/camera/infra2/image_rect_raw/compressed/parameter_updates] /camera/realsense2_camera_manager http://ubuntu:36845/
[rosmaster.master][INFO] 2023-09-04 16:59:04,736: -PUB [/camera/infra2/image_rect_raw] /camera/realsense2_camera_manager http://ubuntu:36845/
[rosmaster.master][INFO] 2023-09-04 16:59:04,737: -PUB [/camera/infra2/image_rect_raw/theora] /camera/realsense2_camera_manager http://ubuntu:36845/
[rosmaster.master][INFO] 2023-09-04 16:59:04,738: -PUB [/camera/infra2/image_rect_raw/theora/parameter_descriptions] /camera/realsense2_camera_manager http://ubuntu:36845/
[rosmaster.master][INFO] 2023-09-04 16:59:04,740: -PUB [/camera/infra2/image_rect_raw/theora/parameter_updates] /camera/realsense2_camera_manager http://ubuntu:36845/
[rosmaster.master][INFO] 2023-09-04 16:59:04,741: -PUB [/camera/infra2/camera_info] /camera/realsense2_camera_manager http://ubuntu:36845/
[rosmaster.master][INFO] 2023-09-04 16:59:04,743: -PUB [/camera/infra2/metadata] /camera/realsense2_camera_manager http://ubuntu:36845/
[rosmaster.master][INFO] 2023-09-04 16:59:04,744: -PUB [/camera/color/image_raw/compressedDepth] /camera/realsense2_camera_manager http://ubuntu:36845/
[rosmaster.master][INFO] 2023-09-04 16:59:04,746: -PUB [/camera/color/image_raw/compressedDepth/parameter_descriptions] /camera/realsense2_camera_manager http://ubuntu:36845/
[rosmaster.master][INFO] 2023-09-04 16:59:04,746: -PUB [/camera/color/image_raw/compressedDepth/parameter_updates] /camera/realsense2_camera_manager http://ubuntu:36845/
[rosmaster.master][INFO] 2023-09-04 16:59:04,747: -PUB [/camera/color/image_raw/compressed] /camera/realsense2_camera_manager http://ubuntu:36845/
[rosmaster.master][INFO] 2023-09-04 16:59:04,748: -PUB [/camera/color/image_raw/compressed/parameter_descriptions] /camera/realsense2_camera_manager http://ubuntu:36845/
[rosmaster.master][INFO] 2023-09-04 16:59:04,748: -PUB [/camera/color/image_raw/compressed/parameter_updates] /camera/realsense2_camera_manager http://ubuntu:36845/
[rosmaster.master][INFO] 2023-09-04 16:59:04,750: -PUB [/camera/color/image_raw] /camera/realsense2_camera_manager http://ubuntu:36845/
[rosmaster.master][INFO] 2023-09-04 16:59:04,751: -PUB [/camera/color/image_raw/theora] /camera/realsense2_camera_manager http://ubuntu:36845/
[rosmaster.master][INFO] 2023-09-04 16:59:04,752: -PUB [/camera/color/image_raw/theora/parameter_descriptions] /camera/realsense2_camera_manager http://ubuntu:36845/
[rosmaster.master][INFO] 2023-09-04 16:59:04,752: -PUB [/camera/color/image_raw/theora/parameter_updates] /camera/realsense2_camera_manager http://ubuntu:36845/
[rosmaster.master][INFO] 2023-09-04 16:59:04,756: -PUB [/camera/color/camera_info] /camera/realsense2_camera_manager http://ubuntu:36845/
[rosmaster.master][INFO] 2023-09-04 16:59:04,757: -PUB [/camera/color/metadata] /camera/realsense2_camera_manager http://ubuntu:36845/
[rosmaster.master][INFO] 2023-09-04 16:59:04,760: -PUB [/camera/extrinsics/depth_to_color] /camera/realsense2_camera_manager http://ubuntu:36845/
[rosmaster.master][INFO] 2023-09-04 16:59:04,762: -PUB [/camera/extrinsics/depth_to_infra1] /camera/realsense2_camera_manager http://ubuntu:36845/
[rosmaster.master][INFO] 2023-09-04 16:59:04,763: -PUB [/camera/extrinsics/depth_to_infra2] /camera/realsense2_camera_manager http://ubuntu:36845/
[rosmaster.master][INFO] 2023-09-04 16:59:04,764: -SUB [/camera/realsense2_camera_manager/bond] /camera/realsense2_camera_manager http://ubuntu:36845/
[rosmaster.master][INFO] 2023-09-04 16:59:04,766: -SERVICE [/camera/realsense2_camera_manager/get_loggers] /camera/realsense2_camera_manager rosrpc://ubuntu:35303
[rosmaster.master][INFO] 2023-09-04 16:59:04,767: -SERVICE [/camera/realsense2_camera_manager/set_logger_level] /camera/realsense2_camera_manager rosrpc://ubuntu:35303
[rosmaster.master][INFO] 2023-09-04 16:59:04,768: -SERVICE [/camera/realsense2_camera_manager/load_nodelet] /camera/realsense2_camera_manager rosrpc://ubuntu:35303
[rosmaster.master][INFO] 2023-09-04 16:59:04,769: -SERVICE [/camera/realsense2_camera_manager/unload_nodelet] /camera/realsense2_camera_manager rosrpc://ubuntu:35303
[rosmaster.master][INFO] 2023-09-04 16:59:04,769: -SERVICE [/camera/realsense2_camera_manager/list] /camera/realsense2_camera_manager rosrpc://ubuntu:35303
[rosmaster.master][INFO] 2023-09-04 16:59:04,770: -SERVICE [/camera/enable] /camera/realsense2_camera_manager rosrpc://ubuntu:35303
[rosmaster.master][INFO] 2023-09-04 16:59:04,771: -SERVICE [/camera/realsense2_camera/reset] /camera/realsense2_camera_manager rosrpc://ubuntu:35303
[rosmaster.master][INFO] 2023-09-04 16:59:04,771: -SERVICE [/camera/stereo_module/set_parameters] /camera/realsense2_camera_manager rosrpc://ubuntu:35303
[rosmaster.master][INFO] 2023-09-04 16:59:04,772: -SERVICE [/camera/rgb_camera/set_parameters] /camera/realsense2_camera_manager rosrpc://ubuntu:35303
[rosmaster.master][INFO] 2023-09-04 16:59:04,772: -SERVICE [/camera/motion_module/set_parameters] /camera/realsense2_camera_manager rosrpc://ubuntu:35303
[rosmaster.master][INFO] 2023-09-04 16:59:04,773: -SERVICE [/camera/depth/image_rect_raw/compressedDepth/set_parameters] /camera/realsense2_camera_manager rosrpc://ubuntu:35303
[rosmaster.master][INFO] 2023-09-04 16:59:04,774: -SERVICE [/camera/depth/image_rect_raw/compressed/set_parameters] /camera/realsense2_camera_manager rosrpc://ubuntu:35303
[rosmaster.master][INFO] 2023-09-04 16:59:04,774: -SERVICE [/camera/depth/image_rect_raw/theora/set_parameters] /camera/realsense2_camera_manager rosrpc://ubuntu:35303
[rosmaster.master][INFO] 2023-09-04 16:59:04,775: -SERVICE [/camera/infra1/image_rect_raw/compressedDepth/set_parameters] /camera/realsense2_camera_manager rosrpc://ubuntu:35303
[rosmaster.master][INFO] 2023-09-04 16:59:04,775: -SERVICE [/camera/infra1/image_rect_raw/compressed/set_parameters] /camera/realsense2_camera_manager rosrpc://ubuntu:35303
[rosmaster.master][INFO] 2023-09-04 16:59:04,776: -SERVICE [/camera/infra1/image_rect_raw/theora/set_parameters] /camera/realsense2_camera_manager rosrpc://ubuntu:35303
[rosmaster.master][INFO] 2023-09-04 16:59:04,777: -SERVICE [/camera/infra2/image_rect_raw/compressedDepth/set_parameters] /camera/realsense2_camera_manager rosrpc://ubuntu:35303
[rosmaster.master][INFO] 2023-09-04 16:59:04,777: -SERVICE [/camera/infra2/image_rect_raw/compressed/set_parameters] /camera/realsense2_camera_manager rosrpc://ubuntu:35303
[rosmaster.master][INFO] 2023-09-04 16:59:04,778: -SERVICE [/camera/infra2/image_rect_raw/theora/set_parameters] /camera/realsense2_camera_manager rosrpc://ubuntu:35303
[rosmaster.master][INFO] 2023-09-04 16:59:04,778: -SERVICE [/camera/color/image_raw/compressedDepth/set_parameters] /camera/realsense2_camera_manager rosrpc://ubuntu:35303
[rosmaster.master][INFO] 2023-09-04 16:59:04,779: -SERVICE [/camera/color/image_raw/compressed/set_parameters] /camera/realsense2_camera_manager rosrpc://ubuntu:35303
[rosmaster.master][INFO] 2023-09-04 16:59:04,780: -SERVICE [/camera/color/image_raw/theora/set_parameters] /camera/realsense2_camera_manager rosrpc://ubuntu:35303
[rosmaster.master][INFO] 2023-09-04 16:59:04,787: -CACHEDPARAM [/camera/realsense2_camera_manager/diagnostic_period] by /camera/realsense2_camera_manager
[rosmaster.master][INFO] 2023-09-04 16:59:04,788: -CACHEDPARAM [/rosout_disable_topics_generation] by /camera/realsense2_camera_manager
[rosmaster.master][INFO] 2023-09-04 16:59:04,806: publisherUpdate[/camera/infra2/image_rect_raw] -> http://ubuntu:43433/ []
[rosmaster.master][INFO] 2023-09-04 16:59:04,808: publisherUpdate[/camera/infra2/image_rect_raw] -> http://ubuntu:43433/ []: sec=0.00, result=[1, '', 0]
[rosmaster.master][INFO] 2023-09-04 16:59:04,905: -PUB [/rosout] /camera/realsense2_camera http://ubuntu:40833/
[rosmaster.master][INFO] 2023-09-04 16:59:04,907: -PUB [/camera/realsense2_camera_manager/bond] /camera/realsense2_camera http://ubuntu:40833/
[rosmaster.master][INFO] 2023-09-04 16:59:04,908: -SUB [/camera/realsense2_camera_manager/bond] /camera/realsense2_camera http://ubuntu:40833/
[rosmaster.master][INFO] 2023-09-04 16:59:04,908: -SERVICE [/camera/realsense2_camera/get_loggers] /camera/realsense2_camera rosrpc://ubuntu:54665
[rosmaster.master][INFO] 2023-09-04 16:59:04,908: publisherUpdate[/rosout] -> http://ubuntu:36231/ ['http://ubuntu:40235/', 'http://ubuntu:43433/']
[rosmaster.master][INFO] 2023-09-04 16:59:04,910: publisherUpdate[/camera/realsense2_camera_manager/bond] -> http://ubuntu:40833/ []
[rosmaster.master][INFO] 2023-09-04 16:59:04,911: publisherUpdate[/rosout] -> http://ubuntu:36231/ ['http://ubuntu:40235/', 'http://ubuntu:43433/']: sec=0.00, result=[1, '', 0]
[rosmaster.master][INFO] 2023-09-04 16:59:04,912: -SERVICE [/camera/realsense2_camera/set_logger_level] /camera/realsense2_camera rosrpc://ubuntu:54665
[rosmaster.master][INFO] 2023-09-04 16:59:04,913: -CACHEDPARAM [/rosout_disable_topics_generation] by /camera/realsense2_camera
[rosmaster.master][INFO] 2023-09-04 16:59:04,916: publisherUpdate[/camera/realsense2_camera_manager/bond] -> http://ubuntu:40833/ []: sec=0.01, exception=[Errno 111] Connection refused
[rosmaster.threadpool][ERROR] 2023-09-04 16:59:04,917: Traceback (most recent call last):
  File "/opt/ros/noetic/lib/python3/dist-packages/rosmaster/threadpool.py", line 218, in run
    result = cmd(*args)
  File "/opt/ros/noetic/lib/python3/dist-packages/rosmaster/master_api.py", line 210, in publisher_update_task
    ret = xmlrpcapi(api).publisherUpdate('/master', topic, pub_uris)
  File "/usr/lib/python3.8/xmlrpc/client.py", line 1109, in __call__
    return self.__send(self.__name, args)
  File "/usr/lib/python3.8/xmlrpc/client.py", line 1450, in __request
    response = self.__transport.request(
  File "/usr/lib/python3.8/xmlrpc/client.py", line 1153, in request
    return self.single_request(host, handler, request_body, verbose)
  File "/usr/lib/python3.8/xmlrpc/client.py", line 1165, in single_request
    http_conn = self.send_request(host, handler, request_body, verbose)
  File "/usr/lib/python3.8/xmlrpc/client.py", line 1278, in send_request
    self.send_content(connection, request_body)
  File "/usr/lib/python3.8/xmlrpc/client.py", line 1308, in send_content
    connection.endheaders(request_body)
  File "/usr/lib/python3.8/http/client.py", line 1251, in endheaders
    self._send_output(message_body, encode_chunked=encode_chunked)
  File "/usr/lib/python3.8/http/client.py", line 1011, in _send_output
    self.send(msg)
  File "/usr/lib/python3.8/http/client.py", line 951, in send
    self.connect()
  File "/usr/lib/python3.8/http/client.py", line 922, in connect
    self.sock = self._create_connection(
  File "/usr/lib/python3.8/socket.py", line 808, in create_connection
    raise err
  File "/usr/lib/python3.8/socket.py", line 796, in create_connection
    sock.connect(sa)
ConnectionRefusedError: [Errno 111] Connection refused

[rosmaster.master][INFO] 2023-09-04 16:59:07,637: +PARAM [/roslaunch/uris/host_ubuntu__34377] by /roslaunch
[rosmaster.master][INFO] 2023-09-04 16:59:07,645: +PARAM [/rosversion] by /roslaunch
[rosmaster.master][INFO] 2023-09-04 16:59:07,645: +PARAM [/rosdistro] by /roslaunch
[rosmaster.master][INFO] 2023-09-04 16:59:07,645: +PARAM [/camera/realsense2_camera/serial_no] by /roslaunch
[rosmaster.master][INFO] 2023-09-04 16:59:07,646: +PARAM [/camera/realsense2_camera/usb_port_id] by /roslaunch
[rosmaster.master][INFO] 2023-09-04 16:59:07,646: +PARAM [/camera/realsense2_camera/device_type] by /roslaunch
[rosmaster.master][INFO] 2023-09-04 16:59:07,646: +PARAM [/camera/realsense2_camera/json_file_path] by /roslaunch
[rosmaster.master][INFO] 2023-09-04 16:59:07,646: +PARAM [/camera/realsense2_camera/rosbag_filename] by /roslaunch
[rosmaster.master][INFO] 2023-09-04 16:59:07,646: +PARAM [/camera/realsense2_camera/enable_pointcloud] by /roslaunch
[rosmaster.master][INFO] 2023-09-04 16:59:07,646: +PARAM [/camera/realsense2_camera/pointcloud_texture_stream] by /roslaunch
[rosmaster.master][INFO] 2023-09-04 16:59:07,646: +PARAM [/camera/realsense2_camera/pointcloud_texture_index] by /roslaunch
[rosmaster.master][INFO] 2023-09-04 16:59:07,646: +PARAM [/camera/realsense2_camera/allow_no_texture_points] by /roslaunch
[rosmaster.master][INFO] 2023-09-04 16:59:07,646: +PARAM [/camera/realsense2_camera/ordered_pc] by /roslaunch
[rosmaster.master][INFO] 2023-09-04 16:59:07,646: +PARAM [/camera/realsense2_camera/enable_sync] by /roslaunch
[rosmaster.master][INFO] 2023-09-04 16:59:07,647: +PARAM [/camera/realsense2_camera/align_depth] by /roslaunch
[rosmaster.master][INFO] 2023-09-04 16:59:07,647: +PARAM [/camera/realsense2_camera/fisheye_width] by /roslaunch
[rosmaster.master][INFO] 2023-09-04 16:59:07,647: +PARAM [/camera/realsense2_camera/fisheye_height] by /roslaunch
[rosmaster.master][INFO] 2023-09-04 16:59:07,647: +PARAM [/camera/realsense2_camera/enable_fisheye] by /roslaunch
[rosmaster.master][INFO] 2023-09-04 16:59:07,647: +PARAM [/camera/realsense2_camera/enable_fisheye1] by /roslaunch
[rosmaster.master][INFO] 2023-09-04 16:59:07,647: +PARAM [/camera/realsense2_camera/enable_fisheye2] by /roslaunch
[rosmaster.master][INFO] 2023-09-04 16:59:07,647: +PARAM [/camera/realsense2_camera/depth_width] by /roslaunch
[rosmaster.master][INFO] 2023-09-04 16:59:07,650: +PARAM [/camera/realsense2_camera/depth_height] by /roslaunch
[rosmaster.master][INFO] 2023-09-04 16:59:07,651: +PARAM [/camera/realsense2_camera/enable_depth] by /roslaunch
[rosmaster.master][INFO] 2023-09-04 16:59:07,651: +PARAM [/camera/realsense2_camera/confidence_width] by /roslaunch
[rosmaster.master][INFO] 2023-09-04 16:59:07,651: +PARAM [/camera/realsense2_camera/confidence_height] by /roslaunch
[rosmaster.master][INFO] 2023-09-04 16:59:07,651: +PARAM [/camera/realsense2_camera/enable_confidence] by /roslaunch
[rosmaster.master][INFO] 2023-09-04 16:59:07,651: +PARAM [/camera/realsense2_camera/confidence_fps] by /roslaunch
[rosmaster.master][INFO] 2023-09-04 16:59:07,651: +PARAM [/camera/realsense2_camera/color_width] by /roslaunch
[rosmaster.master][INFO] 2023-09-04 16:59:07,651: +PARAM [/camera/realsense2_camera/color_height] by /roslaunch
[rosmaster.master][INFO] 2023-09-04 16:59:07,651: +PARAM [/camera/realsense2_camera/enable_color] by /roslaunch
[rosmaster.master][INFO] 2023-09-04 16:59:07,651: +PARAM [/camera/realsense2_camera/infra_width] by /roslaunch
[rosmaster.master][INFO] 2023-09-04 16:59:07,652: +PARAM [/camera/realsense2_camera/infra_height] by /roslaunch
[rosmaster.master][INFO] 2023-09-04 16:59:07,652: +PARAM [/camera/realsense2_camera/enable_infra] by /roslaunch
[rosmaster.master][INFO] 2023-09-04 16:59:07,652: +PARAM [/camera/realsense2_camera/enable_infra1] by /roslaunch
[rosmaster.master][INFO] 2023-09-04 16:59:07,652: +PARAM [/camera/realsense2_camera/enable_infra2] by /roslaunch
[rosmaster.master][INFO] 2023-09-04 16:59:07,652: +PARAM [/camera/realsense2_camera/infra_rgb] by /roslaunch
[rosmaster.master][INFO] 2023-09-04 16:59:07,652: +PARAM [/camera/realsense2_camera/fisheye_fps] by /roslaunch
[rosmaster.master][INFO] 2023-09-04 16:59:07,652: +PARAM [/camera/realsense2_camera/depth_fps] by /roslaunch
[rosmaster.master][INFO] 2023-09-04 16:59:07,652: +PARAM [/camera/realsense2_camera/infra_fps] by /roslaunch
[rosmaster.master][INFO] 2023-09-04 16:59:07,652: +PARAM [/camera/realsense2_camera/color_fps] by /roslaunch
[rosmaster.master][INFO] 2023-09-04 16:59:07,652: +PARAM [/camera/realsense2_camera/gyro_fps] by /roslaunch
[rosmaster.master][INFO] 2023-09-04 16:59:07,653: +PARAM [/camera/realsense2_camera/accel_fps] by /roslaunch
[rosmaster.master][INFO] 2023-09-04 16:59:07,653: +PARAM [/camera/realsense2_camera/enable_gyro] by /roslaunch
[rosmaster.master][INFO] 2023-09-04 16:59:07,653: +PARAM [/camera/realsense2_camera/enable_accel] by /roslaunch
[rosmaster.master][INFO] 2023-09-04 16:59:07,653: +PARAM [/camera/realsense2_camera/enable_pose] by /roslaunch
[rosmaster.master][INFO] 2023-09-04 16:59:07,653: +PARAM [/camera/realsense2_camera/base_frame_id] by /roslaunch
[rosmaster.master][INFO] 2023-09-04 16:59:07,653: +PARAM [/camera/realsense2_camera/depth_frame_id] by /roslaunch
[rosmaster.master][INFO] 2023-09-04 16:59:07,653: +PARAM [/camera/realsense2_camera/infra1_frame_id] by /roslaunch
[rosmaster.master][INFO] 2023-09-04 16:59:07,653: +PARAM [/camera/realsense2_camera/infra2_frame_id] by /roslaunch
[rosmaster.master][INFO] 2023-09-04 16:59:07,653: +PARAM [/camera/realsense2_camera/color_frame_id] by /roslaunch
[rosmaster.master][INFO] 2023-09-04 16:59:07,653: +PARAM [/camera/realsense2_camera/fisheye_frame_id] by /roslaunch
[rosmaster.master][INFO] 2023-09-04 16:59:07,653: +PARAM [/camera/realsense2_camera/fisheye1_frame_id] by /roslaunch
[rosmaster.master][INFO] 2023-09-04 16:59:07,654: +PARAM [/camera/realsense2_camera/fisheye2_frame_id] by /roslaunch
[rosmaster.master][INFO] 2023-09-04 16:59:07,654: +PARAM [/camera/realsense2_camera/accel_frame_id] by /roslaunch
[rosmaster.master][INFO] 2023-09-04 16:59:07,654: +PARAM [/camera/realsense2_camera/gyro_frame_id] by /roslaunch
[rosmaster.master][INFO] 2023-09-04 16:59:07,654: +PARAM [/camera/realsense2_camera/pose_frame_id] by /roslaunch
[rosmaster.master][INFO] 2023-09-04 16:59:07,654: +PARAM [/camera/realsense2_camera/depth_optical_frame_id] by /roslaunch
[rosmaster.master][INFO] 2023-09-04 16:59:07,654: +PARAM [/camera/realsense2_camera/infra1_optical_frame_id] by /roslaunch
[rosmaster.master][INFO] 2023-09-04 16:59:07,654: +PARAM [/camera/realsense2_camera/infra2_optical_frame_id] by /roslaunch
[rosmaster.master][INFO] 2023-09-04 16:59:07,654: +PARAM [/camera/realsense2_camera/color_optical_frame_id] by /roslaunch
[rosmaster.master][INFO] 2023-09-04 16:59:07,654: +PARAM [/camera/realsense2_camera/fisheye_optical_frame_id] by /roslaunch
[rosmaster.master][INFO] 2023-09-04 16:59:07,654: +PARAM [/camera/realsense2_camera/fisheye1_optical_frame_id] by /roslaunch
[rosmaster.master][INFO] 2023-09-04 16:59:07,655: +PARAM [/camera/realsense2_camera/fisheye2_optical_frame_id] by /roslaunch
[rosmaster.master][INFO] 2023-09-04 16:59:07,655: +PARAM [/camera/realsense2_camera/accel_optical_frame_id] by /roslaunch
[rosmaster.master][INFO] 2023-09-04 16:59:07,655: +PARAM [/camera/realsense2_camera/gyro_optical_frame_id] by /roslaunch
[rosmaster.master][INFO] 2023-09-04 16:59:07,655: +PARAM [/camera/realsense2_camera/imu_optical_frame_id] by /roslaunch
[rosmaster.master][INFO] 2023-09-04 16:59:07,655: +PARAM [/camera/realsense2_camera/pose_optical_frame_id] by /roslaunch
[rosmaster.master][INFO] 2023-09-04 16:59:07,655: +PARAM [/camera/realsense2_camera/aligned_depth_to_color_frame_id] by /roslaunch
[rosmaster.master][INFO] 2023-09-04 16:59:07,655: +PARAM [/camera/realsense2_camera/aligned_depth_to_infra1_frame_id] by /roslaunch
[rosmaster.master][INFO] 2023-09-04 16:59:07,655: +PARAM [/camera/realsense2_camera/aligned_depth_to_infra2_frame_id] by /roslaunch
[rosmaster.master][INFO] 2023-09-04 16:59:07,655: +PARAM [/camera/realsense2_camera/aligned_depth_to_fisheye_frame_id] by /roslaunch
[rosmaster.master][INFO] 2023-09-04 16:59:07,655: +PARAM [/camera/realsense2_camera/aligned_depth_to_fisheye1_frame_id] by /roslaunch
[rosmaster.master][INFO] 2023-09-04 16:59:07,656: +PARAM [/camera/realsense2_camera/aligned_depth_to_fisheye2_frame_id] by /roslaunch
[rosmaster.master][INFO] 2023-09-04 16:59:07,656: +PARAM [/camera/realsense2_camera/publish_tf] by /roslaunch
[rosmaster.master][INFO] 2023-09-04 16:59:07,656: +PARAM [/camera/realsense2_camera/tf_publish_rate] by /roslaunch
[rosmaster.master][INFO] 2023-09-04 16:59:07,656: +PARAM [/camera/realsense2_camera/odom_frame_id] by /roslaunch
[rosmaster.master][INFO] 2023-09-04 16:59:07,656: +PARAM [/camera/realsense2_camera/topic_odom_in] by /roslaunch
[rosmaster.master][INFO] 2023-09-04 16:59:07,656: +PARAM [/camera/realsense2_camera/calib_odom_file] by /roslaunch
[rosmaster.master][INFO] 2023-09-04 16:59:07,656: +PARAM [/camera/realsense2_camera/publish_odom_tf] by /roslaunch
[rosmaster.master][INFO] 2023-09-04 16:59:07,656: +PARAM [/camera/realsense2_camera/stereo_module/exposure/1] by /roslaunch
[rosmaster.master][INFO] 2023-09-04 16:59:07,656: +PARAM [/camera/realsense2_camera/stereo_module/gain/1] by /roslaunch
[rosmaster.master][INFO] 2023-09-04 16:59:07,656: +PARAM [/camera/realsense2_camera/stereo_module/exposure/2] by /roslaunch
[rosmaster.master][INFO] 2023-09-04 16:59:07,656: +PARAM [/camera/realsense2_camera/stereo_module/gain/2] by /roslaunch
[rosmaster.master][INFO] 2023-09-04 16:59:07,657: +PARAM [/camera/realsense2_camera/filters] by /roslaunch
[rosmaster.master][INFO] 2023-09-04 16:59:07,657: +PARAM [/camera/realsense2_camera/clip_distance] by /roslaunch
[rosmaster.master][INFO] 2023-09-04 16:59:07,657: +PARAM [/camera/realsense2_camera/linear_accel_cov] by /roslaunch
[rosmaster.master][INFO] 2023-09-04 16:59:07,657: +PARAM [/camera/realsense2_camera/initial_reset] by /roslaunch
[rosmaster.master][INFO] 2023-09-04 16:59:07,657: +PARAM [/camera/realsense2_camera/reconnect_timeout] by /roslaunch
[rosmaster.master][INFO] 2023-09-04 16:59:07,657: +PARAM [/camera/realsense2_camera/wait_for_device_timeout] by /roslaunch
[rosmaster.master][INFO] 2023-09-04 16:59:07,657: +PARAM [/camera/realsense2_camera/unite_imu_method] by /roslaunch
[rosmaster.master][INFO] 2023-09-04 16:59:07,749: +PUB [/rosout] /camera/realsense2_camera http://ubuntu:38813/
[rosmaster.master][INFO] 2023-09-04 16:59:07,750: +SERVICE [/camera/realsense2_camera/get_loggers] /camera/realsense2_camera http://ubuntu:38813/
[rosmaster.master][INFO] 2023-09-04 16:59:07,751: +SERVICE [/camera/realsense2_camera/set_logger_level] /camera/realsense2_camera http://ubuntu:38813/
[rosmaster.master][INFO] 2023-09-04 16:59:07,752: +CACHEDPARAM [/rosout_disable_topics_generation] by /camera/realsense2_camera
[rosmaster.master][INFO] 2023-09-04 16:59:07,756: +PARAM [/camera/realsense2_camera] by /camera/realsense2_camera
[rosmaster.master][INFO] 2023-09-04 16:59:07,760: +PUB [/rosout] /camera/realsense2_camera_manager http://ubuntu:40647/
[rosmaster.master][INFO] 2023-09-04 16:59:07,761: +SERVICE [/camera/realsense2_camera_manager/get_loggers] /camera/realsense2_camera_manager http://ubuntu:40647/
[rosmaster.master][INFO] 2023-09-04 16:59:07,761: +SERVICE [/camera/realsense2_camera_manager/set_logger_level] /camera/realsense2_camera_manager http://ubuntu:40647/
[rosmaster.master][INFO] 2023-09-04 16:59:07,763: +CACHEDPARAM [/rosout_disable_topics_generation] by /camera/realsense2_camera_manager
[rosmaster.master][INFO] 2023-09-04 16:59:07,764: +SERVICE [/camera/realsense2_camera_manager/load_nodelet] /camera/realsense2_camera_manager http://ubuntu:40647/
[rosmaster.master][INFO] 2023-09-04 16:59:07,765: +SERVICE [/camera/realsense2_camera_manager/unload_nodelet] /camera/realsense2_camera_manager http://ubuntu:40647/
[rosmaster.master][INFO] 2023-09-04 16:59:07,766: +SERVICE [/camera/realsense2_camera_manager/list] /camera/realsense2_camera_manager http://ubuntu:40647/
[rosmaster.master][INFO] 2023-09-04 16:59:07,816: publisherUpdate[/rosout] -> http://ubuntu:36231/ ['http://ubuntu:40235/', 'http://ubuntu:43433/', 'http://ubuntu:38813/']
[rosmaster.master][INFO] 2023-09-04 16:59:07,818: publisherUpdate[/rosout] -> http://ubuntu:36231/ ['http://ubuntu:40235/', 'http://ubuntu:43433/', 'http://ubuntu:38813/']: sec=0.00, result=[1, '', 0]
[rosmaster.master][INFO] 2023-09-04 16:59:07,818: publisherUpdate[/rosout] -> http://ubuntu:36231/ ['http://ubuntu:40235/', 'http://ubuntu:43433/', 'http://ubuntu:38813/', 'http://ubuntu:40647/']
[rosmaster.master][INFO] 2023-09-04 16:59:07,819: publisherUpdate[/rosout] -> http://ubuntu:36231/ ['http://ubuntu:40235/', 'http://ubuntu:43433/', 'http://ubuntu:38813/', 'http://ubuntu:40647/']: sec=0.00, result=[1, '', 0]
[rosmaster.master][INFO] 2023-09-04 16:59:07,952: +PUB [/camera/realsense2_camera_manager/bond] /camera/realsense2_camera_manager http://ubuntu:40647/
[rosmaster.master][INFO] 2023-09-04 16:59:07,955: +SUB [/camera/realsense2_camera_manager/bond] /camera/realsense2_camera_manager http://ubuntu:40647/
[rosmaster.master][INFO] 2023-09-04 16:59:07,972: +SERVICE [/camera/enable] /camera/realsense2_camera_manager http://ubuntu:40647/
[rosmaster.master][INFO] 2023-09-04 16:59:07,975: +SERVICE [/camera/realsense2_camera/reset] /camera/realsense2_camera_manager http://ubuntu:40647/
[rosmaster.master][INFO] 2023-09-04 16:59:08,021: +PUB [/camera/realsense2_camera_manager/bond] /camera/realsense2_camera http://ubuntu:38813/
[rosmaster.master][INFO] 2023-09-04 16:59:08,022: publisherUpdate[/camera/realsense2_camera_manager/bond] -> http://ubuntu:40647/ ['http://ubuntu:40647/', 'http://ubuntu:38813/']
[rosmaster.master][INFO] 2023-09-04 16:59:08,023: publisherUpdate[/camera/realsense2_camera_manager/bond] -> http://ubuntu:40647/ ['http://ubuntu:40647/', 'http://ubuntu:38813/']: sec=0.00, result=[1, '', 0]
[rosmaster.master][INFO] 2023-09-04 16:59:08,027: +SUB [/camera/realsense2_camera_manager/bond] /camera/realsense2_camera http://ubuntu:38813/
[rosmaster.master][INFO] 2023-09-04 16:59:08,358: +PUB [/tf_static] /camera/realsense2_camera_manager http://ubuntu:40647/
[rosmaster.master][INFO] 2023-09-04 16:59:08,359: +PUB [/tf] /camera/realsense2_camera_manager http://ubuntu:40647/
[rosmaster.master][INFO] 2023-09-04 16:59:08,423: publisherUpdate[/tf_static] -> http://ubuntu:40235/ ['http://ubuntu:40647/']
[rosmaster.master][INFO] 2023-09-04 16:59:08,424: publisherUpdate[/tf_static] -> http://ubuntu:40235/ ['http://ubuntu:40647/']: sec=0.00, result=[1, '', 0]
[rosmaster.master][INFO] 2023-09-04 16:59:08,425: publisherUpdate[/tf] -> http://ubuntu:40235/ ['http://ubuntu:43433/', 'http://ubuntu:40647/']
[rosmaster.master][INFO] 2023-09-04 16:59:08,426: publisherUpdate[/tf] -> http://ubuntu:40235/ ['http://ubuntu:43433/', 'http://ubuntu:40647/']: sec=0.00, result=[1, '', 0]
[rosmaster.master][INFO] 2023-09-04 16:59:12,659: +PUB [/camera/stereo_module/parameter_descriptions] /camera/realsense2_camera_manager http://ubuntu:40647/
[rosmaster.master][INFO] 2023-09-04 16:59:12,664: +PUB [/camera/stereo_module/parameter_updates] /camera/realsense2_camera_manager http://ubuntu:40647/
[rosmaster.master][INFO] 2023-09-04 16:59:12,673: +SERVICE [/camera/stereo_module/set_parameters] /camera/realsense2_camera_manager http://ubuntu:40647/
[rosmaster.master][INFO] 2023-09-04 16:59:14,311: +PUB [/camera/rgb_camera/parameter_descriptions] /camera/realsense2_camera_manager http://ubuntu:40647/
[rosmaster.master][INFO] 2023-09-04 16:59:14,312: +PUB [/camera/rgb_camera/parameter_updates] /camera/realsense2_camera_manager http://ubuntu:40647/
[rosmaster.master][INFO] 2023-09-04 16:59:14,315: +SERVICE [/camera/rgb_camera/set_parameters] /camera/realsense2_camera_manager http://ubuntu:40647/
[rosmaster.master][INFO] 2023-09-04 16:59:14,321: +PUB [/camera/motion_module/parameter_descriptions] /camera/realsense2_camera_manager http://ubuntu:40647/
[rosmaster.master][INFO] 2023-09-04 16:59:14,329: +PUB [/camera/motion_module/parameter_updates] /camera/realsense2_camera_manager http://ubuntu:40647/
[rosmaster.master][INFO] 2023-09-04 16:59:14,331: +SERVICE [/camera/motion_module/set_parameters] /camera/realsense2_camera_manager http://ubuntu:40647/
[rosmaster.master][INFO] 2023-09-04 16:59:14,341: +PUB [/diagnostics] /camera/realsense2_camera_manager http://ubuntu:40647/
[rosmaster.master][INFO] 2023-09-04 16:59:14,343: +CACHEDPARAM [/camera/realsense2_camera_manager/diagnostic_period] by /camera/realsense2_camera_manager
[rosmaster.master][INFO] 2023-09-04 16:59:14,353: +PUB [/camera/depth/image_rect_raw/compressedDepth] /camera/realsense2_camera_manager http://ubuntu:40647/
[rosmaster.master][INFO] 2023-09-04 16:59:14,356: +SERVICE [/camera/depth/image_rect_raw/compressedDepth/set_parameters] /camera/realsense2_camera_manager http://ubuntu:40647/
[rosmaster.master][INFO] 2023-09-04 16:59:14,357: +PUB [/camera/depth/image_rect_raw/compressedDepth/parameter_descriptions] /camera/realsense2_camera_manager http://ubuntu:40647/
[rosmaster.master][INFO] 2023-09-04 16:59:14,359: +PUB [/camera/depth/image_rect_raw/compressedDepth/parameter_updates] /camera/realsense2_camera_manager http://ubuntu:40647/
[rosmaster.master][INFO] 2023-09-04 16:59:14,372: +PARAM [/camera/depth/image_rect_raw/compressedDepth/format] by /camera/realsense2_camera_manager
[rosmaster.master][INFO] 2023-09-04 16:59:14,373: +PARAM [/camera/depth/image_rect_raw/compressedDepth/depth_max] by /camera/realsense2_camera_manager
[rosmaster.master][INFO] 2023-09-04 16:59:14,375: +PARAM [/camera/depth/image_rect_raw/compressedDepth/depth_quantization] by /camera/realsense2_camera_manager
[rosmaster.master][INFO] 2023-09-04 16:59:14,375: +PARAM [/camera/depth/image_rect_raw/compressedDepth/png_level] by /camera/realsense2_camera_manager
[rosmaster.master][INFO] 2023-09-04 16:59:14,376: +PARAM [/camera/depth/image_rect_raw/compressedDepth/format] by /camera/realsense2_camera_manager
[rosmaster.master][INFO] 2023-09-04 16:59:14,377: +PARAM [/camera/depth/image_rect_raw/compressedDepth/depth_max] by /camera/realsense2_camera_manager
[rosmaster.master][INFO] 2023-09-04 16:59:14,378: +PARAM [/camera/depth/image_rect_raw/compressedDepth/depth_quantization] by /camera/realsense2_camera_manager
[rosmaster.master][INFO] 2023-09-04 16:59:14,378: +PARAM [/camera/depth/image_rect_raw/compressedDepth/png_level] by /camera/realsense2_camera_manager
[rosmaster.master][INFO] 2023-09-04 16:59:14,388: +PUB [/camera/depth/image_rect_raw/compressed] /camera/realsense2_camera_manager http://ubuntu:40647/
[rosmaster.master][INFO] 2023-09-04 16:59:14,390: +SERVICE [/camera/depth/image_rect_raw/compressed/set_parameters] /camera/realsense2_camera_manager http://ubuntu:40647/
[rosmaster.master][INFO] 2023-09-04 16:59:14,392: +PUB [/camera/depth/image_rect_raw/compressed/parameter_descriptions] /camera/realsense2_camera_manager http://ubuntu:40647/
[rosmaster.master][INFO] 2023-09-04 16:59:14,393: +PUB [/camera/depth/image_rect_raw/compressed/parameter_updates] /camera/realsense2_camera_manager http://ubuntu:40647/
[rosmaster.master][INFO] 2023-09-04 16:59:14,399: +PARAM [/camera/depth/image_rect_raw/compressed/format] by /camera/realsense2_camera_manager
[rosmaster.master][INFO] 2023-09-04 16:59:14,399: +PARAM [/camera/depth/image_rect_raw/compressed/jpeg_quality] by /camera/realsense2_camera_manager
[rosmaster.master][INFO] 2023-09-04 16:59:14,400: +PARAM [/camera/depth/image_rect_raw/compressed/jpeg_progressive] by /camera/realsense2_camera_manager
[rosmaster.master][INFO] 2023-09-04 16:59:14,401: +PARAM [/camera/depth/image_rect_raw/compressed/jpeg_optimize] by /camera/realsense2_camera_manager
[rosmaster.master][INFO] 2023-09-04 16:59:14,401: +PARAM [/camera/depth/image_rect_raw/compressed/jpeg_restart_interval] by /camera/realsense2_camera_manager
[rosmaster.master][INFO] 2023-09-04 16:59:14,402: +PARAM [/camera/depth/image_rect_raw/compressed/png_level] by /camera/realsense2_camera_manager
[rosmaster.master][INFO] 2023-09-04 16:59:14,403: +PARAM [/camera/depth/image_rect_raw/compressed/format] by /camera/realsense2_camera_manager
[rosmaster.master][INFO] 2023-09-04 16:59:14,404: +PARAM [/camera/depth/image_rect_raw/compressed/jpeg_quality] by /camera/realsense2_camera_manager
[rosmaster.master][INFO] 2023-09-04 16:59:14,405: +PARAM [/camera/depth/image_rect_raw/compressed/jpeg_progressive] by /camera/realsense2_camera_manager
[rosmaster.master][INFO] 2023-09-04 16:59:14,405: +PARAM [/camera/depth/image_rect_raw/compressed/jpeg_optimize] by /camera/realsense2_camera_manager
[rosmaster.master][INFO] 2023-09-04 16:59:14,406: +PARAM [/camera/depth/image_rect_raw/compressed/jpeg_restart_interval] by /camera/realsense2_camera_manager
[rosmaster.master][INFO] 2023-09-04 16:59:14,407: +PARAM [/camera/depth/image_rect_raw/compressed/png_level] by /camera/realsense2_camera_manager
[rosmaster.master][INFO] 2023-09-04 16:59:14,410: +PUB [/camera/depth/image_rect_raw] /camera/realsense2_camera_manager http://ubuntu:40647/
[rosmaster.master][INFO] 2023-09-04 16:59:14,423: +PUB [/camera/depth/image_rect_raw/theora] /camera/realsense2_camera_manager http://ubuntu:40647/
[rosmaster.master][INFO] 2023-09-04 16:59:14,424: +SERVICE [/camera/depth/image_rect_raw/theora/set_parameters] /camera/realsense2_camera_manager http://ubuntu:40647/
[rosmaster.master][INFO] 2023-09-04 16:59:14,426: +PUB [/camera/depth/image_rect_raw/theora/parameter_descriptions] /camera/realsense2_camera_manager http://ubuntu:40647/
[rosmaster.master][INFO] 2023-09-04 16:59:14,427: +PUB [/camera/depth/image_rect_raw/theora/parameter_updates] /camera/realsense2_camera_manager http://ubuntu:40647/
[rosmaster.master][INFO] 2023-09-04 16:59:14,429: +PARAM [/camera/depth/image_rect_raw/theora/optimize_for] by /camera/realsense2_camera_manager
[rosmaster.master][INFO] 2023-09-04 16:59:14,431: +PARAM [/camera/depth/image_rect_raw/theora/target_bitrate] by /camera/realsense2_camera_manager
[rosmaster.master][INFO] 2023-09-04 16:59:14,431: +PARAM [/camera/depth/image_rect_raw/theora/quality] by /camera/realsense2_camera_manager
[rosmaster.master][INFO] 2023-09-04 16:59:14,432: +PARAM [/camera/depth/image_rect_raw/theora/keyframe_frequency] by /camera/realsense2_camera_manager
[rosmaster.master][INFO] 2023-09-04 16:59:14,432: +PARAM [/camera/depth/image_rect_raw/theora/optimize_for] by /camera/realsense2_camera_manager
[rosmaster.master][INFO] 2023-09-04 16:59:14,433: +PARAM [/camera/depth/image_rect_raw/theora/target_bitrate] by /camera/realsense2_camera_manager
[rosmaster.master][INFO] 2023-09-04 16:59:14,434: +PARAM [/camera/depth/image_rect_raw/theora/quality] by /camera/realsense2_camera_manager
[rosmaster.master][INFO] 2023-09-04 16:59:14,435: +PARAM [/camera/depth/image_rect_raw/theora/keyframe_frequency] by /camera/realsense2_camera_manager
[rosmaster.master][INFO] 2023-09-04 16:59:14,438: +PUB [/camera/depth/camera_info] /camera/realsense2_camera_manager http://ubuntu:40647/
[rosmaster.master][INFO] 2023-09-04 16:59:14,440: +PUB [/camera/depth/metadata] /camera/realsense2_camera_manager http://ubuntu:40647/
[rosmaster.master][INFO] 2023-09-04 16:59:14,442: +PUB [/camera/infra1/image_rect_raw/compressedDepth] /camera/realsense2_camera_manager http://ubuntu:40647/
[rosmaster.master][INFO] 2023-09-04 16:59:14,443: +SERVICE [/camera/infra1/image_rect_raw/compressedDepth/set_parameters] /camera/realsense2_camera_manager http://ubuntu:40647/
[rosmaster.master][INFO] 2023-09-04 16:59:14,445: +PUB [/camera/infra1/image_rect_raw/compressedDepth/parameter_descriptions] /camera/realsense2_camera_manager http://ubuntu:40647/
[rosmaster.master][INFO] 2023-09-04 16:59:14,445: +PUB [/camera/infra1/image_rect_raw/compressedDepth/parameter_updates] /camera/realsense2_camera_manager http://ubuntu:40647/
[rosmaster.master][INFO] 2023-09-04 16:59:14,448: +PARAM [/camera/infra1/image_rect_raw/compressedDepth/format] by /camera/realsense2_camera_manager
[rosmaster.master][INFO] 2023-09-04 16:59:14,449: +PARAM [/camera/infra1/image_rect_raw/compressedDepth/depth_max] by /camera/realsense2_camera_manager
[rosmaster.master][INFO] 2023-09-04 16:59:14,450: +PARAM [/camera/infra1/image_rect_raw/compressedDepth/depth_quantization] by /camera/realsense2_camera_manager
[rosmaster.master][INFO] 2023-09-04 16:59:14,453: +PARAM [/camera/infra1/image_rect_raw/compressedDepth/png_level] by /camera/realsense2_camera_manager
[rosmaster.master][INFO] 2023-09-04 16:59:14,454: +PARAM [/camera/infra1/image_rect_raw/compressedDepth/format] by /camera/realsense2_camera_manager
[rosmaster.master][INFO] 2023-09-04 16:59:14,455: +PARAM [/camera/infra1/image_rect_raw/compressedDepth/depth_max] by /camera/realsense2_camera_manager
[rosmaster.master][INFO] 2023-09-04 16:59:14,456: +PARAM [/camera/infra1/image_rect_raw/compressedDepth/depth_quantization] by /camera/realsense2_camera_manager
[rosmaster.master][INFO] 2023-09-04 16:59:14,457: +PARAM [/camera/infra1/image_rect_raw/compressedDepth/png_level] by /camera/realsense2_camera_manager
[rosmaster.master][INFO] 2023-09-04 16:59:14,458: +PUB [/camera/infra1/image_rect_raw/compressed] /camera/realsense2_camera_manager http://ubuntu:40647/
[rosmaster.master][INFO] 2023-09-04 16:59:14,459: +SERVICE [/camera/infra1/image_rect_raw/compressed/set_parameters] /camera/realsense2_camera_manager http://ubuntu:40647/
[rosmaster.master][INFO] 2023-09-04 16:59:14,460: +PUB [/camera/infra1/image_rect_raw/compressed/parameter_descriptions] /camera/realsense2_camera_manager http://ubuntu:40647/
[rosmaster.master][INFO] 2023-09-04 16:59:14,461: +PUB [/camera/infra1/image_rect_raw/compressed/parameter_updates] /camera/realsense2_camera_manager http://ubuntu:40647/
[rosmaster.master][INFO] 2023-09-04 16:59:14,466: +PARAM [/camera/infra1/image_rect_raw/compressed/format] by /camera/realsense2_camera_manager
[rosmaster.master][INFO] 2023-09-04 16:59:14,467: +PARAM [/camera/infra1/image_rect_raw/compressed/jpeg_quality] by /camera/realsense2_camera_manager
[rosmaster.master][INFO] 2023-09-04 16:59:14,468: +PARAM [/camera/infra1/image_rect_raw/compressed/jpeg_progressive] by /camera/realsense2_camera_manager
[rosmaster.master][INFO] 2023-09-04 16:59:14,469: +PARAM [/camera/infra1/image_rect_raw/compressed/jpeg_optimize] by /camera/realsense2_camera_manager
[rosmaster.master][INFO] 2023-09-04 16:59:14,470: +PARAM [/camera/infra1/image_rect_raw/compressed/jpeg_restart_interval] by /camera/realsense2_camera_manager
[rosmaster.master][INFO] 2023-09-04 16:59:14,470: +PARAM [/camera/infra1/image_rect_raw/compressed/png_level] by /camera/realsense2_camera_manager
[rosmaster.master][INFO] 2023-09-04 16:59:14,472: +PARAM [/camera/infra1/image_rect_raw/compressed/format] by /camera/realsense2_camera_manager
[rosmaster.master][INFO] 2023-09-04 16:59:14,473: +PARAM [/camera/infra1/image_rect_raw/compressed/jpeg_quality] by /camera/realsense2_camera_manager
[rosmaster.master][INFO] 2023-09-04 16:59:14,474: +PARAM [/camera/infra1/image_rect_raw/compressed/jpeg_progressive] by /camera/realsense2_camera_manager
[rosmaster.master][INFO] 2023-09-04 16:59:14,475: +PARAM [/camera/infra1/image_rect_raw/compressed/jpeg_optimize] by /camera/realsense2_camera_manager
[rosmaster.master][INFO] 2023-09-04 16:59:14,475: +PARAM [/camera/infra1/image_rect_raw/compressed/jpeg_restart_interval] by /camera/realsense2_camera_manager
[rosmaster.master][INFO] 2023-09-04 16:59:14,476: +PARAM [/camera/infra1/image_rect_raw/compressed/png_level] by /camera/realsense2_camera_manager
[rosmaster.master][INFO] 2023-09-04 16:59:14,477: +PUB [/camera/infra1/image_rect_raw] /camera/realsense2_camera_manager http://ubuntu:40647/
[rosmaster.master][INFO] 2023-09-04 16:59:14,477: +PUB [/camera/infra1/image_rect_raw/theora] /camera/realsense2_camera_manager http://ubuntu:40647/
[rosmaster.master][INFO] 2023-09-04 16:59:14,478: +SERVICE [/camera/infra1/image_rect_raw/theora/set_parameters] /camera/realsense2_camera_manager http://ubuntu:40647/
[rosmaster.master][INFO] 2023-09-04 16:59:14,478: +PUB [/camera/infra1/image_rect_raw/theora/parameter_descriptions] /camera/realsense2_camera_manager http://ubuntu:40647/
[rosmaster.master][INFO] 2023-09-04 16:59:14,479: +PUB [/camera/infra1/image_rect_raw/theora/parameter_updates] /camera/realsense2_camera_manager http://ubuntu:40647/
[rosmaster.master][INFO] 2023-09-04 16:59:14,487: +PARAM [/camera/infra1/image_rect_raw/theora/optimize_for] by /camera/realsense2_camera_manager
[rosmaster.master][INFO] 2023-09-04 16:59:14,488: +PARAM [/camera/infra1/image_rect_raw/theora/target_bitrate] by /camera/realsense2_camera_manager
[rosmaster.master][INFO] 2023-09-04 16:59:14,488: +PARAM [/camera/infra1/image_rect_raw/theora/quality] by /camera/realsense2_camera_manager
[rosmaster.master][INFO] 2023-09-04 16:59:14,489: +PARAM [/camera/infra1/image_rect_raw/theora/keyframe_frequency] by /camera/realsense2_camera_manager
[rosmaster.master][INFO] 2023-09-04 16:59:14,490: +PARAM [/camera/infra1/image_rect_raw/theora/optimize_for] by /camera/realsense2_camera_manager
[rosmaster.master][INFO] 2023-09-04 16:59:14,491: +PARAM [/camera/infra1/image_rect_raw/theora/target_bitrate] by /camera/realsense2_camera_manager
[rosmaster.master][INFO] 2023-09-04 16:59:14,492: +PARAM [/camera/infra1/image_rect_raw/theora/quality] by /camera/realsense2_camera_manager
[rosmaster.master][INFO] 2023-09-04 16:59:14,492: +PARAM [/camera/infra1/image_rect_raw/theora/keyframe_frequency] by /camera/realsense2_camera_manager
[rosmaster.master][INFO] 2023-09-04 16:59:14,493: +PUB [/camera/infra1/camera_info] /camera/realsense2_camera_manager http://ubuntu:40647/
[rosmaster.master][INFO] 2023-09-04 16:59:14,493: +PUB [/camera/infra1/metadata] /camera/realsense2_camera_manager http://ubuntu:40647/
[rosmaster.master][INFO] 2023-09-04 16:59:14,495: +PUB [/camera/infra2/image_rect_raw/compressedDepth] /camera/realsense2_camera_manager http://ubuntu:40647/
[rosmaster.master][INFO] 2023-09-04 16:59:14,496: +SERVICE [/camera/infra2/image_rect_raw/compressedDepth/set_parameters] /camera/realsense2_camera_manager http://ubuntu:40647/
[rosmaster.master][INFO] 2023-09-04 16:59:14,502: +PUB [/camera/infra2/image_rect_raw/compressedDepth/parameter_descriptions] /camera/realsense2_camera_manager http://ubuntu:40647/
[rosmaster.master][INFO] 2023-09-04 16:59:14,504: +PUB [/camera/infra2/image_rect_raw/compressedDepth/parameter_updates] /camera/realsense2_camera_manager http://ubuntu:40647/
[rosmaster.master][INFO] 2023-09-04 16:59:14,507: +PARAM [/camera/infra2/image_rect_raw/compressedDepth/format] by /camera/realsense2_camera_manager
[rosmaster.master][INFO] 2023-09-04 16:59:14,508: +PARAM [/camera/infra2/image_rect_raw/compressedDepth/depth_max] by /camera/realsense2_camera_manager
[rosmaster.master][INFO] 2023-09-04 16:59:14,508: +PARAM [/camera/infra2/image_rect_raw/compressedDepth/depth_quantization] by /camera/realsense2_camera_manager
[rosmaster.master][INFO] 2023-09-04 16:59:14,509: +PARAM [/camera/infra2/image_rect_raw/compressedDepth/png_level] by /camera/realsense2_camera_manager
[rosmaster.master][INFO] 2023-09-04 16:59:14,509: +PARAM [/camera/infra2/image_rect_raw/compressedDepth/format] by /camera/realsense2_camera_manager
[rosmaster.master][INFO] 2023-09-04 16:59:14,510: +PARAM [/camera/infra2/image_rect_raw/compressedDepth/depth_max] by /camera/realsense2_camera_manager
[rosmaster.master][INFO] 2023-09-04 16:59:14,510: +PARAM [/camera/infra2/image_rect_raw/compressedDepth/depth_quantization] by /camera/realsense2_camera_manager
[rosmaster.master][INFO] 2023-09-04 16:59:14,511: +PARAM [/camera/infra2/image_rect_raw/compressedDepth/png_level] by /camera/realsense2_camera_manager
[rosmaster.master][INFO] 2023-09-04 16:59:14,512: +PUB [/camera/infra2/image_rect_raw/compressed] /camera/realsense2_camera_manager http://ubuntu:40647/
[rosmaster.master][INFO] 2023-09-04 16:59:14,512: +SERVICE [/camera/infra2/image_rect_raw/compressed/set_parameters] /camera/realsense2_camera_manager http://ubuntu:40647/
[rosmaster.master][INFO] 2023-09-04 16:59:14,513: +PUB [/camera/infra2/image_rect_raw/compressed/parameter_descriptions] /camera/realsense2_camera_manager http://ubuntu:40647/
[rosmaster.master][INFO] 2023-09-04 16:59:14,514: +PUB [/camera/infra2/image_rect_raw/compressed/parameter_updates] /camera/realsense2_camera_manager http://ubuntu:40647/
[rosmaster.master][INFO] 2023-09-04 16:59:14,518: +PARAM [/camera/infra2/image_rect_raw/compressed/format] by /camera/realsense2_camera_manager
[rosmaster.master][INFO] 2023-09-04 16:59:14,519: +PARAM [/camera/infra2/image_rect_raw/compressed/jpeg_quality] by /camera/realsense2_camera_manager
[rosmaster.master][INFO] 2023-09-04 16:59:14,519: +PARAM [/camera/infra2/image_rect_raw/compressed/jpeg_progressive] by /camera/realsense2_camera_manager
[rosmaster.master][INFO] 2023-09-04 16:59:14,521: +PARAM [/camera/infra2/image_rect_raw/compressed/jpeg_optimize] by /camera/realsense2_camera_manager
[rosmaster.master][INFO] 2023-09-04 16:59:14,521: +PARAM [/camera/infra2/image_rect_raw/compressed/jpeg_restart_interval] by /camera/realsense2_camera_manager
[rosmaster.master][INFO] 2023-09-04 16:59:14,522: +PARAM [/camera/infra2/image_rect_raw/compressed/png_level] by /camera/realsense2_camera_manager
[rosmaster.master][INFO] 2023-09-04 16:59:14,523: +PARAM [/camera/infra2/image_rect_raw/compressed/format] by /camera/realsense2_camera_manager
[rosmaster.master][INFO] 2023-09-04 16:59:14,523: +PARAM [/camera/infra2/image_rect_raw/compressed/jpeg_quality] by /camera/realsense2_camera_manager
[rosmaster.master][INFO] 2023-09-04 16:59:14,524: +PARAM [/camera/infra2/image_rect_raw/compressed/jpeg_progressive] by /camera/realsense2_camera_manager
[rosmaster.master][INFO] 2023-09-04 16:59:14,524: +PARAM [/camera/infra2/image_rect_raw/compressed/jpeg_optimize] by /camera/realsense2_camera_manager
[rosmaster.master][INFO] 2023-09-04 16:59:14,525: +PARAM [/camera/infra2/image_rect_raw/compressed/jpeg_restart_interval] by /camera/realsense2_camera_manager
[rosmaster.master][INFO] 2023-09-04 16:59:14,525: +PARAM [/camera/infra2/image_rect_raw/compressed/png_level] by /camera/realsense2_camera_manager
[rosmaster.master][INFO] 2023-09-04 16:59:14,526: +PUB [/camera/infra2/image_rect_raw] /camera/realsense2_camera_manager http://ubuntu:40647/
[rosmaster.master][INFO] 2023-09-04 16:59:14,527: +PUB [/camera/infra2/image_rect_raw/theora] /camera/realsense2_camera_manager http://ubuntu:40647/
[rosmaster.master][INFO] 2023-09-04 16:59:14,527: +SERVICE [/camera/infra2/image_rect_raw/theora/set_parameters] /camera/realsense2_camera_manager http://ubuntu:40647/
[rosmaster.master][INFO] 2023-09-04 16:59:14,528: +PUB [/camera/infra2/image_rect_raw/theora/parameter_descriptions] /camera/realsense2_camera_manager http://ubuntu:40647/
[rosmaster.master][INFO] 2023-09-04 16:59:14,529: +PUB [/camera/infra2/image_rect_raw/theora/parameter_updates] /camera/realsense2_camera_manager http://ubuntu:40647/
[rosmaster.master][INFO] 2023-09-04 16:59:14,531: +PARAM [/camera/infra2/image_rect_raw/theora/optimize_for] by /camera/realsense2_camera_manager
[rosmaster.master][INFO] 2023-09-04 16:59:14,532: +PARAM [/camera/infra2/image_rect_raw/theora/target_bitrate] by /camera/realsense2_camera_manager
[rosmaster.master][INFO] 2023-09-04 16:59:14,532: +PARAM [/camera/infra2/image_rect_raw/theora/quality] by /camera/realsense2_camera_manager
[rosmaster.master][INFO] 2023-09-04 16:59:14,533: +PARAM [/camera/infra2/image_rect_raw/theora/keyframe_frequency] by /camera/realsense2_camera_manager
[rosmaster.master][INFO] 2023-09-04 16:59:14,534: +PARAM [/camera/infra2/image_rect_raw/theora/optimize_for] by /camera/realsense2_camera_manager
[rosmaster.master][INFO] 2023-09-04 16:59:14,534: +PARAM [/camera/infra2/image_rect_raw/theora/target_bitrate] by /camera/realsense2_camera_manager
[rosmaster.master][INFO] 2023-09-04 16:59:14,535: +PARAM [/camera/infra2/image_rect_raw/theora/quality] by /camera/realsense2_camera_manager
[rosmaster.master][INFO] 2023-09-04 16:59:14,536: +PARAM [/camera/infra2/image_rect_raw/theora/keyframe_frequency] by /camera/realsense2_camera_manager
[rosmaster.master][INFO] 2023-09-04 16:59:14,536: +PUB [/camera/infra2/camera_info] /camera/realsense2_camera_manager http://ubuntu:40647/
[rosmaster.master][INFO] 2023-09-04 16:59:14,537: +PUB [/camera/infra2/metadata] /camera/realsense2_camera_manager http://ubuntu:40647/
[rosmaster.master][INFO] 2023-09-04 16:59:14,539: +PUB [/camera/color/image_raw/compressedDepth] /camera/realsense2_camera_manager http://ubuntu:40647/
[rosmaster.master][INFO] 2023-09-04 16:59:14,539: +SERVICE [/camera/color/image_raw/compressedDepth/set_parameters] /camera/realsense2_camera_manager http://ubuntu:40647/
[rosmaster.master][INFO] 2023-09-04 16:59:14,540: +PUB [/camera/color/image_raw/compressedDepth/parameter_descriptions] /camera/realsense2_camera_manager http://ubuntu:40647/
[rosmaster.master][INFO] 2023-09-04 16:59:14,541: +PUB [/camera/color/image_raw/compressedDepth/parameter_updates] /camera/realsense2_camera_manager http://ubuntu:40647/
[rosmaster.master][INFO] 2023-09-04 16:59:14,543: +PARAM [/camera/color/image_raw/compressedDepth/format] by /camera/realsense2_camera_manager
[rosmaster.master][INFO] 2023-09-04 16:59:14,543: +PARAM [/camera/color/image_raw/compressedDepth/depth_max] by /camera/realsense2_camera_manager
[rosmaster.master][INFO] 2023-09-04 16:59:14,544: +PARAM [/camera/color/image_raw/compressedDepth/depth_quantization] by /camera/realsense2_camera_manager
[rosmaster.master][INFO] 2023-09-04 16:59:14,544: publisherUpdate[/camera/infra1/image_rect_raw] -> http://ubuntu:43433/ ['http://ubuntu:40647/']
[rosmaster.master][INFO] 2023-09-04 16:59:14,546: publisherUpdate[/camera/infra1/image_rect_raw] -> http://ubuntu:43433/ ['http://ubuntu:40647/']: sec=0.00, result=[1, '', 0]
[rosmaster.master][INFO] 2023-09-04 16:59:14,546: publisherUpdate[/camera/infra2/image_rect_raw] -> http://ubuntu:43433/ ['http://ubuntu:40647/']
[rosmaster.master][INFO] 2023-09-04 16:59:14,550: publisherUpdate[/camera/infra2/image_rect_raw] -> http://ubuntu:43433/ ['http://ubuntu:40647/']: sec=0.00, result=[1, '', 0]
[rosmaster.master][INFO] 2023-09-04 16:59:14,551: +PARAM [/camera/color/image_raw/compressedDepth/png_level] by /camera/realsense2_camera_manager
[rosmaster.master][INFO] 2023-09-04 16:59:14,552: +PARAM [/camera/color/image_raw/compressedDepth/format] by /camera/realsense2_camera_manager
[rosmaster.master][INFO] 2023-09-04 16:59:14,553: +PARAM [/camera/color/image_raw/compressedDepth/depth_max] by /camera/realsense2_camera_manager
[rosmaster.master][INFO] 2023-09-04 16:59:14,554: +PARAM [/camera/color/image_raw/compressedDepth/depth_quantization] by /camera/realsense2_camera_manager
[rosmaster.master][INFO] 2023-09-04 16:59:14,554: +PARAM [/camera/color/image_raw/compressedDepth/png_level] by /camera/realsense2_camera_manager
[rosmaster.master][INFO] 2023-09-04 16:59:14,555: +PUB [/camera/color/image_raw/compressed] /camera/realsense2_camera_manager http://ubuntu:40647/
[rosmaster.master][INFO] 2023-09-04 16:59:14,556: +SERVICE [/camera/color/image_raw/compressed/set_parameters] /camera/realsense2_camera_manager http://ubuntu:40647/
[rosmaster.master][INFO] 2023-09-04 16:59:14,557: +PUB [/camera/color/image_raw/compressed/parameter_descriptions] /camera/realsense2_camera_manager http://ubuntu:40647/
[rosmaster.master][INFO] 2023-09-04 16:59:14,558: +PUB [/camera/color/image_raw/compressed/parameter_updates] /camera/realsense2_camera_manager http://ubuntu:40647/
[rosmaster.master][INFO] 2023-09-04 16:59:14,561: +PARAM [/camera/color/image_raw/compressed/format] by /camera/realsense2_camera_manager
[rosmaster.master][INFO] 2023-09-04 16:59:14,561: +PARAM [/camera/color/image_raw/compressed/jpeg_quality] by /camera/realsense2_camera_manager
[rosmaster.master][INFO] 2023-09-04 16:59:14,562: +PARAM [/camera/color/image_raw/compressed/jpeg_progressive] by /camera/realsense2_camera_manager
[rosmaster.master][INFO] 2023-09-04 16:59:14,562: +PARAM [/camera/color/image_raw/compressed/jpeg_optimize] by /camera/realsense2_camera_manager
[rosmaster.master][INFO] 2023-09-04 16:59:14,563: +PARAM [/camera/color/image_raw/compressed/jpeg_restart_interval] by /camera/realsense2_camera_manager
[rosmaster.master][INFO] 2023-09-04 16:59:14,565: +PARAM [/camera/color/image_raw/compressed/png_level] by /camera/realsense2_camera_manager
[rosmaster.master][INFO] 2023-09-04 16:59:14,566: +PARAM [/camera/color/image_raw/compressed/format] by /camera/realsense2_camera_manager
[rosmaster.master][INFO] 2023-09-04 16:59:14,566: +PARAM [/camera/color/image_raw/compressed/jpeg_quality] by /camera/realsense2_camera_manager
[rosmaster.master][INFO] 2023-09-04 16:59:14,567: +PARAM [/camera/color/image_raw/compressed/jpeg_progressive] by /camera/realsense2_camera_manager
[rosmaster.master][INFO] 2023-09-04 16:59:14,568: +PARAM [/camera/color/image_raw/compressed/jpeg_optimize] by /camera/realsense2_camera_manager
[rosmaster.master][INFO] 2023-09-04 16:59:14,568: +PARAM [/camera/color/image_raw/compressed/jpeg_restart_interval] by /camera/realsense2_camera_manager
[rosmaster.master][INFO] 2023-09-04 16:59:14,569: +PARAM [/camera/color/image_raw/compressed/png_level] by /camera/realsense2_camera_manager
[rosmaster.master][INFO] 2023-09-04 16:59:14,570: +PUB [/camera/color/image_raw] /camera/realsense2_camera_manager http://ubuntu:40647/
[rosmaster.master][INFO] 2023-09-04 16:59:14,571: +PUB [/camera/color/image_raw/theora] /camera/realsense2_camera_manager http://ubuntu:40647/
[rosmaster.master][INFO] 2023-09-04 16:59:14,572: +SERVICE [/camera/color/image_raw/theora/set_parameters] /camera/realsense2_camera_manager http://ubuntu:40647/
[rosmaster.master][INFO] 2023-09-04 16:59:14,573: +PUB [/camera/color/image_raw/theora/parameter_descriptions] /camera/realsense2_camera_manager http://ubuntu:40647/
[rosmaster.master][INFO] 2023-09-04 16:59:14,573: +PUB [/camera/color/image_raw/theora/parameter_updates] /camera/realsense2_camera_manager http://ubuntu:40647/
[rosmaster.master][INFO] 2023-09-04 16:59:14,576: +PARAM [/camera/color/image_raw/theora/optimize_for] by /camera/realsense2_camera_manager
[rosmaster.master][INFO] 2023-09-04 16:59:14,577: +PARAM [/camera/color/image_raw/theora/target_bitrate] by /camera/realsense2_camera_manager
[rosmaster.master][INFO] 2023-09-04 16:59:14,577: +PARAM [/camera/color/image_raw/theora/quality] by /camera/realsense2_camera_manager
[rosmaster.master][INFO] 2023-09-04 16:59:14,578: +PARAM [/camera/color/image_raw/theora/keyframe_frequency] by /camera/realsense2_camera_manager
[rosmaster.master][INFO] 2023-09-04 16:59:14,578: +PARAM [/camera/color/image_raw/theora/optimize_for] by /camera/realsense2_camera_manager
[rosmaster.master][INFO] 2023-09-04 16:59:14,579: +PARAM [/camera/color/image_raw/theora/target_bitrate] by /camera/realsense2_camera_manager
[rosmaster.master][INFO] 2023-09-04 16:59:14,580: +PARAM [/camera/color/image_raw/theora/quality] by /camera/realsense2_camera_manager
[rosmaster.master][INFO] 2023-09-04 16:59:14,586: +PARAM [/camera/color/image_raw/theora/keyframe_frequency] by /camera/realsense2_camera_manager
[rosmaster.master][INFO] 2023-09-04 16:59:14,587: +PUB [/camera/color/camera_info] /camera/realsense2_camera_manager http://ubuntu:40647/
[rosmaster.master][INFO] 2023-09-04 16:59:14,588: +PUB [/camera/color/metadata] /camera/realsense2_camera_manager http://ubuntu:40647/
[rosmaster.master][INFO] 2023-09-04 16:59:14,589: +PUB [/camera/extrinsics/depth_to_color] /camera/realsense2_camera_manager http://ubuntu:40647/
[rosmaster.master][INFO] 2023-09-04 16:59:14,589: +PUB [/camera/extrinsics/depth_to_infra1] /camera/realsense2_camera_manager http://ubuntu:40647/
[rosmaster.master][INFO] 2023-09-04 16:59:14,590: +PUB [/camera/extrinsics/depth_to_infra2] /camera/realsense2_camera_manager http://ubuntu:40647/
[rosmaster.master][INFO] 2023-09-04 16:59:20,568: -PUB [/rosout] /camera/realsense2_camera_manager http://ubuntu:40647/
[rosmaster.master][INFO] 2023-09-04 16:59:20,569: -PUB [/camera/realsense2_camera_manager/bond] /camera/realsense2_camera_manager http://ubuntu:40647/
[rosmaster.master][INFO] 2023-09-04 16:59:20,570: publisherUpdate[/rosout] -> http://ubuntu:36231/ ['http://ubuntu:40235/', 'http://ubuntu:43433/', 'http://ubuntu:38813/']
[rosmaster.master][INFO] 2023-09-04 16:59:20,571: publisherUpdate[/rosout] -> http://ubuntu:36231/ ['http://ubuntu:40235/', 'http://ubuntu:43433/', 'http://ubuntu:38813/']: sec=0.00, result=[1, '', 0]
[rosmaster.master][INFO] 2023-09-04 16:59:20,571: publisherUpdate[/camera/realsense2_camera_manager/bond] -> http://ubuntu:40647/ ['http://ubuntu:38813/']
[rosmaster.master][INFO] 2023-09-04 16:59:20,572: -PUB [/tf_static] /camera/realsense2_camera_manager http://ubuntu:40647/
[rosmaster.master][INFO] 2023-09-04 16:59:20,573: -PUB [/tf] /camera/realsense2_camera_manager http://ubuntu:40647/
[rosmaster.master][INFO] 2023-09-04 16:59:20,574: -PUB [/camera/stereo_module/parameter_descriptions] /camera/realsense2_camera_manager http://ubuntu:40647/
[rosmaster.master][INFO] 2023-09-04 16:59:20,574: -PUB [/camera/stereo_module/parameter_updates] /camera/realsense2_camera_manager http://ubuntu:40647/
[rosmaster.master][INFO] 2023-09-04 16:59:20,575: -PUB [/camera/rgb_camera/parameter_descriptions] /camera/realsense2_camera_manager http://ubuntu:40647/
[rosmaster.master][INFO] 2023-09-04 16:59:20,576: -PUB [/camera/rgb_camera/parameter_updates] /camera/realsense2_camera_manager http://ubuntu:40647/
[rosmaster.master][INFO] 2023-09-04 16:59:20,576: -PUB [/camera/motion_module/parameter_descriptions] /camera/realsense2_camera_manager http://ubuntu:40647/
[rosmaster.master][INFO] 2023-09-04 16:59:20,578: publisherUpdate[/camera/realsense2_camera_manager/bond] -> http://ubuntu:40647/ ['http://ubuntu:38813/']: sec=0.01, exception=<Fault -1: 'publisherUpdate: unknown method name'>
[rosmaster.threadpool][ERROR] 2023-09-04 16:59:20,579: Traceback (most recent call last):
  File "/opt/ros/noetic/lib/python3/dist-packages/rosmaster/threadpool.py", line 218, in run
    result = cmd(*args)
  File "/opt/ros/noetic/lib/python3/dist-packages/rosmaster/master_api.py", line 210, in publisher_update_task
    ret = xmlrpcapi(api).publisherUpdate('/master', topic, pub_uris)
  File "/usr/lib/python3.8/xmlrpc/client.py", line 1109, in __call__
    return self.__send(self.__name, args)
  File "/usr/lib/python3.8/xmlrpc/client.py", line 1450, in __request
    response = self.__transport.request(
  File "/usr/lib/python3.8/xmlrpc/client.py", line 1153, in request
    return self.single_request(host, handler, request_body, verbose)
  File "/usr/lib/python3.8/xmlrpc/client.py", line 1169, in single_request
    return self.parse_response(resp)
  File "/usr/lib/python3.8/xmlrpc/client.py", line 1341, in parse_response
    return u.close()
  File "/usr/lib/python3.8/xmlrpc/client.py", line 655, in close
    raise Fault(**self._stack[0])
xmlrpc.client.Fault: <Fault -1: 'publisherUpdate: unknown method name'>

[rosmaster.master][INFO] 2023-09-04 16:59:20,579: publisherUpdate[/camera/realsense2_camera_manager/bond] -> http://ubuntu:38813/ ['http://ubuntu:38813/']
[rosmaster.master][INFO] 2023-09-04 16:59:20,580: -PUB [/camera/motion_module/parameter_updates] /camera/realsense2_camera_manager http://ubuntu:40647/
[rosmaster.master][INFO] 2023-09-04 16:59:20,581: -PUB [/diagnostics] /camera/realsense2_camera_manager http://ubuntu:40647/
[rosmaster.master][INFO] 2023-09-04 16:59:20,583: -PUB [/camera/depth/image_rect_raw/compressedDepth] /camera/realsense2_camera_manager http://ubuntu:40647/
[rosmaster.master][INFO] 2023-09-04 16:59:20,584: publisherUpdate[/camera/realsense2_camera_manager/bond] -> http://ubuntu:38813/ ['http://ubuntu:38813/']: sec=0.00, result=[1, '', 0]
[rosmaster.master][INFO] 2023-09-04 16:59:20,584: publisherUpdate[/tf_static] -> http://ubuntu:40235/ []
[rosmaster.master][INFO] 2023-09-04 16:59:20,585: publisherUpdate[/tf_static] -> http://ubuntu:40235/ []: sec=0.00, result=[1, '', 0]
[rosmaster.master][INFO] 2023-09-04 16:59:20,585: -PUB [/camera/depth/image_rect_raw/compressedDepth/parameter_descriptions] /camera/realsense2_camera_manager http://ubuntu:40647/
[rosmaster.master][INFO] 2023-09-04 16:59:20,586: publisherUpdate[/tf] -> http://ubuntu:40235/ ['http://ubuntu:43433/']
[rosmaster.master][INFO] 2023-09-04 16:59:20,587: -PUB [/camera/depth/image_rect_raw/compressedDepth/parameter_updates] /camera/realsense2_camera_manager http://ubuntu:40647/
[rosmaster.master][INFO] 2023-09-04 16:59:20,588: -PUB [/camera/depth/image_rect_raw/compressed] /camera/realsense2_camera_manager http://ubuntu:40647/
[rosmaster.master][INFO] 2023-09-04 16:59:20,589: -PUB [/camera/depth/image_rect_raw/compressed/parameter_descriptions] /camera/realsense2_camera_manager http://ubuntu:40647/
[rosmaster.master][INFO] 2023-09-04 16:59:20,590: -PUB [/camera/depth/image_rect_raw/compressed/parameter_updates] /camera/realsense2_camera_manager http://ubuntu:40647/
[rosmaster.master][INFO] 2023-09-04 16:59:20,590: -PUB [/camera/depth/image_rect_raw] /camera/realsense2_camera_manager http://ubuntu:40647/
[rosmaster.master][INFO] 2023-09-04 16:59:20,591: publisherUpdate[/tf] -> http://ubuntu:40235/ ['http://ubuntu:43433/']: sec=0.00, result=[1, '', 0]
[rosmaster.master][INFO] 2023-09-04 16:59:20,591: -PUB [/camera/depth/image_rect_raw/theora] /camera/realsense2_camera_manager http://ubuntu:40647/
[rosmaster.master][INFO] 2023-09-04 16:59:20,592: -PUB [/camera/depth/image_rect_raw/theora/parameter_descriptions] /camera/realsense2_camera_manager http://ubuntu:40647/
[rosmaster.master][INFO] 2023-09-04 16:59:20,593: -PUB [/camera/depth/image_rect_raw/theora/parameter_updates] /camera/realsense2_camera_manager http://ubuntu:40647/
[rosmaster.master][INFO] 2023-09-04 16:59:20,593: -PUB [/camera/depth/camera_info] /camera/realsense2_camera_manager http://ubuntu:40647/
[rosmaster.master][INFO] 2023-09-04 16:59:20,596: -PUB [/camera/depth/metadata] /camera/realsense2_camera_manager http://ubuntu:40647/
[rosmaster.master][INFO] 2023-09-04 16:59:20,598: -PUB [/camera/infra1/image_rect_raw/compressedDepth] /camera/realsense2_camera_manager http://ubuntu:40647/
[rosmaster.master][INFO] 2023-09-04 16:59:20,599: -PUB [/camera/infra1/image_rect_raw/compressedDepth/parameter_descriptions] /camera/realsense2_camera_manager http://ubuntu:40647/
[rosmaster.master][INFO] 2023-09-04 16:59:20,599: -PUB [/camera/infra1/image_rect_raw/compressedDepth/parameter_updates] /camera/realsense2_camera_manager http://ubuntu:40647/
[rosmaster.master][INFO] 2023-09-04 16:59:20,601: -PUB [/camera/infra1/image_rect_raw/compressed] /camera/realsense2_camera_manager http://ubuntu:40647/
[rosmaster.master][INFO] 2023-09-04 16:59:20,603: -PUB [/camera/infra1/image_rect_raw/compressed/parameter_descriptions] /camera/realsense2_camera_manager http://ubuntu:40647/
[rosmaster.master][INFO] 2023-09-04 16:59:20,605: -PUB [/camera/infra1/image_rect_raw/compressed/parameter_updates] /camera/realsense2_camera_manager http://ubuntu:40647/
[rosmaster.master][INFO] 2023-09-04 16:59:20,606: -PUB [/camera/infra1/image_rect_raw] /camera/realsense2_camera_manager http://ubuntu:40647/
[rosmaster.master][INFO] 2023-09-04 16:59:20,607: -PUB [/camera/infra1/image_rect_raw/theora] /camera/realsense2_camera_manager http://ubuntu:40647/
[rosmaster.master][INFO] 2023-09-04 16:59:20,609: -PUB [/camera/infra1/image_rect_raw/theora/parameter_descriptions] /camera/realsense2_camera_manager http://ubuntu:40647/
[rosmaster.master][INFO] 2023-09-04 16:59:20,610: -PUB [/camera/infra1/image_rect_raw/theora/parameter_updates] /camera/realsense2_camera_manager http://ubuntu:40647/
[rosmaster.master][INFO] 2023-09-04 16:59:20,612: -PUB [/camera/infra1/camera_info] /camera/realsense2_camera_manager http://ubuntu:40647/
[rosmaster.master][INFO] 2023-09-04 16:59:20,614: -PUB [/camera/infra1/metadata] /camera/realsense2_camera_manager http://ubuntu:40647/
[rosmaster.master][INFO] 2023-09-04 16:59:20,616: -PUB [/camera/infra2/image_rect_raw/compressedDepth] /camera/realsense2_camera_manager http://ubuntu:40647/
[rosmaster.master][INFO] 2023-09-04 16:59:20,617: -PUB [/camera/infra2/image_rect_raw/compressedDepth/parameter_descriptions] /camera/realsense2_camera_manager http://ubuntu:40647/
[rosmaster.master][INFO] 2023-09-04 16:59:20,619: -PUB [/camera/infra2/image_rect_raw/compressedDepth/parameter_updates] /camera/realsense2_camera_manager http://ubuntu:40647/
[rosmaster.master][INFO] 2023-09-04 16:59:20,620: -PUB [/camera/infra2/image_rect_raw/compressed] /camera/realsense2_camera_manager http://ubuntu:40647/
[rosmaster.master][INFO] 2023-09-04 16:59:20,621: -PUB [/camera/infra2/image_rect_raw/compressed/parameter_descriptions] /camera/realsense2_camera_manager http://ubuntu:40647/
[rosmaster.master][INFO] 2023-09-04 16:59:20,622: -PUB [/camera/infra2/image_rect_raw/compressed/parameter_updates] /camera/realsense2_camera_manager http://ubuntu:40647/
[rosmaster.master][INFO] 2023-09-04 16:59:20,622: -PUB [/camera/infra2/image_rect_raw] /camera/realsense2_camera_manager http://ubuntu:40647/
[rosmaster.master][INFO] 2023-09-04 16:59:20,623: -PUB [/camera/infra2/image_rect_raw/theora] /camera/realsense2_camera_manager http://ubuntu:40647/
[rosmaster.master][INFO] 2023-09-04 16:59:20,624: -PUB [/camera/infra2/image_rect_raw/theora/parameter_descriptions] /camera/realsense2_camera_manager http://ubuntu:40647/
[rosmaster.master][INFO] 2023-09-04 16:59:20,624: -PUB [/camera/infra2/image_rect_raw/theora/parameter_updates] /camera/realsense2_camera_manager http://ubuntu:40647/
[rosmaster.master][INFO] 2023-09-04 16:59:20,625: -PUB [/camera/infra2/camera_info] /camera/realsense2_camera_manager http://ubuntu:40647/
[rosmaster.master][INFO] 2023-09-04 16:59:20,625: -PUB [/camera/infra2/metadata] /camera/realsense2_camera_manager http://ubuntu:40647/
[rosmaster.master][INFO] 2023-09-04 16:59:20,626: -PUB [/camera/color/image_raw/compressedDepth] /camera/realsense2_camera_manager http://ubuntu:40647/
[rosmaster.master][INFO] 2023-09-04 16:59:20,627: -PUB [/camera/color/image_raw/compressedDepth/parameter_descriptions] /camera/realsense2_camera_manager http://ubuntu:40647/
[rosmaster.master][INFO] 2023-09-04 16:59:20,628: -PUB [/camera/color/image_raw/compressedDepth/parameter_updates] /camera/realsense2_camera_manager http://ubuntu:40647/
[rosmaster.master][INFO] 2023-09-04 16:59:20,629: -PUB [/camera/color/image_raw/compressed] /camera/realsense2_camera_manager http://ubuntu:40647/
[rosmaster.master][INFO] 2023-09-04 16:59:20,630: -PUB [/camera/color/image_raw/compressed/parameter_descriptions] /camera/realsense2_camera_manager http://ubuntu:40647/
[rosmaster.master][INFO] 2023-09-04 16:59:20,632: -PUB [/camera/color/image_raw/compressed/parameter_updates] /camera/realsense2_camera_manager http://ubuntu:40647/
[rosmaster.master][INFO] 2023-09-04 16:59:20,633: -PUB [/camera/color/image_raw] /camera/realsense2_camera_manager http://ubuntu:40647/
[rosmaster.master][INFO] 2023-09-04 16:59:20,634: -PUB [/camera/color/image_raw/theora] /camera/realsense2_camera_manager http://ubuntu:40647/
[rosmaster.master][INFO] 2023-09-04 16:59:20,635: -PUB [/camera/color/image_raw/theora/parameter_descriptions] /camera/realsense2_camera_manager http://ubuntu:40647/
[rosmaster.master][INFO] 2023-09-04 16:59:20,636: -PUB [/camera/color/image_raw/theora/parameter_updates] /camera/realsense2_camera_manager http://ubuntu:40647/
[rosmaster.master][INFO] 2023-09-04 16:59:20,637: -PUB [/camera/color/camera_info] /camera/realsense2_camera_manager http://ubuntu:40647/
[rosmaster.master][INFO] 2023-09-04 16:59:20,638: -PUB [/camera/color/metadata] /camera/realsense2_camera_manager http://ubuntu:40647/
[rosmaster.master][INFO] 2023-09-04 16:59:20,639: -PUB [/camera/extrinsics/depth_to_color] /camera/realsense2_camera_manager http://ubuntu:40647/
[rosmaster.master][INFO] 2023-09-04 16:59:20,640: -PUB [/camera/extrinsics/depth_to_infra1] /camera/realsense2_camera_manager http://ubuntu:40647/
[rosmaster.master][INFO] 2023-09-04 16:59:20,641: -PUB [/camera/extrinsics/depth_to_infra2] /camera/realsense2_camera_manager http://ubuntu:40647/
[rosmaster.master][INFO] 2023-09-04 16:59:20,642: -SUB [/camera/realsense2_camera_manager/bond] /camera/realsense2_camera_manager http://ubuntu:40647/
[rosmaster.master][INFO] 2023-09-04 16:59:20,644: -SERVICE [/camera/realsense2_camera_manager/get_loggers] /camera/realsense2_camera_manager rosrpc://ubuntu:41267
[rosmaster.master][INFO] 2023-09-04 16:59:20,645: -SERVICE [/camera/realsense2_camera_manager/set_logger_level] /camera/realsense2_camera_manager rosrpc://ubuntu:41267
[rosmaster.master][INFO] 2023-09-04 16:59:20,646: -SERVICE [/camera/realsense2_camera_manager/load_nodelet] /camera/realsense2_camera_manager rosrpc://ubuntu:41267
[rosmaster.master][INFO] 2023-09-04 16:59:20,648: -SERVICE [/camera/realsense2_camera_manager/unload_nodelet] /camera/realsense2_camera_manager rosrpc://ubuntu:41267
[rosmaster.master][INFO] 2023-09-04 16:59:20,650: -SERVICE [/camera/realsense2_camera_manager/list] /camera/realsense2_camera_manager rosrpc://ubuntu:41267
[rosmaster.master][INFO] 2023-09-04 16:59:20,651: -SERVICE [/camera/enable] /camera/realsense2_camera_manager rosrpc://ubuntu:41267
[rosmaster.master][INFO] 2023-09-04 16:59:20,653: -SERVICE [/camera/realsense2_camera/reset] /camera/realsense2_camera_manager rosrpc://ubuntu:41267
[rosmaster.master][INFO] 2023-09-04 16:59:20,654: -SERVICE [/camera/stereo_module/set_parameters] /camera/realsense2_camera_manager rosrpc://ubuntu:41267
[rosmaster.master][INFO] 2023-09-04 16:59:20,656: -SERVICE [/camera/rgb_camera/set_parameters] /camera/realsense2_camera_manager rosrpc://ubuntu:41267
[rosmaster.master][INFO] 2023-09-04 16:59:20,657: -SERVICE [/camera/motion_module/set_parameters] /camera/realsense2_camera_manager rosrpc://ubuntu:41267
[rosmaster.master][INFO] 2023-09-04 16:59:20,658: -SERVICE [/camera/depth/image_rect_raw/compressedDepth/set_parameters] /camera/realsense2_camera_manager rosrpc://ubuntu:41267
[rosmaster.master][INFO] 2023-09-04 16:59:20,658: -SERVICE [/camera/depth/image_rect_raw/compressed/set_parameters] /camera/realsense2_camera_manager rosrpc://ubuntu:41267
[rosmaster.master][INFO] 2023-09-04 16:59:20,659: -SERVICE [/camera/depth/image_rect_raw/theora/set_parameters] /camera/realsense2_camera_manager rosrpc://ubuntu:41267
[rosmaster.master][INFO] 2023-09-04 16:59:20,660: -SERVICE [/camera/infra1/image_rect_raw/compressedDepth/set_parameters] /camera/realsense2_camera_manager rosrpc://ubuntu:41267
[rosmaster.master][INFO] 2023-09-04 16:59:20,661: -SERVICE [/camera/infra1/image_rect_raw/compressed/set_parameters] /camera/realsense2_camera_manager rosrpc://ubuntu:41267
[rosmaster.master][INFO] 2023-09-04 16:59:20,662: -SERVICE [/camera/infra1/image_rect_raw/theora/set_parameters] /camera/realsense2_camera_manager rosrpc://ubuntu:41267
[rosmaster.master][INFO] 2023-09-04 16:59:20,662: publisherUpdate[/camera/infra1/image_rect_raw] -> http://ubuntu:43433/ []
[rosmaster.master][INFO] 2023-09-04 16:59:20,662: -SERVICE [/camera/infra2/image_rect_raw/compressedDepth/set_parameters] /camera/realsense2_camera_manager rosrpc://ubuntu:41267
[rosmaster.master][INFO] 2023-09-04 16:59:20,664: -SERVICE [/camera/infra2/image_rect_raw/compressed/set_parameters] /camera/realsense2_camera_manager rosrpc://ubuntu:41267
[rosmaster.master][INFO] 2023-09-04 16:59:20,665: publisherUpdate[/camera/infra1/image_rect_raw] -> http://ubuntu:43433/ []: sec=0.00, result=[1, '', 0]
[rosmaster.master][INFO] 2023-09-04 16:59:20,665: -SERVICE [/camera/infra2/image_rect_raw/theora/set_parameters] /camera/realsense2_camera_manager rosrpc://ubuntu:41267
[rosmaster.master][INFO] 2023-09-04 16:59:20,666: publisherUpdate[/camera/infra2/image_rect_raw] -> http://ubuntu:43433/ []
[rosmaster.master][INFO] 2023-09-04 16:59:20,666: -SERVICE [/camera/color/image_raw/compressedDepth/set_parameters] /camera/realsense2_camera_manager rosrpc://ubuntu:41267
[rosmaster.master][INFO] 2023-09-04 16:59:20,667: -SERVICE [/camera/color/image_raw/compressed/set_parameters] /camera/realsense2_camera_manager rosrpc://ubuntu:41267
[rosmaster.master][INFO] 2023-09-04 16:59:20,668: publisherUpdate[/camera/infra2/image_rect_raw] -> http://ubuntu:43433/ []: sec=0.00, result=[1, '', 0]
[rosmaster.master][INFO] 2023-09-04 16:59:20,668: -SERVICE [/camera/color/image_raw/theora/set_parameters] /camera/realsense2_camera_manager rosrpc://ubuntu:41267
[rosmaster.master][INFO] 2023-09-04 16:59:20,670: -CACHEDPARAM [/camera/realsense2_camera_manager/diagnostic_period] by /camera/realsense2_camera_manager
[rosmaster.master][INFO] 2023-09-04 16:59:20,670: -CACHEDPARAM [/rosout_disable_topics_generation] by /camera/realsense2_camera_manager
[rosmaster.master][INFO] 2023-09-04 16:59:20,783: -PUB [/rosout] /camera/realsense2_camera http://ubuntu:38813/
[rosmaster.master][INFO] 2023-09-04 16:59:20,785: -PUB [/camera/realsense2_camera_manager/bond] /camera/realsense2_camera http://ubuntu:38813/
[rosmaster.master][INFO] 2023-09-04 16:59:20,786: -SUB [/camera/realsense2_camera_manager/bond] /camera/realsense2_camera http://ubuntu:38813/
[rosmaster.master][INFO] 2023-09-04 16:59:20,786: -SERVICE [/camera/realsense2_camera/get_loggers] /camera/realsense2_camera rosrpc://ubuntu:37407
[rosmaster.master][INFO] 2023-09-04 16:59:20,787: -SERVICE [/camera/realsense2_camera/set_logger_level] /camera/realsense2_camera rosrpc://ubuntu:37407
[rosmaster.master][INFO] 2023-09-04 16:59:20,788: -CACHEDPARAM [/rosout_disable_topics_generation] by /camera/realsense2_camera
[rosmaster.master][INFO] 2023-09-04 16:59:20,792: publisherUpdate[/rosout] -> http://ubuntu:36231/ ['http://ubuntu:40235/', 'http://ubuntu:43433/']
[rosmaster.master][INFO] 2023-09-04 16:59:20,793: publisherUpdate[/rosout] -> http://ubuntu:36231/ ['http://ubuntu:40235/', 'http://ubuntu:43433/']: sec=0.00, result=[1, '', 0]
[rosmaster.master][INFO] 2023-09-04 16:59:20,794: publisherUpdate[/camera/realsense2_camera_manager/bond] -> http://ubuntu:38813/ []
[rosmaster.master][INFO] 2023-09-04 16:59:20,794: publisherUpdate[/camera/realsense2_camera_manager/bond] -> http://ubuntu:38813/ []: sec=0.00, exception=[Errno 111] Connection refused
[rosmaster.threadpool][ERROR] 2023-09-04 16:59:20,795: Traceback (most recent call last):
  File "/opt/ros/noetic/lib/python3/dist-packages/rosmaster/threadpool.py", line 218, in run
    result = cmd(*args)
  File "/opt/ros/noetic/lib/python3/dist-packages/rosmaster/master_api.py", line 210, in publisher_update_task
    ret = xmlrpcapi(api).publisherUpdate('/master', topic, pub_uris)
  File "/usr/lib/python3.8/xmlrpc/client.py", line 1109, in __call__
    return self.__send(self.__name, args)
  File "/usr/lib/python3.8/xmlrpc/client.py", line 1450, in __request
    response = self.__transport.request(
  File "/usr/lib/python3.8/xmlrpc/client.py", line 1153, in request
    return self.single_request(host, handler, request_body, verbose)
  File "/usr/lib/python3.8/xmlrpc/client.py", line 1165, in single_request
    http_conn = self.send_request(host, handler, request_body, verbose)
  File "/usr/lib/python3.8/xmlrpc/client.py", line 1278, in send_request
    self.send_content(connection, request_body)
  File "/usr/lib/python3.8/xmlrpc/client.py", line 1308, in send_content
    connection.endheaders(request_body)
  File "/usr/lib/python3.8/http/client.py", line 1251, in endheaders
    self._send_output(message_body, encode_chunked=encode_chunked)
  File "/usr/lib/python3.8/http/client.py", line 1011, in _send_output
    self.send(msg)
  File "/usr/lib/python3.8/http/client.py", line 951, in send
    self.connect()
  File "/usr/lib/python3.8/http/client.py", line 922, in connect
    self.sock = self._create_connection(
  File "/usr/lib/python3.8/socket.py", line 808, in create_connection
    raise err
  File "/usr/lib/python3.8/socket.py", line 796, in create_connection
    sock.connect(sa)
ConnectionRefusedError: [Errno 111] Connection refused

[rosmaster.master][INFO] 2023-09-04 16:59:28,380: -PUB [/rosout] /svo http://ubuntu:43433/
[rosmaster.master][INFO] 2023-09-04 16:59:28,382: -PUB [/tf] /svo http://ubuntu:43433/
[rosmaster.master][INFO] 2023-09-04 16:59:28,382: publisherUpdate[/rosout] -> http://ubuntu:36231/ ['http://ubuntu:40235/']
[rosmaster.master][INFO] 2023-09-04 16:59:28,383: -PUB [/svo/keyframes] /svo http://ubuntu:43433/
[rosmaster.master][INFO] 2023-09-04 16:59:28,384: publisherUpdate[/rosout] -> http://ubuntu:36231/ ['http://ubuntu:40235/']: sec=0.00, result=[1, '', 0]
[rosmaster.master][INFO] 2023-09-04 16:59:28,384: publisherUpdate[/tf] -> http://ubuntu:40235/ []
[rosmaster.master][INFO] 2023-09-04 16:59:28,385: -PUB [/svo/points] /svo http://ubuntu:43433/
[rosmaster.master][INFO] 2023-09-04 16:59:28,386: publisherUpdate[/tf] -> http://ubuntu:40235/ []: sec=0.00, result=[1, '', 0]
[rosmaster.master][INFO] 2023-09-04 16:59:28,386: -PUB [/svo/pose_imu] /svo http://ubuntu:43433/
[rosmaster.master][INFO] 2023-09-04 16:59:28,386: publisherUpdate[/svo/keyframes] -> http://ubuntu:40235/ []
[rosmaster.master][INFO] 2023-09-04 16:59:28,387: -PUB [/svo/info] /svo http://ubuntu:43433/
[rosmaster.master][INFO] 2023-09-04 16:59:28,388: -PUB [/svo/markers] /svo http://ubuntu:43433/
[rosmaster.master][INFO] 2023-09-04 16:59:28,388: publisherUpdate[/svo/keyframes] -> http://ubuntu:40235/ []: sec=0.00, result=[1, '', 0]
[rosmaster.master][INFO] 2023-09-04 16:59:28,389: -PUB [/svo/pointcloud] /svo http://ubuntu:43433/
[rosmaster.master][INFO] 2023-09-04 16:59:28,389: publisherUpdate[/svo/points] -> http://ubuntu:40235/ []
[rosmaster.master][INFO] 2023-09-04 16:59:28,389: -PUB [/svo/dense_input/0] /svo http://ubuntu:43433/
[rosmaster.master][INFO] 2023-09-04 16:59:28,390: publisherUpdate[/svo/points] -> http://ubuntu:40235/ []: sec=0.00, result=[1, '', 0]
[rosmaster.master][INFO] 2023-09-04 16:59:28,390: -PUB [/svo/image/0/compressedDepth] /svo http://ubuntu:43433/
[rosmaster.master][INFO] 2023-09-04 16:59:28,391: -PUB [/svo/image/0/compressedDepth/parameter_descriptions] /svo http://ubuntu:43433/
[rosmaster.master][INFO] 2023-09-04 16:59:28,391: -PUB [/svo/image/0/compressedDepth/parameter_updates] /svo http://ubuntu:43433/
[rosmaster.master][INFO] 2023-09-04 16:59:28,392: -PUB [/svo/image/0/compressed] /svo http://ubuntu:43433/
[rosmaster.master][INFO] 2023-09-04 16:59:28,392: -PUB [/svo/image/0/compressed/parameter_descriptions] /svo http://ubuntu:43433/
[rosmaster.master][INFO] 2023-09-04 16:59:28,393: -PUB [/svo/image/0/compressed/parameter_updates] /svo http://ubuntu:43433/
[rosmaster.master][INFO] 2023-09-04 16:59:28,393: -PUB [/svo/image/0] /svo http://ubuntu:43433/
[rosmaster.master][INFO] 2023-09-04 16:59:28,394: -PUB [/svo/image/0/theora] /svo http://ubuntu:43433/
[rosmaster.master][INFO] 2023-09-04 16:59:28,394: -PUB [/svo/image/0/theora/parameter_descriptions] /svo http://ubuntu:43433/
[rosmaster.master][INFO] 2023-09-04 16:59:28,395: -PUB [/svo/image/0/theora/parameter_updates] /svo http://ubuntu:43433/
[rosmaster.master][INFO] 2023-09-04 16:59:28,395: -PUB [/svo/pose_cam/0] /svo http://ubuntu:43433/
[rosmaster.master][INFO] 2023-09-04 16:59:28,396: -PUB [/svo/dense_input/1] /svo http://ubuntu:43433/
[rosmaster.master][INFO] 2023-09-04 16:59:28,396: -PUB [/svo/image/1/compressedDepth] /svo http://ubuntu:43433/
[rosmaster.master][INFO] 2023-09-04 16:59:28,397: -PUB [/svo/image/1/compressedDepth/parameter_descriptions] /svo http://ubuntu:43433/
[rosmaster.master][INFO] 2023-09-04 16:59:28,397: -PUB [/svo/image/1/compressedDepth/parameter_updates] /svo http://ubuntu:43433/
[rosmaster.master][INFO] 2023-09-04 16:59:28,398: -PUB [/svo/image/1/compressed] /svo http://ubuntu:43433/
[rosmaster.master][INFO] 2023-09-04 16:59:28,398: -PUB [/svo/image/1/compressed/parameter_descriptions] /svo http://ubuntu:43433/
[rosmaster.master][INFO] 2023-09-04 16:59:28,399: -PUB [/svo/image/1/compressed/parameter_updates] /svo http://ubuntu:43433/
[rosmaster.master][INFO] 2023-09-04 16:59:28,399: -PUB [/svo/image/1] /svo http://ubuntu:43433/
[rosmaster.master][INFO] 2023-09-04 16:59:28,400: -PUB [/svo/image/1/theora] /svo http://ubuntu:43433/
[rosmaster.master][INFO] 2023-09-04 16:59:28,400: -PUB [/svo/image/1/theora/parameter_descriptions] /svo http://ubuntu:43433/
[rosmaster.master][INFO] 2023-09-04 16:59:28,401: -PUB [/svo/image/1/theora/parameter_updates] /svo http://ubuntu:43433/
[rosmaster.master][INFO] 2023-09-04 16:59:28,401: -PUB [/svo/pose_cam/1] /svo http://ubuntu:43433/
[rosmaster.master][INFO] 2023-09-04 16:59:28,401: -PUB [/svo/loop_closures] /svo http://ubuntu:43433/
[rosmaster.master][INFO] 2023-09-04 16:59:28,402: -PUB [/svo/pose_graph] /svo http://ubuntu:43433/
[rosmaster.master][INFO] 2023-09-04 16:59:28,403: -PUB [/svo/pose_graph_pointcloud] /svo http://ubuntu:43433/
[rosmaster.master][INFO] 2023-09-04 16:59:28,404: -SUB [/svo/remote_key] /svo http://ubuntu:43433/
[rosmaster.master][INFO] 2023-09-04 16:59:28,404: -SUB [/camera/infra1/image_rect_raw] /svo http://ubuntu:43433/
[rosmaster.master][INFO] 2023-09-04 16:59:28,405: -SUB [/camera/infra2/image_rect_raw] /svo http://ubuntu:43433/
[rosmaster.master][INFO] 2023-09-04 16:59:28,406: -SERVICE [/svo/get_loggers] /svo rosrpc://ubuntu:41369
[rosmaster.master][INFO] 2023-09-04 16:59:28,406: -SERVICE [/svo/set_logger_level] /svo rosrpc://ubuntu:41369
[rosmaster.master][INFO] 2023-09-04 16:59:28,407: -SERVICE [/svo/image/0/compressedDepth/set_parameters] /svo rosrpc://ubuntu:41369
[rosmaster.master][INFO] 2023-09-04 16:59:28,407: -SERVICE [/svo/image/0/compressed/set_parameters] /svo rosrpc://ubuntu:41369
[rosmaster.master][INFO] 2023-09-04 16:59:28,408: -SERVICE [/svo/image/0/theora/set_parameters] /svo rosrpc://ubuntu:41369
[rosmaster.master][INFO] 2023-09-04 16:59:28,408: -SERVICE [/svo/image/1/compressedDepth/set_parameters] /svo rosrpc://ubuntu:41369
[rosmaster.master][INFO] 2023-09-04 16:59:28,409: -SERVICE [/svo/image/1/compressed/set_parameters] /svo rosrpc://ubuntu:41369
[rosmaster.master][INFO] 2023-09-04 16:59:28,409: publisherUpdate[/svo/image/0] -> http://ubuntu:40235/ []
[rosmaster.master][INFO] 2023-09-04 16:59:28,410: -SERVICE [/svo/image/1/theora/set_parameters] /svo rosrpc://ubuntu:41369
[rosmaster.master][INFO] 2023-09-04 16:59:28,410: publisherUpdate[/svo/image/0] -> http://ubuntu:40235/ []: sec=0.00, result=[1, '', 0]
[rosmaster.master][INFO] 2023-09-04 16:59:28,411: -CACHEDPARAM [/rosout_disable_topics_generation] by /svo
[rosmaster.master][INFO] 2023-09-04 16:59:28,411: publisherUpdate[/svo/loop_closures] -> http://ubuntu:40235/ []
[rosmaster.master][INFO] 2023-09-04 16:59:28,411: publisherUpdate[/svo/loop_closures] -> http://ubuntu:40235/ []: sec=0.00, result=[1, '', 0]
[rosmaster.master][INFO] 2023-09-04 16:59:28,412: publisherUpdate[/svo/pose_graph] -> http://ubuntu:40235/ []
[rosmaster.master][INFO] 2023-09-04 16:59:28,412: publisherUpdate[/svo/pose_graph] -> http://ubuntu:40235/ []: sec=0.00, result=[1, '', 0]
[rosmaster.master][INFO] 2023-09-04 16:59:28,412: publisherUpdate[/svo/pose_graph_pointcloud] -> http://ubuntu:40235/ []
[rosmaster.master][INFO] 2023-09-04 16:59:28,413: publisherUpdate[/svo/pose_graph_pointcloud] -> http://ubuntu:40235/ []: sec=0.00, result=[1, '', 0]
[rosmaster.master][INFO] 2023-09-04 16:59:35,900: +PARAM [/roslaunch/uris/host_ubuntu__46475] by /roslaunch
[rosmaster.master][INFO] 2023-09-04 16:59:35,909: +PARAM [/rosversion] by /roslaunch
[rosmaster.master][INFO] 2023-09-04 16:59:35,909: +PARAM [/rosdistro] by /roslaunch
[rosmaster.master][INFO] 2023-09-04 16:59:35,909: +PARAM [/camera/realsense2_camera/serial_no] by /roslaunch
[rosmaster.master][INFO] 2023-09-04 16:59:35,910: +PARAM [/camera/realsense2_camera/usb_port_id] by /roslaunch
[rosmaster.master][INFO] 2023-09-04 16:59:35,910: +PARAM [/camera/realsense2_camera/device_type] by /roslaunch
[rosmaster.master][INFO] 2023-09-04 16:59:35,910: +PARAM [/camera/realsense2_camera/json_file_path] by /roslaunch
[rosmaster.master][INFO] 2023-09-04 16:59:35,910: +PARAM [/camera/realsense2_camera/rosbag_filename] by /roslaunch
[rosmaster.master][INFO] 2023-09-04 16:59:35,910: +PARAM [/camera/realsense2_camera/enable_pointcloud] by /roslaunch
[rosmaster.master][INFO] 2023-09-04 16:59:35,910: +PARAM [/camera/realsense2_camera/pointcloud_texture_stream] by /roslaunch
[rosmaster.master][INFO] 2023-09-04 16:59:35,910: +PARAM [/camera/realsense2_camera/pointcloud_texture_index] by /roslaunch
[rosmaster.master][INFO] 2023-09-04 16:59:35,910: +PARAM [/camera/realsense2_camera/allow_no_texture_points] by /roslaunch
[rosmaster.master][INFO] 2023-09-04 16:59:35,910: +PARAM [/camera/realsense2_camera/ordered_pc] by /roslaunch
[rosmaster.master][INFO] 2023-09-04 16:59:35,910: +PARAM [/camera/realsense2_camera/enable_sync] by /roslaunch
[rosmaster.master][INFO] 2023-09-04 16:59:35,911: +PARAM [/camera/realsense2_camera/align_depth] by /roslaunch
[rosmaster.master][INFO] 2023-09-04 16:59:35,911: +PARAM [/camera/realsense2_camera/fisheye_width] by /roslaunch
[rosmaster.master][INFO] 2023-09-04 16:59:35,911: +PARAM [/camera/realsense2_camera/fisheye_height] by /roslaunch
[rosmaster.master][INFO] 2023-09-04 16:59:35,911: +PARAM [/camera/realsense2_camera/enable_fisheye] by /roslaunch
[rosmaster.master][INFO] 2023-09-04 16:59:35,911: +PARAM [/camera/realsense2_camera/enable_fisheye1] by /roslaunch
[rosmaster.master][INFO] 2023-09-04 16:59:35,911: +PARAM [/camera/realsense2_camera/enable_fisheye2] by /roslaunch
[rosmaster.master][INFO] 2023-09-04 16:59:35,912: +PARAM [/camera/realsense2_camera/depth_width] by /roslaunch
[rosmaster.master][INFO] 2023-09-04 16:59:35,912: +PARAM [/camera/realsense2_camera/depth_height] by /roslaunch
[rosmaster.master][INFO] 2023-09-04 16:59:35,912: +PARAM [/camera/realsense2_camera/enable_depth] by /roslaunch
[rosmaster.master][INFO] 2023-09-04 16:59:35,912: +PARAM [/camera/realsense2_camera/confidence_width] by /roslaunch
[rosmaster.master][INFO] 2023-09-04 16:59:35,912: +PARAM [/camera/realsense2_camera/confidence_height] by /roslaunch
[rosmaster.master][INFO] 2023-09-04 16:59:35,912: +PARAM [/camera/realsense2_camera/enable_confidence] by /roslaunch
[rosmaster.master][INFO] 2023-09-04 16:59:35,912: +PARAM [/camera/realsense2_camera/confidence_fps] by /roslaunch
[rosmaster.master][INFO] 2023-09-04 16:59:35,912: +PARAM [/camera/realsense2_camera/color_width] by /roslaunch
[rosmaster.master][INFO] 2023-09-04 16:59:35,912: +PARAM [/camera/realsense2_camera/color_height] by /roslaunch
[rosmaster.master][INFO] 2023-09-04 16:59:35,912: +PARAM [/camera/realsense2_camera/enable_color] by /roslaunch
[rosmaster.master][INFO] 2023-09-04 16:59:35,912: +PARAM [/camera/realsense2_camera/infra_width] by /roslaunch
[rosmaster.master][INFO] 2023-09-04 16:59:35,913: +PARAM [/camera/realsense2_camera/infra_height] by /roslaunch
[rosmaster.master][INFO] 2023-09-04 16:59:35,913: +PARAM [/camera/realsense2_camera/enable_infra] by /roslaunch
[rosmaster.master][INFO] 2023-09-04 16:59:35,913: +PARAM [/camera/realsense2_camera/enable_infra1] by /roslaunch
[rosmaster.master][INFO] 2023-09-04 16:59:35,913: +PARAM [/camera/realsense2_camera/enable_infra2] by /roslaunch
[rosmaster.master][INFO] 2023-09-04 16:59:35,913: +PARAM [/camera/realsense2_camera/infra_rgb] by /roslaunch
[rosmaster.master][INFO] 2023-09-04 16:59:35,913: +PARAM [/camera/realsense2_camera/fisheye_fps] by /roslaunch
[rosmaster.master][INFO] 2023-09-04 16:59:35,913: +PARAM [/camera/realsense2_camera/depth_fps] by /roslaunch
[rosmaster.master][INFO] 2023-09-04 16:59:35,913: +PARAM [/camera/realsense2_camera/infra_fps] by /roslaunch
[rosmaster.master][INFO] 2023-09-04 16:59:35,913: +PARAM [/camera/realsense2_camera/color_fps] by /roslaunch
[rosmaster.master][INFO] 2023-09-04 16:59:35,913: +PARAM [/camera/realsense2_camera/gyro_fps] by /roslaunch
[rosmaster.master][INFO] 2023-09-04 16:59:35,914: +PARAM [/camera/realsense2_camera/accel_fps] by /roslaunch
[rosmaster.master][INFO] 2023-09-04 16:59:35,914: +PARAM [/camera/realsense2_camera/enable_gyro] by /roslaunch
[rosmaster.master][INFO] 2023-09-04 16:59:35,914: +PARAM [/camera/realsense2_camera/enable_accel] by /roslaunch
[rosmaster.master][INFO] 2023-09-04 16:59:35,914: +PARAM [/camera/realsense2_camera/enable_pose] by /roslaunch
[rosmaster.master][INFO] 2023-09-04 16:59:35,914: +PARAM [/camera/realsense2_camera/base_frame_id] by /roslaunch
[rosmaster.master][INFO] 2023-09-04 16:59:35,914: +PARAM [/camera/realsense2_camera/depth_frame_id] by /roslaunch
[rosmaster.master][INFO] 2023-09-04 16:59:35,914: +PARAM [/camera/realsense2_camera/infra1_frame_id] by /roslaunch
[rosmaster.master][INFO] 2023-09-04 16:59:35,914: +PARAM [/camera/realsense2_camera/infra2_frame_id] by /roslaunch
[rosmaster.master][INFO] 2023-09-04 16:59:35,914: +PARAM [/camera/realsense2_camera/color_frame_id] by /roslaunch
[rosmaster.master][INFO] 2023-09-04 16:59:35,914: +PARAM [/camera/realsense2_camera/fisheye_frame_id] by /roslaunch
[rosmaster.master][INFO] 2023-09-04 16:59:35,914: +PARAM [/camera/realsense2_camera/fisheye1_frame_id] by /roslaunch
[rosmaster.master][INFO] 2023-09-04 16:59:35,915: +PARAM [/camera/realsense2_camera/fisheye2_frame_id] by /roslaunch
[rosmaster.master][INFO] 2023-09-04 16:59:35,915: +PARAM [/camera/realsense2_camera/accel_frame_id] by /roslaunch
[rosmaster.master][INFO] 2023-09-04 16:59:35,915: +PARAM [/camera/realsense2_camera/gyro_frame_id] by /roslaunch
[rosmaster.master][INFO] 2023-09-04 16:59:35,915: +PARAM [/camera/realsense2_camera/pose_frame_id] by /roslaunch
[rosmaster.master][INFO] 2023-09-04 16:59:35,915: +PARAM [/camera/realsense2_camera/depth_optical_frame_id] by /roslaunch
[rosmaster.master][INFO] 2023-09-04 16:59:35,915: +PARAM [/camera/realsense2_camera/infra1_optical_frame_id] by /roslaunch
[rosmaster.master][INFO] 2023-09-04 16:59:35,915: +PARAM [/camera/realsense2_camera/infra2_optical_frame_id] by /roslaunch
[rosmaster.master][INFO] 2023-09-04 16:59:35,915: +PARAM [/camera/realsense2_camera/color_optical_frame_id] by /roslaunch
[rosmaster.master][INFO] 2023-09-04 16:59:35,915: +PARAM [/camera/realsense2_camera/fisheye_optical_frame_id] by /roslaunch
[rosmaster.master][INFO] 2023-09-04 16:59:35,915: +PARAM [/camera/realsense2_camera/fisheye1_optical_frame_id] by /roslaunch
[rosmaster.master][INFO] 2023-09-04 16:59:35,916: +PARAM [/camera/realsense2_camera/fisheye2_optical_frame_id] by /roslaunch
[rosmaster.master][INFO] 2023-09-04 16:59:35,916: +PARAM [/camera/realsense2_camera/accel_optical_frame_id] by /roslaunch
[rosmaster.master][INFO] 2023-09-04 16:59:35,916: +PARAM [/camera/realsense2_camera/gyro_optical_frame_id] by /roslaunch
[rosmaster.master][INFO] 2023-09-04 16:59:35,916: +PARAM [/camera/realsense2_camera/imu_optical_frame_id] by /roslaunch
[rosmaster.master][INFO] 2023-09-04 16:59:35,916: +PARAM [/camera/realsense2_camera/pose_optical_frame_id] by /roslaunch
[rosmaster.master][INFO] 2023-09-04 16:59:35,916: +PARAM [/camera/realsense2_camera/aligned_depth_to_color_frame_id] by /roslaunch
[rosmaster.master][INFO] 2023-09-04 16:59:35,916: +PARAM [/camera/realsense2_camera/aligned_depth_to_infra1_frame_id] by /roslaunch
[rosmaster.master][INFO] 2023-09-04 16:59:35,916: +PARAM [/camera/realsense2_camera/aligned_depth_to_infra2_frame_id] by /roslaunch
[rosmaster.master][INFO] 2023-09-04 16:59:35,916: +PARAM [/camera/realsense2_camera/aligned_depth_to_fisheye_frame_id] by /roslaunch
[rosmaster.master][INFO] 2023-09-04 16:59:35,916: +PARAM [/camera/realsense2_camera/aligned_depth_to_fisheye1_frame_id] by /roslaunch
[rosmaster.master][INFO] 2023-09-04 16:59:35,916: +PARAM [/camera/realsense2_camera/aligned_depth_to_fisheye2_frame_id] by /roslaunch
[rosmaster.master][INFO] 2023-09-04 16:59:35,917: +PARAM [/camera/realsense2_camera/publish_tf] by /roslaunch
[rosmaster.master][INFO] 2023-09-04 16:59:35,917: +PARAM [/camera/realsense2_camera/tf_publish_rate] by /roslaunch
[rosmaster.master][INFO] 2023-09-04 16:59:35,917: +PARAM [/camera/realsense2_camera/odom_frame_id] by /roslaunch
[rosmaster.master][INFO] 2023-09-04 16:59:35,917: +PARAM [/camera/realsense2_camera/topic_odom_in] by /roslaunch
[rosmaster.master][INFO] 2023-09-04 16:59:35,917: +PARAM [/camera/realsense2_camera/calib_odom_file] by /roslaunch
[rosmaster.master][INFO] 2023-09-04 16:59:35,917: +PARAM [/camera/realsense2_camera/publish_odom_tf] by /roslaunch
[rosmaster.master][INFO] 2023-09-04 16:59:35,917: +PARAM [/camera/realsense2_camera/stereo_module/exposure/1] by /roslaunch
[rosmaster.master][INFO] 2023-09-04 16:59:35,917: +PARAM [/camera/realsense2_camera/stereo_module/gain/1] by /roslaunch
[rosmaster.master][INFO] 2023-09-04 16:59:35,917: +PARAM [/camera/realsense2_camera/stereo_module/exposure/2] by /roslaunch
[rosmaster.master][INFO] 2023-09-04 16:59:35,917: +PARAM [/camera/realsense2_camera/stereo_module/gain/2] by /roslaunch
[rosmaster.master][INFO] 2023-09-04 16:59:35,917: +PARAM [/camera/realsense2_camera/filters] by /roslaunch
[rosmaster.master][INFO] 2023-09-04 16:59:35,918: +PARAM [/camera/realsense2_camera/clip_distance] by /roslaunch
[rosmaster.master][INFO] 2023-09-04 16:59:35,918: +PARAM [/camera/realsense2_camera/linear_accel_cov] by /roslaunch
[rosmaster.master][INFO] 2023-09-04 16:59:35,918: +PARAM [/camera/realsense2_camera/initial_reset] by /roslaunch
[rosmaster.master][INFO] 2023-09-04 16:59:35,918: +PARAM [/camera/realsense2_camera/reconnect_timeout] by /roslaunch
[rosmaster.master][INFO] 2023-09-04 16:59:35,918: +PARAM [/camera/realsense2_camera/wait_for_device_timeout] by /roslaunch
[rosmaster.master][INFO] 2023-09-04 16:59:35,918: +PARAM [/camera/realsense2_camera/unite_imu_method] by /roslaunch
[rosmaster.master][INFO] 2023-09-04 16:59:36,012: +PUB [/rosout] /camera/realsense2_camera http://ubuntu:39293/
[rosmaster.master][INFO] 2023-09-04 16:59:36,013: +SERVICE [/camera/realsense2_camera/get_loggers] /camera/realsense2_camera http://ubuntu:39293/
[rosmaster.master][INFO] 2023-09-04 16:59:36,014: +SERVICE [/camera/realsense2_camera/set_logger_level] /camera/realsense2_camera http://ubuntu:39293/
[rosmaster.master][INFO] 2023-09-04 16:59:36,015: +CACHEDPARAM [/rosout_disable_topics_generation] by /camera/realsense2_camera
[rosmaster.master][INFO] 2023-09-04 16:59:36,018: +PARAM [/camera/realsense2_camera] by /camera/realsense2_camera
[rosmaster.master][INFO] 2023-09-04 16:59:36,021: publisherUpdate[/rosout] -> http://ubuntu:36231/ ['http://ubuntu:40235/', 'http://ubuntu:39293/']
[rosmaster.master][INFO] 2023-09-04 16:59:36,022: publisherUpdate[/rosout] -> http://ubuntu:36231/ ['http://ubuntu:40235/', 'http://ubuntu:39293/']: sec=0.00, result=[1, '', 0]
[rosmaster.master][INFO] 2023-09-04 16:59:36,035: +PUB [/rosout] /camera/realsense2_camera_manager http://ubuntu:43999/
[rosmaster.master][INFO] 2023-09-04 16:59:36,036: +SERVICE [/camera/realsense2_camera_manager/get_loggers] /camera/realsense2_camera_manager http://ubuntu:43999/
[rosmaster.master][INFO] 2023-09-04 16:59:36,037: +SERVICE [/camera/realsense2_camera_manager/set_logger_level] /camera/realsense2_camera_manager http://ubuntu:43999/
[rosmaster.master][INFO] 2023-09-04 16:59:36,039: +CACHEDPARAM [/rosout_disable_topics_generation] by /camera/realsense2_camera_manager
[rosmaster.master][INFO] 2023-09-04 16:59:36,041: +SERVICE [/camera/realsense2_camera_manager/load_nodelet] /camera/realsense2_camera_manager http://ubuntu:43999/
[rosmaster.master][INFO] 2023-09-04 16:59:36,042: +SERVICE [/camera/realsense2_camera_manager/unload_nodelet] /camera/realsense2_camera_manager http://ubuntu:43999/
[rosmaster.master][INFO] 2023-09-04 16:59:36,042: +SERVICE [/camera/realsense2_camera_manager/list] /camera/realsense2_camera_manager http://ubuntu:43999/
[rosmaster.master][INFO] 2023-09-04 16:59:36,104: publisherUpdate[/rosout] -> http://ubuntu:36231/ ['http://ubuntu:40235/', 'http://ubuntu:39293/', 'http://ubuntu:43999/']
[rosmaster.master][INFO] 2023-09-04 16:59:36,106: publisherUpdate[/rosout] -> http://ubuntu:36231/ ['http://ubuntu:40235/', 'http://ubuntu:39293/', 'http://ubuntu:43999/']: sec=0.00, result=[1, '', 0]
[rosmaster.master][INFO] 2023-09-04 16:59:36,209: +PUB [/camera/realsense2_camera_manager/bond] /camera/realsense2_camera_manager http://ubuntu:43999/
[rosmaster.master][INFO] 2023-09-04 16:59:36,214: +SUB [/camera/realsense2_camera_manager/bond] /camera/realsense2_camera_manager http://ubuntu:43999/
[rosmaster.master][INFO] 2023-09-04 16:59:36,225: +SERVICE [/camera/enable] /camera/realsense2_camera_manager http://ubuntu:43999/
[rosmaster.master][INFO] 2023-09-04 16:59:36,227: +SERVICE [/camera/realsense2_camera/reset] /camera/realsense2_camera_manager http://ubuntu:43999/
[rosmaster.master][INFO] 2023-09-04 16:59:36,308: +PUB [/camera/realsense2_camera_manager/bond] /camera/realsense2_camera http://ubuntu:39293/
[rosmaster.master][INFO] 2023-09-04 16:59:36,321: +SUB [/camera/realsense2_camera_manager/bond] /camera/realsense2_camera http://ubuntu:39293/
[rosmaster.master][INFO] 2023-09-04 16:59:36,324: publisherUpdate[/camera/realsense2_camera_manager/bond] -> http://ubuntu:43999/ ['http://ubuntu:43999/', 'http://ubuntu:39293/']
[rosmaster.master][INFO] 2023-09-04 16:59:36,326: publisherUpdate[/camera/realsense2_camera_manager/bond] -> http://ubuntu:43999/ ['http://ubuntu:43999/', 'http://ubuntu:39293/']: sec=0.00, result=[1, '', 0]
[rosmaster.master][INFO] 2023-09-04 16:59:36,588: +PUB [/tf_static] /camera/realsense2_camera_manager http://ubuntu:43999/
[rosmaster.master][INFO] 2023-09-04 16:59:36,593: +PUB [/tf] /camera/realsense2_camera_manager http://ubuntu:43999/
[rosmaster.master][INFO] 2023-09-04 16:59:36,607: publisherUpdate[/tf_static] -> http://ubuntu:40235/ ['http://ubuntu:43999/']
[rosmaster.master][INFO] 2023-09-04 16:59:36,609: publisherUpdate[/tf_static] -> http://ubuntu:40235/ ['http://ubuntu:43999/']: sec=0.00, result=[1, '', 0]
[rosmaster.master][INFO] 2023-09-04 16:59:36,609: publisherUpdate[/tf] -> http://ubuntu:40235/ ['http://ubuntu:43999/']
[rosmaster.master][INFO] 2023-09-04 16:59:36,610: publisherUpdate[/tf] -> http://ubuntu:40235/ ['http://ubuntu:43999/']: sec=0.00, result=[1, '', 0]
[rosmaster.master][INFO] 2023-09-04 16:59:40,876: +PUB [/camera/stereo_module/parameter_descriptions] /camera/realsense2_camera_manager http://ubuntu:43999/
[rosmaster.master][INFO] 2023-09-04 16:59:40,878: +PUB [/camera/stereo_module/parameter_updates] /camera/realsense2_camera_manager http://ubuntu:43999/
[rosmaster.master][INFO] 2023-09-04 16:59:40,885: +SERVICE [/camera/stereo_module/set_parameters] /camera/realsense2_camera_manager http://ubuntu:43999/
[rosmaster.master][INFO] 2023-09-04 16:59:42,478: +PUB [/camera/rgb_camera/parameter_descriptions] /camera/realsense2_camera_manager http://ubuntu:43999/
[rosmaster.master][INFO] 2023-09-04 16:59:42,479: +PUB [/camera/rgb_camera/parameter_updates] /camera/realsense2_camera_manager http://ubuntu:43999/
[rosmaster.master][INFO] 2023-09-04 16:59:42,480: +SERVICE [/camera/rgb_camera/set_parameters] /camera/realsense2_camera_manager http://ubuntu:43999/
[rosmaster.master][INFO] 2023-09-04 16:59:42,485: +PUB [/camera/motion_module/parameter_descriptions] /camera/realsense2_camera_manager http://ubuntu:43999/
[rosmaster.master][INFO] 2023-09-04 16:59:42,486: +PUB [/camera/motion_module/parameter_updates] /camera/realsense2_camera_manager http://ubuntu:43999/
[rosmaster.master][INFO] 2023-09-04 16:59:42,487: +SERVICE [/camera/motion_module/set_parameters] /camera/realsense2_camera_manager http://ubuntu:43999/
[rosmaster.master][INFO] 2023-09-04 16:59:42,492: +PUB [/diagnostics] /camera/realsense2_camera_manager http://ubuntu:43999/
[rosmaster.master][INFO] 2023-09-04 16:59:42,493: +CACHEDPARAM [/camera/realsense2_camera_manager/diagnostic_period] by /camera/realsense2_camera_manager
[rosmaster.master][INFO] 2023-09-04 16:59:42,501: +PUB [/camera/depth/image_rect_raw/compressedDepth] /camera/realsense2_camera_manager http://ubuntu:43999/
[rosmaster.master][INFO] 2023-09-04 16:59:42,503: +SERVICE [/camera/depth/image_rect_raw/compressedDepth/set_parameters] /camera/realsense2_camera_manager http://ubuntu:43999/
[rosmaster.master][INFO] 2023-09-04 16:59:42,505: +PUB [/camera/depth/image_rect_raw/compressedDepth/parameter_descriptions] /camera/realsense2_camera_manager http://ubuntu:43999/
[rosmaster.master][INFO] 2023-09-04 16:59:42,507: +PUB [/camera/depth/image_rect_raw/compressedDepth/parameter_updates] /camera/realsense2_camera_manager http://ubuntu:43999/
[rosmaster.master][INFO] 2023-09-04 16:59:42,512: +PARAM [/camera/depth/image_rect_raw/compressedDepth/format] by /camera/realsense2_camera_manager
[rosmaster.master][INFO] 2023-09-04 16:59:42,516: +PARAM [/camera/depth/image_rect_raw/compressedDepth/depth_max] by /camera/realsense2_camera_manager
[rosmaster.master][INFO] 2023-09-04 16:59:42,517: +PARAM [/camera/depth/image_rect_raw/compressedDepth/depth_quantization] by /camera/realsense2_camera_manager
[rosmaster.master][INFO] 2023-09-04 16:59:42,518: +PARAM [/camera/depth/image_rect_raw/compressedDepth/png_level] by /camera/realsense2_camera_manager
[rosmaster.master][INFO] 2023-09-04 16:59:42,520: +PARAM [/camera/depth/image_rect_raw/compressedDepth/format] by /camera/realsense2_camera_manager
[rosmaster.master][INFO] 2023-09-04 16:59:42,521: +PARAM [/camera/depth/image_rect_raw/compressedDepth/depth_max] by /camera/realsense2_camera_manager
[rosmaster.master][INFO] 2023-09-04 16:59:42,523: +PARAM [/camera/depth/image_rect_raw/compressedDepth/depth_quantization] by /camera/realsense2_camera_manager
[rosmaster.master][INFO] 2023-09-04 16:59:42,524: +PARAM [/camera/depth/image_rect_raw/compressedDepth/png_level] by /camera/realsense2_camera_manager
[rosmaster.master][INFO] 2023-09-04 16:59:42,528: +PUB [/camera/depth/image_rect_raw/compressed] /camera/realsense2_camera_manager http://ubuntu:43999/
[rosmaster.master][INFO] 2023-09-04 16:59:42,530: +SERVICE [/camera/depth/image_rect_raw/compressed/set_parameters] /camera/realsense2_camera_manager http://ubuntu:43999/
[rosmaster.master][INFO] 2023-09-04 16:59:42,532: +PUB [/camera/depth/image_rect_raw/compressed/parameter_descriptions] /camera/realsense2_camera_manager http://ubuntu:43999/
[rosmaster.master][INFO] 2023-09-04 16:59:42,534: +PUB [/camera/depth/image_rect_raw/compressed/parameter_updates] /camera/realsense2_camera_manager http://ubuntu:43999/
[rosmaster.master][INFO] 2023-09-04 16:59:42,540: +PARAM [/camera/depth/image_rect_raw/compressed/format] by /camera/realsense2_camera_manager
[rosmaster.master][INFO] 2023-09-04 16:59:42,542: +PARAM [/camera/depth/image_rect_raw/compressed/jpeg_quality] by /camera/realsense2_camera_manager
[rosmaster.master][INFO] 2023-09-04 16:59:42,543: +PARAM [/camera/depth/image_rect_raw/compressed/jpeg_progressive] by /camera/realsense2_camera_manager
[rosmaster.master][INFO] 2023-09-04 16:59:42,545: +PARAM [/camera/depth/image_rect_raw/compressed/jpeg_optimize] by /camera/realsense2_camera_manager
[rosmaster.master][INFO] 2023-09-04 16:59:42,546: +PARAM [/camera/depth/image_rect_raw/compressed/jpeg_restart_interval] by /camera/realsense2_camera_manager
[rosmaster.master][INFO] 2023-09-04 16:59:42,548: +PARAM [/camera/depth/image_rect_raw/compressed/png_level] by /camera/realsense2_camera_manager
[rosmaster.master][INFO] 2023-09-04 16:59:42,549: +PARAM [/camera/depth/image_rect_raw/compressed/format] by /camera/realsense2_camera_manager
[rosmaster.master][INFO] 2023-09-04 16:59:42,550: +PARAM [/camera/depth/image_rect_raw/compressed/jpeg_quality] by /camera/realsense2_camera_manager
[rosmaster.master][INFO] 2023-09-04 16:59:42,552: +PARAM [/camera/depth/image_rect_raw/compressed/jpeg_progressive] by /camera/realsense2_camera_manager
[rosmaster.master][INFO] 2023-09-04 16:59:42,553: +PARAM [/camera/depth/image_rect_raw/compressed/jpeg_optimize] by /camera/realsense2_camera_manager
[rosmaster.master][INFO] 2023-09-04 16:59:42,554: +PARAM [/camera/depth/image_rect_raw/compressed/jpeg_restart_interval] by /camera/realsense2_camera_manager
[rosmaster.master][INFO] 2023-09-04 16:59:42,555: +PARAM [/camera/depth/image_rect_raw/compressed/png_level] by /camera/realsense2_camera_manager
[rosmaster.master][INFO] 2023-09-04 16:59:42,559: +PUB [/camera/depth/image_rect_raw] /camera/realsense2_camera_manager http://ubuntu:43999/
[rosmaster.master][INFO] 2023-09-04 16:59:42,569: +PUB [/camera/depth/image_rect_raw/theora] /camera/realsense2_camera_manager http://ubuntu:43999/
[rosmaster.master][INFO] 2023-09-04 16:59:42,571: +SERVICE [/camera/depth/image_rect_raw/theora/set_parameters] /camera/realsense2_camera_manager http://ubuntu:43999/
[rosmaster.master][INFO] 2023-09-04 16:59:42,573: +PUB [/camera/depth/image_rect_raw/theora/parameter_descriptions] /camera/realsense2_camera_manager http://ubuntu:43999/
[rosmaster.master][INFO] 2023-09-04 16:59:42,574: +PUB [/camera/depth/image_rect_raw/theora/parameter_updates] /camera/realsense2_camera_manager http://ubuntu:43999/
[rosmaster.master][INFO] 2023-09-04 16:59:42,580: +PARAM [/camera/depth/image_rect_raw/theora/optimize_for] by /camera/realsense2_camera_manager
[rosmaster.master][INFO] 2023-09-04 16:59:42,582: +PARAM [/camera/depth/image_rect_raw/theora/target_bitrate] by /camera/realsense2_camera_manager
[rosmaster.master][INFO] 2023-09-04 16:59:42,583: +PARAM [/camera/depth/image_rect_raw/theora/quality] by /camera/realsense2_camera_manager
[rosmaster.master][INFO] 2023-09-04 16:59:42,585: +PARAM [/camera/depth/image_rect_raw/theora/keyframe_frequency] by /camera/realsense2_camera_manager
[rosmaster.master][INFO] 2023-09-04 16:59:42,586: +PARAM [/camera/depth/image_rect_raw/theora/optimize_for] by /camera/realsense2_camera_manager
[rosmaster.master][INFO] 2023-09-04 16:59:42,588: +PARAM [/camera/depth/image_rect_raw/theora/target_bitrate] by /camera/realsense2_camera_manager
[rosmaster.master][INFO] 2023-09-04 16:59:42,589: +PARAM [/camera/depth/image_rect_raw/theora/quality] by /camera/realsense2_camera_manager
[rosmaster.master][INFO] 2023-09-04 16:59:42,591: +PARAM [/camera/depth/image_rect_raw/theora/keyframe_frequency] by /camera/realsense2_camera_manager
[rosmaster.master][INFO] 2023-09-04 16:59:42,592: +PUB [/camera/depth/camera_info] /camera/realsense2_camera_manager http://ubuntu:43999/
[rosmaster.master][INFO] 2023-09-04 16:59:42,594: +PUB [/camera/depth/metadata] /camera/realsense2_camera_manager http://ubuntu:43999/
[rosmaster.master][INFO] 2023-09-04 16:59:42,596: +PUB [/camera/infra1/image_rect_raw/compressedDepth] /camera/realsense2_camera_manager http://ubuntu:43999/
[rosmaster.master][INFO] 2023-09-04 16:59:42,598: +SERVICE [/camera/infra1/image_rect_raw/compressedDepth/set_parameters] /camera/realsense2_camera_manager http://ubuntu:43999/
[rosmaster.master][INFO] 2023-09-04 16:59:42,599: +PUB [/camera/infra1/image_rect_raw/compressedDepth/parameter_descriptions] /camera/realsense2_camera_manager http://ubuntu:43999/
[rosmaster.master][INFO] 2023-09-04 16:59:42,601: +PUB [/camera/infra1/image_rect_raw/compressedDepth/parameter_updates] /camera/realsense2_camera_manager http://ubuntu:43999/
[rosmaster.master][INFO] 2023-09-04 16:59:42,606: +PARAM [/camera/infra1/image_rect_raw/compressedDepth/format] by /camera/realsense2_camera_manager
[rosmaster.master][INFO] 2023-09-04 16:59:42,608: +PARAM [/camera/infra1/image_rect_raw/compressedDepth/depth_max] by /camera/realsense2_camera_manager
[rosmaster.master][INFO] 2023-09-04 16:59:42,609: +PARAM [/camera/infra1/image_rect_raw/compressedDepth/depth_quantization] by /camera/realsense2_camera_manager
[rosmaster.master][INFO] 2023-09-04 16:59:42,610: +PARAM [/camera/infra1/image_rect_raw/compressedDepth/png_level] by /camera/realsense2_camera_manager
[rosmaster.master][INFO] 2023-09-04 16:59:42,612: +PARAM [/camera/infra1/image_rect_raw/compressedDepth/format] by /camera/realsense2_camera_manager
[rosmaster.master][INFO] 2023-09-04 16:59:42,613: +PARAM [/camera/infra1/image_rect_raw/compressedDepth/depth_max] by /camera/realsense2_camera_manager
[rosmaster.master][INFO] 2023-09-04 16:59:42,615: +PARAM [/camera/infra1/image_rect_raw/compressedDepth/depth_quantization] by /camera/realsense2_camera_manager
[rosmaster.master][INFO] 2023-09-04 16:59:42,616: +PARAM [/camera/infra1/image_rect_raw/compressedDepth/png_level] by /camera/realsense2_camera_manager
[rosmaster.master][INFO] 2023-09-04 16:59:42,617: +PUB [/camera/infra1/image_rect_raw/compressed] /camera/realsense2_camera_manager http://ubuntu:43999/
[rosmaster.master][INFO] 2023-09-04 16:59:42,619: +SERVICE [/camera/infra1/image_rect_raw/compressed/set_parameters] /camera/realsense2_camera_manager http://ubuntu:43999/
[rosmaster.master][INFO] 2023-09-04 16:59:42,620: +PUB [/camera/infra1/image_rect_raw/compressed/parameter_descriptions] /camera/realsense2_camera_manager http://ubuntu:43999/
[rosmaster.master][INFO] 2023-09-04 16:59:42,622: +PUB [/camera/infra1/image_rect_raw/compressed/parameter_updates] /camera/realsense2_camera_manager http://ubuntu:43999/
[rosmaster.master][INFO] 2023-09-04 16:59:42,629: +PARAM [/camera/infra1/image_rect_raw/compressed/format] by /camera/realsense2_camera_manager
[rosmaster.master][INFO] 2023-09-04 16:59:42,630: +PARAM [/camera/infra1/image_rect_raw/compressed/jpeg_quality] by /camera/realsense2_camera_manager
[rosmaster.master][INFO] 2023-09-04 16:59:42,631: +PARAM [/camera/infra1/image_rect_raw/compressed/jpeg_progressive] by /camera/realsense2_camera_manager
[rosmaster.master][INFO] 2023-09-04 16:59:42,633: +PARAM [/camera/infra1/image_rect_raw/compressed/jpeg_optimize] by /camera/realsense2_camera_manager
[rosmaster.master][INFO] 2023-09-04 16:59:42,634: +PARAM [/camera/infra1/image_rect_raw/compressed/jpeg_restart_interval] by /camera/realsense2_camera_manager
[rosmaster.master][INFO] 2023-09-04 16:59:42,636: +PARAM [/camera/infra1/image_rect_raw/compressed/png_level] by /camera/realsense2_camera_manager
[rosmaster.master][INFO] 2023-09-04 16:59:42,637: +PARAM [/camera/infra1/image_rect_raw/compressed/format] by /camera/realsense2_camera_manager
[rosmaster.master][INFO] 2023-09-04 16:59:42,639: +PARAM [/camera/infra1/image_rect_raw/compressed/jpeg_quality] by /camera/realsense2_camera_manager
[rosmaster.master][INFO] 2023-09-04 16:59:42,641: +PARAM [/camera/infra1/image_rect_raw/compressed/jpeg_progressive] by /camera/realsense2_camera_manager
[rosmaster.master][INFO] 2023-09-04 16:59:42,642: +PARAM [/camera/infra1/image_rect_raw/compressed/jpeg_optimize] by /camera/realsense2_camera_manager
[rosmaster.master][INFO] 2023-09-04 16:59:42,643: +PARAM [/camera/infra1/image_rect_raw/compressed/jpeg_restart_interval] by /camera/realsense2_camera_manager
[rosmaster.master][INFO] 2023-09-04 16:59:42,644: +PARAM [/camera/infra1/image_rect_raw/compressed/png_level] by /camera/realsense2_camera_manager
[rosmaster.master][INFO] 2023-09-04 16:59:42,645: +PUB [/camera/infra1/image_rect_raw] /camera/realsense2_camera_manager http://ubuntu:43999/
[rosmaster.master][INFO] 2023-09-04 16:59:42,647: +PUB [/camera/infra1/image_rect_raw/theora] /camera/realsense2_camera_manager http://ubuntu:43999/
[rosmaster.master][INFO] 2023-09-04 16:59:42,648: +SERVICE [/camera/infra1/image_rect_raw/theora/set_parameters] /camera/realsense2_camera_manager http://ubuntu:43999/
[rosmaster.master][INFO] 2023-09-04 16:59:42,649: +PUB [/camera/infra1/image_rect_raw/theora/parameter_descriptions] /camera/realsense2_camera_manager http://ubuntu:43999/
[rosmaster.master][INFO] 2023-09-04 16:59:42,649: +PUB [/camera/infra1/image_rect_raw/theora/parameter_updates] /camera/realsense2_camera_manager http://ubuntu:43999/
[rosmaster.master][INFO] 2023-09-04 16:59:42,652: +PARAM [/camera/infra1/image_rect_raw/theora/optimize_for] by /camera/realsense2_camera_manager
[rosmaster.master][INFO] 2023-09-04 16:59:42,652: +PARAM [/camera/infra1/image_rect_raw/theora/target_bitrate] by /camera/realsense2_camera_manager
[rosmaster.master][INFO] 2023-09-04 16:59:42,653: +PARAM [/camera/infra1/image_rect_raw/theora/quality] by /camera/realsense2_camera_manager
[rosmaster.master][INFO] 2023-09-04 16:59:42,653: +PARAM [/camera/infra1/image_rect_raw/theora/keyframe_frequency] by /camera/realsense2_camera_manager
[rosmaster.master][INFO] 2023-09-04 16:59:42,654: +PARAM [/camera/infra1/image_rect_raw/theora/optimize_for] by /camera/realsense2_camera_manager
[rosmaster.master][INFO] 2023-09-04 16:59:42,655: +PARAM [/camera/infra1/image_rect_raw/theora/target_bitrate] by /camera/realsense2_camera_manager
[rosmaster.master][INFO] 2023-09-04 16:59:42,655: +PARAM [/camera/infra1/image_rect_raw/theora/quality] by /camera/realsense2_camera_manager
[rosmaster.master][INFO] 2023-09-04 16:59:42,656: +PARAM [/camera/infra1/image_rect_raw/theora/keyframe_frequency] by /camera/realsense2_camera_manager
[rosmaster.master][INFO] 2023-09-04 16:59:42,656: +PUB [/camera/infra1/camera_info] /camera/realsense2_camera_manager http://ubuntu:43999/
[rosmaster.master][INFO] 2023-09-04 16:59:42,657: +PUB [/camera/infra1/metadata] /camera/realsense2_camera_manager http://ubuntu:43999/
[rosmaster.master][INFO] 2023-09-04 16:59:42,659: +PUB [/camera/infra2/image_rect_raw/compressedDepth] /camera/realsense2_camera_manager http://ubuntu:43999/
[rosmaster.master][INFO] 2023-09-04 16:59:42,659: +SERVICE [/camera/infra2/image_rect_raw/compressedDepth/set_parameters] /camera/realsense2_camera_manager http://ubuntu:43999/
[rosmaster.master][INFO] 2023-09-04 16:59:42,660: +PUB [/camera/infra2/image_rect_raw/compressedDepth/parameter_descriptions] /camera/realsense2_camera_manager http://ubuntu:43999/
[rosmaster.master][INFO] 2023-09-04 16:59:42,661: +PUB [/camera/infra2/image_rect_raw/compressedDepth/parameter_updates] /camera/realsense2_camera_manager http://ubuntu:43999/
[rosmaster.master][INFO] 2023-09-04 16:59:42,663: +PARAM [/camera/infra2/image_rect_raw/compressedDepth/format] by /camera/realsense2_camera_manager
[rosmaster.master][INFO] 2023-09-04 16:59:42,663: +PARAM [/camera/infra2/image_rect_raw/compressedDepth/depth_max] by /camera/realsense2_camera_manager
[rosmaster.master][INFO] 2023-09-04 16:59:42,664: +PARAM [/camera/infra2/image_rect_raw/compressedDepth/depth_quantization] by /camera/realsense2_camera_manager
[rosmaster.master][INFO] 2023-09-04 16:59:42,664: +PARAM [/camera/infra2/image_rect_raw/compressedDepth/png_level] by /camera/realsense2_camera_manager
[rosmaster.master][INFO] 2023-09-04 16:59:42,665: +PARAM [/camera/infra2/image_rect_raw/compressedDepth/format] by /camera/realsense2_camera_manager
[rosmaster.master][INFO] 2023-09-04 16:59:42,665: +PARAM [/camera/infra2/image_rect_raw/compressedDepth/depth_max] by /camera/realsense2_camera_manager
[rosmaster.master][INFO] 2023-09-04 16:59:42,666: +PARAM [/camera/infra2/image_rect_raw/compressedDepth/depth_quantization] by /camera/realsense2_camera_manager
[rosmaster.master][INFO] 2023-09-04 16:59:42,667: +PARAM [/camera/infra2/image_rect_raw/compressedDepth/png_level] by /camera/realsense2_camera_manager
[rosmaster.master][INFO] 2023-09-04 16:59:42,668: +PUB [/camera/infra2/image_rect_raw/compressed] /camera/realsense2_camera_manager http://ubuntu:43999/
[rosmaster.master][INFO] 2023-09-04 16:59:42,669: +SERVICE [/camera/infra2/image_rect_raw/compressed/set_parameters] /camera/realsense2_camera_manager http://ubuntu:43999/
[rosmaster.master][INFO] 2023-09-04 16:59:42,670: +PUB [/camera/infra2/image_rect_raw/compressed/parameter_descriptions] /camera/realsense2_camera_manager http://ubuntu:43999/
[rosmaster.master][INFO] 2023-09-04 16:59:42,671: +PUB [/camera/infra2/image_rect_raw/compressed/parameter_updates] /camera/realsense2_camera_manager http://ubuntu:43999/
[rosmaster.master][INFO] 2023-09-04 16:59:42,676: +PARAM [/camera/infra2/image_rect_raw/compressed/format] by /camera/realsense2_camera_manager
[rosmaster.master][INFO] 2023-09-04 16:59:42,677: +PARAM [/camera/infra2/image_rect_raw/compressed/jpeg_quality] by /camera/realsense2_camera_manager
[rosmaster.master][INFO] 2023-09-04 16:59:42,678: +PARAM [/camera/infra2/image_rect_raw/compressed/jpeg_progressive] by /camera/realsense2_camera_manager
[rosmaster.master][INFO] 2023-09-04 16:59:42,679: +PARAM [/camera/infra2/image_rect_raw/compressed/jpeg_optimize] by /camera/realsense2_camera_manager
[rosmaster.master][INFO] 2023-09-04 16:59:42,679: +PARAM [/camera/infra2/image_rect_raw/compressed/jpeg_restart_interval] by /camera/realsense2_camera_manager
[rosmaster.master][INFO] 2023-09-04 16:59:42,680: +PARAM [/camera/infra2/image_rect_raw/compressed/png_level] by /camera/realsense2_camera_manager
[rosmaster.master][INFO] 2023-09-04 16:59:42,681: +PARAM [/camera/infra2/image_rect_raw/compressed/format] by /camera/realsense2_camera_manager
[rosmaster.master][INFO] 2023-09-04 16:59:42,682: +PARAM [/camera/infra2/image_rect_raw/compressed/jpeg_quality] by /camera/realsense2_camera_manager
[rosmaster.master][INFO] 2023-09-04 16:59:42,683: +PARAM [/camera/infra2/image_rect_raw/compressed/jpeg_progressive] by /camera/realsense2_camera_manager
[rosmaster.master][INFO] 2023-09-04 16:59:42,684: +PARAM [/camera/infra2/image_rect_raw/compressed/jpeg_optimize] by /camera/realsense2_camera_manager
[rosmaster.master][INFO] 2023-09-04 16:59:42,684: +PARAM [/camera/infra2/image_rect_raw/compressed/jpeg_restart_interval] by /camera/realsense2_camera_manager
[rosmaster.master][INFO] 2023-09-04 16:59:42,685: +PARAM [/camera/infra2/image_rect_raw/compressed/png_level] by /camera/realsense2_camera_manager
[rosmaster.master][INFO] 2023-09-04 16:59:42,686: +PUB [/camera/infra2/image_rect_raw] /camera/realsense2_camera_manager http://ubuntu:43999/
[rosmaster.master][INFO] 2023-09-04 16:59:42,686: +PUB [/camera/infra2/image_rect_raw/theora] /camera/realsense2_camera_manager http://ubuntu:43999/
[rosmaster.master][INFO] 2023-09-04 16:59:42,687: +SERVICE [/camera/infra2/image_rect_raw/theora/set_parameters] /camera/realsense2_camera_manager http://ubuntu:43999/
[rosmaster.master][INFO] 2023-09-04 16:59:42,688: +PUB [/camera/infra2/image_rect_raw/theora/parameter_descriptions] /camera/realsense2_camera_manager http://ubuntu:43999/
[rosmaster.master][INFO] 2023-09-04 16:59:42,689: +PUB [/camera/infra2/image_rect_raw/theora/parameter_updates] /camera/realsense2_camera_manager http://ubuntu:43999/
[rosmaster.master][INFO] 2023-09-04 16:59:42,691: +PARAM [/camera/infra2/image_rect_raw/theora/optimize_for] by /camera/realsense2_camera_manager
[rosmaster.master][INFO] 2023-09-04 16:59:42,691: +PARAM [/camera/infra2/image_rect_raw/theora/target_bitrate] by /camera/realsense2_camera_manager
[rosmaster.master][INFO] 2023-09-04 16:59:42,692: +PARAM [/camera/infra2/image_rect_raw/theora/quality] by /camera/realsense2_camera_manager
[rosmaster.master][INFO] 2023-09-04 16:59:42,692: +PARAM [/camera/infra2/image_rect_raw/theora/keyframe_frequency] by /camera/realsense2_camera_manager
[rosmaster.master][INFO] 2023-09-04 16:59:42,693: +PARAM [/camera/infra2/image_rect_raw/theora/optimize_for] by /camera/realsense2_camera_manager
[rosmaster.master][INFO] 2023-09-04 16:59:42,693: +PARAM [/camera/infra2/image_rect_raw/theora/target_bitrate] by /camera/realsense2_camera_manager
[rosmaster.master][INFO] 2023-09-04 16:59:42,694: +PARAM [/camera/infra2/image_rect_raw/theora/quality] by /camera/realsense2_camera_manager
[rosmaster.master][INFO] 2023-09-04 16:59:42,694: +PARAM [/camera/infra2/image_rect_raw/theora/keyframe_frequency] by /camera/realsense2_camera_manager
[rosmaster.master][INFO] 2023-09-04 16:59:42,695: +PUB [/camera/infra2/camera_info] /camera/realsense2_camera_manager http://ubuntu:43999/
[rosmaster.master][INFO] 2023-09-04 16:59:42,696: +PUB [/camera/infra2/metadata] /camera/realsense2_camera_manager http://ubuntu:43999/
[rosmaster.master][INFO] 2023-09-04 16:59:42,697: +PUB [/camera/color/image_raw/compressedDepth] /camera/realsense2_camera_manager http://ubuntu:43999/
[rosmaster.master][INFO] 2023-09-04 16:59:42,698: +SERVICE [/camera/color/image_raw/compressedDepth/set_parameters] /camera/realsense2_camera_manager http://ubuntu:43999/
[rosmaster.master][INFO] 2023-09-04 16:59:42,698: +PUB [/camera/color/image_raw/compressedDepth/parameter_descriptions] /camera/realsense2_camera_manager http://ubuntu:43999/
[rosmaster.master][INFO] 2023-09-04 16:59:42,699: +PUB [/camera/color/image_raw/compressedDepth/parameter_updates] /camera/realsense2_camera_manager http://ubuntu:43999/
[rosmaster.master][INFO] 2023-09-04 16:59:42,701: +PARAM [/camera/color/image_raw/compressedDepth/format] by /camera/realsense2_camera_manager
[rosmaster.master][INFO] 2023-09-04 16:59:42,702: +PARAM [/camera/color/image_raw/compressedDepth/depth_max] by /camera/realsense2_camera_manager
[rosmaster.master][INFO] 2023-09-04 16:59:42,702: +PARAM [/camera/color/image_raw/compressedDepth/depth_quantization] by /camera/realsense2_camera_manager
[rosmaster.master][INFO] 2023-09-04 16:59:42,703: +PARAM [/camera/color/image_raw/compressedDepth/png_level] by /camera/realsense2_camera_manager
[rosmaster.master][INFO] 2023-09-04 16:59:42,703: +PARAM [/camera/color/image_raw/compressedDepth/format] by /camera/realsense2_camera_manager
[rosmaster.master][INFO] 2023-09-04 16:59:42,704: +PARAM [/camera/color/image_raw/compressedDepth/depth_max] by /camera/realsense2_camera_manager
[rosmaster.master][INFO] 2023-09-04 16:59:42,705: +PARAM [/camera/color/image_raw/compressedDepth/depth_quantization] by /camera/realsense2_camera_manager
[rosmaster.master][INFO] 2023-09-04 16:59:42,705: +PARAM [/camera/color/image_raw/compressedDepth/png_level] by /camera/realsense2_camera_manager
[rosmaster.master][INFO] 2023-09-04 16:59:42,706: +PUB [/camera/color/image_raw/compressed] /camera/realsense2_camera_manager http://ubuntu:43999/
[rosmaster.master][INFO] 2023-09-04 16:59:42,706: +SERVICE [/camera/color/image_raw/compressed/set_parameters] /camera/realsense2_camera_manager http://ubuntu:43999/
[rosmaster.master][INFO] 2023-09-04 16:59:42,707: +PUB [/camera/color/image_raw/compressed/parameter_descriptions] /camera/realsense2_camera_manager http://ubuntu:43999/
[rosmaster.master][INFO] 2023-09-04 16:59:42,707: +PUB [/camera/color/image_raw/compressed/parameter_updates] /camera/realsense2_camera_manager http://ubuntu:43999/
[rosmaster.master][INFO] 2023-09-04 16:59:42,710: +PARAM [/camera/color/image_raw/compressed/format] by /camera/realsense2_camera_manager
[rosmaster.master][INFO] 2023-09-04 16:59:42,711: +PARAM [/camera/color/image_raw/compressed/jpeg_quality] by /camera/realsense2_camera_manager
[rosmaster.master][INFO] 2023-09-04 16:59:42,711: +PARAM [/camera/color/image_raw/compressed/jpeg_progressive] by /camera/realsense2_camera_manager
[rosmaster.master][INFO] 2023-09-04 16:59:42,712: +PARAM [/camera/color/image_raw/compressed/jpeg_optimize] by /camera/realsense2_camera_manager
[rosmaster.master][INFO] 2023-09-04 16:59:42,712: +PARAM [/camera/color/image_raw/compressed/jpeg_restart_interval] by /camera/realsense2_camera_manager
[rosmaster.master][INFO] 2023-09-04 16:59:42,713: +PARAM [/camera/color/image_raw/compressed/png_level] by /camera/realsense2_camera_manager
[rosmaster.master][INFO] 2023-09-04 16:59:42,714: +PARAM [/camera/color/image_raw/compressed/format] by /camera/realsense2_camera_manager
[rosmaster.master][INFO] 2023-09-04 16:59:42,714: +PARAM [/camera/color/image_raw/compressed/jpeg_quality] by /camera/realsense2_camera_manager
[rosmaster.master][INFO] 2023-09-04 16:59:42,715: +PARAM [/camera/color/image_raw/compressed/jpeg_progressive] by /camera/realsense2_camera_manager
[rosmaster.master][INFO] 2023-09-04 16:59:42,715: +PARAM [/camera/color/image_raw/compressed/jpeg_optimize] by /camera/realsense2_camera_manager
[rosmaster.master][INFO] 2023-09-04 16:59:42,716: +PARAM [/camera/color/image_raw/compressed/jpeg_restart_interval] by /camera/realsense2_camera_manager
[rosmaster.master][INFO] 2023-09-04 16:59:42,716: +PARAM [/camera/color/image_raw/compressed/png_level] by /camera/realsense2_camera_manager
[rosmaster.master][INFO] 2023-09-04 16:59:42,717: +PUB [/camera/color/image_raw] /camera/realsense2_camera_manager http://ubuntu:43999/
[rosmaster.master][INFO] 2023-09-04 16:59:42,718: +PUB [/camera/color/image_raw/theora] /camera/realsense2_camera_manager http://ubuntu:43999/
[rosmaster.master][INFO] 2023-09-04 16:59:42,718: +SERVICE [/camera/color/image_raw/theora/set_parameters] /camera/realsense2_camera_manager http://ubuntu:43999/
[rosmaster.master][INFO] 2023-09-04 16:59:42,719: +PUB [/camera/color/image_raw/theora/parameter_descriptions] /camera/realsense2_camera_manager http://ubuntu:43999/
[rosmaster.master][INFO] 2023-09-04 16:59:42,720: +PUB [/camera/color/image_raw/theora/parameter_updates] /camera/realsense2_camera_manager http://ubuntu:43999/
[rosmaster.master][INFO] 2023-09-04 16:59:42,722: +PARAM [/camera/color/image_raw/theora/optimize_for] by /camera/realsense2_camera_manager
[rosmaster.master][INFO] 2023-09-04 16:59:42,723: +PARAM [/camera/color/image_raw/theora/target_bitrate] by /camera/realsense2_camera_manager
[rosmaster.master][INFO] 2023-09-04 16:59:42,723: +PARAM [/camera/color/image_raw/theora/quality] by /camera/realsense2_camera_manager
[rosmaster.master][INFO] 2023-09-04 16:59:42,724: +PARAM [/camera/color/image_raw/theora/keyframe_frequency] by /camera/realsense2_camera_manager
[rosmaster.master][INFO] 2023-09-04 16:59:42,724: +PARAM [/camera/color/image_raw/theora/optimize_for] by /camera/realsense2_camera_manager
[rosmaster.master][INFO] 2023-09-04 16:59:42,725: +PARAM [/camera/color/image_raw/theora/target_bitrate] by /camera/realsense2_camera_manager
[rosmaster.master][INFO] 2023-09-04 16:59:42,725: +PARAM [/camera/color/image_raw/theora/quality] by /camera/realsense2_camera_manager
[rosmaster.master][INFO] 2023-09-04 16:59:42,726: +PARAM [/camera/color/image_raw/theora/keyframe_frequency] by /camera/realsense2_camera_manager
[rosmaster.master][INFO] 2023-09-04 16:59:42,727: +PUB [/camera/color/camera_info] /camera/realsense2_camera_manager http://ubuntu:43999/
[rosmaster.master][INFO] 2023-09-04 16:59:42,727: +PUB [/camera/color/metadata] /camera/realsense2_camera_manager http://ubuntu:43999/
[rosmaster.master][INFO] 2023-09-04 16:59:42,728: +PUB [/camera/extrinsics/depth_to_color] /camera/realsense2_camera_manager http://ubuntu:43999/
[rosmaster.master][INFO] 2023-09-04 16:59:42,728: +PUB [/camera/extrinsics/depth_to_infra1] /camera/realsense2_camera_manager http://ubuntu:43999/
[rosmaster.master][INFO] 2023-09-04 16:59:42,729: +PUB [/camera/extrinsics/depth_to_infra2] /camera/realsense2_camera_manager http://ubuntu:43999/
[rosmaster.master][INFO] 2023-09-04 16:59:58,969: -PUB [/rosout] /camera/realsense2_camera_manager http://ubuntu:43999/
[rosmaster.master][INFO] 2023-09-04 16:59:58,970: -PUB [/camera/realsense2_camera_manager/bond] /camera/realsense2_camera_manager http://ubuntu:43999/
[rosmaster.master][INFO] 2023-09-04 16:59:58,971: -PUB [/tf_static] /camera/realsense2_camera_manager http://ubuntu:43999/
[rosmaster.master][INFO] 2023-09-04 16:59:58,972: -PUB [/tf] /camera/realsense2_camera_manager http://ubuntu:43999/
[rosmaster.master][INFO] 2023-09-04 16:59:58,973: -PUB [/camera/stereo_module/parameter_descriptions] /camera/realsense2_camera_manager http://ubuntu:43999/
[rosmaster.master][INFO] 2023-09-04 16:59:58,974: -PUB [/camera/stereo_module/parameter_updates] /camera/realsense2_camera_manager http://ubuntu:43999/
[rosmaster.master][INFO] 2023-09-04 16:59:58,974: -PUB [/camera/rgb_camera/parameter_descriptions] /camera/realsense2_camera_manager http://ubuntu:43999/
[rosmaster.master][INFO] 2023-09-04 16:59:58,975: -PUB [/camera/rgb_camera/parameter_updates] /camera/realsense2_camera_manager http://ubuntu:43999/
[rosmaster.master][INFO] 2023-09-04 16:59:58,976: -PUB [/camera/motion_module/parameter_descriptions] /camera/realsense2_camera_manager http://ubuntu:43999/
[rosmaster.master][INFO] 2023-09-04 16:59:58,976: -PUB [/camera/motion_module/parameter_updates] /camera/realsense2_camera_manager http://ubuntu:43999/
[rosmaster.master][INFO] 2023-09-04 16:59:58,976: -PUB [/diagnostics] /camera/realsense2_camera_manager http://ubuntu:43999/
[rosmaster.master][INFO] 2023-09-04 16:59:58,977: -PUB [/camera/depth/image_rect_raw/compressedDepth] /camera/realsense2_camera_manager http://ubuntu:43999/
[rosmaster.master][INFO] 2023-09-04 16:59:58,977: -PUB [/camera/depth/image_rect_raw/compressedDepth/parameter_descriptions] /camera/realsense2_camera_manager http://ubuntu:43999/
[rosmaster.master][INFO] 2023-09-04 16:59:58,978: -PUB [/camera/depth/image_rect_raw/compressedDepth/parameter_updates] /camera/realsense2_camera_manager http://ubuntu:43999/
[rosmaster.master][INFO] 2023-09-04 16:59:58,978: -PUB [/camera/depth/image_rect_raw/compressed] /camera/realsense2_camera_manager http://ubuntu:43999/
[rosmaster.master][INFO] 2023-09-04 16:59:58,979: -PUB [/camera/depth/image_rect_raw/compressed/parameter_descriptions] /camera/realsense2_camera_manager http://ubuntu:43999/
[rosmaster.master][INFO] 2023-09-04 16:59:58,979: -PUB [/camera/depth/image_rect_raw/compressed/parameter_updates] /camera/realsense2_camera_manager http://ubuntu:43999/
[rosmaster.master][INFO] 2023-09-04 16:59:58,980: -PUB [/camera/depth/image_rect_raw] /camera/realsense2_camera_manager http://ubuntu:43999/
[rosmaster.master][INFO] 2023-09-04 16:59:58,980: -PUB [/camera/depth/image_rect_raw/theora] /camera/realsense2_camera_manager http://ubuntu:43999/
[rosmaster.master][INFO] 2023-09-04 16:59:58,981: -PUB [/camera/depth/image_rect_raw/theora/parameter_descriptions] /camera/realsense2_camera_manager http://ubuntu:43999/
[rosmaster.master][INFO] 2023-09-04 16:59:58,981: -PUB [/camera/depth/image_rect_raw/theora/parameter_updates] /camera/realsense2_camera_manager http://ubuntu:43999/
[rosmaster.master][INFO] 2023-09-04 16:59:58,982: -PUB [/camera/depth/camera_info] /camera/realsense2_camera_manager http://ubuntu:43999/
[rosmaster.master][INFO] 2023-09-04 16:59:58,982: -PUB [/camera/depth/metadata] /camera/realsense2_camera_manager http://ubuntu:43999/
[rosmaster.master][INFO] 2023-09-04 16:59:58,983: -PUB [/camera/infra1/image_rect_raw/compressedDepth] /camera/realsense2_camera_manager http://ubuntu:43999/
[rosmaster.master][INFO] 2023-09-04 16:59:58,983: -PUB [/camera/infra1/image_rect_raw/compressedDepth/parameter_descriptions] /camera/realsense2_camera_manager http://ubuntu:43999/
[rosmaster.master][INFO] 2023-09-04 16:59:58,984: -PUB [/camera/infra1/image_rect_raw/compressedDepth/parameter_updates] /camera/realsense2_camera_manager http://ubuntu:43999/
[rosmaster.master][INFO] 2023-09-04 16:59:58,985: -PUB [/camera/infra1/image_rect_raw/compressed] /camera/realsense2_camera_manager http://ubuntu:43999/
[rosmaster.master][INFO] 2023-09-04 16:59:58,986: -PUB [/camera/infra1/image_rect_raw/compressed/parameter_descriptions] /camera/realsense2_camera_manager http://ubuntu:43999/
[rosmaster.master][INFO] 2023-09-04 16:59:58,986: publisherUpdate[/rosout] -> http://ubuntu:36231/ ['http://ubuntu:40235/', 'http://ubuntu:39293/']
[rosmaster.master][INFO] 2023-09-04 16:59:58,987: publisherUpdate[/rosout] -> http://ubuntu:36231/ ['http://ubuntu:40235/', 'http://ubuntu:39293/']: sec=0.00, result=[1, '', 0]
[rosmaster.master][INFO] 2023-09-04 16:59:58,987: publisherUpdate[/camera/realsense2_camera_manager/bond] -> http://ubuntu:43999/ ['http://ubuntu:39293/']
[rosmaster.master][INFO] 2023-09-04 16:59:58,988: -PUB [/camera/infra1/image_rect_raw/compressed/parameter_updates] /camera/realsense2_camera_manager http://ubuntu:43999/
[rosmaster.master][INFO] 2023-09-04 16:59:58,989: publisherUpdate[/camera/realsense2_camera_manager/bond] -> http://ubuntu:43999/ ['http://ubuntu:39293/']: sec=0.00, exception=<Fault -1: 'publisherUpdate: unknown method name'>
[rosmaster.master][INFO] 2023-09-04 16:59:58,989: -PUB [/camera/infra1/image_rect_raw] /camera/realsense2_camera_manager http://ubuntu:43999/
[rosmaster.threadpool][ERROR] 2023-09-04 16:59:58,990: Traceback (most recent call last):
  File "/opt/ros/noetic/lib/python3/dist-packages/rosmaster/threadpool.py", line 218, in run
    result = cmd(*args)
  File "/opt/ros/noetic/lib/python3/dist-packages/rosmaster/master_api.py", line 210, in publisher_update_task
    ret = xmlrpcapi(api).publisherUpdate('/master', topic, pub_uris)
  File "/usr/lib/python3.8/xmlrpc/client.py", line 1109, in __call__
    return self.__send(self.__name, args)
  File "/usr/lib/python3.8/xmlrpc/client.py", line 1450, in __request
    response = self.__transport.request(
  File "/usr/lib/python3.8/xmlrpc/client.py", line 1153, in request
    return self.single_request(host, handler, request_body, verbose)
  File "/usr/lib/python3.8/xmlrpc/client.py", line 1169, in single_request
    return self.parse_response(resp)
  File "/usr/lib/python3.8/xmlrpc/client.py", line 1341, in parse_response
    return u.close()
  File "/usr/lib/python3.8/xmlrpc/client.py", line 655, in close
    raise Fault(**self._stack[0])
xmlrpc.client.Fault: <Fault -1: 'publisherUpdate: unknown method name'>

[rosmaster.master][INFO] 2023-09-04 16:59:58,990: -PUB [/camera/infra1/image_rect_raw/theora] /camera/realsense2_camera_manager http://ubuntu:43999/
[rosmaster.master][INFO] 2023-09-04 16:59:58,990: publisherUpdate[/camera/realsense2_camera_manager/bond] -> http://ubuntu:39293/ ['http://ubuntu:39293/']
[rosmaster.master][INFO] 2023-09-04 16:59:58,991: -PUB [/camera/infra1/image_rect_raw/theora/parameter_descriptions] /camera/realsense2_camera_manager http://ubuntu:43999/
[rosmaster.master][INFO] 2023-09-04 16:59:58,992: -PUB [/camera/infra1/image_rect_raw/theora/parameter_updates] /camera/realsense2_camera_manager http://ubuntu:43999/
[rosmaster.master][INFO] 2023-09-04 16:59:58,992: publisherUpdate[/camera/realsense2_camera_manager/bond] -> http://ubuntu:39293/ ['http://ubuntu:39293/']: sec=0.00, result=[1, '', 0]
[rosmaster.master][INFO] 2023-09-04 16:59:58,992: -PUB [/camera/infra1/camera_info] /camera/realsense2_camera_manager http://ubuntu:43999/
[rosmaster.master][INFO] 2023-09-04 16:59:58,993: publisherUpdate[/tf_static] -> http://ubuntu:40235/ []
[rosmaster.master][INFO] 2023-09-04 16:59:58,993: -PUB [/camera/infra1/metadata] /camera/realsense2_camera_manager http://ubuntu:43999/
[rosmaster.master][INFO] 2023-09-04 16:59:58,994: publisherUpdate[/tf_static] -> http://ubuntu:40235/ []: sec=0.00, result=[1, '', 0]
[rosmaster.master][INFO] 2023-09-04 16:59:58,994: -PUB [/camera/infra2/image_rect_raw/compressedDepth] /camera/realsense2_camera_manager http://ubuntu:43999/
[rosmaster.master][INFO] 2023-09-04 16:59:58,994: publisherUpdate[/tf] -> http://ubuntu:40235/ []
[rosmaster.master][INFO] 2023-09-04 16:59:58,995: -PUB [/camera/infra2/image_rect_raw/compressedDepth/parameter_descriptions] /camera/realsense2_camera_manager http://ubuntu:43999/
[rosmaster.master][INFO] 2023-09-04 16:59:58,995: publisherUpdate[/tf] -> http://ubuntu:40235/ []: sec=0.00, result=[1, '', 0]
[rosmaster.master][INFO] 2023-09-04 16:59:58,996: -PUB [/camera/infra2/image_rect_raw/compressedDepth/parameter_updates] /camera/realsense2_camera_manager http://ubuntu:43999/
[rosmaster.master][INFO] 2023-09-04 16:59:58,996: -PUB [/camera/infra2/image_rect_raw/compressed] /camera/realsense2_camera_manager http://ubuntu:43999/
[rosmaster.master][INFO] 2023-09-04 16:59:59,000: -PUB [/camera/infra2/image_rect_raw/compressed/parameter_descriptions] /camera/realsense2_camera_manager http://ubuntu:43999/
[rosmaster.master][INFO] 2023-09-04 16:59:59,001: -PUB [/camera/infra2/image_rect_raw/compressed/parameter_updates] /camera/realsense2_camera_manager http://ubuntu:43999/
[rosmaster.master][INFO] 2023-09-04 16:59:59,002: -PUB [/camera/infra2/image_rect_raw] /camera/realsense2_camera_manager http://ubuntu:43999/
[rosmaster.master][INFO] 2023-09-04 16:59:59,003: -PUB [/camera/infra2/image_rect_raw/theora] /camera/realsense2_camera_manager http://ubuntu:43999/
[rosmaster.master][INFO] 2023-09-04 16:59:59,003: -PUB [/camera/infra2/image_rect_raw/theora/parameter_descriptions] /camera/realsense2_camera_manager http://ubuntu:43999/
[rosmaster.master][INFO] 2023-09-04 16:59:59,004: -PUB [/camera/infra2/image_rect_raw/theora/parameter_updates] /camera/realsense2_camera_manager http://ubuntu:43999/
[rosmaster.master][INFO] 2023-09-04 16:59:59,005: -PUB [/camera/infra2/camera_info] /camera/realsense2_camera_manager http://ubuntu:43999/
[rosmaster.master][INFO] 2023-09-04 16:59:59,005: -PUB [/camera/infra2/metadata] /camera/realsense2_camera_manager http://ubuntu:43999/
[rosmaster.master][INFO] 2023-09-04 16:59:59,006: -PUB [/camera/color/image_raw/compressedDepth] /camera/realsense2_camera_manager http://ubuntu:43999/
[rosmaster.master][INFO] 2023-09-04 16:59:59,007: -PUB [/camera/color/image_raw/compressedDepth/parameter_descriptions] /camera/realsense2_camera_manager http://ubuntu:43999/
[rosmaster.master][INFO] 2023-09-04 16:59:59,007: -PUB [/camera/color/image_raw/compressedDepth/parameter_updates] /camera/realsense2_camera_manager http://ubuntu:43999/
[rosmaster.master][INFO] 2023-09-04 16:59:59,008: -PUB [/camera/color/image_raw/compressed] /camera/realsense2_camera_manager http://ubuntu:43999/
[rosmaster.master][INFO] 2023-09-04 16:59:59,008: -PUB [/camera/color/image_raw/compressed/parameter_descriptions] /camera/realsense2_camera_manager http://ubuntu:43999/
[rosmaster.master][INFO] 2023-09-04 16:59:59,008: -PUB [/camera/color/image_raw/compressed/parameter_updates] /camera/realsense2_camera_manager http://ubuntu:43999/
[rosmaster.master][INFO] 2023-09-04 16:59:59,009: -PUB [/camera/color/image_raw] /camera/realsense2_camera_manager http://ubuntu:43999/
[rosmaster.master][INFO] 2023-09-04 16:59:59,009: -PUB [/camera/color/image_raw/theora] /camera/realsense2_camera_manager http://ubuntu:43999/
[rosmaster.master][INFO] 2023-09-04 16:59:59,010: -PUB [/camera/color/image_raw/theora/parameter_descriptions] /camera/realsense2_camera_manager http://ubuntu:43999/
[rosmaster.master][INFO] 2023-09-04 16:59:59,010: -PUB [/camera/color/image_raw/theora/parameter_updates] /camera/realsense2_camera_manager http://ubuntu:43999/
[rosmaster.master][INFO] 2023-09-04 16:59:59,011: -PUB [/camera/color/camera_info] /camera/realsense2_camera_manager http://ubuntu:43999/
[rosmaster.master][INFO] 2023-09-04 16:59:59,011: -PUB [/camera/color/metadata] /camera/realsense2_camera_manager http://ubuntu:43999/
[rosmaster.master][INFO] 2023-09-04 16:59:59,012: -PUB [/camera/extrinsics/depth_to_color] /camera/realsense2_camera_manager http://ubuntu:43999/
[rosmaster.master][INFO] 2023-09-04 16:59:59,012: -PUB [/camera/extrinsics/depth_to_infra1] /camera/realsense2_camera_manager http://ubuntu:43999/
[rosmaster.master][INFO] 2023-09-04 16:59:59,013: -PUB [/camera/extrinsics/depth_to_infra2] /camera/realsense2_camera_manager http://ubuntu:43999/
[rosmaster.master][INFO] 2023-09-04 16:59:59,013: -SUB [/camera/realsense2_camera_manager/bond] /camera/realsense2_camera_manager http://ubuntu:43999/
[rosmaster.master][INFO] 2023-09-04 16:59:59,014: -SERVICE [/camera/realsense2_camera_manager/get_loggers] /camera/realsense2_camera_manager rosrpc://ubuntu:59141
[rosmaster.master][INFO] 2023-09-04 16:59:59,015: -SERVICE [/camera/realsense2_camera_manager/set_logger_level] /camera/realsense2_camera_manager rosrpc://ubuntu:59141
[rosmaster.master][INFO] 2023-09-04 16:59:59,015: -SERVICE [/camera/realsense2_camera_manager/load_nodelet] /camera/realsense2_camera_manager rosrpc://ubuntu:59141
[rosmaster.master][INFO] 2023-09-04 16:59:59,016: -SERVICE [/camera/realsense2_camera_manager/unload_nodelet] /camera/realsense2_camera_manager rosrpc://ubuntu:59141
[rosmaster.master][INFO] 2023-09-04 16:59:59,016: -SERVICE [/camera/realsense2_camera_manager/list] /camera/realsense2_camera_manager rosrpc://ubuntu:59141
[rosmaster.master][INFO] 2023-09-04 16:59:59,017: -SERVICE [/camera/enable] /camera/realsense2_camera_manager rosrpc://ubuntu:59141
[rosmaster.master][INFO] 2023-09-04 16:59:59,018: -SERVICE [/camera/realsense2_camera/reset] /camera/realsense2_camera_manager rosrpc://ubuntu:59141
[rosmaster.master][INFO] 2023-09-04 16:59:59,018: -SERVICE [/camera/stereo_module/set_parameters] /camera/realsense2_camera_manager rosrpc://ubuntu:59141
[rosmaster.master][INFO] 2023-09-04 16:59:59,019: -SERVICE [/camera/rgb_camera/set_parameters] /camera/realsense2_camera_manager rosrpc://ubuntu:59141
[rosmaster.master][INFO] 2023-09-04 16:59:59,019: -SERVICE [/camera/motion_module/set_parameters] /camera/realsense2_camera_manager rosrpc://ubuntu:59141
[rosmaster.master][INFO] 2023-09-04 16:59:59,019: -SERVICE [/camera/depth/image_rect_raw/compressedDepth/set_parameters] /camera/realsense2_camera_manager rosrpc://ubuntu:59141
[rosmaster.master][INFO] 2023-09-04 16:59:59,020: -SERVICE [/camera/depth/image_rect_raw/compressed/set_parameters] /camera/realsense2_camera_manager rosrpc://ubuntu:59141
[rosmaster.master][INFO] 2023-09-04 16:59:59,020: -SERVICE [/camera/depth/image_rect_raw/theora/set_parameters] /camera/realsense2_camera_manager rosrpc://ubuntu:59141
[rosmaster.master][INFO] 2023-09-04 16:59:59,021: -SERVICE [/camera/infra1/image_rect_raw/compressedDepth/set_parameters] /camera/realsense2_camera_manager rosrpc://ubuntu:59141
[rosmaster.master][INFO] 2023-09-04 16:59:59,021: -SERVICE [/camera/infra1/image_rect_raw/compressed/set_parameters] /camera/realsense2_camera_manager rosrpc://ubuntu:59141
[rosmaster.master][INFO] 2023-09-04 16:59:59,022: -SERVICE [/camera/infra1/image_rect_raw/theora/set_parameters] /camera/realsense2_camera_manager rosrpc://ubuntu:59141
[rosmaster.master][INFO] 2023-09-04 16:59:59,022: -SERVICE [/camera/infra2/image_rect_raw/compressedDepth/set_parameters] /camera/realsense2_camera_manager rosrpc://ubuntu:59141
[rosmaster.master][INFO] 2023-09-04 16:59:59,023: -SERVICE [/camera/infra2/image_rect_raw/compressed/set_parameters] /camera/realsense2_camera_manager rosrpc://ubuntu:59141
[rosmaster.master][INFO] 2023-09-04 16:59:59,023: -SERVICE [/camera/infra2/image_rect_raw/theora/set_parameters] /camera/realsense2_camera_manager rosrpc://ubuntu:59141
[rosmaster.master][INFO] 2023-09-04 16:59:59,023: -SERVICE [/camera/color/image_raw/compressedDepth/set_parameters] /camera/realsense2_camera_manager rosrpc://ubuntu:59141
[rosmaster.master][INFO] 2023-09-04 16:59:59,024: -SERVICE [/camera/color/image_raw/compressed/set_parameters] /camera/realsense2_camera_manager rosrpc://ubuntu:59141
[rosmaster.master][INFO] 2023-09-04 16:59:59,024: -SERVICE [/camera/color/image_raw/theora/set_parameters] /camera/realsense2_camera_manager rosrpc://ubuntu:59141
[rosmaster.master][INFO] 2023-09-04 16:59:59,025: -CACHEDPARAM [/camera/realsense2_camera_manager/diagnostic_period] by /camera/realsense2_camera_manager
[rosmaster.master][INFO] 2023-09-04 16:59:59,026: -CACHEDPARAM [/rosout_disable_topics_generation] by /camera/realsense2_camera_manager
[rosmaster.master][INFO] 2023-09-04 16:59:59,193: -PUB [/rosout] /camera/realsense2_camera http://ubuntu:39293/
[rosmaster.master][INFO] 2023-09-04 16:59:59,195: -PUB [/camera/realsense2_camera_manager/bond] /camera/realsense2_camera http://ubuntu:39293/
[rosmaster.master][INFO] 2023-09-04 16:59:59,195: -SUB [/camera/realsense2_camera_manager/bond] /camera/realsense2_camera http://ubuntu:39293/
[rosmaster.master][INFO] 2023-09-04 16:59:59,196: -SERVICE [/camera/realsense2_camera/get_loggers] /camera/realsense2_camera rosrpc://ubuntu:36705
[rosmaster.master][INFO] 2023-09-04 16:59:59,196: publisherUpdate[/rosout] -> http://ubuntu:36231/ ['http://ubuntu:40235/']
[rosmaster.master][INFO] 2023-09-04 16:59:59,196: publisherUpdate[/camera/realsense2_camera_manager/bond] -> http://ubuntu:39293/ []
[rosmaster.master][INFO] 2023-09-04 16:59:59,198: publisherUpdate[/rosout] -> http://ubuntu:36231/ ['http://ubuntu:40235/']: sec=0.00, result=[1, '', 0]
[rosmaster.master][INFO] 2023-09-04 16:59:59,201: -SERVICE [/camera/realsense2_camera/set_logger_level] /camera/realsense2_camera rosrpc://ubuntu:36705
[rosmaster.master][INFO] 2023-09-04 16:59:59,202: -CACHEDPARAM [/rosout_disable_topics_generation] by /camera/realsense2_camera
[rosmaster.master][INFO] 2023-09-04 16:59:59,203: publisherUpdate[/camera/realsense2_camera_manager/bond] -> http://ubuntu:39293/ []: sec=0.01, exception=[Errno 111] Connection refused
[rosmaster.threadpool][ERROR] 2023-09-04 16:59:59,204: Traceback (most recent call last):
  File "/opt/ros/noetic/lib/python3/dist-packages/rosmaster/threadpool.py", line 218, in run
    result = cmd(*args)
  File "/opt/ros/noetic/lib/python3/dist-packages/rosmaster/master_api.py", line 210, in publisher_update_task
    ret = xmlrpcapi(api).publisherUpdate('/master', topic, pub_uris)
  File "/usr/lib/python3.8/xmlrpc/client.py", line 1109, in __call__
    return self.__send(self.__name, args)
  File "/usr/lib/python3.8/xmlrpc/client.py", line 1450, in __request
    response = self.__transport.request(
  File "/usr/lib/python3.8/xmlrpc/client.py", line 1153, in request
    return self.single_request(host, handler, request_body, verbose)
  File "/usr/lib/python3.8/xmlrpc/client.py", line 1165, in single_request
    http_conn = self.send_request(host, handler, request_body, verbose)
  File "/usr/lib/python3.8/xmlrpc/client.py", line 1278, in send_request
    self.send_content(connection, request_body)
  File "/usr/lib/python3.8/xmlrpc/client.py", line 1308, in send_content
    connection.endheaders(request_body)
  File "/usr/lib/python3.8/http/client.py", line 1251, in endheaders
    self._send_output(message_body, encode_chunked=encode_chunked)
  File "/usr/lib/python3.8/http/client.py", line 1011, in _send_output
    self.send(msg)
  File "/usr/lib/python3.8/http/client.py", line 951, in send
    self.connect()
  File "/usr/lib/python3.8/http/client.py", line 922, in connect
    self.sock = self._create_connection(
  File "/usr/lib/python3.8/socket.py", line 808, in create_connection
    raise err
  File "/usr/lib/python3.8/socket.py", line 796, in create_connection
    sock.connect(sa)
ConnectionRefusedError: [Errno 111] Connection refused

[rosmaster.master][INFO] 2023-09-04 17:00:12,778: +PARAM [/roslaunch/uris/host_ubuntu__44279] by /roslaunch
[rosmaster.master][INFO] 2023-09-04 17:00:12,787: +PARAM [/rosversion] by /roslaunch
[rosmaster.master][INFO] 2023-09-04 17:00:12,788: +PARAM [/rosdistro] by /roslaunch
[rosmaster.master][INFO] 2023-09-04 17:00:12,788: +PARAM [/camera/realsense2_camera/serial_no] by /roslaunch
[rosmaster.master][INFO] 2023-09-04 17:00:12,788: +PARAM [/camera/realsense2_camera/usb_port_id] by /roslaunch
[rosmaster.master][INFO] 2023-09-04 17:00:12,788: +PARAM [/camera/realsense2_camera/device_type] by /roslaunch
[rosmaster.master][INFO] 2023-09-04 17:00:12,788: +PARAM [/camera/realsense2_camera/json_file_path] by /roslaunch
[rosmaster.master][INFO] 2023-09-04 17:00:12,788: +PARAM [/camera/realsense2_camera/rosbag_filename] by /roslaunch
[rosmaster.master][INFO] 2023-09-04 17:00:12,788: +PARAM [/camera/realsense2_camera/enable_pointcloud] by /roslaunch
[rosmaster.master][INFO] 2023-09-04 17:00:12,788: +PARAM [/camera/realsense2_camera/pointcloud_texture_stream] by /roslaunch
[rosmaster.master][INFO] 2023-09-04 17:00:12,789: +PARAM [/camera/realsense2_camera/pointcloud_texture_index] by /roslaunch
[rosmaster.master][INFO] 2023-09-04 17:00:12,789: +PARAM [/camera/realsense2_camera/allow_no_texture_points] by /roslaunch
[rosmaster.master][INFO] 2023-09-04 17:00:12,789: +PARAM [/camera/realsense2_camera/ordered_pc] by /roslaunch
[rosmaster.master][INFO] 2023-09-04 17:00:12,789: +PARAM [/camera/realsense2_camera/enable_sync] by /roslaunch
[rosmaster.master][INFO] 2023-09-04 17:00:12,789: +PARAM [/camera/realsense2_camera/align_depth] by /roslaunch
[rosmaster.master][INFO] 2023-09-04 17:00:12,789: +PARAM [/camera/realsense2_camera/fisheye_width] by /roslaunch
[rosmaster.master][INFO] 2023-09-04 17:00:12,789: +PARAM [/camera/realsense2_camera/fisheye_height] by /roslaunch
[rosmaster.master][INFO] 2023-09-04 17:00:12,789: +PARAM [/camera/realsense2_camera/enable_fisheye] by /roslaunch
[rosmaster.master][INFO] 2023-09-04 17:00:12,789: +PARAM [/camera/realsense2_camera/enable_fisheye1] by /roslaunch
[rosmaster.master][INFO] 2023-09-04 17:00:12,789: +PARAM [/camera/realsense2_camera/enable_fisheye2] by /roslaunch
[rosmaster.master][INFO] 2023-09-04 17:00:12,789: +PARAM [/camera/realsense2_camera/depth_width] by /roslaunch
[rosmaster.master][INFO] 2023-09-04 17:00:12,790: +PARAM [/camera/realsense2_camera/depth_height] by /roslaunch
[rosmaster.master][INFO] 2023-09-04 17:00:12,790: +PARAM [/camera/realsense2_camera/enable_depth] by /roslaunch
[rosmaster.master][INFO] 2023-09-04 17:00:12,790: +PARAM [/camera/realsense2_camera/confidence_width] by /roslaunch
[rosmaster.master][INFO] 2023-09-04 17:00:12,790: +PARAM [/camera/realsense2_camera/confidence_height] by /roslaunch
[rosmaster.master][INFO] 2023-09-04 17:00:12,790: +PARAM [/camera/realsense2_camera/enable_confidence] by /roslaunch
[rosmaster.master][INFO] 2023-09-04 17:00:12,790: +PARAM [/camera/realsense2_camera/confidence_fps] by /roslaunch
[rosmaster.master][INFO] 2023-09-04 17:00:12,790: +PARAM [/camera/realsense2_camera/color_width] by /roslaunch
[rosmaster.master][INFO] 2023-09-04 17:00:12,790: +PARAM [/camera/realsense2_camera/color_height] by /roslaunch
[rosmaster.master][INFO] 2023-09-04 17:00:12,790: +PARAM [/camera/realsense2_camera/enable_color] by /roslaunch
[rosmaster.master][INFO] 2023-09-04 17:00:12,790: +PARAM [/camera/realsense2_camera/infra_width] by /roslaunch
[rosmaster.master][INFO] 2023-09-04 17:00:12,791: +PARAM [/camera/realsense2_camera/infra_height] by /roslaunch
[rosmaster.master][INFO] 2023-09-04 17:00:12,791: +PARAM [/camera/realsense2_camera/enable_infra] by /roslaunch
[rosmaster.master][INFO] 2023-09-04 17:00:12,791: +PARAM [/camera/realsense2_camera/enable_infra1] by /roslaunch
[rosmaster.master][INFO] 2023-09-04 17:00:12,791: +PARAM [/camera/realsense2_camera/enable_infra2] by /roslaunch
[rosmaster.master][INFO] 2023-09-04 17:00:12,791: +PARAM [/camera/realsense2_camera/infra_rgb] by /roslaunch
[rosmaster.master][INFO] 2023-09-04 17:00:12,791: +PARAM [/camera/realsense2_camera/fisheye_fps] by /roslaunch
[rosmaster.master][INFO] 2023-09-04 17:00:12,791: +PARAM [/camera/realsense2_camera/depth_fps] by /roslaunch
[rosmaster.master][INFO] 2023-09-04 17:00:12,791: +PARAM [/camera/realsense2_camera/infra_fps] by /roslaunch
[rosmaster.master][INFO] 2023-09-04 17:00:12,791: +PARAM [/camera/realsense2_camera/color_fps] by /roslaunch
[rosmaster.master][INFO] 2023-09-04 17:00:12,791: +PARAM [/camera/realsense2_camera/gyro_fps] by /roslaunch
[rosmaster.master][INFO] 2023-09-04 17:00:12,791: +PARAM [/camera/realsense2_camera/accel_fps] by /roslaunch
[rosmaster.master][INFO] 2023-09-04 17:00:12,792: +PARAM [/camera/realsense2_camera/enable_gyro] by /roslaunch
[rosmaster.master][INFO] 2023-09-04 17:00:12,792: +PARAM [/camera/realsense2_camera/enable_accel] by /roslaunch
[rosmaster.master][INFO] 2023-09-04 17:00:12,792: +PARAM [/camera/realsense2_camera/enable_pose] by /roslaunch
[rosmaster.master][INFO] 2023-09-04 17:00:12,792: +PARAM [/camera/realsense2_camera/base_frame_id] by /roslaunch
[rosmaster.master][INFO] 2023-09-04 17:00:12,792: +PARAM [/camera/realsense2_camera/depth_frame_id] by /roslaunch
[rosmaster.master][INFO] 2023-09-04 17:00:12,792: +PARAM [/camera/realsense2_camera/infra1_frame_id] by /roslaunch
[rosmaster.master][INFO] 2023-09-04 17:00:12,792: +PARAM [/camera/realsense2_camera/infra2_frame_id] by /roslaunch
[rosmaster.master][INFO] 2023-09-04 17:00:12,792: +PARAM [/camera/realsense2_camera/color_frame_id] by /roslaunch
[rosmaster.master][INFO] 2023-09-04 17:00:12,792: +PARAM [/camera/realsense2_camera/fisheye_frame_id] by /roslaunch
[rosmaster.master][INFO] 2023-09-04 17:00:12,792: +PARAM [/camera/realsense2_camera/fisheye1_frame_id] by /roslaunch
[rosmaster.master][INFO] 2023-09-04 17:00:12,792: +PARAM [/camera/realsense2_camera/fisheye2_frame_id] by /roslaunch
[rosmaster.master][INFO] 2023-09-04 17:00:12,793: +PARAM [/camera/realsense2_camera/accel_frame_id] by /roslaunch
[rosmaster.master][INFO] 2023-09-04 17:00:12,793: +PARAM [/camera/realsense2_camera/gyro_frame_id] by /roslaunch
[rosmaster.master][INFO] 2023-09-04 17:00:12,793: +PARAM [/camera/realsense2_camera/pose_frame_id] by /roslaunch
[rosmaster.master][INFO] 2023-09-04 17:00:12,793: +PARAM [/camera/realsense2_camera/depth_optical_frame_id] by /roslaunch
[rosmaster.master][INFO] 2023-09-04 17:00:12,793: +PARAM [/camera/realsense2_camera/infra1_optical_frame_id] by /roslaunch
[rosmaster.master][INFO] 2023-09-04 17:00:12,793: +PARAM [/camera/realsense2_camera/infra2_optical_frame_id] by /roslaunch
[rosmaster.master][INFO] 2023-09-04 17:00:12,793: +PARAM [/camera/realsense2_camera/color_optical_frame_id] by /roslaunch
[rosmaster.master][INFO] 2023-09-04 17:00:12,793: +PARAM [/camera/realsense2_camera/fisheye_optical_frame_id] by /roslaunch
[rosmaster.master][INFO] 2023-09-04 17:00:12,793: +PARAM [/camera/realsense2_camera/fisheye1_optical_frame_id] by /roslaunch
[rosmaster.master][INFO] 2023-09-04 17:00:12,793: +PARAM [/camera/realsense2_camera/fisheye2_optical_frame_id] by /roslaunch
[rosmaster.master][INFO] 2023-09-04 17:00:12,794: +PARAM [/camera/realsense2_camera/accel_optical_frame_id] by /roslaunch
[rosmaster.master][INFO] 2023-09-04 17:00:12,794: +PARAM [/camera/realsense2_camera/gyro_optical_frame_id] by /roslaunch
[rosmaster.master][INFO] 2023-09-04 17:00:12,794: +PARAM [/camera/realsense2_camera/imu_optical_frame_id] by /roslaunch
[rosmaster.master][INFO] 2023-09-04 17:00:12,794: +PARAM [/camera/realsense2_camera/pose_optical_frame_id] by /roslaunch
[rosmaster.master][INFO] 2023-09-04 17:00:12,794: +PARAM [/camera/realsense2_camera/aligned_depth_to_color_frame_id] by /roslaunch
[rosmaster.master][INFO] 2023-09-04 17:00:12,794: +PARAM [/camera/realsense2_camera/aligned_depth_to_infra1_frame_id] by /roslaunch
[rosmaster.master][INFO] 2023-09-04 17:00:12,794: +PARAM [/camera/realsense2_camera/aligned_depth_to_infra2_frame_id] by /roslaunch
[rosmaster.master][INFO] 2023-09-04 17:00:12,794: +PARAM [/camera/realsense2_camera/aligned_depth_to_fisheye_frame_id] by /roslaunch
[rosmaster.master][INFO] 2023-09-04 17:00:12,794: +PARAM [/camera/realsense2_camera/aligned_depth_to_fisheye1_frame_id] by /roslaunch
[rosmaster.master][INFO] 2023-09-04 17:00:12,794: +PARAM [/camera/realsense2_camera/aligned_depth_to_fisheye2_frame_id] by /roslaunch
[rosmaster.master][INFO] 2023-09-04 17:00:12,794: +PARAM [/camera/realsense2_camera/publish_tf] by /roslaunch
[rosmaster.master][INFO] 2023-09-04 17:00:12,795: +PARAM [/camera/realsense2_camera/tf_publish_rate] by /roslaunch
[rosmaster.master][INFO] 2023-09-04 17:00:12,795: +PARAM [/camera/realsense2_camera/odom_frame_id] by /roslaunch
[rosmaster.master][INFO] 2023-09-04 17:00:12,795: +PARAM [/camera/realsense2_camera/topic_odom_in] by /roslaunch
[rosmaster.master][INFO] 2023-09-04 17:00:12,795: +PARAM [/camera/realsense2_camera/calib_odom_file] by /roslaunch
[rosmaster.master][INFO] 2023-09-04 17:00:12,795: +PARAM [/camera/realsense2_camera/publish_odom_tf] by /roslaunch
[rosmaster.master][INFO] 2023-09-04 17:00:12,795: +PARAM [/camera/realsense2_camera/stereo_module/exposure/1] by /roslaunch
[rosmaster.master][INFO] 2023-09-04 17:00:12,795: +PARAM [/camera/realsense2_camera/stereo_module/gain/1] by /roslaunch
[rosmaster.master][INFO] 2023-09-04 17:00:12,795: +PARAM [/camera/realsense2_camera/stereo_module/exposure/2] by /roslaunch
[rosmaster.master][INFO] 2023-09-04 17:00:12,795: +PARAM [/camera/realsense2_camera/stereo_module/gain/2] by /roslaunch
[rosmaster.master][INFO] 2023-09-04 17:00:12,795: +PARAM [/camera/realsense2_camera/filters] by /roslaunch
[rosmaster.master][INFO] 2023-09-04 17:00:12,796: +PARAM [/camera/realsense2_camera/clip_distance] by /roslaunch
[rosmaster.master][INFO] 2023-09-04 17:00:12,796: +PARAM [/camera/realsense2_camera/linear_accel_cov] by /roslaunch
[rosmaster.master][INFO] 2023-09-04 17:00:12,796: +PARAM [/camera/realsense2_camera/initial_reset] by /roslaunch
[rosmaster.master][INFO] 2023-09-04 17:00:12,796: +PARAM [/camera/realsense2_camera/reconnect_timeout] by /roslaunch
[rosmaster.master][INFO] 2023-09-04 17:00:12,796: +PARAM [/camera/realsense2_camera/wait_for_device_timeout] by /roslaunch
[rosmaster.master][INFO] 2023-09-04 17:00:12,796: +PARAM [/camera/realsense2_camera/unite_imu_method] by /roslaunch
[rosmaster.master][INFO] 2023-09-04 17:00:12,889: +PUB [/rosout] /camera/realsense2_camera http://ubuntu:35265/
[rosmaster.master][INFO] 2023-09-04 17:00:12,890: +SERVICE [/camera/realsense2_camera/get_loggers] /camera/realsense2_camera http://ubuntu:35265/
[rosmaster.master][INFO] 2023-09-04 17:00:12,891: +SERVICE [/camera/realsense2_camera/set_logger_level] /camera/realsense2_camera http://ubuntu:35265/
[rosmaster.master][INFO] 2023-09-04 17:00:12,892: +CACHEDPARAM [/rosout_disable_topics_generation] by /camera/realsense2_camera
[rosmaster.master][INFO] 2023-09-04 17:00:12,895: +PARAM [/camera/realsense2_camera] by /camera/realsense2_camera
[rosmaster.master][INFO] 2023-09-04 17:00:12,909: +PUB [/rosout] /camera/realsense2_camera_manager http://ubuntu:44221/
[rosmaster.master][INFO] 2023-09-04 17:00:12,910: +SERVICE [/camera/realsense2_camera_manager/get_loggers] /camera/realsense2_camera_manager http://ubuntu:44221/
[rosmaster.master][INFO] 2023-09-04 17:00:12,910: +SERVICE [/camera/realsense2_camera_manager/set_logger_level] /camera/realsense2_camera_manager http://ubuntu:44221/
[rosmaster.master][INFO] 2023-09-04 17:00:12,912: +CACHEDPARAM [/rosout_disable_topics_generation] by /camera/realsense2_camera_manager
[rosmaster.master][INFO] 2023-09-04 17:00:12,913: +SERVICE [/camera/realsense2_camera_manager/load_nodelet] /camera/realsense2_camera_manager http://ubuntu:44221/
[rosmaster.master][INFO] 2023-09-04 17:00:12,913: +SERVICE [/camera/realsense2_camera_manager/unload_nodelet] /camera/realsense2_camera_manager http://ubuntu:44221/
[rosmaster.master][INFO] 2023-09-04 17:00:12,914: +SERVICE [/camera/realsense2_camera_manager/list] /camera/realsense2_camera_manager http://ubuntu:44221/
[rosmaster.master][INFO] 2023-09-04 17:00:12,923: publisherUpdate[/rosout] -> http://ubuntu:36231/ ['http://ubuntu:40235/', 'http://ubuntu:35265/']
[rosmaster.master][INFO] 2023-09-04 17:00:12,924: publisherUpdate[/rosout] -> http://ubuntu:36231/ ['http://ubuntu:40235/', 'http://ubuntu:35265/']: sec=0.00, result=[1, '', 0]
[rosmaster.master][INFO] 2023-09-04 17:00:12,925: publisherUpdate[/rosout] -> http://ubuntu:36231/ ['http://ubuntu:40235/', 'http://ubuntu:35265/', 'http://ubuntu:44221/']
[rosmaster.master][INFO] 2023-09-04 17:00:12,926: publisherUpdate[/rosout] -> http://ubuntu:36231/ ['http://ubuntu:40235/', 'http://ubuntu:35265/', 'http://ubuntu:44221/']: sec=0.00, result=[1, '', 0]
[rosmaster.master][INFO] 2023-09-04 17:00:13,100: +PUB [/camera/realsense2_camera_manager/bond] /camera/realsense2_camera_manager http://ubuntu:44221/
[rosmaster.master][INFO] 2023-09-04 17:00:13,104: +SUB [/camera/realsense2_camera_manager/bond] /camera/realsense2_camera_manager http://ubuntu:44221/
[rosmaster.master][INFO] 2023-09-04 17:00:13,110: +SERVICE [/camera/enable] /camera/realsense2_camera_manager http://ubuntu:44221/
[rosmaster.master][INFO] 2023-09-04 17:00:13,113: +SERVICE [/camera/realsense2_camera/reset] /camera/realsense2_camera_manager http://ubuntu:44221/
[rosmaster.master][INFO] 2023-09-04 17:00:13,127: +PUB [/camera/realsense2_camera_manager/bond] /camera/realsense2_camera http://ubuntu:35265/
[rosmaster.master][INFO] 2023-09-04 17:00:13,131: +SUB [/camera/realsense2_camera_manager/bond] /camera/realsense2_camera http://ubuntu:35265/
[rosmaster.master][INFO] 2023-09-04 17:00:13,224: publisherUpdate[/camera/realsense2_camera_manager/bond] -> http://ubuntu:44221/ ['http://ubuntu:44221/', 'http://ubuntu:35265/']
[rosmaster.master][INFO] 2023-09-04 17:00:13,230: publisherUpdate[/camera/realsense2_camera_manager/bond] -> http://ubuntu:44221/ ['http://ubuntu:44221/', 'http://ubuntu:35265/']: sec=0.01, result=[1, '', 0]
[rosmaster.master][INFO] 2023-09-04 17:00:13,470: +PUB [/tf_static] /camera/realsense2_camera_manager http://ubuntu:44221/
[rosmaster.master][INFO] 2023-09-04 17:00:13,475: +PUB [/tf] /camera/realsense2_camera_manager http://ubuntu:44221/
[rosmaster.master][INFO] 2023-09-04 17:00:13,527: publisherUpdate[/tf_static] -> http://ubuntu:40235/ ['http://ubuntu:44221/']
[rosmaster.master][INFO] 2023-09-04 17:00:13,530: publisherUpdate[/tf_static] -> http://ubuntu:40235/ ['http://ubuntu:44221/']: sec=0.00, result=[1, '', 0]
[rosmaster.master][INFO] 2023-09-04 17:00:13,530: publisherUpdate[/tf] -> http://ubuntu:40235/ ['http://ubuntu:44221/']
[rosmaster.master][INFO] 2023-09-04 17:00:13,531: publisherUpdate[/tf] -> http://ubuntu:40235/ ['http://ubuntu:44221/']: sec=0.00, result=[1, '', 0]
[rosmaster.master][INFO] 2023-09-04 17:00:16,803: +PUB [/camera/stereo_module/parameter_descriptions] /camera/realsense2_camera_manager http://ubuntu:44221/
[rosmaster.master][INFO] 2023-09-04 17:00:16,805: +PUB [/camera/stereo_module/parameter_updates] /camera/realsense2_camera_manager http://ubuntu:44221/
[rosmaster.master][INFO] 2023-09-04 17:00:16,806: +SERVICE [/camera/stereo_module/set_parameters] /camera/realsense2_camera_manager http://ubuntu:44221/
[rosmaster.master][INFO] 2023-09-04 17:00:18,326: +PUB [/camera/rgb_camera/parameter_descriptions] /camera/realsense2_camera_manager http://ubuntu:44221/
[rosmaster.master][INFO] 2023-09-04 17:00:18,328: +PUB [/camera/rgb_camera/parameter_updates] /camera/realsense2_camera_manager http://ubuntu:44221/
[rosmaster.master][INFO] 2023-09-04 17:00:18,329: +SERVICE [/camera/rgb_camera/set_parameters] /camera/realsense2_camera_manager http://ubuntu:44221/
[rosmaster.master][INFO] 2023-09-04 17:00:18,343: +PUB [/camera/motion_module/parameter_descriptions] /camera/realsense2_camera_manager http://ubuntu:44221/
[rosmaster.master][INFO] 2023-09-04 17:00:18,345: +PUB [/camera/motion_module/parameter_updates] /camera/realsense2_camera_manager http://ubuntu:44221/
[rosmaster.master][INFO] 2023-09-04 17:00:18,353: +SERVICE [/camera/motion_module/set_parameters] /camera/realsense2_camera_manager http://ubuntu:44221/
[rosmaster.master][INFO] 2023-09-04 17:00:18,360: +PUB [/diagnostics] /camera/realsense2_camera_manager http://ubuntu:44221/
[rosmaster.master][INFO] 2023-09-04 17:00:18,363: +CACHEDPARAM [/camera/realsense2_camera_manager/diagnostic_period] by /camera/realsense2_camera_manager
[rosmaster.master][INFO] 2023-09-04 17:00:18,373: +PUB [/camera/depth/image_rect_raw/compressedDepth] /camera/realsense2_camera_manager http://ubuntu:44221/
[rosmaster.master][INFO] 2023-09-04 17:00:18,376: +SERVICE [/camera/depth/image_rect_raw/compressedDepth/set_parameters] /camera/realsense2_camera_manager http://ubuntu:44221/
[rosmaster.master][INFO] 2023-09-04 17:00:18,377: +PUB [/camera/depth/image_rect_raw/compressedDepth/parameter_descriptions] /camera/realsense2_camera_manager http://ubuntu:44221/
[rosmaster.master][INFO] 2023-09-04 17:00:18,381: +PUB [/camera/depth/image_rect_raw/compressedDepth/parameter_updates] /camera/realsense2_camera_manager http://ubuntu:44221/
[rosmaster.master][INFO] 2023-09-04 17:00:18,391: +PARAM [/camera/depth/image_rect_raw/compressedDepth/format] by /camera/realsense2_camera_manager
[rosmaster.master][INFO] 2023-09-04 17:00:18,392: +PARAM [/camera/depth/image_rect_raw/compressedDepth/depth_max] by /camera/realsense2_camera_manager
[rosmaster.master][INFO] 2023-09-04 17:00:18,394: +PARAM [/camera/depth/image_rect_raw/compressedDepth/depth_quantization] by /camera/realsense2_camera_manager
[rosmaster.master][INFO] 2023-09-04 17:00:18,395: +PARAM [/camera/depth/image_rect_raw/compressedDepth/png_level] by /camera/realsense2_camera_manager
[rosmaster.master][INFO] 2023-09-04 17:00:18,395: +PARAM [/camera/depth/image_rect_raw/compressedDepth/format] by /camera/realsense2_camera_manager
[rosmaster.master][INFO] 2023-09-04 17:00:18,396: +PARAM [/camera/depth/image_rect_raw/compressedDepth/depth_max] by /camera/realsense2_camera_manager
[rosmaster.master][INFO] 2023-09-04 17:00:18,397: +PARAM [/camera/depth/image_rect_raw/compressedDepth/depth_quantization] by /camera/realsense2_camera_manager
[rosmaster.master][INFO] 2023-09-04 17:00:18,398: +PARAM [/camera/depth/image_rect_raw/compressedDepth/png_level] by /camera/realsense2_camera_manager
[rosmaster.master][INFO] 2023-09-04 17:00:18,401: +PUB [/camera/depth/image_rect_raw/compressed] /camera/realsense2_camera_manager http://ubuntu:44221/
[rosmaster.master][INFO] 2023-09-04 17:00:18,402: +SERVICE [/camera/depth/image_rect_raw/compressed/set_parameters] /camera/realsense2_camera_manager http://ubuntu:44221/
[rosmaster.master][INFO] 2023-09-04 17:00:18,402: +PUB [/camera/depth/image_rect_raw/compressed/parameter_descriptions] /camera/realsense2_camera_manager http://ubuntu:44221/
[rosmaster.master][INFO] 2023-09-04 17:00:18,403: +PUB [/camera/depth/image_rect_raw/compressed/parameter_updates] /camera/realsense2_camera_manager http://ubuntu:44221/
[rosmaster.master][INFO] 2023-09-04 17:00:18,409: +PARAM [/camera/depth/image_rect_raw/compressed/format] by /camera/realsense2_camera_manager
[rosmaster.master][INFO] 2023-09-04 17:00:18,413: +PARAM [/camera/depth/image_rect_raw/compressed/jpeg_quality] by /camera/realsense2_camera_manager
[rosmaster.master][INFO] 2023-09-04 17:00:18,414: +PARAM [/camera/depth/image_rect_raw/compressed/jpeg_progressive] by /camera/realsense2_camera_manager
[rosmaster.master][INFO] 2023-09-04 17:00:18,414: +PARAM [/camera/depth/image_rect_raw/compressed/jpeg_optimize] by /camera/realsense2_camera_manager
[rosmaster.master][INFO] 2023-09-04 17:00:18,416: +PARAM [/camera/depth/image_rect_raw/compressed/jpeg_restart_interval] by /camera/realsense2_camera_manager
[rosmaster.master][INFO] 2023-09-04 17:00:18,417: +PARAM [/camera/depth/image_rect_raw/compressed/png_level] by /camera/realsense2_camera_manager
[rosmaster.master][INFO] 2023-09-04 17:00:18,417: +PARAM [/camera/depth/image_rect_raw/compressed/format] by /camera/realsense2_camera_manager
[rosmaster.master][INFO] 2023-09-04 17:00:18,418: +PARAM [/camera/depth/image_rect_raw/compressed/jpeg_quality] by /camera/realsense2_camera_manager
[rosmaster.master][INFO] 2023-09-04 17:00:18,419: +PARAM [/camera/depth/image_rect_raw/compressed/jpeg_progressive] by /camera/realsense2_camera_manager
[rosmaster.master][INFO] 2023-09-04 17:00:18,419: +PARAM [/camera/depth/image_rect_raw/compressed/jpeg_optimize] by /camera/realsense2_camera_manager
[rosmaster.master][INFO] 2023-09-04 17:00:18,420: +PARAM [/camera/depth/image_rect_raw/compressed/jpeg_restart_interval] by /camera/realsense2_camera_manager
[rosmaster.master][INFO] 2023-09-04 17:00:18,421: +PARAM [/camera/depth/image_rect_raw/compressed/png_level] by /camera/realsense2_camera_manager
[rosmaster.master][INFO] 2023-09-04 17:00:18,424: +PUB [/camera/depth/image_rect_raw] /camera/realsense2_camera_manager http://ubuntu:44221/
[rosmaster.master][INFO] 2023-09-04 17:00:18,433: +PUB [/camera/depth/image_rect_raw/theora] /camera/realsense2_camera_manager http://ubuntu:44221/
[rosmaster.master][INFO] 2023-09-04 17:00:18,434: +SERVICE [/camera/depth/image_rect_raw/theora/set_parameters] /camera/realsense2_camera_manager http://ubuntu:44221/
[rosmaster.master][INFO] 2023-09-04 17:00:18,434: +PUB [/camera/depth/image_rect_raw/theora/parameter_descriptions] /camera/realsense2_camera_manager http://ubuntu:44221/
[rosmaster.master][INFO] 2023-09-04 17:00:18,435: +PUB [/camera/depth/image_rect_raw/theora/parameter_updates] /camera/realsense2_camera_manager http://ubuntu:44221/
[rosmaster.master][INFO] 2023-09-04 17:00:18,437: +PARAM [/camera/depth/image_rect_raw/theora/optimize_for] by /camera/realsense2_camera_manager
[rosmaster.master][INFO] 2023-09-04 17:00:18,438: +PARAM [/camera/depth/image_rect_raw/theora/target_bitrate] by /camera/realsense2_camera_manager
[rosmaster.master][INFO] 2023-09-04 17:00:18,438: +PARAM [/camera/depth/image_rect_raw/theora/quality] by /camera/realsense2_camera_manager
[rosmaster.master][INFO] 2023-09-04 17:00:18,439: +PARAM [/camera/depth/image_rect_raw/theora/keyframe_frequency] by /camera/realsense2_camera_manager
[rosmaster.master][INFO] 2023-09-04 17:00:18,441: +PARAM [/camera/depth/image_rect_raw/theora/optimize_for] by /camera/realsense2_camera_manager
[rosmaster.master][INFO] 2023-09-04 17:00:18,442: +PARAM [/camera/depth/image_rect_raw/theora/target_bitrate] by /camera/realsense2_camera_manager
[rosmaster.master][INFO] 2023-09-04 17:00:18,445: +PARAM [/camera/depth/image_rect_raw/theora/quality] by /camera/realsense2_camera_manager
[rosmaster.master][INFO] 2023-09-04 17:00:18,446: +PARAM [/camera/depth/image_rect_raw/theora/keyframe_frequency] by /camera/realsense2_camera_manager
[rosmaster.master][INFO] 2023-09-04 17:00:18,447: +PUB [/camera/depth/camera_info] /camera/realsense2_camera_manager http://ubuntu:44221/
[rosmaster.master][INFO] 2023-09-04 17:00:18,448: +PUB [/camera/depth/metadata] /camera/realsense2_camera_manager http://ubuntu:44221/
[rosmaster.master][INFO] 2023-09-04 17:00:18,450: +PUB [/camera/infra1/image_rect_raw/compressedDepth] /camera/realsense2_camera_manager http://ubuntu:44221/
[rosmaster.master][INFO] 2023-09-04 17:00:18,451: +SERVICE [/camera/infra1/image_rect_raw/compressedDepth/set_parameters] /camera/realsense2_camera_manager http://ubuntu:44221/
[rosmaster.master][INFO] 2023-09-04 17:00:18,452: +PUB [/camera/infra1/image_rect_raw/compressedDepth/parameter_descriptions] /camera/realsense2_camera_manager http://ubuntu:44221/
[rosmaster.master][INFO] 2023-09-04 17:00:18,453: +PUB [/camera/infra1/image_rect_raw/compressedDepth/parameter_updates] /camera/realsense2_camera_manager http://ubuntu:44221/
[rosmaster.master][INFO] 2023-09-04 17:00:18,456: +PARAM [/camera/infra1/image_rect_raw/compressedDepth/format] by /camera/realsense2_camera_manager
[rosmaster.master][INFO] 2023-09-04 17:00:18,457: +PARAM [/camera/infra1/image_rect_raw/compressedDepth/depth_max] by /camera/realsense2_camera_manager
[rosmaster.master][INFO] 2023-09-04 17:00:18,457: +PARAM [/camera/infra1/image_rect_raw/compressedDepth/depth_quantization] by /camera/realsense2_camera_manager
[rosmaster.master][INFO] 2023-09-04 17:00:18,458: +PARAM [/camera/infra1/image_rect_raw/compressedDepth/png_level] by /camera/realsense2_camera_manager
[rosmaster.master][INFO] 2023-09-04 17:00:18,459: +PARAM [/camera/infra1/image_rect_raw/compressedDepth/format] by /camera/realsense2_camera_manager
[rosmaster.master][INFO] 2023-09-04 17:00:18,459: +PARAM [/camera/infra1/image_rect_raw/compressedDepth/depth_max] by /camera/realsense2_camera_manager
[rosmaster.master][INFO] 2023-09-04 17:00:18,462: +PARAM [/camera/infra1/image_rect_raw/compressedDepth/depth_quantization] by /camera/realsense2_camera_manager
[rosmaster.master][INFO] 2023-09-04 17:00:18,462: +PARAM [/camera/infra1/image_rect_raw/compressedDepth/png_level] by /camera/realsense2_camera_manager
[rosmaster.master][INFO] 2023-09-04 17:00:18,465: +PUB [/camera/infra1/image_rect_raw/compressed] /camera/realsense2_camera_manager http://ubuntu:44221/
[rosmaster.master][INFO] 2023-09-04 17:00:18,466: +SERVICE [/camera/infra1/image_rect_raw/compressed/set_parameters] /camera/realsense2_camera_manager http://ubuntu:44221/
[rosmaster.master][INFO] 2023-09-04 17:00:18,469: +PUB [/camera/infra1/image_rect_raw/compressed/parameter_descriptions] /camera/realsense2_camera_manager http://ubuntu:44221/
[rosmaster.master][INFO] 2023-09-04 17:00:18,470: +PUB [/camera/infra1/image_rect_raw/compressed/parameter_updates] /camera/realsense2_camera_manager http://ubuntu:44221/
[rosmaster.master][INFO] 2023-09-04 17:00:18,473: +PARAM [/camera/infra1/image_rect_raw/compressed/format] by /camera/realsense2_camera_manager
[rosmaster.master][INFO] 2023-09-04 17:00:18,474: +PARAM [/camera/infra1/image_rect_raw/compressed/jpeg_quality] by /camera/realsense2_camera_manager
[rosmaster.master][INFO] 2023-09-04 17:00:18,476: +PARAM [/camera/infra1/image_rect_raw/compressed/jpeg_progressive] by /camera/realsense2_camera_manager
[rosmaster.master][INFO] 2023-09-04 17:00:18,477: +PARAM [/camera/infra1/image_rect_raw/compressed/jpeg_optimize] by /camera/realsense2_camera_manager
[rosmaster.master][INFO] 2023-09-04 17:00:18,478: +PARAM [/camera/infra1/image_rect_raw/compressed/jpeg_restart_interval] by /camera/realsense2_camera_manager
[rosmaster.master][INFO] 2023-09-04 17:00:18,479: +PARAM [/camera/infra1/image_rect_raw/compressed/png_level] by /camera/realsense2_camera_manager
[rosmaster.master][INFO] 2023-09-04 17:00:18,483: +PARAM [/camera/infra1/image_rect_raw/compressed/format] by /camera/realsense2_camera_manager
[rosmaster.master][INFO] 2023-09-04 17:00:18,484: +PARAM [/camera/infra1/image_rect_raw/compressed/jpeg_quality] by /camera/realsense2_camera_manager
[rosmaster.master][INFO] 2023-09-04 17:00:18,485: +PARAM [/camera/infra1/image_rect_raw/compressed/jpeg_progressive] by /camera/realsense2_camera_manager
[rosmaster.master][INFO] 2023-09-04 17:00:18,485: +PARAM [/camera/infra1/image_rect_raw/compressed/jpeg_optimize] by /camera/realsense2_camera_manager
[rosmaster.master][INFO] 2023-09-04 17:00:18,486: +PARAM [/camera/infra1/image_rect_raw/compressed/jpeg_restart_interval] by /camera/realsense2_camera_manager
[rosmaster.master][INFO] 2023-09-04 17:00:18,487: +PARAM [/camera/infra1/image_rect_raw/compressed/png_level] by /camera/realsense2_camera_manager
[rosmaster.master][INFO] 2023-09-04 17:00:18,487: +PUB [/camera/infra1/image_rect_raw] /camera/realsense2_camera_manager http://ubuntu:44221/
[rosmaster.master][INFO] 2023-09-04 17:00:18,490: +PUB [/camera/infra1/image_rect_raw/theora] /camera/realsense2_camera_manager http://ubuntu:44221/
[rosmaster.master][INFO] 2023-09-04 17:00:18,491: +SERVICE [/camera/infra1/image_rect_raw/theora/set_parameters] /camera/realsense2_camera_manager http://ubuntu:44221/
[rosmaster.master][INFO] 2023-09-04 17:00:18,491: +PUB [/camera/infra1/image_rect_raw/theora/parameter_descriptions] /camera/realsense2_camera_manager http://ubuntu:44221/
[rosmaster.master][INFO] 2023-09-04 17:00:18,492: +PUB [/camera/infra1/image_rect_raw/theora/parameter_updates] /camera/realsense2_camera_manager http://ubuntu:44221/
[rosmaster.master][INFO] 2023-09-04 17:00:18,495: +PARAM [/camera/infra1/image_rect_raw/theora/optimize_for] by /camera/realsense2_camera_manager
[rosmaster.master][INFO] 2023-09-04 17:00:18,496: +PARAM [/camera/infra1/image_rect_raw/theora/target_bitrate] by /camera/realsense2_camera_manager
[rosmaster.master][INFO] 2023-09-04 17:00:18,497: +PARAM [/camera/infra1/image_rect_raw/theora/quality] by /camera/realsense2_camera_manager
[rosmaster.master][INFO] 2023-09-04 17:00:18,498: +PARAM [/camera/infra1/image_rect_raw/theora/keyframe_frequency] by /camera/realsense2_camera_manager
[rosmaster.master][INFO] 2023-09-04 17:00:18,498: +PARAM [/camera/infra1/image_rect_raw/theora/optimize_for] by /camera/realsense2_camera_manager
[rosmaster.master][INFO] 2023-09-04 17:00:18,499: +PARAM [/camera/infra1/image_rect_raw/theora/target_bitrate] by /camera/realsense2_camera_manager
[rosmaster.master][INFO] 2023-09-04 17:00:18,500: +PARAM [/camera/infra1/image_rect_raw/theora/quality] by /camera/realsense2_camera_manager
[rosmaster.master][INFO] 2023-09-04 17:00:18,501: +PARAM [/camera/infra1/image_rect_raw/theora/keyframe_frequency] by /camera/realsense2_camera_manager
[rosmaster.master][INFO] 2023-09-04 17:00:18,501: +PUB [/camera/infra1/camera_info] /camera/realsense2_camera_manager http://ubuntu:44221/
[rosmaster.master][INFO] 2023-09-04 17:00:18,502: +PUB [/camera/infra1/metadata] /camera/realsense2_camera_manager http://ubuntu:44221/
[rosmaster.master][INFO] 2023-09-04 17:00:18,504: +PUB [/camera/infra2/image_rect_raw/compressedDepth] /camera/realsense2_camera_manager http://ubuntu:44221/
[rosmaster.master][INFO] 2023-09-04 17:00:18,504: +SERVICE [/camera/infra2/image_rect_raw/compressedDepth/set_parameters] /camera/realsense2_camera_manager http://ubuntu:44221/
[rosmaster.master][INFO] 2023-09-04 17:00:18,505: +PUB [/camera/infra2/image_rect_raw/compressedDepth/parameter_descriptions] /camera/realsense2_camera_manager http://ubuntu:44221/
[rosmaster.master][INFO] 2023-09-04 17:00:18,506: +PUB [/camera/infra2/image_rect_raw/compressedDepth/parameter_updates] /camera/realsense2_camera_manager http://ubuntu:44221/
[rosmaster.master][INFO] 2023-09-04 17:00:18,511: +PARAM [/camera/infra2/image_rect_raw/compressedDepth/format] by /camera/realsense2_camera_manager
[rosmaster.master][INFO] 2023-09-04 17:00:18,512: +PARAM [/camera/infra2/image_rect_raw/compressedDepth/depth_max] by /camera/realsense2_camera_manager
[rosmaster.master][INFO] 2023-09-04 17:00:18,513: +PARAM [/camera/infra2/image_rect_raw/compressedDepth/depth_quantization] by /camera/realsense2_camera_manager
[rosmaster.master][INFO] 2023-09-04 17:00:18,514: +PARAM [/camera/infra2/image_rect_raw/compressedDepth/png_level] by /camera/realsense2_camera_manager
[rosmaster.master][INFO] 2023-09-04 17:00:18,514: +PARAM [/camera/infra2/image_rect_raw/compressedDepth/format] by /camera/realsense2_camera_manager
[rosmaster.master][INFO] 2023-09-04 17:00:18,515: +PARAM [/camera/infra2/image_rect_raw/compressedDepth/depth_max] by /camera/realsense2_camera_manager
[rosmaster.master][INFO] 2023-09-04 17:00:18,516: +PARAM [/camera/infra2/image_rect_raw/compressedDepth/depth_quantization] by /camera/realsense2_camera_manager
[rosmaster.master][INFO] 2023-09-04 17:00:18,516: +PARAM [/camera/infra2/image_rect_raw/compressedDepth/png_level] by /camera/realsense2_camera_manager
[rosmaster.master][INFO] 2023-09-04 17:00:18,518: +PUB [/camera/infra2/image_rect_raw/compressed] /camera/realsense2_camera_manager http://ubuntu:44221/
[rosmaster.master][INFO] 2023-09-04 17:00:18,519: +SERVICE [/camera/infra2/image_rect_raw/compressed/set_parameters] /camera/realsense2_camera_manager http://ubuntu:44221/
[rosmaster.master][INFO] 2023-09-04 17:00:18,519: +PUB [/camera/infra2/image_rect_raw/compressed/parameter_descriptions] /camera/realsense2_camera_manager http://ubuntu:44221/
[rosmaster.master][INFO] 2023-09-04 17:00:18,520: +PUB [/camera/infra2/image_rect_raw/compressed/parameter_updates] /camera/realsense2_camera_manager http://ubuntu:44221/
[rosmaster.master][INFO] 2023-09-04 17:00:18,523: +PARAM [/camera/infra2/image_rect_raw/compressed/format] by /camera/realsense2_camera_manager
[rosmaster.master][INFO] 2023-09-04 17:00:18,524: +PARAM [/camera/infra2/image_rect_raw/compressed/jpeg_quality] by /camera/realsense2_camera_manager
[rosmaster.master][INFO] 2023-09-04 17:00:18,525: +PARAM [/camera/infra2/image_rect_raw/compressed/jpeg_progressive] by /camera/realsense2_camera_manager
[rosmaster.master][INFO] 2023-09-04 17:00:18,525: +PARAM [/camera/infra2/image_rect_raw/compressed/jpeg_optimize] by /camera/realsense2_camera_manager
[rosmaster.master][INFO] 2023-09-04 17:00:18,526: +PARAM [/camera/infra2/image_rect_raw/compressed/jpeg_restart_interval] by /camera/realsense2_camera_manager
[rosmaster.master][INFO] 2023-09-04 17:00:18,527: +PARAM [/camera/infra2/image_rect_raw/compressed/png_level] by /camera/realsense2_camera_manager
[rosmaster.master][INFO] 2023-09-04 17:00:18,528: +PARAM [/camera/infra2/image_rect_raw/compressed/format] by /camera/realsense2_camera_manager
[rosmaster.master][INFO] 2023-09-04 17:00:18,528: +PARAM [/camera/infra2/image_rect_raw/compressed/jpeg_quality] by /camera/realsense2_camera_manager
[rosmaster.master][INFO] 2023-09-04 17:00:18,529: +PARAM [/camera/infra2/image_rect_raw/compressed/jpeg_progressive] by /camera/realsense2_camera_manager
[rosmaster.master][INFO] 2023-09-04 17:00:18,530: +PARAM [/camera/infra2/image_rect_raw/compressed/jpeg_optimize] by /camera/realsense2_camera_manager
[rosmaster.master][INFO] 2023-09-04 17:00:18,530: +PARAM [/camera/infra2/image_rect_raw/compressed/jpeg_restart_interval] by /camera/realsense2_camera_manager
[rosmaster.master][INFO] 2023-09-04 17:00:18,531: +PARAM [/camera/infra2/image_rect_raw/compressed/png_level] by /camera/realsense2_camera_manager
[rosmaster.master][INFO] 2023-09-04 17:00:18,532: +PUB [/camera/infra2/image_rect_raw] /camera/realsense2_camera_manager http://ubuntu:44221/
[rosmaster.master][INFO] 2023-09-04 17:00:18,532: +PUB [/camera/infra2/image_rect_raw/theora] /camera/realsense2_camera_manager http://ubuntu:44221/
[rosmaster.master][INFO] 2023-09-04 17:00:18,533: +SERVICE [/camera/infra2/image_rect_raw/theora/set_parameters] /camera/realsense2_camera_manager http://ubuntu:44221/
[rosmaster.master][INFO] 2023-09-04 17:00:18,534: +PUB [/camera/infra2/image_rect_raw/theora/parameter_descriptions] /camera/realsense2_camera_manager http://ubuntu:44221/
[rosmaster.master][INFO] 2023-09-04 17:00:18,534: +PUB [/camera/infra2/image_rect_raw/theora/parameter_updates] /camera/realsense2_camera_manager http://ubuntu:44221/
[rosmaster.master][INFO] 2023-09-04 17:00:18,536: +PARAM [/camera/infra2/image_rect_raw/theora/optimize_for] by /camera/realsense2_camera_manager
[rosmaster.master][INFO] 2023-09-04 17:00:18,537: +PARAM [/camera/infra2/image_rect_raw/theora/target_bitrate] by /camera/realsense2_camera_manager
[rosmaster.master][INFO] 2023-09-04 17:00:18,538: +PARAM [/camera/infra2/image_rect_raw/theora/quality] by /camera/realsense2_camera_manager
[rosmaster.master][INFO] 2023-09-04 17:00:18,538: +PARAM [/camera/infra2/image_rect_raw/theora/keyframe_frequency] by /camera/realsense2_camera_manager
[rosmaster.master][INFO] 2023-09-04 17:00:18,541: +PARAM [/camera/infra2/image_rect_raw/theora/optimize_for] by /camera/realsense2_camera_manager
[rosmaster.master][INFO] 2023-09-04 17:00:18,541: +PARAM [/camera/infra2/image_rect_raw/theora/target_bitrate] by /camera/realsense2_camera_manager
[rosmaster.master][INFO] 2023-09-04 17:00:18,542: +PARAM [/camera/infra2/image_rect_raw/theora/quality] by /camera/realsense2_camera_manager
[rosmaster.master][INFO] 2023-09-04 17:00:18,543: +PARAM [/camera/infra2/image_rect_raw/theora/keyframe_frequency] by /camera/realsense2_camera_manager
[rosmaster.master][INFO] 2023-09-04 17:00:18,544: +PUB [/camera/infra2/camera_info] /camera/realsense2_camera_manager http://ubuntu:44221/
[rosmaster.master][INFO] 2023-09-04 17:00:18,545: +PUB [/camera/infra2/metadata] /camera/realsense2_camera_manager http://ubuntu:44221/
[rosmaster.master][INFO] 2023-09-04 17:00:18,547: +PUB [/camera/color/image_raw/compressedDepth] /camera/realsense2_camera_manager http://ubuntu:44221/
[rosmaster.master][INFO] 2023-09-04 17:00:18,548: +SERVICE [/camera/color/image_raw/compressedDepth/set_parameters] /camera/realsense2_camera_manager http://ubuntu:44221/
[rosmaster.master][INFO] 2023-09-04 17:00:18,549: +PUB [/camera/color/image_raw/compressedDepth/parameter_descriptions] /camera/realsense2_camera_manager http://ubuntu:44221/
[rosmaster.master][INFO] 2023-09-04 17:00:18,550: +PUB [/camera/color/image_raw/compressedDepth/parameter_updates] /camera/realsense2_camera_manager http://ubuntu:44221/
[rosmaster.master][INFO] 2023-09-04 17:00:18,552: +PARAM [/camera/color/image_raw/compressedDepth/format] by /camera/realsense2_camera_manager
[rosmaster.master][INFO] 2023-09-04 17:00:18,552: +PARAM [/camera/color/image_raw/compressedDepth/depth_max] by /camera/realsense2_camera_manager
[rosmaster.master][INFO] 2023-09-04 17:00:18,553: +PARAM [/camera/color/image_raw/compressedDepth/depth_quantization] by /camera/realsense2_camera_manager
[rosmaster.master][INFO] 2023-09-04 17:00:18,554: +PARAM [/camera/color/image_raw/compressedDepth/png_level] by /camera/realsense2_camera_manager
[rosmaster.master][INFO] 2023-09-04 17:00:18,554: +PARAM [/camera/color/image_raw/compressedDepth/format] by /camera/realsense2_camera_manager
[rosmaster.master][INFO] 2023-09-04 17:00:18,555: +PARAM [/camera/color/image_raw/compressedDepth/depth_max] by /camera/realsense2_camera_manager
[rosmaster.master][INFO] 2023-09-04 17:00:18,556: +PARAM [/camera/color/image_raw/compressedDepth/depth_quantization] by /camera/realsense2_camera_manager
[rosmaster.master][INFO] 2023-09-04 17:00:18,556: +PARAM [/camera/color/image_raw/compressedDepth/png_level] by /camera/realsense2_camera_manager
[rosmaster.master][INFO] 2023-09-04 17:00:18,557: +PUB [/camera/color/image_raw/compressed] /camera/realsense2_camera_manager http://ubuntu:44221/
[rosmaster.master][INFO] 2023-09-04 17:00:18,557: +SERVICE [/camera/color/image_raw/compressed/set_parameters] /camera/realsense2_camera_manager http://ubuntu:44221/
[rosmaster.master][INFO] 2023-09-04 17:00:18,558: +PUB [/camera/color/image_raw/compressed/parameter_descriptions] /camera/realsense2_camera_manager http://ubuntu:44221/
[rosmaster.master][INFO] 2023-09-04 17:00:18,559: +PUB [/camera/color/image_raw/compressed/parameter_updates] /camera/realsense2_camera_manager http://ubuntu:44221/
[rosmaster.master][INFO] 2023-09-04 17:00:18,562: +PARAM [/camera/color/image_raw/compressed/format] by /camera/realsense2_camera_manager
[rosmaster.master][INFO] 2023-09-04 17:00:18,562: +PARAM [/camera/color/image_raw/compressed/jpeg_quality] by /camera/realsense2_camera_manager
[rosmaster.master][INFO] 2023-09-04 17:00:18,563: +PARAM [/camera/color/image_raw/compressed/jpeg_progressive] by /camera/realsense2_camera_manager
[rosmaster.master][INFO] 2023-09-04 17:00:18,564: +PARAM [/camera/color/image_raw/compressed/jpeg_optimize] by /camera/realsense2_camera_manager
[rosmaster.master][INFO] 2023-09-04 17:00:18,568: +PARAM [/camera/color/image_raw/compressed/jpeg_restart_interval] by /camera/realsense2_camera_manager
[rosmaster.master][INFO] 2023-09-04 17:00:18,569: +PARAM [/camera/color/image_raw/compressed/png_level] by /camera/realsense2_camera_manager
[rosmaster.master][INFO] 2023-09-04 17:00:18,570: +PARAM [/camera/color/image_raw/compressed/format] by /camera/realsense2_camera_manager
[rosmaster.master][INFO] 2023-09-04 17:00:18,570: +PARAM [/camera/color/image_raw/compressed/jpeg_quality] by /camera/realsense2_camera_manager
[rosmaster.master][INFO] 2023-09-04 17:00:18,571: +PARAM [/camera/color/image_raw/compressed/jpeg_progressive] by /camera/realsense2_camera_manager
[rosmaster.master][INFO] 2023-09-04 17:00:18,572: +PARAM [/camera/color/image_raw/compressed/jpeg_optimize] by /camera/realsense2_camera_manager
[rosmaster.master][INFO] 2023-09-04 17:00:18,572: +PARAM [/camera/color/image_raw/compressed/jpeg_restart_interval] by /camera/realsense2_camera_manager
[rosmaster.master][INFO] 2023-09-04 17:00:18,573: +PARAM [/camera/color/image_raw/compressed/png_level] by /camera/realsense2_camera_manager
[rosmaster.master][INFO] 2023-09-04 17:00:18,574: +PUB [/camera/color/image_raw] /camera/realsense2_camera_manager http://ubuntu:44221/
[rosmaster.master][INFO] 2023-09-04 17:00:18,575: +PUB [/camera/color/image_raw/theora] /camera/realsense2_camera_manager http://ubuntu:44221/
[rosmaster.master][INFO] 2023-09-04 17:00:18,575: +SERVICE [/camera/color/image_raw/theora/set_parameters] /camera/realsense2_camera_manager http://ubuntu:44221/
[rosmaster.master][INFO] 2023-09-04 17:00:18,576: +PUB [/camera/color/image_raw/theora/parameter_descriptions] /camera/realsense2_camera_manager http://ubuntu:44221/
[rosmaster.master][INFO] 2023-09-04 17:00:18,577: +PUB [/camera/color/image_raw/theora/parameter_updates] /camera/realsense2_camera_manager http://ubuntu:44221/
[rosmaster.master][INFO] 2023-09-04 17:00:18,579: +PARAM [/camera/color/image_raw/theora/optimize_for] by /camera/realsense2_camera_manager
[rosmaster.master][INFO] 2023-09-04 17:00:18,579: +PARAM [/camera/color/image_raw/theora/target_bitrate] by /camera/realsense2_camera_manager
[rosmaster.master][INFO] 2023-09-04 17:00:18,583: +PARAM [/camera/color/image_raw/theora/quality] by /camera/realsense2_camera_manager
[rosmaster.master][INFO] 2023-09-04 17:00:18,584: +PARAM [/camera/color/image_raw/theora/keyframe_frequency] by /camera/realsense2_camera_manager
[rosmaster.master][INFO] 2023-09-04 17:00:18,584: +PARAM [/camera/color/image_raw/theora/optimize_for] by /camera/realsense2_camera_manager
[rosmaster.master][INFO] 2023-09-04 17:00:18,585: +PARAM [/camera/color/image_raw/theora/target_bitrate] by /camera/realsense2_camera_manager
[rosmaster.master][INFO] 2023-09-04 17:00:18,585: +PARAM [/camera/color/image_raw/theora/quality] by /camera/realsense2_camera_manager
[rosmaster.master][INFO] 2023-09-04 17:00:18,586: +PARAM [/camera/color/image_raw/theora/keyframe_frequency] by /camera/realsense2_camera_manager
[rosmaster.master][INFO] 2023-09-04 17:00:18,587: +PUB [/camera/color/camera_info] /camera/realsense2_camera_manager http://ubuntu:44221/
[rosmaster.master][INFO] 2023-09-04 17:00:18,587: +PUB [/camera/color/metadata] /camera/realsense2_camera_manager http://ubuntu:44221/
[rosmaster.master][INFO] 2023-09-04 17:00:18,588: +PUB [/camera/extrinsics/depth_to_color] /camera/realsense2_camera_manager http://ubuntu:44221/
[rosmaster.master][INFO] 2023-09-04 17:00:18,589: +PUB [/camera/extrinsics/depth_to_infra1] /camera/realsense2_camera_manager http://ubuntu:44221/
[rosmaster.master][INFO] 2023-09-04 17:00:18,589: +PUB [/camera/extrinsics/depth_to_infra2] /camera/realsense2_camera_manager http://ubuntu:44221/
[rosmaster.master][INFO] 2023-09-04 17:00:18,982: +PUB [/camera/stereo_module/auto_exposure_roi/parameter_descriptions] /camera/realsense2_camera_manager http://ubuntu:44221/
[rosmaster.master][INFO] 2023-09-04 17:00:18,984: +PUB [/camera/stereo_module/auto_exposure_roi/parameter_updates] /camera/realsense2_camera_manager http://ubuntu:44221/
[rosmaster.master][INFO] 2023-09-04 17:00:18,985: +SERVICE [/camera/stereo_module/auto_exposure_roi/set_parameters] /camera/realsense2_camera_manager http://ubuntu:44221/
[rosmaster.master][INFO] 2023-09-04 17:00:18,990: +PUB [/camera/rgb_camera/auto_exposure_roi/parameter_descriptions] /camera/realsense2_camera_manager http://ubuntu:44221/
[rosmaster.master][INFO] 2023-09-04 17:00:18,991: +PUB [/camera/rgb_camera/auto_exposure_roi/parameter_updates] /camera/realsense2_camera_manager http://ubuntu:44221/
[rosmaster.master][INFO] 2023-09-04 17:00:18,994: +SERVICE [/camera/rgb_camera/auto_exposure_roi/set_parameters] /camera/realsense2_camera_manager http://ubuntu:44221/
[rosmaster.master][INFO] 2023-09-04 17:00:18,997: +SERVICE [/camera/realsense2_camera/device_info] /camera/realsense2_camera_manager http://ubuntu:44221/
[rosmaster.master][INFO] 2023-09-04 17:00:28,733: +PARAM [/roslaunch/uris/host_ubuntu__43169] by /roslaunch
[rosmaster.master][INFO] 2023-09-04 17:00:28,737: -PARAM [/svo] by /roslaunch
[rosmaster.master][INFO] 2023-09-04 17:00:28,743: +PARAM [/rosversion] by /roslaunch
[rosmaster.master][INFO] 2023-09-04 17:00:28,744: +PARAM [/rosdistro] by /roslaunch
[rosmaster.master][INFO] 2023-09-04 17:00:28,744: +PARAM [/svo/pipeline_is_stereo] by /roslaunch
[rosmaster.master][INFO] 2023-09-04 17:00:28,744: +PARAM [/svo/automatic_reinitialization] by /roslaunch
[rosmaster.master][INFO] 2023-09-04 17:00:28,744: +PARAM [/svo/max_depth_inv] by /roslaunch
[rosmaster.master][INFO] 2023-09-04 17:00:28,744: +PARAM [/svo/min_depth_inv] by /roslaunch
[rosmaster.master][INFO] 2023-09-04 17:00:28,744: +PARAM [/svo/mean_depth_inv] by /roslaunch
[rosmaster.master][INFO] 2023-09-04 17:00:28,744: +PARAM [/svo/use_imu] by /roslaunch
[rosmaster.master][INFO] 2023-09-04 17:00:28,745: +PARAM [/svo/img_align_prior_lambda_rot] by /roslaunch
[rosmaster.master][INFO] 2023-09-04 17:00:28,745: +PARAM [/svo/poseoptim_prior_lambda] by /roslaunch
[rosmaster.master][INFO] 2023-09-04 17:00:28,745: +PARAM [/svo/max_n_kfs] by /roslaunch
[rosmaster.master][INFO] 2023-09-04 17:00:28,745: +PARAM [/svo/kfselect_criterion] by /roslaunch
[rosmaster.master][INFO] 2023-09-04 17:00:28,745: +PARAM [/svo/kfselect_numkfs_upper_thresh] by /roslaunch
[rosmaster.master][INFO] 2023-09-04 17:00:28,745: +PARAM [/svo/kfselect_numkfs_lower_thresh] by /roslaunch
[rosmaster.master][INFO] 2023-09-04 17:00:28,745: +PARAM [/svo/kfselect_min_num_frames_between_kfs] by /roslaunch
[rosmaster.master][INFO] 2023-09-04 17:00:28,745: +PARAM [/svo/kfselect_min_disparity] by /roslaunch
[rosmaster.master][INFO] 2023-09-04 17:00:28,745: +PARAM [/svo/kfselect_min_angle] by /roslaunch
[rosmaster.master][INFO] 2023-09-04 17:00:28,745: +PARAM [/svo/kfselect_min_dist_metric] by /roslaunch
[rosmaster.master][INFO] 2023-09-04 17:00:28,746: +PARAM [/svo/update_seeds_with_old_keyframes] by /roslaunch
[rosmaster.master][INFO] 2023-09-04 17:00:28,746: +PARAM [/svo/img_align_max_level] by /roslaunch
[rosmaster.master][INFO] 2023-09-04 17:00:28,746: +PARAM [/svo/img_align_min_level] by /roslaunch
[rosmaster.master][INFO] 2023-09-04 17:00:28,746: +PARAM [/svo/poseoptim_thresh] by /roslaunch
[rosmaster.master][INFO] 2023-09-04 17:00:28,746: +PARAM [/svo/use_async_reprojectors] by /roslaunch
[rosmaster.master][INFO] 2023-09-04 17:00:28,746: +PARAM [/svo/reprojector_max_n_kfs] by /roslaunch
[rosmaster.master][INFO] 2023-09-04 17:00:28,746: +PARAM [/svo/max_fts] by /roslaunch
[rosmaster.master][INFO] 2023-09-04 17:00:28,746: +PARAM [/svo/grid_size] by /roslaunch
[rosmaster.master][INFO] 2023-09-04 17:00:28,747: +PARAM [/svo/n_pyr_levels] by /roslaunch
[rosmaster.master][INFO] 2023-09-04 17:00:28,747: +PARAM [/svo/detector_threshold_primary] by /roslaunch
[rosmaster.master][INFO] 2023-09-04 17:00:28,747: +PARAM [/svo/detector_threshold_secondary] by /roslaunch
[rosmaster.master][INFO] 2023-09-04 17:00:28,747: +PARAM [/svo/use_ceres_backend] by /roslaunch
[rosmaster.master][INFO] 2023-09-04 17:00:28,747: +PARAM [/svo/cam0_topic] by /roslaunch
[rosmaster.master][INFO] 2023-09-04 17:00:28,747: +PARAM [/svo/cam1_topic] by /roslaunch
[rosmaster.master][INFO] 2023-09-04 17:00:28,748: +PARAM [/svo/calib_file] by /roslaunch
[rosmaster.master][INFO] 2023-09-04 17:00:28,748: +PARAM [/svo/init_rx] by /roslaunch
[rosmaster.master][INFO] 2023-09-04 17:00:28,748: +PARAM [/svo/init_ry] by /roslaunch
[rosmaster.master][INFO] 2023-09-04 17:00:28,748: +PARAM [/svo/init_rz] by /roslaunch
[rosmaster.master][INFO] 2023-09-04 17:00:29,137: +PUB [/rosout] /svo http://ubuntu:44197/
[rosmaster.master][INFO] 2023-09-04 17:00:29,138: +SERVICE [/svo/get_loggers] /svo http://ubuntu:44197/
[rosmaster.master][INFO] 2023-09-04 17:00:29,139: +SERVICE [/svo/set_logger_level] /svo http://ubuntu:44197/
[rosmaster.master][INFO] 2023-09-04 17:00:29,142: +CACHEDPARAM [/rosout_disable_topics_generation] by /svo
[rosmaster.master][INFO] 2023-09-04 17:00:29,162: publisherUpdate[/rosout] -> http://ubuntu:36231/ ['http://ubuntu:40235/', 'http://ubuntu:35265/', 'http://ubuntu:44221/', 'http://ubuntu:44197/']
[rosmaster.master][INFO] 2023-09-04 17:00:29,164: publisherUpdate[/rosout] -> http://ubuntu:36231/ ['http://ubuntu:40235/', 'http://ubuntu:35265/', 'http://ubuntu:44221/', 'http://ubuntu:44197/']: sec=0.00, result=[1, '', 0]
[rosmaster.master][INFO] 2023-09-04 17:00:29,348: +PUB [/tf] /svo http://ubuntu:44197/
[rosmaster.master][INFO] 2023-09-04 17:00:29,354: +PUB [/svo/keyframes] /svo http://ubuntu:44197/
[rosmaster.master][INFO] 2023-09-04 17:00:29,355: +PUB [/svo/points] /svo http://ubuntu:44197/
[rosmaster.master][INFO] 2023-09-04 17:00:29,356: +PUB [/svo/pose_imu] /svo http://ubuntu:44197/
[rosmaster.master][INFO] 2023-09-04 17:00:29,357: +PUB [/svo/info] /svo http://ubuntu:44197/
[rosmaster.master][INFO] 2023-09-04 17:00:29,358: +PUB [/svo/markers] /svo http://ubuntu:44197/
[rosmaster.master][INFO] 2023-09-04 17:00:29,358: +PUB [/svo/pointcloud] /svo http://ubuntu:44197/
[rosmaster.master][INFO] 2023-09-04 17:00:29,367: publisherUpdate[/tf] -> http://ubuntu:40235/ ['http://ubuntu:44221/', 'http://ubuntu:44197/']
[rosmaster.master][INFO] 2023-09-04 17:00:29,369: publisherUpdate[/tf] -> http://ubuntu:40235/ ['http://ubuntu:44221/', 'http://ubuntu:44197/']: sec=0.00, result=[1, '', 0]
[rosmaster.master][INFO] 2023-09-04 17:00:29,369: publisherUpdate[/svo/keyframes] -> http://ubuntu:40235/ ['http://ubuntu:44197/']
[rosmaster.master][INFO] 2023-09-04 17:00:29,372: +PUB [/svo/dense_input/0] /svo http://ubuntu:44197/
[rosmaster.master][INFO] 2023-09-04 17:00:29,372: publisherUpdate[/svo/keyframes] -> http://ubuntu:40235/ ['http://ubuntu:44197/']: sec=0.00, result=[1, '', 0]
[rosmaster.master][INFO] 2023-09-04 17:00:29,373: publisherUpdate[/svo/points] -> http://ubuntu:40235/ ['http://ubuntu:44197/']
[rosmaster.master][INFO] 2023-09-04 17:00:29,374: publisherUpdate[/svo/points] -> http://ubuntu:40235/ ['http://ubuntu:44197/']: sec=0.00, result=[1, '', 0]
[rosmaster.master][INFO] 2023-09-04 17:00:29,380: +PUB [/svo/image/0/compressedDepth] /svo http://ubuntu:44197/
[rosmaster.master][INFO] 2023-09-04 17:00:29,385: +SERVICE [/svo/image/0/compressedDepth/set_parameters] /svo http://ubuntu:44197/
[rosmaster.master][INFO] 2023-09-04 17:00:29,387: +PUB [/svo/image/0/compressedDepth/parameter_descriptions] /svo http://ubuntu:44197/
[rosmaster.master][INFO] 2023-09-04 17:00:29,389: +PUB [/svo/image/0/compressedDepth/parameter_updates] /svo http://ubuntu:44197/
[rosmaster.master][INFO] 2023-09-04 17:00:29,391: +PARAM [/svo/image/0/compressedDepth/format] by /svo
[rosmaster.master][INFO] 2023-09-04 17:00:29,392: +PARAM [/svo/image/0/compressedDepth/depth_max] by /svo
[rosmaster.master][INFO] 2023-09-04 17:00:29,402: +PARAM [/svo/image/0/compressedDepth/depth_quantization] by /svo
[rosmaster.master][INFO] 2023-09-04 17:00:29,404: +PARAM [/svo/image/0/compressedDepth/png_level] by /svo
[rosmaster.master][INFO] 2023-09-04 17:00:29,405: +PARAM [/svo/image/0/compressedDepth/format] by /svo
[rosmaster.master][INFO] 2023-09-04 17:00:29,405: +PARAM [/svo/image/0/compressedDepth/depth_max] by /svo
[rosmaster.master][INFO] 2023-09-04 17:00:29,406: +PARAM [/svo/image/0/compressedDepth/depth_quantization] by /svo
[rosmaster.master][INFO] 2023-09-04 17:00:29,407: +PARAM [/svo/image/0/compressedDepth/png_level] by /svo
[rosmaster.master][INFO] 2023-09-04 17:00:29,413: +PUB [/svo/image/0/compressed] /svo http://ubuntu:44197/
[rosmaster.master][INFO] 2023-09-04 17:00:29,415: +SERVICE [/svo/image/0/compressed/set_parameters] /svo http://ubuntu:44197/
[rosmaster.master][INFO] 2023-09-04 17:00:29,415: +PUB [/svo/image/0/compressed/parameter_descriptions] /svo http://ubuntu:44197/
[rosmaster.master][INFO] 2023-09-04 17:00:29,416: +PUB [/svo/image/0/compressed/parameter_updates] /svo http://ubuntu:44197/
[rosmaster.master][INFO] 2023-09-04 17:00:29,421: +PARAM [/svo/image/0/compressed/format] by /svo
[rosmaster.master][INFO] 2023-09-04 17:00:29,422: +PARAM [/svo/image/0/compressed/jpeg_quality] by /svo
[rosmaster.master][INFO] 2023-09-04 17:00:29,423: +PARAM [/svo/image/0/compressed/jpeg_progressive] by /svo
[rosmaster.master][INFO] 2023-09-04 17:00:29,423: +PARAM [/svo/image/0/compressed/jpeg_optimize] by /svo
[rosmaster.master][INFO] 2023-09-04 17:00:29,424: +PARAM [/svo/image/0/compressed/jpeg_restart_interval] by /svo
[rosmaster.master][INFO] 2023-09-04 17:00:29,425: +PARAM [/svo/image/0/compressed/png_level] by /svo
[rosmaster.master][INFO] 2023-09-04 17:00:29,434: +PARAM [/svo/image/0/compressed/format] by /svo
[rosmaster.master][INFO] 2023-09-04 17:00:29,435: +PARAM [/svo/image/0/compressed/jpeg_quality] by /svo
[rosmaster.master][INFO] 2023-09-04 17:00:29,436: +PARAM [/svo/image/0/compressed/jpeg_progressive] by /svo
[rosmaster.master][INFO] 2023-09-04 17:00:29,437: +PARAM [/svo/image/0/compressed/jpeg_optimize] by /svo
[rosmaster.master][INFO] 2023-09-04 17:00:29,438: +PARAM [/svo/image/0/compressed/jpeg_restart_interval] by /svo
[rosmaster.master][INFO] 2023-09-04 17:00:29,438: +PARAM [/svo/image/0/compressed/png_level] by /svo
[rosmaster.master][INFO] 2023-09-04 17:00:29,444: +PUB [/svo/image/0] /svo http://ubuntu:44197/
[rosmaster.master][INFO] 2023-09-04 17:00:29,450: +PUB [/svo/image/0/theora] /svo http://ubuntu:44197/
[rosmaster.master][INFO] 2023-09-04 17:00:29,451: +SERVICE [/svo/image/0/theora/set_parameters] /svo http://ubuntu:44197/
[rosmaster.master][INFO] 2023-09-04 17:00:29,451: +PUB [/svo/image/0/theora/parameter_descriptions] /svo http://ubuntu:44197/
[rosmaster.master][INFO] 2023-09-04 17:00:29,452: +PUB [/svo/image/0/theora/parameter_updates] /svo http://ubuntu:44197/
[rosmaster.master][INFO] 2023-09-04 17:00:29,456: +PARAM [/svo/image/0/theora/optimize_for] by /svo
[rosmaster.master][INFO] 2023-09-04 17:00:29,457: +PARAM [/svo/image/0/theora/target_bitrate] by /svo
[rosmaster.master][INFO] 2023-09-04 17:00:29,458: +PARAM [/svo/image/0/theora/quality] by /svo
[rosmaster.master][INFO] 2023-09-04 17:00:29,458: +PARAM [/svo/image/0/theora/keyframe_frequency] by /svo
[rosmaster.master][INFO] 2023-09-04 17:00:29,467: +PARAM [/svo/image/0/theora/optimize_for] by /svo
[rosmaster.master][INFO] 2023-09-04 17:00:29,468: publisherUpdate[/svo/image/0] -> http://ubuntu:40235/ ['http://ubuntu:44197/']
[rosmaster.master][INFO] 2023-09-04 17:00:29,469: +PARAM [/svo/image/0/theora/target_bitrate] by /svo
[rosmaster.master][INFO] 2023-09-04 17:00:29,470: +PARAM [/svo/image/0/theora/quality] by /svo
[rosmaster.master][INFO] 2023-09-04 17:00:29,470: +PARAM [/svo/image/0/theora/keyframe_frequency] by /svo
[rosmaster.master][INFO] 2023-09-04 17:00:29,471: publisherUpdate[/svo/image/0] -> http://ubuntu:40235/ ['http://ubuntu:44197/']: sec=0.00, result=[1, '', 0]
[rosmaster.master][INFO] 2023-09-04 17:00:29,471: +PUB [/svo/pose_cam/0] /svo http://ubuntu:44197/
[rosmaster.master][INFO] 2023-09-04 17:00:29,472: +PUB [/svo/dense_input/1] /svo http://ubuntu:44197/
[rosmaster.master][INFO] 2023-09-04 17:00:29,473: +PUB [/svo/image/1/compressedDepth] /svo http://ubuntu:44197/
[rosmaster.master][INFO] 2023-09-04 17:00:29,474: +SERVICE [/svo/image/1/compressedDepth/set_parameters] /svo http://ubuntu:44197/
[rosmaster.master][INFO] 2023-09-04 17:00:29,476: +PUB [/svo/image/1/compressedDepth/parameter_descriptions] /svo http://ubuntu:44197/
[rosmaster.master][INFO] 2023-09-04 17:00:29,477: +PUB [/svo/image/1/compressedDepth/parameter_updates] /svo http://ubuntu:44197/
[rosmaster.master][INFO] 2023-09-04 17:00:29,484: +PARAM [/svo/image/1/compressedDepth/format] by /svo
[rosmaster.master][INFO] 2023-09-04 17:00:29,485: +PARAM [/svo/image/1/compressedDepth/depth_max] by /svo
[rosmaster.master][INFO] 2023-09-04 17:00:29,488: +PARAM [/svo/image/1/compressedDepth/depth_quantization] by /svo
[rosmaster.master][INFO] 2023-09-04 17:00:29,489: +PARAM [/svo/image/1/compressedDepth/png_level] by /svo
[rosmaster.master][INFO] 2023-09-04 17:00:29,491: +PARAM [/svo/image/1/compressedDepth/format] by /svo
[rosmaster.master][INFO] 2023-09-04 17:00:29,500: +PARAM [/svo/image/1/compressedDepth/depth_max] by /svo
[rosmaster.master][INFO] 2023-09-04 17:00:29,502: +PARAM [/svo/image/1/compressedDepth/depth_quantization] by /svo
[rosmaster.master][INFO] 2023-09-04 17:00:29,504: +PARAM [/svo/image/1/compressedDepth/png_level] by /svo
[rosmaster.master][INFO] 2023-09-04 17:00:29,505: +PUB [/svo/image/1/compressed] /svo http://ubuntu:44197/
[rosmaster.master][INFO] 2023-09-04 17:00:29,507: +SERVICE [/svo/image/1/compressed/set_parameters] /svo http://ubuntu:44197/
[rosmaster.master][INFO] 2023-09-04 17:00:29,509: +PUB [/svo/image/1/compressed/parameter_descriptions] /svo http://ubuntu:44197/
[rosmaster.master][INFO] 2023-09-04 17:00:29,510: +PUB [/svo/image/1/compressed/parameter_updates] /svo http://ubuntu:44197/
[rosmaster.master][INFO] 2023-09-04 17:00:29,517: +PARAM [/svo/image/1/compressed/format] by /svo
[rosmaster.master][INFO] 2023-09-04 17:00:29,518: +PARAM [/svo/image/1/compressed/jpeg_quality] by /svo
[rosmaster.master][INFO] 2023-09-04 17:00:29,520: +PARAM [/svo/image/1/compressed/jpeg_progressive] by /svo
[rosmaster.master][INFO] 2023-09-04 17:00:29,522: +PARAM [/svo/image/1/compressed/jpeg_optimize] by /svo
[rosmaster.master][INFO] 2023-09-04 17:00:29,523: +PARAM [/svo/image/1/compressed/jpeg_restart_interval] by /svo
[rosmaster.master][INFO] 2023-09-04 17:00:29,524: +PARAM [/svo/image/1/compressed/png_level] by /svo
[rosmaster.master][INFO] 2023-09-04 17:00:29,525: +PARAM [/svo/image/1/compressed/format] by /svo
[rosmaster.master][INFO] 2023-09-04 17:00:29,534: +PARAM [/svo/image/1/compressed/jpeg_quality] by /svo
[rosmaster.master][INFO] 2023-09-04 17:00:29,536: +PARAM [/svo/image/1/compressed/jpeg_progressive] by /svo
[rosmaster.master][INFO] 2023-09-04 17:00:29,537: +PARAM [/svo/image/1/compressed/jpeg_optimize] by /svo
[rosmaster.master][INFO] 2023-09-04 17:00:29,538: +PARAM [/svo/image/1/compressed/jpeg_restart_interval] by /svo
[rosmaster.master][INFO] 2023-09-04 17:00:29,539: +PARAM [/svo/image/1/compressed/png_level] by /svo
[rosmaster.master][INFO] 2023-09-04 17:00:29,540: +PUB [/svo/image/1] /svo http://ubuntu:44197/
[rosmaster.master][INFO] 2023-09-04 17:00:29,541: +PUB [/svo/image/1/theora] /svo http://ubuntu:44197/
[rosmaster.master][INFO] 2023-09-04 17:00:29,543: +SERVICE [/svo/image/1/theora/set_parameters] /svo http://ubuntu:44197/
[rosmaster.master][INFO] 2023-09-04 17:00:29,544: +PUB [/svo/image/1/theora/parameter_descriptions] /svo http://ubuntu:44197/
[rosmaster.master][INFO] 2023-09-04 17:00:29,545: +PUB [/svo/image/1/theora/parameter_updates] /svo http://ubuntu:44197/
[rosmaster.master][INFO] 2023-09-04 17:00:29,549: +PARAM [/svo/image/1/theora/optimize_for] by /svo
[rosmaster.master][INFO] 2023-09-04 17:00:29,550: +PARAM [/svo/image/1/theora/target_bitrate] by /svo
[rosmaster.master][INFO] 2023-09-04 17:00:29,551: +PARAM [/svo/image/1/theora/quality] by /svo
[rosmaster.master][INFO] 2023-09-04 17:00:29,552: +PARAM [/svo/image/1/theora/keyframe_frequency] by /svo
[rosmaster.master][INFO] 2023-09-04 17:00:29,554: +PARAM [/svo/image/1/theora/optimize_for] by /svo
[rosmaster.master][INFO] 2023-09-04 17:00:29,555: +PARAM [/svo/image/1/theora/target_bitrate] by /svo
[rosmaster.master][INFO] 2023-09-04 17:00:29,556: +PARAM [/svo/image/1/theora/quality] by /svo
[rosmaster.master][INFO] 2023-09-04 17:00:29,557: +PARAM [/svo/image/1/theora/keyframe_frequency] by /svo
[rosmaster.master][INFO] 2023-09-04 17:00:29,559: +PUB [/svo/pose_cam/1] /svo http://ubuntu:44197/
[rosmaster.master][INFO] 2023-09-04 17:00:29,569: +PUB [/svo/loop_closures] /svo http://ubuntu:44197/
[rosmaster.master][INFO] 2023-09-04 17:00:29,572: +PUB [/svo/pose_graph] /svo http://ubuntu:44197/
[rosmaster.master][INFO] 2023-09-04 17:00:29,573: publisherUpdate[/svo/loop_closures] -> http://ubuntu:40235/ ['http://ubuntu:44197/']
[rosmaster.master][INFO] 2023-09-04 17:00:29,574: +PUB [/svo/pose_graph_pointcloud] /svo http://ubuntu:44197/
[rosmaster.master][INFO] 2023-09-04 17:00:29,575: publisherUpdate[/svo/loop_closures] -> http://ubuntu:40235/ ['http://ubuntu:44197/']: sec=0.00, result=[1, '', 0]
[rosmaster.master][INFO] 2023-09-04 17:00:29,575: publisherUpdate[/svo/pose_graph] -> http://ubuntu:40235/ ['http://ubuntu:44197/']
[rosmaster.master][INFO] 2023-09-04 17:00:29,579: publisherUpdate[/svo/pose_graph] -> http://ubuntu:40235/ ['http://ubuntu:44197/']: sec=0.00, result=[1, '', 0]
[rosmaster.master][INFO] 2023-09-04 17:00:29,579: publisherUpdate[/svo/pose_graph_pointcloud] -> http://ubuntu:40235/ ['http://ubuntu:44197/']
[rosmaster.master][INFO] 2023-09-04 17:00:29,582: publisherUpdate[/svo/pose_graph_pointcloud] -> http://ubuntu:40235/ ['http://ubuntu:44197/']: sec=0.00, result=[1, '', 0]
[rosmaster.master][INFO] 2023-09-04 17:00:29,590: +SUB [/svo/remote_key] /svo http://ubuntu:44197/
[rosmaster.master][INFO] 2023-09-04 17:00:29,610: +SUB [/camera/infra1/image_rect_raw] /svo http://ubuntu:44197/
[rosmaster.master][INFO] 2023-09-04 17:00:29,614: +SUB [/camera/infra2/image_rect_raw] /svo http://ubuntu:44197/
[rosmaster.master][INFO] 2023-09-04 17:01:20,106: +PUB [/rosout] /rostopic_48198_1693818079934 http://ubuntu:43443/
[rosmaster.master][INFO] 2023-09-04 17:01:20,114: +SERVICE [/rostopic_48198_1693818079934/get_loggers] /rostopic_48198_1693818079934 http://ubuntu:43443/
[rosmaster.master][INFO] 2023-09-04 17:01:20,118: +SERVICE [/rostopic_48198_1693818079934/set_logger_level] /rostopic_48198_1693818079934 http://ubuntu:43443/
[rosmaster.master][INFO] 2023-09-04 17:01:20,120: publisherUpdate[/rosout] -> http://ubuntu:36231/ ['http://ubuntu:40235/', 'http://ubuntu:35265/', 'http://ubuntu:44221/', 'http://ubuntu:44197/', 'http://ubuntu:43443/']
[rosmaster.master][INFO] 2023-09-04 17:01:20,122: publisherUpdate[/rosout] -> http://ubuntu:36231/ ['http://ubuntu:40235/', 'http://ubuntu:35265/', 'http://ubuntu:44221/', 'http://ubuntu:44197/', 'http://ubuntu:43443/']: sec=0.00, result=[1, '', 0]
[rosmaster.master][INFO] 2023-09-04 17:01:20,151: +SUB [/svo/pose_cam/0] /rostopic_48198_1693818079934 http://ubuntu:43443/
[rosmaster.master][INFO] 2023-09-04 17:04:09,579: -SUB [/svo/pose_cam/0] /rostopic_48198_1693818079934 http://ubuntu:43443/
[rosmaster.master][INFO] 2023-09-04 17:04:09,579: -PUB [/rosout] /rostopic_48198_1693818079934 http://ubuntu:43443/
[rosmaster.master][INFO] 2023-09-04 17:04:09,580: -SERVICE [/rostopic_48198_1693818079934/get_loggers] /rostopic_48198_1693818079934 rosrpc://ubuntu:42879
[rosmaster.master][INFO] 2023-09-04 17:04:09,580: -SERVICE [/rostopic_48198_1693818079934/set_logger_level] /rostopic_48198_1693818079934 rosrpc://ubuntu:42879
[rosmaster.master][INFO] 2023-09-04 17:04:09,635: publisherUpdate[/rosout] -> http://ubuntu:36231/ ['http://ubuntu:40235/', 'http://ubuntu:35265/', 'http://ubuntu:44221/', 'http://ubuntu:44197/']
[rosmaster.master][INFO] 2023-09-04 17:04:09,637: publisherUpdate[/rosout] -> http://ubuntu:36231/ ['http://ubuntu:40235/', 'http://ubuntu:35265/', 'http://ubuntu:44221/', 'http://ubuntu:44197/']: sec=0.00, result=[1, '', 0]
[rosmaster.master][INFO] 2023-09-04 17:04:12,380: -PUB [/rosout] /svo http://ubuntu:44197/
[rosmaster.master][INFO] 2023-09-04 17:04:12,383: -PUB [/tf] /svo http://ubuntu:44197/
[rosmaster.master][INFO] 2023-09-04 17:04:12,385: -PUB [/svo/keyframes] /svo http://ubuntu:44197/
[rosmaster.master][INFO] 2023-09-04 17:04:12,386: -PUB [/svo/points] /svo http://ubuntu:44197/
[rosmaster.master][INFO] 2023-09-04 17:04:12,387: -PUB [/svo/pose_imu] /svo http://ubuntu:44197/
[rosmaster.master][INFO] 2023-09-04 17:04:12,388: -PUB [/svo/info] /svo http://ubuntu:44197/
[rosmaster.master][INFO] 2023-09-04 17:04:12,390: -PUB [/svo/markers] /svo http://ubuntu:44197/
[rosmaster.master][INFO] 2023-09-04 17:04:12,390: -PUB [/svo/pointcloud] /svo http://ubuntu:44197/
[rosmaster.master][INFO] 2023-09-04 17:04:12,392: -PUB [/svo/dense_input/0] /svo http://ubuntu:44197/
[rosmaster.master][INFO] 2023-09-04 17:04:12,392: -PUB [/svo/image/0/compressedDepth] /svo http://ubuntu:44197/
[rosmaster.master][INFO] 2023-09-04 17:04:12,393: -PUB [/svo/image/0/compressedDepth/parameter_descriptions] /svo http://ubuntu:44197/
[rosmaster.master][INFO] 2023-09-04 17:04:12,394: -PUB [/svo/image/0/compressedDepth/parameter_updates] /svo http://ubuntu:44197/
[rosmaster.master][INFO] 2023-09-04 17:04:12,396: -PUB [/svo/image/0/compressed] /svo http://ubuntu:44197/
[rosmaster.master][INFO] 2023-09-04 17:04:12,396: -PUB [/svo/image/0/compressed/parameter_descriptions] /svo http://ubuntu:44197/
[rosmaster.master][INFO] 2023-09-04 17:04:12,397: -PUB [/svo/image/0/compressed/parameter_updates] /svo http://ubuntu:44197/
[rosmaster.master][INFO] 2023-09-04 17:04:12,398: -PUB [/svo/image/0] /svo http://ubuntu:44197/
[rosmaster.master][INFO] 2023-09-04 17:04:12,399: -PUB [/svo/image/0/theora] /svo http://ubuntu:44197/
[rosmaster.master][INFO] 2023-09-04 17:04:12,400: -PUB [/svo/image/0/theora/parameter_descriptions] /svo http://ubuntu:44197/
[rosmaster.master][INFO] 2023-09-04 17:04:12,401: -PUB [/svo/image/0/theora/parameter_updates] /svo http://ubuntu:44197/
[rosmaster.master][INFO] 2023-09-04 17:04:12,402: -PUB [/svo/pose_cam/0] /svo http://ubuntu:44197/
[rosmaster.master][INFO] 2023-09-04 17:04:12,402: -PUB [/svo/dense_input/1] /svo http://ubuntu:44197/
[rosmaster.master][INFO] 2023-09-04 17:04:12,403: -PUB [/svo/image/1/compressedDepth] /svo http://ubuntu:44197/
[rosmaster.master][INFO] 2023-09-04 17:04:12,403: -PUB [/svo/image/1/compressedDepth/parameter_descriptions] /svo http://ubuntu:44197/
[rosmaster.master][INFO] 2023-09-04 17:04:12,404: -PUB [/svo/image/1/compressedDepth/parameter_updates] /svo http://ubuntu:44197/
[rosmaster.master][INFO] 2023-09-04 17:04:12,404: -PUB [/svo/image/1/compressed] /svo http://ubuntu:44197/
[rosmaster.master][INFO] 2023-09-04 17:04:12,405: -PUB [/svo/image/1/compressed/parameter_descriptions] /svo http://ubuntu:44197/
[rosmaster.master][INFO] 2023-09-04 17:04:12,405: -PUB [/svo/image/1/compressed/parameter_updates] /svo http://ubuntu:44197/
[rosmaster.master][INFO] 2023-09-04 17:04:12,406: -PUB [/svo/image/1] /svo http://ubuntu:44197/
[rosmaster.master][INFO] 2023-09-04 17:04:12,406: -PUB [/svo/image/1/theora] /svo http://ubuntu:44197/
[rosmaster.master][INFO] 2023-09-04 17:04:12,406: -PUB [/svo/image/1/theora/parameter_descriptions] /svo http://ubuntu:44197/
[rosmaster.master][INFO] 2023-09-04 17:04:12,407: -PUB [/svo/image/1/theora/parameter_updates] /svo http://ubuntu:44197/
[rosmaster.master][INFO] 2023-09-04 17:04:12,407: -PUB [/svo/pose_cam/1] /svo http://ubuntu:44197/
[rosmaster.master][INFO] 2023-09-04 17:04:12,408: -PUB [/svo/loop_closures] /svo http://ubuntu:44197/
[rosmaster.master][INFO] 2023-09-04 17:04:12,409: -PUB [/svo/pose_graph] /svo http://ubuntu:44197/
[rosmaster.master][INFO] 2023-09-04 17:04:12,409: -PUB [/svo/pose_graph_pointcloud] /svo http://ubuntu:44197/
[rosmaster.master][INFO] 2023-09-04 17:04:12,412: -SUB [/svo/remote_key] /svo http://ubuntu:44197/
[rosmaster.master][INFO] 2023-09-04 17:04:12,413: -SUB [/camera/infra1/image_rect_raw] /svo http://ubuntu:44197/
[rosmaster.master][INFO] 2023-09-04 17:04:12,414: -SUB [/camera/infra2/image_rect_raw] /svo http://ubuntu:44197/
[rosmaster.master][INFO] 2023-09-04 17:04:12,414: -SERVICE [/svo/get_loggers] /svo rosrpc://ubuntu:42461
[rosmaster.master][INFO] 2023-09-04 17:04:12,416: -SERVICE [/svo/set_logger_level] /svo rosrpc://ubuntu:42461
[rosmaster.master][INFO] 2023-09-04 17:04:12,425: -SERVICE [/svo/image/0/compressedDepth/set_parameters] /svo rosrpc://ubuntu:42461
[rosmaster.master][INFO] 2023-09-04 17:04:12,426: -SERVICE [/svo/image/0/compressed/set_parameters] /svo rosrpc://ubuntu:42461
[rosmaster.master][INFO] 2023-09-04 17:04:12,427: -SERVICE [/svo/image/0/theora/set_parameters] /svo rosrpc://ubuntu:42461
[rosmaster.master][INFO] 2023-09-04 17:04:12,427: -SERVICE [/svo/image/1/compressedDepth/set_parameters] /svo rosrpc://ubuntu:42461
[rosmaster.master][INFO] 2023-09-04 17:04:12,428: -SERVICE [/svo/image/1/compressed/set_parameters] /svo rosrpc://ubuntu:42461
[rosmaster.master][INFO] 2023-09-04 17:04:12,428: -SERVICE [/svo/image/1/theora/set_parameters] /svo rosrpc://ubuntu:42461
[rosmaster.master][INFO] 2023-09-04 17:04:12,429: -CACHEDPARAM [/rosout_disable_topics_generation] by /svo
[rosmaster.master][INFO] 2023-09-04 17:04:12,446: publisherUpdate[/rosout] -> http://ubuntu:36231/ ['http://ubuntu:40235/', 'http://ubuntu:35265/', 'http://ubuntu:44221/']
[rosmaster.master][INFO] 2023-09-04 17:04:12,446: publisherUpdate[/tf] -> http://ubuntu:40235/ ['http://ubuntu:44221/']
[rosmaster.master][INFO] 2023-09-04 17:04:12,448: publisherUpdate[/rosout] -> http://ubuntu:36231/ ['http://ubuntu:40235/', 'http://ubuntu:35265/', 'http://ubuntu:44221/']: sec=0.00, result=[1, '', 0]
[rosmaster.master][INFO] 2023-09-04 17:04:12,449: publisherUpdate[/tf] -> http://ubuntu:40235/ ['http://ubuntu:44221/']: sec=0.00, result=[1, '', 0]
[rosmaster.master][INFO] 2023-09-04 17:04:12,449: publisherUpdate[/svo/keyframes] -> http://ubuntu:40235/ []
[rosmaster.master][INFO] 2023-09-04 17:04:12,451: publisherUpdate[/svo/keyframes] -> http://ubuntu:40235/ []: sec=0.00, result=[1, '', 0]
[rosmaster.master][INFO] 2023-09-04 17:04:12,451: publisherUpdate[/svo/points] -> http://ubuntu:40235/ []
[rosmaster.master][INFO] 2023-09-04 17:04:12,452: publisherUpdate[/svo/points] -> http://ubuntu:40235/ []: sec=0.00, result=[1, '', 0]
[rosmaster.master][INFO] 2023-09-04 17:04:12,452: publisherUpdate[/svo/image/0] -> http://ubuntu:40235/ []
[rosmaster.master][INFO] 2023-09-04 17:04:12,453: publisherUpdate[/svo/image/0] -> http://ubuntu:40235/ []: sec=0.00, result=[1, '', 0]
[rosmaster.master][INFO] 2023-09-04 17:04:12,453: publisherUpdate[/svo/loop_closures] -> http://ubuntu:40235/ []
[rosmaster.master][INFO] 2023-09-04 17:04:12,454: publisherUpdate[/svo/loop_closures] -> http://ubuntu:40235/ []: sec=0.00, result=[1, '', 0]
[rosmaster.master][INFO] 2023-09-04 17:04:12,455: publisherUpdate[/svo/pose_graph] -> http://ubuntu:40235/ []
[rosmaster.master][INFO] 2023-09-04 17:04:12,456: publisherUpdate[/svo/pose_graph] -> http://ubuntu:40235/ []: sec=0.00, result=[1, '', 0]
[rosmaster.master][INFO] 2023-09-04 17:04:12,456: publisherUpdate[/svo/pose_graph_pointcloud] -> http://ubuntu:40235/ []
[rosmaster.master][INFO] 2023-09-04 17:04:12,457: publisherUpdate[/svo/pose_graph_pointcloud] -> http://ubuntu:40235/ []: sec=0.00, result=[1, '', 0]
[rosmaster.master][INFO] 2023-09-04 17:04:15,833: -PUB [/rosout] /camera/realsense2_camera_manager http://ubuntu:44221/
[rosmaster.master][INFO] 2023-09-04 17:04:15,834: -PUB [/camera/realsense2_camera_manager/bond] /camera/realsense2_camera_manager http://ubuntu:44221/
[rosmaster.master][INFO] 2023-09-04 17:04:15,835: -PUB [/tf_static] /camera/realsense2_camera_manager http://ubuntu:44221/
[rosmaster.master][INFO] 2023-09-04 17:04:15,835: -PUB [/tf] /camera/realsense2_camera_manager http://ubuntu:44221/
[rosmaster.master][INFO] 2023-09-04 17:04:15,836: -PUB [/camera/stereo_module/parameter_descriptions] /camera/realsense2_camera_manager http://ubuntu:44221/
[rosmaster.master][INFO] 2023-09-04 17:04:15,837: -PUB [/camera/stereo_module/parameter_updates] /camera/realsense2_camera_manager http://ubuntu:44221/
[rosmaster.master][INFO] 2023-09-04 17:04:15,837: -PUB [/camera/rgb_camera/parameter_descriptions] /camera/realsense2_camera_manager http://ubuntu:44221/
[rosmaster.master][INFO] 2023-09-04 17:04:15,838: -PUB [/camera/rgb_camera/parameter_updates] /camera/realsense2_camera_manager http://ubuntu:44221/
[rosmaster.master][INFO] 2023-09-04 17:04:15,839: -PUB [/camera/motion_module/parameter_descriptions] /camera/realsense2_camera_manager http://ubuntu:44221/
[rosmaster.master][INFO] 2023-09-04 17:04:15,839: -PUB [/camera/motion_module/parameter_updates] /camera/realsense2_camera_manager http://ubuntu:44221/
[rosmaster.master][INFO] 2023-09-04 17:04:15,840: -PUB [/diagnostics] /camera/realsense2_camera_manager http://ubuntu:44221/
[rosmaster.master][INFO] 2023-09-04 17:04:15,840: -PUB [/camera/depth/image_rect_raw/compressedDepth] /camera/realsense2_camera_manager http://ubuntu:44221/
[rosmaster.master][INFO] 2023-09-04 17:04:15,841: -PUB [/camera/depth/image_rect_raw/compressedDepth/parameter_descriptions] /camera/realsense2_camera_manager http://ubuntu:44221/
[rosmaster.master][INFO] 2023-09-04 17:04:15,841: -PUB [/camera/depth/image_rect_raw/compressedDepth/parameter_updates] /camera/realsense2_camera_manager http://ubuntu:44221/
[rosmaster.master][INFO] 2023-09-04 17:04:15,842: -PUB [/camera/depth/image_rect_raw/compressed] /camera/realsense2_camera_manager http://ubuntu:44221/
[rosmaster.master][INFO] 2023-09-04 17:04:15,842: -PUB [/camera/depth/image_rect_raw/compressed/parameter_descriptions] /camera/realsense2_camera_manager http://ubuntu:44221/
[rosmaster.master][INFO] 2023-09-04 17:04:15,843: -PUB [/camera/depth/image_rect_raw/compressed/parameter_updates] /camera/realsense2_camera_manager http://ubuntu:44221/
[rosmaster.master][INFO] 2023-09-04 17:04:15,843: -PUB [/camera/depth/image_rect_raw] /camera/realsense2_camera_manager http://ubuntu:44221/
[rosmaster.master][INFO] 2023-09-04 17:04:15,844: -PUB [/camera/depth/image_rect_raw/theora] /camera/realsense2_camera_manager http://ubuntu:44221/
[rosmaster.master][INFO] 2023-09-04 17:04:15,844: -PUB [/camera/depth/image_rect_raw/theora/parameter_descriptions] /camera/realsense2_camera_manager http://ubuntu:44221/
[rosmaster.master][INFO] 2023-09-04 17:04:15,845: -PUB [/camera/depth/image_rect_raw/theora/parameter_updates] /camera/realsense2_camera_manager http://ubuntu:44221/
[rosmaster.master][INFO] 2023-09-04 17:04:15,845: -PUB [/camera/depth/camera_info] /camera/realsense2_camera_manager http://ubuntu:44221/
[rosmaster.master][INFO] 2023-09-04 17:04:15,845: -PUB [/camera/depth/metadata] /camera/realsense2_camera_manager http://ubuntu:44221/
[rosmaster.master][INFO] 2023-09-04 17:04:15,846: -PUB [/camera/infra1/image_rect_raw/compressedDepth] /camera/realsense2_camera_manager http://ubuntu:44221/
[rosmaster.master][INFO] 2023-09-04 17:04:15,846: -PUB [/camera/infra1/image_rect_raw/compressedDepth/parameter_descriptions] /camera/realsense2_camera_manager http://ubuntu:44221/
[rosmaster.master][INFO] 2023-09-04 17:04:15,850: -PUB [/camera/infra1/image_rect_raw/compressedDepth/parameter_updates] /camera/realsense2_camera_manager http://ubuntu:44221/
[rosmaster.master][INFO] 2023-09-04 17:04:15,851: -PUB [/camera/infra1/image_rect_raw/compressed] /camera/realsense2_camera_manager http://ubuntu:44221/
[rosmaster.master][INFO] 2023-09-04 17:04:15,852: -PUB [/camera/infra1/image_rect_raw/compressed/parameter_descriptions] /camera/realsense2_camera_manager http://ubuntu:44221/
[rosmaster.master][INFO] 2023-09-04 17:04:15,853: -PUB [/camera/infra1/image_rect_raw/compressed/parameter_updates] /camera/realsense2_camera_manager http://ubuntu:44221/
[rosmaster.master][INFO] 2023-09-04 17:04:15,853: -PUB [/camera/infra1/image_rect_raw] /camera/realsense2_camera_manager http://ubuntu:44221/
[rosmaster.master][INFO] 2023-09-04 17:04:15,854: -PUB [/camera/infra1/image_rect_raw/theora] /camera/realsense2_camera_manager http://ubuntu:44221/
[rosmaster.master][INFO] 2023-09-04 17:04:15,854: -PUB [/camera/infra1/image_rect_raw/theora/parameter_descriptions] /camera/realsense2_camera_manager http://ubuntu:44221/
[rosmaster.master][INFO] 2023-09-04 17:04:15,856: -PUB [/camera/infra1/image_rect_raw/theora/parameter_updates] /camera/realsense2_camera_manager http://ubuntu:44221/
[rosmaster.master][INFO] 2023-09-04 17:04:15,856: publisherUpdate[/rosout] -> http://ubuntu:36231/ ['http://ubuntu:40235/', 'http://ubuntu:35265/']
[rosmaster.master][INFO] 2023-09-04 17:04:15,857: -PUB [/camera/infra1/camera_info] /camera/realsense2_camera_manager http://ubuntu:44221/
[rosmaster.master][INFO] 2023-09-04 17:04:15,858: -PUB [/camera/infra1/metadata] /camera/realsense2_camera_manager http://ubuntu:44221/
[rosmaster.master][INFO] 2023-09-04 17:04:15,858: publisherUpdate[/rosout] -> http://ubuntu:36231/ ['http://ubuntu:40235/', 'http://ubuntu:35265/']: sec=0.00, result=[1, '', 0]
[rosmaster.master][INFO] 2023-09-04 17:04:15,860: publisherUpdate[/camera/realsense2_camera_manager/bond] -> http://ubuntu:44221/ ['http://ubuntu:35265/']
[rosmaster.master][INFO] 2023-09-04 17:04:15,860: -PUB [/camera/infra2/image_rect_raw/compressedDepth] /camera/realsense2_camera_manager http://ubuntu:44221/
[rosmaster.master][INFO] 2023-09-04 17:04:15,861: publisherUpdate[/camera/realsense2_camera_manager/bond] -> http://ubuntu:44221/ ['http://ubuntu:35265/']: sec=0.00, exception=<Fault -1: 'publisherUpdate: unknown method name'>
[rosmaster.master][INFO] 2023-09-04 17:04:15,861: -PUB [/camera/infra2/image_rect_raw/compressedDepth/parameter_descriptions] /camera/realsense2_camera_manager http://ubuntu:44221/
[rosmaster.threadpool][ERROR] 2023-09-04 17:04:15,862: Traceback (most recent call last):
  File "/opt/ros/noetic/lib/python3/dist-packages/rosmaster/threadpool.py", line 218, in run
    result = cmd(*args)
  File "/opt/ros/noetic/lib/python3/dist-packages/rosmaster/master_api.py", line 210, in publisher_update_task
    ret = xmlrpcapi(api).publisherUpdate('/master', topic, pub_uris)
  File "/usr/lib/python3.8/xmlrpc/client.py", line 1109, in __call__
    return self.__send(self.__name, args)
  File "/usr/lib/python3.8/xmlrpc/client.py", line 1450, in __request
    response = self.__transport.request(
  File "/usr/lib/python3.8/xmlrpc/client.py", line 1153, in request
    return self.single_request(host, handler, request_body, verbose)
  File "/usr/lib/python3.8/xmlrpc/client.py", line 1169, in single_request
    return self.parse_response(resp)
  File "/usr/lib/python3.8/xmlrpc/client.py", line 1341, in parse_response
    return u.close()
  File "/usr/lib/python3.8/xmlrpc/client.py", line 655, in close
    raise Fault(**self._stack[0])
xmlrpc.client.Fault: <Fault -1: 'publisherUpdate: unknown method name'>

[rosmaster.master][INFO] 2023-09-04 17:04:15,862: -PUB [/camera/infra2/image_rect_raw/compressedDepth/parameter_updates] /camera/realsense2_camera_manager http://ubuntu:44221/
[rosmaster.master][INFO] 2023-09-04 17:04:15,863: publisherUpdate[/camera/realsense2_camera_manager/bond] -> http://ubuntu:35265/ ['http://ubuntu:35265/']
[rosmaster.master][INFO] 2023-09-04 17:04:15,865: -PUB [/camera/infra2/image_rect_raw/compressed] /camera/realsense2_camera_manager http://ubuntu:44221/
[rosmaster.master][INFO] 2023-09-04 17:04:15,866: -PUB [/camera/infra2/image_rect_raw/compressed/parameter_descriptions] /camera/realsense2_camera_manager http://ubuntu:44221/
[rosmaster.master][INFO] 2023-09-04 17:04:15,866: -PUB [/camera/infra2/image_rect_raw/compressed/parameter_updates] /camera/realsense2_camera_manager http://ubuntu:44221/
[rosmaster.master][INFO] 2023-09-04 17:04:15,867: -PUB [/camera/infra2/image_rect_raw] /camera/realsense2_camera_manager http://ubuntu:44221/
[rosmaster.master][INFO] 2023-09-04 17:04:15,863: publisherUpdate[/tf_static] -> http://ubuntu:40235/ []
[rosmaster.master][INFO] 2023-09-04 17:04:15,868: -PUB [/camera/infra2/image_rect_raw/theora] /camera/realsense2_camera_manager http://ubuntu:44221/
[rosmaster.master][INFO] 2023-09-04 17:04:15,868: publisherUpdate[/camera/realsense2_camera_manager/bond] -> http://ubuntu:35265/ ['http://ubuntu:35265/']: sec=0.00, result=[1, '', 0]
[rosmaster.master][INFO] 2023-09-04 17:04:15,869: publisherUpdate[/tf_static] -> http://ubuntu:40235/ []: sec=0.00, result=[1, '', 0]
[rosmaster.master][INFO] 2023-09-04 17:04:15,870: publisherUpdate[/tf] -> http://ubuntu:40235/ []
[rosmaster.master][INFO] 2023-09-04 17:04:15,869: -PUB [/camera/infra2/image_rect_raw/theora/parameter_descriptions] /camera/realsense2_camera_manager http://ubuntu:44221/
[rosmaster.master][INFO] 2023-09-04 17:04:15,870: publisherUpdate[/tf] -> http://ubuntu:40235/ []: sec=0.00, result=[1, '', 0]
[rosmaster.master][INFO] 2023-09-04 17:04:15,871: -PUB [/camera/infra2/image_rect_raw/theora/parameter_updates] /camera/realsense2_camera_manager http://ubuntu:44221/
[rosmaster.master][INFO] 2023-09-04 17:04:15,872: -PUB [/camera/infra2/camera_info] /camera/realsense2_camera_manager http://ubuntu:44221/
[rosmaster.master][INFO] 2023-09-04 17:04:15,872: -PUB [/camera/infra2/metadata] /camera/realsense2_camera_manager http://ubuntu:44221/
[rosmaster.master][INFO] 2023-09-04 17:04:15,873: -PUB [/camera/color/image_raw/compressedDepth] /camera/realsense2_camera_manager http://ubuntu:44221/
[rosmaster.master][INFO] 2023-09-04 17:04:15,873: -PUB [/camera/color/image_raw/compressedDepth/parameter_descriptions] /camera/realsense2_camera_manager http://ubuntu:44221/
[rosmaster.master][INFO] 2023-09-04 17:04:15,874: -PUB [/camera/color/image_raw/compressedDepth/parameter_updates] /camera/realsense2_camera_manager http://ubuntu:44221/
[rosmaster.master][INFO] 2023-09-04 17:04:15,874: -PUB [/camera/color/image_raw/compressed] /camera/realsense2_camera_manager http://ubuntu:44221/
[rosmaster.master][INFO] 2023-09-04 17:04:15,875: -PUB [/camera/color/image_raw/compressed/parameter_descriptions] /camera/realsense2_camera_manager http://ubuntu:44221/
[rosmaster.master][INFO] 2023-09-04 17:04:15,876: -PUB [/camera/color/image_raw/compressed/parameter_updates] /camera/realsense2_camera_manager http://ubuntu:44221/
[rosmaster.master][INFO] 2023-09-04 17:04:15,876: -PUB [/camera/color/image_raw] /camera/realsense2_camera_manager http://ubuntu:44221/
[rosmaster.master][INFO] 2023-09-04 17:04:15,877: -PUB [/camera/color/image_raw/theora] /camera/realsense2_camera_manager http://ubuntu:44221/
[rosmaster.master][INFO] 2023-09-04 17:04:15,877: -PUB [/camera/color/image_raw/theora/parameter_descriptions] /camera/realsense2_camera_manager http://ubuntu:44221/
[rosmaster.master][INFO] 2023-09-04 17:04:15,877: -PUB [/camera/color/image_raw/theora/parameter_updates] /camera/realsense2_camera_manager http://ubuntu:44221/
[rosmaster.master][INFO] 2023-09-04 17:04:15,878: -PUB [/camera/color/camera_info] /camera/realsense2_camera_manager http://ubuntu:44221/
[rosmaster.master][INFO] 2023-09-04 17:04:15,878: -PUB [/camera/color/metadata] /camera/realsense2_camera_manager http://ubuntu:44221/
[rosmaster.master][INFO] 2023-09-04 17:04:15,879: -PUB [/camera/extrinsics/depth_to_color] /camera/realsense2_camera_manager http://ubuntu:44221/
[rosmaster.master][INFO] 2023-09-04 17:04:15,884: -PUB [/camera/extrinsics/depth_to_infra1] /camera/realsense2_camera_manager http://ubuntu:44221/
[rosmaster.master][INFO] 2023-09-04 17:04:15,886: -PUB [/camera/extrinsics/depth_to_infra2] /camera/realsense2_camera_manager http://ubuntu:44221/
[rosmaster.master][INFO] 2023-09-04 17:04:15,887: -PUB [/camera/stereo_module/auto_exposure_roi/parameter_descriptions] /camera/realsense2_camera_manager http://ubuntu:44221/
[rosmaster.master][INFO] 2023-09-04 17:04:15,888: -PUB [/camera/stereo_module/auto_exposure_roi/parameter_updates] /camera/realsense2_camera_manager http://ubuntu:44221/
[rosmaster.master][INFO] 2023-09-04 17:04:15,888: -PUB [/camera/rgb_camera/auto_exposure_roi/parameter_descriptions] /camera/realsense2_camera_manager http://ubuntu:44221/
[rosmaster.master][INFO] 2023-09-04 17:04:15,889: -PUB [/camera/rgb_camera/auto_exposure_roi/parameter_updates] /camera/realsense2_camera_manager http://ubuntu:44221/
[rosmaster.master][INFO] 2023-09-04 17:04:15,900: -SUB [/camera/realsense2_camera_manager/bond] /camera/realsense2_camera_manager http://ubuntu:44221/
[rosmaster.master][INFO] 2023-09-04 17:04:15,901: -SERVICE [/camera/realsense2_camera_manager/get_loggers] /camera/realsense2_camera_manager rosrpc://ubuntu:36813
[rosmaster.master][INFO] 2023-09-04 17:04:15,902: -SERVICE [/camera/realsense2_camera_manager/set_logger_level] /camera/realsense2_camera_manager rosrpc://ubuntu:36813
[rosmaster.master][INFO] 2023-09-04 17:04:15,905: -SERVICE [/camera/realsense2_camera_manager/load_nodelet] /camera/realsense2_camera_manager rosrpc://ubuntu:36813
[rosmaster.master][INFO] 2023-09-04 17:04:15,906: -SERVICE [/camera/realsense2_camera_manager/unload_nodelet] /camera/realsense2_camera_manager rosrpc://ubuntu:36813
[rosmaster.master][INFO] 2023-09-04 17:04:15,907: -SERVICE [/camera/realsense2_camera_manager/list] /camera/realsense2_camera_manager rosrpc://ubuntu:36813
[rosmaster.master][INFO] 2023-09-04 17:04:15,908: -SERVICE [/camera/enable] /camera/realsense2_camera_manager rosrpc://ubuntu:36813
[rosmaster.master][INFO] 2023-09-04 17:04:15,909: -SERVICE [/camera/realsense2_camera/reset] /camera/realsense2_camera_manager rosrpc://ubuntu:36813
[rosmaster.master][INFO] 2023-09-04 17:04:15,910: -SERVICE [/camera/stereo_module/set_parameters] /camera/realsense2_camera_manager rosrpc://ubuntu:36813
[rosmaster.master][INFO] 2023-09-04 17:04:15,911: -SERVICE [/camera/rgb_camera/set_parameters] /camera/realsense2_camera_manager rosrpc://ubuntu:36813
[rosmaster.master][INFO] 2023-09-04 17:04:15,912: -SERVICE [/camera/motion_module/set_parameters] /camera/realsense2_camera_manager rosrpc://ubuntu:36813
[rosmaster.master][INFO] 2023-09-04 17:04:15,912: -SERVICE [/camera/depth/image_rect_raw/compressedDepth/set_parameters] /camera/realsense2_camera_manager rosrpc://ubuntu:36813
[rosmaster.master][INFO] 2023-09-04 17:04:15,913: -SERVICE [/camera/depth/image_rect_raw/compressed/set_parameters] /camera/realsense2_camera_manager rosrpc://ubuntu:36813
[rosmaster.master][INFO] 2023-09-04 17:04:15,914: -SERVICE [/camera/depth/image_rect_raw/theora/set_parameters] /camera/realsense2_camera_manager rosrpc://ubuntu:36813
[rosmaster.master][INFO] 2023-09-04 17:04:15,916: -SERVICE [/camera/infra1/image_rect_raw/compressedDepth/set_parameters] /camera/realsense2_camera_manager rosrpc://ubuntu:36813
[rosmaster.master][INFO] 2023-09-04 17:04:15,917: -SERVICE [/camera/infra1/image_rect_raw/compressed/set_parameters] /camera/realsense2_camera_manager rosrpc://ubuntu:36813
[rosmaster.master][INFO] 2023-09-04 17:04:15,917: -SERVICE [/camera/infra1/image_rect_raw/theora/set_parameters] /camera/realsense2_camera_manager rosrpc://ubuntu:36813
[rosmaster.master][INFO] 2023-09-04 17:04:15,919: -SERVICE [/camera/infra2/image_rect_raw/compressedDepth/set_parameters] /camera/realsense2_camera_manager rosrpc://ubuntu:36813
[rosmaster.master][INFO] 2023-09-04 17:04:15,921: -SERVICE [/camera/infra2/image_rect_raw/compressed/set_parameters] /camera/realsense2_camera_manager rosrpc://ubuntu:36813
[rosmaster.master][INFO] 2023-09-04 17:04:15,921: -SERVICE [/camera/infra2/image_rect_raw/theora/set_parameters] /camera/realsense2_camera_manager rosrpc://ubuntu:36813
[rosmaster.master][INFO] 2023-09-04 17:04:15,922: -SERVICE [/camera/color/image_raw/compressedDepth/set_parameters] /camera/realsense2_camera_manager rosrpc://ubuntu:36813
[rosmaster.master][INFO] 2023-09-04 17:04:15,923: -SERVICE [/camera/color/image_raw/compressed/set_parameters] /camera/realsense2_camera_manager rosrpc://ubuntu:36813
[rosmaster.master][INFO] 2023-09-04 17:04:15,923: -SERVICE [/camera/color/image_raw/theora/set_parameters] /camera/realsense2_camera_manager rosrpc://ubuntu:36813
[rosmaster.master][INFO] 2023-09-04 17:04:15,924: -SERVICE [/camera/stereo_module/auto_exposure_roi/set_parameters] /camera/realsense2_camera_manager rosrpc://ubuntu:36813
[rosmaster.master][INFO] 2023-09-04 17:04:15,924: -SERVICE [/camera/rgb_camera/auto_exposure_roi/set_parameters] /camera/realsense2_camera_manager rosrpc://ubuntu:36813
[rosmaster.master][INFO] 2023-09-04 17:04:15,925: -SERVICE [/camera/realsense2_camera/device_info] /camera/realsense2_camera_manager rosrpc://ubuntu:36813
[rosmaster.master][INFO] 2023-09-04 17:04:15,928: -CACHEDPARAM [/camera/realsense2_camera_manager/diagnostic_period] by /camera/realsense2_camera_manager
[rosmaster.master][INFO] 2023-09-04 17:04:15,929: -CACHEDPARAM [/rosout_disable_topics_generation] by /camera/realsense2_camera_manager
[rosmaster.master][INFO] 2023-09-04 17:04:16,067: -PUB [/rosout] /camera/realsense2_camera http://ubuntu:35265/
[rosmaster.master][INFO] 2023-09-04 17:04:16,068: -PUB [/camera/realsense2_camera_manager/bond] /camera/realsense2_camera http://ubuntu:35265/
[rosmaster.master][INFO] 2023-09-04 17:04:16,069: -SUB [/camera/realsense2_camera_manager/bond] /camera/realsense2_camera http://ubuntu:35265/
[rosmaster.master][INFO] 2023-09-04 17:04:16,070: -SERVICE [/camera/realsense2_camera/get_loggers] /camera/realsense2_camera rosrpc://ubuntu:34695
[rosmaster.master][INFO] 2023-09-04 17:04:16,070: publisherUpdate[/rosout] -> http://ubuntu:36231/ ['http://ubuntu:40235/']
[rosmaster.master][INFO] 2023-09-04 17:04:16,071: -SERVICE [/camera/realsense2_camera/set_logger_level] /camera/realsense2_camera rosrpc://ubuntu:34695
[rosmaster.master][INFO] 2023-09-04 17:04:16,071: publisherUpdate[/rosout] -> http://ubuntu:36231/ ['http://ubuntu:40235/']: sec=0.00, result=[1, '', 0]
[rosmaster.master][INFO] 2023-09-04 17:04:16,071: publisherUpdate[/camera/realsense2_camera_manager/bond] -> http://ubuntu:35265/ []
[rosmaster.master][INFO] 2023-09-04 17:04:16,072: -CACHEDPARAM [/rosout_disable_topics_generation] by /camera/realsense2_camera
[rosmaster.master][INFO] 2023-09-04 17:04:16,077: publisherUpdate[/camera/realsense2_camera_manager/bond] -> http://ubuntu:35265/ []: sec=0.01, exception=[Errno 111] Connection refused
[rosmaster.threadpool][ERROR] 2023-09-04 17:04:16,077: Traceback (most recent call last):
  File "/opt/ros/noetic/lib/python3/dist-packages/rosmaster/threadpool.py", line 218, in run
    result = cmd(*args)
  File "/opt/ros/noetic/lib/python3/dist-packages/rosmaster/master_api.py", line 210, in publisher_update_task
    ret = xmlrpcapi(api).publisherUpdate('/master', topic, pub_uris)
  File "/usr/lib/python3.8/xmlrpc/client.py", line 1109, in __call__
    return self.__send(self.__name, args)
  File "/usr/lib/python3.8/xmlrpc/client.py", line 1450, in __request
    response = self.__transport.request(
  File "/usr/lib/python3.8/xmlrpc/client.py", line 1153, in request
    return self.single_request(host, handler, request_body, verbose)
  File "/usr/lib/python3.8/xmlrpc/client.py", line 1165, in single_request
    http_conn = self.send_request(host, handler, request_body, verbose)
  File "/usr/lib/python3.8/xmlrpc/client.py", line 1278, in send_request
    self.send_content(connection, request_body)
  File "/usr/lib/python3.8/xmlrpc/client.py", line 1308, in send_content
    connection.endheaders(request_body)
  File "/usr/lib/python3.8/http/client.py", line 1251, in endheaders
    self._send_output(message_body, encode_chunked=encode_chunked)
  File "/usr/lib/python3.8/http/client.py", line 1011, in _send_output
    self.send(msg)
  File "/usr/lib/python3.8/http/client.py", line 951, in send
    self.connect()
  File "/usr/lib/python3.8/http/client.py", line 922, in connect
    self.sock = self._create_connection(
  File "/usr/lib/python3.8/socket.py", line 808, in create_connection
    raise err
  File "/usr/lib/python3.8/socket.py", line 796, in create_connection
    sock.connect(sa)
ConnectionRefusedError: [Errno 111] Connection refused

[rosmaster.master][INFO] 2023-09-04 17:04:17,574: -PUB [/rosout_agg] /rosout http://ubuntu:36231/
[rosmaster.master][INFO] 2023-09-04 17:04:17,575: -SUB [/rosout] /rosout http://ubuntu:36231/
[rosmaster.master][INFO] 2023-09-04 17:04:17,576: -SERVICE [/rosout/get_loggers] /rosout rosrpc://ubuntu:58169
[rosmaster.master][INFO] 2023-09-04 17:04:17,576: -SERVICE [/rosout/set_logger_level] /rosout rosrpc://ubuntu:58169
[rosmaster.master][INFO] 2023-09-04 17:04:17,577: -CACHEDPARAM [/rosout/omit_topics] by /rosout
[rosmaster.main][INFO] 2023-09-04 17:04:17,643: keyboard interrupt, will exit
[rosmaster.main][INFO] 2023-09-04 17:04:17,643: stopping master...
[rospy.core][INFO] 2023-09-04 17:04:17,644: signal_shutdown [atexit]
