1784729341.660143 [0] unitree_sa: config: //CycloneDDS/Domain/General: 'NetworkInterfaceAddress': deprecated element (file:///tmp/go2_cyclonedds_eth0.xml line 4)
[INFO] [1784729342.090080480] [unitree_safe_cmd_node]: unitree_safe_cmd_node ACTIVE: obstacle -> Move(0,0,0), resume after 5 clear frames; lateral swept ROI enabled
[INFO] [1784729342.092296108] [unitree_safe_cmd_node]: output mode: Twist -> /cmd_vel
[WARN] [1784729342.099358235] [unitree_safe_cmd_node]: SAFE OVERRIDE cmd_timeout: Move x=0.000, y=0.000, z=0.000, raw_x=0.000, raw_y=0.000, raw_z=0.000, stop_count=0, roi_count=0, lateral_count=0, nearest_x=inf, clear_frames=0
[WARN] [1784729342.638742086] [unitree_safe_cmd_node]: SAFE OVERRIDE cmd_timeout: Move x=0.000, y=0.000, z=0.000, raw_x=0.000, raw_y=0.000, raw_z=0.000, stop_count=0, roi_count=11, lateral_count=0, nearest_x=1.36, clear_frames=3
[WARN] [1784729343.138928513] [unitree_safe_cmd_node]: SAFE OVERRIDE cmd_timeout: Move x=0.000, y=0.000, z=0.000, raw_x=0.000, raw_y=0.000, raw_z=0.000, stop_count=0, roi_count=7, lateral_count=0, nearest_x=1.38, clear_frames=5
[WARN] [1784729343.638961399] [unitree_safe_cmd_node]: SAFE OVERRIDE cmd_timeout: Move x=0.000, y=0.000, z=0.000, raw_x=0.000, raw_y=0.000, raw_z=0.000, stop_count=0, roi_count=11, lateral_count=0, nearest_x=1.36, clear_frames=7
[WARN] [1784729344.189007592] [unitree_safe_cmd_node]: SAFE OVERRIDE cmd_timeout: Move x=0.000, y=0.000, z=0.000, raw_x=0.000, raw_y=0.000, raw_z=0.000, stop_count=0, roi_count=1, lateral_count=0, nearest_x=1.49, clear_frames=10
[WARN] [1784729344.688983674] [unitree_safe_cmd_node]: SAFE OVERRIDE cmd_timeout: Move x=0.000, y=0.000, z=0.000, raw_x=0.000, raw_y=0.000, raw_z=0.000, stop_count=0, roi_count=10, lateral_count=0, nearest_x=1.37, clear_frames=11
[WARN] [1784729345.239663265] [unitree_safe_cmd_node]: SAFE OVERRIDE cmd_timeout: Move x=0.000, y=0.000, z=0.000, raw_x=0.000, raw_y=0.000, raw_z=0.000, stop_count=0, roi_count=7, lateral_count=0, nearest_x=1.37, clear_frames=13
[WARN] [1784729345.788785651] [unitree_safe_cmd_node]: SAFE OVERRIDE cmd_timeout: Move x=0.000, y=0.000, z=0.000, raw_x=0.000, raw_y=0.000, raw_z=0.000, stop_count=0, roi_count=8, lateral_count=0, nearest_x=1.37, clear_frames=14
[INFO] [1784729346.288892231] [unitree_safe_cmd_node]: Move x=0.224, y=0.000, z=0.000, stop_count=0, roi_count=8, lateral_count=0, nearest_x=1.36, clear_frames=15
[INFO] [1784729346.838581622] [unitree_safe_cmd_node]: Move x=0.500, y=0.000, z=0.000, stop_count=0, roi_count=11, lateral_count=0, nearest_x=1.39, clear_frames=17
[INFO] [1784729347.338572470] [unitree_safe_cmd_node]: Move x=0.500, y=0.000, z=0.000, stop_count=0, roi_count=0, lateral_count=0, nearest_x=inf, clear_frames=18
[INFO] [1784729347.888957687] [unitree_safe_cmd_node]: Move x=0.500, y=0.000, z=0.000, stop_count=0, roi_count=7, lateral_count=0, nearest_x=1.38, clear_frames=19
[INFO] [1784729348.438570355] [unitree_safe_cmd_node]: Move x=0.500, y=0.000, z=0.000, stop_count=0, roi_count=6, lateral_count=0, nearest_x=1.38, clear_frames=21
[INFO] [1784729348.988589062] [unitree_safe_cmd_node]: Move x=0.500, y=0.000, z=0.000, stop_count=0, roi_count=5, lateral_count=0, nearest_x=1.41, clear_frames=22
[INFO] [1784729349.488599316] [unitree_safe_cmd_node]: Move x=0.500, y=0.000, z=0.000, stop_count=0, roi_count=4, lateral_count=0, nearest_x=1.49, clear_frames=24
[INFO] [1784729349.988919886] [unitree_safe_cmd_node]: Move x=0.500, y=0.000, z=0.000, stop_count=0, roi_count=7, lateral_count=0, nearest_x=1.37, clear_frames=26
[INFO] [1784729350.538767261] [unitree_safe_cmd_node]: Move x=0.500, y=0.000, z=0.000, stop_count=0, roi_count=2, lateral_count=0, nearest_x=1.39, clear_frames=29
[INFO] [1784729351.088764527] [unitree_safe_cmd_node]: Move x=0.500, y=0.000, z=0.000, stop_count=0, roi_count=12, lateral_count=0, nearest_x=1.42, clear_frames=31
[INFO] [1784729351.588772795] [unitree_safe_cmd_node]: Move x=0.500, y=0.000, z=0.000, stop_count=0, roi_count=12, lateral_count=0, nearest_x=1.34, clear_frames=34
[INFO] [1784729352.138565668] [unitree_safe_cmd_node]: Move x=0.500, y=0.000, z=0.000, stop_count=0, roi_count=13, lateral_count=0, nearest_x=1.33, clear_frames=36
[INFO] [1784729352.688997625] [unitree_safe_cmd_node]: Move x=0.500, y=0.000, z=0.052, stop_count=0, roi_count=13, lateral_count=0, nearest_x=1.36, clear_frames=39
[INFO] [1784729353.238697970] [unitree_safe_cmd_node]: Move x=0.500, y=0.000, z=0.000, stop_count=0, roi_count=6, lateral_count=0, nearest_x=1.40, clear_frames=45
[INFO] [1784729353.738636983] [unitree_safe_cmd_node]: Move x=0.500, y=0.000, z=0.000, stop_count=0, roi_count=9, lateral_count=0, nearest_x=1.42, clear_frames=50
[INFO] [1784729354.239145144] [unitree_safe_cmd_node]: Move x=0.500, y=0.000, z=0.000, stop_count=0, roi_count=9, lateral_count=0, nearest_x=1.30, clear_frames=55
[INFO] [1784729354.741508414] [unitree_safe_cmd_node]: Move x=0.500, y=0.000, z=0.000, stop_count=0, roi_count=16, lateral_count=0, nearest_x=1.28, clear_frames=61
[INFO] [1784729355.297673504] [unitree_safe_cmd_node]: Move x=0.500, y=0.000, z=0.000, stop_count=0, roi_count=11, lateral_count=0, nearest_x=1.41, clear_frames=65
[INFO] [1784729355.839889002] [unitree_safe_cmd_node]: Move x=0.500, y=0.000, z=0.000, stop_count=0, roi_count=7, lateral_count=0, nearest_x=1.40, clear_frames=69
[INFO] [1784729356.340005359] [unitree_safe_cmd_node]: Move x=0.500, y=0.000, z=0.000, stop_count=0, roi_count=14, lateral_count=0, nearest_x=1.33, clear_frames=73
[INFO] [1784729356.842921347] [unitree_safe_cmd_node]: Move x=0.500, y=0.000, z=0.000, stop_count=0, roi_count=10, lateral_count=0, nearest_x=1.39, clear_frames=78
[INFO] [1784729357.388748535] [unitree_safe_cmd_node]: Move x=0.500, y=0.000, z=0.000, stop_count=0, roi_count=5, lateral_count=0, nearest_x=1.41, clear_frames=81
[INFO] [1784729357.888922236] [unitree_safe_cmd_node]: Move x=0.500, y=0.000, z=0.000, stop_count=0, roi_count=12, lateral_count=0, nearest_x=1.34, clear_frames=85
[INFO] [1784729358.388946815] [unitree_safe_cmd_node]: Move x=0.500, y=0.000, z=0.000, stop_count=0, roi_count=12, lateral_count=0, nearest_x=1.36, clear_frames=89
[INFO] [1784729358.891842187] [unitree_safe_cmd_node]: Move x=0.500, y=0.000, z=0.000, stop_count=0, roi_count=3, lateral_count=0, nearest_x=1.49, clear_frames=92
[INFO] [1784729359.439231188] [unitree_safe_cmd_node]: Move x=0.500, y=0.000, z=0.000, stop_count=0, roi_count=14, lateral_count=0, nearest_x=1.35, clear_frames=97
[INFO] [1784729359.946339632] [unitree_safe_cmd_node]: Move x=0.500, y=0.000, z=0.000, stop_count=0, roi_count=5, lateral_count=0, nearest_x=1.35, clear_frames=101
[INFO] [1784729360.489231797] [unitree_safe_cmd_node]: Move x=0.500, y=0.000, z=0.000, stop_count=0, roi_count=6, lateral_count=0, nearest_x=1.39, clear_frames=106
[INFO] [1784729361.038938819] [unitree_safe_cmd_node]: Move x=0.500, y=0.000, z=-0.069, stop_count=0, roi_count=7, lateral_count=0, nearest_x=1.38, clear_frames=111
[INFO] [1784729361.539076983] [unitree_safe_cmd_node]: Move x=0.500, y=0.000, z=-0.093, stop_count=0, roi_count=11, lateral_count=0, nearest_x=1.36, clear_frames=114
[INFO] [1784729362.089443524] [unitree_safe_cmd_node]: Move x=0.500, y=0.000, z=-0.092, stop_count=0, roi_count=6, lateral_count=0, nearest_x=1.44, clear_frames=119
[INFO] [1784729362.639389868] [unitree_safe_cmd_node]: Move x=0.500, y=0.000, z=-0.105, stop_count=0, roi_count=6, lateral_count=0, nearest_x=1.42, clear_frames=125
[INFO] [1784729363.169792106] [unitree_safe_cmd_node]: Move x=0.500, y=0.000, z=-0.110, stop_count=0, roi_count=6, lateral_count=0, nearest_x=1.39, clear_frames=129
[INFO] [1784729363.688976655] [unitree_safe_cmd_node]: Move x=0.500, y=0.000, z=-0.083, stop_count=0, roi_count=6, lateral_count=0, nearest_x=1.43, clear_frames=134
[INFO] [1784729364.238698422] [unitree_safe_cmd_node]: Move x=0.500, y=0.000, z=-0.056, stop_count=0, roi_count=6, lateral_count=0, nearest_x=1.40, clear_frames=140
[INFO] [1784729364.738717578] [unitree_safe_cmd_node]: Move x=0.500, y=0.000, z=0.000, stop_count=0, roi_count=9, lateral_count=0, nearest_x=1.42, clear_frames=145
[INFO] [1784729365.288587760] [unitree_safe_cmd_node]: Move x=0.500, y=0.000, z=0.000, stop_count=0, roi_count=6, lateral_count=0, nearest_x=1.41, clear_frames=151
[INFO] [1784729365.788684628] [unitree_safe_cmd_node]: Move x=0.500, y=0.000, z=0.000, stop_count=0, roi_count=12, lateral_count=0, nearest_x=1.37, clear_frames=156
[INFO] [1784729366.339233141] [unitree_safe_cmd_node]: Move x=0.500, y=0.000, z=0.067, stop_count=0, roi_count=12, lateral_count=0, nearest_x=1.41, clear_frames=161
[INFO] [1784729366.841149450] [unitree_safe_cmd_node]: Move x=0.500, y=0.000, z=0.081, stop_count=0, roi_count=6, lateral_count=0, nearest_x=1.34, clear_frames=166
[INFO] [1784729367.342739094] [unitree_safe_cmd_node]: Move x=0.500, y=0.000, z=0.079, stop_count=0, roi_count=6, lateral_count=0, nearest_x=1.41, clear_frames=172
[INFO] [1784729367.888620570] [unitree_safe_cmd_node]: Move x=0.500, y=0.000, z=0.089, stop_count=0, roi_count=9, lateral_count=0, nearest_x=1.34, clear_frames=177
[INFO] [1784729368.388996206] [unitree_safe_cmd_node]: Move x=0.500, y=0.000, z=0.089, stop_count=0, roi_count=8, lateral_count=0, nearest_x=1.36, clear_frames=182
[INFO] [1784729368.890023645] [unitree_safe_cmd_node]: Move x=0.500, y=0.000, z=0.003, stop_count=0, roi_count=11, lateral_count=0, nearest_x=1.34, clear_frames=187
[INFO] [1784729369.439285483] [unitree_safe_cmd_node]: Move x=0.500, y=0.000, z=0.000, stop_count=0, roi_count=9, lateral_count=0, nearest_x=1.32, clear_frames=193
[INFO] [1784729369.939835045] [unitree_safe_cmd_node]: Move x=0.500, y=0.000, z=0.000, stop_count=0, roi_count=8, lateral_count=0, nearest_x=1.32, clear_frames=199
[INFO] [1784729370.488914682] [unitree_safe_cmd_node]: Move x=0.500, y=0.000, z=0.000, stop_count=0, roi_count=11, lateral_count=0, nearest_x=1.30, clear_frames=204
[INFO] [1784729370.988952374] [unitree_safe_cmd_node]: Move x=0.500, y=0.000, z=-0.065, stop_count=0, roi_count=10, lateral_count=0, nearest_x=1.32, clear_frames=209
[INFO] [1784729371.489418309] [unitree_safe_cmd_node]: Move x=0.500, y=0.000, z=-0.065, stop_count=0, roi_count=15, lateral_count=0, nearest_x=1.32, clear_frames=214
[INFO] [1784729371.989002392] [unitree_safe_cmd_node]: Move x=0.500, y=0.000, z=-0.081, stop_count=0, roi_count=8, lateral_count=0, nearest_x=1.32, clear_frames=219
[INFO] [1784729372.489834337] [unitree_safe_cmd_node]: Move x=0.500, y=0.000, z=-0.108, stop_count=0, roi_count=5, lateral_count=0, nearest_x=1.39, clear_frames=224
[INFO] [1784729373.038592277] [unitree_safe_cmd_node]: Move x=0.500, y=0.000, z=-0.092, stop_count=0, roi_count=8, lateral_count=0, nearest_x=1.34, clear_frames=230
[INFO] [1784729373.543366030] [unitree_safe_cmd_node]: Move x=0.500, y=0.000, z=-0.066, stop_count=0, roi_count=13, lateral_count=0, nearest_x=1.30, clear_frames=236
[INFO] [1784729374.088569693] [unitree_safe_cmd_node]: Move x=0.500, y=0.000, z=-0.054, stop_count=0, roi_count=5, lateral_count=0, nearest_x=1.41, clear_frames=241
[INFO] [1784729374.588861024] [unitree_safe_cmd_node]: Move x=0.500, y=0.000, z=0.000, stop_count=0, roi_count=6, lateral_count=0, nearest_x=1.33, clear_frames=246
[INFO] [1784729375.138663888] [unitree_safe_cmd_node]: Move x=0.500, y=0.000, z=0.000, stop_count=0, roi_count=10, lateral_count=0, nearest_x=1.34, clear_frames=252
[INFO] [1784729375.638739573] [unitree_safe_cmd_node]: Move x=0.500, y=0.000, z=0.000, stop_count=0, roi_count=13, lateral_count=0, nearest_x=1.32, clear_frames=257
[INFO] [1784729376.139635452] [unitree_safe_cmd_node]: Move x=0.500, y=0.000, z=0.000, stop_count=0, roi_count=6, lateral_count=0, nearest_x=1.39, clear_frames=263
[INFO] [1784729376.688968817] [unitree_safe_cmd_node]: Move x=0.500, y=0.000, z=0.000, stop_count=0, roi_count=7, lateral_count=0, nearest_x=1.36, clear_frames=268
[INFO] [1784729377.189002073] [unitree_safe_cmd_node]: Move x=0.500, y=0.000, z=0.000, stop_count=0, roi_count=5, lateral_count=0, nearest_x=1.44, clear_frames=273
[INFO] [1784729377.738717187] [unitree_safe_cmd_node]: Move x=0.500, y=0.000, z=0.000, stop_count=0, roi_count=4, lateral_count=0, nearest_x=1.47, clear_frames=279
[INFO] [1784729378.238809287] [unitree_safe_cmd_node]: Move x=0.500, y=0.000, z=0.000, stop_count=0, roi_count=6, lateral_count=0, nearest_x=1.39, clear_frames=284
[INFO] [1784729378.788731968] [unitree_safe_cmd_node]: Move x=0.500, y=0.000, z=0.000, stop_count=0, roi_count=6, lateral_count=0, nearest_x=1.37, clear_frames=289
[INFO] [1784729379.289276123] [unitree_safe_cmd_node]: Move x=0.500, y=0.000, z=0.000, stop_count=0, roi_count=8, lateral_count=0, nearest_x=1.31, clear_frames=294
[INFO] [1784729379.839693799] [unitree_safe_cmd_node]: Move x=0.500, y=0.000, z=0.000, stop_count=0, roi_count=17, lateral_count=0, nearest_x=1.30, clear_frames=299
[INFO] [1784729380.394107993] [unitree_safe_cmd_node]: Move x=0.500, y=0.000, z=0.000, stop_count=0, roi_count=0, lateral_count=0, nearest_x=inf, clear_frames=304
[INFO] [1784729380.938981001] [unitree_safe_cmd_node]: Move x=0.500, y=0.000, z=0.000, stop_count=0, roi_count=0, lateral_count=0, nearest_x=inf, clear_frames=309
[INFO] [1784729381.489346834] [unitree_safe_cmd_node]: Move x=0.500, y=0.000, z=0.000, stop_count=0, roi_count=9, lateral_count=0, nearest_x=1.40, clear_frames=315
[INFO] [1784729382.039050442] [unitree_safe_cmd_node]: Move x=0.500, y=0.000, z=0.000, stop_count=0, roi_count=11, lateral_count=0, nearest_x=1.34, clear_frames=321
[INFO] [1784729382.588668930] [unitree_safe_cmd_node]: Move x=0.500, y=0.000, z=0.000, stop_count=0, roi_count=6, lateral_count=0, nearest_x=1.40, clear_frames=327
[INFO] [1784729383.088845823] [unitree_safe_cmd_node]: Move x=0.500, y=0.000, z=0.000, stop_count=0, roi_count=12, lateral_count=0, nearest_x=1.41, clear_frames=332
[INFO] [1784729383.638641776] [unitree_safe_cmd_node]: Move x=0.500, y=0.000, z=0.000, stop_count=0, roi_count=6, lateral_count=0, nearest_x=1.45, clear_frames=338
[INFO] [1784729384.139605546] [unitree_safe_cmd_node]: Move x=0.500, y=0.000, z=0.000, stop_count=0, roi_count=6, lateral_count=0, nearest_x=1.35, clear_frames=343
[INFO] [1784729384.689632286] [unitree_safe_cmd_node]: Move x=0.500, y=0.000, z=0.000, stop_count=0, roi_count=8, lateral_count=0, nearest_x=1.29, clear_frames=349
[INFO] [1784729385.238775456] [unitree_safe_cmd_node]: Move x=0.500, y=0.000, z=0.000, stop_count=0, roi_count=6, lateral_count=0, nearest_x=1.46, clear_frames=355
[INFO] [1784729385.788772718] [unitree_safe_cmd_node]: Move x=0.500, y=0.000, z=0.000, stop_count=0, roi_count=3, lateral_count=0, nearest_x=1.34, clear_frames=361
[INFO] [1784729386.288991568] [unitree_safe_cmd_node]: Move x=0.500, y=0.000, z=0.000, stop_count=0, roi_count=6, lateral_count=0, nearest_x=1.40, clear_frames=366
[INFO] [1784729386.838913015] [unitree_safe_cmd_node]: Move x=0.500, y=0.000, z=0.000, stop_count=0, roi_count=9, lateral_count=0, nearest_x=1.36, clear_frames=372
[INFO] [1784729387.388593573] [unitree_safe_cmd_node]: Move x=0.500, y=0.000, z=0.000, stop_count=0, roi_count=16, lateral_count=0, nearest_x=1.29, clear_frames=378
[INFO] [1784729387.889145145] [unitree_safe_cmd_node]: Move x=0.500, y=0.000, z=0.000, stop_count=0, roi_count=10, lateral_count=0, nearest_x=1.30, clear_frames=383
[INFO] [1784729388.439315220] [unitree_safe_cmd_node]: Move x=0.500, y=0.000, z=0.000, stop_count=0, roi_count=1, lateral_count=0, nearest_x=1.49, clear_frames=389
[INFO] [1784729388.989282866] [unitree_safe_cmd_node]: Move x=0.500, y=0.000, z=0.000, stop_count=0, roi_count=6, lateral_count=0, nearest_x=1.37, clear_frames=395
[INFO] [1784729389.488771988] [unitree_safe_cmd_node]: Move x=0.500, y=0.000, z=0.000, stop_count=0, roi_count=10, lateral_count=0, nearest_x=1.29, clear_frames=401
[INFO] [1784729390.039334299] [unitree_safe_cmd_node]: Move x=0.500, y=0.000, z=-0.064, stop_count=0, roi_count=8, lateral_count=0, nearest_x=1.36, clear_frames=406
[INFO] [1784729390.588959779] [unitree_safe_cmd_node]: Move x=0.500, y=0.000, z=-0.067, stop_count=0, roi_count=13, lateral_count=0, nearest_x=1.30, clear_frames=412
[INFO] [1784729391.139991103] [unitree_safe_cmd_node]: Move x=0.500, y=0.000, z=-0.007, stop_count=0, roi_count=6, lateral_count=0, nearest_x=1.39, clear_frames=418
[INFO] [1784729391.641284983] [unitree_safe_cmd_node]: Move x=0.500, y=0.000, z=0.000, stop_count=0, roi_count=11, lateral_count=0, nearest_x=1.35, clear_frames=424
[INFO] [1784729392.189435190] [unitree_safe_cmd_node]: Move x=0.500, y=0.000, z=-0.050, stop_count=0, roi_count=12, lateral_count=0, nearest_x=1.35, clear_frames=429
[INFO] [1784729392.689480982] [unitree_safe_cmd_node]: Move x=0.500, y=0.000, z=0.000, stop_count=0, roi_count=6, lateral_count=0, nearest_x=1.39, clear_frames=435
[INFO] [1784729393.238532640] [unitree_safe_cmd_node]: Move x=0.500, y=0.000, z=0.000, stop_count=0, roi_count=10, lateral_count=0, nearest_x=1.34, clear_frames=441
[INFO] [1784729393.738933480] [unitree_safe_cmd_node]: Move x=0.500, y=0.000, z=-0.054, stop_count=0, roi_count=8, lateral_count=0, nearest_x=1.33, clear_frames=446
[INFO] [1784729394.288581770] [unitree_safe_cmd_node]: Move x=0.500, y=0.000, z=-0.062, stop_count=0, roi_count=0, lateral_count=0, nearest_x=inf, clear_frames=452
[INFO] [1784729394.788646240] [unitree_safe_cmd_node]: Move x=0.500, y=0.000, z=0.000, stop_count=0, roi_count=18, lateral_count=0, nearest_x=1.31, clear_frames=457
[INFO] [1784729395.288811600] [unitree_safe_cmd_node]: Move x=0.500, y=0.000, z=0.000, stop_count=0, roi_count=7, lateral_count=0, nearest_x=1.31, clear_frames=462
[INFO] [1784729395.788885607] [unitree_safe_cmd_node]: Move x=0.500, y=0.000, z=-0.057, stop_count=0, roi_count=6, lateral_count=0, nearest_x=1.40, clear_frames=467
[INFO] [1784729396.338837735] [unitree_safe_cmd_node]: Move x=0.500, y=0.000, z=-0.050, stop_count=0, roi_count=6, lateral_count=0, nearest_x=1.33, clear_frames=473
[INFO] [1784729396.844206305] [unitree_safe_cmd_node]: Move x=0.500, y=0.000, z=0.000, stop_count=0, roi_count=6, lateral_count=0, nearest_x=1.36, clear_frames=479
[INFO] [1784729397.388874858] [unitree_safe_cmd_node]: Move x=0.500, y=0.000, z=0.000, stop_count=0, roi_count=18, lateral_count=0, nearest_x=1.31, clear_frames=484
[INFO] [1784729397.888942674] [unitree_safe_cmd_node]: Move x=0.500, y=0.000, z=-0.065, stop_count=0, roi_count=12, lateral_count=0, nearest_x=1.40, clear_frames=489
[INFO] [1784729398.389618612] [unitree_safe_cmd_node]: Move x=0.500, y=0.000, z=0.000, stop_count=0, roi_count=6, lateral_count=0, nearest_x=1.42, clear_frames=494
[INFO] [1784729398.938690317] [unitree_safe_cmd_node]: Move x=0.500, y=0.000, z=0.000, stop_count=0, roi_count=6, lateral_count=0, nearest_x=1.40, clear_frames=500
[INFO] [1784729399.438796999] [unitree_safe_cmd_node]: Move x=0.500, y=0.000, z=0.000, stop_count=0, roi_count=0, lateral_count=0, nearest_x=inf, clear_frames=505
[INFO] [1784729399.989211129] [unitree_safe_cmd_node]: Move x=0.500, y=0.000, z=-0.050, stop_count=0, roi_count=8, lateral_count=0, nearest_x=1.36, clear_frames=511
[INFO] [1784729400.489400482] [unitree_safe_cmd_node]: Move x=0.500, y=0.000, z=0.000, stop_count=0, roi_count=13, lateral_count=0, nearest_x=1.32, clear_frames=516
[INFO] [1784729401.039169979] [unitree_safe_cmd_node]: Move x=0.500, y=0.000, z=0.000, stop_count=0, roi_count=3, lateral_count=0, nearest_x=1.49, clear_frames=522
[INFO] [1784729401.588870450] [unitree_safe_cmd_node]: Move x=0.500, y=0.000, z=-0.052, stop_count=0, roi_count=5, lateral_count=0, nearest_x=1.36, clear_frames=527
[INFO] [1784729402.138691217] [unitree_safe_cmd_node]: Move x=0.500, y=0.000, z=0.000, stop_count=0, roi_count=11, lateral_count=0, nearest_x=1.34, clear_frames=533
[INFO] [1784729402.641100546] [unitree_safe_cmd_node]: Move x=0.500, y=0.000, z=0.000, stop_count=0, roi_count=7, lateral_count=0, nearest_x=1.35, clear_frames=538
[INFO] [1784729403.188594754] [unitree_safe_cmd_node]: Move x=0.500, y=0.000, z=0.000, stop_count=0, roi_count=12, lateral_count=0, nearest_x=1.40, clear_frames=544
[INFO] [1784729403.689520218] [unitree_safe_cmd_node]: Move x=0.500, y=0.000, z=-0.055, stop_count=0, roi_count=9, lateral_count=0, nearest_x=1.36, clear_frames=549
[INFO] [1784729404.238668766] [unitree_safe_cmd_node]: Move x=0.500, y=0.000, z=0.000, stop_count=0, roi_count=8, lateral_count=0, nearest_x=1.32, clear_frames=554
[INFO] [1784729404.740455996] [unitree_safe_cmd_node]: Move x=0.500, y=0.000, z=-0.005, stop_count=0, roi_count=13, lateral_count=0, nearest_x=1.32, clear_frames=559
[INFO] [1784729405.288633433] [unitree_safe_cmd_node]: Move x=0.500, y=0.000, z=0.000, stop_count=0, roi_count=8, lateral_count=0, nearest_x=1.29, clear_frames=565
[INFO] [1784729405.788890127] [unitree_safe_cmd_node]: Move x=0.500, y=0.000, z=0.000, stop_count=0, roi_count=15, lateral_count=0, nearest_x=1.32, clear_frames=570
[INFO] [1784729406.288939488] [unitree_safe_cmd_node]: Move x=0.500, y=0.000, z=0.000, stop_count=0, roi_count=9, lateral_count=0, nearest_x=1.31, clear_frames=575
[INFO] [1784729406.840110267] [unitree_safe_cmd_node]: Move x=0.500, y=0.000, z=-0.050, stop_count=0, roi_count=11, lateral_count=0, nearest_x=1.37, clear_frames=580
[INFO] [1784729407.388756249] [unitree_safe_cmd_node]: Move x=0.500, y=0.000, z=-0.050, stop_count=0, roi_count=5, lateral_count=0, nearest_x=1.44, clear_frames=586
[INFO] [1784729407.939712235] [unitree_safe_cmd_node]: Move x=0.500, y=0.000, z=0.000, stop_count=0, roi_count=7, lateral_count=0, nearest_x=1.32, clear_frames=591
[INFO] [1784729408.491954238] [unitree_safe_cmd_node]: Move x=0.500, y=0.000, z=0.000, stop_count=0, roi_count=6, lateral_count=0, nearest_x=1.36, clear_frames=597
[INFO] [1784729409.038668313] [unitree_safe_cmd_node]: Move x=0.500, y=0.000, z=0.000, stop_count=0, roi_count=6, lateral_count=0, nearest_x=1.47, clear_frames=602
[INFO] [1784729409.588605308] [unitree_safe_cmd_node]: Move x=0.500, y=0.000, z=0.000, stop_count=0, roi_count=5, lateral_count=0, nearest_x=1.34, clear_frames=608
[INFO] [1784729410.088647812] [unitree_safe_cmd_node]: Move x=0.500, y=0.000, z=0.000, stop_count=0, roi_count=12, lateral_count=0, nearest_x=1.38, clear_frames=613
[INFO] [1784729410.588655505] [unitree_safe_cmd_node]: Move x=0.500, y=0.000, z=0.000, stop_count=0, roi_count=9, lateral_count=0, nearest_x=1.31, clear_frames=618
[INFO] [1784729411.088693082] [unitree_safe_cmd_node]: Move x=0.500, y=0.000, z=0.000, stop_count=0, roi_count=2, lateral_count=0, nearest_x=1.48, clear_frames=623
[INFO] [1784729411.638727292] [unitree_safe_cmd_node]: Move x=0.500, y=0.000, z=0.000, stop_count=0, roi_count=13, lateral_count=0, nearest_x=1.33, clear_frames=629
[INFO] [1784729412.138571545] [unitree_safe_cmd_node]: Move x=0.500, y=0.000, z=0.000, stop_count=0, roi_count=6, lateral_count=0, nearest_x=1.40, clear_frames=634
[INFO] [1784729412.638673133] [unitree_safe_cmd_node]: Move x=0.500, y=0.000, z=0.000, stop_count=0, roi_count=12, lateral_count=0, nearest_x=1.34, clear_frames=639
[INFO] [1784729413.138707543] [unitree_safe_cmd_node]: Move x=0.500, y=0.000, z=0.000, stop_count=0, roi_count=6, lateral_count=0, nearest_x=1.45, clear_frames=644
[INFO] [1784729413.689358995] [unitree_safe_cmd_node]: Move x=0.500, y=0.000, z=0.000, stop_count=0, roi_count=14, lateral_count=0, nearest_x=1.31, clear_frames=649
[INFO] [1784729414.238699764] [unitree_safe_cmd_node]: Move x=0.500, y=0.000, z=0.000, stop_count=0, roi_count=6, lateral_count=0, nearest_x=1.33, clear_frames=655
[INFO] [1784729414.739341200] [unitree_safe_cmd_node]: Move x=0.500, y=0.000, z=0.000, stop_count=0, roi_count=6, lateral_count=0, nearest_x=1.35, clear_frames=659
[INFO] [1784729415.288875782] [unitree_safe_cmd_node]: Move x=0.500, y=0.000, z=0.000, stop_count=0, roi_count=9, lateral_count=0, nearest_x=1.34, clear_frames=664
[INFO] [1784729415.793679986] [unitree_safe_cmd_node]: Move x=0.500, y=0.000, z=0.000, stop_count=0, roi_count=6, lateral_count=0, nearest_x=1.39, clear_frames=669
[INFO] [1784729416.338837483] [unitree_safe_cmd_node]: Move x=0.500, y=0.000, z=0.000, stop_count=0, roi_count=10, lateral_count=0, nearest_x=1.34, clear_frames=673
[INFO] [1784729416.838590983] [unitree_safe_cmd_node]: Move x=0.500, y=0.000, z=0.000, stop_count=0, roi_count=4, lateral_count=0, nearest_x=1.38, clear_frames=676
[INFO] [1784729417.339052439] [unitree_safe_cmd_node]: Move x=0.500, y=0.000, z=0.000, stop_count=0, roi_count=11, lateral_count=0, nearest_x=1.37, clear_frames=679
[INFO] [1784729417.889294476] [unitree_safe_cmd_node]: Move x=0.500, y=0.000, z=-0.058, stop_count=0, roi_count=0, lateral_count=0, nearest_x=inf, clear_frames=683
[INFO] [1784729418.440443599] [unitree_safe_cmd_node]: Move x=0.500, y=0.000, z=-0.056, stop_count=0, roi_count=17, lateral_count=0, nearest_x=1.29, clear_frames=688
[INFO] [1784729418.988995768] [unitree_safe_cmd_node]: Move x=0.500, y=0.000, z=-0.003, stop_count=0, roi_count=5, lateral_count=0, nearest_x=1.34, clear_frames=694
[INFO] [1784729419.538657544] [unitree_safe_cmd_node]: Move x=0.500, y=0.000, z=-0.058, stop_count=0, roi_count=0, lateral_count=0, nearest_x=inf, clear_frames=697
[INFO] [1784729420.039375119] [unitree_safe_cmd_node]: Move x=0.500, y=0.000, z=-0.058, stop_count=0, roi_count=14, lateral_count=0, nearest_x=1.31, clear_frames=701
[INFO] [1784729420.539936666] [unitree_safe_cmd_node]: Move x=0.500, y=0.000, z=0.000, stop_count=0, roi_count=14, lateral_count=0, nearest_x=1.32, clear_frames=705
[INFO] [1784729421.088998622] [unitree_safe_cmd_node]: Move x=0.500, y=0.000, z=0.000, stop_count=0, roi_count=4, lateral_count=0, nearest_x=1.34, clear_frames=710
[INFO] [1784729421.589421938] [unitree_safe_cmd_node]: Move x=0.500, y=0.000, z=0.000, stop_count=0, roi_count=5, lateral_count=0, nearest_x=1.39, clear_frames=714
[INFO] [1784729422.145588096] [unitree_safe_cmd_node]: Move x=0.500, y=0.000, z=0.000, stop_count=0, roi_count=3, lateral_count=0, nearest_x=1.48, clear_frames=720
[INFO] [1784729422.689081276] [unitree_safe_cmd_node]: Move x=0.500, y=0.000, z=0.000, stop_count=0, roi_count=6, lateral_count=0, nearest_x=1.43, clear_frames=724
[INFO] [1784729423.240073206] [unitree_safe_cmd_node]: Move x=0.500, y=0.000, z=0.000, stop_count=0, roi_count=7, lateral_count=0, nearest_x=1.33, clear_frames=730
[INFO] [1784729423.788714654] [unitree_safe_cmd_node]: Move x=0.500, y=0.000, z=-0.054, stop_count=0, roi_count=7, lateral_count=0, nearest_x=1.38, clear_frames=736
[INFO] [1784729424.288595606] [unitree_safe_cmd_node]: Move x=0.500, y=0.000, z=0.000, stop_count=0, roi_count=6, lateral_count=0, nearest_x=1.38, clear_frames=741
[INFO] [1784729424.789036282] [unitree_safe_cmd_node]: Move x=0.500, y=0.000, z=-0.053, stop_count=0, roi_count=6, lateral_count=0, nearest_x=1.34, clear_frames=746
[INFO] [1784729425.339057681] [unitree_safe_cmd_node]: Move x=0.500, y=0.000, z=-0.065, stop_count=0, roi_count=9, lateral_count=0, nearest_x=1.30, clear_frames=752
[INFO] [1784729425.888938135] [unitree_safe_cmd_node]: Move x=0.500, y=0.000, z=-0.070, stop_count=0, roi_count=12, lateral_count=0, nearest_x=1.38, clear_frames=758
[INFO] [1784729426.438620915] [unitree_safe_cmd_node]: Move x=0.500, y=0.000, z=-0.071, stop_count=0, roi_count=11, lateral_count=0, nearest_x=1.33, clear_frames=764
[INFO] [1784729426.938966060] [unitree_safe_cmd_node]: Move x=0.500, y=0.000, z=0.000, stop_count=0, roi_count=8, lateral_count=0, nearest_x=1.33, clear_frames=769
[INFO] [1784729427.489340291] [unitree_safe_cmd_node]: Move x=0.500, y=0.000, z=0.000, stop_count=0, roi_count=6, lateral_count=0, nearest_x=1.37, clear_frames=775
[INFO] [1784729428.038977418] [unitree_safe_cmd_node]: Move x=0.500, y=0.000, z=0.000, stop_count=0, roi_count=5, lateral_count=0, nearest_x=1.38, clear_frames=781
[INFO] [1784729428.588835033] [unitree_safe_cmd_node]: Move x=0.500, y=0.000, z=0.000, stop_count=0, roi_count=6, lateral_count=0, nearest_x=1.34, clear_frames=787
[INFO] [1784729429.138674174] [unitree_safe_cmd_node]: Move x=0.500, y=0.000, z=0.000, stop_count=0, roi_count=6, lateral_count=0, nearest_x=1.32, clear_frames=793
[INFO] [1784729429.640241957] [unitree_safe_cmd_node]: Move x=0.500, y=0.000, z=0.000, stop_count=0, roi_count=12, lateral_count=0, nearest_x=1.31, clear_frames=799
[INFO] [1784729430.188835489] [unitree_safe_cmd_node]: Move x=0.500, y=0.000, z=0.000, stop_count=0, roi_count=7, lateral_count=0, nearest_x=1.35, clear_frames=804
[INFO] [1784729430.689469693] [unitree_safe_cmd_node]: Move x=0.500, y=0.000, z=0.000, stop_count=0, roi_count=11, lateral_count=0, nearest_x=1.34, clear_frames=810
[INFO] [1784729431.238793240] [unitree_safe_cmd_node]: Move x=0.500, y=0.000, z=0.000, stop_count=0, roi_count=5, lateral_count=0, nearest_x=1.37, clear_frames=816
[INFO] [1784729431.788725375] [unitree_safe_cmd_node]: Move x=0.500, y=0.000, z=0.000, stop_count=0, roi_count=0, lateral_count=0, nearest_x=inf, clear_frames=822
[INFO] [1784729432.338701360] [unitree_safe_cmd_node]: Move x=0.500, y=0.000, z=0.000, stop_count=0, roi_count=18, lateral_count=0, nearest_x=1.30, clear_frames=828
[INFO] [1784729432.838606758] [unitree_safe_cmd_node]: Move x=0.500, y=0.000, z=0.000, stop_count=0, roi_count=11, lateral_count=0, nearest_x=1.39, clear_frames=833
[INFO] [1784729433.339190906] [unitree_safe_cmd_node]: Move x=0.500, y=0.000, z=0.000, stop_count=0, roi_count=7, lateral_count=0, nearest_x=1.39, clear_frames=838
[INFO] [1784729433.888926687] [unitree_safe_cmd_node]: Move x=0.500, y=0.000, z=0.000, stop_count=0, roi_count=9, lateral_count=0, nearest_x=1.34, clear_frames=844
[INFO] [1784729434.439076019] [unitree_safe_cmd_node]: Move x=0.500, y=0.000, z=0.000, stop_count=0, roi_count=12, lateral_count=0, nearest_x=1.40, clear_frames=850
[INFO] [1784729434.939214688] [unitree_safe_cmd_node]: Move x=0.500, y=0.000, z=0.000, stop_count=0, roi_count=15, lateral_count=0, nearest_x=1.29, clear_frames=856
[INFO] [1784729435.489407564] [unitree_safe_cmd_node]: Move x=0.500, y=0.000, z=0.000, stop_count=0, roi_count=10, lateral_count=0, nearest_x=1.43, clear_frames=861
[INFO] [1784729436.039765757] [unitree_safe_cmd_node]: Move x=0.500, y=0.000, z=0.000, stop_count=0, roi_count=6, lateral_count=0, nearest_x=1.37, clear_frames=867
[INFO] [1784729436.588981829] [unitree_safe_cmd_node]: Move x=0.500, y=0.000, z=0.000, stop_count=0, roi_count=12, lateral_count=0, nearest_x=1.39, clear_frames=873
[INFO] [1784729437.138886389] [unitree_safe_cmd_node]: Move x=0.500, y=0.000, z=0.000, stop_count=0, roi_count=16, lateral_count=0, nearest_x=1.28, clear_frames=879
[INFO] [1784729437.639103709] [unitree_safe_cmd_node]: Move x=0.500, y=0.000, z=-0.069, stop_count=0, roi_count=5, lateral_count=0, nearest_x=1.48, clear_frames=884
[INFO] [1784729438.189210411] [unitree_safe_cmd_node]: Move x=0.500, y=0.000, z=-0.070, stop_count=0, roi_count=12, lateral_count=0, nearest_x=1.29, clear_frames=890
[INFO] [1784729438.690244901] [unitree_safe_cmd_node]: Move x=0.500, y=0.000, z=-0.061, stop_count=0, roi_count=12, lateral_count=0, nearest_x=1.34, clear_frames=896
[INFO] [1784729439.238801027] [unitree_safe_cmd_node]: Move x=0.500, y=0.000, z=-0.053, stop_count=0, roi_count=11, lateral_count=0, nearest_x=1.35, clear_frames=902
[INFO] [1784729439.790451272] [unitree_safe_cmd_node]: Move x=0.500, y=0.000, z=0.000, stop_count=0, roi_count=7, lateral_count=0, nearest_x=1.33, clear_frames=908
[INFO] [1784729440.338779918] [unitree_safe_cmd_node]: Move x=0.500, y=0.000, z=0.000, stop_count=0, roi_count=11, lateral_count=0, nearest_x=1.31, clear_frames=912
[INFO] [1784729440.890008664] [unitree_safe_cmd_node]: Move x=0.500, y=0.000, z=0.000, stop_count=0, roi_count=7, lateral_count=0, nearest_x=1.34, clear_frames=918
[INFO] [1784729441.439498909] [unitree_safe_cmd_node]: Move x=0.500, y=0.000, z=0.000, stop_count=0, roi_count=11, lateral_count=0, nearest_x=1.30, clear_frames=924
[INFO] [1784729441.989363964] [unitree_safe_cmd_node]: Move x=0.500, y=0.000, z=-0.004, stop_count=0, roi_count=12, lateral_count=0, nearest_x=1.30, clear_frames=930
[INFO] [1784729442.541158612] [unitree_safe_cmd_node]: Move x=0.500, y=0.000, z=-0.061, stop_count=0, roi_count=0, lateral_count=0, nearest_x=inf, clear_frames=936
[INFO] [1784729443.041721464] [unitree_safe_cmd_node]: Move x=0.500, y=0.000, z=0.000, stop_count=0, roi_count=9, lateral_count=0, nearest_x=1.36, clear_frames=941
[INFO] [1784729443.589191769] [unitree_safe_cmd_node]: Move x=0.500, y=0.000, z=0.000, stop_count=0, roi_count=6, lateral_count=0, nearest_x=1.42, clear_frames=946
[INFO] [1784729444.139197340] [unitree_safe_cmd_node]: Move x=0.500, y=0.000, z=-0.008, stop_count=0, roi_count=7, lateral_count=0, nearest_x=1.29, clear_frames=952
[INFO] [1784729444.688962458] [unitree_safe_cmd_node]: Move x=0.500, y=0.000, z=-0.055, stop_count=0, roi_count=4, lateral_count=0, nearest_x=1.46, clear_frames=958
[INFO] [1784729445.239001935] [unitree_safe_cmd_node]: Move x=0.500, y=0.000, z=0.000, stop_count=0, roi_count=6, lateral_count=0, nearest_x=1.41, clear_frames=964
[INFO] [1784729445.788589193] [unitree_safe_cmd_node]: Move x=0.500, y=0.000, z=0.000, stop_count=0, roi_count=13, lateral_count=0, nearest_x=1.34, clear_frames=970
[INFO] [1784729446.288609173] [unitree_safe_cmd_node]: Move x=0.500, y=0.000, z=0.000, stop_count=0, roi_count=6, lateral_count=0, nearest_x=1.32, clear_frames=975
[INFO] [1784729446.788623120] [unitree_safe_cmd_node]: Move x=0.500, y=0.000, z=-0.060, stop_count=0, roi_count=4, lateral_count=0, nearest_x=1.34, clear_frames=980
[INFO] [1784729447.288705946] [unitree_safe_cmd_node]: Move x=0.500, y=0.000, z=0.000, stop_count=0, roi_count=10, lateral_count=0, nearest_x=1.33, clear_frames=985
[INFO] [1784729447.788944902] [unitree_safe_cmd_node]: Move x=0.500, y=0.000, z=0.000, stop_count=0, roi_count=13, lateral_count=0, nearest_x=1.28, clear_frames=990
[INFO] [1784729448.338632747] [unitree_safe_cmd_node]: Move x=0.500, y=0.000, z=0.000, stop_count=0, roi_count=10, lateral_count=0, nearest_x=1.34, clear_frames=996
[INFO] [1784729448.838664140] [unitree_safe_cmd_node]: Move x=0.500, y=0.000, z=0.000, stop_count=0, roi_count=6, lateral_count=0, nearest_x=1.46, clear_frames=1001
[INFO] [1784729449.338688678] [unitree_safe_cmd_node]: Move x=0.500, y=0.000, z=0.000, stop_count=0, roi_count=10, lateral_count=0, nearest_x=1.33, clear_frames=1006
[INFO] [1784729449.838722266] [unitree_safe_cmd_node]: Move x=0.500, y=0.000, z=-0.056, stop_count=0, roi_count=8, lateral_count=0, nearest_x=1.34, clear_frames=1011
[INFO] [1784729450.338743953] [unitree_safe_cmd_node]: Move x=0.500, y=0.000, z=-0.061, stop_count=0, roi_count=11, lateral_count=0, nearest_x=1.40, clear_frames=1016
[INFO] [1784729450.889227242] [unitree_safe_cmd_node]: Move x=0.500, y=0.000, z=0.000, stop_count=0, roi_count=13, lateral_count=0, nearest_x=1.31, clear_frames=1021
[INFO] [1784729451.392822035] [unitree_safe_cmd_node]: Move x=0.500, y=0.000, z=0.000, stop_count=0, roi_count=10, lateral_count=0, nearest_x=1.40, clear_frames=1027
[INFO] [1784729451.938782568] [unitree_safe_cmd_node]: Move x=0.500, y=0.000, z=0.000, stop_count=0, roi_count=6, lateral_count=0, nearest_x=1.37, clear_frames=1032
[INFO] [1784729452.488869445] [unitree_safe_cmd_node]: Move x=0.500, y=0.000, z=0.000, stop_count=0, roi_count=13, lateral_count=0, nearest_x=1.32, clear_frames=1038
[INFO] [1784729452.988570912] [unitree_safe_cmd_node]: Move x=0.500, y=0.000, z=0.000, stop_count=0, roi_count=5, lateral_count=0, nearest_x=1.38, clear_frames=1043
[INFO] [1784729453.538594014] [unitree_safe_cmd_node]: Move x=0.500, y=0.000, z=0.000, stop_count=0, roi_count=12, lateral_count=0, nearest_x=1.35, clear_frames=1048
[INFO] [1784729454.088709766] [unitree_safe_cmd_node]: Move x=0.500, y=0.000, z=0.000, stop_count=0, roi_count=5, lateral_count=0, nearest_x=1.47, clear_frames=1054
[INFO] [1784729454.638945687] [unitree_safe_cmd_node]: Move x=0.500, y=0.000, z=0.000, stop_count=0, roi_count=11, lateral_count=0, nearest_x=1.33, clear_frames=1059
[INFO] [1784729455.188580807] [unitree_safe_cmd_node]: Move x=0.500, y=0.000, z=0.000, stop_count=0, roi_count=9, lateral_count=0, nearest_x=1.27, clear_frames=1065
[INFO] [1784729455.689682684] [unitree_safe_cmd_node]: Move x=0.500, y=0.000, z=0.000, stop_count=0, roi_count=14, lateral_count=0, nearest_x=1.33, clear_frames=1070
[INFO] [1784729456.238908548] [unitree_safe_cmd_node]: Move x=0.500, y=0.000, z=0.000, stop_count=0, roi_count=5, lateral_count=0, nearest_x=1.33, clear_frames=1075
[INFO] [1784729456.788770397] [unitree_safe_cmd_node]: Move x=0.500, y=0.000, z=0.000, stop_count=0, roi_count=8, lateral_count=0, nearest_x=1.32, clear_frames=1081
[INFO] [1784729457.288779332] [unitree_safe_cmd_node]: Move x=0.500, y=0.000, z=-0.061, stop_count=0, roi_count=10, lateral_count=0, nearest_x=1.35, clear_frames=1086
[INFO] [1784729457.788827242] [unitree_safe_cmd_node]: Move x=0.500, y=0.000, z=0.000, stop_count=0, roi_count=9, lateral_count=0, nearest_x=1.32, clear_frames=1091
[INFO] [1784729458.288822758] [unitree_safe_cmd_node]: Move x=0.500, y=0.000, z=0.000, stop_count=0, roi_count=12, lateral_count=0, nearest_x=1.38, clear_frames=1096
[INFO] [1784729458.788908115] [unitree_safe_cmd_node]: Move x=0.500, y=0.000, z=-0.057, stop_count=0, roi_count=4, lateral_count=0, nearest_x=1.42, clear_frames=1100
[INFO] [1784729459.297555087] [unitree_safe_cmd_node]: Move x=0.500, y=0.000, z=0.000, stop_count=0, roi_count=6, lateral_count=0, nearest_x=1.41, clear_frames=1105
[INFO] [1784729459.838895493] [unitree_safe_cmd_node]: Move x=0.500, y=0.000, z=-0.054, stop_count=0, roi_count=12, lateral_count=0, nearest_x=1.36, clear_frames=1108
[INFO] [1784729460.389168122] [unitree_safe_cmd_node]: Move x=0.500, y=0.000, z=0.000, stop_count=0, roi_count=6, lateral_count=0, nearest_x=1.36, clear_frames=1114
[INFO] [1784729460.940959528] [unitree_safe_cmd_node]: Move x=0.500, y=0.000, z=0.000, stop_count=0, roi_count=13, lateral_count=0, nearest_x=1.30, clear_frames=1118
[INFO] [1784729461.440192166] [unitree_safe_cmd_node]: Move x=0.500, y=0.000, z=-0.054, stop_count=0, roi_count=11, lateral_count=0, nearest_x=1.38, clear_frames=1122
[INFO] [1784729461.989280588] [unitree_safe_cmd_node]: Move x=0.500, y=0.000, z=0.000, stop_count=0, roi_count=0, lateral_count=0, nearest_x=inf, clear_frames=1127
[INFO] [1784729462.542541474] [unitree_safe_cmd_node]: Move x=0.500, y=0.000, z=0.000, stop_count=0, roi_count=5, lateral_count=0, nearest_x=1.24, clear_frames=1133
[INFO] [1784729463.041371377] [unitree_safe_cmd_node]: Move x=0.500, y=0.000, z=0.000, stop_count=0, roi_count=10, lateral_count=0, nearest_x=1.29, clear_frames=1136
[INFO] [1784729463.589245318] [unitree_safe_cmd_node]: Move x=0.500, y=0.000, z=0.000, stop_count=0, roi_count=12, lateral_count=0, nearest_x=1.38, clear_frames=1141
[INFO] [1784729464.138656706] [unitree_safe_cmd_node]: Move x=0.500, y=0.000, z=-0.063, stop_count=0, roi_count=8, lateral_count=0, nearest_x=1.36, clear_frames=1145
[INFO] [1784729464.639249203] [unitree_safe_cmd_node]: Move x=0.500, y=0.000, z=0.000, stop_count=0, roi_count=12, lateral_count=0, nearest_x=1.34, clear_frames=1148
[INFO] [1784729465.139376870] [unitree_safe_cmd_node]: Move x=0.500, y=0.000, z=0.000, stop_count=0, roi_count=9, lateral_count=0, nearest_x=1.34, clear_frames=1153
[INFO] [1784729465.694521129] [unitree_safe_cmd_node]: Move x=0.500, y=0.000, z=0.000, stop_count=0, roi_count=7, lateral_count=0, nearest_x=1.41, clear_frames=1159
[INFO] [1784729466.238578095] [unitree_safe_cmd_node]: Move x=0.500, y=0.000, z=0.000, stop_count=0, roi_count=8, lateral_count=0, nearest_x=1.31, clear_frames=1164
[INFO] [1784729466.738869755] [unitree_safe_cmd_node]: Move x=0.500, y=0.000, z=0.000, stop_count=0, roi_count=10, lateral_count=0, nearest_x=1.36, clear_frames=1168
[INFO] [1784729467.289393521] [unitree_safe_cmd_node]: Move x=0.500, y=0.000, z=0.000, stop_count=0, roi_count=6, lateral_count=0, nearest_x=1.41, clear_frames=1173
[INFO] [1784729467.839427163] [unitree_safe_cmd_node]: Move x=0.500, y=0.000, z=0.000, stop_count=0, roi_count=12, lateral_count=0, nearest_x=1.31, clear_frames=1179
[INFO] [1784729468.390157767] [unitree_safe_cmd_node]: Move x=0.500, y=0.000, z=0.000, stop_count=0, roi_count=13, lateral_count=0, nearest_x=1.33, clear_frames=1185
[INFO] [1784729468.938907442] [unitree_safe_cmd_node]: Move x=0.500, y=0.000, z=-0.060, stop_count=0, roi_count=10, lateral_count=0, nearest_x=1.44, clear_frames=1191
[INFO] [1784729469.488888652] [unitree_safe_cmd_node]: Move x=0.500, y=0.000, z=-0.062, stop_count=0, roi_count=6, lateral_count=0, nearest_x=1.41, clear_frames=1197
[INFO] [1784729470.038594658] [unitree_safe_cmd_node]: Move x=0.500, y=0.000, z=0.000, stop_count=0, roi_count=6, lateral_count=0, nearest_x=1.31, clear_frames=1203
[INFO] [1784729470.588732484] [unitree_safe_cmd_node]: Move x=0.500, y=0.000, z=0.000, stop_count=0, roi_count=4, lateral_count=0, nearest_x=1.35, clear_frames=1209
[INFO] [1784729471.088652289] [unitree_safe_cmd_node]: Move x=0.500, y=0.000, z=0.000, stop_count=0, roi_count=5, lateral_count=0, nearest_x=1.46, clear_frames=1214
[INFO] [1784729471.591177622] [unitree_safe_cmd_node]: Move x=0.500, y=0.000, z=0.000, stop_count=0, roi_count=8, lateral_count=0, nearest_x=1.37, clear_frames=1220
[INFO] [1784729472.138967844] [unitree_safe_cmd_node]: Move x=0.500, y=0.000, z=0.000, stop_count=0, roi_count=11, lateral_count=0, nearest_x=1.35, clear_frames=1225
[INFO] [1784729472.689022400] [unitree_safe_cmd_node]: Move x=0.500, y=0.000, z=0.000, stop_count=0, roi_count=6, lateral_count=0, nearest_x=1.35, clear_frames=1231
[INFO] [1784729473.239082865] [unitree_safe_cmd_node]: Move x=0.500, y=0.000, z=0.000, stop_count=0, roi_count=14, lateral_count=0, nearest_x=1.28, clear_frames=1237
[INFO] [1784729473.788560276] [unitree_safe_cmd_node]: Move x=0.500, y=0.000, z=0.000, stop_count=0, roi_count=4, lateral_count=0, nearest_x=1.33, clear_frames=1243
[INFO] [1784729474.291060441] [unitree_safe_cmd_node]: Move x=0.500, y=0.000, z=0.000, stop_count=0, roi_count=0, lateral_count=0, nearest_x=inf, clear_frames=1249
[INFO] [1784729474.838872031] [unitree_safe_cmd_node]: Move x=0.500, y=0.000, z=0.000, stop_count=0, roi_count=8, lateral_count=0, nearest_x=1.36, clear_frames=1254
[INFO] [1784729475.389044210] [unitree_safe_cmd_node]: Move x=0.500, y=0.000, z=-0.065, stop_count=0, roi_count=17, lateral_count=0, nearest_x=1.32, clear_frames=1260
[INFO] [1784729475.939943212] [unitree_safe_cmd_node]: Move x=0.500, y=0.000, z=-0.094, stop_count=0, roi_count=6, lateral_count=0, nearest_x=1.33, clear_frames=1266
[INFO] [1784729476.489035370] [unitree_safe_cmd_node]: Move x=0.500, y=0.000, z=-0.083, stop_count=0, roi_count=7, lateral_count=0, nearest_x=1.37, clear_frames=1271
[INFO] [1784729477.038752597] [unitree_safe_cmd_node]: Move x=0.400, y=0.000, z=-0.087, stop_count=0, roi_count=16, lateral_count=0, nearest_x=1.32, clear_frames=1277
[INFO] [1784729477.588796341] [unitree_safe_cmd_node]: Move x=0.400, y=0.000, z=-0.075, stop_count=0, roi_count=11, lateral_count=0, nearest_x=1.39, clear_frames=1283
[INFO] [1784729478.093334902] [unitree_safe_cmd_node]: Move x=0.310, y=0.000, z=-0.220, stop_count=0, roi_count=6, lateral_count=0, nearest_x=1.35, clear_frames=1289
[INFO] [1784729478.639185744] [unitree_safe_cmd_node]: Move x=0.250, y=0.000, z=-0.370, stop_count=0, roi_count=0, lateral_count=0, nearest_x=inf, clear_frames=1294
[INFO] [1784729479.188998800] [unitree_safe_cmd_node]: Move x=0.250, y=0.000, z=-0.306, stop_count=0, roi_count=4, lateral_count=0, nearest_x=1.37, clear_frames=1300
[INFO] [1784729479.690157975] [unitree_safe_cmd_node]: Move x=0.250, y=0.000, z=-0.204, stop_count=0, roi_count=2, lateral_count=0, nearest_x=1.46, clear_frames=1306
[INFO] [1784729480.238506834] [unitree_safe_cmd_node]: Move x=0.250, y=0.000, z=-0.247, stop_count=0, roi_count=6, lateral_count=0, nearest_x=1.42, clear_frames=1312
[INFO] [1784729480.738764069] [unitree_safe_cmd_node]: Move x=0.250, y=0.000, z=-0.171, stop_count=0, roi_count=5, lateral_count=0, nearest_x=1.43, clear_frames=1317
[INFO] [1784729481.239075532] [unitree_safe_cmd_node]: Move x=0.250, y=0.000, z=-0.105, stop_count=0, roi_count=0, lateral_count=0, nearest_x=inf, clear_frames=1322
[INFO] [1784729481.789164759] [unitree_safe_cmd_node]: Move x=0.400, y=0.000, z=0.006, stop_count=0, roi_count=5, lateral_count=0, nearest_x=1.43, clear_frames=1328
[INFO] [1784729482.339558356] [unitree_safe_cmd_node]: Move x=0.400, y=0.000, z=-0.444, stop_count=0, roi_count=12, lateral_count=0, nearest_x=1.38, clear_frames=1334
[INFO] [1784729482.888605621] [unitree_safe_cmd_node]: Move x=0.400, y=0.000, z=-0.449, stop_count=0, roi_count=6, lateral_count=0, nearest_x=1.37, clear_frames=1340
[INFO] [1784729483.389287727] [unitree_safe_cmd_node]: Move x=0.400, y=0.000, z=-0.357, stop_count=0, roi_count=6, lateral_count=0, nearest_x=1.44, clear_frames=1346
[INFO] [1784729483.939446832] [unitree_safe_cmd_node]: Move x=0.500, y=0.000, z=-0.243, stop_count=0, roi_count=6, lateral_count=0, nearest_x=1.40, clear_frames=1351
[INFO] [1784729484.489068718] [unitree_safe_cmd_node]: Move x=0.500, y=0.000, z=-0.192, stop_count=0, roi_count=1, lateral_count=0, nearest_x=1.49, clear_frames=1357
[INFO] [1784729485.039564802] [unitree_safe_cmd_node]: Move x=0.500, y=0.000, z=-0.137, stop_count=0, roi_count=7, lateral_count=0, nearest_x=1.33, clear_frames=1363
[INFO] [1784729485.595144677] [unitree_safe_cmd_node]: Move x=0.500, y=0.000, z=-0.084, stop_count=0, roi_count=12, lateral_count=0, nearest_x=1.40, clear_frames=1369
[INFO] [1784729486.138789811] [unitree_safe_cmd_node]: Move x=0.500, y=0.000, z=-0.061, stop_count=0, roi_count=6, lateral_count=0, nearest_x=1.37, clear_frames=1375
[INFO] [1784729486.692760429] [unitree_safe_cmd_node]: Move x=0.500, y=0.000, z=-0.069, stop_count=0, roi_count=8, lateral_count=0, nearest_x=1.35, clear_frames=1381
[INFO] [1784729487.238581677] [unitree_safe_cmd_node]: Move x=0.500, y=0.000, z=-0.046, stop_count=0, roi_count=18, lateral_count=0, nearest_x=1.30, clear_frames=1386
[INFO] [1784729487.738840671] [unitree_safe_cmd_node]: Move x=0.500, y=0.000, z=-0.053, stop_count=0, roi_count=6, lateral_count=0, nearest_x=1.35, clear_frames=1391
[INFO] [1784729488.289677223] [unitree_safe_cmd_node]: Move x=0.500, y=0.000, z=0.005, stop_count=0, roi_count=8, lateral_count=0, nearest_x=1.34, clear_frames=1396
[INFO] [1784729488.838578057] [unitree_safe_cmd_node]: Move x=0.500, y=0.000, z=0.006, stop_count=0, roi_count=11, lateral_count=0, nearest_x=1.34, clear_frames=1402
[INFO] [1784729489.388660343] [unitree_safe_cmd_node]: Move x=0.500, y=0.000, z=0.006, stop_count=0, roi_count=6, lateral_count=0, nearest_x=1.32, clear_frames=1408
[INFO] [1784729489.939257724] [unitree_safe_cmd_node]: Move x=0.500, y=0.000, z=0.007, stop_count=0, roi_count=12, lateral_count=0, nearest_x=1.33, clear_frames=1413
[INFO] [1784729490.439024085] [unitree_safe_cmd_node]: Move x=0.500, y=0.000, z=0.008, stop_count=0, roi_count=7, lateral_count=0, nearest_x=1.41, clear_frames=1418
[INFO] [1784729490.938952940] [unitree_safe_cmd_node]: Move x=0.500, y=0.000, z=0.000, stop_count=0, roi_count=0, lateral_count=0, nearest_x=inf, clear_frames=1423
[INFO] [1784729491.439012268] [unitree_safe_cmd_node]: Move x=0.500, y=0.000, z=0.000, stop_count=0, roi_count=14, lateral_count=0, nearest_x=1.33, clear_frames=1428
[INFO] [1784729491.988675542] [unitree_safe_cmd_node]: Move x=0.500, y=0.000, z=0.000, stop_count=0, roi_count=12, lateral_count=0, nearest_x=1.31, clear_frames=1434
[INFO] [1784729492.488623645] [unitree_safe_cmd_node]: Move x=0.500, y=0.000, z=0.000, stop_count=0, roi_count=1, lateral_count=0, nearest_x=1.32, clear_frames=1439
[INFO] [1784729493.042611471] [unitree_safe_cmd_node]: Move x=0.500, y=0.000, z=0.000, stop_count=0, roi_count=18, lateral_count=0, nearest_x=1.30, clear_frames=1445
[INFO] [1784729493.588618050] [unitree_safe_cmd_node]: Move x=0.500, y=0.000, z=0.000, stop_count=0, roi_count=9, lateral_count=0, nearest_x=1.24, clear_frames=1450
[INFO] [1784729494.143047317] [unitree_safe_cmd_node]: Move x=0.500, y=0.000, z=0.000, stop_count=0, roi_count=7, lateral_count=0, nearest_x=1.39, clear_frames=1456
[INFO] [1784729494.689209549] [unitree_safe_cmd_node]: Move x=0.500, y=0.000, z=0.000, stop_count=0, roi_count=12, lateral_count=0, nearest_x=1.40, clear_frames=1461
[INFO] [1784729495.238573968] [unitree_safe_cmd_node]: Move x=0.500, y=0.000, z=0.000, stop_count=0, roi_count=9, lateral_count=0, nearest_x=1.32, clear_frames=1467
[INFO] [1784729495.738652774] [unitree_safe_cmd_node]: Move x=0.500, y=0.000, z=0.000, stop_count=0, roi_count=15, lateral_count=0, nearest_x=1.31, clear_frames=1472
[INFO] [1784729496.238618155] [unitree_safe_cmd_node]: Move x=0.500, y=0.000, z=0.000, stop_count=0, roi_count=12, lateral_count=0, nearest_x=1.31, clear_frames=1477
[INFO] [1784729496.788916949] [unitree_safe_cmd_node]: Move x=0.500, y=0.000, z=0.000, stop_count=0, roi_count=6, lateral_count=0, nearest_x=1.34, clear_frames=1482
[INFO] [1784729497.288946602] [unitree_safe_cmd_node]: Move x=0.500, y=0.000, z=0.000, stop_count=0, roi_count=7, lateral_count=0, nearest_x=1.30, clear_frames=1487
[INFO] [1784729497.838636666] [unitree_safe_cmd_node]: Move x=0.500, y=0.000, z=0.000, stop_count=0, roi_count=7, lateral_count=0, nearest_x=1.31, clear_frames=1493
[INFO] [1784729498.389350975] [unitree_safe_cmd_node]: Move x=0.500, y=0.000, z=0.000, stop_count=0, roi_count=13, lateral_count=0, nearest_x=1.32, clear_frames=1498
[INFO] [1784729498.938623455] [unitree_safe_cmd_node]: Move x=0.500, y=0.000, z=0.000, stop_count=0, roi_count=17, lateral_count=0, nearest_x=1.30, clear_frames=1504
[INFO] [1784729499.489091519] [unitree_safe_cmd_node]: Move x=0.500, y=0.000, z=0.000, stop_count=0, roi_count=17, lateral_count=0, nearest_x=1.24, clear_frames=1509
[INFO] [1784729499.988984967] [unitree_safe_cmd_node]: Move x=0.500, y=0.000, z=0.000, stop_count=0, roi_count=7, lateral_count=0, nearest_x=1.35, clear_frames=1514
[INFO] [1784729500.538606081] [unitree_safe_cmd_node]: Move x=0.500, y=0.000, z=0.000, stop_count=0, roi_count=4, lateral_count=0, nearest_x=1.46, clear_frames=1520
[INFO] [1784729501.038628031] [unitree_safe_cmd_node]: Move x=0.500, y=0.000, z=0.000, stop_count=0, roi_count=13, lateral_count=0, nearest_x=1.23, clear_frames=1525
[INFO] [1784729501.597048303] [unitree_safe_cmd_node]: Move x=0.500, y=0.000, z=0.000, stop_count=0, roi_count=10, lateral_count=0, nearest_x=1.46, clear_frames=1531
[INFO] [1784729502.139004073] [unitree_safe_cmd_node]: Move x=0.500, y=0.000, z=0.000, stop_count=0, roi_count=5, lateral_count=0, nearest_x=1.35, clear_frames=1536
[INFO] [1784729502.690437871] [unitree_safe_cmd_node]: Move x=0.500, y=0.000, z=0.000, stop_count=0, roi_count=6, lateral_count=0, nearest_x=1.37, clear_frames=1541
[INFO] [1784729503.276321670] [unitree_safe_cmd_node]: Move x=0.500, y=0.000, z=0.000, stop_count=0, roi_count=0, lateral_count=0, nearest_x=inf, clear_frames=1545
[INFO] [1784729503.788864210] [unitree_safe_cmd_node]: Move x=0.500, y=0.000, z=-0.055, stop_count=0, roi_count=6, lateral_count=0, nearest_x=1.39, clear_frames=1548
[INFO] [1784729504.339368533] [unitree_safe_cmd_node]: Move x=0.500, y=0.000, z=-0.054, stop_count=0, roi_count=9, lateral_count=0, nearest_x=1.32, clear_frames=1553
[INFO] [1784729504.889341522] [unitree_safe_cmd_node]: Move x=0.500, y=0.000, z=-0.057, stop_count=0, roi_count=0, lateral_count=0, nearest_x=inf, clear_frames=1559
[INFO] [1784729505.439718060] [unitree_safe_cmd_node]: Move x=0.500, y=0.000, z=-0.004, stop_count=0, roi_count=6, lateral_count=0, nearest_x=1.35, clear_frames=1564
[INFO] [1784729505.988539823] [unitree_safe_cmd_node]: Move x=0.500, y=0.000, z=-0.057, stop_count=0, roi_count=6, lateral_count=0, nearest_x=1.35, clear_frames=1569
[INFO] [1784729506.488870428] [unitree_safe_cmd_node]: Move x=0.500, y=0.000, z=0.000, stop_count=0, roi_count=6, lateral_count=0, nearest_x=1.35, clear_frames=1574
[INFO] [1784729506.988670172] [unitree_safe_cmd_node]: Move x=0.500, y=0.000, z=0.000, stop_count=0, roi_count=11, lateral_count=0, nearest_x=1.29, clear_frames=1578
[INFO] [1784729507.539037530] [unitree_safe_cmd_node]: Move x=0.500, y=0.000, z=0.000, stop_count=0, roi_count=6, lateral_count=0, nearest_x=1.42, clear_frames=1583
[INFO] [1784729508.090439403] [unitree_safe_cmd_node]: Move x=0.500, y=0.000, z=0.000, stop_count=0, roi_count=9, lateral_count=0, nearest_x=1.33, clear_frames=1588
[INFO] [1784729508.644554056] [unitree_safe_cmd_node]: Move x=0.500, y=0.000, z=-0.055, stop_count=0, roi_count=9, lateral_count=0, nearest_x=1.37, clear_frames=1594
[INFO] [1784729509.191225878] [unitree_safe_cmd_node]: Move x=0.500, y=0.000, z=-0.057, stop_count=0, roi_count=1, lateral_count=0, nearest_x=1.32, clear_frames=1598
[INFO] [1784729509.739113375] [unitree_safe_cmd_node]: Move x=0.500, y=0.000, z=-0.055, stop_count=0, roi_count=10, lateral_count=0, nearest_x=1.30, clear_frames=1602
[INFO] [1784729510.289112794] [unitree_safe_cmd_node]: Move x=0.500, y=0.000, z=-0.006, stop_count=0, roi_count=7, lateral_count=0, nearest_x=1.33, clear_frames=1607
[INFO] [1784729510.841206228] [unitree_safe_cmd_node]: Move x=0.500, y=0.000, z=0.000, stop_count=0, roi_count=12, lateral_count=0, nearest_x=1.38, clear_frames=1613
[INFO] [1784729511.389189988] [unitree_safe_cmd_node]: Move x=0.500, y=0.000, z=0.000, stop_count=0, roi_count=0, lateral_count=0, nearest_x=inf, clear_frames=1618
[INFO] [1784729511.939280897] [unitree_safe_cmd_node]: Move x=0.500, y=0.000, z=0.000, stop_count=0, roi_count=13, lateral_count=0, nearest_x=1.30, clear_frames=1624
[INFO] [1784729512.490094546] [unitree_safe_cmd_node]: Move x=0.500, y=0.000, z=0.000, stop_count=0, roi_count=13, lateral_count=0, nearest_x=1.30, clear_frames=1630
[INFO] [1784729512.991967418] [unitree_safe_cmd_node]: Move x=0.500, y=0.000, z=0.000, stop_count=0, roi_count=12, lateral_count=0, nearest_x=1.38, clear_frames=1636
[INFO] [1784729513.539109793] [unitree_safe_cmd_node]: Move x=0.500, y=0.000, z=0.000, stop_count=0, roi_count=13, lateral_count=0, nearest_x=1.31, clear_frames=1641
[INFO] [1784729514.089317221] [unitree_safe_cmd_node]: Move x=0.500, y=0.000, z=0.000, stop_count=0, roi_count=6, lateral_count=0, nearest_x=1.36, clear_frames=1647
[INFO] [1784729514.639445667] [unitree_safe_cmd_node]: Move x=0.500, y=0.000, z=0.000, stop_count=0, roi_count=17, lateral_count=0, nearest_x=1.30, clear_frames=1653
[INFO] [1784729515.192644921] [unitree_safe_cmd_node]: Move x=0.500, y=0.000, z=0.000, stop_count=0, roi_count=10, lateral_count=0, nearest_x=1.35, clear_frames=1659
[INFO] [1784729515.739074128] [unitree_safe_cmd_node]: Move x=0.500, y=0.000, z=0.000, stop_count=0, roi_count=8, lateral_count=0, nearest_x=1.33, clear_frames=1665
[INFO] [1784729516.240168793] [unitree_safe_cmd_node]: Move x=0.500, y=0.000, z=0.000, stop_count=0, roi_count=5, lateral_count=0, nearest_x=1.46, clear_frames=1671
[INFO] [1784729516.789593798] [unitree_safe_cmd_node]: Move x=0.500, y=0.000, z=0.000, stop_count=0, roi_count=9, lateral_count=0, nearest_x=1.42, clear_frames=1676
[INFO] [1784729517.338941724] [unitree_safe_cmd_node]: Move x=0.500, y=0.000, z=0.000, stop_count=0, roi_count=11, lateral_count=0, nearest_x=1.29, clear_frames=1682
[INFO] [1784729517.889739337] [unitree_safe_cmd_node]: Move x=0.500, y=0.000, z=0.000, stop_count=0, roi_count=5, lateral_count=0, nearest_x=1.33, clear_frames=1688
[INFO] [1784729518.439030374] [unitree_safe_cmd_node]: Move x=0.500, y=0.000, z=0.000, stop_count=0, roi_count=7, lateral_count=0, nearest_x=1.40, clear_frames=1694
[INFO] [1784729518.988742325] [unitree_safe_cmd_node]: Move x=0.500, y=0.000, z=0.000, stop_count=0, roi_count=6, lateral_count=0, nearest_x=1.36, clear_frames=1700
[INFO] [1784729519.490783858] [unitree_safe_cmd_node]: Move x=0.500, y=0.000, z=0.000, stop_count=0, roi_count=6, lateral_count=0, nearest_x=1.38, clear_frames=1706
[INFO] [1784729520.044966489] [unitree_safe_cmd_node]: Move x=0.500, y=0.000, z=0.000, stop_count=0, roi_count=9, lateral_count=0, nearest_x=1.32, clear_frames=1712
[INFO] [1784729520.588954144] [unitree_safe_cmd_node]: Move x=0.500, y=0.000, z=0.000, stop_count=0, roi_count=6, lateral_count=0, nearest_x=1.37, clear_frames=1717
[INFO] [1784729521.139339933] [unitree_safe_cmd_node]: Move x=0.500, y=0.000, z=0.000, stop_count=0, roi_count=5, lateral_count=0, nearest_x=1.38, clear_frames=1723
[INFO] [1784729521.688828244] [unitree_safe_cmd_node]: Move x=0.500, y=0.000, z=0.000, stop_count=0, roi_count=6, lateral_count=0, nearest_x=1.39, clear_frames=1729
[INFO] [1784729522.238708708] [unitree_safe_cmd_node]: Move x=0.500, y=0.000, z=0.000, stop_count=0, roi_count=11, lateral_count=0, nearest_x=1.27, clear_frames=1735
[INFO] [1784729522.788652279] [unitree_safe_cmd_node]: Move x=0.500, y=0.000, z=0.000, stop_count=0, roi_count=6, lateral_count=0, nearest_x=1.41, clear_frames=1741
[INFO] [1784729523.295013852] [unitree_safe_cmd_node]: Move x=0.500, y=0.000, z=0.000, stop_count=0, roi_count=6, lateral_count=0, nearest_x=1.39, clear_frames=1747
[INFO] [1784729523.839373346] [unitree_safe_cmd_node]: Move x=0.500, y=0.000, z=0.000, stop_count=0, roi_count=10, lateral_count=0, nearest_x=1.35, clear_frames=1752
[INFO] [1784729524.388914768] [unitree_safe_cmd_node]: Move x=0.500, y=0.000, z=-0.062, stop_count=0, roi_count=17, lateral_count=0, nearest_x=1.29, clear_frames=1758
[INFO] [1784729524.938899157] [unitree_safe_cmd_node]: Move x=0.500, y=0.000, z=-0.064, stop_count=0, roi_count=17, lateral_count=0, nearest_x=1.27, clear_frames=1764
[INFO] [1784729525.488894471] [unitree_safe_cmd_node]: Move x=0.500, y=0.000, z=-0.058, stop_count=0, roi_count=6, lateral_count=0, nearest_x=1.33, clear_frames=1770
[INFO] [1784729526.038588891] [unitree_safe_cmd_node]: Move x=0.500, y=0.000, z=0.000, stop_count=0, roi_count=6, lateral_count=0, nearest_x=1.44, clear_frames=1776
[INFO] [1784729526.538986716] [unitree_safe_cmd_node]: Move x=0.500, y=0.000, z=-0.061, stop_count=0, roi_count=13, lateral_count=0, nearest_x=1.24, clear_frames=1780
[INFO] [1784729527.089619246] [unitree_safe_cmd_node]: Move x=0.500, y=0.000, z=-0.062, stop_count=0, roi_count=8, lateral_count=0, nearest_x=1.25, clear_frames=1786
[INFO] [1784729527.638633634] [unitree_safe_cmd_node]: Move x=0.500, y=0.000, z=0.000, stop_count=0, roi_count=1, lateral_count=0, nearest_x=1.50, clear_frames=1792
[INFO] [1784729528.138628985] [unitree_safe_cmd_node]: Move x=0.500, y=0.000, z=0.000, stop_count=0, roi_count=12, lateral_count=0, nearest_x=1.38, clear_frames=1797
[INFO] [1784729528.689062861] [unitree_safe_cmd_node]: Move x=0.500, y=0.000, z=-0.053, stop_count=0, roi_count=5, lateral_count=0, nearest_x=1.45, clear_frames=1802
[INFO] [1784729529.189071770] [unitree_safe_cmd_node]: Move x=0.500, y=0.000, z=0.000, stop_count=0, roi_count=4, lateral_count=0, nearest_x=1.47, clear_frames=1807
[INFO] [1784729529.738742460] [unitree_safe_cmd_node]: Move x=0.500, y=0.000, z=0.000, stop_count=0, roi_count=11, lateral_count=0, nearest_x=1.39, clear_frames=1813
[INFO] [1784729530.289552176] [unitree_safe_cmd_node]: Move x=0.500, y=0.000, z=0.000, stop_count=0, roi_count=6, lateral_count=0, nearest_x=1.40, clear_frames=1818
[INFO] [1784729530.788952175] [unitree_safe_cmd_node]: Move x=0.500, y=0.000, z=-0.053, stop_count=0, roi_count=11, lateral_count=0, nearest_x=1.33, clear_frames=1823
[INFO] [1784729531.338727647] [unitree_safe_cmd_node]: Move x=0.500, y=0.000, z=0.000, stop_count=0, roi_count=12, lateral_count=0, nearest_x=1.34, clear_frames=1829
[INFO] [1784729531.838958729] [unitree_safe_cmd_node]: Move x=0.500, y=0.000, z=-0.005, stop_count=0, roi_count=5, lateral_count=0, nearest_x=1.35, clear_frames=1834
[INFO] [1784729532.389293821] [unitree_safe_cmd_node]: Move x=0.500, y=0.000, z=-0.061, stop_count=0, roi_count=13, lateral_count=0, nearest_x=1.28, clear_frames=1839
[INFO] [1784729532.891807060] [unitree_safe_cmd_node]: Move x=0.500, y=0.000, z=0.000, stop_count=0, roi_count=7, lateral_count=0, nearest_x=1.31, clear_frames=1845
[INFO] [1784729533.438562862] [unitree_safe_cmd_node]: Move x=0.500, y=0.000, z=0.000, stop_count=0, roi_count=11, lateral_count=0, nearest_x=1.32, clear_frames=1850
[INFO] [1784729533.989319928] [unitree_safe_cmd_node]: Move x=0.500, y=0.000, z=-0.006, stop_count=0, roi_count=5, lateral_count=0, nearest_x=1.37, clear_frames=1855
[INFO] [1784729534.494983303] [unitree_safe_cmd_node]: Move x=0.500, y=0.000, z=0.000, stop_count=0, roi_count=5, lateral_count=0, nearest_x=1.39, clear_frames=1861
[INFO] [1784729535.038589980] [unitree_safe_cmd_node]: Move x=0.500, y=0.000, z=0.000, stop_count=0, roi_count=6, lateral_count=0, nearest_x=1.32, clear_frames=1866
[INFO] [1784729535.538854931] [unitree_safe_cmd_node]: Move x=0.500, y=0.000, z=-0.005, stop_count=0, roi_count=2, lateral_count=0, nearest_x=1.31, clear_frames=1871
[INFO] [1784729536.088591969] [unitree_safe_cmd_node]: Move x=0.500, y=0.000, z=0.000, stop_count=0, roi_count=12, lateral_count=0, nearest_x=1.37, clear_frames=1877
[INFO] [1784729536.588617583] [unitree_safe_cmd_node]: Move x=0.500, y=0.000, z=0.000, stop_count=0, roi_count=6, lateral_count=0, nearest_x=1.39, clear_frames=1882
[INFO] [1784729537.139052229] [unitree_safe_cmd_node]: Move x=0.500, y=0.000, z=0.000, stop_count=0, roi_count=6, lateral_count=0, nearest_x=1.38, clear_frames=1887
[INFO] [1784729537.639098097] [unitree_safe_cmd_node]: Move x=0.500, y=0.000, z=0.000, stop_count=0, roi_count=8, lateral_count=0, nearest_x=1.30, clear_frames=1892
[INFO] [1784729538.139361266] [unitree_safe_cmd_node]: Move x=0.500, y=0.000, z=-0.050, stop_count=0, roi_count=6, lateral_count=0, nearest_x=1.40, clear_frames=1897
[INFO] [1784729538.689564966] [unitree_safe_cmd_node]: Move x=0.500, y=0.000, z=0.000, stop_count=0, roi_count=7, lateral_count=0, nearest_x=1.34, clear_frames=1903
[INFO] [1784729539.241031634] [unitree_safe_cmd_node]: Move x=0.500, y=0.000, z=0.000, stop_count=0, roi_count=8, lateral_count=0, nearest_x=1.29, clear_frames=1908
[INFO] [1784729539.789222453] [unitree_safe_cmd_node]: Move x=0.500, y=0.000, z=0.000, stop_count=0, roi_count=2, lateral_count=0, nearest_x=1.49, clear_frames=1914
[INFO] [1784729540.339023999] [unitree_safe_cmd_node]: Move x=0.500, y=0.000, z=0.000, stop_count=0, roi_count=12, lateral_count=0, nearest_x=1.39, clear_frames=1919
[INFO] [1784729540.843988436] [unitree_safe_cmd_node]: Move x=0.500, y=0.000, z=0.000, stop_count=0, roi_count=6, lateral_count=0, nearest_x=1.40, clear_frames=1925
[INFO] [1784729541.388613823] [unitree_safe_cmd_node]: Move x=0.500, y=0.000, z=0.000, stop_count=0, roi_count=8, lateral_count=0, nearest_x=1.28, clear_frames=1929
[INFO] [1784729541.939340433] [unitree_safe_cmd_node]: Move x=0.500, y=0.000, z=0.000, stop_count=0, roi_count=6, lateral_count=0, nearest_x=1.39, clear_frames=1935
[INFO] [1784729542.488676909] [unitree_safe_cmd_node]: Move x=0.500, y=0.000, z=0.000, stop_count=0, roi_count=8, lateral_count=0, nearest_x=1.33, clear_frames=1940
[INFO] [1784729542.988657810] [unitree_safe_cmd_node]: Move x=0.500, y=0.000, z=0.000, stop_count=0, roi_count=10, lateral_count=0, nearest_x=1.32, clear_frames=1945
[INFO] [1784729543.488719459] [unitree_safe_cmd_node]: Move x=0.500, y=0.000, z=0.000, stop_count=0, roi_count=6, lateral_count=0, nearest_x=1.33, clear_frames=1950
[INFO] [1784729544.038663776] [unitree_safe_cmd_node]: Move x=0.500, y=0.000, z=0.000, stop_count=0, roi_count=11, lateral_count=0, nearest_x=1.31, clear_frames=1956
[INFO] [1784729544.538732322] [unitree_safe_cmd_node]: Move x=0.500, y=0.000, z=0.000, stop_count=0, roi_count=6, lateral_count=0, nearest_x=1.34, clear_frames=1961
[INFO] [1784729545.040624532] [unitree_safe_cmd_node]: Move x=0.500, y=0.000, z=-0.056, stop_count=0, roi_count=2, lateral_count=0, nearest_x=1.35, clear_frames=1965
[INFO] [1784729545.588641947] [unitree_safe_cmd_node]: Move x=0.500, y=0.000, z=-0.005, stop_count=0, roi_count=12, lateral_count=0, nearest_x=1.38, clear_frames=1971
[INFO] [1784729546.138554058] [unitree_safe_cmd_node]: Move x=0.500, y=0.000, z=0.000, stop_count=0, roi_count=8, lateral_count=0, nearest_x=1.30, clear_frames=1977
[INFO] [1784729546.639346456] [unitree_safe_cmd_node]: Move x=0.500, y=0.000, z=-0.062, stop_count=0, roi_count=9, lateral_count=0, nearest_x=1.29, clear_frames=1982
[INFO] [1784729547.138690927] [unitree_safe_cmd_node]: Move x=0.500, y=0.000, z=0.000, stop_count=0, roi_count=5, lateral_count=0, nearest_x=1.37, clear_frames=1987
[INFO] [1784729547.688983163] [unitree_safe_cmd_node]: Move x=0.500, y=0.000, z=0.000, stop_count=0, roi_count=9, lateral_count=0, nearest_x=1.31, clear_frames=1992
[INFO] [1784729548.238633363] [unitree_safe_cmd_node]: Move x=0.500, y=0.000, z=0.000, stop_count=0, roi_count=11, lateral_count=0, nearest_x=1.32, clear_frames=1998
[INFO] [1784729548.738964840] [unitree_safe_cmd_node]: Move x=0.500, y=0.000, z=-0.059, stop_count=0, roi_count=6, lateral_count=0, nearest_x=1.38, clear_frames=2003
[INFO] [1784729549.292566006] [unitree_safe_cmd_node]: Move x=0.500, y=0.000, z=0.000, stop_count=0, roi_count=13, lateral_count=0, nearest_x=1.33, clear_frames=2009
[INFO] [1784729549.839088071] [unitree_safe_cmd_node]: Move x=0.500, y=0.000, z=0.000, stop_count=0, roi_count=13, lateral_count=0, nearest_x=1.32, clear_frames=2014
[INFO] [1784729550.393953190] [unitree_safe_cmd_node]: Move x=0.500, y=0.000, z=0.000, stop_count=0, roi_count=8, lateral_count=0, nearest_x=1.28, clear_frames=2020
[INFO] [1784729550.938696457] [unitree_safe_cmd_node]: Move x=0.500, y=0.000, z=0.000, stop_count=0, roi_count=4, lateral_count=0, nearest_x=1.49, clear_frames=2025
[INFO] [1784729551.439941229] [unitree_safe_cmd_node]: Move x=0.500, y=0.000, z=0.000, stop_count=0, roi_count=14, lateral_count=0, nearest_x=1.33, clear_frames=2030
[INFO] [1784729551.938825183] [unitree_safe_cmd_node]: Move x=0.500, y=0.000, z=0.000, stop_count=0, roi_count=6, lateral_count=0, nearest_x=1.41, clear_frames=2035
[INFO] [1784729552.438818909] [unitree_safe_cmd_node]: Move x=0.500, y=0.000, z=-0.062, stop_count=0, roi_count=12, lateral_count=0, nearest_x=1.32, clear_frames=2040
[INFO] [1784729552.940149810] [unitree_safe_cmd_node]: Move x=0.500, y=0.000, z=0.000, stop_count=0, roi_count=6, lateral_count=0, nearest_x=1.41, clear_frames=2045
[INFO] [1784729553.489430848] [unitree_safe_cmd_node]: Move x=0.500, y=0.000, z=0.000, stop_count=0, roi_count=3, lateral_count=0, nearest_x=1.31, clear_frames=2051
[INFO] [1784729553.990112504] [unitree_safe_cmd_node]: Move x=0.500, y=0.000, z=0.000, stop_count=0, roi_count=12, lateral_count=0, nearest_x=1.35, clear_frames=2055
[INFO] [1784729554.539623609] [unitree_safe_cmd_node]: Move x=0.500, y=0.000, z=0.000, stop_count=0, roi_count=14, lateral_count=0, nearest_x=1.29, clear_frames=2059
[INFO] [1784729555.089396575] [unitree_safe_cmd_node]: Move x=0.500, y=0.000, z=0.000, stop_count=0, roi_count=6, lateral_count=0, nearest_x=1.40, clear_frames=2063
[INFO] [1784729555.639075393] [unitree_safe_cmd_node]: Move x=0.500, y=0.000, z=0.000, stop_count=0, roi_count=9, lateral_count=0, nearest_x=1.33, clear_frames=2069
[INFO] [1784729556.188775966] [unitree_safe_cmd_node]: Move x=0.500, y=0.000, z=-0.005, stop_count=0, roi_count=18, lateral_count=0, nearest_x=1.29, clear_frames=2073
[INFO] [1784729556.692900214] [unitree_safe_cmd_node]: Move x=0.500, y=0.000, z=0.000, stop_count=0, roi_count=7, lateral_count=0, nearest_x=1.43, clear_frames=2077
[INFO] [1784729557.241516963] [unitree_safe_cmd_node]: Move x=0.500, y=0.000, z=0.000, stop_count=0, roi_count=6, lateral_count=0, nearest_x=1.39, clear_frames=2081
[INFO] [1784729557.788941070] [unitree_safe_cmd_node]: Move x=0.500, y=0.000, z=-0.050, stop_count=0, roi_count=18, lateral_count=0, nearest_x=1.26, clear_frames=2086
[INFO] [1784729558.288568730] [unitree_safe_cmd_node]: Move x=0.500, y=0.000, z=0.000, stop_count=0, roi_count=12, lateral_count=0, nearest_x=1.37, clear_frames=2090
[INFO] [1784729558.788694375] [unitree_safe_cmd_node]: Move x=0.500, y=0.000, z=0.000, stop_count=0, roi_count=10, lateral_count=0, nearest_x=1.28, clear_frames=2094
[INFO] [1784729559.289375665] [unitree_safe_cmd_node]: Move x=0.500, y=0.000, z=0.000, stop_count=0, roi_count=7, lateral_count=0, nearest_x=1.34, clear_frames=2097
[INFO] [1784729559.794507444] [unitree_safe_cmd_node]: Move x=0.500, y=0.000, z=0.000, stop_count=0, roi_count=6, lateral_count=0, nearest_x=1.40, clear_frames=2102
[INFO] [1784729560.297440048] [unitree_safe_cmd_node]: Move x=0.500, y=0.000, z=0.000, stop_count=0, roi_count=12, lateral_count=0, nearest_x=1.37, clear_frames=2107
[INFO] [1784729560.838678049] [unitree_safe_cmd_node]: Move x=0.500, y=0.000, z=0.000, stop_count=0, roi_count=6, lateral_count=0, nearest_x=1.27, clear_frames=2111
[INFO] [1784729561.340545990] [unitree_safe_cmd_node]: Move x=0.500, y=0.000, z=-0.053, stop_count=0, roi_count=9, lateral_count=0, nearest_x=1.33, clear_frames=2115
[INFO] [1784729561.889938636] [unitree_safe_cmd_node]: Move x=0.500, y=0.000, z=-0.052, stop_count=0, roi_count=11, lateral_count=0, nearest_x=1.34, clear_frames=2120
[INFO] [1784729562.389079598] [unitree_safe_cmd_node]: Move x=0.500, y=0.000, z=-0.058, stop_count=0, roi_count=13, lateral_count=0, nearest_x=1.26, clear_frames=2124
[INFO] [1784729562.944681854] [unitree_safe_cmd_node]: Move x=0.500, y=0.000, z=-0.063, stop_count=0, roi_count=13, lateral_count=0, nearest_x=1.31, clear_frames=2131
[INFO] [1784729563.489084307] [unitree_safe_cmd_node]: Move x=0.500, y=0.000, z=-0.060, stop_count=0, roi_count=6, lateral_count=0, nearest_x=1.41, clear_frames=2136
[INFO] [1784729564.038944284] [unitree_safe_cmd_node]: Move x=0.500, y=0.000, z=0.000, stop_count=0, roi_count=7, lateral_count=0, nearest_x=1.34, clear_frames=2142
[INFO] [1784729564.588999015] [unitree_safe_cmd_node]: Move x=0.500, y=0.000, z=0.000, stop_count=0, roi_count=5, lateral_count=0, nearest_x=1.39, clear_frames=2148
[INFO] [1784729565.138852552] [unitree_safe_cmd_node]: Move x=0.500, y=0.000, z=0.000, stop_count=0, roi_count=9, lateral_count=0, nearest_x=1.46, clear_frames=2154
[INFO] [1784729565.689583768] [unitree_safe_cmd_node]: Move x=0.500, y=0.000, z=0.000, stop_count=0, roi_count=11, lateral_count=0, nearest_x=1.33, clear_frames=2160
[INFO] [1784729566.238733553] [unitree_safe_cmd_node]: Move x=0.500, y=0.000, z=0.000, stop_count=0, roi_count=10, lateral_count=0, nearest_x=1.35, clear_frames=2166
[INFO] [1784729566.739078476] [unitree_safe_cmd_node]: Move x=0.500, y=0.000, z=0.000, stop_count=0, roi_count=5, lateral_count=0, nearest_x=1.46, clear_frames=2171
[INFO] [1784729567.289881203] [unitree_safe_cmd_node]: Move x=0.500, y=0.000, z=0.000, stop_count=0, roi_count=8, lateral_count=0, nearest_x=1.29, clear_frames=2177
[INFO] [1784729567.839470575] [unitree_safe_cmd_node]: Move x=0.500, y=0.000, z=0.000, stop_count=0, roi_count=8, lateral_count=0, nearest_x=1.35, clear_frames=2183
[INFO] [1784729568.388727530] [unitree_safe_cmd_node]: Move x=0.500, y=0.000, z=0.000, stop_count=0, roi_count=6, lateral_count=0, nearest_x=1.40, clear_frames=2189
[INFO] [1784729568.938705151] [unitree_safe_cmd_node]: Move x=0.500, y=0.000, z=0.000, stop_count=0, roi_count=9, lateral_count=0, nearest_x=1.31, clear_frames=2195
[INFO] [1784729569.489260118] [unitree_safe_cmd_node]: Move x=0.500, y=0.000, z=0.000, stop_count=0, roi_count=6, lateral_count=0, nearest_x=1.38, clear_frames=2200
[INFO] [1784729569.988966956] [unitree_safe_cmd_node]: Move x=0.500, y=0.000, z=0.000, stop_count=0, roi_count=6, lateral_count=0, nearest_x=1.36, clear_frames=2205
[INFO] [1784729570.538591728] [unitree_safe_cmd_node]: Move x=0.500, y=0.000, z=0.000, stop_count=0, roi_count=5, lateral_count=0, nearest_x=1.44, clear_frames=2211
[INFO] [1784729571.039306685] [unitree_safe_cmd_node]: Move x=0.500, y=0.000, z=-0.002, stop_count=0, roi_count=8, lateral_count=0, nearest_x=1.34, clear_frames=2216
[INFO] [1784729571.543587594] [unitree_safe_cmd_node]: Move x=0.500, y=0.000, z=-0.065, stop_count=0, roi_count=12, lateral_count=0, nearest_x=1.32, clear_frames=2222
[INFO] [1784729572.089337404] [unitree_safe_cmd_node]: Move x=0.500, y=0.000, z=-0.075, stop_count=0, roi_count=0, lateral_count=0, nearest_x=inf, clear_frames=2227
[INFO] [1784729572.588923667] [unitree_safe_cmd_node]: Move x=0.500, y=0.000, z=-0.077, stop_count=0, roi_count=6, lateral_count=0, nearest_x=1.42, clear_frames=2232
[INFO] [1784729573.138591623] [unitree_safe_cmd_node]: Move x=0.500, y=0.000, z=-0.068, stop_count=0, roi_count=13, lateral_count=0, nearest_x=1.32, clear_frames=2238
[INFO] [1784729573.638934957] [unitree_safe_cmd_node]: Move x=0.500, y=0.000, z=-0.058, stop_count=0, roi_count=12, lateral_count=0, nearest_x=1.37, clear_frames=2243
[INFO] [1784729574.139641105] [unitree_safe_cmd_node]: Move x=0.500, y=0.000, z=0.000, stop_count=0, roi_count=11, lateral_count=0, nearest_x=1.37, clear_frames=2248
[INFO] [1784729574.689766613] [unitree_safe_cmd_node]: Move x=0.500, y=0.000, z=0.000, stop_count=0, roi_count=6, lateral_count=0, nearest_x=1.35, clear_frames=2254
[INFO] [1784729575.241556639] [unitree_safe_cmd_node]: Move x=0.500, y=0.000, z=0.000, stop_count=0, roi_count=12, lateral_count=0, nearest_x=1.29, clear_frames=2260
[INFO] [1784729575.738567733] [unitree_safe_cmd_node]: Move x=0.500, y=0.000, z=0.000, stop_count=0, roi_count=12, lateral_count=0, nearest_x=1.40, clear_frames=2265
[INFO] [1784729576.238636017] [unitree_safe_cmd_node]: Move x=0.500, y=0.000, z=0.000, stop_count=0, roi_count=12, lateral_count=0, nearest_x=1.28, clear_frames=2270
[INFO] [1784729576.738675194] [unitree_safe_cmd_node]: Move x=0.500, y=0.000, z=0.000, stop_count=0, roi_count=11, lateral_count=0, nearest_x=1.31, clear_frames=2275
[INFO] [1784729577.239128173] [unitree_safe_cmd_node]: Move x=0.500, y=0.000, z=0.000, stop_count=0, roi_count=3, lateral_count=0, nearest_x=1.47, clear_frames=2280
[INFO] [1784729577.739390662] [unitree_safe_cmd_node]: Move x=0.500, y=0.000, z=0.000, stop_count=0, roi_count=18, lateral_count=0, nearest_x=1.28, clear_frames=2285
[INFO] [1784729578.288617445] [unitree_safe_cmd_node]: Move x=0.500, y=0.000, z=0.000, stop_count=0, roi_count=13, lateral_count=0, nearest_x=1.32, clear_frames=2291
[INFO] [1784729578.788812014] [unitree_safe_cmd_node]: Move x=0.500, y=0.000, z=0.000, stop_count=0, roi_count=12, lateral_count=0, nearest_x=1.31, clear_frames=2296
[INFO] [1784729579.288907229] [unitree_safe_cmd_node]: Move x=0.500, y=0.000, z=0.000, stop_count=0, roi_count=12, lateral_count=0, nearest_x=1.38, clear_frames=2301
[INFO] [1784729579.838597618] [unitree_safe_cmd_node]: Move x=0.500, y=0.000, z=0.000, stop_count=0, roi_count=6, lateral_count=0, nearest_x=1.38, clear_frames=2307
[INFO] [1784729580.339426901] [unitree_safe_cmd_node]: Move x=0.500, y=0.000, z=0.000, stop_count=0, roi_count=9, lateral_count=0, nearest_x=1.35, clear_frames=2311
[INFO] [1784729580.888600781] [unitree_safe_cmd_node]: Move x=0.500, y=0.000, z=0.000, stop_count=0, roi_count=5, lateral_count=0, nearest_x=1.40, clear_frames=2317
[INFO] [1784729581.388985053] [unitree_safe_cmd_node]: Move x=0.500, y=0.000, z=0.000, stop_count=0, roi_count=14, lateral_count=0, nearest_x=1.31, clear_frames=2322
[INFO] [1784729581.938557518] [unitree_safe_cmd_node]: Move x=0.500, y=0.000, z=0.000, stop_count=0, roi_count=6, lateral_count=0, nearest_x=1.41, clear_frames=2328
[INFO] [1784729582.440950840] [unitree_safe_cmd_node]: Move x=0.500, y=0.000, z=-0.062, stop_count=0, roi_count=4, lateral_count=0, nearest_x=1.47, clear_frames=2334
[INFO] [1784729582.988879326] [unitree_safe_cmd_node]: Move x=0.500, y=0.000, z=-0.070, stop_count=0, roi_count=7, lateral_count=0, nearest_x=1.32, clear_frames=2339
[INFO] [1784729583.539254995] [unitree_safe_cmd_node]: Move x=0.500, y=0.000, z=-0.069, stop_count=0, roi_count=4, lateral_count=0, nearest_x=1.48, clear_frames=2345
[INFO] [1784729584.089090487] [unitree_safe_cmd_node]: Move x=0.500, y=0.000, z=0.000, stop_count=0, roi_count=11, lateral_count=0, nearest_x=1.34, clear_frames=2351
[INFO] [1784729584.639409520] [unitree_safe_cmd_node]: Move x=0.500, y=0.000, z=0.000, stop_count=0, roi_count=6, lateral_count=0, nearest_x=1.33, clear_frames=2357
[INFO] [1784729585.188671702] [unitree_safe_cmd_node]: Move x=0.500, y=0.000, z=0.000, stop_count=0, roi_count=12, lateral_count=0, nearest_x=1.35, clear_frames=2363
[INFO] [1784729585.695847119] [unitree_safe_cmd_node]: Move x=0.500, y=0.000, z=0.000, stop_count=0, roi_count=14, lateral_count=0, nearest_x=1.32, clear_frames=2369
[INFO] [1784729586.239087357] [unitree_safe_cmd_node]: Move x=0.500, y=0.000, z=-0.048, stop_count=0, roi_count=11, lateral_count=0, nearest_x=1.30, clear_frames=2374
[INFO] [1784729586.788942909] [unitree_safe_cmd_node]: Move x=0.500, y=0.000, z=-0.056, stop_count=0, roi_count=13, lateral_count=0, nearest_x=1.34, clear_frames=2380
[INFO] [1784729587.339072358] [unitree_safe_cmd_node]: Move x=0.500, y=0.000, z=-0.008, stop_count=0, roi_count=6, lateral_count=0, nearest_x=1.42, clear_frames=2386
[INFO] [1784729587.888779708] [unitree_safe_cmd_node]: Move x=0.500, y=0.000, z=0.000, stop_count=0, roi_count=12, lateral_count=0, nearest_x=1.37, clear_frames=2392
[INFO] [1784729588.438637545] [unitree_safe_cmd_node]: Move x=0.500, y=0.000, z=0.000, stop_count=0, roi_count=6, lateral_count=0, nearest_x=1.38, clear_frames=2398
[INFO] [1784729588.942752709] [unitree_safe_cmd_node]: Move x=0.500, y=0.000, z=0.000, stop_count=0, roi_count=13, lateral_count=0, nearest_x=1.18, clear_frames=2404
[INFO] [1784729589.489056962] [unitree_safe_cmd_node]: Move x=0.500, y=0.000, z=0.000, stop_count=0, roi_count=17, lateral_count=0, nearest_x=1.01, clear_frames=2409
[INFO] [1784729590.039089623] [unitree_safe_cmd_node]: Move x=0.500, y=0.000, z=0.000, stop_count=1, roi_count=9, lateral_count=0, nearest_x=0.80, clear_frames=2415
[INFO] [1784729590.589596082] [unitree_safe_cmd_node]: Move x=0.500, y=0.000, z=0.000, stop_count=0, roi_count=6, lateral_count=0, nearest_x=1.33, clear_frames=2421
[INFO] [1784729591.138935286] [unitree_safe_cmd_node]: Move x=0.500, y=0.000, z=0.000, stop_count=0, roi_count=6, lateral_count=0, nearest_x=1.45, clear_frames=2427
[INFO] [1784729591.641617846] [unitree_safe_cmd_node]: Move x=0.500, y=0.000, z=0.000, stop_count=0, roi_count=6, lateral_count=0, nearest_x=1.36, clear_frames=2433
[INFO] [1784729592.191838488] [unitree_safe_cmd_node]: Move x=0.500, y=0.000, z=0.000, stop_count=0, roi_count=14, lateral_count=0, nearest_x=1.31, clear_frames=2439
[INFO] [1784729592.739093283] [unitree_safe_cmd_node]: Move x=0.500, y=0.000, z=0.000, stop_count=0, roi_count=6, lateral_count=0, nearest_x=1.40, clear_frames=2444
[INFO] [1784729593.239843076] [unitree_safe_cmd_node]: Move x=0.500, y=0.000, z=0.000, stop_count=0, roi_count=5, lateral_count=0, nearest_x=1.47, clear_frames=2449
[INFO] [1784729593.788593066] [unitree_safe_cmd_node]: Move x=0.500, y=0.000, z=0.000, stop_count=0, roi_count=18, lateral_count=0, nearest_x=1.32, clear_frames=2455
[INFO] [1784729594.289347916] [unitree_safe_cmd_node]: Move x=0.500, y=0.000, z=0.000, stop_count=0, roi_count=5, lateral_count=0, nearest_x=1.41, clear_frames=2460
[INFO] [1784729594.790559379] [unitree_safe_cmd_node]: Move x=0.500, y=0.000, z=0.000, stop_count=0, roi_count=13, lateral_count=0, nearest_x=1.37, clear_frames=2465
[INFO] [1784729595.338633381] [unitree_safe_cmd_node]: Move x=0.500, y=0.000, z=0.000, stop_count=0, roi_count=6, lateral_count=0, nearest_x=1.46, clear_frames=2471
[INFO] [1784729595.838595408] [unitree_safe_cmd_node]: Move x=0.500, y=0.000, z=0.000, stop_count=0, roi_count=6, lateral_count=0, nearest_x=1.35, clear_frames=2476
[INFO] [1784729596.338635463] [unitree_safe_cmd_node]: Move x=0.500, y=0.000, z=-0.004, stop_count=0, roi_count=10, lateral_count=0, nearest_x=1.39, clear_frames=2481
[INFO] [1784729596.839371948] [unitree_safe_cmd_node]: Move x=0.500, y=0.000, z=0.000, stop_count=0, roi_count=9, lateral_count=0, nearest_x=1.28, clear_frames=2486
[INFO] [1784729597.388856555] [unitree_safe_cmd_node]: Move x=0.500, y=0.000, z=0.000, stop_count=0, roi_count=12, lateral_count=0, nearest_x=1.37, clear_frames=2491
[INFO] [1784729597.889018714] [unitree_safe_cmd_node]: Move x=0.500, y=0.000, z=0.000, stop_count=0, roi_count=10, lateral_count=0, nearest_x=1.31, clear_frames=2496
[INFO] [1784729598.438681734] [unitree_safe_cmd_node]: Move x=0.500, y=0.000, z=0.000, stop_count=0, roi_count=9, lateral_count=0, nearest_x=1.38, clear_frames=2502
[INFO] [1784729598.988729726] [unitree_safe_cmd_node]: Move x=0.500, y=0.000, z=0.000, stop_count=0, roi_count=5, lateral_count=0, nearest_x=1.39, clear_frames=2508
[INFO] [1784729599.538583472] [unitree_safe_cmd_node]: Move x=0.500, y=0.000, z=0.000, stop_count=0, roi_count=5, lateral_count=0, nearest_x=1.47, clear_frames=2513
[INFO] [1784729600.088681386] [unitree_safe_cmd_node]: Move x=0.500, y=0.000, z=-0.056, stop_count=0, roi_count=7, lateral_count=0, nearest_x=1.31, clear_frames=2519
[INFO] [1784729600.638712756] [unitree_safe_cmd_node]: Move x=0.500, y=0.000, z=0.000, stop_count=0, roi_count=13, lateral_count=0, nearest_x=1.31, clear_frames=2524
[INFO] [1784729601.138602049] [unitree_safe_cmd_node]: Move x=0.500, y=0.000, z=0.000, stop_count=0, roi_count=9, lateral_count=0, nearest_x=1.30, clear_frames=2529
[INFO] [1784729601.638887713] [unitree_safe_cmd_node]: Move x=0.500, y=0.000, z=-0.004, stop_count=0, roi_count=5, lateral_count=0, nearest_x=1.45, clear_frames=2534
[INFO] [1784729602.139043241] [unitree_safe_cmd_node]: Move x=0.500, y=0.000, z=0.000, stop_count=0, roi_count=12, lateral_count=0, nearest_x=1.36, clear_frames=2539
[INFO] [1784729602.638976205] [unitree_safe_cmd_node]: Move x=0.500, y=0.000, z=-0.055, stop_count=0, roi_count=13, lateral_count=0, nearest_x=1.34, clear_frames=2544
[INFO] [1784729603.188532830] [unitree_safe_cmd_node]: Move x=0.500, y=0.000, z=-0.059, stop_count=0, roi_count=18, lateral_count=0, nearest_x=1.27, clear_frames=2550
[INFO] [1784729603.689525117] [unitree_safe_cmd_node]: Move x=0.500, y=0.000, z=-0.058, stop_count=0, roi_count=5, lateral_count=0, nearest_x=1.42, clear_frames=2555
[INFO] [1784729604.238933138] [unitree_safe_cmd_node]: Move x=0.500, y=0.000, z=0.000, stop_count=0, roi_count=12, lateral_count=0, nearest_x=1.36, clear_frames=2560
[INFO] [1784729604.739851598] [unitree_safe_cmd_node]: Move x=0.500, y=0.000, z=-0.056, stop_count=0, roi_count=17, lateral_count=0, nearest_x=1.32, clear_frames=2564
[INFO] [1784729605.243508448] [unitree_safe_cmd_node]: Move x=0.500, y=0.000, z=-0.054, stop_count=0, roi_count=6, lateral_count=0, nearest_x=1.34, clear_frames=2570
[INFO] [1784729605.788684443] [unitree_safe_cmd_node]: Move x=0.500, y=0.000, z=0.000, stop_count=0, roi_count=5, lateral_count=0, nearest_x=1.36, clear_frames=2575
[INFO] [1784729606.288576062] [unitree_safe_cmd_node]: Move x=0.500, y=0.000, z=-0.003, stop_count=0, roi_count=19, lateral_count=0, nearest_x=1.29, clear_frames=2580
[INFO] [1784729606.788556737] [unitree_safe_cmd_node]: Move x=0.500, y=0.000, z=-0.005, stop_count=0, roi_count=0, lateral_count=0, nearest_x=inf, clear_frames=2585
[INFO] [1784729607.288918459] [unitree_safe_cmd_node]: Move x=0.500, y=0.000, z=0.000, stop_count=0, roi_count=12, lateral_count=0, nearest_x=1.31, clear_frames=2590
[INFO] [1784729607.788663454] [unitree_safe_cmd_node]: Move x=0.500, y=0.000, z=0.000, stop_count=0, roi_count=11, lateral_count=0, nearest_x=1.41, clear_frames=2595
[INFO] [1784729608.338721967] [unitree_safe_cmd_node]: Move x=0.500, y=0.000, z=-0.055, stop_count=0, roi_count=6, lateral_count=0, nearest_x=1.36, clear_frames=2601
[INFO] [1784729608.838663826] [unitree_safe_cmd_node]: Move x=0.500, y=0.000, z=0.000, stop_count=0, roi_count=4, lateral_count=0, nearest_x=1.41, clear_frames=2606
[INFO] [1784729609.339352521] [unitree_safe_cmd_node]: Move x=0.500, y=0.000, z=0.000, stop_count=0, roi_count=13, lateral_count=0, nearest_x=1.33, clear_frames=2611
[INFO] [1784729609.888780288] [unitree_safe_cmd_node]: Move x=0.500, y=0.000, z=-0.050, stop_count=0, roi_count=11, lateral_count=0, nearest_x=1.37, clear_frames=2616
[INFO] [1784729610.389460532] [unitree_safe_cmd_node]: Move x=0.500, y=0.000, z=0.000, stop_count=0, roi_count=6, lateral_count=0, nearest_x=1.38, clear_frames=2621
[INFO] [1784729610.938725256] [unitree_safe_cmd_node]: Move x=0.500, y=0.000, z=0.000, stop_count=0, roi_count=6, lateral_count=0, nearest_x=1.36, clear_frames=2627
[INFO] [1784729611.438652234] [unitree_safe_cmd_node]: Move x=0.500, y=0.000, z=-0.058, stop_count=0, roi_count=13, lateral_count=0, nearest_x=1.31, clear_frames=2632
[INFO] [1784729611.938617243] [unitree_safe_cmd_node]: Move x=0.500, y=0.000, z=0.000, stop_count=0, roi_count=0, lateral_count=0, nearest_x=inf, clear_frames=2637
[INFO] [1784729612.489994631] [unitree_safe_cmd_node]: Move x=0.500, y=0.000, z=0.000, stop_count=0, roi_count=12, lateral_count=0, nearest_x=1.35, clear_frames=2642
[INFO] [1784729613.038598084] [unitree_safe_cmd_node]: Move x=0.500, y=0.000, z=0.000, stop_count=0, roi_count=5, lateral_count=0, nearest_x=1.33, clear_frames=2648
[INFO] [1784729613.590636437] [unitree_safe_cmd_node]: Move x=0.500, y=0.000, z=0.000, stop_count=0, roi_count=6, lateral_count=0, nearest_x=1.34, clear_frames=2654
[INFO] [1784729614.138671201] [unitree_safe_cmd_node]: Move x=0.500, y=0.000, z=0.000, stop_count=0, roi_count=5, lateral_count=0, nearest_x=1.35, clear_frames=2659
[INFO] [1784729614.638720659] [unitree_safe_cmd_node]: Move x=0.500, y=0.000, z=0.000, stop_count=0, roi_count=6, lateral_count=0, nearest_x=1.40, clear_frames=2664
[INFO] [1784729615.188754781] [unitree_safe_cmd_node]: Move x=0.500, y=0.000, z=-0.067, stop_count=0, roi_count=7, lateral_count=0, nearest_x=1.28, clear_frames=2670
[INFO] [1784729615.689450633] [unitree_safe_cmd_node]: Move x=0.500, y=0.000, z=-0.054, stop_count=0, roi_count=6, lateral_count=0, nearest_x=1.40, clear_frames=2675
[INFO] [1784729616.239882645] [unitree_safe_cmd_node]: Move x=0.500, y=0.000, z=-0.050, stop_count=0, roi_count=8, lateral_count=0, nearest_x=1.27, clear_frames=2680
[INFO] [1784729616.788534410] [unitree_safe_cmd_node]: Move x=0.500, y=0.000, z=0.000, stop_count=0, roi_count=12, lateral_count=0, nearest_x=1.36, clear_frames=2686
[INFO] [1784729617.288578112] [unitree_safe_cmd_node]: Move x=0.500, y=0.000, z=0.000, stop_count=0, roi_count=6, lateral_count=0, nearest_x=1.41, clear_frames=2690
[INFO] [1784729617.788811060] [unitree_safe_cmd_node]: Move x=0.500, y=0.000, z=0.000, stop_count=0, roi_count=5, lateral_count=0, nearest_x=1.44, clear_frames=2695
[INFO] [1784729618.339942068] [unitree_safe_cmd_node]: Move x=0.500, y=0.000, z=-0.011, stop_count=0, roi_count=14, lateral_count=0, nearest_x=1.28, clear_frames=2700
[INFO] [1784729618.839329612] [unitree_safe_cmd_node]: Move x=0.500, y=0.000, z=0.000, stop_count=0, roi_count=13, lateral_count=0, nearest_x=1.30, clear_frames=2705
[INFO] [1784729619.388647359] [unitree_safe_cmd_node]: Move x=0.500, y=0.000, z=0.000, stop_count=0, roi_count=12, lateral_count=0, nearest_x=1.42, clear_frames=2711
[INFO] [1784729619.938498493] [unitree_safe_cmd_node]: Move x=0.500, y=0.000, z=0.000, stop_count=0, roi_count=5, lateral_count=0, nearest_x=1.44, clear_frames=2717
[INFO] [1784729620.438661403] [unitree_safe_cmd_node]: Move x=0.500, y=0.000, z=-0.056, stop_count=0, roi_count=12, lateral_count=0, nearest_x=1.33, clear_frames=2722
[INFO] [1784729620.938615433] [unitree_safe_cmd_node]: Move x=0.500, y=0.000, z=0.000, stop_count=0, roi_count=8, lateral_count=0, nearest_x=1.46, clear_frames=2727
[INFO] [1784729621.489020610] [unitree_safe_cmd_node]: Move x=0.500, y=0.000, z=0.000, stop_count=0, roi_count=12, lateral_count=0, nearest_x=1.35, clear_frames=2732
[INFO] [1784729622.038642097] [unitree_safe_cmd_node]: Move x=0.500, y=0.000, z=0.000, stop_count=0, roi_count=10, lateral_count=0, nearest_x=1.38, clear_frames=2738
[INFO] [1784729622.591406526] [unitree_safe_cmd_node]: Move x=0.500, y=0.000, z=0.000, stop_count=0, roi_count=12, lateral_count=0, nearest_x=1.38, clear_frames=2744
[INFO] [1784729623.091741220] [unitree_safe_cmd_node]: Move x=0.500, y=0.000, z=0.000, stop_count=0, roi_count=11, lateral_count=0, nearest_x=1.31, clear_frames=2749
[INFO] [1784729623.638734277] [unitree_safe_cmd_node]: Move x=0.500, y=0.000, z=0.000, stop_count=0, roi_count=6, lateral_count=0, nearest_x=1.39, clear_frames=2754
[INFO] [1784729624.188608108] [unitree_safe_cmd_node]: Move x=0.500, y=0.000, z=0.000, stop_count=0, roi_count=9, lateral_count=0, nearest_x=1.36, clear_frames=2760
[INFO] [1784729624.689836879] [unitree_safe_cmd_node]: Move x=0.500, y=0.000, z=0.000, stop_count=0, roi_count=6, lateral_count=0, nearest_x=1.34, clear_frames=2764
[INFO] [1784729625.239377460] [unitree_safe_cmd_node]: Move x=0.500, y=0.000, z=0.000, stop_count=0, roi_count=14, lateral_count=0, nearest_x=1.34, clear_frames=2769
[INFO] [1784729625.788618634] [unitree_safe_cmd_node]: Move x=0.500, y=0.000, z=0.000, stop_count=0, roi_count=14, lateral_count=0, nearest_x=1.30, clear_frames=2775
[INFO] [1784729626.341290246] [unitree_safe_cmd_node]: Move x=0.500, y=0.000, z=0.000, stop_count=0, roi_count=7, lateral_count=0, nearest_x=1.31, clear_frames=2780
[INFO] [1784729626.888878419] [unitree_safe_cmd_node]: Move x=0.500, y=0.000, z=0.000, stop_count=0, roi_count=6, lateral_count=0, nearest_x=1.33, clear_frames=2785
[INFO] [1784729627.439783621] [unitree_safe_cmd_node]: Move x=0.500, y=0.000, z=0.000, stop_count=0, roi_count=6, lateral_count=0, nearest_x=1.48, clear_frames=2789
[INFO] [1784729627.990448278] [unitree_safe_cmd_node]: Move x=0.500, y=0.000, z=0.000, stop_count=0, roi_count=1, lateral_count=0, nearest_x=1.28, clear_frames=2794
[INFO] [1784729628.539885595] [unitree_safe_cmd_node]: Move x=0.500, y=0.000, z=0.000, stop_count=0, roi_count=7, lateral_count=0, nearest_x=1.48, clear_frames=2799
[INFO] [1784729629.088889920] [unitree_safe_cmd_node]: Move x=0.500, y=0.000, z=0.000, stop_count=0, roi_count=8, lateral_count=0, nearest_x=1.28, clear_frames=2804
[INFO] [1784729629.588974690] [unitree_safe_cmd_node]: Move x=0.500, y=0.000, z=-0.062, stop_count=0, roi_count=13, lateral_count=0, nearest_x=1.27, clear_frames=2808
[INFO] [1784729630.139773663] [unitree_safe_cmd_node]: Move x=0.500, y=0.000, z=-0.055, stop_count=0, roi_count=10, lateral_count=0, nearest_x=1.39, clear_frames=2813
[INFO] [1784729630.689658625] [unitree_safe_cmd_node]: Move x=0.500, y=0.000, z=0.000, stop_count=0, roi_count=9, lateral_count=0, nearest_x=1.46, clear_frames=2817
[INFO] [1784729631.239253202] [unitree_safe_cmd_node]: Move x=0.500, y=0.000, z=-0.057, stop_count=0, roi_count=11, lateral_count=0, nearest_x=1.27, clear_frames=2823
[INFO] [1784729631.738650031] [unitree_safe_cmd_node]: Move x=0.500, y=0.000, z=-0.011, stop_count=0, roi_count=10, lateral_count=0, nearest_x=1.35, clear_frames=2827
[INFO] [1784729632.288808583] [unitree_safe_cmd_node]: Move x=0.500, y=0.000, z=0.000, stop_count=0, roi_count=7, lateral_count=0, nearest_x=1.28, clear_frames=2831
[INFO] [1784729632.795326495] [unitree_safe_cmd_node]: Move x=0.500, y=0.000, z=0.000, stop_count=0, roi_count=10, lateral_count=0, nearest_x=1.28, clear_frames=2835
[INFO] [1784729633.339521372] [unitree_safe_cmd_node]: Move x=0.500, y=0.000, z=0.000, stop_count=0, roi_count=13, lateral_count=0, nearest_x=1.30, clear_frames=2839
[INFO] [1784729633.839508284] [unitree_safe_cmd_node]: Move x=0.500, y=0.000, z=0.000, stop_count=0, roi_count=13, lateral_count=0, nearest_x=1.33, clear_frames=2843
[INFO] [1784729634.389253578] [unitree_safe_cmd_node]: Move x=0.500, y=0.000, z=0.000, stop_count=0, roi_count=10, lateral_count=0, nearest_x=1.32, clear_frames=2848
[INFO] [1784729634.889374673] [unitree_safe_cmd_node]: Move x=0.500, y=0.000, z=0.000, stop_count=0, roi_count=11, lateral_count=0, nearest_x=1.44, clear_frames=2852
[INFO] [1784729635.438566103] [unitree_safe_cmd_node]: Move x=0.500, y=0.000, z=-0.062, stop_count=0, roi_count=0, lateral_count=0, nearest_x=inf, clear_frames=2857
[INFO] [1784729635.938560871] [unitree_safe_cmd_node]: Move x=0.500, y=0.000, z=-0.056, stop_count=0, roi_count=6, lateral_count=0, nearest_x=1.38, clear_frames=2862
[INFO] [1784729636.438580020] [unitree_safe_cmd_node]: Move x=0.500, y=0.000, z=-0.069, stop_count=0, roi_count=8, lateral_count=0, nearest_x=1.42, clear_frames=2867
[INFO] [1784729636.938623933] [unitree_safe_cmd_node]: Move x=0.500, y=0.000, z=-0.073, stop_count=0, roi_count=6, lateral_count=0, nearest_x=1.36, clear_frames=2872
[INFO] [1784729637.438836710] [unitree_safe_cmd_node]: Move x=0.500, y=0.000, z=-0.083, stop_count=0, roi_count=6, lateral_count=0, nearest_x=1.43, clear_frames=2877
[INFO] [1784729637.988668045] [unitree_safe_cmd_node]: Move x=0.500, y=0.000, z=-0.103, stop_count=0, roi_count=8, lateral_count=0, nearest_x=1.26, clear_frames=2883
[INFO] [1784729638.488808599] [unitree_safe_cmd_node]: Move x=0.500, y=0.000, z=-0.073, stop_count=0, roi_count=12, lateral_count=0, nearest_x=1.37, clear_frames=2888
[INFO] [1784729639.038637067] [unitree_safe_cmd_node]: Move x=0.500, y=0.000, z=-0.011, stop_count=0, roi_count=8, lateral_count=0, nearest_x=1.28, clear_frames=2894
[INFO] [1784729639.539481332] [unitree_safe_cmd_node]: Move x=0.500, y=0.000, z=0.000, stop_count=0, roi_count=6, lateral_count=0, nearest_x=1.42, clear_frames=2900
[INFO] [1784729640.088951743] [unitree_safe_cmd_node]: Move x=0.500, y=0.000, z=0.000, stop_count=0, roi_count=12, lateral_count=0, nearest_x=1.26, clear_frames=2905
[INFO] [1784729640.639462568] [unitree_safe_cmd_node]: Move x=0.500, y=0.000, z=0.000, stop_count=0, roi_count=12, lateral_count=0, nearest_x=1.39, clear_frames=2911
[INFO] [1784729641.189759533] [unitree_safe_cmd_node]: Move x=0.500, y=0.000, z=0.000, stop_count=0, roi_count=6, lateral_count=0, nearest_x=1.39, clear_frames=2917
[INFO] [1784729641.689623249] [unitree_safe_cmd_node]: Move x=0.500, y=0.000, z=0.000, stop_count=0, roi_count=12, lateral_count=0, nearest_x=1.33, clear_frames=2923
[INFO] [1784729642.238710389] [unitree_safe_cmd_node]: Move x=0.500, y=0.000, z=0.000, stop_count=0, roi_count=6, lateral_count=0, nearest_x=1.38, clear_frames=2929
[INFO] [1784729642.738650886] [unitree_safe_cmd_node]: Move x=0.500, y=0.000, z=0.000, stop_count=0, roi_count=6, lateral_count=0, nearest_x=1.37, clear_frames=2934
[INFO] [1784729643.239161745] [unitree_safe_cmd_node]: Move x=0.500, y=0.000, z=0.059, stop_count=0, roi_count=4, lateral_count=0, nearest_x=1.48, clear_frames=2939
[INFO] [1784729643.789129996] [unitree_safe_cmd_node]: Move x=0.500, y=0.000, z=0.070, stop_count=0, roi_count=11, lateral_count=0, nearest_x=1.31, clear_frames=2945
[INFO] [1784729644.340112132] [unitree_safe_cmd_node]: Move x=0.500, y=0.000, z=0.060, stop_count=0, roi_count=14, lateral_count=0, nearest_x=1.29, clear_frames=2951
[INFO] [1784729644.888730141] [unitree_safe_cmd_node]: Move x=0.500, y=0.000, z=0.000, stop_count=0, roi_count=10, lateral_count=0, nearest_x=1.29, clear_frames=2957
[INFO] [1784729645.438585929] [unitree_safe_cmd_node]: Move x=0.500, y=0.000, z=0.000, stop_count=0, roi_count=5, lateral_count=0, nearest_x=1.46, clear_frames=2963
[INFO] [1784729645.988516235] [unitree_safe_cmd_node]: Move x=0.500, y=0.000, z=0.000, stop_count=0, roi_count=12, lateral_count=0, nearest_x=1.28, clear_frames=2969
[INFO] [1784729646.538679512] [unitree_safe_cmd_node]: Move x=0.500, y=0.000, z=0.000, stop_count=0, roi_count=6, lateral_count=0, nearest_x=1.33, clear_frames=2975
[INFO] [1784729647.041759227] [unitree_safe_cmd_node]: Move x=0.500, y=0.000, z=0.000, stop_count=0, roi_count=18, lateral_count=0, nearest_x=1.29, clear_frames=2981
[INFO] [1784729647.588935764] [unitree_safe_cmd_node]: Move x=0.500, y=0.000, z=0.000, stop_count=0, roi_count=10, lateral_count=0, nearest_x=1.34, clear_frames=2986
[INFO] [1784729648.138922720] [unitree_safe_cmd_node]: Move x=0.500, y=0.000, z=0.000, stop_count=0, roi_count=8, lateral_count=0, nearest_x=1.36, clear_frames=2992
[INFO] [1784729648.689187499] [unitree_safe_cmd_node]: Move x=0.500, y=0.000, z=0.000, stop_count=0, roi_count=8, lateral_count=0, nearest_x=1.48, clear_frames=2998
[INFO] [1784729649.238752123] [unitree_safe_cmd_node]: Move x=0.500, y=0.000, z=0.000, stop_count=0, roi_count=18, lateral_count=0, nearest_x=1.28, clear_frames=3004
[INFO] [1784729649.745188289] [unitree_safe_cmd_node]: Move x=0.500, y=0.000, z=0.000, stop_count=0, roi_count=0, lateral_count=0, nearest_x=inf, clear_frames=3009
[INFO] [1784729650.288973635] [unitree_safe_cmd_node]: Move x=0.500, y=0.000, z=0.000, stop_count=0, roi_count=6, lateral_count=0, nearest_x=1.39, clear_frames=3014
[INFO] [1784729650.839732165] [unitree_safe_cmd_node]: Move x=0.500, y=0.000, z=0.000, stop_count=0, roi_count=11, lateral_count=0, nearest_x=1.41, clear_frames=3020
[INFO] [1784729651.388938618] [unitree_safe_cmd_node]: Move x=0.500, y=0.000, z=0.000, stop_count=0, roi_count=11, lateral_count=0, nearest_x=1.39, clear_frames=3026
[INFO] [1784729651.939022648] [unitree_safe_cmd_node]: Move x=0.500, y=0.000, z=0.000, stop_count=0, roi_count=12, lateral_count=0, nearest_x=1.43, clear_frames=3032
[INFO] [1784729652.488668773] [unitree_safe_cmd_node]: Move x=0.500, y=0.000, z=-0.055, stop_count=0, roi_count=10, lateral_count=0, nearest_x=1.34, clear_frames=3038
[INFO] [1784729652.988837329] [unitree_safe_cmd_node]: Move x=0.500, y=0.000, z=-0.057, stop_count=0, roi_count=13, lateral_count=0, nearest_x=1.33, clear_frames=3044
[INFO] [1784729653.538721523] [unitree_safe_cmd_node]: Move x=0.500, y=0.000, z=0.000, stop_count=0, roi_count=6, lateral_count=0, nearest_x=1.37, clear_frames=3050
[INFO] [1784729654.090663730] [unitree_safe_cmd_node]: Move x=0.500, y=0.000, z=0.000, stop_count=0, roi_count=6, lateral_count=0, nearest_x=1.30, clear_frames=3055
[INFO] [1784729654.638934407] [unitree_safe_cmd_node]: Move x=0.500, y=0.000, z=0.000, stop_count=0, roi_count=12, lateral_count=0, nearest_x=1.33, clear_frames=3061
[INFO] [1784729655.188958618] [unitree_safe_cmd_node]: Move x=0.500, y=0.000, z=-0.054, stop_count=0, roi_count=10, lateral_count=0, nearest_x=1.46, clear_frames=3067
[INFO] [1784729655.689313695] [unitree_safe_cmd_node]: Move x=0.500, y=0.000, z=0.000, stop_count=0, roi_count=10, lateral_count=0, nearest_x=1.32, clear_frames=3072
[INFO] [1784729656.238741130] [unitree_safe_cmd_node]: Move x=0.500, y=0.000, z=0.000, stop_count=0, roi_count=13, lateral_count=0, nearest_x=1.31, clear_frames=3078
[INFO] [1784729656.738697382] [unitree_safe_cmd_node]: Move x=0.500, y=0.000, z=-0.055, stop_count=0, roi_count=6, lateral_count=0, nearest_x=1.40, clear_frames=3083
[INFO] [1784729657.238956657] [unitree_safe_cmd_node]: Move x=0.500, y=0.000, z=-0.061, stop_count=0, roi_count=6, lateral_count=0, nearest_x=1.43, clear_frames=3088
[INFO] [1784729657.739077267] [unitree_safe_cmd_node]: Move x=0.500, y=0.000, z=0.000, stop_count=0, roi_count=7, lateral_count=0, nearest_x=1.43, clear_frames=3094
[INFO] [1784729658.288745944] [unitree_safe_cmd_node]: Move x=0.500, y=0.000, z=0.000, stop_count=0, roi_count=7, lateral_count=0, nearest_x=1.33, clear_frames=3100
[INFO] [1784729658.838589668] [unitree_safe_cmd_node]: Move x=0.500, y=0.000, z=-0.052, stop_count=0, roi_count=13, lateral_count=0, nearest_x=1.32, clear_frames=3106
[INFO] [1784729659.338583485] [unitree_safe_cmd_node]: Move x=0.500, y=0.000, z=-0.082, stop_count=0, roi_count=1, lateral_count=0, nearest_x=1.49, clear_frames=3111
[INFO] [1784729659.839519669] [unitree_safe_cmd_node]: Move x=0.500, y=0.000, z=-0.057, stop_count=0, roi_count=8, lateral_count=0, nearest_x=1.34, clear_frames=3116
[INFO] [1784729660.388581254] [unitree_safe_cmd_node]: Move x=0.500, y=0.000, z=0.007, stop_count=0, roi_count=0, lateral_count=0, nearest_x=inf, clear_frames=3122
[INFO] [1784729660.888589022] [unitree_safe_cmd_node]: Move x=0.500, y=0.000, z=0.008, stop_count=0, roi_count=11, lateral_count=0, nearest_x=1.32, clear_frames=3127
[INFO] [1784729661.389025524] [unitree_safe_cmd_node]: Move x=0.500, y=0.000, z=0.008, stop_count=0, roi_count=5, lateral_count=0, nearest_x=1.44, clear_frames=3132
[INFO] [1784729661.888937149] [unitree_safe_cmd_node]: Move x=0.500, y=0.000, z=0.008, stop_count=0, roi_count=12, lateral_count=0, nearest_x=1.34, clear_frames=3137
[INFO] [1784729662.389068901] [unitree_safe_cmd_node]: Move x=0.500, y=0.000, z=0.008, stop_count=0, roi_count=8, lateral_count=0, nearest_x=1.35, clear_frames=3142
[INFO] [1784729662.889567557] [unitree_safe_cmd_node]: Move x=0.500, y=0.000, z=0.008, stop_count=0, roi_count=11, lateral_count=0, nearest_x=1.37, clear_frames=3147
[INFO] [1784729663.438650919] [unitree_safe_cmd_node]: Move x=0.500, y=0.000, z=0.008, stop_count=0, roi_count=16, lateral_count=0, nearest_x=1.30, clear_frames=3153
[INFO] [1784729663.993040914] [unitree_safe_cmd_node]: Move x=0.500, y=0.000, z=0.008, stop_count=0, roi_count=8, lateral_count=0, nearest_x=1.30, clear_frames=3159
[INFO] [1784729664.538685632] [unitree_safe_cmd_node]: Move x=0.500, y=0.000, z=0.009, stop_count=0, roi_count=11, lateral_count=0, nearest_x=1.45, clear_frames=3164
[INFO] [1784729665.038902961] [unitree_safe_cmd_node]: Move x=0.500, y=0.000, z=0.165, stop_count=0, roi_count=7, lateral_count=0, nearest_x=1.31, clear_frames=3169
[INFO] [1784729665.588538810] [unitree_safe_cmd_node]: Move x=0.500, y=0.000, z=0.136, stop_count=0, roi_count=9, lateral_count=0, nearest_x=1.33, clear_frames=3175
[INFO] [1784729666.088577038] [unitree_safe_cmd_node]: Move x=0.500, y=0.000, z=0.098, stop_count=0, roi_count=11, lateral_count=0, nearest_x=1.28, clear_frames=3180
[INFO] [1784729666.590938160] [unitree_safe_cmd_node]: Move x=0.500, y=0.000, z=0.081, stop_count=0, roi_count=4, lateral_count=0, nearest_x=1.47, clear_frames=3185
[INFO] [1784729667.138697507] [unitree_safe_cmd_node]: Move x=0.500, y=0.000, z=0.085, stop_count=0, roi_count=16, lateral_count=0, nearest_x=1.31, clear_frames=3190
[INFO] [1784729667.689619372] [unitree_safe_cmd_node]: Move x=0.500, y=0.000, z=0.090, stop_count=0, roi_count=18, lateral_count=0, nearest_x=1.29, clear_frames=3196
[INFO] [1784729668.238692878] [unitree_safe_cmd_node]: Move x=0.500, y=0.000, z=0.069, stop_count=0, roi_count=16, lateral_count=0, nearest_x=1.29, clear_frames=3201
[INFO] [1784729668.740058748] [unitree_safe_cmd_node]: Move x=0.500, y=0.000, z=0.069, stop_count=0, roi_count=5, lateral_count=0, nearest_x=1.37, clear_frames=3206
[INFO] [1784729669.239449569] [unitree_safe_cmd_node]: Move x=0.500, y=0.000, z=0.010, stop_count=0, roi_count=11, lateral_count=0, nearest_x=1.30, clear_frames=3211
[INFO] [1784729669.788709499] [unitree_safe_cmd_node]: Move x=0.500, y=0.000, z=0.160, stop_count=0, roi_count=7, lateral_count=0, nearest_x=1.33, clear_frames=3217
[INFO] [1784729670.339651961] [unitree_safe_cmd_node]: Move x=0.500, y=0.000, z=0.154, stop_count=0, roi_count=9, lateral_count=0, nearest_x=1.32, clear_frames=3222
[INFO] [1784729670.889150227] [unitree_safe_cmd_node]: Move x=0.500, y=0.000, z=0.095, stop_count=0, roi_count=13, lateral_count=0, nearest_x=1.31, clear_frames=3228
[INFO] [1784729671.438813524] [unitree_safe_cmd_node]: Move x=0.500, y=0.000, z=0.070, stop_count=0, roi_count=9, lateral_count=0, nearest_x=1.38, clear_frames=3233
[INFO] [1784729671.988993904] [unitree_safe_cmd_node]: Move x=0.500, y=0.000, z=0.063, stop_count=0, roi_count=6, lateral_count=0, nearest_x=1.44, clear_frames=3238
[INFO] [1784729672.490121369] [unitree_safe_cmd_node]: Move x=0.500, y=0.000, z=0.008, stop_count=0, roi_count=15, lateral_count=0, nearest_x=1.32, clear_frames=3241
[INFO] [1784729673.038602290] [unitree_safe_cmd_node]: Move x=0.500, y=0.000, z=0.157, stop_count=0, roi_count=12, lateral_count=0, nearest_x=1.36, clear_frames=3245
[INFO] [1784729673.538638502] [unitree_safe_cmd_node]: Move x=0.500, y=0.000, z=0.155, stop_count=0, roi_count=12, lateral_count=0, nearest_x=1.36, clear_frames=3249
[INFO] [1784729674.089369788] [unitree_safe_cmd_node]: Move x=0.500, y=0.000, z=0.083, stop_count=0, roi_count=8, lateral_count=0, nearest_x=1.33, clear_frames=3254
[INFO] [1784729674.639619507] [unitree_safe_cmd_node]: Move x=0.500, y=0.000, z=0.061, stop_count=0, roi_count=8, lateral_count=0, nearest_x=1.32, clear_frames=3260
[INFO] [1784729675.188687481] [unitree_safe_cmd_node]: Move x=0.500, y=0.000, z=0.119, stop_count=0, roi_count=12, lateral_count=0, nearest_x=1.30, clear_frames=3264
[INFO] [1784729675.690522123] [unitree_safe_cmd_node]: Move x=0.500, y=0.000, z=0.150, stop_count=0, roi_count=10, lateral_count=0, nearest_x=1.36, clear_frames=3268
[INFO] [1784729676.191622338] [unitree_safe_cmd_node]: Move x=0.500, y=0.000, z=0.142, stop_count=0, roi_count=16, lateral_count=0, nearest_x=1.28, clear_frames=3273
[INFO] [1784729676.738749977] [unitree_safe_cmd_node]: Move x=0.500, y=0.000, z=0.106, stop_count=0, roi_count=7, lateral_count=0, nearest_x=1.30, clear_frames=3277
[INFO] [1784729677.288580176] [unitree_safe_cmd_node]: Move x=0.500, y=0.000, z=0.103, stop_count=0, roi_count=6, lateral_count=0, nearest_x=1.41, clear_frames=3281
[INFO] [1784729677.788760612] [unitree_safe_cmd_node]: Move x=0.500, y=0.000, z=0.082, stop_count=0, roi_count=7, lateral_count=0, nearest_x=1.48, clear_frames=3285
[INFO] [1784729678.338835130] [unitree_safe_cmd_node]: Move x=0.500, y=0.000, z=0.110, stop_count=0, roi_count=5, lateral_count=0, nearest_x=1.35, clear_frames=3289
[INFO] [1784729678.838875587] [unitree_safe_cmd_node]: Move x=0.500, y=0.000, z=0.092, stop_count=0, roi_count=10, lateral_count=0, nearest_x=1.28, clear_frames=3293
[INFO] [1784729679.388801250] [unitree_safe_cmd_node]: Move x=0.500, y=0.000, z=0.069, stop_count=0, roi_count=11, lateral_count=0, nearest_x=1.36, clear_frames=3298
[INFO] [1784729679.889479048] [unitree_safe_cmd_node]: Move x=0.500, y=0.000, z=0.071, stop_count=0, roi_count=10, lateral_count=0, nearest_x=1.31, clear_frames=3303
[INFO] [1784729680.438834283] [unitree_safe_cmd_node]: Move x=0.500, y=0.000, z=0.051, stop_count=0, roi_count=1, lateral_count=0, nearest_x=1.49, clear_frames=3309
[INFO] [1784729680.988657793] [unitree_safe_cmd_node]: Move x=0.500, y=0.000, z=0.001, stop_count=0, roi_count=15, lateral_count=0, nearest_x=1.31, clear_frames=3315
[INFO] [1784729681.538667729] [unitree_safe_cmd_node]: Move x=0.500, y=0.000, z=0.000, stop_count=0, roi_count=15, lateral_count=0, nearest_x=1.32, clear_frames=3321
[INFO] [1784729682.041556992] [unitree_safe_cmd_node]: Move x=0.500, y=0.000, z=0.000, stop_count=0, roi_count=0, lateral_count=0, nearest_x=inf, clear_frames=3327
[INFO] [1784729682.588886688] [unitree_safe_cmd_node]: Move x=0.500, y=0.000, z=0.000, stop_count=0, roi_count=6, lateral_count=0, nearest_x=1.41, clear_frames=3332
[INFO] [1784729683.138833889] [unitree_safe_cmd_node]: Move x=0.500, y=0.000, z=0.000, stop_count=0, roi_count=6, lateral_count=0, nearest_x=1.44, clear_frames=3338
[INFO] [1784729683.689603762] [unitree_safe_cmd_node]: Move x=0.500, y=0.000, z=0.000, stop_count=0, roi_count=11, lateral_count=0, nearest_x=1.38, clear_frames=3344
[INFO] [1784729684.238671909] [unitree_safe_cmd_node]: Move x=0.500, y=0.000, z=0.000, stop_count=0, roi_count=6, lateral_count=0, nearest_x=1.40, clear_frames=3350
[INFO] [1784729684.742702772] [unitree_safe_cmd_node]: Move x=0.500, y=0.000, z=-0.001, stop_count=0, roi_count=5, lateral_count=0, nearest_x=1.34, clear_frames=3356
[INFO] [1784729685.288854250] [unitree_safe_cmd_node]: Move x=0.500, y=0.000, z=-0.001, stop_count=0, roi_count=2, lateral_count=0, nearest_x=1.49, clear_frames=3361
[INFO] [1784729685.838869173] [unitree_safe_cmd_node]: Move x=0.500, y=0.000, z=0.000, stop_count=0, roi_count=12, lateral_count=0, nearest_x=1.32, clear_frames=3367
[INFO] [1784729686.388701219] [unitree_safe_cmd_node]: Move x=0.500, y=0.000, z=0.000, stop_count=0, roi_count=12, lateral_count=0, nearest_x=1.29, clear_frames=3373
[INFO] [1784729686.938641896] [unitree_safe_cmd_node]: Move x=0.500, y=0.000, z=0.000, stop_count=0, roi_count=8, lateral_count=0, nearest_x=1.47, clear_frames=3379
[INFO] [1784729687.442905483] [unitree_safe_cmd_node]: Move x=0.500, y=0.000, z=-0.001, stop_count=0, roi_count=7, lateral_count=0, nearest_x=1.33, clear_frames=3385
[INFO] [1784729687.988999630] [unitree_safe_cmd_node]: Move x=0.500, y=0.000, z=-0.001, stop_count=0, roi_count=12, lateral_count=0, nearest_x=1.35, clear_frames=3390
[INFO] [1784729688.539014866] [unitree_safe_cmd_node]: Move x=0.500, y=0.000, z=-0.001, stop_count=0, roi_count=6, lateral_count=0, nearest_x=1.37, clear_frames=3396
[INFO] [1784729689.088578549] [unitree_safe_cmd_node]: Move x=0.500, y=0.000, z=-0.068, stop_count=0, roi_count=12, lateral_count=0, nearest_x=1.37, clear_frames=3402
[INFO] [1784729689.588973595] [unitree_safe_cmd_node]: Move x=0.500, y=0.000, z=-0.059, stop_count=0, roi_count=8, lateral_count=0, nearest_x=1.34, clear_frames=3408
[INFO] [1784729690.143529804] [unitree_safe_cmd_node]: Move x=0.500, y=0.000, z=-0.001, stop_count=0, roi_count=12, lateral_count=0, nearest_x=1.37, clear_frames=3414
[INFO] [1784729690.689031930] [unitree_safe_cmd_node]: Move x=0.500, y=0.000, z=-0.009, stop_count=0, roi_count=3, lateral_count=0, nearest_x=1.29, clear_frames=3419
[INFO] [1784729691.238735545] [unitree_safe_cmd_node]: Move x=0.500, y=0.000, z=0.000, stop_count=0, roi_count=0, lateral_count=0, nearest_x=inf, clear_frames=3425
[INFO] [1784729691.788585636] [unitree_safe_cmd_node]: Move x=0.500, y=0.000, z=0.000, stop_count=0, roi_count=1, lateral_count=0, nearest_x=1.50, clear_frames=3431
[INFO] [1784729692.338634958] [unitree_safe_cmd_node]: Move x=0.500, y=0.000, z=0.000, stop_count=0, roi_count=14, lateral_count=0, nearest_x=1.32, clear_frames=3437
[INFO] [1784729692.843406502] [unitree_safe_cmd_node]: Move x=0.500, y=0.000, z=0.000, stop_count=0, roi_count=11, lateral_count=0, nearest_x=1.30, clear_frames=3443
[INFO] [1784729693.388920333] [unitree_safe_cmd_node]: Move x=0.500, y=0.000, z=0.000, stop_count=0, roi_count=12, lateral_count=0, nearest_x=1.33, clear_frames=3448
[INFO] [1784729693.938625183] [unitree_safe_cmd_node]: Move x=0.500, y=0.000, z=0.000, stop_count=0, roi_count=6, lateral_count=0, nearest_x=1.40, clear_frames=3454
[INFO] [1784729694.488684733] [unitree_safe_cmd_node]: Move x=0.500, y=0.000, z=0.000, stop_count=0, roi_count=13, lateral_count=0, nearest_x=1.32, clear_frames=3460
[INFO] [1784729694.993061520] [unitree_safe_cmd_node]: Move x=0.500, y=0.000, z=0.000, stop_count=0, roi_count=13, lateral_count=0, nearest_x=1.27, clear_frames=3466
[INFO] [1784729695.539145642] [unitree_safe_cmd_node]: Move x=0.500, y=0.000, z=-0.008, stop_count=0, roi_count=9, lateral_count=0, nearest_x=1.27, clear_frames=3471
[INFO] [1784729696.088977966] [unitree_safe_cmd_node]: Move x=0.500, y=0.000, z=-0.059, stop_count=0, roi_count=12, lateral_count=0, nearest_x=1.34, clear_frames=3477
[INFO] [1784729696.638565039] [unitree_safe_cmd_node]: Move x=0.500, y=0.000, z=-0.051, stop_count=0, roi_count=10, lateral_count=0, nearest_x=1.32, clear_frames=3483
[INFO] [1784729697.138800550] [unitree_safe_cmd_node]: Move x=0.500, y=0.000, z=0.000, stop_count=0, roi_count=20, lateral_count=0, nearest_x=1.28, clear_frames=3489
[INFO] [1784729697.690519879] [unitree_safe_cmd_node]: Move x=0.500, y=0.000, z=-0.053, stop_count=0, roi_count=9, lateral_count=0, nearest_x=1.32, clear_frames=3495
[INFO] [1784729698.239531254] [unitree_safe_cmd_node]: Move x=0.500, y=0.000, z=-0.058, stop_count=0, roi_count=13, lateral_count=0, nearest_x=1.36, clear_frames=3500
[INFO] [1784729698.789744995] [unitree_safe_cmd_node]: Move x=0.500, y=0.000, z=-0.050, stop_count=0, roi_count=12, lateral_count=0, nearest_x=1.42, clear_frames=3506
[INFO] [1784729699.338587850] [unitree_safe_cmd_node]: Move x=0.500, y=0.000, z=0.000, stop_count=0, roi_count=11, lateral_count=0, nearest_x=1.36, clear_frames=3512
[INFO] [1784729699.888683883] [unitree_safe_cmd_node]: Move x=0.500, y=0.000, z=0.000, stop_count=0, roi_count=8, lateral_count=0, nearest_x=1.34, clear_frames=3518
[INFO] [1784729700.388834012] [unitree_safe_cmd_node]: Move x=0.500, y=0.000, z=-0.015, stop_count=0, roi_count=21, lateral_count=0, nearest_x=1.23, clear_frames=3523
[INFO] [1784729700.939838172] [unitree_safe_cmd_node]: Move x=0.500, y=0.000, z=-0.056, stop_count=0, roi_count=8, lateral_count=0, nearest_x=1.46, clear_frames=3529
[INFO] [1784729701.488611352] [unitree_safe_cmd_node]: Move x=0.500, y=0.000, z=0.000, stop_count=0, roi_count=9, lateral_count=0, nearest_x=1.33, clear_frames=3535
[INFO] [1784729701.988590930] [unitree_safe_cmd_node]: Move x=0.500, y=0.000, z=0.000, stop_count=0, roi_count=11, lateral_count=0, nearest_x=1.33, clear_frames=3540
[INFO] [1784729702.488609269] [unitree_safe_cmd_node]: Move x=0.500, y=0.000, z=0.000, stop_count=0, roi_count=13, lateral_count=0, nearest_x=1.33, clear_frames=3545
[INFO] [1784729702.988644306] [unitree_safe_cmd_node]: Move x=0.500, y=0.000, z=0.000, stop_count=0, roi_count=0, lateral_count=0, nearest_x=inf, clear_frames=3550
[INFO] [1784729703.538697339] [unitree_safe_cmd_node]: Move x=0.500, y=0.000, z=0.000, stop_count=0, roi_count=15, lateral_count=0, nearest_x=1.31, clear_frames=3555
[INFO] [1784729704.038562099] [unitree_safe_cmd_node]: Move x=0.500, y=0.000, z=0.000, stop_count=0, roi_count=6, lateral_count=0, nearest_x=1.36, clear_frames=3560
[INFO] [1784729704.538804239] [unitree_safe_cmd_node]: Move x=0.500, y=0.000, z=0.000, stop_count=0, roi_count=12, lateral_count=0, nearest_x=1.33, clear_frames=3565
[INFO] [1784729705.038590148] [unitree_safe_cmd_node]: Move x=0.500, y=0.000, z=0.000, stop_count=0, roi_count=8, lateral_count=0, nearest_x=1.34, clear_frames=3570
[INFO] [1784729705.588632709] [unitree_safe_cmd_node]: Move x=0.500, y=0.000, z=0.000, stop_count=0, roi_count=12, lateral_count=0, nearest_x=1.26, clear_frames=3576
[INFO] [1784729706.139094560] [unitree_safe_cmd_node]: Move x=0.500, y=0.000, z=-0.050, stop_count=0, roi_count=6, lateral_count=0, nearest_x=1.35, clear_frames=3581
[INFO] [1784729706.689418448] [unitree_safe_cmd_node]: Move x=0.500, y=0.000, z=0.000, stop_count=0, roi_count=12, lateral_count=0, nearest_x=1.33, clear_frames=3587
[INFO] [1784729707.238921676] [unitree_safe_cmd_node]: Move x=0.500, y=0.000, z=0.000, stop_count=0, roi_count=12, lateral_count=0, nearest_x=1.34, clear_frames=3592
[INFO] [1784729707.738959071] [unitree_safe_cmd_node]: Move x=0.500, y=0.000, z=0.000, stop_count=0, roi_count=14, lateral_count=0, nearest_x=1.29, clear_frames=3597
[INFO] [1784729708.244415127] [unitree_safe_cmd_node]: Move x=0.500, y=0.000, z=0.000, stop_count=0, roi_count=10, lateral_count=0, nearest_x=1.37, clear_frames=3603
[INFO] [1784729708.788606367] [unitree_safe_cmd_node]: Move x=0.500, y=0.000, z=0.000, stop_count=0, roi_count=9, lateral_count=0, nearest_x=1.31, clear_frames=3608
[INFO] [1784729709.288686985] [unitree_safe_cmd_node]: Move x=0.500, y=0.000, z=-0.059, stop_count=0, roi_count=8, lateral_count=0, nearest_x=1.47, clear_frames=3613
[INFO] [1784729709.788943063] [unitree_safe_cmd_node]: Move x=0.500, y=0.000, z=0.000, stop_count=0, roi_count=14, lateral_count=0, nearest_x=1.33, clear_frames=3618
[INFO] [1784729710.338902086] [unitree_safe_cmd_node]: Move x=0.500, y=0.000, z=0.000, stop_count=0, roi_count=11, lateral_count=0, nearest_x=1.26, clear_frames=3624
[INFO] [1784729710.888585264] [unitree_safe_cmd_node]: Move x=0.500, y=0.000, z=0.000, stop_count=0, roi_count=12, lateral_count=0, nearest_x=1.31, clear_frames=3629
[INFO] [1784729711.389264213] [unitree_safe_cmd_node]: Move x=0.500, y=0.000, z=-0.050, stop_count=0, roi_count=5, lateral_count=0, nearest_x=1.47, clear_frames=3634
[INFO] [1784729711.938615531] [unitree_safe_cmd_node]: Move x=0.500, y=0.000, z=0.000, stop_count=0, roi_count=7, lateral_count=0, nearest_x=1.31, clear_frames=3640
[INFO] [1784729712.438565165] [unitree_safe_cmd_node]: Move x=0.500, y=0.000, z=0.000, stop_count=0, roi_count=12, lateral_count=0, nearest_x=1.38, clear_frames=3645
[INFO] [1784729712.938569859] [unitree_safe_cmd_node]: Move x=0.500, y=0.000, z=-0.054, stop_count=0, roi_count=13, lateral_count=0, nearest_x=1.30, clear_frames=3650
[INFO] [1784729713.438732585] [unitree_safe_cmd_node]: Move x=0.500, y=0.000, z=0.000, stop_count=0, roi_count=11, lateral_count=0, nearest_x=1.41, clear_frames=3655
[INFO] [1784729713.988781137] [unitree_safe_cmd_node]: Move x=0.500, y=0.000, z=0.000, stop_count=0, roi_count=9, lateral_count=0, nearest_x=1.31, clear_frames=3660
[INFO] [1784729714.488674372] [unitree_safe_cmd_node]: Move x=0.500, y=0.000, z=-0.056, stop_count=0, roi_count=10, lateral_count=0, nearest_x=1.42, clear_frames=3665
[INFO] [1784729715.038709846] [unitree_safe_cmd_node]: Move x=0.500, y=0.000, z=-0.052, stop_count=0, roi_count=9, lateral_count=0, nearest_x=1.31, clear_frames=3671
[INFO] [1784729715.589377516] [unitree_safe_cmd_node]: Move x=0.500, y=0.000, z=0.000, stop_count=0, roi_count=6, lateral_count=0, nearest_x=1.46, clear_frames=3676
[INFO] [1784729716.138585658] [unitree_safe_cmd_node]: Move x=0.500, y=0.000, z=0.000, stop_count=0, roi_count=7, lateral_count=0, nearest_x=1.31, clear_frames=3682
[INFO] [1784729716.641475019] [unitree_safe_cmd_node]: Move x=0.500, y=0.000, z=-0.057, stop_count=0, roi_count=5, lateral_count=0, nearest_x=1.33, clear_frames=3687
[INFO] [1784729717.192095514] [unitree_safe_cmd_node]: Move x=0.500, y=0.000, z=0.000, stop_count=0, roi_count=0, lateral_count=0, nearest_x=inf, clear_frames=3693
[INFO] [1784729717.740490108] [unitree_safe_cmd_node]: Move x=0.500, y=0.000, z=0.000, stop_count=0, roi_count=13, lateral_count=0, nearest_x=1.32, clear_frames=3697
[INFO] [1784729718.289062425] [unitree_safe_cmd_node]: Move x=0.500, y=0.000, z=-0.058, stop_count=0, roi_count=12, lateral_count=0, nearest_x=1.31, clear_frames=3702
[INFO] [1784729718.839384428] [unitree_safe_cmd_node]: Move x=0.500, y=0.000, z=0.000, stop_count=0, roi_count=12, lateral_count=0, nearest_x=1.37, clear_frames=3707
[INFO] [1784729719.342610175] [unitree_safe_cmd_node]: Move x=0.500, y=0.000, z=0.000, stop_count=0, roi_count=9, lateral_count=0, nearest_x=1.30, clear_frames=3712
[INFO] [1784729719.889138449] [unitree_safe_cmd_node]: Move x=0.500, y=0.000, z=-0.055, stop_count=0, roi_count=17, lateral_count=0, nearest_x=1.30, clear_frames=3717
[INFO] [1784729720.389222718] [unitree_safe_cmd_node]: Move x=0.500, y=0.000, z=0.000, stop_count=0, roi_count=6, lateral_count=0, nearest_x=1.35, clear_frames=3722
[INFO] [1784729720.938716379] [unitree_safe_cmd_node]: Move x=0.500, y=0.000, z=-0.050, stop_count=0, roi_count=11, lateral_count=0, nearest_x=1.31, clear_frames=3727
[INFO] [1784729721.438971721] [unitree_safe_cmd_node]: Move x=0.500, y=0.000, z=-0.055, stop_count=0, roi_count=1, lateral_count=0, nearest_x=1.33, clear_frames=3732
[INFO] [1784729721.988757260] [unitree_safe_cmd_node]: Move x=0.500, y=0.000, z=-0.050, stop_count=0, roi_count=8, lateral_count=0, nearest_x=1.33, clear_frames=3738
[INFO] [1784729722.490127826] [unitree_safe_cmd_node]: Move x=0.500, y=0.000, z=0.000, stop_count=0, roi_count=18, lateral_count=0, nearest_x=1.28, clear_frames=3743
[INFO] [1784729723.040058981] [unitree_safe_cmd_node]: Move x=0.500, y=0.000, z=-0.053, stop_count=0, roi_count=12, lateral_count=0, nearest_x=1.36, clear_frames=3747
[INFO] [1784729723.542178719] [unitree_safe_cmd_node]: Move x=0.500, y=0.000, z=0.000, stop_count=0, roi_count=0, lateral_count=0, nearest_x=inf, clear_frames=3752
[INFO] [1784729724.089398049] [unitree_safe_cmd_node]: Move x=0.500, y=0.000, z=-0.054, stop_count=0, roi_count=13, lateral_count=0, nearest_x=1.31, clear_frames=3758
[INFO] [1784729724.638860068] [unitree_safe_cmd_node]: Move x=0.500, y=0.000, z=-0.061, stop_count=0, roi_count=11, lateral_count=0, nearest_x=1.37, clear_frames=3763
[INFO] [1784729725.138836168] [unitree_safe_cmd_node]: Move x=0.500, y=0.000, z=0.000, stop_count=0, roi_count=10, lateral_count=0, nearest_x=1.33, clear_frames=3767
[INFO] [1784729725.689689783] [unitree_safe_cmd_node]: Move x=0.500, y=0.000, z=0.000, stop_count=0, roi_count=8, lateral_count=0, nearest_x=1.30, clear_frames=3772
[INFO] [1784729726.240658941] [unitree_safe_cmd_node]: Move x=0.500, y=0.000, z=0.000, stop_count=0, roi_count=16, lateral_count=0, nearest_x=1.31, clear_frames=3777
[INFO] [1784729726.788801195] [unitree_safe_cmd_node]: Move x=0.500, y=0.000, z=0.000, stop_count=0, roi_count=6, lateral_count=0, nearest_x=1.41, clear_frames=3783
[INFO] [1784729727.338626633] [unitree_safe_cmd_node]: Move x=0.500, y=0.000, z=0.000, stop_count=0, roi_count=8, lateral_count=0, nearest_x=1.26, clear_frames=3789
[INFO] [1784729727.888556924] [unitree_safe_cmd_node]: Move x=0.500, y=0.000, z=0.000, stop_count=0, roi_count=6, lateral_count=0, nearest_x=1.30, clear_frames=3795
[INFO] [1784729728.388681373] [unitree_safe_cmd_node]: Move x=0.500, y=0.000, z=-0.059, stop_count=0, roi_count=13, lateral_count=0, nearest_x=1.33, clear_frames=3800
[INFO] [1784729728.943362746] [unitree_safe_cmd_node]: Move x=0.500, y=0.000, z=-0.056, stop_count=0, roi_count=9, lateral_count=0, nearest_x=1.29, clear_frames=3806
[INFO] [1784729729.488847284] [unitree_safe_cmd_node]: Move x=0.500, y=0.000, z=0.000, stop_count=0, roi_count=7, lateral_count=0, nearest_x=1.29, clear_frames=3811
[INFO] [1784729730.038693783] [unitree_safe_cmd_node]: Move x=0.500, y=0.000, z=0.000, stop_count=0, roi_count=7, lateral_count=0, nearest_x=1.32, clear_frames=3817
[INFO] [1784729730.589066288] [unitree_safe_cmd_node]: Move x=0.500, y=0.000, z=-0.011, stop_count=0, roi_count=7, lateral_count=0, nearest_x=1.30, clear_frames=3823
[INFO] [1784729731.138566802] [unitree_safe_cmd_node]: Move x=0.500, y=0.000, z=0.000, stop_count=0, roi_count=7, lateral_count=0, nearest_x=1.32, clear_frames=3829
[INFO] [1784729731.689610534] [unitree_safe_cmd_node]: Move x=0.500, y=0.000, z=0.000, stop_count=0, roi_count=12, lateral_count=0, nearest_x=1.35, clear_frames=3835
[INFO] [1784729732.190425124] [unitree_safe_cmd_node]: Move x=0.500, y=0.000, z=0.000, stop_count=0, roi_count=6, lateral_count=0, nearest_x=1.35, clear_frames=3841
[INFO] [1784729732.739446066] [unitree_safe_cmd_node]: Move x=0.500, y=0.000, z=0.000, stop_count=0, roi_count=10, lateral_count=0, nearest_x=1.39, clear_frames=3846
[INFO] [1784729733.290462066] [unitree_safe_cmd_node]: Move x=0.500, y=0.000, z=-0.014, stop_count=0, roi_count=7, lateral_count=0, nearest_x=1.35, clear_frames=3852
[INFO] [1784729733.838709318] [unitree_safe_cmd_node]: Move x=0.500, y=0.000, z=0.000, stop_count=0, roi_count=12, lateral_count=0, nearest_x=1.42, clear_frames=3857
[INFO] [1784729734.339095480] [unitree_safe_cmd_node]: Move x=0.500, y=0.000, z=0.000, stop_count=0, roi_count=3, lateral_count=0, nearest_x=1.49, clear_frames=3862
[INFO] [1784729734.888572007] [unitree_safe_cmd_node]: Move x=0.500, y=0.000, z=0.000, stop_count=0, roi_count=7, lateral_count=0, nearest_x=1.36, clear_frames=3868
[INFO] [1784729735.389132615] [unitree_safe_cmd_node]: Move x=0.500, y=0.000, z=0.000, stop_count=0, roi_count=2, lateral_count=0, nearest_x=1.30, clear_frames=3873
[INFO] [1784729735.890761967] [unitree_safe_cmd_node]: Move x=0.500, y=0.000, z=-0.055, stop_count=0, roi_count=6, lateral_count=0, nearest_x=1.40, clear_frames=3877
[INFO] [1784729736.392401178] [unitree_safe_cmd_node]: Move x=0.500, y=0.000, z=0.000, stop_count=0, roi_count=11, lateral_count=0, nearest_x=1.31, clear_frames=3883
[INFO] [1784729736.938901295] [unitree_safe_cmd_node]: Move x=0.500, y=0.000, z=0.000, stop_count=0, roi_count=6, lateral_count=0, nearest_x=1.40, clear_frames=3888
[INFO] [1784729737.488751482] [unitree_safe_cmd_node]: Move x=0.500, y=0.000, z=-0.059, stop_count=0, roi_count=9, lateral_count=0, nearest_x=1.28, clear_frames=3894
[INFO] [1784729737.988578525] [unitree_safe_cmd_node]: Move x=0.500, y=0.000, z=0.000, stop_count=0, roi_count=7, lateral_count=0, nearest_x=1.30, clear_frames=3899
[INFO] [1784729738.538545121] [unitree_safe_cmd_node]: Move x=0.500, y=0.000, z=0.000, stop_count=0, roi_count=6, lateral_count=0, nearest_x=1.40, clear_frames=3904
[INFO] [1784729739.038573580] [unitree_safe_cmd_node]: Move x=0.500, y=0.000, z=0.000, stop_count=0, roi_count=13, lateral_count=0, nearest_x=1.28, clear_frames=3909
[INFO] [1784729739.538625108] [unitree_safe_cmd_node]: Move x=0.500, y=0.000, z=0.000, stop_count=0, roi_count=6, lateral_count=0, nearest_x=1.34, clear_frames=3914
[INFO] [1784729740.039529379] [unitree_safe_cmd_node]: Move x=0.500, y=0.000, z=0.000, stop_count=0, roi_count=16, lateral_count=0, nearest_x=1.30, clear_frames=3919
[INFO] [1784729740.539346342] [unitree_safe_cmd_node]: Move x=0.500, y=0.000, z=-0.058, stop_count=0, roi_count=3, lateral_count=0, nearest_x=1.48, clear_frames=3924
[INFO] [1784729741.088668182] [unitree_safe_cmd_node]: Move x=0.500, y=0.000, z=-0.062, stop_count=0, roi_count=8, lateral_count=0, nearest_x=1.35, clear_frames=3930
[INFO] [1784729741.638904664] [unitree_safe_cmd_node]: Move x=0.500, y=0.000, z=0.000, stop_count=0, roi_count=6, lateral_count=0, nearest_x=1.40, clear_frames=3936
[INFO] [1784729742.188840188] [unitree_safe_cmd_node]: Move x=0.500, y=0.000, z=0.000, stop_count=0, roi_count=12, lateral_count=0, nearest_x=1.27, clear_frames=3941
[INFO] [1784729742.689498132] [unitree_safe_cmd_node]: Move x=0.500, y=0.000, z=-0.058, stop_count=0, roi_count=6, lateral_count=0, nearest_x=1.43, clear_frames=3946
[INFO] [1784729743.238535298] [unitree_safe_cmd_node]: Move x=0.500, y=0.000, z=0.000, stop_count=0, roi_count=5, lateral_count=0, nearest_x=1.40, clear_frames=3952
[INFO] [1784729743.738557275] [unitree_safe_cmd_node]: Move x=0.500, y=0.000, z=0.000, stop_count=0, roi_count=12, lateral_count=0, nearest_x=1.32, clear_frames=3957
[INFO] [1784729744.238914023] [unitree_safe_cmd_node]: Move x=0.500, y=0.000, z=-0.060, stop_count=0, roi_count=11, lateral_count=0, nearest_x=1.43, clear_frames=3961
[INFO] [1784729744.742143543] [unitree_safe_cmd_node]: Move x=0.500, y=0.000, z=0.000, stop_count=0, roi_count=13, lateral_count=0, nearest_x=1.33, clear_frames=3967
[INFO] [1784729745.288562075] [unitree_safe_cmd_node]: Move x=0.500, y=0.000, z=0.000, stop_count=0, roi_count=8, lateral_count=0, nearest_x=1.29, clear_frames=3972
[INFO] [1784729745.788674147] [unitree_safe_cmd_node]: Move x=0.500, y=0.000, z=-0.004, stop_count=0, roi_count=11, lateral_count=0, nearest_x=1.43, clear_frames=3977
[INFO] [1784729746.288806951] [unitree_safe_cmd_node]: Move x=0.500, y=0.000, z=-0.050, stop_count=0, roi_count=8, lateral_count=0, nearest_x=1.36, clear_frames=3982
[INFO] [1784729746.794298893] [unitree_safe_cmd_node]: Move x=0.500, y=0.000, z=0.000, stop_count=0, roi_count=0, lateral_count=0, nearest_x=inf, clear_frames=3987
[INFO] [1784729747.338639885] [unitree_safe_cmd_node]: Move x=0.500, y=0.000, z=0.000, stop_count=0, roi_count=12, lateral_count=0, nearest_x=1.39, clear_frames=3992
[INFO] [1784729747.838838889] [unitree_safe_cmd_node]: Move x=0.500, y=0.000, z=0.000, stop_count=0, roi_count=0, lateral_count=0, nearest_x=inf, clear_frames=3997
[INFO] [1784729748.388888913] [unitree_safe_cmd_node]: Move x=0.500, y=0.000, z=-0.050, stop_count=0, roi_count=3, lateral_count=0, nearest_x=1.34, clear_frames=4003
[INFO] [1784729748.938637281] [unitree_safe_cmd_node]: Move x=0.500, y=0.000, z=0.000, stop_count=0, roi_count=17, lateral_count=0, nearest_x=1.28, clear_frames=4009
[INFO] [1784729749.493450975] [unitree_safe_cmd_node]: Move x=0.500, y=0.000, z=0.000, stop_count=0, roi_count=11, lateral_count=0, nearest_x=1.35, clear_frames=4015
[INFO] [1784729750.038521772] [unitree_safe_cmd_node]: Move x=0.500, y=0.000, z=-0.064, stop_count=0, roi_count=8, lateral_count=0, nearest_x=1.33, clear_frames=4020
[INFO] [1784729750.538537833] [unitree_safe_cmd_node]: Move x=0.500, y=0.000, z=0.000, stop_count=0, roi_count=6, lateral_count=0, nearest_x=1.35, clear_frames=4025
[INFO] [1784729751.039406843] [unitree_safe_cmd_node]: Move x=0.500, y=0.000, z=0.000, stop_count=0, roi_count=10, lateral_count=0, nearest_x=1.33, clear_frames=4030
[INFO] [1784729751.588569916] [unitree_safe_cmd_node]: Move x=0.500, y=0.000, z=-0.064, stop_count=0, roi_count=2, lateral_count=0, nearest_x=1.48, clear_frames=4036
[INFO] [1784729752.088609066] [unitree_safe_cmd_node]: Move x=0.500, y=0.000, z=0.000, stop_count=0, roi_count=12, lateral_count=0, nearest_x=1.32, clear_frames=4041
[INFO] [1784729752.638655295] [unitree_safe_cmd_node]: Move x=0.500, y=0.000, z=0.000, stop_count=0, roi_count=2, lateral_count=0, nearest_x=1.48, clear_frames=4046
[INFO] [1784729753.189567162] [unitree_safe_cmd_node]: Move x=0.500, y=0.000, z=0.000, stop_count=0, roi_count=11, lateral_count=0, nearest_x=1.31, clear_frames=4052
[INFO] [1784729753.689304929] [unitree_safe_cmd_node]: Move x=0.500, y=0.000, z=-0.054, stop_count=0, roi_count=5, lateral_count=0, nearest_x=1.41, clear_frames=4057
[INFO] [1784729754.238564863] [unitree_safe_cmd_node]: Move x=0.500, y=0.000, z=0.000, stop_count=0, roi_count=6, lateral_count=0, nearest_x=1.35, clear_frames=4062
[INFO] [1784729754.738726344] [unitree_safe_cmd_node]: Move x=0.500, y=0.000, z=-0.006, stop_count=0, roi_count=10, lateral_count=0, nearest_x=1.28, clear_frames=4066
[INFO] [1784729755.239062590] [unitree_safe_cmd_node]: Move x=0.500, y=0.000, z=-0.050, stop_count=0, roi_count=11, lateral_count=0, nearest_x=1.34, clear_frames=4071
[INFO] [1784729755.738933031] [unitree_safe_cmd_node]: Move x=0.500, y=0.000, z=0.000, stop_count=0, roi_count=7, lateral_count=0, nearest_x=1.37, clear_frames=4076
[INFO] [1784729756.239088362] [unitree_safe_cmd_node]: Move x=0.500, y=0.000, z=0.000, stop_count=0, roi_count=12, lateral_count=0, nearest_x=1.36, clear_frames=4081
[INFO] [1784729756.743106382] [unitree_safe_cmd_node]: Move x=0.500, y=0.000, z=-0.057, stop_count=0, roi_count=11, lateral_count=0, nearest_x=1.37, clear_frames=4087
[INFO] [1784729757.288540399] [unitree_safe_cmd_node]: Move x=0.500, y=0.000, z=-0.049, stop_count=0, roi_count=9, lateral_count=0, nearest_x=1.31, clear_frames=4092
[INFO] [1784729757.788539034] [unitree_safe_cmd_node]: Move x=0.500, y=0.000, z=0.000, stop_count=0, roi_count=7, lateral_count=0, nearest_x=1.34, clear_frames=4097
[INFO] [1784729758.288617036] [unitree_safe_cmd_node]: Move x=0.500, y=0.000, z=-0.053, stop_count=0, roi_count=6, lateral_count=0, nearest_x=1.24, clear_frames=4102
[INFO] [1784729758.838639929] [unitree_safe_cmd_node]: Move x=0.500, y=0.000, z=0.000, stop_count=0, roi_count=0, lateral_count=0, nearest_x=inf, clear_frames=4108
[INFO] [1784729759.388774092] [unitree_safe_cmd_node]: Move x=0.500, y=0.000, z=0.000, stop_count=0, roi_count=14, lateral_count=0, nearest_x=1.31, clear_frames=4113
[INFO] [1784729759.938542976] [unitree_safe_cmd_node]: Move x=0.500, y=0.000, z=0.000, stop_count=0, roi_count=7, lateral_count=0, nearest_x=1.36, clear_frames=4119
[INFO] [1784729760.438798819] [unitree_safe_cmd_node]: Move x=0.500, y=0.000, z=-0.056, stop_count=0, roi_count=10, lateral_count=0, nearest_x=1.30, clear_frames=4124
[INFO] [1784729760.988648024] [unitree_safe_cmd_node]: Move x=0.500, y=0.000, z=0.000, stop_count=0, roi_count=11, lateral_count=0, nearest_x=1.42, clear_frames=4129
[INFO] [1784729761.538612107] [unitree_safe_cmd_node]: Move x=0.500, y=0.000, z=0.000, stop_count=0, roi_count=9, lateral_count=0, nearest_x=1.37, clear_frames=4135
[INFO] [1784729762.038627935] [unitree_safe_cmd_node]: Move x=0.500, y=0.000, z=-0.059, stop_count=0, roi_count=11, lateral_count=0, nearest_x=1.21, clear_frames=4140
[INFO] [1784729762.588653077] [unitree_safe_cmd_node]: Move x=0.500, y=0.000, z=0.000, stop_count=0, roi_count=13, lateral_count=0, nearest_x=1.34, clear_frames=4145
[INFO] [1784729763.089027905] [unitree_safe_cmd_node]: Move x=0.500, y=0.000, z=0.000, stop_count=0, roi_count=13, lateral_count=0, nearest_x=1.38, clear_frames=4150
[INFO] [1784729763.589452242] [unitree_safe_cmd_node]: Move x=0.500, y=0.000, z=0.000, stop_count=0, roi_count=2, lateral_count=0, nearest_x=1.26, clear_frames=4155
[INFO] [1784729764.138756681] [unitree_safe_cmd_node]: Move x=0.500, y=0.000, z=0.000, stop_count=0, roi_count=2, lateral_count=0, nearest_x=1.50, clear_frames=4161
[INFO] [1784729764.688897213] [unitree_safe_cmd_node]: Move x=0.500, y=0.000, z=0.000, stop_count=0, roi_count=16, lateral_count=0, nearest_x=1.30, clear_frames=4166
[INFO] [1784729765.189048048] [unitree_safe_cmd_node]: Move x=0.500, y=0.000, z=0.000, stop_count=0, roi_count=12, lateral_count=0, nearest_x=1.37, clear_frames=4172
[INFO] [1784729765.693680158] [unitree_safe_cmd_node]: Move x=0.500, y=0.000, z=-0.054, stop_count=0, roi_count=12, lateral_count=0, nearest_x=1.29, clear_frames=4177
[INFO] [1784729766.238814363] [unitree_safe_cmd_node]: Move x=0.500, y=0.000, z=0.000, stop_count=0, roi_count=11, lateral_count=0, nearest_x=1.33, clear_frames=4182
[INFO] [1784729766.738743805] [unitree_safe_cmd_node]: Move x=0.500, y=0.000, z=0.000, stop_count=0, roi_count=7, lateral_count=0, nearest_x=1.32, clear_frames=4187
[INFO] [1784729767.288584811] [unitree_safe_cmd_node]: Move x=0.500, y=0.000, z=-0.053, stop_count=0, roi_count=13, lateral_count=0, nearest_x=1.23, clear_frames=4193
[INFO] [1784729767.838589575] [unitree_safe_cmd_node]: Move x=0.500, y=0.000, z=-0.050, stop_count=0, roi_count=7, lateral_count=0, nearest_x=1.37, clear_frames=4198
[INFO] [1784729768.388618390] [unitree_safe_cmd_node]: Move x=0.500, y=0.000, z=0.000, stop_count=0, roi_count=12, lateral_count=0, nearest_x=1.31, clear_frames=4204
[INFO] [1784729768.938586475] [unitree_safe_cmd_node]: Move x=0.500, y=0.000, z=-0.004, stop_count=0, roi_count=18, lateral_count=0, nearest_x=1.29, clear_frames=4209
[INFO] [1784729769.438604847] [unitree_safe_cmd_node]: Move x=0.500, y=0.000, z=-0.003, stop_count=0, roi_count=13, lateral_count=0, nearest_x=1.37, clear_frames=4214
[INFO] [1784729769.938607275] [unitree_safe_cmd_node]: Move x=0.500, y=0.000, z=0.000, stop_count=0, roi_count=10, lateral_count=0, nearest_x=1.28, clear_frames=4219
[INFO] [1784729770.438756807] [unitree_safe_cmd_node]: Move x=0.500, y=0.000, z=-0.055, stop_count=0, roi_count=7, lateral_count=0, nearest_x=1.31, clear_frames=4224
[INFO] [1784729770.939369049] [unitree_safe_cmd_node]: Move x=0.500, y=0.000, z=0.000, stop_count=0, roi_count=17, lateral_count=0, nearest_x=1.31, clear_frames=4229
[INFO] [1784729771.488670774] [unitree_safe_cmd_node]: Move x=0.500, y=0.000, z=-0.050, stop_count=0, roi_count=13, lateral_count=0, nearest_x=1.34, clear_frames=4235
[INFO] [1784729772.039250684] [unitree_safe_cmd_node]: Move x=0.500, y=0.000, z=0.000, stop_count=0, roi_count=5, lateral_count=0, nearest_x=1.41, clear_frames=4240
[INFO] [1784729772.539597157] [unitree_safe_cmd_node]: Move x=0.500, y=0.000, z=-0.057, stop_count=0, roi_count=5, lateral_count=0, nearest_x=1.33, clear_frames=4245
[INFO] [1784729773.044076706] [unitree_safe_cmd_node]: Move x=0.500, y=0.000, z=0.000, stop_count=0, roi_count=10, lateral_count=0, nearest_x=1.42, clear_frames=4251
[INFO] [1784729773.588597693] [unitree_safe_cmd_node]: Move x=0.500, y=0.000, z=0.000, stop_count=0, roi_count=7, lateral_count=0, nearest_x=1.36, clear_frames=4256
[INFO] [1784729774.088621604] [unitree_safe_cmd_node]: Move x=0.500, y=0.000, z=0.000, stop_count=0, roi_count=17, lateral_count=0, nearest_x=1.26, clear_frames=4261
[INFO] [1784729774.638586768] [unitree_safe_cmd_node]: Move x=0.500, y=0.000, z=0.000, stop_count=0, roi_count=12, lateral_count=0, nearest_x=1.35, clear_frames=4267
[INFO] [1784729775.188558363] [unitree_safe_cmd_node]: Move x=0.500, y=0.000, z=0.000, stop_count=0, roi_count=11, lateral_count=0, nearest_x=1.37, clear_frames=4272
[INFO] [1784729775.689690584] [unitree_safe_cmd_node]: Move x=0.500, y=0.000, z=-0.004, stop_count=0, roi_count=5, lateral_count=0, nearest_x=1.31, clear_frames=4277
[INFO] [1784729776.238619025] [unitree_safe_cmd_node]: Move x=0.500, y=0.000, z=0.000, stop_count=0, roi_count=9, lateral_count=0, nearest_x=1.25, clear_frames=4283
[INFO] [1784729776.738642860] [unitree_safe_cmd_node]: Move x=0.500, y=0.000, z=0.000, stop_count=0, roi_count=11, lateral_count=0, nearest_x=1.33, clear_frames=4288
[INFO] [1784729777.238709976] [unitree_safe_cmd_node]: Move x=0.500, y=0.000, z=0.000, stop_count=0, roi_count=0, lateral_count=0, nearest_x=inf, clear_frames=4293
[INFO] [1784729777.739250387] [unitree_safe_cmd_node]: Move x=0.500, y=0.000, z=-0.055, stop_count=0, roi_count=13, lateral_count=0, nearest_x=1.30, clear_frames=4298
[INFO] [1784729778.288843261] [unitree_safe_cmd_node]: Move x=0.500, y=0.000, z=0.000, stop_count=0, roi_count=4, lateral_count=0, nearest_x=1.37, clear_frames=4303
[INFO] [1784729778.789058323] [unitree_safe_cmd_node]: Move x=0.500, y=0.000, z=0.000, stop_count=0, roi_count=17, lateral_count=0, nearest_x=1.26, clear_frames=4307
[INFO] [1784729779.339967559] [unitree_safe_cmd_node]: Move x=0.500, y=0.000, z=0.000, stop_count=0, roi_count=6, lateral_count=0, nearest_x=1.37, clear_frames=4312
[INFO] [1784729779.888728744] [unitree_safe_cmd_node]: Move x=0.500, y=0.000, z=0.000, stop_count=0, roi_count=1, lateral_count=0, nearest_x=1.31, clear_frames=4316
[INFO] [1784729780.390320536] [unitree_safe_cmd_node]: Move x=0.500, y=0.000, z=0.000, stop_count=0, roi_count=8, lateral_count=0, nearest_x=1.33, clear_frames=4320
[INFO] [1784729780.889547677] [unitree_safe_cmd_node]: Move x=0.500, y=0.000, z=0.000, stop_count=0, roi_count=6, lateral_count=0, nearest_x=1.39, clear_frames=4324
[INFO] [1784729781.389609855] [unitree_safe_cmd_node]: Move x=0.500, y=0.000, z=-0.062, stop_count=0, roi_count=3, lateral_count=0, nearest_x=1.43, clear_frames=4328
[INFO] [1784729781.939349501] [unitree_safe_cmd_node]: Move x=0.500, y=0.000, z=-0.056, stop_count=0, roi_count=6, lateral_count=0, nearest_x=1.36, clear_frames=4334
[INFO] [1784729782.439199547] [unitree_safe_cmd_node]: Move x=0.500, y=0.000, z=0.000, stop_count=0, roi_count=7, lateral_count=0, nearest_x=1.31, clear_frames=4339
[INFO] [1784729782.940553869] [unitree_safe_cmd_node]: Move x=0.500, y=0.000, z=0.000, stop_count=0, roi_count=9, lateral_count=0, nearest_x=1.31, clear_frames=4343
[INFO] [1784729783.488560698] [unitree_safe_cmd_node]: Move x=0.500, y=0.000, z=0.000, stop_count=0, roi_count=12, lateral_count=0, nearest_x=1.30, clear_frames=4348
[INFO] [1784729783.988567415] [unitree_safe_cmd_node]: Move x=0.500, y=0.000, z=0.000, stop_count=0, roi_count=4, lateral_count=0, nearest_x=1.35, clear_frames=4353
[INFO] [1784729784.538831768] [unitree_safe_cmd_node]: Move x=0.500, y=0.000, z=0.000, stop_count=0, roi_count=12, lateral_count=0, nearest_x=1.28, clear_frames=4358
[INFO] [1784729785.088787072] [unitree_safe_cmd_node]: Move x=0.500, y=0.000, z=0.000, stop_count=0, roi_count=4, lateral_count=0, nearest_x=1.46, clear_frames=4364
[INFO] [1784729785.588801475] [unitree_safe_cmd_node]: Move x=0.500, y=0.000, z=0.000, stop_count=0, roi_count=6, lateral_count=0, nearest_x=1.36, clear_frames=4369
[INFO] [1784729786.089371453] [unitree_safe_cmd_node]: Move x=0.500, y=0.000, z=-0.008, stop_count=0, roi_count=13, lateral_count=0, nearest_x=1.27, clear_frames=4374
[INFO] [1784729786.644773560] [unitree_safe_cmd_node]: Move x=0.500, y=0.000, z=-0.054, stop_count=0, roi_count=13, lateral_count=0, nearest_x=1.35, clear_frames=4379
[INFO] [1784729787.188645043] [unitree_safe_cmd_node]: Move x=0.500, y=0.000, z=0.000, stop_count=0, roi_count=10, lateral_count=0, nearest_x=1.38, clear_frames=4384
[INFO] [1784729787.689901907] [unitree_safe_cmd_node]: Move x=0.500, y=0.000, z=0.000, stop_count=0, roi_count=8, lateral_count=0, nearest_x=1.31, clear_frames=4389
[INFO] [1784729788.238583842] [unitree_safe_cmd_node]: Move x=0.500, y=0.000, z=0.000, stop_count=0, roi_count=7, lateral_count=0, nearest_x=1.31, clear_frames=4395
[INFO] [1784729788.788641480] [unitree_safe_cmd_node]: Move x=0.500, y=0.000, z=0.000, stop_count=0, roi_count=6, lateral_count=0, nearest_x=1.39, clear_frames=4401
[INFO] [1784729789.338577177] [unitree_safe_cmd_node]: Move x=0.500, y=0.000, z=0.000, stop_count=0, roi_count=13, lateral_count=0, nearest_x=1.31, clear_frames=4407
[INFO] [1784729789.841766371] [unitree_safe_cmd_node]: Move x=0.500, y=0.000, z=0.000, stop_count=0, roi_count=11, lateral_count=0, nearest_x=1.30, clear_frames=4413
[INFO] [1784729790.389332654] [unitree_safe_cmd_node]: Move x=0.500, y=0.000, z=0.000, stop_count=0, roi_count=6, lateral_count=0, nearest_x=1.40, clear_frames=4418
[INFO] [1784729790.939011265] [unitree_safe_cmd_node]: Move x=0.500, y=0.000, z=0.000, stop_count=0, roi_count=12, lateral_count=0, nearest_x=1.40, clear_frames=4424
[INFO] [1784729791.489043413] [unitree_safe_cmd_node]: Move x=0.500, y=0.000, z=-0.050, stop_count=0, roi_count=12, lateral_count=0, nearest_x=1.37, clear_frames=4430
[INFO] [1784729792.038770809] [unitree_safe_cmd_node]: Move x=0.500, y=0.000, z=-0.061, stop_count=0, roi_count=13, lateral_count=0, nearest_x=1.31, clear_frames=4436
[INFO] [1784729792.588557227] [unitree_safe_cmd_node]: Move x=0.500, y=0.000, z=-0.071, stop_count=0, roi_count=13, lateral_count=0, nearest_x=1.26, clear_frames=4442
[INFO] [1784729793.090408286] [unitree_safe_cmd_node]: Move x=0.500, y=0.000, z=-0.078, stop_count=0, roi_count=11, lateral_count=0, nearest_x=1.37, clear_frames=4448
[INFO] [1784729793.641107953] [unitree_safe_cmd_node]: Move x=0.500, y=0.000, z=-0.052, stop_count=0, roi_count=11, lateral_count=0, nearest_x=1.40, clear_frames=4453
[INFO] [1784729794.188888607] [unitree_safe_cmd_node]: Move x=0.500, y=0.000, z=0.000, stop_count=0, roi_count=6, lateral_count=0, nearest_x=1.39, clear_frames=4459
[INFO] [1784729794.689497178] [unitree_safe_cmd_node]: Move x=0.500, y=0.000, z=0.000, stop_count=0, roi_count=9, lateral_count=0, nearest_x=1.31, clear_frames=4465
[INFO] [1784729795.238980112] [unitree_safe_cmd_node]: Move x=0.500, y=0.000, z=0.000, stop_count=0, roi_count=16, lateral_count=0, nearest_x=1.32, clear_frames=4470
[INFO] [1784729795.788950580] [unitree_safe_cmd_node]: Move x=0.500, y=0.000, z=0.000, stop_count=0, roi_count=14, lateral_count=0, nearest_x=1.32, clear_frames=4476
[INFO] [1784729796.338764301] [unitree_safe_cmd_node]: Move x=0.500, y=0.000, z=0.000, stop_count=0, roi_count=9, lateral_count=0, nearest_x=1.32, clear_frames=4482
[INFO] [1784729796.888573309] [unitree_safe_cmd_node]: Move x=0.500, y=0.000, z=-0.055, stop_count=0, roi_count=7, lateral_count=0, nearest_x=1.29, clear_frames=4488
[INFO] [1784729797.438559068] [unitree_safe_cmd_node]: Move x=0.500, y=0.000, z=-0.005, stop_count=0, roi_count=12, lateral_count=0, nearest_x=1.28, clear_frames=4494
[INFO] [1784729797.988561280] [unitree_safe_cmd_node]: Move x=0.500, y=0.000, z=-0.050, stop_count=0, roi_count=7, lateral_count=0, nearest_x=1.36, clear_frames=4500
[INFO] [1784729798.493133551] [unitree_safe_cmd_node]: Move x=0.500, y=0.000, z=0.000, stop_count=0, roi_count=11, lateral_count=0, nearest_x=1.34, clear_frames=4506
[INFO] [1784729799.039087495] [unitree_safe_cmd_node]: Move x=0.500, y=0.000, z=0.000, stop_count=0, roi_count=7, lateral_count=0, nearest_x=1.31, clear_frames=4511
[INFO] [1784729799.589216000] [unitree_safe_cmd_node]: Move x=0.500, y=0.000, z=-0.054, stop_count=0, roi_count=13, lateral_count=0, nearest_x=1.30, clear_frames=4517
[INFO] [1784729800.138568700] [unitree_safe_cmd_node]: Move x=0.500, y=0.000, z=0.000, stop_count=0, roi_count=6, lateral_count=0, nearest_x=1.46, clear_frames=4523
[INFO] [1784729800.638960437] [unitree_safe_cmd_node]: Move x=0.500, y=0.000, z=0.000, stop_count=0, roi_count=6, lateral_count=0, nearest_x=1.37, clear_frames=4528
[INFO] [1784729801.139511175] [unitree_safe_cmd_node]: Move x=0.500, y=0.000, z=0.000, stop_count=0, roi_count=6, lateral_count=0, nearest_x=1.36, clear_frames=4533
[INFO] [1784729801.642320774] [unitree_safe_cmd_node]: Move x=0.500, y=0.000, z=-0.063, stop_count=0, roi_count=11, lateral_count=0, nearest_x=1.33, clear_frames=4539
[INFO] [1784729802.143424362] [unitree_safe_cmd_node]: Move x=0.500, y=0.000, z=0.000, stop_count=0, roi_count=5, lateral_count=0, nearest_x=1.46, clear_frames=4544
[INFO] [1784729802.689331691] [unitree_safe_cmd_node]: Move x=0.500, y=0.000, z=0.000, stop_count=0, roi_count=10, lateral_count=0, nearest_x=1.33, clear_frames=4549
[INFO] [1784729803.238723456] [unitree_safe_cmd_node]: Move x=0.500, y=0.000, z=-0.055, stop_count=0, roi_count=12, lateral_count=0, nearest_x=1.36, clear_frames=4555
[INFO] [1784729803.788591810] [unitree_safe_cmd_node]: Move x=0.500, y=0.000, z=0.000, stop_count=0, roi_count=6, lateral_count=0, nearest_x=1.41, clear_frames=4560
[INFO] [1784729804.288609342] [unitree_safe_cmd_node]: Move x=0.500, y=0.000, z=0.000, stop_count=0, roi_count=12, lateral_count=0, nearest_x=1.29, clear_frames=4565
[INFO] [1784729804.838824314] [unitree_safe_cmd_node]: Move x=0.500, y=0.000, z=0.000, stop_count=0, roi_count=9, lateral_count=0, nearest_x=1.29, clear_frames=4571
[INFO] [1784729805.389521886] [unitree_safe_cmd_node]: Move x=0.500, y=0.000, z=-0.065, stop_count=0, roi_count=4, lateral_count=0, nearest_x=1.40, clear_frames=4576
[INFO] [1784729805.938644989] [unitree_safe_cmd_node]: Move x=0.500, y=0.000, z=0.000, stop_count=0, roi_count=8, lateral_count=0, nearest_x=1.32, clear_frames=4582
[INFO] [1784729806.438596984] [unitree_safe_cmd_node]: Move x=0.500, y=0.000, z=0.000, stop_count=0, roi_count=5, lateral_count=0, nearest_x=1.37, clear_frames=4587
[INFO] [1784729806.938956119] [unitree_safe_cmd_node]: Move x=0.500, y=0.000, z=0.000, stop_count=0, roi_count=13, lateral_count=0, nearest_x=1.34, clear_frames=4590
[INFO] [1784729807.439116164] [unitree_safe_cmd_node]: Move x=0.500, y=0.000, z=0.000, stop_count=0, roi_count=6, lateral_count=0, nearest_x=1.37, clear_frames=4595
[INFO] [1784729807.988826045] [unitree_safe_cmd_node]: Move x=0.500, y=0.000, z=0.000, stop_count=0, roi_count=17, lateral_count=0, nearest_x=1.29, clear_frames=4601
[INFO] [1784729808.489057562] [unitree_safe_cmd_node]: Move x=0.500, y=0.000, z=0.000, stop_count=0, roi_count=12, lateral_count=0, nearest_x=1.38, clear_frames=4606
[INFO] [1784729808.991768325] [unitree_safe_cmd_node]: Move x=0.500, y=0.000, z=-0.061, stop_count=0, roi_count=12, lateral_count=0, nearest_x=1.34, clear_frames=4612
[INFO] [1784729809.491977258] [unitree_safe_cmd_node]: Move x=0.500, y=0.000, z=0.000, stop_count=0, roi_count=13, lateral_count=0, nearest_x=1.30, clear_frames=4617
[INFO] [1784729810.038595193] [unitree_safe_cmd_node]: Move x=0.500, y=0.000, z=0.000, stop_count=0, roi_count=13, lateral_count=0, nearest_x=1.29, clear_frames=4622
[INFO] [1784729810.588638574] [unitree_safe_cmd_node]: Move x=0.500, y=0.000, z=-0.059, stop_count=0, roi_count=6, lateral_count=0, nearest_x=1.33, clear_frames=4628
[INFO] [1784729811.088595861] [unitree_safe_cmd_node]: Move x=0.500, y=0.000, z=0.000, stop_count=0, roi_count=6, lateral_count=0, nearest_x=1.33, clear_frames=4633
[INFO] [1784729811.638585399] [unitree_safe_cmd_node]: Move x=0.500, y=0.000, z=0.000, stop_count=0, roi_count=15, lateral_count=0, nearest_x=1.32, clear_frames=4638
[INFO] [1784729812.188661561] [unitree_safe_cmd_node]: Move x=0.500, y=0.000, z=-0.064, stop_count=0, roi_count=6, lateral_count=0, nearest_x=1.37, clear_frames=4644
[INFO] [1784729812.689791780] [unitree_safe_cmd_node]: Move x=0.500, y=0.000, z=-0.054, stop_count=0, roi_count=5, lateral_count=0, nearest_x=1.41, clear_frames=4649
[INFO] [1784729813.239080428] [unitree_safe_cmd_node]: Move x=0.500, y=0.000, z=-0.055, stop_count=0, roi_count=13, lateral_count=0, nearest_x=1.35, clear_frames=4654
[INFO] [1784729813.738773322] [unitree_safe_cmd_node]: Move x=0.500, y=0.000, z=-0.069, stop_count=0, roi_count=8, lateral_count=0, nearest_x=1.29, clear_frames=4659
[INFO] [1784729814.288753643] [unitree_safe_cmd_node]: Move x=0.500, y=0.000, z=-0.074, stop_count=0, roi_count=6, lateral_count=0, nearest_x=1.41, clear_frames=4665
[INFO] [1784729814.788601693] [unitree_safe_cmd_node]: Move x=0.500, y=0.000, z=-0.007, stop_count=0, roi_count=10, lateral_count=0, nearest_x=1.31, clear_frames=4670
[INFO] [1784729815.288635558] [unitree_safe_cmd_node]: Move x=0.500, y=0.000, z=-0.065, stop_count=0, roi_count=6, lateral_count=0, nearest_x=1.33, clear_frames=4675
[INFO] [1784729815.839038667] [unitree_safe_cmd_node]: Move x=0.500, y=0.000, z=-0.062, stop_count=0, roi_count=5, lateral_count=0, nearest_x=1.33, clear_frames=4680
[INFO] [1784729816.389547029] [unitree_safe_cmd_node]: Move x=0.500, y=0.000, z=-0.050, stop_count=0, roi_count=13, lateral_count=0, nearest_x=1.30, clear_frames=4686
[INFO] [1784729816.938979221] [unitree_safe_cmd_node]: Move x=0.500, y=0.000, z=0.000, stop_count=0, roi_count=8, lateral_count=0, nearest_x=1.33, clear_frames=4691
[INFO] [1784729817.444430859] [unitree_safe_cmd_node]: Move x=0.500, y=0.000, z=0.000, stop_count=0, roi_count=12, lateral_count=0, nearest_x=1.37, clear_frames=4697
[INFO] [1784729817.988681493] [unitree_safe_cmd_node]: Move x=0.500, y=0.000, z=0.000, stop_count=0, roi_count=12, lateral_count=0, nearest_x=1.38, clear_frames=4702
[INFO] [1784729818.538664656] [unitree_safe_cmd_node]: Move x=0.500, y=0.000, z=0.000, stop_count=0, roi_count=6, lateral_count=0, nearest_x=1.33, clear_frames=4708
[INFO] [1784729819.038629729] [unitree_safe_cmd_node]: Move x=0.500, y=0.000, z=0.000, stop_count=0, roi_count=15, lateral_count=0, nearest_x=1.32, clear_frames=4712
[INFO] [1784729819.588631717] [unitree_safe_cmd_node]: Move x=0.500, y=0.000, z=-0.078, stop_count=0, roi_count=0, lateral_count=0, nearest_x=inf, clear_frames=4717
[INFO] [1784729820.138626296] [unitree_safe_cmd_node]: Move x=0.500, y=0.000, z=-0.072, stop_count=0, roi_count=7, lateral_count=0, nearest_x=1.33, clear_frames=4723
[INFO] [1784729820.689290064] [unitree_safe_cmd_node]: Move x=0.500, y=0.000, z=-0.005, stop_count=0, roi_count=5, lateral_count=0, nearest_x=1.34, clear_frames=4728
[INFO] [1784729821.238687158] [unitree_safe_cmd_node]: Move x=0.500, y=0.000, z=-0.061, stop_count=0, roi_count=12, lateral_count=0, nearest_x=1.32, clear_frames=4734
[INFO] [1784729821.739187177] [unitree_safe_cmd_node]: Move x=0.500, y=0.000, z=-0.064, stop_count=0, roi_count=10, lateral_count=0, nearest_x=1.40, clear_frames=4738
[INFO] [1784729822.288573044] [unitree_safe_cmd_node]: Move x=0.500, y=0.000, z=-0.065, stop_count=0, roi_count=15, lateral_count=0, nearest_x=1.30, clear_frames=4744
[INFO] [1784729822.793953537] [unitree_safe_cmd_node]: Move x=0.500, y=0.000, z=-0.066, stop_count=0, roi_count=17, lateral_count=0, nearest_x=1.32, clear_frames=4749
[INFO] [1784729823.338892092] [unitree_safe_cmd_node]: Move x=0.500, y=0.000, z=-0.082, stop_count=0, roi_count=10, lateral_count=0, nearest_x=1.35, clear_frames=4753
[INFO] [1784729823.889571710] [unitree_safe_cmd_node]: Move x=0.500, y=0.000, z=-0.009, stop_count=0, roi_count=7, lateral_count=0, nearest_x=1.31, clear_frames=4757
[INFO] [1784729824.438896037] [unitree_safe_cmd_node]: Move x=0.500, y=0.000, z=0.000, stop_count=0, roi_count=14, lateral_count=0, nearest_x=1.34, clear_frames=4762
[INFO] [1784729824.939010080] [unitree_safe_cmd_node]: Move x=0.500, y=0.000, z=-0.065, stop_count=0, roi_count=7, lateral_count=0, nearest_x=1.34, clear_frames=4767
[INFO] [1784729825.488602641] [unitree_safe_cmd_node]: Move x=0.500, y=0.000, z=-0.085, stop_count=0, roi_count=12, lateral_count=0, nearest_x=1.33, clear_frames=4772
[INFO] [1784729825.988773552] [unitree_safe_cmd_node]: Move x=0.500, y=0.000, z=-0.090, stop_count=0, roi_count=13, lateral_count=0, nearest_x=1.27, clear_frames=4777
[INFO] [1784729826.489008996] [unitree_safe_cmd_node]: Move x=0.500, y=0.000, z=-0.103, stop_count=0, roi_count=13, lateral_count=0, nearest_x=1.34, clear_frames=4782
[INFO] [1784729826.990447659] [unitree_safe_cmd_node]: Move x=0.500, y=0.000, z=-0.090, stop_count=0, roi_count=15, lateral_count=0, nearest_x=1.32, clear_frames=4788
[INFO] [1784729827.509630630] [unitree_safe_cmd_node]: Move x=0.500, y=0.000, z=-0.091, stop_count=0, roi_count=13, lateral_count=0, nearest_x=1.30, clear_frames=4793
[INFO] [1784729828.039211986] [unitree_safe_cmd_node]: Move x=0.500, y=0.000, z=-0.080, stop_count=0, roi_count=8, lateral_count=0, nearest_x=1.34, clear_frames=4798
[INFO] [1784729828.589135303] [unitree_safe_cmd_node]: Move x=0.500, y=0.000, z=-0.069, stop_count=0, roi_count=6, lateral_count=0, nearest_x=1.42, clear_frames=4804
[INFO] [1784729829.140852883] [unitree_safe_cmd_node]: Move x=0.500, y=0.000, z=0.000, stop_count=0, roi_count=7, lateral_count=0, nearest_x=1.34, clear_frames=4810
[INFO] [1784729829.689873317] [unitree_safe_cmd_node]: Move x=0.500, y=0.000, z=0.000, stop_count=0, roi_count=10, lateral_count=0, nearest_x=1.36, clear_frames=4816
[INFO] [1784729830.239880265] [unitree_safe_cmd_node]: Move x=0.500, y=0.000, z=0.000, stop_count=0, roi_count=5, lateral_count=0, nearest_x=1.38, clear_frames=4822
[INFO] [1784729830.796842388] [unitree_safe_cmd_node]: Move x=0.500, y=0.000, z=0.000, stop_count=0, roi_count=6, lateral_count=0, nearest_x=1.36, clear_frames=4827
[INFO] [1784729831.338725860] [unitree_safe_cmd_node]: Move x=0.500, y=0.000, z=0.000, stop_count=0, roi_count=5, lateral_count=0, nearest_x=1.35, clear_frames=4833
[INFO] [1784729831.839235732] [unitree_safe_cmd_node]: Move x=0.500, y=0.000, z=0.000, stop_count=0, roi_count=13, lateral_count=0, nearest_x=1.29, clear_frames=4838
[INFO] [1784729832.342886176] [unitree_safe_cmd_node]: Move x=0.500, y=0.000, z=0.000, stop_count=0, roi_count=12, lateral_count=0, nearest_x=1.35, clear_frames=4844
[INFO] [1784729832.888653977] [unitree_safe_cmd_node]: Move x=0.500, y=0.000, z=0.000, stop_count=0, roi_count=6, lateral_count=0, nearest_x=1.35, clear_frames=4849
[INFO] [1784729833.388904446] [unitree_safe_cmd_node]: Move x=0.500, y=0.000, z=0.000, stop_count=0, roi_count=12, lateral_count=0, nearest_x=1.36, clear_frames=4854
[INFO] [1784729833.889355611] [unitree_safe_cmd_node]: Move x=0.500, y=0.000, z=0.000, stop_count=0, roi_count=11, lateral_count=0, nearest_x=1.34, clear_frames=4859
[INFO] [1784729834.439261721] [unitree_safe_cmd_node]: Move x=0.500, y=0.000, z=-0.004, stop_count=0, roi_count=8, lateral_count=0, nearest_x=1.31, clear_frames=4865
[INFO] [1784729834.988650122] [unitree_safe_cmd_node]: Move x=0.500, y=0.000, z=-0.057, stop_count=0, roi_count=10, lateral_count=0, nearest_x=1.28, clear_frames=4871
[INFO] [1784729835.538698604] [unitree_safe_cmd_node]: Move x=0.500, y=0.000, z=-0.058, stop_count=0, roi_count=5, lateral_count=0, nearest_x=1.33, clear_frames=4877
[INFO] [1784729836.088686414] [unitree_safe_cmd_node]: Move x=0.500, y=0.000, z=-0.050, stop_count=0, roi_count=16, lateral_count=0, nearest_x=1.27, clear_frames=4882
[INFO] [1784729836.588684172] [unitree_safe_cmd_node]: Move x=0.500, y=0.000, z=-0.053, stop_count=0, roi_count=10, lateral_count=0, nearest_x=1.35, clear_frames=4887
[INFO] [1784729837.088924887] [unitree_safe_cmd_node]: Move x=0.500, y=0.000, z=0.000, stop_count=0, roi_count=13, lateral_count=0, nearest_x=1.34, clear_frames=4892
[INFO] [1784729837.589635480] [unitree_safe_cmd_node]: Move x=0.500, y=0.000, z=-0.062, stop_count=0, roi_count=10, lateral_count=0, nearest_x=1.30, clear_frames=4897
[INFO] [1784729838.088992133] [unitree_safe_cmd_node]: Move x=0.500, y=0.000, z=-0.004, stop_count=0, roi_count=13, lateral_count=0, nearest_x=1.28, clear_frames=4902
[INFO] [1784729838.638835666] [unitree_safe_cmd_node]: Move x=0.500, y=0.000, z=-0.056, stop_count=0, roi_count=11, lateral_count=0, nearest_x=1.40, clear_frames=4908
[INFO] [1784729839.188967917] [unitree_safe_cmd_node]: Move x=0.500, y=0.000, z=0.000, stop_count=0, roi_count=6, lateral_count=0, nearest_x=1.40, clear_frames=4913
[INFO] [1784729839.691250924] [unitree_safe_cmd_node]: Move x=0.500, y=0.000, z=0.000, stop_count=0, roi_count=7, lateral_count=0, nearest_x=1.37, clear_frames=4919
[INFO] [1784729840.192413836] [unitree_safe_cmd_node]: Move x=0.500, y=0.000, z=-0.063, stop_count=0, roi_count=8, lateral_count=0, nearest_x=1.29, clear_frames=4924
[INFO] [1784729840.738820065] [unitree_safe_cmd_node]: Move x=0.500, y=0.000, z=-0.050, stop_count=0, roi_count=11, lateral_count=0, nearest_x=1.35, clear_frames=4929
[INFO] [1784729841.288538283] [unitree_safe_cmd_node]: Move x=0.500, y=0.000, z=0.000, stop_count=0, roi_count=17, lateral_count=0, nearest_x=1.30, clear_frames=4935
[INFO] [1784729841.788715177] [unitree_safe_cmd_node]: Move x=0.500, y=0.000, z=-0.055, stop_count=0, roi_count=14, lateral_count=0, nearest_x=1.28, clear_frames=4940
[INFO] [1784729842.338574607] [unitree_safe_cmd_node]: Move x=0.500, y=0.000, z=-0.050, stop_count=0, roi_count=6, lateral_count=0, nearest_x=1.46, clear_frames=4945
[INFO] [1784729842.838577289] [unitree_safe_cmd_node]: Move x=0.500, y=0.000, z=0.000, stop_count=0, roi_count=4, lateral_count=0, nearest_x=1.49, clear_frames=4950
[INFO] [1784729843.339115020] [unitree_safe_cmd_node]: Move x=0.500, y=0.000, z=-0.053, stop_count=0, roi_count=12, lateral_count=0, nearest_x=1.31, clear_frames=4955
[INFO] [1784729843.888535886] [unitree_safe_cmd_node]: Move x=0.500, y=0.000, z=0.000, stop_count=0, roi_count=4, lateral_count=0, nearest_x=1.44, clear_frames=4961
[INFO] [1784729844.388822018] [unitree_safe_cmd_node]: Move x=0.500, y=0.000, z=0.000, stop_count=0, roi_count=6, lateral_count=0, nearest_x=1.39, clear_frames=4966
[INFO] [1784729844.939028313] [unitree_safe_cmd_node]: Move x=0.500, y=0.000, z=-0.006, stop_count=0, roi_count=6, lateral_count=0, nearest_x=1.39, clear_frames=4971
[INFO] [1784729845.488589131] [unitree_safe_cmd_node]: Move x=0.500, y=0.000, z=0.000, stop_count=0, roi_count=7, lateral_count=0, nearest_x=1.31, clear_frames=4977
[INFO] [1784729845.990139501] [unitree_safe_cmd_node]: Move x=0.500, y=0.000, z=0.000, stop_count=0, roi_count=12, lateral_count=0, nearest_x=1.35, clear_frames=4982
[INFO] [1784729846.489471732] [unitree_safe_cmd_node]: Move x=0.500, y=0.000, z=0.000, stop_count=0, roi_count=7, lateral_count=0, nearest_x=1.37, clear_frames=4986
[INFO] [1784729846.994441305] [unitree_safe_cmd_node]: Move x=0.500, y=0.000, z=0.000, stop_count=0, roi_count=6, lateral_count=0, nearest_x=1.44, clear_frames=4991
[INFO] [1784729847.541312398] [unitree_safe_cmd_node]: Move x=0.500, y=0.000, z=0.000, stop_count=0, roi_count=13, lateral_count=0, nearest_x=1.30, clear_frames=4996
[INFO] [1784729848.088991126] [unitree_safe_cmd_node]: Move x=0.500, y=0.000, z=0.000, stop_count=0, roi_count=6, lateral_count=0, nearest_x=1.36, clear_frames=5001
[INFO] [1784729848.638973836] [unitree_safe_cmd_node]: Move x=0.500, y=0.000, z=0.000, stop_count=0, roi_count=8, lateral_count=0, nearest_x=1.33, clear_frames=5007
[INFO] [1784729849.145762715] [unitree_safe_cmd_node]: Move x=0.500, y=0.000, z=0.000, stop_count=0, roi_count=7, lateral_count=0, nearest_x=1.32, clear_frames=5012
[INFO] [1784729849.702111261] [unitree_safe_cmd_node]: Move x=0.500, y=0.000, z=0.000, stop_count=0, roi_count=11, lateral_count=0, nearest_x=1.35, clear_frames=5018
[INFO] [1784729850.238608209] [unitree_safe_cmd_node]: Move x=0.500, y=0.000, z=-0.008, stop_count=0, roi_count=8, lateral_count=0, nearest_x=1.45, clear_frames=5023
[INFO] [1784729850.739263278] [unitree_safe_cmd_node]: Move x=0.500, y=0.000, z=-0.050, stop_count=0, roi_count=10, lateral_count=0, nearest_x=1.39, clear_frames=5028
[INFO] [1784729851.238922621] [unitree_safe_cmd_node]: Move x=0.500, y=0.000, z=-0.052, stop_count=0, roi_count=13, lateral_count=0, nearest_x=1.28, clear_frames=5032
[INFO] [1784729851.739031738] [unitree_safe_cmd_node]: Move x=0.500, y=0.000, z=0.000, stop_count=0, roi_count=8, lateral_count=0, nearest_x=1.33, clear_frames=5037
[INFO] [1784729852.294395543] [unitree_safe_cmd_node]: Move x=0.500, y=0.000, z=0.000, stop_count=0, roi_count=5, lateral_count=0, nearest_x=1.47, clear_frames=5043
[INFO] [1784729852.838759010] [unitree_safe_cmd_node]: Move x=0.500, y=0.000, z=0.000, stop_count=0, roi_count=6, lateral_count=0, nearest_x=1.35, clear_frames=5048
[INFO] [1784729853.338969003] [unitree_safe_cmd_node]: Move x=0.500, y=0.000, z=0.000, stop_count=0, roi_count=16, lateral_count=0, nearest_x=1.31, clear_frames=5053
[INFO] [1784729853.840136546] [unitree_safe_cmd_node]: Move x=0.500, y=0.000, z=-0.059, stop_count=0, roi_count=8, lateral_count=0, nearest_x=1.33, clear_frames=5058
[INFO] [1784729854.343098022] [unitree_safe_cmd_node]: Move x=0.500, y=0.000, z=0.000, stop_count=0, roi_count=6, lateral_count=0, nearest_x=1.43, clear_frames=5063
[INFO] [1784729854.889897883] [unitree_safe_cmd_node]: Move x=0.500, y=0.000, z=0.000, stop_count=0, roi_count=9, lateral_count=0, nearest_x=1.29, clear_frames=5068
[INFO] [1784729855.439244695] [unitree_safe_cmd_node]: Move x=0.500, y=0.000, z=0.000, stop_count=0, roi_count=6, lateral_count=0, nearest_x=1.41, clear_frames=5073
[INFO] [1784729855.988995689] [unitree_safe_cmd_node]: Move x=0.500, y=0.000, z=0.000, stop_count=0, roi_count=4, lateral_count=0, nearest_x=1.47, clear_frames=5079
[INFO] [1784729856.489600780] [unitree_safe_cmd_node]: Move x=0.500, y=0.000, z=0.000, stop_count=0, roi_count=14, lateral_count=0, nearest_x=1.33, clear_frames=5084
[INFO] [1784729856.992560102] [unitree_safe_cmd_node]: Move x=0.500, y=0.000, z=0.000, stop_count=0, roi_count=13, lateral_count=0, nearest_x=1.26, clear_frames=5090
[INFO] [1784729857.496422981] [unitree_safe_cmd_node]: Move x=0.500, y=0.000, z=0.000, stop_count=0, roi_count=9, lateral_count=0, nearest_x=1.32, clear_frames=5095
[INFO] [1784729858.038579067] [unitree_safe_cmd_node]: Move x=0.500, y=0.000, z=0.000, stop_count=0, roi_count=17, lateral_count=0, nearest_x=1.27, clear_frames=5100
[INFO] [1784729858.538687525] [unitree_safe_cmd_node]: Move x=0.500, y=0.000, z=0.000, stop_count=0, roi_count=7, lateral_count=0, nearest_x=1.38, clear_frames=5105
[INFO] [1784729859.088731848] [unitree_safe_cmd_node]: Move x=0.500, y=0.000, z=0.000, stop_count=0, roi_count=8, lateral_count=0, nearest_x=1.36, clear_frames=5111
[INFO] [1784729859.588664790] [unitree_safe_cmd_node]: Move x=0.500, y=0.000, z=0.000, stop_count=0, roi_count=7, lateral_count=0, nearest_x=1.35, clear_frames=5116
[INFO] [1784729860.138996997] [unitree_safe_cmd_node]: Move x=0.500, y=0.000, z=0.000, stop_count=0, roi_count=6, lateral_count=0, nearest_x=1.38, clear_frames=5121
[INFO] [1784729860.639752414] [unitree_safe_cmd_node]: Move x=0.500, y=0.000, z=-0.050, stop_count=0, roi_count=12, lateral_count=0, nearest_x=1.35, clear_frames=5126
[INFO] [1784729861.188630115] [unitree_safe_cmd_node]: Move x=0.500, y=0.000, z=0.000, stop_count=0, roi_count=1, lateral_count=0, nearest_x=1.32, clear_frames=5132
[INFO] [1784729861.689745731] [unitree_safe_cmd_node]: Move x=0.500, y=0.000, z=0.000, stop_count=0, roi_count=15, lateral_count=0, nearest_x=1.28, clear_frames=5137
[INFO] [1784729862.239051867] [unitree_safe_cmd_node]: Move x=0.500, y=0.000, z=-0.060, stop_count=0, roi_count=0, lateral_count=0, nearest_x=inf, clear_frames=5142
[INFO] [1784729862.788625040] [unitree_safe_cmd_node]: Move x=0.500, y=0.000, z=0.000, stop_count=0, roi_count=12, lateral_count=0, nearest_x=1.33, clear_frames=5148
[INFO] [1784729863.288644703] [unitree_safe_cmd_node]: Move x=0.500, y=0.000, z=0.000, stop_count=0, roi_count=5, lateral_count=0, nearest_x=1.40, clear_frames=5153
[INFO] [1784729863.838559291] [unitree_safe_cmd_node]: Move x=0.500, y=0.000, z=0.000, stop_count=0, roi_count=6, lateral_count=0, nearest_x=1.36, clear_frames=5159
[INFO] [1784729864.339257336] [unitree_safe_cmd_node]: Move x=0.500, y=0.000, z=-0.063, stop_count=0, roi_count=6, lateral_count=0, nearest_x=1.48, clear_frames=5163
[INFO] [1784729864.840444281] [unitree_safe_cmd_node]: Move x=0.500, y=0.000, z=0.000, stop_count=0, roi_count=6, lateral_count=0, nearest_x=1.33, clear_frames=5168
[INFO] [1784729865.388636234] [unitree_safe_cmd_node]: Move x=0.500, y=0.000, z=0.000, stop_count=0, roi_count=6, lateral_count=0, nearest_x=1.37, clear_frames=5174
[INFO] [1784729865.888740038] [unitree_safe_cmd_node]: Move x=0.500, y=0.000, z=-0.062, stop_count=0, roi_count=12, lateral_count=0, nearest_x=1.32, clear_frames=5179
[INFO] [1784729866.438565196] [unitree_safe_cmd_node]: Move x=0.500, y=0.000, z=-0.060, stop_count=0, roi_count=10, lateral_count=0, nearest_x=1.31, clear_frames=5184
[INFO] [1784729866.939099325] [unitree_safe_cmd_node]: Move x=0.500, y=0.000, z=-0.055, stop_count=0, roi_count=6, lateral_count=0, nearest_x=1.35, clear_frames=5189
[INFO] [1784729867.488953646] [unitree_safe_cmd_node]: Move x=0.500, y=0.000, z=-0.061, stop_count=0, roi_count=11, lateral_count=0, nearest_x=1.31, clear_frames=5194
[INFO] [1784729867.988957671] [unitree_safe_cmd_node]: Move x=0.500, y=0.000, z=-0.062, stop_count=0, roi_count=12, lateral_count=0, nearest_x=1.32, clear_frames=5199
[INFO] [1784729868.488995419] [unitree_safe_cmd_node]: Move x=0.500, y=0.000, z=0.000, stop_count=0, roi_count=10, lateral_count=0, nearest_x=1.45, clear_frames=5204
[INFO] [1784729868.989041987] [unitree_safe_cmd_node]: Move x=0.500, y=0.000, z=-0.063, stop_count=0, roi_count=14, lateral_count=0, nearest_x=1.30, clear_frames=5209
[INFO] [1784729869.489503046] [unitree_safe_cmd_node]: Move x=0.500, y=0.000, z=0.000, stop_count=0, roi_count=5, lateral_count=0, nearest_x=1.43, clear_frames=5214
[INFO] [1784729869.990520164] [unitree_safe_cmd_node]: Move x=0.500, y=0.000, z=0.000, stop_count=0, roi_count=11, lateral_count=0, nearest_x=1.37, clear_frames=5218
[INFO] [1784729870.538964683] [unitree_safe_cmd_node]: Move x=0.500, y=0.000, z=-0.050, stop_count=0, roi_count=9, lateral_count=0, nearest_x=1.32, clear_frames=5222
[INFO] [1784729871.089033873] [unitree_safe_cmd_node]: Move x=0.500, y=0.000, z=-0.057, stop_count=0, roi_count=11, lateral_count=0, nearest_x=1.36, clear_frames=5228
[INFO] [1784729871.638892234] [unitree_safe_cmd_node]: Move x=0.500, y=0.000, z=0.000, stop_count=0, roi_count=10, lateral_count=0, nearest_x=1.31, clear_frames=5234
[INFO] [1784729872.188748539] [unitree_safe_cmd_node]: Move x=0.500, y=0.000, z=0.000, stop_count=0, roi_count=8, lateral_count=0, nearest_x=1.31, clear_frames=5240
[INFO] [1784729872.690998029] [unitree_safe_cmd_node]: Move x=0.500, y=0.000, z=0.000, stop_count=0, roi_count=5, lateral_count=0, nearest_x=1.46, clear_frames=5246
[INFO] [1784729873.239525980] [unitree_safe_cmd_node]: Move x=0.500, y=0.000, z=0.000, stop_count=0, roi_count=12, lateral_count=0, nearest_x=1.35, clear_frames=5251
[INFO] [1784729873.789042905] [unitree_safe_cmd_node]: Move x=0.500, y=0.000, z=0.000, stop_count=0, roi_count=9, lateral_count=0, nearest_x=1.29, clear_frames=5257
[INFO] [1784729874.338598677] [unitree_safe_cmd_node]: Move x=0.500, y=0.000, z=-0.006, stop_count=0, roi_count=9, lateral_count=0, nearest_x=1.30, clear_frames=5263
[INFO] [1784729874.838837579] [unitree_safe_cmd_node]: Move x=0.500, y=0.000, z=-0.003, stop_count=0, roi_count=12, lateral_count=0, nearest_x=1.39, clear_frames=5268
[INFO] [1784729875.338969794] [unitree_safe_cmd_node]: Move x=0.500, y=0.000, z=-0.003, stop_count=0, roi_count=8, lateral_count=0, nearest_x=1.36, clear_frames=5273
[INFO] [1784729875.889588635] [unitree_safe_cmd_node]: Move x=0.500, y=0.000, z=-0.054, stop_count=0, roi_count=12, lateral_count=0, nearest_x=1.32, clear_frames=5278
[INFO] [1784729876.438644492] [unitree_safe_cmd_node]: Move x=0.500, y=0.000, z=0.000, stop_count=0, roi_count=6, lateral_count=0, nearest_x=1.37, clear_frames=5284
[INFO] [1784729876.938626307] [unitree_safe_cmd_node]: Move x=0.500, y=0.000, z=0.000, stop_count=0, roi_count=10, lateral_count=0, nearest_x=1.30, clear_frames=5289
[INFO] [1784729877.438803703] [unitree_safe_cmd_node]: Move x=0.500, y=0.000, z=-0.062, stop_count=0, roi_count=11, lateral_count=0, nearest_x=1.31, clear_frames=5294
[INFO] [1784729877.991217114] [unitree_safe_cmd_node]: Move x=0.500, y=0.000, z=-0.058, stop_count=0, roi_count=8, lateral_count=0, nearest_x=1.34, clear_frames=5300
[INFO] [1784729878.538987882] [unitree_safe_cmd_node]: Move x=0.500, y=0.000, z=0.000, stop_count=0, roi_count=14, lateral_count=0, nearest_x=1.33, clear_frames=5305
[INFO] [1784729879.069758619] [unitree_safe_cmd_node]: Move x=0.500, y=0.000, z=0.000, stop_count=0, roi_count=10, lateral_count=0, nearest_x=1.32, clear_frames=5311
[INFO] [1784729879.593639714] [unitree_safe_cmd_node]: Move x=0.500, y=0.000, z=-0.054, stop_count=0, roi_count=0, lateral_count=0, nearest_x=inf, clear_frames=5316
[INFO] [1784729880.138652470] [unitree_safe_cmd_node]: Move x=0.500, y=0.000, z=0.000, stop_count=0, roi_count=8, lateral_count=0, nearest_x=1.33, clear_frames=5321
[INFO] [1784729880.639391838] [unitree_safe_cmd_node]: Move x=0.500, y=0.000, z=0.000, stop_count=0, roi_count=16, lateral_count=0, nearest_x=1.31, clear_frames=5327
[INFO] [1784729881.188787388] [unitree_safe_cmd_node]: Move x=0.500, y=0.000, z=-0.055, stop_count=0, roi_count=18, lateral_count=0, nearest_x=1.30, clear_frames=5332
[INFO] [1784729881.689685131] [unitree_safe_cmd_node]: Move x=0.500, y=0.000, z=0.000, stop_count=0, roi_count=6, lateral_count=0, nearest_x=1.39, clear_frames=5337
[INFO] [1784729882.238755286] [unitree_safe_cmd_node]: Move x=0.500, y=0.000, z=0.000, stop_count=0, roi_count=6, lateral_count=0, nearest_x=1.34, clear_frames=5343
[INFO] [1784729882.739260911] [unitree_safe_cmd_node]: Move x=0.500, y=0.000, z=0.000, stop_count=0, roi_count=7, lateral_count=0, nearest_x=1.38, clear_frames=5348
[INFO] [1784729883.289457073] [unitree_safe_cmd_node]: Move x=0.500, y=0.000, z=0.000, stop_count=0, roi_count=9, lateral_count=0, nearest_x=1.37, clear_frames=5353
[INFO] [1784729883.838696256] [unitree_safe_cmd_node]: Move x=0.500, y=0.000, z=0.000, stop_count=0, roi_count=6, lateral_count=0, nearest_x=1.44, clear_frames=5359
[INFO] [1784729884.389019022] [unitree_safe_cmd_node]: Move x=0.500, y=0.000, z=0.000, stop_count=0, roi_count=6, lateral_count=0, nearest_x=1.36, clear_frames=5364
[INFO] [1784729884.938583604] [unitree_safe_cmd_node]: Move x=0.500, y=0.000, z=-0.059, stop_count=0, roi_count=10, lateral_count=0, nearest_x=1.28, clear_frames=5370
[INFO] [1784729885.438604245] [unitree_safe_cmd_node]: Move x=0.500, y=0.000, z=0.000, stop_count=0, roi_count=5, lateral_count=0, nearest_x=1.44, clear_frames=5375
[INFO] [1784729885.938673418] [unitree_safe_cmd_node]: Move x=0.500, y=0.000, z=0.000, stop_count=0, roi_count=12, lateral_count=0, nearest_x=1.32, clear_frames=5380
[INFO] [1784729886.488531929] [unitree_safe_cmd_node]: Move x=0.500, y=0.000, z=0.000, stop_count=0, roi_count=10, lateral_count=0, nearest_x=1.28, clear_frames=5386
[INFO] [1784729886.988683794] [unitree_safe_cmd_node]: Move x=0.500, y=0.000, z=-0.061, stop_count=0, roi_count=8, lateral_count=0, nearest_x=1.33, clear_frames=5391
[INFO] [1784729887.538586031] [unitree_safe_cmd_node]: Move x=0.500, y=0.000, z=0.000, stop_count=0, roi_count=7, lateral_count=0, nearest_x=1.39, clear_frames=5396
[INFO] [1784729888.088593460] [unitree_safe_cmd_node]: Move x=0.500, y=0.000, z=-0.053, stop_count=0, roi_count=6, lateral_count=0, nearest_x=1.33, clear_frames=5402
[INFO] [1784729888.588603623] [unitree_safe_cmd_node]: Move x=0.500, y=0.000, z=0.000, stop_count=0, roi_count=18, lateral_count=0, nearest_x=1.29, clear_frames=5407
[INFO] [1784729889.138631943] [unitree_safe_cmd_node]: Move x=0.500, y=0.000, z=0.000, stop_count=0, roi_count=10, lateral_count=0, nearest_x=1.32, clear_frames=5412
[INFO] [1784729889.638625632] [unitree_safe_cmd_node]: Move x=0.500, y=0.000, z=0.000, stop_count=0, roi_count=10, lateral_count=0, nearest_x=1.37, clear_frames=5417
[INFO] [1784729890.139323620] [unitree_safe_cmd_node]: Move x=0.500, y=0.000, z=-0.064, stop_count=0, roi_count=10, lateral_count=0, nearest_x=1.29, clear_frames=5422
[INFO] [1784729890.689918388] [unitree_safe_cmd_node]: Move x=0.500, y=0.000, z=0.000, stop_count=0, roi_count=8, lateral_count=0, nearest_x=1.36, clear_frames=5428
[INFO] [1784729891.238758051] [unitree_safe_cmd_node]: Move x=0.500, y=0.000, z=0.000, stop_count=0, roi_count=13, lateral_count=0, nearest_x=1.31, clear_frames=5433
[INFO] [1784729891.738697380] [unitree_safe_cmd_node]: Move x=0.500, y=0.000, z=-0.058, stop_count=0, roi_count=3, lateral_count=0, nearest_x=1.48, clear_frames=5438
[INFO] [1784729892.241015367] [unitree_safe_cmd_node]: Move x=0.500, y=0.000, z=-0.073, stop_count=0, roi_count=12, lateral_count=0, nearest_x=1.34, clear_frames=5443
[INFO] [1784729892.739940733] [unitree_safe_cmd_node]: Move x=0.500, y=0.000, z=-0.064, stop_count=0, roi_count=7, lateral_count=0, nearest_x=1.29, clear_frames=5446
[INFO] [1784729893.288937290] [unitree_safe_cmd_node]: Move x=0.500, y=0.000, z=-0.072, stop_count=0, roi_count=7, lateral_count=0, nearest_x=1.34, clear_frames=5451
[INFO] [1784729893.838618707] [unitree_safe_cmd_node]: Move x=0.500, y=0.000, z=-0.071, stop_count=0, roi_count=10, lateral_count=0, nearest_x=1.31, clear_frames=5457
[INFO] [1784729894.388659291] [unitree_safe_cmd_node]: Move x=0.500, y=0.000, z=-0.059, stop_count=0, roi_count=6, lateral_count=0, nearest_x=1.37, clear_frames=5462
[INFO] [1784729894.938561758] [unitree_safe_cmd_node]: Move x=0.500, y=0.000, z=-0.068, stop_count=0, roi_count=16, lateral_count=0, nearest_x=1.31, clear_frames=5468
[INFO] [1784729895.439022155] [unitree_safe_cmd_node]: Move x=0.500, y=0.000, z=-0.049, stop_count=0, roi_count=9, lateral_count=0, nearest_x=1.31, clear_frames=5472
[INFO] [1784729895.990276930] [unitree_safe_cmd_node]: Move x=0.500, y=0.000, z=0.000, stop_count=0, roi_count=7, lateral_count=0, nearest_x=1.37, clear_frames=5477
[INFO] [1784729896.539439020] [unitree_safe_cmd_node]: Move x=0.500, y=0.000, z=0.000, stop_count=0, roi_count=10, lateral_count=0, nearest_x=1.34, clear_frames=5482
[INFO] [1784729897.090028800] [unitree_safe_cmd_node]: Move x=0.500, y=0.000, z=-0.050, stop_count=0, roi_count=12, lateral_count=0, nearest_x=1.29, clear_frames=5488
[INFO] [1784729897.638740707] [unitree_safe_cmd_node]: Move x=0.500, y=0.000, z=-0.079, stop_count=0, roi_count=4, lateral_count=0, nearest_x=1.36, clear_frames=5493
[INFO] [1784729898.138886695] [unitree_safe_cmd_node]: Move x=0.500, y=0.000, z=-0.053, stop_count=0, roi_count=13, lateral_count=0, nearest_x=1.32, clear_frames=5498
[INFO] [1784729898.690323347] [unitree_safe_cmd_node]: Move x=0.500, y=0.000, z=0.000, stop_count=0, roi_count=13, lateral_count=0, nearest_x=1.29, clear_frames=5503
[INFO] [1784729899.238701459] [unitree_safe_cmd_node]: Move x=0.500, y=0.000, z=0.000, stop_count=0, roi_count=5, lateral_count=0, nearest_x=1.44, clear_frames=5509
[INFO] [1784729899.788659371] [unitree_safe_cmd_node]: Move x=0.500, y=0.000, z=0.000, stop_count=0, roi_count=3, lateral_count=0, nearest_x=1.49, clear_frames=5515
[INFO] [1784729900.291951686] [unitree_safe_cmd_node]: Move x=0.500, y=0.000, z=0.000, stop_count=0, roi_count=6, lateral_count=0, nearest_x=1.42, clear_frames=5521
[INFO] [1784729900.839900934] [unitree_safe_cmd_node]: Move x=0.500, y=0.000, z=0.000, stop_count=0, roi_count=16, lateral_count=0, nearest_x=1.31, clear_frames=5526
[INFO] [1784729901.388941949] [unitree_safe_cmd_node]: Move x=0.500, y=0.000, z=0.000, stop_count=0, roi_count=12, lateral_count=0, nearest_x=1.30, clear_frames=5532
[INFO] [1784729901.938678230] [unitree_safe_cmd_node]: Move x=0.500, y=0.000, z=0.000, stop_count=0, roi_count=9, lateral_count=0, nearest_x=1.33, clear_frames=5538
[INFO] [1784729902.488644757] [unitree_safe_cmd_node]: Move x=0.500, y=0.000, z=0.000, stop_count=0, roi_count=11, lateral_count=0, nearest_x=1.37, clear_frames=5544
[INFO] [1784729903.038579081] [unitree_safe_cmd_node]: Move x=0.500, y=0.000, z=0.000, stop_count=0, roi_count=17, lateral_count=0, nearest_x=1.29, clear_frames=5550
[INFO] [1784729903.589399835] [unitree_safe_cmd_node]: Move x=0.500, y=0.000, z=0.000, stop_count=0, roi_count=11, lateral_count=0, nearest_x=1.37, clear_frames=5556
[INFO] [1784729904.088668176] [unitree_safe_cmd_node]: Move x=0.500, y=0.000, z=0.000, stop_count=0, roi_count=8, lateral_count=0, nearest_x=1.36, clear_frames=5561
[INFO] [1784729904.589921143] [unitree_safe_cmd_node]: Move x=0.500, y=0.000, z=0.000, stop_count=0, roi_count=10, lateral_count=0, nearest_x=1.44, clear_frames=5565
[INFO] [1784729905.138847906] [unitree_safe_cmd_node]: Move x=0.500, y=0.000, z=0.000, stop_count=0, roi_count=6, lateral_count=0, nearest_x=1.35, clear_frames=5571
[INFO] [1784729905.638708508] [unitree_safe_cmd_node]: Move x=0.500, y=0.000, z=0.000, stop_count=0, roi_count=5, lateral_count=0, nearest_x=1.38, clear_frames=5576
[INFO] [1784729906.139178566] [unitree_safe_cmd_node]: Move x=0.500, y=0.000, z=0.000, stop_count=0, roi_count=5, lateral_count=0, nearest_x=1.29, clear_frames=5581
[INFO] [1784729906.638976584] [unitree_safe_cmd_node]: Move x=0.500, y=0.000, z=0.000, stop_count=0, roi_count=12, lateral_count=0, nearest_x=1.36, clear_frames=5586
[INFO] [1784729907.139454002] [unitree_safe_cmd_node]: Move x=0.500, y=0.000, z=0.000, stop_count=0, roi_count=11, lateral_count=0, nearest_x=1.36, clear_frames=5591
[INFO] [1784729907.689584397] [unitree_safe_cmd_node]: Move x=0.500, y=0.000, z=0.000, stop_count=0, roi_count=6, lateral_count=0, nearest_x=1.43, clear_frames=5597
[INFO] [1784729908.240731138] [unitree_safe_cmd_node]: Move x=0.500, y=0.000, z=0.000, stop_count=0, roi_count=9, lateral_count=0, nearest_x=1.29, clear_frames=5602
[INFO] [1784729908.741134853] [unitree_safe_cmd_node]: Move x=0.500, y=0.000, z=-0.056, stop_count=0, roi_count=8, lateral_count=0, nearest_x=1.30, clear_frames=5608
[INFO] [1784729909.289898981] [unitree_safe_cmd_node]: Move x=0.500, y=0.000, z=-0.055, stop_count=0, roi_count=6, lateral_count=0, nearest_x=1.39, clear_frames=5613
[INFO] [1784729909.838943228] [unitree_safe_cmd_node]: Move x=0.500, y=0.000, z=0.000, stop_count=0, roi_count=7, lateral_count=0, nearest_x=1.32, clear_frames=5618
[INFO] [1784729910.388911593] [unitree_safe_cmd_node]: Move x=0.500, y=0.000, z=0.000, stop_count=0, roi_count=11, lateral_count=0, nearest_x=1.42, clear_frames=5624
[INFO] [1784729910.938558223] [unitree_safe_cmd_node]: Move x=0.500, y=0.000, z=-0.065, stop_count=0, roi_count=10, lateral_count=0, nearest_x=1.29, clear_frames=5630
[INFO] [1784729911.438934770] [unitree_safe_cmd_node]: Move x=0.500, y=0.000, z=0.000, stop_count=0, roi_count=10, lateral_count=0, nearest_x=1.33, clear_frames=5635
[INFO] [1784729911.938696858] [unitree_safe_cmd_node]: Move x=0.500, y=0.000, z=0.000, stop_count=0, roi_count=11, lateral_count=0, nearest_x=1.30, clear_frames=5640
[INFO] [1784729912.438864840] [unitree_safe_cmd_node]: Move x=0.500, y=0.000, z=-0.056, stop_count=0, roi_count=18, lateral_count=0, nearest_x=1.28, clear_frames=5645
[INFO] [1784729912.988970767] [unitree_safe_cmd_node]: Move x=0.500, y=0.000, z=-0.044, stop_count=0, roi_count=6, lateral_count=0, nearest_x=1.37, clear_frames=5649
[INFO] [1784729913.488998191] [unitree_safe_cmd_node]: Move x=0.500, y=0.000, z=0.000, stop_count=0, roi_count=6, lateral_count=0, nearest_x=1.37, clear_frames=5654
[INFO] [1784729914.038560400] [unitree_safe_cmd_node]: Move x=0.500, y=0.000, z=0.000, stop_count=0, roi_count=13, lateral_count=0, nearest_x=1.32, clear_frames=5660
[INFO] [1784729914.542090474] [unitree_safe_cmd_node]: Move x=0.500, y=0.000, z=-0.059, stop_count=0, roi_count=7, lateral_count=0, nearest_x=1.38, clear_frames=5665
[INFO] [1784729915.088962238] [unitree_safe_cmd_node]: Move x=0.500, y=0.000, z=0.000, stop_count=0, roi_count=7, lateral_count=0, nearest_x=1.33, clear_frames=5670
[INFO] [1784729915.593274795] [unitree_safe_cmd_node]: Move x=0.500, y=0.000, z=-0.067, stop_count=0, roi_count=12, lateral_count=0, nearest_x=1.29, clear_frames=5674
[INFO] [1784729916.140054703] [unitree_safe_cmd_node]: Move x=0.500, y=0.000, z=-0.054, stop_count=0, roi_count=12, lateral_count=0, nearest_x=1.36, clear_frames=5677
[INFO] [1784729916.689613716] [unitree_safe_cmd_node]: Move x=0.500, y=0.000, z=0.000, stop_count=0, roi_count=5, lateral_count=0, nearest_x=1.34, clear_frames=5683
[INFO] [1784729917.238633355] [unitree_safe_cmd_node]: Move x=0.500, y=0.000, z=-0.060, stop_count=0, roi_count=6, lateral_count=0, nearest_x=1.34, clear_frames=5689
[INFO] [1784729917.738719338] [unitree_safe_cmd_node]: Move x=0.500, y=0.000, z=-0.062, stop_count=0, roi_count=11, lateral_count=0, nearest_x=1.40, clear_frames=5694
[INFO] [1784729918.288525542] [unitree_safe_cmd_node]: Move x=0.500, y=0.000, z=0.000, stop_count=0, roi_count=5, lateral_count=0, nearest_x=1.39, clear_frames=5700
[INFO] [1784729918.789303311] [unitree_safe_cmd_node]: Move x=0.500, y=0.000, z=0.000, stop_count=0, roi_count=6, lateral_count=0, nearest_x=1.40, clear_frames=5706
[INFO] [1784729919.338932589] [unitree_safe_cmd_node]: Move x=0.500, y=0.000, z=-0.084, stop_count=0, roi_count=10, lateral_count=0, nearest_x=1.30, clear_frames=5711
[INFO] [1784729919.889408720] [unitree_safe_cmd_node]: Move x=0.500, y=0.000, z=-0.071, stop_count=0, roi_count=6, lateral_count=0, nearest_x=1.43, clear_frames=5717
[INFO] [1784729920.438767680] [unitree_safe_cmd_node]: Move x=0.500, y=0.000, z=-0.064, stop_count=0, roi_count=6, lateral_count=0, nearest_x=1.31, clear_frames=5723
[INFO] [1784729920.988594224] [unitree_safe_cmd_node]: Move x=0.500, y=0.000, z=-0.060, stop_count=0, roi_count=6, lateral_count=0, nearest_x=1.38, clear_frames=5729
[INFO] [1784729921.538595338] [unitree_safe_cmd_node]: Move x=0.500, y=0.000, z=-0.068, stop_count=0, roi_count=18, lateral_count=0, nearest_x=1.31, clear_frames=5735
[INFO] [1784729922.039093029] [unitree_safe_cmd_node]: Move x=0.500, y=0.000, z=-0.058, stop_count=0, roi_count=17, lateral_count=0, nearest_x=1.32, clear_frames=5740
[INFO] [1784729922.541172816] [unitree_safe_cmd_node]: Move x=0.500, y=0.000, z=0.000, stop_count=0, roi_count=6, lateral_count=0, nearest_x=1.42, clear_frames=5745
[INFO] [1784729923.088603084] [unitree_safe_cmd_node]: Move x=0.500, y=0.000, z=-0.002, stop_count=0, roi_count=6, lateral_count=0, nearest_x=1.37, clear_frames=5751
[INFO] [1784729923.588735714] [unitree_safe_cmd_node]: Move x=0.500, y=0.000, z=-0.050, stop_count=0, roi_count=12, lateral_count=0, nearest_x=1.38, clear_frames=5756
[INFO] [1784729924.088976774] [unitree_safe_cmd_node]: Move x=0.500, y=0.000, z=0.000, stop_count=0, roi_count=6, lateral_count=0, nearest_x=1.34, clear_frames=5761
[INFO] [1784729924.588931880] [unitree_safe_cmd_node]: Move x=0.500, y=0.000, z=0.000, stop_count=0, roi_count=16, lateral_count=0, nearest_x=1.32, clear_frames=5766
[INFO] [1784729925.089920984] [unitree_safe_cmd_node]: Move x=0.500, y=0.000, z=-0.061, stop_count=0, roi_count=6, lateral_count=0, nearest_x=1.36, clear_frames=5771
[INFO] [1784729925.638524210] [unitree_safe_cmd_node]: Move x=0.500, y=0.000, z=-0.053, stop_count=0, roi_count=10, lateral_count=0, nearest_x=1.43, clear_frames=5777
[INFO] [1784729926.139663999] [unitree_safe_cmd_node]: Move x=0.500, y=0.000, z=0.000, stop_count=0, roi_count=12, lateral_count=0, nearest_x=1.34, clear_frames=5780
[INFO] [1784729926.641542705] [unitree_safe_cmd_node]: Move x=0.500, y=0.000, z=-0.053, stop_count=0, roi_count=12, lateral_count=0, nearest_x=1.35, clear_frames=5786
[INFO] [1784729927.188585668] [unitree_safe_cmd_node]: Move x=0.500, y=0.000, z=-0.050, stop_count=0, roi_count=6, lateral_count=0, nearest_x=1.32, clear_frames=5791
[INFO] [1784729927.689634627] [unitree_safe_cmd_node]: Move x=0.500, y=0.000, z=0.000, stop_count=0, roi_count=12, lateral_count=0, nearest_x=1.28, clear_frames=5796
[INFO] [1784729928.238575549] [unitree_safe_cmd_node]: Move x=0.500, y=0.000, z=-0.057, stop_count=0, roi_count=8, lateral_count=0, nearest_x=1.30, clear_frames=5802
[INFO] [1784729928.738972153] [unitree_safe_cmd_node]: Move x=0.500, y=0.000, z=-0.052, stop_count=0, roi_count=0, lateral_count=0, nearest_x=inf, clear_frames=5807
[INFO] [1784729929.289500813] [unitree_safe_cmd_node]: Move x=0.500, y=0.000, z=-0.056, stop_count=0, roi_count=19, lateral_count=0, nearest_x=1.26, clear_frames=5812
[INFO] [1784729929.838754481] [unitree_safe_cmd_node]: Move x=0.500, y=0.000, z=0.000, stop_count=0, roi_count=6, lateral_count=0, nearest_x=1.39, clear_frames=5818
[INFO] [1784729930.338665985] [unitree_safe_cmd_node]: Move x=0.500, y=0.000, z=0.000, stop_count=0, roi_count=13, lateral_count=0, nearest_x=1.27, clear_frames=5823
[INFO] [1784729930.889439731] [unitree_safe_cmd_node]: Move x=0.500, y=0.000, z=-0.057, stop_count=0, roi_count=12, lateral_count=0, nearest_x=1.40, clear_frames=5828
[INFO] [1784729931.438598762] [unitree_safe_cmd_node]: Move x=0.500, y=0.000, z=0.000, stop_count=0, roi_count=9, lateral_count=0, nearest_x=1.32, clear_frames=5834
[INFO] [1784729931.988773556] [unitree_safe_cmd_node]: Move x=0.500, y=0.000, z=0.000, stop_count=0, roi_count=7, lateral_count=0, nearest_x=1.30, clear_frames=5840
[INFO] [1784729932.538870221] [unitree_safe_cmd_node]: Move x=0.500, y=0.000, z=0.000, stop_count=0, roi_count=5, lateral_count=0, nearest_x=1.36, clear_frames=5845
[INFO] [1784729933.089470232] [unitree_safe_cmd_node]: Move x=0.500, y=0.000, z=-0.056, stop_count=0, roi_count=6, lateral_count=0, nearest_x=1.34, clear_frames=5851
[INFO] [1784729933.638578784] [unitree_safe_cmd_node]: Move x=0.500, y=0.000, z=0.000, stop_count=0, roi_count=10, lateral_count=0, nearest_x=1.38, clear_frames=5856
[INFO] [1784729934.188617900] [unitree_safe_cmd_node]: Move x=0.500, y=0.000, z=0.000, stop_count=0, roi_count=6, lateral_count=0, nearest_x=1.38, clear_frames=5862
[INFO] [1784729934.689569729] [unitree_safe_cmd_node]: Move x=0.500, y=0.000, z=0.000, stop_count=0, roi_count=9, lateral_count=0, nearest_x=1.33, clear_frames=5867
[INFO] [1784729935.238807985] [unitree_safe_cmd_node]: Move x=0.500, y=0.000, z=0.000, stop_count=0, roi_count=7, lateral_count=0, nearest_x=1.34, clear_frames=5872
[INFO] [1784729935.739125706] [unitree_safe_cmd_node]: Move x=0.500, y=0.000, z=0.000, stop_count=0, roi_count=12, lateral_count=0, nearest_x=1.39, clear_frames=5877
[INFO] [1784729936.288593172] [unitree_safe_cmd_node]: Move x=0.500, y=0.000, z=0.000, stop_count=0, roi_count=12, lateral_count=0, nearest_x=1.33, clear_frames=5882
[INFO] [1784729936.788586874] [unitree_safe_cmd_node]: Move x=0.500, y=0.000, z=0.000, stop_count=0, roi_count=15, lateral_count=0, nearest_x=1.29, clear_frames=5887
[INFO] [1784729937.288864061] [unitree_safe_cmd_node]: Move x=0.500, y=0.000, z=-0.054, stop_count=0, roi_count=9, lateral_count=0, nearest_x=1.28, clear_frames=5892
[INFO] [1784729937.788915700] [unitree_safe_cmd_node]: Move x=0.500, y=0.000, z=0.000, stop_count=0, roi_count=8, lateral_count=0, nearest_x=1.34, clear_frames=5897
[INFO] [1784729938.338998840] [unitree_safe_cmd_node]: Move x=0.500, y=0.000, z=0.000, stop_count=0, roi_count=12, lateral_count=0, nearest_x=1.44, clear_frames=5902
[INFO] [1784729938.838977893] [unitree_safe_cmd_node]: Move x=0.500, y=0.000, z=0.000, stop_count=0, roi_count=7, lateral_count=0, nearest_x=1.33, clear_frames=5906
[INFO] [1784729939.389618149] [unitree_safe_cmd_node]: Move x=0.500, y=0.000, z=0.000, stop_count=0, roi_count=8, lateral_count=0, nearest_x=1.32, clear_frames=5911
[INFO] [1784729939.891918345] [unitree_safe_cmd_node]: Move x=0.500, y=0.000, z=0.000, stop_count=0, roi_count=13, lateral_count=0, nearest_x=1.29, clear_frames=5917
[INFO] [1784729940.438530606] [unitree_safe_cmd_node]: Move x=0.500, y=0.000, z=-0.056, stop_count=0, roi_count=7, lateral_count=0, nearest_x=1.34, clear_frames=5922
[INFO] [1784729940.938771526] [unitree_safe_cmd_node]: Move x=0.500, y=0.000, z=0.000, stop_count=0, roi_count=11, lateral_count=0, nearest_x=1.37, clear_frames=5927
[INFO] [1784729941.488657903] [unitree_safe_cmd_node]: Move x=0.500, y=0.000, z=0.000, stop_count=0, roi_count=8, lateral_count=0, nearest_x=1.29, clear_frames=5933
[INFO] [1784729942.038543846] [unitree_safe_cmd_node]: Move x=0.500, y=0.000, z=-0.054, stop_count=0, roi_count=6, lateral_count=0, nearest_x=1.38, clear_frames=5939
[INFO] [1784729942.543585879] [unitree_safe_cmd_node]: Move x=0.500, y=0.000, z=0.000, stop_count=0, roi_count=19, lateral_count=0, nearest_x=1.26, clear_frames=5945
[INFO] [1784729943.088891311] [unitree_safe_cmd_node]: Move x=0.500, y=0.000, z=-0.058, stop_count=0, roi_count=6, lateral_count=0, nearest_x=1.41, clear_frames=5950
[INFO] [1784729943.638767934] [unitree_safe_cmd_node]: Move x=0.500, y=0.000, z=-0.066, stop_count=0, roi_count=10, lateral_count=0, nearest_x=1.28, clear_frames=5956
[INFO] [1784729944.139349163] [unitree_safe_cmd_node]: Move x=0.500, y=0.000, z=-0.065, stop_count=0, roi_count=17, lateral_count=0, nearest_x=1.30, clear_frames=5961
[INFO] [1784729944.689402905] [unitree_safe_cmd_node]: Move x=0.500, y=0.000, z=-0.059, stop_count=0, roi_count=7, lateral_count=0, nearest_x=1.32, clear_frames=5967
[INFO] [1784729945.238694583] [unitree_safe_cmd_node]: Move x=0.500, y=0.000, z=-0.073, stop_count=0, roi_count=8, lateral_count=0, nearest_x=1.35, clear_frames=5973
[INFO] [1784729945.738763160] [unitree_safe_cmd_node]: Move x=0.500, y=0.000, z=-0.069, stop_count=0, roi_count=10, lateral_count=0, nearest_x=1.35, clear_frames=5978
[INFO] [1784729946.238744253] [unitree_safe_cmd_node]: Move x=0.500, y=0.000, z=-0.059, stop_count=0, roi_count=13, lateral_count=0, nearest_x=1.29, clear_frames=5983
[INFO] [1784729946.791759129] [unitree_safe_cmd_node]: Move x=0.500, y=0.000, z=-0.061, stop_count=0, roi_count=7, lateral_count=0, nearest_x=1.29, clear_frames=5989
[INFO] [1784729947.338674505] [unitree_safe_cmd_node]: Move x=0.500, y=0.000, z=-0.068, stop_count=0, roi_count=10, lateral_count=0, nearest_x=1.32, clear_frames=5994
[INFO] [1784729947.888555764] [unitree_safe_cmd_node]: Move x=0.500, y=0.000, z=-0.077, stop_count=0, roi_count=9, lateral_count=0, nearest_x=1.31, clear_frames=6000
[INFO] [1784729948.388631680] [unitree_safe_cmd_node]: Move x=0.500, y=0.000, z=-0.077, stop_count=0, roi_count=9, lateral_count=0, nearest_x=1.28, clear_frames=6005
[INFO] [1784729948.938662306] [unitree_safe_cmd_node]: Move x=0.500, y=0.000, z=-0.068, stop_count=0, roi_count=10, lateral_count=0, nearest_x=1.36, clear_frames=6010
[INFO] [1784729949.488623201] [unitree_safe_cmd_node]: Move x=0.500, y=0.000, z=-0.058, stop_count=0, roi_count=8, lateral_count=0, nearest_x=1.32, clear_frames=6016
[INFO] [1784729949.990948419] [unitree_safe_cmd_node]: Move x=0.500, y=0.000, z=-0.053, stop_count=0, roi_count=14, lateral_count=0, nearest_x=1.29, clear_frames=6021
[INFO] [1784729950.546184371] [unitree_safe_cmd_node]: Move x=0.500, y=0.000, z=-0.048, stop_count=0, roi_count=7, lateral_count=0, nearest_x=1.34, clear_frames=6026
[INFO] [1784729951.090005963] [unitree_safe_cmd_node]: Move x=0.500, y=0.000, z=-0.055, stop_count=0, roi_count=13, lateral_count=0, nearest_x=1.34, clear_frames=6032
[INFO] [1784729951.639309813] [unitree_safe_cmd_node]: Move x=0.500, y=0.000, z=0.000, stop_count=0, roi_count=11, lateral_count=0, nearest_x=1.43, clear_frames=6037
[INFO] [1784729952.139400131] [unitree_safe_cmd_node]: Move x=0.500, y=0.000, z=0.000, stop_count=0, roi_count=5, lateral_count=0, nearest_x=1.40, clear_frames=6042
[INFO] [1784729952.689675752] [unitree_safe_cmd_node]: Move x=0.500, y=0.000, z=-0.061, stop_count=0, roi_count=2, lateral_count=0, nearest_x=1.49, clear_frames=6048
[INFO] [1784729953.239708437] [unitree_safe_cmd_node]: Move x=0.500, y=0.000, z=0.000, stop_count=0, roi_count=6, lateral_count=0, nearest_x=1.35, clear_frames=6054
[INFO] [1784729953.788745985] [unitree_safe_cmd_node]: Move x=0.500, y=0.000, z=-0.005, stop_count=0, roi_count=12, lateral_count=0, nearest_x=1.30, clear_frames=6059
[INFO] [1784729954.288598836] [unitree_safe_cmd_node]: Move x=0.500, y=0.000, z=0.000, stop_count=0, roi_count=12, lateral_count=0, nearest_x=1.40, clear_frames=6064
[INFO] [1784729954.788582996] [unitree_safe_cmd_node]: Move x=0.500, y=0.000, z=0.000, stop_count=0, roi_count=9, lateral_count=0, nearest_x=1.35, clear_frames=6069
[INFO] [1784729955.338563194] [unitree_safe_cmd_node]: Move x=0.500, y=0.000, z=0.000, stop_count=0, roi_count=6, lateral_count=0, nearest_x=1.32, clear_frames=6075
[INFO] [1784729955.838634404] [unitree_safe_cmd_node]: Move x=0.500, y=0.000, z=0.000, stop_count=0, roi_count=14, lateral_count=0, nearest_x=1.25, clear_frames=6080
[INFO] [1784729956.338927967] [unitree_safe_cmd_node]: Move x=0.500, y=0.000, z=-0.052, stop_count=0, roi_count=6, lateral_count=0, nearest_x=1.35, clear_frames=6085
[INFO] [1784729956.839563379] [unitree_safe_cmd_node]: Move x=0.500, y=0.000, z=-0.073, stop_count=0, roi_count=12, lateral_count=0, nearest_x=1.30, clear_frames=6089
[INFO] [1784729957.388563617] [unitree_safe_cmd_node]: Move x=0.500, y=0.000, z=0.000, stop_count=0, roi_count=13, lateral_count=0, nearest_x=1.33, clear_frames=6094
[INFO] [1784729957.938601469] [unitree_safe_cmd_node]: Move x=0.500, y=0.000, z=0.000, stop_count=0, roi_count=11, lateral_count=0, nearest_x=1.33, clear_frames=6100
[INFO] [1784729958.488632130] [unitree_safe_cmd_node]: Move x=0.500, y=0.000, z=0.000, stop_count=0, roi_count=16, lateral_count=0, nearest_x=1.30, clear_frames=6105
[INFO] [1784729958.989075419] [unitree_safe_cmd_node]: Move x=0.500, y=0.000, z=0.000, stop_count=0, roi_count=15, lateral_count=0, nearest_x=1.31, clear_frames=6110
[INFO] [1784729959.489398820] [unitree_safe_cmd_node]: Move x=0.500, y=0.000, z=-0.057, stop_count=0, roi_count=15, lateral_count=0, nearest_x=1.33, clear_frames=6114
[INFO] [1784729959.990460288] [unitree_safe_cmd_node]: Move x=0.500, y=0.000, z=-0.055, stop_count=0, roi_count=6, lateral_count=0, nearest_x=1.43, clear_frames=6119
[INFO] [1784729960.491784787] [unitree_safe_cmd_node]: Move x=0.500, y=0.000, z=0.000, stop_count=0, roi_count=16, lateral_count=0, nearest_x=1.29, clear_frames=6125
[INFO] [1784729961.040251167] [unitree_safe_cmd_node]: Move x=0.500, y=0.000, z=0.000, stop_count=0, roi_count=10, lateral_count=0, nearest_x=1.36, clear_frames=6130
[INFO] [1784729961.540624023] [unitree_safe_cmd_node]: Move x=0.500, y=0.000, z=0.000, stop_count=0, roi_count=11, lateral_count=0, nearest_x=1.40, clear_frames=6133
[INFO] [1784729962.090722635] [unitree_safe_cmd_node]: Move x=0.500, y=0.000, z=-0.058, stop_count=0, roi_count=10, lateral_count=0, nearest_x=1.28, clear_frames=6138
[INFO] [1784729962.589155011] [unitree_safe_cmd_node]: Move x=0.500, y=0.000, z=-0.053, stop_count=0, roi_count=6, lateral_count=0, nearest_x=1.38, clear_frames=6141
[INFO] [1784729963.138743397] [unitree_safe_cmd_node]: Move x=0.500, y=0.000, z=0.000, stop_count=0, roi_count=6, lateral_count=0, nearest_x=1.36, clear_frames=6146
[INFO] [1784729963.639195107] [unitree_safe_cmd_node]: Move x=0.500, y=0.000, z=0.000, stop_count=0, roi_count=13, lateral_count=0, nearest_x=1.33, clear_frames=6152
[INFO] [1784729964.189009603] [unitree_safe_cmd_node]: Move x=0.500, y=0.000, z=0.000, stop_count=0, roi_count=13, lateral_count=0, nearest_x=1.38, clear_frames=6157
[INFO] [1784729964.689927720] [unitree_safe_cmd_node]: Move x=0.500, y=0.000, z=0.000, stop_count=0, roi_count=5, lateral_count=0, nearest_x=1.47, clear_frames=6163
[INFO] [1784729965.238600122] [unitree_safe_cmd_node]: Move x=0.500, y=0.000, z=0.000, stop_count=0, roi_count=4, lateral_count=0, nearest_x=1.46, clear_frames=6169
[INFO] [1784729965.738642393] [unitree_safe_cmd_node]: Move x=0.500, y=0.000, z=-0.069, stop_count=0, roi_count=15, lateral_count=0, nearest_x=1.30, clear_frames=6174
[INFO] [1784729966.242964794] [unitree_safe_cmd_node]: Move x=0.500, y=0.000, z=-0.057, stop_count=0, roi_count=4, lateral_count=0, nearest_x=1.48, clear_frames=6180
[INFO] [1784729966.788713535] [unitree_safe_cmd_node]: Move x=0.500, y=0.000, z=0.000, stop_count=0, roi_count=4, lateral_count=0, nearest_x=1.35, clear_frames=6185
[INFO] [1784729967.330526353] [unitree_safe_cmd_node]: Move x=0.500, y=0.000, z=-0.056, stop_count=0, roi_count=10, lateral_count=0, nearest_x=1.36, clear_frames=6191
[INFO] [1784729967.838839146] [unitree_safe_cmd_node]: Move x=0.500, y=0.000, z=-0.050, stop_count=0, roi_count=12, lateral_count=0, nearest_x=1.31, clear_frames=6195
[INFO] [1784729968.338848738] [unitree_safe_cmd_node]: Move x=0.500, y=0.000, z=-0.057, stop_count=0, roi_count=9, lateral_count=0, nearest_x=1.38, clear_frames=6200
[INFO] [1784729968.888555604] [unitree_safe_cmd_node]: Move x=0.500, y=0.000, z=0.000, stop_count=0, roi_count=7, lateral_count=0, nearest_x=1.31, clear_frames=6206
[INFO] [1784729969.388683719] [unitree_safe_cmd_node]: Move x=0.500, y=0.000, z=-0.058, stop_count=0, roi_count=16, lateral_count=0, nearest_x=1.32, clear_frames=6211
[INFO] [1784729969.938735205] [unitree_safe_cmd_node]: Move x=0.500, y=0.000, z=-0.057, stop_count=0, roi_count=6, lateral_count=0, nearest_x=1.40, clear_frames=6217
[INFO] [1784729970.438650758] [unitree_safe_cmd_node]: Move x=0.500, y=0.000, z=0.000, stop_count=0, roi_count=5, lateral_count=0, nearest_x=1.45, clear_frames=6222
[INFO] [1784729970.940311197] [unitree_safe_cmd_node]: Move x=0.500, y=0.000, z=0.000, stop_count=0, roi_count=10, lateral_count=0, nearest_x=1.32, clear_frames=6227
[INFO] [1784729971.488597543] [unitree_safe_cmd_node]: Move x=0.500, y=0.000, z=0.000, stop_count=0, roi_count=11, lateral_count=0, nearest_x=1.40, clear_frames=6232
[INFO] [1784729971.988683038] [unitree_safe_cmd_node]: Move x=0.500, y=0.000, z=0.000, stop_count=0, roi_count=6, lateral_count=0, nearest_x=1.41, clear_frames=6237
[INFO] [1784729972.538894352] [unitree_safe_cmd_node]: Move x=0.500, y=0.000, z=0.000, stop_count=0, roi_count=12, lateral_count=0, nearest_x=1.33, clear_frames=6243
[INFO] [1784729973.040203000] [unitree_safe_cmd_node]: Move x=0.500, y=0.000, z=0.000, stop_count=0, roi_count=12, lateral_count=0, nearest_x=1.31, clear_frames=6247
[INFO] [1784729973.540638000] [unitree_safe_cmd_node]: Move x=0.500, y=0.000, z=0.000, stop_count=0, roi_count=6, lateral_count=0, nearest_x=1.39, clear_frames=6251
[INFO] [1784729974.088634352] [unitree_safe_cmd_node]: Move x=0.500, y=0.000, z=0.000, stop_count=0, roi_count=13, lateral_count=0, nearest_x=1.32, clear_frames=6256
[INFO] [1784729974.588619806] [unitree_safe_cmd_node]: Move x=0.500, y=0.000, z=-0.055, stop_count=0, roi_count=15, lateral_count=0, nearest_x=1.33, clear_frames=6261
[INFO] [1784729975.089097009] [unitree_safe_cmd_node]: Move x=0.500, y=0.000, z=0.000, stop_count=0, roi_count=5, lateral_count=0, nearest_x=1.33, clear_frames=6266
[INFO] [1784729975.638592616] [unitree_safe_cmd_node]: Move x=0.500, y=0.000, z=0.000, stop_count=0, roi_count=6, lateral_count=0, nearest_x=1.40, clear_frames=6272
[INFO] [1784729976.139844710] [unitree_safe_cmd_node]: Move x=0.500, y=0.000, z=0.000, stop_count=0, roi_count=14, lateral_count=0, nearest_x=1.33, clear_frames=6276
[INFO] [1784729976.690023597] [unitree_safe_cmd_node]: Move x=0.500, y=0.000, z=0.000, stop_count=0, roi_count=9, lateral_count=0, nearest_x=1.47, clear_frames=6282
[INFO] [1784729977.238721627] [unitree_safe_cmd_node]: Move x=0.500, y=0.000, z=0.000, stop_count=0, roi_count=6, lateral_count=0, nearest_x=1.44, clear_frames=6288
[INFO] [1784729977.788674410] [unitree_safe_cmd_node]: Move x=0.500, y=0.000, z=0.000, stop_count=0, roi_count=17, lateral_count=0, nearest_x=1.31, clear_frames=6294
[INFO] [1784729978.338597354] [unitree_safe_cmd_node]: Move x=0.500, y=0.000, z=-0.050, stop_count=0, roi_count=10, lateral_count=0, nearest_x=1.27, clear_frames=6299
[INFO] [1784729978.838814986] [unitree_safe_cmd_node]: Move x=0.500, y=0.000, z=0.000, stop_count=0, roi_count=5, lateral_count=0, nearest_x=1.42, clear_frames=6304
[INFO] [1784729979.390698348] [unitree_safe_cmd_node]: Move x=0.500, y=0.000, z=0.000, stop_count=0, roi_count=10, lateral_count=0, nearest_x=1.36, clear_frames=6310
[INFO] [1784729979.938645641] [unitree_safe_cmd_node]: Move x=0.500, y=0.000, z=0.000, stop_count=0, roi_count=13, lateral_count=0, nearest_x=1.29, clear_frames=6315
[INFO] [1784729980.438660255] [unitree_safe_cmd_node]: Move x=0.500, y=0.000, z=0.000, stop_count=0, roi_count=10, lateral_count=0, nearest_x=1.38, clear_frames=6320
[INFO] [1784729980.938602972] [unitree_safe_cmd_node]: Move x=0.500, y=0.000, z=0.000, stop_count=0, roi_count=6, lateral_count=0, nearest_x=1.43, clear_frames=6325
[INFO] [1784729981.438747006] [unitree_safe_cmd_node]: Move x=0.500, y=0.000, z=-0.050, stop_count=0, roi_count=16, lateral_count=0, nearest_x=1.31, clear_frames=6330
[INFO] [1784729981.939139476] [unitree_safe_cmd_node]: Move x=0.500, y=0.000, z=0.000, stop_count=0, roi_count=7, lateral_count=0, nearest_x=1.35, clear_frames=6335
[INFO] [1784729982.439328232] [unitree_safe_cmd_node]: Move x=0.500, y=0.000, z=0.000, stop_count=0, roi_count=8, lateral_count=0, nearest_x=1.34, clear_frames=6340
[INFO] [1784729982.944856052] [unitree_safe_cmd_node]: Move x=0.500, y=0.000, z=-0.059, stop_count=0, roi_count=10, lateral_count=0, nearest_x=1.29, clear_frames=6346
[INFO] [1784729983.488736645] [unitree_safe_cmd_node]: Move x=0.500, y=0.000, z=0.000, stop_count=0, roi_count=6, lateral_count=0, nearest_x=1.38, clear_frames=6351
[INFO] [1784729983.988706813] [unitree_safe_cmd_node]: Move x=0.500, y=0.000, z=-0.050, stop_count=0, roi_count=7, lateral_count=0, nearest_x=1.34, clear_frames=6356
[INFO] [1784729984.489087598] [unitree_safe_cmd_node]: Move x=0.500, y=0.000, z=0.000, stop_count=0, roi_count=11, lateral_count=0, nearest_x=1.30, clear_frames=6361
[INFO] [1784729985.038832685] [unitree_safe_cmd_node]: Move x=0.500, y=0.000, z=0.000, stop_count=0, roi_count=0, lateral_count=0, nearest_x=inf, clear_frames=6365
[INFO] [1784729985.589339855] [unitree_safe_cmd_node]: Move x=0.500, y=0.000, z=-0.007, stop_count=0, roi_count=12, lateral_count=0, nearest_x=1.35, clear_frames=6369
[INFO] [1784729986.139140226] [unitree_safe_cmd_node]: Move x=0.500, y=0.000, z=0.000, stop_count=0, roi_count=12, lateral_count=0, nearest_x=1.38, clear_frames=6374
[INFO] [1784729986.689039965] [unitree_safe_cmd_node]: Move x=0.500, y=0.000, z=0.000, stop_count=0, roi_count=5, lateral_count=0, nearest_x=1.45, clear_frames=6380
[INFO] [1784729987.239185201] [unitree_safe_cmd_node]: Move x=0.500, y=0.000, z=0.000, stop_count=0, roi_count=13, lateral_count=0, nearest_x=1.30, clear_frames=6385
[INFO] [1784729987.738936191] [unitree_safe_cmd_node]: Move x=0.500, y=0.000, z=0.000, stop_count=0, roi_count=11, lateral_count=0, nearest_x=1.38, clear_frames=6390
[INFO] [1784729988.289991184] [unitree_safe_cmd_node]: Move x=0.500, y=0.000, z=0.000, stop_count=0, roi_count=7, lateral_count=0, nearest_x=1.37, clear_frames=6396
[INFO] [1784729988.788915106] [unitree_safe_cmd_node]: Move x=0.500, y=0.000, z=0.000, stop_count=0, roi_count=12, lateral_count=0, nearest_x=1.33, clear_frames=6400
[INFO] [1784729989.339204789] [unitree_safe_cmd_node]: Move x=0.500, y=0.000, z=0.000, stop_count=0, roi_count=7, lateral_count=0, nearest_x=1.30, clear_frames=6406
[INFO] [1784729989.839081309] [unitree_safe_cmd_node]: Move x=0.500, y=0.000, z=0.000, stop_count=0, roi_count=6, lateral_count=0, nearest_x=1.44, clear_frames=6410
[INFO] [1784729990.388695885] [unitree_safe_cmd_node]: Move x=0.500, y=0.000, z=-0.007, stop_count=0, roi_count=6, lateral_count=0, nearest_x=1.43, clear_frames=6414
[INFO] [1784729990.889889715] [unitree_safe_cmd_node]: Move x=0.500, y=0.000, z=-0.061, stop_count=0, roi_count=12, lateral_count=0, nearest_x=1.37, clear_frames=6419
[INFO] [1784729991.439873887] [unitree_safe_cmd_node]: Move x=0.500, y=0.000, z=-0.077, stop_count=0, roi_count=6, lateral_count=0, nearest_x=1.36, clear_frames=6424
[INFO] [1784729991.939014290] [unitree_safe_cmd_node]: Move x=0.500, y=0.000, z=-0.068, stop_count=0, roi_count=12, lateral_count=0, nearest_x=1.37, clear_frames=6428
[INFO] [1784729992.439262958] [unitree_safe_cmd_node]: Move x=0.500, y=0.000, z=-0.060, stop_count=0, roi_count=7, lateral_count=0, nearest_x=1.31, clear_frames=6433
[INFO] [1784729992.989218352] [unitree_safe_cmd_node]: Move x=0.500, y=0.000, z=0.000, stop_count=0, roi_count=13, lateral_count=0, nearest_x=1.30, clear_frames=6437
[INFO] [1784729993.538524873] [unitree_safe_cmd_node]: Move x=0.500, y=0.000, z=0.000, stop_count=0, roi_count=6, lateral_count=0, nearest_x=1.41, clear_frames=6443
[INFO] [1784729994.038536901] [unitree_safe_cmd_node]: Move x=0.500, y=0.000, z=0.000, stop_count=0, roi_count=6, lateral_count=0, nearest_x=1.38, clear_frames=6448
[INFO] [1784729994.539373786] [unitree_safe_cmd_node]: Move x=0.500, y=0.000, z=0.000, stop_count=0, roi_count=4, lateral_count=0, nearest_x=1.42, clear_frames=6453
[INFO] [1784729995.088942677] [unitree_safe_cmd_node]: Move x=0.500, y=0.000, z=0.000, stop_count=0, roi_count=11, lateral_count=0, nearest_x=1.37, clear_frames=6459
[INFO] [1784729995.638525243] [unitree_safe_cmd_node]: Move x=0.500, y=0.000, z=0.000, stop_count=0, roi_count=19, lateral_count=0, nearest_x=1.29, clear_frames=6465
[INFO] [1784729996.138687883] [unitree_safe_cmd_node]: Move x=0.500, y=0.000, z=-0.057, stop_count=0, roi_count=5, lateral_count=0, nearest_x=1.46, clear_frames=6471
[INFO] [1784729996.638624915] [unitree_safe_cmd_node]: Move x=0.500, y=0.000, z=-0.007, stop_count=0, roi_count=8, lateral_count=0, nearest_x=1.34, clear_frames=6476
[INFO] [1784729997.139599006] [unitree_safe_cmd_node]: Move x=0.500, y=0.000, z=-0.063, stop_count=0, roi_count=7, lateral_count=0, nearest_x=1.29, clear_frames=6481
[INFO] [1784729997.689764765] [unitree_safe_cmd_node]: Move x=0.500, y=0.000, z=-0.050, stop_count=0, roi_count=10, lateral_count=0, nearest_x=1.30, clear_frames=6487
[INFO] [1784729998.239011065] [unitree_safe_cmd_node]: Move x=0.500, y=0.000, z=0.000, stop_count=0, roi_count=13, lateral_count=0, nearest_x=1.36, clear_frames=6493
[INFO] [1784729998.788533741] [unitree_safe_cmd_node]: Move x=0.500, y=0.000, z=0.000, stop_count=0, roi_count=6, lateral_count=0, nearest_x=1.36, clear_frames=6499
[INFO] [1784729999.288868603] [unitree_safe_cmd_node]: Move x=0.500, y=0.000, z=0.000, stop_count=0, roi_count=8, lateral_count=0, nearest_x=1.33, clear_frames=6505
[INFO] [1784729999.839172364] [unitree_safe_cmd_node]: Move x=0.500, y=0.000, z=0.000, stop_count=0, roi_count=7, lateral_count=0, nearest_x=1.32, clear_frames=6510
[INFO] [1784730000.388970820] [unitree_safe_cmd_node]: Move x=0.500, y=0.000, z=0.000, stop_count=0, roi_count=6, lateral_count=0, nearest_x=1.36, clear_frames=6516
[INFO] [1784730000.939226787] [unitree_safe_cmd_node]: Move x=0.500, y=0.000, z=0.000, stop_count=0, roi_count=6, lateral_count=0, nearest_x=1.44, clear_frames=6522
[INFO] [1784730001.488551303] [unitree_safe_cmd_node]: Move x=0.500, y=0.000, z=0.000, stop_count=0, roi_count=13, lateral_count=0, nearest_x=1.32, clear_frames=6528
[INFO] [1784730002.038577666] [unitree_safe_cmd_node]: Move x=0.500, y=0.000, z=-0.003, stop_count=0, roi_count=7, lateral_count=0, nearest_x=1.34, clear_frames=6534
[INFO] [1784730002.588541836] [unitree_safe_cmd_node]: Move x=0.500, y=0.000, z=-0.054, stop_count=0, roi_count=5, lateral_count=0, nearest_x=1.47, clear_frames=6540
[INFO] [1784730003.091616442] [unitree_safe_cmd_node]: Move x=0.500, y=0.000, z=0.000, stop_count=0, roi_count=9, lateral_count=0, nearest_x=1.34, clear_frames=6546
[INFO] [1784730003.638879957] [unitree_safe_cmd_node]: Move x=0.500, y=0.000, z=0.000, stop_count=0, roi_count=10, lateral_count=0, nearest_x=1.37, clear_frames=6551
[INFO] [1784730004.189130173] [unitree_safe_cmd_node]: Move x=0.500, y=0.000, z=-0.010, stop_count=0, roi_count=7, lateral_count=0, nearest_x=1.35, clear_frames=6557
[INFO] [1784730004.690379342] [unitree_safe_cmd_node]: Move x=0.500, y=0.000, z=0.000, stop_count=0, roi_count=8, lateral_count=0, nearest_x=1.33, clear_frames=6563
[INFO] [1784730005.238633596] [unitree_safe_cmd_node]: Move x=0.500, y=0.000, z=0.000, stop_count=0, roi_count=6, lateral_count=0, nearest_x=1.35, clear_frames=6569
[INFO] [1784730005.738565128] [unitree_safe_cmd_node]: Move x=0.500, y=0.000, z=0.000, stop_count=0, roi_count=9, lateral_count=0, nearest_x=1.31, clear_frames=6574
[INFO] [1784730006.238873922] [unitree_safe_cmd_node]: Move x=0.500, y=0.000, z=0.000, stop_count=0, roi_count=8, lateral_count=0, nearest_x=1.35, clear_frames=6579
[INFO] [1784730006.789431666] [unitree_safe_cmd_node]: Move x=0.500, y=0.000, z=-0.055, stop_count=0, roi_count=6, lateral_count=0, nearest_x=1.41, clear_frames=6585
[INFO] [1784730007.291069796] [unitree_safe_cmd_node]: Move x=0.500, y=0.000, z=0.000, stop_count=0, roi_count=16, lateral_count=0, nearest_x=1.33, clear_frames=6591
[INFO] [1784730007.838548029] [unitree_safe_cmd_node]: Move x=0.500, y=0.000, z=0.000, stop_count=0, roi_count=5, lateral_count=0, nearest_x=1.39, clear_frames=6596
[INFO] [1784730008.338814957] [unitree_safe_cmd_node]: Move x=0.500, y=0.000, z=-0.060, stop_count=0, roi_count=16, lateral_count=0, nearest_x=1.27, clear_frames=6601
[INFO] [1784730008.888730585] [unitree_safe_cmd_node]: Move x=0.500, y=0.000, z=0.000, stop_count=0, roi_count=13, lateral_count=0, nearest_x=1.35, clear_frames=6607
[INFO] [1784730009.388587052] [unitree_safe_cmd_node]: Move x=0.500, y=0.000, z=0.000, stop_count=0, roi_count=8, lateral_count=0, nearest_x=1.30, clear_frames=6612
[INFO] [1784730009.888565721] [unitree_safe_cmd_node]: Move x=0.500, y=0.000, z=0.000, stop_count=0, roi_count=21, lateral_count=0, nearest_x=1.29, clear_frames=6617
[INFO] [1784730010.388695171] [unitree_safe_cmd_node]: Move x=0.500, y=0.000, z=0.000, stop_count=0, roi_count=6, lateral_count=0, nearest_x=1.34, clear_frames=6622
[INFO] [1784730010.888593086] [unitree_safe_cmd_node]: Move x=0.500, y=0.000, z=0.000, stop_count=0, roi_count=4, lateral_count=0, nearest_x=1.46, clear_frames=6627
[INFO] [1784730011.438580543] [unitree_safe_cmd_node]: Move x=0.500, y=0.000, z=-0.004, stop_count=0, roi_count=7, lateral_count=0, nearest_x=1.32, clear_frames=6632
[INFO] [1784730011.988566723] [unitree_safe_cmd_node]: Move x=0.500, y=0.000, z=-0.054, stop_count=0, roi_count=9, lateral_count=0, nearest_x=1.33, clear_frames=6638
[INFO] [1784730012.539409274] [unitree_safe_cmd_node]: Move x=0.500, y=0.000, z=0.000, stop_count=0, roi_count=12, lateral_count=0, nearest_x=1.38, clear_frames=6643
[INFO] [1784730013.088748623] [unitree_safe_cmd_node]: Move x=0.500, y=0.000, z=0.000, stop_count=0, roi_count=7, lateral_count=0, nearest_x=1.32, clear_frames=6649
[INFO] [1784730013.588653856] [unitree_safe_cmd_node]: Move x=0.500, y=0.000, z=0.000, stop_count=0, roi_count=9, lateral_count=0, nearest_x=1.30, clear_frames=6653
[INFO] [1784730014.089265992] [unitree_safe_cmd_node]: Move x=0.500, y=0.000, z=0.000, stop_count=0, roi_count=5, lateral_count=0, nearest_x=1.40, clear_frames=6658
[INFO] [1784730014.638556495] [unitree_safe_cmd_node]: Move x=0.500, y=0.000, z=0.000, stop_count=0, roi_count=13, lateral_count=0, nearest_x=1.36, clear_frames=6663
[INFO] [1784730015.139914225] [unitree_safe_cmd_node]: Move x=0.500, y=0.000, z=0.000, stop_count=0, roi_count=0, lateral_count=0, nearest_x=inf, clear_frames=6668
[INFO] [1784730015.641928784] [unitree_safe_cmd_node]: Move x=0.500, y=0.000, z=0.000, stop_count=0, roi_count=11, lateral_count=0, nearest_x=1.33, clear_frames=6674
[INFO] [1784730016.188591074] [unitree_safe_cmd_node]: Move x=0.500, y=0.000, z=0.000, stop_count=0, roi_count=17, lateral_count=0, nearest_x=1.32, clear_frames=6679
[INFO] [1784730016.689599109] [unitree_safe_cmd_node]: Move x=0.500, y=0.000, z=0.000, stop_count=0, roi_count=9, lateral_count=0, nearest_x=1.29, clear_frames=6684
[INFO] [1784730017.238558803] [unitree_safe_cmd_node]: Move x=0.500, y=0.000, z=-0.053, stop_count=0, roi_count=7, lateral_count=0, nearest_x=1.28, clear_frames=6690
[INFO] [1784730017.738911077] [unitree_safe_cmd_node]: Move x=0.500, y=0.000, z=0.000, stop_count=0, roi_count=6, lateral_count=0, nearest_x=1.42, clear_frames=6695
[INFO] [1784730018.288718087] [unitree_safe_cmd_node]: Move x=0.500, y=0.000, z=-0.005, stop_count=0, roi_count=5, lateral_count=0, nearest_x=1.39, clear_frames=6700
[INFO] [1784730018.838869847] [unitree_safe_cmd_node]: Move x=0.500, y=0.000, z=0.000, stop_count=0, roi_count=11, lateral_count=0, nearest_x=1.31, clear_frames=6706
[INFO] [1784730019.388906227] [unitree_safe_cmd_node]: Move x=0.500, y=0.000, z=0.000, stop_count=0, roi_count=5, lateral_count=0, nearest_x=1.42, clear_frames=6711
[INFO] [1784730019.938720030] [unitree_safe_cmd_node]: Move x=0.500, y=0.000, z=0.000, stop_count=0, roi_count=5, lateral_count=0, nearest_x=1.47, clear_frames=6717
[INFO] [1784730020.489361437] [unitree_safe_cmd_node]: Move x=0.500, y=0.000, z=0.000, stop_count=0, roi_count=13, lateral_count=0, nearest_x=1.32, clear_frames=6722
[INFO] [1784730020.989120134] [unitree_safe_cmd_node]: Move x=0.500, y=0.000, z=-0.053, stop_count=0, roi_count=6, lateral_count=0, nearest_x=1.44, clear_frames=6727
[INFO] [1784730021.538601747] [unitree_safe_cmd_node]: Move x=0.500, y=0.000, z=0.000, stop_count=0, roi_count=7, lateral_count=0, nearest_x=1.34, clear_frames=6733
[INFO] [1784730022.092281856] [unitree_safe_cmd_node]: Move x=0.500, y=0.000, z=0.000, stop_count=0, roi_count=6, lateral_count=0, nearest_x=1.45, clear_frames=6739
[INFO] [1784730022.593020057] [unitree_safe_cmd_node]: Move x=0.500, y=0.000, z=-0.059, stop_count=0, roi_count=7, lateral_count=0, nearest_x=1.33, clear_frames=6744
[INFO] [1784730023.094911917] [unitree_safe_cmd_node]: Move x=0.500, y=0.000, z=0.000, stop_count=0, roi_count=5, lateral_count=0, nearest_x=1.37, clear_frames=6749
[INFO] [1784730023.638579017] [unitree_safe_cmd_node]: Move x=0.500, y=0.000, z=-0.057, stop_count=0, roi_count=6, lateral_count=0, nearest_x=1.30, clear_frames=6754
[INFO] [1784730024.138657490] [unitree_safe_cmd_node]: Move x=0.500, y=0.000, z=-0.061, stop_count=0, roi_count=18, lateral_count=0, nearest_x=1.28, clear_frames=6759
[INFO] [1784730024.638741662] [unitree_safe_cmd_node]: Move x=0.500, y=0.000, z=-0.060, stop_count=0, roi_count=13, lateral_count=0, nearest_x=1.36, clear_frames=6764
[INFO] [1784730025.188621158] [unitree_safe_cmd_node]: Move x=0.500, y=0.000, z=0.000, stop_count=0, roi_count=5, lateral_count=0, nearest_x=1.37, clear_frames=6770
[INFO] [1784730025.689684731] [unitree_safe_cmd_node]: Move x=0.500, y=0.000, z=-0.056, stop_count=0, roi_count=6, lateral_count=0, nearest_x=1.39, clear_frames=6775
[INFO] [1784730026.238831639] [unitree_safe_cmd_node]: Move x=0.500, y=0.000, z=-0.050, stop_count=0, roi_count=1, lateral_count=0, nearest_x=1.32, clear_frames=6780
[INFO] [1784730026.793739126] [unitree_safe_cmd_node]: Move x=0.500, y=0.000, z=0.000, stop_count=0, roi_count=3, lateral_count=0, nearest_x=1.37, clear_frames=6786
[INFO] [1784730027.338534626] [unitree_safe_cmd_node]: Move x=0.500, y=0.000, z=0.000, stop_count=0, roi_count=7, lateral_count=0, nearest_x=1.35, clear_frames=6791
[INFO] [1784730027.838690648] [unitree_safe_cmd_node]: Move x=0.500, y=0.000, z=0.000, stop_count=0, roi_count=19, lateral_count=0, nearest_x=1.25, clear_frames=6796
[INFO] [1784730028.345173583] [unitree_safe_cmd_node]: Move x=0.500, y=0.000, z=0.000, stop_count=0, roi_count=10, lateral_count=0, nearest_x=1.42, clear_frames=6801
[INFO] [1784730028.888588855] [unitree_safe_cmd_node]: Move x=0.500, y=0.000, z=-0.054, stop_count=0, roi_count=5, lateral_count=0, nearest_x=1.33, clear_frames=6806
[INFO] [1784730029.388642908] [unitree_safe_cmd_node]: Move x=0.500, y=0.000, z=0.000, stop_count=0, roi_count=12, lateral_count=0, nearest_x=1.35, clear_frames=6811
[INFO] [1784730029.888589640] [unitree_safe_cmd_node]: Move x=0.500, y=0.000, z=0.000, stop_count=0, roi_count=13, lateral_count=0, nearest_x=1.33, clear_frames=6816
[INFO] [1784730030.440958614] [unitree_safe_cmd_node]: Move x=0.500, y=0.000, z=0.000, stop_count=0, roi_count=11, lateral_count=0, nearest_x=1.31, clear_frames=6822
[INFO] [1784730030.988575494] [unitree_safe_cmd_node]: Move x=0.500, y=0.000, z=-0.004, stop_count=0, roi_count=13, lateral_count=0, nearest_x=1.30, clear_frames=6827
[INFO] [1784730031.489071802] [unitree_safe_cmd_node]: Move x=0.500, y=0.000, z=0.000, stop_count=0, roi_count=0, lateral_count=0, nearest_x=inf, clear_frames=6832
[INFO] [1784730031.989142216] [unitree_safe_cmd_node]: Move x=0.500, y=0.000, z=0.000, stop_count=0, roi_count=11, lateral_count=0, nearest_x=1.33, clear_frames=6837
[INFO] [1784730032.538868993] [unitree_safe_cmd_node]: Move x=0.500, y=0.000, z=0.000, stop_count=0, roi_count=6, lateral_count=0, nearest_x=1.32, clear_frames=6843
[INFO] [1784730033.089542528] [unitree_safe_cmd_node]: Move x=0.500, y=0.000, z=0.000, stop_count=0, roi_count=8, lateral_count=0, nearest_x=1.34, clear_frames=6847
[INFO] [1784730033.639253343] [unitree_safe_cmd_node]: Move x=0.500, y=0.000, z=0.000, stop_count=0, roi_count=12, lateral_count=0, nearest_x=1.40, clear_frames=6851
[INFO] [1784730034.139507082] [unitree_safe_cmd_node]: Move x=0.500, y=0.000, z=0.000, stop_count=0, roi_count=11, lateral_count=0, nearest_x=1.34, clear_frames=6855
[INFO] [1784730034.691028927] [unitree_safe_cmd_node]: Move x=0.500, y=0.000, z=0.000, stop_count=0, roi_count=9, lateral_count=0, nearest_x=1.34, clear_frames=6859
[INFO] [1784730035.238592774] [unitree_safe_cmd_node]: Move x=0.500, y=0.000, z=0.000, stop_count=0, roi_count=6, lateral_count=0, nearest_x=1.38, clear_frames=6863
[INFO] [1784730035.739204963] [unitree_safe_cmd_node]: Move x=0.500, y=0.000, z=0.000, stop_count=0, roi_count=13, lateral_count=0, nearest_x=1.33, clear_frames=6867
[INFO] [1784730036.291433490] [unitree_safe_cmd_node]: Move x=0.500, y=0.000, z=0.000, stop_count=0, roi_count=12, lateral_count=0, nearest_x=1.28, clear_frames=6872
[INFO] [1784730036.839378984] [unitree_safe_cmd_node]: Move x=0.500, y=0.000, z=0.000, stop_count=0, roi_count=12, lateral_count=0, nearest_x=1.38, clear_frames=6876
[INFO] [1784730037.350953454] [unitree_safe_cmd_node]: Move x=0.500, y=0.000, z=-0.056, stop_count=0, roi_count=6, lateral_count=0, nearest_x=1.31, clear_frames=6880
[INFO] [1784730037.889290579] [unitree_safe_cmd_node]: Move x=0.500, y=0.000, z=-0.051, stop_count=0, roi_count=16, lateral_count=0, nearest_x=1.32, clear_frames=6883
[INFO] [1784730038.439177338] [unitree_safe_cmd_node]: Move x=0.500, y=0.000, z=0.000, stop_count=0, roi_count=8, lateral_count=0, nearest_x=1.34, clear_frames=6888
[INFO] [1784730038.957066818] [unitree_safe_cmd_node]: Move x=0.500, y=0.000, z=-0.065, stop_count=0, roi_count=12, lateral_count=0, nearest_x=1.40, clear_frames=6892
[INFO] [1784730039.488987510] [unitree_safe_cmd_node]: Move x=0.500, y=0.000, z=-0.059, stop_count=0, roi_count=5, lateral_count=0, nearest_x=1.46, clear_frames=6897
[INFO] [1784730040.048879551] [unitree_safe_cmd_node]: Move x=0.500, y=0.000, z=0.000, stop_count=0, roi_count=6, lateral_count=0, nearest_x=1.38, clear_frames=6903
[INFO] [1784730040.590283699] [unitree_safe_cmd_node]: Move x=0.500, y=0.000, z=-0.056, stop_count=0, roi_count=5, lateral_count=0, nearest_x=1.44, clear_frames=6907
[INFO] [1784730041.139084709] [unitree_safe_cmd_node]: Move x=0.500, y=0.000, z=0.000, stop_count=0, roi_count=17, lateral_count=0, nearest_x=1.28, clear_frames=6912
[INFO] [1784730041.688934778] [unitree_safe_cmd_node]: Move x=0.500, y=0.000, z=0.000, stop_count=0, roi_count=14, lateral_count=0, nearest_x=1.32, clear_frames=6918
[INFO] [1784730042.239243028] [unitree_safe_cmd_node]: Move x=0.500, y=0.000, z=0.000, stop_count=0, roi_count=19, lateral_count=0, nearest_x=1.28, clear_frames=6924
[INFO] [1784730042.788563980] [unitree_safe_cmd_node]: Move x=0.500, y=0.000, z=0.000, stop_count=0, roi_count=13, lateral_count=0, nearest_x=1.32, clear_frames=6930
[INFO] [1784730043.338549694] [unitree_safe_cmd_node]: Move x=0.500, y=0.000, z=0.000, stop_count=0, roi_count=14, lateral_count=0, nearest_x=1.30, clear_frames=6936
[INFO] [1784730043.888561359] [unitree_safe_cmd_node]: Move x=0.500, y=0.000, z=0.000, stop_count=0, roi_count=15, lateral_count=0, nearest_x=1.31, clear_frames=6942
[INFO] [1784730044.389199782] [unitree_safe_cmd_node]: Move x=0.500, y=0.000, z=0.000, stop_count=0, roi_count=8, lateral_count=0, nearest_x=1.30, clear_frames=6947
[INFO] [1784730044.939200859] [unitree_safe_cmd_node]: Move x=0.500, y=0.000, z=0.000, stop_count=0, roi_count=10, lateral_count=0, nearest_x=1.27, clear_frames=6953
[INFO] [1784730045.488907493] [unitree_safe_cmd_node]: Move x=0.500, y=0.000, z=0.000, stop_count=0, roi_count=0, lateral_count=0, nearest_x=inf, clear_frames=6959
[INFO] [1784730046.038519957] [unitree_safe_cmd_node]: Move x=0.500, y=0.000, z=0.000, stop_count=0, roi_count=8, lateral_count=0, nearest_x=1.34, clear_frames=6965
[INFO] [1784730046.588809310] [unitree_safe_cmd_node]: Move x=0.500, y=0.000, z=0.000, stop_count=0, roi_count=18, lateral_count=0, nearest_x=1.29, clear_frames=6971
[INFO] [1784730047.138704544] [unitree_safe_cmd_node]: Move x=0.500, y=0.000, z=0.000, stop_count=0, roi_count=11, lateral_count=0, nearest_x=1.35, clear_frames=6977
[INFO] [1784730047.644755510] [unitree_safe_cmd_node]: Move x=0.500, y=0.000, z=0.000, stop_count=0, roi_count=12, lateral_count=0, nearest_x=1.29, clear_frames=6983
[INFO] [1784730048.189041041] [unitree_safe_cmd_node]: Move x=0.500, y=0.000, z=0.000, stop_count=0, roi_count=9, lateral_count=0, nearest_x=1.34, clear_frames=6988
[INFO] [1784730048.689996320] [unitree_safe_cmd_node]: Move x=0.500, y=0.000, z=0.000, stop_count=0, roi_count=12, lateral_count=0, nearest_x=1.39, clear_frames=6994
[INFO] [1784730049.239592410] [unitree_safe_cmd_node]: Move x=0.500, y=0.000, z=0.000, stop_count=0, roi_count=8, lateral_count=0, nearest_x=1.31, clear_frames=7000
[INFO] [1784730049.791173245] [unitree_safe_cmd_node]: Move x=0.500, y=0.000, z=0.000, stop_count=0, roi_count=11, lateral_count=0, nearest_x=1.26, clear_frames=7006
[INFO] [1784730050.339037028] [unitree_safe_cmd_node]: Move x=0.500, y=0.000, z=0.000, stop_count=0, roi_count=5, lateral_count=0, nearest_x=1.36, clear_frames=7011
[INFO] [1784730050.889319033] [unitree_safe_cmd_node]: Move x=0.500, y=0.000, z=0.000, stop_count=0, roi_count=13, lateral_count=0, nearest_x=1.31, clear_frames=7017
[INFO] [1784730051.438718309] [unitree_safe_cmd_node]: Move x=0.500, y=0.000, z=0.000, stop_count=0, roi_count=22, lateral_count=0, nearest_x=0.92, clear_frames=7023
[WARN] [1784730051.552775548] [unitree_safe_cmd_node]: OBSTACLE DETECTED: stop_count=18, roi_count=62, lateral_count=0, nearest_x=0.52
[WARN] [1784730051.988664273] [unitree_safe_cmd_node]: SAFE OVERRIDE obstacle: Move x=0.000, y=0.000, z=0.000, raw_x=0.500, raw_y=0.000, raw_z=0.000, stop_count=51, roi_count=91, lateral_count=0, nearest_x=0.39, clear_frames=0
[WARN] [1784730052.489162821] [unitree_safe_cmd_node]: SAFE OVERRIDE obstacle: Move x=0.000, y=0.000, z=0.000, raw_x=0.500, raw_y=0.000, raw_z=-0.054, stop_count=67, roi_count=108, lateral_count=0, nearest_x=0.39, clear_frames=0
[WARN] [1784730053.038638416] [unitree_safe_cmd_node]: SAFE OVERRIDE obstacle: Move x=0.000, y=0.000, z=0.000, raw_x=0.500, raw_y=0.000, raw_z=-0.068, stop_count=57, roi_count=96, lateral_count=0, nearest_x=0.38, clear_frames=0
[WARN] [1784730053.538676706] [unitree_safe_cmd_node]: SAFE OVERRIDE obstacle: Move x=0.000, y=0.000, z=0.000, raw_x=0.500, raw_y=0.000, raw_z=-0.069, stop_count=55, roi_count=102, lateral_count=0, nearest_x=0.38, clear_frames=0
[WARN] [1784730054.039201367] [unitree_safe_cmd_node]: SAFE OVERRIDE obstacle: Move x=0.000, y=0.000, z=0.000, raw_x=0.500, raw_y=0.000, raw_z=-0.072, stop_count=60, roi_count=105, lateral_count=0, nearest_x=0.37, clear_frames=0
[WARN] [1784730054.588669606] [unitree_safe_cmd_node]: SAFE OVERRIDE obstacle: Move x=0.000, y=0.000, z=0.000, raw_x=0.500, raw_y=0.000, raw_z=-0.072, stop_count=59, roi_count=104, lateral_count=0, nearest_x=0.39, clear_frames=0
[WARN] [1784730055.138659703] [unitree_safe_cmd_node]: SAFE OVERRIDE obstacle: Move x=0.000, y=0.000, z=0.000, raw_x=0.500, raw_y=0.000, raw_z=-0.071, stop_count=54, roi_count=100, lateral_count=0, nearest_x=0.43, clear_frames=0
[WARN] [1784730055.642639709] [unitree_safe_cmd_node]: SAFE OVERRIDE obstacle: Move x=0.000, y=0.000, z=0.000, raw_x=0.500, raw_y=0.000, raw_z=-0.070, stop_count=62, roi_count=108, lateral_count=0, nearest_x=0.40, clear_frames=0
[WARN] [1784730056.189435763] [unitree_safe_cmd_node]: SAFE OVERRIDE obstacle: Move x=0.000, y=0.000, z=0.000, raw_x=0.500, raw_y=0.000, raw_z=-0.069, stop_count=61, roi_count=108, lateral_count=0, nearest_x=0.40, clear_frames=0
[WARN] [1784730056.689655968] [unitree_safe_cmd_node]: SAFE OVERRIDE obstacle: Move x=0.000, y=0.000, z=0.000, raw_x=0.500, raw_y=0.000, raw_z=-0.073, stop_count=57, roi_count=104, lateral_count=0, nearest_x=0.39, clear_frames=0
[WARN] [1784730057.238700910] [unitree_safe_cmd_node]: SAFE OVERRIDE obstacle: Move x=0.000, y=0.000, z=0.000, raw_x=0.500, raw_y=0.000, raw_z=-0.074, stop_count=56, roi_count=98, lateral_count=0, nearest_x=0.40, clear_frames=0
[WARN] [1784730057.740507677] [unitree_safe_cmd_node]: SAFE OVERRIDE obstacle: Move x=0.000, y=0.000, z=0.000, raw_x=0.500, raw_y=0.000, raw_z=-0.073, stop_count=60, roi_count=109, lateral_count=0, nearest_x=0.37, clear_frames=0
[WARN] [1784730058.288771613] [unitree_safe_cmd_node]: SAFE OVERRIDE obstacle: Move x=0.000, y=0.000, z=0.000, raw_x=0.500, raw_y=0.000, raw_z=-0.071, stop_count=60, roi_count=100, lateral_count=0, nearest_x=0.37, clear_frames=0
[WARN] [1784730058.789476465] [unitree_safe_cmd_node]: SAFE OVERRIDE obstacle: Move x=0.000, y=0.000, z=0.000, raw_x=0.500, raw_y=0.000, raw_z=-0.072, stop_count=56, roi_count=101, lateral_count=0, nearest_x=0.42, clear_frames=0
[WARN] [1784730059.339008902] [unitree_safe_cmd_node]: SAFE OVERRIDE obstacle: Move x=0.000, y=0.000, z=0.000, raw_x=0.500, raw_y=0.000, raw_z=-0.069, stop_count=58, roi_count=92, lateral_count=0, nearest_x=0.38, clear_frames=0
[WARN] [1784730059.888811413] [unitree_safe_cmd_node]: SAFE OVERRIDE obstacle: Move x=0.000, y=0.000, z=0.000, raw_x=0.500, raw_y=0.000, raw_z=-0.070, stop_count=59, roi_count=100, lateral_count=0, nearest_x=0.40, clear_frames=0
[WARN] [1784730060.438667167] [unitree_safe_cmd_node]: SAFE OVERRIDE obstacle: Move x=0.000, y=0.000, z=0.000, raw_x=0.500, raw_y=0.000, raw_z=-0.072, stop_count=61, roi_count=111, lateral_count=0, nearest_x=0.40, clear_frames=0
[WARN] [1784730060.988681659] [unitree_safe_cmd_node]: SAFE OVERRIDE obstacle: Move x=0.000, y=0.000, z=0.000, raw_x=0.500, raw_y=0.000, raw_z=-0.073, stop_count=53, roi_count=93, lateral_count=0, nearest_x=0.38, clear_frames=0
[WARN] [1784730061.492791832] [unitree_safe_cmd_node]: SAFE OVERRIDE obstacle: Move x=0.000, y=0.000, z=0.000, raw_x=0.500, raw_y=0.000, raw_z=-0.068, stop_count=60, roi_count=104, lateral_count=0, nearest_x=0.40, clear_frames=0
[WARN] [1784730062.039032956] [unitree_safe_cmd_node]: SAFE OVERRIDE obstacle: Move x=0.000, y=0.000, z=0.000, raw_x=0.500, raw_y=0.000, raw_z=-0.069, stop_count=58, roi_count=104, lateral_count=0, nearest_x=0.38, clear_frames=0
[WARN] [1784730062.589246188] [unitree_safe_cmd_node]: SAFE OVERRIDE obstacle: Move x=0.000, y=0.000, z=0.000, raw_x=0.500, raw_y=0.000, raw_z=-0.069, stop_count=55, roi_count=97, lateral_count=0, nearest_x=0.39, clear_frames=0
[WARN] [1784730063.138684371] [unitree_safe_cmd_node]: SAFE OVERRIDE obstacle: Move x=0.000, y=0.000, z=0.000, raw_x=0.500, raw_y=0.000, raw_z=-0.070, stop_count=57, roi_count=112, lateral_count=0, nearest_x=0.41, clear_frames=0
[WARN] [1784730063.638878787] [unitree_safe_cmd_node]: SAFE OVERRIDE obstacle: Move x=0.000, y=0.000, z=0.000, raw_x=0.500, raw_y=0.000, raw_z=-0.072, stop_count=54, roi_count=97, lateral_count=0, nearest_x=0.40, clear_frames=0
[WARN] [1784730064.188716582] [unitree_safe_cmd_node]: SAFE OVERRIDE obstacle: Move x=0.000, y=0.000, z=0.000, raw_x=0.500, raw_y=0.000, raw_z=-0.071, stop_count=55, roi_count=92, lateral_count=0, nearest_x=0.40, clear_frames=0
[WARN] [1784730064.690277081] [unitree_safe_cmd_node]: SAFE OVERRIDE obstacle: Move x=0.000, y=0.000, z=0.000, raw_x=0.500, raw_y=0.000, raw_z=-0.071, stop_count=61, roi_count=106, lateral_count=0, nearest_x=0.39, clear_frames=0
[WARN] [1784730065.239071186] [unitree_safe_cmd_node]: SAFE OVERRIDE obstacle: Move x=0.000, y=0.000, z=0.000, raw_x=0.500, raw_y=0.000, raw_z=-0.070, stop_count=58, roi_count=95, lateral_count=0, nearest_x=0.38, clear_frames=0
[WARN] [1784730065.788781747] [unitree_safe_cmd_node]: SAFE OVERRIDE obstacle: Move x=0.000, y=0.000, z=0.000, raw_x=0.500, raw_y=0.000, raw_z=-0.068, stop_count=60, roi_count=111, lateral_count=0, nearest_x=0.41, clear_frames=0
[WARN] [1784730066.338818923] [unitree_safe_cmd_node]: SAFE OVERRIDE obstacle: Move x=0.000, y=0.000, z=0.000, raw_x=0.500, raw_y=0.000, raw_z=-0.072, stop_count=52, roi_count=94, lateral_count=0, nearest_x=0.38, clear_frames=0
[WARN] [1784730066.888751028] [unitree_safe_cmd_node]: SAFE OVERRIDE obstacle: Move x=0.000, y=0.000, z=0.000, raw_x=0.500, raw_y=0.000, raw_z=-0.071, stop_count=56, roi_count=94, lateral_count=0, nearest_x=0.41, clear_frames=0
[WARN] [1784730067.389926064] [unitree_safe_cmd_node]: SAFE OVERRIDE obstacle: Move x=0.000, y=0.000, z=0.000, raw_x=0.500, raw_y=0.000, raw_z=-0.070, stop_count=59, roi_count=97, lateral_count=0, nearest_x=0.38, clear_frames=0
[WARN] [1784730067.938834261] [unitree_safe_cmd_node]: SAFE OVERRIDE obstacle: Move x=0.000, y=0.000, z=0.000, raw_x=0.500, raw_y=0.000, raw_z=-0.071, stop_count=58, roi_count=98, lateral_count=0, nearest_x=0.39, clear_frames=0
[WARN] [1784730068.438871498] [unitree_safe_cmd_node]: SAFE OVERRIDE obstacle: Move x=0.000, y=0.000, z=0.000, raw_x=0.500, raw_y=0.000, raw_z=-0.073, stop_count=61, roi_count=109, lateral_count=0, nearest_x=0.38, clear_frames=0
[WARN] [1784730068.938960963] [unitree_safe_cmd_node]: SAFE OVERRIDE obstacle: Move x=0.000, y=0.000, z=0.000, raw_x=0.500, raw_y=0.000, raw_z=-0.071, stop_count=61, roi_count=104, lateral_count=0, nearest_x=0.39, clear_frames=0
[WARN] [1784730069.493840598] [unitree_safe_cmd_node]: SAFE OVERRIDE obstacle: Move x=0.000, y=0.000, z=0.000, raw_x=0.500, raw_y=0.000, raw_z=-0.071, stop_count=61, roi_count=101, lateral_count=0, nearest_x=0.42, clear_frames=0
[WARN] [1784730069.993991224] [unitree_safe_cmd_node]: SAFE OVERRIDE obstacle: Move x=0.000, y=0.000, z=0.000, raw_x=0.500, raw_y=0.000, raw_z=-0.068, stop_count=58, roi_count=95, lateral_count=0, nearest_x=0.40, clear_frames=0
[WARN] [1784730070.538803614] [unitree_safe_cmd_node]: SAFE OVERRIDE obstacle: Move x=0.000, y=0.000, z=0.000, raw_x=0.500, raw_y=0.000, raw_z=-0.071, stop_count=60, roi_count=106, lateral_count=0, nearest_x=0.37, clear_frames=0
[WARN] [1784730071.089497333] [unitree_safe_cmd_node]: SAFE OVERRIDE obstacle: Move x=0.000, y=0.000, z=0.000, raw_x=0.500, raw_y=0.000, raw_z=-0.072, stop_count=55, roi_count=96, lateral_count=0, nearest_x=0.43, clear_frames=0
[WARN] [1784730071.638672724] [unitree_safe_cmd_node]: SAFE OVERRIDE obstacle: Move x=0.000, y=0.000, z=0.000, raw_x=0.500, raw_y=0.000, raw_z=-0.069, stop_count=58, roi_count=108, lateral_count=0, nearest_x=0.38, clear_frames=0
[WARN] [1784730072.138970145] [unitree_safe_cmd_node]: SAFE OVERRIDE obstacle: Move x=0.000, y=0.000, z=0.000, raw_x=0.500, raw_y=0.000, raw_z=-0.070, stop_count=59, roi_count=95, lateral_count=0, nearest_x=0.42, clear_frames=0
[WARN] [1784730072.689794686] [unitree_safe_cmd_node]: SAFE OVERRIDE obstacle: Move x=0.000, y=0.000, z=0.000, raw_x=0.500, raw_y=0.000, raw_z=-0.071, stop_count=55, roi_count=99, lateral_count=0, nearest_x=0.42, clear_frames=0
[WARN] [1784730073.238631973] [unitree_safe_cmd_node]: SAFE OVERRIDE obstacle: Move x=0.000, y=0.000, z=0.000, raw_x=0.500, raw_y=0.000, raw_z=-0.070, stop_count=54, roi_count=90, lateral_count=0, nearest_x=0.39, clear_frames=0
[WARN] [1784730073.738890542] [unitree_safe_cmd_node]: SAFE OVERRIDE obstacle: Move x=0.000, y=0.000, z=0.000, raw_x=0.500, raw_y=0.000, raw_z=-0.070, stop_count=57, roi_count=99, lateral_count=0, nearest_x=0.39, clear_frames=0
[WARN] [1784730074.288730258] [unitree_safe_cmd_node]: SAFE OVERRIDE obstacle: Move x=0.000, y=0.000, z=0.000, raw_x=0.500, raw_y=0.000, raw_z=-0.071, stop_count=56, roi_count=91, lateral_count=0, nearest_x=0.40, clear_frames=0
[WARN] [1784730074.838863960] [unitree_safe_cmd_node]: SAFE OVERRIDE obstacle: Move x=0.000, y=0.000, z=0.000, raw_x=0.500, raw_y=0.000, raw_z=-0.070, stop_count=59, roi_count=103, lateral_count=0, nearest_x=0.39, clear_frames=0
[WARN] [1784730075.388722904] [unitree_safe_cmd_node]: SAFE OVERRIDE obstacle: Move x=0.000, y=0.000, z=0.000, raw_x=0.500, raw_y=0.000, raw_z=-0.070, stop_count=55, roi_count=96, lateral_count=0, nearest_x=0.42, clear_frames=0
[WARN] [1784730075.938983857] [unitree_safe_cmd_node]: SAFE OVERRIDE obstacle: Move x=0.000, y=0.000, z=0.000, raw_x=0.500, raw_y=0.000, raw_z=-0.071, stop_count=60, roi_count=97, lateral_count=0, nearest_x=0.38, clear_frames=0
[WARN] [1784730076.438753200] [unitree_safe_cmd_node]: SAFE OVERRIDE obstacle: Move x=0.000, y=0.000, z=0.000, raw_x=0.500, raw_y=0.000, raw_z=-0.071, stop_count=65, roi_count=103, lateral_count=0, nearest_x=0.40, clear_frames=0
[WARN] [1784730076.939241488] [unitree_safe_cmd_node]: SAFE OVERRIDE obstacle: Move x=0.000, y=0.000, z=0.000, raw_x=0.500, raw_y=0.000, raw_z=-0.070, stop_count=58, roi_count=104, lateral_count=0, nearest_x=0.41, clear_frames=0
[WARN] [1784730077.439193746] [unitree_safe_cmd_node]: SAFE OVERRIDE obstacle: Move x=0.000, y=0.000, z=0.000, raw_x=0.500, raw_y=0.000, raw_z=-0.068, stop_count=55, roi_count=90, lateral_count=0, nearest_x=0.38, clear_frames=0
[WARN] [1784730077.939090162] [unitree_safe_cmd_node]: SAFE OVERRIDE obstacle: Move x=0.000, y=0.000, z=0.000, raw_x=0.500, raw_y=0.000, raw_z=-0.069, stop_count=56, roi_count=100, lateral_count=0, nearest_x=0.40, clear_frames=0
[WARN] [1784730078.443116721] [unitree_safe_cmd_node]: SAFE OVERRIDE obstacle: Move x=0.000, y=0.000, z=0.000, raw_x=0.500, raw_y=0.000, raw_z=-0.070, stop_count=55, roi_count=101, lateral_count=0, nearest_x=0.38, clear_frames=0
[WARN] [1784730078.944137555] [unitree_safe_cmd_node]: SAFE OVERRIDE obstacle: Move x=0.000, y=0.000, z=0.000, raw_x=0.500, raw_y=0.000, raw_z=-0.069, stop_count=58, roi_count=97, lateral_count=0, nearest_x=0.39, clear_frames=0
[WARN] [1784730079.489072779] [unitree_safe_cmd_node]: SAFE OVERRIDE obstacle: Move x=0.000, y=0.000, z=0.000, raw_x=0.500, raw_y=0.000, raw_z=-0.070, stop_count=54, roi_count=95, lateral_count=0, nearest_x=0.40, clear_frames=0
[WARN] [1784730079.989093971] [unitree_safe_cmd_node]: SAFE OVERRIDE obstacle: Move x=0.000, y=0.000, z=0.000, raw_x=0.500, raw_y=0.000, raw_z=-0.070, stop_count=58, roi_count=99, lateral_count=0, nearest_x=0.42, clear_frames=0
[WARN] [1784730080.539255073] [unitree_safe_cmd_node]: SAFE OVERRIDE obstacle: Move x=0.000, y=0.000, z=0.000, raw_x=0.500, raw_y=0.000, raw_z=-0.067, stop_count=61, roi_count=106, lateral_count=0, nearest_x=0.38, clear_frames=0
[WARN] [1784730081.088701023] [unitree_safe_cmd_node]: SAFE OVERRIDE obstacle: Move x=0.000, y=0.000, z=0.000, raw_x=0.500, raw_y=0.000, raw_z=-0.069, stop_count=58, roi_count=107, lateral_count=0, nearest_x=0.40, clear_frames=0
[WARN] [1784730081.588875861] [unitree_safe_cmd_node]: SAFE OVERRIDE obstacle: Move x=0.000, y=0.000, z=0.000, raw_x=0.500, raw_y=0.000, raw_z=-0.068, stop_count=67, roi_count=110, lateral_count=0, nearest_x=0.39, clear_frames=0
[WARN] [1784730082.138637707] [unitree_safe_cmd_node]: SAFE OVERRIDE obstacle: Move x=0.000, y=0.000, z=0.000, raw_x=0.500, raw_y=0.000, raw_z=-0.070, stop_count=58, roi_count=99, lateral_count=0, nearest_x=0.37, clear_frames=0
[WARN] [1784730082.639592141] [unitree_safe_cmd_node]: SAFE OVERRIDE obstacle: Move x=0.000, y=0.000, z=0.000, raw_x=0.500, raw_y=0.000, raw_z=-0.069, stop_count=55, roi_count=96, lateral_count=0, nearest_x=0.39, clear_frames=0
[WARN] [1784730083.189083135] [unitree_safe_cmd_node]: SAFE OVERRIDE obstacle: Move x=0.000, y=0.000, z=0.000, raw_x=0.500, raw_y=0.000, raw_z=-0.072, stop_count=58, roi_count=101, lateral_count=0, nearest_x=0.41, clear_frames=0
[WARN] [1784730083.689096171] [unitree_safe_cmd_node]: SAFE OVERRIDE obstacle: Move x=0.000, y=0.000, z=0.000, raw_x=0.500, raw_y=0.000, raw_z=-0.070, stop_count=52, roi_count=102, lateral_count=0, nearest_x=0.38, clear_frames=0
[WARN] [1784730084.240001518] [unitree_safe_cmd_node]: SAFE OVERRIDE obstacle: Move x=0.000, y=0.000, z=0.000, raw_x=0.500, raw_y=0.000, raw_z=-0.070, stop_count=56, roi_count=95, lateral_count=0, nearest_x=0.40, clear_frames=0
[WARN] [1784730084.739054075] [unitree_safe_cmd_node]: SAFE OVERRIDE obstacle: Move x=0.000, y=0.000, z=0.000, raw_x=0.500, raw_y=0.000, raw_z=-0.072, stop_count=60, roi_count=101, lateral_count=0, nearest_x=0.38, clear_frames=0
[WARN] [1784730085.288931782] [unitree_safe_cmd_node]: SAFE OVERRIDE obstacle: Move x=0.000, y=0.000, z=0.000, raw_x=0.500, raw_y=0.000, raw_z=-0.069, stop_count=56, roi_count=102, lateral_count=0, nearest_x=0.38, clear_frames=0
[WARN] [1784730085.838950396] [unitree_safe_cmd_node]: SAFE OVERRIDE obstacle: Move x=0.000, y=0.000, z=0.000, raw_x=0.500, raw_y=0.000, raw_z=-0.069, stop_count=54, roi_count=93, lateral_count=0, nearest_x=0.41, clear_frames=0
[WARN] [1784730086.346110004] [unitree_safe_cmd_node]: SAFE OVERRIDE obstacle: Move x=0.000, y=0.000, z=0.000, raw_x=0.500, raw_y=0.000, raw_z=-0.068, stop_count=60, roi_count=111, lateral_count=0, nearest_x=0.42, clear_frames=0
[WARN] [1784730086.888652141] [unitree_safe_cmd_node]: SAFE OVERRIDE obstacle: Move x=0.000, y=0.000, z=0.000, raw_x=0.500, raw_y=0.000, raw_z=-0.070, stop_count=59, roi_count=103, lateral_count=0, nearest_x=0.40, clear_frames=0
[WARN] [1784730087.389022267] [unitree_safe_cmd_node]: SAFE OVERRIDE obstacle: Move x=0.000, y=0.000, z=0.000, raw_x=0.500, raw_y=0.000, raw_z=-0.068, stop_count=63, roi_count=109, lateral_count=0, nearest_x=0.39, clear_frames=0
[WARN] [1784730087.893980036] [unitree_safe_cmd_node]: SAFE OVERRIDE obstacle: Move x=0.000, y=0.000, z=0.000, raw_x=0.500, raw_y=0.000, raw_z=-0.067, stop_count=63, roi_count=98, lateral_count=0, nearest_x=0.40, clear_frames=0
[WARN] [1784730088.438665889] [unitree_safe_cmd_node]: SAFE OVERRIDE obstacle: Move x=0.000, y=0.000, z=0.000, raw_x=0.500, raw_y=0.000, raw_z=-0.068, stop_count=58, roi_count=101, lateral_count=0, nearest_x=0.41, clear_frames=0
[WARN] [1784730088.988714103] [unitree_safe_cmd_node]: SAFE OVERRIDE obstacle: Move x=0.000, y=0.000, z=0.000, raw_x=0.500, raw_y=0.000, raw_z=-0.065, stop_count=63, roi_count=108, lateral_count=0, nearest_x=0.39, clear_frames=0
[WARN] [1784730089.492252679] [unitree_safe_cmd_node]: SAFE OVERRIDE obstacle: Move x=0.000, y=0.000, z=0.000, raw_x=0.500, raw_y=0.000, raw_z=-0.069, stop_count=63, roi_count=103, lateral_count=0, nearest_x=0.40, clear_frames=0
[WARN] [1784730090.038955550] [unitree_safe_cmd_node]: SAFE OVERRIDE obstacle: Move x=0.000, y=0.000, z=0.000, raw_x=0.500, raw_y=0.000, raw_z=-0.069, stop_count=57, roi_count=103, lateral_count=0, nearest_x=0.41, clear_frames=0
[WARN] [1784730090.589559996] [unitree_safe_cmd_node]: SAFE OVERRIDE obstacle: Move x=0.000, y=0.000, z=0.000, raw_x=0.500, raw_y=0.000, raw_z=-0.067, stop_count=57, roi_count=97, lateral_count=0, nearest_x=0.40, clear_frames=0
[WARN] [1784730091.139076715] [unitree_safe_cmd_node]: SAFE OVERRIDE obstacle: Move x=0.000, y=0.000, z=0.000, raw_x=0.500, raw_y=0.000, raw_z=-0.069, stop_count=56, roi_count=94, lateral_count=0, nearest_x=0.38, clear_frames=0
[WARN] [1784730091.690821308] [unitree_safe_cmd_node]: SAFE OVERRIDE obstacle: Move x=0.000, y=0.000, z=0.000, raw_x=0.500, raw_y=0.000, raw_z=-0.069, stop_count=58, roi_count=101, lateral_count=0, nearest_x=0.39, clear_frames=0
[WARN] [1784730092.238846593] [unitree_safe_cmd_node]: SAFE OVERRIDE obstacle: Move x=0.000, y=0.000, z=0.000, raw_x=0.500, raw_y=0.000, raw_z=-0.070, stop_count=57, roi_count=104, lateral_count=0, nearest_x=0.37, clear_frames=0
[WARN] [1784730092.739451100] [unitree_safe_cmd_node]: SAFE OVERRIDE obstacle: Move x=0.000, y=0.000, z=0.000, raw_x=0.500, raw_y=0.000, raw_z=-0.071, stop_count=59, roi_count=90, lateral_count=0, nearest_x=0.38, clear_frames=0
[WARN] [1784730093.289274256] [unitree_safe_cmd_node]: SAFE OVERRIDE obstacle: Move x=0.000, y=0.000, z=0.000, raw_x=0.500, raw_y=0.000, raw_z=-0.073, stop_count=59, roi_count=99, lateral_count=0, nearest_x=0.39, clear_frames=0
[WARN] [1784730093.840057843] [unitree_safe_cmd_node]: SAFE OVERRIDE obstacle: Move x=0.000, y=0.000, z=0.000, raw_x=0.500, raw_y=0.000, raw_z=-0.066, stop_count=62, roi_count=105, lateral_count=0, nearest_x=0.38, clear_frames=0
[WARN] [1784730094.390754938] [unitree_safe_cmd_node]: SAFE OVERRIDE obstacle: Move x=0.000, y=0.000, z=0.000, raw_x=0.500, raw_y=0.000, raw_z=-0.070, stop_count=53, roi_count=92, lateral_count=0, nearest_x=0.39, clear_frames=0
Terminated
