id,x,y,yaw,v
0,-0.018685,-0.011481,1.190027,0.200
1,-0.005180,0.022257,-2.037629,0.200
2,-0.019444,-0.006046,-0.343156,0.200
3,0.067457,-0.037095,0.005528,0.200
4,0.167455,-0.036542,0.005528,0.200
5,0.267454,-0.035989,0.005528,0.200
6,0.367452,-0.035436,0.005528,0.200
7,0.567449,-0.034331,0.005528,0.200
8,0.614947,-0.034068,-0.073776,0.200
9,0.814403,-0.048810,-0.073776,0.200
10,1.013859,-0.063552,-0.073776,0.200
11,1.213315,-0.078294,-0.073776,0.200
12,1.412771,-0.093035,-0.073776,0.200
13,1.612227,-0.107777,-0.073776,0.200
14,1.811683,-0.122519,-0.073776,0.200
15,2.011139,-0.137261,-0.073776,0.200
16,2.210595,-0.152002,-0.073776,0.200
17,2.410051,-0.166744,-0.073776,0.200
18,2.609507,-0.181486,-0.073776,0.200
19,2.709234,-0.188857,-0.073776,0.200
20,2.796462,-0.195304,-0.226675,0.200
21,2.893904,-0.217778,-0.226675,0.200
22,2.991346,-0.240252,-0.226675,0.200
23,3.088788,-0.262726,-0.226675,0.200
24,3.283671,-0.307673,-0.226675,0.200
25,3.478555,-0.352621,-0.226675,0.200
26,3.575997,-0.375095,-0.226675,0.200
27,3.627453,-0.386963,-0.125699,0.200
28,3.726664,-0.399500,-0.125699,0.200
29,3.825875,-0.412037,-0.125699,0.200
30,3.925086,-0.424574,-0.125699,0.200
31,4.123508,-0.449647,-0.125699,0.200
32,4.321931,-0.474721,-0.125699,0.200
33,4.421142,-0.487258,-0.125699,0.200
34,4.520353,-0.499795,-0.026702,0.200
35,4.623842,-0.502559,-0.023199,0.200
36,4.723815,-0.504879,-0.023199,0.200
37,4.823788,-0.507198,-0.023199,0.200
38,5.023735,-0.511838,-0.023199,0.200
39,5.223681,-0.516477,-0.023199,0.200
40,5.423627,-0.521116,-0.023199,0.200
41,5.623573,-0.525756,-0.023199,0.200
42,5.643079,-0.526208,0.023897,0.200
43,5.843022,-0.521429,0.023897,0.200
44,6.042965,-0.516651,0.023897,0.200
45,6.242908,-0.511872,0.023897,0.200
46,6.442851,-0.507093,0.023897,0.200
47,6.642794,-0.502314,0.023897,0.200
48,6.842737,-0.497535,0.023897,0.200
49,7.042680,-0.492756,0.023897,0.200
50,7.242623,-0.487978,0.023897,0.200
51,7.283026,-0.487012,-0.055262,0.200
52,7.482720,-0.498059,-0.055262,0.200
53,7.682415,-0.509105,-0.055262,0.200
54,7.882110,-0.520152,-0.055262,0.200
55,8.081804,-0.531199,-0.055262,0.200
56,8.281499,-0.542246,-0.055262,0.200
57,8.481194,-0.553292,-0.055262,0.200
58,8.680889,-0.564339,-0.055262,0.200
59,8.880583,-0.575386,-0.055262,0.200
60,9.080278,-0.586433,-0.055262,0.200
61,9.279973,-0.597479,-0.055262,0.200
62,9.479667,-0.608526,-0.055262,0.200
63,9.521557,-0.610843,0.023225,0.200
64,9.721503,-0.606199,0.023225,0.200
65,9.921449,-0.601554,0.023225,0.200
66,10.121395,-0.596910,0.023225,0.200
67,10.321341,-0.592265,0.023225,0.200
68,10.421314,-0.589943,0.023225,0.200
69,10.519434,-0.587664,-0.269659,0.200
70,10.615820,-0.614304,-0.269659,0.200
71,10.712206,-0.640944,-0.269659,0.200
72,10.808592,-0.667584,-0.269659,0.200
73,10.904978,-0.694225,-0.269659,0.200
74,11.001365,-0.720865,-0.269659,0.200
75,11.024754,-0.727330,-0.018658,0.200
76,11.124737,-0.729195,-0.018658,0.200
77,11.224719,-0.731061,-0.018658,0.200
78,11.324702,-0.732927,-0.018658,0.200
79,11.524667,-0.736658,-0.018658,0.200
80,11.724632,-0.740389,-0.018658,0.200
81,11.924597,-0.744121,-0.018658,0.200
82,12.124563,-0.747852,-0.018658,0.200
83,12.286258,-0.750869,-0.060462,0.200
84,12.485892,-0.762954,-0.060462,0.200
85,12.685527,-0.775039,-0.060462,0.200
86,12.885161,-0.787124,-0.060462,0.200
87,13.084796,-0.799209,-0.060462,0.200
88,13.284430,-0.811294,-0.060462,0.200
89,13.484065,-0.823379,-0.060462,0.200
90,13.683700,-0.835464,-0.060462,0.200
91,13.883334,-0.847549,-0.060462,0.200
92,14.082969,-0.859634,-0.060462,0.200
93,14.233730,-0.868761,0.006354,0.200
94,14.433726,-0.867490,0.006354,0.200
95,14.633722,-0.866219,0.006354,0.200
96,14.833718,-0.864949,0.006354,0.200
97,15.033714,-0.863678,0.006354,0.200
98,15.233710,-0.862407,0.006354,0.200
99,15.333708,-0.861772,0.006354,0.200
100,15.433706,-0.861136,0.006354,0.200
101,15.444699,-0.861066,-0.210982,0.200
102,15.542481,-0.882008,-0.210982,0.200
103,15.640264,-0.902950,-0.210982,0.200
104,15.738046,-0.923892,-0.210982,0.200
105,15.795915,-0.936286,-0.000272,0.200
106,15.895915,-0.936313,-0.000272,0.200
107,15.995915,-0.936341,-0.000272,0.200
108,16.095915,-0.936368,-0.000272,0.200
109,16.195915,-0.936395,-0.000272,0.200
110,16.248718,-0.936409,0.116811,0.200
111,16.348036,-0.924755,0.116811,0.200
112,16.447355,-0.913100,0.116811,0.200
113,16.546674,-0.901446,0.116811,0.200
114,16.645992,-0.889791,0.116811,0.200
115,16.745311,-0.878137,0.116811,0.200
116,16.839970,-0.867029,-0.326132,0.200
117,16.934698,-0.899067,-0.326132,0.200
118,17.029427,-0.931105,-0.326132,0.200
119,17.124156,-0.963144,-0.326132,0.200
120,17.218885,-0.995182,-0.059958,0.200
121,17.322006,-1.001372,-0.050931,0.200
122,17.421876,-1.006463,-0.050931,0.200
123,17.521747,-1.011554,-0.050931,0.200
124,17.721487,-1.021736,-0.050931,0.200
125,17.921228,-1.031918,-0.050931,0.200
126,18.120969,-1.042099,-0.050931,0.200
127,18.320709,-1.052281,-0.050931,0.200
128,18.520450,-1.062463,-0.050931,0.200
129,18.720191,-1.072645,-0.050931,0.200
130,18.753851,-1.074361,-0.094954,0.200
131,18.952950,-1.093323,-0.094954,0.200
132,19.152049,-1.112285,-0.094954,0.200
133,19.351148,-1.131247,-0.094954,0.200
134,19.550247,-1.150209,-0.094954,0.200
135,19.749346,-1.169172,-0.094954,0.200
136,19.848896,-1.178653,-0.094954,0.200
137,19.948445,-1.188134,-0.094954,0.200
138,19.985918,-1.191703,0.009447,0.200
139,20.085913,-1.190758,0.009447,0.200
140,20.185909,-1.189813,0.009447,0.200
141,20.285904,-1.188869,0.009447,0.200
142,20.485895,-1.186979,0.009447,0.200
143,20.685886,-1.185090,0.009447,0.200
144,20.885877,-1.183200,0.009447,0.200
145,21.085869,-1.181311,0.009447,0.200
146,21.285860,-1.179422,0.009447,0.200
147,21.485851,-1.177532,0.009447,0.200
148,21.685842,-1.175643,0.009447,0.200
149,21.785837,-1.174698,-0.127414,0.200
150,21.889205,-1.187940,-0.133218,0.200
151,21.988319,-1.201223,-0.133218,0.200
152,22.087433,-1.214505,-0.133218,0.200
153,22.186547,-1.227788,-0.133218,0.200
154,22.252162,-1.236581,0.136722,0.200
155,22.351229,-1.222951,0.136722,0.200
156,22.450296,-1.209322,0.136722,0.200
157,22.547707,-1.195920,-0.019309,0.200
158,22.647689,-1.197850,-0.019309,0.200
159,22.747670,-1.199781,-0.019309,0.200
160,22.847652,-1.201712,-0.019309,0.200
161,23.047614,-1.205573,-0.019309,0.200
162,23.247577,-1.209435,-0.019309,0.200
163,23.447540,-1.213296,-0.019309,0.200
164,23.647502,-1.217158,-0.019309,0.200
165,23.847465,-1.221019,-0.019309,0.200
166,24.047428,-1.224881,-0.019309,0.200
167,24.247391,-1.228742,-0.019309,0.200
168,24.447353,-1.232604,-0.019309,0.200
169,24.482452,-1.233281,-0.056576,0.200
170,24.682132,-1.244591,-0.056576,0.200
171,24.881812,-1.255900,-0.056576,0.200
172,25.081492,-1.267209,-0.056576,0.200
173,25.281172,-1.278518,-0.056576,0.200
174,25.480852,-1.289827,-0.056576,0.200
175,25.680532,-1.301136,-0.056576,0.200
176,25.880212,-1.312445,-0.056576,0.200
177,25.980052,-1.318100,-0.056576,0.200
178,25.992005,-1.318777,-0.324212,0.200
179,26.086795,-1.350633,-0.324212,0.200
180,26.181585,-1.382489,-0.324212,0.200
181,26.244041,-1.403479,0.126696,0.200
182,26.343239,-1.390843,0.126696,0.200
183,26.442438,-1.378207,0.126696,0.200
184,26.541636,-1.365571,0.126696,0.200
185,26.640835,-1.352936,0.126696,0.200
186,26.740033,-1.340300,0.126696,0.200
187,26.750074,-1.339021,-0.013569,0.200
188,26.850065,-1.340378,-0.013569,0.200
189,26.950055,-1.341735,-0.013569,0.200
190,27.050046,-1.343092,-0.013569,0.200
191,27.250028,-1.345805,-0.013569,0.200
192,27.450009,-1.348519,-0.013569,0.200
193,27.649991,-1.351233,-0.013569,0.200
194,27.849973,-1.353946,-0.013569,0.200
195,28.049954,-1.356660,-0.013569,0.200
196,28.249936,-1.359374,-0.013569,0.200
197,28.449917,-1.362088,-0.013569,0.200
198,28.549908,-1.363444,-0.013569,0.200
199,28.649899,-1.364801,-0.013569,0.200
200,28.673909,-1.365127,0.082253,0.200
201,28.773571,-1.356911,0.082253,0.200
202,28.873233,-1.348695,0.082253,0.200
203,28.972895,-1.340479,0.082253,0.200
204,29.172219,-1.324047,0.082253,0.200
205,29.271881,-1.315831,0.082253,0.200
206,29.341241,-1.310113,-0.232509,0.200
207,29.438550,-1.333155,-0.232509,0.200
208,29.535859,-1.356197,-0.232509,0.200
209,29.633168,-1.379239,-0.232509,0.200
210,29.730477,-1.402281,-0.232509,0.200
211,29.827786,-1.425323,-0.232509,0.200
212,29.874363,-1.436352,0.148709,0.200
213,29.973259,-1.421536,0.148709,0.200
214,30.072156,-1.406719,0.148709,0.200
215,30.171052,-1.391903,0.148709,0.200
216,30.368845,-1.362271,0.148709,0.200
217,30.467741,-1.347455,0.148709,0.200
218,30.501159,-1.342448,-0.035561,0.200
219,30.601095,-1.346004,-0.035561,0.200
220,30.701032,-1.349559,-0.035561,0.200
221,30.800969,-1.353115,-0.035561,0.200
222,31.000843,-1.360225,-0.035561,0.200
223,31.200716,-1.367336,-0.035561,0.200
224,31.400590,-1.374447,-0.035561,0.200
225,31.600463,-1.381558,-0.035561,0.200
226,31.800337,-1.388669,-0.035561,0.200
227,31.900274,-1.392224,-0.035561,0.200
228,32.000210,-1.395779,-0.035561,0.200
229,32.045520,-1.397391,0.283121,0.200
230,32.141539,-1.369456,0.283121,0.200
231,32.237558,-1.341521,0.283121,0.200
232,32.333576,-1.313585,0.283121,0.200
233,32.378685,-1.300461,-0.146361,0.200
234,32.477616,-1.315045,-0.146361,0.200
235,32.576547,-1.329629,-0.146361,0.200
236,32.675478,-1.344213,-0.146361,0.200
237,32.774409,-1.358797,-0.146361,0.200
238,32.873340,-1.373381,-0.146361,0.200
239,32.965108,-1.386909,0.054437,0.200
240,33.064960,-1.381468,0.054437,0.200
241,33.164812,-1.376027,0.054437,0.200
242,33.264664,-1.370586,0.054437,0.200
243,33.464368,-1.359704,0.054437,0.200
244,33.664072,-1.348822,0.054437,0.200
245,33.863775,-1.337940,0.054437,0.200
246,33.963627,-1.332499,-0.147130,0.200
247,34.065549,-1.347603,-0.153335,0.200
248,34.164376,-1.362877,-0.153335,0.200
249,34.263202,-1.378150,-0.153335,0.200
250,34.460856,-1.408697,-0.153335,0.200
251,34.559682,-1.423971,-0.153335,0.200
252,34.598700,-1.430001,0.099223,0.200
253,34.698208,-1.420095,0.099223,0.200
254,34.797717,-1.410189,0.099223,0.200
255,34.897225,-1.400283,0.099223,0.200
256,35.096241,-1.380471,0.099223,0.200
257,35.195749,-1.370565,0.099223,0.200
258,35.295257,-1.360659,0.099223,0.200
259,35.353612,-1.354850,-0.148914,0.200
260,35.452506,-1.369686,-0.148914,0.200
261,35.551399,-1.384523,-0.148914,0.200
262,35.650292,-1.399359,-0.148914,0.200
263,35.848079,-1.429032,-0.148914,0.200
264,36.045865,-1.458705,-0.148914,0.200
265,36.144758,-1.473541,-0.148914,0.200
266,36.243652,-1.488378,-0.148914,0.200
267,36.279336,-1.493731,0.053928,0.200
268,36.379190,-1.488341,0.053928,0.200
269,36.479045,-1.482951,0.053928,0.200
270,36.578900,-1.477560,0.053928,0.200
271,36.583941,-1.477288,-0.166770,0.200
272,36.682554,-1.493888,-0.166770,0.200
273,36.781166,-1.510488,-0.166770,0.200
274,36.879779,-1.527088,-0.166770,0.200
275,37.077004,-1.560287,-0.166770,0.200
276,37.219548,-1.584282,-0.083696,0.200
277,37.418847,-1.601002,-0.083696,0.200
278,37.618147,-1.617721,-0.083696,0.200
279,37.817447,-1.634441,-0.083696,0.200
280,38.016747,-1.651161,-0.083696,0.200
281,38.116397,-1.659520,-0.083696,0.200
282,38.216047,-1.667880,-0.083696,0.200
283,38.303649,-1.675229,0.054376,0.200
284,38.403501,-1.669794,0.054376,0.200
285,38.503353,-1.664359,0.054376,0.200
286,38.603205,-1.658925,0.054376,0.200
287,38.802910,-1.648055,0.054376,0.200
288,39.002614,-1.637185,0.054376,0.200
289,39.202319,-1.626315,0.054376,0.200
290,39.302171,-1.620880,0.054376,0.200
291,39.402023,-1.615445,0.054376,0.200
292,39.426352,-1.614121,-0.239024,0.200
293,39.523509,-1.637796,-0.239024,0.200
294,39.620666,-1.661472,-0.239024,0.200
295,39.717823,-1.685147,-0.239024,0.200
296,39.814980,-1.708822,-0.239024,0.200
297,39.860289,-1.719864,0.259714,0.200
298,39.956936,-1.694183,0.259714,0.200
299,40.053582,-1.668503,0.259714,0.200
300,40.146902,-1.643706,0.022649,0.200
301,40.246877,-1.641442,0.022649,0.200
302,40.346851,-1.639177,0.022649,0.200
303,40.446825,-1.636912,0.022649,0.200
304,40.497529,-1.635764,-0.185881,0.200
305,40.595806,-1.654245,-0.185881,0.200
306,40.694084,-1.672726,-0.185881,0.200
307,40.792361,-1.691207,-0.185881,0.200
308,40.890638,-1.709689,-0.185881,0.200
309,40.988916,-1.728170,-0.185881,0.200
310,41.044369,-1.738598,0.016425,0.200
311,41.144356,-1.736955,0.016425,0.200
312,41.244342,-1.735313,0.016425,0.200
313,41.344329,-1.733671,0.016425,0.200
314,41.444315,-1.732028,0.016425,0.200
315,41.544302,-1.730386,0.016425,0.200
316,41.568106,-1.729995,-0.179029,0.200
317,41.666507,-1.747802,-0.179029,0.200
318,41.764909,-1.765609,-0.179029,0.200
319,41.863311,-1.783417,-0.179029,0.200
320,42.060114,-1.819032,-0.179029,0.200
321,42.158516,-1.836839,-0.179029,0.200
322,42.224359,-1.848755,-0.032160,0.200
323,42.324308,-1.851970,-0.032160,0.200
324,42.424256,-1.855186,-0.032160,0.200
325,42.524204,-1.858401,-0.032160,0.200
326,42.724101,-1.864832,-0.032160,0.200
327,42.923997,-1.871263,-0.032160,0.200
328,43.023946,-1.874478,-0.032160,0.200
329,43.070188,-1.875966,-0.266009,0.200
330,43.166671,-1.902254,-0.266009,0.200
331,43.263154,-1.928542,-0.266009,0.200
332,43.359637,-1.954830,-0.266009,0.200
333,43.451339,-1.979816,0.173748,0.200
334,43.549834,-1.962529,0.173748,0.200
335,43.648328,-1.945241,0.173748,0.200
336,43.746822,-1.927954,0.173748,0.200
337,43.845317,-1.910666,0.173748,0.200
338,43.943811,-1.893379,0.173748,0.200
339,43.965002,-1.889659,-0.092103,0.200
340,44.064578,-1.898857,-0.092103,0.200
341,44.164154,-1.908054,-0.092103,0.200
342,44.263731,-1.917251,-0.092103,0.200
343,44.363307,-1.926448,-0.092103,0.200
344,44.462883,-1.935646,-0.092103,0.200
345,44.482467,-1.937455,0.085780,0.200
346,44.582100,-1.928887,0.085780,0.200
347,44.681732,-1.920320,0.085780,0.200
348,44.781364,-1.911752,0.085780,0.200
349,44.980629,-1.894617,0.085780,0.200
350,45.080261,-1.886049,0.085780,0.200
351,45.179893,-1.877482,0.085780,0.200
352,45.221586,-1.873897,-0.072990,0.200
353,45.321320,-1.881189,-0.072990,0.200
354,45.421053,-1.888482,-0.072990,0.200
355,45.520787,-1.895774,-0.072990,0.200
356,45.620521,-1.903067,-0.072990,0.200
357,45.703401,-1.909127,0.032356,0.200
358,45.803348,-1.905892,0.032356,0.200
359,45.903296,-1.902657,0.032356,0.200
360,46.003243,-1.899422,0.032356,0.200
361,46.203139,-1.892952,0.032356,0.200
362,46.403034,-1.886482,0.032356,0.200
363,46.602929,-1.880012,0.032356,0.200
364,46.702877,-1.876777,0.256534,0.200
365,46.804218,-1.850194,0.267423,0.200
366,46.900663,-1.823769,0.267423,0.200
367,46.997109,-1.797344,0.267423,0.200
368,47.093555,-1.770920,0.267423,0.200
369,47.153519,-1.754490,-0.404510,0.200
370,47.245449,-1.793847,-0.404510,0.200
371,47.337378,-1.833204,-0.404510,0.200
372,47.407128,-1.863065,-0.022287,0.200
373,47.507103,-1.865294,-0.022287,0.200
374,47.607079,-1.867522,-0.022287,0.200
375,47.707054,-1.869751,-0.022287,0.200
376,47.907004,-1.874208,-0.022287,0.200
377,48.006979,-1.876436,-0.022287,0.200
378,48.106954,-1.878665,-0.022287,0.200
379,48.182612,-1.880351,0.212753,0.200
380,48.280357,-1.859236,0.212753,0.200
381,48.378102,-1.838121,0.212753,0.200
382,48.475848,-1.817006,0.212753,0.200
383,48.573593,-1.795891,0.212753,0.200
384,48.604836,-1.789142,-0.000192,0.200
385,48.704835,-1.789161,-0.000192,0.200
386,48.804835,-1.789180,-0.000192,0.200
387,48.904835,-1.789199,-0.000192,0.200
388,49.104835,-1.789237,-0.000192,0.200
389,49.304835,-1.789276,-0.000192,0.200
390,49.408880,-1.789296,0.074797,0.200
391,49.608320,-1.774350,0.074797,0.200
392,49.807761,-1.759405,0.074797,0.200
393,50.007202,-1.744460,0.074797,0.200
394,50.206643,-1.729514,0.074797,0.200
395,50.406084,-1.714569,0.074797,0.200
396,50.605524,-1.699623,0.074797,0.200
397,50.705245,-1.692151,0.074797,0.200
398,50.804965,-1.684678,0.074797,0.200
399,50.904502,-1.677219,-0.059888,0.200
400,51.004323,-1.683204,-0.059888,0.200
401,51.104144,-1.689190,-0.059888,0.200
402,51.141825,-1.691449,-0.811781,0.200
403,51.210646,-1.764000,-0.811781,0.200
404,51.243567,-1.798707,-1.158046,0.200
405,51.283680,-1.890309,-1.158046,0.200
406,51.323793,-1.981911,-1.158046,0.200
407,51.345384,-2.031214,-1.584691,0.200
408,51.343994,-2.131204,-1.584691,0.200
409,51.343576,-2.161314,-1.846206,0.200
410,51.316382,-2.257546,-1.846206,0.200
411,51.289187,-2.353777,-1.846206,0.200
412,51.261993,-2.450008,-1.846206,0.200
413,51.259198,-2.459900,-1.651159,0.200
414,51.251170,-2.559577,-1.651159,0.200
415,51.243143,-2.659255,-1.651159,0.200
416,51.235115,-2.758932,-1.651159,0.200
417,51.219060,-2.958287,-1.651159,0.200
418,51.203005,-3.157641,-1.651159,0.200
419,51.186950,-3.356996,-1.651159,0.200
420,51.170895,-3.556350,-1.651159,0.200
421,51.162867,-3.656027,-1.651159,0.200
422,51.158147,-3.714637,-1.507854,0.200
423,51.164437,-3.814439,-1.507854,0.200
424,51.170727,-3.914241,-1.507854,0.200
425,51.177017,-4.014043,-1.507854,0.200
426,51.178058,-4.030559,-1.739591,0.200
427,51.161259,-4.129138,-1.739591,0.200
428,51.144460,-4.227717,-1.739591,0.200
429,51.127660,-4.326296,-1.739591,0.200
430,51.110861,-4.424874,-1.739591,0.200
431,51.094061,-4.523453,-1.739591,0.200
432,51.092569,-4.532211,-1.166017,0.200
433,51.131950,-4.624130,-1.166017,0.200
434,51.145438,-4.655612,-1.475199,0.200
435,51.154983,-4.755155,-1.475199,0.200
436,51.164528,-4.854699,-1.475199,0.200
437,51.174074,-4.954242,-1.475199,0.200
438,51.193164,-5.153329,-1.475199,0.200
439,51.212254,-5.352416,-1.475199,0.200
440,51.221799,-5.451959,-1.475199,0.200
441,51.231344,-5.551502,-1.475199,0.200
442,51.239529,-5.636862,-1.202333,0.200
443,51.275548,-5.730151,-1.202333,0.200
444,51.311566,-5.823439,-1.202333,0.200
445,51.347584,-5.916727,-1.202333,0.200
446,51.383602,-6.010015,-1.202333,0.200
447,51.419621,-6.103303,-1.202333,0.200
448,51.423002,-6.112061,-1.314305,0.200
449,51.448371,-6.208790,-1.314305,0.200
450,51.473740,-6.305518,-1.314305,0.200
451,51.499108,-6.402247,-1.314305,0.200
452,51.524477,-6.498975,-1.314305,0.200
453,51.549846,-6.595704,-1.314305,0.200
454,51.568146,-6.665478,-1.110801,0.200
455,51.612540,-6.755084,-1.110801,0.200
456,51.656935,-6.844689,-1.110801,0.200
457,51.701329,-6.934295,-1.110801,0.200
458,51.727201,-6.986515,-1.331137,0.200
459,51.750938,-7.083657,-1.331137,0.200
460,51.774676,-7.180799,-1.331137,0.200
461,51.798413,-7.277941,-1.331137,0.200
462,51.822150,-7.375083,-1.331137,0.200
463,51.845887,-7.472225,-1.331137,0.200
464,51.848043,-7.481046,-1.046023,0.200
465,51.898144,-7.567590,-1.046023,0.200
466,51.948246,-7.654134,-1.046023,0.200
467,51.998348,-7.740677,-1.046023,0.200
468,52.048449,-7.827221,-1.046023,0.200
469,52.098551,-7.913765,-1.046023,0.200
470,52.125931,-7.961060,2.889849,0.200
471,52.029083,-7.936150,2.889849,0.200
472,51.974226,-7.922041,-2.085671,0.200
473,51.924984,-8.009077,-2.085671,0.200
474,51.880709,-8.087331,-1.515180,0.200
475,51.886268,-8.187176,-1.515180,0.200
476,51.891827,-8.287022,-1.515180,0.200
477,51.897386,-8.386867,-1.515180,0.200
478,51.902945,-8.486713,-1.515180,0.200
479,51.904873,-8.521354,-1.055946,0.200
480,51.954114,-8.608391,-1.055946,0.200
481,52.003354,-8.695428,-1.055946,0.200
482,52.052595,-8.782464,-1.055946,0.200
483,52.101835,-8.869501,-1.055946,0.200
484,52.105838,-8.876577,-0.827993,0.200
485,52.173474,-8.950235,-0.827993,0.200
486,52.241109,-9.023893,-0.827993,0.200
487,52.308745,-9.097550,-0.827993,0.200
488,52.444016,-9.244865,-0.827993,0.200
489,52.511652,-9.318523,-0.827993,0.200
490,52.540674,-9.350129,-1.164959,0.200
491,52.580152,-9.442006,-1.164959,0.200
492,52.619631,-9.533883,-1.164959,0.200
493,52.659110,-9.625761,-1.164959,0.200
494,52.698589,-9.717638,-1.164959,0.200
495,52.738068,-9.809515,-1.164959,0.200
496,52.752514,-9.843136,-1.263502,0.200
497,52.782762,-9.938451,-1.263502,0.200
498,52.813011,-10.033767,-1.263502,0.200
499,52.843259,-10.129082,-1.263502,0.200
500,52.903755,-10.319713,-1.263502,0.200
501,52.964251,-10.510344,-1.263502,0.200
502,53.024747,-10.700976,-1.263502,0.200
503,53.085244,-10.891607,-1.263502,0.200
504,53.145740,-11.082238,-1.263502,0.200
505,53.206236,-11.272869,-1.263502,0.200
506,53.266732,-11.463500,-1.263502,0.200
507,53.296980,-11.558815,-1.263502,0.200
508,53.304670,-11.583048,-1.120722,0.200
509,53.348174,-11.673089,-1.120722,0.200
510,53.391677,-11.763131,-1.120722,0.200
511,53.435180,-11.853172,-1.120722,0.200
512,53.522187,-12.033255,-1.120722,0.200
513,53.609193,-12.213338,-1.120722,0.200
514,53.696200,-12.393421,-1.120722,0.200
515,53.739703,-12.483463,-1.120722,0.200
516,53.783206,-12.573504,-1.120722,0.200
517,53.802380,-12.613188,-1.422444,0.200
518,53.817160,-12.712090,-1.422444,0.200
519,53.831941,-12.810991,-1.422444,0.200
520,53.846722,-12.909893,-1.422444,0.200
521,53.861503,-13.008795,-1.422444,0.200
522,53.867039,-13.045835,-1.127153,0.200
523,53.909962,-13.136154,-1.127153,0.200
524,53.952885,-13.226474,-1.127153,0.200
525,53.995808,-13.316793,-1.127153,0.200
526,54.081655,-13.497432,-1.127153,0.200
527,54.124578,-13.587751,-1.127153,0.200
528,54.148475,-13.638035,-1.297242,0.200
529,54.175491,-13.734317,-1.297242,0.200
530,54.202506,-13.830599,-1.297242,0.200
531,54.229522,-13.926880,-1.297242,0.200
532,54.256537,-14.023162,-1.297242,0.200
533,54.283553,-14.119444,-1.297242,0.200
534,54.308857,-14.209625,-0.825597,0.200
535,54.376669,-14.283121,-0.825597,0.200
536,54.444481,-14.356616,-0.825597,0.200
537,54.487387,-14.403118,-1.487020,0.200
538,54.495754,-14.502767,-1.487020,0.200
539,54.504122,-14.602416,-1.487020,0.200
540,54.512490,-14.702066,-1.487020,0.200
541,54.517885,-14.766307,-2.364559,0.200
542,54.465607,-14.817718,-1.523438,0.200
543,54.470341,-14.917606,-1.523438,0.200
544,54.475075,-15.017494,-1.523438,0.200
545,54.475918,-15.035284,-0.889241,0.200
546,54.538918,-15.112944,-0.889241,0.200
547,54.601918,-15.190603,-0.889241,0.200
548,54.664919,-15.268262,-0.889241,0.200
549,54.790919,-15.423581,-0.889241,0.200
550,54.916919,-15.578900,-0.889241,0.200
551,54.979919,-15.656559,-0.889241,0.200
552,55.042920,-15.734219,-1.608452,0.200
553,55.039144,-15.834435,-1.610974,0.200
554,55.035127,-15.934355,-1.610974,0.200
555,55.034375,-15.953068,-1.269875,0.200
556,55.064015,-16.048575,-1.269875,0.200
557,55.093655,-16.144081,-1.269875,0.200
558,55.123295,-16.239588,-1.269875,0.200
559,55.152935,-16.335094,-1.093865,0.200
560,55.199304,-16.424831,-1.092070,0.200
561,55.245369,-16.513590,-1.092070,0.200
562,55.291434,-16.602348,-1.092070,0.200
563,55.383564,-16.779864,-1.092070,0.200
564,55.429629,-16.868623,-1.092070,0.200
565,55.459856,-16.926865,-1.234220,0.200
566,55.492882,-17.021254,-1.234220,0.200
567,55.525907,-17.115643,-1.234220,0.200
568,55.558933,-17.210032,-1.234220,0.200
569,55.624985,-17.398810,-1.234220,0.200
570,55.658010,-17.493199,-1.234220,0.200
571,55.668486,-17.523141,-1.413688,0.200
572,55.684133,-17.621909,-1.413688,0.200
573,55.699779,-17.720677,-1.413688,0.200
574,55.715425,-17.819446,-1.413688,0.200
575,55.730504,-17.914629,-1.660676,0.200
576,55.721528,-18.014225,-1.660676,0.200
577,55.712552,-18.113822,-1.660676,0.200
578,55.703576,-18.213418,-1.660676,0.200
579,55.698854,-18.265814,-1.313239,0.200
580,55.724326,-18.362516,-1.313239,0.200
581,55.749798,-18.459217,-1.313239,0.200
582,55.774432,-18.552737,-1.606451,0.200
583,55.770867,-18.652674,-1.606451,0.200
584,55.767302,-18.752610,-1.606451,0.200
585,55.763738,-18.852547,-1.606451,0.200
586,55.756608,-19.052420,-1.606451,0.200
587,55.753043,-19.152356,-1.606451,0.200
588,55.752421,-19.169796,-1.492742,0.200
589,55.760219,-19.269491,-1.492742,0.200
590,55.768016,-19.369187,-1.492742,0.200
591,55.775814,-19.468882,-1.492742,0.200
592,55.791409,-19.668273,-1.492742,0.200
593,55.807004,-19.867665,-1.492742,0.200
594,55.822599,-20.067056,-1.492742,0.200
595,55.838194,-20.266447,-1.492742,0.200
596,55.853790,-20.465838,-1.492742,0.200
597,55.869385,-20.665229,-1.492742,0.200
598,55.884980,-20.864620,-1.492742,0.200
599,55.900575,-21.064011,-1.492742,0.200
600,55.911865,-21.208355,-1.541982,0.200
601,55.917627,-21.408272,-1.541982,0.200
602,55.923389,-21.608189,-1.541982,0.200
603,55.929151,-21.808106,-1.541982,0.200
604,55.934912,-22.008023,-1.541982,0.200
605,55.940674,-22.207940,-1.541982,0.200
606,55.943555,-22.307899,-1.541982,0.200
607,55.946436,-22.407857,-1.541982,0.200
608,55.947323,-22.438606,-1.241811,0.200
609,55.979631,-22.533243,-1.241811,0.200
610,56.000864,-22.595440,-1.503133,0.200
611,56.007626,-22.695211,-1.503133,0.200
612,56.014387,-22.794982,-1.503133,0.200
613,56.021148,-22.894753,-1.503133,0.200
614,56.034670,-23.094296,-1.503133,0.200
615,56.048193,-23.293838,-1.503133,0.200
616,56.061715,-23.493380,-1.503133,0.200
617,56.075237,-23.692923,-1.503133,0.200
618,56.088760,-23.892465,-1.503133,0.200
619,56.095521,-23.992236,-1.503133,0.200
620,56.096969,-24.013602,-1.812958,0.200
621,56.072989,-24.110684,-1.812958,0.200
622,56.049008,-24.207767,-1.812958,0.200
623,56.034369,-24.267034,-1.630082,0.200
624,56.028444,-24.366858,-1.630082,0.200
625,56.022519,-24.466682,-1.630082,0.200
626,56.016594,-24.566506,-1.630082,0.200
627,56.004743,-24.766155,-1.630082,0.200
628,55.999774,-24.849883,-1.594279,0.200
629,55.995078,-25.049828,-1.594279,0.200
630,55.990381,-25.249773,-1.594279,0.200
631,55.985685,-25.449718,-1.594279,0.200
632,55.980989,-25.649663,-1.594279,0.200
633,55.976293,-25.849608,-1.594279,0.200
634,55.971597,-26.049553,-1.594279,0.200
635,55.966901,-26.249497,-1.594279,0.200
636,55.964553,-26.349470,-1.594279,0.200
637,55.962205,-26.449442,-1.594279,0.200
638,55.960612,-26.517253,-1.867626,0.200
639,55.931363,-26.612880,-1.867626,0.200
640,55.902114,-26.708507,-1.524121,0.200
641,55.906797,-26.808756,-1.522838,0.200
642,55.911591,-26.908641,-1.522838,0.200
643,55.916385,-27.008526,-1.522838,0.200
644,55.925973,-27.208296,-1.522838,0.200
645,55.935561,-27.408066,-1.522838,0.200
646,55.945149,-27.607837,-1.522838,0.200
647,55.954737,-27.807607,-1.522838,0.200
648,55.959531,-27.907492,-1.522838,0.200
649,55.960519,-27.928090,-1.744546,0.200
650,55.943232,-28.026585,-1.744546,0.200
651,55.925944,-28.125079,-1.744546,0.200
652,55.908656,-28.223573,-1.744546,0.200
653,55.891368,-28.322068,-1.744546,0.200
654,55.876809,-28.405018,-1.527169,0.200
655,55.881170,-28.504923,-1.527169,0.200
656,55.885532,-28.604827,-1.527169,0.200
657,55.889893,-28.704732,-1.527169,0.200
658,55.898616,-28.904542,-1.527169,0.200
659,55.907338,-29.104352,-1.527169,0.200
660,55.911700,-29.204256,-1.527169,0.200
661,55.916061,-29.304161,-1.527169,0.200
662,55.917750,-29.342856,-1.697255,0.200
663,55.905138,-29.442058,-1.697255,0.200
664,55.892526,-29.541259,-1.697255,0.200
665,55.879914,-29.640461,-1.697255,0.200
666,55.867302,-29.739662,-1.418104,0.200
667,55.882608,-29.839125,-1.416289,0.200
668,55.897997,-29.937933,-1.416289,0.200
669,55.913387,-30.036742,-1.416289,0.200
670,55.944165,-30.234360,-1.416289,0.200
671,55.974944,-30.431977,-1.416289,0.200
672,55.990333,-30.530786,-1.416289,0.200
673,56.005723,-30.629595,-1.416289,0.200
674,56.009418,-30.653324,-1.633878,0.200
675,56.003114,-30.753125,-1.633878,0.200
676,55.996810,-30.852926,-1.633878,0.200
677,55.990506,-30.952727,-1.633878,0.200
678,55.977898,-31.152329,-1.633878,0.200
679,55.971594,-31.252130,-1.633878,0.200
680,55.965290,-31.351931,-1.633878,0.200
681,55.963330,-31.382972,-1.255097,0.200
682,55.994378,-31.478030,-1.255097,0.200
683,56.025426,-31.573088,-1.255097,0.200
684,56.056474,-31.668146,-1.255097,0.200
685,56.087522,-31.763204,-1.255097,0.200
686,56.091970,-31.776824,-1.881612,0.200
687,56.061387,-31.872032,-1.881612,0.200
688,56.032046,-31.963373,-1.640043,0.200
689,56.025127,-32.063134,-1.640043,0.200
690,56.018208,-32.162894,-1.640043,0.200
691,56.011288,-32.262654,-1.640043,0.200
692,55.997450,-32.462175,-1.640043,0.200
693,55.990531,-32.561935,-1.640043,0.200
694,55.990087,-32.568333,-1.542635,0.200
695,55.992903,-32.668293,-1.542635,0.200
696,55.995719,-32.768253,-1.542635,0.200
697,55.998535,-32.868214,-1.542635,0.200
698,56.004166,-33.068134,-1.542635,0.200
699,56.009798,-33.268055,-1.542635,0.200
700,56.015430,-33.467976,-1.542635,0.200
701,56.021061,-33.667897,-1.542635,0.200
702,56.026693,-33.867817,-1.542635,0.200
703,56.029509,-33.967778,-1.542635,0.200
704,56.031180,-34.027096,-1.712469,0.200
705,56.017060,-34.126094,-1.712469,0.200
706,56.002940,-34.225092,-1.712469,0.200
707,55.988820,-34.324090,-1.421587,0.200
708,56.003774,-34.423568,-1.419804,0.200
709,56.018816,-34.522431,-1.419804,0.200
710,56.030918,-34.601973,-1.662070,0.200
711,56.021804,-34.701557,-1.662070,0.200
712,56.012689,-34.801140,-1.662070,0.200
713,56.003574,-34.900724,-1.662070,0.200
714,55.985345,-35.099892,-1.662070,0.200
715,55.967116,-35.299059,-1.662070,0.200
716,55.948886,-35.498227,-1.662070,0.200
717,55.939772,-35.597810,-1.662070,0.200
718,55.930657,-35.697394,-1.662070,0.200
719,55.922172,-35.790097,-1.451409,0.200
720,55.934083,-35.889385,-1.451409,0.200
721,55.945993,-35.988673,-1.451409,0.200
722,55.957903,-36.087961,-1.451409,0.200
723,55.969814,-36.187249,-1.451409,0.200
724,55.971251,-36.199228,-1.664357,0.200
725,55.961908,-36.298791,-1.664357,0.200
726,55.952566,-36.398353,-1.664357,0.200
727,55.943223,-36.497916,-1.664357,0.200
728,55.933881,-36.597479,-1.664357,0.200
729,55.924923,-36.692937,-1.439294,0.200
730,55.938036,-36.792073,-1.439294,0.200
731,55.951148,-36.891210,-1.439294,0.200
732,55.964261,-36.990346,-1.439294,0.200
733,55.977373,-37.089483,-1.439294,0.200
734,55.990485,-37.188620,-1.439294,0.200
735,55.998307,-37.247755,-1.656862,0.200
736,55.989711,-37.347385,-1.656862,0.200
737,55.981115,-37.447015,-1.656862,0.200
738,55.972519,-37.546645,-1.656862,0.200
739,55.955327,-37.745904,-1.656862,0.200
740,55.938135,-37.945164,-1.656862,0.200
741,55.929539,-38.044794,-1.656862,0.200
742,55.920944,-38.144424,-1.407155,0.200
743,55.937957,-38.247463,-1.395829,0.200
744,55.954123,-38.338912,-1.610221,0.200
745,55.950182,-38.438834,-1.610221,0.200
746,55.946240,-38.538756,-1.610221,0.200
747,55.942299,-38.638679,-1.610221,0.200
748,55.934416,-38.838523,-1.610221,0.200
749,55.930475,-38.938446,-1.610221,0.200
750,55.927835,-39.005354,-1.423203,0.200
751,55.942541,-39.104266,-1.423203,0.200
752,55.957247,-39.203179,-1.423203,0.200
753,55.971953,-39.302092,-1.423203,0.200
754,55.986659,-39.401005,-1.423203,0.200
755,55.989584,-39.420680,-1.660051,0.200
756,55.980670,-39.520282,-1.660051,0.200
757,55.971757,-39.619884,-1.660051,0.200
758,55.962843,-39.719486,-1.660051,0.200
759,55.945016,-39.918690,-1.660051,0.200
760,55.927189,-40.117894,-1.660051,0.200
761,55.909362,-40.317098,-1.660051,0.200
762,55.900448,-40.416700,-1.660051,0.200
763,55.896008,-40.466318,-1.459565,0.200
764,55.907108,-40.565700,-1.459565,0.200
765,55.918208,-40.665082,-1.459565,0.200
766,55.929308,-40.764464,-1.459565,0.200
767,55.951509,-40.963228,-1.459565,0.200
768,55.962609,-41.062610,-1.459565,0.200
769,55.973709,-41.161992,-1.459565,0.200
770,55.978946,-41.208882,-1.626430,0.200
771,55.973386,-41.308727,-1.626430,0.200
772,55.967825,-41.408573,-1.626430,0.200
773,55.962265,-41.508418,-1.626430,0.200
774,55.951144,-41.708108,-1.626430,0.200
775,55.940023,-41.907799,-1.626430,0.200
776,55.934462,-42.007644,-1.626430,0.200
777,55.931105,-42.067918,-1.494825,0.200
778,55.938695,-42.167629,-1.494825,0.200
779,55.946285,-42.267341,-1.494825,0.200
780,55.953875,-42.367052,-1.494825,0.200
781,55.956284,-42.398695,-1.658585,0.200
782,55.947516,-42.498310,-1.658585,0.200
783,55.938748,-42.597925,-1.658585,0.200
784,55.929981,-42.697540,-1.658585,0.200
785,55.912446,-42.896769,-1.658585,0.200
786,55.894910,-43.095999,-1.658585,0.200
787,55.886143,-43.195614,-1.658585,0.200
788,55.878729,-43.279849,-2.098097,0.200
789,55.828409,-43.366266,-2.098097,0.200
790,55.789499,-43.433087,-1.447298,0.200
791,55.801818,-43.532325,-1.447298,0.200
792,55.814136,-43.631564,-1.447298,0.200
793,55.826455,-43.730802,-1.447298,0.200
794,55.838773,-43.830040,-1.447298,0.200
795,55.851092,-43.929279,-1.447298,0.200
796,55.859790,-43.999356,-1.724532,0.200
797,55.844477,-44.098177,-1.724532,0.200
798,55.829164,-44.196998,-1.724532,0.200
799,55.813851,-44.295818,-1.724532,0.200
800,55.783225,-44.493459,-1.724532,0.200
801,55.767912,-44.592280,-1.724532,0.200
802,55.752598,-44.691100,-1.724532,0.200
803,55.744348,-44.744343,-1.588119,0.200
804,55.742616,-44.844328,-1.588119,0.200
805,55.740884,-44.944313,-1.588119,0.200
806,55.739152,-45.044298,-1.588119,0.200
807,55.735687,-45.244268,-1.588119,0.200
808,55.732223,-45.444238,-1.588119,0.200
809,55.728759,-45.644208,-1.588119,0.200
810,55.725294,-45.844178,-1.588119,0.200
811,55.723562,-45.944163,-1.588119,0.200
812,55.721830,-46.044148,-1.842262,0.200
813,55.694493,-46.142361,-1.847322,0.200
814,55.667192,-46.238562,-1.847322,0.200
815,55.639891,-46.334763,-1.847322,0.200
816,55.612589,-46.430964,-1.847322,0.200
817,55.607906,-46.447467,-1.527520,0.200
818,55.612232,-46.547373,-1.527520,0.200
819,55.616558,-46.647279,-1.527520,0.200
820,55.620885,-46.747186,-1.527520,0.200
821,55.625211,-46.847092,-1.527520,0.200
822,55.629537,-46.946998,-1.527520,0.200
823,55.631188,-46.985113,-1.617237,0.200
824,55.626545,-47.085005,-1.617237,0.200
825,55.621903,-47.184898,-1.617237,0.200
826,55.617260,-47.284790,-1.617237,0.200
827,55.607975,-47.484574,-1.617237,0.200
828,55.598691,-47.684359,-1.617237,0.200
829,55.589406,-47.884143,-1.617237,0.200
830,55.580121,-48.083927,-1.617237,0.200
831,55.570836,-48.283712,-1.617237,0.200
832,55.561551,-48.483496,-1.617237,0.200
833,55.552266,-48.683280,-1.617237,0.200
834,55.542981,-48.883065,-1.617237,0.200
835,55.533697,-49.082849,-1.617237,0.200
836,55.524412,-49.282633,-1.617237,0.200
837,55.515127,-49.482418,-1.617237,0.200
838,55.505842,-49.682202,-1.617237,0.200
839,55.496557,-49.881986,-1.617237,0.200
840,55.487272,-50.081771,-1.617237,0.200
841,55.482630,-50.181663,-1.617237,0.200
842,55.480230,-50.233309,-1.487530,0.200
843,55.488547,-50.332962,-1.487530,0.200
844,55.496864,-50.432616,-1.487530,0.200
845,55.505181,-50.532269,-1.487530,0.200
846,55.513498,-50.631923,-1.487530,0.200
847,55.516726,-50.670601,-1.707187,0.200
848,55.503129,-50.769672,-1.707187,0.200
849,55.489532,-50.868743,-1.707187,0.200
850,55.475935,-50.967814,-1.707187,0.200
851,55.462338,-51.066886,-1.707187,0.200
852,55.455946,-51.113464,-1.542225,0.200
853,55.458803,-51.213423,-1.542225,0.200
854,55.461659,-51.313382,-1.542225,0.200
855,55.464516,-51.413342,-1.542225,0.200
856,55.470230,-51.613260,-1.542225,0.200
857,55.473086,-51.713219,-1.542225,0.200
858,55.475943,-51.813178,-1.542225,0.200
859,55.476331,-51.826760,-1.636953,0.200
860,55.469720,-51.926541,-1.636953,0.200
861,55.463109,-52.026322,-1.636953,0.200
862,55.456499,-52.126103,-1.636953,0.200
863,55.443277,-52.325666,-1.636953,0.200
864,55.436666,-52.425447,-1.636953,0.200
865,55.430055,-52.525228,-1.636953,0.200
866,55.426716,-52.575619,-1.484383,0.200
867,55.435347,-52.675246,-1.484383,0.200
868,55.443978,-52.774873,-1.484383,0.200
869,55.452608,-52.874500,-1.484383,0.200
870,55.469869,-53.073754,-1.484383,0.200
871,55.487130,-53.273007,-1.484383,0.200
872,55.495761,-53.372634,-1.484383,0.200
873,55.498158,-53.400305,-1.576468,0.200
874,55.497591,-53.500304,-1.576468,0.200
875,55.497024,-53.600302,-1.576468,0.200
876,55.496457,-53.700301,-1.576468,0.200
877,55.495322,-53.900297,-1.576468,0.200
878,55.494188,-54.100294,-1.576468,0.200
879,55.493054,-54.300291,-1.576468,0.200
880,55.491920,-54.500288,-1.576468,0.200
881,55.491795,-54.522314,-1.636089,0.200
882,55.478746,-54.721888,-1.636089,0.200
883,55.465696,-54.921462,-1.636089,0.200
884,55.452647,-55.121035,-1.636089,0.200
885,55.439598,-55.320609,-1.636089,0.200
886,55.433073,-55.420396,-1.636089,0.200
887,55.426549,-55.520183,-1.636089,0.200
888,55.420326,-55.615350,-1.817422,0.200
889,55.395913,-55.712325,-1.817422,0.200
890,55.371500,-55.809299,-1.817422,0.200
891,55.352345,-55.885383,-1.500768,0.200
892,55.359343,-55.985138,-1.500768,0.200
893,55.366340,-56.084892,-1.500768,0.200
894,55.373337,-56.184647,-1.500768,0.200
895,55.387331,-56.384157,-1.500768,0.200
896,55.394328,-56.483912,-1.500768,0.200
897,55.401325,-56.583667,-1.500768,0.200
898,55.404442,-56.628098,-1.604456,0.200
899,55.401077,-56.728041,-1.604456,0.200
900,55.397711,-56.827984,-1.604456,0.200
901,55.394346,-56.927928,-1.604456,0.200
902,55.387615,-57.127815,-1.604456,0.200
903,55.380885,-57.327701,-1.604456,0.200
904,55.374154,-57.527588,-1.604456,0.200
905,55.367423,-57.727475,-1.604456,0.200
906,55.360693,-57.927361,-1.604456,0.200
907,55.353962,-58.127248,-1.604456,0.200
908,55.347231,-58.327135,-1.604456,0.200
909,55.346768,-58.340904,-1.572177,0.200
910,55.346492,-58.540904,-1.572177,0.200
911,55.346215,-58.740904,-1.572177,0.200
912,55.345939,-58.940904,-1.572177,0.200
913,55.345663,-59.140904,-1.572177,0.200
914,55.345387,-59.340903,-1.572177,0.200
915,55.345110,-59.540903,-1.572177,0.200
916,55.344834,-59.740903,-1.572177,0.200
917,55.344558,-59.940903,-1.572177,0.200
918,55.344412,-60.046291,-1.525940,0.200
919,55.353381,-60.246090,-1.525940,0.200
920,55.362349,-60.445889,-1.525940,0.200
921,55.371317,-60.645688,-1.525940,0.200
922,55.380286,-60.845487,-1.525940,0.200
923,55.389254,-61.045285,-1.525940,0.200
924,55.393738,-61.145185,-1.525940,0.200
925,55.394393,-61.159783,-1.648407,0.200
926,55.386640,-61.259482,-1.648407,0.200
927,55.378887,-61.359181,-1.648407,0.200
928,55.371134,-61.458880,-1.648407,0.200
929,55.355627,-61.658278,-1.648407,0.200
930,55.347874,-61.757977,-1.648407,0.200
931,55.344913,-61.796053,-1.332054,0.200
932,55.368561,-61.893216,-1.332054,0.200
933,55.392209,-61.990380,-1.332054,0.200
934,55.415857,-62.087544,-1.332054,0.200
935,55.439505,-62.184707,-1.332054,0.200
936,55.459058,-62.265047,-1.761902,0.200
937,55.440064,-62.363226,-1.761902,0.200
938,55.421070,-62.461406,-1.761902,0.200
939,55.408456,-62.526601,-2.001204,0.200
940,55.366732,-62.617481,-2.001204,0.200
941,55.325008,-62.708360,-2.001204,0.200
942,55.283284,-62.799240,-2.001204,0.200
943,55.241560,-62.890120,-2.001204,0.200
944,55.210512,-62.957745,-1.563460,0.200
945,55.211246,-63.057742,-1.563460,0.200
946,55.211980,-63.157739,-1.563460,0.200
947,55.212713,-63.257737,-1.563460,0.200
948,55.213057,-63.304565,-1.836978,0.200
949,55.186752,-63.401043,-1.836978,0.200
950,55.160447,-63.497521,-1.836978,0.200
951,55.134142,-63.593999,-1.836978,0.200
952,55.117829,-63.653830,-1.687877,0.200
953,55.106148,-63.753145,-1.687877,0.200
954,55.094466,-63.852460,-1.687877,0.200
955,55.082785,-63.951776,-1.687877,0.200
956,55.071104,-64.051091,-1.687877,0.200
957,55.059422,-64.150407,-1.687877,0.200
958,55.051349,-64.219046,-1.846414,0.200
959,55.024135,-64.315272,-1.846414,0.200
960,54.996921,-64.411498,-1.846414,0.200
961,54.969707,-64.507723,-1.846414,0.200
962,54.942493,-64.603949,-1.846414,0.200
963,54.915279,-64.700175,-1.846414,0.200
964,54.895191,-64.771201,-1.546664,0.200
965,54.897604,-64.871172,-1.546664,0.200
966,54.900017,-64.971143,-1.546664,0.200
967,54.902430,-65.071114,-1.546664,0.200
968,54.903797,-65.127758,-1.713597,0.200
969,54.889566,-65.226740,-1.713597,0.200
970,54.875334,-65.325722,-1.713597,0.200
971,54.861103,-65.424705,-1.713597,0.200
972,54.832640,-65.622669,-1.713597,0.200
973,54.804176,-65.820633,-1.713597,0.200
974,54.775713,-66.018597,-1.713597,0.200
975,54.747250,-66.216562,-1.713597,0.200
976,54.718787,-66.414526,-1.713597,0.200
977,54.704556,-66.513508,-1.713597,0.200
978,54.695552,-66.576130,-1.446839,0.200
979,54.707916,-66.675363,-1.446839,0.200
980,54.720280,-66.774596,-1.446839,0.200
981,54.732644,-66.873828,-1.446839,0.200
982,54.738829,-66.923469,-1.760670,0.200
983,54.719955,-67.021672,-1.760670,0.200
984,54.701082,-67.119875,-1.760670,0.200
985,54.682208,-67.218078,-1.760670,0.200
986,54.663335,-67.316281,-1.760670,0.200
987,54.644462,-67.414483,-1.760670,0.200
988,54.626562,-67.507617,-1.603141,0.200
989,54.623328,-67.607565,-1.603141,0.200
990,54.620094,-67.707512,-1.603141,0.200
991,54.616861,-67.807460,-1.603141,0.200
992,54.610393,-68.007356,-1.603141,0.200
993,54.603925,-68.207251,-1.603141,0.200
994,54.597457,-68.407146,-1.603141,0.200
995,54.590989,-68.607042,-1.603141,0.200
996,54.584521,-68.806937,-1.603141,0.200
997,54.582866,-68.858077,-1.671960,0.200
998,54.562668,-69.057055,-1.671960,0.200
999,54.542470,-69.256032,-1.671960,0.200
1000,54.522271,-69.455010,-1.671960,0.200
1001,54.502073,-69.653987,-1.671960,0.200
1002,54.481875,-69.852965,-1.671960,0.200
1003,54.461676,-70.051942,-1.671960,0.200
1004,54.441478,-70.250920,-1.671960,0.200
1005,54.431379,-70.350408,-1.671960,0.200
1006,54.426747,-70.396038,-1.546113,0.200
1007,54.429215,-70.496007,-1.546113,0.200
1008,54.431683,-70.595977,-1.546113,0.200
1009,54.434151,-70.695946,-1.546113,0.200
1010,54.439087,-70.895885,-1.546113,0.200
1011,54.441556,-70.995855,-1.546113,0.200
1012,54.443492,-71.074307,-1.671282,0.200
1013,54.433461,-71.173803,-1.671282,0.200
1014,54.423429,-71.273298,-1.671282,0.200
1015,54.413397,-71.372794,-1.671282,0.200
1016,54.393334,-71.571785,-1.671282,0.200
1017,54.373271,-71.770776,-1.671282,0.200
1018,54.363239,-71.870271,-1.671282,0.200
1019,54.356004,-71.942026,-1.394249,0.200
1020,54.372673,-72.035456,-0.713378,0.200
1021,54.448288,-72.100895,-0.713378,0.200
1022,54.503447,-72.148630,-1.393584,0.200
1023,54.521075,-72.247064,-1.393584,0.200
1024,54.538704,-72.345498,-1.393584,0.200
1025,54.540564,-72.355886,-2.012891,0.200
1026,54.497781,-72.446271,-2.012891,0.200
1027,54.454997,-72.536657,-2.012891,0.200
1028,54.412214,-72.627043,-2.012891,0.200
1029,54.372538,-72.710864,-1.737476,0.200
1030,54.355947,-72.809478,-1.737476,0.200
1031,54.339356,-72.908092,-1.737476,0.200
1032,54.326458,-72.984756,-1.625512,0.200
1033,54.320989,-73.084607,-1.625512,0.200
1034,54.315521,-73.184457,-1.625512,0.200
1035,54.310052,-73.284308,-1.625512,0.200
1036,54.299114,-73.484008,-1.625512,0.200
1037,54.293645,-73.583859,-1.625512,0.200
1038,54.288176,-73.683709,-1.625512,0.200
1039,54.284131,-73.757572,-1.503856,0.200
1040,54.290820,-73.857348,-1.503856,0.200
1041,54.297509,-73.957124,-1.503856,0.200
1042,54.304198,-74.056900,-1.503856,0.200
1043,54.310887,-74.156676,-1.695915,0.200
1044,54.298240,-74.257228,-1.698530,0.200
1045,54.285501,-74.356413,-1.698530,0.200
1046,54.272763,-74.455599,-1.698530,0.200
1047,54.260024,-74.554784,-1.698530,0.200
1048,54.247286,-74.653969,-1.698530,0.200
1049,54.240122,-74.709747,-1.486008,0.200
1050,54.248591,-74.809388,-1.486008,0.200
1051,54.257059,-74.909029,-1.486008,0.200
1052,54.265528,-75.008670,-1.486008,0.200
1053,54.273800,-75.105997,-1.684001,0.200
1054,54.262504,-75.205357,-1.684001,0.200
1055,54.251207,-75.304717,-1.684001,0.200
1056,54.239911,-75.404077,-1.684001,0.200
1057,54.217319,-75.602797,-1.684001,0.200
1058,54.194726,-75.801517,-1.684001,0.200
1059,54.172133,-76.000236,-1.684001,0.200
1060,54.149541,-76.198956,-1.684001,0.200
1061,54.126948,-76.397676,-1.684001,0.200
1062,54.115652,-76.497036,-1.684001,0.200
1063,54.113940,-76.512096,-1.451062,0.200
1064,54.125884,-76.611380,-1.451062,0.200
1065,54.137829,-76.710664,-1.451062,0.200
1066,54.149774,-76.809948,-1.451062,0.200
1067,54.173664,-77.008516,-1.451062,0.200
1068,54.185609,-77.107800,-1.451062,0.200
1069,54.197554,-77.207084,-1.451062,0.200
1070,54.201790,-77.242299,-1.591006,0.200
1071,54.199770,-77.342279,-1.591006,0.200
1072,54.197749,-77.442258,-1.591006,0.200
1073,54.195728,-77.542238,-1.591006,0.200
1074,54.191686,-77.742197,-1.591006,0.200
1075,54.187645,-77.942156,-1.591006,0.200
1076,54.183603,-78.142115,-1.591006,0.200
1077,54.179562,-78.342075,-1.591006,0.200
1078,54.175520,-78.542034,-1.591006,0.200
1079,54.172125,-78.710007,-1.660235,0.200
1080,54.154261,-78.909207,-1.660235,0.200
1081,54.136397,-79.108408,-1.660235,0.200
1082,54.118534,-79.307609,-1.660235,0.200
1083,54.100670,-79.506809,-1.660235,0.200
1084,54.082806,-79.706010,-1.660235,0.200
1085,54.073874,-79.805610,-1.660235,0.200
1086,54.072793,-79.817665,-1.572324,0.200
1087,54.072640,-79.917665,-1.572324,0.200
1088,54.072487,-80.017665,-1.572324,0.200
1089,54.072335,-80.117665,-1.572324,0.200
1090,54.072029,-80.317664,-1.572324,0.200
1091,54.071723,-80.517664,-1.572324,0.200
1092,54.071418,-80.717664,-1.572324,0.200
1093,54.071112,-80.917664,-1.572324,0.200
1094,54.070960,-81.017664,-1.572324,0.200
1095,54.070807,-81.117663,-1.572324,0.200
1096,54.070796,-81.124853,-1.818595,0.200
1097,54.046269,-81.221799,-1.818595,0.200
1098,54.021742,-81.318744,-1.818595,0.200
1099,54.001570,-81.398475,-1.355552,0.200
1100,54.022929,-81.496167,-1.355552,0.200
1101,54.044287,-81.593860,-1.355552,0.200
1102,54.048324,-81.612323,-1.580609,0.200
1103,54.047343,-81.712318,-1.580609,0.200
1104,54.046361,-81.812313,-1.580609,0.200
1105,54.045380,-81.912308,-1.580609,0.200
1106,54.044399,-82.012303,-1.580609,0.200
1107,54.044085,-82.044300,-1.678083,0.200
1108,54.033377,-82.143725,-1.678083,0.200
1109,54.022669,-82.243150,-1.678083,0.200
1110,54.011961,-82.342575,-1.678083,0.200
1111,53.990544,-82.541425,-1.678083,0.200
1112,53.969128,-82.740275,-1.678083,0.200
1113,53.958420,-82.839700,-1.678083,0.200
1114,53.954473,-82.876351,-1.493128,0.200
1115,53.962232,-82.976050,-1.493128,0.200
1116,53.969991,-83.075748,-1.493128,0.200
1117,53.977750,-83.175447,-1.493128,0.200
1118,53.993268,-83.374844,-1.493128,0.200
1119,54.001027,-83.474543,-1.493128,0.200
1120,54.008653,-83.572532,-1.599920,0.200
1121,54.005741,-83.672490,-1.599920,0.200
1122,54.002829,-83.772447,-1.599920,0.200
1123,53.999917,-83.872405,-1.599920,0.200
1124,53.994093,-84.072320,-1.599920,0.200
1125,53.988269,-84.272235,-1.599920,0.200
1126,53.985357,-84.372193,-1.599920,0.200
1127,53.982445,-84.472151,-1.599920,0.200
1128,53.981384,-84.508581,-1.794005,0.200
1129,53.959248,-84.606100,-1.794005,0.200
1130,53.939267,-84.694124,-1.558087,0.200
1131,53.940538,-84.794116,-1.558087,0.200
1132,53.941809,-84.894108,-1.558087,0.200
1133,53.943080,-84.994099,-1.558087,0.200
1134,53.945622,-85.194083,-1.558087,0.200
1135,53.948164,-85.394067,-1.558087,0.200
1136,53.950706,-85.594051,-1.558087,0.200
1137,53.953248,-85.794035,-1.558087,0.200
1138,53.955790,-85.994019,-1.558087,0.200
1139,53.958331,-86.194003,-1.558087,0.200
1140,53.960873,-86.393986,-1.558087,0.200
1141,53.963415,-86.593970,-1.558087,0.200
1142,53.965957,-86.793954,-1.558087,0.200
1143,53.967228,-86.893946,-1.558087,0.200
1144,53.968499,-86.993938,-1.558087,0.200
1145,53.969265,-87.054173,-1.711513,0.200
1146,53.955239,-87.153185,-1.711513,0.200
1147,53.941214,-87.252197,-1.711513,0.200
1148,53.927189,-87.351208,-1.711513,0.200
1149,53.899138,-87.549231,-1.711513,0.200
1150,53.885113,-87.648243,-1.711513,0.200
1151,53.871087,-87.747254,-1.711513,0.200
1152,53.859747,-87.827310,-1.339565,0.200
1153,53.882665,-87.924649,-1.339565,0.200
1154,53.905582,-88.021987,-1.339565,0.200
1155,53.928500,-88.119326,-1.339565,0.200
1156,53.951418,-88.216664,-1.339565,0.200
1157,53.974335,-88.314003,-1.339565,0.200
1158,53.989571,-88.378714,-1.634809,0.200
1159,53.983174,-88.478509,-1.634809,0.200
1160,53.976777,-88.578305,-1.634809,0.200
1161,53.970380,-88.678100,-1.634809,0.200
1162,53.957586,-88.877690,-1.634809,0.200
1163,53.944793,-89.077281,-1.634809,0.200
1164,53.938396,-89.177076,-1.634809,0.200
1165,53.931999,-89.276871,-1.634809,0.200
1166,53.930478,-89.300595,-1.369499,0.200
1167,53.950472,-89.398576,-1.369499,0.200
1168,53.970466,-89.496557,-1.369499,0.200
1169,53.990460,-89.594537,-1.369499,0.200
1170,53.995366,-89.618579,-1.657552,0.200
1171,53.986702,-89.718203,-1.657552,0.200
1172,53.978037,-89.817827,-1.657552,0.200
1173,53.969372,-89.917450,-1.657552,0.200
1174,53.952043,-90.116698,-1.657552,0.200
1175,53.943378,-90.216322,-1.657552,0.200
1176,53.934713,-90.315946,-1.657552,0.200
1177,53.927146,-90.402955,-1.504310,0.200
1178,53.933789,-90.502734,-1.504310,0.200
1179,53.940433,-90.602513,-1.504310,0.200
1180,53.947077,-90.702292,-1.504310,0.200
1181,53.950000,-90.746198,-1.265117,0.200
1182,53.980094,-90.841562,-1.265117,0.200
1183,54.010189,-90.936926,-1.265117,0.200
1184,54.032872,-91.008808,-1.720938,0.200
1185,54.017915,-91.107683,-1.720938,0.200
1186,54.002957,-91.206558,-1.720938,0.200
1187,53.987999,-91.305433,-1.720938,0.200
1188,53.984260,-91.330150,-1.562917,0.200
1189,53.985048,-91.430147,-1.562917,0.200
1190,53.985836,-91.530144,-1.562917,0.200
1191,53.986624,-91.630141,-1.562917,0.200
1192,53.988200,-91.830135,-1.562917,0.200
1193,53.989776,-92.030128,-1.562917,0.200
1194,53.990564,-92.130125,-1.562917,0.200
1195,53.990984,-92.183492,-1.468497,0.200
1196,54.001196,-92.282969,-1.468497,0.200
1197,54.011408,-92.382446,-1.468497,0.200
1198,54.017973,-92.446396,-0.987728,0.200
1199,54.073032,-92.529873,-0.987728,0.200
1200,54.128091,-92.613351,-0.987728,0.200
1201,54.163357,-92.666820,-0.599393,0.200
1202,54.245925,-92.723234,-0.599393,0.200
1203,54.328492,-92.779648,-0.599393,0.200
1204,54.411060,-92.836062,-0.599393,0.200
1205,54.450149,-92.862769,-0.088828,0.200
1206,54.549754,-92.871640,-0.088828,0.200
1207,54.589046,-92.875140,0.288579,0.200
1208,54.684911,-92.846681,0.288579,0.200
1209,54.780776,-92.818222,0.288579,0.200
1210,54.875576,-92.790079,-0.092157,0.200
1211,54.975151,-92.799282,-0.092157,0.200
1212,55.074727,-92.808484,-0.092157,0.200
1213,55.174303,-92.817687,-0.092157,0.200
1214,55.373454,-92.836092,-0.092157,0.200
1215,55.572605,-92.854498,-0.092157,0.200
1216,55.739240,-92.869898,-0.043282,0.200
1217,55.939053,-92.878551,-0.043282,0.200
1218,56.138866,-92.887205,-0.043282,0.200
1219,56.338678,-92.895859,-0.043282,0.200
1220,56.538491,-92.904513,-0.043282,0.200
1221,56.738304,-92.913167,-0.043282,0.200
1222,56.938116,-92.921820,-0.043282,0.200
1223,57.137929,-92.930474,-0.043282,0.200
1224,57.337742,-92.939128,-0.043282,0.200
1225,57.537555,-92.947782,-0.043282,0.200
1226,57.737367,-92.956436,-0.043282,0.200
1227,57.937180,-92.965089,-0.043282,0.200
1228,58.136993,-92.973743,-0.043282,0.200
1229,58.336805,-92.982397,-0.043282,0.200
1230,58.536618,-92.991051,-0.043282,0.200
1231,58.736431,-92.999704,-0.043282,0.200
1232,58.936243,-93.008358,-0.043282,0.200
1233,59.136056,-93.017012,0.040097,0.200
1234,59.340239,-93.008821,0.041914,0.200
1235,59.540063,-93.000440,0.041914,0.200
1236,59.739888,-92.992060,0.041914,0.200
1237,59.939712,-92.983680,0.041914,0.200
1238,60.139537,-92.975300,0.041914,0.200
1239,60.168724,-92.974075,-0.031217,0.200
1240,60.368626,-92.980318,-0.031217,0.200
1241,60.568529,-92.986560,-0.031217,0.200
1242,60.768431,-92.992803,-0.031217,0.200
1243,60.968334,-92.999045,-0.031217,0.200
1244,61.168236,-93.005288,-0.031217,0.200
1245,61.268188,-93.008409,-0.031217,0.200
1246,61.368139,-93.011530,-0.031217,0.200
1247,61.430019,-93.013462,-0.162539,0.200
1248,61.528701,-93.029645,-0.162539,0.200
1249,61.627383,-93.045827,-0.162539,0.200
1250,61.726065,-93.062010,-0.162539,0.200
1251,61.923429,-93.094375,-0.162539,0.200
1252,62.120792,-93.126739,-0.162539,0.200
1253,62.318156,-93.159104,-0.162539,0.200
1254,62.515520,-93.191469,-0.162539,0.200
1255,62.712884,-93.223834,-0.162539,0.200
1256,62.910248,-93.256199,-0.162539,0.200
1257,63.107612,-93.288564,-0.162539,0.200
1258,63.304976,-93.320929,-0.162539,0.200
1259,63.502340,-93.353294,-0.162539,0.200
1260,63.699704,-93.385659,-0.162539,0.200
1261,63.897068,-93.418023,-0.162539,0.200
1262,64.048001,-93.442774,-0.109509,0.200
1263,64.246803,-93.464632,-0.109509,0.200
1264,64.445605,-93.486490,-0.109509,0.200
1265,64.644407,-93.508348,-0.109509,0.200
1266,64.843209,-93.530206,-0.109509,0.200
1267,65.042011,-93.552064,-0.109509,0.200
1268,65.240813,-93.573922,-0.109509,0.200
1269,65.340214,-93.584851,-0.109509,0.200
1270,65.439615,-93.595780,-0.109509,0.200
1271,65.469345,-93.599049,-0.007441,0.200
1272,65.569342,-93.599793,-0.007441,0.200
1273,65.669339,-93.600537,-0.007441,0.200
1274,65.769336,-93.601281,-0.007441,0.200
1275,65.969331,-93.602769,-0.007441,0.200
1276,66.169325,-93.604258,-0.007441,0.200
1277,66.190471,-93.604415,-0.066166,0.200
1278,66.390033,-93.617638,-0.066166,0.200
1279,66.589595,-93.630862,-0.066166,0.200
1280,66.789158,-93.644085,-0.066166,0.200
1281,66.988720,-93.657309,-0.066166,0.200
1282,67.188282,-93.670532,-0.066166,0.200
1283,67.387845,-93.683756,-0.066166,0.200
1284,67.587407,-93.696979,-0.066166,0.200
1285,67.786970,-93.710203,-0.066166,0.200
1286,67.986532,-93.723426,-0.066166,0.200
1287,68.086313,-93.730038,-0.066166,0.200
1288,68.186094,-93.736650,-0.066166,0.200
1289,68.204555,-93.737873,-0.167622,0.200
1290,68.303154,-93.754557,-0.167622,0.200
1291,68.401752,-93.771241,-0.167622,0.200
1292,68.500351,-93.787924,-0.167622,0.200
1293,68.560419,-93.798089,-0.024513,0.200
1294,68.660389,-93.800540,-0.024513,0.200
1295,68.760359,-93.802991,-0.024513,0.200
1296,68.860329,-93.805442,-0.024513,0.200
1297,69.060269,-93.810344,-0.024513,0.200
1298,69.260209,-93.815246,-0.024513,0.200
1299,69.460149,-93.820148,-0.024513,0.200
1300,69.660089,-93.825050,-0.024513,0.200
1301,69.860029,-93.829952,-0.024513,0.200
1302,70.059968,-93.834854,-0.024513,0.200
1303,70.259908,-93.839756,-0.024513,0.200
1304,70.270445,-93.840015,-0.108433,0.200
1305,70.469271,-93.861659,-0.108433,0.200
1306,70.568683,-93.872481,-0.108433,0.200
1307,70.668096,-93.883303,-0.108433,0.200
1308,70.742812,-93.891436,0.016025,0.200
1309,70.842799,-93.889834,0.016025,0.200
1310,70.942786,-93.888232,0.016025,0.200
1311,71.042773,-93.886629,0.016025,0.200
1312,71.242748,-93.883424,0.016025,0.200
1313,71.442722,-93.880219,0.016025,0.200
1314,71.542709,-93.878617,0.016025,0.200
1315,71.561161,-93.878321,-0.077682,0.200
1316,71.660859,-93.886081,-0.077682,0.200
1317,71.760558,-93.893842,-0.077682,0.200
1318,71.860256,-93.901602,-0.077682,0.200
1319,72.059653,-93.917123,-0.077682,0.200
1320,72.259050,-93.932644,-0.077682,0.200
1321,72.358748,-93.940404,-0.077682,0.200
1322,72.458447,-93.948165,-0.077682,0.200
1323,72.519384,-93.952908,0.022186,0.200
1324,72.619360,-93.950689,0.022186,0.200
1325,72.719335,-93.948471,0.022186,0.200
1326,72.819310,-93.946253,0.022186,0.200
1327,73.019261,-93.941816,0.022186,0.200
1328,73.219212,-93.937379,0.022186,0.200
1329,73.419163,-93.932942,0.022186,0.200
1330,73.619114,-93.928505,0.022186,0.200
1331,73.819064,-93.924068,0.022186,0.200
1332,73.919040,-93.921850,0.022186,0.200
1333,73.968920,-93.920743,-0.078526,0.200
1334,74.068612,-93.928587,-0.078526,0.200
1335,74.168304,-93.936432,-0.078526,0.200
1336,74.267996,-93.944276,-0.078526,0.200
1337,74.467379,-93.959965,-0.078526,0.200
1338,74.508553,-93.963205,-0.004897,0.200
1339,74.708550,-93.964185,-0.004897,0.200
1340,74.908548,-93.965164,-0.004897,0.200
1341,75.108546,-93.966143,-0.004897,0.200
1342,75.308543,-93.967122,-0.004897,0.200
1343,75.508541,-93.968102,-0.004897,0.200
1344,75.708538,-93.969081,-0.004897,0.200
1345,75.908536,-93.970060,-0.004897,0.200
1346,76.108534,-93.971040,-0.004897,0.200
1347,76.308531,-93.972019,-0.004897,0.200
1348,76.508529,-93.972998,-0.004897,0.200
1349,76.708527,-93.973978,-0.004897,0.200
1350,76.908524,-93.974957,-0.004897,0.200
1351,77.108522,-93.975936,-0.004897,0.200
1352,77.308519,-93.976915,-0.004897,0.200
1353,77.508517,-93.977895,-0.004897,0.200
1354,77.651790,-93.978596,0.016988,0.200
1355,77.851761,-93.975199,0.016988,0.200
1356,78.051732,-93.971801,0.016988,0.200
1357,78.251703,-93.968404,0.016988,0.200
1358,78.451674,-93.965006,0.016988,0.200
1359,78.651645,-93.961609,0.016988,0.200
1360,78.851616,-93.958211,0.016988,0.200
1361,79.051588,-93.954814,0.016988,0.200
1362,79.251559,-93.951417,0.016988,0.200
1363,79.451530,-93.948019,0.016988,0.200
1364,79.551515,-93.946320,0.016988,0.200
1365,79.651501,-93.944622,0.016988,0.200
1366,79.734656,-93.943209,0.227287,0.200
1367,79.832084,-93.920675,0.227287,0.200
1368,79.929512,-93.898142,0.227287,0.200
1369,80.026940,-93.875608,0.227287,0.200
1370,80.074738,-93.864553,-0.075125,0.200
1371,80.174456,-93.872059,-0.075125,0.200
1372,80.274174,-93.879564,-0.075125,0.200
1373,80.373892,-93.887070,-0.075125,0.200
1374,80.573328,-93.902080,-0.075125,0.200
1375,80.673046,-93.909586,-0.075125,0.200
1376,80.772764,-93.917091,-0.075125,0.200
1377,80.851132,-93.922990,0.045330,0.200
1378,80.951029,-93.918458,0.045330,0.200
1379,81.050926,-93.913927,0.045330,0.200
1380,81.150823,-93.909395,0.045330,0.200
1381,81.350618,-93.900333,0.045330,0.200
1382,81.550412,-93.891270,0.045330,0.200
1383,81.750207,-93.882207,0.045330,0.200
1384,81.950002,-93.873144,0.045330,0.200
1385,82.149796,-93.864081,0.045330,0.200
1386,82.349591,-93.855018,0.045330,0.200
1387,82.549385,-93.845955,0.045330,0.200
1388,82.749180,-93.836892,0.045330,0.200
1389,82.948974,-93.827829,0.045330,0.200
1390,83.148769,-93.818766,0.045330,0.200
1391,83.348563,-93.809704,0.045330,0.200
1392,83.548358,-93.800641,0.045330,0.200
1393,83.748153,-93.791578,0.045330,0.200
1394,83.947947,-93.782515,0.045330,0.200
1395,84.147742,-93.773452,0.045330,0.200
1396,84.347536,-93.764389,0.045330,0.200
1397,84.547331,-93.755326,0.045330,0.200
1398,84.747125,-93.746263,0.045330,0.200
1399,84.946920,-93.737200,0.045330,0.200
1400,85.146714,-93.728137,0.045330,0.200
1401,85.346509,-93.719075,0.045330,0.200
1402,85.546304,-93.710012,0.045330,0.200
1403,85.646201,-93.705480,0.045330,0.200
1404,85.654137,-93.705120,0.165248,0.200
1405,85.752775,-93.688671,0.165248,0.200
1406,85.851412,-93.672221,0.165248,0.200
1407,85.950050,-93.655771,0.165248,0.200
1408,86.012408,-93.645372,-0.119311,0.200
1409,86.111697,-93.657275,-0.119311,0.200
1410,86.210986,-93.669177,-0.119311,0.200
1411,86.310275,-93.681080,-0.119311,0.200
1412,86.409564,-93.692983,-0.119311,0.200
1413,86.461632,-93.699225,-0.010173,0.200
1414,86.561626,-93.700242,-0.010173,0.200
1415,86.661621,-93.701260,-0.010173,0.200
1416,86.761616,-93.702277,-0.010173,0.200
1417,86.961606,-93.704311,-0.010173,0.200
1418,87.161595,-93.706346,-0.010173,0.200
1419,87.361585,-93.708381,-0.010173,0.200
1420,87.561575,-93.710415,-0.010173,0.200
1421,87.761564,-93.712450,-0.010173,0.200
1422,87.945432,-93.714320,-0.095581,0.200
1423,88.144520,-93.733408,-0.095581,0.200
1424,88.343607,-93.752495,-0.095581,0.200
1425,88.443150,-93.762038,-0.095581,0.200
1426,88.476082,-93.765196,0.021939,0.200
1427,88.576058,-93.763002,0.021939,0.200
1428,88.676034,-93.760808,0.021939,0.200
1429,88.776010,-93.758615,0.021939,0.200
1430,88.975962,-93.754227,0.021939,0.200
1431,89.175914,-93.749840,0.021939,0.200
1432,89.375866,-93.745452,0.021939,0.200
1433,89.575818,-93.741065,0.021939,0.200
1434,89.775769,-93.736678,0.021939,0.200
1435,89.975721,-93.732290,0.021939,0.200
1436,90.175673,-93.727903,0.021939,0.200
1437,90.232533,-93.726655,-0.031293,0.200
1438,90.432435,-93.732913,-0.031293,0.200
1439,90.632337,-93.739170,-0.031293,0.200
1440,90.832239,-93.745428,-0.031293,0.200
1441,91.032141,-93.751685,-0.031293,0.200
1442,91.232043,-93.757943,-0.031293,0.200
1443,91.431945,-93.764201,-0.031293,0.200
1444,91.631847,-93.770458,-0.031293,0.200
1445,91.831749,-93.776716,-0.031293,0.200
1446,92.031651,-93.782973,-0.031293,0.200
1447,92.231553,-93.789231,-0.031293,0.200
1448,92.431456,-93.795488,-0.031293,0.200
1449,92.631358,-93.801746,-0.031293,0.200
1450,92.831260,-93.808003,-0.031293,0.200
1451,93.031162,-93.814261,-0.031293,0.200
1452,93.231064,-93.820518,-0.031293,0.200
1453,93.345007,-93.824085,0.045863,0.200
1454,93.544797,-93.814916,0.045863,0.200
1455,93.744586,-93.805746,0.045863,0.200
1456,93.944376,-93.796577,0.045863,0.200
1457,94.144166,-93.787408,0.045863,0.200
1458,94.343955,-93.778239,0.045863,0.200
1459,94.543745,-93.769069,0.045863,0.200
1460,94.743535,-93.759900,0.045863,0.200
1461,94.824107,-93.756202,-0.023882,0.200
1462,95.024050,-93.760978,-0.023882,0.200
1463,95.223993,-93.765754,-0.023882,0.200
1464,95.423936,-93.770530,-0.023882,0.200
1465,95.623879,-93.775306,-0.023882,0.200
1466,95.823822,-93.780082,-0.023882,0.200
1467,95.933820,-93.782709,0.035603,0.200
1468,96.133693,-93.775590,0.035603,0.200
1469,96.333566,-93.768471,0.035603,0.200
1470,96.533439,-93.761352,0.035603,0.200
1471,96.733313,-93.754233,0.035603,0.200
1472,96.933186,-93.747114,0.035603,0.200
1473,97.133059,-93.739995,0.035603,0.200
1474,97.332932,-93.732876,0.035603,0.200
1475,97.532806,-93.725757,0.035603,0.200
1476,97.632742,-93.722198,0.035603,0.200
1477,97.665710,-93.721023,-0.237996,0.200
1478,97.762891,-93.744599,-0.237996,0.200
1479,97.860072,-93.768174,-0.237996,0.200
1480,97.957253,-93.791750,-0.237996,0.200
1481,98.151616,-93.838901,-0.237996,0.200
1482,98.345978,-93.886052,-0.237996,0.200
1483,98.540341,-93.933203,-0.237996,0.200
1484,98.734703,-93.980354,-0.237996,0.200
1485,98.929066,-94.027505,-0.237996,0.200
1486,99.123428,-94.074656,-0.237996,0.200
1487,99.317791,-94.121807,-0.237996,0.200
1488,99.512153,-94.168958,-0.237996,0.200
1489,99.706516,-94.216109,-0.237996,0.200
1490,99.900878,-94.263260,-0.237996,0.200
1491,99.998060,-94.286836,-0.237996,0.200
1492,100.095241,-94.310411,-0.237996,0.200
1493,100.110106,-94.314018,-0.138207,0.200
1494,100.209153,-94.327794,-0.138207,0.200
1495,100.308199,-94.341571,-0.138207,0.200
1496,100.407246,-94.355348,-0.138207,0.200
1497,100.506292,-94.369125,-0.138207,0.200
1498,100.546959,-94.374781,0.043760,0.200
1499,100.646863,-94.370407,0.043760,0.200
1500,100.746768,-94.366032,0.043760,0.200
1501,100.846672,-94.361657,0.043760,0.200
1502,101.046480,-94.352908,0.043760,0.200
1503,101.146385,-94.348534,0.043760,0.200
1504,101.246289,-94.344159,-0.225851,0.200
1505,101.345392,-94.366930,-0.230512,0.200
1506,101.442747,-94.389778,-0.230512,0.200
1507,101.540102,-94.412625,-0.230512,0.200
1508,101.637457,-94.435473,-0.230512,0.200
1509,101.655687,-94.439751,-0.046999,0.200
1510,101.755577,-94.444449,-0.046999,0.200
1511,101.855466,-94.449147,-0.046999,0.200
1512,101.955356,-94.453845,-0.046999,0.200
1513,102.155135,-94.463242,-0.046999,0.200
1514,102.354914,-94.472638,-0.046999,0.200
1515,102.554693,-94.482034,-0.046999,0.200
1516,102.754472,-94.491430,-0.046999,0.200
1517,102.854362,-94.496129,-0.046999,0.200
1518,102.954252,-94.500827,-0.046999,0.200
1519,102.981371,-94.502102,-0.203833,0.200
1520,103.079301,-94.522345,-0.203833,0.200
1521,103.177231,-94.542587,-0.203833,0.200
1522,103.275160,-94.562830,-0.203833,0.200
1523,103.471020,-94.603315,-0.203833,0.200
1524,103.568950,-94.623557,-0.203833,0.200
1525,103.588080,-94.627511,0.030790,0.200
1526,103.688033,-94.624433,0.030790,0.200
1527,103.787985,-94.621354,0.030790,0.200
1528,103.887938,-94.618276,0.030790,0.200
1529,104.087843,-94.612119,0.030790,0.200
1530,104.287748,-94.605962,0.030790,0.200
1531,104.387701,-94.602883,0.030790,0.200
1532,104.394342,-94.602679,-0.094091,0.200
1533,104.493900,-94.612074,-0.094091,0.200
1534,104.593458,-94.621469,-0.094091,0.200
1535,104.693015,-94.630864,-0.094091,0.200
1536,104.892131,-94.649655,-0.094091,0.200
1537,105.091246,-94.668445,-0.094091,0.200
1538,105.290361,-94.687236,-0.094091,0.200
1539,105.389919,-94.696631,-0.094091,0.200
1540,105.489477,-94.706026,-0.094091,0.200
1541,105.583262,-94.714877,-0.002825,0.200
1542,105.683262,-94.715159,-0.002825,0.200
1543,105.783262,-94.715442,-0.002825,0.200
1544,105.883261,-94.715724,-0.002825,0.200
1545,106.083260,-94.716289,-0.002825,0.200
1546,106.283260,-94.716854,-0.002825,0.200
1547,106.483259,-94.717419,-0.002825,0.200
1548,106.583258,-94.717702,-0.002825,0.200
1549,106.598223,-94.717744,-0.152837,0.200
1550,106.697058,-94.732968,-0.152837,0.200
1551,106.795892,-94.748192,-0.152837,0.200
1552,106.801257,-94.749019,-0.515878,0.200
1553,106.888243,-94.798349,-0.515878,0.200
1554,106.975229,-94.847679,-0.515878,0.200
1555,107.062215,-94.897008,-0.515878,0.200
1556,107.121537,-94.930650,0.207460,0.200
1557,107.219393,-94.910053,0.207460,0.200
1558,107.317248,-94.889455,0.207460,0.200
1559,107.415104,-94.868857,0.207460,0.200
1560,107.512960,-94.848260,0.207460,0.200
1561,107.610815,-94.827662,0.207460,0.200
1562,107.621912,-94.825327,-0.065302,0.200
1563,107.721699,-94.831852,-0.065302,0.200
1564,107.821486,-94.838378,-0.065302,0.200
1565,107.921273,-94.844903,-0.065302,0.200
1566,108.120847,-94.857955,-0.065302,0.200
1567,108.320420,-94.871006,-0.065302,0.200
1568,108.519994,-94.884057,-0.065302,0.200
1569,108.719568,-94.897108,-0.065302,0.200
1570,108.919141,-94.910159,-0.065302,0.200
1571,109.118715,-94.923210,-0.065302,0.200
1572,109.225687,-94.930206,-0.020938,0.200
1573,109.425643,-94.934393,-0.020938,0.200
1574,109.625599,-94.938580,-0.020938,0.200
1575,109.825556,-94.942768,-0.020938,0.200
1576,110.025512,-94.946955,-0.020938,0.200
1577,110.225468,-94.951142,-0.020938,0.200
1578,110.425424,-94.955330,-0.020938,0.200
1579,110.525402,-94.957423,-0.020938,0.200
1580,110.576100,-94.958485,0.114110,0.200
1581,110.675450,-94.947099,0.114110,0.200
1582,110.774800,-94.935712,0.114110,0.200
1583,110.874149,-94.924326,0.114110,0.200
1584,110.888904,-94.922635,-0.062386,0.200
1585,110.988709,-94.928870,-0.062386,0.200
1586,111.088515,-94.935104,-0.062386,0.200
1587,111.188320,-94.941339,-0.062386,0.200
1588,111.288126,-94.947573,-0.062386,0.200
1589,111.313996,-94.949189,-0.252623,0.200
1590,111.410822,-94.974184,-0.252623,0.200
1591,111.507648,-94.999178,-0.252623,0.200
1592,111.604474,-95.024173,-0.252623,0.200
1593,111.701300,-95.049167,-0.252623,0.200
1594,111.710752,-95.051607,0.054630,0.200
1595,111.810603,-95.046147,0.054630,0.200
1596,111.910454,-95.040687,0.054630,0.200
1597,112.010305,-95.035226,0.054630,0.200
1598,112.210006,-95.024306,0.054630,0.200
1599,112.342172,-95.017078,-0.007409,0.200
1600,112.542167,-95.018560,-0.007409,0.200
1601,112.742161,-95.020042,-0.007409,0.200
1602,112.942156,-95.021524,-0.007409,0.200
1603,113.142150,-95.023006,-0.007409,0.200
1604,113.342145,-95.024487,-0.007409,0.200
1605,113.542140,-95.025969,-0.007409,0.200
1606,113.742134,-95.027451,-0.007409,0.200
1607,113.942129,-95.028933,-0.007409,0.200
1608,114.142123,-95.030415,-0.007409,0.200
1609,114.342118,-95.031897,-0.007409,0.200
1610,114.542112,-95.033378,-0.007409,0.200
1611,114.742107,-95.034860,-0.007409,0.200
1612,114.942101,-95.036342,-0.007409,0.200
1613,115.042098,-95.037083,-0.007409,0.200
1614,115.104326,-95.037544,-0.264180,0.200
1615,115.200856,-95.063656,-0.264180,0.200
1616,115.297387,-95.089768,-0.264180,0.200
1617,115.393918,-95.115879,-0.264180,0.200
1618,115.586979,-95.168103,-0.264180,0.200
1619,115.780041,-95.220327,-0.264180,0.200
1620,115.973102,-95.272550,-0.264180,0.200
1621,116.069633,-95.298662,-0.264180,0.200
1622,116.092519,-95.304853,-0.480165,0.200
1623,116.181211,-95.351045,-0.480165,0.200
1624,116.269903,-95.397238,-0.480165,0.200
1625,116.358595,-95.443430,-0.480165,0.200
1626,116.447287,-95.489623,-0.480165,0.200
1627,116.503298,-95.518795,-0.830801,0.200
1628,116.570727,-95.592642,-0.830801,0.200
1629,116.638155,-95.666489,-0.830801,0.200
1630,116.705584,-95.740336,-0.830801,0.200
1631,116.773012,-95.814184,-0.830801,0.200
1632,116.780819,-95.822733,-1.110544,0.200
1633,116.825236,-95.912327,-1.110544,0.200
1634,116.869653,-96.001921,-1.110544,0.200
1635,116.874759,-96.012221,-0.653049,0.200
1636,116.954183,-96.072982,-0.653049,0.200
1637,117.033607,-96.133743,-0.653049,0.200
1638,117.113030,-96.194504,-0.653049,0.200
1639,117.271877,-96.316026,-0.653049,0.200
1640,117.430724,-96.437548,-0.653049,0.200
1641,117.589571,-96.559070,-0.653049,0.200
1642,117.668995,-96.619831,-0.653049,0.200
1643,117.748418,-96.680592,-0.653049,0.200
1644,117.817873,-96.733727,-0.883409,0.200
1645,117.881325,-96.811017,-0.883409,0.200
1646,117.944777,-96.888308,-0.883409,0.200
1647,118.008229,-96.965599,-0.883409,0.200
1648,118.032070,-96.994640,-0.660924,0.200
1649,118.111013,-97.056024,-0.660924,0.200
1650,118.189955,-97.117409,-0.660924,0.200
1651,118.268898,-97.178793,-0.660924,0.200
1652,118.426783,-97.301563,-0.660924,0.200
1653,118.584668,-97.424332,-0.660924,0.200
1654,118.663610,-97.485717,-0.660924,0.200
1655,118.742553,-97.547101,-0.660924,0.200
1656,118.810708,-97.600098,-0.525595,0.200
1657,118.897211,-97.650270,-0.525595,0.200
1658,118.983713,-97.700443,-0.525595,0.200
1659,119.070216,-97.750616,-0.525595,0.200
1660,119.243221,-97.850961,-0.525595,0.200
1661,119.416226,-97.951307,-0.525595,0.200
1662,119.502728,-98.001480,-0.525595,0.200
1663,119.589231,-98.051652,-0.525595,0.200
1664,119.595174,-98.055100,-0.660752,0.200
1665,119.674127,-98.116471,-0.660752,0.200
1666,119.753081,-98.177842,-0.660752,0.200
1667,119.832034,-98.239213,-0.660752,0.200
1668,119.989940,-98.361955,-0.660752,0.200
1669,120.147846,-98.484697,-0.660752,0.200
1670,120.305752,-98.607439,-0.660752,0.200
1671,120.463659,-98.730181,-0.660752,0.200
1672,120.621565,-98.852923,-0.660752,0.200
1673,120.779471,-98.975665,-0.660752,0.200
1674,120.827505,-99.013002,-0.613274,0.200
1675,120.991059,-99.128112,-0.613274,0.200
1676,121.154612,-99.243222,-0.613274,0.200
1677,121.318166,-99.358331,-0.613274,0.200
1678,121.481720,-99.473441,-0.613274,0.200
1679,121.645273,-99.588550,-0.613274,0.200
1680,121.727050,-99.646105,-0.613274,0.200
1681,121.749751,-99.662082,-0.784047,0.200
1682,121.820557,-99.732697,-0.784047,0.200
1683,121.891363,-99.803312,-0.784047,0.200
1684,121.962169,-99.873927,-0.784047,0.200
1685,122.103782,-100.015157,-0.784047,0.200
1686,122.245394,-100.156388,-0.784047,0.200
1687,122.316200,-100.227003,-0.784047,0.200
1688,122.381491,-100.292118,-0.673561,0.200
1689,122.459652,-100.354495,-0.673561,0.200
1690,122.537812,-100.416872,-0.673561,0.200
1691,122.615973,-100.479250,-0.673561,0.200
1692,122.772294,-100.604004,-0.673561,0.200
1693,122.928615,-100.728759,-0.673561,0.200
1694,123.084936,-100.853514,-0.673561,0.200
1695,123.224417,-100.964829,-0.753386,0.200
1696,123.370293,-101.101652,-0.753386,0.200
1697,123.516168,-101.238474,-0.753386,0.200
1698,123.662043,-101.375297,-0.753386,0.200
1699,123.807919,-101.512119,-0.753386,0.200
1700,123.880856,-101.580530,-0.753386,0.200
1701,123.953794,-101.648942,-0.753386,0.200
1702,123.966036,-101.660424,-0.631010,0.200
1703,124.046779,-101.719420,-0.631010,0.200
1704,124.127523,-101.778416,-0.631010,0.200
1705,124.208266,-101.837412,-0.631010,0.200
1706,124.369752,-101.955404,-0.631010,0.200
1707,124.531239,-102.073397,-0.631010,0.200
1708,124.692725,-102.191389,-0.631010,0.200
1709,124.773468,-102.250385,-0.631010,0.200
1710,124.845862,-102.303280,-0.808913,0.200
1711,124.914890,-102.375634,-0.808913,0.200
1712,124.983919,-102.447988,-0.808913,0.200
1713,125.052947,-102.520341,-0.808913,0.200
1714,125.191005,-102.665049,-0.808913,0.200
1715,125.329062,-102.809756,-0.808913,0.200
1716,125.467119,-102.954463,-0.808913,0.200
1717,125.536147,-103.026817,-0.808913,0.200
1718,125.550323,-103.041676,-0.614558,0.200
1719,125.632026,-103.099336,-0.614558,0.200
1720,125.713729,-103.156996,-0.614558,0.200
1721,125.795432,-103.214655,-0.614558,0.200
1722,125.958838,-103.329975,-0.614558,0.200
1723,126.122243,-103.445294,-0.614558,0.200
1724,126.203946,-103.502954,-0.614558,0.200
1725,126.266185,-103.546878,-0.793585,0.200
1726,126.336315,-103.618165,-0.793585,0.200
1727,126.406444,-103.689452,-0.793585,0.200
1728,126.476574,-103.760739,-0.793585,0.200
1729,126.546703,-103.832027,-0.793585,0.200
1730,126.574781,-103.860568,-0.457009,0.200
1731,126.664519,-103.904695,-0.457009,0.200
1732,126.754256,-103.948821,-0.457009,0.200
1733,126.843994,-103.992948,-0.457009,0.200
1734,126.933732,-104.037075,-0.457009,0.200
1735,126.958222,-104.049117,-0.839034,0.200
1736,127.025040,-104.123517,-0.839034,0.200
1737,127.091858,-104.197917,-0.839034,0.200
1738,127.158676,-104.272317,-0.839034,0.200
1739,127.292313,-104.421116,-0.839034,0.200
1740,127.359131,-104.495516,-0.839034,0.200
1741,127.425949,-104.569916,-0.839034,0.200
1742,127.435119,-104.580126,-0.944667,0.200
1743,127.493720,-104.661156,-0.944667,0.200
1744,127.552322,-104.742186,-0.944667,0.200
1745,127.610923,-104.823217,-0.944667,0.200
1746,127.728125,-104.985277,-0.944667,0.200
1747,127.845328,-105.147337,-0.944667,0.200
1748,127.962531,-105.309398,-0.944667,0.200
1749,128.079733,-105.471458,-0.944667,0.200
1750,128.196936,-105.633519,-0.944667,0.200
1751,128.314138,-105.795579,-0.944667,0.200
1752,128.372739,-105.876609,-0.944667,0.200
1753,128.417553,-105.938575,-0.724592,0.200
1754,128.492430,-106.004858,-0.724592,0.200
1755,128.567307,-106.071141,-0.724592,0.200
1756,128.642184,-106.137424,-0.724592,0.200
1757,128.791938,-106.269990,-0.724592,0.200
1758,128.866815,-106.336273,-0.724592,0.200
1759,128.941692,-106.402556,-0.724592,0.200
1760,128.979813,-106.436302,-0.940335,0.200
1761,129.038765,-106.517077,-0.940335,0.200
1762,129.097717,-106.597853,-0.940335,0.200
1763,129.156669,-106.678628,-0.940335,0.200
1764,129.274572,-106.840179,-0.940335,0.200
1765,129.392476,-107.001731,-0.940335,0.200
1766,129.449578,-107.079973,-0.861256,0.200
1767,129.579875,-107.231705,-0.861256,0.200
1768,129.710172,-107.383437,-0.861256,0.200
1769,129.840469,-107.535170,-0.861256,0.200
1770,129.970766,-107.686902,-0.861256,0.200
1771,130.101063,-107.838634,-0.861256,0.200
1772,130.231360,-107.990367,-0.861256,0.200
1773,130.296508,-108.066233,-0.861256,0.200
1774,130.344165,-108.121730,-0.660862,0.200
1775,130.423111,-108.183109,-0.660862,0.200
1776,130.502058,-108.244489,-0.660862,0.200
1777,130.565650,-108.293931,-1.020734,0.200
1778,130.617924,-108.379181,-1.020734,0.200
1779,130.670198,-108.464430,-1.020734,0.200
1780,130.722472,-108.549679,-1.020734,0.200
1781,130.760803,-108.612190,-0.841146,0.200
1782,130.827464,-108.686730,-0.841146,0.200
1783,130.894125,-108.761271,-0.841146,0.200
1784,130.960786,-108.835812,-0.841146,0.200
1785,131.094108,-108.984894,-0.841146,0.200
1786,131.160769,-109.059434,-0.841146,0.200
1787,131.191720,-109.094045,-2.190604,0.200
1788,131.133633,-109.175444,-2.190604,0.200
1789,131.127797,-109.183621,-0.575735,0.200
1790,131.211676,-109.238066,-0.575735,0.200
1791,131.295556,-109.292511,-0.575735,0.200
1792,131.379435,-109.346956,-0.575735,0.200
1793,131.463314,-109.401401,-0.575735,0.200
1794,131.547194,-109.455847,-0.575735,0.200
1795,131.622452,-109.504696,-0.820392,0.200
1796,131.690646,-109.577837,-0.820392,0.200
1797,131.758839,-109.650979,-0.820392,0.200
1798,131.827033,-109.724120,-0.820392,0.200
1799,131.963420,-109.870403,-0.820392,0.200
1800,132.099807,-110.016685,-0.820392,0.200
1801,132.236193,-110.162968,-0.820392,0.200
1802,132.304387,-110.236109,-0.820392,0.200
1803,132.372580,-110.309250,-0.820392,0.200
1804,132.403531,-110.342447,-0.677874,0.200
1805,132.481422,-110.405160,-0.677874,0.200
1806,132.559312,-110.467874,-0.677874,0.200
1807,132.637203,-110.530588,-0.677874,0.200
1808,132.715094,-110.593302,-0.677874,0.200
1809,132.792985,-110.656016,-0.677874,0.200
1810,132.867428,-110.715954,-0.913480,0.200
1811,132.928527,-110.795117,-0.913480,0.200
1812,132.989626,-110.874281,-0.913480,0.200
1813,133.050726,-110.953444,-0.913480,0.200
1814,133.100996,-111.018577,-0.557831,0.200
1815,133.185836,-111.071511,-0.557831,0.200
1816,133.270677,-111.124446,-0.557831,0.200
1817,133.355518,-111.177381,-0.557831,0.200
1818,133.387995,-111.197644,-1.141668,0.200
1819,133.429603,-111.288577,-1.141668,0.200
1820,133.471210,-111.379510,-1.141668,0.200
1821,133.512818,-111.470443,-1.141668,0.200
1822,133.539473,-111.528696,-0.741631,0.200
1823,133.613209,-111.596245,-0.741631,0.200
1824,133.686946,-111.663794,-0.741631,0.200
1825,133.760683,-111.731343,-0.741631,0.200
1826,133.908156,-111.866441,-0.741631,0.200
1827,133.981893,-111.933991,-0.916338,0.200
1828,134.044779,-112.015952,-0.922177,0.200
1829,134.105188,-112.095644,-0.922177,0.200
1830,134.165596,-112.175335,-0.922177,0.200
1831,134.286413,-112.334719,-0.922177,0.200
1832,134.407231,-112.494103,-0.922177,0.200
1833,134.467639,-112.573795,-0.922177,0.200
1834,134.528048,-112.653487,-0.922177,0.200
1835,134.537223,-112.665590,-0.813479,0.200
1836,134.605920,-112.738259,-0.813479,0.200
1837,134.674618,-112.810927,-0.813479,0.200
1838,134.743315,-112.883595,-0.813479,0.200
1839,134.880710,-113.028931,-0.813479,0.200
1840,134.949408,-113.101599,-0.813479,0.200
1841,135.018105,-113.174267,-0.813479,0.200
1842,135.054724,-113.213002,-1.120609,0.200
1843,135.098237,-113.303039,-1.120609,0.200
1844,135.141750,-113.393076,-1.120609,0.200
1845,135.185264,-113.483112,-1.120609,0.200
1846,135.207500,-113.529122,-0.763506,0.200
1847,135.279741,-113.598268,-0.763506,0.200
1848,135.351983,-113.667414,-0.763506,0.200
1849,135.424225,-113.736560,-0.763506,0.200
1850,135.496466,-113.805706,-0.763506,0.200
1851,135.568708,-113.874851,-0.763506,0.200
1852,135.597607,-113.902512,-0.965095,0.200
1853,135.654541,-113.984722,-0.965095,0.200
1854,135.711475,-114.066932,-0.965095,0.200
1855,135.768409,-114.149143,-0.965095,0.200
1856,135.882276,-114.313563,-0.965095,0.200
1857,135.996144,-114.477984,-0.965095,0.200
1858,136.110012,-114.642404,-0.965095,0.200
1859,136.223880,-114.806825,-0.965095,0.200
1860,136.280814,-114.889035,-0.965095,0.200
1861,136.337747,-114.971246,-0.965095,0.200
1862,136.347497,-114.985323,-1.112233,0.200
1863,136.391763,-115.074992,-1.112233,0.200
1864,136.436029,-115.164661,-1.112233,0.200
1865,136.480295,-115.254330,-1.112233,0.200
1866,136.500465,-115.295189,-0.964089,0.200
1867,136.557482,-115.377342,-0.964089,0.200
1868,136.614498,-115.459495,-0.964089,0.200
1869,136.671515,-115.541648,-0.964089,0.200
1870,136.785548,-115.705954,-0.964089,0.200
1871,136.842565,-115.788107,-0.964089,0.200
1872,136.846176,-115.793310,-1.175881,0.200
1873,136.884649,-115.885613,-1.175881,0.200
1874,136.923122,-115.977916,-1.175881,0.200
1875,136.961595,-116.070219,-1.175881,0.200
1876,137.000068,-116.162522,-1.175881,0.200
1877,137.006126,-116.177056,-0.955168,0.200
1878,137.063873,-116.258698,-0.955168,0.200
1879,137.121620,-116.340339,-0.955168,0.200
1880,137.179368,-116.421980,-0.955168,0.200
1881,137.294862,-116.585262,-0.955168,0.200
1882,137.410356,-116.748544,-0.955168,0.200
1883,137.468103,-116.830185,-0.955168,0.200
1884,137.506629,-116.884651,-1.126759,0.200
1885,137.549588,-116.974954,-1.126759,0.200
1886,137.592547,-117.065256,-1.126759,0.200
1887,137.635506,-117.155558,-1.126759,0.200
1888,137.664856,-117.217256,-0.902607,0.200
1889,137.726813,-117.295751,-0.902607,0.200
1890,137.788770,-117.374245,-0.902607,0.200
1891,137.850726,-117.452740,-0.902607,0.200
1892,137.974639,-117.609729,-0.902607,0.200
1893,138.098552,-117.766718,-0.902607,0.200
1894,138.222465,-117.923707,-0.902607,0.200
1895,138.284422,-118.002201,-0.902607,0.200
1896,138.341247,-118.074195,-1.136165,0.200
1897,138.383355,-118.164897,-1.136165,0.200
1898,138.425462,-118.255600,-1.136165,0.200
1899,138.467570,-118.346302,-1.136165,0.200
1900,138.551785,-118.527707,-1.136165,0.200
1901,138.636000,-118.709112,-1.136165,0.200
1902,138.720215,-118.890517,-1.136165,0.200
1903,138.804431,-119.071922,-1.136165,0.200
1904,138.846538,-119.162625,-1.136165,0.200
1905,138.888646,-119.253328,-1.136165,0.200
1906,138.894423,-119.265772,-1.339771,0.200
1907,138.917321,-119.363115,-1.339771,0.200
1908,138.940218,-119.460458,-1.339771,0.200
1909,138.963116,-119.557802,-1.339771,0.200
1910,138.986013,-119.655145,-1.339771,0.200
1911,139.008911,-119.752488,-1.339771,0.200
1912,139.015427,-119.780190,-1.213097,0.200
1913,139.050439,-119.873861,-1.213097,0.200
1914,139.085451,-119.967531,-1.213097,0.200
1915,139.120463,-120.061202,-1.213097,0.200
1916,139.190487,-120.248543,-1.213097,0.200
1917,139.225499,-120.342213,-1.213097,0.200
1918,139.237805,-120.375136,-0.930468,0.200
1919,139.297551,-120.455326,-0.930468,0.200
1920,139.357296,-120.535516,-0.930468,0.200
1921,139.417042,-120.615706,-0.930468,0.200
1922,139.536534,-120.776086,-0.930468,0.200
1923,139.656026,-120.936466,-0.930468,0.200
1924,139.775518,-121.096845,-0.930468,0.200
1925,139.895009,-121.257225,-0.930468,0.200
1926,139.945440,-121.324912,-1.004927,0.200
1927,140.052670,-121.493736,-1.004927,0.200
1928,140.159900,-121.662561,-1.004927,0.200
1929,140.267130,-121.831385,-1.004927,0.200
1930,140.374360,-122.000210,-1.004927,0.200
1931,140.481590,-122.169035,-1.004927,0.200
1932,140.535205,-122.253447,-1.004927,0.200
1933,140.588820,-122.337859,-1.004927,0.200
1934,140.598667,-122.353362,-0.609800,0.200
1935,140.673497,-122.405640,-1.119533,0.200
1936,140.717107,-122.495630,-1.119533,0.200
1937,140.760717,-122.585620,-1.119533,0.200
1938,140.792929,-122.652089,-0.941042,0.200
1939,140.851824,-122.732907,-0.941042,0.200
1940,140.910719,-122.813724,-0.941042,0.200
1941,140.969613,-122.894541,-0.941042,0.200
1942,141.028508,-122.975358,-0.941042,0.200
1943,141.087402,-123.056176,-0.941042,0.200
1944,141.108080,-123.084550,-0.567905,0.200
1945,141.192383,-123.138337,-0.567905,0.200
1946,141.276686,-123.192124,-0.567905,0.200
1947,141.360989,-123.245910,-0.567905,0.200
1948,141.445292,-123.299697,-0.567905,0.200
1949,141.452443,-123.304260,0.426433,0.200
1950,141.543488,-123.262897,0.426433,0.200
1951,141.634532,-123.221535,0.426433,0.200
1952,141.725577,-123.180172,0.426433,0.200
1953,141.798519,-123.147034,1.656226,0.200
1954,141.795145,-123.107641,-0.072339,0.200
1955,141.894884,-123.114869,-0.072339,0.200
1956,141.901312,-123.115335,-0.564365,0.200
1957,141.985805,-123.168823,-0.564365,0.200
1958,142.065415,-123.219220,-1.118382,0.200
1959,142.109129,-123.309159,-1.118382,0.200
1960,142.152843,-123.399099,-1.118382,0.200
1961,142.196557,-123.489038,-1.118382,0.200
1962,142.283985,-123.668917,-1.118382,0.200
1963,142.371412,-123.848796,-1.118382,0.200
1964,142.458840,-124.028675,-1.118382,0.200
1965,142.546268,-124.208554,-1.118382,0.200
1966,142.633695,-124.388433,-1.118382,0.200
1967,142.677409,-124.478372,-1.118382,0.200
1968,142.721123,-124.568311,-1.118382,0.200
1969,142.760714,-124.649768,-1.255537,0.200
1970,142.791720,-124.744839,-1.255537,0.200
1971,142.822726,-124.839911,-1.255537,0.200
1972,142.853733,-124.934983,-1.255537,0.200
1973,142.882549,-125.023338,-1.113556,0.200
1974,142.926696,-125.113066,-1.113556,0.200
1975,142.970844,-125.202793,-1.113556,0.200
1976,143.014991,-125.292520,-1.113556,0.200
1977,143.103286,-125.471975,-1.113556,0.200
1978,143.191581,-125.651430,-1.113556,0.200
1979,143.206584,-125.681923,-1.187756,0.200
1980,143.281332,-125.867429,-1.187756,0.200
1981,143.356080,-126.052936,-1.187756,0.200
1982,143.430829,-126.238442,-1.187756,0.200
1983,143.505577,-126.423949,-1.187756,0.200
1984,143.580326,-126.609455,-1.187756,0.200
1985,143.617700,-126.702209,-1.187756,0.200
1986,143.655074,-126.794962,-1.187756,0.200
1987,143.663744,-126.816479,-1.009364,0.200
1988,143.716984,-126.901128,-1.009364,0.200
1989,143.770224,-126.985777,-1.009364,0.200
1990,143.823464,-127.070427,-1.009364,0.200
1991,143.929944,-127.239725,-1.009364,0.200
1992,144.036424,-127.409024,-1.009364,0.200
1993,144.142904,-127.578323,-1.009364,0.200
1994,144.196144,-127.662972,-1.009364,0.200
1995,144.238407,-127.730170,-1.099070,0.200
1996,144.283850,-127.819248,-1.099070,0.200
1997,144.329292,-127.908327,-1.099070,0.200
1998,144.374735,-127.997405,-1.099070,0.200
1999,144.465620,-128.175562,-1.099070,0.200
2000,144.556505,-128.353719,-1.099070,0.200
2001,144.601947,-128.442798,-1.099070,0.200
2002,144.647390,-128.531876,-1.099070,0.200
2003,144.686229,-128.608010,-1.318557,0.200
2004,144.711186,-128.704845,-1.318557,0.200
2005,144.736143,-128.801681,-1.318557,0.200
2006,144.758604,-128.888828,-0.796948,0.200
2007,144.828493,-128.960350,-0.796948,0.200
2008,144.898382,-129.031873,-0.796948,0.200
2009,144.928828,-129.063030,-1.068021,0.200
2010,144.977014,-129.150655,-1.068021,0.200
2011,145.025200,-129.238280,-1.068021,0.200
2012,145.041665,-129.268222,-1.184992,0.200
2013,145.079296,-129.360872,-1.184992,0.200
2014,145.116926,-129.453521,-1.184992,0.200
2015,145.154556,-129.546171,-1.184992,0.200
2016,145.229817,-129.731470,-1.184992,0.200
2017,145.305078,-129.916769,-1.184992,0.200
2018,145.380339,-130.102069,-1.184992,0.200
2019,145.417969,-130.194718,-1.184992,0.200
2020,145.438097,-130.244275,-1.020223,0.200
2021,145.490415,-130.329498,-1.020223,0.200
2022,145.542732,-130.414720,-1.020223,0.200
2023,145.595050,-130.499943,-1.020223,0.200
2024,145.647368,-130.585165,-1.020223,0.200
2025,145.664739,-130.613462,-1.264312,0.200
2026,145.694910,-130.708802,-1.264312,0.200
2027,145.725081,-130.804142,-1.264312,0.200
2028,145.755252,-130.899482,-1.264312,0.200
2029,145.815593,-131.090162,-1.264312,0.200
2030,145.875935,-131.280842,-1.264312,0.200
2031,145.936277,-131.471522,-1.264312,0.200
2032,145.966448,-131.566862,-1.264312,0.200
2033,145.989293,-131.639053,-1.066179,0.200
2034,146.037640,-131.726589,-1.066179,0.200
2035,146.085987,-131.814125,-1.066179,0.200
2036,146.134335,-131.901661,-1.066179,0.200
2037,146.231029,-132.076733,-1.066179,0.200
2038,146.279377,-132.164269,-1.066179,0.200
2039,146.299776,-132.201203,-1.242755,0.200
2040,146.331995,-132.295871,-1.242755,0.200
2041,146.364214,-132.390538,-1.242755,0.200
2042,146.396433,-132.485206,-1.242755,0.200
2043,146.460871,-132.674541,-1.242755,0.200
2044,146.493090,-132.769208,-1.242755,0.200
2045,146.525309,-132.863876,-1.242755,0.200
2046,146.544839,-132.921261,-1.361492,0.200
2047,146.565617,-133.019078,-1.361492,0.200
2048,146.586395,-133.116896,-1.361492,0.200
2049,146.607173,-133.214714,-1.361492,0.200
2050,146.648729,-133.410349,-1.361492,0.200
2051,146.690284,-133.605984,-1.361492,0.200
2052,146.731840,-133.801619,-1.361492,0.200
2053,146.773396,-133.997254,-1.361492,0.200
2054,146.814952,-134.192889,-1.361492,0.200
2055,146.856508,-134.388524,-1.361492,0.200
2056,146.877286,-134.486342,-1.361492,0.200
2057,146.898064,-134.584160,-1.361492,0.200
2058,146.908334,-134.632508,-1.211326,0.200
2059,146.943511,-134.726116,-1.211326,0.200
2060,146.978689,-134.819724,-1.211326,0.200
2061,147.013867,-134.913333,-1.211326,0.200
2062,147.084223,-135.100549,-1.211326,0.200
2063,147.154578,-135.287766,-1.211326,0.200
2064,147.224934,-135.474983,-1.211326,0.200
2065,147.271082,-135.597782,-1.279236,0.200
2066,147.328571,-135.789341,-1.279236,0.200
2067,147.386061,-135.980900,-1.279236,0.200
2068,147.443550,-136.172460,-1.279236,0.200
2069,147.501040,-136.364019,-1.279236,0.200
2070,147.558529,-136.555578,-1.279236,0.200
2071,147.587274,-136.651358,-1.279236,0.200
2072,147.616019,-136.747137,-1.279236,0.200
2073,147.637479,-136.818644,-1.662973,0.200
2074,147.628274,-136.918219,-1.662973,0.200
2075,147.619069,-137.017795,-1.662973,0.200
2076,147.618078,-137.028516,-1.325200,0.200
2077,147.642392,-137.125516,-1.325200,0.200
2078,147.666705,-137.222515,-1.325200,0.200
2079,147.691019,-137.319514,-1.325200,0.200
2080,147.715332,-137.416513,-1.325200,0.200
2081,147.735846,-137.498351,-1.440713,0.200
2082,147.748817,-137.597507,-1.440713,0.200
2083,147.761789,-137.696662,-1.440713,0.200
2084,147.774761,-137.795817,-1.440713,0.200
2085,147.800704,-137.994127,-1.440713,0.200
2086,147.813676,-138.093282,-1.440713,0.200
2087,147.817230,-138.120451,-1.573856,0.200
2088,147.816924,-138.220451,-1.573856,0.200
2089,147.816618,-138.320450,-1.573856,0.200
2090,147.816312,-138.420450,-1.573856,0.200
2091,147.815700,-138.620449,-1.573856,0.200
2092,147.815394,-138.720448,-1.573856,0.200
2093,147.815088,-138.820448,-1.573856,0.200
2094,147.814859,-138.895133,-1.299462,0.200
2095,147.841661,-138.991474,-1.299462,0.200
2096,147.868463,-139.087815,-1.299462,0.200
2097,147.895265,-139.184157,-1.299462,0.200
2098,147.912644,-139.246627,-1.036611,0.200
2099,147.963558,-139.332695,-1.036611,0.200
2100,148.014472,-139.418764,-1.036611,0.200
2101,148.065386,-139.504832,-1.036611,0.200
2102,148.116300,-139.590901,-1.036611,0.200
2103,148.142687,-139.635507,-1.540732,0.200
2104,148.145693,-139.735462,-1.540732,0.200
2105,148.148699,-139.835417,-1.540732,0.200
2106,148.151705,-139.935371,-1.540732,0.200
2107,148.154710,-140.035326,-1.540732,0.200
2108,148.157716,-140.135281,-1.540732,0.200
2109,148.158135,-140.149191,-1.300320,0.200
2110,148.184854,-140.245555,-1.300320,0.200
2111,148.211573,-140.341920,-1.300320,0.200
2112,148.238292,-140.438284,-1.300320,0.200
2113,148.291730,-140.631013,-1.300320,0.200
2114,148.345168,-140.823742,-1.300320,0.200
2115,148.398606,-141.016470,-1.300320,0.200
2116,148.452044,-141.209199,-1.300320,0.200
2117,148.505482,-141.401928,-1.300320,0.200
2118,148.558920,-141.594657,-1.300320,0.200
2119,148.612358,-141.787386,-1.300320,0.200
2120,148.665796,-141.980114,-1.300320,0.200
2121,148.692515,-142.076479,-1.300320,0.200
2122,148.719234,-142.172843,-1.300320,0.200
2123,148.744518,-142.264031,-1.496458,0.200
2124,148.751945,-142.363755,-1.496458,0.200
2125,148.759372,-142.463479,-1.496458,0.200
2126,148.766799,-142.563203,-1.496458,0.200
2127,148.774226,-142.662927,-1.496458,0.200
2128,148.781653,-142.762651,-1.496458,0.200
2129,148.788468,-142.854164,-1.361791,0.200
2130,148.809217,-142.951988,-1.361791,0.200
2131,148.829966,-143.049811,-1.361791,0.200
2132,148.850714,-143.147635,-1.361791,0.200
2133,148.863081,-143.205942,-1.649121,0.200
2134,148.855257,-143.305635,-1.649121,0.200
2135,148.847433,-143.405329,-1.649121,0.200
2136,148.839608,-143.505022,-1.649121,0.200
2137,148.831784,-143.604716,-1.649121,0.200
2138,148.823959,-143.704409,-1.649121,0.200
2139,148.821278,-143.738572,-1.221640,0.200
2140,148.855488,-143.832538,-1.221640,0.200
2141,148.889699,-143.926504,-1.221640,0.200
2142,148.923910,-144.020470,-1.221640,0.200
2143,148.945299,-144.079220,-1.466267,0.200
2144,148.955732,-144.178674,-1.466267,0.200
2145,148.966166,-144.278128,-1.466267,0.200
2146,148.976600,-144.377582,-1.466267,0.200
2147,148.997468,-144.576490,-1.466267,0.200
2148,149.018336,-144.775399,-1.466267,0.200
2149,149.028770,-144.874853,-1.466267,0.200
2150,149.033523,-144.920165,-1.566327,0.200
2151,149.033970,-145.020164,-1.566327,0.200
2152,149.034417,-145.120163,-1.566327,0.200
2153,149.034864,-145.220162,-1.566327,0.200
2154,149.035006,-145.251864,-1.913113,0.200
2155,149.001439,-145.346062,-1.913113,0.200
2156,148.967872,-145.440260,-1.913113,0.200
2157,148.938569,-145.522492,-1.621629,0.200
2158,148.933488,-145.622363,-1.621629,0.200
2159,148.928407,-145.722234,-1.621629,0.200
2160,148.923326,-145.822105,-1.621629,0.200
2161,148.913164,-146.021847,-1.621629,0.200
2162,148.903001,-146.221588,-1.621629,0.200
2163,148.892839,-146.421330,-1.621629,0.200
2164,148.882677,-146.621072,-1.621629,0.200
2165,148.872515,-146.820813,-1.621629,0.200
2166,148.867434,-146.920684,-1.621629,0.200
2167,148.862353,-147.020555,-1.621629,0.200
2168,148.861956,-147.028364,-1.529255,0.200
2169,148.866109,-147.128278,-1.529255,0.200
2170,148.870261,-147.228192,-1.529255,0.200
2171,148.874414,-147.328105,-1.529255,0.200
2172,148.882720,-147.527933,-1.529255,0.200
2173,148.891026,-147.727760,-1.529255,0.200
2174,148.899332,-147.927588,-1.529255,0.200
2175,148.903485,-148.027501,-1.529255,0.200
2176,148.907638,-148.127415,-1.529255,0.200
2177,148.909607,-148.174795,-1.675650,0.200
2178,148.899141,-148.274245,-1.675650,0.200
2179,148.888675,-148.373696,-1.675650,0.200
2180,148.878209,-148.473147,-1.675650,0.200
2181,148.857277,-148.672049,-1.675650,0.200
2182,148.846810,-148.771499,-1.675650,0.200
2183,148.838705,-148.848523,-1.562520,0.200
2184,148.839532,-148.948520,-1.562520,0.200
2185,148.840360,-149.048516,-1.562520,0.200
2186,148.841187,-149.148513,-1.562520,0.200
2187,148.842842,-149.348506,-1.562520,0.200
2188,148.844498,-149.548499,-1.562520,0.200
2189,148.846153,-149.748492,-1.562520,0.200
2190,148.847808,-149.948486,-1.562520,0.200
2191,148.849463,-150.148479,-1.562520,0.200
2192,148.851118,-150.348472,-1.562520,0.200
2193,148.852773,-150.548465,-1.562520,0.200
2194,148.853601,-150.648462,-1.562520,0.200
2195,148.854413,-150.746585,-1.851314,0.200
2196,148.826728,-150.842677,-1.851314,0.200
2197,148.799665,-150.936605,-1.484835,0.200
2198,148.808251,-151.036236,-1.484835,0.200
2199,148.816836,-151.135867,-1.484835,0.200
2200,148.825422,-151.235498,-1.484835,0.200
2201,148.842593,-151.434759,-1.484835,0.200
2202,148.859764,-151.634021,-1.484835,0.200
2203,148.865078,-151.695679,-1.546474,0.200
2204,148.869942,-151.895620,-1.546474,0.200
2205,148.874806,-152.095561,-1.546474,0.200
2206,148.879670,-152.295502,-1.546474,0.200
2207,148.884534,-152.495442,-1.546474,0.200
2208,148.889398,-152.695383,-1.546474,0.200
2209,148.894262,-152.895324,-1.546474,0.200
2210,148.899126,-153.095265,-1.546474,0.200
2211,148.903990,-153.295206,-1.546474,0.200
2212,148.908854,-153.495147,-1.546474,0.200
2213,148.913718,-153.695087,-1.546474,0.200
2214,148.918582,-153.895028,-1.546474,0.200
2215,148.923446,-154.094969,-1.546474,0.200
2216,148.928310,-154.294910,-1.546474,0.200
2217,148.933174,-154.494851,-1.546474,0.200
2218,148.938038,-154.694792,-1.546474,0.200
2219,148.942902,-154.894732,-1.546474,0.200
2220,148.947766,-155.094673,-1.546474,0.200
2221,148.952630,-155.294614,-1.546474,0.200
2222,148.957494,-155.494555,-1.546474,0.200
2223,148.962357,-155.694496,-1.546474,0.200
2224,148.967221,-155.894437,-1.546474,0.200
2225,148.972085,-156.094378,-1.546474,0.200
2226,148.976949,-156.294318,-1.546474,0.200
2227,148.980494,-156.440011,-1.463584,0.200
2228,149.001895,-156.638862,-1.463584,0.200
2229,149.023296,-156.837714,-1.463584,0.200
2230,149.044698,-157.036566,-1.463584,0.200
2231,149.055398,-157.135991,-1.463584,0.200
2232,149.066099,-157.235417,-1.463584,0.200
2233,149.075778,-157.325349,-1.593474,0.200
2234,149.073510,-157.425323,-1.593474,0.200
2235,149.071243,-157.525298,-1.593474,0.200
2236,149.068975,-157.625272,-1.593474,0.200
2237,149.064440,-157.825220,-1.593474,0.200
2238,149.059905,-158.025169,-1.593474,0.200
2239,149.055370,-158.225118,-1.593474,0.200
2240,149.050835,-158.425066,-1.593474,0.200
2241,149.046300,-158.625015,-1.593474,0.200
2242,149.041765,-158.824963,-1.593474,0.200
2243,149.039497,-158.924938,-1.593474,0.200
2244,149.037666,-159.005683,-1.760023,0.200
2245,149.018856,-159.103898,-1.760023,0.200
2246,149.000046,-159.202113,-1.760023,0.200
2247,148.981236,-159.300328,-1.760023,0.200
2248,148.962426,-159.398543,-1.760023,0.200
2249,148.951440,-159.455905,-1.647054,0.200
2250,148.943822,-159.555615,-1.647054,0.200
2251,148.936204,-159.655324,-1.647054,0.200
2252,148.928585,-159.755034,-1.647054,0.200
2253,148.913348,-159.954452,-1.647054,0.200
2254,148.898112,-160.153871,-1.647054,0.200
2255,148.882875,-160.353290,-1.647054,0.200
2256,148.867638,-160.552709,-1.647054,0.200
2257,148.852401,-160.752127,-1.647054,0.200
2258,148.837164,-160.951546,-1.647054,0.200
2259,148.821928,-161.150965,-1.647054,0.200
2260,148.809005,-161.320091,-1.594010,0.200
2261,148.804363,-161.520037,-1.594010,0.200
2262,148.799720,-161.719984,-1.594010,0.200
2263,148.795078,-161.919930,-1.594010,0.200
2264,148.790436,-162.119876,-1.594010,0.200
2265,148.785793,-162.319822,-1.594010,0.200
2266,148.781151,-162.519768,-1.594010,0.200
2267,148.776509,-162.719714,-1.594010,0.200
2268,148.774187,-162.819687,-1.594010,0.200
2269,148.773243,-162.860363,-1.720095,0.200
2270,148.758368,-162.959251,-1.720095,0.200
2271,148.743494,-163.058138,-1.720095,0.200
2272,148.728620,-163.157026,-1.720095,0.200
2273,148.698871,-163.354801,-1.720095,0.200
2274,148.669122,-163.552576,-1.720095,0.200
2275,148.639373,-163.750351,-1.720095,0.200
2276,148.609624,-163.948126,-1.720095,0.200
2277,148.579875,-164.145901,-1.720095,0.200
2278,148.565001,-164.244789,-1.720095,0.200
2279,148.553583,-164.320697,-1.575659,0.200
2280,148.553097,-164.420696,-1.575659,0.200
2281,148.552610,-164.520695,-1.575659,0.200
2282,148.552124,-164.620694,-1.575659,0.200
2283,148.551638,-164.720692,-1.575659,0.200
2284,148.551152,-164.820691,-1.575659,0.200
2285,148.550999,-164.852059,-1.740649,0.200
2286,148.534095,-164.950620,-1.740649,0.200
2287,148.517192,-165.049181,-1.740649,0.200
2288,148.500288,-165.147742,-1.740649,0.200
2289,148.466481,-165.344864,-1.740649,0.200
2290,148.449577,-165.443425,-1.740649,0.200
2291,148.432673,-165.541986,-1.471600,0.200
2292,148.443040,-165.646150,-1.458677,0.200
2293,148.454228,-165.745522,-1.458677,0.200
2294,148.460236,-165.798885,-1.791732,0.200
2295,148.438322,-165.896454,-1.791732,0.200
2296,148.416408,-165.994023,-1.791732,0.200
2297,148.394494,-166.091593,-1.791732,0.200
2298,148.350665,-166.286731,-1.791732,0.200
2299,148.328751,-166.384301,-1.791732,0.200
2300,148.306837,-166.481870,-1.791732,0.200
2301,148.300488,-166.510137,-1.648452,0.200
2302,148.292730,-166.609836,-1.648452,0.200
2303,148.284972,-166.709535,-1.648452,0.200
2304,148.277214,-166.809233,-1.648452,0.200
2305,148.269457,-166.908932,-1.648452,0.200
2306,148.261699,-167.008630,-1.648452,0.200
2307,148.259774,-167.033374,-1.428458,0.200
2308,148.273959,-167.132363,-1.428458,0.200
2309,148.288145,-167.231352,-1.428458,0.200
2310,148.302331,-167.330340,-1.428458,0.200
2311,148.312158,-167.398910,-1.650141,0.200
2312,148.304232,-167.498595,-1.650141,0.200
2313,148.296305,-167.598280,-1.650141,0.200
2314,148.288379,-167.697966,-1.650141,0.200
2315,148.272527,-167.897336,-1.650141,0.200
2316,148.256675,-168.096707,-1.650141,0.200
2317,148.248749,-168.196393,-1.650141,0.200
2318,148.240822,-168.296078,-1.650141,0.200
2319,148.234063,-168.381092,-1.527423,0.200
2320,148.238399,-168.480998,-1.527423,0.200
2321,148.242735,-168.580904,-1.527423,0.200
2322,148.247071,-168.680810,-1.527423,0.200
2323,148.255743,-168.880622,-1.527423,0.200
2324,148.264415,-169.080434,-1.527423,0.200
2325,148.268751,-169.180340,-1.527423,0.200
2326,148.273087,-169.280246,-1.527423,0.200
2327,148.274945,-169.323055,-1.649199,0.200
2328,148.267112,-169.422748,-1.649199,0.200
2329,148.259280,-169.522441,-1.649199,0.200
2330,148.251448,-169.622133,-1.649199,0.200
2331,148.235783,-169.821519,-1.649199,0.200
2332,148.230211,-169.892446,-1.570579,0.200
2333,148.230255,-170.092446,-1.570579,0.200
2334,148.230298,-170.292446,-1.570579,0.200
2335,148.230341,-170.492446,-1.570579,0.200
2336,148.230385,-170.692446,-1.570579,0.200
2337,148.230428,-170.892446,-1.570579,0.200
2338,148.230472,-171.092446,-1.570579,0.200
2339,148.230515,-171.292446,-1.570579,0.200
2340,148.230558,-171.492446,-1.570579,0.200
2341,148.230602,-171.692446,-1.570579,0.200
2342,148.230612,-171.739216,-1.502769,0.200
2343,148.244207,-171.938753,-1.502769,0.200
2344,148.257802,-172.138291,-1.502769,0.200
2345,148.271397,-172.337828,-1.502769,0.200
2346,148.284991,-172.537366,-1.502769,0.200
2347,148.291789,-172.637134,-1.502769,0.200
2348,148.298586,-172.736903,-1.502769,0.200
2349,148.300567,-172.765972,-1.624290,0.200
2350,148.295220,-172.865829,-1.624290,0.200
2351,148.289873,-172.965686,-1.624290,0.200
2352,148.284526,-173.065543,-1.624290,0.200
2353,148.273833,-173.265257,-1.624290,0.200
2354,148.263139,-173.464971,-1.624290,0.200
2355,148.252446,-173.664685,-1.624290,0.200
2356,148.247099,-173.764542,-1.624290,0.200
2357,148.246425,-173.777137,-1.536269,0.200
2358,148.249877,-173.877078,-1.536269,0.200
2359,148.253329,-173.977018,-1.536269,0.200
2360,148.256781,-174.076959,-1.536269,0.200
2361,148.263685,-174.276839,-1.536269,0.200
2362,148.270589,-174.476720,-1.536269,0.200
2363,148.277493,-174.676601,-1.536269,0.200
2364,148.284397,-174.876482,-1.536269,0.200
2365,148.291301,-175.076363,-1.536269,0.200
2366,148.298205,-175.276244,-1.536269,0.200
2367,148.305109,-175.476124,-1.536269,0.200
2368,148.312013,-175.676005,-1.536269,0.200
2369,148.318917,-175.875886,-1.536269,0.200
2370,148.325821,-176.075767,-1.536269,0.200
2371,148.332725,-176.275648,-1.536269,0.200
2372,148.339629,-176.475528,-1.536269,0.200
2373,148.346533,-176.675409,-1.595931,0.200
2374,148.341431,-176.878346,-1.596827,0.200
2375,148.336226,-177.078279,-1.596827,0.200
2376,148.331020,-177.278211,-1.596827,0.200
2377,148.325814,-177.478143,-1.596827,0.200
2378,148.320609,-177.678075,-1.596827,0.200
2379,148.315403,-177.878008,-1.596827,0.200
2380,148.310198,-178.077940,-1.596827,0.200
2381,148.304992,-178.277872,-1.596827,0.200
2382,148.299787,-178.477804,-1.596827,0.200
2383,148.294581,-178.677737,-1.596827,0.200
2384,148.291978,-178.777703,-1.596827,0.200
2385,148.289375,-178.877669,-1.596827,0.200
2386,148.288109,-178.926294,-1.473498,0.200
2387,148.297824,-179.025821,-1.473498,0.200
2388,148.307538,-179.125348,-1.473498,0.200
2389,148.317253,-179.224875,-1.473498,0.200
2390,148.336682,-179.423929,-1.473498,0.200
2391,148.346396,-179.523456,-1.473498,0.200
2392,148.354883,-179.610403,-1.666602,0.200
2393,148.345317,-179.709945,-1.666602,0.200
2394,148.335751,-179.809486,-1.666602,0.200
2395,148.326185,-179.909028,-1.666602,0.200
2396,148.307053,-180.108110,-1.666602,0.200
2397,148.287921,-180.307193,-1.666602,0.200
2398,148.278355,-180.406735,-1.666602,0.200
2399,148.268789,-180.506276,-1.666602,0.200
2400,148.267794,-180.516632,-1.511749,0.200
2401,148.273695,-180.616458,-1.511749,0.200
2402,148.279597,-180.716284,-1.511749,0.200
2403,148.285498,-180.816109,-1.511749,0.200
2404,148.297301,-181.015761,-1.511749,0.200
2405,148.309103,-181.215412,-1.511749,0.200
2406,148.320906,-181.415064,-1.511749,0.200
2407,148.327971,-181.534579,-1.582855,0.200
2408,148.325560,-181.734564,-1.582855,0.200
2409,148.323148,-181.934550,-1.582855,0.200
2410,148.320736,-182.134535,-1.582855,0.200
2411,148.318324,-182.334521,-1.582855,0.200
2412,148.317119,-182.434513,-1.582855,0.200
2413,148.315913,-182.534506,-1.582855,0.200
2414,148.314959,-182.613596,-1.460606,0.200
2415,148.325956,-182.712990,-1.460606,0.200
2416,148.336952,-182.812383,-1.460606,0.200
2417,148.347949,-182.911777,-1.460606,0.200
2418,148.369943,-183.110564,-1.460606,0.200
2419,148.391936,-183.309351,-1.460606,0.200
2420,148.402933,-183.408745,-1.460606,0.200
2421,148.413814,-183.507099,-1.618321,0.200
2422,148.409064,-183.606986,-1.618321,0.200
2423,148.404313,-183.706873,-1.618321,0.200
2424,148.399562,-183.806761,-1.618321,0.200
2425,148.390061,-184.006535,-1.618321,0.200
2426,148.380560,-184.206309,-1.618321,0.200
2427,148.375809,-184.306196,-1.618321,0.200
2428,148.372454,-184.376740,-1.403284,0.200
2429,148.389127,-184.475340,-1.403284,0.200
2430,148.405800,-184.573940,-1.403284,0.200
2431,148.422473,-184.672540,-1.403284,0.200
2432,148.435441,-184.749229,-1.556548,0.200
2433,148.436866,-184.849219,-1.556548,0.200
2434,148.438290,-184.949208,-1.556548,0.200
2435,148.439715,-185.049198,-1.556548,0.200
2436,148.442565,-185.249178,-1.556548,0.200
2437,148.445414,-185.449158,-1.556548,0.200
2438,148.446839,-185.549148,-1.556548,0.200
2439,148.448158,-185.641727,-1.396556,0.200
2440,148.465494,-185.740213,-1.396556,0.200
2441,148.482831,-185.838699,-1.396556,0.200
2442,148.500167,-185.937184,-1.396556,0.200
2443,148.534839,-186.134156,-1.396556,0.200
2444,148.569511,-186.331128,-1.396556,0.200
2445,148.604183,-186.528100,-1.396556,0.200
2446,148.638855,-186.725071,-1.396556,0.200
2447,148.673527,-186.922043,-1.396556,0.200
2448,148.708199,-187.119015,-1.396556,0.200
2449,148.725535,-187.217500,-1.396556,0.200
2450,148.742871,-187.315986,-1.396556,0.200
2451,148.747294,-187.341110,-1.863133,0.200
2452,148.718475,-187.436868,-1.863133,0.200
2453,148.689656,-187.532625,-1.863133,0.200
2454,148.660837,-187.628382,-1.863133,0.200
2455,148.632018,-187.724140,-1.863133,0.200
2456,148.620064,-187.763856,-1.665568,0.200
2457,148.610601,-187.863408,-1.665568,0.200
2458,148.601138,-187.962959,-1.665568,0.200
2459,148.591675,-188.062510,-1.665568,0.200
2460,148.572749,-188.261613,-1.665568,0.200
2461,148.563286,-188.361164,-1.665568,0.200
2462,148.556556,-188.431973,-1.546294,0.200
2463,148.559006,-188.531943,-1.546294,0.200
2464,148.561455,-188.631913,-1.546294,0.200
2465,148.563905,-188.731883,-1.546294,0.200
2466,148.568805,-188.931823,-1.546294,0.200
2467,148.571255,-189.031793,-1.546294,0.200
2468,148.573439,-189.120881,-1.450898,0.200
2469,148.585400,-189.220163,-1.450898,0.200
2470,148.597361,-189.319445,-1.450898,0.200
2471,148.609322,-189.418727,-1.450898,0.200
2472,148.633244,-189.617291,-1.450898,0.200
2473,148.645205,-189.716573,-1.450898,0.200
2474,148.657167,-189.815855,-1.450898,0.200
2475,148.662564,-189.860653,-1.641512,0.200
2476,148.655498,-189.960403,-1.641512,0.200
2477,148.648432,-190.060153,-1.641512,0.200
2478,148.641367,-190.159903,-1.641512,0.200
2479,148.634301,-190.259654,-1.641512,0.200
2480,148.629514,-190.327238,-1.477869,0.200
2481,148.638793,-190.426807,-1.477869,0.200
2482,148.648072,-190.526375,-1.477869,0.200
2483,148.657352,-190.625944,-1.477869,0.200
2484,148.675910,-190.825081,-1.477869,0.200
2485,148.694469,-191.024218,-1.477869,0.200
2486,148.713028,-191.223355,-1.477869,0.200
2487,148.731586,-191.422492,-1.477869,0.200
2488,148.750145,-191.621629,-1.477869,0.200
2489,148.768704,-191.820766,-1.477869,0.200
2490,148.777983,-191.920335,-1.477869,0.200
2491,148.782027,-191.963730,-1.567570,0.200
2492,148.782350,-192.063730,-1.567570,0.200
2493,148.782672,-192.163729,-1.567570,0.200
2494,148.782995,-192.263729,-1.567570,0.200
2495,148.783640,-192.463728,-1.567570,0.200
2496,148.784286,-192.663727,-1.567570,0.200
2497,148.784931,-192.863726,-1.567570,0.200
2498,148.785576,-193.063725,-1.567570,0.200
2499,148.785882,-193.158296,-1.620697,0.200
2500,148.775906,-193.358047,-1.620697,0.200
2501,148.765930,-193.557798,-1.620697,0.200
2502,148.755954,-193.757549,-1.620697,0.200
2503,148.745978,-193.957300,-1.620697,0.200
2504,148.736002,-194.157052,-1.620697,0.200
2505,148.726026,-194.356803,-1.620697,0.200
2506,148.716050,-194.556554,-1.620697,0.200
2507,148.706074,-194.756305,-1.620697,0.200
2508,148.696098,-194.956056,-1.620697,0.200
2509,148.686122,-195.155807,-1.620697,0.200
2510,148.676146,-195.355558,-1.620697,0.200
2511,148.666170,-195.555309,-1.620697,0.200
2512,148.656194,-195.755060,-1.620697,0.200
2513,148.646218,-195.954811,-1.620697,0.200
2514,148.636242,-196.154562,-1.620697,0.200
2515,148.631254,-196.254438,-1.620697,0.200
2516,148.626266,-196.354313,-1.620697,0.200
2517,148.622973,-196.420267,-1.506183,0.200
2518,148.629429,-196.520058,-1.506183,0.200
2519,148.635886,-196.619849,-1.506183,0.200
2520,148.642343,-196.719641,-1.506183,0.200
2521,148.655257,-196.919223,-1.506183,0.200
2522,148.668171,-197.118806,-1.506183,0.200
2523,148.674627,-197.218597,-1.506183,0.200
2524,148.676540,-197.248151,-2.433646,0.200
2525,148.600570,-197.313179,-2.433646,0.200
2526,148.524600,-197.378207,-2.433646,0.200
2527,148.448630,-197.443234,-2.433646,0.200
2528,148.372660,-197.508262,-2.433646,0.200
2529,148.367783,-197.512437,-1.665429,0.200
2530,148.358333,-197.611989,-1.665429,0.200
2531,148.353384,-197.664134,-1.162764,0.200
2532,148.393064,-197.755924,-1.162764,0.200
2533,148.432745,-197.847714,-1.162764,0.200
2534,148.472425,-197.939505,-1.162764,0.200
2535,148.551786,-198.123085,-1.162764,0.200
2536,148.591466,-198.214876,-1.162764,0.200
2537,148.619768,-198.280343,-1.435956,0.200
2538,148.633211,-198.379435,-1.435956,0.200
2539,148.646654,-198.478527,-1.435956,0.200
2540,148.652267,-198.519899,-1.624221,0.200
2541,148.646927,-198.619756,-1.624221,0.200
2542,148.641587,-198.719614,-1.624221,0.200
2543,148.636247,-198.819471,-1.624221,0.200
2544,148.625567,-199.019186,-1.624221,0.200
2545,148.614887,-199.218900,-1.624221,0.200
2546,148.609547,-199.318758,-1.624221,0.200
2547,148.604207,-199.418615,-1.624221,0.200
2548,148.600255,-199.492521,-1.524222,0.200
2549,148.604911,-199.592413,-1.524222,0.200
2550,148.609566,-199.692304,-1.524222,0.200
2551,148.614222,-199.792196,-1.524222,0.200
2552,148.623534,-199.991979,-1.524222,0.200
2553,148.632845,-200.191762,-1.524222,0.200
2554,148.642157,-200.391545,-1.524222,0.200
2555,148.651468,-200.591328,-1.524222,0.200
2556,148.660780,-200.791111,-1.524222,0.200
2557,148.670091,-200.990894,-1.524222,0.200
2558,148.674747,-201.090786,-1.524222,0.200
2559,148.679403,-201.190678,-1.524222,0.200
2560,148.683875,-201.286627,-1.620180,0.200
2561,148.678938,-201.386505,-1.620180,0.200
2562,148.674002,-201.486383,-1.620180,0.200
2563,148.669066,-201.586261,-1.620180,0.200
2564,148.659193,-201.786017,-1.620180,0.200
2565,148.649321,-201.985773,-1.620180,0.200
2566,148.639448,-202.185529,-1.620180,0.200
2567,148.629575,-202.385286,-1.620180,0.200
2568,148.619703,-202.585042,-1.620180,0.200
2569,148.609830,-202.784798,-1.620180,0.200
2570,148.600608,-202.971387,-1.544506,0.200
2571,148.605866,-203.171317,-1.544506,0.200
2572,148.611123,-203.371248,-1.544506,0.200
2573,148.613752,-203.471214,-1.544506,0.200
2574,148.616381,-203.571179,-1.544506,0.200
2575,148.618891,-203.666662,-1.300668,0.200
2576,148.645577,-203.763036,-1.300668,0.200
2577,148.666552,-203.838788,-2.302411,0.200
2578,148.599745,-203.913198,-2.302411,0.200
2579,148.539302,-203.980520,-1.871108,0.200
2580,148.509720,-204.076044,-1.871108,0.200
2581,148.480138,-204.171568,-1.871108,0.200
2582,148.450557,-204.267093,-1.871108,0.200
2583,148.436399,-204.312811,-1.123886,0.200
2584,148.479617,-204.402990,-1.123886,0.200
2585,148.522835,-204.493168,-1.123886,0.200
2586,148.566053,-204.583347,-1.123886,0.200
2587,148.609271,-204.673526,-1.123886,0.200
2588,148.652489,-204.763704,-1.123886,0.200
2589,148.655769,-204.770548,-1.642508,0.200
2590,148.648604,-204.870291,-1.642508,0.200
2591,148.641439,-204.970034,-1.642508,0.200
2592,148.634274,-205.069777,-1.642508,0.200
2593,148.627109,-205.169520,-1.642508,0.200
2594,148.619944,-205.269263,-1.642508,0.200
2595,148.614091,-205.350741,-1.309177,0.200
2596,148.639956,-205.447338,-1.309177,0.200
2597,148.665820,-205.543935,-1.309177,0.200
2598,148.670365,-205.560909,-1.627322,0.200
2599,148.664716,-205.660749,-1.627322,0.200
2600,148.659066,-205.760589,-1.627322,0.200
2601,148.653416,-205.860430,-1.627322,0.200
2602,148.652961,-205.868474,-2.745662,0.200
2603,148.560697,-205.907040,-2.745662,0.200
2604,148.468434,-205.945607,-2.745662,0.200
2605,148.376170,-205.984174,-2.745662,0.200
2606,148.191642,-206.061307,-2.745662,0.200
2607,148.007115,-206.138441,-2.745662,0.200
2608,147.822587,-206.215574,-2.745662,0.200
2609,147.638059,-206.292707,-2.745662,0.200
2610,147.453532,-206.369841,-2.745662,0.200
2611,147.269004,-206.446974,-2.745662,0.200
2612,147.084477,-206.524107,-2.745662,0.200
2613,146.992213,-206.562674,-2.745662,0.200
2614,146.899949,-206.601241,-2.745662,0.200
2615,146.874060,-206.612063,-2.443172,0.200
2616,146.797474,-206.676363,-2.443172,0.200
2617,146.720888,-206.740664,-2.443172,0.200
2618,146.644302,-206.804965,-2.443172,0.200
2619,146.567717,-206.869266,-2.443172,0.200
2620,146.500225,-206.925932,-2.173976,0.200
2621,146.443498,-207.008285,-2.173976,0.200
2622,146.386772,-207.090639,-2.173976,0.200
2623,146.330046,-207.172992,-2.173976,0.200
2624,146.216593,-207.337700,-2.173976,0.200
2625,146.103140,-207.502407,-2.173976,0.200
2626,145.989687,-207.667114,-2.173976,0.200
2627,145.876234,-207.831821,-2.173976,0.200
2628,145.819508,-207.914175,-2.173976,0.200
2629,145.785484,-207.963569,-2.011930,0.200
2630,145.742788,-208.053996,-2.011930,0.200
2631,145.700091,-208.144422,-2.011930,0.200
2632,145.657395,-208.234849,-2.011930,0.200
2633,145.633275,-208.285933,-1.839090,0.200
2634,145.606766,-208.382356,-1.839090,0.200
2635,145.580257,-208.478778,-1.839090,0.200
2636,145.553749,-208.575200,-1.839090,0.200
2637,145.527240,-208.671623,-1.839090,0.200
2638,145.500731,-208.768045,-1.839090,0.200
2639,145.498825,-208.774979,-1.685100,0.200
2640,145.487420,-208.874326,-1.685100,0.200
2641,145.476014,-208.973674,-1.685100,0.200
2642,145.464609,-209.073021,-1.685100,0.200
2643,145.459073,-209.121244,-1.488155,0.200
2644,145.467327,-209.220903,-1.488155,0.200
2645,145.475582,-209.320561,-1.488155,0.200
2646,145.483837,-209.420220,-1.488155,0.200
2647,145.500346,-209.619537,-1.488155,0.200
2648,145.508601,-209.719196,-1.488155,0.200
2649,145.512563,-209.767033,-1.833801,0.200
2650,145.486565,-209.863594,-1.833801,0.200
2651,145.461596,-209.956332,-1.532356,0.200
2652,145.465439,-210.056258,-1.532356,0.200
2653,145.469282,-210.156184,-1.532356,0.200
2654,145.473125,-210.256110,-1.532356,0.200
2655,145.480812,-210.455962,-1.532356,0.200
2656,145.488498,-210.655814,-1.532356,0.200
2657,145.492341,-210.755741,-1.532356,0.200
2658,145.494861,-210.821252,-1.276730,0.200
2659,145.523845,-210.916960,-1.276730,0.200
2660,145.552830,-211.012667,-1.276730,0.200
2661,145.581815,-211.108374,-1.276730,0.200
2662,145.610799,-211.204081,-1.276730,0.200
2663,145.639784,-211.299789,-1.276730,0.200
2664,145.650385,-211.334793,1.471676,0.200
2665,145.654720,-211.291198,-0.832993,0.200
2666,145.721987,-211.365193,-0.832993,0.200
2667,145.789253,-211.439188,-0.832993,0.200
2668,145.856520,-211.513183,-0.832993,0.200
2669,145.880870,-211.539968,-1.630801,0.200
2670,145.874873,-211.639788,-1.630801,0.200
2671,145.868876,-211.739608,-1.630801,0.200
2672,145.865154,-211.801556,-1.253452,0.200
2673,145.896359,-211.896563,-1.253452,0.200
2674,145.927563,-211.991569,-1.253452,0.200
2675,145.958768,-212.086576,-1.253452,0.200
2676,145.977855,-212.144689,-1.387520,0.200
2677,145.996080,-212.243014,-1.387520,0.200
2678,146.014305,-212.341339,-1.387520,0.200
2679,146.032530,-212.439664,-1.387520,0.200
2680,146.068981,-212.636315,-1.387520,0.200
2681,146.087206,-212.734640,-1.387520,0.200
2682,146.097956,-212.792635,-1.281491,0.200
2683,146.126484,-212.888479,-1.281491,0.200
2684,146.155013,-212.984323,-1.281491,0.200
2685,146.183542,-213.080167,-1.281491,0.200
2686,146.240599,-213.271856,-1.281491,0.200
2687,146.297656,-213.463544,-1.281491,0.200
2688,146.354714,-213.655233,-1.281491,0.200
2689,146.411771,-213.846921,-1.281491,0.200
2690,146.468828,-214.038610,-1.281491,0.200
2691,146.525886,-214.230298,-1.281491,0.200
2692,146.582943,-214.421986,-1.281491,0.200
2693,146.640000,-214.613675,-1.281491,0.200
2694,146.658798,-214.676828,-1.281491,0.200
