id,x,y,yaw,v
0,-0.023130,-0.003315,0.001030,0.200
1,0.176870,-0.003109,0.001030,0.200
2,0.376870,-0.002903,0.001030,0.200
3,0.576870,-0.002697,0.001030,0.200
4,0.776870,-0.002491,0.001030,0.200
5,0.976870,-0.002285,0.001030,0.200
6,1.176870,-0.002080,0.001030,0.200
7,1.376869,-0.001874,0.001030,0.200
8,1.576869,-0.001668,0.001030,0.200
9,1.776869,-0.001462,0.001030,0.200
10,1.976869,-0.001256,0.001030,0.200
11,2.176869,-0.001050,0.001030,0.200
12,2.376869,-0.000844,0.001030,0.200
13,2.576869,-0.000638,0.001030,0.200
14,2.776869,-0.000432,0.001030,0.200
15,2.976869,-0.000226,0.001030,0.200
16,3.176868,-0.000020,0.001030,0.200
17,3.376868,0.000186,0.001030,0.200
18,3.576868,0.000392,0.001030,0.200
19,3.676868,0.000495,0.001030,0.200
20,3.776868,0.000598,0.001030,0.200
21,3.785130,0.000606,1.299331,0.200
22,3.811945,0.096944,1.299331,0.200
23,3.827866,0.154143,-0.034575,0.200
24,3.927806,0.150687,-0.034575,0.200
25,4.027746,0.147230,-0.034575,0.200
26,4.127686,0.143773,-0.034575,0.200
27,4.327567,0.136859,-0.034575,0.200
28,4.527447,0.129946,-0.034575,0.200
29,4.727328,0.123032,-0.034575,0.200
30,4.927208,0.116118,-0.034575,0.200
31,5.127089,0.109204,-0.034575,0.200
32,5.326969,0.102291,-0.034575,0.200
33,5.526850,0.095377,-0.034575,0.200
34,5.726730,0.088463,-0.034575,0.200
35,5.926610,0.081550,-0.034575,0.200
36,6.126491,0.074636,-0.034575,0.200
37,6.326371,0.067722,-0.034575,0.200
38,6.526252,0.060809,-0.034575,0.200
39,6.726132,0.053895,-0.034575,0.200
40,6.926013,0.046981,-0.034575,0.200
41,7.125893,0.040068,-0.034575,0.200
42,7.325774,0.033154,-0.034575,0.200
43,7.525654,0.026240,-0.034575,0.200
44,7.725535,0.019326,-0.034575,0.200
45,7.925415,0.012413,-0.034575,0.200
46,8.125296,0.005499,-0.034575,0.200
47,8.325176,-0.001415,-0.034575,0.200
48,8.525057,-0.008328,-0.034575,0.200
49,8.724937,-0.015242,-0.034575,0.200
50,8.924817,-0.022156,-0.034575,0.200
51,9.124698,-0.029069,-0.034575,0.200
52,9.324578,-0.035983,-0.034575,0.200
53,9.524459,-0.042897,-0.034575,0.200
54,9.724339,-0.049810,-0.034575,0.200
55,9.924220,-0.056724,-0.034575,0.200
56,10.124100,-0.063638,-0.034575,0.200
57,10.323981,-0.070552,-0.034575,0.200
58,10.523861,-0.077465,-0.034575,0.200
59,10.723742,-0.084379,-0.034575,0.200
60,10.854064,-0.088887,0.037303,0.200
61,11.053925,-0.081428,0.037303,0.200
62,11.253786,-0.073969,0.037303,0.200
63,11.453647,-0.066510,0.037303,0.200
64,11.653507,-0.059051,0.037303,0.200
65,11.853368,-0.051593,0.037303,0.200
66,12.053229,-0.044134,0.037303,0.200
67,12.253090,-0.036675,0.037303,0.200
68,12.452951,-0.029216,0.037303,0.200
69,12.652812,-0.021757,0.037303,0.200
70,12.852673,-0.014299,0.037303,0.200
71,13.052534,-0.006840,0.037303,0.200
72,13.252394,0.000619,0.037303,0.200
73,13.452255,0.008078,0.037303,0.200
74,13.552186,0.011807,0.037303,0.200
75,13.601711,0.013656,0.219710,0.200
76,13.699307,0.035450,0.219710,0.200
77,13.796903,0.057245,0.219710,0.200
78,13.894499,0.079040,0.219710,0.200
79,13.992095,0.100834,0.219710,0.200
80,14.059349,0.115853,-0.030932,0.200
81,14.159301,0.112760,-0.030932,0.200
82,14.259253,0.109668,-0.030932,0.200
83,14.359205,0.106575,-0.030932,0.200
84,14.459157,0.103482,-0.030932,0.200
85,14.559109,0.100390,-0.030932,0.200
86,14.572789,0.099966,0.240738,0.200
87,14.669905,0.123808,0.240738,0.200
88,14.767021,0.147650,0.240738,0.200
89,14.864137,0.171492,0.240738,0.200
90,14.961254,0.195334,0.240738,0.200
91,15.058370,0.219176,0.240738,0.200
92,15.098488,0.229025,-0.059651,0.200
93,15.198310,0.223064,-0.059651,0.200
94,15.248503,0.220066,-0.496984,0.200
95,15.336406,0.172388,-0.496984,0.200
96,15.399879,0.137961,0.103104,0.200
97,15.499348,0.148253,0.103104,0.200
98,15.552975,0.153802,0.286231,0.200
99,15.648907,0.182036,0.286231,0.200
100,15.744838,0.210270,0.286231,0.200
101,15.840770,0.238503,0.286231,0.200
102,15.936701,0.266737,0.286231,0.200
103,16.032633,0.294971,0.286231,0.200
104,16.123528,0.321723,0.043423,0.200
105,16.223434,0.326064,0.043423,0.200
106,16.323340,0.330405,0.043423,0.200
107,16.423246,0.334746,0.043423,0.200
108,16.623057,0.343428,0.043423,0.200
109,16.822869,0.352110,0.043423,0.200
110,16.922774,0.356451,0.043423,0.200
111,16.977897,0.358846,0.168827,0.200
112,17.076475,0.375649,0.168827,0.200
113,17.175053,0.392451,0.168827,0.200
114,17.273632,0.409254,0.168827,0.200
115,17.470788,0.442859,0.168827,0.200
116,17.569366,0.459662,0.168827,0.200
117,17.667945,0.476465,0.168827,0.200
118,17.689887,0.480205,-0.546673,0.200
119,17.754533,0.440866,0.135873,0.200
120,17.853611,0.454411,0.135873,0.200
121,17.952689,0.467957,0.135873,0.200
122,18.051768,0.481502,0.135873,0.200
123,18.135263,0.492918,0.415663,0.200
124,18.226748,0.533297,0.415663,0.200
125,18.318233,0.573677,0.415663,0.200
126,18.409718,0.614056,0.415663,0.200
127,18.425508,0.621026,0.057293,0.200
128,18.525344,0.626752,0.057293,0.200
129,18.625180,0.632478,0.057293,0.200
130,18.718707,0.637842,0.193818,0.200
131,18.816834,0.657103,0.193818,0.200
132,18.914962,0.676364,0.193818,0.200
133,19.013089,0.695624,0.193818,0.200
134,19.209345,0.734146,0.193818,0.200
135,19.405600,0.772667,0.193818,0.200
136,19.601855,0.811188,0.193818,0.200
137,19.798110,0.849709,0.193818,0.200
138,19.896238,0.868970,0.193818,0.200
139,19.994365,0.888231,0.193818,0.200
140,20.083326,0.905692,-0.081368,0.200
141,20.182996,0.897564,-0.081368,0.200
142,20.282665,0.889436,-0.081368,0.200
143,20.382334,0.881309,-0.081368,0.200
144,20.433988,0.877096,0.365364,0.200
145,20.527387,0.912825,0.365364,0.200
146,20.620787,0.948554,0.365364,0.200
147,20.714186,0.984283,0.365364,0.200
148,20.807585,1.020012,0.365364,0.200
149,20.900985,1.055741,0.365364,0.200
150,20.967668,1.081250,0.044780,0.200
151,21.067568,1.085726,0.044780,0.200
152,21.167467,1.090203,0.044780,0.200
153,21.267367,1.094679,0.044780,0.200
154,21.467167,1.103632,0.044780,0.200
155,21.567066,1.108109,0.044780,0.200
156,21.666966,1.112585,0.044780,0.200
157,21.680590,1.113196,0.188206,0.200
158,21.778824,1.131905,0.188206,0.200
159,21.877058,1.150615,0.188206,0.200
160,21.975292,1.169325,0.188206,0.200
161,22.171761,1.206744,0.188206,0.200
162,22.264017,1.224315,0.220765,0.200
163,22.361590,1.246213,0.220765,0.200
164,22.452030,1.266510,1.634998,0.200
165,22.445615,1.366304,1.634998,0.200
166,22.442993,1.407074,-0.204318,0.200
167,22.540913,1.386784,-0.204318,0.200
168,22.638833,1.366494,-0.204318,0.200
169,22.687318,1.356448,0.017195,0.200
170,22.787303,1.358167,0.017195,0.200
171,22.887288,1.359886,0.017195,0.200
172,22.987273,1.361606,0.017195,0.200
173,23.087258,1.363325,0.017195,0.200
174,23.187244,1.365045,0.017195,0.200
175,23.269371,1.366457,0.122654,0.200
176,23.368620,1.378692,0.122654,0.200
177,23.467869,1.390926,0.122654,0.200
178,23.563426,1.402706,0.441269,0.200
179,23.653847,1.445414,0.441269,0.200
180,23.744268,1.488123,0.441269,0.200
181,23.823896,1.525734,-0.000765,0.200
182,23.923896,1.525658,-0.000765,0.200
183,24.023896,1.525581,-0.000765,0.200
184,24.123896,1.525505,-0.000765,0.200
185,24.323896,1.525352,-0.000765,0.200
186,24.423896,1.525275,-0.000765,0.200
187,24.471292,1.525239,-0.325522,0.200
188,24.566040,1.493259,-0.325522,0.200
189,24.575916,1.489925,0.200867,0.200
190,24.673906,1.509877,0.200867,0.200
191,24.771895,1.529829,0.200867,0.200
192,24.869885,1.549781,0.200867,0.200
193,25.065863,1.589684,0.200867,0.200
194,25.163853,1.609636,0.200867,0.200
195,25.246973,1.626561,0.027089,0.200
196,25.346936,1.629269,0.027089,0.200
197,25.446900,1.631978,0.027089,0.200
198,25.546863,1.634686,0.027089,0.200
199,25.646826,1.637395,0.027089,0.200
200,25.746790,1.640104,0.027089,0.200
201,25.820552,1.642102,-0.155685,0.200
202,25.919343,1.626596,-0.155685,0.200
203,26.018133,1.611091,-0.155685,0.200
204,26.116924,1.595585,-0.155685,0.200
205,26.314505,1.564574,-0.155685,0.200
206,26.512086,1.533562,-0.155685,0.200
207,26.647397,1.512324,-0.082773,0.200
208,26.846713,1.495789,-0.082773,0.200
209,27.046028,1.479253,-0.082773,0.200
210,27.245343,1.462717,-0.082773,0.200
211,27.444658,1.446182,-0.082773,0.200
212,27.643974,1.429646,-0.082773,0.200
213,27.843289,1.413110,-0.082773,0.200
214,28.042604,1.396575,-0.082773,0.200
215,28.142262,1.388307,-0.082773,0.200
216,28.241919,1.380039,-0.082773,0.200
217,28.304349,1.374860,0.041167,0.200
218,28.404264,1.378975,0.041167,0.200
219,28.504180,1.383091,0.041167,0.200
220,28.604095,1.387206,0.041167,0.200
221,28.704010,1.391322,0.041167,0.200
222,28.756637,1.393490,-0.154178,0.200
223,28.855451,1.378133,-0.154178,0.200
224,28.954265,1.362776,-0.154178,0.200
225,29.053079,1.347419,-0.154178,0.200
226,29.250706,1.316706,-0.154178,0.200
227,29.349520,1.301349,-0.154178,0.200
228,29.380587,1.296521,0.183709,0.200
229,29.478904,1.314789,0.183709,0.200
230,29.577222,1.333056,0.183709,0.200
231,29.675539,1.351324,0.183709,0.200
232,29.718854,1.359372,-0.192457,0.200
233,29.817008,1.340245,-0.192457,0.200
234,29.915162,1.321118,-0.192457,0.200
235,30.013316,1.301991,-0.192457,0.200
236,30.111469,1.282864,-0.192457,0.200
237,30.196940,1.266208,0.031223,0.200
238,30.296891,1.269330,0.031223,0.200
239,30.396842,1.272452,0.031223,0.200
240,30.496793,1.275574,0.031223,0.200
241,30.696696,1.281817,0.031223,0.200
242,30.796647,1.284939,0.031223,0.200
243,30.862047,1.286982,-0.183136,0.200
244,30.960374,1.268770,-0.183136,0.200
245,31.058702,1.250559,-0.183136,0.200
246,31.157030,1.232347,-0.183136,0.200
247,31.255357,1.214136,-0.183136,0.200
248,31.270263,1.211375,0.083391,0.200
249,31.369915,1.219705,0.083391,0.200
250,31.469568,1.228034,0.083391,0.200
251,31.569220,1.236364,0.083391,0.200
252,31.768525,1.253023,0.083391,0.200
253,31.967830,1.269682,0.083391,0.200
254,32.167135,1.286341,0.083391,0.200
255,32.266788,1.294670,0.083391,0.200
256,32.366440,1.303000,0.083391,0.200
257,32.436996,1.308897,-0.182984,0.200
258,32.535326,1.290700,-0.182984,0.200
259,32.633657,1.272504,-0.182984,0.200
260,32.731987,1.254308,-0.182984,0.200
261,32.830318,1.236111,-0.182984,0.200
262,32.862119,1.230226,0.073482,0.200
263,32.961850,1.237568,0.073482,0.200
264,33.061580,1.244909,0.073482,0.200
265,33.161310,1.252251,0.073482,0.200
266,33.360770,1.266934,0.073482,0.200
267,33.503661,1.277453,0.001664,0.200
268,33.703661,1.277786,0.001664,0.200
269,33.903661,1.278119,0.001664,0.200
270,34.103660,1.278451,0.001664,0.200
271,34.303660,1.278784,0.001664,0.200
272,34.503660,1.279117,0.001664,0.200
273,34.703660,1.279450,0.001664,0.200
274,34.903659,1.279783,0.001664,0.200
275,35.103659,1.280116,0.001664,0.200
276,35.303659,1.280449,0.001664,0.200
277,35.503659,1.280781,0.001664,0.200
278,35.703658,1.281114,0.001664,0.200
279,35.778807,1.281239,0.058318,0.200
280,35.978467,1.292896,0.058318,0.200
281,36.178127,1.304553,0.058318,0.200
282,36.377787,1.316211,0.058318,0.200
283,36.577447,1.327868,0.058318,0.200
284,36.777107,1.339525,0.058318,0.200
285,36.976767,1.351182,0.058318,0.200
286,37.176427,1.362839,0.058318,0.200
287,37.376087,1.374496,0.058318,0.200
288,37.575747,1.386153,0.058318,0.200
289,37.775407,1.397810,0.058318,0.200
290,37.975067,1.409467,0.058318,0.200
291,38.074897,1.415296,0.058318,0.200
292,38.174727,1.421124,0.448051,0.200
293,38.268635,1.466262,0.465336,0.200
294,38.304934,1.484488,-0.013089,0.200
295,38.404926,1.483179,-0.013089,0.200
296,38.504917,1.481870,-0.013089,0.200
297,38.604909,1.480561,-0.013089,0.200
298,38.804892,1.477943,-0.013089,0.200
299,39.004874,1.475325,-0.013089,0.200
300,39.204857,1.472708,-0.013089,0.200
301,39.404840,1.470090,-0.013089,0.200
302,39.604823,1.467472,-0.013089,0.200
303,39.804806,1.464854,-0.013089,0.200
304,40.004789,1.462236,-0.013089,0.200
305,40.204772,1.459618,-0.013089,0.200
306,40.404754,1.457001,-0.013089,0.200
307,40.604737,1.454383,-0.013089,0.200
308,40.804720,1.451765,-0.013089,0.200
309,41.004703,1.449147,-0.013089,0.200
310,41.204686,1.446529,-0.013089,0.200
311,41.404669,1.443912,-0.013089,0.200
312,41.604652,1.441294,-0.013089,0.200
313,41.804635,1.438676,-0.013089,0.200
314,42.004617,1.436058,-0.013089,0.200
315,42.204600,1.433440,-0.013089,0.200
316,42.404583,1.430822,-0.013089,0.200
317,42.604566,1.428205,-0.013089,0.200
318,42.804549,1.425587,-0.013089,0.200
319,43.004532,1.422969,-0.013089,0.200
320,43.204515,1.420351,-0.013089,0.200
321,43.404497,1.417733,-0.013089,0.200
322,43.604480,1.415116,-0.013089,0.200
323,43.804463,1.412498,-0.013089,0.200
324,44.004446,1.409880,-0.013089,0.200
325,44.204429,1.407262,-0.013089,0.200
326,44.404412,1.404644,-0.013089,0.200
327,44.604395,1.402026,-0.013089,0.200
328,44.804378,1.399409,-0.013089,0.200
329,45.004360,1.396791,-0.013089,0.200
330,45.204343,1.394173,-0.013089,0.200
331,45.404326,1.391555,-0.013089,0.200
332,45.604309,1.388937,-0.013089,0.200
333,45.804292,1.386320,-0.013089,0.200
334,46.004275,1.383702,-0.013089,0.200
335,46.204258,1.381084,-0.013089,0.200
336,46.404240,1.378466,-0.013089,0.200
337,46.604223,1.375848,-0.013089,0.200
338,46.704215,1.374539,-0.013089,0.200
339,46.804206,1.373230,-0.013089,0.200
340,46.844972,1.372697,-0.983481,0.200
341,46.900385,1.289454,-0.983481,0.200
342,46.924010,1.253963,0.065143,0.200
343,47.023798,1.260472,0.065143,0.200
344,47.123586,1.266982,0.065143,0.200
345,47.223374,1.273492,0.065143,0.200
346,47.422950,1.286511,0.065143,0.200
347,47.622525,1.299531,0.065143,0.200
348,47.822101,1.312550,0.065143,0.200
349,48.021677,1.325569,0.065143,0.200
350,48.221253,1.338589,0.065143,0.200
351,48.420829,1.351608,0.065143,0.200
352,48.620404,1.364627,0.065143,0.200
353,48.819980,1.377647,0.065143,0.200
354,49.019556,1.390666,0.065143,0.200
355,49.219132,1.403685,0.065143,0.200
356,49.418707,1.416705,0.065143,0.200
357,49.618283,1.429724,0.065143,0.200
358,49.817859,1.442744,0.065143,0.200
359,50.017435,1.455763,0.065143,0.200
360,50.217011,1.468782,0.065143,0.200
361,50.416586,1.481802,0.065143,0.200
362,50.616162,1.494821,0.065143,0.200
363,50.815738,1.507840,0.065143,0.200
364,51.015314,1.520860,0.065143,0.200
365,51.115102,1.527369,0.065143,0.200
366,51.214890,1.533879,0.065143,0.200
367,51.253873,1.536422,0.275202,0.200
368,51.350110,1.563596,0.275202,0.200
369,51.446348,1.590770,-0.896683,0.200
370,51.509347,1.511919,-0.919306,0.200
371,51.569984,1.432401,-0.919306,0.200
372,51.630622,1.352883,-0.919306,0.200
373,51.751896,1.193847,-0.919306,0.200
374,51.873170,1.034811,-0.919306,0.200
375,51.933808,0.955293,-0.919306,0.200
376,51.994445,0.875774,-0.919306,0.200
377,52.009037,0.856639,-0.665605,0.200
378,52.087691,0.794886,-0.665605,0.200
379,52.166345,0.733132,-0.665605,0.200
380,52.245000,0.671379,-0.665605,0.200
381,52.323654,0.609625,-0.665605,0.200
382,52.402308,0.547872,-0.665605,0.200
383,52.406736,0.544395,-0.848528,0.200
384,52.472845,0.469364,-0.848528,0.200
385,52.538954,0.394333,-0.848528,0.200
386,52.605063,0.319303,-0.848528,0.200
387,52.657261,0.260060,-1.159767,0.200
388,52.697216,0.168389,-1.159767,0.200
389,52.737172,0.076718,-1.159767,0.200
390,52.777127,-0.014953,-1.159767,0.200
391,52.857038,-0.198295,-1.159767,0.200
392,52.896993,-0.289966,-1.159767,0.200
393,52.936948,-0.381637,-1.159767,0.200
394,52.961091,-0.437028,-1.359957,0.200
395,52.982019,-0.534814,-1.359957,0.200
396,53.002947,-0.632600,-1.359957,0.200
397,53.023875,-0.730385,-1.359957,0.200
398,53.044803,-0.828171,-1.359957,0.200
399,53.065731,-0.925956,-1.359957,0.200
400,53.082643,-1.004976,-2.667022,0.200
401,52.993694,-1.050672,-2.667022,0.200
402,52.904745,-1.096368,-2.667022,0.200
403,52.815797,-1.142063,-2.667022,0.200
404,52.637899,-1.233455,-2.667022,0.200
405,52.548950,-1.279150,-2.667022,0.200
406,52.504961,-1.301748,-1.315499,0.200
407,52.530215,-1.398507,-1.315499,0.200
408,52.555468,-1.495266,-0.781192,0.200
409,52.628068,-1.567258,-0.767866,0.200
410,52.700008,-1.636718,-0.767866,0.200
411,52.704619,-1.641170,-1.156547,0.200
412,52.744869,-1.732712,-1.156547,0.200
413,52.785119,-1.824254,-1.156547,0.200
414,52.816931,-1.896604,-1.257440,0.200
415,52.847756,-1.991734,-1.257440,0.200
416,52.878582,-2.086865,-1.257440,0.200
417,52.909407,-2.181995,-1.257440,0.200
418,52.971057,-2.372256,-1.257440,0.200
419,53.032708,-2.562517,-1.257440,0.200
420,53.094359,-2.752778,-1.257440,0.200
421,53.156009,-2.943039,-1.257440,0.200
422,53.217660,-3.133299,-1.257440,0.200
423,53.279311,-3.323560,-1.257440,0.200
424,53.340961,-3.513821,-1.257440,0.200
425,53.402612,-3.704082,-1.257440,0.200
426,53.433437,-3.799213,-1.257440,0.200
427,53.463914,-3.893268,-1.102767,0.200
428,53.509027,-3.982514,-1.102767,0.200
429,53.554140,-4.071760,-1.102767,0.200
430,53.599253,-4.161006,-1.102767,0.200
431,53.644365,-4.250252,-1.102767,0.200
432,53.689478,-4.339498,-1.102767,0.200
433,53.707646,-4.375439,-1.332721,0.200
434,53.731229,-4.472618,-1.332721,0.200
435,53.754813,-4.569798,-1.332721,0.200
436,53.778396,-4.666977,-1.332721,0.200
437,53.785771,-4.697366,-1.217378,0.200
438,53.820381,-4.791185,-1.217378,0.200
439,53.854992,-4.885005,-1.217378,0.200
440,53.889603,-4.978824,-1.217378,0.200
441,53.958824,-5.166463,-1.217378,0.200
442,54.028045,-5.354102,-1.217378,0.200
443,54.097267,-5.541741,-1.217378,0.200
444,54.166488,-5.729380,-1.217378,0.200
445,54.235709,-5.917020,-1.217378,0.200
446,54.270320,-6.010839,-1.217378,0.200
447,54.304931,-6.104659,-1.217378,0.200
448,54.321251,-6.148899,-1.590121,0.200
449,54.319319,-6.248880,-1.590121,0.200
450,54.317387,-6.348861,-1.590121,0.200
451,54.315454,-6.448843,-1.590121,0.200
452,54.311590,-6.648805,-1.590121,0.200
453,54.307725,-6.848768,-1.590121,0.200
454,54.303860,-7.048731,-1.590121,0.200
455,54.301928,-7.148712,-1.590121,0.200
456,54.299996,-7.248693,-1.590121,0.200
457,54.299461,-7.276365,-1.442123,0.200
458,54.312293,-7.375539,-1.442123,0.200
459,54.325125,-7.474712,-1.442123,0.200
460,54.337956,-7.573885,-1.442123,0.200
461,54.363620,-7.772232,-1.442123,0.200
462,54.389284,-7.970578,-1.442123,0.200
463,54.402116,-8.069752,-1.442123,0.200
464,54.414947,-8.168925,-1.646739,0.200
465,54.407250,-8.270092,-1.649768,0.200
466,54.399361,-8.369781,-1.649768,0.200
467,54.391472,-8.469469,-1.649768,0.200
468,54.375694,-8.668846,-1.649768,0.200
469,54.367805,-8.768534,-1.649768,0.200
470,54.367264,-8.775366,-1.523761,0.200
471,54.371966,-8.875256,-1.523761,0.200
472,54.376668,-8.975145,-1.523761,0.200
473,54.381369,-9.075034,-1.523761,0.200
474,54.390773,-9.274813,-1.523761,0.200
475,54.400177,-9.474592,-1.523761,0.200
476,54.409580,-9.674371,-1.523761,0.200
477,54.414282,-9.774260,-1.523761,0.200
478,54.418984,-9.874150,-1.523761,0.200
479,54.419888,-9.893361,-1.381034,0.200
480,54.438751,-9.991566,-1.381034,0.200
481,54.457613,-10.089771,-1.381034,0.200
482,54.476476,-10.187976,-1.381034,0.200
483,54.495338,-10.286181,-1.381034,0.200
484,54.514201,-10.384385,-1.381034,0.200
485,54.529637,-10.464753,-1.683220,0.200
486,54.518419,-10.564122,-1.683220,0.200
487,54.507200,-10.663491,-1.683220,0.200
488,54.495981,-10.762860,-1.683220,0.200
489,54.473544,-10.961597,-1.683220,0.200
490,54.462325,-11.060966,-1.683220,0.200
491,54.457917,-11.100011,-1.360060,0.200
492,54.478835,-11.197799,-1.360060,0.200
493,54.499753,-11.295586,-1.360060,0.200
494,54.520671,-11.393374,-1.360060,0.200
495,54.541589,-11.491162,-1.360060,0.200
496,54.562507,-11.588949,-1.360060,0.200
497,54.570164,-11.624744,-1.683635,0.200
498,54.558904,-11.724108,-1.683635,0.200
499,54.547644,-11.823472,-1.683635,0.200
500,54.536384,-11.922836,-1.683635,0.200
501,54.525615,-12.017866,-1.462282,0.200
502,54.536445,-12.117278,-1.462282,0.200
503,54.547275,-12.216689,-1.462282,0.200
504,54.558105,-12.316101,-1.462282,0.200
505,54.568936,-12.415513,-1.462282,0.200
506,54.579766,-12.514925,-1.462282,0.200
507,54.588617,-12.596168,-1.752230,0.200
508,54.570573,-12.694527,-1.752230,0.200
509,54.552529,-12.792885,-1.752230,0.200
510,54.534485,-12.891244,-1.752230,0.200
511,54.522977,-12.953974,-1.302885,0.200
512,54.549449,-13.050406,-1.302885,0.200
513,54.575920,-13.146839,-1.302885,0.200
514,54.602392,-13.243272,-1.302885,0.200
515,54.628864,-13.339704,-1.302885,0.200
516,54.655336,-13.436137,-1.302885,0.200
517,54.657751,-13.444935,-1.555371,0.200
518,54.659293,-13.544923,-1.555371,0.200
519,54.660836,-13.644911,-1.555371,0.200
520,54.662378,-13.744899,-1.555371,0.200
521,54.665463,-13.944875,-1.555371,0.200
522,54.668548,-14.144852,-1.555371,0.200
523,54.671633,-14.344828,-1.555371,0.200
524,54.673175,-14.444816,-1.555371,0.200
525,54.673807,-14.485755,-1.953016,0.200
526,54.636509,-14.578539,-1.953016,0.200
527,54.628516,-14.598422,-1.405465,0.200
528,54.644974,-14.697059,-1.405465,0.200
529,54.661432,-14.795695,-1.405465,0.200
530,54.677890,-14.894331,-1.405465,0.200
531,54.692477,-14.981759,-2.900377,0.200
532,54.595372,-15.005647,-2.900377,0.200
533,54.498268,-15.029536,-2.900377,0.200
534,54.401163,-15.053424,-2.900377,0.200
535,54.304058,-15.077313,-2.900377,0.200
536,54.283498,-15.082370,-0.048423,0.200
537,54.383381,-15.087211,-0.048423,0.200
538,54.470069,-15.091412,-1.164897,0.200
539,54.509554,-15.183287,-1.164897,0.200
540,54.537910,-15.249267,-1.499044,0.200
541,54.545079,-15.349010,-1.499044,0.200
542,54.552248,-15.448752,-1.499044,0.200
543,54.559417,-15.548495,-1.499044,0.200
544,54.566586,-15.648238,-1.499044,0.200
545,54.571075,-15.710698,-1.321813,0.200
546,54.595717,-15.807614,-1.321813,0.200
547,54.620359,-15.904530,-1.321813,0.200
548,54.645001,-16.001447,-1.321813,0.200
549,54.694285,-16.195279,-1.321813,0.200
550,54.743568,-16.389112,-1.321813,0.200
551,54.792852,-16.582945,-1.321813,0.200
552,54.842136,-16.776777,-1.321813,0.200
553,54.891419,-16.970610,-1.321813,0.200
554,54.916061,-17.067527,-1.321813,0.200
555,54.925609,-17.105079,-1.592220,0.200
556,54.923467,-17.205056,-1.592220,0.200
557,54.921325,-17.305033,-1.592220,0.200
558,54.919182,-17.405010,-1.592220,0.200
559,54.917040,-17.504987,-1.592220,0.200
560,54.916571,-17.526869,-1.270995,0.200
561,54.946104,-17.622408,-1.270995,0.200
562,54.975637,-17.717948,-1.270995,0.200
563,55.005170,-17.813487,-1.270995,0.200
564,55.064237,-18.004566,-1.270995,0.200
565,55.093770,-18.100106,-1.270995,0.200
566,55.123303,-18.195645,-1.270995,0.200
567,55.131024,-18.220623,-1.367191,0.200
568,55.151244,-18.318558,-1.367191,0.200
569,55.171464,-18.416492,-1.367191,0.200
570,55.191684,-18.514427,-1.367191,0.200
571,55.232125,-18.710295,-1.367191,0.200
572,55.272565,-18.906164,-1.367191,0.200
573,55.292785,-19.004099,-1.367191,0.200
574,55.313005,-19.102033,-1.367191,0.200
575,55.314311,-19.108356,-2.320135,0.200
576,55.246195,-19.181570,-2.320135,0.200
577,55.178080,-19.254784,-2.320135,0.200
578,55.151433,-19.283425,-1.177022,0.200
579,55.189801,-19.375772,-1.177022,0.200
580,55.228169,-19.468119,-1.177022,0.200
581,55.266536,-19.560466,-1.177022,0.200
582,55.343272,-19.745159,-1.177022,0.200
583,55.420007,-19.929853,-1.177022,0.200
584,55.496742,-20.114546,-1.177022,0.200
585,55.535110,-20.206893,-1.177022,0.200
586,55.560608,-20.268263,-1.357714,0.200
587,55.581755,-20.366001,-1.357714,0.200
588,55.602902,-20.463739,-1.357714,0.200
589,55.624049,-20.561478,-1.357714,0.200
590,55.666344,-20.756954,-1.357714,0.200
591,55.708639,-20.952431,-1.357714,0.200
592,55.729786,-21.050170,-1.357714,0.200
593,55.746862,-21.129091,-1.087678,0.200
594,55.793316,-21.217647,-1.087678,0.200
595,55.839771,-21.306202,-1.087678,0.200
596,55.853296,-21.331985,-1.389270,0.200
597,55.871349,-21.430342,-1.389270,0.200
598,55.889402,-21.528699,-1.389270,0.200
599,55.907455,-21.627056,-1.389270,0.200
600,55.943562,-21.823770,-1.389270,0.200
601,55.961615,-21.922127,-1.389270,0.200
602,55.973288,-21.985726,-1.139163,0.200
603,56.015124,-22.076555,-1.139163,0.200
604,56.056959,-22.167383,-1.139163,0.200
605,56.098795,-22.258211,-1.139163,0.200
606,56.140630,-22.349040,-1.139163,0.200
607,56.182466,-22.439868,-1.139163,0.200
608,56.193483,-22.463788,-1.572927,0.200
609,56.193270,-22.563788,-1.572927,0.200
610,56.193057,-22.663787,-1.572927,0.200
611,56.192844,-22.763787,-1.572927,0.200
612,56.192631,-22.863787,-1.572927,0.200
613,56.192418,-22.963787,-1.572927,0.200
614,56.192313,-23.012982,-1.385210,0.200
615,56.210766,-23.111265,-1.385210,0.200
616,56.229218,-23.209547,-1.385210,0.200
617,56.247670,-23.307830,-1.385210,0.200
618,56.266122,-23.406113,-1.385210,0.200
619,56.284575,-23.504396,-1.385210,0.200
620,56.287761,-23.521366,-0.903464,0.200
621,56.349650,-23.599913,-0.903464,0.200
622,56.411539,-23.678461,-0.903464,0.200
623,56.473428,-23.757008,-0.903464,0.200
624,56.528147,-23.826456,-1.399674,0.200
625,56.545176,-23.924995,-1.399674,0.200
626,56.562205,-24.023534,-1.399674,0.200
627,56.579234,-24.122074,-1.399674,0.200
628,56.596263,-24.220613,-1.399674,0.200
629,56.609463,-24.296998,-1.655374,0.200
630,56.601015,-24.396640,-1.655374,0.200
631,56.592568,-24.496283,-1.655374,0.200
632,56.584120,-24.595925,-1.655374,0.200
633,56.567225,-24.795210,-1.655374,0.200
634,56.550329,-24.994495,-1.655374,0.200
635,56.541882,-25.094138,-1.655374,0.200
636,56.540451,-25.111013,-1.133676,0.200
637,56.582784,-25.201610,-1.133676,0.200
638,56.625118,-25.292208,-1.133676,0.200
639,56.667451,-25.382805,-1.133676,0.200
640,56.709784,-25.473402,-1.133676,0.200
641,56.749454,-25.558299,-1.316936,0.200
642,56.774568,-25.655094,-1.316936,0.200
643,56.799682,-25.751889,-1.316936,0.200
644,56.824796,-25.848684,-1.316936,0.200
645,56.875025,-26.042274,-1.316936,0.200
646,56.900139,-26.139069,-1.316936,0.200
647,56.909792,-26.176273,-1.654847,0.200
648,56.901396,-26.275920,-1.654847,0.200
649,56.893001,-26.375567,-1.654847,0.200
650,56.884606,-26.475214,-1.286222,0.200
651,56.913590,-26.574301,-1.273680,0.200
652,56.942867,-26.669919,-1.273680,0.200
653,56.972143,-26.765538,-1.273680,0.200
654,57.001420,-26.861156,-1.273680,0.200
655,57.025444,-26.939620,-1.644612,0.200
656,57.018069,-27.039348,-1.644612,0.200
657,57.010694,-27.139076,-1.644612,0.200
658,57.003319,-27.238803,-1.644612,0.200
659,56.998458,-27.304534,-1.393341,0.200
660,57.016111,-27.402964,-1.393341,0.200
661,57.033763,-27.501393,-1.393341,0.200
662,57.051416,-27.599823,-1.393341,0.200
663,57.086721,-27.796682,-1.393341,0.200
664,57.122026,-27.993541,-1.393341,0.200
665,57.157331,-28.190400,-1.393341,0.200
666,57.192636,-28.387260,-1.393341,0.200
667,57.210289,-28.485689,-1.393341,0.200
668,57.213723,-28.504837,-1.715848,0.200
669,57.199269,-28.603787,-1.715848,0.200
670,57.184814,-28.702737,-1.715848,0.200
671,57.179495,-28.739146,-1.386584,0.200
672,57.197813,-28.837454,-1.386584,0.200
673,57.216130,-28.935762,-1.386584,0.200
674,57.234447,-29.034070,-1.386584,0.200
675,57.271081,-29.230687,-1.386584,0.200
676,57.307716,-29.427303,-1.386584,0.200
677,57.344350,-29.623919,-1.386584,0.200
678,57.380985,-29.820535,-1.386584,0.200
679,57.409075,-29.971297,-1.464526,0.200
680,57.430289,-30.170168,-1.464526,0.200
681,57.440896,-30.269604,-1.464526,0.200
682,57.451503,-30.369040,-1.464526,0.200
683,57.461602,-30.463712,-1.848439,0.200
684,57.434193,-30.559883,-1.848439,0.200
685,57.417648,-30.617935,-1.282217,0.200
686,57.446107,-30.713800,-1.282217,0.200
687,57.474566,-30.809665,-1.282217,0.200
688,57.503025,-30.905530,-1.282217,0.200
689,57.531484,-31.001395,-1.282217,0.200
690,57.559713,-31.096485,-1.448755,0.200
691,57.571887,-31.195742,-1.448755,0.200
692,57.584061,-31.294998,-1.448755,0.200
693,57.596235,-31.394254,-1.448755,0.200
694,57.620583,-31.592766,-1.448755,0.200
695,57.632756,-31.692023,-1.448755,0.200
696,57.644930,-31.791279,-1.448755,0.200
697,57.646937,-31.807643,-1.235502,0.200
698,57.679842,-31.902074,-1.235502,0.200
699,57.712747,-31.996506,-1.235502,0.200
700,57.745651,-32.090937,-1.235502,0.200
701,57.756118,-32.120975,-1.503101,0.200
702,57.762883,-32.220746,-1.503101,0.200
703,57.769647,-32.320517,-1.503101,0.200
704,57.776411,-32.420288,-1.503101,0.200
705,57.783176,-32.520059,-1.503101,0.200
706,57.789940,-32.619830,-1.503101,0.200
707,57.796593,-32.717948,-1.214618,0.200
708,57.831462,-32.811672,-1.214618,0.200
709,57.866332,-32.905395,-1.214618,0.200
710,57.898206,-32.991068,-1.560143,0.200
711,57.899271,-33.091062,-1.560143,0.200
712,57.900336,-33.191057,-1.560143,0.200
713,57.901402,-33.291051,-1.560143,0.200
714,57.902326,-33.377825,-1.387433,0.200
715,57.920560,-33.476148,-1.387433,0.200
716,57.938794,-33.574472,-1.387433,0.200
717,57.957027,-33.672796,-1.387433,0.200
718,57.975261,-33.771119,-1.387433,0.200
719,57.993495,-33.869443,-1.387433,0.200
720,58.009861,-33.957698,-2.154342,0.200
721,57.954763,-34.041149,-2.154342,0.200
722,57.899664,-34.124601,-2.154342,0.200
723,57.844565,-34.208052,-2.154342,0.200
724,57.841564,-34.212598,-1.012708,0.200
725,57.894521,-34.297425,-1.012708,0.200
726,57.947477,-34.382252,-1.012708,0.200
727,57.993495,-34.455964,-1.609600,0.200
728,57.989615,-34.555888,-1.609600,0.200
729,57.985736,-34.655813,-1.609600,0.200
730,57.983439,-34.714983,-1.418291,0.200
731,57.998630,-34.813823,-1.418291,0.200
732,58.013822,-34.912662,-1.418291,0.200
733,58.029013,-35.011501,-1.418291,0.200
734,58.059396,-35.209180,-1.418291,0.200
735,58.074588,-35.308019,-1.418291,0.200
736,58.088643,-35.399465,-1.572518,0.200
737,58.088471,-35.499465,-1.572518,0.200
738,58.088299,-35.599465,-1.572518,0.200
739,58.088126,-35.699465,-1.572518,0.200
740,58.087782,-35.899465,-1.572518,0.200
741,58.087438,-36.099464,-1.572518,0.200
742,58.087093,-36.299464,-1.572518,0.200
743,58.086921,-36.399464,-1.572518,0.200
744,58.086772,-36.486373,-1.402327,0.200
745,58.103539,-36.584957,-1.402327,0.200
746,58.120306,-36.683542,-1.402327,0.200
747,58.137073,-36.782126,-1.402327,0.200
748,58.153841,-36.880710,-1.402327,0.200
749,58.170608,-36.979295,-1.402327,0.200
750,58.186784,-37.074400,-1.588646,0.200
751,58.184999,-37.174384,-1.588646,0.200
752,58.183214,-37.274368,-1.588646,0.200
753,58.181429,-37.374352,-1.588646,0.200
754,58.179644,-37.474336,-1.588646,0.200
755,58.178677,-37.528503,-1.488625,0.200
756,58.186885,-37.628165,-1.488625,0.200
757,58.195093,-37.727828,-1.488625,0.200
758,58.203301,-37.827491,-1.488625,0.200
759,58.219716,-38.026816,-1.488625,0.200
760,58.236132,-38.226141,-1.488625,0.200
761,58.252548,-38.425466,-1.488625,0.200
762,58.260756,-38.525129,-1.488625,0.200
763,58.265603,-38.583989,-1.165520,0.200
764,58.305031,-38.675888,-1.165520,0.200
765,58.331345,-38.737223,-1.457548,0.200
766,58.342646,-38.836582,-1.457548,0.200
767,58.353946,-38.935942,-1.457548,0.200
768,58.365247,-39.035301,-1.457548,0.200
769,58.376547,-39.134661,-1.457548,0.200
770,58.377922,-39.146745,-1.554721,0.200
771,58.379529,-39.246732,-1.554721,0.200
772,58.381137,-39.346719,-1.554721,0.200
773,58.382744,-39.446706,-1.554721,0.200
774,58.383423,-39.488927,-1.883734,0.200
775,58.352637,-39.584070,-1.883734,0.200
776,58.328612,-39.658322,-1.378128,0.200
777,58.347760,-39.756472,-1.378128,0.200
778,58.366907,-39.854622,-1.378128,0.200
779,58.386055,-39.952771,-1.378128,0.200
780,58.405203,-40.050921,-1.378128,0.200
781,58.424351,-40.149071,-1.378128,0.200
782,58.438994,-40.224129,-1.625461,0.200
783,58.433530,-40.323979,-1.625461,0.200
784,58.428066,-40.423830,-1.625461,0.200
785,58.422602,-40.523680,-1.625461,0.200
786,58.417139,-40.623531,-1.625461,0.200
787,58.415432,-40.654715,-1.353875,0.200
788,58.436955,-40.752371,-1.353875,0.200
789,58.458477,-40.850028,-1.353875,0.200
790,58.479999,-40.947684,-1.353875,0.200
791,58.501522,-41.045341,-1.353875,0.200
792,58.516424,-41.112959,-1.480818,0.200
793,58.525410,-41.212554,-1.480818,0.200
794,58.534395,-41.312149,-1.480818,0.200
795,58.543381,-41.411745,-1.480818,0.200
796,58.561352,-41.610936,-1.480818,0.200
797,58.579324,-41.810127,-1.480818,0.200
798,58.597295,-42.009318,-1.480818,0.200
799,58.615266,-42.208509,-1.480818,0.200
800,58.633238,-42.407700,-1.480818,0.200
801,58.641089,-42.494724,-1.432013,0.200
802,58.668757,-42.692801,-1.432013,0.200
803,58.696425,-42.890878,-1.432013,0.200
804,58.724092,-43.088955,-1.432013,0.200
805,58.751760,-43.287032,-1.432013,0.200
806,58.779428,-43.485109,-1.432013,0.200
807,58.807095,-43.683186,-1.432013,0.200
808,58.834763,-43.881263,-1.432013,0.200
809,58.862431,-44.079340,-1.432013,0.200
810,58.890098,-44.277417,-1.432013,0.200
811,58.917766,-44.475494,-1.432013,0.200
812,58.945434,-44.673571,-1.432013,0.200
813,58.973101,-44.871648,-1.432013,0.200
814,59.000769,-45.069725,-1.432013,0.200
815,59.028437,-45.267802,-1.432013,0.200
816,59.056104,-45.465879,-1.432013,0.200
817,59.069938,-45.564918,-1.432013,0.200
818,59.081502,-45.647707,-1.640576,0.200
819,59.074530,-45.747463,-1.640576,0.200
820,59.067558,-45.847220,-1.640576,0.200
821,59.062491,-45.919710,-1.492958,0.200
822,59.070267,-46.019407,-1.492958,0.200
823,59.078043,-46.119104,-1.492958,0.200
824,59.085819,-46.218802,-1.492958,0.200
825,59.101371,-46.418196,-1.492958,0.200
826,59.116923,-46.617591,-1.492958,0.200
827,59.132475,-46.816985,-1.492958,0.200
828,59.140251,-46.916682,-1.492958,0.200
829,59.141529,-46.933071,-1.927672,0.200
830,59.106594,-47.026770,-1.927672,0.200
831,59.077803,-47.103992,-1.425572,0.200
832,59.092274,-47.202939,-1.425572,0.200
833,59.106746,-47.301886,-1.425572,0.200
834,59.119487,-47.389002,-1.215900,0.200
835,59.154236,-47.482771,-1.215900,0.200
836,59.188985,-47.576539,-1.215900,0.200
837,59.223735,-47.670307,-1.215900,0.200
838,59.258484,-47.764075,-1.215900,0.200
839,59.276999,-47.814038,-1.619338,0.200
840,59.272147,-47.913920,-1.619338,0.200
841,59.267295,-48.013802,-1.619338,0.200
842,59.262442,-48.113684,-1.619338,0.200
843,59.260744,-48.148652,-1.494284,0.200
844,59.268387,-48.248359,-1.494284,0.200
845,59.276031,-48.348067,-1.494284,0.200
846,59.283675,-48.447774,-1.494284,0.200
847,59.298963,-48.647189,-1.494284,0.200
848,59.314250,-48.846604,-1.494284,0.200
849,59.321894,-48.946312,-1.494284,0.200
850,59.329538,-49.046019,-1.494284,0.200
851,59.331969,-49.077735,-1.764588,0.200
852,59.312711,-49.175863,-1.764588,0.200
853,59.293453,-49.273991,-1.764588,0.200
854,59.292227,-49.280236,-1.209931,0.200
855,59.327536,-49.373795,-1.209931,0.200
856,59.362844,-49.467354,-1.209931,0.200
857,59.379956,-49.512695,-1.494166,0.200
858,59.387611,-49.612402,-1.494166,0.200
859,59.395267,-49.712108,-1.494166,0.200
860,59.402922,-49.811815,-1.494166,0.200
861,59.410578,-49.911521,-1.494166,0.200
862,59.416215,-49.984943,-1.303370,0.200
863,59.442640,-50.081388,-1.303370,0.200
864,59.469065,-50.177834,-1.303370,0.200
865,59.482172,-50.225672,-1.459816,0.200
866,59.493247,-50.325057,-1.459816,0.200
867,59.504323,-50.424442,-1.459816,0.200
868,59.515398,-50.523827,-1.459816,0.200
869,59.526473,-50.623212,-1.459816,0.200
870,59.532313,-50.675619,-1.603363,0.200
871,59.529057,-50.775566,-1.603363,0.200
872,59.525801,-50.875513,-1.603363,0.200
873,59.522545,-50.975460,-1.603363,0.200
874,59.519289,-51.075407,-1.603363,0.200
875,59.518630,-51.095617,-1.302011,0.200
876,59.545187,-51.192026,-1.302011,0.200
877,59.571743,-51.288436,-1.302011,0.200
878,59.598299,-51.384845,-1.302011,0.200
879,59.624855,-51.481255,-1.302011,0.200
880,59.647853,-51.564746,-1.495476,0.200
881,59.655378,-51.664463,-1.495476,0.200
882,59.662902,-51.764179,-1.495476,0.200
883,59.670427,-51.863896,-1.495476,0.200
884,59.685477,-52.063329,-1.495476,0.200
885,59.700527,-52.262762,-1.495476,0.200
886,59.708052,-52.362478,-1.495476,0.200
887,59.715577,-52.462195,-1.495476,0.200
888,59.723058,-52.561326,-1.233352,0.200
889,59.756166,-52.655686,-1.233352,0.200
890,59.789273,-52.750046,-1.233352,0.200
891,59.822381,-52.844407,-1.233352,0.200
892,59.855200,-52.937943,-1.459716,0.200
893,59.866285,-53.037327,-1.459716,0.200
894,59.877370,-53.136711,-1.459716,0.200
895,59.888455,-53.236094,-1.459716,0.200
896,59.910626,-53.434862,-1.459716,0.200
897,59.932796,-53.633629,-1.459716,0.200
898,59.954966,-53.832397,-1.459716,0.200
899,59.966051,-53.931780,-1.459716,0.200
900,59.977137,-54.031164,-1.459716,0.200
901,59.985092,-54.102490,-1.715960,0.200
902,59.970627,-54.201438,-1.715960,0.200
903,59.956161,-54.300386,-1.715960,0.200
904,59.951777,-54.330378,-1.322686,0.200
905,59.976334,-54.427316,-1.322686,0.200
906,60.000891,-54.524253,-1.322686,0.200
907,60.025449,-54.621191,-1.322686,0.200
908,60.050006,-54.718129,-1.322686,0.200
909,60.051606,-54.724444,-1.699717,0.200
910,60.038749,-54.823614,-1.699717,0.200
911,60.029128,-54.897831,-1.248653,0.200
912,60.060788,-54.992687,-1.248653,0.200
913,60.092448,-55.087542,-1.248653,0.200
914,60.112448,-55.147463,-1.488079,0.200
915,60.120710,-55.247121,-1.488079,0.200
916,60.128972,-55.346779,-1.488079,0.200
917,60.137235,-55.446438,-1.488079,0.200
918,60.153759,-55.645754,-1.488079,0.200
919,60.170284,-55.845070,-1.488079,0.200
920,60.186808,-56.044386,-1.488079,0.200
921,60.203333,-56.243702,-1.488079,0.200
922,60.219857,-56.443018,-1.488079,0.200
923,60.236382,-56.642335,-1.488079,0.200
924,60.252907,-56.841651,-1.488079,0.200
925,60.269431,-57.040967,-1.488079,0.200
926,60.285956,-57.240283,-1.488079,0.200
927,60.294218,-57.339941,-1.488079,0.200
928,60.297944,-57.384885,-1.316699,0.200
929,60.323081,-57.481674,-1.316699,0.200
930,60.348218,-57.578463,-1.316699,0.200
931,60.373355,-57.675252,-1.316699,0.200
932,60.398493,-57.772041,-1.316699,0.200
933,60.423630,-57.868830,-1.316699,0.200
934,60.442099,-57.939945,-1.488571,0.200
935,60.450312,-58.039607,-1.488571,0.200
936,60.458526,-58.139270,-1.488571,0.200
937,60.466739,-58.238932,-1.488571,0.200
938,60.483165,-58.438256,-1.488571,0.200
939,60.491378,-58.537918,-1.488571,0.200
940,60.499592,-58.637580,-1.488571,0.200
941,60.500202,-58.644982,-1.594638,0.200
942,60.497818,-58.744953,-1.594638,0.200
943,60.495434,-58.844925,-1.594638,0.200
944,60.493050,-58.944896,-1.594638,0.200
945,60.488282,-59.144840,-1.594638,0.200
946,60.485898,-59.244811,-1.594638,0.200
947,60.483514,-59.344783,-1.594638,0.200
948,60.482554,-59.385030,-1.449064,0.200
949,60.494697,-59.484290,-1.449064,0.200
950,60.506841,-59.583550,-1.449064,0.200
951,60.518984,-59.682810,-1.449064,0.200
952,60.543270,-59.881330,-1.449064,0.200
953,60.567557,-60.079850,-1.449064,0.200
954,60.579700,-60.179110,-1.449064,0.200
955,60.586731,-60.236584,-1.549650,0.200
956,60.588846,-60.336562,-1.549650,0.200
957,60.590960,-60.436540,-1.549650,0.200
958,60.593075,-60.536517,-1.549650,0.200
959,60.597303,-60.736473,-1.549650,0.200
960,60.601532,-60.936428,-1.549650,0.200
961,60.605761,-61.136383,-1.549650,0.200
962,60.609445,-61.310531,-1.496167,0.200
963,60.624356,-61.509975,-1.496167,0.200
964,60.639268,-61.709418,-1.496167,0.200
965,60.654180,-61.908861,-1.496167,0.200
966,60.669092,-62.108305,-1.496167,0.200
967,60.684004,-62.307748,-1.496167,0.200
968,60.698916,-62.507191,-1.496167,0.200
969,60.713828,-62.706635,-1.496167,0.200
970,60.728740,-62.906078,-1.496167,0.200
971,60.743652,-63.105521,-1.496167,0.200
972,60.758564,-63.304965,-1.496167,0.200
973,60.767141,-63.419688,-1.434550,0.200
974,60.794307,-63.617835,-1.434550,0.200
975,60.821472,-63.815981,-1.434550,0.200
976,60.848637,-64.014128,-1.434550,0.200
977,60.875802,-64.212274,-1.434550,0.200
978,60.902967,-64.410421,-1.434550,0.200
979,60.908555,-64.451181,-1.493131,0.200
980,60.924073,-64.650578,-1.493131,0.200
981,60.939590,-64.849975,-1.493131,0.200
982,60.955107,-65.049372,-1.493131,0.200
983,60.970625,-65.248769,-1.493131,0.200
984,60.986142,-65.448167,-1.493131,0.200
985,61.001660,-65.647564,-1.493131,0.200
986,61.017177,-65.846961,-1.493131,0.200
987,61.032694,-66.046358,-1.493131,0.200
988,61.048212,-66.245755,-1.493131,0.200
989,61.055971,-66.345454,-1.493131,0.200
990,61.059357,-66.388967,-1.315075,0.200
991,61.084651,-66.485715,-1.315075,0.200
992,61.109946,-66.582464,-1.315075,0.200
993,61.135240,-66.679212,-1.518709,0.200
994,61.140464,-66.779411,-1.519402,0.200
995,61.145601,-66.879279,-1.519402,0.200
996,61.150738,-66.979147,-1.519402,0.200
997,61.161012,-67.178883,-1.519402,0.200
998,61.171287,-67.378619,-1.519402,0.200
999,61.176424,-67.478487,-1.519402,0.200
1000,61.179743,-67.543007,-1.247793,0.200
1001,61.211484,-67.637836,-1.247793,0.200
1002,61.243226,-67.732664,-1.247793,0.200
1003,61.274967,-67.827493,-1.247793,0.200
1004,61.306709,-67.922322,-1.247793,0.200
1005,61.338451,-68.017150,-1.247793,0.200
1006,61.355243,-68.067317,-1.602371,0.200
1007,61.352086,-68.167267,-1.602371,0.200
1008,61.348929,-68.267217,-1.602371,0.200
1009,61.345772,-68.367168,-1.602371,0.200
1010,61.342615,-68.467118,-1.602371,0.200
1011,61.339972,-68.550796,-1.401340,0.200
1012,61.356837,-68.649364,-1.401340,0.200
1013,61.373701,-68.747932,-1.401340,0.200
1014,61.390566,-68.846499,-1.401340,0.200
1015,61.424295,-69.043635,-1.401340,0.200
1016,61.441160,-69.142202,-1.401340,0.200
1017,61.458025,-69.240770,-1.401340,0.200
1018,61.467768,-69.297716,-1.518035,0.200
1019,61.473042,-69.397577,-1.518035,0.200
1020,61.478315,-69.497438,-1.518035,0.200
1021,61.483589,-69.597299,-1.518035,0.200
1022,61.494137,-69.797020,-1.518035,0.200
1023,61.504684,-69.996742,-1.518035,0.200
1024,61.515231,-70.196464,-1.518035,0.200
1025,61.520505,-70.296325,-1.518035,0.200
1026,61.522823,-70.340208,-1.636032,0.200
1027,61.516304,-70.439996,-1.636032,0.200
1028,61.509785,-70.539783,-1.636032,0.200
1029,61.503266,-70.639570,-1.636032,0.200
1030,61.498289,-70.715756,-1.321919,0.200
1031,61.522920,-70.812675,-1.321919,0.200
1032,61.547552,-70.909594,-1.321919,0.200
1033,61.572184,-71.006513,-1.321919,0.200
1034,61.574229,-71.014559,-1.473482,0.200
1035,61.583945,-71.114086,-1.473482,0.200
1036,61.593661,-71.213613,-1.473482,0.200
1037,61.603377,-71.313140,-1.473482,0.200
1038,61.622809,-71.512194,-1.473482,0.200
1039,61.642241,-71.711248,-1.473482,0.200
1040,61.661674,-71.910301,-1.473482,0.200
1041,61.681106,-72.109355,-1.473482,0.200
1042,61.700538,-72.308409,-1.473482,0.200
1043,61.719970,-72.507462,-1.473482,0.200
1044,61.739403,-72.706516,-1.473482,0.200
1045,61.758835,-72.905570,-1.473482,0.200
1046,61.778267,-73.104624,-1.473482,0.200
1047,61.797699,-73.303677,-1.473482,0.200
1048,61.817132,-73.502731,-1.473482,0.200
1049,61.836564,-73.701785,-1.473482,0.200
1050,61.846280,-73.801312,-1.473482,0.200
1051,61.850197,-73.841436,-1.582026,0.200
1052,61.849074,-73.941430,-1.582026,0.200
1053,61.847951,-74.041424,-1.582026,0.200
1054,61.846828,-74.141418,-1.582026,0.200
1055,61.845705,-74.241411,-1.582026,0.200
1056,61.844582,-74.341405,-1.582026,0.200
1057,61.843774,-74.413367,-1.485638,0.200
1058,61.852280,-74.513005,-1.485638,0.200
1059,61.860785,-74.612642,-1.485638,0.200
1060,61.869291,-74.712280,-1.485638,0.200
1061,61.886302,-74.911555,-1.485638,0.200
1062,61.903313,-75.110830,-1.485638,0.200
1063,61.920324,-75.310106,-1.485638,0.200
1064,61.937335,-75.509381,-1.485638,0.200
1065,61.952949,-75.692293,-1.428717,0.200
1066,61.981269,-75.890277,-1.428717,0.200
1067,62.009590,-76.088262,-1.428717,0.200
1068,62.037910,-76.286247,-1.428717,0.200
1069,62.066230,-76.484231,-1.428717,0.200
1070,62.094551,-76.682216,-1.428717,0.200
1071,62.107702,-76.774156,-1.514903,0.200
1072,62.118875,-76.973844,-1.514903,0.200
1073,62.130048,-77.173531,-1.514903,0.200
1074,62.135634,-77.273375,-1.514903,0.200
1075,62.139457,-77.341705,-1.311098,0.200
1076,62.165136,-77.438352,-1.311098,0.200
1077,62.190815,-77.534999,-1.311098,0.200
1078,62.216494,-77.631645,-1.311098,0.200
1079,62.267852,-77.824939,-1.311098,0.200
1080,62.293531,-77.921586,-1.311098,0.200
1081,62.319210,-78.018232,-1.311098,0.200
1082,62.335811,-78.080716,-1.575971,0.200
1083,62.335294,-78.180715,-1.575971,0.200
1084,62.334777,-78.280714,-1.575971,0.200
1085,62.334259,-78.380712,-1.575971,0.200
1086,62.333742,-78.480711,-1.575971,0.200
1087,62.333282,-78.569556,-1.433174,0.200
1088,62.347001,-78.668611,-1.433174,0.200
1089,62.360720,-78.767665,-1.433174,0.200
1090,62.374438,-78.866720,-1.433174,0.200
1091,62.401876,-79.064829,-1.433174,0.200
1092,62.429314,-79.262938,-1.433174,0.200
1093,62.456751,-79.461047,-1.433174,0.200
1094,62.484189,-79.659156,-1.433174,0.200
1095,62.497908,-79.758210,-1.433174,0.200
1096,62.503061,-79.795416,-1.799032,0.200
1097,62.480435,-79.892822,-1.799032,0.200
1098,62.465714,-79.956197,-1.373900,0.200
1099,62.485277,-80.054265,-1.373900,0.200
1100,62.504839,-80.152333,-1.373900,0.200
1101,62.524402,-80.250401,-1.373900,0.200
1102,62.563527,-80.446536,-1.373900,0.200
1103,62.602653,-80.642672,-1.373900,0.200
1104,62.641778,-80.838808,-1.373900,0.200
1105,62.680904,-81.034943,-1.373900,0.200
1106,62.720029,-81.231079,-1.373900,0.200
1107,62.748830,-81.375459,-1.424149,0.200
1108,62.778055,-81.573312,-1.424149,0.200
1109,62.807279,-81.771166,-1.424149,0.200
1110,62.836503,-81.969019,-1.424149,0.200
1111,62.865728,-82.166872,-1.424149,0.200
1112,62.894952,-82.364725,-1.424149,0.200
1113,62.924177,-82.562579,-1.424149,0.200
1114,62.953401,-82.760432,-1.424149,0.200
1115,62.982625,-82.958285,-1.424149,0.200
1116,63.011850,-83.156139,-1.424149,0.200
1117,63.039628,-83.344201,-1.365527,0.200
1118,63.080394,-83.540002,-1.365527,0.200
1119,63.121160,-83.735803,-1.365527,0.200
1120,63.161927,-83.931604,-1.365527,0.200
1121,63.202693,-84.127406,-1.365527,0.200
1122,63.243459,-84.323207,-1.365527,0.200
1123,63.284225,-84.519008,-1.365527,0.200
1124,63.324992,-84.714809,-1.365527,0.200
1125,63.345375,-84.812710,-1.365527,0.200
1126,63.358111,-84.873885,-1.233551,0.200
1127,63.391200,-84.968252,-1.233551,0.200
1128,63.424289,-85.062619,-1.233551,0.200
1129,63.457378,-85.156986,-1.233551,0.200
1130,63.523556,-85.345719,-1.233551,0.200
1131,63.589734,-85.534453,-1.233551,0.200
1132,63.655912,-85.723187,-1.233551,0.200
1133,63.689001,-85.817554,-1.233551,0.200
1134,63.704936,-85.863001,-1.019401,0.200
1135,63.757324,-85.948180,-1.019401,0.200
1136,63.809711,-86.033359,-1.019401,0.200
1137,63.862099,-86.118539,-1.019401,0.200
1138,63.865918,-86.124748,-1.184580,0.200
1139,63.903587,-86.217382,-1.184580,0.200
1140,63.941255,-86.310016,-1.184580,0.200
1141,63.978924,-86.402651,-1.184580,0.200
1142,64.016592,-86.495285,-1.184580,0.200
1143,64.054261,-86.587919,-1.184580,0.200
1144,64.076178,-86.641816,-0.795923,0.200
1145,64.146140,-86.713267,-0.795923,0.200
1146,64.172104,-86.739783,-0.526786,0.200
1147,64.258547,-86.790059,-0.526786,0.200
1148,64.344989,-86.840335,-0.526786,0.200
1149,64.431432,-86.890610,-0.526786,0.200
1150,64.604318,-86.991162,-0.526786,0.200
1151,64.777203,-87.091714,-0.526786,0.200
1152,64.950089,-87.192265,-0.526786,0.200
1153,65.036531,-87.242541,-0.526786,0.200
1154,65.122974,-87.292817,-0.526786,0.200
1155,65.199784,-87.337490,-1.878271,0.200
1156,65.169519,-87.432800,-1.878271,0.200
1157,65.139254,-87.528110,-1.878271,0.200
1158,65.108988,-87.623420,-1.878271,0.200
1159,65.093643,-87.671744,-0.392568,0.200
1160,65.186036,-87.710001,-0.392568,0.200
1161,65.278429,-87.748257,-0.392568,0.200
1162,65.370822,-87.786513,-0.392568,0.200
1163,65.390906,-87.794829,-0.603578,0.200
1164,65.473237,-87.851588,-0.603578,0.200
1165,65.555568,-87.908348,-0.603578,0.200
1166,65.637899,-87.965107,-0.603578,0.200
1167,65.691704,-88.002200,-0.202126,0.200
1168,65.789669,-88.022275,-0.202126,0.200
1169,65.887633,-88.042350,-0.202126,0.200
1170,65.985597,-88.062426,-0.202126,0.200
1171,66.181525,-88.102576,-0.202126,0.200
1172,66.377454,-88.142727,-0.202126,0.200
1173,66.573382,-88.182877,-0.202126,0.200
1174,66.769311,-88.223028,-0.202126,0.200
1175,66.895361,-88.248858,-0.152484,0.200
1176,66.994200,-88.264048,-0.152484,0.200
1177,67.093040,-88.279237,0.187809,0.200
1178,67.193051,-88.260230,0.194193,0.200
1179,67.285680,-88.242013,-0.107392,0.200
1180,67.385104,-88.252731,-0.107392,0.200
1181,67.484528,-88.263450,-0.107392,0.200
1182,67.583952,-88.274169,-0.107392,0.200
1183,67.782800,-88.295606,-0.107392,0.200
1184,67.981648,-88.317043,-0.107392,0.200
1185,68.081072,-88.327761,-0.107392,0.200
1186,68.180495,-88.338480,-0.107392,0.200
1187,68.252391,-88.346231,-0.003451,0.200
1188,68.352391,-88.346576,-0.003451,0.200
1189,68.452390,-88.346921,-0.003451,0.200
1190,68.552390,-88.347266,-0.003451,0.200
1191,68.752388,-88.347956,-0.003451,0.200
1192,68.852388,-88.348301,-0.003451,0.200
1193,68.921448,-88.348540,-0.927143,0.200
1194,68.981460,-88.428531,-0.927143,0.200
1195,69.041473,-88.508522,-0.927143,0.200
1196,69.101485,-88.588512,-0.927143,0.200
1197,69.161497,-88.668503,-0.927143,0.200
1198,69.221509,-88.748494,-0.927143,0.200
1199,69.242358,-88.776284,-0.741236,0.200
1200,69.316122,-88.843804,-0.741236,0.200
1201,69.389885,-88.911324,-0.741236,0.200
1202,69.463649,-88.978844,-0.741236,0.200
1203,69.537412,-89.046364,-0.741236,0.200
1204,69.611176,-89.113884,-0.741236,0.200
1205,69.670085,-89.167807,-0.473654,0.200
1206,69.759076,-89.213421,-0.473654,0.200
1207,69.848066,-89.259035,-0.473654,0.200
1208,69.937057,-89.304649,-0.473654,0.200
1209,69.959354,-89.316078,-0.089669,0.200
1210,70.058952,-89.325032,-0.089669,0.200
1211,70.158550,-89.333987,-0.089669,0.200
1212,70.236596,-89.341004,0.205660,0.200
1213,70.334489,-89.320583,0.205660,0.200
1214,70.432381,-89.300162,0.205660,0.200
1215,70.530274,-89.279741,0.205660,0.200
1216,70.726059,-89.238898,0.205660,0.200
1217,70.823952,-89.218477,0.205660,0.200
1218,70.910609,-89.200399,0.016056,0.200
1219,71.010596,-89.198794,0.016056,0.200
1220,71.110583,-89.197188,0.016056,0.200
1221,71.210570,-89.195582,0.016056,0.200
1222,71.410544,-89.192371,0.016056,0.200
1223,71.610518,-89.189160,0.016056,0.200
1224,71.810493,-89.185949,0.016056,0.200
1225,72.010467,-89.182738,0.016056,0.200
1226,72.210441,-89.179527,0.016056,0.200
1227,72.283046,-89.178361,0.097247,0.200
1228,72.482101,-89.158942,0.097247,0.200
1229,72.681156,-89.139524,0.097247,0.200
1230,72.880211,-89.120105,0.097247,0.200
1231,73.079266,-89.100686,0.097247,0.200
1232,73.178793,-89.090977,0.097247,0.200
1233,73.278321,-89.081267,0.097247,0.200
1234,73.314180,-89.077769,-0.084039,0.200
1235,73.413827,-89.086163,-0.084039,0.200
1236,73.513474,-89.094557,-0.084039,0.200
1237,73.571776,-89.099469,0.164903,0.200
1238,73.670419,-89.083053,0.164903,0.200
1239,73.769063,-89.066637,0.164903,0.200
1240,73.867706,-89.050222,0.164903,0.200
1241,73.966350,-89.033806,0.164903,0.200
1242,74.047669,-89.020273,0.007681,0.200
1243,74.147666,-89.019505,0.007681,0.200
1244,74.247663,-89.018737,0.007681,0.200
1245,74.347660,-89.017969,0.007681,0.200
1246,74.547654,-89.016433,0.007681,0.200
1247,74.647652,-89.015665,0.123641,0.200
1248,74.750054,-89.002939,0.127357,0.200
1249,74.849244,-88.990238,0.127357,0.200
1250,74.948434,-88.977536,0.127357,0.200
1251,75.146814,-88.952134,0.127357,0.200
1252,75.345194,-88.926731,0.127357,0.200
1253,75.518949,-88.904482,0.041528,0.200
1254,75.718777,-88.896178,0.041528,0.200
1255,75.918604,-88.887875,0.041528,0.200
1256,76.118432,-88.879572,0.041528,0.200
1257,76.318259,-88.871269,0.041528,0.200
1258,76.518087,-88.862966,0.041528,0.200
1259,76.717915,-88.854662,0.041528,0.200
1260,76.917742,-88.846359,0.041528,0.200
1261,77.117570,-88.838056,0.041528,0.200
1262,77.317397,-88.829753,0.041528,0.200
1263,77.517225,-88.821449,0.041528,0.200
1264,77.717052,-88.813146,0.041528,0.200
1265,77.765216,-88.811145,0.094182,0.200
1266,77.964329,-88.792336,0.094182,0.200
1267,78.163443,-88.773528,0.094182,0.200
1268,78.362557,-88.754719,0.094182,0.200
1269,78.561670,-88.735911,0.094182,0.200
1270,78.760784,-88.717102,0.094182,0.200
1271,78.959898,-88.698294,0.094182,0.200
1272,79.059454,-88.688890,0.094182,0.200
1273,79.115097,-88.683634,0.184997,0.200
1274,79.213391,-88.665239,0.184997,0.200
1275,79.311685,-88.646845,0.184997,0.200
1276,79.409978,-88.628451,0.184997,0.200
1277,79.508272,-88.610056,0.184997,0.200
1278,79.606566,-88.591662,0.184997,0.200
1279,79.682655,-88.577423,0.050360,0.200
1280,79.782528,-88.572389,0.050360,0.200
1281,79.882401,-88.567355,0.050360,0.200
1282,79.982274,-88.562321,0.050360,0.200
1283,80.182021,-88.552253,0.050360,0.200
1284,80.381767,-88.542186,0.050360,0.200
1285,80.581514,-88.532118,0.050360,0.200
1286,80.781260,-88.522050,0.050360,0.200
1287,80.981007,-88.511982,0.050360,0.200
1288,81.180753,-88.501915,0.050360,0.200
1289,81.380499,-88.491847,0.050360,0.200
1290,81.580246,-88.481779,0.050360,0.200
1291,81.779992,-88.471711,0.050360,0.200
1292,81.979739,-88.461644,0.050360,0.200
1293,82.179485,-88.451576,0.050360,0.200
1294,82.379232,-88.441508,0.050360,0.200
1295,82.409578,-88.439978,0.097852,0.200
1296,82.608621,-88.420439,0.097852,0.200
1297,82.807664,-88.400900,0.097852,0.200
1298,83.006707,-88.381361,0.097852,0.200
1299,83.205751,-88.361822,0.097852,0.200
1300,83.404794,-88.342283,0.097852,0.200
1301,83.504316,-88.332513,0.097852,0.200
1302,83.596756,-88.323439,0.008586,0.200
1303,83.696752,-88.322580,0.008586,0.200
1304,83.796748,-88.321721,0.008586,0.200
1305,83.896745,-88.320863,0.008586,0.200
1306,84.096737,-88.319146,0.008586,0.200
1307,84.296730,-88.317428,0.008586,0.200
1308,84.496722,-88.315711,0.008586,0.200
1309,84.696715,-88.313994,0.008586,0.200
1310,84.896708,-88.312277,0.008586,0.200
1311,85.096700,-88.310559,0.008586,0.200
1312,85.296693,-88.308842,0.008586,0.200
1313,85.496686,-88.307125,0.008586,0.200
1314,85.631448,-88.305968,0.062703,0.200
1315,85.831055,-88.293435,0.062703,0.200
1316,86.030662,-88.280903,0.062703,0.200
1317,86.230269,-88.268370,0.062703,0.200
1318,86.429875,-88.255838,0.062703,0.200
1319,86.629482,-88.243306,0.062703,0.200
1320,86.829089,-88.230773,0.062703,0.200
1321,87.028696,-88.218241,0.062703,0.200
1322,87.228303,-88.205708,0.062703,0.200
1323,87.427910,-88.193176,0.062703,0.200
1324,87.627517,-88.180643,0.062703,0.200
1325,87.827124,-88.168111,0.062703,0.200
1326,88.026731,-88.155579,0.062703,0.200
1327,88.226338,-88.143046,0.062703,0.200
1328,88.425945,-88.130514,0.062703,0.200
1329,88.625552,-88.117981,0.062703,0.200
1330,88.825159,-88.105449,0.062703,0.200
1331,88.936146,-88.098481,0.103734,0.200
1332,89.135071,-88.077771,0.103734,0.200
1333,89.333996,-88.057062,0.103734,0.200
1334,89.532921,-88.036352,0.103734,0.200
1335,89.731846,-88.015642,0.103734,0.200
1336,89.930771,-87.994933,0.103734,0.200
1337,90.129695,-87.974223,0.103734,0.200
1338,90.284374,-87.958120,0.028808,0.200
1339,90.484291,-87.952359,0.028808,0.200
1340,90.684208,-87.946599,0.028808,0.200
1341,90.884125,-87.940838,0.028808,0.200
1342,91.084042,-87.935077,0.028808,0.200
1343,91.184001,-87.932196,0.153817,0.200
1344,91.287199,-87.916196,0.159387,0.200
1345,91.385931,-87.900325,0.159387,0.200
1346,91.484664,-87.884454,0.159387,0.200
1347,91.682129,-87.852711,0.159387,0.200
1348,91.879593,-87.820968,0.159387,0.200
1349,92.077058,-87.789226,0.159387,0.200
1350,92.274523,-87.757483,0.159387,0.200
1351,92.471988,-87.725740,0.159387,0.200
1352,92.669453,-87.693998,0.159387,0.200
1353,92.768186,-87.678126,0.159387,0.200
1354,92.866918,-87.662255,0.159387,0.200
1355,92.886865,-87.659049,0.042861,0.200
1356,92.986773,-87.654764,0.042861,0.200
1357,93.086681,-87.650479,0.042861,0.200
1358,93.186589,-87.646194,0.042861,0.200
1359,93.386405,-87.637625,0.042861,0.200
1360,93.486314,-87.633340,0.042861,0.200
1361,93.586222,-87.629055,0.042861,0.200
1362,93.601576,-87.628397,0.137579,0.200
1363,93.700631,-87.614682,0.137579,0.200
1364,93.799686,-87.600968,0.137579,0.200
1365,93.898741,-87.587253,0.137579,0.200
1366,94.096851,-87.559824,0.137579,0.200
1367,94.294962,-87.532395,0.137579,0.200
1368,94.493072,-87.504966,0.137579,0.200
1369,94.691182,-87.477537,0.137579,0.200
1370,94.889292,-87.450108,0.137579,0.200
1371,95.087402,-87.422679,0.137579,0.200
1372,95.285513,-87.395250,0.137579,0.200
1373,95.384568,-87.381535,0.137579,0.200
1374,95.483623,-87.367821,0.137579,0.200
1375,95.518435,-87.363001,-0.033676,0.200
1376,95.618378,-87.366368,-0.033676,0.200
1377,95.718321,-87.369735,-0.033676,0.200
1378,95.818265,-87.373102,-0.033676,0.200
1379,96.018151,-87.379835,-0.033676,0.200
1380,96.218038,-87.386569,-0.033676,0.200
1381,96.317981,-87.389936,-0.033676,0.200
1382,96.417925,-87.393303,-0.033676,0.200
1383,96.484270,-87.395538,0.074749,0.200
1384,96.583991,-87.388070,0.074749,0.200
1385,96.683712,-87.380602,0.074749,0.200
1386,96.783432,-87.373135,0.074749,0.200
1387,96.982874,-87.358199,0.074749,0.200
1388,97.182315,-87.343263,0.074749,0.200
1389,97.381757,-87.328327,0.074749,0.200
1390,97.581198,-87.313391,0.074749,0.200
1391,97.752482,-87.300564,0.029573,0.200
1392,97.952395,-87.294651,0.029573,0.200
1393,98.152308,-87.288737,0.029573,0.200
1394,98.352220,-87.282823,0.029573,0.200
1395,98.552133,-87.276909,0.029573,0.200
1396,98.752045,-87.270996,0.029573,0.200
1397,98.951958,-87.265082,0.029573,0.200
1398,99.151870,-87.259168,0.029573,0.200
1399,99.351783,-87.253255,0.029573,0.200
1400,99.551695,-87.247341,0.029573,0.200
1401,99.751608,-87.241427,0.029573,0.200
1402,99.774433,-87.240752,0.103244,0.200
1403,99.973368,-87.220140,0.103244,0.200
1404,100.172303,-87.199528,0.103244,0.200
1405,100.371238,-87.178916,0.103244,0.200
1406,100.570173,-87.158304,0.103244,0.200
1407,100.769108,-87.137691,0.103244,0.200
1408,100.968043,-87.117079,0.103244,0.200
1409,101.166978,-87.096467,0.103244,0.200
1410,101.365913,-87.075855,0.103244,0.200
1411,101.564848,-87.055243,0.103244,0.200
1412,101.763783,-87.034631,0.103244,0.200
1413,101.962718,-87.014019,0.103244,0.200
1414,102.161653,-86.993407,0.103244,0.200
1415,102.360588,-86.972795,0.103244,0.200
1416,102.559523,-86.952183,0.103244,0.200
1417,102.758458,-86.931571,0.103244,0.200
1418,102.957393,-86.910959,0.103244,0.200
1419,103.141515,-86.891881,0.153912,0.200
1420,103.339151,-86.861220,0.153912,0.200
1421,103.536787,-86.830559,0.153912,0.200
1422,103.734423,-86.799898,0.153912,0.200
1423,103.932059,-86.769237,0.153912,0.200
1424,104.129694,-86.738576,0.153912,0.200
1425,104.327330,-86.707915,0.153912,0.200
1426,104.524966,-86.677254,0.153912,0.200
1427,104.722602,-86.646593,0.153912,0.200
1428,104.920237,-86.615932,0.153912,0.200
1429,105.019055,-86.600601,0.153912,0.200
1430,105.078498,-86.591380,0.005879,0.200
1431,105.178497,-86.590792,0.005879,0.200
1432,105.278495,-86.590204,0.005879,0.200
1433,105.378493,-86.589616,0.005879,0.200
1434,105.578490,-86.588440,0.005879,0.200
1435,105.778486,-86.587264,0.005879,0.200
1436,105.878484,-86.586676,0.005879,0.200
1437,105.978483,-86.586088,0.005879,0.200
1438,106.037437,-86.585742,0.115190,0.200
1439,106.136774,-86.574248,0.115190,0.200
1440,106.236111,-86.562754,0.115190,0.200
1441,106.335448,-86.551261,0.115190,0.200
1442,106.534123,-86.528274,0.115190,0.200
1443,106.732798,-86.505287,0.115190,0.200
1444,106.931472,-86.482300,0.115190,0.200
1445,107.130147,-86.459313,0.115190,0.200
1446,107.328821,-86.436326,0.115190,0.200
1447,107.527496,-86.413338,0.115190,0.200
1448,107.726171,-86.390351,0.115190,0.200
1449,107.924845,-86.367364,0.115190,0.200
1450,108.123520,-86.344377,0.115190,0.200
1451,108.322194,-86.321390,0.115190,0.200
1452,108.520869,-86.298403,0.115190,0.200
1453,108.719544,-86.275416,0.115190,0.200
1454,108.768844,-86.269712,0.197574,0.200
1455,108.964953,-86.230454,0.197574,0.200
1456,109.161062,-86.191195,0.197574,0.200
1457,109.357171,-86.151937,0.197574,0.200
1458,109.455226,-86.132308,0.197574,0.200
1459,109.484483,-86.126451,0.088073,0.200
1460,109.584095,-86.117655,0.088073,0.200
1461,109.683708,-86.108859,0.088073,0.200
1462,109.783320,-86.100064,0.088073,0.200
1463,109.982545,-86.082472,0.088073,0.200
1464,110.181770,-86.064880,0.088073,0.200
1465,110.380995,-86.047288,0.088073,0.200
1466,110.580219,-86.029696,0.088073,0.200
1467,110.779444,-86.012105,0.088073,0.200
1468,110.978669,-85.994513,0.088073,0.200
1469,111.177894,-85.976921,0.088073,0.200
1470,111.377119,-85.959329,0.088073,0.200
1471,111.576343,-85.941738,0.088073,0.200
1472,111.775568,-85.924146,0.088073,0.200
1473,111.974793,-85.906554,0.088073,0.200
1474,112.074406,-85.897758,0.088073,0.200
1475,112.174018,-85.888962,0.088073,0.200
1476,112.196822,-85.886949,0.195009,0.200
1477,112.294927,-85.867571,0.195009,0.200
1478,112.393032,-85.848193,0.195009,0.200
1479,112.491136,-85.828816,0.195009,0.200
1480,112.687345,-85.790061,0.195009,0.200
1481,112.785450,-85.770683,0.195009,0.200
1482,112.826721,-85.762531,0.076142,0.200
1483,112.926432,-85.754924,0.076142,0.200
1484,113.026142,-85.747317,0.076142,0.200
1485,113.125852,-85.739711,0.076142,0.200
1486,113.225562,-85.732104,0.076142,0.200
1487,113.273324,-85.728460,0.256706,0.200
1488,113.370047,-85.703070,0.256706,0.200
1489,113.466770,-85.677681,0.256706,0.200
1490,113.563493,-85.652291,0.256706,0.200
1491,113.660216,-85.626902,0.256706,0.200
1492,113.691313,-85.618739,-0.171911,0.200
1493,113.789839,-85.635846,-0.171911,0.200
1494,113.888365,-85.652952,-0.171911,0.200
1495,113.986891,-85.670059,-0.171911,0.200
1496,114.085417,-85.687165,-0.171911,0.200
1497,114.183943,-85.704272,-0.171911,0.200
1498,114.198176,-85.706743,-0.034824,0.200
1499,114.298116,-85.710225,-0.034824,0.200
1500,114.398055,-85.713706,-0.034824,0.200
1501,114.497994,-85.717188,-0.034824,0.200
1502,114.697873,-85.724152,-0.034824,0.200
1503,114.897752,-85.731115,-0.034824,0.200
1504,115.097631,-85.738078,-0.034824,0.200
1505,115.297509,-85.745042,-0.034824,0.200
1506,115.497388,-85.752005,-0.034824,0.200
1507,115.597328,-85.755487,-0.034824,0.200
1508,115.655026,-85.757497,-0.181576,0.200
1509,115.753382,-85.775555,-0.181576,0.200
1510,115.851738,-85.793613,-0.181576,0.200
1511,115.950094,-85.811671,-0.181576,0.200
1512,116.048450,-85.829729,-0.181576,0.200
1513,116.139090,-85.846370,0.007322,0.200
1514,116.239087,-85.845638,0.007322,0.200
1515,116.339085,-85.844905,0.007322,0.200
1516,116.439082,-85.844173,0.007322,0.200
1517,116.639077,-85.842709,0.007322,0.200
1518,116.839071,-85.841244,0.007322,0.200
1519,116.978770,-85.840221,-0.052066,0.200
1520,117.178499,-85.850630,-0.052066,0.200
1521,117.378228,-85.861038,-0.052066,0.200
1522,117.577957,-85.871447,-0.052066,0.200
1523,117.777686,-85.881855,-0.052066,0.200
1524,117.977415,-85.892264,-0.052066,0.200
1525,118.177144,-85.902672,-0.052066,0.200
1526,118.376873,-85.913080,-0.052066,0.200
1527,118.476737,-85.918285,-0.052066,0.200
1528,118.576602,-85.923489,-0.052066,0.200
1529,118.661482,-85.927912,0.119149,0.200
1530,118.760773,-85.916025,0.119149,0.200
1531,118.860064,-85.904139,0.119149,0.200
1532,118.959355,-85.892252,0.119149,0.200
1533,119.058646,-85.880365,0.119149,0.200
1534,119.157937,-85.868479,0.119149,0.200
1535,119.197910,-85.863693,-0.075039,0.200
1536,119.297629,-85.871190,-0.075039,0.200
1537,119.397348,-85.878687,-0.075039,0.200
1538,119.497066,-85.886184,-0.075039,0.200
1539,119.696503,-85.901177,-0.075039,0.200
1540,119.796222,-85.908674,-0.075039,0.200
1541,119.828412,-85.911094,0.067961,0.200
1542,119.928181,-85.904303,0.067961,0.200
1543,120.027950,-85.897513,0.067961,0.200
1544,120.127720,-85.890722,0.067961,0.200
1545,120.161311,-85.888435,-0.117472,0.200
1546,120.260622,-85.900156,-0.117472,0.200
1547,120.359932,-85.911876,-0.117472,0.200
1548,120.459243,-85.923596,-0.117472,0.200
1549,120.657865,-85.947036,-0.117472,0.200
1550,120.757176,-85.958757,-0.117472,0.200
1551,120.849607,-85.969665,0.122562,0.200
1552,120.948857,-85.957439,0.122562,0.200
1553,121.048107,-85.945214,0.122562,0.200
1554,121.136813,-85.934287,-0.222957,0.200
1555,121.234338,-85.956399,-0.222957,0.200
1556,121.331863,-85.978510,-0.222957,0.200
1557,121.429388,-86.000621,-0.222957,0.200
1558,121.526912,-86.022733,-0.222957,0.200
1559,121.624437,-86.044844,-0.055625,0.200
1560,121.725849,-86.050491,-0.052974,0.200
1561,121.825709,-86.055786,-0.052974,0.200
1562,121.925568,-86.061081,-0.052974,0.200
1563,122.025428,-86.066376,-0.052974,0.200
1564,122.094989,-86.070064,-0.315722,0.200
1565,122.190046,-86.101115,-0.315722,0.200
1566,122.285104,-86.132165,-0.315722,0.200
1567,122.380161,-86.163215,-0.315722,0.200
1568,122.570275,-86.225316,-0.315722,0.200
1569,122.760390,-86.287417,-0.315722,0.200
1570,122.829136,-86.309872,-0.234209,0.200
1571,123.023675,-86.356287,-0.234209,0.200
1572,123.218215,-86.402702,-0.234209,0.200
1573,123.412754,-86.449116,-0.234209,0.200
1574,123.607294,-86.495531,-0.234209,0.200
1575,123.801834,-86.541946,-0.234209,0.200
1576,123.899104,-86.565153,-0.234209,0.200
1577,123.979345,-86.584298,-0.349690,0.200
1578,124.073293,-86.618558,-0.349690,0.200
1579,124.167241,-86.652819,-0.349690,0.200
1580,124.261189,-86.687080,-0.349690,0.200
1581,124.449085,-86.755601,-0.349690,0.200
1582,124.636980,-86.824122,-0.349690,0.200
1583,124.824876,-86.892644,-0.290066,0.200
1584,125.017321,-86.950085,-0.289817,0.200
1585,125.208981,-87.007241,-0.289817,0.200
1586,125.400640,-87.064396,-0.289817,0.200
1587,125.592299,-87.121551,-0.289817,0.200
1588,125.783958,-87.178707,-0.289817,0.200
1589,125.975618,-87.235862,-0.289817,0.200
1590,126.167277,-87.293017,-0.289817,0.200
1591,126.358936,-87.350172,-0.289817,0.200
1592,126.550595,-87.407328,-0.289817,0.200
1593,126.742255,-87.464483,-0.289817,0.200
1594,126.933914,-87.521638,-0.289817,0.200
1595,127.125573,-87.578794,-0.289817,0.200
1596,127.317232,-87.635949,-0.289817,0.200
1597,127.508892,-87.693104,-0.289817,0.200
1598,127.700551,-87.750259,-0.289817,0.200
1599,127.892210,-87.807415,-0.289817,0.200
1600,127.988040,-87.835992,-0.289817,0.200
1601,128.063282,-87.858431,-1.464600,0.200
1602,128.073882,-87.957867,-1.464600,0.200
1603,128.084482,-88.057304,-1.464600,0.200
1604,128.095081,-88.156740,-1.464600,0.200
1605,128.105681,-88.256177,-1.464600,0.200
1606,128.114290,-88.336938,-0.551296,0.200
1607,128.199475,-88.389317,-0.551296,0.200
1608,128.284659,-88.441696,-0.551296,0.200
1609,128.351317,-88.482684,-0.718704,0.200
1610,128.426583,-88.548525,-0.718704,0.200
1611,128.501849,-88.614366,-0.718704,0.200
1612,128.577115,-88.680207,-0.718704,0.200
1613,128.727647,-88.811889,-0.718704,0.200
1614,128.802913,-88.877729,-0.718704,0.200
1615,128.878179,-88.943570,-0.718704,0.200
1616,128.952341,-89.008445,-0.425830,0.200
1617,129.043410,-89.049753,-0.425830,0.200
1618,129.107230,-89.078701,-0.853880,0.200
1619,129.172936,-89.154084,-0.853880,0.200
1620,129.238643,-89.229468,-0.853880,0.200
1621,129.304349,-89.304851,-0.853880,0.200
1622,129.331235,-89.335697,-0.698875,0.200
1623,129.407792,-89.400033,-0.698875,0.200
1624,129.484348,-89.464368,-0.698875,0.200
1625,129.560905,-89.528704,-0.698875,0.200
1626,129.714018,-89.657375,-0.698875,0.200
1627,129.867131,-89.786047,-0.698875,0.200
1628,130.020245,-89.914718,-0.698875,0.200
1629,130.173358,-90.043390,-0.698875,0.200
1630,130.326471,-90.172061,-0.698875,0.200
1631,130.403028,-90.236397,-0.698875,0.200
1632,130.479584,-90.300732,-0.698875,0.200
1633,130.496489,-90.314939,-0.551360,0.200
1634,130.581670,-90.367323,-0.551360,0.200
1635,130.666852,-90.419708,-0.551360,0.200
1636,130.752033,-90.472092,-0.551360,0.200
1637,130.922395,-90.576862,-0.551360,0.200
1638,131.007577,-90.629246,-0.551360,0.200
1639,131.063060,-90.663367,-0.907190,0.200
1640,131.124656,-90.742145,-0.907190,0.200
1641,131.186253,-90.820923,-0.907190,0.200
1642,131.247849,-90.899700,-0.907190,0.200
1643,131.286749,-90.949451,-0.635474,0.200
1644,131.367228,-91.008807,-0.635474,0.200
1645,131.447707,-91.068163,-0.635474,0.200
1646,131.528186,-91.127519,-0.635474,0.200
1647,131.689144,-91.246231,-0.635474,0.200
1648,131.850103,-91.364943,-0.635474,0.200
1649,132.011061,-91.483654,-0.635474,0.200
1650,132.172019,-91.602366,-0.635474,0.200
1651,132.332977,-91.721078,-0.635474,0.200
1652,132.493935,-91.839790,-0.635474,0.200
1653,132.654893,-91.958502,-0.635474,0.200
1654,132.719834,-92.006398,-0.714651,0.200
1655,132.870898,-92.137469,-0.714651,0.200
1656,133.021963,-92.268539,-0.714651,0.200
1657,133.173027,-92.399610,-0.714651,0.200
1658,133.248559,-92.465145,-0.714651,0.200
1659,133.324092,-92.530681,-0.714651,0.200
1660,133.368816,-92.569486,-0.607638,0.200
1661,133.450916,-92.626579,-0.607638,0.200
1662,133.533016,-92.683672,-0.607638,0.200
1663,133.615116,-92.740765,-0.607638,0.200
1664,133.779316,-92.854951,-0.607638,0.200
1665,133.943515,-92.969137,-0.607638,0.200
1666,134.107715,-93.083323,-0.607638,0.200
1667,134.180734,-93.134101,-0.672852,0.200
1668,134.337143,-93.258745,-0.672852,0.200
1669,134.415348,-93.321067,-0.672852,0.200
1670,134.439367,-93.340208,-0.879338,0.200
1671,134.503133,-93.417240,-0.879338,0.200
1672,134.566899,-93.494272,-0.879338,0.200
1673,134.630666,-93.571303,-0.879338,0.200
1674,134.690397,-93.643461,-0.377586,0.200
1675,134.783353,-93.680329,-0.377586,0.200
1676,134.876309,-93.717197,-0.377586,0.200
1677,134.969264,-93.754064,-0.377586,0.200
1678,135.062220,-93.790932,-0.377586,0.200
1679,135.155176,-93.827800,-0.377586,0.200
1680,135.230488,-93.857670,-0.691980,0.200
1681,135.307486,-93.921476,-0.691980,0.200
1682,135.384485,-93.985283,-0.691980,0.200
1683,135.461483,-94.049089,-0.691980,0.200
1684,135.615480,-94.176701,-0.691980,0.200
1685,135.692478,-94.240508,-0.691980,0.200
1686,135.769477,-94.304314,-0.691980,0.200
1687,135.779014,-94.312217,-0.602683,0.200
1688,135.861396,-94.368902,-0.602683,0.200
1689,135.943777,-94.425588,-0.602683,0.200
1690,136.026159,-94.482273,-0.602683,0.200
1691,136.190923,-94.595644,-0.602683,0.200
1692,136.355686,-94.709015,-0.602683,0.200
1693,136.520450,-94.822386,-0.602683,0.200
1694,136.602832,-94.879072,-0.602683,0.200
1695,136.685213,-94.935757,-0.602683,0.200
1696,136.718225,-94.958471,-0.795008,0.200
1697,136.788253,-95.029858,-0.795008,0.200
1698,136.858281,-95.101245,-0.795008,0.200
1699,136.928308,-95.172632,-0.795008,0.200
1700,136.998336,-95.244019,-0.795008,0.200
1701,137.068364,-95.315406,-0.795008,0.200
1702,137.086119,-95.333506,-0.376209,0.200
1703,137.179126,-95.370245,-0.376209,0.200
1704,137.272132,-95.406985,-0.376209,0.200
1705,137.276796,-95.408827,-0.693428,0.200
1706,137.353702,-95.472745,-0.693428,0.200
1707,137.430608,-95.536663,-0.693428,0.200
1708,137.507514,-95.600581,-0.693428,0.200
1709,137.661325,-95.728416,-0.693428,0.200
1710,137.738231,-95.792334,-0.693428,0.200
1711,137.815137,-95.856252,-0.693428,0.200
1712,137.839981,-95.876900,-1.373342,0.200
1713,137.859598,-95.974956,-1.373342,0.200
1714,137.864051,-95.997212,-0.802060,0.200
1715,137.933573,-96.069091,-0.802060,0.200
1716,138.003096,-96.140970,-0.802060,0.200
1717,138.072619,-96.212848,-0.802060,0.200
1718,138.133715,-96.276015,-0.456438,0.200
1719,138.223478,-96.320091,-0.456438,0.200
1720,138.313241,-96.364166,-0.456438,0.200
1721,138.403004,-96.408241,-0.456438,0.200
1722,138.492767,-96.452317,-0.456438,0.200
1723,138.556070,-96.483400,-0.759231,0.200
1724,138.628606,-96.552236,-0.759231,0.200
1725,138.701143,-96.621073,-0.759231,0.200
1726,138.773679,-96.689909,-0.759231,0.200
1727,138.828797,-96.742215,-0.296816,0.200
1728,138.924424,-96.771463,-0.296816,0.200
1729,139.020052,-96.800711,-0.296816,0.200
1730,139.051087,-96.810203,-0.804739,0.200
1731,139.120417,-96.882268,-0.804739,0.200
1732,139.189747,-96.954333,-0.804739,0.200
1733,139.259076,-97.026398,-0.804739,0.200
1734,139.397736,-97.170527,-0.804739,0.200
1735,139.536396,-97.314657,-0.804739,0.200
1736,139.675056,-97.458787,-0.804739,0.200
1737,139.813716,-97.602917,-0.804739,0.200
1738,139.883046,-97.674982,-0.804739,0.200
1739,139.891999,-97.684289,-0.685239,0.200
1740,139.969426,-97.747575,-0.685239,0.200
1741,140.046853,-97.810860,-0.685239,0.200
1742,140.124280,-97.874146,-0.685239,0.200
1743,140.279133,-98.000718,-0.685239,0.200
1744,140.433987,-98.127289,-0.685239,0.200
1745,140.588841,-98.253861,-0.685239,0.200
1746,140.743694,-98.380432,-0.685239,0.200
1747,140.898548,-98.507004,-0.685239,0.200
1748,140.975975,-98.570290,-0.685239,0.200
1749,141.053402,-98.633575,-0.685239,0.200
1750,141.071507,-98.648374,-0.846594,0.200
1751,141.137761,-98.723277,-0.846594,0.200
1752,141.204015,-98.798180,-0.846594,0.200
1753,141.270269,-98.873083,-0.846594,0.200
1754,141.402777,-99.022888,-0.846594,0.200
1755,141.535284,-99.172694,-0.846594,0.200
1756,141.667792,-99.322499,-0.846594,0.200
1757,141.734046,-99.397402,-0.846594,0.200
1758,141.761001,-99.427876,-0.565701,0.200
1759,141.845423,-99.481477,-0.565701,0.200
1760,141.929844,-99.535078,-0.565701,0.200
1761,142.014265,-99.588679,-0.565701,0.200
1762,142.098686,-99.642280,-0.565701,0.200
1763,142.134911,-99.665279,-0.862714,0.200
1764,142.199949,-99.741240,-0.862714,0.200
1765,142.264986,-99.817201,-0.862714,0.200
1766,142.330024,-99.893162,-0.862714,0.200
1767,142.460100,-100.045084,-0.862714,0.200
1768,142.590175,-100.197007,-0.862714,0.200
1769,142.720251,-100.348929,-0.862714,0.200
1770,142.850327,-100.500851,-0.862714,0.200
1771,142.915365,-100.576812,-0.862714,0.200
1772,142.980402,-100.652773,-0.862714,0.200
1773,142.997083,-100.672255,-0.713499,0.200
1774,143.072690,-100.737703,-0.713499,0.200
1775,143.148298,-100.803151,-0.713499,0.200
1776,143.211617,-100.857962,-0.468671,0.200
1777,143.300834,-100.903132,-0.468671,0.200
1778,143.390051,-100.948302,-0.468671,0.200
1779,143.476107,-100.991872,-1.027605,0.200
1780,143.527794,-101.077479,-1.027605,0.200
1781,143.579481,-101.163085,-1.027605,0.200
1782,143.631168,-101.248691,-1.027605,0.200
1783,143.734542,-101.419904,-1.027605,0.200
1784,143.786230,-101.505511,-1.027605,0.200
1785,143.837917,-101.591117,-1.027605,0.200
1786,143.845655,-101.603933,-0.849503,0.200
1787,143.911690,-101.679028,-0.849503,0.200
1788,143.977726,-101.754124,-0.849503,0.200
1789,144.043762,-101.829219,-0.849503,0.200
1790,144.175833,-101.979409,-0.849503,0.200
1791,144.241868,-102.054505,-0.849503,0.200
1792,144.254072,-102.068383,-1.171461,0.200
1793,144.292953,-102.160515,-1.171461,0.200
1794,144.308440,-102.197213,-0.604741,0.200
1795,144.390705,-102.254068,-0.604741,0.200
1796,144.472970,-102.310923,-0.604741,0.200
1797,144.555235,-102.367778,-0.604741,0.200
1798,144.719764,-102.481488,-0.604741,0.200
1799,144.884294,-102.595197,-0.604741,0.200
1800,145.048824,-102.708907,-0.604741,0.200
1801,145.213354,-102.822617,-0.604741,0.200
1802,145.377884,-102.936327,-0.604741,0.200
1803,145.460149,-102.993182,-0.604741,0.200
1804,145.537377,-103.046555,-1.589060,0.200
1805,145.535550,-103.146539,-1.589060,0.200
1806,145.533724,-103.246522,-1.589060,0.200
1807,145.531898,-103.346505,-1.589060,0.200
1808,145.530072,-103.446489,-1.589060,0.200
1809,145.528245,-103.546472,-1.589060,0.200
1810,145.527851,-103.568080,-0.964573,0.200
1811,145.584827,-103.650261,-0.964573,0.200
1812,145.641804,-103.732441,-0.964573,0.200
1813,145.663820,-103.764197,-0.714183,0.200
1814,145.739383,-103.829697,-0.714183,0.200
1815,145.814946,-103.895197,-0.714183,0.200
1816,145.890509,-103.960697,-0.714183,0.200
1817,145.918096,-103.984610,-1.331480,0.200
1818,145.941800,-104.081760,-1.331480,0.200
1819,145.965504,-104.178910,-1.331480,0.200
1820,145.989208,-104.276060,-1.331480,0.200
1821,146.012912,-104.373210,-1.331480,0.200
1822,146.032370,-104.452961,-0.803397,0.200
1823,146.101797,-104.524933,-0.803397,0.200
1824,146.171224,-104.596905,-0.803397,0.200
1825,146.240650,-104.668877,-0.803397,0.200
1826,146.310077,-104.740849,-0.803397,0.200
1827,146.379503,-104.812820,-0.803397,0.200
1828,146.425923,-104.860942,-1.092895,0.200
1829,146.471915,-104.949739,-1.092895,0.200
1830,146.517907,-105.038535,-1.092895,0.200
1831,146.563898,-105.127331,-1.092895,0.200
1832,146.581936,-105.162156,-0.458546,0.200
1833,146.671606,-105.206421,-0.458546,0.200
1834,146.761275,-105.250685,-0.458546,0.200
1835,146.850161,-105.294563,-0.987083,0.200
1836,146.905274,-105.378005,-0.987083,0.200
1837,146.960386,-105.461447,-0.987083,0.200
1838,147.015499,-105.544889,-0.987083,0.200
1839,147.125724,-105.711774,-0.987083,0.200
1840,147.235949,-105.878658,-0.987083,0.200
1841,147.346175,-106.045542,-0.987083,0.200
1842,147.456400,-106.212427,-0.987083,0.200
1843,147.511512,-106.295869,-0.987083,0.200
1844,147.562659,-106.373307,-0.884913,0.200
1845,147.625995,-106.450693,-0.884913,0.200
1846,147.689331,-106.528079,-0.884913,0.200
1847,147.752666,-106.605465,-0.884913,0.200
1848,147.879338,-106.760237,-0.884913,0.200
1849,148.006009,-106.915009,-0.884913,0.200
1850,148.132681,-107.069781,-0.884913,0.200
1851,148.259352,-107.224552,-0.884913,0.200
1852,148.386024,-107.379324,-0.884913,0.200
1853,148.512695,-107.534096,-0.884913,0.200
1854,148.576031,-107.611482,-0.884913,0.200
1855,148.592051,-107.631057,-0.983163,0.200
1856,148.647490,-107.714282,-0.983163,0.200
1857,148.702929,-107.797508,-0.983163,0.200
1858,148.758369,-107.880733,-0.983163,0.200
1859,148.869247,-108.047184,-0.983163,0.200
1860,148.980126,-108.213635,-0.983163,0.200
1861,149.035565,-108.296861,-0.854757,0.200
1862,149.103561,-108.375010,-0.850121,0.200
1863,149.169551,-108.450146,-0.850121,0.200
1864,149.235540,-108.525282,-0.850121,0.200
1865,149.367518,-108.675554,-0.850121,0.200
1866,149.499497,-108.825826,-0.850121,0.200
1867,149.631475,-108.976098,-0.850121,0.200
1868,149.763453,-109.126370,-0.850121,0.200
1869,149.895432,-109.276642,-0.850121,0.200
1870,149.961421,-109.351778,-0.850121,0.200
1871,149.976803,-109.369292,-0.640523,0.200
1872,150.056981,-109.429053,-0.640523,0.200
1873,150.137159,-109.488815,-0.640523,0.200
1874,150.217338,-109.548576,-0.640523,0.200
1875,150.254901,-109.576574,-0.874344,0.200
1876,150.319051,-109.653286,-0.874344,0.200
1877,150.383201,-109.729999,-0.874344,0.200
1878,150.447351,-109.806711,-0.874344,0.200
1879,150.575651,-109.960135,-0.874344,0.200
1880,150.639801,-110.036848,-0.874344,0.200
1881,150.647207,-110.045703,-1.176000,0.200
1882,150.685669,-110.138010,-1.176000,0.200
1883,150.724131,-110.230318,-1.176000,0.200
1884,150.750472,-110.293535,-0.891595,0.200
1885,150.813289,-110.371343,-0.891595,0.200
1886,150.876106,-110.449150,-0.891595,0.200
1887,150.938923,-110.526958,-0.891595,0.200
1888,150.999866,-110.602443,-0.845209,0.200
1889,151.132581,-110.752065,-0.845209,0.200
1890,151.265296,-110.901687,-0.845209,0.200
1891,151.398011,-111.051309,-0.845209,0.200
1892,151.449906,-111.109815,-0.760232,0.200
1893,151.594841,-111.247633,-0.760232,0.200
1894,151.739776,-111.385451,-0.760232,0.200
1895,151.884712,-111.523269,-0.760232,0.200
1896,151.957179,-111.592178,-0.760232,0.200
1897,152.020417,-111.652311,-1.169558,0.200
1898,152.059473,-111.744369,-1.169558,0.200
1899,152.098529,-111.836426,-1.169558,0.200
1900,152.137585,-111.928484,-1.169558,0.200
1901,152.148719,-111.954729,-0.863804,0.200
1902,152.213674,-112.030761,-0.863804,0.200
1903,152.278629,-112.106793,-0.863804,0.200
1904,152.343584,-112.182825,-0.863804,0.200
1905,152.473494,-112.334888,-0.863804,0.200
1906,152.538449,-112.410920,-0.863804,0.200
1907,152.603404,-112.486952,-0.863804,0.200
1908,152.626053,-112.513463,-1.015612,0.200
1909,152.678763,-112.598443,-1.015612,0.200
1910,152.731473,-112.683423,-1.015612,0.200
1911,152.784183,-112.768403,-1.015612,0.200
1912,152.889603,-112.938364,-1.015612,0.200
1913,152.995023,-113.108325,-1.015612,0.200
1914,153.047733,-113.193305,-1.015612,0.200
1915,153.100443,-113.278285,-1.015612,0.200
1916,153.103925,-113.283899,-1.136780,0.200
1917,153.145976,-113.374627,-1.136780,0.200
1918,153.188028,-113.465355,-1.136780,0.200
1919,153.230080,-113.556084,-1.136780,0.200
1920,153.272132,-113.646812,-1.136780,0.200
1921,153.290227,-113.685853,-0.909825,0.200
1922,153.351616,-113.764793,-0.909825,0.200
1923,153.413004,-113.843733,-0.909825,0.200
1924,153.474392,-113.922672,-0.909825,0.200
1925,153.597169,-114.080552,-0.909825,0.200
1926,153.719946,-114.238431,-0.909825,0.200
1927,153.781334,-114.317370,-0.909825,0.200
1928,153.842723,-114.396310,-0.909825,0.200
1929,153.847640,-114.402633,-1.169881,0.200
1930,153.886666,-114.494703,-1.169881,0.200
1931,153.925692,-114.586773,-1.169881,0.200
1932,153.964718,-114.678844,-1.169881,0.200
1933,154.042770,-114.862985,-1.169881,0.200
1934,154.120823,-115.047125,-1.169881,0.200
1935,154.159849,-115.139196,-1.169881,0.200
1936,154.195431,-115.223141,-0.904984,0.200
1937,154.257201,-115.301783,-0.904984,0.200
1938,154.318970,-115.380424,-0.904984,0.200
1939,154.380740,-115.459066,-0.904984,0.200
1940,154.442510,-115.537707,-0.904984,0.200
1941,154.464431,-115.565616,-1.521301,0.200
1942,154.469379,-115.665493,-1.521301,0.200
1943,154.474326,-115.765371,-1.521301,0.200
1944,154.479274,-115.865248,-1.521301,0.200
1945,154.480041,-115.880732,-0.822001,0.200
1946,154.548116,-115.953983,-0.822001,0.200
1947,154.616192,-116.027234,-0.822001,0.200
1948,154.684268,-116.100485,-0.822001,0.200
1949,154.820419,-116.246987,-0.822001,0.200
1950,154.956571,-116.393489,-0.822001,0.200
1951,155.024646,-116.466740,-0.822001,0.200
1952,155.060677,-116.505510,-1.110949,0.200
1953,155.105058,-116.595122,-1.110949,0.200
1954,155.149439,-116.684734,-1.110949,0.200
1955,155.193820,-116.774346,-1.110949,0.200
1956,155.282583,-116.953570,-1.110949,0.200
1957,155.326964,-117.043182,-1.110949,0.200
1958,155.371345,-117.132794,-1.110949,0.200
1959,155.412207,-117.215300,-0.980961,0.200
1960,155.467829,-117.298403,-0.980961,0.200
1961,155.523452,-117.381506,-0.980961,0.200
1962,155.579074,-117.464609,-0.980961,0.200
1963,155.690319,-117.630816,-0.980961,0.200
1964,155.801564,-117.797022,-0.980961,0.200
1965,155.857186,-117.880125,-0.980961,0.200
1966,155.912809,-117.963229,-0.980961,0.200
1967,155.946486,-118.013545,-1.148136,0.200
1968,155.987505,-118.104745,-1.148136,0.200
1969,156.028524,-118.195945,-1.148136,0.200
1970,156.069542,-118.287145,-1.148136,0.200
1971,156.151580,-118.469545,-1.148136,0.200
1972,156.233618,-118.651945,-1.148136,0.200
1973,156.315655,-118.834345,-1.148136,0.200
1974,156.397693,-119.016746,-1.148136,0.200
1975,156.479730,-119.199146,-1.148136,0.200
1976,156.561768,-119.381546,-1.148136,0.200
1977,156.643806,-119.563946,-1.148136,0.200
1978,156.725843,-119.746346,-1.148136,0.200
1979,156.766862,-119.837547,-1.148136,0.200
1980,156.807881,-119.928747,-1.148136,0.200
1981,156.832030,-119.982439,-0.990109,0.200
1982,156.886890,-120.066048,-0.990109,0.200
1983,156.941750,-120.149656,-0.990109,0.200
1984,156.983193,-120.212818,-1.296277,0.200
1985,157.010302,-120.309074,-1.296277,0.200
1986,157.037410,-120.405329,-1.296277,0.200
1987,157.064519,-120.501585,-1.296277,0.200
1988,157.118736,-120.694096,-1.296277,0.200
1989,157.172953,-120.886607,-1.296277,0.200
1990,157.200061,-120.982863,-1.296277,0.200
1991,157.213571,-121.030834,-1.646532,0.200
1992,157.206005,-121.130548,-1.646532,0.200
1993,157.198439,-121.230261,-1.646532,0.200
1994,157.197412,-121.243787,-1.053388,0.200
1995,157.246875,-121.330697,-1.053388,0.200
1996,157.296338,-121.417607,-1.053388,0.200
1997,157.345801,-121.504518,-1.053388,0.200
1998,157.444727,-121.678338,-1.053388,0.200
1999,157.543653,-121.852159,-1.053388,0.200
2000,157.642579,-122.025980,-1.053388,0.200
2001,157.692042,-122.112890,-1.053388,0.200
2002,157.741505,-122.199801,-1.053388,0.200
2003,157.769361,-122.248746,-1.654049,0.200
2004,157.761045,-122.348400,-1.654049,0.200
2005,157.754951,-122.421434,-1.290346,0.200
2006,157.782630,-122.517527,-1.290346,0.200
2007,157.810308,-122.613620,-1.290346,0.200
2008,157.837987,-122.709713,-1.290346,0.200
2009,157.844708,-122.733047,-1.170228,0.200
2010,157.883702,-122.825131,-1.170228,0.200
2011,157.922697,-122.917214,-1.170228,0.200
2012,157.961691,-123.009298,-1.170228,0.200
2013,158.039679,-123.193466,-1.170228,0.200
2014,158.117668,-123.377634,-1.170228,0.200
2015,158.195656,-123.561802,-1.170228,0.200
2016,158.273645,-123.745970,-1.170228,0.200
2017,158.351633,-123.930138,-1.170228,0.200
2018,158.429621,-124.114306,-1.170228,0.200
2019,158.468616,-124.206390,-1.170228,0.200
2020,158.486980,-124.249757,-1.461589,0.200
2021,158.497879,-124.349161,-1.461589,0.200
2022,158.508778,-124.448565,-1.461589,0.200
2023,158.519677,-124.547970,-1.461589,0.200
2024,158.530576,-124.647374,-1.461589,0.200
2025,158.532553,-124.665404,-1.113968,0.200
2026,158.576664,-124.755150,-1.113968,0.200
2027,158.620774,-124.844896,-1.113968,0.200
2028,158.664884,-124.934641,-1.113968,0.200
2029,158.753105,-125.114132,-1.113968,0.200
2030,158.841326,-125.293624,-1.113968,0.200
2031,158.885437,-125.383369,-1.113968,0.200
2032,158.929547,-125.473115,-1.113968,0.200
2033,158.939315,-125.492989,-1.281531,0.200
2034,158.967840,-125.588834,-1.281531,0.200
2035,158.996365,-125.684679,-1.281531,0.200
2036,159.001254,-125.701109,-1.698230,0.200
2037,158.988545,-125.800298,-1.698230,0.200
2038,158.975836,-125.899487,-1.698230,0.200
2039,158.963128,-125.998676,-1.698230,0.200
2040,158.959440,-126.027460,-1.174864,0.200
2041,158.998006,-126.119723,-1.174864,0.200
2042,159.036573,-126.211987,-1.174864,0.200
2043,159.075140,-126.304251,-1.174864,0.200
2044,159.152274,-126.488778,-1.174864,0.200
2045,159.190840,-126.581042,-1.174864,0.200
2046,159.229407,-126.673306,-1.174864,0.200
2047,159.247138,-126.715723,-1.467129,0.200
2048,159.257486,-126.815186,-1.467129,0.200
2049,159.267834,-126.914650,-1.467129,0.200
2050,159.278183,-127.014113,-1.467129,0.200
2051,159.288531,-127.113576,-1.467129,0.200
2052,159.296086,-127.186195,-1.223136,0.200
2053,159.330156,-127.280212,-1.223136,0.200
2054,159.364226,-127.374229,-1.223136,0.200
2055,159.398296,-127.468247,-1.223136,0.200
2056,159.466436,-127.656281,-1.223136,0.200
2057,159.500506,-127.750298,-1.223136,0.200
2058,159.504667,-127.761782,-1.425185,0.200
2059,159.519177,-127.860724,-1.425185,0.200
2060,159.533686,-127.959665,-1.425185,0.200
2061,159.545372,-128.039348,-0.542244,0.200
2062,159.631027,-128.090954,-0.542244,0.200
2063,159.655662,-128.105796,-1.311189,0.200
2064,159.681332,-128.202445,-1.311189,0.200
2065,159.693124,-128.246843,-1.603180,0.200
2066,159.689886,-128.346791,-1.603180,0.200
2067,159.686649,-128.446738,-1.603180,0.200
2068,159.683411,-128.546686,-1.603180,0.200
2069,159.680173,-128.646633,-1.603180,0.200
2070,159.677236,-128.737303,-1.496863,0.200
2071,159.684622,-128.837030,-1.496863,0.200
2072,159.692009,-128.936757,-1.496863,0.200
2073,159.699395,-129.036483,-1.496863,0.200
2074,159.714169,-129.235937,-1.496863,0.200
2075,159.721555,-129.335664,-1.496863,0.200
2076,159.728327,-129.427087,-1.348795,0.200
2077,159.750345,-129.524633,-1.348795,0.200
2078,159.772363,-129.622178,-1.348795,0.200
2079,159.794382,-129.719724,-1.348795,0.200
2080,159.838418,-129.914816,-1.348795,0.200
2081,159.882455,-130.109908,-1.348795,0.200
2082,159.926491,-130.305000,-1.348795,0.200
2083,159.970528,-130.500091,-1.348795,0.200
2084,160.014564,-130.695183,-1.348795,0.200
2085,160.058601,-130.890275,-1.348795,0.200
2086,160.102637,-131.085366,-1.348795,0.200
2087,160.124656,-131.182912,-1.348795,0.200
2088,160.140443,-131.252855,-1.452933,0.200
2089,160.152202,-131.352161,-1.452933,0.200
2090,160.163961,-131.451467,-1.452933,0.200
2091,160.175720,-131.550773,-1.452933,0.200
2092,160.199238,-131.749386,-1.452933,0.200
2093,160.222756,-131.947998,-1.452933,0.200
2094,160.246274,-132.146611,-1.452933,0.200
2095,160.258033,-132.245917,-1.452933,0.200
2096,160.269792,-132.345223,-1.307351,0.200
2097,160.296780,-132.445282,-1.302021,0.200
2098,160.323335,-132.541691,-1.302021,0.200
2099,160.349890,-132.638101,-1.302021,0.200
2100,160.403000,-132.830920,-1.302021,0.200
2101,160.456110,-133.023740,-1.302021,0.200
2102,160.509220,-133.216559,-1.302021,0.200
2103,160.562330,-133.409379,-1.302021,0.200
2104,160.588885,-133.505788,-1.302021,0.200
2105,160.602953,-133.556860,-1.474960,0.200
2106,160.612522,-133.656402,-1.474960,0.200
2107,160.622091,-133.755943,-1.474960,0.200
2108,160.631659,-133.855484,-1.474960,0.200
2109,160.641228,-133.955025,-1.474960,0.200
2110,160.650797,-134.054566,-1.366731,0.200
2111,160.671749,-134.155810,-1.363048,0.200
2112,160.692375,-134.253660,-1.363048,0.200
2113,160.713001,-134.351510,-1.363048,0.200
2114,160.754252,-134.547209,-1.363048,0.200
2115,160.795504,-134.742909,-1.363048,0.200
2116,160.836755,-134.938608,-1.363048,0.200
2117,160.878007,-135.134308,-1.363048,0.200
2118,160.919258,-135.330007,-1.363048,0.200
2119,160.960510,-135.525707,-1.363048,0.200
2120,160.981136,-135.623557,-1.363048,0.200
2121,161.001761,-135.721406,-1.363048,0.200
2122,161.008326,-135.752547,-1.483430,0.200
2123,161.017051,-135.852166,-1.483430,0.200
2124,161.025777,-135.951784,-1.483430,0.200
2125,161.034502,-136.051403,-1.483430,0.200
2126,161.043228,-136.151022,-1.483430,0.200
2127,161.051953,-136.250640,-1.483430,0.200
2128,161.052759,-136.259844,-1.345190,0.200
2129,161.075129,-136.357310,-1.345190,0.200
2130,161.097499,-136.454776,-1.345190,0.200
2131,161.119869,-136.552241,-1.345190,0.200
2132,161.142238,-136.649707,-1.345190,0.200
2133,161.146395,-136.667820,-1.506887,0.200
2134,161.152782,-136.767616,-1.506887,0.200
2135,161.159169,-136.867412,-1.506887,0.200
2136,161.165555,-136.967207,-1.506887,0.200
2137,161.178329,-137.166799,-1.506887,0.200
2138,161.191102,-137.366391,-1.506887,0.200
2139,161.203875,-137.565983,-1.506887,0.200
2140,161.205435,-137.590352,-1.430645,0.200
2141,161.233373,-137.788391,-1.430645,0.200
2142,161.261312,-137.986430,-1.430645,0.200
2143,161.289250,-138.184469,-1.430645,0.200
2144,161.317189,-138.382508,-1.430645,0.200
2145,161.345128,-138.580547,-1.430645,0.200
2146,161.373066,-138.778586,-1.430645,0.200
2147,161.401005,-138.976625,-1.430645,0.200
2148,161.428944,-139.174664,-1.430645,0.200
2149,161.456882,-139.372703,-1.430645,0.200
2150,161.484821,-139.570742,-1.430645,0.200
2151,161.512760,-139.768781,-1.430645,0.200
2152,161.540698,-139.966820,-1.430645,0.200
2153,161.568637,-140.164859,-1.430645,0.200
2154,161.582606,-140.263878,-1.430645,0.200
2155,161.584042,-140.274053,-1.325986,0.200
2156,161.608279,-140.371072,-1.325986,0.200
2157,161.632516,-140.468090,-1.325986,0.200
2158,161.656753,-140.565108,-1.325986,0.200
2159,161.705228,-140.759145,-1.325986,0.200
2160,161.729465,-140.856163,-1.325986,0.200
2161,161.753702,-140.953182,-1.325986,0.200
2162,161.757201,-140.967188,-1.468380,0.200
2163,161.767425,-141.066664,-1.468380,0.200
2164,161.777649,-141.166140,-1.468380,0.200
2165,161.787872,-141.265616,-1.468380,0.200
2166,161.808320,-141.464568,-1.468380,0.200
2167,161.818544,-141.564044,-1.468380,0.200
2168,161.824914,-141.626029,-1.206433,0.200
2169,161.860550,-141.719464,-1.206433,0.200
2170,161.896185,-141.812899,-1.206433,0.200
2171,161.931821,-141.906334,-1.206433,0.200
2172,161.967456,-141.999769,-1.206433,0.200
2173,161.987492,-142.052303,-1.700155,0.200
2174,161.974592,-142.151467,-1.700155,0.200
2175,161.961692,-142.250632,-1.700155,0.200
2176,161.948792,-142.349796,-1.700155,0.200
2177,161.935893,-142.448961,-1.700155,0.200
2178,161.922993,-142.548125,-1.700155,0.200
2179,161.912604,-142.627991,-1.368005,0.200
2180,161.932744,-142.725941,-1.368005,0.200
2181,161.952884,-142.823892,-1.368005,0.200
2182,161.973025,-142.921843,-1.368005,0.200
2183,161.993165,-143.019794,-1.368005,0.200
2184,162.010051,-143.101918,-1.459914,0.200
2185,162.021117,-143.201304,-1.459914,0.200
2186,162.032182,-143.300690,-1.459914,0.200
2187,162.043248,-143.400076,-1.459914,0.200
2188,162.065379,-143.598848,-1.459914,0.200
2189,162.087510,-143.797619,-1.459914,0.200
2190,162.109641,-143.996391,-1.459914,0.200
2191,162.120706,-144.095777,-1.459914,0.200
2192,162.131772,-144.195163,-1.459914,0.200
2193,162.135291,-144.226772,-1.871482,0.200
2194,162.105674,-144.322285,-1.871482,0.200
2195,162.076056,-144.417799,-1.871482,0.200
2196,162.046439,-144.513312,-1.871482,0.200
2197,162.021684,-144.593142,-0.807383,0.200
2198,162.090823,-144.665390,-0.807383,0.200
2199,162.107247,-144.682552,-1.251469,0.200
2200,162.138640,-144.777497,-1.251469,0.200
2201,162.170033,-144.872441,-1.251469,0.200
2202,162.201425,-144.967386,-1.251469,0.200
2203,162.264211,-145.157275,-1.251469,0.200
2204,162.326996,-145.347165,-1.251469,0.200
2205,162.358389,-145.442109,-1.251469,0.200
2206,162.372322,-145.484247,-1.661995,0.200
2207,162.363214,-145.583832,-1.661995,0.200
2208,162.354107,-145.683416,-1.661995,0.200
2209,162.348200,-145.748011,-1.481307,0.200
2210,162.357137,-145.847611,-1.481307,0.200
2211,162.366074,-145.947211,-1.481307,0.200
2212,162.375011,-146.046811,-1.481307,0.200
2213,162.392885,-146.246010,-1.481307,0.200
2214,162.410759,-146.445210,-1.481307,0.200
2215,162.428633,-146.644410,-1.481307,0.200
2216,162.446507,-146.843609,-1.481307,0.200
2217,162.464381,-147.042809,-1.481307,0.200
2218,162.468288,-147.086357,-1.423336,0.200
2219,162.497674,-147.284186,-1.423336,0.200
2220,162.527059,-147.482016,-1.423336,0.200
2221,162.556444,-147.679845,-1.423336,0.200
2222,162.585830,-147.877675,-1.423336,0.200
2223,162.615215,-148.075504,-1.423336,0.200
2224,162.644600,-148.273334,-1.423336,0.200
2225,162.673986,-148.471163,-1.423336,0.200
2226,162.703371,-148.668993,-1.423336,0.200
2227,162.732756,-148.866822,-1.423336,0.200
2228,162.762142,-149.064652,-1.423336,0.200
2229,162.791527,-149.262481,-1.423336,0.200
2230,162.820912,-149.460311,-1.423336,0.200
2231,162.850298,-149.658140,-1.423336,0.200
2232,162.879683,-149.855970,-1.423336,0.200
2233,162.909068,-150.053799,-1.423336,0.200
2234,162.938454,-150.251629,-1.423336,0.200
2235,162.967839,-150.449458,-1.423336,0.200
2236,162.997225,-150.647288,-1.423336,0.200
2237,162.999251,-150.660932,-1.501543,0.200
2238,163.013091,-150.860453,-1.501543,0.200
2239,163.026930,-151.059973,-1.501543,0.200
2240,163.040770,-151.259494,-1.501543,0.200
2241,163.054609,-151.459014,-1.501543,0.200
2242,163.061529,-151.558775,-1.501543,0.200
2243,163.068449,-151.658535,-1.501543,0.200
2244,163.071073,-151.696368,-1.365239,0.200
2245,163.091484,-151.794263,-1.365239,0.200
2246,163.111896,-151.892158,-1.365239,0.200
2247,163.132307,-151.990053,-1.365239,0.200
2248,163.173130,-152.185842,-1.365239,0.200
2249,163.213952,-152.381632,-1.365239,0.200
2250,163.254775,-152.577421,-1.365239,0.200
2251,163.269898,-152.649954,-1.418699,0.200
2252,163.300200,-152.847645,-1.418699,0.200
2253,163.330503,-153.045336,-1.418699,0.200
2254,163.360805,-153.243027,-1.418699,0.200
2255,163.391107,-153.440718,-1.418699,0.200
2256,163.421410,-153.638409,-1.418699,0.200
2257,163.451712,-153.836100,-1.418699,0.200
2258,163.482014,-154.033792,-1.418699,0.200
2259,163.512316,-154.231483,-1.418699,0.200
2260,163.542619,-154.429174,-1.418699,0.200
2261,163.572921,-154.626865,-1.418699,0.200
2262,163.603223,-154.824556,-1.418699,0.200
2263,163.633526,-155.022247,-1.418699,0.200
2264,163.663828,-155.219938,-1.418699,0.200
2265,163.694130,-155.417629,-1.418699,0.200
2266,163.724433,-155.615320,-1.418699,0.200
2267,163.754735,-155.813011,-1.418699,0.200
2268,163.785037,-156.010703,-1.418699,0.200
2269,163.815340,-156.208394,-1.418699,0.200
2270,163.845642,-156.406085,-1.418699,0.200
2271,163.860793,-156.504930,-1.418699,0.200
2272,163.875944,-156.603776,-1.418699,0.200
2273,163.889064,-156.689372,-0.728976,0.200
2274,163.963650,-156.755982,-0.728976,0.200
2275,164.038236,-156.822593,-0.728976,0.200
2276,164.112822,-156.889204,-0.728976,0.200
2277,164.187407,-156.955814,-0.728976,0.200
2278,164.206032,-156.972447,-1.322849,0.200
2279,164.230573,-157.069389,-1.322849,0.200
2280,164.255115,-157.166331,-1.322849,0.200
2281,164.262087,-157.193872,-1.695674,0.200
2282,164.249632,-157.293094,-1.695674,0.200
2283,164.238104,-157.384923,-1.378032,0.200
2284,164.257262,-157.483070,-1.378032,0.200
2285,164.276419,-157.581218,-1.378032,0.200
2286,164.284416,-157.622192,-1.848893,0.200
2287,164.256964,-157.718350,-1.848893,0.200
2288,164.229511,-157.814508,-1.848893,0.200
2289,164.202059,-157.910666,-1.848893,0.200
2290,164.147154,-158.102982,-1.848893,0.200
2291,164.119701,-158.199140,-1.848893,0.200
2292,164.092248,-158.295298,-1.848893,0.200
2293,164.083363,-158.326420,-1.679523,0.200
2294,164.072512,-158.425829,-1.679523,0.200
2295,164.061661,-158.525239,-1.679523,0.200
2296,164.051040,-158.622539,-1.459677,0.200
2297,164.062129,-158.721923,-1.459677,0.200
2298,164.073218,-158.821306,-1.459677,0.200
2299,164.084307,-158.920689,-1.459677,0.200
2300,164.106485,-159.119456,-1.459677,0.200
2301,164.117574,-159.218839,-1.321097,0.200
2302,164.142309,-159.315830,-1.320965,0.200
2303,164.167033,-159.412725,-1.320965,0.200
2304,164.191757,-159.509620,-1.320965,0.200
2305,164.216481,-159.606516,-1.320965,0.200
2306,164.241205,-159.703411,-1.320965,0.200
2307,164.261217,-159.781836,-1.468546,0.200
2308,164.271424,-159.881314,-1.468546,0.200
2309,164.281631,-159.980792,-1.468546,0.200
2310,164.291838,-160.080269,-1.468546,0.200
2311,164.312253,-160.279225,-1.468546,0.200
2312,164.327626,-160.429050,-1.491644,0.200
2313,164.343440,-160.628424,-1.491644,0.200
2314,164.359254,-160.827798,-1.491644,0.200
2315,164.375067,-161.027172,-1.491644,0.200
2316,164.390881,-161.226546,-1.491644,0.200
2317,164.406695,-161.425919,-1.491644,0.200
2318,164.422509,-161.625293,-1.491644,0.200
2319,164.430416,-161.724980,-1.491644,0.200
2320,164.435323,-161.786848,-1.587634,0.200
2321,164.433639,-161.886834,-1.587634,0.200
2322,164.431956,-161.986820,-1.587634,0.200
2323,164.430272,-162.086806,-1.587634,0.200
2324,164.426905,-162.286778,-1.587634,0.200
2325,164.425221,-162.386763,-1.587634,0.200
2326,164.425086,-162.394768,-1.285862,0.200
2327,164.453196,-162.490736,-1.285862,0.200
2328,164.481305,-162.586704,-1.285862,0.200
2329,164.509415,-162.682672,-1.285862,0.200
2330,164.565633,-162.874609,-1.285862,0.200
2331,164.593743,-162.970577,-1.285862,0.200
2332,164.621852,-163.066545,-1.285862,0.200
2333,164.634860,-163.110953,-1.636410,0.200
2334,164.628303,-163.210738,-1.636410,0.200
2335,164.621746,-163.310523,-1.636410,0.200
2336,164.615190,-163.410308,-1.636410,0.200
2337,164.608633,-163.510093,-1.636410,0.200
2338,164.602077,-163.609877,-1.636410,0.200
2339,164.599362,-163.651196,-1.447352,0.200
2340,164.611675,-163.750435,-1.447352,0.200
2341,164.623988,-163.849674,-1.447352,0.200
2342,164.636170,-163.947859,-1.356411,0.200
2343,164.657445,-164.045570,-1.356411,0.200
2344,164.678720,-164.143281,-1.356411,0.200
2345,164.699994,-164.240992,-1.356411,0.200
2346,164.742544,-164.436413,-1.356411,0.200
2347,164.763818,-164.534124,-1.356411,0.200
2348,164.785093,-164.631834,-1.356411,0.200
2349,164.796607,-164.684713,-1.534369,0.200
2350,164.800248,-164.784647,-1.534369,0.200
2351,164.803890,-164.884581,-1.534369,0.200
2352,164.807532,-164.984514,-1.534369,0.200
2353,164.811174,-165.084448,-1.534369,0.200
2354,164.814752,-165.182607,-1.383260,0.200
2355,164.833396,-165.280853,-1.383260,0.200
2356,164.852040,-165.379100,-1.383260,0.200
2357,164.870683,-165.477346,-1.383260,0.200
2358,164.907971,-165.673840,-1.383260,0.200
2359,164.945259,-165.870333,-1.383260,0.200
2360,164.982547,-166.066826,-1.383260,0.200
2361,165.019835,-166.263320,-1.383260,0.200
2362,165.057123,-166.459813,-1.383260,0.200
2363,165.094411,-166.656306,-1.383260,0.200
2364,165.107825,-166.726995,-1.453068,0.200
2365,165.131316,-166.925610,-1.453068,0.200
2366,165.154808,-167.124226,-1.453068,0.200
2367,165.178299,-167.322842,-1.453068,0.200
2368,165.201790,-167.521457,-1.453068,0.200
2369,165.225281,-167.720073,-1.453068,0.200
2370,165.248773,-167.918688,-1.453068,0.200
2371,165.272264,-168.117304,-1.453068,0.200
2372,165.295755,-168.315920,-1.453068,0.200
2373,165.319247,-168.514535,-1.453068,0.200
2374,165.342738,-168.713151,-1.453068,0.200
2375,165.366229,-168.911766,-1.453068,0.200
2376,165.389720,-169.110382,-1.453068,0.200
2377,165.413212,-169.308998,-1.453068,0.200
2378,165.436703,-169.507613,-1.453068,0.200
2379,165.451512,-169.632824,-1.372630,0.200
2380,165.490887,-169.828910,-1.372630,0.200
2381,165.530261,-170.024996,-1.372630,0.200
2382,165.569636,-170.221082,-1.372630,0.200
2383,165.609010,-170.417168,-1.372630,0.200
2384,165.648384,-170.613253,-1.372630,0.200
2385,165.668072,-170.711296,-1.372630,0.200
2386,165.683226,-170.786766,-1.540450,0.200
2387,165.686260,-170.886720,-1.540450,0.200
2388,165.689294,-170.986674,-1.540450,0.200
2389,165.692329,-171.086628,-1.540450,0.200
2390,165.698397,-171.286536,-1.540450,0.200
2391,165.704466,-171.486444,-1.540450,0.200
2392,165.707500,-171.586398,-1.540450,0.200
2393,165.710534,-171.686352,-1.540450,0.200
2394,165.712751,-171.759373,-1.392370,0.200
2395,165.730499,-171.857786,-1.392370,0.200
2396,165.748247,-171.956198,-1.392370,0.200
2397,165.765995,-172.054610,-1.392370,0.200
2398,165.783743,-172.153023,-1.392370,0.200
2399,165.801491,-172.251435,-1.392370,0.200
2400,165.811751,-172.308325,-1.491564,0.200
2401,165.819666,-172.408011,-1.491564,0.200
2402,165.827581,-172.507698,-1.491564,0.200
2403,165.835496,-172.607384,-1.491564,0.200
2404,165.851326,-172.806756,-1.491564,0.200
2405,165.867155,-173.006129,-1.491564,0.200
2406,165.882985,-173.205502,-1.491564,0.200
2407,165.898815,-173.404874,-1.491564,0.200
2408,165.914645,-173.604247,-1.491564,0.200
2409,165.930475,-173.803619,-1.491564,0.200
2410,165.946305,-174.002992,-1.491564,0.200
2411,165.962134,-174.202364,-1.491564,0.200
2412,165.977964,-174.401737,-1.491564,0.200
2413,165.985879,-174.501423,-1.491564,0.200
2414,165.993794,-174.601109,-1.491564,0.200
2415,165.996238,-174.631885,-1.344211,0.200
2416,166.018703,-174.729329,-1.344211,0.200
2417,166.041168,-174.826773,-1.344211,0.200
2418,166.063633,-174.924217,-1.344211,0.200
2419,166.086098,-175.021661,-1.344211,0.200
2420,166.108564,-175.119105,-1.344211,0.200
2421,166.127558,-175.201496,-1.469552,0.200
2422,166.137666,-175.300983,-1.469552,0.200
2423,166.147773,-175.400471,-1.469552,0.200
2424,166.157880,-175.499959,-1.469552,0.200
2425,166.178094,-175.698935,-1.469552,0.200
2426,166.198309,-175.897911,-1.469552,0.200
2427,166.218523,-176.096887,-1.469552,0.200
2428,166.238737,-176.295863,-1.469552,0.200
2429,166.258951,-176.494838,-1.469552,0.200
2430,166.279166,-176.693814,-1.469552,0.200
2431,166.299380,-176.892790,-1.469552,0.200
2432,166.319594,-177.091766,-1.469552,0.200
2433,166.339809,-177.290742,-1.469552,0.200
2434,166.360023,-177.489718,-1.469552,0.200
2435,166.380237,-177.688693,-1.469552,0.200
2436,166.400452,-177.887669,-1.469552,0.200
2437,166.420666,-178.086645,-1.469552,0.200
2438,166.430773,-178.186133,-1.469552,0.200
2439,166.440880,-178.285621,-1.469552,0.200
2440,166.443756,-178.313926,-1.303393,0.200
2441,166.470179,-178.410372,-1.303393,0.200
2442,166.496601,-178.506818,-1.303393,0.200
2443,166.523024,-178.603264,-1.303393,0.200
2444,166.547999,-178.694424,-1.442929,0.200
2445,166.560751,-178.793607,-1.442929,0.200
2446,166.573502,-178.892791,-1.442929,0.200
2447,166.586254,-178.991974,-1.442929,0.200
2448,166.611758,-179.190342,-1.442929,0.200
2449,166.637262,-179.388709,-1.442929,0.200
2450,166.662766,-179.587076,-1.442929,0.200
2451,166.688270,-179.785443,-1.442929,0.200
2452,166.713774,-179.983810,-1.442929,0.200
2453,166.739278,-180.182178,-1.442929,0.200
2454,166.752030,-180.281361,-1.442929,0.200
2455,166.753123,-180.289864,-1.302798,0.200
2456,166.779603,-180.386294,-1.302798,0.200
2457,166.806083,-180.482724,-1.302798,0.200
2458,166.832563,-180.579154,-1.302798,0.200
2459,166.859043,-180.675585,-1.302798,0.200
2460,166.885523,-180.772015,-1.302798,0.200
2461,166.906671,-180.849026,-1.014006,0.200
2462,166.959518,-180.933922,-1.014006,0.200
2463,167.012364,-181.018818,-1.014006,0.200
2464,167.039346,-181.062162,-1.414092,0.200
2465,167.054952,-181.160937,-1.414092,0.200
2466,167.070558,-181.259712,-1.414092,0.200
2467,167.086165,-181.358487,-1.414092,0.200
2468,167.087932,-181.369671,-1.569215,0.200
2469,167.088090,-181.469671,-1.569215,0.200
2470,167.088248,-181.569671,-1.569215,0.200
2471,167.088406,-181.669671,-1.569215,0.200
2472,167.088722,-181.869671,-1.569215,0.200
2473,167.089039,-182.069671,-1.569215,0.200
2474,167.089355,-182.269670,-1.569215,0.200
2475,167.089513,-182.369670,-1.569215,0.200
2476,167.089528,-182.379066,-1.386249,0.200
2477,167.107878,-182.477368,-1.386249,0.200
2478,167.126228,-182.575670,-1.386249,0.200
2479,167.144578,-182.673972,-1.386249,0.200
2480,167.181279,-182.870576,-1.386249,0.200
2481,167.199629,-182.968877,-1.386249,0.200
2482,167.217979,-183.067179,-1.386249,0.200
2483,167.220662,-183.081555,-1.263075,0.200
2484,167.250951,-183.176858,-1.263075,0.200
2485,167.281240,-183.272160,-1.263075,0.200
2486,167.311529,-183.367463,-1.263075,0.200
2487,167.341817,-183.462766,-1.263075,0.200
2488,167.372106,-183.558068,-1.263075,0.200
2489,167.377583,-183.575300,-1.520237,0.200
2490,167.382636,-183.675172,-1.520237,0.200
2491,167.387690,-183.775044,-1.520237,0.200
2492,167.392744,-183.874916,-1.520237,0.200
2493,167.402852,-184.074661,-1.520237,0.200
2494,167.412959,-184.274405,-1.520237,0.200
2495,167.423067,-184.474150,-1.520237,0.200
2496,167.433174,-184.673894,-1.520237,0.200
2497,167.443282,-184.873639,-1.520237,0.200
2498,167.448336,-184.973511,-1.520237,0.200
2499,167.450588,-185.018025,-1.407716,0.200
2500,167.466824,-185.116698,-1.407716,0.200
2501,167.483060,-185.215372,-1.407716,0.200
2502,167.499296,-185.314045,-1.407716,0.200
2503,167.531767,-185.511391,-1.407716,0.200
2504,167.564239,-185.708737,-1.407716,0.200
2505,167.580475,-185.807411,-1.407716,0.200
2506,167.588555,-185.856518,-1.268333,0.200
2507,167.618342,-185.951978,-1.268333,0.200
2508,167.648129,-186.047439,-1.268333,0.200
2509,167.675536,-186.135270,-1.532429,0.200
2510,167.679372,-186.235196,-1.532429,0.200
2511,167.683208,-186.335123,-1.532429,0.200
2512,167.687043,-186.435049,-1.532429,0.200
2513,167.694715,-186.634902,-1.532429,0.200
2514,167.698551,-186.734828,-1.532429,0.200
2515,167.700958,-186.797539,-1.370456,0.200
2516,167.720858,-186.895539,-1.370456,0.200
2517,167.740758,-186.993539,-1.370456,0.200
2518,167.760659,-187.091539,-1.370456,0.200
2519,167.780559,-187.189538,-1.370456,0.200
2520,167.800459,-187.287538,-1.501736,0.200
2521,167.807458,-187.388723,-1.503619,0.200
2522,167.814171,-187.488497,-1.503619,0.200
2523,167.820884,-187.588272,-1.503619,0.200
2524,167.834309,-187.787821,-1.503619,0.200
2525,167.841021,-187.887595,-1.503619,0.200
2526,167.847734,-187.987370,-1.503619,0.200
2527,167.852583,-188.059441,-1.363719,0.200
2528,167.873143,-188.157304,-1.363719,0.200
2529,167.893703,-188.255168,-1.363719,0.200
2530,167.914263,-188.353031,-1.363719,0.200
2531,167.955383,-188.548759,-1.363719,0.200
2532,167.975943,-188.646622,-1.363719,0.200
2533,167.996503,-188.744486,-1.533090,0.200
2534,168.000435,-188.848716,-1.540456,0.200
2535,168.003469,-188.948670,-1.540456,0.200
2536,168.006503,-189.048624,-1.540456,0.200
2537,168.009536,-189.148578,-1.540456,0.200
2538,168.011439,-189.211279,-1.399036,0.200
2539,168.028531,-189.309808,-1.399036,0.200
2540,168.045623,-189.408336,-1.399036,0.200
2541,168.062714,-189.506865,-1.399036,0.200
2542,168.096898,-189.703922,-1.399036,0.200
2543,168.113989,-189.802451,-1.399036,0.200
2544,168.130302,-189.896491,-1.511777,0.200
2545,168.136201,-189.996317,-1.511777,0.200
2546,168.142099,-190.096143,-1.511777,0.200
2547,168.147998,-190.195969,-1.511777,0.200
2548,168.159795,-190.395621,-1.511777,0.200
2549,168.165693,-190.495446,-1.511777,0.200
2550,168.167732,-190.529945,-1.342597,0.200
2551,168.190354,-190.627352,-1.342597,0.200
2552,168.212976,-190.724760,-1.342597,0.200
2553,168.235599,-190.822167,-1.342597,0.200
2554,168.280844,-191.016982,-1.342597,0.200
2555,168.326088,-191.211797,-1.342597,0.200
2556,168.348711,-191.309205,-1.342597,0.200
2557,168.355580,-191.338782,-1.589573,0.200
2558,168.353702,-191.438764,-1.589573,0.200
2559,168.351824,-191.538747,-1.589573,0.200
2560,168.349947,-191.638729,-1.589573,0.200
2561,168.348069,-191.738711,-1.589573,0.200
2562,168.346192,-191.838694,-1.589573,0.200
2563,168.345091,-191.897329,-1.361536,0.200
2564,168.365864,-191.995147,-1.361536,0.200
2565,168.386638,-192.092966,-1.361536,0.200
2566,168.407412,-192.190784,-1.361536,0.200
2567,168.448959,-192.386421,-1.361536,0.200
2568,168.490506,-192.582058,-1.361536,0.200
2569,168.532054,-192.777695,-1.361536,0.200
2570,168.573601,-192.973332,-1.361536,0.200
2571,168.615148,-193.168969,-1.361536,0.200
2572,168.635922,-193.266788,-1.361536,0.200
2573,168.638330,-193.278126,-1.583621,0.200
2574,168.637048,-193.378118,-1.583621,0.200
2575,168.635765,-193.478110,-1.583621,0.200
2576,168.634483,-193.578102,-1.583621,0.200
2577,168.633200,-193.678093,-1.583621,0.200
2578,168.631918,-193.778085,-1.583621,0.200
2579,168.630694,-193.873514,-1.393968,0.200
2580,168.648285,-193.971955,-1.393968,0.200
2581,168.665876,-194.070395,-1.393968,0.200
2582,168.683466,-194.168836,-1.393968,0.200
2583,168.718648,-194.365717,-1.393968,0.200
2584,168.753830,-194.562599,-1.393968,0.200
2585,168.789011,-194.759480,-1.393968,0.200
2586,168.824193,-194.956361,-1.393968,0.200
2587,168.841784,-195.054802,-1.393968,0.200
2588,168.859375,-195.153243,-1.393968,0.200
2589,168.871915,-195.223419,-1.527061,0.200
2590,168.876287,-195.323323,-1.527061,0.200
2591,168.880659,-195.423227,-1.527061,0.200
2592,168.885031,-195.523132,-1.527061,0.200
2593,168.893776,-195.722940,-1.527061,0.200
2594,168.902520,-195.922749,-1.527061,0.200
2595,168.906200,-196.006841,-1.441627,0.200
2596,168.931962,-196.205175,-1.441627,0.200
2597,168.957725,-196.403509,-1.441627,0.200
2598,168.983487,-196.601843,-1.441627,0.200
2599,169.009249,-196.800177,-1.441627,0.200
2600,169.035011,-196.998511,-1.441627,0.200
2601,169.060773,-197.196844,-1.441627,0.200
2602,169.086535,-197.395178,-1.441627,0.200
2603,169.112297,-197.593512,-1.441627,0.200
2604,169.138059,-197.791846,-1.441627,0.200
2605,169.163821,-197.990180,-1.441627,0.200
2606,169.189584,-198.188514,-1.441627,0.200
2607,169.215346,-198.386847,-1.441627,0.200
2608,169.228227,-198.486014,-1.301871,0.200
2609,169.255846,-198.586227,-1.296313,0.200
2610,169.282951,-198.682484,-1.296313,0.200
2611,169.310056,-198.778741,-1.296313,0.200
2612,169.333916,-198.863473,-1.495840,0.200
2613,169.341404,-198.963192,-1.495840,0.200
2614,169.348893,-199.062912,-1.495840,0.200
2615,169.356381,-199.162631,-1.495840,0.200
2616,169.371359,-199.362069,-1.495840,0.200
2617,169.386336,-199.561508,-1.495840,0.200
2618,169.393824,-199.661227,-1.495840,0.200
2619,169.401313,-199.760946,-1.495840,0.200
2620,169.401688,-199.765942,-1.225013,0.200
2621,169.435581,-199.860023,-1.225013,0.200
2622,169.469475,-199.954104,-1.225013,0.200
2623,169.485137,-199.997579,-1.411644,0.200
2624,169.500985,-200.096315,-1.411644,0.200
2625,169.516833,-200.195051,-1.411644,0.200
2626,169.532681,-200.293787,-1.411644,0.200
2627,169.548530,-200.392523,-1.411644,0.200
2628,169.564378,-200.491260,-1.411644,0.200
2629,169.568165,-200.514853,-1.582820,0.200
2630,169.566962,-200.614846,-1.582820,0.200
2631,169.565760,-200.714838,-1.582820,0.200
2632,169.564558,-200.814831,-1.582820,0.200
2633,169.563647,-200.890609,-1.411060,0.200
2634,169.579552,-200.989336,-1.411060,0.200
2635,169.595458,-201.088063,-1.411060,0.200
2636,169.611364,-201.186790,-1.411060,0.200
2637,169.643176,-201.384243,-1.411060,0.200
2638,169.674987,-201.581697,-1.411060,0.200
2639,169.690893,-201.680424,-1.411060,0.200
2640,169.706799,-201.779151,-1.411060,0.200
2641,169.713893,-201.823180,-1.638913,0.200
2642,169.707086,-201.922948,-1.638913,0.200
2643,169.700280,-202.022717,-1.638913,0.200
2644,169.693473,-202.122485,-1.638913,0.200
2645,169.689322,-202.183329,-1.235306,0.200
2646,169.722246,-202.277754,-1.235306,0.200
2647,169.755169,-202.372179,-1.235306,0.200
2648,169.788092,-202.466604,-1.235306,0.200
2649,169.821015,-202.561029,-1.235306,0.200
2650,169.844323,-202.627877,-1.352827,0.200
2651,169.865948,-202.725511,-1.352827,0.200
2652,169.887573,-202.823145,-1.352827,0.200
2653,169.909198,-202.920779,-1.352827,0.200
2654,169.952447,-203.116047,-1.352827,0.200
2655,169.995697,-203.311314,-1.352827,0.200
2656,170.017322,-203.408948,-1.352827,0.200
2657,170.038946,-203.506582,-1.352827,0.200
2658,170.060305,-203.603016,-1.562718,0.200
2659,170.061113,-203.703012,-1.562718,0.200
2660,170.061921,-203.803009,-1.562718,0.200
2661,170.062729,-203.903006,-1.562718,0.200
2662,170.063536,-204.003003,-1.190906,0.200
2663,170.101409,-204.097855,-1.182573,0.200
2664,170.139264,-204.190413,-1.182573,0.200
2665,170.177118,-204.282971,-1.182573,0.200
2666,170.252827,-204.468088,-1.182573,0.200
2667,170.290682,-204.560646,-1.182573,0.200
2668,170.321721,-204.636540,-1.493961,0.200
2669,170.329397,-204.736245,-1.493961,0.200
2670,170.337073,-204.835950,-1.493961,0.200
2671,170.344749,-204.935655,-1.493961,0.200
2672,170.360101,-205.135065,-1.493961,0.200
2673,170.367777,-205.234770,-1.493961,0.200
2674,170.370320,-205.267800,-1.276501,0.200
2675,170.399326,-205.363501,-1.276501,0.200
2676,170.428333,-205.459202,-1.276501,0.200
2677,170.457340,-205.554902,-1.276501,0.200
2678,170.515353,-205.746304,-1.276501,0.200
2679,170.544359,-205.842004,-1.276501,0.200
2680,170.573366,-205.937705,-1.276501,0.200
2681,170.590408,-205.993932,-1.593766,0.200
2682,170.588111,-206.093906,-1.593766,0.200
2683,170.585814,-206.193879,-1.593766,0.200
2684,170.584513,-206.250527,-2.493827,0.200
2685,170.504769,-206.310867,-2.493827,0.200
2686,170.425026,-206.371208,-2.493827,0.200
2687,170.345283,-206.431549,-2.493827,0.200
2688,170.265539,-206.491889,-2.493827,0.200
2689,170.226690,-206.521286,-3.034431,0.200
2690,170.127263,-206.531982,-3.034431,0.200
2691,170.027837,-206.542678,-3.034431,0.200
2692,169.928411,-206.553373,-3.034431,0.200
2693,169.729558,-206.574765,-3.034431,0.200
2694,169.630131,-206.585460,-3.034431,0.200
2695,169.530705,-206.596156,-3.034431,0.200
2696,169.522119,-206.597080,-2.295153,0.200
2697,169.455854,-206.671972,-2.295153,0.200
2698,169.396341,-206.739233,-1.789975,0.200
2699,169.376519,-206.828220,-2.314069,0.200
2700,169.308848,-206.901846,-2.314069,0.200
2701,169.241178,-206.975472,-2.314069,0.200
2702,169.173508,-207.049097,-2.314069,0.200
2703,169.105838,-207.122723,-2.314069,0.200
2704,169.038168,-207.196349,-1.967462,0.200
2705,168.998528,-207.290984,-1.958049,0.200
2706,168.960764,-207.383579,-1.958049,0.200
2707,168.922999,-207.476174,-1.958049,0.200
2708,168.885234,-207.568769,-1.743737,0.200
2709,168.867823,-207.668443,-1.741161,0.200
2710,168.850869,-207.766995,-1.741161,0.200
2711,168.847000,-207.789485,-1.063308,0.200
2712,168.895598,-207.876882,-1.063308,0.200
2713,168.944196,-207.964279,-1.063308,0.200
2714,168.992795,-208.051675,-1.063308,0.200
2715,169.016224,-208.093810,-0.790838,0.200
2716,169.086549,-208.164904,-0.790838,0.200
2717,169.156874,-208.235998,-0.790838,0.200
2718,169.227199,-208.307092,-0.790838,0.200
2719,169.297524,-208.378187,-0.484822,0.200
2720,169.387912,-208.425799,-0.477988,0.200
2721,169.476704,-208.471798,-0.477988,0.200
2722,169.565496,-208.517797,-0.477988,0.200
2723,169.654288,-208.563797,-0.477988,0.200
2724,169.743081,-208.609796,0.211701,0.200
2725,169.844451,-208.588009,0.242492,0.200
2726,169.937204,-208.565066,0.915688,0.200
2727,169.998128,-208.485768,0.187868,0.200
2728,170.097998,-208.466782,0.172995,0.200
2729,170.196505,-208.449569,0.172995,0.200
2730,170.295012,-208.432355,0.172995,0.200
2731,170.492027,-208.397929,0.172995,0.200
2732,170.689042,-208.363502,0.172995,0.200
2733,170.886056,-208.329075,0.172995,0.200
2734,171.083071,-208.294649,0.172995,0.200
2735,171.280086,-208.260222,0.172995,0.200
2736,171.378593,-208.243009,0.172995,0.200
2737,171.385705,-208.241766,0.990015,0.200
2738,171.440572,-208.158163,0.990015,0.200
2739,171.495440,-208.074559,0.990015,0.200
2740,171.514143,-208.046062,-0.258361,0.200
2741,171.610824,-208.071611,-0.258361,0.200
2742,171.688097,-208.092032,0.019165,0.200
2743,171.788079,-208.090116,0.019165,0.200
2744,171.888061,-208.088200,0.019165,0.200
2745,171.988042,-208.086283,0.019165,0.200
2746,172.188006,-208.082451,0.019165,0.200
2747,172.387969,-208.078618,0.019165,0.200
2748,172.587932,-208.074785,0.019165,0.200
2749,172.787895,-208.070952,0.019165,0.200
2750,172.987859,-208.067120,0.019165,0.200
2751,173.187822,-208.063287,0.019165,0.200
2752,173.387785,-208.059454,0.019165,0.200
2753,173.587748,-208.055622,0.019165,0.200
2754,173.787712,-208.051789,0.019165,0.200
2755,173.987675,-208.047956,0.019165,0.200
2756,174.187638,-208.044123,0.019165,0.200
2757,174.387602,-208.040291,0.019165,0.200
2758,174.587565,-208.036458,0.019165,0.200
2759,174.787528,-208.032625,0.019165,0.200
2760,174.887510,-208.030709,0.019165,0.200
2761,174.911514,-208.030249,0.125622,0.200
2762,175.010726,-208.017720,0.125622,0.200
2763,175.109938,-208.005190,0.125622,0.200
2764,175.209150,-207.992661,0.125622,0.200
2765,175.407574,-207.967603,0.125622,0.200
2766,175.605998,-207.942545,0.125622,0.200
2767,175.804422,-207.917486,0.125622,0.200
2768,176.002846,-207.892428,0.125622,0.200
2769,176.201270,-207.867370,0.125622,0.200
2770,176.399694,-207.842311,0.125622,0.200
2771,176.598118,-207.817253,0.125622,0.200
2772,176.796542,-207.792194,0.125622,0.200
2773,176.994966,-207.767136,0.125622,0.200
2774,177.193390,-207.742078,0.125622,0.200
2775,177.391814,-207.717019,0.125622,0.200
2776,177.590238,-207.691961,0.125622,0.200
2777,177.689450,-207.679432,0.125622,0.200
2778,177.772524,-207.668941,-1.728742,0.200
2779,177.756795,-207.767696,-1.728742,0.200
2780,177.741066,-207.866451,-1.728742,0.200
2781,177.725337,-207.965206,-1.728742,0.200
2782,177.693879,-208.162717,-1.728742,0.200
2783,177.678150,-208.261472,-1.728742,0.200
2784,177.662421,-208.360227,-1.728742,0.200
2785,177.658088,-208.387430,0.223351,0.200
2786,177.755604,-208.365280,0.223351,0.200
2787,177.853120,-208.343130,0.223351,0.200
2788,177.950636,-208.320981,0.223351,0.200
2789,178.145668,-208.276681,0.223351,0.200
2790,178.340701,-208.232381,0.223351,0.200
2791,178.535733,-208.188082,0.223351,0.200
2792,178.730765,-208.143782,0.223351,0.200
2793,178.925797,-208.099482,0.223351,0.200
2794,179.120829,-208.055183,0.223351,0.200
2795,179.315861,-208.010883,0.223351,0.200
2796,179.510894,-207.966584,0.223351,0.200
2797,179.705926,-207.922284,0.223351,0.200
2798,179.900958,-207.877984,0.223351,0.200
2799,180.095990,-207.833685,0.223351,0.200
2800,180.291022,-207.789385,0.223351,0.200
2801,180.486054,-207.745085,0.223351,0.200
2802,180.681087,-207.700786,0.223351,0.200
2803,180.876119,-207.656486,0.223351,0.200
2804,181.071151,-207.612186,0.223351,0.200
2805,181.266183,-207.567887,0.223351,0.200
2806,181.461215,-207.523587,0.223351,0.200
2807,181.656247,-207.479287,0.223351,0.200
2808,181.851279,-207.434988,0.223351,0.200
2809,182.046312,-207.390688,0.223351,0.200
2810,182.241344,-207.346389,0.223351,0.200
2811,182.436376,-207.302089,0.223351,0.200
2812,182.631408,-207.257789,0.223351,0.200
2813,182.826440,-207.213490,0.223351,0.200
2814,183.021472,-207.169190,0.223351,0.200
2815,183.216505,-207.124890,0.223351,0.200
2816,183.411537,-207.080591,0.223351,0.200
2817,183.606569,-207.036291,0.223351,0.200
2818,183.801601,-206.991991,0.223351,0.200
2819,183.996633,-206.947692,0.223351,0.200
2820,184.191665,-206.903392,0.223351,0.200
2821,184.386697,-206.859093,0.223351,0.200
2822,184.581730,-206.814793,0.223351,0.200
2823,184.776762,-206.770493,0.223351,0.200
2824,184.971794,-206.726194,0.223351,0.200
2825,185.166826,-206.681894,0.223351,0.200
2826,185.264342,-206.659744,0.223351,0.200
2827,185.361858,-206.637594,0.223351,0.200
2828,185.448185,-206.617986,0.113172,0.200
2829,185.547545,-206.606693,0.113172,0.200
2830,185.646905,-206.595400,0.113172,0.200
2831,185.746266,-206.584107,0.113172,0.200
2832,185.944986,-206.561521,0.113172,0.200
2833,186.143707,-206.538934,0.113172,0.200
2834,186.342427,-206.516348,0.113172,0.200
2835,186.541148,-206.493762,0.113172,0.200
2836,186.739868,-206.471176,0.113172,0.200
2837,186.938589,-206.448590,0.113172,0.200
2838,187.137310,-206.426003,0.113172,0.200
2839,187.236670,-206.414710,0.113172,0.200
2840,187.310132,-206.406361,0.249965,0.200
2841,187.407024,-206.381624,0.249965,0.200
2842,187.503916,-206.356887,0.249965,0.200
2843,187.600808,-206.332150,0.249965,0.200
2844,187.697700,-206.307413,0.249965,0.200
2845,187.722987,-206.300957,0.002381,0.200
2846,187.822987,-206.300719,0.002381,0.200
2847,187.922987,-206.300481,0.002381,0.200
2848,187.960660,-206.300391,0.169456,0.200
2849,188.059228,-206.283526,0.169456,0.200
2850,188.157795,-206.266662,0.169456,0.200
2851,188.256363,-206.249797,0.169456,0.200
2852,188.453498,-206.216068,0.169456,0.200
2853,188.650634,-206.182339,0.169456,0.200
2854,188.847769,-206.148609,0.169456,0.200
2855,189.044904,-206.114880,0.169456,0.200
2856,189.242040,-206.081151,0.169456,0.200
2857,189.439175,-206.047422,0.169456,0.200
2858,189.636310,-206.013692,0.169456,0.200
2859,189.833446,-205.979963,0.169456,0.200
2860,189.964569,-205.957528,0.219056,0.200
2861,190.159790,-205.914067,0.219056,0.200
2862,190.355010,-205.870605,0.219056,0.200
2863,190.550231,-205.827143,0.219056,0.200
2864,190.745452,-205.783681,0.219056,0.200
2865,190.843062,-205.761951,0.219056,0.200
2866,190.940672,-205.740220,0.219056,0.200
2867,191.014777,-205.723722,0.332728,0.200
2868,191.109293,-205.691060,0.332728,0.200
2869,191.203808,-205.658397,0.332728,0.200
2870,191.298324,-205.625735,0.332728,0.200
2871,191.392839,-205.593073,0.332728,0.200
2872,191.410740,-205.586887,-0.042556,0.200
2873,191.510649,-205.591141,-0.042556,0.200
2874,191.610559,-205.595396,-0.042556,0.200
2875,191.679517,-205.598332,0.159235,0.200
2876,191.778252,-205.582476,0.159235,0.200
2877,191.876986,-205.566619,0.159235,0.200
2878,191.975721,-205.550763,0.159235,0.200
2879,192.173191,-205.519050,0.159235,0.200
2880,192.271926,-205.503194,0.159235,0.200
2881,192.370661,-205.487338,0.159235,0.200
2882,192.463875,-205.472368,0.319859,0.200
2883,192.558803,-205.440925,0.319859,0.200
2884,192.653731,-205.409481,0.319859,0.200
2885,192.748659,-205.378038,0.319859,0.200
2886,192.843587,-205.346595,0.319859,0.200
2887,192.894903,-205.329597,-0.087582,0.200
2888,192.994520,-205.338344,-0.087582,0.200
2889,193.094137,-205.347091,-0.087582,0.200
2890,193.112385,-205.348694,0.335262,0.200
2891,193.206818,-205.315792,0.335262,0.200
2892,193.301250,-205.282890,0.335262,0.200
2893,193.395683,-205.249989,0.335262,0.200
2894,193.490115,-205.217087,0.335262,0.200
2895,193.584548,-205.184185,0.335262,0.200
2896,193.613894,-205.173961,0.084548,0.200
2897,193.713537,-205.165516,0.084548,0.200
2898,193.813180,-205.157071,0.084548,0.200
2899,193.912823,-205.148627,0.084548,0.200
2900,194.012466,-205.140182,0.304975,0.200
2901,194.111593,-205.108977,0.313775,0.200
2902,194.206711,-205.078112,0.313775,0.200
2903,194.301828,-205.047246,0.313775,0.200
2904,194.492063,-204.985516,0.313775,0.200
2905,194.682299,-204.923786,0.313775,0.200
2906,194.872534,-204.862055,0.313775,0.200
2907,194.967651,-204.831190,0.313775,0.200
2908,195.062769,-204.800325,0.313775,0.200
2909,195.106964,-204.785984,0.180781,0.200
2910,195.205334,-204.768004,0.180781,0.200
2911,195.303705,-204.750024,0.180781,0.200
2912,195.402075,-204.732044,0.180781,0.200
2913,195.475697,-204.718588,-0.059592,0.200
2914,195.575519,-204.724544,-0.059592,0.200
2915,195.672562,-204.730333,0.376607,0.200
2916,195.765554,-204.693557,0.376607,0.200
2917,195.858546,-204.656780,0.376607,0.200
2918,195.951537,-204.620003,0.376607,0.200
2919,196.003585,-204.599419,-0.158977,0.200
2920,196.102324,-204.615250,-0.158977,0.200
2921,196.159592,-204.624432,0.213633,0.200
2922,196.257319,-204.603231,0.213633,0.200
2923,196.340135,-204.585264,0.266696,0.200
2924,196.533064,-204.532555,0.266696,0.200
2925,196.725994,-204.479846,0.266696,0.200
2926,196.918923,-204.427137,0.266696,0.200
2927,197.111852,-204.374428,0.266696,0.200
2928,197.304782,-204.321718,0.266696,0.200
2929,197.497711,-204.269009,0.266696,0.200
2930,197.690640,-204.216300,0.266696,0.200
2931,197.883570,-204.163591,0.266696,0.200
2932,198.076499,-204.110881,0.266696,0.200
2933,198.269429,-204.058172,0.266696,0.200
2934,198.462358,-204.005463,0.266696,0.200
2935,198.655287,-203.952754,0.266696,0.200
2936,198.719789,-203.935132,0.198677,0.200
2937,198.915855,-203.895657,0.198677,0.200
2938,199.111920,-203.856182,0.198677,0.200
2939,199.307986,-203.816708,0.198677,0.200
2940,199.406019,-203.796971,0.198677,0.200
2941,199.504052,-203.777233,-0.019112,0.200
2942,199.604226,-203.779148,-0.019538,0.200
2943,199.704207,-203.781102,-0.019538,0.200
2944,199.804187,-203.783055,-0.019538,0.200
2945,199.904168,-203.785009,-0.019538,0.200
2946,200.004149,-203.786963,-0.019538,0.200
2947,200.031591,-203.787499,0.505578,0.200
2948,200.119081,-203.739068,0.505578,0.200
2949,200.138585,-203.728271,0.136117,0.200
2950,200.237660,-203.714701,0.136117,0.200
2951,200.336735,-203.701131,0.136117,0.200
2952,200.435810,-203.687562,0.136117,0.200
2953,200.633960,-203.660422,0.136117,0.200
2954,200.832110,-203.633283,0.136117,0.200
2955,200.931185,-203.619713,0.136117,0.200
2956,201.030260,-203.606144,0.136117,0.200
2957,201.067143,-203.601092,0.315835,0.200
2958,201.162197,-203.570031,0.315835,0.200
2959,201.257251,-203.538970,0.315835,0.200
2960,201.285903,-203.529607,0.166625,0.200
2961,201.384518,-203.513022,0.166625,0.200
2962,201.483133,-203.496436,0.166625,0.200
2963,201.581748,-203.479851,0.166625,0.200
2964,201.778978,-203.446680,0.166625,0.200
2965,201.976208,-203.413508,0.166625,0.200
2966,202.173438,-203.380337,0.166625,0.200
2967,202.370668,-203.347166,0.166625,0.200
2968,202.567898,-203.313995,0.166625,0.200
2969,202.765128,-203.280824,0.166625,0.200
2970,202.863743,-203.264239,0.166625,0.200
2971,202.962358,-203.247653,0.166625,0.200
2972,203.007591,-203.240046,0.298685,0.200
2973,203.103163,-203.210619,0.298685,0.200
2974,203.198735,-203.181193,0.298685,0.200
2975,203.294308,-203.151766,0.298685,0.200
2976,203.389880,-203.122340,0.298685,0.200
2977,203.456233,-203.101910,0.093640,0.200
2978,203.555795,-203.092560,0.093640,0.200
2979,203.655357,-203.083210,0.093640,0.200
2980,203.754919,-203.073859,0.093640,0.200
2981,203.854481,-203.064509,0.093640,0.200
2982,203.945013,-203.056007,0.290452,0.200
2983,204.040824,-203.027368,0.290452,0.200
2984,204.136636,-202.998729,0.290452,0.200
2985,204.232447,-202.970091,0.290452,0.200
2986,204.328259,-202.941452,0.290452,0.200
2987,204.356510,-202.933008,0.033213,0.200
2988,204.456455,-202.929687,0.033213,0.200
2989,204.545874,-202.926716,0.247828,0.200
2990,204.642819,-202.902186,0.247828,0.200
2991,204.739764,-202.877656,0.247828,0.200
2992,204.836708,-202.853127,0.247828,0.200
2993,205.030598,-202.804067,0.247828,0.200
2994,205.224487,-202.755007,0.247828,0.200
2995,205.321432,-202.730477,0.247828,0.200
2996,205.347916,-202.723776,0.452674,0.200
2997,205.437844,-202.680039,0.452674,0.200
2998,205.527772,-202.636302,0.452674,0.200
2999,205.617700,-202.592564,0.452674,0.200
3000,205.627971,-202.587569,0.224685,0.200
3001,205.725457,-202.565289,0.224685,0.200
3002,205.822944,-202.543009,0.224685,0.200
3003,205.920430,-202.520730,0.224685,0.200
3004,206.115403,-202.476170,0.224685,0.200
3005,206.310376,-202.431610,0.224685,0.200
3006,206.505349,-202.387050,0.224685,0.200
3007,206.602835,-202.364770,0.224685,0.200
3008,206.651608,-202.353623,0.366722,0.200
3009,206.744959,-202.317767,0.366722,0.200
3010,206.838310,-202.281911,0.366722,0.200
3011,206.931660,-202.246056,0.366722,0.200
3012,207.118362,-202.174344,0.366722,0.200
3013,207.211713,-202.138489,0.366722,0.200
3014,207.270417,-202.115940,0.246623,0.200
3015,207.367391,-202.091527,0.246623,0.200
3016,207.419043,-202.078524,-0.120972,0.200
3017,207.518312,-202.090592,-0.120972,0.200
3018,207.608294,-202.101530,0.201511,0.200
3019,207.706270,-202.081516,0.201511,0.200
3020,207.804247,-202.061501,0.201511,0.200
3021,207.902223,-202.041486,0.201511,0.200
3022,208.098176,-202.001456,0.201511,0.200
3023,208.294129,-201.961426,0.201511,0.200
3024,208.392106,-201.941411,0.201511,0.200
3025,208.434835,-201.932682,0.406075,0.200
3026,208.526702,-201.893181,0.406075,0.200
3027,208.618570,-201.853681,0.406075,0.200
3028,208.710438,-201.814180,0.406075,0.200
3029,208.720710,-201.809764,0.144614,0.200
3030,208.819666,-201.795353,0.144614,0.200
3031,208.918622,-201.780942,0.144614,0.200
3032,209.017578,-201.766531,0.144614,0.200
3033,209.215491,-201.737709,0.144614,0.200
3034,209.314447,-201.723298,0.230861,0.200
3035,209.413708,-201.699966,0.232562,0.200
3036,209.511016,-201.676919,0.232562,0.200
3037,209.608324,-201.653872,0.232562,0.200
3038,209.802940,-201.607777,0.232562,0.200
3039,209.997556,-201.561683,0.232562,0.200
3040,210.192172,-201.515589,0.232562,0.200
3041,210.386788,-201.469495,0.232562,0.200
3042,210.581403,-201.423401,0.232562,0.200
3043,210.650677,-201.406993,0.260803,0.200
3044,210.843914,-201.355422,0.260803,0.200
3045,211.037151,-201.303851,0.260803,0.200
3046,211.230387,-201.252279,0.260803,0.200
3047,211.423624,-201.200708,0.260803,0.200
3048,211.520242,-201.174922,0.260803,0.200
3049,211.616860,-201.149137,0.260803,0.200
3050,211.674003,-201.133887,0.551814,0.200
3051,211.759160,-201.081463,0.551814,0.200
3052,211.844318,-201.029040,0.551814,0.200
3053,211.870580,-201.012873,0.081173,0.200
3054,211.970251,-201.004764,0.081173,0.200
3055,212.069921,-200.996656,0.081173,0.200
3056,212.169592,-200.988548,0.081173,0.200
3057,212.269263,-200.980439,0.081173,0.200
3058,212.368933,-200.972331,0.081173,0.200
3059,212.391407,-200.970502,0.214408,0.200
3060,212.489118,-200.949226,0.214408,0.200
3061,212.586828,-200.927949,0.214408,0.200
3062,212.684538,-200.906672,0.214408,0.200
3063,212.879959,-200.864118,0.214408,0.200
3064,213.075379,-200.821564,0.214408,0.200
3065,213.173089,-200.800287,0.214408,0.200
3066,213.237824,-200.786191,0.096987,0.200
3067,213.337354,-200.776508,0.096987,0.200
3068,213.436884,-200.766824,0.096987,0.200
3069,213.536414,-200.757141,0.096987,0.200
3070,213.635944,-200.747457,0.096987,0.200
3071,213.730106,-200.738296,0.226228,0.200
3072,213.827558,-200.715866,0.226228,0.200
3073,213.925010,-200.693435,0.226228,0.200
3074,214.022461,-200.671005,0.226228,0.200
3075,214.217365,-200.626144,0.226228,0.200
3076,214.412269,-200.581284,0.226228,0.200
3077,214.607173,-200.536423,0.226228,0.200
3078,214.802077,-200.491562,0.226228,0.200
3079,214.996981,-200.446702,0.226228,0.200
3080,215.094433,-200.424272,0.226228,0.200
3081,215.150042,-200.411472,-2.218518,0.200
3082,215.101102,-200.476154,2.505674,0.200
3083,215.020649,-200.416763,2.505674,0.200
3084,215.008266,-200.407621,0.531152,0.200
3085,215.094488,-200.356968,0.531152,0.200
3086,215.180711,-200.306316,0.531152,0.200
3087,215.223788,-200.281009,2.694374,0.200
3088,215.133623,-200.237763,2.694374,0.200
3089,215.043457,-200.194517,2.694374,0.200
3090,215.024373,-200.185364,0.202944,0.200
3091,215.122321,-200.165208,0.202944,0.200
3092,215.220268,-200.145053,0.202944,0.200
3093,215.318216,-200.124897,0.202944,0.200
3094,215.514111,-200.084587,0.202944,0.200
3095,215.612059,-200.064431,0.202944,0.200
3096,215.660739,-200.054414,0.106306,0.200
3097,215.760175,-200.043803,0.106306,0.200
3098,215.859610,-200.033193,0.106306,0.200
3099,215.959046,-200.022582,0.106306,0.200
3100,216.157917,-200.001361,0.106306,0.200
3101,216.257352,-199.990750,0.106306,0.200
3102,216.286232,-199.987669,0.283518,0.200
3103,216.382240,-199.959695,0.283518,0.200
3104,216.478248,-199.931722,0.283518,0.200
3105,216.574255,-199.903748,0.283518,0.200
3106,216.766271,-199.847801,0.283518,0.200
3107,216.958286,-199.791854,0.283518,0.200
3108,217.150302,-199.735907,0.283518,0.200
3109,217.342317,-199.679960,0.283518,0.200
3110,217.534333,-199.624013,0.283518,0.200
3111,217.726348,-199.568067,0.283518,0.200
3112,217.918364,-199.512120,0.283518,0.200
3113,218.014371,-199.484146,0.283518,0.200
3114,218.110379,-199.456173,0.283518,0.200
3115,218.178885,-199.436212,0.422538,0.200
3116,218.270090,-199.395205,0.422538,0.200
3117,218.361295,-199.354197,0.422538,0.200
3118,218.414911,-199.330091,0.197629,0.200
3119,218.512964,-199.310456,0.197629,0.200
3120,218.611018,-199.290822,0.197629,0.200
3121,218.709071,-199.271187,0.197629,0.200
3122,218.905178,-199.231918,0.197629,0.200
3123,219.101285,-199.192649,0.197629,0.200
3124,219.199338,-199.173014,0.197629,0.200
3125,219.297392,-199.153380,0.197629,0.200
3126,219.384405,-199.135956,0.302560,0.200
3127,219.479863,-199.106160,0.302560,0.200
3128,219.575321,-199.076363,0.302560,0.200
3129,219.670778,-199.046567,0.302560,0.200
3130,219.766236,-199.016770,0.302560,0.200
3131,219.861694,-198.986974,0.302560,0.200
3132,219.924641,-198.967325,0.167737,0.200
3133,220.023237,-198.950630,0.167737,0.200
3134,220.121834,-198.933935,0.167737,0.200
3135,220.220430,-198.917240,0.167737,0.200
3136,220.417623,-198.883849,0.167737,0.200
3137,220.614816,-198.850459,0.167737,0.200
3138,220.812009,-198.817069,0.167737,0.200
3139,221.009202,-198.783678,0.167737,0.200
3140,221.206395,-198.750288,0.167737,0.200
3141,221.403588,-198.716897,0.167737,0.200
3142,221.600782,-198.683507,0.167737,0.200
3143,221.797975,-198.650117,0.167737,0.200
3144,221.995168,-198.616726,0.167737,0.200
3145,222.192361,-198.583336,0.167737,0.200
3146,222.389554,-198.549946,0.167737,0.200
3147,222.586747,-198.516555,0.167737,0.200
3148,222.783940,-198.483165,0.167737,0.200
3149,222.981133,-198.449774,0.167737,0.200
3150,223.178326,-198.416384,0.167737,0.200
3151,223.375519,-198.382994,0.167737,0.200
3152,223.572712,-198.349603,0.167737,0.200
3153,223.769905,-198.316213,0.167737,0.200
3154,223.967098,-198.282823,0.167737,0.200
3155,224.164291,-198.249432,0.167737,0.200
3156,224.361484,-198.216042,0.167737,0.200
3157,224.460080,-198.199347,0.167737,0.200
3158,224.558677,-198.182651,0.167737,0.200
3159,224.585392,-198.178128,0.568243,0.200
3160,224.669676,-198.124313,0.568243,0.200
3161,224.753961,-198.070498,0.568243,0.200
3162,224.758785,-198.067418,0.207007,0.200
3163,224.856650,-198.046865,0.207007,0.200
3164,224.954515,-198.026312,0.207007,0.200
3165,225.052380,-198.005758,0.207007,0.200
3166,225.248110,-197.964652,0.207007,0.200
3167,225.443840,-197.923546,0.207007,0.200
3168,225.639570,-197.882440,0.207007,0.200
3169,225.835300,-197.841333,0.207007,0.200
3170,226.031030,-197.800227,0.207007,0.200
3171,226.226760,-197.759121,0.207007,0.200
3172,226.422490,-197.718015,0.207007,0.200
3173,226.618221,-197.676908,0.207007,0.200
3174,226.813951,-197.635802,0.207007,0.200
3175,227.009681,-197.594696,0.207007,0.200
3176,227.205411,-197.553589,0.207007,0.200
3177,227.401141,-197.512483,0.207007,0.200
3178,227.596871,-197.471377,0.207007,0.200
3179,227.792601,-197.430271,0.207007,0.200
3180,227.988331,-197.389164,0.207007,0.200
3181,228.184061,-197.348058,0.207007,0.200
3182,228.379792,-197.306952,0.207007,0.200
3183,228.477657,-197.286399,0.207007,0.200
3184,228.565665,-197.267916,-2.441629,0.200
3185,228.505606,-197.318499,0.110933,0.200
3186,228.604991,-197.307429,0.110933,0.200
3187,228.704377,-197.296358,0.110933,0.200
3188,228.709773,-197.295757,0.720735,0.200
3189,228.784906,-197.229763,0.720735,0.200
3190,228.834410,-197.186280,0.386532,0.200
3191,228.927032,-197.148582,0.386532,0.200
3192,229.019654,-197.110884,0.386532,0.200
3193,229.112277,-197.073187,0.386532,0.200
3194,229.204899,-197.035489,0.185968,0.200
3195,229.303630,-197.016913,0.185027,0.200
3196,229.401923,-196.998516,0.185027,0.200
3197,229.500216,-196.980119,0.185027,0.200
3198,229.598509,-196.961722,0.185027,0.200
3199,229.696802,-196.943324,0.185027,0.200
3200,229.757913,-196.931886,-0.035073,0.200
3201,229.857852,-196.935393,-0.035073,0.200
3202,229.957790,-196.938899,-0.035073,0.200
3203,230.057729,-196.942406,-0.035073,0.200
3204,230.076109,-196.943051,0.343882,0.200
3205,230.170255,-196.909336,0.343882,0.200
3206,230.264400,-196.875622,0.343882,0.200
3207,230.358545,-196.841908,0.343882,0.200
3208,230.546836,-196.774479,0.343882,0.200
3209,230.640981,-196.740764,0.343882,0.200
3210,230.653450,-196.736299,-0.089248,0.200
3211,230.753052,-196.745212,-0.089248,0.200
3212,230.852654,-196.754125,-0.089248,0.200
3213,230.952256,-196.763038,-0.089248,0.200
3214,231.051858,-196.771951,-0.089248,0.200
3215,231.092106,-196.775552,0.404844,0.200
3216,231.184022,-196.736165,0.404844,0.200
3217,231.275939,-196.696777,0.404844,0.200
3218,231.367855,-196.657390,0.404844,0.200
3219,231.459772,-196.618002,0.404844,0.200
3220,231.551688,-196.578615,0.404844,0.200
3221,231.641158,-196.540276,0.123121,0.200
3222,231.740401,-196.527995,0.123121,0.200
3223,231.839644,-196.515714,0.123121,0.200
3224,231.938887,-196.503433,0.123121,0.200
3225,232.137373,-196.478871,0.123121,0.200
3226,232.335859,-196.454308,0.123121,0.200
3227,232.534345,-196.429746,0.123121,0.200
3228,232.732831,-196.405184,0.123121,0.200
3229,232.931317,-196.380622,0.123121,0.200
3230,233.030560,-196.368341,0.123121,0.200
3231,233.094109,-196.360477,0.282191,0.200
3232,233.190154,-196.332631,0.282191,0.200
3233,233.286198,-196.304785,0.282191,0.200
3234,233.382243,-196.276939,0.282191,0.200
3235,233.574333,-196.221247,0.282191,0.200
3236,233.766422,-196.165555,0.282191,0.200
3237,233.958512,-196.109863,0.282191,0.200
3238,234.150601,-196.054171,0.282191,0.200
3239,234.342691,-195.998479,0.282191,0.200
3240,234.534780,-195.942787,0.282191,0.200
3241,234.726870,-195.887095,0.282191,0.200
3242,234.802270,-195.865234,0.218661,0.200
3243,234.997508,-195.821850,0.218661,0.200
3244,235.192746,-195.778465,0.218661,0.200
3245,235.387983,-195.735080,0.218661,0.200
3246,235.583221,-195.691696,0.218661,0.200
3247,235.778459,-195.648311,0.218661,0.200
3248,235.973697,-195.604927,0.218661,0.200
3249,236.168934,-195.561542,0.218661,0.200
3250,236.364172,-195.518157,0.218661,0.200
3251,236.559410,-195.474773,0.218661,0.200
3252,236.754648,-195.431388,0.218661,0.200
3253,236.949885,-195.388003,0.218661,0.200
3254,237.145123,-195.344619,0.218661,0.200
3255,237.251659,-195.320945,0.153322,0.200
3256,237.449313,-195.290401,0.153322,0.200
3257,237.548139,-195.275129,0.153322,0.200
3258,237.602300,-195.266759,-1.400741,0.200
3259,237.617239,-195.353761,0.531576,0.200
3260,237.703440,-195.303072,0.531576,0.200
3261,237.789641,-195.252382,0.531576,0.200
3262,237.862872,-195.209320,0.181631,0.200
3263,237.961227,-195.191256,0.181631,0.200
3264,238.004748,-195.183264,-0.246384,0.200
3265,238.101728,-195.207653,-0.246384,0.200
3266,238.198708,-195.232043,0.441264,0.200
3267,238.292432,-195.187775,0.471644,0.200
3268,238.381514,-195.142340,0.471644,0.200
3269,238.470596,-195.096905,0.471644,0.200
3270,238.506568,-195.078558,-0.001167,0.200
3271,238.606568,-195.078675,-0.001167,0.200
3272,238.706568,-195.078792,-0.001167,0.200
3273,238.806568,-195.078908,-0.001167,0.200
3274,238.906568,-195.079025,-0.001167,0.200
3275,239.006568,-195.079142,-0.001167,0.200
3276,239.103773,-195.079255,0.177780,0.200
3277,239.202196,-195.061570,0.177780,0.200
3278,239.300620,-195.043886,0.177780,0.200
3279,239.399044,-195.026202,0.177780,0.200
3280,239.595892,-194.990833,0.177780,0.200
3281,239.792740,-194.955464,0.177780,0.200
3282,239.989587,-194.920095,0.177780,0.200
3283,240.088011,-194.902410,0.177780,0.200
3284,240.103872,-194.899560,-0.035182,0.200
3285,240.203810,-194.903078,-0.035182,0.200
3286,240.303748,-194.906595,-0.035182,0.200
3287,240.403686,-194.910113,-0.035182,0.200
3288,240.503624,-194.913630,-0.035182,0.200
3289,240.603562,-194.917148,-0.035182,0.200
3290,240.650049,-194.918784,0.342098,0.200
3291,240.744255,-194.885238,0.342098,0.200
3292,240.838460,-194.851691,0.342098,0.200
3293,240.932665,-194.818145,0.342098,0.200
3294,240.963480,-194.807172,0.045748,0.200
3295,241.063376,-194.802599,0.045748,0.200
3296,241.163271,-194.798025,0.045748,0.200
3297,241.263167,-194.793452,0.045748,0.200
3298,241.462957,-194.784306,0.045748,0.200
3299,241.562853,-194.779733,0.045748,0.200
3300,241.662748,-194.775159,0.045748,0.200
3301,241.669537,-194.774849,0.222397,0.200
3302,241.767074,-194.752792,0.222397,0.200
3303,241.864612,-194.730735,0.222397,0.200
3304,241.962149,-194.708678,0.222397,0.200
3305,242.157223,-194.664564,0.222397,0.200
3306,242.254760,-194.642507,0.222397,0.200
3307,242.352297,-194.620451,0.222397,0.200
3308,242.372061,-194.615981,0.011452,0.200
3309,242.472055,-194.614836,0.011452,0.200
3310,242.572048,-194.613691,0.011452,0.200
3311,242.672041,-194.612546,0.011452,0.200
3312,242.727831,-194.611907,0.219370,0.200
3313,242.825434,-194.590145,0.219370,0.200
3314,242.923038,-194.568384,0.219370,0.200
3315,243.020641,-194.546622,0.219370,0.200
3316,243.215848,-194.503099,0.219370,0.200
3317,243.411055,-194.459577,0.219370,0.200
3318,243.606262,-194.416054,0.219370,0.200
3319,243.703866,-194.394292,0.219370,0.200
3320,243.798591,-194.373173,0.047055,0.200
3321,243.898480,-194.368469,0.047055,0.200
3322,243.998369,-194.363765,0.047055,0.200
3323,244.098259,-194.359061,0.047055,0.200
3324,244.198148,-194.354358,0.047055,0.200
3325,244.259407,-194.351473,0.347176,0.200
3326,244.353440,-194.317449,0.347176,0.200
3327,244.447474,-194.283424,0.347176,0.200
3328,244.541508,-194.249400,0.347176,0.200
3329,244.635542,-194.215376,0.347176,0.200
3330,244.729575,-194.181351,0.347176,0.200
3331,244.745057,-194.175750,-0.073062,0.200
3332,244.844790,-194.183049,-0.073062,0.200
3333,244.944523,-194.190349,-0.073062,0.200
3334,245.012342,-194.195313,0.214689,0.200
3335,245.110046,-194.174009,0.214689,0.200
3336,245.207750,-194.152704,0.214689,0.200
3337,245.305455,-194.131400,0.214689,0.200
3338,245.500863,-194.088791,0.214689,0.200
3339,245.696272,-194.046182,0.214689,0.200
3340,245.891680,-194.003574,0.214689,0.200
3341,246.087089,-193.960965,0.214689,0.200
3342,246.282497,-193.918356,0.214689,0.200
3343,246.477906,-193.875748,0.214689,0.200
3344,246.575610,-193.854443,0.214689,0.200
3345,246.673314,-193.833139,0.214689,0.200
3346,246.679762,-193.831733,-1.988866,0.200
3347,246.648822,-193.901376,-2.755562,0.200
3348,246.556181,-193.939027,-2.755562,0.200
3349,246.463540,-193.976679,-2.755562,0.200
3350,246.370899,-194.014330,-2.755562,0.200
3351,246.278258,-194.051982,-2.755562,0.200
3352,246.247528,-194.064471,-2.947757,0.200
3353,246.149400,-194.083733,-2.947757,0.200
3354,246.051273,-194.102996,-2.947757,0.200
3355,245.953146,-194.122258,-2.947757,0.200
3356,245.855019,-194.141520,-2.947757,0.200
3357,245.809941,-194.150369,-1.838905,0.200
3358,245.783450,-194.246797,-1.838905,0.200
3359,245.759526,-194.333880,2.261606,0.200
3360,245.703078,-194.265599,1.167673,0.200
3361,245.742308,-194.173615,1.167673,0.200
3362,245.753225,-194.148016,-0.940751,0.200
3363,245.812143,-194.228816,-0.940751,0.200
3364,245.859845,-194.294234,-0.013961,0.200
3365,245.959835,-194.295630,-0.013961,0.200
3366,246.044866,-194.296818,0.195804,0.200
3367,246.142955,-194.277362,0.195804,0.200
3368,246.241044,-194.257906,0.195804,0.200
3369,246.339133,-194.238451,0.195804,0.200
3370,246.535311,-194.199540,0.195804,0.200
3371,246.633400,-194.180084,0.195804,0.200
3372,246.674006,-194.172030,-0.184234,0.200
3373,246.772314,-194.190350,-0.184234,0.200
3374,246.870622,-194.208669,-0.184234,0.200
3375,246.968929,-194.226988,0.102223,0.200
3376,247.069297,-194.216693,0.104859,0.200
3377,247.168748,-194.206226,0.104859,0.200
3378,247.268199,-194.195759,0.104859,0.200
3379,247.467100,-194.174826,0.104859,0.200
3380,247.566551,-194.164359,0.104859,0.200
3381,247.654010,-194.155154,-0.113588,0.200
3382,247.753366,-194.166489,-0.113588,0.200
3383,247.852722,-194.177823,-0.113588,0.200
3384,247.886556,-194.181683,0.192355,0.200
3385,247.984712,-194.162566,0.192355,0.200
3386,248.082867,-194.143449,0.192355,0.200
3387,248.181023,-194.124331,0.192355,0.200
3388,248.377334,-194.086097,0.192355,0.200
3389,248.573646,-194.047863,0.192355,0.200
3390,248.769957,-194.009629,0.192355,0.200
3391,248.868113,-193.990512,0.192355,0.200
3392,248.966268,-193.971394,0.192355,0.200
3393,249.044871,-193.956086,-0.228449,0.200
3394,249.142273,-193.978732,-0.228449,0.200
3395,249.239674,-194.001379,-0.228449,0.200
3396,249.337076,-194.024026,-0.228449,0.200
3397,249.531880,-194.069319,-0.228449,0.200
3398,249.726684,-194.114613,-0.228449,0.200
3399,249.921488,-194.159906,-0.228449,0.200
3400,250.018890,-194.182553,-0.228449,0.200
3401,250.040154,-194.187497,2.128722,0.200
3402,249.987211,-194.102661,2.128722,0.200
3403,249.934268,-194.017826,2.128722,0.200
3404,249.892558,-193.950989,0.194321,0.200
3405,249.990676,-193.931679,0.194321,0.200
3406,250.088794,-193.912369,0.194321,0.200
3407,250.128961,-193.904464,-0.201297,0.200
3408,250.226941,-193.924458,-0.201297,0.200
3409,250.324922,-193.944452,-0.201297,0.200
3410,250.422903,-193.964446,-0.201297,0.200
3411,250.618865,-194.004434,-0.201297,0.200
3412,250.814826,-194.044422,-0.201297,0.200
3413,250.912807,-194.064416,-0.201297,0.200
3414,251.006110,-194.083456,-0.762514,0.200
3415,251.078421,-194.152530,-0.762514,0.200
3416,251.150731,-194.221604,-0.762514,0.200
3417,251.223041,-194.290679,-0.762514,0.200
3418,251.290707,-194.355316,-0.062102,0.200
3419,251.390514,-194.361523,-0.062102,0.200
3420,251.490321,-194.367729,-0.062102,0.200
3421,251.554557,-194.371723,-0.322361,0.200
3422,251.649406,-194.403404,-0.322361,0.200
3423,251.744255,-194.435085,-0.322361,0.200
3424,251.820873,-194.460676,-0.771214,0.200
3425,251.892580,-194.530377,-0.771214,0.200
3426,251.964286,-194.600077,-0.771214,0.200
3427,252.035993,-194.669778,-0.771214,0.200
3428,252.107189,-194.738983,-0.598141,0.200
3429,252.189828,-194.795293,-0.598141,0.200
3430,252.272466,-194.851604,-0.598141,0.200
3431,252.355105,-194.907915,-0.598141,0.200
3432,252.437743,-194.964225,-0.598141,0.200
3433,252.520381,-195.020536,-0.598141,0.200
3434,252.548874,-195.039951,0.006277,0.200
3435,252.648872,-195.039324,0.006277,0.200
3436,252.748870,-195.038696,0.006277,0.200
3437,252.848868,-195.038068,0.006277,0.200
3438,253.048864,-195.036813,0.006277,0.200
3439,253.248860,-195.035558,0.006277,0.200
3440,253.448856,-195.034303,0.006277,0.200
3441,253.648852,-195.033047,0.006277,0.200
3442,253.748850,-195.032420,0.006277,0.200
3443,253.827673,-195.031925,0.127110,0.200
3444,253.926866,-195.019248,0.127110,0.200
3445,254.026060,-195.006571,0.127110,0.200
3446,254.125253,-194.993895,0.127110,0.200
3447,254.323639,-194.968541,0.127110,0.200
3448,254.522026,-194.943188,0.127110,0.200
3449,254.720412,-194.917834,0.127110,0.200
3450,254.918799,-194.892480,0.127110,0.200
3451,255.117185,-194.867127,0.127110,0.200
3452,255.315572,-194.841773,0.127110,0.200
3453,255.414765,-194.829097,0.127110,0.200
3454,255.446739,-194.825010,0.019498,0.200
3455,255.546720,-194.823061,0.019498,0.200
3456,255.646701,-194.821111,0.019498,0.200
3457,255.746682,-194.819161,0.019498,0.200
3458,255.946644,-194.815262,0.019498,0.200
3459,256.146606,-194.811362,0.019498,0.200
3460,256.346568,-194.807463,0.019498,0.200
3461,256.546530,-194.803564,0.019498,0.200
3462,256.746492,-194.799664,0.019498,0.200
3463,256.946454,-194.795765,0.019498,0.200
3464,257.146416,-194.791865,0.019498,0.200
3465,257.283131,-194.789199,0.019498,0.200
