id,x,y,yaw,v
0,-0.018685,-0.011481,-0.001327,0.200
1,-0.017730,-0.012036,-0.000160,0.200
2,-0.017937,-0.014077,-0.000689,0.200
3,-0.017381,-0.011385,-0.001691,0.200
4,-0.019778,-0.010394,-0.000885,0.200
5,-0.019181,-0.004648,-0.000735,0.200
6,-0.023360,-0.004996,-0.001214,0.200
7,-0.020169,-0.006664,-0.000463,0.200
8,-0.014662,-0.011268,-0.001107,0.200
9,-0.017290,-0.010079,-0.001607,0.200
10,-0.014591,-0.007452,-0.000888,0.200
11,-0.015958,-0.009974,-0.000788,0.200
12,-0.022625,-0.006032,-0.001487,0.200
13,-0.024267,-0.009671,-0.001471,0.200
14,-0.020044,-0.010276,-0.001043,0.200
15,-0.015376,-0.013630,0.000540,0.200
16,-0.017358,-0.007079,-0.000812,0.200
17,-0.019408,-0.013691,-0.001002,0.200
18,-0.019636,-0.009987,-0.000716,0.200
19,-0.014084,-0.014243,-0.000207,0.200
20,-0.013706,-0.024584,-0.000886,0.200
21,-0.018790,-0.018500,-0.001182,0.200
22,-0.025532,-0.000852,-0.000897,0.200
23,-0.018953,-0.007688,-0.000866,0.200
24,-0.011590,-0.011754,-0.001166,0.200
25,-0.015323,-0.012887,-0.001057,0.200
26,-0.024344,-0.013729,-0.000563,0.200
27,-0.024113,-0.013264,-0.001761,0.200
28,-0.017874,-0.010046,0.000002,0.200
29,-0.009660,-0.009426,-0.000268,0.200
30,-0.014346,-0.008546,-0.001045,0.200
31,-0.010140,-0.011125,-0.001278,0.200
32,-0.013082,-0.007057,-0.000796,0.200
33,-0.016610,-0.007932,-0.000994,0.200
34,-0.015950,-0.010483,-0.000838,0.200
35,-0.019612,-0.009487,-0.001732,0.200
36,-0.019655,-0.009738,-0.001140,0.200
37,-0.018060,-0.011194,-0.001020,0.200
38,-0.017617,-0.011880,-0.001196,0.200
39,-0.016603,-0.012079,-0.000806,0.200
40,-0.011004,-0.015543,0.000737,0.200
41,-0.010826,-0.015567,-0.000850,0.200
42,-0.013828,-0.016157,-0.000164,0.200
43,-0.019175,-0.014811,-0.001314,0.200
44,-0.021402,-0.007201,-0.000366,0.200
45,-0.017722,-0.008799,-0.000218,0.200
46,-0.018256,-0.009244,-0.000982,0.200
47,-0.017150,-0.016441,-0.000697,0.200
48,-0.014451,-0.019157,-0.000840,0.200
49,-0.012231,-0.015771,-0.000084,0.200
50,-0.015545,-0.007990,-0.000631,0.200
51,-0.015562,-0.009710,-0.000728,0.200
52,-0.020038,-0.007875,-0.000784,0.200
53,-0.024105,-0.009947,-0.000480,0.200
54,-0.016308,-0.015804,-0.001506,0.200
55,-0.016376,-0.012918,-0.001094,0.200
56,-0.009133,-0.010075,0.000221,0.200
57,-0.015298,-0.014824,0.000336,0.200
58,-0.019130,-0.007900,-0.001050,0.200
59,-0.016646,-0.007284,-0.000096,0.200
60,-0.020287,-0.008515,-0.001300,0.200
61,-0.021739,-0.006758,-0.001228,0.200
62,-0.014031,-0.012930,-0.000605,0.200
63,-0.022231,-0.007870,-0.000158,0.200
64,-0.016924,-0.009050,-0.000656,0.200
65,-0.018940,-0.010777,-0.000111,0.200
66,-0.020841,-0.008483,-0.000803,0.200
67,-0.016884,-0.009808,-0.001454,0.200
68,-0.015717,-0.015875,-0.000770,0.200
69,-0.018674,-0.012300,-0.000996,0.200
70,-0.016174,-0.005687,-0.000576,0.200
71,-0.015472,-0.008017,-0.000934,0.200
72,-0.015473,-0.016097,-0.000395,0.200
73,-0.014257,-0.015912,0.000053,0.200
74,-0.014119,-0.014676,0.000033,0.200
75,-0.016665,-0.014973,-0.000478,0.200
76,-0.022140,-0.012242,-0.001158,0.200
77,-0.020302,-0.013272,0.000430,0.200
78,-0.016806,-0.016080,-0.000823,0.200
79,-0.015753,-0.018338,-0.000272,0.200
80,-0.015837,-0.021734,-0.001171,0.200
81,-0.018149,-0.014990,-0.000462,0.200
82,-0.017602,-0.011302,-0.000506,0.200
83,-0.019245,-0.013811,-0.001431,0.200
84,-0.016950,-0.015715,-0.000104,0.200
85,-0.018843,-0.012145,-0.000201,0.200
86,-0.020251,-0.015792,-0.001134,0.200
87,-0.020894,-0.016892,-0.001541,0.200
88,-0.021502,-0.016044,-0.000746,0.200
89,-0.021042,-0.016537,-0.001270,0.200
90,-0.020944,-0.013324,-0.000164,0.200
91,-0.019441,-0.011912,-0.001863,0.200
92,-0.019353,-0.009669,-0.000353,0.200
93,-0.015397,-0.011688,-0.001421,0.200
94,-0.013349,-0.013935,-0.001355,0.200
95,-0.011847,-0.011726,-0.000505,0.200
96,-0.015177,-0.011812,-0.000513,0.200
97,-0.018037,-0.015403,-0.000787,0.200
98,-0.020461,-0.015307,0.000014,0.200
99,-0.016850,-0.016606,-0.000146,0.200
100,-0.021175,-0.013581,-0.001406,0.200
101,-0.017233,-0.013764,-0.000613,0.200
102,-0.017747,-0.014175,-0.000739,0.200
103,-0.019940,-0.014255,-0.000752,0.200
104,-0.019149,-0.016092,0.000222,0.200
105,-0.017222,-0.016232,-0.001145,0.200
106,-0.016360,-0.016113,-0.001500,0.200
107,-0.017200,-0.017249,-0.000666,0.200
108,-0.015472,-0.015234,-0.000548,0.200
109,-0.020552,-0.013911,-0.001046,0.200
110,-0.024891,-0.013982,-0.001581,0.200
111,-0.025981,-0.011420,-0.000858,0.200
112,-0.019838,-0.013965,-0.000572,0.200
113,-0.016554,-0.012627,-0.000499,0.200
114,-0.016364,-0.013034,-0.000551,0.200
115,-0.015149,-0.009371,-0.000732,0.200
116,-0.014845,-0.011037,-0.000463,0.200
117,-0.018614,-0.006787,-0.001384,0.200
118,-0.017328,-0.004143,-0.000618,0.200
119,-0.017332,-0.008853,-0.000823,0.200
120,-0.015946,-0.011690,-0.000120,0.200
121,-0.013215,-0.015952,-0.000944,0.200
122,-0.014443,-0.017574,0.000221,0.200
123,-0.016159,-0.018744,-0.000293,0.200
124,-0.018473,-0.015873,-0.000635,0.200
125,-0.019133,-0.012622,-0.000216,0.200
126,-0.016700,-0.012293,-0.000651,0.200
127,-0.015006,-0.017933,-0.000878,0.200
128,-0.014784,-0.016669,-0.000571,0.200
129,-0.011708,-0.012635,-0.000580,0.200
130,-0.010913,-0.012706,-0.000349,0.200
131,-0.011487,-0.015206,-0.001176,0.200
132,-0.012387,-0.017883,0.000193,0.200
133,-0.014714,-0.017511,-0.000863,0.200
134,-0.019033,-0.016884,0.000245,0.200
135,-0.018899,-0.015546,-0.000635,0.200
136,-0.019167,-0.012220,-0.001191,0.200
137,-0.017175,-0.011002,-0.000250,0.200
138,-0.019369,-0.013550,-0.000228,0.200
139,-0.015175,-0.014026,-0.000457,0.200
140,-0.017161,-0.016166,-0.000770,0.200
141,-0.020210,-0.018176,-0.000752,0.200
142,-0.019162,-0.014940,-0.001141,0.200
143,-0.019518,-0.016154,-0.000486,0.200
144,-0.018349,-0.018761,-0.000068,0.200
145,-0.020387,-0.019872,-0.000578,0.200
146,-0.017456,-0.017261,-0.000021,0.200
147,-0.014039,-0.019594,-0.000076,0.200
148,-0.017955,-0.019402,0.000031,0.200
149,-0.023321,-0.015456,-0.000839,0.200
150,-0.024296,-0.013365,-0.000316,0.200
151,-0.020059,-0.011684,-0.000212,0.200
152,-0.019668,-0.010420,-0.000780,0.200
153,-0.017110,-0.010485,-0.000487,0.200
154,-0.019352,-0.013501,-0.001632,0.200
155,-0.017075,-0.011720,0.000003,0.200
156,-0.018622,-0.011417,-0.001216,0.200
157,-0.021193,-0.007456,-0.000332,0.200
158,-0.019534,-0.004522,-0.000236,0.200
159,-0.019683,-0.009358,-0.000552,0.200
160,-0.018272,-0.013569,-0.000321,0.200
161,-0.016658,-0.013984,-0.000778,0.200
162,-0.017190,-0.013258,-0.000657,0.200
163,-0.017956,-0.010255,-0.001046,0.200
164,-0.020063,-0.006072,-0.000600,0.200
165,-0.019320,-0.009539,-0.000366,0.200
166,-0.020138,-0.014903,-0.000846,0.200
167,-0.020976,-0.021231,-0.000880,0.200
168,-0.018237,-0.017430,-0.001545,0.200
169,-0.017941,-0.011637,0.008998,0.200
170,-0.020749,0.005435,0.022338,0.200
171,-0.005180,0.022257,0.015686,0.200
172,-0.001033,0.021435,0.017859,0.200
173,-0.009535,0.006274,0.021056,0.200
174,-0.013487,-0.004030,0.021675,0.200
175,-0.007752,-0.012298,0.022230,0.200
176,-0.013026,-0.000404,0.021924,0.200
177,-0.019027,0.001823,0.021635,0.200
178,-0.021137,-0.001636,0.021625,0.200
179,-0.019444,-0.006046,0.022558,0.200
180,-0.009376,-0.009241,0.015029,0.200
181,0.003998,-0.004110,0.012962,0.200
182,0.017795,-0.004536,0.010394,0.200
183,0.028064,-0.007489,0.009662,0.200
184,0.037947,-0.002899,0.004630,0.200
185,0.044019,-0.008047,-0.000018,0.200
186,0.051402,-0.010555,-0.012264,0.200
187,0.070161,-0.016976,-0.006910,0.200
188,0.070731,-0.017888,-0.003658,0.200
189,0.067606,-0.024856,-0.009249,0.200
190,0.056768,-0.025425,-0.018263,0.200
191,0.053088,-0.030375,-0.026709,0.200
192,0.058722,-0.036191,-0.030401,0.200
193,0.067457,-0.037095,-0.032230,0.200
194,0.067128,-0.034627,-0.034059,0.200
195,0.065027,-0.035288,-0.035284,0.200
196,0.066918,-0.031153,-0.033658,0.200
197,0.066654,-0.030795,-0.035132,0.200
198,0.064739,-0.030607,-0.033509,0.200
199,0.072366,-0.034844,-0.020619,0.200
200,0.096125,-0.035120,-0.005271,0.200
201,0.121697,-0.034996,0.004202,0.200
202,0.156219,-0.039024,0.014026,0.200
203,0.200934,-0.044898,-0.018877,0.200
204,0.244787,-0.047628,-0.021981,0.200
205,0.272735,-0.049991,-0.012608,0.200
206,0.270111,-0.045500,-0.028929,0.200
207,0.265618,-0.035073,-0.028910,0.200
208,0.258050,-0.028729,-0.030066,0.200
209,0.256009,-0.025478,-0.028485,0.200
210,0.255690,-0.030621,-0.029339,0.200
211,0.257439,-0.031524,-0.028478,0.200
212,0.260152,-0.030091,-0.027875,0.200
213,0.259420,-0.028113,-0.028542,0.200
214,0.265182,-0.030653,-0.028678,0.200
215,0.264603,-0.035736,-0.029000,0.200
216,0.260109,-0.034552,-0.027577,0.200
217,0.257166,-0.034661,-0.028415,0.200
218,0.256659,-0.033779,-0.028115,0.200
219,0.258227,-0.029691,-0.027962,0.200
220,0.262902,-0.032233,-0.028110,0.200
221,0.262159,-0.032611,-0.028579,0.200
222,0.266514,-0.031088,-0.027421,0.200
223,0.267874,-0.032884,-0.027294,0.200
224,0.267176,-0.034185,-0.028348,0.200
225,0.262270,-0.034122,-0.028544,0.200
226,0.263696,-0.033640,-0.027536,0.200
227,0.262432,-0.037389,-0.027976,0.200
228,0.262474,-0.036393,-0.028240,0.200
229,0.261848,-0.035403,-0.028419,0.200
230,0.263707,-0.035322,-0.028246,0.200
231,0.258762,-0.036210,-0.028537,0.200
232,0.256345,-0.036877,-0.028569,0.200
233,0.256912,-0.037452,-0.027983,0.200
234,0.260445,-0.035558,-0.027514,0.200
235,0.261889,-0.035880,-0.027491,0.200
236,0.264028,-0.035032,-0.028446,0.200
237,0.268629,-0.036068,-0.027549,0.200
238,0.264523,-0.033604,-0.027703,0.200
239,0.262727,-0.034552,-0.028104,0.200
240,0.261920,-0.035719,-0.028036,0.200
241,0.259171,-0.036220,-0.028008,0.200
242,0.256802,-0.039621,-0.027857,0.200
243,0.258393,-0.037075,-0.027996,0.200
244,0.259032,-0.036170,-0.027716,0.200
245,0.260363,-0.032286,-0.028270,0.200
246,0.259628,-0.030135,-0.028940,0.200
247,0.260902,-0.032708,-0.027906,0.200
248,0.261164,-0.037129,-0.028426,0.200
249,0.260516,-0.038043,-0.028324,0.200
250,0.258584,-0.038076,-0.028368,0.200
251,0.258364,-0.031662,-0.028115,0.200
252,0.256297,-0.031598,-0.028430,0.200
253,0.258962,-0.032043,-0.028483,0.200
254,0.260575,-0.031375,-0.027752,0.200
255,0.264930,-0.037378,-0.027543,0.200
256,0.264199,-0.039028,-0.028594,0.200
257,0.260057,-0.038500,-0.028056,0.200
258,0.260612,-0.038392,-0.027997,0.200
259,0.260608,-0.035744,-0.027965,0.200
260,0.266919,-0.034194,-0.028020,0.200
261,0.268757,-0.034088,-0.027229,0.200
262,0.267784,-0.033315,-0.028190,0.200
263,0.265520,-0.034443,-0.028258,0.200
264,0.262566,-0.033594,-0.027288,0.200
265,0.257414,-0.038663,-0.029037,0.200
266,0.254429,-0.038820,-0.028973,0.200
267,0.258328,-0.039283,-0.028574,0.200
268,0.263203,-0.033794,-0.027020,0.200
269,0.263376,-0.032748,-0.028565,0.200
270,0.263097,-0.029158,-0.028899,0.200
271,0.264028,-0.032454,-0.028681,0.200
272,0.266014,-0.035750,-0.027719,0.200
273,0.260791,-0.034886,-0.028341,0.200
274,0.259739,-0.033183,-0.027874,0.200
275,0.258637,-0.032193,-0.028991,0.200
276,0.258167,-0.032066,-0.028068,0.200
277,0.257420,-0.032734,-0.028296,0.200
278,0.258624,-0.036009,-0.027711,0.200
279,0.259892,-0.034786,-0.028641,0.200
280,0.261636,-0.036514,-0.028698,0.200
281,0.261027,-0.034641,-0.028188,0.200
282,0.262717,-0.032358,-0.027833,0.200
283,0.259440,-0.033727,-0.028939,0.200
284,0.258996,-0.031549,-0.028223,0.200
285,0.261030,-0.029052,-0.028789,0.200
286,0.261231,-0.029549,-0.029126,0.200
287,0.258157,-0.032626,-0.028702,0.200
288,0.263542,-0.032778,-0.028140,0.200
289,0.262719,-0.032203,-0.028605,0.200
290,0.261841,-0.031867,-0.029024,0.200
291,0.262463,-0.031674,-0.028584,0.200
292,0.260333,-0.025512,-0.027650,0.200
293,0.259961,-0.025250,-0.028079,0.200
294,0.257217,-0.032516,-0.028193,0.200
295,0.260446,-0.034701,-0.028682,0.200
296,0.258067,-0.033631,-0.028640,0.200
297,0.257810,-0.034540,-0.027674,0.200
298,0.258756,-0.036009,-0.028609,0.200
299,0.261018,-0.034461,-0.027965,0.200
300,0.264224,-0.034228,-0.027790,0.200
301,0.261490,-0.036398,-0.028232,0.200
302,0.263402,-0.039022,-0.028148,0.200
303,0.263244,-0.038254,-0.029165,0.200
304,0.261159,-0.038336,-0.028403,0.200
305,0.262240,-0.033869,-0.027437,0.200
306,0.264467,-0.035637,-0.027802,0.200
307,0.262645,-0.035319,-0.028620,0.200
308,0.263773,-0.034335,-0.028020,0.200
309,0.259770,-0.032099,-0.028706,0.200
310,0.261260,-0.030688,-0.028578,0.200
311,0.260496,-0.033043,-0.028051,0.200
312,0.261289,-0.033965,-0.028097,0.200
313,0.260330,-0.036228,-0.028718,0.200
314,0.260887,-0.036510,-0.028515,0.200
315,0.261843,-0.041024,-0.028747,0.200
316,0.260305,-0.040899,-0.028584,0.200
317,0.259874,-0.038003,-0.028383,0.200
318,0.259488,-0.034032,-0.027930,0.200
319,0.259638,-0.033277,-0.028374,0.200
320,0.258000,-0.032870,-0.028320,0.200
321,0.261008,-0.032790,-0.028114,0.200
322,0.260534,-0.035924,-0.028496,0.200
323,0.256472,-0.038553,-0.029472,0.200
324,0.258781,-0.035161,-0.028534,0.200
325,0.259555,-0.034577,-0.028222,0.200
326,0.258874,-0.035423,-0.028097,0.200
327,0.260950,-0.036540,-0.028364,0.200
328,0.262422,-0.038563,-0.028043,0.200
329,0.262758,-0.036673,-0.027699,0.200
330,0.268131,-0.035164,-0.024556,0.200
331,0.289950,-0.035288,-0.016514,0.200
332,0.321939,-0.037374,-0.001193,0.200
333,0.363426,-0.033750,-0.000215,0.200
334,0.411504,-0.031146,-0.014842,0.200
335,0.462066,-0.034946,-0.025864,0.200
336,0.507232,-0.030002,-0.024471,0.200
337,0.561825,-0.032353,-0.015523,0.200
338,0.614947,-0.034068,-0.025636,0.200
339,0.655323,-0.038263,-0.042541,0.200
340,0.688941,-0.050741,-0.110320,0.200
341,0.704897,-0.055395,-0.096555,0.200
342,0.735004,-0.058347,-0.102482,0.200
343,0.763022,-0.058885,-0.115276,0.200
344,0.805733,-0.066770,-0.107028,0.200
345,0.838459,-0.065770,-0.098434,0.200
346,0.874905,-0.068416,-0.080213,0.200
347,0.914317,-0.079524,-0.076602,0.200
348,0.969791,-0.076644,-0.079482,0.200
349,1.009344,-0.080097,-0.083700,0.200
350,1.043955,-0.077988,-0.097342,0.200
351,1.083199,-0.078346,-0.102188,0.200
352,1.141458,-0.085764,-0.095429,0.200
353,1.176023,-0.087203,-0.081207,0.200
354,1.212594,-0.094507,-0.070628,0.200
355,1.257050,-0.100270,-0.069886,0.200
356,1.300005,-0.099432,-0.080385,0.200
357,1.340269,-0.096505,-0.076469,0.200
358,1.383043,-0.095191,-0.085870,0.200
359,1.431789,-0.099840,-0.074651,0.200
360,1.476813,-0.106577,-0.069955,0.200
361,1.527230,-0.113152,-0.056165,0.200
362,1.586082,-0.119857,-0.063105,0.200
363,1.642915,-0.124157,-0.074667,0.200
364,1.701441,-0.122389,-0.065038,0.200
365,1.756719,-0.132711,-0.062672,0.200
366,1.816645,-0.143409,-0.063763,0.200
367,1.865690,-0.148682,-0.046039,0.200
368,1.931355,-0.150652,-0.056296,0.200
369,1.994834,-0.158466,-0.069545,0.200
370,2.054133,-0.163320,-0.071271,0.200
371,2.116499,-0.157497,-0.071509,0.200
372,2.187447,-0.160954,-0.068421,0.200
373,2.235073,-0.163077,-0.048129,0.200
374,2.295520,-0.169652,-0.043342,0.200
375,2.370818,-0.179648,-0.058157,0.200
376,2.423466,-0.192611,-0.066940,0.200
377,2.487086,-0.193596,-0.067136,0.200
378,2.554466,-0.192929,-0.061911,0.200
379,2.608946,-0.196929,-0.043441,0.200
380,2.683284,-0.197493,-0.051394,0.200
381,2.748138,-0.196805,-0.047795,0.200
382,2.796462,-0.195304,-0.057019,0.200
383,2.853535,-0.208467,-0.078988,0.200
384,2.905162,-0.218627,-0.158457,0.200
385,2.928756,-0.224384,-0.125251,0.200
386,2.969157,-0.234078,-0.123251,0.200
387,3.023364,-0.249141,-0.128228,0.200
388,3.069368,-0.258252,-0.133769,0.200
389,3.123420,-0.269513,-0.135311,0.200
390,3.180798,-0.279502,-0.131624,0.200
391,3.233684,-0.292848,-0.124074,0.200
392,3.299411,-0.297465,-0.131817,0.200
393,3.356965,-0.304623,-0.146657,0.200
394,3.424607,-0.318066,-0.143353,0.200
395,3.499097,-0.329680,-0.136237,0.200
396,3.561992,-0.350825,-0.130870,0.200
397,3.627453,-0.386963,-0.127288,0.200
398,3.726537,-0.396487,-0.131199,0.200
399,3.798653,-0.408454,-0.139708,0.200
400,3.853605,-0.402620,-0.143050,0.200
401,3.903239,-0.399300,-0.129119,0.200
402,3.955573,-0.407087,-0.110241,0.200
403,4.029177,-0.414936,-0.113878,0.200
404,4.125077,-0.438460,-0.130621,0.200
405,4.208647,-0.447733,-0.140181,0.200
406,4.306390,-0.468516,-0.129485,0.200
407,4.367004,-0.477106,-0.114124,0.200
408,4.443978,-0.490655,-0.122011,0.200
409,4.523869,-0.500239,-0.131866,0.200
410,4.568524,-0.498379,-0.107537,0.200
411,4.629689,-0.497361,-0.037932,0.200
412,4.678655,-0.499247,-0.048202,0.200
413,4.786984,-0.486137,-0.040072,0.200
414,4.840380,-0.490125,-0.050901,0.200
415,4.920602,-0.494354,-0.046083,0.200
416,4.996432,-0.500312,-0.048494,0.200
417,5.064088,-0.499312,-0.020772,0.200
418,5.135038,-0.503779,-0.025061,0.200
419,5.220983,-0.509019,-0.033246,0.200
420,5.292954,-0.510954,-0.045049,0.200
421,5.376972,-0.514119,-0.040046,0.200
422,5.449320,-0.518720,-0.025203,0.200
423,5.524416,-0.523924,-0.022822,0.200
424,5.600157,-0.523895,-0.019213,0.200
425,5.643079,-0.526208,-0.041612,0.200
426,5.704149,-0.520341,-0.048268,0.200
427,5.775150,-0.509221,-0.018548,0.200
428,5.835765,-0.506211,-0.015983,0.200
429,5.898475,-0.511118,-0.023575,0.200
430,5.986333,-0.515237,-0.026778,0.200
431,6.050789,-0.510784,-0.038101,0.200
432,6.128654,-0.506896,-0.029936,0.200
433,6.213913,-0.503651,-0.023254,0.200
434,6.288893,-0.503511,-0.017509,0.200
435,6.381692,-0.500686,-0.012258,0.200
436,6.445126,-0.497810,-0.026076,0.200
437,6.514601,-0.503661,-0.023550,0.200
438,6.593498,-0.510109,-0.030581,0.200
439,6.645658,-0.513719,-0.015799,0.200
440,6.718909,-0.515145,-0.023152,0.200
441,6.786705,-0.516313,-0.032587,0.200
442,6.859499,-0.513543,-0.032742,0.200
443,6.948313,-0.515287,-0.037288,0.200
444,7.072469,-0.493194,-0.021543,0.200
445,7.150472,-0.485654,-0.023649,0.200
446,7.283026,-0.487012,-0.022070,0.200
447,7.439800,-0.503367,0.004783,0.200
448,7.640956,-0.522738,-0.045563,0.200
449,7.764722,-0.519104,-0.011646,0.200
450,7.942173,-0.511563,-0.063558,0.200
451,8.101686,-0.522405,-0.053831,0.200
452,8.173471,-0.541339,-0.042307,0.200
453,8.253896,-0.545995,-0.048761,0.200
454,8.405961,-0.549021,-0.062886,0.200
455,8.489707,-0.537166,-0.054495,0.200
456,8.559523,-0.542703,-0.040039,0.200
457,8.609697,-0.552369,-0.036291,0.200
458,8.722043,-0.566236,-0.054019,0.200
459,8.869027,-0.562110,-0.051133,0.200
460,8.943263,-0.571312,-0.028554,0.200
461,9.098014,-0.571899,-0.050318,0.200
462,9.170695,-0.569318,-0.053934,0.200
463,9.325045,-0.582066,-0.029292,0.200
464,9.521557,-0.610843,-0.051684,0.200
465,9.710235,-0.588088,-0.022219,0.200
466,9.794686,-0.592227,-0.024746,0.200
467,9.869280,-0.592894,-0.035198,0.200
468,9.932944,-0.587231,-0.046659,0.200
469,10.103492,-0.589631,-0.024226,0.200
470,10.175714,-0.601901,-0.020683,0.200
471,10.250191,-0.602190,-0.028219,0.200
472,10.302408,-0.604050,-0.034206,0.200
473,10.371571,-0.604108,-0.033265,0.200
474,10.519434,-0.587664,-0.024260,0.200
475,10.650433,-0.626981,-0.123036,0.200
476,10.688525,-0.650507,-0.167545,0.200
477,10.790425,-0.686452,-0.163999,0.200
478,10.850689,-0.697619,-0.146642,0.200
479,10.918155,-0.708605,-0.155535,0.200
480,11.024754,-0.727330,-0.170319,0.200
481,11.169180,-0.720565,-0.058542,0.200
482,11.288338,-0.723994,-0.039982,0.200
483,11.338520,-0.725263,-0.062167,0.200
484,11.549330,-0.733220,-0.041970,0.200
485,11.746709,-0.749588,-0.057659,0.200
486,11.811240,-0.762185,-0.055710,0.200
487,11.889857,-0.757049,-0.051630,0.200
488,11.963949,-0.757977,-0.039363,0.200
489,12.197819,-0.747866,-0.060450,0.200
490,12.286258,-0.750869,-0.053262,0.200
491,12.363968,-0.763859,-0.041705,0.200
492,12.452689,-0.763995,-0.036130,0.200
493,12.611732,-0.772963,-0.057568,0.200
494,12.704945,-0.790899,-0.047150,0.200
495,12.854031,-0.813758,-0.023669,0.200
496,13.262323,-0.815584,-0.030636,0.200
497,13.510889,-0.810781,-0.039719,0.200
498,13.834632,-0.835151,-0.029339,0.200
499,13.885226,-0.848714,-0.037286,0.200
500,14.031923,-0.857071,-0.012599,0.200
501,14.233730,-0.868761,-0.037574,0.200
502,14.526547,-0.853909,-0.023310,0.200
503,14.833117,-0.882681,-0.025630,0.200
504,15.147023,-0.864946,-0.032419,0.200
505,15.444699,-0.861066,-0.035067,0.200
506,15.505823,-0.884288,-0.032814,0.200
507,15.663446,-0.905374,-0.007303,0.200
508,15.795915,-0.936286,-0.032162,0.200
509,15.948434,-0.932995,-0.016949,0.200
510,16.248718,-0.936409,-0.042176,0.200
511,16.559140,-0.885499,-0.013839,0.200
512,16.839970,-0.867029,-0.028010,0.200
513,17.222136,-0.996281,-0.078627,0.200
514,17.478569,-1.006043,-0.087030,0.200
515,17.744652,-1.003158,-0.093303,0.200
516,17.985690,-1.038129,-0.074361,0.200
517,18.374926,-1.076074,-0.060500,0.200
518,18.647953,-1.079703,-0.072624,0.200
519,18.753851,-1.074361,-0.060084,0.200
520,19.003217,-1.098346,-0.056744,0.200
521,19.365245,-1.142611,-0.068199,0.200
522,19.456848,-1.143030,-0.062465,0.200
523,19.616101,-1.137080,-0.050322,0.200
524,19.692252,-1.142726,-0.053593,0.200
525,19.812110,-1.165632,-0.057690,0.200
526,19.985918,-1.191703,-0.038246,0.200
527,20.129903,-1.189402,-0.058157,0.200
528,20.211723,-1.181079,-0.051214,0.200
529,20.351730,-1.184914,-0.027260,0.200
530,20.424423,-1.176438,-0.032793,0.200
531,20.597599,-1.163889,-0.052351,0.200
532,20.746586,-1.183355,-0.018183,0.200
533,20.972462,-1.185745,-0.044982,0.200
534,21.107023,-1.186210,-0.012062,0.200
535,21.290203,-1.187491,-0.034131,0.200
536,21.449168,-1.173994,-0.015496,0.200
537,21.650226,-1.183748,-0.024243,0.200
538,21.790091,-1.174658,-0.029154,0.200
539,21.947091,-1.182195,-0.014319,0.200
540,22.112415,-1.221408,-0.025062,0.200
541,22.252162,-1.236581,-0.023745,0.200
542,22.422190,-1.238518,-0.016101,0.200
543,22.547707,-1.195920,-0.026750,0.200
544,22.669121,-1.220831,0.004901,0.200
545,22.758250,-1.221789,-0.007054,0.200
546,22.808482,-1.227399,-0.017120,0.200
547,22.958552,-1.225941,0.004829,0.200
548,23.133385,-1.223156,-0.000803,0.200
549,23.232812,-1.217640,-0.002453,0.200
550,23.333097,-1.220220,0.003095,0.200
551,23.422674,-1.219738,0.011866,0.200
552,23.496969,-1.225980,0.011250,0.200
553,23.586578,-1.222454,0.000159,0.200
554,23.666127,-1.221001,-0.000679,0.200
555,23.746603,-1.225859,-0.010240,0.200
556,23.818378,-1.236760,-0.037319,0.200
557,23.878716,-1.245230,-0.018884,0.200
558,23.933351,-1.248022,-0.033361,0.200
559,23.994423,-1.247813,-0.033864,0.200
560,24.037814,-1.250749,-0.042137,0.200
561,24.123491,-1.248359,-0.033633,0.200
562,24.183595,-1.250095,-0.018978,0.200
563,24.253526,-1.251921,-0.022198,0.200
564,24.330634,-1.248581,-0.029724,0.200
565,24.408008,-1.236149,-0.031760,0.200
566,24.482452,-1.233281,-0.038870,0.200
567,24.543768,-1.236009,-0.013480,0.200
568,24.626849,-1.242335,-0.015972,0.200
569,24.775059,-1.260525,-0.031553,0.200
570,24.848686,-1.267066,-0.052822,0.200
571,24.892683,-1.262347,-0.039620,0.200
572,25.091822,-1.271116,-0.044010,0.200
573,25.169206,-1.280055,-0.051338,0.200
574,25.262743,-1.296414,-0.046382,0.200
575,25.328338,-1.306251,-0.031701,0.200
576,25.398511,-1.307827,-0.041306,0.200
577,25.491376,-1.312407,-0.038514,0.200
578,25.556890,-1.315203,-0.045120,0.200
579,25.632904,-1.316940,-0.038694,0.200
580,25.704176,-1.322652,-0.019887,0.200
581,25.771985,-1.334638,-0.024754,0.200
582,25.854508,-1.325290,-0.035663,0.200
583,25.911646,-1.322926,-0.036565,0.200
584,25.992005,-1.318777,-0.031450,0.200
585,26.163250,-1.395156,-0.014288,0.200
586,26.244041,-1.403479,-0.018200,0.200
587,26.310946,-1.402448,-0.034580,0.200
588,26.377123,-1.386071,-0.033484,0.200
589,26.462357,-1.373044,-0.028004,0.200
590,26.519185,-1.365099,-0.009908,0.200
591,26.606306,-1.354615,-0.012805,0.200
592,26.675051,-1.348337,-0.028587,0.200
593,26.750074,-1.339021,-0.029480,0.200
594,26.829451,-1.341012,-0.028313,0.200
595,26.891055,-1.345108,-0.005085,0.200
596,27.028147,-1.348635,-0.024410,0.200
597,27.085571,-1.348454,-0.036678,0.200
598,27.173650,-1.354274,-0.019932,0.200
599,27.243068,-1.360525,-0.003346,0.200
600,27.332970,-1.368491,-0.013335,0.200
601,27.426554,-1.365656,-0.014430,0.200
602,27.587730,-1.352626,-0.017189,0.200
603,27.677310,-1.345280,-0.004113,0.200
604,27.755258,-1.346910,-0.002352,0.200
605,27.918516,-1.335996,-0.015254,0.200
606,27.984188,-1.337002,-0.012006,0.200
607,28.064444,-1.341229,0.000462,0.200
608,28.119004,-1.350555,0.028485,0.200
609,28.188336,-1.363432,0.004370,0.200
610,28.243427,-1.369605,-0.003412,0.200
611,28.324078,-1.362628,-0.004187,0.200
612,28.471310,-1.357511,-0.000481,0.200
613,28.545032,-1.366183,-0.001697,0.200
614,28.673909,-1.365127,-0.026794,0.200
615,28.754745,-1.350656,-0.025200,0.200
616,28.901208,-1.341951,0.000750,0.200
617,28.975750,-1.332952,0.000893,0.200
618,29.060200,-1.323148,-0.011598,0.200
619,29.137672,-1.314610,-0.012565,0.200
620,29.214254,-1.315152,-0.009755,0.200
621,29.341241,-1.310113,-0.043587,0.200
622,29.380042,-1.318781,-0.035477,0.200
623,29.429511,-1.334446,-0.046463,0.200
624,29.498587,-1.331751,-0.037913,0.200
625,29.699821,-1.373273,-0.038462,0.200
626,29.874363,-1.436352,-0.041623,0.200
627,29.984855,-1.436387,-0.039271,0.200
628,30.159062,-1.417858,-0.018852,0.200
629,30.242567,-1.392697,-0.027063,0.200
630,30.312433,-1.371099,-0.036824,0.200
631,30.388407,-1.362572,-0.030846,0.200
632,30.501159,-1.342448,-0.019561,0.200
633,30.585206,-1.345410,-0.024915,0.200
634,30.650828,-1.349519,-0.033762,0.200
635,30.726674,-1.358020,-0.030943,0.200
636,30.875806,-1.376189,-0.011218,0.200
637,30.956247,-1.375577,-0.015048,0.200
638,31.012166,-1.376679,-0.032361,0.200
639,31.081954,-1.377897,-0.034602,0.200
640,31.167050,-1.381647,-0.030697,0.200
641,31.233110,-1.382506,-0.005888,0.200
642,31.314070,-1.380021,-0.006405,0.200
643,31.387937,-1.387857,-0.022275,0.200
644,31.441192,-1.385923,-0.028039,0.200
645,31.519821,-1.395834,-0.024369,0.200
646,31.585171,-1.384266,-0.011692,0.200
647,31.662844,-1.390974,-0.014970,0.200
648,31.745835,-1.400843,-0.023663,0.200
649,31.812675,-1.396045,-0.032740,0.200
650,31.972590,-1.387594,-0.007439,0.200
651,32.045520,-1.397391,-0.001260,0.200
652,32.142663,-1.388469,-0.026761,0.200
653,32.235354,-1.357434,-0.036814,0.200
654,32.308391,-1.312097,-0.019444,0.200
655,32.378685,-1.300461,-0.009838,0.200
656,32.447234,-1.317080,0.001516,0.200
657,32.527256,-1.329626,0.007745,0.200
658,32.599300,-1.349682,-0.019536,0.200
659,32.673113,-1.358663,-0.018052,0.200
660,32.755951,-1.371729,-0.013599,0.200
661,32.899524,-1.377496,0.001109,0.200
662,32.965108,-1.386909,-0.017586,0.200
663,33.030258,-1.378648,-0.020611,0.200
664,33.114672,-1.375678,-0.010155,0.200
665,33.275268,-1.362078,0.011872,0.200
666,33.364912,-1.356839,0.006621,0.200
667,33.427536,-1.358493,-0.004822,0.200
668,33.510411,-1.350832,0.002198,0.200
669,33.594778,-1.342667,0.000745,0.200
670,33.640297,-1.339586,0.012510,0.200
671,33.788795,-1.332570,-0.005526,0.200
672,33.879867,-1.337424,0.004015,0.200
673,33.966722,-1.332330,0.007077,0.200
674,34.045739,-1.342286,0.028839,0.200
675,34.118316,-1.353756,0.019809,0.200
676,34.260005,-1.352810,-0.002015,0.200
677,34.346626,-1.369536,-0.001325,0.200
678,34.429038,-1.402058,-0.003146,0.200
679,34.598700,-1.430001,-0.015464,0.200
680,34.657392,-1.415303,-0.024806,0.200
681,34.718322,-1.395393,-0.016110,0.200
682,34.790905,-1.390369,0.000440,0.200
683,34.855597,-1.389568,-0.018496,0.200
684,34.912253,-1.389096,-0.023240,0.200
685,34.961575,-1.378050,-0.033160,0.200
686,35.036646,-1.371836,-0.024713,0.200
687,35.122952,-1.376254,-0.012597,0.200
688,35.206587,-1.365036,-0.009109,0.200
689,35.297132,-1.353777,-0.010877,0.200
690,35.353612,-1.354850,-0.028181,0.200
691,35.417775,-1.365759,-0.060634,0.200
692,35.480833,-1.376536,-0.103857,0.200
693,35.528444,-1.378726,-0.064746,0.200
694,35.586724,-1.392359,-0.052967,0.200
695,35.658910,-1.397067,-0.087742,0.200
696,35.708013,-1.392016,-0.091056,0.200
697,35.761850,-1.390286,-0.103764,0.200
698,35.875353,-1.409229,-0.082234,0.200
699,35.924618,-1.411796,-0.073183,0.200
700,35.991037,-1.430283,-0.081920,0.200
701,36.059959,-1.444382,-0.086832,0.200
702,36.125392,-1.463840,-0.097788,0.200
703,36.279336,-1.493731,-0.072963,0.200
704,36.361437,-1.497186,-0.078910,0.200
705,36.444798,-1.488144,-0.092153,0.200
706,36.509191,-1.482049,-0.088896,0.200
707,36.583941,-1.477288,-0.083414,0.200
708,36.665858,-1.488370,-0.074301,0.200
709,36.732048,-1.500690,-0.068642,0.200
710,36.822319,-1.509457,-0.073951,0.200
711,36.873376,-1.511266,-0.090683,0.200
712,36.944021,-1.519984,-0.087606,0.200
713,37.024598,-1.541615,-0.076356,0.200
714,37.101649,-1.557942,-0.062288,0.200
715,37.176037,-1.571484,-0.068685,0.200
716,37.219548,-1.584282,-0.075971,0.200
717,37.355151,-1.591354,-0.079168,0.200
718,37.433680,-1.590985,-0.057027,0.200
719,37.512446,-1.589039,-0.054670,0.200
720,37.656831,-1.596247,-0.073056,0.200
721,37.747645,-1.606211,-0.067720,0.200
722,37.921121,-1.614726,-0.044401,0.200
723,38.006304,-1.624053,-0.050358,0.200
724,38.140552,-1.647704,-0.062950,0.200
725,38.225480,-1.658482,-0.053926,0.200
726,38.303649,-1.675229,-0.043465,0.200
727,38.462241,-1.674392,-0.062992,0.200
728,38.611766,-1.645274,-0.050752,0.200
729,38.688461,-1.646007,-0.033883,0.200
730,38.839366,-1.641494,-0.045244,0.200
731,38.898860,-1.636142,-0.051111,0.200
732,39.199939,-1.618157,-0.024028,0.200
733,39.426352,-1.614121,-0.033434,0.200
734,39.725139,-1.682348,-0.024790,0.200
735,39.860289,-1.719864,0.007615,0.200
736,39.954476,-1.711954,-0.048677,0.200
737,40.146902,-1.643706,-0.026208,0.200
738,40.497529,-1.635764,-0.005022,0.200
739,40.602887,-1.664708,-0.040121,0.200
740,40.785829,-1.703916,-0.039172,0.200
741,40.882608,-1.713894,-0.068502,0.200
742,40.935893,-1.720123,-0.063517,0.200
743,41.044369,-1.738598,-0.068646,0.200
744,41.105683,-1.732422,-0.077810,0.200
745,41.168385,-1.730619,-0.079657,0.200
746,41.321264,-1.746989,-0.046436,0.200
747,41.568106,-1.729995,-0.062927,0.200
748,41.723678,-1.757168,-0.048094,0.200
749,41.870633,-1.795680,-0.046971,0.200
750,41.923788,-1.816790,-0.058797,0.200
751,41.991243,-1.815401,-0.059326,0.200
752,42.066867,-1.823958,-0.052735,0.200
753,42.224359,-1.848755,-0.047423,0.200
754,42.301057,-1.848388,-0.059809,0.200
755,42.373838,-1.837963,-0.064291,0.200
756,42.454281,-1.836951,-0.042029,0.200
757,42.536139,-1.859340,-0.033591,0.200
758,42.616727,-1.862260,-0.037587,0.200
759,42.693653,-1.858789,-0.043267,0.200
760,42.758621,-1.861767,-0.054129,0.200
761,42.829379,-1.861464,-0.046605,0.200
762,42.904779,-1.867506,-0.029814,0.200
763,42.970072,-1.866788,-0.029244,0.200
764,43.070188,-1.875966,-0.042947,0.200
765,43.114541,-1.884385,-0.044065,0.200
766,43.264608,-1.913749,-0.030731,0.200
767,43.349839,-1.972261,-0.029920,0.200
768,43.451339,-1.979816,-0.027562,0.200
769,43.529199,-1.951102,-0.043264,0.200
770,43.616297,-1.922342,-0.041903,0.200
771,43.680651,-1.912702,-0.031097,0.200
772,43.746636,-1.907022,-0.007520,0.200
773,43.830599,-1.908075,-0.019903,0.200
774,43.909327,-1.908916,-0.027049,0.200
775,43.965002,-1.889659,-0.037308,0.200
776,44.038951,-1.889918,-0.029924,0.200
777,44.115776,-1.900899,-0.005510,0.200
778,44.195549,-1.912470,-0.016091,0.200
779,44.280871,-1.916706,-0.018454,0.200
780,44.340458,-1.927458,-0.026430,0.200
781,44.413168,-1.935320,-0.020934,0.200
782,44.482467,-1.937455,-0.003391,0.200
783,44.561024,-1.929632,-0.010508,0.200
784,44.662088,-1.920820,-0.013479,0.200
785,44.744380,-1.913452,-0.024150,0.200
786,44.910143,-1.900916,-0.010479,0.200
787,44.979781,-1.898386,0.004132,0.200
788,45.146904,-1.887518,-0.020946,0.200
789,45.221586,-1.873897,-0.025461,0.200
790,45.436984,-1.883350,0.008353,0.200
791,45.488767,-1.894283,-0.004063,0.200
792,45.554095,-1.898859,-0.009819,0.200
793,45.640143,-1.904847,-0.001818,0.200
794,45.703401,-1.909127,0.020733,0.200
795,45.780840,-1.906146,0.012107,0.200
796,45.868493,-1.903262,-0.006995,0.200
797,45.936995,-1.897043,-0.022449,0.200
798,46.073361,-1.877224,-0.000773,0.200
799,46.236465,-1.868145,-0.000065,0.200
800,46.402177,-1.866285,-0.008763,0.200
801,46.564672,-1.869167,0.015831,0.200
802,46.643117,-1.876250,0.009719,0.200
803,46.707772,-1.876618,-0.004109,0.200
804,46.766177,-1.864143,-0.007553,0.200
805,46.837016,-1.862017,-0.000474,0.200
806,46.914748,-1.839314,0.018430,0.200
807,46.983670,-1.823713,0.020485,0.200
808,47.153519,-1.754490,0.018018,0.200
809,47.232628,-1.777207,0.008419,0.200
810,47.330662,-1.825324,0.024005,0.200
811,47.407128,-1.863065,0.030226,0.200
812,47.495513,-1.865828,0.028457,0.200
813,47.625828,-1.851995,0.016368,0.200
814,47.692831,-1.847250,0.027463,0.200
815,47.735684,-1.854613,0.035358,0.200
816,47.811662,-1.849153,0.031037,0.200
817,47.876576,-1.856135,0.013400,0.200
818,47.954179,-1.856932,0.013730,0.200
819,48.039521,-1.854417,-0.002067,0.200
820,48.099833,-1.874498,0.026056,0.200
821,48.182612,-1.880351,0.029141,0.200
822,48.269172,-1.871158,0.020489,0.200
823,48.352502,-1.852059,0.016527,0.200
824,48.438105,-1.835391,0.021745,0.200
825,48.522142,-1.813120,0.041632,0.200
826,48.604836,-1.789142,0.031461,0.200
827,48.681033,-1.794680,0.027199,0.200
828,48.740827,-1.787867,0.024093,0.200
829,48.832597,-1.802903,0.035733,0.200
830,48.921699,-1.803746,0.047781,0.200
831,48.997631,-1.804604,0.048288,0.200
832,49.144533,-1.789229,0.027475,0.200
833,49.205569,-1.783498,0.034929,0.200
834,49.333613,-1.785271,0.055284,0.200
835,49.408880,-1.789296,0.046722,0.200
836,49.477291,-1.780356,0.040461,0.200
837,49.631078,-1.752474,0.046646,0.200
838,49.701808,-1.751555,0.055262,0.200
839,49.782767,-1.749539,0.051892,0.200
840,49.864816,-1.746863,0.043379,0.200
841,50.008102,-1.741022,0.044418,0.200
842,50.081612,-1.739996,0.057731,0.200
843,50.156761,-1.734802,0.052614,0.200
844,50.233503,-1.733926,0.046890,0.200
845,50.295955,-1.725535,0.037762,0.200
846,50.376193,-1.707421,0.045112,0.200
847,50.440835,-1.703462,0.053352,0.200
848,50.732119,-1.680007,0.040300,0.200
849,50.904502,-1.677219,0.050004,0.200
850,51.009155,-1.681540,0.023605,0.200
851,51.086214,-1.684456,-0.027545,0.200
852,51.141825,-1.691449,-0.078106,0.200
853,51.185552,-1.735213,-0.127087,0.200
854,51.243567,-1.798707,-0.263111,0.200
855,51.281544,-1.895214,-0.466277,0.200
856,51.333186,-1.987597,-0.703804,0.200
857,51.345384,-2.031214,-0.799090,0.200
858,51.335663,-2.084683,-0.875739,0.200
859,51.343576,-2.161314,-0.962211,0.200
860,51.334795,-2.280314,-1.205256,0.200
861,51.313671,-2.341686,-1.257153,0.200
862,51.279046,-2.391200,-1.340460,0.200
863,51.259198,-2.459900,-1.353923,0.200
864,51.262952,-2.523736,-1.338393,0.200
865,51.247217,-2.598661,-1.351391,0.200
866,51.238737,-2.673817,-1.369381,0.200
867,51.232650,-2.764004,-1.350967,0.200
868,51.237584,-2.918877,-1.355769,0.200
869,51.225700,-2.978573,-1.366318,0.200
870,51.226966,-3.131751,-1.361437,0.200
871,51.206371,-3.208963,-1.348132,0.200
872,51.195036,-3.297176,-1.359699,0.200
873,51.183122,-3.461961,-1.383997,0.200
874,51.177457,-3.551055,-1.387176,0.200
875,51.162840,-3.634985,-1.354594,0.200
876,51.158147,-3.714637,-1.367625,0.200
877,51.179102,-3.871341,-1.316552,0.200
878,51.178058,-4.030559,-1.307682,0.200
879,51.166078,-4.102601,-1.307854,0.200
880,51.132446,-4.310867,-1.281208,0.200
881,51.089854,-4.390633,-1.325799,0.200
882,51.092569,-4.532211,-1.244408,0.200
883,51.145438,-4.655612,-1.212278,0.200
884,51.147934,-4.720502,-1.226221,0.200
885,51.162808,-4.866379,-1.221376,0.200
886,51.176776,-5.040674,-1.233974,0.200
887,51.203330,-5.289017,-1.233683,0.200
888,51.216463,-5.406674,-1.217371,0.200
889,51.240755,-5.573423,-1.189834,0.200
890,51.239529,-5.636862,-1.145769,0.200
891,51.289148,-5.756623,-1.005392,0.200
892,51.330905,-5.888459,-1.006284,0.200
893,51.357490,-5.959410,-1.003793,0.200
894,51.386194,-6.028584,-1.000981,0.200
895,51.423002,-6.112061,-1.014448,0.200
896,51.416713,-6.184528,-1.000763,0.200
897,51.433452,-6.259681,-1.002191,0.200
898,51.454167,-6.345772,-1.000096,0.200
899,51.487789,-6.426193,-1.015958,0.200
900,51.525019,-6.503666,-1.003078,0.200
901,51.544106,-6.589020,-1.000469,0.200
902,51.568146,-6.665478,-1.004175,0.200
903,51.615432,-6.745385,-1.001773,0.200
904,51.662276,-6.826059,-1.012924,0.200
905,51.699204,-6.904454,-1.012325,0.200
906,51.727201,-6.986515,-0.993752,0.200
907,51.740204,-7.060318,-0.994142,0.200
908,51.765160,-7.143890,-0.985047,0.200
909,51.801529,-7.312440,-1.011273,0.200
910,51.837466,-7.405171,-0.987030,0.200
911,51.848043,-7.481046,-0.981560,0.200
912,51.943553,-7.671231,-0.994753,0.200
913,52.125931,-7.961060,-0.990124,0.200
914,51.974226,-7.922041,-1.014941,0.200
915,51.880709,-8.087331,-0.983216,0.200
916,51.904873,-8.521354,-0.981476,0.200
917,52.105838,-8.876577,-0.963852,0.200
918,52.540674,-9.350129,-0.956691,0.200
919,52.680693,-9.672924,-0.970097,0.200
920,52.752514,-9.843136,-0.978129,0.200
921,52.773098,-9.925693,-0.963112,0.200
922,52.817677,-10.093512,-0.961915,0.200
923,52.842677,-10.189569,-0.950346,0.200
924,52.865318,-10.256045,-0.971790,0.200
925,52.905608,-10.348963,-0.972056,0.200
926,52.937474,-10.434535,-0.946901,0.200
927,52.961508,-10.512906,-0.952692,0.200
928,53.020511,-10.681307,-0.967131,0.200
929,53.052502,-10.753572,-0.974735,0.200
930,53.115712,-10.923875,-0.953343,0.200
931,53.146248,-11.026273,-0.951569,0.200
932,53.178225,-11.116061,-0.962850,0.200
933,53.199161,-11.193549,-0.971766,0.200
934,53.247337,-11.379153,-0.959199,0.200
935,53.277013,-11.485495,-0.954390,0.200
936,53.304670,-11.583048,-0.968765,0.200
937,53.343809,-11.670504,-0.972719,0.200
938,53.411655,-11.830519,-0.955811,0.200
939,53.476583,-11.929479,-0.960034,0.200
940,53.508556,-12.005504,-0.960172,0.200
941,53.554116,-12.089630,-0.978703,0.200
942,53.598186,-12.177278,-0.950979,0.200
943,53.621824,-12.258694,-0.949643,0.200
944,53.668066,-12.337919,-0.959110,0.200
945,53.711330,-12.426298,-0.952820,0.200
946,53.763032,-12.516766,-0.966530,0.200
947,53.802380,-12.613188,-0.950005,0.200
948,53.826238,-12.695278,-0.943951,0.200
949,53.852040,-12.787388,-0.950899,0.200
950,53.867340,-12.864843,-0.947816,0.200
951,53.858876,-12.952973,-0.962421,0.200
952,53.867039,-13.045835,-0.953480,0.200
953,53.895153,-13.115335,-0.945216,0.200
954,53.947635,-13.192885,-0.957355,0.200
955,53.983989,-13.283416,-0.947993,0.200
956,54.026422,-13.364114,-0.963056,0.200
957,54.066508,-13.451110,-0.945205,0.200
958,54.105741,-13.544129,-0.939625,0.200
959,54.148475,-13.638035,-0.946960,0.200
960,54.160828,-13.737490,-0.936566,0.200
961,54.206156,-13.891832,-0.945404,0.200
962,54.243441,-13.991186,-0.934531,0.200
963,54.278584,-14.103729,-0.952827,0.200
964,54.308857,-14.209625,-0.946383,0.200
965,54.366164,-14.271850,-0.953381,0.200
966,54.487387,-14.403118,-0.924436,0.200
967,54.510726,-14.492003,-0.935704,0.200
968,54.518962,-14.593145,-0.929850,0.200
969,54.517885,-14.766307,-0.959825,0.200
970,54.465607,-14.817718,-0.941413,0.200
971,54.454440,-14.934507,-0.938817,0.200
972,54.475918,-15.035284,-0.935723,0.200
973,54.546900,-15.125403,-0.944173,0.200
974,54.630727,-15.235375,-0.935692,0.200
975,54.702202,-15.330906,-0.926503,0.200
976,54.880417,-15.515286,-0.935710,0.200
977,54.950667,-15.573954,-0.948476,0.200
978,55.043161,-15.734516,-0.923520,0.200
979,55.038818,-15.800008,-0.932333,0.200
980,55.027320,-15.876075,-0.937402,0.200
981,55.034375,-15.953068,-0.941781,0.200
982,55.066874,-16.064260,-0.927317,0.200
983,55.086765,-16.140807,-0.915096,0.200
984,55.129562,-16.237165,-0.916554,0.200
985,55.153239,-16.336073,-0.931964,0.200
986,55.190546,-16.419957,-0.940557,0.200
987,55.245309,-16.507424,-0.928330,0.200
988,55.283376,-16.589225,-0.918672,0.200
989,55.337708,-16.681792,-0.926906,0.200
990,55.376104,-16.773560,-0.933209,0.200
991,55.420899,-16.841140,-0.938195,0.200
992,55.459856,-16.926865,-0.926139,0.200
993,55.475453,-17.012079,-0.919825,0.200
994,55.540575,-17.176485,-0.931653,0.200
995,55.596016,-17.329560,-0.909107,0.200
996,55.634123,-17.428018,-0.921087,0.200
997,55.668486,-17.523141,-0.954917,0.200
998,55.674903,-17.600120,-1.027952,0.200
999,55.668417,-17.664931,-1.115430,0.200
1000,55.679605,-17.726317,-1.115111,0.200
1001,55.702877,-17.790297,-1.127423,0.200
1002,55.730504,-17.914629,-1.122917,0.200
1003,55.697930,-17.953457,-1.184000,0.200
1004,55.692289,-18.087156,-1.197233,0.200
1005,55.690550,-18.178563,-1.219296,0.200
1006,55.698854,-18.265814,-1.189954,0.200
1007,55.750970,-18.471781,-1.209914,0.200
1008,55.774432,-18.552737,-1.214165,0.200
1009,55.774668,-18.627786,-1.233402,0.200
1010,55.772909,-18.699251,-1.240805,0.200
1011,55.762840,-18.771771,-1.238805,0.200
1012,55.775587,-18.834866,-1.236511,0.200
1013,55.771037,-18.907893,-1.240976,0.200
1014,55.766561,-18.988630,-1.257808,0.200
1015,55.765654,-19.084626,-1.224903,0.200
1016,55.752421,-19.169796,-1.227505,0.200
1017,55.763701,-19.257942,-1.231152,0.200
1018,55.773303,-19.345494,-1.229821,0.200
1019,55.796549,-19.435281,-1.246939,0.200
1020,55.803473,-19.622557,-1.214083,0.200
1021,55.808810,-19.707748,-1.234803,0.200
1022,55.821059,-19.897001,-1.238884,0.200
1023,55.823378,-19.992555,-1.235392,0.200
1024,55.828508,-20.084951,-1.216527,0.200
1025,55.833164,-20.171802,-1.230706,0.200
1026,55.846942,-20.355221,-1.235557,0.200
1027,55.854199,-20.458987,-1.237114,0.200
1028,55.866481,-20.566469,-1.215045,0.200
1029,55.869668,-20.746224,-1.210174,0.200
1030,55.878143,-20.824835,-1.224751,0.200
1031,55.888515,-20.914143,-1.228859,0.200
1032,55.899092,-21.014496,-1.220048,0.200
1033,55.905027,-21.105160,-1.223655,0.200
1034,55.911865,-21.208355,-1.208744,0.200
1035,55.895362,-21.289457,-1.227839,0.200
1036,55.902630,-21.371344,-1.235041,0.200
1037,55.896799,-21.478294,-1.201507,0.200
1038,55.901531,-21.565574,-1.213987,0.200
1039,55.932730,-21.659449,-1.214857,0.200
1040,55.920595,-21.785539,-1.233927,0.200
1041,55.944667,-21.910016,-1.233027,0.200
1042,55.959797,-22.117024,-1.204365,0.200
1043,55.967373,-22.197032,-1.189421,0.200
1044,55.947323,-22.438606,-1.199427,0.200
1045,55.962857,-22.497484,-1.204541,0.200
1046,56.000864,-22.595440,-1.182892,0.200
1047,55.987135,-22.673679,-1.218249,0.200
1048,55.992210,-22.763104,-1.227413,0.200
1049,55.999139,-22.865133,-1.191420,0.200
1050,56.007182,-22.966263,-1.204858,0.200
1051,56.032793,-23.074756,-1.188225,0.200
1052,56.034951,-23.179590,-1.226513,0.200
1053,56.049584,-23.266989,-1.226255,0.200
1054,56.043787,-23.361408,-1.190442,0.200
1055,56.065085,-23.570041,-1.187650,0.200
1056,56.074210,-23.671385,-1.201943,0.200
1057,56.083953,-23.765401,-1.208842,0.200
1058,56.096969,-24.013602,-1.293077,0.200
1059,56.067548,-24.068646,-1.337528,0.200
1060,56.060343,-24.138161,-1.321622,0.200
1061,56.034369,-24.267034,-1.324233,0.200
1062,56.034456,-24.438770,-1.338945,0.200
1063,56.016049,-24.657625,-1.347461,0.200
1064,55.999774,-24.849883,-1.347777,0.200
1065,56.006812,-25.015513,-1.355974,0.200
1066,55.999889,-25.184194,-1.324768,0.200
1067,55.988583,-25.255942,-1.333316,0.200
1068,55.977228,-25.419398,-1.321164,0.200
1069,55.967725,-25.503401,-1.333119,0.200
1070,55.971004,-25.591295,-1.301750,0.200
1071,55.966510,-25.660373,-1.290709,0.200
1072,55.977813,-25.741505,-1.298621,0.200
1073,55.982955,-25.841072,-1.288051,0.200
1074,55.985754,-25.922044,-1.304243,0.200
1075,55.995024,-26.009842,-1.288045,0.200
1076,55.972301,-26.109783,-1.283068,0.200
1077,55.958949,-26.207717,-1.291290,0.200
1078,55.956174,-26.323087,-1.291742,0.200
1079,55.961120,-26.436614,-1.294552,0.200
1080,55.960612,-26.517253,-1.280638,0.200
1081,55.902003,-26.708871,-1.286596,0.200
1082,55.916188,-26.883122,-1.303556,0.200
1083,55.935205,-26.979029,-1.293069,0.200
1084,55.940385,-27.168702,-1.292439,0.200
1085,55.952489,-27.263402,-1.295302,0.200
1086,55.948998,-27.334372,-1.298365,0.200
1087,55.930475,-27.529653,-1.274670,0.200
1088,55.940092,-27.719792,-1.271368,0.200
1089,55.955227,-27.822062,-1.295619,0.200
1090,55.960519,-27.928090,-1.294177,0.200
1091,55.946564,-28.015941,-1.273423,0.200
1092,55.930542,-28.107181,-1.289310,0.200
1093,55.910888,-28.215689,-1.272368,0.200
1094,55.884185,-28.313528,-1.288259,0.200
1095,55.876809,-28.405018,-1.278852,0.200
1096,55.890228,-28.487658,-1.269995,0.200
1097,55.905702,-28.580517,-1.282241,0.200
1098,55.917079,-28.881114,-1.291849,0.200
1099,55.912309,-28.968653,-1.269225,0.200
1100,55.905110,-29.066556,-1.282717,0.200
1101,55.917750,-29.342856,-1.285990,0.200
1102,55.867219,-29.740316,-1.265565,0.200
1103,55.892436,-30.018156,-1.263148,0.200
1104,55.965649,-30.374981,-1.248187,0.200
1105,56.009418,-30.653324,-1.294586,0.200
1106,55.967954,-30.981888,-1.268917,0.200
1107,55.963330,-31.382972,-1.233635,0.200
1108,56.091970,-31.776824,-1.252181,0.200
1109,56.032046,-31.963373,-1.267675,0.200
1110,56.045462,-32.064219,-1.237938,0.200
1111,56.037041,-32.263105,-1.250920,0.200
1112,56.000671,-32.354295,-1.242210,0.200
1113,55.998667,-32.460609,-1.251140,0.200
1114,55.990087,-32.568333,-1.237275,0.200
1115,55.989434,-32.660201,-1.254239,0.200
1116,55.991263,-32.767771,-1.244942,0.200
1117,55.986837,-32.861247,-1.241098,0.200
1118,55.989755,-32.962367,-1.238591,0.200
1119,55.984065,-33.050449,-1.257346,0.200
1120,55.992510,-33.134588,-1.260641,0.200
1121,56.002252,-33.221176,-1.246575,0.200
1122,56.007089,-33.306961,-1.243157,0.200
1123,56.030003,-33.411281,-1.234124,0.200
1124,56.020401,-33.500933,-1.250927,0.200
1125,56.009427,-33.589717,-1.286692,0.200
1126,56.013343,-33.680296,-1.299706,0.200
1127,56.027816,-33.850312,-1.316966,0.200
1128,56.031180,-34.027096,-1.332764,0.200
1129,56.010988,-34.127167,-1.277237,0.200
1130,55.988732,-34.324706,-1.307912,0.200
1131,56.023803,-34.513267,-1.321280,0.200
1132,56.030918,-34.601973,-1.318924,0.200
1133,56.013590,-34.701956,-1.277442,0.200
1134,55.987085,-34.896580,-1.290245,0.200
1135,55.969772,-35.078705,-1.304121,0.200
1136,55.961673,-35.168974,-1.290566,0.200
1137,55.970936,-35.242499,-1.300077,0.200
1138,55.979287,-35.346607,-1.282713,0.200
1139,55.976509,-35.443333,-1.312177,0.200
1140,55.966517,-35.542041,-1.303198,0.200
1141,55.957069,-35.644314,-1.271747,0.200
1142,55.922172,-35.790097,-1.280958,0.200
1143,55.958951,-36.010354,-1.291569,0.200
1144,55.958378,-36.115231,-1.282721,0.200
1145,55.971251,-36.199228,-1.295789,0.200
1146,55.961508,-36.302432,-1.283430,0.200
1147,55.939102,-36.388029,-1.314254,0.200
1148,55.922980,-36.493559,-1.280928,0.200
1149,55.920047,-36.597318,-1.276810,0.200
1150,55.924923,-36.692937,-1.298685,0.200
1151,55.952651,-36.812387,-1.288852,0.200
1152,55.974009,-36.923006,-1.313797,0.200
1153,55.974700,-37.020577,-1.314546,0.200
1154,55.998307,-37.247755,-1.303965,0.200
1155,55.980139,-37.342186,-1.288281,0.200
1156,55.963223,-37.429323,-1.312151,0.200
1157,55.966315,-37.583732,-1.276966,0.200
1158,55.974462,-37.673848,-1.294885,0.200
1159,55.968982,-37.774238,-1.267028,0.200
1160,55.943800,-37.869241,-1.293119,0.200
1161,55.937255,-37.969716,-1.310171,0.200
1162,55.924355,-38.054262,-1.279031,0.200
1163,55.920550,-38.148990,-1.288444,0.200
1164,55.932817,-38.242423,-1.275368,0.200
1165,55.954123,-38.338912,-1.308310,0.200
1166,55.954003,-38.445855,-1.268204,0.200
1167,55.941661,-38.536714,-1.283015,0.200
1168,55.949018,-38.637437,-1.287105,0.200
1169,55.936860,-38.823586,-1.297155,0.200
1170,55.927717,-38.923220,-1.284952,0.200
1171,55.927835,-39.005354,-1.277520,0.200
1172,55.971004,-39.206710,-1.277559,0.200
1173,55.988927,-39.310336,-1.299384,0.200
1174,55.989584,-39.420680,-1.273699,0.200
1175,55.977230,-39.521202,-1.275107,0.200
1176,55.966422,-39.619286,-1.286707,0.200
1177,55.962217,-39.723446,-1.288588,0.200
1178,55.966427,-39.793125,-1.299614,0.200
1179,55.957563,-39.886415,-1.282136,0.200
1180,55.941641,-39.981670,-1.271684,0.200
1181,55.937899,-40.079169,-1.273365,0.200
1182,55.921019,-40.172396,-1.271108,0.200
1183,55.915437,-40.257453,-1.283270,0.200
1184,55.916724,-40.361305,-1.257588,0.200
1185,55.896008,-40.466318,-1.257467,0.200
1186,55.895309,-40.688906,-1.246117,0.200
1187,55.942635,-40.843980,-1.265813,0.200
1188,55.939398,-40.914340,-1.272014,0.200
1189,55.952008,-41.004664,-1.278262,0.200
1190,55.978946,-41.208882,-1.299956,0.200
1191,55.959765,-41.596227,-1.261646,0.200
1192,55.958719,-41.667003,-1.279539,0.200
1193,55.953801,-41.833223,-1.259496,0.200
1194,55.944399,-41.905323,-1.260029,0.200
1195,55.931105,-42.067918,-1.266087,0.200
1196,55.940083,-42.224698,-1.247054,0.200
1197,55.944562,-42.302474,-1.248918,0.200
1198,55.956284,-42.398695,-1.243085,0.200
1199,55.951487,-42.481401,-1.284439,0.200
1200,55.938657,-42.557353,-1.339265,0.200
1201,55.938046,-42.625139,-1.348259,0.200
1202,55.937757,-42.685329,-1.348523,0.200
1203,55.933038,-42.743581,-1.332815,0.200
1204,55.927082,-42.812450,-1.338812,0.200
1205,55.906176,-42.885689,-1.363683,0.200
1206,55.895122,-43.027116,-1.369412,0.200
1207,55.876162,-43.191302,-1.367247,0.200
1208,55.878729,-43.279849,-1.350709,0.200
1209,55.789499,-43.433087,-1.375916,0.200
1210,55.792908,-43.531121,-1.352518,0.200
1211,55.810463,-43.808031,-1.348803,0.200
1212,55.859790,-43.999356,-1.358412,0.200
1213,55.853836,-44.080086,-1.351093,0.200
1214,55.846622,-44.134327,-1.363276,0.200
1215,55.829748,-44.348555,-1.370871,0.200
1216,55.772536,-44.543566,-1.339079,0.200
1217,55.744348,-44.744343,-1.323804,0.200
1218,55.748273,-44.914337,-1.347875,0.200
1219,55.749236,-45.080832,-1.340170,0.200
1220,55.741663,-45.188410,-1.317611,0.200
1221,55.738072,-45.371756,-1.345270,0.200
1222,55.740776,-45.468478,-1.319779,0.200
1223,55.728206,-45.692688,-1.308103,0.200
1224,55.726405,-45.788998,-1.333786,0.200
1225,55.721795,-46.046160,-1.326358,0.200
1226,55.709024,-46.143105,-1.293027,0.200
1227,55.657453,-46.197049,-1.330259,0.200
1228,55.607906,-46.447467,-1.326261,0.200
1229,55.622442,-46.669645,-1.323744,0.200
1230,55.633765,-46.780426,-1.330486,0.200
1231,55.631188,-46.985113,-1.322790,0.200
1232,55.614745,-47.265860,-1.333413,0.200
1233,55.599390,-47.445658,-1.317993,0.200
1234,55.605140,-47.537771,-1.304648,0.200
1235,55.595652,-47.620370,-1.327292,0.200
1236,55.596207,-47.713700,-1.341517,0.200
1237,55.606148,-47.809592,-1.320767,0.200
1238,55.595021,-48.000614,-1.322705,0.200
1239,55.590152,-48.090865,-1.311498,0.200
1240,55.580859,-48.277196,-1.316783,0.200
1241,55.562029,-48.469107,-1.312813,0.200
1242,55.552354,-48.576809,-1.319462,0.200
1243,55.543020,-48.747623,-1.310871,0.200
1244,55.537073,-48.831272,-1.300244,0.200
1245,55.537948,-48.932342,-1.309352,0.200
1246,55.546104,-49.030438,-1.298893,0.200
1247,55.540950,-49.122097,-1.323163,0.200
1248,55.539253,-49.245394,-1.296799,0.200
1249,55.533394,-49.413608,-1.314747,0.200
1250,55.529711,-49.510504,-1.303697,0.200
1251,55.517868,-49.711317,-1.309788,0.200
1252,55.512668,-49.797017,-1.297026,0.200
1253,55.508672,-49.972921,-1.298741,0.200
1254,55.502088,-50.050846,-1.313441,0.200
1255,55.496903,-50.154349,-1.310303,0.200
1256,55.480230,-50.233309,-1.290695,0.200
1257,55.490697,-50.426966,-1.298184,0.200
1258,55.516726,-50.670601,-1.312159,0.200
1259,55.495959,-50.870241,-1.295843,0.200
1260,55.476979,-50.954028,-1.295796,0.200
1261,55.466517,-51.027401,-1.311687,0.200
1262,55.455946,-51.113464,-1.293744,0.200
1263,55.467434,-51.280881,-1.292909,0.200
1264,55.463623,-51.442046,-1.295875,0.200
1265,55.468103,-51.534482,-1.287914,0.200
1266,55.459627,-51.635120,-1.279210,0.200
1267,55.476331,-51.826760,-1.267192,0.200
1268,55.466920,-52.026454,-1.295798,0.200
1269,55.463395,-52.212048,-1.275217,0.200
1270,55.426716,-52.575619,-1.268955,0.200
1271,55.461603,-53.031067,-1.240337,0.200
1272,55.498158,-53.400305,-1.303250,0.200
1273,55.472292,-53.779882,-1.272110,0.200
1274,55.465863,-54.135083,-1.310502,0.200
1275,55.491795,-54.522314,-1.311009,0.200
1276,55.476889,-54.713589,-1.310967,0.200
1277,55.468359,-54.802419,-1.327393,0.200
1278,55.459320,-54.893070,-1.308250,0.200
1279,55.442975,-54.974401,-1.292902,0.200
1280,55.423040,-55.148892,-1.296002,0.200
1281,55.440386,-55.303266,-1.307357,0.200
1282,55.427735,-55.405650,-1.285877,0.200
1283,55.420326,-55.615350,-1.280822,0.200
1284,55.364811,-55.782614,-1.303617,0.200
1285,55.352345,-55.885383,-1.277090,0.200
1286,55.359831,-55.977929,-1.294975,0.200
1287,55.368762,-56.083561,-1.278771,0.200
1288,55.378436,-56.169767,-1.296046,0.200
1289,55.383386,-56.356903,-1.285405,0.200
1290,55.391311,-56.438894,-1.297360,0.200
1291,55.404442,-56.628098,-1.311344,0.200
1292,55.400274,-56.726492,-1.306487,0.200
1293,55.380745,-56.899858,-1.294404,0.200
1294,55.373095,-56.999124,-1.268540,0.200
1295,55.371759,-57.090376,-1.288800,0.200
1296,55.382479,-57.199128,-1.280153,0.200
1297,55.384698,-57.289859,-1.273602,0.200
1298,55.379070,-57.499785,-1.273107,0.200
1299,55.371779,-57.582112,-1.298588,0.200
1300,55.377734,-57.677512,-1.287660,0.200
1301,55.371203,-57.861256,-1.288240,0.200
1302,55.367078,-58.058281,-1.291029,0.200
1303,55.366340,-58.154485,-1.286377,0.200
1304,55.346768,-58.340904,-1.282466,0.200
1305,55.358266,-58.435560,-1.253448,0.200
1306,55.365023,-58.513018,-1.273556,0.200
1307,55.363776,-58.608866,-1.263591,0.200
1308,55.370994,-58.791064,-1.269695,0.200
1309,55.368327,-58.898764,-1.255379,0.200
1310,55.364175,-58.993990,-1.279225,0.200
1311,55.371909,-59.308112,-1.266972,0.200
1312,55.353926,-59.476341,-1.276569,0.200
1313,55.355429,-59.662765,-1.252875,0.200
1314,55.345193,-59.843082,-1.260181,0.200
1315,55.344412,-60.046291,-1.273893,0.200
1316,55.348706,-60.146909,-1.258532,0.200
1317,55.354858,-60.348779,-1.262661,0.200
1318,55.363690,-60.441798,-1.277159,0.200
1319,55.367546,-60.558739,-1.270164,0.200
1320,55.361035,-60.660133,-1.259823,0.200
1321,55.362757,-60.762639,-1.267310,0.200
1322,55.381702,-60.872071,-1.271116,0.200
1323,55.386476,-60.969246,-1.285830,0.200
1324,55.394393,-61.159783,-1.269371,0.200
1325,55.387739,-61.318680,-1.263275,0.200
1326,55.371130,-61.495640,-1.268832,0.200
1327,55.361106,-61.584619,-1.253544,0.200
1328,55.344913,-61.796053,-1.250543,0.200
1329,55.412283,-61.982503,-1.255379,0.200
1330,55.425065,-62.080551,-1.261094,0.200
1331,55.459058,-62.265047,-1.244379,0.200
1332,55.408456,-62.526601,-1.273861,0.200
1333,55.369329,-62.620997,-1.319733,0.200
1334,55.318424,-62.690144,-1.397501,0.200
1335,55.278457,-62.747205,-1.464861,0.200
1336,55.210512,-62.957745,-1.439041,0.200
1337,55.219535,-63.029822,-1.447529,0.200
1338,55.209398,-63.138012,-1.445415,0.200
1339,55.216647,-63.212005,-1.474802,0.200
1340,55.213057,-63.304565,-1.446676,0.200
1341,55.190916,-63.399626,-1.439587,0.200
1342,55.165709,-63.484149,-1.460795,0.200
1343,55.139114,-63.579250,-1.429420,0.200
1344,55.117829,-63.653830,-1.449771,0.200
1345,55.105206,-63.744554,-1.448359,0.200
1346,55.095285,-63.836338,-1.423405,0.200
1347,55.087018,-63.932112,-1.436604,0.200
1348,55.065770,-64.044529,-1.441084,0.200
1349,55.058447,-64.132759,-1.469186,0.200
1350,55.051349,-64.219046,-1.445299,0.200
1351,55.020847,-64.308262,-1.438561,0.200
1352,54.998793,-64.399426,-1.452177,0.200
1353,54.973538,-64.490333,-1.430825,0.200
1354,54.919356,-64.667533,-1.432490,0.200
1355,54.895191,-64.771201,-1.411358,0.200
1356,54.889357,-64.864573,-1.427849,0.200
1357,54.888598,-64.971793,-1.418913,0.200
1358,54.903797,-65.127758,-1.382234,0.200
1359,54.889588,-65.207691,-1.363624,0.200
1360,54.878604,-65.286294,-1.368322,0.200
1361,54.843447,-65.453486,-1.389339,0.200
1362,54.832040,-65.542296,-1.383027,0.200
1363,54.812591,-65.634690,-1.364457,0.200
1364,54.782127,-65.806862,-1.356958,0.200
1365,54.770393,-65.879462,-1.365868,0.200
1366,54.770314,-65.958332,-1.382676,0.200
1367,54.753826,-66.141114,-1.366843,0.200
1368,54.730060,-66.323197,-1.360927,0.200
1369,54.724806,-66.409072,-1.335276,0.200
1370,54.695552,-66.576130,-1.333722,0.200
1371,54.727761,-66.737441,-1.333344,0.200
1372,54.738829,-66.923469,-1.326991,0.200
1373,54.725148,-67.021784,-1.320666,0.200
1374,54.697584,-67.212113,-1.325751,0.200
1375,54.642496,-67.406842,-1.325740,0.200
1376,54.626562,-67.507617,-1.311794,0.200
1377,54.616976,-67.704643,-1.323124,0.200
1378,54.622011,-67.903200,-1.322251,0.200
1379,54.605209,-68.002386,-1.314228,0.200
1380,54.580015,-68.195504,-1.325588,0.200
1381,54.584731,-68.285333,-1.342979,0.200
1382,54.575830,-68.570042,-1.306063,0.200
1383,54.578442,-68.654137,-1.317836,0.200
1384,54.582866,-68.858077,-1.316223,0.200
1385,54.565746,-68.946858,-1.313853,0.200
1386,54.556549,-69.139031,-1.320303,0.200
1387,54.548022,-69.231333,-1.337635,0.200
1388,54.523194,-69.435402,-1.308391,0.200
1389,54.516282,-69.522499,-1.335511,0.200
1390,54.527805,-69.617220,-1.310683,0.200
1391,54.517110,-69.702276,-1.333517,0.200
1392,54.502895,-69.896214,-1.309587,0.200
1393,54.489673,-69.998762,-1.325150,0.200
1394,54.472423,-70.098080,-1.301572,0.200
1395,54.442895,-70.303756,-1.327508,0.200
1396,54.426747,-70.396038,-1.309777,0.200
1397,54.433276,-70.489480,-1.322960,0.200
1398,54.428911,-70.602357,-1.313637,0.200
1399,54.434036,-70.690433,-1.336267,0.200
1400,54.443329,-70.790057,-1.313668,0.200
1401,54.445378,-70.888278,-1.309707,0.200
1402,54.443730,-70.986391,-1.322625,0.200
1403,54.443492,-71.074307,-1.307367,0.200
1404,54.434075,-71.163077,-1.326948,0.200
1405,54.429012,-71.257343,-1.325041,0.200
1406,54.414795,-71.350209,-1.309247,0.200
1407,54.399577,-71.558117,-1.304148,0.200
1408,54.384653,-71.651708,-1.326015,0.200
1409,54.377083,-71.755426,-1.327002,0.200
1410,54.356004,-71.942026,-1.319864,0.200
1411,54.372673,-72.035456,-1.349940,0.200
1412,54.503447,-72.148630,-1.340905,0.200
1413,54.540564,-72.355886,-1.304256,0.200
1414,54.445837,-72.521456,-1.319165,0.200
1415,54.372538,-72.710864,-1.316722,0.200
1416,54.334909,-72.902553,-1.302641,0.200
1417,54.326458,-72.984756,-1.312244,0.200
1418,54.317422,-73.078020,-1.328084,0.200
1419,54.323200,-73.173180,-1.300490,0.200
1420,54.323186,-73.362580,-1.301852,0.200
1421,54.304819,-73.566263,-1.312597,0.200
1422,54.292516,-73.668840,-1.293505,0.200
1423,54.284131,-73.757572,-1.301036,0.200
1424,54.287338,-73.851843,-1.303850,0.200
1425,54.308066,-74.051870,-1.315988,0.200
1426,54.310979,-74.158043,-1.297935,0.200
1427,54.298666,-74.240551,-1.291540,0.200
1428,54.300062,-74.339538,-1.278716,0.200
1429,54.269819,-74.430168,-1.302327,0.200
1430,54.257809,-74.522887,-1.311390,0.200
1431,54.262422,-74.624981,-1.292502,0.200
1432,54.240122,-74.709747,-1.289028,0.200
1433,54.256470,-74.832337,-1.270779,0.200
1434,54.273800,-75.105997,-1.297220,0.200
1435,54.251693,-75.387834,-1.275906,0.200
1436,54.203600,-75.728345,-1.301709,0.200
1437,54.175073,-76.125300,-1.297475,0.200
1438,54.113940,-76.512096,-1.295237,0.200
1439,54.161896,-76.932228,-1.316404,0.200
1440,54.201790,-77.242299,-1.287597,0.200
1441,54.178133,-77.551659,-1.286889,0.200
1442,54.172057,-77.960199,-1.280768,0.200
1443,54.173356,-78.072317,-1.293189,0.200
1444,54.155891,-78.295643,-1.292491,0.200
1445,54.154400,-78.391462,-1.282515,0.200
1446,54.154988,-78.497951,-1.272911,0.200
1447,54.149268,-78.608456,-1.292449,0.200
1448,54.172125,-78.710007,-1.273841,0.200
1449,54.163933,-78.793953,-1.304403,0.200
1450,54.157841,-78.888505,-1.288453,0.200
1451,54.126159,-79.070839,-1.289646,0.200
1452,54.110350,-79.364810,-1.282885,0.200
1453,54.091901,-79.463295,-1.281927,0.200
1454,54.072793,-79.817665,-1.303725,0.200
1455,54.083099,-80.012272,-1.290112,0.200
1456,54.080506,-80.217280,-1.305355,0.200
1457,54.080450,-80.308957,-1.323418,0.200
1458,54.072042,-80.514235,-1.297557,0.200
1459,54.074980,-80.614853,-1.269447,0.200
1460,54.058194,-80.824470,-1.297718,0.200
1461,54.047438,-81.032785,-1.291589,0.200
1462,54.070796,-81.124853,-1.284544,0.200
1463,54.034469,-81.209231,-1.300774,0.200
1464,54.001570,-81.398475,-1.288921,0.200
1465,54.048324,-81.612323,-1.276819,0.200
1466,54.049518,-81.719466,-1.304133,0.200
1467,54.050151,-81.827197,-1.282763,0.200
1468,54.042201,-81.935619,-1.287082,0.200
1469,54.044085,-82.044300,-1.278080,0.200
1470,54.017365,-82.141164,-1.293409,0.200
1471,54.005282,-82.257042,-1.308359,0.200
1472,53.990865,-82.457609,-1.277221,0.200
1473,53.991752,-82.561769,-1.266349,0.200
1474,53.968740,-82.660782,-1.291367,0.200
1475,53.965603,-82.767082,-1.300201,0.200
1476,53.954473,-82.876351,-1.255737,0.200
1477,53.956363,-82.985131,-1.278041,0.200
1478,53.992217,-83.179145,-1.286295,0.200
1479,54.003306,-83.273390,-1.279767,0.200
1480,54.006051,-83.471042,-1.280971,0.200
1481,54.008653,-83.572532,-1.257453,0.200
1482,53.992062,-83.671512,-1.293117,0.200
1483,53.985111,-83.994282,-1.271482,0.200
1484,53.968744,-84.195087,-1.270568,0.200
1485,53.961754,-84.402125,-1.259483,0.200
1486,53.981384,-84.508581,-1.241077,0.200
1487,53.949928,-84.601543,-1.259970,0.200
1488,53.939267,-84.694124,-1.274231,0.200
1489,53.942563,-84.799826,-1.248358,0.200
1490,53.936988,-84.901942,-1.260675,0.200
1491,53.941762,-85.004495,-1.235555,0.200
1492,53.938165,-85.102326,-1.253522,0.200
1493,53.936287,-85.295749,-1.268119,0.200
1494,53.932255,-85.702405,-1.258439,0.200
1495,53.944033,-85.812625,-1.252748,0.200
1496,53.960834,-86.113028,-1.286016,0.200
1497,53.947464,-86.343289,-1.257684,0.200
1498,53.942786,-86.523492,-1.259851,0.200
1499,53.950872,-86.729560,-1.250979,0.200
1500,53.951614,-86.826958,-1.261700,0.200
1501,53.969265,-87.054173,-1.290835,0.200
1502,53.959920,-87.194318,-1.283614,0.200
1503,53.945385,-87.390729,-1.259419,0.200
1504,53.919377,-87.473110,-1.231437,0.200
1505,53.863214,-87.650896,-1.265728,0.200
1506,53.859747,-87.827310,-1.256645,0.200
1507,53.934587,-88.047397,-1.278936,0.200
1508,53.981643,-88.266334,-1.251905,0.200
1509,53.989571,-88.378714,-1.254692,0.200
1510,53.977934,-88.585267,-1.263566,0.200
1511,53.964520,-88.690810,-1.254430,0.200
1512,53.954984,-88.803379,-1.272421,0.200
1513,53.939264,-88.995045,-1.279651,0.200
1514,53.944658,-89.093785,-1.287924,0.200
1515,53.930478,-89.300595,-1.270110,0.200
1516,53.961070,-89.403827,-1.246678,0.200
1517,53.995366,-89.618579,-1.273139,0.200
1518,53.987619,-89.713508,-1.240875,0.200
1519,53.983084,-89.890732,-1.250538,0.200
1520,53.966376,-89.988325,-1.268636,0.200
1521,53.952206,-90.091808,-1.245454,0.200
1522,53.935691,-90.189146,-1.260139,0.200
1523,53.939639,-90.291905,-1.235951,0.200
1524,53.927146,-90.402955,-1.262679,0.200
1525,53.931186,-90.527642,-1.269833,0.200
1526,53.950000,-90.746198,-1.253782,0.200
1527,53.975468,-90.851327,-1.219565,0.200
1528,54.032872,-91.008808,-1.240794,0.200
1529,54.017514,-91.106678,-1.224672,0.200
1530,54.006839,-91.215828,-1.247840,0.200
1531,53.984260,-91.330150,-1.240855,0.200
1532,53.976926,-91.546044,-1.240743,0.200
1533,53.993494,-91.760408,-1.241444,0.200
1534,53.995108,-91.854519,-1.248632,0.200
1535,54.004868,-91.960721,-1.267267,0.200
1536,54.005272,-92.078073,-1.241415,0.200
1537,53.990984,-92.183492,-1.239167,0.200
1538,54.002923,-92.283280,-1.217839,0.200
1539,54.004401,-92.371888,-1.189599,0.200
1540,54.017973,-92.446396,-1.118323,0.200
1541,54.082262,-92.575374,-0.946138,0.200
1542,54.121983,-92.619904,-0.868543,0.200
1543,54.163357,-92.666820,-0.821197,0.200
1544,54.222523,-92.705323,-0.767225,0.200
1545,54.323552,-92.790641,-0.622255,0.200
1546,54.389674,-92.827548,-0.571294,0.200
1547,54.450149,-92.862769,-0.500998,0.200
1548,54.589046,-92.875140,-0.290566,0.200
1549,54.652979,-92.860818,-0.170298,0.200
1550,54.708294,-92.834777,-0.055642,0.200
1551,54.764117,-92.810918,-0.032903,0.200
1552,54.812369,-92.797783,-0.036481,0.200
1553,54.875576,-92.790079,-0.014500,0.200
1554,54.936731,-92.792185,0.002213,0.200
1555,55.097250,-92.813737,-0.011615,0.200
1556,55.155602,-92.804877,-0.010359,0.200
1557,55.232318,-92.808522,-0.010146,0.200
1558,55.335304,-92.811931,-0.013309,0.200
1559,55.510351,-92.824288,-0.014465,0.200
1560,55.574748,-92.845603,-0.027198,0.200
1561,55.650234,-92.863471,-0.023779,0.200
1562,55.739240,-92.869898,-0.014815,0.200
1563,55.895079,-92.848480,-0.010130,0.200
1564,56.085873,-92.863514,-0.027870,0.200
1565,56.259759,-92.873410,-0.008289,0.200
1566,56.428886,-92.899290,-0.031952,0.200
1567,56.598595,-92.915557,-0.008643,0.200
1568,56.674616,-92.910971,-0.011434,0.200
1569,56.773195,-92.914466,-0.015315,0.200
1570,57.016347,-92.926143,0.000781,0.200
1571,57.088608,-92.926054,-0.009961,0.200
1572,57.172735,-92.929037,-0.012610,0.200
1573,57.239555,-92.926489,-0.020605,0.200
1574,57.326991,-92.934069,-0.019419,0.200
1575,57.406143,-92.934219,0.001820,0.200
1576,57.492480,-92.941469,-0.004477,0.200
1577,57.573433,-92.961047,-0.009618,0.200
1578,57.649064,-92.960357,-0.012973,0.200
1579,57.742536,-92.957173,-0.015575,0.200
1580,57.829790,-92.958700,-0.003022,0.200
1581,57.928749,-92.952674,-0.013185,0.200
1582,58.028326,-92.952713,-0.014867,0.200
1583,58.114384,-92.950926,-0.009696,0.200
1584,58.209596,-92.953212,-0.001586,0.200
1585,58.302633,-92.951222,-0.000164,0.200
1586,58.411189,-92.956061,-0.006051,0.200
1587,58.489459,-92.960026,-0.014983,0.200
1588,58.568655,-92.969996,-0.008690,0.200
1589,58.651453,-92.975451,0.011502,0.200
1590,58.731910,-92.986475,0.003281,0.200
1591,58.824079,-92.993360,-0.004066,0.200
1592,58.893654,-92.992365,-0.016274,0.200
1593,59.055987,-93.006022,0.009926,0.200
1594,59.140415,-93.017201,0.004638,0.200
1595,59.243798,-93.014667,-0.007906,0.200
1596,59.415658,-93.017979,-0.004857,0.200
1597,59.490495,-93.013101,0.006372,0.200
1598,59.574747,-93.007701,-0.003501,0.200
1599,59.658307,-92.999216,-0.010759,0.200
1600,59.751502,-92.988641,-0.005022,0.200
1601,59.849127,-92.981506,0.008825,0.200
1602,59.928390,-92.978545,0.019957,0.200
1603,60.026274,-92.982732,0.011869,0.200
1604,60.168724,-92.974075,0.002330,0.200
1605,60.406804,-92.974112,0.007706,0.200
1606,60.929980,-93.006559,0.002519,0.200
1607,61.430019,-93.013462,0.006901,0.200
1608,61.765189,-93.077700,-0.117313,0.200
1609,62.165084,-93.117094,-0.094522,0.200
1610,62.307664,-93.149312,-0.074550,0.200
1611,62.473381,-93.173009,-0.089761,0.200
1612,62.734405,-93.215280,-0.095839,0.200
1613,62.915266,-93.243335,-0.116678,0.200
1614,63.083309,-93.257875,-0.094589,0.200
1615,63.332696,-93.312028,-0.112874,0.200
1616,63.494796,-93.342107,-0.091181,0.200
1617,63.674634,-93.364960,-0.110823,0.200
1618,63.755690,-93.380363,-0.115097,0.200
1619,63.862132,-93.394847,-0.106320,0.200
1620,63.953715,-93.419366,-0.090176,0.200
1621,64.048001,-93.442774,-0.105085,0.200
1622,64.148619,-93.454881,-0.107958,0.200
1623,64.241302,-93.463196,-0.100732,0.200
1624,64.328472,-93.464898,-0.083994,0.200
1625,64.411517,-93.469810,-0.080870,0.200
1626,64.522281,-93.466625,-0.083169,0.200
1627,64.597683,-93.473221,-0.097157,0.200
1628,64.702649,-93.489908,-0.094043,0.200
1629,64.788129,-93.508023,-0.069881,0.200
1630,64.862739,-93.523527,-0.079168,0.200
1631,64.954995,-93.539768,-0.086392,0.200
1632,65.123777,-93.557462,-0.097960,0.200
1633,65.299038,-93.580887,-0.080791,0.200
1634,65.469345,-93.599049,-0.083890,0.200
1635,65.544859,-93.601145,-0.054482,0.200
1636,65.697083,-93.597058,-0.018178,0.200
1637,65.833854,-93.601777,-0.046230,0.200
1638,66.001757,-93.605948,-0.018303,0.200
1639,66.190471,-93.604415,-0.043919,0.200
1640,66.343867,-93.620453,-0.035939,0.200
1641,66.503754,-93.644348,-0.029722,0.200
1642,66.756246,-93.668139,-0.027412,0.200
1643,67.041931,-93.687741,-0.038747,0.200
1644,67.142167,-93.691426,-0.034468,0.200
1645,67.309091,-93.689949,-0.027944,0.200
1646,67.411239,-93.703845,-0.036719,0.200
1647,67.490002,-93.707933,-0.045497,0.200
1648,67.584314,-93.719069,-0.038944,0.200
1649,67.656804,-93.728220,-0.022968,0.200
1650,67.755899,-93.732236,-0.029699,0.200
1651,67.843986,-93.738726,-0.042258,0.200
1652,67.932966,-93.735810,-0.038918,0.200
1653,68.021027,-93.734685,-0.029923,0.200
1654,68.104623,-93.742521,-0.013005,0.200
1655,68.204555,-93.737873,-0.018784,0.200
1656,68.284198,-93.753566,-0.032329,0.200
1657,68.376785,-93.775645,-0.029357,0.200
1658,68.560419,-93.798089,-0.019071,0.200
1659,68.646417,-93.792966,-0.023952,0.200
1660,68.719024,-93.786582,-0.033081,0.200
1661,68.800671,-93.785270,-0.025851,0.200
1662,68.959209,-93.790227,-0.020006,0.200
1663,69.124920,-93.806550,-0.027689,0.200
1664,69.404109,-93.829443,-0.026771,0.200
1665,69.578131,-93.838474,-0.039706,0.200
1666,69.685490,-93.840245,-0.026867,0.200
1667,69.780885,-93.845157,-0.028006,0.200
1668,69.924465,-93.843124,-0.040818,0.200
1669,69.985422,-93.837735,-0.034217,0.200
1670,70.072069,-93.837144,-0.013778,0.200
1671,70.171476,-93.837536,-0.029090,0.200
1672,70.270445,-93.840015,-0.032859,0.200
1673,70.349907,-93.847034,-0.040364,0.200
1674,70.453294,-93.848208,-0.022615,0.200
1675,70.550022,-93.864222,-0.013298,0.200
1676,70.653796,-93.877767,-0.021256,0.200
1677,70.742812,-93.891436,-0.030879,0.200
1678,70.840194,-93.884191,-0.031859,0.200
1679,70.947352,-93.878072,-0.029400,0.200
1680,71.124435,-93.893348,-0.020141,0.200
1681,71.205390,-93.889057,-0.033987,0.200
1682,71.286125,-93.882537,-0.025767,0.200
1683,71.457262,-93.881129,-0.010101,0.200
1684,71.561161,-93.878321,-0.015650,0.200
1685,71.620905,-93.891785,-0.031778,0.200
1686,71.709357,-93.899594,-0.023586,0.200
1687,71.887545,-93.916613,-0.012681,0.200
1688,71.980347,-93.924521,-0.023020,0.200
1689,72.055332,-93.919336,-0.027063,0.200
1690,72.222326,-93.913999,0.006401,0.200
1691,72.291888,-93.927156,-0.007762,0.200
1692,72.363532,-93.947469,-0.020478,0.200
1693,72.519384,-93.952908,-0.010797,0.200
1694,72.608836,-93.945177,-0.008574,0.200
1695,72.740390,-93.939747,-0.006781,0.200
1696,72.823837,-93.934617,-0.026554,0.200
1697,72.926601,-93.926461,-0.018080,0.200
1698,73.019249,-93.923060,-0.001681,0.200
1699,73.111590,-93.925947,-0.005900,0.200
1700,73.274123,-93.927949,-0.029105,0.200
1701,73.364138,-93.933350,-0.018227,0.200
1702,73.541124,-93.935968,-0.012225,0.200
1703,73.638745,-93.930487,-0.010667,0.200
1704,73.812707,-93.926646,-0.008490,0.200
1705,73.968920,-93.920743,-0.002327,0.200
1706,74.051859,-93.927376,-0.009794,0.200
1707,74.137481,-93.931458,-0.008684,0.200
1708,74.233150,-93.928088,-0.006259,0.200
1709,74.318669,-93.944998,-0.004772,0.200
1710,74.407615,-93.959588,-0.014455,0.200
1711,74.508553,-93.963205,-0.019401,0.200
1712,74.690022,-93.962025,0.006628,0.200
1713,74.950099,-93.955870,-0.019822,0.200
1714,75.109690,-93.950809,0.001070,0.200
1715,75.197964,-93.947052,-0.003480,0.200
1716,75.285582,-93.954039,-0.007799,0.200
1717,75.357642,-93.955571,-0.009502,0.200
1718,75.455749,-93.960460,-0.007866,0.200
1719,75.756980,-93.967292,-0.002409,0.200
1720,75.850196,-93.964110,-0.011805,0.200
1721,75.902273,-93.964295,-0.002785,0.200
1722,76.183953,-93.969721,0.001618,0.200
1723,76.252375,-93.958282,-0.012230,0.200
1724,76.438133,-93.972174,0.011030,0.200
1725,76.742790,-93.964120,-0.015346,0.200
1726,76.875011,-93.959525,0.012386,0.200
1727,77.011781,-93.965719,-0.009173,0.200
1728,77.171989,-93.959746,0.008437,0.200
1729,77.329928,-93.976991,0.001421,0.200
1730,77.417327,-93.975140,-0.014831,0.200
1731,77.475465,-93.969069,-0.009001,0.200
1732,77.569659,-93.970817,0.007059,0.200
1733,77.651790,-93.978596,0.011915,0.200
1734,77.755729,-93.970363,-0.001374,0.200
1735,77.829320,-93.975632,-0.010239,0.200
1736,77.911343,-93.975219,-0.001745,0.200
1737,78.004540,-93.973410,0.012713,0.200
1738,78.078552,-93.970513,0.007660,0.200
1739,78.168501,-93.967856,0.009568,0.200
1740,78.253354,-93.964897,-0.001094,0.200
1741,78.443009,-93.962058,0.018105,0.200
1742,78.542043,-93.958615,0.013610,0.200
1743,78.714762,-93.965369,0.004574,0.200
1744,78.800456,-93.958328,0.000750,0.200
1745,78.856037,-93.952212,0.026958,0.200
1746,79.003696,-93.950997,0.009889,0.200
1747,79.089038,-93.949478,0.012794,0.200
1748,79.266288,-93.950573,0.023278,0.200
1749,79.380216,-93.940697,0.016267,0.200
1750,79.469430,-93.940555,0.008357,0.200
1751,79.558923,-93.933139,0.016466,0.200
1752,79.647399,-93.940325,0.032319,0.200
1753,79.734656,-93.943209,0.030238,0.200
1754,79.855176,-93.925279,0.016591,0.200
1755,80.074738,-93.864553,0.007935,0.200
1756,80.346171,-93.905372,0.017976,0.200
1757,80.416387,-93.917181,0.014234,0.200
1758,80.557382,-93.918521,0.030382,0.200
1759,80.636771,-93.915434,0.025119,0.200
1760,80.696407,-93.924294,0.010779,0.200
1761,80.851132,-93.922990,0.021200,0.200
1762,80.928166,-93.919032,0.027060,0.200
1763,81.101819,-93.911621,0.007803,0.200
1764,81.288079,-93.902998,0.029104,0.200
1765,81.704699,-93.896287,0.018357,0.200
1766,82.022577,-93.886804,0.019290,0.200
1767,82.588808,-93.846669,0.031371,0.200
1768,82.911425,-93.829710,0.028116,0.200
1769,83.238817,-93.805588,0.032798,0.200
1770,83.568990,-93.792512,0.077778,0.200
1771,83.844314,-93.771023,0.055973,0.200
1772,84.137121,-93.766962,0.042265,0.200
1773,84.259219,-93.753143,0.074071,0.200
1774,84.661037,-93.731044,0.054305,0.200
1775,84.770437,-93.723148,0.054114,0.200
1776,84.963598,-93.717956,0.037234,0.200
1777,85.228880,-93.702982,0.048004,0.200
1778,85.468342,-93.699210,0.043479,0.200
1779,85.559307,-93.700891,0.057573,0.200
1780,85.654137,-93.705120,0.056814,0.200
1781,85.809923,-93.684494,0.053868,0.200
1782,85.880168,-93.656476,0.048932,0.200
1783,86.012408,-93.645372,-0.019627,0.200
1784,86.070392,-93.658794,-0.027115,0.200
1785,86.236877,-93.668635,0.000837,0.200
1786,86.317235,-93.686824,0.001585,0.200
1787,86.461632,-93.699225,-0.028583,0.200
1788,86.737502,-93.707209,-0.004299,0.200
1789,86.927211,-93.714332,-0.018030,0.200
1790,87.098659,-93.722437,0.004851,0.200
1791,87.278720,-93.721676,-0.016313,0.200
1792,87.370362,-93.717641,-0.021296,0.200
1793,87.467396,-93.714080,-0.013120,0.200
1794,87.555414,-93.716244,-0.002802,0.200
1795,87.651881,-93.709758,-0.005526,0.200
1796,87.750787,-93.707973,-0.022076,0.200
1797,87.840136,-93.711215,-0.012459,0.200
1798,87.945432,-93.714320,-0.000382,0.200
1799,88.045214,-93.723227,-0.000746,0.200
1800,88.154873,-93.730170,-0.005162,0.200
1801,88.213555,-93.739013,-0.017816,0.200
1802,88.306193,-93.744199,-0.010491,0.200
1803,88.384137,-93.759471,0.012082,0.200
1804,88.476082,-93.765196,-0.003133,0.200
1805,88.650951,-93.759496,-0.022763,0.200
1806,88.825778,-93.765093,0.002318,0.200
1807,88.926951,-93.762423,-0.007966,0.200
1808,89.012599,-93.761791,-0.013056,0.200
1809,89.094744,-93.750480,-0.005601,0.200
1810,89.197030,-93.747701,0.009741,0.200
1811,89.475094,-93.747078,-0.013582,0.200
1812,89.573344,-93.752361,-0.005136,0.200
1813,89.663073,-93.757421,0.018707,0.200
1814,89.740169,-93.764740,0.005332,0.200
1815,89.855730,-93.752232,-0.001520,0.200
1816,89.951480,-93.737593,-0.005091,0.200
1817,90.049106,-93.736794,-0.004026,0.200
1818,90.127661,-93.728935,0.019783,0.200
1819,90.232533,-93.726655,0.001719,0.200
1820,90.325931,-93.737962,0.000104,0.200
1821,90.410418,-93.736629,-0.001897,0.200
1822,90.600554,-93.749577,0.011205,0.200
1823,90.677449,-93.748395,0.005240,0.200
1824,90.743292,-93.747395,-0.009277,0.200
1825,90.899967,-93.759080,0.017435,0.200
1826,90.998928,-93.764761,0.004906,0.200
1827,91.081768,-93.770649,-0.001951,0.200
1828,91.276686,-93.771374,-0.006550,0.200
1829,91.377369,-93.761576,0.011838,0.200
1830,91.466633,-93.750642,0.010657,0.200
1831,91.552708,-93.750411,0.003517,0.200
1832,91.738735,-93.756325,0.022797,0.200
1833,91.832014,-93.757189,0.016658,0.200
1834,91.996153,-93.759073,0.007060,0.200
1835,92.308770,-93.765005,0.010093,0.200
1836,92.461819,-93.776367,0.002734,0.200
1837,92.643220,-93.783151,0.019586,0.200
1838,92.739542,-93.784176,0.015181,0.200
1839,92.904387,-93.785646,0.002468,0.200
1840,92.985458,-93.787448,0.021438,0.200
1841,93.159314,-93.805298,0.002050,0.200
1842,93.345007,-93.824085,0.010485,0.200
1843,93.537406,-93.807422,0.002510,0.200
1844,93.641879,-93.797425,-0.001111,0.200
1845,93.734249,-93.788881,0.004203,0.200
1846,93.913161,-93.797302,0.028087,0.200
1847,94.004637,-93.797733,0.021859,0.200
1848,94.170822,-93.804862,0.012038,0.200
1849,94.265254,-93.791316,0.032222,0.200
1850,94.367444,-93.780579,0.017323,0.200
1851,94.479875,-93.778487,0.009971,0.200
1852,94.570486,-93.770288,0.006940,0.200
1853,94.663985,-93.761611,0.002129,0.200
1854,94.735382,-93.759434,0.022089,0.200
1855,94.824107,-93.756202,0.019276,0.200
1856,94.898247,-93.762675,0.002223,0.200
1857,94.975833,-93.767666,0.009458,0.200
1858,95.058229,-93.770983,0.030432,0.200
1859,95.139684,-93.771637,0.029508,0.200
1860,95.239590,-93.779684,0.023470,0.200
1861,95.330346,-93.780823,0.014054,0.200
1862,95.430985,-93.778011,0.010459,0.200
1863,95.682146,-93.773809,0.016028,0.200
1864,95.760603,-93.777002,0.014421,0.200
1865,95.933820,-93.782709,0.021520,0.200
1866,96.041932,-93.779850,0.022299,0.200
1867,96.221301,-93.769155,0.011407,0.200
1868,96.418976,-93.759748,0.030075,0.200
1869,96.527714,-93.756487,0.020582,0.200
1870,96.711013,-93.745727,0.015231,0.200
1871,96.773546,-93.743435,0.043172,0.200
1872,96.948755,-93.748719,0.025383,0.200
1873,97.111508,-93.752583,0.028123,0.200
1874,97.306762,-93.748078,0.034738,0.200
1875,97.488383,-93.732560,0.022253,0.200
1876,97.665710,-93.721023,0.004877,0.200
1877,97.802798,-93.735507,-0.116452,0.200
1878,97.856049,-93.750816,-0.176503,0.200
1879,97.985553,-93.790165,-0.147033,0.200
1880,98.047656,-93.825334,-0.152876,0.200
1881,98.146952,-93.850624,-0.167338,0.200
1882,98.209754,-93.860137,-0.186619,0.200
1883,98.281277,-93.872938,-0.187884,0.200
1884,98.369058,-93.902390,-0.160444,0.200
1885,98.442973,-93.924716,-0.156134,0.200
1886,98.723612,-93.967634,-0.172474,0.200
1887,98.880758,-94.025608,-0.150348,0.200
1888,99.031272,-94.063517,-0.166511,0.200
1889,99.117443,-94.075470,-0.164343,0.200
1890,99.314350,-94.117004,-0.143458,0.200
1891,99.492015,-94.160351,-0.152313,0.200
1892,99.583036,-94.185276,-0.164661,0.200
1893,99.754495,-94.222561,-0.153916,0.200
1894,99.923658,-94.267230,-0.153988,0.200
1895,100.110106,-94.314018,-0.140155,0.200
1896,100.217108,-94.323115,-0.143755,0.200
1897,100.456523,-94.366556,-0.138800,0.200
1898,100.546959,-94.374781,-0.120312,0.200
1899,100.680287,-94.375111,-0.052908,0.200
1900,100.830640,-94.376919,-0.039368,0.200
1901,100.897470,-94.381342,-0.039261,0.200
1902,100.985359,-94.383378,-0.046951,0.200
1903,101.079997,-94.353633,-0.061173,0.200
1904,101.175887,-94.340554,-0.049502,0.200
1905,101.248037,-94.344082,-0.038906,0.200
1906,101.338871,-94.354790,-0.035354,0.200
1907,101.477254,-94.387404,-0.050511,0.200
1908,101.580172,-94.418694,-0.044947,0.200
1909,101.655687,-94.439751,-0.024759,0.200
1910,101.930957,-94.457985,-0.054543,0.200
1911,102.231067,-94.490372,-0.048704,0.200
1912,102.395607,-94.489976,-0.046459,0.200
1913,102.480998,-94.488290,-0.033416,0.200
1914,102.559380,-94.496672,-0.032093,0.200
1915,102.776303,-94.494049,-0.048758,0.200
1916,102.981371,-94.502102,-0.016155,0.200
1917,103.053239,-94.515971,-0.028347,0.200
1918,103.217035,-94.535592,-0.035380,0.200
1919,103.294154,-94.548692,-0.041447,0.200
1920,103.588080,-94.627511,-0.059192,0.200
1921,103.875289,-94.596534,-0.041668,0.200
1922,104.394342,-94.602679,-0.043377,0.200
1923,104.866937,-94.628126,-0.051813,0.200
1924,105.259657,-94.688189,-0.031423,0.200
1925,105.583262,-94.714877,-0.032925,0.200
1926,105.727854,-94.698937,-0.045790,0.200
1927,105.825398,-94.698077,-0.037248,0.200
1928,105.996568,-94.716050,-0.038827,0.200
1929,106.102036,-94.715666,-0.053738,0.200
1930,106.277703,-94.716449,-0.038169,0.200
1931,106.335318,-94.701418,-0.041252,0.200
1932,106.598223,-94.717744,-0.052461,0.200
1933,106.801257,-94.749019,-0.035827,0.200
1934,107.121537,-94.930650,-0.040458,0.200
1935,107.227534,-94.885758,-0.046176,0.200
1936,107.405607,-94.855628,-0.047104,0.200
1937,107.502548,-94.839196,-0.031041,0.200
1938,107.621912,-94.825327,-0.038699,0.200
1939,107.816095,-94.861249,-0.046526,0.200
1940,107.902306,-94.873009,-0.030218,0.200
1941,107.981472,-94.872979,-0.032284,0.200
1942,108.081788,-94.874727,-0.036659,0.200
1943,108.249615,-94.878236,-0.030804,0.200
1944,108.349614,-94.874472,-0.018954,0.200
1945,108.457754,-94.867801,-0.026452,0.200
1946,108.546821,-94.877425,-0.036576,0.200
1947,108.632870,-94.879693,-0.041102,0.200
1948,108.731248,-94.893424,-0.029014,0.200
1949,108.817302,-94.903021,-0.016482,0.200
1950,108.936158,-94.910094,-0.020479,0.200
1951,109.130621,-94.926695,-0.026817,0.200
1952,109.225687,-94.930206,-0.017838,0.200
1953,109.398723,-94.932565,-0.020400,0.200
1954,109.488907,-94.928355,-0.024754,0.200
1955,109.583865,-94.935706,-0.021294,0.200
1956,109.666819,-94.929798,-0.002525,0.200
1957,109.851320,-94.934444,-0.019393,0.200
1958,110.030938,-94.945327,-0.002582,0.200
1959,110.113123,-94.939354,-0.016519,0.200
1960,110.214801,-94.936591,-0.013377,0.200
1961,110.303184,-94.948566,-0.010631,0.200
1962,110.403275,-94.953652,-0.017848,0.200
1963,110.576100,-94.958485,-0.028382,0.200
1964,110.803879,-94.918623,-0.015148,0.200
1965,110.888904,-94.922635,0.005401,0.200
1966,110.991647,-94.933233,-0.004937,0.200
1967,111.100445,-94.940839,-0.004432,0.200
1968,111.313996,-94.949189,-0.011240,0.200
1969,111.499213,-94.997708,-0.005986,0.200
1970,111.556482,-95.032362,-0.011592,0.200
1971,111.621433,-95.046587,-0.008318,0.200
1972,111.710752,-95.051607,0.008071,0.200
1973,111.799937,-95.041744,0.003613,0.200
1974,111.891444,-95.032136,0.007467,0.200
1975,112.069120,-95.020318,-0.004107,0.200
1976,112.141916,-95.021543,0.015376,0.200
1977,112.342172,-95.017078,-0.003892,0.200
1978,112.553102,-95.022111,0.018156,0.200
1979,112.758426,-95.017643,0.013932,0.200
1980,112.833874,-95.019661,0.008994,0.200
1981,112.932294,-95.027116,-0.001141,0.200
1982,113.094149,-95.029049,0.021356,0.200
1983,113.176709,-95.029785,0.019037,0.200
1984,113.259884,-95.034301,0.011878,0.200
1985,113.475889,-95.041231,0.024066,0.200
1986,113.568701,-95.041598,0.022888,0.200
1987,113.638127,-95.041955,0.006245,0.200
1988,113.733215,-95.039682,0.013053,0.200
1989,113.824202,-95.041836,0.033392,0.200
1990,114.014725,-95.042417,0.019321,0.200
1991,114.089384,-95.044462,0.015870,0.200
1992,114.175002,-95.033087,0.015595,0.200
1993,114.255946,-95.025469,0.030328,0.200
1994,114.345937,-95.032116,0.021431,0.200
1995,114.413036,-95.043580,0.015622,0.200
1996,114.495588,-95.046674,0.017918,0.200
1997,114.599327,-95.047550,0.029951,0.200
1998,114.808378,-95.038666,0.011436,0.200
1999,114.890751,-95.040089,0.007769,0.200
2000,114.964914,-95.035743,-0.034482,0.200
2001,115.104326,-95.037544,-0.039752,0.200
2002,115.207592,-95.060155,-0.056134,0.200
2003,115.354071,-95.089976,-0.075151,0.200
2004,115.438597,-95.117360,-0.158709,0.200
2005,115.503230,-95.156732,-0.198173,0.200
2006,115.584673,-95.177776,-0.194325,0.200
2007,115.667095,-95.199136,-0.197090,0.200
2008,115.733852,-95.210591,-0.178936,0.200
2009,115.954777,-95.266186,-0.193314,0.200
2010,116.092519,-95.304853,-0.188958,0.200
2011,116.214206,-95.374153,-0.331001,0.200
2012,116.281531,-95.408644,-0.328472,0.200
2013,116.362557,-95.440735,-0.323283,0.200
2014,116.503298,-95.518795,-0.315321,0.200
2015,116.594448,-95.609234,-0.439795,0.200
2016,116.704982,-95.723349,-0.545324,0.200
2017,116.780819,-95.822733,-0.527742,0.200
2018,116.874759,-96.012221,-0.567030,0.200
2019,116.949210,-96.052679,-0.539726,0.200
2020,117.060519,-96.164849,-0.533851,0.200
2021,117.206573,-96.269627,-0.546474,0.200
2022,117.348294,-96.386632,-0.538690,0.200
2023,117.445915,-96.445996,-0.534817,0.200
2024,117.514831,-96.501106,-0.542007,0.200
2025,117.663135,-96.616325,-0.522480,0.200
2026,117.817873,-96.733727,-0.530361,0.200
2027,117.949555,-96.853542,-0.537900,0.200
2028,117.997606,-96.921817,-0.525190,0.200
2029,118.032070,-96.994640,-0.532628,0.200
2030,118.101858,-97.053048,-0.540707,0.200
2031,118.172221,-97.099716,-0.534921,0.200
2032,118.395833,-97.241266,-0.441559,0.200
2033,118.493236,-97.325074,-0.439636,0.200
2034,118.557891,-97.372440,-0.452113,0.200
2035,118.683102,-97.489552,-0.440579,0.200
2036,118.810708,-97.600098,-0.447710,0.200
2037,118.941810,-97.686893,-0.431050,0.200
2038,119.109034,-97.765779,-0.442420,0.200
2039,119.180716,-97.794219,-0.455609,0.200
2040,119.353922,-97.891524,-0.427838,0.200
2041,119.443259,-97.950100,-0.429694,0.200
2042,119.595174,-98.055100,-0.443086,0.200
2043,119.670727,-98.136617,-0.430295,0.200
2044,119.886697,-98.304831,-0.449363,0.200
2045,119.944582,-98.346346,-0.453430,0.200
2046,120.074173,-98.446884,-0.435194,0.200
2047,120.233236,-98.554095,-0.445992,0.200
2048,120.404763,-98.647454,-0.424334,0.200
2049,120.471701,-98.700835,-0.435036,0.200
2050,120.618113,-98.822294,-0.450626,0.200
2051,120.758578,-98.957000,-0.427752,0.200
2052,120.827505,-99.013002,-0.436802,0.200
2053,120.992669,-99.119342,-0.454755,0.200
2054,121.125490,-99.218406,-0.424629,0.200
2055,121.296100,-99.361402,-0.442196,0.200
2056,121.391304,-99.401282,-0.434252,0.200
2057,121.528532,-99.485308,-0.436119,0.200
2058,121.749751,-99.662082,-0.542870,0.200
2059,121.850235,-99.752678,-0.528605,0.200
2060,121.964983,-99.866791,-0.543422,0.200
2061,122.084547,-99.980694,-0.532116,0.200
2062,122.140568,-100.044407,-0.534908,0.200
2063,122.263193,-100.170578,-0.544528,0.200
2064,122.381491,-100.292118,-0.520332,0.200
2065,122.453926,-100.334744,-0.527525,0.200
2066,122.543915,-100.398669,-0.521669,0.200
2067,122.685993,-100.505446,-0.541683,0.200
2068,122.960202,-100.764096,-0.542588,0.200
2069,123.224417,-100.964829,-0.514287,0.200
2070,123.498768,-101.207517,-0.520787,0.200
2071,123.966036,-101.660424,-0.530840,0.200
2072,124.377324,-101.947738,-0.520958,0.200
2073,124.610487,-102.139828,-0.519421,0.200
2074,124.845862,-102.303280,-0.505547,0.200
2075,124.914474,-102.403417,-0.517916,0.200
2076,125.146437,-102.593094,-0.515315,0.200
2077,125.250823,-102.723926,-0.502278,0.200
2078,125.299990,-102.764955,-0.504717,0.200
2079,125.369552,-102.838096,-0.519647,0.200
2080,125.497160,-102.982986,-0.516909,0.200
2081,125.550323,-103.041676,-0.505882,0.200
2082,125.627469,-103.101210,-0.516968,0.200
2083,125.724545,-103.160518,-0.511788,0.200
2084,125.793243,-103.215024,-0.505329,0.200
2085,125.872509,-103.263142,-0.512034,0.200
2086,125.952885,-103.309421,-0.517900,0.200
2087,126.032148,-103.362337,-0.523470,0.200
2088,126.176978,-103.493038,-0.502380,0.200
2089,126.266185,-103.546878,-0.493970,0.200
2090,126.308061,-103.595088,-0.511819,0.200
2091,126.367329,-103.661894,-0.507782,0.200
2092,126.492242,-103.782895,-0.513140,0.200
2093,126.574781,-103.860568,-0.486758,0.200
2094,126.767196,-103.946819,-0.493866,0.200
2095,126.958222,-104.049117,-0.505728,0.200
2096,127.059825,-104.203832,-0.514159,0.200
2097,127.225016,-104.388930,-0.504454,0.200
2098,127.435119,-104.580126,-0.544603,0.200
2099,127.467685,-104.655959,-0.579027,0.200
2100,127.512493,-104.721932,-0.649515,0.200
2101,127.580645,-104.779074,-0.653800,0.200
2102,127.689329,-104.912426,-0.660661,0.200
2103,127.703214,-104.971851,-0.641255,0.200
2104,127.749241,-105.042688,-0.651519,0.200
2105,127.797687,-105.116769,-0.651862,0.200
2106,127.896184,-105.249038,-0.656283,0.200
2107,128.014773,-105.393625,-0.647971,0.200
2108,128.145758,-105.546182,-0.664055,0.200
2109,128.347040,-105.807852,-0.662974,0.200
2110,128.417553,-105.938575,-0.672354,0.200
2111,128.549267,-106.042021,-0.635962,0.200
2112,128.625306,-106.111973,-0.639166,0.200
2113,128.700970,-106.175522,-0.655845,0.200
2114,128.778965,-106.231336,-0.661615,0.200
2115,128.860174,-106.306092,-0.644246,0.200
2116,128.979813,-106.436302,-0.646200,0.200
2117,129.100904,-106.612989,-0.652953,0.200
2118,129.154453,-106.691040,-0.639389,0.200
2119,129.204595,-106.762412,-0.657683,0.200
2120,129.262482,-106.840371,-0.647937,0.200
2121,129.301589,-106.898228,-0.663024,0.200
2122,129.358280,-106.959348,-0.666424,0.200
2123,129.449578,-107.079973,-0.658107,0.200
2124,129.537054,-107.138657,-0.635215,0.200
2125,129.641270,-107.263198,-0.656718,0.200
2126,129.751860,-107.427076,-0.650419,0.200
2127,129.875157,-107.549818,-0.653397,0.200
2128,130.047492,-107.765556,-0.643971,0.200
2129,130.125788,-107.835267,-0.632929,0.200
2130,130.176336,-107.902198,-0.653238,0.200
2131,130.291532,-108.061386,-0.638216,0.200
2132,130.344165,-108.121730,-0.651676,0.200
2133,130.441121,-108.172848,-0.636045,0.200
2134,130.500029,-108.223983,-0.650898,0.200
2135,130.565650,-108.293931,-0.655123,0.200
2136,130.661401,-108.456892,-0.645468,0.200
2137,130.760803,-108.612190,-0.654617,0.200
2138,130.902545,-108.749801,-0.631686,0.200
2139,130.966351,-108.815418,-0.649376,0.200
2140,131.029130,-108.872816,-0.628651,0.200
2141,131.120004,-109.040671,-0.653300,0.200
2142,131.191720,-109.094045,-0.632743,0.200
2143,131.127797,-109.183621,-0.580831,0.200
2144,131.265416,-109.265716,-0.546753,0.200
2145,131.402747,-109.338833,-0.574187,0.200
2146,131.622452,-109.504696,-0.595038,0.200
2147,131.968804,-109.836023,-0.566500,0.200
2148,132.102757,-109.994860,-0.580059,0.200
2149,132.173813,-110.063374,-0.565146,0.200
2150,132.288308,-110.212552,-0.577707,0.200
2151,132.334992,-110.274883,-0.591237,0.200
2152,132.403531,-110.342447,-0.576078,0.200
2153,132.539306,-110.447565,-0.575088,0.200
2154,132.649745,-110.541628,-0.590600,0.200
2155,132.718932,-110.594193,-0.566855,0.200
2156,132.867428,-110.715954,-0.559364,0.200
2157,132.924631,-110.789918,-0.575586,0.200
2158,132.992505,-110.851651,-0.588750,0.200
2159,133.100996,-111.018577,-0.581161,0.200
2160,133.230235,-111.088151,-0.583453,0.200
2161,133.315008,-111.126262,-0.606221,0.200
2162,133.387995,-111.197644,-0.618214,0.200
2163,133.443111,-111.291514,-0.617422,0.200
2164,133.452440,-111.382550,-0.620586,0.200
2165,133.502112,-111.458099,-0.611411,0.200
2166,133.539473,-111.528696,-0.631743,0.200
2167,133.590381,-111.579114,-0.638584,0.200
2168,133.757350,-111.753016,-0.620465,0.200
2169,133.840854,-111.805033,-0.624605,0.200
2170,133.984370,-111.936260,-0.628792,0.200
2171,134.030291,-112.016777,-0.635588,0.200
2172,134.181408,-112.229049,-0.659041,0.200
2173,134.363060,-112.451331,-0.640692,0.200
2174,134.537223,-112.665590,-0.636373,0.200
2175,134.671231,-112.806293,-0.631980,0.200
2176,134.731773,-112.888992,-0.651468,0.200
2177,134.864118,-113.021299,-0.635463,0.200
2178,134.929622,-113.062695,-0.642586,0.200
2179,135.054724,-113.213002,-0.661263,0.200
2180,135.107027,-113.306253,-0.685320,0.200
2181,135.174959,-113.448856,-0.701603,0.200
2182,135.207500,-113.529122,-0.705291,0.200
2183,135.383104,-113.729004,-0.702808,0.200
2184,135.450434,-113.795015,-0.696720,0.200
2185,135.538373,-113.841281,-0.693882,0.200
2186,135.597607,-113.902512,-0.708407,0.200
2187,135.649393,-113.978510,-0.714664,0.200
2188,135.748766,-114.126545,-0.689432,0.200
2189,135.791415,-114.192100,-0.682391,0.200
2190,135.885733,-114.339256,-0.703672,0.200
2191,135.992101,-114.512685,-0.687954,0.200
2192,136.071036,-114.596973,-0.668826,0.200
2193,136.197389,-114.769888,-0.694899,0.200
2194,136.243831,-114.853138,-0.670485,0.200
2195,136.347497,-114.985323,-0.683474,0.200
2196,136.445610,-115.139233,-0.788126,0.200
2197,136.468330,-115.213702,-0.756613,0.200
2198,136.500465,-115.295189,-0.761843,0.200
2199,136.550657,-115.374151,-0.765527,0.200
2200,136.616393,-115.445378,-0.781749,0.200
2201,136.677597,-115.528598,-0.791959,0.200
2202,136.720919,-115.625092,-0.761425,0.200
2203,136.846176,-115.793310,-0.748955,0.200
2204,136.947775,-115.984424,-0.771022,0.200
2205,136.980676,-116.081211,-0.748443,0.200
2206,137.006126,-116.177056,-0.757365,0.200
2207,137.071527,-116.250372,-0.732985,0.200
2208,137.212285,-116.449392,-0.735183,0.200
2209,137.313003,-116.593385,-0.742680,0.200
2210,137.410334,-116.751967,-0.730068,0.200
2211,137.506629,-116.884651,-0.749746,0.200
2212,137.664856,-117.217256,-0.737704,0.200
2213,137.964123,-117.562895,-0.738723,0.200
2214,138.341247,-118.074195,-0.739663,0.200
2215,138.486513,-118.403870,-0.735668,0.200
2216,138.676154,-118.727547,-0.766315,0.200
2217,138.894423,-119.265772,-0.695635,0.200
2218,139.015427,-119.780190,-0.694706,0.200
2219,139.059625,-119.820304,-0.681614,0.200
2220,139.102047,-119.947181,-0.710013,0.200
2221,139.237805,-120.375136,-0.702383,0.200
2222,139.298883,-120.454869,-0.697139,0.200
2223,139.425970,-120.668616,-0.714934,0.200
2224,139.641143,-120.945152,-0.698106,0.200
2225,139.754029,-121.060447,-0.706210,0.200
2226,139.850118,-121.192394,-0.690153,0.200
2227,139.945440,-121.324912,-0.706226,0.200
2228,139.987977,-121.412401,-0.691315,0.200
2229,140.122573,-121.599419,-0.690621,0.200
2230,140.187068,-121.699554,-0.715806,0.200
2231,140.374062,-121.986239,-0.702213,0.200
2232,140.476034,-122.156181,-0.717560,0.200
2233,140.545490,-122.258307,-0.701468,0.200
2234,140.598667,-122.353362,-0.686721,0.200
2235,140.673497,-122.405640,-0.691833,0.200
2236,140.719443,-122.505951,-0.699441,0.200
2237,140.792929,-122.652089,-0.741444,0.200
2238,140.942359,-122.864431,-0.729887,0.200
2239,140.999927,-122.940574,-0.759945,0.200
2240,141.058640,-122.997554,-0.734756,0.200
2241,141.108080,-123.084550,-0.731878,0.200
2242,141.452443,-123.304260,-0.807955,0.200
2243,141.662756,-123.180035,-0.788943,0.200
2244,141.798519,-123.147034,-0.801052,0.200
2245,141.795145,-123.107641,-0.810021,0.200
2246,141.901312,-123.115335,-0.787384,0.200
2247,141.932525,-123.137952,-0.798702,0.200
2248,141.976256,-123.161324,-0.785933,0.200
2249,142.065415,-123.219220,-0.798341,0.200
2250,142.143111,-123.366633,-0.798600,0.200
2251,142.190021,-123.455327,-0.788689,0.200
2252,142.221152,-123.570859,-0.817933,0.200
2253,142.314681,-123.762873,-0.783075,0.200
2254,142.371607,-123.863565,-0.801369,0.200
2255,142.422163,-123.992964,-0.785225,0.200
2256,142.637853,-124.434327,-0.792085,0.200
2257,142.760714,-124.649768,-0.807935,0.200
2258,142.805374,-124.775086,-0.786390,0.200
2259,142.882549,-125.023338,-0.791951,0.200
2260,142.977397,-125.235996,-0.816833,0.200
2261,143.133541,-125.524407,-0.795586,0.200
2262,143.206584,-125.681923,-0.817489,0.200
2263,143.284233,-125.900055,-0.800635,0.200
2264,143.385409,-126.143278,-0.798819,0.200
2265,143.472171,-126.391347,-0.776641,0.200
2266,143.513936,-126.495125,-0.802287,0.200
2267,143.663744,-126.816479,-0.822481,0.200
2268,143.809880,-127.040798,-0.801582,0.200
2269,143.907559,-127.188495,-0.816178,0.200
2270,144.005009,-127.355651,-0.799975,0.200
2271,144.076160,-127.434545,-0.783017,0.200
2272,144.105680,-127.502265,-0.809543,0.200
2273,144.152416,-127.574451,-0.818734,0.200
2274,144.238407,-127.730170,-0.786258,0.200
2275,144.322544,-127.915387,-0.784619,0.200
2276,144.418260,-128.089243,-0.776536,0.200
2277,144.494309,-128.254263,-0.826015,0.200
2278,144.608029,-128.453013,-0.835716,0.200
2279,144.643336,-128.526949,-0.851723,0.200
2280,144.686229,-128.608010,-0.834033,0.200
2281,144.748297,-128.770512,-0.862651,0.200
2282,144.758604,-128.888828,-0.896809,0.200
2283,144.890216,-129.014552,-0.929200,0.200
2284,144.928828,-129.063030,-0.927355,0.200
2285,144.995204,-129.199163,-0.897784,0.200
2286,145.041665,-129.268222,-0.895367,0.200
2287,145.071494,-129.331880,-0.906182,0.200
2288,145.139049,-129.492802,-0.895833,0.200
2289,145.170840,-129.582346,-0.901062,0.200
2290,145.251458,-129.738303,-0.913582,0.200
2291,145.318505,-129.957098,-0.888389,0.200
2292,145.403543,-130.131416,-0.888000,0.200
2293,145.438097,-130.244275,-0.902929,0.200
2294,145.525189,-130.394516,-0.876381,0.200
2295,145.572383,-130.443265,-0.903809,0.200
2296,145.664739,-130.613462,-0.910087,0.200
2297,145.695781,-130.714245,-0.903314,0.200
2298,145.724787,-130.838635,-0.889979,0.200
2299,145.768508,-130.926909,-0.901205,0.200
2300,145.795639,-131.047901,-0.895579,0.200
2301,145.868718,-131.266193,-0.897172,0.200
2302,145.884065,-131.351813,-0.888814,0.200
2303,145.989293,-131.639053,-0.916736,0.200
2304,146.089888,-131.835540,-0.886977,0.200
2305,146.147563,-131.932137,-0.892736,0.200
2306,146.214237,-132.030277,-0.898061,0.200
2307,146.299776,-132.201203,-0.888970,0.200
2308,146.378566,-132.487926,-0.905074,0.200
2309,146.479126,-132.729245,-0.903917,0.200
2310,146.544839,-132.921261,-0.940884,0.200
2311,146.607492,-133.195752,-0.995384,0.200
2312,146.754593,-133.776718,-0.996202,0.200
2313,146.793397,-134.002836,-1.008453,0.200
2314,146.845696,-134.267192,-0.985397,0.200
2315,146.898290,-134.504680,-0.973600,0.200
2316,146.908334,-134.632508,-1.008995,0.200
2317,146.971338,-134.774460,-0.985436,0.200
2318,147.041040,-134.988725,-0.995068,0.200
2319,147.130853,-135.219228,-0.983315,0.200
2320,147.208821,-135.426772,-0.999683,0.200
2321,147.271082,-135.597782,-0.974712,0.200
2322,147.329434,-135.784337,-0.981569,0.200
2323,147.341549,-135.891211,-0.998691,0.200
2324,147.422710,-136.085063,-0.971495,0.200
2325,147.502841,-136.305388,-0.974449,0.200
2326,147.568509,-136.555068,-0.973423,0.200
2327,147.588340,-136.666973,-0.969396,0.200
2328,147.637479,-136.818644,-0.988893,0.200
2329,147.645289,-136.904024,-1.029860,0.200
2330,147.618078,-137.028516,-1.114791,0.200
2331,147.648723,-137.107535,-1.103930,0.200
2332,147.697691,-137.303173,-1.126939,0.200
2333,147.735846,-137.498351,-1.123676,0.200
2334,147.741704,-137.592450,-1.105685,0.200
2335,147.751927,-137.698749,-1.112655,0.200
2336,147.769154,-137.795323,-1.105520,0.200
2337,147.795697,-138.012574,-1.111412,0.200
2338,147.817230,-138.120451,-1.090618,0.200
2339,147.819886,-138.209558,-1.106808,0.200
2340,147.837865,-138.432449,-1.080654,0.200
2341,147.814859,-138.895133,-1.116845,0.200
2342,147.912644,-139.246627,-1.118047,0.200
2343,148.142687,-139.635507,-1.120748,0.200
2344,148.158135,-140.149191,-1.157793,0.200
2345,148.385526,-141.062194,-1.115682,0.200
2346,148.641537,-141.786711,-1.102231,0.200
2347,148.744518,-142.264031,-1.128879,0.200
2348,148.785507,-142.654981,-1.135033,0.200
2349,148.788468,-142.854164,-1.141715,0.200
2350,148.807789,-142.917749,-1.150546,0.200
2351,148.844153,-143.125513,-1.141973,0.200
2352,148.863081,-143.205942,-1.119131,0.200
2353,148.862115,-143.380129,-1.136011,0.200
2354,148.857986,-143.486604,-1.119061,0.200
2355,148.855437,-143.580041,-1.135044,0.200
2356,148.845336,-143.675962,-1.113356,0.200
2357,148.821278,-143.738572,-1.145378,0.200
2358,148.838712,-143.871007,-1.117176,0.200
2359,148.867305,-143.915285,-1.123269,0.200
2360,148.895714,-143.931148,-1.098650,0.200
2361,148.919674,-144.015581,-1.131795,0.200
2362,148.945299,-144.079220,-1.132380,0.200
2363,148.952523,-144.168808,-1.128427,0.200
2364,148.952268,-144.323651,-1.129729,0.200
2365,148.978374,-144.442526,-1.127864,0.200
2366,149.002569,-144.697236,-1.103128,0.200
2367,149.033523,-144.920165,-1.181509,0.200
2368,149.008301,-145.036949,-1.272227,0.200
2369,149.029701,-145.153750,-1.268877,0.200
2370,149.035006,-145.251864,-1.258672,0.200
2371,149.008327,-145.323137,-1.255624,0.200
2372,149.012496,-145.353085,-1.255233,0.200
2373,149.004972,-145.392706,-1.270311,0.200
2374,148.938569,-145.522492,-1.251517,0.200
2375,148.939981,-145.695501,-1.245444,0.200
2376,148.935938,-145.744428,-1.252470,0.200
2377,148.924572,-145.862662,-1.260912,0.200
2378,148.917265,-146.066675,-1.248903,0.200
2379,148.927509,-146.139714,-1.224363,0.200
2380,148.934020,-146.202022,-1.243463,0.200
2381,148.924429,-146.301607,-1.237548,0.200
2382,148.915738,-146.372563,-1.237023,0.200
2383,148.892272,-146.561584,-1.233440,0.200
2384,148.894208,-146.686028,-1.251620,0.200
2385,148.898500,-146.788360,-1.250429,0.200
2386,148.887469,-146.874721,-1.237077,0.200
2387,148.861956,-147.028364,-1.256845,0.200
2388,148.888279,-147.192478,-1.248015,0.200
2389,148.891256,-147.366225,-1.245723,0.200
2390,148.886627,-147.486069,-1.247705,0.200
2391,148.882223,-147.595186,-1.261077,0.200
2392,148.896339,-147.937116,-1.234038,0.200
2393,148.909607,-148.174795,-1.263701,0.200
2394,148.889950,-148.341730,-1.236482,0.200
2395,148.849147,-148.658832,-1.252602,0.200
2396,148.838705,-148.848523,-1.233944,0.200
2397,148.843943,-148.941039,-1.216908,0.200
2398,148.845231,-149.119789,-1.249725,0.200
2399,148.852597,-149.214091,-1.219731,0.200
2400,148.866317,-149.397132,-1.203010,0.200
2401,148.856326,-149.513542,-1.234053,0.200
2402,148.857926,-149.703810,-1.229752,0.200
2403,148.865526,-149.879799,-1.212811,0.200
2404,148.855794,-150.110416,-1.230592,0.200
2405,148.855591,-150.186134,-1.219210,0.200
2406,148.864355,-150.398132,-1.212593,0.200
2407,148.859215,-150.482568,-1.227782,0.200
2408,148.850913,-150.667014,-1.201705,0.200
2409,148.854413,-150.746585,-1.214340,0.200
2410,148.799665,-150.936605,-1.229367,0.200
2411,148.804118,-151.107600,-1.200390,0.200
2412,148.827763,-151.200910,-1.213218,0.200
2413,148.834007,-151.313146,-1.203116,0.200
2414,148.849452,-151.493839,-1.215355,0.200
2415,148.865078,-151.695679,-1.214707,0.200
2416,148.869349,-151.830010,-1.208788,0.200
2417,148.870030,-151.924340,-1.232601,0.200
2418,148.859100,-152.127033,-1.207070,0.200
2419,148.851200,-152.216384,-1.219894,0.200
2420,148.870108,-152.492103,-1.209839,0.200
2421,148.877119,-152.605707,-1.203971,0.200
2422,148.889280,-152.801578,-1.206786,0.200
2423,148.893966,-152.903890,-1.223131,0.200
2424,148.897465,-153.203040,-1.203525,0.200
2425,148.888853,-153.288267,-1.193650,0.200
2426,148.893047,-153.362193,-1.211394,0.200
2427,148.889543,-153.559319,-1.194115,0.200
2428,148.901490,-153.645141,-1.181599,0.200
2429,148.889962,-153.727662,-1.195639,0.200
2430,148.899000,-153.814170,-1.216393,0.200
2431,148.905283,-153.925202,-1.185734,0.200
2432,148.910611,-154.038271,-1.189516,0.200
2433,148.907153,-154.244998,-1.200774,0.200
2434,148.917785,-154.368048,-1.213871,0.200
2435,148.921922,-154.480481,-1.187746,0.200
2436,148.929755,-154.781476,-1.199495,0.200
2437,148.932411,-154.960566,-1.183492,0.200
2438,148.937407,-155.145851,-1.165891,0.200
2439,148.952367,-155.333435,-1.210734,0.200
2440,148.961991,-155.652945,-1.174241,0.200
2441,148.963532,-155.710214,-1.186259,0.200
2442,148.960322,-155.824835,-1.183145,0.200
2443,148.967214,-156.021180,-1.198702,0.200
2444,148.969006,-156.114832,-1.186068,0.200
2445,148.971155,-156.197508,-1.205651,0.200
2446,148.980494,-156.440011,-1.187409,0.200
2447,149.016079,-156.770165,-1.209210,0.200
2448,149.031177,-157.065944,-1.198473,0.200
2449,149.053274,-157.152758,-1.184108,0.200
2450,149.075778,-157.325349,-1.198303,0.200
2451,149.075326,-157.489303,-1.199137,0.200
2452,149.075410,-157.578707,-1.177479,0.200
2453,149.063739,-157.652745,-1.199853,0.200
2454,149.061352,-157.837510,-1.178972,0.200
2455,149.046816,-157.906640,-1.180531,0.200
2456,149.046325,-158.071717,-1.178722,0.200
2457,149.054732,-158.225670,-1.215234,0.200
2458,149.034095,-158.359788,-1.209533,0.200
2459,149.038704,-158.513189,-1.227629,0.200
2460,149.047590,-158.703690,-1.213075,0.200
2461,149.038442,-158.777075,-1.215924,0.200
2462,149.037666,-159.005683,-1.254026,0.200
2463,149.016697,-159.159554,-1.319220,0.200
2464,148.984027,-159.308804,-1.304897,0.200
2465,148.951440,-159.455905,-1.348528,0.200
2466,148.966794,-159.527330,-1.310569,0.200
2467,148.955765,-159.588856,-1.311562,0.200
2468,148.936475,-159.825840,-1.312715,0.200
2469,148.927541,-160.088049,-1.304632,0.200
2470,148.909658,-160.262906,-1.316451,0.200
2471,148.888820,-160.474538,-1.295077,0.200
2472,148.867314,-160.652007,-1.284625,0.200
2473,148.856801,-160.741473,-1.304241,0.200
2474,148.837485,-160.935309,-1.292802,0.200
2475,148.809005,-161.320091,-1.322514,0.200
2476,148.785268,-162.056157,-1.303537,0.200
2477,148.773243,-162.860363,-1.304412,0.200
2478,148.694969,-163.258964,-1.304823,0.200
2479,148.603734,-163.884356,-1.309852,0.200
2480,148.553583,-164.320697,-1.306213,0.200
2481,148.538683,-164.520076,-1.304582,0.200
2482,148.551481,-164.746928,-1.330233,0.200
2483,148.550999,-164.852059,-1.307750,0.200
2484,148.532127,-164.943674,-1.318940,0.200
2485,148.520938,-165.144057,-1.326199,0.200
2486,148.500613,-165.247625,-1.342753,0.200
2487,148.451732,-165.406306,-1.311759,0.200
2488,148.431851,-165.546778,-1.289186,0.200
2489,148.460236,-165.798885,-1.301430,0.200
2490,148.372747,-166.258690,-1.286537,0.200
2491,148.300488,-166.510137,-1.290984,0.200
2492,148.284261,-166.730110,-1.296116,0.200
2493,148.259774,-167.033374,-1.293128,0.200
2494,148.283790,-167.218993,-1.227833,0.200
2495,148.307706,-167.301879,-1.230353,0.200
2496,148.312158,-167.398910,-1.220673,0.200
2497,148.305714,-167.465626,-1.233945,0.200
2498,148.265260,-167.734848,-1.233636,0.200
2499,148.241899,-168.059189,-1.238153,0.200
2500,148.234063,-168.381092,-1.221978,0.200
2501,148.254860,-168.471091,-1.248685,0.200
2502,148.241666,-168.673244,-1.229556,0.200
2503,148.266093,-168.882003,-1.234424,0.200
2504,148.261145,-169.092866,-1.225252,0.200
2505,148.274945,-169.323055,-1.210692,0.200
2506,148.272325,-169.430709,-1.235115,0.200
2507,148.268390,-169.540263,-1.245231,0.200
2508,148.264988,-169.641350,-1.223015,0.200
2509,148.258398,-169.733451,-1.231120,0.200
2510,148.230211,-169.892446,-1.243205,0.200
2511,148.230337,-170.074012,-1.201016,0.200
2512,148.235958,-170.288658,-1.206991,0.200
2513,148.253749,-170.496672,-1.221225,0.200
2514,148.255930,-170.772162,-1.190560,0.200
2515,148.236587,-171.201578,-1.224869,0.200
2516,148.233890,-171.422551,-1.224854,0.200
2517,148.230612,-171.739216,-1.221059,0.200
2518,148.259373,-172.057417,-1.217945,0.200
2519,148.251718,-172.154438,-1.223187,0.200
2520,148.268954,-172.256717,-1.218645,0.200
2521,148.273561,-172.369795,-1.210170,0.200
2522,148.270175,-172.475114,-1.224179,0.200
2523,148.272845,-172.571403,-1.203186,0.200
2524,148.300567,-172.765972,-1.192145,0.200
2525,148.298551,-172.858225,-1.217888,0.200
2526,148.289701,-173.061549,-1.204360,0.200
2527,148.276721,-173.173667,-1.217447,0.200
2528,148.292042,-173.271009,-1.191899,0.200
2529,148.284153,-173.366401,-1.209288,0.200
2530,148.283716,-173.467881,-1.207901,0.200
2531,148.266506,-173.572863,-1.188147,0.200
2532,148.259734,-173.678721,-1.210272,0.200
2533,148.246425,-173.777137,-1.181542,0.200
2534,148.274924,-174.179772,-1.225669,0.200
2535,148.295424,-174.394707,-1.230890,0.200
2536,148.286681,-174.505503,-1.201010,0.200
2537,148.280530,-174.728037,-1.187355,0.200
2538,148.275035,-174.950568,-1.222948,0.200
2539,148.282548,-175.052620,-1.191768,0.200
2540,148.292323,-175.149103,-1.203984,0.200
2541,148.292935,-175.353692,-1.216944,0.200
2542,148.303017,-175.458520,-1.218220,0.200
2543,148.295711,-175.565475,-1.183932,0.200
2544,148.304107,-175.844768,-1.215600,0.200
2545,148.308193,-176.052645,-1.188800,0.200
2546,148.309229,-176.280629,-1.184124,0.200
2547,148.320143,-176.445686,-1.126073,0.200
2548,148.336421,-176.560363,-1.113386,0.200
2549,148.346637,-176.678414,-1.114041,0.200
2550,148.325853,-176.791333,-1.167814,0.200
2551,148.315834,-177.059585,-1.183671,0.200
2552,148.312727,-177.322233,-1.205266,0.200
2553,148.315853,-177.525357,-1.227243,0.200
2554,148.302538,-177.751708,-1.212199,0.200
2555,148.308211,-177.946831,-1.225441,0.200
2556,148.299892,-178.208891,-1.235682,0.200
2557,148.309220,-178.427535,-1.209079,0.200
2558,148.317545,-178.522801,-1.229097,0.200
2559,148.298084,-178.711930,-1.229333,0.200
2560,148.288109,-178.926294,-1.206074,0.200
2561,148.299589,-179.124390,-1.211121,0.200
2562,148.313493,-179.243399,-1.241450,0.200
2563,148.335111,-179.435010,-1.217227,0.200
2564,148.354883,-179.610403,-1.219392,0.200
2565,148.344400,-179.794477,-1.233403,0.200
2566,148.330888,-179.882010,-1.212775,0.200
2567,148.323653,-180.071208,-1.201248,0.200
2568,148.267794,-180.516632,-1.193855,0.200
2569,148.270820,-180.573517,-1.214167,0.200
2570,148.295671,-180.750714,-1.213427,0.200
2571,148.304947,-180.917189,-1.189703,0.200
2572,148.301609,-181.011340,-1.210831,0.200
2573,148.310633,-181.292372,-1.203958,0.200
2574,148.321584,-181.366779,-1.209077,0.200
2575,148.327971,-181.534579,-1.222543,0.200
2576,148.326600,-181.786682,-1.200285,0.200
2577,148.332130,-181.972587,-1.205093,0.200
2578,148.333434,-182.157356,-1.189789,0.200
2579,148.327105,-182.328941,-1.184631,0.200
2580,148.314959,-182.613596,-1.185978,0.200
2581,148.339553,-182.952140,-1.206980,0.200
2582,148.380886,-183.304153,-1.184957,0.200
2583,148.413814,-183.507099,-1.204006,0.200
2584,148.415923,-183.770912,-1.166376,0.200
2585,148.400511,-183.977289,-1.213291,0.200
2586,148.392186,-184.058949,-1.172977,0.200
2587,148.372454,-184.376740,-1.189950,0.200
2588,148.406142,-184.478239,-1.192040,0.200
2589,148.414728,-184.560950,-1.176748,0.200
2590,148.428175,-184.656971,-1.181425,0.200
2591,148.435441,-184.749229,-1.161449,0.200
2592,148.447079,-184.946356,-1.180690,0.200
2593,148.434146,-185.320213,-1.207579,0.200
2594,148.448158,-185.641727,-1.196652,0.200
2595,148.565580,-186.173583,-1.179980,0.200
2596,148.665402,-186.781985,-1.197063,0.200
2597,148.747294,-187.341110,-1.215766,0.200
2598,148.620064,-187.763856,-1.200874,0.200
2599,148.556556,-188.431973,-1.178180,0.200
2600,148.576307,-188.811905,-1.163686,0.200
2601,148.573439,-189.120881,-1.184198,0.200
2602,148.587217,-189.239523,-1.195202,0.200
2603,148.620045,-189.450914,-1.181776,0.200
2604,148.642503,-189.658918,-1.184063,0.200
2605,148.662564,-189.860653,-1.164438,0.200
2606,148.637945,-190.134264,-1.179634,0.200
2607,148.629514,-190.327238,-1.162758,0.200
2608,148.646957,-190.512326,-1.158116,0.200
2609,148.660750,-190.813605,-1.167813,0.200
2610,148.690467,-190.926710,-1.151468,0.200
2611,148.702469,-191.129559,-1.177236,0.200
2612,148.707915,-191.235257,-1.159155,0.200
2613,148.735114,-191.446007,-1.146690,0.200
2614,148.763689,-191.655110,-1.174154,0.200
2615,148.782027,-191.963730,-1.148686,0.200
2616,148.770082,-192.139884,-1.188135,0.200
2617,148.753915,-192.317020,-1.155876,0.200
2618,148.758685,-192.511971,-1.166272,0.200
2619,148.768583,-192.720663,-1.151586,0.200
2620,148.770271,-192.919436,-1.252258,0.200
2621,148.786894,-193.074841,-1.266779,0.200
2622,148.785882,-193.158296,-1.248519,0.200
2623,148.763981,-193.225552,-1.252781,0.200
2624,148.758117,-193.504210,-1.281417,0.200
2625,148.763581,-193.695847,-1.255648,0.200
2626,148.746188,-193.895113,-1.250793,0.200
2627,148.739837,-194.000984,-1.250895,0.200
2628,148.729271,-194.257855,-1.240024,0.200
2629,148.709640,-194.646365,-1.253735,0.200
2630,148.693117,-194.960439,-1.255561,0.200
2631,148.679374,-195.154067,-1.239766,0.200
2632,148.673182,-195.323736,-1.239596,0.200
2633,148.664171,-195.530862,-1.194930,0.200
2634,148.683417,-195.741715,-1.216554,0.200
2635,148.668148,-195.932309,-1.232736,0.200
2636,148.647405,-196.025854,-1.213598,0.200
2637,148.640698,-196.116051,-1.229918,0.200
2638,148.629768,-196.307368,-1.235782,0.200
2639,148.622973,-196.420267,-1.237938,0.200
2640,148.635208,-196.521302,-1.210861,0.200
2641,148.654832,-196.633947,-1.228008,0.200
2642,148.657060,-196.838622,-1.240131,0.200
2643,148.661424,-196.939781,-1.235826,0.200
2644,148.676540,-197.248151,-1.201498,0.200
2645,148.367783,-197.512437,-1.202579,0.200
2646,148.353384,-197.664134,-1.199753,0.200
2647,148.412453,-197.853125,-1.205396,0.200
2648,148.505119,-198.012034,-1.191290,0.200
2649,148.619768,-198.280343,-1.219874,0.200
2650,148.652267,-198.519899,-1.214270,0.200
2651,148.652383,-198.632123,-1.181820,0.200
2652,148.644597,-198.838800,-1.204358,0.200
2653,148.638131,-199.110020,-1.188239,0.200
2654,148.620847,-199.301045,-1.207256,0.200
2655,148.607656,-199.400757,-1.192599,0.200
2656,148.600255,-199.492521,-1.208863,0.200
2657,148.605759,-199.655864,-1.217879,0.200
2658,148.622115,-199.943627,-1.195440,0.200
2659,148.620805,-200.162261,-1.216155,0.200
2660,148.630054,-200.367490,-1.188961,0.200
2661,148.627896,-200.471057,-1.183556,0.200
2662,148.643504,-200.674810,-1.206213,0.200
2663,148.646639,-200.788164,-1.181435,0.200
2664,148.663031,-200.999718,-1.189658,0.200
2665,148.683875,-201.286627,-1.211647,0.200
2666,148.666336,-201.450842,-1.215035,0.200
2667,148.649772,-201.533817,-1.227770,0.200
2668,148.652916,-201.724522,-1.219952,0.200
2669,148.643153,-201.811607,-1.221100,0.200
2670,148.652982,-202.110571,-1.243897,0.200
2671,148.631893,-202.294447,-1.213039,0.200
2672,148.630715,-202.395720,-1.201005,0.200
2673,148.620764,-202.592247,-1.229590,0.200
2674,148.618611,-202.688462,-1.200272,0.200
2675,148.609860,-202.880085,-1.182208,0.200
2676,148.600608,-202.971387,-1.213098,0.200
2677,148.604723,-203.070857,-1.241147,0.200
2678,148.609027,-203.189158,-1.200237,0.200
2679,148.631228,-203.462363,-1.191146,0.200
2680,148.618891,-203.666662,-1.203404,0.200
2681,148.666552,-203.838788,-1.179251,0.200
2682,148.539302,-203.980520,-1.213931,0.200
2683,148.436399,-204.312811,-1.208456,0.200
2684,148.507858,-204.444399,-1.224817,0.200
2685,148.624969,-204.672929,-1.205961,0.200
2686,148.655769,-204.770548,-1.219286,0.200
2687,148.649696,-205.078282,-1.233885,0.200
2688,148.614091,-205.350741,-1.146475,0.200
2689,148.670365,-205.560909,-1.192546,0.200
2690,148.652961,-205.868474,-1.065750,0.200
2691,147.730139,-206.231962,-1.046527,0.200
2692,146.874060,-206.612063,-1.039887,0.200
2693,146.500225,-206.925932,-1.004813,0.200
2694,146.399831,-207.084984,-0.999559,0.200
2695,146.156503,-207.394453,-0.973045,0.200
2696,145.785484,-207.963569,-0.968537,0.200
2697,145.633275,-208.285933,-0.948295,0.200
2698,145.596109,-208.434176,-0.965875,0.200
2699,145.498825,-208.774979,-0.931868,0.200
2700,145.459073,-209.121244,-0.913768,0.200
2701,145.477173,-209.265340,-0.921140,0.200
2702,145.490232,-209.605630,-0.901649,0.200
2703,145.512563,-209.767033,-0.823642,0.200
2704,145.461596,-209.956332,-0.877260,0.200
2705,145.465889,-210.109272,-0.866739,0.200
2706,145.467907,-210.394742,-0.863085,0.200
2707,145.472964,-210.541448,-0.817124,0.200
2708,145.494861,-210.821252,-0.872266,0.200
2709,145.553023,-211.112679,-0.863861,0.200
2710,145.650385,-211.334793,-0.886170,0.200
2711,145.654720,-211.291198,-0.884834,0.200
2712,145.880870,-211.539968,-0.897878,0.200
2713,145.866962,-211.593754,-0.881578,0.200
2714,145.865154,-211.801556,-0.878898,0.200
2715,145.977855,-212.144689,-0.848186,0.200
2716,146.097956,-212.792635,-0.704860,0.200
2717,146.658798,-214.676828,-0.866991,0.200
