id,x,y,yaw,v
0,3.388500,-9.017294,-0.171267,0.200
1,3.389458,-9.014422,-0.171252,0.200
2,3.388150,-9.013373,-0.170637,0.200
3,3.392043,-9.010586,-0.171085,0.200
4,3.394608,-9.009411,-0.171293,0.200
5,3.393653,-9.009410,-0.169968,0.200
6,3.394052,-9.009321,-0.169738,0.200
7,3.393119,-9.007098,-0.170165,0.200
8,3.388596,-9.008486,-0.170943,0.200
9,3.388994,-9.009229,-0.168864,0.200
10,3.392514,-9.008246,-0.169865,0.200
11,3.391285,-9.009720,-0.169572,0.200
12,3.389902,-9.009932,-0.169286,0.200
13,3.386396,-9.002156,-0.169087,0.200
14,3.385403,-9.009080,-0.169084,0.200
15,3.390083,-9.008555,-0.168946,0.200
16,3.396063,-9.009994,-0.168422,0.200
17,3.395020,-9.011194,-0.168964,0.200
18,3.394324,-9.008440,-0.169190,0.200
19,3.390527,-9.015981,-0.168512,0.200
20,3.393493,-9.014853,-0.169156,0.200
21,3.391465,-9.014505,-0.169132,0.200
22,3.395514,-9.011937,-0.168899,0.200
23,3.393412,-9.013292,-0.168564,0.200
24,3.400051,-9.016344,-0.168165,0.200
25,3.396586,-9.018472,-0.169261,0.200
26,3.392968,-9.015795,-0.168133,0.200
27,3.395802,-9.014891,-0.167923,0.200
28,3.397360,-9.017368,-0.168238,0.200
29,3.398199,-9.014329,-0.168448,0.200
30,3.395122,-9.015743,-0.168493,0.200
31,3.395765,-9.019134,-0.169066,0.200
32,3.399713,-9.016846,-0.168639,0.200
33,3.398915,-9.012188,-0.168416,0.200
34,3.390504,-9.007299,-0.170430,0.200
35,3.386019,-9.010804,-0.169692,0.200
36,3.394419,-9.011579,-0.169749,0.200
37,3.395059,-9.012866,-0.169330,0.200
38,3.399428,-9.016530,-0.168987,0.200
39,3.398902,-9.017561,-0.168971,0.200
40,3.399240,-9.014783,-0.169161,0.200
41,3.400071,-9.015093,-0.168805,0.200
42,3.394565,-9.014962,-0.169423,0.200
43,3.392609,-9.012129,-0.168273,0.200
44,3.390076,-9.010878,-0.168969,0.200
45,3.391437,-9.011012,-0.168932,0.200
46,3.392369,-9.011169,-0.168675,0.200
47,3.393757,-9.010196,-0.168358,0.200
48,3.402657,-9.017161,-0.167756,0.200
49,3.423841,-9.025157,-0.172758,0.200
50,3.443533,-9.033325,-0.173953,0.200
51,3.465545,-9.048119,-0.176532,0.200
52,3.508213,-9.057486,-0.168009,0.200
53,3.552647,-9.063012,-0.173171,0.200
54,3.603805,-9.075012,-0.169372,0.200
55,3.660363,-9.080563,-0.180285,0.200
56,3.709825,-9.096895,-0.191382,0.200
57,3.766346,-9.111814,-0.180932,0.200
58,3.830194,-9.131683,-0.168809,0.200
59,3.897783,-9.146205,-0.169051,0.200
60,3.953895,-9.156497,-0.166098,0.200
61,4.025913,-9.167030,-0.167747,0.200
62,4.078521,-9.180419,-0.173415,0.200
63,4.123393,-9.188881,-0.171512,0.200
64,4.167877,-9.204683,-0.173096,0.200
65,4.191127,-9.211968,-0.172247,0.200
66,4.200831,-9.210987,-0.166152,0.200
67,4.215388,-9.215716,-0.152380,0.200
68,4.239673,-9.221673,-0.150517,0.200
69,4.279957,-9.233882,-0.155136,0.200
70,4.318134,-9.240389,-0.163710,0.200
71,4.339060,-9.250713,-0.167231,0.200
72,4.352294,-9.258958,-0.171183,0.200
73,4.360015,-9.257761,-0.175546,0.200
74,4.357753,-9.257787,-0.181894,0.200
75,4.358542,-9.249480,-0.175267,0.200
76,4.358842,-9.244736,-0.175671,0.200
77,4.364742,-9.243076,-0.171180,0.200
78,4.380135,-9.250221,-0.169476,0.200
79,4.402019,-9.257948,-0.170859,0.200
80,4.429306,-9.261172,-0.163879,0.200
81,4.461062,-9.271099,-0.153817,0.200
82,4.498168,-9.284761,-0.160236,0.200
83,4.537662,-9.293497,-0.129079,0.200
84,4.585062,-9.299458,-0.144631,0.200
85,4.652581,-9.311754,-0.163060,0.200
86,4.706792,-9.325080,-0.166597,0.200
87,4.773954,-9.336145,-0.166028,0.200
88,4.841236,-9.345646,-0.172668,0.200
89,4.880261,-9.358907,-0.139383,0.200
90,4.921261,-9.371111,-0.130459,0.200
91,4.962843,-9.375396,-0.140725,0.200
92,4.996179,-9.379562,-0.149225,0.200
93,5.028068,-9.381826,-0.148405,0.200
94,5.066202,-9.391233,-0.158617,0.200
95,5.113167,-9.394550,-0.153021,0.200
96,5.164126,-9.414891,-0.158448,0.200
97,5.194893,-9.423574,-0.138295,0.200
98,5.230873,-9.439945,-0.125674,0.200
99,5.277136,-9.448965,-0.122870,0.200
100,5.326346,-9.459787,-0.144279,0.200
101,5.362437,-9.467518,-0.144353,0.200
102,5.406314,-9.469598,-0.153094,0.200
103,5.464430,-9.475241,-0.137162,0.200
104,5.505753,-9.473552,-0.138078,0.200
105,5.544835,-9.477990,-0.130748,0.200
106,5.598605,-9.485209,-0.130086,0.200
107,5.650061,-9.492160,-0.141591,0.200
108,5.697202,-9.499680,-0.138915,0.200
109,5.744690,-9.507428,-0.144840,0.200
110,5.803144,-9.524459,-0.137920,0.200
111,5.847564,-9.524744,-0.128677,0.200
112,5.888800,-9.537478,-0.115625,0.200
113,5.937038,-9.545106,-0.118617,0.200
114,5.988378,-9.555576,-0.131740,0.200
115,6.039114,-9.564085,-0.132280,0.200
116,6.092345,-9.571711,-0.139563,0.200
117,6.156542,-9.582943,-0.126290,0.200
118,6.200492,-9.590608,-0.122341,0.200
119,6.239892,-9.598943,-0.108435,0.200
120,6.293750,-9.610136,-0.110535,0.200
121,6.349863,-9.611928,-0.125574,0.200
122,6.392343,-9.611597,-0.131192,0.200
123,6.437335,-9.613703,-0.135560,0.200
124,6.499017,-9.626129,-0.125727,0.200
125,6.544339,-9.630077,-0.120211,0.200
126,6.596607,-9.635078,-0.111272,0.200
127,6.651837,-9.632254,-0.117407,0.200
128,6.701021,-9.644992,-0.128623,0.200
129,6.742436,-9.654598,-0.128697,0.200
130,6.791334,-9.667139,-0.127584,0.200
131,6.848188,-9.677702,-0.131635,0.200
132,6.890883,-9.691803,-0.107837,0.200
133,6.934525,-9.698144,-0.105340,0.200
134,6.991492,-9.703406,-0.108814,0.200
135,7.037070,-9.709811,-0.121019,0.200
136,7.089402,-9.710576,-0.118377,0.200
137,7.147489,-9.727409,-0.111883,0.200
138,7.202093,-9.732458,-0.117536,0.200
139,7.255412,-9.743387,-0.087993,0.200
140,7.304896,-9.751779,-0.098318,0.200
141,7.356539,-9.754692,-0.107038,0.200
142,7.392894,-9.754785,-0.114911,0.200
143,7.433910,-9.747283,-0.129130,0.200
144,7.490256,-9.739874,-0.119571,0.200
145,7.550976,-9.742986,-0.109967,0.200
146,7.596624,-9.761958,-0.087436,0.200
147,7.638539,-9.785693,-0.071685,0.200
148,7.691973,-9.796845,-0.104513,0.200
149,7.741345,-9.810432,-0.097324,0.200
150,7.785772,-9.813497,-0.107839,0.200
151,7.840672,-9.815324,-0.106989,0.200
152,7.890939,-9.821505,-0.105463,0.200
153,7.936270,-9.833259,-0.088193,0.200
154,7.976067,-9.837077,-0.091091,0.200
155,8.019970,-9.837781,-0.097267,0.200
156,8.057066,-9.839298,-0.095825,0.200
157,8.102841,-9.847324,-0.103863,0.200
158,8.161389,-9.854509,-0.092140,0.200
159,8.211640,-9.856909,-0.094190,0.200
160,8.267837,-9.872289,-0.075262,0.200
161,8.325081,-9.888467,-0.082635,0.200
162,8.386981,-9.894553,-0.094157,0.200
163,8.433971,-9.900441,-0.091659,0.200
164,8.480935,-9.896827,-0.100569,0.200
165,8.537948,-9.896116,-0.089741,0.200
166,8.577009,-9.895862,-0.090749,0.200
167,8.618952,-9.899533,-0.073115,0.200
168,8.666968,-9.909129,-0.075068,0.200
169,8.720822,-9.916046,-0.087964,0.200
170,8.757894,-9.919405,-0.085275,0.200
171,8.816143,-9.921776,-0.092475,0.200
172,8.875526,-9.929553,-0.082063,0.200
173,8.917028,-9.926720,-0.078902,0.200
174,8.968250,-9.927706,-0.065335,0.200
175,9.028570,-9.933211,-0.071527,0.200
176,9.072291,-9.935078,-0.085860,0.200
177,9.115010,-9.935796,-0.086103,0.200
178,9.176438,-9.935790,-0.089655,0.200
179,9.238668,-9.952261,-0.087057,0.200
180,9.276152,-9.958409,-0.075129,0.200
181,9.322960,-9.968639,-0.061856,0.200
182,9.368059,-9.979908,-0.061741,0.200
183,9.412581,-9.982827,-0.072071,0.200
184,9.446269,-9.982876,-0.074613,0.200
185,9.486294,-9.976275,-0.085062,0.200
186,9.532547,-9.976968,-0.073459,0.200
187,9.574037,-9.977977,-0.069915,0.200
188,9.609418,-9.991096,-0.048441,0.200
189,9.648808,-10.002390,-0.046510,0.200
190,9.707768,-10.005750,-0.064888,0.200
191,9.758407,-10.012769,-0.058094,0.200
192,9.804026,-10.013975,-0.065521,0.200
193,9.862203,-10.019735,-0.060984,0.200
194,9.925665,-10.018233,-0.055450,0.200
195,9.979190,-10.028259,-0.048537,0.200
196,10.051634,-10.032575,-0.058468,0.200
197,10.112137,-10.031533,-0.067771,0.200
198,10.175696,-10.041392,-0.069341,0.200
199,10.250686,-10.044184,-0.061859,0.200
200,10.321820,-10.049837,-0.057444,0.200
201,10.377054,-10.047401,-0.048710,0.200
202,10.447478,-10.049577,-0.053702,0.200
203,10.516788,-10.055599,-0.060647,0.200
204,10.578216,-10.058358,-0.063445,0.200
205,10.655621,-10.064064,-0.051561,0.200
206,10.730413,-10.068433,-0.052282,0.200
207,10.795456,-10.073903,-0.048179,0.200
208,10.876771,-10.072942,-0.035324,0.200
209,10.937497,-10.072170,-0.061300,0.200
210,10.994086,-10.074777,-0.068123,0.200
211,11.056343,-10.077833,-0.059117,0.200
212,11.117266,-10.082941,-0.047654,0.200
213,11.179376,-10.097212,-0.045266,0.200
214,11.248393,-10.103758,-0.055323,0.200
215,11.304898,-10.109231,-0.064255,0.200
216,11.374006,-10.104639,-0.066634,0.200
217,11.453649,-10.107175,-0.051589,0.200
218,11.513460,-10.109131,-0.048228,0.200
219,11.582870,-10.117200,-0.049302,0.200
220,11.657010,-10.120766,-0.052952,0.200
221,11.714809,-10.127610,-0.060933,0.200
222,11.775621,-10.129700,-0.065524,0.200
223,11.848191,-10.139443,-0.057671,0.200
224,11.910331,-10.146886,-0.038157,0.200
225,11.980234,-10.160391,-0.039786,0.200
226,12.055366,-10.151996,-0.048014,0.200
227,12.110653,-10.145790,-0.058864,0.200
228,12.171839,-10.136413,-0.056862,0.200
229,12.234568,-10.142476,-0.063308,0.200
230,12.291712,-10.145077,-0.037585,0.200
231,12.351576,-10.149908,-0.044173,0.200
232,12.424297,-10.156465,-0.048273,0.200
233,12.477678,-10.159669,-0.050247,0.200
234,12.542091,-10.163689,-0.050068,0.200
235,12.608816,-10.168242,-0.059666,0.200
236,12.664499,-10.164887,-0.028461,0.200
237,12.736908,-10.165348,-0.032810,0.200
238,12.810403,-10.165947,-0.044247,0.200
239,12.860421,-10.168258,-0.048296,0.200
240,12.918707,-10.173085,-0.049685,0.200
241,12.987384,-10.177005,-0.053457,0.200
242,13.051858,-10.189185,-0.024761,0.200
243,13.113441,-10.196295,-0.029885,0.200
244,13.186575,-10.194499,-0.040654,0.200
245,13.244441,-10.195293,-0.042489,0.200
246,13.305147,-10.203918,-0.040167,0.200
247,13.378438,-10.208833,-0.055336,0.200
248,13.430845,-10.211465,-0.026293,0.200
249,13.489833,-10.218022,-0.027739,0.200
250,13.556115,-10.209769,-0.038113,0.200
251,13.611098,-10.207927,-0.042406,0.200
252,13.678888,-10.209075,-0.042290,0.200
253,13.744797,-10.209041,-0.052400,0.200
254,13.797505,-10.208637,-0.016629,0.200
255,13.856241,-10.218023,-0.023847,0.200
256,13.929876,-10.219146,-0.029077,0.200
257,13.986645,-10.227255,-0.035721,0.200
258,14.047963,-10.230440,-0.034199,0.200
259,14.110498,-10.229991,-0.042160,0.200
260,14.177913,-10.231167,-0.013859,0.200
261,14.247900,-10.237662,-0.021248,0.200
262,14.315413,-10.242284,-0.028458,0.200
263,14.364630,-10.243833,-0.029502,0.200
264,14.430369,-10.249124,-0.030133,0.200
265,14.496774,-10.251941,-0.039325,0.200
266,14.551369,-10.251763,-0.004721,0.200
267,14.610863,-10.251938,-0.013900,0.200
268,14.681499,-10.258846,-0.026953,0.200
269,14.733660,-10.258516,-0.028421,0.200
270,14.796197,-10.250768,-0.030166,0.200
271,14.858988,-10.249081,-0.034583,0.200
272,14.905808,-10.241915,-0.010969,0.200
273,14.966546,-10.248908,-0.010655,0.200
274,15.025683,-10.255955,-0.019592,0.200
275,15.081881,-10.265603,-0.026363,0.200
276,15.149828,-10.271469,-0.026221,0.200
277,15.218930,-10.275980,-0.030924,0.200
278,15.277674,-10.276932,-0.003507,0.200
279,15.336594,-10.282923,-0.003768,0.200
280,15.404030,-10.284322,-0.012472,0.200
281,15.456016,-10.281207,-0.025128,0.200
282,15.513162,-10.273166,-0.032759,0.200
283,15.588592,-10.269400,-0.020350,0.200
284,15.656677,-10.267302,-0.013696,0.200
285,15.716982,-10.273383,-0.000817,0.200
286,15.783364,-10.280338,-0.008604,0.200
287,15.845721,-10.280989,-0.011112,0.200
288,15.892982,-10.282531,-0.018255,0.200
289,15.961874,-10.288402,-0.015250,0.200
290,16.017072,-10.288169,-0.029797,0.200
291,16.066853,-10.294886,-0.036489,0.200
292,16.125879,-10.301775,-0.045418,0.200
293,16.173901,-10.314632,-0.072710,0.200
294,16.230166,-10.324293,-0.088061,0.200
295,16.292867,-10.338606,-0.086375,0.200
296,16.351096,-10.342570,-0.089690,0.200
297,16.399107,-10.342310,-0.082937,0.200
298,16.460627,-10.350947,-0.084029,0.200
299,16.525179,-10.350273,-0.096779,0.200
300,16.591428,-10.356680,-0.107252,0.200
301,16.660889,-10.365029,-0.108186,0.200
302,16.723804,-10.367964,-0.112395,0.200
303,16.784158,-10.387661,-0.101216,0.200
304,16.837797,-10.410006,-0.115813,0.200
305,16.906416,-10.418718,-0.135679,0.200
306,16.944377,-10.437182,-0.156584,0.200
307,16.992390,-10.455834,-0.173282,0.200
308,17.046959,-10.467917,-0.176476,0.200
309,17.091405,-10.481851,-0.193827,0.200
310,17.129299,-10.501390,-0.200974,0.200
311,17.184071,-10.511709,-0.204651,0.200
312,17.246231,-10.528370,-0.216864,0.200
313,17.291721,-10.531532,-0.225345,0.200
314,17.352117,-10.543155,-0.226047,0.200
315,17.419558,-10.563747,-0.228074,0.200
316,17.468612,-10.589259,-0.207597,0.200
317,17.535955,-10.604275,-0.210170,0.200
318,17.604430,-10.622040,-0.216632,0.200
319,17.647881,-10.634131,-0.224939,0.200
320,17.707556,-10.649152,-0.232358,0.200
321,17.770688,-10.658710,-0.217635,0.200
322,17.826697,-10.675894,-0.223517,0.200
323,17.867905,-10.692029,-0.210301,0.200
324,17.929015,-10.708095,-0.202838,0.200
325,17.978625,-10.725581,-0.218176,0.200
326,18.029546,-10.748260,-0.221246,0.200
327,18.086636,-10.762664,-0.211450,0.200
328,18.144610,-10.783692,-0.212452,0.200
329,18.188923,-10.799872,-0.199548,0.200
330,18.250712,-10.803117,-0.204084,0.200
331,18.309300,-10.812265,-0.210422,0.200
332,18.357360,-10.812820,-0.204480,0.200
333,18.417416,-10.831574,-0.207510,0.200
334,18.486725,-10.851575,-0.212099,0.200
335,18.535325,-10.870752,-0.185589,0.200
336,18.589171,-10.887945,-0.192818,0.200
337,18.646442,-10.907176,-0.197856,0.200
338,18.689064,-10.916898,-0.210735,0.200
339,18.749847,-10.928975,-0.213104,0.200
340,18.813955,-10.951483,-0.201337,0.200
341,18.877563,-10.965345,-0.200960,0.200
342,18.936175,-10.987191,-0.186623,0.200
343,18.986698,-11.004031,-0.192776,0.200
344,19.043344,-11.020507,-0.204535,0.200
345,19.088487,-11.035262,-0.214197,0.200
346,19.145750,-11.049329,-0.206325,0.200
347,19.202750,-11.065488,-0.201372,0.200
348,19.250073,-11.088082,-0.181378,0.200
349,19.315945,-11.102419,-0.181964,0.200
350,19.377683,-11.105756,-0.193085,0.200
351,19.424603,-11.116195,-0.203845,0.200
352,19.480813,-11.114649,-0.209290,0.200
353,19.537607,-11.128869,-0.196785,0.200
354,19.599000,-11.141215,-0.179211,0.200
355,19.660725,-11.161930,-0.177227,0.200
356,19.729235,-11.180863,-0.187081,0.200
357,19.778467,-11.186084,-0.192332,0.200
358,19.835862,-11.197086,-0.203389,0.200
359,19.897099,-11.212488,-0.192776,0.200
360,19.957296,-11.236438,-0.189994,0.200
361,20.016300,-11.259164,-0.175755,0.200
362,20.087331,-11.269828,-0.181168,0.200
363,20.144286,-11.273105,-0.194302,0.200
364,20.191399,-11.289895,-0.194787,0.200
365,20.242682,-11.302482,-0.191835,0.200
366,20.302660,-11.304399,-0.208720,0.200
367,20.340272,-11.321523,-0.173490,0.200
368,20.387497,-11.341516,-0.181412,0.200
369,20.461862,-11.358727,-0.190635,0.200
370,20.507741,-11.372962,-0.192727,0.200
371,20.562685,-11.390087,-0.197582,0.200
372,20.626590,-11.401351,-0.183994,0.200
373,20.688567,-11.417007,-0.171648,0.200
374,20.746816,-11.440377,-0.164855,0.200
375,20.809864,-11.453304,-0.163582,0.200
376,20.864795,-11.466300,-0.175559,0.200
377,20.923050,-11.470303,-0.184310,0.200
378,20.978359,-11.482169,-0.180207,0.200
379,21.036440,-11.495385,-0.172134,0.200
380,21.089959,-11.509295,-0.155345,0.200
381,21.143155,-11.524324,-0.157154,0.200
382,21.204607,-11.535717,-0.162685,0.200
383,21.246380,-11.541330,-0.174840,0.200
384,21.303866,-11.547747,-0.176644,0.200
385,21.363279,-11.561960,-0.168234,0.200
386,21.411361,-11.566890,-0.157172,0.200
387,21.469172,-11.576720,-0.153591,0.200
388,21.537178,-11.592220,-0.154485,0.200
389,21.584718,-11.600703,-0.157914,0.200
390,21.636942,-11.619180,-0.163633,0.200
391,21.707878,-11.635951,-0.148502,0.200
392,21.755669,-11.644932,-0.151057,0.200
393,21.793776,-11.665048,-0.148515,0.200
394,21.855293,-11.677775,-0.153415,0.200
395,21.914330,-11.690665,-0.153021,0.200
396,21.971357,-11.702897,-0.152367,0.200
397,22.040866,-11.716783,-0.144549,0.200
398,22.096367,-11.718799,-0.149502,0.200
399,22.142849,-11.727499,-0.134613,0.200
400,22.201175,-11.732279,-0.137470,0.200
401,22.264616,-11.746805,-0.145563,0.200
402,22.316827,-11.761139,-0.143477,0.200
403,22.379917,-11.768884,-0.138355,0.200
404,22.451292,-11.779226,-0.141381,0.200
405,22.499562,-11.794514,-0.120157,0.200
406,22.555099,-11.811865,-0.120183,0.200
407,22.622601,-11.819509,-0.138654,0.200
408,22.668479,-11.829238,-0.144467,0.200
409,22.728436,-11.835568,-0.150065,0.200
410,22.787087,-11.848427,-0.134657,0.200
411,22.833621,-11.861137,-0.121256,0.200
412,22.896567,-11.867390,-0.116684,0.200
413,22.959201,-11.879113,-0.118501,0.200
414,23.008480,-11.884116,-0.128408,0.200
415,23.054456,-11.894480,-0.133122,0.200
416,23.111239,-11.902119,-0.125765,0.200
417,23.168513,-11.907035,-0.124731,0.200
418,23.216422,-11.913428,-0.109473,0.200
419,23.287513,-11.927901,-0.113065,0.200
420,23.357343,-11.937419,-0.127111,0.200
421,23.417301,-11.941041,-0.131293,0.200
422,23.470855,-11.940369,-0.132396,0.200
423,23.541484,-11.946991,-0.136591,0.200
424,23.600366,-11.959030,-0.106768,0.200
425,23.666592,-11.969357,-0.107526,0.200
426,23.738183,-11.976285,-0.112409,0.200
427,23.784392,-11.983501,-0.118251,0.200
428,23.837267,-11.996097,-0.119297,0.200
429,23.903895,-12.011751,-0.122453,0.200
430,23.950561,-12.017325,-0.104948,0.200
431,24.006531,-12.020460,-0.103213,0.200
432,24.069702,-12.029453,-0.099145,0.200
433,24.242367,-12.060078,-0.109177,0.200
434,24.296300,-12.058053,-0.099804,0.200
435,24.343651,-12.060466,-0.088268,0.200
436,24.413029,-12.071158,-0.085671,0.200
437,24.473627,-12.081270,-0.106256,0.200
438,24.533788,-12.091010,-0.110743,0.200
439,24.599496,-12.097343,-0.099210,0.200
440,24.661262,-12.103581,-0.094619,0.200
441,24.710703,-12.107696,-0.086219,0.200
442,24.776805,-12.117607,-0.088231,0.200
443,24.828727,-12.121168,-0.094258,0.200
444,24.876595,-12.126472,-0.103530,0.200
445,24.934832,-12.136505,-0.092035,0.200
446,25.002483,-12.151625,-0.092689,0.200
447,25.058458,-12.157631,-0.085872,0.200
448,25.127685,-12.165684,-0.093033,0.200
449,25.176383,-12.172340,-0.114728,0.200
450,25.231701,-12.176399,-0.113699,0.200
451,25.290538,-12.177621,-0.113150,0.200
452,25.348379,-12.178724,-0.107038,0.200
453,25.407254,-12.178919,-0.085082,0.200
454,25.467144,-12.198975,-0.081517,0.200
455,25.534851,-12.209107,-0.099461,0.200
456,25.594722,-12.218273,-0.096101,0.200
457,25.653843,-12.223407,-0.102603,0.200
458,25.717998,-12.234488,-0.087649,0.200
459,25.770853,-12.240292,-0.083018,0.200
460,25.825519,-12.249380,-0.083073,0.200
461,25.890384,-12.257447,-0.079420,0.200
462,25.942090,-12.265431,-0.099057,0.200
463,25.995025,-12.269952,-0.105805,0.200
464,26.062785,-12.280066,-0.089367,0.200
465,26.118507,-12.280034,-0.083323,0.200
466,26.170307,-12.295582,-0.072315,0.200
467,26.233998,-12.302916,-0.074291,0.200
468,26.298271,-12.327124,-0.097385,0.200
469,26.350215,-12.332454,-0.109226,0.200
470,26.411271,-12.336378,-0.118476,0.200
471,26.473194,-12.345299,-0.129066,0.200
472,26.519821,-12.361440,-0.117311,0.200
473,26.573739,-12.371928,-0.133348,0.200
474,26.647490,-12.381134,-0.151515,0.200
475,26.702073,-12.389025,-0.170752,0.200
476,26.759111,-12.399205,-0.183562,0.200
477,26.821477,-12.416497,-0.184856,0.200
478,26.875667,-12.431125,-0.189494,0.200
479,26.925876,-12.449359,-0.177190,0.200
480,26.987021,-12.467940,-0.177989,0.200
481,27.037737,-12.481778,-0.191431,0.200
482,27.089523,-12.497336,-0.202044,0.200
483,27.143911,-12.513615,-0.193638,0.200
484,27.195815,-12.535268,-0.203231,0.200
485,27.235668,-12.557048,-0.169818,0.200
486,27.279122,-12.579241,-0.164375,0.200
487,27.356574,-12.584624,-0.188224,0.200
488,27.410634,-12.598593,-0.193021,0.200
489,27.473865,-12.606579,-0.204171,0.200
490,27.548438,-12.625039,-0.200662,0.200
491,27.602515,-12.648581,-0.214283,0.200
492,27.643765,-12.662059,-0.222521,0.200
493,27.706363,-12.683303,-0.236723,0.200
494,27.757886,-12.704302,-0.263661,0.200
495,27.807271,-12.725150,-0.281067,0.200
496,27.852171,-12.755713,-0.283556,0.200
497,27.905778,-12.779661,-0.276434,0.200
498,27.946592,-12.798480,-0.265447,0.200
499,28.003738,-12.826884,-0.265440,0.200
500,28.063153,-12.847315,-0.279967,0.200
501,28.113562,-12.873817,-0.284869,0.200
502,28.168615,-12.890111,-0.287686,0.200
503,28.238560,-12.914540,-0.294958,0.200
504,28.296523,-12.936930,-0.263184,0.200
505,28.346815,-12.952651,-0.268179,0.200
506,28.408049,-12.972549,-0.272221,0.200
507,28.459517,-12.989335,-0.280729,0.200
508,28.522177,-13.011815,-0.281890,0.200
509,28.578876,-13.029234,-0.284361,0.200
510,28.632529,-13.044607,-0.266286,0.200
511,28.692775,-13.068788,-0.266261,0.200
512,28.759481,-13.095525,-0.266017,0.200
513,28.801702,-13.114872,-0.296715,0.200
514,28.858639,-13.128608,-0.305227,0.200
515,28.929778,-13.143078,-0.300033,0.200
516,29.006546,-13.168344,-0.292693,0.200
517,29.043160,-13.196315,-0.266187,0.200
518,29.088739,-13.229487,-0.263122,0.200
519,29.149272,-13.248505,-0.275351,0.200
520,29.194117,-13.265913,-0.286444,0.200
521,29.250051,-13.275525,-0.284876,0.200
522,29.323799,-13.293144,-0.285971,0.200
523,29.378238,-13.323013,-0.262659,0.200
524,29.430757,-13.351481,-0.262902,0.200
525,29.489571,-13.378844,-0.276071,0.200
526,29.540653,-13.403519,-0.284462,0.200
527,29.596618,-13.424508,-0.287810,0.200
528,29.663892,-13.448489,-0.284812,0.200
529,29.715916,-13.465086,-0.261047,0.200
530,29.770772,-13.484769,-0.261722,0.200
531,29.830876,-13.500101,-0.268891,0.200
532,29.878516,-13.524890,-0.278223,0.200
533,29.929570,-13.540286,-0.282675,0.200
534,29.999261,-13.565027,-0.270065,0.200
535,30.059885,-13.587619,-0.261766,0.200
536,30.125238,-13.609481,-0.259489,0.200
537,30.194897,-13.633529,-0.262059,0.200
538,30.248319,-13.650576,-0.274047,0.200
539,30.300369,-13.670575,-0.282429,0.200
540,30.365897,-13.690206,-0.267361,0.200
541,30.419161,-13.707794,-0.260623,0.200
542,30.474502,-13.730624,-0.256096,0.200
543,30.546089,-13.750230,-0.254830,0.200
544,30.595851,-13.773339,-0.268897,0.200
545,30.658460,-13.795607,-0.271597,0.200
546,30.719709,-13.823039,-0.257767,0.200
547,30.782543,-13.851519,-0.254081,0.200
548,30.833887,-13.871968,-0.249576,0.200
549,30.897735,-13.891861,-0.253591,0.200
550,30.953843,-13.912993,-0.264201,0.200
551,31.017097,-13.933467,-0.271978,0.200
552,31.080372,-13.956621,-0.256862,0.200
553,31.136486,-13.974198,-0.256968,0.200
554,31.197750,-13.997403,-0.250393,0.200
555,31.268655,-14.019239,-0.247075,0.200
556,31.325539,-14.045777,-0.255015,0.200
557,31.382502,-14.058377,-0.256114,0.200
558,31.452551,-14.088352,-0.258401,0.200
559,31.503675,-14.104397,-0.240386,0.200
560,31.565978,-14.121542,-0.241964,0.200
561,31.630355,-14.133834,-0.242244,0.200
562,31.684836,-14.142789,-0.250588,0.200
563,31.865439,-14.198069,-0.230992,0.200
564,31.926637,-14.230300,-0.231503,0.200
565,32.005360,-14.262474,-0.241671,0.200
566,32.064283,-14.282455,-0.252782,0.200
567,32.121295,-14.297948,-0.258401,0.200
568,32.192736,-14.328600,-0.248890,0.200
569,32.243864,-14.353159,-0.229952,0.200
570,32.311779,-14.371227,-0.237356,0.200
571,32.377071,-14.389205,-0.245417,0.200
572,32.434669,-14.416760,-0.256554,0.200
573,32.503415,-14.429916,-0.257004,0.200
574,32.565437,-14.456387,-0.256249,0.200
575,32.627729,-14.487883,-0.225985,0.200
576,32.689012,-14.519205,-0.228576,0.200
577,32.761310,-14.540461,-0.238078,0.200
578,32.812996,-14.554790,-0.241194,0.200
579,32.878808,-14.567956,-0.239209,0.200
580,32.958214,-14.587584,-0.231492,0.200
581,33.017711,-14.606236,-0.217416,0.200
582,33.092857,-14.623660,-0.226575,0.200
583,33.164809,-14.639271,-0.232145,0.200
584,33.233088,-14.655800,-0.236760,0.200
585,33.307167,-14.677057,-0.220663,0.200
586,33.368221,-14.703877,-0.224306,0.200
587,33.426704,-14.725017,-0.225665,0.200
588,33.495366,-14.742776,-0.226245,0.200
589,33.556027,-14.766679,-0.236484,0.200
590,33.628971,-14.787124,-0.230706,0.200
591,33.703118,-14.811919,-0.234065,0.200
592,33.767544,-14.854398,-0.211552,0.200
593,33.840741,-14.879874,-0.216132,0.200
594,33.911702,-14.906422,-0.220350,0.200
595,33.968574,-14.912812,-0.223217,0.200
596,34.038158,-14.929491,-0.213313,0.200
597,34.111544,-14.948760,-0.212858,0.200
598,34.173486,-14.965084,-0.211227,0.200
599,34.245462,-14.985996,-0.209809,0.200
600,34.312864,-14.994870,-0.229368,0.200
601,34.380774,-15.005281,-0.231303,0.200
602,34.450414,-15.027222,-0.224934,0.200
603,34.512008,-15.051649,-0.197614,0.200
604,34.583308,-15.078214,-0.208053,0.200
605,34.651730,-15.086790,-0.209000,0.200
606,34.709086,-15.095916,-0.223145,0.200
607,34.782619,-15.111114,-0.215849,0.200
608,34.861843,-15.135053,-0.207953,0.200
609,34.927498,-15.163728,-0.191382,0.200
610,34.996738,-15.187323,-0.198172,0.200
611,35.062285,-15.213126,-0.208003,0.200
612,35.114771,-15.229280,-0.212420,0.200
613,35.187784,-15.251842,-0.201069,0.200
614,35.251617,-15.276265,-0.202567,0.200
615,35.315828,-15.291240,-0.203191,0.200
616,35.398853,-15.311837,-0.200221,0.200
617,35.451513,-15.330945,-0.213207,0.200
618,35.519455,-15.346756,-0.208708,0.200
619,35.596395,-15.362028,-0.218171,0.200
620,35.658433,-15.374209,-0.186932,0.200
621,35.725514,-15.393555,-0.193673,0.200
622,35.796823,-15.414855,-0.200874,0.200
623,35.856683,-15.436216,-0.206524,0.200
624,35.930734,-15.456374,-0.199465,0.200
625,36.002684,-15.467518,-0.189293,0.200
626,36.068192,-15.479859,-0.182253,0.200
627,36.145802,-15.503393,-0.185394,0.200
628,36.205725,-15.526658,-0.197616,0.200
629,36.272683,-15.546607,-0.199988,0.200
630,36.339398,-15.567291,-0.201932,0.200
631,36.399783,-15.587376,-0.172986,0.200
632,36.468457,-15.601027,-0.181005,0.200
633,36.547702,-15.612240,-0.185528,0.200
634,36.605126,-15.631227,-0.193714,0.200
635,36.677925,-15.649081,-0.187187,0.200
636,36.752500,-15.655138,-0.190138,0.200
637,36.797551,-15.670545,-0.173298,0.200
638,36.865319,-15.679325,-0.183204,0.200
639,36.929567,-15.701883,-0.180635,0.200
640,36.993617,-15.720909,-0.187963,0.200
641,37.074421,-15.741223,-0.174324,0.200
642,37.142130,-15.752713,-0.164547,0.200
643,37.208832,-15.780530,-0.170757,0.200
644,37.287078,-15.795706,-0.174137,0.200
645,37.340479,-15.812510,-0.184269,0.200
646,37.411956,-15.828528,-0.183891,0.200
647,37.494987,-15.842248,-0.179856,0.200
648,37.553989,-15.863754,-0.155025,0.200
649,37.620555,-15.878825,-0.162563,0.200
650,37.691882,-15.889287,-0.171072,0.200
651,37.751252,-15.892727,-0.185917,0.200
652,37.821724,-15.894037,-0.186288,0.200
653,37.896367,-15.905858,-0.164270,0.200
654,37.956004,-15.933659,-0.151798,0.200
655,38.012628,-15.955989,-0.158562,0.200
656,38.079942,-15.969093,-0.166712,0.200
657,38.140704,-15.980658,-0.175712,0.200
658,38.213959,-15.997375,-0.171583,0.200
659,38.292057,-16.017522,-0.165946,0.200
660,38.353737,-16.036736,-0.156879,0.200
661,38.430763,-16.055199,-0.160557,0.200
662,38.494950,-16.072024,-0.169756,0.200
663,38.560957,-16.085039,-0.171387,0.200
664,38.637307,-16.093656,-0.159494,0.200
665,38.708547,-16.109525,-0.152930,0.200
666,38.778510,-16.119538,-0.155177,0.200
667,38.859210,-16.133828,-0.156100,0.200
668,38.919153,-16.153609,-0.166452,0.200
669,38.984103,-16.167973,-0.164833,0.200
670,39.061382,-16.179947,-0.175022,0.200
671,39.116318,-16.199727,-0.143924,0.200
672,39.175205,-16.216785,-0.150042,0.200
673,39.246688,-16.229594,-0.158351,0.200
674,39.309559,-16.238681,-0.165243,0.200
675,39.388803,-16.243334,-0.155834,0.200
676,39.463069,-16.252667,-0.148352,0.200
677,39.523603,-16.273328,-0.141692,0.200
678,39.602180,-16.291136,-0.144352,0.200
679,39.666019,-16.308309,-0.154202,0.200
680,39.728843,-16.313436,-0.160937,0.200
681,39.802034,-16.324767,-0.151617,0.200
682,39.873193,-16.349678,-0.145676,0.200
683,39.929863,-16.368887,-0.140709,0.200
684,39.994045,-16.390164,-0.151130,0.200
685,40.063575,-16.391897,-0.154561,0.200
686,40.133411,-16.400554,-0.153870,0.200
687,40.212873,-16.408356,-0.162344,0.200
688,40.279446,-16.426571,-0.135319,0.200
689,40.344949,-16.439963,-0.138179,0.200
690,40.416729,-16.456210,-0.146115,0.200
691,40.481400,-16.467449,-0.150888,0.200
692,40.552837,-16.481910,-0.145882,0.200
693,40.627998,-16.496096,-0.139480,0.200
694,40.683091,-16.506697,-0.127537,0.200
695,40.756692,-16.519510,-0.132434,0.200
696,40.825253,-16.538123,-0.142078,0.200
697,40.890607,-16.546412,-0.147542,0.200
698,40.962238,-16.554781,-0.133577,0.200
699,41.029775,-16.559539,-0.125690,0.200
700,41.100166,-16.567101,-0.121812,0.200
701,41.179465,-16.580301,-0.127379,0.200
702,41.234993,-16.597920,-0.140199,0.200
703,41.303194,-16.611593,-0.142595,0.200
704,41.384296,-16.633572,-0.143203,0.200
705,41.446204,-16.644309,-0.116893,0.200
706,41.515953,-16.652539,-0.123759,0.200
707,41.590514,-16.664029,-0.132602,0.200
708,41.643133,-16.663209,-0.136578,0.200
709,41.709213,-16.668309,-0.131758,0.200
710,41.788129,-16.675722,-0.127543,0.200
711,41.837019,-16.691832,-0.111164,0.200
712,41.911470,-16.707749,-0.119899,0.200
713,41.986213,-16.723778,-0.132501,0.200
714,42.053168,-16.735693,-0.144613,0.200
715,42.125659,-16.758478,-0.142066,0.200
716,42.193961,-16.784885,-0.143155,0.200
717,42.246882,-16.813869,-0.149747,0.200
718,42.310813,-16.835577,-0.158204,0.200
719,42.366986,-16.854159,-0.180251,0.200
720,42.425120,-16.867824,-0.199172,0.200
721,42.488893,-16.883352,-0.198436,0.200
722,42.549066,-16.896833,-0.199326,0.200
723,42.608545,-16.916888,-0.200851,0.200
724,42.694408,-16.939442,-0.215972,0.200
725,42.753625,-16.956197,-0.226497,0.200
726,42.826549,-16.977159,-0.230772,0.200
727,42.901201,-16.997632,-0.228535,0.200
728,42.959686,-17.010001,-0.212780,0.200
729,43.026451,-17.031414,-0.217806,0.200
730,43.094762,-17.056250,-0.223647,0.200
731,43.147537,-17.075885,-0.230168,0.200
732,43.217430,-17.107956,-0.225141,0.200
733,43.283460,-17.136713,-0.221482,0.200
734,43.343794,-17.153503,-0.209850,0.200
735,43.417623,-17.166561,-0.212554,0.200
736,43.488718,-17.182232,-0.223618,0.200
737,43.550120,-17.202776,-0.225630,0.200
738,43.633000,-17.224479,-0.213988,0.200
739,43.698144,-17.246510,-0.211576,0.200
740,43.762194,-17.272226,-0.209211,0.200
741,43.839034,-17.288242,-0.208430,0.200
742,43.903101,-17.305914,-0.225804,0.200
743,43.971272,-17.326016,-0.219211,0.200
744,44.040704,-17.350833,-0.226508,0.200
745,44.093071,-17.362549,-0.192898,0.200
746,44.153424,-17.388529,-0.196186,0.200
747,44.234609,-17.400743,-0.199288,0.200
748,44.296210,-17.410336,-0.210779,0.200
749,44.369074,-17.419858,-0.205592,0.200
750,44.449053,-17.441537,-0.201063,0.200
751,44.505501,-17.457686,-0.193285,0.200
752,44.578091,-17.479357,-0.200212,0.200
753,44.641477,-17.495642,-0.212940,0.200
754,44.698936,-17.514691,-0.216816,0.200
755,44.766597,-17.542536,-0.207452,0.200
756,44.825784,-17.565857,-0.193286,0.200
757,44.881531,-17.588026,-0.190812,0.200
758,44.962049,-17.599089,-0.192376,0.200
759,45.018598,-17.622498,-0.203372,0.200
760,45.080064,-17.643085,-0.203859,0.200
761,45.155696,-17.666438,-0.212713,0.200
762,45.224682,-17.677632,-0.191202,0.200
763,45.291950,-17.693159,-0.204440,0.200
764,45.357862,-17.721360,-0.213933,0.200
765,45.555811,-17.783822,-0.230082,0.200
766,45.626230,-17.808096,-0.225985,0.200
767,45.700271,-17.818868,-0.240290,0.200
768,45.761301,-17.839415,-0.253956,0.200
769,45.823239,-17.862471,-0.257166,0.200
770,45.899428,-17.886666,-0.243075,0.200
771,45.957807,-17.913596,-0.240012,0.200
772,46.020512,-17.942050,-0.236910,0.200
773,46.087430,-17.966058,-0.237665,0.200
774,46.134657,-17.989984,-0.248315,0.200
775,46.195200,-18.012482,-0.245816,0.200
776,46.264141,-18.034147,-0.256951,0.200
777,46.322263,-18.057316,-0.230516,0.200
778,46.393069,-18.083653,-0.240008,0.200
779,46.463488,-18.102340,-0.239278,0.200
780,46.529169,-18.127226,-0.247969,0.200
781,46.609191,-18.149149,-0.233291,0.200
782,46.673199,-18.176975,-0.227452,0.200
783,46.734055,-18.200311,-0.228715,0.200
784,46.810992,-18.216835,-0.232867,0.200
785,46.871022,-18.228774,-0.245698,0.200
786,46.930210,-18.239691,-0.247295,0.200
787,47.013345,-18.260376,-0.244418,0.200
788,47.076321,-18.281132,-0.217099,0.200
789,47.140566,-18.302581,-0.224898,0.200
790,47.221719,-18.316838,-0.238870,0.200
791,47.284250,-18.316546,-0.240947,0.200
792,47.355577,-18.321490,-0.232500,0.200
793,47.426186,-18.347465,-0.221926,0.200
794,47.484188,-18.373245,-0.213924,0.200
795,47.550915,-18.406512,-0.214211,0.200
796,47.612092,-18.436921,-0.226519,0.200
797,47.666848,-18.454144,-0.234413,0.200
798,47.734413,-18.477512,-0.231803,0.200
799,47.806200,-18.508259,-0.221588,0.200
800,47.864799,-18.530422,-0.212217,0.200
801,47.934698,-18.557624,-0.216132,0.200
802,48.008560,-18.574761,-0.226559,0.200
803,48.072605,-18.588352,-0.232022,0.200
804,48.151930,-18.608576,-0.211786,0.200
805,48.213673,-18.630386,-0.210447,0.200
806,48.276728,-18.655929,-0.207420,0.200
807,48.351524,-18.674486,-0.219608,0.200
808,48.421283,-18.677450,-0.225248,0.200
809,48.489587,-18.688386,-0.229561,0.200
810,48.561364,-18.714312,-0.222345,0.200
811,48.612881,-18.733920,-0.200469,0.200
812,48.670873,-18.758360,-0.208288,0.200
813,48.746098,-18.774538,-0.216325,0.200
814,48.805647,-18.796013,-0.224707,0.200
815,48.873392,-18.814074,-0.219700,0.200
816,48.944935,-18.841012,-0.212400,0.200
817,48.997859,-18.855992,-0.193673,0.200
818,49.063889,-18.867792,-0.199056,0.200
819,49.137004,-18.890998,-0.216982,0.200
820,49.199586,-18.907549,-0.218873,0.200
821,49.262633,-18.930245,-0.209924,0.200
822,49.330804,-18.959136,-0.201423,0.200
823,49.386392,-18.979243,-0.187256,0.200
824,49.452291,-19.005689,-0.183495,0.200
825,49.532942,-19.008457,-0.201838,0.200
826,49.584854,-19.024808,-0.215341,0.200
827,49.651323,-19.039889,-0.207952,0.200
828,49.727505,-19.054293,-0.202496,0.200
829,49.783806,-19.074797,-0.193368,0.200
830,49.859048,-19.096574,-0.195993,0.200
831,49.911098,-19.119458,-0.202693,0.200
832,49.974042,-19.135375,-0.201945,0.200
833,50.040834,-19.159456,-0.199349,0.200
834,50.101102,-19.172667,-0.180609,0.200
835,50.166571,-19.190235,-0.186266,0.200
836,50.240226,-19.215139,-0.193897,0.200
837,50.306536,-19.231450,-0.201156,0.200
838,50.378573,-19.241622,-0.203460,0.200
839,50.452547,-19.262424,-0.217276,0.200
840,50.509678,-19.283045,-0.191474,0.200
841,50.569884,-19.295149,-0.198984,0.200
842,50.637384,-19.308408,-0.210711,0.200
843,50.691597,-19.327030,-0.222586,0.200
844,50.756660,-19.349682,-0.219005,0.200
845,50.816437,-19.374704,-0.218358,0.200
846,50.871955,-19.397273,-0.214328,0.200
847,50.945276,-19.421513,-0.230405,0.200
848,50.996997,-19.447634,-0.239664,0.200
849,51.052422,-19.467200,-0.251593,0.200
850,51.119423,-19.490734,-0.253033,0.200
851,51.185826,-19.516413,-0.259342,0.200
852,51.244738,-19.538921,-0.267425,0.200
853,51.317292,-19.559747,-0.275498,0.200
854,51.371585,-19.586755,-0.289492,0.200
855,51.424345,-19.613594,-0.308901,0.200
856,51.485230,-19.640781,-0.305472,0.200
857,51.552376,-19.666121,-0.302233,0.200
858,51.601806,-19.696786,-0.303223,0.200
859,51.668663,-19.726603,-0.310260,0.200
860,51.724318,-19.757065,-0.320414,0.200
861,51.790320,-19.782822,-0.329394,0.200
862,51.857627,-19.801195,-0.318303,0.200
863,51.925718,-19.829488,-0.309904,0.200
864,51.980320,-19.855496,-0.299166,0.200
865,52.046282,-19.883874,-0.303439,0.200
866,52.107726,-19.920118,-0.313319,0.200
867,52.169673,-19.934283,-0.322411,0.200
868,52.235196,-19.965489,-0.309584,0.200
869,52.304281,-19.979684,-0.298342,0.200
870,52.358744,-20.011224,-0.290090,0.200
871,52.427789,-20.033212,-0.294569,0.200
872,52.477620,-20.059292,-0.301793,0.200
873,52.539782,-20.085546,-0.306008,0.200
874,52.602740,-20.120498,-0.310159,0.200
875,52.660324,-20.146770,-0.284514,0.200
876,52.725477,-20.175613,-0.295587,0.200
877,52.792511,-20.204183,-0.296959,0.200
878,52.855430,-20.226842,-0.299355,0.200
879,52.926883,-20.256238,-0.296134,0.200
880,52.992368,-20.285593,-0.296090,0.200
881,53.047278,-20.312457,-0.279861,0.200
882,53.117359,-20.337382,-0.285121,0.200
883,53.179046,-20.364340,-0.292375,0.200
884,53.241557,-20.389761,-0.299228,0.200
885,53.311381,-20.419565,-0.283643,0.200
886,53.370175,-20.437899,-0.289558,0.200
887,53.426540,-20.464021,-0.283280,0.200
888,53.498007,-20.494862,-0.272798,0.200
889,53.546413,-20.510945,-0.294001,0.200
890,53.612302,-20.526449,-0.293009,0.200
891,53.685687,-20.546883,-0.295958,0.200
892,53.741073,-20.570897,-0.274333,0.200
893,53.806235,-20.592294,-0.274335,0.200
894,53.880583,-20.625762,-0.279586,0.200
895,53.935996,-20.652564,-0.285353,0.200
896,54.000745,-20.678954,-0.277586,0.200
897,54.072156,-20.698733,-0.270845,0.200
898,54.124429,-20.725467,-0.257473,0.200
899,54.188119,-20.749811,-0.260501,0.200
900,54.258370,-20.771922,-0.273039,0.200
901,54.453743,-20.843465,-0.262396,0.200
902,54.510307,-20.870297,-0.260584,0.200
903,54.579011,-20.899798,-0.267905,0.200
904,54.635388,-20.927903,-0.282980,0.200
905,54.696177,-20.947348,-0.296216,0.200
906,54.760094,-20.973276,-0.297948,0.200
907,54.820104,-20.991886,-0.300011,0.200
908,54.869102,-21.022987,-0.294835,0.200
909,54.931873,-21.057349,-0.312107,0.200
910,54.983094,-21.086881,-0.322324,0.200
911,55.039609,-21.103959,-0.330480,0.200
912,55.103259,-21.138014,-0.316135,0.200
913,55.160412,-21.165665,-0.314216,0.200
914,55.210011,-21.201648,-0.307436,0.200
915,55.273456,-21.232241,-0.312322,0.200
916,55.331537,-21.256523,-0.321576,0.200
917,55.387822,-21.274759,-0.330503,0.200
918,55.443391,-21.290664,-0.322082,0.200
919,55.503344,-21.316438,-0.315572,0.200
920,55.555915,-21.339268,-0.301392,0.200
921,55.608287,-21.362861,-0.306399,0.200
922,55.661874,-21.386990,-0.313587,0.200
923,55.840856,-21.459846,-0.332593,0.200
924,55.886885,-21.474732,-0.308508,0.200
925,55.944670,-21.493615,-0.309628,0.200
926,56.008182,-21.510210,-0.304815,0.200
927,56.053969,-21.545094,-0.311867,0.200
928,56.107011,-21.568680,-0.313691,0.200
929,56.164092,-21.598914,-0.313987,0.200
930,56.206298,-21.624705,-0.298248,0.200
931,56.254139,-21.650905,-0.294977,0.200
932,56.315910,-21.673760,-0.294052,0.200
933,56.365118,-21.699879,-0.305916,0.200
934,56.418256,-21.727589,-0.313360,0.200
935,56.480621,-21.747543,-0.302835,0.200
936,56.537422,-21.773670,-0.302921,0.200
937,56.581381,-21.804468,-0.291524,0.200
938,56.647912,-21.831677,-0.290541,0.200
939,56.708156,-21.848489,-0.294890,0.200
940,56.756556,-21.875748,-0.296964,0.200
941,56.816673,-21.897717,-0.285620,0.200
942,56.872805,-21.920090,-0.292150,0.200
943,56.917534,-21.946567,-0.282066,0.200
944,56.976768,-21.977065,-0.284944,0.200
945,57.031452,-21.994438,-0.304602,0.200
946,57.084363,-22.019588,-0.311898,0.200
947,57.136122,-22.052720,-0.326621,0.200
948,57.186254,-22.076872,-0.362845,0.200
949,57.219829,-22.112097,-0.373694,0.200
950,57.266153,-22.151769,-0.400564,0.200
951,57.316360,-22.193333,-0.422379,0.200
952,57.351168,-22.218224,-0.422526,0.200
953,57.392499,-22.245677,-0.426492,0.200
954,57.445113,-22.278955,-0.434089,0.200
955,57.492090,-22.304594,-0.412789,0.200
956,57.548989,-22.335602,-0.426448,0.200
957,57.600827,-22.367248,-0.435087,0.200
958,57.653289,-22.397651,-0.432432,0.200
959,57.718378,-22.429843,-0.423252,0.200
960,57.767562,-22.460834,-0.431601,0.200
961,57.810675,-22.490537,-0.407850,0.200
962,57.859926,-22.522294,-0.411890,0.200
963,57.916573,-22.554322,-0.421630,0.200
964,57.957063,-22.594493,-0.427197,0.200
965,58.007444,-22.623761,-0.427509,0.200
966,58.064546,-22.664314,-0.442157,0.200
967,58.101357,-22.694615,-0.409056,0.200
968,58.151785,-22.722185,-0.416083,0.200
969,58.209767,-22.756443,-0.422275,0.200
970,58.256534,-22.783027,-0.430121,0.200
971,58.311087,-22.818536,-0.436150,0.200
972,58.371397,-22.848114,-0.424084,0.200
973,58.422000,-22.878772,-0.421522,0.200
974,58.467394,-22.916017,-0.414702,0.200
975,58.531234,-22.949638,-0.414148,0.200
976,58.579277,-22.986566,-0.419389,0.200
977,58.628234,-23.016973,-0.427427,0.200
978,58.684745,-23.056889,-0.414693,0.200
979,58.743914,-23.076774,-0.409790,0.200
980,58.786172,-23.105288,-0.400436,0.200
981,58.839195,-23.138880,-0.406751,0.200
982,58.890848,-23.162640,-0.416818,0.200
983,58.934861,-23.190192,-0.419592,0.200
984,58.987196,-23.229320,-0.415582,0.200
985,59.038507,-23.262013,-0.418470,0.200
986,59.081149,-23.286115,-0.398430,0.200
987,59.133087,-23.312588,-0.402583,0.200
988,59.191436,-23.348785,-0.413789,0.200
989,59.237061,-23.379965,-0.407159,0.200
990,59.285869,-23.411448,-0.410840,0.200
991,59.348458,-23.433031,-0.399356,0.200
992,59.398816,-23.461353,-0.392091,0.200
993,59.444827,-23.490074,-0.389229,0.200
994,59.505116,-23.527182,-0.397864,0.200
995,59.553432,-23.552808,-0.397718,0.200
996,59.599442,-23.578234,-0.401540,0.200
997,59.658363,-23.617321,-0.391174,0.200
998,59.714961,-23.652568,-0.401195,0.200
999,59.759179,-23.676460,-0.391212,0.200
1000,59.822631,-23.701139,-0.392974,0.200
1001,59.868667,-23.738832,-0.402186,0.200
1002,59.919728,-23.773748,-0.398472,0.200
1003,59.970536,-23.808676,-0.385445,0.200
1004,60.026158,-23.836986,-0.383096,0.200
1005,60.071353,-23.869528,-0.374582,0.200
1006,60.123911,-23.900035,-0.378975,0.200
1007,60.168158,-23.931736,-0.386348,0.200
1008,60.211152,-23.963259,-0.389400,0.200
1009,60.262777,-23.998359,-0.386560,0.200
1010,60.323301,-24.015544,-0.394994,0.200
1011,60.373990,-24.044515,-0.373803,0.200
1012,60.433227,-24.062002,-0.380866,0.200
1013,60.445938,-24.070785,-0.372113,0.200
1014,60.444800,-24.066036,-0.380335,0.200
1015,60.442357,-24.064788,-0.380055,0.200
1016,60.443269,-24.064425,-0.381881,0.200
1017,60.441009,-24.059793,-0.383279,0.200
1018,60.441648,-24.067111,-0.383784,0.200
1019,60.440190,-24.067833,-0.383425,0.200
1020,60.440728,-24.061523,-0.388546,0.200
1021,60.442444,-24.061903,-0.401187,0.200
1022,60.445034,-24.064964,-0.422365,0.200
1023,60.442824,-24.069815,-0.446822,0.200
1024,60.441344,-24.080334,-0.475868,0.200
1025,60.445657,-24.083871,-0.498834,0.200
1026,60.448384,-24.092693,-0.524004,0.200
1027,60.446562,-24.098506,-0.542723,0.200
1028,60.446490,-24.098037,-0.567973,0.200
1029,60.440653,-24.101589,-0.598060,0.200
1030,60.431299,-24.115433,-0.641276,0.200
1031,60.416754,-24.121479,-0.694631,0.200
1032,60.407094,-24.130853,-0.763438,0.200
1033,60.392349,-24.130546,-0.847760,0.200
1034,60.369536,-24.132206,-0.934086,0.200
1035,60.359116,-24.133227,-0.985548,0.200
1036,60.347696,-24.118731,-1.100175,0.200
1037,60.354024,-24.128344,-1.213173,0.200
1038,60.336123,-24.121943,-1.325006,0.200
1039,60.322546,-24.115613,-1.372793,0.200
1040,60.321524,-24.115666,-1.349169,0.200
1041,60.326036,-24.111076,-1.348239,0.200
1042,60.332217,-24.105239,-1.338580,0.200
1043,60.332284,-24.110684,-1.330453,0.200
1044,60.325722,-24.113924,-1.326010,0.200
1045,60.321728,-24.127348,-1.326399,0.200
1046,60.318577,-24.135959,-1.343182,0.200
1047,60.307154,-24.145258,-1.390047,0.200
1048,60.296094,-24.172475,-1.450534,0.200
1049,60.279425,-24.176870,-1.524200,0.200
1050,60.266825,-24.168986,-1.609547,0.200
1051,60.257477,-24.169537,-1.660951,0.200
1052,60.265524,-24.181335,-1.660111,0.200
1053,60.274590,-24.175824,-1.635246,0.200
1054,60.279273,-24.174155,-1.619551,0.200
1055,60.281136,-24.169934,-1.614133,0.200
1056,60.284350,-24.171891,-1.609191,0.200
1057,60.292668,-24.175588,-1.617540,0.200
1058,60.296721,-24.166942,-1.602351,0.200
1059,60.301264,-24.160730,-1.592864,0.200
1060,60.300924,-24.151924,-1.591776,0.200
1061,60.301023,-24.162052,-1.589806,0.200
1062,60.305198,-24.158634,-1.587481,0.200
1063,60.307785,-24.158551,-1.585000,0.200
1064,60.306391,-24.153218,-1.583707,0.200
1065,60.302935,-24.154339,-1.585555,0.200
1066,60.302139,-24.150472,-1.585492,0.200
1067,60.301921,-24.157790,-1.585319,0.200
1068,60.304838,-24.157020,-1.585404,0.200
1069,60.301565,-24.165772,-1.585693,0.200
1070,60.296652,-24.170417,-1.585921,0.200
1071,60.295708,-24.177001,-1.584530,0.200
1072,60.303980,-24.173621,-1.587107,0.200
1073,60.308817,-24.164645,-1.584846,0.200
1074,60.310350,-24.156374,-1.582132,0.200
1075,60.309813,-24.151320,-1.583938,0.200
1076,60.305149,-24.150559,-1.584105,0.200
1077,60.303837,-24.154064,-1.584352,0.200
1078,60.300178,-24.151363,-1.582925,0.200
1079,60.300077,-24.163032,-1.596940,0.200
1080,60.299407,-24.174614,-1.601515,0.200
1081,60.292895,-24.195001,-1.610035,0.200
1082,60.296917,-24.208505,-1.613951,0.200
1083,60.299865,-24.228164,-1.618489,0.200
1084,60.288058,-24.298022,-1.603007,0.200
1085,60.276765,-24.321606,-1.587729,0.200
1086,60.258162,-24.361425,-1.585081,0.200
1087,60.249246,-24.409989,-1.597766,0.200
1088,60.227610,-24.457148,-1.626186,0.200
1089,60.213198,-24.502202,-1.611688,0.200
1090,60.206216,-24.551952,-1.619161,0.200
1091,60.191349,-24.608896,-1.603277,0.200
1092,60.172604,-24.651553,-1.600874,0.200
1093,60.149894,-24.699493,-1.589993,0.200
1094,60.131130,-24.738805,-1.591624,0.200
1095,60.119580,-24.784582,-1.588044,0.200
1096,60.104340,-24.837728,-1.597336,0.200
1097,60.090943,-24.901635,-1.606144,0.200
1098,60.074183,-24.961485,-1.581419,0.200
1099,60.054736,-25.015445,-1.587641,0.200
1100,60.033202,-25.076876,-1.573995,0.200
1101,60.017740,-25.134009,-1.574903,0.200
1102,60.001637,-25.191837,-1.580812,0.200
1103,59.986810,-25.233834,-1.584796,0.200
1104,59.971251,-25.284742,-1.591385,0.200
1105,59.955053,-25.349462,-1.579366,0.200
1106,59.940214,-25.400715,-1.583988,0.200
1107,59.923559,-25.447923,-1.571005,0.200
1108,59.917612,-25.511205,-1.566689,0.200
1109,59.899017,-25.562401,-1.581316,0.200
1110,59.879434,-25.618812,-1.579535,0.200
1111,59.860627,-25.677922,-1.568365,0.200
1112,59.853446,-25.733291,-1.578170,0.200
1113,59.840204,-25.785357,-1.555598,0.200
1114,59.826609,-25.836744,-1.560476,0.200
1115,59.812845,-25.900870,-1.572791,0.200
1116,59.792713,-25.954429,-1.565924,0.200
1117,59.774927,-26.002859,-1.566959,0.200
1118,59.760503,-26.061974,-1.547545,0.200
1119,59.744058,-26.116821,-1.557866,0.200
1120,59.726297,-26.170129,-1.543949,0.200
1121,59.713377,-26.238089,-1.549900,0.200
1122,59.692195,-26.298048,-1.550366,0.200
1123,59.679526,-26.351838,-1.553062,0.200
1124,59.670775,-26.405308,-1.551260,0.200
1125,59.662226,-26.462005,-1.549631,0.200
1126,59.646442,-26.520143,-1.515550,0.200
1127,59.636512,-26.567986,-1.508423,0.200
1128,59.631233,-26.635933,-1.498456,0.200
1129,59.630867,-26.688182,-1.505749,0.200
1130,59.629790,-26.737003,-1.507346,0.200
1131,59.624326,-26.786707,-1.486331,0.200
1132,59.616705,-26.840436,-1.454747,0.200
1133,59.611094,-26.887108,-1.418167,0.200
1134,59.603972,-26.937519,-1.419390,0.200
1135,59.601908,-26.992598,-1.415278,0.200
1136,59.593179,-27.046356,-1.425093,0.200
1137,59.593520,-27.107282,-1.437343,0.200
1138,59.583896,-27.175623,-1.423146,0.200
1139,59.570761,-27.240381,-1.426667,0.200
1140,59.555277,-27.296130,-1.414326,0.200
1141,59.545003,-27.357102,-1.418402,0.200
1142,59.536349,-27.410500,-1.428689,0.200
1143,59.540158,-27.459655,-1.429519,0.200
1144,59.542989,-27.503739,-1.442350,0.200
1145,59.542511,-27.565518,-1.421369,0.200
1146,59.534229,-27.621565,-1.420198,0.200
1147,59.526190,-27.675476,-1.411496,0.200
1148,59.518475,-27.735072,-1.417163,0.200
1149,59.509761,-27.804049,-1.415499,0.200
1150,59.495673,-27.868550,-1.422255,0.200
1151,59.491103,-27.922260,-1.427921,0.200
1152,59.483868,-27.982042,-1.434683,0.200
1153,59.471969,-28.033590,-1.413675,0.200
1154,59.475311,-28.080188,-1.412723,0.200
1155,59.473280,-28.152660,-1.408616,0.200
1156,59.464055,-28.207256,-1.417858,0.200
1157,59.461423,-28.252939,-1.426051,0.200
1158,59.456592,-28.314742,-1.412871,0.200
1159,59.448068,-28.371858,-1.414751,0.200
1160,59.436773,-28.424883,-1.402829,0.200
1161,59.427914,-28.493214,-1.406216,0.200
1162,59.424431,-28.550687,-1.415350,0.200
1163,59.409768,-28.616614,-1.417937,0.200
1164,59.404844,-28.677967,-1.426870,0.200
1165,59.399129,-28.745295,-1.411140,0.200
1166,59.396181,-28.793196,-1.416337,0.200
1167,59.388171,-28.841719,-1.401456,0.200
1168,59.393728,-28.895198,-1.404055,0.200
1169,59.389012,-28.944932,-1.406339,0.200
1170,59.384659,-28.989752,-1.412049,0.200
1171,59.382319,-29.049981,-1.406931,0.200
1172,59.371494,-29.109938,-1.417986,0.200
1173,59.365877,-29.169099,-1.385349,0.200
1174,59.367014,-29.220717,-1.390158,0.200
1175,59.370002,-29.284955,-1.403318,0.200
1176,59.371578,-29.349609,-1.406621,0.200
1177,59.369570,-29.416518,-1.419309,0.200
1178,59.364700,-29.478418,-1.411694,0.200
1179,59.360738,-29.543080,-1.409062,0.200
1180,59.341537,-29.591108,-1.400364,0.200
1181,59.324672,-29.649619,-1.400965,0.200
1182,59.314243,-29.707378,-1.398861,0.200
1183,59.295121,-29.764316,-1.413415,0.200
1184,59.294044,-29.815937,-1.424795,0.200
1185,59.289912,-29.875285,-1.407045,0.200
1186,59.284919,-29.930708,-1.407328,0.200
1187,59.280089,-29.984870,-1.397338,0.200
1188,59.279739,-30.032753,-1.397515,0.200
1189,59.288448,-30.093794,-1.402345,0.200
1190,59.293648,-30.141770,-1.401022,0.200
1191,59.297035,-30.209759,-1.402176,0.200
1192,59.302690,-30.267001,-1.407467,0.200
1193,59.292695,-30.323592,-1.387760,0.200
1194,59.282290,-30.377320,-1.393063,0.200
1195,59.274122,-30.444164,-1.390014,0.200
1196,59.256669,-30.496942,-1.406065,0.200
1197,59.245032,-30.547518,-1.413235,0.200
1198,59.241382,-30.606968,-1.405515,0.200
1199,59.227534,-30.673630,-1.406662,0.200
1200,59.219923,-30.725276,-1.393139,0.200
1201,59.214684,-30.781915,-1.388613,0.200
1202,59.210132,-30.853809,-1.389095,0.200
1203,59.200728,-30.910943,-1.397972,0.200
1204,59.199408,-30.972152,-1.409325,0.200
1205,59.200321,-31.030977,-1.386043,0.200
1206,59.203986,-31.090188,-1.394225,0.200
1207,59.200740,-31.143768,-1.384684,0.200
1208,59.201996,-31.192922,-1.384761,0.200
1209,59.196208,-31.258049,-1.396689,0.200
1210,59.195879,-31.313357,-1.393815,0.200
1211,59.195642,-31.380969,-1.395161,0.200
1212,59.190127,-31.440862,-1.401707,0.200
1213,59.176239,-31.495765,-1.379045,0.200
1214,59.169279,-31.552733,-1.380256,0.200
1215,59.165141,-31.619453,-1.382865,0.200
1216,59.158721,-31.677159,-1.385622,0.200
1217,59.154020,-31.725916,-1.398068,0.200
1218,59.154914,-31.790477,-1.389886,0.200
1219,59.152987,-31.855209,-1.391951,0.200
1220,59.144792,-31.908111,-1.376351,0.200
1221,59.142177,-31.961737,-1.375994,0.200
1222,59.142850,-32.030919,-1.378534,0.200
1223,59.144280,-32.095273,-1.385833,0.200
1224,59.152151,-32.156282,-1.398779,0.200
1225,59.151025,-32.224572,-1.388196,0.200
1226,59.145770,-32.281361,-1.388162,0.200
1227,59.125543,-32.335824,-1.378298,0.200
1228,59.115299,-32.388904,-1.378548,0.200
1229,59.104132,-32.445125,-1.382122,0.200
1230,59.094191,-32.505200,-1.385921,0.200
1231,59.096325,-32.566755,-1.383875,0.200
1232,59.092420,-32.637209,-1.390541,0.200
1233,59.089665,-32.689326,-1.363056,0.200
1234,59.084803,-32.750422,-1.368039,0.200
1235,59.086970,-32.807523,-1.373124,0.200
1236,59.079948,-32.873009,-1.374812,0.200
1237,59.080223,-32.931651,-1.384263,0.200
1238,59.083606,-32.989799,-1.375804,0.200
1239,59.082438,-33.063099,-1.373002,0.200
1240,59.074075,-33.113073,-1.357730,0.200
1241,59.065784,-33.176645,-1.363565,0.200
1242,59.066758,-33.241530,-1.364620,0.200
1243,59.059548,-33.300786,-1.377203,0.200
1244,59.061478,-33.360341,-1.386644,0.200
1245,59.055059,-33.427681,-1.371161,0.200
1246,59.049997,-33.486523,-1.368975,0.200
1247,59.045211,-33.547149,-1.368473,0.200
1248,59.047285,-33.605757,-1.367884,0.200
1249,59.041295,-33.662006,-1.370271,0.200
1250,59.037308,-33.720305,-1.381821,0.200
1251,59.030563,-33.790648,-1.372406,0.200
1252,59.026501,-33.865995,-1.371465,0.200
1253,59.021326,-33.928189,-1.358747,0.200
1254,59.023411,-33.987323,-1.359430,0.200
1255,59.026740,-34.059165,-1.365560,0.200
1256,59.020874,-34.111930,-1.366655,0.200
1257,59.016910,-34.168216,-1.369714,0.200
1258,59.019219,-34.245501,-1.370595,0.200
1259,59.002145,-34.301943,-1.352392,0.200
1260,58.995752,-34.360029,-1.351605,0.200
1261,58.991166,-34.425662,-1.351657,0.200
1262,58.986911,-34.487908,-1.354765,0.200
1263,58.990055,-34.544661,-1.366117,0.200
1264,58.997574,-34.613728,-1.353166,0.200
1265,58.996159,-34.676935,-1.354065,0.200
1266,58.986024,-34.739600,-1.344231,0.200
1267,58.976581,-34.795511,-1.344872,0.200
1268,58.973930,-34.856734,-1.348759,0.200
1269,58.970963,-34.916830,-1.352699,0.200
1270,58.973020,-34.981110,-1.348322,0.200
1271,58.966781,-35.046120,-1.358489,0.200
1272,58.963519,-35.094608,-1.326994,0.200
1273,58.970527,-35.156643,-1.336029,0.200
1274,58.970797,-35.226951,-1.342059,0.200
1275,58.962820,-35.291095,-1.344167,0.200
1276,58.961406,-35.353693,-1.347493,0.200
1277,58.963206,-35.421532,-1.334996,0.200
1278,58.958041,-35.478372,-1.337684,0.200
1279,58.956368,-35.536143,-1.327907,0.200
1280,58.955044,-35.604874,-1.329294,0.200
1281,58.953315,-35.669809,-1.337598,0.200
1282,58.949706,-35.731735,-1.351688,0.200
1283,58.952231,-35.795740,-1.354144,0.200
1284,58.947745,-35.870368,-1.346569,0.200
1285,58.949997,-35.922249,-1.329829,0.200
1286,58.955904,-35.977634,-1.336371,0.200
1287,58.961616,-36.042389,-1.334860,0.200
1288,58.953753,-36.104897,-1.346809,0.200
1289,58.952304,-36.161342,-1.352476,0.200
1290,58.945824,-36.224606,-1.333018,0.200
1291,58.939767,-36.289788,-1.343922,0.200
1292,58.933668,-36.346933,-1.329633,0.200
1293,58.935398,-36.404099,-1.331039,0.200
1294,58.928612,-36.471464,-1.329986,0.200
1295,58.924895,-36.523755,-1.333673,0.200
1296,58.928162,-36.589763,-1.320447,0.200
1297,58.930443,-36.655234,-1.331388,0.200
1298,58.928274,-36.712425,-1.313505,0.200
1299,58.922758,-36.775418,-1.314967,0.200
1300,58.922171,-36.847255,-1.327056,0.200
1301,58.924068,-36.902853,-1.327756,0.200
1302,58.925008,-36.963767,-1.331724,0.200
1303,58.927931,-37.033653,-1.331362,0.200
1304,58.925115,-37.087777,-1.320798,0.200
1305,58.918934,-37.144370,-1.318219,0.200
1306,58.914404,-37.201335,-1.317896,0.200
1307,58.910428,-37.264830,-1.323373,0.200
1308,58.907810,-37.324428,-1.337784,0.200
1309,58.913174,-37.385944,-1.328007,0.200
1310,58.912072,-37.455271,-1.333936,0.200
1311,58.908120,-37.510474,-1.323947,0.200
1312,58.909174,-37.564739,-1.332353,0.200
1313,58.905449,-37.632703,-1.352106,0.200
1314,58.895353,-37.691965,-1.360345,0.200
1315,58.886420,-37.753321,-1.376213,0.200
1316,58.872101,-37.813535,-1.391910,0.200
1317,58.854784,-37.872030,-1.403110,0.200
1318,58.837731,-37.929307,-1.404735,0.200
1319,58.824554,-37.977849,-1.416363,0.200
1320,58.821707,-38.036865,-1.426666,0.200
1321,58.813510,-38.081604,-1.449458,0.200
1322,58.810018,-38.145408,-1.463193,0.200
1323,58.803100,-38.214372,-1.440689,0.200
1324,58.794962,-38.276658,-1.428773,0.200
1325,58.781913,-38.334127,-1.429209,0.200
1326,58.774297,-38.397128,-1.427155,0.200
1327,58.762271,-38.448868,-1.439892,0.200
1328,58.757790,-38.508355,-1.452530,0.200
1329,58.752153,-38.571080,-1.442060,0.200
1330,58.742822,-38.627567,-1.442898,0.200
1331,58.736188,-38.689292,-1.427300,0.200
1332,58.729360,-38.746048,-1.429371,0.200
1333,58.722522,-38.812033,-1.431158,0.200
1334,58.709267,-38.875289,-1.440580,0.200
1335,58.702315,-38.936103,-1.445021,0.200
1336,58.698878,-38.999654,-1.442925,0.200
1337,58.697236,-39.059643,-1.435832,0.200
1338,58.694979,-39.113986,-1.425637,0.200
1339,58.688867,-39.167647,-1.424781,0.200
1340,58.672196,-39.228486,-1.436421,0.200
1341,58.664180,-39.289552,-1.435156,0.200
1342,58.654978,-39.352123,-1.422849,0.200
1343,58.650174,-39.410958,-1.429185,0.200
1344,58.633719,-39.465564,-1.423723,0.200
1345,58.628445,-39.521431,-1.421804,0.200
1346,58.604602,-39.582771,-1.429223,0.200
1347,58.590503,-39.638589,-1.431509,0.200
1348,58.583914,-39.705083,-1.435636,0.200
1349,58.574577,-39.777054,-1.443095,0.200
1350,58.567691,-39.828659,-1.418636,0.200
1351,58.563148,-39.890498,-1.421829,0.200
1352,58.548785,-40.079473,-1.440438,0.200
1353,58.543164,-40.155149,-1.426642,0.200
1354,58.541851,-40.221153,-1.420962,0.200
1355,58.534783,-40.275114,-1.409880,0.200
1356,58.527358,-40.339537,-1.414115,0.200
1357,58.523007,-40.400202,-1.420122,0.200
1358,58.514676,-40.459865,-1.431277,0.200
1359,58.513543,-40.521925,-1.436188,0.200
1360,58.511654,-40.587105,-1.429344,0.200
1361,58.497344,-40.645447,-1.401449,0.200
1362,58.481466,-40.701947,-1.407142,0.200
1363,58.482979,-40.769376,-1.406117,0.200
1364,58.470738,-40.828997,-1.414763,0.200
1365,58.462510,-40.888780,-1.421952,0.200
1366,58.457802,-40.957688,-1.407408,0.200
1367,58.448120,-41.016510,-1.406832,0.200
1368,58.444180,-41.075665,-1.394405,0.200
1369,58.441942,-41.252909,-1.414090,0.200
1370,58.434644,-41.316004,-1.408259,0.200
1371,58.432932,-41.376721,-1.418349,0.200
1372,58.410970,-41.429487,-1.394342,0.200
1373,58.390812,-41.497016,-1.396965,0.200
1374,58.391096,-41.566870,-1.398821,0.200
1375,58.372101,-41.624744,-1.403431,0.200
1376,58.373003,-41.679939,-1.414375,0.200
1377,58.375081,-41.741233,-1.400028,0.200
1378,58.379591,-41.808187,-1.406152,0.200
1379,58.381072,-41.868431,-1.393741,0.200
1380,58.379437,-41.927748,-1.395564,0.200
1381,58.369149,-41.989530,-1.406182,0.200
1382,58.361917,-42.046877,-1.407670,0.200
1383,58.354895,-42.107771,-1.401577,0.200
1384,58.340605,-42.163063,-1.414732,0.200
1385,58.329104,-42.215710,-1.387619,0.200
1386,58.322565,-42.273714,-1.383511,0.200
1387,58.316056,-42.336418,-1.382965,0.200
1388,58.305428,-42.396580,-1.402106,0.200
1389,58.301128,-42.458107,-1.413314,0.200
1390,58.296435,-42.527211,-1.400293,0.200
1391,58.287027,-42.594302,-1.398453,0.200
1392,58.282318,-42.646376,-1.389554,0.200
1393,58.282473,-42.715643,-1.393408,0.200
1394,58.279547,-42.775263,-1.394257,0.200
1395,58.276534,-42.834281,-1.396256,0.200
1396,58.273419,-42.901755,-1.387998,0.200
1397,58.269356,-42.968137,-1.402004,0.200
1398,58.259055,-43.029255,-1.389920,0.200
1399,58.250152,-43.091323,-1.399513,0.200
1400,58.239612,-43.155274,-1.420368,0.200
1401,58.227677,-43.200897,-1.430310,0.200
1402,58.218873,-43.256610,-1.447915,0.200
1403,58.205989,-43.313513,-1.446727,0.200
1404,58.191728,-43.367082,-1.472670,0.200
1405,58.172836,-43.419643,-1.476845,0.200
1406,58.155134,-43.483101,-1.489229,0.200
1407,58.145397,-43.552423,-1.508811,0.200
1408,58.131183,-43.604675,-1.527125,0.200
1409,58.118774,-43.662472,-1.526390,0.200
1410,58.106465,-43.723888,-1.529994,0.200
1411,58.088373,-43.777313,-1.500912,0.200
1412,58.080210,-43.837427,-1.508705,0.200
1413,58.073160,-43.899061,-1.515000,0.200
1414,58.053901,-43.953774,-1.517299,0.200
1415,58.042181,-44.015861,-1.522157,0.200
1416,58.032166,-44.081305,-1.504707,0.200
1417,58.007230,-44.132509,-1.512450,0.200
1418,57.992476,-44.194188,-1.498932,0.200
1419,57.988645,-44.257165,-1.499825,0.200
1420,57.977751,-44.327232,-1.506760,0.200
1421,57.966731,-44.382314,-1.509471,0.200
1422,57.953429,-44.446133,-1.505854,0.200
1423,57.938425,-44.506164,-1.518649,0.200
1424,57.915327,-44.556736,-1.490922,0.200
1425,57.906548,-44.612383,-1.496914,0.200
1426,57.886679,-44.670443,-1.505063,0.200
1427,57.873161,-44.728868,-1.506255,0.200
1428,57.859506,-44.789448,-1.506133,0.200
1429,57.851030,-44.861187,-1.505018,0.200
1430,57.838936,-44.924254,-1.497398,0.200
1431,57.824888,-44.982364,-1.488257,0.200
1432,57.814944,-45.043348,-1.484686,0.200
1433,57.796186,-45.100676,-1.491495,0.200
1434,57.783077,-45.154713,-1.494958,0.200
1435,57.772032,-45.219902,-1.475273,0.200
1436,57.765360,-45.279972,-1.483922,0.200
1437,57.760739,-45.337947,-1.480178,0.200
1438,57.758965,-45.400965,-1.481652,0.200
1439,57.741981,-45.458901,-1.499401,0.200
1440,57.729058,-45.509159,-1.502664,0.200
1441,57.721098,-45.571240,-1.496735,0.200
1442,57.681513,-45.734802,-1.480365,0.200
1443,57.673092,-45.799193,-1.482687,0.200
1444,57.653497,-45.863695,-1.488788,0.200
1445,57.639686,-45.922696,-1.503552,0.200
1446,57.628439,-45.988518,-1.490446,0.200
1447,57.612501,-46.048560,-1.483313,0.200
1448,57.597648,-46.090780,-1.470749,0.200
1449,57.581193,-46.143138,-1.464834,0.200
1450,57.568352,-46.205557,-1.460488,0.200
1451,57.554576,-46.262212,-1.482863,0.200
1452,57.548381,-46.320873,-1.498690,0.200
1453,57.537584,-46.387915,-1.486062,0.200
1454,57.526879,-46.442449,-1.467132,0.200
1455,57.525395,-46.491169,-1.476701,0.200
1456,57.520438,-46.549525,-1.481127,0.200
1457,57.507958,-46.611715,-1.480024,0.200
1458,57.502575,-46.673232,-1.487318,0.200
1459,57.494278,-46.738919,-1.466913,0.200
1460,57.474380,-46.794378,-1.476291,0.200
1461,57.458039,-46.849316,-1.464491,0.200
1462,57.449572,-46.911195,-1.462768,0.200
1463,57.438534,-46.977565,-1.467447,0.200
1464,57.421930,-47.038812,-1.479158,0.200
1465,57.417484,-47.099499,-1.473450,0.200
1466,57.400802,-47.167333,-1.477202,0.200
1467,57.387228,-47.222179,-1.456922,0.200
1468,57.379374,-47.284387,-1.462687,0.200
1469,57.373516,-47.355623,-1.463354,0.200
1470,57.363421,-47.414801,-1.473693,0.200
1471,57.357112,-47.479023,-1.477946,0.200
1472,57.347247,-47.542714,-1.476897,0.200
1473,57.332549,-47.603123,-1.452746,0.200
1474,57.318915,-47.667757,-1.457365,0.200
1475,57.304051,-47.744744,-1.459447,0.200
1476,57.283441,-47.804967,-1.464791,0.200
1477,57.282524,-47.873518,-1.467267,0.200
1478,57.274701,-47.939379,-1.465545,0.200
1479,57.265784,-48.004254,-1.457410,0.200
1480,57.251183,-48.068682,-1.453661,0.200
1481,57.242392,-48.128510,-1.453467,0.200
1482,57.221729,-48.195621,-1.461117,0.200
1483,57.204533,-48.262668,-1.468073,0.200
1484,57.195556,-48.333413,-1.448756,0.200
1485,57.187897,-48.406080,-1.461482,0.200
1486,57.180220,-48.465386,-1.451939,0.200
1487,57.181393,-48.539603,-1.442947,0.200
1488,57.164782,-48.598871,-1.455759,0.200
1489,57.151310,-48.659471,-1.463564,0.200
1490,57.143768,-48.727016,-1.443642,0.200
1491,57.136588,-48.789813,-1.457229,0.200
1492,57.129845,-48.846681,-1.446800,0.200
1493,57.126746,-48.926454,-1.439149,0.200
1494,57.115882,-48.986804,-1.454118,0.200
1495,57.107381,-49.048147,-1.461956,0.200
1496,57.095792,-49.114159,-1.453051,0.200
1497,57.086439,-49.183887,-1.446154,0.200
1498,57.074348,-49.242639,-1.437756,0.200
1499,57.065100,-49.313807,-1.441331,0.200
1500,57.061910,-49.375480,-1.440765,0.200
1501,57.047355,-49.432509,-1.453973,0.200
1502,57.039889,-49.496976,-1.451055,0.200
1503,57.028831,-49.571377,-1.450604,0.200
1504,57.017396,-49.633945,-1.434207,0.200
1505,57.005374,-49.701442,-1.438563,0.200
1506,56.993066,-49.763278,-1.437108,0.200
1507,56.986029,-49.822364,-1.441827,0.200
1508,56.981614,-49.886381,-1.441944,0.200
1509,56.973169,-49.950817,-1.451777,0.200
1510,56.965140,-50.007493,-1.421346,0.200
1511,56.955570,-50.066952,-1.423222,0.200
1512,56.949005,-50.139854,-1.419828,0.200
1513,56.931457,-50.203902,-1.438074,0.200
1514,56.922393,-50.270675,-1.462512,0.200
1515,56.905261,-50.333040,-1.468855,0.200
1516,56.884774,-50.384339,-1.502162,0.200
1517,56.858447,-50.435218,-1.516995,0.200
1518,56.841196,-50.494325,-1.536201,0.200
1519,56.827875,-50.565422,-1.531097,0.200
1520,56.812225,-50.615876,-1.553747,0.200
1521,56.804039,-50.681013,-1.549982,0.200
1522,56.789576,-50.746599,-1.539411,0.200
1523,56.777274,-50.791390,-1.529454,0.200
1524,56.764837,-50.843560,-1.535056,0.200
1525,56.748943,-50.912091,-1.539015,0.200
1526,56.734722,-50.964886,-1.540299,0.200
1527,56.714824,-51.035286,-1.535444,0.200
1528,56.688903,-51.100981,-1.543815,0.200
1529,56.667787,-51.168278,-1.517217,0.200
1530,56.659745,-51.225834,-1.519896,0.200
1531,56.648880,-51.295531,-1.524542,0.200
1532,56.632860,-51.358851,-1.542098,0.200
1533,56.624220,-51.420861,-1.547938,0.200
1534,56.611741,-51.490098,-1.536683,0.200
1535,56.591538,-51.547540,-1.528383,0.200
1536,56.578833,-51.610988,-1.530020,0.200
1537,56.567027,-51.675827,-1.527470,0.200
1538,56.549864,-51.744687,-1.532698,0.200
1539,56.536906,-51.805943,-1.533533,0.200
1540,56.516126,-51.883137,-1.528953,0.200
1541,56.507876,-51.944697,-1.520592,0.200
1542,56.495852,-52.008077,-1.514459,0.200
1543,56.477831,-52.081822,-1.506222,0.200
1544,56.434717,-52.135574,-1.545121,0.200
1545,56.425557,-52.185664,-1.545084,0.200
1546,56.404768,-52.247349,-1.526286,0.200
1547,56.395180,-52.307682,-1.525356,0.200
1548,56.380273,-52.359691,-1.517708,0.200
1549,56.367510,-52.424049,-1.521755,0.200
1550,56.358458,-52.493512,-1.524806,0.200
1551,56.346625,-52.554541,-1.541372,0.200
1552,56.339626,-52.616376,-1.533140,0.200
1553,56.325511,-52.686280,-1.526716,0.200
1554,56.313257,-52.749050,-1.515968,0.200
1555,56.303613,-52.824328,-1.514644,0.200
1556,56.278216,-52.896364,-1.531402,0.200
1557,56.266460,-52.958906,-1.533483,0.200
1558,56.253119,-53.031718,-1.505628,0.200
1559,56.229501,-53.087149,-1.519088,0.200
1560,56.208833,-53.149710,-1.507410,0.200
1561,56.199805,-53.219512,-1.509287,0.200
1562,56.183156,-53.286869,-1.521629,0.200
1563,56.173278,-53.352738,-1.539199,0.200
1564,56.165602,-53.420329,-1.533987,0.200
1565,56.150779,-53.484851,-1.518188,0.200
1566,56.133969,-53.541791,-1.513372,0.200
1567,56.115109,-53.601624,-1.517254,0.200
1568,56.106444,-53.668587,-1.510415,0.200
1569,56.088341,-53.723010,-1.526483,0.200
1570,56.075402,-53.793382,-1.526329,0.200
1571,56.058822,-53.861057,-1.533054,0.200
1572,56.043448,-53.926192,-1.509525,0.200
1573,56.032323,-53.986729,-1.516462,0.200
1574,56.011318,-54.053711,-1.523739,0.200
1575,55.997005,-54.112816,-1.523985,0.200
1576,55.985626,-54.176557,-1.525790,0.200
1577,55.972182,-54.254072,-1.532105,0.200
1578,55.951620,-54.313954,-1.501877,0.200
1579,55.936401,-54.372059,-1.510155,0.200
1580,55.931227,-54.445602,-1.501456,0.200
1581,55.910441,-54.509486,-1.520349,0.200
1582,55.900547,-54.575474,-1.532979,0.200
1583,55.890166,-54.647383,-1.514809,0.200
1584,55.871229,-54.712416,-1.496253,0.200
1585,55.851479,-54.781593,-1.507486,0.200
1586,55.847061,-54.857449,-1.507233,0.200
1587,55.828535,-54.916273,-1.517316,0.200
1588,55.816877,-54.985538,-1.526225,0.200
1589,55.796724,-55.047777,-1.508140,0.200
1590,55.777440,-55.117388,-1.503247,0.200
1591,55.760074,-55.177141,-1.503235,0.200
1592,55.753074,-55.250592,-1.501417,0.200
1593,55.734736,-55.308448,-1.515334,0.200
1594,55.724630,-55.373117,-1.521633,0.200
1595,55.711552,-55.446013,-1.499963,0.200
1596,55.697490,-55.515333,-1.507135,0.200
1597,55.687108,-55.574216,-1.503783,0.200
1598,55.676541,-55.647787,-1.497140,0.200
1599,55.656226,-55.718972,-1.504665,0.200
1600,55.643577,-55.787430,-1.506900,0.200
1601,55.628748,-55.860249,-1.488859,0.200
1602,55.614968,-55.927383,-1.491216,0.200
1603,55.602505,-55.990919,-1.490272,0.200
1604,55.585680,-56.067601,-1.487729,0.200
1605,55.571583,-56.134221,-1.505089,0.200
1606,55.559756,-56.205661,-1.511721,0.200
1607,55.546223,-56.273689,-1.494575,0.200
1608,55.527271,-56.340739,-1.493894,0.200
1609,55.510747,-56.399581,-1.487986,0.200
1610,55.501680,-56.465037,-1.491237,0.200
1611,55.484840,-56.537035,-1.498489,0.200
1612,55.473911,-56.597422,-1.507140,0.200
1613,55.459140,-56.670255,-1.486357,0.200
1614,55.444360,-56.739237,-1.488580,0.200
1615,55.431620,-56.799796,-1.484264,0.200
1616,55.422887,-56.866415,-1.481471,0.200
1617,55.405715,-56.938495,-1.497303,0.200
1618,55.400699,-56.998800,-1.506531,0.200
1619,55.385400,-57.070190,-1.481445,0.200
1620,55.373952,-57.131393,-1.485172,0.200
1621,55.366544,-57.191255,-1.477579,0.200
1622,55.361139,-57.260957,-1.484043,0.200
1623,55.342104,-57.325896,-1.483145,0.200
1624,55.328519,-57.386855,-1.490630,0.200
1625,55.312164,-57.472690,-1.466017,0.200
1626,55.294540,-57.544909,-1.472382,0.200
1627,55.281363,-57.607152,-1.469464,0.200
1628,55.275099,-57.680052,-1.465789,0.200
1629,55.250767,-57.740448,-1.483646,0.200
1630,55.241325,-57.799692,-1.488891,0.200
1631,55.227229,-57.867350,-1.474684,0.200
1632,55.213401,-57.929969,-1.472693,0.200
1633,55.199706,-57.988250,-1.471724,0.200
1634,55.192620,-58.058250,-1.473724,0.200
1635,55.170931,-58.124790,-1.482618,0.200
1636,55.164076,-58.186696,-1.494367,0.200
1637,55.152704,-58.265326,-1.485944,0.200
1638,55.134765,-58.341375,-1.464023,0.200
1639,55.121419,-58.408828,-1.467646,0.200
1640,55.113403,-58.479868,-1.472692,0.200
1641,55.096193,-58.553114,-1.477063,0.200
1642,55.087243,-58.606779,-1.488403,0.200
1643,55.077054,-58.673326,-1.482671,0.200
1644,55.066438,-58.738473,-1.471649,0.200
1645,55.050326,-58.796467,-1.469363,0.200
1646,55.043024,-58.868430,-1.472931,0.200
1647,55.032683,-58.942995,-1.472867,0.200
1648,55.022493,-59.012418,-1.483580,0.200
1649,55.009008,-59.075870,-1.474322,0.200
1650,54.988677,-59.148679,-1.471351,0.200
1651,54.977148,-59.216147,-1.467322,0.200
1652,54.961292,-59.277478,-1.468360,0.200
1653,54.934582,-59.346063,-1.470263,0.200
1654,54.927774,-59.404118,-1.479602,0.200
1655,54.925081,-59.469025,-1.475434,0.200
1656,54.911728,-59.545580,-1.467435,0.200
1657,54.901716,-59.617984,-1.462234,0.200
1658,54.892568,-59.680663,-1.467922,0.200
1659,54.885734,-59.754268,-1.464010,0.200
1660,54.876589,-59.821521,-1.481673,0.200
1661,54.871905,-59.889209,-1.480862,0.200
1662,54.862119,-59.959035,-1.474761,0.200
1663,54.847361,-60.025389,-1.463582,0.200
1664,54.837659,-60.091458,-1.470801,0.200
1665,54.819343,-60.158942,-1.469797,0.200
1666,54.796550,-60.221518,-1.468540,0.200
1667,54.783677,-60.293219,-1.467683,0.200
1668,54.764167,-60.361545,-1.479223,0.200
1669,54.746865,-60.425909,-1.456647,0.200
1670,54.743859,-60.494425,-1.466073,0.200
1671,54.738411,-60.562327,-1.470971,0.200
1672,54.727681,-60.619052,-1.479223,0.200
1673,54.725405,-60.673290,-1.483111,0.200
1674,54.717064,-60.754202,-1.485496,0.200
1675,54.705710,-60.813731,-1.468641,0.200
1676,54.696484,-60.871990,-1.466523,0.200
1677,54.692732,-60.951349,-1.464444,0.200
1678,54.674691,-61.014977,-1.479914,0.200
1679,54.665276,-61.083603,-1.486897,0.200
1680,54.650625,-61.148114,-1.468752,0.200
1681,54.635282,-61.216205,-1.463399,0.200
1682,54.623752,-61.273427,-1.464801,0.200
1683,54.623459,-61.348882,-1.459931,0.200
1684,54.595163,-61.407210,-1.467715,0.200
1685,54.581768,-61.475309,-1.476244,0.200
1686,54.567668,-61.552164,-1.451203,0.200
1687,54.555580,-61.623279,-1.462093,0.200
1688,54.547068,-61.680457,-1.458417,0.200
1689,54.540092,-61.748068,-1.448750,0.200
1690,54.523045,-61.815352,-1.467766,0.200
1691,54.517016,-61.879784,-1.471049,0.200
1692,54.510562,-61.947672,-1.462149,0.200
1693,54.504940,-62.015645,-1.459086,0.200
1694,54.488272,-62.079606,-1.453229,0.200
1695,54.478005,-62.149451,-1.453440,0.200
1696,54.459528,-62.217240,-1.460040,0.200
1697,54.453931,-62.287335,-1.469254,0.200
1698,54.443513,-62.353462,-1.456213,0.200
1699,54.432241,-62.424798,-1.451577,0.200
1700,54.420241,-62.482406,-1.448798,0.200
1701,54.411567,-62.549549,-1.447358,0.200
1702,54.391719,-62.625132,-1.456867,0.200
1703,54.381648,-62.690045,-1.460432,0.200
1704,54.374499,-62.756632,-1.450478,0.200
1705,54.365962,-62.828179,-1.442794,0.200
1706,54.354389,-62.886867,-1.445640,0.200
1707,54.348173,-62.954872,-1.444570,0.200
1708,54.341266,-63.023065,-1.447070,0.200
1709,54.330926,-63.080100,-1.455197,0.200
1710,54.321084,-63.157865,-1.443859,0.200
1711,54.309161,-63.228815,-1.441896,0.200
1712,54.299863,-63.292161,-1.443990,0.200
1713,54.287546,-63.361640,-1.442883,0.200
1714,54.254957,-63.429762,-1.447562,0.200
1715,54.244789,-63.488490,-1.454938,0.200
1716,54.238108,-63.557605,-1.447109,0.200
1717,54.233037,-63.628525,-1.443028,0.200
1718,54.224896,-63.687559,-1.438299,0.200
1719,54.227104,-63.754467,-1.441503,0.200
1720,54.220955,-63.823910,-1.441895,0.200
1721,54.209648,-63.884182,-1.448132,0.200
1722,54.201657,-63.958459,-1.442439,0.200
1723,54.193845,-64.034435,-1.449780,0.200
1724,54.176637,-64.099092,-1.445581,0.200
1725,54.169134,-64.171414,-1.458339,0.200
1726,54.144488,-64.231241,-1.480732,0.200
1727,54.125871,-64.286872,-1.493117,0.200
1728,54.110870,-64.342224,-1.494968,0.200
1729,54.101333,-64.400553,-1.527013,0.200
1730,54.069604,-64.457648,-1.519329,0.200
1731,54.051748,-64.522794,-1.536802,0.200
1732,54.035593,-64.586641,-1.546365,0.200
1733,54.024415,-64.641522,-1.552390,0.200
1734,54.017231,-64.700565,-1.552719,0.200
1735,54.011971,-64.763780,-1.553729,0.200
1736,53.990781,-64.824763,-1.533719,0.200
1737,53.974342,-64.884322,-1.530967,0.200
1738,53.957318,-64.959334,-1.530759,0.200
1739,53.931733,-65.016607,-1.536901,0.200
1740,53.920679,-65.074922,-1.547452,0.200
1741,53.905581,-65.142648,-1.527731,0.200
1742,53.887595,-65.201084,-1.531721,0.200
1743,53.871679,-65.267569,-1.528575,0.200
1744,53.861434,-65.342700,-1.522489,0.200
1745,53.836996,-65.403381,-1.546766,0.200
1746,53.828201,-65.460138,-1.551026,0.200
1747,53.818727,-65.524948,-1.537634,0.200
1748,53.800346,-65.588213,-1.531307,0.200
1749,53.784005,-65.643143,-1.522648,0.200
1750,53.772883,-65.702098,-1.526670,0.200
1751,53.760074,-65.769589,-1.524116,0.200
1752,53.743828,-65.829255,-1.541277,0.200
1753,53.735258,-65.889414,-1.545948,0.200
1754,53.724598,-65.956459,-1.544491,0.200
1755,53.703440,-66.015155,-1.512486,0.200
1756,53.688808,-66.072226,-1.518225,0.200
1757,53.675535,-66.141907,-1.521117,0.200
1758,53.655162,-66.201640,-1.528392,0.200
1759,53.643751,-66.258705,-1.533118,0.200
1760,53.631279,-66.325361,-1.519420,0.200
1761,53.612601,-66.386029,-1.521069,0.200
1762,53.595155,-66.444459,-1.513538,0.200
1763,53.586930,-66.503812,-1.504442,0.200
1764,53.568482,-66.563328,-1.517505,0.200
1765,53.563118,-66.626348,-1.522013,0.200
1766,53.558838,-66.691627,-1.509549,0.200
1767,53.548325,-66.750369,-1.517202,0.200
1768,53.530532,-66.803077,-1.502594,0.200
1769,53.516551,-66.866112,-1.504884,0.200
1770,53.499964,-66.931299,-1.511768,0.200
1771,53.487090,-66.987782,-1.521914,0.200
1772,53.486166,-67.042553,-1.539858,0.200
1773,53.474970,-67.105510,-1.529630,0.200
1774,53.463485,-67.169260,-1.517190,0.200
1775,53.442277,-67.217873,-1.514777,0.200
1776,53.424949,-67.278089,-1.517201,0.200
1777,53.415058,-67.344802,-1.512828,0.200
1778,53.404879,-67.398833,-1.523708,0.200
1779,53.399709,-67.462731,-1.522939,0.200
1780,53.394091,-67.525998,-1.532701,0.200
1781,53.375128,-67.573640,-1.502799,0.200
1782,53.362980,-67.627168,-1.509770,0.200
1783,53.342053,-67.692705,-1.506904,0.200
1784,53.325316,-67.753657,-1.520105,0.200
1785,53.317049,-67.809034,-1.523880,0.200
1786,53.302429,-67.880903,-1.503407,0.200
1787,53.283993,-67.940919,-1.515247,0.200
1788,53.271251,-67.988400,-1.505949,0.200
1789,53.256013,-68.053804,-1.505480,0.200
1790,53.244929,-68.110796,-1.507767,0.200
1791,53.238152,-68.164714,-1.512630,0.200
1792,53.234218,-68.230346,-1.509187,0.200
1793,53.228399,-68.295883,-1.512981,0.200
1794,53.209452,-68.350767,-1.488103,0.200
1795,53.189301,-68.408225,-1.496737,0.200
1796,53.169289,-68.480359,-1.494282,0.200
1797,53.151271,-68.542724,-1.508021,0.200
1798,53.141475,-68.596392,-1.507705,0.200
1799,53.132263,-68.660721,-1.503805,0.200
1800,53.118366,-68.719816,-1.491089,0.200
1801,53.108584,-68.781942,-1.493750,0.200
1802,53.095347,-68.855959,-1.484685,0.200
1803,53.079779,-68.912073,-1.499928,0.200
1804,53.070375,-68.970860,-1.508108,0.200
1805,53.060240,-69.037222,-1.496092,0.200
1806,53.037112,-69.096238,-1.490977,0.200
1807,53.018395,-69.157294,-1.481377,0.200
1808,53.008582,-69.218859,-1.484246,0.200
1809,52.996879,-69.280023,-1.485114,0.200
1810,52.986791,-69.333584,-1.492325,0.200
1811,52.981232,-69.391419,-1.491248,0.200
1812,52.972515,-69.456295,-1.497869,0.200
1813,52.955212,-69.513697,-1.470560,0.200
1814,52.944606,-69.570138,-1.477215,0.200
1815,52.934216,-69.634951,-1.475976,0.200
1816,52.919053,-69.704319,-1.481286,0.200
1817,52.911590,-69.769279,-1.487388,0.200
1818,52.905358,-69.839925,-1.482738,0.200
1819,52.889175,-69.896671,-1.468386,0.200
1820,52.877960,-69.958720,-1.469375,0.200
1821,52.873226,-70.026344,-1.464102,0.200
1822,52.846206,-70.087507,-1.469345,0.200
1823,52.825490,-70.156639,-1.476156,0.200
1824,52.813775,-70.220351,-1.455716,0.200
1825,52.802801,-70.294413,-1.465373,0.200
1826,52.792358,-70.354683,-1.461727,0.200
1827,52.790678,-70.420338,-1.457101,0.200
1828,52.785135,-70.488358,-1.460220,0.200
1829,52.778970,-70.541398,-1.469477,0.200
1830,52.774520,-70.608179,-1.461886,0.200
1831,52.766326,-70.660893,-1.461045,0.200
1832,52.751466,-70.713704,-1.446696,0.200
1833,52.738914,-70.767610,-1.445026,0.200
1834,52.729500,-70.834871,-1.441797,0.200
1835,52.709149,-70.898882,-1.459504,0.200
1836,52.686172,-71.093802,-1.441253,0.200
1837,52.677540,-71.154181,-1.444692,0.200
1838,52.664161,-71.219079,-1.441143,0.200
1839,52.657449,-71.278348,-1.454762,0.200
1840,52.649483,-71.342434,-1.456568,0.200
1841,52.639979,-71.410982,-1.437565,0.200
1842,52.627073,-71.478062,-1.450897,0.200
1843,52.619177,-71.531731,-1.435563,0.200
1844,52.614448,-71.593366,-1.432657,0.200
1845,52.604103,-71.649736,-1.445776,0.200
1846,52.593934,-71.708773,-1.455602,0.200
1847,52.583266,-71.768854,-1.446383,0.200
1848,52.577150,-71.838069,-1.442678,0.200
1849,52.560049,-71.891604,-1.431822,0.200
1850,52.550658,-71.958615,-1.439465,0.200
1851,52.530553,-72.033177,-1.446159,0.200
1852,52.515699,-72.086582,-1.475455,0.200
1853,52.505018,-72.151048,-1.498578,0.200
1854,52.492583,-72.207433,-1.498001,0.200
1855,52.487221,-72.260983,-1.508056,0.200
1856,52.473162,-72.302565,-1.514478,0.200
1857,52.461795,-72.362078,-1.529070,0.200
1858,52.449113,-72.415504,-1.537315,0.200
1859,52.432489,-72.479841,-1.561567,0.200
1860,52.422839,-72.538494,-1.568682,0.200
1861,52.406082,-72.603881,-1.546878,0.200
1862,52.375228,-72.666070,-1.534563,0.200
1863,52.360910,-72.725558,-1.541924,0.200
1864,52.355795,-72.790170,-1.534587,0.200
1865,52.331364,-72.853450,-1.544182,0.200
1866,52.317562,-72.922173,-1.554937,0.200
1867,52.304423,-72.998137,-1.527263,0.200
1868,52.285709,-73.064510,-1.539163,0.200
1869,52.269605,-73.118951,-1.535878,0.200
1870,52.265136,-73.185262,-1.534936,0.200
1871,52.245481,-73.244770,-1.542799,0.200
1872,52.233663,-73.302765,-1.553396,0.200
1873,52.220283,-73.366910,-1.543033,0.200
1874,52.202300,-73.431572,-1.533433,0.200
1875,52.180618,-73.478614,-1.529816,0.200
1876,52.162549,-73.532545,-1.528710,0.200
1877,52.150734,-73.595230,-1.523901,0.200
1878,52.135447,-73.650707,-1.548002,0.200
1879,52.122477,-73.694054,-1.546687,0.200
1880,52.110295,-73.772529,-1.552741,0.200
1881,52.086872,-73.834872,-1.524890,0.200
1882,52.072133,-73.899319,-1.533438,0.200
1883,52.049569,-73.976115,-1.533501,0.200
1884,52.034175,-74.028563,-1.535245,0.200
1885,52.020728,-74.095628,-1.528713,0.200
1886,52.013591,-74.174925,-1.547073,0.200
1887,51.992516,-74.236110,-1.519586,0.200
1888,51.974426,-74.302643,-1.523754,0.200
1889,51.962607,-74.383841,-1.525768,0.200
1890,51.937720,-74.441015,-1.528926,0.200
1891,51.911257,-74.509260,-1.520719,0.200
1892,51.885769,-74.577793,-1.525492,0.200
1893,51.874381,-74.636652,-1.519291,0.200
1894,51.864353,-74.704341,-1.524357,0.200
1895,51.847766,-74.779311,-1.532311,0.200
1896,51.828470,-74.845709,-1.532673,0.200
1897,51.817782,-74.908900,-1.523409,0.200
1898,51.806221,-74.977423,-1.521197,0.200
1899,51.785684,-75.046239,-1.508400,0.200
1900,51.768834,-75.110952,-1.507877,0.200
1901,51.751852,-75.185597,-1.504971,0.200
1902,51.738238,-75.243302,-1.512927,0.200
1903,51.728375,-75.309923,-1.506882,0.200
1904,51.710634,-75.370982,-1.511655,0.200
1905,51.696415,-75.435578,-1.498648,0.200
1906,51.687882,-75.505653,-1.503363,0.200
1907,51.659530,-75.568881,-1.509992,0.200
1908,51.644212,-75.631451,-1.520309,0.200
1909,51.631488,-75.694254,-1.508060,0.200
1910,51.617348,-75.772922,-1.509327,0.200
1911,51.602263,-75.837485,-1.500152,0.200
1912,51.594889,-75.900602,-1.501416,0.200
1913,51.582998,-75.975974,-1.501763,0.200
1914,51.565251,-76.046665,-1.502544,0.200
1915,51.550403,-76.117843,-1.492198,0.200
1916,51.533256,-76.193149,-1.495765,0.200
1917,51.516535,-76.251924,-1.492804,0.200
1918,51.502960,-76.318152,-1.496154,0.200
1919,51.489580,-76.376685,-1.498840,0.200
1920,51.475982,-76.439354,-1.500602,0.200
1921,51.463600,-76.504556,-1.496680,0.200
1922,51.454832,-76.568288,-1.500719,0.200
1923,51.434125,-76.619653,-1.492805,0.200
1924,51.422969,-76.680408,-1.493088,0.200
1925,51.406035,-76.754861,-1.492867,0.200
1926,51.390672,-76.820066,-1.498320,0.200
1927,51.376584,-76.894783,-1.492316,0.200
1928,51.362551,-76.960431,-1.492178,0.200
1929,51.347950,-77.018210,-1.485470,0.200
1930,51.337948,-77.093175,-1.490798,0.200
1931,51.326066,-77.167859,-1.498014,0.200
1932,51.320822,-77.228412,-1.505590,0.200
1933,51.315631,-77.299862,-1.503304,0.200
1934,51.306647,-77.370565,-1.495287,0.200
1935,51.283509,-77.428191,-1.483342,0.200
1936,51.268368,-77.494114,-1.483992,0.200
1937,51.260124,-77.560329,-1.474621,0.200
1938,51.244805,-77.618765,-1.494581,0.200
1939,51.235638,-77.688937,-1.497270,0.200
1940,51.225311,-77.755522,-1.493067,0.200
1941,51.209738,-77.820097,-1.473140,0.200
1942,51.194592,-77.882257,-1.484445,0.200
1943,51.180586,-77.947582,-1.478585,0.200
1944,51.164607,-78.008468,-1.498075,0.200
1945,51.145835,-78.070594,-1.508943,0.200
1946,51.130510,-78.144193,-1.493138,0.200
1947,51.110614,-78.213469,-1.481640,0.200
1948,51.092945,-78.281962,-1.483316,0.200
1949,51.088223,-78.347787,-1.477715,0.200
1950,51.069421,-78.410328,-1.479320,0.200
1951,51.063575,-78.473923,-1.484517,0.200
1952,51.055200,-78.537292,-1.470168,0.200
1953,51.043752,-78.607128,-1.471474,0.200
1954,51.032051,-78.673690,-1.455534,0.200
1955,51.024523,-78.738710,-1.459305,0.200
1956,51.010683,-78.801970,-1.463285,0.200
1957,50.998817,-78.866000,-1.471844,0.200
1958,50.991777,-78.932924,-1.464564,0.200
1959,50.981474,-79.002303,-1.463382,0.200
1960,50.967270,-79.062291,-1.454901,0.200
1961,50.962150,-79.133216,-1.462246,0.200
1962,50.948474,-79.202282,-1.470425,0.200
1963,50.938071,-79.259392,-1.472556,0.200
1964,50.926920,-79.327266,-1.459327,0.200
1965,50.910736,-79.406498,-1.469983,0.200
1966,50.901450,-79.462878,-1.458175,0.200
1967,50.893312,-79.532228,-1.461698,0.200
1968,50.875539,-79.596625,-1.499758,0.200
1969,50.852021,-79.661360,-1.510652,0.200
1970,50.832561,-79.727024,-1.522731,0.200
1971,50.810608,-79.787267,-1.566609,0.200
1972,50.777881,-79.836861,-1.572408,0.200
1973,50.758808,-79.886917,-1.597543,0.200
1974,50.732730,-79.952903,-1.627785,0.200
1975,50.705670,-79.997552,-1.667960,0.200
1976,50.682795,-80.058764,-1.689569,0.200
1977,50.657702,-80.115429,-1.674934,0.200
1978,50.629864,-80.177777,-1.660848,0.200
1979,50.606756,-80.228333,-1.659123,0.200
1980,50.589616,-80.285454,-1.654938,0.200
1981,50.562305,-80.348966,-1.672326,0.200
1982,50.545878,-80.407592,-1.684532,0.200
1983,50.523278,-80.474244,-1.674616,0.200
1984,50.494939,-80.536802,-1.666147,0.200
1985,50.468563,-80.592202,-1.655054,0.200
1986,50.435539,-80.651641,-1.660908,0.200
1987,50.413675,-80.704197,-1.667226,0.200
1988,50.390565,-80.760691,-1.686230,0.200
1989,50.371349,-80.824665,-1.686830,0.200
1990,50.351042,-80.892715,-1.673077,0.200
1991,50.322209,-80.951434,-1.660598,0.200
1992,50.306724,-81.022430,-1.667217,0.200
1993,50.281473,-81.083681,-1.669757,0.200
1994,50.247470,-81.136482,-1.676613,0.200
1995,50.221584,-81.199171,-1.682076,0.200
1996,50.200094,-81.270299,-1.684000,0.200
1997,50.178107,-81.331105,-1.654234,0.200
1998,50.160275,-81.397391,-1.660678,0.200
1999,50.143646,-81.471720,-1.662069,0.200
2000,50.110337,-81.531687,-1.675648,0.200
2001,50.090678,-81.593347,-1.674762,0.200
2002,50.069160,-81.650294,-1.677976,0.200
2003,50.040425,-81.703712,-1.654499,0.200
2004,50.018077,-81.760323,-1.657400,0.200
2005,49.994231,-81.831238,-1.657576,0.200
2006,49.965671,-81.902188,-1.662428,0.200
2007,49.939710,-81.959823,-1.660897,0.200
2008,49.916164,-82.030900,-1.673785,0.200
2009,49.885840,-82.092557,-1.647759,0.200
2010,49.866077,-82.149407,-1.648419,0.200
2011,49.839441,-82.219911,-1.651444,0.200
2012,49.819397,-82.278706,-1.656949,0.200
2013,49.796676,-82.345717,-1.655185,0.200
2014,49.766640,-82.416400,-1.669027,0.200
2015,49.735082,-82.471707,-1.637252,0.200
2016,49.712412,-82.527074,-1.641773,0.200
2017,49.692716,-82.587244,-1.642756,0.200
2018,49.656123,-82.647403,-1.650391,0.200
2019,49.637233,-82.714795,-1.648048,0.200
2020,49.608276,-82.784684,-1.664880,0.200
2021,49.581332,-82.845489,-1.636509,0.200
2022,49.564209,-82.915147,-1.645550,0.200
2023,49.547355,-82.984446,-1.646403,0.200
2024,49.521896,-83.050382,-1.653043,0.200
2025,49.502822,-83.114116,-1.648687,0.200
2026,49.478351,-83.175764,-1.654378,0.200
2027,49.438468,-83.235383,-1.626456,0.200
2028,49.414079,-83.300600,-1.635964,0.200
2029,49.388291,-83.372194,-1.631723,0.200
2030,49.361934,-83.431703,-1.643787,0.200
2031,49.345710,-83.495635,-1.644085,0.200
2032,49.324442,-83.550656,-1.653128,0.200
2033,49.295161,-83.603126,-1.625889,0.200
2034,49.276445,-83.662266,-1.632677,0.200
2035,49.244661,-83.730546,-1.635198,0.200
2036,49.230920,-83.786354,-1.644814,0.200
2037,49.213929,-83.848237,-1.639850,0.200
2038,49.193661,-83.910915,-1.645097,0.200
2039,49.173335,-83.969859,-1.618407,0.200
2040,49.155960,-84.037963,-1.627436,0.200
2041,49.139735,-84.120768,-1.616651,0.200
2042,49.112550,-84.183806,-1.639688,0.200
2043,49.087913,-84.238570,-1.642686,0.200
2044,49.064790,-84.307907,-1.642348,0.200
2045,49.028921,-84.370780,-1.611668,0.200
2046,48.995721,-84.428103,-1.623023,0.200
2047,48.921765,-84.610534,-1.631568,0.200
2048,48.888057,-84.675538,-1.626218,0.200
2049,48.866929,-84.718224,-1.603169,0.200
2050,48.843974,-84.781750,-1.595303,0.200
2051,48.833071,-84.854042,-1.604177,0.200
2052,48.825582,-84.922225,-1.609542,0.200
2053,48.814352,-84.995563,-1.622936,0.200
2054,48.794144,-85.062979,-1.598506,0.200
2055,48.767718,-85.125773,-1.605606,0.200
2056,48.750437,-85.187027,-1.601108,0.200
2057,48.721366,-85.255617,-1.592737,0.200
2058,48.685580,-85.312347,-1.615217,0.200
2059,48.659689,-85.374428,-1.622242,0.200
2060,48.631935,-85.437142,-1.598891,0.200
2061,48.607695,-85.500144,-1.612221,0.200
2062,48.591482,-85.558294,-1.602833,0.200
2063,48.571599,-85.627744,-1.588494,0.200
2064,48.546201,-85.685112,-1.603353,0.200
2065,48.536009,-85.742103,-1.601446,0.200
2066,48.512006,-85.814287,-1.600789,0.200
2067,48.495281,-85.887710,-1.596508,0.200
2068,48.489799,-85.956191,-1.589036,0.200
2069,48.478805,-86.019283,-1.588231,0.200
2070,48.442739,-86.075765,-1.597312,0.200
2071,48.416792,-86.137365,-1.594198,0.200
2072,48.396920,-86.197928,-1.602576,0.200
2073,48.361282,-86.260929,-1.588018,0.200
2074,48.338198,-86.324684,-1.588621,0.200
2075,48.312947,-86.399285,-1.594402,0.200
2076,48.285216,-86.465718,-1.600216,0.200
2077,48.273110,-86.530125,-1.598248,0.200
2078,48.248701,-86.598966,-1.605307,0.200
2079,48.226161,-86.662333,-1.575166,0.200
2080,48.209534,-86.720984,-1.578683,0.200
2081,48.194504,-86.802915,-1.574250,0.200
2082,48.168257,-86.866628,-1.594024,0.200
2083,48.148295,-86.935080,-1.599106,0.200
2084,48.130732,-87.004552,-1.591822,0.200
2085,48.099093,-87.073948,-1.563159,0.200
2086,48.082147,-87.141092,-1.571273,0.200
2087,48.058113,-87.204223,-1.569969,0.200
2088,48.033618,-87.258989,-1.583455,0.200
2089,48.016272,-87.333700,-1.579622,0.200
2090,47.997524,-87.414975,-1.578900,0.200
2091,47.975622,-87.483077,-1.564721,0.200
2092,47.955548,-87.549355,-1.574448,0.200
2093,47.939097,-87.615915,-1.562627,0.200
2094,47.921236,-87.674917,-1.575023,0.200
2095,47.900768,-87.745676,-1.569589,0.200
2096,47.886411,-87.822090,-1.570252,0.200
2097,47.857093,-87.889533,-1.555916,0.200
2098,47.847859,-87.966503,-1.553938,0.200
2099,47.819613,-88.039828,-1.587109,0.200
2100,47.796485,-88.109747,-1.582556,0.200
2101,47.769822,-88.186818,-1.565174,0.200
2102,47.730687,-88.262693,-1.565249,0.200
2103,47.712794,-88.320956,-1.562917,0.200
2104,47.700018,-88.382435,-1.557342,0.200
2105,47.676302,-88.438060,-1.572582,0.200
2106,47.661373,-88.505375,-1.585145,0.200
2107,47.649060,-88.575172,-1.570207,0.200
2108,47.632820,-88.636232,-1.557606,0.200
2109,47.613451,-88.700002,-1.561871,0.200
2110,47.598648,-88.777600,-1.554862,0.200
2111,47.576119,-88.847773,-1.566347,0.200
2112,47.560599,-88.919274,-1.568096,0.200
2113,47.542331,-88.991946,-1.573536,0.200
2114,47.519262,-89.060360,-1.555008,0.200
2115,47.515204,-89.132435,-1.553564,0.200
2116,47.504165,-89.207667,-1.551959,0.200
2117,47.476767,-89.270746,-1.563076,0.200
2118,47.452925,-89.333400,-1.557428,0.200
2119,47.430024,-89.401908,-1.573486,0.200
2120,47.405328,-89.460920,-1.541851,0.200
2121,47.385422,-89.525292,-1.542930,0.200
2122,47.356961,-89.598447,-1.544684,0.200
2123,47.332397,-89.664870,-1.557704,0.200
2124,47.317342,-89.736079,-1.554308,0.200
2125,47.294509,-89.810805,-1.571215,0.200
2126,47.270850,-89.869799,-1.548714,0.200
2127,47.257405,-89.935744,-1.550265,0.200
2128,47.240379,-90.007725,-1.549686,0.200
2129,47.216626,-90.072168,-1.551136,0.200
2130,47.189544,-90.145115,-1.533403,0.200
2131,47.168469,-90.220701,-1.541506,0.200
2132,47.158822,-90.292453,-1.538387,0.200
2133,47.146574,-90.365684,-1.531321,0.200
2134,47.128023,-90.430201,-1.552561,0.200
2135,47.113353,-90.496965,-1.560656,0.200
2136,47.093324,-90.564594,-1.547468,0.200
2137,47.072499,-90.624173,-1.533472,0.200
2138,47.043354,-90.682703,-1.531784,0.200
2139,47.033419,-90.746270,-1.545669,0.200
2140,47.008350,-90.818781,-1.537712,0.200
2141,46.994394,-90.882568,-1.547400,0.200
2142,46.977137,-90.957591,-1.531277,0.200
2143,46.958549,-91.020393,-1.530101,0.200
2144,46.927944,-91.088065,-1.526747,0.200
2145,46.906600,-91.168225,-1.518808,0.200
2146,46.863496,-91.238495,-1.527638,0.200
2147,46.840156,-91.309718,-1.524616,0.200
2148,46.811072,-91.378839,-1.532848,0.200
2149,46.790501,-91.442345,-1.510316,0.200
2150,46.792134,-91.508723,-1.522999,0.200
2151,46.773608,-91.577826,-1.515456,0.200
2152,46.758749,-91.637709,-1.518466,0.200
2153,46.756010,-91.707275,-1.507504,0.200
2154,46.745413,-91.781479,-1.519636,0.200
2155,46.727456,-91.860227,-1.507564,0.200
2156,46.720501,-91.926555,-1.504280,0.200
2157,46.704468,-91.988168,-1.530048,0.200
2158,46.689276,-92.055655,-1.525077,0.200
2159,46.667810,-92.125994,-1.514787,0.200
2160,46.642048,-92.189403,-1.515826,0.200
2161,46.619463,-92.248279,-1.509323,0.200
2162,46.606684,-92.313322,-1.514460,0.200
2163,46.599292,-92.386567,-1.514698,0.200
2164,46.588569,-92.448368,-1.543669,0.200
2165,46.576205,-92.515682,-1.535324,0.200
2166,46.559929,-92.592849,-1.520180,0.200
2167,46.533546,-92.662856,-1.516170,0.200
2168,46.523337,-92.752693,-1.502937,0.200
2169,46.497345,-92.820446,-1.519058,0.200
2170,46.481820,-92.882421,-1.525193,0.200
2171,46.461664,-92.953902,-1.509176,0.200
2172,46.439997,-93.032366,-1.513393,0.200
2173,46.421402,-93.094656,-1.502836,0.200
2174,46.407612,-93.166451,-1.502061,0.200
2175,46.381350,-93.235106,-1.517196,0.200
2176,46.372644,-93.306915,-1.525708,0.200
2177,46.366770,-93.383182,-1.515075,0.200
2178,46.350220,-93.443455,-1.498836,0.200
2179,46.332786,-93.505857,-1.502241,0.200
2180,46.323255,-93.574094,-1.500397,0.200
2181,46.297583,-93.646058,-1.509997,0.200
2182,46.281360,-93.709819,-1.511553,0.200
2183,46.266179,-93.791966,-1.517326,0.200
2184,46.239260,-93.858085,-1.480747,0.200
2185,46.220727,-93.926600,-1.489894,0.200
2186,46.208769,-94.003348,-1.481512,0.200
2187,46.197760,-94.068110,-1.492841,0.200
2188,46.186786,-94.152123,-1.487710,0.200
2189,46.169302,-94.221742,-1.489170,0.200
2190,46.154043,-94.286311,-1.481397,0.200
2191,46.140992,-94.359513,-1.484710,0.200
2192,46.126090,-94.425867,-1.486226,0.200
2193,46.119391,-94.488775,-1.505817,0.200
2194,46.109857,-94.568174,-1.500935,0.200
2195,46.089309,-94.644216,-1.503785,0.200
2196,46.077866,-94.701857,-1.492134,0.200
2197,46.062661,-94.777925,-1.486551,0.200
2198,46.038577,-94.849895,-1.490112,0.200
2199,46.029341,-94.915218,-1.490185,0.200
2200,46.016704,-94.992580,-1.486983,0.200
2201,46.005383,-95.057038,-1.484448,0.200
2202,45.991179,-95.118133,-1.480354,0.200
2203,45.972746,-95.195838,-1.478769,0.200
2204,45.950608,-95.266038,-1.493093,0.200
2205,45.937314,-95.335429,-1.499197,0.200
2206,45.920138,-95.415116,-1.499725,0.200
2207,45.895893,-95.484677,-1.472824,0.200
2208,45.877097,-95.549076,-1.478612,0.200
2209,45.855672,-95.625134,-1.473944,0.200
2210,45.829301,-95.687023,-1.488092,0.200
2211,45.813895,-95.759507,-1.495251,0.200
2212,45.800498,-95.838900,-1.497845,0.200
2213,45.790148,-95.901390,-1.470618,0.200
2214,45.774204,-95.972927,-1.479114,0.200
2215,45.760130,-96.050085,-1.482965,0.200
2216,45.753279,-96.120395,-1.491839,0.200
2217,45.748776,-96.178042,-1.486622,0.200
2218,45.731010,-96.251708,-1.501356,0.200
2219,45.715971,-96.296035,-1.468315,0.200
2220,45.699308,-96.350556,-1.460102,0.200
2221,45.691241,-96.427923,-1.463601,0.200
2222,45.674119,-96.492276,-1.479900,0.200
2223,45.663732,-96.569083,-1.492089,0.200
2224,45.652755,-96.653949,-1.487668,0.200
2225,45.645652,-96.716380,-1.462175,0.200
2226,45.636962,-96.780630,-1.474459,0.200
2227,45.629063,-96.851115,-1.470851,0.200
2228,45.606593,-96.914013,-1.480788,0.200
2229,45.590583,-96.983588,-1.472083,0.200
2230,45.587604,-97.055857,-1.484142,0.200
2231,45.566504,-97.119487,-1.448637,0.200
2232,45.550086,-97.197096,-1.446437,0.200
2233,45.536091,-97.268386,-1.439330,0.200
2234,45.519429,-97.334814,-1.439208,0.200
2235,45.504242,-97.403821,-1.418431,0.200
2236,45.492198,-97.477870,-1.419753,0.200
2237,45.477987,-97.540607,-1.413092,0.200
2238,45.473388,-97.618654,-1.412190,0.200
2239,45.470970,-97.692125,-1.420823,0.200
2240,45.467249,-97.766377,-1.425509,0.200
2241,45.459700,-97.843499,-1.413616,0.200
2242,45.438097,-97.899749,-1.421991,0.200
2243,45.429631,-97.965519,-1.421023,0.200
2244,45.424106,-98.037194,-1.411366,0.200
2245,45.407261,-98.103100,-1.423088,0.200
2246,45.397351,-98.172517,-1.421740,0.200
2247,45.389984,-98.237034,-1.433411,0.200
2248,45.373661,-98.308709,-1.413895,0.200
2249,45.364652,-98.375602,-1.417254,0.200
2250,45.353860,-98.457955,-1.421034,0.200
2251,45.340869,-98.523157,-1.423279,0.200
2252,45.329709,-98.597656,-1.414914,0.200
2253,45.314463,-98.676952,-1.410776,0.200
2254,45.304316,-98.742173,-1.399366,0.200
2255,45.305000,-98.814690,-1.401205,0.200
2256,45.288428,-98.883688,-1.394976,0.200
2257,45.274047,-98.949654,-1.410515,0.200
2258,45.265956,-99.022199,-1.395716,0.200
2259,45.256258,-99.095669,-1.399246,0.200
2260,45.245207,-99.157802,-1.390662,0.200
2261,45.244157,-99.230689,-1.396418,0.200
2262,45.234141,-99.300749,-1.394523,0.200
2263,45.224772,-99.365425,-1.397070,0.200
2264,45.221629,-99.438171,-1.395734,0.200
2265,45.207499,-99.514727,-1.383142,0.200
2266,45.197610,-99.580311,-1.384828,0.200
2267,45.198126,-99.655909,-1.388196,0.200
2268,45.182353,-99.722960,-1.403332,0.200
2269,45.177640,-99.796103,-1.406503,0.200
2270,45.177246,-99.871503,-1.393259,0.200
2271,45.154398,-99.934815,-1.387435,0.200
2272,45.138326,-99.990876,-1.379749,0.200
2273,45.124895,-100.070174,-1.381329,0.200
2274,45.122423,-100.137814,-1.381525,0.200
2275,45.117849,-100.210484,-1.390597,0.200
2276,45.102012,-100.284289,-1.397897,0.200
2277,45.099363,-100.354437,-1.371285,0.200
2278,45.098917,-100.429079,-1.384220,0.200
2279,45.075498,-100.504840,-1.374951,0.200
2280,45.065257,-100.566083,-1.375580,0.200
2281,45.063520,-100.633794,-1.356330,0.200
2282,45.064370,-100.713784,-1.364117,0.200
2283,45.056173,-100.786998,-1.355549,0.200
2284,45.058799,-100.865544,-1.353077,0.200
2285,45.039909,-100.931514,-1.369679,0.200
2286,45.034988,-100.993105,-1.374658,0.200
2287,45.024696,-101.065682,-1.365698,0.200
2288,45.016231,-101.134609,-1.356862,0.200
2289,45.001775,-101.206348,-1.352709,0.200
2290,44.998085,-101.279071,-1.358018,0.200
2291,44.986515,-101.351514,-1.358726,0.200
2292,44.992939,-101.417254,-1.369390,0.200
2293,44.995287,-101.492419,-1.360019,0.200
2294,44.992456,-101.574112,-1.358463,0.200
2295,44.990251,-101.639416,-1.355357,0.200
2296,44.992404,-101.722361,-1.346203,0.200
2297,44.980738,-101.802587,-1.351839,0.200
2298,44.976197,-101.875511,-1.351971,0.200
2299,44.973475,-101.948843,-1.354694,0.200
2300,44.957507,-102.014045,-1.349173,0.200
2301,44.964543,-102.079545,-1.349044,0.200
2302,44.969214,-102.156028,-1.345581,0.200
2303,44.973411,-102.219160,-1.355454,0.200
2304,44.974248,-102.298970,-1.354557,0.200
2305,44.973524,-102.371423,-1.360702,0.200
2306,44.961374,-102.435673,-1.341745,0.200
2307,44.949652,-102.505829,-1.338460,0.200
2308,44.931509,-102.571418,-1.331260,0.200
2309,44.917894,-102.637035,-1.350977,0.200
2310,44.914708,-102.706123,-1.347604,0.200
2311,44.906976,-102.783372,-1.358042,0.200
2312,44.891735,-102.853397,-1.338761,0.200
2313,44.894097,-102.920937,-1.341356,0.200
2314,44.899514,-102.993713,-1.342926,0.200
2315,44.895046,-103.068039,-1.349965,0.200
2316,44.896219,-103.143535,-1.353928,0.200
2317,44.894553,-103.217324,-1.340045,0.200
2318,44.875486,-103.282237,-1.328946,0.200
2319,44.863372,-103.355838,-1.333785,0.200
2320,44.857531,-103.429261,-1.322611,0.200
2321,44.857947,-103.490554,-1.346695,0.200
2322,44.870155,-103.557400,-1.356200,0.200
2323,44.884041,-103.629585,-1.349120,0.200
2324,44.877331,-103.699600,-1.321660,0.200
2325,44.874382,-103.769286,-1.333329,0.200
2326,44.876395,-103.842599,-1.328881,0.200
2327,44.867916,-103.907699,-1.341731,0.200
2328,44.864861,-103.984960,-1.341502,0.200
2329,44.856709,-104.062492,-1.342535,0.200
2330,44.844496,-104.139982,-1.326049,0.200
2331,44.843778,-104.209651,-1.326699,0.200
2332,44.832787,-104.290640,-1.320335,0.200
2333,44.819919,-104.365047,-1.331858,0.200
2334,44.827385,-104.441893,-1.325175,0.200
2335,44.830911,-104.516433,-1.325930,0.200
2336,44.826791,-104.584174,-1.317319,0.200
2337,44.830268,-104.651188,-1.319009,0.200
2338,44.828103,-104.711201,-1.320957,0.200
2339,44.822647,-104.769643,-1.325983,0.200
2340,44.820355,-104.838717,-1.309712,0.200
2341,44.819498,-104.897827,-1.317118,0.200
2342,44.816617,-104.959224,-1.307656,0.200
2343,44.813773,-105.043707,-1.305376,0.200
2344,44.804068,-105.112817,-1.312666,0.200
2345,44.797664,-105.178243,-1.313091,0.200
2346,44.793982,-105.261885,-1.299320,0.200
2347,44.788274,-105.335433,-1.301337,0.200
2348,44.784674,-105.408848,-1.294893,0.200
2349,44.790472,-105.483695,-1.290814,0.200
2350,44.798391,-105.555983,-1.306492,0.200
2351,44.805784,-105.631738,-1.310081,0.200
2352,44.806325,-105.695872,-1.311539,0.200
2353,44.804158,-105.756647,-1.289984,0.200
2354,44.795794,-105.817630,-1.289232,0.200
2355,44.796591,-105.890822,-1.287997,0.200
2356,44.787104,-105.956455,-1.294583,0.200
2357,44.786036,-106.028823,-1.296271,0.200
2358,44.785697,-106.102728,-1.309049,0.200
2359,44.783569,-106.170457,-1.288172,0.200
2360,44.794891,-106.234663,-1.292086,0.200
2361,44.794933,-106.305905,-1.289172,0.200
2362,44.793209,-106.372000,-1.298201,0.200
2363,44.792669,-106.444057,-1.292399,0.200
2364,44.790899,-106.519135,-1.291007,0.200
2365,44.791969,-106.584194,-1.275446,0.200
2366,44.791055,-106.648197,-1.278769,0.200
2367,44.794176,-106.717921,-1.264594,0.200
2368,44.787650,-106.791389,-1.287561,0.200
2369,44.788204,-106.858894,-1.284349,0.200
2370,44.782815,-106.941562,-1.279793,0.200
2371,44.777115,-107.010351,-1.271263,0.200
2372,44.786745,-107.080533,-1.277141,0.200
2373,44.783125,-107.159908,-1.272723,0.200
2374,44.779950,-107.228645,-1.277676,0.200
2375,44.776796,-107.306189,-1.263550,0.200
2376,44.776291,-107.391304,-1.271922,0.200
2377,44.780605,-107.458370,-1.260237,0.200
2378,44.786432,-107.537256,-1.254473,0.200
2379,44.771178,-107.608265,-1.270561,0.200
2380,44.767879,-107.683203,-1.274442,0.200
2381,44.767615,-107.763459,-1.257311,0.200
2382,44.764378,-107.828138,-1.263135,0.200
2383,44.766975,-107.885508,-1.255160,0.200
2384,44.777485,-107.950643,-1.256655,0.200
2385,44.777058,-108.015358,-1.265238,0.200
2386,44.786973,-108.093105,-1.279659,0.200
2387,44.794512,-108.163879,-1.255196,0.200
2388,44.799698,-108.222898,-1.257254,0.200
2389,44.799548,-108.278694,-1.249378,0.200
2390,44.799861,-108.349992,-1.263017,0.200
2391,44.797339,-108.425030,-1.258271,0.200
2392,44.807081,-108.489455,-1.266104,0.200
2393,44.809918,-108.568074,-1.252981,0.200
2394,44.804566,-108.650038,-1.252924,0.200
2395,44.808903,-108.713883,-1.250804,0.200
2396,44.815826,-108.792101,-1.246757,0.200
2397,44.812742,-108.858499,-1.256560,0.200
2398,44.817583,-108.924180,-1.254873,0.200
2399,44.821658,-108.994681,-1.243003,0.200
2400,44.818297,-109.066092,-1.246999,0.200
2401,44.821156,-109.132524,-1.245446,0.200
2402,44.831191,-109.199816,-1.236369,0.200
2403,44.832546,-109.268732,-1.249158,0.200
2404,44.837807,-109.341681,-1.250484,0.200
2405,44.848064,-109.416742,-1.257128,0.200
2406,44.848615,-109.488921,-1.238710,0.200
2407,44.855585,-109.563446,-1.244579,0.200
2408,44.856786,-109.646414,-1.241589,0.200
2409,44.853129,-109.704552,-1.240662,0.200
2410,44.853893,-109.774605,-1.231666,0.200
2411,44.852847,-109.847010,-1.250159,0.200
2412,44.848816,-109.909440,-1.223342,0.200
2413,44.851027,-109.974422,-1.231635,0.200
2414,44.856576,-110.041117,-1.232569,0.200
2415,44.860399,-110.099996,-1.239855,0.200
2416,44.868726,-110.169858,-1.236890,0.200
2417,44.877587,-110.240197,-1.244755,0.200
2418,44.881892,-110.308619,-1.228981,0.200
2419,44.888696,-110.386183,-1.235665,0.200
2420,44.896604,-110.455538,-1.233891,0.200
2421,44.899456,-110.520222,-1.235849,0.200
2422,44.906304,-110.583831,-1.227828,0.200
2423,44.912034,-110.650513,-1.246881,0.200
2424,44.914215,-110.704568,-1.221114,0.200
2425,44.923591,-110.763124,-1.222087,0.200
2426,44.915673,-110.835816,-1.235763,0.200
2427,44.911344,-110.909099,-1.227635,0.200
2428,44.913875,-110.976494,-1.221001,0.200
2429,44.923899,-111.043802,-1.242889,0.200
2430,44.925126,-111.103576,-1.209066,0.200
2431,44.939471,-111.165460,-1.210707,0.200
2432,44.952489,-111.227418,-1.220776,0.200
2433,44.952931,-111.292240,-1.220079,0.200
2434,44.968181,-111.364492,-1.222063,0.200
2435,44.976762,-111.434237,-1.231707,0.200
2436,44.978374,-111.485505,-1.216103,0.200
2437,44.977445,-111.528884,-1.200785,0.200
2438,44.981059,-111.580458,-1.202531,0.200
2439,44.983544,-111.634469,-1.207089,0.200
2440,44.982528,-111.667842,-1.207812,0.200
2441,44.977523,-111.680969,-1.208008,0.200
2442,44.979950,-111.676146,-1.211891,0.200
2443,44.981122,-111.671576,-1.218207,0.200
2444,44.977375,-111.676545,-1.216559,0.200
2445,44.976288,-111.676991,-1.216985,0.200
2446,44.979441,-111.679956,-1.219990,0.200
2447,44.980084,-111.684849,-1.216336,0.200
2448,44.989454,-111.682934,-1.214924,0.200
2449,44.991565,-111.680095,-1.209042,0.200
2450,44.998221,-111.681297,-1.187778,0.200
2451,45.012433,-111.678470,-1.151204,0.200
2452,45.026194,-111.680584,-1.099916,0.200
2453,45.041385,-111.686900,-1.056684,0.200
2454,45.048015,-111.689856,-1.015596,0.200
2455,45.057547,-111.688247,-0.974437,0.200
2456,45.062772,-111.686935,-0.937195,0.200
2457,45.066786,-111.682898,-0.895226,0.200
2458,45.075833,-111.679101,-0.841147,0.200
2459,45.085123,-111.668707,-0.764536,0.200
2460,45.103133,-111.663213,-0.673263,0.200
2461,45.131593,-111.627729,-0.548171,0.200
2462,45.145429,-111.602111,-0.454580,0.200
2463,45.148369,-111.592271,-0.346214,0.200
2464,45.155508,-111.571672,-0.289479,0.200
2465,45.163841,-111.552622,-0.246501,0.200
2466,45.167745,-111.537013,-0.212900,0.200
2467,45.164558,-111.536419,-0.222789,0.200
2468,45.159142,-111.528585,-0.231863,0.200
2469,45.158179,-111.516162,-0.231559,0.200
2470,45.152084,-111.512440,-0.228507,0.200
2471,45.151862,-111.513379,-0.227504,0.200
2472,45.155655,-111.512324,-0.225662,0.200
2473,45.156892,-111.514446,-0.224572,0.200
2474,45.154527,-111.519507,-0.224190,0.200
2475,45.156800,-111.514948,-0.223268,0.200
2476,45.157801,-111.514803,-0.227509,0.200
2477,45.162884,-111.516373,-0.228906,0.200
2478,45.178312,-111.521949,-0.229778,0.200
2479,45.199897,-111.526053,-0.227012,0.200
2480,45.212071,-111.540087,-0.215433,0.200
2481,45.240730,-111.558024,-0.216906,0.200
2482,45.264701,-111.576818,-0.204293,0.200
2483,45.289140,-111.590849,-0.192799,0.200
2484,45.328552,-111.601415,-0.196393,0.200
2485,45.378311,-111.608370,-0.207470,0.200
2486,45.409698,-111.619067,-0.217796,0.200
2487,45.445765,-111.631873,-0.233201,0.200
2488,45.493232,-111.634380,-0.212163,0.200
2489,45.522158,-111.652952,-0.212939,0.200
2490,45.556356,-111.678698,-0.210778,0.200
2491,45.589458,-111.706349,-0.225127,0.200
2492,45.643955,-111.728984,-0.249855,0.200
2493,45.685304,-111.746300,-0.276567,0.200
2494,45.721405,-111.774063,-0.310215,0.200
2495,45.761464,-111.805384,-0.351225,0.200
2496,45.789386,-111.835094,-0.369531,0.200
2497,45.816011,-111.851723,-0.359025,0.200
2498,45.851964,-111.879237,-0.349901,0.200
2499,45.897585,-111.900128,-0.375267,0.200
2500,45.933841,-111.921008,-0.379038,0.200
2501,45.978697,-111.932977,-0.395599,0.200
2502,46.026016,-111.952919,-0.388397,0.200
2503,46.074930,-111.974497,-0.378436,0.200
2504,46.117480,-111.997012,-0.365642,0.200
2505,46.160746,-112.019572,-0.366483,0.200
2506,46.215255,-112.043688,-0.366539,0.200
2507,46.250552,-112.062887,-0.372939,0.200
2508,46.293818,-112.090705,-0.377478,0.200
2509,46.349108,-112.124055,-0.368810,0.200
2510,46.389319,-112.150399,-0.369237,0.200
2511,46.430514,-112.168181,-0.360899,0.200
2512,46.492786,-112.204834,-0.366405,0.200
2513,46.538994,-112.236865,-0.377044,0.200
2514,46.582325,-112.261523,-0.377321,0.200
2515,46.631928,-112.280285,-0.379346,0.200
2516,46.684471,-112.309457,-0.381536,0.200
2517,46.720363,-112.330036,-0.358406,0.200
2518,46.752983,-112.349992,-0.351882,0.200
2519,46.807116,-112.381574,-0.363601,0.200
2520,46.853522,-112.403136,-0.364067,0.200
2521,46.893804,-112.425913,-0.373485,0.200
2522,46.947230,-112.456076,-0.366661,0.200
2523,46.998280,-112.483111,-0.360703,0.200
2524,47.040772,-112.510182,-0.342568,0.200
2525,47.093968,-112.538605,-0.340779,0.200
2526,47.145419,-112.556385,-0.347514,0.200
2527,47.185867,-112.567729,-0.360161,0.200
2528,47.232384,-112.583178,-0.370354,0.200
2529,47.287061,-112.611038,-0.356048,0.200
2530,47.334449,-112.639609,-0.353535,0.200
2531,47.377454,-112.664148,-0.341738,0.200
2532,47.428114,-112.694710,-0.344709,0.200
2533,47.480758,-112.720012,-0.352046,0.200
2534,47.524158,-112.737608,-0.355655,0.200
2535,47.575866,-112.756328,-0.357254,0.200
2536,47.637776,-112.774144,-0.365818,0.200
2537,47.674650,-112.800875,-0.346007,0.200
2538,47.724029,-112.824894,-0.345982,0.200
2539,47.780590,-112.850776,-0.350811,0.200
2540,47.829167,-112.880653,-0.358763,0.200
2541,47.881455,-112.903824,-0.367261,0.200
2542,47.934091,-112.931475,-0.351868,0.200
2543,47.986269,-112.957921,-0.348739,0.200
2544,48.028431,-112.986726,-0.336671,0.200
2545,48.080789,-113.019555,-0.335606,0.200
2546,48.135410,-113.053212,-0.347384,0.200
2547,48.180677,-113.085636,-0.345301,0.200
2548,48.234211,-113.109043,-0.348480,0.200
2549,48.292389,-113.140701,-0.360189,0.200
2550,48.342315,-113.172945,-0.330556,0.200
2551,48.386430,-113.193144,-0.331776,0.200
2552,48.432686,-113.219424,-0.338327,0.200
2553,48.473590,-113.238032,-0.347940,0.200
2554,48.531622,-113.258190,-0.353335,0.200
2555,48.594393,-113.286505,-0.338678,0.200
2556,48.654115,-113.313302,-0.341660,0.200
2557,48.699739,-113.335001,-0.329280,0.200
2558,48.761524,-113.363301,-0.327721,0.200
2559,48.798640,-113.382789,-0.335049,0.200
2560,48.847568,-113.403711,-0.341075,0.200
2561,48.898482,-113.421960,-0.332442,0.200
2562,48.943593,-113.445730,-0.330829,0.200
2563,48.995846,-113.476930,-0.315766,0.200
2564,49.045152,-113.510473,-0.307668,0.200
2565,49.100523,-113.527919,-0.315510,0.200
2566,49.144895,-113.536558,-0.313573,0.200
2567,49.196838,-113.552685,-0.309570,0.200
2568,49.248382,-113.571034,-0.291676,0.200
2569,49.292415,-113.588254,-0.273341,0.200
2570,49.340461,-113.612433,-0.254947,0.200
2571,49.395119,-113.637628,-0.258254,0.200
2572,49.450492,-113.653782,-0.268517,0.200
2573,49.498417,-113.667981,-0.269101,0.200
2574,49.547301,-113.685371,-0.257274,0.200
2575,49.602330,-113.705619,-0.256617,0.200
2576,49.653841,-113.733314,-0.238974,0.200
2577,49.704229,-113.753735,-0.245837,0.200
2578,49.752638,-113.767974,-0.257333,0.200
2579,49.806372,-113.788636,-0.253870,0.200
2580,49.869201,-113.800514,-0.258231,0.200
2581,49.927858,-113.817515,-0.245784,0.200
2582,49.966545,-113.825650,-0.249681,0.200
2583,50.005345,-113.844680,-0.232022,0.200
2584,50.057752,-113.862945,-0.231840,0.200
2585,50.104139,-113.875597,-0.245419,0.200
2586,50.150686,-113.882092,-0.248770,0.200
2587,50.216535,-113.900640,-0.241545,0.200
2588,50.266591,-113.916412,-0.240537,0.200
2589,50.314765,-113.936418,-0.203276,0.200
2590,50.375954,-113.949506,-0.201890,0.200
2591,50.436869,-113.961551,-0.192356,0.200
2592,50.481563,-113.968931,-0.183512,0.200
2593,50.530546,-113.967423,-0.187538,0.200
2594,50.591837,-113.979553,-0.179051,0.200
2595,50.635948,-113.992539,-0.168782,0.200
2596,50.681150,-114.010027,-0.152465,0.200
2597,50.741015,-114.043741,-0.152392,0.200
2598,50.783903,-114.055094,-0.165931,0.200
2599,50.827044,-114.066358,-0.165098,0.200
2600,50.884111,-114.081230,-0.162934,0.200
2601,50.943341,-114.091825,-0.162898,0.200
2602,50.990956,-114.105550,-0.142513,0.200
2603,51.050097,-114.114728,-0.153022,0.200
2604,51.112328,-114.123937,-0.159064,0.200
2605,51.162815,-114.135297,-0.160008,0.200
2606,51.221284,-114.145175,-0.161331,0.200
2607,51.283841,-114.158151,-0.167011,0.200
2608,51.343284,-114.172782,-0.136304,0.200
2609,51.400777,-114.183795,-0.145916,0.200
2610,51.459306,-114.195585,-0.147504,0.200
2611,51.521387,-114.209207,-0.151961,0.200
2612,51.593099,-114.224949,-0.146670,0.200
2613,51.670873,-114.236325,-0.148924,0.200
2614,51.730837,-114.249408,-0.136299,0.200
2615,51.812216,-114.259886,-0.144167,0.200
2616,51.869946,-114.273298,-0.154024,0.200
2617,51.930233,-114.285539,-0.157948,0.200
2618,51.985943,-114.298105,-0.149149,0.200
2619,52.051746,-114.312786,-0.145177,0.200
2620,52.107472,-114.328334,-0.132935,0.200
2621,52.170069,-114.336905,-0.135286,0.200
2622,52.236197,-114.353998,-0.147379,0.200
2623,52.285446,-114.361906,-0.145766,0.200
2624,52.344598,-114.371508,-0.134008,0.200
2625,52.403986,-114.383980,-0.132530,0.200
2626,52.456838,-114.395917,-0.122107,0.200
2627,52.522129,-114.401381,-0.122628,0.200
2628,52.580991,-114.410527,-0.133992,0.200
2629,52.649448,-114.415899,-0.134603,0.200
2630,52.734706,-114.428174,-0.129554,0.200
2631,52.788199,-114.438663,-0.127769,0.200
2632,52.847216,-114.455792,-0.123469,0.200
2633,52.921224,-114.472062,-0.121090,0.200
2634,52.984248,-114.488343,-0.138639,0.200
2635,53.054382,-114.504467,-0.137550,0.200
2636,53.130140,-114.522771,-0.146481,0.200
2637,53.185456,-114.532814,-0.116465,0.200
2638,53.249242,-114.544635,-0.118114,0.200
2639,53.315713,-114.557664,-0.125003,0.200
2640,53.380700,-114.565095,-0.126841,0.200
2641,53.436717,-114.575051,-0.121355,0.200
2642,53.517205,-114.588691,-0.126293,0.200
2643,53.572587,-114.602669,-0.098201,0.200
2644,53.614910,-114.613928,-0.116263,0.200
2645,53.680040,-114.618508,-0.127110,0.200
2646,53.740037,-114.619318,-0.127440,0.200
2647,53.792387,-114.614435,-0.124329,0.200
2648,53.861312,-114.628391,-0.118911,0.200
2649,53.919319,-114.639852,-0.100982,0.200
2650,53.989687,-114.659140,-0.104671,0.200
2651,54.058043,-114.671172,-0.116177,0.200
2652,54.118051,-114.679628,-0.123738,0.200
2653,54.193827,-114.696551,-0.125300,0.200
2654,54.264682,-114.714506,-0.141033,0.200
2655,54.318922,-114.739394,-0.155956,0.200
2656,54.371065,-114.766857,-0.195502,0.200
2657,54.407683,-114.793570,-0.243955,0.200
2658,54.457042,-114.815622,-0.261450,0.200
2659,54.517246,-114.834045,-0.251756,0.200
2660,54.572850,-114.849072,-0.260072,0.200
2661,54.609516,-114.861662,-0.241037,0.200
2662,54.664164,-114.881249,-0.248780,0.200
2663,54.712673,-114.899405,-0.255571,0.200
2664,54.760347,-114.913630,-0.259370,0.200
2665,54.821242,-114.938503,-0.257009,0.200
2666,54.892159,-114.963013,-0.254786,0.200
2667,54.952238,-114.989395,-0.237536,0.200
2668,55.010228,-115.014881,-0.242956,0.200
2669,55.082612,-115.038217,-0.248500,0.200
2670,55.135638,-115.061649,-0.252022,0.200
2671,55.203525,-115.085800,-0.247656,0.200
2672,55.260981,-115.111073,-0.248036,0.200
2673,55.319157,-115.128976,-0.224761,0.200
2674,55.384394,-115.146448,-0.234389,0.200
2675,55.457974,-115.160046,-0.243090,0.200
2676,55.521146,-115.161576,-0.243562,0.200
2677,55.587431,-115.173507,-0.236098,0.200
2678,55.658508,-115.195021,-0.236776,0.200
2679,55.715786,-115.218374,-0.230435,0.200
2680,55.773370,-115.243128,-0.235942,0.200
2681,55.818267,-115.269449,-0.235428,0.200
2682,55.857639,-115.291464,-0.241213,0.200
2683,55.914844,-115.314308,-0.236557,0.200
2684,55.968896,-115.340250,-0.248705,0.200
2685,56.014675,-115.367262,-0.221407,0.200
2686,56.066603,-115.384973,-0.223589,0.200
2687,56.124930,-115.404444,-0.233917,0.200
2688,56.174807,-115.421016,-0.234814,0.200
2689,56.226462,-115.434824,-0.235726,0.200
2690,56.284341,-115.453799,-0.239757,0.200
2691,56.335593,-115.472531,-0.220155,0.200
2692,56.391885,-115.493989,-0.221551,0.200
2693,56.459673,-115.514288,-0.219807,0.200
2694,56.505343,-115.528570,-0.225938,0.200
2695,56.553198,-115.540837,-0.233647,0.200
2696,56.610268,-115.555972,-0.218943,0.200
2697,56.656330,-115.565933,-0.222527,0.200
2698,56.690492,-115.579803,-0.211894,0.200
2699,56.750789,-115.594207,-0.215624,0.200
2700,56.791680,-115.613062,-0.224870,0.200
2701,56.847592,-115.623339,-0.226054,0.200
2702,56.906644,-115.639546,-0.226690,0.200
2703,56.974953,-115.660680,-0.235509,0.200
2704,57.026892,-115.675315,-0.208921,0.200
2705,57.086972,-115.689451,-0.206796,0.200
2706,57.154394,-115.706526,-0.209371,0.200
2707,57.193539,-115.723475,-0.221825,0.200
2708,57.246122,-115.732725,-0.232437,0.200
2709,57.306888,-115.750954,-0.220375,0.200
2710,57.362822,-115.765935,-0.219008,0.200
2711,57.509380,-115.815753,-0.218441,0.200
2712,57.548995,-115.827309,-0.212865,0.200
2713,57.619981,-115.843888,-0.214019,0.200
2714,57.689694,-115.864016,-0.219332,0.200
2715,57.732060,-115.876241,-0.189683,0.200
2716,57.775168,-115.892589,-0.193916,0.200
2717,57.833731,-115.911625,-0.203300,0.200
2718,57.878363,-115.928322,-0.214066,0.200
2719,57.930034,-115.938937,-0.216940,0.200
2720,57.988540,-115.954726,-0.203372,0.200
2721,58.039504,-115.968773,-0.204775,0.200
2722,58.073894,-115.983921,-0.184320,0.200
2723,58.116615,-115.998517,-0.184179,0.200
2724,58.183408,-116.012548,-0.197722,0.200
2725,58.226607,-116.025001,-0.203495,0.200
2726,58.292953,-116.038172,-0.205803,0.200
2727,58.356139,-116.051043,-0.208762,0.200
2728,58.409563,-116.066066,-0.183151,0.200
2729,58.466788,-116.084794,-0.185182,0.200
2730,58.532993,-116.103425,-0.192043,0.200
2731,58.573224,-116.116091,-0.201831,0.200
2732,58.629042,-116.126713,-0.212372,0.200
2733,58.687927,-116.141361,-0.201289,0.200
2734,58.740829,-116.159784,-0.197754,0.200
2735,58.788753,-116.169994,-0.182192,0.200
2736,58.827313,-116.188498,-0.181238,0.200
2737,58.890927,-116.201523,-0.200146,0.200
2738,58.929222,-116.206442,-0.201162,0.200
2739,58.986508,-116.214671,-0.207123,0.200
2740,59.058878,-116.231855,-0.205425,0.200
2741,59.104928,-116.247259,-0.177642,0.200
2742,59.160689,-116.267616,-0.181198,0.200
2743,59.221697,-116.282314,-0.193729,0.200
2744,59.270256,-116.297507,-0.192686,0.200
2745,59.313540,-116.308273,-0.200065,0.200
2746,59.368762,-116.325380,-0.189039,0.200
2747,59.388168,-116.328286,-0.192373,0.200
2748,59.394992,-116.332128,-0.194701,0.200
2749,59.389014,-116.329995,-0.188410,0.200
2750,59.377224,-116.331379,-0.188526,0.200
2751,59.372718,-116.330187,-0.192556,0.200
2752,59.379826,-116.331462,-0.188781,0.200
2753,59.376289,-116.330302,-0.181540,0.200
2754,59.373594,-116.330072,-0.182255,0.200
2755,59.383940,-116.332927,-0.181886,0.200
2756,59.383300,-116.330632,-0.182450,0.200
2757,59.378672,-116.329273,-0.186002,0.200
2758,59.377687,-116.326454,-0.194019,0.200
2759,59.373000,-116.327420,-0.198824,0.200
2760,59.368542,-116.329453,-0.203601,0.200
2761,59.363403,-116.331522,-0.205474,0.200
2762,59.369027,-116.334787,-0.203728,0.200
2763,59.366999,-116.333884,-0.203671,0.200
2764,59.360380,-116.335484,-0.203992,0.200
2765,59.360615,-116.333373,-0.204799,0.200
2766,59.358688,-116.330081,-0.203678,0.200
2767,59.369237,-116.327172,-0.203381,0.200
2768,59.367841,-116.327951,-0.203960,0.200
2769,59.375912,-116.329319,-0.204389,0.200
2770,59.387602,-116.329737,-0.206040,0.200
2771,59.392400,-116.333172,-0.204156,0.200
2772,59.399315,-116.336401,-0.204122,0.200
2773,59.398867,-116.339130,-0.204440,0.200
2774,59.404035,-116.344262,-0.204838,0.200
2775,59.399516,-116.345253,-0.205395,0.200
2776,59.385101,-116.340087,-0.204749,0.200
2777,59.387468,-116.338897,-0.204182,0.200
2778,59.382263,-116.338111,-0.204471,0.200
2779,59.381551,-116.331348,-0.205127,0.200
2780,59.380768,-116.337079,-0.203712,0.200
2781,59.382512,-116.336922,-0.206621,0.200
2782,59.380624,-116.336208,-0.205295,0.200
2783,59.379448,-116.334503,-0.205177,0.200
2784,59.378643,-116.334136,-0.205690,0.200
2785,59.385916,-116.334481,-0.204185,0.200
2786,59.379868,-116.335249,-0.205441,0.200
2787,59.385939,-116.336524,-0.206059,0.200
2788,59.386915,-116.338347,-0.204588,0.200
2789,59.388812,-116.337980,-0.205466,0.200
2790,59.378678,-116.338252,-0.205046,0.200
2791,59.374977,-116.336132,-0.205909,0.200
2792,59.381413,-116.335202,-0.205362,0.200
2793,59.382144,-116.335475,-0.205669,0.200
2794,59.387210,-116.339062,-0.205409,0.200
2795,59.383711,-116.340283,-0.206452,0.200
2796,59.377999,-116.339546,-0.205653,0.200
2797,59.373700,-116.339578,-0.204849,0.200
2798,59.380376,-116.339597,-0.205979,0.200
2799,59.382053,-116.336590,-0.205010,0.200
2800,59.377823,-116.332113,-0.205848,0.200
2801,59.373432,-116.330322,-0.205460,0.200
2802,59.369666,-116.327132,-0.205701,0.200
2803,59.366783,-116.326602,-0.205648,0.200
2804,59.366319,-116.327797,-0.205449,0.200
2805,59.362958,-116.330799,-0.204343,0.200
2806,59.365539,-116.334571,-0.205742,0.200
2807,59.369313,-116.336876,-0.205902,0.200
2808,59.373824,-116.342677,-0.204548,0.200
2809,59.374490,-116.341775,-0.206262,0.200
2810,59.379854,-116.341116,-0.205579,0.200
2811,59.374841,-116.338243,-0.206459,0.200
2812,59.375846,-116.338971,-0.205117,0.200
2813,59.373979,-116.335571,-0.205133,0.200
2814,59.378550,-116.336786,-0.204578,0.200
2815,59.375789,-116.336866,-0.205039,0.200
2816,59.382804,-116.336082,-0.205434,0.200
2817,59.383321,-116.336913,-0.204047,0.200
