id,x,y,yaw,v
0,-0.056348,0.021611,0.036507,0.200
1,0.407053,0.015241,0.028329,0.200
2,0.894892,0.051785,0.043979,0.200
3,1.479479,0.020290,0.004650,0.200
4,2.082887,0.119346,0.028903,0.200
5,2.585875,0.147491,0.069341,0.200
6,3.007106,0.109068,0.046302,0.200
7,3.500053,0.191699,0.043259,0.200
8,3.983301,0.217945,0.089082,0.200
9,4.405757,0.273088,0.068905,0.200
10,4.849880,0.335958,0.091313,0.200
11,5.262682,0.406694,0.096181,0.200
12,5.698079,0.465179,0.113748,0.200
13,6.166712,0.501790,0.114959,0.200
14,6.584003,0.585310,0.092058,0.200
15,6.976942,0.675449,0.103835,0.200
16,7.438531,0.730028,0.097556,0.200
17,7.845477,0.799256,0.104127,0.200
18,8.273356,0.834663,0.096016,0.200
19,8.713848,0.943721,0.102069,0.200
20,9.204083,1.011083,0.133272,0.200
21,9.617529,1.024831,0.007174,0.200
22,10.036108,1.062532,0.001309,0.200
23,10.454522,1.042885,-0.004315,0.200
24,10.880807,1.071682,-0.000675,0.200
25,11.298786,1.080548,0.007228,0.200
26,11.728175,1.139854,0.014147,0.200
27,12.216830,1.128153,0.028626,0.200
28,12.649084,1.174553,0.017687,0.200
29,13.075233,1.165493,0.019657,0.200
30,13.521195,1.213797,0.027655,0.200
31,13.952508,1.243972,0.034580,0.200
32,14.473489,1.300628,0.050035,0.200
33,14.908994,1.265552,0.017279,0.200
34,15.342181,1.331608,0.021810,0.200
35,15.758639,1.342611,0.009768,0.200
36,16.204289,1.371004,0.021794,0.200
37,16.630907,1.425982,0.021262,0.200
38,17.046416,1.460892,0.010376,0.200
39,17.481693,1.482518,0.056677,0.200
40,17.933115,1.519920,0.064178,0.200
41,18.330318,1.632935,0.052173,0.200
42,18.784652,1.608527,0.066405,0.200
43,19.251489,1.591849,-0.090232,0.200
44,19.661002,1.533981,-0.080681,0.200
45,20.077304,1.495938,-0.091703,0.200
46,20.571556,1.430718,-0.057239,0.200
47,21.098580,1.429633,-0.085750,0.200
48,21.539377,1.405461,-0.079857,0.200
49,21.950805,1.384605,-0.070383,0.200
50,22.473596,1.323038,-0.082751,0.200
51,22.982446,1.292351,-0.070228,0.200
52,23.412906,1.300270,-0.054490,0.200
53,23.820221,1.237666,-0.048158,0.200
54,24.238372,1.216944,-0.059013,0.200
55,24.657412,1.266314,-0.053401,0.200
56,25.083714,1.225874,-0.039552,0.200
57,25.525168,1.169250,-0.020024,0.200
58,25.964295,1.183245,-0.032158,0.200
59,26.426477,1.112878,-0.037209,0.200
60,26.876481,1.103682,-0.039330,0.200
61,27.299724,1.166481,-0.017950,0.200
62,27.678462,0.684993,-0.060373,0.200
63,28.141250,0.650223,-0.068443,0.200
64,28.582435,0.841466,-0.056111,0.200
65,28.989927,0.828200,-0.045961,0.200
66,29.425593,0.809140,-0.030224,0.200
67,29.867384,0.777057,-0.032187,0.200
68,30.286238,0.800432,-0.023521,0.200
69,30.779415,0.887578,-0.024274,0.200
70,31.199785,0.925040,-0.006999,0.200
71,31.711102,0.913816,-0.010442,0.200
72,32.143220,0.969593,-0.002467,0.200
73,32.616951,1.002243,0.002715,0.200
74,33.082069,1.049971,-0.006273,0.200
75,33.515030,1.068842,-0.001371,0.200
76,34.003302,1.147084,0.011344,0.200
77,34.523690,1.199059,0.031131,0.200
78,34.947381,1.241015,0.020194,0.200
79,35.669981,1.349036,0.016147,0.200
80,36.075313,1.351024,0.039997,0.200
81,36.630796,1.298936,-0.017204,0.200
82,37.030629,1.367969,0.002490,0.200
83,37.538256,1.447554,0.011552,0.200
84,37.905045,1.655787,0.036749,0.200
85,38.380099,1.730943,0.059740,0.200
86,38.800755,1.708537,0.059151,0.200
87,39.276194,1.758721,0.068514,0.200
88,39.693735,1.855615,0.073670,0.200
89,40.113438,1.900965,0.058064,0.200
90,40.631933,2.029261,0.080062,0.200
91,41.063712,2.079417,0.031273,0.200
92,41.500984,2.160517,0.033161,0.200
93,42.002985,2.107134,0.011964,0.200
94,42.433637,2.220998,0.022436,0.200
95,42.886465,2.315152,0.045858,0.200
96,43.313336,2.362594,0.022552,0.200
97,43.819220,2.404516,0.049294,0.200
98,44.239559,2.451927,0.053548,0.200
99,44.645606,2.570542,0.061950,0.200
100,45.062882,2.630775,0.053465,0.200
101,45.479351,2.691320,0.063525,0.200
102,45.889284,2.758167,0.073765,0.200
103,46.291579,2.836461,0.064685,0.200
104,46.755138,2.916829,0.097393,0.200
105,47.229831,3.044971,0.091953,0.200
106,47.636872,3.112963,0.102520,0.200
107,48.076369,3.172423,0.033391,0.200
108,48.507958,3.234786,0.059278,0.200
109,48.921240,3.283096,0.059692,0.200
110,49.324068,3.329853,0.060896,0.200
111,49.741022,3.394969,0.064595,0.200
112,50.152841,3.442085,0.065752,0.200
113,50.552243,3.527727,0.088874,0.200
114,51.078323,3.600993,0.059692,0.200
115,51.479224,3.653289,0.068153,0.200
116,51.913298,3.759084,0.056532,0.200
117,52.594717,3.890921,0.066722,0.200
118,53.033011,3.966410,0.087627,0.200
119,53.466023,3.988821,0.087394,0.200
120,53.934695,4.080582,0.083564,0.200
121,54.494246,4.194582,0.075580,0.200
122,54.916445,4.236908,-0.013787,0.200
123,55.492248,4.251915,-0.013373,0.200
124,55.908241,4.270085,-0.022468,0.200
125,56.329402,4.352665,-0.013043,0.200
126,56.776623,4.306783,-0.024734,0.200
127,57.185950,4.383914,0.002015,0.200
128,57.607870,4.429915,0.031412,0.200
129,58.126383,4.493280,0.018717,0.200
130,58.097106,4.022702,-1.303171,0.200
131,58.144106,3.549106,-1.327235,0.200
132,58.130376,3.051716,-1.321800,0.200
133,58.133087,2.621638,-1.315810,0.200
134,58.131310,2.213004,-1.292424,0.200
135,58.166607,1.715281,-1.293712,0.200
136,58.178976,1.294141,-1.297979,0.200
137,58.169353,0.835107,-1.283205,0.200
138,58.191505,0.401162,-1.291184,0.200
139,58.212196,-0.026709,-1.293197,0.200
140,58.223687,-0.449307,-1.291208,0.200
141,58.240135,-0.904820,-1.292299,0.200
142,58.262089,-1.386766,-1.296300,0.200
143,58.262833,-1.902756,-1.283844,0.200
144,58.318822,-2.364788,-1.267338,0.200
145,58.467352,-2.791154,-1.282398,0.200
146,58.368849,-3.209583,-1.268652,0.200
147,58.378160,-3.642343,-1.266058,0.200
148,58.425920,-4.047611,-1.257123,0.200
149,58.452111,-4.582598,-1.256377,0.200
150,58.476566,-4.990515,-1.254676,0.200
151,58.536111,-5.551690,-1.266141,0.200
152,58.545224,-5.965605,-1.262205,0.200
153,58.571855,-6.450473,-1.265713,0.200
154,58.637921,-6.896797,-1.248646,0.200
155,58.699641,-7.470031,-1.278687,0.200
156,58.732713,-8.043363,-1.272392,0.200
157,58.752910,-8.464316,-1.251892,0.200
158,58.829976,-8.877846,-1.247294,0.200
159,58.865268,-9.327679,-1.246554,0.200
160,58.864953,-9.736247,-1.251480,0.200
161,58.906232,-10.167343,-1.230856,0.200
162,59.041730,-10.700041,-1.244592,0.200
163,59.028655,-11.232894,-1.223265,0.200
164,59.072194,-11.639191,-1.234151,0.200
165,59.122852,-12.221235,-1.223773,0.200
166,59.167321,-12.665098,-1.225315,0.200
167,59.253210,-13.102347,-1.223319,0.200
168,59.259869,-13.635923,-1.228282,0.200
169,59.348087,-14.071033,-1.222237,0.200
170,59.393737,-14.494465,-1.213645,0.200
171,59.421659,-14.893658,-1.235655,0.200
172,59.485249,-15.326216,-1.209437,0.200
173,59.520270,-15.755247,-1.267732,0.200
174,59.491179,-16.213677,-1.372405,0.200
175,59.465156,-16.750085,-1.370611,0.200
176,59.470825,-17.206233,-1.377834,0.200
177,59.404881,-17.638422,-1.357931,0.200
178,59.328757,-18.103179,-1.351719,0.200
179,59.368366,-18.566707,-1.375757,0.200
180,59.373431,-18.975697,-1.345995,0.200
181,59.376857,-19.461079,-1.370149,0.200
182,59.428155,-19.900119,-1.354711,0.200
183,59.342956,-20.347183,-1.343382,0.200
184,59.310731,-20.797828,-1.334902,0.200
185,59.348908,-21.244160,-1.318768,0.200
186,59.383129,-21.665044,-1.334225,0.200
187,59.402583,-22.199232,-1.314405,0.200
188,59.515761,-22.626596,-1.282388,0.200
189,59.360569,-23.031882,-1.329915,0.200
190,59.411522,-23.509405,-1.306098,0.200
191,59.393378,-24.082744,-1.306368,0.200
192,59.332469,-24.500896,-1.299360,0.200
193,59.357040,-24.987707,-1.294201,0.200
194,59.414206,-25.695345,-1.298982,0.200
195,59.076463,-26.312377,-1.279399,0.200
196,58.184239,-25.966253,-1.306438,0.200
197,57.693603,-25.844236,-1.306796,0.200
198,57.744100,-26.244759,-1.294252,0.200
199,57.876316,-26.742898,-1.317418,0.200
200,57.822417,-27.178916,-1.312599,0.200
201,57.765965,-27.640297,-1.312130,0.200
202,57.795131,-28.085471,-1.311480,0.200
203,57.734270,-28.553618,-1.303280,0.200
204,57.721281,-29.006769,-1.312588,0.200
205,57.870287,-29.478383,-1.310285,0.200
206,57.664263,-29.893404,-1.281684,0.200
207,57.652448,-30.368305,-1.255881,0.200
208,57.717840,-30.785837,-1.281183,0.200
209,57.707839,-31.186365,-1.289732,0.200
210,57.702870,-31.765741,-1.318760,0.200
211,57.684400,-32.189394,-1.288596,0.200
212,57.646544,-32.634191,-1.278344,0.200
213,57.706158,-33.036708,-1.272777,0.200
214,57.662799,-33.436187,-1.240895,0.200
215,57.698022,-33.883264,-1.241520,0.200
216,57.654003,-34.302621,-1.328402,0.200
217,57.632256,-34.810793,-1.361403,0.200
218,57.633699,-35.281156,-1.357078,0.200
219,57.526179,-35.696029,-1.361449,0.200
220,57.480865,-36.150158,-1.342965,0.200
221,57.442555,-36.550977,-1.350747,0.200
222,57.442429,-36.984401,-1.347339,0.200
223,57.390579,-37.440302,-1.355890,0.200
224,57.360270,-37.844563,-1.340126,0.200
225,57.307413,-38.372164,-1.355270,0.200
226,57.255051,-38.808179,-1.355000,0.200
227,57.205032,-39.261306,-1.350982,0.200
228,57.205338,-39.753267,-1.355001,0.200
229,57.153335,-40.230642,-1.341165,0.200
230,57.095844,-40.652581,-1.345270,0.200
231,57.069242,-41.139395,-1.341990,0.200
232,57.044134,-41.594395,-1.331218,0.200
233,57.043418,-42.072435,-1.321921,0.200
234,57.031729,-42.491887,-1.333549,0.200
235,57.001992,-42.969383,-1.316236,0.200
236,56.948875,-43.395556,-1.320828,0.200
237,56.911367,-43.814328,-1.315513,0.200
238,56.901256,-44.287920,-1.319633,0.200
239,56.799998,-44.726169,-1.320385,0.200
240,56.915368,-45.140372,-1.303108,0.200
241,56.814746,-45.720703,-1.302687,0.200
242,56.838529,-46.159017,-1.318945,0.200
243,56.847294,-46.592136,-1.297560,0.200
244,56.802494,-46.992611,-1.286565,0.200
245,56.774579,-47.477649,-1.290080,0.200
246,56.788702,-47.950904,-1.277920,0.200
247,56.787909,-48.377427,-1.285707,0.200
248,56.810423,-48.831079,-1.252608,0.200
249,56.721132,-49.263531,-1.382978,0.200
250,56.737939,-49.730433,-1.391487,0.200
251,56.633965,-50.165880,-1.386145,0.200
252,56.569619,-50.586920,-1.384316,0.200
253,56.517426,-51.011162,-1.386856,0.200
254,56.486607,-51.454104,-1.383590,0.200
255,56.430083,-51.864434,-1.375104,0.200
256,56.387389,-52.299466,-1.360700,0.200
257,56.333541,-52.727156,-1.348457,0.200
258,56.291193,-53.196137,-1.363018,0.200
259,56.257061,-53.625197,-1.360503,0.200
260,56.229138,-54.075313,-1.361111,0.200
261,56.166209,-54.564494,-1.349607,0.200
262,56.132049,-54.986919,-1.354860,0.200
263,56.086199,-55.481874,-1.365993,0.200
264,56.048991,-55.896719,-1.352682,0.200
265,55.995038,-56.347479,-1.362976,0.200
266,55.981764,-56.816987,-1.362840,0.200
267,55.913226,-57.275046,-1.362833,0.200
268,55.886057,-57.705398,-1.352873,0.200
269,55.844007,-58.122896,-1.351272,0.200
270,55.802724,-58.558445,-1.362568,0.200
271,55.787543,-59.053686,-1.345781,0.200
272,55.757351,-59.510325,-1.342023,0.200
273,55.728473,-59.931292,-1.351180,0.200
274,55.705485,-60.362347,-1.342217,0.200
275,55.649627,-60.812138,-1.333462,0.200
276,55.620004,-61.267311,-1.331588,0.200
277,55.593468,-61.714988,-1.329445,0.200
278,55.561416,-62.157345,-1.325867,0.200
279,55.505210,-62.628794,-1.315308,0.200
280,55.519082,-63.084426,-1.321999,0.200
281,55.483509,-63.502763,-1.318476,0.200
282,55.455243,-63.932797,-1.311523,0.200
283,55.449963,-64.351932,-1.293989,0.200
284,55.447649,-64.799665,-1.306476,0.200
285,55.391120,-65.268258,-1.303511,0.200
286,55.387335,-65.690725,-1.302638,0.200
287,55.361937,-66.121271,-1.298439,0.200
288,55.344482,-66.596618,-1.291080,0.200
289,55.307732,-67.011065,-1.308651,0.200
290,55.303490,-67.427051,-1.297835,0.200
291,55.278028,-67.863699,-1.310379,0.200
292,55.246189,-68.297248,-1.304263,0.200
293,55.272718,-68.765790,-1.302132,0.200
294,55.222785,-69.176724,-1.298475,0.200
295,55.233271,-69.644113,-1.312424,0.200
296,55.219730,-70.098167,-1.280510,0.200
297,55.196172,-70.560144,-1.280019,0.200
298,55.212608,-71.009182,-1.276864,0.200
299,55.207357,-71.463005,-1.284710,0.200
300,55.170772,-71.911597,-1.278257,0.200
301,55.175816,-72.380023,-1.276505,0.200
302,55.144726,-72.791754,-1.287230,0.200
303,55.181270,-73.242710,-1.309733,0.200
304,55.148970,-73.707026,-1.302134,0.200
305,55.088022,-74.128299,-1.289925,0.200
306,55.082175,-74.552847,-1.297315,0.200
307,55.067904,-74.982103,-1.292739,0.200
308,55.056703,-75.493226,-1.289475,0.200
309,55.038458,-75.997627,-1.288795,0.200
310,55.047822,-76.441632,-1.285651,0.200
311,55.025283,-76.898230,-1.286889,0.200
312,54.991743,-77.439843,-1.290016,0.200
313,55.003411,-78.007682,-1.293920,0.200
314,55.038054,-78.530638,-1.287814,0.200
315,54.996160,-79.009304,-1.288435,0.200
316,54.974169,-79.459172,-1.278744,0.200
317,54.968437,-79.919733,-1.293720,0.200
318,54.955197,-80.388557,-1.271383,0.200
319,54.970677,-80.856061,-1.272000,0.200
320,54.973254,-81.268143,-1.278369,0.200
321,54.983772,-81.751487,-1.268712,0.200
322,54.974799,-82.284803,-1.249391,0.200
323,54.958479,-82.802444,-1.252970,0.200
324,54.970617,-83.218363,-1.249982,0.200
325,55.010705,-83.703017,-1.249257,0.200
326,54.977150,-84.150802,-1.247762,0.200
327,54.986459,-84.582772,-1.236986,0.200
328,55.031754,-85.126924,-1.231970,0.200
329,55.019845,-85.608057,-1.241538,0.200
330,55.045255,-86.009698,-1.241109,0.200
331,55.040492,-86.558075,-1.242802,0.200
332,55.049605,-87.063858,-1.232463,0.200
333,55.056726,-87.522375,-1.240132,0.200
334,55.447487,-87.648303,-0.315892,0.200
335,55.937296,-87.809068,-0.325919,0.200
336,56.318262,-87.997688,-0.306276,0.200
337,56.736240,-88.124116,-0.315414,0.200
338,57.154322,-88.282578,-0.303502,0.200
339,57.569169,-88.398741,-0.199241,0.200
340,57.970000,-88.462632,-0.107306,0.200
341,58.406950,-88.459721,-0.045673,0.200
342,58.884283,-88.462304,-0.058522,0.200
343,59.313078,-88.484769,-0.076610,0.200
344,59.832274,-88.450433,-0.070446,0.200
345,60.235889,-88.477915,-0.071851,0.200
346,60.685947,-88.473889,-0.071729,0.200
347,61.173450,-88.472443,-0.072372,0.200
348,61.625838,-88.474485,-0.040431,0.200
349,62.047310,-88.497760,-0.053424,0.200
350,62.460402,-88.469325,-0.046239,0.200
351,62.870138,-88.441589,-0.041222,0.200
352,63.285992,-88.443581,-0.050656,0.200
353,63.735667,-88.436898,-0.033299,0.200
354,64.170464,-88.428833,-0.038173,0.200
355,64.573384,-88.410241,-0.033559,0.200
356,65.015871,-88.376395,-0.024701,0.200
357,65.445751,-88.364210,-0.027187,0.200
358,65.916823,-88.325759,-0.032072,0.200
359,66.326967,-88.318240,-0.030336,0.200
360,66.764425,-88.304267,-0.028049,0.200
361,67.190413,-88.282373,-0.007094,0.200
362,67.591177,-88.254299,-0.016191,0.200
363,68.085553,-88.219469,-0.025205,0.200
364,68.534277,-88.187350,-0.008447,0.200
365,68.992450,-88.149323,-0.010068,0.200
366,69.436057,-88.162858,-0.013432,0.200
367,69.919532,-88.143506,-0.015850,0.200
368,70.327094,-88.083459,-0.024007,0.200
369,70.791023,-88.044418,-0.026549,0.200
370,71.200679,-88.032600,0.009668,0.200
371,71.598884,-87.987811,0.010003,0.200
372,72.011251,-87.949343,-0.006661,0.200
373,72.459237,-87.919914,-0.008340,0.200
374,72.856777,-87.856887,-0.007725,0.200
375,73.301754,-87.903278,0.008985,0.200
376,73.725769,-87.812198,0.004221,0.200
377,74.122835,-87.755469,0.005259,0.200
378,74.795883,-87.765911,0.005967,0.200
379,75.191402,-87.691423,-0.008886,0.200
380,75.618331,-87.631263,0.031624,0.200
381,76.119523,-87.568593,0.003606,0.200
382,76.613026,-87.495816,0.011054,0.200
383,77.064029,-87.475131,0.025529,0.200
384,77.470022,-87.399688,0.050369,0.200
385,77.886808,-87.425616,-0.023483,0.200
386,78.331586,-87.370336,-0.027339,0.200
387,78.768696,-87.376080,-0.066073,0.200
388,79.224007,-87.389546,-0.044965,0.200
389,79.678012,-87.352571,-0.046929,0.200
390,80.096922,-87.360422,-0.050938,0.200
391,80.507996,-87.282501,-0.052881,0.200
392,80.909855,-87.343164,-0.047724,0.200
393,81.317834,-87.358705,-0.054331,0.200
394,81.745466,-87.335049,-0.045697,0.200
395,82.178357,-87.326720,-0.036763,0.200
396,82.659733,-87.314918,-0.022711,0.200
397,83.113401,-87.268385,-0.020911,0.200
398,83.520994,-87.260918,-0.009209,0.200
399,83.987590,-87.195648,-0.007123,0.200
400,84.405760,-87.186465,-0.000068,0.200
401,84.811140,-87.150202,0.020758,0.200
402,85.278487,-87.079978,0.027581,0.200
403,85.700786,-87.040718,0.025051,0.200
404,86.121626,-87.014426,0.022782,0.200
405,86.520291,-86.971515,0.028810,0.200
406,86.986253,-86.899244,0.030551,0.200
407,87.511654,-86.823469,0.056890,0.200
408,87.966721,-86.771277,-0.031953,0.200
409,88.358363,-86.853938,-0.132459,0.200
410,88.777559,-86.909099,-0.113226,0.200
411,89.207624,-86.946573,-0.114209,0.200
412,89.610952,-86.930000,-0.120062,0.200
413,90.043341,-86.996607,-0.095740,0.200
414,90.499443,-87.033287,-0.106631,0.200
415,90.966133,-87.056850,-0.086689,0.200
416,91.382133,-87.068482,-0.073825,0.200
417,91.790471,-87.084106,-0.068682,0.200
418,92.239904,-87.094274,-0.068857,0.200
419,92.641625,-87.092114,-0.062187,0.200
420,93.139457,-87.104656,-0.048420,0.200
421,93.634465,-87.096408,-0.039167,0.200
422,94.090841,-87.100816,-0.041239,0.200
423,94.548206,-87.105784,-0.032874,0.200
424,95.018188,-87.091490,-0.016075,0.200
425,95.452263,-87.077443,-0.022951,0.200
426,95.898171,-87.050988,-0.023379,0.200
427,96.320835,-87.014565,-0.016060,0.200
428,96.767083,-86.973499,-0.011704,0.200
429,97.190963,-86.975809,-0.013349,0.200
430,97.597963,-86.940952,-0.011437,0.200
431,97.998823,-86.907495,-0.006701,0.200
432,98.449410,-86.869138,-0.008663,0.200
433,98.919305,-86.843461,0.012572,0.200
434,99.351285,-86.785858,0.016076,0.200
435,99.753697,-86.741599,0.005475,0.200
436,100.242612,-86.752186,-0.047351,0.200
437,100.676282,-86.726715,-0.034744,0.200
438,101.113967,-86.729642,-0.035583,0.200
439,101.546354,-86.715053,-0.047128,0.200
440,101.960424,-86.692914,-0.037072,0.200
441,102.430715,-86.672418,-0.027189,0.200
442,102.845634,-86.658044,-0.016485,0.200
443,103.276458,-86.629119,-0.033787,0.200
444,103.718464,-86.615384,-0.037718,0.200
445,104.154014,-86.577654,-0.032975,0.200
446,104.602546,-86.586034,-0.010154,0.200
447,105.041543,-86.566271,-0.012147,0.200
448,105.480486,-86.545197,-0.029128,0.200
449,105.896799,-86.506442,-0.030098,0.200
450,106.310888,-86.503742,-0.020483,0.200
451,106.714347,-86.575603,-0.232517,0.200
452,107.120920,-86.684696,-0.233328,0.200
453,107.526925,-86.813687,-0.226621,0.200
454,107.986776,-86.919747,-0.227271,0.200
455,108.433136,-87.040068,-0.237565,0.200
456,108.872123,-87.145788,-0.233857,0.200
457,109.198429,-87.377970,-0.236594,0.200
458,109.603412,-87.301088,-0.240224,0.200
459,110.052388,-87.451921,-0.230820,0.200
460,110.519309,-87.570170,-0.206988,0.200
461,110.905803,-87.682587,-0.207218,0.200
462,111.363298,-87.775541,-0.215685,0.200
463,111.763024,-87.828715,-0.217425,0.200
464,112.147982,-87.968734,-0.198706,0.200
465,112.561602,-88.057988,-0.201511,0.200
466,112.993594,-88.143337,-0.202925,0.200
467,113.390918,-88.224812,-0.201831,0.200
468,113.836147,-88.399853,-0.371617,0.200
469,114.185547,-88.660582,-0.404943,0.200
470,114.662931,-88.859919,-0.407261,0.200
471,114.991901,-89.196283,-0.527361,0.200
472,115.323084,-89.440090,-0.516314,0.200
473,115.556710,-89.765067,-0.425107,0.200
474,115.880981,-90.109701,-0.425929,0.200
475,116.270470,-90.322104,-0.423679,0.200
476,116.643513,-90.588250,-0.427878,0.200
477,116.971831,-90.905291,-0.450595,0.200
478,117.351868,-91.194955,-0.442961,0.200
479,117.682118,-91.476692,-0.442635,0.200
480,118.029315,-91.696638,-0.450900,0.200
481,118.347003,-91.959530,-0.442200,0.200
482,118.724368,-92.206079,-0.420427,0.200
483,119.089100,-92.489291,-0.436797,0.200
484,119.484432,-92.745437,-0.425284,0.200
485,119.824428,-93.007749,-0.427179,0.200
486,120.177280,-93.250643,-0.432780,0.200
487,120.527639,-93.532196,-0.542020,0.200
488,120.769104,-93.870969,-0.597624,0.200
489,121.049739,-94.192150,-0.592685,0.200
490,121.353584,-94.542800,-0.587912,0.200
491,121.641923,-94.852704,-0.584752,0.200
492,121.963661,-95.130023,-0.592474,0.200
493,122.248609,-95.452386,-0.584491,0.200
494,122.564866,-95.787209,-0.579309,0.200
495,122.920143,-96.155976,-0.592102,0.200
496,123.251067,-96.442357,-0.570529,0.200
497,123.595862,-96.807194,-0.562330,0.200
498,123.953860,-97.148022,-0.566281,0.200
499,124.216257,-97.471400,-0.559076,0.200
500,124.518071,-97.789590,-0.553079,0.200
501,124.894914,-98.041642,-0.567700,0.200
502,125.176577,-98.383587,-0.566012,0.200
503,125.436005,-98.694737,-0.557821,0.200
504,125.760770,-99.015326,-0.555085,0.200
505,126.107040,-99.329980,-0.550964,0.200
506,126.433491,-99.626391,-0.537295,0.200
507,126.755278,-99.919282,-0.540966,0.200
508,127.043713,-100.226551,-0.539174,0.200
509,127.381666,-100.568765,-0.532304,0.200
510,127.736259,-100.884946,-0.523510,0.200
511,128.032100,-101.194480,-0.532468,0.200
512,128.473029,-101.429336,-0.540223,0.200
513,128.742062,-101.726785,-0.546083,0.200
514,129.078769,-102.060877,-0.543802,0.200
515,129.499320,-102.419990,-0.518057,0.200
516,129.795864,-102.690171,-0.505739,0.200
517,130.040931,-103.055489,-0.662158,0.200
518,130.485802,-103.402207,-0.658937,0.200
519,130.670514,-103.862120,-0.667072,0.200
520,130.939179,-104.212253,-0.668722,0.200
521,131.199956,-104.552990,-0.663940,0.200
522,131.495005,-104.839177,-0.665380,0.200
523,131.736040,-105.159013,-0.654697,0.200
524,131.996026,-105.497984,-0.628613,0.200
525,132.304888,-105.887696,-0.637877,0.200
526,132.613287,-106.257908,-0.645847,0.200
527,132.878338,-106.567472,-0.621272,0.200
528,133.182502,-106.898304,-0.626476,0.200
529,133.449195,-107.241228,-0.629372,0.200
530,133.743872,-107.663701,-0.640375,0.200
531,134.047758,-107.979999,-0.628804,0.200
532,134.263691,-108.341943,-0.629762,0.200
533,134.569706,-108.617479,-0.631593,0.200
534,134.975486,-109.032654,-0.616121,0.200
535,135.211776,-109.376098,-0.626668,0.200
536,135.612077,-109.793073,-0.632417,0.200
537,136.124427,-110.620007,-0.638871,0.200
538,136.265193,-111.442870,-0.655694,0.200
539,136.505116,-112.064686,-0.673457,0.200
540,136.702024,-112.459006,-0.672154,0.200
541,136.856640,-112.902959,-0.706801,0.200
542,136.620091,-113.263727,-0.726690,0.200
543,136.633633,-113.714591,-0.728775,0.200
544,137.009048,-114.156018,-0.729094,0.200
545,137.314752,-114.500997,-0.723533,0.200
546,137.632962,-115.028280,-0.706548,0.200
547,137.857460,-115.416718,-0.695233,0.200
548,138.254630,-115.869113,-0.691296,0.200
549,138.453863,-116.258009,-0.709696,0.200
550,138.768455,-116.606557,-0.714392,0.200
551,139.074974,-116.944735,-0.731908,0.200
552,139.409401,-117.385210,-0.816495,0.200
553,139.522741,-117.812527,-0.897052,0.200
554,139.601964,-118.265501,-0.866419,0.200
555,139.748346,-118.720061,-0.895039,0.200
556,139.918097,-119.159957,-0.890880,0.200
557,140.127736,-119.634941,-0.873247,0.200
558,140.309136,-120.032154,-0.881787,0.200
559,140.454872,-120.448769,-0.872598,0.200
560,140.655780,-120.880978,-0.873983,0.200
561,140.817077,-121.307757,-0.869683,0.200
562,141.010122,-121.731753,-0.860557,0.200
563,141.248813,-122.227170,-0.874185,0.200
564,141.382782,-122.624765,-0.870564,0.200
565,141.559804,-123.026725,-0.862254,0.200
566,141.729122,-123.414214,-0.841949,0.200
567,141.932458,-123.804655,-0.852475,0.200
568,142.158519,-124.168824,-0.852374,0.200
569,142.306292,-124.648290,-0.836376,0.200
570,142.525195,-125.093187,-0.843743,0.200
571,142.728296,-125.497005,-0.835404,0.200
572,142.919612,-125.914481,-0.823329,0.200
573,143.095948,-126.332555,-0.837568,0.200
574,143.259862,-126.720342,-0.824624,0.200
575,143.401588,-127.135034,-0.976476,0.200
576,143.511368,-127.601336,-0.961559,0.200
577,143.679696,-128.005773,-0.967633,0.200
578,143.762735,-128.452252,-0.969739,0.200
579,143.865710,-128.841987,-1.075425,0.200
580,143.932687,-129.302829,-1.136696,0.200
581,143.979337,-129.797519,-1.133555,0.200
582,144.060440,-130.277880,-1.120003,0.200
583,144.120459,-130.800502,-1.115545,0.200
584,144.168493,-131.312854,-1.106951,0.200
585,144.232777,-131.777825,-1.113521,0.200
586,144.291672,-132.201564,-1.099608,0.200
587,144.377439,-132.642306,-1.104246,0.200
588,144.433215,-133.086971,-1.102566,0.200
589,144.502130,-133.517412,-1.092506,0.200
590,144.523406,-133.955303,-1.097692,0.200
591,144.606540,-134.370685,-1.114053,0.200
592,144.653078,-134.796567,-1.100165,0.200
593,144.740135,-135.297325,-1.107943,0.200
594,144.785285,-135.747318,-1.092673,0.200
595,144.879502,-136.181837,-1.095953,0.200
596,144.913369,-136.618125,-1.077185,0.200
597,145.016107,-137.162449,-1.073198,0.200
598,145.076181,-137.577147,-1.074904,0.200
599,145.162939,-137.984192,-1.072099,0.200
600,145.259828,-138.434948,-1.090563,0.200
601,145.328711,-138.870480,-1.069345,0.200
602,145.401602,-139.280128,-1.085656,0.200
603,145.481641,-139.727770,-1.076917,0.200
604,145.531195,-140.205549,-1.086823,0.200
605,145.640829,-140.651889,-1.080636,0.200
606,145.724227,-141.059556,-1.078092,0.200
607,145.828409,-141.472732,-1.070929,0.200
608,145.811866,-141.908464,-1.204754,0.200
609,145.847908,-142.382530,-1.178705,0.200
610,145.910364,-142.821279,-1.190367,0.200
611,145.892237,-143.229693,-1.180299,0.200
612,145.950819,-143.633706,-1.193660,0.200
613,145.970350,-144.045073,-1.182308,0.200
614,146.004993,-144.600190,-1.174699,0.200
615,146.059049,-145.275506,-1.157901,0.200
616,146.078502,-145.724802,-1.165110,0.200
617,146.134148,-146.218023,-1.151996,0.200
618,146.172794,-146.652153,-1.168283,0.200
619,146.223625,-147.098173,-1.152137,0.200
620,146.255938,-147.524504,-1.146038,0.200
621,146.270877,-147.969785,-1.145121,0.200
622,146.320243,-148.377043,-1.132097,0.200
623,146.398391,-148.831594,-1.130096,0.200
624,146.418303,-149.293588,-1.125129,0.200
625,146.462822,-149.844838,-1.136389,0.200
626,146.507567,-150.285925,-1.135254,0.200
627,146.544033,-150.714812,-1.123546,0.200
628,146.521988,-151.118339,-1.254045,0.200
629,146.491692,-151.702011,-1.246592,0.200
630,146.458340,-152.167746,-1.247484,0.200
631,146.500187,-152.651911,-1.262366,0.200
632,146.493632,-153.337568,-1.292360,0.200
633,146.499377,-153.833762,-1.268786,0.200
634,146.408227,-154.238462,-1.254633,0.200
635,146.406512,-154.656220,-1.270908,0.200
636,146.412140,-155.099985,-1.278272,0.200
637,146.377782,-155.644119,-1.259545,0.200
638,146.370887,-156.061911,-1.270840,0.200
639,146.362583,-156.542215,-1.267632,0.200
640,146.339154,-157.009050,-1.281347,0.200
641,146.365522,-157.520290,-1.263055,0.200
642,146.355780,-157.976670,-1.231300,0.200
643,146.310924,-158.434977,-1.231774,0.200
644,146.435734,-158.889220,-1.236567,0.200
645,146.324709,-159.329830,-1.236113,0.200
646,146.316577,-159.811594,-1.221815,0.200
647,146.313619,-160.364483,-1.241686,0.200
648,146.322277,-160.909939,-1.232628,0.200
649,146.294969,-161.365823,-1.240525,0.200
650,146.302494,-161.807529,-1.236591,0.200
651,146.300754,-162.253036,-1.245673,0.200
652,146.292391,-162.662084,-1.229149,0.200
653,146.237008,-163.274509,-1.226341,0.200
654,146.272870,-163.677898,-1.236882,0.200
655,146.306327,-164.236879,-1.197768,0.200
656,146.321799,-164.648951,-1.209560,0.200
657,146.368229,-165.158851,-1.214094,0.200
658,146.346204,-165.587009,-1.213523,0.200
659,146.334984,-166.064206,-1.203968,0.200
660,146.377508,-166.504177,-1.200618,0.200
661,146.443715,-167.097154,-1.205898,0.200
662,146.396080,-167.577896,-1.202710,0.200
663,146.415456,-167.979513,-1.201735,0.200
664,146.423330,-168.410395,-1.202414,0.200
665,146.457863,-168.868098,-1.195857,0.200
666,146.453622,-169.307688,-1.189949,0.200
667,146.488484,-169.707339,-1.158997,0.200
668,146.502993,-170.188111,-1.187944,0.200
669,146.534026,-170.598200,-1.160144,0.200
670,146.562073,-171.040690,-1.151919,0.200
671,146.613002,-171.470424,-1.140780,0.200
672,146.635064,-171.912012,-1.135250,0.200
673,146.706699,-172.348661,-1.140864,0.200
674,146.716732,-172.831042,-1.168115,0.200
675,146.742496,-173.264624,-1.157649,0.200
676,146.819087,-173.684647,-1.171330,0.200
677,146.806199,-174.104268,-1.160862,0.200
678,146.863749,-174.584400,-1.155970,0.200
679,146.916837,-174.986184,-1.176120,0.200
680,146.928593,-175.471977,-1.175370,0.200
681,146.950829,-175.913338,-1.202920,0.200
682,146.947495,-176.319320,-1.241384,0.200
683,146.947965,-176.756693,-1.231029,0.200
684,146.948446,-177.157824,-1.237543,0.200
685,146.950210,-177.639198,-1.225650,0.200
686,146.953024,-178.180522,-1.226283,0.200
687,146.953399,-178.648399,-1.231831,0.200
688,146.964296,-179.061557,-1.200641,0.200
689,146.972296,-179.525016,-1.194350,0.200
690,146.950591,-179.977669,-1.215619,0.200
691,146.961929,-180.468741,-1.227968,0.200
692,146.952209,-180.882967,-1.202341,0.200
693,147.013488,-181.297580,-1.195821,0.200
694,146.991463,-181.776272,-1.201771,0.200
695,146.988228,-182.212704,-1.218486,0.200
696,146.942571,-182.819695,-1.220155,0.200
697,146.996068,-183.226076,-1.196311,0.200
698,147.062813,-183.714374,-1.202425,0.200
699,147.028224,-184.175184,-1.205032,0.200
700,147.042020,-184.615272,-1.201013,0.200
701,147.065083,-185.022384,-1.187108,0.200
702,147.084635,-185.602856,-1.216295,0.200
703,147.056732,-186.011726,-1.196195,0.200
704,147.115138,-186.604085,-1.217181,0.200
705,147.144981,-187.029090,-1.200821,0.200
706,147.108358,-187.637622,-1.185013,0.200
707,147.160363,-188.194889,-1.179355,0.200
708,147.177579,-188.600672,-1.200968,0.200
709,147.173524,-189.004945,-1.161048,0.200
710,147.185265,-189.417391,-1.153742,0.200
711,147.227271,-189.821487,-1.176378,0.200
712,147.259235,-190.240151,-1.183510,0.200
713,147.291650,-190.657393,-1.164811,0.200
714,147.299309,-191.077204,-1.166559,0.200
715,147.388482,-191.573075,-1.160234,0.200
716,147.361815,-192.031637,-1.155951,0.200
717,147.404365,-192.431231,-1.147881,0.200
718,147.446633,-192.949164,-1.156987,0.200
719,147.480141,-193.412971,-1.146196,0.200
720,147.526932,-193.859921,-1.131168,0.200
721,147.529831,-194.291497,-1.140130,0.200
722,147.620750,-194.709986,-1.135418,0.200
723,147.666983,-195.149040,-1.133323,0.200
724,147.678357,-195.601217,-1.135776,0.200
725,147.750933,-195.999857,-1.133404,0.200
726,147.754057,-196.476861,-1.122262,0.200
727,147.825793,-196.906944,-1.132213,0.200
728,147.920553,-197.408013,-1.130111,0.200
729,148.013215,-197.815909,-1.119537,0.200
730,148.019775,-198.231018,-1.120742,0.200
731,148.050114,-198.646760,-1.114936,0.200
732,148.110319,-199.073126,-1.115075,0.200
733,148.170665,-199.492588,-1.110427,0.200
734,148.206747,-199.926278,-1.162016,0.200
735,148.182016,-200.432803,-1.167761,0.200
736,148.267566,-200.826729,-1.167278,0.200
737,148.310938,-201.293423,-1.148714,0.200
738,148.356721,-201.747508,-1.155361,0.200
739,148.388151,-202.183370,-1.136215,0.200
740,148.415970,-202.643832,-1.126689,0.200
741,148.473055,-203.059970,-1.145829,0.200
742,148.503147,-203.471714,-1.143319,0.200
743,148.530537,-203.918710,-1.143055,0.200
744,148.548997,-204.364956,-1.134668,0.200
745,148.593191,-204.775140,-1.131748,0.200
746,148.647204,-205.204960,-1.143685,0.200
747,148.653227,-205.682500,-1.243359,0.200
748,148.615054,-206.105927,-1.220873,0.200
749,148.649180,-206.618086,-1.233575,0.200
750,148.578865,-207.047226,-1.224896,0.200
751,148.599583,-207.450127,-1.227238,0.200
752,148.611795,-207.890776,-1.208725,0.200
753,148.603693,-208.324867,-1.206236,0.200
754,148.608137,-208.734352,-1.222351,0.200
755,148.625312,-209.170559,-1.232966,0.200
756,148.607741,-209.701902,-1.178048,0.200
757,148.607874,-210.234160,-1.191343,0.200
758,148.657571,-210.769536,-1.203520,0.200
759,148.696089,-211.345218,-1.165239,0.200
760,148.597403,-211.817722,-1.171269,0.200
761,148.673113,-212.308211,-1.171666,0.200
762,148.716451,-212.745950,-1.158092,0.200
763,148.836559,-213.167587,-1.182902,0.200
764,148.710900,-213.606942,-1.172294,0.200
765,148.787262,-214.094194,-1.156767,0.200
766,148.852177,-214.647183,-1.127702,0.200
767,148.890796,-215.093620,-1.131272,0.200
768,148.872835,-215.638233,-1.123424,0.200
769,148.916598,-216.070768,-1.157987,0.200
770,148.924355,-216.629499,-1.172575,0.200
771,148.971406,-217.105441,-1.156889,0.200
772,149.030513,-217.570091,-1.167030,0.200
773,149.065406,-217.969263,-1.151921,0.200
774,148.966218,-218.390203,-1.084399,0.200
775,149.227713,-218.079794,0.188891,0.200
776,149.633104,-217.997860,0.182327,0.200
777,150.066792,-217.857328,0.184410,0.200
778,150.482777,-217.734166,0.184447,0.200
779,150.909414,-217.650775,0.194184,0.200
780,151.337739,-217.532617,0.187881,0.200
781,151.781901,-217.355863,0.206881,0.200
782,152.335744,-217.270561,0.211438,0.200
783,152.819995,-217.148389,0.200147,0.200
784,153.217873,-217.049913,0.215095,0.200
785,153.681344,-216.910064,0.245925,0.200
786,154.147189,-216.777912,0.218233,0.200
787,154.582562,-216.633641,0.236534,0.200
788,154.982276,-216.509797,0.238412,0.200
789,155.381413,-216.368793,0.219799,0.200
790,155.799417,-216.370286,-0.052614,0.200
791,156.213002,-216.380124,-0.029130,0.200
792,156.666637,-216.399346,-0.032301,0.200
793,157.116230,-216.423961,-0.050147,0.200
794,157.518182,-216.484453,-0.011309,0.200
795,158.009045,-216.517326,-0.024031,0.200
796,158.434587,-216.581784,-0.021176,0.200
797,158.878687,-216.576476,-0.029534,0.200
798,159.281157,-216.608663,-0.028693,0.200
799,159.711894,-216.637542,-0.010258,0.200
800,160.164115,-216.666868,-0.004361,0.200
801,160.569842,-216.649810,0.002364,0.200
802,161.011287,-216.666282,-0.013117,0.200
803,161.430359,-216.688401,-0.010410,0.200
804,161.894734,-216.672661,-0.000639,0.200
805,162.360324,-216.678942,0.013204,0.200
806,162.771785,-216.698202,0.008907,0.200
807,163.196277,-216.704663,0.004647,0.200
808,163.660919,-216.701675,0.009914,0.200
809,164.158664,-216.704732,0.030558,0.200
810,164.627725,-216.673395,0.007312,0.200
811,165.085543,-216.671368,0.022592,0.200
812,165.563966,-216.668802,0.026360,0.200
813,166.052142,-216.682573,0.041367,0.200
814,166.473392,-216.600500,0.040641,0.200
815,166.937800,-216.617729,0.035948,0.200
816,167.544276,-216.596234,0.060661,0.200
817,168.050020,-216.654248,0.039492,0.200
818,168.458314,-216.606201,0.057072,0.200
819,168.959209,-216.506738,0.060177,0.200
820,169.392347,-216.497047,0.068665,0.200
821,169.831360,-216.483690,0.066112,0.200
822,170.261176,-216.401388,0.081654,0.200
823,170.694412,-216.366528,0.075401,0.200
824,171.129343,-216.314558,0.095206,0.200
825,171.593106,-216.286353,0.089676,0.200
826,172.028963,-216.202572,0.085551,0.200
827,172.436304,-216.200359,0.092433,0.200
828,172.824518,-216.048274,0.193369,0.200
829,173.247652,-215.933849,0.199210,0.200
830,173.697635,-215.857166,0.203410,0.200
831,174.121173,-215.726491,0.193762,0.200
832,174.513135,-215.627091,0.198362,0.200
833,174.913824,-215.527295,0.194786,0.200
834,175.303458,-215.395990,0.196823,0.200
835,175.707347,-215.280963,0.212114,0.200
836,176.132444,-215.174147,0.226236,0.200
837,176.568218,-215.052912,0.223614,0.200
838,176.994485,-214.926415,0.222556,0.200
839,177.431643,-214.790073,0.207433,0.200
840,177.879262,-214.641043,0.207028,0.200
841,178.340635,-214.539705,0.236198,0.200
842,178.711655,-214.348695,0.226595,0.200
843,179.112595,-214.404326,0.057597,0.200
844,179.524189,-214.320489,0.122142,0.200
845,179.955706,-214.273485,0.124120,0.200
846,180.440984,-214.193873,0.123183,0.200
847,180.853633,-214.180911,0.125551,0.200
848,181.242120,-213.982393,0.110505,0.200
849,181.655148,-214.022198,0.127107,0.200
850,182.098005,-213.949415,0.129783,0.200
851,182.547297,-213.885577,0.122350,0.200
852,182.992757,-213.810200,0.116551,0.200
853,183.423280,-213.731090,0.140293,0.200
854,183.847842,-213.667937,0.154533,0.200
855,184.259908,-213.602513,0.128082,0.200
856,184.719942,-213.479425,0.146143,0.200
857,185.275191,-213.416881,0.152664,0.200
858,185.726077,-213.321405,0.143935,0.200
859,186.139940,-213.293074,0.142445,0.200
860,186.549679,-213.143048,0.144766,0.200
861,186.958238,-213.069548,0.150594,0.200
862,187.374460,-212.976459,0.155344,0.200
863,187.776436,-212.905024,0.161687,0.200
864,188.173112,-212.814252,0.179385,0.200
865,188.565726,-212.712334,0.180182,0.200
866,188.992776,-212.618330,0.184918,0.200
867,189.417872,-212.534610,0.172607,0.200
868,189.960554,-212.403460,0.179075,0.200
869,190.386812,-212.300868,0.196892,0.200
870,190.807592,-212.187809,0.178705,0.200
871,191.273820,-212.118184,0.175808,0.200
872,191.705543,-212.003999,0.172330,0.200
873,192.167178,-211.898743,0.173361,0.200
874,192.599333,-211.794226,0.203697,0.200
875,192.997339,-211.694703,0.199382,0.200
876,193.405693,-211.571696,0.211804,0.200
877,193.814530,-211.484315,0.221813,0.200
878,194.220653,-211.372357,0.182714,0.200
879,194.628127,-211.285546,0.135046,0.200
880,195.037303,-211.277348,0.052393,0.200
881,195.487721,-211.253207,0.038644,0.200
882,195.951379,-211.252442,0.040025,0.200
883,196.380607,-211.210447,0.036486,0.200
884,196.850318,-211.222333,0.059204,0.200
885,197.298680,-211.198038,0.067284,0.200
886,197.764928,-211.162438,0.053586,0.200
887,198.188920,-211.145016,0.056628,0.200
888,198.614548,-211.115332,0.063735,0.200
889,199.046075,-211.069614,0.070548,0.200
890,199.503397,-211.070246,0.094018,0.200
891,199.960109,-211.015883,0.081988,0.200
892,200.402188,-211.019647,0.071249,0.200
893,200.911044,-210.939893,0.084593,0.200
894,201.493200,-210.886594,0.094183,0.200
895,201.978514,-210.818811,0.072630,0.200
896,202.436129,-210.862030,0.075568,0.200
897,202.849287,-210.767503,0.077718,0.200
898,203.308279,-210.754314,0.106476,0.200
899,203.724960,-210.719012,0.118730,0.200
900,204.248068,-210.626872,0.115663,0.200
901,204.713933,-210.590704,0.100325,0.200
902,205.159785,-210.503196,0.112366,0.200
903,205.597585,-210.462372,0.138195,0.200
904,206.037930,-210.385663,0.116884,0.200
905,206.468019,-210.326933,0.122170,0.200
906,206.924669,-210.278994,0.108843,0.200
907,207.344357,-210.262763,0.113311,0.200
908,207.756817,-210.156817,0.121143,0.200
909,208.216020,-210.096636,0.128243,0.200
910,208.616104,-210.003199,0.137462,0.200
911,209.044147,-209.968605,0.147301,0.200
912,209.481948,-209.875856,0.141612,0.200
913,209.914819,-209.826881,0.141168,0.200
914,210.309175,-209.717184,0.141442,0.200
915,210.709341,-209.667493,0.167171,0.200
916,211.120999,-209.546736,0.166350,0.200
917,211.554354,-209.479984,0.153680,0.200
918,211.953152,-209.375530,0.169869,0.200
919,212.352033,-209.296204,0.184824,0.200
920,212.789456,-209.211027,0.161245,0.200
921,213.224070,-209.144203,0.166817,0.200
922,213.622485,-209.014299,0.150253,0.200
923,214.080319,-208.943523,0.151047,0.200
924,214.504494,-208.829695,0.175075,0.200
925,214.910362,-208.762330,0.175394,0.200
926,215.364079,-208.635298,0.177032,0.200
927,215.813617,-208.537933,0.177876,0.200
928,216.202674,-208.436088,0.134303,0.200
929,216.688783,-208.380806,0.142665,0.200
930,217.148318,-208.223459,0.138733,0.200
931,217.773380,-208.185275,0.148572,0.200
932,218.213316,-208.061137,0.152967,0.200
933,218.627642,-207.971357,0.162730,0.200
934,219.030427,-207.880498,0.166340,0.200
935,219.432665,-207.791729,0.184821,0.200
936,219.885908,-207.738330,0.181932,0.200
937,220.347840,-207.631066,0.176947,0.200
938,220.751610,-207.551485,0.169178,0.200
939,221.179438,-207.435885,0.120342,0.200
940,221.628153,-207.496492,0.121487,0.200
941,222.041843,-207.410423,0.124579,0.200
942,222.447317,-207.322320,0.122227,0.200
943,222.873119,-207.264063,0.117646,0.200
944,223.326342,-207.236191,0.101895,0.200
945,223.748783,-207.125616,0.115169,0.200
946,224.223449,-207.079853,0.121286,0.200
947,224.666512,-207.006448,0.143924,0.200
948,225.075408,-206.954743,0.138365,0.200
949,225.510046,-206.874999,0.140608,0.200
950,225.929294,-206.774907,0.126967,0.200
951,226.442233,-206.715541,0.113656,0.200
952,226.897058,-206.636331,0.140130,0.200
953,227.354968,-206.574802,0.139840,0.200
954,227.755094,-206.539178,0.137601,0.200
955,228.186745,-206.440878,0.136192,0.200
956,228.645924,-206.324367,0.147320,0.200
957,229.062081,-206.281803,0.132584,0.200
958,229.498410,-206.180482,0.154034,0.200
959,229.939125,-206.090410,0.163753,0.200
960,230.374977,-206.049056,0.166535,0.200
961,230.788152,-205.917956,0.152373,0.200
962,231.221483,-205.859429,0.152639,0.200
963,231.622277,-205.783447,0.149960,0.200
964,232.026844,-205.724595,0.149908,0.200
965,232.448193,-205.599281,0.190955,0.200
966,232.937870,-205.585058,0.164680,0.200
967,233.390216,-205.423672,0.158510,0.200
968,233.984804,-205.490759,0.138266,0.200
969,234.620530,-205.376770,0.120912,0.200
970,235.709018,-205.080656,0.106403,0.200
971,236.121609,-205.164530,0.132921,0.200
972,236.137726,-205.583649,-1.061673,0.200
973,236.283426,-206.045981,-1.081191,0.200
974,236.418482,-206.447695,-1.059550,0.200
975,236.544940,-206.854695,-1.044671,0.200
976,236.640339,-207.315783,-1.013929,0.200
977,236.852782,-207.690479,-1.046343,0.200
978,236.947120,-208.097163,-1.057304,0.200
979,237.115651,-208.516752,-1.084657,0.200
980,237.198967,-208.908112,-1.058389,0.200
981,237.362565,-209.306564,-1.058234,0.200
982,237.354462,-209.766968,-1.069363,0.200
983,237.726745,-210.439876,-1.043028,0.200
984,237.868148,-210.882541,-1.049703,0.200
985,238.041128,-211.283991,-1.042902,0.200
986,238.162127,-211.699365,-1.045809,0.200
987,238.250607,-212.148186,-1.030796,0.200
988,238.418652,-212.541401,-1.028007,0.200
989,238.594426,-212.953116,-1.027292,0.200
990,238.756052,-213.381423,-1.028343,0.200
991,238.891905,-213.829326,-1.036879,0.200
992,239.050110,-214.220565,-1.041331,0.200
993,239.198505,-214.650879,-1.119439,0.200
994,239.290227,-215.078567,-1.125426,0.200
995,239.430657,-215.536523,-1.126687,0.200
996,239.530063,-215.965504,-1.116452,0.200
997,239.648425,-216.348692,-1.100476,0.200
998,239.763717,-216.789378,-1.100972,0.200
999,239.950106,-217.175804,-1.095128,0.200
1000,239.987628,-217.609371,-1.068297,0.200
1001,240.158738,-218.033327,-1.101449,0.200
1002,240.284251,-218.553957,-1.100447,0.200
1003,240.311863,-218.973304,-1.186942,0.200
1004,241.096755,-219.145968,-1.092387,0.200
1005,241.729235,-219.361625,-1.070510,0.200
1006,242.718897,-219.667262,-1.049362,0.200
1007,243.393205,-219.913155,-1.046421,0.200
1008,244.012786,-220.255375,-1.053486,0.200
1009,244.538545,-220.619530,-1.041018,0.200
1010,245.063945,-221.010854,-1.040448,0.200
1011,245.486411,-221.394146,-0.977981,0.200
1012,245.854253,-221.776740,-0.997741,0.200
1013,246.134704,-222.144244,-0.997708,0.200
1014,246.322326,-222.527244,-0.994580,0.200
1015,246.332945,-223.044244,-1.037607,0.200
1016,246.120491,-223.473007,-1.039551,0.200
1017,246.058266,-223.949266,-1.045592,0.200
1018,246.119454,-224.345234,-1.030241,0.200
1019,246.447260,-224.945224,-1.040669,0.200
1020,246.578452,-225.493895,-1.027720,0.200
1021,246.644533,-225.900774,-1.033069,0.200
1022,246.717940,-226.367503,-1.054975,0.200
1023,246.708467,-226.790443,-1.038858,0.200
1024,246.819596,-227.272506,-1.042381,0.200
1025,246.902035,-227.683154,-1.043405,0.200
1026,246.927877,-228.152740,-1.104223,0.200
1027,246.984986,-228.573391,-1.100385,0.200
1028,247.123275,-229.014054,-1.112829,0.200
1029,247.240656,-229.403732,-1.111403,0.200
1030,247.286311,-229.859010,-1.087423,0.200
1031,247.392902,-230.512291,-1.108775,0.200
1032,247.402159,-230.957318,-1.104157,0.200
1033,247.466517,-231.406727,-1.097138,0.200
1034,247.563379,-231.807144,-1.090822,0.200
1035,247.560600,-232.290727,-1.098554,0.200
1036,247.604656,-232.701034,-1.089088,0.200
1037,247.696851,-233.125387,-1.087189,0.200
1038,247.812462,-233.597272,-1.104797,0.200
1039,247.896095,-234.033170,-1.088163,0.200
1040,247.956903,-234.557505,-1.089471,0.200
1041,248.024506,-234.972677,-1.085904,0.200
1042,248.079431,-235.370000,-1.074404,0.200
1043,248.222821,-235.848069,-1.082371,0.200
1044,248.287390,-236.318301,-1.071515,0.200
1045,248.395805,-236.727565,-1.067536,0.200
1046,248.476580,-237.191116,-1.065546,0.200
1047,248.581681,-237.673650,-1.063110,0.200
1048,248.644842,-238.086050,-1.143943,0.200
1049,248.694672,-238.531491,-1.131758,0.200
1050,248.782312,-239.016675,-1.118506,0.200
1051,248.822827,-239.479395,-1.103572,0.200
1052,248.896472,-239.922290,-1.126327,0.200
1053,248.965390,-240.379600,-1.120199,0.200
1054,249.025130,-240.854246,-1.117566,0.200
1055,249.124476,-241.244011,-1.120548,0.200
1056,249.216022,-241.757182,-1.122192,0.200
1057,249.268042,-242.221802,-1.087374,0.200
1058,249.328019,-242.703430,-1.102923,0.200
1059,249.405308,-243.138016,-1.095634,0.200
1060,249.493762,-243.569427,-1.119791,0.200
1061,249.549089,-244.017113,-1.119859,0.200
1062,249.592749,-244.473596,-1.115869,0.200
1063,249.717224,-244.939799,-1.117279,0.200
1064,249.753169,-245.338466,-1.108574,0.200
1065,249.796325,-245.742955,-1.102163,0.200
1066,249.871159,-246.210434,-1.106641,0.200
1067,249.926667,-246.618557,-1.079663,0.200
1068,250.023419,-247.078189,-1.090474,0.200
1069,250.119077,-247.517771,-1.073979,0.200
1070,250.165580,-247.920684,-1.081021,0.200
1071,250.134573,-248.359783,-1.426523,0.200
1072,249.756927,-248.566776,-2.289103,0.200
1073,249.332995,-248.629986,-2.830354,0.200
1074,248.859310,-248.769513,-2.811344,0.200
1075,248.436153,-248.935693,-2.783458,0.200
1076,247.994633,-248.968621,-2.798157,0.200
1077,247.626553,-249.135510,-2.806700,0.200
1078,247.229000,-249.201091,-2.775877,0.200
1079,246.836288,-249.334338,-2.797854,0.200
1080,246.436518,-249.435717,-2.794148,0.200
1081,246.044121,-249.546630,-2.666313,0.200
1082,245.634387,-249.602095,-2.668800,0.200
1083,245.464108,-249.969525,-1.296484,0.200
1084,245.503811,-250.421531,-1.290924,0.200
1085,245.427675,-250.923153,-1.305526,0.200
1086,245.434154,-251.418746,-1.311588,0.200
1087,245.216955,-252.002126,-1.366878,0.200
1088,245.421799,-252.560554,-1.318708,0.200
1089,245.188768,-252.983639,-1.327300,0.200
1090,245.151132,-253.520080,-1.293364,0.200
1091,245.216181,-253.973857,-1.164453,0.200
1092,245.298864,-254.397289,-1.181143,0.200
1093,245.242968,-254.956594,-1.192136,0.200
1094,245.265121,-255.384919,-1.174637,0.200
1095,245.021441,-255.995331,-1.253581,0.200
1096,245.042351,-256.439131,-1.252618,0.200
1097,245.090908,-256.927779,-1.253829,0.200
1098,245.146587,-257.501686,-1.235169,0.200
1099,245.163438,-257.960399,-1.230197,0.200
1100,245.036372,-258.476500,-1.269875,0.200
1101,244.935714,-258.867248,-1.122689,0.200
1102,245.073594,-259.331861,-1.145884,0.200
1103,245.126475,-259.730454,-1.154381,0.200
1104,245.225159,-260.164044,-1.141371,0.200
1105,245.303505,-260.647212,-1.125985,0.200
1106,245.370863,-261.054048,-1.132739,0.200
1107,245.577998,-261.619124,-1.123724,0.200
1108,245.681220,-262.040988,-1.121512,0.200
1109,245.583897,-262.487855,-1.099776,0.200
1110,246.049633,-262.560113,0.060117,0.200
1111,246.460267,-262.564786,0.043270,0.200
1112,246.911892,-262.675397,0.036770,0.200
1113,247.311767,-262.826457,0.032890,0.200
1114,247.654696,-262.499558,-0.006710,0.200
1115,248.084839,-262.587500,0.003362,0.200
1116,248.748001,-262.717707,0.027239,0.200
1117,249.141331,-263.041636,-0.037595,0.200
1118,249.741546,-263.015140,-0.012131,0.200
1119,250.035456,-262.731329,-0.020769,0.200
1120,250.498545,-263.140370,-0.027088,0.200
1121,250.940391,-263.051878,-0.002984,0.200
1122,251.080474,-262.656813,0.009331,0.200
1123,251.447185,-262.966498,0.015664,0.200
1124,251.929015,-262.883458,0.011586,0.200
1125,252.584776,-262.704510,0.026833,0.200
1126,252.992982,-262.782980,-1.071387,0.200
1127,253.174691,-263.212979,-1.052046,0.200
1128,253.399728,-263.595766,-1.058887,0.200
1129,253.469317,-263.996057,-1.051999,0.200
1130,253.435629,-264.438675,-1.026917,0.200
1131,253.619643,-264.826564,-1.025534,0.200
1132,253.781775,-265.193729,-1.014203,0.200
1133,253.795190,-265.786182,-1.054266,0.200
1134,253.640365,-266.222813,-1.024915,0.200
1135,253.638975,-266.666133,-1.016713,0.200
1136,253.799465,-267.054546,-1.008084,0.200
1137,253.774430,-267.485069,-1.045162,0.200
1138,254.051457,-267.841302,-1.048908,0.200
1139,254.227186,-268.299151,-1.047330,0.200
1140,254.331959,-268.706303,-1.048936,0.200
1141,254.348724,-269.199746,-1.004431,0.200
1142,254.519251,-269.573460,-1.002427,0.200
1143,254.781416,-269.888809,-1.011257,0.200
1144,254.835249,-270.292768,-1.011606,0.200
1145,254.896494,-270.723452,-1.025892,0.200
1146,254.992462,-271.169848,-1.005205,0.200
1147,254.934010,-271.585029,-1.070370,0.200
1148,255.177358,-271.952492,-1.078752,0.200
1149,255.475933,-272.264769,-1.100811,0.200
1150,255.701483,-272.657734,-1.095744,0.200
1151,255.699388,-273.057822,-1.086547,0.200
1152,255.709632,-273.573997,-1.098200,0.200
1153,255.798107,-274.044750,-1.104176,0.200
1154,256.047011,-274.454075,-1.070570,0.200
1155,256.096466,-274.941252,-1.063642,0.200
1156,256.122676,-275.421378,-1.072722,0.200
1157,256.265085,-275.930413,-1.062462,0.200
1158,256.391282,-276.330072,-1.077816,0.200
1159,256.467368,-276.737147,-1.075046,0.200
1160,256.545607,-277.135023,-1.046466,0.200
1161,256.422702,-277.615385,-1.063259,0.200
1162,256.596829,-278.004250,-1.096640,0.200
1163,256.746682,-278.378423,-1.072986,0.200
1164,256.881815,-278.876485,-1.085283,0.200
1165,256.935496,-279.314420,-1.071321,0.200
1166,257.065485,-279.807352,-1.063150,0.200
1167,257.159140,-280.493843,-1.027854,0.200
1168,257.180950,-280.909766,-0.997405,0.200
1169,257.340183,-281.302345,-1.007197,0.200
1170,257.417357,-281.793437,-1.021213,0.200
1171,257.474989,-282.254528,-0.995077,0.200
1172,257.540807,-282.788340,-1.025411,0.200
1173,257.628488,-283.204509,-1.019492,0.200
1174,257.719011,-283.679355,-1.014891,0.200
1175,257.793825,-284.129625,-1.004632,0.200
1176,257.895138,-284.564803,-1.007587,0.200
1177,258.076597,-284.934541,-0.982623,0.200
1178,258.133044,-285.334089,-0.997210,0.200
1179,258.222931,-285.729911,-0.984433,0.200
1180,258.348891,-286.153598,-0.973767,0.200
1181,258.443547,-286.610239,-0.973555,0.200
1182,258.499232,-287.049880,-1.172691,0.200
1183,258.548639,-287.494014,-1.179319,0.200
1184,258.502685,-288.080043,-1.204121,0.200
1185,258.489395,-288.495106,-1.192998,0.200
1186,258.519840,-289.047319,-1.207856,0.200
1187,258.663014,-289.434689,-1.161169,0.200
1188,258.641998,-289.944307,-1.164012,0.200
1189,258.609117,-290.652884,-1.150436,0.200
1190,258.527403,-291.425006,-1.023315,0.200
1191,258.587644,-292.605591,-1.002573,0.200
1192,258.739500,-293.041272,-1.026995,0.200
1193,258.848937,-293.472728,-1.051957,0.200
1194,258.874766,-294.163859,-1.046725,0.200
1195,258.802248,-294.730131,-1.011751,0.200
1196,258.747378,-295.460509,-1.007748,0.200
1197,258.894647,-295.869845,-1.032417,0.200
1198,259.027458,-296.267051,-1.050138,0.200
1199,259.072352,-296.737401,-1.064460,0.200
1200,259.117970,-297.156699,-1.066475,0.200
1201,259.146143,-297.620757,-1.064446,0.200
1202,259.308257,-298.096708,-1.029250,0.200
1203,259.377548,-298.551542,-1.032867,0.200
1204,259.452118,-299.006519,-1.046578,0.200
1205,259.486958,-299.467568,-1.032979,0.200
1206,259.622762,-299.890735,-1.029956,0.200
1207,259.687046,-300.418770,-1.010246,0.200
1208,259.821774,-300.963565,-1.002997,0.200
1209,259.771309,-301.567656,-1.101337,0.200
1210,259.798373,-302.108399,-1.079593,0.200
1211,259.941344,-302.521471,-1.074238,0.200
1212,260.012690,-303.052147,-1.072729,0.200
1213,260.186803,-303.518916,-1.089977,0.200
1214,260.261100,-303.944114,-1.083979,0.200
1215,260.404154,-304.411921,-1.072035,0.200
1216,260.447943,-304.846007,-1.084857,0.200
1217,260.544165,-305.302272,-1.084702,0.200
1218,260.667661,-305.713390,-1.075781,0.200
1219,260.736265,-306.130910,-1.056503,0.200
1220,260.829873,-306.607862,-1.061366,0.200
1221,260.922522,-307.024293,-1.060870,0.200
1222,260.992059,-307.466674,-1.048816,0.200
1223,261.091488,-307.894102,-1.058270,0.200
1224,261.162422,-308.294922,-1.042178,0.200
1225,261.288101,-308.682512,-1.072317,0.200
1226,261.368183,-309.101876,-1.067097,0.200
1227,261.436136,-309.504829,-1.057586,0.200
1228,261.563175,-309.920042,-1.043172,0.200
1229,261.636988,-310.316520,-1.037066,0.200
1230,261.744318,-310.817581,-1.045838,0.200
1231,261.896926,-311.249479,-1.044764,0.200
1232,262.011672,-311.678648,-1.040039,0.200
1233,262.033810,-312.115929,-1.017401,0.200
1234,262.202080,-312.661981,-1.038607,0.200
1235,262.290566,-313.101245,-1.042790,0.200
1236,262.381248,-313.544941,-1.034848,0.200
1237,262.520908,-313.962025,-1.048124,0.200
1238,262.344596,-314.455521,-1.055758,0.200
1239,262.668995,-314.217067,-1.031161,0.200
1240,262.762827,-314.817727,-1.053318,0.200
1241,262.995121,-315.492958,-1.045338,0.200
1242,263.036914,-315.941912,-1.059824,0.200
1243,263.214252,-316.306772,-1.045548,0.200
1244,263.408137,-316.813018,-0.989318,0.200
1245,263.376527,-317.445433,-1.004858,0.200
1246,263.454246,-317.843197,-1.039388,0.200
1247,263.650902,-318.334628,-1.084212,0.200
1248,263.805394,-318.772409,-1.046428,0.200
1249,263.911533,-319.237981,-1.104162,0.200
1250,263.756726,-319.651295,-0.864312,0.200
1251,264.031661,-320.107703,-0.881009,0.200
1252,264.146960,-320.505444,-0.887195,0.200
1253,264.359178,-320.886964,-0.913272,0.200
1254,264.475122,-321.376578,-0.932154,0.200
1255,264.680462,-321.772402,-0.941911,0.200
1256,264.848842,-322.227716,-0.934380,0.200
1257,265.066086,-322.642210,-0.922926,0.200
1258,265.277481,-323.224101,-0.922980,0.200
1259,265.454998,-323.633763,-0.915232,0.200
1260,265.626582,-324.160240,-0.925970,0.200
1261,265.857274,-324.583449,-0.916860,0.200
1262,266.024219,-324.971072,-0.925215,0.200
1263,266.197113,-325.360703,-0.921099,0.200
1264,266.256916,-325.829612,-0.919803,0.200
1265,266.477503,-326.170266,-0.918655,0.200
1266,266.658695,-326.597305,-0.897076,0.200
1267,266.894219,-326.998188,-0.918453,0.200
1268,267.066319,-327.442404,-0.893732,0.200
1269,267.170486,-327.901374,-0.903415,0.200
1270,267.332149,-328.328643,-0.892745,0.200
1271,267.528247,-328.922255,-0.936544,0.200
1272,267.141878,-329.162090,-0.966327,0.200
1273,267.508200,-329.445127,-0.941337,0.200
1274,267.761728,-329.799374,-0.921758,0.200
1275,268.010331,-330.166921,-0.906600,0.200
1276,268.259562,-330.548617,-0.903772,0.200
1277,268.410386,-330.942685,-0.898497,0.200
1278,268.640249,-331.319888,-0.876656,0.200
1279,268.735726,-331.802367,-0.868624,0.200
1280,269.089131,-332.093521,-0.911712,0.200
1281,269.198828,-332.564713,-0.899687,0.200
1282,268.982728,-333.013431,-0.949176,0.200
1283,269.262351,-333.422746,-0.952875,0.200
1284,269.665382,-333.720958,-0.946173,0.200
1285,269.932713,-334.087929,-0.902783,0.200
1286,270.066947,-334.870639,-0.940877,0.200
1287,269.861057,-335.289704,-0.942082,0.200
1288,270.101577,-335.709942,-0.898599,0.200
1289,270.387716,-336.168519,-0.879829,0.200
1290,270.664230,-336.537178,-0.917511,0.200
1291,270.779866,-336.952747,-0.923730,0.200
1292,271.043353,-337.328438,-0.894988,0.200
1293,271.316547,-337.743044,-0.901596,0.200
1294,271.518605,-338.196621,-0.880512,0.200
1295,271.706321,-338.563417,-0.856233,0.200
1296,271.911999,-338.993272,-0.857966,0.200
1297,272.051348,-339.421470,-0.859825,0.200
1298,272.373556,-339.715527,-0.842703,0.200
1299,272.616173,-340.050933,-0.870858,0.200
1300,272.753963,-340.516250,-0.897126,0.200
1301,273.186451,-340.686856,-3.038076,0.200
1302,272.799296,-340.832668,-3.036423,0.200
1303,272.412292,-340.992814,-3.125102,0.200
1304,271.999382,-340.903101,-3.102290,0.200
1305,272.366215,-341.098856,1.855191,0.200
1306,272.220117,-340.706913,1.482843,0.200
1307,272.160323,-340.264301,1.502382,0.200
1308,271.859161,-339.839069,1.513870,0.200
1309,271.818242,-339.344502,1.514824,0.200
1310,271.881604,-338.912354,1.472406,0.200
1311,271.649049,-338.577570,1.474040,0.200
1312,271.552438,-338.040182,1.470147,0.200
1313,271.227944,-337.579550,1.518080,0.200
1314,271.143309,-337.107578,1.524350,0.200
1315,271.152278,-336.380728,1.528906,0.200
1316,271.010820,-335.954577,1.434542,0.200
1317,271.238797,-335.495192,1.436186,0.200
1318,271.158175,-335.065185,1.438177,0.200
1319,271.054234,-334.657982,1.441646,0.200
1320,270.784327,-334.302807,1.433536,0.200
1321,270.670872,-333.818579,1.453975,0.200
1322,270.660684,-333.382324,1.375237,0.200
1323,270.326564,-333.138301,1.393433,0.200
1324,270.193793,-332.740423,1.362713,0.200
1325,270.115003,-332.267844,1.427026,0.200
1326,270.015576,-331.723582,1.422721,0.200
1327,270.105589,-331.327741,1.407455,0.200
1328,270.171983,-330.821321,1.355729,0.200
1329,270.338067,-330.330487,1.347030,0.200
1330,270.313866,-329.874893,1.371176,0.200
1331,270.313980,-329.425444,1.381170,0.200
1332,270.265694,-328.973873,1.374750,0.200
1333,270.318607,-328.317655,1.358008,0.200
1334,270.255502,-327.901312,1.383880,0.200
1335,270.774443,-326.824107,1.331656,0.200
1336,270.796947,-326.308438,1.369505,0.200
1337,269.863562,-326.834530,1.436593,0.200
1338,269.318774,-327.197451,1.435236,0.200
1339,268.883074,-327.529931,1.464323,0.200
1340,268.342499,-327.635227,1.500410,0.200
1341,268.024001,-327.004943,1.445613,0.200
1342,268.158154,-326.583861,1.467769,0.200
1343,267.978132,-326.059726,1.418912,0.200
1344,267.922188,-325.625632,1.428365,0.200
1345,267.839822,-325.227653,1.422185,0.200
1346,267.734107,-324.561530,1.353475,0.200
1347,267.746472,-324.072903,1.415200,0.200
1348,267.796655,-323.307506,1.420495,0.200
1349,268.054089,-322.439349,1.532867,0.200
1350,268.148733,-321.960095,1.515505,0.200
1351,268.438500,-321.174449,1.552371,0.200
1352,268.608169,-320.721202,1.522740,0.200
1353,268.994649,-320.096956,1.532843,0.200
1354,269.283600,-319.683117,1.522086,0.200
1355,269.637519,-319.335226,1.526028,0.200
1356,269.997391,-319.116358,1.516489,0.200
1357,269.924582,-318.715493,1.522341,0.200
1358,269.823230,-318.290869,1.533732,0.200
1359,269.667310,-317.830815,1.531124,0.200
1360,269.533299,-317.304195,1.489116,0.200
1361,269.498191,-316.819978,1.485894,0.200
1362,269.461736,-316.308397,1.487507,0.200
1363,269.327910,-315.853912,1.499520,0.200
1364,269.217511,-315.448797,1.546375,0.200
1365,269.158804,-315.016863,1.522182,0.200
1366,269.063921,-314.527817,1.532759,0.200
1367,269.006945,-314.111480,1.548111,0.200
1368,268.924475,-313.713780,1.544455,0.200
1369,268.820768,-313.306300,1.544618,0.200
1370,268.902704,-312.608408,1.451271,0.200
1371,268.687264,-312.178073,1.450130,0.200
1372,268.533758,-311.798168,1.468022,0.200
1373,268.506509,-311.346008,1.427383,0.200
1374,268.455190,-310.652163,1.473435,0.200
1375,268.322762,-310.246281,1.484748,0.200
1376,268.278363,-309.846359,1.516563,0.200
1377,268.209142,-309.451280,1.532598,0.200
1378,268.080407,-309.030161,1.519497,0.200
1379,268.011685,-308.580005,1.504763,0.200
1380,267.762749,-308.207938,1.512807,0.200
1381,267.709086,-307.774509,1.534944,0.200
1382,267.512741,-307.297981,1.415767,0.200
1383,267.413968,-306.868254,1.365851,0.200
1384,267.244836,-306.451722,1.388824,0.200
1385,267.125959,-306.019649,1.391679,0.200
1386,267.093420,-305.607461,1.400166,0.200
1387,266.851315,-305.114988,1.487537,0.200
1388,266.645537,-304.616112,1.510117,0.200
1389,266.585315,-304.058331,1.491703,0.200
1390,266.792488,-303.460443,1.495517,0.200
1391,267.127039,-302.983419,1.554916,0.200
1392,267.096661,-302.581744,1.569089,0.200
1393,266.878555,-302.164529,1.563606,0.200
1394,266.567617,-301.840120,1.581577,0.200
1395,266.527966,-301.380306,1.566634,0.200
1396,266.309018,-300.997929,1.559901,0.200
1397,266.135240,-300.605924,1.559294,0.200
1398,266.033936,-300.206645,1.564938,0.200
1399,265.928529,-299.768729,1.556579,0.200
1400,265.714712,-299.412774,1.548913,0.200
1401,265.532887,-298.945059,1.543755,0.200
1402,265.387876,-298.529150,1.535651,0.200
1403,265.220933,-298.088553,1.540459,0.200
1404,265.075644,-297.701849,1.552117,0.200
1405,264.947550,-297.281403,1.548786,0.200
1406,264.733926,-296.895436,1.515068,0.200
1407,264.619249,-296.508058,1.535622,0.200
1408,264.516114,-296.115164,1.532961,0.200
1409,264.416673,-295.581362,1.550842,0.200
1410,264.171232,-295.255902,1.506652,0.200
1411,264.049638,-294.673198,1.508025,0.200
1412,263.752910,-294.147382,1.553703,0.200
1413,263.642865,-293.739830,1.541262,0.200
1414,263.488166,-293.369937,1.547678,0.200
1415,263.335623,-292.965343,1.533216,0.200
1416,263.215431,-292.529400,1.548884,0.200
1417,263.019604,-292.159256,1.552601,0.200
1418,262.937567,-291.756769,1.536148,0.200
1419,262.798332,-291.250162,1.545895,0.200
1420,262.629404,-290.858796,1.546073,0.200
1421,262.469533,-290.380175,1.531605,0.200
1422,262.277570,-289.986022,1.541546,0.200
1423,262.183827,-289.583306,1.558278,0.200
1424,261.983273,-289.137084,1.555319,0.200
1425,261.863852,-288.754585,1.549720,0.200
1426,261.710227,-288.346911,1.531530,0.200
1427,261.577421,-287.948554,1.544934,0.200
1428,261.356663,-287.412167,1.555023,0.200
1429,261.266396,-286.989881,1.535437,0.200
1430,261.083923,-286.540706,1.550943,0.200
1431,260.884742,-286.087038,1.561071,0.200
1432,260.735647,-285.707431,1.549342,0.200
1433,260.496328,-285.221524,1.553701,0.200
1434,260.298141,-284.808163,1.565804,0.200
1435,260.147175,-284.373122,1.562378,0.200
1436,259.899848,-283.857783,1.584475,0.200
1437,259.734827,-283.421046,1.586032,0.200
1438,259.582032,-282.900114,1.572361,0.200
1439,259.379002,-282.402583,1.610949,0.200
1440,259.357124,-281.961488,1.636964,0.200
1441,259.237586,-281.343442,1.629392,0.200
1442,258.993051,-280.969559,1.606949,0.200
1443,258.766374,-280.547329,1.651874,0.200
1444,258.602587,-280.168320,1.601345,0.200
1445,258.549367,-279.741777,1.517258,0.200
1446,258.216602,-279.409804,1.508932,0.200
1447,257.949027,-279.030033,1.510324,0.200
1448,257.799682,-278.544250,1.505167,0.200
1449,257.639676,-278.081854,1.520068,0.200
1450,257.559850,-277.626266,1.500568,0.200
1451,257.523259,-277.112515,1.543046,0.200
1452,257.323703,-276.680356,1.548486,0.200
1453,257.119730,-276.300339,1.556720,0.200
1454,256.973803,-275.913330,1.547855,0.200
1455,256.715394,-275.556218,1.508477,0.200
1456,256.571367,-275.086914,1.512591,0.200
1457,256.417292,-274.644152,1.497309,0.200
1458,256.221396,-274.191573,1.506734,0.200
1459,256.055489,-273.781570,1.505330,0.200
1460,255.859048,-273.286351,1.532838,0.200
1461,255.714393,-272.824197,1.530840,0.200
1462,255.585306,-272.425717,1.500871,0.200
1463,255.412007,-272.063861,1.502719,0.200
1464,255.328558,-271.607487,1.519395,0.200
1465,255.214462,-271.162477,1.528889,0.200
1466,254.893380,-270.795168,1.529420,0.200
1467,254.828639,-270.291662,1.521777,0.200
1468,254.633933,-269.935933,1.514158,0.200
1469,254.553697,-269.538363,1.521086,0.200
1470,254.331005,-268.966072,1.507434,0.200
1471,253.864996,-268.804480,1.486021,0.200
1472,253.590280,-268.512216,1.502256,0.200
1473,253.442783,-267.771038,1.574934,0.200
1474,253.493872,-267.281306,1.609806,0.200
1475,253.584351,-266.872644,1.597411,0.200
1476,253.430432,-266.284978,1.596174,0.200
1477,253.171831,-265.916742,1.580905,0.200
1478,252.764137,-265.505740,1.597974,0.200
1479,252.358032,-265.343601,1.518857,0.200
1480,252.174118,-264.871256,1.506727,0.200
1481,252.121149,-264.378066,1.526085,0.200
1482,252.082541,-263.943333,1.532227,0.200
1483,251.955315,-263.560460,1.595541,0.200
1484,251.935309,-263.076237,1.586417,0.200
1485,251.924830,-262.611627,1.558116,0.200
1486,251.654958,-262.210861,1.492960,0.200
1487,251.787972,-261.662041,1.546204,0.200
1488,252.075540,-261.272842,1.590601,0.200
1489,252.376937,-260.606959,1.650168,0.200
1490,252.392948,-260.195338,1.628600,0.200
1491,252.259545,-259.797381,1.644690,0.200
1492,252.058209,-259.400497,1.635147,0.200
1493,251.722259,-259.067131,1.682692,0.200
1494,251.522886,-258.710959,1.624343,0.200
1495,251.158918,-258.458939,1.678569,0.200
1496,251.045963,-258.029982,1.664763,0.200
1497,250.949194,-257.560457,1.683372,0.200
1498,250.829934,-257.144246,1.667876,0.200
1499,250.765617,-256.649330,1.688420,0.200
1500,250.690840,-256.235376,1.677668,0.200
1501,250.644878,-255.803200,1.616114,0.200
1502,250.474743,-255.351273,1.593268,0.200
1503,250.104763,-255.515646,1.623763,0.200
1504,250.023412,-255.112093,1.603440,0.200
1505,249.910243,-254.693270,1.608605,0.200
1506,249.708651,-254.234009,1.517178,0.200
1507,249.742224,-253.597346,1.589232,0.200
1508,249.805603,-253.183575,1.616308,0.200
1509,249.999434,-252.596308,1.640980,0.200
1510,250.037754,-252.190635,1.651166,0.200
1511,249.791900,-251.843140,1.633408,0.200
1512,249.622338,-251.422051,1.591235,0.200
1513,249.455183,-250.972379,1.563282,0.200
1514,249.361907,-250.538146,1.535449,0.200
1515,249.087069,-250.094081,1.535467,0.200
1516,248.951252,-249.655593,1.505423,0.200
1517,248.667221,-249.307637,1.536547,0.200
1518,248.409765,-248.878716,1.512804,0.200
1519,248.219290,-248.490294,1.537504,0.200
1520,247.951312,-248.100339,1.519528,0.200
1521,247.838918,-247.715925,1.537187,0.200
1522,247.869636,-247.221253,1.535657,0.200
1523,247.732364,-246.814993,1.540928,0.200
1524,247.516760,-246.364876,1.528056,0.200
1525,247.465319,-245.708047,1.560202,0.200
1526,247.616080,-245.114475,1.577063,0.200
1527,247.628526,-244.648009,1.578024,0.200
1528,247.500294,-244.102083,1.582618,0.200
1529,247.348083,-243.685870,1.580370,0.200
1530,247.135602,-243.316128,1.593477,0.200
1531,246.999254,-242.892747,1.588134,0.200
1532,246.815869,-242.477849,1.608126,0.200
1533,246.816160,-242.026779,1.596680,0.200
1534,246.696093,-241.617710,1.586700,0.200
1535,246.453878,-241.188671,1.579859,0.200
1536,246.206820,-240.690224,1.601913,0.200
1537,246.039808,-240.204650,1.595378,0.200
1538,245.633804,-239.843765,1.614830,0.200
1539,244.881410,-239.917240,1.594946,0.200
1540,244.026610,-240.152801,1.596037,0.200
1541,243.645987,-240.284882,1.583933,0.200
1542,243.146176,-240.336810,1.612368,0.200
1543,242.609656,-240.331519,1.607643,0.200
1544,242.179119,-240.285258,1.603455,0.200
1545,241.947703,-239.852921,1.578047,0.200
1546,241.817603,-239.465093,1.620183,0.200
1547,241.586886,-239.057527,1.620064,0.200
1548,241.443287,-238.672203,1.628862,0.200
1549,241.157562,-238.146802,1.623795,0.200
1550,240.982322,-237.757307,1.606540,0.200
1551,240.802776,-237.308806,1.613237,0.200
1552,240.578834,-236.907394,1.571047,0.200
1553,240.451849,-236.442302,1.574871,0.200
1554,240.282522,-236.065849,1.560962,0.200
1555,240.161172,-235.657536,1.550794,0.200
1556,239.969569,-235.127036,1.541078,0.200
1557,239.754764,-234.783069,1.572725,0.200
1558,239.634553,-234.349633,1.573675,0.200
1559,239.466110,-233.934349,1.541670,0.200
1560,239.472299,-233.384008,1.547750,0.200
1561,239.426966,-232.961025,1.536671,0.200
1562,239.454299,-232.495619,1.551251,0.200
1563,239.186362,-232.162464,1.626059,0.200
1564,239.086760,-231.679558,1.612583,0.200
1565,238.867182,-231.209669,1.583684,0.200
1566,238.951855,-230.808664,1.557116,0.200
1567,238.797623,-230.341747,1.588257,0.200
1568,238.427987,-230.080847,1.563471,0.200
1569,238.184965,-229.746789,1.567443,0.200
1570,238.140278,-229.275546,1.554660,0.200
1571,238.001758,-228.775137,1.536026,0.200
1572,237.835798,-228.395474,1.521831,0.200
1573,237.815044,-227.559640,1.583895,0.200
1574,237.435406,-227.138664,1.492245,0.200
1575,237.092178,-226.914857,1.468023,0.200
1576,236.369126,-226.547959,1.548674,0.200
1577,235.975055,-226.649152,1.538615,0.200
1578,235.046611,-226.447538,1.545259,0.200
1579,234.206501,-226.418000,1.509438,0.200
1580,233.624452,-226.248420,1.528485,0.200
1581,233.475024,-225.840414,1.513233,0.200
1582,233.360317,-225.428293,1.538419,0.200
1583,233.218784,-224.997552,1.534897,0.200
1584,233.152096,-224.520294,1.553301,0.200
1585,233.015090,-224.133893,1.556179,0.200
1586,232.835317,-223.758040,1.554428,0.200
1587,232.628947,-223.389306,1.542956,0.200
1588,232.426996,-222.976212,1.548002,0.200
1589,232.302333,-222.534416,1.561943,0.200
1590,231.983355,-222.167026,1.548688,0.200
1591,231.864425,-221.754769,1.529981,0.200
1592,231.855586,-221.343529,1.571613,0.200
1593,231.641760,-220.916253,1.522411,0.200
1594,231.563688,-220.436497,1.579197,0.200
1595,231.570962,-219.962613,1.585847,0.200
1596,231.452582,-219.529660,1.552142,0.200
1597,231.348229,-219.067079,1.576653,0.200
1598,230.863546,-219.076861,2.254505,0.200
1599,230.425495,-219.262017,2.713476,0.200
1600,229.966044,-219.301466,2.626019,0.200
1601,229.429426,-219.323437,2.636251,0.200
1602,229.016108,-219.352853,2.643185,0.200
1603,228.622335,-219.589959,2.720231,0.200
1604,228.159284,-219.677354,2.556151,0.200
1605,227.707289,-219.651623,2.624834,0.200
1606,227.260247,-219.595801,2.602170,0.200
1607,226.875758,-219.414376,2.657995,0.200
1608,226.418548,-219.355973,2.615780,0.200
1609,226.000595,-219.404964,2.589062,0.200
1610,225.565154,-219.350007,2.602080,0.200
1611,225.141692,-219.285601,2.618344,0.200
1612,224.624558,-219.279019,2.634843,0.200
1613,224.223653,-219.170720,2.684137,0.200
1614,223.745327,-219.136491,2.627540,0.200
1615,223.279806,-219.160225,2.631632,0.200
1616,223.023564,-218.827295,2.813782,0.200
1617,222.625127,-219.002407,2.820643,0.200
1618,222.148600,-219.091975,2.914595,0.200
1619,221.244886,-219.022086,2.918559,0.200
1620,220.842650,-218.832420,2.995821,0.200
1621,220.297050,-218.285584,3.031052,0.200
1622,220.238875,-217.665158,3.052818,0.200
1623,220.400413,-217.207832,3.094237,0.200
1624,221.124215,-216.589507,3.003445,0.200
1625,222.002453,-216.062761,3.065635,0.200
1626,222.392636,-215.921622,3.075130,0.200
1627,223.034284,-215.804607,3.065808,0.200
1628,223.499883,-215.723616,3.125437,0.200
1629,223.875096,-215.577762,3.107728,0.200
1630,224.272510,-215.482501,3.066718,0.200
1631,224.783336,-215.436117,3.070655,0.200
1632,225.582394,-215.408577,-3.105336,0.200
1633,226.031968,-215.308860,3.076717,0.200
1634,226.936239,-215.018804,3.088275,0.200
1635,227.460432,-214.946015,3.026670,0.200
1636,227.971336,-214.877587,3.047726,0.200
1637,228.466353,-214.767933,3.067665,0.200
1638,228.927309,-214.724643,3.037159,0.200
1639,229.331103,-214.589217,3.051639,0.200
1640,229.782295,-214.459820,3.034614,0.200
1641,230.011696,-213.998759,3.033215,0.200
1642,230.178294,-214.393476,3.129976,0.200
1643,230.031256,-214.844728,3.030233,0.200
1644,229.569206,-215.088249,3.020150,0.200
1645,229.514101,-215.538816,2.982492,0.200
1646,229.529891,-216.217139,3.002508,0.200
1647,229.674532,-216.863599,3.019786,0.200
1648,229.115698,-217.189072,2.917585,0.200
1649,228.714738,-217.650530,2.925508,0.200
1650,228.277306,-217.753972,3.005629,0.200
1651,227.979742,-218.117391,2.992707,0.200
1652,227.585939,-218.240285,3.008881,0.200
1653,227.093785,-218.203661,3.023685,0.200
1654,226.534392,-218.281031,2.980511,0.200
1655,225.934537,-218.374014,3.016672,0.200
1656,225.533920,-218.328400,2.996043,0.200
1657,225.141803,-218.226374,2.997138,0.200
1658,224.698472,-218.305924,3.041610,0.200
1659,224.356426,-218.621219,3.000203,0.200
1660,223.845569,-218.635323,3.020573,0.200
1661,223.387921,-218.847175,3.018844,0.200
1662,222.791571,-219.141457,3.104512,0.200
1663,222.423423,-219.363100,3.105102,0.200
1664,221.952039,-219.154953,3.115532,0.200
1665,221.622010,-218.813293,3.006059,0.200
1666,221.202047,-218.554289,2.973067,0.200
1667,220.727972,-218.690304,2.988161,0.200
1668,220.411177,-219.106925,3.015954,0.200
1669,220.084350,-219.390058,3.016904,0.200
1670,219.655258,-219.088911,3.078428,0.200
1671,219.228078,-219.229173,3.123653,0.200
1672,218.801771,-219.384819,3.104490,0.200
1673,218.356578,-219.435127,-3.116348,0.200
1674,217.822304,-219.730232,2.964261,0.200
1675,217.393007,-219.992905,3.007091,0.200
1676,216.421007,-220.319913,2.937177,0.200
1677,215.805659,-220.606094,2.960319,0.200
1678,215.202071,-220.800430,3.003422,0.200
1679,214.552831,-220.973157,3.004698,0.200
1680,214.113010,-220.941757,3.009553,0.200
1681,214.141955,-221.434029,2.922988,0.200
1682,214.680029,-221.772589,2.926627,0.200
1683,215.123058,-222.279473,2.894636,0.200
1684,215.584236,-222.799832,2.910683,0.200
1685,215.992794,-223.275107,2.771876,0.200
1686,216.393800,-223.711415,2.753724,0.200
1687,216.816636,-224.108163,2.804492,0.200
1688,217.366290,-224.628637,2.767811,0.200
1689,217.963921,-225.110806,2.753041,0.200
1690,218.558949,-225.334452,2.765050,0.200
1691,217.924947,-225.232156,2.485538,0.200
1692,217.468669,-225.084613,2.518090,0.200
1693,216.962059,-224.986227,2.468254,0.200
1694,216.415173,-224.941009,2.495036,0.200
1695,215.839503,-224.818574,2.546763,0.200
1696,215.270640,-224.769684,2.581429,0.200
1697,214.629103,-224.636121,2.605155,0.200
1698,214.218639,-224.588262,2.571407,0.200
1699,213.451022,-224.567974,2.587946,0.200
1700,213.030900,-224.574329,2.561692,0.200
1701,212.607921,-224.575331,2.587224,0.200
1702,212.162742,-224.587639,2.549679,0.200
1703,211.747734,-224.597526,2.548518,0.200
1704,210.867890,-224.625135,2.559233,0.200
1705,210.431794,-224.681466,2.597069,0.200
1706,209.980832,-224.696558,2.546777,0.200
1707,209.519585,-224.621537,2.523776,0.200
1708,208.620406,-224.506184,2.557043,0.200
1709,208.216074,-224.446943,2.596664,0.200
1710,207.788232,-224.394491,2.519543,0.200
1711,207.285974,-224.284715,2.550288,0.200
1712,206.834246,-224.197541,2.589352,0.200
1713,204.976293,-223.747246,2.583360,0.200
1714,204.186146,-223.671443,2.637215,0.200
1715,203.480303,-223.710358,2.618909,0.200
1716,202.698961,-223.732841,2.641566,0.200
1717,201.427088,-223.741131,2.682313,0.200
1718,201.028364,-223.694864,2.621779,0.200
1719,200.595387,-223.684236,2.631993,0.200
1720,200.145073,-223.680724,2.625614,0.200
1721,199.702086,-223.706958,2.677008,0.200
1722,199.296942,-223.725855,2.661041,0.200
1723,197.976632,-223.699352,2.619473,0.200
1724,197.540444,-223.673605,2.641209,0.200
1725,197.069460,-223.643678,2.647488,0.200
1726,196.621794,-223.586571,2.581841,0.200
1727,196.174715,-223.576894,2.603601,0.200
1728,195.701293,-223.549022,2.622720,0.200
1729,195.241779,-223.548015,2.624776,0.200
1730,194.769087,-223.525255,2.645398,0.200
1731,194.285032,-223.496643,2.552578,0.200
1732,193.815092,-223.496213,2.590180,0.200
1733,192.716319,-223.485213,2.700586,0.200
1734,191.424662,-223.406698,2.776149,0.200
1735,189.347581,-223.804474,2.827173,0.200
1736,188.690693,-224.003442,2.834826,0.200
1737,188.038514,-224.196491,2.810548,0.200
1738,187.430587,-224.377440,2.833979,0.200
1739,186.859390,-224.505748,2.828783,0.200
1740,186.324294,-224.628940,2.850417,0.200
1741,185.796206,-224.711890,2.858299,0.200
1742,184.736541,-224.942815,2.841062,0.200
1743,184.261507,-225.042102,2.845446,0.200
1744,183.452923,-225.147732,2.861592,0.200
1745,182.844627,-225.215555,2.833353,0.200
1746,182.099406,-225.246651,2.892516,0.200
1747,181.506019,-225.283299,2.856075,0.200
1748,180.726849,-225.332822,2.876593,0.200
1749,180.275592,-225.328527,2.913971,0.200
1750,179.881174,-225.422014,2.894231,0.200
1751,179.460936,-225.469289,2.906679,0.200
1752,179.296745,-225.836874,2.647406,0.200
1753,179.550175,-226.148318,2.622761,0.200
1754,179.020292,-225.905159,2.654690,0.200
1755,178.542220,-225.889825,2.658199,0.200
1756,178.081883,-225.840078,2.673408,0.200
1757,177.528557,-225.788915,2.688177,0.200
1758,177.037994,-225.719828,2.649678,0.200
1759,176.628692,-225.650909,2.644478,0.200
1760,176.098446,-225.659121,2.672193,0.200
1761,175.648489,-225.690031,2.680851,0.200
1762,175.198985,-225.617650,2.685403,0.200
1763,174.784054,-225.620332,2.667217,0.200
1764,174.688571,-226.010605,2.469785,0.200
1765,174.473788,-226.701622,2.496905,0.200
1766,174.116296,-227.387767,2.554207,0.200
1767,173.662656,-227.526818,2.538094,0.200
1768,173.239846,-227.316596,2.524664,0.200
1769,172.860087,-227.174648,2.576297,0.200
1770,172.389438,-227.124843,2.600676,0.200
1771,171.959619,-227.062577,2.587594,0.200
1772,171.530390,-227.056319,2.567410,0.200
1773,171.012270,-226.880891,2.540291,0.200
1774,170.571457,-226.875635,2.571656,0.200
1775,170.144210,-226.823221,2.560937,0.200
1776,169.721254,-226.782384,2.581103,0.200
1777,169.271218,-226.698660,2.577902,0.200
1778,168.869258,-226.685306,2.598581,0.200
1779,168.442543,-226.659064,2.594080,0.200
1780,167.948054,-226.520360,2.600653,0.200
1781,167.535468,-226.477946,2.591310,0.200
1782,167.124620,-226.563969,2.530093,0.200
1783,166.674698,-226.553016,2.567712,0.200
1784,166.199220,-226.497614,2.622119,0.200
1785,165.718428,-226.378763,2.557631,0.200
1786,165.300726,-226.228491,2.588377,0.200
1787,164.872526,-226.171122,2.646716,0.200
1788,164.459102,-226.327113,2.625601,0.200
1789,164.047698,-226.325839,2.639714,0.200
1790,163.595812,-226.159052,2.596791,0.200
1791,163.108353,-226.121478,2.615399,0.200
1792,162.664711,-226.099523,2.625603,0.200
1793,162.222599,-226.069985,2.613603,0.200
1794,161.667549,-226.045574,2.638617,0.200
1795,161.231231,-226.013439,2.677012,0.200
1796,160.809594,-225.958940,2.671100,0.200
1797,160.362670,-225.876070,2.685104,0.200
1798,159.929466,-225.870436,2.690971,0.200
1799,159.524721,-225.946517,2.614541,0.200
1800,159.074439,-225.838115,2.605840,0.200
1801,158.620089,-225.781229,2.616720,0.200
1802,158.168640,-225.751523,2.640801,0.200
1803,157.713581,-225.738889,2.663125,0.200
1804,157.225177,-225.711183,2.638577,0.200
1805,156.818151,-225.725328,2.688384,0.200
1806,156.373373,-225.731492,2.699500,0.200
1807,155.933325,-225.661628,2.695642,0.200
1808,155.384269,-225.553867,2.720296,0.200
1809,154.965997,-225.579333,2.696951,0.200
1810,153.943149,-225.634668,2.763614,0.200
1811,153.115035,-225.808423,2.718601,0.200
1812,152.677653,-225.926204,2.566514,0.200
1813,152.296318,-226.058077,2.641967,0.200
1814,151.824936,-226.006682,2.663269,0.200
1815,151.398777,-225.941513,2.635512,0.200
1816,150.964499,-225.964423,2.643162,0.200
1817,150.513205,-225.949310,2.667539,0.200
1818,149.988034,-225.900562,2.564730,0.200
1819,149.584327,-225.877681,2.560770,0.200
1820,149.160562,-225.749208,2.411795,0.200
1821,148.613832,-225.635663,2.382199,0.200
1822,148.212275,-225.523518,2.453668,0.200
1823,147.715837,-225.408878,2.452121,0.200
1824,147.297887,-225.338132,2.444712,0.200
1825,146.837541,-225.232282,2.460392,0.200
1826,146.420870,-225.137089,2.482249,0.200
1827,146.019701,-225.093933,2.435996,0.200
1828,145.618669,-224.996038,2.521812,0.200
1829,145.140785,-224.866372,2.511640,0.200
1830,144.714539,-224.818130,2.480569,0.200
1831,144.312039,-224.751000,2.487946,0.200
1832,143.937413,-224.595231,2.424727,0.200
1833,143.537666,-224.519545,2.464676,0.200
1834,143.096307,-224.440886,2.435540,0.200
1835,142.649900,-224.346388,2.454287,0.200
1836,142.045156,-224.206730,2.437147,0.200
1837,141.671934,-223.994229,2.437876,0.200
1838,141.221908,-223.946762,2.447563,0.200
1839,140.786735,-223.863060,2.439409,0.200
1840,140.337894,-223.768774,2.454021,0.200
1841,139.939077,-223.678843,2.467410,0.200
1842,139.489503,-223.608098,2.465310,0.200
1843,139.047209,-223.536205,2.413486,0.200
1844,138.648848,-223.474654,2.409844,0.200
1845,138.257456,-223.358715,2.437228,0.200
1846,137.825546,-223.400506,2.636731,0.200
1847,137.382082,-223.381854,2.629118,0.200
1848,136.978455,-223.325380,2.670935,0.200
1849,136.575525,-223.376736,2.600691,0.200
1850,136.173963,-223.350103,2.595845,0.200
1851,135.740686,-223.393252,2.609500,0.200
1852,135.258015,-223.358642,2.627664,0.200
1853,134.786140,-223.361892,2.633782,0.200
1854,134.314842,-223.316087,2.587638,0.200
1855,133.870476,-223.354114,2.611108,0.200
1856,133.424474,-223.353682,2.620318,0.200
1857,132.979639,-223.334632,2.654943,0.200
1858,132.525653,-223.347839,2.668535,0.200
1859,132.122713,-223.327040,2.650838,0.200
1860,131.560363,-223.345968,2.610909,0.200
1861,131.122943,-223.390277,2.656102,0.200
1862,130.612481,-223.411243,2.667725,0.200
1863,130.117018,-223.357200,2.548786,0.200
1864,129.717004,-223.345370,2.663203,0.200
1865,129.243777,-223.472798,2.644364,0.200
1866,128.791509,-223.316979,2.483441,0.200
1867,128.357028,-223.253347,2.544408,0.200
1868,127.924950,-223.251771,2.605871,0.200
1869,127.448590,-223.189779,2.506356,0.200
1870,126.983116,-223.134222,2.523693,0.200
1871,126.574068,-223.108895,2.531846,0.200
1872,126.172903,-223.084536,2.507672,0.200
1873,125.531826,-223.164221,2.575821,0.200
1874,124.603808,-223.232399,2.633505,0.200
1875,124.168625,-223.260610,2.618640,0.200
1876,123.726831,-223.180903,2.623897,0.200
1877,123.312123,-223.172268,2.621418,0.200
1878,122.819554,-223.146700,2.647762,0.200
1879,122.354762,-223.115523,2.657125,0.200
1880,121.760513,-223.083928,2.612702,0.200
1881,121.230528,-223.068376,2.638989,0.200
1882,120.702000,-223.009457,2.681429,0.200
1883,120.246276,-222.881220,2.603613,0.200
1884,119.797464,-222.870992,2.624728,0.200
1885,119.327210,-222.832873,2.613737,0.200
1886,118.876642,-222.835216,2.556764,0.200
1887,118.234116,-222.635128,2.621963,0.200
1888,117.828733,-222.580208,2.656657,0.200
1889,117.378051,-222.625812,2.645083,0.200
1890,116.896417,-222.626559,2.605325,0.200
1891,116.493049,-222.577996,2.622318,0.200
1892,115.876641,-222.480674,2.669487,0.200
1893,115.429728,-222.528611,2.670797,0.200
1894,115.026432,-222.510984,2.666012,0.200
1895,114.563833,-222.499590,2.666680,0.200
1896,114.105772,-222.519285,2.714982,0.200
1897,113.641580,-222.462464,2.707432,0.200
1898,113.213670,-222.488307,2.684433,0.200
1899,112.748097,-222.468156,2.616406,0.200
1900,112.297082,-222.443374,2.651844,0.200
1901,111.867157,-222.384216,2.661001,0.200
1902,111.435970,-222.405229,2.637298,0.200
1903,110.988715,-222.337018,2.618079,0.200
1904,110.430309,-222.297449,2.588187,0.200
1905,109.859980,-222.226752,2.623458,0.200
1906,109.415829,-222.202891,2.652214,0.200
1907,108.933261,-222.189410,2.600555,0.200
1908,108.510753,-222.143348,2.614942,0.200
1909,108.011680,-222.193729,2.604553,0.200
1910,107.587146,-222.088213,2.603643,0.200
1911,107.187916,-222.061391,2.612436,0.200
1912,106.670065,-222.229325,2.734175,0.200
1913,106.066265,-222.157104,2.659321,0.200
1914,105.562903,-221.940434,2.717106,0.200
1915,105.162457,-221.940360,2.630198,0.200
1916,104.740404,-221.891165,2.651929,0.200
1917,104.280217,-221.883241,2.660744,0.200
1918,103.858065,-221.857074,2.678258,0.200
1919,103.391628,-221.851754,2.660293,0.200
1920,102.989957,-221.800406,2.644077,0.200
1921,102.556456,-221.850524,2.694441,0.200
1922,102.127050,-221.766197,2.699426,0.200
1923,101.726982,-221.748698,2.690797,0.200
1924,101.316010,-221.717257,2.711474,0.200
1925,100.897875,-221.699865,2.723199,0.200
1926,100.435509,-221.686111,2.711483,0.200
1927,100.003396,-221.658520,2.706149,0.200
1928,99.597273,-221.649763,2.727550,0.200
1929,99.116502,-221.589960,2.716142,0.200
1930,98.708009,-221.562599,2.741096,0.200
1931,98.230403,-221.532874,2.746091,0.200
1932,97.778561,-221.507701,2.697184,0.200
1933,97.300361,-221.500573,2.709467,0.200
1934,96.841198,-221.430264,2.661322,0.200
1935,96.415263,-221.434751,2.678376,0.200
1936,95.979446,-221.369563,2.731716,0.200
1937,95.519935,-221.393142,2.744429,0.200
1938,95.096340,-221.335325,2.715855,0.200
1939,94.623566,-221.334968,2.681588,0.200
1940,94.163895,-221.273667,2.697200,0.200
1941,93.747548,-221.270920,2.702480,0.200
1942,93.235956,-221.202842,2.771607,0.200
1943,92.818220,-221.253249,2.801902,0.200
1944,92.354355,-221.261287,2.753387,0.200
1945,91.915536,-221.222957,2.725791,0.200
1946,91.456360,-221.221962,2.761614,0.200
1947,90.984945,-221.225806,2.799803,0.200
1948,90.493219,-221.213663,2.807754,0.200
1949,90.066402,-221.228730,2.801037,0.200
1950,89.655043,-221.237179,2.772939,0.200
1951,89.189144,-221.213274,2.744502,0.200
1952,88.635684,-221.260031,2.762134,0.200
1953,88.080705,-221.168589,2.685316,0.200
1954,87.722534,-221.389720,2.417537,0.200
1955,87.776163,-222.181623,2.504130,0.200
1956,87.463435,-221.844806,2.554879,0.200
1957,86.757666,-221.753781,2.671340,0.200
1958,86.214909,-221.700151,2.658453,0.200
1959,85.759681,-221.663726,2.689540,0.200
1960,85.339021,-221.623562,2.711584,0.200
1961,84.898779,-221.601635,2.718996,0.200
1962,84.453723,-221.565913,2.672813,0.200
1963,84.043424,-221.573510,2.638737,0.200
1964,83.518154,-221.524014,2.652550,0.200
1965,83.046290,-221.501758,2.712541,0.200
1966,82.642621,-221.496770,2.714398,0.200
1967,82.088954,-221.486395,2.640201,0.200
1968,81.669066,-221.415765,2.466166,0.200
1969,81.269703,-221.377582,2.434492,0.200
1970,80.858652,-221.252504,2.450282,0.200
1971,80.389957,-221.171505,2.418613,0.200
1972,79.982063,-221.053189,2.475912,0.200
1973,79.606644,-221.209094,2.575903,0.200
1974,79.187322,-221.013994,2.572954,0.200
1975,78.718879,-220.869282,2.633822,0.200
1976,78.302667,-220.793121,2.645356,0.200
1977,77.836107,-220.737521,2.580387,0.200
1978,77.395417,-220.640258,2.593281,0.200
1979,76.979232,-220.540037,2.588327,0.200
1980,76.547511,-220.516799,2.631494,0.200
1981,76.091987,-220.392919,2.653825,0.200
1982,75.677186,-220.315925,2.639157,0.200
1983,75.138447,-220.207252,2.597097,0.200
1984,74.677019,-220.128852,2.594919,0.200
1985,74.275364,-220.074698,2.593569,0.200
1986,73.860565,-220.035892,2.652901,0.200
1987,73.441531,-219.951248,2.652369,0.200
1988,73.014377,-219.867935,2.696334,0.200
1989,72.456698,-219.800590,2.643797,0.200
1990,72.053754,-219.600653,2.591011,0.200
1991,71.642652,-219.609554,2.612700,0.200
1992,71.206224,-219.537302,2.623826,0.200
1993,70.809438,-219.468288,2.614178,0.200
1994,70.367380,-219.421244,2.632956,0.200
1995,69.804050,-219.554473,2.571309,0.200
1996,69.360586,-219.757837,2.426051,0.200
1997,68.846520,-219.659051,2.478562,0.200
1998,68.388796,-219.608195,2.435161,0.200
1999,67.969988,-219.583932,2.452375,0.200
2000,67.461261,-219.553010,2.482502,0.200
2001,66.997782,-219.532404,2.499990,0.200
2002,66.567294,-219.510040,2.431809,0.200
2003,66.115259,-219.455934,2.476951,0.200
2004,65.693498,-219.464918,2.473967,0.200
2005,65.264558,-219.397822,2.448813,0.200
2006,64.863735,-219.384338,2.492941,0.200
2007,64.288751,-219.295615,2.472387,0.200
2008,63.798281,-219.257451,2.524310,0.200
2009,63.366837,-219.303689,2.469375,0.200
2010,62.905230,-219.268076,2.552535,0.200
2011,62.499310,-219.221832,2.518536,0.200
2012,62.080620,-219.174651,2.467708,0.200
2013,61.660154,-219.152009,2.491510,0.200
2014,61.005156,-219.217688,2.402481,0.200
2015,60.506101,-219.248030,2.485961,0.200
2016,60.052416,-219.113875,2.552073,0.200
2017,59.649697,-219.111085,2.544383,0.200
2018,59.165675,-219.122842,2.527660,0.200
2019,58.731197,-219.104383,2.480800,0.200
2020,58.286663,-219.098895,2.507785,0.200
2021,57.799548,-219.113367,2.546187,0.200
2022,57.373151,-219.079842,2.547060,0.200
2023,56.880756,-219.039160,2.433516,0.200
2024,56.441951,-219.073420,2.502938,0.200
2025,56.041641,-219.096909,2.496458,0.200
2026,55.580726,-219.035001,2.546114,0.200
2027,55.168652,-219.045133,2.553409,0.200
2028,54.736247,-219.037551,2.468319,0.200
2029,54.280483,-219.037291,2.505857,0.200
2030,53.866189,-219.042894,2.490506,0.200
2031,53.407793,-219.018682,2.463653,0.200
2032,52.927895,-218.936741,2.439402,0.200
2033,52.495017,-218.906070,2.435073,0.200
2034,52.087353,-218.883178,2.443179,0.200
2035,51.676995,-218.794164,2.485219,0.200
2036,51.127729,-218.785865,2.445325,0.200
2037,51.547977,-218.982538,2.596095,0.200
2038,51.105785,-219.003920,2.595997,0.200
2039,50.636847,-218.974001,2.580534,0.200
2040,50.214210,-218.958954,2.578655,0.200
2041,49.803440,-218.939867,2.495285,0.200
2042,49.315065,-218.958782,2.506745,0.200
2043,48.831340,-218.909115,2.564025,0.200
2044,48.421919,-218.906757,2.557660,0.200
2045,47.984170,-218.975309,2.573660,0.200
2046,47.445680,-218.832491,2.587663,0.200
2047,46.965975,-218.869233,2.594794,0.200
2048,46.550874,-218.872357,2.535848,0.200
2049,45.992842,-218.864242,2.579904,0.200
2050,45.591714,-218.812430,2.569118,0.200
2051,45.111398,-218.835479,2.574499,0.200
2052,44.660707,-218.872359,2.601360,0.200
2053,44.206294,-218.826891,2.568944,0.200
2054,43.783887,-218.816260,2.545958,0.200
2055,43.345821,-218.805882,2.620507,0.200
2056,42.938728,-218.801935,2.586460,0.200
2057,42.463621,-218.735881,2.587090,0.200
2058,42.044534,-218.794940,2.504795,0.200
2059,41.576948,-218.815274,2.616131,0.200
2060,41.087538,-218.857514,2.578310,0.200
2061,40.671738,-218.856535,2.608960,0.200
2062,40.257032,-218.814795,2.573348,0.200
2063,39.790743,-218.849600,2.588436,0.200
2064,39.360110,-218.816505,2.579714,0.200
2065,38.901584,-218.879887,2.612979,0.200
2066,38.415226,-218.892187,2.658138,0.200
2067,37.946984,-218.917279,2.646349,0.200
2068,37.515550,-218.906529,2.638948,0.200
2069,37.074579,-218.907489,2.559575,0.200
2070,36.533173,-218.941350,2.642344,0.200
2071,36.123879,-218.945018,2.563064,0.200
2072,35.660719,-218.945812,2.643193,0.200
2073,35.257903,-218.989929,2.670023,0.200
2074,34.849110,-218.941392,2.624101,0.200
2075,34.398478,-219.000904,2.621224,0.200
2076,33.724529,-219.035500,2.629670,0.200
2077,33.321653,-218.885439,2.154679,0.200
2078,32.558867,-218.950154,2.137130,0.200
2079,32.112293,-219.106772,2.037434,0.200
2080,31.460058,-219.632143,2.107209,0.200
2081,31.123662,-219.963901,2.147815,0.200
2082,30.794849,-220.263989,2.160584,0.200
2083,30.334045,-220.537260,2.067869,0.200
2084,29.800045,-220.656826,2.099846,0.200
2085,29.342687,-220.720187,2.064777,0.200
2086,28.594301,-220.748132,1.881744,0.200
2087,28.194566,-220.572744,1.934291,0.200
2088,27.794828,-220.632769,1.996152,0.200
2089,27.903791,-221.080188,1.587214,0.200
2090,28.140178,-221.435700,1.599713,0.200
2091,28.066944,-220.954564,1.566513,0.200
2092,28.074953,-220.344943,1.563397,0.200
2093,28.101848,-219.944351,1.457434,0.200
2094,27.892678,-219.573682,1.449373,0.200
2095,27.990428,-219.141714,1.515898,0.200
2096,28.209459,-219.480805,0.891396,0.200
2097,28.273042,-219.925358,0.071061,0.200
2098,28.313456,-220.337872,0.132375,0.200
2099,28.336488,-221.088983,0.155282,0.200
2100,28.497930,-222.126337,0.199182,0.200
2101,28.677786,-222.792080,0.214813,0.200
2102,28.922145,-223.879292,0.179841,0.200
2103,29.070354,-224.421870,0.143214,0.200
2104,29.229386,-225.016675,0.160594,0.200
2105,29.469782,-226.540080,0.173088,0.200
2106,29.585110,-227.204545,0.176685,0.200
2107,29.695298,-228.008153,0.170098,0.200
2108,29.958045,-229.916633,0.167600,0.200
2109,30.052774,-230.875167,0.169234,0.200
2110,30.182514,-231.899381,0.171596,0.200
2111,30.289380,-232.891143,0.157393,0.200
2112,30.386850,-234.164822,0.146681,0.200
2113,30.674355,-236.678193,0.148401,0.200
2114,30.788768,-237.886065,0.152553,0.200
2115,30.950308,-239.298736,0.082574,0.200
2116,31.087871,-240.680771,-0.012036,0.200
2117,31.182881,-242.144510,-0.050674,0.200
2118,31.307074,-243.603857,-0.038205,0.200
2119,31.403082,-245.086408,-0.060316,0.200
2120,31.511069,-246.702451,-0.066942,0.200
2121,31.537359,-248.231836,-0.056851,0.200
2122,31.610891,-249.970370,-0.045143,0.200
2123,31.667049,-251.535784,-0.049942,0.200
2124,31.758515,-253.432220,-0.049757,0.200
2125,31.885959,-255.231172,-0.053814,0.200
2126,32.116004,-259.035925,-0.075193,0.200
2127,32.146120,-260.946652,-0.050120,0.200
2128,32.419579,-270.794951,-0.057658,0.200
2129,32.772351,-276.722813,0.016079,0.200
2130,33.101226,-283.016385,0.295036,0.200
2131,33.380078,-290.043980,0.183953,0.200
2132,34.006847,-297.257302,0.185514,0.200
2133,34.818144,-304.952581,0.141049,0.200
2134,36.093674,-313.140053,0.248500,0.200
2135,37.345665,-321.986344,0.362768,0.200
2136,37.917426,-325.026786,0.337560,0.200
2137,38.436748,-328.229436,0.306018,0.200
2138,38.831237,-331.589571,0.294148,0.200
2139,39.388458,-335.050339,0.228135,0.200
2140,39.744193,-338.364635,0.207796,0.200
2141,40.260102,-341.845331,0.207067,0.200
2142,40.875953,-345.522126,0.173281,0.200
2143,41.557048,-349.106269,0.156965,0.200
2144,42.168951,-352.532408,0.183871,0.200
2145,43.633839,-360.277743,0.209483,0.200
2146,44.269910,-364.083514,0.201902,0.200
2147,45.495211,-372.219913,0.175053,0.200
2148,45.999016,-376.342056,0.168817,0.200
2149,46.613408,-380.482821,0.141852,0.200
2150,47.948715,-388.805701,0.077655,0.200
2151,49.414859,-397.339625,0.031936,0.200
2152,50.763100,-406.079230,0.095643,0.200
2153,51.835385,-415.069462,0.106506,0.200
2154,52.314098,-419.912042,0.126663,0.200
2155,52.933188,-424.519056,0.083958,0.200
2156,53.368095,-429.145281,0.040938,0.200
2157,53.958215,-433.767855,0.005111,0.200
2158,54.499611,-438.465698,0.007441,0.200
2159,55.685046,-448.066930,0.137904,0.200
2160,56.060323,-452.943530,0.122556,0.200
2161,56.542677,-457.857542,0.148529,0.200
2162,56.885007,-462.812452,0.151861,0.200
2163,57.147009,-467.801003,0.151245,0.200
2164,57.487246,-472.776215,0.149036,0.200
2165,57.679550,-477.764397,0.181704,0.200
2166,57.926926,-482.792807,0.201726,0.200
2167,58.058110,-487.767150,0.171678,0.200
2168,58.146276,-492.792030,0.168400,0.200
2169,58.230418,-497.820887,0.167296,0.200
2170,58.168628,-502.853555,0.152889,0.200
2171,58.211560,-507.883421,0.198459,0.200
2172,58.037892,-512.981316,0.188615,0.200
2173,58.015408,-517.994222,0.204693,0.200
2174,57.882058,-528.329938,0.186447,0.200
2175,57.517777,-533.473204,0.168994,0.200
2176,57.159944,-538.527811,0.165436,0.200
2177,56.593563,-549.022651,0.195473,0.200
2178,56.002710,-559.652754,0.204237,0.200
2179,55.457166,-570.386678,0.244841,0.200
2180,55.012215,-575.020325,0.255744,0.200
2181,54.373150,-586.418315,0.289132,0.200
2182,53.761891,-591.763477,0.265652,0.200
2183,53.307737,-597.113861,0.260815,0.200
2184,52.641967,-602.535209,0.252557,0.200
2185,52.019008,-607.812553,0.276896,0.200
2186,51.428030,-612.989347,0.233365,0.200
2187,50.836174,-618.291809,0.179334,0.200
2188,50.295846,-623.480840,0.163234,0.200
2189,48.806444,-639.305746,0.266905,0.200
2190,47.788044,-650.192154,0.243500,0.200
2191,47.280208,-655.555140,0.260338,0.200
2192,46.786215,-660.865520,0.281755,0.200
2193,46.178383,-666.176182,0.288703,0.200
2194,44.496699,-682.264584,0.256329,0.200
2195,43.874276,-687.370661,0.290670,0.200
2196,43.339424,-692.796725,0.284435,0.200
2197,42.213297,-703.401724,0.317943,0.200
2198,41.487485,-708.675498,0.319460,0.200
2199,40.760386,-714.067498,0.343791,0.200
2200,40.050475,-719.811992,0.347991,0.200
2201,39.459602,-724.685699,0.313999,0.200
2202,38.800642,-730.137217,0.263537,0.200
2203,38.277013,-735.587890,0.253517,0.200
2204,36.601635,-751.998204,0.320417,0.200
2205,35.565905,-762.954612,0.321542,0.200
2206,34.437697,-773.697618,0.293575,0.200
2207,31.718199,-795.621695,0.349488,0.200
2208,30.256417,-806.271722,0.397536,0.200
2209,29.782768,-811.882599,0.365709,0.200
2210,29.055539,-817.177019,0.343774,0.200
2211,27.866431,-827.901071,0.354259,0.200
2212,27.186783,-833.157738,0.376881,0.200
2213,24.177374,-854.971912,0.380901,0.200
2214,23.109381,-860.644166,0.377166,0.200
2215,22.289869,-866.123536,0.387456,0.200
2216,21.374353,-871.634008,0.373509,0.200
2217,20.409424,-877.288251,0.382187,0.200
2218,19.614276,-882.772295,0.385355,0.200
2219,18.960294,-888.240640,0.399127,0.200
2220,18.132154,-893.861225,0.410854,0.200
2221,16.628668,-905.288758,0.423303,0.200
2222,15.073867,-916.624896,0.405139,0.200
2223,12.483151,-933.470276,0.443320,0.200
2224,11.765395,-939.138827,0.460549,0.200
2225,10.198644,-950.690547,0.473552,0.200
2226,8.744431,-961.999456,0.537665,0.200
2227,5.725245,-984.928194,0.497288,0.200
2228,4.183806,-996.925757,0.488576,0.200
2229,2.712126,-1009.105852,0.509979,0.200
2230,1.492709,-1014.963819,0.436240,0.200
2231,0.644360,-1020.730663,0.436998,0.200
2232,-3.139577,-1045.129103,0.263249,0.200
2233,-5.377339,-1057.252986,0.277494,0.200
2234,-6.558513,-1062.847460,0.283786,0.200
2235,-7.891334,-1068.916709,0.301753,0.200
2236,-10.363306,-1080.889381,0.278891,0.200
2237,-12.855899,-1092.667008,0.292742,0.200
2238,-14.387439,-1098.445374,0.273673,0.200
2239,-17.087322,-1110.183089,0.264932,0.200
2240,-18.668123,-1115.867932,0.263008,0.200
2241,-20.243677,-1121.542635,0.277957,0.200
2242,-21.832232,-1127.341114,0.271089,0.200
2243,-23.474734,-1133.081124,0.255398,0.200
2244,-26.740616,-1144.374577,0.244210,0.200
2245,-28.453724,-1150.101512,0.287200,0.200
2246,-32.085098,-1161.560593,0.306435,0.200
2247,-35.994345,-1173.100731,0.296497,0.200
2248,-40.213531,-1184.931555,0.350986,0.200
2249,-44.529200,-1196.686385,0.292661,0.200
2250,-47.148185,-1202.600342,0.265460,0.200
2251,-53.475403,-1220.480666,0.247439,0.200
2252,-55.651089,-1226.375020,0.222299,0.200
2253,-58.101050,-1232.310019,0.193646,0.200
2254,-62.533081,-1244.066248,0.230887,0.200
2255,-64.928481,-1249.894075,0.233763,0.200
2256,-67.367965,-1255.536796,0.210431,0.200
2257,-69.892084,-1261.431674,0.225214,0.200
2258,-74.509533,-1273.048968,0.288537,0.200
2259,-77.015176,-1278.931757,0.276440,0.200
2260,-79.509095,-1284.591864,0.268927,0.200
2261,-81.954351,-1290.577916,0.303936,0.200
2262,-84.497613,-1296.363071,0.313854,0.200
2263,-87.076215,-1302.208279,0.319990,0.200
2264,-89.630634,-1308.033838,0.318008,0.200
2265,-92.414393,-1313.889425,0.298806,0.200
2266,-95.021326,-1319.521429,0.295590,0.200
2267,-97.693404,-1325.358590,0.271524,0.200
2268,-102.949034,-1336.996620,0.264639,0.200
2269,-105.914302,-1342.557522,0.214098,0.200
2270,-108.780030,-1348.131455,0.230997,0.200
2271,-111.589363,-1353.541916,0.243262,0.200
2272,-117.428669,-1365.000552,0.270219,0.200
2273,-120.531757,-1370.597272,0.258073,0.200
2274,-123.450485,-1375.907294,0.275660,0.200
2275,-126.700941,-1381.400852,0.268145,0.200
2276,-133.050931,-1392.488226,0.233152,0.200
2277,-136.486030,-1397.748235,0.209004,0.200
2278,-143.493532,-1408.771001,0.200803,0.200
2279,-146.799908,-1413.552941,0.204908,0.200
2280,-153.802665,-1423.975806,0.219078,0.200
2281,-157.244707,-1429.034639,0.235207,0.200
2282,-160.883959,-1434.110211,0.205479,0.200
2283,-164.476799,-1439.119569,0.228404,0.200
2284,-168.443648,-1444.481519,0.202159,0.200
2285,-171.872359,-1449.038714,0.203595,0.200
2286,-175.573213,-1453.730546,0.200508,0.200
2287,-183.414704,-1463.299377,0.191163,0.200
2288,-191.182017,-1472.588261,0.132894,0.200
2289,-199.373241,-1481.725918,0.155635,0.200
2290,-207.211501,-1490.450722,0.181577,0.200
2291,-223.749151,-1507.860252,0.238455,0.200
2292,-236.310016,-1520.200616,0.252311,0.200
2293,-244.732259,-1527.801740,0.259978,0.200
2294,-257.671435,-1539.155985,0.260169,0.200
2295,-271.577648,-1550.081828,0.294070,0.200
2296,-285.214129,-1560.021180,0.341323,0.200
2297,-294.996364,-1566.415868,0.301264,0.200
2298,-309.210674,-1575.428842,0.277301,0.200
2299,-323.996102,-1584.070922,0.305711,0.200
2300,-339.208277,-1591.881185,0.336170,0.200
2301,-349.545221,-1596.501466,0.267352,0.200
2302,-354.779027,-1598.696043,0.260617,0.200
2303,-359.972198,-1600.941316,0.245589,0.200
2304,-365.165324,-1602.988144,0.267226,0.200
2305,-370.367835,-1604.983436,0.299819,0.200
2306,-375.388026,-1606.970161,0.344518,0.200
2307,-385.524651,-1610.733826,0.244733,0.200
2308,-395.822525,-1614.353561,0.207216,0.200
2309,-401.042862,-1616.036970,0.167913,0.200
2310,-406.445131,-1617.696407,0.185433,0.200
2311,-411.667562,-1619.282318,0.152681,0.200
2312,-422.424244,-1622.245923,0.183959,0.200
2313,-427.867693,-1623.655951,0.123350,0.200
2314,-433.191514,-1625.003025,0.144331,0.200
2315,-444.178540,-1627.379000,0.110904,0.200
2316,-449.691025,-1628.475365,0.073984,0.200
2317,-455.351295,-1629.562805,0.082356,0.200
2318,-460.941053,-1630.564078,0.105937,0.200
2319,-466.562945,-1631.528147,0.060103,0.200
2320,-472.295337,-1632.328351,0.070621,0.200
2321,-477.886429,-1633.042384,0.096536,0.200
2322,-501.010412,-1635.652174,0.135938,0.200
2323,-511.863118,-1636.395175,0.103723,0.200
2324,-517.730546,-1636.574642,0.102546,0.200
2325,-522.781860,-1636.718618,0.091533,0.200
2326,-528.224112,-1636.898414,0.146324,0.200
2327,-539.349980,-1637.030999,0.225988,0.200
2328,-544.876612,-1636.928668,0.230834,0.200
2329,-550.590764,-1636.796353,0.171720,0.200
2330,-556.355799,-1636.661244,0.198968,0.200
2331,-567.470673,-1636.146948,0.139687,0.200
2332,-578.855088,-1635.356435,0.152460,0.200
2333,-584.641678,-1635.015391,0.221034,0.200
2334,-590.541172,-1634.617525,0.150576,0.200
2335,-596.400470,-1634.055398,0.083248,0.200
2336,-602.254676,-1633.483522,0.106108,0.200
2337,-608.212188,-1632.848327,0.064026,0.200
2338,-620.078910,-1631.323801,-0.110408,0.200
2339,-626.395845,-1630.330571,-0.153750,0.200
2340,-632.575055,-1629.408348,-0.152653,0.200
2341,-638.929231,-1628.290275,-0.205804,0.200
2342,-645.276037,-1627.213207,-0.211892,0.200
2343,-651.495881,-1625.995155,-0.230477,0.200
2344,-657.770926,-1624.680403,-0.239850,0.200
2345,-663.941632,-1623.248906,-0.249959,0.200
2346,-676.248592,-1620.229660,-0.252502,0.200
2347,-682.209603,-1618.576593,-0.333743,0.200
2348,-688.264389,-1616.776804,-0.385710,0.200
2349,-694.166065,-1614.963422,-0.375492,0.200
2350,-700.161562,-1613.006872,-0.428228,0.200
2351,-712.086189,-1608.764355,-0.456129,0.200
2352,-717.970417,-1606.547524,-0.503531,0.200
2353,-723.830206,-1604.229479,-0.534453,0.200
2354,-735.333833,-1599.025936,-0.402312,0.200
2355,-746.771354,-1593.464438,-0.409901,0.200
2356,-758.271302,-1587.268304,-0.435400,0.200
2357,-764.071872,-1584.516274,-0.486943,0.200
2358,-769.935937,-1581.522781,-0.520448,0.200
2359,-781.313707,-1574.962851,-0.597717,0.200
2360,-787.319503,-1571.467678,-0.655673,0.200
2361,-793.084733,-1567.853250,-0.673966,0.200
2362,-799.045130,-1564.229563,-0.667211,0.200
2363,-804.545168,-1560.586912,-0.633078,0.200
2364,-810.252454,-1556.944653,-0.659693,0.200
2365,-821.629357,-1549.104678,-0.571574,0.200
2366,-827.382371,-1545.099162,-0.587166,0.200
2367,-838.739106,-1536.909224,-0.601466,0.200
2368,-849.962386,-1528.400983,-0.604528,0.200
2369,-861.243573,-1519.347909,-0.619045,0.200
2370,-866.740576,-1514.967709,-0.627295,0.200
2371,-872.627220,-1510.059923,-0.619850,0.200
2372,-883.792377,-1500.408331,-0.546595,0.200
2373,-894.976039,-1490.328042,-0.665908,0.200
2374,-900.615965,-1485.035426,-0.689684,0.200
2375,-906.228984,-1480.104959,-0.627555,0.200
2376,-912.150226,-1474.575952,-0.618654,0.200
2377,-917.541068,-1469.333314,-0.659205,0.200
2378,-923.151302,-1463.732691,-0.627913,0.200
2379,-928.792004,-1458.037177,-0.623052,0.200
2380,-934.306113,-1452.259110,-0.626015,0.200
2381,-945.347852,-1440.327229,-0.583547,0.200
2382,-950.666850,-1434.291660,-0.654823,0.200
2383,-955.971013,-1428.066482,-0.667160,0.200
2384,-966.458212,-1415.536139,-0.685965,0.200
2385,-971.647960,-1409.104879,-0.698989,0.200
2386,-976.502091,-1402.545523,-0.700179,0.200
2387,-981.505360,-1395.863790,-0.687128,0.200
2388,-986.293167,-1389.151041,-0.740122,0.200
2389,-991.016326,-1382.185881,-0.756167,0.200
2390,-995.711342,-1375.193643,-0.708288,0.200
2391,-1000.332799,-1368.108229,-0.838890,0.200
2392,-1009.246588,-1354.101770,-0.706967,0.200
2393,-1013.960334,-1346.273344,-0.696973,0.200
2394,-1022.336961,-1331.607457,-0.913240,0.200
2395,-1026.396393,-1323.898093,-0.933118,0.200
2396,-1030.244205,-1315.965476,-0.827491,0.200
2397,-1038.348303,-1299.559447,-0.827571,0.200
2398,-1041.876954,-1291.820583,-0.911732,0.200
2399,-1045.105536,-1284.620676,-0.861740,0.200
2400,-1049.072263,-1275.041347,-0.993034,0.200
2401,-1055.906682,-1258.324774,-1.184481,0.200
2402,-1059.307815,-1249.741772,-1.137604,0.200
2403,-1062.380219,-1241.294433,-1.085344,0.200
2404,-1065.434987,-1232.735525,-1.176346,0.200
2405,-1068.431603,-1223.862873,-1.121404,0.200
2406,-1071.152811,-1214.894146,-1.139787,0.200
2407,-1073.400574,-1206.189603,-1.153578,0.200
2408,-1075.950731,-1197.141253,-1.093255,0.200
2409,-1078.222664,-1187.814957,-1.166768,0.200
2410,-1080.276566,-1178.345532,-1.157607,0.200
2411,-1082.242214,-1169.354359,-1.188350,0.200
2412,-1086.008232,-1150.803418,-1.222534,0.200
2413,-1087.712437,-1140.722945,-1.222411,0.200
2414,-1089.314462,-1130.968263,-1.215034,0.200
2415,-1091.929324,-1111.926724,-1.538817,0.200
2416,-1093.915844,-1092.081039,-1.569944,0.200
2417,-1094.019781,-1081.654103,-1.684147,0.200
2418,-1094.533418,-1071.458172,-1.692893,0.200
2419,-1095.246017,-1051.125905,-1.634779,0.200
2420,-1095.424581,-1041.086882,-1.710471,0.200
2421,-1095.037470,-1010.269047,-1.805406,0.200
2422,-1094.494017,-1000.187272,-1.831594,0.200
2423,-1093.022554,-978.546895,-1.882933,0.200
2424,-1092.013520,-967.371506,-2.022261,0.200
2425,-1089.797397,-946.070202,-2.162328,0.200
2426,-1088.409893,-935.061603,-2.195182,0.200
2427,-1087.039574,-923.755221,-2.222112,0.200
2428,-1081.928649,-890.045433,-2.170416,0.200
2429,-1077.848804,-868.105572,-2.165370,0.200
2430,-1075.565353,-856.965320,-2.170539,0.200
2431,-1072.806441,-845.382954,-2.241551,0.200
2432,-1067.393656,-822.872545,-2.326439,0.200
2433,-1061.440164,-800.549514,-2.289642,0.200
2434,-1048.027473,-755.883353,-2.282503,0.200
2435,-1040.218420,-733.301920,-2.289864,0.200
2436,-1036.291153,-722.495817,-2.309805,0.200
2437,-1032.279105,-711.403859,-2.301696,0.200
2438,-1023.530946,-689.106019,-2.471983,0.200
2439,-1019.072388,-678.046323,-2.481190,0.200
2440,-1014.066424,-667.026819,-2.479044,0.200
2441,-1003.986417,-644.540781,-2.426797,0.200
2442,-998.775966,-633.417561,-2.580871,0.200
2443,-993.291605,-622.184198,-2.774689,0.200
2444,-987.321055,-610.925302,-2.759449,0.200
2445,-980.908465,-599.707294,-2.829990,0.200
2446,-968.507843,-577.242851,-2.997430,0.200
2447,-961.787635,-565.852424,-2.995752,0.200
2448,-955.298549,-555.089603,-2.991129,0.200
2449,-948.434077,-543.992342,-3.028859,0.200
2450,-941.525524,-533.263822,-3.076146,0.200
2451,-927.192071,-511.521838,3.138076,0.200
2452,-912.280547,-490.200457,-3.134307,0.200
2453,-905.471853,-480.219067,-3.122138,0.200
2454,-890.014974,-459.360890,2.993563,0.200
2455,-882.547983,-449.084188,3.022075,0.200
2456,-858.390033,-418.641160,2.917526,0.200
2457,-849.764475,-408.338167,2.944374,0.200
2458,-841.435758,-398.856282,2.974606,0.200
2459,-832.251761,-389.572855,2.979473,0.200
2460,-823.541959,-379.630203,2.938625,0.200
2461,-815.030898,-370.286347,2.915103,0.200
2462,-796.971022,-351.580477,2.637200,0.200
2463,-778.619536,-333.957929,2.648270,0.200
2464,-751.149273,-309.180856,2.776706,0.200
2465,-732.914799,-293.249536,2.776850,0.200
2466,-704.792114,-269.119428,2.801682,0.200
2467,-685.649732,-252.883490,2.806008,0.200
2468,-655.397145,-227.454807,2.817166,0.200
2469,-605.595417,-184.672407,2.803849,0.200
2470,-555.148739,-141.680056,2.765564,0.200
2471,-534.592913,-123.040781,2.825150,0.200
2472,-503.032154,-96.495623,2.851472,0.200
2473,-492.288940,-87.780372,2.837451,0.200
2474,-480.121031,-79.611625,2.821613,0.200
2475,-468.960969,-71.016003,2.857639,0.200
2476,-457.474927,-62.576706,2.853726,0.200
2477,-446.039234,-54.037248,2.863670,0.200
2478,-434.549912,-45.598112,2.878950,0.200
2479,-423.283224,-37.067353,2.898185,0.200
2480,-400.123865,-19.880844,2.874104,0.200
2481,-376.516927,-2.838168,2.857325,0.200
2482,-364.664089,5.446759,2.865857,0.200
2483,-352.462004,14.335206,2.878065,0.200
2484,-340.701157,23.315081,2.894282,0.200
2485,-328.089580,31.868381,2.900621,0.200
2486,-291.194401,57.439317,2.937013,0.200
2487,-278.948658,65.878185,2.942538,0.200
2488,-266.777421,74.302837,2.940710,0.200
2489,-254.700137,82.484250,2.950062,0.200
2490,-229.552704,99.047741,2.992272,0.200
2491,-216.647108,107.321941,2.986979,0.200
2492,-190.905402,123.323808,2.982108,0.200
2493,-177.544856,131.221955,2.981050,0.200
2494,-150.676060,146.742526,3.008886,0.200
2495,-137.050766,154.490859,3.000330,0.200
2496,-109.625508,169.847591,2.980036,0.200
2497,-95.593951,177.304835,2.988889,0.200
2498,-81.762480,184.225258,2.962219,0.200
2499,-53.634701,198.469751,2.999024,0.200
2500,-38.012696,206.122082,3.017693,0.200
2501,-10.825214,219.218993,3.054920,0.200
2502,19.792259,233.608357,3.108238,0.200
2503,49.143811,247.063244,3.091920,0.200
2504,78.717919,259.828947,3.127243,0.200
2505,93.988392,266.232607,-3.135301,0.200
2506,123.323939,277.991539,-3.072753,0.200
2507,138.911918,283.953471,-3.060354,0.200
2508,154.612921,289.546982,-3.056311,0.200
2509,170.154274,294.879496,-3.070773,0.200
2510,201.764726,305.218000,-3.104341,0.200
2511,217.484307,310.499130,-3.109412,0.200
2512,233.570489,315.600074,-3.081315,0.200
2513,249.092549,320.606190,-3.044639,0.200
2514,265.421957,325.589031,-3.022492,0.200
2515,297.504357,335.443382,-3.018387,0.200
2516,313.700557,340.189507,-2.963193,0.200
2517,329.965180,344.778011,-2.956444,0.200
2518,346.200377,349.432310,-2.896275,0.200
2519,362.693329,353.965521,-2.882376,0.200
2520,379.097303,358.213409,-2.828331,0.200
2521,395.347703,362.221069,-2.806181,0.200
2522,428.603555,370.338554,-2.871872,0.200
2523,479.488088,381.318581,-2.812491,0.200
2524,496.574780,384.700545,-2.867782,0.200
2525,531.100727,391.251116,-2.902486,0.200
2526,547.895292,394.278334,-2.820269,0.200
2527,582.731242,400.310446,-2.660916,0.200
2528,616.921416,405.463040,-2.651801,0.200
2529,651.975803,410.536178,-2.592564,0.200
2530,669.154704,412.787436,-2.599073,0.200
2531,686.526312,414.798718,-2.584138,0.200
2532,722.086848,419.148518,-2.590610,0.200
2533,740.157017,421.504557,-2.599165,0.200
2534,757.517321,423.045665,-2.679995,0.200
2535,775.429917,424.807413,-2.676172,0.200
2536,793.726846,427.209630,-2.659575,0.200
2537,812.259333,429.800257,-2.645386,0.200
2538,830.177891,431.272702,-2.689678,0.200
2539,848.277345,433.228186,-2.730275,0.200
2540,866.539925,435.237335,-2.756358,0.200
2541,884.124320,436.402223,-2.781617,0.200
2542,902.370782,437.703652,-2.785821,0.200
2543,921.538539,439.142448,-2.879355,0.200
2544,938.657293,440.487020,-2.964036,0.200
2545,956.902178,441.714488,-2.930748,0.200
2546,975.209525,442.934996,-2.939467,0.200
2547,993.322048,444.006055,-2.971181,0.200
2548,1011.843119,444.966965,3.140588,0.200
2549,1029.812833,445.743208,3.081512,0.200
2550,1048.614164,446.509417,3.002186,0.200
2551,1066.848363,447.250073,3.035697,0.200
2552,1085.804239,447.661757,3.051744,0.200
2553,1103.435834,447.993131,2.973063,0.200
2554,1121.759085,448.411736,2.941711,0.200
2555,1158.571661,449.046443,2.764005,0.200
2556,1177.534406,449.097298,2.754984,0.200
2557,1196.076162,448.808301,2.631532,0.200
2558,1214.298850,448.422390,2.512115,0.200
2559,1251.894144,447.922480,2.407969,0.200
2560,1269.510474,447.270075,2.333504,0.200
2561,1307.115423,446.236769,2.316022,0.200
2562,1325.609066,445.962721,2.226535,0.200
2563,1343.650734,444.819933,2.073952,0.200
2564,1362.471298,443.809742,2.024036,0.200
2565,1380.348504,442.791896,1.914132,0.200
2566,1398.908632,441.872398,1.941777,0.200
2567,1435.598706,439.813682,1.540014,0.200
2568,1472.457951,437.719296,1.286076,0.200
2569,1490.668257,435.991189,1.477836,0.200
2570,1545.351430,431.686544,1.843253,0.200
2571,1563.102718,430.277683,2.152444,0.200
2572,1581.084037,428.731325,2.487689,0.200
2573,1598.651970,427.400350,2.380393,0.200
2574,1633.992871,424.261222,1.154602,0.200
2575,1651.365548,422.826891,0.554256,0.200
2576,1686.017194,419.641276,0.187457,0.200
2577,1703.418856,418.310888,-0.111324,0.200
2578,1720.345164,417.033188,-0.195993,0.200
2579,1738.218969,415.648930,-0.193657,0.200
2580,1755.058971,414.316762,-0.826329,0.200
2581,1771.225755,413.047968,-0.842310,0.200
2582,1788.359824,411.723630,-1.259755,0.200
2583,1822.975462,408.727017,-1.048360,0.200
2584,1839.753818,407.804619,-1.235949,0.200
2585,1873.395856,405.563431,-1.247180,0.200
2586,1890.187880,404.767870,-1.509881,0.200
2587,1923.808859,402.466456,-1.443850,0.200
2588,1940.631660,401.756755,-1.303365,0.200
2589,1957.351941,401.160992,-1.376026,0.200
2590,1990.552186,399.268141,-1.200140,0.200
2591,2006.660410,398.170968,-1.189626,0.200
2592,2022.466902,397.163635,-1.321625,0.200
2593,2055.606903,395.267420,-1.108658,0.200
2594,2071.869883,394.342300,-1.285694,0.200
2595,2087.982713,393.279123,-1.154771,0.200
2596,2104.130889,392.318781,-0.987695,0.200
2597,2120.274103,391.326967,-1.005027,0.200
2598,2136.136085,390.499264,-0.855380,0.200
2599,2152.118446,389.884763,-1.037241,0.200
2600,2183.900597,388.185751,-0.904850,0.200
2601,2199.744957,387.754325,-0.942654,0.200
2602,2215.296686,387.081005,-0.909265,0.200
2603,2230.698763,386.544195,-0.951517,0.200
2604,2246.771961,385.720583,-1.165490,0.200
2605,2262.201091,385.113919,-1.368974,0.200
2606,2277.927011,384.354986,-1.527313,0.200
2607,2293.510892,383.709073,-1.690512,0.200
2608,2309.475011,383.061947,-1.702198,0.200
2609,2325.317894,382.674887,-1.847368,0.200
2610,2340.486237,381.939948,-1.882391,0.200
2611,2372.125354,380.915296,-1.881850,0.200
2612,2386.657281,380.448547,-2.059919,0.200
2613,2417.040483,379.788052,-1.977893,0.200
2614,2448.275280,379.366846,-1.974643,0.200
2615,2462.362282,380.104075,-2.016195,0.200
2616,2477.157180,380.966425,-1.888624,0.200
2617,2492.111605,380.748158,-1.970246,0.200
2618,2506.337299,381.641960,-2.019643,0.200
2619,2520.970937,382.000291,-1.935999,0.200
2620,2535.353287,382.716588,-1.986633,0.200
2621,2550.267854,382.679041,-1.999012,0.200
2622,2565.208146,383.481929,-1.986641,0.200
2623,2579.798239,384.252647,-2.066918,0.200
2624,2594.177163,385.303430,-2.014719,0.200
2625,2609.316748,386.024646,-2.079288,0.200
2626,2624.541450,387.080446,-2.049365,0.200
2627,2653.330660,389.152092,-2.119831,0.200
2628,2667.999371,390.172086,-2.053354,0.200
2629,2697.214186,392.762665,-2.038077,0.200
2630,2726.277075,395.711717,-2.046416,0.200
2631,2741.495197,397.465450,-2.040154,0.200
2632,2770.834347,401.083871,-1.992525,0.200
2633,2786.102752,403.131683,-2.029417,0.200
2634,2801.422196,405.168991,-2.084475,0.200
2635,2816.304572,406.871495,-2.064921,0.200
2636,2831.931457,408.636931,-2.115702,0.200
2637,2847.149352,410.133208,-2.131683,0.200
2638,2862.406475,412.330945,-2.156157,0.200
2639,2877.848762,414.846677,-2.191803,0.200
2640,2892.395152,417.308143,-2.196062,0.200
2641,2907.786055,419.613502,-2.253925,0.200
2642,2922.980841,422.238304,-2.244495,0.200
2643,2938.122589,425.242666,-2.291741,0.200
2644,2968.207688,431.123549,-2.315693,0.200
2645,3014.325004,441.129745,-2.322350,0.200
2646,3060.803002,452.214252,-2.315958,0.200
2647,3107.231954,463.901892,-2.343926,0.200
2648,3138.854869,472.477185,-2.417586,0.200
2649,3186.424679,486.129471,-2.457506,0.200
2650,3234.435713,500.569077,-2.430025,0.200
2651,3283.251294,519.603990,-2.366159,0.200
2652,3333.315537,537.231460,-2.404790,0.200
2653,3365.776358,548.934370,-2.429316,0.200
2654,3399.476151,561.364377,-2.398709,0.200
2655,3418.524274,569.390908,-2.363591,0.200
2656,3436.312851,576.074840,-2.379990,0.200
2657,3452.676223,582.500773,-2.420933,0.200
2658,3468.985451,588.508433,-2.431557,0.200
2659,3486.156178,594.912520,-2.419573,0.200
2660,3503.327135,601.076861,-2.384309,0.200
2661,3521.304076,607.619260,-2.457756,0.200
2662,3538.746212,613.948473,-2.521570,0.200
2663,3574.533584,627.658763,-2.489088,0.200
2664,3609.181751,641.028536,-2.517575,0.200
2665,3627.119595,647.787617,-2.544787,0.200
2666,3663.676257,662.061147,-2.516399,0.200
2667,3681.814882,669.022876,-2.553703,0.200
2668,3699.388946,675.918289,-2.631696,0.200
2669,3717.695658,683.109508,-2.624276,0.200
2670,3736.049478,690.257482,-2.649617,0.200
2671,3754.808937,697.730468,-2.719822,0.200
2672,3772.941256,704.596815,-2.755581,0.200
2673,3791.703683,711.720723,-2.810154,0.200
2674,3810.669302,719.247591,-2.819196,0.200
2675,3829.457314,726.684291,-2.811486,0.200
2676,3848.443725,734.119118,-2.836521,0.200
2677,3869.111443,742.076879,-2.894885,0.200
2678,3906.115381,756.469000,-2.923197,0.200
2679,3945.329567,771.670247,-2.921609,0.200
2680,3965.368062,779.494139,3.094663,0.200
2681,4004.990462,794.469670,3.073706,0.200
2682,4045.348187,809.441986,3.078945,0.200
2683,4086.458623,824.346096,3.012191,0.200
2684,4106.762807,831.854657,2.994809,0.200
2685,4128.491924,838.978057,2.928908,0.200
2686,4149.819649,845.947844,2.907416,0.200
2687,4170.691744,853.708812,2.924839,0.200
2688,4191.974855,860.730861,2.804172,0.200
2689,4213.574813,867.255336,2.758744,0.200
2690,4233.748347,873.664854,2.763037,0.200
2691,4277.412073,887.443451,2.759625,0.200
2692,4298.920853,893.657913,2.704908,0.200
2693,4321.003765,899.954036,2.701849,0.200
2694,4342.941889,906.380750,2.724944,0.200
2695,4364.829337,913.003003,2.802217,0.200
2696,4431.247400,931.992873,2.795778,0.200
2697,4452.501624,937.642918,2.780843,0.200
2698,4474.582986,943.357938,2.800161,0.200
2699,4495.458159,949.516121,2.803744,0.200
2700,4541.278504,961.356508,2.746984,0.200
2701,4564.505456,968.347637,2.762166,0.200
2702,4610.201012,979.642279,2.757839,0.200
2703,4633.094066,985.601722,2.758090,0.200
2704,4679.233907,996.369152,2.734903,0.200
2705,4702.484706,1002.623574,2.730581,0.200
2706,4726.644414,1007.864015,2.737157,0.200
2707,4750.221534,1013.208132,2.680616,0.200
2708,4797.429730,1023.362450,2.632465,0.200
2709,4820.965933,1028.701745,2.637905,0.200
2710,4844.424004,1033.725918,2.591793,0.200
2711,4868.435161,1038.456133,2.551905,0.200
2712,4892.438088,1042.942658,2.472283,0.200
2713,4916.516092,1046.731255,2.426623,0.200
2714,4941.085552,1051.122762,2.371326,0.200
2715,4965.583474,1055.215926,2.342185,0.200
2716,5014.306196,1063.474501,2.271627,0.200
2717,5038.451001,1067.574638,2.277339,0.200
2718,5063.383744,1071.342650,2.259507,0.200
2719,5112.060712,1078.874831,2.125961,0.200
2720,5136.303344,1082.207090,1.986738,0.200
2721,5161.075347,1085.557341,1.990686,0.200
2722,5186.816581,1088.852565,1.942442,0.200
2723,5233.960463,1094.819029,1.867022,0.200
2724,5282.684476,1100.560667,1.707159,0.200
2725,5306.960352,1103.715934,1.729852,0.200
2726,5331.194934,1106.332389,1.677448,0.200
2727,5353.867809,1108.938679,1.610973,0.200
2728,5402.802362,1114.105169,1.392566,0.200
2729,5451.217258,1118.972306,1.318050,0.200
2730,5475.337659,1120.917588,1.373371,0.200
2731,5499.594816,1123.291008,1.209042,0.200
2732,5523.411427,1125.451575,1.052411,0.200
2733,5547.127547,1127.467965,0.966400,0.200
2734,5570.784824,1129.425620,0.286937,0.200
2735,5594.621951,1131.447679,-0.296299,0.200
2736,5618.294552,1133.459817,-0.381769,0.200
2737,5665.513180,1137.482984,-0.597040,0.200
2738,5689.897737,1139.364241,-0.972586,0.200
2739,5735.961084,1143.346208,-0.927278,0.200
2740,5759.011445,1145.654032,-1.171261,0.200
2741,5805.451874,1149.925958,-1.110711,0.200
2742,5829.114099,1152.458322,-1.313296,0.200
2743,5851.740373,1154.650555,-1.306536,0.200
2744,5874.825835,1157.111483,-1.444217,0.200
2745,5897.783154,1159.551197,-1.558170,0.200
2746,5943.331232,1164.412850,-1.597812,0.200
2747,5989.342155,1169.593469,-1.646589,0.200
2748,6035.069306,1175.036539,-1.667050,0.200
2749,6058.018367,1177.863353,-1.697219,0.200
2750,6080.316387,1180.224310,-1.621158,0.200
2751,6125.681663,1186.100501,-1.658879,0.200
2752,6148.642760,1189.279454,-1.694327,0.200
2753,6171.178865,1192.301984,-1.634168,0.200
2754,6193.849028,1195.571771,-1.632577,0.200
2755,6216.546699,1198.979295,-1.774164,0.200
2756,6240.530566,1203.703772,-1.805363,0.200
2757,6263.829556,1207.235130,-1.946516,0.200
2758,6286.275626,1210.866546,-1.991140,0.200
2759,6308.239082,1213.897320,-2.080528,0.200
2760,6331.331002,1217.731561,-2.268317,0.200
2761,6354.218221,1221.854386,-2.298973,0.200
2762,6377.503487,1226.074834,-2.326666,0.200
2763,6400.408722,1230.503347,-2.318721,0.200
2764,6424.116214,1234.907896,-2.290780,0.200
2765,6446.455468,1238.075241,-2.356267,0.200
2766,6492.574258,1246.716999,-2.397364,0.200
2767,6517.481345,1250.793821,-2.496531,0.200
2768,6541.828352,1255.507978,-2.556162,0.200
2769,6566.054737,1260.070538,-2.685825,0.200
2770,6591.110690,1265.587126,-2.713435,0.200
2771,6615.536886,1271.240145,-2.786265,0.200
2772,6639.483191,1276.174898,-2.848525,0.200
2773,6663.209151,1280.699333,-2.828693,0.200
2774,6687.394290,1285.519292,-2.848926,0.200
2775,6712.135083,1290.509556,-2.708144,0.200
2776,6737.034666,1295.523469,-2.857370,0.200
2777,6761.381900,1300.534950,-2.837825,0.200
2778,6786.471910,1305.709121,-2.930903,0.200
2779,6810.965599,1310.575664,-3.090828,0.200
2780,6860.100536,1320.479205,3.141398,0.200
2781,6884.723086,1326.147052,3.032592,0.200
2782,6910.133647,1331.063825,2.931603,0.200
2783,6935.957602,1336.017682,2.896355,0.200
2784,6985.424279,1345.674915,2.850467,0.200
2785,7037.137467,1355.522813,2.830524,0.200
2786,7088.472234,1365.016363,2.772260,0.200
2787,7111.421606,1368.650800,2.700867,0.200
2788,7139.368626,1373.368946,2.689426,0.200
2789,7191.628612,1382.302098,2.638446,0.200
2790,7217.138501,1386.104418,2.597188,0.200
2791,7244.702371,1389.862899,2.626205,0.200
2792,7271.248659,1393.543988,2.631756,0.200
2793,7297.361367,1397.612601,2.676289,0.200
2794,7323.510333,1401.308882,2.668756,0.200
2795,7351.195148,1404.781428,2.641718,0.200
2796,7376.564317,1408.737639,2.669127,0.200
2797,7403.462254,1412.191198,2.677228,0.200
2798,7430.278585,1415.700500,2.726916,0.200
2799,7457.163172,1418.951351,2.714701,0.200
2800,7484.149339,1422.172404,2.700129,0.200
2801,7511.281543,1425.427205,2.676666,0.200
2802,7538.304235,1428.725898,2.639670,0.200
2803,7565.225662,1431.541281,2.518391,0.200
2804,7619.802238,1437.501120,2.436229,0.200
2805,7647.182757,1440.175397,2.437361,0.200
2806,7674.740410,1442.859051,2.428484,0.200
2807,7701.832302,1445.419895,2.386317,0.200
2808,7729.278587,1447.745656,2.383815,0.200
2809,7756.722381,1450.201815,2.304325,0.200
2810,7811.988987,1455.053238,2.257953,0.200
2811,7839.327925,1457.237403,2.231072,0.200
2812,7867.318147,1458.439239,2.272311,0.200
2813,7895.155015,1460.138686,2.137529,0.200
2814,7923.131834,1462.041427,2.159702,0.200
2815,7950.835356,1463.712072,2.151660,0.200
2816,7978.426296,1465.391258,2.085452,0.200
2817,8005.879101,1467.463734,2.111887,0.200
2818,8034.163322,1468.975593,2.094200,0.200
2819,8090.036086,1471.647975,1.811226,0.200
2820,8118.040751,1472.768048,1.862278,0.200
2821,8147.113738,1473.739524,1.909773,0.200
2822,8173.926639,1474.565707,1.832346,0.200
2823,8201.750869,1475.408185,1.826606,0.200
2824,8228.078034,1476.050639,1.841858,0.200
2825,8257.628764,1476.696647,1.860739,0.200
2826,8285.462971,1477.242230,1.711907,0.200
2827,8313.772782,1477.717753,1.409087,0.200
2828,8341.324866,1478.083653,1.535362,0.200
2829,8369.232500,1478.437610,1.515665,0.200
2830,8396.914778,1478.787460,1.728103,0.200
2831,8424.695209,1479.003282,1.734462,0.200
2832,8452.172031,1478.874002,1.133539,0.200
2833,8479.806171,1479.080641,0.987259,0.200
2834,8535.080196,1479.305952,0.747892,0.200
2835,8562.444324,1479.312051,0.537040,0.200
2836,8586.725949,1479.302010,0.167953,0.200
2837,8672.166924,1479.188508,-0.539301,0.200
2838,8754.127633,1478.856153,-0.999019,0.200
2839,8915.637519,1478.531096,-1.301934,0.200
2840,8996.308664,1478.492924,-1.236896,0.200
2841,9075.741437,1478.790064,-1.328274,0.200
2842,9181.123622,1479.797583,-1.497273,0.200
2843,9259.714853,1481.142300,-1.654075,0.200
2844,9363.566392,1483.949995,-1.739648,0.200
2845,9386.497134,1491.275521,-1.627440,0.200
2846,9439.102617,1493.792334,-1.627221,0.200
2847,9463.949005,1496.808006,-1.833396,0.200
2848,9489.984560,1498.250703,-1.822412,0.200
2849,9515.110366,1499.739227,-1.942197,0.200
2850,9540.986483,1501.525540,-2.033079,0.200
2851,9567.653163,1505.620877,-1.980980,0.200
2852,9593.939954,1507.154689,-2.111636,0.200
2853,9620.084293,1509.090144,-2.134160,0.200
2854,9646.269014,1512.057771,-2.161773,0.200
2855,9672.213634,1514.077600,-2.213698,0.200
2856,9699.214137,1516.569890,-2.271452,0.200
2857,9722.658898,1517.129893,-2.235542,0.200
2858,9749.108961,1519.770175,-2.253608,0.200
2859,9825.918295,1527.236695,-2.354666,0.200
2860,9851.589766,1529.965202,-2.460020,0.200
2861,9904.310662,1535.687618,-2.516710,0.200
2862,9929.800280,1538.720291,-2.548351,0.200
2863,9957.366807,1542.072572,-2.610193,0.200
2864,9983.562618,1544.709171,-2.696328,0.200
2865,10010.020383,1547.500234,-2.786625,0.200
2866,10036.904183,1550.912967,-2.893314,0.200
2867,10064.051499,1553.431075,-2.974082,0.200
2868,10090.891294,1556.593285,-2.976998,0.200
2869,10144.940622,1562.909211,-3.048937,0.200
2870,10200.133074,1569.288509,-3.075931,0.200
2871,10282.825665,1578.745537,3.117541,0.200
2872,10309.715092,1581.902816,3.081460,0.200
2873,10337.443949,1584.841325,3.043941,0.200
2874,10393.468095,1591.129781,2.976744,0.200
2875,10422.401921,1594.656732,2.866636,0.200
2876,10478.968693,1601.034607,2.807081,0.200
2877,10507.064541,1604.632219,2.805779,0.200
2878,10535.915958,1608.316026,2.772803,0.200
2879,10565.662127,1611.635430,2.740408,0.200
2880,10594.748395,1614.692490,2.732300,0.200
2881,10651.451225,1620.627136,2.713225,0.200
2882,10682.575232,1623.635599,2.547279,0.200
2883,10711.844949,1626.029886,2.477359,0.200
2884,10771.049651,1631.539474,2.440344,0.200
2885,10800.318644,1634.343855,2.386577,0.200
2886,10830.043886,1637.159132,2.359428,0.200
2887,10858.755784,1639.604125,2.339260,0.200
2888,10919.013346,1644.478858,2.312307,0.200
2889,10948.963286,1646.407391,2.449528,0.200
2890,10979.617879,1649.466221,2.293459,0.200
2891,11009.804810,1651.519301,2.193478,0.200
2892,11069.802314,1655.544300,2.154890,0.200
2893,11100.415583,1657.493453,2.113083,0.200
2894,11130.535489,1659.656387,2.114263,0.200
2895,11191.065842,1663.086453,1.916672,0.200
2896,11221.166279,1663.673892,1.909200,0.200
2897,11251.031952,1665.499245,1.829699,0.200
2898,11281.121962,1666.845331,1.633398,0.200
2899,11311.330611,1668.151961,1.600558,0.200
2900,11341.490823,1669.471894,1.513103,0.200
2901,11370.881357,1670.584027,1.486113,0.200
2902,11401.696847,1671.721601,1.473279,0.200
2903,11430.145231,1672.533243,1.236751,0.200
2904,11459.863616,1673.490105,1.200301,0.200
2905,11490.488514,1674.247637,1.280342,0.200
2906,11520.338379,1675.089971,1.225302,0.200
2907,11550.266480,1675.861363,1.170153,0.200
2908,11579.928572,1676.615148,0.970951,0.200
2909,11609.807521,1677.266936,0.863917,0.200
2910,11668.852559,1678.474579,0.683039,0.200
2911,11697.921560,1678.959939,0.498583,0.200
2912,11727.592531,1679.451856,-0.275715,0.200
2913,11790.276117,1680.428802,-0.620004,0.200
2914,11817.069608,1680.833533,-0.600024,0.200
2915,11846.621026,1681.642106,-0.516910,0.200
2916,11876.014286,1682.106578,-0.868505,0.200
2917,11906.294400,1681.763695,-1.224943,0.200
2918,11931.996029,1682.517153,-1.349948,0.200
2919,11993.123194,1683.647226,-1.189177,0.200
2920,12051.645957,1684.789704,-1.243388,0.200
2921,12079.667680,1686.871058,-0.844472,0.200
2922,12107.345520,1688.939406,-0.891683,0.200
2923,12134.877712,1690.634803,-1.113333,0.200
2924,12162.354634,1693.211347,-1.084428,0.200
2925,12218.634517,1695.057032,-1.146136,0.200
2926,12246.535780,1696.014157,-1.335423,0.200
2927,12273.735761,1697.244485,-1.404531,0.200
2928,12302.469918,1698.771384,-1.372663,0.200
2929,12329.672280,1700.418588,-1.430247,0.200
2930,12357.662114,1701.939973,-1.337003,0.200
2931,12384.703466,1703.137066,-1.334596,0.200
2932,12412.306369,1704.685343,-1.309832,0.200
2933,12438.297003,1706.082864,-1.264496,0.200
2934,12466.325401,1707.398575,-1.191393,0.200
2935,12493.607109,1709.359155,-1.234643,0.200
2936,12520.870760,1711.241798,-1.107506,0.200
2937,12547.832503,1713.609242,-1.082961,0.200
2938,12602.820942,1717.226850,-1.146396,0.200
2939,12629.371069,1719.019139,-1.228747,0.200
2940,12655.831649,1721.052181,-1.301174,0.200
2941,12682.771647,1723.162978,-1.432835,0.200
2942,12709.221272,1725.402763,-1.612183,0.200
2943,12736.158377,1727.712220,-1.629774,0.200
2944,12763.921994,1730.764587,-1.686166,0.200
2945,12790.576126,1732.938949,-1.673391,0.200
2946,12817.454274,1735.516814,-1.760205,0.200
2947,12844.133010,1738.401208,-1.831584,0.200
2948,12898.058027,1743.759966,-1.905699,0.200
2949,12924.036500,1746.661430,-2.014295,0.200
2950,12951.291211,1749.315322,-2.152216,0.200
2951,12978.285155,1752.849730,-2.185910,0.200
2952,13005.544934,1756.261289,-2.250759,0.200
2953,13032.522792,1759.510021,-2.282388,0.200
2954,13086.472294,1766.133946,-2.159793,0.200
2955,13142.705038,1773.423619,-2.223139,0.200
2956,13167.777299,1776.776069,-2.416633,0.200
2957,13194.944437,1780.432469,-2.380054,0.200
2958,13222.155172,1784.331655,-2.462056,0.200
2959,13249.156657,1788.365511,-2.530572,0.200
2960,13331.943506,1800.493117,-2.604926,0.200
2961,13387.612800,1808.945275,-2.667753,0.200
2962,13471.169244,1821.891928,-2.736374,0.200
2963,13527.564541,1830.767175,-2.825885,0.200
2964,13584.392469,1839.792178,-2.903349,0.200
2965,13640.902644,1848.798526,-2.991432,0.200
2966,13670.541452,1851.894734,3.126422,0.200
2967,13699.462930,1855.810905,3.062995,0.200
2968,13728.149393,1860.350013,2.994047,0.200
2969,13757.239284,1863.311900,2.975540,0.200
2970,13815.846329,1871.571100,2.906179,0.200
2971,13845.304224,1873.126545,2.827051,0.200
2972,13874.336282,1876.528051,2.698802,0.200
2973,13903.967415,1880.715557,2.698218,0.200
2974,13963.365252,1888.289179,2.645724,0.200
2975,13993.361979,1892.328213,2.680724,0.200
2976,14053.248801,1899.730038,2.631171,0.200
2977,14113.659371,1906.970055,2.549852,0.200
2978,14143.913341,1910.272980,2.264453,0.200
2979,14204.702659,1916.959076,2.226462,0.200
2980,14235.202336,1920.126349,2.188739,0.200
2981,14265.792170,1923.290532,2.142245,0.200
2982,14327.172761,1929.359494,2.078339,0.200
2983,14357.881456,1932.298842,2.048019,0.200
2984,14388.832688,1935.181268,2.024304,0.200
2985,14450.431136,1940.692687,1.924824,0.200
2986,14512.348077,1945.955825,1.846567,0.200
2987,14543.181594,1948.490038,1.833040,0.200
2988,14573.825587,1950.960168,1.802989,0.200
2989,14635.678274,1955.785176,1.727275,0.200
2990,14669.399077,1958.994723,1.745972,0.200
2991,14701.521749,1960.959271,1.757429,0.200
2992,14763.357806,1965.104461,1.651405,0.200
2993,14794.437198,1966.993770,1.667740,0.200
2994,14825.751979,1967.464915,1.575276,0.200
2995,14887.504020,1970.692210,1.459856,0.200
2996,14918.094921,1970.936868,1.390632,0.200
2997,14947.513481,1971.029663,1.159742,0.200
2998,15009.971621,1973.650588,1.033062,0.200
2999,15038.367685,1972.653262,0.921290,0.200
3000,15065.252486,1973.625114,0.934426,0.200
3001,15159.791016,1977.069668,0.865446,0.200
3002,15221.047139,1979.117829,0.583679,0.200
3003,15281.175170,1981.004642,0.472316,0.200
3004,15311.346809,1982.105424,0.560471,0.200
3005,15340.541139,1983.277166,0.419502,0.200
3006,15399.801251,1984.995708,0.226145,0.200
3007,15427.149411,1984.335206,0.361299,0.200
3008,15456.564000,1984.918811,0.378265,0.200
3009,15485.549440,1986.022500,0.235430,0.200
3010,15514.767380,1986.530203,0.011128,0.200
3011,15542.797499,1986.785924,-0.094774,0.200
3012,15573.012313,1986.973936,-0.131324,0.200
3013,15630.942035,1988.597930,-0.246207,0.200
3014,15688.014948,1990.323355,-0.355353,0.200
3015,15774.967566,1993.033214,-0.441186,0.200
3016,15831.843101,1994.918699,-0.572118,0.200
3017,15889.796945,1997.199603,-0.686994,0.200
3018,15974.183647,2000.995946,-0.848527,0.200
3019,16031.983483,2005.015023,-0.801905,0.200
3020,16117.207557,2010.030497,-1.069160,0.200
3021,16174.211851,2013.786669,-1.234292,0.200
3022,16259.763298,2020.260702,-1.442755,0.200
3023,16316.528053,2024.998636,-1.563940,0.200
3024,16344.065141,2028.597704,-1.531466,0.200
3025,16374.064252,2031.385984,-1.657424,0.200
3026,16432.021042,2037.091935,-1.726813,0.200
3027,16490.069620,2043.256275,-1.846024,0.200
3028,16507.845259,2048.707551,-1.579177,0.200
3029,16563.770299,2055.379436,-1.705645,0.200
3030,16648.814491,2066.121686,-1.958356,0.200
3031,16707.882677,2074.314778,-2.106106,0.200
3032,16732.857850,2077.876677,-2.214957,0.200
3033,16761.348695,2082.111058,-2.360923,0.200
3034,16818.093355,2090.845279,-2.411490,0.200
3035,16875.233326,2099.984846,-2.510851,0.200
3036,16903.967897,2104.664894,-2.790114,0.200
3037,16933.089245,2109.522871,-2.847714,0.200
3038,16962.289512,2114.415650,-2.857920,0.200
3039,16991.356772,2119.294638,-2.929273,0.200
3040,17020.944875,2124.384810,-2.917249,0.200
3041,17050.288728,2129.289556,-2.962387,0.200
3042,17079.907862,2134.325069,-3.102776,0.200
3043,17109.943874,2139.119263,-3.124632,0.200
3044,17147.376955,2146.356379,-3.135289,0.200
3045,17170.891002,2150.413310,3.055396,0.200
3046,17200.115446,2155.316115,2.943947,0.200
3047,17233.143803,2160.608594,2.883869,0.200
3048,17264.239126,2165.681439,2.907537,0.200
3049,17295.945887,2171.734119,2.850008,0.200
3050,17357.941831,2182.222869,2.724446,0.200
3051,17387.849532,2184.041286,2.501270,0.200
3052,17423.368935,2187.268457,2.428469,0.200
3053,17486.702252,2196.838012,2.283585,0.200
3054,17519.214339,2201.594738,2.231877,0.200
3055,17549.608758,2207.259265,2.172383,0.200
3056,17582.227929,2212.350567,2.147022,0.200
3057,17614.450676,2216.733440,2.169041,0.200
3058,17646.249903,2221.306859,2.065139,0.200
3059,17679.760309,2226.877502,2.158456,0.200
3060,17711.022324,2231.161483,2.204231,0.200
3061,17778.548309,2240.034059,2.131463,0.200
3062,17844.233380,2248.307707,2.010199,0.200
3063,17876.465938,2252.215203,1.985115,0.200
3064,17944.087998,2260.103352,1.922509,0.200
3065,17976.781021,2264.947786,1.939696,0.200
3066,18010.194864,2267.647825,1.910337,0.200
3067,18043.285640,2273.425574,1.918029,0.200
3068,18077.767548,2276.113966,1.989640,0.200
3069,18145.191172,2283.030527,2.184918,0.200
3070,18179.856913,2284.582907,2.448423,0.200
3071,18213.870742,2287.452433,2.476835,0.200
3072,18248.438114,2291.012113,2.607924,0.200
3073,18280.721962,2291.637323,2.677550,0.200
3074,18316.211793,2291.477783,2.722588,0.200
3075,18352.355624,2294.368100,2.689331,0.200
3076,18386.282192,2295.467430,2.724693,0.200
3077,18454.443527,2300.210411,2.693681,0.200
3078,18522.958095,2304.515129,2.749809,0.200
3079,18558.098398,2306.242201,2.819335,0.200
3080,18626.936197,2309.931902,2.806708,0.200
3081,18660.925435,2309.947582,2.820306,0.200
3082,18695.660374,2311.785454,2.838223,0.200
3083,18764.423761,2314.467145,2.820030,0.200
3084,18798.974704,2315.536620,2.797893,0.200
3085,18869.298044,2317.684922,2.743800,0.200
3086,18903.689634,2318.528099,2.676538,0.200
3087,18938.877418,2321.515231,2.714488,0.200
3088,18971.787728,2322.126502,2.747579,0.200
3089,19007.454955,2322.487193,2.803860,0.200
3090,19042.186591,2321.607465,2.825781,0.200
3091,19076.419319,2321.748951,2.886058,0.200
3092,19111.014585,2320.697009,2.904003,0.200
3093,19144.233794,2320.793444,2.950552,0.200
3094,19179.339111,2319.134884,3.018762,0.200
3095,19213.784773,2318.630748,2.964613,0.200
3096,19283.738866,2317.476042,2.938900,0.200
3097,19318.800303,2316.509903,3.024274,0.200
3098,19353.792167,2315.534400,3.017117,0.200
3099,19388.209044,2314.342982,3.014404,0.200
3100,19458.642107,2312.000990,2.948980,0.200
3101,19493.305585,2310.752105,2.963487,0.200
3102,19529.740792,2309.758671,2.968872,0.200
3103,19600.111814,2306.716085,2.989270,0.200
3104,19635.578128,2305.015802,2.919566,0.200
3105,19705.902321,2301.323657,2.933308,0.200
3106,19742.858083,2299.218135,2.955689,0.200
3107,19778.847774,2297.167730,-3.135288,0.200
3108,19812.366841,2295.711369,-3.067117,0.200
3109,19884.238409,2291.062007,-3.042120,0.200
3110,19920.328395,2287.912310,-3.102438,0.200
3111,19993.959136,2282.450901,3.028521,0.200
3112,20030.450283,2279.602150,2.922825,0.200
3113,20068.343134,2277.134958,2.895585,0.200
3114,20105.590632,2274.092091,-3.136202,0.200
3115,20142.324222,2271.012607,3.134844,0.200
3116,20179.523127,2267.815304,3.040288,0.200
3117,20217.316431,2264.478196,2.792408,0.200
3118,20291.821436,2257.761468,2.776816,0.200
3119,20330.905448,2253.934577,2.756718,0.200
3120,20441.972193,2242.538532,2.416896,0.200
3121,20519.189669,2233.969613,1.616356,0.200
3122,20593.353916,2225.318574,1.002747,0.200
3123,20630.822016,2220.903511,0.037382,0.200
3124,20668.994194,2216.653124,-1.492412,0.200
3125,20706.399498,2211.936851,-1.484918,0.200
3126,20743.809449,2207.139459,-1.456780,0.200
3127,20782.249784,2202.147206,-1.491917,0.200
3128,20818.742576,2197.348584,-1.490505,0.200
3129,20856.302483,2192.146852,-1.288302,0.200
3130,20898.021702,2186.383291,-1.659898,0.200
3131,20934.241722,2184.621646,-1.669294,0.200
3132,20967.742224,2178.935115,-1.473160,0.200
3133,21006.675489,2174.756023,-1.359927,0.200
3134,21043.799626,2169.668931,-1.351578,0.200
3135,21155.333055,2154.111700,-1.288076,0.200
3136,21230.044575,2143.475460,-1.305912,0.200
3137,21304.030651,2132.817536,-1.362648,0.200
3138,21341.307297,2125.956019,-1.041281,0.200
3139,21414.515130,2114.924856,-1.071938,0.200
3140,21450.964325,2109.474063,-1.160389,0.200
3141,21524.293717,2098.263112,-1.185851,0.200
3142,21561.019253,2092.612494,-1.195598,0.200
3143,21598.100428,2086.769078,-1.249544,0.200
3144,21669.019206,2075.872992,-1.216039,0.200
3145,21703.593444,2070.207636,-0.960120,0.200
3146,21738.121623,2064.002179,-1.021867,0.200
3147,21773.153249,2058.638496,-0.720752,0.200
3148,21809.043822,2050.290340,-0.568048,0.200
3149,21842.493741,2044.235499,-0.576735,0.200
3150,21877.246219,2038.762110,-0.561197,0.200
3151,21913.363217,2032.565575,-0.614340,0.200
3152,21947.065035,2027.865826,-0.587952,0.200
3153,21981.723957,2021.918400,-0.657117,0.200
3154,22016.252807,2015.623657,-0.538155,0.200
3155,22086.224940,2003.467154,-0.232984,0.200
3156,22191.121597,1984.976229,-0.257156,0.200
3157,22225.796638,1978.573251,-0.250749,0.200
3158,22260.502696,1972.108376,-0.419123,0.200
3159,22294.931925,1965.670618,-0.396840,0.200
3160,22364.335749,1952.693999,-0.371941,0.200
3161,22466.946711,1933.415869,-0.481949,0.200
3162,22535.723561,1920.290071,-0.419204,0.200
3163,22604.610984,1907.233405,-0.499863,0.200
3164,22671.050647,1894.605198,-0.590274,0.200
3165,22705.550658,1888.095782,-0.647998,0.200
3166,22739.750378,1881.650663,-0.628643,0.200
3167,22773.503618,1875.333846,-0.711127,0.200
3168,22841.347189,1862.794473,-0.762311,0.200
3169,22876.251553,1856.338984,-0.404546,0.200
3170,22910.367441,1850.254229,-0.412066,0.200
3171,22944.689451,1844.196873,-0.430510,0.200
3172,22978.489756,1838.267773,-0.385769,0.200
3173,23011.607584,1830.105844,-0.665680,0.200
3174,23113.990163,1812.487690,-0.651522,0.200
3175,23183.024151,1801.098413,-0.673734,0.200
3176,23252.120707,1790.143730,-0.706723,0.200
3177,23321.467951,1779.591979,-0.784663,0.200
3178,23356.145059,1774.444002,-0.473132,0.200
3179,23392.518234,1769.172552,-0.789442,0.200
3180,23425.545487,1765.413643,-0.700473,0.200
3181,23495.486053,1756.043145,-0.795342,0.200
3182,23531.564972,1751.502740,-0.799914,0.200
3183,23564.632437,1747.595722,-0.306098,0.200
3184,23598.898017,1743.472918,0.146123,0.200
3185,23628.877232,1743.571651,0.186371,0.200
3186,23697.750669,1736.059800,0.173595,0.200
3187,23765.175257,1729.153532,0.205438,0.200
3188,23832.465149,1727.966155,-0.149889,0.200
3189,23935.115416,1719.678556,-0.168774,0.200
3190,24039.250206,1712.440587,-0.185852,0.200
3191,24177.477897,1704.086627,-0.308630,0.200
3192,24351.579851,1696.844064,-0.346243,0.200
3193,24456.438552,1694.000496,-0.510731,0.200
3194,24563.427520,1692.105440,-0.165352,0.200
3195,24702.959009,1691.340052,-0.696911,0.200
3196,24810.000929,1691.799799,-1.838278,0.200
3197,24851.992131,1705.335028,-2.030647,0.200
3198,24891.380346,1708.975121,-2.095556,0.200
3199,24930.954616,1712.833614,-2.342606,0.200
3200,24973.214990,1714.937662,-2.370492,0.200
3201,25005.138361,1716.185364,-2.352949,0.200
3202,25037.225750,1717.691414,-2.295572,0.200
3203,25110.353839,1721.011859,-2.454674,0.200
3204,25151.698166,1731.451151,-2.425032,0.200
3205,25224.772933,1735.590857,-2.705541,0.200
3206,25302.000840,1740.106487,-2.774504,0.200
3207,25339.294059,1741.662834,-2.956892,0.200
3208,25422.897522,1749.739682,-3.057608,0.200
3209,25580.469818,1757.864027,2.811646,0.200
3210,25740.975332,1763.948225,2.559886,0.200
3211,25945.387667,1769.865215,2.337399,0.200
3212,25987.149704,1770.710045,2.319727,0.200
3213,26150.887316,1773.334976,2.223271,0.200
3214,26192.386242,1773.617306,2.219764,0.200
3215,26274.296458,1773.058391,2.178299,0.200
3216,26356.801320,1772.754076,2.178089,0.200
3217,26480.706808,1771.684445,2.326783,0.200
3218,26604.573330,1770.047803,2.355293,0.200
3219,26727.692777,1767.652585,1.959084,0.200
3220,26812.031974,1765.323695,2.028820,0.200
3221,26895.678643,1762.673177,2.418660,0.200
3222,26935.857900,1761.395906,-2.172746,0.200
3223,26976.537978,1760.010361,-1.662908,0.200
3224,27059.704216,1757.020569,-1.455359,0.200
3225,27098.264275,1755.055637,-1.295716,0.200
3226,27141.097709,1752.218915,-1.444677,0.200
3227,27222.885736,1748.385656,-1.477089,0.200
3228,27261.752673,1746.508991,-1.530591,0.200
3229,27302.953708,1744.592730,-1.615219,0.200
3230,27343.501165,1742.594643,-1.886562,0.200
3231,27383.697740,1741.404553,-1.925575,0.200
3232,27464.849293,1737.485323,-1.916336,0.200
3233,27505.012066,1735.488148,-1.790574,0.200
3234,27545.581121,1733.490752,-1.894034,0.200
3235,27585.823409,1731.518183,-1.899494,0.200
3236,27625.941973,1729.567710,-1.764456,0.200
3237,27706.281982,1725.658517,-1.731260,0.200
3238,27746.313746,1723.651693,-1.021350,0.200
3239,27786.394262,1721.621534,-0.881955,0.200
3240,27826.422122,1719.552684,-1.109637,0.200
3241,27866.215416,1717.260805,-0.900412,0.200
3242,27945.831226,1712.710154,-0.919985,0.200
3243,27985.517222,1710.257731,-0.998121,0.200
3244,28067.429911,1705.080811,-0.965002,0.200
3245,28104.749001,1702.632391,-0.996115,0.200
3246,28144.410460,1699.973818,-0.984808,0.200
3247,28184.008300,1697.368628,-1.149089,0.200
3248,28223.331702,1695.090081,-1.631448,0.200
3249,28302.088077,1690.029498,-1.663378,0.200
3250,28341.405177,1687.546199,-1.643995,0.200
3251,28418.177506,1682.800237,-1.683158,0.200
3252,28497.805334,1677.979703,-1.718559,0.200
3253,28577.398625,1673.358720,-1.731243,0.200
3254,28652.969246,1669.153756,-1.764009,0.200
3255,28730.589063,1665.008511,-1.776466,0.200
3256,28769.324028,1663.148094,-1.800705,0.200
3257,28846.266892,1659.437835,-1.831194,0.200
3258,28923.276390,1656.014122,-1.864154,0.200
3259,28960.699017,1655.932990,-1.974081,0.200
3260,29000.573136,1655.210324,-2.059165,0.200
3261,29039.073963,1653.862624,-2.079966,0.200
3262,29077.686506,1652.620146,-2.085479,0.200
3263,29116.081128,1651.460611,-2.098787,0.200
3264,29193.050070,1649.415384,-2.104285,0.200
3265,29232.037033,1648.538431,-2.120490,0.200
3266,29268.200211,1641.405588,-1.902822,0.200
3267,29344.491036,1639.346624,-1.930181,0.200
3268,29382.189323,1638.356907,-1.996936,0.200
3269,29419.877741,1637.531521,-2.028201,0.200
3270,29463.379568,1646.667027,-2.109284,0.200
3271,29578.635052,1645.906347,-2.070710,0.200
3272,29656.120117,1645.828412,-2.102421,0.200
3273,29694.893778,1645.821284,-2.118299,0.200
3274,29734.106047,1645.868210,-1.910941,0.200
3275,29772.053856,1645.911600,-1.947078,0.200
3276,29810.642567,1645.949211,-1.973269,0.200
3277,29849.732790,1646.004372,-2.276020,0.200
3278,29888.490585,1646.021865,-2.295082,0.200
3279,29927.367266,1646.046390,-2.286902,0.200
3280,30004.826524,1645.969047,-2.539352,0.200
3281,30082.101613,1645.795391,-2.585180,0.200
3282,30120.922432,1645.661970,-2.440535,0.200
3283,30199.753613,1645.332762,-2.490048,0.200
3284,30238.335515,1645.119201,-2.488743,0.200
3285,30277.544915,1644.887583,-2.556728,0.200
3286,30316.312674,1644.603262,-2.557730,0.200
3287,30355.617481,1644.282356,-2.510031,0.200
3288,30394.639552,1643.934539,-2.556261,0.200
3289,30433.543029,1643.431041,-2.523020,0.200
3290,30472.707250,1643.001853,-2.294927,0.200
3291,30511.951163,1642.773943,-2.423154,0.200
3292,30552.603880,1642.313047,-2.434063,0.200
3293,30591.140391,1641.831436,-2.461707,0.200
3294,30630.109054,1641.195446,-2.561814,0.200
3295,30669.915277,1640.629041,-2.500739,0.200
3296,30709.650454,1640.001931,-2.552319,0.200
3297,30749.958286,1639.484500,-2.372362,0.200
3298,30792.357964,1638.026778,-2.035379,0.200
3299,30829.606054,1637.461518,-1.800930,0.200
3300,30870.146720,1636.873139,-1.834011,0.200
3301,30950.459682,1635.852645,-1.866874,0.200
3302,30990.731846,1635.691004,-1.854928,0.200
3303,31031.303055,1635.350253,-1.865247,0.200
3304,31072.638198,1634.053403,-1.806769,0.200
3305,31110.835231,1636.845261,-1.881630,0.200
3306,31151.111434,1637.353099,-1.883243,0.200
3307,31232.951332,1637.406507,-1.890081,0.200
3308,31272.472271,1635.391880,-1.643166,0.200
3309,31351.857008,1635.731162,-1.647180,0.200
3310,31436.350103,1636.384747,-1.683128,0.200
3311,31522.228155,1637.306259,-1.707314,0.200
3312,31606.523421,1638.509262,-1.745478,0.200
3313,31649.575211,1638.206626,-1.851324,0.200
3314,31734.019792,1639.679233,-1.851878,0.200
3315,31775.464540,1640.326378,-1.810409,0.200
3316,31818.383973,1641.317664,-1.878815,0.200
3317,31860.972602,1641.952615,-2.013221,0.200
3318,31904.201079,1642.107260,-2.248059,0.200
3319,31989.583111,1644.213431,-2.043062,0.200
3320,32077.809227,1646.525262,-2.189380,0.200
3321,32117.801173,1647.815581,-2.214431,0.200
3322,32163.978282,1648.991698,-2.227141,0.200
3323,32254.746446,1651.271127,-2.273531,0.200
3324,32299.270104,1652.371735,-2.353991,0.200
3325,32346.538714,1649.216395,-2.575210,0.200
3326,32392.492263,1651.559876,-2.627605,0.200
3327,32496.370697,1644.315691,-3.029624,0.200
3328,32633.913187,1644.144450,-3.134650,0.200
3329,32819.664383,1642.789563,2.963030,0.200
3330,32913.363721,1641.293047,2.738549,0.200
3331,33101.348405,1637.785820,-2.509242,0.200
3332,33148.737375,1636.415235,-2.423818,0.200
3333,33195.471997,1634.994596,-2.336415,0.200
3334,33242.318792,1633.393960,-2.621459,0.200
3335,33290.011806,1631.671445,-2.317573,0.200
3336,33431.445900,1626.164685,-2.642361,0.200
3337,33572.634002,1619.579689,-1.868755,0.200
3338,33619.920350,1616.986879,-1.563522,0.200
3339,33667.105074,1614.320914,-1.447532,0.200
3340,33715.199813,1611.550553,-1.365336,0.200
3341,33762.402980,1608.752423,-1.336953,0.200
3342,33809.017476,1605.869021,-1.368662,0.200
3343,34139.452436,1584.256735,-1.029152,0.200
3344,34329.728154,1569.223441,-1.076177,0.200
3345,34613.398413,1544.133994,-0.629308,0.200
3346,34799.820960,1525.899453,-0.765111,0.200
3347,34847.283099,1519.066001,-0.533509,0.200
3348,34941.437035,1508.456113,-0.550718,0.200
3349,35033.786985,1497.665645,-0.601588,0.200
3350,35075.660770,1494.810931,-0.184931,0.200
3351,35118.498956,1491.605820,-0.060012,0.200
3352,35164.585471,1486.197813,-0.070852,0.200
3353,35209.863336,1480.579114,-0.073897,0.200
3354,35255.930957,1474.850271,-0.109461,0.200
3355,35347.155989,1463.547835,-1.415103,0.200
3356,35393.035631,1457.692255,-1.375770,0.200
3357,35439.244172,1451.798145,-1.286115,0.200
3358,35484.713843,1446.142551,-1.675376,0.200
3359,35530.980201,1440.408337,-1.844618,0.200
3360,35576.727274,1434.895172,-1.671077,0.200
3361,35621.905941,1429.466697,-1.623323,0.200
3362,35663.638244,1424.471394,-1.625771,0.200
3363,35713.006796,1418.489035,-1.413310,0.200
3364,35758.310618,1412.703324,-1.239174,0.200
3365,35848.293180,1401.654058,-1.234076,0.200
3366,35893.141009,1396.130954,-1.198825,0.200
3367,35937.926018,1390.591112,-1.239282,0.200
3368,35982.722352,1385.025046,-1.241356,0.200
3369,36027.527758,1379.133482,-1.229058,0.200
3370,36072.056183,1373.480089,-1.196404,0.200
3371,36117.060942,1367.698197,-1.229193,0.200
3372,36161.975593,1361.969692,-1.266240,0.200
3373,36252.063543,1350.371027,-1.313763,0.200
3374,36295.664064,1344.667254,-1.324002,0.200
3375,36339.164062,1339.023489,-1.355993,0.200
3376,36428.224149,1327.408361,-1.365077,0.200
3377,36472.597758,1322.813606,-1.591916,0.200
3378,36516.839806,1317.374238,-1.662256,0.200
3379,36560.850220,1311.697975,-1.634621,0.200
3380,36605.019172,1305.959963,-1.642784,0.200
3381,36651.414065,1299.911959,-1.689688,0.200
3382,36691.975865,1300.855060,-2.477301,0.200
3383,36736.127205,1295.538447,-2.533728,0.200
3384,36779.798298,1291.721316,-2.885311,0.200
3385,36824.408225,1287.206549,-2.995515,0.200
3386,36866.998186,1283.012988,3.078301,0.200
3387,36910.459662,1278.614924,2.915726,0.200
3388,36997.690390,1268.805753,2.805820,0.200
3389,37084.315786,1259.146983,2.563297,0.200
3390,37172.607070,1249.441569,2.443811,0.200
3391,37216.259218,1245.778964,2.009059,0.200
3392,37259.186630,1241.496695,1.715585,0.200
3393,37388.568078,1229.151202,1.484364,0.200
3394,37431.457018,1225.051709,1.473274,0.200
3395,37520.870089,1217.115163,1.330658,0.200
3396,37561.507516,1213.643174,1.289821,0.200
3397,37604.479209,1210.051640,1.236423,0.200
3398,37647.014636,1206.565300,1.206648,0.200
3399,37690.185197,1203.099849,1.108087,0.200
3400,37732.496387,1199.766792,1.133602,0.200
3401,37770.884316,1196.783544,1.101246,0.200
3402,37817.538561,1193.203198,1.113952,0.200
3403,37860.537677,1195.182926,1.052491,0.200
3404,37904.148606,1192.485177,1.028078,0.200
3405,37945.016627,1189.513885,1.091311,0.200
3406,37989.632488,1186.354210,1.055504,0.200
3407,38074.436765,1180.416293,1.098843,0.200
3408,38117.381121,1177.501394,1.113139,0.200
3409,38201.764659,1172.019704,1.148143,0.200
3410,38244.096276,1169.371241,1.184073,0.200
3411,38286.107617,1166.907761,1.154324,0.200
3412,38328.390090,1164.384815,1.161675,0.200
3413,38369.883080,1161.784655,1.153365,0.200
3414,38413.141058,1158.983052,1.134388,0.200
3415,38453.913822,1156.373338,1.125454,0.200
3416,38536.748721,1151.128505,1.155726,0.200
3417,38577.702922,1149.659962,1.063673,0.200
3418,38619.096161,1147.436635,1.033658,0.200
3419,38657.115532,1138.644897,1.212967,0.200
3420,38701.016725,1144.654157,1.254347,0.200
3421,38742.546363,1142.283873,1.380985,0.200
3422,38783.684278,1139.804691,1.445818,0.200
3423,38823.507913,1137.159906,1.535185,0.200
3424,38868.809737,1135.801934,1.683322,0.200
3425,38950.789647,1130.573868,1.755117,0.200
3426,38991.929562,1127.855206,1.655937,0.200
3427,39031.422755,1126.060022,1.533115,0.200
3428,39072.867305,1123.452286,1.565215,0.200
3429,39114.574589,1119.477159,1.320469,0.200
3430,39236.950197,1111.821332,1.414877,0.200
3431,39278.116140,1109.289892,1.434951,0.200
3432,39360.715550,1104.302344,1.484644,0.200
3433,39400.833246,1101.987835,1.377042,0.200
3434,39442.186183,1096.954252,1.471276,0.200
3435,39483.422676,1094.113614,1.477409,0.200
3436,39524.377110,1091.316377,1.519096,0.200
3437,39565.263472,1088.555541,1.535670,0.200
3438,39606.437877,1085.687222,1.774914,0.200
3439,39647.082414,1082.861790,1.780931,0.200
3440,39729.114323,1077.113754,1.831895,0.200
3441,39770.011890,1074.152121,2.213211,0.200
3442,39852.008571,1068.235653,2.156864,0.200
3443,39893.215199,1065.182868,2.185514,0.200
3444,39934.173741,1062.130506,2.218802,0.200
3445,39975.303443,1058.953248,2.383790,0.200
3446,40016.496153,1055.797288,2.419356,0.200
3447,40057.627995,1052.598224,2.450830,0.200
3448,40099.071109,1048.833881,2.680137,0.200
3449,40140.029591,1045.472831,2.736155,0.200
3450,40181.613007,1042.019828,2.770744,0.200
3451,40222.674602,1038.538855,2.781408,0.200
3452,40264.089806,1034.968254,2.818723,0.200
3453,40305.648388,1031.330721,2.837308,0.200
3454,40347.226003,1027.581161,2.878381,0.200
3455,40388.207962,1023.467824,2.725431,0.200
3456,40513.224898,1011.965894,2.831736,0.200
3457,40554.734505,1008.113747,2.862739,0.200
3458,40596.136953,1004.213125,3.026992,0.200
3459,40638.400125,1000.221440,3.068072,0.200
3460,40679.872594,996.270112,3.117446,0.200
3461,40763.992030,988.173347,-3.095636,0.200
3462,40806.312156,984.072477,-3.071086,0.200
3463,40848.114003,980.052186,-3.020401,0.200
3464,40894.186243,975.662036,-2.981459,0.200
3465,40932.367733,972.203900,2.772009,0.200
3466,41017.094300,964.415186,2.807094,0.200
3467,41057.382565,960.755831,2.847847,0.200
3468,41102.300264,956.675533,2.883288,0.200
3469,41229.745660,945.223964,2.970261,0.200
3470,41356.507435,934.046552,3.053314,0.200
3471,41445.247579,926.452151,3.128249,0.200
3472,41487.908450,922.869212,-3.127464,0.200
3473,41531.031979,919.289467,-3.105931,0.200
3474,41574.344419,915.751267,-3.084835,0.200
3475,41617.380076,912.284458,-3.056046,0.200
3476,41661.742891,908.749353,-3.013369,0.200
3477,41749.867777,901.900314,-2.973364,0.200
3478,41795.105926,899.511123,-2.699641,0.200
3479,41838.047248,896.519319,-2.641674,0.200
3480,41881.418339,893.468347,-2.599547,0.200
3481,41968.979612,887.329641,-2.605197,0.200
3482,42012.744596,884.404704,-2.581713,0.200
3483,42056.707431,881.574944,-2.517245,0.200
3484,42147.269519,876.017792,-2.454721,0.200
3485,42179.703016,874.140921,-2.446371,0.200
3486,42277.802370,868.544413,-2.414406,0.200
3487,42369.562645,863.633914,-2.336799,0.200
3488,42504.664113,856.608340,-2.178650,0.200
3489,42599.318471,851.948613,-2.112457,0.200
3490,42819.343654,841.806777,-2.072568,0.200
3491,42866.430571,839.914367,-3.040606,0.200
3492,42912.230599,838.164313,-2.948562,0.200
3493,43050.007795,833.400733,-2.732465,0.200
3494,43096.447219,832.183355,-2.711343,0.200
3495,43142.645072,831.124558,-2.737622,0.200
3496,43188.758041,830.190848,-2.687623,0.200
3497,43235.292598,829.359581,-2.694596,0.200
3498,43329.486871,828.026122,-2.490188,0.200
3499,43378.652029,827.526085,-2.355937,0.200
3500,43418.549252,827.343366,-1.885948,0.200
3501,43469.248379,827.678668,-1.731868,0.200
3502,43517.321599,827.585685,-1.604990,0.200
3503,43559.367248,827.626165,-1.473970,0.200
3504,43609.508970,827.798213,-1.350877,0.200
3505,43656.431458,828.170051,-1.509091,0.200
3506,43751.454555,829.134909,-1.139154,0.200
3507,43893.854448,831.479889,-0.907092,0.200
3508,44032.840842,834.691776,-0.331013,0.200
3509,44082.557731,836.118564,-0.333631,0.200
3510,44177.930695,839.225241,-0.282892,0.200
3511,44224.992329,841.025638,-0.239042,0.200
3512,44272.475258,842.873259,-0.168255,0.200
3513,44367.643803,846.926662,-0.073409,0.200
3514,44701.153562,862.925535,0.323412,0.200
3515,44844.032599,871.432102,0.305727,0.200
3516,44939.522037,877.493816,0.276946,0.200
3517,45082.242790,887.230100,0.300595,0.200
3518,45225.424636,897.880116,0.360799,0.200
3519,45364.987066,909.118435,0.409714,0.200
3520,45556.624696,925.349933,0.536367,0.200
3521,45598.588920,923.507697,0.982214,0.200
3522,45686.700713,930.367122,1.007253,0.200
3523,45971.328971,953.122260,1.313833,0.200
3524,46063.761332,960.656057,1.323043,0.200
3525,46153.195202,967.915906,1.351510,0.200
3526,46247.159163,975.445446,1.388026,0.200
3527,46292.684747,979.085065,1.419504,0.200
3528,46384.209828,986.344311,1.481672,0.200
3529,46615.027179,1004.501334,2.027095,0.200
3530,46704.538865,1011.542649,2.079400,0.200
3531,46887.824598,1025.870663,2.175726,0.200
3532,46935.409908,1029.575553,2.215239,0.200
3533,47025.900805,1036.561101,2.268838,0.200
3534,47161.682409,1046.769506,2.334838,0.200
3535,47252.577676,1053.263127,2.400881,0.200
3536,47300.585748,1056.573965,2.405487,0.200
3537,47346.276719,1059.641986,2.430796,0.200
3538,47392.501188,1062.709930,2.444604,0.200
3539,47438.346617,1065.788382,2.477492,0.200
3540,47529.802780,1071.882251,2.558445,0.200
3541,47573.831206,1074.809048,2.610883,0.200
3542,47663.146910,1080.673841,2.679183,0.200
3543,47713.582714,1083.906167,2.723315,0.200
3544,47759.682794,1086.821891,2.738069,0.200
3545,47805.792067,1089.709060,2.773529,0.200
3546,47851.588387,1092.544994,2.803877,0.200
3547,47943.631881,1098.092074,2.830895,0.200
3548,47989.662131,1100.809023,2.846778,0.200
3549,48079.454287,1106.042582,2.918522,0.200
3550,48131.673032,1109.022647,2.956474,0.200
3551,48171.806513,1107.452739,-2.543277,0.200
3552,48218.680361,1110.300178,-2.560311,0.200
3553,48264.605986,1112.852517,-2.502889,0.200
3554,48310.612190,1115.464217,-2.464809,0.200
3555,48403.172166,1120.850022,-2.427609,0.200
3556,48450.982347,1123.717367,-2.395211,0.200
3557,48497.206954,1126.979400,-2.422503,0.200
3558,48557.396272,1133.711847,-3.104028,0.200
3559,48615.327359,1143.791980,2.270606,0.200
3560,48712.590095,1151.773718,2.279994,0.200
3561,48761.665925,1155.852127,2.279745,0.200
3562,48810.777719,1159.975989,2.254051,0.200
3563,48860.911605,1164.215364,2.309043,0.200
3564,48958.525968,1172.577464,2.461317,0.200
3565,49058.303284,1181.222396,2.454400,0.200
3566,49208.508782,1194.352623,2.415016,0.200
3567,49308.701872,1203.453470,2.401103,0.200
3568,49360.048915,1208.209591,2.360768,0.200
3569,49410.924441,1212.958099,2.377604,0.200
3570,49461.850558,1217.719753,2.335474,0.200
3571,49564.800023,1227.129833,1.934626,0.200
3572,49668.503402,1236.751089,1.928906,0.200
3573,49720.000598,1241.587173,1.805275,0.200
3574,49826.046414,1251.592037,1.714790,0.200
3575,49878.713740,1255.812807,2.777684,0.200
3576,49931.717673,1260.882626,2.828988,0.200
3577,49984.567401,1265.923879,2.604875,0.200
3578,50037.682950,1271.182086,2.559296,0.200
3579,50090.895264,1276.578486,2.409463,0.200
3580,50144.104223,1281.969203,2.248169,0.200
3581,50197.364492,1287.545851,2.258891,0.200
3582,50250.075395,1293.192968,2.197655,0.200
3583,50303.096139,1299.387738,2.165725,0.200
3584,50359.549492,1301.802021,1.328782,0.200
3585,50415.123252,1307.586867,1.235823,0.200
3586,50470.382478,1311.278101,1.067257,0.200
3587,50524.998149,1316.930273,0.964547,0.200
3588,50581.719805,1319.251010,0.929028,0.200
3589,50634.301255,1328.443458,1.197640,0.200
3590,50688.901818,1334.375063,1.081343,0.200
3591,50741.458461,1342.117565,1.031451,0.200
3592,50851.596184,1354.719095,0.926870,0.200
3593,50906.566236,1361.156707,0.866062,0.200
3594,50965.449713,1365.674760,0.724750,0.200
3595,51071.755903,1378.315266,0.586843,0.200
3596,51128.977046,1391.000784,0.512366,0.200
3597,51184.373162,1397.943722,0.503549,0.200
3598,51239.350317,1404.881750,0.473724,0.200
3599,51295.137761,1411.984079,0.485534,0.200
3600,51350.599184,1419.135508,0.465572,0.200
3601,51464.280937,1433.997952,0.418806,0.200
3602,51521.372860,1441.567684,0.382720,0.200
3603,51573.383987,1448.813131,0.321295,0.200
3604,51634.026844,1457.001461,0.317116,0.200
3605,51689.773399,1464.591438,0.293529,0.200
3606,51801.438907,1479.973097,0.287954,0.200
3607,51915.367699,1496.256140,0.391208,0.200
3608,52031.600026,1513.073002,0.374088,0.200
3609,52090.735309,1515.322681,0.371360,0.200
3610,52151.402015,1524.163617,0.364627,0.200
3611,52208.539380,1532.166810,0.385188,0.200
3612,52321.978685,1548.998377,0.385448,0.200
3613,52378.158449,1557.438647,0.374560,0.200
3614,52495.001059,1575.300478,0.385679,0.200
3615,52550.848246,1584.332772,0.342780,0.200
3616,52724.048250,1611.889281,0.307521,0.200
3617,52840.748745,1630.980398,0.306767,0.200
3618,52914.198340,1639.106894,-0.429106,0.200
3619,53026.839562,1649.242260,-0.616904,0.200
3620,53086.036578,1659.049077,-0.606687,0.200
3621,53153.938170,1667.716309,-0.455622,0.200
3622,53219.947570,1671.791033,-0.387624,0.200
3623,53337.617457,1690.781671,-0.385333,0.200
3624,53398.559472,1700.030194,0.035932,0.200
3625,53459.749228,1710.359301,0.211968,0.200
3626,53514.853551,1720.652655,0.290493,0.200
3627,53635.854983,1741.392845,0.315437,0.200
3628,53694.143938,1751.999312,0.273796,0.200
3629,53812.023290,1772.881222,0.330769,0.200
3630,53872.110010,1783.498592,0.328376,0.200
3631,53990.646114,1805.184472,0.357850,0.200
3632,54069.331497,1813.665205,0.515931,0.200
3633,54127.913163,1823.475216,0.614327,0.200
3634,54247.777561,1845.180278,0.591958,0.200
3635,54367.315859,1867.723165,0.679852,0.200
3636,54427.032069,1879.591824,0.841726,0.200
3637,54486.502498,1891.100461,0.891067,0.200
3638,54547.468682,1902.939250,0.963094,0.200
3639,54608.263628,1914.495905,0.209660,0.200
3640,54668.531585,1926.453059,0.277096,0.200
3641,54729.610177,1941.386243,0.229734,0.200
3642,54789.600130,1953.485915,0.251707,0.200
3643,54849.445029,1965.628877,0.203506,0.200
3644,54909.768749,1977.967233,0.193698,0.200
3645,54970.309329,1990.437090,0.182597,0.200
3646,55032.403022,2003.314654,0.302680,0.200
3647,55087.158475,2014.745434,0.368054,0.200
3648,55153.674489,2028.714475,0.426379,0.200
3649,55276.675423,2054.799204,0.534996,0.200
3650,55339.134595,2066.535839,0.431310,0.200
3651,55400.600384,2079.631992,0.586307,0.200
3652,55462.457182,2092.844706,0.731004,0.200
3653,55585.606326,2119.797302,0.771874,0.200
3654,55646.650549,2133.600698,0.623952,0.200
3655,55709.279300,2147.520377,0.794906,0.200
3656,55772.460723,2161.942885,0.988213,0.200
3657,55833.159295,2175.545616,1.043093,0.200
3658,55956.041196,2206.450117,0.891488,0.200
3659,56080.877641,2233.278587,1.708836,0.200
3660,56205.646374,2261.606060,1.751847,0.200
3661,56330.722823,2290.275443,2.021952,0.200
3662,56580.520840,2348.176821,2.341707,0.200
3663,56902.840500,2422.919447,2.421259,0.200
3664,57028.407922,2452.573643,2.342179,0.200
3665,57157.127881,2483.933642,2.129357,0.200
3666,57221.169402,2499.511986,2.170232,0.200
3667,57413.297303,2546.399256,2.145392,0.200
3668,57677.857834,2611.447201,2.111046,0.200
3669,58001.209975,2691.248961,2.025499,0.200
3670,58334.648674,2773.723496,2.064134,0.200
3671,58669.849298,2856.545449,1.995606,0.200
3672,59012.618354,2941.238027,1.731402,0.200
3673,59148.818468,2974.868804,1.688109,0.200
3674,59286.017982,3008.678566,1.657003,0.200
3675,59357.022562,3026.158210,1.677355,0.200
3676,59426.435220,3043.196229,1.641636,0.200
3677,59569.760345,3078.350551,1.637437,0.200
3678,59646.436417,3093.948938,1.562461,0.200
3679,59707.227405,3108.536717,1.565865,0.200
3680,59847.276144,3142.021544,1.546666,0.200
3681,59918.045786,3158.875300,1.518990,0.200
3682,60131.433834,3209.782496,1.487074,0.200
3683,60202.436867,3226.615489,1.456399,0.200
3684,60273.775429,3243.544894,1.298797,0.200
3685,60559.891058,3310.976717,1.100419,0.200
3686,60919.914268,3395.026722,0.981644,0.200
3687,61064.361769,3428.586719,0.994869,0.200
3688,61136.568902,3445.347594,0.966774,0.200
3689,61354.196882,3495.534111,0.809835,0.200
3690,61644.873208,3561.669577,0.646240,0.200
3691,61867.107867,3611.300311,0.667349,0.200
3692,61939.127057,3627.242749,0.774480,0.200
3693,62014.726007,3643.248795,0.718643,0.200
3694,62163.318677,3675.658560,0.638493,0.200
3695,62237.889994,3691.885694,0.638063,0.200
3696,62387.060988,3724.327956,0.575270,0.200
3697,62461.054928,3740.434046,0.553358,0.200
3698,62536.746804,3757.152147,0.561468,0.200
3699,62837.292780,3823.654105,0.352451,0.200
3700,62989.343096,3857.490199,-0.238597,0.200
3701,63064.297606,3874.145559,-0.410200,0.200
3702,63140.176714,3890.662587,-0.485376,0.200
3703,63217.441160,3907.145500,-0.494302,0.200
3704,63370.580642,3940.330582,-0.777097,0.200
3705,63447.735620,3955.549924,-0.804528,0.200
3706,63603.652287,3988.423645,-0.845698,0.200
3707,63758.029753,4020.592715,-0.968321,0.200
3708,63835.546885,4036.621208,-0.926984,0.200
3709,63913.817298,4052.705865,-1.346938,0.200
3710,64135.353352,4097.939751,-1.592156,0.200
3711,64302.779563,4131.808724,-1.582137,0.200
3712,64377.413205,4146.701865,-1.708814,0.200
3713,64472.590483,4165.696458,-1.720189,0.200
3714,64772.678525,4224.620696,-1.708929,0.200
3715,64851.119501,4239.683189,-1.708083,0.200
3716,64932.939283,4255.307539,-1.708980,0.200
3717,65012.333563,4270.385825,-1.739660,0.200
3718,65091.401930,4285.175526,-1.948437,0.200
3719,65408.177472,4344.371089,-2.003736,0.200
3720,65649.347853,4388.742335,-2.109380,0.200
3721,65885.797010,4431.605696,-2.090686,0.200
3722,66047.223205,4460.386025,-2.115323,0.200
3723,66131.450833,4475.289169,-2.142858,0.200
3724,66212.652935,4489.607504,-2.143155,0.200
3725,66459.682167,4532.678873,-1.982608,0.200
3726,66622.823452,4560.798749,-1.941159,0.200
3727,66705.152544,4574.933924,-1.928922,0.200
3728,66784.902490,4588.585698,-1.924686,0.200
3729,67115.550426,4644.868352,-2.706846,0.200
3730,67201.347808,4659.107508,-2.691724,0.200
3731,67284.925291,4672.849573,-2.650637,0.200
3732,67368.829018,4686.538217,-2.639347,0.200
3733,67451.829840,4699.979249,-2.605380,0.200
3734,67535.548803,4713.430818,-2.608905,0.200
3735,67618.422070,4726.648086,-2.604488,0.200
3736,67701.921576,4739.904405,-2.589731,0.200
3737,67785.884951,4753.146825,-2.613554,0.200
3738,67871.780801,4766.595360,-2.577047,0.200
3739,67958.662038,4782.153777,-1.838494,0.200
3740,68043.484882,4795.248622,-1.887974,0.200
3741,68128.661081,4808.683430,-1.883966,0.200
3742,68214.097745,4822.111231,-1.868375,0.200
3743,68384.991339,4848.924300,-1.813759,0.200
3744,68642.558894,4889.108570,-1.670108,0.200
3745,68738.116987,4903.912887,-1.625659,0.200
3746,68901.420926,4929.195584,-1.577776,0.200
3747,69161.361153,4969.520664,-1.574594,0.200
3748,69247.318367,4982.879649,-1.557676,0.200
3749,69421.636113,5009.921867,-1.578366,0.200
3750,69685.899337,5050.817522,-1.546069,0.200
3751,69773.243336,5064.453485,-1.536378,0.200
3752,70038.042445,5105.718558,-1.331806,0.200
3753,70393.254010,5161.105823,-1.351536,0.200
3754,70573.175620,5190.001490,-1.319063,0.200
3755,70753.320960,5219.355678,-1.262444,0.200
3756,71025.734305,5264.156616,-1.246597,0.200
3757,71114.864489,5278.835078,-1.216330,0.200
3758,71207.506863,5293.884394,-1.096322,0.200
3759,71389.423720,5323.121115,-0.935051,0.200
3760,71572.071304,5352.459262,-0.871408,0.200
3761,71754.866733,5381.716386,-0.788721,0.200
3762,71845.655590,5396.253767,-0.820679,0.200
3763,72028.016364,5425.547941,-0.849801,0.200
3764,72210.859922,5455.326705,-0.850880,0.200
3765,72400.578372,5486.788691,-0.730346,0.200
3766,72493.585114,5502.111536,-0.599937,0.200
3767,72677.337273,5532.313603,-0.317436,0.200
3768,72862.613071,5562.585181,-0.108534,0.200
3769,73049.013965,5592.845484,0.019164,0.200
3770,73333.407582,5638.580571,0.118677,0.200
3771,73522.633297,5668.743108,0.160462,0.200
3772,73898.776960,5728.384102,0.494860,0.200
3773,74088.159478,5758.037691,0.489767,0.200
3774,74276.387864,5787.287831,0.657831,0.200
3775,74465.493627,5816.266052,0.706913,0.200
3776,74560.533058,5830.659161,0.730805,0.200
3777,74659.122958,5845.435435,0.837626,0.200
3778,75039.771106,5901.599907,1.217938,0.200
3779,75134.765382,5915.440940,1.225441,0.200
3780,75325.822265,5943.405494,1.244811,0.200
3781,75520.256453,5972.058524,1.030705,0.200
3782,75616.417902,5986.351999,1.050021,0.200
3783,75804.501705,6014.370015,1.063455,0.200
3784,76001.607194,6044.012058,1.132679,0.200
3785,76290.648514,6087.875304,1.170570,0.200
3786,76487.735078,6117.886457,1.309399,0.200
3787,76585.108436,6133.041893,1.457510,0.200
3788,76682.479390,6147.965300,1.489290,0.200
3789,76877.531725,6177.861822,1.589177,0.200
3790,76974.620521,6192.717697,1.611037,0.200
3791,77172.319257,6222.913672,1.588157,0.200
3792,77472.724439,6268.684451,1.517181,0.200
3793,77962.801508,6343.692869,1.612770,0.200
3794,78460.993394,6420.158040,1.717264,0.200
3795,78860.529095,6481.147498,1.749659,0.200
3796,79768.506718,6619.207654,1.721886,0.200
3797,80176.640151,6681.149959,2.251181,0.200
3798,80383.447260,6711.164385,2.316614,0.200
3799,80587.748430,6740.906589,2.244934,0.200
3800,80690.924132,6755.964620,2.191829,0.200
3801,80795.566916,6771.258699,2.176530,0.200
3802,80896.530566,6786.065656,2.151689,0.200
3803,81210.710414,6832.187204,2.066820,0.200
3804,81314.825206,6847.606876,2.047833,0.200
3805,81528.704436,6879.479369,2.000498,0.200
3806,81731.701522,6909.978906,1.903015,0.200
3807,81836.419359,6925.735320,1.858395,0.200
3808,82255.320769,6988.567107,1.876908,0.200
3809,82472.633632,7021.307700,1.959809,0.200
3810,82790.108120,7069.632253,1.719779,0.200
3811,83006.491626,7102.667668,1.703352,0.200
3812,83327.933445,7152.113890,2.366855,0.200
3813,83542.019049,7186.224141,2.246906,0.200
3814,83649.321703,7203.390192,1.981138,0.200
3815,83863.215578,7237.851224,0.680370,0.200
3816,84185.226401,7290.436125,-0.529280,0.200
3817,84516.706080,7344.891647,0.018953,0.200
3818,84840.952328,7398.695792,-0.293251,0.200
3819,84952.731035,7417.627482,-0.446078,0.200
3820,85280.120021,7473.465103,-0.428865,0.200
3821,85937.850390,7587.223449,-0.484636,0.200
3822,86047.633393,7607.147285,0.052064,0.200
3823,86380.188454,7667.465672,-0.857235,0.200
3824,86485.823612,7687.318156,-0.987932,0.200
3825,86594.765769,7708.015686,-0.973517,0.200
3826,86704.871492,7728.984903,-0.959624,0.200
3827,87038.865605,7792.742462,-0.814374,0.200
3828,87260.368146,7835.451996,-0.785664,0.200
3829,87482.139203,7878.551432,-0.706905,0.200
3830,87816.139223,7943.861870,-0.542135,0.200
3831,88039.907689,7987.642241,-0.453893,0.200
3832,88266.148760,8031.931747,-0.386727,0.200
3833,88484.032403,8075.012596,-0.296007,0.200
3834,88822.750551,8142.568613,-0.146581,0.200
3835,89048.556578,8188.307891,-0.095394,0.200
3836,89164.749687,8211.987186,-0.102355,0.200
3837,89385.109823,8257.176879,0.948937,0.200
3838,89503.117242,8281.622235,0.959656,0.200
3839,89721.911800,8327.093350,1.012089,0.200
3840,90061.685713,8398.157914,1.179357,0.200
3841,90281.805611,8444.766936,1.229161,0.200
3842,90620.560583,8517.028514,1.306358,0.200
3843,90843.586720,8565.169261,1.276197,0.200
3844,91063.713351,8613.051710,1.306489,0.200
3845,91287.895947,8662.139687,1.308347,0.200
3846,91621.982855,8735.708388,1.442875,0.200
3847,91841.560051,8784.256000,1.439683,0.200
3848,92289.995759,8883.486994,1.618847,0.200
3849,92508.704718,8932.368269,1.698099,0.200
3850,93063.738106,9057.747755,1.904922,0.200
3851,93523.248065,9162.214256,2.251895,0.200
3852,93945.248442,9258.160502,2.572476,0.200
3853,94164.419218,9307.967566,2.765965,0.200
3854,94930.762193,9482.542536,-3.093479,0.200
3855,95150.280658,9532.844923,-3.074178,0.200
3856,95477.466088,9607.681459,-2.979365,0.200
3857,95586.548356,9632.632311,-2.917094,0.200
3858,95805.932507,9682.846640,-2.845667,0.200
3859,95916.254031,9708.142279,-2.808108,0.200
3860,96135.400471,9758.518836,-2.759941,0.200
3861,96245.791131,9783.954661,-2.719149,0.200
3862,96465.686702,9834.768687,-2.659638,0.200
3863,96578.351190,9860.931247,-2.645444,0.200
3864,98116.778805,10221.335257,-1.895152,0.200
3865,98336.187222,10274.822131,-2.001290,0.200
3866,98446.974812,10301.332791,-1.943441,0.200
3867,98559.141483,10328.189210,-1.914143,0.200
3868,98778.388068,10380.732994,-1.893932,0.200
3869,98887.082564,10407.252735,-1.956313,0.200
3870,99327.889846,10514.039124,-1.728045,0.200
3871,99763.394410,10621.575550,-1.944102,0.200
3872,100311.844289,10756.748512,-2.117108,0.200
3873,100751.692982,10865.923417,-1.937503,0.200
3874,101843.797312,11145.710646,-1.478562,0.200
3875,102815.313384,11408.432272,-1.691994,0.200
3876,103033.444040,11468.755430,-1.763932,0.200
3877,103138.855440,11498.063613,-1.788304,0.200
3878,103246.408394,11528.041176,-1.763475,0.200
3879,103570.723858,11618.811230,-2.214699,0.200
3880,103676.161000,11648.525069,-1.626545,0.200
3881,103890.376939,11709.219788,-1.525693,0.200
3882,104315.357015,11830.423744,-1.742371,0.200
3883,104640.209679,11923.978516,-1.927323,0.200
3884,104958.712807,12016.790446,-2.782567,0.200
3885,105387.982234,12143.427224,-3.062034,0.200
3886,105601.084157,12207.269738,3.125646,0.200
3887,105918.720903,12303.241661,2.924963,0.200
3888,106236.392672,12399.578943,2.636645,0.200
3889,106564.935147,12500.227476,2.368136,0.200
3890,106772.041664,12564.051769,2.225094,0.200
3891,106986.916073,12630.661055,2.109727,0.200
3892,107175.961544,12689.522802,2.062561,0.200
3893,107306.318470,12730.176411,1.968853,0.200
3894,107412.114073,12763.160922,1.892733,0.200
3895,107511.992848,12794.332622,1.895892,0.200
3896,107624.138261,12829.413705,1.862478,0.200
3897,107729.133756,12862.343217,1.852440,0.200
3898,107841.651366,12898.673867,1.745707,0.200
3899,107951.532962,12933.221530,1.745099,0.200
3900,108057.396375,12966.101386,1.687157,0.200
3901,108376.852813,13067.025271,1.614444,0.200
3902,108486.007282,13101.644539,1.606872,0.200
3903,108588.276623,13134.139544,1.551415,0.200
3904,108696.801095,13168.672900,1.513458,0.200
3905,108905.395750,13235.172451,1.520765,0.200
3906,109012.864762,13269.484454,1.536630,0.200
3907,109120.203901,13303.820584,1.542156,0.200
3908,109438.724720,13405.981476,0.819607,0.200
3909,110070.699305,13609.891262,0.766757,0.200
3910,110281.465328,13678.354217,0.784450,0.200
3911,110386.808751,13712.622097,0.777195,0.200
3912,110703.020731,13815.612079,0.764767,0.200
3913,110921.239170,13886.738698,0.692232,0.200
3914,111021.533466,13919.464667,0.709453,0.200
3915,111229.727355,13987.471383,0.760261,0.200
3916,111436.000369,14054.982935,0.715187,0.200
3917,111544.334760,14090.550233,0.691045,0.200
3918,111850.378904,14191.242568,0.595056,0.200
3919,111957.926638,14226.753043,0.583473,0.200
3920,112060.860638,14260.770139,0.587077,0.200
3921,112164.472681,14295.057904,0.583090,0.200
3922,112271.723376,14330.583564,0.527128,0.200
3923,112376.528646,14365.312991,0.397424,0.200
3924,112685.421992,14467.703748,-0.135008,0.200
3925,112892.478946,14536.436731,-0.330735,0.200
3926,112994.376668,14570.333292,-0.433793,0.200
3927,113098.998429,14605.162909,-0.459518,0.200
3928,113199.908931,14638.776241,-0.634979,0.200
3929,113510.793231,14742.469591,-1.053339,0.200
3930,113713.237335,14810.269307,-1.218326,0.200
3931,113920.143874,14879.854659,-1.088991,0.200
3932,114024.164249,14914.927671,-0.872299,0.200
3933,114125.088082,14949.000932,-1.044163,0.200
3934,114331.300301,15018.798761,-1.576864,0.200
3935,114533.071888,15087.237893,-1.943665,0.200
3936,114636.343966,15122.390320,-1.952731,0.200
3937,114741.924724,15158.407037,-1.987931,0.200
3938,114842.781488,15192.866549,-2.090747,0.200
3939,115047.926641,15263.102985,-2.229739,0.200
3940,115147.718773,15298.765044,-2.298700,0.200
3941,115248.356994,15333.656958,-2.336703,0.200
3942,115351.820838,15369.596506,-2.305217,0.200
3943,115655.052242,15475.294210,-2.275469,0.200
3944,115759.843181,15511.953687,-2.503671,0.200
3945,115864.180342,15548.468431,-2.544960,0.200
3946,116065.066892,15619.165050,-2.655451,0.200
3947,116168.799394,15655.727679,-2.542303,0.200
3948,116268.468923,15691.004607,-2.587858,0.200
3949,116473.169590,15763.678638,-2.690031,0.200
3950,116575.360657,15800.143173,-2.688745,0.200
3951,116676.875184,15836.459153,-2.662225,0.200
3952,116781.064800,15873.860158,-2.677088,0.200
3953,116880.933047,15909.828276,-2.639632,0.200
3954,116985.504632,15947.605451,-2.680963,0.200
3955,117085.660051,15983.908485,-2.727234,0.200
3956,117187.384851,16020.914636,-2.701317,0.200
3957,117390.063607,16094.964299,-2.757873,0.200
3958,117494.998388,16133.483705,-2.787383,0.200
3959,117699.083450,16208.741544,-2.763169,0.200
3960,117906.763280,16285.793255,-2.773698,0.200
3961,118007.383596,16323.267951,-2.955458,0.200
3962,118214.219263,16400.469912,-3.006601,0.200
3963,118313.658427,16437.737131,-3.002628,0.200
3964,118415.534279,16476.041783,-3.044572,0.200
3965,118520.398355,16515.562010,-3.081087,0.200
3966,118626.165432,16555.443071,2.929464,0.200
3967,118726.180252,16593.286747,2.884632,0.200
3968,118824.172850,16630.737385,-2.890954,0.200
3969,118933.958418,16672.618240,-2.939326,0.200
3970,119034.206623,16710.964202,-2.938682,0.200
3971,119138.986383,16751.191421,-2.926123,0.200
3972,119239.302910,16789.764708,-2.963755,0.200
3973,119342.207924,16829.443919,-2.953122,0.200
3974,119444.679351,16869.108654,-2.982882,0.200
3975,119752.550463,16988.760269,-2.944015,0.200
3976,119860.207574,17030.915937,-2.957765,0.200
3977,120066.205846,17111.862231,-2.971034,0.200
3978,120170.587541,17153.173507,-3.015328,0.200
3979,120273.713036,17194.099339,-3.067176,0.200
3980,120378.405102,17235.732437,-3.098700,0.200
3981,120585.908059,17318.597230,-3.138631,0.200
3982,120687.123972,17359.253234,3.132773,0.200
3983,120894.373701,17442.859425,-3.097691,0.200
3984,121003.725122,17487.107713,-3.017243,0.200
3985,121207.038474,17569.815171,-3.075812,0.200
3986,121311.044144,17612.293145,-3.068342,0.200
3987,121518.856893,17697.500947,-3.123572,0.200
3988,121697.837666,17785.090990,1.417975,0.200
3989,121891.098177,17869.084992,1.345003,0.200
3990,121988.815521,17911.479652,1.350369,0.200
3991,122087.479283,17954.300332,1.353286,0.200
3992,122187.112047,17997.454015,1.351527,0.200
3993,122285.232363,18039.896585,1.328888,0.200
3994,122384.580704,18082.827824,1.280803,0.200
3995,122484.808998,18126.097665,1.308795,0.200
3996,122579.740717,18171.233137,1.721324,0.200
3997,122691.439864,18198.894766,0.328219,0.200
3998,122792.434323,18239.382262,0.297585,0.200
3999,122894.397791,18280.286034,0.264900,0.200
4000,122995.464992,18320.731264,0.282561,0.200
4001,123097.981227,18361.206911,0.293629,0.200
4002,123202.617554,18402.714051,0.294350,0.200
4003,123401.463897,18481.282302,0.268835,0.200
4004,123502.524438,18521.209815,0.222421,0.200
4005,123677.616591,18608.479559,0.946512,0.200
4006,123981.326660,18729.651725,1.131138,0.200
4007,124179.759003,18808.687297,1.248350,0.200
4008,124488.343246,18931.271659,1.185630,0.200
4009,124793.898461,19051.953369,1.184157,0.200
4010,125208.426030,19212.828937,1.143092,0.200
4011,125516.132663,19329.875049,0.885898,0.200
4012,125614.560692,19367.345105,0.795108,0.200
4013,125827.580522,19448.533842,0.543846,0.200
4014,125930.875348,19487.907047,0.440888,0.200
4015,126034.698771,19527.643188,0.419349,0.200
4016,126141.938410,19568.750845,0.340578,0.200
4017,126246.651462,19608.861351,0.258650,0.200
4018,126353.028717,19649.435222,0.187152,0.200
4019,126456.754490,19688.985870,0.154512,0.200
4020,126561.844757,19729.177101,0.162379,0.200
4021,126771.712088,19809.468549,0.027323,0.200
4022,126876.362307,19849.568197,0.074884,0.200
4023,126985.627110,19891.514409,0.000741,0.200
4024,127089.799905,19931.534127,-0.057445,0.200
4025,127188.554890,19969.495398,-0.095201,0.200
4026,127406.552739,20053.390583,-0.143488,0.200
4027,127514.974322,20095.170417,-0.157456,0.200
4028,127620.168979,20135.727877,-0.186508,0.200
4029,127834.023188,20218.295603,-0.293796,0.200
4030,128044.477963,20299.988096,-0.306906,0.200
4031,128168.144867,20348.170152,-0.357425,0.200
4032,128263.733654,20385.111698,-0.189169,0.200
4033,128368.498260,20425.990046,-0.259720,0.200
4034,128581.925187,20509.446514,-0.283517,0.200
4035,128904.775353,20636.014787,-0.127784,0.200
4036,129227.402621,20763.223157,-0.109681,0.200
4037,129438.973750,20847.125591,-0.232773,0.200
4038,129874.100320,21020.611462,-0.288460,0.200
4039,131066.238140,21501.921816,-0.935352,0.200
4040,131714.180717,21775.049496,-1.183026,0.200
4041,132365.623829,22053.533226,-0.897245,0.200
4042,132810.095757,22243.630313,-0.699953,0.200
4043,132920.052588,22290.568423,-0.623702,0.200
4044,133254.825985,22433.351973,-0.347897,0.200
4045,133488.748706,22533.051038,-0.293053,0.200
4046,133592.160427,22577.185753,-0.297933,0.200
4047,133926.802517,22720.338609,-0.186286,0.200
4048,134038.253799,22768.091959,-0.114913,0.200
4049,134265.209246,22866.296844,-1.542236,0.200
4050,134597.843139,23009.026085,-1.439392,0.200
4051,134938.002721,23154.762856,-1.315748,0.200
4052,135387.913177,23346.990157,-1.392984,0.200
4053,136175.812506,23682.760250,-1.792315,0.200
4054,136745.783922,23923.680599,-1.535127,0.200
4055,136973.137616,24018.769368,-1.405740,0.200
4056,137082.625805,24064.399210,-1.345028,0.200
4057,137314.549964,24160.480645,-0.801456,0.200
4058,137541.836011,24254.021570,-0.465270,0.200
4059,137770.037455,24347.248175,0.031356,0.200
4060,137879.366857,24391.623380,0.226182,0.200
4061,137993.043392,24437.626268,0.192555,0.200
4062,138117.835628,24487.958265,0.045179,0.200
4063,138226.777414,24531.714139,0.056912,0.200
4064,138342.969564,24578.264361,0.163711,0.200
4065,138455.704590,24623.248612,0.171403,0.200
4066,138798.737181,24759.443376,0.252864,0.200
4067,139025.643280,24848.575005,0.289982,0.200
4068,139143.807297,24894.692463,0.104560,0.200
4069,139376.165395,24985.062926,0.086990,0.200
4070,139498.288419,25032.306845,0.082468,0.200
4071,139602.656404,25072.515690,0.045749,0.200
4072,139717.346317,25116.663443,-0.861541,0.200
4073,139834.643797,25161.613805,-0.620320,0.200
4074,139950.175682,25205.754816,-0.527931,0.200
4075,140291.047071,25335.316349,-0.479318,0.200
4076,140409.876778,25380.079574,-0.495959,0.200
4077,140639.498550,25466.243934,-0.532529,0.200
4078,140755.540642,25509.531234,-0.435434,0.200
4079,140870.739596,25552.462312,-0.450986,0.200
4080,141104.108406,25639.116285,-0.676084,0.200
4081,141335.035367,25724.422704,-0.765259,0.200
4082,141680.496581,25851.294046,-0.708351,0.200
4083,141909.178816,25934.705203,-0.690687,0.200
4084,142024.456157,25976.618891,-0.715911,0.200
4085,142142.564021,26019.404637,-0.553696,0.200
4086,142373.923667,26103.059713,-0.591906,0.200
4087,142487.565587,26143.916835,-0.612435,0.200
4088,142605.958623,26186.587781,-1.874693,0.200
4089,142719.132934,26227.421564,-1.856213,0.200
4090,142946.735524,26309.764400,-1.853259,0.200
4091,143061.672262,26351.520759,-1.875107,0.200
4092,143178.862775,26394.076158,-1.000369,0.200
4093,143290.240483,26434.555652,-1.029322,0.200
4094,143408.937073,26477.682881,-1.138657,0.200
4095,143520.221833,26518.150224,-1.106031,0.200
4096,143638.566491,26561.148552,-0.745827,0.200
4097,143753.989781,26603.078035,-0.743280,0.200
4098,143865.532734,26643.591141,-0.736694,0.200
4099,143977.592378,26684.222272,-0.659980,0.200
4100,144091.463206,26725.510241,-0.641579,0.200
4101,144325.276692,26810.233341,-0.690147,0.200
4102,144439.252236,26851.255839,-0.710394,0.200
4103,144554.015994,26892.433005,-0.722876,0.200
4104,144772.262640,26970.615458,-0.674233,0.200
4105,144898.305691,27015.724381,-0.658575,0.200
4106,145012.033460,27056.417086,-0.613315,0.200
4107,145126.708438,27097.769634,-1.605660,0.200
4108,145241.117477,27138.707864,-1.231203,0.200
4109,145351.841870,27178.242962,-1.107647,0.200
4110,145465.948175,27219.048221,-1.130350,0.200
4111,145584.920346,27261.557665,-1.099176,0.200
4112,145697.129716,27301.538688,-1.135929,0.200
4113,145922.098761,27381.473534,-0.628029,0.200
4114,146038.595419,27422.718541,-0.618548,0.200
4115,146152.301903,27462.928832,-0.621914,0.200
4116,146264.262350,27502.345696,-1.019278,0.200
4117,146384.417581,27544.754255,-1.014258,0.200
4118,146722.802995,27663.394892,-0.985823,0.200
4119,146834.932097,27702.548020,-0.986890,0.200
4120,147064.465730,27782.509532,-0.796833,0.200
4121,147179.213074,27822.257609,-0.838225,0.200
4122,147408.318602,27901.357151,-0.873798,0.200
4123,147523.402008,27940.948181,-0.884203,0.200
4124,147633.692321,27978.818166,-0.834982,0.200
4125,147752.891855,28019.728326,-0.807717,0.200
4126,147982.665984,28098.544654,-0.857675,0.200
4127,148097.562279,28137.889290,-0.880298,0.200
4128,148328.772818,28216.897616,-1.000567,0.200
4129,148555.145837,28293.992682,-1.044929,0.200
4130,148667.771270,28333.803012,-1.085264,0.200
4131,148903.403793,28414.191118,-1.105293,0.200
4132,149020.243244,28454.028741,-1.102236,0.200
4133,149250.617264,28532.423618,-1.115073,0.200
4134,149479.246998,28609.950278,-1.210225,0.200
4135,149599.662212,28650.712953,-1.210537,0.200
4136,149716.847151,28690.343134,-1.228184,0.200
4137,149832.626596,28729.463647,-1.246368,0.200
4138,149949.269070,28769.438403,-1.223738,0.200
4139,150059.112045,28806.600163,-1.239633,0.200
4140,150181.486105,28847.982443,-1.269304,0.200
4141,150300.361629,28891.802959,-1.078484,0.200
4142,150415.812211,28931.334455,-1.075258,0.200
4143,150530.987202,28970.778203,-1.060085,0.200
4144,150646.100227,29009.474711,-1.064326,0.200
4145,150767.950513,29051.274450,-1.087846,0.200
4146,150880.382580,29090.087462,-1.168859,0.200
4147,151003.006421,29132.165509,-1.217326,0.200
4148,151120.652965,29172.582847,-1.225599,0.200
4149,151240.920275,29213.930982,-1.207795,0.200
4150,151473.836615,29293.919470,-1.150788,0.200
4151,151592.886271,29334.734489,-1.151556,0.200
4152,151824.531197,29414.144029,-1.173375,0.200
4153,152068.065173,29497.708305,-1.155681,0.200
4154,152185.728010,29538.092658,-1.158612,0.200
4155,152303.420143,29578.539517,-1.182636,0.200
4156,152421.413381,29619.165698,-1.198125,0.200
4157,152659.367900,29701.157801,-1.439335,0.200
4158,153014.487415,29824.003339,-1.606067,0.200
4159,153370.987653,29947.493749,-1.646983,0.200
4160,153619.191631,30033.313341,-1.618351,0.200
4161,153859.947399,30116.473000,-1.608992,0.200
4162,154100.878105,30199.682160,-1.642199,0.200
4163,154221.512012,30241.301976,-1.654537,0.200
4164,154705.952112,30408.534330,-2.179215,0.200
4165,154943.771856,30490.836167,-2.257878,0.200
4166,155069.703987,30534.234590,-2.269870,0.200
4167,155556.882325,30701.572356,-2.230964,0.200
4168,155797.066479,30783.411052,-2.289036,0.200
4169,156168.749919,30909.535264,-2.122556,0.200
4170,156290.620926,30950.593122,-2.039953,0.200
4171,156536.921319,31033.343017,-2.000043,0.200
4172,156662.176914,31075.217864,-1.993199,0.200
4173,156783.430534,31115.649531,-1.764873,0.200
4174,156906.670640,31156.426780,-1.189036,0.200
4175,157029.950988,31197.251848,-0.341627,0.200
4176,157154.173076,31238.133116,0.454852,0.200
4177,157277.916690,31279.200152,0.588643,0.200
4178,157400.536090,31319.952441,0.708289,0.200
4179,157527.239812,31362.075413,0.769136,0.200
4180,157649.407761,31402.633212,0.494558,0.200
4181,157777.420362,31445.173919,0.557831,0.200
4182,158024.376495,31527.231024,2.440059,0.200
4183,158148.519829,31568.580411,2.457645,0.200
4184,158268.371809,31608.558685,2.466362,0.200
4185,158522.242148,31693.310455,2.588246,0.200
4186,158647.250195,31735.079287,2.603994,0.200
4187,159147.840752,31902.638655,2.779645,0.200
4188,159522.664524,32028.511719,2.758442,0.200
4189,159904.069386,32157.126602,2.671585,0.200
4190,160271.383182,32281.419253,2.551041,0.200
4191,160653.077562,32411.152995,2.557633,0.200
4192,160914.662049,32500.072020,2.513319,0.200
4193,161285.882137,32626.203575,2.645768,0.200
4194,161543.578058,32713.847246,2.650339,0.200
4195,161671.190452,32757.244519,2.453584,0.200
4196,161926.523521,32844.061358,2.488584,0.200
4197,162052.821294,32886.996052,2.465711,0.200
4198,162305.353189,32972.819949,2.549912,0.200
4199,162561.519490,33059.785918,2.595207,0.200
4200,162945.309539,33190.158928,2.523569,0.200
4201,163076.069583,33234.644761,2.529023,0.200
4202,163208.309311,33279.623805,2.598180,0.200
4203,163333.211160,33321.935955,2.714273,0.200
4204,163456.863787,33363.651472,2.693997,0.200
4205,163587.394908,33407.683274,2.698036,0.200
4206,163717.659143,33451.637381,2.707019,0.200
4207,163846.152164,33495.036988,3.082965,0.200
4208,164367.806788,33671.895503,-1.790445,0.200
4209,164499.720822,33716.924469,-1.741326,0.200
4210,164887.123497,33849.454919,-1.715272,0.200
4211,165016.600131,33893.971559,-1.634998,0.200
4212,165278.095489,33983.954296,-1.420754,0.200
4213,165540.907862,34074.567346,-1.228058,0.200
4214,165664.834771,34117.410327,-1.198107,0.200
4215,165803.495718,34165.473865,-1.156195,0.200
4216,165931.143972,34209.844948,-1.069065,0.200
4217,166062.120948,34255.212492,-1.272514,0.200
4218,166190.534999,34300.087223,-1.028236,0.200
4219,166325.350641,34347.011853,-0.971477,0.200
4220,166589.182560,34439.059245,-0.918599,0.200
4221,166846.502751,34529.220796,-0.841999,0.200
4222,166979.134809,34575.792544,-0.811170,0.200
4223,167114.537258,34623.465032,-0.785257,0.200
4224,167246.097134,34669.938726,-0.665177,0.200
4225,167377.124618,34716.391573,-0.320545,0.200
4226,167509.381615,34763.225094,-0.055874,0.200
4227,167639.833929,34809.453563,-0.005822,0.200
4228,168031.355159,34948.231417,-0.034119,0.200
4229,168293.039644,35041.416246,0.076788,0.200
4230,168560.302347,35136.988344,0.193257,0.200
4231,168687.836146,35182.703269,0.238267,0.200
4232,168822.823221,35231.164143,0.273577,0.200
4233,168954.784260,35278.658438,0.319011,0.200
4234,169612.559291,35515.402812,0.543080,0.200
4235,169745.006165,35562.559936,0.343364,0.200
4236,170007.797402,35656.079546,0.398242,0.200
4237,170269.150226,35749.352732,0.644473,0.200
4238,170400.472524,35796.111513,0.668762,0.200
4239,170656.639484,35887.071623,0.900458,0.200
4240,170786.597794,35933.032209,0.979018,0.200
4241,170923.250564,35981.293660,1.056607,0.200
4242,171055.292930,36027.790032,1.057727,0.200
4243,171835.957159,36300.454329,1.792269,0.200
4244,172628.492696,36572.756809,2.243592,0.200
4245,173549.542051,36884.807452,3.092430,0.200
4246,174205.354616,37103.938312,3.024158,0.200
4247,174739.700142,37280.069363,3.064948,0.200
4248,175144.759286,37410.723849,-3.041590,0.200
4249,175541.717509,37538.678445,-1.621194,0.200
4250,175940.642781,37665.649152,-1.558447,0.200
4251,176343.360936,37793.523252,-1.571991,0.200
4252,176747.547955,37922.219053,-1.599382,0.200
4253,177839.083581,38272.633059,-1.128377,0.200
4254,178667.110982,38540.594591,-0.795871,0.200
4255,178808.088901,38586.135727,-0.740977,0.200
4256,179499.455202,38809.604253,-0.522063,0.200
4257,179779.787375,38900.146942,-0.448273,0.200
4258,180193.287643,39034.084445,-0.473681,0.200
4259,180609.217279,39169.351251,-0.489073,0.200
4260,181025.561164,39304.910780,-0.319948,0.200
4261,181304.001969,39395.232651,-0.350178,0.200
4262,181722.445454,39530.507246,-0.450958,0.200
4263,182000.281896,39620.237394,-0.444729,0.200
4264,182138.623585,39664.938524,-0.459789,0.200
4265,182283.668146,39711.787349,-0.384288,0.200
4266,182424.317545,39757.171048,-0.326228,0.200
4267,182560.761466,39801.188314,-0.277732,0.200
4268,182695.692476,39844.673078,0.069921,0.200
4269,182987.792121,39938.627051,0.213983,0.200
4270,183272.119900,40030.033557,0.330052,0.200
4271,183413.799331,40075.787240,-0.886202,0.200
4272,183556.151395,40121.564334,-0.848353,0.200
4273,183836.417075,40211.536889,-0.738825,0.200
4274,183979.444335,40257.379803,-0.688668,0.200
4275,184121.317687,40302.964727,-1.973073,0.200
4276,184263.701564,40348.323008,-1.941204,0.200
4277,184405.430543,40393.378424,-1.915757,0.200
4278,184549.179700,40439.001976,-1.914821,0.200
4279,184691.857096,40484.930363,-1.640416,0.200
4280,184833.862013,40530.694575,-1.191667,0.200
4281,185000.683031,40583.643754,-1.285705,0.200
4282,185117.706879,40620.788451,-1.268254,0.200
4283,185406.346503,40712.296111,-1.161605,0.200
4284,185693.380404,40803.113519,-1.083647,0.200
4285,185830.564743,40846.445857,-1.047581,0.200
4286,186269.219153,40985.015188,-0.813958,0.200
4287,186411.004824,41029.902881,-0.778747,0.200
4288,186698.029687,41120.767081,-0.789679,0.200
4289,186843.143273,41166.686448,-0.789243,0.200
4290,187275.441739,41303.297204,-0.765551,0.200
4291,187419.473340,41348.748467,-0.757456,0.200
4292,187564.729678,41394.562040,-0.719788,0.200
4293,187706.366393,41439.260862,-0.689122,0.200
4294,187851.886922,41485.148911,-0.673655,0.200
4295,187993.408948,41529.742473,-0.664265,0.200
4296,188137.450366,41575.086500,-0.640037,0.200
4297,188429.843745,41667.016187,-0.603980,0.200
4298,188574.475917,41712.412836,-0.585100,0.200
4299,188719.198530,41757.815807,-0.568321,0.200
4300,188861.388873,41802.402052,-0.543947,0.200
4301,189010.063022,41849.004178,-0.512623,0.200
4302,189146.240106,41891.670514,-0.511762,0.200
4303,189293.744520,41937.855801,-0.482881,0.200
4304,189437.087041,41982.730521,-0.463334,0.200
4305,189587.373674,42029.734109,-0.429462,0.200
4306,189725.778300,42073.010506,-0.414823,0.200
4307,189873.738075,42119.244400,-0.415623,0.200
4308,190020.535903,42165.083288,-0.425549,0.200
4309,190160.913029,42208.900218,-0.435286,0.200
4310,190448.260860,42298.501043,-0.402801,0.200
4311,190598.482214,42345.265882,-0.421278,0.200
4312,190760.777339,42395.759433,-0.462310,0.200
4313,191168.318232,42522.527051,-0.598416,0.200
4314,191751.728045,42703.716208,-0.529053,0.200
4315,192183.318655,42837.885136,-0.712348,0.200
4316,192472.013003,42927.369224,-0.768981,0.200
4317,193044.463775,43104.153225,-0.948662,0.200
4318,193620.614875,43279.113485,-1.010232,0.200
4319,193763.632912,43322.258826,-1.012880,0.200
4320,193906.858583,43365.516910,-1.007741,0.200
4321,194049.578123,43408.827001,-0.671616,0.200
4322,194333.414710,43495.065683,-0.668279,0.200
4323,194620.906930,43582.898178,-0.036354,0.200
4324,194764.550411,43626.924873,0.721285,0.200
4325,194906.211523,43670.396060,0.786242,0.200
4326,195048.840484,43714.212266,1.290297,0.200
4327,195190.913981,43757.898091,1.387663,0.200
4328,195333.637094,43801.848117,1.497559,0.200
4329,195476.054252,43845.964823,1.032283,0.200
4330,195614.604567,43888.087004,0.968643,0.200
4331,195759.723856,43932.927771,1.163411,0.200
4332,195903.433396,43977.203355,1.242993,0.200
4333,196045.514430,44021.030800,1.284347,0.200
4334,196189.252226,44065.429610,1.312941,0.200
4335,196328.699270,44108.573906,1.310799,0.200
4336,196471.724171,44152.865527,1.293743,0.200
4337,196611.206090,44196.104389,1.242956,0.200
4338,196755.993407,44241.021214,1.228518,0.200
4339,196894.952256,44284.164578,1.254465,0.200
4340,197039.685465,44329.164411,1.252396,0.200
4341,197179.232326,44372.577816,1.242873,0.200
4342,197322.602359,44417.209234,1.205643,0.200
4343,197466.051034,44461.892085,1.109921,0.200
4344,197605.807755,44505.445940,0.987517,0.200
4345,197748.071436,44549.816441,0.903847,0.200
4346,197890.546235,44594.282463,0.889395,0.200
4347,198031.154522,44638.179095,0.891280,0.200
4348,198164.883528,44679.950409,0.891715,0.200
4349,198312.486455,44726.065104,0.896735,0.200
4350,198454.417333,44770.429003,0.887528,0.200
4351,198593.924627,44814.068510,0.874236,0.200
4352,198737.495625,44859.017076,0.844971,0.200
4353,198878.883646,44903.309384,0.832829,0.200
4354,199020.733925,44945.509702,1.623762,0.200
4355,199160.238648,44988.866034,1.644604,0.200
4356,199301.043289,45032.785705,1.638124,0.200
4357,199441.510482,45076.565146,1.662698,0.200
4358,199580.810097,45119.929251,1.648250,0.200
4359,199720.662536,45163.430172,1.687792,0.200
4360,199862.494129,45207.525938,1.728762,0.200
4361,200004.285245,45251.588129,1.722735,0.200
4362,200143.387835,45294.780751,1.753721,0.200
4363,200285.514164,45338.903529,1.740741,0.200
4364,200427.029568,45381.198590,1.846805,0.200
4365,200557.606306,45421.323419,1.904970,0.200
4366,200706.333636,45467.208849,1.901869,0.200
4367,200844.421616,45509.755375,1.941192,0.200
4368,200984.016282,45552.742265,1.965056,0.200
4369,201127.545509,45596.903504,1.908750,0.200
4370,201261.917840,45638.158333,1.933897,0.200
4371,201401.872343,45676.703520,2.077607,0.200
4372,201547.576054,45721.229160,2.089145,0.200
4373,201687.545378,45763.840178,2.097907,0.200
4374,201832.616653,45807.884758,2.083307,0.200
4375,201965.783639,45848.272613,2.148451,0.200
4376,202106.869046,45891.006465,2.156010,0.200
4377,202243.541437,45930.599482,2.210389,0.200
4378,202385.041169,45990.361566,2.382351,0.200
4379,202522.616139,46032.217947,2.410666,0.200
4380,202670.712408,46077.776373,2.176302,0.200
4381,202810.959611,46102.073659,2.092394,0.200
4382,202950.779641,46143.906513,2.151036,0.200
4383,203088.921463,46185.220064,2.221993,0.200
4384,203228.118590,46226.834798,2.242325,0.200
4385,203367.822549,46268.588807,2.343658,0.200
4386,203507.248282,46310.235524,2.408560,0.200
4387,203649.248557,46352.597516,2.480888,0.200
4388,203783.257227,46392.548302,2.533055,0.200
4389,203928.306708,46435.805925,2.574904,0.200
4390,204067.643431,46477.317432,2.600344,0.200
4391,204206.873839,46518.754457,2.679295,0.200
4392,204345.514994,46560.000878,2.713510,0.200
4393,204483.301152,46600.986253,2.771119,0.200
4394,204621.851173,46642.188422,2.817932,0.200
4395,204760.498420,46683.407679,2.881153,0.200
4396,204902.925918,46725.733836,2.906317,0.200
4397,205041.921294,46767.017298,2.919343,0.200
4398,205179.701318,46813.450817,2.859608,0.200
4399,205313.345308,46854.006924,2.953215,0.200
4400,205457.259700,46897.690740,2.965400,0.200
4401,205595.657877,46939.765447,2.989666,0.200
4402,205732.496740,46981.438570,2.972437,0.200
4403,205871.824553,47023.938403,3.000422,0.200
4404,206009.368801,47065.974497,3.029512,0.200
4405,206147.448927,47108.234631,3.035715,0.200
4406,206299.912112,47129.714757,3.014489,0.200
4407,206438.604839,47171.385873,2.998352,0.200
4408,206574.216769,47197.646590,2.941931,0.200
4409,206706.163052,47236.780397,2.922989,0.200
4410,206848.000267,47272.155459,2.893854,0.200
4411,207131.276185,47356.031583,2.905050,0.200
4412,207269.249413,47396.975277,2.914309,0.200
4413,207407.568581,47438.057679,2.923491,0.200
4414,207688.392173,47521.591449,2.940661,0.200
4415,207827.328464,47563.006408,2.948031,0.200
4416,207965.446448,47604.224443,2.976914,0.200
4417,208244.008166,47687.466974,2.985780,0.200
4418,208382.959248,47729.091782,2.988908,0.200
4419,208524.140543,47771.429436,2.992024,0.200
4420,208661.016760,47812.536989,2.994786,0.200
4421,208808.544680,47856.903609,2.996331,0.200
4422,208939.330263,47896.280730,2.997437,0.200
4423,209080.558044,47938.990411,2.683988,0.200
4424,209218.479348,47980.676712,2.678299,0.200
4425,209496.844931,48064.956412,2.666000,0.200
4426,209775.844615,48149.633931,2.652927,0.200
4427,209915.364814,48192.085651,2.645862,0.200
4428,210052.943247,48233.996511,2.638965,0.200
4429,210192.538404,48276.565044,2.631635,0.200
4430,210475.159220,48362.871914,2.614846,0.200
4431,210615.354415,48405.779155,2.605717,0.200
4432,210754.242234,48448.330959,2.596555,0.200
4433,211037.320391,48535.168192,2.577264,0.200
4434,211459.657766,48664.998263,2.544641,0.200
4435,211741.966187,48751.976581,2.522086,0.200
4436,212449.670300,48970.513883,2.456873,0.200
4437,212593.878202,49015.150685,2.442511,0.200
4438,212876.133174,49102.549619,2.412158,0.200
4439,213303.764619,49235.134016,2.362653,0.200
4440,213446.922766,49279.502783,1.772599,0.200
4441,213732.922885,49368.031035,1.736887,0.200
4442,214163.857005,49501.171188,1.677946,0.200
4443,214453.159743,49590.224674,1.636655,0.200
4444,214884.608235,49722.551749,1.571389,0.200
4445,215174.591618,49811.088492,1.524938,0.200
4446,215465.789019,49899.707867,1.477207,0.200
4447,215757.204960,49988.125914,1.276639,0.200
4448,215904.241555,50032.578085,1.252294,0.200
4449,216048.829423,50076.187731,1.229426,0.200
4450,216193.785201,50119.814072,1.204577,0.200
4451,216339.151891,50163.466471,1.179599,0.200
4452,216485.142685,50207.211968,1.154651,0.200
4453,216635.380603,50252.113404,1.128557,0.200
4454,216782.236095,50295.883211,1.102351,0.200
4455,216929.129881,50339.306179,0.942139,0.200
4456,217076.181310,50382.839849,0.916514,0.200
4457,217371.207885,50469.889734,0.864112,0.200
4458,217516.430867,50512.535187,0.837524,0.200
4459,217668.108324,50556.940948,0.809552,0.200
4460,217962.034648,50642.623149,0.755123,0.200
4461,218258.075061,50728.548859,0.698760,0.200
4462,218406.342056,50771.327689,0.670104,0.200
4463,218703.114935,50856.654172,0.612094,0.200
4464,218998.020290,50940.918829,0.553487,0.200
4465,219298.949100,51026.469283,0.492937,0.200
4466,219596.976933,51110.660053,0.434254,0.200
4467,219889.106555,51192.805287,0.376806,0.200
4468,220045.271182,51236.493964,0.346059,0.200
4469,220345.367609,51320.162747,0.287377,0.200
4470,220644.623948,51403.090849,0.229291,0.200
4471,220794.805443,51444.520095,0.200184,0.200
4472,220944.617090,51485.759442,0.171092,0.200
4473,221395.369329,51609.345115,0.086064,0.200
4474,221545.558511,51650.254524,0.058396,0.200
4475,221695.317501,51690.951046,0.031293,0.200
4476,221847.913320,51732.331421,0.004056,0.200
4477,221997.673342,51772.847521,-0.022564,0.200
4478,222147.807237,51813.377821,-0.048772,0.200
4479,222298.492540,51853.970904,-0.074972,0.200
4480,222440.283054,51892.069177,-0.089605,0.200
4481,222600.379693,51935.020980,-0.116398,0.200
4482,222750.813420,51975.446491,-0.230739,0.200
4483,222901.725267,52015.796427,-0.250746,0.200
4484,223052.602329,52055.524193,-0.467386,0.200
4485,223203.513761,52095.621950,-0.495010,0.200
4486,223354.716661,52135.721196,-0.522629,0.200
4487,223505.391060,52175.606485,-0.549499,0.200
4488,223656.325400,52215.493302,-0.576157,0.200
4489,223807.090720,52255.393989,-0.557743,0.200
4490,223958.244869,52295.036481,-0.621787,0.200
4491,224260.352280,52374.424033,-0.650953,0.200
4492,224411.313740,52414.000007,-0.920565,0.200
4493,224562.072092,52453.478609,-0.947611,0.200
4494,224862.497106,52532.002823,-0.999926,0.200
4495,225012.921997,52571.235665,-1.025104,0.200
4496,225167.306773,52611.457753,-1.050938,0.200
4497,225318.262791,52650.747583,-1.075900,0.200
4498,225620.382841,52729.298829,-1.127816,0.200
4499,226073.154422,52846.773838,-1.197840,0.200
4500,226224.579922,52885.993526,-1.220151,0.200
4501,226377.136118,52925.487211,-1.242475,0.200
4502,226527.178900,52964.310638,-1.264311,0.200
4503,226678.710134,53003.506950,-1.285534,0.200
4504,226829.620424,53042.883603,-1.225985,0.200
4505,226980.703751,53082.116675,-1.249849,0.200
4506,227131.725033,53121.336034,-1.336805,0.200
4507,227282.527411,53160.703558,-0.984113,0.200
4508,227432.936974,53199.897013,-1.008420,0.200
4509,227584.647072,53239.472173,-1.032420,0.200
4510,227735.347846,53278.829984,-1.057171,0.200
4511,227883.733275,53317.633444,-1.080813,0.200
4512,228035.574126,53358.027296,-1.175828,0.200
4513,228186.390447,53397.641671,-1.199030,0.200
4514,228337.131905,53437.295941,-1.222294,0.200
4515,228487.920413,53477.023324,-1.250095,0.200
4516,228639.019345,53516.881115,-1.299473,0.200
4517,228790.457122,53559.748512,-0.139518,0.200
4518,228939.466378,53599.401093,-0.145105,0.200
4519,229089.779711,53639.445203,-0.151698,0.200
4520,229243.430682,53680.425216,-0.158358,0.200
4521,229394.734511,53720.730223,-0.102216,0.200
4522,229544.238138,53760.843039,-0.097043,0.200
4523,229694.849248,53801.178592,-0.088403,0.200
4524,229845.182312,53841.457914,-0.090871,0.200
4525,229994.581964,53881.535666,-0.092592,0.200
4526,230143.608167,53921.553453,-0.094378,0.200
4527,230292.861125,53961.691834,-0.095947,0.200
4528,230444.529542,54002.529816,-0.096215,0.200
4529,230596.312907,54043.455887,-0.096628,0.200
4530,230746.134511,54083.875512,-0.007167,0.200
4531,230894.513713,54117.049915,-0.618818,0.200
4532,231048.079788,54158.661184,-0.529563,0.200
4533,231185.151429,54193.997328,1.120319,0.200
4534,231332.660144,54237.990817,0.674936,0.200
4535,231487.543734,54282.214300,0.265342,0.200
4536,231628.223091,54320.539917,0.377742,0.200
4537,231780.877463,54362.202535,0.606076,0.200
4538,231931.528728,54404.818470,-1.068006,0.200
4539,232075.924772,54442.522935,-1.165111,0.200
4540,232225.117318,54483.522509,-1.291920,0.200
4541,232378.125159,54524.985678,-1.546750,0.200
4542,232526.077629,54567.247534,-1.553685,0.200
4543,232673.330284,54608.069068,-1.662595,0.200
4544,232822.814503,54649.607523,-1.781510,0.200
4545,232970.089868,54690.631165,-1.904643,0.200
4546,233122.569398,54733.197586,-2.033926,0.200
4547,233271.621714,54775.321401,-2.278974,0.200
4548,233420.989944,54818.363323,-2.245248,0.200
4549,233570.200644,54860.502832,-2.330784,0.200
4550,233718.497719,54902.495832,-2.414987,0.200
4551,233868.338543,54945.041343,-2.498614,0.200
4552,234014.956569,54986.783010,-2.577750,0.200
4553,234163.047216,55029.049755,-2.655235,0.200
4554,234311.606737,55071.546826,-2.730689,0.200
4555,234464.069929,55115.277553,-2.803780,0.200
4556,234608.715420,55158.687858,-2.553267,0.200
4557,234764.060447,55203.856483,-2.561065,0.200
4558,234913.379783,55247.199873,-2.616120,0.200
4559,235062.813144,55290.675746,-2.672961,0.200
4560,235212.818440,55334.414985,-2.730742,0.200
4561,235362.995902,55378.301572,-2.790166,0.200
4562,235511.244649,55421.684115,-2.849548,0.200
4563,235659.516620,55465.200757,-2.909739,0.200
4564,235812.099963,55510.044627,-2.971155,0.200
4565,235964.750307,55553.733530,-2.906102,0.200
4566,236114.406450,55597.809328,-2.962955,0.200
4567,236566.061134,55731.104684,-3.116827,0.200
4568,236868.530835,55820.747762,3.029990,0.200
4569,237019.153265,55865.457056,2.958695,0.200
4570,237170.344985,55910.372654,2.885208,0.200
4571,237322.088009,55955.498185,2.810768,0.200
4572,237482.152759,56001.673405,-2.327308,0.200
4573,237627.826704,56044.303136,-2.297500,0.200
4574,237932.610994,56133.163424,-2.239184,0.200
4575,238085.027064,56177.411920,-2.211726,0.200
4576,238544.307323,56310.348143,-2.040145,0.200
4577,239001.943186,56441.816594,-1.972913,0.200
4578,239308.713711,56529.369041,-1.932772,0.200
4579,239768.305168,56660.049171,-1.879147,0.200
4580,239922.511456,56703.653875,-1.863198,0.200
4581,240228.751397,56790.047808,-1.835287,0.200
4582,240379.664249,56832.509856,-1.822428,0.200
4583,240536.758315,56876.647343,-1.809553,0.200
4584,240844.338257,56962.924080,-1.786696,0.200
4585,240998.331095,57006.059710,-2.117885,0.200
4586,241306.197221,57092.269333,-2.110293,0.200
4587,241460.470460,57135.465887,-2.107602,0.200
4588,241613.901311,57178.432148,-2.105788,0.200
4589,241767.852075,57221.219037,-1.115141,0.200
4590,242071.217604,57305.646657,-1.099145,0.200
4591,242529.283551,57432.697063,-1.081381,0.200
4592,242847.300680,57520.432497,-1.073286,0.200
4593,243001.903082,57562.912532,-1.070108,0.200
4594,243156.315214,57605.276898,-1.035743,0.200
4595,243465.235395,57689.846112,-1.033020,0.200
4596,244857.206908,58068.336241,-1.047463,0.200
4597,248100.439400,58939.523269,-1.225141,0.200
4598,249489.796754,59310.944484,-1.355810,0.200
4599,252867.692404,60216.203046,-1.790777,0.200
4600,252867.782242,60216.615254,-1.790469,0.200
4601,252867.166751,60216.889967,-1.791078,0.200
4602,253474.218676,60382.123901,-1.877584,0.200
4603,253931.375955,60506.959053,-1.943668,0.200
4604,254083.619161,60548.661374,-1.965328,0.200
4605,254234.493515,60590.044760,-2.463291,0.200
4606,254385.795629,60631.594374,-2.486368,0.200
4607,254537.386003,60673.268403,-2.528559,0.200
4608,254689.583277,60715.148936,-2.517784,0.200
4609,254840.785678,60756.812508,-2.523278,0.200
4610,254992.669463,60798.736540,-2.307519,0.200
4611,255146.932391,60841.347345,-2.326221,0.200
4612,255296.437485,60882.686621,-2.343957,0.200
4613,255446.949530,60924.346716,-2.361461,0.200
4614,255598.300156,60966.282137,-2.378671,0.200
4615,255750.799788,61008.573894,-2.395324,0.200
4616,255902.489741,61050.679750,-2.411490,0.200
4617,256206.125280,61135.034411,-2.442420,0.200
4618,256364.542922,61179.117921,-2.458152,0.200
4619,256510.327153,61219.822659,-1.694186,0.200
4620,256661.066645,61261.964448,-1.377774,0.200
4621,256813.989308,61304.749885,-1.389131,0.200
4622,256964.142044,61346.816876,-1.376472,0.200
4623,257118.010304,61389.966240,-1.387669,0.200
4624,257268.319615,61431.608188,-1.981411,0.200
4625,257420.022728,61474.214074,-1.994159,0.200
4626,257570.975339,61516.653795,-2.006783,0.200
4627,257874.989697,61602.257694,-2.606156,0.200
4628,258479.338747,61772.747742,-2.641580,0.200
4629,258787.892968,61859.822626,-2.658865,0.200
4630,259090.955953,61945.334742,-2.674064,0.200
4631,259547.495922,62074.094211,-2.692708,0.200
4632,259850.453010,62159.429666,-2.702547,0.200
4633,260159.341355,62246.378820,-2.711357,0.200
4634,260924.396241,62461.292007,-2.725558,0.200
4635,261694.261802,62676.764263,-2.727990,0.200
4636,262310.567085,62848.164224,-2.718291,0.200
4637,263860.848115,63275.757745,-2.638423,0.200
4638,264333.377894,63404.270203,-2.638726,0.200
4639,264803.291903,63531.165267,-2.584474,0.200
4640,265272.267750,63656.919335,-2.516042,0.200
4641,265748.707505,63783.861128,-2.463643,0.200
4642,266381.138630,63950.815617,-2.340182,0.200
4643,266857.453588,64075.393814,-2.236387,0.200
4644,267653.350040,64282.250783,-2.045110,0.200
4645,268293.343109,64445.849579,-1.850689,0.200
4646,268613.792598,64527.168953,-1.765845,0.200
4647,269096.197298,64648.628968,-1.704516,0.200
4648,269418.117567,64729.133255,-1.663302,0.200
4649,269901.277498,64849.194896,-1.579489,0.200
4650,270532.973868,65003.035359,-2.725888,0.200
4651,271502.625989,65240.129676,-2.635166,0.200
4652,271824.368046,65319.036465,-2.661613,0.200
4653,272149.666109,65399.108748,-2.692130,0.200
4654,273277.721265,65678.348411,-2.897246,0.200
4655,273761.569399,65799.346969,-2.950264,0.200
4656,274081.413904,65875.297753,-1.998085,0.200
4657,274403.025255,65955.436168,-2.015267,0.200
4658,275368.957779,66195.980093,-2.176505,0.200
4659,275854.659888,66317.143260,-2.187180,0.200
4660,276823.378269,66559.828127,-1.953176,0.200
4661,277470.019819,66726.015921,-1.877890,0.200
4662,277630.073280,66767.666404,-1.923569,0.200
4663,277951.932286,66851.397069,-1.928096,0.200
4664,278275.358632,66935.284934,-1.796126,0.200
4665,279886.417607,67351.884698,-1.974321,0.200
4666,280527.566706,67517.105731,-1.993399,0.200
4667,280855.519536,67601.871720,-2.002805,0.200
4668,281021.162633,67644.775879,-2.010388,0.200
4669,281176.607045,67685.130543,-1.985614,0.200
4670,281498.179081,67768.857045,-2.035404,0.200
4671,281662.221339,67811.708120,-2.035604,0.200
4672,281822.913376,67853.791258,-2.052956,0.200
4673,281984.982526,67896.308678,-2.072270,0.200
4674,282146.803828,67938.826301,-2.062413,0.200
4675,282304.844057,67980.399278,-2.045969,0.200
4676,282465.191167,68022.646399,-2.060701,0.200
4677,282625.427629,68065.000739,-2.077128,0.200
4678,282785.518609,68107.443077,-2.100356,0.200
4679,282945.714082,68149.971668,-2.076206,0.200
4680,283106.021546,68192.623880,-2.055977,0.200
4681,283264.547943,68234.877001,-2.081595,0.200
4682,283433.264423,68279.907845,-2.112489,0.200
4683,283591.919934,68322.348130,-2.150742,0.200
4684,283751.313240,68365.035555,-2.185296,0.200
4685,284071.791220,68450.855775,-2.272415,0.200
4686,284231.608684,68493.742399,-2.287124,0.200
4687,284393.439637,68537.208978,-2.311060,0.200
4688,284553.392921,68580.212250,-2.366385,0.200
4689,285023.691661,68706.935973,-2.525070,0.200
4690,285191.352197,68752.331443,-2.565488,0.200
4691,285356.550025,68797.167611,-2.609738,0.200
4692,285676.025407,68884.093435,-2.555205,0.200
4693,285844.250801,68929.913225,-2.548803,0.200
4694,286157.505876,69015.476676,-2.567113,0.200
4695,286477.634222,69103.360764,-2.649298,0.200
4696,286798.370034,69191.866697,-2.764371,0.200
4697,286959.044177,69236.373182,-2.833796,0.200
4698,287116.089404,69279.929798,-2.856834,0.200
4699,287280.228943,69325.490727,-2.905031,0.200
4700,287439.862060,69369.877483,-2.938396,0.200
4701,287599.447203,69414.333593,-2.920551,0.200
4702,287761.324716,69459.519895,-2.946523,0.200
4703,288082.774455,69549.451237,-3.025662,0.200
4704,288244.894266,69594.888201,-3.062746,0.200
4705,288405.553712,69640.002411,-3.080188,0.200
4706,288566.378301,69685.252702,-3.110491,0.200
4707,288725.503840,69730.357813,-3.125818,0.200
4708,288885.506650,69775.646879,3.107084,0.200
4709,289209.809071,69867.756020,3.020987,0.200
4710,289377.660545,69915.587274,2.956307,0.200
4711,290013.354222,70097.287929,-2.974053,0.200
4712,290175.441377,70143.952572,-3.025987,0.200
4713,290499.111302,70237.402506,3.115456,0.200
4714,290821.292766,70330.794292,3.080287,0.200
4715,290970.355438,70374.121014,3.048435,0.200
4716,291306.731369,70472.119736,2.939554,0.200
4717,291629.876597,70566.655447,3.028952,0.200
4718,291792.211821,70614.330827,3.024592,0.200
4719,292119.206251,70710.739889,2.998006,0.200
4720,292275.834782,70757.108480,3.073886,0.200
4721,292441.494681,70806.243037,3.018352,0.200
4722,292604.422106,70854.635398,2.952399,0.200
4723,292768.305031,70903.366224,2.904010,0.200
4724,292931.114233,70951.850378,2.835966,0.200
4725,293254.515900,71048.286166,2.855973,0.200
4726,293418.634591,71097.341132,2.792688,0.200
4727,293745.274840,71195.223208,2.731580,0.200
4728,293909.180694,71244.544466,2.664831,0.200
4729,294065.966050,71291.786062,2.638740,0.200
4730,294561.356929,71441.167362,2.489750,0.200
4731,295213.126331,71637.852322,2.224486,0.200
4732,296693.895791,72083.846857,1.447335,0.200
4733,297195.070333,72233.341247,1.210518,0.200
4734,297690.817880,72380.998574,1.106261,0.200
4735,297856.427269,72430.086448,1.089127,0.200
4736,298022.656619,72479.204664,1.105318,0.200
4737,298357.752416,72577.733857,1.123482,0.200
4738,298857.456567,72723.939428,1.271582,0.200
4739,299531.076441,72918.829406,1.670239,0.200
4740,300205.267008,73111.896746,1.477648,0.200
4741,300880.023118,73304.751922,1.217295,0.200
4742,301391.205616,73450.259022,1.111533,0.200
4743,301729.954223,73546.251425,0.955454,0.200
4744,302243.875421,73691.417210,0.836496,0.200
4745,302589.896819,73788.795031,0.812563,0.200
4746,303613.265672,74075.394350,0.700396,0.200
4747,304303.158963,74266.024459,0.543323,0.200
4748,304821.335719,74407.969921,0.446110,0.200
4749,305860.923213,74689.698934,0.206272,0.200
4750,306557.697981,74876.851645,0.011000,0.200
4751,307426.943656,75108.606314,0.048942,0.200
4752,308093.326339,75284.931610,0.116029,0.200
4753,308818.632783,75473.495030,-0.025444,0.200
4754,309166.503620,75563.032846,-0.094950,0.200
4755,309341.051246,75607.804455,-0.100005,0.200
4756,309866.593920,75741.970122,-0.150333,0.200
4757,310041.017014,75786.198978,-0.097509,0.200
4758,310387.957720,75873.976855,-0.027008,0.200
4759,310907.899353,76004.984703,0.022258,0.200
4760,311434.329997,76137.202926,0.116345,0.200
4761,312652.237805,76441.278840,0.072022,0.200
4762,313350.215183,76611.632913,-0.023557,0.200
4763,314223.095607,76821.556255,-0.093937,0.200
4764,314919.811290,76987.721483,-0.103580,0.200
4765,315797.342705,77196.424311,-0.052642,0.200
4766,316148.260334,77279.388724,-0.052379,0.200
4767,316305.168428,77316.437178,-0.088377,0.200
4768,316500.269707,77362.479303,0.271188,0.200
4769,316859.689908,77447.345257,0.306355,0.200
4770,317028.734573,77487.322413,0.707376,0.200
4771,317204.794960,77528.923542,0.727817,0.200
4772,317386.656369,77572.038203,0.770752,0.200
4773,317732.121484,77654.206465,0.884816,0.200
4774,317909.990226,77696.658055,0.881662,0.200
4775,318086.311831,77738.755980,0.799841,0.200
4776,318439.150859,77823.020456,0.848323,0.200
4777,318620.312097,77866.395995,0.896863,0.200
4778,318792.136698,77907.627265,0.911207,0.200
4779,318968.514705,77950.050813,0.913261,0.200
4780,319321.589643,78035.162621,0.972730,0.200
4781,319495.365267,78077.188553,0.984954,0.200
4782,319851.351298,78163.467756,0.966298,0.200
4783,320204.085234,78249.194683,1.064415,0.200
4784,320557.158734,78335.288937,1.010475,0.200
4785,320909.293558,78421.182288,0.988732,0.200
4786,321259.572595,78507.107079,0.966683,0.200
4787,321433.648839,78549.940075,0.925959,0.200
4788,321612.894536,78594.156910,0.962088,0.200
4789,321961.717459,78680.323865,1.091011,0.200
4790,322140.594411,78724.651365,1.155193,0.200
4791,322316.377621,78768.272451,1.153990,0.200
4792,322489.880088,78811.449369,1.155683,0.200
4793,322666.825951,78855.574478,1.083574,0.200
4794,322844.295745,78899.923923,0.975500,0.200
4795,323194.953786,78987.433540,1.045014,0.200
4796,323370.692003,79031.325651,1.075094,0.200
4797,323896.046321,79162.825010,1.162405,0.200
4798,324071.185214,79206.027600,1.451597,0.200
4799,324246.161206,79249.791878,1.495409,0.200
4800,324415.023212,79292.050668,1.514238,0.200
4801,324766.680519,79378.656258,1.770876,0.200
4802,325288.397596,79508.681432,1.864334,0.200
4803,325985.766151,79682.521809,1.983272,0.200
4804,326334.176062,79769.354669,2.098369,0.200
4805,326679.718125,79855.281704,2.181283,0.200
4806,327029.810593,79941.935793,2.306927,0.200
4807,328245.164038,80240.320962,3.018737,0.200
4808,328417.525423,80281.237849,3.103084,0.200
4809,328762.485519,80362.833031,-3.120573,0.200
4810,329117.417877,80446.335776,3.137146,0.200
4811,329291.658971,80487.042452,-3.041999,0.200
4812,329466.874734,80527.831502,-3.011579,0.200
4813,329640.314528,80568.099275,-3.000858,0.200
4814,329987.758743,80648.481489,-2.948284,0.200
4815,330341.054084,80729.478345,-2.840316,0.200
4816,330516.065937,80769.392724,-2.810958,0.200
4817,330866.724964,80849.052152,-2.669172,0.200
4818,331042.870034,80888.832258,-2.605993,0.200
4819,331217.036541,80928.039788,-2.525358,0.200
4820,331391.750541,80967.231270,-2.482412,0.200
4821,331565.819372,81006.143982,-2.452257,0.200
4822,331743.661106,81045.524451,-2.773888,0.200
4823,331919.626495,81084.536523,-2.686712,0.200
4824,332095.183418,81123.329270,-2.659899,0.200
4825,332446.446772,81200.710185,-2.645407,0.200
4826,332626.895074,81240.101751,-2.640350,0.200
4827,333149.108122,81353.359735,-2.445552,0.200
4828,333856.086048,81505.538309,-2.227854,0.200
4829,335625.275115,81879.452329,-1.933129,0.200
4830,340092.976842,82802.831172,-1.407312,0.200
4831,340638.047392,82921.791375,-1.249824,0.200
4832,341001.390012,82997.703216,-1.177409,0.200
4833,341729.621697,83150.044962,-1.016312,0.200
4834,343558.785265,83534.272668,-0.465574,0.200
4835,349261.516150,84732.648089,0.945553,0.200
4836,349261.984377,84732.573137,0.945778,0.200
4837,353384.041706,85626.725106,-1.732730,0.200
4838,353383.628949,85625.740560,-1.732404,0.200
4839,353950.375170,85745.301588,-1.616178,0.200
4840,354692.517368,85900.623899,-1.522349,0.200
4841,355633.214401,86095.802605,-1.412975,0.200
4842,356573.154154,86287.953305,-1.311362,0.200
4843,357148.818334,86404.661218,-1.243699,0.200
4844,357514.640735,86478.465267,-1.236586,0.200
4845,357894.931331,86555.177264,-1.423500,0.200
4846,358841.180304,86746.668297,-1.353602,0.200
4847,359031.970698,86785.164495,-1.316133,0.200
4848,359594.656642,86898.746574,-1.275433,0.200
4849,360362.794894,87054.693230,-1.411036,0.200
4850,360743.715316,87132.665678,-1.358140,0.200
4851,360934.059714,87173.648747,-0.978654,0.200
4852,361125.198917,87212.601246,-1.030221,0.200
4853,361316.133538,87252.022168,-1.031728,0.200
4854,361701.329293,87331.636368,-0.959876,0.200
4855,362272.849047,87449.947243,-0.837281,0.200
4856,362657.201616,87529.630801,-0.778513,0.200
4857,363233.027418,87649.045913,-0.705055,0.200
4858,363618.127261,87729.107693,-0.677347,0.200
4859,364000.399564,87808.731870,-0.689788,0.200
4860,364388.300400,87889.760830,-0.667784,0.200
4861,364966.996582,88011.056933,-0.539541,0.200
4862,365545.236507,88132.860377,-0.444153,0.200
4863,365927.051217,88213.645861,-0.480858,0.200
4864,366903.729107,88421.006125,-0.388172,0.200
4865,367678.161375,88585.968371,-0.068773,0.200
4866,368262.099257,88710.353537,0.154660,0.200
4867,369040.665051,88876.964289,0.302805,0.200
4868,369820.411359,89045.333006,0.551960,0.200
4869,370599.568801,89214.489377,0.668223,0.200
4870,370707.556318,89366.209942,0.999880,0.200
4871,370899.119101,89412.540013,0.882907,0.200
4872,372432.103016,89781.902930,1.252777,0.200
4873,373581.314896,90062.997513,1.717869,0.200
4874,374155.029191,90203.886843,1.917534,0.200
4875,374346.260358,90250.717653,1.943247,0.200
4876,375111.257816,90437.635589,-2.393382,0.200
4877,375858.157558,90620.109163,-2.240699,0.200
4878,376833.216978,90856.643889,-2.127819,0.200
4879,377409.012099,90995.631158,-2.030926,0.200
4880,378947.174299,91365.135987,-1.203405,0.200
4881,379530.348489,91504.170276,-0.999329,0.200
4882,380303.373087,91688.554999,-0.915064,0.200
4883,380885.673649,91827.611861,-0.871710,0.200
4884,381662.464091,92013.963664,-0.742645,0.200
4885,383220.987385,92389.261708,-0.290195,0.200
4886,384201.345112,92627.555454,-0.112336,0.200
4887,385573.806672,92964.884669,0.149474,0.200
4888,385965.612229,93062.860239,0.211468,0.200
4889,387336.225083,93410.110570,0.205460,0.200
4890,389096.629362,93863.079241,0.299672,0.200
4891,389487.477612,93963.135801,0.314068,0.200
4892,390465.136724,94214.020477,0.317950,0.200
4893,394779.130616,95310.203296,0.233331,0.200
4894,397132.916708,95890.347945,-0.281869,0.200
4895,400665.385419,96734.979181,-1.897147,0.200
4896,403036.389381,97281.529294,-1.313991,0.200
4897,404424.821133,97602.257011,-1.700100,0.200
4898,406007.087967,97968.288733,2.855780,0.200
4899,407805.065853,98384.941110,2.685915,0.200
4900,407804.751599,98384.675990,2.687344,0.200
4901,410791.012652,99087.551212,2.842893,0.200
4902,412977.083068,99608.879483,2.743434,0.200
4903,414370.967737,99931.574463,2.654272,0.200
4904,415566.240142,100203.538441,2.813539,0.200
4905,415766.302244,100248.860708,2.816001,0.200
4906,416163.768506,100338.840935,2.832405,0.200
4907,416563.453809,100429.187340,2.865535,0.200
4908,416762.352959,100473.998928,2.885008,0.200
4909,416962.211437,100518.951656,2.902936,0.200
4910,417161.543127,100563.745017,2.908543,0.200
4911,417560.256025,100653.228804,2.947432,0.200
4912,417959.828610,100742.641254,2.969292,0.200
4913,418358.859362,100831.685792,2.863514,0.200
4914,418557.984633,100875.969918,2.780508,0.200
4915,418957.890333,100964.344522,2.809666,0.200
4916,419160.080991,101008.852578,2.772227,0.200
4917,419557.910537,101096.015611,2.818098,0.200
4918,419958.099634,101183.248136,2.848735,0.200
4919,422564.439386,101737.491589,3.130981,0.200
4920,426815.125644,102582.411773,-2.128749,0.200
4921,427424.077853,102699.843648,-1.949593,0.200
4922,428452.749147,102898.046664,-1.869771,0.200
4923,429275.726338,103057.248901,-1.823960,0.200
4924,429894.097646,103176.996333,-1.796657,0.200
4925,430720.034952,103337.239691,-1.655459,0.200
4926,431961.018759,103579.139647,-2.435880,0.200
4927,433829.568028,103945.599709,2.891863,0.200
4928,439476.093891,105076.540493,-3.024795,0.200
4929,439878.366487,105161.968664,-3.007313,0.200
4930,440914.511019,105381.498220,-3.012719,0.200
4931,441711.514823,105549.522126,-2.892545,0.200
4932,443238.848664,105870.096379,-2.675282,0.200
4933,444500.685015,106132.831471,-2.591624,0.200
4934,445547.831536,106349.618451,-2.552434,0.200
4935,446414.292576,106527.661830,-2.591087,0.200
4936,446843.261399,106615.162285,-2.510418,0.200
4937,447272.102419,106702.203469,-2.444795,0.200
4938,447690.836219,106786.722655,-2.366984,0.200
4939,447897.195123,106828.233501,-2.329943,0.200
4940,448535.495257,106956.142131,-2.234344,0.200
4941,448756.557373,107000.233215,-2.210450,0.200
4942,448970.872256,107042.915309,-2.160740,0.200
4943,449609.229431,107169.478871,-2.029235,0.200
4944,450247.951128,107295.306881,-1.902108,0.200
4945,450455.279315,107336.015564,-1.850458,0.200
4946,450674.055172,107378.849163,-1.751389,0.200
4947,451313.629877,107503.877992,-1.543705,0.200
4948,451754.137271,107589.662034,-1.470565,0.200
4949,452185.919263,107673.444105,-1.430797,0.200
4950,452618.698659,107757.183591,-1.422237,0.200
4951,452833.939721,107797.627760,-1.662311,0.200
4952,453264.471461,107880.044302,-1.676551,0.200
4953,453912.801560,108003.719230,-1.674990,0.200
4954,454563.029728,108127.143915,-1.649488,0.200
4955,454996.030827,108208.892255,-1.628783,0.200
4956,455212.969767,108249.836837,-1.639979,0.200
4957,455861.227099,108372.290352,-1.709620,0.200
4958,456295.111823,108454.455338,-1.767426,0.200
4959,457815.284712,108742.221088,-1.767170,0.200
4960,458902.119636,108947.818972,-1.660687,0.200
4961,459557.033019,109073.840971,-1.428819,0.200
4962,460212.966418,109200.881306,-1.519829,0.200
4963,460431.375650,109243.154084,-1.513803,0.200
4964,461338.869245,109418.746284,-1.497238,0.200
4965,462172.239019,109578.917691,-1.704188,0.200
4966,462604.323467,109661.930903,-1.806251,0.200
4967,463471.823826,109828.502606,-1.892461,0.200
4968,464131.049603,109955.783158,-1.929625,0.200
4969,464785.780295,110082.881708,-1.827827,0.200
4970,465435.868145,110210.932388,-1.734716,0.200
4971,465651.977564,110253.798380,-1.747280,0.200
4972,466084.551955,110339.738104,-1.769375,0.200
4973,466519.616336,110426.486471,-1.635902,0.200
4974,467384.050051,110600.199352,-1.502989,0.200
4975,468899.118077,110908.428729,-1.753703,0.200
4976,469977.698472,111130.456000,-1.977564,0.200
4977,471061.838793,111355.669661,-2.124232,0.200
4978,472142.836781,111582.734953,-2.207175,0.200
4979,472358.479898,111628.623871,-2.261559,0.200
4980,472790.965411,111720.845092,-2.272959,0.200
4981,473008.528954,111767.381586,-2.140940,0.200
4982,473443.377699,111860.624522,-2.199678,0.200
4983,473658.894233,111906.989165,-2.218994,0.200
4984,473875.566113,111953.525603,-2.477935,0.200
4985,474095.100177,112000.810896,-2.471363,0.200
4986,474312.959755,112047.755800,-2.460393,0.200
4987,474965.424618,112188.766618,-2.423962,0.200
4988,475168.649147,112232.887594,-2.438834,0.200
4989,476054.787299,112425.421927,-2.448421,0.200
4990,477368.704063,112711.239012,-2.480388,0.200
4991,477806.676929,112806.617549,-2.463036,0.200
4992,478686.514565,112997.627611,-2.326514,0.200
4993,478905.178947,113044.904361,-2.297514,0.200
4994,479127.523416,113092.925483,-2.263369,0.200
4995,479347.897681,113140.471510,-2.304132,0.200
4996,479788.706343,113235.438819,-2.349096,0.200
4997,480896.685889,113472.699966,-2.313932,0.200
4998,482229.434277,113755.757862,-1.979079,0.200
4999,483122.192065,113944.145875,-1.825286,0.200
5000,484015.471419,114131.623071,-1.683496,0.200
5001,485136.058073,114366.231304,-1.482625,0.200
5002,486936.569133,114739.548614,-1.421592,0.200
5003,487612.299111,114878.824356,-1.389325,0.200
5004,488746.301186,115111.252142,-1.305118,0.200
5005,489427.141043,115249.910181,-1.349870,0.200
5006,490330.627357,115433.552960,-1.170676,0.200
5007,490787.096869,115526.407590,-1.081279,0.200
5008,491920.666122,115757.070510,-0.888809,0.200
5009,493055.266152,115987.642076,-0.706267,0.200
5010,495095.306480,116401.053790,-0.969724,0.200
5011,495095.108391,116401.422162,-0.970571,0.200
5012,497583.498508,116902.915161,-1.222961,0.200
5013,497583.429845,116903.320032,-1.222701,0.200
5014,499610.283841,117311.308538,-1.436779,0.200
5015,502310.524742,117854.026146,-1.502312,0.200
5016,503878.554063,118170.019549,-1.755533,0.200
5017,505217.403966,118439.011190,-2.375360,0.200
5018,505886.983997,118571.167143,-2.324645,0.200
5019,506555.896901,118701.174493,-2.208766,0.200
5020,507007.594013,118788.409600,-2.134067,0.200
5021,507903.398195,118960.439531,-2.014677,0.200
5022,508354.197435,119046.457619,-1.938473,0.200
5023,508579.387927,119089.368776,-1.896989,0.200
5024,509708.939151,119304.144807,-1.738577,0.200
5025,510614.928607,119476.001468,-1.628039,0.200
5026,513116.700756,119952.078311,-1.411301,0.200
5027,516569.983070,120618.728620,-0.861591,0.200
5028,517740.161929,120846.202381,-0.549883,0.200
5029,518654.067908,121025.138078,-0.451779,0.200
5030,520742.578028,121437.812820,-0.388314,0.200
5031,522139.036120,121717.824878,-0.506218,0.200
5032,524698.116099,122238.613813,1.225411,0.200
5033,527493.605724,122814.203917,2.202980,0.200
5034,533768.765400,124097.738720,-2.780844,0.200
5035,539611.028809,125227.378081,-2.438051,0.200
5036,546452.772157,126485.851662,-1.307711,0.200
5037,552160.364198,127519.903854,1.743206,0.200
5038,552160.793009,127521.192380,1.742852,0.200
5039,552160.281370,127520.873859,1.742582,0.200
5040,552159.981133,127520.568101,1.741670,0.200
5041,565071.773632,129939.543999,-0.105572,0.200
5042,565070.867846,129940.221753,-0.105397,0.200
5043,565545.156091,130033.431478,0.120441,0.200
5044,566492.066404,130221.396110,-0.372364,0.200
5045,566727.993153,130269.010714,-0.480089,0.200
5046,566962.061321,130316.555812,-0.443942,0.200
5047,567202.380970,130365.473260,-0.448558,0.200
5048,567439.437999,130413.863709,-0.453572,0.200
5049,568150.421744,130559.350734,-0.507321,0.200
5050,568858.682503,130704.965063,-0.222433,0.200
5051,570279.258314,130996.791221,-0.264944,0.200
5052,571462.140026,131239.574972,-0.339459,0.200
5053,572406.711501,131433.954212,-0.378742,0.200
5054,575714.191733,132111.514801,-0.777626,0.200
5055,577130.676296,132399.756796,-0.943028,0.200
5056,577838.834708,132543.331711,-1.212264,0.200
5057,579019.911479,132782.489810,-1.071824,0.200
5058,579962.828707,132972.585329,-0.892251,0.200
5059,580668.487635,133113.743697,-0.465418,0.200
5060,581375.275477,133253.744290,-0.220884,0.200
5061,582312.863979,133438.058411,-0.225889,0.200
5062,583256.039214,133622.016879,0.198868,0.200
5063,583958.104202,133758.276000,0.557083,0.200
5064,585593.783702,134070.492926,0.458836,0.200
5065,586762.789346,134287.663588,0.389633,0.200
5066,587941.419711,134503.122126,0.316248,0.200
5067,588878.474449,134672.150819,0.261597,0.200
5068,589354.598145,134757.171115,0.235896,0.200
5069,590060.975532,134882.253610,0.198907,0.200
5070,590532.445833,134965.185555,0.176138,0.200
5071,591712.109277,135170.917737,0.124153,0.200
5072,596191.197044,135934.943093,-0.039754,0.200
5073,598314.283838,136292.837178,-0.038916,0.200
5074,598785.066459,136372.292027,-0.032820,0.200
5075,599250.522515,136450.990277,-0.019986,0.200
5076,603487.320939,137168.375489,0.257959,0.200
5077,607936.690986,137937.242611,0.743105,0.200
5078,607936.383050,137937.565328,0.744858,0.200
5079,607936.442539,137938.051752,0.745261,0.200
5080,609809.932286,138277.729805,0.876357,0.200
5081,610043.849998,138320.897755,0.887983,0.200
5082,610507.117266,138406.582047,0.887831,0.200
5083,610745.699022,138450.890607,0.896873,0.200
5084,611213.812070,138538.060434,0.912779,0.200
5085,611447.855038,138581.778466,0.918894,0.200
5086,614028.876906,139068.080074,0.939091,0.200
5087,617563.299996,139740.294846,0.857971,0.200
5088,621123.214019,140412.476415,0.686769,0.200
5089,622799.566436,140723.712203,0.595097,0.200
5090,624947.895300,141116.780817,0.467950,0.200
5091,625668.514951,141245.747992,0.423990,0.200
5092,627111.263001,141501.801516,0.334207,0.200
5093,628311.826986,141710.969112,0.262297,0.200
5094,630484.306519,142084.040171,0.141211,0.200
5095,630485.494199,142084.802605,0.137196,0.200
5096,630484.170143,142084.030904,0.142670,0.200
5097,632180.832133,142367.795042,0.061539,0.200
5098,634352.043499,142723.983664,-0.021614,0.200
5099,634352.250104,142723.638999,-0.021242,0.200
5100,635329.080466,142880.671377,-0.048454,0.200
5101,636055.940547,142996.986035,-0.062356,0.200
5102,636540.376703,143074.337245,-0.069347,0.200
5103,637023.784995,143151.448356,-0.074490,0.200
5104,637267.150007,143190.249078,-0.076424,0.200
5105,637507.975156,143228.561281,-0.168661,0.200
5106,637753.500821,143267.668411,-0.171802,0.200
5107,638233.527552,143344.124739,-0.176384,0.200
5108,638716.935730,143421.139282,-0.179579,0.200
5109,639441.914756,143536.711184,-0.179809,0.200
5110,639683.485366,143575.273583,-0.178875,0.200
5111,639924.947222,143613.847601,-0.177892,0.200
5112,640166.753581,143652.510916,-0.235903,0.200
5113,640651.933634,143730.218734,-0.232881,0.200
5114,640891.013934,143768.581824,-0.230146,0.200
5115,641132.226544,143807.342438,-0.226991,0.200
5116,641614.971659,143885.035421,-0.215443,0.200
5117,641856.272235,143923.988439,-0.210000,0.200
5118,642097.742275,143963.035658,-0.203884,0.200
5119,642579.838060,144041.168913,-0.214737,0.200
5120,642821.115943,144080.401902,-0.206963,0.200
5121,643048.546526,144117.448879,-0.198969,0.200
5122,643307.319093,144159.698519,-0.187889,0.200
5123,643541.483295,144197.747654,0.699510,0.200
5124,644262.888177,144315.747496,0.778059,0.200
5125,644747.897815,144395.488438,0.832994,0.200
5126,645469.270301,144514.618862,0.913522,0.200
5127,645716.944111,144555.670695,0.940602,0.200
5128,646430.774679,144674.263235,1.015355,0.200
5129,646902.416284,144753.033446,1.063148,0.200
5130,647390.419590,144834.816787,1.110699,0.200
5131,647871.600295,144915.704376,1.153449,0.200
5132,648591.103890,145037.240720,1.209789,0.200
5133,649066.975792,145112.486281,1.544741,0.200
5134,649306.101524,145152.515990,1.565903,0.200
5135,650022.960818,145272.575269,1.630268,0.200
5136,650496.750365,145351.985909,1.670183,0.200
5137,651216.780267,145472.731679,1.724003,0.200
5138,651932.349558,145592.789500,1.770676,0.200
5139,653361.675962,145832.710007,1.850206,0.200
5140,655023.740462,146111.720840,1.912452,0.200
5141,656456.209700,146351.847552,1.944548,0.200
5142,658832.393156,146748.820385,1.955849,0.200
5143,660027.067558,146947.200176,1.940346,0.200
5144,660791.617584,146989.094334,-0.835089,0.200
5145,662004.433194,147165.153149,-0.707385,0.200
5146,662976.210571,147305.206593,-0.613882,0.200
5147,663463.418416,147375.212236,-0.567373,0.200
5148,664682.469594,147550.230213,-0.451994,0.200
5149,666150.344415,147760.630550,-0.319823,0.200
5150,667868.056739,148007.770601,-0.165781,0.200
5151,669591.778669,148258.521315,-0.004687,0.200
5152,672309.216737,148660.585120,0.259557,0.200
5153,674277.895344,148958.058111,0.461096,0.200
5154,679480.993814,149768.303554,1.013515,0.200
5155,683683.977856,150454.542827,1.423744,0.200
5156,683683.983164,150453.926635,1.422979,0.200
5157,686395.670828,150904.000500,1.664106,0.200
5158,686395.844531,150903.604837,1.663206,0.200
5159,688360.956174,151227.417282,1.835447,0.200
5160,689352.859567,151389.097620,1.924515,0.200
5161,691307.550329,151702.082241,2.112540,0.200
5162,692286.637602,151855.863311,2.228412,0.200
5163,693521.302914,152046.934794,2.426454,0.200
5164,694505.978416,152197.102606,2.689655,0.200
5165,697222.445535,152602.429091,-1.510161,0.200
5166,699954.903981,152995.940089,-0.904116,0.200
5167,702199.638901,153312.354277,-0.671086,0.200
5168,703709.253600,153523.427475,-0.530966,0.200
5169,704459.168154,153628.068486,-0.463656,0.200
5170,705218.969906,153734.123661,-0.398455,0.200
5171,705724.327215,153804.750333,-0.356528,0.200
5172,706480.984128,153910.749820,-0.292430,0.200
5173,707240.792412,154017.484191,-0.227483,0.200
5174,708255.179216,154160.667763,-0.135882,0.200
5175,710032.143672,154413.329213,0.028131,0.200
5176,712577.680622,154779.887471,0.267978,0.200
5177,714869.668357,155117.925347,0.492061,0.200
5178,715634.621966,155233.812273,0.567949,0.200
5179,717413.684814,155505.819601,0.748182,0.200
5180,717676.188279,155546.536235,0.775176,0.200
5181,718948.905891,155744.568418,0.902823,0.200
5182,719458.756189,155824.696909,0.953128,0.200
5183,720477.171092,155985.586002,1.052360,0.200
5184,721492.696813,156146.784855,1.150493,0.200
5185,722000.593953,156227.738406,1.199001,0.200
5186,722254.612126,156268.271696,1.223012,0.200
5187,722508.573260,156308.814860,1.246546,0.200
5188,723268.892104,156430.300988,1.313498,0.200
5189,723524.797557,156471.213485,1.336154,0.200
5190,724537.209363,156633.074507,1.423036,0.200
5191,725043.404852,156713.939210,1.467517,0.200
5192,726049.992176,156874.508107,1.554793,0.200
5193,726826.490765,156997.902305,1.620741,0.200
5194,727824.084999,157155.756789,1.705184,0.200
5195,729089.595918,157354.534817,1.811017,0.200
5196,733640.327599,158049.392161,2.268009,0.200
5197,741530.951622,159164.514740,-0.726797,0.200
5198,746431.188254,159821.072058,-0.355369,0.200
5199,749029.535328,160169.858242,-0.147464,0.200
5200,751898.564851,160559.440624,0.100169,0.200
5201,755039.390521,160996.500937,0.397121,0.200
5202,755039.178168,160996.114802,0.396480,0.200
5203,760546.188766,161788.479652,0.947518,0.200
5204,760545.925364,161788.814868,0.948717,0.200
5205,760545.711734,161789.441180,0.949471,0.200
5206,762383.459619,162069.919283,1.121936,0.200
5207,763430.432217,162231.460924,1.215987,0.200
5208,764216.233601,162353.362217,1.282927,0.200
5209,764738.871999,162434.545164,1.327479,0.200
5210,764999.471663,162475.036802,1.349426,0.200
5211,765522.708863,162556.336454,1.394280,0.200
5212,766045.269018,162637.497850,1.437610,0.200
5213,766306.602812,162678.063606,1.458932,0.200
5214,767089.812270,162799.499211,1.522486,0.200
5215,767611.300830,162880.315586,1.553070,0.200
5216,768652.893137,163041.011121,1.635707,0.200
5217,770994.830573,163398.552043,1.813997,0.200
5218,775169.895508,164018.240751,2.196120,0.200
5219,779090.798096,164574.709007,-1.659012,0.200
5220,780183.711473,164723.876378,-1.204335,0.200
5221,781718.686287,164930.594829,-0.963220,0.200
5222,782490.644176,165033.129732,-0.882081,0.200
5223,783301.959140,165139.988668,-0.806891,0.200
5224,784622.838502,165312.732622,-0.697475,0.200
5225,787015.504030,165623.775917,-0.516142,0.200
5226,791284.180302,166172.929904,-0.188679,0.200
5227,791823.958591,166242.567317,-0.146243,0.200
5228,793440.003109,166452.484939,-0.013649,0.200
5229,795324.298153,166701.016094,0.151207,0.200
5230,796406.284619,166845.694125,0.248389,0.200
5231,798029.005717,167065.809024,0.398516,0.200
5232,800461.588683,167403.389963,0.626559,0.200
5233,802085.676424,167634.313325,0.779872,0.200
5234,803182.301663,167792.439547,0.884317,0.200
5235,804247.211730,167947.190125,0.983846,0.200
5236,805055.209287,168065.643449,1.056352,0.200
5237,805317.790010,168104.260439,1.080233,0.200
5238,805877.341112,168186.686789,1.129295,0.200
5239,806940.042098,168343.570845,1.219975,0.200
5240,807749.648167,168463.547580,1.288459,0.200
5241,808274.887595,168541.499057,1.332361,0.200
5242,809093.650712,168663.041470,1.398021,0.200
5243,812317.443464,169139.888100,1.644861,0.200
5244,815803.125451,169645.634496,1.899941,0.200
5245,818217.815212,169985.877784,2.110448,0.200
5246,819563.733702,170171.277000,2.280620,0.200
5247,822521.420039,170568.439209,-1.774968,0.200
5248,826308.436637,171057.553065,-0.876016,0.200
5249,829299.216243,171431.954125,-0.638358,0.200
5250,831214.189089,171666.972970,-0.501188,0.200
5251,831214.068966,171666.558182,-0.501077,0.200
5252,832861.510761,171867.500674,-0.384072,0.200
5253,834787.504955,172102.871881,-0.239473,0.200
5254,838656.772809,172578.948599,0.079481,0.200
5255,838656.680032,172578.477547,0.078521,0.200
5256,843102.091532,173141.931573,0.477085,0.200
5257,843377.859074,173178.320093,0.502610,0.200
5258,843656.738698,173215.228762,0.528256,0.200
5259,843937.263410,173252.469972,0.554058,0.200
5260,844495.580875,173326.763147,0.607257,0.200
5261,844772.822628,173363.896427,0.633927,0.200
5262,845051.048304,173401.224491,1.092263,0.200
5263,845328.061636,173438.475144,1.123017,0.200
5264,845604.986266,173475.765719,1.152364,0.200
5265,845885.728667,173513.613949,1.183002,0.200
5266,846160.834295,173550.708235,1.225098,0.200
5267,846441.226707,173588.362708,1.416939,0.200
5268,846730.360709,173627.336339,1.451885,0.200
5269,846994.946729,173663.001496,1.483976,0.200
5270,847554.059829,173738.346917,1.552261,0.200
5271,847831.689888,173775.735827,1.585835,0.200
5272,848380.102636,173849.520180,1.653404,0.200
5273,850324.501130,174109.937453,1.900376,0.200
5274,850875.843582,174183.195266,1.976046,0.200
5275,853094.062386,174475.851490,2.314711,0.200
5276,854481.931838,174655.064040,2.579474,0.200
5277,860594.319404,175407.643252,-1.639487,0.200
5278,871258.597495,176635.656341,-0.055967,0.200
5279,872397.009862,176764.744898,0.079314,0.200
5280,873535.467814,176894.941545,0.216101,0.200
5281,876106.916520,177194.359368,0.528480,0.200
5282,876106.617539,177194.734904,0.526781,0.200
5283,881249.459596,177811.527846,1.147770,0.200
5284,881249.448120,177812.051004,1.147563,0.200
5285,887531.036537,178610.125101,1.936516,0.200
5286,887531.209906,178612.181695,1.937956,0.200
5287,888663.116977,178759.818854,2.097977,0.200
5288,889235.730036,178833.919075,2.182457,0.200
5289,889517.215219,178870.192749,2.225752,0.200
5290,890088.752734,178943.541687,2.316448,0.200
5291,890936.645059,179051.613066,2.462922,0.200
5292,891502.332667,179123.128660,2.570851,0.200
5293,892074.899278,179194.987432,2.692585,0.200
5294,892643.597184,179265.813636,2.822874,0.200
5295,893777.103454,179405.409753,3.135597,0.200
5296,898062.336740,179915.999710,-1.705386,0.200
5297,900354.816031,180180.327563,-1.191022,0.200
5298,901503.719979,180310.983723,-0.997951,0.200
5299,904103.843682,180604.909146,-0.635298,0.200
5300,905556.943737,180769.127234,-0.456335,0.200
5301,908149.325839,181062.758629,-0.143907,0.200
5302,909331.937331,181198.920037,-0.003159,0.200
5303,914002.337242,181742.744210,0.552526,0.200
5304,914002.003329,181742.986416,0.551957,0.200
5305,916053.365999,181993.216534,0.798957,0.200
5306,918080.843830,182246.140795,1.042157,0.200
5307,919859.657897,182471.867794,1.256184,0.200
5308,920730.533318,182583.390440,1.361038,0.200
5309,921611.994276,182696.487870,1.464864,0.200
5310,922486.229316,182808.728415,1.570210,0.200
5311,923356.306115,182920.330301,1.675334,0.200
5312,923945.075510,182995.705446,1.746907,0.200
5313,924798.426029,183104.651384,1.850963,0.200
5314,925688.882063,183217.839559,1.962322,0.200
5315,926856.467248,183365.126278,2.121070,0.200
5316,927729.797404,183474.329684,2.248362,0.200
5317,932969.269537,184108.401432,-2.841541,0.200
5318,944100.598414,185367.092594,-0.444415,0.200
5319,953335.370100,186358.518969,0.633612,0.200
5320,959321.689200,187050.610469,1.327388,0.200
5321,962903.632430,187484.131607,1.758098,0.200
5322,962903.682282,187484.540606,1.757076,0.200
5323,968264.938748,188133.659216,2.532019,0.200
5324,968264.553315,188133.525521,2.527855,0.200
5325,968264.159565,188133.939893,2.529028,0.200
5326,968264.564094,188134.133168,2.528058,0.200
5327,975089.309902,188936.629852,-1.868785,0.200
5328,975089.052464,188937.211732,-1.874948,0.200
5329,975089.044122,188935.612125,-1.880228,0.200
5330,975089.315857,188936.032675,-1.878020,0.200
5331,978367.835726,189293.205082,-1.150594,0.200
5332,978367.351770,189293.703741,-1.152571,0.200
5333,980459.159393,189514.795487,-0.834594,0.200
5334,980458.734012,189514.746114,-0.835041,0.200
5335,981966.617675,189672.739979,-0.638025,0.200
5336,982269.157944,189704.494172,-0.600322,0.200
5337,982569.067065,189736.004223,-0.562350,0.200
5338,982867.153174,189767.357149,-0.525147,0.200
5339,984082.269953,189895.479472,-0.379418,0.200
5340,984682.067106,189959.118329,-0.308394,0.200
5341,984984.931934,189991.363778,-0.273018,0.200
5342,985585.911172,190055.511442,-0.202395,0.200
5343,986195.625557,190120.857983,-0.133839,0.200
5344,986801.166320,190186.218344,-0.065173,0.200
5345,987105.923245,190219.276978,-0.030375,0.200
5346,987408.138621,190252.161679,0.003901,0.200
5347,987711.619131,190285.284401,0.038863,0.200
5348,988015.145741,190318.520753,0.073957,0.200
5349,988317.457818,190351.732129,0.108942,0.200
5350,988928.958581,190419.183531,0.179357,0.200
5351,990142.823273,190554.327278,0.318421,0.200
5352,993484.480213,190935.254919,0.705555,0.200
5353,998942.792856,191582.941471,1.329293,0.200
5354,1002580.217842,192022.633678,1.745638,0.200
5355,1005298.130593,192348.679343,2.084849,0.200
5356,1007108.958528,192562.762177,2.346225,0.200
5357,1007109.403973,192562.853430,2.346001,0.200
5358,1009522.743090,192844.168375,2.784477,0.200
5359,1021297.371583,194176.792687,-0.715265,0.200
5360,1021296.377989,194176.743224,-0.715084,0.200
5361,1021295.973450,194177.194686,-0.716342,0.200
5362,1021295.307361,194177.401891,-0.716345,0.200
5363,1023423.425471,194386.623015,-0.455329,0.200
5364,1023422.629252,194386.553323,-0.454213,0.200
5365,1023422.250981,194386.899333,-0.452971,0.200
5366,1023422.465486,194386.531190,-0.453784,0.200
5367,1025860.587965,194627.052544,-0.174174,0.200
5368,1027393.863387,194779.955572,-0.000849,0.200
5369,1027393.898341,194780.476116,0.000553,0.200
5370,1028927.184603,194936.234029,0.175863,0.200
5371,1029851.823540,195031.713947,0.281991,0.200
5372,1030155.724839,195063.435219,0.315816,0.200
5373,1031082.070329,195160.730173,0.419947,0.200
5374,1031692.058675,195225.387642,0.488704,0.200
5375,1032306.451216,195291.127546,0.558587,0.200
5376,1032614.309005,195324.214012,0.593010,0.200
5377,1033230.022741,195390.715491,0.661693,0.200
5378,1033843.806629,195457.361561,0.730048,0.200
5379,1038141.223044,195933.665906,1.209900,0.200
5380,1041202.186468,196279.443583,1.554350,0.200
5381,1045181.200676,196727.205740,2.015927,0.200
5382,1048529.914353,197097.158238,2.502480,0.200
5383,1054631.583021,197745.574322,-2.136563,0.200
5384,1063232.324442,198579.197792,-0.540977,0.200
5385,1066332.126732,198869.344681,-0.185356,0.200
5386,1066332.673124,198869.002995,-0.183163,0.200
5387,1066332.229982,198868.989878,-0.183466,0.200
5388,1071317.551813,199341.952873,0.374475,0.200
5389,1071317.010212,199341.293258,0.371177,0.200
5390,1071317.426819,199341.447535,0.373684,0.200
5391,1071317.506949,199341.864549,0.373253,0.200
5392,1071317.641637,199341.445691,0.373448,0.200
5393,1079143.315861,200120.915467,1.233613,0.200
5394,1080089.136350,200223.154550,1.336150,0.200
5395,1081028.696903,200324.939790,1.434791,0.200
5396,1081665.626666,200394.048384,1.504813,0.200
5397,1081969.829571,200427.054556,1.538712,0.200
5398,1082599.311285,200495.312585,1.607662,0.200
5399,1082910.220578,200528.995630,1.642045,0.200
5400,1083221.213901,200562.654476,1.675784,0.200
5401,1083531.557475,200594.903837,2.174175,0.200
5402,1083844.021558,200628.400536,2.157906,0.200
5403,1084160.359489,200662.135456,2.208588,0.200
5404,1084470.235155,200695.099914,2.259328,0.200
5405,1085093.047270,200761.036215,2.365718,0.200
5406,1085719.964257,200827.029103,2.478456,0.200
5407,1086031.282731,200859.597535,2.538417,0.200
5408,1086656.437846,200924.654281,2.667839,0.200
5409,1087282.262844,200989.313256,2.804914,0.200
5410,1087906.114116,201053.355473,2.955564,0.200
5411,1088838.022261,201148.043678,-3.072071,0.200
5412,1090726.336354,201336.564364,-2.483795,0.200
5413,1092291.414364,201490.262296,-1.989431,0.200
5414,1097953.259328,202029.097725,-0.771395,0.200
5415,1099539.203020,202175.722196,-0.533775,0.200
5416,1101764.824135,202382.994075,-0.227224,0.200
5417,1104292.215253,202622.504597,0.102092,0.200
5418,1108470.695484,203032.855489,0.648003,0.200
5419,1111025.730721,203293.695401,0.980898,0.200
5420,1116770.746919,203893.735130,1.726767,0.200
5421,1119637.972993,204199.449349,2.140053,0.200
5422,1121862.649461,204433.914244,2.523181,0.200
5423,1121863.441105,204433.866544,2.520040,0.200
5424,1123765.822197,204629.528846,2.949840,0.200
5425,1123768.187011,204627.579483,2.837582,0.200
5426,1123767.348843,204627.616898,2.883597,0.200
5427,1125361.320029,204787.107037,-2.946612,0.200
5428,1125360.041050,204787.593655,-2.866142,0.200
5429,1125359.608994,204787.341037,-2.847428,0.200
5430,1125355.830314,204783.374821,-2.560663,0.200
5431,1129485.933109,205182.155446,-1.434708,0.200
5432,1129485.493776,205182.134827,-1.434435,0.200
5433,1136510.308120,205829.753055,-0.280832,0.200
5434,1136510.341449,205831.512514,-0.279756,0.200
5435,1136510.332032,205830.723450,-0.281259,0.200
5436,1136510.283679,205829.783374,-0.282112,0.200
5437,1139094.475302,206060.689498,0.071984,0.200
5438,1139094.779034,206059.260878,0.077877,0.200
5439,1140061.759150,206147.703158,0.210652,0.200
5440,1141361.320674,206268.202162,0.388034,0.200
5441,1142010.434831,206329.123235,0.472336,0.200
5442,1142673.248953,206391.825425,0.565937,0.200
5443,1143952.675996,206513.999248,0.740761,0.200
5444,1144277.818063,206545.436326,0.784677,0.200
5445,1144605.120397,206577.179113,0.829473,0.200
5446,1145896.706018,206703.042899,1.005786,0.200
5447,1146220.142694,206734.855708,1.050500,0.200
5448,1146866.411573,206798.586012,1.140837,0.200
5449,1147514.482048,206862.731913,1.229941,0.200
5450,1148160.768577,206926.865322,1.320157,0.200
5451,1149453.146405,207055.461166,1.503551,0.200
5452,1150099.031231,207119.758859,1.596597,0.200
5453,1155578.717845,207659.849298,2.519605,0.200
5454,1158169.875093,207905.774149,-3.127483,0.200
5455,1158169.821321,207906.508239,3.101455,0.200
5456,1160410.609133,208112.776014,-2.508800,0.200
5457,1161703.791665,208229.291035,-2.134786,0.200
5458,1162999.459671,208344.297253,-1.777615,0.200
5459,1164615.513943,208485.821684,-1.408353,0.200
5460,1166560.204210,208653.717733,-1.044207,0.200
5461,1167206.022354,208708.932597,-0.936247,0.200
5462,1178297.841220,209657.195640,0.613956,0.200
5463,1178297.513556,209656.780365,0.615965,0.200
5464,1178297.215882,209656.321529,0.614713,0.200
5465,1182271.324139,209997.594469,1.146293,0.200
5466,1182271.272225,209998.476867,1.145628,0.200
5467,1183267.713403,210088.223039,1.279505,0.200
5468,1183267.069688,210089.077298,1.275060,0.200
5469,1183267.292345,210088.394072,1.277768,0.200
5470,1184587.158848,210207.857687,1.457013,0.200
5471,1185577.591827,210297.290630,1.591667,0.200
5472,1185906.271730,210327.070532,1.638209,0.200
5473,1186598.408296,210389.703751,1.740618,0.200
5474,1187228.711087,210446.634551,1.831962,0.200
5475,1187559.729644,210476.458297,1.881970,0.200
5476,1188221.391576,210535.926231,1.982992,0.200
5477,1188881.241782,210594.963190,2.088173,0.200
5478,1189540.054804,210653.608758,2.199474,0.200
5479,1190202.134503,210712.226919,2.314887,0.200
5480,1191188.625565,210798.852839,2.500850,0.200
5481,1192176.708960,210884.699652,2.708817,0.200
5482,1193165.412450,210969.457935,2.944166,0.200
5483,1194156.604112,211053.332986,-3.073489,0.200
5484,1197456.558899,211324.342379,-2.122057,0.200
5485,1201416.725786,211636.081676,-1.227519,0.200
5486,1204099.952304,211843.169451,-0.786952,0.200
5487,1205430.614409,211945.988963,-0.590852,0.200
5488,1206107.535552,211998.546476,-0.495229,0.200
5489,1206440.366732,212024.487237,-0.448857,0.200
5490,1208448.018416,212181.937187,-0.174332,0.200
5491,1209798.307031,212289.650159,0.004398,0.200
5492,1212149.617898,212481.198060,0.313379,0.200
5493,1213832.878988,212621.466225,0.536885,0.200
5494,1213833.220812,212622.124014,0.535171,0.200
5495,1213833.171913,212622.662255,0.535582,0.200
5496,1218547.740140,213027.083531,1.161280,0.200
5497,1218548.134502,213027.689814,1.160146,0.200
5498,1218548.005396,213026.934001,1.159799,0.200
5499,1222245.837089,213357.803205,1.660756,0.200
5500,1222245.695946,213356.496427,1.660535,0.200
5501,1222245.894087,213357.166922,1.659709,0.200
5502,1223926.953867,213509.718479,1.902270,0.200
5503,1223926.897865,213510.239679,1.907262,0.200
5504,1225261.443906,213630.623314,2.112230,0.200
5505,1226609.416321,213751.107477,2.339908,0.200
5506,1227279.737326,213810.442315,2.464747,0.200
5507,1228623.116109,213928.628914,2.713831,0.200
5508,1230627.471298,214101.397899,-3.074884,0.200
5509,1230627.893675,214101.300946,-3.074531,0.200
5510,1233645.528509,214354.621172,-2.211315,0.200
5511,1234660.573109,214436.437381,-1.901350,0.200
5512,1234660.251463,214436.708679,-1.894937,0.200
5513,1237354.221486,214651.004577,-1.306145,0.200
5514,1239378.191002,214808.751465,-0.956447,0.200
5515,1240052.089198,214861.061651,-0.852191,0.200
5516,1240397.683079,214887.879095,-0.799753,0.200
5517,1241076.487171,214940.659239,-0.709045,0.200
5518,1241755.687210,214993.535758,-0.613026,0.200
5519,1244137.229499,215180.385139,-0.286930,0.200
5520,1250284.212211,215681.941163,0.509887,0.200
5521,1263258.816930,216832.709656,2.264447,0.200
5522,1274502.040366,217779.383109,-1.336418,0.200
5523,1280341.678814,218232.702048,-0.439250,0.200
5524,1282069.421902,218367.210986,-0.213222,0.200
5525,1283454.049457,218476.690473,-0.034327,0.200
5526,1283453.240562,218476.656961,-0.006744,0.200
5527,1283453.139612,218476.219604,-0.006593,0.200
5528,1283453.180079,218476.676480,-0.006565,0.200
5529,1289689.812453,218974.806104,0.766697,0.200
5530,1289689.034286,218973.871536,0.763691,0.200
5531,1289689.268593,218973.111327,0.764493,0.200
5532,1289688.809313,218973.255713,0.764514,0.200
5533,1289687.259723,218975.578350,0.764932,0.200
5534,1289686.973199,218973.036599,0.764436,0.200
5535,1289687.384685,218973.090121,0.765398,0.200
5536,1294556.947186,219388.824787,1.362336,0.200
5537,1294557.178304,219390.181895,1.360865,0.200
5538,1294557.545507,219390.351716,1.358753,0.200
5539,1297684.152949,219669.298925,1.766798,0.200
5540,1300105.106767,219886.291610,2.110191,0.200
5541,1300104.467635,219886.570638,2.102604,0.200
5542,1301841.518886,220040.642544,2.381935,0.200
5543,1302875.216569,220131.248118,2.545323,0.200
5544,1302874.799876,220131.639588,2.539183,0.200
5545,1304263.654160,220251.720632,2.799391,0.200
5546,1304955.242388,220310.590774,2.957367,0.200
5547,1305648.242552,220369.095895,3.131321,0.200
5548,1306335.477720,220426.658294,-2.967097,0.200
5549,1308075.814394,220570.063078,-2.459830,0.200
5550,1309113.204069,220654.053991,-2.155380,0.200
5551,1312944.289395,220957.222175,-1.268117,0.200
5552,1316794.281174,221255.842336,-0.666958,0.200
5553,1318901.505595,221419.689851,-0.389360,0.200
5554,1320654.391777,221557.534164,-0.170023,0.200
5555,1323128.417673,221754.916771,0.137673,0.200
5556,1324541.305622,221870.245296,0.308417,0.200
5557,1324896.126043,221899.623287,0.350601,0.200
5558,1329134.259611,222253.874665,0.860735,0.200
5559,1329842.108083,222315.457431,0.945007,0.200
5560,1334082.704654,222686.596473,1.468711,0.200
5561,1335846.350645,222845.166480,1.689725,0.200
5562,1337255.585978,222971.910531,1.875616,0.200
5563,1342184.169116,223410.953470,2.650983,0.200
5564,1342183.870383,223411.564571,2.682192,0.200
5565,1347107.054198,223835.357019,-2.343219,0.200
5566,1347107.257662,223835.833103,-1.456768,0.200
5567,1347814.231989,223893.906023,-1.347882,0.200
5568,1349224.270432,224009.302778,-1.133069,0.200
5569,1351347.128555,224182.950354,-0.835630,0.200
5570,1353475.759056,224358.299742,-0.545812,0.200
5571,1354541.785106,224447.013154,-0.404609,0.200
5572,1357393.507986,224688.205942,-0.029119,0.200
5573,1359887.725482,224905.128600,0.298022,0.200
5574,1366308.661842,225489.933077,1.154119,0.200
5575,1368445.916809,225689.936066,1.453845,0.200
5576,1371291.059028,225957.693489,1.895040,0.200
5577,1373423.097708,226157.172635,2.284541,0.200
5578,1375908.379765,226386.731216,2.807611,0.200
5579,1375908.415443,226387.758840,2.797210,0.200
5580,1375908.608113,226387.391292,2.777789,0.200
5581,1377681.842900,226548.933080,-3.089706,0.200
5582,1385850.022994,227273.359469,-1.430149,0.200
5583,1385850.307534,227275.017385,-1.425490,0.200
5584,1388703.599994,227507.842101,-1.004247,0.200
5585,1388698.493844,227502.434283,-1.002212,0.200
5586,1388675.669878,227470.482305,-1.020254,0.200
5587,1388675.962297,227470.830463,-1.019164,0.200
5588,1388676.816551,227471.207172,-1.019111,0.200
5589,1392575.942555,227777.528546,-0.500567,0.200
5590,1395082.945613,227977.074539,-0.189478,0.200
5591,1397231.740978,228151.752436,0.073016,0.200
5592,1399363.765590,228328.837407,0.343295,0.200
5593,1400456.500967,228421.703977,0.498923,0.200
5594,1401165.161943,228482.787127,0.587601,0.200
5595,1401889.377707,228545.730233,0.677578,0.200
5596,1402604.454459,228608.230289,0.768189,0.200
5597,1403692.599593,228704.042744,0.908167,0.200
5598,1406544.028731,228957.758057,1.291250,0.200
5599,1408006.492162,229089.216451,1.497018,0.200
5600,1411901.043987,229438.282336,2.125651,0.200
5601,1413682.339348,229595.680848,2.474576,0.200
5602,1418319.546462,229993.784876,-2.747207,0.200
5603,1421174.507985,230229.589871,-2.140987,0.200
5604,1421890.441361,230287.145350,-2.004446,0.200
5605,1422605.117314,230344.201245,-1.874656,0.200
5606,1422605.281055,230343.742250,-1.853820,0.200
5607,1431567.631823,231049.000442,-0.568452,0.200
5608,1431571.039360,231050.452653,-0.572744,0.200
5609,1435913.075388,231376.257182,-0.029475,0.200
5610,1435913.703479,231378.703535,-0.005430,0.200
5611,1441003.342362,231780.013321,0.636321,0.200
5612,1441001.963588,231783.244411,0.641765,0.200
5613,1443546.105540,231994.691771,0.974659,0.200
5614,1443546.433221,231995.393147,0.972688,0.200
5615,1443545.962488,231994.653708,0.972514,0.200
5616,1443545.654029,231994.119098,0.970471,0.200
5617,1448272.760987,232395.839003,1.631841,0.200
5618,1449360.184625,232490.124933,1.795441,0.200
5619,1452262.396965,232741.394523,2.307913,0.200
5620,1454433.631571,232926.807382,2.748295,0.200
5621,1455519.473997,233017.919143,2.988564,0.200
5622,1456241.958693,233077.815937,-3.131016,0.200
5623,1458416.764083,233255.836445,-2.646008,0.200
5624,1459865.270515,233371.575222,-2.339270,0.200
5625,1461318.325264,233485.366337,-2.049106,0.200
5626,1461679.126531,233513.375770,-1.984307,0.200
5627,1464587.278130,233736.318971,-1.509702,0.200
5628,1470806.882327,234204.877969,-0.667947,0.200
5629,1473382.537681,234401.596621,-0.343007,0.200
5630,1477432.253690,234720.469267,0.162710,0.200
5631,1480014.735644,234931.436728,0.481853,0.200
5632,1487395.828906,235561.543745,1.439412,0.200
5633,1492180.323909,235979.835766,2.183045,0.200
5634,1497689.173520,236452.911247,-2.947074,0.200
5635,1498421.838644,236513.460061,-2.782765,0.200
5636,1503930.994876,236963.704708,-1.722682,0.200
5637,1510196.060458,237444.109656,-0.842518,0.200
5638,1510195.210408,237447.053052,-0.810780,0.200
5639,1526182.478390,238648.985141,1.171385,0.200
5640,1528816.287370,238861.583692,1.529569,0.200
5641,1530318.940343,238983.345385,1.751214,0.200
5642,1531065.286950,239043.675178,1.871434,0.200
5643,1532200.451775,239135.053788,2.062561,0.200
5644,1535947.956527,239431.883060,2.802470,0.200
5645,1542704.897265,239939.798909,-2.069652,0.200
5646,1544210.677684,240047.643539,-1.823551,0.200
5647,1544962.732706,240100.996091,-1.708438,0.200
5648,1546098.329473,240180.881474,-1.541155,0.200
5649,1548739.199495,240364.992418,-1.176300,0.200
5650,1551396.965930,240549.432485,-0.843429,0.200
5651,1552536.982253,240628.875068,-0.702313,0.200
5652,1554815.553615,240788.863503,-0.430503,0.200
5653,1557864.042828,241005.958701,-0.068548,0.200
5654,1562837.569388,241371.923648,0.530571,0.200
5655,1564746.527904,241520.238109,0.760553,0.200
5656,1565508.068919,241580.354987,0.852723,0.200
5657,1565891.333361,241610.757497,0.899835,0.200
5658,1566659.978937,241671.937370,0.996983,0.200
5659,1570482.840113,241978.843252,1.506636,0.200
5660,1572778.391377,242164.926679,1.845051,0.200
5661,1572777.642011,242163.964998,1.847423,0.200
5662,1574296.685980,242286.275840,2.095048,0.200
5663,1574296.009010,242285.849043,2.093817,0.200
5664,1575447.780744,242377.825078,2.299566,0.200
5665,1577722.903948,242557.807622,2.765921,0.200
5666,1578482.418016,242616.853519,2.930842,0.200
5667,1580396.821825,242763.953408,-2.939169,0.200
5668,1582684.781144,242935.502519,-2.469358,0.200
5669,1589178.292529,243401.732534,-1.406688,0.200
5670,1591477.918803,243561.384566,-1.104079,0.200
5671,1593402.424278,243694.684929,-0.863122,0.200
5672,1595330.111950,243828.933569,-0.630111,0.200
5673,1597261.586974,243965.176189,-0.397005,0.200
5674,1599584.613793,244131.196267,-0.117492,0.200
5675,1600749.066776,244216.170644,0.019124,0.200
5676,1601507.087830,244272.184902,0.107274,0.200
5677,1603078.517014,244389.586326,0.289043,0.200
5678,1603466.173446,244418.971917,0.334252,0.200
5679,1605018.281648,244537.514856,0.514672,0.200
5680,1612778.915825,245137.334609,1.490688,0.200
5681,1617420.189841,245521.523467,2.282061,0.200
5682,1624390.594739,246089.625478,-2.591668,0.200
5683,1624390.974990,246089.311427,-2.591343,0.200
5684,1626709.635067,246268.956348,-2.147713,0.200
5685,1628640.097499,246415.124484,-1.830656,0.200
5686,1631353.757147,246616.799107,-1.435349,0.200
5687,1632525.534170,246702.355772,-1.276972,0.200
5688,1634862.058162,246872.255024,-0.980530,0.200
5689,1639160.290774,247185.983150,-0.471806,0.200
5690,1641898.443081,247390.629290,-0.152100,0.200
5691,1644655.734829,247602.088642,0.163943,0.200
5692,1646227.156615,247725.194317,0.343487,0.200
5693,1654871.886873,248432.813395,1.385600,0.200
5694,1660359.702448,248892.891089,2.233762,0.200
5695,1674839.573616,250044.315451,-1.382278,0.200
5696,1687845.351679,250974.123917,0.134857,0.200
5697,1687844.252010,250974.361456,0.126595,0.200
5698,1700578.015494,251897.213239,1.689306,0.200
5699,1700566.615386,251851.619621,1.984960,0.200
5700,1722883.906215,253589.089155,-0.720057,0.200
5701,1725259.399540,253754.165608,-0.455349,0.200
5702,1726054.237155,253810.269566,-0.366890,0.200
5703,1726444.319359,253837.974728,-0.323928,0.200
5704,1727244.358547,253895.079664,-0.236076,0.200
5705,1728436.697028,253980.911148,-0.104470,0.200
5706,1729231.627129,254038.879044,-0.015589,0.200
5707,1729629.428530,254068.096844,0.028812,0.200
5708,1731616.651884,254215.663832,0.250350,0.200
5709,1737979.203008,254707.587544,0.993430,0.200
5710,1742346.178703,255055.226334,1.605403,0.200
5711,1749083.553424,255588.062928,2.979080,0.200
5712,1755810.093261,256094.751162,-2.014404,0.200
5713,1764139.874561,256687.185871,-0.970808,0.200
5714,1766540.755970,256850.030945,-0.701770,0.200
5715,1769742.037860,257069.182496,-0.346992,0.200
5716,1776969.280676,257577.700281,0.454321,0.200
5717,1780996.141489,257879.772582,0.918713,0.200
5718,1784616.233312,258161.601333,1.387174,0.200
5719,1785827.601718,258257.193180,1.564257,0.200
5720,1787033.615837,258352.260005,1.756857,0.200
5721,1788640.217824,258478.412280,2.047071,0.200
5722,1789441.020288,258540.903464,2.210661,0.200
5723,1792651.169093,258788.361187,2.944237,0.200
5724,1793452.275597,258849.005735,3.135150,0.200
5725,1797860.961504,259174.941144,-2.268956,0.200
5726,1800281.195072,259348.450465,-1.904581,0.200
5727,1801499.013639,259433.741079,-1.742782,0.200
5728,1802293.667095,259488.988172,-1.642369,0.200
5729,1804738.729145,259657.751589,-1.348602,0.200
5730,1807203.194021,259826.337188,-1.072519,0.200
5731,1819754.674783,260702.931290,0.278627,0.200
5732,1825471.796366,261132.324505,0.927829,0.200
5733,1832823.711686,261708.580645,2.003676,0.200
5734,1836081.619510,261968.934903,2.708156,0.200
5735,1839339.284483,262223.663809,-2.842740,0.200
5736,1841782.387539,262410.472562,-2.386177,0.200
5737,1843821.270808,262562.555095,-2.069369,0.200
5738,1847898.542938,262860.873030,-1.540839,0.200
5739,1850354.145890,263034.557961,-1.256859,0.200
5740,1851174.259201,263092.138535,-1.164867,0.200
5741,1853226.220684,263236.160538,-0.940329,0.200
5742,1854460.172385,263323.040392,-0.807204,0.200
5743,1857756.050841,263557.257975,-0.452666,0.200
5744,1864369.905717,264046.692182,0.257170,0.200
5745,1865196.704412,264110.247970,0.346082,0.200
5746,1866439.359638,264206.671185,0.480243,0.200
5747,1867681.448721,264304.110469,0.616253,0.200
5748,1873050.439167,264733.518486,1.249290,0.200
5749,1875534.530151,264934.780614,1.602899,0.200
5750,1876764.463002,265034.404140,1.798752,0.200
5751,1882132.414824,265466.534154,2.889223,0.200
5752,1889132.533237,266013.107596,-2.062931,0.200
5753,1890776.185046,266134.581435,-1.833794,0.200
5754,1893671.196596,266345.500741,-1.476365,0.200
5755,1894499.418775,266405.054055,-1.380287,0.200
5756,1898226.478672,266672.109515,-0.963968,0.200
5757,1900719.307363,266849.739326,-0.697055,0.200
5758,1902385.591405,266969.534988,-0.520699,0.200
5759,1906555.418183,267272.928864,-0.073450,0.200
5760,1907392.091805,267335.703416,0.016706,0.200
5761,1908264.464503,267401.555673,0.108548,0.200
5762,1909487.319114,267494.915702,0.236757,0.200
5763,1911151.485767,267623.340737,0.412869,0.200
5764,1912411.113236,267722.044384,0.546856,0.200
5765,1913241.565535,267787.744623,0.636542,0.200
5766,1916178.061761,268022.014471,0.965047,0.200
5767,1921190.338275,268428.445719,1.616402,0.200
5768,1923283.856527,268600.456360,1.960679,0.200
5769,1927865.155573,268975.001982,2.926071,0.200
5770,1928697.249545,269041.543272,3.116394,0.200
5771,1929116.070391,269074.828644,-3.074311,0.200
5772,1930365.131319,269173.553988,-2.812063,0.200
5773,1931196.954987,269238.714822,-2.647879,0.200
5774,1934113.203407,269463.275662,-2.151680,0.200
5775,1934948.171820,269526.464051,-2.030582,0.200
5776,1939957.435532,269898.286252,-1.407735,0.200
5777,1942900.309476,270112.869215,-1.086437,0.200
5778,1944581.766924,270235.425746,-0.904617,0.200
5779,1946267.729390,270358.870528,-0.726640,0.200
5780,1947529.760194,270451.898022,-0.596585,0.200
5781,1950489.132664,270673.017469,-0.288024,0.200
5782,1957252.803270,271196.735142,0.418350,0.200
5783,1963608.685682,271713.894342,1.123226,0.200
5784,1970769.413610,272316.946734,2.209362,0.200
5785,1980496.422398,273123.933855,-2.158330,0.200
5786,1991053.104060,273939.103857,-0.903954,0.200
5787,1996162.656433,274318.288101,-0.380238,0.200
5788,2002141.335230,274769.848087,0.241263,0.200
5789,2010282.319674,275414.640340,1.132600,0.200
5790,2022259.428219,276431.653634,-3.102013,0.200
5791,2034654.718630,277461.827768,-1.287598,0.200
5792,2036811.394145,277625.095375,-1.059679,0.200
5793,2040645.488460,277916.200128,-0.658851,0.200
5794,2049282.421807,278593.277942,0.229309,0.200
5795,2058350.504506,279353.755859,1.213445,0.200
5796,2062665.104372,279724.354254,1.795530,0.200
5797,2066969.919275,280095.306903,2.603763,0.200
5798,2066983.068043,280092.215710,1.144876,0.200
5799,2071713.463666,280501.378811,1.560638,0.200
5800,2073436.129755,280651.904976,1.710688,0.200
5801,2075147.549209,280801.030707,1.862873,0.200
5802,2085015.278452,281655.142175,-3.013554,0.200
5803,2097017.330050,282636.764510,-0.611440,0.200
5804,2100035.292266,282865.156634,-0.329337,0.200
5805,2101764.056796,282996.990987,-0.175056,0.200
