1784986218.106799 [0] cmd_vel_ud: config: //CycloneDDS/Domain/General: 'NetworkInterfaceAddress': deprecated element (file:///tmp/go2_cyclonedds_eth0.xml line 4)
[INFO] [1784986218.138627512] [cmd_vel_udp_sender]: UDP sender to 127.0.0.1:5005, packet_v=2, max_vy=0.000, unitree_vy_sign=+1
[INFO] [1784986219.138736663] [cmd_vel_udp_sender]: TIMING_SENDER ros_gap_ms=0.000/0.000/0.000 callback_ms=0.000/0.000/0.000 sendto_ms=0.000/0.000/0.000 cmd_age_ms=-1.000 count=0 errors=0 errno=0 seq=0 cmd=(0.000,0.000,0.000)
[INFO] [1784986220.138767524] [cmd_vel_udp_sender]: TIMING_SENDER ros_gap_ms=0.000/0.000/0.000 callback_ms=0.000/0.000/0.000 sendto_ms=0.000/0.000/0.000 cmd_age_ms=-1.000 count=0 errors=0 errno=0 seq=0 cmd=(0.000,0.000,0.000)
[INFO] [1784986221.138839588] [cmd_vel_udp_sender]: TIMING_SENDER ros_gap_ms=49.373/59.974/59.974 callback_ms=0.057/0.154/0.154 sendto_ms=0.055/0.153/0.153 cmd_age_ms=16.671 count=15 errors=0 errno=0 seq=15 cmd=(0.000,0.000,0.000)
[INFO] [1784986222.138881492] [cmd_vel_udp_sender]: TIMING_SENDER ros_gap_ms=50.280/55.763/55.826 callback_ms=0.040/0.053/0.054 sendto_ms=0.039/0.052/0.052 cmd_age_ms=11.112 count=20 errors=0 errno=0 seq=35 cmd=(0.000,0.000,0.000)
[INFO] [1784986223.138898325] [cmd_vel_udp_sender]: TIMING_SENDER ros_gap_ms=49.807/53.429/55.250 callback_ms=0.044/0.055/0.062 sendto_ms=0.043/0.054/0.060 cmd_age_ms=14.985 count=20 errors=0 errno=0 seq=55 cmd=(0.000,0.000,0.000)
[INFO] [1784986224.138972202] [cmd_vel_udp_sender]: TIMING_SENDER ros_gap_ms=50.352/54.824/58.846 callback_ms=0.042/0.068/0.073 sendto_ms=0.040/0.067/0.072 cmd_age_ms=8.012 count=20 errors=0 errno=0 seq=75 cmd=(0.000,0.000,0.000)
[INFO] [1784986225.138967149] [cmd_vel_udp_sender]: TIMING_SENDER ros_gap_ms=49.554/50.932/55.558 callback_ms=0.043/0.052/0.059 sendto_ms=0.042/0.051/0.057 cmd_age_ms=16.928 count=20 errors=0 errno=0 seq=95 cmd=(0.000,0.000,0.000)
[INFO] [1784986226.139026819] [cmd_vel_udp_sender]: TIMING_SENDER ros_gap_ms=49.999/56.117/58.259 callback_ms=0.043/0.050/0.058 sendto_ms=0.041/0.049/0.057 cmd_age_ms=17.014 count=20 errors=0 errno=0 seq=115 cmd=(0.000,0.000,0.000)
[INFO] [1784986227.139044810] [cmd_vel_udp_sender]: TIMING_SENDER ros_gap_ms=49.993/50.877/62.228 callback_ms=0.042/0.048/0.064 sendto_ms=0.041/0.047/0.063 cmd_age_ms=17.177 count=20 errors=0 errno=0 seq=135 cmd=(0.000,0.000,0.000)
[INFO] [1784986228.139282442] [cmd_vel_udp_sender]: TIMING_SENDER ros_gap_ms=50.059/52.339/59.882 callback_ms=0.044/0.072/0.092 sendto_ms=0.043/0.070/0.091 cmd_age_ms=16.229 count=20 errors=0 errno=0 seq=155 cmd=(0.000,0.000,0.000)
[INFO] [1784986229.139140268] [cmd_vel_udp_sender]: TIMING_SENDER ros_gap_ms=49.962/51.726/52.125 callback_ms=0.049/0.060/0.063 sendto_ms=0.047/0.059/0.062 cmd_age_ms=16.849 count=20 errors=0 errno=0 seq=175 cmd=(0.000,0.000,0.000)
[INFO] [1784986230.139202856] [cmd_vel_udp_sender]: TIMING_SENDER ros_gap_ms=49.993/50.195/50.227 callback_ms=0.048/0.061/0.064 sendto_ms=0.046/0.060/0.062 cmd_age_ms=17.052 count=20 errors=0 errno=0 seq=195 cmd=(0.000,0.000,0.000)
[INFO] [1784986231.139236148] [cmd_vel_udp_sender]: TIMING_SENDER ros_gap_ms=49.996/53.084/55.620 callback_ms=0.048/0.060/0.061 sendto_ms=0.046/0.059/0.059 cmd_age_ms=17.157 count=20 errors=0 errno=0 seq=215 cmd=(0.000,0.000,0.000)
[INFO] [1784986232.139276497] [cmd_vel_udp_sender]: TIMING_SENDER ros_gap_ms=50.004/50.104/52.012 callback_ms=0.054/0.067/0.074 sendto_ms=0.052/0.061/0.072 cmd_age_ms=17.125 count=20 errors=0 errno=0 seq=235 cmd=(0.000,0.000,0.000)
[INFO] [1784986233.139327264] [cmd_vel_udp_sender]: TIMING_SENDER ros_gap_ms=50.054/51.913/55.741 callback_ms=0.053/0.072/0.076 sendto_ms=0.051/0.070/0.074 cmd_age_ms=16.098 count=20 errors=0 errno=0 seq=255 cmd=(0.000,0.000,0.000)
[INFO] [1784986234.139342526] [cmd_vel_udp_sender]: TIMING_SENDER ros_gap_ms=49.948/50.231/50.587 callback_ms=0.060/0.065/0.209 sendto_ms=0.057/0.063/0.178 cmd_age_ms=17.145 count=20 errors=0 errno=0 seq=275 cmd=(0.000,0.000,0.000)
[INFO] [1784986235.139383982] [cmd_vel_udp_sender]: TIMING_SENDER ros_gap_ms=50.005/52.954/53.499 callback_ms=0.053/0.064/0.068 sendto_ms=0.052/0.062/0.067 cmd_age_ms=17.090 count=20 errors=0 errno=0 seq=295 cmd=(0.000,0.000,0.000)
[INFO] [1784986236.139432304] [cmd_vel_udp_sender]: TIMING_SENDER ros_gap_ms=50.043/52.172/52.241 callback_ms=0.053/0.073/0.079 sendto_ms=0.051/0.072/0.077 cmd_age_ms=16.275 count=20 errors=0 errno=0 seq=315 cmd=(0.000,0.000,0.000)
[INFO] [1784986237.139439841] [cmd_vel_udp_sender]: TIMING_SENDER ros_gap_ms=49.984/50.931/55.778 callback_ms=0.044/0.052/0.068 sendto_ms=0.042/0.051/0.066 cmd_age_ms=16.606 count=20 errors=0 errno=0 seq=335 cmd=(0.000,-0.000,0.000)
[INFO] [1784986238.139456195] [cmd_vel_udp_sender]: TIMING_SENDER ros_gap_ms=49.969/51.706/51.977 callback_ms=0.043/0.048/0.060 sendto_ms=0.042/0.047/0.059 cmd_age_ms=17.239 count=20 errors=0 errno=0 seq=355 cmd=(0.000,-0.000,0.000)
[INFO] [1784986239.139510648] [cmd_vel_udp_sender]: TIMING_SENDER ros_gap_ms=50.092/51.206/51.889 callback_ms=0.048/0.064/0.112 sendto_ms=0.046/0.063/0.111 cmd_age_ms=15.454 count=20 errors=0 errno=0 seq=375 cmd=(0.000,-0.000,0.000)
[INFO] [1784986240.139516219] [cmd_vel_udp_sender]: TIMING_SENDER ros_gap_ms=49.915/53.284/53.884 callback_ms=0.058/0.137/0.182 sendto_ms=0.056/0.135/0.181 cmd_age_ms=17.160 count=20 errors=0 errno=0 seq=395 cmd=(0.000,-0.000,0.000)
[INFO] [1784986241.139594642] [cmd_vel_udp_sender]: TIMING_SENDER ros_gap_ms=49.993/55.570/60.380 callback_ms=0.074/0.057/0.558 sendto_ms=0.072/0.056/0.557 cmd_age_ms=17.385 count=20 errors=0 errno=0 seq=415 cmd=(0.000,-0.000,0.000)
[INFO] [1784986242.140509754] [cmd_vel_udp_sender]: TIMING_SENDER ros_gap_ms=50.029/52.199/55.552 callback_ms=0.057/0.067/0.254 sendto_ms=0.055/0.066/0.252 cmd_age_ms=17.719 count=20 errors=0 errno=0 seq=435 cmd=(0.000,-0.000,0.000)
[INFO] [1784986243.139692208] [cmd_vel_udp_sender]: TIMING_SENDER ros_gap_ms=49.964/57.454/61.575 callback_ms=0.046/0.052/0.056 sendto_ms=0.044/0.050/0.054 cmd_age_ms=17.614 count=20 errors=0 errno=0 seq=455 cmd=(0.000,-0.000,0.000)
[INFO] [1784986244.139713784] [cmd_vel_udp_sender]: TIMING_SENDER ros_gap_ms=50.297/54.689/59.681 callback_ms=0.066/0.065/0.401 sendto_ms=0.065/0.064/0.399 cmd_age_ms=11.688 count=20 errors=0 errno=0 seq=475 cmd=(0.000,-0.000,0.000)
[INFO] [1784986245.139748496] [cmd_vel_udp_sender]: TIMING_SENDER ros_gap_ms=49.923/52.299/54.689 callback_ms=0.056/0.071/0.087 sendto_ms=0.054/0.069/0.085 cmd_age_ms=13.268 count=20 errors=0 errno=0 seq=495 cmd=(0.000,-0.000,0.000)
[INFO] [1784986246.139799066] [cmd_vel_udp_sender]: TIMING_SENDER ros_gap_ms=49.793/51.068/51.627 callback_ms=0.055/0.076/0.083 sendto_ms=0.053/0.075/0.081 cmd_age_ms=17.457 count=20 errors=0 errno=0 seq=515 cmd=(0.000,-0.000,0.000)
[INFO] [1784986247.139834963] [cmd_vel_udp_sender]: TIMING_SENDER ros_gap_ms=50.004/51.886/54.046 callback_ms=0.058/0.076/0.078 sendto_ms=0.057/0.074/0.077 cmd_age_ms=17.405 count=20 errors=0 errno=0 seq=535 cmd=(0.000,-0.000,0.000)
[INFO] [1784986248.139852829] [cmd_vel_udp_sender]: TIMING_SENDER ros_gap_ms=50.059/52.888/55.815 callback_ms=0.054/0.065/0.065 sendto_ms=0.052/0.064/0.064 cmd_age_ms=16.243 count=20 errors=0 errno=0 seq=555 cmd=(0.000,-0.000,0.000)
[INFO] [1784986249.139901400] [cmd_vel_udp_sender]: TIMING_SENDER ros_gap_ms=49.992/51.081/51.262 callback_ms=0.058/0.068/0.073 sendto_ms=0.057/0.067/0.072 cmd_age_ms=16.455 count=20 errors=0 errno=0 seq=575 cmd=(0.500,-0.000,0.090)
[INFO] [1784986250.139928099] [cmd_vel_udp_sender]: TIMING_SENDER ros_gap_ms=49.987/54.171/55.044 callback_ms=0.051/0.065/0.074 sendto_ms=0.050/0.063/0.073 cmd_age_ms=16.747 count=20 errors=0 errno=0 seq=595 cmd=(0.500,-0.000,-0.010)
[INFO] [1784986251.139980736] [cmd_vel_udp_sender]: TIMING_SENDER ros_gap_ms=49.962/52.665/53.458 callback_ms=0.053/0.065/0.076 sendto_ms=0.051/0.063/0.075 cmd_age_ms=17.559 count=20 errors=0 errno=0 seq=615 cmd=(0.500,-0.000,-0.032)
[INFO] [1784986252.140011596] [cmd_vel_udp_sender]: TIMING_SENDER ros_gap_ms=50.009/54.723/55.675 callback_ms=0.053/0.077/0.085 sendto_ms=0.052/0.075/0.083 cmd_age_ms=17.413 count=20 errors=0 errno=0 seq=635 cmd=(0.500,-0.000,-0.047)
[INFO] [1784986253.140073130] [cmd_vel_udp_sender]: TIMING_SENDER ros_gap_ms=49.979/51.553/54.012 callback_ms=0.061/0.090/0.190 sendto_ms=0.059/0.088/0.188 cmd_age_ms=17.895 count=20 errors=0 errno=0 seq=655 cmd=(0.500,-0.000,-0.014)
[INFO] [1784986254.140103895] [cmd_vel_udp_sender]: TIMING_SENDER ros_gap_ms=50.083/54.671/55.682 callback_ms=0.058/0.064/0.192 sendto_ms=0.056/0.062/0.191 cmd_age_ms=16.259 count=20 errors=0 errno=0 seq=675 cmd=(0.500,-0.000,0.028)
[INFO] [1784986255.140451584] [cmd_vel_udp_sender]: TIMING_SENDER ros_gap_ms=49.962/52.131/54.389 callback_ms=0.054/0.073/0.078 sendto_ms=0.053/0.071/0.077 cmd_age_ms=17.362 count=20 errors=0 errno=0 seq=695 cmd=(0.500,-0.000,-0.010)
[INFO] [1784986256.140135361] [cmd_vel_udp_sender]: TIMING_SENDER ros_gap_ms=49.956/55.382/57.271 callback_ms=0.051/0.065/0.066 sendto_ms=0.049/0.064/0.065 cmd_age_ms=17.920 count=20 errors=0 errno=0 seq=715 cmd=(0.500,-0.000,-0.019)
[INFO] [1784986257.140193440] [cmd_vel_udp_sender]: TIMING_SENDER ros_gap_ms=50.155/56.730/58.316 callback_ms=0.048/0.060/0.063 sendto_ms=0.046/0.059/0.061 cmd_age_ms=14.876 count=20 errors=0 errno=0 seq=735 cmd=(0.500,-0.000,-0.024)
[INFO] [1784986258.140221966] [cmd_vel_udp_sender]: TIMING_SENDER ros_gap_ms=49.853/53.600/56.305 callback_ms=0.052/0.090/0.135 sendto_ms=0.051/0.088/0.134 cmd_age_ms=17.851 count=20 errors=0 errno=0 seq=755 cmd=(0.500,-0.000,-0.072)
[INFO] [1784986259.140288270] [cmd_vel_udp_sender]: TIMING_SENDER ros_gap_ms=50.087/54.603/56.250 callback_ms=0.050/0.064/0.067 sendto_ms=0.049/0.063/0.065 cmd_age_ms=16.168 count=20 errors=0 errno=0 seq=775 cmd=(0.500,-0.000,-0.067)
[INFO] [1784986260.140318844] [cmd_vel_udp_sender]: TIMING_SENDER ros_gap_ms=49.948/51.265/52.420 callback_ms=0.047/0.059/0.064 sendto_ms=0.046/0.057/0.063 cmd_age_ms=17.245 count=20 errors=0 errno=0 seq=795 cmd=(0.500,-0.000,-0.050)
[INFO] [1784986261.140459359] [cmd_vel_udp_sender]: TIMING_SENDER ros_gap_ms=49.965/54.955/55.596 callback_ms=0.053/0.075/0.091 sendto_ms=0.052/0.074/0.089 cmd_age_ms=18.076 count=20 errors=0 errno=0 seq=815 cmd=(0.500,-0.000,-0.038)
[INFO] [1784986262.140389930] [cmd_vel_udp_sender]: TIMING_SENDER ros_gap_ms=50.059/52.326/52.447 callback_ms=0.052/0.072/0.073 sendto_ms=0.051/0.070/0.072 cmd_age_ms=16.821 count=20 errors=0 errno=0 seq=835 cmd=(0.500,-0.000,-0.032)
[INFO] [1784986263.140436330] [cmd_vel_udp_sender]: TIMING_SENDER ros_gap_ms=49.947/55.629/55.731 callback_ms=0.054/0.065/0.065 sendto_ms=0.053/0.063/0.063 cmd_age_ms=17.922 count=20 errors=0 errno=0 seq=855 cmd=(0.500,-0.000,0.014)
[INFO] [1784986264.140458297] [cmd_vel_udp_sender]: TIMING_SENDER ros_gap_ms=49.976/52.249/55.508 callback_ms=0.058/0.073/0.101 sendto_ms=0.056/0.071/0.100 cmd_age_ms=18.426 count=20 errors=0 errno=0 seq=875 cmd=(0.500,-0.000,0.014)
[INFO] [1784986265.140756386] [cmd_vel_udp_sender]: TIMING_SENDER ros_gap_ms=50.007/52.500/60.762 callback_ms=0.056/0.073/0.132 sendto_ms=0.054/0.072/0.130 cmd_age_ms=18.593 count=20 errors=0 errno=0 seq=895 cmd=(0.500,-0.000,-0.005)
[INFO] [1784986266.140553609] [cmd_vel_udp_sender]: TIMING_SENDER ros_gap_ms=50.003/52.856/53.267 callback_ms=0.054/0.074/0.088 sendto_ms=0.052/0.072/0.087 cmd_age_ms=18.333 count=20 errors=0 errno=0 seq=915 cmd=(0.500,-0.000,-0.006)
[INFO] [1784986267.140595528] [cmd_vel_udp_sender]: TIMING_SENDER ros_gap_ms=49.992/51.896/55.264 callback_ms=0.053/0.069/0.077 sendto_ms=0.051/0.068/0.076 cmd_age_ms=18.529 count=20 errors=0 errno=0 seq=935 cmd=(0.500,-0.000,0.004)
[INFO] [1784986268.140623319] [cmd_vel_udp_sender]: TIMING_SENDER ros_gap_ms=50.059/54.007/55.096 callback_ms=0.051/0.065/0.073 sendto_ms=0.049/0.063/0.071 cmd_age_ms=17.372 count=20 errors=0 errno=0 seq=955 cmd=(0.500,-0.000,-0.014)
[INFO] [1784986269.140682423] [cmd_vel_udp_sender]: TIMING_SENDER ros_gap_ms=49.944/51.255/51.299 callback_ms=0.055/0.086/0.091 sendto_ms=0.053/0.085/0.089 cmd_age_ms=18.549 count=20 errors=0 errno=0 seq=975 cmd=(0.500,-0.000,-0.029)
[INFO] [1784986270.140706470] [cmd_vel_udp_sender]: TIMING_SENDER ros_gap_ms=50.114/51.891/52.966 callback_ms=0.068/0.091/0.237 sendto_ms=0.066/0.089/0.235 cmd_age_ms=16.287 count=20 errors=0 errno=0 seq=995 cmd=(0.500,-0.000,-0.015)
[INFO] [1784986271.140744677] [cmd_vel_udp_sender]: TIMING_SENDER ros_gap_ms=49.884/51.419/52.792 callback_ms=0.053/0.071/0.076 sendto_ms=0.051/0.070/0.074 cmd_age_ms=18.642 count=20 errors=0 errno=0 seq=1015 cmd=(0.500,-0.000,-0.042)
[INFO] [1784986272.140774131] [cmd_vel_udp_sender]: TIMING_SENDER ros_gap_ms=50.003/50.949/52.675 callback_ms=0.049/0.059/0.062 sendto_ms=0.048/0.057/0.060 cmd_age_ms=18.613 count=20 errors=0 errno=0 seq=1035 cmd=(0.500,-0.000,0.038)
[INFO] [1784986273.140812370] [cmd_vel_udp_sender]: TIMING_SENDER ros_gap_ms=49.999/52.642/53.310 callback_ms=0.060/0.123/0.173 sendto_ms=0.059/0.121/0.172 cmd_age_ms=18.680 count=20 errors=0 errno=0 seq=1055 cmd=(0.500,-0.000,0.027)
[INFO] [1784986274.140852705] [cmd_vel_udp_sender]: TIMING_SENDER ros_gap_ms=50.044/50.875/50.886 callback_ms=0.051/0.068/0.069 sendto_ms=0.050/0.067/0.068 cmd_age_ms=17.831 count=20 errors=0 errno=0 seq=1075 cmd=(0.500,-0.000,-0.019)
[INFO] [1784986275.140898719] [cmd_vel_udp_sender]: TIMING_SENDER ros_gap_ms=49.956/52.859/56.282 callback_ms=0.055/0.070/0.071 sendto_ms=0.053/0.069/0.070 cmd_age_ms=18.760 count=20 errors=0 errno=0 seq=1095 cmd=(0.500,-0.000,0.009)
[INFO] [1784986276.140922732] [cmd_vel_udp_sender]: TIMING_SENDER ros_gap_ms=50.002/50.763/50.944 callback_ms=0.053/0.065/0.066 sendto_ms=0.052/0.064/0.065 cmd_age_ms=18.748 count=20 errors=0 errno=0 seq=1115 cmd=(0.500,-0.000,0.021)
[INFO] [1784986277.140964618] [cmd_vel_udp_sender]: TIMING_SENDER ros_gap_ms=50.003/55.924/56.352 callback_ms=0.053/0.070/0.070 sendto_ms=0.051/0.068/0.068 cmd_age_ms=18.738 count=20 errors=0 errno=0 seq=1135 cmd=(0.500,-0.000,0.012)
[INFO] [1784986278.141011288] [cmd_vel_udp_sender]: TIMING_SENDER ros_gap_ms=50.003/51.419/51.485 callback_ms=0.052/0.069/0.069 sendto_ms=0.051/0.067/0.067 cmd_age_ms=18.729 count=20 errors=0 errno=0 seq=1155 cmd=(0.500,-0.000,-0.071)
[INFO] [1784986279.141053429] [cmd_vel_udp_sender]: TIMING_SENDER ros_gap_ms=50.262/55.387/59.863 callback_ms=0.052/0.069/0.074 sendto_ms=0.050/0.067/0.072 cmd_age_ms=13.537 count=20 errors=0 errno=0 seq=1175 cmd=(0.500,-0.000,0.005)
[INFO] [1784986280.141079521] [cmd_vel_udp_sender]: TIMING_SENDER ros_gap_ms=49.804/50.824/51.492 callback_ms=0.056/0.065/0.066 sendto_ms=0.054/0.063/0.065 cmd_age_ms=17.476 count=20 errors=0 errno=0 seq=1195 cmd=(0.500,-0.000,0.005)
[INFO] [1784986281.141095036] [cmd_vel_udp_sender]: TIMING_SENDER ros_gap_ms=49.937/51.237/51.436 callback_ms=0.055/0.069/0.074 sendto_ms=0.054/0.068/0.072 cmd_age_ms=18.742 count=20 errors=0 errno=0 seq=1215 cmd=(0.500,-0.000,-0.005)
[INFO] [1784986282.141153928] [cmd_vel_udp_sender]: TIMING_SENDER ros_gap_ms=50.013/56.303/58.635 callback_ms=0.051/0.065/0.066 sendto_ms=0.050/0.063/0.065 cmd_age_ms=18.532 count=20 errors=0 errno=0 seq=1235 cmd=(0.500,-0.000,0.010)
[INFO] [1784986283.141190723] [cmd_vel_udp_sender]: TIMING_SENDER ros_gap_ms=50.042/52.820/56.514 callback_ms=0.043/0.046/0.051 sendto_ms=0.041/0.045/0.050 cmd_age_ms=17.739 count=20 errors=0 errno=0 seq=1255 cmd=(0.500,-0.000,-0.005)
[INFO] [1784986284.143592520] [cmd_vel_udp_sender]: TIMING_SENDER ros_gap_ms=50.020/52.698/53.203 callback_ms=0.049/0.069/0.076 sendto_ms=0.047/0.067/0.076 cmd_age_ms=19.732 count=20 errors=0 errno=0 seq=1275 cmd=(0.500,-0.000,-0.016)
[INFO] [1784986285.141286888] [cmd_vel_udp_sender]: TIMING_SENDER ros_gap_ms=50.089/52.595/57.284 callback_ms=0.050/0.060/0.070 sendto_ms=0.048/0.059/0.068 cmd_age_ms=15.637 count=20 errors=0 errno=0 seq=1295 cmd=(0.500,-0.000,-0.020)
[INFO] [1784986286.141312465] [cmd_vel_udp_sender]: TIMING_SENDER ros_gap_ms=49.824/56.695/58.010 callback_ms=0.047/0.063/0.064 sendto_ms=0.045/0.062/0.063 cmd_age_ms=19.188 count=20 errors=0 errno=0 seq=1315 cmd=(0.500,-0.000,-0.035)
[INFO] [1784986287.141347529] [cmd_vel_udp_sender]: TIMING_SENDER ros_gap_ms=49.999/58.565/58.673 callback_ms=0.052/0.065/0.069 sendto_ms=0.051/0.064/0.068 cmd_age_ms=19.244 count=20 errors=0 errno=0 seq=1335 cmd=(0.500,-0.000,-0.043)
[INFO] [1784986288.141405202] [cmd_vel_udp_sender]: TIMING_SENDER ros_gap_ms=50.112/54.969/58.374 callback_ms=0.053/0.064/0.069 sendto_ms=0.051/0.062/0.068 cmd_age_ms=17.057 count=20 errors=0 errno=0 seq=1355 cmd=(0.500,-0.000,-0.035)
[INFO] [1784986289.141448297] [cmd_vel_udp_sender]: TIMING_SENDER ros_gap_ms=49.891/51.331/51.605 callback_ms=0.058/0.073/0.139 sendto_ms=0.056/0.071/0.137 cmd_age_ms=19.272 count=20 errors=0 errno=0 seq=1375 cmd=(0.500,-0.000,-0.025)
[INFO] [1784986290.141490896] [cmd_vel_udp_sender]: TIMING_SENDER ros_gap_ms=50.000/51.256/51.377 callback_ms=0.054/0.066/0.079 sendto_ms=0.053/0.065/0.078 cmd_age_ms=19.306 count=20 errors=0 errno=0 seq=1395 cmd=(0.500,-0.000,-0.017)
[INFO] [1784986291.141519814] [cmd_vel_udp_sender]: TIMING_SENDER ros_gap_ms=50.002/54.877/59.437 callback_ms=0.050/0.064/0.071 sendto_ms=0.048/0.062/0.069 cmd_age_ms=19.305 count=20 errors=0 errno=0 seq=1415 cmd=(0.500,-0.000,-0.007)
[INFO] [1784986292.141568107] [cmd_vel_udp_sender]: TIMING_SENDER ros_gap_ms=49.994/51.055/51.688 callback_ms=0.051/0.064/0.067 sendto_ms=0.049/0.063/0.065 cmd_age_ms=19.479 count=20 errors=0 errno=0 seq=1435 cmd=(0.500,-0.000,-0.033)
[INFO] [1784986293.141582526] [cmd_vel_udp_sender]: TIMING_SENDER ros_gap_ms=50.228/54.582/55.555 callback_ms=0.060/0.081/0.127 sendto_ms=0.058/0.079/0.126 cmd_age_ms=14.938 count=20 errors=0 errno=0 seq=1455 cmd=(0.500,-0.000,-0.031)
[INFO] [1784986294.141650595] [cmd_vel_udp_sender]: TIMING_SENDER ros_gap_ms=49.771/50.882/51.348 callback_ms=0.058/0.074/0.076 sendto_ms=0.056/0.072/0.074 cmd_age_ms=19.585 count=20 errors=0 errno=0 seq=1475 cmd=(0.500,-0.000,-0.059)
[INFO] [1784986295.141669525] [cmd_vel_udp_sender]: TIMING_SENDER ros_gap_ms=50.005/52.750/55.511 callback_ms=0.056/0.084/0.095 sendto_ms=0.054/0.082/0.093 cmd_age_ms=19.502 count=20 errors=0 errno=0 seq=1495 cmd=(0.500,-0.000,0.012)
[INFO] [1784986296.141729079] [cmd_vel_udp_sender]: TIMING_SENDER ros_gap_ms=50.070/51.393/51.874 callback_ms=0.053/0.068/0.073 sendto_ms=0.052/0.066/0.070 cmd_age_ms=18.171 count=20 errors=0 errno=0 seq=1515 cmd=(0.500,-0.000,-0.035)
[INFO] [1784986297.141753767] [cmd_vel_udp_sender]: TIMING_SENDER ros_gap_ms=50.146/52.184/54.170 callback_ms=0.052/0.064/0.069 sendto_ms=0.050/0.062/0.067 cmd_age_ms=15.286 count=20 errors=0 errno=0 seq=1535 cmd=(0.500,-0.000,-0.007)
[INFO] [1784986298.141805831] [cmd_vel_udp_sender]: TIMING_SENDER ros_gap_ms=49.786/53.700/54.151 callback_ms=0.051/0.070/0.074 sendto_ms=0.050/0.068/0.072 cmd_age_ms=19.626 count=20 errors=0 errno=0 seq=1555 cmd=(0.500,-0.000,-0.014)
[INFO] [1784986299.141825333] [cmd_vel_udp_sender]: TIMING_SENDER ros_gap_ms=49.996/51.445/52.071 callback_ms=0.058/0.066/0.068 sendto_ms=0.056/0.064/0.066 cmd_age_ms=19.734 count=20 errors=0 errno=0 seq=1575 cmd=(0.500,-0.000,0.006)
[INFO] [1784986300.141869715] [cmd_vel_udp_sender]: TIMING_SENDER ros_gap_ms=50.045/52.147/54.950 callback_ms=0.052/0.063/0.065 sendto_ms=0.051/0.061/0.064 cmd_age_ms=18.873 count=20 errors=0 errno=0 seq=1595 cmd=(0.500,-0.000,-0.035)
[INFO] [1784986301.141932001] [cmd_vel_udp_sender]: TIMING_SENDER ros_gap_ms=49.953/51.305/51.396 callback_ms=0.051/0.060/0.064 sendto_ms=0.049/0.059/0.062 cmd_age_ms=19.870 count=20 errors=0 errno=0 seq=1615 cmd=(0.500,-0.000,0.050)
[INFO] [1784986302.141965852] [cmd_vel_udp_sender]: TIMING_SENDER ros_gap_ms=50.050/55.042/57.329 callback_ms=0.054/0.077/0.127 sendto_ms=0.053/0.075/0.125 cmd_age_ms=18.906 count=20 errors=0 errno=0 seq=1635 cmd=(0.500,-0.000,-0.031)
[INFO] [1784986303.141994247] [cmd_vel_udp_sender]: TIMING_SENDER ros_gap_ms=49.957/52.293/53.311 callback_ms=0.052/0.071/0.071 sendto_ms=0.051/0.069/0.069 cmd_age_ms=19.786 count=20 errors=0 errno=0 seq=1655 cmd=(0.500,-0.000,0.026)
[INFO] [1784986304.142013183] [cmd_vel_udp_sender]: TIMING_SENDER ros_gap_ms=49.996/51.229/54.571 callback_ms=0.055/0.073/0.074 sendto_ms=0.053/0.070/0.072 cmd_age_ms=19.876 count=20 errors=0 errno=0 seq=1675 cmd=(0.500,-0.000,-0.022)
[INFO] [1784986305.142078921] [cmd_vel_udp_sender]: TIMING_SENDER ros_gap_ms=50.003/51.379/53.702 callback_ms=0.052/0.068/0.120 sendto_ms=0.049/0.067/0.082 cmd_age_ms=19.892 count=20 errors=0 errno=0 seq=1695 cmd=(0.500,-0.000,-0.008)
[INFO] [1784986306.142108543] [cmd_vel_udp_sender]: TIMING_SENDER ros_gap_ms=50.004/53.799/54.035 callback_ms=0.146/0.086/1.921 sendto_ms=0.144/0.085/1.920 cmd_age_ms=19.842 count=20 errors=0 errno=0 seq=1715 cmd=(0.500,-0.000,-0.003)
[INFO] [1784986307.142133573] [cmd_vel_udp_sender]: TIMING_SENDER ros_gap_ms=50.000/52.669/54.715 callback_ms=0.052/0.066/0.096 sendto_ms=0.051/0.064/0.094 cmd_age_ms=19.874 count=20 errors=0 errno=0 seq=1735 cmd=(0.500,-0.000,-0.054)
[INFO] [1784986308.142230619] [cmd_vel_udp_sender]: TIMING_SENDER ros_gap_ms=50.078/52.684/52.846 callback_ms=0.055/0.075/0.080 sendto_ms=0.054/0.073/0.079 cmd_age_ms=18.409 count=20 errors=0 errno=0 seq=1755 cmd=(0.500,-0.000,-0.031)
[INFO] [1784986309.142537353] [cmd_vel_udp_sender]: TIMING_SENDER ros_gap_ms=49.954/52.758/61.627 callback_ms=0.058/0.070/0.075 sendto_ms=0.056/0.068/0.073 cmd_age_ms=19.639 count=20 errors=0 errno=0 seq=1775 cmd=(0.500,-0.000,-0.045)
[INFO] [1784986310.142231982] [cmd_vel_udp_sender]: TIMING_SENDER ros_gap_ms=49.964/59.053/61.100 callback_ms=0.050/0.066/0.070 sendto_ms=0.049/0.064/0.069 cmd_age_ms=20.058 count=20 errors=0 errno=0 seq=1795 cmd=(0.500,-0.000,-0.067)
[INFO] [1784986311.142259374] [cmd_vel_udp_sender]: TIMING_SENDER ros_gap_ms=50.065/52.252/52.864 callback_ms=0.050/0.059/0.089 sendto_ms=0.048/0.058/0.087 cmd_age_ms=18.783 count=20 errors=0 errno=0 seq=1815 cmd=(0.500,-0.000,0.008)
[INFO] [1784986312.142345535] [cmd_vel_udp_sender]: TIMING_SENDER ros_gap_ms=49.966/52.141/52.597 callback_ms=0.058/0.059/0.271 sendto_ms=0.056/0.057/0.269 cmd_age_ms=19.539 count=20 errors=0 errno=0 seq=1835 cmd=(0.500,-0.000,0.052)
[INFO] [1784986313.142343547] [cmd_vel_udp_sender]: TIMING_SENDER ros_gap_ms=50.046/52.060/55.671 callback_ms=0.048/0.060/0.061 sendto_ms=0.046/0.058/0.059 cmd_age_ms=18.612 count=20 errors=0 errno=0 seq=1855 cmd=(0.500,-0.000,-0.026)
[INFO] [1784986314.142382280] [cmd_vel_udp_sender]: TIMING_SENDER ros_gap_ms=49.985/51.434/53.597 callback_ms=0.052/0.064/0.070 sendto_ms=0.050/0.063/0.068 cmd_age_ms=18.946 count=20 errors=0 errno=0 seq=1875 cmd=(0.500,-0.000,0.038)
[INFO] [1784986315.142434948] [cmd_vel_udp_sender]: TIMING_SENDER ros_gap_ms=49.941/53.613/55.061 callback_ms=0.053/0.071/0.073 sendto_ms=0.051/0.070/0.072 cmd_age_ms=20.185 count=20 errors=0 errno=0 seq=1895 cmd=(0.500,-0.000,-0.056)
[INFO] [1784986316.142430059] [cmd_vel_udp_sender]: TIMING_SENDER ros_gap_ms=49.999/51.109/57.083 callback_ms=0.049/0.062/0.068 sendto_ms=0.047/0.060/0.066 cmd_age_ms=20.207 count=20 errors=0 errno=0 seq=1915 cmd=(0.500,-0.000,0.025)
[INFO] [1784986317.142521446] [cmd_vel_udp_sender]: TIMING_SENDER ros_gap_ms=50.246/53.086/53.949 callback_ms=0.054/0.062/0.063 sendto_ms=0.053/0.061/0.061 cmd_age_ms=15.387 count=20 errors=0 errno=0 seq=1935 cmd=(0.500,-0.000,-0.012)
[INFO] [1784986318.142587533] [cmd_vel_udp_sender]: TIMING_SENDER ros_gap_ms=49.756/54.062/54.523 callback_ms=0.055/0.067/0.067 sendto_ms=0.053/0.065/0.065 cmd_age_ms=20.324 count=20 errors=0 errno=0 seq=1955 cmd=(0.500,-0.000,-0.006)
[INFO] [1784986319.142605697] [cmd_vel_udp_sender]: TIMING_SENDER ros_gap_ms=50.000/51.271/52.119 callback_ms=0.056/0.071/0.085 sendto_ms=0.055/0.070/0.083 cmd_age_ms=20.347 count=20 errors=0 errno=0 seq=1975 cmd=(0.500,-0.000,-0.046)
[INFO] [1784986320.142619460] [cmd_vel_udp_sender]: TIMING_SENDER ros_gap_ms=49.994/54.694/58.265 callback_ms=0.052/0.066/0.083 sendto_ms=0.051/0.065/0.082 cmd_age_ms=20.474 count=20 errors=0 errno=0 seq=1995 cmd=(0.500,-0.000,-0.040)
[INFO] [1784986321.142666838] [cmd_vel_udp_sender]: TIMING_SENDER ros_gap_ms=50.378/51.395/57.167 callback_ms=0.052/0.068/0.091 sendto_ms=0.051/0.066/0.089 cmd_age_ms=12.969 count=20 errors=0 errno=0 seq=2015 cmd=(0.500,-0.000,0.006)
[INFO] [1784986322.142729783] [cmd_vel_udp_sender]: TIMING_SENDER ros_gap_ms=49.662/51.569/53.730 callback_ms=0.050/0.065/0.066 sendto_ms=0.048/0.063/0.065 cmd_age_ms=19.801 count=20 errors=0 errno=0 seq=2035 cmd=(0.500,-0.000,-0.004)
[INFO] [1784986323.142759525] [cmd_vel_udp_sender]: TIMING_SENDER ros_gap_ms=50.115/51.651/52.562 callback_ms=0.061/0.082/0.176 sendto_ms=0.060/0.081/0.175 cmd_age_ms=17.535 count=20 errors=0 errno=0 seq=2055 cmd=(0.500,-0.000,-0.002)
[INFO] [1784986324.142791202] [cmd_vel_udp_sender]: TIMING_SENDER ros_gap_ms=49.846/55.843/55.949 callback_ms=0.052/0.069/0.082 sendto_ms=0.050/0.068/0.080 cmd_age_ms=20.651 count=20 errors=0 errno=0 seq=2075 cmd=(0.500,-0.000,-0.028)
[INFO] [1784986325.142861518] [cmd_vel_udp_sender]: TIMING_SENDER ros_gap_ms=49.993/50.864/51.637 callback_ms=0.053/0.065/0.081 sendto_ms=0.052/0.064/0.079 cmd_age_ms=20.867 count=20 errors=0 errno=0 seq=2095 cmd=(0.500,-0.000,-0.060)
[INFO] [1784986326.142885063] [cmd_vel_udp_sender]: TIMING_SENDER ros_gap_ms=50.086/54.039/57.473 callback_ms=0.055/0.069/0.085 sendto_ms=0.053/0.067/0.083 cmd_age_ms=19.166 count=20 errors=0 errno=0 seq=2115 cmd=(0.500,-0.000,0.038)
[INFO] [1784986327.142956528] [cmd_vel_udp_sender]: TIMING_SENDER ros_gap_ms=49.932/52.260/53.448 callback_ms=0.050/0.061/0.065 sendto_ms=0.048/0.060/0.063 cmd_age_ms=20.602 count=20 errors=0 errno=0 seq=2135 cmd=(0.500,-0.000,0.019)
[INFO] [1784986328.142957284] [cmd_vel_udp_sender]: TIMING_SENDER ros_gap_ms=49.984/54.428/56.267 callback_ms=0.055/0.065/0.071 sendto_ms=0.053/0.064/0.070 cmd_age_ms=20.923 count=20 errors=0 errno=0 seq=2155 cmd=(0.500,-0.000,-0.053)
[INFO] [1784986329.142985319] [cmd_vel_udp_sender]: TIMING_SENDER ros_gap_ms=50.013/50.224/50.224 callback_ms=0.055/0.061/0.061 sendto_ms=0.053/0.059/0.059 cmd_age_ms=20.694 count=20 errors=0 errno=0 seq=2175 cmd=(0.500,-0.000,-0.067)
[INFO] [1784986330.143010425] [cmd_vel_udp_sender]: TIMING_SENDER ros_gap_ms=50.247/53.998/55.113 callback_ms=0.058/0.073/0.086 sendto_ms=0.056/0.072/0.084 cmd_age_ms=15.776 count=20 errors=0 errno=0 seq=2195 cmd=(0.500,-0.000,0.051)
[INFO] [1784986331.143063289] [cmd_vel_udp_sender]: TIMING_SENDER ros_gap_ms=49.747/52.561/57.952 callback_ms=0.053/0.063/0.065 sendto_ms=0.052/0.062/0.064 cmd_age_ms=20.880 count=20 errors=0 errno=0 seq=2215 cmd=(0.500,-0.000,0.006)
[INFO] [1784986332.143101415] [cmd_vel_udp_sender]: TIMING_SENDER ros_gap_ms=50.048/51.014/51.820 callback_ms=0.053/0.073/0.074 sendto_ms=0.052/0.072/0.072 cmd_age_ms=19.956 count=20 errors=0 errno=0 seq=2235 cmd=(0.500,-0.000,0.031)
[INFO] [1784986333.143139492] [cmd_vel_udp_sender]: TIMING_SENDER ros_gap_ms=49.949/52.045/54.648 callback_ms=0.050/0.066/0.072 sendto_ms=0.048/0.065/0.070 cmd_age_ms=21.011 count=20 errors=0 errno=0 seq=2255 cmd=(0.500,-0.000,-0.023)
[INFO] [1784986334.143174158] [cmd_vel_udp_sender]: TIMING_SENDER ros_gap_ms=50.003/51.772/60.332 callback_ms=0.055/0.070/0.070 sendto_ms=0.053/0.068/0.069 cmd_age_ms=20.986 count=20 errors=0 errno=0 seq=2275 cmd=(0.500,-0.000,0.000)
[INFO] [1784986335.143235655] [cmd_vel_udp_sender]: TIMING_SENDER ros_gap_ms=50.028/56.042/56.278 callback_ms=0.057/0.071/0.113 sendto_ms=0.055/0.070/0.111 cmd_age_ms=20.493 count=20 errors=0 errno=0 seq=2295 cmd=(0.500,-0.000,-0.022)
[INFO] [1784986336.143279085] [cmd_vel_udp_sender]: TIMING_SENDER ros_gap_ms=50.062/55.373/55.936 callback_ms=0.048/0.063/0.064 sendto_ms=0.046/0.061/0.063 cmd_age_ms=19.306 count=20 errors=0 errno=0 seq=2315 cmd=(0.500,-0.000,-0.009)
[INFO] [1784986337.143285312] [cmd_vel_udp_sender]: TIMING_SENDER ros_gap_ms=50.005/57.357/62.804 callback_ms=0.043/0.049/0.049 sendto_ms=0.041/0.047/0.047 cmd_age_ms=19.217 count=20 errors=0 errno=0 seq=2335 cmd=(0.500,-0.000,-0.015)
[INFO] [1784986338.143617678] [cmd_vel_udp_sender]: TIMING_SENDER ros_gap_ms=49.927/55.622/67.446 callback_ms=0.053/0.063/0.135 sendto_ms=0.052/0.061/0.133 cmd_age_ms=21.015 count=20 errors=0 errno=0 seq=2355 cmd=(0.500,-0.000,-0.024)
[INFO] [1784986339.143362322] [cmd_vel_udp_sender]: TIMING_SENDER ros_gap_ms=50.079/60.453/60.957 callback_ms=0.080/0.065/0.546 sendto_ms=0.079/0.064/0.544 cmd_age_ms=19.174 count=20 errors=0 errno=0 seq=2375 cmd=(0.500,-0.000,0.001)
[INFO] [1784986340.143387247] [cmd_vel_udp_sender]: TIMING_SENDER ros_gap_ms=49.954/55.315/55.466 callback_ms=0.049/0.058/0.064 sendto_ms=0.047/0.057/0.063 cmd_age_ms=20.123 count=20 errors=0 errno=0 seq=2395 cmd=(0.500,-0.000,0.063)
[INFO] [1784986341.143442460] [cmd_vel_udp_sender]: TIMING_SENDER ros_gap_ms=49.939/54.697/59.880 callback_ms=0.046/0.059/0.070 sendto_ms=0.044/0.057/0.070 cmd_age_ms=21.398 count=20 errors=0 errno=0 seq=2415 cmd=(0.500,-0.000,0.001)
[INFO] [1784986342.143500502] [cmd_vel_udp_sender]: TIMING_SENDER ros_gap_ms=50.002/51.081/51.863 callback_ms=0.053/0.058/0.112 sendto_ms=0.052/0.056/0.111 cmd_age_ms=21.427 count=20 errors=0 errno=0 seq=2435 cmd=(0.500,-0.000,-0.034)
[INFO] [1784986343.143535101] [cmd_vel_udp_sender]: TIMING_SENDER ros_gap_ms=50.000/52.237/54.420 callback_ms=0.052/0.061/0.062 sendto_ms=0.050/0.060/0.061 cmd_age_ms=21.461 count=20 errors=0 errno=0 seq=2455 cmd=(0.500,-0.000,-0.033)
[INFO] [1784986344.143578834] [cmd_vel_udp_sender]: TIMING_SENDER ros_gap_ms=50.056/51.004/51.537 callback_ms=0.050/0.062/0.071 sendto_ms=0.049/0.060/0.069 cmd_age_ms=20.393 count=20 errors=0 errno=0 seq=2475 cmd=(0.500,-0.000,-0.109)
[INFO] [1784986345.143615413] [cmd_vel_udp_sender]: TIMING_SENDER ros_gap_ms=49.945/52.741/58.862 callback_ms=0.058/0.078/0.079 sendto_ms=0.057/0.076/0.078 cmd_age_ms=21.524 count=20 errors=0 errno=0 seq=2495 cmd=(0.500,-0.000,-0.070)
[INFO] [1784986346.143667270] [cmd_vel_udp_sender]: TIMING_SENDER ros_gap_ms=50.007/51.010/54.826 callback_ms=0.055/0.069/0.078 sendto_ms=0.053/0.067/0.075 cmd_age_ms=21.427 count=20 errors=0 errno=0 seq=2515 cmd=(0.500,-0.000,0.072)
[INFO] [1784986347.143687139] [cmd_vel_udp_sender]: TIMING_SENDER ros_gap_ms=49.993/52.811/53.173 callback_ms=0.056/0.070/0.077 sendto_ms=0.055/0.068/0.075 cmd_age_ms=21.579 count=20 errors=0 errno=0 seq=2535 cmd=(0.500,-0.000,0.014)
[INFO] [1784986348.143762576] [cmd_vel_udp_sender]: TIMING_SENDER ros_gap_ms=50.123/54.194/57.711 callback_ms=0.058/0.070/0.085 sendto_ms=0.057/0.068/0.083 cmd_age_ms=19.200 count=20 errors=0 errno=0 seq=2555 cmd=(0.500,-0.000,-0.078)
[INFO] [1784986349.143774088] [cmd_vel_udp_sender]: TIMING_SENDER ros_gap_ms=49.931/51.093/51.182 callback_ms=0.057/0.074/0.098 sendto_ms=0.055/0.072/0.096 cmd_age_ms=20.582 count=20 errors=0 errno=0 seq=2575 cmd=(0.500,-0.000,-0.012)
[INFO] [1784986350.143795983] [cmd_vel_udp_sender]: TIMING_SENDER ros_gap_ms=49.958/55.879/57.642 callback_ms=0.055/0.068/0.074 sendto_ms=0.054/0.067/0.073 cmd_age_ms=21.453 count=20 errors=0 errno=0 seq=2595 cmd=(0.500,-0.000,0.039)
[INFO] [1784986351.143837091] [cmd_vel_udp_sender]: TIMING_SENDER ros_gap_ms=50.043/50.962/50.968 callback_ms=0.052/0.063/0.079 sendto_ms=0.050/0.061/0.077 cmd_age_ms=20.626 count=20 errors=0 errno=0 seq=2615 cmd=(0.500,-0.000,0.029)
[INFO] [1784986352.143905734] [cmd_vel_udp_sender]: TIMING_SENDER ros_gap_ms=49.947/51.239/51.403 callback_ms=0.055/0.067/0.079 sendto_ms=0.053/0.066/0.078 cmd_age_ms=21.755 count=20 errors=0 errno=0 seq=2635 cmd=(0.500,-0.000,-0.054)
[INFO] [1784986353.143935030] [cmd_vel_udp_sender]: TIMING_SENDER ros_gap_ms=50.015/51.305/53.662 callback_ms=0.052/0.067/0.074 sendto_ms=0.051/0.066/0.072 cmd_age_ms=21.495 count=20 errors=0 errno=0 seq=2655 cmd=(0.500,-0.000,0.053)
[INFO] [1784986354.143976691] [cmd_vel_udp_sender]: TIMING_SENDER ros_gap_ms=49.983/51.449/52.513 callback_ms=0.053/0.069/0.069 sendto_ms=0.052/0.067/0.067 cmd_age_ms=21.880 count=20 errors=0 errno=0 seq=2675 cmd=(0.500,-0.000,0.016)
[INFO] [1784986355.144013373] [cmd_vel_udp_sender]: TIMING_SENDER ros_gap_ms=50.090/51.343/51.804 callback_ms=0.056/0.072/0.073 sendto_ms=0.054/0.071/0.072 cmd_age_ms=20.124 count=20 errors=0 errno=0 seq=2695 cmd=(0.500,-0.000,-0.029)
[INFO] [1784986356.144038324] [cmd_vel_udp_sender]: TIMING_SENDER ros_gap_ms=49.917/53.015/57.239 callback_ms=0.054/0.064/0.068 sendto_ms=0.053/0.062/0.067 cmd_age_ms=21.811 count=20 errors=0 errno=0 seq=2715 cmd=(0.500,-0.000,-0.068)
[INFO] [1784986357.144141532] [cmd_vel_udp_sender]: TIMING_SENDER ros_gap_ms=49.985/51.212/51.353 callback_ms=0.061/0.106/0.173 sendto_ms=0.060/0.105/0.171 cmd_age_ms=22.216 count=20 errors=0 errno=0 seq=2735 cmd=(0.500,-0.000,0.028)
[INFO] [1784986358.144130413] [cmd_vel_udp_sender]: TIMING_SENDER ros_gap_ms=50.014/55.262/55.972 callback_ms=0.054/0.065/0.091 sendto_ms=0.053/0.064/0.090 cmd_age_ms=21.936 count=20 errors=0 errno=0 seq=2755 cmd=(0.500,-0.000,-0.009)
[INFO] [1784986359.144173933] [cmd_vel_udp_sender]: TIMING_SENDER ros_gap_ms=49.997/50.220/50.938 callback_ms=0.053/0.066/0.074 sendto_ms=0.051/0.064/0.073 cmd_age_ms=22.040 count=20 errors=0 errno=0 seq=2775 cmd=(0.500,-0.000,0.029)
[INFO] [1784986360.144193882] [cmd_vel_udp_sender]: TIMING_SENDER ros_gap_ms=50.009/53.378/55.342 callback_ms=0.056/0.064/0.066 sendto_ms=0.054/0.063/0.064 cmd_age_ms=21.871 count=20 errors=0 errno=0 seq=2795 cmd=(0.500,-0.000,0.048)
[INFO] [1784986361.144239765] [cmd_vel_udp_sender]: TIMING_SENDER ros_gap_ms=50.032/51.052/52.271 callback_ms=0.054/0.066/0.083 sendto_ms=0.053/0.065/0.082 cmd_age_ms=21.269 count=20 errors=0 errno=0 seq=2815 cmd=(0.500,-0.000,-0.047)
[INFO] [1784986362.144291037] [cmd_vel_udp_sender]: TIMING_SENDER ros_gap_ms=50.220/53.910/55.243 callback_ms=0.060/0.086/0.088 sendto_ms=0.058/0.084/0.086 cmd_age_ms=16.911 count=20 errors=0 errno=0 seq=2835 cmd=(0.500,-0.000,-0.064)
[INFO] [1784986363.144408661] [cmd_vel_udp_sender]: TIMING_SENDER ros_gap_ms=49.784/51.006/51.432 callback_ms=0.052/0.063/0.081 sendto_ms=0.050/0.061/0.080 cmd_age_ms=21.344 count=20 errors=0 errno=0 seq=2855 cmd=(0.500,-0.000,-0.010)
[INFO] [1784986364.144345460] [cmd_vel_udp_sender]: TIMING_SENDER ros_gap_ms=49.955/52.563/54.444 callback_ms=0.046/0.052/0.064 sendto_ms=0.044/0.050/0.062 cmd_age_ms=22.173 count=20 errors=0 errno=0 seq=2875 cmd=(0.500,-0.000,0.093)
[INFO] [1784986365.144389508] [cmd_vel_udp_sender]: TIMING_SENDER ros_gap_ms=50.031/52.043/52.056 callback_ms=0.050/0.059/0.063 sendto_ms=0.049/0.057/0.062 cmd_age_ms=21.589 count=20 errors=0 errno=0 seq=2895 cmd=(0.500,-0.000,-0.020)
[INFO] [1784986366.144437473] [cmd_vel_udp_sender]: TIMING_SENDER ros_gap_ms=50.002/54.881/65.664 callback_ms=0.046/0.064/0.069 sendto_ms=0.044/0.063/0.067 cmd_age_ms=21.603 count=20 errors=0 errno=0 seq=2915 cmd=(0.500,-0.000,-0.174)
[INFO] [1784986367.144482987] [cmd_vel_udp_sender]: TIMING_SENDER ros_gap_ms=49.963/52.927/53.912 callback_ms=0.043/0.049/0.051 sendto_ms=0.041/0.048/0.049 cmd_age_ms=22.389 count=20 errors=0 errno=0 seq=2935 cmd=(0.500,-0.000,-0.166)
[INFO] [1784986368.144510721] [cmd_vel_udp_sender]: TIMING_SENDER ros_gap_ms=50.003/54.529/82.472 callback_ms=0.055/0.055/0.215 sendto_ms=0.053/0.053/0.214 cmd_age_ms=22.362 count=20 errors=0 errno=0 seq=2955 cmd=(0.500,-0.000,-0.098)
[INFO] [1784986369.144554278] [cmd_vel_udp_sender]: TIMING_SENDER ros_gap_ms=50.136/54.727/54.801 callback_ms=0.053/0.060/0.083 sendto_ms=0.051/0.059/0.081 cmd_age_ms=19.690 count=20 errors=0 errno=0 seq=2975 cmd=(0.500,-0.000,-0.050)
[INFO] [1784986370.144605719] [cmd_vel_udp_sender]: TIMING_SENDER ros_gap_ms=49.857/54.409/61.475 callback_ms=0.042/0.051/0.062 sendto_ms=0.041/0.049/0.061 cmd_age_ms=22.594 count=20 errors=0 errno=0 seq=2995 cmd=(0.500,-0.000,-0.010)
[INFO] [1784986371.144665782] [cmd_vel_udp_sender]: TIMING_SENDER ros_gap_ms=50.012/55.155/55.697 callback_ms=0.051/0.059/0.064 sendto_ms=0.050/0.058/0.062 cmd_age_ms=22.411 count=20 errors=0 errno=0 seq=3015 cmd=(0.500,-0.000,-0.041)
[INFO] [1784986372.144702178] [cmd_vel_udp_sender]: TIMING_SENDER ros_gap_ms=50.002/51.854/51.855 callback_ms=0.057/0.073/0.076 sendto_ms=0.055/0.072/0.075 cmd_age_ms=22.401 count=20 errors=0 errno=0 seq=3035 cmd=(0.500,-0.000,-0.122)
[INFO] [1784986373.144781627] [cmd_vel_udp_sender]: TIMING_SENDER ros_gap_ms=49.993/54.701/55.176 callback_ms=0.054/0.069/0.078 sendto_ms=0.053/0.067/0.076 cmd_age_ms=22.615 count=20 errors=0 errno=0 seq=3055 cmd=(0.500,-0.000,-0.086)
[INFO] [1784986374.144769535] [cmd_vel_udp_sender]: TIMING_SENDER ros_gap_ms=50.019/52.209/52.439 callback_ms=0.053/0.069/0.070 sendto_ms=0.052/0.068/0.069 cmd_age_ms=22.220 count=20 errors=0 errno=0 seq=3075 cmd=(0.500,-0.000,-0.046)
[INFO] [1784986375.144794448] [cmd_vel_udp_sender]: TIMING_SENDER ros_gap_ms=49.977/52.473/62.106 callback_ms=0.052/0.074/0.078 sendto_ms=0.049/0.066/0.076 cmd_age_ms=22.694 count=20 errors=0 errno=0 seq=3095 cmd=(0.500,-0.000,-0.059)
[INFO] [1784986376.144874001] [cmd_vel_udp_sender]: TIMING_SENDER ros_gap_ms=50.049/52.065/52.376 callback_ms=0.061/0.084/0.174 sendto_ms=0.060/0.083/0.172 cmd_age_ms=21.791 count=20 errors=0 errno=0 seq=3115 cmd=(0.500,-0.000,-0.054)
[INFO] [1784986377.144926365] [cmd_vel_udp_sender]: TIMING_SENDER ros_gap_ms=49.959/51.046/51.679 callback_ms=0.055/0.067/0.084 sendto_ms=0.054/0.065/0.082 cmd_age_ms=22.672 count=20 errors=0 errno=0 seq=3135 cmd=(0.500,-0.000,-0.107)
[INFO] [1784986378.145533901] [cmd_vel_udp_sender]: TIMING_SENDER ros_gap_ms=50.045/52.823/63.036 callback_ms=0.049/0.061/0.063 sendto_ms=0.048/0.059/0.062 cmd_age_ms=22.384 count=20 errors=0 errno=0 seq=3155 cmd=(0.500,-0.000,-0.090)
[INFO] [1784986379.145030301] [cmd_vel_udp_sender]: TIMING_SENDER ros_gap_ms=49.948/50.720/53.444 callback_ms=0.053/0.065/0.073 sendto_ms=0.052/0.063/0.072 cmd_age_ms=22.924 count=20 errors=0 errno=0 seq=3175 cmd=(0.500,-0.000,-0.099)
[INFO] [1784986380.145002092] [cmd_vel_udp_sender]: TIMING_SENDER ros_gap_ms=50.003/53.565/55.060 callback_ms=0.052/0.061/0.063 sendto_ms=0.050/0.060/0.062 cmd_age_ms=22.842 count=20 errors=0 errno=0 seq=3195 cmd=(0.500,-0.000,-0.058)
[INFO] [1784986381.145028907] [cmd_vel_udp_sender]: TIMING_SENDER ros_gap_ms=50.001/52.017/52.615 callback_ms=0.056/0.073/0.106 sendto_ms=0.054/0.071/0.105 cmd_age_ms=22.844 count=20 errors=0 errno=0 seq=3215 cmd=(0.500,-0.000,-0.027)
[INFO] [1784986382.145080696] [cmd_vel_udp_sender]: TIMING_SENDER ros_gap_ms=50.109/51.529/52.112 callback_ms=0.055/0.070/0.087 sendto_ms=0.053/0.069/0.085 cmd_age_ms=20.715 count=20 errors=0 errno=0 seq=3235 cmd=(0.500,-0.000,-0.007)
[INFO] [1784986383.145120528] [cmd_vel_udp_sender]: TIMING_SENDER ros_gap_ms=49.891/54.000/55.153 callback_ms=0.053/0.073/0.075 sendto_ms=0.051/0.072/0.074 cmd_age_ms=22.937 count=20 errors=0 errno=0 seq=3255 cmd=(0.500,-0.000,0.015)
[INFO] [1784986384.145157974] [cmd_vel_udp_sender]: TIMING_SENDER ros_gap_ms=50.035/52.451/59.925 callback_ms=0.053/0.063/0.065 sendto_ms=0.051/0.061/0.064 cmd_age_ms=22.269 count=20 errors=0 errno=0 seq=3275 cmd=(0.500,-0.000,0.027)
[INFO] [1784986385.145227625] [cmd_vel_udp_sender]: TIMING_SENDER ros_gap_ms=50.060/56.383/58.805 callback_ms=0.058/0.075/0.092 sendto_ms=0.056/0.073/0.090 cmd_age_ms=21.141 count=20 errors=0 errno=0 seq=3295 cmd=(0.500,-0.000,-0.011)
[INFO] [1784986386.145229382] [cmd_vel_udp_sender]: TIMING_SENDER ros_gap_ms=50.136/51.701/53.636 callback_ms=0.054/0.064/0.065 sendto_ms=0.052/0.062/0.064 cmd_age_ms=18.432 count=20 errors=0 errno=0 seq=3315 cmd=(0.500,-0.000,-0.059)
[INFO] [1784986387.145269362] [cmd_vel_udp_sender]: TIMING_SENDER ros_gap_ms=49.840/52.627/58.892 callback_ms=0.057/0.072/0.078 sendto_ms=0.055/0.071/0.076 cmd_age_ms=21.663 count=20 errors=0 errno=0 seq=3335 cmd=(0.500,-0.000,-0.112)
[INFO] [1784986388.145324331] [cmd_vel_udp_sender]: TIMING_SENDER ros_gap_ms=49.930/51.167/52.068 callback_ms=0.053/0.063/0.072 sendto_ms=0.051/0.062/0.070 cmd_age_ms=23.111 count=20 errors=0 errno=0 seq=3355 cmd=(0.500,-0.000,-0.137)
[INFO] [1784986389.145367343] [cmd_vel_udp_sender]: TIMING_SENDER ros_gap_ms=50.007/51.787/52.548 callback_ms=0.053/0.065/0.150 sendto_ms=0.052/0.064/0.149 cmd_age_ms=23.013 count=20 errors=0 errno=0 seq=3375 cmd=(0.500,-0.000,-0.215)
[INFO] [1784986390.145381792] [cmd_vel_udp_sender]: TIMING_SENDER ros_gap_ms=50.387/54.948/57.986 callback_ms=0.055/0.073/0.089 sendto_ms=0.054/0.071/0.088 cmd_age_ms=15.292 count=20 errors=0 errno=0 seq=3395 cmd=(0.500,-0.000,-0.159)
[INFO] [1784986391.145436510] [cmd_vel_udp_sender]: TIMING_SENDER ros_gap_ms=49.597/53.906/64.012 callback_ms=0.052/0.065/0.067 sendto_ms=0.050/0.064/0.065 cmd_age_ms=23.408 count=20 errors=0 errno=0 seq=3415 cmd=(0.500,-0.000,-0.128)
[INFO] [1784986392.145470024] [cmd_vel_udp_sender]: TIMING_SENDER ros_gap_ms=50.028/54.939/59.246 callback_ms=0.051/0.072/0.080 sendto_ms=0.049/0.070/0.078 cmd_age_ms=22.876 count=20 errors=0 errno=0 seq=3435 cmd=(0.500,-0.000,-0.058)
[INFO] [1784986393.145503519] [cmd_vel_udp_sender]: TIMING_SENDER ros_gap_ms=50.098/54.032/59.568 callback_ms=0.043/0.050/0.082 sendto_ms=0.041/0.049/0.081 cmd_age_ms=20.956 count=20 errors=0 errno=0 seq=3455 cmd=(0.500,-0.000,-0.093)
[INFO] [1784986394.145523233] [cmd_vel_udp_sender]: TIMING_SENDER ros_gap_ms=50.513/61.022/61.320 callback_ms=0.048/0.069/0.094 sendto_ms=0.047/0.067/0.092 cmd_age_ms=10.712 count=20 errors=0 errno=0 seq=3475 cmd=(0.500,-0.000,-0.042)
[INFO] [1784986395.145543856] [cmd_vel_udp_sender]: TIMING_SENDER ros_gap_ms=49.389/52.855/54.821 callback_ms=0.050/0.060/0.061 sendto_ms=0.049/0.059/0.059 cmd_age_ms=22.956 count=20 errors=0 errno=0 seq=3495 cmd=(0.500,-0.000,-0.021)
[INFO] [1784986396.145714769] [cmd_vel_udp_sender]: TIMING_SENDER ros_gap_ms=50.095/55.113/56.872 callback_ms=0.051/0.065/0.066 sendto_ms=0.050/0.064/0.064 cmd_age_ms=21.217 count=20 errors=0 errno=0 seq=3515 cmd=(0.500,-0.000,0.042)
[INFO] [1784986397.145656726] [cmd_vel_udp_sender]: TIMING_SENDER ros_gap_ms=49.929/55.255/55.482 callback_ms=0.048/0.059/0.063 sendto_ms=0.046/0.057/0.062 cmd_age_ms=22.571 count=20 errors=0 errno=0 seq=3535 cmd=(0.500,-0.000,-0.058)
[INFO] [1784986398.145675914] [cmd_vel_udp_sender]: TIMING_SENDER ros_gap_ms=50.011/52.307/55.033 callback_ms=0.048/0.060/0.064 sendto_ms=0.047/0.058/0.062 cmd_age_ms=22.374 count=20 errors=0 errno=0 seq=3555 cmd=(0.500,-0.000,-0.043)
[INFO] [1784986399.145756045] [cmd_vel_udp_sender]: TIMING_SENDER ros_gap_ms=49.939/52.236/55.187 callback_ms=0.045/0.062/0.064 sendto_ms=0.043/0.060/0.063 cmd_age_ms=23.668 count=20 errors=0 errno=0 seq=3575 cmd=(0.500,-0.000,-0.016)
[INFO] [1784986400.148654349] [cmd_vel_udp_sender]: TIMING_SENDER ros_gap_ms=50.002/55.423/57.114 callback_ms=0.047/0.062/0.067 sendto_ms=0.046/0.060/0.066 cmd_age_ms=26.535 count=20 errors=0 errno=0 seq=3595 cmd=(0.500,-0.000,0.059)
[INFO] [1784986401.145841621] [cmd_vel_udp_sender]: TIMING_SENDER ros_gap_ms=50.002/51.401/51.496 callback_ms=0.050/0.068/0.075 sendto_ms=0.049/0.066/0.073 cmd_age_ms=23.691 count=20 errors=0 errno=0 seq=3615 cmd=(0.500,-0.000,0.014)
[INFO] [1784986402.145871291] [cmd_vel_udp_sender]: TIMING_SENDER ros_gap_ms=49.999/54.441/55.393 callback_ms=0.052/0.068/0.071 sendto_ms=0.051/0.066/0.070 cmd_age_ms=23.743 count=20 errors=0 errno=0 seq=3635 cmd=(0.500,-0.000,-0.021)
[INFO] [1784986403.145954223] [cmd_vel_udp_sender]: TIMING_SENDER ros_gap_ms=50.044/51.310/51.323 callback_ms=0.052/0.066/0.070 sendto_ms=0.050/0.065/0.069 cmd_age_ms=22.950 count=20 errors=0 errno=0 seq=3655 cmd=(0.500,-0.000,-0.115)
[INFO] [1784986404.145965516] [cmd_vel_udp_sender]: TIMING_SENDER ros_gap_ms=49.964/55.078/56.349 callback_ms=0.051/0.069/0.074 sendto_ms=0.050/0.068/0.072 cmd_age_ms=23.676 count=20 errors=0 errno=0 seq=3675 cmd=(0.500,-0.000,-0.078)
[INFO] [1784986405.145969558] [cmd_vel_udp_sender]: TIMING_SENDER ros_gap_ms=49.990/51.493/51.621 callback_ms=0.057/0.080/0.098 sendto_ms=0.055/0.078/0.097 cmd_age_ms=23.889 count=20 errors=0 errno=0 seq=3695 cmd=(0.500,-0.000,-0.019)
[INFO] [1784986406.146045294] [cmd_vel_udp_sender]: TIMING_SENDER ros_gap_ms=50.010/52.252/52.310 callback_ms=0.053/0.063/0.080 sendto_ms=0.052/0.062/0.078 cmd_age_ms=23.769 count=20 errors=0 errno=0 seq=3715 cmd=(0.500,-0.000,0.034)
[INFO] [1784986407.146054896] [cmd_vel_udp_sender]: TIMING_SENDER ros_gap_ms=50.039/51.661/54.366 callback_ms=0.066/0.091/0.195 sendto_ms=0.064/0.090/0.193 cmd_age_ms=23.006 count=20 errors=0 errno=0 seq=3735 cmd=(0.500,-0.000,0.040)
[INFO] [1784986408.146186691] [cmd_vel_udp_sender]: TIMING_SENDER ros_gap_ms=50.197/54.864/61.107 callback_ms=0.056/0.069/0.097 sendto_ms=0.054/0.067/0.096 cmd_age_ms=19.202 count=20 errors=0 errno=0 seq=3755 cmd=(0.500,-0.000,-0.012)
[INFO] [1784986409.146152027] [cmd_vel_udp_sender]: TIMING_SENDER ros_gap_ms=49.756/53.098/55.324 callback_ms=0.076/0.070/0.542 sendto_ms=0.075/0.069/0.540 cmd_age_ms=24.047 count=20 errors=0 errno=0 seq=3775 cmd=(0.500,-0.000,-0.014)
[INFO] [1784986410.146198883] [cmd_vel_udp_sender]: TIMING_SENDER ros_gap_ms=50.054/54.105/55.823 callback_ms=0.053/0.063/0.081 sendto_ms=0.052/0.062/0.079 cmd_age_ms=23.015 count=20 errors=0 errno=0 seq=3795 cmd=(0.500,-0.000,-0.016)
[INFO] [1784986411.146224918] [cmd_vel_udp_sender]: TIMING_SENDER ros_gap_ms=49.953/52.698/57.757 callback_ms=0.056/0.071/0.089 sendto_ms=0.055/0.069/0.088 cmd_age_ms=23.989 count=20 errors=0 errno=0 seq=3815 cmd=(0.500,-0.000,0.009)
[INFO] [1784986412.146268502] [cmd_vel_udp_sender]: TIMING_SENDER ros_gap_ms=49.998/52.556/52.719 callback_ms=0.059/0.073/0.079 sendto_ms=0.057/0.071/0.078 cmd_age_ms=24.069 count=20 errors=0 errno=0 seq=3835 cmd=(0.500,-0.000,-0.003)
[INFO] [1784986413.149977013] [cmd_vel_udp_sender]: TIMING_SENDER ros_gap_ms=50.130/52.124/52.517 callback_ms=0.051/0.063/0.065 sendto_ms=0.050/0.062/0.063 cmd_age_ms=25.184 count=20 errors=0 errno=0 seq=3855 cmd=(0.500,-0.000,-0.001)
[INFO] [1784986414.146350809] [cmd_vel_udp_sender]: TIMING_SENDER ros_gap_ms=49.881/51.456/51.891 callback_ms=0.053/0.068/0.069 sendto_ms=0.051/0.067/0.067 cmd_age_ms=23.946 count=20 errors=0 errno=0 seq=3875 cmd=(0.500,-0.000,-0.049)
[INFO] [1784986415.146409150] [cmd_vel_udp_sender]: TIMING_SENDER ros_gap_ms=50.033/50.976/55.937 callback_ms=0.058/0.070/0.085 sendto_ms=0.057/0.069/0.083 cmd_age_ms=23.354 count=20 errors=0 errno=0 seq=3895 cmd=(0.500,-0.000,-0.006)
[INFO] [1784986416.146417644] [cmd_vel_udp_sender]: TIMING_SENDER ros_gap_ms=49.969/51.402/54.010 callback_ms=0.052/0.066/0.074 sendto_ms=0.051/0.065/0.073 cmd_age_ms=23.975 count=20 errors=0 errno=0 seq=3915 cmd=(0.500,-0.000,0.015)
[INFO] [1784986417.146472264] [cmd_vel_udp_sender]: TIMING_SENDER ros_gap_ms=50.067/51.533/53.398 callback_ms=0.053/0.062/0.077 sendto_ms=0.051/0.060/0.075 cmd_age_ms=22.688 count=20 errors=0 errno=0 seq=3935 cmd=(0.500,-0.000,0.028)
[INFO] [1784986418.146520880] [cmd_vel_udp_sender]: TIMING_SENDER ros_gap_ms=49.919/55.429/56.519 callback_ms=0.056/0.074/0.096 sendto_ms=0.055/0.073/0.095 cmd_age_ms=24.348 count=20 errors=0 errno=0 seq=3955 cmd=(0.500,-0.000,-0.038)
[INFO] [1784986419.146557091] [cmd_vel_udp_sender]: TIMING_SENDER ros_gap_ms=50.000/52.187/52.471 callback_ms=0.056/0.067/0.102 sendto_ms=0.055/0.066/0.101 cmd_age_ms=24.381 count=20 errors=0 errno=0 seq=3975 cmd=(0.500,-0.000,0.001)
[INFO] [1784986420.146611618] [cmd_vel_udp_sender]: TIMING_SENDER ros_gap_ms=50.005/55.004/56.289 callback_ms=0.050/0.060/0.066 sendto_ms=0.049/0.059/0.064 cmd_age_ms=24.333 count=20 errors=0 errno=0 seq=3995 cmd=(0.500,-0.000,0.008)
[INFO] [1784986421.146636365] [cmd_vel_udp_sender]: TIMING_SENDER ros_gap_ms=49.991/50.764/51.016 callback_ms=0.056/0.076/0.112 sendto_ms=0.054/0.074/0.110 cmd_age_ms=24.530 count=20 errors=0 errno=0 seq=4015 cmd=(0.500,-0.000,0.002)
[INFO] [1784986422.146667075] [cmd_vel_udp_sender]: TIMING_SENDER ros_gap_ms=50.259/55.646/56.392 callback_ms=0.059/0.085/0.113 sendto_ms=0.058/0.084/0.112 cmd_age_ms=19.374 count=20 errors=0 errno=0 seq=4035 cmd=(0.500,-0.000,-0.010)
[INFO] [1784986423.146742855] [cmd_vel_udp_sender]: TIMING_SENDER ros_gap_ms=49.743/51.443/52.495 callback_ms=0.057/0.075/0.079 sendto_ms=0.056/0.073/0.077 cmd_age_ms=24.596 count=20 errors=0 errno=0 seq=4055 cmd=(0.500,-0.000,-0.014)
[INFO] [1784986424.146760020] [cmd_vel_udp_sender]: TIMING_SENDER ros_gap_ms=50.002/52.034/52.126 callback_ms=0.055/0.071/0.072 sendto_ms=0.054/0.070/0.071 cmd_age_ms=24.581 count=20 errors=0 errno=0 seq=4075 cmd=(0.500,-0.000,-0.019)
[INFO] [1784986425.146745292] [cmd_vel_udp_sender]: TIMING_SENDER ros_gap_ms=50.050/51.387/57.673 callback_ms=0.055/0.066/0.073 sendto_ms=0.053/0.064/0.072 cmd_age_ms=23.568 count=20 errors=0 errno=0 seq=4095 cmd=(0.500,-0.000,-0.007)
[INFO] [1784986426.146835604] [cmd_vel_udp_sender]: TIMING_SENDER ros_gap_ms=50.007/51.717/51.728 callback_ms=0.056/0.069/0.070 sendto_ms=0.054/0.067/0.068 cmd_age_ms=23.524 count=20 errors=0 errno=0 seq=4115 cmd=(0.500,-0.000,-0.014)
[INFO] [1784986427.146870917] [cmd_vel_udp_sender]: TIMING_SENDER ros_gap_ms=50.055/52.488/61.998 callback_ms=0.047/0.056/0.071 sendto_ms=0.046/0.054/0.070 cmd_age_ms=22.449 count=20 errors=0 errno=0 seq=4135 cmd=(0.500,-0.000,0.005)
[INFO] [1784986428.146909410] [cmd_vel_udp_sender]: TIMING_SENDER ros_gap_ms=50.615/58.025/63.762 callback_ms=0.048/0.058/0.060 sendto_ms=0.046/0.057/0.059 cmd_age_ms=10.190 count=20 errors=0 errno=0 seq=4155 cmd=(0.500,-0.000,-0.024)
[INFO] [1784986429.146933226] [cmd_vel_udp_sender]: TIMING_SENDER ros_gap_ms=49.272/54.257/54.415 callback_ms=0.043/0.060/0.068 sendto_ms=0.042/0.059/0.066 cmd_age_ms=24.778 count=20 errors=0 errno=0 seq=4175 cmd=(0.500,-0.000,-0.078)
[INFO] [1784986430.147029633] [cmd_vel_udp_sender]: TIMING_SENDER ros_gap_ms=50.075/55.745/61.837 callback_ms=0.048/0.060/0.062 sendto_ms=0.047/0.059/0.060 cmd_age_ms=23.366 count=20 errors=0 errno=0 seq=4195 cmd=(0.500,-0.000,-0.012)
[INFO] [1784986431.147096962] [cmd_vel_udp_sender]: TIMING_SENDER ros_gap_ms=50.008/54.352/58.143 callback_ms=0.043/0.055/0.061 sendto_ms=0.042/0.054/0.059 cmd_age_ms=23.274 count=20 errors=0 errno=0 seq=4215 cmd=(0.500,-0.000,-0.001)
[INFO] [1784986432.147076011] [cmd_vel_udp_sender]: TIMING_SENDER ros_gap_ms=49.993/56.066/59.898 callback_ms=0.051/0.067/0.075 sendto_ms=0.049/0.066/0.073 cmd_age_ms=23.395 count=20 errors=0 errno=0 seq=4235 cmd=(0.500,-0.000,-0.017)
[INFO] [1784986433.147127043] [cmd_vel_udp_sender]: TIMING_SENDER ros_gap_ms=49.995/51.507/51.724 callback_ms=0.049/0.062/0.064 sendto_ms=0.048/0.060/0.062 cmd_age_ms=23.544 count=20 errors=0 errno=0 seq=4255 cmd=(0.500,-0.000,-0.003)
[INFO] [1784986434.147158149] [cmd_vel_udp_sender]: TIMING_SENDER ros_gap_ms=49.953/53.174/54.981 callback_ms=0.054/0.065/0.075 sendto_ms=0.052/0.063/0.073 cmd_age_ms=24.519 count=20 errors=0 errno=0 seq=4275 cmd=(0.500,-0.000,-0.008)
[INFO] [1784986435.147185459] [cmd_vel_udp_sender]: TIMING_SENDER ros_gap_ms=50.027/52.039/52.691 callback_ms=0.050/0.066/0.073 sendto_ms=0.048/0.064/0.071 cmd_age_ms=23.999 count=20 errors=0 errno=0 seq=4295 cmd=(0.500,-0.000,0.009)
[INFO] [1784986436.147251565] [cmd_vel_udp_sender]: TIMING_SENDER ros_gap_ms=49.949/56.579/60.303 callback_ms=0.055/0.070/0.077 sendto_ms=0.054/0.068/0.075 cmd_age_ms=25.078 count=20 errors=0 errno=0 seq=4315 cmd=(0.500,-0.000,0.011)
[INFO] [1784986437.147281202] [cmd_vel_udp_sender]: TIMING_SENDER ros_gap_ms=50.006/50.877/52.208 callback_ms=0.056/0.076/0.083 sendto_ms=0.055/0.075/0.081 cmd_age_ms=24.996 count=20 errors=0 errno=0 seq=4335 cmd=(0.500,-0.000,-0.025)
[INFO] [1784986438.147312194] [cmd_vel_udp_sender]: TIMING_SENDER ros_gap_ms=49.991/61.596/62.104 callback_ms=0.051/0.064/0.066 sendto_ms=0.050/0.063/0.064 cmd_age_ms=25.202 count=20 errors=0 errno=0 seq=4355 cmd=(0.500,-0.000,-0.071)
[INFO] [1784986439.147374303] [cmd_vel_udp_sender]: TIMING_SENDER ros_gap_ms=50.053/51.876/52.323 callback_ms=0.058/0.079/0.111 sendto_ms=0.057/0.077/0.109 cmd_age_ms=24.200 count=20 errors=0 errno=0 seq=4375 cmd=(0.500,-0.000,0.060)
[INFO] [1784986440.147485225] [cmd_vel_udp_sender]: TIMING_SENDER ros_gap_ms=50.267/56.656/56.819 callback_ms=0.057/0.073/0.094 sendto_ms=0.056/0.072/0.092 cmd_age_ms=18.974 count=20 errors=0 errno=0 seq=4395 cmd=(0.500,-0.000,0.047)
[INFO] [1784986441.147463865] [cmd_vel_udp_sender]: TIMING_SENDER ros_gap_ms=49.678/53.602/53.693 callback_ms=0.054/0.077/0.083 sendto_ms=0.053/0.076/0.082 cmd_age_ms=25.391 count=20 errors=0 errno=0 seq=4415 cmd=(0.500,-0.000,-0.080)
[INFO] [1784986442.147504728] [cmd_vel_udp_sender]: TIMING_SENDER ros_gap_ms=50.011/52.285/52.568 callback_ms=0.058/0.071/0.073 sendto_ms=0.057/0.070/0.072 cmd_age_ms=25.219 count=20 errors=0 errno=0 seq=4435 cmd=(0.500,-0.000,0.025)
[INFO] [1784986443.147523328] [cmd_vel_udp_sender]: TIMING_SENDER ros_gap_ms=49.994/53.822/57.175 callback_ms=0.050/0.063/0.072 sendto_ms=0.049/0.061/0.071 cmd_age_ms=25.351 count=20 errors=0 errno=0 seq=4455 cmd=(0.500,-0.000,0.034)
[INFO] [1784986444.147570197] [cmd_vel_udp_sender]: TIMING_SENDER ros_gap_ms=49.986/51.835/52.441 callback_ms=0.058/0.066/0.075 sendto_ms=0.056/0.064/0.074 cmd_age_ms=25.675 count=20 errors=0 errno=0 seq=4475 cmd=(0.500,-0.000,0.003)
[INFO] [1784986445.147626166] [cmd_vel_udp_sender]: TIMING_SENDER ros_gap_ms=50.058/55.609/58.987 callback_ms=0.056/0.079/0.086 sendto_ms=0.054/0.074/0.077 cmd_age_ms=24.565 count=20 errors=0 errno=0 seq=4495 cmd=(0.500,-0.000,-0.008)
[INFO] [1784986446.147645600] [cmd_vel_udp_sender]: TIMING_SENDER ros_gap_ms=49.955/50.679/52.512 callback_ms=0.056/0.064/0.068 sendto_ms=0.054/0.062/0.067 cmd_age_ms=25.490 count=20 errors=0 errno=0 seq=4515 cmd=(0.500,-0.000,-0.038)
[INFO] [1784986447.147702743] [cmd_vel_udp_sender]: TIMING_SENDER ros_gap_ms=50.035/55.082/55.283 callback_ms=0.053/0.072/0.074 sendto_ms=0.052/0.070/0.072 cmd_age_ms=24.848 count=20 errors=0 errno=0 seq=4535 cmd=(0.500,-0.000,0.019)
[INFO] [1784986448.147726136] [cmd_vel_udp_sender]: TIMING_SENDER ros_gap_ms=49.963/51.255/52.714 callback_ms=0.051/0.061/0.074 sendto_ms=0.050/0.060/0.073 cmd_age_ms=25.614 count=20 errors=0 errno=0 seq=4555 cmd=(0.500,-0.000,-0.029)
[INFO] [1784986449.147765093] [cmd_vel_udp_sender]: TIMING_SENDER ros_gap_ms=50.001/52.505/58.038 callback_ms=0.059/0.084/0.098 sendto_ms=0.056/0.072/0.083 cmd_age_ms=25.631 count=20 errors=0 errno=0 seq=4575 cmd=(0.500,-0.000,-0.077)
[INFO] [1784986450.147823710] [cmd_vel_udp_sender]: TIMING_SENDER ros_gap_ms=50.397/53.545/57.952 callback_ms=0.056/0.074/0.082 sendto_ms=0.055/0.072/0.079 cmd_age_ms=17.759 count=20 errors=0 errno=0 seq=4595 cmd=(0.500,-0.000,-0.017)
[INFO] [1784986451.147868610] [cmd_vel_udp_sender]: TIMING_SENDER ros_gap_ms=49.608/50.918/52.280 callback_ms=0.056/0.068/0.074 sendto_ms=0.054/0.067/0.072 cmd_age_ms=25.651 count=20 errors=0 errno=0 seq=4615 cmd=(0.500,-0.000,0.004)
[INFO] [1784986452.147925713] [cmd_vel_udp_sender]: TIMING_SENDER ros_gap_ms=50.072/56.300/57.582 callback_ms=0.053/0.075/0.076 sendto_ms=0.051/0.074/0.074 cmd_age_ms=24.277 count=20 errors=0 errno=0 seq=4635 cmd=(0.500,-0.000,0.029)
[INFO] [1784986453.147945321] [cmd_vel_udp_sender]: TIMING_SENDER ros_gap_ms=49.989/51.456/52.125 callback_ms=0.056/0.066/0.097 sendto_ms=0.054/0.065/0.095 cmd_age_ms=24.509 count=20 errors=0 errno=0 seq=4655 cmd=(0.500,-0.000,-0.032)
[INFO] [1784986454.147969293] [cmd_vel_udp_sender]: TIMING_SENDER ros_gap_ms=50.102/51.872/57.366 callback_ms=0.048/0.070/0.072 sendto_ms=0.046/0.069/0.071 cmd_age_ms=22.489 count=20 errors=0 errno=0 seq=4675 cmd=(0.500,-0.000,-0.013)
[INFO] [1784986455.148006525] [cmd_vel_udp_sender]: TIMING_SENDER ros_gap_ms=49.829/52.714/53.902 callback_ms=0.052/0.065/0.070 sendto_ms=0.050/0.064/0.068 cmd_age_ms=25.950 count=20 errors=0 errno=0 seq=4695 cmd=(0.500,-0.000,-0.004)
[INFO] [1784986456.148058136] [cmd_vel_udp_sender]: TIMING_SENDER ros_gap_ms=50.321/59.303/62.079 callback_ms=0.063/0.133/0.213 sendto_ms=0.062/0.131/0.211 cmd_age_ms=19.588 count=20 errors=0 errno=0 seq=4715 cmd=(0.500,-0.000,-0.017)
[INFO] [1784986457.148088989] [cmd_vel_udp_sender]: TIMING_SENDER ros_gap_ms=49.870/53.763/57.919 callback_ms=0.053/0.070/0.073 sendto_ms=0.052/0.069/0.071 cmd_age_ms=22.223 count=20 errors=0 errno=0 seq=4735 cmd=(0.500,-0.000,-0.002)
[INFO] [1784986458.148129838] [cmd_vel_udp_sender]: TIMING_SENDER ros_gap_ms=49.815/57.325/66.852 callback_ms=0.058/0.069/0.151 sendto_ms=0.057/0.067/0.149 cmd_age_ms=25.960 count=20 errors=0 errno=0 seq=4755 cmd=(0.500,-0.000,-0.015)
[INFO] [1784986459.148266702] [cmd_vel_udp_sender]: TIMING_SENDER ros_gap_ms=50.010/65.153/76.693 callback_ms=0.049/0.063/0.066 sendto_ms=0.047/0.062/0.064 cmd_age_ms=25.899 count=20 errors=0 errno=0 seq=4775 cmd=(0.500,-0.000,-0.003)
[INFO] [1784986460.148261171] [cmd_vel_udp_sender]: TIMING_SENDER ros_gap_ms=50.148/55.881/79.820 callback_ms=0.043/0.049/0.061 sendto_ms=0.042/0.047/0.059 cmd_age_ms=22.930 count=20 errors=0 errno=0 seq=4795 cmd=(0.500,-0.000,-0.018)
[INFO] [1784986461.148282211] [cmd_vel_udp_sender]: TIMING_SENDER ros_gap_ms=49.869/54.481/55.808 callback_ms=0.050/0.112/0.150 sendto_ms=0.048/0.111/0.149 cmd_age_ms=25.570 count=20 errors=0 errno=0 seq=4815 cmd=(0.500,-0.000,0.023)
[INFO] [1784986462.148306079] [cmd_vel_udp_sender]: TIMING_SENDER ros_gap_ms=50.312/54.859/59.190 callback_ms=0.053/0.074/0.089 sendto_ms=0.052/0.072/0.088 cmd_age_ms=19.354 count=20 errors=0 errno=0 seq=4835 cmd=(0.500,-0.000,0.005)
[INFO] [1784986463.148660596] [cmd_vel_udp_sender]: TIMING_SENDER ros_gap_ms=49.679/52.539/54.125 callback_ms=0.054/0.069/0.090 sendto_ms=0.053/0.067/0.088 cmd_age_ms=26.127 count=20 errors=0 errno=0 seq=4855 cmd=(0.500,-0.000,0.018)
[INFO] [1784986464.148372440] [cmd_vel_udp_sender]: TIMING_SENDER ros_gap_ms=49.982/54.925/63.881 callback_ms=0.054/0.065/0.074 sendto_ms=0.053/0.064/0.073 cmd_age_ms=26.193 count=20 errors=0 errno=0 seq=4875 cmd=(0.500,-0.000,0.018)
[INFO] [1784986465.148418422] [cmd_vel_udp_sender]: TIMING_SENDER ros_gap_ms=50.003/51.670/52.095 callback_ms=0.060/0.080/0.099 sendto_ms=0.058/0.078/0.097 cmd_age_ms=26.185 count=20 errors=0 errno=0 seq=4895 cmd=(0.500,-0.000,-0.018)
[INFO] [1784986466.148453310] [cmd_vel_udp_sender]: TIMING_SENDER ros_gap_ms=49.994/50.797/52.489 callback_ms=0.054/0.067/0.077 sendto_ms=0.052/0.065/0.075 cmd_age_ms=26.334 count=20 errors=0 errno=0 seq=4915 cmd=(0.500,-0.000,0.007)
[INFO] [1784986467.148514161] [cmd_vel_udp_sender]: TIMING_SENDER ros_gap_ms=50.072/54.952/57.204 callback_ms=0.055/0.070/0.077 sendto_ms=0.053/0.069/0.075 cmd_age_ms=24.955 count=20 errors=0 errno=0 seq=4935 cmd=(0.500,-0.000,-0.017)
[INFO] [1784986468.148542670] [cmd_vel_udp_sender]: TIMING_SENDER ros_gap_ms=49.936/51.001/51.210 callback_ms=0.054/0.073/0.073 sendto_ms=0.053/0.071/0.072 cmd_age_ms=26.260 count=20 errors=0 errno=0 seq=4955 cmd=(0.500,-0.000,-0.003)
[INFO] [1784986469.148681659] [cmd_vel_udp_sender]: TIMING_SENDER ros_gap_ms=50.058/53.930/57.749 callback_ms=0.057/0.072/0.083 sendto_ms=0.055/0.071/0.082 cmd_age_ms=25.244 count=20 errors=0 errno=0 seq=4975 cmd=(0.500,-0.000,-0.024)
[INFO] [1784986470.148617354] [cmd_vel_udp_sender]: TIMING_SENDER ros_gap_ms=49.978/51.786/51.874 callback_ms=0.053/0.064/0.066 sendto_ms=0.051/0.063/0.064 cmd_age_ms=25.619 count=20 errors=0 errno=0 seq=4995 cmd=(0.500,-0.000,-0.014)
[INFO] [1784986471.148650983] [cmd_vel_udp_sender]: TIMING_SENDER ros_gap_ms=50.034/52.902/54.634 callback_ms=0.051/0.067/0.091 sendto_ms=0.049/0.065/0.089 cmd_age_ms=24.977 count=20 errors=0 errno=0 seq=5015 cmd=(0.500,-0.000,0.009)
[INFO] [1784986472.148698320] [cmd_vel_udp_sender]: TIMING_SENDER ros_gap_ms=49.936/50.744/51.385 callback_ms=0.051/0.065/0.067 sendto_ms=0.049/0.063/0.066 cmd_age_ms=26.299 count=20 errors=0 errno=0 seq=5035 cmd=(0.500,-0.000,-0.011)
[INFO] [1784986473.148743491] [cmd_vel_udp_sender]: TIMING_SENDER ros_gap_ms=49.984/54.148/55.814 callback_ms=0.055/0.069/0.077 sendto_ms=0.054/0.067/0.075 cmd_age_ms=26.667 count=20 errors=0 errno=0 seq=5055 cmd=(0.500,-0.000,-0.007)
[INFO] [1784986474.148784161] [cmd_vel_udp_sender]: TIMING_SENDER ros_gap_ms=50.144/52.384/55.023 callback_ms=0.055/0.074/0.074 sendto_ms=0.053/0.073/0.073 cmd_age_ms=23.836 count=20 errors=0 errno=0 seq=5075 cmd=(0.500,-0.000,-0.012)
[INFO] [1784986475.148786184] [cmd_vel_udp_sender]: TIMING_SENDER ros_gap_ms=49.868/51.145/51.333 callback_ms=0.052/0.061/0.067 sendto_ms=0.051/0.060/0.066 cmd_age_ms=26.474 count=20 errors=0 errno=0 seq=5095 cmd=(0.500,-0.000,-0.033)
[INFO] [1784986476.148863485] [cmd_vel_udp_sender]: TIMING_SENDER ros_gap_ms=49.992/54.627/57.058 callback_ms=0.057/0.075/0.089 sendto_ms=0.056/0.074/0.087 cmd_age_ms=26.715 count=20 errors=0 errno=0 seq=5115 cmd=(0.500,-0.000,0.008)
[INFO] [1784986477.148908218] [cmd_vel_udp_sender]: TIMING_SENDER ros_gap_ms=50.015/51.532/51.734 callback_ms=0.052/0.066/0.076 sendto_ms=0.050/0.064/0.075 cmd_age_ms=26.466 count=20 errors=0 errno=0 seq=5135 cmd=(0.500,-0.000,-0.029)
[INFO] [1784986478.148937698] [cmd_vel_udp_sender]: TIMING_SENDER ros_gap_ms=49.993/51.617/53.581 callback_ms=0.053/0.070/0.073 sendto_ms=0.051/0.068/0.071 cmd_age_ms=26.636 count=20 errors=0 errno=0 seq=5155 cmd=(0.500,-0.000,-0.047)
[INFO] [1784986479.148996694] [cmd_vel_udp_sender]: TIMING_SENDER ros_gap_ms=49.998/51.603/54.302 callback_ms=0.059/0.089/0.095 sendto_ms=0.058/0.087/0.094 cmd_age_ms=26.736 count=20 errors=0 errno=0 seq=5175 cmd=(0.500,-0.000,-0.043)
[INFO] [1784986480.149031891] [cmd_vel_udp_sender]: TIMING_SENDER ros_gap_ms=49.990/56.053/62.047 callback_ms=0.053/0.069/0.093 sendto_ms=0.051/0.068/0.091 cmd_age_ms=26.976 count=20 errors=0 errno=0 seq=5195 cmd=(0.500,-0.000,-0.049)
[INFO] [1784986481.149071899] [cmd_vel_udp_sender]: TIMING_SENDER ros_gap_ms=50.076/51.253/51.340 callback_ms=0.058/0.072/0.073 sendto_ms=0.056/0.071/0.072 cmd_age_ms=25.497 count=20 errors=0 errno=0 seq=5215 cmd=(0.500,-0.000,-0.075)
[INFO] [1784986482.149119598] [cmd_vel_udp_sender]: TIMING_SENDER ros_gap_ms=49.972/51.473/53.677 callback_ms=0.055/0.073/0.080 sendto_ms=0.054/0.072/0.079 cmd_age_ms=26.104 count=20 errors=0 errno=0 seq=5235 cmd=(0.500,-0.000,-0.015)
[INFO] [1784986483.149147658] [cmd_vel_udp_sender]: TIMING_SENDER ros_gap_ms=50.009/51.740/56.120 callback_ms=0.057/0.071/0.072 sendto_ms=0.056/0.070/0.070 cmd_age_ms=25.955 count=20 errors=0 errno=0 seq=5255 cmd=(0.500,-0.000,0.026)
[INFO] [1784986484.152345939] [cmd_vel_udp_sender]: TIMING_SENDER ros_gap_ms=50.046/51.855/57.114 callback_ms=0.051/0.067/0.067 sendto_ms=0.050/0.065/0.066 cmd_age_ms=28.232 count=20 errors=0 errno=0 seq=5275 cmd=(0.500,-0.000,-0.033)
[INFO] [1784986485.149245668] [cmd_vel_udp_sender]: TIMING_SENDER ros_gap_ms=50.040/53.343/56.593 callback_ms=0.045/0.059/0.065 sendto_ms=0.044/0.058/0.064 cmd_age_ms=24.338 count=20 errors=0 errno=0 seq=5295 cmd=(0.500,-0.000,-0.010)
[INFO] [1784986486.149264447] [cmd_vel_udp_sender]: TIMING_SENDER ros_gap_ms=49.915/56.938/56.972 callback_ms=0.052/0.062/0.066 sendto_ms=0.050/0.060/0.064 cmd_age_ms=26.062 count=20 errors=0 errno=0 seq=5315 cmd=(0.500,-0.000,0.007)
[INFO] [1784986487.149590706] [cmd_vel_udp_sender]: TIMING_SENDER ros_gap_ms=50.070/56.345/56.854 callback_ms=0.048/0.062/0.064 sendto_ms=0.047/0.060/0.063 cmd_age_ms=24.997 count=20 errors=0 errno=0 seq=5335 cmd=(0.500,-0.000,-0.045)
[INFO] [1784986488.149365272] [cmd_vel_udp_sender]: TIMING_SENDER ros_gap_ms=49.868/50.221/50.434 callback_ms=0.048/0.058/0.059 sendto_ms=0.046/0.057/0.058 cmd_age_ms=27.403 count=20 errors=0 errno=0 seq=5355 cmd=(0.500,-0.000,0.028)
[INFO] [1784986489.149385842] [cmd_vel_udp_sender]: TIMING_SENDER ros_gap_ms=50.015/53.739/54.402 callback_ms=0.052/0.062/0.084 sendto_ms=0.051/0.060/0.083 cmd_age_ms=27.133 count=20 errors=0 errno=0 seq=5375 cmd=(0.500,-0.000,-0.001)
[INFO] [1784986490.149441624] [cmd_vel_udp_sender]: TIMING_SENDER ros_gap_ms=50.038/51.418/52.610 callback_ms=0.054/0.068/0.073 sendto_ms=0.053/0.067/0.071 cmd_age_ms=26.426 count=20 errors=0 errno=0 seq=5395 cmd=(0.500,-0.000,-0.000)
[INFO] [1784986491.149486025] [cmd_vel_udp_sender]: TIMING_SENDER ros_gap_ms=50.217/56.937/57.956 callback_ms=0.057/0.072/0.139 sendto_ms=0.055/0.070/0.138 cmd_age_ms=22.133 count=20 errors=0 errno=0 seq=5415 cmd=(0.500,-0.000,-0.004)
[INFO] [1784986492.149529571] [cmd_vel_udp_sender]: TIMING_SENDER ros_gap_ms=49.805/51.966/54.702 callback_ms=0.055/0.078/0.082 sendto_ms=0.053/0.077/0.080 cmd_age_ms=26.076 count=20 errors=0 errno=0 seq=5435 cmd=(0.500,-0.000,-0.019)
[INFO] [1784986493.149560071] [cmd_vel_udp_sender]: TIMING_SENDER ros_gap_ms=49.936/52.258/63.520 callback_ms=0.046/0.057/0.061 sendto_ms=0.045/0.056/0.059 cmd_age_ms=27.394 count=20 errors=0 errno=0 seq=5455 cmd=(0.500,-0.000,0.001)
[INFO] [1784986494.149609526] [cmd_vel_udp_sender]: TIMING_SENDER ros_gap_ms=50.002/52.463/54.996 callback_ms=0.072/0.114/0.279 sendto_ms=0.068/0.095/0.278 cmd_age_ms=27.409 count=20 errors=0 errno=0 seq=5475 cmd=(0.500,-0.000,0.037)
[INFO] [1784986495.149648079] [cmd_vel_udp_sender]: TIMING_SENDER ros_gap_ms=49.996/51.313/51.947 callback_ms=0.055/0.082/0.084 sendto_ms=0.053/0.073/0.080 cmd_age_ms=27.521 count=20 errors=0 errno=0 seq=5495 cmd=(0.500,-0.000,0.015)
[INFO] [1784986496.149677810] [cmd_vel_udp_sender]: TIMING_SENDER ros_gap_ms=50.016/51.573/51.600 callback_ms=0.049/0.058/0.062 sendto_ms=0.047/0.057/0.060 cmd_age_ms=27.232 count=20 errors=0 errno=0 seq=5515 cmd=(0.500,-0.000,-0.045)
[INFO] [1784986497.150401852] [cmd_vel_udp_sender]: TIMING_SENDER ros_gap_ms=50.002/51.533/52.918 callback_ms=0.056/0.077/0.077 sendto_ms=0.054/0.075/0.075 cmd_age_ms=27.919 count=20 errors=0 errno=0 seq=5535 cmd=(0.500,-0.000,-0.051)
[INFO] [1784986498.149770552] [cmd_vel_udp_sender]: TIMING_SENDER ros_gap_ms=50.029/51.188/51.338 callback_ms=0.052/0.076/0.077 sendto_ms=0.051/0.075/0.075 cmd_age_ms=26.716 count=20 errors=0 errno=0 seq=5555 cmd=(0.500,-0.000,-0.021)
[INFO] [1784986499.149814010] [cmd_vel_udp_sender]: TIMING_SENDER ros_gap_ms=49.955/51.422/51.495 callback_ms=0.054/0.071/0.079 sendto_ms=0.053/0.069/0.077 cmd_age_ms=27.666 count=20 errors=0 errno=0 seq=5575 cmd=(0.500,-0.000,0.054)
[INFO] [1784986500.149853157] [cmd_vel_udp_sender]: TIMING_SENDER ros_gap_ms=49.991/51.739/52.215 callback_ms=0.058/0.088/0.091 sendto_ms=0.056/0.086/0.090 cmd_age_ms=27.877 count=20 errors=0 errno=0 seq=5595 cmd=(0.500,-0.000,0.003)
[INFO] [1784986501.149904124] [cmd_vel_udp_sender]: TIMING_SENDER ros_gap_ms=50.062/51.320/51.838 callback_ms=0.058/0.079/0.111 sendto_ms=0.057/0.078/0.109 cmd_age_ms=26.688 count=20 errors=0 errno=0 seq=5615 cmd=(0.500,-0.000,0.006)
[INFO] [1784986502.149936156] [cmd_vel_udp_sender]: TIMING_SENDER ros_gap_ms=50.065/51.305/52.502 callback_ms=0.057/0.071/0.075 sendto_ms=0.056/0.069/0.072 cmd_age_ms=25.416 count=20 errors=0 errno=0 seq=5635 cmd=(0.500,-0.000,-0.027)
[INFO] [1784986503.149964837] [cmd_vel_udp_sender]: TIMING_SENDER ros_gap_ms=49.881/54.038/54.821 callback_ms=0.051/0.069/0.085 sendto_ms=0.050/0.068/0.083 cmd_age_ms=27.819 count=20 errors=0 errno=0 seq=5655 cmd=(0.500,-0.000,-0.100)
[INFO] [1784986504.150247492] [cmd_vel_udp_sender]: TIMING_SENDER ros_gap_ms=49.993/50.438/51.737 callback_ms=0.053/0.067/0.068 sendto_ms=0.051/0.065/0.066 cmd_age_ms=28.243 count=20 errors=0 errno=0 seq=5675 cmd=(0.500,-0.000,-0.019)
[INFO] [1784986505.150048440] [cmd_vel_udp_sender]: TIMING_SENDER ros_gap_ms=50.073/52.267/52.609 callback_ms=0.057/0.075/0.077 sendto_ms=0.055/0.074/0.075 cmd_age_ms=26.580 count=20 errors=0 errno=0 seq=5695 cmd=(0.500,-0.000,-0.012)
[INFO] [1784986506.150103489] [cmd_vel_udp_sender]: TIMING_SENDER ros_gap_ms=49.933/51.306/68.242 callback_ms=0.053/0.068/0.078 sendto_ms=0.052/0.066/0.076 cmd_age_ms=27.980 count=20 errors=0 errno=0 seq=5715 cmd=(0.500,-0.000,0.026)
[INFO] [1784986507.150147956] [cmd_vel_udp_sender]: TIMING_SENDER ros_gap_ms=50.006/54.772/58.954 callback_ms=0.076/0.073/0.496 sendto_ms=0.074/0.071/0.494 cmd_age_ms=27.899 count=20 errors=0 errno=0 seq=5735 cmd=(0.500,-0.000,-0.020)
[INFO] [1784986508.150198864] [cmd_vel_udp_sender]: TIMING_SENDER ros_gap_ms=50.003/51.270/52.027 callback_ms=0.061/0.082/0.136 sendto_ms=0.060/0.080/0.135 cmd_age_ms=27.892 count=20 errors=0 errno=0 seq=5755 cmd=(0.500,-0.000,-0.030)
[INFO] [1784986509.150224790] [cmd_vel_udp_sender]: TIMING_SENDER ros_gap_ms=50.135/52.568/54.871 callback_ms=0.053/0.066/0.073 sendto_ms=0.052/0.065/0.071 cmd_age_ms=25.215 count=20 errors=0 errno=0 seq=5775 cmd=(0.500,-0.000,-0.077)
[INFO] [1784986510.150458574] [cmd_vel_udp_sender]: TIMING_SENDER ros_gap_ms=49.864/51.858/53.095 callback_ms=0.050/0.065/0.068 sendto_ms=0.048/0.063/0.067 cmd_age_ms=28.167 count=20 errors=0 errno=0 seq=5795 cmd=(0.500,-0.000,-0.012)
[INFO] [1784986511.150335649] [cmd_vel_udp_sender]: TIMING_SENDER ros_gap_ms=49.995/53.576/57.583 callback_ms=0.058/0.109/0.132 sendto_ms=0.056/0.108/0.131 cmd_age_ms=28.150 count=20 errors=0 errno=0 seq=5815 cmd=(0.500,-0.000,0.026)
[INFO] [1784986512.150334436] [cmd_vel_udp_sender]: TIMING_SENDER ros_gap_ms=49.997/52.947/54.459 callback_ms=0.048/0.058/0.075 sendto_ms=0.046/0.057/0.074 cmd_age_ms=28.212 count=20 errors=0 errno=0 seq=5835 cmd=(0.500,-0.000,-0.010)
[INFO] [1784986513.150395602] [cmd_vel_udp_sender]: TIMING_SENDER ros_gap_ms=50.035/52.244/60.701 callback_ms=0.047/0.065/0.067 sendto_ms=0.045/0.063/0.066 cmd_age_ms=27.563 count=20 errors=0 errno=0 seq=5855 cmd=(0.500,-0.000,0.022)
[INFO] [1784986514.150441578] [cmd_vel_udp_sender]: TIMING_SENDER ros_gap_ms=49.999/52.051/53.096 callback_ms=0.378/0.072/6.543 sendto_ms=0.376/0.071/6.541 cmd_age_ms=27.630 count=20 errors=0 errno=0 seq=5875 cmd=(0.500,-0.000,-0.009)
[INFO] [1784986515.150867676] [cmd_vel_udp_sender]: TIMING_SENDER ros_gap_ms=50.125/51.659/52.133 callback_ms=0.054/0.074/0.077 sendto_ms=0.052/0.072/0.075 cmd_age_ms=25.550 count=20 errors=0 errno=0 seq=5895 cmd=(0.500,-0.000,-0.033)
[INFO] [1784986516.150510871] [cmd_vel_udp_sender]: TIMING_SENDER ros_gap_ms=49.983/54.120/54.524 callback_ms=0.057/0.072/0.138 sendto_ms=0.055/0.070/0.137 cmd_age_ms=25.529 count=20 errors=0 errno=0 seq=5915 cmd=(0.500,-0.000,0.008)
[INFO] [1784986517.150539308] [cmd_vel_udp_sender]: TIMING_SENDER ros_gap_ms=49.862/51.257/51.297 callback_ms=0.054/0.071/0.082 sendto_ms=0.052/0.069/0.070 cmd_age_ms=28.318 count=20 errors=0 errno=0 seq=5935 cmd=(0.500,-0.000,-0.024)
[INFO] [1784986518.150588235] [cmd_vel_udp_sender]: TIMING_SENDER ros_gap_ms=49.985/51.968/52.593 callback_ms=0.057/0.066/0.067 sendto_ms=0.055/0.065/0.065 cmd_age_ms=28.667 count=20 errors=0 errno=0 seq=5955 cmd=(0.500,-0.000,0.003)
[INFO] [1784986519.150623188] [cmd_vel_udp_sender]: TIMING_SENDER ros_gap_ms=50.019/53.156/53.563 callback_ms=0.059/0.073/0.086 sendto_ms=0.057/0.071/0.084 cmd_age_ms=28.318 count=20 errors=0 errno=0 seq=5975 cmd=(0.500,-0.000,-0.013)
[INFO] [1784986520.150677671] [cmd_vel_udp_sender]: TIMING_SENDER ros_gap_ms=49.990/51.960/52.183 callback_ms=0.052/0.064/0.065 sendto_ms=0.051/0.062/0.063 cmd_age_ms=28.569 count=20 errors=0 errno=0 seq=5995 cmd=(0.500,-0.000,0.025)
[INFO] [1784986521.150732580] [cmd_vel_udp_sender]: TIMING_SENDER ros_gap_ms=50.041/54.118/63.582 callback_ms=0.054/0.069/0.072 sendto_ms=0.052/0.067/0.070 cmd_age_ms=27.804 count=20 errors=0 errno=0 seq=6015 cmd=(0.500,-0.000,-0.021)
[INFO] [1784986522.150748969] [cmd_vel_udp_sender]: TIMING_SENDER ros_gap_ms=50.006/51.795/51.976 callback_ms=0.055/0.068/0.070 sendto_ms=0.053/0.066/0.068 cmd_age_ms=27.700 count=20 errors=0 errno=0 seq=6035 cmd=(0.500,-0.000,-0.033)
[INFO] [1784986523.150800409] [cmd_vel_udp_sender]: TIMING_SENDER ros_gap_ms=50.019/50.905/51.343 callback_ms=0.055/0.068/0.069 sendto_ms=0.053/0.066/0.068 cmd_age_ms=27.375 count=20 errors=0 errno=0 seq=6055 cmd=(0.500,-0.000,-0.021)
[INFO] [1784986524.150840018] [cmd_vel_udp_sender]: TIMING_SENDER ros_gap_ms=49.938/50.718/54.112 callback_ms=0.051/0.066/0.067 sendto_ms=0.050/0.065/0.065 cmd_age_ms=28.647 count=20 errors=0 errno=0 seq=6075 cmd=(0.500,-0.000,-0.059)
[INFO] [1784986525.150883157] [cmd_vel_udp_sender]: TIMING_SENDER ros_gap_ms=50.044/51.955/52.035 callback_ms=0.056/0.071/0.072 sendto_ms=0.054/0.069/0.070 cmd_age_ms=27.803 count=20 errors=0 errno=0 seq=6095 cmd=(0.500,-0.000,-0.010)
[INFO] [1784986526.150946403] [cmd_vel_udp_sender]: TIMING_SENDER ros_gap_ms=49.954/55.291/56.883 callback_ms=0.055/0.065/0.067 sendto_ms=0.054/0.063/0.066 cmd_age_ms=28.793 count=20 errors=0 errno=0 seq=6115 cmd=(0.500,-0.000,0.022)
[INFO] [1784986527.150968920] [cmd_vel_udp_sender]: TIMING_SENDER ros_gap_ms=50.005/51.161/52.714 callback_ms=0.051/0.060/0.061 sendto_ms=0.050/0.058/0.059 cmd_age_ms=28.713 count=20 errors=0 errno=0 seq=6135 cmd=(0.500,-0.000,0.023)
[INFO] [1784986528.150996600] [cmd_vel_udp_sender]: TIMING_SENDER ros_gap_ms=50.007/52.675/54.480 callback_ms=0.058/0.075/0.076 sendto_ms=0.057/0.074/0.074 cmd_age_ms=28.606 count=20 errors=0 errno=0 seq=6155 cmd=(0.500,-0.000,-0.016)
[INFO] [1784986529.151046881] [cmd_vel_udp_sender]: TIMING_SENDER ros_gap_ms=49.986/51.181/51.701 callback_ms=0.054/0.071/0.074 sendto_ms=0.052/0.069/0.072 cmd_age_ms=28.939 count=20 errors=0 errno=0 seq=6175 cmd=(0.500,-0.000,-0.038)
[INFO] [1784986530.151091061] [cmd_vel_udp_sender]: TIMING_SENDER ros_gap_ms=50.009/51.336/53.324 callback_ms=0.056/0.069/0.069 sendto_ms=0.055/0.066/0.068 cmd_age_ms=28.797 count=20 errors=0 errno=0 seq=6195 cmd=(0.500,-0.000,-0.038)
[INFO] [1784986531.151119729] [cmd_vel_udp_sender]: TIMING_SENDER ros_gap_ms=50.016/53.286/54.838 callback_ms=0.055/0.065/0.065 sendto_ms=0.053/0.064/0.064 cmd_age_ms=28.504 count=20 errors=0 errno=0 seq=6215 cmd=(0.500,-0.000,0.041)
[INFO] [1784986532.151162903] [cmd_vel_udp_sender]: TIMING_SENDER ros_gap_ms=49.999/51.080/51.679 callback_ms=0.052/0.065/0.068 sendto_ms=0.051/0.063/0.067 cmd_age_ms=28.567 count=20 errors=0 errno=0 seq=6235 cmd=(0.500,-0.000,-0.027)
[INFO] [1784986533.151205766] [cmd_vel_udp_sender]: TIMING_SENDER ros_gap_ms=50.004/51.523/53.083 callback_ms=0.055/0.071/0.071 sendto_ms=0.054/0.069/0.070 cmd_age_ms=28.532 count=20 errors=0 errno=0 seq=6255 cmd=(0.500,-0.000,-0.005)
[INFO] [1784986534.151262368] [cmd_vel_udp_sender]: TIMING_SENDER ros_gap_ms=49.973/50.575/50.833 callback_ms=0.055/0.063/0.102 sendto_ms=0.054/0.062/0.100 cmd_age_ms=29.132 count=20 errors=0 errno=0 seq=6275 cmd=(0.500,-0.000,-0.014)
[INFO] [1784986535.151346084] [cmd_vel_udp_sender]: TIMING_SENDER ros_gap_ms=50.111/54.386/54.613 callback_ms=0.052/0.081/0.090 sendto_ms=0.050/0.079/0.088 cmd_age_ms=26.996 count=20 errors=0 errno=0 seq=6295 cmd=(0.500,-0.000,0.040)
[INFO] [1784986536.151559511] [cmd_vel_udp_sender]: TIMING_SENDER ros_gap_ms=50.132/53.592/55.814 callback_ms=0.058/0.074/0.074 sendto_ms=0.057/0.072/0.073 cmd_age_ms=24.568 count=20 errors=0 errno=0 seq=6315 cmd=(0.500,-0.000,-0.003)
[INFO] [1784986537.151368387] [cmd_vel_udp_sender]: TIMING_SENDER ros_gap_ms=49.842/54.156/54.157 callback_ms=0.044/0.065/0.069 sendto_ms=0.043/0.064/0.067 cmd_age_ms=27.530 count=20 errors=0 errno=0 seq=6335 cmd=(0.500,-0.000,-0.023)
[INFO] [1784986538.151410850] [cmd_vel_udp_sender]: TIMING_SENDER ros_gap_ms=49.908/51.418/54.426 callback_ms=0.045/0.058/0.068 sendto_ms=0.044/0.056/0.067 cmd_age_ms=29.413 count=20 errors=0 errno=0 seq=6355 cmd=(0.500,-0.000,-0.023)
[INFO] [1784986539.151455850] [cmd_vel_udp_sender]: TIMING_SENDER ros_gap_ms=50.005/52.292/55.016 callback_ms=0.044/0.050/0.068 sendto_ms=0.042/0.048/0.066 cmd_age_ms=29.363 count=20 errors=0 errno=0 seq=6375 cmd=(0.500,-0.000,-0.019)
[INFO] [1784986540.151492316] [cmd_vel_udp_sender]: TIMING_SENDER ros_gap_ms=50.102/54.437/61.499 callback_ms=0.050/0.062/0.062 sendto_ms=0.048/0.061/0.061 cmd_age_ms=27.352 count=20 errors=0 errno=0 seq=6395 cmd=(0.500,-0.000,-0.027)
[INFO] [1784986541.151589209] [cmd_vel_udp_sender]: TIMING_SENDER ros_gap_ms=50.031/54.933/59.405 callback_ms=0.051/0.063/0.069 sendto_ms=0.049/0.061/0.067 cmd_age_ms=26.822 count=20 errors=0 errno=0 seq=6415 cmd=(0.500,-0.000,-0.008)
[INFO] [1784986542.151599388] [cmd_vel_udp_sender]: TIMING_SENDER ros_gap_ms=49.892/50.321/51.023 callback_ms=0.055/0.075/0.098 sendto_ms=0.054/0.073/0.097 cmd_age_ms=28.990 count=20 errors=0 errno=0 seq=6435 cmd=(0.500,-0.000,-0.021)
[INFO] [1784986543.151623625] [cmd_vel_udp_sender]: TIMING_SENDER ros_gap_ms=49.979/52.179/56.126 callback_ms=0.051/0.061/0.064 sendto_ms=0.050/0.060/0.063 cmd_age_ms=29.442 count=20 errors=0 errno=0 seq=6455 cmd=(0.500,-0.000,0.001)
[INFO] [1784986544.151672864] [cmd_vel_udp_sender]: TIMING_SENDER ros_gap_ms=49.999/51.657/51.810 callback_ms=0.051/0.061/0.066 sendto_ms=0.050/0.059/0.065 cmd_age_ms=29.509 count=20 errors=0 errno=0 seq=6475 cmd=(0.500,-0.000,-0.019)
[INFO] [1784986545.151706336] [cmd_vel_udp_sender]: TIMING_SENDER ros_gap_ms=50.343/54.404/56.814 callback_ms=0.057/0.070/0.081 sendto_ms=0.055/0.069/0.080 cmd_age_ms=22.682 count=20 errors=0 errno=0 seq=6495 cmd=(0.500,-0.000,0.008)
[INFO] [1784986546.151767018] [cmd_vel_udp_sender]: TIMING_SENDER ros_gap_ms=49.699/51.949/61.912 callback_ms=0.060/0.103/0.141 sendto_ms=0.059/0.101/0.139 cmd_age_ms=28.763 count=20 errors=0 errno=0 seq=6515 cmd=(0.500,-0.000,0.009)
[INFO] [1784986547.151798300] [cmd_vel_udp_sender]: TIMING_SENDER ros_gap_ms=50.090/51.904/52.607 callback_ms=0.062/0.085/0.216 sendto_ms=0.061/0.084/0.214 cmd_age_ms=27.002 count=20 errors=0 errno=0 seq=6535 cmd=(0.500,-0.000,-0.013)
[INFO] [1784986548.151835864] [cmd_vel_udp_sender]: TIMING_SENDER ros_gap_ms=50.253/52.530/57.714 callback_ms=0.049/0.066/0.072 sendto_ms=0.048/0.065/0.071 cmd_age_ms=21.978 count=20 errors=0 errno=0 seq=6555 cmd=(0.500,-0.000,0.001)
[INFO] [1784986549.151890526] [cmd_vel_udp_sender]: TIMING_SENDER ros_gap_ms=49.603/51.488/52.066 callback_ms=0.053/0.064/0.074 sendto_ms=0.051/0.062/0.073 cmd_age_ms=29.971 count=20 errors=0 errno=0 seq=6575 cmd=(0.500,-0.000,0.110)
[INFO] [1784986550.151927052] [cmd_vel_udp_sender]: TIMING_SENDER ros_gap_ms=50.008/52.461/55.443 callback_ms=0.053/0.068/0.068 sendto_ms=0.051/0.066/0.066 cmd_age_ms=29.856 count=20 errors=0 errno=0 seq=6595 cmd=(0.500,-0.000,0.161)
[INFO] [1784986551.151930658] [cmd_vel_udp_sender]: TIMING_SENDER ros_gap_ms=50.010/51.246/51.884 callback_ms=0.054/0.068/0.069 sendto_ms=0.053/0.066/0.067 cmd_age_ms=29.661 count=20 errors=0 errno=0 seq=6615 cmd=(0.500,-0.000,0.074)
[INFO] [1784986552.152004100] [cmd_vel_udp_sender]: TIMING_SENDER ros_gap_ms=50.068/51.457/55.039 callback_ms=0.056/0.067/0.069 sendto_ms=0.054/0.066/0.067 cmd_age_ms=28.377 count=20 errors=0 errno=0 seq=6635 cmd=(0.500,-0.000,0.053)
[INFO] [1784986553.152034925] [cmd_vel_udp_sender]: TIMING_SENDER ros_gap_ms=49.928/50.991/51.053 callback_ms=0.053/0.069/0.080 sendto_ms=0.051/0.065/0.067 cmd_age_ms=29.855 count=20 errors=0 errno=0 seq=6655 cmd=(0.500,-0.000,0.067)
[INFO] [1784986554.152092609] [cmd_vel_udp_sender]: TIMING_SENDER ros_gap_ms=50.000/56.846/59.397 callback_ms=0.048/0.064/0.065 sendto_ms=0.047/0.063/0.064 cmd_age_ms=29.905 count=20 errors=0 errno=0 seq=6675 cmd=(0.500,-0.000,0.156)
[INFO] [1784986555.152140989] [cmd_vel_udp_sender]: TIMING_SENDER ros_gap_ms=50.007/50.968/51.881 callback_ms=0.053/0.065/0.067 sendto_ms=0.052/0.064/0.066 cmd_age_ms=29.816 count=20 errors=0 errno=0 seq=6695 cmd=(0.500,-0.000,0.023)
[INFO] [1784986556.152163937] [cmd_vel_udp_sender]: TIMING_SENDER ros_gap_ms=49.993/52.394/53.489 callback_ms=0.053/0.059/0.068 sendto_ms=0.052/0.058/0.066 cmd_age_ms=29.986 count=20 errors=0 errno=0 seq=6715 cmd=(0.500,-0.000,0.046)
[INFO] [1784986557.152209008] [cmd_vel_udp_sender]: TIMING_SENDER ros_gap_ms=50.000/55.137/57.318 callback_ms=0.051/0.073/0.082 sendto_ms=0.050/0.072/0.080 cmd_age_ms=30.022 count=20 errors=0 errno=0 seq=6735 cmd=(0.500,-0.000,0.020)
[INFO] [1784986558.152246279] [cmd_vel_udp_sender]: TIMING_SENDER ros_gap_ms=50.063/51.177/52.009 callback_ms=0.053/0.066/0.067 sendto_ms=0.052/0.064/0.066 cmd_age_ms=28.797 count=20 errors=0 errno=0 seq=6755 cmd=(0.500,-0.000,0.041)
[INFO] [1784986559.152308232] [cmd_vel_udp_sender]: TIMING_SENDER ros_gap_ms=50.062/52.636/54.372 callback_ms=0.053/0.071/0.106 sendto_ms=0.052/0.069/0.105 cmd_age_ms=27.609 count=20 errors=0 errno=0 seq=6775 cmd=(0.500,-0.000,0.003)
[INFO] [1784986560.152328720] [cmd_vel_udp_sender]: TIMING_SENDER ros_gap_ms=49.977/52.545/52.891 callback_ms=0.054/0.066/0.072 sendto_ms=0.053/0.065/0.070 cmd_age_ms=28.092 count=20 errors=0 errno=0 seq=6795 cmd=(0.500,-0.000,-0.031)
[INFO] [1784986561.152364034] [cmd_vel_udp_sender]: TIMING_SENDER ros_gap_ms=49.968/53.793/54.018 callback_ms=0.051/0.061/0.062 sendto_ms=0.050/0.060/0.060 cmd_age_ms=28.761 count=20 errors=0 errno=0 seq=6815 cmd=(0.500,-0.000,0.013)
[INFO] [1784986562.153459529] [cmd_vel_udp_sender]: TIMING_SENDER ros_gap_ms=49.928/50.216/51.381 callback_ms=0.055/0.067/0.067 sendto_ms=0.053/0.065/0.066 cmd_age_ms=31.301 count=20 errors=0 errno=0 seq=6835 cmd=(0.500,-0.000,0.112)
[INFO] [1784986563.152450210] [cmd_vel_udp_sender]: TIMING_SENDER ros_gap_ms=50.489/58.284/59.809 callback_ms=0.056/0.073/0.084 sendto_ms=0.054/0.071/0.082 cmd_age_ms=20.515 count=20 errors=0 errno=0 seq=6855 cmd=(0.500,-0.000,0.064)
[INFO] [1784986564.152501071] [cmd_vel_udp_sender]: TIMING_SENDER ros_gap_ms=49.561/51.433/53.897 callback_ms=0.053/0.075/0.082 sendto_ms=0.052/0.073/0.081 cmd_age_ms=29.338 count=20 errors=0 errno=0 seq=6875 cmd=(0.500,-0.000,0.064)
[INFO] [1784986565.152540261] [cmd_vel_udp_sender]: TIMING_SENDER ros_gap_ms=49.962/52.224/53.429 callback_ms=0.050/0.063/0.068 sendto_ms=0.049/0.061/0.067 cmd_age_ms=30.142 count=20 errors=0 errno=0 seq=6895 cmd=(0.500,-0.000,0.085)
[INFO] [1784986566.152614949] [cmd_vel_udp_sender]: TIMING_SENDER ros_gap_ms=50.066/52.737/54.637 callback_ms=0.048/0.064/0.064 sendto_ms=0.046/0.062/0.062 cmd_age_ms=28.891 count=20 errors=0 errno=0 seq=6915 cmd=(0.500,-0.000,0.167)
[INFO] [1784986567.152673070] [cmd_vel_udp_sender]: TIMING_SENDER ros_gap_ms=49.921/55.960/57.569 callback_ms=0.048/0.071/0.076 sendto_ms=0.047/0.069/0.075 cmd_age_ms=30.523 count=20 errors=0 errno=0 seq=6935 cmd=(0.500,-0.000,0.067)
[INFO] [1784986568.152672861] [cmd_vel_udp_sender]: TIMING_SENDER ros_gap_ms=50.006/54.672/56.465 callback_ms=0.050/0.068/0.075 sendto_ms=0.049/0.066/0.074 cmd_age_ms=30.416 count=20 errors=0 errno=0 seq=6955 cmd=(0.500,-0.000,0.015)
[INFO] [1784986569.152718327] [cmd_vel_udp_sender]: TIMING_SENDER ros_gap_ms=50.001/52.501/52.792 callback_ms=0.053/0.061/0.064 sendto_ms=0.051/0.060/0.063 cmd_age_ms=30.446 count=20 errors=0 errno=0 seq=6975 cmd=(0.500,-0.000,-0.013)
[INFO] [1784986570.152769273] [cmd_vel_udp_sender]: TIMING_SENDER ros_gap_ms=49.996/53.312/54.358 callback_ms=0.053/0.070/0.141 sendto_ms=0.052/0.068/0.140 cmd_age_ms=30.573 count=20 errors=0 errno=0 seq=6995 cmd=(0.500,-0.000,0.040)
[INFO] [1784986571.152790436] [cmd_vel_udp_sender]: TIMING_SENDER ros_gap_ms=50.005/51.463/51.981 callback_ms=0.054/0.065/0.067 sendto_ms=0.053/0.063/0.066 cmd_age_ms=30.487 count=20 errors=0 errno=0 seq=7015 cmd=(0.500,-0.000,0.075)
[INFO] [1784986572.152854809] [cmd_vel_udp_sender]: TIMING_SENDER ros_gap_ms=50.098/52.897/55.497 callback_ms=0.058/0.074/0.107 sendto_ms=0.057/0.072/0.105 cmd_age_ms=28.585 count=20 errors=0 errno=0 seq=7035 cmd=(0.500,-0.000,0.013)
[INFO] [1784986573.152884181] [cmd_vel_udp_sender]: TIMING_SENDER ros_gap_ms=49.894/52.281/52.300 callback_ms=0.059/0.071/0.077 sendto_ms=0.057/0.070/0.075 cmd_age_ms=30.738 count=20 errors=0 errno=0 seq=7055 cmd=(0.500,-0.000,-0.005)
[INFO] [1784986574.152931035] [cmd_vel_udp_sender]: TIMING_SENDER ros_gap_ms=50.066/50.749/51.287 callback_ms=0.055/0.068/0.069 sendto_ms=0.053/0.066/0.067 cmd_age_ms=29.468 count=20 errors=0 errno=0 seq=7075 cmd=(0.500,-0.000,0.011)
[INFO] [1784986575.152950568] [cmd_vel_udp_sender]: TIMING_SENDER ros_gap_ms=49.942/51.338/51.838 callback_ms=0.055/0.076/0.093 sendto_ms=0.054/0.074/0.091 cmd_age_ms=30.642 count=20 errors=0 errno=0 seq=7095 cmd=(0.500,-0.000,-0.009)
[INFO] [1784986576.153006368] [cmd_vel_udp_sender]: TIMING_SENDER ros_gap_ms=49.988/51.740/53.876 callback_ms=0.053/0.068/0.071 sendto_ms=0.051/0.067/0.070 cmd_age_ms=30.940 count=20 errors=0 errno=0 seq=7115 cmd=(0.500,-0.000,0.005)
[INFO] [1784986577.153047936] [cmd_vel_udp_sender]: TIMING_SENDER ros_gap_ms=50.167/55.471/59.855 callback_ms=0.052/0.065/0.069 sendto_ms=0.051/0.063/0.067 cmd_age_ms=27.651 count=20 errors=0 errno=0 seq=7135 cmd=(0.500,-0.000,-0.013)
[INFO] [1784986578.153096040] [cmd_vel_udp_sender]: TIMING_SENDER ros_gap_ms=49.841/51.462/52.783 callback_ms=0.057/0.069/0.088 sendto_ms=0.056/0.067/0.086 cmd_age_ms=30.887 count=20 errors=0 errno=0 seq=7155 cmd=(0.500,-0.000,-0.019)
[INFO] [1784986579.153119577] [cmd_vel_udp_sender]: TIMING_SENDER ros_gap_ms=50.002/50.501/50.633 callback_ms=0.053/0.069/0.070 sendto_ms=0.051/0.067/0.068 cmd_age_ms=30.867 count=20 errors=0 errno=0 seq=7175 cmd=(0.500,-0.000,0.002)
[INFO] [1784986580.153162995] [cmd_vel_udp_sender]: TIMING_SENDER ros_gap_ms=49.997/52.009/55.077 callback_ms=0.052/0.063/0.086 sendto_ms=0.050/0.061/0.084 cmd_age_ms=30.973 count=20 errors=0 errno=0 seq=7195 cmd=(0.500,-0.000,0.006)
[INFO] [1784986581.153209365] [cmd_vel_udp_sender]: TIMING_SENDER ros_gap_ms=49.990/51.419/52.707 callback_ms=0.055/0.073/0.074 sendto_ms=0.053/0.072/0.072 cmd_age_ms=31.229 count=20 errors=0 errno=0 seq=7215 cmd=(0.500,-0.000,-0.021)
[INFO] [1784986582.153257889] [cmd_vel_udp_sender]: TIMING_SENDER ros_gap_ms=50.031/51.865/54.318 callback_ms=0.054/0.067/0.088 sendto_ms=0.053/0.065/0.087 cmd_age_ms=30.662 count=20 errors=0 errno=0 seq=7235 cmd=(0.500,-0.000,-0.005)
[INFO] [1784986583.153337366] [cmd_vel_udp_sender]: TIMING_SENDER ros_gap_ms=49.984/50.890/51.489 callback_ms=0.059/0.073/0.093 sendto_ms=0.058/0.071/0.091 cmd_age_ms=31.069 count=20 errors=0 errno=0 seq=7255 cmd=(0.500,-0.000,0.002)
[INFO] [1784986584.153326096] [cmd_vel_udp_sender]: TIMING_SENDER ros_gap_ms=50.086/56.280/59.959 callback_ms=0.050/0.059/0.070 sendto_ms=0.048/0.057/0.068 cmd_age_ms=29.347 count=20 errors=0 errno=0 seq=7275 cmd=(0.500,-0.000,-0.016)
[INFO] [1784986585.153368533] [cmd_vel_udp_sender]: TIMING_SENDER ros_gap_ms=49.923/51.421/52.720 callback_ms=0.055/0.066/0.070 sendto_ms=0.053/0.064/0.068 cmd_age_ms=30.929 count=20 errors=0 errno=0 seq=7295 cmd=(0.500,-0.000,-0.024)
[INFO] [1784986586.153419683] [cmd_vel_udp_sender]: TIMING_SENDER ros_gap_ms=50.269/52.134/54.370 callback_ms=0.053/0.072/0.077 sendto_ms=0.052/0.070/0.075 cmd_age_ms=25.608 count=20 errors=0 errno=0 seq=7315 cmd=(0.500,-0.000,-0.005)
[INFO] [1784986587.153472986] [cmd_vel_udp_sender]: TIMING_SENDER ros_gap_ms=49.716/51.434/51.531 callback_ms=0.060/0.075/0.080 sendto_ms=0.059/0.073/0.079 cmd_age_ms=31.343 count=20 errors=0 errno=0 seq=7335 cmd=(0.500,-0.000,-0.008)
[INFO] [1784986588.153495927] [cmd_vel_udp_sender]: TIMING_SENDER ros_gap_ms=50.006/51.547/59.360 callback_ms=0.055/0.066/0.072 sendto_ms=0.054/0.065/0.070 cmd_age_ms=31.248 count=20 errors=0 errno=0 seq=7355 cmd=(0.500,-0.000,-0.003)
[INFO] [1784986589.153547871] [cmd_vel_udp_sender]: TIMING_SENDER ros_gap_ms=50.032/54.379/55.867 callback_ms=0.054/0.070/0.071 sendto_ms=0.052/0.069/0.070 cmd_age_ms=30.665 count=20 errors=0 errno=0 seq=7375 cmd=(0.500,-0.000,-0.003)
[INFO] [1784986590.153566126] [cmd_vel_udp_sender]: TIMING_SENDER ros_gap_ms=50.252/51.817/55.646 callback_ms=0.053/0.062/0.064 sendto_ms=0.052/0.060/0.062 cmd_age_ms=25.644 count=20 errors=0 errno=0 seq=7395 cmd=(0.500,-0.000,0.019)
[INFO] [1784986591.153644263] [cmd_vel_udp_sender]: TIMING_SENDER ros_gap_ms=49.889/54.530/55.230 callback_ms=0.069/0.067/0.501 sendto_ms=0.068/0.065/0.499 cmd_age_ms=27.944 count=20 errors=0 errno=0 seq=7415 cmd=(0.500,-0.000,-0.026)
[INFO] [1784986592.153656870] [cmd_vel_udp_sender]: TIMING_SENDER ros_gap_ms=49.826/53.459/59.096 callback_ms=0.043/0.062/0.069 sendto_ms=0.042/0.061/0.067 cmd_age_ms=31.432 count=20 errors=0 errno=0 seq=7435 cmd=(0.500,-0.000,-0.013)
[INFO] [1784986593.153714352] [cmd_vel_udp_sender]: TIMING_SENDER ros_gap_ms=50.130/53.432/60.163 callback_ms=0.051/0.062/0.063 sendto_ms=0.050/0.061/0.061 cmd_age_ms=28.886 count=20 errors=0 errno=0 seq=7455 cmd=(0.500,-0.000,0.009)
[INFO] [1784986594.153888839] [cmd_vel_udp_sender]: TIMING_SENDER ros_gap_ms=49.899/53.137/55.498 callback_ms=0.050/0.061/0.082 sendto_ms=0.048/0.060/0.081 cmd_age_ms=31.091 count=20 errors=0 errno=0 seq=7475 cmd=(0.500,-0.000,0.012)
[INFO] [1784986595.153793371] [cmd_vel_udp_sender]: TIMING_SENDER ros_gap_ms=49.966/53.004/56.515 callback_ms=0.048/0.061/0.064 sendto_ms=0.046/0.060/0.062 cmd_age_ms=31.677 count=20 errors=0 errno=0 seq=7495 cmd=(0.500,-0.000,0.011)
[INFO] [1784986596.153847038] [cmd_vel_udp_sender]: TIMING_SENDER ros_gap_ms=50.014/51.361/52.838 callback_ms=0.054/0.086/0.101 sendto_ms=0.053/0.085/0.099 cmd_age_ms=31.450 count=20 errors=0 errno=0 seq=7515 cmd=(0.500,-0.000,-0.043)
[INFO] [1784986597.153890057] [cmd_vel_udp_sender]: TIMING_SENDER ros_gap_ms=49.993/52.014/53.344 callback_ms=0.055/0.066/0.099 sendto_ms=0.053/0.064/0.097 cmd_age_ms=31.626 count=20 errors=0 errno=0 seq=7535 cmd=(0.500,-0.000,0.016)
[INFO] [1784986598.153930300] [cmd_vel_udp_sender]: TIMING_SENDER ros_gap_ms=50.225/55.627/55.970 callback_ms=0.054/0.067/0.075 sendto_ms=0.052/0.065/0.074 cmd_age_ms=27.163 count=20 errors=0 errno=0 seq=7555 cmd=(0.500,-0.000,-0.016)
[INFO] [1784986599.153978487] [cmd_vel_udp_sender]: TIMING_SENDER ros_gap_ms=49.907/51.928/54.713 callback_ms=0.052/0.068/0.074 sendto_ms=0.051/0.067/0.073 cmd_age_ms=29.070 count=20 errors=0 errno=0 seq=7575 cmd=(0.500,-0.000,-0.022)
[INFO] [1784986600.154014811] [cmd_vel_udp_sender]: TIMING_SENDER ros_gap_ms=49.861/50.890/51.029 callback_ms=0.054/0.071/0.072 sendto_ms=0.053/0.070/0.070 cmd_age_ms=31.883 count=20 errors=0 errno=0 seq=7595 cmd=(0.500,-0.000,0.011)
[INFO] [1784986601.154058503] [cmd_vel_udp_sender]: TIMING_SENDER ros_gap_ms=50.022/53.247/57.859 callback_ms=0.054/0.064/0.065 sendto_ms=0.053/0.062/0.063 cmd_age_ms=31.487 count=20 errors=0 errno=0 seq=7615 cmd=(0.500,-0.000,-0.013)
[INFO] [1784986602.154143069] [cmd_vel_udp_sender]: TIMING_SENDER ros_gap_ms=50.031/52.381/56.014 callback_ms=0.053/0.066/0.072 sendto_ms=0.052/0.064/0.070 cmd_age_ms=30.956 count=20 errors=0 errno=0 seq=7635 cmd=(0.500,-0.000,-0.015)
[INFO] [1784986603.154145112] [cmd_vel_udp_sender]: TIMING_SENDER ros_gap_ms=49.967/51.475/51.973 callback_ms=0.056/0.069/0.075 sendto_ms=0.054/0.068/0.073 cmd_age_ms=31.613 count=20 errors=0 errno=0 seq=7655 cmd=(0.500,-0.000,-0.005)
[INFO] [1784986604.154193501] [cmd_vel_udp_sender]: TIMING_SENDER ros_gap_ms=49.989/51.994/55.979 callback_ms=0.051/0.066/0.068 sendto_ms=0.049/0.064/0.066 cmd_age_ms=31.877 count=20 errors=0 errno=0 seq=7675 cmd=(0.500,-0.000,-0.019)
[INFO] [1784986605.154245578] [cmd_vel_udp_sender]: TIMING_SENDER ros_gap_ms=50.029/50.750/53.092 callback_ms=0.066/0.070/0.251 sendto_ms=0.064/0.069/0.249 cmd_age_ms=31.348 count=20 errors=0 errno=0 seq=7695 cmd=(0.500,-0.000,-0.023)
[INFO] [1784986606.154291744] [cmd_vel_udp_sender]: TIMING_SENDER ros_gap_ms=49.966/52.297/53.989 callback_ms=0.055/0.069/0.069 sendto_ms=0.054/0.067/0.067 cmd_age_ms=32.083 count=20 errors=0 errno=0 seq=7715 cmd=(0.500,-0.000,0.001)
[INFO] [1784986607.154345406] [cmd_vel_udp_sender]: TIMING_SENDER ros_gap_ms=49.997/51.600/51.648 callback_ms=0.056/0.067/0.093 sendto_ms=0.055/0.065/0.091 cmd_age_ms=32.195 count=20 errors=0 errno=0 seq=7735 cmd=(0.500,-0.000,-0.016)
[INFO] [1784986608.154345890] [cmd_vel_udp_sender]: TIMING_SENDER ros_gap_ms=50.004/54.480/54.892 callback_ms=0.059/0.089/0.094 sendto_ms=0.057/0.087/0.093 cmd_age_ms=32.120 count=20 errors=0 errno=0 seq=7755 cmd=(0.500,-0.000,-0.022)
[INFO] [1784986609.154481396] [cmd_vel_udp_sender]: TIMING_SENDER ros_gap_ms=49.991/51.677/52.399 callback_ms=0.053/0.064/0.067 sendto_ms=0.051/0.062/0.066 cmd_age_ms=32.429 count=20 errors=0 errno=0 seq=7775 cmd=(0.500,-0.000,-0.004)
[INFO] [1784986610.154430790] [cmd_vel_udp_sender]: TIMING_SENDER ros_gap_ms=50.058/51.132/52.708 callback_ms=0.049/0.058/0.060 sendto_ms=0.047/0.056/0.059 cmd_age_ms=31.219 count=20 errors=0 errno=0 seq=7795 cmd=(0.500,-0.000,-0.019)
[INFO] [1784986611.154496390] [cmd_vel_udp_sender]: TIMING_SENDER ros_gap_ms=49.953/52.805/55.072 callback_ms=0.055/0.064/0.074 sendto_ms=0.053/0.062/0.073 cmd_age_ms=32.230 count=20 errors=0 errno=0 seq=7815 cmd=(0.500,-0.000,0.017)
[INFO] [1784986612.154513611] [cmd_vel_udp_sender]: TIMING_SENDER ros_gap_ms=50.236/52.140/54.979 callback_ms=0.049/0.067/0.068 sendto_ms=0.047/0.066/0.067 cmd_age_ms=27.522 count=20 errors=0 errno=0 seq=7835 cmd=(0.500,-0.000,0.007)
[INFO] [1784986613.154582459] [cmd_vel_udp_sender]: TIMING_SENDER ros_gap_ms=49.828/53.242/53.491 callback_ms=0.052/0.066/0.067 sendto_ms=0.051/0.064/0.066 cmd_age_ms=31.023 count=20 errors=0 errno=0 seq=7855 cmd=(0.500,-0.000,-0.026)
[INFO] [1784986614.154603056] [cmd_vel_udp_sender]: TIMING_SENDER ros_gap_ms=49.985/50.908/51.258 callback_ms=0.056/0.078/0.094 sendto_ms=0.054/0.077/0.092 cmd_age_ms=31.348 count=20 errors=0 errno=0 seq=7875 cmd=(0.500,-0.000,0.013)
[INFO] [1784986615.154647183] [cmd_vel_udp_sender]: TIMING_SENDER ros_gap_ms=50.023/52.441/54.385 callback_ms=0.053/0.064/0.066 sendto_ms=0.051/0.062/0.065 cmd_age_ms=30.939 count=20 errors=0 errno=0 seq=7895 cmd=(0.500,-0.000,-0.033)
[INFO] [1784986616.154686422] [cmd_vel_udp_sender]: TIMING_SENDER ros_gap_ms=49.923/50.881/51.223 callback_ms=0.055/0.077/0.086 sendto_ms=0.054/0.075/0.084 cmd_age_ms=32.510 count=20 errors=0 errno=0 seq=7915 cmd=(0.500,-0.000,-0.034)
[INFO] [1784986617.154714821] [cmd_vel_udp_sender]: TIMING_SENDER ros_gap_ms=50.000/52.366/57.596 callback_ms=0.052/0.072/0.076 sendto_ms=0.050/0.070/0.074 cmd_age_ms=32.539 count=20 errors=0 errno=0 seq=7935 cmd=(0.500,-0.000,0.001)
[INFO] [1784986618.154760060] [cmd_vel_udp_sender]: TIMING_SENDER ros_gap_ms=49.994/52.167/59.812 callback_ms=0.050/0.077/0.086 sendto_ms=0.048/0.075/0.084 cmd_age_ms=32.695 count=20 errors=0 errno=0 seq=7955 cmd=(0.500,-0.000,-0.026)
[INFO] [1784986619.154815099] [cmd_vel_udp_sender]: TIMING_SENDER ros_gap_ms=50.056/59.641/59.731 callback_ms=0.051/0.064/0.065 sendto_ms=0.049/0.062/0.063 cmd_age_ms=31.632 count=20 errors=0 errno=0 seq=7975 cmd=(0.500,-0.000,0.021)
[INFO] [1784986620.154854146] [cmd_vel_udp_sender]: TIMING_SENDER ros_gap_ms=49.944/63.310/71.927 callback_ms=0.055/0.062/0.063 sendto_ms=0.053/0.061/0.061 cmd_age_ms=32.790 count=20 errors=0 errno=0 seq=7995 cmd=(0.500,-0.000,0.002)
[INFO] [1784986621.154898897] [cmd_vel_udp_sender]: TIMING_SENDER ros_gap_ms=49.996/57.288/61.617 callback_ms=0.287/0.068/4.756 sendto_ms=0.286/0.066/4.754 cmd_age_ms=32.917 count=20 errors=0 errno=0 seq=8015 cmd=(0.500,-0.000,0.005)
[INFO] [1784986622.154964393] [cmd_vel_udp_sender]: TIMING_SENDER ros_gap_ms=50.085/54.656/55.217 callback_ms=0.054/0.068/0.071 sendto_ms=0.053/0.066/0.069 cmd_age_ms=31.277 count=20 errors=0 errno=0 seq=8035 cmd=(0.500,-0.000,-0.008)
[INFO] [1784986623.154976135] [cmd_vel_udp_sender]: TIMING_SENDER ros_gap_ms=49.923/51.378/52.508 callback_ms=0.054/0.069/0.071 sendto_ms=0.052/0.068/0.069 cmd_age_ms=32.820 count=20 errors=0 errno=0 seq=8055 cmd=(0.500,-0.000,-0.099)
[INFO] [1784986624.155033167] [cmd_vel_udp_sender]: TIMING_SENDER ros_gap_ms=49.999/51.177/51.443 callback_ms=0.075/0.078/0.492 sendto_ms=0.073/0.076/0.472 cmd_age_ms=32.889 count=20 errors=0 errno=0 seq=8075 cmd=(0.500,-0.000,-0.055)
[INFO] [1784986625.155066621] [cmd_vel_udp_sender]: TIMING_SENDER ros_gap_ms=50.002/51.302/55.222 callback_ms=0.052/0.068/0.071 sendto_ms=0.051/0.067/0.070 cmd_age_ms=32.876 count=20 errors=0 errno=0 seq=8095 cmd=(0.500,-0.000,-0.070)
[INFO] [1784986626.155124981] [cmd_vel_udp_sender]: TIMING_SENDER ros_gap_ms=50.079/51.213/51.840 callback_ms=0.053/0.064/0.074 sendto_ms=0.052/0.062/0.073 cmd_age_ms=31.354 count=20 errors=0 errno=0 seq=8115 cmd=(0.500,-0.000,-0.025)
[INFO] [1784986627.155144659] [cmd_vel_udp_sender]: TIMING_SENDER ros_gap_ms=49.922/53.585/56.848 callback_ms=0.054/0.066/0.078 sendto_ms=0.052/0.065/0.076 cmd_age_ms=32.932 count=20 errors=0 errno=0 seq=8135 cmd=(0.500,-0.000,-0.047)
[INFO] [1784986628.155229531] [cmd_vel_udp_sender]: TIMING_SENDER ros_gap_ms=50.118/51.119/52.663 callback_ms=0.049/0.060/0.064 sendto_ms=0.047/0.058/0.062 cmd_age_ms=30.654 count=20 errors=0 errno=0 seq=8155 cmd=(0.500,-0.000,-0.039)
[INFO] [1784986629.155237960] [cmd_vel_udp_sender]: TIMING_SENDER ros_gap_ms=49.877/53.194/55.435 callback_ms=0.060/0.068/0.155 sendto_ms=0.058/0.067/0.154 cmd_age_ms=33.122 count=20 errors=0 errno=0 seq=8175 cmd=(0.500,-0.000,-0.004)
[INFO] [1784986630.155289951] [cmd_vel_udp_sender]: TIMING_SENDER ros_gap_ms=50.011/50.426/50.940 callback_ms=0.053/0.064/0.064 sendto_ms=0.051/0.062/0.063 cmd_age_ms=32.962 count=20 errors=0 errno=0 seq=8195 cmd=(0.500,-0.000,0.003)
[INFO] [1784986631.155324157] [cmd_vel_udp_sender]: TIMING_SENDER ros_gap_ms=49.988/52.802/53.738 callback_ms=0.050/0.059/0.060 sendto_ms=0.049/0.058/0.058 cmd_age_ms=33.230 count=20 errors=0 errno=0 seq=8215 cmd=(0.500,-0.000,0.010)
[INFO] [1784986632.155352258] [cmd_vel_udp_sender]: TIMING_SENDER ros_gap_ms=50.399/53.457/57.963 callback_ms=0.059/0.081/0.085 sendto_ms=0.057/0.080/0.083 cmd_age_ms=25.278 count=20 errors=0 errno=0 seq=8235 cmd=(0.500,-0.000,0.000)
[INFO] [1784986633.155408977] [cmd_vel_udp_sender]: TIMING_SENDER ros_gap_ms=49.604/53.004/55.473 callback_ms=0.051/0.066/0.078 sendto_ms=0.050/0.064/0.076 cmd_age_ms=33.259 count=20 errors=0 errno=0 seq=8255 cmd=(0.500,-0.000,-0.016)
[INFO] [1784986634.155444102] [cmd_vel_udp_sender]: TIMING_SENDER ros_gap_ms=49.998/50.763/50.809 callback_ms=0.050/0.060/0.063 sendto_ms=0.049/0.059/0.061 cmd_age_ms=33.340 count=20 errors=0 errno=0 seq=8275 cmd=(0.500,-0.000,-0.006)
[INFO] [1784986635.155505828] [cmd_vel_udp_sender]: TIMING_SENDER ros_gap_ms=50.004/52.626/54.270 callback_ms=0.051/0.063/0.073 sendto_ms=0.050/0.061/0.072 cmd_age_ms=33.319 count=20 errors=0 errno=0 seq=8295 cmd=(0.500,-0.000,-0.030)
[INFO] [1784986636.155564714] [cmd_vel_udp_sender]: TIMING_SENDER ros_gap_ms=50.002/52.869/55.930 callback_ms=0.054/0.071/0.076 sendto_ms=0.052/0.070/0.074 cmd_age_ms=33.338 count=20 errors=0 errno=0 seq=8315 cmd=(0.500,-0.000,0.005)
[INFO] [1784986637.155574774] [cmd_vel_udp_sender]: TIMING_SENDER ros_gap_ms=50.380/54.110/57.801 callback_ms=0.055/0.070/0.093 sendto_ms=0.054/0.068/0.091 cmd_age_ms=25.743 count=20 errors=0 errno=0 seq=8335 cmd=(0.500,-0.000,-0.039)
[INFO] [1784986638.155620139] [cmd_vel_udp_sender]: TIMING_SENDER ros_gap_ms=49.850/54.407/56.401 callback_ms=0.077/0.074/0.486 sendto_ms=0.075/0.072/0.485 cmd_age_ms=28.799 count=20 errors=0 errno=0 seq=8355 cmd=(0.500,-0.000,-0.023)
[INFO] [1784986639.155648839] [cmd_vel_udp_sender]: TIMING_SENDER ros_gap_ms=49.830/51.482/57.080 callback_ms=0.051/0.063/0.068 sendto_ms=0.050/0.062/0.066 cmd_age_ms=32.222 count=20 errors=0 errno=0 seq=8375 cmd=(0.500,-0.000,-0.017)
[INFO] [1784986640.155685706] [cmd_vel_udp_sender]: TIMING_SENDER ros_gap_ms=49.942/51.787/56.376 callback_ms=0.053/0.070/0.089 sendto_ms=0.051/0.068/0.087 cmd_age_ms=33.427 count=20 errors=0 errno=0 seq=8395 cmd=(0.500,-0.000,-0.003)
[INFO] [1784986641.155747159] [cmd_vel_udp_sender]: TIMING_SENDER ros_gap_ms=50.004/50.994/53.922 callback_ms=0.048/0.054/0.062 sendto_ms=0.046/0.053/0.061 cmd_age_ms=33.415 count=20 errors=0 errno=0 seq=8415 cmd=(0.500,-0.000,0.008)
[INFO] [1784986642.155803435] [cmd_vel_udp_sender]: TIMING_SENDER ros_gap_ms=49.994/56.003/57.181 callback_ms=0.052/0.065/0.067 sendto_ms=0.051/0.063/0.066 cmd_age_ms=33.593 count=20 errors=0 errno=0 seq=8435 cmd=(0.500,-0.000,-0.024)
[INFO] [1784986643.157991073] [cmd_vel_udp_sender]: TIMING_SENDER ros_gap_ms=50.018/60.447/66.075 callback_ms=0.049/0.061/0.070 sendto_ms=0.048/0.060/0.069 cmd_age_ms=35.421 count=20 errors=0 errno=0 seq=8455 cmd=(0.500,-0.000,0.002)
[INFO] [1784986644.155869064] [cmd_vel_udp_sender]: TIMING_SENDER ros_gap_ms=49.975/53.264/55.713 callback_ms=0.047/0.062/0.063 sendto_ms=0.045/0.060/0.061 cmd_age_ms=33.805 count=20 errors=0 errno=0 seq=8475 cmd=(0.500,-0.000,-0.057)
[INFO] [1784986645.155902738] [cmd_vel_udp_sender]: TIMING_SENDER ros_gap_ms=50.001/55.685/58.179 callback_ms=0.048/0.067/0.070 sendto_ms=0.046/0.063/0.065 cmd_age_ms=33.821 count=20 errors=0 errno=0 seq=8495 cmd=(0.500,-0.000,-0.022)
[INFO] [1784986646.155952933] [cmd_vel_udp_sender]: TIMING_SENDER ros_gap_ms=49.997/55.271/55.363 callback_ms=0.045/0.053/0.055 sendto_ms=0.043/0.051/0.053 cmd_age_ms=33.928 count=20 errors=0 errno=0 seq=8515 cmd=(0.500,-0.000,-0.001)
[INFO] [1784986647.156008287] [cmd_vel_udp_sender]: TIMING_SENDER ros_gap_ms=49.998/51.479/56.030 callback_ms=0.046/0.054/0.060 sendto_ms=0.044/0.053/0.059 cmd_age_ms=34.024 count=20 errors=0 errno=0 seq=8535 cmd=(0.500,-0.000,-0.004)
[INFO] [1784986648.156186662] [cmd_vel_udp_sender]: TIMING_SENDER ros_gap_ms=50.007/54.944/64.672 callback_ms=0.047/0.059/0.062 sendto_ms=0.046/0.058/0.060 cmd_age_ms=34.070 count=20 errors=0 errno=0 seq=8555 cmd=(0.500,-0.000,0.005)
[INFO] [1784986649.156079177] [cmd_vel_udp_sender]: TIMING_SENDER ros_gap_ms=50.004/53.264/58.302 callback_ms=0.052/0.075/0.100 sendto_ms=0.051/0.074/0.098 cmd_age_ms=33.890 count=20 errors=0 errno=0 seq=8575 cmd=(0.500,-0.000,-0.002)
[INFO] [1784986650.156120825] [cmd_vel_udp_sender]: TIMING_SENDER ros_gap_ms=50.006/52.434/53.113 callback_ms=0.053/0.071/0.078 sendto_ms=0.051/0.070/0.076 cmd_age_ms=33.803 count=20 errors=0 errno=0 seq=8595 cmd=(0.500,-0.000,0.001)
[INFO] [1784986651.156162641] [cmd_vel_udp_sender]: TIMING_SENDER ros_gap_ms=49.999/51.529/56.554 callback_ms=0.051/0.062/0.067 sendto_ms=0.050/0.061/0.066 cmd_age_ms=33.866 count=20 errors=0 errno=0 seq=8615 cmd=(0.500,-0.000,-0.010)
[INFO] [1784986652.156205008] [cmd_vel_udp_sender]: TIMING_SENDER ros_gap_ms=50.202/54.085/63.929 callback_ms=0.057/0.074/0.076 sendto_ms=0.056/0.073/0.074 cmd_age_ms=29.867 count=20 errors=0 errno=0 seq=8635 cmd=(0.500,-0.000,-0.007)
[INFO] [1784986653.156263000] [cmd_vel_udp_sender]: TIMING_SENDER ros_gap_ms=49.797/52.523/57.564 callback_ms=0.056/0.079/0.090 sendto_ms=0.054/0.077/0.088 cmd_age_ms=33.986 count=20 errors=0 errno=0 seq=8655 cmd=(0.500,-0.000,0.009)
[INFO] [1784986654.156287974] [cmd_vel_udp_sender]: TIMING_SENDER ros_gap_ms=50.049/52.731/54.117 callback_ms=0.055/0.076/0.084 sendto_ms=0.054/0.074/0.082 cmd_age_ms=33.029 count=20 errors=0 errno=0 seq=8675 cmd=(0.500,-0.000,-0.005)
[INFO] [1784986655.156342748] [cmd_vel_udp_sender]: TIMING_SENDER ros_gap_ms=49.960/54.671/57.137 callback_ms=0.054/0.070/0.091 sendto_ms=0.052/0.069/0.090 cmd_age_ms=33.889 count=20 errors=0 errno=0 seq=8695 cmd=(0.500,-0.000,-0.012)
[INFO] [1784986656.156382490] [cmd_vel_udp_sender]: TIMING_SENDER ros_gap_ms=50.012/51.183/54.179 callback_ms=0.056/0.073/0.073 sendto_ms=0.054/0.071/0.072 cmd_age_ms=33.695 count=20 errors=0 errno=0 seq=8715 cmd=(0.500,-0.000,-0.026)
[INFO] [1784986657.156419358] [cmd_vel_udp_sender]: TIMING_SENDER ros_gap_ms=50.212/51.698/53.383 callback_ms=0.059/0.077/0.139 sendto_ms=0.058/0.076/0.138 cmd_age_ms=29.496 count=20 errors=0 errno=0 seq=8735 cmd=(0.500,-0.000,0.025)
[INFO] [1784986658.156471979] [cmd_vel_udp_sender]: TIMING_SENDER ros_gap_ms=49.777/51.123/56.142 callback_ms=0.051/0.067/0.088 sendto_ms=0.050/0.066/0.087 cmd_age_ms=34.006 count=20 errors=0 errno=0 seq=8755 cmd=(0.500,-0.000,-0.011)
[INFO] [1784986659.156501054] [cmd_vel_udp_sender]: TIMING_SENDER ros_gap_ms=50.042/52.556/58.037 callback_ms=0.058/0.076/0.128 sendto_ms=0.057/0.074/0.126 cmd_age_ms=33.196 count=20 errors=0 errno=0 seq=8775 cmd=(0.500,-0.000,-0.008)
[INFO] [1784986660.156519832] [cmd_vel_udp_sender]: TIMING_SENDER ros_gap_ms=49.943/51.108/51.458 callback_ms=0.051/0.063/0.066 sendto_ms=0.049/0.062/0.065 cmd_age_ms=34.356 count=20 errors=0 errno=0 seq=8795 cmd=(0.500,-0.000,-0.006)
[INFO] [1784986661.156589852] [cmd_vel_udp_sender]: TIMING_SENDER ros_gap_ms=50.067/51.355/51.860 callback_ms=0.050/0.060/0.075 sendto_ms=0.049/0.059/0.074 cmd_age_ms=33.085 count=20 errors=0 errno=0 seq=8815 cmd=(0.500,-0.000,0.025)
[INFO] [1784986662.156631494] [cmd_vel_udp_sender]: TIMING_SENDER ros_gap_ms=50.201/54.078/55.423 callback_ms=0.056/0.075/0.156 sendto_ms=0.055/0.074/0.155 cmd_age_ms=29.113 count=20 errors=0 errno=0 seq=8835 cmd=(0.500,-0.000,-0.009)
[INFO] [1784986663.156675512] [cmd_vel_udp_sender]: TIMING_SENDER ros_gap_ms=49.732/51.940/52.176 callback_ms=0.053/0.067/0.076 sendto_ms=0.051/0.065/0.075 cmd_age_ms=34.519 count=20 errors=0 errno=0 seq=8855 cmd=(0.500,-0.000,-0.008)
[INFO] [1784986664.156711024] [cmd_vel_udp_sender]: TIMING_SENDER ros_gap_ms=50.002/51.907/55.240 callback_ms=0.057/0.073/0.084 sendto_ms=0.055/0.071/0.082 cmd_age_ms=34.515 count=20 errors=0 errno=0 seq=8875 cmd=(0.500,-0.000,-0.003)
[INFO] [1784986665.156788945] [cmd_vel_udp_sender]: TIMING_SENDER ros_gap_ms=50.050/53.147/54.925 callback_ms=0.057/0.078/0.081 sendto_ms=0.055/0.076/0.080 cmd_age_ms=33.595 count=20 errors=0 errno=0 seq=8895 cmd=(0.500,-0.000,-0.019)
[INFO] [1784986666.156791511] [cmd_vel_udp_sender]: TIMING_SENDER ros_gap_ms=49.965/51.193/51.763 callback_ms=0.053/0.068/0.072 sendto_ms=0.051/0.067/0.070 cmd_age_ms=34.293 count=20 errors=0 errno=0 seq=8915 cmd=(0.500,-0.000,0.001)
[INFO] [1784986667.156843174] [cmd_vel_udp_sender]: TIMING_SENDER ros_gap_ms=49.988/52.708/55.900 callback_ms=0.053/0.070/0.070 sendto_ms=0.052/0.068/0.069 cmd_age_ms=34.582 count=20 errors=0 errno=0 seq=8935 cmd=(0.500,-0.000,-0.008)
[INFO] [1784986668.156897821] [cmd_vel_udp_sender]: TIMING_SENDER ros_gap_ms=49.995/50.142/51.585 callback_ms=0.054/0.070/0.077 sendto_ms=0.052/0.067/0.075 cmd_age_ms=34.739 count=20 errors=0 errno=0 seq=8955 cmd=(0.500,-0.000,0.013)
[INFO] [1784986669.156925049] [cmd_vel_udp_sender]: TIMING_SENDER ros_gap_ms=50.032/51.723/53.999 callback_ms=0.052/0.064/0.066 sendto_ms=0.051/0.063/0.065 cmd_age_ms=34.132 count=20 errors=0 errno=0 seq=8975 cmd=(0.500,-0.000,-0.010)
[INFO] [1784986670.162058390] [cmd_vel_udp_sender]: TIMING_SENDER ros_gap_ms=50.027/52.596/53.977 callback_ms=0.054/0.071/0.100 sendto_ms=0.053/0.070/0.098 cmd_age_ms=38.724 count=20 errors=0 errno=0 seq=8995 cmd=(0.500,-0.000,-0.025)
[INFO] [1784986671.157064396] [cmd_vel_udp_sender]: TIMING_SENDER ros_gap_ms=49.942/55.852/72.234 callback_ms=0.045/0.060/0.073 sendto_ms=0.044/0.059/0.071 cmd_age_ms=34.882 count=20 errors=0 errno=0 seq=9015 cmd=(0.500,-0.000,-0.025)
[INFO] [1784986672.157034396] [cmd_vel_udp_sender]: TIMING_SENDER ros_gap_ms=49.997/53.714/55.328 callback_ms=0.047/0.065/0.065 sendto_ms=0.046/0.063/0.063 cmd_age_ms=34.905 count=20 errors=0 errno=0 seq=9035 cmd=(0.500,-0.000,-0.030)
[INFO] [1784986673.157102199] [cmd_vel_udp_sender]: TIMING_SENDER ros_gap_ms=50.097/55.878/56.906 callback_ms=0.044/0.055/0.055 sendto_ms=0.042/0.053/0.054 cmd_age_ms=33.034 count=20 errors=0 errno=0 seq=9055 cmd=(0.500,-0.000,-0.083)
[INFO] [1784986674.157126104] [cmd_vel_udp_sender]: TIMING_SENDER ros_gap_ms=49.946/53.843/55.374 callback_ms=0.049/0.080/0.080 sendto_ms=0.048/0.078/0.079 cmd_age_ms=34.134 count=20 errors=0 errno=0 seq=9075 cmd=(0.500,-0.000,-0.030)
[INFO] [1784986675.157182593] [cmd_vel_udp_sender]: TIMING_SENDER ros_gap_ms=50.010/52.158/54.226 callback_ms=0.045/0.054/0.055 sendto_ms=0.043/0.052/0.054 cmd_age_ms=33.993 count=20 errors=0 errno=0 seq=9095 cmd=(0.500,-0.000,0.013)
[INFO] [1784986676.157221328] [cmd_vel_udp_sender]: TIMING_SENDER ros_gap_ms=49.950/52.042/59.588 callback_ms=0.062/0.058/0.370 sendto_ms=0.060/0.056/0.369 cmd_age_ms=35.030 count=20 errors=0 errno=0 seq=9115 cmd=(0.500,-0.000,-0.020)
[INFO] [1784986677.157261991] [cmd_vel_udp_sender]: TIMING_SENDER ros_gap_ms=49.997/54.130/58.148 callback_ms=0.064/0.090/0.245 sendto_ms=0.063/0.088/0.243 cmd_age_ms=35.123 count=20 errors=0 errno=0 seq=9135 cmd=(0.500,-0.000,-0.030)
[INFO] [1784986678.157330823] [cmd_vel_udp_sender]: TIMING_SENDER ros_gap_ms=50.006/52.650/53.599 callback_ms=0.130/0.062/1.661 sendto_ms=0.129/0.061/1.658 cmd_age_ms=35.075 count=20 errors=0 errno=0 seq=9155 cmd=(0.500,-0.000,-0.008)
[INFO] [1784986679.157361995] [cmd_vel_udp_sender]: TIMING_SENDER ros_gap_ms=50.084/51.792/52.246 callback_ms=0.053/0.079/0.079 sendto_ms=0.051/0.077/0.077 cmd_age_ms=33.425 count=20 errors=0 errno=0 seq=9175 cmd=(0.500,-0.000,-0.033)
[INFO] [1784986680.157439705] [cmd_vel_udp_sender]: TIMING_SENDER ros_gap_ms=49.949/54.412/56.504 callback_ms=0.058/0.072/0.074 sendto_ms=0.056/0.070/0.073 cmd_age_ms=34.518 count=20 errors=0 errno=0 seq=9195 cmd=(0.500,-0.000,-0.021)
[INFO] [1784986681.157442859] [cmd_vel_udp_sender]: TIMING_SENDER ros_gap_ms=49.959/51.594/52.072 callback_ms=0.055/0.072/0.073 sendto_ms=0.054/0.070/0.071 cmd_age_ms=35.347 count=20 errors=0 errno=0 seq=9215 cmd=(0.500,-0.000,-0.010)
[INFO] [1784986682.157475205] [cmd_vel_udp_sender]: TIMING_SENDER ros_gap_ms=50.063/54.119/57.901 callback_ms=0.057/0.077/0.092 sendto_ms=0.056/0.075/0.090 cmd_age_ms=34.128 count=20 errors=0 errno=0 seq=9235 cmd=(0.500,-0.000,0.015)
[INFO] [1784986683.157531304] [cmd_vel_udp_sender]: TIMING_SENDER ros_gap_ms=49.936/55.169/59.510 callback_ms=0.056/0.066/0.068 sendto_ms=0.054/0.065/0.066 cmd_age_ms=35.460 count=20 errors=0 errno=0 seq=9255 cmd=(0.500,-0.000,0.002)
[INFO] [1784986684.157578385] [cmd_vel_udp_sender]: TIMING_SENDER ros_gap_ms=50.009/51.103/51.881 callback_ms=0.049/0.060/0.067 sendto_ms=0.048/0.059/0.065 cmd_age_ms=35.335 count=20 errors=0 errno=0 seq=9275 cmd=(0.500,-0.000,-0.016)
[INFO] [1784986685.157605440] [cmd_vel_udp_sender]: TIMING_SENDER ros_gap_ms=49.992/53.234/53.966 callback_ms=0.064/0.090/0.107 sendto_ms=0.063/0.089/0.106 cmd_age_ms=35.516 count=20 errors=0 errno=0 seq=9295 cmd=(0.500,-0.000,-0.010)
[INFO] [1784986686.157667288] [cmd_vel_udp_sender]: TIMING_SENDER ros_gap_ms=50.043/50.767/50.847 callback_ms=0.051/0.066/0.066 sendto_ms=0.050/0.065/0.065 cmd_age_ms=34.721 count=20 errors=0 errno=0 seq=9315 cmd=(0.500,-0.000,-0.007)
[INFO] [1784986687.157700341] [cmd_vel_udp_sender]: TIMING_SENDER ros_gap_ms=49.961/52.713/53.558 callback_ms=0.061/0.090/0.197 sendto_ms=0.059/0.089/0.195 cmd_age_ms=35.540 count=20 errors=0 errno=0 seq=9335 cmd=(0.500,-0.000,-0.008)
[INFO] [1784986688.157755291] [cmd_vel_udp_sender]: TIMING_SENDER ros_gap_ms=49.996/50.855/51.024 callback_ms=0.054/0.066/0.076 sendto_ms=0.052/0.065/0.074 cmd_age_ms=35.680 count=20 errors=0 errno=0 seq=9355 cmd=(0.500,-0.000,-0.011)
[INFO] [1784986689.157795142] [cmd_vel_udp_sender]: TIMING_SENDER ros_gap_ms=50.001/53.125/56.977 callback_ms=0.055/0.066/0.083 sendto_ms=0.053/0.064/0.081 cmd_age_ms=35.692 count=20 errors=0 errno=0 seq=9375 cmd=(0.500,-0.000,-0.032)
[INFO] [1784986690.157821881] [cmd_vel_udp_sender]: TIMING_SENDER ros_gap_ms=50.005/53.360/53.977 callback_ms=0.052/0.063/0.063 sendto_ms=0.051/0.062/0.062 cmd_age_ms=35.613 count=20 errors=0 errno=0 seq=9395 cmd=(0.500,-0.000,-0.007)
[INFO] [1784986691.157866643] [cmd_vel_udp_sender]: TIMING_SENDER ros_gap_ms=49.995/50.753/51.579 callback_ms=0.054/0.064/0.073 sendto_ms=0.052/0.062/0.071 cmd_age_ms=35.761 count=20 errors=0 errno=0 seq=9415 cmd=(0.500,-0.000,-0.009)
[INFO] [1784986692.157916852] [cmd_vel_udp_sender]: TIMING_SENDER ros_gap_ms=50.014/53.071/54.512 callback_ms=0.055/0.074/0.075 sendto_ms=0.053/0.072/0.073 cmd_age_ms=35.529 count=20 errors=0 errno=0 seq=9435 cmd=(0.500,-0.000,-0.001)
[INFO] [1784986693.157969852] [cmd_vel_udp_sender]: TIMING_SENDER ros_gap_ms=49.990/51.971/53.537 callback_ms=0.052/0.063/0.068 sendto_ms=0.050/0.061/0.067 cmd_age_ms=35.784 count=20 errors=0 errno=0 seq=9455 cmd=(0.500,-0.000,-0.011)
[INFO] [1784986694.157970185] [cmd_vel_udp_sender]: TIMING_SENDER ros_gap_ms=50.076/52.601/55.993 callback_ms=0.047/0.058/0.068 sendto_ms=0.046/0.056/0.066 cmd_age_ms=34.265 count=20 errors=0 errno=0 seq=9475 cmd=(0.500,-0.000,-0.053)
[INFO] [1784986695.158028063] [cmd_vel_udp_sender]: TIMING_SENDER ros_gap_ms=49.931/50.936/52.133 callback_ms=0.054/0.065/0.067 sendto_ms=0.053/0.063/0.065 cmd_age_ms=35.703 count=20 errors=0 errno=0 seq=9495 cmd=(0.500,-0.000,-0.030)
[INFO] [1784986696.158069884] [cmd_vel_udp_sender]: TIMING_SENDER ros_gap_ms=50.016/51.830/52.501 callback_ms=0.051/0.064/0.065 sendto_ms=0.050/0.062/0.063 cmd_age_ms=35.432 count=20 errors=0 errno=0 seq=9515 cmd=(0.500,-0.000,0.024)
[INFO] [1784986697.158130464] [cmd_vel_udp_sender]: TIMING_SENDER ros_gap_ms=50.019/53.591/53.787 callback_ms=0.058/0.080/0.095 sendto_ms=0.056/0.078/0.094 cmd_age_ms=35.106 count=20 errors=0 errno=0 seq=9535 cmd=(0.500,-0.000,0.004)
[INFO] [1784986698.158158602] [cmd_vel_udp_sender]: TIMING_SENDER ros_gap_ms=49.954/50.677/51.072 callback_ms=0.054/0.066/0.070 sendto_ms=0.053/0.064/0.068 cmd_age_ms=36.046 count=20 errors=0 errno=0 seq=9555 cmd=(0.500,-0.000,-0.046)
[INFO] [1784986699.158443910] [cmd_vel_udp_sender]: TIMING_SENDER ros_gap_ms=50.147/56.064/56.224 callback_ms=0.050/0.064/0.076 sendto_ms=0.049/0.062/0.074 cmd_age_ms=33.393 count=20 errors=0 errno=0 seq=9575 cmd=(0.500,-0.000,-0.007)
[INFO] [1784986700.158250836] [cmd_vel_udp_sender]: TIMING_SENDER ros_gap_ms=49.859/56.938/60.331 callback_ms=0.046/0.062/0.063 sendto_ms=0.045/0.060/0.061 cmd_age_ms=36.011 count=20 errors=0 errno=0 seq=9595 cmd=(0.500,-0.000,-0.024)
[INFO] [1784986701.158365014] [cmd_vel_udp_sender]: TIMING_SENDER ros_gap_ms=50.279/53.087/53.488 callback_ms=0.052/0.099/0.105 sendto_ms=0.051/0.097/0.104 cmd_age_ms=30.546 count=20 errors=0 errno=0 seq=9615 cmd=(0.500,-0.000,-0.112)
[INFO] [1784986702.158447997] [cmd_vel_udp_sender]: TIMING_SENDER ros_gap_ms=49.751/54.054/66.997 callback_ms=0.054/0.063/0.153 sendto_ms=0.052/0.062/0.152 cmd_age_ms=35.603 count=20 errors=0 errno=0 seq=9635 cmd=(0.500,-0.000,-0.068)
[INFO] [1784986703.158407334] [cmd_vel_udp_sender]: TIMING_SENDER ros_gap_ms=49.964/59.380/59.873 callback_ms=0.046/0.067/0.068 sendto_ms=0.044/0.059/0.066 cmd_age_ms=36.275 count=20 errors=0 errno=0 seq=9655 cmd=(0.500,-0.000,-0.061)
[INFO] [1784986704.158469403] [cmd_vel_udp_sender]: TIMING_SENDER ros_gap_ms=49.995/51.415/54.593 callback_ms=0.054/0.068/0.069 sendto_ms=0.052/0.066/0.067 cmd_age_ms=36.437 count=20 errors=0 errno=0 seq=9675 cmd=(0.500,-0.000,-0.027)
[INFO] [1784986705.158475731] [cmd_vel_udp_sender]: TIMING_SENDER ros_gap_ms=50.005/51.650/52.347 callback_ms=0.052/0.069/0.084 sendto_ms=0.050/0.067/0.083 cmd_age_ms=36.348 count=20 errors=0 errno=0 seq=9695 cmd=(0.500,-0.000,-0.006)
[INFO] [1784986706.158511860] [cmd_vel_udp_sender]: TIMING_SENDER ros_gap_ms=50.059/52.239/62.883 callback_ms=0.055/0.073/0.085 sendto_ms=0.054/0.071/0.083 cmd_age_ms=35.211 count=20 errors=0 errno=0 seq=9715 cmd=(0.500,-0.000,-0.019)
[INFO] [1784986707.158559388] [cmd_vel_udp_sender]: TIMING_SENDER ros_gap_ms=49.943/53.710/55.306 callback_ms=0.052/0.074/0.077 sendto_ms=0.050/0.073/0.075 cmd_age_ms=36.395 count=20 errors=0 errno=0 seq=9735 cmd=(0.500,-0.000,-0.002)
[INFO] [1784986708.158595274] [cmd_vel_udp_sender]: TIMING_SENDER ros_gap_ms=49.999/51.552/52.335 callback_ms=0.053/0.064/0.069 sendto_ms=0.051/0.062/0.067 cmd_age_ms=36.455 count=20 errors=0 errno=0 seq=9755 cmd=(0.500,-0.000,0.011)
[INFO] [1784986709.158647392] [cmd_vel_udp_sender]: TIMING_SENDER ros_gap_ms=50.003/52.482/56.870 callback_ms=0.048/0.057/0.058 sendto_ms=0.047/0.055/0.057 cmd_age_ms=36.441 count=20 errors=0 errno=0 seq=9775 cmd=(0.500,-0.000,-0.007)
[INFO] [1784986710.158710204] [cmd_vel_udp_sender]: TIMING_SENDER ros_gap_ms=50.006/51.166/51.315 callback_ms=0.060/0.092/0.107 sendto_ms=0.058/0.090/0.105 cmd_age_ms=36.392 count=20 errors=0 errno=0 seq=9795 cmd=(0.500,-0.000,-0.021)
[INFO] [1784986711.158725886] [cmd_vel_udp_sender]: TIMING_SENDER ros_gap_ms=50.082/55.954/59.951 callback_ms=0.050/0.072/0.081 sendto_ms=0.047/0.066/0.070 cmd_age_ms=34.762 count=20 errors=0 errno=0 seq=9815 cmd=(0.500,-0.000,-0.109)
[INFO] [1784986712.158782120] [cmd_vel_udp_sender]: TIMING_SENDER ros_gap_ms=49.953/51.104/52.220 callback_ms=0.055/0.068/0.126 sendto_ms=0.054/0.067/0.124 cmd_age_ms=35.755 count=20 errors=0 errno=0 seq=9835 cmd=(0.500,-0.000,-0.096)
[INFO] [1784986713.158831768] [cmd_vel_udp_sender]: TIMING_SENDER ros_gap_ms=49.956/53.938/54.934 callback_ms=0.057/0.072/0.098 sendto_ms=0.055/0.070/0.096 cmd_age_ms=36.689 count=20 errors=0 errno=0 seq=9855 cmd=(0.500,-0.000,-0.070)
[INFO] [1784986714.158862734] [cmd_vel_udp_sender]: TIMING_SENDER ros_gap_ms=50.017/52.692/53.001 callback_ms=0.051/0.067/0.070 sendto_ms=0.050/0.065/0.068 cmd_age_ms=36.374 count=20 errors=0 errno=0 seq=9875 cmd=(0.500,-0.000,-0.040)
[INFO] [1784986715.158897579] [cmd_vel_udp_sender]: TIMING_SENDER ros_gap_ms=49.972/51.194/52.936 callback_ms=0.046/0.053/0.058 sendto_ms=0.045/0.051/0.057 cmd_age_ms=36.964 count=20 errors=0 errno=0 seq=9895 cmd=(0.500,-0.000,-0.039)
[INFO] [1784986716.158939983] [cmd_vel_udp_sender]: TIMING_SENDER ros_gap_ms=50.066/52.583/55.522 callback_ms=0.049/0.062/0.063 sendto_ms=0.047/0.061/0.062 cmd_age_ms=35.689 count=20 errors=0 errno=0 seq=9915 cmd=(0.500,-0.000,-0.058)
[INFO] [1784986717.158976314] [cmd_vel_udp_sender]: TIMING_SENDER ros_gap_ms=49.945/51.370/53.222 callback_ms=0.053/0.072/0.074 sendto_ms=0.051/0.070/0.073 cmd_age_ms=36.831 count=20 errors=0 errno=0 seq=9935 cmd=(0.500,-0.000,-0.070)
[INFO] [1784986718.159024427] [cmd_vel_udp_sender]: TIMING_SENDER ros_gap_ms=50.003/55.715/56.521 callback_ms=0.055/0.064/0.070 sendto_ms=0.053/0.062/0.068 cmd_age_ms=36.819 count=20 errors=0 errno=0 seq=9955 cmd=(0.500,-0.000,-0.057)
[INFO] [1784986719.159067171] [cmd_vel_udp_sender]: TIMING_SENDER ros_gap_ms=49.992/51.480/54.154 callback_ms=0.051/0.064/0.065 sendto_ms=0.049/0.062/0.063 cmd_age_ms=37.028 count=20 errors=0 errno=0 seq=9975 cmd=(0.500,-0.000,-0.002)
[INFO] [1784986720.159110370] [cmd_vel_udp_sender]: TIMING_SENDER ros_gap_ms=50.011/54.088/54.326 callback_ms=0.052/0.066/0.068 sendto_ms=0.050/0.064/0.066 cmd_age_ms=36.853 count=20 errors=0 errno=0 seq=9995 cmd=(0.500,-0.000,-0.019)
[INFO] [1784986721.159159015] [cmd_vel_udp_sender]: TIMING_SENDER ros_gap_ms=49.990/51.014/52.506 callback_ms=0.052/0.063/0.065 sendto_ms=0.050/0.062/0.063 cmd_age_ms=37.113 count=20 errors=0 errno=0 seq=10015 cmd=(0.500,-0.000,-0.027)
[INFO] [1784986722.159188818] [cmd_vel_udp_sender]: TIMING_SENDER ros_gap_ms=50.046/56.919/57.463 callback_ms=0.056/0.075/0.113 sendto_ms=0.054/0.073/0.111 cmd_age_ms=36.225 count=20 errors=0 errno=0 seq=10035 cmd=(0.500,-0.000,0.016)
[INFO] [1784986723.159235012] [cmd_vel_udp_sender]: TIMING_SENDER ros_gap_ms=49.962/51.463/56.049 callback_ms=0.051/0.066/0.067 sendto_ms=0.049/0.064/0.065 cmd_age_ms=37.033 count=20 errors=0 errno=0 seq=10055 cmd=(0.500,-0.000,-0.041)
[INFO] [1784986724.159273789] [cmd_vel_udp_sender]: TIMING_SENDER ros_gap_ms=50.181/53.647/54.017 callback_ms=0.051/0.061/0.067 sendto_ms=0.049/0.060/0.065 cmd_age_ms=33.451 count=20 errors=0 errno=0 seq=10075 cmd=(0.500,-0.000,-0.056)
[INFO] [1784986725.159333725] [cmd_vel_udp_sender]: TIMING_SENDER ros_gap_ms=49.829/51.601/53.283 callback_ms=0.052/0.063/0.066 sendto_ms=0.050/0.062/0.064 cmd_age_ms=36.926 count=20 errors=0 errno=0 seq=10095 cmd=(0.500,-0.000,-0.087)
[INFO] [1784986726.159373122] [cmd_vel_udp_sender]: TIMING_SENDER ros_gap_ms=50.054/52.613/60.055 callback_ms=0.049/0.064/0.073 sendto_ms=0.047/0.063/0.072 cmd_age_ms=35.882 count=20 errors=0 errno=0 seq=10115 cmd=(0.500,-0.000,-0.038)
[INFO] [1784986727.159429007] [cmd_vel_udp_sender]: TIMING_SENDER ros_gap_ms=49.972/53.532/54.683 callback_ms=0.041/0.045/0.076 sendto_ms=0.039/0.044/0.075 cmd_age_ms=36.488 count=20 errors=0 errno=0 seq=10135 cmd=(0.500,-0.000,-0.007)
[INFO] [1784986728.159961303] [cmd_vel_udp_sender]: TIMING_SENDER ros_gap_ms=49.954/52.292/52.594 callback_ms=0.042/0.054/0.056 sendto_ms=0.040/0.053/0.054 cmd_age_ms=37.934 count=20 errors=0 errno=0 seq=10155 cmd=(0.500,-0.000,-0.005)
[INFO] [1784986729.159760998] [cmd_vel_udp_sender]: TIMING_SENDER ros_gap_ms=50.068/61.232/64.215 callback_ms=0.046/0.079/0.082 sendto_ms=0.044/0.077/0.081 cmd_age_ms=36.379 count=20 errors=0 errno=0 seq=10175 cmd=(0.500,-0.000,-0.010)
[INFO] [1784986730.159528026] [cmd_vel_udp_sender]: TIMING_SENDER ros_gap_ms=49.933/55.142/57.077 callback_ms=0.048/0.059/0.062 sendto_ms=0.047/0.058/0.060 cmd_age_ms=37.494 count=20 errors=0 errno=0 seq=10195 cmd=(0.500,-0.000,-0.005)
[INFO] [1784986731.159581472] [cmd_vel_udp_sender]: TIMING_SENDER ros_gap_ms=50.005/56.895/61.830 callback_ms=0.043/0.061/0.067 sendto_ms=0.041/0.060/0.066 cmd_age_ms=37.441 count=20 errors=0 errno=0 seq=10215 cmd=(0.500,-0.000,-0.048)
[INFO] [1784986732.159616076] [cmd_vel_udp_sender]: TIMING_SENDER ros_gap_ms=50.043/51.657/53.460 callback_ms=0.047/0.063/0.071 sendto_ms=0.045/0.062/0.070 cmd_age_ms=36.620 count=20 errors=0 errno=0 seq=10235 cmd=(0.500,-0.000,-0.068)
[INFO] [1784986733.159669824] [cmd_vel_udp_sender]: TIMING_SENDER ros_gap_ms=49.960/53.120/55.460 callback_ms=0.044/0.053/0.055 sendto_ms=0.042/0.052/0.053 cmd_age_ms=37.466 count=20 errors=0 errno=0 seq=10255 cmd=(0.500,-0.000,0.020)
[INFO] [1784986734.159721050] [cmd_vel_udp_sender]: TIMING_SENDER ros_gap_ms=49.995/54.620/58.167 callback_ms=0.046/0.063/0.072 sendto_ms=0.045/0.061/0.070 cmd_age_ms=37.607 count=20 errors=0 errno=0 seq=10275 cmd=(0.500,-0.000,0.002)
[INFO] [1784986735.159759257] [cmd_vel_udp_sender]: TIMING_SENDER ros_gap_ms=49.998/50.447/52.476 callback_ms=0.054/0.064/0.071 sendto_ms=0.052/0.063/0.069 cmd_age_ms=37.682 count=20 errors=0 errno=0 seq=10295 cmd=(0.500,-0.000,-0.013)
[INFO] [1784986736.159802399] [cmd_vel_udp_sender]: TIMING_SENDER ros_gap_ms=50.075/53.398/55.406 callback_ms=0.052/0.065/0.069 sendto_ms=0.050/0.064/0.068 cmd_age_ms=36.224 count=20 errors=0 errno=0 seq=10315 cmd=(0.500,-0.000,-0.009)
[INFO] [1784986737.159839404] [cmd_vel_udp_sender]: TIMING_SENDER ros_gap_ms=49.930/51.800/52.487 callback_ms=0.053/0.068/0.068 sendto_ms=0.052/0.066/0.067 cmd_age_ms=37.655 count=20 errors=0 errno=0 seq=10335 cmd=(0.500,-0.000,0.034)
[INFO] [1784986738.159894303] [cmd_vel_udp_sender]: TIMING_SENDER ros_gap_ms=50.252/55.023/56.777 callback_ms=0.052/0.068/0.070 sendto_ms=0.050/0.066/0.068 cmd_age_ms=32.671 count=20 errors=0 errno=0 seq=10355 cmd=(0.500,-0.000,-0.031)
[INFO] [1784986739.159942137] [cmd_vel_udp_sender]: TIMING_SENDER ros_gap_ms=49.792/51.489/52.678 callback_ms=0.055/0.069/0.070 sendto_ms=0.054/0.068/0.068 cmd_age_ms=36.871 count=20 errors=0 errno=0 seq=10375 cmd=(0.500,-0.000,0.011)
[INFO] [1784986740.159978968] [cmd_vel_udp_sender]: TIMING_SENDER ros_gap_ms=49.958/52.787/53.837 callback_ms=0.056/0.067/0.075 sendto_ms=0.055/0.065/0.073 cmd_age_ms=37.750 count=20 errors=0 errno=0 seq=10395 cmd=(0.500,-0.000,-0.000)
[INFO] [1784986741.160009182] [cmd_vel_udp_sender]: TIMING_SENDER ros_gap_ms=49.994/52.710/55.512 callback_ms=0.053/0.079/0.083 sendto_ms=0.051/0.078/0.081 cmd_age_ms=37.893 count=20 errors=0 errno=0 seq=10415 cmd=(0.500,-0.000,0.008)
[INFO] [1784986742.160047114] [cmd_vel_udp_sender]: TIMING_SENDER ros_gap_ms=49.985/50.797/51.175 callback_ms=0.063/0.130/0.136 sendto_ms=0.061/0.129/0.134 cmd_age_ms=38.226 count=20 errors=0 errno=0 seq=10435 cmd=(0.500,-0.000,-0.003)
[INFO] [1784986743.160107293] [cmd_vel_udp_sender]: TIMING_SENDER ros_gap_ms=50.052/55.698/56.516 callback_ms=0.055/0.074/0.083 sendto_ms=0.054/0.073/0.082 cmd_age_ms=37.255 count=20 errors=0 errno=0 seq=10455 cmd=(0.500,-0.000,-0.008)
[INFO] [1784986744.160149910] [cmd_vel_udp_sender]: TIMING_SENDER ros_gap_ms=49.964/50.622/51.007 callback_ms=0.058/0.073/0.169 sendto_ms=0.056/0.071/0.167 cmd_age_ms=38.019 count=20 errors=0 errno=0 seq=10475 cmd=(0.500,-0.000,-0.034)
[INFO] [1784986745.160187989] [cmd_vel_udp_sender]: TIMING_SENDER ros_gap_ms=50.064/53.039/54.894 callback_ms=0.053/0.068/0.070 sendto_ms=0.052/0.066/0.068 cmd_age_ms=36.786 count=20 errors=0 errno=0 seq=10495 cmd=(0.500,-0.000,-0.020)
[INFO] [1784986746.160215418] [cmd_vel_udp_sender]: TIMING_SENDER ros_gap_ms=49.950/51.075/51.459 callback_ms=0.055/0.080/0.084 sendto_ms=0.054/0.079/0.082 cmd_age_ms=37.812 count=20 errors=0 errno=0 seq=10515 cmd=(0.500,-0.000,-0.008)
[INFO] [1784986747.160284518] [cmd_vel_udp_sender]: TIMING_SENDER ros_gap_ms=50.065/53.839/55.430 callback_ms=0.053/0.068/0.088 sendto_ms=0.051/0.066/0.087 cmd_age_ms=36.584 count=20 errors=0 errno=0 seq=10535 cmd=(0.500,-0.000,-0.021)
[INFO] [1784986748.160359450] [cmd_vel_udp_sender]: TIMING_SENDER ros_gap_ms=49.921/50.654/51.055 callback_ms=0.054/0.075/0.108 sendto_ms=0.053/0.073/0.106 cmd_age_ms=38.237 count=20 errors=0 errno=0 seq=10555 cmd=(0.500,-0.000,0.008)
[INFO] [1784986749.160370000] [cmd_vel_udp_sender]: TIMING_SENDER ros_gap_ms=50.045/52.148/52.780 callback_ms=0.056/0.069/0.080 sendto_ms=0.054/0.068/0.079 cmd_age_ms=37.340 count=20 errors=0 errno=0 seq=10575 cmd=(0.500,-0.000,-0.006)
[INFO] [1784986750.160428847] [cmd_vel_udp_sender]: TIMING_SENDER ros_gap_ms=50.001/51.711/56.624 callback_ms=0.052/0.061/0.066 sendto_ms=0.051/0.059/0.065 cmd_age_ms=37.381 count=20 errors=0 errno=0 seq=10595 cmd=(0.500,-0.000,-0.049)
[INFO] [1784986751.160450835] [cmd_vel_udp_sender]: TIMING_SENDER ros_gap_ms=50.128/52.128/53.497 callback_ms=0.049/0.057/0.062 sendto_ms=0.047/0.056/0.061 cmd_age_ms=34.837 count=20 errors=0 errno=0 seq=10615 cmd=(0.500,-0.000,0.005)
[INFO] [1784986752.160499518] [cmd_vel_udp_sender]: TIMING_SENDER ros_gap_ms=49.833/55.160/55.272 callback_ms=0.059/0.098/0.130 sendto_ms=0.058/0.096/0.129 cmd_age_ms=38.236 count=20 errors=0 errno=0 seq=10635 cmd=(0.500,-0.000,-0.081)
[INFO] [1784986753.160543983] [cmd_vel_udp_sender]: TIMING_SENDER ros_gap_ms=50.128/51.742/52.599 callback_ms=0.058/0.075/0.076 sendto_ms=0.056/0.074/0.074 cmd_age_ms=35.725 count=20 errors=0 errno=0 seq=10655 cmd=(0.500,-0.000,-0.015)
[INFO] [1784986754.160579814] [cmd_vel_udp_sender]: TIMING_SENDER ros_gap_ms=49.876/56.057/56.804 callback_ms=0.059/0.070/0.074 sendto_ms=0.058/0.068/0.073 cmd_age_ms=38.235 count=20 errors=0 errno=0 seq=10675 cmd=(0.500,-0.000,-0.028)
[INFO] [1784986755.160613987] [cmd_vel_udp_sender]: TIMING_SENDER ros_gap_ms=49.991/51.471/53.885 callback_ms=0.060/0.070/0.194 sendto_ms=0.058/0.069/0.193 cmd_age_ms=38.442 count=20 errors=0 errno=0 seq=10695 cmd=(0.500,-0.000,-0.034)
[INFO] [1784986756.160630501] [cmd_vel_udp_sender]: TIMING_SENDER ros_gap_ms=50.040/57.996/60.383 callback_ms=0.054/0.068/0.070 sendto_ms=0.052/0.066/0.069 cmd_age_ms=37.661 count=20 errors=0 errno=0 seq=10715 cmd=(0.500,-0.000,0.015)
[INFO] [1784986757.160713168] [cmd_vel_udp_sender]: TIMING_SENDER ros_gap_ms=50.061/53.034/60.983 callback_ms=0.057/0.071/0.076 sendto_ms=0.054/0.065/0.070 cmd_age_ms=36.521 count=20 errors=0 errno=0 seq=10735 cmd=(0.500,-0.000,0.007)
[INFO] [1784986758.166011875] [cmd_vel_udp_sender]: TIMING_SENDER ros_gap_ms=49.907/57.842/67.618 callback_ms=0.052/0.079/0.098 sendto_ms=0.051/0.078/0.096 cmd_age_ms=43.687 count=20 errors=0 errno=0 seq=10755 cmd=(0.500,-0.000,-0.044)
[INFO] [1784986759.160803190] [cmd_vel_udp_sender]: TIMING_SENDER ros_gap_ms=49.991/51.315/51.782 callback_ms=0.060/0.083/0.207 sendto_ms=0.058/0.082/0.206 cmd_age_ms=38.656 count=20 errors=0 errno=0 seq=10775 cmd=(0.500,-0.000,-0.019)
[INFO] [1784986760.160827377] [cmd_vel_udp_sender]: TIMING_SENDER ros_gap_ms=50.076/52.157/52.256 callback_ms=0.048/0.062/0.062 sendto_ms=0.046/0.060/0.060 cmd_age_ms=37.170 count=20 errors=0 errno=0 seq=10795 cmd=(0.500,-0.000,-0.017)
[INFO] [1784986761.160874995] [cmd_vel_udp_sender]: TIMING_SENDER ros_gap_ms=49.964/54.494/59.583 callback_ms=0.051/0.064/0.081 sendto_ms=0.050/0.063/0.080 cmd_age_ms=37.938 count=20 errors=0 errno=0 seq=10815 cmd=(0.500,-0.000,0.001)
[INFO] [1784986762.160912571] [cmd_vel_udp_sender]: TIMING_SENDER ros_gap_ms=49.965/52.023/54.712 callback_ms=0.056/0.071/0.080 sendto_ms=0.054/0.070/0.078 cmd_age_ms=38.677 count=20 errors=0 errno=0 seq=10835 cmd=(0.500,-0.000,0.006)
[INFO] [1784986763.160966665] [cmd_vel_udp_sender]: TIMING_SENDER ros_gap_ms=49.996/51.987/52.423 callback_ms=0.055/0.075/0.081 sendto_ms=0.054/0.074/0.079 cmd_age_ms=38.820 count=20 errors=0 errno=0 seq=10855 cmd=(0.500,-0.000,0.018)
[INFO] [1784986764.161012894] [cmd_vel_udp_sender]: TIMING_SENDER ros_gap_ms=50.044/54.264/54.738 callback_ms=0.054/0.074/0.076 sendto_ms=0.052/0.072/0.074 cmd_age_ms=37.995 count=20 errors=0 errno=0 seq=10875 cmd=(0.500,-0.000,0.040)
[INFO] [1784986765.161046327] [cmd_vel_udp_sender]: TIMING_SENDER ros_gap_ms=49.956/51.550/51.588 callback_ms=0.057/0.067/0.072 sendto_ms=0.055/0.065/0.071 cmd_age_ms=38.916 count=20 errors=0 errno=0 seq=10895 cmd=(0.500,-0.000,0.005)
[INFO] [1784986766.161088855] [cmd_vel_udp_sender]: TIMING_SENDER ros_gap_ms=50.014/51.371/54.286 callback_ms=0.053/0.074/0.090 sendto_ms=0.052/0.073/0.088 cmd_age_ms=38.687 count=20 errors=0 errno=0 seq=10915 cmd=(0.500,-0.000,-0.033)
[INFO] [1784986767.161138046] [cmd_vel_udp_sender]: TIMING_SENDER ros_gap_ms=49.987/50.247/50.973 callback_ms=0.053/0.070/0.081 sendto_ms=0.052/0.069/0.079 cmd_age_ms=39.005 count=20 errors=0 errno=0 seq=10935 cmd=(0.500,-0.000,-0.027)
[INFO] [1784986768.161188714] [cmd_vel_udp_sender]: TIMING_SENDER ros_gap_ms=50.007/53.415/54.538 callback_ms=0.052/0.069/0.071 sendto_ms=0.051/0.068/0.069 cmd_age_ms=38.907 count=20 errors=0 errno=0 seq=10955 cmd=(0.500,-0.000,-0.040)
[INFO] [1784986769.161232093] [cmd_vel_udp_sender]: TIMING_SENDER ros_gap_ms=49.990/50.570/51.371 callback_ms=0.055/0.072/0.109 sendto_ms=0.053/0.071/0.108 cmd_age_ms=39.156 count=20 errors=0 errno=0 seq=10975 cmd=(0.500,-0.000,-0.028)
[INFO] [1784986770.161293590] [cmd_vel_udp_sender]: TIMING_SENDER ros_gap_ms=50.006/51.239/51.402 callback_ms=0.058/0.095/0.108 sendto_ms=0.056/0.093/0.107 cmd_age_ms=39.094 count=20 errors=0 errno=0 seq=10995 cmd=(0.500,-0.000,-0.044)
[INFO] [1784986771.161310643] [cmd_vel_udp_sender]: TIMING_SENDER ros_gap_ms=50.000/53.903/57.985 callback_ms=0.052/0.066/0.068 sendto_ms=0.051/0.065/0.066 cmd_age_ms=39.115 count=20 errors=0 errno=0 seq=11015 cmd=(0.500,-0.000,-0.003)
[INFO] [1784986772.161358743] [cmd_vel_udp_sender]: TIMING_SENDER ros_gap_ms=49.998/51.977/52.493 callback_ms=0.049/0.066/0.088 sendto_ms=0.048/0.065/0.087 cmd_age_ms=39.207 count=20 errors=0 errno=0 seq=11035 cmd=(0.500,-0.000,-0.021)
[INFO] [1784986773.161401729] [cmd_vel_udp_sender]: TIMING_SENDER ros_gap_ms=49.998/55.295/56.196 callback_ms=0.050/0.067/0.073 sendto_ms=0.049/0.066/0.071 cmd_age_ms=39.291 count=20 errors=0 errno=0 seq=11055 cmd=(0.500,-0.000,0.016)
[INFO] [1784986774.161442705] [cmd_vel_udp_sender]: TIMING_SENDER ros_gap_ms=50.080/51.574/52.158 callback_ms=0.056/0.077/0.079 sendto_ms=0.055/0.076/0.077 cmd_age_ms=37.728 count=20 errors=0 errno=0 seq=11075 cmd=(0.500,-0.000,-0.041)
[INFO] [1784986775.161487687] [cmd_vel_udp_sender]: TIMING_SENDER ros_gap_ms=49.923/52.645/57.238 callback_ms=0.048/0.060/0.061 sendto_ms=0.047/0.059/0.060 cmd_age_ms=39.310 count=20 errors=0 errno=0 seq=11095 cmd=(0.500,-0.000,-0.044)
[INFO] [1784986776.161536355] [cmd_vel_udp_sender]: TIMING_SENDER ros_gap_ms=49.993/51.501/60.236 callback_ms=0.057/0.080/0.109 sendto_ms=0.055/0.078/0.107 cmd_age_ms=39.496 count=20 errors=0 errno=0 seq=11115 cmd=(0.500,-0.000,-0.017)
[INFO] [1784986777.161523746] [cmd_vel_udp_sender]: TIMING_SENDER ros_gap_ms=50.399/53.346/54.522 callback_ms=0.057/0.069/0.081 sendto_ms=0.056/0.067/0.080 cmd_age_ms=31.496 count=20 errors=0 errno=0 seq=11135 cmd=(0.500,-0.000,-0.057)
[INFO] [1784986778.161603979] [cmd_vel_udp_sender]: TIMING_SENDER ros_gap_ms=49.652/50.869/51.369 callback_ms=0.055/0.077/0.085 sendto_ms=0.053/0.076/0.083 cmd_age_ms=38.544 count=20 errors=0 errno=0 seq=11155 cmd=(0.500,-0.000,-0.006)
[INFO] [1784986779.161665241] [cmd_vel_udp_sender]: TIMING_SENDER ros_gap_ms=50.088/52.715/56.036 callback_ms=0.059/0.085/0.093 sendto_ms=0.058/0.083/0.091 cmd_age_ms=36.840 count=20 errors=0 errno=0 seq=11175 cmd=(0.500,-0.000,0.028)
[INFO] [1784986780.161701932] [cmd_vel_udp_sender]: TIMING_SENDER ros_gap_ms=49.903/53.106/55.358 callback_ms=0.055/0.072/0.074 sendto_ms=0.054/0.071/0.072 cmd_age_ms=38.819 count=20 errors=0 errno=0 seq=11195 cmd=(0.500,-0.000,0.028)
[INFO] [1784986781.161738149] [cmd_vel_udp_sender]: TIMING_SENDER ros_gap_ms=49.964/51.305/54.527 callback_ms=0.058/0.080/0.083 sendto_ms=0.056/0.079/0.081 cmd_age_ms=39.580 count=20 errors=0 errno=0 seq=11215 cmd=(0.500,-0.000,-0.051)
[INFO] [1784986782.161801701] [cmd_vel_udp_sender]: TIMING_SENDER ros_gap_ms=50.043/51.930/55.131 callback_ms=0.060/0.075/0.082 sendto_ms=0.059/0.074/0.081 cmd_age_ms=38.787 count=20 errors=0 errno=0 seq=11235 cmd=(0.500,-0.000,-0.007)
[INFO] [1784986783.161832650] [cmd_vel_udp_sender]: TIMING_SENDER ros_gap_ms=50.005/51.284/51.379 callback_ms=0.068/0.087/0.156 sendto_ms=0.067/0.085/0.154 cmd_age_ms=38.718 count=20 errors=0 errno=0 seq=11255 cmd=(0.500,-0.000,-0.051)
[INFO] [1784986784.161864692] [cmd_vel_udp_sender]: TIMING_SENDER ros_gap_ms=49.957/52.952/55.287 callback_ms=0.048/0.060/0.072 sendto_ms=0.047/0.058/0.071 cmd_age_ms=39.619 count=20 errors=0 errno=0 seq=11275 cmd=(0.500,-0.000,-0.059)
[INFO] [1784986785.161966343] [cmd_vel_udp_sender]: TIMING_SENDER ros_gap_ms=50.016/56.775/57.853 callback_ms=0.045/0.057/0.062 sendto_ms=0.043/0.055/0.061 cmd_age_ms=39.400 count=20 errors=0 errno=0 seq=11295 cmd=(0.500,-0.000,-0.040)
[INFO] [1784986786.161971451] [cmd_vel_udp_sender]: TIMING_SENDER ros_gap_ms=50.017/52.367/52.459 callback_ms=0.042/0.062/0.066 sendto_ms=0.041/0.061/0.065 cmd_age_ms=39.061 count=20 errors=0 errno=0 seq=11315 cmd=(0.500,-0.000,-0.034)
[INFO] [1784986787.161977622] [cmd_vel_udp_sender]: TIMING_SENDER ros_gap_ms=49.987/52.217/54.077 callback_ms=0.043/0.050/0.051 sendto_ms=0.042/0.048/0.050 cmd_age_ms=39.336 count=20 errors=0 errno=0 seq=11335 cmd=(0.500,-0.000,0.011)
[INFO] [1784986788.162190911] [cmd_vel_udp_sender]: TIMING_SENDER ros_gap_ms=49.968/52.489/52.963 callback_ms=0.041/0.047/0.054 sendto_ms=0.040/0.046/0.053 cmd_age_ms=40.184 count=20 errors=0 errno=0 seq=11355 cmd=(0.500,-0.000,0.002)
[INFO] [1784986789.162080640] [cmd_vel_udp_sender]: TIMING_SENDER ros_gap_ms=50.041/50.815/51.953 callback_ms=0.049/0.060/0.064 sendto_ms=0.047/0.058/0.062 cmd_age_ms=39.246 count=20 errors=0 errno=0 seq=11375 cmd=(0.500,-0.000,-0.047)
[INFO] [1784986790.162136686] [cmd_vel_udp_sender]: TIMING_SENDER ros_gap_ms=49.972/50.865/57.921 callback_ms=0.054/0.070/0.076 sendto_ms=0.052/0.068/0.074 cmd_age_ms=39.860 count=20 errors=0 errno=0 seq=11395 cmd=(0.500,-0.000,-0.025)
[INFO] [1784986791.162184705] [cmd_vel_udp_sender]: TIMING_SENDER ros_gap_ms=49.991/51.792/52.218 callback_ms=0.055/0.081/0.105 sendto_ms=0.052/0.061/0.104 cmd_age_ms=40.092 count=20 errors=0 errno=0 seq=11415 cmd=(0.500,-0.000,-0.001)
[INFO] [1784986792.162222233] [cmd_vel_udp_sender]: TIMING_SENDER ros_gap_ms=50.017/51.135/51.972 callback_ms=0.051/0.066/0.073 sendto_ms=0.049/0.064/0.071 cmd_age_ms=39.786 count=20 errors=0 errno=0 seq=11435 cmd=(0.500,-0.000,-0.001)
[INFO] [1784986793.162271032] [cmd_vel_udp_sender]: TIMING_SENDER ros_gap_ms=49.972/51.916/54.405 callback_ms=0.056/0.069/0.079 sendto_ms=0.055/0.068/0.077 cmd_age_ms=40.404 count=20 errors=0 errno=0 seq=11455 cmd=(0.500,-0.000,-0.032)
[INFO] [1784986794.162305820] [cmd_vel_udp_sender]: TIMING_SENDER ros_gap_ms=50.020/52.824/53.108 callback_ms=0.054/0.065/0.072 sendto_ms=0.052/0.063/0.070 cmd_age_ms=40.048 count=20 errors=0 errno=0 seq=11475 cmd=(0.500,-0.000,-0.047)
[INFO] [1784986795.162351462] [cmd_vel_udp_sender]: TIMING_SENDER ros_gap_ms=49.990/50.933/51.555 callback_ms=0.051/0.063/0.069 sendto_ms=0.049/0.062/0.067 cmd_age_ms=40.304 count=20 errors=0 errno=0 seq=11495 cmd=(0.500,-0.000,-0.019)
[INFO] [1784986796.162398294] [cmd_vel_udp_sender]: TIMING_SENDER ros_gap_ms=50.049/51.626/52.096 callback_ms=0.054/0.062/0.062 sendto_ms=0.053/0.060/0.060 cmd_age_ms=39.376 count=20 errors=0 errno=0 seq=11515 cmd=(0.500,-0.000,-0.076)
[INFO] [1784986797.162443051] [cmd_vel_udp_sender]: TIMING_SENDER ros_gap_ms=49.956/51.514/52.273 callback_ms=0.061/0.076/0.119 sendto_ms=0.060/0.074/0.118 cmd_age_ms=40.301 count=20 errors=0 errno=0 seq=11535 cmd=(0.500,-0.000,-0.041)
[INFO] [1784986798.162518407] [cmd_vel_udp_sender]: TIMING_SENDER ros_gap_ms=50.004/50.896/51.156 callback_ms=0.051/0.065/0.065 sendto_ms=0.049/0.063/0.063 cmd_age_ms=40.301 count=20 errors=0 errno=0 seq=11555 cmd=(0.500,-0.000,-0.033)
[INFO] [1784986799.162509510] [cmd_vel_udp_sender]: TIMING_SENDER ros_gap_ms=50.132/52.440/53.903 callback_ms=0.060/0.088/0.092 sendto_ms=0.059/0.086/0.090 cmd_age_ms=37.643 count=20 errors=0 errno=0 seq=11575 cmd=(0.500,-0.000,-0.043)
[INFO] [1784986800.162564716] [cmd_vel_udp_sender]: TIMING_SENDER ros_gap_ms=49.862/50.228/51.176 callback_ms=0.050/0.059/0.062 sendto_ms=0.048/0.057/0.060 cmd_age_ms=40.468 count=20 errors=0 errno=0 seq=11595 cmd=(0.500,-0.000,-0.019)
[INFO] [1784986801.162638713] [cmd_vel_udp_sender]: TIMING_SENDER ros_gap_ms=50.000/54.857/55.511 callback_ms=0.052/0.068/0.074 sendto_ms=0.051/0.066/0.072 cmd_age_ms=40.546 count=20 errors=0 errno=0 seq=11615 cmd=(0.500,-0.000,-0.002)
[INFO] [1784986802.162649321] [cmd_vel_udp_sender]: TIMING_SENDER ros_gap_ms=50.401/51.995/56.014 callback_ms=0.053/0.063/0.067 sendto_ms=0.051/0.062/0.065 cmd_age_ms=32.542 count=20 errors=0 errno=0 seq=11635 cmd=(0.500,-0.000,0.016)
[INFO] [1784986803.162705953] [cmd_vel_udp_sender]: TIMING_SENDER ros_gap_ms=49.601/57.607/61.761 callback_ms=0.056/0.064/0.128 sendto_ms=0.054/0.062/0.126 cmd_age_ms=40.582 count=20 errors=0 errno=0 seq=11655 cmd=(0.500,-0.000,-0.021)
[INFO] [1784986804.162738429] [cmd_vel_udp_sender]: TIMING_SENDER ros_gap_ms=50.000/51.351/52.050 callback_ms=0.056/0.076/0.079 sendto_ms=0.054/0.075/0.078 cmd_age_ms=40.606 count=20 errors=0 errno=0 seq=11675 cmd=(0.500,-0.000,-0.017)
[INFO] [1784986805.162795296] [cmd_vel_udp_sender]: TIMING_SENDER ros_gap_ms=49.996/52.578/55.321 callback_ms=0.052/0.066/0.067 sendto_ms=0.050/0.065/0.066 cmd_age_ms=40.738 count=20 errors=0 errno=0 seq=11695 cmd=(0.500,-0.000,-0.017)
[INFO] [1784986806.162830472] [cmd_vel_udp_sender]: TIMING_SENDER ros_gap_ms=50.002/52.880/53.479 callback_ms=0.057/0.073/0.083 sendto_ms=0.055/0.071/0.081 cmd_age_ms=40.733 count=20 errors=0 errno=0 seq=11715 cmd=(0.500,-0.000,0.010)
[INFO] [1784986807.162874133] [cmd_vel_udp_sender]: TIMING_SENDER ros_gap_ms=49.996/51.264/51.309 callback_ms=0.058/0.071/0.118 sendto_ms=0.056/0.069/0.116 cmd_age_ms=40.863 count=20 errors=0 errno=0 seq=11735 cmd=(0.500,-0.000,0.022)
[INFO] [1784986808.162912904] [cmd_vel_udp_sender]: TIMING_SENDER ros_gap_ms=50.010/55.219/57.858 callback_ms=0.057/0.076/0.080 sendto_ms=0.056/0.075/0.078 cmd_age_ms=40.704 count=20 errors=0 errno=0 seq=11755 cmd=(0.500,-0.000,0.013)
[INFO] [1784986809.162961504] [cmd_vel_udp_sender]: TIMING_SENDER ros_gap_ms=50.031/51.226/51.260 callback_ms=0.059/0.073/0.073 sendto_ms=0.058/0.071/0.072 cmd_age_ms=40.127 count=20 errors=0 errno=0 seq=11775 cmd=(0.500,-0.000,-0.019)
[INFO] [1784986810.163036032] [cmd_vel_udp_sender]: TIMING_SENDER ros_gap_ms=49.984/52.446/56.519 callback_ms=0.057/0.080/0.082 sendto_ms=0.055/0.078/0.080 cmd_age_ms=40.518 count=20 errors=0 errno=0 seq=11795 cmd=(0.500,-0.000,0.010)
[INFO] [1784986811.163019233] [cmd_vel_udp_sender]: TIMING_SENDER ros_gap_ms=50.085/50.982/51.787 callback_ms=0.057/0.067/0.073 sendto_ms=0.055/0.066/0.072 cmd_age_ms=38.802 count=20 errors=0 errno=0 seq=11815 cmd=(0.500,-0.000,-0.016)
[INFO] [1784986812.163089323] [cmd_vel_udp_sender]: TIMING_SENDER ros_gap_ms=50.099/52.398/53.990 callback_ms=0.049/0.064/0.075 sendto_ms=0.047/0.063/0.074 cmd_age_ms=36.886 count=20 errors=0 errno=0 seq=11835 cmd=(0.500,-0.000,-0.057)
[INFO] [1784986813.163124569] [cmd_vel_udp_sender]: TIMING_SENDER ros_gap_ms=49.789/56.761/67.022 callback_ms=0.057/0.066/0.198 sendto_ms=0.056/0.065/0.197 cmd_age_ms=41.149 count=20 errors=0 errno=0 seq=11855 cmd=(0.500,-0.000,-0.038)
[INFO] [1784986814.163150092] [cmd_vel_udp_sender]: TIMING_SENDER ros_gap_ms=50.008/53.948/54.539 callback_ms=0.052/0.061/0.062 sendto_ms=0.051/0.059/0.061 cmd_age_ms=41.022 count=20 errors=0 errno=0 seq=11875 cmd=(0.500,-0.000,-0.039)
[INFO] [1784986815.163213159] [cmd_vel_udp_sender]: TIMING_SENDER ros_gap_ms=49.994/51.798/55.928 callback_ms=0.049/0.070/0.083 sendto_ms=0.048/0.068/0.081 cmd_age_ms=41.202 count=20 errors=0 errno=0 seq=11895 cmd=(0.500,-0.000,-0.054)
[INFO] [1784986816.170055853] [cmd_vel_udp_sender]: TIMING_SENDER ros_gap_ms=50.009/50.502/51.364 callback_ms=0.058/0.073/0.122 sendto_ms=0.056/0.072/0.120 cmd_age_ms=47.856 count=20 errors=0 errno=0 seq=11915 cmd=(0.500,-0.000,0.000)
[INFO] [1784986817.163320299] [cmd_vel_udp_sender]: TIMING_SENDER ros_gap_ms=49.994/53.034/54.489 callback_ms=0.056/0.069/0.085 sendto_ms=0.054/0.067/0.083 cmd_age_ms=41.230 count=20 errors=0 errno=0 seq=11935 cmd=(0.500,-0.000,-0.031)
[INFO] [1784986818.163352724] [cmd_vel_udp_sender]: TIMING_SENDER ros_gap_ms=49.993/54.292/55.087 callback_ms=0.059/0.078/0.092 sendto_ms=0.058/0.076/0.090 cmd_age_ms=41.407 count=20 errors=0 errno=0 seq=11955 cmd=(0.500,-0.000,0.004)
[INFO] [1784986819.163398788] [cmd_vel_udp_sender]: TIMING_SENDER ros_gap_ms=50.022/52.199/52.689 callback_ms=0.059/0.080/0.107 sendto_ms=0.057/0.078/0.106 cmd_age_ms=41.008 count=20 errors=0 errno=0 seq=11975 cmd=(0.500,-0.000,0.002)
[INFO] [1784986820.163445304] [cmd_vel_udp_sender]: TIMING_SENDER ros_gap_ms=49.993/50.745/52.489 callback_ms=0.059/0.078/0.080 sendto_ms=0.058/0.077/0.078 cmd_age_ms=41.192 count=20 errors=0 errno=0 seq=11995 cmd=(0.500,-0.000,-0.085)
[INFO] [1784986821.163473106] [cmd_vel_udp_sender]: TIMING_SENDER ros_gap_ms=50.033/53.475/59.985 callback_ms=0.059/0.071/0.079 sendto_ms=0.058/0.069/0.077 cmd_age_ms=40.559 count=20 errors=0 errno=0 seq=12015 cmd=(0.500,-0.000,-0.061)
[INFO] [1784986822.163527250] [cmd_vel_udp_sender]: TIMING_SENDER ros_gap_ms=49.958/50.416/51.473 callback_ms=0.056/0.087/0.117 sendto_ms=0.055/0.086/0.116 cmd_age_ms=41.461 count=20 errors=0 errno=0 seq=12035 cmd=(0.500,-0.000,-0.026)
[INFO] [1784986823.163576695] [cmd_vel_udp_sender]: TIMING_SENDER ros_gap_ms=50.010/53.511/55.550 callback_ms=0.058/0.067/0.088 sendto_ms=0.057/0.065/0.086 cmd_age_ms=41.308 count=20 errors=0 errno=0 seq=12055 cmd=(0.500,-0.000,-0.061)
[INFO] [1784986824.163611393] [cmd_vel_udp_sender]: TIMING_SENDER ros_gap_ms=49.999/50.837/52.646 callback_ms=0.058/0.075/0.091 sendto_ms=0.056/0.073/0.089 cmd_age_ms=41.363 count=20 errors=0 errno=0 seq=12075 cmd=(0.500,-0.000,0.021)
[INFO] [1784986825.163648720] [cmd_vel_udp_sender]: TIMING_SENDER ros_gap_ms=49.994/57.603/59.318 callback_ms=0.054/0.074/0.076 sendto_ms=0.053/0.072/0.075 cmd_age_ms=41.520 count=20 errors=0 errno=0 seq=12095 cmd=(0.500,-0.000,0.002)
[INFO] [1784986826.163703718] [cmd_vel_udp_sender]: TIMING_SENDER ros_gap_ms=49.998/51.409/51.669 callback_ms=0.059/0.085/0.096 sendto_ms=0.058/0.083/0.094 cmd_age_ms=41.614 count=20 errors=0 errno=0 seq=12115 cmd=(0.500,-0.000,0.014)
[INFO] [1784986827.163742560] [cmd_vel_udp_sender]: TIMING_SENDER ros_gap_ms=50.143/51.539/52.895 callback_ms=0.055/0.067/0.070 sendto_ms=0.053/0.066/0.068 cmd_age_ms=38.789 count=20 errors=0 errno=0 seq=12135 cmd=(0.500,-0.000,0.004)
[INFO] [1784986828.163768595] [cmd_vel_udp_sender]: TIMING_SENDER ros_gap_ms=49.855/53.773/56.240 callback_ms=0.079/0.134/0.469 sendto_ms=0.077/0.132/0.468 cmd_age_ms=41.709 count=20 errors=0 errno=0 seq=12155 cmd=(0.500,-0.000,-0.013)
[INFO] [1784986829.163714674] [cmd_vel_udp_sender]: TIMING_SENDER ros_gap_ms=50.018/52.363/55.857 callback_ms=0.063/0.121/0.123 sendto_ms=0.061/0.119/0.122 cmd_age_ms=41.290 count=20 errors=0 errno=0 seq=12175 cmd=(0.500,-0.000,-0.025)
[INFO] [1784986830.163639887] [cmd_vel_udp_sender]: TIMING_SENDER ros_gap_ms=49.997/51.780/52.400 callback_ms=0.058/0.079/0.089 sendto_ms=0.057/0.077/0.087 cmd_age_ms=41.275 count=20 errors=0 errno=0 seq=12195 cmd=(0.500,-0.000,-0.052)
[INFO] [1784986831.163529195] [cmd_vel_udp_sender]: TIMING_SENDER ros_gap_ms=49.999/51.809/52.513 callback_ms=0.058/0.073/0.081 sendto_ms=0.057/0.071/0.080 cmd_age_ms=41.190 count=20 errors=0 errno=0 seq=12215 cmd=(0.500,-0.000,-0.071)
[INFO] [1784986832.163446623] [cmd_vel_udp_sender]: TIMING_SENDER ros_gap_ms=50.251/52.143/55.208 callback_ms=0.058/0.067/0.071 sendto_ms=0.056/0.065/0.070 cmd_age_ms=36.098 count=20 errors=0 errno=0 seq=12235 cmd=(0.500,-0.000,-0.067)
[INFO] [1784986833.163376750] [cmd_vel_udp_sender]: TIMING_SENDER ros_gap_ms=50.137/54.550/58.020 callback_ms=0.053/0.070/0.074 sendto_ms=0.052/0.068/0.073 cmd_age_ms=33.293 count=20 errors=0 errno=0 seq=12255 cmd=(0.500,-0.000,-0.026)
[INFO] [1784986834.163288440] [cmd_vel_udp_sender]: TIMING_SENDER ros_gap_ms=49.603/50.302/51.463 callback_ms=0.053/0.063/0.069 sendto_ms=0.052/0.061/0.068 cmd_age_ms=41.137 count=20 errors=0 errno=0 seq=12275 cmd=(0.500,-0.000,0.019)
[INFO] [1784986835.163214876] [cmd_vel_udp_sender]: TIMING_SENDER ros_gap_ms=49.995/52.393/55.145 callback_ms=0.057/0.093/0.098 sendto_ms=0.055/0.092/0.096 cmd_age_ms=41.159 count=20 errors=0 errno=0 seq=12295 cmd=(0.500,-0.000,-0.007)
[INFO] [1784986836.163130393] [cmd_vel_udp_sender]: TIMING_SENDER ros_gap_ms=50.186/52.374/52.857 callback_ms=0.050/0.061/0.074 sendto_ms=0.048/0.059/0.072 cmd_age_ms=37.356 count=20 errors=0 errno=0 seq=12315 cmd=(0.500,-0.000,-0.038)
[INFO] [1784986837.163072046] [cmd_vel_udp_sender]: TIMING_SENDER ros_gap_ms=49.827/55.718/56.971 callback_ms=0.050/0.066/0.068 sendto_ms=0.048/0.064/0.066 cmd_age_ms=40.751 count=20 errors=0 errno=0 seq=12335 cmd=(0.500,-0.000,-0.042)
[INFO] [1784986838.162974047] [cmd_vel_udp_sender]: TIMING_SENDER ros_gap_ms=50.218/53.956/56.043 callback_ms=0.050/0.065/0.070 sendto_ms=0.048/0.064/0.069 cmd_age_ms=36.293 count=20 errors=0 errno=0 seq=12355 cmd=(0.500,-0.000,-0.022)
[INFO] [1784986839.162927364] [cmd_vel_udp_sender]: TIMING_SENDER ros_gap_ms=49.784/53.874/59.889 callback_ms=0.047/0.059/0.071 sendto_ms=0.046/0.058/0.070 cmd_age_ms=40.535 count=20 errors=0 errno=0 seq=12375 cmd=(0.500,-0.000,-0.007)
[INFO] [1784986840.162812326] [cmd_vel_udp_sender]: TIMING_SENDER ros_gap_ms=50.010/56.376/56.516 callback_ms=0.044/0.050/0.068 sendto_ms=0.043/0.049/0.066 cmd_age_ms=40.247 count=20 errors=0 errno=0 seq=12395 cmd=(0.500,-0.000,-0.034)
[INFO] [1784986841.162721502] [cmd_vel_udp_sender]: TIMING_SENDER ros_gap_ms=50.057/53.165/54.109 callback_ms=0.047/0.065/0.066 sendto_ms=0.045/0.064/0.064 cmd_age_ms=39.006 count=20 errors=0 errno=0 seq=12415 cmd=(0.500,-0.000,-0.088)
[INFO] [1784986842.162660074] [cmd_vel_udp_sender]: TIMING_SENDER ros_gap_ms=50.056/53.629/55.370 callback_ms=0.055/0.072/0.089 sendto_ms=0.054/0.071/0.087 cmd_age_ms=37.829 count=20 errors=0 errno=0 seq=12435 cmd=(0.500,-0.000,-0.009)
[INFO] [1784986843.162591053] [cmd_vel_udp_sender]: TIMING_SENDER ros_gap_ms=49.869/52.217/55.077 callback_ms=0.054/0.066/0.067 sendto_ms=0.053/0.065/0.066 cmd_age_ms=40.376 count=20 errors=0 errno=0 seq=12455 cmd=(0.500,-0.000,-0.018)
[INFO] [1784986844.162508968] [cmd_vel_udp_sender]: TIMING_SENDER ros_gap_ms=50.151/52.239/53.129 callback_ms=0.057/0.081/0.158 sendto_ms=0.056/0.079/0.157 cmd_age_ms=37.275 count=20 errors=0 errno=0 seq=12475 cmd=(0.500,-0.000,-0.036)
[INFO] [1784986845.162439511] [cmd_vel_udp_sender]: TIMING_SENDER ros_gap_ms=49.855/51.914/53.296 callback_ms=0.056/0.081/0.091 sendto_ms=0.054/0.079/0.089 cmd_age_ms=40.116 count=20 errors=0 errno=0 seq=12495 cmd=(0.500,-0.000,-0.001)
[INFO] [1784986846.162358236] [cmd_vel_udp_sender]: TIMING_SENDER ros_gap_ms=49.991/50.980/51.076 callback_ms=0.052/0.063/0.067 sendto_ms=0.051/0.061/0.065 cmd_age_ms=40.221 count=20 errors=0 errno=0 seq=12515 cmd=(0.500,-0.000,-0.032)
[INFO] [1784986847.162277399] [cmd_vel_udp_sender]: TIMING_SENDER ros_gap_ms=49.997/51.502/51.615 callback_ms=0.052/0.067/0.080 sendto_ms=0.050/0.065/0.078 cmd_age_ms=40.199 count=20 errors=0 errno=0 seq=12535 cmd=(0.500,-0.000,-0.037)
[INFO] [1784986848.162200325] [cmd_vel_udp_sender]: TIMING_SENDER ros_gap_ms=49.999/52.661/52.741 callback_ms=0.054/0.064/0.074 sendto_ms=0.052/0.063/0.072 cmd_age_ms=40.143 count=20 errors=0 errno=0 seq=12555 cmd=(0.500,-0.000,-0.007)
[INFO] [1784986849.162123752] [cmd_vel_udp_sender]: TIMING_SENDER ros_gap_ms=50.079/53.814/57.017 callback_ms=0.056/0.079/0.089 sendto_ms=0.055/0.077/0.087 cmd_age_ms=38.494 count=20 errors=0 errno=0 seq=12575 cmd=(0.500,-0.000,0.015)
[INFO] [1784986850.162048158] [cmd_vel_udp_sender]: TIMING_SENDER ros_gap_ms=50.024/52.019/54.146 callback_ms=0.051/0.059/0.060 sendto_ms=0.049/0.057/0.058 cmd_age_ms=37.937 count=20 errors=0 errno=0 seq=12595 cmd=(0.500,-0.000,0.003)
[INFO] [1784986851.161982279] [cmd_vel_udp_sender]: TIMING_SENDER ros_gap_ms=49.900/51.431/51.900 callback_ms=0.056/0.073/0.084 sendto_ms=0.054/0.071/0.083 cmd_age_ms=39.865 count=20 errors=0 errno=0 seq=12615 cmd=(0.500,-0.000,-0.055)
[INFO] [1784986852.161913379] [cmd_vel_udp_sender]: TIMING_SENDER ros_gap_ms=50.041/51.488/53.841 callback_ms=0.054/0.067/0.072 sendto_ms=0.052/0.065/0.070 cmd_age_ms=38.975 count=20 errors=0 errno=0 seq=12635 cmd=(0.500,-0.000,-0.028)
[INFO] [1784986853.161828339] [cmd_vel_udp_sender]: TIMING_SENDER ros_gap_ms=49.976/54.879/55.977 callback_ms=0.052/0.069/0.070 sendto_ms=0.051/0.067/0.068 cmd_age_ms=39.366 count=20 errors=0 errno=0 seq=12655 cmd=(0.500,-0.000,0.006)
[INFO] [1784986854.162118041] [cmd_vel_udp_sender]: TIMING_SENDER ros_gap_ms=50.038/51.632/51.974 callback_ms=0.054/0.068/0.087 sendto_ms=0.052/0.066/0.085 cmd_age_ms=38.892 count=20 errors=0 errno=0 seq=12675 cmd=(0.500,-0.000,-0.011)
[INFO] [1784986855.161669864] [cmd_vel_udp_sender]: TIMING_SENDER ros_gap_ms=49.989/52.830/54.373 callback_ms=0.060/0.104/0.139 sendto_ms=0.059/0.103/0.138 cmd_age_ms=38.663 count=20 errors=0 errno=0 seq=12695 cmd=(0.500,-0.000,-0.020)
[INFO] [1784986856.161623114] [cmd_vel_udp_sender]: TIMING_SENDER ros_gap_ms=49.978/50.648/51.471 callback_ms=0.059/0.079/0.107 sendto_ms=0.057/0.077/0.105 cmd_age_ms=39.063 count=20 errors=0 errno=0 seq=12715 cmd=(0.500,-0.000,-0.023)
[INFO] [1784986857.161533344] [cmd_vel_udp_sender]: TIMING_SENDER ros_gap_ms=49.984/56.030/58.248 callback_ms=0.055/0.076/0.082 sendto_ms=0.053/0.075/0.081 cmd_age_ms=39.302 count=20 errors=0 errno=0 seq=12735 cmd=(0.500,-0.000,-0.036)
[INFO] [1784986858.161460037] [cmd_vel_udp_sender]: TIMING_SENDER ros_gap_ms=50.394/52.561/57.936 callback_ms=0.054/0.079/0.098 sendto_ms=0.053/0.077/0.096 cmd_age_ms=31.352 count=20 errors=0 errno=0 seq=12755 cmd=(0.500,-0.000,-0.025)
[INFO] [1784986859.161387994] [cmd_vel_udp_sender]: TIMING_SENDER ros_gap_ms=50.095/55.996/59.950 callback_ms=0.052/0.071/0.073 sendto_ms=0.051/0.069/0.071 cmd_age_ms=29.373 count=20 errors=0 errno=0 seq=12775 cmd=(0.500,-0.000,-0.000)
[INFO] [1784986860.161314015] [cmd_vel_udp_sender]: TIMING_SENDER ros_gap_ms=49.503/54.074/55.479 callback_ms=0.052/0.063/0.075 sendto_ms=0.050/0.062/0.073 cmd_age_ms=39.249 count=20 errors=0 errno=0 seq=12795 cmd=(0.500,-0.000,-0.008)
[INFO] [1784986861.166843864] [cmd_vel_udp_sender]: TIMING_SENDER ros_gap_ms=50.051/50.997/52.414 callback_ms=0.051/0.064/0.070 sendto_ms=0.049/0.063/0.068 cmd_age_ms=43.766 count=20 errors=0 errno=0 seq=12815 cmd=(0.500,-0.000,-0.008)
[INFO] [1784986862.161124538] [cmd_vel_udp_sender]: TIMING_SENDER ros_gap_ms=50.084/51.456/52.833 callback_ms=0.052/0.065/0.069 sendto_ms=0.051/0.064/0.068 cmd_age_ms=36.369 count=20 errors=0 errno=0 seq=12835 cmd=(0.500,-0.000,-0.026)
[INFO] [1784986863.161084969] [cmd_vel_udp_sender]: TIMING_SENDER ros_gap_ms=49.870/50.927/51.364 callback_ms=0.051/0.065/0.069 sendto_ms=0.050/0.064/0.067 cmd_age_ms=38.929 count=20 errors=0 errno=0 seq=12855 cmd=(0.500,-0.000,-0.018)
[INFO] [1784986864.161013384] [cmd_vel_udp_sender]: TIMING_SENDER ros_gap_ms=49.979/57.377/78.321 callback_ms=0.049/0.065/0.068 sendto_ms=0.047/0.064/0.067 cmd_age_ms=39.286 count=20 errors=0 errno=0 seq=12875 cmd=(0.500,-0.000,-0.017)
[INFO] [1784986865.160898040] [cmd_vel_udp_sender]: TIMING_SENDER ros_gap_ms=50.040/55.168/55.346 callback_ms=0.046/0.062/0.069 sendto_ms=0.044/0.061/0.067 cmd_age_ms=38.365 count=20 errors=0 errno=0 seq=12895 cmd=(0.500,-0.000,-0.013)
[INFO] [1784986866.160867567] [cmd_vel_udp_sender]: TIMING_SENDER ros_gap_ms=49.986/53.384/55.406 callback_ms=0.058/0.107/0.132 sendto_ms=0.055/0.105/0.131 cmd_age_ms=38.606 count=20 errors=0 errno=0 seq=12915 cmd=(0.500,-0.000,-0.015)
[INFO] [1784986867.160784247] [cmd_vel_udp_sender]: TIMING_SENDER ros_gap_ms=49.987/54.543/54.696 callback_ms=0.044/0.061/0.069 sendto_ms=0.042/0.059/0.067 cmd_age_ms=38.775 count=20 errors=0 errno=0 seq=12935 cmd=(0.500,-0.000,-0.019)
[INFO] [1784986868.160717802] [cmd_vel_udp_sender]: TIMING_SENDER ros_gap_ms=50.082/51.082/52.129 callback_ms=0.050/0.060/0.069 sendto_ms=0.049/0.059/0.067 cmd_age_ms=37.075 count=20 errors=0 errno=0 seq=12955 cmd=(0.500,-0.000,-0.054)
[INFO] [1784986869.160643721] [cmd_vel_udp_sender]: TIMING_SENDER ros_gap_ms=49.983/52.533/55.713 callback_ms=0.056/0.069/0.074 sendto_ms=0.054/0.067/0.072 cmd_age_ms=37.342 count=20 errors=0 errno=0 seq=12975 cmd=(0.500,-0.000,-0.077)
[INFO] [1784986870.160577588] [cmd_vel_udp_sender]: TIMING_SENDER ros_gap_ms=49.974/54.375/55.650 callback_ms=0.056/0.073/0.077 sendto_ms=0.054/0.072/0.075 cmd_age_ms=37.791 count=20 errors=0 errno=0 seq=12995 cmd=(0.500,-0.000,-0.057)
[INFO] [1784986871.160503563] [cmd_vel_udp_sender]: TIMING_SENDER ros_gap_ms=49.965/50.647/51.007 callback_ms=0.049/0.060/0.064 sendto_ms=0.047/0.059/0.062 cmd_age_ms=38.416 count=20 errors=0 errno=0 seq=13015 cmd=(0.500,-0.000,-0.037)
[INFO] [1784986872.160440396] [cmd_vel_udp_sender]: TIMING_SENDER ros_gap_ms=50.001/51.075/57.875 callback_ms=0.061/0.069/0.226 sendto_ms=0.059/0.067/0.224 cmd_age_ms=38.342 count=20 errors=0 errno=0 seq=13035 cmd=(0.500,-0.000,-0.023)
[INFO] [1784986873.160365528] [cmd_vel_udp_sender]: TIMING_SENDER ros_gap_ms=50.015/54.466/55.596 callback_ms=0.055/0.074/0.085 sendto_ms=0.053/0.072/0.083 cmd_age_ms=37.958 count=20 errors=0 errno=0 seq=13055 cmd=(0.500,-0.000,0.022)
[INFO] [1784986874.160284591] [cmd_vel_udp_sender]: TIMING_SENDER ros_gap_ms=49.981/52.116/54.987 callback_ms=0.052/0.062/0.088 sendto_ms=0.051/0.061/0.086 cmd_age_ms=38.258 count=20 errors=0 errno=0 seq=13075 cmd=(0.500,-0.000,0.001)
[INFO] [1784986875.160223694] [cmd_vel_udp_sender]: TIMING_SENDER ros_gap_ms=50.008/51.365/54.196 callback_ms=0.052/0.070/0.127 sendto_ms=0.051/0.068/0.126 cmd_age_ms=38.039 count=20 errors=0 errno=0 seq=13095 cmd=(0.500,-0.000,0.004)
[INFO] [1784986876.160150839] [cmd_vel_udp_sender]: TIMING_SENDER ros_gap_ms=50.041/51.247/51.729 callback_ms=0.055/0.069/0.071 sendto_ms=0.054/0.067/0.069 cmd_age_ms=37.153 count=20 errors=0 errno=0 seq=13115 cmd=(0.500,-0.000,-0.006)
[INFO] [1784986877.160067146] [cmd_vel_udp_sender]: TIMING_SENDER ros_gap_ms=49.961/51.103/51.706 callback_ms=0.049/0.057/0.058 sendto_ms=0.048/0.055/0.057 cmd_age_ms=37.845 count=20 errors=0 errno=0 seq=13135 cmd=(0.500,-0.000,-0.012)
[INFO] [1784986878.160026018] [cmd_vel_udp_sender]: TIMING_SENDER ros_gap_ms=50.043/51.352/51.859 callback_ms=0.050/0.075/0.086 sendto_ms=0.048/0.074/0.084 cmd_age_ms=36.946 count=20 errors=0 errno=0 seq=13155 cmd=(0.500,-0.000,-0.014)
[INFO] [1784986879.159931270] [cmd_vel_udp_sender]: TIMING_SENDER ros_gap_ms=49.960/51.095/53.615 callback_ms=0.052/0.066/0.086 sendto_ms=0.050/0.064/0.084 cmd_age_ms=37.658 count=20 errors=0 errno=0 seq=13175 cmd=(0.500,-0.000,-0.002)
[INFO] [1784986880.159863088] [cmd_vel_udp_sender]: TIMING_SENDER ros_gap_ms=49.996/51.082/51.625 callback_ms=0.052/0.066/0.076 sendto_ms=0.050/0.064/0.074 cmd_age_ms=37.673 count=20 errors=0 errno=0 seq=13195 cmd=(0.500,-0.000,0.010)
[INFO] [1784986881.159813312] [cmd_vel_udp_sender]: TIMING_SENDER ros_gap_ms=49.999/54.071/55.071 callback_ms=0.055/0.076/0.076 sendto_ms=0.053/0.074/0.075 cmd_age_ms=37.635 count=20 errors=0 errno=0 seq=13215 cmd=(0.500,-0.000,0.014)
[INFO] [1784986882.159747320] [cmd_vel_udp_sender]: TIMING_SENDER ros_gap_ms=50.121/51.648/51.649 callback_ms=0.056/0.080/0.104 sendto_ms=0.055/0.078/0.102 cmd_age_ms=35.145 count=20 errors=0 errno=0 seq=13235 cmd=(0.500,-0.000,-0.015)
[INFO] [1784986883.159657400] [cmd_vel_udp_sender]: TIMING_SENDER ros_gap_ms=49.880/52.578/53.092 callback_ms=0.057/0.075/0.084 sendto_ms=0.055/0.074/0.083 cmd_age_ms=37.449 count=20 errors=0 errno=0 seq=13255 cmd=(0.500,-0.000,0.011)
[INFO] [1784986884.159605148] [cmd_vel_udp_sender]: TIMING_SENDER ros_gap_ms=50.011/51.069/55.941 callback_ms=0.059/0.077/0.129 sendto_ms=0.057/0.076/0.127 cmd_age_ms=37.170 count=20 errors=0 errno=0 seq=13275 cmd=(0.500,-0.000,-0.033)
[INFO] [1784986885.159516743] [cmd_vel_udp_sender]: TIMING_SENDER ros_gap_ms=50.316/53.375/56.492 callback_ms=0.057/0.073/0.111 sendto_ms=0.055/0.071/0.110 cmd_age_ms=30.760 count=20 errors=0 errno=0 seq=13295 cmd=(0.500,-0.000,-0.023)
[INFO] [1784986886.159454551] [cmd_vel_udp_sender]: TIMING_SENDER ros_gap_ms=49.673/52.339/52.865 callback_ms=0.051/0.068/0.072 sendto_ms=0.049/0.066/0.070 cmd_age_ms=37.241 count=20 errors=0 errno=0 seq=13315 cmd=(0.500,-0.000,-0.008)
[INFO] [1784986887.159389835] [cmd_vel_udp_sender]: TIMING_SENDER ros_gap_ms=50.001/53.793/54.333 callback_ms=0.050/0.063/0.066 sendto_ms=0.049/0.061/0.064 cmd_age_ms=37.165 count=20 errors=0 errno=0 seq=13335 cmd=(0.500,-0.000,-0.014)
[INFO] [1784986888.159310853] [cmd_vel_udp_sender]: TIMING_SENDER ros_gap_ms=49.999/52.919/56.333 callback_ms=0.063/0.078/0.287 sendto_ms=0.050/0.069/0.077 cmd_age_ms=37.098 count=20 errors=0 errno=0 seq=13355 cmd=(0.500,-0.000,-0.040)
[INFO] [1784986889.159257473] [cmd_vel_udp_sender]: TIMING_SENDER ros_gap_ms=50.005/51.149/51.907 callback_ms=0.056/0.070/0.085 sendto_ms=0.054/0.069/0.084 cmd_age_ms=36.951 count=20 errors=0 errno=0 seq=13375 cmd=(0.500,-0.000,0.006)
[INFO] [1784986890.159192418] [cmd_vel_udp_sender]: TIMING_SENDER ros_gap_ms=50.195/54.368/66.692 callback_ms=0.048/0.067/0.069 sendto_ms=0.046/0.066/0.068 cmd_age_ms=32.986 count=20 errors=0 errno=0 seq=13395 cmd=(0.500,-0.000,-0.018)
[INFO] [1784986891.159126247] [cmd_vel_udp_sender]: TIMING_SENDER ros_gap_ms=49.799/51.631/52.338 callback_ms=0.047/0.060/0.069 sendto_ms=0.046/0.059/0.068 cmd_age_ms=36.939 count=20 errors=0 errno=0 seq=13415 cmd=(0.500,-0.000,-0.021)
[INFO] [1784986892.161122659] [cmd_vel_udp_sender]: TIMING_SENDER ros_gap_ms=50.090/56.663/69.845 callback_ms=0.047/0.074/0.075 sendto_ms=0.045/0.072/0.074 cmd_age_ms=37.139 count=20 errors=0 errno=0 seq=13435 cmd=(0.500,-0.000,0.003)
[INFO] [1784986893.158985017] [cmd_vel_udp_sender]: TIMING_SENDER ros_gap_ms=49.993/54.790/62.871 callback_ms=0.055/0.085/0.089 sendto_ms=0.053/0.084/0.088 cmd_age_ms=35.150 count=20 errors=0 errno=0 seq=13455 cmd=(0.500,-0.000,-0.001)
[INFO] [1784986894.158911942] [cmd_vel_udp_sender]: TIMING_SENDER ros_gap_ms=50.006/55.932/58.807 callback_ms=0.043/0.049/0.052 sendto_ms=0.042/0.048/0.051 cmd_age_ms=34.961 count=20 errors=0 errno=0 seq=13475 cmd=(0.500,-0.000,0.008)
[INFO] [1784986895.158873170] [cmd_vel_udp_sender]: TIMING_SENDER ros_gap_ms=49.907/51.010/51.029 callback_ms=0.052/0.066/0.078 sendto_ms=0.050/0.064/0.076 cmd_age_ms=36.776 count=20 errors=0 errno=0 seq=13495 cmd=(0.500,-0.000,-0.004)
[INFO] [1784986896.158776004] [cmd_vel_udp_sender]: TIMING_SENDER ros_gap_ms=50.081/52.819/54.890 callback_ms=0.054/0.060/0.117 sendto_ms=0.052/0.059/0.115 cmd_age_ms=35.053 count=20 errors=0 errno=0 seq=13515 cmd=(0.500,-0.000,0.004)
[INFO] [1784986897.158713845] [cmd_vel_udp_sender]: TIMING_SENDER ros_gap_ms=49.985/51.459/51.893 callback_ms=0.054/0.070/0.075 sendto_ms=0.053/0.069/0.074 cmd_age_ms=35.286 count=20 errors=0 errno=0 seq=13535 cmd=(0.500,-0.000,0.017)
[INFO] [1784986898.158651238] [cmd_vel_udp_sender]: TIMING_SENDER ros_gap_ms=49.933/52.745/53.648 callback_ms=0.052/0.063/0.068 sendto_ms=0.050/0.062/0.066 cmd_age_ms=36.562 count=20 errors=0 errno=0 seq=13555 cmd=(0.500,-0.000,0.005)
[INFO] [1784986899.158586615] [cmd_vel_udp_sender]: TIMING_SENDER ros_gap_ms=49.998/50.731/50.896 callback_ms=0.053/0.066/0.071 sendto_ms=0.051/0.064/0.070 cmd_age_ms=36.541 count=20 errors=0 errno=0 seq=13575 cmd=(0.500,-0.000,0.023)
[INFO] [1784986900.158516489] [cmd_vel_udp_sender]: TIMING_SENDER ros_gap_ms=50.010/53.895/54.132 callback_ms=0.051/0.070/0.074 sendto_ms=0.050/0.068/0.072 cmd_age_ms=36.276 count=20 errors=0 errno=0 seq=13595 cmd=(0.500,-0.000,-0.004)
[INFO] [1784986901.158451738] [cmd_vel_udp_sender]: TIMING_SENDER ros_gap_ms=49.997/51.181/51.639 callback_ms=0.055/0.070/0.070 sendto_ms=0.054/0.069/0.069 cmd_age_ms=36.262 count=20 errors=0 errno=0 seq=13615 cmd=(0.500,-0.000,-0.014)
[INFO] [1784986902.158375851] [cmd_vel_udp_sender]: TIMING_SENDER ros_gap_ms=50.189/57.670/66.097 callback_ms=0.053/0.070/0.074 sendto_ms=0.052/0.068/0.072 cmd_age_ms=32.412 count=20 errors=0 errno=0 seq=13635 cmd=(0.500,-0.000,-0.022)
[INFO] [1784986903.158400564] [cmd_vel_udp_sender]: TIMING_SENDER ros_gap_ms=49.812/50.972/52.357 callback_ms=0.050/0.064/0.065 sendto_ms=0.049/0.062/0.064 cmd_age_ms=36.206 count=20 errors=0 errno=0 seq=13655 cmd=(0.500,-0.000,0.051)
[INFO] [1784986904.158253607] [cmd_vel_udp_sender]: TIMING_SENDER ros_gap_ms=50.006/51.121/54.556 callback_ms=0.059/0.070/0.153 sendto_ms=0.058/0.068/0.151 cmd_age_ms=35.949 count=20 errors=0 errno=0 seq=13675 cmd=(0.500,-0.000,0.029)
[INFO] [1784986905.158205138] [cmd_vel_udp_sender]: TIMING_SENDER ros_gap_ms=49.989/51.398/53.157 callback_ms=0.056/0.098/0.110 sendto_ms=0.054/0.096/0.108 cmd_age_ms=36.125 count=20 errors=0 errno=0 seq=13695 cmd=(0.500,-0.000,-0.011)
[INFO] [1784986906.158115261] [cmd_vel_udp_sender]: TIMING_SENDER ros_gap_ms=49.996/50.288/51.028 callback_ms=0.052/0.068/0.077 sendto_ms=0.051/0.066/0.075 cmd_age_ms=36.107 count=20 errors=0 errno=0 seq=13715 cmd=(0.500,-0.000,-0.011)
[INFO] [1784986907.158065315] [cmd_vel_udp_sender]: TIMING_SENDER ros_gap_ms=50.004/57.254/61.487 callback_ms=0.053/0.065/0.072 sendto_ms=0.052/0.064/0.070 cmd_age_ms=35.982 count=20 errors=0 errno=0 seq=13735 cmd=(0.500,-0.000,-0.013)
[INFO] [1784986908.157991175] [cmd_vel_udp_sender]: TIMING_SENDER ros_gap_ms=49.999/51.266/52.188 callback_ms=0.050/0.066/0.072 sendto_ms=0.049/0.064/0.070 cmd_age_ms=35.928 count=20 errors=0 errno=0 seq=13755 cmd=(0.500,-0.000,0.031)
[INFO] [1784986909.157937607] [cmd_vel_udp_sender]: TIMING_SENDER ros_gap_ms=50.053/52.769/55.703 callback_ms=0.050/0.084/0.115 sendto_ms=0.049/0.083/0.114 cmd_age_ms=34.807 count=20 errors=0 errno=0 seq=13775 cmd=(0.500,-0.000,-0.031)
[INFO] [1784986910.157862885] [cmd_vel_udp_sender]: TIMING_SENDER ros_gap_ms=49.979/50.960/51.173 callback_ms=0.051/0.072/0.077 sendto_ms=0.049/0.070/0.076 cmd_age_ms=35.148 count=20 errors=0 errno=0 seq=13795 cmd=(0.000,0.000,0.000)
[INFO] [1784986911.157800701] [cmd_vel_udp_sender]: TIMING_SENDER ros_gap_ms=50.044/52.712/58.106 callback_ms=0.054/0.065/0.073 sendto_ms=0.053/0.063/0.071 cmd_age_ms=34.212 count=20 errors=0 errno=0 seq=13815 cmd=(0.000,0.000,0.000)
[INFO] [1784986912.157749649] [cmd_vel_udp_sender]: TIMING_SENDER ros_gap_ms=49.926/50.941/51.959 callback_ms=0.054/0.075/0.085 sendto_ms=0.052/0.073/0.083 cmd_age_ms=35.646 count=20 errors=0 errno=0 seq=13835 cmd=(0.000,0.000,0.000)
[INFO] [1784986913.157665314] [cmd_vel_udp_sender]: TIMING_SENDER ros_gap_ms=50.099/53.599/56.084 callback_ms=0.053/0.065/0.072 sendto_ms=0.052/0.063/0.071 cmd_age_ms=33.587 count=20 errors=0 errno=0 seq=13855 cmd=(0.000,0.000,0.000)
[INFO] [1784986914.157602924] [cmd_vel_udp_sender]: TIMING_SENDER ros_gap_ms=49.921/51.453/52.479 callback_ms=0.048/0.055/0.069 sendto_ms=0.047/0.054/0.068 cmd_age_ms=35.099 count=20 errors=0 errno=0 seq=13875 cmd=(0.000,0.000,0.000)
[INFO] [1784986915.157552080] [cmd_vel_udp_sender]: TIMING_SENDER ros_gap_ms=50.019/51.546/52.348 callback_ms=0.054/0.064/0.069 sendto_ms=0.053/0.063/0.067 cmd_age_ms=34.661 count=20 errors=0 errno=0 seq=13895 cmd=(0.000,0.000,0.000)
[INFO] [1784986916.157506926] [cmd_vel_udp_sender]: TIMING_SENDER ros_gap_ms=49.992/53.630/54.251 callback_ms=0.053/0.074/0.081 sendto_ms=0.052/0.073/0.079 cmd_age_ms=34.772 count=20 errors=0 errno=0 seq=13915 cmd=(0.000,0.000,0.000)
[INFO] [1784986917.157425320] [cmd_vel_udp_sender]: TIMING_SENDER ros_gap_ms=49.997/51.022/58.032 callback_ms=0.051/0.069/0.104 sendto_ms=0.050/0.068/0.102 cmd_age_ms=34.755 count=20 errors=0 errno=0 seq=13935 cmd=(0.000,0.000,0.000)
[INFO] [1784986918.157359578] [cmd_vel_udp_sender]: TIMING_SENDER ros_gap_ms=49.964/53.583/54.117 callback_ms=0.047/0.066/0.080 sendto_ms=0.045/0.065/0.078 cmd_age_ms=35.400 count=20 errors=0 errno=0 seq=13955 cmd=(0.000,0.000,0.000)
[INFO] [1784986919.158102483] [cmd_vel_udp_sender]: TIMING_SENDER ros_gap_ms=50.003/50.857/59.281 callback_ms=0.046/0.064/0.077 sendto_ms=0.045/0.062/0.076 cmd_age_ms=36.074 count=20 errors=0 errno=0 seq=13975 cmd=(0.000,0.000,0.000)
[INFO] [1784986920.158826214] [cmd_vel_udp_sender]: TIMING_SENDER ros_gap_ms=50.013/52.139/61.269 callback_ms=0.046/0.061/0.063 sendto_ms=0.045/0.059/0.062 cmd_age_ms=36.531 count=20 errors=0 errno=0 seq=13995 cmd=(0.000,0.000,0.000)
[INFO] [1784986921.157186052] [cmd_vel_udp_sender]: TIMING_SENDER ros_gap_ms=50.023/57.473/58.623 callback_ms=0.054/0.063/0.065 sendto_ms=0.053/0.062/0.063 cmd_age_ms=34.429 count=20 errors=0 errno=0 seq=14015 cmd=(0.000,0.000,0.000)
[INFO] [1784986922.157107000] [cmd_vel_udp_sender]: TIMING_SENDER ros_gap_ms=49.958/54.164/54.233 callback_ms=0.051/0.060/0.067 sendto_ms=0.050/0.059/0.066 cmd_age_ms=35.195 count=20 errors=0 errno=0 seq=14035 cmd=(0.000,0.000,0.000)
[INFO] [1784986923.157056259] [cmd_vel_udp_sender]: TIMING_SENDER ros_gap_ms=50.008/56.677/56.805 callback_ms=0.055/0.074/0.098 sendto_ms=0.054/0.073/0.097 cmd_age_ms=34.989 count=20 errors=0 errno=0 seq=14055 cmd=(0.500,-0.000,0.154)
[INFO] [1784986924.157001061] [cmd_vel_udp_sender]: TIMING_SENDER ros_gap_ms=50.000/51.608/56.457 callback_ms=0.051/0.062/0.065 sendto_ms=0.049/0.060/0.064 cmd_age_ms=34.938 count=20 errors=0 errno=0 seq=14075 cmd=(0.500,-0.000,0.110)
[INFO] [1784986925.156919552] [cmd_vel_udp_sender]: TIMING_SENDER ros_gap_ms=50.007/55.463/58.027 callback_ms=0.053/0.066/0.097 sendto_ms=0.052/0.065/0.095 cmd_age_ms=34.718 count=20 errors=0 errno=0 seq=14095 cmd=(0.000,0.000,0.000)
[INFO] [1784986926.156870127] [cmd_vel_udp_sender]: TIMING_SENDER ros_gap_ms=49.994/51.417/53.349 callback_ms=0.049/0.060/0.062 sendto_ms=0.047/0.059/0.061 cmd_age_ms=34.785 count=20 errors=0 errno=0 seq=14115 cmd=(0.250,-0.000,0.450)
[INFO] [1784986927.156805109] [cmd_vel_udp_sender]: TIMING_SENDER ros_gap_ms=50.225/50.983/54.313 callback_ms=0.051/0.059/0.080 sendto_ms=0.050/0.058/0.078 cmd_age_ms=30.220 count=20 errors=0 errno=0 seq=14135 cmd=(0.250,-0.000,0.450)
[INFO] [1784986928.156748817] [cmd_vel_udp_sender]: TIMING_SENDER ros_gap_ms=49.790/51.866/55.252 callback_ms=0.050/0.060/0.075 sendto_ms=0.049/0.059/0.074 cmd_age_ms=34.364 count=20 errors=0 errno=0 seq=14155 cmd=(0.000,0.000,0.000)
[INFO] [1784986929.156684386] [cmd_vel_udp_sender]: TIMING_SENDER ros_gap_ms=49.986/51.480/51.920 callback_ms=0.051/0.064/0.064 sendto_ms=0.050/0.063/0.063 cmd_age_ms=34.580 count=20 errors=0 errno=0 seq=14175 cmd=(0.000,0.000,0.000)
[INFO] [1784986930.156616137] [cmd_vel_udp_sender]: TIMING_SENDER ros_gap_ms=50.012/52.925/59.456 callback_ms=0.054/0.066/0.074 sendto_ms=0.053/0.065/0.073 cmd_age_ms=34.269 count=20 errors=0 errno=0 seq=14195 cmd=(0.250,-0.000,0.450)
[INFO] [1784986931.156558884] [cmd_vel_udp_sender]: TIMING_SENDER ros_gap_ms=49.989/51.528/52.404 callback_ms=0.059/0.077/0.077 sendto_ms=0.057/0.076/0.076 cmd_age_ms=34.424 count=20 errors=0 errno=0 seq=14215 cmd=(0.250,-0.000,0.450)
[INFO] [1784986932.156499860] [cmd_vel_udp_sender]: TIMING_SENDER ros_gap_ms=50.012/55.159/59.444 callback_ms=0.053/0.074/0.076 sendto_ms=0.051/0.072/0.074 cmd_age_ms=34.132 count=20 errors=0 errno=0 seq=14235 cmd=(0.500,-0.000,0.225)
[INFO] [1784986933.156448504] [cmd_vel_udp_sender]: TIMING_SENDER ros_gap_ms=49.989/51.338/62.752 callback_ms=0.051/0.063/0.068 sendto_ms=0.049/0.061/0.066 cmd_age_ms=34.297 count=20 errors=0 errno=0 seq=14255 cmd=(0.000,0.000,0.000)
[INFO] [1784986934.156380208] [cmd_vel_udp_sender]: TIMING_SENDER ros_gap_ms=50.077/53.092/57.183 callback_ms=0.051/0.063/0.064 sendto_ms=0.049/0.061/0.063 cmd_age_ms=32.690 count=20 errors=0 errno=0 seq=14275 cmd=(0.000,0.000,0.000)
[INFO] [1784986935.156323867] [cmd_vel_udp_sender]: TIMING_SENDER ros_gap_ms=49.925/51.518/51.976 callback_ms=0.052/0.076/0.077 sendto_ms=0.049/0.059/0.075 cmd_age_ms=34.142 count=20 errors=0 errno=0 seq=14295 cmd=(0.250,-0.000,0.450)
[INFO] [1784986936.156263801] [cmd_vel_udp_sender]: TIMING_SENDER ros_gap_ms=50.236/54.699/55.270 callback_ms=0.056/0.069/0.071 sendto_ms=0.054/0.068/0.070 cmd_age_ms=29.361 count=20 errors=0 errno=0 seq=14315 cmd=(0.250,-0.000,0.450)
[INFO] [1784986937.156201226] [cmd_vel_udp_sender]: TIMING_SENDER ros_gap_ms=49.759/50.797/51.707 callback_ms=0.061/0.074/0.155 sendto_ms=0.059/0.072/0.153 cmd_age_ms=34.120 count=20 errors=0 errno=0 seq=14335 cmd=(0.250,-0.000,0.450)
[INFO] [1784986938.156153836] [cmd_vel_udp_sender]: TIMING_SENDER ros_gap_ms=50.047/55.555/56.076 callback_ms=0.055/0.082/0.082 sendto_ms=0.051/0.080/0.081 cmd_age_ms=33.127 count=20 errors=0 errno=0 seq=14355 cmd=(0.000,0.000,0.000)
[INFO] [1784986939.156100000] [cmd_vel_udp_sender]: TIMING_SENDER ros_gap_ms=49.960/52.089/56.376 callback_ms=0.056/0.068/0.078 sendto_ms=0.054/0.067/0.076 cmd_age_ms=33.872 count=20 errors=0 errno=0 seq=14375 cmd=(0.000,0.000,0.000)
[INFO] [1784986940.156043622] [cmd_vel_udp_sender]: TIMING_SENDER ros_gap_ms=50.103/55.834/56.305 callback_ms=0.055/0.064/0.072 sendto_ms=0.054/0.063/0.070 cmd_age_ms=31.751 count=20 errors=0 errno=0 seq=14395 cmd=(0.000,-0.000,0.450)
[INFO] [1784986941.155983838] [cmd_vel_udp_sender]: TIMING_SENDER ros_gap_ms=49.893/56.372/57.402 callback_ms=0.054/0.068/0.096 sendto_ms=0.052/0.066/0.094 cmd_age_ms=33.831 count=20 errors=0 errno=0 seq=14415 cmd=(0.000,-0.000,0.450)
[INFO] [1784986942.155939142] [cmd_vel_udp_sender]: TIMING_SENDER ros_gap_ms=50.083/51.905/55.918 callback_ms=0.050/0.063/0.067 sendto_ms=0.049/0.061/0.066 cmd_age_ms=32.127 count=20 errors=0 errno=0 seq=14435 cmd=(0.250,-0.000,0.450)
[INFO] [1784986943.155842561] [cmd_vel_udp_sender]: TIMING_SENDER ros_gap_ms=50.001/54.079/55.947 callback_ms=0.054/0.060/0.100 sendto_ms=0.053/0.059/0.098 cmd_age_ms=32.010 count=20 errors=0 errno=0 seq=14455 cmd=(0.250,-0.000,0.450)
[INFO] [1784986944.155793833] [cmd_vel_udp_sender]: TIMING_SENDER ros_gap_ms=49.915/52.554/54.004 callback_ms=0.053/0.062/0.063 sendto_ms=0.051/0.060/0.062 cmd_age_ms=33.653 count=20 errors=0 errno=0 seq=14475 cmd=(0.000,-0.000,0.450)
[INFO] [1784986945.155763937] [cmd_vel_udp_sender]: TIMING_SENDER ros_gap_ms=49.989/55.918/65.298 callback_ms=0.046/0.060/0.061 sendto_ms=0.045/0.059/0.060 cmd_age_ms=33.837 count=20 errors=0 errno=0 seq=14495 cmd=(0.500,-0.000,0.275)
[INFO] [1784986946.155674379] [cmd_vel_udp_sender]: TIMING_SENDER ros_gap_ms=50.014/51.473/52.060 callback_ms=0.047/0.059/0.063 sendto_ms=0.045/0.058/0.062 cmd_age_ms=33.476 count=20 errors=0 errno=0 seq=14515 cmd=(0.500,-0.000,0.070)
[INFO] [1784986947.155595844] [cmd_vel_udp_sender]: TIMING_SENDER ros_gap_ms=49.986/55.764/57.937 callback_ms=0.045/0.057/0.063 sendto_ms=0.043/0.052/0.062 cmd_age_ms=33.683 count=20 errors=0 errno=0 seq=14535 cmd=(0.500,-0.000,-0.180)
[INFO] [1784986948.155571272] [cmd_vel_udp_sender]: TIMING_SENDER ros_gap_ms=50.043/56.739/57.790 callback_ms=0.043/0.053/0.054 sendto_ms=0.042/0.051/0.053 cmd_age_ms=32.803 count=20 errors=0 errno=0 seq=14555 cmd=(0.500,-0.000,-0.263)
[INFO] [1784986949.155498654] [cmd_vel_udp_sender]: TIMING_SENDER ros_gap_ms=50.031/54.763/64.804 callback_ms=0.048/0.065/0.066 sendto_ms=0.047/0.064/0.065 cmd_age_ms=32.111 count=20 errors=0 errno=0 seq=14575 cmd=(0.500,-0.000,-0.231)
[INFO] [1784986950.155452224] [cmd_vel_udp_sender]: TIMING_SENDER ros_gap_ms=49.935/50.957/58.290 callback_ms=0.053/0.065/0.065 sendto_ms=0.051/0.063/0.064 cmd_age_ms=33.361 count=20 errors=0 errno=0 seq=14595 cmd=(0.500,-0.000,-0.089)
[INFO] [1784986951.155396657] [cmd_vel_udp_sender]: TIMING_SENDER ros_gap_ms=50.003/56.576/56.738 callback_ms=0.050/0.063/0.063 sendto_ms=0.049/0.061/0.061 cmd_age_ms=33.237 count=20 errors=0 errno=0 seq=14615 cmd=(0.500,-0.000,-0.076)
[INFO] [1784986952.155345295] [cmd_vel_udp_sender]: TIMING_SENDER ros_gap_ms=50.002/52.134/52.389 callback_ms=0.057/0.074/0.107 sendto_ms=0.055/0.072/0.106 cmd_age_ms=33.150 count=20 errors=0 errno=0 seq=14635 cmd=(0.500,-0.000,-0.036)
[INFO] [1784986953.155297433] [cmd_vel_udp_sender]: TIMING_SENDER ros_gap_ms=50.008/56.497/57.363 callback_ms=0.055/0.068/0.091 sendto_ms=0.053/0.067/0.089 cmd_age_ms=32.945 count=20 errors=0 errno=0 seq=14655 cmd=(0.500,-0.000,0.000)
[INFO] [1784986954.155236690] [cmd_vel_udp_sender]: TIMING_SENDER ros_gap_ms=49.992/51.862/55.874 callback_ms=0.053/0.069/0.075 sendto_ms=0.052/0.068/0.073 cmd_age_ms=33.036 count=20 errors=0 errno=0 seq=14675 cmd=(0.500,-0.000,0.018)
[INFO] [1784986955.155173718] [cmd_vel_udp_sender]: TIMING_SENDER ros_gap_ms=50.018/50.931/51.135 callback_ms=0.058/0.092/0.104 sendto_ms=0.057/0.090/0.102 cmd_age_ms=32.609 count=20 errors=0 errno=0 seq=14695 cmd=(0.500,-0.000,-0.013)
[INFO] [1784986956.155119239] [cmd_vel_udp_sender]: TIMING_SENDER ros_gap_ms=50.044/51.989/56.600 callback_ms=0.052/0.062/0.072 sendto_ms=0.050/0.060/0.070 cmd_age_ms=31.668 count=20 errors=0 errno=0 seq=14715 cmd=(0.500,-0.000,0.046)
[INFO] [1784986957.155064163] [cmd_vel_udp_sender]: TIMING_SENDER ros_gap_ms=49.978/51.022/51.105 callback_ms=0.058/0.076/0.127 sendto_ms=0.056/0.074/0.125 cmd_age_ms=32.060 count=20 errors=0 errno=0 seq=14735 cmd=(0.500,-0.000,0.015)
[INFO] [1784986958.155002923] [cmd_vel_udp_sender]: TIMING_SENDER ros_gap_ms=49.958/54.440/58.832 callback_ms=0.050/0.062/0.078 sendto_ms=0.048/0.060/0.076 cmd_age_ms=32.844 count=20 errors=0 errno=0 seq=14755 cmd=(0.500,-0.000,-0.019)
[INFO] [1784986959.154955326] [cmd_vel_udp_sender]: TIMING_SENDER ros_gap_ms=50.059/51.216/51.250 callback_ms=0.050/0.058/0.065 sendto_ms=0.048/0.057/0.063 cmd_age_ms=31.613 count=20 errors=0 errno=0 seq=14775 cmd=(0.500,-0.000,0.011)
[INFO] [1784986960.154909019] [cmd_vel_udp_sender]: TIMING_SENDER ros_gap_ms=49.937/56.558/57.675 callback_ms=0.050/0.064/0.067 sendto_ms=0.049/0.062/0.065 cmd_age_ms=32.822 count=20 errors=0 errno=0 seq=14795 cmd=(0.500,-0.000,0.003)
[INFO] [1784986961.155617113] [cmd_vel_udp_sender]: TIMING_SENDER ros_gap_ms=50.001/50.282/51.146 callback_ms=0.053/0.067/0.071 sendto_ms=0.052/0.066/0.069 cmd_age_ms=33.505 count=20 errors=0 errno=0 seq=14815 cmd=(0.500,-0.000,-0.004)
[INFO] [1784986962.154792437] [cmd_vel_udp_sender]: TIMING_SENDER ros_gap_ms=50.000/53.126/55.766 callback_ms=0.053/0.066/0.082 sendto_ms=0.051/0.064/0.081 cmd_age_ms=32.690 count=20 errors=0 errno=0 seq=14835 cmd=(0.500,-0.000,-0.017)
[INFO] [1784986963.154707346] [cmd_vel_udp_sender]: TIMING_SENDER ros_gap_ms=50.027/52.619/55.845 callback_ms=0.058/0.087/0.116 sendto_ms=0.056/0.085/0.114 cmd_age_ms=32.056 count=20 errors=0 errno=0 seq=14855 cmd=(0.500,-0.000,-0.058)
[INFO] [1784986964.154685141] [cmd_vel_udp_sender]: TIMING_SENDER ros_gap_ms=50.128/52.186/52.599 callback_ms=0.056/0.080/0.104 sendto_ms=0.055/0.078/0.103 cmd_age_ms=29.469 count=20 errors=0 errno=0 seq=14875 cmd=(0.500,-0.000,0.035)
[INFO] [1784986965.154634179] [cmd_vel_udp_sender]: TIMING_SENDER ros_gap_ms=49.848/53.437/56.246 callback_ms=0.053/0.064/0.069 sendto_ms=0.051/0.063/0.067 cmd_age_ms=32.468 count=20 errors=0 errno=0 seq=14895 cmd=(0.500,-0.000,-0.017)
[INFO] [1784986966.154577465] [cmd_vel_udp_sender]: TIMING_SENDER ros_gap_ms=49.999/50.913/52.841 callback_ms=0.053/0.063/0.079 sendto_ms=0.051/0.062/0.077 cmd_age_ms=32.440 count=20 errors=0 errno=0 seq=14915 cmd=(0.500,-0.000,-0.003)
[INFO] [1784986967.154530648] [cmd_vel_udp_sender]: TIMING_SENDER ros_gap_ms=49.998/55.938/56.925 callback_ms=0.052/0.061/0.085 sendto_ms=0.050/0.059/0.084 cmd_age_ms=32.439 count=20 errors=0 errno=0 seq=14935 cmd=(0.500,-0.000,-0.009)
[INFO] [1784986968.154464895] [cmd_vel_udp_sender]: TIMING_SENDER ros_gap_ms=50.118/52.426/52.594 callback_ms=0.053/0.079/0.079 sendto_ms=0.052/0.077/0.078 cmd_age_ms=30.007 count=20 errors=0 errno=0 seq=14955 cmd=(0.500,-0.000,0.008)
[INFO] [1784986969.154429549] [cmd_vel_udp_sender]: TIMING_SENDER ros_gap_ms=50.201/56.368/58.115 callback_ms=0.065/0.111/0.203 sendto_ms=0.060/0.110/0.134 cmd_age_ms=25.943 count=20 errors=0 errno=0 seq=14975 cmd=(0.500,-0.000,-0.032)
[INFO] [1784986970.154626550] [cmd_vel_udp_sender]: TIMING_SENDER ros_gap_ms=49.690/51.141/51.256 callback_ms=0.054/0.076/0.127 sendto_ms=0.052/0.074/0.125 cmd_age_ms=32.346 count=20 errors=0 errno=0 seq=14995 cmd=(0.500,-0.000,0.017)
[INFO] [1784986971.154317217] [cmd_vel_udp_sender]: TIMING_SENDER ros_gap_ms=49.990/51.984/55.018 callback_ms=0.058/0.080/0.086 sendto_ms=0.055/0.075/0.079 cmd_age_ms=32.234 count=20 errors=0 errno=0 seq=15015 cmd=(0.500,-0.000,0.014)
[INFO] [1784986972.154422620] [cmd_vel_udp_sender]: TIMING_SENDER ros_gap_ms=50.074/55.461/57.369 callback_ms=0.047/0.058/0.066 sendto_ms=0.045/0.056/0.065 cmd_age_ms=30.856 count=20 errors=0 errno=0 seq=15035 cmd=(0.500,-0.000,-0.010)
[INFO] [1784986973.155489100] [cmd_vel_udp_sender]: TIMING_SENDER ros_gap_ms=50.002/52.291/63.807 callback_ms=0.043/0.055/0.058 sendto_ms=0.042/0.054/0.057 cmd_age_ms=31.885 count=20 errors=0 errno=0 seq=15055 cmd=(0.500,-0.000,0.007)
[INFO] [1784986974.154138881] [cmd_vel_udp_sender]: TIMING_SENDER ros_gap_ms=49.984/57.160/58.624 callback_ms=0.049/0.062/0.064 sendto_ms=0.048/0.060/0.062 cmd_age_ms=30.858 count=20 errors=0 errno=0 seq=15075 cmd=(0.500,-0.000,-0.036)
[INFO] [1784986975.154081496] [cmd_vel_udp_sender]: TIMING_SENDER ros_gap_ms=49.945/52.599/56.760 callback_ms=0.048/0.064/0.065 sendto_ms=0.047/0.062/0.063 cmd_age_ms=31.908 count=20 errors=0 errno=0 seq=15095 cmd=(0.500,-0.000,0.002)
[INFO] [1784986976.154086609] [cmd_vel_udp_sender]: TIMING_SENDER ros_gap_ms=50.012/55.763/55.914 callback_ms=0.054/0.071/0.074 sendto_ms=0.052/0.066/0.069 cmd_age_ms=31.676 count=20 errors=0 errno=0 seq=15115 cmd=(0.500,-0.000,0.005)
[INFO] [1784986977.153973877] [cmd_vel_udp_sender]: TIMING_SENDER ros_gap_ms=49.980/51.433/51.687 callback_ms=0.050/0.063/0.064 sendto_ms=0.049/0.061/0.062 cmd_age_ms=31.968 count=20 errors=0 errno=0 seq=15135 cmd=(0.500,-0.000,0.010)
[INFO] [1784986978.153953241] [cmd_vel_udp_sender]: TIMING_SENDER ros_gap_ms=50.072/51.301/56.408 callback_ms=0.054/0.066/0.068 sendto_ms=0.052/0.064/0.066 cmd_age_ms=30.508 count=20 errors=0 errno=0 seq=15155 cmd=(0.500,-0.000,-0.007)
[INFO] [1784986979.153893988] [cmd_vel_udp_sender]: TIMING_SENDER ros_gap_ms=49.949/51.563/52.769 callback_ms=0.053/0.063/0.065 sendto_ms=0.051/0.061/0.063 cmd_age_ms=31.474 count=20 errors=0 errno=0 seq=15175 cmd=(0.500,-0.000,0.001)
[INFO] [1784986980.153838387] [cmd_vel_udp_sender]: TIMING_SENDER ros_gap_ms=50.067/51.509/51.867 callback_ms=0.052/0.070/0.077 sendto_ms=0.050/0.069/0.075 cmd_age_ms=30.068 count=20 errors=0 errno=0 seq=15195 cmd=(0.500,-0.000,-0.009)
[INFO] [1784986981.153774150] [cmd_vel_udp_sender]: TIMING_SENDER ros_gap_ms=49.973/53.887/57.129 callback_ms=0.055/0.068/0.098 sendto_ms=0.053/0.067/0.097 cmd_age_ms=30.543 count=20 errors=0 errno=0 seq=15215 cmd=(0.500,-0.000,-0.051)
[INFO] [1784986982.153729244] [cmd_vel_udp_sender]: TIMING_SENDER ros_gap_ms=49.941/50.965/51.307 callback_ms=0.053/0.066/0.070 sendto_ms=0.051/0.064/0.068 cmd_age_ms=31.686 count=20 errors=0 errno=0 seq=15235 cmd=(0.500,-0.000,-0.001)
[INFO] [1784986983.153684149] [cmd_vel_udp_sender]: TIMING_SENDER ros_gap_ms=50.023/55.689/57.102 callback_ms=0.056/0.064/0.099 sendto_ms=0.054/0.063/0.097 cmd_age_ms=31.182 count=20 errors=0 errno=0 seq=15255 cmd=(0.500,-0.000,-0.031)
[INFO] [1784986984.153625842] [cmd_vel_udp_sender]: TIMING_SENDER ros_gap_ms=49.981/51.536/52.013 callback_ms=0.052/0.061/0.067 sendto_ms=0.050/0.059/0.066 cmd_age_ms=31.503 count=20 errors=0 errno=0 seq=15275 cmd=(0.500,-0.000,-0.033)
[INFO] [1784986985.153586736] [cmd_vel_udp_sender]: TIMING_SENDER ros_gap_ms=50.005/56.180/57.344 callback_ms=0.049/0.061/0.070 sendto_ms=0.048/0.059/0.069 cmd_age_ms=31.363 count=20 errors=0 errno=0 seq=15295 cmd=(0.500,-0.000,-0.013)
[INFO] [1784986986.153520563] [cmd_vel_udp_sender]: TIMING_SENDER ros_gap_ms=49.991/52.249/52.616 callback_ms=0.052/0.060/0.070 sendto_ms=0.050/0.059/0.068 cmd_age_ms=31.476 count=20 errors=0 errno=0 seq=15315 cmd=(0.500,-0.000,-0.002)
[INFO] [1784986987.153481525] [cmd_vel_udp_sender]: TIMING_SENDER ros_gap_ms=50.001/55.318/56.420 callback_ms=0.054/0.066/0.077 sendto_ms=0.052/0.065/0.076 cmd_age_ms=31.415 count=20 errors=0 errno=0 seq=15335 cmd=(0.500,-0.000,0.002)
[INFO] [1784986988.153437018] [cmd_vel_udp_sender]: TIMING_SENDER ros_gap_ms=50.038/50.934/51.094 callback_ms=0.052/0.070/0.071 sendto_ms=0.051/0.068/0.070 cmd_age_ms=30.611 count=20 errors=0 errno=0 seq=15355 cmd=(0.500,-0.000,-0.011)
[INFO] [1784986989.153373857] [cmd_vel_udp_sender]: TIMING_SENDER ros_gap_ms=49.969/54.596/56.730 callback_ms=0.048/0.060/0.061 sendto_ms=0.047/0.059/0.060 cmd_age_ms=31.159 count=20 errors=0 errno=0 seq=15375 cmd=(0.500,-0.000,-0.020)
[INFO] [1784986990.153316040] [cmd_vel_udp_sender]: TIMING_SENDER ros_gap_ms=50.001/50.158/51.646 callback_ms=0.051/0.064/0.070 sendto_ms=0.050/0.063/0.069 cmd_age_ms=31.085 count=20 errors=0 errno=0 seq=15395 cmd=(0.500,-0.000,-0.014)
[INFO] [1784986991.153264208] [cmd_vel_udp_sender]: TIMING_SENDER ros_gap_ms=50.172/53.467/57.171 callback_ms=0.053/0.070/0.111 sendto_ms=0.052/0.069/0.109 cmd_age_ms=27.601 count=20 errors=0 errno=0 seq=15415 cmd=(0.500,-0.000,0.005)
[INFO] [1784986992.153239831] [cmd_vel_udp_sender]: TIMING_SENDER ros_gap_ms=49.877/51.161/51.793 callback_ms=0.055/0.071/0.076 sendto_ms=0.053/0.070/0.075 cmd_age_ms=30.029 count=20 errors=0 errno=0 seq=15435 cmd=(0.500,-0.000,-0.007)
[INFO] [1784986993.153175425] [cmd_vel_udp_sender]: TIMING_SENDER ros_gap_ms=49.943/54.878/55.416 callback_ms=0.056/0.068/0.070 sendto_ms=0.054/0.066/0.068 cmd_age_ms=31.098 count=20 errors=0 errno=0 seq=15455 cmd=(0.500,-0.000,-0.032)
[INFO] [1784986994.153117737] [cmd_vel_udp_sender]: TIMING_SENDER ros_gap_ms=50.053/51.123/55.709 callback_ms=0.052/0.062/0.066 sendto_ms=0.050/0.060/0.064 cmd_age_ms=29.987 count=20 errors=0 errno=0 seq=15475 cmd=(0.500,-0.000,-0.010)
[INFO] [1784986995.153069265] [cmd_vel_udp_sender]: TIMING_SENDER ros_gap_ms=49.954/52.309/52.980 callback_ms=0.053/0.070/0.071 sendto_ms=0.051/0.068/0.069 cmd_age_ms=30.858 count=20 errors=0 errno=0 seq=15495 cmd=(0.500,-0.000,-0.003)
[INFO] [1784986996.153024823] [cmd_vel_udp_sender]: TIMING_SENDER ros_gap_ms=50.017/58.861/61.159 callback_ms=0.050/0.060/0.062 sendto_ms=0.048/0.058/0.060 cmd_age_ms=30.470 count=20 errors=0 errno=0 seq=15515 cmd=(0.500,-0.000,-0.020)
[INFO] [1784986997.152990396] [cmd_vel_udp_sender]: TIMING_SENDER ros_gap_ms=49.991/51.057/51.225 callback_ms=0.052/0.065/0.072 sendto_ms=0.051/0.064/0.071 cmd_age_ms=30.623 count=20 errors=0 errno=0 seq=15535 cmd=(0.500,-0.000,-0.009)
[INFO] [1784986998.152927809] [cmd_vel_udp_sender]: TIMING_SENDER ros_gap_ms=49.997/57.056/65.101 callback_ms=0.051/0.066/0.074 sendto_ms=0.050/0.064/0.072 cmd_age_ms=30.628 count=20 errors=0 errno=0 seq=15555 cmd=(0.500,-0.000,-0.019)
[INFO] [1784986999.152878724] [cmd_vel_udp_sender]: TIMING_SENDER ros_gap_ms=50.082/56.811/56.979 callback_ms=0.046/0.051/0.075 sendto_ms=0.044/0.050/0.073 cmd_age_ms=28.944 count=20 errors=0 errno=0 seq=15575 cmd=(0.500,-0.000,-0.033)
[INFO] [1784987000.152833156] [cmd_vel_udp_sender]: TIMING_SENDER ros_gap_ms=49.944/54.216/60.277 callback_ms=0.042/0.062/0.065 sendto_ms=0.041/0.061/0.063 cmd_age_ms=30.023 count=20 errors=0 errno=0 seq=15595 cmd=(0.500,-0.000,-0.009)
[INFO] [1784987001.152761283] [cmd_vel_udp_sender]: TIMING_SENDER ros_gap_ms=49.974/52.393/73.863 callback_ms=0.040/0.047/0.049 sendto_ms=0.039/0.045/0.048 cmd_age_ms=30.475 count=20 errors=0 errno=0 seq=15615 cmd=(0.500,-0.000,0.003)
[INFO] [1784987002.152733053] [cmd_vel_udp_sender]: TIMING_SENDER ros_gap_ms=49.996/51.832/56.792 callback_ms=0.048/0.064/0.065 sendto_ms=0.047/0.062/0.064 cmd_age_ms=30.525 count=20 errors=0 errno=0 seq=15635 cmd=(0.500,-0.000,0.009)
[INFO] [1784987003.152697173] [cmd_vel_udp_sender]: TIMING_SENDER ros_gap_ms=50.162/51.578/53.394 callback_ms=0.049/0.062/0.064 sendto_ms=0.048/0.061/0.063 cmd_age_ms=27.240 count=20 errors=0 errno=0 seq=15655 cmd=(0.500,-0.000,0.006)
[INFO] [1784987004.152632042] [cmd_vel_udp_sender]: TIMING_SENDER ros_gap_ms=49.837/54.127/55.553 callback_ms=0.049/0.067/0.071 sendto_ms=0.048/0.065/0.070 cmd_age_ms=30.445 count=20 errors=0 errno=0 seq=15675 cmd=(0.500,-0.000,-0.022)
[INFO] [1784987005.152603323] [cmd_vel_udp_sender]: TIMING_SENDER ros_gap_ms=50.207/51.547/51.799 callback_ms=0.053/0.070/0.097 sendto_ms=0.051/0.069/0.095 cmd_age_ms=26.269 count=20 errors=0 errno=0 seq=15695 cmd=(0.500,-0.000,-0.045)
[INFO] [1784987006.152548745] [cmd_vel_udp_sender]: TIMING_SENDER ros_gap_ms=49.794/52.038/56.553 callback_ms=0.051/0.063/0.065 sendto_ms=0.050/0.062/0.064 cmd_age_ms=30.327 count=20 errors=0 errno=0 seq=15715 cmd=(0.500,-0.000,-0.042)
[INFO] [1784987007.152496019] [cmd_vel_udp_sender]: TIMING_SENDER ros_gap_ms=50.003/51.357/54.000 callback_ms=0.050/0.065/0.071 sendto_ms=0.049/0.063/0.069 cmd_age_ms=30.217 count=20 errors=0 errno=0 seq=15735 cmd=(0.500,-0.000,-0.011)
[INFO] [1784987008.152455864] [cmd_vel_udp_sender]: TIMING_SENDER ros_gap_ms=50.043/56.095/59.771 callback_ms=0.048/0.056/0.085 sendto_ms=0.047/0.055/0.083 cmd_age_ms=29.320 count=20 errors=0 errno=0 seq=15755 cmd=(0.500,-0.000,0.017)
[INFO] [1784987009.152392313] [cmd_vel_udp_sender]: TIMING_SENDER ros_gap_ms=49.975/50.985/52.081 callback_ms=0.050/0.059/0.074 sendto_ms=0.049/0.058/0.072 cmd_age_ms=29.765 count=20 errors=0 errno=0 seq=15775 cmd=(0.500,-0.000,-0.017)
[INFO] [1784987010.152347124] [cmd_vel_udp_sender]: TIMING_SENDER ros_gap_ms=50.235/56.321/58.703 callback_ms=0.052/0.062/0.074 sendto_ms=0.051/0.061/0.073 cmd_age_ms=25.023 count=20 errors=0 errno=0 seq=15795 cmd=(0.500,-0.000,0.370)
[INFO] [1784987011.152324009] [cmd_vel_udp_sender]: TIMING_SENDER ros_gap_ms=49.749/54.643/56.528 callback_ms=0.053/0.067/0.067 sendto_ms=0.051/0.065/0.065 cmd_age_ms=30.026 count=20 errors=0 errno=0 seq=15815 cmd=(0.500,-0.000,0.231)
[INFO] [1784987012.152258617] [cmd_vel_udp_sender]: TIMING_SENDER ros_gap_ms=49.994/52.747/53.132 callback_ms=0.054/0.075/0.082 sendto_ms=0.052/0.073/0.081 cmd_age_ms=30.084 count=20 errors=0 errno=0 seq=15835 cmd=(0.500,-0.000,0.041)
[INFO] [1784987013.152238178] [cmd_vel_udp_sender]: TIMING_SENDER ros_gap_ms=49.995/51.708/56.114 callback_ms=0.051/0.058/0.067 sendto_ms=0.049/0.057/0.066 cmd_age_ms=30.167 count=20 errors=0 errno=0 seq=15855 cmd=(0.500,-0.000,0.055)
[INFO] [1784987014.152187846] [cmd_vel_udp_sender]: TIMING_SENDER ros_gap_ms=50.013/51.280/56.263 callback_ms=0.054/0.091/0.101 sendto_ms=0.052/0.090/0.100 cmd_age_ms=29.865 count=20 errors=0 errno=0 seq=15875 cmd=(0.500,-0.000,0.044)
[INFO] [1784987015.152119012] [cmd_vel_udp_sender]: TIMING_SENDER ros_gap_ms=49.991/58.070/64.518 callback_ms=0.051/0.063/0.070 sendto_ms=0.050/0.061/0.068 cmd_age_ms=29.985 count=20 errors=0 errno=0 seq=15895 cmd=(0.500,-0.000,0.101)
[INFO] [1784987016.152088569] [cmd_vel_udp_sender]: TIMING_SENDER ros_gap_ms=50.081/51.608/52.174 callback_ms=0.056/0.074/0.119 sendto_ms=0.054/0.072/0.118 cmd_age_ms=28.345 count=20 errors=0 errno=0 seq=15915 cmd=(0.500,-0.000,0.125)
[INFO] [1784987017.152036584] [cmd_vel_udp_sender]: TIMING_SENDER ros_gap_ms=49.990/56.016/60.266 callback_ms=0.049/0.059/0.063 sendto_ms=0.047/0.057/0.061 cmd_age_ms=28.487 count=20 errors=0 errno=0 seq=15935 cmd=(0.500,-0.000,0.221)
[INFO] [1784987018.151979056] [cmd_vel_udp_sender]: TIMING_SENDER ros_gap_ms=49.995/51.229/51.280 callback_ms=0.050/0.065/0.073 sendto_ms=0.049/0.063/0.072 cmd_age_ms=28.523 count=20 errors=0 errno=0 seq=15955 cmd=(0.500,-0.000,0.211)
[INFO] [1784987019.151931279] [cmd_vel_udp_sender]: TIMING_SENDER ros_gap_ms=50.071/62.006/77.867 callback_ms=0.055/0.071/0.081 sendto_ms=0.054/0.070/0.080 cmd_age_ms=27.065 count=20 errors=0 errno=0 seq=15975 cmd=(0.500,-0.000,0.101)
[INFO] [1784987020.151853192] [cmd_vel_udp_sender]: TIMING_SENDER ros_gap_ms=49.870/55.086/56.276 callback_ms=0.051/0.059/0.065 sendto_ms=0.049/0.057/0.063 cmd_age_ms=29.582 count=20 errors=0 errno=0 seq=15995 cmd=(0.500,-0.000,-0.002)
[INFO] [1784987021.151853268] [cmd_vel_udp_sender]: TIMING_SENDER ros_gap_ms=49.998/50.596/51.024 callback_ms=0.053/0.063/0.094 sendto_ms=0.052/0.062/0.092 cmd_age_ms=29.617 count=20 errors=0 errno=0 seq=16015 cmd=(0.500,-0.000,0.025)
[INFO] [1784987022.151796155] [cmd_vel_udp_sender]: TIMING_SENDER ros_gap_ms=49.992/54.753/56.950 callback_ms=0.056/0.080/0.080 sendto_ms=0.054/0.078/0.079 cmd_age_ms=29.716 count=20 errors=0 errno=0 seq=16035 cmd=(0.500,-0.000,0.026)
[INFO] [1784987023.151749848] [cmd_vel_udp_sender]: TIMING_SENDER ros_gap_ms=50.008/51.240/51.314 callback_ms=0.058/0.070/0.163 sendto_ms=0.057/0.069/0.162 cmd_age_ms=29.500 count=20 errors=0 errno=0 seq=16055 cmd=(0.500,-0.000,0.000)
[INFO] [1784987024.151714123] [cmd_vel_udp_sender]: TIMING_SENDER ros_gap_ms=50.001/52.734/55.640 callback_ms=0.058/0.078/0.085 sendto_ms=0.057/0.076/0.084 cmd_age_ms=29.447 count=20 errors=0 errno=0 seq=16075 cmd=(0.500,-0.000,0.010)
[INFO] [1784987025.151654102] [cmd_vel_udp_sender]: TIMING_SENDER ros_gap_ms=50.016/54.153/55.300 callback_ms=0.052/0.065/0.067 sendto_ms=0.050/0.064/0.065 cmd_age_ms=29.064 count=20 errors=0 errno=0 seq=16095 cmd=(0.500,-0.000,0.092)
[INFO] [1784987026.151636501] [cmd_vel_udp_sender]: TIMING_SENDER ros_gap_ms=49.976/53.827/55.016 callback_ms=0.046/0.056/0.057 sendto_ms=0.044/0.055/0.055 cmd_age_ms=29.532 count=20 errors=0 errno=0 seq=16115 cmd=(0.500,-0.000,0.074)
[INFO] [1784987027.151629033] [cmd_vel_udp_sender]: TIMING_SENDER ros_gap_ms=50.011/55.082/55.184 callback_ms=0.042/0.051/0.057 sendto_ms=0.041/0.049/0.056 cmd_age_ms=29.302 count=20 errors=0 errno=0 seq=16135 cmd=(0.500,-0.000,0.049)
[INFO] [1784987028.151565973] [cmd_vel_udp_sender]: TIMING_SENDER ros_gap_ms=49.999/53.569/58.552 callback_ms=0.045/0.067/0.076 sendto_ms=0.044/0.065/0.074 cmd_age_ms=29.251 count=20 errors=0 errno=0 seq=16155 cmd=(0.500,-0.000,0.093)
[INFO] [1784987029.151482455] [cmd_vel_udp_sender]: TIMING_SENDER ros_gap_ms=49.994/52.547/56.271 callback_ms=0.055/0.065/0.120 sendto_ms=0.054/0.064/0.118 cmd_age_ms=29.295 count=20 errors=0 errno=0 seq=16175 cmd=(0.500,-0.000,0.043)
[INFO] [1784987030.151466667] [cmd_vel_udp_sender]: TIMING_SENDER ros_gap_ms=50.006/51.457/54.400 callback_ms=0.055/0.072/0.079 sendto_ms=0.054/0.071/0.077 cmd_age_ms=29.163 count=20 errors=0 errno=0 seq=16195 cmd=(0.500,-0.000,0.056)
[INFO] [1784987031.151401238] [cmd_vel_udp_sender]: TIMING_SENDER ros_gap_ms=49.994/51.454/51.583 callback_ms=0.051/0.066/0.069 sendto_ms=0.050/0.064/0.067 cmd_age_ms=29.211 count=20 errors=0 errno=0 seq=16215 cmd=(0.500,-0.000,0.010)
[INFO] [1784987032.151361173] [cmd_vel_udp_sender]: TIMING_SENDER ros_gap_ms=50.000/52.944/55.693 callback_ms=0.054/0.065/0.079 sendto_ms=0.053/0.063/0.077 cmd_age_ms=29.165 count=20 errors=0 errno=0 seq=16235 cmd=(0.500,-0.000,-0.002)
[INFO] [1784987033.151318599] [cmd_vel_udp_sender]: TIMING_SENDER ros_gap_ms=49.990/51.216/51.799 callback_ms=0.052/0.073/0.080 sendto_ms=0.051/0.072/0.078 cmd_age_ms=29.328 count=20 errors=0 errno=0 seq=16255 cmd=(0.500,-0.000,-0.030)
[INFO] [1784987034.151277901] [cmd_vel_udp_sender]: TIMING_SENDER ros_gap_ms=50.003/52.587/52.608 callback_ms=0.054/0.068/0.087 sendto_ms=0.053/0.066/0.085 cmd_age_ms=29.221 count=20 errors=0 errno=0 seq=16275 cmd=(0.500,-0.000,-0.021)
[INFO] [1784987035.151238791] [cmd_vel_udp_sender]: TIMING_SENDER ros_gap_ms=50.008/51.539/53.922 callback_ms=0.051/0.065/0.072 sendto_ms=0.050/0.063/0.070 cmd_age_ms=29.020 count=20 errors=0 errno=0 seq=16295 cmd=(0.500,-0.000,-0.025)
[INFO] [1784987036.151226770] [cmd_vel_udp_sender]: TIMING_SENDER ros_gap_ms=50.130/53.415/56.149 callback_ms=0.052/0.071/0.073 sendto_ms=0.051/0.070/0.072 cmd_age_ms=26.409 count=20 errors=0 errno=0 seq=16315 cmd=(0.500,-0.000,-0.003)
[INFO] [1784987037.151137524] [cmd_vel_udp_sender]: TIMING_SENDER ros_gap_ms=49.903/55.030/56.659 callback_ms=0.057/0.078/0.148 sendto_ms=0.055/0.077/0.146 cmd_age_ms=28.262 count=20 errors=0 errno=0 seq=16335 cmd=(0.500,-0.000,-0.023)
[INFO] [1784987038.151111846] [cmd_vel_udp_sender]: TIMING_SENDER ros_gap_ms=49.972/51.385/52.885 callback_ms=0.056/0.068/0.087 sendto_ms=0.054/0.066/0.085 cmd_age_ms=28.801 count=20 errors=0 errno=0 seq=16355 cmd=(0.500,-0.000,0.005)
[INFO] [1784987039.151094409] [cmd_vel_udp_sender]: TIMING_SENDER ros_gap_ms=50.105/58.059/58.331 callback_ms=0.052/0.069/0.070 sendto_ms=0.051/0.068/0.068 cmd_age_ms=26.691 count=20 errors=0 errno=0 seq=16375 cmd=(0.500,-0.000,0.000)
[INFO] [1784987040.150977539] [cmd_vel_udp_sender]: TIMING_SENDER ros_gap_ms=49.887/51.424/51.696 callback_ms=0.055/0.068/0.085 sendto_ms=0.054/0.067/0.083 cmd_age_ms=28.835 count=20 errors=0 errno=0 seq=16395 cmd=(0.500,-0.000,-0.004)
[INFO] [1784987041.150969194] [cmd_vel_udp_sender]: TIMING_SENDER ros_gap_ms=50.004/52.801/55.018 callback_ms=0.052/0.067/0.068 sendto_ms=0.050/0.066/0.067 cmd_age_ms=28.736 count=20 errors=0 errno=0 seq=16415 cmd=(0.500,-0.000,-0.034)
[INFO] [1784987042.150941187] [cmd_vel_udp_sender]: TIMING_SENDER ros_gap_ms=49.994/51.278/51.498 callback_ms=0.057/0.069/0.084 sendto_ms=0.056/0.067/0.083 cmd_age_ms=28.836 count=20 errors=0 errno=0 seq=16435 cmd=(0.500,-0.000,-0.036)
[INFO] [1784987043.150886063] [cmd_vel_udp_sender]: TIMING_SENDER ros_gap_ms=50.008/52.388/52.393 callback_ms=0.052/0.064/0.079 sendto_ms=0.051/0.063/0.077 cmd_age_ms=28.623 count=20 errors=0 errno=0 seq=16455 cmd=(0.500,-0.000,-0.016)
[INFO] [1784987044.150847979] [cmd_vel_udp_sender]: TIMING_SENDER ros_gap_ms=49.990/50.374/54.052 callback_ms=0.056/0.069/0.085 sendto_ms=0.054/0.067/0.083 cmd_age_ms=28.783 count=20 errors=0 errno=0 seq=16475 cmd=(0.500,-0.000,-0.013)
[INFO] [1784987045.150821239] [cmd_vel_udp_sender]: TIMING_SENDER ros_gap_ms=50.005/51.119/51.217 callback_ms=0.054/0.072/0.079 sendto_ms=0.053/0.070/0.078 cmd_age_ms=28.658 count=20 errors=0 errno=0 seq=16495 cmd=(0.500,-0.000,-0.005)
[INFO] [1784987046.150757109] [cmd_vel_udp_sender]: TIMING_SENDER ros_gap_ms=50.049/53.505/54.440 callback_ms=0.057/0.083/0.088 sendto_ms=0.055/0.081/0.085 cmd_age_ms=27.620 count=20 errors=0 errno=0 seq=16515 cmd=(0.500,-0.000,0.030)
[INFO] [1784987047.150720801] [cmd_vel_udp_sender]: TIMING_SENDER ros_gap_ms=49.985/51.724/52.250 callback_ms=0.055/0.068/0.086 sendto_ms=0.053/0.067/0.084 cmd_age_ms=27.892 count=20 errors=0 errno=0 seq=16535 cmd=(0.500,-0.000,-0.048)
[INFO] [1784987048.150721948] [cmd_vel_udp_sender]: TIMING_SENDER ros_gap_ms=50.033/52.445/53.415 callback_ms=0.050/0.059/0.061 sendto_ms=0.048/0.057/0.060 cmd_age_ms=27.237 count=20 errors=0 errno=0 seq=16555 cmd=(0.500,-0.000,-0.021)
[INFO] [1784987049.150674984] [cmd_vel_udp_sender]: TIMING_SENDER ros_gap_ms=49.926/51.013/51.204 callback_ms=0.056/0.076/0.087 sendto_ms=0.054/0.074/0.085 cmd_age_ms=28.660 count=20 errors=0 errno=0 seq=16575 cmd=(0.500,-0.000,0.022)
[INFO] [1784987050.150598181] [cmd_vel_udp_sender]: TIMING_SENDER ros_gap_ms=50.007/55.221/55.227 callback_ms=0.053/0.065/0.069 sendto_ms=0.052/0.064/0.067 cmd_age_ms=28.441 count=20 errors=0 errno=0 seq=16595 cmd=(0.500,-0.000,-0.016)
[INFO] [1784987051.157981760] [cmd_vel_udp_sender]: TIMING_SENDER ros_gap_ms=50.292/53.893/55.355 callback_ms=0.050/0.064/0.066 sendto_ms=0.049/0.063/0.065 cmd_age_ms=29.975 count=20 errors=0 errno=0 seq=16615 cmd=(0.500,-0.000,0.009)
[INFO] [1784987052.150530630] [cmd_vel_udp_sender]: TIMING_SENDER ros_gap_ms=49.742/55.911/68.430 callback_ms=0.050/0.076/0.087 sendto_ms=0.049/0.074/0.085 cmd_age_ms=27.686 count=20 errors=0 errno=0 seq=16635 cmd=(0.500,-0.000,-0.024)
[INFO] [1784987053.150536107] [cmd_vel_udp_sender]: TIMING_SENDER ros_gap_ms=50.597/55.517/62.069 callback_ms=0.051/0.063/0.071 sendto_ms=0.049/0.061/0.070 cmd_age_ms=15.759 count=20 errors=0 errno=0 seq=16655 cmd=(0.500,-0.000,-0.013)
[INFO] [1784987054.150411491] [cmd_vel_udp_sender]: TIMING_SENDER ros_gap_ms=49.373/53.288/55.235 callback_ms=0.046/0.064/0.081 sendto_ms=0.045/0.063/0.079 cmd_age_ms=28.178 count=20 errors=0 errno=0 seq=16675 cmd=(0.500,-0.000,-0.028)
[INFO] [1784987055.150386662] [cmd_vel_udp_sender]: TIMING_SENDER ros_gap_ms=50.990/56.175/69.865 callback_ms=0.045/0.051/0.070 sendto_ms=0.044/0.049/0.069 cmd_age_ms=8.358 count=20 errors=0 errno=0 seq=16695 cmd=(0.500,-0.000,-0.029)
[INFO] [1784987056.150343766] [cmd_vel_udp_sender]: TIMING_SENDER ros_gap_ms=49.013/52.281/58.196 callback_ms=0.049/0.065/0.074 sendto_ms=0.047/0.064/0.072 cmd_age_ms=28.054 count=20 errors=0 errno=0 seq=16715 cmd=(0.500,-0.000,-0.044)
[INFO] [1784987057.150307987] [cmd_vel_udp_sender]: TIMING_SENDER ros_gap_ms=50.020/56.002/70.391 callback_ms=0.043/0.057/0.064 sendto_ms=0.042/0.055/0.063 cmd_age_ms=27.620 count=20 errors=0 errno=0 seq=16735 cmd=(0.500,-0.000,-0.045)
[INFO] [1784987058.150272157] [cmd_vel_udp_sender]: TIMING_SENDER ros_gap_ms=49.976/53.609/54.607 callback_ms=0.044/0.061/0.062 sendto_ms=0.043/0.059/0.061 cmd_age_ms=28.067 count=20 errors=0 errno=0 seq=16755 cmd=(0.500,-0.000,0.019)
[INFO] [1784987059.150240596] [cmd_vel_udp_sender]: TIMING_SENDER ros_gap_ms=49.995/54.578/58.105 callback_ms=0.047/0.064/0.074 sendto_ms=0.045/0.063/0.073 cmd_age_ms=28.143 count=20 errors=0 errno=0 seq=16775 cmd=(0.500,-0.000,-0.000)
[INFO] [1784987060.150188728] [cmd_vel_udp_sender]: TIMING_SENDER ros_gap_ms=50.012/51.021/52.261 callback_ms=0.050/0.061/0.063 sendto_ms=0.048/0.059/0.062 cmd_age_ms=27.846 count=20 errors=0 errno=0 seq=16795 cmd=(0.500,-0.000,0.004)
[INFO] [1784987061.150150408] [cmd_vel_udp_sender]: TIMING_SENDER ros_gap_ms=49.998/51.066/51.282 callback_ms=0.048/0.058/0.061 sendto_ms=0.047/0.056/0.059 cmd_age_ms=27.856 count=20 errors=0 errno=0 seq=16815 cmd=(0.500,-0.000,-0.013)
[INFO] [1784987062.150118052] [cmd_vel_udp_sender]: TIMING_SENDER ros_gap_ms=50.080/51.545/51.860 callback_ms=0.050/0.060/0.076 sendto_ms=0.048/0.059/0.074 cmd_age_ms=26.224 count=20 errors=0 errno=0 seq=16835 cmd=(0.500,-0.000,-0.010)
[INFO] [1784987063.150078027] [cmd_vel_udp_sender]: TIMING_SENDER ros_gap_ms=49.920/52.465/55.181 callback_ms=0.054/0.067/0.075 sendto_ms=0.052/0.065/0.073 cmd_age_ms=27.790 count=20 errors=0 errno=0 seq=16855 cmd=(0.500,-0.000,-0.008)
[INFO] [1784987064.150041949] [cmd_vel_udp_sender]: TIMING_SENDER ros_gap_ms=49.998/50.295/51.455 callback_ms=0.050/0.058/0.062 sendto_ms=0.048/0.057/0.060 cmd_age_ms=27.800 count=20 errors=0 errno=0 seq=16875 cmd=(0.500,-0.000,-0.006)
[INFO] [1784987065.149962333] [cmd_vel_udp_sender]: TIMING_SENDER ros_gap_ms=49.995/54.725/56.772 callback_ms=0.050/0.066/0.069 sendto_ms=0.049/0.065/0.067 cmd_age_ms=27.826 count=20 errors=0 errno=0 seq=16895 cmd=(0.500,-0.000,-0.039)
[INFO] [1784987066.149981891] [cmd_vel_udp_sender]: TIMING_SENDER ros_gap_ms=49.998/51.511/52.614 callback_ms=0.052/0.064/0.067 sendto_ms=0.050/0.062/0.066 cmd_age_ms=27.880 count=20 errors=0 errno=0 seq=16915 cmd=(0.500,-0.000,0.013)
[INFO] [1784987067.149952981] [cmd_vel_udp_sender]: TIMING_SENDER ros_gap_ms=50.008/52.950/54.367 callback_ms=0.056/0.071/0.079 sendto_ms=0.055/0.070/0.077 cmd_age_ms=27.697 count=20 errors=0 errno=0 seq=16935 cmd=(0.500,-0.000,-0.013)
[INFO] [1784987068.156707534] [cmd_vel_udp_sender]: TIMING_SENDER ros_gap_ms=50.305/51.306/56.090 callback_ms=0.052/0.074/0.088 sendto_ms=0.051/0.072/0.086 cmd_age_ms=28.355 count=20 errors=0 errno=0 seq=16955 cmd=(0.500,-0.000,-0.010)
[INFO] [1784987069.149849211] [cmd_vel_udp_sender]: TIMING_SENDER ros_gap_ms=49.693/51.206/52.883 callback_ms=0.059/0.071/0.074 sendto_ms=0.057/0.070/0.073 cmd_age_ms=27.631 count=20 errors=0 errno=0 seq=16975 cmd=(0.500,-0.000,-0.006)
[INFO] [1784987070.149813356] [cmd_vel_udp_sender]: TIMING_SENDER ros_gap_ms=50.009/54.466/55.446 callback_ms=0.053/0.071/0.097 sendto_ms=0.052/0.069/0.096 cmd_age_ms=27.417 count=20 errors=0 errno=0 seq=16995 cmd=(0.500,-0.000,-0.029)
[INFO] [1784987071.149765223] [cmd_vel_udp_sender]: TIMING_SENDER ros_gap_ms=50.055/51.383/52.216 callback_ms=0.052/0.072/0.080 sendto_ms=0.051/0.070/0.078 cmd_age_ms=26.266 count=20 errors=0 errno=0 seq=17015 cmd=(0.500,-0.000,0.008)
[INFO] [1784987072.149780520] [cmd_vel_udp_sender]: TIMING_SENDER ros_gap_ms=50.027/54.487/55.828 callback_ms=0.051/0.062/0.063 sendto_ms=0.050/0.060/0.061 cmd_age_ms=25.734 count=20 errors=0 errno=0 seq=17035 cmd=(0.500,-0.000,0.015)
[INFO] [1784987073.149724789] [cmd_vel_udp_sender]: TIMING_SENDER ros_gap_ms=49.898/50.626/50.919 callback_ms=0.049/0.064/0.064 sendto_ms=0.048/0.063/0.063 cmd_age_ms=27.726 count=20 errors=0 errno=0 seq=17055 cmd=(0.500,-0.000,-0.003)
[INFO] [1784987074.149855332] [cmd_vel_udp_sender]: TIMING_SENDER ros_gap_ms=50.007/54.284/54.435 callback_ms=0.060/0.089/0.134 sendto_ms=0.059/0.088/0.132 cmd_age_ms=27.711 count=20 errors=0 errno=0 seq=17075 cmd=(0.500,-0.000,-0.029)
[INFO] [1784987075.149622409] [cmd_vel_udp_sender]: TIMING_SENDER ros_gap_ms=49.992/51.454/51.499 callback_ms=0.049/0.065/0.071 sendto_ms=0.048/0.064/0.069 cmd_age_ms=27.635 count=20 errors=0 errno=0 seq=17095 cmd=(0.500,-0.000,-0.013)
[INFO] [1784987076.149581359] [cmd_vel_udp_sender]: TIMING_SENDER ros_gap_ms=50.058/52.339/54.350 callback_ms=0.055/0.076/0.092 sendto_ms=0.053/0.075/0.090 cmd_age_ms=26.431 count=20 errors=0 errno=0 seq=17115 cmd=(0.500,-0.000,-0.005)
[INFO] [1784987077.149554172] [cmd_vel_udp_sender]: TIMING_SENDER ros_gap_ms=49.952/51.457/52.704 callback_ms=0.050/0.064/0.069 sendto_ms=0.048/0.063/0.067 cmd_age_ms=27.365 count=20 errors=0 errno=0 seq=17135 cmd=(0.500,-0.000,0.003)
[INFO] [1784987078.149506577] [cmd_vel_udp_sender]: TIMING_SENDER ros_gap_ms=49.991/50.919/51.050 callback_ms=0.054/0.076/0.089 sendto_ms=0.052/0.074/0.087 cmd_age_ms=27.487 count=20 errors=0 errno=0 seq=17155 cmd=(0.500,-0.000,0.013)
[INFO] [1784987079.149499660] [cmd_vel_udp_sender]: TIMING_SENDER ros_gap_ms=50.007/55.145/56.178 callback_ms=0.050/0.064/0.069 sendto_ms=0.048/0.062/0.067 cmd_age_ms=27.335 count=20 errors=0 errno=0 seq=17175 cmd=(0.500,-0.000,-0.006)
[INFO] [1784987080.149418353] [cmd_vel_udp_sender]: TIMING_SENDER ros_gap_ms=50.015/51.146/51.194 callback_ms=0.056/0.064/0.068 sendto_ms=0.054/0.063/0.066 cmd_age_ms=26.949 count=20 errors=0 errno=0 seq=17195 cmd=(0.500,-0.000,-0.022)
[INFO] [1784987081.149399675] [cmd_vel_udp_sender]: TIMING_SENDER ros_gap_ms=50.229/54.919/56.466 callback_ms=0.055/0.081/0.107 sendto_ms=0.053/0.079/0.105 cmd_age_ms=22.356 count=20 errors=0 errno=0 seq=17215 cmd=(0.500,-0.000,-0.003)
[INFO] [1784987082.153157185] [cmd_vel_udp_sender]: TIMING_SENDER ros_gap_ms=49.774/51.246/52.557 callback_ms=0.056/0.077/0.080 sendto_ms=0.055/0.075/0.078 cmd_age_ms=30.637 count=20 errors=0 errno=0 seq=17235 cmd=(0.500,-0.000,0.001)
[INFO] [1784987083.149321507] [cmd_vel_udp_sender]: TIMING_SENDER ros_gap_ms=50.048/56.141/63.895 callback_ms=0.059/0.071/0.077 sendto_ms=0.058/0.070/0.075 cmd_age_ms=25.842 count=20 errors=0 errno=0 seq=17255 cmd=(0.500,-0.000,-0.038)
[INFO] [1784987084.149282208] [cmd_vel_udp_sender]: TIMING_SENDER ros_gap_ms=49.944/55.011/55.971 callback_ms=0.051/0.062/0.067 sendto_ms=0.049/0.060/0.066 cmd_age_ms=26.915 count=20 errors=0 errno=0 seq=17275 cmd=(0.500,-0.000,0.010)
[INFO] [1784987085.149248482] [cmd_vel_udp_sender]: TIMING_SENDER ros_gap_ms=50.003/53.785/58.111 callback_ms=0.052/0.068/0.072 sendto_ms=0.051/0.066/0.070 cmd_age_ms=26.821 count=20 errors=0 errno=0 seq=17295 cmd=(0.500,-0.000,-0.015)
[INFO] [1784987086.149222794] [cmd_vel_udp_sender]: TIMING_SENDER ros_gap_ms=49.988/52.824/55.834 callback_ms=0.053/0.066/0.084 sendto_ms=0.051/0.065/0.082 cmd_age_ms=27.037 count=20 errors=0 errno=0 seq=17315 cmd=(0.500,-0.000,0.005)
[INFO] [1784987087.149181496] [cmd_vel_udp_sender]: TIMING_SENDER ros_gap_ms=50.011/51.994/55.547 callback_ms=0.054/0.067/0.075 sendto_ms=0.052/0.066/0.074 cmd_age_ms=26.780 count=20 errors=0 errno=0 seq=17335 cmd=(0.500,-0.000,-0.007)
[INFO] [1784987088.149147882] [cmd_vel_udp_sender]: TIMING_SENDER ros_gap_ms=49.987/54.854/55.220 callback_ms=0.056/0.067/0.068 sendto_ms=0.054/0.066/0.066 cmd_age_ms=27.001 count=20 errors=0 errno=0 seq=17355 cmd=(0.500,-0.000,-0.021)
[INFO] [1784987089.149121057] [cmd_vel_udp_sender]: TIMING_SENDER ros_gap_ms=50.011/58.841/61.134 callback_ms=0.057/0.072/0.081 sendto_ms=0.056/0.071/0.080 cmd_age_ms=26.753 count=20 errors=0 errno=0 seq=17375 cmd=(0.500,-0.000,0.007)
[INFO] [1784987090.149074461] [cmd_vel_udp_sender]: TIMING_SENDER ros_gap_ms=49.986/52.565/53.943 callback_ms=0.052/0.067/0.067 sendto_ms=0.050/0.066/0.066 cmd_age_ms=26.978 count=20 errors=0 errno=0 seq=17395 cmd=(0.500,-0.000,-0.022)
[INFO] [1784987091.149045788] [cmd_vel_udp_sender]: TIMING_SENDER ros_gap_ms=50.053/59.160/67.100 callback_ms=0.047/0.056/0.127 sendto_ms=0.045/0.054/0.126 cmd_age_ms=25.890 count=20 errors=0 errno=0 seq=17415 cmd=(0.500,-0.000,-0.065)
[INFO] [1784987092.148999552] [cmd_vel_udp_sender]: TIMING_SENDER ros_gap_ms=50.029/53.224/53.600 callback_ms=0.048/0.061/0.067 sendto_ms=0.047/0.059/0.065 cmd_age_ms=25.257 count=20 errors=0 errno=0 seq=17435 cmd=(0.500,-0.000,-0.050)
[INFO] [1784987093.148977895] [cmd_vel_udp_sender]: TIMING_SENDER ros_gap_ms=49.952/54.966/59.728 callback_ms=0.055/0.065/0.066 sendto_ms=0.053/0.063/0.065 cmd_age_ms=26.188 count=20 errors=0 errno=0 seq=17455 cmd=(0.500,-0.000,0.005)
[INFO] [1784987094.149078317] [cmd_vel_udp_sender]: TIMING_SENDER ros_gap_ms=50.081/55.638/59.407 callback_ms=0.044/0.060/0.063 sendto_ms=0.043/0.059/0.061 cmd_age_ms=24.672 count=20 errors=0 errno=0 seq=17475 cmd=(0.500,-0.000,-0.027)
[INFO] [1784987095.148906751] [cmd_vel_udp_sender]: TIMING_SENDER ros_gap_ms=49.884/54.034/60.282 callback_ms=0.045/0.055/0.067 sendto_ms=0.043/0.054/0.065 cmd_age_ms=26.817 count=20 errors=0 errno=0 seq=17495 cmd=(0.500,-0.000,-0.008)
[INFO] [1784987096.148885359] [cmd_vel_udp_sender]: TIMING_SENDER ros_gap_ms=50.000/57.489/57.530 callback_ms=0.050/0.060/0.073 sendto_ms=0.049/0.059/0.072 cmd_age_ms=26.798 count=20 errors=0 errno=0 seq=17515 cmd=(0.500,-0.000,-0.012)
[INFO] [1784987097.148846883] [cmd_vel_udp_sender]: TIMING_SENDER ros_gap_ms=50.075/53.052/55.861 callback_ms=0.053/0.065/0.065 sendto_ms=0.052/0.063/0.063 cmd_age_ms=25.251 count=20 errors=0 errno=0 seq=17535 cmd=(0.500,-0.000,-0.042)
[INFO] [1784987098.148812248] [cmd_vel_udp_sender]: TIMING_SENDER ros_gap_ms=49.933/51.170/53.140 callback_ms=0.053/0.071/0.084 sendto_ms=0.051/0.070/0.083 cmd_age_ms=26.565 count=20 errors=0 errno=0 seq=17555 cmd=(0.500,-0.000,-0.008)
[INFO] [1784987099.148766737] [cmd_vel_udp_sender]: TIMING_SENDER ros_gap_ms=50.001/53.777/63.813 callback_ms=0.055/0.067/0.100 sendto_ms=0.053/0.066/0.098 cmd_age_ms=26.508 count=20 errors=0 errno=0 seq=17575 cmd=(0.500,-0.000,-0.022)
[INFO] [1784987100.148714155] [cmd_vel_udp_sender]: TIMING_SENDER ros_gap_ms=50.054/53.138/56.334 callback_ms=0.057/0.068/0.087 sendto_ms=0.055/0.067/0.086 cmd_age_ms=25.377 count=20 errors=0 errno=0 seq=17595 cmd=(0.500,-0.000,0.025)
[INFO] [1784987101.148698789] [cmd_vel_udp_sender]: TIMING_SENDER ros_gap_ms=49.991/51.494/53.160 callback_ms=0.052/0.066/0.078 sendto_ms=0.051/0.064/0.076 cmd_age_ms=25.547 count=20 errors=0 errno=0 seq=17615 cmd=(0.500,-0.000,-0.011)
[INFO] [1784987102.148663138] [cmd_vel_udp_sender]: TIMING_SENDER ros_gap_ms=50.002/54.925/56.237 callback_ms=0.051/0.065/0.067 sendto_ms=0.049/0.063/0.066 cmd_age_ms=25.477 count=20 errors=0 errno=0 seq=17635 cmd=(0.500,-0.000,-0.004)
[INFO] [1784987103.148633280] [cmd_vel_udp_sender]: TIMING_SENDER ros_gap_ms=49.946/50.940/51.765 callback_ms=0.055/0.073/0.077 sendto_ms=0.053/0.071/0.075 cmd_age_ms=26.517 count=20 errors=0 errno=0 seq=17655 cmd=(0.500,-0.000,-0.014)
[INFO] [1784987104.148593247] [cmd_vel_udp_sender]: TIMING_SENDER ros_gap_ms=50.046/53.327/55.007 callback_ms=0.051/0.065/0.065 sendto_ms=0.049/0.063/0.063 cmd_age_ms=25.557 count=20 errors=0 errno=0 seq=17675 cmd=(0.500,-0.000,-0.018)
[INFO] [1784987105.148568030] [cmd_vel_udp_sender]: TIMING_SENDER ros_gap_ms=49.952/51.814/52.796 callback_ms=0.051/0.060/0.068 sendto_ms=0.050/0.059/0.067 cmd_age_ms=26.493 count=20 errors=0 errno=0 seq=17695 cmd=(0.500,-0.000,-0.011)
[INFO] [1784987106.148532766] [cmd_vel_udp_sender]: TIMING_SENDER ros_gap_ms=50.410/53.420/58.173 callback_ms=0.052/0.060/0.095 sendto_ms=0.051/0.059/0.094 cmd_age_ms=18.255 count=20 errors=0 errno=0 seq=17715 cmd=(0.500,-0.000,0.004)
[INFO] [1784987107.148496030] [cmd_vel_udp_sender]: TIMING_SENDER ros_gap_ms=49.602/52.945/53.959 callback_ms=0.050/0.064/0.067 sendto_ms=0.048/0.062/0.065 cmd_age_ms=26.186 count=20 errors=0 errno=0 seq=17735 cmd=(0.500,-0.000,0.001)
[INFO] [1784987108.148495997] [cmd_vel_udp_sender]: TIMING_SENDER ros_gap_ms=49.986/51.328/51.353 callback_ms=0.054/0.069/0.071 sendto_ms=0.053/0.067/0.069 cmd_age_ms=26.475 count=20 errors=0 errno=0 seq=17755 cmd=(0.500,-0.000,-0.030)
[INFO] [1784987109.148424062] [cmd_vel_udp_sender]: TIMING_SENDER ros_gap_ms=50.002/51.067/52.866 callback_ms=0.053/0.065/0.078 sendto_ms=0.051/0.063/0.076 cmd_age_ms=26.365 count=20 errors=0 errno=0 seq=17775 cmd=(0.500,-0.000,-0.012)
[INFO] [1784987110.148379325] [cmd_vel_udp_sender]: TIMING_SENDER ros_gap_ms=50.001/50.191/51.205 callback_ms=0.050/0.061/0.062 sendto_ms=0.049/0.060/0.061 cmd_age_ms=26.293 count=20 errors=0 errno=0 seq=17795 cmd=(0.500,-0.000,-0.016)
[INFO] [1784987111.148365467] [cmd_vel_udp_sender]: TIMING_SENDER ros_gap_ms=50.178/53.799/66.090 callback_ms=0.050/0.064/0.066 sendto_ms=0.049/0.063/0.065 cmd_age_ms=22.725 count=20 errors=0 errno=0 seq=17815 cmd=(0.500,-0.000,0.016)
[INFO] [1784987112.148340727] [cmd_vel_udp_sender]: TIMING_SENDER ros_gap_ms=49.913/55.609/55.876 callback_ms=0.053/0.069/0.076 sendto_ms=0.051/0.068/0.074 cmd_age_ms=24.438 count=20 errors=0 errno=0 seq=17835 cmd=(0.500,-0.000,-0.003)
[INFO] [1784987113.148293779] [cmd_vel_udp_sender]: TIMING_SENDER ros_gap_ms=49.915/51.712/52.252 callback_ms=0.054/0.073/0.087 sendto_ms=0.052/0.071/0.086 cmd_age_ms=26.088 count=20 errors=0 errno=0 seq=17855 cmd=(0.500,-0.000,0.007)
[INFO] [1784987114.148270189] [cmd_vel_udp_sender]: TIMING_SENDER ros_gap_ms=50.010/53.298/53.718 callback_ms=0.057/0.066/0.116 sendto_ms=0.056/0.065/0.115 cmd_age_ms=25.862 count=20 errors=0 errno=0 seq=17875 cmd=(0.500,-0.000,-0.001)
[INFO] [1784987115.148228486] [cmd_vel_udp_sender]: TIMING_SENDER ros_gap_ms=49.977/51.476/52.936 callback_ms=0.056/0.070/0.111 sendto_ms=0.054/0.069/0.109 cmd_age_ms=26.282 count=20 errors=0 errno=0 seq=17895 cmd=(0.500,-0.000,0.004)
[INFO] [1784987116.148203643] [cmd_vel_udp_sender]: TIMING_SENDER ros_gap_ms=50.007/54.913/63.193 callback_ms=0.055/0.070/0.071 sendto_ms=0.053/0.069/0.070 cmd_age_ms=26.115 count=20 errors=0 errno=0 seq=17915 cmd=(0.500,-0.000,0.010)
[INFO] [1784987117.148176111] [cmd_vel_udp_sender]: TIMING_SENDER ros_gap_ms=50.014/51.019/51.268 callback_ms=0.054/0.071/0.075 sendto_ms=0.053/0.069/0.074 cmd_age_ms=25.804 count=20 errors=0 errno=0 seq=17935 cmd=(0.500,-0.000,0.007)
[INFO] [1784987118.148138112] [cmd_vel_udp_sender]: TIMING_SENDER ros_gap_ms=49.988/52.990/55.196 callback_ms=0.052/0.062/0.077 sendto_ms=0.051/0.061/0.076 cmd_age_ms=26.000 count=20 errors=0 errno=0 seq=17955 cmd=(0.500,-0.000,0.012)
[INFO] [1784987119.148111150] [cmd_vel_udp_sender]: TIMING_SENDER ros_gap_ms=49.999/51.201/51.229 callback_ms=0.053/0.074/0.079 sendto_ms=0.052/0.072/0.077 cmd_age_ms=26.000 count=20 errors=0 errno=0 seq=17975 cmd=(0.500,-0.000,-0.014)
[INFO] [1784987120.151125529] [cmd_vel_udp_sender]: TIMING_SENDER ros_gap_ms=50.478/57.833/59.353 callback_ms=0.050/0.058/0.075 sendto_ms=0.049/0.056/0.074 cmd_age_ms=19.459 count=20 errors=0 errno=0 seq=17995 cmd=(0.500,-0.000,0.011)
[INFO] [1784987121.148161789] [cmd_vel_udp_sender]: TIMING_SENDER ros_gap_ms=49.521/51.259/51.570 callback_ms=0.057/0.069/0.128 sendto_ms=0.055/0.067/0.127 cmd_age_ms=26.075 count=20 errors=0 errno=0 seq=18015 cmd=(0.500,-0.000,0.006)
[INFO] [1784987122.148008517] [cmd_vel_udp_sender]: TIMING_SENDER ros_gap_ms=50.074/52.531/54.015 callback_ms=0.059/0.074/0.083 sendto_ms=0.057/0.072/0.082 cmd_age_ms=24.442 count=20 errors=0 errno=0 seq=18035 cmd=(0.500,-0.000,-0.020)
[INFO] [1784987123.147980293] [cmd_vel_udp_sender]: TIMING_SENDER ros_gap_ms=49.937/50.255/53.398 callback_ms=0.053/0.064/0.067 sendto_ms=0.051/0.062/0.065 cmd_age_ms=25.671 count=20 errors=0 errno=0 seq=18055 cmd=(0.500,-0.000,-0.015)
[INFO] [1784987124.147960960] [cmd_vel_udp_sender]: TIMING_SENDER ros_gap_ms=50.016/51.454/57.252 callback_ms=0.053/0.074/0.078 sendto_ms=0.051/0.072/0.076 cmd_age_ms=25.332 count=20 errors=0 errno=0 seq=18075 cmd=(0.500,-0.000,-0.031)
[INFO] [1784987125.147928728] [cmd_vel_udp_sender]: TIMING_SENDER ros_gap_ms=49.975/52.133/55.036 callback_ms=0.072/0.080/0.448 sendto_ms=0.071/0.078/0.447 cmd_age_ms=25.800 count=20 errors=0 errno=0 seq=18095 cmd=(0.500,-0.000,-0.022)
[INFO] [1784987126.147945610] [cmd_vel_udp_sender]: TIMING_SENDER ros_gap_ms=49.998/50.886/51.327 callback_ms=0.057/0.080/0.085 sendto_ms=0.055/0.078/0.083 cmd_age_ms=25.863 count=20 errors=0 errno=0 seq=18115 cmd=(0.500,-0.000,-0.015)
[INFO] [1784987127.147859482] [cmd_vel_udp_sender]: TIMING_SENDER ros_gap_ms=50.003/53.333/57.271 callback_ms=0.050/0.064/0.066 sendto_ms=0.048/0.063/0.064 cmd_age_ms=25.713 count=20 errors=0 errno=0 seq=18135 cmd=(0.500,-0.000,-0.006)
[INFO] [1784987128.147831523] [cmd_vel_udp_sender]: TIMING_SENDER ros_gap_ms=49.995/50.675/51.315 callback_ms=0.053/0.066/0.079 sendto_ms=0.051/0.065/0.078 cmd_age_ms=25.790 count=20 errors=0 errno=0 seq=18155 cmd=(0.500,-0.000,-0.005)
[INFO] [1784987129.147794983] [cmd_vel_udp_sender]: TIMING_SENDER ros_gap_ms=50.003/54.555/55.393 callback_ms=0.055/0.068/0.080 sendto_ms=0.054/0.066/0.078 cmd_age_ms=25.700 count=20 errors=0 errno=0 seq=18175 cmd=(0.500,-0.000,-0.011)
[INFO] [1784987130.147760774] [cmd_vel_udp_sender]: TIMING_SENDER ros_gap_ms=50.201/52.656/52.958 callback_ms=0.052/0.070/0.075 sendto_ms=0.051/0.069/0.073 cmd_age_ms=21.643 count=20 errors=0 errno=0 seq=18195 cmd=(0.500,-0.000,0.011)
[INFO] [1784987131.147728063] [cmd_vel_udp_sender]: TIMING_SENDER ros_gap_ms=49.795/52.674/57.447 callback_ms=0.054/0.070/0.076 sendto_ms=0.052/0.069/0.074 cmd_age_ms=25.708 count=20 errors=0 errno=0 seq=18215 cmd=(0.500,-0.000,0.018)
[INFO] [1784987132.147699730] [cmd_vel_udp_sender]: TIMING_SENDER ros_gap_ms=50.064/51.218/51.377 callback_ms=0.057/0.081/0.084 sendto_ms=0.056/0.079/0.082 cmd_age_ms=24.394 count=20 errors=0 errno=0 seq=18235 cmd=(0.500,-0.000,0.006)
[INFO] [1784987133.147736316] [cmd_vel_udp_sender]: TIMING_SENDER ros_gap_ms=50.002/54.500/56.745 callback_ms=0.047/0.054/0.063 sendto_ms=0.046/0.053/0.061 cmd_age_ms=24.389 count=20 errors=0 errno=0 seq=18255 cmd=(0.500,-0.000,-0.019)
[INFO] [1784987134.147650468] [cmd_vel_udp_sender]: TIMING_SENDER ros_gap_ms=49.993/57.123/59.415 callback_ms=0.050/0.070/0.075 sendto_ms=0.049/0.069/0.074 cmd_age_ms=24.433 count=20 errors=0 errno=0 seq=18275 cmd=(0.500,-0.000,-0.032)
[INFO] [1784987135.147605732] [cmd_vel_udp_sender]: TIMING_SENDER ros_gap_ms=49.995/53.293/55.326 callback_ms=0.049/0.061/0.068 sendto_ms=0.047/0.060/0.067 cmd_age_ms=24.492 count=20 errors=0 errno=0 seq=18295 cmd=(0.500,-0.000,0.042)
[INFO] [1784987136.147579804] [cmd_vel_udp_sender]: TIMING_SENDER ros_gap_ms=50.008/51.794/53.750 callback_ms=0.046/0.066/0.066 sendto_ms=0.044/0.064/0.064 cmd_age_ms=24.308 count=20 errors=0 errno=0 seq=18315 cmd=(0.500,-0.000,0.031)
[INFO] [1784987137.147555213] [cmd_vel_udp_sender]: TIMING_SENDER ros_gap_ms=49.934/53.888/54.072 callback_ms=0.046/0.061/0.061 sendto_ms=0.044/0.060/0.060 cmd_age_ms=25.599 count=20 errors=0 errno=0 seq=18335 cmd=(0.500,-0.000,-0.029)
[INFO] [1784987138.147519863] [cmd_vel_udp_sender]: TIMING_SENDER ros_gap_ms=50.056/55.417/57.996 callback_ms=0.044/0.061/0.062 sendto_ms=0.043/0.059/0.061 cmd_age_ms=24.445 count=20 errors=0 errno=0 seq=18355 cmd=(0.500,-0.000,-0.023)
[INFO] [1784987139.147488793] [cmd_vel_udp_sender]: TIMING_SENDER ros_gap_ms=49.949/57.470/59.911 callback_ms=0.041/0.053/0.060 sendto_ms=0.040/0.052/0.059 cmd_age_ms=25.442 count=20 errors=0 errno=0 seq=18375 cmd=(0.500,-0.000,-0.004)
[INFO] [1784987140.147458195] [cmd_vel_udp_sender]: TIMING_SENDER ros_gap_ms=50.051/53.672/61.396 callback_ms=0.050/0.062/0.063 sendto_ms=0.049/0.060/0.061 cmd_age_ms=24.399 count=20 errors=0 errno=0 seq=18395 cmd=(0.500,-0.000,0.006)
[INFO] [1784987141.147464324] [cmd_vel_udp_sender]: TIMING_SENDER ros_gap_ms=50.012/51.468/55.939 callback_ms=0.046/0.062/0.065 sendto_ms=0.045/0.061/0.064 cmd_age_ms=24.169 count=20 errors=0 errno=0 seq=18415 cmd=(0.500,-0.000,0.007)
[INFO] [1784987142.147409807] [cmd_vel_udp_sender]: TIMING_SENDER ros_gap_ms=50.009/51.182/51.195 callback_ms=0.052/0.066/0.068 sendto_ms=0.051/0.064/0.067 cmd_age_ms=23.930 count=20 errors=0 errno=0 seq=18435 cmd=(0.500,-0.000,-0.003)
[INFO] [1784987143.147336785] [cmd_vel_udp_sender]: TIMING_SENDER ros_gap_ms=49.929/52.820/55.311 callback_ms=0.050/0.063/0.078 sendto_ms=0.049/0.061/0.076 cmd_age_ms=25.286 count=20 errors=0 errno=0 seq=18455 cmd=(0.500,-0.000,-0.065)
[INFO] [1784987144.147381543] [cmd_vel_udp_sender]: TIMING_SENDER ros_gap_ms=50.114/52.301/62.055 callback_ms=0.052/0.063/0.064 sendto_ms=0.050/0.061/0.062 cmd_age_ms=23.048 count=20 errors=0 errno=0 seq=18475 cmd=(0.500,-0.000,-0.046)
[INFO] [1784987145.147343862] [cmd_vel_udp_sender]: TIMING_SENDER ros_gap_ms=49.890/56.070/57.859 callback_ms=0.053/0.065/0.066 sendto_ms=0.052/0.063/0.064 cmd_age_ms=25.219 count=20 errors=0 errno=0 seq=18495 cmd=(0.500,-0.000,-0.037)
[INFO] [1784987146.147325564] [cmd_vel_udp_sender]: TIMING_SENDER ros_gap_ms=50.029/50.146/50.653 callback_ms=0.051/0.063/0.063 sendto_ms=0.050/0.061/0.062 cmd_age_ms=24.612 count=20 errors=0 errno=0 seq=18515 cmd=(0.500,-0.000,-0.031)
[INFO] [1784987147.147277593] [cmd_vel_udp_sender]: TIMING_SENDER ros_gap_ms=50.235/55.401/56.275 callback_ms=0.055/0.072/0.093 sendto_ms=0.054/0.071/0.091 cmd_age_ms=19.858 count=20 errors=0 errno=0 seq=18535 cmd=(0.500,-0.000,0.015)
[INFO] [1784987148.147279883] [cmd_vel_udp_sender]: TIMING_SENDER ros_gap_ms=49.796/51.267/51.421 callback_ms=0.049/0.065/0.071 sendto_ms=0.047/0.064/0.070 cmd_age_ms=23.945 count=20 errors=0 errno=0 seq=18555 cmd=(0.500,-0.000,-0.000)
[INFO] [1784987149.147211124] [cmd_vel_udp_sender]: TIMING_SENDER ros_gap_ms=49.935/52.299/53.038 callback_ms=0.053/0.068/0.069 sendto_ms=0.051/0.066/0.067 cmd_age_ms=25.167 count=20 errors=0 errno=0 seq=18575 cmd=(0.500,-0.000,-0.016)
[INFO] [1784987150.147182643] [cmd_vel_udp_sender]: TIMING_SENDER ros_gap_ms=50.009/53.999/60.675 callback_ms=0.060/0.109/0.167 sendto_ms=0.058/0.108/0.165 cmd_age_ms=24.952 count=20 errors=0 errno=0 seq=18595 cmd=(0.500,-0.000,-0.009)
[INFO] [1784987151.147148967] [cmd_vel_udp_sender]: TIMING_SENDER ros_gap_ms=49.990/51.295/51.392 callback_ms=0.056/0.080/0.114 sendto_ms=0.055/0.078/0.113 cmd_age_ms=25.118 count=20 errors=0 errno=0 seq=18615 cmd=(0.500,-0.000,-0.003)
[INFO] [1784987152.147126736] [cmd_vel_udp_sender]: TIMING_SENDER ros_gap_ms=50.004/52.833/54.468 callback_ms=0.051/0.061/0.064 sendto_ms=0.049/0.060/0.063 cmd_age_ms=25.022 count=20 errors=0 errno=0 seq=18635 cmd=(0.500,-0.000,0.001)
[INFO] [1784987153.147097646] [cmd_vel_udp_sender]: TIMING_SENDER ros_gap_ms=49.993/50.391/51.612 callback_ms=0.052/0.067/0.072 sendto_ms=0.050/0.066/0.071 cmd_age_ms=25.140 count=20 errors=0 errno=0 seq=18655 cmd=(0.500,-0.000,0.012)
[INFO] [1784987154.147081025] [cmd_vel_udp_sender]: TIMING_SENDER ros_gap_ms=50.009/56.035/56.445 callback_ms=0.050/0.061/0.064 sendto_ms=0.049/0.060/0.062 cmd_age_ms=24.940 count=20 errors=0 errno=0 seq=18675 cmd=(0.500,-0.000,0.013)
[INFO] [1784987155.147024426] [cmd_vel_udp_sender]: TIMING_SENDER ros_gap_ms=50.060/51.067/52.108 callback_ms=0.053/0.069/0.071 sendto_ms=0.052/0.068/0.070 cmd_age_ms=23.685 count=20 errors=0 errno=0 seq=18695 cmd=(0.500,-0.000,0.001)
[INFO] [1784987156.147003526] [cmd_vel_udp_sender]: TIMING_SENDER ros_gap_ms=50.163/53.308/54.544 callback_ms=0.048/0.062/0.073 sendto_ms=0.047/0.060/0.071 cmd_age_ms=20.400 count=20 errors=0 errno=0 seq=18715 cmd=(0.500,-0.000,-0.001)
[INFO] [1784987157.146994806] [cmd_vel_udp_sender]: TIMING_SENDER ros_gap_ms=49.831/51.345/51.381 callback_ms=0.053/0.063/0.096 sendto_ms=0.051/0.062/0.094 cmd_age_ms=23.781 count=20 errors=0 errno=0 seq=18735 cmd=(0.500,-0.000,-0.005)
[INFO] [1784987158.146991353] [cmd_vel_udp_sender]: TIMING_SENDER ros_gap_ms=49.957/51.002/53.762 callback_ms=0.050/0.061/0.062 sendto_ms=0.049/0.059/0.060 cmd_age_ms=24.641 count=20 errors=0 errno=0 seq=18755 cmd=(0.500,-0.000,-0.027)
[INFO] [1784987159.146924690] [cmd_vel_udp_sender]: TIMING_SENDER ros_gap_ms=49.987/54.305/54.471 callback_ms=0.053/0.069/0.071 sendto_ms=0.052/0.067/0.069 cmd_age_ms=24.832 count=20 errors=0 errno=0 seq=18775 cmd=(0.500,-0.000,-0.015)
[INFO] [1784987160.146906910] [cmd_vel_udp_sender]: TIMING_SENDER ros_gap_ms=49.996/51.062/51.547 callback_ms=0.054/0.069/0.073 sendto_ms=0.052/0.067/0.072 cmd_age_ms=24.888 count=20 errors=0 errno=0 seq=18795 cmd=(0.500,-0.000,0.020)
[INFO] [1784987161.146881053] [cmd_vel_udp_sender]: TIMING_SENDER ros_gap_ms=50.077/54.484/56.625 callback_ms=0.049/0.058/0.060 sendto_ms=0.047/0.057/0.059 cmd_age_ms=23.332 count=20 errors=0 errno=0 seq=18815 cmd=(0.500,-0.000,0.004)
[INFO] [1784987162.146862670] [cmd_vel_udp_sender]: TIMING_SENDER ros_gap_ms=49.935/51.131/56.073 callback_ms=0.050/0.060/0.077 sendto_ms=0.049/0.059/0.075 cmd_age_ms=24.621 count=20 errors=0 errno=0 seq=18835 cmd=(0.500,-0.000,-0.033)
[INFO] [1784987163.146899889] [cmd_vel_udp_sender]: TIMING_SENDER ros_gap_ms=49.993/55.628/56.593 callback_ms=0.050/0.060/0.067 sendto_ms=0.048/0.059/0.065 cmd_age_ms=24.802 count=20 errors=0 errno=0 seq=18855 cmd=(0.500,-0.000,-0.001)
[INFO] [1784987164.146821194] [cmd_vel_udp_sender]: TIMING_SENDER ros_gap_ms=50.073/51.372/51.410 callback_ms=0.089/0.077/0.761 sendto_ms=0.087/0.076/0.760 cmd_age_ms=23.260 count=20 errors=0 errno=0 seq=18875 cmd=(0.500,-0.000,-0.021)
[INFO] [1784987165.146782644] [cmd_vel_udp_sender]: TIMING_SENDER ros_gap_ms=50.055/52.708/56.693 callback_ms=0.055/0.064/0.131 sendto_ms=0.054/0.063/0.129 cmd_age_ms=22.120 count=20 errors=0 errno=0 seq=18895 cmd=(0.500,-0.000,0.046)
[INFO] [1784987166.146770511] [cmd_vel_udp_sender]: TIMING_SENDER ros_gap_ms=49.879/51.890/52.412 callback_ms=0.053/0.063/0.072 sendto_ms=0.051/0.061/0.071 cmd_age_ms=24.530 count=20 errors=0 errno=0 seq=18915 cmd=(0.500,-0.000,0.020)
[INFO] [1784987167.146727933] [cmd_vel_udp_sender]: TIMING_SENDER ros_gap_ms=50.044/51.222/51.919 callback_ms=0.053/0.063/0.064 sendto_ms=0.052/0.061/0.062 cmd_age_ms=23.606 count=20 errors=0 errno=0 seq=18935 cmd=(0.500,-0.000,-0.016)
[INFO] [1784987168.146654622] [cmd_vel_udp_sender]: TIMING_SENDER ros_gap_ms=50.012/52.172/55.698 callback_ms=0.050/0.063/0.067 sendto_ms=0.048/0.062/0.065 cmd_age_ms=23.284 count=20 errors=0 errno=0 seq=18955 cmd=(0.500,-0.000,0.007)
[INFO] [1784987169.146670733] [cmd_vel_udp_sender]: TIMING_SENDER ros_gap_ms=49.987/51.895/52.575 callback_ms=0.055/0.071/0.078 sendto_ms=0.054/0.068/0.076 cmd_age_ms=23.555 count=20 errors=0 errno=0 seq=18975 cmd=(0.500,-0.000,-0.033)
[INFO] [1784987170.146606128] [cmd_vel_udp_sender]: TIMING_SENDER ros_gap_ms=50.152/53.789/54.105 callback_ms=0.050/0.062/0.075 sendto_ms=0.049/0.061/0.073 cmd_age_ms=20.456 count=20 errors=0 errno=0 seq=18995 cmd=(0.500,-0.000,-0.005)
[INFO] [1784987171.146616642] [cmd_vel_udp_sender]: TIMING_SENDER ros_gap_ms=49.797/51.059/51.227 callback_ms=0.050/0.067/0.074 sendto_ms=0.049/0.066/0.073 cmd_age_ms=24.536 count=20 errors=0 errno=0 seq=19015 cmd=(0.500,-0.000,-0.005)
[INFO] [1784987172.146591974] [cmd_vel_udp_sender]: TIMING_SENDER ros_gap_ms=50.061/52.453/52.821 callback_ms=0.051/0.061/0.067 sendto_ms=0.050/0.059/0.066 cmd_age_ms=23.292 count=20 errors=0 errno=0 seq=19035 cmd=(0.500,-0.000,-0.010)
[INFO] [1784987173.146576154] [cmd_vel_udp_sender]: TIMING_SENDER ros_gap_ms=49.942/51.173/51.790 callback_ms=0.050/0.070/0.075 sendto_ms=0.049/0.067/0.073 cmd_age_ms=24.429 count=20 errors=0 errno=0 seq=19055 cmd=(0.500,-0.000,-0.028)
[INFO] [1784987174.146540830] [cmd_vel_udp_sender]: TIMING_SENDER ros_gap_ms=50.284/54.610/55.636 callback_ms=0.053/0.064/0.093 sendto_ms=0.051/0.063/0.091 cmd_age_ms=18.707 count=20 errors=0 errno=0 seq=19075 cmd=(0.500,-0.000,0.003)
[INFO] [1784987175.149111442] [cmd_vel_udp_sender]: TIMING_SENDER ros_gap_ms=49.723/50.416/52.674 callback_ms=0.049/0.060/0.061 sendto_ms=0.047/0.058/0.059 cmd_age_ms=26.810 count=20 errors=0 errno=0 seq=19095 cmd=(0.500,-0.000,-0.014)
[INFO] [1784987176.146517719] [cmd_vel_udp_sender]: TIMING_SENDER ros_gap_ms=49.996/52.780/54.673 callback_ms=0.053/0.061/0.084 sendto_ms=0.050/0.059/0.060 cmd_age_ms=24.300 count=20 errors=0 errno=0 seq=19115 cmd=(0.500,-0.000,-0.015)
[INFO] [1784987177.146469036] [cmd_vel_udp_sender]: TIMING_SENDER ros_gap_ms=49.989/50.562/51.290 callback_ms=0.051/0.064/0.069 sendto_ms=0.050/0.063/0.067 cmd_age_ms=24.473 count=20 errors=0 errno=0 seq=19135 cmd=(0.500,-0.000,-0.012)
[INFO] [1784987178.146413041] [cmd_vel_udp_sender]: TIMING_SENDER ros_gap_ms=49.998/51.491/51.625 callback_ms=0.053/0.072/0.074 sendto_ms=0.052/0.068/0.072 cmd_age_ms=24.467 count=20 errors=0 errno=0 seq=19155 cmd=(0.500,-0.000,0.010)
[INFO] [1784987179.146420131] [cmd_vel_udp_sender]: TIMING_SENDER ros_gap_ms=50.010/54.982/56.731 callback_ms=0.051/0.061/0.069 sendto_ms=0.049/0.059/0.067 cmd_age_ms=24.271 count=20 errors=0 errno=0 seq=19175 cmd=(0.500,-0.000,-0.020)
[INFO] [1784987180.146409285] [cmd_vel_udp_sender]: TIMING_SENDER ros_gap_ms=50.006/51.980/53.304 callback_ms=0.053/0.072/0.079 sendto_ms=0.051/0.071/0.077 cmd_age_ms=24.132 count=20 errors=0 errno=0 seq=19195 cmd=(0.500,-0.000,-0.027)
[INFO] [1784987181.146384374] [cmd_vel_udp_sender]: TIMING_SENDER ros_gap_ms=50.051/54.468/58.425 callback_ms=0.050/0.058/0.065 sendto_ms=0.048/0.057/0.063 cmd_age_ms=23.079 count=20 errors=0 errno=0 seq=19215 cmd=(0.500,-0.000,-0.002)
[INFO] [1784987182.146350934] [cmd_vel_udp_sender]: TIMING_SENDER ros_gap_ms=49.941/51.382/51.397 callback_ms=0.053/0.066/0.085 sendto_ms=0.052/0.065/0.083 cmd_age_ms=24.228 count=20 errors=0 errno=0 seq=19235 cmd=(0.500,-0.000,-0.007)
[INFO] [1784987183.146318405] [cmd_vel_udp_sender]: TIMING_SENDER ros_gap_ms=50.057/54.913/57.186 callback_ms=0.047/0.062/0.070 sendto_ms=0.046/0.061/0.068 cmd_age_ms=23.046 count=20 errors=0 errno=0 seq=19255 cmd=(0.500,-0.000,-0.025)
[INFO] [1784987184.146300545] [cmd_vel_udp_sender]: TIMING_SENDER ros_gap_ms=49.945/54.076/59.546 callback_ms=0.046/0.059/0.070 sendto_ms=0.045/0.057/0.069 cmd_age_ms=24.129 count=20 errors=0 errno=0 seq=19275 cmd=(0.500,-0.000,-0.007)
[INFO] [1784987185.146258699] [cmd_vel_udp_sender]: TIMING_SENDER ros_gap_ms=50.030/57.092/60.769 callback_ms=0.043/0.063/0.065 sendto_ms=0.042/0.062/0.063 cmd_age_ms=23.490 count=20 errors=0 errno=0 seq=19295 cmd=(0.500,-0.000,-0.011)
[INFO] [1784987186.146247939] [cmd_vel_udp_sender]: TIMING_SENDER ros_gap_ms=49.992/52.397/54.440 callback_ms=0.047/0.060/0.063 sendto_ms=0.045/0.058/0.061 cmd_age_ms=23.646 count=20 errors=0 errno=0 seq=19315 cmd=(0.500,-0.000,-0.015)
[INFO] [1784987187.146227593] [cmd_vel_udp_sender]: TIMING_SENDER ros_gap_ms=50.078/52.904/53.184 callback_ms=0.047/0.058/0.080 sendto_ms=0.045/0.057/0.079 cmd_age_ms=22.061 count=20 errors=0 errno=0 seq=19335 cmd=(0.500,-0.000,-0.010)
[INFO] [1784987188.146197404] [cmd_vel_udp_sender]: TIMING_SENDER ros_gap_ms=50.004/59.757/60.345 callback_ms=0.046/0.066/0.081 sendto_ms=0.044/0.065/0.079 cmd_age_ms=21.947 count=20 errors=0 errno=0 seq=19355 cmd=(0.500,-0.000,-0.024)
[INFO] [1784987189.146254106] [cmd_vel_udp_sender]: TIMING_SENDER ros_gap_ms=49.890/54.849/76.486 callback_ms=0.045/0.063/0.068 sendto_ms=0.044/0.061/0.067 cmd_age_ms=24.200 count=20 errors=0 errno=0 seq=19375 cmd=(0.500,-0.000,0.007)
[INFO] [1784987190.146155913] [cmd_vel_udp_sender]: TIMING_SENDER ros_gap_ms=50.029/52.091/58.045 callback_ms=0.043/0.056/0.057 sendto_ms=0.041/0.055/0.056 cmd_age_ms=23.522 count=20 errors=0 errno=0 seq=19395 cmd=(0.500,-0.000,-0.014)
[INFO] [1784987191.146136899] [cmd_vel_udp_sender]: TIMING_SENDER ros_gap_ms=50.005/51.975/52.045 callback_ms=0.047/0.060/0.066 sendto_ms=0.045/0.058/0.064 cmd_age_ms=23.402 count=20 errors=0 errno=0 seq=19415 cmd=(0.500,-0.000,-0.004)
[INFO] [1784987192.146114345] [cmd_vel_udp_sender]: TIMING_SENDER ros_gap_ms=50.315/53.866/56.662 callback_ms=0.053/0.065/0.069 sendto_ms=0.051/0.063/0.068 cmd_age_ms=17.077 count=20 errors=0 errno=0 seq=19435 cmd=(0.500,-0.000,-0.012)
[INFO] [1784987193.146103163] [cmd_vel_udp_sender]: TIMING_SENDER ros_gap_ms=49.648/53.771/54.940 callback_ms=0.054/0.086/0.093 sendto_ms=0.053/0.084/0.091 cmd_age_ms=24.104 count=20 errors=0 errno=0 seq=19455 cmd=(0.500,-0.000,-0.019)
[INFO] [1784987194.146058107] [cmd_vel_udp_sender]: TIMING_SENDER ros_gap_ms=50.105/51.252/52.097 callback_ms=0.051/0.064/0.069 sendto_ms=0.049/0.062/0.067 cmd_age_ms=21.964 count=20 errors=0 errno=0 seq=19475 cmd=(0.500,-0.000,-0.022)
[INFO] [1784987195.146027397] [cmd_vel_udp_sender]: TIMING_SENDER ros_gap_ms=49.914/52.941/54.780 callback_ms=0.052/0.075/0.081 sendto_ms=0.051/0.073/0.079 cmd_age_ms=23.662 count=20 errors=0 errno=0 seq=19495 cmd=(0.500,-0.000,-0.032)
[INFO] [1784987196.146007387] [cmd_vel_udp_sender]: TIMING_SENDER ros_gap_ms=49.985/51.325/51.595 callback_ms=0.051/0.060/0.070 sendto_ms=0.049/0.059/0.069 cmd_age_ms=23.950 count=20 errors=0 errno=0 seq=19515 cmd=(0.500,-0.000,-0.005)
[INFO] [1784987197.145966365] [cmd_vel_udp_sender]: TIMING_SENDER ros_gap_ms=50.105/52.882/60.046 callback_ms=0.050/0.062/0.069 sendto_ms=0.049/0.061/0.067 cmd_age_ms=21.809 count=20 errors=0 errno=0 seq=19535 cmd=(0.500,-0.000,-0.031)
[INFO] [1784987198.145956650] [cmd_vel_udp_sender]: TIMING_SENDER ros_gap_ms=49.961/52.486/54.581 callback_ms=0.052/0.064/0.072 sendto_ms=0.050/0.063/0.070 cmd_age_ms=22.584 count=20 errors=0 errno=0 seq=19555 cmd=(0.500,-0.000,-0.041)
[INFO] [1784987199.145969953] [cmd_vel_udp_sender]: TIMING_SENDER ros_gap_ms=50.005/55.894/57.692 callback_ms=0.054/0.071/0.085 sendto_ms=0.053/0.069/0.083 cmd_age_ms=22.490 count=20 errors=0 errno=0 seq=19575 cmd=(0.500,-0.000,-0.043)
[INFO] [1784987200.145927620] [cmd_vel_udp_sender]: TIMING_SENDER ros_gap_ms=49.938/51.422/51.468 callback_ms=0.045/0.053/0.060 sendto_ms=0.044/0.051/0.058 cmd_age_ms=23.692 count=20 errors=0 errno=0 seq=19595 cmd=(0.500,-0.000,0.009)
[INFO] [1784987201.145927729] [cmd_vel_udp_sender]: TIMING_SENDER ros_gap_ms=50.050/51.252/51.503 callback_ms=0.051/0.064/0.073 sendto_ms=0.050/0.062/0.072 cmd_age_ms=22.699 count=20 errors=0 errno=0 seq=19615 cmd=(0.500,-0.000,-0.054)
[INFO] [1784987202.145898792] [cmd_vel_udp_sender]: TIMING_SENDER ros_gap_ms=50.004/56.463/57.613 callback_ms=0.049/0.058/0.072 sendto_ms=0.047/0.057/0.070 cmd_age_ms=22.586 count=20 errors=0 errno=0 seq=19635 cmd=(0.500,-0.000,-0.002)
[INFO] [1784987203.145976712] [cmd_vel_udp_sender]: TIMING_SENDER ros_gap_ms=49.953/51.490/51.859 callback_ms=0.056/0.074/0.082 sendto_ms=0.055/0.072/0.081 cmd_age_ms=23.595 count=20 errors=0 errno=0 seq=19655 cmd=(0.500,-0.000,0.015)
[INFO] [1784987204.145836918] [cmd_vel_udp_sender]: TIMING_SENDER ros_gap_ms=49.989/51.225/53.955 callback_ms=0.052/0.065/0.066 sendto_ms=0.050/0.063/0.064 cmd_age_ms=23.667 count=20 errors=0 errno=0 seq=19675 cmd=(0.500,-0.000,-0.002)
[INFO] [1784987205.145800140] [cmd_vel_udp_sender]: TIMING_SENDER ros_gap_ms=50.052/52.862/55.715 callback_ms=0.051/0.062/0.076 sendto_ms=0.049/0.061/0.075 cmd_age_ms=22.587 count=20 errors=0 errno=0 seq=19695 cmd=(0.500,-0.000,-0.005)
[INFO] [1784987206.145800683] [cmd_vel_udp_sender]: TIMING_SENDER ros_gap_ms=50.255/53.130/56.297 callback_ms=0.057/0.070/0.149 sendto_ms=0.055/0.069/0.148 cmd_age_ms=17.486 count=20 errors=0 errno=0 seq=19715 cmd=(0.500,-0.000,0.019)
[INFO] [1784987207.145774836] [cmd_vel_udp_sender]: TIMING_SENDER ros_gap_ms=49.690/53.006/54.938 callback_ms=0.051/0.068/0.078 sendto_ms=0.050/0.066/0.077 cmd_age_ms=23.667 count=20 errors=0 errno=0 seq=19735 cmd=(0.500,-0.000,-0.003)
[INFO] [1784987208.145763365] [cmd_vel_udp_sender]: TIMING_SENDER ros_gap_ms=50.011/52.025/53.032 callback_ms=0.054/0.076/0.081 sendto_ms=0.053/0.074/0.080 cmd_age_ms=23.434 count=20 errors=0 errno=0 seq=19755 cmd=(0.500,-0.000,0.005)
[INFO] [1784987209.145731744] [cmd_vel_udp_sender]: TIMING_SENDER ros_gap_ms=49.987/51.157/51.446 callback_ms=0.053/0.068/0.120 sendto_ms=0.051/0.067/0.118 cmd_age_ms=23.666 count=20 errors=0 errno=0 seq=19775 cmd=(0.500,-0.000,-0.000)
[INFO] [1784987210.145702979] [cmd_vel_udp_sender]: TIMING_SENDER ros_gap_ms=50.051/51.806/52.463 callback_ms=0.053/0.066/0.072 sendto_ms=0.051/0.064/0.071 cmd_age_ms=22.610 count=20 errors=0 errno=0 seq=19795 cmd=(0.500,-0.000,-0.001)
[INFO] [1784987211.145684495] [cmd_vel_udp_sender]: TIMING_SENDER ros_gap_ms=50.157/57.816/61.702 callback_ms=0.054/0.068/0.081 sendto_ms=0.053/0.066/0.080 cmd_age_ms=19.443 count=20 errors=0 errno=0 seq=19815 cmd=(0.500,-0.000,0.011)
[INFO] [1784987212.145679651] [cmd_vel_udp_sender]: TIMING_SENDER ros_gap_ms=49.794/55.080/55.716 callback_ms=0.048/0.059/0.077 sendto_ms=0.046/0.057/0.075 cmd_age_ms=23.561 count=20 errors=0 errno=0 seq=19835 cmd=(0.500,-0.000,-0.007)
[INFO] [1784987213.145646816] [cmd_vel_udp_sender]: TIMING_SENDER ros_gap_ms=50.012/51.675/53.889 callback_ms=0.052/0.065/0.078 sendto_ms=0.050/0.063/0.077 cmd_age_ms=23.287 count=20 errors=0 errno=0 seq=19855 cmd=(0.500,-0.000,-0.006)
[INFO] [1784987214.145620132] [cmd_vel_udp_sender]: TIMING_SENDER ros_gap_ms=49.993/54.882/56.306 callback_ms=0.051/0.066/0.068 sendto_ms=0.049/0.064/0.066 cmd_age_ms=23.403 count=20 errors=0 errno=0 seq=19875 cmd=(0.500,-0.000,0.019)
[INFO] [1784987215.145642319] [cmd_vel_udp_sender]: TIMING_SENDER ros_gap_ms=49.998/53.378/55.296 callback_ms=0.058/0.083/0.133 sendto_ms=0.057/0.082/0.131 cmd_age_ms=23.458 count=20 errors=0 errno=0 seq=19895 cmd=(0.500,-0.000,-0.080)
[INFO] [1784987216.145600163] [cmd_vel_udp_sender]: TIMING_SENDER ros_gap_ms=49.999/53.919/55.745 callback_ms=0.055/0.074/0.076 sendto_ms=0.053/0.073/0.075 cmd_age_ms=23.438 count=20 errors=0 errno=0 seq=19915 cmd=(0.500,-0.000,-0.091)
[INFO] [1784987217.145582558] [cmd_vel_udp_sender]: TIMING_SENDER ros_gap_ms=50.004/51.354/52.725 callback_ms=0.048/0.056/0.065 sendto_ms=0.047/0.055/0.064 cmd_age_ms=23.343 count=20 errors=0 errno=0 seq=19935 cmd=(0.500,-0.000,-0.083)
[INFO] [1784987218.145568063] [cmd_vel_udp_sender]: TIMING_SENDER ros_gap_ms=50.180/51.166/53.131 callback_ms=0.053/0.073/0.089 sendto_ms=0.052/0.071/0.087 cmd_age_ms=19.738 count=20 errors=0 errno=0 seq=19955 cmd=(0.500,-0.000,-0.039)
[INFO] [1784987219.145531081] [cmd_vel_udp_sender]: TIMING_SENDER ros_gap_ms=49.829/52.310/52.898 callback_ms=0.055/0.066/0.076 sendto_ms=0.054/0.065/0.075 cmd_age_ms=23.113 count=20 errors=0 errno=0 seq=19975 cmd=(0.500,-0.000,0.002)
[INFO] [1784987220.145512920] [cmd_vel_udp_sender]: TIMING_SENDER ros_gap_ms=50.044/51.154/51.941 callback_ms=0.052/0.060/0.061 sendto_ms=0.050/0.058/0.059 cmd_age_ms=22.205 count=20 errors=0 errno=0 seq=19995 cmd=(0.500,-0.000,0.022)
[INFO] [1784987221.145995972] [cmd_vel_udp_sender]: TIMING_SENDER ros_gap_ms=49.943/55.946/57.953 callback_ms=0.065/0.084/0.227 sendto_ms=0.063/0.082/0.226 cmd_age_ms=23.835 count=20 errors=0 errno=0 seq=20015 cmd=(0.500,-0.000,0.023)
[INFO] [1784987222.145482251] [cmd_vel_udp_sender]: TIMING_SENDER ros_gap_ms=50.012/52.140/52.715 callback_ms=0.053/0.066/0.066 sendto_ms=0.051/0.064/0.064 cmd_age_ms=23.077 count=20 errors=0 errno=0 seq=20035 cmd=(0.500,-0.000,-0.010)
[INFO] [1784987223.145441325] [cmd_vel_udp_sender]: TIMING_SENDER ros_gap_ms=49.987/56.014/56.489 callback_ms=0.059/0.071/0.111 sendto_ms=0.057/0.069/0.109 cmd_age_ms=23.291 count=20 errors=0 errno=0 seq=20055 cmd=(0.500,-0.000,-0.025)
[INFO] [1784987224.145476757] [cmd_vel_udp_sender]: TIMING_SENDER ros_gap_ms=49.998/51.338/51.391 callback_ms=0.052/0.066/0.069 sendto_ms=0.051/0.065/0.068 cmd_age_ms=23.359 count=20 errors=0 errno=0 seq=20075 cmd=(0.500,-0.000,-0.120)
[INFO] [1784987225.145410244] [cmd_vel_udp_sender]: TIMING_SENDER ros_gap_ms=50.311/54.756/55.049 callback_ms=0.053/0.063/0.064 sendto_ms=0.052/0.062/0.063 cmd_age_ms=17.076 count=20 errors=0 errno=0 seq=20095 cmd=(0.500,-0.000,-0.141)
[INFO] [1784987226.145496597] [cmd_vel_udp_sender]: TIMING_SENDER ros_gap_ms=49.694/52.541/52.597 callback_ms=0.054/0.068/0.071 sendto_ms=0.052/0.066/0.069 cmd_age_ms=23.290 count=20 errors=0 errno=0 seq=20115 cmd=(0.500,-0.000,-0.096)
[INFO] [1784987227.145373776] [cmd_vel_udp_sender]: TIMING_SENDER ros_gap_ms=49.999/53.447/54.502 callback_ms=0.059/0.069/0.107 sendto_ms=0.057/0.068/0.105 cmd_age_ms=23.189 count=20 errors=0 errno=0 seq=20135 cmd=(0.500,-0.000,-0.070)
[INFO] [1784987228.145346159] [cmd_vel_udp_sender]: TIMING_SENDER ros_gap_ms=50.006/56.697/57.063 callback_ms=0.055/0.066/0.118 sendto_ms=0.054/0.065/0.116 cmd_age_ms=23.041 count=20 errors=0 errno=0 seq=20155 cmd=(0.500,-0.000,-0.027)
[INFO] [1784987229.145318642] [cmd_vel_udp_sender]: TIMING_SENDER ros_gap_ms=49.982/51.241/59.986 callback_ms=0.057/0.073/0.075 sendto_ms=0.055/0.071/0.074 cmd_age_ms=23.366 count=20 errors=0 errno=0 seq=20175 cmd=(0.500,-0.000,0.009)
[INFO] [1784987230.145304825] [cmd_vel_udp_sender]: TIMING_SENDER ros_gap_ms=50.013/55.099/56.531 callback_ms=0.055/0.072/0.076 sendto_ms=0.053/0.070/0.074 cmd_age_ms=23.091 count=20 errors=0 errno=0 seq=20195 cmd=(0.500,-0.000,0.007)
[INFO] [1784987231.145293734] [cmd_vel_udp_sender]: TIMING_SENDER ros_gap_ms=50.002/51.185/51.218 callback_ms=0.054/0.065/0.071 sendto_ms=0.052/0.064/0.070 cmd_age_ms=23.046 count=20 errors=0 errno=0 seq=20215 cmd=(0.500,-0.000,-0.026)
[INFO] [1784987232.145271414] [cmd_vel_udp_sender]: TIMING_SENDER ros_gap_ms=50.403/53.185/53.835 callback_ms=0.055/0.064/0.070 sendto_ms=0.053/0.062/0.069 cmd_age_ms=14.967 count=20 errors=0 errno=0 seq=20235 cmd=(0.500,-0.000,-0.025)
[INFO] [1784987233.145248523] [cmd_vel_udp_sender]: TIMING_SENDER ros_gap_ms=49.597/52.062/56.654 callback_ms=0.052/0.067/0.075 sendto_ms=0.050/0.066/0.074 cmd_age_ms=23.009 count=20 errors=0 errno=0 seq=20255 cmd=(0.500,-0.000,-0.028)
[INFO] [1784987234.145289955] [cmd_vel_udp_sender]: TIMING_SENDER ros_gap_ms=50.000/54.677/58.437 callback_ms=0.054/0.074/0.075 sendto_ms=0.052/0.073/0.074 cmd_age_ms=23.054 count=20 errors=0 errno=0 seq=20275 cmd=(0.500,-0.000,-0.103)
[INFO] [1784987235.145174689] [cmd_vel_udp_sender]: TIMING_SENDER ros_gap_ms=49.979/53.807/55.462 callback_ms=0.043/0.050/0.053 sendto_ms=0.042/0.048/0.052 cmd_age_ms=23.359 count=20 errors=0 errno=0 seq=20295 cmd=(0.500,-0.000,-0.138)
[INFO] [1784987236.145156065] [cmd_vel_udp_sender]: TIMING_SENDER ros_gap_ms=50.105/51.505/51.628 callback_ms=0.049/0.064/0.077 sendto_ms=0.047/0.063/0.075 cmd_age_ms=21.243 count=20 errors=0 errno=0 seq=20315 cmd=(0.500,-0.000,-0.007)
[INFO] [1784987237.145163460] [cmd_vel_udp_sender]: TIMING_SENDER ros_gap_ms=49.934/54.504/57.905 callback_ms=0.052/0.063/0.063 sendto_ms=0.051/0.062/0.062 cmd_age_ms=22.574 count=20 errors=0 errno=0 seq=20335 cmd=(0.500,-0.000,-0.051)
[INFO] [1784987238.145123883] [cmd_vel_udp_sender]: TIMING_SENDER ros_gap_ms=50.017/52.653/68.657 callback_ms=0.047/0.061/0.062 sendto_ms=0.045/0.059/0.061 cmd_age_ms=22.198 count=20 errors=0 errno=0 seq=20355 cmd=(0.500,-0.000,-0.149)
[INFO] [1784987239.145145939] [cmd_vel_udp_sender]: TIMING_SENDER ros_gap_ms=50.011/62.298/69.707 callback_ms=0.043/0.045/0.079 sendto_ms=0.041/0.044/0.078 cmd_age_ms=22.006 count=20 errors=0 errno=0 seq=20375 cmd=(0.500,-0.000,-0.146)
[INFO] [1784987240.145110304] [cmd_vel_udp_sender]: TIMING_SENDER ros_gap_ms=50.003/55.754/55.848 callback_ms=0.052/0.067/0.069 sendto_ms=0.051/0.065/0.067 cmd_age_ms=21.911 count=20 errors=0 errno=0 seq=20395 cmd=(0.500,-0.000,-0.174)
[INFO] [1784987241.145091087] [cmd_vel_udp_sender]: TIMING_SENDER ros_gap_ms=49.946/57.670/60.555 callback_ms=0.045/0.054/0.062 sendto_ms=0.044/0.053/0.061 cmd_age_ms=22.981 count=20 errors=0 errno=0 seq=20415 cmd=(0.500,-0.000,-0.091)
[INFO] [1784987242.145150783] [cmd_vel_udp_sender]: TIMING_SENDER ros_gap_ms=50.071/54.231/68.088 callback_ms=0.046/0.055/0.056 sendto_ms=0.045/0.054/0.054 cmd_age_ms=21.623 count=20 errors=0 errno=0 seq=20435 cmd=(0.500,-0.000,-0.059)
[INFO] [1784987243.145061459] [cmd_vel_udp_sender]: TIMING_SENDER ros_gap_ms=49.934/51.518/52.935 callback_ms=0.052/0.071/0.088 sendto_ms=0.051/0.069/0.087 cmd_age_ms=22.858 count=20 errors=0 errno=0 seq=20455 cmd=(0.500,-0.000,-0.018)
[INFO] [1784987244.145053513] [cmd_vel_udp_sender]: TIMING_SENDER ros_gap_ms=50.002/53.949/54.753 callback_ms=0.052/0.060/0.078 sendto_ms=0.050/0.058/0.077 cmd_age_ms=22.814 count=20 errors=0 errno=0 seq=20475 cmd=(0.500,-0.000,-0.012)
[INFO] [1784987245.145020320] [cmd_vel_udp_sender]: TIMING_SENDER ros_gap_ms=49.991/52.193/53.037 callback_ms=0.055/0.073/0.083 sendto_ms=0.054/0.071/0.081 cmd_age_ms=22.967 count=20 errors=0 errno=0 seq=20495 cmd=(0.500,-0.000,-0.000)
[INFO] [1784987246.145003673] [cmd_vel_udp_sender]: TIMING_SENDER ros_gap_ms=49.994/52.562/61.733 callback_ms=0.051/0.066/0.072 sendto_ms=0.049/0.064/0.070 cmd_age_ms=23.070 count=20 errors=0 errno=0 seq=20515 cmd=(0.500,-0.000,-0.021)
[INFO] [1784987247.145008979] [cmd_vel_udp_sender]: TIMING_SENDER ros_gap_ms=50.012/55.252/60.027 callback_ms=0.054/0.065/0.115 sendto_ms=0.052/0.063/0.114 cmd_age_ms=22.841 count=20 errors=0 errno=0 seq=20535 cmd=(0.500,-0.000,-0.002)
[INFO] [1784987248.144974959] [cmd_vel_udp_sender]: TIMING_SENDER ros_gap_ms=49.991/50.296/51.650 callback_ms=0.051/0.063/0.064 sendto_ms=0.049/0.062/0.063 cmd_age_ms=22.982 count=20 errors=0 errno=0 seq=20555 cmd=(0.500,-0.000,0.002)
[INFO] [1784987249.144910604] [cmd_vel_udp_sender]: TIMING_SENDER ros_gap_ms=50.018/55.690/57.756 callback_ms=0.051/0.063/0.068 sendto_ms=0.050/0.061/0.067 cmd_age_ms=22.549 count=20 errors=0 errno=0 seq=20575 cmd=(0.500,-0.000,0.014)
[INFO] [1784987250.144939593] [cmd_vel_udp_sender]: TIMING_SENDER ros_gap_ms=49.990/51.679/52.810 callback_ms=0.056/0.070/0.107 sendto_ms=0.054/0.069/0.106 cmd_age_ms=22.780 count=20 errors=0 errno=0 seq=20595 cmd=(0.500,-0.000,-0.019)
[INFO] [1784987251.144922023] [cmd_vel_udp_sender]: TIMING_SENDER ros_gap_ms=50.297/55.927/61.756 callback_ms=0.050/0.062/0.066 sendto_ms=0.049/0.060/0.064 cmd_age_ms=16.819 count=20 errors=0 errno=0 seq=20615 cmd=(0.500,-0.000,-0.008)
[INFO] [1784987252.144950277] [cmd_vel_udp_sender]: TIMING_SENDER ros_gap_ms=49.774/51.841/51.883 callback_ms=0.053/0.070/0.075 sendto_ms=0.051/0.068/0.073 cmd_age_ms=21.376 count=20 errors=0 errno=0 seq=20635 cmd=(0.500,-0.000,0.023)
[INFO] [1784987253.144887716] [cmd_vel_udp_sender]: TIMING_SENDER ros_gap_ms=49.935/52.740/55.837 callback_ms=0.055/0.068/0.084 sendto_ms=0.054/0.067/0.083 cmd_age_ms=22.607 count=20 errors=0 errno=0 seq=20655 cmd=(0.500,-0.000,-0.033)
[INFO] [1784987254.144869892] [cmd_vel_udp_sender]: TIMING_SENDER ros_gap_ms=50.019/51.894/53.880 callback_ms=0.052/0.062/0.065 sendto_ms=0.051/0.061/0.063 cmd_age_ms=22.219 count=20 errors=0 errno=0 seq=20675 cmd=(0.000,0.000,0.000)
[INFO] [1784987255.144854498] [cmd_vel_udp_sender]: TIMING_SENDER ros_gap_ms=50.098/51.931/52.548 callback_ms=0.054/0.069/0.070 sendto_ms=0.052/0.067/0.068 cmd_age_ms=20.243 count=20 errors=0 errno=0 seq=20695 cmd=(0.000,0.000,0.000)
[INFO] [1784987256.144850593] [cmd_vel_udp_sender]: TIMING_SENDER ros_gap_ms=49.879/51.603/54.724 callback_ms=0.052/0.065/0.067 sendto_ms=0.051/0.063/0.066 cmd_age_ms=22.667 count=20 errors=0 errno=0 seq=20715 cmd=(0.000,0.000,0.000)
[INFO] [1784987257.144826047] [cmd_vel_udp_sender]: TIMING_SENDER ros_gap_ms=50.079/51.688/51.713 callback_ms=0.054/0.071/0.073 sendto_ms=0.052/0.069/0.072 cmd_age_ms=21.060 count=20 errors=0 errno=0 seq=20735 cmd=(0.000,0.000,0.000)
[INFO] [1784987258.144809757] [cmd_vel_udp_sender]: TIMING_SENDER ros_gap_ms=49.916/51.615/54.256 callback_ms=0.051/0.062/0.067 sendto_ms=0.049/0.060/0.065 cmd_age_ms=22.724 count=20 errors=0 errno=0 seq=20755 cmd=(0.000,0.000,0.000)
[INFO] [1784987259.144788730] [cmd_vel_udp_sender]: TIMING_SENDER ros_gap_ms=50.061/51.461/55.374 callback_ms=0.059/0.079/0.088 sendto_ms=0.058/0.077/0.087 cmd_age_ms=21.490 count=20 errors=0 errno=0 seq=20775 cmd=(0.000,0.000,0.000)
[INFO] [1784987260.144776533] [cmd_vel_udp_sender]: TIMING_SENDER ros_gap_ms=49.935/52.370/52.781 callback_ms=0.055/0.071/0.073 sendto_ms=0.053/0.070/0.071 cmd_age_ms=22.770 count=20 errors=0 errno=0 seq=20795 cmd=(0.000,0.000,0.000)
[INFO] [1784987261.144754128] [cmd_vel_udp_sender]: TIMING_SENDER ros_gap_ms=50.004/54.344/58.070 callback_ms=0.054/0.066/0.067 sendto_ms=0.052/0.065/0.066 cmd_age_ms=22.678 count=20 errors=0 errno=0 seq=20815 cmd=(0.000,0.000,0.000)
[INFO] [1784987262.144744649] [cmd_vel_udp_sender]: TIMING_SENDER ros_gap_ms=50.009/51.320/55.677 callback_ms=0.056/0.064/0.070 sendto_ms=0.055/0.063/0.068 cmd_age_ms=22.494 count=20 errors=0 errno=0 seq=20835 cmd=(0.000,0.000,0.000)
[INFO] [1784987263.144734369] [cmd_vel_udp_sender]: TIMING_SENDER ros_gap_ms=50.095/53.332/53.950 callback_ms=0.056/0.071/0.077 sendto_ms=0.054/0.069/0.076 cmd_age_ms=20.583 count=20 errors=0 errno=0 seq=20855 cmd=(0.000,0.000,0.000)
Terminated
