1784986236.479227 [0]    python3: config: //CycloneDDS/Domain/General: 'NetworkInterfaceAddress': deprecated element (file:///tmp/go2_cyclonedds_eth0.xml line 4)
[INFO] [1784986236.813836957] [waypoint_follower]: enhanced waypoint_follower started
[INFO] [1784986236.814699773] [waypoint_follower]: route_file: /home/unitree/go2_fastlio_ws/patrol_logs/runs/20260725/xunjian-20260725-17/route_horizontal.csv
[INFO] [1784986236.815363318] [waypoint_follower]: route points: 1277
[INFO] [1784986236.816485568] [waypoint_follower]: loop_mode: pingpong
[INFO] [1784986236.817170202] [waypoint_follower]: lookahead_distance: 0.6
[INFO] [1784986236.817801202] [waypoint_follower]: reach_distance: 0.4
[INFO] [1784986236.843944266] [waypoint_follower]: FOLLOWER_EXACT_TRACE_READY file=/home/unitree/go2_fastlio_ws/patrol_logs/runs/20260725/xunjian-20260725-17/follower_control_trace.jsonl base_sha256=d205a596fc6118ad7fa191871c646173cb545ab4b136e46de360598e38261120
[INFO] [1784986236.844632228] [waypoint_follower]: FOLLOWER_MOTION_INTERLOCK_ACTIVE file=/home/unitree/go2_fastlio_ws/patrol_logs/runs/20260725/xunjian-20260725-17/.motion_enabled
[INFO] [1784986236.845394209] [waypoint_follower]: FOLLOWER_HORIZONTAL_FRAME_CALIBRATING metadata=/home/unitree/go2_fastlio_ws/patrol_logs/runs/20260725/xunjian-20260725-17/route_horizontal.json lidar_imu=/livox/imu body_imu=/lf/sportmodestate samples=15 max_spread_deg=1.500 max_source_disagreement_deg=3.000
[INFO] [1784986239.833746866] [waypoint_follower]: FOLLOWER_HORIZONTAL_FRAME_READY samples=15 spread_deg=0.756002 source_disagreement_deg=1.205764 map_up=(-0.561260271,-0.062977280,0.825239826)
[INFO] [1784986239.837060271] [waypoint_follower]: FOLLOWER_HORIZONTAL_CALIBRATION_INPUT_FROZEN lidar_imu_subscription=closed
[INFO] [1784986239.841454741] [waypoint_follower]: FOLLOWER_HORIZONTAL_ROUTE_ANCHORED x=-0.005566 y=-0.063345 yaw_deg=-0.381280 rotation_deg=-15.466573
[INFO] [1784986239.844735376] [waypoint_follower]: init nearest_index=0, distance_to_start=0.000
[INFO] [1784986240.826980098] [waypoint_follower]: FOLLOWER_ODOM_READY callbacks=20 age_ms=422.750 source_gap_ms=198.868
[INFO] [1784986248.672347062] [waypoint_follower]: FOLLOWER_MOTION_INTERLOCK_RELEASED file=/home/unitree/go2_fastlio_ws/patrol_logs/runs/20260725/xunjian-20260725-17/.motion_enabled receive_age_ms=71.185 stamp_age_ms=418.611
[WARN] [1784986248.674285120] [waypoint_follower]: stuck recovery: nearest_index 0 -> 0
[INFO] [1784986248.675453964] [waypoint_follower]: nearest=0, target=2, dist=0.88, alpha=0.09, vx=0.50, yaw_rate=0.08, dir=1
[INFO] [1784986249.724238374] [waypoint_follower]: nearest=1, target=3, dist=0.99, alpha=0.02, vx=0.50, yaw_rate=0.02, dir=1
[INFO] [1784986250.723118767] [waypoint_follower]: nearest=2, target=4, dist=0.96, alpha=-0.01, vx=0.50, yaw_rate=-0.01, dir=1
[INFO] [1784986251.774628979] [waypoint_follower]: nearest=3, target=5, dist=0.92, alpha=-0.07, vx=0.50, yaw_rate=-0.06, dir=1
[INFO] [1784986252.822606531] [waypoint_follower]: nearest=4, target=6, dist=0.81, alpha=0.01, vx=0.50, yaw_rate=0.01, dir=1
[INFO] [1784986253.823356646] [waypoint_follower]: nearest=5, target=7, dist=0.85, alpha=-0.02, vx=0.50, yaw_rate=-0.02, dir=1
[INFO] [1784986254.873272740] [waypoint_follower]: nearest=6, target=8, dist=0.79, alpha=0.01, vx=0.50, yaw_rate=0.01, dir=1
[INFO] [1784986255.873401105] [waypoint_follower]: nearest=7, target=9, dist=0.83, alpha=-0.01, vx=0.50, yaw_rate=-0.01, dir=1
[INFO] [1784986256.927857821] [waypoint_follower]: nearest=8, target=10, dist=0.75, alpha=-0.05, vx=0.50, yaw_rate=-0.05, dir=1
[INFO] [1784986257.972904118] [waypoint_follower]: nearest=10, target=12, dist=1.12, alpha=-0.06, vx=0.50, yaw_rate=-0.06, dir=1
[INFO] [1784986258.973945912] [waypoint_follower]: nearest=11, target=13, dist=1.06, alpha=-0.09, vx=0.50, yaw_rate=-0.08, dir=1
[INFO] [1784986260.022664384] [waypoint_follower]: nearest=12, target=14, dist=0.99, alpha=-0.06, vx=0.50, yaw_rate=-0.05, dir=1
[INFO] [1784986261.072625641] [waypoint_follower]: nearest=13, target=15, dist=0.95, alpha=-0.04, vx=0.50, yaw_rate=-0.04, dir=1
[INFO] [1784986262.075957045] [waypoint_follower]: nearest=14, target=16, dist=0.92, alpha=-0.04, vx=0.50, yaw_rate=-0.03, dir=1
[INFO] [1784986263.123122583] [waypoint_follower]: nearest=15, target=17, dist=0.91, alpha=0.02, vx=0.50, yaw_rate=0.01, dir=1
[INFO] [1784986264.123438000] [waypoint_follower]: nearest=16, target=18, dist=0.88, alpha=0.01, vx=0.50, yaw_rate=0.00, dir=1
[INFO] [1784986265.123637398] [waypoint_follower]: nearest=17, target=19, dist=0.84, alpha=-0.01, vx=0.50, yaw_rate=-0.01, dir=1
[INFO] [1784986266.172963965] [waypoint_follower]: nearest=18, target=20, dist=0.77, alpha=-0.02, vx=0.50, yaw_rate=-0.02, dir=1
[INFO] [1784986267.172978780] [waypoint_follower]: nearest=19, target=21, dist=0.76, alpha=-0.01, vx=0.50, yaw_rate=-0.01, dir=1
[INFO] [1784986268.223030881] [waypoint_follower]: nearest=20, target=22, dist=0.74, alpha=0.01, vx=0.50, yaw_rate=0.01, dir=1
[INFO] [1784986269.273797267] [waypoint_follower]: nearest=22, target=24, dist=1.11, alpha=0.01, vx=0.50, yaw_rate=0.01, dir=1
[INFO] [1784986270.273194699] [waypoint_follower]: nearest=23, target=25, dist=1.12, alpha=-0.02, vx=0.50, yaw_rate=-0.02, dir=1
[INFO] [1784986271.273128073] [waypoint_follower]: nearest=24, target=26, dist=1.10, alpha=0.01, vx=0.50, yaw_rate=0.01, dir=1
[INFO] [1784986272.273251805] [waypoint_follower]: nearest=25, target=27, dist=1.05, alpha=0.03, vx=0.50, yaw_rate=0.03, dir=1
[INFO] [1784986273.322624029] [waypoint_follower]: nearest=26, target=28, dist=1.06, alpha=0.03, vx=0.50, yaw_rate=0.03, dir=1
[INFO] [1784986274.372936306] [waypoint_follower]: nearest=27, target=29, dist=1.07, alpha=-0.00, vx=0.50, yaw_rate=-0.00, dir=1
[INFO] [1784986275.422794791] [waypoint_follower]: nearest=28, target=30, dist=0.96, alpha=-0.02, vx=0.50, yaw_rate=-0.01, dir=1
[INFO] [1784986276.472807507] [waypoint_follower]: nearest=29, target=31, dist=0.95, alpha=0.05, vx=0.50, yaw_rate=0.04, dir=1
[INFO] [1784986277.522931477] [waypoint_follower]: nearest=30, target=32, dist=0.91, alpha=-0.00, vx=0.50, yaw_rate=-0.00, dir=1
[INFO] [1784986278.523188400] [waypoint_follower]: nearest=31, target=33, dist=0.87, alpha=-0.09, vx=0.50, yaw_rate=-0.08, dir=1
[INFO] [1784986279.573528668] [waypoint_follower]: nearest=32, target=34, dist=0.83, alpha=-0.02, vx=0.50, yaw_rate=-0.02, dir=1
[INFO] [1784986280.572951575] [waypoint_follower]: nearest=33, target=35, dist=0.86, alpha=-0.01, vx=0.50, yaw_rate=-0.01, dir=1
[INFO] [1784986281.572822260] [waypoint_follower]: nearest=34, target=36, dist=0.85, alpha=0.00, vx=0.50, yaw_rate=0.00, dir=1
[INFO] [1784986282.623324727] [waypoint_follower]: nearest=35, target=37, dist=0.75, alpha=-0.02, vx=0.50, yaw_rate=-0.02, dir=1
[INFO] [1784986283.622746594] [waypoint_follower]: nearest=36, target=38, dist=0.85, alpha=-0.01, vx=0.50, yaw_rate=-0.01, dir=1
[INFO] [1784986284.625956142] [waypoint_follower]: nearest=38, target=40, dist=1.03, alpha=-0.00, vx=0.50, yaw_rate=-0.00, dir=1
[INFO] [1784986285.625860074] [waypoint_follower]: nearest=39, target=41, dist=1.02, alpha=-0.05, vx=0.50, yaw_rate=-0.05, dir=1
[INFO] [1784986286.677382454] [waypoint_follower]: nearest=40, target=42, dist=0.94, alpha=-0.02, vx=0.50, yaw_rate=-0.02, dir=1
[INFO] [1784986287.724889529] [waypoint_follower]: nearest=41, target=43, dist=0.90, alpha=-0.03, vx=0.50, yaw_rate=-0.03, dir=1
[INFO] [1784986288.774456604] [waypoint_follower]: nearest=42, target=44, dist=0.89, alpha=-0.03, vx=0.50, yaw_rate=-0.03, dir=1
[INFO] [1784986289.772577267] [waypoint_follower]: nearest=43, target=45, dist=0.83, alpha=-0.01, vx=0.50, yaw_rate=-0.01, dir=1
[INFO] [1784986290.773178169] [waypoint_follower]: nearest=44, target=46, dist=0.86, alpha=0.00, vx=0.50, yaw_rate=0.00, dir=1
[INFO] [1784986291.773751533] [waypoint_follower]: nearest=45, target=47, dist=1.02, alpha=-0.03, vx=0.50, yaw_rate=-0.03, dir=1
[INFO] [1784986292.773717657] [waypoint_follower]: nearest=46, target=48, dist=0.94, alpha=-0.03, vx=0.50, yaw_rate=-0.03, dir=1
[INFO] [1784986293.822753272] [waypoint_follower]: nearest=47, target=49, dist=0.91, alpha=-0.04, vx=0.50, yaw_rate=-0.03, dir=1
[INFO] [1784986294.823236663] [waypoint_follower]: nearest=48, target=50, dist=0.85, alpha=0.01, vx=0.50, yaw_rate=0.00, dir=1
[INFO] [1784986295.873389058] [waypoint_follower]: nearest=49, target=51, dist=0.84, alpha=-0.03, vx=0.50, yaw_rate=-0.02, dir=1
[INFO] [1784986296.922752575] [waypoint_follower]: nearest=50, target=52, dist=0.72, alpha=-0.01, vx=0.50, yaw_rate=-0.01, dir=1
[INFO] [1784986297.922903263] [waypoint_follower]: nearest=51, target=53, dist=0.69, alpha=-0.03, vx=0.50, yaw_rate=-0.03, dir=1
[INFO] [1784986298.923078832] [waypoint_follower]: nearest=52, target=54, dist=0.70, alpha=-0.02, vx=0.50, yaw_rate=-0.02, dir=1
[INFO] [1784986299.972690663] [waypoint_follower]: nearest=54, target=56, dist=1.15, alpha=-0.04, vx=0.50, yaw_rate=-0.04, dir=1
[INFO] [1784986300.973691126] [waypoint_follower]: nearest=55, target=57, dist=1.10, alpha=0.06, vx=0.50, yaw_rate=0.06, dir=1
[INFO] [1784986302.022734327] [waypoint_follower]: nearest=56, target=58, dist=1.09, alpha=-0.04, vx=0.50, yaw_rate=-0.03, dir=1
[INFO] [1784986303.023009097] [waypoint_follower]: nearest=57, target=59, dist=1.06, alpha=0.03, vx=0.50, yaw_rate=0.03, dir=1
[INFO] [1784986304.076161033] [waypoint_follower]: nearest=58, target=60, dist=1.11, alpha=-0.02, vx=0.50, yaw_rate=-0.02, dir=1
[INFO] [1784986305.074729367] [waypoint_follower]: nearest=59, target=61, dist=1.07, alpha=-0.01, vx=0.50, yaw_rate=-0.01, dir=1
[INFO] [1784986306.122667534] [waypoint_follower]: nearest=60, target=62, dist=1.02, alpha=-0.00, vx=0.50, yaw_rate=-0.00, dir=1
[INFO] [1784986307.122756853] [waypoint_follower]: nearest=61, target=63, dist=0.96, alpha=-0.06, vx=0.50, yaw_rate=-0.05, dir=1
[INFO] [1784986308.172756027] [waypoint_follower]: nearest=62, target=64, dist=0.91, alpha=-0.03, vx=0.50, yaw_rate=-0.03, dir=1
[INFO] [1784986309.184401217] [waypoint_follower]: nearest=63, target=65, dist=0.97, alpha=-0.04, vx=0.50, yaw_rate=-0.04, dir=1
[INFO] [1784986310.223576323] [waypoint_follower]: nearest=64, target=66, dist=0.93, alpha=-0.08, vx=0.50, yaw_rate=-0.08, dir=1
[INFO] [1784986311.275195224] [waypoint_follower]: nearest=65, target=67, dist=0.87, alpha=0.03, vx=0.50, yaw_rate=0.03, dir=1
[INFO] [1784986312.322542678] [waypoint_follower]: nearest=66, target=68, dist=0.82, alpha=0.01, vx=0.50, yaw_rate=0.01, dir=1
[INFO] [1784986313.375240949] [waypoint_follower]: nearest=67, target=69, dist=0.83, alpha=-0.03, vx=0.50, yaw_rate=-0.02, dir=1
[INFO] [1784986314.422935394] [waypoint_follower]: nearest=68, target=70, dist=0.75, alpha=0.03, vx=0.50, yaw_rate=0.03, dir=1
[INFO] [1784986315.472650636] [waypoint_follower]: nearest=69, target=71, dist=0.80, alpha=-0.07, vx=0.50, yaw_rate=-0.06, dir=1
[INFO] [1784986316.472796415] [waypoint_follower]: nearest=71, target=73, dist=1.13, alpha=0.01, vx=0.50, yaw_rate=0.01, dir=1
[INFO] [1784986317.473564632] [waypoint_follower]: nearest=72, target=74, dist=1.10, alpha=0.00, vx=0.50, yaw_rate=0.00, dir=1
[INFO] [1784986318.524271704] [waypoint_follower]: nearest=73, target=75, dist=1.05, alpha=-0.03, vx=0.50, yaw_rate=-0.02, dir=1
[INFO] [1784986319.572646349] [waypoint_follower]: nearest=74, target=76, dist=1.03, alpha=-0.03, vx=0.50, yaw_rate=-0.02, dir=1
[INFO] [1784986320.622548173] [waypoint_follower]: nearest=75, target=77, dist=0.95, alpha=-0.01, vx=0.50, yaw_rate=-0.01, dir=1
[INFO] [1784986321.623102618] [waypoint_follower]: nearest=76, target=78, dist=1.03, alpha=0.02, vx=0.50, yaw_rate=0.02, dir=1
[INFO] [1784986322.624043396] [waypoint_follower]: nearest=77, target=79, dist=0.97, alpha=-0.04, vx=0.50, yaw_rate=-0.03, dir=1
[INFO] [1784986323.672706498] [waypoint_follower]: nearest=78, target=80, dist=0.93, alpha=0.00, vx=0.50, yaw_rate=0.00, dir=1
[INFO] [1784986324.673254490] [waypoint_follower]: nearest=79, target=81, dist=0.95, alpha=-0.04, vx=0.50, yaw_rate=-0.04, dir=1
[INFO] [1784986325.673898916] [waypoint_follower]: nearest=80, target=82, dist=0.88, alpha=0.00, vx=0.50, yaw_rate=0.00, dir=1
[INFO] [1784986326.722690837] [waypoint_follower]: nearest=81, target=83, dist=0.88, alpha=0.07, vx=0.50, yaw_rate=0.06, dir=1
[INFO] [1784986327.772779239] [waypoint_follower]: nearest=82, target=84, dist=0.80, alpha=-0.06, vx=0.50, yaw_rate=-0.06, dir=1
[INFO] [1784986328.773802764] [waypoint_follower]: nearest=83, target=85, dist=0.83, alpha=-0.04, vx=0.50, yaw_rate=-0.03, dir=1
[INFO] [1784986329.822927864] [waypoint_follower]: nearest=85, target=87, dist=1.17, alpha=0.03, vx=0.50, yaw_rate=0.03, dir=1
[INFO] [1784986330.822683656] [waypoint_follower]: nearest=85, target=87, dist=0.78, alpha=-0.03, vx=0.50, yaw_rate=-0.03, dir=1
[INFO] [1784986331.872750231] [waypoint_follower]: nearest=86, target=88, dist=0.69, alpha=0.00, vx=0.50, yaw_rate=0.00, dir=1
[INFO] [1784986332.872779055] [waypoint_follower]: nearest=88, target=90, dist=1.15, alpha=-0.00, vx=0.50, yaw_rate=-0.00, dir=1
[INFO] [1784986333.872930746] [waypoint_follower]: nearest=89, target=91, dist=1.14, alpha=-0.01, vx=0.50, yaw_rate=-0.01, dir=1
[INFO] [1784986334.873656649] [waypoint_follower]: nearest=90, target=92, dist=1.16, alpha=-0.00, vx=0.50, yaw_rate=-0.00, dir=1
[INFO] [1784986335.922641673] [waypoint_follower]: nearest=91, target=93, dist=1.11, alpha=-0.02, vx=0.50, yaw_rate=-0.02, dir=1
[INFO] [1784986336.922855393] [waypoint_follower]: nearest=92, target=94, dist=1.08, alpha=-0.01, vx=0.50, yaw_rate=-0.01, dir=1
[INFO] [1784986337.923883943] [waypoint_follower]: nearest=93, target=95, dist=1.07, alpha=-0.01, vx=0.50, yaw_rate=-0.00, dir=1
[INFO] [1784986338.973518060] [waypoint_follower]: nearest=94, target=96, dist=0.98, alpha=-0.01, vx=0.50, yaw_rate=-0.01, dir=1
[INFO] [1784986340.024564441] [waypoint_follower]: nearest=95, target=97, dist=0.97, alpha=0.07, vx=0.50, yaw_rate=0.06, dir=1
[INFO] [1784986341.073236920] [waypoint_follower]: nearest=96, target=98, dist=0.88, alpha=0.00, vx=0.50, yaw_rate=0.00, dir=1
[INFO] [1784986342.122619842] [waypoint_follower]: nearest=97, target=99, dist=0.89, alpha=-0.04, vx=0.50, yaw_rate=-0.03, dir=1
[INFO] [1784986343.172787290] [waypoint_follower]: nearest=98, target=100, dist=0.81, alpha=-0.02, vx=0.50, yaw_rate=-0.02, dir=1
[INFO] [1784986344.172801391] [waypoint_follower]: nearest=99, target=101, dist=0.76, alpha=-0.14, vx=0.50, yaw_rate=-0.12, dir=1
[INFO] [1784986345.222523379] [waypoint_follower]: nearest=100, target=102, dist=0.74, alpha=-0.07, vx=0.50, yaw_rate=-0.06, dir=1
[INFO] [1784986346.272683255] [waypoint_follower]: nearest=102, target=104, dist=1.15, alpha=0.05, vx=0.50, yaw_rate=0.04, dir=1
[INFO] [1784986347.272665461] [waypoint_follower]: nearest=103, target=105, dist=1.13, alpha=-0.02, vx=0.50, yaw_rate=-0.02, dir=1
[INFO] [1784986348.272663744] [waypoint_follower]: nearest=104, target=106, dist=1.10, alpha=-0.08, vx=0.50, yaw_rate=-0.07, dir=1
[INFO] [1784986349.272689595] [waypoint_follower]: nearest=105, target=107, dist=1.07, alpha=-0.02, vx=0.50, yaw_rate=-0.02, dir=1
[INFO] [1784986350.322618736] [waypoint_follower]: nearest=106, target=108, dist=1.04, alpha=0.04, vx=0.50, yaw_rate=0.04, dir=1
[INFO] [1784986351.322703657] [waypoint_follower]: nearest=107, target=109, dist=0.99, alpha=-0.00, vx=0.50, yaw_rate=-0.00, dir=1
[INFO] [1784986352.372609370] [waypoint_follower]: nearest=108, target=110, dist=1.02, alpha=-0.05, vx=0.50, yaw_rate=-0.04, dir=1
[INFO] [1784986353.372629484] [waypoint_follower]: nearest=109, target=111, dist=1.05, alpha=0.08, vx=0.50, yaw_rate=0.07, dir=1
[INFO] [1784986354.422975852] [waypoint_follower]: nearest=110, target=112, dist=1.02, alpha=0.01, vx=0.50, yaw_rate=0.01, dir=1
[INFO] [1784986355.472644640] [waypoint_follower]: nearest=111, target=113, dist=0.94, alpha=-0.05, vx=0.50, yaw_rate=-0.04, dir=1
[INFO] [1784986356.472943366] [waypoint_follower]: nearest=112, target=114, dist=1.00, alpha=-0.08, vx=0.50, yaw_rate=-0.07, dir=1
[INFO] [1784986357.526929249] [waypoint_follower]: nearest=113, target=115, dist=0.86, alpha=-0.00, vx=0.50, yaw_rate=-0.00, dir=1
[INFO] [1784986358.572682278] [waypoint_follower]: nearest=114, target=116, dist=0.85, alpha=0.00, vx=0.50, yaw_rate=0.00, dir=1
[INFO] [1784986359.573132380] [waypoint_follower]: nearest=115, target=117, dist=0.77, alpha=0.04, vx=0.50, yaw_rate=0.04, dir=1
[INFO] [1784986360.572770719] [waypoint_follower]: nearest=116, target=118, dist=0.77, alpha=0.02, vx=0.50, yaw_rate=0.02, dir=1
[INFO] [1784986361.622535245] [waypoint_follower]: nearest=118, target=120, dist=1.18, alpha=-0.08, vx=0.50, yaw_rate=-0.07, dir=1
[INFO] [1784986362.622546746] [waypoint_follower]: nearest=119, target=121, dist=1.19, alpha=-0.02, vx=0.50, yaw_rate=-0.02, dir=1
[INFO] [1784986363.623809958] [waypoint_follower]: nearest=120, target=122, dist=1.14, alpha=0.08, vx=0.50, yaw_rate=0.07, dir=1
[INFO] [1784986364.674167702] [waypoint_follower]: nearest=121, target=123, dist=1.06, alpha=-0.02, vx=0.50, yaw_rate=-0.02, dir=1
[INFO] [1784986365.674328369] [waypoint_follower]: nearest=122, target=124, dist=1.11, alpha=-0.17, vx=0.50, yaw_rate=-0.15, dir=1
[INFO] [1784986366.723201698] [waypoint_follower]: nearest=123, target=125, dist=1.06, alpha=-0.21, vx=0.50, yaw_rate=-0.19, dir=1
[INFO] [1784986367.773024263] [waypoint_follower]: nearest=124, target=126, dist=1.05, alpha=-0.14, vx=0.50, yaw_rate=-0.13, dir=1
[INFO] [1784986368.822586737] [waypoint_follower]: nearest=125, target=127, dist=1.00, alpha=-0.06, vx=0.50, yaw_rate=-0.05, dir=1
[INFO] [1784986369.824407300] [waypoint_follower]: nearest=126, target=128, dist=0.98, alpha=0.00, vx=0.50, yaw_rate=0.00, dir=1
[INFO] [1784986370.875461765] [waypoint_follower]: nearest=127, target=129, dist=0.88, alpha=-0.06, vx=0.50, yaw_rate=-0.05, dir=1
[INFO] [1784986371.873521566] [waypoint_follower]: nearest=128, target=130, dist=0.88, alpha=-0.13, vx=0.50, yaw_rate=-0.12, dir=1
[INFO] [1784986372.922613356] [waypoint_follower]: nearest=129, target=131, dist=0.80, alpha=-0.10, vx=0.50, yaw_rate=-0.09, dir=1
[INFO] [1784986373.972577292] [waypoint_follower]: nearest=130, target=132, dist=0.75, alpha=-0.05, vx=0.50, yaw_rate=-0.04, dir=1
[INFO] [1784986374.973406107] [waypoint_follower]: nearest=131, target=133, dist=0.77, alpha=-0.10, vx=0.50, yaw_rate=-0.09, dir=1
[INFO] [1784986376.022941157] [waypoint_follower]: nearest=133, target=135, dist=1.16, alpha=-0.06, vx=0.50, yaw_rate=-0.05, dir=1
[INFO] [1784986377.023256891] [waypoint_follower]: nearest=134, target=136, dist=1.18, alpha=-0.12, vx=0.50, yaw_rate=-0.11, dir=1
[INFO] [1784986378.072737535] [waypoint_follower]: nearest=135, target=137, dist=1.19, alpha=-0.10, vx=0.50, yaw_rate=-0.09, dir=1
[INFO] [1784986379.073067311] [waypoint_follower]: nearest=136, target=138, dist=1.20, alpha=-0.11, vx=0.50, yaw_rate=-0.10, dir=1
[INFO] [1784986380.072718353] [waypoint_follower]: nearest=136, target=138, dist=0.73, alpha=-0.06, vx=0.50, yaw_rate=-0.06, dir=1
[INFO] [1784986381.072739471] [waypoint_follower]: nearest=137, target=139, dist=0.72, alpha=-0.03, vx=0.50, yaw_rate=-0.03, dir=1
[INFO] [1784986382.122776448] [waypoint_follower]: nearest=139, target=141, dist=1.14, alpha=0.01, vx=0.50, yaw_rate=0.01, dir=1
[INFO] [1784986383.122889915] [waypoint_follower]: nearest=140, target=142, dist=1.14, alpha=0.02, vx=0.50, yaw_rate=0.02, dir=1
[INFO] [1784986384.173168657] [waypoint_follower]: nearest=141, target=143, dist=1.02, alpha=0.03, vx=0.50, yaw_rate=0.03, dir=1
[INFO] [1784986385.223017284] [waypoint_follower]: nearest=142, target=144, dist=1.04, alpha=-0.02, vx=0.50, yaw_rate=-0.01, dir=1
[INFO] [1784986386.273413178] [waypoint_follower]: nearest=143, target=145, dist=1.07, alpha=-0.06, vx=0.50, yaw_rate=-0.05, dir=1
[INFO] [1784986387.322588174] [waypoint_follower]: nearest=144, target=146, dist=0.97, alpha=-0.12, vx=0.50, yaw_rate=-0.11, dir=1
[INFO] [1784986388.322917172] [waypoint_follower]: nearest=145, target=147, dist=0.96, alpha=-0.15, vx=0.50, yaw_rate=-0.13, dir=1
[INFO] [1784986389.322899832] [waypoint_follower]: nearest=146, target=148, dist=0.91, alpha=-0.21, vx=0.50, yaw_rate=-0.19, dir=1
[INFO] [1784986390.374804929] [waypoint_follower]: nearest=147, target=149, dist=0.90, alpha=-0.15, vx=0.50, yaw_rate=-0.13, dir=1
[INFO] [1784986391.422819037] [waypoint_follower]: nearest=148, target=150, dist=0.78, alpha=-0.12, vx=0.50, yaw_rate=-0.11, dir=1
[INFO] [1784986392.423363743] [waypoint_follower]: nearest=149, target=151, dist=0.82, alpha=-0.07, vx=0.50, yaw_rate=-0.07, dir=1
[INFO] [1784986393.424087252] [waypoint_follower]: nearest=150, target=152, dist=0.77, alpha=-0.09, vx=0.50, yaw_rate=-0.08, dir=1
[INFO] [1784986394.472839733] [waypoint_follower]: nearest=151, target=153, dist=0.84, alpha=-0.05, vx=0.50, yaw_rate=-0.04, dir=1
[INFO] [1784986395.522428229] [waypoint_follower]: nearest=153, target=155, dist=1.14, alpha=0.02, vx=0.50, yaw_rate=0.02, dir=1
[INFO] [1784986396.522801203] [waypoint_follower]: nearest=153, target=155, dist=0.69, alpha=-0.01, vx=0.50, yaw_rate=-0.01, dir=1
[INFO] [1784986397.572503554] [waypoint_follower]: nearest=154, target=156, dist=0.69, alpha=-0.08, vx=0.50, yaw_rate=-0.07, dir=1
[INFO] [1784986398.574186398] [waypoint_follower]: nearest=156, target=158, dist=1.07, alpha=-0.02, vx=0.50, yaw_rate=-0.02, dir=1
[INFO] [1784986399.623117832] [waypoint_follower]: nearest=156, target=158, dist=0.80, alpha=-0.04, vx=0.50, yaw_rate=-0.04, dir=1
[INFO] [1784986400.672672346] [waypoint_follower]: nearest=158, target=160, dist=0.96, alpha=0.03, vx=0.50, yaw_rate=0.03, dir=1
[INFO] [1784986401.673460856] [waypoint_follower]: nearest=159, target=161, dist=0.97, alpha=-0.02, vx=0.50, yaw_rate=-0.02, dir=1
[INFO] [1784986402.722563089] [waypoint_follower]: nearest=160, target=162, dist=0.91, alpha=-0.15, vx=0.50, yaw_rate=-0.13, dir=1
[INFO] [1784986403.772725315] [waypoint_follower]: nearest=161, target=163, dist=0.79, alpha=-0.09, vx=0.50, yaw_rate=-0.08, dir=1
[INFO] [1784986404.822639320] [waypoint_follower]: nearest=162, target=164, dist=0.81, alpha=-0.05, vx=0.50, yaw_rate=-0.04, dir=1
[INFO] [1784986405.822884691] [waypoint_follower]: nearest=163, target=165, dist=0.78, alpha=-0.03, vx=0.50, yaw_rate=-0.03, dir=1
[INFO] [1784986406.822807021] [waypoint_follower]: nearest=164, target=166, dist=0.71, alpha=0.03, vx=0.50, yaw_rate=0.02, dir=1
[INFO] [1784986407.822809047] [waypoint_follower]: nearest=166, target=168, dist=1.16, alpha=-0.00, vx=0.50, yaw_rate=-0.00, dir=1
[INFO] [1784986408.823260895] [waypoint_follower]: nearest=166, target=168, dist=0.76, alpha=-0.01, vx=0.50, yaw_rate=-0.01, dir=1
[INFO] [1784986409.824466898] [waypoint_follower]: nearest=167, target=169, dist=0.75, alpha=-0.03, vx=0.50, yaw_rate=-0.02, dir=1
[INFO] [1784986410.874080648] [waypoint_follower]: nearest=169, target=171, dist=1.07, alpha=0.00, vx=0.50, yaw_rate=0.00, dir=1
[INFO] [1784986411.922704483] [waypoint_follower]: nearest=170, target=172, dist=0.95, alpha=0.01, vx=0.50, yaw_rate=0.01, dir=1
[INFO] [1784986412.922792718] [waypoint_follower]: nearest=171, target=173, dist=0.99, alpha=-0.02, vx=0.50, yaw_rate=-0.02, dir=1
[INFO] [1784986413.923397049] [waypoint_follower]: nearest=172, target=174, dist=0.90, alpha=-0.04, vx=0.50, yaw_rate=-0.03, dir=1
[INFO] [1784986414.972899006] [waypoint_follower]: nearest=173, target=175, dist=0.79, alpha=0.01, vx=0.50, yaw_rate=0.01, dir=1
[INFO] [1784986415.973555748] [waypoint_follower]: nearest=174, target=176, dist=0.82, alpha=0.02, vx=0.50, yaw_rate=0.02, dir=1
[INFO] [1784986417.022685460] [waypoint_follower]: nearest=175, target=177, dist=0.67, alpha=0.03, vx=0.50, yaw_rate=0.03, dir=1
[INFO] [1784986418.023083081] [waypoint_follower]: nearest=176, target=178, dist=0.68, alpha=-0.06, vx=0.50, yaw_rate=-0.06, dir=1
[INFO] [1784986419.023182557] [waypoint_follower]: nearest=178, target=180, dist=1.11, alpha=0.00, vx=0.50, yaw_rate=0.00, dir=1
[INFO] [1784986420.072584926] [waypoint_follower]: nearest=179, target=181, dist=1.04, alpha=0.01, vx=0.50, yaw_rate=0.01, dir=1
[INFO] [1784986421.072884722] [waypoint_follower]: nearest=180, target=182, dist=0.93, alpha=0.00, vx=0.50, yaw_rate=0.00, dir=1
[INFO] [1784986422.128385123] [waypoint_follower]: nearest=181, target=183, dist=0.90, alpha=-0.01, vx=0.50, yaw_rate=-0.01, dir=1
[INFO] [1784986423.172602937] [waypoint_follower]: nearest=182, target=184, dist=0.83, alpha=-0.02, vx=0.50, yaw_rate=-0.02, dir=1
[INFO] [1784986424.173253824] [waypoint_follower]: nearest=183, target=185, dist=0.79, alpha=-0.02, vx=0.50, yaw_rate=-0.01, dir=1
[INFO] [1784986425.223882451] [waypoint_follower]: nearest=184, target=186, dist=0.72, alpha=-0.02, vx=0.50, yaw_rate=-0.02, dir=1
[INFO] [1784986426.222918417] [waypoint_follower]: nearest=185, target=187, dist=0.69, alpha=-0.03, vx=0.50, yaw_rate=-0.03, dir=1
[INFO] [1784986427.272738972] [waypoint_follower]: nearest=186, target=188, dist=0.69, alpha=0.01, vx=0.50, yaw_rate=0.01, dir=1
[INFO] [1784986428.322806909] [waypoint_follower]: nearest=188, target=190, dist=0.93, alpha=-0.10, vx=0.50, yaw_rate=-0.09, dir=1
[INFO] [1784986429.322793798] [waypoint_follower]: nearest=189, target=191, dist=0.97, alpha=-0.08, vx=0.50, yaw_rate=-0.07, dir=1
[INFO] [1784986430.372562548] [waypoint_follower]: nearest=190, target=192, dist=0.92, alpha=-0.00, vx=0.50, yaw_rate=-0.00, dir=1
[INFO] [1784986431.372649369] [waypoint_follower]: nearest=191, target=193, dist=0.84, alpha=0.00, vx=0.50, yaw_rate=0.00, dir=1
[INFO] [1784986432.422732877] [waypoint_follower]: nearest=192, target=194, dist=0.72, alpha=-0.03, vx=0.50, yaw_rate=-0.03, dir=1
[INFO] [1784986433.423004912] [waypoint_follower]: nearest=193, target=195, dist=0.70, alpha=-0.01, vx=0.50, yaw_rate=-0.01, dir=1
[INFO] [1784986434.473554288] [waypoint_follower]: nearest=195, target=197, dist=1.09, alpha=0.00, vx=0.50, yaw_rate=0.00, dir=1
[INFO] [1784986435.472936327] [waypoint_follower]: nearest=196, target=198, dist=1.04, alpha=0.05, vx=0.50, yaw_rate=0.04, dir=1
[INFO] [1784986436.522679295] [waypoint_follower]: nearest=197, target=199, dist=1.00, alpha=-0.03, vx=0.50, yaw_rate=-0.03, dir=1
[INFO] [1784986437.572649549] [waypoint_follower]: nearest=198, target=200, dist=0.92, alpha=-0.08, vx=0.50, yaw_rate=-0.07, dir=1
[INFO] [1784986438.622593318] [waypoint_follower]: nearest=199, target=201, dist=0.86, alpha=0.01, vx=0.50, yaw_rate=0.01, dir=1
[INFO] [1784986439.622890930] [waypoint_follower]: nearest=200, target=202, dist=0.79, alpha=-0.00, vx=0.50, yaw_rate=-0.00, dir=1
[INFO] [1784986440.623073284] [waypoint_follower]: nearest=201, target=203, dist=0.81, alpha=0.02, vx=0.50, yaw_rate=0.02, dir=1
[INFO] [1784986441.672674612] [waypoint_follower]: nearest=202, target=204, dist=0.71, alpha=-0.07, vx=0.50, yaw_rate=-0.07, dir=1
[INFO] [1784986442.673046694] [waypoint_follower]: nearest=203, target=205, dist=0.66, alpha=-0.00, vx=0.50, yaw_rate=-0.00, dir=1
[INFO] [1784986443.722984699] [waypoint_follower]: nearest=205, target=207, dist=1.05, alpha=0.03, vx=0.50, yaw_rate=0.02, dir=1
[INFO] [1784986444.773051683] [waypoint_follower]: nearest=206, target=208, dist=1.03, alpha=0.01, vx=0.50, yaw_rate=0.01, dir=1
[INFO] [1784986445.823012882] [waypoint_follower]: nearest=207, target=209, dist=0.91, alpha=-0.04, vx=0.50, yaw_rate=-0.04, dir=1
[INFO] [1784986446.876171536] [waypoint_follower]: nearest=208, target=210, dist=0.81, alpha=0.03, vx=0.50, yaw_rate=0.03, dir=1
[INFO] [1784986447.922623657] [waypoint_follower]: nearest=209, target=211, dist=0.83, alpha=-0.03, vx=0.50, yaw_rate=-0.02, dir=1
[INFO] [1784986448.922852315] [waypoint_follower]: nearest=210, target=212, dist=0.77, alpha=-0.06, vx=0.50, yaw_rate=-0.06, dir=1
[INFO] [1784986449.972922848] [waypoint_follower]: nearest=211, target=213, dist=0.63, alpha=-0.09, vx=0.50, yaw_rate=-0.08, dir=1
[INFO] [1784986450.972724952] [waypoint_follower]: nearest=213, target=215, dist=1.06, alpha=0.01, vx=0.50, yaw_rate=0.01, dir=1
[INFO] [1784986451.973079953] [waypoint_follower]: nearest=214, target=216, dist=1.05, alpha=0.03, vx=0.50, yaw_rate=0.03, dir=1
[INFO] [1784986453.022931697] [waypoint_follower]: nearest=215, target=217, dist=0.94, alpha=-0.04, vx=0.50, yaw_rate=-0.03, dir=1
[INFO] [1784986454.031830300] [waypoint_follower]: nearest=216, target=218, dist=0.98, alpha=-0.01, vx=0.50, yaw_rate=-0.01, dir=1
[INFO] [1784986455.073116664] [waypoint_follower]: nearest=217, target=219, dist=0.85, alpha=-0.00, vx=0.50, yaw_rate=-0.00, dir=1
[INFO] [1784986456.122856279] [waypoint_follower]: nearest=218, target=220, dist=0.81, alpha=-0.03, vx=0.50, yaw_rate=-0.03, dir=1
[INFO] [1784986457.123224010] [waypoint_follower]: nearest=219, target=221, dist=0.71, alpha=-0.01, vx=0.50, yaw_rate=-0.01, dir=1
[INFO] [1784986458.172442028] [waypoint_follower]: nearest=220, target=222, dist=0.69, alpha=-0.02, vx=0.50, yaw_rate=-0.02, dir=1
[INFO] [1784986459.173686265] [waypoint_follower]: nearest=221, target=223, dist=0.71, alpha=-0.00, vx=0.50, yaw_rate=-0.00, dir=1
[INFO] [1784986460.222684937] [waypoint_follower]: nearest=223, target=225, dist=1.05, alpha=-0.01, vx=0.50, yaw_rate=-0.01, dir=1
[INFO] [1784986461.225464235] [waypoint_follower]: nearest=224, target=226, dist=1.01, alpha=0.02, vx=0.50, yaw_rate=0.02, dir=1
[INFO] [1784986462.224334361] [waypoint_follower]: nearest=225, target=227, dist=0.95, alpha=-0.01, vx=0.50, yaw_rate=-0.01, dir=1
[INFO] [1784986463.272558957] [waypoint_follower]: nearest=226, target=228, dist=0.88, alpha=0.02, vx=0.50, yaw_rate=0.01, dir=1
[INFO] [1784986464.322610167] [waypoint_follower]: nearest=227, target=229, dist=0.82, alpha=0.01, vx=0.50, yaw_rate=0.00, dir=1
[INFO] [1784986465.322606740] [waypoint_follower]: nearest=228, target=230, dist=0.90, alpha=-0.03, vx=0.50, yaw_rate=-0.03, dir=1
[INFO] [1784986466.326548445] [waypoint_follower]: nearest=229, target=231, dist=0.79, alpha=0.01, vx=0.50, yaw_rate=0.01, dir=1
[INFO] [1784986467.372525700] [waypoint_follower]: nearest=230, target=232, dist=0.72, alpha=-0.04, vx=0.50, yaw_rate=-0.03, dir=1
[INFO] [1784986468.372720490] [waypoint_follower]: nearest=231, target=233, dist=0.74, alpha=-0.01, vx=0.50, yaw_rate=-0.01, dir=1
[INFO] [1784986469.422589351] [waypoint_follower]: nearest=233, target=235, dist=1.02, alpha=-0.01, vx=0.50, yaw_rate=-0.01, dir=1
[INFO] [1784986470.473326034] [waypoint_follower]: nearest=234, target=236, dist=1.06, alpha=0.01, vx=0.50, yaw_rate=0.01, dir=1
[INFO] [1784986471.522741940] [waypoint_follower]: nearest=235, target=237, dist=1.00, alpha=-0.01, vx=0.50, yaw_rate=-0.01, dir=1
[INFO] [1784986472.572564946] [waypoint_follower]: nearest=236, target=238, dist=0.95, alpha=0.01, vx=0.50, yaw_rate=0.01, dir=1
[INFO] [1784986473.572583945] [waypoint_follower]: nearest=237, target=239, dist=0.90, alpha=-0.01, vx=0.50, yaw_rate=-0.00, dir=1
[INFO] [1784986474.573189090] [waypoint_follower]: nearest=238, target=240, dist=1.01, alpha=-0.04, vx=0.50, yaw_rate=-0.04, dir=1
[INFO] [1784986475.623623291] [waypoint_follower]: nearest=239, target=241, dist=1.00, alpha=-0.03, vx=0.50, yaw_rate=-0.03, dir=1
[INFO] [1784986476.672660167] [waypoint_follower]: nearest=240, target=242, dist=0.87, alpha=0.01, vx=0.50, yaw_rate=0.01, dir=1
[INFO] [1784986477.672689386] [waypoint_follower]: nearest=241, target=243, dist=0.89, alpha=-0.05, vx=0.50, yaw_rate=-0.04, dir=1
[INFO] [1784986478.673673022] [waypoint_follower]: nearest=242, target=244, dist=0.84, alpha=0.01, vx=0.50, yaw_rate=0.01, dir=1
[INFO] [1784986479.726160953] [waypoint_follower]: nearest=243, target=245, dist=0.69, alpha=-0.06, vx=0.50, yaw_rate=-0.06, dir=1
[INFO] [1784986480.772957526] [waypoint_follower]: nearest=245, target=247, dist=1.14, alpha=-0.07, vx=0.50, yaw_rate=-0.07, dir=1
[INFO] [1784986481.772994276] [waypoint_follower]: nearest=246, target=248, dist=1.10, alpha=-0.03, vx=0.50, yaw_rate=-0.03, dir=1
[INFO] [1784986482.772922873] [waypoint_follower]: nearest=246, target=248, dist=0.67, alpha=-0.03, vx=0.50, yaw_rate=-0.03, dir=1
[INFO] [1784986483.822911642] [waypoint_follower]: nearest=248, target=250, dist=0.98, alpha=-0.02, vx=0.50, yaw_rate=-0.02, dir=1
[INFO] [1784986484.827057169] [waypoint_follower]: nearest=249, target=251, dist=0.95, alpha=0.00, vx=0.50, yaw_rate=0.00, dir=1
[INFO] [1784986485.872938721] [waypoint_follower]: nearest=249, target=251, dist=0.67, alpha=-0.03, vx=0.50, yaw_rate=-0.03, dir=1
[INFO] [1784986486.873006021] [waypoint_follower]: nearest=251, target=253, dist=0.93, alpha=-0.04, vx=0.50, yaw_rate=-0.03, dir=1
[INFO] [1784986487.872868908] [waypoint_follower]: nearest=252, target=254, dist=0.85, alpha=0.03, vx=0.50, yaw_rate=0.03, dir=1
[INFO] [1784986488.879348045] [waypoint_follower]: nearest=253, target=255, dist=0.78, alpha=0.01, vx=0.50, yaw_rate=0.01, dir=1
[INFO] [1784986489.923373532] [waypoint_follower]: nearest=254, target=256, dist=0.71, alpha=0.00, vx=0.50, yaw_rate=0.00, dir=1
[INFO] [1784986490.973110081] [waypoint_follower]: nearest=256, target=258, dist=1.11, alpha=-0.00, vx=0.50, yaw_rate=-0.00, dir=1
[INFO] [1784986492.022638825] [waypoint_follower]: nearest=257, target=259, dist=1.06, alpha=-0.02, vx=0.50, yaw_rate=-0.02, dir=1
[INFO] [1784986493.022997210] [waypoint_follower]: nearest=258, target=260, dist=0.98, alpha=-0.02, vx=0.50, yaw_rate=-0.01, dir=1
[INFO] [1784986494.076077642] [waypoint_follower]: nearest=259, target=261, dist=0.94, alpha=0.04, vx=0.50, yaw_rate=0.04, dir=1
[INFO] [1784986495.123406457] [waypoint_follower]: nearest=260, target=262, dist=0.95, alpha=0.01, vx=0.50, yaw_rate=0.01, dir=1
[INFO] [1784986496.123667493] [waypoint_follower]: nearest=261, target=263, dist=0.92, alpha=-0.05, vx=0.50, yaw_rate=-0.05, dir=1
[INFO] [1784986497.176600913] [waypoint_follower]: nearest=262, target=264, dist=0.83, alpha=-0.05, vx=0.50, yaw_rate=-0.05, dir=1
[INFO] [1784986498.222588746] [waypoint_follower]: nearest=263, target=265, dist=0.79, alpha=-0.03, vx=0.50, yaw_rate=-0.03, dir=1
[INFO] [1784986499.223013372] [waypoint_follower]: nearest=264, target=266, dist=0.71, alpha=0.05, vx=0.50, yaw_rate=0.04, dir=1
[INFO] [1784986500.222855233] [waypoint_follower]: nearest=266, target=268, dist=1.10, alpha=0.03, vx=0.50, yaw_rate=0.03, dir=1
[INFO] [1784986501.224318866] [waypoint_follower]: nearest=266, target=268, dist=0.67, alpha=0.00, vx=0.50, yaw_rate=0.00, dir=1
[INFO] [1784986502.272596500] [waypoint_follower]: nearest=268, target=270, dist=0.99, alpha=-0.08, vx=0.50, yaw_rate=-0.07, dir=1
[INFO] [1784986503.273411264] [waypoint_follower]: nearest=269, target=271, dist=0.93, alpha=-0.12, vx=0.50, yaw_rate=-0.11, dir=1
[INFO] [1784986504.323242711] [waypoint_follower]: nearest=270, target=272, dist=0.87, alpha=-0.01, vx=0.50, yaw_rate=-0.01, dir=1
[INFO] [1784986505.322850662] [waypoint_follower]: nearest=271, target=273, dist=0.89, alpha=-0.01, vx=0.50, yaw_rate=-0.01, dir=1
[INFO] [1784986506.373024513] [waypoint_follower]: nearest=272, target=274, dist=0.75, alpha=0.03, vx=0.50, yaw_rate=0.03, dir=1
[INFO] [1784986507.373038965] [waypoint_follower]: nearest=273, target=275, dist=0.78, alpha=-0.03, vx=0.50, yaw_rate=-0.03, dir=1
[INFO] [1784986508.372693443] [waypoint_follower]: nearest=274, target=276, dist=0.71, alpha=-0.04, vx=0.50, yaw_rate=-0.04, dir=1
[INFO] [1784986509.372851249] [waypoint_follower]: nearest=276, target=278, dist=1.10, alpha=-0.02, vx=0.50, yaw_rate=-0.02, dir=1
[INFO] [1784986510.373517149] [waypoint_follower]: nearest=277, target=279, dist=1.15, alpha=0.02, vx=0.50, yaw_rate=0.02, dir=1
[INFO] [1784986511.422568735] [waypoint_follower]: nearest=278, target=280, dist=1.15, alpha=0.03, vx=0.50, yaw_rate=0.03, dir=1
[INFO] [1784986512.423565389] [waypoint_follower]: nearest=279, target=281, dist=1.09, alpha=-0.01, vx=0.50, yaw_rate=-0.01, dir=1
[INFO] [1784986513.423733123] [waypoint_follower]: nearest=280, target=282, dist=1.00, alpha=-0.00, vx=0.50, yaw_rate=-0.00, dir=1
[INFO] [1784986514.473140723] [waypoint_follower]: nearest=281, target=283, dist=0.93, alpha=-0.04, vx=0.50, yaw_rate=-0.04, dir=1
[INFO] [1784986515.472947086] [waypoint_follower]: nearest=282, target=284, dist=0.91, alpha=-0.04, vx=0.50, yaw_rate=-0.04, dir=1
[INFO] [1784986516.522870953] [waypoint_follower]: nearest=283, target=285, dist=0.87, alpha=0.02, vx=0.50, yaw_rate=0.02, dir=1
[INFO] [1784986517.522993413] [waypoint_follower]: nearest=284, target=286, dist=0.91, alpha=-0.03, vx=0.50, yaw_rate=-0.03, dir=1
[INFO] [1784986518.572713580] [waypoint_follower]: nearest=285, target=287, dist=0.86, alpha=-0.00, vx=0.50, yaw_rate=-0.00, dir=1
[INFO] [1784986519.624091459] [waypoint_follower]: nearest=286, target=288, dist=0.83, alpha=0.00, vx=0.50, yaw_rate=0.00, dir=1
[INFO] [1784986520.673055456] [waypoint_follower]: nearest=287, target=289, dist=0.77, alpha=0.00, vx=0.50, yaw_rate=0.00, dir=1
[INFO] [1784986521.722656867] [waypoint_follower]: nearest=288, target=290, dist=0.66, alpha=-0.02, vx=0.50, yaw_rate=-0.01, dir=1
[INFO] [1784986522.772553052] [waypoint_follower]: nearest=290, target=292, dist=1.08, alpha=-0.05, vx=0.50, yaw_rate=-0.04, dir=1
[INFO] [1784986523.772757689] [waypoint_follower]: nearest=291, target=293, dist=0.98, alpha=-0.05, vx=0.50, yaw_rate=-0.04, dir=1
[INFO] [1784986524.822563011] [waypoint_follower]: nearest=292, target=294, dist=0.94, alpha=0.00, vx=0.50, yaw_rate=0.00, dir=1
[INFO] [1784986525.880242558] [waypoint_follower]: nearest=293, target=295, dist=0.93, alpha=0.04, vx=0.50, yaw_rate=0.03, dir=1
[INFO] [1784986526.923096478] [waypoint_follower]: nearest=294, target=296, dist=0.96, alpha=0.03, vx=0.50, yaw_rate=0.02, dir=1
[INFO] [1784986527.973135922] [waypoint_follower]: nearest=295, target=297, dist=0.82, alpha=-0.02, vx=0.50, yaw_rate=-0.02, dir=1
[INFO] [1784986528.972702630] [waypoint_follower]: nearest=296, target=298, dist=0.76, alpha=-0.06, vx=0.50, yaw_rate=-0.05, dir=1
[INFO] [1784986530.022847795] [waypoint_follower]: nearest=297, target=299, dist=0.76, alpha=-0.03, vx=0.50, yaw_rate=-0.03, dir=1
[INFO] [1784986531.022813643] [waypoint_follower]: nearest=298, target=300, dist=0.69, alpha=0.05, vx=0.50, yaw_rate=0.04, dir=1
[INFO] [1784986532.072869641] [waypoint_follower]: nearest=300, target=302, dist=1.09, alpha=-0.03, vx=0.50, yaw_rate=-0.03, dir=1
[INFO] [1784986533.073404813] [waypoint_follower]: nearest=301, target=303, dist=1.04, alpha=-0.01, vx=0.50, yaw_rate=-0.00, dir=1
[INFO] [1784986534.122826469] [waypoint_follower]: nearest=302, target=304, dist=1.03, alpha=-0.02, vx=0.50, yaw_rate=-0.01, dir=1
[INFO] [1784986535.122743010] [waypoint_follower]: nearest=303, target=305, dist=0.91, alpha=0.05, vx=0.50, yaw_rate=0.04, dir=1
[INFO] [1784986536.172812969] [waypoint_follower]: nearest=304, target=306, dist=0.82, alpha=-0.00, vx=0.50, yaw_rate=-0.00, dir=1
[INFO] [1784986537.222985023] [waypoint_follower]: nearest=305, target=307, dist=0.87, alpha=-0.03, vx=0.50, yaw_rate=-0.03, dir=1
[INFO] [1784986538.223932612] [waypoint_follower]: nearest=306, target=308, dist=0.76, alpha=-0.03, vx=0.50, yaw_rate=-0.02, dir=1
[INFO] [1784986539.276958725] [waypoint_follower]: nearest=307, target=309, dist=0.74, alpha=-0.02, vx=0.50, yaw_rate=-0.02, dir=1
[INFO] [1784986540.323795119] [waypoint_follower]: nearest=308, target=310, dist=0.66, alpha=-0.03, vx=0.50, yaw_rate=-0.03, dir=1
[INFO] [1784986541.323080364] [waypoint_follower]: nearest=310, target=312, dist=1.05, alpha=0.01, vx=0.50, yaw_rate=0.01, dir=1
[INFO] [1784986542.323523075] [waypoint_follower]: nearest=311, target=313, dist=1.06, alpha=-0.01, vx=0.50, yaw_rate=-0.01, dir=1
[INFO] [1784986543.372788944] [waypoint_follower]: nearest=312, target=314, dist=1.04, alpha=0.00, vx=0.50, yaw_rate=0.00, dir=1
[INFO] [1784986544.373135605] [waypoint_follower]: nearest=313, target=315, dist=0.91, alpha=-0.02, vx=0.50, yaw_rate=-0.01, dir=1
[INFO] [1784986545.422609087] [waypoint_follower]: nearest=314, target=316, dist=0.99, alpha=0.01, vx=0.50, yaw_rate=0.01, dir=1
[INFO] [1784986546.472667850] [waypoint_follower]: nearest=315, target=317, dist=0.94, alpha=-0.01, vx=0.50, yaw_rate=-0.01, dir=1
[INFO] [1784986547.472586075] [waypoint_follower]: nearest=316, target=318, dist=0.81, alpha=-0.01, vx=0.50, yaw_rate=-0.01, dir=1
[INFO] [1784986548.522601369] [waypoint_follower]: nearest=317, target=319, dist=0.75, alpha=-0.01, vx=0.50, yaw_rate=-0.01, dir=1
[INFO] [1784986549.524848925] [waypoint_follower]: nearest=318, target=320, dist=0.70, alpha=0.12, vx=0.50, yaw_rate=0.10, dir=1
[INFO] [1784986550.572877436] [waypoint_follower]: nearest=320, target=322, dist=1.12, alpha=0.15, vx=0.50, yaw_rate=0.13, dir=1
[INFO] [1784986551.573056413] [waypoint_follower]: nearest=320, target=322, dist=0.67, alpha=0.04, vx=0.50, yaw_rate=0.04, dir=1
[INFO] [1784986552.622518059] [waypoint_follower]: nearest=322, target=324, dist=1.07, alpha=0.10, vx=0.50, yaw_rate=0.09, dir=1
[INFO] [1784986553.622853990] [waypoint_follower]: nearest=323, target=325, dist=1.08, alpha=0.20, vx=0.50, yaw_rate=0.18, dir=1
[INFO] [1784986554.672545361] [waypoint_follower]: nearest=324, target=326, dist=1.08, alpha=0.07, vx=0.50, yaw_rate=0.07, dir=1
[INFO] [1784986555.672778778] [waypoint_follower]: nearest=325, target=327, dist=1.05, alpha=0.05, vx=0.50, yaw_rate=0.04, dir=1
[INFO] [1784986556.722594686] [waypoint_follower]: nearest=326, target=328, dist=1.08, alpha=0.05, vx=0.50, yaw_rate=0.04, dir=1
[INFO] [1784986557.722660242] [waypoint_follower]: nearest=327, target=329, dist=1.06, alpha=0.04, vx=0.50, yaw_rate=0.03, dir=1
[INFO] [1784986558.724541724] [waypoint_follower]: nearest=328, target=330, dist=1.02, alpha=0.01, vx=0.50, yaw_rate=0.01, dir=1
[INFO] [1784986559.773045286] [waypoint_follower]: nearest=329, target=331, dist=1.02, alpha=-0.03, vx=0.50, yaw_rate=-0.02, dir=1
[INFO] [1784986560.773096661] [waypoint_follower]: nearest=330, target=332, dist=0.98, alpha=0.01, vx=0.50, yaw_rate=0.01, dir=1
[INFO] [1784986561.775626869] [waypoint_follower]: nearest=331, target=333, dist=0.99, alpha=0.14, vx=0.50, yaw_rate=0.13, dir=1
[INFO] [1784986562.823141299] [waypoint_follower]: nearest=332, target=334, dist=1.01, alpha=0.08, vx=0.50, yaw_rate=0.08, dir=1
[INFO] [1784986563.872765138] [waypoint_follower]: nearest=333, target=335, dist=1.00, alpha=0.08, vx=0.50, yaw_rate=0.07, dir=1
[INFO] [1784986564.926271710] [waypoint_follower]: nearest=334, target=336, dist=0.98, alpha=0.09, vx=0.50, yaw_rate=0.08, dir=1
[INFO] [1784986565.976572653] [waypoint_follower]: nearest=335, target=337, dist=0.93, alpha=0.20, vx=0.50, yaw_rate=0.18, dir=1
[INFO] [1784986567.022427565] [waypoint_follower]: nearest=336, target=338, dist=0.85, alpha=0.07, vx=0.50, yaw_rate=0.07, dir=1
[INFO] [1784986568.022635620] [waypoint_follower]: nearest=337, target=339, dist=0.92, alpha=0.01, vx=0.50, yaw_rate=0.01, dir=1
[INFO] [1784986569.023102446] [waypoint_follower]: nearest=338, target=340, dist=0.88, alpha=-0.02, vx=0.50, yaw_rate=-0.02, dir=1
[INFO] [1784986570.072854925] [waypoint_follower]: nearest=339, target=341, dist=0.81, alpha=0.04, vx=0.50, yaw_rate=0.04, dir=1
[INFO] [1784986571.122525682] [waypoint_follower]: nearest=340, target=342, dist=0.84, alpha=0.06, vx=0.50, yaw_rate=0.05, dir=1
[INFO] [1784986572.122874387] [waypoint_follower]: nearest=341, target=343, dist=0.79, alpha=-0.01, vx=0.50, yaw_rate=-0.01, dir=1
[INFO] [1784986573.122864525] [waypoint_follower]: nearest=342, target=344, dist=0.80, alpha=-0.01, vx=0.50, yaw_rate=-0.00, dir=1
[INFO] [1784986574.172834139] [waypoint_follower]: nearest=343, target=345, dist=0.82, alpha=0.02, vx=0.50, yaw_rate=0.01, dir=1
[INFO] [1784986575.174715127] [waypoint_follower]: nearest=344, target=346, dist=0.90, alpha=-0.01, vx=0.50, yaw_rate=-0.01, dir=1
[INFO] [1784986576.222960208] [waypoint_follower]: nearest=345, target=347, dist=0.79, alpha=-0.00, vx=0.50, yaw_rate=-0.00, dir=1
[INFO] [1784986577.223026769] [waypoint_follower]: nearest=346, target=348, dist=0.76, alpha=-0.02, vx=0.50, yaw_rate=-0.02, dir=1
[INFO] [1784986578.272496240] [waypoint_follower]: nearest=347, target=349, dist=0.78, alpha=-0.03, vx=0.50, yaw_rate=-0.03, dir=1
[INFO] [1784986579.272992021] [waypoint_follower]: nearest=348, target=350, dist=0.85, alpha=0.00, vx=0.50, yaw_rate=0.00, dir=1
[INFO] [1784986580.322624941] [waypoint_follower]: nearest=349, target=351, dist=0.75, alpha=-0.01, vx=0.50, yaw_rate=-0.01, dir=1
[INFO] [1784986581.323013024] [waypoint_follower]: nearest=350, target=352, dist=0.73, alpha=-0.03, vx=0.50, yaw_rate=-0.03, dir=1
[INFO] [1784986582.323649349] [waypoint_follower]: nearest=351, target=353, dist=0.74, alpha=-0.02, vx=0.50, yaw_rate=-0.01, dir=1
[INFO] [1784986583.372870663] [waypoint_follower]: nearest=353, target=355, dist=1.11, alpha=-0.01, vx=0.50, yaw_rate=-0.01, dir=1
[INFO] [1784986584.373222579] [waypoint_follower]: nearest=354, target=356, dist=1.16, alpha=-0.00, vx=0.50, yaw_rate=-0.00, dir=1
[INFO] [1784986585.422755061] [waypoint_follower]: nearest=355, target=357, dist=1.16, alpha=-0.01, vx=0.50, yaw_rate=-0.01, dir=1
[INFO] [1784986586.424190239] [waypoint_follower]: nearest=356, target=358, dist=1.16, alpha=0.02, vx=0.50, yaw_rate=0.02, dir=1
[INFO] [1784986587.479725615] [waypoint_follower]: nearest=357, target=359, dist=1.13, alpha=0.02, vx=0.50, yaw_rate=0.02, dir=1
[INFO] [1784986588.522748412] [waypoint_follower]: nearest=358, target=360, dist=1.16, alpha=-0.01, vx=0.50, yaw_rate=-0.01, dir=1
[INFO] [1784986589.523237209] [waypoint_follower]: nearest=359, target=361, dist=1.25, alpha=0.00, vx=0.50, yaw_rate=0.00, dir=1
[INFO] [1784986590.522791767] [waypoint_follower]: nearest=359, target=361, dist=0.78, alpha=-0.03, vx=0.50, yaw_rate=-0.02, dir=1
[INFO] [1784986591.576667142] [waypoint_follower]: nearest=361, target=363, dist=1.21, alpha=-0.01, vx=0.50, yaw_rate=-0.01, dir=1
[INFO] [1784986592.631978619] [waypoint_follower]: nearest=361, target=363, dist=0.75, alpha=-0.00, vx=0.50, yaw_rate=-0.00, dir=1
[INFO] [1784986593.673062820] [waypoint_follower]: nearest=362, target=364, dist=0.79, alpha=-0.00, vx=0.50, yaw_rate=-0.00, dir=1
[INFO] [1784986594.673179613] [waypoint_follower]: nearest=364, target=366, dist=1.23, alpha=0.02, vx=0.50, yaw_rate=0.02, dir=1
[INFO] [1784986595.722536147] [waypoint_follower]: nearest=365, target=367, dist=1.17, alpha=-0.02, vx=0.50, yaw_rate=-0.02, dir=1
[INFO] [1784986596.772525741] [waypoint_follower]: nearest=366, target=368, dist=1.15, alpha=0.03, vx=0.50, yaw_rate=0.02, dir=1
[INFO] [1784986597.772625279] [waypoint_follower]: nearest=367, target=369, dist=1.25, alpha=0.01, vx=0.50, yaw_rate=0.01, dir=1
[INFO] [1784986598.822867094] [waypoint_follower]: nearest=368, target=370, dist=1.26, alpha=-0.03, vx=0.50, yaw_rate=-0.03, dir=1
[INFO] [1784986599.822721391] [waypoint_follower]: nearest=368, target=370, dist=0.82, alpha=-0.02, vx=0.50, yaw_rate=-0.02, dir=1
[INFO] [1784986600.873066588] [waypoint_follower]: nearest=370, target=372, dist=1.23, alpha=-0.00, vx=0.50, yaw_rate=-0.00, dir=1
[INFO] [1784986601.872982440] [waypoint_follower]: nearest=370, target=372, dist=0.85, alpha=-0.04, vx=0.50, yaw_rate=-0.04, dir=1
[INFO] [1784986602.922779632] [waypoint_follower]: nearest=371, target=373, dist=0.89, alpha=-0.01, vx=0.50, yaw_rate=-0.01, dir=1
[INFO] [1784986603.923311656] [waypoint_follower]: nearest=372, target=374, dist=0.87, alpha=0.01, vx=0.50, yaw_rate=0.01, dir=1
[INFO] [1784986604.972796756] [waypoint_follower]: nearest=373, target=375, dist=0.85, alpha=-0.02, vx=0.50, yaw_rate=-0.02, dir=1
[INFO] [1784986606.022771774] [waypoint_follower]: nearest=374, target=376, dist=0.87, alpha=0.00, vx=0.50, yaw_rate=0.00, dir=1
[INFO] [1784986607.072848822] [waypoint_follower]: nearest=375, target=377, dist=0.86, alpha=-0.02, vx=0.50, yaw_rate=-0.02, dir=1
[INFO] [1784986608.075139674] [waypoint_follower]: nearest=376, target=378, dist=0.84, alpha=-0.02, vx=0.50, yaw_rate=-0.02, dir=1
[INFO] [1784986609.122785405] [waypoint_follower]: nearest=377, target=379, dist=0.78, alpha=-0.00, vx=0.50, yaw_rate=-0.00, dir=1
[INFO] [1784986610.122647563] [waypoint_follower]: nearest=378, target=380, dist=0.81, alpha=-0.02, vx=0.50, yaw_rate=-0.02, dir=1
[INFO] [1784986611.172653699] [waypoint_follower]: nearest=379, target=381, dist=0.89, alpha=0.00, vx=0.50, yaw_rate=0.00, dir=1
[INFO] [1784986612.173034200] [waypoint_follower]: nearest=380, target=382, dist=0.85, alpha=0.00, vx=0.50, yaw_rate=0.00, dir=1
[INFO] [1784986613.223662139] [waypoint_follower]: nearest=381, target=383, dist=0.78, alpha=-0.04, vx=0.50, yaw_rate=-0.04, dir=1
[INFO] [1784986614.224320173] [waypoint_follower]: nearest=382, target=384, dist=0.78, alpha=0.01, vx=0.50, yaw_rate=0.01, dir=1
[INFO] [1784986615.272676290] [waypoint_follower]: nearest=383, target=385, dist=0.80, alpha=-0.02, vx=0.50, yaw_rate=-0.02, dir=1
[INFO] [1784986616.322528447] [waypoint_follower]: nearest=384, target=386, dist=0.72, alpha=-0.04, vx=0.50, yaw_rate=-0.04, dir=1
[INFO] [1784986617.322651091] [waypoint_follower]: nearest=385, target=387, dist=0.72, alpha=-0.02, vx=0.50, yaw_rate=-0.02, dir=1
[INFO] [1784986618.372905618] [waypoint_follower]: nearest=387, target=389, dist=1.16, alpha=0.01, vx=0.50, yaw_rate=0.01, dir=1
[INFO] [1784986619.379993917] [waypoint_follower]: nearest=388, target=390, dist=1.12, alpha=0.01, vx=0.50, yaw_rate=0.01, dir=1
[INFO] [1784986620.422947129] [waypoint_follower]: nearest=389, target=391, dist=1.12, alpha=0.02, vx=0.50, yaw_rate=0.01, dir=1
[INFO] [1784986621.473115887] [waypoint_follower]: nearest=390, target=392, dist=1.17, alpha=-0.01, vx=0.50, yaw_rate=-0.01, dir=1
[INFO] [1784986622.522691637] [waypoint_follower]: nearest=391, target=393, dist=1.04, alpha=-0.10, vx=0.50, yaw_rate=-0.09, dir=1
[INFO] [1784986623.522759608] [waypoint_follower]: nearest=392, target=394, dist=1.05, alpha=-0.06, vx=0.50, yaw_rate=-0.06, dir=1
[INFO] [1784986624.523492607] [waypoint_follower]: nearest=393, target=395, dist=1.06, alpha=-0.09, vx=0.50, yaw_rate=-0.08, dir=1
[INFO] [1784986625.523134368] [waypoint_follower]: nearest=394, target=396, dist=1.13, alpha=-0.04, vx=0.50, yaw_rate=-0.04, dir=1
[INFO] [1784986626.573245470] [waypoint_follower]: nearest=395, target=397, dist=1.17, alpha=-0.04, vx=0.50, yaw_rate=-0.04, dir=1
[INFO] [1784986627.622587140] [waypoint_follower]: nearest=396, target=398, dist=1.03, alpha=-0.04, vx=0.50, yaw_rate=-0.04, dir=1
[INFO] [1784986628.622832087] [waypoint_follower]: nearest=397, target=399, dist=1.04, alpha=-0.01, vx=0.50, yaw_rate=-0.01, dir=1
[INFO] [1784986629.622832839] [waypoint_follower]: nearest=398, target=400, dist=1.08, alpha=0.01, vx=0.50, yaw_rate=0.01, dir=1
[INFO] [1784986630.677298047] [waypoint_follower]: nearest=399, target=401, dist=0.95, alpha=0.03, vx=0.50, yaw_rate=0.02, dir=1
[INFO] [1784986631.723151796] [waypoint_follower]: nearest=400, target=402, dist=0.97, alpha=0.02, vx=0.50, yaw_rate=0.02, dir=1
[INFO] [1784986632.726374277] [waypoint_follower]: nearest=401, target=403, dist=0.97, alpha=-0.02, vx=0.50, yaw_rate=-0.01, dir=1
[INFO] [1784986633.772971498] [waypoint_follower]: nearest=402, target=404, dist=0.96, alpha=0.00, vx=0.50, yaw_rate=0.00, dir=1
[INFO] [1784986634.822525652] [waypoint_follower]: nearest=403, target=405, dist=0.90, alpha=-0.00, vx=0.50, yaw_rate=-0.00, dir=1
[INFO] [1784986635.822965927] [waypoint_follower]: nearest=404, target=406, dist=0.90, alpha=-0.00, vx=0.50, yaw_rate=-0.00, dir=1
[INFO] [1784986636.822889261] [waypoint_follower]: nearest=405, target=407, dist=0.86, alpha=-0.03, vx=0.50, yaw_rate=-0.03, dir=1
[INFO] [1784986637.872520307] [waypoint_follower]: nearest=406, target=408, dist=0.91, alpha=-0.01, vx=0.50, yaw_rate=-0.01, dir=1
[INFO] [1784986638.873683869] [waypoint_follower]: nearest=407, target=409, dist=0.89, alpha=-0.01, vx=0.50, yaw_rate=-0.01, dir=1
[INFO] [1784986639.922553460] [waypoint_follower]: nearest=408, target=410, dist=0.77, alpha=-0.00, vx=0.50, yaw_rate=-0.00, dir=1
[INFO] [1784986640.922789414] [waypoint_follower]: nearest=409, target=411, dist=0.81, alpha=0.00, vx=0.50, yaw_rate=0.00, dir=1
[INFO] [1784986641.974035666] [waypoint_follower]: nearest=410, target=412, dist=0.76, alpha=-0.02, vx=0.50, yaw_rate=-0.02, dir=1
[INFO] [1784986643.023022343] [waypoint_follower]: nearest=411, target=413, dist=0.79, alpha=0.00, vx=0.50, yaw_rate=0.00, dir=1
[INFO] [1784986644.023688611] [waypoint_follower]: nearest=412, target=414, dist=0.76, alpha=-0.06, vx=0.50, yaw_rate=-0.06, dir=1
[INFO] [1784986645.072881713] [waypoint_follower]: nearest=414, target=416, dist=1.07, alpha=-0.02, vx=0.50, yaw_rate=-0.02, dir=1
[INFO] [1784986646.074305469] [waypoint_follower]: nearest=415, target=417, dist=1.14, alpha=-0.00, vx=0.50, yaw_rate=-0.00, dir=1
[INFO] [1784986647.073795583] [waypoint_follower]: nearest=416, target=418, dist=1.17, alpha=-0.00, vx=0.50, yaw_rate=-0.00, dir=1
[INFO] [1784986648.124303613] [waypoint_follower]: nearest=417, target=419, dist=1.24, alpha=0.01, vx=0.50, yaw_rate=0.00, dir=1
[INFO] [1784986649.172417662] [waypoint_follower]: nearest=418, target=420, dist=1.17, alpha=0.02, vx=0.50, yaw_rate=0.01, dir=1
[INFO] [1784986650.175715065] [waypoint_follower]: nearest=419, target=421, dist=1.17, alpha=0.00, vx=0.50, yaw_rate=0.00, dir=1
[INFO] [1784986651.222594326] [waypoint_follower]: nearest=420, target=422, dist=1.13, alpha=0.01, vx=0.50, yaw_rate=0.01, dir=1
[INFO] [1784986652.272896076] [waypoint_follower]: nearest=421, target=423, dist=1.07, alpha=0.01, vx=0.50, yaw_rate=0.01, dir=1
[INFO] [1784986653.272938868] [waypoint_follower]: nearest=422, target=424, dist=0.99, alpha=0.01, vx=0.50, yaw_rate=0.01, dir=1
[INFO] [1784986654.322793671] [waypoint_follower]: nearest=423, target=425, dist=0.98, alpha=-0.02, vx=0.50, yaw_rate=-0.02, dir=1
[INFO] [1784986655.323771430] [waypoint_follower]: nearest=424, target=426, dist=0.94, alpha=-0.02, vx=0.50, yaw_rate=-0.02, dir=1
[INFO] [1784986656.372544540] [waypoint_follower]: nearest=425, target=427, dist=0.93, alpha=-0.04, vx=0.50, yaw_rate=-0.03, dir=1
[INFO] [1784986657.373341507] [waypoint_follower]: nearest=426, target=428, dist=0.92, alpha=0.01, vx=0.50, yaw_rate=0.01, dir=1
[INFO] [1784986658.422608829] [waypoint_follower]: nearest=427, target=429, dist=0.96, alpha=-0.01, vx=0.50, yaw_rate=-0.01, dir=1
[INFO] [1784986659.423735041] [waypoint_follower]: nearest=428, target=430, dist=0.95, alpha=-0.03, vx=0.50, yaw_rate=-0.03, dir=1
[INFO] [1784986660.472765986] [waypoint_follower]: nearest=429, target=431, dist=0.91, alpha=0.00, vx=0.50, yaw_rate=0.00, dir=1
[INFO] [1784986661.522857943] [waypoint_follower]: nearest=430, target=432, dist=0.87, alpha=-0.00, vx=0.50, yaw_rate=-0.00, dir=1
[INFO] [1784986662.572505794] [waypoint_follower]: nearest=431, target=433, dist=0.84, alpha=-0.02, vx=0.50, yaw_rate=-0.02, dir=1
[INFO] [1784986663.622474883] [waypoint_follower]: nearest=432, target=434, dist=0.84, alpha=-0.00, vx=0.50, yaw_rate=-0.00, dir=1
[INFO] [1784986664.623312801] [waypoint_follower]: nearest=433, target=435, dist=0.85, alpha=-0.03, vx=0.50, yaw_rate=-0.03, dir=1
[INFO] [1784986665.622835886] [waypoint_follower]: nearest=434, target=436, dist=0.87, alpha=-0.00, vx=0.50, yaw_rate=-0.00, dir=1
[INFO] [1784986666.672795078] [waypoint_follower]: nearest=435, target=437, dist=0.82, alpha=-0.03, vx=0.50, yaw_rate=-0.03, dir=1
[INFO] [1784986667.672989023] [waypoint_follower]: nearest=436, target=438, dist=0.81, alpha=-0.01, vx=0.50, yaw_rate=-0.01, dir=1
[INFO] [1784986668.672609831] [waypoint_follower]: nearest=437, target=439, dist=0.81, alpha=-0.01, vx=0.50, yaw_rate=-0.01, dir=1
[INFO] [1784986669.672780109] [waypoint_follower]: nearest=438, target=440, dist=0.87, alpha=-0.01, vx=0.50, yaw_rate=-0.01, dir=1
[INFO] [1784986670.672630157] [waypoint_follower]: nearest=439, target=441, dist=0.84, alpha=-0.03, vx=0.50, yaw_rate=-0.02, dir=1
[INFO] [1784986671.675684829] [waypoint_follower]: nearest=440, target=442, dist=0.94, alpha=-0.04, vx=0.50, yaw_rate=-0.03, dir=1
[INFO] [1784986672.722562816] [waypoint_follower]: nearest=441, target=443, dist=0.92, alpha=-0.08, vx=0.50, yaw_rate=-0.07, dir=1
[INFO] [1784986673.774665705] [waypoint_follower]: nearest=442, target=444, dist=0.84, alpha=-0.06, vx=0.50, yaw_rate=-0.06, dir=1
[INFO] [1784986674.823049564] [waypoint_follower]: nearest=443, target=445, dist=0.93, alpha=-0.00, vx=0.50, yaw_rate=-0.00, dir=1
[INFO] [1784986675.827768112] [waypoint_follower]: nearest=444, target=446, dist=0.91, alpha=-0.02, vx=0.50, yaw_rate=-0.02, dir=1
[INFO] [1784986676.873671017] [waypoint_follower]: nearest=445, target=447, dist=0.89, alpha=-0.03, vx=0.50, yaw_rate=-0.03, dir=1
[INFO] [1784986677.922759025] [waypoint_follower]: nearest=446, target=448, dist=0.85, alpha=0.01, vx=0.50, yaw_rate=0.00, dir=1
[INFO] [1784986678.923545620] [waypoint_follower]: nearest=447, target=449, dist=0.84, alpha=-0.03, vx=0.50, yaw_rate=-0.03, dir=1
[INFO] [1784986679.972579721] [waypoint_follower]: nearest=448, target=450, dist=0.87, alpha=-0.02, vx=0.50, yaw_rate=-0.01, dir=1
[INFO] [1784986681.022538926] [waypoint_follower]: nearest=449, target=451, dist=0.84, alpha=-0.01, vx=0.50, yaw_rate=-0.01, dir=1
[INFO] [1784986682.022858451] [waypoint_follower]: nearest=450, target=452, dist=0.82, alpha=0.02, vx=0.50, yaw_rate=0.01, dir=1
[INFO] [1784986683.022966199] [waypoint_follower]: nearest=451, target=453, dist=0.92, alpha=-0.00, vx=0.50, yaw_rate=-0.00, dir=1
[INFO] [1784986684.072515488] [waypoint_follower]: nearest=452, target=454, dist=0.86, alpha=-0.02, vx=0.50, yaw_rate=-0.02, dir=1
[INFO] [1784986685.072681045] [waypoint_follower]: nearest=453, target=455, dist=0.98, alpha=-0.01, vx=0.50, yaw_rate=-0.01, dir=1
[INFO] [1784986686.072883346] [waypoint_follower]: nearest=454, target=456, dist=0.94, alpha=-0.01, vx=0.50, yaw_rate=-0.01, dir=1
[INFO] [1784986687.123563811] [waypoint_follower]: nearest=455, target=457, dist=1.03, alpha=-0.01, vx=0.50, yaw_rate=-0.01, dir=1
[INFO] [1784986688.172956068] [waypoint_follower]: nearest=456, target=458, dist=0.97, alpha=-0.00, vx=0.50, yaw_rate=-0.00, dir=1
[INFO] [1784986689.222549622] [waypoint_follower]: nearest=457, target=459, dist=0.88, alpha=-0.04, vx=0.50, yaw_rate=-0.04, dir=1
[INFO] [1784986690.273343362] [waypoint_follower]: nearest=458, target=460, dist=1.02, alpha=0.01, vx=0.50, yaw_rate=0.01, dir=1
[INFO] [1784986691.322878337] [waypoint_follower]: nearest=459, target=460, dist=0.47, alpha=-0.04, vx=0.50, yaw_rate=-0.04, dir=1
[INFO] [1784986692.375210751] [waypoint_follower]: nearest=460, target=462, dist=1.04, alpha=-0.01, vx=0.50, yaw_rate=-0.01, dir=1
[INFO] [1784986693.372667961] [waypoint_follower]: nearest=461, target=463, dist=1.04, alpha=-0.02, vx=0.50, yaw_rate=-0.01, dir=1
[INFO] [1784986694.423008881] [waypoint_follower]: nearest=462, target=464, dist=1.01, alpha=-0.07, vx=0.50, yaw_rate=-0.06, dir=1
[INFO] [1784986695.473366993] [waypoint_follower]: nearest=463, target=465, dist=1.06, alpha=0.03, vx=0.50, yaw_rate=0.03, dir=1
[INFO] [1784986696.473448529] [waypoint_follower]: nearest=464, target=466, dist=1.08, alpha=0.00, vx=0.50, yaw_rate=0.00, dir=1
[INFO] [1784986697.523053664] [waypoint_follower]: nearest=465, target=467, dist=1.10, alpha=-0.03, vx=0.50, yaw_rate=-0.02, dir=1
[INFO] [1784986698.572744634] [waypoint_follower]: nearest=466, target=468, dist=1.07, alpha=0.01, vx=0.50, yaw_rate=0.01, dir=1
[INFO] [1784986699.573864796] [waypoint_follower]: nearest=467, target=469, dist=1.20, alpha=-0.01, vx=0.50, yaw_rate=-0.01, dir=1
[INFO] [1784986700.622498999] [waypoint_follower]: nearest=468, target=470, dist=1.12, alpha=-0.13, vx=0.50, yaw_rate=-0.12, dir=1
[INFO] [1784986701.623006317] [waypoint_follower]: nearest=469, target=471, dist=1.12, alpha=-0.10, vx=0.50, yaw_rate=-0.09, dir=1
[INFO] [1784986702.623370916] [waypoint_follower]: nearest=470, target=472, dist=1.14, alpha=-0.07, vx=0.50, yaw_rate=-0.06, dir=1
[INFO] [1784986703.623273038] [waypoint_follower]: nearest=471, target=473, dist=1.13, alpha=-0.03, vx=0.50, yaw_rate=-0.03, dir=1
[INFO] [1784986704.673165084] [waypoint_follower]: nearest=472, target=474, dist=1.24, alpha=-0.03, vx=0.50, yaw_rate=-0.02, dir=1
[INFO] [1784986705.722714691] [waypoint_follower]: nearest=473, target=475, dist=1.18, alpha=-0.02, vx=0.50, yaw_rate=-0.02, dir=1
[INFO] [1784986706.722610209] [waypoint_follower]: nearest=474, target=476, dist=1.22, alpha=-0.00, vx=0.50, yaw_rate=-0.00, dir=1
[INFO] [1784986707.722643404] [waypoint_follower]: nearest=475, target=477, dist=1.17, alpha=-0.00, vx=0.50, yaw_rate=-0.00, dir=1
[INFO] [1784986708.772845189] [waypoint_follower]: nearest=476, target=478, dist=1.19, alpha=0.01, vx=0.50, yaw_rate=0.01, dir=1
[INFO] [1784986709.822638835] [waypoint_follower]: nearest=477, target=479, dist=1.15, alpha=-0.01, vx=0.50, yaw_rate=-0.01, dir=1
[INFO] [1784986710.822554030] [waypoint_follower]: nearest=477, target=479, dist=0.72, alpha=-0.05, vx=0.50, yaw_rate=-0.05, dir=1
[INFO] [1784986711.873078218] [waypoint_follower]: nearest=479, target=481, dist=1.22, alpha=-0.11, vx=0.50, yaw_rate=-0.10, dir=1
[INFO] [1784986712.922549344] [waypoint_follower]: nearest=480, target=482, dist=1.24, alpha=-0.08, vx=0.50, yaw_rate=-0.08, dir=1
[INFO] [1784986713.922939204] [waypoint_follower]: nearest=481, target=483, dist=1.24, alpha=-0.04, vx=0.50, yaw_rate=-0.04, dir=1
[INFO] [1784986714.972488012] [waypoint_follower]: nearest=482, target=484, dist=1.18, alpha=-0.04, vx=0.50, yaw_rate=-0.03, dir=1
[INFO] [1784986716.022679127] [waypoint_follower]: nearest=483, target=485, dist=1.16, alpha=-0.07, vx=0.50, yaw_rate=-0.06, dir=1
[INFO] [1784986717.072806279] [waypoint_follower]: nearest=484, target=486, dist=1.11, alpha=-0.08, vx=0.50, yaw_rate=-0.07, dir=1
[INFO] [1784986718.124057774] [waypoint_follower]: nearest=485, target=487, dist=1.07, alpha=-0.07, vx=0.50, yaw_rate=-0.06, dir=1
[INFO] [1784986719.172550470] [waypoint_follower]: nearest=486, target=488, dist=1.03, alpha=0.01, vx=0.50, yaw_rate=0.01, dir=1
[INFO] [1784986720.173397287] [waypoint_follower]: nearest=487, target=489, dist=1.01, alpha=-0.03, vx=0.50, yaw_rate=-0.02, dir=1
[INFO] [1784986721.172587720] [waypoint_follower]: nearest=488, target=490, dist=1.03, alpha=-0.03, vx=0.50, yaw_rate=-0.03, dir=1
[INFO] [1784986722.173116424] [waypoint_follower]: nearest=489, target=491, dist=1.07, alpha=0.03, vx=0.50, yaw_rate=0.02, dir=1
[INFO] [1784986723.222705515] [waypoint_follower]: nearest=490, target=492, dist=1.02, alpha=-0.05, vx=0.50, yaw_rate=-0.04, dir=1
[INFO] [1784986724.222834504] [waypoint_follower]: nearest=491, target=493, dist=1.02, alpha=-0.08, vx=0.50, yaw_rate=-0.07, dir=1
[INFO] [1784986725.272474715] [waypoint_follower]: nearest=492, target=494, dist=0.97, alpha=-0.08, vx=0.50, yaw_rate=-0.07, dir=1
[INFO] [1784986726.272977334] [waypoint_follower]: nearest=493, target=495, dist=1.01, alpha=-0.04, vx=0.50, yaw_rate=-0.04, dir=1
[INFO] [1784986727.322426799] [waypoint_follower]: nearest=494, target=496, dist=1.17, alpha=-0.01, vx=0.50, yaw_rate=-0.01, dir=1
[INFO] [1784986728.322851443] [waypoint_follower]: nearest=495, target=497, dist=1.05, alpha=-0.02, vx=0.50, yaw_rate=-0.02, dir=1
[INFO] [1784986729.328380185] [waypoint_follower]: nearest=496, target=498, dist=1.13, alpha=-0.01, vx=0.50, yaw_rate=-0.01, dir=1
[INFO] [1784986730.381278875] [waypoint_follower]: nearest=497, target=499, dist=1.18, alpha=0.01, vx=0.50, yaw_rate=0.01, dir=1
[INFO] [1784986731.422794843] [waypoint_follower]: nearest=498, target=499, dist=0.74, alpha=-0.05, vx=0.50, yaw_rate=-0.04, dir=1
[INFO] [1784986732.423043570] [waypoint_follower]: nearest=499, target=501, dist=1.26, alpha=0.02, vx=0.50, yaw_rate=0.02, dir=1
[INFO] [1784986733.472606330] [waypoint_follower]: nearest=499, target=501, dist=0.78, alpha=0.02, vx=0.50, yaw_rate=0.02, dir=1
[INFO] [1784986734.472510927] [waypoint_follower]: nearest=500, target=502, dist=0.75, alpha=-0.01, vx=0.50, yaw_rate=-0.01, dir=1
[INFO] [1784986735.473181004] [waypoint_follower]: nearest=501, target=503, dist=0.88, alpha=-0.03, vx=0.50, yaw_rate=-0.02, dir=1
[INFO] [1784986736.522783338] [waypoint_follower]: nearest=502, target=503, dist=0.32, alpha=-0.03, vx=0.50, yaw_rate=-0.02, dir=1
[INFO] [1784986737.524853616] [waypoint_follower]: nearest=503, target=505, dist=0.90, alpha=0.02, vx=0.50, yaw_rate=0.02, dir=1
[INFO] [1784986738.572897336] [waypoint_follower]: nearest=504, target=506, dist=0.92, alpha=-0.03, vx=0.50, yaw_rate=-0.03, dir=1
[INFO] [1784986739.572680521] [waypoint_follower]: nearest=505, target=507, dist=0.89, alpha=0.00, vx=0.50, yaw_rate=0.00, dir=1
[INFO] [1784986740.572813167] [waypoint_follower]: nearest=506, target=508, dist=0.92, alpha=0.01, vx=0.50, yaw_rate=0.01, dir=1
[INFO] [1784986741.573685499] [waypoint_follower]: nearest=507, target=509, dist=0.98, alpha=0.01, vx=0.50, yaw_rate=0.01, dir=1
[INFO] [1784986742.622683528] [waypoint_follower]: nearest=508, target=510, dist=1.09, alpha=-0.02, vx=0.50, yaw_rate=-0.02, dir=1
[INFO] [1784986743.622919077] [waypoint_follower]: nearest=509, target=511, dist=1.04, alpha=-0.01, vx=0.50, yaw_rate=-0.01, dir=1
[INFO] [1784986744.672658623] [waypoint_follower]: nearest=510, target=512, dist=1.10, alpha=-0.02, vx=0.50, yaw_rate=-0.02, dir=1
[INFO] [1784986745.722897781] [waypoint_follower]: nearest=511, target=513, dist=1.05, alpha=-0.00, vx=0.50, yaw_rate=-0.00, dir=1
[INFO] [1784986746.772507031] [waypoint_follower]: nearest=512, target=514, dist=1.03, alpha=-0.02, vx=0.50, yaw_rate=-0.02, dir=1
[INFO] [1784986747.824237403] [waypoint_follower]: nearest=513, target=515, dist=1.03, alpha=0.03, vx=0.50, yaw_rate=0.03, dir=1
[INFO] [1784986748.872680665] [waypoint_follower]: nearest=514, target=516, dist=0.99, alpha=-0.01, vx=0.50, yaw_rate=-0.01, dir=1
[INFO] [1784986749.873264941] [waypoint_follower]: nearest=515, target=517, dist=1.09, alpha=-0.07, vx=0.50, yaw_rate=-0.06, dir=1
[INFO] [1784986750.872984353] [waypoint_follower]: nearest=516, target=518, dist=1.00, alpha=-0.01, vx=0.50, yaw_rate=-0.01, dir=1
[INFO] [1784986751.922913651] [waypoint_follower]: nearest=517, target=519, dist=0.99, alpha=-0.07, vx=0.50, yaw_rate=-0.06, dir=1
[INFO] [1784986752.972544478] [waypoint_follower]: nearest=518, target=520, dist=0.96, alpha=-0.02, vx=0.50, yaw_rate=-0.01, dir=1
[INFO] [1784986753.973699812] [waypoint_follower]: nearest=519, target=521, dist=0.99, alpha=-0.02, vx=0.50, yaw_rate=-0.02, dir=1
[INFO] [1784986755.022760644] [waypoint_follower]: nearest=520, target=522, dist=0.95, alpha=-0.04, vx=0.50, yaw_rate=-0.03, dir=1
[INFO] [1784986756.028718534] [waypoint_follower]: nearest=521, target=523, dist=0.91, alpha=0.02, vx=0.50, yaw_rate=0.01, dir=1
[INFO] [1784986757.079792586] [waypoint_follower]: nearest=522, target=524, dist=0.85, alpha=0.01, vx=0.50, yaw_rate=0.01, dir=1
[INFO] [1784986758.125820411] [waypoint_follower]: nearest=523, target=525, dist=0.90, alpha=-0.05, vx=0.50, yaw_rate=-0.04, dir=1
[INFO] [1784986759.172506383] [waypoint_follower]: nearest=524, target=526, dist=0.90, alpha=-0.02, vx=0.50, yaw_rate=-0.02, dir=1
[INFO] [1784986760.179848967] [waypoint_follower]: nearest=525, target=527, dist=0.84, alpha=-0.02, vx=0.50, yaw_rate=-0.02, dir=1
[INFO] [1784986761.222688930] [waypoint_follower]: nearest=526, target=528, dist=0.85, alpha=-0.01, vx=0.50, yaw_rate=-0.01, dir=1
[INFO] [1784986762.222540418] [waypoint_follower]: nearest=527, target=529, dist=0.86, alpha=0.00, vx=0.50, yaw_rate=0.00, dir=1
[INFO] [1784986763.275903025] [waypoint_follower]: nearest=528, target=530, dist=0.80, alpha=0.03, vx=0.50, yaw_rate=0.03, dir=1
[INFO] [1784986764.322742828] [waypoint_follower]: nearest=529, target=531, dist=0.74, alpha=0.02, vx=0.50, yaw_rate=0.02, dir=1
[INFO] [1784986765.322774439] [waypoint_follower]: nearest=530, target=532, dist=0.76, alpha=-0.03, vx=0.50, yaw_rate=-0.03, dir=1
[INFO] [1784986766.322877130] [waypoint_follower]: nearest=531, target=533, dist=0.79, alpha=-0.06, vx=0.50, yaw_rate=-0.05, dir=1
[INFO] [1784986767.372833184] [waypoint_follower]: nearest=532, target=534, dist=0.74, alpha=-0.01, vx=0.50, yaw_rate=-0.01, dir=1
[INFO] [1784986768.372585313] [waypoint_follower]: nearest=533, target=535, dist=0.75, alpha=-0.06, vx=0.50, yaw_rate=-0.06, dir=1
[INFO] [1784986769.422687017] [waypoint_follower]: nearest=535, target=537, dist=1.22, alpha=-0.04, vx=0.50, yaw_rate=-0.04, dir=1
[INFO] [1784986770.423842419] [waypoint_follower]: nearest=535, target=537, dist=0.80, alpha=-0.05, vx=0.50, yaw_rate=-0.04, dir=1
[INFO] [1784986771.425654591] [waypoint_follower]: nearest=536, target=538, dist=0.72, alpha=-0.02, vx=0.50, yaw_rate=-0.01, dir=1
[INFO] [1784986772.472779674] [waypoint_follower]: nearest=538, target=540, dist=1.09, alpha=0.02, vx=0.50, yaw_rate=0.02, dir=1
[INFO] [1784986773.472868104] [waypoint_follower]: nearest=539, target=541, dist=1.13, alpha=-0.02, vx=0.50, yaw_rate=-0.02, dir=1
[INFO] [1784986774.472747795] [waypoint_follower]: nearest=540, target=542, dist=1.17, alpha=-0.06, vx=0.50, yaw_rate=-0.06, dir=1
[INFO] [1784986775.523035722] [waypoint_follower]: nearest=541, target=543, dist=1.11, alpha=-0.01, vx=0.50, yaw_rate=-0.01, dir=1
[INFO] [1784986776.572811633] [waypoint_follower]: nearest=542, target=544, dist=1.05, alpha=-0.01, vx=0.50, yaw_rate=-0.00, dir=1
[INFO] [1784986777.572846389] [waypoint_follower]: nearest=543, target=545, dist=1.16, alpha=-0.03, vx=0.50, yaw_rate=-0.03, dir=1
[INFO] [1784986778.573715074] [waypoint_follower]: nearest=544, target=546, dist=1.09, alpha=0.06, vx=0.50, yaw_rate=0.05, dir=1
[INFO] [1784986779.623765384] [waypoint_follower]: nearest=545, target=547, dist=1.06, alpha=0.01, vx=0.50, yaw_rate=0.01, dir=1
[INFO] [1784986780.672677123] [waypoint_follower]: nearest=546, target=548, dist=1.04, alpha=-0.04, vx=0.50, yaw_rate=-0.03, dir=1
[INFO] [1784986781.673010092] [waypoint_follower]: nearest=547, target=549, dist=1.03, alpha=0.00, vx=0.50, yaw_rate=0.00, dir=1
[INFO] [1784986782.722489036] [waypoint_follower]: nearest=548, target=550, dist=0.98, alpha=-0.04, vx=0.50, yaw_rate=-0.04, dir=1
[INFO] [1784986783.726687240] [waypoint_follower]: nearest=549, target=551, dist=1.02, alpha=-0.08, vx=0.50, yaw_rate=-0.07, dir=1
[INFO] [1784986784.782423076] [waypoint_follower]: nearest=550, target=552, dist=0.99, alpha=-0.06, vx=0.50, yaw_rate=-0.05, dir=1
[INFO] [1784986785.822554305] [waypoint_follower]: nearest=551, target=553, dist=0.91, alpha=-0.04, vx=0.50, yaw_rate=-0.03, dir=1
[INFO] [1784986786.827998022] [waypoint_follower]: nearest=552, target=554, dist=0.89, alpha=0.02, vx=0.50, yaw_rate=0.02, dir=1
[INFO] [1784986787.872863485] [waypoint_follower]: nearest=553, target=555, dist=0.93, alpha=0.00, vx=0.50, yaw_rate=0.00, dir=1
[INFO] [1784986788.872528563] [waypoint_follower]: nearest=554, target=556, dist=0.93, alpha=-0.04, vx=0.50, yaw_rate=-0.04, dir=1
[INFO] [1784986789.872761350] [waypoint_follower]: nearest=555, target=557, dist=0.88, alpha=-0.06, vx=0.50, yaw_rate=-0.05, dir=1
[INFO] [1784986790.874409533] [waypoint_follower]: nearest=556, target=558, dist=0.87, alpha=0.00, vx=0.50, yaw_rate=0.00, dir=1
[INFO] [1784986791.923058833] [waypoint_follower]: nearest=557, target=559, dist=0.90, alpha=-0.00, vx=0.50, yaw_rate=-0.00, dir=1
[INFO] [1784986792.972552912] [waypoint_follower]: nearest=558, target=560, dist=0.84, alpha=-0.03, vx=0.50, yaw_rate=-0.02, dir=1
[INFO] [1784986794.023259177] [waypoint_follower]: nearest=559, target=561, dist=0.85, alpha=-0.04, vx=0.50, yaw_rate=-0.04, dir=1
[INFO] [1784986795.022983077] [waypoint_follower]: nearest=560, target=562, dist=0.84, alpha=-0.03, vx=0.50, yaw_rate=-0.02, dir=1
[INFO] [1784986796.079224123] [waypoint_follower]: nearest=561, target=563, dist=0.83, alpha=-0.08, vx=0.50, yaw_rate=-0.08, dir=1
[INFO] [1784986797.122842068] [waypoint_follower]: nearest=562, target=564, dist=0.68, alpha=-0.03, vx=0.50, yaw_rate=-0.03, dir=1
[INFO] [1784986798.172673632] [waypoint_follower]: nearest=564, target=566, dist=1.12, alpha=-0.04, vx=0.50, yaw_rate=-0.04, dir=1
[INFO] [1784986799.223421147] [waypoint_follower]: nearest=565, target=567, dist=1.07, alpha=-0.06, vx=0.50, yaw_rate=-0.06, dir=1
[INFO] [1784986800.222862919] [waypoint_follower]: nearest=566, target=568, dist=0.96, alpha=-0.03, vx=0.50, yaw_rate=-0.02, dir=1
[INFO] [1784986801.222824112] [waypoint_follower]: nearest=567, target=569, dist=0.94, alpha=0.01, vx=0.50, yaw_rate=0.01, dir=1
[INFO] [1784986802.222661945] [waypoint_follower]: nearest=568, target=570, dist=0.91, alpha=0.02, vx=0.50, yaw_rate=0.01, dir=1
[INFO] [1784986803.223005149] [waypoint_follower]: nearest=569, target=571, dist=0.92, alpha=-0.02, vx=0.50, yaw_rate=-0.01, dir=1
[INFO] [1784986804.273099865] [waypoint_follower]: nearest=570, target=572, dist=0.84, alpha=-0.03, vx=0.50, yaw_rate=-0.03, dir=1
[INFO] [1784986805.322640035] [waypoint_follower]: nearest=571, target=573, dist=0.92, alpha=-0.03, vx=0.50, yaw_rate=-0.03, dir=1
[INFO] [1784986806.322823154] [waypoint_follower]: nearest=572, target=574, dist=0.90, alpha=-0.00, vx=0.50, yaw_rate=-0.00, dir=1
[INFO] [1784986807.325155492] [waypoint_follower]: nearest=573, target=575, dist=0.93, alpha=-0.00, vx=0.50, yaw_rate=-0.00, dir=1
[INFO] [1784986808.372546562] [waypoint_follower]: nearest=574, target=576, dist=0.87, alpha=0.01, vx=0.50, yaw_rate=0.01, dir=1
[INFO] [1784986809.372530457] [waypoint_follower]: nearest=575, target=577, dist=0.88, alpha=-0.04, vx=0.50, yaw_rate=-0.03, dir=1
[INFO] [1784986810.373106223] [waypoint_follower]: nearest=576, target=578, dist=0.90, alpha=0.02, vx=0.50, yaw_rate=0.02, dir=1
[INFO] [1784986811.373301627] [waypoint_follower]: nearest=577, target=579, dist=0.92, alpha=-0.03, vx=0.50, yaw_rate=-0.03, dir=1
[INFO] [1784986812.375708748] [waypoint_follower]: nearest=578, target=580, dist=0.90, alpha=-0.06, vx=0.50, yaw_rate=-0.06, dir=1
[INFO] [1784986813.424058673] [waypoint_follower]: nearest=579, target=581, dist=0.83, alpha=-0.03, vx=0.50, yaw_rate=-0.03, dir=1
[INFO] [1784986814.473102138] [waypoint_follower]: nearest=580, target=582, dist=1.08, alpha=-0.04, vx=0.50, yaw_rate=-0.04, dir=1
[INFO] [1784986815.472881706] [waypoint_follower]: nearest=581, target=583, dist=0.76, alpha=-0.04, vx=0.50, yaw_rate=-0.04, dir=1
[INFO] [1784986816.522787397] [waypoint_follower]: nearest=583, target=585, dist=1.09, alpha=-0.01, vx=0.50, yaw_rate=-0.01, dir=1
[INFO] [1784986817.522725927] [waypoint_follower]: nearest=584, target=586, dist=1.09, alpha=0.00, vx=0.50, yaw_rate=0.00, dir=1
[INFO] [1784986818.572767411] [waypoint_follower]: nearest=585, target=587, dist=1.07, alpha=-0.01, vx=0.50, yaw_rate=-0.01, dir=1
[INFO] [1784986819.623499139] [waypoint_follower]: nearest=586, target=588, dist=0.94, alpha=-0.05, vx=0.50, yaw_rate=-0.05, dir=1
[INFO] [1784986820.673108617] [waypoint_follower]: nearest=587, target=589, dist=0.98, alpha=-0.08, vx=0.50, yaw_rate=-0.08, dir=1
[INFO] [1784986821.673416881] [waypoint_follower]: nearest=588, target=590, dist=0.87, alpha=-0.06, vx=0.50, yaw_rate=-0.05, dir=1
[INFO] [1784986822.723144103] [waypoint_follower]: nearest=589, target=591, dist=0.84, alpha=-0.05, vx=0.50, yaw_rate=-0.04, dir=1
[INFO] [1784986823.727830938] [waypoint_follower]: nearest=590, target=592, dist=0.73, alpha=-0.02, vx=0.50, yaw_rate=-0.02, dir=1
[INFO] [1784986824.772905201] [waypoint_follower]: nearest=591, target=593, dist=0.78, alpha=-0.01, vx=0.50, yaw_rate=-0.01, dir=1
[INFO] [1784986825.823275124] [waypoint_follower]: nearest=593, target=595, dist=1.13, alpha=0.02, vx=0.50, yaw_rate=0.02, dir=1
[INFO] [1784986826.872920478] [waypoint_follower]: nearest=594, target=596, dist=1.09, alpha=0.01, vx=0.50, yaw_rate=0.01, dir=1
[INFO] [1784986827.923170387] [waypoint_follower]: nearest=595, target=597, dist=1.08, alpha=-0.02, vx=0.50, yaw_rate=-0.02, dir=1
[INFO] [1784986828.972725543] [waypoint_follower]: nearest=596, target=598, dist=0.97, alpha=-0.02, vx=0.50, yaw_rate=-0.01, dir=1
[INFO] [1784986829.973101526] [waypoint_follower]: nearest=597, target=599, dist=0.98, alpha=-0.06, vx=0.50, yaw_rate=-0.06, dir=1
[INFO] [1784986830.973381384] [waypoint_follower]: nearest=598, target=600, dist=0.97, alpha=-0.09, vx=0.50, yaw_rate=-0.08, dir=1
[INFO] [1784986832.022675055] [waypoint_follower]: nearest=599, target=601, dist=0.96, alpha=-0.05, vx=0.50, yaw_rate=-0.05, dir=1
[INFO] [1784986833.023661259] [waypoint_follower]: nearest=600, target=602, dist=0.89, alpha=-0.02, vx=0.50, yaw_rate=-0.02, dir=1
[INFO] [1784986834.072712097] [waypoint_follower]: nearest=601, target=603, dist=0.79, alpha=0.02, vx=0.50, yaw_rate=0.02, dir=1
[INFO] [1784986835.072591029] [waypoint_follower]: nearest=602, target=604, dist=0.79, alpha=-0.01, vx=0.50, yaw_rate=-0.01, dir=1
[INFO] [1784986836.122636368] [waypoint_follower]: nearest=603, target=605, dist=0.74, alpha=-0.05, vx=0.50, yaw_rate=-0.05, dir=1
[INFO] [1784986837.123377278] [waypoint_follower]: nearest=604, target=606, dist=0.78, alpha=-0.05, vx=0.50, yaw_rate=-0.04, dir=1
[INFO] [1784986838.172494005] [waypoint_follower]: nearest=605, target=607, dist=0.76, alpha=-0.03, vx=0.50, yaw_rate=-0.02, dir=1
[INFO] [1784986839.174357479] [waypoint_follower]: nearest=606, target=608, dist=0.86, alpha=-0.02, vx=0.50, yaw_rate=-0.02, dir=1
[INFO] [1784986840.222914618] [waypoint_follower]: nearest=607, target=609, dist=0.85, alpha=-0.03, vx=0.50, yaw_rate=-0.03, dir=1
[INFO] [1784986841.273118266] [waypoint_follower]: nearest=608, target=610, dist=0.79, alpha=-0.10, vx=0.50, yaw_rate=-0.09, dir=1
[INFO] [1784986842.322641626] [waypoint_follower]: nearest=609, target=611, dist=0.69, alpha=-0.03, vx=0.50, yaw_rate=-0.02, dir=1
[INFO] [1784986843.372605509] [waypoint_follower]: nearest=611, target=613, dist=1.11, alpha=-0.04, vx=0.50, yaw_rate=-0.03, dir=1
[INFO] [1784986844.422650164] [waypoint_follower]: nearest=612, target=614, dist=1.18, alpha=-0.01, vx=0.50, yaw_rate=-0.01, dir=1
[INFO] [1784986845.472810598] [waypoint_follower]: nearest=613, target=615, dist=1.03, alpha=-0.02, vx=0.50, yaw_rate=-0.02, dir=1
[INFO] [1784986846.472632917] [waypoint_follower]: nearest=614, target=616, dist=1.01, alpha=-0.02, vx=0.50, yaw_rate=-0.02, dir=1
[INFO] [1784986847.523613010] [waypoint_follower]: nearest=615, target=617, dist=0.97, alpha=-0.00, vx=0.50, yaw_rate=-0.00, dir=1
[INFO] [1784986848.572743526] [waypoint_follower]: nearest=616, target=618, dist=0.87, alpha=0.01, vx=0.50, yaw_rate=0.00, dir=1
[INFO] [1784986849.623509479] [waypoint_follower]: nearest=617, target=619, dist=0.92, alpha=0.01, vx=0.50, yaw_rate=0.01, dir=1
[INFO] [1784986850.672497368] [waypoint_follower]: nearest=618, target=620, dist=0.84, alpha=-0.02, vx=0.50, yaw_rate=-0.01, dir=1
[INFO] [1784986851.672707576] [waypoint_follower]: nearest=619, target=621, dist=0.92, alpha=-0.04, vx=0.50, yaw_rate=-0.03, dir=1
[INFO] [1784986852.672744535] [waypoint_follower]: nearest=620, target=622, dist=0.91, alpha=-0.01, vx=0.50, yaw_rate=-0.00, dir=1
[INFO] [1784986853.723322066] [waypoint_follower]: nearest=621, target=623, dist=0.97, alpha=-0.03, vx=0.50, yaw_rate=-0.02, dir=1
[INFO] [1784986854.772635251] [waypoint_follower]: nearest=622, target=624, dist=1.00, alpha=-0.01, vx=0.50, yaw_rate=-0.01, dir=1
[INFO] [1784986855.823468616] [waypoint_follower]: nearest=623, target=625, dist=0.93, alpha=-0.03, vx=0.50, yaw_rate=-0.02, dir=1
[INFO] [1784986856.872481067] [waypoint_follower]: nearest=624, target=626, dist=0.87, alpha=-0.04, vx=0.50, yaw_rate=-0.04, dir=1
[INFO] [1784986857.873524385] [waypoint_follower]: nearest=625, target=627, dist=0.84, alpha=-0.02, vx=0.50, yaw_rate=-0.02, dir=1
[INFO] [1784986858.923010625] [waypoint_follower]: nearest=626, target=628, dist=0.85, alpha=-0.00, vx=0.50, yaw_rate=-0.00, dir=1
[INFO] [1784986859.923072874] [waypoint_follower]: nearest=627, target=629, dist=0.90, alpha=-0.00, vx=0.50, yaw_rate=-0.00, dir=1
[INFO] [1784986860.974609361] [waypoint_follower]: nearest=628, target=630, dist=0.80, alpha=-0.01, vx=0.50, yaw_rate=-0.01, dir=1
[INFO] [1784986861.973470971] [waypoint_follower]: nearest=629, target=631, dist=0.81, alpha=-0.01, vx=0.50, yaw_rate=-0.01, dir=1
[INFO] [1784986863.023123469] [waypoint_follower]: nearest=630, target=632, dist=0.73, alpha=-0.02, vx=0.50, yaw_rate=-0.02, dir=1
[INFO] [1784986864.072876064] [waypoint_follower]: nearest=631, target=633, dist=0.78, alpha=-0.02, vx=0.50, yaw_rate=-0.02, dir=1
[INFO] [1784986865.074403687] [waypoint_follower]: nearest=632, target=634, dist=0.71, alpha=-0.01, vx=0.50, yaw_rate=-0.01, dir=1
[INFO] [1784986866.123962658] [waypoint_follower]: nearest=633, target=635, dist=0.70, alpha=-0.02, vx=0.50, yaw_rate=-0.01, dir=1
[INFO] [1784986867.123180852] [waypoint_follower]: nearest=635, target=637, dist=1.17, alpha=-0.02, vx=0.50, yaw_rate=-0.02, dir=1
[INFO] [1784986868.122777080] [waypoint_follower]: nearest=636, target=638, dist=1.11, alpha=-0.09, vx=0.50, yaw_rate=-0.08, dir=1
[INFO] [1784986869.127170671] [waypoint_follower]: nearest=637, target=639, dist=1.10, alpha=-0.09, vx=0.50, yaw_rate=-0.08, dir=1
[INFO] [1784986870.172578136] [waypoint_follower]: nearest=638, target=640, dist=1.06, alpha=-0.06, vx=0.50, yaw_rate=-0.06, dir=1
[INFO] [1784986871.172691556] [waypoint_follower]: nearest=639, target=641, dist=1.09, alpha=-0.04, vx=0.50, yaw_rate=-0.04, dir=1
[INFO] [1784986872.222680857] [waypoint_follower]: nearest=640, target=642, dist=0.95, alpha=-0.03, vx=0.50, yaw_rate=-0.02, dir=1
[INFO] [1784986873.272623664] [waypoint_follower]: nearest=641, target=643, dist=0.91, alpha=0.03, vx=0.50, yaw_rate=0.03, dir=1
[INFO] [1784986874.323211959] [waypoint_follower]: nearest=642, target=644, dist=0.79, alpha=-0.02, vx=0.50, yaw_rate=-0.01, dir=1
[INFO] [1784986875.373259235] [waypoint_follower]: nearest=643, target=645, dist=0.82, alpha=0.02, vx=0.50, yaw_rate=0.02, dir=1
[INFO] [1784986876.422617916] [waypoint_follower]: nearest=644, target=646, dist=0.81, alpha=-0.01, vx=0.50, yaw_rate=-0.01, dir=1
[INFO] [1784986877.472681921] [waypoint_follower]: nearest=646, target=648, dist=1.15, alpha=-0.02, vx=0.50, yaw_rate=-0.01, dir=1
[INFO] [1784986878.522513490] [waypoint_follower]: nearest=647, target=649, dist=1.11, alpha=-0.00, vx=0.50, yaw_rate=-0.00, dir=1
[INFO] [1784986879.523055826] [waypoint_follower]: nearest=648, target=650, dist=1.11, alpha=0.01, vx=0.50, yaw_rate=0.01, dir=1
[INFO] [1784986880.573332242] [waypoint_follower]: nearest=649, target=651, dist=1.09, alpha=0.03, vx=0.50, yaw_rate=0.03, dir=1
[INFO] [1784986881.623587438] [waypoint_follower]: nearest=650, target=652, dist=1.05, alpha=-0.00, vx=0.50, yaw_rate=-0.00, dir=1
[INFO] [1784986882.672741681] [waypoint_follower]: nearest=651, target=653, dist=0.97, alpha=0.01, vx=0.50, yaw_rate=0.01, dir=1
[INFO] [1784986883.673403875] [waypoint_follower]: nearest=652, target=654, dist=1.00, alpha=-0.02, vx=0.50, yaw_rate=-0.02, dir=1
[INFO] [1784986884.722692359] [waypoint_follower]: nearest=653, target=655, dist=0.90, alpha=-0.00, vx=0.50, yaw_rate=-0.00, dir=1
[INFO] [1784986885.722945802] [waypoint_follower]: nearest=654, target=656, dist=0.96, alpha=-0.03, vx=0.50, yaw_rate=-0.03, dir=1
[INFO] [1784986886.772714261] [waypoint_follower]: nearest=655, target=657, dist=0.89, alpha=-0.00, vx=0.50, yaw_rate=-0.00, dir=1
[INFO] [1784986887.823245636] [waypoint_follower]: nearest=656, target=658, dist=0.86, alpha=-0.04, vx=0.50, yaw_rate=-0.03, dir=1
[INFO] [1784986888.823853585] [waypoint_follower]: nearest=657, target=659, dist=0.77, alpha=0.00, vx=0.50, yaw_rate=0.00, dir=1
[INFO] [1784986889.874019999] [waypoint_follower]: nearest=658, target=660, dist=0.73, alpha=-0.00, vx=0.50, yaw_rate=-0.00, dir=1
[INFO] [1784986890.926070181] [waypoint_follower]: nearest=660, target=662, dist=1.10, alpha=-0.02, vx=0.50, yaw_rate=-0.02, dir=1
[INFO] [1784986891.922713661] [waypoint_follower]: nearest=661, target=663, dist=1.08, alpha=0.01, vx=0.50, yaw_rate=0.00, dir=1
[INFO] [1784986892.923928643] [waypoint_follower]: nearest=662, target=664, dist=0.96, alpha=-0.00, vx=0.50, yaw_rate=-0.00, dir=1
[INFO] [1784986893.975574548] [waypoint_follower]: nearest=663, target=665, dist=0.92, alpha=0.01, vx=0.50, yaw_rate=0.01, dir=1
[INFO] [1784986895.022572631] [waypoint_follower]: nearest=664, target=666, dist=0.87, alpha=0.01, vx=0.50, yaw_rate=0.01, dir=1
[INFO] [1784986896.022659010] [waypoint_follower]: nearest=665, target=667, dist=0.83, alpha=0.00, vx=0.50, yaw_rate=0.00, dir=1
[INFO] [1784986897.022642037] [waypoint_follower]: nearest=666, target=668, dist=0.78, alpha=0.02, vx=0.50, yaw_rate=0.02, dir=1
[INFO] [1784986898.072876078] [waypoint_follower]: nearest=667, target=669, dist=0.65, alpha=0.01, vx=0.50, yaw_rate=0.00, dir=1
[INFO] [1784986899.073525888] [waypoint_follower]: nearest=669, target=671, dist=1.04, alpha=0.03, vx=0.50, yaw_rate=0.02, dir=1
[INFO] [1784986900.122867025] [waypoint_follower]: nearest=670, target=672, dist=1.00, alpha=-0.01, vx=0.50, yaw_rate=-0.01, dir=1
[INFO] [1784986901.123117350] [waypoint_follower]: nearest=671, target=673, dist=0.98, alpha=-0.03, vx=0.50, yaw_rate=-0.02, dir=1
[INFO] [1784986902.122651882] [waypoint_follower]: nearest=672, target=674, dist=0.99, alpha=-0.02, vx=0.50, yaw_rate=-0.02, dir=1
[INFO] [1784986903.172837095] [waypoint_follower]: nearest=673, target=675, dist=0.92, alpha=0.05, vx=0.50, yaw_rate=0.05, dir=1
[INFO] [1784986904.222853057] [waypoint_follower]: nearest=674, target=676, dist=0.90, alpha=0.03, vx=0.50, yaw_rate=0.02, dir=1
[INFO] [1784986905.222869460] [waypoint_follower]: nearest=675, target=677, dist=0.89, alpha=-0.00, vx=0.50, yaw_rate=-0.00, dir=1
[INFO] [1784986906.273083610] [waypoint_follower]: nearest=676, target=678, dist=0.84, alpha=-0.02, vx=0.50, yaw_rate=-0.01, dir=1
[INFO] [1784986907.322700310] [waypoint_follower]: nearest=677, target=679, dist=0.86, alpha=-0.01, vx=0.50, yaw_rate=-0.01, dir=1
[INFO] [1784986908.372860896] [waypoint_follower]: nearest=678, target=680, dist=0.76, alpha=0.01, vx=0.50, yaw_rate=0.01, dir=1
[INFO] [1784986909.372884835] [waypoint_follower]: nearest=679, target=681, dist=0.78, alpha=-0.04, vx=0.50, yaw_rate=-0.03, dir=1
[INFO] [1784986910.372760844] [waypoint_follower]: nearest=680, target=682, dist=0.83, alpha=-0.03, vx=0.50, yaw_rate=-0.03, dir=1
[INFO] [1784986911.423059431] [waypoint_follower]: nearest=680, target=682, dist=0.80, alpha=-0.05, vx=0.50, yaw_rate=-0.04, dir=1
[INFO] [1784986912.472776085] [waypoint_follower]: nearest=680, target=682, dist=0.80, alpha=-0.05, vx=0.50, yaw_rate=-0.05, dir=1
[WARN] [1784986912.573089878] [waypoint_follower]: stuck recovery: nearest_index 680 -> 680
[INFO] [1784986913.473222624] [waypoint_follower]: nearest=680, target=682, dist=0.79, alpha=-0.04, vx=0.50, yaw_rate=-0.04, dir=1
[INFO] [1784986914.522645042] [waypoint_follower]: nearest=680, target=682, dist=0.81, alpha=-0.05, vx=0.50, yaw_rate=-0.04, dir=1
[WARN] [1784986915.573160045] [waypoint_follower]: stuck recovery: nearest_index 680 -> 680
[INFO] [1784986915.574454971] [waypoint_follower]: nearest=680, target=682, dist=0.80, alpha=-0.04, vx=0.50, yaw_rate=-0.04, dir=1
[INFO] [1784986916.573560764] [waypoint_follower]: nearest=680, target=682, dist=0.79, alpha=-0.03, vx=0.50, yaw_rate=-0.03, dir=1
[INFO] [1784986917.622565253] [waypoint_follower]: nearest=680, target=682, dist=0.81, alpha=-0.05, vx=0.50, yaw_rate=-0.04, dir=1
[WARN] [1784986918.576311981] [waypoint_follower]: stuck recovery: nearest_index 680 -> 680
[INFO] [1784986918.623702274] [waypoint_follower]: nearest=680, target=682, dist=0.79, alpha=-0.04, vx=0.50, yaw_rate=-0.04, dir=1
[INFO] [1784986919.630616850] [waypoint_follower]: nearest=680, target=682, dist=0.81, alpha=-0.04, vx=0.50, yaw_rate=-0.04, dir=1
[INFO] [1784986920.673972265] [waypoint_follower]: nearest=681, target=683, dist=1.12, alpha=-0.04, vx=0.50, yaw_rate=-0.04, dir=1
[INFO] [1784986921.723019657] [waypoint_follower]: nearest=681, target=683, dist=1.11, alpha=-0.01, vx=0.50, yaw_rate=-0.01, dir=1
[INFO] [1784986922.772615633] [waypoint_follower]: nearest=681, target=683, dist=1.10, alpha=0.10, vx=0.50, yaw_rate=0.09, dir=1
[WARN] [1784986923.573192773] [waypoint_follower]: stuck recovery: nearest_index 681 -> 681
[INFO] [1784986923.772680869] [waypoint_follower]: nearest=682, target=684, dist=1.11, alpha=0.15, vx=0.50, yaw_rate=0.13, dir=1
[INFO] [1784986924.822714172] [waypoint_follower]: nearest=683, target=685, dist=0.96, alpha=0.07, vx=0.50, yaw_rate=0.06, dir=1
[INFO] [1784986925.822732586] [waypoint_follower]: nearest=683, target=685, dist=0.94, alpha=0.47, vx=0.50, yaw_rate=0.42, dir=1
[INFO] [1784986926.873325799] [waypoint_follower]: nearest=684, target=686, dist=1.12, alpha=0.54, vx=0.25, yaw_rate=0.45, dir=1
[INFO] [1784986927.922724693] [waypoint_follower]: nearest=685, target=687, dist=1.09, alpha=0.14, vx=0.50, yaw_rate=0.13, dir=1
[INFO] [1784986928.972659305] [waypoint_follower]: nearest=685, target=687, dist=0.89, alpha=0.12, vx=0.50, yaw_rate=0.10, dir=1
[INFO] [1784986930.022807740] [waypoint_follower]: nearest=685, target=687, dist=0.90, alpha=0.81, vx=0.25, yaw_rate=0.45, dir=1
[INFO] [1784986931.022631237] [waypoint_follower]: nearest=687, target=689, dist=1.14, alpha=0.71, vx=0.25, yaw_rate=0.45, dir=1
[INFO] [1784986932.024739612] [waypoint_follower]: nearest=687, target=689, dist=0.80, alpha=0.54, vx=0.25, yaw_rate=0.45, dir=1
[INFO] [1784986933.073620226] [waypoint_follower]: nearest=688, target=690, dist=0.96, alpha=0.09, vx=0.50, yaw_rate=0.08, dir=1
[INFO] [1784986934.122990257] [waypoint_follower]: nearest=688, target=690, dist=0.96, alpha=0.09, vx=0.50, yaw_rate=0.09, dir=1
[WARN] [1784986935.123757125] [waypoint_follower]: stuck recovery: nearest_index 688 -> 688
[INFO] [1784986935.174312337] [waypoint_follower]: nearest=688, target=690, dist=0.97, alpha=0.86, vx=0.25, yaw_rate=0.45, dir=1
[INFO] [1784986936.223142377] [waypoint_follower]: nearest=690, target=692, dist=1.15, alpha=0.85, vx=0.25, yaw_rate=0.45, dir=1
[INFO] [1784986937.272811444] [waypoint_follower]: nearest=692, target=694, dist=1.03, alpha=0.47, vx=0.50, yaw_rate=0.42, dir=1
[INFO] [1784986938.274169561] [waypoint_follower]: nearest=693, target=695, dist=1.10, alpha=0.03, vx=0.50, yaw_rate=0.03, dir=1
[INFO] [1784986939.323236710] [waypoint_follower]: nearest=693, target=695, dist=1.11, alpha=0.72, vx=0.25, yaw_rate=0.45, dir=1
[INFO] [1784986940.372654050] [waypoint_follower]: nearest=694, target=696, dist=1.37, alpha=1.16, vx=0.00, yaw_rate=0.45, dir=1
[INFO] [1784986941.372640605] [waypoint_follower]: nearest=696, target=698, dist=1.56, alpha=0.82, vx=0.25, yaw_rate=0.45, dir=1
[INFO] [1784986942.422856807] [waypoint_follower]: nearest=698, target=700, dist=1.15, alpha=0.53, vx=0.25, yaw_rate=0.45, dir=1
[INFO] [1784986943.423238357] [waypoint_follower]: nearest=701, target=703, dist=1.42, alpha=1.06, vx=0.00, yaw_rate=0.45, dir=1
[INFO] [1784986944.423643122] [waypoint_follower]: nearest=703, target=705, dist=1.47, alpha=0.74, vx=0.25, yaw_rate=0.45, dir=1
[INFO] [1784986945.473053726] [waypoint_follower]: nearest=704, target=706, dist=1.28, alpha=0.21, vx=0.50, yaw_rate=0.19, dir=1
[INFO] [1784986946.523577355] [waypoint_follower]: nearest=705, target=707, dist=1.13, alpha=-0.23, vx=0.50, yaw_rate=-0.21, dir=1
[INFO] [1784986947.543744223] [waypoint_follower]: nearest=706, target=708, dist=1.10, alpha=-0.36, vx=0.50, yaw_rate=-0.33, dir=1
[INFO] [1784986948.579856957] [waypoint_follower]: nearest=707, target=709, dist=1.04, alpha=-0.29, vx=0.50, yaw_rate=-0.26, dir=1
[INFO] [1784986949.622665145] [waypoint_follower]: nearest=708, target=710, dist=1.02, alpha=-0.13, vx=0.50, yaw_rate=-0.12, dir=1
[INFO] [1784986950.622805922] [waypoint_follower]: nearest=709, target=711, dist=1.00, alpha=-0.08, vx=0.50, yaw_rate=-0.07, dir=1
[INFO] [1784986951.672721279] [waypoint_follower]: nearest=710, target=712, dist=1.02, alpha=-0.04, vx=0.50, yaw_rate=-0.04, dir=1
[INFO] [1784986952.722584541] [waypoint_follower]: nearest=711, target=713, dist=0.97, alpha=0.02, vx=0.50, yaw_rate=0.02, dir=1
[INFO] [1784986953.722807515] [waypoint_follower]: nearest=712, target=714, dist=0.97, alpha=0.03, vx=0.50, yaw_rate=0.03, dir=1
[INFO] [1784986954.723268056] [waypoint_follower]: nearest=713, target=715, dist=0.91, alpha=0.03, vx=0.50, yaw_rate=0.03, dir=1
[INFO] [1784986955.723787198] [waypoint_follower]: nearest=714, target=716, dist=0.93, alpha=0.06, vx=0.50, yaw_rate=0.05, dir=1
[INFO] [1784986956.773558943] [waypoint_follower]: nearest=715, target=717, dist=0.86, alpha=0.01, vx=0.50, yaw_rate=0.01, dir=1
[INFO] [1784986957.772723568] [waypoint_follower]: nearest=716, target=718, dist=0.88, alpha=-0.01, vx=0.50, yaw_rate=-0.01, dir=1
[INFO] [1784986958.822783633] [waypoint_follower]: nearest=717, target=719, dist=0.86, alpha=0.02, vx=0.50, yaw_rate=0.01, dir=1
[INFO] [1784986959.873179804] [waypoint_follower]: nearest=718, target=720, dist=0.76, alpha=-0.00, vx=0.50, yaw_rate=-0.00, dir=1
[INFO] [1784986960.923334799] [waypoint_follower]: nearest=719, target=721, dist=0.79, alpha=-0.01, vx=0.50, yaw_rate=-0.01, dir=1
[INFO] [1784986961.972878591] [waypoint_follower]: nearest=720, target=722, dist=0.67, alpha=-0.01, vx=0.50, yaw_rate=-0.01, dir=1
[INFO] [1784986963.023091049] [waypoint_follower]: nearest=722, target=724, dist=1.12, alpha=-0.06, vx=0.50, yaw_rate=-0.06, dir=1
[INFO] [1784986964.022951932] [waypoint_follower]: nearest=723, target=725, dist=1.01, alpha=0.04, vx=0.50, yaw_rate=0.03, dir=1
[INFO] [1784986965.023122375] [waypoint_follower]: nearest=724, target=726, dist=1.03, alpha=-0.01, vx=0.50, yaw_rate=-0.01, dir=1
[INFO] [1784986966.072913226] [waypoint_follower]: nearest=725, target=727, dist=0.99, alpha=-0.00, vx=0.50, yaw_rate=-0.00, dir=1
[INFO] [1784986967.122688134] [waypoint_follower]: nearest=726, target=728, dist=0.95, alpha=-0.02, vx=0.50, yaw_rate=-0.01, dir=1
[INFO] [1784986968.122776576] [waypoint_follower]: nearest=727, target=729, dist=0.94, alpha=0.00, vx=0.50, yaw_rate=0.00, dir=1
[INFO] [1784986969.125629582] [waypoint_follower]: nearest=728, target=730, dist=0.99, alpha=-0.04, vx=0.50, yaw_rate=-0.03, dir=1
[INFO] [1784986970.172740594] [waypoint_follower]: nearest=729, target=731, dist=0.87, alpha=0.02, vx=0.50, yaw_rate=0.02, dir=1
[INFO] [1784986971.173149914] [waypoint_follower]: nearest=730, target=732, dist=0.80, alpha=0.02, vx=0.50, yaw_rate=0.01, dir=1
[INFO] [1784986972.173431439] [waypoint_follower]: nearest=731, target=733, dist=0.79, alpha=-0.02, vx=0.50, yaw_rate=-0.02, dir=1
[INFO] [1784986973.224460344] [waypoint_follower]: nearest=732, target=734, dist=0.82, alpha=0.02, vx=0.50, yaw_rate=0.02, dir=1
[INFO] [1784986974.231824655] [waypoint_follower]: nearest=733, target=735, dist=0.89, alpha=-0.05, vx=0.50, yaw_rate=-0.04, dir=1
[INFO] [1784986975.272910791] [waypoint_follower]: nearest=734, target=736, dist=0.87, alpha=-0.01, vx=0.50, yaw_rate=-0.01, dir=1
[INFO] [1784986976.322721067] [waypoint_follower]: nearest=735, target=737, dist=0.82, alpha=-0.00, vx=0.50, yaw_rate=-0.00, dir=1
[INFO] [1784986977.322917371] [waypoint_follower]: nearest=736, target=738, dist=0.73, alpha=-0.01, vx=0.50, yaw_rate=-0.01, dir=1
[INFO] [1784986978.372824604] [waypoint_follower]: nearest=737, target=739, dist=0.71, alpha=-0.01, vx=0.50, yaw_rate=-0.01, dir=1
[INFO] [1784986979.423214746] [waypoint_follower]: nearest=739, target=741, dist=1.14, alpha=0.01, vx=0.50, yaw_rate=0.00, dir=1
[INFO] [1784986980.473068680] [waypoint_follower]: nearest=739, target=741, dist=0.67, alpha=-0.03, vx=0.50, yaw_rate=-0.03, dir=1
[INFO] [1784986981.473440569] [waypoint_follower]: nearest=741, target=743, dist=1.11, alpha=0.00, vx=0.50, yaw_rate=0.00, dir=1
[INFO] [1784986982.523875017] [waypoint_follower]: nearest=742, target=744, dist=1.08, alpha=-0.02, vx=0.50, yaw_rate=-0.02, dir=1
[INFO] [1784986983.572768603] [waypoint_follower]: nearest=743, target=745, dist=1.09, alpha=-0.02, vx=0.50, yaw_rate=-0.02, dir=1
[INFO] [1784986984.622911424] [waypoint_follower]: nearest=744, target=746, dist=1.06, alpha=-0.01, vx=0.50, yaw_rate=-0.01, dir=1
[INFO] [1784986985.672795205] [waypoint_follower]: nearest=745, target=747, dist=1.07, alpha=-0.00, vx=0.50, yaw_rate=-0.00, dir=1
[INFO] [1784986986.722721659] [waypoint_follower]: nearest=746, target=748, dist=1.03, alpha=0.03, vx=0.50, yaw_rate=0.03, dir=1
[INFO] [1784986987.722757397] [waypoint_follower]: nearest=747, target=749, dist=0.99, alpha=0.01, vx=0.50, yaw_rate=0.01, dir=1
[INFO] [1784986988.724036595] [waypoint_follower]: nearest=748, target=750, dist=0.93, alpha=-0.01, vx=0.50, yaw_rate=-0.01, dir=1
[INFO] [1784986989.772993310] [waypoint_follower]: nearest=749, target=751, dist=0.93, alpha=-0.00, vx=0.50, yaw_rate=-0.00, dir=1
[INFO] [1784986990.823150718] [waypoint_follower]: nearest=750, target=752, dist=0.88, alpha=0.00, vx=0.50, yaw_rate=0.00, dir=1
[INFO] [1784986991.872675854] [waypoint_follower]: nearest=751, target=753, dist=0.84, alpha=-0.01, vx=0.50, yaw_rate=-0.01, dir=1
[INFO] [1784986992.873004950] [waypoint_follower]: nearest=752, target=754, dist=0.84, alpha=-0.04, vx=0.50, yaw_rate=-0.03, dir=1
[INFO] [1784986993.873156296] [waypoint_follower]: nearest=753, target=755, dist=0.90, alpha=-0.01, vx=0.50, yaw_rate=-0.01, dir=1
[INFO] [1784986994.922766355] [waypoint_follower]: nearest=754, target=756, dist=0.80, alpha=0.00, vx=0.50, yaw_rate=0.00, dir=1
[INFO] [1784986995.923163135] [waypoint_follower]: nearest=755, target=757, dist=0.86, alpha=-0.02, vx=0.50, yaw_rate=-0.02, dir=1
[INFO] [1784986996.973054002] [waypoint_follower]: nearest=756, target=758, dist=0.74, alpha=-0.01, vx=0.50, yaw_rate=-0.01, dir=1
[INFO] [1784986998.025385408] [waypoint_follower]: nearest=757, target=759, dist=0.72, alpha=-0.01, vx=0.50, yaw_rate=-0.01, dir=1
[INFO] [1784986999.072657239] [waypoint_follower]: nearest=758, target=760, dist=0.74, alpha=-0.04, vx=0.50, yaw_rate=-0.03, dir=1
[INFO] [1784987000.073600507] [waypoint_follower]: nearest=760, target=762, dist=1.19, alpha=-0.01, vx=0.50, yaw_rate=-0.01, dir=1
[INFO] [1784987001.123044699] [waypoint_follower]: nearest=760, target=762, dist=0.75, alpha=0.00, vx=0.50, yaw_rate=0.00, dir=1
[INFO] [1784987002.122832505] [waypoint_follower]: nearest=762, target=764, dist=1.19, alpha=0.01, vx=0.50, yaw_rate=0.01, dir=1
[INFO] [1784987003.123190905] [waypoint_follower]: nearest=763, target=765, dist=1.23, alpha=0.01, vx=0.50, yaw_rate=0.01, dir=1
[INFO] [1784987004.173055676] [waypoint_follower]: nearest=764, target=766, dist=1.25, alpha=-0.02, vx=0.50, yaw_rate=-0.02, dir=1
[INFO] [1784987005.222979143] [waypoint_follower]: nearest=765, target=767, dist=1.21, alpha=-0.03, vx=0.50, yaw_rate=-0.03, dir=1
[INFO] [1784987006.224008621] [waypoint_follower]: nearest=766, target=768, dist=1.20, alpha=-0.02, vx=0.50, yaw_rate=-0.01, dir=1
[INFO] [1784987007.273062002] [waypoint_follower]: nearest=767, target=769, dist=1.15, alpha=0.03, vx=0.50, yaw_rate=0.02, dir=1
[INFO] [1784987008.272957837] [waypoint_follower]: nearest=768, target=770, dist=1.18, alpha=0.03, vx=0.50, yaw_rate=0.02, dir=1
[INFO] [1784987009.273361034] [waypoint_follower]: nearest=769, target=771, dist=1.09, alpha=0.09, vx=0.50, yaw_rate=0.08, dir=1
[INFO] [1784987010.322569624] [waypoint_follower]: nearest=770, target=772, dist=1.04, alpha=0.37, vx=0.50, yaw_rate=0.33, dir=1
[INFO] [1784987011.323926182] [waypoint_follower]: nearest=771, target=773, dist=1.07, alpha=0.18, vx=0.50, yaw_rate=0.16, dir=1
[INFO] [1784987012.372540187] [waypoint_follower]: nearest=772, target=774, dist=1.03, alpha=0.07, vx=0.50, yaw_rate=0.06, dir=1
[INFO] [1784987013.373158472] [waypoint_follower]: nearest=773, target=775, dist=1.03, alpha=0.06, vx=0.50, yaw_rate=0.05, dir=1
[INFO] [1784987014.373071087] [waypoint_follower]: nearest=774, target=776, dist=1.04, alpha=0.09, vx=0.50, yaw_rate=0.08, dir=1
[INFO] [1784987015.422828762] [waypoint_follower]: nearest=775, target=777, dist=1.02, alpha=0.09, vx=0.50, yaw_rate=0.08, dir=1
[INFO] [1784987016.423007407] [waypoint_follower]: nearest=776, target=778, dist=0.99, alpha=0.13, vx=0.50, yaw_rate=0.12, dir=1
[INFO] [1784987017.472636936] [waypoint_follower]: nearest=777, target=779, dist=1.02, alpha=0.26, vx=0.50, yaw_rate=0.23, dir=1
[INFO] [1784987018.472689756] [waypoint_follower]: nearest=778, target=780, dist=1.02, alpha=0.20, vx=0.50, yaw_rate=0.18, dir=1
[INFO] [1784987019.473173268] [waypoint_follower]: nearest=779, target=781, dist=1.04, alpha=0.08, vx=0.50, yaw_rate=0.07, dir=1
[INFO] [1784987020.522922958] [waypoint_follower]: nearest=780, target=782, dist=0.97, alpha=0.00, vx=0.50, yaw_rate=0.00, dir=1
[INFO] [1784987021.573560934] [waypoint_follower]: nearest=781, target=783, dist=0.89, alpha=-0.01, vx=0.50, yaw_rate=-0.01, dir=1
[INFO] [1784987022.622967741] [waypoint_follower]: nearest=782, target=784, dist=0.94, alpha=0.00, vx=0.50, yaw_rate=0.00, dir=1
[INFO] [1784987023.623308400] [waypoint_follower]: nearest=783, target=785, dist=1.00, alpha=0.04, vx=0.50, yaw_rate=0.04, dir=1
[INFO] [1784987024.672861571] [waypoint_follower]: nearest=784, target=786, dist=1.11, alpha=0.13, vx=0.50, yaw_rate=0.11, dir=1
[INFO] [1784987025.722690032] [waypoint_follower]: nearest=785, target=787, dist=1.00, alpha=0.12, vx=0.50, yaw_rate=0.11, dir=1
[INFO] [1784987026.724331163] [waypoint_follower]: nearest=786, target=788, dist=1.02, alpha=0.08, vx=0.50, yaw_rate=0.07, dir=1
[INFO] [1784987027.772597615] [waypoint_follower]: nearest=787, target=789, dist=1.03, alpha=0.10, vx=0.50, yaw_rate=0.09, dir=1
[INFO] [1784987028.823115395] [waypoint_follower]: nearest=788, target=790, dist=0.99, alpha=0.06, vx=0.50, yaw_rate=0.06, dir=1
[INFO] [1784987029.872984376] [waypoint_follower]: nearest=789, target=791, dist=1.09, alpha=0.07, vx=0.50, yaw_rate=0.07, dir=1
[INFO] [1784987030.923538259] [waypoint_follower]: nearest=790, target=792, dist=0.97, alpha=0.03, vx=0.50, yaw_rate=0.02, dir=1
[INFO] [1784987031.972586259] [waypoint_follower]: nearest=791, target=793, dist=0.87, alpha=0.00, vx=0.50, yaw_rate=0.00, dir=1
[INFO] [1784987032.973833907] [waypoint_follower]: nearest=792, target=794, dist=0.95, alpha=-0.02, vx=0.50, yaw_rate=-0.02, dir=1
[INFO] [1784987034.022710203] [waypoint_follower]: nearest=793, target=795, dist=0.97, alpha=-0.02, vx=0.50, yaw_rate=-0.02, dir=1
[INFO] [1784987035.022738239] [waypoint_follower]: nearest=794, target=796, dist=0.97, alpha=-0.03, vx=0.50, yaw_rate=-0.03, dir=1
[INFO] [1784987036.073249473] [waypoint_follower]: nearest=795, target=797, dist=0.92, alpha=-0.00, vx=0.50, yaw_rate=-0.00, dir=1
[INFO] [1784987037.073199766] [waypoint_follower]: nearest=796, target=798, dist=0.98, alpha=-0.03, vx=0.50, yaw_rate=-0.02, dir=1
[INFO] [1784987038.122769948] [waypoint_follower]: nearest=797, target=799, dist=0.87, alpha=0.00, vx=0.50, yaw_rate=0.00, dir=1
[INFO] [1784987039.122752028] [waypoint_follower]: nearest=798, target=800, dist=0.91, alpha=0.00, vx=0.50, yaw_rate=0.00, dir=1
[INFO] [1784987040.173074301] [waypoint_follower]: nearest=799, target=801, dist=0.86, alpha=-0.01, vx=0.50, yaw_rate=-0.01, dir=1
[INFO] [1784987041.224342582] [waypoint_follower]: nearest=800, target=802, dist=0.92, alpha=-0.03, vx=0.50, yaw_rate=-0.02, dir=1
[INFO] [1784987042.273274674] [waypoint_follower]: nearest=801, target=803, dist=0.89, alpha=-0.04, vx=0.50, yaw_rate=-0.04, dir=1
[INFO] [1784987043.322770773] [waypoint_follower]: nearest=802, target=804, dist=0.90, alpha=-0.03, vx=0.50, yaw_rate=-0.03, dir=1
[INFO] [1784987044.372917341] [waypoint_follower]: nearest=803, target=805, dist=0.89, alpha=-0.03, vx=0.50, yaw_rate=-0.03, dir=1
[INFO] [1784987045.375544667] [waypoint_follower]: nearest=804, target=806, dist=0.85, alpha=-0.01, vx=0.50, yaw_rate=-0.01, dir=1
[INFO] [1784987046.423343163] [waypoint_follower]: nearest=805, target=807, dist=0.84, alpha=0.01, vx=0.50, yaw_rate=0.01, dir=1
[INFO] [1784987047.473127558] [waypoint_follower]: nearest=806, target=808, dist=0.85, alpha=-0.05, vx=0.50, yaw_rate=-0.04, dir=1
[INFO] [1784987048.472857691] [waypoint_follower]: nearest=807, target=809, dist=0.78, alpha=-0.05, vx=0.50, yaw_rate=-0.04, dir=1
[INFO] [1784987049.522923599] [waypoint_follower]: nearest=808, target=810, dist=0.79, alpha=0.01, vx=0.50, yaw_rate=0.01, dir=1
[INFO] [1784987050.572554994] [waypoint_follower]: nearest=809, target=811, dist=0.82, alpha=-0.03, vx=0.50, yaw_rate=-0.03, dir=1
[INFO] [1784987051.573016580] [waypoint_follower]: nearest=810, target=812, dist=0.84, alpha=-0.01, vx=0.50, yaw_rate=-0.01, dir=1
[INFO] [1784987052.574499802] [waypoint_follower]: nearest=811, target=813, dist=0.92, alpha=-0.04, vx=0.50, yaw_rate=-0.03, dir=1
[INFO] [1784987053.622616771] [waypoint_follower]: nearest=812, target=814, dist=0.92, alpha=-0.01, vx=0.50, yaw_rate=-0.01, dir=1
[INFO] [1784987054.625450791] [waypoint_follower]: nearest=813, target=814, dist=0.42, alpha=-0.04, vx=0.50, yaw_rate=-0.03, dir=1
[INFO] [1784987055.675759112] [waypoint_follower]: nearest=814, target=816, dist=0.90, alpha=-0.04, vx=0.50, yaw_rate=-0.04, dir=1
[INFO] [1784987056.723607368] [waypoint_follower]: nearest=815, target=817, dist=0.90, alpha=-0.06, vx=0.50, yaw_rate=-0.05, dir=1
[INFO] [1784987057.773091520] [waypoint_follower]: nearest=816, target=818, dist=0.81, alpha=-0.05, vx=0.50, yaw_rate=-0.04, dir=1
[INFO] [1784987058.822854089] [waypoint_follower]: nearest=817, target=819, dist=0.76, alpha=-0.01, vx=0.50, yaw_rate=-0.01, dir=1
[INFO] [1784987059.872668618] [waypoint_follower]: nearest=818, target=820, dist=0.81, alpha=-0.01, vx=0.50, yaw_rate=-0.01, dir=1
[INFO] [1784987060.872670865] [waypoint_follower]: nearest=819, target=821, dist=0.95, alpha=-0.01, vx=0.50, yaw_rate=-0.01, dir=1
[INFO] [1784987061.922660376] [waypoint_follower]: nearest=820, target=821, dist=0.43, alpha=-0.02, vx=0.50, yaw_rate=-0.02, dir=1
[INFO] [1784987062.922799545] [waypoint_follower]: nearest=821, target=823, dist=0.95, alpha=0.00, vx=0.50, yaw_rate=0.00, dir=1
[INFO] [1784987063.972598612] [waypoint_follower]: nearest=822, target=824, dist=0.82, alpha=-0.00, vx=0.50, yaw_rate=-0.00, dir=1
[INFO] [1784987064.973741067] [waypoint_follower]: nearest=823, target=825, dist=0.80, alpha=-0.05, vx=0.50, yaw_rate=-0.04, dir=1
[INFO] [1784987066.022836910] [waypoint_follower]: nearest=824, target=826, dist=0.79, alpha=0.01, vx=0.50, yaw_rate=0.01, dir=1
[INFO] [1784987067.072657746] [waypoint_follower]: nearest=825, target=827, dist=0.74, alpha=-0.01, vx=0.50, yaw_rate=-0.01, dir=1
[INFO] [1784987068.073454436] [waypoint_follower]: nearest=826, target=828, dist=0.69, alpha=-0.01, vx=0.50, yaw_rate=-0.01, dir=1
[INFO] [1784987069.072742203] [waypoint_follower]: nearest=828, target=830, dist=1.14, alpha=-0.01, vx=0.50, yaw_rate=-0.01, dir=1
[INFO] [1784987070.073160720] [waypoint_follower]: nearest=828, target=830, dist=0.70, alpha=-0.03, vx=0.50, yaw_rate=-0.03, dir=1
[INFO] [1784987071.122985054] [waypoint_follower]: nearest=830, target=832, dist=1.03, alpha=0.02, vx=0.50, yaw_rate=0.02, dir=1
[INFO] [1784987072.172960381] [waypoint_follower]: nearest=831, target=833, dist=1.01, alpha=0.01, vx=0.50, yaw_rate=0.01, dir=1
[INFO] [1784987073.223780850] [waypoint_follower]: nearest=832, target=834, dist=1.04, alpha=-0.01, vx=0.50, yaw_rate=-0.01, dir=1
[INFO] [1784987074.273080568] [waypoint_follower]: nearest=833, target=835, dist=0.95, alpha=-0.03, vx=0.50, yaw_rate=-0.02, dir=1
[INFO] [1784987075.323179189] [waypoint_follower]: nearest=834, target=836, dist=0.91, alpha=-0.03, vx=0.50, yaw_rate=-0.02, dir=1
[INFO] [1784987076.372804154] [waypoint_follower]: nearest=835, target=837, dist=0.85, alpha=0.01, vx=0.50, yaw_rate=0.01, dir=1
[INFO] [1784987077.373129528] [waypoint_follower]: nearest=836, target=838, dist=0.84, alpha=-0.00, vx=0.50, yaw_rate=-0.00, dir=1
[INFO] [1784987078.424465825] [waypoint_follower]: nearest=837, target=839, dist=0.81, alpha=-0.01, vx=0.50, yaw_rate=-0.01, dir=1
[INFO] [1784987079.472668370] [waypoint_follower]: nearest=838, target=840, dist=0.77, alpha=-0.02, vx=0.50, yaw_rate=-0.02, dir=1
[INFO] [1784987080.522682677] [waypoint_follower]: nearest=839, target=841, dist=0.74, alpha=-0.04, vx=0.50, yaw_rate=-0.04, dir=1
[INFO] [1784987081.522866825] [waypoint_follower]: nearest=841, target=843, dist=1.24, alpha=0.01, vx=0.50, yaw_rate=0.01, dir=1
[INFO] [1784987082.572721428] [waypoint_follower]: nearest=842, target=844, dist=1.24, alpha=-0.03, vx=0.50, yaw_rate=-0.03, dir=1
[INFO] [1784987083.622774314] [waypoint_follower]: nearest=843, target=845, dist=1.28, alpha=-0.01, vx=0.50, yaw_rate=-0.01, dir=1
[INFO] [1784987084.622805476] [waypoint_follower]: nearest=843, target=845, dist=0.81, alpha=-0.03, vx=0.50, yaw_rate=-0.02, dir=1
[INFO] [1784987085.673598943] [waypoint_follower]: nearest=845, target=847, dist=1.28, alpha=0.02, vx=0.50, yaw_rate=0.02, dir=1
[INFO] [1784987086.722740585] [waypoint_follower]: nearest=845, target=847, dist=0.80, alpha=-0.02, vx=0.50, yaw_rate=-0.02, dir=1
[INFO] [1784987087.722826654] [waypoint_follower]: nearest=846, target=848, dist=0.85, alpha=0.00, vx=0.50, yaw_rate=0.00, dir=1
[INFO] [1784987088.723502115] [waypoint_follower]: nearest=847, target=849, dist=0.73, alpha=-0.06, vx=0.50, yaw_rate=-0.05, dir=1
[INFO] [1784987089.773063367] [waypoint_follower]: nearest=848, target=850, dist=0.81, alpha=-0.02, vx=0.50, yaw_rate=-0.02, dir=1
[INFO] [1784987090.772937720] [waypoint_follower]: nearest=849, target=851, dist=0.80, alpha=-0.04, vx=0.50, yaw_rate=-0.04, dir=1
[INFO] [1784987091.773148513] [waypoint_follower]: nearest=850, target=852, dist=0.82, alpha=-0.06, vx=0.50, yaw_rate=-0.06, dir=1
[INFO] [1784987092.822962146] [waypoint_follower]: nearest=851, target=853, dist=0.77, alpha=-0.03, vx=0.50, yaw_rate=-0.03, dir=1
[INFO] [1784987093.823703143] [waypoint_follower]: nearest=852, target=854, dist=0.76, alpha=-0.01, vx=0.50, yaw_rate=-0.01, dir=1
[INFO] [1784987094.824513708] [waypoint_follower]: nearest=853, target=855, dist=0.89, alpha=-0.02, vx=0.50, yaw_rate=-0.02, dir=1
[INFO] [1784987095.875734785] [waypoint_follower]: nearest=854, target=856, dist=0.87, alpha=-0.02, vx=0.50, yaw_rate=-0.02, dir=1
[INFO] [1784987096.922789045] [waypoint_follower]: nearest=855, target=857, dist=0.87, alpha=-0.05, vx=0.50, yaw_rate=-0.04, dir=1
[INFO] [1784987097.923154591] [waypoint_follower]: nearest=856, target=858, dist=0.84, alpha=-0.02, vx=0.50, yaw_rate=-0.02, dir=1
[INFO] [1784987098.972746931] [waypoint_follower]: nearest=857, target=859, dist=0.85, alpha=-0.02, vx=0.50, yaw_rate=-0.02, dir=1
[INFO] [1784987099.972700343] [waypoint_follower]: nearest=858, target=860, dist=0.97, alpha=0.03, vx=0.50, yaw_rate=0.03, dir=1
[INFO] [1784987101.022761652] [waypoint_follower]: nearest=859, target=861, dist=0.87, alpha=-0.01, vx=0.50, yaw_rate=-0.01, dir=1
[INFO] [1784987102.022784671] [waypoint_follower]: nearest=860, target=862, dist=0.96, alpha=-0.01, vx=0.50, yaw_rate=-0.01, dir=1
[INFO] [1784987103.072926452] [waypoint_follower]: nearest=861, target=863, dist=0.93, alpha=-0.02, vx=0.50, yaw_rate=-0.01, dir=1
[INFO] [1784987104.074973795] [waypoint_follower]: nearest=862, target=864, dist=0.99, alpha=-0.02, vx=0.50, yaw_rate=-0.02, dir=1
[INFO] [1784987105.122957077] [waypoint_follower]: nearest=863, target=865, dist=0.99, alpha=-0.02, vx=0.50, yaw_rate=-0.01, dir=1
[INFO] [1784987106.172702714] [waypoint_follower]: nearest=864, target=866, dist=1.01, alpha=-0.00, vx=0.50, yaw_rate=-0.00, dir=1
[INFO] [1784987107.172749690] [waypoint_follower]: nearest=865, target=867, dist=0.99, alpha=0.01, vx=0.50, yaw_rate=0.01, dir=1
[INFO] [1784987108.173764027] [waypoint_follower]: nearest=866, target=868, dist=0.96, alpha=-0.03, vx=0.50, yaw_rate=-0.03, dir=1
[INFO] [1784987109.222849646] [waypoint_follower]: nearest=867, target=869, dist=1.02, alpha=-0.02, vx=0.50, yaw_rate=-0.02, dir=1
[INFO] [1784987110.222763705] [waypoint_follower]: nearest=868, target=870, dist=1.03, alpha=-0.02, vx=0.50, yaw_rate=-0.02, dir=1
[INFO] [1784987111.272753280] [waypoint_follower]: nearest=869, target=871, dist=1.04, alpha=0.03, vx=0.50, yaw_rate=0.03, dir=1
[INFO] [1784987112.272907079] [waypoint_follower]: nearest=870, target=872, dist=0.98, alpha=-0.01, vx=0.50, yaw_rate=-0.01, dir=1
[INFO] [1784987113.322772482] [waypoint_follower]: nearest=871, target=873, dist=1.04, alpha=0.02, vx=0.50, yaw_rate=0.01, dir=1
[INFO] [1784987114.372965918] [waypoint_follower]: nearest=872, target=874, dist=1.02, alpha=-0.00, vx=0.50, yaw_rate=-0.00, dir=1
[INFO] [1784987115.422773874] [waypoint_follower]: nearest=873, target=875, dist=0.89, alpha=0.00, vx=0.50, yaw_rate=0.00, dir=1
[INFO] [1784987116.423202331] [waypoint_follower]: nearest=874, target=876, dist=0.94, alpha=0.01, vx=0.50, yaw_rate=0.01, dir=1
[INFO] [1784987117.472712070] [waypoint_follower]: nearest=875, target=877, dist=0.87, alpha=-0.01, vx=0.50, yaw_rate=-0.01, dir=1
[INFO] [1784987118.472935864] [waypoint_follower]: nearest=876, target=878, dist=0.94, alpha=0.01, vx=0.50, yaw_rate=0.01, dir=1
[INFO] [1784987119.522729767] [waypoint_follower]: nearest=877, target=879, dist=0.80, alpha=-0.01, vx=0.50, yaw_rate=-0.01, dir=1
[INFO] [1784987120.522807517] [waypoint_follower]: nearest=878, target=880, dist=0.84, alpha=-0.01, vx=0.50, yaw_rate=-0.01, dir=1
[INFO] [1784987121.573005515] [waypoint_follower]: nearest=879, target=881, dist=0.79, alpha=-0.01, vx=0.50, yaw_rate=-0.01, dir=1
[INFO] [1784987122.573439765] [waypoint_follower]: nearest=880, target=882, dist=0.77, alpha=-0.03, vx=0.50, yaw_rate=-0.03, dir=1
[INFO] [1784987123.623071904] [waypoint_follower]: nearest=881, target=883, dist=0.72, alpha=-0.03, vx=0.50, yaw_rate=-0.03, dir=1
[INFO] [1784987124.623108565] [waypoint_follower]: nearest=882, target=884, dist=0.81, alpha=-0.03, vx=0.50, yaw_rate=-0.03, dir=1
[INFO] [1784987125.673931173] [waypoint_follower]: nearest=884, target=886, dist=1.25, alpha=-0.01, vx=0.50, yaw_rate=-0.01, dir=1
[INFO] [1784987126.723625216] [waypoint_follower]: nearest=885, target=887, dist=1.24, alpha=-0.01, vx=0.50, yaw_rate=-0.01, dir=1
[INFO] [1784987127.772717492] [waypoint_follower]: nearest=885, target=887, dist=0.76, alpha=-0.03, vx=0.50, yaw_rate=-0.03, dir=1
[INFO] [1784987128.772626412] [waypoint_follower]: nearest=886, target=888, dist=0.74, alpha=-0.02, vx=0.50, yaw_rate=-0.02, dir=1
[INFO] [1784987129.773154508] [waypoint_follower]: nearest=888, target=890, dist=1.16, alpha=0.00, vx=0.50, yaw_rate=0.00, dir=1
[INFO] [1784987130.822795895] [waypoint_follower]: nearest=889, target=891, dist=1.15, alpha=0.02, vx=0.50, yaw_rate=0.02, dir=1
[INFO] [1784987131.822936349] [waypoint_follower]: nearest=890, target=892, dist=1.16, alpha=0.02, vx=0.50, yaw_rate=0.01, dir=1
[INFO] [1784987132.872691116] [waypoint_follower]: nearest=891, target=893, dist=1.23, alpha=-0.01, vx=0.50, yaw_rate=-0.01, dir=1
[INFO] [1784987133.877380483] [waypoint_follower]: nearest=892, target=893, dist=0.80, alpha=-0.05, vx=0.50, yaw_rate=-0.05, dir=1
[INFO] [1784987134.926683781] [waypoint_follower]: nearest=893, target=895, dist=1.26, alpha=0.05, vx=0.50, yaw_rate=0.04, dir=1
[INFO] [1784987135.972605616] [waypoint_follower]: nearest=894, target=896, dist=1.21, alpha=0.05, vx=0.50, yaw_rate=0.04, dir=1
[INFO] [1784987136.973048446] [waypoint_follower]: nearest=895, target=897, dist=1.20, alpha=-0.02, vx=0.50, yaw_rate=-0.02, dir=1
[INFO] [1784987137.972852215] [waypoint_follower]: nearest=895, target=897, dist=0.74, alpha=-0.03, vx=0.50, yaw_rate=-0.02, dir=1
[INFO] [1784987139.022679154] [waypoint_follower]: nearest=897, target=899, dist=1.17, alpha=-0.00, vx=0.50, yaw_rate=-0.00, dir=1
[INFO] [1784987140.022738555] [waypoint_follower]: nearest=898, target=900, dist=1.18, alpha=0.01, vx=0.50, yaw_rate=0.01, dir=1
[INFO] [1784987141.022909848] [waypoint_follower]: nearest=899, target=901, dist=1.19, alpha=0.01, vx=0.50, yaw_rate=0.01, dir=1
[INFO] [1784987142.072947184] [waypoint_follower]: nearest=900, target=902, dist=1.20, alpha=-0.00, vx=0.50, yaw_rate=-0.00, dir=1
[INFO] [1784987143.073064036] [waypoint_follower]: nearest=901, target=903, dist=1.11, alpha=-0.07, vx=0.50, yaw_rate=-0.06, dir=1
[INFO] [1784987144.122796934] [waypoint_follower]: nearest=902, target=904, dist=1.08, alpha=-0.05, vx=0.50, yaw_rate=-0.05, dir=1
[INFO] [1784987145.122792913] [waypoint_follower]: nearest=903, target=905, dist=1.09, alpha=-0.04, vx=0.50, yaw_rate=-0.04, dir=1
[INFO] [1784987146.124653663] [waypoint_follower]: nearest=904, target=906, dist=1.07, alpha=-0.03, vx=0.50, yaw_rate=-0.03, dir=1
[INFO] [1784987147.124326849] [waypoint_follower]: nearest=905, target=907, dist=1.07, alpha=0.02, vx=0.50, yaw_rate=0.01, dir=1
[INFO] [1784987148.172752895] [waypoint_follower]: nearest=906, target=908, dist=1.02, alpha=-0.01, vx=0.50, yaw_rate=-0.01, dir=1
[INFO] [1784987149.222658037] [waypoint_follower]: nearest=907, target=909, dist=1.04, alpha=-0.02, vx=0.50, yaw_rate=-0.02, dir=1
[INFO] [1784987150.223598689] [waypoint_follower]: nearest=908, target=910, dist=0.99, alpha=-0.01, vx=0.50, yaw_rate=-0.01, dir=1
[INFO] [1784987151.273276410] [waypoint_follower]: nearest=909, target=911, dist=0.99, alpha=-0.00, vx=0.50, yaw_rate=-0.00, dir=1
[INFO] [1784987152.322907862] [waypoint_follower]: nearest=910, target=912, dist=0.98, alpha=0.01, vx=0.50, yaw_rate=0.01, dir=1
[INFO] [1784987153.323759473] [waypoint_follower]: nearest=911, target=913, dist=0.93, alpha=0.00, vx=0.50, yaw_rate=0.00, dir=1
[INFO] [1784987154.373316810] [waypoint_follower]: nearest=912, target=914, dist=0.86, alpha=-0.00, vx=0.50, yaw_rate=-0.00, dir=1
[INFO] [1784987155.422742631] [waypoint_follower]: nearest=913, target=915, dist=0.84, alpha=0.01, vx=0.50, yaw_rate=0.01, dir=1
[INFO] [1784987156.423042490] [waypoint_follower]: nearest=914, target=916, dist=0.93, alpha=-0.01, vx=0.50, yaw_rate=-0.01, dir=1
[INFO] [1784987157.472748777] [waypoint_follower]: nearest=915, target=917, dist=0.86, alpha=-0.01, vx=0.50, yaw_rate=-0.01, dir=1
[INFO] [1784987158.476988768] [waypoint_follower]: nearest=916, target=918, dist=0.89, alpha=-0.03, vx=0.50, yaw_rate=-0.03, dir=1
[INFO] [1784987159.522806577] [waypoint_follower]: nearest=917, target=919, dist=0.91, alpha=-0.03, vx=0.50, yaw_rate=-0.02, dir=1
[INFO] [1784987160.529286426] [waypoint_follower]: nearest=918, target=920, dist=0.94, alpha=0.01, vx=0.50, yaw_rate=0.01, dir=1
[INFO] [1784987161.572736128] [waypoint_follower]: nearest=919, target=921, dist=0.84, alpha=-0.01, vx=0.50, yaw_rate=-0.01, dir=1
[INFO] [1784987162.622820436] [waypoint_follower]: nearest=920, target=922, dist=0.83, alpha=-0.03, vx=0.50, yaw_rate=-0.03, dir=1
[INFO] [1784987163.622915596] [waypoint_follower]: nearest=921, target=923, dist=1.05, alpha=-0.01, vx=0.50, yaw_rate=-0.01, dir=1
[INFO] [1784987164.673311919] [waypoint_follower]: nearest=922, target=923, dist=0.52, alpha=-0.07, vx=0.50, yaw_rate=-0.06, dir=1
[INFO] [1784987165.723123902] [waypoint_follower]: nearest=923, target=925, dist=0.98, alpha=0.04, vx=0.50, yaw_rate=0.03, dir=1
[INFO] [1784987166.772727856] [waypoint_follower]: nearest=924, target=926, dist=0.95, alpha=0.00, vx=0.50, yaw_rate=0.00, dir=1
[INFO] [1784987167.822832691] [waypoint_follower]: nearest=925, target=927, dist=0.86, alpha=0.01, vx=0.50, yaw_rate=0.01, dir=1
[INFO] [1784987168.822869437] [waypoint_follower]: nearest=926, target=928, dist=0.92, alpha=-0.03, vx=0.50, yaw_rate=-0.03, dir=1
[INFO] [1784987169.823359693] [waypoint_follower]: nearest=927, target=929, dist=0.99, alpha=0.00, vx=0.50, yaw_rate=0.00, dir=1
[INFO] [1784987170.823696786] [waypoint_follower]: nearest=928, target=930, dist=1.02, alpha=0.01, vx=0.50, yaw_rate=0.01, dir=1
[INFO] [1784987171.873721111] [waypoint_follower]: nearest=929, target=931, dist=0.90, alpha=-0.01, vx=0.50, yaw_rate=-0.01, dir=1
[INFO] [1784987172.923129288] [waypoint_follower]: nearest=930, target=932, dist=0.89, alpha=-0.02, vx=0.50, yaw_rate=-0.02, dir=1
[INFO] [1784987173.972810157] [waypoint_follower]: nearest=931, target=933, dist=0.87, alpha=0.01, vx=0.50, yaw_rate=0.01, dir=1
[INFO] [1784987174.972957386] [waypoint_follower]: nearest=932, target=934, dist=0.82, alpha=-0.00, vx=0.50, yaw_rate=-0.00, dir=1
[INFO] [1784987176.023609547] [waypoint_follower]: nearest=933, target=935, dist=0.82, alpha=-0.02, vx=0.50, yaw_rate=-0.02, dir=1
[INFO] [1784987177.072998345] [waypoint_follower]: nearest=934, target=936, dist=0.83, alpha=-0.01, vx=0.50, yaw_rate=-0.01, dir=1
[INFO] [1784987178.122853366] [waypoint_follower]: nearest=936, target=938, dist=1.16, alpha=-0.01, vx=0.50, yaw_rate=-0.01, dir=1
[INFO] [1784987179.123171838] [waypoint_follower]: nearest=936, target=938, dist=0.74, alpha=-0.02, vx=0.50, yaw_rate=-0.02, dir=1
[INFO] [1784987180.173274772] [waypoint_follower]: nearest=937, target=939, dist=0.71, alpha=-0.03, vx=0.50, yaw_rate=-0.03, dir=1
[INFO] [1784987181.173026734] [waypoint_follower]: nearest=938, target=940, dist=0.75, alpha=-0.01, vx=0.50, yaw_rate=-0.01, dir=1
[INFO] [1784987182.223574439] [waypoint_follower]: nearest=940, target=942, dist=1.12, alpha=0.01, vx=0.50, yaw_rate=0.01, dir=1
[INFO] [1784987183.272779355] [waypoint_follower]: nearest=941, target=943, dist=1.16, alpha=-0.00, vx=0.50, yaw_rate=-0.00, dir=1
[INFO] [1784987184.274423389] [waypoint_follower]: nearest=942, target=944, dist=1.22, alpha=0.00, vx=0.50, yaw_rate=0.00, dir=1
[INFO] [1784987185.322591830] [waypoint_follower]: nearest=942, target=944, dist=0.78, alpha=-0.02, vx=0.50, yaw_rate=-0.02, dir=1
[INFO] [1784987186.328250842] [waypoint_follower]: nearest=944, target=946, dist=1.24, alpha=0.02, vx=0.50, yaw_rate=0.01, dir=1
[INFO] [1784987187.379277563] [waypoint_follower]: nearest=945, target=947, dist=1.16, alpha=-0.02, vx=0.50, yaw_rate=-0.01, dir=1
[INFO] [1784987188.422716935] [waypoint_follower]: nearest=946, target=948, dist=1.16, alpha=0.02, vx=0.50, yaw_rate=0.02, dir=1
[INFO] [1784987189.422877281] [waypoint_follower]: nearest=947, target=949, dist=1.16, alpha=-0.00, vx=0.50, yaw_rate=-0.00, dir=1
[INFO] [1784987190.473961411] [waypoint_follower]: nearest=948, target=950, dist=1.12, alpha=-0.01, vx=0.50, yaw_rate=-0.01, dir=1
[INFO] [1784987191.473072052] [waypoint_follower]: nearest=949, target=951, dist=1.10, alpha=0.01, vx=0.50, yaw_rate=0.01, dir=1
[INFO] [1784987192.522857406] [waypoint_follower]: nearest=950, target=952, dist=1.03, alpha=0.01, vx=0.50, yaw_rate=0.01, dir=1
[INFO] [1784987193.523599144] [waypoint_follower]: nearest=951, target=953, dist=1.06, alpha=-0.01, vx=0.50, yaw_rate=-0.01, dir=1
[INFO] [1784987194.572875717] [waypoint_follower]: nearest=952, target=954, dist=1.01, alpha=-0.01, vx=0.50, yaw_rate=-0.01, dir=1
[INFO] [1784987195.573016666] [waypoint_follower]: nearest=953, target=955, dist=1.04, alpha=-0.01, vx=0.50, yaw_rate=-0.01, dir=1
[INFO] [1784987196.623003215] [waypoint_follower]: nearest=954, target=956, dist=0.99, alpha=-0.03, vx=0.50, yaw_rate=-0.03, dir=1
[INFO] [1784987197.624410243] [waypoint_follower]: nearest=955, target=957, dist=1.01, alpha=-0.06, vx=0.50, yaw_rate=-0.06, dir=1
[INFO] [1784987198.672935743] [waypoint_follower]: nearest=956, target=958, dist=0.96, alpha=-0.04, vx=0.50, yaw_rate=-0.04, dir=1
[INFO] [1784987199.673396997] [waypoint_follower]: nearest=957, target=959, dist=0.93, alpha=0.02, vx=0.50, yaw_rate=0.02, dir=1
[INFO] [1784987200.723011502] [waypoint_follower]: nearest=958, target=960, dist=0.88, alpha=-0.06, vx=0.50, yaw_rate=-0.06, dir=1
[INFO] [1784987201.772706058] [waypoint_follower]: nearest=959, target=961, dist=0.85, alpha=-0.00, vx=0.50, yaw_rate=-0.00, dir=1
[INFO] [1784987202.772995838] [waypoint_follower]: nearest=960, target=962, dist=0.86, alpha=-0.02, vx=0.50, yaw_rate=-0.01, dir=1
[INFO] [1784987203.822952025] [waypoint_follower]: nearest=961, target=963, dist=0.79, alpha=-0.01, vx=0.50, yaw_rate=-0.01, dir=1
[INFO] [1784987204.822718673] [waypoint_follower]: nearest=962, target=964, dist=0.78, alpha=-0.02, vx=0.50, yaw_rate=-0.02, dir=1
[INFO] [1784987205.822719917] [waypoint_follower]: nearest=963, target=965, dist=0.75, alpha=-0.01, vx=0.50, yaw_rate=-0.01, dir=1
[INFO] [1784987206.822895120] [waypoint_follower]: nearest=964, target=966, dist=0.75, alpha=-0.03, vx=0.50, yaw_rate=-0.03, dir=1
[INFO] [1784987207.823025596] [waypoint_follower]: nearest=965, target=967, dist=0.73, alpha=-0.00, vx=0.50, yaw_rate=-0.00, dir=1
[INFO] [1784987208.824051422] [waypoint_follower]: nearest=966, target=968, dist=0.71, alpha=-0.03, vx=0.50, yaw_rate=-0.02, dir=1
[INFO] [1784987209.872692018] [waypoint_follower]: nearest=967, target=969, dist=0.73, alpha=-0.03, vx=0.50, yaw_rate=-0.03, dir=1
[INFO] [1784987210.922606910] [waypoint_follower]: nearest=969, target=971, dist=1.08, alpha=0.01, vx=0.50, yaw_rate=0.01, dir=1
[INFO] [1784987211.923267373] [waypoint_follower]: nearest=970, target=972, dist=1.11, alpha=0.00, vx=0.50, yaw_rate=0.00, dir=1
[INFO] [1784987212.973546097] [waypoint_follower]: nearest=971, target=973, dist=1.05, alpha=-0.02, vx=0.50, yaw_rate=-0.02, dir=1
[INFO] [1784987214.022738752] [waypoint_follower]: nearest=972, target=974, dist=0.99, alpha=0.02, vx=0.50, yaw_rate=0.02, dir=1
[INFO] [1784987215.022824061] [waypoint_follower]: nearest=973, target=975, dist=1.02, alpha=-0.09, vx=0.50, yaw_rate=-0.08, dir=1
[INFO] [1784987216.023691826] [waypoint_follower]: nearest=974, target=976, dist=1.11, alpha=-0.11, vx=0.50, yaw_rate=-0.10, dir=1
[INFO] [1784987217.073169930] [waypoint_follower]: nearest=975, target=977, dist=1.04, alpha=-0.09, vx=0.50, yaw_rate=-0.08, dir=1
[INFO] [1784987218.072770092] [waypoint_follower]: nearest=976, target=978, dist=0.97, alpha=-0.04, vx=0.50, yaw_rate=-0.04, dir=1
[INFO] [1784987219.072950409] [waypoint_follower]: nearest=977, target=979, dist=1.01, alpha=0.00, vx=0.50, yaw_rate=0.00, dir=1
[INFO] [1784987220.123229466] [waypoint_follower]: nearest=978, target=980, dist=0.97, alpha=0.01, vx=0.50, yaw_rate=0.01, dir=1
[INFO] [1784987221.172877160] [waypoint_follower]: nearest=979, target=981, dist=0.90, alpha=0.01, vx=0.50, yaw_rate=0.01, dir=1
[INFO] [1784987222.222815073] [waypoint_follower]: nearest=980, target=982, dist=0.88, alpha=-0.01, vx=0.50, yaw_rate=-0.01, dir=1
[INFO] [1784987223.223596988] [waypoint_follower]: nearest=981, target=983, dist=0.87, alpha=-0.02, vx=0.50, yaw_rate=-0.02, dir=1
[INFO] [1784987224.272887613] [waypoint_follower]: nearest=982, target=984, dist=0.85, alpha=-0.13, vx=0.50, yaw_rate=-0.11, dir=1
[INFO] [1784987225.323263321] [waypoint_follower]: nearest=983, target=985, dist=0.80, alpha=-0.14, vx=0.50, yaw_rate=-0.12, dir=1
[INFO] [1784987226.372757141] [waypoint_follower]: nearest=984, target=986, dist=0.83, alpha=-0.09, vx=0.50, yaw_rate=-0.08, dir=1
[INFO] [1784987227.375977990] [waypoint_follower]: nearest=985, target=987, dist=0.77, alpha=-0.09, vx=0.50, yaw_rate=-0.08, dir=1
[INFO] [1784987228.422819888] [waypoint_follower]: nearest=987, target=989, dist=1.14, alpha=0.03, vx=0.50, yaw_rate=0.02, dir=1
[INFO] [1784987229.473134821] [waypoint_follower]: nearest=988, target=990, dist=1.14, alpha=0.01, vx=0.50, yaw_rate=0.00, dir=1
[INFO] [1784987230.473047855] [waypoint_follower]: nearest=989, target=991, dist=1.13, alpha=-0.01, vx=0.50, yaw_rate=-0.01, dir=1
[INFO] [1784987231.523151552] [waypoint_follower]: nearest=990, target=992, dist=1.10, alpha=-0.02, vx=0.50, yaw_rate=-0.02, dir=1
[INFO] [1784987232.523131670] [waypoint_follower]: nearest=991, target=993, dist=1.17, alpha=-0.04, vx=0.50, yaw_rate=-0.04, dir=1
[INFO] [1784987233.523190959] [waypoint_follower]: nearest=992, target=994, dist=1.16, alpha=-0.13, vx=0.50, yaw_rate=-0.12, dir=1
[INFO] [1784987234.572966759] [waypoint_follower]: nearest=993, target=995, dist=1.14, alpha=-0.16, vx=0.50, yaw_rate=-0.14, dir=1
[INFO] [1784987235.575836792] [waypoint_follower]: nearest=994, target=996, dist=1.11, alpha=-0.08, vx=0.50, yaw_rate=-0.07, dir=1
[INFO] [1784987236.622983831] [waypoint_follower]: nearest=995, target=997, dist=1.06, alpha=-0.05, vx=0.50, yaw_rate=-0.05, dir=1
[INFO] [1784987237.672516343] [waypoint_follower]: nearest=996, target=998, dist=1.00, alpha=-0.16, vx=0.50, yaw_rate=-0.14, dir=1
[INFO] [1784987238.672490482] [waypoint_follower]: nearest=997, target=999, dist=0.97, alpha=-0.21, vx=0.50, yaw_rate=-0.19, dir=1
[INFO] [1784987239.672929895] [waypoint_follower]: nearest=998, target=1000, dist=0.91, alpha=-0.21, vx=0.50, yaw_rate=-0.19, dir=1
[INFO] [1784987240.724634011] [waypoint_follower]: nearest=999, target=1001, dist=0.95, alpha=-0.14, vx=0.50, yaw_rate=-0.13, dir=1
[INFO] [1784987241.722610279] [waypoint_follower]: nearest=1000, target=1002, dist=0.87, alpha=-0.06, vx=0.50, yaw_rate=-0.05, dir=1
[INFO] [1784987242.722798157] [waypoint_follower]: nearest=1001, target=1003, dist=0.86, alpha=-0.04, vx=0.50, yaw_rate=-0.04, dir=1
[INFO] [1784987243.724160737] [waypoint_follower]: nearest=1002, target=1004, dist=0.83, alpha=-0.01, vx=0.50, yaw_rate=-0.01, dir=1
[INFO] [1784987244.772738959] [waypoint_follower]: nearest=1003, target=1005, dist=0.78, alpha=-0.02, vx=0.50, yaw_rate=-0.02, dir=1
[INFO] [1784987245.773623187] [waypoint_follower]: nearest=1004, target=1006, dist=0.80, alpha=-0.02, vx=0.50, yaw_rate=-0.02, dir=1
[INFO] [1784987246.823386046] [waypoint_follower]: nearest=1005, target=1007, dist=0.74, alpha=0.01, vx=0.50, yaw_rate=0.01, dir=1
[INFO] [1784987247.873095348] [waypoint_follower]: nearest=1006, target=1008, dist=0.72, alpha=-0.03, vx=0.50, yaw_rate=-0.02, dir=1
[INFO] [1784987248.922761495] [waypoint_follower]: nearest=1008, target=1010, dist=1.16, alpha=0.01, vx=0.50, yaw_rate=0.00, dir=1
[INFO] [1784987249.922786238] [waypoint_follower]: nearest=1009, target=1011, dist=1.16, alpha=-0.01, vx=0.50, yaw_rate=-0.01, dir=1
[INFO] [1784987250.972753611] [waypoint_follower]: nearest=1010, target=1012, dist=1.11, alpha=-0.01, vx=0.50, yaw_rate=-0.01, dir=1
[INFO] [1784987251.972753624] [waypoint_follower]: nearest=1011, target=1013, dist=1.07, alpha=0.02, vx=0.50, yaw_rate=0.02, dir=1
[INFO] [1784987253.022644408] [waypoint_follower]: nearest=1012, target=1014, dist=1.05, alpha=-0.02, vx=0.50, yaw_rate=-0.02, dir=1
[INFO] [1784987254.023002565] [waypoint_follower]: nearest=1012, target=1014, dist=0.78, alpha=-0.07, vx=0.50, yaw_rate=-0.07, dir=1
[INFO] [1784987255.023185045] [waypoint_follower]: nearest=1012, target=1014, dist=0.79, alpha=-0.06, vx=0.50, yaw_rate=-0.05, dir=1
[WARN] [1784987255.873167858] [waypoint_follower]: stuck recovery: nearest_index 1012 -> 1012
[INFO] [1784987256.022766926] [waypoint_follower]: nearest=1012, target=1014, dist=0.78, alpha=-0.04, vx=0.50, yaw_rate=-0.04, dir=1
[INFO] [1784987257.024399526] [waypoint_follower]: nearest=1012, target=1014, dist=0.78, alpha=-0.08, vx=0.50, yaw_rate=-0.07, dir=1
[INFO] [1784987258.072720926] [waypoint_follower]: nearest=1012, target=1014, dist=0.78, alpha=-0.05, vx=0.50, yaw_rate=-0.04, dir=1
[WARN] [1784987258.874875456] [waypoint_follower]: stuck recovery: nearest_index 1012 -> 1012
[INFO] [1784987259.072827857] [waypoint_follower]: nearest=1012, target=1014, dist=0.79, alpha=-0.07, vx=0.50, yaw_rate=-0.07, dir=1
[INFO] [1784987260.072779591] [waypoint_follower]: nearest=1012, target=1014, dist=0.78, alpha=-0.06, vx=0.50, yaw_rate=-0.06, dir=1
[INFO] [1784987261.122922865] [waypoint_follower]: nearest=1012, target=1014, dist=0.79, alpha=-0.05, vx=0.50, yaw_rate=-0.05, dir=1
[WARN] [1784987261.925185686] [waypoint_follower]: stuck recovery: nearest_index 1012 -> 1012
[INFO] [1784987262.122817385] [waypoint_follower]: nearest=1012, target=1014, dist=0.78, alpha=-0.06, vx=0.50, yaw_rate=-0.05, dir=1
[INFO] [1784987263.123062523] [waypoint_follower]: nearest=1012, target=1014, dist=0.79, alpha=-0.05, vx=0.50, yaw_rate=-0.04, dir=1
bash: line 1: 355087 Killed                  python3 -u /home/unitree/go2_fastlio_ws/scripts/waypoint_follower_go2_2_trace.py --ros-args -p route_file:=/home/unitree/go2_fastlio_ws/patrol_logs/runs/20260725/xunjian-20260725-17/route_horizontal.csv -p v_base:=0.500 -p max_vx:=0.500 -p k_yaw:=0.900 -p max_yaw_rate:=0.450 -p lookahead_distance:=0.600 -p reach_distance:=0.400 -p goal_distance:=0.250 -p loop_mode:=pingpong -p search_window:=6 -p turn_in_place_angle:=1.000 -p slow_down_angle:=0.500 -p stuck_time:=3.000 -p relocalize_distance:=1.500 -p trace_file:=/home/unitree/go2_fastlio_ws/patrol_logs/runs/20260725/xunjian-20260725-17/follower_control_trace.jsonl -p motion_enable_file:=/home/unitree/go2_fastlio_ws/patrol_logs/runs/20260725/xunjian-20260725-17/.motion_enabled -p use_body_yaw_alignment:=false -p body_yaw_topic:=/lf/sportmodestate -p body_yaw_alignment_samples:=10 -p body_yaw_alignment_max_spread_deg:=2.000 -p body_yaw_max_age:=0.250 -p use_horizontal_frame:=true -p horizontal_frame_metadata:=/home/unitree/go2_fastlio_ws/patrol_logs/runs/20260725/xunjian-20260725-17/route_horizontal.json -p horizontal_imu_topic:=/livox/imu -p horizontal_frame_samples:=15 -p horizontal_frame_max_spread_deg:=1.500 -p horizontal_frame_max_source_disagreement_deg:=3.000 -p horizontal_frame_max_gyro:=0.080 -p horizontal_imu_max_age:=0.250
